Accident_Index,Vehicle_Reference,Vehicle_Type,Towing_and_Articulation,Vehicle_Manoeuvre,Vehicle_Location-Restricted_Lane,Junction_Location,Skidding_and_Overturning,Hit_Object_in_Carriageway,Vehicle_Leaving_Carriageway,Hit_Object_off_Carriageway,1st_Point_of_Impact,Was_Vehicle_Left_Hand_Drive?,Journey_Purpose_of_Driver,Sex_of_Driver,Age_of_Driver,Age_Band_of_Driver,Engine_Capacity_(CC),Propulsion_Code,Age_of_Vehicle,Driver_IMD_Decile,Driver_Home_Area_Type,Vehicle_IMD_Decile
201506G001942,1,8,0,1,0,1,0,0,0,0,2,1,1,1,30,6,1497,8,7,-1,-1,-1
201506G002114,1,9,0,9,0,5,0,0,0,0,1,1,2,1,18,4,998,1,13,-1,1,-1
201506G002114,2,3,0,18,0,8,0,0,1,0,1,1,6,1,24,5,124,1,4,-1,-1,-1
201506G002170,1,9,0,16,0,0,0,0,1,10,1,1,6,1,52,8,1149,1,11,-1,1,-1
201506G002275,1,9,0,9,0,1,0,0,0,0,4,1,2,1,42,7,1999,1,12,-1,1,-1
201506G002275,2,5,0,18,0,1,0,0,0,0,1,1,2,1,32,6,599,1,11,-1,1,-1
201506G002277,1,3,0,4,0,1,0,0,0,0,1,1,2,1,31,6,124,1,2,-1,1,-1
201506G002277,2,9,0,4,0,1,0,0,0,0,2,1,2,2,23,5,-1,-1,-1,-1,1,-1
201506G002278,1,9,0,18,0,2,0,0,0,0,1,1,6,1,21,5,1197,1,2,-1,1,-1
201506G002284,1,9,0,18,0,8,0,0,0,0,1,1,6,1,30,6,1198,1,7,-1,-1,-1
201506G002284,2,19,0,18,0,8,0,0,0,0,3,1,1,1,38,7,1997,2,12,-1,1,-1
201506G002284,3,19,0,18,0,8,0,0,0,0,4,1,1,1,43,7,1998,2,10,-1,1,-1
201506G002293,1,9,0,18,0,1,0,0,0,0,1,1,6,1,33,6,1598,1,11,-1,1,-1
201506G002293,2,9,0,3,0,1,0,0,0,0,2,1,6,1,23,5,1995,2,8,-1,3,-1
201506G002293,3,9,0,3,0,1,0,0,0,0,2,1,6,1,40,7,2496,1,13,-1,1,-1
201506G002293,4,9,0,3,0,1,0,0,0,0,2,1,6,1,31,6,1360,1,9,-1,1,-1
201506G002306,1,9,0,18,0,4,1,0,1,2,1,1,6,1,75,10,1242,1,17,-1,1,-1
201506G002334,1,19,0,18,0,8,0,0,0,0,1,1,2,1,44,7,1560,2,1,-1,1,-1
201506G002334,2,19,0,18,0,8,0,0,0,0,3,1,3,2,30,6,-1,-1,-1,-1,1,-1
201506G002346,1,9,0,9,0,5,0,0,0,0,3,1,6,1,23,5,1229,1,6,-1,1,-1
201506G002346,2,5,0,13,0,8,0,0,0,0,1,1,6,1,53,8,689,1,-1,-1,2,-1
201506G002394,1,9,0,6,0,1,0,0,0,0,3,1,6,1,37,7,1984,1,13,-1,1,-1
201506G002394,2,3,0,18,0,1,0,0,0,0,4,1,6,1,21,5,-1,-1,-1,-1,1,-1
201506G002554,1,1,0,9,0,1,0,0,0,0,4,1,1,1,21,5,-1,-1,-1,-1,1,-1
201506G002554,2,9,0,18,0,1,0,0,0,0,1,1,6,1,28,6,-1,-1,-1,-1,1,-1
201506G002624,1,9,0,9,0,1,0,0,0,0,4,1,6,2,30,6,1461,2,-1,-1,1,-1
201506G002624,2,1,0,18,0,1,0,0,0,0,1,1,6,1,50,8,-1,-1,-1,-1,1,-1
201506G002661,1,9,0,18,0,0,0,0,0,0,1,1,4,1,76,11,-1,-1,-1,-1,1,-1
201506G002683,1,9,0,9,0,5,0,0,0,0,1,1,6,1,19,4,973,1,14,-1,1,-1
201506G002683,2,9,0,18,0,8,0,0,0,0,1,1,6,1,48,8,1896,2,8,-1,3,-1
201506G002683,3,9,0,10,0,6,0,0,0,0,1,1,6,1,47,8,1591,1,3,-1,1,-1
201506G002715,1,1,0,9,0,8,0,0,0,0,1,1,6,1,17,4,-1,-1,-1,-1,1,-1
201506G002715,2,9,0,18,0,8,0,0,0,0,1,1,6,1,39,7,1895,1,15,-1,-1,-1
201506G002767,1,3,0,17,0,1,1,0,1,10,1,1,6,1,22,5,124,1,3,-1,1,-1
201506G002767,2,9,0,10,0,1,0,0,0,0,0,1,6,1,20,4,998,1,6,-1,1,-1
201506G002897,1,9,0,5,0,0,0,0,0,0,4,1,6,1,34,6,1796,1,11,-1,1,-1
201506G002956,1,5,0,13,0,8,0,0,0,0,4,1,2,1,64,9,1470,1,12,-1,1,-1
201506G002956,2,9,0,9,0,5,0,0,0,0,1,1,2,1,40,7,2487,2,15,-1,1,-1
201506G003080,1,9,0,6,0,1,0,0,0,0,1,1,6,1,32,6,2183,2,4,-1,1,-1
201506G003080,2,5,0,18,0,1,0,0,0,0,3,1,6,1,62,9,798,1,3,-1,1,-1
201506G003088,1,9,0,18,0,2,0,0,0,0,1,1,1,1,33,6,1796,1,11,-1,-1,-1
201506G003088,2,21,0,18,0,1,0,0,0,0,1,1,1,1,51,8,-1,-1,-1,-1,1,-1
201506G003096,1,9,0,7,0,8,0,0,0,0,1,1,6,2,33,6,1998,1,12,-1,1,-1
201506G003096,2,9,0,18,0,8,0,0,0,0,4,1,6,1,80,11,1388,1,12,-1,1,-1
201506G003097,1,9,0,18,0,8,0,0,0,0,1,1,6,1,30,6,1798,1,4,-1,-1,-1
201506G003097,2,8,0,9,0,8,0,0,0,0,2,1,2,1,50,8,2664,2,14,-1,1,-1
201506G003108,1,9,0,18,0,8,0,0,1,1,3,1,6,1,24,5,1229,1,5,-1,1,-1
201506G003108,2,18,2,18,1,8,0,0,0,0,1,1,6,1,34,6,-1,-1,-1,-1,-1,-1
201506G003116,1,19,0,18,0,8,0,0,0,0,1,1,6,1,64,9,1461,2,4,-1,1,-1
201506G003116,2,9,0,18,0,8,0,0,0,0,3,1,1,1,43,7,-1,-1,-1,-1,1,-1
201506G003116,3,9,0,18,0,8,0,0,0,0,1,1,6,1,24,5,-1,-1,-1,-1,1,-1
201506G003125,1,3,0,13,0,8,2,0,7,10,1,1,6,1,20,4,124,1,3,-1,1,-1
201506G003125,2,9,0,9,0,8,0,0,0,0,3,1,6,1,43,7,1896,2,7,-1,1,-1
201506G003215,1,9,0,18,0,8,0,0,0,0,1,1,6,2,38,7,1598,1,7,-1,1,-1
201506G003215,2,9,0,3,0,8,0,0,0,0,2,1,6,2,26,6,1598,2,-1,-1,1,-1
201506G003215,3,9,0,10,0,8,0,0,0,0,2,1,6,2,53,8,2987,2,2,-1,1,-1
201506G003533,1,9,0,18,0,1,0,0,0,0,1,1,6,3,-1,-1,-1,-1,-1,-1,-1,-1
201506G003535,1,9,0,8,0,6,0,0,0,0,1,1,2,2,47,8,2987,2,2,-1,1,-1
201506G003535,2,1,0,16,0,8,0,0,0,0,4,1,2,1,47,8,-1,-1,-1,-1,1,-1
201506G003575,1,9,0,16,0,8,1,0,0,0,1,1,2,2,34,6,998,1,13,-1,-1,-1
201506G003575,2,9,0,17,0,8,0,0,0,0,3,1,1,1,36,7,1598,1,14,-1,1,-1
201506G003583,1,9,0,18,0,8,1,0,0,0,1,1,6,1,71,10,2149,2,8,-1,-1,-1
201506G003583,2,9,0,10,0,8,0,0,0,0,2,1,6,1,43,7,2494,1,11,-1,1,-1
201506G003616,1,9,0,9,0,8,0,0,0,0,4,1,1,1,20,4,1968,2,4,-1,1,-1
201506G003616,2,9,0,18,0,8,0,0,0,0,1,1,1,2,40,7,1598,1,6,-1,1,-1
201506G003630,1,9,4,9,0,8,0,0,0,0,4,1,6,1,30,6,1796,1,14,-1,1,-1
201506G003630,2,9,0,18,0,8,0,0,0,0,1,1,3,1,43,7,1686,2,6,-1,1,-1
201506G003632,1,3,0,18,0,8,0,0,0,0,1,1,6,1,20,4,124,1,3,-1,1,-1
201506G003632,2,90,0,18,0,8,0,0,0,0,3,1,1,1,35,6,2999,2,5,-1,-1,-1
201506G003704,1,9,0,9,0,8,0,0,0,0,1,1,6,2,43,7,1242,1,5,-1,1,-1
201506G003704,2,9,0,18,0,8,0,0,0,0,1,1,6,1,21,5,1339,1,11,-1,1,-1
201506G003769,1,9,0,9,0,6,0,0,0,0,1,1,6,1,28,6,998,1,13,-1,1,-1
201506G003769,2,3,0,18,0,8,0,0,0,0,4,1,6,1,18,4,-1,-1,-1,-1,1,-1
201506G003770,1,9,0,9,0,5,0,0,0,0,3,1,6,1,78,11,1498,1,7,-1,1,-1
201506G003814,1,9,0,9,0,8,0,0,0,7,4,1,2,1,22,5,1870,2,10,-1,1,-1
201506G003814,2,9,0,18,0,8,1,0,0,0,1,1,6,1,53,8,2499,2,11,-1,-1,-1
201506G003816,1,9,0,18,0,2,1,0,0,0,1,1,6,2,37,7,1242,1,3,-1,1,-1
201506G003816,2,9,0,18,0,2,0,0,0,0,2,1,2,2,43,7,1590,1,16,-1,1,-1
201506G003816,3,9,0,18,0,2,0,0,0,0,0,1,6,2,30,6,-1,-1,-1,-1,-1,-1
201506G003844,1,9,0,9,0,6,1,0,0,0,1,1,6,2,24,5,1999,1,7,-1,1,-1
201506G003844,2,9,0,9,0,5,1,0,0,0,3,1,6,1,25,5,1753,2,6,-1,1,-1
201506G003858,1,9,0,18,0,0,0,0,0,0,1,1,6,3,-1,-1,-1,-1,-1,-1,-1,-1
201506G003858,2,9,0,18,0,0,0,0,0,0,1,1,6,1,23,5,1910,2,8,-1,1,-1
201506G003866,1,9,0,18,0,8,0,0,0,0,4,1,6,2,35,6,1388,1,13,-1,1,-1
201506G003866,2,9,0,18,0,8,0,0,1,0,1,1,6,1,42,7,1560,2,7,-1,1,-1
201506G003866,3,9,0,3,0,8,0,0,0,0,3,1,6,1,59,9,1700,2,14,-1,1,-1
201506G003924,1,9,0,9,0,8,0,0,1,10,1,1,6,2,27,6,1000,1,2,-1,-1,-1
201506G003924,2,9,0,2,0,2,0,0,0,0,0,1,6,1,51,8,999,1,6,-1,-1,-1
201506G003965,1,19,0,9,0,8,0,0,0,0,1,1,6,1,59,9,1868,2,9,-1,1,-1
201506G003965,2,9,0,18,0,8,0,0,0,0,1,1,6,1,33,6,1560,2,2,-1,1,-1
201506G004050,1,9,0,7,0,8,0,0,0,0,1,1,6,2,46,8,1398,2,11,-1,1,-1
201506G004217,1,9,0,18,0,0,0,0,0,0,1,1,2,2,48,8,1242,1,2,-1,1,-1
201506G004287,1,1,0,7,0,6,0,0,0,0,1,1,6,1,22,5,-1,-1,-1,-1,1,-1
201506G004287,2,9,0,18,0,1,0,0,0,0,1,1,6,2,26,6,998,1,7,-1,1,-1
201506G004371,1,9,0,16,0,0,0,0,0,10,1,1,6,1,21,5,1753,2,9,-1,1,-1
201506G004371,2,9,0,2,9,0,0,0,0,0,2,1,6,1,34,6,1896,2,10,-1,1,-1
201506G004383,1,9,0,9,0,6,0,0,0,0,1,1,6,1,33,6,1984,1,-1,-1,1,-1
201506G004383,2,9,0,18,0,8,0,0,0,0,4,1,1,1,24,5,1598,1,8,-1,2,-1
201506G004449,1,3,0,13,0,8,2,0,0,0,1,1,6,1,17,4,-1,-1,-1,-1,1,-1
201506G004449,2,9,0,9,0,8,0,0,0,0,1,1,6,1,25,5,1349,1,11,-1,1,-1
201506G004468,1,8,0,18,0,0,0,0,0,0,4,1,1,1,44,7,1797,8,4,-1,1,-1
201506G004553,1,9,0,18,0,0,0,0,0,0,1,1,6,1,27,6,1398,2,8,-1,1,-1
201506G004553,2,8,0,18,0,0,0,0,0,0,1,1,1,1,36,7,1896,2,5,-1,1,-1
201506G004611,1,9,0,9,0,8,0,0,0,0,1,1,6,1,19,4,1299,1,10,-1,1,-1
201506G004611,2,9,0,18,0,8,0,0,0,0,1,1,6,1,60,9,1598,1,12,-1,-1,-1
201506G004654,1,9,0,18,0,8,0,0,0,0,1,1,6,2,77,11,998,1,17,-1,3,-1
201506G004654,2,9,0,3,0,8,0,0,0,0,2,1,6,1,67,10,2926,2,12,-1,1,-1
201506G004710,1,3,0,18,0,8,0,0,0,0,4,1,6,1,25,5,124,1,12,-1,1,-1
201506G004710,2,9,0,5,0,6,0,0,3,10,1,1,2,2,43,7,1598,1,11,-1,1,-1
201506G004716,1,9,0,18,0,1,0,0,0,0,1,1,6,2,33,6,1598,1,9,-1,1,-1
201506G004716,2,9,0,18,0,1,0,0,0,0,2,1,6,2,42,7,1596,1,11,-1,1,-1
201506G004736,1,9,0,18,0,8,0,0,0,0,4,1,6,1,30,6,-1,-1,-1,-1,-1,-1
201506G004775,1,3,0,13,0,8,0,0,0,0,1,1,2,1,22,5,124,1,3,-1,1,-1
201506G004775,2,9,0,9,0,5,0,0,0,0,3,1,3,2,31,6,1598,1,6,-1,1,-1
201506G004860,1,9,0,9,0,8,1,0,0,0,4,1,6,1,68,10,1587,1,6,-1,1,-1
201506G004860,2,9,0,18,0,8,1,0,0,0,1,1,1,2,43,7,1598,1,10,-1,1,-1
201506G004860,3,9,0,10,0,8,0,0,0,0,3,1,1,1,75,10,-1,-1,-1,-1,1,-1
201506G004863,1,19,0,9,0,2,0,0,0,0,1,1,6,1,30,6,-1,-1,-1,-1,-1,-1
201506G004863,2,1,0,18,0,1,0,0,1,0,1,1,2,1,19,4,-1,-1,-1,-1,1,-1
201506G004957,1,9,0,18,0,0,0,0,0,0,4,1,1,2,27,6,1397,1,12,-1,1,-1
201506G005005,1,9,0,18,0,1,1,10,7,4,4,1,6,1,26,6,1797,1,16,-1,1,-1
201506G005005,2,9,0,10,0,1,0,10,7,0,1,1,6,1,21,5,1242,1,4,-1,1,-1
201506G005005,3,9,0,10,0,1,0,0,0,0,2,1,6,2,40,7,1461,2,4,-1,1,-1
201506G005005,4,9,0,10,0,1,0,0,0,0,2,1,6,2,49,8,1390,1,8,-1,1,-1
201506G005005,5,9,0,10,0,1,0,0,0,0,2,1,6,2,45,7,1598,1,5,-1,1,-1
201506G005122,1,3,0,15,0,0,0,0,0,0,1,1,6,1,18,4,125,1,8,-1,1,-1
201506G005122,2,9,0,18,0,0,0,0,0,0,1,1,6,1,68,10,1390,1,9,-1,1,-1
201506G005168,1,1,0,18,0,8,0,0,0,0,1,1,6,1,29,6,-1,-1,-1,-1,1,-1
201506G005168,2,9,0,9,0,6,0,0,0,0,3,1,6,2,42,7,1461,2,5,-1,1,-1
201506G005203,1,9,0,18,0,0,0,0,0,0,1,1,6,1,28,6,1781,1,13,-1,1,-1
201506G005203,2,8,0,6,0,0,0,0,1,0,3,1,1,1,67,10,1997,2,1,-1,-1,-1
201506G005368,1,9,0,4,0,1,0,0,0,0,1,1,6,2,30,6,-1,-1,-1,-1,-1,-1
201506G005368,2,9,0,3,0,1,0,0,0,0,2,1,6,2,36,7,1598,1,5,-1,1,-1
201506G005505,1,90,0,18,0,8,1,0,7,1,1,1,1,1,35,6,2999,2,4,-1,1,-1
201506G005505,2,9,0,9,0,8,0,0,0,0,3,1,6,1,31,6,1399,2,8,-1,1,-1
201506G005558,1,9,0,9,0,8,0,0,0,0,1,1,2,2,43,7,1598,1,5,-1,1,-1
201506G005558,2,9,0,18,0,8,0,0,0,0,1,1,2,2,38,7,1910,2,5,-1,1,-1
201506G005701,1,9,0,3,0,8,0,0,0,0,1,1,6,2,30,6,1229,1,5,-1,3,-1
201506G005701,2,9,0,9,0,6,0,0,0,0,3,1,6,2,30,6,998,1,1,-1,1,-1
201506G005960,1,9,0,9,0,8,0,0,0,0,1,1,6,1,31,6,1242,1,11,-1,1,-1
201506G005960,2,9,0,18,0,8,1,0,0,0,1,1,6,1,25,5,1968,2,11,-1,1,-1
201506G006015,1,90,0,18,0,1,0,0,0,0,0,1,6,3,-1,-1,-1,-1,-1,-1,-1,-1
201506G006015,2,9,0,18,0,1,0,0,0,0,1,1,6,2,44,7,1598,1,6,-1,1,-1
201506G006015,3,9,0,2,0,1,0,0,0,0,3,1,6,1,47,8,2231,2,7,-1,1,-1
201506G006084,1,9,0,7,0,8,0,0,0,0,3,1,6,1,53,8,1994,2,12,-1,1,-1
201506G006084,2,9,0,18,0,8,0,0,0,0,1,1,6,1,22,5,1896,2,14,-1,1,-1
201506G006114,1,9,0,6,0,8,0,0,0,0,1,1,6,1,30,6,1497,1,14,-1,1,-1
201506G006114,2,4,0,18,0,8,0,0,0,0,1,1,6,1,22,5,644,1,10,-1,1,-1
201506G006186,1,9,0,14,0,1,0,0,0,0,1,1,2,1,40,7,1560,2,3,-1,1,-1
201506G006193,1,1,0,18,0,8,0,0,0,0,4,1,6,1,11,3,-1,-1,-1,-1,1,-1
201506G006193,2,9,0,18,0,8,0,0,0,0,1,1,6,1,71,10,2435,1,16,-1,1,-1
201506G006212,1,9,0,18,0,0,0,0,0,0,4,1,6,2,80,11,1598,2,-1,-1,1,-1
201506G006303,1,9,0,18,0,0,0,0,0,0,1,1,6,3,-1,-1,-1,-1,-1,-1,-1,-1
201506G006324,1,9,0,18,0,8,0,0,0,0,1,1,6,1,19,4,1328,1,5,-1,1,-1
201506G006324,2,9,0,18,0,8,0,0,0,0,1,1,6,1,51,8,1398,1,8,-1,1,-1
201506G006464,1,5,0,14,0,0,0,0,0,0,1,1,6,1,23,5,899,1,16,-1,1,-1
201506G006464,2,9,0,10,0,0,0,0,0,0,2,1,6,1,80,11,1998,1,10,-1,1,-1
201506G006464,3,9,0,2,9,0,0,4,0,0,0,1,6,1,40,7,1686,2,9,-1,1,-1
201506G006563,1,9,0,2,0,8,0,0,0,0,2,1,6,1,23,5,2204,2,8,-1,1,-1
201506G006563,2,9,0,7,0,8,0,0,0,0,4,1,6,3,-1,-1,1198,1,12,-1,-1,-1
201506G006575,1,5,0,18,0,8,0,0,7,10,4,1,6,1,22,5,-1,-1,-1,-1,1,-1
201506G006575,2,9,0,9,0,8,0,0,0,0,3,1,1,1,65,9,1560,2,5,-1,1,-1
201506G006589,1,9,0,9,0,8,0,0,0,0,1,1,3,2,31,6,1596,1,-1,-1,1,-1
201506G006589,2,3,0,18,0,8,0,0,0,0,4,1,2,1,24,5,125,1,-1,-1,1,-1
201506G006592,1,21,1,18,0,1,0,0,0,0,1,1,1,1,37,7,12419,2,1,-1,1,-1
201506G006638,1,9,0,14,0,0,0,0,0,0,1,1,6,2,50,8,1386,1,8,-1,1,-1
201506G006643,1,9,0,18,0,2,0,0,0,0,1,1,6,2,31,6,998,1,2,-1,1,-1
201506G006651,1,9,0,7,0,8,0,0,0,0,1,1,1,1,53,8,1198,1,10,-1,1,-1
201506G006651,2,1,0,18,0,8,0,0,0,0,3,1,1,1,51,8,-1,-1,-1,-1,1,-1
201506G006660,1,9,0,18,0,0,5,10,0,0,0,1,6,1,45,7,1598,1,11,-1,1,-1
201506G006660,2,9,0,2,0,0,0,0,0,0,2,1,6,1,29,6,1198,1,1,-1,-1,-1
201506G006678,1,9,0,18,0,1,0,0,0,0,1,1,6,3,-1,-1,2184,2,11,-1,-1,-1
201506G006678,2,2,0,18,0,1,1,0,0,0,2,1,6,1,21,5,125,1,1,-1,1,-1
201506G006683,1,9,0,18,0,8,0,0,0,0,4,1,6,1,46,8,1461,2,1,-1,1,-1
201506G006683,2,19,0,18,0,8,0,0,0,0,1,1,6,1,42,7,1896,2,7,-1,1,-1
201506G006798,1,1,0,9,0,8,0,0,0,0,1,1,6,1,23,5,-1,-1,-1,-1,1,-1
201506G006798,2,9,0,18,0,8,0,0,0,0,1,1,6,2,76,11,1396,1,1,-1,1,-1
201506G006813,1,9,0,9,0,8,0,0,0,0,3,1,2,1,39,7,-1,-1,-1,-1,1,-1
201506G006813,2,3,0,18,0,8,0,0,1,1,1,1,2,1,23,5,125,1,10,-1,1,-1
201506G006818,1,9,0,18,0,8,0,0,0,0,1,1,6,1,70,10,-1,-1,-1,-1,-1,-1
201506G006818,2,9,0,18,0,8,0,0,0,0,4,1,6,2,46,8,2000,1,11,-1,1,-1
201506G006827,1,9,0,9,0,6,0,0,0,0,1,1,6,1,45,7,1900,2,10,-1,-1,-1
201506G006846,1,9,0,18,0,1,0,0,0,0,4,1,1,1,71,10,1582,2,2,-1,1,-1
201506G006861,1,9,0,17,0,0,1,0,0,0,4,1,6,1,28,6,1360,1,12,-1,1,-1
201506G006861,2,9,0,16,0,0,0,0,0,0,1,1,6,1,32,6,1198,1,8,-1,1,-1
201506G006901,1,19,0,18,0,0,0,0,0,0,1,1,6,1,59,9,1560,2,-1,-1,1,-1
201506G006901,2,9,0,18,0,0,0,0,0,0,2,1,6,1,41,7,1994,1,11,-1,1,-1
201506G006901,3,19,0,3,0,0,0,0,0,0,3,1,1,1,51,8,-1,-1,-1,-1,2,-1
201506G006904,1,9,0,18,0,0,0,0,0,0,3,1,6,2,28,6,1339,1,7,-1,1,-1
201506G006911,1,9,0,18,0,8,0,0,0,0,1,1,6,1,24,5,1362,1,2,-1,1,-1
201506G006911,2,9,0,18,0,8,0,0,0,0,1,1,6,1,65,9,1598,2,1,-1,1,-1
201506G007166,1,9,0,18,0,1,1,0,1,10,1,1,6,3,-1,-1,1396,1,19,-1,-1,-1
201506G007166,2,9,0,7,0,1,0,0,7,1,2,1,6,1,47,8,1796,1,14,-1,1,-1
201506G007196,1,9,0,17,0,8,0,0,0,0,0,1,6,3,-1,-1,-1,-1,-1,-1,-1,-1
201506G007196,2,11,0,18,0,3,0,0,0,0,0,1,1,2,30,6,-1,-1,-1,-1,-1,-1
201506G007253,1,9,0,18,0,1,0,0,0,0,1,1,6,1,51,8,1896,2,14,-1,1,-1
201506G007400,1,90,0,18,0,8,0,0,0,6,1,1,1,1,32,6,2999,2,3,-1,-1,-1
201506G007400,2,9,0,18,0,8,0,0,0,0,3,1,6,2,45,7,1197,1,-1,-1,1,-1
201506G007457,1,9,0,18,0,8,0,0,0,0,1,1,6,1,55,8,1988,1,14,-1,1,-1
201506G007685,1,19,0,9,0,8,0,0,0,0,1,2,1,1,27,6,-1,-1,-1,-1,1,-1
201506G007685,2,3,0,18,0,8,0,0,0,0,1,1,1,1,22,5,124,1,7,-1,1,-1
201506G007747,1,9,0,18,0,1,0,0,0,0,1,1,6,1,73,10,1796,1,14,-1,1,-1
201506G007855,1,9,0,18,0,1,0,10,1,7,1,1,1,2,52,8,1389,1,19,-1,1,-1
201506G007924,1,9,0,1,0,2,0,0,0,0,2,1,6,1,64,9,1499,1,-1,-1,1,-1
201506G007924,2,9,0,2,0,2,0,0,0,0,3,1,6,3,-1,-1,1995,2,12,-1,1,-1
201506G008093,1,9,0,9,0,8,0,0,0,0,1,1,2,2,46,8,1984,1,13,-1,1,-1
201506G008093,2,3,0,18,0,8,0,0,0,0,1,1,2,1,38,7,124,1,2,-1,1,-1
201506G008143,1,19,0,18,0,6,0,0,0,0,1,1,1,1,24,5,2198,2,7,-1,1,-1
201506G008143,2,9,0,18,0,8,0,0,0,0,2,1,6,2,33,6,1360,1,12,-1,1,-1
201506G008143,3,9,0,2,0,1,0,0,0,0,1,1,6,2,32,6,1242,1,8,-1,1,-1
201506G008172,1,9,0,18,0,6,0,0,0,0,1,1,6,1,35,6,1600,1,16,-1,1,-1
201506G008172,2,9,0,18,0,8,0,0,0,0,4,1,1,1,58,9,1598,2,5,-1,1,-1
201506G008177,1,9,0,15,0,2,0,0,0,0,1,1,6,1,30,6,1798,1,9,-1,1,-1
201506G008177,2,1,0,15,0,2,0,0,0,0,2,1,6,1,16,4,-1,-1,-1,-1,-1,-1
201506G008271,1,9,0,9,0,6,0,0,0,0,1,1,6,1,36,7,1968,2,8,-1,1,-1
201506G008271,2,19,0,18,0,8,0,0,0,0,4,1,6,1,46,8,2148,2,9,-1,1,-1
201506G008276,1,9,0,18,0,8,0,0,0,0,3,1,6,2,26,6,1598,1,10,-1,1,-1
201506G008276,2,9,0,9,0,8,0,0,0,0,3,1,6,1,21,5,-1,-1,-1,-1,1,-1
201506G008323,1,21,0,18,0,1,0,0,0,0,1,1,6,1,30,6,11705,2,14,-1,-1,-1
201506G008548,1,9,0,9,0,6,0,0,0,0,4,1,6,1,76,11,1396,1,6,-1,1,-1
201506G008548,2,9,0,18,0,8,0,0,0,0,1,1,6,1,22,5,1229,1,1,-1,1,-1
201506G008595,1,9,0,9,0,6,0,0,0,0,1,1,1,2,37,7,1560,2,2,-1,1,-1
201506G008595,2,3,0,18,0,8,0,0,0,0,1,1,6,1,46,8,125,1,8,-1,1,-1
201506G008887,1,9,0,18,0,8,0,0,0,0,1,1,6,2,21,5,-1,-1,-1,-1,1,-1
201506G008902,1,9,0,9,0,6,0,0,3,0,1,1,6,1,30,6,1598,1,13,-1,-1,-1
201506G008902,2,9,0,18,0,8,0,0,1,0,3,1,6,1,34,6,2000,1,16,-1,1,-1
201506G008997,1,21,0,7,0,8,0,0,0,0,3,1,1,1,44,7,12740,2,1,-1,1,-1
201506G008997,2,9,0,18,0,8,0,0,0,0,1,1,6,1,47,8,1598,1,11,-1,1,-1
201506G009093,1,9,0,9,0,8,0,0,0,0,3,1,6,2,64,9,1242,1,-1,-1,1,-1
201506G009214,1,9,0,9,0,5,0,0,0,0,1,1,1,1,50,8,1797,8,3,-1,1,-1
201506G009214,2,1,0,18,0,8,0,0,0,0,2,1,2,1,53,8,-1,-1,-1,-1,1,-1
201506G009214,3,9,0,8,0,1,0,0,0,0,3,1,3,1,45,7,2179,2,8,-1,-1,-1
201506G009229,1,9,0,4,0,8,0,0,0,0,1,1,1,1,30,6,1598,1,12,-1,-1,-1
201506G009279,1,9,0,18,0,0,0,4,0,0,1,1,6,2,18,4,1242,1,2,-1,1,-1
201506G009279,2,9,0,2,9,0,0,0,0,0,1,1,6,3,-1,-1,998,1,11,-1,-1,-1
201506G009279,3,9,0,2,9,0,0,0,0,0,1,1,6,3,-1,-1,3960,1,18,-1,-1,-1
201506G009363,1,9,0,18,0,0,0,0,0,0,1,1,3,1,47,8,1242,1,13,-1,1,-1
201506G009582,1,9,0,9,0,6,0,0,0,0,1,1,6,1,35,6,1275,1,21,-1,1,-1
201506G009582,2,9,0,17,0,8,0,0,0,0,1,1,6,1,70,10,2685,2,12,-1,1,-1
201506G009813,1,9,0,18,0,1,1,0,0,0,1,1,6,2,19,4,1398,2,7,-1,1,-1
201506G009813,2,9,0,18,0,2,0,0,1,5,1,1,6,1,44,7,1910,2,7,-1,1,-1
201506G009915,1,9,0,9,0,6,0,0,0,0,3,1,6,3,34,6,1360,1,13,-1,1,-1
201506G009915,2,3,0,18,0,8,0,0,0,0,1,1,6,1,53,8,124,1,10,-1,1,-1
201506G010236,1,9,0,4,0,8,0,0,0,0,1,1,6,1,25,5,2143,2,2,-1,1,-1
201506G010451,1,9,0,4,0,8,0,0,0,0,1,1,6,1,32,6,1989,1,16,-1,1,-1
201506G010451,2,1,0,18,0,8,2,0,0,0,1,1,6,1,15,3,-1,-1,-1,-1,1,-1
201506G010452,1,9,0,18,0,1,0,0,0,0,1,1,6,1,30,6,1397,1,13,-1,-1,-1
201506G010452,2,9,0,3,0,1,0,0,0,0,1,1,1,1,46,8,1896,2,6,-1,1,-1
201506G010455,1,9,0,13,0,0,0,0,0,0,1,1,6,1,34,6,1984,1,15,-1,1,-1
201506G010455,2,1,0,18,0,0,0,0,0,0,2,1,1,1,49,8,-1,-1,-1,-1,1,-1
201506G095695,1,9,0,17,0,0,0,0,7,0,1,1,6,1,74,10,1591,1,3,-1,1,-1
201506G095695,2,9,0,2,0,0,0,0,0,0,4,1,6,1,54,8,-1,-1,-1,-1,3,-1