Accident_Index,Vehicle_Reference,Vehicle_Type,Towing_and_Articulation,Vehicle_Manoeuvre,Vehicle_Location-Restricted_Lane,Junction_Location,Skidding_and_Overturning,Hit_Object_in_Carriageway,Vehicle_Leaving_Carriageway,Hit_Object_off_Carriageway,1st_Point_of_Impact,Was_Vehicle_Left_Hand_Drive?,Journey_Purpose_of_Driver,Sex_of_Driver,Age_of_Driver,Age_Band_of_Driver,Engine_Capacity_(CC),Propulsion_Code,Age_of_Vehicle,Driver_IMD_Decile,Driver_Home_Area_Type,Vehicle_IMD_Decile
201506G096048,1,9,0,18,0,8,0,0,0,0,3,1,6,1,24,5,2316,1,28,-1,1,-1
201506G096048,2,9,0,18,0,1,0,0,7,0,1,1,6,1,38,7,1753,2,12,-1,1,-1
201506G096273,1,9,0,3,0,0,0,0,0,0,1,1,6,2,33,6,1229,1,8,-1,1,-1
201506G096273,2,9,0,18,0,0,0,0,0,0,2,1,6,2,25,5,1396,1,6,-1,1,-1
201506G096332,1,9,0,12,0,1,0,0,0,0,2,1,6,1,63,9,1991,2,4,-1,1,-1
201506G096332,2,11,0,18,0,1,0,0,0,0,1,1,1,1,50,8,4461,2,2,-1,1,-1
201506G096498,1,9,0,7,0,4,0,0,0,0,1,1,1,1,30,6,-1,-1,-1,-1,1,-1
201506G096498,2,9,0,7,0,4,0,0,0,0,1,1,1,1,38,7,1335,1,32,-1,1,-1
201506G096499,1,8,0,13,0,0,0,0,0,0,3,1,6,1,30,6,-1,-1,-1,-1,-1,-1
201506G096499,2,9,0,18,0,0,0,0,0,0,3,1,6,2,57,9,1595,1,8,-1,1,-1
201506G096576,1,9,0,16,0,0,5,10,8,10,1,1,6,1,21,5,-1,-1,-1,-1,1,-1
201506G096576,2,9,0,16,0,0,0,0,0,0,1,1,6,1,21,5,2199,2,5,-1,1,-1
201506G096602,1,9,0,18,0,2,0,0,0,0,1,1,2,2,47,8,1248,1,1,-1,1,-1
201506G096654,1,9,0,11,0,1,0,0,0,0,1,1,2,2,27,6,1240,1,10,-1,1,-1
201506G096654,2,9,0,18,0,1,0,0,0,0,1,1,2,2,31,6,-1,-1,-1,-1,1,-1
201506G096654,3,90,0,4,0,1,0,0,0,0,1,1,2,1,26,6,-1,-1,-1,-1,1,-1
201506G096713,1,19,0,9,0,6,0,0,0,0,3,1,6,3,-1,-1,1560,2,1,-1,-1,-1
201506G096713,2,9,0,18,0,8,0,0,0,0,1,1,6,1,56,9,1388,1,14,-1,1,-1
201506G096737,1,1,0,18,0,4,0,0,0,0,4,1,3,1,50,8,-1,-1,-1,-1,-1,-1
201506G096737,2,9,0,18,0,4,0,0,0,0,1,1,1,2,34,6,1598,1,7,-1,2,-1
201506G096776,1,9,0,9,0,1,1,0,0,0,1,1,1,1,47,8,1598,1,12,-1,1,-1
201506G096776,2,9,0,3,0,1,0,0,0,0,2,1,6,1,44,7,1560,2,2,-1,1,-1
201506G097087,1,9,0,9,0,6,0,0,0,0,1,1,6,1,62,9,1997,2,13,-1,1,-1
201506G097190,1,9,0,9,0,8,0,0,0,0,1,1,6,2,27,6,1598,1,9,-1,1,-1
201506G097190,2,9,0,18,0,8,0,0,1,0,1,1,1,1,37,7,1896,2,8,-1,1,-1
201506G097190,3,9,0,2,0,2,0,0,0,0,1,1,6,3,32,6,2967,2,9,-1,-1,-1
201506G097226,1,9,0,18,0,8,1,0,0,0,1,1,1,2,53,8,998,1,2,-1,1,-1
201506G097226,2,9,0,18,0,8,1,0,0,0,2,1,2,1,24,5,1242,1,16,-1,1,-1
201506G097242,1,9,0,18,0,8,1,0,0,0,1,1,6,2,44,7,1461,2,11,-1,1,-1
201506G097242,2,9,0,9,0,8,0,0,0,0,4,1,4,2,18,4,998,1,7,-1,1,-1
201506G097270,1,19,0,6,0,0,0,0,0,0,1,1,2,1,43,7,2299,2,18,-1,3,-1
201506G097270,2,2,0,15,0,0,0,0,0,0,3,1,2,1,16,4,50,1,11,-1,-1,-1
201506G097304,1,9,0,9,0,8,0,0,0,0,1,1,6,1,69,10,-1,-1,-1,-1,1,-1
201506G097304,2,9,0,18,0,8,0,0,0,0,3,1,6,2,51,8,1587,1,11,-1,1,-1
201506G097337,1,19,0,18,0,5,0,0,0,0,1,1,1,1,20,4,1995,2,2,-1,1,-1
201506G097337,2,9,0,18,0,5,0,0,0,0,2,1,6,2,44,7,1598,1,9,-1,1,-1
201506G097382,1,9,0,5,0,1,1,0,0,0,1,1,6,1,31,6,-1,-1,-1,-1,1,-1
201506G097382,2,9,0,2,9,1,0,0,0,0,2,1,6,2,34,6,998,1,5,-1,1,-1
201506G097443,1,9,0,17,0,2,0,0,0,0,3,1,1,1,40,7,-1,-1,-1,-1,1,-1
201506G097443,2,9,0,17,0,1,0,0,0,0,3,1,6,2,26,6,1296,1,8,-1,1,-1
201506G097444,1,9,0,18,0,8,0,0,1,7,1,1,6,1,57,9,-1,-1,-1,-1,-1,-1
201506G097444,2,19,0,9,0,8,0,0,0,0,4,1,1,1,25,5,2287,2,8,-1,1,-1
201506G097497,1,2,0,18,0,8,1,0,0,0,0,1,6,1,16,4,-1,-1,-1,-1,1,-1
201506G097497,2,19,0,9,0,6,0,0,0,0,0,1,6,1,30,6,-1,-1,-1,-1,-1,-1
201506G097523,1,9,0,9,0,8,0,0,0,0,3,1,6,1,19,4,1596,1,4,-1,1,-1
201506G097523,2,1,0,18,0,8,0,0,0,0,3,1,6,1,44,7,-1,-1,-1,-1,1,-1
201506G097541,1,9,0,16,0,0,0,0,0,0,3,1,6,1,19,4,-1,-1,-1,-1,1,-1
201506G097541,2,19,0,2,0,0,0,0,0,0,2,1,6,3,-1,-1,-1,-1,-1,-1,-1,-1
201506G097541,3,9,0,2,0,0,0,0,0,0,2,1,6,3,-1,-1,1999,1,7,-1,-1,-1
201506G097541,4,9,0,2,0,0,0,0,0,0,2,1,6,3,-1,-1,1560,2,8,-1,-1,-1
201506G097550,1,9,0,18,0,1,0,0,0,0,1,1,1,1,30,6,1396,2,1,-1,-1,-1
201506G097550,2,9,0,18,0,1,0,0,0,0,0,1,1,1,30,6,-1,-1,-1,-1,-1,-1
201506G097552,1,9,0,10,0,1,0,0,0,0,2,1,6,1,64,9,1299,1,10,-1,1,-1
201506G097552,2,5,0,18,0,1,0,0,0,0,1,1,6,1,37,7,750,1,16,-1,1,-1
201506G097765,1,9,0,18,0,8,0,0,0,0,3,1,2,2,61,9,1364,1,5,-1,1,-1
201506G097765,2,1,0,18,0,8,0,0,0,0,3,1,6,1,26,6,-1,-1,-1,-1,1,-1
201506G097908,1,9,0,14,0,5,0,0,0,0,1,1,6,1,30,6,1997,2,11,-1,-1,-1
201506G097908,2,9,0,10,0,1,0,0,0,0,1,1,6,2,29,6,-1,-1,-1,-1,1,-1
201506G098092,1,9,0,18,0,2,0,0,0,0,1,1,2,2,19,4,1242,1,12,-1,1,-1
201506G098142,1,9,0,18,0,8,0,0,0,0,1,1,6,3,-1,-1,1998,1,5,-1,1,-1
201506G098142,2,3,0,18,0,8,0,0,0,0,2,1,1,1,23,5,125,1,6,-1,1,-1
201506G098149,1,9,0,16,0,4,0,0,0,0,1,1,6,1,39,7,1248,1,2,-1,1,-1
201506G098149,2,9,0,16,0,4,0,0,0,0,2,1,6,2,40,7,1329,1,3,-1,1,-1
201506G098159,1,9,0,18,0,8,1,0,0,0,1,1,6,1,33,6,-1,-1,-1,-1,1,-1
201506G098159,2,8,0,9,0,8,0,0,0,0,4,1,1,1,44,7,2402,2,9,-1,1,-1
201506G098164,1,9,0,9,0,5,0,0,0,0,1,1,6,2,45,7,1560,2,1,-1,3,-1
201506G098164,2,9,0,18,0,8,0,0,0,0,1,1,6,1,33,6,-1,-1,-1,-1,1,-1
201506G098178,1,9,0,9,0,6,0,0,0,0,3,1,6,1,17,4,1968,2,4,-1,1,-1
201506G098178,2,9,0,18,0,1,0,0,0,0,1,1,6,2,55,8,998,1,13,-1,1,-1
201506G098246,1,9,0,18,0,1,0,0,0,0,1,1,6,1,57,9,1596,1,3,-1,1,-1
201506G098259,1,9,0,7,0,5,0,0,0,0,1,1,6,1,30,6,1796,2,1,-1,-1,-1
201506G098295,1,9,0,18,0,0,0,0,0,0,1,1,6,1,30,6,-1,-1,-1,-1,-1,-1
201506G098508,1,21,0,7,0,5,0,0,0,0,4,1,1,1,55,8,6370,2,8,-1,1,-1
201506G098508,2,90,0,18,0,2,0,0,0,0,3,1,6,2,79,11,-1,-1,-1,-1,1,-1
201506G098551,1,9,0,7,0,5,0,0,0,0,4,1,2,2,54,8,-1,-1,-1,-1,1,-1
201506G098551,2,1,0,18,0,8,0,0,0,0,1,1,2,1,36,7,-1,-1,-1,-1,1,-1
201506G098567,1,9,0,9,0,8,0,0,0,0,1,1,6,3,-1,-1,-1,-1,-1,-1,-1,-1
201506G098567,2,9,0,4,0,8,0,0,0,0,1,1,6,1,21,5,1360,1,10,-1,-1,-1
201506G098638,1,9,0,9,0,3,0,0,0,0,1,1,6,1,76,11,1560,2,2,-1,1,-1
201506G098638,2,9,0,2,0,2,0,0,0,0,2,1,6,2,35,6,998,1,6,-1,1,-1
201506G098638,3,9,0,2,0,2,0,0,0,0,1,1,6,3,-1,-1,-1,-1,-1,-1,-1,-1
201506G098713,1,19,0,9,0,5,0,0,0,0,1,1,6,1,50,8,-1,-1,-1,-1,-1,-1
201506G098716,1,9,0,9,0,5,0,0,0,0,1,1,6,2,30,6,1798,1,5,-1,-1,-1
201506G098716,2,1,0,4,0,8,0,0,0,0,4,1,6,1,30,6,-1,-1,-1,-1,-1,-1
201506G098747,1,9,0,7,0,5,1,0,0,0,1,1,6,1,22,5,1968,2,7,-1,2,-1
201506G098747,2,9,0,4,0,1,0,0,0,0,3,1,2,1,54,8,-1,-1,-1,-1,1,-1
201506G098752,1,9,0,14,0,0,0,0,0,0,4,1,2,2,27,6,1390,1,2,-1,1,-1
201506G098983,1,9,0,9,0,5,0,0,0,0,4,1,6,1,79,11,1997,2,11,-1,1,-1
201506G098983,2,5,0,18,0,8,1,0,0,0,1,1,6,1,50,8,650,1,16,-1,1,-1
201506G098983,3,9,0,18,0,8,0,0,0,0,3,1,1,1,55,8,1997,2,7,-1,1,-1
201506G099010,1,5,0,18,0,1,0,12,0,0,1,1,2,1,52,8,1200,1,17,-1,1,-1
201506G099023,1,11,0,18,0,2,0,0,0,0,4,1,1,1,59,9,5883,2,14,-1,1,-1
201506G099096,1,9,0,9,0,8,0,7,4,6,4,1,6,2,76,11,1753,2,13,-1,1,-1
201506G099096,2,9,0,18,0,8,0,0,0,0,1,1,2,2,35,6,1582,2,3,-1,1,-1
201506G099097,1,9,0,4,0,0,0,0,0,0,2,1,6,2,22,5,998,1,8,-1,1,-1
201506G099097,2,9,0,4,0,0,0,0,0,0,2,1,6,2,21,5,998,1,1,-1,1,-1
201506G099147,1,9,0,9,0,8,0,0,7,0,1,1,6,1,25,5,-1,-1,-1,-1,3,-1
201506G099147,2,9,0,18,0,1,0,0,1,10,4,1,6,1,51,8,2099,2,8,-1,1,-1
201506G099261,1,19,0,14,0,0,0,0,0,0,4,1,2,1,60,9,-1,-1,-1,-1,1,-1
201506G099312,1,9,0,9,0,8,0,0,0,0,3,1,2,1,24,5,1364,1,1,-1,1,-1
201506G099312,2,5,0,13,0,8,0,0,0,0,1,1,2,1,33,6,599,1,17,-1,1,-1
201506G099314,1,9,0,18,0,8,0,0,0,0,1,1,6,1,40,7,1986,2,8,-1,-1,-1
201506G099314,2,9,0,9,0,8,0,0,0,0,4,1,6,1,60,9,1995,2,11,-1,-1,-1
201506G099397,1,1,0,7,0,6,2,0,0,0,1,1,6,1,6,2,-1,-1,-1,-1,1,-1
201506G099397,2,9,0,18,0,8,0,0,0,0,3,1,6,1,46,8,1686,2,2,-1,1,-1
201506G099568,1,9,0,5,0,8,0,0,0,0,2,1,6,1,39,7,1339,1,10,-1,-1,-1
201506G099568,2,5,0,18,0,8,0,0,0,0,1,1,6,1,19,4,599,1,16,-1,1,-1
201506G099568,3,9,0,18,0,8,0,0,0,0,1,1,6,1,19,4,1390,1,6,-1,1,-1
201506G099616,1,9,0,4,0,1,0,0,0,0,4,1,6,1,45,7,1685,2,3,-1,1,-1
201506G099677,1,9,0,6,0,8,0,0,0,0,4,1,6,1,50,8,998,1,17,-1,1,-1
201506G099677,2,9,0,18,0,8,0,0,0,0,1,1,6,1,36,7,1988,1,10,-1,1,-1
201506G099677,3,9,0,8,0,6,0,0,0,0,3,1,6,1,28,6,1796,1,7,-1,1,-1
201506G099714,1,1,0,18,4,8,0,0,0,0,1,1,1,1,30,6,-1,-1,-1,-1,2,-1
201506G099714,2,9,0,9,0,8,0,0,0,0,1,1,6,1,27,6,1956,2,3,-1,-1,-1
201506G099844,1,9,0,18,0,8,0,0,0,0,1,1,6,1,24,5,1896,2,13,-1,1,-1
201506G099844,2,8,0,18,0,8,1,0,0,0,4,1,6,1,33,6,1598,2,5,-1,1,-1
201506G099844,3,9,0,2,0,2,0,0,0,0,3,1,6,1,22,5,1998,2,7,-1,1,-1
201506G099921,1,21,0,18,0,0,0,0,0,0,1,1,1,1,30,6,8970,2,8,-1,-1,-1
201506G099921,2,9,0,18,0,0,0,0,0,0,2,1,6,2,50,8,1149,1,12,-1,1,-1
201506J000070,1,9,0,7,0,6,0,0,1,10,1,1,6,2,40,7,1598,1,7,-1,1,-1
201506J000070,2,9,0,18,0,8,0,0,0,0,4,1,6,1,90,11,1598,1,7,-1,1,-1
201506J000190,1,9,0,7,0,1,0,0,0,0,1,1,6,1,33,6,2000,1,10,-1,1,-1
201506J000190,2,9,0,4,0,1,0,0,0,0,1,1,6,1,62,9,1461,2,1,-1,1,-1
201506J000194,1,9,0,18,0,8,0,0,1,10,4,1,2,2,58,9,1332,1,18,-1,1,-1
201506J000194,2,9,0,18,0,8,0,0,1,10,3,1,1,1,57,9,1997,2,7,-1,-1,-1
201506J000316,1,9,0,18,0,0,0,0,0,0,4,1,1,1,59,9,-1,-1,-1,-1,-1,-1
201506J000316,2,1,0,18,0,0,0,0,0,0,3,1,1,1,52,8,-1,-1,-1,-1,2,-1
201506J000644,1,9,0,9,0,8,0,0,0,0,1,1,6,1,45,7,1560,2,1,-1,1,-1
201506J000644,2,9,0,18,0,8,0,0,0,0,1,1,1,2,44,7,1900,2,10,-1,1,-1
201506J000683,1,9,0,9,0,8,0,0,0,0,3,1,1,1,26,6,1199,1,13,-1,1,-1
201506J000683,2,9,0,18,0,8,0,0,0,0,3,1,2,2,42,7,1242,1,2,-1,1,-1
201506J000752,1,9,0,18,0,2,0,0,0,0,1,1,6,3,-1,-1,-1,-1,-1,-1,-1,-1
201506J000752,2,19,0,3,0,2,0,0,0,0,2,1,1,1,52,8,1598,2,4,-1,1,-1
201506J000752,3,21,0,18,0,1,0,0,0,0,3,1,1,1,30,6,-1,-1,-1,-1,-1,-1
201506J000878,1,9,0,9,0,8,0,0,0,0,3,1,6,1,86,11,1388,1,10,-1,1,-1
201506J000878,2,9,0,18,0,8,0,0,0,0,3,1,6,2,21,5,1299,1,8,-1,1,-1
201506J000948,1,9,0,18,0,8,0,10,0,0,3,1,6,3,-1,-1,-1,-1,-1,-1,-1,-1
201506J000951,1,9,0,4,0,0,0,0,0,0,2,1,6,2,30,6,2171,1,11,-1,1,-1
201506J000951,2,9,0,18,0,0,0,0,0,0,1,1,6,1,60,9,1596,1,8,-1,-1,-1
201506J001024,1,9,0,6,0,0,0,0,0,0,3,1,6,1,84,11,1840,1,15,-1,1,-1
201506J001024,2,9,0,18,0,0,0,0,0,0,1,1,1,2,44,7,1686,2,3,-1,1,-1
201506J001072,1,9,0,18,0,2,0,0,0,0,1,1,1,1,41,7,1998,1,13,-1,1,-1
201506J001159,1,9,0,18,0,0,0,0,0,0,3,1,6,1,53,8,2685,2,11,-1,1,-1
201506J001159,2,5,0,18,0,0,0,0,0,0,1,1,6,1,47,8,1084,1,13,-1,1,-1
201506J001161,1,9,0,9,0,8,0,0,0,0,0,1,1,1,30,6,1896,2,12,-1,1,-1
201506J001161,2,9,0,18,0,8,0,0,0,0,2,1,2,2,42,7,1229,1,3,-1,1,-1
201506J001161,3,9,0,18,0,8,0,0,0,0,1,1,2,1,22,5,1149,1,10,-1,1,-1
201506J001205,1,9,0,9,0,6,0,0,0,0,1,1,6,1,52,8,1598,1,7,-1,1,-1
201506J001205,2,4,0,18,0,2,0,0,0,0,3,1,6,1,20,4,689,1,1,-1,1,-1
201506J001210,1,9,0,18,0,1,0,0,0,0,4,1,6,1,85,11,1332,1,16,-1,1,-1
201506J001210,2,9,0,2,0,1,0,0,0,0,3,1,6,3,-1,-1,1560,2,2,-1,-1,-1
201506J001288,1,9,0,9,0,6,0,0,0,0,3,1,6,1,81,11,1598,1,7,-1,2,-1
201506J001288,2,1,0,18,0,8,0,0,0,0,1,1,6,1,63,9,-1,-1,-1,-1,1,-1
201506J001326,1,9,0,18,0,0,0,0,0,0,1,1,6,1,38,7,-1,-1,-1,-1,1,-1
201506J001326,2,9,0,2,0,0,0,0,0,0,0,1,6,3,-1,-1,-1,-1,-1,-1,-1,-1
201506J001364,1,9,0,18,0,0,0,0,0,0,1,1,6,1,45,7,1896,2,10,-1,1,-1
201506J001364,2,1,0,18,0,0,0,0,0,0,2,1,6,1,47,8,-1,-1,-1,-1,1,-1
201506J001495,1,9,0,18,0,0,0,10,0,0,1,1,6,1,19,4,973,1,15,-1,1,-1
201506J001540,1,9,0,9,0,6,0,0,0,0,1,1,6,2,42,7,1997,2,6,-1,1,-1
201506J001540,2,9,0,18,0,8,0,0,0,0,1,1,6,2,76,11,1339,1,2,-1,-1,-1
201506J001555,1,9,0,16,0,2,0,0,0,0,1,1,6,1,22,5,1956,2,3,-1,1,-1
201506J001555,2,20,1,17,0,1,3,0,0,0,1,1,1,1,30,6,4764,2,5,-1,2,-1
201506J001561,1,9,0,4,0,0,0,0,0,0,1,1,6,1,41,7,-1,-1,-1,-1,1,-1
201506J001689,1,9,0,9,0,6,0,0,0,0,1,1,6,1,21,5,1390,1,1,-1,3,-1
201506J001689,2,9,0,18,0,8,0,0,0,0,1,1,6,1,20,4,1796,1,8,-1,1,-1
201506J001689,3,9,0,18,0,8,0,0,0,0,1,1,6,1,34,6,1495,1,13,-1,1,-1
201506J001789,1,9,0,18,0,0,0,0,0,0,4,1,6,3,-1,-1,-1,-1,-1,-1,-1,-1
201506J001789,2,1,0,18,0,0,0,0,0,0,3,1,6,1,25,5,-1,-1,-1,-1,1,-1
201506J001855,1,5,0,18,0,8,0,0,0,0,1,1,6,1,48,8,781,1,13,-1,1,-1
201506J001855,2,9,0,9,0,8,0,0,0,0,3,1,6,1,59,9,1999,1,12,-1,1,-1
201506J001857,1,9,0,10,0,1,0,0,0,0,2,1,3,2,28,6,1499,1,10,-1,1,-1
201506J001857,2,8,0,4,0,1,0,0,0,0,1,1,6,1,28,6,1560,2,7,-1,1,-1
201506J002047,1,9,0,7,0,5,0,0,0,0,4,1,6,3,-1,-1,-1,-1,-1,-1,-1,-1
201506J002047,2,1,0,18,0,8,0,0,0,0,3,1,6,1,32,6,-1,-1,-1,-1,1,-1
201506J002050,1,9,0,18,0,1,0,0,0,0,1,1,6,1,36,7,1595,1,8,-1,1,-1
201506J002073,1,9,0,18,0,1,0,0,0,0,3,1,1,1,19,4,1390,1,7,-1,1,-1
201506J002073,2,9,0,18,0,1,0,0,0,0,4,1,2,1,22,5,1242,1,1,-1,-1,-1
201506J002073,3,11,0,2,0,1,0,0,0,0,2,1,1,1,57,9,871,2,16,-1,-1,-1
201506J002176,1,9,0,10,0,1,0,0,0,0,3,1,1,1,27,6,-1,-1,-1,-1,1,-1
201506J002176,2,5,0,18,0,8,1,0,0,0,1,1,1,1,33,6,599,1,7,-1,1,-1
201506J002195,1,9,0,18,0,2,0,0,0,0,1,1,2,2,23,5,1242,1,2,-1,1,-1
201506J002195,2,8,0,4,0,2,0,0,0,0,2,1,6,1,40,7,1798,1,4,-1,1,-1
201506J002206,1,9,0,18,0,0,5,0,0,0,1,1,2,1,41,7,1753,2,10,-1,1,-1
201506J002206,2,9,0,2,0,0,0,0,0,0,3,1,6,3,-1,-1,-1,-1,-1,-1,1,-1
201506J002206,3,9,0,2,0,0,0,0,0,0,2,1,6,3,-1,-1,1461,2,10,-1,1,-1
201506J002339,1,9,0,1,0,1,0,0,0,0,2,1,6,1,30,6,2200,1,14,-1,-1,-1
201506J002356,1,9,0,16,0,8,0,0,0,0,4,1,6,1,22,5,1997,2,9,-1,-1,-1
201506J002356,2,9,0,2,0,1,0,0,0,0,3,1,6,3,-1,-1,-1,-1,-1,-1,-1,-1
201506J002356,3,9,0,2,0,1,0,0,0,0,2,1,6,3,-1,-1,2495,2,16,-1,-1,-1
201506J002356,4,9,0,18,0,1,0,0,0,0,0,1,6,1,48,8,1995,2,2,-1,-1,-1
201506J002369,1,9,0,18,0,1,0,0,0,0,2,1,6,2,24,5,1598,1,11,-1,3,-1
201506J002369,2,9,0,4,0,1,0,0,0,0,2,1,6,2,52,8,1388,1,4,-1,1,-1
201506J002369,3,9,0,4,0,1,0,0,0,0,2,1,6,2,44,7,-1,-1,-1,-1,1,-1
201506J002386,1,1,0,18,0,0,0,0,0,0,2,1,2,1,55,8,-1,-1,-1,-1,1,-1
201506J002386,2,9,0,2,0,0,0,0,0,0,1,1,6,1,30,6,-1,-1,-1,-1,-1,-1
201506J002445,1,9,0,9,0,5,0,0,0,0,1,1,2,2,38,7,1364,1,8,-1,1,-1
201506J002445,2,9,0,18,0,8,0,0,0,0,3,1,6,1,54,8,1598,1,10,-1,1,-1
201506J002451,1,9,0,18,0,1,0,0,0,0,3,1,1,1,40,7,1998,2,9,-1,1,-1
201506J002451,2,1,0,18,0,6,0,0,0,0,1,1,6,2,10,2,-1,-1,-1,-1,-1,-1
201506J002453,1,5,0,14,0,8,0,0,0,0,1,1,1,1,19,4,599,1,16,-1,1,-1
201506J002453,2,9,0,9,0,5,0,0,0,0,3,1,6,2,23,5,1242,1,1,-1,-1,-1
201506J002460,1,9,0,16,0,2,0,7,0,0,3,1,6,2,60,9,1242,1,3,-1,1,-1
201506J002500,1,1,0,18,0,8,0,0,0,0,1,1,4,1,14,3,-1,-1,-1,-1,1,-1
201506J002500,2,9,0,18,0,8,0,0,0,0,0,1,6,1,30,6,-1,-1,-1,-1,-1,-1
201506J002562,1,9,0,18,0,0,0,0,0,0,2,1,2,2,35,6,1149,1,10,-1,1,-1
201506J002562,2,5,0,18,0,0,0,0,0,0,1,1,6,1,23,5,750,1,3,-1,1,-1
201506J002562,3,9,0,2,0,0,0,0,0,0,3,1,6,3,34,6,1199,1,14,-1,1,-1
201506J002736,1,9,0,18,0,0,0,0,0,0,4,1,1,1,35,6,1587,1,8,-1,1,-1
201506J002762,1,9,0,9,0,8,0,0,0,0,1,1,2,1,44,7,2099,1,13,-1,1,-1
201506J002762,2,9,0,18,0,8,0,0,0,0,1,1,6,2,27,6,1598,2,4,-1,1,-1
201506J002778,1,9,0,18,9,0,0,0,2,10,4,1,6,2,38,7,998,1,-1,-1,1,-1
201506J002782,1,9,0,16,0,0,1,0,0,0,1,1,6,1,30,6,-1,-1,-1,-1,-1,-1
201506J002782,2,9,0,2,0,0,0,0,0,0,3,1,1,1,42,7,-1,-1,-1,-1,2,-1
201506J002782,3,9,0,18,0,0,0,0,0,0,1,1,1,1,30,6,1582,2,2,-1,1,-1
201506J003149,1,9,0,18,0,8,0,0,0,0,0,1,6,2,58,9,1995,1,5,-1,1,-1
201506J003149,2,1,0,18,0,8,0,0,0,0,3,1,6,2,26,6,-1,-1,-1,-1,1,-1
201506J003165,1,9,0,18,0,8,0,0,0,0,1,2,1,1,30,6,-1,-1,-1,-1,-1,-1
201506J003165,2,1,0,18,0,8,0,0,0,0,1,1,1,1,30,6,-1,-1,-1,-1,1,-1
201506J003178,1,21,0,3,0,1,0,0,0,0,1,1,1,1,24,5,10800,2,14,-1,3,-1
201506J003178,2,9,0,3,0,1,0,0,0,0,2,1,6,1,49,8,-1,-1,-1,-1,1,-1
201506J003178,3,9,0,7,0,1,0,0,0,0,2,1,6,2,41,7,1560,2,10,-1,1,-1
201506J003197,1,9,2,4,4,1,0,0,0,0,4,1,1,1,71,10,1997,2,1,-1,1,-1
201506J003197,2,1,0,4,0,1,2,0,0,0,3,1,1,1,71,10,-1,-1,-1,-1,1,-1
201506J003217,1,9,0,16,0,0,1,0,2,10,1,1,6,1,20,4,1199,1,14,-1,1,-1
201506J003221,1,9,0,18,0,1,0,10,1,5,1,1,6,2,72,10,1339,1,2,-1,1,-1
201506J003221,2,9,0,2,0,1,0,0,0,0,2,1,6,1,51,8,1988,1,10,-1,-1,-1
201506J003221,3,20,0,3,0,1,0,0,0,0,4,1,1,1,25,5,-1,-1,-1,-1,1,-1
201506J003237,1,9,0,18,0,8,0,0,0,0,1,1,6,1,17,4,1229,1,8,-1,1,-1
201506J003237,2,9,0,18,0,8,0,0,0,0,1,1,6,1,34,6,1997,2,1,-1,1,-1
201506J003383,1,5,0,18,0,2,0,0,0,0,4,1,1,1,55,8,1250,1,10,-1,1,-1
201506J003633,1,9,0,3,0,0,0,0,0,0,4,1,6,1,66,10,1299,1,17,-1,1,-1
201506J003633,2,1,0,15,0,0,0,0,0,0,1,1,6,1,76,11,-1,-1,-1,-1,1,-1
201506J003645,1,9,0,18,0,2,0,0,0,0,1,1,6,1,32,6,-1,-1,-1,-1,3,-1
201506J003694,1,9,0,18,0,0,0,0,0,0,1,1,6,1,26,6,1995,2,1,-1,1,-1
201506J003707,1,9,0,3,0,8,0,0,1,0,4,1,6,2,48,8,1598,1,12,-1,1,-1
201506J003707,2,19,0,18,0,8,0,0,0,1,1,1,6,1,56,9,2488,2,5,-1,1,-1
201506J003768,1,4,0,2,0,0,0,0,0,0,3,1,6,1,40,7,400,1,5,-1,1,-1
201506J003768,2,9,0,17,0,0,1,0,0,0,1,1,6,1,28,6,1968,2,2,-1,1,-1
201506J003801,1,9,0,16,0,0,2,0,7,0,1,1,6,1,35,6,1389,1,14,-1,1,-1
201506J003801,2,9,0,17,0,0,0,0,0,0,1,1,6,1,31,6,1968,2,4,-1,1,-1
201506J003813,1,9,0,18,0,1,0,0,0,0,1,1,1,1,45,7,1986,2,8,-1,1,-1
201506J003870,1,11,0,18,0,8,0,0,0,0,1,1,6,1,46,8,9000,2,11,-1,2,-1
201506J003914,1,9,0,5,0,4,0,0,0,0,3,1,6,2,43,7,1197,1,2,-1,1,-1
201506J003914,2,1,0,18,0,8,0,0,0,0,4,1,6,1,51,8,-1,-1,-1,-1,1,-1
201506J004106,1,9,0,18,0,8,0,0,0,0,2,1,6,2,57,9,1339,1,7,-1,1,-1
201506J004106,2,9,0,18,0,8,0,0,0,0,1,1,6,3,-1,-1,1299,1,8,-1,-1,-1
201506J004198,1,9,0,9,0,8,0,0,0,0,1,1,6,2,56,9,1489,1,18,-1,1,-1
201506J004198,2,4,0,18,0,8,0,0,1,0,1,1,6,1,61,9,-1,-1,-1,-1,1,-1
201506J004285,1,9,0,9,0,1,0,0,0,0,1,1,1,2,25,5,1341,1,10,-1,1,-1
201506J004285,2,9,0,18,0,1,0,0,0,0,1,1,1,1,20,4,1242,1,-1,-1,-1,-1
201506J004305,1,9,0,7,0,3,2,7,1,7,3,1,6,2,40,7,2198,1,13,-1,1,-1
201506J004305,2,11,0,4,0,4,0,0,0,0,1,1,1,1,41,7,6700,2,7,-1,1,-1
201506J004309,1,9,0,5,0,0,0,0,0,0,3,1,6,1,20,4,1995,2,8,-1,1,-1