Accident_Index,Vehicle_Reference,Vehicle_Type,Towing_and_Articulation,Vehicle_Manoeuvre,Vehicle_Location-Restricted_Lane,Junction_Location,Skidding_and_Overturning,Hit_Object_in_Carriageway,Vehicle_Leaving_Carriageway,Hit_Object_off_Carriageway,1st_Point_of_Impact,Was_Vehicle_Left_Hand_Drive?,Journey_Purpose_of_Driver,Sex_of_Driver,Age_of_Driver,Age_Band_of_Driver,Engine_Capacity_(CC),Propulsion_Code,Age_of_Vehicle,Driver_IMD_Decile,Driver_Home_Area_Type,Vehicle_IMD_Decile
201506K000062,1,9,0,16,0,0,0,0,0,0,3,1,6,1,18,4,1124,1,13,-1,1,-1
201506K000155,1,9,0,18,0,8,0,0,0,0,3,1,1,1,46,8,-1,-1,-1,-1,1,-1
201506K000155,2,5,0,9,0,8,0,0,0,0,1,1,1,1,33,6,-1,-1,-1,-1,1,-1
201506K000219,1,9,0,9,0,8,0,0,0,0,1,1,6,1,39,7,1689,2,15,-1,1,-1
201506K000219,2,19,0,18,0,8,0,0,0,10,4,1,6,1,49,8,2402,2,6,-1,-1,-1
201506K000246,1,9,0,9,0,2,0,0,0,0,1,2,6,3,-1,-1,1229,1,8,-1,-1,-1
201506K000248,1,9,0,18,0,0,0,0,0,0,3,1,2,1,58,9,2184,2,12,-1,1,-1
201506K000248,2,4,0,18,0,0,0,0,0,0,4,1,2,1,65,9,124,1,16,-1,1,-1
201506K000387,1,9,0,18,0,8,0,0,0,0,1,1,1,2,64,9,1868,2,12,-1,1,-1
201506K000387,2,9,0,16,0,8,0,0,0,0,2,1,1,2,47,8,1242,1,12,-1,3,-1
201506K000403,1,9,0,9,0,6,0,0,0,0,3,1,6,2,29,6,1390,1,10,-1,1,-1
201506K000403,2,9,0,18,0,8,0,0,0,0,1,1,6,1,45,7,2660,2,19,-1,1,-1
201506K000500,1,9,0,16,0,3,0,0,7,0,3,1,6,1,27,6,1994,1,11,-1,1,-1
201506K000500,2,9,0,18,0,1,0,0,0,0,3,1,6,1,30,6,1968,2,4,-1,1,-1
201506K000545,1,9,0,18,0,1,0,0,0,0,0,1,6,1,29,6,1781,1,14,-1,1,-1
201506K000548,1,9,0,9,0,6,0,0,0,0,3,1,6,1,55,8,1995,2,5,-1,1,-1
201506K000548,2,9,0,18,0,8,0,0,0,0,1,1,6,1,30,6,1360,1,12,-1,-1,-1
201506K000648,1,9,0,3,0,1,0,0,0,0,2,1,6,1,39,7,2616,1,10,-1,3,-1
201506K000648,2,9,0,3,0,1,0,0,0,0,2,1,6,1,18,4,1229,1,2,-1,3,-1
201506K000648,3,9,0,3,0,1,0,0,0,0,2,1,6,1,19,4,1956,2,1,-1,1,-1
201506K000648,4,9,0,3,0,1,0,0,0,0,2,1,6,1,24,5,1998,1,10,-1,1,-1
201506K000696,1,9,0,9,0,8,0,0,0,0,1,1,6,2,34,6,1598,1,11,-1,1,-1
201506K000696,2,1,0,18,0,8,0,0,0,0,3,1,6,1,62,9,-1,-1,-1,-1,1,-1
201506K000696,3,9,0,2,0,1,0,0,0,0,3,1,6,1,27,6,1229,1,10,-1,1,-1
201506K000710,1,9,0,18,2,8,0,0,2,7,3,1,3,2,36,7,1329,1,4,-1,1,-1
201506K000710,2,19,0,3,0,8,0,0,0,0,4,1,1,1,55,8,-1,-1,-1,-1,1,-1
201506K000718,1,9,0,18,0,8,0,0,0,0,1,1,6,3,-1,-1,-1,-1,-1,-1,-1,-1
201506K000718,2,9,0,9,0,8,0,0,0,0,1,1,6,1,32,6,1995,2,13,-1,1,-1
201506K000737,1,9,0,5,0,2,0,0,0,0,1,1,6,1,86,11,1364,1,4,-1,1,-1
201506K000741,1,9,0,9,0,8,0,0,0,0,4,1,2,2,37,7,2099,1,13,-1,1,-1
201506K000741,2,9,0,18,0,8,0,0,0,0,1,1,2,1,42,7,1968,2,8,-1,1,-1
201506K000768,1,3,0,18,0,8,1,4,0,0,1,1,6,1,22,5,124,1,7,-1,1,-1
201506K000768,2,9,0,1,0,8,0,0,0,0,2,1,6,1,39,7,998,1,2,-1,1,-1
201506K000768,3,9,0,2,0,8,0,0,0,0,3,1,6,3,-1,-1,1598,1,10,-1,-1,-1
201506K000768,4,9,0,2,0,8,0,0,0,0,1,1,6,3,-1,-1,1242,1,3,-1,-1,-1
201506K000819,1,9,0,18,0,8,0,0,0,0,1,1,6,1,25,5,1686,2,11,-1,-1,-1
201506K000819,2,9,0,18,0,8,0,0,0,0,1,1,6,1,35,6,2457,1,7,-1,1,-1
201506K000821,1,9,0,18,0,0,0,0,0,0,3,1,3,1,25,5,998,1,14,-1,1,-1
201506K000988,1,9,0,6,0,0,0,0,0,0,3,1,6,2,71,10,1998,1,9,-1,1,-1
201506K000988,2,3,0,18,0,0,0,0,0,0,1,1,6,1,64,9,123,1,3,-1,1,-1
201506K000995,1,2,0,18,0,1,0,0,0,0,4,1,6,1,21,5,-1,-1,-1,-1,1,-1
201506K000995,2,9,0,9,0,1,0,0,0,0,3,1,1,1,39,7,1560,2,2,-1,1,-1
201506K001097,1,9,0,9,0,6,0,0,0,0,1,1,6,1,24,5,1399,1,12,-1,1,-1
201506K001097,2,3,0,18,0,6,2,0,0,0,3,1,6,1,48,8,124,1,5,-1,1,-1
201506K001242,1,11,0,4,0,1,0,0,0,0,0,1,1,1,69,10,6700,2,7,-1,1,-1
201506K001244,1,9,0,1,0,8,0,0,0,0,2,1,6,1,28,6,1229,1,1,-1,1,-1
201506K001411,1,9,0,9,0,8,0,0,0,0,1,1,6,2,52,8,1686,2,10,-1,1,-1
201506K001411,2,19,0,18,0,8,0,0,1,7,2,1,6,1,64,9,1248,2,7,-1,1,-1
201506K001473,1,9,0,13,0,0,0,0,0,0,1,1,6,2,33,6,1596,1,7,-1,-1,-1
201506K001514,1,9,0,9,0,8,0,0,0,0,3,1,6,2,30,6,1339,1,11,-1,1,-1
201506K001514,2,9,0,18,0,8,0,0,0,0,1,1,6,1,18,4,1587,1,12,-1,1,-1
201506K001613,1,9,0,7,0,1,0,0,0,0,1,1,6,2,28,6,1388,1,12,-1,1,-1
201506K001613,2,1,0,18,0,1,0,0,0,0,0,1,6,2,49,8,-1,-1,-1,-1,3,-1
201506K001698,1,9,0,3,0,1,0,0,0,0,1,1,2,1,43,7,-1,-1,-1,-1,-1,-1
201506K001698,2,1,0,3,0,1,0,0,0,0,2,1,1,2,43,7,-1,-1,-1,-1,1,-1
201506K001731,1,9,0,18,0,8,0,0,0,0,1,1,2,2,55,8,1560,2,8,-1,1,-1
201506K001731,2,1,0,18,0,8,0,0,0,0,1,1,2,1,54,8,-1,-1,-1,-1,1,-1
201506K001827,1,9,0,18,0,2,0,0,0,0,3,1,6,1,44,7,1995,2,7,-1,1,-1
201506K001961,1,9,0,5,0,5,0,0,0,0,4,1,6,1,45,7,1796,1,9,-1,1,-1
201506K001961,2,1,0,18,0,8,0,0,0,0,1,1,6,1,43,7,-1,-1,-1,-1,1,-1
201506K002100,1,9,0,5,0,8,0,0,0,0,0,1,6,1,30,6,-1,-1,-1,-1,-1,-1
201506K002202,1,19,0,18,0,8,0,0,0,10,1,1,6,1,57,9,1998,2,11,-1,-1,-1
201506K002202,2,9,0,18,0,8,0,0,0,0,1,1,6,1,27,6,1399,2,3,-1,1,-1
201506K002204,1,9,0,18,0,8,0,0,0,0,1,1,1,1,24,5,1796,1,14,-1,1,-1
201506K002204,2,9,0,18,0,8,0,0,0,0,4,1,6,2,54,8,1685,2,-1,-1,-1,-1
201506K002234,1,9,0,18,0,0,0,0,0,0,1,1,6,1,21,5,1800,1,15,-1,1,-1
201506K002234,2,9,0,3,0,0,0,0,0,0,2,1,6,1,44,7,1896,2,13,-1,-1,-1
201506K002234,3,9,0,3,0,0,0,0,0,0,4,1,6,1,48,8,1796,1,16,-1,1,-1
201506K002279,1,19,0,4,0,1,0,0,0,0,1,1,6,1,55,8,2150,2,11,-1,1,-1
201506K002279,2,9,0,3,0,1,0,0,0,0,2,1,6,2,51,8,-1,-1,-1,-1,1,-1
201506K002279,3,9,0,3,0,1,0,0,0,0,2,1,6,2,39,7,1242,1,10,-1,1,-1
201506K002358,1,9,0,9,0,8,0,0,0,0,1,1,6,1,30,6,-1,-1,-1,-1,1,-1
201506K002385,1,9,0,18,0,0,0,0,0,0,3,1,6,3,-1,-1,-1,-1,-1,-1,-1,-1
201506K002411,1,9,0,9,0,8,0,0,0,0,4,1,6,2,47,8,1560,2,1,-1,1,-1
201506K002411,2,1,0,18,0,8,0,0,0,0,0,1,1,1,47,8,-1,-1,-1,-1,1,-1
201506K002425,1,9,0,13,0,8,1,0,0,0,1,1,6,1,30,6,1905,2,17,-1,-1,-1
201506K002425,2,8,0,9,0,8,0,0,0,0,3,1,1,1,32,6,1497,8,8,-1,1,-1
201506K002471,1,9,0,18,0,0,0,0,0,0,4,1,6,1,81,11,1339,1,2,-1,1,-1
201506K002471,2,1,0,18,0,0,0,0,0,0,1,1,6,1,45,7,-1,-1,-1,-1,-1,-1
201506K002490,1,5,0,18,0,1,0,0,0,0,1,1,6,1,44,7,999,1,1,-1,1,-1
201506K002507,1,9,0,13,0,2,1,10,0,0,3,1,6,1,25,5,1598,1,10,-1,1,-1
201506K002507,2,9,0,18,0,2,0,0,0,0,0,1,1,1,30,6,2993,2,1,-1,1,-1
201506K002507,3,9,0,18,0,2,0,0,0,0,3,1,6,2,40,7,1596,1,8,-1,-1,-1
201506K002507,4,9,0,18,0,2,0,0,0,0,3,1,6,2,61,9,2231,2,4,-1,1,-1
201506K002507,5,19,0,18,0,2,0,0,0,0,1,1,1,1,48,8,2143,2,2,-1,-1,-1
201506K002507,6,9,0,3,0,2,0,0,0,0,3,1,6,1,69,10,1388,1,4,-1,1,-1
201506K002543,1,9,0,9,0,6,0,0,0,0,1,1,6,1,30,6,-1,-1,-1,-1,-1,-1
201506K002543,2,9,0,18,0,8,0,0,0,0,4,1,6,2,23,5,1968,2,9,-1,1,-1
201506K002550,1,9,0,18,0,0,0,0,0,0,4,1,6,2,29,6,1275,1,16,-1,1,-1
201506K002607,1,19,0,5,0,0,0,0,0,0,0,1,1,1,53,8,1753,2,4,-1,1,-1
201506K002607,2,2,0,18,0,0,0,0,0,0,0,1,1,1,50,8,49,1,-1,-1,1,-1
201506K002609,1,19,0,1,0,1,0,0,0,0,2,2,6,1,28,6,-1,-1,-1,-1,-1,-1
201506K002609,2,3,0,10,0,1,0,0,0,0,1,1,6,1,27,6,124,1,2,-1,1,-1
201506K002632,1,9,0,5,0,6,0,0,0,0,1,1,6,1,30,6,-1,-1,-1,-1,-1,-1
201506K002632,2,9,0,18,0,8,0,0,0,0,3,1,6,1,77,11,998,1,13,-1,1,-1
201506K002706,1,9,0,18,0,1,0,0,0,0,1,1,6,2,30,6,1149,1,12,-1,1,-1
201506K002706,2,9,0,3,0,1,0,0,0,0,2,1,6,2,63,9,1598,1,13,-1,1,-1
201506K002706,3,19,0,10,0,1,0,0,0,0,2,1,6,1,43,7,2402,2,7,-1,1,-1
201506K002717,1,9,0,18,0,3,0,0,0,0,1,1,3,1,41,7,1997,2,10,-1,1,-1
201506K002737,1,9,0,9,0,6,0,0,0,0,1,1,1,1,47,8,1995,2,12,-1,-1,-1
201506K002743,1,9,0,18,0,4,0,0,0,0,1,1,6,1,66,10,2498,1,14,-1,3,-1
201506K002743,2,9,0,18,0,4,0,0,0,0,2,1,6,1,33,6,998,1,4,-1,3,-1
201506K002752,1,20,0,17,0,1,5,10,2,2,4,1,6,1,56,9,-1,-1,-1,-1,1,-1
201506K002783,1,9,0,7,0,8,0,0,0,0,1,1,6,1,30,6,1997,2,5,-1,-1,-1
201506K002783,2,1,0,18,0,8,0,0,0,0,4,1,6,2,20,4,-1,-1,-1,-1,1,-1
201506K002822,1,4,0,17,0,1,0,10,7,0,1,1,6,1,23,5,125,1,-1,-1,1,-1
201506K002836,1,19,0,18,0,8,5,0,0,0,4,1,1,1,38,7,1598,2,-1,-1,-1,-1
201506K002836,2,9,0,7,0,8,0,0,0,0,1,1,6,2,22,5,1149,1,11,-1,3,-1
201506K002921,1,9,0,18,0,8,0,0,0,0,1,1,6,2,40,7,1461,2,5,-1,-1,-1
201506K002935,1,9,0,9,0,5,0,0,0,0,1,1,6,2,42,7,1598,1,10,-1,1,-1
201506K002935,2,1,0,18,0,8,0,0,0,0,3,1,6,1,24,5,-1,-1,-1,-1,1,-1
201506K002972,1,9,0,9,0,8,0,0,0,0,1,1,6,1,92,11,1329,1,5,-1,1,-1
201506K002972,2,5,0,18,0,8,0,0,0,0,4,1,6,1,21,5,-1,-1,-1,-1,1,-1
201506K002976,1,9,0,7,0,8,0,0,0,0,4,1,6,1,49,8,-1,-1,-1,-1,1,-1
201506K003105,1,9,0,18,0,0,0,4,0,0,1,1,6,2,67,10,1242,1,11,-1,1,-1
201506K003105,2,9,0,2,0,0,0,0,0,0,1,1,6,2,35,6,1582,1,8,-1,1,-1
201506K003109,1,9,0,18,0,0,0,0,0,0,1,1,6,2,81,11,1598,1,5,-1,1,-1
201506K003109,2,9,0,4,0,0,0,0,0,0,2,1,6,2,33,6,1229,1,7,-1,1,-1
201506K003148,1,9,0,18,0,2,0,0,0,0,1,1,6,3,-1,-1,-1,-1,-1,-1,-1,-1
201506K003164,1,9,0,18,0,8,0,0,0,0,3,1,2,2,31,6,1956,2,5,-1,1,-1
201506K003164,2,1,0,18,0,8,0,0,0,0,4,1,2,1,46,8,-1,-1,-1,-1,1,-1
201506K003176,1,9,0,18,0,4,0,0,0,0,3,1,6,1,40,7,1896,2,11,-1,1,-1
201506K003176,2,9,0,18,0,4,0,0,0,0,1,1,6,1,24,5,1910,2,9,-1,1,-1
201506K003186,1,9,0,4,0,0,0,0,0,0,1,1,6,2,39,7,1595,1,9,-1,1,-1
201506K003210,1,19,0,1,9,0,0,0,0,0,2,1,1,1,28,6,-1,-1,-1,-1,1,-1
201506K003263,1,9,0,9,0,8,0,0,0,0,1,1,6,1,29,6,998,1,10,-1,1,-1
201506K003263,2,5,0,18,0,8,0,0,0,0,3,1,6,1,56,9,-1,-1,-1,-1,1,-1
201506K003300,1,9,0,1,0,0,0,0,0,0,2,1,1,1,40,7,1910,2,9,-1,1,-1
201506K003300,2,9,0,2,0,0,0,0,0,0,2,1,1,1,50,8,1588,1,12,-1,1,-1
201506K003337,1,8,0,5,0,1,0,0,0,0,1,1,1,1,33,6,1956,2,1,-1,1,-1
201506K003349,1,9,0,14,0,1,0,0,0,0,4,1,6,2,-1,-1,1560,2,1,-1,-1,-1
201506K003369,1,9,0,18,0,0,0,0,0,0,0,1,6,1,25,5,1781,1,11,-1,1,-1
201506K003386,1,20,0,18,0,1,0,0,0,0,4,1,3,1,30,6,-1,-1,-1,-1,-1,-1
201506K003406,1,9,0,18,0,1,0,0,0,0,1,1,6,1,47,8,2776,2,9,-1,1,-1
201506K003406,2,9,0,4,0,1,0,0,0,0,2,1,6,2,57,9,1149,1,11,-1,1,-1
201506K003477,1,9,0,18,0,8,0,0,0,0,1,1,6,1,30,6,1195,1,17,-1,-1,-1
201506K003477,2,9,0,17,0,8,0,0,0,0,1,1,6,1,25,5,1598,2,3,-1,1,-1
201506K003477,3,9,0,2,0,8,0,0,0,0,0,1,6,3,-1,-1,1762,1,16,-1,-1,-1
201506K003501,1,9,0,18,0,1,1,0,0,0,1,1,6,2,50,8,1685,2,1,-1,-1,-1
201506K003506,1,1,0,18,4,0,0,0,0,0,1,1,6,1,32,6,-1,-1,-1,-1,1,-1
201506K003506,2,9,0,18,0,0,0,0,0,0,1,1,6,2,23,5,1598,1,9,-1,1,-1
201506K003506,3,9,0,2,4,0,0,0,0,0,2,1,6,3,20,4,1984,1,14,-1,-1,-1
201506K003510,1,9,0,7,0,2,0,0,1,0,1,1,6,1,17,4,1229,1,3,-1,1,-1
201506K003510,2,9,0,2,0,2,0,0,0,0,2,1,6,1,55,8,1497,8,8,-1,1,-1
201506K003516,1,9,0,18,0,0,0,0,0,0,3,1,6,1,32,6,1396,1,-1,-1,1,-1
201506K003528,1,9,0,7,0,2,0,0,0,0,1,1,6,2,44,7,2987,2,6,-1,1,-1
201506K003622,1,9,0,7,0,6,0,0,0,0,3,1,6,2,24,5,1686,2,10,-1,1,-1
201506K003622,2,9,0,18,0,8,0,0,0,0,1,1,6,1,38,7,3222,2,10,-1,1,-1
201506K003716,1,9,0,17,0,2,0,0,0,0,1,1,6,1,25,5,1598,1,1,-1,1,-1
201506K003727,1,1,0,18,0,2,0,0,0,0,1,1,6,1,9,2,-1,-1,-1,-1,1,-1
201506K003727,2,9,0,18,0,2,0,0,0,0,1,1,6,1,20,4,1299,1,13,-1,1,-1
201506K003729,1,9,0,7,0,6,0,0,0,0,1,1,6,1,28,6,1995,2,1,-1,1,-1
201506K003736,1,9,0,16,0,8,0,0,0,0,4,1,6,1,25,5,2987,2,1,-1,1,-1
201506K003787,1,9,0,9,0,8,0,0,0,0,1,1,1,1,47,8,-1,-1,-1,-1,1,-1
201506K003825,1,9,0,18,0,2,0,0,0,0,1,1,6,1,30,6,1686,2,3,-1,-1,-1
201506K003855,1,9,0,9,0,8,0,0,0,0,3,1,6,2,52,8,1560,2,2,-1,2,-1
201506K003855,2,1,0,18,0,8,0,0,0,0,1,1,6,1,42,7,-1,-1,-1,-1,-1,-1
201506K003864,1,1,0,18,0,0,0,0,0,0,1,1,6,1,15,3,-1,-1,-1,-1,1,-1
201506K003864,2,9,0,18,0,0,0,0,0,0,1,1,1,1,53,8,1686,2,5,-1,1,-1
201506K003878,1,1,0,18,0,8,0,0,0,0,1,1,6,1,10,2,-1,-1,-1,-1,1,-1
201506K003878,2,9,0,18,0,8,0,0,0,0,1,1,6,1,51,8,2902,2,7,-1,1,-1
201506K003888,1,9,0,18,0,1,0,0,0,0,1,1,6,1,56,9,2198,2,7,-1,1,-1
201506K003888,2,9,0,18,0,1,0,0,0,0,2,1,6,1,37,7,1968,2,1,-1,1,-1
201506K003911,1,9,0,18,0,0,0,0,0,0,1,1,6,3,-1,-1,1560,2,3,-1,-1,-1
201506K003921,1,19,0,18,0,0,1,0,0,0,1,1,1,1,38,7,2143,2,6,-1,1,-1
201506K003921,2,9,0,18,0,0,0,0,0,0,1,1,6,1,47,8,1560,2,5,-1,1,-1
201506K003964,1,9,0,9,0,6,0,0,0,0,4,1,6,1,70,10,1968,2,2,-1,1,-1
201506K003964,2,1,0,18,4,8,0,0,0,0,3,1,6,1,56,9,-1,-1,-1,-1,1,-1
201506K003968,1,19,0,18,0,8,0,0,0,0,4,1,1,2,32,6,1753,2,9,-1,1,-1
201506K004115,1,9,0,18,0,8,0,0,0,0,3,1,6,2,29,6,1598,1,8,-1,1,-1
201506K004115,2,5,0,18,0,8,0,0,0,0,1,1,6,1,30,6,-1,-1,-1,-1,1,-1
201506K004148,1,9,0,18,0,4,0,0,0,0,3,1,2,1,56,9,1560,2,11,-1,1,-1
201506K004148,2,1,0,18,0,8,0,0,0,0,1,1,2,1,35,6,-1,-1,-1,-1,1,-1
201506K004154,1,9,0,18,0,8,0,0,0,0,1,1,6,1,30,6,1595,1,15,-1,-1,-1
201506K004154,2,9,0,9,0,8,0,0,0,0,4,1,6,2,27,6,1397,1,13,-1,1,-1
201506K004156,1,9,0,18,0,8,0,0,0,0,1,1,6,1,17,4,1796,1,12,-1,1,-1
201506K004156,2,9,0,18,0,8,0,0,0,0,1,1,6,1,37,7,1560,2,1,-1,1,-1
201506K004196,1,9,0,9,0,8,0,0,7,0,1,1,6,1,24,5,1798,1,9,-1,1,-1
201506K004196,2,9,0,9,0,8,0,0,0,0,0,1,6,1,40,7,2184,2,12,-1,1,-1
201506K004284,1,9,0,18,0,0,0,0,0,0,1,1,6,3,-1,-1,-1,-1,-1,-1,-1,-1
201506K004332,1,9,0,18,0,0,0,0,0,0,1,1,6,1,54,8,1229,1,1,-1,1,-1
201506K004337,1,9,0,18,0,8,0,0,0,0,1,2,6,3,-1,-1,-1,-1,-1,-1,-1,-1
201506K004337,2,9,0,18,0,8,0,0,0,0,1,1,6,2,59,9,2204,2,8,-1,1,-1
201506K004405,1,9,0,18,0,2,0,0,0,0,1,1,6,1,28,6,998,1,12,-1,1,-1
201506K004530,1,9,0,5,0,8,0,0,0,0,4,1,6,1,30,6,1390,1,8,-1,1,-1
201506K004530,2,5,0,18,0,8,0,0,0,0,1,1,6,1,43,7,-1,-1,-1,-1,1,-1
201506K004556,1,3,0,18,0,1,0,0,0,0,1,1,6,1,17,4,125,1,7,-1,1,-1
201506K004556,2,9,0,2,0,1,0,0,0,0,1,1,6,3,-1,-1,-1,-1,-1,-1,-1,-1
201506K004576,1,9,0,9,0,8,0,0,0,0,1,1,6,1,57,9,1590,1,14,-1,1,-1
201506K004576,2,9,0,18,0,8,0,0,0,0,3,1,6,1,43,7,1995,2,11,-1,1,-1
201506K004577,1,9,4,18,0,0,0,0,0,0,1,1,6,1,24,5,2494,2,8,-1,1,-1
201506K004577,2,9,0,3,0,0,0,0,0,0,2,1,6,2,55,8,2993,2,3,-1,1,-1
201506K004577,3,9,0,3,0,0,0,0,0,0,2,1,6,1,59,9,1461,2,9,-1,1,-1
201506K004631,1,9,0,18,0,0,0,0,0,0,1,1,6,1,25,5,6208,1,2,-1,1,-1
201506K004631,2,9,0,18,0,0,0,0,0,0,1,1,6,1,29,6,1461,2,4,-1,1,-1
201506K004631,3,9,0,18,0,0,0,0,0,0,2,1,6,1,26,6,1598,1,10,-1,1,-1
201506K004631,4,9,0,2,0,0,0,0,0,0,1,1,6,1,30,6,1598,1,10,-1,1,-1
201506K004631,5,9,0,2,0,0,0,0,0,0,1,1,6,1,30,6,-1,-1,-1,-1,1,-1
201506K004631,6,9,0,2,0,0,0,0,0,0,1,1,6,1,30,6,1598,1,6,-1,1,-1
201506K004713,1,9,0,18,0,8,0,0,0,0,1,1,6,1,30,6,-1,-1,-1,-1,-1,-1
201506K004713,2,9,0,4,0,8,0,0,0,0,2,1,1,1,40,7,1995,2,13,-1,1,-1
201506K004713,3,9,0,3,0,8,0,0,0,0,1,1,6,2,71,10,1388,1,7,-1,1,-1
201506K004720,1,9,0,9,4,5,0,0,0,0,4,1,6,1,81,11,1560,2,-1,-1,1,-1
201506K004720,2,1,0,18,4,8,0,0,0,0,1,1,6,1,64,9,-1,-1,-1,-1,1,-1
201506K004725,1,9,0,16,0,0,0,0,0,0,1,1,1,1,20,4,1390,1,13,-1,1,-1
201506K004725,2,9,0,17,0,0,0,0,1,0,1,1,2,2,43,7,1560,2,7,-1,1,-1
201506K004727,1,9,0,18,0,8,0,0,0,0,0,1,6,3,-1,-1,-1,-1,-1,-1,-1,-1
201506K004727,2,90,0,18,0,8,0,0,0,0,2,1,6,1,56,9,-1,-1,-1,-1,1,-1
201506K004727,3,90,0,18,0,1,0,0,0,0,1,1,6,1,67,10,-1,-1,-1,-1,1,-1
201506K004727,4,9,0,18,0,1,0,0,0,0,1,1,6,1,21,5,1364,1,7,-1,1,-1
201506K004738,1,9,0,18,0,8,0,0,0,0,4,1,6,1,30,6,1242,1,13,-1,-1,-1
201506K004738,2,9,0,18,0,8,0,0,0,0,1,1,6,2,35,6,1798,1,6,-1,1,-1
201506K004862,1,9,0,18,0,8,0,0,0,0,4,1,6,2,54,8,1248,1,3,-1,1,-1
201506K004897,1,9,0,9,0,8,0,0,0,0,3,1,6,2,22,5,1299,1,10,-1,1,-1
201506K004897,2,8,0,18,0,8,0,0,0,0,1,1,1,1,30,6,1896,2,8,-1,1,-1
201506K004925,1,9,0,7,0,6,0,0,0,0,0,1,6,2,30,6,2199,2,5,-1,1,-1
201506K004925,2,1,0,18,0,8,0,0,0,0,1,1,6,1,26,6,-1,-1,-1,-1,1,-1
201506K004925,3,9,0,7,0,5,0,0,0,0,4,1,6,2,64,9,-1,-1,-1,-1,1,-1
201506K004995,1,9,0,18,0,0,0,0,0,0,1,1,6,2,76,11,1799,1,8,-1,1,-1
201506K005009,1,9,0,18,0,0,2,0,8,10,4,1,6,1,45,7,1587,1,14,-1,-1,-1
201506K005160,1,9,0,18,0,8,0,0,0,0,4,1,1,1,54,8,1086,1,9,-1,1,-1
201506K005160,2,9,0,18,0,8,0,0,0,0,1,1,1,1,49,8,1995,2,8,-1,1,-1
201506K005466,1,9,0,4,0,0,0,0,0,0,1,1,6,2,27,6,1364,1,6,-1,1,-1
201506K005466,2,9,0,4,0,0,0,0,0,0,2,1,6,2,45,7,1199,1,15,-1,1,-1
201506K005466,3,9,0,4,0,0,0,0,0,0,2,1,6,2,33,6,1560,2,4,-1,1,-1
201506K005471,1,9,0,18,0,8,0,0,0,10,1,1,6,1,22,5,2179,2,7,-1,-1,-1
201506K005471,2,9,0,18,0,8,0,0,0,0,4,1,1,1,31,6,1998,6,15,-1,-1,-1
201506K005494,1,9,0,18,0,2,0,0,0,0,0,1,6,2,45,7,1596,1,13,-1,1,-1
201506K005554,1,9,0,9,0,2,0,0,0,0,3,1,6,2,30,6,998,1,13,-1,1,-1
201506K005557,1,9,0,9,0,6,0,0,0,0,1,1,2,1,35,6,1968,2,7,-1,1,-1
201506K005557,2,11,0,18,0,8,0,0,0,0,1,1,1,1,23,5,6700,2,3,-1,1,-1
201506K005557,3,9,0,2,0,1,0,0,0,0,3,1,6,1,32,6,2993,2,8,-1,1,-1
201506K005559,1,9,0,18,0,0,0,0,0,0,1,1,6,2,35,6,1900,2,16,-1,1,-1
201506K005559,2,9,0,4,0,0,0,0,0,0,2,1,6,2,38,7,1797,8,-1,-1,1,-1
201506K005620,1,9,0,4,0,0,0,0,0,0,2,1,6,2,25,5,1242,1,3,-1,1,-1
201506K005620,2,9,0,18,0,0,0,0,0,0,1,1,6,2,39,7,998,1,15,-1,1,-1
201506K005621,1,9,0,5,0,1,0,0,0,0,1,1,6,3,30,6,1997,2,1,-1,-1,-1
201506K005621,2,9,0,2,0,1,0,0,0,0,2,1,6,1,21,5,-1,-1,-1,-1,1,-1
201506K005658,1,9,0,9,0,8,0,0,0,0,4,1,6,2,30,6,1598,1,10,-1,-1,-1
201506K005658,2,1,0,18,0,8,0,0,0,0,1,1,6,1,14,3,-1,-1,-1,-1,-1,-1
201506K005675,1,9,0,4,0,1,0,0,0,0,0,1,6,1,35,6,1995,2,11,-1,-1,-1
201506K005692,1,9,0,7,0,8,0,0,0,0,3,1,6,1,21,5,1896,2,12,-1,1,-1
201506K005692,2,5,0,18,0,8,0,0,0,0,1,1,6,1,50,8,592,1,24,-1,3,-1
201506K005714,1,8,0,3,0,1,1,0,0,0,1,1,6,1,22,5,1896,2,8,-1,1,-1
201506K005714,2,9,0,3,0,1,0,0,0,0,2,1,6,2,24,5,1498,1,5,-1,1,-1
201506K005767,1,9,0,18,0,0,0,0,5,4,1,1,2,1,22,5,1398,1,2,-1,-1,-1
201506K005780,1,9,0,18,0,0,0,7,0,0,1,1,6,2,67,10,998,1,-1,-1,1,-1
201506K005780,2,9,0,18,0,0,0,0,0,0,3,1,1,1,22,5,-1,-1,-1,-1,1,-1
201506K005801,1,9,0,18,0,2,0,0,0,0,1,1,6,1,29,6,1197,1,-1,-1,1,-1
201506K005831,1,8,0,18,0,0,0,0,0,0,1,1,6,1,23,5,1797,8,3,-1,-1,-1
201506K005833,1,19,0,18,0,1,0,0,0,0,1,1,1,1,30,6,5480,2,11,-1,-1,-1
201506K005833,2,9,0,3,0,1,0,0,0,0,2,1,2,2,42,7,1598,1,11,-1,1,-1