Accident_Index,Vehicle_Reference,Vehicle_Type,Towing_and_Articulation,Vehicle_Manoeuvre,Vehicle_Location-Restricted_Lane,Junction_Location,Skidding_and_Overturning,Hit_Object_in_Carriageway,Vehicle_Leaving_Carriageway,Hit_Object_off_Carriageway,1st_Point_of_Impact,Was_Vehicle_Left_Hand_Drive?,Journey_Purpose_of_Driver,Sex_of_Driver,Age_of_Driver,Age_Band_of_Driver,Engine_Capacity_(CC),Propulsion_Code,Age_of_Vehicle,Driver_IMD_Decile,Driver_Home_Area_Type,Vehicle_IMD_Decile
201501BS70378,2,8,0,18,0,1,0,0,0,0,1,1,1,1,-1,-1,1997,2,2,-1,1,-1
201501BS70380,1,9,0,9,0,8,0,0,0,0,1,1,6,1,44,7,1343,1,10,-1,-1,-1
201501BS70380,2,1,0,18,0,8,0,0,0,0,1,1,6,1,51,8,-1,-1,-1,-1,1,-1
201501BS70381,1,9,0,6,0,0,0,0,0,0,3,1,6,1,23,5,999,1,2,-1,1,-1
201501BS70381,2,5,0,16,0,0,0,0,0,0,1,1,6,1,-1,-1,1050,1,1,-1,1,-1
201501BS70382,1,1,0,18,0,8,0,0,0,0,1,1,6,2,31,6,-1,-1,-1,-1,1,-1
201501BS70382,2,8,0,18,0,8,0,0,0,0,1,1,1,1,-1,-1,1798,8,1,-1,-1,-1
201501BS70383,1,9,0,18,0,8,0,0,0,0,1,1,6,1,-1,-1,-1,-1,-1,-1,-1,-1
201501BS70385,1,8,0,18,0,0,0,0,0,0,1,1,1,1,-1,-1,-1,-1,-1,-1,-1,-1
201501BS70387,1,1,0,18,0,1,0,0,0,0,1,1,6,1,28,6,-1,-1,-1,-1,1,-1
201501BS70387,2,9,0,2,0,1,0,0,0,0,3,1,6,2,-1,-1,1149,1,10,-1,1,-1
201501BS70388,1,1,0,18,0,1,0,0,0,0,3,1,6,1,22,5,-1,-1,-1,-1,-1,-1
201501BS70388,2,11,0,18,0,1,0,0,0,0,4,1,1,3,-1,-1,-1,-1,-1,-1,-1,-1
201501BS70390,1,8,0,17,0,8,0,0,0,0,1,1,1,1,49,8,2143,2,1,-1,1,-1
201501BS70390,2,1,0,18,0,8,0,0,0,0,1,1,6,2,58,9,-1,-1,-1,-1,1,-1
201501BS70391,1,8,0,11,0,0,0,0,0,0,4,1,6,1,49,8,2179,2,1,-1,1,-1
201501BS70391,2,3,0,18,0,0,0,0,0,0,1,1,6,1,17,4,124,1,10,-1,1,-1
201501BS70392,1,8,0,18,0,1,0,0,0,0,1,1,1,2,42,7,2499,2,-1,-1,1,-1
201501BS70393,1,11,0,4,0,8,0,0,0,0,0,1,1,1,42,7,4760,2,3,-1,1,-1
201501BS70394,1,3,0,18,0,8,0,0,0,0,1,1,6,1,23,5,-1,-1,-1,-1,1,-1
201501BS70395,1,8,0,2,0,0,0,0,0,0,4,1,1,1,40,7,998,1,5,-1,1,-1
201501BS70395,2,1,0,18,0,0,0,0,0,0,1,1,6,1,35,6,-1,-1,-1,-1,1,-1
201501BS70396,1,8,0,18,0,8,0,0,0,0,1,1,6,1,47,8,1997,2,4,-1,1,-1
201501BS70396,2,1,0,9,0,8,0,0,0,0,1,1,6,1,38,7,-1,-1,-1,-1,1,-1
201501BS70397,1,9,0,7,0,8,0,0,0,0,4,1,6,1,46,8,2148,2,7,-1,1,-1
201501BS70397,2,2,0,7,0,8,0,0,0,0,1,1,6,1,-1,-1,125,1,9,-1,-1,-1
201501BS70399,1,19,0,7,0,8,0,0,0,0,2,1,6,1,48,8,1248,2,6,-1,1,-1
201501BS70399,2,9,0,18,0,1,0,0,0,0,1,1,6,1,-1,-1,1229,1,5,-1,-1,-1
201501BS70400,1,1,0,18,0,2,0,0,0,0,2,1,6,1,40,7,-1,-1,-1,-1,-1,-1
201501BS70400,2,9,0,13,0,2,0,0,0,0,1,1,6,1,-1,-1,2993,2,-1,-1,-1,-1
201501BS70401,1,8,0,7,0,8,0,0,0,0,1,1,6,1,54,8,-1,-1,-1,-1,1,-1
201501BS70402,1,11,0,18,0,0,0,0,0,0,1,1,6,1,37,7,7300,2,13,-1,1,-1
201501BS70403,1,9,0,7,0,8,0,0,0,0,4,1,1,1,51,8,2987,2,4,-1,1,-1
201501BS70403,2,1,0,18,0,8,0,0,0,0,3,1,6,1,32,6,-1,-1,-1,-1,1,-1
201501BS70404,1,1,0,18,0,8,0,0,0,0,1,1,6,2,36,7,-1,-1,-1,-1,1,-1
201501BS70404,2,9,0,9,0,8,0,0,0,0,3,1,6,3,-1,-1,-1,-1,-1,-1,-1,-1
201501BS70405,1,1,0,18,0,1,0,0,0,0,1,1,6,2,47,8,-1,-1,-1,-1,1,-1
201501BS70405,2,19,0,2,0,1,0,0,0,0,3,1,6,1,44,7,-1,-1,-1,-1,1,-1
201501BS70406,1,3,0,18,0,8,0,0,0,0,1,1,6,1,30,6,125,1,7,-1,1,-1
201501BS70406,2,8,0,18,0,8,0,0,0,0,3,1,1,1,53,8,-1,-1,-1,-1,1,-1
201501BS70408,1,19,0,9,0,8,0,0,0,0,1,1,1,1,27,6,1560,2,1,-1,1,-1
201501BS70409,1,9,0,18,0,0,0,0,0,0,2,1,2,2,43,7,1560,2,1,-1,1,-1
201501BS70409,2,9,0,18,0,0,0,0,0,0,1,1,6,2,24,5,-1,-1,-1,-1,1,-1
201501BS70410,1,8,0,18,0,8,0,0,0,0,4,1,1,1,61,9,2231,2,8,-1,1,-1
201501BS70411,1,9,0,12,0,0,0,0,0,0,3,1,6,2,38,7,1598,1,6,-1,1,-1
201501BS70411,2,4,0,18,0,0,0,0,0,0,4,1,6,1,46,8,249,1,3,-1,1,-1
201501BS70412,1,9,0,18,0,8,0,0,0,0,0,1,6,1,27,6,1989,1,13,-1,1,-1
201501BS70413,1,9,0,9,0,8,0,0,0,0,3,1,6,2,46,8,1995,2,2,-1,1,-1
201501BS70413,2,1,0,18,0,8,0,0,0,0,1,1,6,1,21,5,-1,-1,-1,-1,1,-1
201501BS70417,1,8,0,9,0,8,0,0,0,0,4,1,6,1,52,8,2499,2,6,-1,1,-1
201501BS70417,2,3,0,18,0,8,0,0,0,0,1,1,6,1,20,4,125,1,7,-1,1,-1
201501BS70418,1,9,0,9,0,8,0,0,0,0,1,1,6,2,-1,-1,1390,1,3,-1,-1,-1
201501BS70419,1,8,0,9,0,8,0,0,0,0,1,1,1,1,52,8,2664,2,16,-1,1,-1
201501BS70420,1,1,0,14,0,1,0,8,0,0,1,1,6,1,41,7,-1,-1,-1,-1,1,-1
201501BS70420,2,9,0,2,0,1,0,0,0,0,3,1,6,1,-1,-1,1198,1,4,-1,-1,-1
201501BS70421,1,8,0,18,0,0,0,0,0,0,4,1,1,1,48,8,2664,2,15,-1,1,-1
201501BS70421,2,9,0,18,0,0,0,0,0,0,1,1,6,1,24,5,2143,2,4,-1,1,-1
201501BS70422,1,8,0,18,0,8,0,0,0,0,1,1,6,1,55,8,1796,1,4,-1,1,-1
201501BS70423,1,9,0,3,0,8,0,0,0,0,2,1,6,1,60,9,1685,2,1,-1,1,-1
201501BS70423,2,9,0,18,0,8,0,0,0,0,1,1,6,1,32,6,2231,2,3,-1,1,-1
201501BS70424,1,1,0,18,0,8,0,0,0,0,2,1,6,1,24,5,-1,-1,-1,-1,1,-1
201501BS70424,2,3,0,13,0,8,0,0,0,0,1,1,6,1,-1,-1,-1,-1,-1,-1,-1,-1
201501BS70425,1,9,0,18,0,8,0,0,0,0,4,1,6,1,46,8,1968,2,1,-1,-1,-1
201501BS70425,2,8,0,18,0,8,0,0,0,0,1,1,6,1,32,6,-1,-1,-1,-1,1,-1
201501BS70426,1,1,0,11,0,0,0,10,0,0,3,1,6,1,35,6,-1,-1,-1,-1,1,-1
201501BS70426,2,9,0,18,0,0,0,0,0,0,4,1,6,1,-1,-1,-1,-1,-1,-1,-1,-1
201501BS70427,1,8,0,4,0,0,0,0,0,0,2,1,1,1,35,6,1797,8,5,-1,1,-1
201501BS70427,2,9,0,4,0,0,0,0,0,0,1,1,6,1,-1,-1,1799,1,7,-1,-1,-1
201501BS70428,1,9,0,7,0,8,0,0,0,0,4,1,6,2,-1,-1,999,1,3,-1,1,-1
201501BS70428,2,1,0,18,0,8,0,0,0,0,1,1,6,1,26,6,-1,-1,-1,-1,1,-1
201501BS70429,1,3,0,18,0,8,0,0,0,0,1,1,6,1,37,7,125,1,1,-1,1,-1
201501BS70430,1,19,0,7,0,8,0,0,0,0,4,1,6,1,24,5,1995,2,2,-1,1,-1
201501BS70430,2,1,0,18,0,8,0,0,0,0,1,1,6,1,35,6,-1,-1,-1,-1,-1,-1
201501BS70431,1,3,0,18,0,8,0,0,0,0,1,1,6,1,29,6,125,1,12,-1,1,-1
201501BS70431,2,8,0,9,0,8,0,0,0,0,3,1,1,1,21,5,2499,2,-1,-1,-1,-1
201501BS70432,1,9,0,3,0,8,0,0,0,0,2,1,6,1,40,7,1896,2,11,-1,1,-1
201501BS70432,2,3,0,18,0,8,0,0,0,0,1,1,6,1,-1,-1,124,1,7,-1,-1,-1
201501BS70433,1,1,0,18,0,8,0,0,0,0,1,1,6,1,19,4,-1,-1,-1,-1,1,-1
201501BS70433,2,9,0,4,0,8,0,0,0,0,2,1,6,2,-1,-1,-1,-1,-1,-1,1,-1
201501BS70434,1,9,0,3,0,8,0,0,0,0,2,1,6,2,39,7,1591,1,1,-1,1,-1
201501BS70434,2,9,0,18,0,8,0,0,0,0,1,1,6,1,-1,-1,-1,-1,-1,-1,-1,-1
201501BS70436,1,1,0,16,0,8,0,0,0,0,1,1,6,1,57,9,-1,-1,-1,-1,1,-1
201501BS70436,2,9,0,9,0,8,0,0,0,0,1,1,6,2,38,7,1339,8,2,-1,1,-1
201501BS70438,1,9,0,18,0,8,0,0,0,0,4,1,6,1,-1,-1,1798,1,6,-1,-1,-1
201501BS70438,2,1,0,18,0,8,0,0,0,0,3,1,6,1,39,7,-1,-1,-1,-1,1,-1
201501BS70439,1,9,0,18,0,8,0,0,1,0,1,1,6,1,51,8,-1,-1,-1,-1,-1,-1
201501BS70439,2,9,0,7,0,8,0,0,0,0,3,1,6,1,-1,-1,-1,-1,-1,-1,-1,-1
201501BS70440,1,1,0,3,0,8,0,0,0,0,2,1,6,1,36,7,-1,-1,-1,-1,1,-1
201501BS70440,2,9,0,18,0,8,0,0,0,0,1,1,6,1,-1,-1,-1,-1,-1,-1,-1,-1
201501BS70441,1,9,0,12,0,0,0,0,0,0,3,1,6,1,27,6,2143,2,1,-1,1,-1
201501BS70441,2,3,0,18,0,0,0,0,0,0,4,1,6,1,23,5,108,1,1,-1,1,-1
201501BS70443,1,9,0,18,0,0,0,0,0,0,1,1,6,1,35,6,1749,1,13,-1,1,-1
201501BS70443,2,9,0,3,0,0,0,0,0,0,2,1,6,1,38,7,1600,2,6,-1,1,-1
201501BS70444,1,9,0,7,0,8,0,0,0,0,1,1,6,2,40,7,1598,1,8,-1,1,-1
201501BS70445,1,1,0,18,0,8,0,0,0,0,1,1,6,1,38,7,-1,-1,-1,-1,1,-1
201501BS70445,2,8,0,7,0,8,0,0,0,0,0,1,1,1,-1,-1,2402,2,9,-1,-1,-1
201501BS70446,1,8,0,17,0,8,0,0,0,0,1,1,1,1,48,8,1995,2,6,-1,1,-1
201501BS70446,2,1,0,18,0,8,0,0,0,0,3,1,6,1,21,5,-1,-1,-1,-1,-1,-1
201501BS70447,1,1,0,18,0,8,0,8,0,0,1,1,6,1,31,6,-1,-1,-1,-1,1,-1
201501BS70447,2,8,0,2,0,8,0,0,0,0,3,1,1,2,43,7,1797,8,4,-1,1,-1
201501BS70448,1,1,0,18,0,8,0,0,0,0,1,1,6,1,44,7,-1,-1,-1,-1,1,-1
201501BS70448,2,9,0,9,0,8,0,0,0,0,4,1,6,3,-1,-1,-1,-1,-1,-1,-1,-1
201501BS70449,1,3,0,18,0,8,0,0,0,0,1,1,6,1,21,5,125,1,-1,-1,1,-1
201501BS70450,1,1,0,17,0,8,0,0,0,0,3,1,6,1,19,4,-1,-1,-1,-1,1,-1
201501BS70450,2,9,0,17,0,8,0,0,0,0,4,1,6,1,-1,-1,-1,-1,-1,-1,-1,-1
201501BS70451,1,9,0,16,0,1,0,0,0,0,2,1,6,1,32,6,1998,1,17,-1,1,-1
201501BS70451,2,9,0,16,0,1,0,0,0,0,1,1,6,1,-1,-1,-1,-1,-1,-1,-1,-1
201501BS70452,1,3,0,18,0,0,0,0,0,0,1,1,6,1,20,4,124,1,12,-1,1,-1
201501BS70452,2,8,0,6,0,0,0,0,0,0,3,1,6,1,39,7,2987,2,4,-1,1,-1
201501BS70453,1,5,0,18,0,8,0,0,0,0,1,1,6,1,49,8,803,1,4,-1,3,-1
201501BS70455,1,5,0,9,0,8,0,10,0,0,3,1,6,1,-1,-1,-1,-1,-1,-1,-1,-1
201501BS70457,1,3,0,18,0,0,0,0,0,0,1,1,6,1,29,6,-1,-1,-1,-1,1,-1
201501BS70457,2,9,0,6,0,0,0,0,0,0,4,1,6,1,-1,-1,-1,-1,-1,-1,-1,-1
201501BS70458,1,9,0,1,0,1,0,0,0,0,2,1,6,1,75,10,999,1,3,-1,1,-1
201501BS70459,1,21,0,7,0,8,0,0,0,0,4,1,1,1,48,8,7146,2,7,-1,1,-1
201501BS70459,2,1,0,15,0,8,0,0,0,0,1,1,6,2,54,8,-1,-1,-1,-1,-1,-1
201501BS70462,1,3,0,16,0,8,0,0,0,0,4,1,6,1,22,5,108,1,1,-1,1,-1
201501BS70463,1,9,0,4,0,8,0,0,0,0,0,1,6,1,51,8,1598,2,-1,-1,1,-1
201501BS70463,2,1,0,18,0,8,0,0,0,0,1,1,6,1,49,8,-1,-1,-1,-1,1,-1
201501BS70464,1,1,0,18,0,0,0,10,0,0,2,1,6,1,39,7,-1,-1,-1,-1,1,-1
201501BS70464,2,1,0,18,0,0,0,10,1,4,3,1,6,1,24,5,-1,-1,-1,-1,1,-1
201501BS70464,3,9,0,18,0,0,0,0,0,0,1,1,6,3,-1,-1,-1,-1,-1,-1,-1,-1
201501BS70465,1,5,0,18,0,8,0,0,0,0,1,1,6,1,34,6,745,1,4,-1,1,-1
201501BS70465,2,9,0,6,0,8,0,0,0,0,3,1,6,1,19,4,2143,12,-1,-1,1,-1
201501BS70466,1,1,0,18,0,8,0,0,0,0,4,1,6,2,25,5,-1,-1,-1,-1,1,-1
201501BS70466,2,8,0,18,0,8,0,0,0,0,1,1,6,3,-1,-1,-1,-1,-1,-1,-1,-1
201501BS70467,1,2,0,18,0,8,0,0,0,0,1,1,6,1,19,4,-1,-1,-1,-1,1,-1
201501BS70467,2,9,0,2,0,8,0,0,0,0,1,1,6,1,39,7,1794,1,10,-1,1,-1
201501BS70468,1,9,0,18,0,0,0,0,0,0,4,1,6,1,31,6,1995,2,6,-1,1,-1
201501BS70468,2,9,0,12,0,0,0,0,0,0,3,1,6,1,-1,-1,2987,2,4,-1,-1,-1
201501BS70470,1,19,0,9,0,8,0,0,0,0,1,1,6,1,27,6,2198,2,2,-1,1,-1
201501BS70470,2,1,0,18,0,8,0,0,0,0,1,1,6,1,31,6,-1,-1,-1,-1,1,-1
201501BS70471,1,3,0,18,0,8,0,0,0,0,1,1,6,1,61,9,278,1,5,-1,1,-1
201501BS70472,1,3,0,18,0,8,0,0,0,0,1,1,6,1,40,7,124,1,9,-1,1,-1
201501BS70472,2,9,0,9,0,8,0,0,0,0,2,1,6,1,49,8,-1,-1,-1,-1,1,-1
201501BS70473,1,8,0,18,0,8,0,10,3,2,1,1,1,1,50,8,1896,2,9,-1,1,-1
201501BS70475,1,9,0,9,0,8,0,0,0,0,4,1,6,1,35,6,1796,1,2,-1,1,-1
201501BS70475,2,3,0,18,0,8,0,0,0,0,1,1,6,1,20,4,124,1,8,-1,1,-1
201501BS70476,1,11,0,4,0,8,0,0,0,0,1,1,1,1,33,6,4461,2,2,-1,1,-1
201501BS70476,2,3,0,11,0,8,0,0,0,0,2,1,6,1,27,6,108,1,1,-1,1,-1
201501BS70477,1,11,0,4,0,8,0,0,0,0,2,1,6,1,52,8,2148,2,7,-1,1,-1
201501BS70477,2,3,0,18,0,8,0,0,0,0,1,1,6,1,40,7,124,1,11,-1,1,-1
201501BS70478,1,9,0,11,0,1,0,0,0,0,4,1,2,1,28,6,-1,-1,-1,-1,-1,-1
201501BS70478,2,1,0,18,0,1,0,0,0,0,3,1,2,1,32,6,-1,-1,-1,-1,1,-1
201501BS70479,1,9,0,18,0,0,0,0,0,0,3,1,6,2,36,7,1998,1,14,-1,1,-1
201501BS70479,2,9,0,2,0,0,0,0,0,0,4,1,6,3,-1,-1,1699,1,7,-1,-1,-1
201501BS70480,1,5,0,18,0,8,0,0,0,0,4,1,6,1,32,6,656,1,6,-1,1,-1
201501BS70481,1,9,0,3,0,0,0,0,0,0,1,1,6,1,-1,-1,-1,-1,-1,-1,-1,-1
201501BS70484,1,9,0,6,0,8,0,0,0,0,1,1,6,3,-1,-1,-1,-1,-1,-1,-1,-1
201501BS70485,1,9,0,18,0,8,0,0,0,0,3,1,6,1,-1,-1,1796,1,15,-1,1,-1
201501BS70485,2,9,0,9,0,8,0,0,0,0,1,1,6,1,31,6,1600,2,5,-1,1,-1
201501BS70486,1,11,0,9,0,8,0,0,0,0,4,1,1,1,37,7,6700,2,3,-1,1,-1
201501BS70486,2,5,0,18,0,8,0,0,0,0,1,1,6,2,31,6,1170,1,-1,-1,3,-1
201501BS70487,1,9,0,9,0,8,0,0,0,0,2,1,6,1,30,6,1797,8,3,-1,1,-1
201501BS70487,2,1,0,18,0,8,0,0,0,0,1,1,6,1,28,6,-1,-1,-1,-1,1,-1
201501BS70488,1,8,0,13,0,8,0,0,0,0,1,1,1,1,24,5,1956,2,5,-1,1,-1
201501BS70488,2,1,0,7,0,8,0,0,0,0,2,1,2,1,49,8,-1,-1,-1,-1,1,-1
201501BS70489,1,19,0,18,0,8,0,0,0,0,1,1,1,1,28,6,2198,2,2,-1,1,-1
201501BS70490,1,9,0,17,0,8,0,0,0,0,2,1,6,1,25,5,-1,-1,-1,-1,-1,-1
201501BS70490,2,8,0,17,0,8,0,0,0,0,1,1,6,1,50,8,2143,2,5,-1,1,-1
201501BS70492,1,9,0,18,0,8,0,10,0,0,3,1,6,1,19,4,1995,2,4,-1,1,-1
201501BS70492,2,8,0,11,0,8,0,0,0,0,4,1,1,1,-1,-1,1968,2,6,-1,1,-1
201501BS70493,1,8,0,5,0,2,0,0,0,0,0,1,1,1,-1,-1,-1,-1,-1,-1,-1,-1
201501BS70495,1,19,0,18,0,8,0,0,0,0,1,1,1,1,-1,-1,1995,2,2,-1,-1,-1
201501BS70496,1,9,0,18,0,1,0,0,0,0,1,1,6,1,33,6,1796,1,12,-1,1,-1
201501BS70496,2,9,0,3,0,1,0,0,0,0,2,1,6,1,41,7,-1,-1,-1,-1,2,-1
201501BS70496,3,19,0,3,0,8,0,0,0,0,2,1,6,1,-1,-1,-1,-1,-1,-1,1,-1
201501BS70497,1,3,0,18,0,1,0,0,0,0,1,1,6,1,-1,-1,-1,-1,-1,-1,-1,-1
201501BS70498,1,19,0,9,0,8,0,0,0,0,4,1,1,1,47,8,2198,2,1,-1,1,-1
201501BS70498,2,3,0,17,0,8,0,0,0,0,1,1,1,1,30,6,108,1,1,-1,1,-1
201501BS70499,1,3,0,4,0,8,0,0,0,0,3,1,6,1,26,6,125,1,9,-1,1,-1
201501BS70500,1,9,0,9,0,8,0,10,3,10,1,1,6,2,81,11,1390,1,5,-1,1,-1
201501BS70501,1,3,0,18,0,8,0,0,0,0,1,1,6,1,36,7,-1,-1,-1,-1,1,-1
201501BS70501,2,9,0,9,0,8,0,0,0,0,1,1,6,1,44,7,2993,2,5,-1,1,-1
201501BS70502,1,11,0,16,0,8,0,0,0,0,0,1,1,1,31,6,-1,-1,-1,-1,1,-1
201501BS70503,1,3,0,9,0,1,0,0,0,0,1,1,6,1,-1,-1,124,1,6,-1,-1,-1
201501BS70504,1,9,0,18,0,8,0,0,0,0,2,1,6,1,40,7,4367,2,1,-1,1,-1
201501BS70504,2,3,0,18,0,8,0,0,0,0,1,1,6,1,-1,-1,124,1,3,-1,1,-1
201501BS70505,1,19,0,3,0,0,0,0,0,0,2,1,6,1,46,8,2287,2,1,-1,1,-1
201501BS70505,2,3,0,18,0,0,0,0,0,0,1,1,6,1,27,6,49,1,1,-1,1,-1
201501BS70506,1,9,0,12,0,0,0,0,0,0,3,1,6,1,63,9,1896,2,7,-1,1,-1
201501BS70506,2,3,0,16,0,0,0,0,0,0,1,1,6,1,23,5,124,1,11,-1,1,-1
201501BS70506,3,9,0,2,0,0,0,0,0,0,1,1,6,3,-1,-1,-1,-1,-1,-1,-1,-1
201501BS70507,1,8,0,18,0,8,0,0,0,0,1,1,6,1,40,7,1910,2,5,-1,1,-1
201501BS70507,2,9,0,18,0,8,0,0,0,0,1,1,6,1,24,5,1600,1,11,-1,1,-1
201501BS70508,1,11,0,18,0,8,0,0,0,0,4,1,1,1,48,8,-1,-1,-1,-1,-1,-1
201501BS70509,1,1,0,18,0,8,0,0,0,0,1,1,6,1,47,8,-1,-1,-1,-1,1,-1
201501BS70509,2,9,0,9,0,8,0,0,0,0,4,1,6,1,-1,-1,1368,1,3,-1,1,-1
201501BS70510,1,9,0,9,0,8,0,0,0,0,1,1,6,1,49,8,1995,2,1,-1,1,-1
201501BS70510,2,1,0,18,0,8,0,0,0,0,1,1,6,2,27,6,-1,-1,-1,-1,1,-1
201501BS70513,1,9,0,7,0,8,0,0,0,0,4,1,6,1,24,5,1997,1,-1,-1,-1,-1
201501BS70513,2,5,0,18,0,8,0,0,0,0,1,1,6,1,48,8,599,1,10,-1,1,-1
201501BS70514,1,9,0,3,0,0,0,0,0,0,4,1,6,1,21,5,1956,2,3,-1,1,-1
201501BS70514,2,9,0,1,0,0,0,0,0,0,2,1,6,1,-1,-1,2143,2,2,-1,1,-1
201501BS70516,1,3,0,18,0,8,0,0,0,0,1,1,6,1,23,5,125,1,4,-1,1,-1
201501BS70516,2,9,0,4,0,8,0,0,0,0,2,1,6,1,46,8,1968,2,7,-1,1,-1
201501BS70519,1,9,0,18,0,8,0,0,0,0,1,1,6,1,62,9,1998,1,13,-1,1,-1
201501BS70519,2,9,0,18,0,8,0,0,0,0,3,1,6,1,43,7,1360,1,8,-1,1,-1
201501BS70520,1,9,0,18,0,8,0,4,0,0,4,1,6,1,51,8,1896,2,11,-1,1,-1
201501BS70520,2,9,0,2,0,8,0,0,0,0,4,1,6,1,30,6,2143,2,3,-1,1,-1
201501BS70520,3,9,0,2,0,8,0,0,0,0,4,1,6,1,-1,-1,1991,2,6,-1,-1,-1
201501BS70522,1,3,0,18,0,8,0,0,0,0,3,1,6,1,38,7,-1,-1,-1,-1,1,-1
201501BS70525,1,9,0,4,0,8,0,0,0,0,2,1,6,1,42,7,1600,1,10,-1,1,-1
201501BS70525,2,3,0,18,0,8,0,0,0,0,1,1,6,1,51,8,124,1,2,-1,1,-1
201501BS70527,1,9,0,12,0,1,0,0,0,0,3,1,6,1,21,5,1198,1,4,-1,1,-1
201501BS70527,2,9,0,18,0,1,0,0,0,0,4,1,6,2,50,8,-1,-1,-1,-1,1,-1
201501BS70528,1,5,0,18,0,0,0,0,0,0,1,1,6,1,38,7,656,1,6,-1,1,-1
201501BS70528,2,19,0,6,0,0,0,0,0,0,0,1,1,1,34,6,2287,2,1,-1,-1,-1
201501BS70528,3,9,0,3,0,0,0,0,0,0,1,1,6,1,23,5,5980,1,-1,-1,1,-1
201501BS70529,1,11,0,18,0,0,0,0,0,0,4,1,1,1,54,8,4461,2,2,-1,-1,-1
201501BS70531,1,3,0,18,0,8,0,0,0,0,1,1,6,1,17,4,125,1,5,-1,1,-1
201501BS70531,2,9,0,9,0,8,0,0,0,0,3,1,6,1,47,8,1753,2,9,-1,1,-1
201501BS70532,1,9,0,18,0,8,0,0,0,0,1,1,6,1,-1,-1,998,1,14,-1,1,-1
201501BS70532,2,9,0,9,0,8,0,0,0,0,4,1,6,1,47,8,1999,1,8,-1,1,-1
201501BS70533,1,9,0,9,0,8,0,0,0,0,1,1,6,1,49,8,2319,1,12,-1,1,-1
201501BS70533,2,3,0,13,0,8,0,0,0,0,1,1,6,1,23,5,108,1,5,-1,1,-1
201501BS70534,1,3,0,18,0,0,0,0,0,0,1,1,6,2,26,6,125,1,-1,-1,1,-1
201501BS70534,2,9,0,3,0,0,0,0,0,0,2,1,6,2,-1,-1,-1,-1,-1,-1,-1,-1
201501BS70535,1,8,0,2,0,8,0,0,0,0,2,1,6,1,36,7,2143,2,-1,-1,1,-1
201501BS70535,2,90,0,4,0,8,0,0,0,0,1,1,6,1,30,6,-1,-1,-1,-1,1,-1
201501BS70536,1,9,0,9,0,8,0,0,0,0,1,1,6,1,22,5,875,1,1,-1,1,-1
201501BS70537,1,9,0,18,0,8,0,0,0,0,1,1,6,1,51,8,3628,2,8,-1,1,-1
201501BS70537,2,9,0,3,0,8,0,0,0,0,2,1,6,1,52,8,1968,2,-1,-1,1,-1
201501BS70538,1,9,0,11,0,8,0,0,0,0,4,1,6,1,24,5,1198,1,4,-1,1,-1
201501BS70538,2,3,0,18,0,8,0,0,0,0,3,1,6,1,31,6,125,1,2,-1,1,-1
201501BS70539,1,1,0,18,0,8,0,0,0,0,1,1,6,2,66,10,-1,-1,-1,-1,1,-1
201501BS70539,2,21,0,13,0,8,0,0,0,0,4,1,1,1,45,7,7146,2,5,-1,1,-1
201501BS70540,1,8,0,9,0,8,0,0,0,0,3,1,1,1,50,8,1997,2,5,-1,1,-1
201501BS70540,2,5,0,13,0,8,0,0,0,0,1,1,6,1,43,7,471,1,-1,-1,1,-1
201501BS70542,1,9,0,6,0,0,0,0,0,0,3,1,6,1,43,7,1794,1,9,-1,1,-1
201501BS70542,2,5,0,18,0,0,0,0,0,0,1,1,6,1,34,6,1050,1,8,-1,1,-1
201501BS70543,1,8,0,4,0,0,0,0,0,0,3,1,1,1,58,9,1398,1,-1,-1,1,-1
201501BS70543,2,9,0,11,0,0,0,0,0,0,1,1,6,3,-1,-1,1299,1,15,-1,-1,-1
201501BS70544,1,9,0,6,0,8,0,0,0,0,1,1,6,1,35,6,3993,1,3,-1,1,-1
201501BS70544,2,1,0,18,0,8,0,0,0,0,1,1,6,2,25,5,-1,-1,-1,-1,1,-1
201501BS70545,1,9,0,11,0,2,0,0,0,0,4,1,6,1,34,6,1339,1,5,-1,1,-1
201501BS70545,2,3,0,18,0,2,0,0,0,0,3,1,6,1,24,5,124,1,14,-1,1,-1
201501BS70546,1,1,0,18,0,8,0,0,0,0,1,1,6,1,26,6,-1,-1,-1,-1,1,-1
201501BS70546,2,9,0,9,0,8,0,0,0,0,1,1,6,1,63,9,-1,-1,-1,-1,1,-1
201501BS70547,1,8,0,9,0,8,0,0,0,0,4,1,1,1,54,8,1997,2,1,-1,1,-1
201501BS70547,2,3,0,18,0,8,0,0,0,0,1,1,1,1,35,6,108,1,1,-1,1,-1
201501BS70548,1,8,0,4,0,8,0,0,0,0,2,1,1,1,-1,-1,1598,1,2,-1,1,-1
201501BS70548,2,8,0,4,0,8,0,0,0,0,1,1,6,1,43,7,2987,2,4,-1,1,-1
201501BS70549,1,11,0,16,0,0,0,0,0,0,0,1,1,1,52,8,4462,2,9,-1,1,-1
201501BS70550,1,9,0,18,0,8,0,0,0,0,4,1,6,2,37,7,1388,1,13,-1,1,-1
201501BS70551,1,2,0,14,0,0,0,0,0,0,4,1,6,1,30,6,49,1,-1,-1,1,-1
201501BS70551,2,9,0,12,0,0,0,0,0,0,3,1,6,1,-1,-1,1995,2,10,-1,-1,-1
201501BS70553,1,9,0,18,0,8,0,0,0,0,1,1,6,1,43,7,1997,2,1,-1,1,-1
201501BS70553,2,9,0,18,0,8,0,0,0,0,4,1,6,2,56,9,2967,1,7,-1,1,-1
201501BS70554,1,1,0,18,0,8,0,0,0,0,1,1,6,1,25,5,-1,-1,-1,-1,1,-1
201501BS70554,2,9,0,9,0,8,0,0,0,0,4,1,6,1,-1,-1,-1,-1,-1,-1,-1,-1
201501BS70555,1,3,0,18,0,8,0,0,0,0,3,1,6,1,21,5,124,1,11,-1,1,-1
201501BS70555,2,9,0,7,0,8,0,0,0,0,1,1,6,1,24,5,1390,1,9,-1,1,-1
201501BS70556,1,9,0,9,0,8,0,0,0,0,3,1,6,1,26,6,1497,8,8,-1,1,-1