Accident_Index,Vehicle_Reference,Vehicle_Type,Towing_and_Articulation,Vehicle_Manoeuvre,Vehicle_Location-Restricted_Lane,Junction_Location,Skidding_and_Overturning,Hit_Object_in_Carriageway,Vehicle_Leaving_Carriageway,Hit_Object_off_Carriageway,1st_Point_of_Impact,Was_Vehicle_Left_Hand_Drive?,Journey_Purpose_of_Driver,Sex_of_Driver,Age_of_Driver,Age_Band_of_Driver,Engine_Capacity_(CC),Propulsion_Code,Age_of_Vehicle,Driver_IMD_Decile,Driver_Home_Area_Type,Vehicle_IMD_Decile
201501BS70556,2,21,0,9,0,8,0,0,0,0,4,1,1,1,-1,-1,12580,2,9,-1,-1,-1
201501BS70557,1,9,0,18,0,8,0,0,0,0,1,1,6,1,38,7,1596,1,6,-1,1,-1
201501BS70557,2,1,0,18,0,8,0,0,0,0,1,1,6,1,51,8,-1,-1,-1,-1,1,-1
201501BS70558,1,19,0,9,0,8,0,0,0,0,1,1,1,1,51,8,1560,2,2,-1,1,-1
201501BS70558,2,1,0,18,0,8,0,0,0,0,1,1,6,1,43,7,-1,-1,-1,-1,1,-1
201501BS70559,1,19,0,18,0,8,0,0,0,0,3,1,1,1,36,7,2143,2,1,-1,1,-1
201501BS70559,2,1,0,9,0,8,0,0,0,0,1,1,6,1,27,6,-1,-1,-1,-1,1,-1
201501BS70560,1,8,0,3,0,8,0,0,0,0,2,1,1,1,33,6,2143,2,-1,-1,1,-1
201501BS70560,2,9,0,18,0,1,0,0,0,0,1,1,6,1,-1,-1,2996,1,9,-1,1,-1
201501BS70561,1,1,0,18,0,2,0,0,0,0,1,1,6,1,41,7,-1,-1,-1,-1,1,-1
201501BS70561,2,19,0,12,0,1,0,0,0,0,1,1,1,1,-1,-1,2198,2,-1,-1,-1,-1
201501BS70562,1,11,0,12,0,0,0,0,0,0,3,1,6,1,46,8,7300,2,11,-1,1,-1
201501BS70562,2,5,0,13,0,0,0,0,0,0,1,1,6,1,44,7,599,1,12,-1,1,-1
201501BS70563,1,9,0,18,0,0,0,0,0,0,3,1,6,1,51,8,2987,2,9,-1,1,-1
201501BS70563,2,9,0,12,0,0,0,0,0,0,3,1,6,2,27,6,1395,1,2,-1,1,-1
201501BS70564,1,9,0,9,0,8,0,0,0,0,4,1,6,1,41,7,1968,2,7,-1,1,-1
201501BS70564,2,3,0,18,0,8,0,0,0,0,1,1,6,1,24,5,125,1,-1,-1,1,-1
201501BS70565,1,1,0,9,0,8,0,0,0,0,1,1,6,1,49,8,-1,-1,-1,-1,1,-1
201501BS70566,1,11,0,2,0,8,0,0,0,0,0,1,1,1,63,9,9360,2,3,-1,1,-1
201501BS70567,1,5,0,7,0,8,0,0,0,0,4,1,6,1,30,6,745,1,1,-1,1,-1
201501BS70567,2,19,0,18,0,8,0,0,0,0,4,1,6,1,-1,-1,-1,-1,-1,-1,1,-1
201501BS70568,1,9,0,9,0,8,0,0,0,0,4,1,6,1,37,7,3311,8,7,-1,3,-1
201501BS70568,2,3,0,18,0,8,0,0,0,0,1,1,6,1,31,6,124,1,14,-1,1,-1
201501BS70569,1,8,0,3,0,8,0,0,0,0,4,1,1,1,25,5,1797,8,4,-1,1,-1
201501BS70569,2,1,0,18,0,1,0,0,0,0,1,1,6,2,30,6,-1,-1,-1,-1,1,-1
201501BS70571,1,8,0,3,0,0,0,0,0,0,4,1,1,1,-1,-1,1998,2,6,-1,1,-1
201501BS70571,2,1,0,18,0,0,0,0,0,0,1,1,6,2,64,9,-1,-1,-1,-1,1,-1
201501BS70572,1,8,0,7,0,8,0,0,0,0,4,1,1,1,68,10,2402,2,11,-1,-1,-1
201501BS70572,2,3,0,15,0,8,0,0,0,0,1,1,6,1,33,6,798,1,1,-1,1,-1
201501BS70574,1,21,0,2,0,0,0,0,0,0,3,1,6,1,40,7,14190,2,17,-1,1,-1
201501BS70574,2,1,0,18,0,0,0,0,0,0,1,1,6,1,38,7,-1,-1,-1,-1,1,-1
201501BS70575,1,8,0,9,0,8,0,0,0,0,1,1,1,1,48,8,1797,8,5,-1,1,-1
201501BS70575,2,5,0,14,0,8,0,0,0,0,1,1,6,1,37,7,1000,1,26,-1,1,-1
201501BS70576,1,1,0,17,0,8,0,0,0,0,1,1,6,1,31,6,-1,-1,-1,-1,1,-1
201501BS70576,2,9,0,17,0,8,0,0,0,0,3,1,6,1,-1,-1,-1,-1,-1,-1,-1,-1
201501BS70577,1,9,0,18,0,8,0,0,0,0,4,1,6,1,19,4,2198,2,7,-1,1,-1
201501BS70577,2,8,0,18,0,8,0,0,0,0,1,1,1,1,48,8,2143,2,1,-1,1,-1
201501BS70578,1,8,0,9,0,8,0,0,0,0,1,1,6,1,51,8,1798,8,1,-1,1,-1
201501BS70578,2,5,0,18,0,8,0,0,0,0,1,1,6,1,53,8,652,1,31,-1,1,-1
201501BS70579,1,1,0,18,0,8,0,0,0,0,1,1,6,1,28,6,-1,-1,-1,-1,1,-1
201501BS70579,2,9,0,18,0,8,0,0,0,0,1,1,6,1,-1,-1,1995,2,12,-1,-1,-1
201501BS70580,1,8,0,7,0,8,0,0,0,0,4,1,6,1,38,7,1997,2,1,-1,1,-1
201501BS70580,2,1,0,18,0,8,0,0,0,0,3,1,6,1,32,6,-1,-1,-1,-1,1,-1
201501BS70581,1,9,0,2,0,0,0,0,0,0,3,1,6,1,31,6,1995,1,6,-1,1,-1
201501BS70581,2,1,0,18,0,0,0,0,0,0,1,1,6,1,44,7,-1,-1,-1,-1,2,-1
201501BS70582,1,11,0,4,0,8,0,0,0,0,0,1,1,1,34,6,7300,2,13,-1,1,-1
201501BS70583,1,8,0,2,0,8,0,0,0,0,3,1,1,1,58,9,1798,8,-1,-1,1,-1
201501BS70583,2,1,0,18,0,1,0,0,0,0,1,1,6,2,39,7,-1,-1,-1,-1,1,-1
201501BS70584,1,8,0,9,0,8,0,0,0,0,3,1,6,1,26,6,1796,7,1,-1,1,-1
201501BS70585,1,8,0,1,0,8,0,0,0,0,2,1,6,1,45,7,1997,2,6,-1,1,-1
201501BS70586,1,9,0,18,0,8,0,0,0,0,1,1,6,2,43,7,2993,2,-1,-1,1,-1
201501BS70586,2,3,0,18,0,8,0,0,0,0,1,1,6,1,31,6,125,1,9,-1,1,-1
201501BS70588,1,8,0,3,0,8,0,0,0,0,2,1,1,1,65,9,2967,2,4,-1,1,-1
201501BS70588,2,8,0,18,0,8,0,0,0,0,1,1,1,1,-1,-1,2987,2,1,-1,-1,-1
201501BS70590,1,8,0,17,0,8,0,0,0,0,2,1,1,1,27,6,1798,8,-1,-1,1,-1
201501BS70590,2,9,0,17,0,8,0,0,0,0,1,1,6,1,-1,-1,1968,2,3,-1,-1,-1
201501BS70591,1,1,0,18,0,8,0,0,0,0,1,1,6,1,24,5,-1,-1,-1,-1,1,-1
201501BS70591,2,9,0,9,0,8,0,0,0,0,1,1,6,2,83,11,1598,1,13,-1,1,-1
201501BS70592,1,11,0,18,0,0,0,0,0,0,0,1,1,1,33,6,4461,2,2,-1,1,-1
201501BS70593,1,19,0,9,0,8,0,0,0,0,1,1,1,1,23,5,2143,2,2,-1,2,-1
201501BS70593,2,2,0,18,0,8,0,0,0,0,1,1,6,2,48,8,48,1,5,-1,1,-1
201501BS70594,1,9,0,12,0,0,0,0,0,0,3,1,6,1,-1,-1,1794,1,15,-1,1,-1
201501BS70594,2,1,0,18,0,0,0,0,0,0,1,1,6,1,55,8,-1,-1,-1,-1,1,-1
201501BS70595,1,1,0,10,0,8,0,0,0,0,2,1,6,2,31,6,-1,-1,-1,-1,1,-1
201501BS70595,2,19,0,9,0,8,0,0,0,0,1,1,6,1,23,5,2148,2,5,-1,1,-1
201501BS70596,1,5,0,18,0,8,0,0,0,0,3,1,6,1,47,8,1170,1,5,-1,1,-1
201501BS70596,2,8,0,9,0,8,0,0,0,0,4,1,1,1,68,10,2499,2,2,-1,1,-1
201501BS70597,1,11,0,17,0,8,0,0,0,0,0,1,6,1,46,8,4461,2,1,-1,1,-1
201501BS70599,1,9,0,1,0,8,0,0,0,0,0,1,6,1,-1,-1,-1,-1,-1,-1,-1,-1
201501BS70601,1,8,0,9,0,8,0,0,0,0,1,1,1,1,37,7,1798,8,-1,-1,1,-1
201501BS70602,1,9,0,18,0,8,0,0,0,0,4,1,6,1,52,8,5935,1,2,-1,1,-1
201501BS70602,2,1,0,18,0,8,0,0,0,0,3,1,6,1,34,6,-1,-1,-1,-1,1,-1
201501BS70603,1,19,0,2,0,8,0,0,0,0,3,1,6,1,55,8,1560,2,6,-1,1,-1
201501BS70603,2,19,0,16,0,8,0,0,0,0,1,1,6,1,49,8,2198,2,-1,-1,1,-1
201501BS70603,3,1,0,16,0,8,0,0,0,0,1,1,6,1,60,9,-1,-1,-1,-1,1,-1
201501BS70605,1,5,0,18,0,0,0,0,0,0,4,1,6,1,37,7,-1,-1,-1,-1,1,-1
201501BS70605,2,1,0,12,0,0,0,0,0,0,1,1,6,1,-1,-1,-1,-1,-1,-1,-1,-1
201501BS70606,1,1,0,16,0,0,0,8,0,0,1,1,6,1,53,8,-1,-1,-1,-1,1,-1
201501BS70606,2,9,0,2,0,0,0,0,0,0,3,1,6,2,-1,-1,2191,2,-1,-1,1,-1
201501BS70607,1,5,0,18,0,8,0,0,0,0,1,1,6,1,38,7,999,1,7,-1,1,-1
201501BS70607,2,8,0,18,0,8,0,0,0,0,1,1,1,1,42,7,1968,2,-1,-1,-1,-1
201501BS70608,1,8,0,6,0,8,0,0,0,0,3,1,6,1,60,9,2499,2,-1,-1,1,-1
201501BS70608,2,3,0,18,0,8,0,0,0,0,1,1,6,1,43,7,125,1,1,-1,-1,-1
201501BS70609,1,8,0,6,0,8,0,0,0,0,4,1,6,1,42,7,2143,2,-1,-1,1,-1
201501BS70609,2,3,0,18,0,8,0,0,0,0,1,1,6,1,23,5,125,1,1,-1,1,-1
201501BS70610,1,8,0,18,0,0,0,0,0,0,1,1,6,1,29,6,1968,2,2,-1,1,-1
201501BS70611,1,9,0,7,0,8,0,0,0,0,4,1,6,2,36,7,1248,2,8,-1,1,-1
201501BS70611,2,3,0,18,0,8,0,0,0,0,1,1,6,1,28,6,125,1,1,-1,1,-1
201501BS70613,1,8,0,4,0,0,0,0,0,0,0,1,1,1,55,8,2664,2,14,-1,1,-1
201501BS70614,1,8,0,9,0,8,0,0,0,0,1,1,1,1,52,8,1388,1,4,-1,1,-1
201501BS70615,1,8,0,7,0,8,0,0,0,0,4,1,6,1,63,9,2143,2,2,-1,1,-1
201501BS70615,2,1,0,18,0,8,0,0,0,0,1,1,6,1,44,7,-1,-1,-1,-1,1,-1
201501BS70616,1,8,0,16,0,8,0,0,0,0,1,1,6,1,32,6,2143,2,-1,-1,1,-1
201501BS70616,2,5,0,16,0,8,0,0,0,0,1,1,6,1,25,5,124,1,11,-1,1,-1
201501BS70616,3,9,0,16,0,8,0,0,0,0,2,1,6,2,76,11,3980,1,19,-1,-1,-1
201501BS70619,1,9,0,4,0,8,0,0,0,0,0,1,6,2,24,5,1399,1,6,-1,3,-1
201501BS70619,2,5,0,18,0,8,0,0,0,0,3,1,6,1,32,6,600,1,9,-1,1,-1
201501BS70620,1,4,0,18,0,8,0,0,0,0,1,1,6,1,30,6,249,1,1,-1,1,-1
201501BS70620,2,9,0,9,0,8,0,0,0,0,1,1,6,2,-1,-1,1275,1,15,-1,1,-1
201501BS70621,1,11,0,4,0,8,0,0,0,0,0,1,1,2,-1,-1,4461,2,1,-1,-1,-1
201501BS70622,1,9,0,18,0,8,0,10,3,2,1,1,6,2,66,10,1560,2,3,-1,-1,-1
201501BS70623,1,1,0,18,0,8,0,0,0,0,1,1,6,1,24,5,-1,-1,-1,-1,1,-1
201501BS70623,2,9,0,7,0,8,0,0,0,0,4,1,6,3,-1,-1,-1,-1,-1,-1,-1,-1
201501BS70624,1,3,0,3,0,0,0,0,0,0,1,1,6,1,38,7,124,1,6,-1,1,-1
201501BS70624,2,19,0,1,0,0,0,0,0,0,2,1,1,1,44,7,-1,-1,-1,-1,1,-1
201501BS70625,1,3,0,18,0,8,0,0,0,0,1,1,6,1,31,6,124,1,8,-1,1,-1
201501BS70625,2,3,0,9,0,8,0,0,0,0,4,1,6,1,-1,-1,-1,-1,-1,-1,-1,-1
201501BS70627,1,3,0,18,0,8,0,0,0,0,1,1,6,1,21,5,125,1,-1,-1,1,-1
201501BS70627,2,9,0,9,0,8,0,0,0,0,3,1,6,1,-1,-1,-1,-1,-1,-1,-1,-1
201501BS70627,3,9,0,2,0,8,0,0,0,0,1,1,6,3,-1,-1,1895,1,13,-1,-1,-1
201501BS70628,1,8,0,9,0,8,0,0,0,0,1,1,1,1,36,7,2499,2,8,-1,1,-1
201501BS70629,1,9,0,9,0,8,0,0,0,0,0,1,2,1,57,9,-1,-1,-1,-1,1,-1
201501BS70629,2,3,0,4,0,8,1,0,0,0,0,1,2,1,33,6,108,1,-1,-1,1,-1
201501BS70630,1,9,0,4,0,8,0,0,0,0,2,1,6,1,32,6,1397,1,8,-1,1,-1
201501BS70630,2,9,0,18,0,8,0,0,0,0,1,1,6,1,27,6,4244,1,8,-1,1,-1
201501BS70631,1,19,0,16,0,8,0,0,0,0,1,1,6,1,50,8,2148,2,7,-1,1,-1
201501BS70631,2,1,0,9,0,8,0,0,0,0,1,1,6,1,23,5,-1,-1,-1,-1,1,-1
201501BS70632,1,3,0,17,0,8,0,0,0,0,1,1,6,1,21,5,125,1,2,-1,1,-1
201501BS70633,1,19,0,1,0,1,0,0,0,0,2,1,1,1,-1,-1,-1,-1,-1,-1,-1,-1
201501BS70634,1,3,0,3,0,8,0,0,0,0,1,1,6,1,31,6,125,1,7,-1,1,-1
201501BS70634,2,11,0,9,0,8,0,0,0,0,3,1,6,1,-1,-1,7300,2,11,-1,-1,-1
201501BS70635,1,19,0,9,0,0,0,0,0,0,3,1,1,1,46,8,2143,2,3,-1,1,-1
201501BS70635,2,3,0,13,0,0,0,0,0,0,1,1,1,1,37,7,124,1,9,-1,1,-1
201501BS70636,1,20,0,18,0,8,0,0,0,0,4,1,6,1,45,7,1968,2,1,-1,1,-1
201501BS70637,1,5,0,16,0,8,0,0,0,0,1,1,6,1,39,7,125,1,6,-1,1,-1
201501BS70637,2,19,0,9,0,8,0,0,0,0,1,1,1,1,35,6,1560,2,-1,-1,2,-1
201501BS70639,1,3,0,18,0,8,0,0,0,0,4,1,6,1,-1,-1,124,1,-1,-1,1,-1
201501BS70640,1,19,0,1,0,8,0,0,0,0,2,1,6,1,51,8,1399,2,6,-1,1,-1
201501BS70641,1,3,0,13,0,8,0,0,0,0,1,1,6,1,37,7,108,1,-1,-1,1,-1
201501BS70641,2,9,0,9,0,8,0,0,0,0,3,1,6,1,25,5,1968,2,3,-1,1,-1
201501BS70643,1,2,0,18,0,8,0,0,0,0,3,1,6,1,47,8,-1,-1,-1,-1,1,-1
201501BS70643,2,19,0,9,0,8,0,0,0,0,1,1,1,3,-1,-1,2287,2,-1,-1,-1,-1
201501BS70645,1,3,0,9,0,8,0,0,0,0,1,1,6,1,19,4,124,1,-1,-1,1,-1
201501BS70645,2,3,0,18,0,8,0,0,0,0,1,1,6,1,23,5,125,1,8,-1,1,-1
201501BS70647,1,19,0,1,0,0,0,0,0,0,2,1,1,1,-1,-1,1560,2,1,-1,-1,-1
201501BS70648,1,3,0,18,0,8,0,0,0,0,1,1,6,1,27,6,125,1,-1,-1,1,-1
201501BS70648,2,9,0,9,0,8,0,0,0,0,3,1,6,2,37,7,3311,8,7,-1,1,-1
201501BS70650,1,9,0,18,0,8,0,0,0,0,4,1,6,2,59,9,1390,1,2,-1,1,-1
201501BS70650,2,3,0,9,0,8,0,0,0,0,1,1,6,1,51,8,-1,-1,-1,-1,1,-1
201501BS70651,1,9,0,9,0,8,0,0,0,0,4,1,6,1,39,7,-1,-1,-1,-1,1,-1
201501BS70651,2,1,0,18,0,8,0,0,0,0,1,1,2,1,52,8,-1,-1,-1,-1,1,-1
201501BS70652,1,9,0,18,0,8,0,0,0,0,1,1,6,2,43,7,1499,1,-1,-1,1,-1
201501BS70652,2,9,0,6,0,8,0,0,0,0,1,1,6,1,35,6,1398,2,4,-1,1,-1
201501BS70653,1,9,0,18,0,8,0,0,0,0,4,1,6,3,-1,-1,-1,-1,-1,-1,-1,-1
201501BS70654,1,2,0,18,0,8,0,0,0,0,3,1,6,2,27,6,49,1,-1,-1,1,-1
201501BS70654,2,9,0,18,0,8,0,0,0,0,4,1,6,2,-1,-1,-1,-1,-1,-1,-1,-1
201501BS70657,1,11,0,5,0,0,0,0,0,0,0,1,6,1,29,6,6700,2,3,-1,1,-1
201501BS70658,1,3,0,4,0,0,0,0,0,0,3,1,6,1,28,6,125,1,8,-1,1,-1
201501BS70658,2,9,0,6,0,0,0,0,0,0,0,1,6,1,-1,-1,-1,-1,-1,-1,-1,-1
201501BS70659,1,9,0,9,0,8,0,0,0,0,1,1,6,1,-1,-1,1995,2,8,-1,1,-1
201501BS70659,2,3,0,18,0,8,0,0,0,0,1,1,6,1,-1,-1,124,1,5,-1,1,-1
201501BS70662,1,9,0,18,0,8,0,0,0,0,1,1,6,1,65,9,998,1,12,-1,1,-1
201501BS70664,1,3,0,18,0,8,0,0,0,0,1,1,6,1,41,7,124,1,10,-1,1,-1
201501BS70665,1,8,0,18,0,0,0,0,0,0,1,1,1,1,49,8,2499,2,-1,-1,1,-1
201501BS70667,1,9,0,9,0,8,0,0,0,0,3,1,6,1,23,5,1968,2,-1,-1,1,-1
201501BS70667,2,3,0,13,0,8,0,0,0,0,1,1,6,1,43,7,108,1,7,-1,1,-1
201501BS70668,1,11,0,18,0,8,0,0,0,0,0,1,6,1,47,8,7300,2,11,-1,1,-1
201501BS70669,1,4,0,18,0,1,0,0,0,0,1,1,6,1,46,8,385,1,13,-1,1,-1
201501BS70669,2,9,0,3,0,1,0,0,0,0,2,1,1,2,43,7,1388,1,4,-1,1,-1
201501BS70670,1,9,0,9,0,8,0,0,0,0,3,1,6,1,69,10,1968,2,1,-1,1,-1
201501BS70670,2,3,0,13,0,8,0,0,0,0,1,1,6,1,28,6,-1,-1,-1,-1,1,-1
201501BS70671,1,11,0,5,0,8,0,0,0,0,0,1,6,1,52,8,4461,2,2,-1,1,-1
201501BS70673,1,9,0,16,0,8,0,0,0,0,1,1,6,2,31,6,1461,2,10,-1,1,-1
201501BS70673,2,1,0,18,0,8,0,0,0,0,1,1,6,1,24,5,-1,-1,-1,-1,1,-1
201501BS70674,1,9,0,3,0,8,0,0,0,0,3,1,6,1,49,8,2987,2,3,-1,1,-1
201501BS70675,1,9,0,18,0,8,0,10,3,4,1,1,6,1,38,7,1598,2,3,-1,1,-1
201501BS70677,1,8,0,9,0,8,0,0,0,0,2,1,1,1,36,7,-1,-1,-1,-1,-1,-1
201501BS70677,2,11,0,18,0,8,0,0,0,0,1,1,6,1,45,7,6700,2,8,-1,1,-1
201501BS70678,1,3,0,17,0,1,0,0,0,0,4,1,1,1,21,5,124,1,6,-1,1,-1
201501BS70679,1,9,0,18,0,1,0,0,0,0,4,1,6,1,57,9,1997,2,-1,-1,1,-1
201501BS70679,2,1,0,18,0,1,0,0,0,0,3,1,6,1,42,7,-1,-1,-1,-1,1,-1
201501BS70680,1,3,0,4,0,2,0,0,0,0,0,1,1,1,27,6,125,1,3,-1,1,-1
201501BS70681,1,9,0,18,0,0,0,0,0,0,1,1,6,1,-1,-1,-1,-1,-1,-1,-1,-1
201501BS70683,1,9,0,9,0,8,5,10,0,0,4,1,6,2,-1,-1,1390,1,5,-1,1,-1
201501BS70683,2,9,0,18,0,8,0,0,0,0,1,1,6,1,18,4,1198,1,-1,-1,1,-1
201501BS70684,1,9,0,9,0,8,0,0,0,0,1,1,6,1,45,7,2143,2,3,-1,-1,-1
201501BS70684,2,9,0,18,0,8,0,0,0,0,4,1,6,1,34,6,3999,1,5,-1,1,-1
201501BS70685,1,9,0,2,0,0,0,0,0,0,1,1,6,3,-1,-1,1798,1,7,-1,1,-1
201501BS70685,2,1,0,18,0,0,0,8,0,0,1,1,6,1,36,7,-1,-1,-1,-1,1,-1
201501BS70686,1,1,0,3,0,1,0,0,0,0,1,1,6,1,40,7,-1,-1,-1,-1,1,-1
201501BS70686,2,19,0,1,0,8,0,0,0,0,2,1,1,1,-1,-1,-1,-1,-1,-1,-1,-1
201501BS70687,1,9,0,18,0,8,0,0,0,0,1,1,6,1,28,6,1598,1,4,-1,1,-1
201501BS70687,2,9,0,18,0,8,0,0,0,0,1,1,6,1,29,6,1968,2,6,-1,1,-1
201501BS70688,1,3,0,18,0,8,0,0,0,0,1,1,6,1,41,7,125,1,2,-1,1,-1
201501BS70689,1,5,0,18,0,0,0,0,0,0,3,1,6,1,24,5,-1,-1,-1,-1,1,-1
201501BS70689,2,9,0,11,0,0,0,0,0,0,4,1,6,1,-1,-1,2179,2,6,-1,-1,-1
201501BS70690,1,1,0,18,0,8,0,0,0,0,1,1,6,1,21,5,-1,-1,-1,-1,1,-1
201501BS70690,2,9,0,9,0,8,0,0,0,0,1,1,6,1,-1,-1,1199,1,11,-1,-1,-1
201501BS70692,1,8,0,9,0,8,0,0,0,0,1,1,6,1,44,7,2143,2,3,-1,1,-1
201501BS70694,1,90,0,9,0,8,0,0,0,0,1,1,1,1,36,7,-1,-1,-1,-1,1,-1
201501BS70694,2,1,0,18,0,8,0,0,0,0,3,1,2,1,49,8,-1,-1,-1,-1,1,-1
201501BS70695,1,11,0,5,0,8,0,0,0,0,1,1,1,1,-1,-1,-1,-1,-1,-1,-1,-1
201501BS70696,1,9,0,4,0,8,0,0,0,0,2,1,6,3,-1,-1,-1,-1,-1,-1,-1,-1
201501BS70696,2,1,0,13,0,8,0,0,0,0,1,1,6,1,31,6,-1,-1,-1,-1,1,-1
201501BS70697,1,9,0,18,0,8,0,0,0,0,1,1,6,3,-1,-1,-1,-1,-1,-1,-1,-1
201501BS70699,1,9,0,18,0,8,0,0,0,0,4,1,6,2,53,8,2143,2,-1,-1,1,-1
201501BS70699,2,9,0,9,0,8,0,0,0,0,1,1,6,1,43,7,1992,2,9,-1,1,-1
201501BS70700,1,1,0,18,0,0,0,0,0,0,1,1,6,1,-1,-1,-1,-1,-1,-1,-1,-1
201501BS70701,1,3,0,18,0,8,1,0,0,0,1,1,6,1,41,7,125,1,2,-1,1,-1
201501BS70701,2,9,0,2,0,8,0,0,0,0,3,1,6,1,41,7,1497,8,6,-1,1,-1
201501BS70702,1,9,0,9,0,8,0,0,0,0,1,1,6,2,71,10,1984,1,13,-1,1,-1
201501BS70702,2,3,0,18,0,8,0,0,0,0,1,1,6,1,23,5,108,1,1,-1,1,-1
201501BS70703,1,9,0,9,0,8,0,0,0,0,1,1,1,1,-1,-1,-1,-1,-1,-1,-1,-1
201501BS70703,2,1,0,9,0,8,0,0,0,0,2,1,6,1,30,6,-1,-1,-1,-1,1,-1
201501BS70705,1,9,0,2,0,0,0,0,0,0,4,1,6,1,-1,-1,-1,-1,-1,-1,-1,-1
201501BS70705,2,1,0,15,0,0,0,8,0,0,1,1,6,1,28,6,-1,-1,-1,-1,1,-1
201501BS70706,1,3,0,18,0,8,0,0,0,0,1,1,2,1,46,8,125,1,7,-1,-1,-1
201501BS70706,2,8,0,7,0,8,0,0,0,0,1,1,1,1,33,6,1560,2,4,-1,1,-1
201501BS70708,1,3,0,18,0,8,0,0,0,0,2,1,6,1,19,4,108,1,-1,-1,1,-1
201501BS70708,2,9,0,18,0,8,0,0,0,0,1,1,6,2,-1,-1,-1,-1,-1,-1,-1,-1
201501BS70710,1,5,0,13,0,8,0,0,0,0,1,1,6,1,38,7,996,1,10,-1,1,-1
201501BS70710,2,9,0,9,0,8,0,0,0,0,3,1,6,1,40,7,1999,1,7,-1,1,-1
201501BS70711,1,3,0,4,0,8,0,0,0,0,2,1,6,1,59,9,109,1,1,-1,1,-1
201501BS70711,2,9,0,18,0,8,0,0,0,0,1,1,6,1,34,6,1988,1,12,-1,1,-1
201501BS70713,1,8,0,6,0,0,0,0,0,0,3,1,6,1,44,7,1798,8,-1,-1,1,-1
201501BS70713,2,3,0,18,0,0,0,0,0,0,1,1,6,1,40,7,125,1,-1,-1,1,-1
201501BS70714,1,8,0,18,0,1,0,0,0,0,1,1,1,1,53,8,1997,2,10,-1,1,-1
201501BS70715,1,90,0,18,0,2,0,0,0,0,1,1,1,1,40,7,-1,-1,-1,-1,1,-1
201501BS70716,1,1,0,18,0,8,0,0,0,0,1,1,6,1,32,6,-1,-1,-1,-1,1,-1
201501BS70716,2,8,0,7,0,8,0,0,0,0,4,1,1,1,-1,-1,-1,-1,-1,-1,-1,-1
201501BS70718,1,3,0,1,0,8,0,0,0,0,3,1,6,1,23,5,124,1,11,-1,1,-1
201501BS70718,2,8,0,6,0,8,0,0,0,0,3,1,1,1,52,8,2499,2,8,-1,1,-1
201501BS70719,1,4,0,18,0,8,0,0,0,0,3,1,6,1,53,8,299,1,4,-1,1,-1
201501BS70720,1,19,0,18,0,8,0,0,0,0,1,1,6,1,62,9,1870,2,9,-1,1,-1
201501BS70721,1,9,0,18,0,8,0,0,0,0,1,1,6,1,43,7,1587,1,9,-1,1,-1
201501BS70721,2,9,0,6,0,8,0,0,0,0,4,1,6,1,35,6,1598,2,3,-1,1,-1
201501BS70722,1,5,0,18,0,8,0,0,0,0,2,1,6,1,20,4,689,1,-1,-1,1,-1
201501BS70722,2,9,0,18,0,8,0,0,0,0,1,1,6,1,45,7,-1,3,1,-1,1,-1
201501BS70723,1,11,0,4,0,8,0,0,0,0,0,1,6,1,49,8,9360,2,3,-1,1,-1
201501BS70724,1,8,0,9,0,8,0,0,0,0,2,1,1,1,48,8,1798,8,-1,-1,1,-1
201501BS70724,2,8,0,18,0,8,0,0,0,0,1,1,6,1,48,8,1997,2,5,-1,1,-1
201501BS70725,1,8,0,18,0,8,0,0,0,0,1,1,1,1,-1,-1,1560,2,2,-1,-1,-1
201501BS70725,2,8,0,18,0,8,0,0,0,0,1,1,1,1,60,9,1797,8,5,-1,1,-1
201501BS70725,3,9,0,2,0,8,0,0,0,0,1,1,6,3,-1,-1,1598,1,12,-1,-1,-1
201501BS70726,1,9,0,9,0,8,0,0,0,0,1,1,6,1,44,7,2231,2,8,-1,1,-1
201501BS70726,2,3,0,18,0,8,0,0,0,0,1,1,6,1,31,6,108,1,1,-1,1,-1
201501BS70727,1,3,0,15,0,0,0,0,0,0,3,1,6,1,27,6,-1,-1,-1,-1,-1,-1
201501BS70727,2,8,0,11,0,0,0,0,0,0,4,1,1,1,-1,-1,2402,2,13,-1,-1,-1
201501BS70728,1,3,0,18,0,0,0,0,0,0,1,1,6,1,30,6,125,1,-1,-1,1,-1
201501BS70728,2,9,0,6,0,0,0,0,0,0,3,1,6,1,53,8,2199,1,19,-1,1,-1
201501BS70729,1,9,0,6,0,8,0,0,0,0,3,1,6,1,59,9,2499,1,5,-1,1,-1
201501BS70729,2,3,0,18,0,8,0,0,0,0,1,1,6,1,20,4,125,1,-1,-1,1,-1
201501BS70731,1,3,0,18,0,8,0,0,0,0,1,1,1,1,21,5,125,1,8,-1,-1,-1
201501BS70731,2,9,0,6,0,8,0,0,0,0,3,1,1,1,-1,-1,-1,-1,-1,-1,-1,-1
201501BS70732,1,9,0,2,0,0,0,0,0,0,1,1,6,1,24,5,1995,2,7,-1,1,-1
201501BS70732,2,9,0,6,0,0,0,0,0,0,4,1,6,1,-1,-1,-1,-1,-1,-1,-1,-1
201501BS70733,1,8,0,9,0,8,0,0,0,0,1,1,6,1,59,9,1598,1,2,-1,1,-1
201501BS70734,1,5,0,4,0,8,0,0,0,0,1,1,6,1,39,7,865,1,1,-1,1,-1
201501BS70734,2,8,0,9,0,8,0,0,0,0,0,1,1,1,-1,-1,2499,2,6,-1,1,-1
201501BS70737,1,9,0,18,0,8,0,0,0,0,1,1,6,1,46,8,2143,2,-1,-1,1,-1
201501BS70738,1,9,0,9,0,8,0,0,0,0,1,1,6,3,-1,-1,-1,-1,-1,-1,-1,-1
201501BS70739,1,1,0,18,0,8,0,0,0,0,2,1,6,1,18,4,-1,-1,-1,-1,1,-1
201501BS70739,2,9,0,18,0,8,0,0,0,0,1,1,6,1,-1,-1,-1,-1,-1,-1,-1,-1