Accident_Index,Vehicle_Reference,Vehicle_Type,Towing_and_Articulation,Vehicle_Manoeuvre,Vehicle_Location-Restricted_Lane,Junction_Location,Skidding_and_Overturning,Hit_Object_in_Carriageway,Vehicle_Leaving_Carriageway,Hit_Object_off_Carriageway,1st_Point_of_Impact,Was_Vehicle_Left_Hand_Drive?,Journey_Purpose_of_Driver,Sex_of_Driver,Age_of_Driver,Age_Band_of_Driver,Engine_Capacity_(CC),Propulsion_Code,Age_of_Vehicle,Driver_IMD_Decile,Driver_Home_Area_Type,Vehicle_IMD_Decile
201501BS70740,1,3,0,18,0,8,0,0,0,0,1,1,6,1,20,4,-1,-1,-1,-1,1,-1
201501BS70741,1,3,0,18,0,8,0,0,0,0,1,1,1,1,18,4,109,1,1,-1,1,-1
201501BS70741,2,9,0,9,0,8,0,0,0,0,1,1,6,3,-1,-1,-1,-1,-1,-1,-1,-1
201501BS70743,1,1,0,17,0,8,0,0,0,0,4,1,6,1,66,10,-1,-1,-1,-1,1,-1
201501BS70743,2,90,0,5,0,8,0,0,0,0,1,1,6,1,-1,-1,-1,-1,-1,-1,1,-1
201501BS70745,1,8,0,18,0,8,0,0,0,0,1,1,1,1,-1,-1,-1,-1,-1,-1,-1,-1
201501BS70745,2,9,0,2,0,8,0,0,0,0,1,1,6,1,30,6,1995,2,5,-1,1,-1
201501BS70745,3,9,0,2,0,8,0,0,0,0,1,1,6,1,34,6,2993,2,6,-1,-1,-1
201501BS70745,4,9,0,18,0,8,0,0,0,0,1,1,6,1,-1,-1,1560,2,4,-1,-1,-1
201501BS70747,1,3,0,18,0,0,0,0,0,0,1,1,6,1,56,9,-1,-1,-1,-1,1,-1
201501BS70748,1,8,0,9,0,8,0,0,0,0,1,1,6,1,47,8,1997,2,5,-1,1,-1
201501BS70750,1,5,0,18,0,0,0,0,0,0,1,1,6,1,42,7,599,1,11,-1,1,-1
201501BS70751,1,1,0,18,0,0,0,0,0,0,1,1,6,2,33,6,-1,-1,-1,-1,1,-1
201501BS70753,1,9,0,7,0,8,0,10,0,0,1,1,6,1,43,7,1298,1,13,-1,1,-1
201501BS70753,2,9,0,10,0,8,0,0,0,0,2,1,6,1,48,8,1598,1,5,-1,-1,-1
201501BS70753,3,9,0,10,0,1,0,0,0,0,1,1,6,1,34,6,1896,2,11,-1,1,-1
201501BS70753,4,9,0,10,0,1,0,0,0,0,1,1,6,1,-1,-1,4297,1,3,-1,-1,-1
201501BS70754,1,8,0,18,0,2,0,0,0,0,1,1,6,1,63,9,1797,8,5,-1,1,-1
201501BS70754,2,9,0,4,0,2,0,0,0,0,2,1,6,1,23,5,1968,2,2,-1,-1,-1
201501BS70754,3,9,0,18,0,2,0,0,0,0,2,1,6,1,34,6,1598,1,11,-1,1,-1
201501BS70755,1,9,0,7,0,8,0,0,0,0,4,1,6,1,25,5,1997,2,7,-1,1,-1
201501BS70755,2,1,0,18,0,8,0,0,0,0,1,1,6,1,20,4,-1,-1,-1,-1,1,-1
201501BS70756,1,11,0,9,0,8,0,0,0,0,0,1,6,1,46,8,4760,2,2,-1,1,-1
201501BS70757,1,8,0,18,0,8,0,0,0,0,3,1,6,1,52,8,2664,2,15,-1,1,-1
201501BS70758,1,8,0,18,0,8,0,0,0,0,1,1,6,1,50,8,1797,8,5,-1,1,-1
201501BS70758,2,3,0,18,0,8,0,0,0,0,1,1,6,1,49,8,125,1,2,-1,1,-1
201501BS70759,1,8,0,2,0,8,0,0,0,0,3,1,1,1,48,8,2499,2,7,-1,1,-1
201501BS70759,2,1,0,18,0,8,0,0,0,0,1,1,6,1,56,9,-1,-1,-1,-1,1,-1
201501BS70760,1,19,0,3,0,8,0,0,0,0,3,1,6,1,31,6,1598,2,4,-1,1,-1
201501BS70760,2,9,0,9,0,8,0,0,0,0,1,1,6,1,-1,-1,2143,2,-1,-1,-1,-1
201501BS70761,1,1,0,18,0,8,0,10,0,0,3,1,6,1,34,6,-1,-1,-1,-1,1,-1
201501BS70761,2,19,0,11,0,8,0,0,0,0,4,1,1,1,-1,-1,-1,-1,-1,-1,-1,-1
201501BS70762,1,9,0,18,0,0,0,0,0,0,4,1,6,2,25,5,1389,1,11,-1,1,-1
201501BS70764,1,3,0,18,0,0,0,0,0,0,1,1,6,1,21,5,109,1,1,-1,1,-1
201501BS70765,1,1,0,18,0,8,0,0,0,0,4,1,6,2,52,8,-1,-1,-1,-1,1,-1
201501BS70765,2,9,0,18,0,8,0,0,0,0,1,1,6,2,-1,-1,1598,1,10,-1,1,-1
201501BS70766,1,1,0,9,0,8,0,0,0,0,1,1,6,1,56,9,-1,-1,-1,-1,1,-1
201501BS70766,2,9,0,9,0,8,0,0,0,0,1,1,6,2,-1,-1,-1,-1,-1,-1,-1,-1
201501BS70767,1,9,0,6,0,0,0,0,0,0,1,1,6,1,65,9,1997,2,2,-1,1,-1
201501BS70767,2,5,0,18,0,0,0,0,0,0,1,1,6,1,22,5,125,1,6,-1,1,-1
201501BS70768,1,2,0,18,0,8,0,0,0,0,1,1,6,1,23,5,49,1,-1,-1,1,-1
201501BS70768,2,19,0,7,0,8,0,0,0,0,4,1,6,1,28,6,2198,2,3,-1,1,-1
201501BS70769,1,11,0,4,0,8,0,0,0,0,0,1,6,1,50,8,4461,2,2,-1,1,-1
201501BS70770,1,1,0,18,0,0,0,0,0,0,1,1,6,1,20,4,-1,-1,-1,-1,1,-1
201501BS70770,2,9,0,18,0,0,0,0,0,0,3,1,6,1,41,7,2000,2,10,-1,1,-1
201501BS70771,1,90,0,18,0,8,0,0,0,0,3,1,6,1,59,9,-1,-1,-1,-1,1,-1
201501BS70771,2,9,0,7,0,8,0,0,0,0,1,1,6,1,-1,-1,-1,-1,-1,-1,-1,-1
201501BS70772,1,9,0,18,0,8,0,0,0,0,1,1,6,1,21,5,1388,1,10,-1,1,-1
201501BS70772,2,5,0,18,0,8,0,0,0,0,1,1,6,1,40,7,-1,-1,-1,-1,1,-1
201501BS70773,1,3,0,18,0,8,0,0,0,0,1,1,6,1,24,5,-1,-1,-1,-1,1,-1
201501BS70773,2,8,0,9,0,8,0,0,0,0,3,1,1,1,-1,-1,2499,2,5,-1,-1,-1
201501BS70774,1,11,0,18,0,8,0,0,0,0,1,1,6,1,31,6,4500,2,5,-1,1,-1
201501BS70774,2,9,0,9,0,8,0,0,0,0,1,1,6,2,19,4,1229,1,1,-1,-1,-1
201501BS70775,1,3,0,18,0,8,0,0,0,0,2,1,6,1,33,6,108,1,3,-1,1,-1
201501BS70775,2,9,0,18,0,8,0,0,0,0,1,1,6,1,33,6,-1,-1,-1,-1,1,-1
201501BS70776,1,8,0,18,0,8,0,0,0,0,3,1,6,1,34,6,2143,2,2,-1,1,-1
201501BS70776,2,9,0,18,0,8,0,0,0,0,1,1,6,2,51,8,2777,2,4,-1,1,-1
201501BS70776,3,9,0,3,0,8,0,0,0,0,1,1,6,1,52,8,2979,1,13,-1,1,-1
201501BS70777,1,9,0,18,0,0,0,0,0,0,4,1,6,1,47,8,2993,2,3,-1,1,-1
201501BS70778,1,9,0,9,0,8,0,0,0,0,3,1,6,1,56,9,2982,2,11,-1,1,-1
201501BS70778,2,9,0,9,0,8,0,0,0,0,4,1,1,1,-1,-1,-1,-1,-1,-1,1,-1
201501BS70779,1,19,0,9,0,8,0,0,0,0,1,1,1,1,20,4,1870,2,11,-1,1,-1
201501BS70779,2,8,0,18,0,8,0,0,0,0,1,1,6,1,41,7,1798,8,-1,-1,1,-1
201501BS70790,1,1,0,18,0,2,0,0,0,0,1,1,6,1,44,7,-1,-1,-1,-1,1,-1
201501BS70790,2,9,0,2,0,2,0,0,0,0,3,1,6,1,-1,-1,1598,2,6,-1,-1,-1
201501BS70791,1,8,0,18,0,8,0,10,3,10,1,1,1,1,40,7,1997,2,-1,-1,1,-1
201501BS70792,1,9,0,18,0,8,0,0,0,0,1,1,6,3,-1,-1,1197,1,1,-1,-1,-1
201501BS70801,1,8,0,18,0,8,0,0,0,0,3,1,1,1,-1,-1,-1,-1,-1,-1,-1,-1
201501BS70801,2,19,0,18,0,8,0,0,0,0,4,1,1,1,32,6,2500,2,10,-1,1,-1
201501CP00001,1,8,0,9,0,8,0,0,0,0,3,1,1,1,69,10,1997,2,2,-1,1,-1
201501CP00001,2,1,0,18,0,8,0,0,0,0,1,1,2,1,47,8,-1,-1,-1,-1,3,-1
201501CP00002,1,9,0,3,0,1,0,0,0,0,2,1,6,1,25,5,1229,1,8,-1,1,-1
201501CP00002,2,8,0,4,0,1,0,0,0,0,1,1,1,1,-1,-1,2499,2,2,-1,-1,-1
201501CP00003,1,3,0,14,0,0,0,0,0,0,1,1,6,1,22,5,124,1,1,-1,1,-1
201501CP00004,1,1,0,18,0,2,0,0,0,0,4,1,2,1,52,8,-1,-1,-1,-1,1,-1
201501CP00004,2,20,0,15,0,2,0,0,0,0,3,1,6,1,39,7,-1,-1,-1,-1,2,-1
201501CP00005,1,8,0,9,0,1,0,0,0,0,1,1,1,1,46,8,1598,2,4,-1,1,-1
201501CP00005,2,17,0,18,0,2,0,0,0,0,1,1,1,1,-1,-1,-1,-1,-1,-1,-1,-1
201501CP00006,1,3,0,15,0,1,0,0,0,0,3,1,6,1,18,4,-1,-1,-1,-1,1,-1
201501CP00006,2,1,0,18,0,1,0,0,0,0,4,1,2,1,23,5,-1,-1,-1,-1,3,-1
201501CP00007,1,8,0,18,0,8,0,0,0,0,1,1,1,1,37,7,1910,2,8,-1,1,-1
201501CP00008,1,9,0,18,0,2,0,0,0,0,1,1,6,2,64,9,1798,1,6,-1,1,-1
201501CP00009,1,9,0,18,0,8,0,0,0,0,1,1,6,3,-1,-1,-1,-1,-1,-1,-1,-1
201501CP00010,1,19,0,7,0,8,0,0,0,0,4,1,1,1,27,6,2143,2,3,-1,1,-1
201501CP00010,2,1,0,18,0,8,0,0,0,0,1,1,6,1,36,7,-1,-1,-1,-1,1,-1
201501CP00011,1,9,0,18,0,1,0,0,0,0,1,1,6,1,30,6,4163,1,7,-1,1,-1
201501CP00011,2,1,0,18,0,1,0,0,0,0,2,1,6,2,33,6,-1,-1,-1,-1,-1,-1
201501CP00012,1,8,0,18,0,1,0,0,0,0,1,1,1,1,55,8,2148,2,5,-1,2,-1
201501CP00013,1,9,0,11,0,1,0,0,0,0,4,1,6,1,29,6,1968,2,1,-1,1,-1
201501CP00013,2,4,0,18,0,1,0,0,0,0,3,1,6,1,48,8,-1,-1,-1,-1,1,-1
201501CP00014,1,9,0,18,0,1,0,0,0,0,2,1,6,2,26,6,998,1,7,-1,1,-1
201501CP00014,2,20,0,18,0,1,0,0,0,0,1,1,6,3,-1,-1,10837,2,5,-1,-1,-1
201501CP00015,1,1,0,18,0,1,0,8,0,0,1,1,6,1,-1,-1,-1,-1,-1,-1,1,-1
201501CP00015,2,8,0,2,0,1,0,0,0,0,3,1,6,1,-1,-1,2402,2,9,-1,-1,-1
201501CP00016,1,8,0,6,0,1,0,0,0,0,0,1,1,3,-1,-1,2148,2,6,-1,-1,-1
201501CP00016,2,1,0,18,0,1,0,0,0,0,4,1,6,1,34,6,-1,-1,-1,-1,1,-1
201501CP00017,1,8,0,6,0,1,0,0,0,0,3,1,1,1,29,6,1997,2,4,-1,1,-1
201501CP00017,2,1,0,18,0,1,0,0,0,0,1,1,2,1,50,8,-1,-1,-1,-1,1,-1
201501CP00018,1,20,0,7,0,0,0,0,0,0,3,1,1,1,55,8,-1,-1,-1,-1,1,-1
201501CP00018,2,5,0,13,0,0,0,0,0,0,4,1,6,1,40,7,-1,-1,-1,-1,1,-1
201501CP00019,1,5,0,18,0,2,0,0,0,0,1,1,2,1,49,8,-1,-1,-1,-1,1,-1
201501CP00020,1,21,0,7,0,8,0,0,0,0,4,1,1,1,40,7,-1,-1,-1,-1,1,-1
201501CP00020,2,1,0,18,0,8,0,0,0,0,3,1,6,1,35,6,-1,-1,-1,-1,1,-1
201501CP00021,1,9,0,18,0,8,0,0,0,0,1,1,6,3,-1,-1,-1,-1,-1,-1,-1,-1
201501CP00022,1,3,0,18,0,1,0,0,0,0,1,1,6,1,26,6,124,1,8,-1,1,-1
201501CP00023,1,1,0,18,0,2,0,0,0,0,1,1,6,3,-1,-1,-1,-1,-1,-1,-1,-1
201501CP00024,1,5,0,18,0,0,0,4,0,0,1,1,6,1,26,6,599,1,7,-1,1,-1
201501CP00024,2,9,0,2,0,0,0,0,0,0,2,1,6,1,40,7,1598,1,10,-1,1,-1
201501CP00025,1,1,0,3,0,1,0,0,0,0,2,1,6,1,32,6,-1,-1,-1,-1,1,-1
201501CP00025,2,20,0,18,0,1,0,0,0,0,1,1,1,3,-1,-1,-1,-1,-1,-1,-1,-1
201501CP00026,1,11,0,18,0,1,0,0,0,0,0,1,1,1,57,9,4461,2,2,-1,1,-1
201501CP00027,1,9,0,18,0,8,0,0,0,0,4,1,6,1,40,7,1995,2,4,-1,1,-1
201501CP00028,1,21,0,11,0,1,0,0,0,0,0,1,2,1,33,6,3920,2,3,-1,1,-1
201501CP00028,2,5,0,18,0,1,0,0,0,0,4,1,1,2,39,7,553,1,22,-1,1,-1
201501CP00029,1,8,0,6,0,1,0,0,0,0,3,1,1,1,28,6,1798,8,1,-1,1,-1
201501CP00029,2,1,0,18,0,1,0,0,0,0,1,1,6,1,29,6,-1,-1,-1,-1,1,-1
201501CP00030,1,20,0,9,0,8,0,0,0,0,4,1,1,1,24,5,-1,-1,-1,-1,3,-1
201501CP00030,2,3,0,18,0,8,0,0,0,0,1,1,1,1,32,6,244,1,9,-1,1,-1
201501CP00031,1,1,0,18,0,8,0,0,0,0,1,1,2,1,25,5,-1,-1,-1,-1,1,-1
201501CP00031,2,8,0,9,0,8,0,0,0,0,3,1,1,1,50,8,2499,2,1,-1,1,-1
201501CP00032,1,8,0,18,0,1,0,0,4,2,1,1,1,1,52,8,2499,2,7,-1,1,-1
201501CP00032,2,9,0,10,0,1,0,0,0,0,2,1,6,1,38,7,2987,2,7,-1,1,-1
201501CP00033,1,9,0,12,0,1,0,0,0,0,0,1,6,3,-1,-1,1997,2,10,-1,-1,-1
201501CP00033,2,5,0,18,0,1,0,0,4,2,3,1,2,1,48,8,600,1,12,-1,1,-1
201501CP00034,1,1,0,18,0,1,0,0,0,0,1,1,6,1,48,8,-1,-1,-1,-1,1,-1
201501CP00034,2,9,0,18,0,1,0,0,0,0,1,1,6,1,22,5,1686,2,5,-1,1,-1
201501CP00035,1,21,0,3,0,1,0,0,0,0,1,1,1,1,50,8,12902,2,2,-1,1,-1
201501CP00035,2,3,0,3,0,1,0,0,0,0,2,1,2,1,48,8,897,1,12,-1,1,-1
201501CP00036,1,8,0,9,0,8,0,0,0,0,0,1,1,1,53,8,1339,8,4,-1,1,-1
201501CP00036,2,5,0,18,0,8,0,0,0,0,3,1,2,1,30,6,599,1,18,-1,1,-1
201501CP00037,1,3,0,9,0,8,0,0,0,0,4,1,2,1,22,5,124,1,1,-1,-1,-1
201501CP00037,2,1,0,18,0,8,0,0,0,0,1,1,2,2,23,5,-1,-1,-1,-1,1,-1
201501CP00038,1,11,0,18,0,1,0,0,0,0,4,1,1,3,-1,-1,-1,-1,-1,-1,-1,-1
201501CP00038,2,1,0,18,0,1,0,0,0,0,3,1,2,1,32,6,-1,-1,-1,-1,1,-1
201501CP00039,1,1,0,18,0,1,0,0,0,0,1,1,2,1,35,6,-1,-1,-1,-1,1,-1
201501CP00039,2,8,0,9,0,8,0,0,0,0,4,1,1,1,72,10,2402,2,11,-1,2,-1
201501CP00040,1,19,0,16,0,1,0,0,0,0,4,1,6,1,35,6,2198,2,1,-1,1,-1
201501CP00040,2,1,0,18,0,1,0,0,0,0,3,1,6,1,44,7,-1,-1,-1,-1,1,-1
201501CP00041,1,19,0,12,0,0,0,0,0,0,1,1,6,1,39,7,-1,-1,-1,-1,1,-1
201501CP00041,2,8,0,18,0,0,0,0,0,0,2,1,6,1,59,9,-1,-1,-1,-1,1,-1
201501CP00041,3,19,0,18,0,0,0,0,0,0,2,1,6,1,32,6,2198,2,3,-1,1,-1
201501CP00042,1,1,0,18,0,8,0,0,0,0,3,1,2,1,31,6,-1,-1,-1,-1,1,-1
201501CP00042,2,9,0,7,0,8,0,0,0,0,4,1,6,3,-1,-1,-1,-1,-1,-1,-1,-1
201501CP00043,1,8,0,5,0,1,0,0,0,0,4,1,6,3,-1,-1,1997,2,5,-1,-1,-1
201501CP00044,1,20,0,18,0,1,0,0,0,0,4,1,1,1,38,7,-1,-1,-1,-1,1,-1
201501CP00045,1,5,0,18,0,1,0,2,0,0,1,1,2,1,51,8,660,1,9,-1,3,-1
201501CP00045,2,9,0,12,0,1,0,0,0,0,0,1,2,3,-1,-1,-1,-1,-1,-1,-1,-1
201501CP00046,1,8,0,9,0,8,0,0,0,0,4,1,1,1,56,9,2499,2,1,-1,1,-1
201501CP00046,2,1,0,18,0,8,0,0,0,0,1,1,6,1,31,6,-1,-1,-1,-1,1,-1
201501CP00047,1,11,0,18,0,2,0,0,0,0,1,1,1,1,30,6,6700,2,6,-1,1,-1
201501CP00048,1,4,0,14,0,1,0,0,0,0,1,1,2,1,31,6,471,1,2,-1,1,-1
201501CP00049,1,11,0,18,0,8,0,0,0,0,0,1,1,2,27,6,9360,2,4,-1,1,-1
201501CP00050,1,19,0,7,0,8,0,0,0,0,3,1,1,1,29,6,1560,2,2,-1,1,-1
201501CP00050,2,1,0,18,0,8,0,0,0,0,1,1,2,2,30,6,-1,-1,-1,-1,1,-1
201501CP00051,1,20,0,18,0,1,0,0,0,0,1,1,1,1,31,6,-1,-1,-1,-1,1,-1
201501CP00052,1,9,0,7,0,1,0,0,0,0,4,1,6,1,41,7,-1,-1,-1,-1,1,-1
201501CP00052,2,1,0,18,0,1,0,0,0,0,1,1,2,2,27,6,-1,-1,-1,-1,1,-1
201501CP00053,1,8,0,18,0,2,0,0,0,0,1,1,1,3,-1,-1,-1,-1,-1,-1,-1,-1
201501CP00054,1,20,0,1,0,1,0,0,0,0,2,1,1,3,-1,-1,-1,-1,-1,-1,-1,-1
201501CP00055,1,1,0,14,0,1,0,0,0,0,1,1,6,3,-1,-1,-1,-1,-1,-1,-1,-1
201501CP00056,1,20,0,5,0,2,0,0,0,0,1,1,1,1,67,10,-1,-1,-1,-1,1,-1
201501CP00057,1,8,0,18,0,1,0,0,0,0,1,1,1,1,43,7,2499,2,8,-1,1,-1
201501CP00058,1,1,0,18,0,8,0,0,0,0,0,1,6,1,50,8,-1,-1,-1,-1,1,-1
201501CP00058,2,9,0,9,0,8,0,0,0,0,3,1,6,1,35,6,2987,2,-1,-1,1,-1
201501CP00059,1,5,0,14,0,1,0,0,0,0,1,1,2,1,26,6,1000,1,1,-1,1,-1
201501CP00060,1,11,0,18,0,1,0,0,0,0,0,1,1,3,-1,-1,-1,-1,-1,-1,-1,-1
201501CP00061,1,1,0,18,0,1,0,0,0,0,1,1,6,1,47,8,-1,-1,-1,-1,1,-1
201501CP00061,2,9,0,4,0,1,0,0,0,0,2,1,6,2,32,6,-1,-1,-1,-1,1,-1
201501CP00062,1,21,0,4,0,1,0,0,0,0,2,1,1,1,35,6,12777,2,3,-1,1,-1
201501CP00062,2,1,0,18,0,1,0,0,0,0,1,1,2,1,34,6,-1,-1,-1,-1,1,-1
201501CP00063,1,1,0,15,0,0,0,0,0,0,1,1,6,1,33,6,-1,-1,-1,-1,1,-1
201501CP00063,2,19,0,7,0,0,0,0,0,0,4,1,1,1,31,6,2143,2,1,-1,1,-1
201501CP00064,1,9,0,3,0,1,0,0,0,0,4,1,1,1,24,5,-1,-1,-1,-1,1,-1
201501CP00064,2,1,0,18,0,1,0,0,0,0,1,1,6,1,-1,-1,-1,-1,-1,-1,1,-1
201501CP00065,1,8,0,2,0,1,0,0,0,0,4,1,1,1,37,7,2402,2,12,-1,1,-1
201501CP00065,2,1,0,18,0,1,0,8,0,0,1,1,6,2,-1,-1,-1,-1,-1,-1,1,-1
201501CP00066,1,20,0,1,0,1,0,0,0,0,2,1,1,1,54,8,-1,-1,-1,-1,1,-1
201501CP00067,1,9,0,17,0,1,1,0,0,0,1,1,6,1,37,7,1560,2,6,-1,1,-1
201501CP00068,1,8,0,4,0,1,0,0,0,0,4,1,1,1,62,9,2143,12,2,-1,1,-1
201501CP00068,2,3,0,18,0,1,0,0,0,0,1,1,6,1,21,5,125,1,11,-1,1,-1
201501CP00069,1,9,0,7,0,8,0,0,0,0,4,1,6,1,38,7,1598,1,10,-1,1,-1
201501CP00069,2,9,0,7,0,8,0,0,0,0,1,1,6,3,-1,-1,1560,2,3,-1,-1,-1
201501CP00070,1,1,0,18,0,8,0,0,0,0,1,1,6,1,21,5,-1,-1,-1,-1,1,-1
201501CP00070,2,9,0,9,0,8,0,0,0,0,4,1,6,3,-1,-1,2987,2,6,-1,-1,-1
201501CP00071,1,1,0,18,0,2,0,0,0,0,3,1,2,2,39,7,-1,-1,-1,-1,1,-1
201501CP00072,1,3,0,18,0,0,0,0,0,0,1,1,6,2,31,6,125,1,2,-1,1,-1
201501CP00073,1,1,0,18,0,8,0,0,0,0,1,1,2,1,23,5,-1,-1,-1,-1,1,-1
201501CP00073,2,8,0,9,0,8,0,0,0,0,4,1,1,1,39,7,1798,8,-1,-1,1,-1
201501CP00074,1,11,0,5,0,1,0,0,0,0,0,1,1,2,48,8,6700,2,6,-1,1,-1
201501CP00075,1,11,0,18,0,0,0,0,0,0,4,1,1,1,70,10,6700,2,3,-1,1,-1
201501CP00078,1,9,0,18,0,2,0,0,0,0,1,1,6,1,59,9,1339,8,5,-1,1,-1
201501CP00078,2,8,0,18,0,2,0,0,0,0,2,1,1,1,29,6,1956,2,4,-1,1,-1
201501CP00079,1,9,0,18,0,0,0,0,0,0,1,1,6,1,43,7,1797,8,5,-1,1,-1
201501CP00080,1,1,0,18,0,1,0,8,0,0,1,1,2,1,53,8,-1,-1,-1,-1,1,-1
201501CP00080,2,8,0,4,0,1,0,0,0,0,4,1,1,3,-1,-1,1796,1,1,-1,-1,-1
201501CP00081,1,9,0,18,0,1,0,0,0,0,1,1,6,1,50,8,1997,2,4,-1,1,-1
201501CP00081,2,8,0,4,0,1,0,0,0,0,2,1,1,1,52,8,2499,2,6,-1,1,-1
201501CP00082,1,8,0,3,0,2,0,0,0,0,3,1,1,1,70,10,2499,2,8,-1,-1,-1
201501CP00082,2,11,0,14,0,2,0,0,0,0,1,1,1,1,60,9,9360,2,6,-1,1,-1
201501CP00083,1,19,0,1,0,2,0,0,0,0,2,1,1,1,43,7,2287,2,4,-1,1,-1
201501CP00084,1,1,0,18,4,1,0,8,0,0,1,1,2,1,44,7,-1,-1,-1,-1,1,-1
201501CP00084,2,9,0,3,0,1,0,0,0,0,4,1,1,3,-1,-1,-1,-1,-1,-1,-1,-1
201501CP00086,1,1,0,18,0,1,0,0,0,0,3,1,2,1,35,6,-1,-1,-1,-1,1,-1
201501CP00086,2,8,0,13,0,1,0,0,0,0,4,1,1,3,-1,-1,-1,-1,-1,-1,-1,-1
201501CP00087,1,19,0,7,0,8,0,0,0,0,4,1,1,1,52,8,2143,2,5,-1,1,-1
201501CP00087,2,1,0,15,0,8,0,0,0,0,3,1,1,1,26,6,-1,-1,-1,-1,1,-1
201501CP00088,1,8,0,2,0,1,0,8,0,0,3,1,1,1,28,6,1997,2,-1,-1,1,-1
201501CP00088,2,1,0,18,0,1,0,8,0,0,1,1,6,2,43,7,-1,-1,-1,-1,1,-1
201501CP00089,1,8,0,18,0,2,0,0,0,0,1,1,1,3,-1,-1,2499,2,7,-1,-1,-1
201501CP00090,1,9,0,5,0,1,0,0,0,0,1,1,6,1,41,7,2148,2,7,-1,1,-1
201501CP00090,2,19,0,1,0,1,0,0,0,0,2,1,1,1,38,7,2148,2,7,-1,1,-1
201501CP00091,1,11,0,12,0,2,0,0,0,0,3,1,1,1,58,9,12000,2,7,-1,1,-1
201501CP00091,2,9,0,18,0,2,0,0,0,0,4,1,6,2,19,4,1395,1,1,-1,1,-1
201501CP00092,1,3,0,15,0,1,0,0,0,0,1,1,6,1,56,9,124,1,7,-1,-1,-1
201501CP00092,2,9,0,7,0,1,0,0,0,0,4,1,6,2,22,5,1596,1,13,-1,2,-1
201501CP00093,1,1,0,15,0,8,0,0,0,0,1,1,6,1,40,7,-1,-1,-1,-1,1,-1
201501CP00093,2,8,0,9,0,8,0,0,0,0,4,1,6,1,30,6,1798,8,2,-1,1,-1
201501CP00094,1,1,0,18,0,8,0,0,0,0,4,1,2,1,40,7,-1,-1,-1,-1,1,-1
201501CP00094,2,9,0,9,0,8,0,0,0,0,0,1,6,1,48,8,1798,1,2,-1,1,-1
201501CP00095,1,1,0,18,0,1,0,0,0,0,1,1,1,1,26,6,-1,-1,-1,-1,1,-1
201501CP00095,2,19,0,7,0,1,0,0,0,0,4,1,1,1,34,6,2198,2,1,-1,1,-1
201501CP00096,1,11,0,18,0,1,0,0,0,0,0,1,1,1,60,9,4461,2,2,-1,1,-1
201501CP00097,1,11,0,18,0,2,0,0,0,0,2,1,1,1,49,8,4500,2,3,-1,1,-1
201501CP00098,1,1,0,18,0,8,0,0,0,0,1,1,2,1,29,6,-1,-1,-1,-1,1,-1
201501CP00098,2,9,0,18,0,8,0,0,0,0,3,1,6,1,-1,-1,1797,8,4,-1,1,-1
201501CP00099,1,1,0,18,0,1,0,0,0,0,3,1,6,2,53,8,-1,-1,-1,-1,-1,-1
201501CP00099,2,11,0,18,0,1,0,0,0,0,4,1,6,1,45,7,8268,2,12,-1,1,-1
201501CP00100,1,11,0,5,0,8,0,0,0,0,0,1,1,1,52,8,4500,2,3,-1,1,-1
201501CP00101,1,11,0,4,0,0,0,0,0,0,4,1,1,1,53,8,6700,2,6,-1,1,-1
201501CP00102,1,9,0,4,0,0,0,0,0,0,2,1,6,1,46,8,998,1,1,-1,3,-1
201501CP00102,2,9,0,4,0,0,0,0,0,0,2,1,6,1,52,8,1986,2,6,-1,2,-1
201501CP00102,3,9,0,4,0,0,0,0,0,0,2,1,6,1,53,8,1997,2,4,-1,1,-1
201501CP00102,4,19,0,4,0,0,0,0,0,0,2,1,6,1,26,6,2298,2,4,-1,1,-1
201501CP00102,5,8,0,4,0,0,0,0,0,0,1,1,1,1,52,8,2499,2,6,-1,1,-1
201501CP00103,1,21,0,18,0,0,0,0,0,0,4,1,1,1,41,7,2198,2,1,-1,1,-1
201501CP00104,1,3,0,14,0,1,0,0,0,0,1,1,1,1,36,7,125,1,1,-1,1,-1
201501CP00105,1,1,0,18,0,8,0,0,0,0,1,1,6,1,34,6,-1,-1,-1,-1,1,-1
201501CP00105,2,8,0,9,0,8,0,0,0,0,4,1,1,1,75,10,2499,2,7,-1,1,-1
201501CP00106,1,1,0,17,0,3,0,0,0,0,3,1,2,1,27,6,-1,-1,-1,-1,1,-1
201501CP00106,2,8,0,17,0,3,0,0,0,0,4,1,1,1,68,10,1124,1,15,-1,1,-1
201501CP00108,1,9,0,1,0,1,0,0,0,0,4,1,1,1,32,6,1686,2,3,-1,1,-1
201501CP00109,1,9,0,18,0,1,0,0,0,0,4,1,6,3,-1,-1,2198,1,13,-1,-1,-1
201501CP00109,2,1,0,18,0,1,0,0,0,0,3,1,2,1,-1,-1,-1,-1,-1,-1,1,-1
201501CP00110,1,1,0,18,0,8,0,0,0,0,3,1,2,2,36,7,-1,-1,-1,-1,1,-1
201501CP00110,2,8,0,9,0,8,0,0,0,0,4,1,1,1,47,8,2499,2,9,-1,1,-1
201501CP00111,1,9,0,9,0,8,0,0,0,0,4,1,1,1,55,8,2000,1,6,-1,1,-1
201501CP00111,2,1,0,18,0,8,0,0,0,0,1,1,2,1,33,6,-1,-1,-1,-1,1,-1
201501CP00112,1,1,0,18,0,1,0,0,0,0,3,1,6,1,41,7,-1,-1,-1,-1,-1,-1
201501CP00112,2,9,0,18,0,1,0,0,0,0,4,1,6,1,54,8,1689,2,11,-1,1,-1
201501CP00113,1,8,0,4,0,2,0,0,0,0,4,1,1,1,57,9,2499,2,4,-1,1,-1
201501CP00113,2,1,0,15,0,2,0,8,0,0,1,1,6,2,28,6,-1,-1,-1,-1,1,-1
201501CP00114,1,1,0,11,0,1,0,0,0,0,4,1,2,1,39,7,-1,-1,-1,-1,1,-1