Accident_Index,Vehicle_Reference,Vehicle_Type,Towing_and_Articulation,Vehicle_Manoeuvre,Vehicle_Location-Restricted_Lane,Junction_Location,Skidding_and_Overturning,Hit_Object_in_Carriageway,Vehicle_Leaving_Carriageway,Hit_Object_off_Carriageway,1st_Point_of_Impact,Was_Vehicle_Left_Hand_Drive?,Journey_Purpose_of_Driver,Sex_of_Driver,Age_of_Driver,Age_Band_of_Driver,Engine_Capacity_(CC),Propulsion_Code,Age_of_Vehicle,Driver_IMD_Decile,Driver_Home_Area_Type,Vehicle_IMD_Decile
201501CP00114,2,1,0,18,0,1,0,0,0,0,3,1,2,3,-1,-1,-1,-1,-1,-1,-1,-1
201501CP00115,1,1,0,18,0,1,0,8,0,0,4,1,6,1,41,7,-1,-1,-1,-1,1,-1
201501CP00115,2,8,0,3,0,1,0,0,0,0,1,1,6,1,51,8,1339,8,3,-1,1,-1
201501CP00116,1,9,0,9,0,8,0,0,0,0,4,1,6,1,36,7,2993,2,1,-1,1,-1
201501CP00116,2,1,0,18,0,8,0,0,0,0,3,1,2,1,33,6,-1,-1,-1,-1,1,-1
201501CP00117,1,9,0,18,0,0,0,0,0,0,2,2,6,1,28,6,-1,-1,-1,-1,-1,-1
201501CP00117,2,9,0,18,0,0,0,0,0,0,1,1,6,1,22,5,-1,-1,-1,-1,1,-1
201501CP00118,1,8,0,18,0,8,0,0,0,0,1,1,1,1,44,7,2402,2,10,-1,1,-1
201501CP00118,2,19,0,9,0,8,0,0,0,0,4,1,1,1,50,8,2198,2,7,-1,-1,-1
201501CP00119,1,9,0,18,0,1,0,0,0,0,1,1,6,1,44,7,1997,2,4,-1,1,-1
201501CP00119,2,9,0,4,0,1,0,0,0,0,2,1,6,1,35,6,2987,2,9,-1,1,-1
201501CP00120,1,9,0,18,0,1,0,0,1,2,1,1,6,1,24,5,1595,1,3,-1,1,-1
201501CP00121,1,1,0,15,0,1,0,8,0,0,1,1,6,1,34,6,-1,-1,-1,-1,1,-1
201501CP00121,2,8,0,3,0,1,0,0,0,0,4,1,6,3,-1,-1,2402,2,12,-1,-1,-1
201501CP00122,1,9,0,2,0,1,0,0,0,0,3,1,6,2,44,7,1198,1,1,-1,1,-1
201501CP00122,2,1,0,18,0,1,0,8,0,0,1,1,6,2,37,7,-1,-1,-1,-1,1,-1
201501CP00123,1,11,0,4,0,0,0,0,0,0,4,1,1,1,45,7,7300,2,11,-1,1,-1
201501CP00124,1,3,0,10,0,1,0,0,0,0,2,1,6,1,23,5,125,1,8,-1,1,-1
201501CP00124,2,20,0,18,0,8,0,0,0,0,1,1,1,1,-1,-1,-1,-1,-1,-1,1,-1
201501CP00125,1,11,0,4,0,1,0,0,0,0,0,1,1,3,-1,-1,-1,-1,-1,-1,-1,-1
201501CP00126,1,1,0,18,0,1,0,0,0,0,3,1,2,2,30,6,-1,-1,-1,-1,1,-1
201501CP00126,2,20,0,7,0,1,0,0,0,0,4,1,1,1,33,6,-1,-1,-1,-1,1,-1
201501CP00127,1,19,0,1,0,2,0,0,0,0,2,1,1,1,28,6,2143,2,4,-1,1,-1
201501CP00128,1,9,0,1,0,1,0,0,0,0,2,1,1,1,48,8,-1,-1,-1,-1,1,-1
201501CP00129,1,1,0,15,0,8,0,0,0,0,1,1,6,1,29,6,-1,-1,-1,-1,1,-1
201501CP00129,2,8,0,9,0,8,0,0,0,0,4,1,1,1,59,9,2143,2,3,-1,1,-1
201501CP00130,1,3,0,14,0,1,0,0,0,0,1,1,6,3,-1,-1,-1,-1,-1,-1,-1,-1
201501CP00131,1,1,0,18,0,0,0,0,0,0,1,1,2,2,3,1,-1,-1,-1,-1,-1,-1
201501CP00131,2,8,0,4,0,0,0,0,0,0,2,1,1,3,-1,-1,-1,-1,-1,-1,-1,-1
201501CP00132,1,1,0,18,0,8,0,0,0,0,3,1,6,1,36,7,-1,-1,-1,-1,1,-1
201501CP00132,2,9,0,13,0,8,0,0,0,0,4,1,6,3,-1,-1,-1,-1,-1,-1,-1,-1
201501CP00133,1,9,0,7,0,8,0,0,0,0,4,1,6,1,40,7,1798,8,3,-1,1,-1
201501CP00133,2,1,0,18,0,8,0,0,0,0,3,1,2,2,31,6,-1,-1,-1,-1,1,-1
201501CP00134,1,9,0,18,0,8,0,0,0,0,1,1,2,1,30,6,1363,2,11,-1,1,-1
201501CP00134,2,8,0,18,0,8,0,0,0,0,4,1,1,1,55,8,2402,2,10,-1,2,-1
201501CP00135,1,19,0,18,0,1,0,0,0,0,1,1,1,1,35,6,4116,2,13,-1,1,-1
201501CP00136,1,11,0,17,0,1,0,0,0,0,0,1,1,1,40,7,9360,2,4,-1,1,-1
201501CP00137,1,1,0,14,0,1,0,0,0,0,3,1,6,1,54,8,-1,-1,-1,-1,1,-1
201501CP00137,2,8,0,5,0,1,0,0,0,0,4,1,1,3,-1,-1,1364,1,6,-1,-1,-1
201501CP00138,1,1,0,18,0,0,0,0,0,0,3,1,6,1,51,8,-1,-1,-1,-1,1,-1
201501CP00138,2,11,0,13,0,0,0,0,0,0,4,1,1,1,51,8,10667,2,-1,-1,1,-1
201501CP00139,1,3,0,18,0,2,0,0,0,0,1,1,6,1,16,4,-1,-1,-1,-1,1,-1
201501CP00140,1,9,0,14,0,2,0,0,0,0,1,1,6,1,37,7,1797,8,3,-1,1,-1
201501CP00141,1,1,0,14,0,1,0,0,0,0,1,1,6,3,-1,-1,-1,-1,-1,-1,-1,-1
201501CP00142,1,11,0,5,0,2,0,0,0,0,1,1,1,1,-1,-1,7300,2,11,-1,1,-1
201501CP00143,1,9,0,3,0,1,0,0,0,0,2,1,6,1,35,6,1896,2,6,-1,1,-1
201501CP00143,2,3,0,4,0,1,0,0,0,0,2,1,2,1,39,7,125,1,10,-1,1,-1
201501CP00143,3,9,0,18,0,1,0,0,0,0,1,1,6,1,41,7,1796,1,12,-1,1,-1
201501CP00144,1,1,0,18,2,1,0,0,0,0,1,1,6,1,21,5,-1,-1,-1,-1,1,-1
201501CP00145,1,11,0,18,0,0,0,0,0,0,0,1,1,1,-1,-1,7300,2,10,-1,-1,-1
201501CP00146,1,1,0,4,0,1,0,0,0,0,2,1,6,1,35,6,-1,-1,-1,-1,1,-1
201501CP00146,2,9,0,4,0,1,0,0,0,0,1,1,1,1,58,9,2143,2,1,-1,1,-1
201501CP00147,1,20,0,1,0,0,0,0,0,0,2,1,1,1,-1,-1,-1,-1,-1,-1,1,-1
201501CP00148,1,1,0,12,0,1,0,0,0,0,3,1,6,2,25,5,-1,-1,-1,-1,1,-1
201501CP00148,2,5,0,18,0,1,0,0,0,0,4,1,6,1,45,7,779,1,3,-1,1,-1
201501CP00149,1,19,0,9,0,8,0,0,0,0,1,1,1,1,28,6,1968,2,2,-1,1,-1
201501CP00149,2,1,0,7,0,8,0,0,0,0,1,1,2,2,44,7,-1,-1,-1,-1,1,-1
201501CP00150,1,20,0,6,0,1,0,0,0,0,3,1,1,1,48,8,-1,-1,-1,-1,1,-1
201501CP00150,2,3,0,18,0,1,0,0,0,0,1,1,6,1,29,6,125,1,1,-1,1,-1
201501CP00151,1,5,0,3,0,1,0,0,0,0,3,1,2,1,28,6,108,1,1,-1,1,-1
201501CP00151,2,20,0,5,0,1,0,0,0,0,4,1,1,1,49,8,2402,2,8,-1,1,-1
201501CP00152,1,3,0,5,0,2,0,0,0,0,1,1,6,1,45,7,124,1,17,-1,1,-1
201501CP00153,1,1,0,18,0,0,0,0,0,0,4,1,6,1,50,8,-1,-1,-1,-1,1,-1
201501CP00153,2,8,0,6,0,0,0,0,0,0,1,1,1,1,-1,-1,2499,2,8,-1,1,-1
201501CP00154,1,20,0,7,9,2,0,0,0,0,1,1,6,3,-1,-1,-1,-1,-1,-1,-1,-1
201501CP00155,1,1,0,18,0,8,0,0,0,0,3,1,6,1,21,5,-1,-1,-1,-1,1,-1
201501CP00155,2,8,0,9,0,8,0,0,0,0,1,1,1,1,63,9,2499,2,4,-1,2,-1
201501CP00156,1,3,0,3,0,2,0,0,0,0,2,1,2,1,34,6,124,1,9,-1,1,-1
201501CP00156,2,1,0,18,0,2,0,0,0,0,1,1,2,2,26,6,-1,-1,-1,-1,1,-1
201501CP00157,1,5,0,9,0,8,0,0,0,0,4,1,6,1,46,8,1215,1,3,-1,1,-1
201501CP00158,1,5,0,14,0,1,0,0,0,0,1,1,6,1,31,6,618,1,13,-1,1,-1
201501CP00159,1,9,0,18,0,2,0,0,0,0,1,1,1,1,56,9,1686,2,2,-1,1,-1
201501CP00161,1,9,0,18,0,8,0,0,0,0,3,1,1,1,35,6,-1,-1,-1,-1,1,-1
201501CP00161,2,1,0,18,0,8,0,0,0,0,1,1,2,1,46,8,-1,-1,-1,-1,1,-1
201501CP00163,1,8,0,3,0,1,0,0,0,0,2,1,1,1,42,7,2499,2,2,-1,1,-1
201501CP00163,2,19,0,4,0,1,0,0,0,0,1,1,1,1,-1,-1,1560,2,1,-1,1,-1
201501CP00163,3,19,0,3,0,1,0,0,0,0,2,1,1,1,30,6,2198,2,3,-1,1,-1
201501CP00164,1,1,0,18,0,8,0,0,0,0,1,1,6,1,25,5,-1,-1,-1,-1,1,-1
201501CP00165,1,4,0,3,0,0,0,0,0,0,1,1,6,1,49,8,279,1,7,-1,1,-1
201501CP00165,2,19,0,1,0,0,0,0,0,0,2,1,1,1,-1,-1,1753,2,5,-1,-1,-1
201501CP00167,1,5,0,18,0,1,0,0,0,0,1,1,6,1,45,7,649,1,-1,-1,1,-1
201501CP00168,1,1,0,18,0,8,0,0,0,0,1,1,2,1,45,7,-1,-1,-1,-1,1,-1
201501CP00168,2,1,0,18,0,8,0,0,0,0,3,1,2,1,-1,-1,-1,-1,-1,-1,1,-1
201501CP00169,1,1,0,18,0,8,0,0,0,0,1,1,2,2,42,7,-1,-1,-1,-1,1,-1
201501CP00169,2,8,0,9,0,8,0,0,0,0,4,1,1,1,54,8,2499,2,4,-1,1,-1
201501CP00170,1,11,0,18,0,2,0,0,0,0,0,1,1,1,42,7,9000,2,6,-1,1,-1
201501CP00171,1,8,0,18,0,0,0,0,0,0,3,1,1,1,50,8,2664,2,14,-1,2,-1
201501CP00172,1,9,0,18,0,1,0,0,0,0,1,1,6,1,43,7,1598,2,1,-1,1,-1
201501CP00172,2,1,0,3,0,1,0,0,0,0,2,1,6,2,28,6,-1,-1,-1,-1,1,-1
201501CP00173,1,8,0,6,0,2,0,0,0,0,3,1,1,1,29,6,1798,8,2,-1,1,-1
201501CP00173,2,1,0,18,0,2,0,0,0,0,1,1,2,1,59,9,-1,-1,-1,-1,1,-1
201501CP00174,1,1,0,15,0,0,0,8,0,0,1,1,6,1,42,7,-1,-1,-1,-1,1,-1
201501CP00174,2,8,0,3,0,0,0,0,0,0,4,1,1,1,-1,-1,1997,2,3,-1,1,-1
201501CP00175,1,3,0,3,0,1,0,0,0,0,3,1,6,1,22,5,124,1,7,-1,2,-1
201501CP00175,2,21,0,11,0,1,0,0,0,0,4,1,1,1,47,8,12902,2,2,-1,1,-1
201501CP00176,1,9,0,5,0,1,0,0,0,0,2,1,6,1,52,8,1797,8,4,-1,1,-1
201501CP00176,2,20,0,18,0,1,0,0,0,0,1,1,1,1,40,7,-1,-1,-1,-1,1,-1
201501CP00177,1,9,0,3,0,1,0,0,0,0,2,1,6,1,31,6,1896,2,12,-1,1,-1
201501CP00177,2,9,0,5,0,1,0,0,0,0,1,1,6,1,35,6,1910,2,11,-1,1,-1
201501CP00178,1,11,0,5,0,1,0,0,0,0,0,1,1,1,33,6,4500,2,-1,-1,1,-1
201501CP00179,1,3,0,18,0,1,0,0,0,0,1,1,6,1,31,6,125,1,1,-1,1,-1
201501CP00180,1,1,0,18,0,1,0,0,0,0,1,1,2,2,29,6,-1,-1,-1,-1,1,-1
201501CP00180,2,8,0,4,0,1,0,0,0,0,2,1,1,1,51,8,2402,2,9,-1,1,-1
201501CP00181,1,20,0,7,0,8,0,0,0,0,4,1,1,1,51,8,11705,2,8,-1,1,-1
201501CP00181,2,1,0,18,0,8,0,0,0,0,3,1,2,2,26,6,-1,-1,-1,-1,-1,-1
201501CP00182,1,9,0,18,0,1,0,0,0,0,2,1,6,1,22,5,2179,2,-1,-1,1,-1
201501CP00182,2,1,0,18,0,1,0,0,0,0,1,1,6,1,33,6,-1,-1,-1,-1,1,-1
201501CP00183,1,9,0,18,0,8,0,0,0,0,1,1,6,1,20,4,1910,2,9,-1,1,-1
201501CP00183,2,9,0,18,0,8,0,0,0,0,1,1,6,2,39,7,1995,2,9,-1,1,-1
201501CP00184,1,20,0,5,0,0,0,0,0,0,3,1,1,1,46,8,-1,-1,-1,-1,1,-1
201501CP00184,2,1,0,18,0,0,0,0,0,0,4,1,6,1,50,8,-1,-1,-1,-1,-1,-1
201501CP00185,1,3,0,11,0,1,0,0,0,0,4,1,6,1,36,7,124,1,9,-1,1,-1
201501CP00185,2,1,0,18,4,1,0,0,0,0,3,1,2,1,32,6,-1,-1,-1,-1,-1,-1
201501CP00186,1,1,0,18,0,8,0,0,0,0,3,1,2,1,32,6,-1,-1,-1,-1,1,-1
201501CP00186,2,9,0,7,0,8,0,0,0,0,4,1,6,3,-1,-1,-1,-1,-1,-1,-1,-1
201501CP00187,1,1,0,18,0,8,0,0,0,0,1,1,2,1,-1,-1,-1,-1,-1,-1,1,-1
201501CP00187,2,9,0,9,0,8,0,0,0,0,4,1,6,3,-1,-1,-1,-1,-1,-1,-1,-1
201501CP00188,1,9,0,3,0,0,0,0,0,0,2,1,6,2,26,6,1796,1,13,-1,1,-1
201501CP00188,2,11,0,4,0,0,0,0,0,0,1,1,1,1,27,6,-1,-1,-1,-1,1,-1
201501CP00189,1,8,0,6,0,8,0,0,0,0,4,1,6,1,-1,-1,2143,2,2,-1,1,-1
201501CP00189,2,5,0,7,0,8,0,0,0,0,1,1,6,1,49,8,1165,1,12,-1,1,-1
201501CP00190,1,9,0,18,0,2,0,0,0,0,4,1,1,1,44,7,-1,-1,-1,-1,2,-1
201501CP00190,2,1,0,18,0,2,0,0,0,0,3,1,6,1,33,6,-1,-1,-1,-1,1,-1
201501CP00191,1,8,0,18,0,8,0,0,0,0,1,1,1,1,57,9,1796,1,9,-1,1,-1
201501CP00191,2,8,0,9,0,8,0,0,0,0,4,1,1,1,37,7,-1,-1,-1,-1,1,-1
201501CP00192,1,8,0,9,0,8,0,0,0,0,4,1,1,1,51,8,2499,2,3,-1,1,-1
201501CP00192,2,3,0,15,0,8,0,0,0,0,1,1,6,1,29,6,125,1,7,-1,1,-1
201501CP00193,1,1,0,18,0,1,0,0,0,0,3,1,6,1,35,6,-1,-1,-1,-1,2,-1
201501CP00193,2,9,0,18,0,1,0,0,0,0,4,1,6,3,49,8,1910,2,9,-1,1,-1
201501CP00194,1,20,0,18,0,1,0,0,0,0,4,1,1,1,42,7,-1,-1,-1,-1,1,-1
201501CP00195,1,9,0,18,0,8,0,0,0,0,1,1,6,3,-1,-1,1582,2,7,-1,-1,-1
201501CP00196,1,1,0,18,0,1,0,10,0,0,4,1,6,1,54,8,-1,-1,-1,-1,1,-1
201501CP00196,2,9,0,18,0,1,0,0,0,0,0,1,6,3,-1,-1,2400,2,5,-1,-1,-1
201501CP00198,1,9,0,18,0,1,0,0,0,0,3,1,6,1,-1,-1,1956,2,5,-1,1,-1
201501CP00198,2,21,0,11,0,1,0,0,0,0,4,2,1,3,-1,-1,-1,-1,-1,-1,-1,-1
201501CP00199,1,1,0,18,0,8,0,0,0,0,2,1,6,1,32,6,-1,-1,-1,-1,1,-1
201501CP00199,2,9,0,9,0,8,0,0,0,0,1,1,6,3,-1,-1,-1,-1,-1,-1,-1,-1
201501CP00200,1,1,0,18,0,8,0,0,0,0,1,1,6,1,26,6,-1,-1,-1,-1,1,-1
201501CP00200,2,9,0,9,0,8,0,0,0,0,3,1,6,1,-1,-1,599,1,13,-1,-1,-1
201501CP00201,1,1,0,18,0,8,0,0,0,0,3,1,6,2,26,6,-1,-1,-1,-1,1,-1
201501CP00201,2,21,0,7,0,8,0,0,0,0,4,1,1,1,31,6,9365,2,7,-1,2,-1
201501CP00202,1,4,0,18,0,1,0,0,0,0,1,1,6,3,-1,-1,-1,-1,-1,-1,-1,-1
201501CP00202,2,1,0,18,0,1,0,0,0,0,2,1,6,1,43,7,-1,-1,-1,-1,1,-1
201501CP00203,1,21,0,5,0,2,0,0,0,0,1,1,1,1,-1,-1,4461,2,3,-1,1,-1
201501CP00203,2,3,0,18,0,2,0,0,0,0,2,1,6,1,39,7,125,1,2,-1,1,-1
201501CP00204,1,21,0,9,0,8,0,0,0,0,4,1,1,1,47,8,4461,2,3,-1,1,-1
201501CP00204,2,1,0,18,0,8,0,0,0,0,1,1,6,1,31,6,-1,-1,-1,-1,1,-1
201501CP00205,1,8,0,5,0,1,0,0,0,0,3,1,1,1,43,7,1997,2,1,-1,-1,-1
201501CP00205,2,5,0,18,0,1,0,0,0,0,4,1,6,1,51,8,1130,1,13,-1,3,-1
201501CP00207,1,1,0,18,0,1,0,0,0,0,1,1,6,1,-1,-1,-1,-1,-1,-1,-1,-1
201501CP00208,1,9,0,18,0,1,0,0,0,0,1,1,6,1,32,6,-1,-1,-1,-1,1,-1
201501CP00209,1,1,0,18,0,8,0,0,0,0,1,1,2,1,27,6,-1,-1,-1,-1,1,-1
201501CP00210,1,9,0,18,0,1,0,0,0,0,1,1,6,1,27,6,2143,12,2,-1,1,-1
201501CP00211,1,20,0,18,0,1,0,0,0,0,1,1,1,1,45,7,2143,2,-1,-1,1,-1
201501CP00211,2,1,0,18,0,1,0,0,0,0,2,1,2,1,48,8,-1,-1,-1,-1,1,-1
201501CP00212,1,3,0,18,0,1,0,0,0,0,4,1,6,1,31,6,125,1,1,-1,1,-1
201501CP00212,2,19,0,6,0,8,0,0,0,0,1,1,6,3,-1,-1,-1,-1,-1,-1,-1,-1
201501CP00213,1,4,0,18,0,8,0,0,0,0,1,1,6,1,21,5,124,1,2,-1,1,-1
201501CP00213,2,4,0,18,0,8,0,0,0,0,2,1,6,3,-1,-1,535,1,21,-1,-1,-1
201501CP00214,1,3,0,3,0,1,0,0,0,0,2,1,6,1,38,7,125,1,1,-1,1,-1
201501CP00214,2,11,0,4,0,1,0,0,0,0,1,1,1,1,54,8,9200,2,11,-1,1,-1
201501CP00215,1,21,0,5,0,1,0,0,0,0,4,1,1,1,45,7,10677,2,-1,-1,-1,-1
201501CP00215,2,3,0,5,0,1,0,0,0,0,3,1,6,1,48,8,125,1,7,-1,1,-1
201501CP00216,1,1,0,17,0,2,0,0,0,0,3,1,6,2,31,6,-1,-1,-1,-1,-1,-1
201501CP00217,1,3,0,9,0,8,0,0,0,0,4,1,6,1,22,5,125,1,8,-1,1,-1
201501CP00217,2,1,0,18,0,8,0,0,0,0,1,1,6,2,31,6,-1,-1,-1,-1,-1,-1
201501CP00218,1,9,0,9,0,0,0,0,0,0,4,1,6,1,35,6,1995,2,1,-1,1,-1
201501CP00218,2,1,0,18,0,0,0,0,0,0,1,1,6,1,29,6,-1,-1,-1,-1,1,-1
201501CP00219,1,3,0,18,0,2,0,0,0,0,4,1,6,1,29,6,-1,-1,-1,-1,1,-1
201501CP00219,2,9,0,12,0,2,0,0,0,0,3,1,1,1,52,8,1797,8,2,-1,1,-1
201501CP00220,1,8,0,18,0,1,0,0,0,0,3,1,1,1,49,8,2499,2,1,-1,1,-1
201501CP00221,1,20,0,1,0,1,0,0,0,0,2,1,1,1,41,7,-1,-1,-1,-1,1,-1
201501CP00222,1,9,0,18,0,1,0,0,0,0,1,1,6,1,29,6,1968,2,1,-1,1,-1
201501CP00222,2,9,0,1,0,1,0,0,0,0,2,1,6,3,-1,-1,1598,1,2,-1,-1,-1
201501CP00222,3,9,0,4,0,1,0,0,0,0,2,1,6,1,45,7,1797,8,4,-1,1,-1
201501CP00223,1,8,0,18,0,0,0,0,0,0,1,1,1,1,46,8,2499,2,6,-1,1,-1
201501CP00223,2,9,0,4,0,0,0,0,0,0,2,1,6,1,47,8,1117,1,24,-1,1,-1
201501CP00224,1,3,0,18,0,8,0,0,0,0,2,1,6,1,44,7,124,1,3,-1,-1,-1
201501CP00224,2,8,0,18,0,8,0,0,0,0,1,1,1,1,45,7,1997,2,5,-1,1,-1
201501CP00225,1,8,0,6,0,1,0,0,0,0,3,1,1,1,53,8,1968,2,4,-1,1,-1
201501CP00225,2,1,0,14,0,1,0,0,0,0,1,1,6,2,26,6,-1,-1,-1,-1,1,-1
201501CP00226,1,9,0,7,0,8,0,0,0,0,3,1,2,2,65,9,1968,2,1,-1,1,-1
201501CP00227,1,19,0,1,0,1,0,0,0,0,2,1,1,1,55,8,2198,2,3,-1,1,-1
201501CP00229,1,9,0,9,0,8,0,0,0,0,1,1,6,1,42,7,2993,2,1,-1,1,-1
201501CP00229,2,9,0,18,0,8,0,0,0,0,4,1,6,1,40,7,1596,1,9,-1,1,-1
201501CP00231,1,1,0,18,0,0,0,0,0,0,1,1,6,2,29,6,-1,-1,-1,-1,1,-1
201501CP00231,2,8,0,9,0,0,0,0,0,0,4,1,6,3,-1,-1,2499,2,8,-1,-1,-1
201501CP00232,1,9,0,6,0,0,0,0,0,0,3,1,1,1,42,7,1968,2,2,-1,-1,-1
201501CP00232,2,1,0,14,0,0,0,0,0,0,1,1,6,1,28,6,-1,-1,-1,-1,1,-1
201501CP00233,1,3,0,15,0,0,0,0,0,0,1,1,6,1,24,5,125,1,7,-1,1,-1
201501CP00233,2,21,0,3,0,0,0,0,0,0,2,1,1,1,35,6,7698,2,-1,-1,1,-1
201501CP00234,1,9,0,18,0,1,0,0,0,0,1,1,6,1,45,7,1896,2,10,-1,1,-1
201501CP00235,1,11,0,3,0,2,0,0,0,0,0,1,1,3,-1,-1,-1,-1,-1,-1,-1,-1
201501CP00236,1,4,0,18,0,1,0,0,0,0,1,1,6,1,25,5,471,1,1,-1,1,-1
201501CP00237,1,3,0,18,0,2,0,0,0,0,1,1,6,1,49,8,124,1,9,-1,1,-1
201501CP00238,1,9,0,18,0,8,0,0,0,0,1,1,6,1,39,7,1797,8,5,-1,1,-1
201501CP00238,2,1,0,9,0,8,0,0,0,0,4,1,6,1,26,6,-1,-1,-1,-1,1,-1
201501CP00239,1,1,0,9,0,8,0,0,0,0,3,1,6,1,23,5,-1,-1,-1,-1,1,-1
201501CP00239,2,3,0,18,0,8,0,0,0,0,1,1,6,1,49,8,124,1,3,-1,1,-1
201501CP00240,1,1,0,18,0,0,0,0,0,0,1,1,6,1,37,7,-1,-1,-1,-1,1,-1
201501CP00241,1,8,0,9,0,8,0,0,0,0,1,1,1,1,74,10,2664,2,14,-1,1,-1
201501CP00241,2,1,0,18,0,8,0,0,0,0,1,1,6,2,79,11,-1,-1,-1,-1,1,-1
201501CP00242,1,4,0,14,0,1,0,0,0,0,1,1,6,1,36,7,-1,-1,-1,-1,1,-1
201501CP00243,1,11,0,2,2,0,0,0,0,0,0,1,1,1,44,7,8900,2,3,-1,1,-1
201501CP00244,1,1,0,18,0,8,0,0,0,0,1,1,2,1,31,6,-1,-1,-1,-1,1,-1
201501CP00244,2,8,0,9,0,8,0,0,0,0,2,1,1,1,46,8,2499,2,5,-1,1,-1
201501CP00245,1,3,0,18,0,1,0,0,0,0,4,1,6,1,27,6,125,1,1,-1,1,-1
201501CP00246,1,19,0,5,0,1,0,0,0,0,2,1,1,1,28,6,1399,2,7,-1,1,-1
201501CP00247,1,8,0,18,0,1,0,0,0,0,1,1,1,1,53,8,1997,2,2,-1,1,-1
201501CP00248,1,21,1,9,0,8,0,0,0,0,3,1,1,1,66,10,12900,2,5,-1,3,-1
201501CP00248,2,1,0,18,4,8,0,0,0,0,3,1,6,2,40,7,-1,-1,-1,-1,1,-1
201501CP00249,1,9,0,13,0,2,0,10,1,10,1,1,6,1,79,11,1580,1,25,-1,1,-1
201501CP00249,2,1,0,18,0,2,0,0,0,0,0,1,6,1,44,7,-1,-1,-1,-1,-1,-1
201501CP00250,1,8,0,4,0,1,0,0,0,0,2,1,1,1,60,9,2499,2,7,-1,1,-1
201501CP00250,2,9,0,18,0,1,0,0,0,0,1,1,6,1,19,4,698,1,11,-1,1,-1
201501CP00251,1,20,0,2,0,1,0,0,0,0,3,1,1,1,44,7,-1,-1,-1,-1,1,-1
201501CP00251,2,1,0,18,0,1,0,8,0,0,1,1,6,1,37,7,-1,-1,-1,-1,1,-1
201501CP00252,1,9,0,4,0,8,0,0,0,0,2,1,6,1,29,6,1797,8,3,-1,1,-1
201501CP00252,2,9,0,18,0,8,0,0,0,0,1,1,6,1,25,5,1598,1,10,-1,1,-1
201501CP00253,1,8,0,7,0,2,0,0,0,0,1,1,1,1,66,10,2499,2,7,-1,1,-1
201501CP00254,1,8,0,6,0,8,0,0,0,0,3,1,1,1,56,9,2148,2,5,-1,1,-1
201501CP00254,2,1,0,18,0,8,0,0,0,0,4,1,6,1,30,6,-1,-1,-1,-1,1,-1
201501CP00255,1,20,0,15,0,1,0,0,0,0,3,1,1,1,67,10,-1,-1,-1,-1,1,-1
201501CP00255,2,1,0,18,0,1,0,0,0,0,4,1,2,2,52,8,-1,-1,-1,-1,1,-1
201501CP00256,1,1,0,18,0,8,0,0,0,0,4,1,6,1,29,6,-1,-1,-1,-1,1,-1
201501CP00256,2,8,0,18,0,8,0,0,0,0,1,1,1,1,51,8,2402,2,10,-1,1,-1
201501CP00257,1,11,0,2,2,2,0,0,0,0,0,1,1,1,52,8,6700,2,5,-1,1,-1
201501CP00258,1,1,0,9,0,2,0,0,0,0,1,1,1,1,33,6,-1,-1,-1,-1,1,-1
201501CP00258,2,8,0,18,0,1,0,0,0,0,3,1,1,1,46,8,2143,12,2,-1,1,-1
201501CP00259,1,1,0,15,0,1,0,0,0,0,3,1,2,2,35,6,-1,-1,-1,-1,1,-1
201501CP00259,2,19,0,3,0,1,0,0,0,0,4,1,1,1,55,8,1968,2,1,-1,-1,-1
201501CP00259,3,8,0,3,0,1,0,0,0,0,4,1,1,1,44,7,2664,2,15,-1,1,-1
201501CP00260,1,9,0,18,0,1,0,0,0,0,1,1,6,3,-1,-1,-1,-1,-1,-1,-1,-1
201501CP00261,1,9,0,18,0,2,0,0,0,0,1,1,6,2,35,6,1596,1,10,-1,1,-1
201501CP00262,1,8,0,4,0,1,0,0,0,0,4,1,1,1,62,9,1997,2,4,-1,1,-1
201501CP00262,2,1,0,15,0,1,0,8,0,0,1,1,6,1,40,7,-1,-1,-1,-1,1,-1
201501CP00263,1,21,0,18,0,1,0,0,0,0,4,1,6,3,-1,-1,-1,-1,-1,-1,-1,-1
201501CP00264,1,8,0,9,0,1,0,0,0,0,3,1,1,1,42,7,2499,2,4,-1,1,-1
201501CP00264,2,4,0,18,0,1,0,0,0,0,1,1,6,2,41,7,249,1,5,-1,1,-1
201501CP00265,1,5,0,18,0,1,0,0,0,0,3,1,6,1,45,7,955,1,14,-1,1,-1
201501CP00266,1,1,0,18,0,8,0,0,0,0,4,1,6,1,46,8,-1,-1,-1,-1,1,-1
201501CP00266,2,19,0,9,0,8,0,0,0,0,1,1,1,1,68,10,1461,2,-1,-1,2,-1
201501CP00267,1,1,0,18,0,8,0,0,0,0,1,1,2,1,29,6,-1,-1,-1,-1,1,-1
201501CP00267,2,8,0,9,0,8,0,0,0,0,3,1,1,1,-1,-1,1997,2,3,-1,1,-1
201501CP00268,1,9,0,18,0,2,0,0,0,0,2,1,6,1,42,7,1995,2,6,-1,1,-1
201501CP00268,2,9,0,18,0,2,0,0,0,0,1,1,6,1,27,6,2656,1,13,-1,1,-1
201501CP00269,1,1,0,4,0,1,0,0,0,0,1,1,6,1,42,7,-1,-1,-1,-1,3,-1
201501CP00269,2,9,0,4,0,1,0,0,0,0,2,1,6,1,44,7,1798,8,1,-1,1,-1
201501CP00270,1,3,0,17,0,8,0,0,0,0,3,1,6,1,60,9,124,1,13,-1,1,-1
201501CP00271,1,9,0,5,0,1,0,0,0,0,1,1,6,1,66,10,2993,2,4,-1,1,-1
201501CP00272,1,1,0,18,0,1,0,0,0,0,1,1,6,1,55,8,-1,-1,-1,-1,1,-1
201501CP00273,1,9,0,18,0,1,0,0,0,0,1,1,6,1,43,7,1686,2,1,-1,1,-1
201501CP00274,1,9,0,18,0,0,0,0,0,0,1,1,6,1,21,5,-1,-1,-1,-1,1,-1
201501CP00274,2,9,0,1,0,0,0,0,0,0,2,1,6,1,48,8,1797,8,3,-1,1,-1