Accident_Index,Vehicle_Reference,Vehicle_Type,Towing_and_Articulation,Vehicle_Manoeuvre,Vehicle_Location-Restricted_Lane,Junction_Location,Skidding_and_Overturning,Hit_Object_in_Carriageway,Vehicle_Leaving_Carriageway,Hit_Object_off_Carriageway,1st_Point_of_Impact,Was_Vehicle_Left_Hand_Drive?,Journey_Purpose_of_Driver,Sex_of_Driver,Age_of_Driver,Age_Band_of_Driver,Engine_Capacity_(CC),Propulsion_Code,Age_of_Vehicle,Driver_IMD_Decile,Driver_Home_Area_Type,Vehicle_IMD_Decile
201501CW10386,2,9,0,18,0,8,0,0,0,0,1,1,6,1,-1,-1,1781,1,27,-1,-1,-1
201501CW10387,1,3,0,3,0,8,0,0,0,0,1,1,1,1,39,7,125,1,-1,-1,1,-1
201501CW10387,2,9,0,1,0,8,0,0,0,0,2,1,6,1,-1,-1,2967,2,3,-1,-1,-1
201501CW10388,1,3,0,7,0,8,0,0,0,0,3,1,6,1,18,4,125,1,1,-1,1,-1
201501CW10388,2,1,0,18,0,8,0,0,0,0,1,1,6,1,10,2,-1,-1,-1,-1,1,-1
201501CW10389,1,9,0,18,0,8,0,0,0,0,3,1,6,1,38,7,2987,2,3,-1,1,-1
201501CW10389,2,21,0,18,0,8,0,0,0,0,4,1,1,1,-1,-1,12882,2,4,-1,-1,-1
201501CW10390,1,11,0,4,0,1,0,0,0,0,0,1,1,1,39,7,7300,2,13,-1,1,-1
201501CW10391,1,21,0,18,0,8,0,0,0,0,4,1,1,1,53,8,12419,2,4,-1,1,-1
201501CW10391,2,1,0,15,0,8,0,10,0,0,3,1,6,1,29,6,-1,-1,-1,-1,1,-1
201501CW10394,1,19,0,1,0,2,0,0,0,0,2,1,6,1,34,6,2143,2,4,-1,1,-1
201501CW10395,1,8,0,18,0,0,0,0,0,0,1,1,1,1,-1,-1,-1,-1,-1,-1,-1,-1
201501CW10396,1,9,0,3,0,1,0,0,0,0,2,1,6,2,52,8,1995,2,5,-1,-1,-1
201501CW10396,2,1,0,18,0,1,0,0,0,0,1,1,6,1,-1,-1,-1,-1,-1,-1,-1,-1
201501CW10397,1,3,0,3,0,8,0,0,0,0,2,1,2,1,30,6,125,1,2,-1,1,-1
201501CW10397,2,19,0,18,0,8,0,0,0,0,1,1,1,2,-1,-1,2198,2,4,-1,-1,-1
201501CW10398,1,9,0,18,0,1,0,0,0,0,1,1,1,1,-1,-1,-1,-1,-1,-1,-1,-1
201501CW10400,1,19,0,9,0,8,0,0,0,0,4,1,1,1,44,7,-1,-1,-1,-1,1,-1
201501CW10400,2,1,0,18,0,8,0,0,0,0,1,1,6,1,30,6,-1,-1,-1,-1,-1,-1
201501CW10401,1,9,0,11,0,8,0,0,0,0,4,1,1,1,38,7,-1,-1,-1,-1,1,-1
201501CW10401,2,1,0,18,0,8,0,0,0,0,1,1,6,2,26,6,-1,-1,-1,-1,-1,-1
201501CW10402,1,9,0,9,0,8,0,0,0,0,1,1,6,1,20,4,1997,1,1,-1,1,-1
201501CW10403,1,9,0,18,0,1,0,0,0,0,4,1,6,2,24,5,1248,1,6,-1,1,-1
201501CW10403,2,1,0,18,0,1,0,0,0,0,3,1,6,1,42,7,-1,-1,-1,-1,1,-1
201501CW10404,1,9,0,18,0,8,0,0,0,0,1,1,6,1,48,8,1390,1,7,-1,1,-1
201501CW10404,2,9,0,18,0,8,0,0,0,0,4,1,6,2,38,7,-1,-1,-1,-1,1,-1
201501CW10405,1,1,0,18,0,8,0,0,0,0,1,1,6,1,32,6,-1,-1,-1,-1,1,-1
201501CW10405,2,8,0,18,0,8,0,0,0,0,1,1,1,1,-1,-1,-1,-1,-1,-1,-1,-1
201501CW10406,1,8,0,13,0,8,0,0,0,0,4,1,6,1,40,7,1598,1,2,-1,1,-1
201501CW10406,2,11,0,12,0,8,0,0,0,0,3,1,1,1,67,10,-1,-1,-1,-1,-1,-1
201501CW10408,1,9,0,18,0,8,0,0,0,0,1,1,6,1,47,8,2597,1,14,-1,1,-1
201501CW10408,2,9,0,18,0,8,5,10,0,0,1,1,6,1,44,7,1896,2,7,-1,1,-1
201501CW10410,1,1,0,14,0,0,0,10,7,10,0,1,6,1,31,6,-1,-1,-1,-1,1,-1
201501CW10410,2,21,0,2,0,0,0,0,0,0,0,1,6,1,-1,-1,-1,-1,-1,-1,-1,-1
201501CW10411,1,1,0,3,0,8,0,0,0,0,4,1,2,2,26,6,-1,-1,-1,-1,1,-1
201501CW10411,2,8,0,7,0,8,0,0,0,0,1,1,1,1,-1,-1,2664,2,16,-1,-1,-1
201501CW10412,1,1,0,18,0,8,0,0,0,0,4,1,6,1,28,6,-1,-1,-1,-1,1,-1
201501CW10412,2,19,0,18,0,8,0,0,0,0,1,1,1,1,-1,-1,-1,-1,-1,-1,-1,-1
201501CW10414,1,8,0,7,0,2,0,0,0,0,4,1,6,1,-1,-1,-1,-1,-1,-1,-1,-1
201501CW10415,1,5,0,9,0,8,0,0,0,0,3,1,1,1,-1,-1,-1,-1,-1,-1,-1,-1
201501CW10417,1,9,0,4,0,1,0,4,0,0,1,1,6,1,79,11,-1,-1,-1,-1,1,-1
201501CW10417,2,19,0,2,0,1,0,0,0,0,1,1,1,1,31,6,2402,2,10,-1,1,-1
201501CW10417,3,9,0,2,0,1,0,0,0,0,2,1,6,1,47,8,1753,2,6,-1,1,-1
201501CW10418,1,11,0,5,0,2,0,0,0,0,1,1,1,1,44,7,12900,2,2,-1,1,-1
201501CW10419,1,8,0,18,0,8,0,0,0,0,1,1,1,1,58,9,1798,8,-1,-1,1,-1
201501CW10419,2,8,0,10,0,8,0,0,0,0,2,1,6,1,40,7,2143,2,2,-1,1,-1
201501CW10420,1,9,0,18,0,1,0,0,0,0,1,1,6,3,-1,-1,-1,-1,-1,-1,-1,-1
201501CW10421,1,9,0,18,0,1,0,0,0,0,4,1,6,3,-1,-1,-1,-1,-1,-1,-1,-1
201501CW10421,2,1,0,18,0,1,0,0,0,0,3,1,6,1,-1,-1,-1,-1,-1,-1,-1,-1
201501CW10422,1,9,0,18,0,8,0,0,0,0,1,1,6,1,53,8,1948,1,14,-1,1,-1
201501CW10423,1,11,0,4,0,2,0,0,0,0,0,1,6,1,58,9,4461,2,1,-1,1,-1
201501CW10424,1,11,0,4,0,0,0,0,0,0,0,1,1,1,54,8,4461,2,2,-1,1,-1
201501CW10424,2,8,0,12,0,0,0,0,0,0,0,1,1,1,-1,-1,-1,-1,-1,-1,-1,-1
201501CW10426,1,19,0,7,0,8,0,0,0,0,4,1,6,3,-1,-1,2143,2,1,-1,-1,-1
201501CW10426,2,1,0,7,0,8,0,0,0,0,3,1,6,2,36,7,-1,-1,-1,-1,1,-1
201501CW10427,1,21,0,18,0,8,0,0,0,0,1,1,1,1,-1,-1,4461,2,2,-1,-1,-1
201501CW10428,1,9,0,18,0,2,0,0,0,0,1,1,6,1,81,11,1598,1,22,-1,1,-1
201501CW10432,1,11,0,4,0,0,0,0,0,0,0,1,1,1,40,7,9360,2,6,-1,1,-1
201501CW10434,1,1,0,18,0,8,0,0,0,0,1,1,6,1,39,7,-1,-1,-1,-1,-1,-1
201501CW10435,1,9,0,3,0,8,0,0,0,0,2,1,6,1,22,5,1995,1,6,-1,1,-1
201501CW10435,2,9,0,18,0,1,0,0,0,0,1,1,6,2,21,5,2151,2,15,-1,1,-1
201501CW10436,1,5,0,18,0,1,0,0,0,0,4,1,6,1,38,7,-1,-1,-1,-1,1,-1
201501CW10437,1,9,0,16,0,8,0,0,0,0,3,1,6,2,40,7,2362,1,14,-1,1,-1
201501CW10437,2,9,0,18,0,8,0,0,0,0,1,1,6,2,-1,-1,4398,7,13,-1,-1,-1
201501CW10440,1,5,0,18,0,8,0,0,0,0,1,1,6,1,38,7,618,1,10,-1,1,-1
201501CW10441,1,9,0,18,0,8,0,0,0,0,4,1,6,1,41,7,1896,2,8,-1,1,-1
201501CW10441,2,19,0,18,0,8,0,0,0,0,1,1,1,1,52,8,2402,2,4,-1,1,-1
201501CW10443,1,1,0,18,5,0,0,0,0,0,1,1,6,1,47,8,-1,-1,-1,-1,-1,-1
201501CW10445,1,9,0,9,0,8,0,0,0,0,1,1,1,1,30,6,1339,1,6,-1,1,-1
201501CW10446,1,11,0,11,0,8,0,0,0,0,4,1,1,1,59,9,-1,-1,-1,-1,1,-1
201501CW10446,2,8,0,4,0,8,0,0,0,0,1,1,1,3,-1,-1,2499,2,3,-1,-1,-1
201501CW10447,1,8,0,18,0,8,0,0,0,0,4,1,1,1,29,6,2499,2,5,-1,1,-1
201501CW10448,1,5,0,18,0,8,0,0,0,0,1,1,6,1,63,9,680,1,5,-1,1,-1
201501CW10448,2,9,0,7,0,8,0,0,0,0,4,1,6,3,-1,-1,-1,-1,-1,-1,-1,-1
201501CW10449,1,19,0,18,0,8,0,0,0,0,3,1,1,1,23,5,1997,2,7,-1,1,-1
201501CW10449,2,11,0,11,0,8,0,0,0,0,1,1,1,3,-1,-1,4760,2,2,-1,1,-1
201501CW10450,1,1,0,18,0,8,0,0,0,0,4,1,6,1,45,7,-1,-1,-1,-1,1,-1
201501CW10450,2,19,0,7,0,8,0,0,0,0,1,1,6,1,49,8,-1,-1,-1,-1,1,-1
201501CW10451,1,8,0,5,0,0,0,0,0,0,0,1,1,3,-1,-1,-1,-1,-1,-1,-1,-1
201501CW10452,1,9,0,18,0,8,0,0,0,0,1,1,4,1,28,6,2987,2,6,-1,-1,-1
201501CW10452,2,9,0,18,0,8,0,0,0,0,3,1,6,2,49,8,1998,1,13,-1,1,-1
201501CW10453,1,8,0,18,0,8,0,0,0,0,1,1,1,1,40,7,2664,2,14,-1,1,-1
201501CW10453,2,9,0,18,0,8,0,0,0,0,1,1,6,2,25,5,-1,-1,-1,-1,1,-1
201501CW10454,1,9,0,17,0,8,0,0,0,0,1,1,6,1,71,10,-1,-1,-1,-1,1,-1
201501CW10454,2,9,0,7,0,8,0,0,0,0,2,1,1,1,53,8,-1,-1,-1,-1,1,-1
201501CW10454,3,9,0,7,0,8,0,0,0,0,2,1,1,2,29,6,-1,3,1,-1,1,-1
201501CW10455,1,8,0,3,0,8,0,0,0,0,2,1,1,1,49,8,1797,8,6,-1,1,-1
201501CW10455,2,9,0,4,0,8,0,0,0,0,1,1,1,1,44,7,1995,2,6,-1,1,-1
201501CW10455,3,9,0,4,0,8,0,0,0,0,1,1,6,2,39,7,2148,2,7,-1,1,-1
201501CW10456,1,4,0,14,0,8,0,0,0,0,1,1,1,1,40,7,279,1,4,-1,1,-1
201501CW10457,1,9,0,4,0,0,0,0,0,0,3,1,6,1,52,8,1753,2,8,-1,1,-1
201501CW10457,2,3,0,13,0,0,0,0,0,0,1,1,1,1,30,6,124,1,8,-1,1,-1
201501CW10458,1,5,0,18,0,8,0,0,0,0,4,1,1,1,32,6,-1,-1,-1,-1,1,-1
201501CW10458,2,8,0,18,0,8,0,0,0,0,1,1,1,1,55,8,-1,-1,-1,-1,1,-1
201501CW10459,1,9,0,18,0,8,0,0,0,0,1,1,6,1,39,7,-1,-1,-1,-1,3,-1
201501CW10459,2,8,0,18,0,8,0,0,0,0,1,1,1,1,51,8,1798,8,1,-1,1,-1
201501CW10461,1,1,0,18,0,8,0,0,0,0,1,1,6,1,41,7,-1,-1,-1,-1,1,-1
201501CW10462,1,9,0,4,0,8,0,0,0,0,1,1,6,1,37,7,1896,2,8,-1,1,-1
201501CW10464,1,3,0,4,0,8,0,0,0,0,1,1,6,1,24,5,124,1,5,-1,1,-1
201501CW10464,2,9,0,4,0,8,0,0,0,0,2,1,6,1,47,8,1998,1,11,-1,1,-1
201501CW10465,1,9,0,9,0,8,0,0,0,0,3,1,6,2,30,6,2143,2,2,-1,1,-1
201501CW10465,2,1,0,18,0,8,0,0,0,0,1,1,6,1,62,9,-1,-1,-1,-1,-1,-1
201501CW10466,1,21,0,18,0,0,0,0,0,0,1,1,1,2,47,8,6870,2,4,-1,1,-1
201501CW10468,1,8,0,18,0,8,0,0,0,0,4,1,1,1,57,9,2499,2,-1,-1,2,-1
201501CW10469,1,1,0,18,0,8,0,0,0,0,1,1,6,1,-1,-1,-1,-1,-1,-1,1,-1
201501CW10470,1,8,0,5,0,8,0,0,0,0,3,1,1,1,77,11,2664,2,16,-1,1,-1
201501CW10471,1,5,0,3,0,8,0,4,0,0,1,1,6,1,43,7,670,1,2,-1,1,-1
201501CW10471,2,9,0,15,0,8,0,0,0,0,3,1,6,1,30,6,-1,-1,-1,-1,1,-1
201501CW10472,1,1,0,18,0,0,0,0,0,0,3,1,6,2,31,6,-1,-1,-1,-1,1,-1
201501CW10472,2,1,0,18,0,0,0,0,0,0,1,1,6,2,-1,-1,-1,-1,-1,-1,-1,-1
201501CW10473,1,1,0,18,0,0,0,0,0,0,1,1,2,1,33,6,-1,-1,-1,-1,1,-1
201501CW10473,2,9,0,2,0,0,0,0,0,0,3,1,6,1,-1,-1,1910,2,6,-1,-1,-1
201501CW10474,1,9,0,9,0,8,0,0,0,0,3,1,6,1,29,6,1598,1,7,-1,1,-1
201501CW10474,2,9,0,18,0,8,0,0,0,0,1,1,6,3,-1,-1,-1,-1,-1,-1,-1,-1
201501CW10475,1,3,0,18,0,8,0,0,0,0,1,1,6,1,18,4,125,1,5,-1,1,-1
201501CW10476,1,9,0,14,0,8,0,0,0,0,1,1,6,1,35,6,1753,2,9,-1,1,-1
201501CW10476,2,1,0,18,0,2,0,0,0,0,1,1,6,1,22,5,-1,-1,-1,-1,1,-1
201501CW10477,1,9,0,18,0,0,0,10,1,7,4,1,6,1,35,6,4999,1,10,-1,1,-1
201501CW10478,1,9,0,18,0,8,0,0,0,0,1,1,6,1,29,6,1988,1,12,-1,1,-1
201501CW10479,1,9,0,9,0,8,0,0,0,0,1,1,6,2,34,6,1199,2,-1,-1,1,-1
201501CW10479,2,3,0,18,0,8,0,0,0,0,1,1,6,2,38,7,124,1,6,-1,1,-1
201501CW10480,1,9,0,9,0,8,0,0,0,0,2,1,6,1,23,5,1796,1,8,-1,1,-1
201501CW10480,2,9,0,9,0,8,0,0,0,0,1,1,6,1,27,6,1995,2,-1,-1,-1,-1
201501CW10481,1,9,0,2,0,0,0,0,0,0,3,1,6,2,29,6,1598,1,10,-1,1,-1
201501CW10481,2,9,0,18,0,0,0,0,0,0,4,1,6,1,59,9,1997,2,1,-1,-1,-1
201501CW10482,1,9,0,2,0,1,0,0,0,0,3,1,6,1,41,7,2494,8,-1,-1,1,-1
201501CW10482,2,1,0,18,0,1,0,8,0,0,1,1,6,2,35,6,-1,-1,-1,-1,1,-1
201501CW10483,1,9,0,9,0,8,0,0,0,0,1,1,6,2,31,6,1560,2,4,-1,-1,-1
201501CW10483,2,1,0,9,0,8,0,0,0,0,3,1,6,1,32,6,-1,-1,-1,-1,1,-1
201501CW10484,1,9,0,18,0,0,0,0,0,0,4,1,6,1,40,7,1896,2,6,-1,1,-1
201501CW10485,1,9,0,18,0,2,0,0,0,0,1,1,6,2,56,9,1596,1,1,-1,1,-1
201501CW10485,2,9,0,18,0,2,0,0,0,0,2,1,6,2,30,6,1368,1,2,-1,1,-1
201501CW10485,3,9,0,2,0,8,0,0,0,0,1,1,6,1,53,8,2148,2,8,-1,1,-1
201501CW10486,1,19,0,4,0,8,0,0,0,0,2,1,6,1,35,6,2143,2,3,-1,1,-1
201501CW10486,2,3,0,18,0,8,0,0,0,0,1,1,6,1,26,6,125,1,3,-1,1,-1
201501CW10487,1,9,0,10,0,8,0,0,0,0,1,1,6,2,30,6,1598,1,8,-1,1,-1
201501CW10487,2,9,0,18,0,8,0,0,0,0,1,1,6,1,-1,-1,1299,1,15,-1,-1,-1
201501CW10488,1,8,0,3,0,8,0,0,0,0,1,1,1,1,71,10,2402,2,9,-1,1,-1
201501CW10488,2,3,0,5,0,8,0,0,0,0,1,1,2,2,39,7,125,1,1,-1,1,-1
201501CW10489,1,9,0,16,0,8,0,0,0,0,2,1,6,2,30,6,1248,2,8,-1,1,-1
201501CW10489,2,21,0,16,0,8,0,0,0,0,1,1,1,1,45,7,-1,-1,-1,-1,1,-1
201501CW10490,1,3,0,3,0,8,0,0,0,0,2,1,6,1,20,4,125,1,4,-1,1,-1
201501CW10490,2,8,0,5,0,1,0,0,0,0,1,1,6,1,55,8,1997,2,2,-1,1,-1
201501CW10491,1,1,0,18,0,0,0,8,0,0,1,1,6,2,35,6,-1,-1,-1,-1,1,-1
201501CW10491,2,9,0,2,0,0,0,0,0,0,3,1,6,1,37,7,2993,2,5,-1,1,-1
201501CW10492,1,1,0,18,0,1,0,0,0,0,3,1,6,2,27,6,-1,-1,-1,-1,1,-1
201501CW10492,2,3,0,7,0,8,0,0,0,0,4,1,6,3,-1,-1,-1,-1,-1,-1,-1,-1
201501CW10493,1,19,0,1,0,1,0,0,0,0,2,1,1,1,40,7,2198,2,1,-1,1,-1
201501CW10493,2,19,0,2,0,1,0,0,0,0,0,1,1,1,30,6,1248,2,4,-1,1,-1
201501CW10494,1,1,0,18,0,8,0,0,0,0,1,1,6,1,30,6,-1,-1,-1,-1,1,-1
201501CW10494,2,90,0,18,0,8,0,0,0,0,1,1,1,1,48,8,-1,-1,-1,-1,1,-1
201501CW10495,1,9,0,18,0,8,0,0,0,0,1,1,6,1,26,6,1229,1,4,-1,1,-1
201501CW10495,2,8,0,17,0,8,0,0,0,0,1,1,1,1,-1,-1,2499,2,2,-1,1,-1
201501CW10496,1,5,0,9,0,8,0,0,0,0,4,1,6,1,28,6,535,1,20,-1,1,-1
201501CW10497,1,10,0,9,0,8,0,0,0,0,1,1,1,1,39,7,2999,2,4,-1,1,-1
201501CW10497,2,1,0,18,0,8,0,0,0,0,1,1,2,1,27,6,-1,-1,-1,-1,1,-1
201501CW10498,1,3,0,18,0,8,0,0,0,0,1,1,6,1,38,7,-1,-1,-1,-1,1,-1
201501CW10500,1,9,0,17,0,8,0,0,0,0,1,1,2,1,26,6,2497,1,12,-1,1,-1
201501CW10500,2,11,0,18,0,8,0,0,0,0,3,2,1,1,-1,-1,-1,-1,-1,-1,-1,-1
201501CW10502,1,1,0,13,0,8,0,0,0,0,3,1,6,1,32,6,-1,-1,-1,-1,1,-1
201501CW10502,2,8,0,3,0,1,0,0,0,0,4,1,1,1,-1,-1,1560,2,4,-1,1,-1
201501CW10502,3,19,0,3,0,1,0,0,0,0,3,1,1,3,-1,-1,-1,-1,-1,-1,-1,-1
201501CW10504,1,8,0,2,0,8,0,0,0,0,3,1,6,1,45,7,1797,8,4,-1,1,-1
201501CW10504,2,1,0,18,0,8,0,8,0,0,1,1,6,1,36,7,-1,-1,-1,-1,1,-1
201501CW10505,1,9,0,18,0,8,0,0,0,0,2,1,6,2,49,8,1598,1,10,-1,1,-1
201501CW10505,2,9,0,18,0,8,0,10,3,0,1,1,6,3,-1,-1,-1,-1,-1,-1,-1,-1
201501CW10506,1,19,0,18,0,8,0,0,0,0,4,1,1,1,-1,-1,-1,-1,-1,-1,-1,-1
201501CW10506,2,1,0,9,0,8,0,0,0,0,1,1,6,1,21,5,-1,-1,-1,-1,1,-1
201501CW10507,1,11,0,2,0,0,0,0,0,0,0,1,1,1,48,8,4461,2,1,-1,1,-1
201501CW10508,1,8,0,18,0,8,0,0,0,0,1,1,1,1,48,8,2499,2,6,-1,3,-1
201501CW10509,1,9,0,9,0,8,0,0,0,0,1,1,6,1,30,6,1997,2,1,-1,1,-1
201501CW10509,2,1,0,18,8,8,0,0,0,0,1,1,6,1,27,6,-1,-1,-1,-1,1,-1
201501CW10510,1,11,0,18,0,8,0,0,0,0,1,1,1,1,59,9,7300,2,14,-1,-1,-1
201501CW10510,2,21,0,3,0,8,0,0,0,0,2,1,1,1,46,8,-1,-1,-1,-1,1,-1
201501CW10511,1,9,0,18,0,8,0,0,0,0,1,1,6,3,-1,-1,-1,-1,-1,-1,-1,-1
201501CW10512,1,1,0,18,0,8,0,0,0,0,1,1,6,2,38,7,-1,-1,-1,-1,1,-1
201501CW10512,2,9,0,9,0,8,0,0,0,0,1,1,6,2,-1,-1,-1,-1,-1,-1,-1,-1
201501CW10513,1,8,0,3,0,0,0,0,0,0,2,1,1,1,55,8,2499,2,1,-1,1,-1
201501CW10513,2,9,0,18,0,0,0,0,0,0,1,1,6,1,48,8,2400,1,13,-1,1,-1
201501CW10514,1,9,0,9,0,8,0,0,0,0,1,1,6,2,26,6,1124,1,14,-1,1,-1
201501CW10514,2,1,0,18,0,8,0,0,0,0,1,1,6,1,31,6,-1,-1,-1,-1,1,-1
201501CW10515,1,8,0,18,0,0,0,0,0,0,1,1,6,1,47,8,1798,8,1,-1,1,-1
201501CW10516,1,9,0,11,0,8,0,0,0,0,2,1,6,1,26,6,1229,1,7,-1,1,-1
201501CW10516,2,9,0,18,0,8,0,0,0,0,1,1,6,1,38,7,-1,-1,-1,-1,1,-1
201501CW10517,1,1,0,9,0,8,0,0,0,0,3,1,6,2,50,8,-1,-1,-1,-1,-1,-1
201501CW10517,2,11,0,18,0,8,0,0,0,0,1,1,6,1,40,7,8268,2,14,-1,1,-1
201501CW10518,1,4,0,18,0,8,0,0,0,0,1,1,6,1,31,6,125,1,2,-1,1,-1
201501CW10518,2,9,0,6,0,8,0,0,0,0,1,1,6,1,43,7,2143,2,1,-1,1,-1
201501CW10519,1,1,0,18,0,0,0,0,0,0,3,1,6,2,28,6,-1,-1,-1,-1,1,-1
201501CW10519,2,8,0,18,0,0,0,0,0,0,4,1,1,1,-1,-1,2148,2,6,-1,-1,-1
201501CW10520,1,11,0,2,0,2,0,0,0,0,2,1,1,1,52,8,4500,2,-1,-1,1,-1
201501CW10520,2,11,0,14,0,2,0,0,0,0,1,1,1,1,-1,-1,4461,2,1,-1,-1,-1
201501CW10522,1,9,0,18,0,8,0,0,0,0,4,1,6,1,76,11,1560,2,6,-1,1,-1
201501CW10522,2,1,0,18,0,8,0,0,0,0,1,1,6,1,18,4,-1,-1,-1,-1,1,-1
201501CW10524,1,9,0,2,0,0,0,0,0,0,2,1,6,1,48,8,-1,-1,-1,-1,1,-1
201501CW10524,2,9,0,1,0,0,0,4,0,0,2,1,6,1,-1,-1,2996,1,7,-1,-1,-1
201501CW10525,1,9,0,7,0,8,0,0,0,0,4,1,6,1,69,10,-1,-1,-1,-1,1,-1
201501CW10525,2,1,0,18,0,8,0,0,0,0,1,1,6,2,42,7,-1,-1,-1,-1,1,-1
201501CW10527,1,9,0,9,0,2,0,0,0,0,1,1,6,2,60,9,2143,12,2,-1,1,-1
201501CW10528,1,9,0,9,0,8,0,0,0,0,1,1,6,1,-1,-1,1968,2,4,-1,1,-1
201501CW10529,1,8,0,18,0,0,0,0,0,0,1,1,1,1,64,9,2664,2,14,-1,1,-1
201501CW10530,1,19,0,9,0,8,0,0,0,0,1,1,1,1,24,5,1896,2,9,-1,1,-1
201501CW10530,2,3,0,18,0,8,0,0,0,0,1,1,6,1,19,4,125,1,1,-1,1,-1
201501CW10531,1,9,0,9,0,8,0,0,0,0,1,1,6,1,50,8,2993,2,4,-1,1,-1
201501CW10531,2,1,0,18,0,8,0,0,0,0,1,1,6,2,36,7,-1,-1,-1,-1,1,-1
201501CW10532,1,8,0,18,0,0,0,0,0,0,0,1,1,1,50,8,1797,8,5,-1,1,-1
201501CW10533,1,21,0,18,0,0,0,0,0,0,1,1,1,1,58,9,9200,2,5,-1,1,-1
201501CW10534,1,8,0,7,0,8,0,0,0,0,1,1,1,1,53,8,2402,2,9,-1,1,-1
201501CW10535,1,1,0,18,0,8,0,0,0,0,1,1,2,1,31,6,-1,-1,-1,-1,1,-1
201501CW10536,1,3,0,18,0,8,0,0,0,0,1,1,6,1,28,6,-1,-1,-1,-1,1,-1
201501CW10536,2,9,0,9,0,8,0,0,0,0,1,1,6,3,-1,-1,-1,-1,-1,-1,-1,-1
201501CW10537,1,1,0,18,0,1,0,0,0,0,1,1,6,1,-1,-1,-1,-1,-1,-1,1,-1
201501CW10538,1,9,0,9,0,8,0,0,0,0,1,1,6,1,41,7,4308,1,7,-1,1,-1
201501CW10539,1,4,0,18,0,8,0,0,0,0,1,1,6,1,45,7,-1,-1,-1,-1,1,-1
201501CW10539,2,9,0,9,0,8,0,0,0,0,1,1,6,1,52,8,1997,1,4,-1,1,-1
201501CW10540,1,3,0,18,0,0,0,0,0,0,1,1,1,1,20,4,102,1,10,-1,1,-1
201501CW10540,2,8,0,18,0,0,0,0,0,0,1,1,6,1,45,7,1797,8,6,-1,1,-1
201501CW10541,1,1,0,14,0,0,0,0,0,0,3,1,6,1,43,7,-1,-1,-1,-1,1,-1
201501CW10541,2,9,0,13,0,0,0,0,0,0,4,1,6,1,-1,-1,-1,-1,-1,-1,-1,-1
201501CW10542,1,9,0,9,0,8,0,0,0,0,1,1,6,1,48,8,2993,2,4,-1,2,-1
201501CW10543,1,19,4,9,0,8,0,0,0,0,2,1,1,3,-1,-1,-1,-1,-1,-1,-1,-1
201501CW10544,1,8,0,9,0,8,0,0,0,0,0,1,1,1,61,9,2499,2,8,-1,1,-1
201501CW10545,1,1,0,16,0,8,0,0,0,0,1,1,6,1,44,7,-1,-1,-1,-1,1,-1
201501CW10546,1,9,0,11,0,8,0,0,0,0,4,1,6,1,65,9,1598,1,6,-1,1,-1
201501CW10546,2,8,0,18,0,8,0,0,0,0,3,1,6,1,-1,-1,2143,2,2,-1,1,-1
201501CW10547,1,9,0,18,0,0,0,10,4,2,1,1,6,1,18,4,2143,2,1,-1,1,-1
201501CW10550,1,8,0,6,0,8,0,0,0,0,3,1,6,1,31,6,1598,1,5,-1,1,-1
201501CW10550,2,8,0,18,0,8,0,0,0,0,1,1,6,1,62,9,2143,2,1,-1,1,-1
201501CW10553,1,9,0,14,0,8,0,0,0,0,4,1,6,1,18,4,2493,8,1,-1,1,-1
201501CW10553,2,8,0,9,0,8,0,0,0,0,1,1,1,1,41,7,2143,2,1,-1,1,-1
201501CW10553,3,8,0,18,0,8,0,0,0,0,1,1,1,1,49,8,2499,2,2,-1,1,-1
201501CW10554,1,9,0,7,0,8,0,0,0,0,1,1,6,1,56,9,2435,1,13,-1,1,-1
201501CW10555,1,11,0,4,0,0,0,0,0,0,0,1,1,1,69,10,4500,2,-1,-1,-1,-1
201501CW10556,1,8,0,18,0,8,0,0,0,0,1,1,1,1,-1,-1,1798,2,5,-1,-1,-1
201501CW10557,1,8,0,9,0,8,0,0,0,0,1,1,1,1,38,7,1997,2,4,-1,1,-1
201501CW10557,2,9,0,13,0,8,0,0,0,0,1,1,6,1,32,6,1398,1,2,-1,1,-1
201501CW10558,1,9,0,7,0,8,0,0,0,0,3,1,6,2,41,7,1956,2,-1,-1,1,-1
201501CW10558,2,9,0,18,0,8,0,0,0,0,1,1,6,1,-1,-1,-1,-1,-1,-1,-1,-1
201501CW10559,1,3,0,17,0,8,0,0,0,0,2,1,6,1,20,4,125,1,8,-1,1,-1
201501CW10559,2,1,0,17,0,8,0,0,0,0,1,1,6,2,28,6,-1,-1,-1,-1,1,-1
201501CW10560,1,8,0,2,0,0,0,0,0,0,2,1,1,1,42,7,1997,2,6,-1,1,-1
201501CW10560,2,3,0,18,0,0,0,4,0,0,1,1,6,1,35,6,125,1,-1,-1,1,-1
201501CW10561,1,11,0,5,0,1,0,0,0,0,0,1,6,1,31,6,2500,2,7,-1,1,-1
201501CW10562,1,9,0,9,0,8,0,0,0,0,3,1,6,2,54,8,1598,2,3,-1,1,-1
201501CW10562,2,5,0,18,0,8,0,0,0,0,1,1,6,1,35,6,865,1,5,-1,1,-1
201501CW10565,1,9,0,3,0,0,0,0,0,0,2,1,6,1,65,9,2720,2,7,-1,1,-1
201501CW10565,2,19,0,18,0,0,0,0,0,0,1,1,1,1,47,8,1560,2,1,-1,-1,-1
201501CW10566,1,19,0,9,0,8,0,0,0,0,1,1,1,1,47,8,1896,2,9,-1,1,-1
201501CW10566,2,3,0,18,0,8,0,0,0,0,1,1,6,1,22,5,124,1,1,-1,1,-1
201501CW10567,1,19,0,9,0,0,0,0,0,0,4,1,1,1,23,5,-1,3,1,-1,-1,-1
201501CW10567,2,3,0,7,0,0,0,0,0,0,1,1,6,1,56,9,125,1,-1,-1,1,-1
201501CW10568,1,9,0,18,0,8,0,0,0,0,1,1,6,1,38,7,2435,1,13,-1,1,-1