Accident_Index,Vehicle_Reference,Vehicle_Type,Towing_and_Articulation,Vehicle_Manoeuvre,Vehicle_Location-Restricted_Lane,Junction_Location,Skidding_and_Overturning,Hit_Object_in_Carriageway,Vehicle_Leaving_Carriageway,Hit_Object_off_Carriageway,1st_Point_of_Impact,Was_Vehicle_Left_Hand_Drive?,Journey_Purpose_of_Driver,Sex_of_Driver,Age_of_Driver,Age_Band_of_Driver,Engine_Capacity_(CC),Propulsion_Code,Age_of_Vehicle,Driver_IMD_Decile,Driver_Home_Area_Type,Vehicle_IMD_Decile
201501CW10568,2,9,0,9,0,8,0,0,0,0,3,1,6,2,36,7,1991,2,6,-1,1,-1
201501CW10569,1,9,0,18,0,0,0,0,0,0,4,1,6,1,27,6,-1,-1,-1,-1,1,-1
201501CW10571,1,9,0,9,0,8,0,0,0,0,3,1,6,1,31,6,1390,1,14,-1,1,-1
201501CW10571,2,3,0,18,0,8,0,0,0,0,1,1,6,1,37,7,124,1,1,-1,1,-1
201501CW10572,1,1,0,18,0,8,0,0,0,0,3,1,6,1,24,5,-1,-1,-1,-1,1,-1
201501CW10572,2,19,0,9,0,8,0,0,0,0,1,1,1,1,-1,-1,1499,2,-1,-1,1,-1
201501CW10573,1,3,0,18,0,8,0,0,0,0,2,1,6,1,26,6,-1,-1,-1,-1,1,-1
201501CW10573,2,9,0,18,0,8,0,0,0,0,1,1,6,3,-1,-1,-1,-1,-1,-1,-1,-1
201501CW10574,1,9,0,18,0,8,0,0,0,0,1,1,1,1,-1,-1,-1,-1,-1,-1,-1,-1
201501CW10574,2,8,0,18,0,8,0,0,0,0,3,1,1,1,68,10,2143,2,1,-1,2,-1
201501CW10576,1,9,0,3,0,8,0,0,0,0,1,1,6,1,35,6,1360,1,9,-1,1,-1
201501CW10576,2,9,0,1,0,8,0,0,0,0,2,1,6,1,-1,-1,-1,-1,-1,-1,-1,-1
201501CW10578,1,3,0,9,0,8,0,0,0,0,3,1,6,1,45,7,-1,-1,-1,-1,1,-1
201501CW10578,2,9,0,11,0,8,0,0,0,0,4,1,6,1,-1,-1,6750,1,21,-1,-1,-1
201501CW10579,1,11,0,18,0,2,0,10,0,0,4,1,1,1,38,7,6700,2,6,-1,1,-1
201501CW10579,2,8,0,18,0,8,0,0,0,0,4,1,1,1,31,6,1329,1,1,-1,1,-1
201501CW10580,1,19,0,9,0,8,0,0,0,0,1,1,6,1,53,8,-1,-1,-1,-1,-1,-1
201501CW10580,2,3,0,15,0,8,0,0,0,0,3,1,6,1,33,6,125,1,13,-1,1,-1
201501CW10581,1,11,0,4,0,8,0,0,0,0,0,1,1,1,35,6,6700,2,7,-1,1,-1
201501CW10582,1,3,0,18,0,8,0,0,0,0,2,1,6,1,28,6,125,1,-1,-1,1,-1
201501CW10582,2,8,0,7,0,8,0,0,0,0,1,1,1,1,-1,-1,-1,-1,-1,-1,-1,-1
201501CW10583,1,9,0,18,0,8,0,0,0,0,1,1,6,1,64,9,1910,2,9,-1,1,-1
201501CW10583,2,3,0,18,0,8,0,0,0,0,3,1,6,1,41,7,680,1,7,-1,1,-1
201501CW10584,1,3,0,18,0,0,0,0,0,0,3,1,6,1,38,7,124,1,4,-1,1,-1
201501CW10584,2,9,0,6,0,0,0,0,0,0,3,1,6,1,36,7,1896,2,7,-1,1,-1
201501CW10585,1,8,0,18,0,0,0,0,0,0,4,1,1,1,67,10,2446,2,12,-1,1,-1
201501CW10588,1,5,0,18,0,0,0,0,0,0,0,1,6,1,29,6,599,1,15,-1,1,-1
201501CW10589,1,3,0,4,0,0,0,0,0,0,3,1,6,1,31,6,124,1,1,-1,-1,-1
201501CW10590,1,5,0,18,0,0,0,0,0,0,1,1,6,1,33,6,675,1,2,-1,1,-1
201501CW10591,1,8,0,9,0,8,0,0,0,0,3,1,6,1,36,7,1797,8,4,-1,1,-1
201501CW10591,2,3,0,13,0,8,0,0,0,0,1,1,6,1,28,6,125,1,6,-1,1,-1
201501CW10592,1,5,0,4,0,8,1,0,0,0,1,1,6,1,38,7,999,1,2,-1,1,-1
201501CW10592,2,9,0,6,0,8,0,0,0,0,1,1,6,1,-1,-1,1968,2,-1,-1,-1,-1
201501CW10593,1,11,0,3,0,2,0,0,0,0,0,1,1,1,64,9,4461,2,1,-1,-1,-1
201501CW10595,1,8,0,9,0,8,0,0,0,0,1,1,1,1,50,8,2664,2,13,-1,1,-1
201501CW10596,1,9,0,9,0,8,0,0,0,0,4,1,6,1,68,10,1995,2,4,-1,1,-1
201501CW10596,2,3,0,18,0,8,0,0,0,0,1,1,6,2,28,6,96,1,6,-1,1,-1
201501CW10597,1,8,0,9,0,8,0,0,0,0,3,1,6,1,27,6,-1,-1,-1,-1,1,-1
201501CW10597,2,5,0,18,0,8,0,0,0,0,4,1,6,1,53,8,1050,1,6,-1,1,-1
201501CW10599,1,11,0,4,0,0,0,0,0,0,0,1,1,1,44,7,7300,2,11,-1,1,-1
201501CW10600,1,9,0,9,0,8,0,0,0,0,1,1,6,1,-1,-1,-1,-1,-1,-1,-1,-1
201501CW10601,1,9,0,18,0,8,0,0,0,0,1,1,6,1,29,6,1198,1,4,-1,1,-1
201501CW10601,2,9,0,18,0,8,0,0,0,0,1,1,6,1,54,8,1997,2,3,-1,1,-1
201501CW10602,1,3,0,3,0,1,0,0,0,0,3,1,1,1,20,4,108,1,3,-1,1,-1
201501CW10602,2,9,0,11,0,1,0,0,0,0,4,1,6,1,-1,-1,-1,-1,-1,-1,-1,-1
201501CW10603,1,9,0,18,0,2,0,0,0,0,1,1,6,1,73,10,2993,2,5,-1,1,-1
201501CW10604,1,11,0,16,0,8,0,0,0,0,1,1,1,1,35,6,4500,2,3,-1,1,-1
201501CW10604,2,9,0,16,0,8,0,0,0,0,2,1,6,1,60,9,1199,2,4,-1,1,-1
201501CW10605,1,90,0,18,0,8,0,0,0,0,0,1,1,3,-1,-1,-1,-1,-1,-1,-1,-1
201501CW10605,2,9,0,18,0,8,0,0,0,0,0,1,6,3,-1,-1,-1,-1,-1,-1,-1,-1
201501CW10607,1,8,0,18,0,0,0,0,0,0,4,1,1,1,52,8,2499,2,3,-1,1,-1
201501CW10608,1,11,0,18,0,8,0,0,0,0,1,1,1,1,50,8,4500,2,3,-1,1,-1
201501CW10609,1,8,0,12,0,0,0,0,0,0,3,1,6,1,49,8,1598,2,1,-1,1,-1
201501CW10609,2,3,0,13,0,0,0,0,0,0,4,1,6,1,30,6,124,1,7,-1,1,-1
201501CW10610,1,90,0,10,0,8,0,0,0,0,4,1,1,1,30,6,2299,2,3,-1,1,-1
201501CW10610,2,21,0,18,0,8,0,0,0,0,3,1,1,3,-1,-1,5880,2,12,-1,-1,-1
201501CW10611,1,21,0,18,0,8,0,0,0,0,1,1,1,1,-1,-1,-1,-1,-1,-1,-1,-1
201501CW10612,1,1,0,18,0,0,0,0,0,0,3,1,6,1,33,6,-1,-1,-1,-1,1,-1
201501CW10612,2,8,0,13,0,0,0,0,0,0,4,1,1,1,-1,-1,-1,-1,-1,-1,-1,-1
201501CW10613,1,8,0,16,0,0,0,0,0,0,1,1,1,1,-1,-1,2664,2,15,-1,-1,-1
201501CW10614,1,9,0,16,0,8,0,0,0,0,0,1,6,3,-1,-1,-1,-1,-1,-1,-1,-1
201501CW10615,1,11,0,18,0,8,0,0,0,0,1,1,1,1,44,7,4760,2,4,-1,1,-1
201501CW10616,1,4,0,11,0,0,0,0,0,0,1,1,6,1,43,7,599,1,18,-1,1,-1
201501CW10616,2,19,0,4,0,0,0,0,0,0,2,1,1,1,42,7,2295,7,11,-1,1,-1
201501CW10617,1,11,0,18,0,8,0,0,0,0,4,1,1,1,48,8,7300,2,13,-1,1,-1
201501CW10618,1,8,0,16,0,8,0,0,0,0,3,1,6,1,30,6,2143,2,3,-1,1,-1
201501CW10618,2,9,0,16,0,8,0,0,0,0,4,1,6,2,32,6,1968,2,1,-1,1,-1
201501CW10619,1,3,0,10,0,8,0,0,0,0,2,1,6,1,31,6,125,1,4,-1,1,-1
201501CW10619,2,9,0,9,0,8,0,0,0,0,1,1,1,1,-1,-1,2967,2,1,-1,-1,-1
201501CW10620,1,9,0,17,0,8,0,0,0,0,1,1,6,1,-1,-1,-1,-1,-1,-1,-1,-1
201501CW10621,1,1,0,18,0,0,0,0,0,0,1,1,6,1,-1,-1,-1,-1,-1,-1,-1,-1
201501CW10622,1,9,0,18,0,1,0,0,0,0,2,1,6,2,49,8,-1,-1,-1,-1,-1,-1
201501CW10622,2,9,0,18,0,1,0,0,0,0,1,1,6,1,-1,-1,1360,1,14,-1,-1,-1
201501CW10623,1,9,0,18,0,2,0,0,0,0,3,1,6,3,-1,-1,-1,-1,-1,-1,-1,-1
201501CW10624,1,3,0,17,0,8,0,0,0,0,4,1,6,2,39,7,125,1,-1,-1,1,-1
201501CW10624,2,19,0,12,0,8,0,0,0,0,3,1,6,1,43,7,2402,2,9,-1,-1,-1
201501CW10625,1,8,0,9,0,8,0,0,0,0,1,1,6,1,25,5,1956,2,5,-1,1,-1
201501CW10625,2,1,0,18,4,8,0,0,0,0,1,1,6,1,47,8,-1,-1,-1,-1,1,-1
201501CW10628,1,3,0,14,0,1,0,0,0,0,1,1,6,1,-1,-1,124,1,18,-1,1,-1
201501CW10629,1,4,0,18,0,0,0,0,0,0,3,1,1,1,39,7,-1,-1,-1,-1,-1,-1
201501CW10629,2,9,0,13,0,0,0,0,0,0,4,1,6,1,51,8,-1,-1,-1,-1,1,-1
201501CW10630,1,90,0,3,0,8,0,0,0,0,0,1,1,3,-1,-1,-1,-1,-1,-1,-1,-1
201501CW10631,1,19,0,9,0,8,0,0,0,0,1,1,6,1,52,8,2151,2,15,-1,1,-1
201501CW10631,2,19,0,9,0,8,0,0,0,0,0,1,1,3,-1,-1,-1,-1,-1,-1,-1,-1
201501CW10632,1,1,0,18,0,8,0,0,0,0,3,1,6,1,28,6,-1,-1,-1,-1,1,-1
201501CW10632,2,8,0,9,0,8,0,0,0,0,4,1,1,3,-1,-1,-1,-1,-1,-1,-1,-1
201501CW10633,1,9,0,11,0,1,0,0,0,0,3,1,6,2,24,5,1388,1,5,-1,1,-1
201501CW10633,2,3,0,18,0,1,0,0,0,0,4,1,6,2,41,7,125,1,1,-1,1,-1
201501CW10634,1,8,0,9,0,8,0,0,0,0,3,1,1,1,69,10,2402,2,12,-1,1,-1
201501CW10634,2,9,0,1,0,8,0,0,0,0,2,1,6,1,-1,-1,-1,-1,-1,-1,-1,-1
201501CW10636,1,9,0,3,0,1,0,0,0,0,2,1,6,2,48,8,1998,1,12,-1,1,-1
201501CW10636,2,8,0,4,0,1,0,0,0,0,1,1,1,1,66,10,-1,-1,-1,-1,3,-1
201501CW10638,1,11,0,18,0,0,0,0,0,0,1,1,6,1,28,6,4500,2,-1,-1,1,-1
201501CW10640,1,8,0,18,0,8,0,0,0,0,2,1,6,1,25,5,1685,2,1,-1,1,-1
201501CW10640,2,9,0,18,0,8,0,0,0,0,1,1,6,3,-1,-1,1598,1,5,-1,-1,-1
201501CW10641,1,9,0,18,0,8,0,0,0,0,1,1,1,1,31,6,1798,8,1,-1,1,-1
201501CW10642,1,11,0,7,0,2,0,0,0,0,4,1,1,1,28,6,9360,2,4,-1,1,-1
201501CW10643,1,1,0,18,0,8,0,0,0,0,1,1,6,1,-1,-1,-1,-1,-1,-1,1,-1
201501CW10643,2,9,0,6,0,8,0,0,0,0,3,1,6,1,-1,-1,-1,-1,-1,-1,-1,-1
201501CW10644,1,9,0,1,0,0,0,0,0,0,2,1,6,1,35,6,1896,2,10,-1,2,-1
201501CW10644,2,1,0,3,0,0,0,0,0,0,1,1,6,1,35,6,-1,-1,-1,-1,1,-1
201501CW10645,1,9,0,18,0,8,0,0,0,0,1,1,6,1,-1,-1,-1,-1,-1,-1,-1,-1
201501CW10647,1,19,0,4,0,8,0,0,0,0,4,1,1,1,40,7,2287,2,8,-1,-1,-1
201501CW10647,2,19,0,18,0,8,0,0,0,0,3,1,1,1,-1,-1,2287,2,1,-1,-1,-1
201501CW10648,1,11,0,5,0,0,0,0,0,0,0,1,1,1,36,7,4760,2,1,-1,1,-1
201501CW10649,1,3,0,9,0,8,0,0,0,0,3,1,6,1,19,4,125,1,-1,-1,1,-1
201501CW10649,2,9,0,9,0,8,0,0,0,0,4,1,6,1,62,9,2993,2,1,-1,1,-1
201501CW10650,1,8,0,18,0,8,0,0,0,0,1,1,1,1,-1,-1,1997,2,3,-1,-1,-1
201501CW10650,2,1,0,18,0,8,0,0,0,0,1,1,6,2,50,8,-1,-1,-1,-1,1,-1
201501CW10651,1,9,0,18,0,8,0,0,0,0,3,1,6,1,46,8,2987,2,3,-1,1,-1
201501CW10651,2,1,0,9,0,8,0,0,0,0,1,1,6,1,30,6,-1,-1,-1,-1,1,-1
201501CW10652,1,9,0,4,0,0,0,0,0,0,1,1,6,1,25,5,1360,1,13,-1,1,-1
201501CW10652,2,1,0,12,0,0,0,0,0,0,2,1,6,1,35,6,-1,-1,-1,-1,1,-1
201501CW10653,1,9,0,1,0,8,0,0,0,0,2,1,6,1,-1,-1,-1,-1,-1,-1,-1,-1
201501CW10655,1,9,0,18,0,0,0,0,0,0,1,1,6,3,-1,-1,-1,-1,-1,-1,-1,-1
201501CW10656,1,21,0,18,0,0,0,0,0,0,1,1,1,1,58,9,-1,-1,-1,-1,-1,-1
201501CW10657,1,8,0,18,0,8,0,0,0,0,0,1,1,1,79,11,2499,2,8,-1,-1,-1
201501CW10657,2,3,0,18,0,8,0,0,0,0,0,1,6,1,30,6,125,1,7,-1,1,-1
201501CW10658,1,19,0,3,0,1,0,0,0,0,2,1,1,1,40,7,1968,2,7,-1,1,-1
201501CW10658,2,1,0,18,0,1,0,0,0,0,1,1,6,1,31,6,-1,-1,-1,-1,-1,-1
201501CW10660,1,9,0,7,0,8,0,0,0,0,4,1,6,1,25,5,1490,1,5,-1,1,-1
201501CW10660,2,1,0,15,0,8,0,0,0,0,1,1,6,1,34,6,-1,-1,-1,-1,1,-1
201501CW10662,1,1,0,18,0,0,0,8,0,0,1,1,6,2,28,6,-1,-1,-1,-1,1,-1
201501CW10662,2,9,0,2,0,0,0,0,0,0,3,1,6,3,-1,-1,-1,-1,-1,-1,-1,-1
201501CW10664,1,8,0,18,0,1,0,0,0,0,2,1,6,1,61,9,2499,2,2,-1,1,-1
201501CW10664,2,9,0,18,0,1,0,0,0,0,1,1,6,2,-1,-1,1999,1,14,-1,-1,-1
201501CW10665,1,19,0,18,2,0,0,0,0,0,2,1,6,3,-1,-1,-1,-1,-1,-1,-1,-1
201501CW10665,2,1,0,18,2,0,0,0,0,0,1,1,6,2,16,4,-1,-1,-1,-1,1,-1
201501CW10667,1,9,0,18,0,8,0,0,0,0,4,1,6,1,28,6,1968,2,5,-1,1,-1
201501CW10668,1,4,0,15,0,1,0,0,0,0,1,1,1,2,35,6,599,1,15,-1,1,-1
201501CW10668,2,9,0,2,0,1,0,0,0,0,2,1,6,1,57,9,1995,2,3,-1,1,-1
201501CW10669,1,5,0,5,0,8,0,0,0,0,1,1,2,1,34,6,598,1,15,-1,1,-1
201501CW10669,2,1,0,18,0,8,0,0,0,0,3,1,2,1,49,8,-1,-1,-1,-1,1,-1
201501CW10670,1,3,0,18,0,8,0,0,0,0,1,1,6,1,39,7,125,1,2,-1,1,-1
201501CW10671,1,3,0,18,0,0,0,0,0,0,3,1,6,1,45,7,125,1,7,-1,1,-1
201501CW10671,2,9,0,18,0,0,0,0,0,0,4,1,6,3,-1,-1,-1,-1,-1,-1,-1,-1
201501CW10672,1,1,0,18,0,8,0,0,0,0,1,1,6,1,26,6,-1,-1,-1,-1,1,-1
201501CW10672,2,9,0,9,0,8,0,0,0,0,4,1,6,1,-1,-1,-1,-1,-1,-1,-1,-1
201501CW10673,1,9,0,9,0,8,0,0,0,0,1,1,6,1,34,6,-1,-1,-1,-1,1,-1
201501CW10673,2,5,0,18,0,8,0,0,0,0,4,1,1,1,49,8,108,1,2,-1,1,-1
201501CW10675,1,11,0,4,0,0,0,0,0,0,0,1,1,1,27,6,4760,2,1,-1,1,-1
201501CW10676,1,9,0,18,0,8,0,0,0,0,1,1,6,1,20,4,2000,1,45,-1,1,-1
201501CW10676,2,9,0,18,0,8,0,0,0,0,1,1,6,1,20,4,1596,1,12,-1,1,-1
201501CW10677,1,11,0,18,0,0,0,0,0,0,1,1,1,2,59,9,4500,2,-1,-1,-1,-1
201501CW10677,2,11,0,18,0,0,0,0,0,0,2,1,1,2,53,8,4461,2,2,-1,1,-1
201501CW10678,1,11,0,17,0,8,0,0,0,0,0,1,1,1,37,7,6696,2,2,-1,1,-1
201501CW10679,1,8,0,18,0,8,0,0,0,0,4,1,6,1,41,7,2499,2,7,-1,1,-1
201501CW10679,2,8,0,18,0,8,0,0,0,0,1,1,6,1,43,7,2664,2,14,-1,1,-1
201501CW10680,1,9,0,6,0,0,0,0,0,0,3,1,6,1,41,7,998,1,4,-1,2,-1
201501CW10680,2,1,0,13,0,0,0,0,0,0,4,1,6,1,30,6,-1,-1,-1,-1,1,-1
201501CW10681,1,3,0,5,0,8,0,0,0,0,1,1,6,1,40,7,125,1,4,-1,1,-1
201501CW10682,1,9,0,9,0,8,0,0,0,0,1,1,6,1,51,8,1397,1,3,-1,-1,-1
201501CW10682,2,9,0,18,0,8,0,0,0,0,3,1,6,1,30,6,1997,1,5,-1,1,-1
201501CW10683,1,3,0,18,0,0,0,0,0,0,1,1,6,1,23,5,124,1,7,-1,1,-1
201501CW10683,2,9,0,12,0,0,0,0,0,0,3,1,6,1,50,8,3498,1,6,-1,1,-1
201501CW10686,1,3,0,4,0,0,0,0,0,0,2,1,6,1,21,5,-1,-1,-1,-1,-1,-1
201501CW10686,2,9,0,18,0,0,0,0,0,0,1,1,6,1,-1,-1,1997,2,1,-1,-1,-1
201501CW10687,1,19,0,18,0,8,0,0,0,0,4,1,6,1,-1,-1,2400,2,8,-1,-1,-1
201501CW10688,1,9,0,9,0,8,0,0,0,0,4,1,6,1,48,8,1997,2,2,-1,-1,-1
201501CW10688,2,4,0,15,4,8,0,0,0,0,1,1,1,1,21,5,109,1,1,-1,1,-1
201501CW10689,1,1,0,18,0,0,0,0,0,0,1,1,6,1,42,7,-1,-1,-1,-1,1,-1
201501CW10690,1,9,0,9,0,8,0,0,0,0,2,1,6,2,25,5,1598,1,11,-1,1,-1
201501CW10690,2,9,0,18,0,8,0,0,0,0,1,1,6,1,-1,-1,1997,2,8,-1,-1,-1
201501CW10691,1,9,0,18,0,8,0,0,0,0,3,1,6,1,39,7,2148,2,10,-1,-1,-1
201501CW10691,2,90,0,18,9,8,0,0,0,0,1,1,6,1,62,9,-1,-1,-1,-1,1,-1
201501CW10693,1,9,0,18,0,8,0,0,0,0,1,1,6,1,23,5,2987,2,5,-1,3,-1
201501CW10693,2,9,0,7,0,8,0,0,0,0,4,1,6,3,-1,-1,2987,2,4,-1,-1,-1
201501CW10694,1,8,0,6,0,0,0,0,0,0,3,1,6,1,35,6,2148,2,5,-1,1,-1
201501CW10694,2,5,0,18,0,0,0,0,0,0,1,1,6,1,22,5,645,1,10,-1,1,-1
201501CW10696,1,9,0,18,0,8,0,0,0,0,1,1,2,1,65,9,1395,1,1,-1,1,-1
201501CW10696,2,11,0,18,0,8,0,0,0,0,4,1,1,1,56,9,9360,2,6,-1,1,-1
201501CW10698,1,3,0,18,0,8,0,0,0,0,1,1,6,1,29,6,124,1,3,-1,1,-1
201501CW10698,2,9,0,9,0,8,0,0,0,0,1,1,6,1,22,5,1598,1,5,-1,1,-1
201501CW10699,1,8,0,9,0,8,0,0,0,0,1,1,6,1,47,8,4367,2,2,-1,1,-1
201501CW10699,2,1,0,18,0,8,0,0,0,0,1,1,6,1,33,6,-1,-1,-1,-1,1,-1
201501CW10700,1,11,0,4,0,0,0,10,1,2,4,1,1,1,39,7,6700,2,3,-1,1,-1
201501CW10701,1,19,0,3,0,8,0,0,0,0,2,1,1,1,32,6,-1,-1,-1,-1,1,-1
201501CW10701,2,11,0,18,0,8,0,0,0,0,1,1,1,1,31,6,6700,2,6,-1,1,-1
201501CW10704,1,3,0,18,0,0,0,0,0,0,1,1,6,1,28,6,-1,-1,-1,-1,1,-1
201501CW10705,1,9,0,2,0,0,0,0,0,0,3,1,6,1,35,6,1499,2,-1,-1,1,-1
201501CW10705,2,1,0,18,0,0,0,0,0,0,4,1,6,2,45,7,-1,-1,-1,-1,1,-1
201501CW10706,1,1,0,18,0,8,0,0,0,0,1,1,6,1,34,6,-1,-1,-1,-1,1,-1
201501CW10706,2,9,0,9,0,8,0,0,0,0,4,1,6,2,53,8,1781,1,15,-1,1,-1
201501CW10707,1,1,0,18,0,8,0,0,0,0,1,1,6,1,26,6,-1,-1,-1,-1,1,-1
201501CW10708,1,19,0,9,0,8,0,0,0,0,1,1,1,1,41,7,2464,2,7,-1,1,-1
201501CW10708,2,1,0,7,0,8,0,0,0,0,3,1,2,1,43,7,-1,-1,-1,-1,1,-1
201501CW10708,3,9,0,4,0,8,0,0,0,0,1,1,1,1,59,9,1582,2,3,-1,1,-1
201501CW10709,1,19,0,9,0,8,0,0,0,0,3,1,1,1,53,8,-1,-1,-1,-1,1,-1
201501CW10709,2,3,0,13,0,8,0,0,0,0,4,1,2,1,19,4,124,1,-1,-1,1,-1
201501CW10710,1,9,0,3,0,0,0,0,0,0,2,1,6,1,40,7,2143,2,5,-1,1,-1
201501CW10710,2,9,0,3,0,0,0,0,0,0,2,1,6,1,22,5,2143,2,-1,-1,1,-1
201501CW10710,3,9,0,12,0,0,0,0,0,0,1,1,6,2,25,5,1896,2,6,-1,1,-1
201501CW10711,1,4,0,18,0,2,0,0,0,0,2,1,6,1,43,7,599,1,16,-1,-1,-1
201501CW10711,2,1,0,18,0,2,0,0,0,0,1,1,6,2,19,4,-1,-1,-1,-1,1,-1
201501CW10712,1,9,0,6,0,0,0,0,0,0,2,1,1,1,41,7,1995,2,3,-1,1,-1
201501CW10712,2,1,0,18,0,0,0,0,0,0,1,1,6,1,24,5,-1,-1,-1,-1,1,-1
201501CW10713,1,9,0,18,0,8,0,0,0,0,3,1,6,1,40,7,1968,2,5,-1,1,-1
201501CW10713,2,1,0,18,0,8,0,0,0,0,1,1,2,2,45,7,-1,-1,-1,-1,1,-1
201501CW10714,1,11,0,18,0,2,0,0,0,0,0,1,1,1,44,7,4461,2,1,-1,1,-1
201501CW10715,1,1,0,18,0,8,0,0,0,0,1,1,6,1,19,4,-1,-1,-1,-1,1,-1
201501CW10715,2,21,0,3,0,8,0,0,0,0,2,1,1,1,-1,-1,-1,-1,-1,-1,-1,-1
201501CW10716,1,3,0,4,0,8,1,0,0,0,0,1,1,2,31,6,109,1,2,-1,-1,-1
201501CW10716,2,9,0,9,0,8,0,0,0,0,0,1,6,1,30,6,4999,1,1,-1,-1,-1
201501CW10717,1,9,0,2,0,2,0,0,0,0,2,1,6,2,21,5,-1,-1,-1,-1,1,-1
201501CW10717,2,1,0,9,0,8,0,4,0,0,1,1,6,1,34,6,-1,-1,-1,-1,1,-1
201501CW10718,1,9,0,18,0,1,0,0,0,0,4,1,2,1,-1,-1,2777,2,8,-1,1,-1
201501CW10719,1,8,0,3,0,2,0,0,0,0,4,1,1,1,54,8,2499,2,4,-1,1,-1
201501CW10719,2,19,0,1,0,2,0,0,0,0,2,1,1,1,34,6,2402,2,8,-1,1,-1
201501CW10719,3,19,0,18,0,2,0,0,0,0,4,1,1,1,47,8,-1,-1,-1,-1,1,-1
201501CW10719,4,9,0,18,0,1,0,10,1,0,1,1,6,1,36,7,1248,2,8,-1,-1,-1
201501CW10720,1,11,0,17,0,0,0,7,0,0,1,1,1,3,-1,-1,4500,2,3,-1,-1,-1
201501CW10721,1,9,0,18,0,8,0,0,0,0,1,1,6,1,32,6,1999,1,12,-1,1,-1
201501CW10721,2,9,0,18,0,8,0,0,0,0,2,1,6,1,38,7,2143,2,4,-1,1,-1
201501CW10722,1,1,0,7,0,8,0,0,0,0,1,1,6,2,22,5,-1,-1,-1,-1,1,-1
201501CW10722,2,9,0,6,0,1,0,0,0,0,3,1,6,1,49,8,1968,2,5,-1,1,-1
201501CW10723,1,2,0,18,0,8,0,0,0,0,1,1,6,1,29,6,49,1,1,-1,1,-1
201501CW10723,2,8,0,9,0,8,0,0,0,0,3,1,6,1,-1,-1,2143,2,2,-1,-1,-1
201501CW10724,1,9,0,18,0,1,1,0,0,0,1,1,6,2,25,5,1461,2,-1,-1,1,-1
201501CW10724,2,9,0,3,0,1,0,0,0,0,2,1,6,1,20,4,1995,2,1,-1,1,-1
201501CW10725,1,19,0,18,0,0,0,0,0,0,2,1,6,2,52,8,-1,-1,-1,-1,-1,-1
201501CW10725,2,19,0,18,0,0,0,0,0,0,1,1,1,1,-1,-1,1560,2,1,-1,-1,-1
201501CW10725,3,9,0,18,0,0,0,0,0,0,2,1,6,3,-1,-1,-1,-1,-1,-1,-1,-1
201501CW10726,1,1,0,18,0,8,0,0,0,0,2,1,6,1,53,8,-1,-1,-1,-1,1,-1
201501CW10726,2,9,0,18,0,8,0,0,0,0,1,1,6,1,-1,-1,2231,2,9,-1,-1,-1
201501CW10727,1,9,0,4,0,8,0,0,0,0,4,1,6,2,-1,-1,-1,-1,-1,-1,-1,-1
201501CW10728,1,3,0,18,0,8,0,0,0,0,3,1,6,1,22,5,125,1,10,-1,1,-1
201501CW10728,2,9,0,18,0,8,0,0,0,0,1,1,6,2,-1,-1,1598,1,3,-1,-1,-1
201501CW10729,1,9,0,18,0,1,0,0,0,0,3,1,6,1,44,7,1600,1,4,-1,1,-1
201501CW10729,2,9,0,11,0,1,0,0,0,0,4,1,6,3,-1,-1,-1,-1,-1,-1,-1,-1
201501CW10730,1,9,0,18,0,0,0,0,0,0,2,1,6,1,44,7,1896,2,12,-1,1,-1
201501CW10730,2,9,0,18,0,0,0,0,0,0,1,1,6,1,-1,-1,-1,-1,-1,-1,-1,-1
201501CW10733,1,9,0,3,0,1,0,0,0,0,4,1,6,1,44,7,1329,1,3,-1,1,-1
201501CW10733,2,1,0,15,0,1,0,0,0,0,1,1,6,1,53,8,-1,-1,-1,-1,1,-1
201501CW10734,1,8,0,18,0,0,0,0,0,0,1,1,1,1,38,7,1798,8,1,-1,1,-1
201501CW10735,1,19,0,11,0,1,0,0,0,0,4,1,1,1,36,7,2143,2,2,-1,3,-1
201501CW10735,2,4,0,18,0,1,0,0,0,0,3,1,1,1,42,7,670,1,3,-1,1,-1
201501CW10736,1,8,0,18,0,0,0,0,0,0,1,1,6,1,66,10,-1,-1,-1,-1,1,-1
201501CW10737,1,1,0,3,0,1,0,0,0,0,3,1,6,1,38,7,-1,-1,-1,-1,1,-1
201501CW10737,2,9,0,18,0,1,0,0,0,0,4,1,6,2,71,10,3993,1,2,-1,1,-1
201501CW10738,1,11,0,7,0,2,0,0,0,0,3,1,1,1,61,9,4500,2,5,-1,1,-1
201501CW10738,2,9,0,9,0,2,0,0,0,0,4,1,6,2,36,7,1124,1,9,-1,1,-1
201501CW10739,1,9,0,18,0,0,0,0,0,0,1,1,1,1,23,5,-1,-1,-1,-1,1,-1
201501CW10739,2,9,0,4,0,0,0,0,0,0,2,1,1,1,49,8,1900,2,15,-1,1,-1
201501CW10740,1,9,0,7,0,1,0,0,0,0,4,1,6,1,37,7,1364,1,8,-1,-1,-1
201501CW10740,2,1,0,18,0,1,0,0,0,0,3,1,6,1,43,7,-1,-1,-1,-1,1,-1
201501CW10741,1,19,0,7,0,1,0,0,0,0,4,1,1,1,32,6,2143,2,3,-1,1,-1
201501CW10741,2,1,0,15,0,1,0,10,1,1,1,1,6,1,30,6,-1,-1,-1,-1,1,-1
201501CW10743,1,8,0,12,0,8,0,0,0,0,0,1,1,1,42,7,1797,8,4,-1,1,-1
201501CW10743,2,2,0,4,0,8,0,0,0,0,0,1,2,2,48,8,49,1,1,-1,1,-1
201501CW10744,1,8,0,6,0,0,0,0,0,0,3,1,6,1,49,8,2499,2,7,-1,1,-1
201501CW10744,2,3,0,13,0,0,0,0,0,0,1,1,6,1,17,4,125,1,3,-1,1,-1
201501CW10746,1,11,0,5,0,1,0,0,0,0,4,1,1,1,49,8,8268,2,12,-1,1,-1
201501CW10747,1,11,0,5,0,2,0,0,0,0,0,1,1,1,43,7,4461,2,2,-1,1,-1