Accident_Index,Vehicle_Reference,Vehicle_Type,Towing_and_Articulation,Vehicle_Manoeuvre,Vehicle_Location-Restricted_Lane,Junction_Location,Skidding_and_Overturning,Hit_Object_in_Carriageway,Vehicle_Leaving_Carriageway,Hit_Object_off_Carriageway,1st_Point_of_Impact,Was_Vehicle_Left_Hand_Drive?,Journey_Purpose_of_Driver,Sex_of_Driver,Age_of_Driver,Age_Band_of_Driver,Engine_Capacity_(CC),Propulsion_Code,Age_of_Vehicle,Driver_IMD_Decile,Driver_Home_Area_Type,Vehicle_IMD_Decile
201501CW10748,1,8,0,18,0,8,0,0,0,0,1,1,1,3,-1,-1,-1,-1,-1,-1,-1,-1
201501CW10749,1,9,0,3,0,0,0,0,0,0,2,1,6,2,45,7,1242,1,2,-1,1,-1
201501CW10749,2,9,0,18,0,0,0,0,0,0,1,1,6,1,-1,-1,1197,1,2,-1,-1,-1
201501CW10750,1,9,0,7,0,8,0,0,0,0,3,1,1,1,62,9,1992,2,9,-1,1,-1
201501CW10750,2,3,0,18,0,8,0,0,0,0,1,1,1,1,-1,-1,108,1,2,-1,1,-1
201501CW10751,1,8,0,17,0,8,0,0,0,0,4,1,1,1,52,8,-1,-1,-1,-1,1,-1
201501CW10751,2,5,0,18,0,8,0,0,0,0,3,1,6,2,56,9,-1,-1,-1,-1,1,-1
201501CW10752,1,9,0,9,0,8,0,0,0,0,1,1,6,2,45,7,1242,1,6,-1,1,-1
201501CW10752,2,3,0,18,0,8,0,0,0,0,1,1,6,1,22,5,124,1,7,-1,1,-1
201501CW10753,1,3,0,13,0,2,0,0,0,0,1,1,6,1,30,6,124,1,5,-1,1,-1
201501CW10754,1,9,0,18,0,1,0,0,0,0,1,1,6,3,-1,-1,-1,-1,-1,-1,-1,-1
201501CW10755,1,8,0,9,0,8,0,10,3,1,1,1,1,1,54,8,2664,2,14,-1,1,-1
201501CW10758,1,9,0,7,0,8,0,0,0,0,4,1,6,1,26,6,2993,2,-1,-1,1,-1
201501CW10758,2,3,0,18,0,8,0,0,0,0,3,1,6,1,40,7,108,1,2,-1,1,-1
201501CW10759,1,3,0,7,0,2,0,0,0,0,1,1,6,1,23,5,125,1,10,-1,1,-1
201501CW10761,1,9,0,18,0,8,0,0,0,0,1,1,6,2,-1,-1,2400,2,5,-1,-1,-1
201501CW10761,2,8,0,18,0,8,0,0,0,0,3,1,6,1,51,8,2499,2,8,-1,1,-1
201501CW10762,1,90,0,5,0,0,0,0,0,0,3,1,6,1,42,7,1589,2,25,-1,1,-1
201501CW10763,1,9,0,18,0,8,0,0,0,0,4,1,6,2,44,7,1339,1,10,-1,1,-1
201501CW10763,2,9,0,7,0,8,0,0,0,0,1,1,6,3,-1,-1,2400,2,5,-1,-1,-1
201501CW10764,1,5,0,17,0,8,0,0,0,0,2,1,6,1,40,7,-1,-1,-1,-1,1,-1
201501CW10764,2,19,0,17,0,8,0,0,0,0,1,1,6,1,51,8,2497,2,4,-1,1,-1
201501CW10765,1,8,0,9,0,8,0,0,0,0,1,1,1,1,61,9,1997,2,1,-1,1,-1
201501CW10767,1,19,0,9,0,8,0,0,0,0,1,1,6,1,28,6,2477,2,-1,-1,2,-1
201501CW10767,2,1,0,18,0,8,0,0,0,0,1,1,6,1,39,7,-1,-1,-1,-1,1,-1
201501CW10769,1,5,0,13,0,1,0,0,0,0,4,1,6,1,57,9,1171,1,16,-1,-1,-1
201501CW10769,2,1,0,6,0,1,0,0,0,0,3,1,6,3,-1,-1,-1,-1,-1,-1,-1,-1
201501CW10770,1,9,0,5,0,1,0,0,0,0,1,1,6,1,32,6,1598,1,9,-1,1,-1
201501CW10770,2,9,0,4,0,1,0,0,0,0,2,1,6,1,49,8,1796,1,15,-1,1,-1
201501CW10771,1,8,0,18,0,8,0,0,0,0,1,1,6,1,48,8,2143,2,1,-1,1,-1
201501CW10771,2,8,0,18,0,8,0,0,0,0,4,1,6,1,62,9,2664,2,16,-1,1,-1
201501CW10772,1,9,0,9,0,8,0,0,0,0,4,1,6,1,53,8,2720,2,10,-1,1,-1
201501CW10772,2,1,0,4,0,8,0,0,0,0,1,1,6,1,44,7,-1,-1,-1,-1,1,-1
201501CW10774,1,11,0,4,0,8,0,0,0,0,0,1,1,1,49,8,4500,2,4,-1,1,-1
201501CW10775,1,8,0,14,0,2,0,0,0,0,1,1,6,1,49,8,2499,2,6,-1,1,-1
201501CW10776,1,9,0,5,0,8,0,0,0,0,4,1,1,1,32,6,-1,-1,-1,-1,-1,-1
201501CW10776,2,1,0,18,0,8,0,7,0,0,3,1,6,1,28,6,-1,-1,-1,-1,1,-1
201501CW10779,1,1,0,18,0,1,0,0,0,0,2,1,6,1,36,7,-1,-1,-1,-1,1,-1
201501CW10779,2,9,0,11,0,1,0,0,0,0,1,1,6,2,-1,-1,-1,-1,-1,-1,-1,-1
201501CW10780,1,8,0,4,0,1,0,0,0,0,2,1,1,1,41,7,1797,8,3,-1,1,-1
201501CW10780,2,3,0,4,0,1,0,0,0,0,2,1,6,1,21,5,124,1,12,-1,1,-1
201501CW10780,3,19,0,18,0,1,0,0,0,0,1,1,1,1,37,7,1896,2,7,-1,1,-1
201501CW10780,4,9,0,9,0,8,0,0,0,0,0,1,6,3,-1,-1,-1,-1,-1,-1,-1,-1
201501CW10781,1,19,0,17,0,8,0,0,0,0,4,1,6,1,46,8,1995,2,8,-1,1,-1
201501CW10781,2,5,0,15,0,8,0,0,0,0,3,1,6,1,31,6,49,1,3,-1,1,-1
201501CW10782,1,9,0,2,6,2,0,0,0,0,3,1,6,1,-1,-1,1910,2,7,-1,1,-1
201501CW10782,2,1,0,18,0,2,0,4,0,0,4,1,6,2,-1,-1,-1,-1,-1,-1,-1,-1
201501CW10784,1,9,0,2,0,1,0,0,0,0,3,1,1,1,41,7,-1,-1,-1,-1,-1,-1
201501CW10784,2,1,0,18,0,1,0,8,0,0,1,1,2,1,41,7,-1,-1,-1,-1,1,-1
201501CW10785,1,5,0,14,0,1,1,0,0,0,1,1,6,1,46,8,798,1,7,-1,1,-1
201501CW10785,2,9,0,6,0,1,0,0,0,0,3,1,6,1,29,6,2143,2,3,-1,1,-1
201501CW10786,1,9,0,3,0,2,0,0,0,0,2,1,6,1,49,8,1600,1,4,-1,1,-1
201501CW10786,2,9,0,3,0,2,0,0,0,0,2,1,6,2,43,7,1796,1,13,-1,1,-1
201501CW10786,3,9,0,18,0,2,0,0,0,0,1,1,6,3,-1,-1,1596,1,10,-1,-1,-1
201501CW10787,1,1,0,18,0,8,0,0,0,0,1,1,6,1,30,6,-1,-1,-1,-1,1,-1
201501CW10787,2,9,0,9,0,8,0,0,0,0,1,1,6,1,-1,-1,980,1,13,-1,-1,-1
201501CW10788,1,1,0,18,0,8,0,0,0,0,3,1,6,1,48,8,-1,-1,-1,-1,1,-1
201501CW10788,2,19,0,7,0,8,0,0,0,0,4,1,1,1,-1,-1,1968,2,2,-1,-1,-1
201501CW10789,1,1,0,7,0,6,0,0,0,0,1,1,6,1,49,8,-1,-1,-1,-1,1,-1
201501CW10789,2,9,0,18,0,8,0,0,0,0,1,1,6,1,-1,-1,-1,-1,-1,-1,-1,-1
201501CW10790,1,8,0,4,0,0,0,0,0,0,2,1,1,1,48,8,2499,2,7,-1,1,-1
201501CW10790,2,1,0,18,0,0,0,0,0,0,1,1,6,1,40,7,-1,-1,-1,-1,1,-1
201501CW10791,1,9,0,15,0,1,0,0,0,0,1,1,6,3,-1,-1,-1,-1,-1,-1,-1,-1
201501CW10792,1,11,0,7,0,8,0,0,0,0,0,1,6,1,58,9,7300,2,12,-1,1,-1
201501CW10793,1,19,0,16,0,8,0,0,0,0,4,1,6,1,31,6,2402,2,6,-1,1,-1
201501CW10793,2,5,0,17,0,8,0,0,0,0,1,1,6,1,29,6,599,1,5,-1,2,-1
201501CW10794,1,9,0,18,0,0,0,0,0,0,1,1,6,2,40,7,1598,2,4,-1,1,-1
201501CW10794,2,3,0,18,0,0,0,0,0,0,2,1,6,1,22,5,125,1,-1,-1,1,-1
201501CW10795,1,8,0,18,0,2,0,0,0,0,1,1,1,3,-1,-1,-1,-1,-1,-1,-1,-1
201501CW10796,1,9,0,1,0,1,0,0,0,0,2,1,6,1,-1,-1,1968,2,5,-1,1,-1
201501CW10797,1,9,0,11,0,8,0,0,0,0,4,1,6,1,37,7,1797,8,5,-1,1,-1
201501CW10797,2,1,0,18,0,5,0,0,0,0,3,1,6,1,35,6,-1,-1,-1,-1,1,-1
201501CW10798,1,9,0,18,0,1,0,0,0,0,3,1,6,1,30,6,2143,2,1,-1,-1,-1
201501CW10799,1,8,0,17,0,8,0,0,0,0,1,1,6,1,48,8,1797,8,5,-1,1,-1
201501CW10799,2,1,0,17,0,8,0,0,0,0,2,1,6,2,34,6,-1,-1,-1,-1,1,-1
201501CW10802,1,19,0,18,0,8,0,0,0,0,3,1,6,1,26,6,1461,2,1,-1,1,-1
201501CW10802,2,9,0,9,0,8,0,0,0,0,1,1,6,1,-1,-1,2231,2,9,-1,-1,-1
201501CW10803,1,9,0,18,0,1,0,0,0,0,1,1,6,3,-1,-1,2362,1,13,-1,-1,-1
201501CW10804,1,1,0,17,0,8,0,0,0,0,1,1,2,1,47,8,-1,-1,-1,-1,1,-1
201501CW10804,2,9,0,7,0,8,0,0,0,0,4,1,6,3,-1,-1,-1,-1,-1,-1,-1,-1
201501CW10806,1,1,0,18,0,1,0,4,0,0,0,1,2,1,29,6,-1,-1,-1,-1,1,-1
201501CW10806,2,19,0,7,0,2,0,0,0,0,0,1,6,1,35,6,1248,2,10,-1,-1,-1
201501CW10808,1,1,0,18,0,0,0,0,0,0,1,1,6,1,46,8,-1,-1,-1,-1,-1,-1
201501CW10808,2,1,0,4,0,0,0,0,0,0,2,1,6,2,16,4,-1,-1,-1,-1,-1,-1
201501CW10810,1,8,0,4,0,2,0,0,0,0,4,1,1,1,52,8,2664,2,15,-1,1,-1
201501CW10812,1,3,0,18,0,8,0,0,0,0,1,1,6,1,46,8,124,1,4,-1,1,-1
201501CW10813,1,9,0,18,0,1,0,0,0,0,4,1,6,2,54,8,1598,1,11,-1,1,-1
201501CW10813,2,1,0,15,0,1,0,0,0,0,1,1,6,1,24,5,-1,-1,-1,-1,1,-1
201501CW10814,1,19,0,5,0,8,0,0,0,0,3,1,2,1,52,8,-1,-1,-1,-1,1,-1
201501CW10814,2,1,0,18,0,8,0,0,0,0,1,1,2,1,38,7,-1,-1,-1,-1,1,-1
201501CW10815,1,9,0,18,0,1,0,0,0,0,4,1,6,1,30,6,-1,-1,-1,-1,1,-1
201501CW10815,2,1,0,18,0,1,0,0,0,0,3,1,6,1,14,3,-1,-1,-1,-1,1,-1
201501CW10816,1,9,0,9,0,8,0,0,0,0,4,1,6,1,35,6,1461,2,13,-1,1,-1
201501CW10816,2,1,0,15,0,8,1,0,0,0,1,1,6,1,48,8,-1,-1,-1,-1,1,-1
201501CW10817,1,19,0,1,0,0,0,0,7,10,2,1,1,1,44,7,-1,-1,-1,-1,1,-1
201501CW10818,1,3,0,13,0,8,0,0,0,0,3,1,6,2,34,6,124,1,1,-1,1,-1
201501CW10818,2,9,0,4,0,1,0,0,0,0,4,1,6,1,-1,-1,-1,-1,-1,-1,-1,-1
201501CW10818,3,11,0,4,0,1,0,0,0,0,3,1,1,1,-1,-1,11967,2,3,-1,-1,-1
201501CW10819,1,8,0,14,0,2,0,0,0,0,4,1,6,3,-1,-1,-1,-1,-1,-1,-1,-1
201501CW10819,2,8,0,3,0,2,0,0,0,0,3,1,1,1,-1,-1,2143,2,3,-1,-1,-1
201501CW10821,1,3,0,18,0,8,0,0,0,0,1,1,6,1,30,6,125,1,4,-1,1,-1
201501CW10821,2,9,0,3,0,8,0,0,0,0,3,1,6,2,44,7,3311,8,8,-1,1,-1
201501CW10822,1,9,0,1,0,0,0,0,0,0,1,1,1,1,29,6,1997,2,8,-1,1,-1
201501CW10822,2,1,0,18,0,0,0,0,0,0,1,1,6,1,48,8,-1,-1,-1,-1,1,-1
201501CW10823,1,1,0,18,4,8,0,0,0,0,4,1,6,2,45,7,-1,-1,-1,-1,1,-1
201501CW10823,2,8,0,5,0,8,0,0,0,0,1,1,1,1,57,9,2499,2,9,-1,1,-1
201501CW10825,1,8,0,18,0,8,0,0,0,0,4,1,6,1,57,9,1984,2,7,-1,1,-1
201501CW10826,1,8,0,4,0,0,0,0,0,0,4,1,6,1,-1,-1,1598,1,3,-1,-1,-1
201501CW10826,2,1,0,15,0,0,0,0,2,7,1,1,6,2,20,4,-1,-1,-1,-1,1,-1
201501CW10826,3,1,0,15,0,0,0,0,0,0,3,1,6,1,21,5,-1,-1,-1,-1,1,-1
201501CW10827,1,9,0,4,0,1,0,0,0,0,1,1,6,2,38,7,1339,1,9,-1,1,-1
201501CW10827,2,3,0,3,0,1,0,0,0,0,2,1,6,1,43,7,125,1,4,-1,-1,-1
201501CW10827,3,9,0,3,0,1,0,0,0,0,2,1,3,1,43,7,1590,1,11,-1,1,-1
201501CW10829,1,9,0,9,0,8,0,0,0,0,3,1,2,1,58,9,1598,1,8,-1,1,-1
201501CW10829,2,3,0,18,0,8,0,0,0,0,1,1,2,2,31,6,124,1,8,-1,1,-1
201501CW10830,1,9,0,18,0,8,0,10,1,0,1,1,2,1,-1,-1,1598,1,2,-1,1,-1
201501CW10830,2,8,0,9,0,5,0,0,0,0,0,1,1,1,35,6,2143,2,1,-1,1,-1
201501CW10831,1,19,0,6,0,1,0,0,0,0,3,1,1,1,27,6,1968,2,1,-1,1,-1
201501CW10831,2,4,0,18,0,1,0,0,0,0,1,1,2,1,44,7,124,1,16,-1,1,-1
201501CW10832,1,20,0,9,0,6,0,0,0,0,3,1,1,1,29,6,6700,2,1,-1,1,-1
201501CW10833,1,9,0,1,0,0,0,0,0,0,2,1,6,1,-1,-1,-1,-1,-1,-1,-1,-1
201501CW10834,1,1,0,18,0,8,0,0,0,0,1,1,6,1,28,6,-1,-1,-1,-1,1,-1
201501CW10834,2,9,0,9,0,8,0,0,0,0,4,1,6,1,-1,-1,1994,2,6,-1,-1,-1
201501CW10835,1,1,0,15,0,1,0,0,0,0,3,1,6,2,28,6,-1,-1,-1,-1,1,-1
201501CW10835,2,19,0,7,0,1,0,0,0,0,4,1,6,1,-1,-1,1248,2,5,-1,-1,-1
201501CW10836,1,1,0,18,0,0,0,0,0,0,1,1,6,1,28,6,-1,-1,-1,-1,1,-1
201501CW10837,1,11,0,18,0,0,0,0,0,0,0,1,1,1,47,8,4461,2,2,-1,1,-1
201501CW10840,1,8,0,5,0,1,0,0,0,0,0,1,1,1,29,6,1797,8,4,-1,1,-1
201501CW10841,1,9,0,18,0,8,0,0,0,0,0,1,6,1,-1,-1,1598,2,4,-1,1,-1
201501CW10841,2,9,0,2,0,1,0,0,0,0,0,1,6,1,25,5,-1,-1,-1,-1,1,-1
201501CW10843,1,9,0,18,0,1,0,0,0,0,4,1,6,2,38,7,1984,1,8,-1,1,-1
201501CW10844,1,8,0,11,0,2,0,0,0,0,4,1,1,1,33,6,1800,8,5,-1,1,-1
201501CW10844,2,1,0,18,0,2,0,0,0,0,3,1,6,1,36,7,-1,-1,-1,-1,1,-1
201501CW10847,1,9,0,8,0,8,0,0,0,0,0,1,6,1,29,6,1149,1,2,-1,1,-1
201501CW10847,2,3,0,4,0,1,0,0,0,0,0,1,6,1,38,7,124,1,11,-1,1,-1
201501CW10848,1,1,0,18,0,2,0,0,0,0,3,1,6,1,31,6,-1,-1,-1,-1,1,-1
201501CW10848,2,8,0,18,0,2,0,0,0,0,4,1,6,3,-1,-1,-1,-1,-1,-1,-1,-1
201501CW10849,1,1,0,18,0,8,0,0,0,0,4,1,2,1,25,5,-1,-1,-1,-1,1,-1
201501CW10849,2,9,0,18,0,8,0,0,0,0,1,1,2,1,30,6,1390,1,9,-1,1,-1
201501CW10850,1,11,0,4,2,8,0,0,0,0,1,1,1,1,37,7,4500,2,1,-1,1,-1
201501CW10851,1,8,0,17,0,8,0,0,0,0,1,1,6,1,36,7,-1,-1,-1,-1,1,-1
201501CW10852,1,11,0,5,0,1,0,0,0,0,0,1,1,1,42,7,8268,2,12,-1,1,-1
201501CW10853,1,9,0,18,0,8,0,10,7,7,1,1,6,1,55,8,1596,1,10,-1,1,-1
201501CW10853,2,9,0,7,0,8,0,0,0,0,3,1,2,2,22,5,1995,2,-1,-1,1,-1
201501CW10854,1,11,0,4,2,0,0,0,0,0,0,1,1,2,36,7,8300,2,9,-1,1,-1
201501CW10855,1,1,0,14,0,8,0,0,0,0,1,1,6,1,26,6,-1,-1,-1,-1,1,-1
201501CW10855,2,19,0,6,0,8,0,0,0,0,4,1,6,1,-1,-1,-1,-1,-1,-1,-1,-1
201501CW10856,1,9,0,9,0,2,0,0,0,0,3,1,6,3,-1,-1,2148,2,6,-1,-1,-1
201501CW10857,1,8,0,18,0,0,0,0,0,0,3,1,1,1,39,7,1497,8,8,-1,1,-1
201501CW10857,2,9,0,11,0,0,0,0,0,0,1,1,6,1,-1,-1,2148,2,13,-1,-1,-1
201501CW10860,1,9,0,7,0,8,0,0,0,0,1,1,6,1,44,7,1956,2,4,-1,3,-1
201501CW10860,2,1,0,18,0,8,0,0,0,0,1,1,6,1,35,6,-1,-1,-1,-1,1,-1
201501CW10861,1,19,0,2,0,0,0,0,0,0,3,1,1,1,26,6,2198,2,8,-1,1,-1
201501CW10861,2,1,0,18,0,0,0,8,0,0,1,1,1,1,41,7,-1,-1,-1,-1,1,-1
201501CW10862,1,9,0,18,0,1,0,0,0,0,4,1,6,2,37,7,875,1,1,-1,1,-1
201501CW10862,2,3,0,18,0,1,1,0,0,0,1,1,6,1,17,4,108,1,3,-1,1,-1
201501CW10862,3,9,0,7,0,1,0,0,0,0,2,1,6,2,56,9,1769,1,11,-1,1,-1
201501CW10862,4,9,0,18,0,1,0,0,0,0,4,1,1,1,27,6,1997,2,2,-1,1,-1
201501CW10863,1,11,0,7,0,8,0,0,0,0,4,1,1,1,48,8,6692,2,4,-1,1,-1
201501CW10865,1,20,0,13,0,1,0,0,0,0,4,1,1,1,39,7,5193,2,3,-1,1,-1
201501CW10865,2,1,0,13,0,1,0,0,0,0,3,1,1,1,31,6,-1,-1,-1,-1,1,-1
201501CW10866,1,1,0,18,0,8,0,0,0,0,1,1,6,1,36,7,-1,-1,-1,-1,1,-1
201501CW10866,2,9,0,18,0,8,0,0,0,0,1,1,6,1,-1,-1,-1,-1,-1,-1,1,-1
201501CW10867,1,8,0,18,0,8,0,0,0,0,3,1,1,3,-1,-1,-1,-1,-1,-1,-1,-1
201501CW10870,1,4,0,9,0,8,0,10,2,10,1,1,6,1,37,7,998,1,9,-1,1,-1
201501CW10871,1,11,0,4,2,1,0,0,0,0,0,1,1,1,47,8,4760,2,1,-1,1,-1
201501CW10872,1,9,0,9,0,8,0,0,0,0,4,1,6,1,24,5,1968,2,-1,-1,1,-1
201501CW10872,2,9,0,18,0,8,0,0,0,0,1,1,6,1,48,8,2362,1,12,-1,1,-1
201501CW10873,1,5,0,18,0,8,0,0,0,0,1,1,2,1,34,6,998,1,8,-1,1,-1
201501CW10873,2,8,0,6,0,8,0,0,0,0,3,1,1,1,-1,-1,2143,2,3,-1,-1,-1
201501CW10875,1,1,0,5,0,0,0,0,0,0,1,1,2,1,26,6,-1,-1,-1,-1,1,-1
201501CW10878,1,9,0,3,0,1,0,0,0,0,2,1,3,2,39,7,4367,2,-1,-1,1,-1
201501CW10878,2,9,0,4,0,1,0,0,0,0,1,1,6,2,-1,-1,1796,1,11,-1,-1,-1
201501CW10879,1,11,0,4,0,0,0,0,0,0,0,1,1,2,-1,-1,4760,2,4,-1,-1,-1
201501CW10880,1,8,0,7,2,0,0,0,0,0,2,1,1,1,69,10,1968,2,10,-1,1,-1
201501CW10880,2,3,0,4,2,0,0,0,0,0,1,1,6,1,30,6,125,1,2,-1,1,-1
201501CW10881,1,8,0,18,0,2,0,0,0,0,4,1,1,1,47,8,2499,2,5,-1,1,-1
201501CW10883,1,1,0,18,4,8,0,0,0,0,3,1,6,1,19,4,-1,-1,-1,-1,1,-1
201501CW10883,2,8,0,18,0,8,0,0,0,0,4,1,1,1,-1,-1,1769,1,10,-1,1,-1
201501CW10884,1,8,0,18,0,0,0,0,0,0,4,1,1,1,-1,-1,2664,2,14,-1,-1,-1
201501CW10885,1,3,0,14,0,0,0,0,0,0,1,1,1,1,40,7,124,1,-1,-1,1,-1
201501CW10886,1,9,0,9,0,8,0,0,0,0,1,1,6,1,47,8,1390,1,12,-1,1,-1
201501CW10886,2,5,0,18,0,8,0,0,0,0,1,1,6,1,26,6,599,1,13,-1,1,-1
201501CW10888,1,9,0,6,0,1,0,0,0,0,3,1,1,1,33,6,2143,2,4,-1,1,-1
201501CW10888,2,4,0,14,0,1,0,0,0,0,1,1,2,1,36,7,498,1,22,-1,1,-1
201501CW10889,1,5,0,4,0,0,0,0,0,0,1,1,2,1,34,6,1084,1,17,-1,1,-1
201501CW10892,1,8,0,18,0,8,0,4,0,0,4,1,1,1,73,10,2664,2,16,-1,1,-1
201501CW10892,2,9,0,9,0,8,0,0,0,0,1,1,6,1,35,6,2400,2,-1,-1,-1,-1
201501CW10892,3,9,0,2,0,8,0,0,0,0,3,1,6,3,-1,-1,2204,2,6,-1,-1,-1
201501CW10893,1,8,0,3,0,1,0,0,0,0,3,1,1,1,54,8,1497,8,7,-1,1,-1
201501CW10893,2,1,0,14,0,1,0,0,0,0,1,1,2,1,33,6,-1,-1,-1,-1,1,-1
201501CW10893,3,9,0,3,0,2,0,0,0,0,4,1,2,1,42,7,1364,1,6,-1,1,-1
201501CW10894,1,1,0,18,4,0,0,0,0,0,1,1,1,1,42,7,-1,-1,-1,-1,1,-1
201501CW10897,1,1,0,18,0,1,0,0,0,0,1,1,6,1,60,9,-1,-1,-1,-1,-1,-1
201501CW10898,1,3,0,18,0,1,0,0,0,0,1,1,2,1,19,4,124,1,2,-1,1,-1
201501CW10898,2,9,0,3,0,1,0,0,0,0,2,1,6,1,29,6,1461,2,4,-1,1,-1
201501CW10899,1,9,0,5,0,8,0,0,0,0,4,1,6,1,24,5,2967,2,1,-1,1,-1
201501CW10899,2,1,0,18,0,8,0,0,0,0,1,1,6,1,18,4,-1,-1,-1,-1,1,-1
201501CW10900,1,8,0,9,0,8,0,0,0,0,3,1,1,1,54,8,2499,2,4,-1,1,-1
201501CW10900,2,3,0,18,0,8,0,0,0,0,1,1,6,1,39,7,-1,-1,-1,-1,-1,-1
201501CW10901,1,9,0,18,0,0,0,0,0,0,1,1,6,3,-1,-1,-1,-1,-1,-1,-1,-1
201501CW10904,1,1,0,4,0,8,0,0,0,0,1,1,6,2,16,4,-1,-1,-1,-1,1,-1
201501CW10904,2,9,0,13,0,8,0,0,0,0,4,1,6,1,32,6,2204,2,7,-1,1,-1
201501CW10906,1,1,0,5,0,1,0,0,0,0,4,1,6,1,49,8,-1,-1,-1,-1,1,-1
201501CW10906,2,9,0,5,0,1,0,0,0,0,1,1,6,1,-1,-1,1796,1,10,-1,-1,-1
201501CW10907,1,8,0,5,0,8,0,0,0,0,1,1,1,1,53,8,2148,2,5,-1,1,-1
201501CW10907,2,8,0,5,0,8,0,0,0,0,2,1,1,1,-1,-1,2499,2,5,-1,1,-1
201501CW10909,1,9,0,18,0,8,0,0,0,0,4,1,6,3,-1,-1,-1,-1,-1,-1,-1,-1
201501CW10910,1,1,0,18,0,8,0,4,0,0,1,1,6,1,34,6,-1,-1,-1,-1,1,-1
201501CW10910,2,19,0,2,0,8,0,0,0,0,4,1,1,1,58,9,6370,2,9,-1,3,-1
201501CW10913,1,8,0,18,0,1,0,0,0,0,4,1,6,3,-1,-1,2402,2,13,-1,-1,-1
201501CW10916,1,1,0,7,0,2,0,0,0,0,1,1,6,3,-1,-1,-1,-1,-1,-1,-1,-1
201501CW10917,1,1,0,18,4,8,0,0,0,0,1,1,2,1,33,6,-1,-1,-1,-1,1,-1
201501CW10917,2,9,0,9,4,5,0,0,0,0,4,1,6,1,-1,-1,1984,1,14,-1,-1,-1
201501CW10918,1,1,0,18,0,0,0,0,0,0,1,1,2,1,27,6,-1,-1,-1,-1,-1,-1
201501CW10918,2,8,0,6,0,0,0,0,0,0,3,1,1,1,-1,-1,1997,2,4,-1,-1,-1
201501CW10919,1,9,0,17,0,0,0,0,0,0,2,1,6,2,29,6,1360,1,11,-1,1,-1
201501CW10919,2,9,0,17,0,0,0,0,0,0,1,1,1,1,-1,-1,-1,-1,-1,-1,-1,-1
201501CW10920,1,9,0,5,0,8,0,0,0,0,1,1,1,1,54,8,2496,1,13,-1,1,-1
201501CW10920,2,9,0,18,0,8,0,0,0,0,4,1,1,2,44,7,2993,2,4,-1,1,-1
201501CW10921,1,9,0,18,0,8,0,0,0,0,3,1,1,1,49,8,-1,-1,-1,-1,1,-1
201501CW10921,2,9,0,18,0,8,0,0,0,0,1,1,6,1,-1,-1,1364,1,9,-1,1,-1
201501CW10922,1,11,0,4,0,1,0,0,0,0,0,1,1,1,48,8,9360,2,5,-1,1,-1
201501CW10923,1,9,0,9,0,2,0,4,0,0,4,1,6,2,70,10,1991,2,4,-1,1,-1
201501CW10923,2,9,0,2,0,2,0,4,0,0,2,1,6,3,-1,-1,2494,1,12,-1,-1,-1
201501CW10923,3,9,0,2,0,2,0,4,0,0,2,1,6,3,-1,-1,1598,1,11,-1,-1,-1
201501CW10923,4,9,0,2,0,2,0,4,0,0,2,1,6,3,-1,-1,1998,2,6,-1,-1,-1
201501CW10924,1,1,0,14,0,0,0,8,0,0,1,1,6,2,40,7,-1,-1,-1,-1,1,-1
201501CW10924,2,8,0,3,0,0,0,0,0,0,3,1,1,1,-1,-1,-1,-1,-1,-1,-1,-1
201501CW10925,1,1,0,18,0,2,0,4,0,0,1,1,2,2,42,7,-1,-1,-1,-1,1,-1
201501CW10925,2,19,0,2,0,2,0,0,0,0,3,1,1,1,-1,-1,1560,2,1,-1,-1,-1
201501CW10927,1,9,0,18,0,0,0,0,0,0,2,1,6,1,46,8,1798,1,5,-1,1,-1
201501CW10927,2,9,0,11,0,0,0,0,0,0,1,1,6,3,-1,-1,1596,1,7,-1,-1,-1
201501CW10928,1,9,0,18,0,0,0,0,0,0,4,1,6,1,-1,-1,1248,2,7,-1,-1,-1
201501CW10929,1,9,0,5,0,8,0,0,0,0,1,1,6,1,66,10,3456,8,9,-1,1,-1
201501CW10929,2,3,0,18,0,8,0,0,0,0,4,1,1,1,18,4,108,1,4,-1,1,-1
201501CW10930,1,8,0,18,0,1,0,0,0,0,0,1,1,1,47,8,2402,2,12,-1,1,-1
201501CW10930,2,8,0,7,0,1,0,0,0,0,0,1,1,1,63,9,-1,-1,-1,-1,1,-1
201501CW10931,1,9,0,17,0,0,0,0,1,7,1,1,6,1,24,5,1998,1,11,-1,-1,-1
201501CW10932,1,11,0,2,0,8,0,0,0,0,0,1,6,3,-1,-1,-1,-1,-1,-1,-1,-1
201501CW10933,1,11,0,5,0,2,0,0,0,0,4,1,1,1,32,6,4461,2,2,-1,1,-1
201501CW10934,1,9,0,9,0,8,0,0,0,0,3,1,6,1,57,9,1998,1,12,-1,-1,-1
201501CW10934,2,5,0,18,0,8,0,0,0,0,1,1,6,1,25,5,1050,1,10,-1,3,-1
201501CW10935,1,11,0,18,0,1,0,0,0,0,0,1,1,1,43,7,7300,2,12,-1,1,-1
201501CW10935,2,9,0,7,0,8,0,0,0,0,0,1,6,3,-1,-1,3800,1,5,-1,-1,-1
201501CW10936,1,19,0,6,0,1,0,0,0,0,4,1,1,1,28,6,2143,2,5,-1,1,-1
201501CW10936,2,1,0,18,0,1,0,0,0,0,1,1,2,1,30,6,-1,-1,-1,-1,1,-1
201501CW10937,1,9,0,18,0,0,0,0,0,0,4,1,6,2,57,9,1582,2,5,-1,1,-1
201501CW10938,1,9,0,9,0,8,0,0,0,0,4,1,6,1,19,4,1596,1,15,-1,1,-1
201501CW10938,2,1,0,18,0,8,0,0,0,0,1,1,1,1,27,6,-1,-1,-1,-1,1,-1
201501CW10939,1,8,0,7,0,8,0,0,0,0,3,1,1,1,54,8,2402,2,9,-1,1,-1
201501CW10939,2,1,0,9,0,8,0,0,0,0,1,1,2,1,38,7,-1,-1,-1,-1,-1,-1