Accident_Index,Vehicle_Reference,Vehicle_Type,Towing_and_Articulation,Vehicle_Manoeuvre,Vehicle_Location-Restricted_Lane,Junction_Location,Skidding_and_Overturning,Hit_Object_in_Carriageway,Vehicle_Leaving_Carriageway,Hit_Object_off_Carriageway,1st_Point_of_Impact,Was_Vehicle_Left_Hand_Drive?,Journey_Purpose_of_Driver,Sex_of_Driver,Age_of_Driver,Age_Band_of_Driver,Engine_Capacity_(CC),Propulsion_Code,Age_of_Vehicle,Driver_IMD_Decile,Driver_Home_Area_Type,Vehicle_IMD_Decile
201501CW11314,2,9,0,9,0,8,0,0,0,0,1,1,6,3,-1,-1,1896,2,9,-1,-1,-1
201501CW11315,1,11,0,4,0,2,0,0,0,0,0,1,1,1,46,8,9360,2,3,-1,1,-1
201501CW11316,1,1,0,18,0,0,0,0,0,0,1,1,6,1,28,6,-1,-1,-1,-1,1,-1
201501CW11317,1,19,0,1,0,2,0,0,0,0,1,1,6,1,57,9,2143,2,1,-1,3,-1
201501CW11319,1,19,0,18,0,8,0,0,0,0,3,1,1,1,26,6,2143,2,1,-1,1,-1
201501CW11320,1,5,0,9,0,8,0,0,0,0,1,1,6,1,25,5,744,1,4,-1,1,-1
201501CW11320,2,3,0,9,0,8,0,0,0,0,1,1,6,1,28,6,124,1,8,-1,1,-1
201501CW11321,1,9,0,18,0,0,0,0,0,0,1,1,6,3,-1,-1,-1,-1,-1,-1,-1,-1
201501CW11322,1,4,0,18,0,8,0,0,0,0,1,1,6,1,44,7,400,1,24,-1,-1,-1
201501CW11323,1,11,0,5,0,8,0,0,0,0,0,1,1,1,28,6,9360,2,2,-1,1,-1
201501CW11324,1,11,0,18,0,8,0,0,0,0,1,1,6,1,28,6,4461,2,2,-1,1,-1
201501CW11325,1,5,0,5,0,8,0,0,0,0,2,1,6,1,19,4,645,1,3,-1,-1,-1
201501CW11325,2,9,0,18,0,8,0,0,0,0,1,1,6,1,31,6,1797,8,5,-1,1,-1
201501CW11325,3,9,0,5,0,8,0,0,0,0,3,1,6,1,36,7,2987,2,9,-1,1,-1
201501CW11326,1,3,0,4,0,8,0,0,0,0,2,1,6,2,37,7,124,1,1,-1,1,-1
201501CW11326,2,19,0,1,0,8,0,0,0,0,2,1,6,1,26,6,1968,2,2,-1,-1,-1
201501CW11327,1,9,0,3,0,8,0,0,0,0,3,1,6,1,55,8,1993,1,26,-1,1,-1
201501CW11327,2,11,0,7,0,8,0,0,0,0,3,1,1,1,40,7,-1,-1,-1,-1,1,-1
201501CW11328,1,9,0,9,0,8,0,0,0,0,4,1,6,1,19,4,1149,1,9,-1,-1,-1
201501CW11328,2,8,0,18,0,8,0,0,0,0,1,1,6,1,28,6,1798,8,-1,-1,1,-1
201501CW11329,1,5,0,18,0,8,0,0,0,0,1,1,6,1,20,4,471,1,1,-1,1,-1
201501CW11329,2,19,0,9,0,8,0,0,0,0,4,1,6,1,29,6,1598,2,-1,-1,1,-1
201501CW11330,1,9,0,12,0,2,0,0,0,0,3,1,6,2,43,7,1560,2,3,-1,1,-1
201501CW11330,2,3,0,18,0,2,0,0,0,0,4,1,6,2,34,6,125,1,3,-1,1,-1
201501CW11332,1,5,0,18,0,8,0,0,0,0,1,1,6,1,30,6,821,1,1,-1,1,-1
201501CW11332,2,9,0,9,0,8,0,0,0,0,2,1,6,2,34,6,1560,2,-1,-1,1,-1
201501CW11333,1,1,0,18,0,1,0,8,0,0,3,1,6,1,24,5,-1,-1,-1,-1,1,-1
201501CW11333,2,9,0,3,0,1,0,0,0,0,4,1,6,3,-1,-1,2746,1,31,-1,-1,-1
201501CW11334,1,9,0,9,0,8,0,0,0,0,1,1,6,1,48,8,1798,8,-1,-1,1,-1
201501CW11334,2,2,0,10,0,8,0,0,0,0,2,1,6,2,26,6,49,1,-1,-1,-1,-1
201501CW11335,1,3,0,14,0,8,0,0,0,0,1,1,6,1,27,6,108,1,-1,-1,1,-1
201501CW11335,2,9,0,9,0,8,0,0,0,0,1,1,6,1,43,7,1560,2,4,-1,1,-1
201501CW11336,1,8,0,16,0,8,0,0,0,0,1,1,1,1,45,7,2499,2,4,-1,1,-1
201501CW11338,1,9,0,2,0,0,0,0,0,0,4,1,6,1,21,5,1248,2,7,-1,1,-1
201501CW11338,2,3,0,18,0,0,0,0,0,0,1,1,6,1,23,5,645,1,4,-1,1,-1
201501CW11339,1,9,0,18,0,8,0,0,0,0,1,1,6,1,20,4,2776,2,9,-1,-1,-1
201501CW11339,2,8,0,18,0,8,0,0,0,0,4,1,1,1,27,6,1797,8,5,-1,1,-1
201501CW11339,3,9,0,2,0,8,0,0,0,0,4,1,6,2,-1,-1,1998,1,11,-1,1,-1
201501CW11341,1,8,0,9,0,8,0,0,0,0,0,1,6,1,57,9,2499,2,2,-1,1,-1
201501CW11341,2,3,0,13,0,8,0,10,3,10,1,1,6,1,26,6,-1,-1,-1,-1,1,-1
201501CW11342,1,19,0,16,0,8,0,0,0,0,1,1,6,1,-1,-1,-1,-1,-1,-1,-1,-1
201501CW11344,1,19,0,17,3,8,0,0,0,0,1,1,6,1,37,7,2143,2,5,-1,1,-1
201501CW11344,2,9,0,18,0,8,0,0,0,0,1,1,6,1,24,5,1599,1,8,-1,1,-1
201501CW11345,1,9,0,18,0,8,0,0,0,0,1,1,6,1,35,6,1560,2,5,-1,1,-1
201501CW11345,2,9,0,17,0,8,0,0,0,0,3,1,6,1,35,6,1497,8,7,-1,1,-1
201501CW11346,1,8,0,4,0,2,0,0,0,0,2,1,1,1,25,5,1956,2,3,-1,1,-1
201501CW11346,2,8,0,18,0,2,0,0,0,0,1,1,1,1,44,7,2148,2,11,-1,1,-1
201501CW11347,1,11,0,4,0,0,0,0,0,0,0,1,1,1,-1,-1,9360,2,5,-1,-1,-1
201501CW11348,1,5,0,18,0,0,0,0,0,0,1,1,6,1,43,7,656,1,4,-1,1,-1
201501CW11348,2,19,0,6,0,0,0,0,0,0,3,1,6,1,36,7,1560,2,6,-1,1,-1
201501CW11350,1,1,0,18,0,0,0,10,0,0,3,1,6,1,46,8,-1,-1,-1,-1,1,-1
201501CW11352,1,1,0,9,0,8,0,0,0,0,3,1,6,1,53,8,-1,-1,-1,-1,1,-1
201501CW11352,2,9,0,9,0,8,0,0,0,0,4,1,6,3,-1,-1,-1,-1,-1,-1,-1,-1
201501CW11353,1,4,0,18,0,0,0,10,0,0,1,1,6,1,37,7,-1,-1,-1,-1,1,-1
201501CW11356,1,1,0,18,0,8,0,0,0,0,1,1,6,2,36,7,-1,-1,-1,-1,1,-1
201501CW11356,2,3,0,18,0,8,0,0,0,0,1,1,6,1,-1,-1,125,1,10,-1,1,-1
201501CW11357,1,1,0,18,0,8,0,0,0,0,1,1,6,1,43,7,-1,-1,-1,-1,1,-1
201501CW11358,1,5,0,18,0,8,0,0,0,0,1,1,6,1,42,7,1293,1,2,-1,1,-1
201501CW11358,2,9,0,18,0,8,0,0,0,0,1,1,6,3,-1,-1,-1,-1,-1,-1,-1,-1
201501CW11359,1,9,0,6,0,2,0,0,0,0,3,1,6,2,41,7,2400,2,6,-1,1,-1
201501CW11359,2,3,0,18,0,8,0,0,0,0,1,1,6,1,27,6,124,1,8,-1,1,-1
201501CW11360,1,9,0,18,0,8,0,4,0,0,1,1,6,1,46,8,1870,2,9,-1,1,-1
201501CW11360,2,19,0,9,0,8,0,0,0,0,1,1,1,1,39,7,1968,2,-1,-1,3,-1
201501CW11360,3,9,0,2,0,8,0,4,0,0,2,1,6,1,36,7,-1,-1,-1,-1,1,-1
201501CW11360,4,9,0,2,0,8,0,4,0,0,2,1,6,3,-1,-1,-1,-1,-1,-1,-1,-1
201501CW11360,5,9,0,2,0,2,0,0,0,0,2,1,6,2,88,11,1498,1,4,-1,1,-1
201501CW11361,1,8,0,2,0,1,0,0,0,0,3,1,1,1,45,7,2499,2,8,-1,2,-1
201501CW11361,2,19,0,14,0,1,0,8,0,0,4,1,1,1,61,9,2402,2,11,-1,1,-1
201501CW11362,1,9,0,9,0,8,0,0,0,0,3,1,6,1,50,8,-1,3,1,-1,1,-1
201501CW11363,1,8,0,18,0,0,0,0,0,0,1,1,1,1,30,6,1797,8,5,-1,1,-1
201501CW11364,1,9,0,7,0,8,0,0,0,0,1,1,1,1,-1,-1,1896,2,10,-1,-1,-1
201501CW11366,1,3,0,18,0,0,0,10,0,0,1,1,6,1,50,8,125,1,4,-1,1,-1
201501CW11367,1,9,0,9,0,8,0,0,0,0,4,1,6,1,26,6,1956,2,4,-1,1,-1
201501CW11367,2,3,0,15,0,8,0,0,0,0,1,1,2,1,22,5,124,1,1,-1,1,-1
201501CW11368,1,3,0,18,0,8,0,0,0,0,3,1,6,1,22,5,125,1,7,-1,1,-1
201501CW11369,1,3,0,18,0,8,0,0,0,0,1,1,6,1,19,4,125,1,-1,-1,1,-1
201501CW11370,1,1,0,18,0,8,0,0,0,0,1,1,6,1,36,7,-1,-1,-1,-1,1,-1
201501CW11371,1,9,0,9,0,8,0,0,0,0,1,1,6,1,36,7,1298,1,12,-1,1,-1
201501CW11371,2,1,0,16,0,8,0,0,0,0,3,1,6,2,55,8,-1,-1,-1,-1,1,-1
201501CW11372,1,1,0,18,0,0,0,8,0,0,1,1,6,1,58,9,-1,-1,-1,-1,1,-1
201501CW11372,2,9,0,3,0,0,0,0,0,0,1,1,6,1,-1,-1,1995,2,1,-1,-1,-1
201501CW11373,1,8,0,18,0,8,0,0,0,0,3,1,1,1,25,5,1339,8,5,-1,1,-1
201501CW11373,2,9,0,9,0,8,0,0,0,0,4,1,6,1,-1,-1,2179,2,2,-1,-1,-1
201501CW11375,1,21,0,5,0,8,0,0,0,0,4,1,1,1,53,8,12777,2,1,-1,2,-1
201501CW11375,2,5,0,5,0,8,0,0,0,0,3,1,6,1,48,8,1255,1,5,-1,1,-1
201501CW11376,1,3,0,18,0,8,0,0,0,0,1,1,6,2,30,6,124,1,4,-1,1,-1
201501CW11378,1,8,0,10,0,8,0,0,0,0,2,1,1,1,57,9,2664,2,15,-1,1,-1
201501CW11378,2,9,0,9,0,8,0,0,0,0,1,1,6,2,-1,-1,1910,2,8,-1,-1,-1
201501CW11379,1,9,0,18,0,0,0,0,0,0,3,1,6,1,19,4,1242,1,12,-1,1,-1
201501CW11379,2,9,0,11,0,0,0,0,0,0,4,1,6,1,-1,-1,2099,1,11,-1,-1,-1
201501CW11380,1,1,0,18,0,8,0,0,0,0,1,1,2,1,31,6,-1,-1,-1,-1,-1,-1
201501CW11380,2,9,0,7,0,8,0,0,0,0,1,1,6,2,-1,-1,1598,1,13,-1,-1,-1
201501CW11382,1,1,0,18,0,8,0,0,0,0,0,1,6,1,32,6,-1,-1,-1,-1,1,-1
201501CW11382,2,1,0,18,0,8,0,0,0,0,0,1,6,1,38,7,-1,-1,-1,-1,1,-1
201501CW11383,1,8,0,9,0,8,0,10,3,1,1,1,1,1,52,8,2148,2,6,-1,1,-1
201501CW11384,1,8,0,18,0,8,0,0,0,0,1,1,6,1,38,7,2000,2,5,-1,1,-1
201501CW11385,1,3,0,9,0,8,0,0,0,0,1,1,1,1,20,4,108,1,1,-1,1,-1
201501CW11385,2,9,0,9,0,8,0,0,0,0,1,1,6,1,18,4,1242,1,1,-1,1,-1
201501CW11386,1,20,0,9,0,8,0,0,0,0,1,1,6,1,29,6,2998,2,3,-1,1,-1
201501CW11386,2,3,0,9,0,8,0,0,0,0,2,1,6,1,31,6,115,1,-1,-1,1,-1
201501CW11387,1,9,0,9,0,8,0,0,0,0,3,1,6,1,34,6,998,1,3,-1,1,-1
201501CW11387,2,1,0,18,0,8,0,0,0,0,1,1,6,1,54,8,-1,-1,-1,-1,1,-1
201501CW11388,1,9,0,7,0,8,0,0,0,0,1,1,6,2,45,7,-1,-1,-1,-1,1,-1
201501CW11390,1,9,0,18,0,8,0,0,0,0,1,1,6,1,-1,-1,-1,-1,-1,-1,-1,-1
201501CW11391,1,1,0,18,0,8,0,0,0,0,1,1,6,1,47,8,-1,-1,-1,-1,1,-1
201501CW11391,2,8,0,3,0,8,0,0,0,0,4,1,1,1,-1,-1,1582,2,3,-1,-1,-1
201501CW11392,1,9,0,18,0,8,0,0,0,0,1,1,6,1,29,6,1798,8,1,-1,1,-1
201501CW11393,1,3,0,9,0,8,0,0,0,0,1,1,6,1,-1,-1,-1,-1,-1,-1,-1,-1
201501CW11393,2,1,0,16,0,8,0,0,0,0,1,1,6,1,49,8,-1,-1,-1,-1,1,-1
201501CW11394,1,8,0,18,0,0,0,0,0,0,1,1,6,1,46,8,2143,2,2,-1,1,-1
201501CW11395,1,1,0,9,0,8,0,0,0,0,4,1,6,1,54,8,-1,-1,-1,-1,1,-1
201501CW11396,1,9,0,18,0,0,0,0,0,0,2,1,6,2,30,6,1598,2,1,-1,1,-1
201501CW11396,2,5,0,18,0,0,0,0,0,0,1,1,6,2,37,7,599,1,5,-1,1,-1
201501CW11397,1,9,0,18,0,8,0,0,0,0,1,1,6,1,24,5,-1,-1,-1,-1,1,-1
201501CW11398,1,9,0,18,0,8,0,0,0,0,3,1,6,1,50,8,2967,2,1,-1,-1,-1
201501CW11398,2,9,0,18,0,8,0,0,0,0,1,1,6,1,27,6,1395,1,-1,-1,1,-1
201501CW11399,1,9,0,1,0,0,0,0,0,0,2,1,6,1,78,11,1996,1,18,-1,1,-1
201501CW11399,2,9,0,2,0,0,0,0,0,0,1,1,6,1,-1,-1,3600,1,6,-1,1,-1
201501CW11399,3,9,0,2,0,0,0,0,0,0,2,1,6,1,-1,-1,1998,1,11,-1,1,-1
201501CW11400,1,8,0,3,0,8,0,0,0,0,2,1,6,1,56,9,2499,2,8,-1,1,-1
201501CW11400,2,9,0,3,0,8,0,0,0,0,2,1,6,2,23,5,1598,1,10,-1,1,-1
201501CW11400,3,9,0,18,0,8,0,10,0,0,1,1,6,2,21,5,1242,1,5,-1,1,-1
201501CW11401,1,20,0,3,0,8,0,0,0,0,2,1,1,1,33,6,-1,-1,-1,-1,1,-1
201501CW11401,2,9,0,18,0,8,0,0,0,0,1,1,6,2,34,6,1197,1,-1,-1,1,-1
201501CW11402,1,1,0,18,0,2,0,0,0,0,1,1,6,1,20,4,-1,-1,-1,-1,1,-1
201501CW11402,2,1,0,18,0,2,0,0,0,0,1,1,6,2,43,7,-1,-1,-1,-1,1,-1
201501CW11403,1,8,0,18,0,8,0,0,0,0,1,1,6,1,66,10,2499,2,1,-1,1,-1
201501CW11403,2,3,0,18,0,8,0,0,0,0,4,1,1,1,-1,-1,102,1,11,-1,-1,-1
201501CW11404,1,1,0,18,0,8,0,0,0,0,2,1,6,1,25,5,-1,-1,-1,-1,1,-1
201501CW11404,2,9,0,18,0,8,0,0,0,0,1,1,6,1,-1,-1,-1,-1,-1,-1,-1,-1
201501CW11405,1,1,0,18,0,8,0,0,0,0,1,1,6,1,27,6,-1,-1,-1,-1,1,-1
201501CW11405,2,8,0,9,0,8,0,0,0,0,3,1,1,1,28,6,2499,2,3,-1,-1,-1
201501CW11406,1,19,0,9,0,8,0,0,0,0,4,1,6,1,19,4,1248,2,7,-1,1,-1
201501CW11406,2,3,0,18,0,8,0,0,0,0,3,1,6,1,44,7,124,1,13,-1,1,-1
201501CW11407,1,8,0,18,0,8,0,0,0,0,1,1,1,1,31,6,2143,2,1,-1,1,-1
201501CW11408,1,1,0,18,0,0,0,0,0,0,1,1,6,1,29,6,-1,-1,-1,-1,2,-1
201501CW11409,1,9,0,6,0,0,0,0,0,0,4,1,6,1,34,6,1968,2,2,-1,1,-1
201501CW11409,2,1,0,17,0,0,0,0,0,0,1,1,6,1,44,7,-1,-1,-1,-1,1,-1
201501CW11410,1,9,0,18,0,0,0,0,0,0,1,1,6,1,45,7,1497,8,7,-1,1,-1
201501CW11412,1,2,0,18,0,0,0,0,0,0,1,1,6,1,20,4,114,1,-1,-1,1,-1
201501CW11413,1,9,0,14,0,8,0,10,3,10,1,1,6,1,24,5,1461,2,1,-1,1,-1
201501CW11413,2,8,0,3,0,8,0,0,0,0,1,1,6,1,36,7,1997,2,4,-1,1,-1
201501CW11414,1,9,0,9,0,8,0,0,0,0,0,1,6,1,57,9,2398,1,17,-1,1,-1
201501CW11414,2,3,0,4,0,1,0,0,0,0,4,1,6,1,30,6,108,1,6,-1,1,-1
201501CW11415,1,1,0,18,0,8,0,0,0,0,1,1,6,1,28,6,-1,-1,-1,-1,1,-1
201501CW11415,2,9,0,17,0,8,0,0,0,0,1,1,6,1,-1,-1,-1,-1,-1,-1,-1,-1
201501CW11416,1,8,0,4,0,0,0,0,0,0,2,1,1,1,61,9,1997,2,6,-1,1,-1
201501CW11416,2,20,0,18,0,0,0,0,0,0,1,1,1,1,-1,-1,5880,2,2,-1,-1,-1
201501CW11418,1,9,0,2,0,0,0,0,0,0,1,1,6,1,50,8,5935,1,2,-1,1,-1
201501CW11418,2,1,0,18,0,0,0,8,0,0,1,1,6,1,19,4,-1,-1,-1,-1,1,-1
201501CW11419,1,5,0,18,0,8,0,0,0,0,1,1,6,1,40,7,1079,1,2,-1,1,-1
201501CW11419,2,19,0,9,0,8,0,0,0,0,1,1,6,1,57,9,2198,2,7,-1,1,-1
201501CW11420,1,5,0,3,0,8,0,0,0,0,1,1,6,1,23,5,748,1,6,-1,1,-1
201501CW11420,2,9,0,6,0,8,0,0,0,0,4,1,6,1,44,7,2993,2,9,-1,1,-1
201501CW11421,1,8,0,6,0,0,0,0,0,0,2,1,6,1,27,6,1798,8,1,-1,1,-1
201501CW11422,1,3,0,18,0,0,0,0,0,0,3,1,6,1,36,7,600,1,3,-1,1,-1
201501CW11422,2,9,0,18,0,0,0,0,0,0,4,1,6,1,53,8,-1,-1,-1,-1,1,-1
201501CW11423,1,9,0,9,0,8,0,0,0,0,3,1,6,1,27,6,1995,2,8,-1,1,-1
201501CW11423,2,5,0,18,0,8,0,0,0,0,1,1,6,1,26,6,654,1,7,-1,-1,-1
201501CW11426,1,11,0,4,0,8,0,0,0,0,0,1,1,1,-1,-1,-1,-1,-1,-1,-1,-1
201501CW11427,1,8,0,4,0,8,0,0,0,0,2,1,1,1,46,8,2499,2,-1,-1,1,-1
201501CW11427,2,1,0,18,0,8,0,0,0,0,1,1,6,1,45,7,-1,-1,-1,-1,1,-1
201501CW11430,1,9,0,17,0,8,0,0,0,0,3,1,6,1,29,6,995,1,12,-1,1,-1
201501CW11430,2,9,0,16,0,8,0,0,0,0,4,1,6,1,-1,-1,1598,1,1,-1,-1,-1
201501CW11431,1,11,0,18,0,0,0,0,0,0,0,1,1,1,-1,-1,8650,2,16,-1,1,-1
201501CW11432,1,11,0,5,0,8,0,0,0,0,0,1,1,1,34,6,4500,2,1,-1,1,-1
201501CW11433,1,9,0,18,0,8,0,0,0,0,2,1,6,1,24,5,1086,1,10,-1,1,-1
201501CW11433,2,19,0,18,0,8,0,0,0,0,1,1,6,1,-1,-1,-1,-1,-1,-1,-1,-1
201501CW11434,1,19,0,7,0,8,0,10,7,10,4,1,1,1,39,7,2151,2,10,-1,1,-1
201501CW11434,2,11,0,7,2,8,0,0,0,0,3,1,6,1,-1,-1,7300,2,12,-1,-1,-1
201501CW11436,1,3,0,4,0,0,0,0,0,0,3,1,6,1,32,6,125,1,6,-1,1,-1
201501CW11436,2,9,0,6,0,0,0,0,0,0,0,1,6,1,-1,-1,4367,2,3,-1,-1,-1
201501CW11437,1,9,0,18,0,8,0,0,0,0,1,1,6,1,40,7,1956,2,2,-1,1,-1
201501CW11440,1,11,0,18,0,0,0,0,0,0,4,1,1,1,44,7,4461,2,1,-1,1,-1
201501CW11440,2,9,0,18,0,0,0,0,0,0,3,1,6,1,-1,-1,2143,2,1,-1,1,-1
201501CW11441,1,9,0,9,0,8,0,0,0,0,3,1,6,2,24,5,1149,1,9,-1,1,-1
201501CW11441,2,11,0,9,0,8,0,0,0,0,4,1,6,1,47,8,7300,2,13,-1,1,-1
201501CW11442,1,8,0,18,0,8,0,0,0,0,4,1,1,1,43,7,2499,2,8,-1,1,-1
201501CW11442,2,9,0,9,0,8,0,0,0,0,1,1,6,1,54,8,1910,2,8,-1,1,-1
201501CW11443,1,9,0,18,0,8,0,0,0,0,4,1,6,2,55,8,1339,1,2,-1,1,-1
201501CW11443,2,3,0,15,0,8,0,0,0,0,3,1,6,1,26,6,125,1,-1,-1,1,-1
201501CW11444,1,8,0,9,0,8,0,0,0,0,1,1,6,1,60,9,1798,8,2,-1,1,-1
201501CW11445,1,9,0,18,0,0,0,4,0,0,1,1,6,2,29,6,1339,1,12,-1,1,-1
201501CW11445,2,9,0,2,0,0,0,0,0,0,4,1,6,1,61,9,2987,2,7,-1,1,-1
201501CW11446,1,1,0,18,0,8,0,0,0,0,1,1,6,1,-1,-1,-1,-1,-1,-1,-1,-1
201501CW11447,1,8,0,9,0,8,0,0,0,0,4,1,1,1,46,8,1796,1,8,-1,1,-1
201501CW11447,2,1,0,18,0,8,0,0,0,0,1,1,6,1,35,6,-1,-1,-1,-1,1,-1
201501CW11450,1,19,0,18,0,0,0,0,0,0,0,1,6,1,35,6,1870,2,9,-1,1,-1
201501CW11450,2,9,0,18,0,0,0,0,0,0,4,1,6,1,30,6,1598,2,-1,-1,1,-1
201501CW11450,3,3,0,18,0,0,0,11,0,0,1,1,6,1,32,6,125,1,3,-1,1,-1
201501CW11452,1,3,0,18,0,2,0,0,0,0,1,1,6,1,22,5,125,1,-1,-1,1,-1
201501CW11453,1,8,0,18,0,8,0,0,0,0,1,1,1,1,38,7,-1,-1,-1,-1,1,-1
201501CW11454,1,19,0,7,0,8,0,0,0,0,4,1,6,1,41,7,2198,2,5,-1,1,-1
201501CW11454,2,1,0,18,0,8,0,0,0,0,1,1,6,1,38,7,-1,-1,-1,-1,1,-1
201501CW11455,1,9,0,16,0,8,0,0,0,0,1,1,6,2,42,7,1461,2,1,-1,1,-1
201501CW11456,1,9,0,17,0,8,0,0,0,0,4,1,6,1,40,7,1798,8,1,-1,1,-1
201501CW11456,2,9,0,17,0,8,0,0,0,0,3,1,6,1,31,6,1598,1,3,-1,1,-1
201501CW11457,1,19,0,11,0,8,0,0,0,0,4,1,6,1,57,9,-1,-1,-1,-1,1,-1
201501CW11457,2,1,0,18,0,8,0,0,0,0,3,1,6,1,31,6,-1,-1,-1,-1,1,-1
201501CW11459,1,8,0,17,0,8,0,0,0,0,4,1,1,1,66,10,2664,2,14,-1,1,-1
201501CW11460,1,1,0,18,0,2,0,0,0,0,1,1,6,1,25,5,-1,-1,-1,-1,1,-1
201501CW11460,2,9,0,2,0,2,0,0,0,0,3,1,6,1,-1,-1,-1,-1,-1,-1,-1,-1
201501CW11462,1,19,0,7,0,8,0,0,0,0,1,1,1,1,34,6,1598,2,-1,-1,1,-1
201501CW11462,2,1,0,9,0,8,0,0,0,0,1,1,6,1,61,9,-1,-1,-1,-1,1,-1
201501CW11463,1,9,0,7,0,8,0,0,0,0,4,1,6,1,-1,-1,1199,2,2,-1,-1,-1
201501CW11463,2,1,0,18,0,8,0,0,0,0,3,1,6,2,49,8,-1,-1,-1,-1,-1,-1
201501CW11464,1,8,0,18,0,8,0,0,0,0,4,1,6,1,59,9,2143,2,3,-1,1,-1
201501CW11464,2,1,0,18,0,8,0,0,0,0,1,1,6,2,37,7,-1,-1,-1,-1,1,-1
201501CW11465,1,90,0,18,0,1,0,0,0,0,4,1,6,1,36,7,6370,2,7,-1,1,-1
201501CW11466,1,8,0,18,0,8,0,0,0,0,3,1,1,1,27,6,-1,-1,-1,-1,1,-1
201501CW11466,2,9,0,18,0,8,0,0,0,0,1,1,6,2,-1,-1,1198,1,-1,-1,-1,-1
201501CW11467,1,9,0,18,0,8,0,0,0,0,1,1,6,1,60,9,1791,8,4,-1,1,-1
201501CW11467,2,9,0,18,0,8,0,0,0,0,4,1,6,1,-1,-1,1389,1,21,-1,-1,-1
201501CW11469,1,8,0,18,0,8,0,0,0,0,1,1,6,1,60,9,2967,2,4,-1,1,-1
201501CW11469,2,8,0,9,0,8,0,0,0,0,4,1,1,1,57,9,2499,2,5,-1,1,-1
201501CW11470,1,9,0,18,0,8,0,0,0,0,1,1,6,1,48,8,1896,2,5,-1,1,-1
201501CW11470,2,9,0,18,0,8,0,0,0,0,1,1,6,1,59,9,1798,8,1,-1,1,-1
201501CW11471,1,5,0,18,0,1,0,0,0,0,1,1,1,1,-1,-1,-1,-1,-1,-1,-1,-1
201501CW11471,2,9,0,2,0,1,0,0,0,0,3,1,6,1,34,6,1796,1,11,-1,1,-1
201501CW11472,1,9,0,9,0,8,0,0,0,0,1,1,6,2,39,7,1497,8,1,-1,1,-1
201501CW11472,2,1,0,18,0,8,0,0,0,0,1,1,6,1,28,6,-1,-1,-1,-1,1,-1
201501CW11474,1,9,0,18,0,8,0,0,0,0,1,1,6,1,31,6,-1,-1,-1,-1,1,-1
201501CW11475,1,11,0,4,0,8,0,0,0,0,0,1,6,2,51,8,4500,2,4,-1,1,-1
201501CW11476,1,3,0,18,0,8,0,0,0,0,1,1,6,1,31,6,125,1,-1,-1,1,-1
201501CW11476,2,9,0,9,0,8,0,0,0,0,1,1,6,1,29,6,2495,2,11,-1,1,-1
201501CW11477,1,9,0,18,0,8,0,0,0,0,4,1,6,1,26,6,1242,1,6,-1,1,-1
201501CW11479,1,1,0,17,0,8,0,0,0,0,3,1,6,1,32,6,-1,-1,-1,-1,1,-1
201501CW11479,2,19,0,17,0,8,0,0,0,0,4,1,6,1,-1,-1,-1,-1,-1,-1,-1,-1
201501CW11482,1,5,0,14,0,8,0,0,0,0,1,1,6,1,27,6,599,1,12,-1,1,-1
201501CW11482,2,9,0,9,0,8,0,0,0,0,1,1,6,2,69,10,1598,1,-1,-1,1,-1
201501CW11482,3,8,0,3,0,8,0,0,0,0,1,1,6,1,52,8,2143,2,2,-1,1,-1
201501CW11484,1,9,0,18,0,8,0,0,0,0,1,1,6,1,26,6,1339,8,4,-1,1,-1
201501CW11484,2,1,0,18,0,8,0,0,0,0,1,1,6,1,46,8,-1,-1,-1,-1,1,-1
201501CW11485,1,8,0,18,0,0,0,0,0,0,1,1,1,1,-1,-1,-1,-1,-1,-1,-1,-1
201501CW11486,1,9,0,18,0,0,0,0,0,0,2,1,6,1,26,6,2143,2,2,-1,1,-1
201501CW11486,2,9,0,18,0,0,0,0,0,0,1,1,6,2,50,8,1600,1,4,-1,1,-1
201501CW11487,1,9,0,18,0,1,0,0,0,0,1,1,6,1,28,6,1896,2,13,-1,1,-1
201501CW11487,2,9,0,4,0,8,0,0,0,0,2,1,6,1,43,7,1796,1,8,-1,1,-1
201501CW11488,1,9,0,2,0,0,0,0,0,0,2,1,6,3,-1,-1,2143,2,-1,-1,-1,-1
201501CW11488,2,9,0,2,0,0,0,0,0,0,2,1,6,2,-1,-1,1560,2,5,-1,1,-1
201501CW11488,3,3,0,18,0,0,0,0,0,0,1,1,6,3,-1,-1,-1,-1,-1,-1,-1,-1
201501CW11489,1,9,0,18,0,8,0,0,0,0,1,1,6,1,50,8,-1,-1,-1,-1,1,-1
201501CW11492,1,3,0,5,0,8,0,0,0,0,3,1,6,1,19,4,125,1,7,-1,1,-1
201501CW11492,2,9,0,5,0,8,0,0,0,0,4,1,6,1,25,5,-1,-1,-1,-1,1,-1
201501CW11493,1,9,0,18,0,8,0,0,0,0,1,1,6,1,77,11,1998,1,17,-1,1,-1
201501CW11493,2,3,0,18,0,8,0,0,0,0,1,1,6,1,34,6,125,1,7,-1,1,-1
201501CW11494,1,9,0,13,0,8,0,0,0,0,2,1,6,1,36,7,2143,2,3,-1,1,-1
201501CW11494,2,1,0,18,0,8,0,0,0,0,1,1,6,1,43,7,-1,-1,-1,-1,1,-1
201501CW11495,1,11,0,5,0,0,0,0,0,0,0,1,1,3,-1,-1,-1,-1,-1,-1,-1,-1
201501CW11497,1,1,0,18,0,8,0,0,0,0,1,1,6,1,24,5,-1,-1,-1,-1,1,-1
201501CW11497,2,9,0,9,0,8,0,0,0,0,4,1,6,1,-1,-1,-1,-1,-1,-1,-1,-1
201501CW11498,1,9,0,17,0,8,0,0,0,0,1,1,6,1,45,7,-1,-1,-1,-1,1,-1
201501CW11498,2,1,0,17,0,8,0,0,0,0,2,1,6,1,24,5,-1,-1,-1,-1,1,-1