Accident_Index,Vehicle_Reference,Vehicle_Type,Towing_and_Articulation,Vehicle_Manoeuvre,Vehicle_Location-Restricted_Lane,Junction_Location,Skidding_and_Overturning,Hit_Object_in_Carriageway,Vehicle_Leaving_Carriageway,Hit_Object_off_Carriageway,1st_Point_of_Impact,Was_Vehicle_Left_Hand_Drive?,Journey_Purpose_of_Driver,Sex_of_Driver,Age_of_Driver,Age_Band_of_Driver,Engine_Capacity_(CC),Propulsion_Code,Age_of_Vehicle,Driver_IMD_Decile,Driver_Home_Area_Type,Vehicle_IMD_Decile
201501CW11884,2,1,0,13,0,8,0,0,0,0,4,1,6,2,63,9,-1,-1,-1,-1,-1,-1
201501CW11885,1,5,0,18,0,8,0,0,0,0,1,1,6,1,24,5,599,1,15,-1,-1,-1
201501CW11885,2,19,0,9,0,8,0,0,0,0,4,1,6,1,65,9,1968,2,3,-1,1,-1
201501CW11886,1,9,0,18,0,8,0,0,0,0,1,1,6,3,-1,-1,-1,-1,-1,-1,-1,-1
201501CW11887,1,3,0,18,0,8,0,0,0,0,1,1,6,1,37,7,124,1,5,-1,1,-1
201501CW11887,2,1,0,12,0,8,0,0,0,0,2,1,6,1,31,6,-1,-1,-1,-1,1,-1
201501CW11888,1,3,0,18,0,8,0,0,0,0,1,1,6,1,22,5,125,1,4,-1,1,-1
201501CW11888,2,9,0,9,0,8,0,0,0,0,3,1,6,1,-1,-1,-1,-1,-1,-1,-1,-1
201501CW11889,1,9,0,18,0,8,0,0,0,0,3,1,6,2,51,8,1686,2,2,-1,1,-1
201501CW11889,2,9,0,18,0,8,0,0,0,0,1,1,6,1,37,7,1968,2,8,-1,1,-1
201501CW11890,1,20,0,9,0,8,0,0,0,0,1,1,1,1,51,8,3920,2,4,-1,1,-1
201501CW11890,2,9,0,9,0,8,0,0,0,0,2,1,6,1,42,7,1956,2,4,-1,1,-1
201501CW11891,1,3,0,18,0,0,0,0,0,0,1,1,6,1,21,5,102,1,11,-1,1,-1
201501CW11892,1,8,0,5,0,8,0,0,0,0,3,1,1,1,37,7,1968,2,-1,-1,1,-1
201501CW11893,1,8,0,8,0,8,0,0,0,0,2,1,1,1,39,7,2148,2,6,-1,1,-1
201501CW11893,2,9,0,7,0,8,0,0,0,0,1,1,6,1,-1,-1,-1,-1,-1,-1,-1,-1
201501CW11894,1,8,0,9,0,8,0,0,0,0,3,1,6,1,26,6,1797,8,5,-1,1,-1
201501CW11897,1,19,0,18,0,8,0,0,0,0,1,1,6,1,30,6,1560,2,-1,-1,1,-1
201501CW11897,2,9,0,3,0,8,0,0,0,0,2,1,6,1,26,6,2000,2,6,-1,1,-1
201501CW11898,1,11,0,18,0,8,0,0,0,0,1,1,1,1,53,8,4500,2,4,-1,-1,-1
201501CW11899,1,1,0,18,0,8,0,0,0,0,1,1,6,1,84,11,-1,-1,-1,-1,1,-1
201501CW11899,2,9,0,18,0,8,0,0,0,0,1,1,6,1,55,8,1598,1,2,-1,-1,-1
201501CW11900,1,1,0,18,0,0,0,0,0,0,1,1,6,1,-1,-1,-1,-1,-1,-1,-1,-1
201501CW11901,1,90,0,4,0,1,0,0,0,0,2,1,6,1,35,6,-1,-1,-1,-1,1,-1
201501CW11901,2,3,0,18,0,1,0,0,0,0,1,1,6,1,21,5,124,1,3,-1,1,-1
201501CW11903,1,5,0,18,0,8,0,10,0,0,1,1,6,1,52,8,-1,-1,-1,-1,1,-1
201501CW11904,1,3,0,18,0,8,0,0,0,0,1,1,6,1,18,4,124,1,-1,-1,1,-1
201501CW11905,1,9,0,18,0,2,0,0,0,0,1,1,6,1,40,7,1984,1,8,-1,1,-1
201501CW11906,1,1,0,18,0,8,0,0,0,0,3,1,6,2,23,5,-1,-1,-1,-1,1,-1
201501CW11906,2,21,0,18,0,8,0,0,0,0,4,1,6,1,55,8,6692,2,7,-1,1,-1
201501CW11907,1,9,0,5,0,8,0,0,0,0,3,1,6,1,-1,-1,2143,2,-1,-1,1,-1
201501CW11907,2,4,0,18,0,8,0,0,0,0,1,1,1,1,48,8,600,1,1,-1,1,-1
201501CW11908,1,1,0,18,0,0,0,0,0,0,1,1,6,1,-1,-1,-1,-1,-1,-1,-1,-1
201501CW11909,1,9,0,18,0,8,0,0,0,0,1,1,6,3,-1,-1,-1,-1,-1,-1,-1,-1
201501CW11910,1,3,0,3,0,8,0,0,0,0,2,1,6,1,28,6,124,1,-1,-1,1,-1
201501CW11910,2,19,0,18,0,8,0,0,0,0,1,1,6,3,-1,-1,-1,-1,-1,-1,-1,-1
201501CW11911,1,90,0,18,0,8,0,0,0,0,1,1,1,1,43,7,2987,2,-1,-1,-1,-1
201501CW11911,2,9,0,18,0,8,0,0,0,0,3,1,6,2,44,7,-1,-1,-1,-1,1,-1
201501CW11913,1,11,0,4,0,0,0,0,0,0,0,1,1,1,57,9,4500,2,3,-1,1,-1
201501CW11914,1,9,0,18,0,8,0,0,0,0,1,1,6,1,41,7,1398,8,2,-1,-1,-1
201501CW11914,2,1,0,18,0,8,0,0,0,0,4,1,6,2,32,6,-1,-1,-1,-1,1,-1
201501CW11915,1,9,0,18,0,8,0,0,0,0,1,1,6,2,33,6,1796,1,12,-1,1,-1
201501CW11916,1,8,0,1,0,0,0,0,0,0,2,1,1,1,45,7,1797,8,4,-1,-1,-1
201501CW11917,1,90,0,6,0,8,0,0,0,0,3,1,6,1,29,6,6370,2,11,-1,1,-1
201501CW11917,2,3,0,16,0,8,0,0,0,0,1,1,6,1,32,6,125,1,-1,-1,1,-1
201501CW11918,1,9,0,2,0,0,0,0,0,0,3,1,6,1,40,7,3226,2,13,-1,1,-1
201501CW11918,2,9,0,1,0,0,0,4,0,0,2,1,6,1,-1,-1,-1,-1,-1,-1,-1,-1
201501CW11919,1,9,0,18,0,0,0,0,0,0,2,1,6,1,41,7,1797,8,4,-1,1,-1
201501CW11919,2,19,0,18,0,0,0,0,0,0,1,1,6,1,-1,-1,2402,2,6,-1,1,-1
201501CW11921,1,8,0,7,0,8,0,0,0,0,4,1,6,1,37,7,2143,2,3,-1,1,-1
201501CW11921,2,1,0,7,0,8,0,0,0,0,3,1,6,1,41,7,-1,-1,-1,-1,-1,-1
201501CW11923,1,9,0,18,0,8,0,0,0,0,1,1,6,1,36,7,1598,1,10,-1,1,-1
201501CW11924,1,11,0,18,0,1,0,0,0,0,1,1,1,1,40,7,4461,2,1,-1,1,-1
201501CW11926,1,9,0,9,0,8,0,0,0,0,1,1,6,2,23,5,1149,1,12,-1,1,-1
201501CW11926,2,2,0,17,0,8,0,0,0,0,1,1,6,1,31,6,125,1,12,-1,-1,-1
201501CW11927,1,9,0,18,0,8,0,0,0,0,4,1,6,1,26,6,1984,1,5,-1,1,-1
201501CW11927,2,8,0,17,0,8,0,0,0,0,1,1,1,2,37,7,2143,2,1,-1,1,-1
201501CW11928,1,9,0,18,0,8,0,0,0,0,1,1,6,1,67,10,6592,1,-1,-1,1,-1
201501CW11929,1,3,0,7,0,8,0,0,0,0,1,1,2,1,24,5,124,1,4,-1,1,-1
201501CW11930,1,9,0,17,0,0,0,0,0,0,1,1,6,1,51,8,2143,2,-1,-1,1,-1
201501CW11931,1,11,0,5,0,8,0,0,0,0,0,1,6,1,43,7,4760,2,2,-1,1,-1
201501CW11932,1,9,0,4,0,1,0,0,0,0,2,1,3,1,50,8,2926,2,13,-1,1,-1
201501CW11932,2,5,0,18,0,1,1,0,4,0,1,1,2,1,52,8,-1,-1,-1,-1,1,-1
201501CW11933,1,9,0,18,0,2,0,0,0,0,1,1,6,1,53,8,1968,2,3,-1,1,-1
201501CW11934,1,1,0,18,0,0,0,0,0,0,3,1,6,1,33,6,-1,-1,-1,-1,1,-1
201501CW11934,2,9,0,13,0,0,0,0,0,0,4,1,6,1,-1,-1,-1,-1,-1,-1,-1,-1
201501CW11935,1,9,0,18,0,8,0,0,0,0,2,1,1,1,26,6,1339,8,3,-1,1,-1
201501CW11935,2,9,0,18,0,8,0,0,0,0,1,1,6,1,-1,-1,1896,2,11,-1,-1,-1
201501CW11936,1,9,0,16,0,8,0,0,0,0,1,1,6,3,-1,-1,-1,-1,-1,-1,-1,-1
201501CW11937,1,9,0,16,0,8,0,0,0,0,1,1,6,1,-1,-1,-1,-1,-1,-1,-1,-1
201501CW11938,1,9,0,16,0,8,0,0,0,0,3,1,1,1,32,6,1799,1,9,-1,1,-1
201501CW11938,2,11,0,16,0,8,0,0,0,0,4,1,1,1,-1,-1,10838,2,3,-1,-1,-1
201501CW11939,1,9,0,6,0,8,0,0,0,0,3,1,6,1,-1,-1,1998,2,10,-1,1,-1
201501CW11939,2,3,0,18,0,8,0,0,0,0,1,1,6,1,37,7,125,1,5,-1,1,-1
201501CW11941,1,3,0,4,0,8,0,0,0,0,2,1,6,1,51,8,125,1,5,-1,1,-1
201501CW11941,2,9,0,18,0,8,0,0,0,0,1,1,6,1,34,6,1796,1,7,-1,1,-1
201501CW11941,3,9,0,18,0,8,0,0,0,0,0,1,1,3,-1,-1,-1,-1,-1,-1,-1,-1
201501CW11942,1,5,0,18,2,1,0,10,1,10,4,1,2,1,28,6,999,1,5,-1,1,-1
201501CW11942,2,9,0,7,0,1,0,0,0,0,0,1,2,1,50,8,1997,2,2,-1,1,-1
201501CW11944,1,8,0,18,0,8,0,0,0,0,1,1,6,1,63,9,2402,2,9,-1,1,-1
201501CW11945,1,9,0,4,0,8,0,0,0,0,2,1,6,2,31,6,1598,1,11,-1,1,-1
201501CW11945,2,9,0,18,0,1,0,0,0,0,1,1,6,1,-1,-1,1198,1,1,-1,-1,-1
201501CW11946,1,9,0,17,0,0,0,0,0,0,4,1,6,1,36,7,-1,-1,-1,-1,1,-1
201501CW11946,2,8,0,17,0,0,0,0,0,0,3,1,1,1,-1,-1,2499,2,7,-1,-1,-1
201501CW11948,1,9,0,18,0,8,0,0,0,0,3,1,6,1,51,8,3498,1,4,-1,1,-1
201501CW11948,2,3,0,18,0,8,0,0,0,0,1,1,6,1,-1,-1,-1,-1,-1,-1,-1,-1
201501CW11950,1,11,0,16,0,8,0,0,0,0,4,1,1,1,56,9,5132,2,-1,-1,1,-1
201501CW11951,1,19,0,7,0,8,0,0,0,0,1,1,1,1,26,6,2148,2,8,-1,1,-1
201501CW11952,1,1,0,10,0,8,0,0,0,0,2,1,6,2,31,6,-1,-1,-1,-1,1,-1
201501CW11952,2,9,0,18,0,8,0,0,0,0,1,1,6,1,-1,-1,-1,-1,-1,-1,-1,-1
201501CW11954,1,8,0,18,0,8,0,0,0,0,1,1,6,1,42,7,1798,8,2,-1,1,-1
201501CW11954,2,1,0,18,0,8,0,0,0,0,1,1,6,1,-1,-1,-1,-1,-1,-1,-1,-1
201501CW11955,1,8,0,9,0,8,0,0,0,0,3,1,6,1,35,6,1797,8,3,-1,1,-1
201501CW11955,2,8,0,16,0,8,0,0,0,0,1,1,1,1,42,7,1339,8,3,-1,1,-1
201501CW11957,1,1,0,18,0,8,0,0,0,0,4,1,6,1,42,7,-1,-1,-1,-1,1,-1
201501CW11957,2,9,0,7,0,8,0,0,0,0,1,1,6,3,-1,-1,-1,-1,-1,-1,-1,-1
201501CW11958,1,8,0,18,0,0,0,0,0,0,1,1,6,1,49,8,2148,2,7,-1,1,-1
201501CW11958,2,1,0,18,0,0,0,0,0,0,1,1,6,1,78,11,-1,-1,-1,-1,1,-1
201501CW11959,1,8,0,18,0,8,0,0,0,0,1,1,6,1,43,7,1968,2,7,-1,1,-1
201501CW11959,2,8,0,18,0,8,0,0,0,0,1,1,6,1,46,8,2497,2,2,-1,1,-1
201501CW11960,1,9,0,7,0,8,0,0,0,0,4,1,6,1,37,7,1896,2,8,-1,1,-1
201501CW11960,2,8,0,18,3,8,0,0,0,0,1,1,1,1,56,9,2148,2,5,-1,1,-1
201501CW11961,1,3,0,18,0,8,0,0,0,0,1,1,6,1,56,9,125,1,4,-1,1,-1
201501CW11961,2,8,0,7,0,8,0,0,0,0,4,1,1,1,-1,-1,2402,2,10,-1,-1,-1
201501CW11962,1,1,0,18,0,8,0,0,0,0,1,1,6,1,-1,-1,-1,-1,-1,-1,-1,-1
201501CW11963,1,9,0,18,0,8,0,0,0,0,1,1,6,1,27,6,1242,1,2,-1,1,-1
201501CW11963,2,8,0,18,0,8,0,0,0,0,4,1,1,1,42,7,1997,2,3,-1,1,-1
201501CW11965,1,9,0,9,0,8,0,0,0,0,4,1,6,3,-1,-1,-1,-1,-1,-1,-1,-1
201501CW11965,2,1,0,18,2,8,0,0,0,0,1,1,6,1,19,4,-1,-1,-1,-1,1,-1
201501CW11966,1,8,0,3,0,1,0,0,0,0,2,1,1,1,43,7,1968,2,2,-1,1,-1
201501CW11966,2,11,0,5,0,1,0,0,0,0,1,1,1,1,62,9,-1,-1,-1,-1,1,-1
201501CW11967,1,11,0,5,0,8,0,0,0,0,0,1,1,1,33,6,4500,2,5,-1,1,-1
201501CW11968,1,9,0,1,0,8,0,0,0,0,2,1,6,1,33,6,1998,1,1,-1,1,-1
201501CW11969,1,9,0,3,0,0,0,0,0,0,2,1,6,1,25,5,998,1,2,-1,1,-1
201501CW11969,2,9,0,18,0,0,0,0,0,0,1,1,6,1,-1,-1,-1,-1,-1,-1,-1,-1
201501CW11970,1,9,0,3,0,8,0,0,0,0,2,1,6,1,55,8,1598,2,1,-1,1,-1
201501CW11970,2,9,0,18,0,8,0,0,0,0,1,1,6,3,-1,-1,-1,-1,-1,-1,-1,-1
201501CW11972,1,9,0,18,0,0,0,0,0,0,1,1,1,1,31,6,-1,-1,-1,-1,1,-1
201501CW11972,2,9,0,1,0,0,0,0,0,0,2,1,6,3,-1,-1,-1,-1,-1,-1,-1,-1
201501CW11976,1,8,0,18,0,0,0,0,0,0,2,1,6,1,64,9,2148,2,10,-1,1,-1
201501CW11976,2,8,0,18,0,0,0,0,0,0,2,1,1,1,61,9,1598,1,1,-1,1,-1
201501CW11976,3,9,0,18,0,0,0,0,0,0,1,1,6,1,46,8,1397,1,12,-1,1,-1
201501CW11977,1,9,0,5,0,8,0,0,0,0,1,1,6,2,41,7,2685,2,12,-1,1,-1
201501CW11977,2,9,0,18,0,8,0,0,0,0,4,1,6,1,-1,-1,-1,-1,-1,-1,-1,-1
201501CW11978,1,8,0,9,0,8,0,0,0,0,3,1,6,1,47,8,1968,2,-1,-1,1,-1
201501CW11978,2,3,0,18,0,8,0,0,0,0,1,1,6,1,32,6,125,1,2,-1,1,-1
201501CW11981,1,9,0,2,0,0,0,0,0,0,2,1,6,3,-1,-1,1598,1,9,-1,-1,-1
201501CW11981,2,1,0,18,0,0,0,4,0,0,1,1,6,2,50,8,-1,-1,-1,-1,1,-1
201501CW11985,1,1,0,17,0,8,0,0,0,0,4,1,6,1,45,7,-1,-1,-1,-1,1,-1
201501CW11985,2,9,0,5,0,8,0,0,0,0,1,1,6,1,-1,-1,1242,1,1,-1,-1,-1
201501CW11988,1,1,0,18,0,2,0,0,0,0,3,1,6,1,27,6,-1,-1,-1,-1,1,-1
201501CW11988,2,9,0,2,0,2,0,0,0,0,4,1,6,1,-1,-1,-1,-1,-1,-1,-1,-1
201501CW11993,1,11,0,18,0,0,0,0,0,0,1,1,1,3,-1,-1,-1,-1,-1,-1,-1,-1
201501CW11994,1,9,0,9,0,8,0,0,0,0,0,1,6,1,-1,-1,-1,-1,-1,-1,-1,-1
201501CW11995,1,8,0,18,0,0,0,0,0,0,1,1,1,1,73,10,2402,2,11,-1,1,-1
201501CW12018,1,11,0,4,0,8,0,0,0,0,0,1,1,1,53,8,4500,2,-1,-1,1,-1
201501CW12018,2,8,0,11,0,8,0,0,0,0,0,1,1,1,-1,-1,-1,-1,-1,-1,-1,-1
201501CW12026,1,1,0,17,0,8,0,0,0,0,4,1,2,1,41,7,-1,-1,-1,-1,1,-1
201501CW12026,2,9,0,18,0,8,0,0,0,0,1,1,6,1,-1,-1,1339,8,5,-1,-1,-1
201501CW12027,1,19,0,18,0,8,0,0,0,0,1,1,6,1,33,6,2461,2,7,-1,1,-1
201501CW12027,2,9,0,3,0,8,0,0,0,0,2,1,6,1,34,6,1968,2,5,-1,1,-1
201501CW12028,1,11,0,17,0,8,0,0,0,0,0,1,1,1,45,7,4500,2,5,-1,1,-1
201501CW12041,1,19,0,10,0,8,0,0,0,0,1,1,1,1,58,9,2295,7,11,-1,1,-1
201501CW12041,2,9,0,18,0,8,0,0,0,0,1,1,6,1,-1,-1,1396,1,1,-1,-1,-1
201501CW19033,1,3,0,18,0,0,0,0,0,0,4,1,6,1,26,6,125,1,11,-1,1,-1
201501CW19033,2,9,0,12,0,0,0,0,0,0,3,1,6,1,-1,-1,1587,1,9,-1,-1,-1
201501CW19172,1,9,0,8,0,8,0,0,0,0,2,1,6,1,60,9,1800,1,16,-1,1,-1
201501CW19172,2,8,0,7,0,8,0,0,0,0,1,1,1,1,-1,-1,1997,2,4,-1,-1,-1
201501EK40001,1,1,0,14,0,8,0,0,0,0,1,1,1,1,28,6,-1,-1,-1,-1,-1,-1
201501EK40001,2,9,0,9,0,8,0,0,0,0,4,1,2,1,41,7,-1,-1,-1,-1,1,-1
201501EK40003,1,9,0,18,0,1,0,0,0,0,1,1,6,2,34,6,1229,1,6,-1,1,-1
201501EK40003,2,3,0,3,0,1,0,0,0,0,2,1,1,1,33,6,124,1,6,-1,-1,-1
201501EK40004,1,1,0,18,0,8,0,0,0,0,4,1,6,1,35,6,-1,-1,-1,-1,1,-1
201501EK40004,2,9,0,9,0,8,0,0,0,0,1,1,6,1,-1,-1,1968,2,2,-1,1,-1
201501EK40007,1,11,0,5,0,1,0,0,0,0,0,1,1,1,27,6,6692,2,4,-1,-1,-1
201501EK40008,1,4,0,18,2,0,0,0,0,0,4,1,6,1,33,6,865,1,1,-1,1,-1
201501EK40010,1,1,0,18,0,1,0,0,0,0,1,1,6,1,26,6,-1,-1,-1,-1,1,-1
201501EK40010,2,9,0,18,0,1,0,0,0,0,2,1,6,1,54,8,1598,1,3,-1,-1,-1
201501EK40011,1,1,0,18,0,8,0,0,0,0,4,1,6,1,48,8,-1,-1,-1,-1,1,-1
201501EK40011,2,9,0,9,0,8,0,0,0,0,0,1,6,3,-1,-1,-1,-1,-1,-1,-1,-1
201501EK40012,1,1,0,15,0,8,0,0,0,0,1,1,6,1,25,5,-1,-1,-1,-1,1,-1
201501EK40012,2,19,0,9,0,8,0,0,0,0,4,1,6,3,-1,-1,1753,2,7,-1,-1,-1
201501EK40015,1,11,0,4,0,1,0,0,0,0,1,1,1,1,54,8,9360,2,4,-1,1,-1
201501EK40015,2,19,0,4,0,1,0,0,0,0,2,1,1,1,38,7,2148,2,7,-1,1,-1
201501EK40017,1,3,0,14,0,1,0,0,0,0,3,1,2,1,33,6,124,1,11,-1,1,-1
201501EK40020,1,9,0,9,0,8,0,0,0,0,3,1,6,2,25,5,-1,-1,-1,-1,1,-1
201501EK40020,2,4,0,18,0,8,0,0,0,0,1,1,6,1,29,6,-1,-1,-1,-1,1,-1
201501EK40021,1,9,0,18,0,2,0,0,0,0,3,1,1,1,36,7,-1,-1,-1,-1,-1,-1
201501EK40023,1,9,0,5,0,1,0,0,0,0,3,1,6,1,48,8,1769,1,13,-1,1,-1
201501EK40024,1,9,0,9,0,8,0,0,0,0,4,1,6,1,44,7,1248,2,10,-1,1,-1
201501EK40024,2,1,0,18,0,8,0,0,0,0,1,1,6,1,19,4,-1,-1,-1,-1,1,-1
201501EK40026,1,9,0,9,0,8,0,0,0,0,3,1,6,1,32,6,1596,1,13,-1,1,-1
201501EK40026,2,4,0,18,0,1,1,0,0,0,1,1,6,1,29,6,125,1,6,-1,1,-1
201501EK40027,1,8,0,7,0,8,0,0,0,0,1,1,1,3,-1,-1,996,1,5,-1,-1,-1
201501EK40027,2,1,0,18,0,8,0,0,0,0,1,1,2,1,32,6,-1,-1,-1,-1,1,-1
201501EK40029,1,19,0,9,0,8,0,0,0,0,4,1,1,1,30,6,-1,-1,-1,-1,1,-1
201501EK40029,2,1,0,15,0,8,0,0,0,0,1,1,6,1,25,5,-1,-1,-1,-1,1,-1
201501EK40030,1,1,0,18,0,2,0,0,0,0,3,1,6,1,46,8,-1,-1,-1,-1,-1,-1
201501EK40030,2,9,0,13,0,2,0,0,0,0,4,1,6,1,-1,-1,-1,-1,-1,-1,-1,-1
201501EK40032,1,1,0,18,0,8,0,0,0,0,4,1,6,1,47,8,-1,-1,-1,-1,1,-1
201501EK40032,2,9,0,9,0,8,0,0,0,0,0,1,6,2,-1,-1,1242,1,10,-1,-1,-1
201501EK40033,1,9,0,18,0,8,0,0,0,0,1,1,6,3,-1,-1,-1,-1,-1,-1,-1,-1
201501EK40035,1,11,0,18,0,1,0,0,0,0,4,1,6,1,63,9,4760,2,2,-1,1,-1
201501EK40036,1,1,0,14,0,1,0,0,0,0,4,1,6,1,26,6,-1,-1,-1,-1,1,-1
201501EK40036,2,9,0,5,0,1,0,0,0,0,3,1,6,3,-1,-1,-1,-1,-1,-1,-1,-1
201501EK40037,1,9,0,7,0,8,0,0,0,0,4,1,1,1,36,7,1791,8,4,-1,1,-1
201501EK40037,2,1,0,5,0,8,0,0,0,0,3,1,6,1,-1,-1,-1,-1,-1,-1,1,-1
201501EK40038,1,11,0,5,0,2,0,0,0,0,0,1,6,1,51,8,4760,2,3,-1,1,-1
201501EK40039,1,4,0,14,0,2,0,0,0,0,1,1,6,3,-1,-1,-1,-1,-1,-1,-1,-1
201501EK40040,1,1,0,18,0,2,0,0,0,0,4,1,6,2,38,7,-1,-1,-1,-1,-1,-1
201501EK40040,2,19,0,5,0,2,0,0,0,0,1,1,6,1,-1,-1,2300,2,11,-1,-1,-1
201501EK40041,1,9,0,7,0,2,0,0,0,0,1,1,6,1,31,6,2987,2,6,-1,1,-1
201501EK40041,2,5,0,3,0,2,0,0,0,0,2,1,1,1,56,9,599,1,13,-1,1,-1
201501EK40043,1,3,0,15,2,0,0,0,0,0,1,1,1,1,38,7,125,1,7,-1,1,-1
201501EK40045,1,9,0,5,0,1,0,0,0,0,2,1,6,1,55,8,-1,-1,-1,-1,-1,-1
201501EK40045,2,9,0,5,0,1,0,0,0,0,1,1,6,3,-1,-1,2231,2,7,-1,-1,-1
201501EK40048,1,9,0,3,0,1,0,0,0,0,3,1,6,1,30,6,2979,1,13,-1,-1,-1
201501EK40048,2,9,0,5,0,1,0,0,0,0,4,1,6,1,-1,-1,1242,1,14,-1,-1,-1
201501EK40049,1,3,0,14,0,2,0,0,0,0,1,1,6,3,-1,-1,-1,-1,-1,-1,-1,-1
201501EK40050,1,19,0,18,0,1,0,0,0,0,2,1,1,1,51,8,2198,2,5,-1,1,-1
201501EK40050,2,19,0,18,0,1,0,0,0,0,1,1,1,1,46,8,2198,2,7,-1,1,-1
201501EK40051,1,8,0,18,0,1,0,0,0,0,1,1,1,1,49,8,2664,2,13,-1,1,-1
201501EK40052,1,9,0,13,0,8,0,0,0,0,0,1,6,3,-1,-1,-1,-1,-1,-1,-1,-1
201501EK40052,2,3,0,18,0,8,0,7,0,0,3,1,6,1,16,4,-1,-1,-1,-1,1,-1
201501EK40053,1,9,0,9,0,8,0,0,0,0,4,1,1,1,52,8,1794,1,7,-1,1,-1
201501EK40053,2,3,0,18,2,8,0,10,1,10,1,1,2,1,32,6,124,1,7,-1,1,-1
201501EK40054,1,5,0,18,0,0,0,8,0,0,1,1,6,1,28,6,660,1,7,-1,1,-1
201501EK40054,2,9,0,2,0,0,0,0,0,0,3,1,6,3,-1,-1,2793,1,16,-1,-1,-1
201501EK40056,1,9,0,2,0,1,0,0,0,0,3,1,6,1,44,7,1398,2,10,-1,1,-1
201501EK40056,2,1,0,18,0,1,0,8,0,0,1,1,6,1,31,6,-1,-1,-1,-1,1,-1
201501EK40058,1,9,0,18,0,2,0,0,0,0,2,1,1,1,41,7,1497,8,7,-1,-1,-1
201501EK40058,2,3,0,13,0,2,0,0,0,0,1,1,6,1,38,7,102,1,8,-1,1,-1
201501EK40059,1,11,0,18,0,1,0,0,0,0,0,1,1,1,38,7,4500,2,1,-1,1,-1
201501EK40062,1,3,0,18,0,1,0,10,4,0,3,1,2,1,31,6,125,1,1,-1,1,-1
201501EK40063,1,9,0,5,0,8,0,0,0,0,1,1,2,1,32,6,1798,1,5,-1,1,-1
201501EK40063,2,1,0,18,0,8,0,0,0,0,4,1,6,2,19,4,-1,-1,-1,-1,1,-1
201501EK40064,1,19,0,18,0,2,0,0,0,0,1,1,1,1,49,8,1248,2,2,-1,1,-1
201501EK40065,1,3,0,18,0,1,0,0,0,0,4,1,6,1,34,6,499,1,8,-1,1,-1
201501EK40065,2,9,0,12,0,1,0,0,0,0,3,1,6,3,-1,-1,-1,-1,-1,-1,-1,-1
201501EK40066,1,9,0,18,0,0,0,0,0,0,1,1,6,1,47,8,1797,8,4,-1,1,-1
201501EK40067,1,2,0,13,0,8,0,0,0,0,1,1,1,1,17,4,124,1,5,-1,1,-1
201501EK40067,2,9,0,9,0,8,0,0,0,0,3,1,6,1,39,7,1498,1,6,-1,1,-1
201501EK40068,1,9,0,18,0,8,0,0,0,0,3,1,3,2,30,6,1968,2,11,-1,1,-1
201501EK40068,2,2,0,15,0,8,0,0,0,0,4,1,6,1,55,8,124,1,3,-1,1,-1
201501EK40069,1,9,0,7,0,8,0,0,0,0,4,1,6,1,29,6,1995,1,6,-1,1,-1
201501EK40069,2,5,0,15,2,1,1,0,0,0,1,1,1,1,28,6,599,1,12,-1,-1,-1
201501EK40070,1,9,0,15,4,1,0,0,0,0,1,1,1,1,27,6,-1,-1,-1,-1,1,-1
201501EK40071,1,9,0,1,0,2,0,0,0,0,2,1,6,1,30,6,-1,-1,-1,-1,1,-1
201501EK40072,1,3,0,14,0,1,0,0,0,0,1,1,2,1,21,5,124,1,5,-1,1,-1
201501EK40072,2,9,0,9,0,1,0,0,0,0,3,1,2,1,51,8,1560,2,5,-1,1,-1
201501EK40073,1,19,0,5,0,1,0,0,0,0,1,1,1,1,61,9,6692,2,6,-1,1,-1
201501EK40073,2,9,0,3,0,1,0,0,0,0,2,1,6,2,27,6,1498,1,6,-1,-1,-1
201501EK40074,1,20,0,18,0,8,0,0,0,0,4,1,1,1,36,7,-1,-1,-1,-1,1,-1
201501EK40075,1,9,0,11,0,1,0,0,0,0,4,1,6,3,-1,-1,-1,-1,-1,-1,-1,-1
201501EK40075,2,1,0,18,0,1,0,0,0,0,1,1,6,1,25,5,-1,-1,-1,-1,1,-1
201501EK40076,1,11,0,5,0,0,0,0,0,0,0,1,1,2,44,7,6700,2,3,-1,1,-1
201501EK40077,1,9,0,18,0,1,0,0,0,0,1,1,1,1,59,9,1496,2,1,-1,1,-1
201501EK40079,1,3,0,18,0,1,1,4,0,0,1,1,6,1,21,5,125,1,2,-1,1,-1
201501EK40079,2,9,0,2,0,1,0,0,0,0,3,1,6,3,-1,-1,-1,-1,-1,-1,-1,-1
201501EK40080,1,9,0,5,0,1,0,0,0,0,1,1,6,1,32,6,-1,-1,-1,-1,1,-1
201501EK40080,2,9,0,13,0,1,0,0,0,0,2,1,6,3,-1,-1,-1,-1,-1,-1,-1,-1
201501EK40081,1,9,0,18,0,1,0,0,0,0,1,1,6,1,45,7,2987,2,4,-1,1,-1
201501EK40082,1,9,0,5,0,8,0,0,0,0,1,1,6,2,32,6,1598,1,14,-1,1,-1
201501EK40082,2,3,0,18,0,8,0,0,0,0,4,1,1,1,-1,-1,125,1,11,-1,-1,-1
201501EK40083,1,19,0,18,0,8,0,0,0,0,1,1,1,1,58,9,-1,-1,-1,-1,1,-1
201501EK40083,2,1,0,18,0,8,0,0,0,0,3,1,6,1,31,6,-1,-1,-1,-1,1,-1
201501EK40084,1,9,0,18,0,0,0,0,0,0,4,1,6,3,-1,-1,-1,-1,-1,-1,-1,-1
201501EK40085,1,3,0,13,0,0,0,0,0,0,1,1,6,1,26,6,125,1,6,-1,1,-1
201501EK40085,2,19,0,9,0,0,0,0,0,0,3,1,1,1,28,6,1995,2,1,-1,1,-1
201501EK40086,1,8,0,7,0,8,0,0,0,0,3,1,1,1,37,7,2143,2,3,-1,1,-1
201501EK40086,2,1,0,18,0,8,0,0,0,0,1,1,6,1,36,7,-1,-1,-1,-1,1,-1
201501EK40088,1,11,0,18,0,1,0,0,0,0,0,1,1,1,32,6,4461,2,2,-1,-1,-1