Accident_Index,Vehicle_Reference,Vehicle_Type,Towing_and_Articulation,Vehicle_Manoeuvre,Vehicle_Location-Restricted_Lane,Junction_Location,Skidding_and_Overturning,Hit_Object_in_Carriageway,Vehicle_Leaving_Carriageway,Hit_Object_off_Carriageway,1st_Point_of_Impact,Was_Vehicle_Left_Hand_Drive?,Journey_Purpose_of_Driver,Sex_of_Driver,Age_of_Driver,Age_Band_of_Driver,Engine_Capacity_(CC),Propulsion_Code,Age_of_Vehicle,Driver_IMD_Decile,Driver_Home_Area_Type,Vehicle_IMD_Decile
201501EK40091,1,9,0,9,0,8,0,0,0,0,1,1,2,1,43,7,-1,-1,-1,-1,1,-1
201501EK40092,1,9,0,5,0,8,0,0,0,0,1,1,6,1,74,10,1989,1,13,-1,1,-1
201501EK40093,1,9,0,18,0,1,0,0,0,0,1,1,2,1,29,6,2143,2,4,-1,1,-1
201501EK40093,2,19,0,18,0,1,0,0,0,0,2,1,1,1,39,7,2402,2,4,-1,-1,-1
201501EK40095,1,2,0,18,0,0,1,4,0,0,1,1,1,1,25,5,125,1,9,-1,1,-1
201501EK40095,2,9,0,2,0,0,0,0,0,0,3,1,6,2,27,6,-1,-1,-1,-1,2,-1
201501EK40096,1,1,0,18,0,0,0,0,0,0,2,1,2,2,35,6,-1,-1,-1,-1,1,-1
201501EK40096,2,9,0,11,0,0,0,0,0,0,1,1,6,1,-1,-1,-1,-1,-1,-1,-1,-1
201501EK40097,1,9,0,14,0,1,0,0,0,0,1,1,6,3,-1,-1,-1,-1,-1,-1,-1,-1
201501EK40098,1,20,0,1,0,8,0,0,0,0,1,1,1,1,35,6,4461,2,3,-1,-1,-1
201501EK40099,1,19,0,18,0,2,0,0,0,0,1,1,1,1,23,5,1753,2,4,-1,-1,-1
201501EK40099,2,8,0,18,0,2,0,0,0,0,2,1,1,1,35,6,-1,-1,-1,-1,1,-1
201501EK40100,1,9,0,18,0,0,1,10,1,10,4,1,1,1,19,4,1364,1,1,-1,1,-1
201501EK40101,1,9,0,2,2,0,0,0,0,0,2,1,6,1,-1,-1,-1,-1,-1,-1,1,-1
201501EK40101,2,1,0,18,0,0,0,0,0,0,1,1,6,2,52,8,-1,-1,-1,-1,1,-1
201501EK40103,1,9,0,1,5,1,0,0,0,0,4,1,1,1,58,9,2967,2,5,-1,1,-1
201501EK40105,1,1,0,18,0,8,0,0,0,0,4,1,6,1,35,6,-1,-1,-1,-1,1,-1
201501EK40107,1,8,0,5,0,8,0,0,0,0,3,1,6,3,-1,-1,-1,-1,-1,-1,-1,-1
201501EK40108,1,9,0,18,0,1,0,0,0,0,1,1,6,3,-1,-1,-1,-1,-1,-1,-1,-1
201501EK40109,1,4,0,18,0,1,1,0,0,0,4,1,1,1,31,6,599,1,11,-1,1,-1
201501EK40109,2,9,0,5,0,1,0,0,0,0,3,1,6,1,50,8,999,1,3,-1,1,-1
201501EK40111,1,8,0,3,0,1,0,0,0,0,3,1,6,1,55,8,1997,2,6,-1,1,-1
201501EK40111,2,19,0,14,0,1,0,0,0,0,4,1,6,3,-1,-1,1968,2,4,-1,-1,-1
201501EK40112,1,1,0,15,0,1,0,0,0,0,1,1,2,1,30,6,-1,-1,-1,-1,1,-1
201501EK40113,1,9,0,3,0,1,0,0,0,0,4,1,6,1,32,6,1798,8,1,-1,1,-1
201501EK40113,2,3,0,18,0,1,0,0,0,0,3,1,1,1,24,5,125,1,-1,-1,1,-1
201501EK40114,1,9,0,18,0,1,0,0,0,0,1,1,6,3,-1,-1,-1,-1,-1,-1,-1,-1
201501EK40115,1,9,0,5,0,8,0,0,0,0,3,1,6,2,39,7,1368,1,5,-1,1,-1
201501EK40115,2,9,0,5,0,8,0,0,0,0,4,1,6,2,22,5,-1,-1,-1,-1,1,-1
201501EK40116,1,9,0,18,0,0,0,0,0,0,1,1,6,1,32,6,2987,2,4,-1,1,-1
201501EK40117,1,8,0,18,0,1,0,0,0,0,1,1,1,1,52,8,1796,1,7,-1,1,-1
201501EK40118,1,1,0,14,0,1,0,0,0,0,1,1,6,1,30,6,-1,-1,-1,-1,1,-1
201501EK40119,1,8,0,7,0,2,0,0,0,0,1,1,6,1,-1,-1,-1,-1,-1,-1,-1,-1
201501EK40120,1,19,0,1,0,2,0,0,0,0,2,1,1,1,43,7,2402,2,4,-1,1,-1
201501EK40121,1,8,0,7,0,8,0,0,0,0,1,1,1,1,30,6,1797,8,1,-1,1,-1
201501EK40121,2,1,0,18,4,8,0,0,0,0,4,1,6,2,54,8,-1,-1,-1,-1,1,-1
201501EK40123,1,11,0,4,2,2,0,0,0,0,0,1,1,1,52,8,6700,2,3,-1,1,-1
201501EK40125,1,3,0,9,0,8,0,0,0,0,3,1,6,1,21,5,125,1,8,-1,1,-1
201501EK40126,1,9,0,5,0,0,0,0,0,0,3,1,6,1,21,5,1461,2,1,-1,1,-1
201501EK40126,2,3,0,13,0,0,0,0,0,0,4,1,6,1,26,6,-1,-1,-1,-1,3,-1
201501EK40127,1,3,0,18,5,1,0,0,0,0,1,1,6,3,-1,-1,-1,-1,-1,-1,-1,-1
201501EK40129,1,4,0,18,0,0,0,0,0,0,3,1,2,1,44,7,244,1,7,-1,1,-1
201501EK40129,2,9,0,5,0,0,0,0,0,0,1,1,6,1,25,5,1560,2,10,-1,1,-1
201501EK40130,1,11,0,18,2,1,0,0,0,0,0,1,1,1,59,9,6700,2,4,-1,1,-1
201501EK40131,1,8,0,18,0,8,0,0,0,0,1,1,1,1,56,9,2499,2,1,-1,1,-1
201501EK40131,2,9,0,18,0,8,0,0,0,0,1,1,6,1,52,8,-1,-1,-1,-1,1,-1
201501EK40132,1,5,0,18,0,1,0,0,0,0,3,1,2,1,32,6,649,1,1,-1,1,-1
201501EK40132,2,9,0,18,0,1,0,0,0,0,2,1,6,2,41,7,1198,1,11,-1,1,-1
201501EK40133,1,3,0,18,0,8,0,0,0,0,1,1,6,1,31,6,-1,-1,-1,-1,1,-1
201501EK40133,2,9,0,3,0,1,0,0,0,0,1,1,1,1,46,8,1798,8,2,-1,-1,-1
201501EK40133,3,9,0,9,0,8,0,0,0,0,3,1,1,1,46,8,1896,2,8,-1,-1,-1
201501EK40134,1,9,0,3,0,0,0,0,0,0,4,1,6,1,47,8,1968,2,6,-1,1,-1
201501EK40134,2,9,0,12,0,0,0,0,0,0,3,1,6,3,-1,-1,1998,2,5,-1,-1,-1
201501EK40135,1,21,0,18,0,8,0,0,0,0,2,1,1,1,27,6,10837,2,1,-1,1,-1
201501EK40135,2,11,0,18,0,8,0,0,0,0,1,1,1,1,41,7,4500,2,6,-1,1,-1
201501EK40136,1,9,0,14,0,1,0,0,0,0,4,1,6,2,70,10,-1,-1,-1,-1,1,-1
201501EK40136,2,11,0,3,0,2,0,0,0,0,3,1,1,1,48,8,-1,-1,-1,-1,1,-1
201501EK40136,3,9,0,3,0,1,0,0,0,0,3,1,1,1,47,8,-1,-1,-1,-1,1,-1
201501EK40137,1,3,0,7,0,0,0,0,0,0,4,1,1,1,28,6,-1,-1,-1,-1,1,-1
201501EK40137,2,1,0,15,0,0,0,0,0,0,1,1,2,1,29,6,-1,-1,-1,-1,-1,-1
201501EK40138,1,9,0,9,0,8,0,0,0,0,3,1,6,1,37,7,1984,1,14,-1,1,-1
201501EK40138,2,4,0,18,0,8,0,0,0,0,1,1,6,1,34,6,-1,-1,-1,-1,1,-1
201501EK40139,1,8,0,18,0,8,0,0,0,0,3,1,6,3,-1,-1,-1,-1,-1,-1,-1,-1
201501EK40141,1,9,0,18,0,8,0,7,1,10,3,1,2,1,60,9,-1,-1,-1,-1,1,-1
201501EK40141,2,21,0,11,0,8,0,0,0,0,4,1,1,1,30,6,-1,-1,-1,-1,1,-1
201501EK40143,1,9,0,9,0,2,0,0,0,0,2,1,6,1,19,4,1598,1,1,-1,-1,-1
201501EK40143,2,8,0,9,0,2,0,0,0,0,1,1,1,1,34,6,1796,1,5,-1,1,-1
201501EK40146,1,9,0,5,0,8,0,0,0,0,3,1,6,1,46,8,1896,2,6,-1,1,-1
201501EK40147,1,9,0,18,0,2,0,0,0,0,1,1,6,3,-1,-1,1997,2,1,-1,-1,-1
201501EK40148,1,9,0,5,0,8,0,0,0,0,4,1,1,1,55,8,3600,1,13,-1,1,-1
201501EK40148,2,9,0,5,0,8,0,0,1,1,1,1,6,1,28,6,-1,-1,-1,-1,1,-1
201501EK40149,1,1,0,18,0,8,0,0,0,0,1,1,6,1,23,5,-1,-1,-1,-1,1,-1
201501EK40149,2,19,0,9,0,8,0,0,0,0,4,1,1,1,35,6,-1,-1,-1,-1,1,-1
201501EK40150,1,9,0,18,0,1,0,0,0,0,3,1,6,3,-1,-1,1986,2,7,-1,-1,-1
201501EK40152,1,9,0,18,0,8,0,0,0,0,1,1,3,1,65,9,1497,8,7,-1,1,-1
201501EK40152,2,9,0,9,0,8,0,0,0,0,4,1,2,2,41,7,-1,-1,-1,-1,1,-1
201501EK40153,1,9,0,3,0,1,0,0,0,0,4,1,1,1,41,7,1461,2,5,-1,1,-1
201501EK40153,2,3,0,15,0,1,0,0,0,0,1,1,6,1,33,6,124,1,1,-1,1,-1
201501EK40154,1,9,0,5,0,1,0,0,0,0,1,1,6,1,53,8,2720,2,10,-1,1,-1
201501EK40155,1,5,0,18,0,8,0,0,0,0,4,1,1,1,32,6,1078,1,8,-1,-1,-1
201501EK40155,2,9,0,9,0,8,0,0,0,0,3,1,3,3,-1,-1,1360,1,6,-1,-1,-1
201501EK40156,1,9,0,18,0,0,0,0,0,0,1,1,6,3,-1,-1,-1,-1,-1,-1,-1,-1
201501EK40157,1,3,0,18,0,0,0,0,0,0,1,1,6,1,25,5,125,1,3,-1,1,-1
201501EK40157,2,8,0,12,0,0,0,0,0,0,2,1,6,3,-1,-1,-1,-1,-1,-1,-1,-1
201501EK40159,1,9,0,9,0,1,0,0,0,0,3,1,1,1,41,7,-1,-1,-1,-1,1,-1
201501EK40159,2,9,0,18,0,1,1,4,0,0,1,1,6,3,-1,-1,1968,2,4,-1,-1,-1
201501EK40159,3,19,0,2,6,2,0,0,0,0,1,1,6,3,-1,-1,2148,2,8,-1,-1,-1
201501EK40159,4,9,0,2,6,2,0,0,0,0,1,1,6,1,48,8,-1,-1,-1,-1,1,-1
201501EK40163,1,8,0,5,0,0,0,0,0,0,1,1,1,1,37,7,1598,1,5,-1,1,-1
201501EK40164,1,5,0,3,0,1,0,0,0,0,2,1,6,1,41,7,680,1,4,-1,1,-1
201501EK40164,2,9,0,18,0,1,0,0,0,0,1,1,6,1,-1,-1,1991,2,10,-1,1,-1
201501EK40165,1,1,0,18,0,8,0,0,0,0,1,1,6,1,39,7,-1,-1,-1,-1,1,-1
201501EK40165,2,19,0,9,0,8,0,0,0,0,4,1,6,1,-1,-1,2143,2,1,-1,-1,-1
201501EK40166,1,9,0,18,0,2,0,0,0,0,3,1,6,1,36,7,1598,1,4,-1,1,-1
201501EK40166,2,9,0,11,0,2,0,0,0,0,4,1,6,2,35,6,1998,1,14,-1,1,-1
201501EK40168,1,9,0,18,0,0,0,0,0,0,1,1,6,3,-1,-1,-1,-1,-1,-1,-1,-1
201501EK40169,1,9,0,1,0,0,0,4,0,0,2,1,6,1,76,11,2198,1,11,-1,1,-1
201501EK40169,2,9,0,2,0,0,0,0,0,0,1,1,6,1,-1,-1,1995,2,5,-1,1,-1
201501EK40169,3,20,0,2,0,0,0,0,0,0,1,1,1,1,58,9,-1,-1,-1,-1,1,-1
201501EK40169,4,9,0,2,0,0,0,0,0,0,2,1,6,1,-1,-1,2499,2,16,-1,1,-1
201501EK40171,1,9,0,9,0,8,0,0,0,0,1,1,6,1,43,7,1329,1,2,-1,1,-1
201501EK40171,2,3,0,18,0,8,0,0,0,0,1,1,6,1,-1,-1,125,1,9,-1,-1,-1
201501EK40172,1,19,0,2,0,1,0,0,0,0,3,1,1,1,46,8,2494,2,8,-1,1,-1
201501EK40172,2,1,0,18,0,1,0,0,0,0,1,1,6,1,32,6,-1,-1,-1,-1,1,-1
201501EK40173,1,11,0,18,0,8,0,0,0,0,0,1,1,1,46,8,-1,-1,-1,-1,1,-1
201501EK40173,2,9,0,18,0,8,0,0,0,0,0,1,6,3,-1,-1,1198,1,9,-1,-1,-1
201501EK40175,1,9,0,3,0,8,0,0,0,0,4,1,6,1,28,6,1984,1,2,-1,1,-1
201501EK40175,2,3,0,18,0,8,0,0,0,0,1,1,6,1,40,7,-1,-1,-1,-1,-1,-1
201501EK40176,1,9,0,9,0,2,0,0,0,0,1,1,6,3,-1,-1,-1,-1,-1,-1,-1,-1
201501EK40177,1,5,0,14,0,0,0,0,0,0,1,1,6,1,46,8,279,1,3,-1,-1,-1
201501EK40178,1,9,0,18,0,8,0,0,0,0,3,1,6,1,47,8,-1,-1,-1,-1,1,-1
201501EK40178,2,9,0,9,0,8,0,0,0,0,3,1,6,1,41,7,1796,1,9,-1,1,-1
201501EK40179,1,9,0,18,0,1,0,0,0,0,1,1,6,3,-1,-1,1397,1,14,-1,-1,-1
201501EK40179,2,9,0,3,0,1,0,0,0,0,2,1,6,2,23,5,1397,1,14,-1,1,-1
201501EK40179,3,9,0,3,0,1,0,0,0,0,2,1,1,1,52,8,1956,2,6,-1,-1,-1
201501EK40180,1,11,0,9,0,2,0,0,0,0,2,1,1,1,46,8,4461,2,2,-1,1,-1
201501EK40180,2,1,0,18,0,2,0,0,0,0,1,1,6,1,33,6,-1,-1,-1,-1,1,-1
201501EK40181,1,9,0,9,0,8,0,0,0,0,3,1,1,2,73,10,-1,-1,-1,-1,1,-1
201501EK40181,2,4,0,9,0,8,0,0,0,0,3,1,1,1,28,6,124,1,5,-1,1,-1
201501EK40183,1,9,0,4,0,1,0,0,0,0,2,1,6,1,52,8,-1,-1,-1,-1,1,-1
201501EK40183,2,9,0,18,0,1,0,0,0,0,1,1,6,3,-1,-1,-1,-1,-1,-1,-1,-1
201501EK40184,1,11,0,9,0,8,0,0,0,0,0,1,1,1,39,7,-1,-1,-1,-1,-1,-1
201501EK40185,1,1,0,15,0,2,0,8,0,0,1,1,2,1,61,9,-1,-1,-1,-1,1,-1
201501EK40185,2,9,0,3,0,2,0,0,0,0,4,1,6,3,-1,-1,1968,2,7,-1,-1,-1
201501EK40186,1,8,0,7,0,8,0,0,0,0,3,1,1,1,27,6,1797,8,6,-1,1,-1
201501EK40186,2,1,0,18,0,8,0,0,0,0,1,1,2,2,30,6,-1,-1,-1,-1,1,-1
201501EK40187,1,19,0,7,0,0,0,0,0,0,4,1,1,1,21,5,2287,2,1,-1,1,-1
201501EK40187,2,1,0,17,0,0,0,0,0,0,1,1,6,2,38,7,-1,-1,-1,-1,1,-1
201501EK40189,1,1,0,18,0,8,0,0,0,0,3,1,2,1,45,7,-1,-1,-1,-1,1,-1
201501EK40189,2,9,0,7,0,8,0,0,0,0,4,1,6,3,-1,-1,-1,-1,-1,-1,-1,-1
201501EK40190,1,9,0,18,0,1,0,0,0,0,1,1,6,2,33,6,1598,1,14,-1,1,-1
201501EK40191,1,11,0,18,0,1,0,0,0,0,0,1,1,1,31,6,6700,2,4,-1,1,-1
201501EK40193,1,9,0,2,0,0,0,0,0,0,2,1,6,1,45,7,1968,2,7,-1,1,-1
201501EK40193,2,9,0,18,0,0,0,0,0,0,1,1,6,3,-1,-1,1598,1,13,-1,-1,-1
201501EK40195,1,9,0,9,0,8,0,0,0,0,1,1,1,1,-1,-1,1598,1,8,-1,1,-1
201501EK40195,2,1,0,18,0,8,0,0,0,0,3,1,1,1,52,8,-1,-1,-1,-1,1,-1
201501EK40196,1,9,0,3,0,1,0,0,0,0,2,1,1,1,42,7,-1,-1,-1,-1,1,-1
201501EK40196,2,9,0,4,0,1,0,0,0,0,1,1,6,1,55,8,3199,1,11,-1,1,-1
201501EK40197,1,9,0,7,0,8,0,0,0,0,4,1,6,2,42,7,1968,2,11,-1,1,-1
201501EK40197,2,1,0,18,0,8,0,0,0,0,3,1,6,2,49,8,-1,-1,-1,-1,1,-1
201501EK40199,1,9,0,2,0,0,0,0,0,0,2,1,6,1,34,6,2143,12,2,-1,1,-1
201501EK40199,2,9,0,18,0,0,0,4,0,0,1,1,6,2,-1,-1,4398,1,12,-1,-1,-1
201501EK40200,1,3,0,16,0,0,0,0,0,0,1,1,1,1,40,7,102,1,8,-1,1,-1
201501EK40200,2,9,0,17,0,0,0,0,0,0,1,1,6,1,50,8,1896,2,11,-1,1,-1
201501EK40201,1,9,0,18,0,2,0,0,0,0,1,1,6,1,63,9,3200,1,11,-1,1,-1
201501EK40202,1,5,0,18,0,0,0,0,0,0,1,1,6,1,26,6,-1,-1,-1,-1,-1,-1
201501EK40204,1,9,0,2,0,0,0,0,0,0,3,1,6,2,45,7,998,1,5,-1,1,-1
201501EK40204,2,1,0,18,0,0,0,8,0,0,4,1,6,2,33,6,-1,-1,-1,-1,1,-1
201501EK40204,3,1,0,18,0,0,0,8,0,0,1,1,6,1,30,6,-1,-1,-1,-1,1,-1
201501EK40205,1,8,0,18,0,1,0,0,0,0,1,1,1,1,-1,-1,2499,2,8,-1,1,-1
201501EK40208,1,9,0,9,0,8,0,0,0,0,4,1,6,1,67,10,1390,1,7,-1,1,-1
201501EK40208,2,3,0,18,0,8,0,0,0,0,1,1,1,1,21,5,125,1,8,-1,1,-1
201501EK40210,1,9,0,18,0,8,0,0,0,0,1,1,6,1,71,10,1590,1,18,-1,1,-1
201501EK40210,2,9,0,18,0,8,0,0,0,0,3,1,6,1,33,6,1248,1,3,-1,-1,-1
201501EK40211,1,19,0,9,0,2,0,0,0,0,3,1,1,1,53,8,-1,-1,-1,-1,1,-1
201501EK40211,2,3,0,13,0,2,0,0,0,0,1,1,6,1,21,5,124,1,5,-1,1,-1
201501EK40212,1,2,0,18,0,1,0,0,0,0,4,1,1,1,18,4,108,1,5,-1,1,-1
201501EK40212,2,9,0,12,0,1,0,0,0,0,3,1,6,3,-1,-1,2000,2,9,-1,-1,-1
201501EK40213,1,8,0,9,0,2,0,0,0,0,2,1,6,1,29,6,1797,8,6,-1,1,-1
201501EK40213,2,8,0,9,0,2,0,0,0,0,1,1,6,3,-1,-1,-1,-1,-1,-1,-1,-1
201501EK40215,1,9,0,18,0,1,0,0,0,0,1,1,6,3,-1,-1,-1,-1,-1,-1,-1,-1
201501EK40216,1,1,0,18,0,1,0,0,0,0,3,1,6,1,53,8,-1,-1,-1,-1,1,-1
201501EK40216,2,1,0,13,0,1,0,0,0,0,4,1,6,1,25,5,-1,-1,-1,-1,1,-1
201501EK40217,1,9,0,4,0,2,0,0,0,0,2,1,6,2,40,7,1364,1,1,-1,1,-1
201501EK40217,2,9,0,18,0,2,0,0,0,0,1,1,6,2,67,10,4966,1,13,-1,1,-1
201501EK40218,1,9,0,18,0,1,0,0,0,0,1,1,6,2,17,4,875,1,4,-1,1,-1
201501EK40219,1,3,0,14,2,0,0,0,0,0,1,1,6,1,20,4,125,1,6,-1,1,-1
201501EK40219,2,11,0,18,2,0,0,0,0,0,2,1,1,1,60,9,4760,2,1,-1,1,-1
201501EK40220,1,3,0,14,0,1,0,0,0,0,1,1,1,1,20,4,125,1,4,-1,1,-1
201501EK40220,2,9,0,6,0,1,0,0,0,0,3,1,6,3,-1,-1,1390,1,6,-1,-1,-1
201501EK40222,1,1,0,3,0,1,0,0,0,0,1,1,6,1,33,6,-1,-1,-1,-1,1,-1
201501EK40222,2,9,0,9,0,8,0,0,0,0,3,1,6,1,-1,-1,1956,2,2,-1,1,-1
201501EK40223,1,9,0,9,0,8,0,0,0,0,4,1,1,1,77,11,1332,1,4,-1,1,-1
201501EK40223,2,2,0,15,2,8,0,0,0,0,1,1,1,1,39,7,279,1,6,-1,-1,-1
201501EK40224,1,9,0,3,0,1,0,0,0,0,2,1,1,1,24,5,-1,-1,-1,-1,1,-1
201501EK40224,2,9,0,18,0,1,0,0,0,0,1,1,6,1,37,7,1896,2,13,-1,1,-1
201501EK40225,1,9,0,9,0,8,0,0,0,0,3,1,1,1,43,7,-1,-1,-1,-1,1,-1
201501EK40225,2,3,0,13,0,8,0,0,0,0,4,1,2,1,25,5,125,1,-1,-1,1,-1
201501EK40227,1,8,0,18,0,8,0,0,0,0,3,1,1,1,42,7,2402,2,11,-1,1,-1
201501EK40227,2,9,0,18,0,8,0,0,0,0,1,1,6,1,21,5,2480,1,5,-1,1,-1
201501EK40228,1,9,0,9,0,8,0,0,0,0,4,1,1,1,32,6,1798,8,1,-1,1,-1
201501EK40228,2,1,0,18,0,8,0,0,0,0,1,1,2,1,31,6,-1,-1,-1,-1,1,-1
201501EK40229,1,9,0,5,0,1,0,0,0,0,1,1,6,3,-1,-1,1799,1,7,-1,-1,-1
201501EK40233,1,9,0,1,0,0,0,0,0,0,2,1,2,2,26,6,1149,1,3,-1,1,-1
201501EK40234,1,5,0,18,0,1,0,0,0,0,1,1,6,1,41,7,-1,-1,-1,-1,3,-1
201501EK40235,1,9,0,11,0,1,0,0,0,0,4,1,6,1,28,6,1590,1,13,-1,1,-1
201501EK40235,2,1,0,18,0,1,0,0,0,0,3,1,6,2,24,5,-1,-1,-1,-1,1,-1
201501EK40237,1,1,0,18,0,1,0,10,0,0,4,1,2,1,27,6,-1,-1,-1,-1,1,-1
201501EK40237,2,11,0,18,0,1,0,0,0,0,3,1,6,3,-1,-1,-1,-1,-1,-1,-1,-1
201501EK40238,1,9,0,9,0,2,0,0,0,0,3,1,6,1,52,8,1598,2,1,-1,1,-1
201501EK40238,2,9,0,18,0,1,0,0,0,0,1,1,6,1,39,7,278,1,1,-1,1,-1
201501EK40239,1,9,0,18,0,8,0,0,0,0,1,1,6,2,29,6,-1,-1,-1,-1,1,-1
201501EK40239,2,8,0,18,0,8,0,10,1,2,3,1,1,1,45,7,-1,-1,-1,-1,1,-1
201501EK40240,1,9,0,3,0,2,0,0,0,0,2,1,6,2,21,5,1398,2,2,-1,1,-1
201501EK40240,2,9,0,18,0,2,0,0,0,0,1,1,2,1,42,7,1956,2,4,-1,1,-1
201501EK40241,1,8,0,9,0,8,0,0,0,0,1,1,1,1,44,7,2143,2,2,-1,-1,-1
201501EK40242,1,11,0,4,0,1,0,0,0,0,4,1,1,1,39,7,7300,2,12,-1,1,-1
201501EK40243,1,9,0,18,0,8,0,0,0,0,1,1,6,1,22,5,1796,1,9,-1,1,-1
201501EK40243,2,9,0,9,0,8,0,0,0,0,4,2,6,1,54,8,1753,2,13,-1,-1,-1
201501EK40244,1,9,0,3,0,8,0,0,0,0,3,1,6,1,26,6,1998,2,8,-1,1,-1
201501EK40244,2,1,0,18,0,8,1,0,0,0,1,1,6,1,67,10,-1,-1,-1,-1,1,-1
201501EK40245,1,9,0,18,0,8,0,0,0,0,1,1,6,1,19,4,998,1,5,-1,-1,-1
201501EK40245,2,4,0,18,0,8,0,0,0,0,4,1,1,1,21,5,471,1,1,-1,1,-1
201501EK40246,1,9,0,18,0,1,0,8,0,0,1,1,6,1,27,6,1910,2,7,-1,1,-1
201501EK40246,2,9,0,2,0,1,0,0,0,0,3,1,6,3,-1,-1,1985,1,14,-1,-1,-1
201501EK40247,1,9,0,5,0,1,0,0,0,0,2,1,6,2,56,9,1799,1,16,-1,1,-1
201501EK40247,2,8,0,5,0,1,0,0,0,0,1,1,6,1,42,7,2993,2,5,-1,1,-1
201501EK40248,1,9,0,18,0,8,0,0,0,0,4,1,6,2,76,11,-1,-1,-1,-1,1,-1
201501EK40248,2,9,0,18,0,8,0,0,0,0,1,1,6,1,-1,-1,1997,2,4,-1,-1,-1
201501EK40249,1,11,0,5,2,2,0,0,0,0,0,1,1,1,30,6,-1,-1,-1,-1,1,-1
201501EK40250,1,1,0,18,0,0,0,8,0,0,1,1,6,1,32,6,-1,-1,-1,-1,1,-1
201501EK40250,2,9,0,2,0,0,0,0,0,0,3,1,6,3,-1,-1,-1,-1,-1,-1,-1,-1
201501EK40251,1,5,0,18,0,8,0,0,0,0,1,1,6,1,-1,-1,-1,-1,-1,-1,1,-1
201501EK40252,1,9,0,18,0,8,0,0,0,0,3,1,6,2,33,6,1598,1,6,-1,1,-1
201501EK40252,2,9,0,9,0,8,0,0,0,0,1,1,6,3,-1,-1,-1,-1,-1,-1,-1,-1
201501EK40253,1,11,0,5,2,2,0,0,0,0,0,1,1,1,54,8,6700,2,3,-1,1,-1
201501EK40253,2,1,0,13,0,2,0,0,0,0,3,1,6,1,32,6,-1,-1,-1,-1,1,-1
201501EK40254,1,1,0,18,0,1,0,0,0,0,1,1,6,3,-1,-1,-1,-1,-1,-1,-1,-1
201501EK40255,1,8,0,18,0,1,0,0,0,0,4,1,1,1,64,9,2499,2,7,-1,1,-1
201501EK40256,1,11,0,18,0,1,0,0,0,0,0,1,1,1,31,6,7300,2,11,-1,1,-1
201501EK40257,1,9,0,8,0,1,0,0,0,0,2,1,6,1,50,8,1598,1,14,-1,1,-1
201501EK40257,2,9,0,18,0,1,0,0,0,0,1,1,6,2,-1,-1,1368,1,3,-1,-1,-1
201501EK40258,1,3,0,13,0,8,0,0,0,0,1,1,6,1,53,8,125,1,8,-1,1,-1
201501EK40258,2,9,0,9,0,8,0,0,0,0,3,1,6,1,43,7,1968,2,3,-1,1,-1
201501EK40259,1,5,0,18,2,8,0,0,0,0,1,1,6,1,38,7,-1,-1,-1,-1,-1,-1
201501EK40259,2,9,0,9,0,8,0,0,0,0,4,1,6,2,-1,-1,1388,1,15,-1,1,-1
201501EK40261,1,9,0,5,0,8,0,0,0,0,3,1,6,2,35,6,-1,-1,-1,-1,1,-1
201501EK40261,2,9,0,5,0,8,0,0,0,0,1,1,6,1,19,4,1299,1,15,-1,1,-1
201501EK40262,1,3,0,14,0,0,0,0,0,0,4,1,2,1,69,10,124,1,1,-1,1,-1
201501EK40262,2,9,0,18,0,0,0,0,0,0,3,1,1,1,53,8,-1,-1,-1,-1,1,-1
201501EK40263,1,11,0,18,0,1,0,0,0,0,1,1,1,1,50,8,4760,2,2,-1,1,-1
201501EK40263,2,1,0,7,0,8,0,0,0,0,2,1,6,1,40,7,-1,-1,-1,-1,1,-1
201501EK40265,1,19,0,9,0,5,0,0,0,0,3,1,1,1,33,6,-1,-1,-1,-1,1,-1
201501EK40265,2,1,0,13,0,1,0,0,0,0,4,1,6,1,69,10,-1,-1,-1,-1,1,-1
201501EK40268,1,9,0,18,0,1,0,0,0,0,1,1,6,2,21,5,998,1,5,-1,1,-1
201501EK40269,1,19,0,2,0,0,0,0,0,0,3,1,1,1,47,8,1398,2,7,-1,-1,-1
201501EK40269,2,1,0,18,0,0,0,8,0,0,1,1,6,1,46,8,-1,-1,-1,-1,-1,-1
201501EK40270,1,9,0,6,0,2,0,0,0,0,3,1,6,1,48,8,1995,2,1,-1,1,-1
201501EK40270,2,5,0,13,0,2,0,0,0,0,1,1,6,1,24,5,600,1,2,-1,1,-1
201501EK40272,1,3,0,18,0,2,0,0,0,0,3,1,1,1,30,6,108,1,3,-1,1,-1
201501EK40272,2,9,0,5,0,1,0,0,0,0,3,1,6,2,27,6,-1,-1,-1,-1,1,-1
201501EK40273,1,1,0,18,9,1,0,0,0,0,1,1,6,3,-1,-1,-1,-1,-1,-1,-1,-1
201501EK40274,1,3,0,16,0,0,0,0,0,0,4,1,6,1,20,4,124,1,15,-1,1,-1
201501EK40274,2,19,0,17,0,0,0,0,0,0,1,1,6,1,-1,-1,1598,2,-1,-1,1,-1
201501EK40275,1,9,0,18,0,1,0,0,0,0,4,1,6,3,-1,-1,-1,-1,-1,-1,-1,-1
201501EK40276,1,1,0,18,0,0,0,0,0,0,4,1,6,1,53,8,-1,-1,-1,-1,1,-1
201501EK40276,2,9,0,18,0,0,0,0,0,0,3,1,6,3,-1,-1,-1,-1,-1,-1,-1,-1
201501EK40277,1,9,0,4,0,0,0,0,0,0,2,1,6,2,51,8,1995,1,6,-1,1,-1
201501EK40277,2,3,0,13,0,0,0,0,0,0,1,1,6,1,44,7,-1,-1,-1,-1,1,-1
201501EK40277,3,9,0,2,0,0,0,0,0,0,2,1,6,1,23,5,1598,2,1,-1,1,-1
201501EK40279,1,9,0,4,0,1,0,0,0,0,1,1,6,1,57,9,1968,2,2,-1,1,-1
201501EK40279,2,8,0,3,0,1,0,0,0,0,2,1,1,1,-1,-1,2143,2,2,-1,1,-1
201501EK40281,1,11,0,4,0,1,0,0,0,0,0,1,6,1,38,7,4461,2,2,-1,1,-1