Accident_Index,Vehicle_Reference,Vehicle_Type,Towing_and_Articulation,Vehicle_Manoeuvre,Vehicle_Location-Restricted_Lane,Junction_Location,Skidding_and_Overturning,Hit_Object_in_Carriageway,Vehicle_Leaving_Carriageway,Hit_Object_off_Carriageway,1st_Point_of_Impact,Was_Vehicle_Left_Hand_Drive?,Journey_Purpose_of_Driver,Sex_of_Driver,Age_of_Driver,Age_Band_of_Driver,Engine_Capacity_(CC),Propulsion_Code,Age_of_Vehicle,Driver_IMD_Decile,Driver_Home_Area_Type,Vehicle_IMD_Decile
201501EK40282,1,1,0,18,0,1,0,8,0,0,1,1,6,1,38,7,-1,-1,-1,-1,1,-1
201501EK40282,2,9,0,2,0,1,0,0,0,0,3,1,6,1,-1,-1,-1,-1,-1,-1,-1,-1
201501EK40283,1,9,0,2,0,0,0,0,0,0,3,1,1,1,64,9,1086,1,7,-1,1,-1
201501EK40283,2,1,0,18,0,0,0,8,0,0,1,1,1,1,-1,-1,-1,-1,-1,-1,-1,-1
201501EK40284,1,9,0,3,0,1,0,0,0,0,2,1,6,2,50,8,1598,1,2,-1,1,-1
201501EK40284,2,9,0,18,0,1,0,0,0,0,1,1,6,3,-1,-1,-1,-1,-1,-1,-1,-1
201501EK40285,1,9,0,9,0,8,0,0,0,0,4,1,1,1,34,6,2198,1,12,-1,1,-1
201501EK40285,2,5,0,15,2,8,0,0,0,0,1,1,2,1,42,7,847,1,2,-1,1,-1
201501EK40286,1,9,0,18,0,2,0,0,0,0,1,1,1,1,31,6,-1,-1,-1,-1,1,-1
201501EK40287,1,5,0,9,0,2,0,0,0,0,1,1,6,1,34,6,1170,1,8,-1,1,-1
201501EK40288,1,9,0,2,0,1,0,0,0,0,3,1,6,2,28,6,-1,-1,-1,-1,-1,-1
201501EK40288,2,9,0,18,0,1,0,0,0,0,1,1,6,3,-1,-1,1968,2,8,-1,-1,-1
201501EK40289,1,20,0,5,0,1,0,0,0,0,4,1,1,1,54,8,-1,-1,-1,-1,1,-1
201501EK40289,2,9,0,12,0,1,0,0,0,0,4,1,6,1,-1,-1,1797,8,4,-1,-1,-1
201501EK40290,1,21,0,1,2,8,0,0,1,5,2,1,1,1,45,7,-1,-1,-1,-1,-1,-1
201501EK40291,1,19,0,5,0,0,0,0,0,0,1,1,6,1,-1,-1,-1,-1,-1,-1,-1,-1
201501EK40293,1,3,0,18,0,0,0,0,0,0,1,1,6,1,-1,-1,-1,-1,-1,-1,-1,-1
201501EK40295,1,9,0,9,0,1,0,0,0,0,0,1,6,1,40,7,1995,2,4,-1,1,-1
201501EK40295,2,1,0,15,0,1,0,0,0,0,4,1,6,1,26,6,-1,-1,-1,-1,1,-1
201501EK40296,1,9,0,9,0,8,0,0,0,0,4,1,6,1,27,6,1798,8,-1,-1,-1,-1
201501EK40296,2,1,0,18,0,8,0,0,0,0,1,1,1,2,39,7,-1,-1,-1,-1,1,-1
201501EK40299,1,11,0,18,2,2,0,0,0,0,1,1,1,1,31,6,9360,2,3,-1,1,-1
201501EK40300,1,1,0,14,0,1,0,0,0,0,3,1,6,1,26,6,-1,-1,-1,-1,1,-1
201501EK40300,2,9,0,13,0,1,0,0,0,0,4,1,6,1,-1,-1,1995,2,1,-1,1,-1
201501EK40301,1,8,0,9,0,8,0,0,0,0,4,1,1,1,47,8,1798,8,-1,-1,1,-1
201501EK40301,2,1,0,18,0,8,0,0,0,0,1,1,6,1,-1,-1,-1,-1,-1,-1,-1,-1
201501EK40302,1,8,0,5,0,8,0,0,0,0,1,1,1,1,54,8,2664,2,16,-1,1,-1
201501EK40302,2,1,0,17,0,8,0,0,0,0,4,1,1,1,30,6,-1,-1,-1,-1,1,-1
201501EK40303,1,9,0,9,0,8,0,0,0,0,4,1,1,1,21,5,1598,2,5,-1,1,-1
201501EK40303,2,5,0,15,2,8,0,0,0,0,1,1,1,1,53,8,1449,1,9,-1,1,-1
201501EK40305,1,9,0,3,0,1,0,0,0,0,2,1,6,2,33,6,1968,2,2,-1,1,-1
201501EK40305,2,11,0,3,0,1,0,0,0,0,2,1,1,1,47,8,4461,2,1,-1,1,-1
201501EK40305,3,8,0,3,0,1,0,10,7,0,2,1,1,1,43,7,2148,2,6,-1,1,-1
201501EK40305,4,9,0,3,0,1,0,0,0,0,2,1,1,1,44,7,1598,1,5,-1,1,-1
201501EK40305,5,9,0,18,0,1,0,0,0,0,1,1,1,1,55,8,-1,-1,-1,-1,1,-1
201501EK40306,1,9,0,5,0,1,0,0,0,0,1,1,6,1,41,7,2204,2,6,-1,1,-1
201501EK40307,1,19,0,10,0,8,0,0,0,0,1,1,1,1,26,6,2198,2,4,-1,3,-1
201501EK40307,2,4,0,18,0,8,0,0,0,0,1,1,2,1,34,6,125,1,4,-1,1,-1
201501EK40308,1,9,0,9,0,8,0,0,0,0,4,1,1,1,26,6,-1,-1,-1,-1,1,-1
201501EK40308,2,1,0,18,0,8,0,0,0,0,1,1,6,2,36,7,-1,-1,-1,-1,1,-1
201501EK40309,1,9,0,3,0,0,0,0,0,0,2,1,6,2,30,6,1968,2,5,-1,1,-1
201501EK40309,2,19,0,18,0,0,0,0,0,0,1,1,1,1,25,5,1248,2,9,-1,1,-1
201501EK40309,3,9,0,18,0,0,0,0,0,0,1,1,6,1,31,6,1995,2,9,-1,1,-1
201501EK40310,1,9,0,7,0,2,0,0,0,0,4,1,1,1,67,10,-1,-1,-1,-1,1,-1
201501EK40311,1,9,0,18,0,0,5,4,0,0,1,1,6,1,22,5,1398,1,1,-1,1,-1
201501EK40311,2,9,0,2,0,0,0,0,0,0,4,1,6,3,-1,-1,1390,1,11,-1,-1,-1
201501EK40311,3,9,0,2,0,0,0,0,0,0,3,1,6,3,-1,-1,-1,-1,-1,-1,-1,-1
201501EK40311,4,9,0,2,0,0,0,0,0,0,2,1,6,3,-1,-1,-1,-1,-1,-1,-1,-1
201501EK40313,1,3,0,18,0,1,0,0,0,0,1,1,6,1,47,8,124,1,10,-1,1,-1
201501EK40313,2,19,0,4,0,1,0,0,0,0,2,1,2,1,44,7,1997,2,7,-1,1,-1
201501EK40314,1,3,0,14,0,8,0,0,0,0,4,1,6,1,35,6,124,1,18,-1,1,-1
201501EK40314,2,8,0,9,0,8,0,0,0,0,3,1,1,1,65,9,1896,2,6,-1,1,-1
201501EK40315,1,11,0,9,0,8,0,0,0,0,0,1,1,1,39,7,4760,2,4,-1,1,-1
201501EK40316,1,9,0,5,0,1,0,0,0,0,3,1,6,1,21,5,1398,1,2,-1,1,-1
201501EK40316,2,9,0,18,0,1,0,4,0,0,1,1,6,2,38,7,1598,1,12,-1,-1,-1
201501EK40316,3,19,0,2,0,1,0,0,0,0,3,1,1,1,65,9,-1,-1,-1,-1,1,-1
201501EK40317,1,19,0,3,0,1,0,0,0,0,2,1,1,1,22,5,2402,2,4,-1,2,-1
201501EK40317,2,9,0,18,0,1,0,0,0,0,1,1,6,3,-1,-1,-1,-1,-1,-1,-1,-1
201501EK40318,1,9,0,18,0,8,0,0,0,0,3,1,6,1,38,7,1948,1,15,-1,1,-1
201501EK40318,2,1,0,18,0,8,0,0,0,0,4,1,6,1,28,6,-1,-1,-1,-1,1,-1
201501EK40319,1,9,0,7,0,2,0,0,0,0,1,1,6,3,-1,-1,-1,-1,-1,-1,-1,-1
201501EK40321,1,9,0,18,0,1,0,10,1,0,1,1,6,1,24,5,-1,-1,-1,-1,1,-1
201501EK40321,2,8,0,2,0,1,0,0,0,0,2,1,1,1,45,7,2143,2,3,-1,1,-1
201501EK40325,1,3,0,18,0,1,0,0,0,0,1,1,6,3,-1,-1,-1,-1,-1,-1,-1,-1
201501EK40329,1,8,0,9,0,8,0,0,0,0,4,1,6,1,31,6,2499,2,7,-1,1,-1
201501EK40329,2,1,0,18,0,8,0,0,0,0,3,1,6,2,73,10,-1,-1,-1,-1,-1,-1
201501EK40332,1,1,0,8,0,1,0,0,0,0,1,1,6,1,45,7,-1,-1,-1,-1,-1,-1
201501EK40332,2,8,0,9,0,2,0,0,0,0,3,1,6,3,-1,-1,1598,1,7,-1,-1,-1
201501EK40335,1,9,0,9,0,1,0,0,0,0,3,1,2,1,50,8,1598,1,2,-1,1,-1
201501EK40335,2,3,0,14,0,1,0,0,0,0,4,1,6,1,27,6,124,1,8,-1,-1,-1
201501EK40336,1,1,0,13,0,0,0,0,0,0,4,1,6,1,32,6,-1,-1,-1,-1,1,-1
201501EK40336,2,9,0,4,0,0,0,0,0,0,3,1,6,3,-1,-1,-1,-1,-1,-1,-1,-1
201501EK40337,1,19,0,4,0,0,0,0,0,0,4,1,6,2,41,7,-1,-1,-1,-1,1,-1
201501EK40337,2,1,0,15,0,0,0,0,0,0,3,1,6,1,53,8,-1,-1,-1,-1,1,-1
201501EK40339,1,9,0,9,0,8,0,0,0,0,3,1,6,1,23,5,-1,-1,-1,-1,1,-1
201501EK40339,2,2,0,13,0,8,0,0,0,0,4,1,1,1,28,6,-1,-1,-1,-1,1,-1
201501EK40340,1,9,0,9,0,8,0,0,0,0,3,1,6,2,38,7,1149,1,10,-1,1,-1
201501EK40340,2,4,0,13,0,8,0,0,0,0,1,1,6,2,23,5,-1,-1,-1,-1,1,-1
201501EK40342,1,8,0,5,0,8,0,0,0,0,1,1,6,1,46,8,-1,-1,-1,-1,1,-1
201501EK40343,1,19,0,2,0,1,0,0,0,0,3,1,1,1,56,9,1248,2,2,-1,1,-1
201501EK40343,2,1,0,18,0,1,0,8,0,0,1,1,6,1,23,5,-1,-1,-1,-1,1,-1
201501EK40344,1,11,0,18,0,1,0,0,0,0,0,1,1,1,30,6,7300,2,12,-1,1,-1
201501EK40345,1,1,0,18,0,0,0,8,0,0,1,1,6,1,41,7,-1,-1,-1,-1,1,-1
201501EK40345,2,19,0,2,0,0,0,0,0,0,3,1,1,1,-1,-1,-1,-1,-1,-1,1,-1
201501EK40346,1,2,0,18,0,8,1,0,0,0,2,1,1,1,42,7,-1,-1,-1,-1,1,-1
201501EK40346,2,9,0,11,0,8,0,0,0,0,1,1,6,3,-1,-1,-1,-1,-1,-1,-1,-1
201501EK40347,1,19,0,4,0,1,0,0,1,10,1,1,1,1,32,6,2143,2,6,-1,1,-1
201501EK40347,2,9,0,4,0,1,0,0,0,0,2,1,6,2,31,6,1999,1,9,-1,1,-1
201501EK40347,3,9,0,3,0,1,0,0,0,0,2,1,6,1,39,7,3311,1,8,-1,1,-1
201501EK40348,1,9,0,18,0,1,0,0,0,0,1,1,1,1,38,7,-1,-1,-1,-1,1,-1
201501EK40348,2,8,0,4,0,1,0,0,0,0,2,1,1,1,56,9,2499,2,-1,-1,1,-1
201501EK40348,3,19,0,3,0,1,0,0,0,0,2,1,6,1,40,7,1896,2,9,-1,1,-1
201501EK40350,1,3,0,3,0,0,0,0,0,0,3,1,1,1,26,6,124,1,5,-1,1,-1
201501EK40350,2,9,0,18,0,0,0,0,0,0,4,1,6,3,-1,-1,1984,1,6,-1,-1,-1
201501EK40351,1,1,0,18,0,1,0,0,0,0,1,1,1,1,62,9,-1,-1,-1,-1,1,-1
201501EK40351,2,9,0,2,0,1,0,0,0,0,3,1,6,1,-1,-1,1956,2,1,-1,1,-1
201501EK40352,1,9,0,4,0,1,0,0,0,0,2,1,6,1,52,8,1686,2,4,-1,1,-1
201501EK40352,2,9,0,18,0,1,0,0,0,0,1,1,6,3,-1,-1,1296,1,33,-1,-1,-1
201501EK40353,1,8,0,3,0,1,0,0,0,0,2,1,6,1,45,7,1753,2,8,-1,1,-1
201501EK40353,2,9,0,18,0,1,0,0,0,0,1,1,6,3,-1,-1,1595,1,6,-1,-1,-1
201501EK40355,1,5,0,18,0,0,0,0,1,0,4,1,6,1,29,6,821,1,1,-1,1,-1
201501EK40356,1,9,0,9,0,0,0,0,0,0,3,1,6,1,28,6,2143,2,2,-1,1,-1
201501EK40356,2,3,0,13,0,0,0,0,0,0,4,1,6,1,30,6,109,1,3,-1,1,-1
201501EK40358,1,9,0,3,0,1,0,0,0,0,1,1,6,1,39,7,1497,8,8,-1,1,-1
201501EK40358,2,9,0,1,0,1,0,0,0,0,2,1,6,3,-1,-1,1686,2,14,-1,-1,-1
201501EK40359,1,9,0,18,0,0,0,0,0,0,1,1,6,3,-1,-1,1599,1,7,-1,-1,-1
201501EK40360,1,9,0,5,0,8,0,0,0,0,3,1,6,1,-1,-1,1390,1,11,-1,1,-1
201501EK40360,2,3,0,18,0,8,0,0,0,0,1,1,1,1,19,4,125,1,7,-1,1,-1
201501EK40362,1,9,0,9,0,2,0,4,0,0,1,1,6,2,22,5,1398,1,3,-1,1,-1
201501EK40362,2,9,0,2,0,2,0,0,0,0,2,1,6,2,-1,-1,-1,-1,-1,-1,1,-1
201501EK40362,3,9,0,2,0,2,0,0,0,0,2,1,6,1,51,8,1781,1,11,-1,1,-1
201501EK40362,4,9,0,2,0,2,0,0,0,0,3,1,6,1,-1,-1,-1,-1,-1,-1,1,-1
201501EK40363,1,11,0,18,0,2,0,0,0,0,0,1,1,1,41,7,4461,2,1,-1,1,-1
201501EK40364,1,9,0,18,0,0,0,0,0,0,1,1,6,1,26,6,-1,-1,-1,-1,1,-1
201501EK40365,1,1,0,18,2,1,0,0,0,0,3,1,2,2,29,6,-1,-1,-1,-1,1,-1
201501EK40365,2,9,0,7,0,5,0,0,0,0,4,1,6,2,-1,-1,998,1,15,-1,-1,-1
201501EK40367,1,11,0,5,0,8,0,0,0,0,0,1,1,1,28,6,4461,2,1,-1,1,-1
201501EK40369,1,11,0,18,0,1,0,0,0,0,0,1,6,1,39,7,4500,2,-1,-1,1,-1
201501EK40370,1,9,0,5,0,1,0,0,0,0,4,1,3,1,25,5,2993,2,3,-1,1,-1
201501EK40371,1,19,0,9,0,2,0,0,0,0,1,1,1,1,42,7,1461,2,1,-1,1,-1
201501EK40373,1,2,0,14,0,8,0,0,0,0,1,1,6,1,24,5,125,1,12,-1,1,-1
201501EK40373,2,9,0,9,0,8,0,0,0,0,3,1,6,3,-1,-1,-1,-1,-1,-1,-1,-1
201501EK40374,1,9,0,18,0,0,0,0,0,0,1,1,6,3,-1,-1,-1,-1,-1,-1,-1,-1
201501EK40375,1,1,0,18,0,8,0,0,0,0,1,1,6,1,31,6,-1,-1,-1,-1,1,-1
201501EK40375,2,9,0,9,0,8,0,0,0,0,4,1,6,3,-1,-1,-1,-1,-1,-1,-1,-1
201501EK40376,1,19,0,5,0,0,0,0,0,0,1,1,1,1,29,6,-1,-1,-1,-1,1,-1
201501EK40377,1,9,0,9,0,0,0,0,0,0,4,1,6,1,31,6,2987,2,8,-1,1,-1
201501EK40377,2,3,0,18,0,0,0,0,0,0,1,1,6,1,-1,-1,-1,-1,-1,-1,1,-1
201501EK40378,1,9,0,15,0,1,0,0,0,0,1,1,6,3,-1,-1,-1,-1,-1,-1,-1,-1
201501EK40379,1,8,0,6,0,2,0,0,0,0,3,1,6,1,46,8,2499,2,1,-1,1,-1
201501EK40379,2,4,0,18,0,2,0,0,0,0,1,1,6,1,35,6,125,1,3,-1,1,-1
201501EK40380,1,9,0,18,0,8,0,0,0,0,3,1,6,2,27,6,2400,2,1,-1,1,-1
201501EK40380,2,9,0,18,0,8,0,0,0,0,1,1,6,3,-1,-1,1598,1,3,-1,-1,-1
201501EK40381,1,8,0,18,0,0,0,0,0,0,1,1,6,1,66,10,1798,8,1,-1,-1,-1
201501EK40382,1,9,0,18,0,2,5,10,1,4,1,1,6,1,27,6,2987,2,8,-1,1,-1
201501EK40385,1,3,0,18,0,8,0,0,0,0,4,1,6,1,18,4,124,1,6,-1,1,-1
201501EK40385,2,8,0,5,0,8,0,0,0,0,1,1,1,1,42,7,1796,1,11,-1,1,-1
201501EK40386,1,1,0,18,0,2,0,10,1,0,2,1,6,1,40,7,-1,-1,-1,-1,1,-1
201501EK40386,2,20,0,13,0,2,0,0,0,0,4,1,6,3,-1,-1,-1,-1,-1,-1,-1,-1
201501EK40387,1,9,0,9,0,8,0,0,0,0,3,1,2,1,31,6,1995,1,6,-1,1,-1
201501EK40387,2,3,0,13,0,8,0,0,0,0,4,1,1,1,20,4,115,1,-1,-1,1,-1
201501EK40388,1,1,0,18,9,2,0,0,0,0,1,1,6,3,-1,-1,-1,-1,-1,-1,-1,-1
201501EK40389,1,19,0,2,0,1,0,0,0,0,2,1,2,1,56,9,-1,-1,-1,-1,1,-1
201501EK40389,2,9,0,18,0,1,0,4,0,0,1,1,6,1,26,6,1769,1,12,-1,1,-1
201501EK40391,1,9,0,4,0,2,0,0,0,0,1,1,6,1,32,6,1988,1,14,-1,1,-1
201501EK40392,1,9,0,3,0,0,0,0,0,0,3,1,1,1,51,8,2987,2,6,-1,1,-1
201501EK40392,2,1,0,18,0,0,0,8,0,0,1,1,2,2,31,6,-1,-1,-1,-1,1,-1
201501EK40394,1,1,0,18,0,0,0,0,0,0,4,1,6,1,61,9,-1,-1,-1,-1,1,-1
201501EK40394,2,9,0,1,0,0,0,0,0,0,1,1,6,2,58,9,2979,1,14,-1,1,-1
201501EK40395,1,9,0,9,0,2,0,0,0,0,1,1,2,2,45,7,1598,1,13,-1,1,-1
201501EK40396,1,19,0,4,0,1,0,0,0,0,1,1,1,1,41,7,2998,2,3,-1,1,-1
201501EK40396,2,2,0,5,0,1,0,0,0,0,2,1,6,2,24,5,124,1,3,-1,1,-1
201501EK40399,1,9,0,18,0,2,0,0,0,0,4,1,6,2,24,5,-1,-1,-1,-1,1,-1
201501EK40400,1,9,0,9,0,1,0,0,0,0,0,1,6,2,58,9,1995,1,13,-1,1,-1
201501EK40400,2,5,0,18,0,1,0,0,0,0,3,1,6,1,47,8,1450,1,10,-1,1,-1
201501EK40403,1,9,0,9,0,8,0,0,0,0,4,1,6,3,-1,-1,1997,2,5,-1,-1,-1
201501EK40403,2,3,0,18,0,8,0,0,0,0,1,1,6,1,20,4,125,1,5,-1,1,-1
201501EK40404,1,9,0,9,0,8,0,0,0,0,4,1,3,2,55,8,2987,2,2,-1,1,-1
201501EK40404,2,1,0,18,0,8,0,0,0,0,1,1,6,1,46,8,-1,-1,-1,-1,1,-1
201501EK40405,1,9,0,18,0,1,0,0,0,0,4,1,1,1,54,8,-1,-1,-1,-1,1,-1
201501EK40406,1,1,0,18,0,0,0,4,0,0,1,1,6,1,27,6,-1,-1,-1,-1,1,-1
201501EK40406,2,9,0,2,0,0,0,0,0,0,2,1,6,3,-1,-1,1995,2,3,-1,-1,-1
201501EK40407,1,9,0,2,0,1,0,0,0,0,3,1,6,3,-1,-1,1240,1,9,-1,-1,-1
201501EK40407,2,19,0,13,0,1,0,0,0,0,4,1,6,3,-1,-1,-1,-1,-1,-1,-1,-1
201501EK40407,3,1,0,18,0,1,0,8,0,0,3,1,6,1,34,6,-1,-1,-1,-1,1,-1
201501EK40408,1,1,0,18,0,0,0,0,0,0,1,1,6,2,25,5,-1,-1,-1,-1,1,-1
201501EK40408,2,8,0,6,0,0,0,0,0,0,2,1,1,1,39,7,2143,2,2,-1,1,-1
201501EK40409,1,9,0,5,0,8,0,0,0,0,1,1,2,1,25,5,1396,1,18,-1,1,-1
201501EK40409,2,9,0,5,0,8,0,0,0,0,4,1,1,2,35,6,1339,8,4,-1,1,-1
201501EK40409,3,9,0,5,0,8,0,0,0,0,4,1,6,1,23,5,1998,1,18,-1,1,-1
201501EK40410,1,11,0,18,0,0,0,0,0,0,0,1,1,1,47,8,4461,2,2,-1,1,-1
201501EK40411,1,1,0,18,2,8,0,0,0,0,3,1,6,2,33,6,-1,-1,-1,-1,1,-1
201501EK40411,2,9,0,7,0,8,0,0,0,0,4,1,6,3,-1,-1,1995,2,11,-1,-1,-1
201501EK40412,1,11,0,18,0,2,0,0,0,0,0,1,1,1,23,5,4500,2,1,-1,1,-1
201501EK40413,1,9,0,18,0,0,0,0,0,0,1,1,1,1,63,9,1997,2,8,-1,1,-1
201501EK40413,2,9,0,9,0,0,0,0,0,0,3,1,1,1,55,8,-1,-1,-1,-1,1,-1
201501EK40414,1,1,0,14,0,1,0,0,0,0,4,1,6,1,40,7,-1,-1,-1,-1,1,-1
201501EK40414,2,9,0,5,0,1,0,0,0,0,3,1,6,1,-1,-1,-1,-1,-1,-1,-1,-1
201501EK40416,1,9,0,2,0,2,0,0,0,0,4,1,6,1,80,11,1242,1,9,-1,1,-1
201501EK40416,2,9,0,18,0,2,0,0,0,0,3,1,6,2,-1,-1,-1,-1,-1,-1,-1,-1
201501EK40417,1,3,0,18,0,8,0,0,0,0,3,1,2,1,35,6,125,1,1,-1,1,-1
201501EK40417,2,9,0,7,0,8,0,0,0,0,4,1,6,1,-1,-1,1598,2,3,-1,-1,-1
201501EK40418,1,1,0,9,0,2,0,0,0,0,1,1,1,2,54,8,-1,-1,-1,-1,1,-1
201501EK40420,1,9,0,7,0,8,0,0,0,0,4,1,6,2,50,8,2995,8,1,-1,1,-1
201501EK40420,2,1,0,5,0,8,0,0,0,0,3,1,6,1,52,8,-1,-1,-1,-1,1,-1
201501EK40421,1,9,0,9,0,8,0,0,0,0,4,1,6,2,50,8,1360,1,9,-1,1,-1
201501EK40421,2,1,0,18,0,8,0,0,0,0,1,1,2,1,28,6,-1,-1,-1,-1,1,-1
201501EK40422,1,9,0,9,0,2,0,0,0,0,1,1,6,2,-1,-1,1797,8,4,-1,-1,-1
201501EK40424,1,3,0,18,0,8,1,0,0,0,1,1,6,1,-1,-1,108,1,6,-1,1,-1
201501EK40425,1,19,0,9,0,8,0,0,0,0,4,1,1,1,55,8,-1,-1,-1,-1,-1,-1
201501EK40425,2,1,0,18,4,8,1,0,0,0,1,1,2,1,25,5,-1,-1,-1,-1,1,-1
201501EK40427,1,3,0,14,0,1,0,0,0,0,1,1,1,1,27,6,102,1,8,-1,1,-1
201501EK40428,1,9,0,9,0,0,0,0,0,0,4,1,2,1,50,8,2993,2,-1,-1,1,-1
201501EK40428,2,2,0,18,0,0,1,0,0,0,1,1,2,2,35,6,49,1,8,-1,1,-1
201501EK40429,1,9,0,5,0,2,1,0,0,0,3,1,6,1,29,6,1329,1,4,-1,-1,-1
201501EK40429,2,19,0,5,0,2,1,0,0,0,4,1,2,1,26,6,-1,-1,-1,-1,2,-1
201501EK40429,3,21,0,3,0,2,0,0,0,0,3,1,1,1,28,6,6692,2,7,-1,-1,-1
201501EK40431,1,9,0,18,0,1,0,0,0,0,1,1,2,1,76,11,1242,1,2,-1,1,-1
201501EK40432,1,2,0,3,0,1,0,0,0,0,1,1,1,1,34,6,124,1,5,-1,1,-1
201501EK40432,2,19,0,1,0,2,0,0,0,0,2,1,1,1,27,6,2198,2,3,-1,1,-1
201501EK40433,1,1,0,18,0,8,0,0,0,0,4,1,6,2,32,6,-1,-1,-1,-1,1,-1
201501EK40433,2,9,0,9,0,8,0,0,0,0,1,1,6,1,-1,-1,1596,1,4,-1,-1,-1
201501EK40434,1,3,0,18,0,1,0,0,0,0,4,1,2,1,29,6,125,1,2,-1,1,-1
201501EK40434,2,8,0,9,0,1,0,0,0,0,3,1,6,3,-1,-1,2499,2,2,-1,-1,-1
201501EK40435,1,3,0,14,0,1,0,0,0,0,4,1,6,1,47,8,-1,-1,-1,-1,1,-1
201501EK40435,2,9,0,5,0,1,0,0,0,0,3,1,6,2,-1,-1,1598,1,4,-1,-1,-1
201501EK40436,1,9,0,18,0,1,0,10,0,0,4,1,6,1,18,4,2496,1,9,-1,1,-1
201501EK40437,1,9,0,18,0,8,0,0,0,0,1,1,2,1,37,7,1497,8,8,-1,1,-1
201501EK40437,2,9,0,9,0,8,0,0,0,0,3,1,6,1,18,4,1598,1,1,-1,1,-1
201501EK40438,1,8,0,9,0,8,0,0,0,0,4,1,1,1,69,10,-1,-1,-1,-1,1,-1
201501EK40438,2,1,0,18,0,8,0,0,0,0,1,1,2,1,30,6,-1,-1,-1,-1,1,-1
201501EK40440,1,9,0,18,0,1,0,0,0,0,2,1,6,1,29,6,1995,2,12,-1,1,-1
201501EK40440,2,9,0,18,0,1,0,0,0,0,1,1,6,1,27,6,1896,2,13,-1,1,-1
201501EK40441,1,9,0,13,0,0,1,0,7,4,4,1,6,1,33,6,3799,1,6,-1,1,-1
201501EK40441,2,11,0,18,0,0,0,0,0,0,3,1,2,1,45,7,6700,2,5,-1,-1,-1
201501EK40442,1,1,0,18,0,1,0,0,0,0,1,1,2,1,31,6,-1,-1,-1,-1,1,-1
201501EK40442,2,9,0,7,0,1,0,0,0,0,2,1,6,3,-1,-1,-1,-1,-1,-1,-1,-1
201501EK40443,1,9,0,18,0,8,0,0,0,0,3,1,6,1,33,6,1242,1,2,-1,1,-1
201501EK40444,1,9,0,18,0,8,0,0,0,0,4,1,6,3,-1,-1,-1,-1,-1,-1,-1,-1
201501EK40444,2,1,0,18,0,8,0,0,0,0,1,1,6,2,25,5,-1,-1,-1,-1,1,-1
201501EK40445,1,9,0,18,0,0,0,8,0,0,1,1,6,1,34,6,-1,-1,-1,-1,1,-1
201501EK40445,2,9,0,3,6,0,0,0,0,0,4,1,6,1,32,6,1910,2,7,-1,1,-1
201501EK40446,1,9,0,14,0,1,0,0,0,0,1,1,6,1,52,8,-1,-1,-1,-1,1,-1
201501EK40447,1,9,0,5,0,1,0,0,0,0,1,1,6,1,40,7,1995,2,3,-1,1,-1
201501EK40448,1,8,0,4,0,1,0,0,0,0,1,1,1,1,43,7,2402,2,13,-1,1,-1
201501EK40448,2,9,0,9,0,2,0,0,0,0,0,1,6,1,-1,-1,-1,-1,-1,-1,-1,-1
201501EK40449,1,5,0,14,0,0,0,0,0,0,1,1,6,1,35,6,696,1,1,-1,1,-1
201501EK40450,1,9,0,2,0,0,0,0,0,0,1,1,6,1,30,6,1400,2,10,-1,1,-1
201501EK40450,2,9,0,1,0,0,0,0,0,0,2,1,6,2,-1,-1,1794,1,15,-1,-1,-1
201501EK40451,1,9,0,9,0,2,0,0,0,0,3,1,1,1,50,8,1998,2,3,-1,1,-1
201501EK40451,2,1,0,18,0,1,0,0,0,0,1,1,1,1,32,6,-1,-1,-1,-1,1,-1
201501EK40452,1,19,0,5,0,1,0,0,0,0,3,1,6,1,29,6,-1,-1,-1,-1,1,-1
201501EK40452,2,9,0,11,0,1,0,0,0,0,4,1,6,1,-1,-1,2204,2,7,-1,-1,-1
201501EK40454,1,1,0,14,0,1,0,0,0,0,1,1,6,1,28,6,-1,-1,-1,-1,1,-1
201501EK40455,1,9,0,7,0,8,0,0,0,0,4,1,6,2,71,10,2995,1,3,-1,1,-1
201501EK40455,2,1,0,18,2,8,0,0,0,0,3,1,2,1,27,6,-1,-1,-1,-1,1,-1
201501EK40456,1,19,0,5,0,0,0,0,0,0,4,1,1,1,34,6,4461,2,4,-1,-1,-1
201501EK40456,2,3,0,12,0,0,0,0,0,0,3,1,6,1,36,7,125,1,9,-1,1,-1
201501EK40458,1,9,0,18,0,8,0,0,0,0,1,1,6,1,18,4,3498,1,6,-1,1,-1
201501EK40458,2,1,0,18,0,8,0,0,0,0,4,1,6,2,38,7,-1,-1,-1,-1,1,-1
201501EK40459,1,1,0,18,0,1,0,0,0,0,3,1,2,2,35,6,-1,-1,-1,-1,1,-1
201501EK40459,2,19,0,18,0,1,0,0,0,0,4,1,6,3,-1,-1,-1,-1,-1,-1,-1,-1
201501EK40460,1,9,0,18,2,1,0,0,0,0,3,1,6,1,26,6,1968,2,11,-1,1,-1
201501EK40460,2,1,0,11,0,1,0,0,0,0,4,1,6,1,43,7,-1,-1,-1,-1,1,-1
201501EK40461,1,3,0,16,0,2,0,0,0,0,3,1,6,1,37,7,108,1,3,-1,1,-1
201501EK40461,2,8,0,16,0,2,0,0,0,0,4,1,6,3,-1,-1,-1,-1,-1,-1,-1,-1
201501EK40462,1,1,0,18,0,0,0,8,0,0,1,1,2,1,35,6,-1,-1,-1,-1,1,-1
201501EK40462,2,9,0,2,0,0,0,0,0,0,3,1,6,2,-1,-1,1560,2,5,-1,-1,-1
201501EK40464,1,1,0,18,0,1,0,0,0,0,1,1,6,3,-1,-1,-1,-1,-1,-1,-1,-1
201501EK40465,1,9,0,18,0,0,0,0,0,0,3,1,1,1,31,6,2993,2,1,-1,1,-1
201501EK40465,2,5,0,13,0,0,0,0,0,0,4,1,1,1,35,6,599,1,8,-1,1,-1
201501EK40466,1,9,0,1,0,8,0,0,0,0,2,1,6,1,30,6,1299,1,10,-1,1,-1
201501EK40466,2,20,0,1,0,8,0,0,0,0,2,1,6,1,-1,-1,-1,-1,-1,-1,1,-1