Accident_Index,Vehicle_Reference,Vehicle_Type,Towing_and_Articulation,Vehicle_Manoeuvre,Vehicle_Location-Restricted_Lane,Junction_Location,Skidding_and_Overturning,Hit_Object_in_Carriageway,Vehicle_Leaving_Carriageway,Hit_Object_off_Carriageway,1st_Point_of_Impact,Was_Vehicle_Left_Hand_Drive?,Journey_Purpose_of_Driver,Sex_of_Driver,Age_of_Driver,Age_Band_of_Driver,Engine_Capacity_(CC),Propulsion_Code,Age_of_Vehicle,Driver_IMD_Decile,Driver_Home_Area_Type,Vehicle_IMD_Decile
201501EK40467,1,9,0,18,0,2,0,0,0,0,1,1,6,2,20,4,1598,1,10,-1,1,-1
201501EK40467,2,9,0,3,0,2,0,0,0,0,2,1,6,2,37,7,1392,1,21,-1,1,-1
201501EK40467,3,19,0,3,0,2,0,0,0,0,2,1,6,3,-1,-1,-1,-1,-1,-1,-1,-1
201501EK40468,1,9,0,18,0,8,0,0,0,0,1,1,6,2,57,9,1596,1,1,-1,1,-1
201501EK40468,2,5,0,5,0,8,0,0,0,0,3,1,6,1,47,8,1237,1,1,-1,3,-1
201501EK40470,1,11,0,18,0,1,0,0,0,0,1,1,1,1,47,8,-1,-1,-1,-1,1,-1
201501EK40472,1,9,0,3,0,0,0,0,0,0,2,1,6,1,75,10,-1,-1,-1,-1,1,-1
201501EK40472,2,3,0,18,0,0,0,0,0,0,1,1,1,1,24,5,125,1,7,-1,1,-1
201501EK40473,1,1,0,18,0,8,0,0,0,0,3,1,6,1,32,6,-1,-1,-1,-1,-1,-1
201501EK40473,2,8,0,7,0,8,0,0,0,0,4,1,6,3,-1,-1,-1,-1,-1,-1,-1,-1
201501EK40474,1,19,0,9,0,2,0,0,0,0,1,1,6,1,45,7,2143,2,4,-1,1,-1
201501EK40475,1,2,0,18,0,0,0,0,0,0,1,1,1,1,22,5,-1,-1,-1,-1,1,-1
201501EK40476,1,8,0,18,2,2,0,0,0,0,2,1,1,1,68,10,2664,2,16,-1,1,-1
201501EK40476,2,9,0,18,2,2,0,0,0,0,1,1,2,1,55,8,1596,1,8,-1,1,-1
201501EK40478,1,9,0,9,0,2,0,0,0,0,1,1,3,2,37,7,1397,1,14,-1,-1,-1
201501EK40479,1,9,0,1,0,0,0,0,0,0,2,1,6,1,61,9,1870,2,13,-1,1,-1
201501EK40480,1,9,0,18,0,2,0,0,0,0,4,1,6,1,43,7,-1,-1,-1,-1,1,-1
201501EK40480,2,9,0,18,0,2,0,0,0,0,4,1,1,1,40,7,-1,-1,-1,-1,1,-1
201501EK40480,3,3,0,15,0,2,0,0,0,0,3,1,6,1,-1,-1,-1,-1,-1,-1,-1,-1
201501EK40481,1,9,0,18,0,8,0,0,0,0,4,1,2,1,53,8,1386,1,11,-1,1,-1
201501EK40482,1,1,0,18,0,8,0,0,0,0,3,1,6,2,24,5,-1,-1,-1,-1,1,-1
201501EK40482,2,9,0,7,0,8,0,0,0,0,4,1,6,2,-1,-1,-1,-1,-1,-1,-1,-1
201501EK40483,1,1,0,9,0,2,0,0,0,0,1,1,6,1,32,6,-1,-1,-1,-1,1,-1
201501EK40483,2,9,0,1,0,1,0,0,0,0,2,1,6,1,-1,-1,2793,1,15,-1,1,-1
201501EK40485,1,1,0,18,0,8,0,0,0,0,3,1,6,1,35,6,-1,-1,-1,-1,1,-1
201501EK40485,2,9,0,7,0,8,0,0,0,0,4,1,6,3,-1,-1,2788,1,29,-1,-1,-1
201501EK40487,1,1,0,18,0,1,0,0,0,0,1,1,6,1,80,11,-1,-1,-1,-1,1,-1
201501EK40490,1,1,0,14,0,1,0,0,0,0,4,1,6,2,36,7,-1,-1,-1,-1,1,-1
201501EK40490,2,9,0,3,0,1,0,0,0,0,3,1,1,1,-1,-1,1461,2,-1,-1,-1,-1
201501EK40491,1,11,0,18,2,1,0,0,0,0,0,1,1,1,31,6,4461,2,1,-1,1,-1
201501EK40491,2,19,0,11,2,1,0,0,0,0,0,1,1,1,46,8,1560,2,1,-1,1,-1
201501EK40492,1,9,0,9,2,8,0,0,0,0,1,1,6,1,34,6,2171,1,14,-1,1,-1
201501EK40492,2,8,0,15,2,8,0,0,0,0,3,1,1,1,73,10,2664,2,16,-1,1,-1
201501EK40493,1,11,0,3,2,0,0,0,0,0,0,1,1,1,51,8,6700,2,3,-1,1,-1
201501EK40494,1,9,0,7,0,2,0,0,0,0,4,1,6,3,-1,-1,-1,-1,-1,-1,-1,-1
201501EK40495,1,9,0,18,0,1,0,0,0,0,4,1,6,2,47,8,998,1,2,-1,1,-1
201501EK40496,1,19,0,5,0,1,0,0,0,0,1,1,1,1,37,7,2402,2,10,-1,1,-1
201501EK40497,1,11,0,18,0,1,0,0,0,0,1,1,1,1,53,8,4249,2,8,-1,1,-1
201501EK40498,1,9,0,18,0,1,0,0,0,0,1,1,6,1,34,6,2231,2,8,-1,1,-1
201501EK40498,2,9,0,4,0,1,0,0,0,0,2,1,6,1,46,8,1997,1,16,-1,1,-1
201501EK40498,3,9,0,3,0,1,0,0,0,0,2,1,6,1,79,11,1999,1,12,-1,1,-1
201501EK40500,1,11,0,18,2,8,0,0,0,0,1,1,1,1,50,8,3900,2,9,-1,1,-1
201501EK40501,1,11,0,18,0,0,0,0,0,0,0,1,1,1,57,9,4500,2,4,-1,1,-1
201501EK40504,1,11,0,3,2,2,0,0,0,0,4,1,1,1,51,8,4500,2,3,-1,1,-1
201501EK40505,1,5,0,14,0,0,0,0,0,0,1,1,6,1,26,6,599,1,6,-1,1,-1
201501EK40506,1,19,0,18,0,2,0,0,0,0,1,1,1,1,57,9,-1,-1,-1,-1,1,-1
201501EK40507,1,1,0,14,0,0,0,0,0,0,3,1,2,1,50,8,-1,-1,-1,-1,1,-1
201501EK40508,1,8,0,9,0,8,0,0,0,0,4,1,1,1,46,8,2499,2,5,-1,1,-1
201501EK40508,2,1,0,18,0,8,0,0,0,0,1,1,6,1,36,7,-1,-1,-1,-1,1,-1
201501EK40509,1,1,0,18,0,1,0,0,0,0,3,1,6,1,52,8,-1,-1,-1,-1,1,-1
201501EK40509,2,9,0,13,0,1,0,0,0,0,4,1,6,3,-1,-1,-1,-1,-1,-1,-1,-1
201501EK40510,1,1,0,18,0,8,0,0,0,0,1,1,2,1,22,5,-1,-1,-1,-1,1,-1
201501EK40510,2,9,0,18,0,8,0,0,0,0,1,1,6,3,-1,-1,2143,2,1,-1,-1,-1
201501EK40512,1,3,0,18,0,1,0,0,0,0,1,1,1,1,29,6,125,1,3,-1,1,-1
201501EK40513,1,9,0,3,0,1,0,0,0,0,2,1,6,1,25,5,2967,2,4,-1,1,-1
201501EK40513,2,9,0,14,0,1,0,0,0,0,1,1,1,1,36,7,-1,-1,-1,-1,1,-1
201501EK40515,1,5,0,3,0,0,0,0,0,0,2,1,6,1,37,7,599,1,12,-1,1,-1
201501EK40515,2,9,0,18,0,0,0,0,0,0,1,1,6,3,-1,-1,1242,1,-1,-1,-1,-1
201501EK40516,1,1,0,18,0,0,0,8,0,0,1,1,1,1,19,4,-1,-1,-1,-1,1,-1
201501EK40516,2,8,0,2,0,0,0,0,0,0,4,1,1,3,-1,-1,1598,1,2,-1,-1,-1
201501EK40517,1,11,0,18,0,0,0,0,0,0,0,2,1,1,42,7,4461,2,2,-1,1,-1
201501EK40518,1,5,0,18,2,8,0,0,0,0,1,1,2,1,43,7,-1,-1,-1,-1,1,-1
201501EK40518,2,9,0,9,0,8,0,0,0,0,4,1,2,2,44,7,2400,2,2,-1,1,-1
201501EK40519,1,9,0,4,0,1,0,0,0,0,1,1,6,3,-1,-1,-1,-1,-1,-1,-1,-1
201501EK40520,1,11,0,5,0,8,0,0,0,0,4,1,1,1,29,6,-1,-1,-1,-1,1,-1
201501EK40520,2,1,0,5,0,8,0,0,0,0,3,1,6,2,54,8,-1,-1,-1,-1,1,-1
201501EK40521,1,2,0,13,0,2,0,0,0,0,4,1,6,1,29,6,-1,-1,-1,-1,1,-1
201501EK40521,2,8,0,18,0,2,0,0,0,0,3,1,1,1,49,8,-1,-1,-1,-1,1,-1
201501EK40522,1,1,0,18,4,0,0,0,0,0,1,1,6,1,40,7,-1,-1,-1,-1,1,-1
201501EK40522,2,19,0,18,4,0,0,0,0,0,0,1,6,3,-1,-1,2402,2,9,-1,-1,-1
201501EK40523,1,9,0,18,0,1,0,0,0,0,2,1,6,1,36,7,2148,2,11,-1,1,-1
201501EK40523,2,9,0,18,0,1,0,0,0,0,1,1,6,1,-1,-1,2496,1,9,-1,1,-1
201501EK40525,1,19,0,9,0,2,0,0,0,0,1,1,1,1,21,5,2198,2,3,-1,1,-1
201501EK40526,1,9,0,6,0,2,0,0,0,0,4,1,1,1,51,8,-1,-1,-1,-1,-1,-1
201501EK40526,2,5,0,18,0,1,0,0,0,0,1,1,6,1,39,7,649,1,5,-1,1,-1
201501EK40527,1,19,0,9,0,8,0,0,0,0,3,1,1,1,53,8,2488,2,-1,-1,1,-1
201501EK40527,2,3,0,13,0,8,0,0,0,0,4,1,2,1,41,7,125,1,4,-1,1,-1
201501EK40528,1,9,0,2,0,1,0,0,0,0,2,1,6,2,29,6,1598,2,4,-1,3,-1
201501EK40528,2,1,0,18,0,1,0,4,0,0,1,1,6,1,24,5,-1,-1,-1,-1,1,-1
201501EK40529,1,9,0,18,0,0,0,0,0,0,4,1,6,1,35,6,1995,1,13,-1,1,-1
201501EK40530,1,9,0,9,0,2,0,0,0,0,1,1,6,1,54,8,1596,1,8,-1,1,-1
201501EK40531,1,9,0,2,2,0,0,0,0,0,3,1,6,3,-1,-1,-1,-1,-1,-1,-1,-1
201501EK40531,2,3,0,18,2,0,0,0,0,0,1,1,6,1,30,6,102,1,8,-1,1,-1
201501EK40532,1,11,0,7,0,8,0,0,0,0,2,1,1,1,63,9,9600,2,16,-1,3,-1
201501EK40532,2,1,0,18,0,8,0,0,0,0,1,1,2,1,52,8,-1,-1,-1,-1,1,-1
201501EK40533,1,9,0,9,0,8,0,0,0,0,4,1,6,1,37,7,1798,8,3,-1,1,-1
201501EK40533,2,1,0,18,0,8,0,0,0,0,1,1,6,1,26,6,-1,-1,-1,-1,1,-1
201501EK40534,1,19,0,18,0,0,0,0,0,0,0,1,6,3,-1,-1,1753,2,9,-1,-1,-1
201501EK40537,1,9,0,4,0,0,0,0,0,0,2,1,6,1,20,4,1998,1,-1,-1,1,-1
201501EK40537,2,9,0,18,0,0,0,0,0,0,1,1,6,3,-1,-1,-1,-1,-1,-1,-1,-1
201501EK40538,1,9,0,3,0,1,0,0,0,0,2,1,1,1,-1,-1,-1,-1,-1,-1,-1,-1
201501EK40538,2,8,0,3,0,1,0,0,0,0,2,1,1,1,31,6,1797,8,5,-1,1,-1
201501EK40538,3,19,0,18,0,1,0,0,0,0,1,1,2,1,42,7,1753,2,10,-1,1,-1
201501EK40539,1,3,0,18,0,0,0,0,0,0,1,1,6,3,-1,-1,-1,-1,-1,-1,-1,-1
201501EK40540,1,9,0,4,0,1,0,0,0,0,2,1,6,2,48,8,-1,-1,-1,-1,1,-1
201501EK40540,2,9,0,4,0,1,0,0,0,0,1,1,6,1,-1,-1,-1,-1,-1,-1,1,-1
201501EK40541,1,1,0,18,0,1,0,0,0,0,1,1,6,1,17,4,-1,-1,-1,-1,1,-1
201501EK40541,2,9,0,18,0,2,0,0,0,0,1,1,1,1,39,7,-1,-1,-1,-1,1,-1
201501EK40542,1,8,0,6,0,0,0,0,0,0,3,1,6,1,36,7,2987,2,2,-1,1,-1
201501EK40542,2,4,0,18,0,0,0,0,0,0,1,1,6,1,48,8,918,1,18,-1,1,-1
201501EK40543,1,9,0,9,0,8,0,0,0,0,3,1,6,2,45,7,1242,1,1,-1,1,-1
201501EK40543,2,3,0,13,0,8,0,0,0,0,4,1,6,1,27,6,-1,-1,-1,-1,1,-1
201501EK40544,1,3,0,14,0,8,0,0,0,0,1,1,6,1,27,6,124,1,6,-1,1,-1
201501EK40544,2,9,0,9,0,8,0,0,0,0,3,1,6,1,-1,-1,1998,1,16,-1,-1,-1
201501EK40545,1,8,0,18,0,1,0,0,0,0,1,1,1,1,59,9,2664,2,13,-1,1,-1
201501EK40545,2,4,0,8,0,1,0,0,0,0,2,1,2,2,51,8,675,1,1,-1,1,-1
201501EK40546,1,9,0,18,0,0,0,4,0,0,1,1,1,1,33,6,2993,2,1,-1,1,-1
201501EK40546,2,9,0,2,0,0,0,4,0,0,2,1,6,1,36,7,4244,1,8,-1,1,-1
201501EK40546,3,9,0,2,0,0,0,0,0,0,2,1,6,1,30,6,2698,2,7,-1,-1,-1
201501EK40547,1,9,0,6,0,0,0,0,0,0,3,1,6,1,21,5,1198,1,1,-1,1,-1
201501EK40547,2,5,0,18,0,0,0,0,0,0,4,1,6,1,35,6,-1,-1,-1,-1,1,-1
201501EK40548,1,8,0,18,0,8,0,0,0,0,1,1,1,1,56,9,1998,2,6,-1,1,-1
201501EK40548,2,1,0,18,0,8,0,0,0,0,4,1,6,1,23,5,-1,-1,-1,-1,1,-1
201501EK40549,1,8,0,18,0,2,0,0,0,0,1,1,1,1,28,6,1956,2,3,-1,1,-1
201501EK40550,1,1,0,3,0,1,0,0,0,0,2,1,6,1,41,7,-1,-1,-1,-1,1,-1
201501EK40550,2,9,0,5,0,1,0,0,0,0,1,1,6,3,-1,-1,-1,-1,-1,-1,-1,-1
201501EK40552,1,9,0,18,0,1,0,0,0,0,1,1,6,3,-1,-1,-1,-1,-1,-1,-1,-1
201501EK40553,1,8,0,3,0,1,0,0,0,0,4,1,1,1,41,7,2499,2,5,-1,1,-1
201501EK40553,2,3,0,15,0,1,0,8,0,0,1,1,2,1,52,8,125,1,1,-1,1,-1
201501EK40554,1,9,0,9,0,8,0,0,0,0,1,1,6,3,-1,-1,-1,-1,-1,-1,-1,-1
201501EK40554,2,1,0,18,0,8,0,0,0,0,4,1,6,2,19,4,-1,-1,-1,-1,1,-1
201501EK40555,1,9,0,3,0,1,0,0,0,0,2,1,6,2,31,6,-1,-1,-1,-1,1,-1
201501EK40555,2,9,0,18,0,1,0,0,0,0,1,1,6,3,-1,-1,1229,1,10,-1,-1,-1
201501EK40556,1,4,0,17,0,2,0,0,0,0,1,1,2,1,30,6,885,1,18,-1,1,-1
201501EK40556,2,1,0,17,0,2,0,0,0,0,2,1,2,2,47,8,-1,-1,-1,-1,1,-1
201501EK40557,1,1,0,18,0,0,0,8,0,0,1,1,6,1,57,9,-1,-1,-1,-1,1,-1
201501EK40557,2,9,0,2,0,0,0,0,0,0,3,1,6,1,-1,-1,-1,-1,-1,-1,-1,-1
201501EK40558,1,9,0,5,9,1,0,0,0,0,1,1,6,1,-1,-1,1686,2,9,-1,-1,-1
201501EK40560,1,1,0,18,0,8,0,0,0,0,1,1,2,2,41,7,-1,-1,-1,-1,1,-1
201501EK40560,2,9,0,9,0,8,0,0,0,0,4,1,6,1,-1,-1,1596,1,13,-1,-1,-1
201501EK40561,1,1,0,9,0,2,0,0,0,0,1,1,6,1,-1,-1,-1,-1,-1,-1,-1,-1
201501EK40562,1,9,0,9,0,1,0,0,0,0,3,1,6,2,54,8,1242,1,2,-1,1,-1
201501EK40562,2,3,0,13,0,1,0,0,0,0,1,1,1,1,19,4,109,1,2,-1,1,-1
201501EK40563,1,3,0,18,0,8,0,0,0,0,4,1,6,1,28,6,124,1,1,-1,1,-1
201501EK40563,2,9,0,9,0,8,0,0,0,0,1,1,6,1,41,7,2000,2,10,-1,1,-1
201501EK40564,1,9,0,9,0,8,0,0,0,0,1,1,6,1,-1,-1,-1,-1,-1,-1,-1,-1
201501EK40564,2,9,0,18,0,8,0,0,0,0,1,1,6,3,-1,-1,-1,-1,-1,-1,-1,-1
201501EK40565,1,19,0,18,0,0,0,0,0,0,4,1,1,1,-1,-1,2500,2,8,-1,-1,-1
201501EK40566,1,9,0,3,0,0,0,0,0,0,2,1,6,1,40,7,1120,2,2,-1,1,-1
201501EK40566,2,9,0,3,0,0,0,0,0,0,2,1,6,1,55,8,1997,2,11,-1,1,-1
201501EK40566,3,9,0,3,0,0,0,0,0,0,2,1,6,1,40,7,1797,8,4,-1,1,-1
201501EK40566,4,9,0,4,0,0,0,0,0,0,2,1,6,2,35,6,1796,1,8,-1,1,-1
201501EK40566,5,9,0,18,0,0,0,0,0,0,1,1,6,1,79,11,2996,1,8,-1,-1,-1
201501EK40567,1,9,0,18,0,1,0,7,0,0,1,1,6,2,80,11,1591,1,4,-1,-1,-1
201501EK40568,1,1,0,14,0,1,0,0,0,0,1,1,6,1,41,7,-1,-1,-1,-1,1,-1
201501EK40570,1,9,0,2,0,0,0,0,0,0,3,1,6,3,-1,-1,-1,-1,-1,-1,-1,-1
201501EK40570,2,1,0,18,0,0,0,8,0,0,1,1,6,1,51,8,-1,-1,-1,-1,1,-1
201501EK40571,1,3,0,18,0,8,0,0,0,0,1,1,6,1,43,7,125,1,3,-1,1,-1
201501EK40571,2,9,0,9,0,8,0,0,0,0,4,1,6,1,-1,-1,1596,1,10,-1,-1,-1
201501EK40572,1,9,0,7,0,2,0,0,0,0,1,1,6,3,-1,-1,-1,-1,-1,-1,-1,-1
201501EK40573,1,8,0,9,0,8,0,0,0,0,3,1,1,1,47,8,2499,2,1,-1,1,-1
201501EK40573,2,4,0,13,0,8,0,0,0,0,4,1,6,1,22,5,471,1,1,-1,1,-1
201501EK40575,1,4,0,18,0,2,0,0,0,0,3,1,6,1,21,5,108,1,3,-1,1,-1
201501EK40575,2,9,0,13,0,2,0,0,0,0,4,1,2,1,-1,-1,1388,1,4,-1,-1,-1
201501EK40576,1,9,0,18,0,1,0,0,0,0,1,1,3,1,38,7,1598,1,9,-1,1,-1
201501EK40578,1,3,0,18,0,1,0,0,0,0,3,1,6,1,32,6,125,1,-1,-1,1,-1
201501EK40578,2,9,0,11,0,1,0,0,0,0,4,1,6,1,76,11,1360,1,9,-1,1,-1
201501EK40579,1,1,0,18,5,1,0,10,0,0,4,1,6,1,23,5,-1,-1,-1,-1,1,-1
201501EK40580,1,8,0,3,0,1,0,0,0,0,2,1,1,1,38,7,1798,8,2,-1,1,-1
201501EK40580,2,3,0,18,0,1,0,0,0,0,1,1,2,1,36,7,124,1,7,-1,1,-1
201501EK40581,1,9,0,9,0,2,0,0,0,0,1,1,6,3,-1,-1,-1,-1,-1,-1,-1,-1
201501EK40583,1,9,0,18,0,0,0,0,0,0,1,1,6,2,79,11,1991,2,6,-1,1,-1
201501EK40583,2,8,0,18,0,0,0,0,0,0,1,1,1,1,58,9,2499,2,7,-1,1,-1
201501EK40585,1,9,0,18,0,1,0,0,0,0,1,1,6,1,37,7,3490,1,11,-1,-1,-1
201501EK40585,2,3,0,4,0,1,0,0,0,0,2,1,1,1,30,6,109,1,2,-1,1,-1
201501EK40586,1,9,0,3,2,0,0,0,0,0,4,1,1,1,26,6,1560,2,1,-1,1,-1
201501EK40586,2,1,0,15,2,0,0,8,0,0,1,1,2,1,56,9,-1,-1,-1,-1,1,-1
201501EK40587,1,3,0,14,0,1,0,0,0,0,4,1,1,1,18,4,108,1,2,-1,1,-1
201501EK40587,2,9,0,5,0,1,0,0,0,0,3,1,6,1,49,8,2143,2,1,-1,1,-1
201501EK40588,1,9,0,13,0,0,0,0,0,0,4,1,6,2,50,8,1598,1,11,-1,1,-1
201501EK40588,2,1,0,18,0,0,0,0,0,0,3,1,6,1,41,7,-1,-1,-1,-1,1,-1
201501EK40589,1,9,0,18,0,0,0,0,0,0,3,1,6,1,34,6,2987,2,5,-1,1,-1
201501EK40589,2,11,0,11,0,0,0,0,0,0,4,1,1,1,35,6,-1,-1,-1,-1,-1,-1
201501EK40591,1,11,0,5,0,0,0,4,0,0,1,1,1,1,64,9,4461,2,2,-1,1,-1
201501EK40591,2,11,0,2,0,0,0,0,0,0,2,1,1,1,45,7,4461,2,2,-1,1,-1
201501EK40592,1,9,0,7,0,2,0,0,0,0,1,1,6,1,-1,-1,1995,2,10,-1,-1,-1
201501EK40593,1,4,0,18,0,0,0,0,0,0,1,1,6,1,31,6,125,1,2,-1,1,-1
201501EK40593,2,9,0,4,0,0,0,0,0,0,2,1,6,1,-1,-1,-1,-1,-1,-1,-1,-1
201501EK40594,1,1,0,18,0,0,0,0,0,0,1,1,1,1,49,8,-1,-1,-1,-1,1,-1
201501EK40596,1,8,0,18,0,0,0,0,0,0,3,1,6,3,-1,-1,-1,-1,-1,-1,-1,-1
201501EK40597,1,1,0,18,0,1,0,0,0,0,2,1,6,1,28,6,-1,-1,-1,-1,1,-1
201501EK40597,2,9,0,18,0,1,0,0,0,0,1,1,6,1,-1,-1,-1,3,4,-1,-1,-1
201501EK40598,1,1,0,18,0,1,0,0,0,0,1,1,6,1,46,8,-1,-1,-1,-1,1,-1
201501EK40598,2,9,0,9,0,2,0,0,0,0,4,1,6,2,-1,-1,998,1,8,-1,-1,-1
201501EK40599,1,9,0,5,0,0,0,0,0,0,3,1,6,3,-1,-1,998,1,2,-1,-1,-1
201501EK40599,2,1,0,18,0,0,0,0,0,0,4,1,6,1,29,6,-1,-1,-1,-1,1,-1
201501EK40602,1,9,0,18,0,0,0,0,0,0,1,1,1,1,50,8,1686,2,4,-1,1,-1
201501EK40602,2,3,0,4,0,0,0,0,0,0,2,1,6,1,31,6,125,1,-1,-1,1,-1
201501EK40603,1,8,0,6,0,1,0,0,0,0,3,1,1,1,61,9,2402,2,11,-1,1,-1
201501EK40603,2,1,0,18,0,1,0,0,0,0,4,1,6,1,15,3,-1,-1,-1,-1,-1,-1
201501EK40604,1,1,0,18,0,1,0,0,0,0,1,1,6,1,21,5,-1,-1,-1,-1,-1,-1
201501EK40605,1,19,0,1,0,0,0,0,0,0,2,1,6,1,-1,-1,1995,2,1,-1,-1,-1
201501EK40607,1,1,0,18,0,1,0,0,0,0,2,1,6,2,-1,-1,-1,-1,-1,-1,-1,-1
201501EK40607,2,9,0,18,0,1,0,0,0,0,1,1,6,3,-1,-1,-1,-1,-1,-1,-1,-1
201501EK40609,1,8,0,18,0,1,0,0,0,0,1,1,1,1,51,8,1797,8,5,-1,1,-1
201501EK40611,1,3,0,18,0,2,0,0,0,0,1,1,6,1,22,5,125,1,4,-1,1,-1
201501EK40611,2,9,0,18,0,2,0,0,0,0,2,1,6,1,54,8,1598,1,14,-1,1,-1
201501EK40612,1,4,0,18,0,1,0,0,0,0,4,1,2,1,46,8,279,1,3,-1,1,-1
201501EK40612,2,9,0,12,0,1,0,0,0,0,3,1,6,1,-1,-1,1984,1,11,-1,-1,-1
201501EK40613,1,9,0,18,0,1,0,0,0,0,4,1,6,1,40,7,2295,1,15,-1,1,-1
201501EK40613,2,9,0,12,0,1,0,0,0,0,3,1,6,1,22,5,1560,2,10,-1,-1,-1
201501EK40614,1,11,0,5,0,1,0,0,0,0,0,1,1,1,54,8,7300,2,11,-1,1,-1
201501EK40616,1,3,0,18,0,0,0,0,0,0,4,1,6,1,24,5,125,1,-1,-1,1,-1
201501EK40617,1,9,0,9,0,8,0,0,0,0,3,1,6,2,72,10,1769,1,11,-1,1,-1
201501EK40617,2,9,0,13,0,8,0,0,0,0,4,1,6,1,-1,-1,1596,1,7,-1,1,-1
201501EK40618,1,9,0,18,0,0,0,0,0,0,1,1,6,1,47,8,1598,1,10,-1,1,-1
201501EK40618,2,1,0,18,0,0,0,0,0,0,3,1,6,1,30,6,-1,-1,-1,-1,-1,-1
201501EK40619,1,19,0,2,0,0,0,0,0,0,3,1,1,1,45,7,1968,2,1,-1,-1,-1
201501EK40619,2,1,0,18,0,0,0,8,0,0,1,1,6,1,25,5,-1,-1,-1,-1,1,-1
201501EK40620,1,11,0,5,0,1,0,0,0,0,0,1,1,1,23,5,7300,2,9,-1,1,-1
201501EK40621,1,9,0,18,0,1,0,0,0,0,2,1,6,1,23,5,2700,1,16,-1,-1,-1
201501EK40621,2,5,0,18,0,1,0,0,0,0,1,1,2,1,25,5,999,1,5,-1,1,-1
201501EK40622,1,9,0,9,0,2,0,0,0,0,1,1,6,1,83,11,-1,-1,-1,-1,-1,-1
201501EK40623,1,8,0,18,0,2,0,0,0,0,1,1,1,1,71,10,2499,2,8,-1,1,-1
201501EK40624,1,8,0,18,0,8,0,0,0,0,1,1,1,1,47,8,2499,2,3,-1,1,-1
201501EK40624,2,8,0,9,0,8,0,0,0,0,4,1,1,1,37,7,1797,8,5,-1,1,-1
201501EK40626,1,9,0,4,0,1,0,0,0,0,1,1,6,1,53,8,1910,2,8,-1,1,-1
201501EK40626,2,9,0,3,0,1,0,0,0,0,2,1,6,1,28,6,1896,2,11,-1,1,-1
201501EK40627,1,19,0,9,0,1,0,0,0,0,3,1,1,1,62,9,1753,2,4,-1,1,-1
201501EK40627,2,5,0,14,0,1,0,0,0,0,1,1,1,1,44,7,996,1,9,-1,1,-1
201501EK40628,1,19,0,2,0,0,0,0,0,0,3,1,1,1,48,8,2499,2,12,-1,1,-1
201501EK40628,2,20,1,18,0,0,0,8,0,0,4,2,1,3,-1,-1,-1,-1,-1,-1,-1,-1
201501EK40629,1,1,0,18,0,2,0,0,0,0,3,1,6,1,43,7,-1,-1,-1,-1,1,-1
201501EK40629,2,4,0,13,0,2,0,0,0,0,4,1,6,1,37,7,249,1,2,-1,1,-1
201501EK40630,1,9,0,9,0,8,0,0,0,0,4,1,2,1,47,8,3800,1,-1,-1,1,-1
201501EK40630,2,3,0,17,0,8,0,0,0,0,1,1,1,1,40,7,108,1,1,-1,1,-1
201501EK40631,1,1,0,18,0,1,0,0,0,0,1,1,6,1,52,8,-1,-1,-1,-1,1,-1
201501EK40631,2,1,0,13,0,1,0,0,0,0,2,1,6,3,-1,-1,-1,-1,-1,-1,-1,-1
201501EK40633,1,1,0,18,0,1,0,0,0,0,1,1,6,1,24,5,-1,-1,-1,-1,1,-1
201501EK40634,1,8,0,6,0,0,0,0,0,0,1,1,1,1,52,8,1339,8,4,-1,1,-1
201501EK40634,2,4,0,18,0,0,0,0,0,0,3,1,6,1,50,8,493,1,1,-1,1,-1
201501EK40635,1,9,0,1,0,1,0,0,0,0,2,1,6,1,-1,-1,1984,1,9,-1,-1,-1
201501EK40636,1,1,0,18,0,8,0,0,0,0,1,1,6,1,50,8,-1,-1,-1,-1,1,-1
201501EK40636,2,8,0,9,0,8,0,0,0,0,3,1,1,1,-1,-1,1997,2,6,-1,1,-1
201501EK40637,1,8,0,9,0,8,0,0,0,0,3,1,1,1,46,8,1596,1,4,-1,1,-1
201501EK40637,2,9,0,13,0,8,0,0,0,0,4,1,6,1,-1,-1,1560,2,4,-1,-1,-1
201501EK40639,1,19,0,18,0,0,0,0,0,0,1,1,6,1,37,7,2198,2,3,-1,1,-1
201501EK40639,2,9,0,18,0,0,0,0,0,0,1,1,6,1,-1,-1,1794,1,7,-1,1,-1
201501EK40640,1,9,0,9,0,8,0,0,0,0,3,1,1,1,32,6,1995,2,2,-1,1,-1
201501EK40640,2,3,0,13,0,8,0,0,0,0,4,1,6,1,20,4,124,1,5,-1,1,-1
201501EK40642,1,3,0,18,0,0,0,0,0,0,1,1,6,1,22,5,125,1,7,-1,1,-1
201501EK40642,2,9,0,1,0,0,0,0,0,0,2,1,6,2,39,7,1461,2,1,-1,1,-1
201501EK40643,1,9,0,3,0,1,0,0,0,0,1,1,6,1,33,6,2979,1,10,-1,1,-1
201501EK40643,2,9,0,1,0,1,0,0,0,0,2,1,6,1,56,9,1968,2,1,-1,1,-1
201501EK40646,1,8,0,1,0,2,0,0,0,0,2,1,6,1,-1,-1,1797,8,5,-1,-1,-1
201501EK40648,1,3,0,18,0,8,0,0,0,0,1,1,6,1,28,6,124,1,-1,-1,1,-1
201501EK40648,2,3,0,18,0,8,0,0,0,0,4,1,6,1,43,7,-1,-1,-1,-1,1,-1
201501EK40649,1,9,0,7,0,1,0,0,0,0,4,1,6,1,30,6,2987,2,2,-1,1,-1
201501EK40649,2,1,0,15,0,1,0,0,0,0,3,1,6,2,29,6,-1,-1,-1,-1,1,-1
201501EK40652,1,8,0,7,0,8,0,0,0,0,0,1,1,1,55,8,2664,2,14,-1,1,-1
201501EK40654,1,9,0,9,0,6,0,0,0,0,1,1,6,1,45,7,1968,2,1,-1,-1,-1
201501EK40657,1,1,0,18,0,0,0,0,0,0,1,1,2,1,34,6,-1,-1,-1,-1,1,-1
201501EK40658,1,9,0,9,0,8,0,0,0,0,4,1,1,1,38,7,1997,2,5,-1,1,-1