Accident_Index,Vehicle_Reference,Vehicle_Type,Towing_and_Articulation,Vehicle_Manoeuvre,Vehicle_Location-Restricted_Lane,Junction_Location,Skidding_and_Overturning,Hit_Object_in_Carriageway,Vehicle_Leaving_Carriageway,Hit_Object_off_Carriageway,1st_Point_of_Impact,Was_Vehicle_Left_Hand_Drive?,Journey_Purpose_of_Driver,Sex_of_Driver,Age_of_Driver,Age_Band_of_Driver,Engine_Capacity_(CC),Propulsion_Code,Age_of_Vehicle,Driver_IMD_Decile,Driver_Home_Area_Type,Vehicle_IMD_Decile
201501EK40658,2,1,0,18,0,8,0,0,0,0,1,1,6,1,75,10,-1,-1,-1,-1,1,-1
201501EK40659,1,2,0,17,0,1,0,0,0,0,1,1,6,3,-1,-1,108,1,-1,-1,-1,-1
201501EK40660,1,1,0,18,0,0,0,0,0,0,3,1,6,1,52,8,-1,-1,-1,-1,1,-1
201501EK40661,1,11,0,18,9,0,0,10,1,4,1,1,1,1,62,9,8268,2,16,-1,1,-1
201501EK40663,1,9,0,18,0,2,0,0,0,0,1,1,6,1,79,11,1910,2,9,-1,1,-1
201501EK40664,1,9,0,1,0,0,0,0,0,0,2,1,1,1,48,8,1797,8,5,-1,1,-1
201501EK40665,1,11,0,5,0,0,0,0,0,0,0,1,1,1,46,8,4500,2,-1,-1,1,-1
201501EK40666,1,19,0,18,0,0,0,0,0,0,1,1,1,1,56,9,2198,2,2,-1,1,-1
201501EK40667,1,9,0,18,0,2,0,0,0,0,1,1,6,1,58,9,1995,2,-1,-1,1,-1
201501EK40667,2,1,0,18,0,2,0,0,0,0,3,1,6,1,24,5,-1,-1,-1,-1,1,-1
201501EK40668,1,11,0,3,0,0,0,0,0,0,0,1,1,1,31,6,4461,2,1,-1,1,-1
201501EK40669,1,9,0,7,0,2,0,0,0,0,1,1,6,1,-1,-1,1598,1,10,-1,-1,-1
201501EK40670,1,2,0,18,0,0,0,0,0,0,3,1,2,1,34,6,125,1,5,-1,1,-1
201501EK40671,1,2,0,18,0,0,0,0,0,0,4,1,2,1,31,6,49,1,12,-1,1,-1
201501EK40671,2,9,0,5,0,0,0,0,0,0,3,1,1,1,66,10,-1,-1,-1,-1,1,-1
201501EK40672,1,9,0,7,0,2,0,0,0,0,1,1,6,1,-1,-1,-1,-1,-1,-1,-1,-1
201501EK40673,1,1,0,16,0,0,0,8,0,0,1,1,6,1,40,7,-1,-1,-1,-1,1,-1
201501EK40673,2,9,0,2,0,0,0,0,0,0,3,1,6,2,26,6,1598,1,13,-1,1,-1
201501EK40675,1,2,0,18,0,2,0,0,0,0,1,1,6,1,50,8,50,1,1,-1,1,-1
201501EK40675,2,19,0,18,0,2,0,0,0,0,2,1,6,1,34,6,3920,2,6,-1,1,-1
201501EK40676,1,1,0,18,0,0,0,0,0,0,2,1,2,1,46,8,-1,-1,-1,-1,1,-1
201501EK40676,2,9,0,18,0,0,0,0,0,0,1,1,6,2,-1,-1,-1,-1,-1,-1,-1,-1
201501EK40677,1,19,0,3,0,0,0,0,0,0,2,1,2,1,34,6,-1,-1,-1,-1,1,-1
201501EK40677,2,1,0,18,0,0,0,0,0,0,1,1,2,1,36,7,-1,-1,-1,-1,1,-1
201501EK40678,1,11,0,18,0,2,0,0,0,0,0,1,1,1,52,8,4461,2,2,-1,1,-1
201501EK40679,1,1,0,18,0,1,0,0,0,0,2,1,2,1,42,7,-1,-1,-1,-1,1,-1
201501EK40679,2,9,0,18,0,1,0,0,0,0,1,1,6,1,-1,-1,-1,-1,-1,-1,-1,-1
201501EK40680,1,1,0,18,0,1,0,0,0,0,2,1,6,1,41,7,-1,-1,-1,-1,1,-1
201501EK40680,2,9,0,18,0,1,0,0,0,0,1,1,6,3,-1,-1,996,1,2,-1,-1,-1
201501EK40681,1,9,0,1,0,2,0,0,0,0,2,1,6,1,-1,-1,-1,-1,-1,-1,-1,-1
201501EK40682,1,1,0,9,0,2,0,0,0,0,1,1,6,1,-1,-1,-1,-1,-1,-1,-1,-1
201501EK40684,1,8,0,2,0,2,0,0,0,0,3,1,1,1,44,7,1798,8,-1,-1,1,-1
201501EK40684,2,1,0,18,0,2,0,8,0,0,1,1,6,2,24,5,-1,-1,-1,-1,1,-1
201501EK40685,1,9,0,18,0,2,0,0,0,0,1,1,6,1,26,6,1968,2,12,-1,1,-1
201501EK40685,2,9,0,3,0,1,0,0,0,0,2,1,1,2,-1,-1,-1,-1,-1,-1,-1,-1
201501EK40686,1,21,0,7,0,8,0,0,0,0,4,1,1,1,22,5,8970,2,8,-1,1,-1
201501EK40686,2,1,0,18,0,8,0,0,0,0,3,1,2,1,25,5,-1,-1,-1,-1,1,-1
201501EK40687,1,11,0,5,0,0,0,0,0,0,0,1,1,1,42,7,4461,2,2,-1,1,-1
201501EK40688,1,9,0,18,0,0,0,0,0,0,4,1,6,1,52,8,1999,1,10,-1,1,-1
201501EK40688,2,1,0,12,0,0,0,0,0,0,3,1,6,1,51,8,-1,-1,-1,-1,1,-1
201501EK40689,1,2,0,18,0,0,0,0,0,0,3,1,1,1,20,4,49,1,6,-1,1,-1
201501EK40690,1,5,0,18,0,0,0,0,0,0,2,1,6,1,45,7,1099,1,8,-1,1,-1
201501EK40690,2,9,0,18,0,0,0,0,0,0,1,1,6,1,-1,-1,-1,-1,-1,-1,-1,-1
201501EK40692,1,20,1,18,0,8,0,0,0,0,3,1,1,1,45,7,-1,-1,-1,-1,1,-1
201501EK40692,2,1,0,18,0,8,0,0,0,0,1,1,6,1,28,6,-1,-1,-1,-1,1,-1
201501EK40693,1,3,0,18,0,0,0,0,0,0,1,1,6,1,21,5,125,1,4,-1,1,-1
201501EK40693,2,1,0,18,0,0,0,0,0,0,2,1,6,2,25,5,-1,-1,-1,-1,1,-1
201501EK40694,1,1,0,18,0,1,0,0,0,0,2,1,6,1,25,5,-1,-1,-1,-1,1,-1
201501EK40694,2,9,0,18,0,1,0,0,0,0,1,1,6,2,-1,-1,-1,-1,-1,-1,-1,-1
201501EK40695,1,8,0,13,0,1,0,0,0,0,4,1,6,1,45,7,1997,2,4,-1,1,-1
201501EK40695,2,1,0,18,0,1,0,0,0,0,3,1,2,1,49,8,-1,-1,-1,-1,1,-1
201501EK40696,1,9,0,18,0,8,0,0,0,0,1,1,6,1,49,8,-1,3,1,-1,1,-1
201501EK40696,2,11,0,18,0,8,0,0,0,0,4,1,1,1,40,7,4500,2,5,-1,1,-1
201501EK40697,1,9,0,18,0,1,0,0,0,0,1,1,6,2,29,6,998,1,7,-1,1,-1
201501EK40698,1,11,0,4,0,1,0,0,0,0,0,1,1,1,55,8,7300,2,12,-1,1,-1
201501EK40699,1,3,0,18,2,1,0,0,0,0,3,1,6,1,63,9,1170,1,7,-1,1,-1
201501EK40699,2,9,0,7,0,5,0,0,0,0,4,1,6,1,50,8,2496,1,12,-1,1,-1
201501EK40700,1,19,0,5,0,1,0,0,0,0,1,1,6,1,57,9,1870,2,10,-1,1,-1
201501EK40700,2,9,0,3,0,1,0,0,0,0,2,1,6,1,26,6,1797,8,5,-1,1,-1
201501EK40701,1,8,0,9,0,8,0,0,0,0,1,1,1,1,33,6,1797,8,5,-1,1,-1
201501EK40701,2,1,0,18,0,8,0,0,0,0,1,1,2,1,27,6,-1,-1,-1,-1,1,-1
201501EK40702,1,1,0,18,0,0,0,0,0,0,4,1,6,1,28,6,-1,-1,-1,-1,1,-1
201501EK40702,2,9,0,5,0,0,0,0,0,0,3,1,6,1,-1,-1,1997,2,4,-1,-1,-1
201501EK40705,1,1,0,18,0,1,0,0,0,0,3,1,2,2,24,5,-1,-1,-1,-1,1,-1
201501EK40705,2,9,0,7,0,5,0,0,0,0,4,1,6,3,-1,-1,-1,-1,-1,-1,-1,-1
201501EK40706,1,19,0,18,0,1,0,0,0,0,3,1,1,1,26,6,1560,2,6,-1,1,-1
201501EK40707,1,1,0,18,0,0,0,0,0,0,3,1,2,2,36,7,-1,-1,-1,-1,1,-1
201501EK40707,2,3,0,13,0,0,0,0,0,0,4,1,2,1,-1,-1,-1,-1,-1,-1,-1,-1
201501EK40709,1,9,0,18,0,2,0,0,0,0,1,1,6,3,-1,-1,-1,-1,-1,-1,-1,-1
201501EK40710,1,3,0,3,0,2,0,0,0,0,1,1,1,1,33,6,125,1,8,-1,1,-1
201501EK40710,2,9,0,1,0,2,0,0,0,0,2,1,6,2,25,5,1598,2,2,-1,1,-1
201501EK40711,1,9,0,6,0,2,0,0,0,0,3,1,2,1,67,10,1598,1,3,-1,1,-1
201501EK40711,2,5,0,13,0,2,0,0,0,0,4,1,2,1,36,7,599,1,14,-1,1,-1
201501EK40712,1,11,0,5,0,0,0,0,0,0,0,1,1,1,-1,-1,-1,-1,-1,-1,-1,-1
201501EK40713,1,1,0,14,0,0,0,8,0,0,1,1,6,1,29,6,-1,-1,-1,-1,1,-1
201501EK40713,2,9,0,3,0,0,0,0,0,0,3,1,6,1,30,6,-1,-1,-1,-1,-1,-1
201501EK40714,1,9,0,18,0,2,0,0,0,0,1,1,6,1,59,9,1560,2,-1,-1,1,-1
201501EK40716,1,9,0,3,0,1,0,0,0,0,2,1,6,1,32,6,1797,1,18,-1,1,-1
201501EK40716,2,9,0,18,0,1,0,0,0,0,1,1,6,1,-1,-1,1968,1,10,-1,-1,-1
201501EK40717,1,1,0,18,0,0,0,0,0,0,1,1,2,1,29,6,-1,-1,-1,-1,1,-1
201501EK40717,2,8,0,4,0,0,0,0,0,0,2,1,1,1,45,7,2499,2,5,-1,1,-1
201501EK40718,1,3,0,16,0,8,0,0,0,0,1,1,2,1,39,7,125,1,12,-1,1,-1
201501EK40718,2,9,0,9,0,8,0,0,0,0,1,1,2,1,-1,-1,1461,2,-1,-1,1,-1
201501EK40719,1,8,0,3,0,1,0,0,0,0,2,1,1,1,32,6,1798,8,3,-1,1,-1
201501EK40719,2,9,0,18,0,1,0,0,0,0,1,1,6,1,25,5,2171,1,13,-1,-1,-1
201501EK40720,1,1,0,14,0,0,0,8,0,0,1,1,6,1,54,8,-1,-1,-1,-1,1,-1
201501EK40720,2,9,0,3,0,0,0,0,0,0,3,1,6,1,-1,-1,2143,2,5,-1,-1,-1
201501EK40721,1,9,0,5,0,1,0,0,0,0,1,1,1,1,46,8,1798,1,2,-1,1,-1
201501EK40721,2,9,0,5,0,1,0,0,0,0,2,1,6,2,50,8,-1,-1,-1,-1,1,-1
201501EK40722,1,5,0,4,0,0,0,0,0,0,2,1,6,1,35,6,-1,-1,-1,-1,1,-1
201501EK40722,2,9,0,18,0,0,0,0,0,0,1,1,6,1,-1,-1,1497,8,6,-1,-1,-1
201501EK40723,1,11,0,18,0,1,0,0,0,0,0,1,1,1,49,8,4461,2,2,-1,1,-1
201501EK40724,1,19,0,1,0,0,0,0,0,0,2,1,1,1,-1,-1,1896,2,6,-1,1,-1
201501EK40727,1,1,0,18,0,2,0,0,0,0,4,1,6,1,37,7,-1,-1,-1,-1,-1,-1
201501EK40729,1,9,0,9,0,8,0,0,0,0,4,1,1,1,54,8,1596,1,1,-1,1,-1
201501EK40729,2,1,0,18,0,8,0,0,0,0,1,1,2,1,41,7,-1,-1,-1,-1,1,-1
201501EK40730,1,3,0,16,0,0,0,0,0,0,4,1,1,1,23,5,108,1,-1,-1,1,-1
201501EK40731,1,11,0,18,2,0,0,0,0,0,0,1,1,1,27,6,6692,2,6,-1,1,-1
201501EK40731,2,9,0,11,2,0,0,0,0,0,0,1,6,3,-1,-1,-1,-1,-1,-1,-1,-1
201501EK40732,1,5,0,18,0,8,0,0,0,0,4,1,6,1,20,4,996,1,15,-1,1,-1
201501EK40732,2,9,0,18,0,8,0,0,0,0,1,1,6,2,71,10,1598,1,15,-1,1,-1
201501EK40733,1,11,0,5,0,1,0,0,0,0,0,1,1,2,59,9,4461,2,2,-1,1,-1
201501EK40734,1,1,0,18,0,1,0,0,0,0,3,1,2,2,33,6,-1,-1,-1,-1,1,-1
201501EK40734,2,19,0,7,0,5,0,0,0,0,4,1,1,1,64,9,1560,2,5,-1,2,-1
201501EK40735,1,9,0,18,9,1,0,10,1,2,1,1,6,2,29,6,1329,1,6,-1,1,-1
201501EK40736,1,5,0,18,0,2,0,0,0,0,1,1,6,1,39,7,-1,-1,-1,-1,1,-1
201501EK40737,1,9,0,18,0,0,0,0,0,0,4,1,6,2,74,10,1796,1,7,-1,1,-1
201501EK40738,1,19,0,18,0,0,0,0,0,0,4,1,6,3,-1,-1,2464,2,7,-1,-1,-1
201501EK40739,1,19,0,18,0,8,0,0,0,0,4,1,1,1,44,7,1753,2,9,-1,1,-1
201501EK40739,2,9,0,18,0,8,0,0,0,0,1,1,6,1,28,6,1598,2,1,-1,1,-1
201501EK40740,1,9,0,3,0,1,0,0,0,0,3,1,6,1,42,7,1995,2,4,-1,1,-1
201501EK40740,2,1,0,14,0,1,0,0,0,0,4,1,6,1,40,7,-1,-1,-1,-1,1,-1
201501EK40741,1,9,0,16,0,8,0,0,0,0,1,1,6,1,27,6,2987,2,2,-1,1,-1
201501EK40741,2,9,0,18,0,8,0,0,0,0,3,1,2,1,67,10,3498,1,-1,-1,1,-1
201501EK40742,1,8,0,18,0,1,0,0,0,0,1,1,1,1,67,10,2499,2,8,-1,1,-1
201501EK40742,2,3,0,3,0,1,0,0,0,0,2,1,6,1,41,7,395,1,1,-1,-1,-1
201501EK40743,1,1,0,18,0,0,0,0,0,0,2,1,6,1,26,6,-1,-1,-1,-1,1,-1
201501EK40743,2,9,0,18,0,0,0,0,0,0,1,1,6,3,-1,-1,-1,-1,-1,-1,-1,-1
201501EK40744,1,8,0,3,0,2,0,0,0,0,2,1,1,1,42,7,2499,2,1,-1,1,-1
201501EK40744,2,9,0,7,0,2,0,0,0,0,1,1,6,1,26,6,1797,8,5,-1,1,-1
201501EK40747,1,3,0,18,0,1,0,0,0,0,1,1,6,1,46,8,124,1,8,-1,1,-1
201501EK40747,2,9,0,4,0,1,0,0,0,0,2,1,6,1,53,8,1984,1,2,-1,1,-1
201501EK40748,1,1,0,18,0,0,0,8,0,0,1,1,2,1,43,7,-1,-1,-1,-1,1,-1
201501EK40748,2,9,0,2,0,0,0,0,0,0,3,1,6,1,-1,-1,1299,1,15,-1,-1,-1
201501EK40750,1,9,0,5,0,0,0,0,0,0,3,1,2,1,30,6,1995,2,4,-1,2,-1
201501EK40750,2,4,0,18,0,0,0,0,0,0,4,1,6,2,35,6,649,1,6,-1,1,-1
201501EK40751,1,3,0,13,0,8,0,0,0,0,4,1,6,1,23,5,124,1,2,-1,1,-1
201501EK40751,2,11,0,9,0,8,0,0,0,0,3,1,1,1,-1,-1,4249,2,7,-1,-1,-1
201501EK40752,1,11,0,18,0,1,0,0,0,0,0,1,1,1,50,8,7300,2,11,-1,1,-1
201501EK40754,1,19,0,18,0,0,0,0,0,0,4,1,6,1,33,6,2198,2,3,-1,1,-1
201501EK40755,1,1,0,18,0,1,0,0,0,0,3,1,6,2,56,9,-1,-1,-1,-1,1,-1
201501EK40755,2,3,0,13,0,1,0,0,0,0,4,1,6,3,-1,-1,-1,-1,-1,-1,-1,-1
201501EK40756,1,5,0,9,0,8,0,0,0,0,4,1,6,1,30,6,-1,-1,-1,-1,1,-1
201501EK40756,2,1,0,18,0,8,0,0,0,0,1,1,6,1,30,6,-1,-1,-1,-1,1,-1
201501EK40757,1,3,0,18,0,8,0,0,0,0,1,1,6,1,34,6,125,1,-1,-1,1,-1
201501EK40757,2,9,0,9,0,8,0,0,0,0,3,1,6,1,50,8,-1,-1,-1,-1,-1,-1
201501EK40758,1,8,0,18,0,1,0,0,0,0,1,1,1,1,40,7,1797,8,6,-1,1,-1
201501EK40760,1,9,0,18,0,0,0,0,0,0,1,1,6,3,-1,-1,-1,-1,-1,-1,-1,-1
201501EK40762,1,11,0,5,0,0,0,0,0,0,0,1,1,1,57,9,4760,2,2,-1,1,-1
201501EK40763,1,9,0,11,0,0,5,10,0,0,4,1,6,1,24,5,2720,2,7,-1,1,-1
201501EK40763,2,8,0,18,0,0,0,0,0,0,2,1,1,1,66,10,2499,2,1,-1,1,-1
201501EK40763,3,9,0,18,0,0,0,0,0,0,2,1,6,1,63,9,2993,2,4,-1,1,-1
201501EK40763,4,9,0,18,0,0,0,0,0,0,2,1,6,1,31,6,-1,-1,-1,-1,3,-1
201501EK40764,1,2,0,18,0,8,0,0,0,0,1,1,6,1,51,8,198,1,15,-1,1,-1
201501EK40764,2,9,0,7,0,8,0,0,0,0,3,1,6,1,34,6,5204,1,6,-1,1,-1
201501EK40765,1,8,0,3,0,2,0,0,0,0,2,1,1,1,52,8,2664,2,15,-1,1,-1
201501EK40765,2,9,0,18,0,2,0,0,0,0,1,1,6,1,58,9,1769,1,11,-1,-1,-1
201501EK40766,1,19,0,18,0,1,0,0,0,0,3,1,1,1,50,8,2198,2,1,-1,1,-1
201501EK40766,2,8,0,9,0,1,0,0,0,0,1,1,1,1,48,8,-1,-1,-1,-1,1,-1
201501EK40767,1,8,0,15,0,1,0,0,0,0,3,1,1,1,57,9,1797,8,4,-1,1,-1
201501EK40768,1,2,0,18,0,0,0,0,0,0,3,1,2,2,36,7,49,1,6,-1,1,-1
201501EK40769,1,9,0,18,0,2,0,7,0,0,3,1,6,1,29,6,1598,1,5,-1,1,-1
201501EK40771,1,2,0,18,0,2,0,0,0,0,1,1,6,1,28,6,125,1,2,-1,1,-1
201501EK40772,1,9,0,4,0,8,0,0,0,0,4,1,6,2,52,8,1951,2,13,-1,1,-1
201501EK40772,2,1,0,18,0,8,0,0,0,0,1,1,6,1,39,7,-1,-1,-1,-1,-1,-1
201501EK40773,1,9,0,9,0,2,0,0,0,0,1,1,6,2,32,6,2199,2,5,-1,-1,-1
201501EK40774,1,1,0,18,0,8,0,0,0,0,3,1,2,1,31,6,-1,-1,-1,-1,1,-1
201501EK40774,2,19,0,17,0,8,0,0,0,0,1,1,6,1,-1,-1,2148,2,10,-1,-1,-1
201501EK40775,1,9,0,2,0,0,0,0,0,0,2,1,6,3,-1,-1,1686,2,2,-1,-1,-1
201501EK40775,2,1,0,18,0,0,0,4,0,0,1,1,6,2,41,7,-1,-1,-1,-1,1,-1
201501EK40777,1,8,0,3,0,0,0,0,0,0,3,1,1,1,42,7,1968,2,3,-1,1,-1
201501EK40777,2,1,0,14,0,0,0,8,0,0,1,1,6,1,25,5,-1,-1,-1,-1,1,-1
201501EK40778,1,1,0,18,4,1,0,0,0,0,3,1,6,1,23,5,-1,-1,-1,-1,1,-1
201501EK40778,2,9,0,7,0,5,0,0,0,0,4,1,6,1,-1,-1,1896,2,12,-1,-1,-1
201501EK40779,1,19,0,4,0,1,0,0,0,0,2,1,6,1,45,7,-1,-1,-1,-1,1,-1
201501EK40779,2,9,0,18,0,1,0,0,0,0,1,1,6,3,-1,-1,-1,-1,-1,-1,-1,-1
201501EK40780,1,9,0,4,0,1,0,0,0,0,2,1,6,1,39,7,1598,2,3,-1,1,-1
201501EK40780,2,9,0,18,0,1,0,0,0,0,1,1,6,3,-1,-1,1686,2,3,-1,-1,-1
201501EK40781,1,9,0,18,0,1,0,0,0,0,1,1,6,3,-1,-1,-1,-1,-1,-1,-1,-1
201501EK40782,1,9,0,3,0,0,0,0,0,0,2,1,6,2,-1,-1,-1,-1,-1,-1,-1,-1
201501EK40782,2,9,0,18,0,0,0,0,0,0,1,1,6,2,22,5,1229,1,7,-1,-1,-1
201501EK40783,1,9,0,18,0,8,0,0,0,0,1,1,6,2,45,7,1364,1,7,-1,-1,-1
201501EK40783,2,11,0,18,0,8,0,0,0,0,4,1,1,1,62,9,4760,2,3,-1,1,-1
201501EK40784,1,9,0,9,0,2,0,0,0,0,2,1,6,1,26,6,1995,2,6,-1,1,-1
201501EK40784,2,9,0,9,0,2,0,0,0,0,1,1,1,1,27,6,-1,-1,-1,-1,1,-1
201501EK40785,1,9,0,10,0,1,0,0,0,0,2,1,6,2,33,6,1995,2,3,-1,1,-1
201501EK40785,2,19,0,10,0,1,0,0,0,0,2,1,6,1,46,8,2198,2,-1,-1,1,-1
201501EK40785,3,9,0,18,0,1,0,0,0,0,1,1,1,1,46,8,4367,2,2,-1,-1,-1
201501EK40786,1,19,0,7,0,8,0,0,0,0,1,1,6,2,-1,-1,2198,2,1,-1,-1,-1
201501EK40786,2,1,0,18,0,8,0,0,0,0,4,1,6,1,36,7,-1,-1,-1,-1,1,-1
201501EK40787,1,9,0,9,0,2,0,0,0,0,3,1,6,2,-1,-1,1461,2,3,-1,1,-1
201501EK40787,2,2,0,11,0,2,0,0,0,0,1,1,6,1,44,7,49,1,12,-1,1,-1
201501EK40788,1,1,0,18,0,1,0,0,0,0,0,1,6,1,42,7,-1,-1,-1,-1,1,-1
201501EK40788,2,9,0,9,0,8,0,0,0,0,0,1,6,3,-1,-1,-1,-1,-1,-1,-1,-1
201501EK40789,1,9,0,12,0,0,0,0,0,0,3,1,6,2,29,6,1364,1,6,-1,1,-1
201501EK40789,2,3,0,12,0,0,0,0,0,0,4,1,6,2,53,8,-1,-1,-1,-1,1,-1
201501EK40790,1,1,0,18,0,0,0,0,0,0,3,1,6,1,54,8,-1,-1,-1,-1,1,-1
201501EK40790,2,9,0,13,0,0,0,0,0,0,4,1,6,3,-1,-1,-1,-1,-1,-1,-1,-1
201501EK40791,1,11,0,5,0,2,0,0,0,0,0,1,1,1,31,6,4461,2,2,-1,-1,-1
201501EK40794,1,1,0,18,0,0,0,0,0,0,4,1,2,1,23,5,-1,-1,-1,-1,1,-1
201501EK40794,2,19,0,5,0,0,0,0,0,0,3,1,6,3,-1,-1,-1,-1,-1,-1,-1,-1
201501EK40796,1,9,0,4,0,0,0,0,0,0,2,1,6,1,46,8,2298,1,16,-1,1,-1
201501EK40796,2,9,0,18,0,0,0,0,0,0,1,1,6,3,-1,-1,-1,-1,-1,-1,-1,-1
201501EK40798,1,8,0,10,0,1,0,0,0,0,2,1,1,1,31,6,-1,-1,-1,-1,1,-1
201501EK40798,2,9,0,18,0,1,0,0,0,0,1,1,6,1,-1,-1,2401,2,8,-1,-1,-1
201501EK40799,1,3,0,18,0,8,0,0,0,0,1,1,6,1,51,8,125,1,1,-1,1,-1
201501EK40799,2,9,0,9,0,8,0,0,0,0,3,1,6,1,-1,-1,1910,2,5,-1,-1,-1
201501EK40800,1,9,0,4,0,1,0,0,0,0,1,1,6,2,53,8,2997,1,1,-1,1,-1
201501EK40800,2,9,0,4,0,1,0,0,0,0,2,1,6,1,25,5,1797,8,1,-1,1,-1
201501EK40801,1,3,0,18,0,1,0,0,0,0,4,1,6,1,27,6,125,1,7,-1,1,-1
201501EK40803,1,9,0,9,0,8,0,0,0,0,4,1,6,2,59,9,1390,1,5,-1,1,-1
201501EK40803,2,1,0,18,0,8,0,0,0,0,1,1,2,1,23,5,-1,-1,-1,-1,1,-1
201501EK40804,1,1,0,18,0,1,0,0,0,0,1,1,6,1,29,6,-1,-1,-1,-1,1,-1
201501EK40806,1,11,0,18,0,0,0,0,0,0,0,1,1,1,43,7,4500,2,4,-1,1,-1
201501EK40807,1,8,0,18,0,1,0,0,0,0,3,1,1,1,-1,-1,-1,-1,-1,-1,-1,-1
201501EK40807,2,19,0,9,0,1,0,0,0,0,4,1,1,1,-1,-1,2198,2,1,-1,-1,-1
201501EK40808,1,8,0,18,0,0,0,0,0,0,1,1,1,1,50,8,2499,2,6,-1,1,-1
201501EK40809,1,9,0,18,0,1,0,10,7,0,4,1,6,1,29,6,1686,2,8,-1,1,-1
201501EK40809,2,8,0,9,0,1,0,0,0,0,3,1,1,1,29,6,1797,8,5,-1,1,-1
201501EK40811,1,1,0,10,0,1,0,0,0,0,4,1,2,1,73,10,-1,-1,-1,-1,1,-1
201501EK40811,2,21,1,15,0,1,0,0,0,0,3,2,1,1,-1,-1,-1,-1,-1,-1,-1,-1
201501EK40812,1,11,0,18,0,0,0,0,0,0,4,1,1,1,28,6,8300,2,9,-1,1,-1
201501EK40813,1,19,0,18,0,2,0,0,0,0,1,1,1,1,77,11,-1,-1,-1,-1,1,-1
201501EK40813,2,1,0,18,0,2,0,0,0,0,2,1,2,1,33,6,-1,-1,-1,-1,-1,-1
201501EK40814,1,9,0,9,0,2,0,0,0,0,1,1,6,3,-1,-1,-1,-1,-1,-1,-1,-1
201501EK40815,1,9,0,9,0,1,0,0,0,0,2,1,6,1,28,6,999,1,3,-1,1,-1
201501EK40815,2,9,0,18,0,1,0,0,0,0,1,1,6,1,-1,-1,1364,1,6,-1,-1,-1
201501EK40816,1,19,0,18,0,2,0,0,0,0,1,1,1,1,30,6,1968,2,1,-1,1,-1
201501EK40817,1,5,0,18,0,1,0,0,0,0,1,1,6,1,41,7,125,1,3,-1,1,-1
201501EK40817,2,9,0,9,0,8,0,0,0,0,1,1,6,1,36,7,1686,2,10,-1,1,-1
201501EK40819,1,3,0,18,0,8,0,0,0,0,3,1,6,1,26,6,125,1,4,-1,1,-1
201501EK40819,2,9,0,18,0,8,0,0,0,0,1,1,6,2,44,7,1595,1,8,-1,1,-1
201501EK40820,1,3,0,9,0,2,1,0,0,0,3,1,1,1,55,8,108,1,1,-1,1,-1
201501EK40821,1,9,0,18,0,8,0,0,0,0,1,1,6,1,48,8,1598,1,8,-1,1,-1
201501EK40821,2,9,0,18,0,8,0,0,0,0,3,1,6,1,45,7,-1,-1,-1,-1,1,-1
201501EK40822,1,11,0,18,0,2,0,0,0,0,0,1,1,1,36,7,4500,2,4,-1,1,-1
201501EK40824,1,9,0,1,0,0,0,0,0,0,1,1,6,2,39,7,1968,2,-1,-1,1,-1
201501EK40824,2,9,0,5,0,0,0,0,0,0,3,1,6,1,-1,-1,1762,1,19,-1,1,-1
201501EK40825,1,19,0,18,0,8,0,0,0,0,4,1,2,1,33,6,1995,2,4,-1,1,-1
201501EK40825,2,3,0,5,0,8,1,0,0,0,1,1,2,1,33,6,599,1,7,-1,1,-1
201501EK40826,1,1,0,18,0,0,0,8,0,0,1,1,2,1,59,9,-1,-1,-1,-1,1,-1
201501EK40826,2,9,0,2,0,0,0,0,0,0,4,1,6,1,-1,-1,1199,1,11,-1,1,-1
201501EK40827,1,9,0,6,0,1,0,0,0,0,3,1,1,1,39,7,1796,1,3,-1,1,-1
201501EK40827,2,3,0,18,0,2,0,0,0,0,1,1,1,1,25,5,124,1,3,-1,1,-1
201501EK40829,1,8,0,18,0,1,0,0,0,0,3,1,1,1,37,7,1339,8,6,-1,1,-1
201501EK40829,2,9,0,11,0,1,0,0,0,0,4,1,6,1,-1,-1,1986,2,8,-1,-1,-1
201501EK40830,1,3,0,18,0,2,0,0,0,0,1,1,2,1,23,5,125,1,-1,-1,1,-1
201501EK40830,2,8,0,6,0,1,0,0,0,0,4,1,1,1,55,8,2664,2,15,-1,-1,-1
201501EK40832,1,8,0,1,0,1,0,0,0,0,2,1,1,1,-1,-1,1997,2,1,-1,-1,-1
201501EK40833,1,4,0,13,0,1,0,10,7,0,1,1,6,1,68,10,498,1,34,-1,1,-1
201501EK40834,1,3,0,18,0,8,0,0,0,0,1,1,6,1,29,6,-1,-1,-1,-1,-1,-1
201501EK40834,2,19,0,9,0,8,0,0,0,0,3,1,1,1,21,5,-1,-1,-1,-1,-1,-1
201501EK40835,1,1,0,4,0,1,0,0,0,0,2,1,2,2,30,6,-1,-1,-1,-1,1,-1
201501EK40835,2,8,0,18,0,1,0,0,0,0,1,1,1,1,-1,-1,1797,8,4,-1,-1,-1
201501EK40838,1,8,0,6,0,0,0,0,0,0,3,1,1,1,49,8,1797,8,6,-1,1,-1
201501EK40838,2,3,0,18,0,0,0,0,0,0,1,1,2,1,52,8,1352,1,3,-1,1,-1
201501EK40839,1,1,0,18,0,1,0,0,0,0,3,1,6,1,34,6,-1,-1,-1,-1,1,-1
201501EK40839,2,9,0,13,0,1,0,0,0,0,4,1,6,3,-1,-1,-1,-1,-1,-1,-1,-1
201501EK40840,1,3,0,18,0,2,0,0,0,0,2,1,6,1,30,6,-1,-1,-1,-1,1,-1
201501EK40840,2,5,0,18,0,2,0,0,0,0,1,1,6,3,-1,-1,-1,-1,-1,-1,-1,-1
201501EK40843,1,1,0,18,0,1,0,0,0,0,1,1,2,1,34,6,-1,-1,-1,-1,1,-1
201501EK40844,1,9,0,18,0,8,0,0,0,0,4,1,6,1,23,5,1997,2,-1,-1,1,-1