Accident_Index,Vehicle_Reference,Vehicle_Type,Towing_and_Articulation,Vehicle_Manoeuvre,Vehicle_Location-Restricted_Lane,Junction_Location,Skidding_and_Overturning,Hit_Object_in_Carriageway,Vehicle_Leaving_Carriageway,Hit_Object_off_Carriageway,1st_Point_of_Impact,Was_Vehicle_Left_Hand_Drive?,Journey_Purpose_of_Driver,Sex_of_Driver,Age_of_Driver,Age_Band_of_Driver,Engine_Capacity_(CC),Propulsion_Code,Age_of_Vehicle,Driver_IMD_Decile,Driver_Home_Area_Type,Vehicle_IMD_Decile
201501EK40844,2,9,0,9,0,8,0,0,0,0,1,1,6,2,55,8,1390,1,6,-1,1,-1
201501EK40845,1,4,0,4,0,2,0,0,0,0,2,1,1,1,38,7,125,1,3,-1,1,-1
201501EK40845,2,3,0,18,0,2,0,0,0,0,1,1,6,1,31,6,125,1,-1,-1,1,-1
201501EK40847,1,1,0,18,0,0,0,0,0,0,3,1,6,1,37,7,-1,-1,-1,-1,1,-1
201501EK40847,2,20,0,13,0,0,0,0,0,0,4,1,6,1,-1,-1,-1,-1,-1,-1,-1,-1
201501EK40850,1,2,0,18,0,8,0,0,0,0,1,1,2,1,38,7,49,1,10,-1,1,-1
201501EK40850,2,19,0,9,0,8,0,0,0,0,1,1,1,1,60,9,2402,2,5,-1,1,-1
201501EK40851,1,9,0,8,0,1,0,0,0,0,2,1,6,1,24,5,2179,2,4,-1,1,-1
201501EK40851,2,8,0,18,0,1,0,0,0,0,1,1,1,1,48,8,2402,2,10,-1,1,-1
201501EK40852,1,19,0,5,0,8,0,0,0,0,0,1,1,1,25,5,2298,2,-1,-1,1,-1
201501EK40852,2,3,0,5,0,8,0,0,0,0,4,1,1,1,32,6,125,1,6,-1,1,-1
201501EK40853,1,9,0,2,0,0,0,0,0,0,3,1,6,1,42,7,1498,1,5,-1,1,-1
201501EK40853,2,9,0,1,0,0,0,4,0,0,4,1,6,1,-1,-1,1560,2,7,-1,-1,-1
201501EK40854,1,9,0,3,0,0,0,0,0,0,3,1,6,2,70,10,1598,1,8,-1,1,-1
201501EK40854,2,9,0,18,0,0,0,0,0,0,3,1,6,1,-1,-1,-1,-1,-1,-1,-1,-1
201501EK40856,1,8,0,18,0,1,0,0,0,0,3,1,1,1,43,7,2499,2,8,-1,1,-1
201501EK40856,2,4,0,18,0,1,0,0,0,0,4,1,1,1,48,8,249,1,8,-1,1,-1
201501EK40858,1,8,0,9,0,1,0,0,0,0,3,1,1,1,57,9,1797,8,4,-1,1,-1
201501EK40858,2,4,0,18,0,1,0,0,0,0,1,1,6,2,23,5,449,1,11,-1,1,-1
201501EK40859,1,1,0,18,0,8,0,0,0,0,4,1,6,1,46,8,-1,-1,-1,-1,1,-1
201501EK40859,2,9,0,9,0,8,0,0,0,0,1,1,1,1,58,9,2143,2,1,-1,-1,-1
201501EK40860,1,11,0,18,0,1,0,0,0,0,1,1,1,3,-1,-1,4760,2,4,-1,-1,-1
201501EK40860,2,9,0,3,0,1,0,0,0,0,2,1,6,1,66,10,1599,1,8,-1,2,-1
201501EK40861,1,9,0,9,0,8,0,0,0,0,3,1,6,1,28,6,1797,8,5,-1,-1,-1
201501EK40861,2,1,0,14,0,8,0,0,0,0,1,1,6,1,35,6,-1,-1,-1,-1,1,-1
201501EK40862,1,9,0,4,0,0,0,0,0,0,2,1,6,1,20,4,1198,1,1,-1,1,-1
201501EK40862,2,9,0,4,0,0,0,0,0,0,2,1,6,2,39,7,1364,1,11,-1,1,-1
201501EK40862,3,9,0,18,0,0,0,0,0,0,1,1,6,1,30,6,2143,2,3,-1,1,-1
201501EK40863,1,8,0,18,0,2,0,0,0,0,4,1,1,1,-1,-1,1997,2,1,-1,1,-1
201501EK40864,1,5,0,5,0,1,0,0,0,0,2,1,1,1,56,9,800,1,2,-1,1,-1
201501EK40864,2,9,0,5,0,1,0,0,0,0,1,1,6,1,33,6,1870,2,12,-1,1,-1
201501EK40865,1,5,0,4,0,0,0,0,0,0,2,1,1,1,39,7,649,1,9,-1,1,-1
201501EK40865,2,9,0,18,0,0,0,0,0,0,1,1,6,2,55,8,1598,1,-1,-1,-1,-1
201501EK40867,1,3,0,18,0,0,0,4,0,0,4,1,2,1,17,4,108,1,2,-1,-1,-1
201501EK40867,2,8,0,2,0,0,0,0,0,0,3,1,1,1,54,8,1997,2,-1,-1,1,-1
201501EK40868,1,19,0,6,0,1,0,0,0,0,1,1,1,1,37,7,6370,2,3,-1,1,-1
201501EK40868,2,1,0,18,0,2,0,0,0,0,1,1,2,1,57,9,-1,-1,-1,-1,1,-1
201501EK40869,1,9,0,3,0,0,0,0,0,0,4,1,6,1,40,7,1995,2,4,-1,1,-1
201501EK40869,2,3,0,15,0,0,1,0,0,0,1,1,1,1,37,7,125,1,1,-1,-1,-1
201501EK40870,1,9,0,18,0,0,0,0,0,0,1,1,6,2,43,7,1399,1,9,-1,1,-1
201501EK40870,2,1,0,4,0,0,0,0,0,0,2,1,6,1,39,7,-1,-1,-1,-1,1,-1
201501EK40871,1,3,0,15,0,0,0,0,0,0,3,1,2,1,47,8,-1,-1,-1,-1,1,-1
201501EK40872,1,5,0,3,0,1,0,0,0,0,2,1,6,1,30,6,865,1,4,-1,-1,-1
201501EK40872,2,19,0,18,0,1,0,0,0,0,1,1,6,1,-1,-1,-1,-1,-1,-1,-1,-1
201501EK40873,1,8,0,4,0,1,0,0,0,0,2,1,2,1,54,8,1997,2,7,-1,1,-1
201501EK40873,2,9,0,18,0,1,0,0,0,0,1,1,6,1,-1,-1,-1,-1,-1,-1,-1,-1
201501EK40875,1,19,0,18,0,0,0,0,0,0,1,1,1,1,67,10,1461,2,2,-1,1,-1
201501EK40875,2,1,0,18,0,0,0,0,0,0,2,1,2,1,26,6,-1,-1,-1,-1,1,-1
201501EK40876,1,5,0,4,0,1,0,0,0,0,2,1,6,1,46,8,745,1,1,-1,1,-1
201501EK40876,2,9,0,18,0,1,0,0,0,0,1,1,6,1,-1,-1,-1,-1,-1,-1,-1,-1
201501EK40877,1,9,0,18,0,1,0,0,0,0,1,1,1,1,44,7,1995,1,8,-1,1,-1
201501EK40879,1,9,0,9,0,2,1,10,1,2,1,1,6,2,35,6,1595,1,5,-1,1,-1
201501EK40880,1,9,0,4,0,2,0,0,0,0,2,1,6,1,45,7,1598,2,1,-1,1,-1
201501EK40880,2,1,0,18,0,2,0,0,0,0,1,1,6,2,24,5,-1,-1,-1,-1,1,-1
201501EK40881,1,1,0,18,0,1,0,0,0,0,3,1,6,1,31,6,-1,-1,-1,-1,1,-1
201501EK40881,2,9,0,7,0,5,0,0,0,0,4,1,6,1,-1,-1,-1,-1,-1,-1,-1,-1
201501EK40883,1,3,0,18,0,8,0,0,0,0,3,1,6,1,40,7,125,1,1,-1,1,-1
201501EK40883,2,9,0,9,0,8,0,0,0,0,1,1,6,1,-1,-1,1395,1,-1,-1,-1,-1
201501EK40885,1,1,0,18,0,1,0,0,0,0,1,1,2,1,27,6,-1,-1,-1,-1,1,-1
201501EK40886,1,3,0,18,0,8,1,0,0,0,2,1,6,1,21,5,125,1,14,-1,1,-1
201501EK40886,2,9,0,7,0,8,0,0,0,0,3,1,6,1,-1,-1,-1,-1,-1,-1,-1,-1
201501EK40887,1,1,0,18,0,8,0,0,0,0,4,1,2,1,35,6,-1,-1,-1,-1,1,-1
201501EK40887,2,8,0,7,0,8,0,0,0,0,1,1,6,1,-1,-1,1339,8,5,-1,-1,-1
201501EK40888,1,90,0,18,0,1,0,0,0,0,4,1,1,2,29,6,2299,2,1,-1,2,-1
201501EK40889,1,8,0,4,0,1,0,0,0,0,2,1,2,1,32,6,1956,2,5,-1,1,-1
201501EK40889,2,9,0,18,0,1,0,0,0,0,1,1,6,1,40,7,1995,2,5,-1,-1,-1
201501EK40890,1,8,0,3,0,0,0,0,0,0,2,1,1,1,51,8,1896,2,5,-1,1,-1
201501EK40890,2,9,0,18,0,0,0,0,0,0,1,1,6,1,-1,-1,-1,-1,-1,-1,-1,-1
201501EK40891,1,9,0,18,0,0,0,0,0,0,1,1,6,1,24,5,2987,2,5,-1,1,-1
201501EK40893,1,8,0,18,0,2,0,0,0,0,3,1,1,1,53,8,2499,2,8,-1,1,-1
201501EK40893,2,5,0,18,0,1,0,0,0,0,3,1,2,1,40,7,599,1,14,-1,1,-1
201501EK40894,1,3,0,7,0,1,0,0,0,0,0,1,6,1,45,7,108,1,3,-1,1,-1
201501EK40895,1,8,0,3,0,1,0,0,0,0,2,1,1,1,47,8,1968,2,4,-1,1,-1
201501EK40895,2,9,0,18,0,1,0,0,0,0,1,1,6,2,-1,-1,1199,1,14,-1,-1,-1
201501EK40897,1,5,0,18,0,1,0,0,0,0,1,1,2,1,40,7,600,1,14,-1,1,-1
201501EK40898,1,19,0,18,0,1,0,0,0,0,1,1,6,1,51,8,2300,2,10,-1,1,-1
201501EK40898,2,9,0,4,0,1,0,0,0,0,2,1,6,1,35,6,1896,2,13,-1,1,-1
201501EK40898,3,9,0,4,0,1,0,0,0,0,2,1,6,1,32,6,3824,1,11,-1,1,-1
201501EK40899,1,3,0,18,0,1,0,0,0,0,3,1,6,1,23,5,125,1,3,-1,1,-1
201501EK40901,1,9,0,18,0,0,0,0,0,0,1,1,6,1,-1,-1,2290,1,13,-1,1,-1
201501EK40901,2,9,0,4,0,0,0,0,0,0,2,1,6,2,33,6,1596,1,12,-1,1,-1
201501EK40901,3,8,0,4,0,0,0,0,0,0,2,1,6,1,32,6,2499,2,1,-1,1,-1
201501EK40902,1,3,0,9,0,8,0,0,0,0,2,1,6,1,41,7,125,1,12,-1,1,-1
201501EK40902,2,9,0,9,0,8,0,0,0,0,1,1,6,2,70,10,1870,2,10,-1,1,-1
201501EK40903,1,8,0,9,0,8,0,0,0,0,4,1,1,1,44,7,-1,-1,-1,-1,1,-1
201501EK40903,2,3,0,15,0,8,0,0,0,0,1,1,6,1,34,6,125,1,4,-1,1,-1
201501EK40904,1,1,0,18,0,2,0,0,0,0,1,1,6,1,41,7,-1,-1,-1,-1,1,-1
201501EK40904,2,9,0,3,0,2,0,0,0,0,2,1,6,2,-1,-1,1390,1,4,-1,-1,-1
201501EK40905,1,8,0,6,0,2,0,0,0,0,3,1,1,1,48,8,1598,1,7,-1,-1,-1
201501EK40905,2,3,0,18,0,1,0,0,0,0,1,1,6,1,43,7,125,1,1,-1,-1,-1
201501EK40906,1,9,0,9,0,8,0,0,0,0,4,1,6,1,28,6,-1,-1,-1,-1,1,-1
201501EK40906,2,9,0,18,0,8,1,0,0,0,1,1,6,1,59,9,1998,1,5,-1,1,-1
201501EK40907,1,9,0,9,0,8,0,0,0,0,1,1,6,1,58,9,1598,1,14,-1,1,-1
201501EK40907,2,3,0,18,0,8,0,0,0,0,1,1,1,1,40,7,125,1,5,-1,1,-1
201501EK40910,1,9,0,2,0,2,0,0,0,0,3,1,6,1,40,7,-1,-1,-1,-1,1,-1
201501EK40910,2,1,0,18,0,2,0,8,0,0,4,1,6,2,31,6,-1,-1,-1,-1,1,-1
201501EK40911,1,4,0,5,0,8,0,0,0,0,3,1,2,1,32,6,659,1,8,-1,1,-1
201501EK40911,2,9,0,18,0,8,0,0,0,0,1,1,2,1,56,9,-1,-1,-1,-1,1,-1
201501EK40912,1,8,0,4,0,2,0,0,0,0,2,1,1,1,29,6,1956,2,1,-1,1,-1
201501EK40912,2,1,0,18,0,2,0,0,0,0,1,1,6,1,30,6,-1,-1,-1,-1,1,-1
201501EK40913,1,9,0,18,0,1,5,4,0,0,3,1,6,2,48,8,1388,1,11,-1,1,-1
201501EK40913,2,9,0,2,0,1,0,10,0,0,1,1,6,3,-1,-1,1329,1,-1,-1,-1,-1
201501EK40916,1,9,0,18,0,2,0,4,0,0,1,1,6,1,60,9,5998,1,1,-1,1,-1
201501EK40916,2,9,0,18,0,1,0,0,0,0,1,1,6,2,71,10,1240,1,11,-1,1,-1
201501EK40916,3,9,0,2,0,2,0,4,0,0,1,1,6,3,-1,-1,1242,1,1,-1,-1,-1
201501EK40916,4,9,0,2,0,2,0,4,0,0,1,1,6,3,-1,-1,1598,1,2,-1,-1,-1
201501EK40917,1,9,0,4,0,1,0,0,0,0,2,1,6,2,53,8,1598,1,8,-1,1,-1
201501EK40917,2,8,0,18,0,1,0,0,0,0,1,1,1,1,51,8,2143,2,3,-1,1,-1
201501EK40918,1,3,0,14,0,1,0,7,0,0,3,1,6,1,26,6,124,1,-1,-1,1,-1
201501EK40919,1,2,0,13,0,1,0,0,0,0,4,1,6,1,18,4,125,1,8,-1,1,-1
201501EK40919,2,8,0,9,0,1,0,0,0,0,3,1,1,1,47,8,1497,8,7,-1,1,-1
201501EK40920,1,3,0,18,0,8,0,0,0,0,1,1,6,1,29,6,124,1,4,-1,-1,-1
201501EK40920,2,9,0,9,0,8,0,0,0,0,3,1,6,3,-1,-1,1496,2,-1,-1,-1,-1
201501EK40921,1,9,0,18,0,0,0,0,0,0,4,1,6,2,18,4,1497,8,9,-1,1,-1
201501EK40923,1,11,0,5,0,2,0,0,0,0,4,1,1,1,50,8,9360,2,3,-1,1,-1
201501EK40924,1,1,0,14,0,1,0,0,0,0,1,1,6,1,-1,-1,-1,-1,-1,-1,-1,-1
201501EK40926,1,9,0,4,0,2,0,0,0,0,2,1,1,1,50,8,1797,8,5,-1,1,-1
201501EK40926,2,3,0,11,0,2,1,0,0,0,1,1,6,1,22,5,124,1,1,-1,1,-1
201501EK40927,1,1,0,18,0,8,0,0,0,0,1,1,6,1,30,6,-1,-1,-1,-1,1,-1
201501EK40927,2,9,0,17,0,8,0,0,0,0,4,1,6,2,-1,-1,875,1,3,-1,-1,-1
201501EK40929,1,8,0,3,0,1,0,0,0,0,2,1,1,1,43,7,998,1,3,-1,1,-1
201501EK40929,2,9,0,4,0,1,0,0,0,0,1,1,6,1,-1,-1,-1,-1,-1,-1,-1,-1
201501EK40930,1,3,0,5,0,2,0,0,0,0,4,1,1,1,43,7,124,1,9,-1,1,-1
201501EK40930,2,8,0,15,0,2,0,0,0,0,3,1,1,1,50,8,1798,8,-1,-1,1,-1
201501EK40931,1,1,0,3,0,1,0,0,0,0,1,1,6,1,21,5,-1,-1,-1,-1,1,-1
201501EK40931,2,9,0,1,0,1,0,0,0,0,2,1,6,3,-1,-1,1798,1,7,-1,-1,-1
201501EK40932,1,9,0,9,0,1,0,0,0,0,4,1,6,1,18,4,1596,1,9,-1,1,-1
201501EK40933,1,9,0,5,0,2,0,0,0,0,1,1,6,1,50,8,1497,8,-1,-1,-1,-1
201501EK40934,1,5,0,18,0,2,0,0,0,0,0,1,6,1,51,8,600,1,-1,-1,-1,-1
201501EK40934,2,4,0,18,0,1,1,0,0,0,0,1,6,1,43,7,124,1,14,-1,1,-1
201501EK40935,1,1,0,18,0,1,0,0,0,0,0,1,6,1,34,6,-1,-1,-1,-1,1,-1
201501EK40935,2,19,0,13,0,1,0,0,0,0,0,1,6,3,-1,-1,-1,-1,-1,-1,-1,-1
201501EK40936,1,19,0,18,0,0,0,0,0,0,2,1,6,1,28,6,4250,2,8,-1,1,-1
201501EK40936,2,3,0,18,0,0,0,0,0,0,1,1,6,1,21,5,124,1,17,-1,1,-1
201501EK40937,1,4,0,14,0,1,0,0,0,0,1,1,6,2,29,6,535,1,21,-1,1,-1
201501EK40938,1,8,0,18,0,2,0,0,0,0,1,1,1,1,59,9,2499,2,1,-1,2,-1
201501EK40939,1,19,0,5,0,1,0,0,0,0,3,1,6,1,-1,-1,2198,2,8,-1,-1,-1
201501EK40940,1,8,0,18,0,2,0,0,0,0,1,1,1,1,59,9,2148,2,6,-1,1,-1
201501EK40942,1,9,0,18,0,0,0,0,0,0,1,1,6,1,24,5,2987,2,8,-1,-1,-1
201501EK40943,1,9,0,7,0,8,0,0,0,0,1,1,6,2,91,11,1598,1,8,-1,1,-1
201501EK40943,2,9,0,7,0,8,0,0,0,0,2,1,6,2,66,10,2776,2,7,-1,1,-1
201501EK40943,3,9,0,4,0,1,0,0,0,0,1,1,6,1,53,8,2148,2,9,-1,1,-1
201501EK40944,1,19,0,3,0,1,0,0,0,0,2,1,6,1,52,8,2494,2,13,-1,1,-1
201501EK40944,2,19,0,4,0,1,0,0,0,0,1,1,6,1,29,6,1461,2,4,-1,1,-1
201501EK40945,1,9,0,9,0,2,0,0,0,0,2,1,6,2,53,8,1584,1,8,-1,1,-1
201501EK40945,2,11,0,18,0,2,0,0,0,0,1,1,1,1,36,7,12400,2,3,-1,1,-1
201501EK40947,1,9,0,15,0,1,0,0,0,0,3,1,1,1,-1,-1,1997,2,2,-1,-1,-1
201501EK40948,1,3,0,18,0,1,0,0,0,0,1,1,2,1,22,5,124,1,5,-1,1,-1
201501EK40948,2,3,0,10,0,1,0,0,0,0,2,1,2,1,28,6,125,1,5,-1,1,-1
201501EK40950,1,9,0,9,0,8,0,0,0,0,3,1,6,1,22,5,-1,-1,-1,-1,1,-1
201501EK40950,2,4,0,13,0,8,0,0,0,0,4,1,2,1,50,8,689,1,-1,-1,1,-1
201501EK40952,1,8,0,18,0,0,0,0,0,0,4,1,6,1,72,10,1995,2,7,-1,1,-1
201501EK40955,1,9,0,9,0,1,0,0,0,0,3,1,6,2,35,6,1360,1,16,-1,1,-1
201501EK40955,2,3,0,13,0,1,0,0,0,0,4,1,6,1,42,7,-1,-1,-1,-1,1,-1
201501EK40956,1,9,0,9,0,8,0,0,0,0,4,1,6,1,32,6,1968,2,5,-1,1,-1
201501EK40956,2,1,0,18,0,8,0,0,0,0,1,1,6,1,26,6,-1,-1,-1,-1,1,-1
201501EK40957,1,19,0,18,0,1,0,0,0,0,2,1,6,1,47,8,1598,2,-1,-1,1,-1
201501EK40957,2,4,0,18,0,1,0,0,0,0,1,1,6,1,35,6,654,1,7,-1,1,-1
201501EK40957,3,9,0,18,0,8,0,0,0,0,0,1,6,1,-1,-1,1560,2,1,-1,-1,-1
201501EK40958,1,5,0,18,0,1,0,0,0,0,4,1,2,1,29,6,649,1,2,-1,1,-1
201501EK40958,2,9,0,9,0,1,0,0,0,0,3,1,6,2,53,8,1560,2,2,-1,1,-1
201501EK40959,1,9,0,18,0,2,0,0,0,0,2,1,6,1,41,7,1199,1,15,-1,1,-1
201501EK40959,2,9,0,18,0,2,0,0,0,0,1,1,6,1,22,5,1798,1,4,-1,1,-1
201501EK40959,3,9,0,18,0,2,0,0,0,0,0,1,6,1,-1,-1,-1,-1,-1,-1,-1,-1
201501EK40960,1,8,0,18,0,0,0,0,0,0,1,1,1,1,-1,-1,2499,2,5,-1,-1,-1
201501EK40961,1,1,0,9,0,8,0,0,0,0,4,1,6,1,38,7,-1,-1,-1,-1,1,-1
201501EK40961,2,1,0,18,0,8,0,0,0,0,1,1,6,1,22,5,-1,-1,-1,-1,1,-1
201501EK40962,1,1,0,18,0,1,0,0,0,0,3,1,6,1,25,5,-1,-1,-1,-1,1,-1
201501EK40962,2,19,0,7,0,5,0,0,0,0,4,1,6,1,-1,-1,2198,2,2,-1,-1,-1
201501EK40963,1,9,0,18,0,0,0,0,0,0,1,1,6,1,32,6,1595,1,-1,-1,1,-1
201501EK40964,1,1,0,18,0,0,0,0,0,0,3,1,6,1,30,6,-1,-1,-1,-1,1,-1
201501EK40964,2,9,0,6,0,0,0,0,0,0,1,1,6,1,-1,-1,1798,8,2,-1,-1,-1
201501EK40965,1,8,0,9,0,8,0,0,0,0,1,1,1,1,37,7,1497,8,8,-1,1,-1
201501EK40965,2,3,0,18,0,8,0,10,1,7,3,1,6,1,23,5,125,1,-1,-1,1,-1
201501EK40966,1,11,0,7,0,2,0,0,0,0,0,1,1,1,44,7,7300,2,11,-1,1,-1
201501EK40967,1,3,0,13,0,1,0,0,0,0,4,1,6,1,38,7,124,1,1,-1,1,-1
201501EK40967,2,9,0,9,0,1,0,0,0,0,3,1,6,1,75,10,2148,2,14,-1,1,-1
201501EK40968,1,9,0,7,0,8,0,0,0,0,2,1,6,1,39,7,1199,2,3,-1,1,-1
201501EK40968,2,9,0,7,0,8,0,0,0,0,1,1,6,1,-1,-1,1968,2,1,-1,1,-1
201501EK40969,1,1,0,18,0,2,0,0,0,0,1,1,6,1,24,5,-1,-1,-1,-1,1,-1
201501EK40969,2,9,0,18,0,1,0,0,0,0,1,1,6,1,-1,-1,1984,1,-1,-1,-1,-1
201501EK40970,1,9,0,7,0,2,0,0,0,0,4,1,6,1,45,7,-1,-1,-1,-1,1,-1
201501EK40970,2,3,0,7,0,2,0,0,0,0,3,1,6,1,30,6,-1,-1,-1,-1,1,-1
201501EK40971,1,9,0,18,0,0,0,4,0,0,3,1,6,2,23,5,1197,1,1,-1,1,-1
201501EK40971,2,9,0,18,0,0,0,0,0,0,3,1,6,3,-1,-1,-1,-1,-1,-1,-1,-1
201501EK40971,3,9,0,2,0,0,0,0,0,0,3,1,6,3,-1,-1,-1,-1,-1,-1,-1,-1
201501EK40972,1,19,0,5,0,1,0,0,0,0,3,1,1,1,40,7,1598,2,1,-1,1,-1
201501EK40972,2,9,0,14,0,1,0,0,0,0,4,1,6,2,20,4,1598,1,4,-1,1,-1
201501EK40973,1,9,0,5,0,0,0,0,0,0,3,1,6,1,23,5,1390,1,8,-1,1,-1
201501EK40973,2,1,0,18,0,0,0,0,0,0,1,1,6,2,40,7,-1,-1,-1,-1,1,-1
201501EK40974,1,11,0,5,0,2,0,0,0,0,0,1,1,1,56,9,7300,2,11,-1,1,-1
201501EK40975,1,19,0,18,0,1,0,0,0,0,4,1,1,1,21,5,1998,2,11,-1,1,-1
201501EK40976,1,9,0,1,0,8,0,0,0,0,2,1,1,1,63,9,2143,2,2,-1,1,-1
201501EK40976,2,4,0,3,0,8,0,0,0,0,4,1,1,1,19,4,125,1,-1,-1,1,-1
201501EK40977,1,8,0,9,0,8,0,0,0,0,3,1,6,1,29,6,1797,8,4,-1,1,-1
201501EK40977,2,9,0,18,0,8,0,0,0,0,1,1,6,2,37,7,4367,2,1,-1,1,-1
201501EK40978,1,9,0,18,0,8,1,0,0,0,1,1,6,2,31,6,1598,1,9,-1,1,-1
201501EK40978,2,9,0,18,0,8,1,10,1,2,4,1,6,1,21,5,1598,2,-1,-1,1,-1
201501EK40979,1,8,0,3,0,2,0,0,0,0,2,1,1,1,66,10,2446,2,15,-1,1,-1
201501EK40979,2,9,0,4,0,2,0,0,0,0,1,1,6,1,34,6,1799,1,10,-1,1,-1
201501EK40980,1,1,0,9,0,1,0,0,0,0,3,1,2,1,53,8,-1,-1,-1,-1,1,-1
201501EK40980,2,4,0,18,0,1,0,0,0,0,1,1,6,1,-1,-1,-1,-1,-1,-1,-1,-1
201501EK40981,1,3,0,18,0,8,0,0,0,0,1,1,6,1,24,5,124,1,1,-1,1,-1
201501EK40981,2,9,0,9,0,8,0,0,0,0,4,1,6,1,41,7,2987,2,9,-1,-1,-1
201501EK40982,1,3,0,4,0,1,1,0,0,0,0,1,6,1,27,6,108,1,-1,-1,1,-1
201501EK40983,1,9,0,18,0,0,0,0,0,0,1,1,6,1,24,5,-1,-1,-1,-1,1,-1
201501EK40985,1,8,0,9,0,2,0,0,0,0,1,1,1,1,44,7,1791,8,4,-1,1,-1
201501EK40987,1,19,0,18,0,1,0,0,0,0,1,1,1,1,60,9,1870,2,10,-1,1,-1
201501EK40992,1,20,0,18,0,1,0,0,0,0,4,1,1,1,36,7,12600,2,14,-1,1,-1
201501EK40992,2,8,0,18,0,1,0,0,0,0,3,1,1,1,41,7,1791,8,3,-1,1,-1
201501EK40993,1,9,0,3,0,2,0,0,0,0,2,1,6,1,41,7,1560,2,6,-1,1,-1
201501EK40993,2,9,0,3,0,2,0,0,0,0,2,1,6,2,51,8,1368,1,5,-1,1,-1
201501EK40993,3,9,0,18,0,2,0,0,0,0,1,1,6,1,33,6,1995,2,-1,-1,1,-1
201501EK40994,1,9,0,18,0,0,0,0,0,0,1,1,6,1,-1,-1,-1,-1,-1,-1,-1,-1
201501EK40997,1,9,0,9,0,8,0,0,0,0,0,1,6,1,37,7,1598,1,11,-1,1,-1
201501EK40997,2,3,0,9,0,8,1,0,0,0,0,1,6,1,23,5,125,1,6,-1,-1,-1
201501EK40998,1,9,0,3,0,1,0,0,0,0,1,1,6,2,34,6,1198,1,11,-1,-1,-1
201501EK40998,2,8,0,1,0,1,0,0,0,0,2,1,1,1,-1,-1,2402,2,9,-1,1,-1
201501EK40999,1,9,0,18,0,8,0,0,0,0,4,1,6,1,19,4,1360,1,11,-1,1,-1
201501EK40999,2,19,0,18,0,8,0,0,0,0,1,1,6,1,29,6,2402,2,8,-1,1,-1
201501EK41001,1,9,0,5,0,1,0,0,0,0,1,1,2,2,48,8,1242,1,3,-1,1,-1
201501EK41002,1,1,0,18,0,2,0,0,0,0,1,1,6,1,27,6,-1,-1,-1,-1,1,-1
201501EK41005,1,4,0,3,0,8,0,0,0,0,2,1,6,1,58,9,996,1,11,-1,1,-1
201501EK41005,2,21,0,9,0,8,0,0,0,0,3,1,1,1,34,6,4462,2,2,-1,-1,-1
201501EK41006,1,9,0,16,0,2,0,0,0,0,1,1,6,1,29,6,2191,2,1,-1,-1,-1
201501EK41006,2,9,0,17,0,1,0,10,1,0,3,1,6,1,29,6,1995,2,3,-1,1,-1
201501EK41007,1,11,0,5,2,0,0,0,0,0,0,1,1,1,53,8,4461,2,1,-1,-1,-1
201501EK41009,1,11,0,7,0,2,0,0,0,0,0,1,1,1,58,9,6700,2,8,-1,1,-1
201501EK41011,1,9,0,3,0,1,0,0,0,0,2,1,1,1,35,6,1753,2,4,-1,1,-1
201501EK41011,2,9,0,4,0,1,0,0,0,0,1,1,6,1,25,5,1600,2,3,-1,1,-1
201501EK41012,1,9,0,18,0,0,0,0,0,0,4,1,6,1,41,7,996,1,2,-1,1,-1
201501EK41013,1,9,0,18,0,0,0,0,0,0,3,1,6,2,52,8,-1,-1,-1,-1,1,-1
201501EK41016,1,11,0,7,0,1,0,0,0,0,4,1,1,1,43,7,4500,2,4,-1,1,-1
201501EK41016,2,1,0,7,0,1,0,0,0,0,3,1,6,1,34,6,-1,-1,-1,-1,1,-1
201501EK41017,1,2,0,9,0,8,0,0,0,0,1,1,1,1,51,8,124,1,1,-1,1,-1
201501EK41017,2,1,0,18,0,8,0,0,0,0,1,1,1,1,47,8,-1,-1,-1,-1,3,-1
201501EK41018,1,8,0,6,0,0,0,0,0,0,1,1,1,1,55,8,2402,2,11,-1,1,-1
201501EK41018,2,1,0,18,0,0,0,0,0,0,4,1,6,1,20,4,-1,-1,-1,-1,1,-1
201501EK41020,1,5,0,18,0,8,0,0,4,6,1,1,6,1,47,8,656,1,3,-1,1,-1
201501EK41020,2,8,0,7,0,8,0,0,0,0,3,1,1,1,-1,-1,2499,2,5,-1,1,-1
201501EK41022,1,1,0,18,0,8,0,0,0,0,3,1,2,2,26,6,-1,-1,-1,-1,1,-1
201501EK41022,2,9,0,7,0,8,0,0,0,0,4,1,6,1,-1,-1,-1,-1,-1,-1,-1,-1
201501EK41023,1,8,0,3,0,1,0,0,0,0,2,1,2,1,41,7,2993,2,4,-1,1,-1
201501EK41023,2,9,0,4,0,1,0,0,0,0,1,1,6,1,-1,-1,2993,2,-1,-1,-1,-1
201501EK41024,1,9,0,18,0,1,0,0,0,0,1,1,6,2,20,4,1587,1,14,-1,1,-1
201501EK41025,1,9,0,9,0,8,0,0,0,0,1,1,6,1,63,9,1998,2,-1,-1,1,-1
201501EK41025,2,1,0,18,0,8,0,0,0,0,1,1,6,1,50,8,-1,-1,-1,-1,1,-1
201501EK41026,1,8,0,18,0,8,0,0,0,0,3,1,1,1,38,7,1968,2,1,-1,1,-1
201501EK41026,2,19,0,18,0,8,0,0,0,0,1,1,1,1,25,5,1968,2,4,-1,3,-1
201501EK41027,1,8,0,4,0,1,0,0,0,0,2,1,1,1,-1,-1,1797,8,4,-1,-1,-1
201501EK41027,2,9,0,18,0,1,0,0,0,0,1,1,6,1,-1,-1,1797,8,3,-1,-1,-1
201501EK41028,1,1,0,18,0,0,0,0,0,0,2,1,2,2,27,6,-1,-1,-1,-1,1,-1
201501EK41028,2,9,0,18,0,0,0,0,0,0,1,1,6,1,-1,-1,-1,-1,-1,-1,-1,-1
201501EK41029,1,1,0,18,0,8,0,0,0,0,4,1,6,1,47,8,-1,-1,-1,-1,1,-1