Accident_Index,Vehicle_Reference,Vehicle_Type,Towing_and_Articulation,Vehicle_Manoeuvre,Vehicle_Location-Restricted_Lane,Junction_Location,Skidding_and_Overturning,Hit_Object_in_Carriageway,Vehicle_Leaving_Carriageway,Hit_Object_off_Carriageway,1st_Point_of_Impact,Was_Vehicle_Left_Hand_Drive?,Journey_Purpose_of_Driver,Sex_of_Driver,Age_of_Driver,Age_Band_of_Driver,Engine_Capacity_(CC),Propulsion_Code,Age_of_Vehicle,Driver_IMD_Decile,Driver_Home_Area_Type,Vehicle_IMD_Decile
201501EK41029,2,8,0,18,0,8,0,0,0,0,1,1,6,1,-1,-1,1686,2,4,-1,-1,-1
201501EK41031,1,9,0,9,0,8,0,0,0,0,0,1,1,1,54,8,1497,8,7,-1,1,-1
201501EK41031,2,1,0,15,0,8,0,0,0,0,0,1,2,1,29,6,-1,-1,-1,-1,1,-1
201501EK41032,1,9,0,12,0,0,0,0,0,0,2,1,6,2,58,9,1997,1,4,-1,1,-1
201501EK41032,2,9,0,18,0,0,0,0,0,0,1,1,6,1,-1,-1,-1,-1,-1,-1,-1,-1
201501EK41033,1,8,0,18,0,8,0,0,0,0,4,1,1,1,-1,-1,-1,-1,-1,-1,-1,-1
201501EK41033,2,9,0,18,0,8,0,0,0,0,1,1,6,3,-1,-1,-1,-1,-1,-1,-1,-1
201501EK41035,1,11,0,5,0,0,0,0,0,0,0,1,1,1,28,6,4500,2,6,-1,-1,-1
201501EK41037,1,9,0,7,0,1,0,0,0,0,4,1,6,1,30,6,2979,1,13,-1,1,-1
201501EK41037,2,3,0,18,0,1,0,0,0,0,3,1,6,1,22,5,125,1,4,-1,1,-1
201501EK41038,1,9,0,6,0,2,0,0,0,0,2,1,6,1,22,5,1896,2,8,-1,1,-1
201501EK41038,2,4,0,18,0,2,0,0,0,0,1,1,6,1,21,5,124,1,5,-1,1,-1
201501EK41039,1,9,0,5,0,8,0,0,0,0,3,1,2,1,24,5,1596,1,9,-1,1,-1
201501EK41039,2,5,0,18,0,8,0,0,0,0,1,1,2,1,29,6,-1,-1,-1,-1,1,-1
201501EK41040,1,1,0,15,0,8,0,8,0,0,3,1,2,1,50,8,-1,-1,-1,-1,1,-1
201501EK41040,2,9,0,3,0,8,0,0,0,0,4,1,6,2,-1,-1,4999,1,2,-1,-1,-1
201501EK41041,1,8,0,9,0,8,0,0,0,0,3,1,1,2,48,8,2499,2,1,-1,1,-1
201501EK41041,2,3,0,14,0,8,0,0,0,0,1,1,1,1,40,7,125,1,-1,-1,-1,-1
201501EK41042,1,5,0,18,2,8,0,0,0,0,1,1,2,2,45,7,499,1,10,-1,1,-1
201501EK41042,2,19,0,9,0,8,0,0,0,0,4,1,1,2,-1,-1,1995,2,7,-1,-1,-1
201501EK41043,1,9,0,7,0,8,0,0,0,0,4,1,1,1,41,7,1390,1,7,-1,1,-1
201501EK41043,2,1,0,15,0,8,0,0,0,0,1,1,6,1,42,7,-1,-1,-1,-1,1,-1
201501EK41045,1,9,0,1,0,1,0,0,0,0,2,1,6,1,-1,-1,-1,-1,-1,-1,-1,-1
201501EK41046,1,11,0,18,0,2,0,0,0,0,4,1,1,1,44,7,4461,2,1,-1,1,-1
201501EK41047,1,9,0,1,0,1,0,0,0,0,1,1,6,2,55,8,2295,1,14,-1,1,-1
201501EK41049,1,8,0,7,0,2,0,0,0,0,1,1,1,1,56,9,1798,8,2,-1,1,-1
201501EK41050,1,9,0,9,0,8,0,0,0,0,4,1,6,1,68,10,1798,8,2,-1,1,-1
201501EK41050,2,1,0,15,0,8,0,0,0,0,1,1,1,1,46,8,-1,-1,-1,-1,1,-1
201501EK41051,1,1,0,5,0,1,0,0,0,0,2,1,6,1,48,8,-1,-1,-1,-1,-1,-1
201501EK41051,2,20,0,5,0,1,0,0,0,0,1,1,1,1,-1,-1,-1,-1,-1,-1,-1,-1
201501EK41052,1,9,0,3,0,1,0,0,0,0,2,1,2,2,27,6,1391,1,20,-1,1,-1
201501EK41052,2,9,0,18,0,1,0,0,0,0,1,1,6,1,-1,-1,1781,1,13,-1,1,-1
201501EK41053,1,8,0,7,0,1,0,0,0,0,4,1,1,1,47,8,1997,2,-1,-1,1,-1
201501EK41053,2,1,0,15,0,1,0,0,0,0,1,1,6,1,29,6,-1,-1,-1,-1,1,-1
201501EK41054,1,9,0,18,0,0,0,0,0,0,1,1,2,1,36,7,875,1,3,-1,1,-1
201501EK41055,1,11,0,4,2,1,0,0,0,0,1,1,1,1,52,8,4461,2,1,-1,1,-1
201501EK41055,2,8,0,3,2,1,0,0,0,0,2,1,1,1,50,8,2402,2,10,-1,1,-1
201501EK41055,3,8,0,3,2,1,0,0,0,0,2,1,1,1,45,7,2499,2,-1,-1,1,-1
201501EK41056,1,3,0,18,0,1,0,0,0,0,1,1,6,1,46,8,123,1,3,-1,1,-1
201501EK41057,1,3,0,7,0,8,0,0,0,0,3,1,1,1,24,5,125,1,4,-1,1,-1
201501EK41057,2,9,0,9,0,8,0,0,0,0,1,1,6,3,-1,-1,1951,2,13,-1,-1,-1
201501EK41058,1,3,0,18,0,2,0,11,0,0,0,1,6,1,31,6,124,1,8,-1,1,-1
201501EK41059,1,9,0,11,2,0,0,0,0,0,4,1,6,2,-1,-1,1998,1,17,-1,-1,-1
201501EK41059,2,1,0,18,2,0,0,0,0,0,3,1,6,1,-1,-1,-1,-1,-1,-1,-1,-1
201501EK41060,1,3,0,18,0,1,0,0,0,0,3,1,6,1,28,6,125,1,8,-1,1,-1
201501EK41060,2,8,0,7,0,1,0,0,0,0,4,1,1,3,-1,-1,-1,-1,-1,-1,-1,-1
201501EK41062,1,8,0,18,0,0,1,0,0,0,4,1,1,1,52,8,1968,2,-1,-1,1,-1
201501EK41063,1,9,0,18,0,8,0,0,0,0,3,1,6,1,33,6,1798,8,1,-1,-1,-1
201501EK41063,2,1,0,3,0,8,0,0,0,0,1,1,2,1,30,6,-1,-1,-1,-1,1,-1
201501EK41064,1,8,0,18,0,2,0,0,0,0,3,1,1,1,39,7,1797,8,5,-1,1,-1
201501EK41065,1,9,0,5,0,1,0,0,0,0,1,1,1,1,24,5,1896,2,11,-1,1,-1
201501EK41066,1,9,0,4,0,0,0,0,0,0,2,1,6,1,43,7,1968,2,5,-1,1,-1
201501EK41066,2,3,0,18,0,0,0,0,0,0,1,1,1,1,25,5,125,1,7,-1,1,-1
201501EK41067,1,5,0,13,0,1,0,0,0,0,4,1,6,1,34,6,650,1,-1,-1,1,-1
201501EK41067,2,9,0,18,0,1,0,0,0,0,3,1,6,1,29,6,-1,-1,-1,-1,1,-1
201501EK41068,1,9,0,18,0,0,0,0,0,0,4,1,6,1,49,8,1896,2,8,-1,1,-1
201501EK41068,2,20,0,12,0,0,0,0,0,0,3,1,6,3,-1,-1,-1,-1,-1,-1,-1,-1
201501EK41072,1,19,0,9,0,5,0,0,0,0,4,1,6,1,28,6,1995,2,4,-1,1,-1
201501EK41072,2,1,0,15,0,8,1,0,0,0,1,1,6,1,34,6,-1,-1,-1,-1,1,-1
201501EK41073,1,8,0,18,0,8,0,0,0,0,1,1,1,1,49,8,-1,-1,-1,-1,1,-1
201501EK41073,2,9,0,9,0,8,0,0,0,0,4,1,6,2,26,6,1398,1,5,-1,-1,-1
201501EK41074,1,3,0,17,0,8,1,10,1,4,1,1,6,1,20,4,124,1,-1,-1,-1,-1
201501EK41075,1,1,0,18,0,1,0,0,0,0,2,1,6,2,27,6,-1,-1,-1,-1,1,-1
201501EK41075,2,9,0,13,0,1,0,0,0,0,1,1,6,3,-1,-1,-1,-1,-1,-1,-1,-1
201501EK41076,1,8,0,6,0,1,0,0,0,0,2,1,1,1,51,8,1339,8,3,-1,1,-1
201501EK41076,2,4,0,18,0,1,0,0,0,0,1,1,1,1,17,4,-1,-1,-1,-1,1,-1
201501EK41079,1,1,0,18,4,8,0,0,0,0,4,1,2,1,22,5,-1,-1,-1,-1,1,-1
201501EK41079,2,19,0,7,0,8,0,0,0,0,1,1,1,1,-1,-1,2198,2,8,-1,-1,-1
201501EK41080,1,3,0,5,0,8,0,0,0,0,1,1,1,1,58,9,125,1,4,-1,1,-1
201501EK41080,2,9,0,9,0,8,0,0,0,0,4,1,1,1,34,6,2231,2,1,-1,1,-1
201501EK41081,1,9,0,18,0,0,0,0,0,0,2,1,2,2,73,10,1998,1,14,-1,-1,-1
201501EK41081,2,19,0,18,0,0,0,0,0,0,1,1,1,1,31,6,2198,2,8,-1,-1,-1
201501EK41082,1,9,0,17,0,2,0,0,0,0,2,1,6,1,32,6,1598,1,9,-1,1,-1
201501EK41082,2,9,0,17,0,2,0,0,0,0,2,1,6,1,24,5,1461,2,-1,-1,1,-1
201501EK41082,3,9,0,17,0,2,0,0,0,0,1,1,6,1,-1,-1,-1,-1,-1,-1,-1,-1
201501EK41083,1,9,0,7,0,1,0,0,0,0,4,1,6,1,34,6,1598,2,2,-1,1,-1
201501EK41083,2,5,0,15,0,1,1,0,0,0,3,1,6,1,32,6,-1,-1,-1,-1,1,-1
201501EK41087,1,5,0,18,0,0,0,0,0,0,0,1,6,1,37,7,1584,1,4,-1,1,-1
201501EK41087,2,8,0,11,0,0,0,0,0,0,0,1,1,1,47,8,1997,2,6,-1,1,-1
201501EK41088,1,8,0,3,0,1,0,0,0,0,2,1,1,1,32,6,1797,8,5,-1,-1,-1
201501EK41088,2,9,0,18,0,1,0,0,0,0,1,1,6,1,-1,-1,1598,1,10,-1,-1,-1
201501EK41089,1,9,0,4,0,1,0,0,0,0,2,1,6,1,21,5,1984,1,3,-1,1,-1
201501EK41089,2,9,0,5,0,1,0,0,0,0,1,1,1,1,31,6,-1,-1,-1,-1,1,-1
201501EK41090,1,3,0,18,0,1,0,0,0,0,0,1,6,1,-1,-1,124,1,-1,-1,1,-1
201501EK41090,2,9,0,12,0,1,0,0,0,0,0,1,6,1,-1,-1,1598,1,2,-1,-1,-1
201501EK41091,1,9,0,5,0,0,0,0,0,0,3,1,6,1,-1,-1,-1,-1,-1,-1,-1,-1
201501EK41091,2,1,0,18,0,0,0,0,0,0,4,1,6,1,28,6,-1,-1,-1,-1,1,-1
201501EK41092,1,9,0,9,0,8,0,0,0,0,4,1,6,2,25,5,999,1,13,-1,-1,-1
201501EK41092,2,4,0,18,0,8,0,0,0,0,1,1,6,1,40,7,395,1,9,-1,1,-1
201501EK41093,1,19,0,9,0,8,0,0,0,0,4,1,1,1,-1,-1,-1,-1,-1,-1,-1,-1
201501EK41093,2,8,0,18,0,8,0,0,0,0,1,1,1,1,-1,-1,-1,-1,-1,-1,-1,-1
201501EK41094,1,9,0,9,0,1,0,0,0,0,4,1,6,1,-1,-1,1995,2,4,-1,-1,-1
201501EK41094,2,21,0,5,0,1,0,0,0,0,1,1,1,1,33,6,6700,2,-1,-1,1,-1
201501EK41094,3,9,0,5,0,1,0,0,0,0,3,1,6,1,-1,-1,-1,-1,-1,-1,-1,-1
201501EK41095,1,2,0,18,0,2,0,0,0,0,1,1,1,1,26,6,-1,-1,-1,-1,1,-1
201501EK41095,2,9,0,18,0,1,0,0,0,0,3,1,1,1,53,8,2987,2,-1,-1,1,-1
201501EK41097,1,1,0,3,0,1,0,0,0,0,2,1,6,2,50,8,-1,-1,-1,-1,1,-1
201501EK41097,2,8,0,3,0,1,0,0,0,0,1,1,1,1,68,10,-1,-1,-1,-1,1,-1
201501EK41098,1,9,0,13,0,1,0,0,0,0,4,1,1,1,46,8,-1,-1,-1,-1,1,-1
201501EK41098,2,1,0,18,0,1,0,0,0,0,3,1,6,2,75,10,-1,-1,-1,-1,1,-1
201501EK41099,1,9,0,18,0,2,0,4,0,0,1,1,6,1,68,10,1968,2,7,-1,1,-1
201501EK41099,2,9,0,2,0,2,0,4,0,0,2,1,6,1,36,7,2143,2,-1,-1,1,-1
201501EK41099,3,9,0,2,0,2,0,4,0,0,2,1,6,1,-1,-1,1968,2,1,-1,1,-1
201501EK41099,4,9,0,2,0,2,0,0,0,0,2,1,6,2,-1,-1,1587,1,13,-1,1,-1
201501EK41100,1,9,0,11,0,8,0,0,0,0,2,1,6,1,34,6,1598,2,-1,-1,1,-1
201501EK41100,2,9,0,18,0,1,0,0,0,0,1,1,6,3,-1,-1,-1,-1,-1,-1,-1,-1
201501EK41101,1,19,0,5,0,8,0,0,0,0,3,1,6,1,54,8,2198,2,2,-1,1,-1
201501EK41101,2,9,0,18,0,8,0,4,0,0,1,1,6,1,46,8,-1,-1,-1,-1,1,-1
201501EK41101,3,9,0,2,0,2,0,0,0,0,3,1,6,3,-1,-1,-1,-1,-1,-1,-1,-1
201501EK41103,1,9,0,18,0,2,0,0,0,0,1,1,6,3,-1,-1,-1,-1,-1,-1,-1,-1
201501EK41104,1,9,0,11,0,1,0,0,0,0,4,1,6,1,54,8,1560,2,1,-1,1,-1
201501EK41104,2,8,0,18,0,1,0,0,0,0,3,1,1,1,53,8,2499,2,7,-1,1,-1
201501EK41106,1,20,0,18,0,2,0,0,0,0,1,1,1,1,54,8,4461,2,4,-1,1,-1
201501EK41107,1,8,0,2,0,1,0,0,0,0,3,1,6,3,-1,-1,1398,1,4,-1,-1,-1
201501EK41107,2,9,0,18,0,1,0,4,0,0,4,1,6,1,36,7,1600,2,5,-1,1,-1
201501EK41108,1,11,0,18,0,0,0,0,0,0,4,1,1,1,53,8,9360,2,5,-1,1,-1
201501EK41109,1,9,0,5,0,8,0,0,0,0,4,1,3,2,35,6,1364,2,6,-1,1,-1
201501EK41109,2,8,0,18,0,8,0,0,0,0,1,1,1,1,46,8,-1,-1,-1,-1,1,-1
201501EK41110,1,9,0,4,0,1,0,0,0,0,4,1,6,1,33,6,2987,2,4,-1,1,-1
201501EK41111,1,9,0,9,0,8,0,0,0,0,3,1,6,2,43,7,3179,1,12,-1,1,-1
201501EK41111,2,3,0,18,0,8,0,0,0,0,1,1,6,1,31,6,125,1,-1,-1,1,-1
201501EK41112,1,9,0,4,0,1,0,10,7,2,4,1,6,1,22,5,1598,2,4,-1,1,-1
201501EK41112,2,9,0,4,0,1,0,0,0,0,1,1,6,1,36,7,1797,8,6,-1,1,-1
201501EK41112,3,9,0,4,0,1,0,0,0,0,2,1,6,1,40,7,1999,1,14,-1,1,-1
201501EK41113,1,9,0,18,0,2,0,0,0,0,4,1,6,1,-1,-1,3311,8,9,-1,1,-1
201501EK41114,1,8,0,18,0,1,0,0,0,0,3,1,1,1,33,6,1598,2,2,-1,1,-1
201501EK41114,2,9,0,13,0,1,0,0,0,0,4,1,6,1,-1,-1,1596,1,8,-1,-1,-1
201501EK41116,1,9,0,9,0,2,0,0,0,0,1,1,6,2,49,8,1598,1,16,-1,-1,-1
201501EK41117,1,3,0,18,0,1,1,0,0,0,0,1,6,1,30,6,125,1,2,-1,1,-1
201501EK41117,2,9,0,9,0,1,0,0,0,0,0,1,6,2,35,6,-1,-1,-1,-1,-1,-1
201501EK41118,1,9,0,18,0,1,0,0,0,0,1,1,6,2,57,9,1590,1,21,-1,1,-1
201501EK41118,2,3,0,18,0,2,0,0,0,0,1,1,6,1,-1,-1,125,1,6,-1,-1,-1
201501EK41119,1,11,0,18,2,1,0,0,0,0,0,1,1,1,36,7,4461,2,1,-1,1,-1
201501EK41120,1,1,0,7,0,1,0,0,0,0,2,1,6,2,22,5,-1,-1,-1,-1,1,-1
201501EK41120,2,9,0,7,0,1,0,0,0,0,1,1,6,3,-1,-1,-1,-1,-1,-1,-1,-1
201501EK41121,1,1,0,18,9,0,0,0,0,0,1,1,6,3,-1,-1,-1,-1,-1,-1,-1,-1
201501EK41122,1,9,0,18,0,1,0,0,0,0,1,1,6,2,31,6,1388,1,12,-1,2,-1
201501EK41122,2,1,0,18,0,1,0,0,0,0,4,1,6,2,39,7,-1,-1,-1,-1,1,-1
201501EK41123,1,19,0,7,0,1,0,0,0,0,4,1,1,1,30,6,9290,2,6,-1,1,-1
201501EK41123,2,3,0,18,0,1,0,0,0,0,3,1,6,1,23,5,-1,-1,-1,-1,1,-1
201501EK41124,1,9,0,18,0,1,0,0,0,0,1,1,6,3,-1,-1,-1,-1,-1,-1,-1,-1
201501EK41125,1,9,0,5,0,1,1,0,0,0,1,1,2,1,35,6,1798,8,-1,-1,-1,-1
201501EK41127,1,1,0,18,4,0,0,0,0,0,1,1,6,2,21,5,-1,-1,-1,-1,1,-1
201501EK41127,2,8,0,1,4,0,0,0,0,0,2,1,1,1,40,7,1797,8,4,-1,1,-1
201501EK41128,1,9,0,18,0,2,0,0,0,0,1,1,6,1,-1,-1,1995,1,8,-1,-1,-1
201501EK41129,1,9,0,7,0,2,0,10,1,2,1,1,6,2,28,6,1199,1,14,-1,1,-1
201501EK41130,1,9,0,2,0,1,0,0,0,0,3,1,2,1,37,7,3226,2,15,-1,-1,-1
201501EK41130,2,1,0,2,0,1,0,8,0,0,1,1,2,1,30,6,-1,-1,-1,-1,1,-1
201501EK41131,1,11,0,5,0,1,0,0,0,0,1,1,1,1,34,6,7300,2,12,-1,1,-1
201501EK41132,1,11,0,9,0,2,0,0,0,0,1,1,1,2,61,9,9360,2,5,-1,1,-1
201501EK41135,1,11,0,18,0,0,0,0,0,0,1,1,1,2,45,7,6700,2,3,-1,1,-1
201501EK41139,1,9,0,7,0,1,0,0,0,0,1,1,6,2,-1,-1,-1,-1,-1,-1,-1,-1
201501EK41139,2,1,0,18,0,1,0,0,0,0,4,1,6,1,32,6,-1,-1,-1,-1,1,-1
201501EK41140,1,9,0,18,0,0,0,0,0,0,1,1,6,1,35,6,1560,2,1,-1,1,-1
201501EK41140,2,3,0,3,0,0,0,0,0,0,2,1,1,1,42,7,108,1,1,-1,-1,-1
201501EK41141,1,9,0,18,0,8,0,0,0,0,4,1,6,2,53,8,1339,1,5,-1,1,-1
201501EK41141,2,1,0,18,0,1,0,0,0,0,1,1,6,1,14,3,-1,-1,-1,-1,1,-1
201501EK41142,1,3,0,15,0,1,0,0,0,0,1,1,6,1,23,5,124,1,9,-1,1,-1
201501EK41142,2,9,0,7,0,1,0,0,0,0,4,1,6,1,49,8,1497,8,6,-1,1,-1
201501EK41144,1,8,0,6,2,2,0,0,0,0,1,1,1,1,48,8,2402,2,11,-1,1,-1
201501EK41144,2,4,0,18,2,2,0,0,0,0,1,1,2,1,23,5,124,1,13,-1,1,-1
201501EK41145,1,9,0,18,0,0,0,0,0,0,1,1,6,2,-1,-1,1598,1,10,-1,1,-1
201501EK41146,1,1,0,7,0,1,0,0,0,0,3,1,6,1,19,4,-1,-1,-1,-1,-1,-1
201501EK41146,2,9,0,7,0,1,0,0,0,0,4,1,6,1,24,5,1395,1,-1,-1,1,-1
201501EK41148,1,9,0,9,0,8,0,0,0,0,3,1,6,2,66,10,1396,1,15,-1,1,-1
201501EK41148,2,2,0,18,0,8,0,0,0,0,1,1,1,2,27,6,108,1,3,-1,1,-1
201501EK41149,1,8,0,13,0,2,0,0,0,0,1,1,1,1,49,8,1797,8,4,-1,1,-1
201501EK41149,2,3,0,7,0,1,0,0,0,0,1,1,6,1,27,6,108,1,6,-1,1,-1
201501EK41150,1,1,0,18,0,8,0,0,0,0,1,1,6,1,55,8,-1,-1,-1,-1,1,-1
201501EK41150,2,9,0,9,0,8,0,0,0,0,1,1,6,1,-1,-1,1198,1,9,-1,-1,-1
201501EK41152,1,9,0,5,0,0,0,0,0,0,4,1,6,1,43,7,1796,1,5,-1,1,-1
201501EK41152,2,1,0,18,0,0,0,0,0,0,1,1,6,1,45,7,-1,-1,-1,-1,1,-1
201501EK41153,1,9,0,9,0,1,0,0,0,0,4,1,6,2,58,9,1199,1,15,-1,1,-1
201501EK41153,2,1,0,18,0,1,0,0,0,0,1,1,6,1,27,6,-1,-1,-1,-1,-1,-1
201501EK41154,1,8,0,9,0,2,0,0,0,0,1,1,1,1,30,6,1956,2,-1,-1,1,-1
201501EK41155,1,8,0,18,0,1,0,0,0,0,1,1,1,1,41,7,1798,8,1,-1,-1,-1
201501EK41155,2,9,0,3,0,1,0,0,0,0,2,1,2,2,30,6,1997,2,3,-1,1,-1
201501EK41158,1,9,0,18,0,0,0,0,0,0,1,1,6,2,78,11,-1,-1,-1,-1,1,-1
201501EK41159,1,9,0,18,0,0,0,0,0,0,1,1,6,1,31,6,1600,1,11,-1,1,-1
201501EK41160,1,9,0,3,0,1,0,0,0,0,2,1,6,1,19,4,-1,-1,-1,-1,1,-1
201501EK41160,2,9,0,18,0,1,0,0,0,0,1,1,6,1,-1,-1,-1,-1,-1,-1,-1,-1
201501EK41161,1,9,0,9,0,1,0,0,0,0,3,1,6,1,38,7,2967,2,2,-1,1,-1
201501EK41161,2,4,0,13,0,1,0,0,0,0,4,1,2,1,21,5,125,1,8,-1,-1,-1
201501EK41162,1,8,0,7,0,1,0,0,0,0,4,1,1,1,37,7,1956,2,1,-1,1,-1
201501EK41162,2,3,0,18,0,1,0,0,0,0,3,1,2,1,19,4,124,1,-1,-1,1,-1
201501EK41163,1,9,0,18,0,1,0,4,0,0,1,1,6,2,58,9,1388,1,6,-1,1,-1
201501EK41163,2,9,0,2,0,2,0,0,0,0,3,1,6,1,51,8,-1,-1,-1,-1,1,-1
201501EK41164,1,11,0,7,0,8,0,0,0,0,4,1,1,1,60,9,4500,2,-1,-1,1,-1
201501EK41165,1,9,0,9,0,8,0,0,0,0,1,1,6,1,36,7,1797,8,5,-1,1,-1
201501EK41165,2,3,0,18,0,1,0,0,0,0,1,1,6,1,22,5,125,1,-1,-1,1,-1
201501EK41166,1,11,0,5,0,0,0,0,0,0,0,1,1,1,45,7,4461,2,1,-1,-1,-1
201501EK41168,1,9,0,9,0,8,0,0,0,0,1,1,6,1,49,8,1800,1,18,-1,1,-1
201501EK41168,2,1,0,18,0,8,0,0,0,0,4,1,2,1,35,6,-1,-1,-1,-1,1,-1
201501EK41169,1,1,0,18,0,0,0,0,0,0,2,1,6,1,16,4,-1,-1,-1,-1,1,-1
201501EK41169,2,9,0,13,0,0,0,0,0,0,1,1,6,1,71,10,1995,1,13,-1,1,-1
201501EK41171,1,1,0,14,0,1,0,0,0,0,1,1,6,1,44,7,-1,-1,-1,-1,1,-1
201501EK41171,2,19,0,6,0,1,0,0,0,0,3,1,1,1,-1,-1,2143,2,6,-1,1,-1
201501EK41176,1,1,0,18,0,2,0,0,0,0,3,1,2,1,22,5,-1,-1,-1,-1,1,-1
201501EK41176,2,9,0,13,0,2,0,0,0,0,4,1,6,1,-1,-1,-1,-1,-1,-1,-1,-1
201501EK41178,1,1,0,18,0,8,0,0,0,0,1,1,6,2,40,7,-1,-1,-1,-1,1,-1
201501EK41178,2,4,0,9,0,8,0,0,0,0,1,1,6,3,-1,-1,-1,-1,-1,-1,-1,-1
201501EK41183,1,3,0,18,0,8,0,0,0,0,1,1,2,1,35,6,125,1,3,-1,1,-1
201501EK41183,2,9,0,9,0,8,0,0,0,0,3,1,6,2,32,6,-1,-1,-1,-1,1,-1
201501EK41184,1,1,0,18,0,8,0,0,0,0,1,1,6,2,37,7,-1,-1,-1,-1,1,-1
201501EK41184,2,9,0,9,0,8,0,0,0,0,4,1,6,1,-1,-1,1198,1,1,-1,-1,-1
201501EK41187,1,9,0,18,0,8,0,0,0,0,4,1,6,2,48,8,1598,1,2,-1,1,-1
201501EK41187,2,9,0,18,0,8,0,0,0,0,1,1,6,1,68,10,1769,1,10,-1,1,-1
201501EK41188,1,5,0,18,0,0,0,0,0,0,1,1,2,1,27,6,-1,-1,-1,-1,1,-1
201501EK41188,2,19,0,4,0,0,0,0,0,0,2,1,1,1,21,5,2143,2,5,-1,1,-1
201501EK41189,1,9,0,7,0,2,0,0,0,0,1,1,6,3,-1,-1,-1,-1,-1,-1,-1,-1
201501EK41190,1,11,0,4,0,1,0,0,0,0,1,1,1,1,65,9,9360,2,3,-1,1,-1
201501EK41195,1,5,0,18,0,8,0,0,0,0,3,1,6,1,39,7,649,1,-1,-1,1,-1
201501EK41195,2,9,0,18,0,8,0,0,0,0,1,1,6,1,-1,-1,1798,8,-1,-1,-1,-1
201501EK41203,1,8,0,18,0,1,0,0,0,0,1,1,1,1,23,5,-1,-1,-1,-1,1,-1
201501EK41203,2,5,0,18,0,1,1,0,0,0,1,1,6,1,-1,-1,-1,-1,-1,-1,-1,-1
201501EK41204,1,4,0,4,0,1,0,0,0,0,2,1,6,1,32,6,-1,-1,-1,-1,1,-1
201501EK41204,2,9,0,18,0,1,0,0,0,0,1,1,6,3,-1,-1,2148,2,5,-1,-1,-1
201501EK41209,1,9,0,14,0,0,0,0,0,0,1,1,6,1,21,5,1797,8,4,-1,1,-1
201501EK41209,2,19,0,2,0,0,0,0,0,0,0,1,6,3,-1,-1,-1,-1,-1,-1,-1,-1
201501EK49018,1,9,0,3,0,1,0,0,0,0,2,1,2,2,25,5,1198,1,12,-1,1,-1
201501EK49018,2,9,0,18,0,1,0,0,0,0,1,1,6,1,32,6,2993,2,1,-1,-1,-1
201501EK49048,1,9,0,18,0,1,0,0,0,0,4,1,6,1,74,10,1584,1,7,-1,1,-1
201501EK49051,1,9,0,8,0,1,0,0,0,0,2,1,6,1,55,8,1995,2,1,-1,1,-1
201501EK49051,2,9,0,7,0,1,0,0,0,0,1,1,6,1,-1,-1,1364,2,9,-1,-1,-1
201501EK49140,1,3,0,13,0,1,0,0,0,0,4,1,1,1,20,4,124,1,7,-1,1,-1
201501EK49140,2,19,0,18,0,1,0,0,0,0,3,1,6,3,-1,-1,-1,-1,-1,-1,-1,-1
201501EK49140,3,9,0,3,0,2,0,0,0,0,1,1,6,1,55,8,1747,1,15,-1,1,-1
201501EO40002,1,9,0,18,0,2,0,0,0,0,1,1,6,3,-1,-1,-1,-1,-1,-1,-1,-1
201501EO40016,1,9,0,18,0,8,0,0,0,0,1,1,6,1,22,5,1686,2,8,-1,1,-1
201501EO40017,1,9,0,18,0,0,0,0,0,0,1,1,6,2,27,6,1588,1,16,-1,1,-1
201501EO40031,1,9,0,18,0,1,0,0,0,0,3,1,6,1,30,6,2204,2,8,-1,1,-1
201501EO40031,2,19,0,18,0,1,0,0,0,0,4,1,6,1,-1,-1,2143,2,2,-1,1,-1
201501EO40032,1,9,0,18,0,1,0,0,0,0,1,1,6,3,-1,-1,-1,-1,-1,-1,-1,-1
201501EO40035,1,1,0,18,2,0,0,0,0,0,4,1,2,2,57,9,-1,-1,-1,-1,1,-1
201501EO40036,1,11,0,18,0,2,0,0,0,0,0,1,1,1,32,6,4760,2,2,-1,1,-1
201501EO40037,1,9,0,18,0,2,0,0,0,0,4,1,6,2,43,7,1390,1,12,-1,1,-1
201501EO40041,1,3,0,18,0,0,0,0,0,0,1,1,1,1,25,5,108,1,3,-1,1,-1
201501EO40043,1,9,0,9,0,5,0,0,0,0,4,1,6,1,58,9,1598,1,7,-1,1,-1
201501EO40043,2,1,0,18,0,8,0,0,1,0,1,1,2,1,32,6,-1,-1,-1,-1,1,-1
201501EO40044,1,9,0,7,0,8,0,0,0,0,4,1,6,1,32,6,1149,1,14,-1,1,-1
201501EO40044,2,3,0,18,0,8,0,0,0,0,1,1,6,1,32,6,124,1,1,-1,1,-1
201501EO40045,1,1,0,18,0,8,0,0,0,0,1,1,6,1,33,6,-1,-1,-1,-1,1,-1
201501EO40045,2,5,0,9,0,8,0,0,0,0,4,1,6,1,46,8,1293,1,2,-1,1,-1
201501EO40049,1,9,0,9,0,2,0,0,0,0,3,1,6,1,-1,-1,-1,-1,-1,-1,-1,-1
201501EO40050,1,9,0,9,0,8,0,0,0,0,1,1,6,2,38,7,998,1,1,-1,1,-1
201501EO40050,2,1,0,18,0,8,0,0,0,0,4,1,6,2,33,6,-1,-1,-1,-1,1,-1
201501EO40053,1,9,0,18,0,8,0,0,0,0,3,1,6,1,28,6,1686,2,10,-1,1,-1
201501EO40053,2,3,0,7,0,8,0,0,0,0,4,1,6,1,28,6,124,1,7,-1,1,-1
201501EO40056,1,90,0,18,0,8,0,0,0,0,1,1,6,1,78,11,-1,-1,-1,-1,1,-1
201501EO40056,2,9,0,9,0,8,0,0,0,0,4,1,6,1,40,7,1998,1,9,-1,1,-1
201501EO40057,1,9,0,9,0,5,0,0,0,0,3,1,6,1,33,6,1339,8,3,-1,1,-1
201501EO40057,2,3,0,13,0,8,0,0,0,0,1,1,6,1,35,6,125,1,1,-1,1,-1