Accident_Index,Vehicle_Reference,Vehicle_Type,Towing_and_Articulation,Vehicle_Manoeuvre,Vehicle_Location-Restricted_Lane,Junction_Location,Skidding_and_Overturning,Hit_Object_in_Carriageway,Vehicle_Leaving_Carriageway,Hit_Object_off_Carriageway,1st_Point_of_Impact,Was_Vehicle_Left_Hand_Drive?,Journey_Purpose_of_Driver,Sex_of_Driver,Age_of_Driver,Age_Band_of_Driver,Engine_Capacity_(CC),Propulsion_Code,Age_of_Vehicle,Driver_IMD_Decile,Driver_Home_Area_Type,Vehicle_IMD_Decile
201501EO40058,1,4,0,17,0,0,0,0,0,0,3,1,2,1,42,7,125,1,5,-1,1,-1
201501EO40060,1,20,0,9,0,8,0,0,0,0,3,1,1,1,26,6,-1,-1,-1,-1,1,-1
201501EO40060,2,4,0,13,0,8,0,0,0,0,1,1,6,1,25,5,-1,-1,-1,-1,1,-1
201501EO40061,1,2,0,18,0,0,0,0,0,0,1,1,6,1,29,6,109,1,2,-1,1,-1
201501EO40061,2,19,0,1,0,0,0,0,0,0,1,1,6,1,-1,-1,2198,2,1,-1,1,-1
201501EO40062,1,5,0,3,0,0,0,0,0,0,2,1,6,1,26,6,599,1,14,-1,1,-1
201501EO40062,2,11,0,14,0,0,0,0,0,0,1,1,1,1,-1,-1,-1,-1,-1,-1,-1,-1
201501EO40063,1,8,0,5,0,2,0,0,0,0,2,1,6,1,54,8,2402,2,13,-1,1,-1
201501EO40063,2,9,0,18,0,2,0,0,0,0,1,1,6,3,-1,-1,2171,1,11,-1,-1,-1
201501EO40064,1,9,0,3,0,0,0,0,0,0,2,1,6,1,48,8,1896,2,5,-1,1,-1
201501EO40064,2,9,0,18,0,0,0,0,0,0,1,1,6,1,-1,-1,1596,1,10,-1,1,-1
201501EO40065,1,1,0,18,0,1,0,0,0,0,4,1,6,1,36,7,-1,-1,-1,-1,1,-1
201501EO40065,2,9,0,4,0,1,0,0,0,0,0,1,6,1,25,5,1149,1,16,-1,1,-1
201501EO40067,1,9,0,9,0,8,0,0,0,0,4,1,6,2,21,5,1364,1,8,-1,1,-1
201501EO40067,2,9,0,18,0,8,0,0,0,0,1,1,6,1,44,7,-1,-1,-1,-1,1,-1
201501EO40069,1,11,0,18,0,0,0,0,0,0,0,1,1,1,61,9,4500,2,1,-1,1,-1
201501EO40070,1,1,0,18,0,8,0,10,7,10,4,1,6,1,53,8,-1,-1,-1,-1,1,-1
201501EO40070,2,9,0,5,0,8,0,0,0,0,1,1,6,1,-1,-1,2967,2,1,-1,-1,-1
201501EO40071,1,9,0,9,0,8,0,0,0,0,3,1,6,1,28,6,-1,-1,-1,-1,1,-1
201501EO40071,2,2,0,18,0,8,0,0,0,0,1,1,6,1,23,5,124,1,1,-1,1,-1
201501EO40073,1,9,0,7,0,6,0,0,1,10,3,1,6,1,26,6,1598,1,9,-1,1,-1
201501EO40073,2,5,0,18,0,8,1,0,7,0,1,1,6,1,23,5,750,1,1,-1,-1,-1
201501EO40074,1,9,0,4,0,1,0,0,0,0,2,1,6,2,44,7,1461,2,1,-1,1,-1
201501EO40074,2,9,0,18,0,1,0,0,0,0,1,1,6,1,61,9,-1,-1,-1,-1,1,-1
201501EO40075,1,9,0,6,0,1,0,0,0,0,3,1,6,1,43,7,1360,1,8,-1,1,-1
201501EO40075,2,3,0,14,0,1,0,0,0,0,1,1,6,1,44,7,124,1,11,-1,1,-1
201501EO40076,1,9,0,18,0,0,0,0,0,0,4,1,6,3,-1,-1,-1,-1,-1,-1,-1,-1
201501EO40077,1,9,0,9,0,8,0,0,0,0,3,1,6,1,50,8,1797,8,6,-1,1,-1
201501EO40077,2,3,0,13,0,8,0,0,0,0,4,1,6,1,22,5,125,1,5,-1,1,-1
201501EO40078,1,9,0,18,0,0,0,4,0,0,4,1,6,2,-1,-1,1242,1,10,-1,-1,-1
201501EO40079,1,1,0,18,0,8,0,0,0,0,3,1,6,1,33,6,-1,-1,-1,-1,1,-1
201501EO40080,1,1,0,18,0,8,0,0,0,0,1,1,2,2,32,6,-1,-1,-1,-1,1,-1
201501EO40080,2,1,0,9,0,6,0,0,0,0,1,1,6,1,-1,-1,-1,-1,-1,-1,-1,-1
201501EO40081,1,5,0,18,2,0,0,0,0,0,1,1,6,1,55,8,1170,1,2,-1,1,-1
201501EO40082,1,3,0,18,0,8,0,0,0,0,3,1,1,1,30,6,109,1,2,-1,1,-1
201501EO40082,2,9,0,9,0,8,0,0,0,0,3,1,1,1,24,5,1797,8,3,-1,1,-1
201501EO40083,1,9,0,9,0,5,0,0,0,0,1,1,6,1,23,5,-1,-1,-1,-1,-1,-1
201501EO40084,1,19,0,5,0,0,0,0,0,0,3,1,6,1,-1,-1,-1,-1,-1,-1,-1,-1
201501EO40084,2,1,0,18,0,0,0,0,0,0,4,1,6,1,24,5,-1,-1,-1,-1,1,-1
201501EO40085,1,9,0,5,0,2,0,0,0,0,4,1,6,2,21,5,1598,1,13,-1,1,-1
201501EO40086,1,8,0,4,0,1,0,0,0,0,2,1,1,1,42,7,1560,2,5,-1,1,-1
201501EO40086,2,9,0,18,0,1,0,0,0,0,1,1,6,1,-1,-1,1798,1,7,-1,-1,-1
201501EO40088,1,11,0,2,0,1,0,0,0,0,0,1,1,1,47,8,9360,2,3,-1,1,-1
201501EO40089,1,3,0,18,0,1,0,0,0,0,1,1,2,1,23,5,125,1,7,-1,1,-1
201501EO40090,1,9,0,18,0,1,0,0,0,0,1,1,6,2,39,7,1595,1,13,-1,1,-1
201501EO40090,2,1,0,18,0,1,0,0,0,0,2,1,6,1,27,6,-1,-1,-1,-1,1,-1
201501EO40091,1,19,0,18,2,2,2,0,2,4,1,1,2,1,25,5,-1,-1,-1,-1,-1,-1
201501EO40091,2,9,0,18,0,2,0,0,0,0,1,1,2,1,29,6,1956,2,3,-1,1,-1
201501EO40091,3,19,0,18,0,2,0,0,0,0,1,1,2,1,44,7,2460,2,8,-1,1,-1
201501EO40093,1,4,0,3,0,1,0,0,0,0,1,1,6,1,29,6,-1,-1,-1,-1,1,-1
201501EO40093,2,19,0,1,0,1,0,0,0,0,2,1,6,1,-1,-1,2198,2,1,-1,-1,-1
201501EO40094,1,1,0,16,0,8,0,2,0,0,3,1,2,1,37,7,-1,-1,-1,-1,1,-1
201501EO40094,2,19,0,16,0,8,0,0,0,0,4,1,1,1,39,7,2151,2,13,-1,1,-1
201501EO40095,1,9,0,9,0,5,0,0,0,0,4,1,2,1,65,9,4806,1,-1,-1,-1,-1
201501EO40095,2,1,0,18,0,8,0,0,0,0,1,1,2,1,32,6,-1,-1,-1,-1,1,-1
201501EO40097,1,9,0,9,0,1,0,0,0,0,1,1,1,1,57,9,1560,2,1,-1,1,-1
201501EO40097,2,1,0,18,0,1,0,0,0,0,3,1,1,1,49,8,-1,-1,-1,-1,1,-1
201501EO40098,1,9,0,18,0,0,0,0,0,0,3,1,6,1,47,8,2198,1,14,-1,1,-1
201501EO40099,1,9,0,7,0,8,0,0,0,0,4,1,6,1,-1,-1,2500,2,11,-1,-1,-1
201501EO40099,2,1,0,18,0,8,0,0,0,0,1,1,2,2,32,6,-1,-1,-1,-1,1,-1
201501EO40100,1,9,0,9,0,8,0,0,0,0,1,1,6,2,32,6,1796,2,3,-1,1,-1
201501EO40100,2,9,0,9,0,8,0,0,0,0,3,1,3,1,22,5,1798,1,7,-1,1,-1
201501EO40101,1,9,0,2,0,0,0,0,0,0,3,1,6,1,33,6,1560,2,2,-1,1,-1
201501EO40101,2,1,0,18,0,0,0,4,0,0,4,1,2,1,36,7,-1,-1,-1,-1,1,-1
201501EO40102,1,1,0,9,0,5,1,0,0,0,0,1,6,2,23,5,-1,-1,-1,-1,1,-1
201501EO40104,1,19,0,15,0,8,0,0,0,0,3,1,6,1,-1,-1,-1,-1,-1,-1,-1,-1
201501EO40104,2,3,0,9,0,8,0,0,0,0,3,1,6,1,37,7,125,1,4,-1,1,-1
201501EO40105,1,1,0,18,0,1,0,0,0,0,1,1,6,2,27,6,-1,-1,-1,-1,1,-1
201501EO40105,2,9,0,5,0,1,0,0,0,0,3,1,6,2,-1,-1,-1,-1,-1,-1,1,-1
201501EO40106,1,1,0,18,0,0,0,0,0,0,1,1,6,1,52,8,-1,-1,-1,-1,1,-1
201501EO40107,1,9,0,18,0,6,0,0,0,0,1,1,6,1,19,4,1598,2,1,-1,1,-1
201501EO40107,2,3,0,13,0,8,0,0,0,0,4,1,6,1,62,9,125,1,1,-1,-1,-1
201501EO40108,1,9,0,18,0,8,2,7,0,0,1,1,6,1,28,6,-1,-1,-1,-1,1,-1
201501EO40109,1,19,0,18,0,0,0,0,0,0,4,1,1,1,39,7,2461,2,6,-1,1,-1
201501EO40110,1,1,0,10,0,1,0,0,0,0,2,1,6,1,25,5,-1,-1,-1,-1,-1,-1
201501EO40110,2,11,0,13,0,1,0,0,0,0,1,1,1,1,23,5,9360,2,3,-1,1,-1
201501EO40111,1,11,0,5,0,1,0,0,0,0,4,1,1,1,-1,-1,-1,-1,-1,-1,-1,-1
201501EO40112,1,9,0,3,0,1,0,0,0,0,4,1,6,1,29,6,1956,2,2,-1,1,-1
201501EO40112,2,10,0,1,0,1,0,0,0,0,2,1,6,1,-1,-1,-1,-1,-1,-1,-1,-1
201501EO40113,1,9,0,9,0,6,0,0,0,0,1,1,3,2,38,7,2362,1,14,-1,1,-1
201501EO40113,2,1,0,10,0,8,0,0,0,0,3,1,2,2,37,7,-1,-1,-1,-1,1,-1
201501EO40114,1,1,0,18,0,1,0,0,0,0,3,1,6,1,38,7,-1,-1,-1,-1,1,-1
201501EO40115,1,9,0,5,0,8,0,0,0,0,2,1,6,1,29,6,1198,1,10,-1,1,-1
201501EO40115,2,9,0,18,0,8,0,0,0,0,1,1,6,1,43,7,2993,2,10,-1,1,-1
201501EO40116,1,1,0,14,0,0,0,8,0,0,1,1,6,1,21,5,-1,-1,-1,-1,1,-1
201501EO40116,2,19,0,2,0,0,0,0,0,0,3,1,6,1,-1,-1,-1,-1,-1,-1,-1,-1
201501EO40117,1,2,0,18,0,1,0,0,0,0,1,1,6,1,38,7,-1,-1,-1,-1,1,-1
201501EO40117,2,9,0,9,0,2,0,0,0,0,3,1,6,1,57,9,998,1,1,-1,1,-1
201501EO40118,1,9,0,9,0,2,0,0,0,0,3,1,6,1,19,4,1497,1,12,-1,1,-1
201501EO40119,1,9,0,18,0,8,0,0,0,0,3,1,6,2,26,6,1461,2,1,-1,1,-1
201501EO40119,2,9,0,5,0,8,0,0,0,0,1,1,6,2,43,7,1386,1,9,-1,1,-1
201501EO40120,1,8,0,4,0,1,0,0,0,0,2,1,1,1,37,7,1596,1,8,-1,1,-1
201501EO40120,2,21,1,18,0,1,0,0,0,0,1,2,1,1,47,8,-1,-1,-1,-1,-1,-1
201501EO40121,1,3,0,18,0,1,0,0,0,0,1,1,6,1,-1,-1,125,1,-1,-1,1,-1
201501EO40123,1,19,0,9,0,8,0,0,0,0,3,1,6,1,38,7,2148,2,10,-1,1,-1
201501EO40123,2,1,0,10,0,8,0,0,0,0,3,1,6,1,35,6,-1,-1,-1,-1,1,-1
201501EO40124,1,9,0,9,0,5,0,0,0,0,3,1,1,1,-1,-1,1968,2,2,-1,1,-1
201501EO40124,2,5,0,18,0,8,0,0,0,0,1,1,2,1,51,8,-1,-1,-1,-1,1,-1
201501EO40125,1,11,0,18,2,1,0,0,0,0,1,1,1,1,37,7,3900,2,10,-1,1,-1
201501EO40126,1,8,0,18,0,1,0,0,0,0,1,1,1,1,64,9,2402,2,12,-1,1,-1
201501EO40127,1,9,0,18,0,1,5,7,0,0,3,1,6,1,24,5,1598,2,1,-1,1,-1
201501EO40129,1,8,0,4,0,2,0,0,0,0,1,1,1,1,67,10,2664,2,16,-1,1,-1
201501EO40130,1,19,0,4,0,1,0,0,0,0,1,1,6,1,-1,-1,2198,2,2,-1,-1,-1
201501EO40130,2,21,0,4,0,1,0,0,0,0,2,1,1,1,-1,-1,3920,2,9,-1,-1,-1
201501EO40131,1,9,0,18,0,8,0,0,0,0,1,1,6,1,26,6,2143,2,3,-1,1,-1
201501EO40131,2,9,0,7,0,8,0,0,0,0,2,1,6,1,-1,-1,-1,-1,-1,-1,-1,-1
201501EO40132,1,3,0,4,0,1,0,10,0,0,1,1,6,1,30,6,599,1,5,-1,1,-1
201501EO40133,1,1,0,3,0,1,0,0,0,0,2,1,2,2,57,9,-1,-1,-1,-1,1,-1
201501EO40133,2,10,0,4,0,1,0,0,0,0,1,1,6,2,-1,-1,-1,-1,-1,-1,1,-1
201501EO40134,1,1,0,15,0,1,0,0,0,0,3,1,6,1,29,6,-1,-1,-1,-1,1,-1
201501EO40134,2,9,0,7,0,1,0,0,0,0,4,1,6,1,25,5,1242,1,8,-1,-1,-1
201501EO40135,1,1,0,14,0,1,0,0,0,0,4,1,6,1,23,5,-1,-1,-1,-1,-1,-1
201501EO40135,2,19,0,9,0,2,0,0,0,0,1,1,6,1,-1,-1,1995,2,2,-1,-1,-1
201501EO40136,1,9,0,5,0,0,0,0,0,0,1,1,6,1,54,8,2498,1,18,-1,1,-1
201501EO40136,2,4,0,5,0,0,0,0,0,0,2,1,6,1,37,7,278,1,5,-1,1,-1
201501EO40137,1,5,0,4,0,1,0,0,0,0,2,1,1,1,37,7,1157,1,18,-1,1,-1
201501EO40137,2,9,0,5,0,1,0,0,0,0,1,1,6,1,50,8,1991,1,15,-1,-1,-1
201501EO40138,1,1,0,7,0,8,0,0,0,0,3,1,6,1,45,7,-1,-1,-1,-1,-1,-1
201501EO40138,2,9,0,18,0,8,0,0,0,0,1,1,6,3,-1,-1,-1,-1,-1,-1,-1,-1
201501EO40140,1,8,0,9,0,1,0,0,0,0,1,1,1,1,46,8,1797,8,6,-1,1,-1
201501EO40140,2,5,0,18,0,1,0,0,0,0,3,1,6,1,38,7,918,1,18,-1,1,-1
201501EO40141,1,1,0,18,0,1,0,0,0,0,1,1,6,1,20,4,-1,-1,-1,-1,1,-1
201501EO40141,2,90,0,18,0,1,0,0,0,0,3,1,6,1,70,10,-1,-1,-1,-1,-1,-1
201501EO40142,1,9,0,9,0,2,0,0,0,0,1,1,6,1,53,8,-1,-1,-1,-1,1,-1
201501EO40143,1,1,0,4,0,8,0,0,0,0,2,1,6,2,41,7,-1,-1,-1,-1,1,-1
201501EO40143,2,9,0,4,0,8,0,0,0,0,1,1,6,1,64,9,3498,1,19,-1,1,-1
201501EO40144,1,1,0,18,0,1,0,0,0,0,1,1,2,1,37,7,-1,-1,-1,-1,1,-1
201501EO40144,2,19,0,9,0,1,0,0,0,0,4,1,6,1,-1,-1,2143,2,4,-1,1,-1
201501EO40145,1,9,0,2,0,1,0,0,0,0,3,1,6,3,-1,-1,1896,2,12,-1,-1,-1
201501EO40145,2,1,0,14,0,1,0,8,0,0,1,1,6,2,-1,-1,-1,-1,-1,-1,1,-1
201501EO40146,1,9,0,5,0,2,0,0,0,0,3,1,6,1,38,7,1598,2,4,-1,1,-1
201501EO40146,2,9,0,16,0,2,0,0,0,0,4,1,6,2,39,7,1348,1,14,-1,1,-1
201501EO40149,1,11,0,18,0,1,0,0,0,0,1,1,1,1,40,7,9360,2,3,-1,1,-1
201501EO40150,1,9,0,18,0,1,0,0,0,0,1,1,6,1,34,6,1797,8,3,-1,1,-1
201501EO40151,1,3,0,18,0,8,0,0,0,0,1,1,1,1,38,7,124,1,10,-1,1,-1
201501EO40151,2,9,0,9,0,8,0,0,0,0,4,1,6,1,47,8,1596,1,7,-1,1,-1
201501EO40153,1,3,0,18,0,8,0,0,0,0,4,1,6,1,26,6,-1,-1,-1,-1,1,-1
201501EO40153,2,9,0,18,0,8,0,0,0,0,1,1,6,1,-1,-1,1388,1,15,-1,-1,-1
201501EO40154,1,5,0,9,0,1,0,0,0,0,3,1,6,1,40,7,865,1,8,-1,1,-1
201501EO40155,1,9,0,18,0,1,0,0,0,0,2,1,6,1,56,9,1995,2,6,-1,1,-1
201501EO40155,2,1,0,18,0,1,0,0,0,0,1,1,6,2,29,6,-1,-1,-1,-1,1,-1
201501EO40156,1,1,0,3,0,2,0,0,0,0,2,1,1,2,34,6,-1,-1,-1,-1,-1,-1
201501EO40156,2,9,0,7,0,2,0,0,0,0,1,1,1,1,37,7,-1,-1,-1,-1,1,-1
201501EO40157,1,5,0,18,0,0,1,10,1,0,0,1,6,1,33,6,998,1,7,-1,1,-1
201501EO40157,2,9,0,6,0,0,0,0,0,0,0,1,6,3,-1,-1,1248,1,1,-1,-1,-1
201501EO40158,1,3,0,18,0,8,0,0,0,0,3,1,6,1,27,6,124,1,2,-1,-1,-1
201501EO40158,2,9,0,9,0,8,0,0,0,0,1,1,6,3,-1,-1,-1,-1,-1,-1,-1,-1
201501EO40159,1,8,0,2,0,0,0,0,0,0,3,1,1,1,44,7,2143,2,1,-1,1,-1
201501EO40159,2,1,0,14,0,0,0,8,0,0,1,1,2,1,40,7,-1,-1,-1,-1,2,-1
201501EO40160,1,3,0,18,0,1,0,10,0,0,0,1,6,1,30,6,125,1,4,-1,1,-1
201501EO40160,2,20,0,11,0,1,0,0,0,0,0,1,1,1,28,6,12740,2,5,-1,1,-1
201501EO40161,1,9,0,7,0,8,0,0,0,0,3,1,6,1,25,5,2148,2,7,-1,1,-1
201501EO40161,2,4,0,18,0,8,0,0,0,0,1,1,6,2,29,6,125,1,1,-1,1,-1
201501EO40162,1,9,0,18,0,8,0,0,0,0,4,1,6,1,44,7,1995,2,8,-1,1,-1
201501EO40162,2,9,0,18,0,8,0,0,0,0,1,1,6,1,46,8,4806,1,8,-1,1,-1
201501EO40162,3,9,0,18,0,8,0,0,0,0,1,1,6,1,44,7,-1,-1,-1,-1,1,-1
201501EO40163,1,1,0,15,0,1,0,0,0,0,3,1,6,1,21,5,-1,-1,-1,-1,1,-1
201501EO40163,2,9,0,18,0,1,0,0,0,0,4,1,6,1,63,9,1794,1,7,-1,1,-1
201501EO40164,1,9,0,2,0,0,0,0,0,0,3,1,6,2,19,4,1242,1,6,-1,1,-1
201501EO40164,2,1,0,18,0,0,0,8,0,0,1,1,6,1,21,5,-1,-1,-1,-1,1,-1
201501EO40165,1,9,0,18,0,0,0,0,0,0,4,1,6,3,-1,-1,-1,-1,-1,-1,-1,-1
201501EO40166,1,11,0,4,0,0,0,0,0,0,0,1,1,1,30,6,-1,-1,-1,-1,-1,-1
201501EO40167,1,9,0,18,0,2,0,0,0,0,1,1,6,1,-1,-1,2148,2,11,-1,1,-1
201501EO40168,1,19,0,4,0,0,0,0,0,0,4,1,1,1,44,7,4950,2,5,-1,1,-1
201501EO40168,2,1,0,15,0,0,0,4,0,0,3,1,2,1,30,6,-1,-1,-1,-1,1,-1
201501EO40169,1,8,0,9,0,2,0,0,0,0,1,1,1,1,69,10,1968,2,7,-1,1,-1
201501EO40171,1,9,0,18,0,1,0,0,0,0,0,1,1,1,-1,-1,-1,-1,-1,-1,-1,-1
201501EO40171,2,9,0,4,0,1,0,0,0,0,2,1,1,1,35,6,1497,8,7,-1,1,-1
201501EO40171,3,9,0,18,0,1,0,0,0,0,1,1,6,2,38,7,2993,2,2,-1,1,-1
201501EO40172,1,9,0,9,0,1,0,0,0,0,1,1,6,1,51,8,-1,-1,-1,-1,1,-1
201501EO40172,2,3,0,18,0,1,0,0,0,0,3,1,6,1,37,7,124,1,6,-1,1,-1
201501EO40173,1,9,0,3,0,1,0,0,0,0,2,1,6,1,36,7,2993,2,1,-1,1,-1
201501EO40173,2,9,0,4,0,1,0,0,0,0,1,1,6,1,-1,-1,1339,8,5,-1,-1,-1
201501EO40174,1,9,0,4,0,1,0,0,0,0,2,1,6,1,49,8,1591,1,2,-1,1,-1
201501EO40174,2,9,0,18,0,1,0,0,0,0,1,1,6,1,30,6,-1,-1,-1,-1,-1,-1
201501EO40175,1,9,0,9,0,8,0,0,0,0,4,1,6,1,30,6,1560,2,4,-1,1,-1
201501EO40175,2,1,0,18,0,8,0,0,0,0,1,1,6,1,46,8,-1,-1,-1,-1,1,-1
201501EO40176,1,9,0,9,0,1,0,0,0,0,3,1,6,2,50,8,1796,1,10,-1,1,-1
201501EO40176,2,3,0,18,0,1,0,0,0,0,1,1,6,1,23,5,124,1,6,-1,1,-1
201501EO40177,1,9,0,16,0,8,1,7,7,2,3,1,2,1,20,4,-1,-1,-1,-1,1,-1
201501EO40179,1,9,0,18,0,0,0,0,0,0,1,1,6,1,49,8,1968,2,6,-1,1,-1
201501EO40180,1,1,0,18,0,1,0,0,0,0,1,1,6,1,35,6,-1,-1,-1,-1,1,-1
201501EO40180,2,9,0,9,0,1,0,0,0,0,4,1,6,3,-1,-1,-1,-1,-1,-1,-1,-1
201501EO40181,1,1,0,18,0,0,0,0,0,0,1,1,6,1,51,8,-1,-1,-1,-1,1,-1
201501EO40181,2,9,0,5,0,0,0,0,0,0,3,1,6,1,-1,-1,999,1,7,-1,1,-1
201501EO40182,1,11,0,18,0,1,0,0,0,0,0,1,1,1,62,9,6692,2,5,-1,1,-1
201501EO40184,1,3,0,13,0,1,0,0,0,0,0,1,6,1,23,5,124,1,1,-1,1,-1
201501EO40185,1,11,0,4,0,2,0,0,0,0,0,1,1,1,37,7,9000,2,5,-1,1,-1
201501EO40186,1,9,0,12,0,1,0,0,0,0,3,1,6,1,29,6,1968,2,1,-1,1,-1
201501EO40186,2,8,0,18,0,1,0,10,7,4,1,1,6,1,43,7,1329,1,3,-1,1,-1
201501EO40187,1,9,0,9,0,1,0,0,0,0,1,1,6,1,33,6,998,1,15,-1,1,-1
201501EO40187,2,3,0,18,0,1,0,0,0,0,3,1,6,1,54,8,124,1,7,-1,1,-1
201501EO40188,1,1,0,13,0,1,0,0,0,0,1,1,6,1,25,5,-1,-1,-1,-1,1,-1
201501EO40188,2,8,0,9,0,1,0,0,0,0,3,1,6,1,-1,-1,-1,-1,-1,-1,-1,-1
201501EO40189,1,9,0,9,0,1,0,0,0,0,4,1,2,2,43,7,-1,-1,-1,-1,1,-1
201501EO40189,2,1,0,15,0,1,0,0,0,0,1,1,1,1,21,5,-1,-1,-1,-1,1,-1
201501EO40190,1,9,0,6,0,1,0,0,0,0,3,1,1,1,38,7,-1,-1,-1,-1,1,-1
201501EO40190,2,5,0,18,0,1,0,0,0,0,1,1,6,1,36,7,696,1,6,-1,1,-1
201501EO40191,1,19,0,4,0,1,0,0,0,0,2,1,2,1,27,6,1996,2,4,-1,2,-1
201501EO40191,2,9,0,4,0,1,0,0,0,0,1,1,6,1,21,5,1796,1,11,-1,1,-1
201501EO40191,3,9,0,3,0,1,0,0,0,0,2,1,6,1,63,9,-1,-1,-1,-1,1,-1
201501EO40192,1,9,0,4,0,1,0,0,0,0,2,1,6,1,48,8,-1,-1,-1,-1,1,-1
201501EO40192,2,9,0,4,0,1,0,0,0,0,1,1,6,1,45,7,2993,2,7,-1,3,-1
201501EO40193,1,9,0,18,0,1,0,4,0,0,3,1,6,1,37,7,1995,1,5,-1,1,-1
201501EO40193,2,8,0,2,0,2,0,0,0,0,3,1,1,1,52,8,2499,2,5,-1,1,-1
201501EO40194,1,3,0,18,0,0,0,0,0,0,1,1,1,1,25,5,107,1,2,-1,1,-1
201501EO40194,2,19,0,4,0,0,0,0,0,0,2,1,1,1,29,6,1560,2,2,-1,1,-1
201501EO40195,1,9,0,18,0,8,0,0,0,0,4,1,6,1,40,7,1753,2,8,-1,1,-1
201501EO40196,1,2,0,4,0,0,0,0,0,0,1,1,2,1,18,4,125,1,9,-1,1,-1
201501EO40196,2,9,0,4,0,0,0,0,0,0,2,1,6,2,-1,-1,-1,-1,-1,-1,-1,-1
201501EO40197,1,8,0,18,0,0,0,0,0,0,2,1,6,1,47,8,1798,8,-1,-1,1,-1
201501EO40197,2,9,0,18,0,0,0,0,0,0,1,1,6,1,33,6,1341,1,10,-1,1,-1
201501EO40198,1,9,0,9,0,5,0,0,0,0,3,1,6,1,-1,-1,-1,-1,-1,-1,-1,-1
201501EO40198,2,19,0,18,0,8,0,0,0,0,1,1,6,1,28,6,2179,2,9,-1,1,-1
201501EO40199,1,19,0,12,0,8,0,0,0,0,1,1,1,1,47,8,-1,-1,-1,-1,-1,-1
201501EO40199,2,1,0,11,0,8,0,0,0,0,1,1,2,1,27,6,-1,-1,-1,-1,1,-1
201501EO40200,1,9,0,18,0,0,0,7,0,0,1,1,2,1,31,6,2000,2,9,-1,1,-1
201501EO40201,1,9,0,3,0,0,0,0,0,0,3,1,6,2,45,7,1370,1,18,-1,1,-1
201501EO40201,2,9,0,1,0,0,0,0,0,0,2,1,6,1,-1,-1,3199,1,10,-1,-1,-1
201501EO40203,1,3,0,13,0,0,0,0,0,0,0,1,1,1,30,6,108,1,4,-1,1,-1
201501EO40204,1,9,0,18,0,0,0,0,0,0,1,1,1,1,51,8,1598,1,2,-1,1,-1
201501EO40204,2,9,0,6,0,0,0,0,0,0,2,1,6,1,40,7,1794,1,9,-1,1,-1
201501EO40205,1,8,0,18,0,8,0,0,0,0,3,1,1,1,63,9,1997,2,3,-1,-1,-1
201501EO40205,2,9,0,18,0,8,0,0,0,0,4,1,6,1,-1,-1,1984,1,14,-1,-1,-1
201501EO40206,1,9,0,2,0,2,0,0,0,0,3,1,6,2,38,7,1796,1,8,-1,1,-1
201501EO40206,2,19,0,18,0,2,0,8,0,0,4,1,6,3,-1,-1,-1,-1,-1,-1,-1,-1
201501EO40207,1,11,0,18,0,1,0,0,0,0,3,1,1,1,24,5,-1,-1,-1,-1,1,-1
201501EO40207,2,3,0,13,0,2,0,0,0,0,3,1,6,1,27,6,124,1,2,-1,1,-1
201501EO40209,1,3,0,18,0,8,0,0,0,0,3,1,1,1,43,7,109,1,1,-1,1,-1
201501EO40209,2,9,0,9,0,8,0,0,0,0,1,1,2,1,28,6,1595,1,13,-1,1,-1
201501EO40210,1,19,0,18,0,1,0,0,0,0,4,1,1,1,38,7,2402,2,7,-1,-1,-1
201501EO40211,1,9,0,18,0,8,0,0,0,0,3,1,6,2,28,6,1242,1,7,-1,1,-1
201501EO40211,2,9,0,9,0,8,0,0,0,0,1,1,6,2,26,6,1149,1,7,-1,-1,-1
201501EO40212,1,11,0,18,0,1,0,0,0,0,0,1,1,1,53,8,6692,2,4,-1,1,-1
201501EO40213,1,2,0,9,0,2,0,10,1,10,4,1,6,1,17,4,-1,-1,-1,-1,1,-1
201501EO40214,1,9,0,10,0,1,0,0,0,0,2,1,6,1,50,8,998,1,2,-1,1,-1
201501EO40214,2,9,0,18,0,1,0,0,0,0,1,1,6,1,-1,-1,1598,2,1,-1,-1,-1
201501EO40215,1,9,0,9,0,1,0,0,0,0,4,1,1,1,38,7,-1,-1,-1,-1,1,-1
201501EO40215,2,3,0,15,0,1,0,0,0,0,1,1,6,2,56,9,-1,-1,-1,-1,1,-1
201501EO40216,1,9,0,2,0,2,0,0,0,0,4,1,6,2,43,7,1329,1,2,-1,1,-1
201501EO40216,2,9,0,18,0,1,0,4,0,0,4,1,6,2,35,6,4701,1,13,-1,-1,-1
201501EO40217,1,11,0,18,0,1,0,0,0,0,0,1,1,1,47,8,6696,2,2,-1,1,-1
201501EO40218,1,90,0,18,0,1,0,0,0,0,4,1,6,3,-1,-1,-1,-1,-1,-1,-1,-1
201501EO40220,1,21,4,9,0,1,0,0,0,0,1,1,1,1,33,6,4485,2,1,-1,1,-1
201501EO40221,1,1,0,18,0,8,0,0,0,0,1,1,6,1,48,8,-1,-1,-1,-1,1,-1
201501EO40221,2,9,0,9,0,8,0,0,0,0,4,1,6,1,-1,-1,2231,2,9,-1,-1,-1
201501EO40222,1,9,0,3,0,1,0,0,0,0,1,1,6,1,26,6,1600,1,11,-1,1,-1
201501EO40222,2,19,0,1,0,1,0,0,0,0,2,1,6,1,25,5,1968,2,2,-1,1,-1
201501EO40223,1,3,0,18,0,0,0,0,0,0,3,1,6,1,36,7,49,1,13,-1,1,-1
201501EO40223,2,19,4,13,0,0,0,0,0,0,4,1,6,3,-1,-1,-1,-1,-1,-1,-1,-1
201501EO40225,1,9,0,9,0,2,0,10,1,10,1,1,6,1,40,7,1995,2,2,-1,2,-1
201501EO40226,1,8,0,3,0,0,0,0,0,0,2,1,6,1,43,7,1968,2,3,-1,1,-1
201501EO40226,2,19,0,18,0,0,0,0,0,0,1,1,6,1,55,8,-1,-1,-1,-1,-1,-1