Accident_Index,Vehicle_Reference,Vehicle_Type,Towing_and_Articulation,Vehicle_Manoeuvre,Vehicle_Location-Restricted_Lane,Junction_Location,Skidding_and_Overturning,Hit_Object_in_Carriageway,Vehicle_Leaving_Carriageway,Hit_Object_off_Carriageway,1st_Point_of_Impact,Was_Vehicle_Left_Hand_Drive?,Journey_Purpose_of_Driver,Sex_of_Driver,Age_of_Driver,Age_Band_of_Driver,Engine_Capacity_(CC),Propulsion_Code,Age_of_Vehicle,Driver_IMD_Decile,Driver_Home_Area_Type,Vehicle_IMD_Decile
201501EO40227,1,3,0,18,0,2,0,8,0,0,1,1,1,1,30,6,107,1,2,-1,1,-1
201501EO40227,2,9,0,2,0,2,0,0,0,0,3,1,6,1,37,7,1461,2,10,-1,1,-1
201501EO40228,1,9,0,9,0,8,0,0,0,0,4,1,6,2,58,9,1984,1,2,-1,1,-1
201501EO40228,2,1,0,18,0,8,0,0,0,0,1,1,6,1,27,6,-1,-1,-1,-1,1,-1
201501EO40229,1,19,0,18,0,0,0,0,0,0,1,1,1,1,35,6,2143,2,5,-1,1,-1
201501EO40230,1,9,0,18,0,0,0,0,0,0,4,1,6,1,20,4,998,1,3,-1,1,-1
201501EO40230,2,1,0,12,0,0,0,0,0,0,3,1,6,1,-1,-1,-1,-1,-1,-1,-1,-1
201501EO40233,1,1,0,14,0,8,0,0,0,0,1,1,1,1,20,4,-1,-1,-1,-1,-1,-1
201501EO40233,2,9,0,6,0,8,0,0,0,0,3,1,2,2,36,7,1598,1,3,-1,1,-1
201501EO40234,1,9,0,18,0,1,5,0,0,0,1,1,6,1,28,6,-1,-1,-1,-1,1,-1
201501EO40234,2,9,0,3,0,1,0,0,0,0,2,1,6,1,28,6,1598,2,3,-1,1,-1
201501EO40235,1,19,0,5,0,1,0,0,0,0,1,1,1,1,50,8,2148,2,6,-1,1,-1
201501EO40236,1,9,0,18,0,2,0,0,0,0,1,1,6,1,52,8,1560,2,7,-1,1,-1
201501EO40237,1,9,0,4,0,1,0,0,0,0,2,1,2,1,33,6,1560,2,9,-1,1,-1
201501EO40237,2,3,0,18,0,1,0,0,0,0,1,1,6,1,34,6,124,1,2,-1,1,-1
201501EO40239,1,9,0,3,0,1,0,0,0,0,2,1,6,1,49,8,1390,1,3,-1,1,-1
201501EO40239,2,9,0,18,0,1,0,0,0,0,1,1,6,1,30,6,1686,2,10,-1,-1,-1
201501EO40240,1,3,0,13,0,8,0,0,0,0,1,1,1,1,25,5,125,1,5,-1,1,-1
201501EO40240,2,9,0,9,0,8,0,0,0,0,3,1,2,1,39,7,-1,-1,-1,-1,1,-1
201501EO40241,1,9,0,18,0,1,0,7,0,0,1,1,6,1,56,9,998,1,5,-1,1,-1
201501EO40242,1,9,0,18,0,8,0,0,0,0,1,1,1,1,49,8,2496,2,15,-1,1,-1
201501EO40242,2,9,0,9,0,8,0,0,0,0,4,1,6,2,28,6,1400,1,8,-1,1,-1
201501EO40243,1,9,0,2,0,2,0,0,0,0,3,1,6,2,59,9,2996,1,7,-1,1,-1
201501EO40243,2,1,0,18,0,2,0,4,0,0,4,1,2,2,26,6,-1,-1,-1,-1,1,-1
201501EO40244,1,3,0,4,0,0,1,0,0,0,0,1,6,1,80,11,85,1,23,-1,1,-1
201501EO40245,1,4,0,18,0,1,0,0,0,0,0,1,1,1,31,6,108,1,-1,-1,1,-1
201501EO40246,1,1,0,18,0,8,0,0,0,0,1,1,6,2,30,6,-1,-1,-1,-1,1,-1
201501EO40246,2,9,0,7,0,5,0,0,0,0,4,1,6,3,-1,-1,-1,-1,-1,-1,-1,-1
201501EO40248,1,9,0,6,0,0,0,0,0,0,3,1,6,1,21,5,1296,1,8,-1,1,-1
201501EO40248,2,9,0,18,0,0,0,0,0,0,1,1,6,1,45,7,1998,1,12,-1,1,-1
201501EO40249,1,8,0,7,0,5,0,0,0,0,4,1,2,1,57,9,1598,1,7,-1,1,-1
201501EO40249,2,1,0,4,2,8,1,0,0,0,1,1,2,2,43,7,-1,-1,-1,-1,1,-1
201501EO40250,1,1,0,18,0,2,0,0,0,0,2,1,6,1,20,4,-1,-1,-1,-1,1,-1
201501EO40250,2,9,0,18,0,2,0,0,0,0,1,1,6,3,-1,-1,-1,-1,-1,-1,-1,-1
201501EO40251,1,9,0,11,0,8,0,0,0,0,1,1,6,2,32,6,1390,1,10,-1,1,-1
201501EO40251,2,9,0,4,0,8,0,0,0,0,2,1,6,2,58,9,1587,1,8,-1,1,-1
201501EO40252,1,3,0,15,2,8,0,0,0,0,1,1,6,1,28,6,124,1,6,-1,1,-1
201501EO40252,2,9,0,9,0,8,0,0,0,0,4,1,6,1,35,6,1596,1,16,-1,1,-1
201501EO40253,1,8,0,9,0,8,0,0,0,0,4,1,6,1,29,6,1497,8,10,-1,1,-1
201501EO40253,2,1,0,18,0,8,0,0,0,0,1,1,6,1,35,6,-1,-1,-1,-1,1,-1
201501EO40254,1,3,0,9,0,1,0,0,0,0,1,1,6,1,45,7,124,1,10,-1,1,-1
201501EO40254,2,1,0,15,0,1,0,0,0,0,1,1,6,1,39,7,-1,-1,-1,-1,1,-1
201501EO40255,1,11,0,9,0,2,0,0,0,0,4,1,1,1,44,7,4500,2,3,-1,1,-1
201501EO40256,1,1,0,18,0,8,0,0,0,0,1,1,6,1,20,4,-1,-1,-1,-1,1,-1
201501EO40256,2,1,0,9,0,8,0,0,0,0,4,1,6,2,26,6,-1,-1,-1,-1,1,-1
201501EO40257,1,9,0,7,0,1,0,0,0,0,3,1,1,1,46,8,1797,8,5,-1,1,-1
201501EO40257,2,1,0,18,0,1,0,0,0,0,1,1,1,1,38,7,-1,-1,-1,-1,1,-1
201501EO40259,1,9,0,2,0,1,0,0,0,0,1,1,6,3,-1,-1,1497,8,9,-1,-1,-1
201501EO40259,2,8,0,9,0,5,0,0,0,0,0,1,1,1,44,7,1995,2,11,-1,1,-1
201501EO40259,3,1,0,4,0,8,1,4,0,0,1,1,6,1,36,7,-1,-1,-1,-1,1,-1
201501EO40260,1,9,0,18,0,1,0,0,0,0,1,1,6,2,59,9,1998,1,16,-1,1,-1
201501EO40260,2,1,0,18,0,1,0,0,0,0,2,1,1,1,41,7,-1,-1,-1,-1,1,-1
201501EO40261,1,1,0,18,0,1,0,0,0,0,1,1,6,1,39,7,-1,-1,-1,-1,1,-1
201501EO40261,2,9,0,7,0,1,0,0,0,0,4,1,6,1,-1,-1,-1,-1,-1,-1,-1,-1
201501EO40262,1,9,0,9,0,8,0,0,0,0,1,1,6,1,21,5,1149,1,7,-1,1,-1
201501EO40262,2,8,0,18,0,8,0,0,0,0,3,1,1,1,35,6,1968,2,2,-1,1,-1
201501EO40263,1,1,0,15,0,1,0,0,0,0,1,1,6,2,23,5,-1,-1,-1,-1,1,-1
201501EO40263,2,9,0,9,0,1,0,0,0,0,4,1,6,1,30,6,-1,-1,-1,-1,-1,-1
201501EO40264,1,1,0,4,0,8,0,0,0,0,0,1,6,1,44,7,-1,-1,-1,-1,1,-1
201501EO40264,2,19,0,9,0,8,0,0,0,0,0,1,1,2,37,7,-1,-1,-1,-1,-1,-1
201501EO40265,1,11,0,18,0,2,0,0,0,0,1,1,1,1,46,8,7300,2,11,-1,1,-1
201501EO40266,1,1,0,5,0,2,0,0,0,0,3,1,2,2,61,9,-1,-1,-1,-1,-1,-1
201501EO40266,2,19,0,11,0,2,0,0,0,0,4,1,1,1,-1,-1,2402,2,7,-1,-1,-1
201501EO40268,1,9,0,18,0,1,0,0,0,0,3,1,6,2,32,6,1598,1,-1,-1,1,-1
201501EO40268,2,19,0,7,0,1,0,0,0,0,4,1,6,1,31,6,2143,2,5,-1,1,-1
201501EO40269,1,9,0,1,0,6,0,0,0,0,2,1,6,2,46,8,1598,1,9,-1,-1,-1
201501EO40269,2,1,0,18,0,8,0,0,0,0,4,1,1,1,27,6,-1,-1,-1,-1,-1,-1
201501EO40270,1,2,0,5,0,1,0,0,0,0,0,1,6,3,-1,-1,-1,-1,-1,-1,-1,-1
201501EO40271,1,9,0,4,0,8,0,0,0,0,2,1,6,1,46,8,-1,-1,-1,-1,1,-1
201501EO40271,2,9,0,18,0,8,0,0,0,0,1,1,6,1,-1,-1,1349,1,13,-1,-1,-1
201501EO40272,1,1,0,15,0,1,0,8,0,0,3,1,2,2,-1,-1,-1,-1,-1,-1,-1,-1
201501EO40272,2,8,0,2,0,1,0,0,0,0,4,1,1,3,-1,-1,-1,-1,-1,-1,-1,-1
201501EO40273,1,9,0,5,0,8,0,0,0,0,1,1,2,1,47,8,1198,1,6,-1,-1,-1
201501EO40273,2,1,0,18,0,8,0,0,0,0,4,1,2,1,26,6,-1,-1,-1,-1,1,-1
201501EO40274,1,19,0,5,0,1,0,0,0,0,1,1,1,1,30,6,2143,2,1,-1,1,-1
201501EO40274,2,1,0,18,0,1,0,0,0,0,4,1,6,2,37,7,-1,-1,-1,-1,-1,-1
201501EO40275,1,9,0,1,0,0,0,0,0,0,3,1,1,1,28,6,1598,2,1,-1,3,-1
201501EO40276,1,19,0,6,0,0,0,0,0,0,3,1,1,1,28,6,1560,2,-1,-1,1,-1
201501EO40276,2,3,0,18,0,0,0,0,0,0,1,1,6,1,25,5,124,1,1,-1,1,-1
201501EO40277,1,1,0,4,0,2,0,0,0,0,2,1,6,1,52,8,-1,-1,-1,-1,1,-1
201501EO40277,2,11,0,4,0,2,0,0,0,0,1,1,1,1,-1,-1,-1,-1,-1,-1,-1,-1
201501EO40278,1,9,0,18,0,8,0,0,0,0,4,1,6,2,49,8,1591,1,2,-1,1,-1
201501EO40278,2,1,0,12,0,8,0,0,0,0,3,1,6,2,-1,-1,-1,-1,-1,-1,-1,-1
201501EO40279,1,9,0,18,0,0,0,0,0,0,1,1,2,1,21,5,1995,1,6,-1,3,-1
201501EO40280,1,9,0,9,0,8,0,0,0,0,1,1,6,1,-1,-1,1398,1,-1,-1,-1,-1
201501EO40280,2,1,0,18,0,8,0,0,0,0,3,1,2,1,28,6,-1,-1,-1,-1,1,-1
201501EO40281,1,9,0,18,0,8,0,0,0,0,1,1,6,1,35,6,1242,1,11,-1,1,-1
201501EO40281,2,8,0,9,0,8,0,0,0,0,1,1,1,1,43,7,1896,2,7,-1,1,-1
201501EO40282,1,4,0,18,0,0,0,0,0,0,1,1,6,1,23,5,125,1,7,-1,1,-1
201501EO40282,2,9,0,11,0,0,0,0,0,0,2,1,6,1,-1,-1,-1,-1,-1,-1,-1,-1
201501EO40285,1,9,0,7,0,5,0,0,0,0,4,1,6,3,-1,-1,1242,1,3,-1,-1,-1
201501EO40285,2,1,0,18,0,8,0,0,0,0,3,1,6,2,22,5,-1,-1,-1,-1,1,-1
201501EO40286,1,8,0,18,0,0,0,10,1,10,4,1,2,1,50,8,2499,2,2,-1,1,-1
201501EO40287,1,1,0,18,0,2,0,4,0,0,1,1,6,1,33,6,-1,-1,-1,-1,1,-1
201501EO40287,2,9,0,2,0,2,0,0,0,0,2,1,6,3,-1,-1,2656,1,9,-1,-1,-1
201501EO40288,1,9,0,4,0,2,0,0,0,0,2,1,6,2,23,5,1598,1,11,-1,1,-1
201501EO40288,2,1,0,18,0,2,0,0,0,0,1,1,6,1,63,9,-1,-1,-1,-1,1,-1
201501EO40289,1,9,0,9,0,8,0,0,0,0,0,1,6,1,37,7,1769,1,10,-1,1,-1
201501EO40289,2,5,0,4,0,8,0,0,1,2,1,1,6,1,55,8,-1,-1,-1,-1,1,-1
201501EO40290,1,1,0,12,0,1,0,0,0,0,3,1,6,2,22,5,-1,-1,-1,-1,1,-1
201501EO40290,2,19,4,18,0,1,0,0,0,0,4,1,6,3,-1,-1,2402,2,6,-1,-1,-1
201501EO40291,1,9,0,7,0,5,0,0,0,0,4,1,6,1,78,11,1896,2,12,-1,-1,-1
201501EO40291,2,1,0,18,0,8,0,0,0,0,3,1,6,1,26,6,-1,-1,-1,-1,1,-1
201501EO40292,1,8,0,7,0,5,0,0,0,0,4,1,1,1,44,7,2143,2,5,-1,1,-1
201501EO40292,2,1,0,18,4,8,0,0,0,0,1,1,6,1,32,6,-1,-1,-1,-1,1,-1
201501EO40293,1,9,0,6,0,2,0,0,0,0,3,1,6,1,27,6,1968,2,10,-1,1,-1
201501EO40293,2,4,0,18,0,2,0,0,0,0,4,1,6,1,32,6,499,1,11,-1,1,-1
201501EO40294,1,11,0,18,0,0,0,0,0,0,1,1,1,1,34,6,4500,2,1,-1,1,-1
201501EO40295,1,9,0,2,0,0,0,0,0,0,3,1,6,2,47,8,-1,-1,-1,-1,1,-1
201501EO40295,2,1,0,18,0,0,0,8,0,0,1,1,6,1,36,7,-1,-1,-1,-1,1,-1
201501EO40296,1,3,0,9,0,1,0,0,0,0,1,1,6,1,28,6,125,1,8,-1,1,-1
201501EO40296,2,1,0,14,0,1,0,0,0,0,1,1,6,1,35,6,-1,-1,-1,-1,1,-1
201501EO40297,1,9,0,2,0,1,0,0,0,0,3,1,6,2,44,7,1229,1,3,-1,1,-1
201501EO40297,2,19,0,7,0,1,0,4,0,0,4,1,1,1,-1,-1,1998,2,9,-1,1,-1
201501EO40298,1,11,0,5,2,2,0,0,0,0,0,1,1,1,42,7,9360,2,4,-1,1,-1
201501EO40299,1,11,0,18,0,2,0,0,1,1,4,1,1,1,59,9,-1,-1,-1,-1,1,-1
201501EO40300,1,9,0,9,0,1,0,0,0,0,1,1,6,1,42,7,1896,2,11,-1,1,-1
201501EO40300,2,9,0,18,0,1,0,0,0,0,4,1,6,1,84,11,1968,2,2,-1,-1,-1
201501EO40301,1,2,0,18,0,0,0,0,0,0,1,1,6,1,17,4,-1,-1,-1,-1,1,-1
201501EO40302,1,11,0,18,0,2,0,0,0,0,4,1,1,1,39,7,4500,2,8,-1,1,-1
201501EO40303,1,8,0,3,0,0,0,0,0,0,2,1,1,1,28,6,1797,8,5,-1,1,-1
201501EO40303,2,9,0,3,0,0,0,0,0,0,2,1,6,2,27,6,1587,1,10,-1,1,-1
201501EO40303,3,9,0,4,0,0,0,0,0,0,1,1,6,1,29,6,1199,2,4,-1,1,-1
201501EO40305,1,19,0,18,0,6,0,0,0,0,1,1,1,1,28,6,2198,2,4,-1,1,-1
201501EO40305,2,9,0,5,0,8,0,0,0,0,4,1,2,2,35,6,1242,1,1,-1,1,-1
201501EO40306,1,1,0,3,0,8,0,0,0,0,2,1,6,2,55,8,-1,-1,-1,-1,1,-1
201501EO40306,2,9,0,9,0,8,0,0,0,0,1,1,6,1,-1,-1,3226,2,14,-1,1,-1
201501EO40307,1,1,0,18,0,1,0,0,0,0,3,1,6,2,32,6,-1,-1,-1,-1,1,-1
201501EO40307,2,9,0,7,0,1,0,0,0,0,4,1,6,1,-1,-1,1400,2,10,-1,1,-1
201501EO40308,1,3,0,18,0,0,0,0,0,0,3,1,6,2,28,6,124,1,11,-1,1,-1
201501EO40309,1,9,0,2,0,0,0,0,0,0,3,1,6,1,58,9,-1,-1,-1,-1,1,-1
201501EO40309,2,1,0,18,0,0,0,4,0,0,4,1,1,1,39,7,-1,-1,-1,-1,1,-1
201501EO40310,1,1,0,5,0,8,0,0,0,0,3,1,6,1,27,6,-1,-1,-1,-1,1,-1
201501EO40310,2,9,0,18,0,8,0,0,0,0,4,1,6,3,-1,-1,-1,-1,-1,-1,-1,-1
201501EO40312,1,9,0,18,0,2,0,0,0,0,1,1,6,1,-1,-1,1598,1,9,-1,-1,-1
201501EO40313,1,8,0,18,0,2,0,0,0,0,1,1,1,1,59,9,2499,2,6,-1,1,-1
201501EO40314,1,11,0,4,0,1,0,0,0,0,0,1,1,1,54,8,9360,2,6,-1,1,-1
201501EO40318,1,1,0,18,0,8,0,0,0,0,3,1,6,1,33,6,-1,-1,-1,-1,1,-1
201501EO40318,2,19,0,18,0,6,0,0,0,0,1,1,6,1,-1,-1,1598,7,13,-1,-1,-1
201501EO40319,1,9,0,7,0,8,0,0,0,0,3,1,6,2,38,7,1910,2,7,-1,1,-1
201501EO40319,2,9,0,18,0,8,0,10,7,10,1,1,1,1,-1,-1,-1,-1,-1,-1,-1,-1
201501EO40320,1,9,0,18,0,8,1,0,0,0,1,1,6,2,26,6,1596,1,1,-1,1,-1
201501EO40320,2,1,0,18,2,8,0,0,0,0,3,1,2,1,35,6,-1,-1,-1,-1,1,-1
201501EO40321,1,9,0,9,0,8,0,0,0,0,3,1,6,1,37,7,1686,2,8,-1,1,-1
201501EO40321,2,3,0,13,0,8,0,0,0,0,4,1,6,1,17,4,125,1,7,-1,-1,-1
201501EO40322,1,21,0,7,0,5,0,0,0,0,4,1,1,1,51,8,6871,2,14,-1,1,-1
201501EO40322,2,1,0,18,0,8,0,0,0,0,3,1,2,2,34,6,-1,-1,-1,-1,1,-1
201501EO40323,1,5,0,4,0,8,0,0,0,0,1,1,6,1,35,6,1520,1,16,-1,1,-1
201501EO40323,2,1,0,7,0,8,0,0,0,0,2,1,6,1,12,3,-1,-1,-1,-1,1,-1
201501EO40324,1,3,0,18,0,8,0,0,0,0,1,1,6,1,-1,-1,125,1,4,-1,-1,-1
201501EO40325,1,2,0,18,0,0,0,10,0,0,4,1,6,1,18,4,124,1,5,-1,1,-1
201501EO40326,1,1,0,18,0,8,0,0,0,0,4,1,6,2,55,8,-1,-1,-1,-1,1,-1
201501EO40326,2,9,0,7,0,8,0,0,0,0,1,1,1,1,-1,-1,-1,-1,-1,-1,-1,-1
201501EO40327,1,9,0,4,0,1,0,10,7,10,3,1,6,2,94,11,1390,1,13,-1,1,-1
201501EO40329,1,9,0,2,0,0,0,0,0,0,3,1,6,1,33,6,2993,2,10,-1,1,-1
201501EO40329,2,1,0,18,0,0,0,8,0,0,4,1,6,1,29,6,-1,-1,-1,-1,-1,-1
201501EO40330,1,9,0,2,0,1,0,0,0,0,3,1,6,1,42,7,1968,2,1,-1,3,-1
201501EO40330,2,3,0,18,0,1,0,4,0,0,4,1,6,1,24,5,124,1,-1,-1,1,-1
201501EO40331,1,11,0,5,0,1,0,0,0,0,0,1,1,1,-1,-1,8268,2,12,-1,1,-1
201501EO40332,1,9,0,5,0,0,0,0,0,0,1,1,6,1,-1,-1,2987,2,5,-1,1,-1
201501EO40333,1,19,0,18,0,0,0,0,0,0,3,1,2,1,50,8,2300,2,12,-1,1,-1
201501EO40334,1,1,0,13,0,0,0,0,0,0,2,1,6,2,54,8,-1,-1,-1,-1,1,-1
201501EO40334,2,9,0,13,0,0,0,0,0,0,1,1,6,1,20,4,1948,1,17,-1,1,-1
201501EO40335,1,9,0,3,0,1,0,0,0,0,2,1,6,2,50,8,1596,1,5,-1,1,-1
201501EO40335,2,9,0,18,0,1,0,0,0,0,1,1,6,1,17,4,1596,1,15,-1,1,-1
201501EO40336,1,9,0,9,0,5,0,0,0,0,4,1,6,1,26,6,1149,1,14,-1,1,-1
201501EO40336,2,4,0,18,0,8,0,0,0,0,1,1,6,1,23,5,1170,1,3,-1,1,-1
201501EO40337,1,19,0,1,0,0,0,0,0,0,2,1,6,1,38,7,2400,2,11,-1,1,-1
201501EO40337,2,2,0,18,0,0,0,0,0,0,1,1,6,2,34,6,124,1,4,-1,1,-1
201501EO40338,1,1,0,18,0,1,0,0,0,0,1,1,6,2,55,8,-1,-1,-1,-1,1,-1
201501EO40338,2,9,0,7,0,1,0,0,0,0,4,1,6,1,41,7,1997,2,10,-1,-1,-1
201501EO40339,1,9,0,9,0,8,0,0,0,0,4,1,6,1,24,5,1390,1,15,-1,1,-1
201501EO40339,2,3,0,15,0,8,0,0,0,0,1,1,6,1,25,5,125,1,7,-1,1,-1
201501EO40340,1,1,0,10,0,1,0,0,0,0,2,1,6,1,39,7,-1,-1,-1,-1,1,-1
201501EO40340,2,19,0,9,0,1,0,0,0,0,1,1,6,1,34,6,2198,2,2,-1,1,-1
201501EO40341,1,8,0,3,0,1,0,0,0,0,2,1,6,1,40,7,1497,8,7,-1,1,-1
201501EO40341,2,9,0,18,0,1,0,0,0,0,1,1,6,1,20,4,1299,1,13,-1,1,-1
201501EO40342,1,9,0,9,0,5,0,0,0,0,4,1,2,1,27,6,1900,2,9,-1,1,-1
201501EO40342,2,5,0,18,0,8,0,0,0,0,1,1,2,1,26,6,749,1,11,-1,1,-1
201501EO40343,1,19,0,7,0,8,0,0,0,0,4,1,1,1,38,7,-1,-1,-1,-1,1,-1
201501EO40343,2,3,0,15,0,8,0,0,0,0,3,1,6,1,51,8,-1,-1,-1,-1,1,-1
201501EO40344,1,9,0,3,0,2,0,0,0,0,2,1,6,1,38,7,1199,1,13,-1,1,-1
201501EO40344,2,9,0,5,0,2,0,0,0,0,1,1,6,1,55,8,1198,1,10,-1,1,-1
201501EO40344,3,9,0,3,0,2,0,0,0,0,2,1,6,1,49,8,2494,1,9,-1,1,-1
201501EO40346,1,9,0,18,0,1,0,0,0,0,4,1,6,1,26,6,1995,1,12,-1,1,-1
201501EO40347,1,9,0,3,0,1,0,0,0,0,2,1,6,1,-1,-1,2597,1,13,-1,-1,-1
201501EO40347,2,19,0,18,0,1,0,0,0,0,1,1,6,1,-1,-1,1560,2,-1,-1,-1,-1
201501EO40349,1,9,0,2,0,0,0,0,0,0,3,1,6,2,-1,-1,1998,2,10,-1,-1,-1
201501EO40349,2,1,0,18,0,0,0,0,0,0,1,1,6,2,35,6,-1,-1,-1,-1,1,-1
201501EO40350,1,1,0,18,0,8,0,0,0,0,4,1,6,1,-1,-1,-1,-1,-1,-1,1,-1
201501EO40350,2,1,0,18,0,8,0,0,0,0,1,1,6,1,33,6,-1,-1,-1,-1,1,-1
201501EO40351,1,5,0,14,0,0,0,0,0,0,4,1,6,1,44,7,-1,-1,-1,-1,1,-1
201501EO40352,1,9,0,3,0,2,0,0,0,0,2,1,6,1,37,7,2268,2,-1,-1,1,-1
201501EO40352,2,9,0,18,0,2,0,0,0,0,1,1,6,2,-1,-1,-1,-1,-1,-1,-1,-1
201501EO40353,1,9,0,18,0,8,0,0,0,0,4,1,6,1,25,5,-1,-1,-1,-1,1,-1
201501EO40353,2,9,0,18,0,8,0,0,0,0,1,1,6,1,-1,-1,1997,2,2,-1,1,-1
201501EO40355,1,11,0,4,0,0,0,0,0,0,4,1,1,1,62,9,8300,2,9,-1,1,-1
201501EO40356,1,3,0,18,0,8,0,0,0,0,2,1,6,1,32,6,-1,-1,-1,-1,1,-1
201501EO40356,2,19,0,7,0,8,0,0,0,0,1,1,1,1,33,6,2198,2,1,-1,1,-1
201501EO40357,1,1,0,18,0,8,0,0,0,0,1,1,6,1,57,9,-1,-1,-1,-1,2,-1
201501EO40357,2,9,0,7,0,8,0,0,0,0,4,1,6,1,-1,-1,2993,2,5,-1,-1,-1
201501EO40359,1,1,0,18,0,1,0,0,0,0,1,1,6,1,-1,-1,-1,-1,-1,-1,-1,-1
201501EO40360,1,1,0,18,0,8,0,0,0,0,1,1,1,1,40,7,-1,-1,-1,-1,1,-1
201501EO40360,2,9,0,7,0,5,0,0,0,0,4,1,6,1,-1,-1,-1,-1,-1,-1,-1,-1
201501EO40361,1,9,0,2,0,0,0,0,0,0,3,1,6,1,-1,-1,1390,1,14,-1,-1,-1
201501EO40361,2,1,0,18,0,0,0,8,0,0,1,1,6,1,48,8,-1,-1,-1,-1,1,-1
201501EO40362,1,9,0,9,0,8,0,0,0,0,4,1,6,1,22,5,1995,2,3,-1,1,-1
201501EO40362,2,9,0,18,0,8,0,0,0,0,1,1,6,1,29,6,-1,-1,-1,-1,1,-1
201501EO40363,1,9,0,9,0,8,0,0,0,0,4,1,6,1,31,6,1798,8,1,-1,1,-1
201501EO40363,2,1,0,15,0,8,0,0,0,0,1,1,6,1,23,5,-1,-1,-1,-1,1,-1
201501EO40364,1,3,0,11,0,0,0,0,0,0,4,1,6,1,45,7,124,1,15,-1,1,-1
201501EO40364,2,11,0,5,0,0,0,0,0,0,3,1,1,1,37,7,8300,2,9,-1,1,-1
201501EO40365,1,9,0,18,0,2,0,0,0,0,3,1,6,1,56,9,-1,-1,-1,-1,1,-1
201501EO40365,2,8,0,11,0,2,0,0,0,0,4,1,6,1,-1,-1,1797,8,5,-1,-1,-1
201501EO40366,1,9,0,1,0,1,0,0,0,0,2,1,6,2,46,8,1560,2,7,-1,2,-1
201501EO40367,1,1,0,18,0,8,0,0,0,0,4,1,6,1,50,8,-1,-1,-1,-1,1,-1
201501EO40368,1,9,0,3,0,1,0,0,0,0,2,1,6,1,30,6,998,1,9,-1,1,-1
201501EO40368,2,9,0,18,0,1,0,0,0,0,1,1,6,1,32,6,-1,-1,-1,-1,-1,-1
201501EO40369,1,8,0,10,0,8,0,0,0,0,3,1,1,1,40,7,1997,2,3,-1,1,-1
201501EO40369,2,9,0,18,0,8,0,0,0,0,3,1,6,1,31,6,1986,2,10,-1,1,-1
201501EO40371,1,21,0,7,0,8,0,0,0,0,4,1,1,1,49,8,8970,2,8,-1,3,-1
201501EO40372,1,3,0,7,0,2,0,10,0,0,4,1,6,1,36,7,124,1,2,-1,1,-1
201501EO40373,1,19,0,7,0,8,0,0,0,0,1,1,6,1,43,7,1560,2,-1,-1,1,-1
201501EO40373,2,1,0,9,0,8,0,0,0,0,2,1,6,1,36,7,-1,-1,-1,-1,1,-1
201501EO40374,1,1,0,18,0,8,0,0,0,0,4,1,6,1,12,3,-1,-1,-1,-1,-1,-1
201501EO40374,2,9,0,4,0,8,0,0,0,0,1,1,6,2,47,8,1396,1,15,-1,1,-1
201501EO40375,1,19,0,7,4,8,0,0,0,0,4,1,1,1,35,6,2148,2,7,-1,1,-1
201501EO40375,2,3,0,15,4,8,0,0,0,0,1,1,2,1,34,6,124,1,5,-1,1,-1
201501EO40376,1,8,0,3,0,1,0,0,0,0,2,1,1,1,38,7,1339,8,5,-1,1,-1
201501EO40376,2,9,0,5,0,1,0,0,0,0,1,1,6,1,36,7,1686,2,4,-1,1,-1
201501EO40377,1,9,0,18,0,8,0,0,0,0,1,1,6,2,36,7,1582,2,2,-1,1,-1
201501EO40377,2,8,0,18,0,8,0,0,0,0,3,1,6,1,54,8,1798,8,2,-1,1,-1
201501EO40379,1,9,0,3,0,0,0,0,0,0,2,1,6,2,42,7,2401,2,12,-1,1,-1
201501EO40379,2,9,0,18,0,0,0,0,0,0,1,1,6,2,33,6,1968,2,7,-1,1,-1
201501EO40380,1,1,0,18,0,8,0,0,0,0,1,1,6,1,12,3,-1,-1,-1,-1,1,-1
201501EO40380,2,9,0,18,0,8,0,0,0,0,3,1,6,2,47,8,1798,8,3,-1,1,-1
201501EO40381,1,9,0,4,0,1,0,0,0,0,2,1,6,1,-1,-1,1956,2,4,-1,-1,-1
201501EO40381,2,1,0,18,0,1,0,0,0,0,1,1,6,2,32,6,-1,-1,-1,-1,1,-1
201501EO40384,1,19,0,9,9,8,0,0,0,0,1,1,1,1,34,6,1248,2,5,-1,1,-1
201501EO40384,2,3,0,18,9,8,0,0,0,0,3,1,2,1,29,6,124,1,8,-1,1,-1
201501EO40385,1,3,0,18,0,1,0,0,0,0,1,1,6,1,41,7,124,1,4,-1,1,-1
201501EO40385,2,9,0,6,0,1,0,0,0,0,3,1,6,1,-1,-1,1995,1,7,-1,-1,-1
201501EO40386,1,5,0,18,0,8,0,0,0,0,1,1,6,1,66,10,1300,1,11,-1,1,-1
201501EO40386,2,9,0,7,0,8,0,0,0,0,4,1,6,1,-1,-1,1598,1,8,-1,-1,-1
201501EO40387,1,9,0,5,0,1,0,0,0,0,2,1,6,1,28,6,2143,2,4,-1,1,-1
201501EO40387,2,19,0,5,0,1,0,0,0,0,1,1,6,1,58,9,2198,2,7,-1,1,-1
201501EO40388,1,9,0,3,0,1,0,0,0,0,2,1,6,2,39,7,1797,8,2,-1,1,-1
201501EO40388,2,8,0,18,0,1,0,0,0,0,1,1,1,1,44,7,1797,8,6,-1,1,-1
201501EO40390,1,11,0,13,0,0,0,0,0,0,4,1,1,1,45,7,6700,2,7,-1,1,-1
201501EO40390,2,1,0,18,0,0,0,0,0,0,3,1,6,1,12,3,-1,-1,-1,-1,1,-1
201501EO40391,1,8,0,11,0,0,0,0,0,0,4,1,1,1,43,7,1968,2,1,-1,1,-1
201501EO40391,2,8,0,15,0,0,0,0,0,0,3,1,6,1,-1,-1,1798,8,1,-1,-1,-1
201501EO40392,1,1,0,18,0,0,0,0,0,0,3,1,6,2,24,5,-1,-1,-1,-1,1,-1