Accident_Index,Vehicle_Reference,Vehicle_Type,Towing_and_Articulation,Vehicle_Manoeuvre,Vehicle_Location-Restricted_Lane,Junction_Location,Skidding_and_Overturning,Hit_Object_in_Carriageway,Vehicle_Leaving_Carriageway,Hit_Object_off_Carriageway,1st_Point_of_Impact,Was_Vehicle_Left_Hand_Drive?,Journey_Purpose_of_Driver,Sex_of_Driver,Age_of_Driver,Age_Band_of_Driver,Engine_Capacity_(CC),Propulsion_Code,Age_of_Vehicle,Driver_IMD_Decile,Driver_Home_Area_Type,Vehicle_IMD_Decile
201501EO40737,2,1,0,18,0,8,0,0,0,0,3,1,6,1,30,6,-1,-1,-1,-1,1,-1
201501EO40738,1,1,0,15,0,8,0,0,0,0,3,1,6,1,22,5,-1,-1,-1,-1,1,-1
201501EO40738,2,9,0,7,0,8,0,0,0,0,4,1,6,1,44,7,-1,-1,-1,-1,1,-1
201501EO40739,1,5,0,13,0,0,0,4,0,0,3,1,6,1,26,6,599,1,10,-1,1,-1
201501EO40740,1,8,0,7,0,8,0,0,0,0,4,1,6,1,46,8,2499,2,3,-1,3,-1
201501EO40740,2,3,0,15,0,8,0,0,0,0,1,1,6,1,44,7,125,1,6,-1,1,-1
201501EO40741,1,9,0,18,0,1,0,0,0,0,1,1,6,1,-1,-1,1598,1,6,-1,-1,-1
201501EO40742,1,9,0,18,0,1,0,0,0,0,1,1,6,1,42,7,2500,2,18,-1,1,-1
201501EO40742,2,9,0,3,0,1,0,0,0,0,2,1,6,2,34,6,1796,1,7,-1,1,-1
201501EO40743,1,9,0,6,0,1,0,0,0,0,2,1,6,2,28,6,1587,1,12,-1,1,-1
201501EO40743,2,9,0,18,0,2,0,0,0,0,1,1,6,1,27,6,1796,1,11,-1,1,-1
201501EO40744,1,5,0,18,0,0,0,0,0,0,1,1,6,1,31,6,-1,-1,-1,-1,1,-1
201501EO40744,2,8,0,6,0,0,0,0,0,0,4,1,1,1,-1,-1,2231,2,9,-1,-1,-1
201501EO40745,1,9,0,9,0,8,0,0,0,0,3,1,6,1,31,6,1595,1,2,-1,1,-1
201501EO40745,2,3,0,14,0,8,0,0,0,0,1,1,6,1,54,8,125,1,13,-1,1,-1
201501EO40746,1,3,0,14,0,0,0,0,0,0,1,1,6,3,-1,-1,-1,-1,-1,-1,-1,-1
201501EO40747,1,8,0,3,0,1,0,0,0,0,2,1,1,1,32,6,1798,8,3,-1,1,-1
201501EO40747,2,8,0,18,0,1,0,8,0,0,1,1,1,1,36,7,1339,8,4,-1,1,-1
201501EO40748,1,9,0,18,0,8,0,0,0,0,1,1,6,3,-1,-1,1590,1,13,-1,-1,-1
201501EO40748,2,1,0,18,0,8,0,0,0,0,2,1,6,1,-1,-1,-1,-1,-1,-1,1,-1
201501EO40749,1,8,0,2,0,1,0,0,0,0,3,1,6,1,48,8,1598,1,3,-1,1,-1
201501EO40749,2,1,0,18,0,1,0,8,0,0,1,1,6,1,35,6,-1,-1,-1,-1,1,-1
201501EO40750,1,9,0,9,0,8,0,0,0,0,4,1,6,1,60,9,1360,1,13,-1,1,-1
201501EO40750,2,1,0,18,0,8,0,0,0,0,1,1,6,1,50,8,-1,-1,-1,-1,1,-1
201501EO40752,1,1,0,18,0,8,0,0,0,0,4,1,6,2,32,6,-1,-1,-1,-1,1,-1
201501EO40752,2,9,0,18,0,8,0,0,0,0,1,1,6,3,-1,-1,1598,2,-1,-1,-1,-1
201501EO40753,1,9,0,6,0,0,0,0,0,0,3,1,6,1,27,6,1198,1,3,-1,1,-1
201501EO40753,2,3,0,14,0,0,0,0,0,0,1,1,6,1,27,6,124,1,-1,-1,1,-1
201501EO40754,1,19,0,2,0,0,0,0,0,0,1,1,1,1,-1,-1,-1,-1,-1,-1,-1,-1
201501EO40754,2,9,0,18,0,0,0,0,0,0,1,1,6,2,77,11,2148,2,12,-1,1,-1
201501EO40755,1,19,0,9,0,8,0,0,0,0,4,1,1,1,59,9,1461,2,-1,-1,1,-1
201501EO40755,2,1,0,15,0,8,0,0,0,0,1,1,6,1,27,6,-1,-1,-1,-1,-1,-1
201501EO40756,1,1,0,18,0,8,0,0,0,0,1,1,6,1,45,7,-1,-1,-1,-1,1,-1
201501EO40756,2,9,0,9,0,8,0,0,0,0,4,1,6,3,-1,-1,-1,-1,-1,-1,-1,-1
201501EO40757,1,3,0,18,0,0,0,0,0,0,1,1,6,1,34,6,125,1,7,-1,1,-1
201501EO40759,1,1,0,4,0,2,0,0,0,0,2,1,6,2,31,6,-1,-1,-1,-1,1,-1
201501EO40759,2,9,0,18,0,2,0,0,0,0,2,1,6,1,-1,-1,1797,8,5,-1,-1,-1
201501EO40760,1,4,0,4,2,0,0,0,0,0,3,1,6,2,53,8,223,1,23,-1,1,-1
201501EO40761,1,9,0,9,0,8,0,0,0,0,4,1,6,1,64,9,1997,2,2,-1,-1,-1
201501EO40761,2,1,0,18,0,8,0,0,0,0,1,1,6,1,37,7,-1,-1,-1,-1,1,-1
201501EO40763,1,8,0,4,0,0,0,0,0,0,2,1,1,1,52,8,2143,2,1,-1,1,-1
201501EO40763,2,9,0,4,0,0,0,0,0,0,2,1,6,3,-1,-1,1798,8,-1,-1,-1,-1
201501EO40763,3,9,0,18,0,0,0,0,0,0,1,1,6,3,-1,-1,-1,-1,-1,-1,-1,-1
201501EO40764,1,3,0,18,0,1,0,0,0,0,1,1,6,1,34,6,125,1,6,-1,1,-1
201501EO40765,1,9,0,18,0,8,0,0,0,0,2,1,6,2,43,7,1299,1,12,-1,1,-1
201501EO40765,2,9,0,7,0,8,0,0,0,0,1,1,1,1,23,5,-1,-1,-1,-1,1,-1
201501EO40766,1,19,0,9,0,8,0,0,0,0,3,1,1,1,31,6,1598,2,-1,-1,-1,-1
201501EO40766,2,3,0,13,0,8,0,0,0,0,4,1,6,1,33,6,124,1,7,-1,1,-1
201501EO40767,1,9,0,12,0,2,0,0,0,0,3,1,6,1,50,8,-1,-1,-1,-1,-1,-1
201501EO40767,2,8,0,18,0,2,0,0,0,0,4,1,6,1,42,7,1598,2,4,-1,1,-1
201501EO40769,1,9,0,18,0,0,0,0,0,0,1,1,6,3,-1,-1,1596,1,9,-1,-1,-1
201501EO40771,1,8,0,5,0,1,0,0,0,0,3,1,1,1,48,8,1797,8,5,-1,1,-1
201501EO40772,1,11,0,18,0,0,0,0,0,0,0,1,1,1,42,7,9360,2,3,-1,-1,-1
201501EO40775,1,8,0,9,0,8,0,0,0,0,1,1,1,1,50,8,2499,2,1,-1,1,-1
201501EO40775,2,1,0,18,0,8,0,0,0,0,3,1,6,1,45,7,-1,-1,-1,-1,1,-1
201501EO40776,1,8,0,3,0,0,0,0,0,0,4,1,6,3,-1,-1,-1,-1,-1,-1,-1,-1
201501EO40776,2,1,0,18,0,0,0,4,0,0,3,1,6,1,25,5,-1,-1,-1,-1,1,-1
201501EO40777,1,5,0,18,0,0,0,0,0,0,1,1,6,1,36,7,892,1,17,-1,-1,-1
201501EO40779,1,2,0,18,0,1,0,0,0,0,1,1,6,1,27,6,-1,-1,-1,-1,1,-1
201501EO40780,1,9,0,9,0,8,0,0,0,0,3,1,6,1,38,7,1560,2,6,-1,1,-1
201501EO40780,2,9,0,7,0,8,0,0,0,0,1,1,6,2,20,4,1596,1,12,-1,1,-1
201501EO40781,1,9,0,18,0,8,0,0,0,0,3,1,6,2,40,7,1753,2,9,-1,1,-1
201501EO40781,2,9,0,18,0,8,0,0,0,0,2,1,6,2,62,9,-1,3,1,-1,1,-1
201501EO40782,1,11,0,18,0,8,0,4,0,0,4,1,1,1,35,6,9360,2,5,-1,1,-1
201501EO40782,2,9,0,2,0,8,0,0,0,0,3,1,6,1,61,9,1598,1,15,-1,1,-1
201501EO40784,1,9,0,9,0,8,0,0,0,0,1,1,6,1,40,7,1798,8,2,-1,1,-1
201501EO40785,1,1,0,18,0,1,0,4,0,0,3,1,6,1,30,6,-1,-1,-1,-1,1,-1
201501EO40785,2,9,0,18,0,1,0,0,0,0,4,1,6,1,48,8,1598,2,1,-1,1,-1
201501EO40786,1,9,0,18,0,1,0,0,0,0,1,1,6,1,37,7,1997,2,6,-1,1,-1
201501EO40787,1,8,0,7,0,8,0,0,0,0,4,1,1,1,33,6,2499,2,4,-1,1,-1
201501EO40787,2,3,0,15,0,8,0,0,0,0,3,1,6,1,18,4,125,1,5,-1,1,-1
201501EO40788,1,9,0,7,0,8,0,0,0,0,4,1,6,2,49,8,1598,2,4,-1,1,-1
201501EO40788,2,1,0,7,0,8,0,0,0,0,3,1,6,2,35,6,-1,-1,-1,-1,1,-1
201501EO40789,1,9,0,5,0,0,0,0,0,0,3,1,6,1,34,6,1968,2,5,-1,1,-1
201501EO40789,2,2,0,5,0,0,0,0,0,0,3,1,6,1,19,4,124,1,6,-1,1,-1
201501EO40790,1,3,0,18,0,8,0,0,0,0,3,1,6,1,21,5,124,1,1,-1,1,-1
201501EO40790,2,9,0,9,0,8,0,0,0,0,2,1,6,3,-1,-1,1896,2,13,-1,-1,-1
201501EO40791,1,9,0,7,0,8,0,0,0,0,4,1,6,1,-1,-1,-1,-1,-1,-1,-1,-1
201501EO40791,2,1,0,18,0,8,0,0,0,0,1,1,6,1,20,4,-1,-1,-1,-1,1,-1
201501EO40793,1,8,0,18,0,2,0,0,0,0,1,1,6,1,57,9,2143,2,4,-1,1,-1
201501EO40794,1,19,0,9,0,8,0,0,0,0,3,1,6,1,51,8,1995,2,5,-1,1,-1
201501EO40794,2,9,0,18,0,8,0,0,0,0,1,1,6,1,45,7,1598,1,12,-1,1,-1
201501EO40796,1,3,0,18,0,8,0,10,1,1,3,1,6,2,21,5,-1,-1,-1,-1,1,-1
201501EO40796,2,8,0,9,0,8,0,0,0,0,1,1,6,1,-1,-1,1798,8,-1,-1,-1,-1
201501EO40797,1,1,0,18,0,8,0,0,0,0,1,1,6,2,31,6,-1,-1,-1,-1,1,-1
201501EO40797,2,19,0,9,0,8,0,0,0,0,3,1,6,3,-1,-1,2143,2,3,-1,-1,-1
201501EO40798,1,11,0,7,0,8,0,0,0,0,1,1,6,3,-1,-1,-1,-1,-1,-1,-1,-1
201501EO40799,1,1,0,3,0,0,0,0,0,0,2,1,6,2,51,8,-1,-1,-1,-1,1,-1
201501EO40799,2,3,0,5,0,0,0,0,0,0,3,1,6,1,-1,-1,125,1,8,-1,-1,-1
201501EO40800,1,1,0,18,4,8,1,10,0,0,1,1,2,1,22,5,-1,-1,-1,-1,1,-1
201501EO40800,2,20,0,7,0,5,0,0,0,0,4,1,6,3,-1,-1,2143,2,3,-1,-1,-1
201501EO40801,1,9,0,9,0,8,0,0,0,0,1,1,6,1,19,4,1229,1,5,-1,1,-1
201501EO40802,1,9,0,9,0,5,0,0,0,0,1,1,6,1,42,7,2231,2,7,-1,1,-1
201501EO40802,2,3,0,15,0,8,0,0,0,0,3,1,6,1,31,6,108,1,1,-1,1,-1
201501EO40803,1,19,0,14,0,1,0,0,0,0,4,1,1,1,38,7,-1,-1,-1,-1,-1,-1
201501EO40804,1,9,0,18,0,0,0,0,0,0,4,1,6,1,44,7,1598,1,1,-1,-1,-1
201501EO40805,1,3,0,18,0,8,0,0,0,0,1,1,2,1,-1,-1,-1,-1,-1,-1,-1,-1
201501EO40805,2,9,0,5,0,6,0,0,0,0,3,1,6,1,45,7,3200,2,15,-1,1,-1
201501EO40806,1,1,0,18,5,0,0,0,0,0,1,1,6,1,31,6,-1,-1,-1,-1,-1,-1
201501EO40807,1,9,0,9,0,8,0,0,0,0,4,1,6,1,44,7,1796,1,15,-1,1,-1
201501EO40807,2,2,0,15,0,8,0,0,0,0,1,1,6,1,49,8,49,1,-1,-1,1,-1
201501EO40809,1,1,0,18,0,0,0,0,0,0,3,1,2,1,42,7,-1,-1,-1,-1,1,-1
201501EO40809,2,3,0,7,0,0,0,0,0,0,1,1,6,1,-1,-1,124,1,11,-1,-1,-1
201501EO40810,1,1,0,18,0,8,0,0,0,0,4,1,6,1,27,6,-1,-1,-1,-1,1,-1
201501EO40810,2,3,0,5,0,8,0,0,0,0,1,1,6,1,-1,-1,124,1,6,-1,-1,-1
201501EO40811,1,1,0,5,0,1,0,0,0,0,2,1,1,1,33,6,-1,-1,-1,-1,1,-1
201501EO40811,2,9,0,5,0,1,0,0,0,0,1,1,6,2,-1,-1,1781,1,9,-1,-1,-1
201501EO40812,1,9,0,9,0,5,0,0,0,0,1,1,2,2,68,10,1339,1,10,-1,1,-1
201501EO40812,2,2,0,18,0,8,0,0,0,0,1,1,1,2,42,7,114,1,1,-1,1,-1
201501EO40813,1,1,0,18,2,8,0,0,0,0,1,1,6,1,23,5,-1,-1,-1,-1,1,-1
201501EO40813,2,9,0,5,0,6,0,0,0,0,3,1,6,1,-1,-1,1339,8,4,-1,-1,-1
201501EO40814,1,1,0,18,0,8,0,0,0,0,3,1,6,1,29,6,-1,-1,-1,-1,1,-1
201501EO40814,2,9,0,9,0,8,0,0,0,0,1,1,6,1,29,6,-1,-1,-1,-1,-1,-1
201501EO40815,1,8,0,3,0,0,0,0,0,0,2,1,1,1,28,6,1956,2,4,-1,1,-1
201501EO40815,2,1,0,18,0,0,0,0,0,0,1,1,6,1,20,4,-1,-1,-1,-1,1,-1
201501EO40816,1,9,0,9,0,5,0,0,0,0,4,1,6,1,25,5,2000,2,4,-1,1,-1
201501EO40816,2,5,0,4,0,8,0,0,0,0,1,1,6,1,49,8,649,1,8,-1,1,-1
201501EO40817,1,1,0,13,0,2,1,0,0,0,4,1,2,2,26,6,-1,-1,-1,-1,1,-1
201501EO40817,2,8,0,9,0,2,0,0,0,0,3,1,1,1,-1,-1,2499,2,6,-1,-1,-1
201501EO40818,1,3,0,4,0,0,0,0,0,0,4,1,2,1,25,5,125,1,9,-1,1,-1
201501EO40818,2,9,0,5,0,0,0,0,0,0,1,1,6,1,56,9,1969,2,1,-1,-1,-1
201501EO40819,1,9,0,9,0,5,0,0,0,0,1,1,6,2,-1,-1,-1,-1,-1,-1,-1,-1
201501EO40820,1,1,0,15,0,8,0,0,1,0,1,1,2,1,27,6,-1,-1,-1,-1,1,-1
201501EO40820,2,20,0,9,0,5,0,0,0,0,4,1,1,1,-1,-1,2402,2,10,-1,-1,-1
201501EO40821,1,9,0,5,0,0,0,0,0,0,3,1,6,1,-1,-1,1395,1,-1,-1,-1,-1
201501EO40822,1,9,0,18,0,1,0,0,0,0,2,1,6,2,36,7,1596,1,11,-1,1,-1
201501EO40822,2,9,0,12,0,1,0,0,0,0,1,1,6,1,-1,-1,2987,2,5,-1,-1,-1
201501EO40823,1,1,0,9,0,8,0,0,0,0,1,1,1,1,46,8,-1,-1,-1,-1,1,-1
201501EO40823,2,2,0,18,0,6,1,0,0,0,3,1,1,1,27,6,108,1,-1,-1,1,-1
201501EO40826,1,9,0,3,0,8,0,0,0,0,2,1,1,1,42,7,-1,-1,-1,-1,-1,-1
201501EO40826,2,1,0,18,0,8,0,0,0,0,1,1,1,1,30,6,-1,-1,-1,-1,-1,-1
201501EO40827,1,1,0,18,0,8,0,0,0,0,3,1,6,1,23,5,-1,-1,-1,-1,1,-1
201501EO40827,2,9,0,7,0,8,0,0,0,0,4,1,6,1,-1,-1,-1,-1,-1,-1,-1,-1
201501EO40828,1,19,0,9,0,8,0,0,0,0,1,1,6,1,50,8,1686,2,13,-1,1,-1
201501EO40828,2,5,0,18,0,8,0,0,0,0,4,1,6,2,42,7,865,1,-1,-1,1,-1
201501EO40829,1,8,0,5,4,6,0,0,0,0,3,1,1,1,53,8,1968,2,2,-1,1,-1
201501EO40829,2,1,0,18,4,8,0,0,0,0,1,1,6,1,39,7,-1,-1,-1,-1,1,-1
201501EO40830,1,3,0,18,0,1,0,0,0,0,1,1,6,1,40,7,125,1,2,-1,1,-1
201501EO40831,1,11,0,2,0,0,0,0,0,0,0,1,1,1,41,7,4500,2,1,-1,1,-1
201501EO40832,1,9,0,6,0,0,0,0,0,0,3,1,6,2,32,6,1199,1,12,-1,1,-1
201501EO40832,2,1,0,13,0,0,0,0,0,0,4,1,6,1,31,6,-1,-1,-1,-1,1,-1
201501EO40833,1,19,0,9,0,8,0,0,0,0,3,1,6,1,41,7,2198,2,2,-1,1,-1
201501EO40833,2,1,0,9,0,8,0,0,0,0,4,1,6,1,30,6,-1,-1,-1,-1,1,-1
201501EO40834,1,1,0,18,0,0,0,0,0,0,1,1,6,1,15,3,-1,-1,-1,-1,1,-1
201501EO40834,2,9,0,18,0,0,0,0,0,0,4,1,6,1,31,6,1198,1,10,-1,1,-1
201501EO40835,1,9,0,7,0,5,0,10,7,0,4,1,3,2,30,6,1796,1,9,-1,-1,-1
201501EO40835,2,5,0,4,2,8,0,0,0,0,3,1,6,1,26,6,599,1,10,-1,1,-1
201501EO40836,1,5,0,4,0,8,0,0,0,0,1,1,6,1,29,6,598,1,17,-1,-1,-1
201501EO40836,2,9,0,9,0,6,0,0,0,0,3,1,6,1,36,7,-1,-1,-1,-1,1,-1
201501EO40837,1,1,0,18,4,0,0,0,0,0,1,1,6,1,53,8,-1,-1,-1,-1,-1,-1
201501EO40837,2,19,0,7,0,0,0,0,0,0,4,1,6,1,-1,-1,-1,-1,-1,-1,1,-1
201501EO40838,1,8,0,7,0,8,0,0,0,0,3,1,1,1,52,8,2499,2,6,-1,1,-1
201501EO40839,1,9,0,18,0,8,0,7,1,1,3,1,1,1,29,6,1997,2,4,-1,1,-1
201501EO40839,2,9,0,6,0,8,0,0,0,0,1,1,6,1,38,7,1798,1,5,-1,1,-1
201501EO40840,1,11,0,4,2,0,0,0,0,0,0,1,1,1,34,6,8268,2,13,-1,1,-1
201501EO40841,1,1,0,18,0,1,0,0,0,0,1,1,6,2,33,6,-1,-1,-1,-1,1,-1
201501EO40841,2,9,0,6,0,1,0,0,0,0,3,1,6,1,-1,-1,1149,1,15,-1,1,-1
201501EO40842,1,8,0,4,0,0,1,0,0,0,1,1,2,1,52,8,1360,1,8,-1,1,-1
201501EO40843,1,9,0,18,0,8,0,4,0,0,1,1,2,2,25,5,1149,1,13,-1,1,-1
201501EO40843,2,9,0,2,0,8,0,0,0,0,2,1,6,3,-1,-1,2143,2,-1,-1,-1,-1
201501EO40844,1,9,0,9,0,6,0,0,0,0,1,1,1,1,31,6,1598,1,9,-1,1,-1
201501EO40844,2,1,0,18,0,6,0,0,0,0,3,1,6,2,22,5,-1,-1,-1,-1,1,-1
201501EO40845,1,9,0,18,0,1,0,0,0,0,1,1,6,2,21,5,1598,2,3,-1,1,-1
201501EO40846,1,11,0,5,2,2,0,0,0,0,0,1,1,1,32,6,4500,2,-1,-1,1,-1
201501EO40847,1,3,0,9,0,8,0,0,0,0,1,1,1,1,22,5,125,1,4,-1,1,-1
201501EO40847,2,19,0,18,0,8,0,0,0,0,4,1,1,1,28,6,1248,2,2,-1,1,-1
201501EO40848,1,1,0,18,0,8,0,0,0,0,4,1,2,1,33,6,-1,-1,-1,-1,1,-1
201501EO40848,2,19,0,5,0,6,0,0,0,0,1,1,1,1,46,8,2198,2,1,-1,1,-1
201501EO40849,1,9,0,18,0,8,0,0,0,0,1,1,6,2,51,8,1299,1,13,-1,1,-1
201501EO40849,2,3,0,7,0,8,0,0,0,0,2,1,2,1,27,6,125,1,4,-1,1,-1
201501EO40850,1,9,0,18,0,2,0,0,0,0,1,1,6,1,28,6,1461,2,-1,-1,-1,-1
201501EO40850,2,9,0,4,0,1,0,0,0,0,1,1,6,1,24,5,1248,2,8,-1,-1,-1
201501EO40851,1,9,0,7,0,5,0,0,0,0,4,1,2,1,61,9,1390,1,6,-1,1,-1
201501EO40851,2,1,0,18,0,8,0,0,0,0,1,1,2,2,27,6,-1,-1,-1,-1,1,-1
201501EO40852,1,20,0,9,0,8,0,0,0,0,4,1,6,1,56,9,3920,2,8,-1,1,-1
201501EO40852,2,1,0,18,0,8,0,0,0,0,1,1,6,1,27,6,-1,-1,-1,-1,1,-1
201501EO40853,1,1,0,18,9,8,0,0,0,0,1,1,6,1,-1,-1,-1,-1,-1,-1,-1,-1
201501EO40855,1,11,0,4,0,0,0,0,0,0,0,1,1,1,62,9,-1,-1,-1,-1,-1,-1
201501EO40857,1,1,0,18,0,2,0,0,0,0,0,1,6,1,32,6,-1,-1,-1,-1,1,-1
201501EO40858,1,11,0,4,0,1,0,0,0,0,0,1,1,1,46,8,9360,2,3,-1,1,-1
201501EO40859,1,9,0,9,0,8,0,0,0,0,3,1,6,1,46,8,1461,2,3,-1,1,-1
201501EO40859,2,5,0,13,0,8,0,0,0,0,4,1,6,1,46,8,656,1,8,-1,1,-1
201501EO40860,1,19,0,5,0,2,0,0,0,0,1,1,6,1,-1,-1,1995,2,7,-1,-1,-1
201501EO40861,1,20,0,5,0,2,0,0,0,0,3,1,1,1,53,8,12740,2,4,-1,2,-1
201501EO40861,2,1,0,18,0,2,0,0,0,0,1,1,2,2,36,7,-1,-1,-1,-1,1,-1
201501EO40862,1,1,0,15,0,8,0,0,0,0,1,1,6,1,26,6,-1,-1,-1,-1,1,-1
201501EO40862,2,9,0,9,0,5,0,0,0,0,4,1,6,1,-1,-1,1596,1,8,-1,-1,-1
201501EO40863,1,9,0,18,9,5,0,0,0,0,1,1,6,3,-1,-1,-1,-1,-1,-1,-1,-1
201501EO40864,1,9,0,9,0,8,0,0,0,0,3,1,6,2,47,8,-1,-1,-1,-1,1,-1
201501EO40864,2,4,0,18,0,8,0,0,0,0,4,1,6,1,35,6,125,1,4,-1,1,-1
201501EO40865,1,1,0,18,0,0,0,8,0,0,4,1,2,1,31,6,-1,-1,-1,-1,1,-1
201501EO40865,2,9,0,2,0,0,0,0,0,0,3,1,6,2,61,9,1299,1,8,-1,1,-1
201501EO40866,1,9,0,14,0,0,0,0,0,0,4,1,6,2,41,7,1975,1,8,-1,1,-1
201501EO40867,1,4,0,18,0,8,1,0,0,0,1,1,2,1,52,8,125,1,3,-1,1,-1
201501EO40867,2,8,0,9,0,6,0,0,0,0,4,1,1,1,37,7,1797,8,6,-1,1,-1
201501EO40869,1,9,0,3,0,1,0,0,0,0,2,1,1,1,31,6,1896,2,14,-1,1,-1
201501EO40869,2,9,0,18,0,1,0,0,0,0,1,1,6,1,-1,-1,-1,-1,-1,-1,-1,-1
201501EO40870,1,9,0,3,0,1,0,0,0,0,2,1,2,2,51,8,1299,1,13,-1,1,-1
201501EO40870,2,19,0,15,0,1,0,0,0,0,1,1,6,1,-1,-1,-1,-1,-1,-1,-1,-1
201501EO40871,1,1,0,18,0,8,0,0,0,0,1,1,2,1,54,8,-1,-1,-1,-1,1,-1
201501EO40871,2,19,0,9,0,6,0,0,0,0,3,1,6,1,-1,-1,-1,-1,-1,-1,-1,-1
201501EO40873,1,19,0,3,0,1,0,0,0,0,2,1,6,1,32,6,2464,2,5,-1,1,-1
201501EO40873,2,9,0,3,0,1,0,0,0,0,2,1,6,1,57,9,-1,-1,-1,-1,-1,-1
201501EO40873,3,21,0,18,0,1,0,0,0,0,1,1,6,1,-1,-1,-1,-1,-1,-1,-1,-1
201501EO40873,4,9,0,3,0,1,0,0,0,0,2,1,6,1,54,8,2993,2,-1,-1,1,-1
201501EO40873,5,19,0,3,0,1,0,0,0,0,2,1,6,1,23,5,2461,2,9,-1,3,-1
201501EO40873,6,9,0,3,0,1,0,0,0,0,2,1,6,1,38,7,-1,-1,-1,-1,1,-1
201501EO40874,1,8,0,3,0,1,0,0,0,0,2,1,1,1,48,8,1339,8,5,-1,1,-1
201501EO40874,2,9,0,5,0,1,0,0,0,0,1,1,6,2,36,7,2497,1,11,-1,1,-1
201501EO40875,1,19,0,3,0,1,0,0,0,0,2,1,1,1,27,6,2198,2,2,-1,1,-1
201501EO40875,2,3,0,18,0,1,0,0,0,0,1,1,2,1,26,6,125,1,-1,-1,1,-1
201501EO40876,1,9,0,9,0,8,0,0,0,0,1,1,6,2,48,8,1598,1,10,-1,1,-1
201501EO40876,2,1,0,18,0,8,0,0,0,0,3,1,6,1,49,8,-1,-1,-1,-1,1,-1
201501EO40877,1,9,0,5,0,2,0,0,0,0,1,1,6,2,64,9,1560,2,1,-1,1,-1
201501EO40878,1,9,0,18,0,2,0,0,0,0,1,1,6,1,54,8,1560,2,9,-1,1,-1
201501EO40878,2,9,0,6,0,1,0,0,0,0,1,1,6,1,54,8,1339,8,7,-1,1,-1
201501EO40879,1,9,0,9,0,6,0,0,0,0,3,1,6,1,32,6,1798,8,3,-1,1,-1
201501EO40879,2,9,0,14,0,8,0,0,0,0,1,1,6,1,36,7,-1,-1,-1,-1,1,-1
201501EO40880,1,9,0,6,0,0,0,0,0,0,3,1,6,2,57,9,1998,1,14,-1,1,-1
201501EO40880,2,1,0,14,0,0,0,0,0,0,1,1,6,2,24,5,-1,-1,-1,-1,1,-1
201501EO40881,1,3,0,18,0,8,0,0,0,0,4,1,6,1,20,4,124,1,-1,-1,1,-1
201501EO40883,1,9,0,18,0,0,0,0,0,0,1,1,6,1,33,6,1685,2,1,-1,-1,-1
201501EO40884,1,9,0,9,0,5,0,0,0,0,1,1,6,1,67,10,1596,1,2,-1,1,-1
201501EO40884,2,1,0,15,0,8,0,0,0,0,3,1,6,1,21,5,-1,-1,-1,-1,1,-1
201501EO40886,1,8,0,4,0,1,0,0,0,0,2,1,1,1,63,9,1997,2,-1,-1,1,-1
201501EO40886,2,5,0,18,0,1,0,0,0,0,1,1,1,2,53,8,892,1,17,-1,1,-1
201501EO40887,1,9,0,10,0,8,0,0,0,0,4,1,6,1,26,6,1242,1,11,-1,1,-1
201501EO40887,2,19,0,18,0,8,0,0,0,0,1,1,6,1,-1,-1,1998,2,11,-1,-1,-1
201501EO40888,1,9,0,1,0,8,0,0,0,0,2,1,2,2,50,8,1685,2,3,-1,1,-1
201501EO40889,1,3,0,18,0,1,0,0,0,0,1,1,6,3,-1,-1,-1,-1,-1,-1,-1,-1
201501EO40892,1,9,0,1,0,1,0,0,0,0,2,1,6,2,50,8,2179,2,2,-1,1,-1
201501EO40893,1,19,0,18,0,2,1,0,0,0,4,1,6,1,-1,-1,2198,2,3,-1,-1,-1
201501EO40894,1,4,0,13,0,8,1,10,0,0,1,1,6,1,-1,-1,-1,-1,-1,-1,-1,-1
201501EO40894,2,9,0,9,0,8,0,0,0,0,3,1,6,1,-1,-1,-1,-1,-1,-1,1,-1
201501EO40895,1,1,0,15,0,1,0,0,0,0,3,1,1,1,38,7,-1,-1,-1,-1,1,-1
201501EO40895,2,8,0,9,0,1,0,0,0,0,1,1,6,1,25,5,1598,2,-1,-1,1,-1
201501EO40896,1,8,0,18,0,0,0,0,0,0,1,1,1,1,85,11,2902,2,8,-1,1,-1
201501EO40896,2,9,0,3,0,0,0,0,0,0,2,1,6,1,53,8,-1,3,1,-1,1,-1
201501EO40896,3,9,0,3,0,0,0,0,0,0,2,1,1,1,37,7,-1,-1,-1,-1,-1,-1
201501EO40897,1,1,0,18,0,0,0,4,0,0,4,1,6,1,52,8,-1,-1,-1,-1,1,-1
201501EO40898,1,21,1,7,0,8,0,0,0,0,4,1,1,1,56,9,11967,2,2,-1,1,-1
201501EO40898,2,1,0,5,0,8,0,0,0,0,1,1,6,2,37,7,-1,-1,-1,-1,1,-1
201501EO40899,1,9,0,3,0,1,0,0,0,0,3,1,6,1,30,6,-1,-1,-1,-1,1,-1
201501EO40899,2,9,0,18,0,2,5,0,0,0,3,1,6,2,44,7,999,1,-1,-1,1,-1
201501EO40900,1,5,0,13,0,2,0,0,0,0,1,1,2,1,29,6,695,1,9,-1,1,-1
201501EO40900,2,19,0,6,0,2,0,0,0,0,3,1,1,1,71,10,1995,2,6,-1,1,-1
201501EO40901,1,19,0,18,0,2,0,0,0,0,4,1,6,3,-1,-1,2143,2,1,-1,-1,-1
201501EO40902,1,21,1,7,0,5,0,0,0,0,4,1,1,1,55,8,10837,2,2,-1,2,-1
201501EO40902,2,1,0,5,0,8,0,0,0,0,1,1,6,2,23,5,-1,-1,-1,-1,-1,-1
201501EO40904,1,19,0,9,0,8,0,0,0,0,4,1,1,1,30,6,-1,-1,-1,-1,1,-1
201501EO40904,2,1,0,18,0,6,0,0,0,0,1,1,6,1,65,9,-1,-1,-1,-1,1,-1
201501EO40905,1,8,0,18,0,2,0,0,0,0,1,1,6,1,32,6,2143,2,1,-1,1,-1
201501EO40906,1,9,0,9,0,5,0,0,0,0,1,1,6,2,76,11,1339,1,8,-1,1,-1