Accident_Index,Vehicle_Reference,Vehicle_Type,Towing_and_Articulation,Vehicle_Manoeuvre,Vehicle_Location-Restricted_Lane,Junction_Location,Skidding_and_Overturning,Hit_Object_in_Carriageway,Vehicle_Leaving_Carriageway,Hit_Object_off_Carriageway,1st_Point_of_Impact,Was_Vehicle_Left_Hand_Drive?,Journey_Purpose_of_Driver,Sex_of_Driver,Age_of_Driver,Age_Band_of_Driver,Engine_Capacity_(CC),Propulsion_Code,Age_of_Vehicle,Driver_IMD_Decile,Driver_Home_Area_Type,Vehicle_IMD_Decile
201501EO40906,2,3,0,18,2,8,0,0,0,0,1,1,1,1,28,6,125,1,1,-1,1,-1
201501EO40907,1,19,0,7,0,2,0,0,0,0,4,1,1,1,50,8,2298,2,-1,-1,1,-1
201501EO40908,1,9,0,5,0,1,0,0,0,0,1,1,6,1,25,5,2995,1,-1,-1,1,-1
201501EO40909,1,9,0,9,0,8,0,0,0,0,1,1,6,2,23,5,1896,2,7,-1,1,-1
201501EO40909,2,1,0,18,0,8,0,0,0,0,4,1,6,1,39,7,-1,-1,-1,-1,1,-1
201501EO40912,1,11,0,5,0,1,0,0,0,0,0,1,1,2,28,6,4500,2,1,-1,1,-1
201501EO40913,1,9,0,18,0,1,0,4,0,0,1,1,6,1,67,10,1198,1,3,-1,1,-1
201501EO40913,2,9,0,2,0,2,0,4,0,0,2,1,6,3,-1,-1,1198,1,1,-1,-1,-1
201501EO40913,3,9,0,2,0,2,0,4,0,0,2,1,6,3,-1,-1,989,1,16,-1,-1,-1
201501EO40913,4,9,0,2,0,2,0,4,0,0,2,1,6,3,-1,-1,998,1,6,-1,-1,-1
201501EO40913,5,9,0,2,0,2,0,4,0,0,2,1,6,3,-1,-1,1600,2,5,-1,-1,-1
201501EO40913,6,9,0,2,0,2,0,4,0,0,1,1,6,3,-1,-1,1560,2,1,-1,-1,-1
201501EO40914,1,3,0,18,0,0,0,0,0,0,1,1,6,1,18,4,125,1,6,-1,1,-1
201501EO40915,1,3,0,18,2,1,0,0,0,0,4,1,6,1,19,4,125,1,4,-1,1,-1
201501EO40915,2,8,0,5,2,1,0,0,0,0,1,1,6,3,-1,-1,-1,-1,-1,-1,-1,-1
201501EO40917,1,1,0,4,0,8,0,0,1,0,1,1,2,1,39,7,-1,-1,-1,-1,1,-1
201501EO40917,2,9,0,5,0,8,0,0,0,0,4,1,6,1,-1,-1,1781,1,14,-1,-1,-1
201501EO40918,1,1,0,18,0,8,0,0,0,0,4,1,2,1,40,7,-1,-1,-1,-1,1,-1
201501EO40918,2,8,0,5,0,8,0,0,0,0,1,1,6,1,-1,-1,-1,-1,-1,-1,-1,-1
201501EO40919,1,5,0,18,0,8,0,0,0,0,3,1,6,1,67,10,680,1,7,-1,-1,-1
201501EO40919,2,9,0,9,0,5,0,0,0,0,1,1,6,1,31,6,1968,2,1,-1,1,-1
201501EO40920,1,20,0,7,0,8,0,0,0,0,4,1,1,1,41,7,12777,2,7,-1,1,-1
201501EO40921,1,19,0,18,0,1,0,0,0,0,1,1,1,1,45,7,2287,2,7,-1,1,-1
201501EO40921,2,9,0,3,0,1,0,0,0,0,2,1,1,1,47,8,1997,2,7,-1,1,-1
201501EO40921,3,8,0,3,0,1,0,0,0,0,2,1,1,1,52,8,1497,8,7,-1,-1,-1
201501EO40923,1,9,0,4,0,1,0,0,0,0,1,1,1,1,33,6,799,2,4,-1,1,-1
201501EO40923,2,1,0,4,0,1,0,0,0,0,2,1,6,1,42,7,-1,-1,-1,-1,1,-1
201501EO40924,1,5,0,18,0,1,0,0,0,0,3,1,2,1,56,9,599,1,5,-1,1,-1
201501EO40924,2,11,0,18,0,1,0,0,0,0,4,1,1,2,49,8,9360,2,3,-1,-1,-1
201501EO40925,1,8,0,1,0,0,0,0,0,0,2,1,6,1,67,10,2402,2,11,-1,1,-1
201501EO40926,1,1,0,18,0,8,0,0,0,0,1,1,2,1,53,8,-1,-1,-1,-1,1,-1
201501EO40927,1,9,0,18,0,8,0,0,0,0,4,1,6,2,44,7,1796,1,15,-1,-1,-1
201501EO40928,1,4,0,10,0,8,0,0,0,0,4,1,2,1,30,6,108,1,2,-1,1,-1
201501EO40928,2,9,0,15,0,8,0,0,0,0,3,1,6,1,-1,-1,-1,-1,-1,-1,-1,-1
201501EO40929,1,8,0,7,0,6,0,0,0,0,4,1,6,1,69,10,1896,2,8,-1,1,-1
201501EO40929,2,9,0,15,0,6,0,0,0,0,3,1,6,2,56,9,1598,1,6,-1,1,-1
201501EO40930,1,3,0,18,0,2,1,0,0,0,0,1,6,1,34,6,125,1,5,-1,1,-1
201501EO40932,1,9,0,4,0,1,0,0,0,0,2,1,6,1,47,8,1686,2,6,-1,1,-1
201501EO40932,2,9,0,18,0,1,0,0,0,0,1,1,6,1,-1,-1,-1,-1,-1,-1,-1,-1
201501EO40933,1,11,0,18,0,0,0,0,0,0,0,1,1,1,47,8,9360,2,4,-1,1,-1
201501EO40934,1,3,0,4,0,1,0,0,0,0,1,1,2,1,54,8,-1,-1,-1,-1,1,-1
201501EO40939,1,9,0,9,0,5,0,0,0,0,3,1,6,2,43,7,1596,1,4,-1,1,-1
201501EO40939,2,5,0,13,0,8,0,0,0,0,4,1,6,1,54,8,1064,1,9,-1,-1,-1
201501EO40940,1,3,0,18,0,0,1,4,0,0,1,1,6,1,17,4,125,1,5,-1,1,-1
201501EO40940,2,19,0,2,0,0,0,0,0,0,2,1,6,3,-1,-1,-1,-1,-1,-1,-1,-1
201501EO40941,1,9,0,18,0,0,0,0,0,0,4,1,6,1,74,10,1598,1,14,-1,1,-1
201501EO40943,1,9,0,1,0,0,0,0,0,0,2,1,6,1,37,7,1240,1,9,-1,1,-1
201501EO40944,1,8,0,18,0,1,0,0,0,0,4,1,1,1,47,8,1798,8,2,-1,1,-1
201501EO40945,1,3,0,18,0,8,0,0,0,0,1,1,6,1,32,6,125,1,9,-1,1,-1
201501EO40946,1,9,0,2,0,0,0,0,0,0,2,1,6,2,22,5,2143,2,5,-1,1,-1
201501EO40946,2,9,0,1,0,0,0,4,0,0,2,1,6,2,-1,-1,1198,1,12,-1,-1,-1
201501EO40948,1,21,0,18,0,1,0,0,0,0,4,1,1,1,49,8,12777,2,7,-1,1,-1
201501EO40948,2,1,0,18,0,1,0,0,0,0,3,1,6,2,25,5,-1,-1,-1,-1,1,-1
201501EO40949,1,11,0,5,0,8,0,0,0,0,4,1,1,1,36,7,6696,2,2,-1,1,-1
201501EO40949,2,8,0,5,0,8,0,0,0,0,3,1,1,1,41,7,1686,2,4,-1,1,-1
201501EO40951,1,8,0,5,0,2,0,0,0,0,0,1,6,1,-1,-1,-1,-1,-1,-1,-1,-1
201501EO40952,1,9,0,18,0,1,0,0,0,0,1,1,2,1,44,7,1299,1,10,-1,1,-1
201501EO40953,1,8,0,5,0,1,0,0,0,0,1,1,1,1,39,7,1797,8,5,-1,1,-1
201501EO40954,1,9,0,18,0,1,0,0,0,0,0,1,6,1,-1,-1,2191,2,-1,-1,1,-1
201501EO40955,1,11,0,18,0,1,0,0,0,0,0,1,1,1,28,6,6700,2,5,-1,1,-1
201501EO40956,1,9,0,7,0,6,0,0,0,0,3,1,2,2,58,9,1994,1,14,-1,-1,-1
201501EO40956,2,1,0,18,0,8,0,0,0,0,1,1,2,2,32,6,-1,-1,-1,-1,-1,-1
201501EO40957,1,1,0,14,0,8,0,0,0,0,1,1,2,1,33,6,-1,-1,-1,-1,1,-1
201501EO40957,2,8,0,6,0,8,0,0,0,0,3,1,1,1,49,8,-1,-1,-1,-1,1,-1
201501EO40958,1,9,0,9,0,8,0,0,0,0,4,1,6,1,45,7,1497,8,8,-1,1,-1
201501EO40958,2,3,0,15,0,8,0,0,0,0,1,1,6,1,23,5,125,1,9,-1,1,-1
201501EO40961,1,9,0,9,0,5,0,0,0,0,1,1,6,1,29,6,1995,1,9,-1,1,-1
201501EO40961,2,1,0,18,0,8,0,0,0,0,1,1,6,1,39,7,-1,-1,-1,-1,1,-1
201501EO40962,1,9,0,7,0,5,0,0,0,0,4,1,6,2,33,6,1998,8,-1,-1,1,-1
201501EO40962,2,1,0,18,0,8,0,0,0,0,1,1,6,1,43,7,-1,-1,-1,-1,1,-1
201501EO49001,1,9,0,9,0,5,0,0,0,0,4,1,6,1,-1,-1,-1,-1,-1,-1,1,-1
201501EO49002,1,20,0,18,0,1,0,0,0,0,1,1,6,1,-1,-1,-1,-1,-1,-1,-1,-1
201501EO49003,1,11,0,18,0,8,0,0,0,0,1,1,1,1,38,7,9360,2,3,-1,1,-1
201501EO49003,2,9,0,3,0,8,0,0,0,0,2,1,1,1,47,8,-1,-1,-1,-1,-1,-1
201501EO49004,1,1,0,18,0,8,0,0,0,0,1,1,6,2,30,6,-1,-1,-1,-1,1,-1
201501EO49004,2,9,0,9,0,8,0,0,0,0,1,1,6,3,-1,-1,1796,1,10,-1,-1,-1
201501EO49005,1,11,0,5,2,0,0,0,0,0,1,1,1,1,48,8,6692,2,5,-1,1,-1
201501EO49006,1,11,0,4,2,1,0,0,0,0,0,1,1,1,37,7,8300,2,9,-1,1,-1
201501EO49007,1,9,0,15,0,8,0,0,0,0,3,1,6,1,-1,-1,1995,2,12,-1,-1,-1
201501EO49007,2,1,0,9,0,8,0,0,0,0,1,1,6,1,45,7,-1,-1,-1,-1,1,-1
201501EO49008,1,9,0,13,0,2,0,0,0,0,4,1,6,3,-1,-1,1598,2,-1,-1,-1,-1
201501EO49008,2,1,0,14,0,2,0,0,0,0,3,1,6,1,25,5,-1,-1,-1,-1,1,-1
201501EO49009,1,9,0,5,0,2,0,0,0,0,1,1,6,2,31,6,1598,1,3,-1,1,-1
201501EO49009,2,9,0,4,0,2,0,0,0,0,2,1,6,1,36,7,2993,2,-1,-1,1,-1
201501EO49012,1,9,0,14,0,1,0,0,0,0,4,1,6,3,-1,-1,-1,-1,-1,-1,-1,-1
201501EO49013,1,11,0,5,0,2,0,0,0,0,0,1,1,1,55,8,6700,2,5,-1,1,-1
201501EO49014,1,9,0,18,0,1,0,10,1,1,1,1,6,1,-1,-1,1499,2,-1,-1,-1,-1
201501EO49014,2,8,0,11,0,1,0,0,0,0,4,1,6,1,23,5,-1,-1,-1,-1,1,-1
201501EO49016,1,8,0,9,0,8,0,0,0,0,3,1,6,1,-1,-1,-1,-1,-1,-1,-1,-1
201501EO49019,1,19,0,12,0,2,0,0,0,0,3,1,1,1,50,8,1560,2,1,-1,1,-1
201501EO49019,2,3,0,13,0,2,0,0,0,0,1,1,1,1,53,8,125,1,7,-1,1,-1
201501EO49020,1,9,0,16,2,2,1,10,1,2,4,1,2,1,19,4,1242,1,1,-1,2,-1
201501EO49025,1,3,0,18,2,8,0,0,0,0,1,1,6,1,36,7,125,1,1,-1,1,-1
201501EO49025,2,19,0,9,0,8,0,0,0,0,4,1,6,1,39,7,-1,-1,-1,-1,1,-1
201501EO49026,1,3,0,18,0,1,0,0,0,0,1,1,6,1,28,6,124,1,-1,-1,1,-1
201501EO49027,1,1,0,18,0,1,0,0,0,0,1,1,6,2,49,8,-1,-1,-1,-1,1,-1
201501EO49031,1,3,0,13,0,8,0,0,0,0,1,1,6,1,19,4,125,1,7,-1,1,-1
201501EO49031,2,9,0,9,0,8,0,0,0,0,3,1,6,2,25,5,1598,1,9,-1,1,-1
201501EO49041,1,9,0,5,0,1,0,0,0,0,1,1,2,2,28,6,1390,1,10,-1,1,-1
201501EO49049,1,11,0,18,0,1,1,0,0,0,0,1,1,1,34,6,4760,2,3,-1,1,-1
201501EO49049,2,10,0,7,0,1,0,0,0,0,0,1,6,3,-1,-1,-1,-1,-1,-1,-1,-1
201501EO49057,1,3,0,18,0,2,0,0,0,0,1,1,6,3,-1,-1,-1,-1,-1,-1,-1,-1
201501EO49066,1,9,0,9,0,1,0,0,0,0,4,1,2,2,42,7,1360,1,12,-1,1,-1
201501EO49066,2,1,0,18,2,1,0,0,0,0,1,1,6,1,24,5,-1,-1,-1,-1,1,-1
201501EO49071,1,8,0,6,0,0,0,0,0,0,3,1,1,1,30,6,1997,2,3,-1,1,-1
201501EO49071,2,2,0,13,0,0,0,0,0,0,1,1,1,1,27,6,-1,-1,-1,-1,1,-1
201501EO49072,1,9,0,18,0,0,0,0,0,0,1,1,6,1,23,5,1995,2,9,-1,1,-1
201501EO49072,2,9,0,18,0,0,0,0,0,0,1,1,6,1,22,5,1398,1,-1,-1,-1,-1
201501EO49074,1,11,0,4,0,0,0,0,0,0,0,1,1,1,50,8,4760,2,2,-1,1,-1
201501EO49078,1,19,0,9,0,1,0,0,0,0,3,1,6,1,-1,-1,1995,2,8,-1,1,-1
201501EO49078,2,9,0,18,0,1,0,0,0,0,4,1,6,1,31,6,1598,2,4,-1,1,-1
201501EO49087,1,11,0,4,0,1,0,0,0,0,0,1,1,1,-1,-1,-1,-1,-1,-1,-1,-1
201501EO49100,1,9,0,7,0,1,0,0,0,0,4,1,6,1,38,7,2143,2,3,-1,1,-1
201501EO49100,2,11,0,18,2,1,0,0,0,0,1,1,1,1,-1,-1,4500,2,1,-1,1,-1
201501EO49103,1,9,0,16,0,1,0,0,0,0,1,1,6,1,54,8,1341,1,12,-1,1,-1
201501EO49104,1,9,0,9,0,8,0,0,0,0,4,1,6,1,36,7,-1,-1,-1,-1,-1,-1
201501EO49104,2,3,0,13,0,8,0,0,0,0,1,1,2,1,34,6,125,1,7,-1,1,-1
201501EO49107,1,2,0,18,0,1,0,0,0,0,1,1,6,1,31,6,-1,-1,-1,-1,1,-1
201501EO49107,2,19,0,9,0,1,0,0,0,0,3,1,6,1,45,7,2198,2,-1,-1,1,-1
201501EO49119,1,9,0,9,0,8,0,0,0,0,4,1,6,1,48,8,2148,2,9,-1,-1,-1
201501EO49119,2,3,0,18,0,8,0,0,0,0,1,1,6,1,35,6,1298,1,1,-1,-1,-1
201501EO49143,1,9,0,18,0,1,0,0,0,0,1,1,6,1,25,5,2231,2,-1,-1,1,-1
201501EO49163,1,9,0,18,0,8,0,0,7,2,4,1,6,1,50,8,2143,2,4,-1,1,-1
201501EO49163,2,9,0,18,0,8,0,0,0,0,1,1,6,1,27,6,2496,2,12,-1,1,-1
201501EO49164,1,3,0,4,0,1,1,0,0,0,0,1,6,1,28,6,107,1,2,-1,1,-1
201501EO49164,2,9,0,3,0,1,0,0,0,0,0,1,6,2,32,6,-1,-1,-1,-1,-1,-1
201501EO49165,1,21,1,7,0,5,0,0,0,0,4,1,1,1,23,5,11967,2,3,-1,-1,-1
201501EO49165,2,1,0,15,0,8,0,0,1,0,3,1,6,2,52,8,-1,-1,-1,-1,1,-1
201501EO49167,1,8,0,4,0,0,0,0,0,0,0,1,1,3,-1,-1,1797,8,4,-1,-1,-1
201501EO49188,1,3,0,15,0,2,0,0,0,0,1,1,6,1,24,5,124,1,8,-1,1,-1
201501EO49271,1,1,0,18,0,1,0,0,0,0,0,1,6,1,43,7,-1,-1,-1,-1,1,-1
201501FH10002,1,9,0,16,0,8,0,0,0,0,1,1,6,3,-1,-1,-1,-1,-1,-1,-1,-1
201501FH10005,1,9,0,7,0,8,0,0,0,0,1,1,6,1,30,6,1896,2,13,-1,1,-1
201501FH10005,2,9,0,10,0,8,0,0,0,0,3,1,6,1,-1,-1,-1,-1,-1,-1,-1,-1
201501FH10009,1,9,0,9,0,8,0,0,0,0,1,1,6,1,78,11,1781,1,12,-1,1,-1
201501FH10010,1,8,0,18,0,8,0,0,0,0,2,1,1,1,46,8,1896,2,10,-1,1,-1
201501FH10010,2,9,0,18,0,8,0,0,0,0,1,1,6,3,-1,-1,-1,-1,-1,-1,-1,-1
201501FH10013,1,9,0,18,0,2,0,0,0,0,1,1,6,1,60,9,1796,1,22,-1,1,-1
201501FH10014,1,11,0,2,0,8,0,0,0,0,0,1,1,1,38,7,4461,2,2,-1,1,-1
201501FH10015,1,9,0,9,0,8,0,0,0,0,1,1,6,1,56,9,2393,1,16,-1,-1,-1
201501FH10017,1,9,0,17,0,8,0,10,0,0,1,1,6,1,34,6,1998,1,10,-1,1,-1
201501FH10018,1,1,0,18,0,8,0,0,0,0,1,1,6,2,29,6,-1,-1,-1,-1,1,-1
201501FH10018,2,9,0,9,0,8,0,0,0,0,4,1,6,1,-1,-1,-1,-1,-1,-1,-1,-1
201501FH10019,1,11,0,18,0,0,0,0,0,0,1,1,1,1,-1,-1,6700,2,3,-1,1,-1
201501FH10020,1,1,0,18,0,8,0,0,0,0,3,1,6,1,28,6,-1,-1,-1,-1,1,-1
201501FH10020,2,20,0,3,0,8,0,0,0,0,4,1,1,1,51,8,4461,2,4,-1,1,-1
201501FH10021,1,3,0,16,0,8,0,0,0,0,3,1,6,1,53,8,124,1,7,-1,1,-1
201501FH10021,2,11,0,16,0,8,0,0,0,0,4,1,1,1,52,8,9000,2,4,-1,1,-1
201501FH10022,1,1,0,18,0,8,0,0,0,0,2,1,6,1,23,5,-1,-1,-1,-1,1,-1
201501FH10022,2,9,0,18,0,8,0,0,0,0,1,1,6,3,-1,-1,1600,1,9,-1,-1,-1
201501FH10024,1,9,0,2,0,2,0,0,0,0,3,1,6,1,30,6,2000,2,4,-1,1,-1
201501FH10024,2,1,0,18,0,2,0,8,0,0,1,1,2,1,25,5,-1,-1,-1,-1,1,-1
201501FH10025,1,5,0,18,0,8,0,0,0,0,4,1,2,1,41,7,647,1,21,-1,1,-1
201501FH10026,1,9,0,9,0,8,0,0,0,0,1,1,6,2,48,8,1968,2,6,-1,1,-1
201501FH10027,1,3,0,7,0,8,0,0,0,0,1,1,6,1,20,4,125,1,3,-1,1,-1
201501FH10027,2,9,0,18,0,8,0,0,0,0,3,1,6,1,40,7,2922,1,9,-1,1,-1
201501FH10028,1,9,0,16,0,8,0,10,3,3,1,1,6,1,29,6,2494,1,18,-1,1,-1
201501FH10029,1,1,0,18,0,0,0,4,0,0,1,1,6,2,41,7,-1,-1,-1,-1,1,-1
201501FH10029,2,9,0,2,0,0,0,0,0,0,3,1,6,1,-1,-1,1796,1,14,-1,-1,-1
201501FH10031,1,11,0,4,0,0,0,0,0,0,0,1,1,1,-1,-1,-1,-1,-1,-1,-1,-1
201501FH10033,1,9,0,18,0,0,0,0,0,0,1,1,6,3,-1,-1,-1,-1,-1,-1,-1,-1
201501FH10034,1,11,0,4,0,0,0,0,0,0,0,1,1,1,43,7,9360,2,3,-1,1,-1
201501FH10034,2,1,0,4,0,0,0,0,0,0,0,1,6,1,-1,-1,-1,-1,-1,-1,-1,-1
201501FH10035,1,1,0,7,0,8,0,0,0,0,1,1,6,1,-1,-1,-1,-1,-1,-1,1,-1
201501FH10035,2,9,0,9,0,8,0,0,0,0,3,1,6,1,50,8,3301,1,13,-1,1,-1
201501FH10036,1,9,0,4,0,0,0,0,0,0,2,1,6,2,20,4,1599,1,7,-1,1,-1
201501FH10036,2,9,0,18,0,0,0,0,0,0,1,1,6,1,32,6,-1,-1,-1,-1,1,-1
201501FH10037,1,3,0,13,0,8,0,0,0,0,1,1,6,1,23,5,125,1,1,-1,1,-1
201501FH10037,2,9,0,9,0,8,0,0,0,0,4,1,6,1,30,6,1598,1,14,-1,1,-1
201501FH10038,1,8,0,7,0,2,0,0,0,0,2,1,1,1,32,6,-1,-1,-1,-1,1,-1
201501FH10038,2,1,0,7,0,2,0,0,0,0,1,1,6,1,54,8,-1,-1,-1,-1,1,-1
201501FH10040,1,9,0,18,0,1,0,0,0,0,1,1,6,2,53,8,1396,2,3,-1,1,-1
201501FH10040,2,9,0,3,0,8,0,0,0,0,1,1,6,1,32,6,-1,-1,-1,-1,1,-1
201501FH10040,3,9,0,3,0,8,0,0,0,0,1,1,6,2,49,8,1198,1,9,-1,1,-1
201501FH10040,4,9,0,3,0,8,0,0,0,0,1,1,6,1,48,8,2987,2,3,-1,-1,-1
201501FH10041,1,9,0,8,0,8,0,0,0,0,2,1,6,2,37,7,1995,2,2,-1,1,-1
201501FH10041,2,19,0,18,0,8,0,0,0,0,1,1,1,1,-1,-1,-1,-1,-1,-1,-1,-1
201501FH10043,1,9,0,18,0,8,0,0,0,0,1,1,6,1,-1,-1,-1,-1,-1,-1,-1,-1
201501FH10044,1,9,0,3,0,0,0,0,0,0,2,1,6,1,67,10,1794,1,8,-1,1,-1
201501FH10044,2,9,0,18,0,0,0,0,0,0,1,1,6,1,-1,-1,1796,1,12,-1,1,-1
201501FH10045,1,9,0,16,0,8,0,0,0,0,1,1,6,1,40,7,1686,2,6,-1,1,-1
201501FH10047,1,8,0,18,0,8,0,0,0,0,1,1,1,1,51,8,2499,2,8,-1,1,-1
201501FH10047,2,8,0,18,0,8,0,0,0,0,1,1,1,1,30,6,1997,2,3,-1,1,-1
201501FH10048,1,3,0,4,0,0,0,0,0,0,4,1,6,1,31,6,124,1,1,-1,1,-1
201501FH10048,2,9,0,18,0,0,0,0,0,0,3,1,6,3,-1,-1,-1,-1,-1,-1,-1,-1
201501FH10048,3,20,0,11,0,0,0,0,0,0,0,1,6,3,-1,-1,-1,-1,-1,-1,-1,-1
201501FH10049,1,1,0,18,0,8,0,0,0,0,3,1,6,1,26,6,-1,-1,-1,-1,-1,-1
201501FH10049,2,9,0,7,0,8,0,0,0,0,4,1,6,1,-1,-1,1598,2,2,-1,-1,-1
201501FH10050,1,9,0,18,0,0,0,0,0,0,3,1,6,1,60,9,1986,2,9,-1,1,-1
201501FH10050,2,3,0,11,0,0,0,0,0,0,4,1,6,1,25,5,125,1,6,-1,1,-1
201501FH10051,1,9,0,18,0,8,0,0,0,0,4,1,6,1,65,9,1796,1,11,-1,1,-1
201501FH10053,1,21,0,7,0,8,0,0,0,0,4,1,1,1,43,7,10837,2,3,-1,1,-1
201501FH10053,2,9,0,18,0,8,0,0,0,0,3,1,6,2,22,5,1124,1,11,-1,1,-1
201501FH10055,1,10,0,18,0,0,0,4,0,0,1,1,1,1,43,7,-1,-1,-1,-1,1,-1
201501FH10055,2,9,0,2,0,0,0,0,0,0,4,1,6,2,32,6,1360,1,11,-1,1,-1
201501FH10055,3,9,0,2,0,0,0,0,0,0,3,1,6,2,50,8,1686,2,9,-1,1,-1
201501FH10056,1,9,0,15,0,8,0,0,0,0,3,1,6,1,44,7,1598,1,12,-1,1,-1
201501FH10056,2,3,0,18,0,8,0,0,0,0,4,1,6,2,38,7,125,1,1,-1,1,-1
201501FH10058,1,3,0,18,0,8,0,0,0,0,1,1,6,1,17,4,124,1,12,-1,1,-1
201501FH10058,2,9,0,9,0,8,0,0,0,0,4,1,6,2,46,8,1349,1,4,-1,1,-1
201501FH10059,1,1,0,18,0,8,0,0,0,0,1,1,6,1,40,7,-1,-1,-1,-1,1,-1
201501FH10061,1,9,0,18,0,8,0,0,0,0,1,1,6,1,-1,-1,698,1,12,-1,1,-1
201501FH10061,2,9,0,10,0,8,0,0,0,0,2,1,6,1,41,7,1798,8,1,-1,1,-1
201501FH10062,1,11,0,4,0,8,0,0,0,0,0,1,1,1,27,6,9000,2,5,-1,1,-1
201501FH10063,1,4,0,18,0,8,0,0,0,0,1,1,6,3,-1,-1,-1,-1,-1,-1,-1,-1
201501FH10064,1,11,0,4,0,8,0,0,0,0,0,1,1,1,63,9,9000,2,4,-1,1,-1
201501FH10066,1,9,0,18,0,0,0,0,0,0,1,1,6,1,21,5,1995,1,6,-1,1,-1
201501FH10067,1,5,0,16,0,1,0,0,0,0,3,1,1,1,28,6,599,1,5,-1,1,-1
201501FH10068,1,9,0,9,0,8,0,0,0,0,4,1,6,1,55,8,1595,1,12,-1,1,-1
201501FH10068,2,5,0,18,0,8,0,0,0,0,1,1,6,1,34,6,998,1,7,-1,1,-1
201501FH10069,1,3,0,5,0,0,0,0,0,0,1,1,6,1,19,4,-1,-1,-1,-1,1,-1
201501FH10069,2,1,0,18,0,0,0,0,0,0,1,1,6,2,46,8,-1,-1,-1,-1,1,-1
201501FH10071,1,9,0,14,0,1,0,0,0,0,1,1,6,3,-1,-1,-1,-1,-1,-1,-1,-1
201501FH10072,1,3,0,18,0,0,0,0,0,0,3,1,6,1,46,8,-1,-1,-1,-1,1,-1
201501FH10073,1,19,0,7,0,8,0,0,0,0,4,1,6,1,33,6,1996,2,4,-1,1,-1
201501FH10073,2,1,0,18,0,8,0,0,0,0,1,1,6,1,44,7,-1,-1,-1,-1,1,-1
201501FH10074,1,1,0,18,0,8,0,0,0,0,1,1,2,1,29,6,-1,-1,-1,-1,1,-1
201501FH10074,2,8,0,6,0,8,0,0,0,0,3,1,1,1,-1,-1,1798,8,3,-1,1,-1
201501FH10075,1,3,0,10,0,8,0,0,0,0,3,1,6,1,48,8,998,1,6,-1,1,-1
201501FH10075,2,8,0,9,0,8,0,0,0,0,1,1,6,1,41,7,1997,2,3,-1,1,-1
201501FH10076,1,9,0,18,0,8,0,0,0,0,4,1,6,1,27,6,-1,-1,-1,-1,1,-1
201501FH10076,2,3,0,18,0,8,0,0,0,0,1,1,6,1,26,6,125,1,3,-1,1,-1
201501FH10077,1,3,0,4,0,8,1,0,0,0,4,1,6,1,30,6,124,1,6,-1,1,-1
201501FH10077,2,9,0,9,0,8,0,0,0,0,0,1,6,1,59,9,1794,1,9,-1,1,-1
201501FH10078,1,9,0,18,0,8,0,0,0,0,1,1,2,1,41,7,1910,2,8,-1,1,-1
201501FH10082,1,8,0,6,0,8,0,0,0,0,4,1,1,1,36,7,1997,2,3,-1,1,-1
201501FH10082,2,5,0,18,0,8,0,0,0,0,1,1,6,1,40,7,680,1,6,-1,3,-1
201501FH10083,1,9,0,18,0,2,0,0,0,0,3,1,6,1,29,6,1499,1,1,-1,1,-1
201501FH10084,1,3,0,13,0,8,0,0,0,0,1,1,6,1,38,7,124,1,3,-1,1,-1
201501FH10084,2,9,0,9,0,8,0,0,0,0,3,1,6,1,48,8,1769,1,10,-1,-1,-1
201501FH10086,1,9,0,7,0,8,0,0,0,0,1,1,6,1,22,5,1229,1,3,-1,1,-1
201501FH10086,2,19,0,7,0,8,0,0,0,0,4,1,1,1,-1,-1,-1,-1,-1,-1,-1,-1
201501FH10086,3,9,0,18,0,8,0,10,1,0,2,1,6,1,47,8,4163,2,7,-1,-1,-1
201501FH10086,4,9,0,18,0,8,0,0,0,0,3,1,6,1,51,8,1796,1,9,-1,1,-1
201501FH10087,1,1,0,4,0,8,0,0,0,0,0,1,6,2,-1,-1,-1,-1,-1,-1,1,-1
201501FH10087,2,8,0,11,0,8,0,0,0,0,0,1,1,1,-1,-1,-1,-1,-1,-1,-1,-1
201501FH10088,1,9,0,17,0,8,0,0,0,0,2,1,6,1,28,6,2497,2,9,-1,1,-1
201501FH10088,2,9,0,17,0,8,0,0,0,0,1,1,6,1,-1,-1,2179,2,3,-1,-1,-1
201501FH10089,1,9,0,9,0,8,0,0,0,0,2,1,6,1,32,6,1598,1,8,-1,1,-1
201501FH10089,2,9,0,9,0,8,0,0,0,0,1,1,6,1,-1,-1,2179,2,2,-1,-1,-1
201501FH10091,1,9,0,2,0,2,0,0,0,0,4,2,6,1,-1,-1,-1,-1,-1,-1,-1,-1
201501FH10091,2,1,0,16,0,8,0,0,0,0,1,1,6,1,41,7,-1,-1,-1,-1,1,-1
201501FH10092,1,4,0,18,0,8,0,0,0,0,1,1,6,1,23,5,249,1,14,-1,1,-1
201501FH10094,1,3,0,18,0,0,0,0,0,0,1,1,2,1,20,4,-1,-1,-1,-1,1,-1
201501FH10095,1,9,0,18,0,2,0,0,0,0,1,1,2,2,28,6,1198,1,11,-1,1,-1
201501FH10096,1,3,0,4,0,0,0,0,0,0,4,1,6,1,26,6,125,1,11,-1,1,-1
201501FH10096,2,9,0,4,0,0,0,0,0,0,0,1,6,2,31,6,1598,2,3,-1,3,-1
201501FH10097,1,9,0,2,0,0,0,0,0,0,3,1,6,2,36,7,1995,2,3,-1,1,-1
201501FH10097,2,3,0,18,0,0,0,8,0,0,1,1,6,1,18,4,109,1,2,-1,1,-1
201501FH10098,1,19,0,9,0,8,0,0,0,0,1,1,6,2,20,4,1248,2,5,-1,1,-1
201501FH10099,1,9,0,17,0,0,0,0,0,0,1,1,6,2,62,9,1767,1,14,-1,1,-1
201501FH10100,1,9,0,7,0,8,0,0,0,0,1,1,6,2,21,5,1242,1,6,-1,1,-1
201501FH10100,2,3,0,9,0,8,0,0,0,0,1,1,6,1,24,5,108,1,1,-1,1,-1