Accident_Index,Vehicle_Reference,Vehicle_Type,Towing_and_Articulation,Vehicle_Manoeuvre,Vehicle_Location-Restricted_Lane,Junction_Location,Skidding_and_Overturning,Hit_Object_in_Carriageway,Vehicle_Leaving_Carriageway,Hit_Object_off_Carriageway,1st_Point_of_Impact,Was_Vehicle_Left_Hand_Drive?,Journey_Purpose_of_Driver,Sex_of_Driver,Age_of_Driver,Age_Band_of_Driver,Engine_Capacity_(CC),Propulsion_Code,Age_of_Vehicle,Driver_IMD_Decile,Driver_Home_Area_Type,Vehicle_IMD_Decile
201501FH10101,1,5,0,18,0,0,0,10,4,6,3,1,6,1,32,6,599,1,11,-1,1,-1
201501FH10102,1,3,0,18,2,1,0,0,0,0,1,1,2,1,42,7,125,1,1,-1,1,-1
201501FH10102,2,9,0,9,0,1,0,0,0,0,4,1,2,2,26,6,1598,1,12,-1,1,-1
201501FH10103,1,9,0,7,0,8,0,0,0,0,1,1,6,1,59,9,1968,2,2,-1,1,-1
201501FH10103,2,1,0,18,0,8,0,0,0,0,1,1,6,2,36,7,-1,-1,-1,-1,1,-1
201501FH10104,1,9,0,9,0,1,0,0,0,0,3,1,6,2,42,7,1973,1,18,-1,1,-1
201501FH10104,2,1,0,18,4,1,0,0,0,0,1,1,6,1,41,7,-1,-1,-1,-1,1,-1
201501FH10105,1,9,0,16,0,1,0,0,0,0,1,1,6,1,-1,-1,-1,-1,-1,-1,-1,-1
201501FH10106,1,11,0,18,0,0,0,0,0,0,1,1,1,1,28,6,4250,2,6,-1,1,-1
201501FH10107,1,11,0,18,0,2,0,0,0,0,4,1,6,1,37,7,9000,2,6,-1,1,-1
201501FH10108,1,1,0,17,0,8,0,0,0,0,2,1,2,1,36,7,-1,-1,-1,-1,1,-1
201501FH10108,2,9,0,17,0,8,0,0,0,0,1,1,6,1,-1,-1,1997,2,-1,-1,-1,-1
201501FH10109,1,9,0,3,0,1,0,0,0,0,2,1,6,2,35,6,1796,1,8,-1,1,-1
201501FH10109,2,9,0,18,0,8,0,0,0,0,1,1,6,1,-1,-1,1968,2,8,-1,-1,-1
201501FH10110,1,9,0,9,0,8,0,0,0,0,1,1,6,1,32,6,-1,-1,-1,-1,1,-1
201501FH10111,1,9,0,9,0,8,0,0,0,0,3,1,6,1,50,8,1497,8,8,-1,1,-1
201501FH10111,2,1,0,13,0,8,0,0,0,0,1,1,6,1,36,7,-1,-1,-1,-1,1,-1
201501FH10112,1,9,0,9,0,8,0,0,0,0,1,1,6,1,83,11,1597,1,6,-1,1,-1
201501FH10112,2,1,0,9,0,8,0,0,0,0,2,1,6,1,36,7,-1,-1,-1,-1,1,-1
201501FH10115,1,19,0,9,0,8,0,0,0,0,1,1,6,1,45,7,1870,2,11,-1,1,-1
201501FH10115,2,1,0,18,0,8,0,0,0,0,1,1,6,1,26,6,-1,-1,-1,-1,1,-1
201501FH10116,1,9,0,9,0,8,0,0,0,0,3,1,6,1,34,6,1600,1,15,-1,1,-1
201501FH10116,2,2,0,18,0,8,0,0,0,0,1,1,6,1,17,4,49,1,10,-1,1,-1
201501FH10117,1,9,0,18,0,1,0,0,0,0,1,1,6,1,68,10,1995,2,11,-1,1,-1
201501FH10118,1,5,0,13,0,0,0,0,0,0,4,1,6,1,31,6,599,1,4,-1,1,-1
201501FH10118,2,9,0,18,0,0,0,0,0,0,3,1,6,1,45,7,-1,-1,-1,-1,-1,-1
201501FH10119,1,8,0,9,0,8,0,0,0,0,3,1,6,1,52,8,1956,2,4,-1,1,-1
201501FH10119,2,4,0,13,0,8,0,0,0,0,1,1,6,1,19,4,125,1,4,-1,1,-1
201501FH10120,1,9,0,6,0,8,0,0,0,0,3,1,6,1,38,7,1796,1,4,-1,-1,-1
201501FH10120,2,4,0,7,0,8,0,0,0,0,1,1,6,1,31,6,125,1,1,-1,1,-1
201501FH10121,1,9,0,18,0,0,0,0,0,0,3,1,6,1,51,8,5340,1,36,-1,1,-1
201501FH10122,1,3,0,16,0,0,0,0,0,0,1,1,1,1,22,5,125,1,4,-1,1,-1
201501FH10122,2,8,0,6,0,0,0,0,0,0,1,1,1,1,-1,-1,2402,2,10,-1,-1,-1
201501FH10123,1,9,0,3,0,8,0,0,0,0,2,1,6,2,55,8,998,1,5,-1,1,-1
201501FH10123,2,11,0,9,0,8,0,0,0,0,1,1,6,1,56,9,4461,2,1,-1,1,-1
201501FH10123,3,9,0,3,0,8,0,0,0,0,2,1,6,1,44,7,2000,1,11,-1,1,-1
201501FH10124,1,5,0,11,0,8,0,0,0,0,4,1,6,1,50,8,600,1,10,-1,1,-1
201501FH10124,2,19,0,12,0,8,0,0,0,0,1,1,6,1,50,8,1900,2,5,-1,1,-1
201501FH10125,1,1,0,18,0,1,0,0,0,0,2,1,6,1,38,7,-1,-1,-1,-1,1,-1
201501FH10125,2,9,0,18,0,1,0,0,0,0,1,1,6,3,-1,-1,-1,-1,-1,-1,-1,-1
201501FH10126,1,21,0,18,0,8,0,0,0,0,1,1,1,1,49,8,4461,2,4,-1,1,-1
201501FH10126,2,9,0,9,0,8,0,0,0,0,3,1,3,2,41,7,1587,1,12,-1,1,-1
201501FH10127,1,3,0,9,0,8,0,0,0,0,1,1,6,1,28,6,109,1,2,-1,1,-1
201501FH10127,2,3,0,18,0,8,0,0,0,0,1,1,6,1,27,6,114,1,1,-1,1,-1
201501FH10128,1,9,0,9,0,8,0,0,0,0,1,1,6,1,30,6,3724,1,12,-1,1,-1
201501FH10128,2,9,0,9,0,8,0,0,0,0,1,1,6,2,54,8,1598,1,3,-1,1,-1
201501FH10129,1,3,0,4,0,8,0,0,0,0,2,1,6,1,24,5,-1,-1,-1,-1,1,-1
201501FH10129,2,19,0,18,0,8,0,0,0,0,1,1,6,1,27,6,2148,2,9,-1,1,-1
201501FH10130,1,1,0,15,0,8,0,0,0,0,3,1,6,1,25,5,-1,-1,-1,-1,1,-1
201501FH10130,2,8,0,9,0,8,0,0,0,0,1,1,6,2,-1,-1,2664,2,19,-1,-1,-1
201501FH10131,1,3,0,7,0,8,0,0,0,0,1,1,6,1,39,7,125,1,2,-1,1,-1
201501FH10131,2,9,0,9,0,8,0,0,0,0,4,1,6,2,-1,-1,1229,1,1,-1,-1,-1
201501FH10132,1,9,0,18,0,8,0,0,0,0,1,1,6,1,29,6,1686,2,8,-1,1,-1
201501FH10134,1,9,0,18,0,8,0,0,0,0,1,1,6,1,44,7,1997,1,8,-1,1,-1
201501FH10135,1,8,0,18,0,8,0,0,0,0,1,1,1,1,57,9,1997,2,2,-1,1,-1
201501FH10135,2,5,0,18,0,8,0,0,0,0,3,1,6,1,49,8,1298,1,11,-1,1,-1
201501FH10137,1,5,0,16,0,8,0,0,0,0,1,1,6,1,-1,-1,499,1,15,-1,-1,-1
201501FH10137,2,1,0,16,0,8,0,0,0,0,2,1,6,1,14,3,-1,-1,-1,-1,1,-1
201501FH10138,1,9,0,18,0,8,0,0,0,0,1,1,6,2,34,6,1997,1,5,-1,1,-1
201501FH10138,2,1,0,7,0,8,0,0,0,0,4,1,6,1,35,6,-1,-1,-1,-1,-1,-1
201501FH10139,1,9,0,3,0,8,0,0,0,0,2,1,2,1,30,6,2179,2,5,-1,1,-1
201501FH10139,2,11,0,18,0,8,0,0,0,0,1,1,1,1,48,8,8268,2,12,-1,1,-1
201501FH10140,1,3,0,4,0,8,0,0,0,0,4,1,6,1,44,7,124,1,2,-1,1,-1
201501FH10140,2,9,0,12,0,8,0,0,0,0,2,1,6,1,35,6,1595,1,4,-1,1,-1
201501FH10141,1,11,0,7,0,8,0,0,0,0,0,1,6,1,27,6,7300,2,12,-1,1,-1
201501FH10142,1,9,0,6,0,8,0,0,0,0,4,1,1,1,46,8,2143,2,2,-1,1,-1
201501FH10142,2,4,0,18,0,8,1,0,0,0,1,1,2,1,36,7,125,1,-1,-1,1,-1
201501FH10143,1,9,0,18,0,8,0,0,0,0,4,1,6,1,30,6,1896,2,12,-1,1,-1
201501FH10144,1,9,0,8,0,8,0,0,0,0,2,1,6,2,61,9,998,1,6,-1,1,-1
201501FH10144,2,20,0,16,0,8,0,0,0,0,1,1,6,1,-1,-1,5880,2,2,-1,1,-1
201501FH10145,1,5,0,18,0,8,0,0,0,0,3,1,6,1,28,6,660,1,1,-1,1,-1
201501FH10145,2,9,0,9,0,8,0,0,0,0,1,1,6,1,52,8,2776,2,8,-1,1,-1
201501FH10146,1,19,0,17,0,8,0,0,0,0,1,1,6,3,-1,-1,-1,-1,-1,-1,-1,-1
201501FH10147,1,5,0,18,0,8,0,10,0,0,1,1,6,1,42,7,1050,1,9,-1,-1,-1
201501FH10147,2,1,0,9,0,8,0,0,0,0,2,1,6,1,54,8,-1,-1,-1,-1,1,-1
201501FH10148,1,2,0,18,0,8,0,0,0,0,3,1,6,1,29,6,49,1,4,-1,1,-1
201501FH10148,2,9,0,13,0,8,0,0,0,0,4,1,6,1,-1,-1,5998,1,8,-1,-1,-1
201501FH10149,1,19,0,18,0,8,1,0,0,0,3,1,1,1,42,7,2143,2,6,-1,1,-1
201501FH10149,2,9,0,17,0,8,1,7,7,10,1,1,1,1,49,8,1796,1,5,-1,1,-1
201501FH10151,1,9,0,4,0,8,0,0,0,0,3,1,6,2,60,9,1390,1,3,-1,3,-1
201501FH10152,1,1,0,18,0,8,0,0,0,0,1,1,6,2,24,5,-1,-1,-1,-1,1,-1
201501FH10152,2,9,0,9,0,8,0,0,0,0,4,1,6,1,55,8,2143,2,2,-1,1,-1
201501FH10153,1,11,0,18,0,1,0,0,0,0,4,1,1,1,54,8,4250,2,6,-1,1,-1
201501FH10154,1,9,0,7,0,8,0,0,0,0,2,1,2,2,40,7,1124,1,10,-1,1,-1
201501FH10154,2,9,0,7,0,8,0,0,0,0,1,1,6,1,-1,-1,2926,2,15,-1,-1,-1
201501FH10155,1,9,0,10,0,8,0,0,0,0,4,1,6,1,40,7,1968,2,-1,-1,1,-1
201501FH10155,2,3,0,18,0,8,0,0,0,0,1,1,6,2,44,7,125,1,55,-1,1,-1
201501FH10156,1,9,0,17,0,8,0,0,0,0,1,1,6,1,50,8,1956,2,1,-1,-1,-1
201501FH10157,1,3,0,18,0,8,0,0,0,0,1,1,6,1,47,8,-1,-1,-1,-1,1,-1
201501FH10159,1,8,0,16,0,0,0,0,0,0,1,1,6,1,43,7,2402,2,11,-1,1,-1
201501FH10161,1,9,0,9,0,8,0,0,0,0,4,1,6,1,31,6,1798,1,7,-1,1,-1
201501FH10161,2,3,0,18,0,8,0,0,0,0,1,1,6,1,39,7,124,1,12,-1,1,-1
201501FH10162,1,9,0,18,0,0,0,0,0,0,1,1,6,1,52,8,2685,2,11,-1,1,-1
201501FH10163,1,9,0,18,0,8,0,0,0,0,4,1,6,1,-1,-1,2143,2,4,-1,-1,-1
201501FH10163,2,1,0,18,0,8,0,10,0,0,3,1,6,2,35,6,-1,-1,-1,-1,1,-1
201501FH10164,1,9,0,9,0,8,0,0,0,0,1,1,6,1,79,11,1560,2,3,-1,1,-1
201501FH10165,1,9,0,9,0,8,0,0,0,0,1,1,6,2,52,8,1498,1,5,-1,1,-1
201501FH10165,2,1,0,9,0,8,0,0,0,0,1,1,6,2,37,7,-1,-1,-1,-1,1,-1
201501FH10166,1,9,0,9,0,8,0,0,0,0,3,1,6,1,44,7,2967,2,5,-1,1,-1
201501FH10166,2,3,0,18,0,8,0,0,0,0,1,1,6,1,35,6,125,1,1,-1,1,-1
201501FH10167,1,9,0,7,0,8,0,10,1,10,2,1,6,1,56,9,2143,2,5,-1,1,-1
201501FH10167,2,9,0,18,0,8,0,0,0,0,1,1,6,1,-1,-1,-1,-1,-1,-1,-1,-1
201501FH10168,1,9,0,9,0,8,0,0,0,0,1,1,6,2,26,6,999,1,-1,-1,1,-1
201501FH10168,2,1,0,18,0,8,0,0,0,0,4,1,6,1,39,7,-1,-1,-1,-1,1,-1
201501FH10169,1,9,0,18,0,0,0,0,0,0,1,1,6,1,67,10,1339,1,10,-1,1,-1
201501FH10170,1,1,0,18,0,8,0,0,0,0,4,1,6,1,17,4,-1,-1,-1,-1,1,-1
201501FH10170,2,9,0,7,0,8,0,0,0,0,3,1,6,2,-1,-1,-1,-1,-1,-1,-1,-1
201501FH10171,1,9,0,18,0,0,0,10,7,10,4,1,6,1,32,6,1229,1,-1,-1,1,-1
201501FH10171,2,21,0,12,0,0,0,0,0,0,3,2,1,1,50,8,-1,-1,-1,-1,-1,-1
201501FH10172,1,3,0,13,0,8,0,0,0,0,1,1,1,1,23,5,125,1,4,-1,1,-1
201501FH10172,2,9,0,9,0,8,0,0,0,0,3,1,6,1,20,4,-1,-1,-1,-1,3,-1
201501FH10173,1,9,0,18,0,8,0,0,0,0,1,1,6,1,55,8,1797,8,4,-1,1,-1
201501FH10174,1,9,0,18,0,8,0,0,0,0,4,1,6,2,39,7,1968,2,6,-1,1,-1
201501FH10174,2,9,0,9,0,8,0,0,0,0,1,1,6,1,44,7,1596,1,14,-1,1,-1
201501FH10175,1,19,0,9,0,8,0,0,0,0,3,1,1,1,45,7,1968,2,1,-1,1,-1
201501FH10175,2,5,0,18,3,8,0,0,0,0,1,1,6,1,46,8,656,1,10,-1,-1,-1
201501FH10176,1,9,0,16,0,8,0,0,0,0,1,1,6,1,23,5,1242,1,4,-1,1,-1
201501FH10179,1,9,0,18,0,0,0,0,0,0,2,1,6,1,61,9,1975,2,17,-1,2,-1
201501FH10179,2,9,0,18,0,0,0,0,0,0,2,1,6,1,37,7,1868,2,13,-1,1,-1
201501FH10179,3,9,0,18,0,0,0,0,0,0,1,1,1,1,-1,-1,-1,-1,-1,-1,1,-1
201501FH10180,1,9,0,18,0,8,0,0,0,0,3,1,6,1,31,6,1796,1,10,-1,1,-1
201501FH10180,2,9,0,18,0,8,0,0,0,0,1,1,6,1,-1,-1,-1,-1,-1,-1,-1,-1
201501FH10181,1,19,0,18,0,0,0,0,0,0,1,1,1,1,29,6,1598,2,4,-1,1,-1
201501FH10181,2,1,0,18,0,0,0,0,0,0,1,1,6,1,14,3,-1,-1,-1,-1,1,-1
201501FH10182,1,9,0,9,0,8,0,0,0,0,4,1,6,1,38,7,1956,2,4,-1,1,-1
201501FH10182,2,3,0,18,0,8,0,0,0,0,1,1,6,1,16,4,125,1,8,-1,1,-1
201501FH10183,1,1,0,18,0,8,0,0,0,0,1,1,6,1,46,8,-1,-1,-1,-1,1,-1
201501FH10183,2,9,0,9,0,8,0,0,0,0,4,1,6,2,-1,-1,999,1,2,-1,-1,-1
201501FH10184,1,3,0,9,0,8,0,0,0,0,1,1,6,1,21,5,124,1,12,-1,1,-1
201501FH10184,2,9,0,17,0,8,0,0,0,0,1,1,6,2,32,6,1497,8,7,-1,1,-1
201501FH10185,1,9,0,3,0,0,0,0,0,0,2,1,6,2,20,4,1598,1,3,-1,1,-1
201501FH10185,2,9,0,18,0,0,0,0,0,0,1,1,6,1,-1,-1,-1,-1,-1,-1,-1,-1
201501FH10186,1,9,0,18,0,0,0,0,0,0,3,1,6,1,52,8,1468,1,8,-1,1,-1
201501FH10186,2,9,0,18,0,0,0,0,0,0,3,1,6,1,30,6,1997,2,16,-1,1,-1
201501FH10187,1,19,0,3,0,8,0,0,0,0,2,1,6,1,46,8,1560,2,3,-1,1,-1
201501FH10187,2,9,0,18,0,8,0,0,0,0,1,1,6,1,-1,-1,1753,2,6,-1,-1,-1
201501FH10188,1,21,0,9,0,8,0,0,0,0,0,1,1,1,-1,-1,4461,2,7,-1,-1,-1
201501FH10189,1,9,0,9,0,8,0,0,0,0,4,1,6,1,37,7,1797,8,5,-1,1,-1
201501FH10189,2,1,0,18,4,8,0,0,0,0,1,1,6,1,26,6,-1,-1,-1,-1,1,-1
201501FH10190,1,19,0,18,0,8,0,0,0,0,1,1,1,1,55,8,1560,2,5,-1,3,-1
201501FH10190,2,1,0,18,0,8,0,0,0,0,1,1,6,2,22,5,-1,-1,-1,-1,1,-1
201501FH10191,1,9,0,9,0,8,0,0,0,0,1,1,6,1,65,9,998,1,10,-1,1,-1
201501FH10191,2,3,0,18,0,8,0,0,0,0,1,1,6,1,20,4,124,1,14,-1,1,-1
201501FH10192,1,3,0,18,0,0,0,0,0,0,1,1,6,1,26,6,-1,-1,-1,-1,1,-1
201501FH10192,2,9,0,18,0,0,0,0,0,0,1,1,6,1,-1,-1,1390,1,13,-1,-1,-1
201501FH10193,1,11,0,16,0,0,0,0,0,0,4,1,1,1,-1,-1,-1,-1,-1,-1,-1,-1
201501FH10194,1,9,0,1,0,0,0,0,0,0,2,1,6,1,31,6,1598,1,4,-1,1,-1
201501FH10195,1,1,0,15,0,0,0,0,0,0,1,1,2,1,46,8,-1,-1,-1,-1,1,-1
201501FH10195,2,9,0,3,0,0,0,0,0,0,4,1,2,1,46,8,1896,2,13,-1,1,-1
201501FH10196,1,11,0,4,0,8,0,0,0,0,0,1,6,1,50,8,9000,2,5,-1,1,-1
201501FH10197,1,8,0,18,0,8,0,0,0,0,1,1,1,1,60,9,1497,8,6,-1,1,-1
201501FH10197,2,9,0,9,0,8,0,0,0,0,1,1,6,1,-1,-1,1895,1,15,-1,-1,-1
201501FH10198,1,19,0,5,0,8,0,0,0,0,3,1,1,1,36,7,1995,2,2,-1,1,-1
201501FH10199,1,9,0,13,0,2,0,0,0,0,1,1,1,2,70,10,1332,1,19,-1,1,-1
201501FH10199,2,1,0,18,0,2,0,0,0,0,3,1,6,2,55,8,-1,-1,-1,-1,1,-1
201501FH10200,1,2,0,18,0,8,0,0,0,0,1,1,1,1,32,6,49,1,4,-1,1,-1
201501FH10200,2,19,0,1,0,8,0,0,0,0,2,1,1,1,-1,-1,-1,-1,-1,-1,-1,-1
201501FH10201,1,3,0,18,0,8,0,0,0,0,1,1,6,2,27,6,125,1,1,-1,1,-1
201501FH10202,1,5,0,16,0,8,0,0,0,0,1,1,2,1,32,6,798,1,8,-1,-1,-1
201501FH10203,1,1,0,18,0,8,0,0,0,0,3,1,6,1,34,6,-1,-1,-1,-1,1,-1
201501FH10203,2,9,0,4,0,8,0,0,0,0,4,1,6,2,70,10,1339,1,6,-1,1,-1
201501FH10204,1,1,0,17,0,8,0,0,0,0,3,1,6,1,-1,-1,-1,-1,-1,-1,1,-1
201501FH10204,2,19,0,16,0,8,0,0,0,0,4,1,6,1,-1,-1,-1,-1,-1,-1,-1,-1
201501FH10205,1,3,0,18,0,8,0,10,3,10,1,1,6,1,23,5,124,1,9,-1,-1,-1
201501FH10205,2,5,0,3,0,8,0,0,0,0,1,1,6,1,38,7,649,1,5,-1,1,-1
201501FH10206,1,9,0,5,0,8,0,0,0,0,1,1,6,1,29,6,2148,2,7,-1,1,-1
201501FH10206,2,5,0,18,0,8,0,0,0,0,1,1,6,1,27,6,124,1,10,-1,1,-1
201501FH10207,1,9,0,4,0,2,0,0,0,0,1,1,6,1,28,6,-1,-1,-1,-1,1,-1
201501FH10207,2,21,0,4,0,2,0,0,0,0,2,1,1,1,31,6,8970,2,10,-1,1,-1
201501FH10208,1,9,0,18,0,8,0,0,0,0,2,1,6,2,-1,-1,1296,1,7,-1,1,-1
201501FH10208,2,9,0,4,0,8,0,0,0,0,1,1,6,2,45,7,1968,2,3,-1,1,-1
201501FH10209,1,11,0,5,0,0,0,0,1,0,1,1,1,1,55,8,7300,2,10,-1,1,-1
201501FH10210,1,3,0,17,0,8,0,0,0,0,4,1,6,1,29,6,-1,-1,-1,-1,1,-1
201501FH10210,2,8,0,17,0,8,0,0,0,0,3,1,1,1,47,8,1797,8,5,-1,1,-1
201501FH10211,1,11,0,9,0,2,0,0,0,0,1,1,6,1,62,9,9000,2,5,-1,1,-1
201501FH10212,1,9,0,3,0,0,0,0,0,0,2,1,6,1,33,6,1598,2,2,-1,1,-1
201501FH10212,2,9,0,18,0,0,0,0,0,0,1,1,6,1,-1,-1,1968,2,10,-1,-1,-1
201501FH10213,1,9,0,18,0,8,0,0,0,0,3,1,2,1,41,7,1997,2,5,-1,1,-1
201501FH10213,2,9,0,18,0,8,0,0,0,0,1,1,2,2,54,8,1398,2,7,-1,1,-1
201501FH10214,1,8,0,4,0,0,0,0,0,0,1,1,1,1,53,8,1997,2,1,-1,1,-1
201501FH10215,1,1,0,4,0,8,0,0,1,0,1,1,2,1,26,6,-1,-1,-1,-1,1,-1
201501FH10216,1,9,0,7,0,8,0,0,0,0,4,1,6,2,50,8,1360,1,14,-1,1,-1
201501FH10216,2,1,0,18,0,8,0,0,0,0,1,1,6,1,20,4,-1,-1,-1,-1,1,-1
201501FH10217,1,5,0,18,0,8,0,0,0,0,4,1,2,1,34,6,124,1,1,-1,1,-1
201501FH10217,2,19,0,12,0,8,0,0,0,0,3,1,2,1,26,6,2402,2,5,-1,1,-1
201501FH10219,1,9,0,1,0,0,0,0,0,0,2,1,6,1,-1,-1,-1,-1,-1,-1,-1,-1
201501FH10220,1,1,0,18,4,8,0,0,0,0,1,1,2,1,31,6,-1,-1,-1,-1,1,-1
201501FH10220,2,9,0,7,0,8,0,0,0,0,4,1,2,1,33,6,1998,1,16,-1,1,-1
201501FH10221,1,9,0,7,0,8,0,0,0,0,2,1,6,1,36,7,2967,2,3,-1,1,-1
201501FH10221,2,9,0,18,0,8,0,0,0,0,1,1,6,2,-1,-1,1199,1,12,-1,-1,-1
201501FH10222,1,1,0,4,0,1,0,0,0,0,2,1,6,1,33,6,-1,-1,-1,-1,1,-1
201501FH10222,2,9,0,14,0,1,0,0,0,0,1,1,6,2,25,5,1242,1,2,-1,-1,-1
201501FH10223,1,9,0,18,0,8,0,0,0,0,1,1,6,1,71,10,3724,1,12,-1,1,-1
201501FH10224,1,1,0,18,0,8,0,0,0,0,3,1,6,1,24,5,-1,-1,-1,-1,1,-1
201501FH10224,2,9,0,18,0,8,0,0,0,0,1,1,6,1,-1,-1,-1,-1,-1,-1,-1,-1
201501FH10226,1,8,0,4,0,8,0,0,0,0,1,1,1,1,29,6,1798,8,1,-1,1,-1
201501FH10226,2,9,0,4,0,8,0,0,0,0,2,1,6,1,31,6,1798,1,15,-1,1,-1
201501FH10226,3,9,0,18,0,8,0,0,1,0,1,1,6,1,46,8,1997,2,6,-1,-1,-1
201501FH10227,1,20,0,18,0,0,0,0,0,0,4,1,1,1,59,9,-1,-1,-1,-1,1,-1
201501FH10228,1,1,0,18,0,8,0,0,0,0,1,1,2,2,-1,-1,-1,-1,-1,-1,-1,-1
201501FH10228,2,19,0,7,0,8,0,0,0,0,4,1,1,1,-1,-1,-1,-1,-1,-1,-1,-1
201501FH10229,1,9,0,18,0,8,0,0,0,0,1,1,6,1,65,9,2143,2,3,-1,1,-1
201501FH10230,1,9,0,1,0,8,0,0,0,0,4,1,6,3,-1,-1,-1,-1,-1,-1,-1,-1
201501FH10230,2,1,0,18,9,8,0,0,0,0,1,1,6,1,12,3,-1,-1,-1,-1,1,-1
201501FH10231,1,3,0,5,0,8,0,0,0,0,1,1,1,1,29,6,-1,-1,-1,-1,1,-1
201501FH10231,2,19,0,1,0,8,0,0,0,0,2,1,6,1,-1,-1,1995,2,2,-1,-1,-1
201501FH10232,1,9,0,9,0,8,0,0,0,0,3,1,2,2,53,8,2979,1,11,-1,-1,-1
201501FH10232,2,1,0,18,0,8,0,0,0,0,1,1,2,1,54,8,-1,-1,-1,-1,1,-1
201501FH10233,1,9,0,18,0,8,0,0,0,0,1,1,1,1,50,8,-1,-1,-1,-1,1,-1
201501FH10234,1,1,0,18,0,8,0,0,0,0,0,1,2,1,45,7,-1,-1,-1,-1,1,-1
201501FH10234,2,9,0,4,0,8,0,0,0,0,0,1,6,3,-1,-1,-1,-1,-1,-1,-1,-1
201501FH10235,1,3,0,10,0,8,0,0,0,0,2,1,6,1,35,6,124,1,8,-1,1,-1
201501FH10235,2,9,0,16,0,8,0,0,0,0,1,1,6,1,-1,-1,1422,2,6,-1,-1,-1
201501FH10236,1,1,0,17,0,8,0,0,0,0,4,1,6,1,40,7,-1,-1,-1,-1,1,-1
201501FH10236,2,9,0,17,0,8,0,0,0,0,3,1,6,1,41,7,1598,1,9,-1,1,-1
201501FH10237,1,3,0,18,0,0,0,0,0,0,2,1,6,1,26,6,-1,-1,-1,-1,1,-1
201501FH10237,2,9,0,4,0,0,0,0,0,0,1,1,6,2,31,6,1995,1,5,-1,1,-1
201501FH10238,1,9,0,18,0,8,0,0,0,0,1,1,6,2,22,5,1242,1,12,-1,1,-1
201501FH10238,2,9,0,9,0,8,0,0,0,0,1,1,6,1,72,10,1995,2,4,-1,1,-1
201501FH10240,1,8,0,9,0,8,0,0,0,0,3,1,1,1,31,6,1968,2,4,-1,1,-1
201501FH10240,2,3,0,14,0,8,0,0,1,0,1,1,6,1,33,6,124,1,3,-1,1,-1
201501FH10241,1,5,0,13,0,8,0,0,0,0,1,1,2,1,21,5,-1,-1,-1,-1,1,-1
201501FH10241,2,9,0,9,0,8,0,0,0,0,3,1,1,1,54,8,-1,-1,-1,-1,1,-1
201501FH10242,1,9,0,9,0,8,0,0,0,0,3,1,6,2,25,5,-1,-1,-1,-1,1,-1
201501FH10242,2,3,0,18,0,8,0,0,0,0,1,1,6,1,34,6,-1,-1,-1,-1,1,-1
201501FH10244,1,9,0,17,0,8,0,0,0,0,4,1,4,1,26,6,1910,2,7,-1,1,-1
201501FH10244,2,8,0,17,0,8,0,0,0,0,3,1,6,1,39,7,1240,1,7,-1,1,-1
201501FH10245,1,2,0,13,0,1,0,0,0,0,4,1,2,2,57,9,48,1,8,-1,-1,-1
201501FH10245,2,19,0,9,0,1,0,0,0,0,1,1,6,1,30,6,-1,-1,-1,-1,-1,-1
201501FH10246,1,19,0,10,0,1,0,0,0,0,3,1,1,1,60,9,1968,2,2,-1,1,-1
201501FH10246,2,9,0,7,0,2,0,0,0,0,1,1,6,1,-1,-1,-1,-1,-1,-1,-1,-1
201501FH10247,1,8,0,3,0,1,0,0,0,0,2,1,1,1,47,8,1968,2,4,-1,1,-1
201501FH10247,2,9,0,18,0,1,0,0,0,0,1,1,6,1,-1,-1,2698,2,7,-1,-1,-1
201501FH10248,1,9,0,10,0,8,0,0,0,0,0,1,6,1,25,5,1598,1,10,-1,1,-1
201501FH10248,2,3,0,18,0,8,0,0,0,0,1,1,6,1,52,8,-1,-1,-1,-1,1,-1
201501FH10249,1,9,0,18,0,1,0,0,0,0,4,1,6,2,55,8,1299,1,14,-1,1,-1
201501FH10250,1,9,0,1,0,0,0,4,0,0,2,1,1,1,53,8,2926,2,11,-1,1,-1
201501FH10250,2,9,0,2,3,0,0,0,0,0,2,1,6,2,-1,-1,1461,2,2,-1,-1,-1
201501FH10251,1,9,0,4,0,8,0,0,0,0,0,1,6,1,-1,-1,-1,-1,-1,-1,-1,-1
201501FH10251,2,1,0,12,0,8,0,10,7,10,1,1,6,1,24,5,-1,-1,-1,-1,1,-1
201501FH10252,1,3,0,18,0,1,0,0,0,0,1,1,6,1,18,4,125,1,-1,-1,1,-1
201501FH10252,2,9,0,6,0,1,0,0,0,0,3,1,6,1,46,8,1560,2,2,-1,1,-1
201501FH10253,1,5,0,14,0,8,0,0,0,0,1,1,6,1,52,8,652,1,13,-1,1,-1
201501FH10253,2,19,0,9,0,8,0,0,0,0,1,1,1,1,42,7,1997,2,11,-1,1,-1
201501FH10254,1,3,0,18,0,2,0,0,0,0,1,1,6,1,27,6,124,1,12,-1,1,-1
201501FH10255,1,9,0,9,0,8,0,0,0,0,3,1,2,2,24,5,1968,2,12,-1,1,-1
201501FH10255,2,5,0,9,0,8,0,0,0,0,4,1,2,2,44,7,108,1,6,-1,1,-1
201501FH10258,1,9,0,9,0,8,0,0,0,0,4,1,6,2,34,6,1796,1,10,-1,1,-1
201501FH10258,2,21,0,18,0,8,0,0,0,0,1,1,1,1,31,6,7790,2,9,-1,1,-1
201501FH10259,1,9,0,18,0,8,0,0,0,0,1,1,6,1,22,5,-1,-1,-1,-1,1,-1
201501FH10259,2,9,0,7,0,8,0,0,0,0,3,1,6,2,65,9,2429,1,8,-1,1,-1
201501FH10260,1,3,0,14,0,8,1,4,0,0,4,1,2,1,67,10,125,1,-1,-1,1,-1
201501FH10260,2,8,0,2,0,8,0,0,0,0,3,1,6,3,-1,-1,-1,-1,-1,-1,1,-1