Accident_Index,Vehicle_Reference,Vehicle_Type,Towing_and_Articulation,Vehicle_Manoeuvre,Vehicle_Location-Restricted_Lane,Junction_Location,Skidding_and_Overturning,Hit_Object_in_Carriageway,Vehicle_Leaving_Carriageway,Hit_Object_off_Carriageway,1st_Point_of_Impact,Was_Vehicle_Left_Hand_Drive?,Journey_Purpose_of_Driver,Sex_of_Driver,Age_of_Driver,Age_Band_of_Driver,Engine_Capacity_(CC),Propulsion_Code,Age_of_Vehicle,Driver_IMD_Decile,Driver_Home_Area_Type,Vehicle_IMD_Decile
201501FH10261,1,9,0,12,0,0,0,0,0,0,3,1,4,2,29,6,-1,-1,-1,-1,1,-1
201501FH10261,2,1,0,13,0,0,0,0,0,0,1,1,6,1,49,8,-1,-1,-1,-1,1,-1
201501FH10262,1,4,0,17,0,8,0,0,0,0,1,1,2,1,28,6,249,1,5,-1,-1,-1
201501FH10264,1,1,0,14,0,0,0,0,0,0,1,1,2,1,34,6,-1,-1,-1,-1,1,-1
201501FH10264,2,9,0,12,0,0,0,0,0,0,3,1,6,1,-1,-1,-1,-1,-1,-1,-1,-1
201501FH10265,1,19,0,15,0,8,0,0,0,0,1,1,6,1,-1,-1,-1,-1,-1,-1,-1,-1
201501FH10265,2,2,0,18,0,8,0,0,0,0,4,1,6,1,73,10,-1,-1,-1,-1,1,-1
201501FH10266,1,1,0,7,0,8,0,0,0,0,2,1,2,1,40,7,-1,-1,-1,-1,1,-1
201501FH10266,2,4,0,7,0,8,0,0,0,0,1,1,4,3,-1,-1,-1,-1,-1,-1,-1,-1
201501FH10267,1,9,0,3,0,0,0,0,0,0,2,1,6,1,36,7,-1,-1,-1,-1,1,-1
201501FH10267,2,9,0,4,0,0,0,0,0,0,1,1,6,2,-1,-1,1398,1,4,-1,-1,-1
201501FH10268,1,19,0,18,0,1,0,11,0,0,2,1,6,1,-1,-1,2198,2,5,-1,-1,-1
201501FH10269,1,5,0,18,0,8,0,0,0,0,4,1,2,1,35,6,1200,1,7,-1,1,-1
201501FH10269,2,9,0,7,0,8,0,0,0,0,1,1,6,1,-1,-1,-1,-1,-1,-1,1,-1
201501FH10271,1,9,0,7,0,8,0,0,0,0,1,1,6,1,49,8,2143,2,1,-1,1,-1
201501FH10272,1,5,0,18,4,8,0,0,0,0,1,1,6,1,38,7,918,1,18,-1,1,-1
201501FH10272,2,9,0,7,0,8,0,0,0,0,4,1,6,2,32,6,1797,8,5,-1,1,-1
201501FH10273,1,9,0,3,0,0,0,0,0,0,2,1,2,2,27,6,1968,2,3,-1,2,-1
201501FH10273,2,9,0,18,0,0,0,0,0,0,1,1,6,1,-1,-1,2597,1,13,-1,-1,-1
201501FH10274,1,9,0,16,0,8,0,0,0,0,3,1,6,1,-1,-1,1498,1,9,-1,1,-1
201501FH10274,2,19,0,7,0,8,0,0,0,0,1,1,1,1,-1,-1,2143,2,2,-1,-1,-1
201501FH10275,1,9,0,10,0,0,0,0,0,0,3,1,6,1,61,9,2987,2,5,-1,1,-1
201501FH10275,2,4,0,18,0,0,0,0,0,0,1,1,6,1,45,7,125,1,4,-1,1,-1
201501FH10276,1,9,0,9,0,8,0,0,1,0,3,1,6,1,24,5,1398,2,9,-1,1,-1
201501FH10276,2,4,0,14,0,8,0,0,0,0,1,1,6,1,38,7,599,1,14,-1,2,-1
201501FH10277,1,9,0,4,0,0,0,0,0,0,2,1,6,1,61,9,2099,1,13,-1,1,-1
201501FH10277,2,9,0,18,0,0,0,0,0,0,2,1,1,1,48,8,2987,2,1,-1,1,-1
201501FH10277,3,8,0,18,0,0,0,0,0,0,1,1,1,1,30,6,1797,8,4,-1,1,-1
201501FH10278,1,3,0,17,0,0,0,10,1,10,1,1,6,1,36,7,124,1,1,-1,1,-1
201501FH10280,1,3,0,7,0,8,0,0,0,0,0,1,1,1,23,5,108,1,3,-1,1,-1
201501FH10280,2,9,0,9,0,8,0,0,0,0,0,1,6,2,-1,-1,-1,-1,-1,-1,-1,-1
201501FH10281,1,9,0,9,0,8,0,0,1,0,1,1,6,1,35,6,1200,1,-1,-1,1,-1
201501FH10281,2,9,0,18,0,8,0,0,1,10,3,1,6,1,53,8,2435,1,19,-1,1,-1
201501FH10283,1,1,0,7,0,8,0,0,0,0,1,1,1,1,39,7,-1,-1,-1,-1,-1,-1
201501FH10283,2,8,0,9,0,8,0,0,0,0,3,1,2,1,42,7,-1,-1,-1,-1,1,-1
201501FH10285,1,9,0,9,0,8,0,0,0,0,3,1,2,2,27,6,1596,1,14,-1,1,-1
201501FH10285,2,1,0,18,0,8,0,0,0,0,1,1,6,1,20,4,-1,-1,-1,-1,-1,-1
201501FH10286,1,1,0,18,0,0,0,0,0,0,1,1,2,1,51,8,-1,-1,-1,-1,1,-1
201501FH10286,2,8,0,9,0,0,0,0,0,0,1,1,1,1,55,8,2148,2,8,-1,1,-1
201501FH10287,1,8,0,18,0,8,0,0,0,0,1,1,1,1,35,6,-1,-1,-1,-1,1,-1
201501FH10288,1,9,0,3,0,8,0,0,1,0,2,1,6,1,54,8,1896,2,7,-1,1,-1
201501FH10288,2,8,0,4,0,8,0,0,0,0,1,1,1,1,59,9,1997,2,7,-1,1,-1
201501FH10288,3,9,0,4,0,8,0,0,0,0,2,1,6,1,65,9,2143,2,3,-1,1,-1
201501FH10288,4,9,0,4,0,8,0,0,0,0,2,1,6,1,38,7,1596,1,10,-1,1,-1
201501FH10288,5,9,0,4,0,8,0,0,0,0,2,1,6,1,-1,-1,-1,-1,-1,-1,1,-1
201501FH10288,6,9,0,4,0,8,0,0,0,0,1,1,6,1,-1,-1,-1,-1,-1,-1,1,-1
201501FH10289,1,9,0,9,0,8,0,0,0,0,3,1,6,2,48,8,1598,1,5,-1,1,-1
201501FH10289,2,3,0,13,0,8,0,0,1,0,1,1,6,1,37,7,125,1,8,-1,-1,-1
201501FH10291,1,1,0,18,0,8,0,0,0,0,1,1,6,1,24,5,-1,-1,-1,-1,1,-1
201501FH10291,2,9,0,12,0,8,0,0,1,0,1,1,6,1,-1,-1,-1,-1,-1,-1,-1,-1
201501FH10292,1,9,0,9,0,8,0,0,0,0,3,1,4,1,33,6,1984,1,7,-1,1,-1
201501FH10292,2,3,0,13,0,8,0,0,0,0,1,1,6,1,36,7,748,1,21,-1,1,-1
201501FH10293,1,9,0,18,0,0,0,0,0,0,1,1,6,1,49,8,2967,2,1,-1,1,-1
201501FH10293,2,1,0,18,0,0,0,0,0,0,3,1,6,1,16,4,-1,-1,-1,-1,1,-1
201501FH10294,1,9,0,18,0,8,0,0,0,0,4,1,6,1,29,6,1984,1,8,-1,1,-1
201501FH10294,2,1,0,9,0,8,0,0,0,0,1,1,6,1,21,5,-1,-1,-1,-1,1,-1
201501FH10295,1,11,0,4,0,0,0,0,0,0,0,1,1,2,40,7,9000,2,4,-1,1,-1
201501FH10295,2,9,0,15,0,0,0,0,0,0,0,1,6,2,-1,-1,-1,-1,-1,-1,-1,-1
201501FH10296,1,8,0,18,2,0,0,0,0,0,0,1,6,1,31,6,1798,8,1,-1,1,-1
201501FH10297,1,9,0,18,0,8,0,0,0,0,3,1,6,1,27,6,2143,2,5,-1,1,-1
201501FH10297,2,9,0,9,0,8,0,0,0,0,1,1,6,1,-1,-1,2987,2,8,-1,-1,-1
201501FH10298,1,9,0,18,0,0,0,0,0,0,1,1,6,1,36,7,1560,2,4,-1,1,-1
201501FH10298,2,3,0,18,0,0,0,0,0,0,1,1,6,1,21,5,125,1,3,-1,1,-1
201501FH10299,1,5,0,18,0,2,0,0,0,0,1,1,6,1,26,6,599,1,7,-1,-1,-1
201501FH10300,1,9,0,5,0,8,0,0,0,0,0,1,6,3,-1,-1,-1,-1,-1,-1,-1,-1
201501FH10301,1,3,0,18,0,8,0,0,0,0,1,1,6,1,32,6,998,1,2,-1,1,-1
201501FH10301,2,9,0,5,0,8,0,0,0,0,2,1,6,2,33,6,1364,1,8,-1,1,-1
201501FH10302,1,3,0,18,0,8,0,0,0,0,1,1,4,1,23,5,124,1,18,-1,1,-1
201501FH10302,2,19,0,7,0,8,0,0,0,0,4,1,6,1,-1,-1,-1,-1,-1,-1,-1,-1
201501FH10303,1,9,0,9,0,1,0,0,0,0,3,1,1,1,42,7,1461,2,6,-1,1,-1
201501FH10303,2,3,0,13,0,1,0,0,0,0,1,1,6,1,31,6,125,1,4,-1,1,-1
201501FH10304,1,9,0,18,0,8,0,0,0,0,3,1,4,1,48,8,2179,2,3,-1,1,-1
201501FH10304,2,3,0,18,0,6,0,0,0,0,1,1,6,1,24,5,125,1,7,-1,1,-1
201501FH10306,1,1,0,18,0,8,0,0,0,0,3,1,2,1,56,9,-1,-1,-1,-1,1,-1
201501FH10306,2,19,0,7,0,8,0,0,0,0,4,1,1,1,-1,-1,-1,-1,-1,-1,-1,-1
201501FH10307,1,8,0,9,0,8,0,0,0,0,1,1,1,1,42,7,1956,2,4,-1,1,-1
201501FH10307,2,3,0,17,0,1,0,0,0,0,1,1,6,1,24,5,125,1,6,-1,1,-1
201501FH10308,1,1,0,12,0,8,0,0,0,0,1,1,3,1,15,3,-1,-1,-1,-1,1,-1
201501FH10308,2,9,0,18,0,8,0,0,0,0,3,1,6,1,-1,-1,-1,-1,-1,-1,-1,-1
201501FH10309,1,9,0,2,0,8,0,0,0,0,3,1,6,2,-1,-1,-1,-1,-1,-1,-1,-1
201501FH10309,2,1,0,18,0,8,0,0,0,0,1,1,6,2,47,8,-1,-1,-1,-1,1,-1
201501FH10311,1,9,0,9,0,8,0,0,0,0,3,1,6,1,22,5,999,1,1,-1,1,-1
201501FH10311,2,5,0,18,0,8,0,0,0,0,1,1,6,1,33,6,696,1,3,-1,1,-1
201501FH10312,1,9,0,3,0,1,0,0,0,0,2,1,6,1,43,7,1796,7,13,-1,1,-1
201501FH10312,2,9,0,18,0,1,0,0,0,0,1,1,6,1,19,4,1398,1,4,-1,1,-1
201501FH10313,1,9,0,9,0,8,0,0,0,0,3,1,6,1,44,7,1461,2,-1,-1,1,-1
201501FH10313,2,3,0,18,0,8,0,0,0,0,1,1,6,1,23,5,125,1,4,-1,1,-1
201501FH10314,1,9,0,18,0,0,0,0,0,0,4,1,1,2,32,6,1995,2,4,-1,1,-1
201501FH10315,1,11,0,3,0,8,0,0,0,0,0,1,1,1,-1,-1,-1,-1,-1,-1,-1,-1
201501FH10316,1,3,0,18,0,0,0,0,0,0,3,1,6,1,20,4,124,1,1,-1,1,-1
201501FH10316,2,9,0,12,0,0,0,0,0,0,3,1,6,2,52,8,1997,2,6,-1,1,-1
201501FH10317,1,9,0,9,0,8,0,0,0,0,4,1,6,1,48,8,1895,1,15,-1,1,-1
201501FH10317,2,1,0,17,0,8,0,0,0,0,1,1,6,1,24,5,-1,-1,-1,-1,1,-1
201501FH10318,1,9,0,2,0,0,0,0,0,0,3,1,6,1,35,6,1497,1,12,-1,1,-1
201501FH10318,2,19,0,6,0,0,0,4,0,0,2,1,6,1,56,9,2148,2,9,-1,1,-1
201501FH10320,1,21,0,11,0,8,0,0,0,0,1,1,1,1,57,9,6692,2,4,-1,1,-1
201501FH10320,2,9,0,18,0,8,0,0,0,0,3,1,6,2,35,6,1598,1,12,-1,1,-1
201501FH10322,1,9,0,9,0,8,0,0,0,0,3,1,6,1,26,6,1596,1,10,-1,1,-1
201501FH10322,2,9,0,18,0,8,0,0,0,0,1,1,6,1,40,7,2378,7,9,-1,1,-1
201501FH10323,1,11,0,16,0,2,0,0,0,0,0,1,1,1,43,7,9000,2,5,-1,1,-1
201501FH10324,1,9,0,18,0,8,0,0,0,0,4,1,2,2,30,6,1598,2,2,-1,1,-1
201501FH10324,2,9,0,18,0,8,0,0,0,0,1,1,3,2,32,6,1149,1,13,-1,1,-1
201501FH10325,1,1,0,17,0,8,0,0,0,0,4,1,6,1,20,4,-1,-1,-1,-1,1,-1
201501FH10325,2,9,0,17,0,8,0,0,0,0,1,1,6,2,-1,-1,1598,1,1,-1,1,-1
201501FH10326,1,19,0,2,0,8,0,0,0,0,3,1,1,1,37,7,2460,2,10,-1,1,-1
201501FH10326,2,1,0,14,0,8,0,4,0,0,1,1,2,2,26,6,-1,-1,-1,-1,1,-1
201501FH10327,1,11,0,18,0,2,0,0,0,0,0,1,1,1,45,7,9360,2,3,-1,1,-1
201501FH10328,1,9,0,7,0,5,0,0,0,0,4,1,6,1,35,6,1390,1,13,-1,1,-1
201501FH10328,2,1,0,18,0,1,0,0,0,0,3,1,6,1,30,6,-1,-1,-1,-1,1,-1
201501FH10329,1,9,0,9,0,8,0,0,0,0,3,1,2,1,45,7,1348,1,14,-1,1,-1
201501FH10329,2,1,0,18,0,8,0,0,0,0,1,1,6,1,26,6,-1,-1,-1,-1,3,-1
201501FH10330,1,1,0,18,0,0,0,0,0,0,1,1,6,2,22,5,-1,-1,-1,-1,-1,-1
201501FH10331,1,3,0,13,0,8,0,0,0,0,1,1,6,1,18,4,125,1,7,-1,1,-1
201501FH10331,2,9,0,9,0,8,0,0,0,0,3,1,6,1,-1,-1,-1,-1,-1,-1,-1,-1
201501FH10332,1,9,0,18,0,1,0,0,0,0,1,1,6,1,50,8,2401,2,11,-1,1,-1
201501FH10332,2,9,0,4,0,8,0,0,0,0,2,1,6,1,37,7,1968,2,2,-1,1,-1
201501FH10333,1,1,0,18,0,8,0,0,0,0,0,1,6,1,26,6,-1,-1,-1,-1,1,-1
201501FH10333,2,3,0,4,0,8,0,0,0,0,3,1,6,1,25,5,125,1,7,-1,1,-1
201501FH10334,1,11,0,4,0,2,0,0,0,0,2,1,1,1,44,7,-1,-1,-1,-1,-1,-1
201501FH10334,2,3,0,7,0,2,0,0,0,0,1,1,6,1,31,6,865,1,5,-1,-1,-1
201501FH10335,1,9,0,18,0,8,0,0,0,0,1,1,6,1,-1,-1,1896,2,10,-1,1,-1
201501FH10336,1,3,0,18,0,8,0,0,0,0,4,1,6,1,41,7,124,1,6,-1,1,-1
201501FH10336,2,9,0,12,0,8,0,0,0,0,3,1,6,3,-1,-1,-1,-1,-1,-1,-1,-1
201501FH10337,1,3,0,18,0,8,0,0,0,0,1,1,6,1,-1,-1,124,1,2,-1,1,-1
201501FH10337,2,9,0,9,0,8,0,0,0,0,1,1,6,1,-1,-1,1339,8,4,-1,1,-1
201501FH10338,1,9,0,7,0,8,0,0,0,0,1,1,6,1,28,6,1598,1,8,-1,-1,-1
201501FH10338,2,1,0,9,0,8,0,0,0,0,2,1,6,1,37,7,-1,-1,-1,-1,1,-1
201501FH10340,1,90,0,9,0,8,0,0,0,0,0,1,6,1,-1,-1,-1,-1,-1,-1,1,-1
201501FH10340,2,1,0,9,0,8,0,0,0,0,1,1,6,1,23,5,-1,-1,-1,-1,-1,-1
201501FH10341,1,11,0,2,0,1,0,0,0,0,0,1,6,1,31,6,4461,2,2,-1,1,-1
201501FH10342,1,9,0,9,0,8,0,0,0,0,1,1,6,1,70,10,1956,2,4,-1,1,-1
201501FH10342,2,1,0,18,0,8,0,0,0,0,1,1,6,2,28,6,-1,-1,-1,-1,1,-1
201501FH10343,1,1,0,18,0,0,0,0,0,0,3,1,6,2,57,9,-1,-1,-1,-1,1,-1
201501FH10343,2,9,0,18,0,0,0,0,0,0,4,1,6,2,34,6,-1,-1,-1,-1,1,-1
201501FH10344,1,9,0,18,0,8,0,10,3,1,2,1,6,1,81,11,-1,-1,-1,-1,1,-1
201501FH10344,2,9,0,18,0,1,0,0,0,0,3,1,6,1,50,8,1995,2,11,-1,1,-1
201501FH10344,3,9,0,18,0,8,0,0,0,0,1,1,6,1,31,6,1870,2,11,-1,1,-1
201501FH10345,1,3,0,18,0,8,0,0,0,0,1,1,6,1,21,5,108,1,2,-1,1,-1
201501FH10345,2,9,0,9,0,8,0,0,0,0,3,1,6,2,38,7,1998,2,8,-1,1,-1
201501FH10346,1,5,0,18,0,0,0,0,0,0,3,1,6,1,27,6,-1,-1,-1,-1,1,-1
201501FH10346,2,9,0,12,0,0,0,0,0,0,0,1,6,1,43,7,1956,2,-1,-1,1,-1
201501FH10347,1,9,0,9,0,8,0,0,0,0,1,1,6,1,40,7,2993,2,6,-1,1,-1
201501FH10347,2,3,0,18,0,8,0,0,0,0,1,1,6,1,22,5,125,1,4,-1,1,-1
201501FH10348,1,1,0,18,0,8,0,0,0,0,1,1,6,1,-1,-1,-1,-1,-1,-1,1,-1
201501FH10348,2,9,0,9,0,8,0,0,0,0,1,2,6,1,41,7,-1,-1,-1,-1,-1,-1
201501FH10349,1,9,0,12,0,0,0,0,0,0,1,1,6,2,27,6,1390,1,11,-1,1,-1
201501FH10349,2,3,0,18,0,0,0,0,0,0,2,1,6,1,20,4,102,1,12,-1,1,-1
201501FH10350,1,21,0,18,0,8,0,0,0,0,1,1,6,1,34,6,6700,2,1,-1,3,-1
201501FH10350,2,9,0,18,0,8,0,0,0,0,3,1,6,2,54,8,1998,1,9,-1,1,-1
201501FH10352,1,9,0,18,0,8,0,0,0,0,4,1,1,1,-1,-1,-1,-1,-1,-1,-1,-1
201501FH10352,2,11,0,18,0,8,0,0,0,0,1,1,1,1,46,8,6700,2,3,-1,1,-1
201501FH10353,1,9,0,9,0,8,0,0,0,0,3,1,6,1,55,8,1086,1,7,-1,1,-1
201501FH10353,2,3,0,13,0,8,0,0,0,0,1,1,6,1,46,8,125,1,2,-1,1,-1
201501FH10354,1,9,0,9,0,8,0,7,0,0,1,1,6,1,69,10,1796,1,12,-1,1,-1
201501FH10354,2,3,0,18,0,8,0,0,0,0,1,1,6,1,24,5,125,1,-1,-1,1,-1
201501FH10355,1,9,0,2,0,0,0,0,0,0,3,1,6,2,42,7,1242,1,-1,-1,1,-1
201501FH10355,2,9,0,2,0,0,0,0,0,0,4,1,6,1,30,6,3471,1,8,-1,1,-1
201501FH10355,3,1,0,18,0,0,0,8,0,0,1,1,6,1,44,7,-1,-1,-1,-1,1,-1
201501FH10356,1,19,0,9,0,8,0,0,0,0,0,1,1,1,36,7,-1,-1,-1,-1,1,-1
201501FH10356,2,1,0,18,0,8,0,0,0,0,3,1,6,1,49,8,-1,-1,-1,-1,1,-1
201501FH10357,1,9,0,18,0,0,0,0,0,0,3,1,6,1,34,6,-1,-1,-1,-1,1,-1
201501FH10357,2,19,0,18,0,0,0,0,0,0,3,1,6,1,34,6,2402,2,10,-1,1,-1
201501FH10357,3,1,0,18,0,0,0,0,0,0,1,1,6,1,15,3,-1,-1,-1,-1,1,-1
201501FH10358,1,3,0,18,0,8,0,0,0,0,1,1,6,1,24,5,124,1,-1,-1,1,-1
201501FH10358,2,19,0,7,0,8,0,0,0,0,4,1,1,1,28,6,2402,2,8,-1,-1,-1
201501FH10359,1,3,0,18,0,8,0,0,0,0,1,1,6,1,18,4,125,1,-1,-1,1,-1
201501FH10359,2,1,0,9,0,8,0,0,0,0,1,1,6,1,29,6,-1,-1,-1,-1,1,-1
201501FH10359,3,5,0,18,0,8,0,0,0,0,3,1,6,1,50,8,500,1,47,-1,1,-1
201501FH10360,1,19,0,16,0,8,0,0,0,0,1,1,1,1,23,5,1598,7,12,-1,3,-1
201501FH10360,2,1,0,12,0,8,0,0,0,0,2,1,6,2,30,6,-1,-1,-1,-1,1,-1
201501FH10361,1,1,0,18,0,8,0,0,0,0,1,1,6,1,29,6,-1,-1,-1,-1,1,-1
201501FH10361,2,9,0,18,0,8,0,0,0,0,3,1,6,1,-1,-1,998,1,2,-1,-1,-1
201501FH10362,1,8,0,17,0,8,0,0,0,0,1,1,1,1,50,8,2499,2,8,-1,1,-1
201501FH10362,2,1,0,9,0,8,0,0,0,0,1,1,6,1,27,6,-1,-1,-1,-1,1,-1
201501FH10363,1,9,0,5,0,8,0,0,0,0,4,1,6,1,-1,-1,2987,2,10,-1,-1,-1
201501FH10363,2,5,0,5,0,8,0,0,0,0,3,1,6,1,41,7,649,1,1,-1,1,-1
201501FH10364,1,9,0,9,0,8,0,10,3,10,1,1,6,1,69,10,-1,-1,-1,-1,1,-1
201501FH10365,1,9,0,18,0,8,0,0,0,0,1,1,6,1,35,6,1229,1,4,-1,1,-1
201501FH10365,2,9,0,18,0,8,0,0,0,0,1,1,6,1,25,5,1588,1,11,-1,1,-1
201501FH10366,1,9,0,5,0,8,0,0,0,0,1,1,6,1,43,7,-1,-1,-1,-1,1,-1
201501FH10367,1,9,0,9,0,8,0,0,0,0,1,1,6,1,38,7,1968,2,4,-1,1,-1
201501FH10367,2,3,0,17,0,8,0,0,0,0,4,1,6,1,52,8,125,1,9,-1,1,-1
201501FH10368,1,3,0,6,0,0,0,0,0,0,2,1,6,1,25,5,244,1,7,-1,1,-1
201501FH10368,2,3,0,18,0,0,0,0,0,0,1,1,6,1,38,7,124,1,1,-1,1,-1
201501FH10369,1,19,0,11,0,0,0,0,0,0,4,1,6,1,56,9,2402,2,9,-1,1,-1
201501FH10369,2,3,0,18,0,0,0,0,0,0,0,1,6,1,47,8,124,1,9,-1,1,-1
201501FH10370,1,9,0,18,0,8,0,0,0,0,1,1,6,2,27,6,998,1,7,-1,1,-1
201501FH10370,2,3,0,3,0,2,0,0,0,0,2,1,6,1,24,5,124,1,5,-1,1,-1
201501FH10371,1,9,0,17,0,8,0,0,0,0,1,1,6,1,47,8,1590,1,15,-1,1,-1
201501FH10371,2,9,0,17,0,8,0,0,0,0,2,1,6,1,42,7,1360,1,14,-1,1,-1
201501FH10372,1,9,0,6,0,0,0,0,0,0,1,1,6,1,45,7,1896,2,5,-1,1,-1
201501FH10372,2,9,0,18,0,0,0,0,0,0,1,1,6,1,46,8,1598,2,2,-1,1,-1
201501FH10373,1,9,0,18,0,8,0,0,0,0,3,1,6,1,21,5,1390,1,13,-1,1,-1
201501FH10373,2,1,0,18,0,8,0,0,0,0,4,1,6,1,32,6,-1,-1,-1,-1,1,-1
201501FH10375,1,3,0,18,0,8,0,0,0,0,3,1,6,2,45,7,125,1,1,-1,1,-1
201501FH10375,2,9,0,9,0,8,0,0,0,0,0,1,6,1,-1,-1,1998,2,14,-1,-1,-1
201501FH10376,1,11,0,4,0,8,0,0,0,0,0,1,1,1,33,6,-1,-1,-1,-1,1,-1
201501FH10377,1,8,0,2,0,8,0,0,0,0,3,1,6,1,52,8,1600,1,4,-1,1,-1
201501FH10377,2,1,0,7,0,8,0,8,0,0,1,1,6,1,26,6,-1,-1,-1,-1,1,-1
201501FH10378,1,3,0,12,0,8,0,0,0,0,3,1,6,2,27,6,124,1,7,-1,1,-1
201501FH10378,2,1,0,12,0,8,0,0,0,0,0,1,6,1,21,5,-1,-1,-1,-1,-1,-1
201501FH10379,1,9,0,9,0,8,0,0,0,0,1,1,6,1,31,6,1598,2,-1,-1,1,-1
201501FH10379,2,5,0,14,0,8,0,0,0,0,1,1,6,1,29,6,599,1,6,-1,1,-1
201501FH10380,1,1,0,18,0,0,0,0,0,0,1,1,6,1,54,8,-1,-1,-1,-1,1,-1
201501FH10381,1,8,0,17,0,8,0,0,0,0,1,1,6,1,29,6,1798,8,2,-1,1,-1
201501FH10382,1,9,0,18,0,0,0,0,0,0,4,1,1,1,26,6,2993,2,5,-1,1,-1
201501FH10382,2,1,0,15,0,0,0,0,0,0,1,1,1,2,48,8,-1,-1,-1,-1,1,-1
201501FH10383,1,1,0,9,0,8,0,0,0,0,1,1,6,2,30,6,-1,-1,-1,-1,1,-1
201501FH10383,2,8,0,18,0,8,0,0,0,0,1,1,1,1,-1,-1,1797,8,4,-1,1,-1
201501FH10384,1,9,0,9,0,8,0,0,0,0,1,1,6,1,52,8,1984,1,6,-1,1,-1
201501FH10384,2,1,0,18,0,8,0,0,0,0,1,1,6,1,27,6,-1,-1,-1,-1,1,-1
201501FH10385,1,3,0,18,0,8,0,0,0,0,3,1,6,1,35,6,125,1,4,-1,1,-1
201501FH10385,2,1,0,9,0,8,0,0,0,0,1,1,6,1,24,5,-1,-1,-1,-1,-1,-1
201501FH10386,1,9,0,18,0,8,0,0,0,0,1,1,6,1,28,6,1597,1,14,-1,1,-1
201501FH10387,1,3,0,16,0,8,0,0,0,0,1,1,6,1,22,5,125,1,5,-1,1,-1
201501FH10387,2,9,0,16,0,8,0,0,0,0,2,1,6,1,33,6,1242,1,14,-1,1,-1
201501FH10388,1,1,0,18,0,8,0,0,0,0,1,1,6,1,29,6,-1,-1,-1,-1,1,-1
201501FH10389,1,19,0,2,0,0,0,0,0,0,3,1,6,1,41,7,2198,2,2,-1,1,-1
201501FH10389,2,1,0,18,0,0,0,8,0,0,1,1,6,2,39,7,-1,-1,-1,-1,1,-1
201501FH10390,1,1,0,16,4,0,0,0,0,0,4,1,6,1,-1,-1,-1,-1,-1,-1,-1,-1
201501FH10391,1,9,0,9,0,8,0,0,0,0,4,1,6,1,42,7,1399,1,12,-1,1,-1
201501FH10391,2,9,0,18,0,8,0,0,0,0,1,1,6,1,26,6,1364,1,10,-1,1,-1
201501FH10392,1,1,0,18,0,0,0,0,0,0,4,1,6,1,33,6,-1,-1,-1,-1,1,-1
201501FH10392,2,9,0,18,0,0,0,0,0,0,4,1,6,1,-1,-1,1595,1,6,-1,-1,-1
201501FH10392,3,3,0,18,0,0,0,0,0,0,3,1,6,3,-1,-1,-1,-1,-1,-1,-1,-1
201501FH10393,1,4,0,14,0,8,0,0,0,0,1,1,6,1,52,8,865,1,7,-1,1,-1
201501FH10393,2,19,0,9,0,8,0,0,0,0,1,1,6,1,37,7,2143,2,-1,-1,1,-1
201501FH10394,1,20,0,18,0,8,0,0,0,0,1,1,1,1,37,7,2998,2,-1,-1,1,-1
201501FH10394,2,1,0,18,0,8,0,0,0,0,4,1,6,2,15,3,-1,-1,-1,-1,1,-1
201501FH10395,1,9,0,18,0,0,0,0,0,0,0,1,6,1,-1,-1,-1,-1,-1,-1,-1,-1
201501FH10396,1,1,0,18,0,8,0,0,0,0,3,1,6,1,33,6,-1,-1,-1,-1,-1,-1
201501FH10396,2,9,0,7,0,8,0,0,0,0,4,1,6,2,-1,-1,1199,1,15,-1,1,-1
201501FH10397,1,11,0,2,0,0,0,0,0,0,0,1,1,1,48,8,4500,2,5,-1,1,-1
201501FH10398,1,8,0,1,0,8,0,0,0,0,2,1,1,3,-1,-1,1997,2,5,-1,-1,-1
201501FH10399,1,9,0,13,0,8,0,0,0,0,1,1,6,1,51,8,1461,2,-1,-1,1,-1
201501FH10399,2,3,0,12,0,8,0,0,0,0,1,1,6,1,26,6,124,1,14,-1,1,-1
201501FH10399,3,9,0,18,0,8,0,0,0,0,2,1,6,2,44,7,1596,1,12,-1,1,-1
201501FH10400,1,1,0,4,0,8,0,0,0,0,1,1,2,1,-1,-1,-1,-1,-1,-1,1,-1
201501FH10400,2,9,0,7,0,8,0,0,0,0,2,1,6,2,-1,-1,-1,-1,-1,-1,-1,-1
201501FH10401,1,9,0,17,0,0,0,4,0,0,1,1,6,1,33,6,1997,2,10,-1,1,-1
201501FH10401,2,9,0,2,0,0,0,0,0,0,2,1,6,1,45,7,1796,7,10,-1,1,-1
201501FH10402,1,11,0,5,0,0,0,0,0,0,0,1,6,1,51,8,4500,2,5,-1,1,-1
201501FH10403,1,3,0,18,0,8,0,0,0,0,1,1,6,2,25,5,125,1,4,-1,1,-1
201501FH10403,2,9,0,9,0,8,0,0,0,0,3,1,6,1,-1,-1,1989,1,15,-1,1,-1
201501FH10404,1,9,0,6,0,0,0,0,0,0,0,1,6,2,24,5,998,1,2,-1,-1,-1
201501FH10404,2,2,0,18,0,0,0,0,0,0,4,1,6,1,-1,-1,124,1,9,-1,1,-1
201501FH10405,1,5,0,17,0,8,0,0,0,0,1,1,6,1,26,6,599,1,14,-1,1,-1
201501FH10405,2,9,0,9,0,8,0,0,0,0,3,1,6,1,29,6,1598,1,13,-1,1,-1
201501FH10406,1,19,0,9,0,8,0,0,0,0,1,1,6,1,38,7,2402,2,7,-1,1,-1
201501FH10406,2,1,0,18,0,8,0,0,0,0,1,1,6,1,42,7,-1,-1,-1,-1,1,-1
201501FH10407,1,9,0,17,0,8,0,0,0,0,3,1,6,1,52,8,2179,2,-1,-1,1,-1
201501FH10407,2,3,0,18,0,8,0,0,0,0,1,1,6,1,30,6,124,1,11,-1,1,-1
201501FH10408,1,9,0,7,0,8,0,0,0,0,4,1,6,1,25,5,1229,1,10,-1,1,-1