Accident_Index,Vehicle_Reference,Vehicle_Type,Towing_and_Articulation,Vehicle_Manoeuvre,Vehicle_Location-Restricted_Lane,Junction_Location,Skidding_and_Overturning,Hit_Object_in_Carriageway,Vehicle_Leaving_Carriageway,Hit_Object_off_Carriageway,1st_Point_of_Impact,Was_Vehicle_Left_Hand_Drive?,Journey_Purpose_of_Driver,Sex_of_Driver,Age_of_Driver,Age_Band_of_Driver,Engine_Capacity_(CC),Propulsion_Code,Age_of_Vehicle,Driver_IMD_Decile,Driver_Home_Area_Type,Vehicle_IMD_Decile
201501FH10571,1,11,0,4,0,8,0,0,0,0,0,1,1,1,38,7,4500,2,1,-1,1,-1
201501FH10572,1,9,0,16,0,0,0,0,0,0,2,1,6,1,64,9,1798,1,1,-1,1,-1
201501FH10572,2,9,0,16,0,0,0,0,0,0,1,1,6,1,44,7,1998,1,10,-1,1,-1
201501FH10573,1,1,0,9,0,8,0,0,0,0,4,1,6,1,56,9,-1,-1,-1,-1,1,-1
201501FH10573,2,9,0,9,0,8,0,0,0,0,3,1,6,1,65,9,2993,2,-1,-1,1,-1
201501FH10574,1,9,0,16,0,8,0,0,0,0,4,1,6,2,36,7,-1,-1,-1,-1,1,-1
201501FH10574,2,1,0,9,0,8,0,0,0,0,1,1,6,1,40,7,-1,-1,-1,-1,1,-1
201501FH10575,1,9,0,18,0,8,0,0,0,0,1,1,6,1,45,7,1598,1,1,-1,1,-1
201501FH10576,1,11,0,4,0,8,0,0,0,0,0,1,1,1,-1,-1,4500,2,8,-1,-1,-1
201501FH10577,1,9,0,18,0,8,0,0,0,0,3,1,6,1,44,7,2179,2,1,-1,1,-1
201501FH10577,2,3,0,9,0,8,0,0,0,0,1,1,6,1,32,6,123,1,3,-1,1,-1
201501FH10578,1,8,0,18,0,8,0,0,0,0,2,1,1,1,45,7,1797,8,4,-1,1,-1
201501FH10578,2,19,0,18,0,8,0,0,0,0,1,1,1,1,37,7,1870,2,10,-1,1,-1
201501FH10579,1,9,0,16,0,8,0,0,0,0,1,1,6,2,22,5,1598,1,11,-1,1,-1
201501FH10579,2,9,0,16,0,8,0,0,0,0,2,1,6,1,39,7,1840,1,17,-1,1,-1
201501FH10580,1,9,0,3,0,8,0,0,0,0,2,1,6,1,63,9,2143,2,-1,-1,1,-1
201501FH10580,2,9,0,18,0,8,0,0,0,0,1,1,6,2,-1,-1,2496,2,10,-1,-1,-1
201501FH10581,1,3,0,9,0,8,0,0,0,0,1,1,6,1,41,7,244,1,9,-1,1,-1
201501FH10581,2,1,0,18,0,8,0,0,0,0,1,1,6,1,31,6,-1,-1,-1,-1,1,-1
201501FH10582,1,9,0,16,0,8,0,0,0,0,1,1,6,1,49,8,2987,2,4,-1,1,-1
201501FH10583,1,9,0,18,0,8,0,0,0,0,1,1,6,1,41,7,2000,2,10,-1,1,-1
201501FH10583,2,1,0,18,0,8,0,0,0,0,1,1,6,1,27,6,-1,-1,-1,-1,1,-1
201501FH10584,1,9,0,9,0,8,0,10,0,0,1,1,6,2,53,8,1598,1,13,-1,1,-1
201501FH10586,1,9,0,11,0,0,0,0,0,0,2,1,6,1,36,7,1686,2,2,-1,1,-1
201501FH10586,2,21,0,18,0,0,0,0,0,0,1,2,1,1,-1,-1,-1,-1,-1,-1,-1,-1
201501FH10587,1,3,0,18,0,8,0,0,0,0,1,1,6,1,26,6,108,1,3,-1,1,-1
201501FH10587,2,9,0,9,0,8,0,0,0,0,1,1,6,3,-1,-1,-1,-1,-1,-1,-1,-1
201501FH10588,1,9,0,18,0,8,0,0,0,0,1,1,6,1,-1,-1,-1,-1,-1,-1,-1,-1
201501FH10589,1,9,0,9,0,8,0,0,0,0,1,1,6,1,35,6,1794,1,9,-1,1,-1
201501FH10589,2,3,0,13,0,8,0,0,0,0,1,1,6,1,20,4,125,1,5,-1,1,-1
201501FH10590,1,3,0,18,0,8,0,0,0,0,1,1,6,1,28,6,125,1,6,-1,1,-1
201501FH10590,2,9,0,9,0,8,0,0,0,0,3,1,6,2,-1,-1,1422,2,-1,-1,-1,-1
201501FH10591,1,5,0,18,0,0,0,0,0,0,3,1,6,1,21,5,124,1,14,-1,1,-1
201501FH10591,2,9,0,11,0,0,0,0,0,0,4,1,6,3,-1,-1,-1,-1,-1,-1,-1,-1
201501FH10592,1,11,0,17,0,1,0,0,0,0,1,1,6,1,31,6,8268,2,13,-1,1,-1
201501FH10592,2,9,0,17,0,8,0,0,0,0,1,1,6,2,27,6,2995,1,10,-1,1,-1
201501FH10593,1,3,0,18,0,2,0,0,0,0,1,1,6,1,37,7,125,1,2,-1,1,-1
201501FH10593,2,9,0,12,0,2,0,0,0,0,3,1,6,1,-1,-1,1395,1,1,-1,1,-1
201501FH10594,1,9,0,9,0,8,0,0,0,0,1,1,6,2,40,7,4806,1,7,-1,-1,-1
201501FH10594,2,1,0,18,0,8,0,0,0,0,1,1,6,2,29,6,-1,-1,-1,-1,1,-1
201501FH10595,1,9,0,2,0,0,0,0,0,0,3,1,6,1,-1,-1,1388,1,10,-1,1,-1
201501FH10595,2,9,0,18,0,0,0,0,0,0,1,1,6,3,-1,-1,3600,1,22,-1,-1,-1
201501FH10596,1,3,0,18,0,0,0,0,0,0,1,1,6,1,26,6,124,1,9,-1,1,-1
201501FH10597,1,9,0,18,0,8,0,0,0,0,1,1,6,1,68,10,3498,1,9,-1,1,-1
201501FH10598,1,1,0,16,0,1,0,0,0,0,1,1,6,1,47,8,-1,-1,-1,-1,1,-1
201501FH10598,2,9,0,2,0,2,0,0,0,0,4,1,6,1,49,8,-1,-1,-1,-1,3,-1
201501FH10599,1,9,0,18,0,1,0,0,0,0,4,1,6,1,25,5,1598,1,10,-1,1,-1
201501FH10600,1,1,0,18,0,8,0,0,0,0,1,1,6,2,32,6,-1,-1,-1,-1,1,-1
201501FH10600,2,9,0,9,0,8,0,0,0,0,1,1,6,1,-1,-1,1598,1,13,-1,-1,-1
201501FH10601,1,9,0,18,0,8,0,0,0,0,4,1,6,2,25,5,-1,-1,-1,-1,1,-1
201501FH10601,2,9,0,9,0,8,0,0,0,0,1,1,6,1,-1,-1,-1,-1,-1,-1,-1,-1
201501FH10602,1,9,0,9,0,8,0,0,0,0,1,1,6,2,38,7,1598,2,5,-1,1,-1
201501FH10602,2,3,0,14,0,8,0,0,0,0,1,1,6,1,50,8,-1,-1,-1,-1,1,-1
201501FH10603,1,21,0,1,0,8,0,0,0,0,2,1,6,1,44,7,4461,2,4,-1,1,-1
201501FH10604,1,9,0,18,0,8,0,0,0,0,1,1,6,1,48,8,1461,2,1,-1,-1,-1
201501FH10604,2,3,0,18,0,8,0,0,0,0,1,1,1,1,25,5,-1,-1,-1,-1,-1,-1
201501FH10605,1,3,0,18,0,2,0,0,0,0,4,1,6,1,38,7,115,1,-1,-1,1,-1
201501FH10605,2,9,0,12,0,2,0,0,0,0,3,1,6,1,-1,-1,2982,2,9,-1,-1,-1
201501FH10606,1,3,0,4,0,8,0,0,0,0,2,1,6,1,17,4,125,1,5,-1,1,-1
201501FH10606,2,3,0,18,0,8,0,0,0,0,1,1,6,1,18,4,124,1,12,-1,1,-1
201501FH10607,1,9,0,18,0,8,0,0,0,0,1,1,6,1,37,7,1598,2,-1,-1,1,-1
201501FH10607,2,3,0,9,0,8,0,0,0,0,1,1,6,1,46,8,124,1,1,-1,1,-1
201501FH10608,1,9,0,18,0,8,0,0,0,0,1,1,6,2,30,6,998,1,-1,-1,1,-1
201501FH10608,2,9,0,18,0,8,0,0,0,0,1,1,6,1,-1,-1,1360,1,9,-1,-1,-1
201501FH10609,1,8,0,9,0,0,0,0,0,0,1,1,6,1,58,9,1997,2,-1,-1,1,-1
201501FH10609,2,1,0,15,0,0,0,0,0,0,1,1,6,1,24,5,-1,-1,-1,-1,1,-1
201501FH10610,1,5,0,13,0,0,0,0,0,0,1,1,6,1,55,8,1188,1,13,-1,1,-1
201501FH10611,1,8,0,12,0,8,0,0,0,0,0,1,6,1,68,10,2987,2,2,-1,-1,-1
201501FH10611,2,5,0,4,0,1,0,0,0,0,3,1,6,1,24,5,883,1,3,-1,1,-1
201501FH10612,1,9,0,18,0,8,0,0,0,0,2,1,6,2,36,7,1896,2,11,-1,1,-1
201501FH10612,2,9,0,18,0,8,0,0,0,0,1,1,6,3,-1,-1,-1,-1,-1,-1,-1,-1
201501FH10613,1,9,0,5,0,8,0,0,0,0,1,1,6,1,51,8,1984,1,13,-1,1,-1
201501FH10613,2,9,0,3,0,8,0,0,0,0,2,1,6,2,46,8,1796,1,10,-1,1,-1
201501FH10614,1,1,0,18,0,8,0,0,0,0,1,1,6,1,43,7,-1,-1,-1,-1,1,-1
201501FH10614,2,9,0,9,0,8,0,0,0,0,1,1,6,2,50,8,1299,1,11,-1,1,-1
201501FH10615,1,9,0,3,0,8,0,0,0,0,2,1,6,1,42,7,1798,8,1,-1,1,-1
201501FH10615,2,9,0,18,0,8,0,0,0,0,1,1,6,1,25,5,2143,2,2,-1,1,-1
201501FH10615,3,9,0,3,0,8,0,0,0,0,3,1,6,1,36,7,998,1,7,-1,1,-1
201501FH10616,1,1,0,18,0,1,0,0,0,0,3,1,6,2,24,5,-1,-1,-1,-1,1,-1
201501FH10616,2,9,0,7,0,8,0,0,0,0,4,1,6,3,-1,-1,-1,-1,-1,-1,-1,-1
201501FH10619,1,9,0,8,0,8,0,0,0,0,1,1,6,1,64,9,1994,2,12,-1,1,-1
201501FH10619,2,1,0,15,0,8,0,0,0,0,1,1,6,1,29,6,-1,-1,-1,-1,1,-1
201501FH10620,1,9,0,14,0,0,0,0,0,0,2,1,6,1,47,8,1973,1,17,-1,1,-1
201501FH10621,1,19,0,9,0,8,0,0,0,0,3,1,6,2,54,8,1461,2,4,-1,1,-1
201501FH10621,2,2,0,18,0,8,0,0,0,0,1,1,6,1,16,4,49,1,13,-1,1,-1
201501FH10622,1,3,0,18,0,8,0,0,0,0,1,1,6,1,-1,-1,-1,-1,-1,-1,-1,-1
201501FH10623,1,9,0,12,0,0,0,0,0,0,3,1,6,1,38,7,1995,2,4,-1,1,-1
201501FH10623,2,3,0,18,0,0,0,0,0,0,4,1,6,1,-1,-1,-1,-1,-1,-1,1,-1
201501FH10624,1,9,0,10,0,8,0,0,0,0,2,1,6,1,59,9,2987,2,-1,-1,-1,-1
201501FH10624,2,8,0,18,0,8,0,0,0,0,1,1,6,1,72,10,2446,2,12,-1,1,-1
201501FH10625,1,1,0,18,0,8,0,0,0,0,4,1,6,2,48,8,-1,-1,-1,-1,1,-1
201501FH10625,2,9,0,9,0,8,0,0,0,0,1,1,6,3,-1,-1,1598,1,2,-1,-1,-1
201501FH10626,1,3,0,3,0,0,0,0,0,0,1,1,6,1,27,6,125,1,1,-1,1,-1
201501FH10626,2,9,0,1,0,0,0,0,0,0,2,1,6,3,-1,-1,-1,-1,-1,-1,-1,-1
201501FH10627,1,3,0,17,0,8,0,0,0,0,1,1,6,2,19,4,125,1,-1,-1,1,-1
201501FH10627,2,9,0,6,0,8,0,0,0,0,3,1,6,1,27,6,-1,-1,-1,-1,3,-1
201501FH10628,1,9,0,9,0,8,0,0,0,0,0,1,6,1,70,10,1364,1,8,-1,1,-1
201501FH10629,1,9,0,16,0,8,0,0,0,0,2,1,6,1,27,6,-1,-1,-1,-1,1,-1
201501FH10629,2,21,0,16,0,8,0,0,0,0,1,1,6,1,54,8,11021,2,9,-1,1,-1
201501FH10630,1,3,0,18,0,8,0,0,0,0,3,1,6,1,29,6,125,1,10,-1,1,-1
201501FH10630,2,8,0,9,0,8,0,0,0,0,1,1,6,1,51,8,1596,1,-1,-1,1,-1
201501FH10632,1,9,0,16,0,8,0,0,0,0,2,1,6,1,48,8,4266,1,14,-1,1,-1
201501FH10632,2,19,0,16,0,8,0,0,0,0,1,1,6,1,25,5,1968,2,-1,-1,1,-1
201501FH10633,1,19,0,7,0,8,0,0,0,0,4,1,6,1,35,6,1968,2,1,-1,1,-1
201501FH10633,2,1,0,18,0,8,0,0,0,0,1,1,6,1,35,6,-1,-1,-1,-1,1,-1
201501FH10634,1,9,0,18,0,0,0,0,0,0,1,1,6,2,25,5,1229,1,9,-1,1,-1
201501FH10634,2,9,0,18,0,0,0,0,0,0,2,1,6,1,42,7,-1,-1,-1,-1,1,-1
201501FH10635,1,8,0,3,0,1,0,0,0,0,2,1,1,1,41,7,2402,2,10,-1,1,-1
201501FH10635,2,9,0,18,0,1,0,0,0,0,1,1,6,1,-1,-1,1995,1,5,-1,1,-1
201501FH10636,1,9,0,6,0,8,0,0,0,0,3,1,6,1,29,6,1397,1,7,-1,1,-1
201501FH10636,2,3,0,18,0,8,0,0,0,0,1,1,6,1,43,7,-1,-1,-1,-1,1,-1
201501FH10637,1,3,0,18,0,0,0,0,0,0,1,1,6,1,17,4,-1,-1,-1,-1,1,-1
201501FH10637,2,9,0,2,0,0,0,0,0,0,2,1,6,1,44,7,1995,2,8,-1,1,-1
201501FH10638,1,11,0,18,0,8,0,0,0,0,1,1,6,1,37,7,9360,2,3,-1,1,-1
201501FH10638,2,9,0,9,0,8,0,0,0,0,3,1,6,2,45,7,1390,1,8,-1,1,-1
201501FH10639,1,9,0,18,0,8,0,0,0,0,1,1,6,2,22,5,1395,1,2,-1,1,-1
201501FH10639,2,8,0,6,0,8,0,0,0,0,3,1,6,1,46,8,2499,2,3,-1,1,-1
201501FH10640,1,9,0,12,0,1,0,0,0,0,3,1,6,2,44,7,875,1,-1,-1,1,-1
201501FH10640,2,3,0,18,0,1,0,0,0,0,4,1,6,1,29,6,108,1,-1,-1,1,-1
201501FH10642,1,19,0,11,0,0,0,0,0,0,4,1,6,1,32,6,1598,2,-1,-1,1,-1
201501FH10642,2,3,0,18,0,0,0,0,0,0,4,1,6,1,32,6,109,1,2,-1,1,-1
201501FH10643,1,1,0,18,0,8,0,0,0,0,1,1,6,1,26,6,-1,-1,-1,-1,1,-1
201501FH10644,1,9,0,9,0,8,0,0,0,0,1,1,6,1,47,8,1598,1,3,-1,1,-1
201501FH10644,2,9,0,18,0,8,0,0,0,0,4,1,1,2,-1,-1,-1,-1,-1,-1,-1,-1
201501FH10645,1,9,0,9,0,8,0,0,0,0,3,1,6,2,24,5,1587,1,11,-1,1,-1
201501FH10645,2,3,0,18,0,8,0,0,0,0,1,1,6,1,26,6,108,1,5,-1,1,-1
201501FH10646,1,9,0,18,0,8,0,0,0,0,1,1,6,1,48,8,1797,8,5,-1,1,-1
201501FH10647,1,9,0,18,0,0,0,0,0,0,3,1,6,1,66,10,1998,1,12,-1,1,-1
201501FH10648,1,9,0,12,0,8,0,0,0,0,3,1,6,1,23,5,1242,1,2,-1,1,-1
201501FH10648,2,9,0,13,0,8,0,0,0,0,1,1,6,1,-1,-1,-1,-1,-1,-1,-1,-1
201501FH10649,1,3,0,18,0,2,0,0,0,0,3,1,6,2,26,6,124,1,1,-1,1,-1
201501FH10649,2,19,0,11,0,2,0,0,0,0,1,1,6,1,-1,-1,1996,2,5,-1,1,-1
201501FH10650,1,2,0,18,0,8,0,0,0,0,3,1,6,2,25,5,-1,-1,-1,-1,-1,-1
201501FH10651,1,9,0,9,0,8,0,0,0,0,1,1,6,1,-1,-1,1598,2,1,-1,1,-1
201501FH10651,2,5,0,18,0,8,0,0,0,0,1,1,6,1,25,5,649,1,9,-1,1,-1
201501FH10653,1,2,0,4,0,8,0,0,0,0,3,1,1,1,19,4,49,1,9,-1,1,-1
201501FH10653,2,2,0,18,0,8,0,0,0,0,1,1,6,1,18,4,49,1,9,-1,1,-1
201501FH10654,1,5,0,16,0,8,0,0,0,0,1,1,6,1,-1,-1,1352,1,6,-1,-1,-1
201501FH10654,2,9,0,16,0,8,0,0,0,0,2,1,6,1,28,6,1596,1,-1,-1,1,-1
201501FH10655,1,9,0,18,0,8,0,0,0,0,2,1,6,1,31,6,1995,2,10,-1,1,-1
201501FH10655,2,9,0,18,0,8,0,0,0,0,1,1,6,1,-1,-1,1984,1,7,-1,-1,-1
201501FH10656,1,19,0,9,0,8,0,0,0,0,1,1,1,1,-1,-1,1686,2,13,-1,-1,-1
201501FH10656,2,1,0,18,0,8,0,0,0,0,1,1,6,1,24,5,-1,-1,-1,-1,1,-1
201501FH10657,1,3,0,18,0,8,0,0,0,0,1,1,6,1,21,5,108,1,1,-1,-1,-1
201501FH10657,2,8,0,9,0,8,0,0,0,0,3,1,6,1,57,9,1997,2,4,-1,1,-1
201501FH10658,1,19,0,18,0,8,0,0,0,0,1,1,6,1,27,6,1461,2,-1,-1,1,-1
201501FH10658,2,9,0,3,0,8,0,0,0,0,2,1,6,1,75,10,2799,1,19,-1,1,-1
201501FH10659,1,9,0,18,0,2,0,0,0,0,1,1,6,1,-1,-1,2993,2,2,-1,1,-1
201501FH10660,1,9,0,18,0,1,0,0,0,0,3,1,6,2,-1,-1,-1,-1,-1,-1,-1,-1
201501FH10661,1,9,0,9,0,8,0,0,0,0,3,1,6,1,27,6,-1,-1,-1,-1,1,-1
201501FH10661,2,5,0,18,0,8,0,0,0,0,1,1,6,1,47,8,599,1,7,-1,1,-1
201501FH10662,1,9,0,18,0,8,0,0,0,0,1,1,6,2,35,6,1995,2,6,-1,1,-1
201501FH10662,2,8,0,9,0,8,0,0,0,0,1,1,6,1,48,8,1968,2,4,-1,1,-1
201501FH10663,1,9,0,11,0,0,0,0,0,0,4,1,6,1,54,8,-1,-1,-1,-1,1,-1
201501FH10663,2,3,0,18,0,0,0,0,0,0,3,1,6,1,21,5,124,1,4,-1,1,-1
201501FH10664,1,8,0,18,0,8,0,0,0,0,4,1,6,1,54,8,2499,2,8,-1,-1,-1
201501FH10664,2,3,0,18,0,8,0,0,0,0,1,1,1,1,23,5,108,1,3,-1,1,-1
201501FH10665,1,19,0,18,0,8,0,0,0,0,1,1,1,1,26,6,2198,2,-1,-1,1,-1
201501FH10667,1,9,0,15,0,8,0,0,0,0,3,1,6,1,39,7,1796,1,10,-1,1,-1
201501FH10667,2,9,0,11,0,8,0,0,0,0,4,1,6,1,86,11,2922,1,16,-1,1,-1
201501FH10670,1,9,0,7,0,8,0,0,0,0,4,1,6,1,46,8,2171,2,13,-1,1,-1
201501FH10670,2,1,0,18,0,8,0,0,0,0,1,1,6,1,43,7,-1,-1,-1,-1,1,-1
201501FH10672,1,9,0,18,0,2,0,0,0,0,1,1,6,1,-1,-1,1229,1,9,-1,-1,-1
201501FH10673,1,1,0,18,0,8,0,0,0,0,1,1,6,2,29,6,-1,-1,-1,-1,1,-1
201501FH10673,2,9,0,7,0,8,0,0,0,0,4,1,6,1,-1,-1,1398,1,11,-1,-1,-1
201501FH10674,1,3,0,18,0,0,0,0,0,0,4,1,6,1,39,7,108,1,2,-1,1,-1
201501FH10674,2,9,0,12,0,0,0,0,0,0,3,1,6,2,45,7,1390,1,3,-1,1,-1
201501FH10676,1,9,0,9,0,8,0,0,0,0,1,1,6,1,43,7,1794,1,11,-1,1,-1
201501FH10676,2,3,0,14,0,8,0,0,0,0,1,1,6,1,45,7,108,1,2,-1,1,-1
201501FH19004,1,1,0,18,0,2,0,0,0,0,1,1,6,1,42,7,-1,-1,-1,-1,1,-1
201501FH19004,2,9,0,6,0,2,0,0,0,0,2,1,6,2,-1,-1,998,1,1,-1,-1,-1
201501FH19007,1,9,0,18,0,8,0,0,0,0,2,1,6,1,36,7,1686,2,3,-1,1,-1
201501FH19007,2,9,0,18,0,8,0,0,0,0,1,1,6,1,33,6,2996,2,5,-1,1,-1
201501FH19008,1,3,0,14,0,8,0,0,0,0,1,1,6,1,27,6,124,1,-1,-1,1,-1
201501FH19008,2,9,0,9,0,8,0,0,0,0,1,1,6,1,26,6,1389,1,12,-1,1,-1
201501FH19009,1,9,0,3,0,8,0,0,0,0,2,1,6,1,46,8,1598,1,9,-1,1,-1
201501FH19009,2,9,0,18,0,1,0,0,0,0,1,1,6,1,24,5,1364,1,8,-1,1,-1
201501FH19010,1,8,0,1,0,8,0,0,0,0,2,1,1,1,48,8,1686,2,4,-1,1,-1
201501FH19011,1,3,0,18,0,0,0,0,0,0,1,1,1,1,38,7,125,1,5,-1,1,-1
201501FH19011,2,9,0,12,0,0,0,0,0,0,2,1,6,2,26,6,1796,1,9,-1,1,-1
201501FH19012,1,19,0,12,0,0,0,0,0,0,1,1,1,1,29,6,1560,2,-1,-1,1,-1
201501FH19012,2,3,0,18,0,0,0,0,0,0,1,1,6,1,18,4,-1,-1,-1,-1,1,-1
201501FH19029,1,9,0,9,0,8,0,0,0,0,2,1,6,1,38,7,1796,1,10,-1,1,-1
201501FH19029,2,9,0,18,0,8,0,0,0,0,1,1,6,1,-1,-1,2616,1,9,-1,-1,-1
201501FH19034,1,3,0,18,0,8,0,0,0,0,1,1,6,1,36,7,124,1,9,-1,1,-1
201501FH19034,2,8,0,6,0,8,0,0,0,0,4,1,1,1,30,6,1596,1,13,-1,1,-1
201501GD10001,1,3,0,18,0,1,0,10,1,0,1,1,6,3,-1,-1,-1,-1,-1,-1,-1,-1
201501GD10002,1,11,0,18,0,1,0,0,0,0,0,1,1,2,47,8,6692,2,5,-1,1,-1
201501GD10004,1,9,0,9,0,2,0,0,0,0,1,1,6,3,-1,-1,1896,2,11,-1,-1,-1
201501GD10007,1,9,0,18,0,8,0,0,0,0,4,1,6,1,43,7,1896,2,8,-1,1,-1
201501GD10007,2,9,0,18,0,8,0,0,0,0,1,1,6,3,-1,-1,-1,-1,-1,-1,-1,-1
201501GD10008,1,9,0,18,0,1,0,10,4,0,3,1,2,1,36,7,-1,-1,-1,-1,1,-1
201501GD10011,1,9,0,18,0,8,0,0,0,0,3,1,6,1,53,8,1896,2,9,-1,1,-1
201501GD10011,2,9,0,18,0,8,0,0,0,0,1,1,6,3,-1,-1,1198,1,7,-1,-1,-1
201501GD10012,1,9,0,7,0,8,0,0,0,0,3,1,2,2,26,6,-1,-1,-1,-1,1,-1
201501GD10012,2,5,0,13,0,8,0,0,0,0,1,1,2,1,29,6,649,1,1,-1,1,-1
201501GD10013,1,3,0,14,0,8,0,0,0,0,1,1,6,1,22,5,125,1,1,-1,1,-1
201501GD10015,1,8,0,4,0,1,0,0,0,0,1,1,6,1,33,6,1956,2,4,-1,1,-1
201501GD10016,1,8,0,11,0,1,0,0,0,0,4,1,1,1,30,6,1910,2,5,-1,1,-1
201501GD10016,2,1,0,18,0,1,0,0,0,0,3,1,6,1,35,6,-1,-1,-1,-1,1,-1
201501GD10017,1,11,0,5,0,2,0,0,0,0,0,1,1,1,47,8,6692,2,5,-1,1,-1
201501GD10019,1,11,0,9,0,2,0,0,0,0,0,1,1,1,45,7,4500,2,4,-1,-1,-1
201501GD10020,1,8,0,18,0,0,0,0,0,0,3,1,1,1,45,7,1560,2,5,-1,1,-1
201501GD10020,2,9,0,13,0,0,0,0,0,0,4,1,6,3,-1,-1,-1,-1,-1,-1,-1,-1
201501GD10021,1,21,0,18,0,0,0,5,0,0,1,1,1,1,33,6,10837,2,3,-1,1,-1
201501GD10022,1,9,0,5,0,8,0,0,0,0,1,1,6,2,40,7,1590,1,14,-1,1,-1
201501GD10022,2,9,0,9,0,8,0,0,0,0,4,1,6,1,24,5,1799,1,7,-1,1,-1
201501GD10023,1,9,0,7,0,8,0,0,0,0,1,1,1,1,51,8,1896,2,11,-1,1,-1
201501GD10023,2,1,0,18,0,8,0,0,0,0,4,1,6,1,34,6,-1,-1,-1,-1,1,-1
201501GD10024,1,9,0,9,0,2,0,0,0,0,1,1,6,2,44,7,1796,1,10,-1,1,-1
201501GD10025,1,9,0,3,0,1,0,0,0,0,3,1,1,1,25,5,-1,-1,-1,-1,-1,-1
201501GD10025,2,1,0,14,0,1,0,8,0,0,1,1,6,2,23,5,-1,-1,-1,-1,1,-1
201501GD10028,1,9,0,18,0,8,0,0,0,0,1,1,2,2,54,8,2362,1,9,-1,1,-1
201501GD10028,2,1,0,18,0,8,0,0,0,0,4,1,2,1,26,6,-1,-1,-1,-1,1,-1
201501GD10029,1,3,0,15,0,8,0,0,0,0,1,1,6,3,-1,-1,125,1,8,-1,-1,-1
201501GD10031,1,11,0,5,2,0,0,0,0,0,0,1,1,1,35,6,6692,2,2,-1,1,-1
201501GD10034,1,2,0,18,0,8,1,0,0,0,1,1,2,1,44,7,278,1,3,-1,1,-1
201501GD10034,2,9,0,9,0,8,0,0,0,0,0,1,6,3,-1,-1,-1,-1,-1,-1,-1,-1
201501GD10035,1,5,0,13,0,1,0,0,0,0,4,1,6,1,41,7,670,1,2,-1,1,-1
201501GD10035,2,8,0,9,0,1,0,0,0,0,3,1,6,1,-1,-1,1598,1,2,-1,1,-1
201501GD10036,1,2,0,18,0,0,0,0,0,0,1,1,1,1,21,5,49,1,6,-1,1,-1
201501GD10036,2,19,0,9,0,0,0,0,0,0,4,1,1,2,37,7,2494,2,9,-1,1,-1
201501GD10037,1,11,0,18,0,1,0,0,0,0,0,1,1,1,63,9,6692,2,6,-1,-1,-1
201501GD10041,1,9,0,13,0,0,0,0,0,0,4,1,6,3,-1,-1,-1,-1,-1,-1,-1,-1
201501GD10041,2,1,0,18,0,0,0,0,0,0,3,1,6,2,28,6,-1,-1,-1,-1,1,-1
201501GD10042,1,1,0,9,0,2,0,0,0,0,1,1,6,1,35,6,-1,-1,-1,-1,1,-1
201501GD10042,2,9,0,1,0,1,0,0,0,0,2,1,6,2,-1,-1,1998,1,11,-1,-1,-1
201501GD10043,1,3,0,18,0,8,0,0,0,0,1,1,6,1,34,6,124,1,7,-1,1,-1
201501GD10044,1,9,0,14,0,8,0,0,0,0,1,1,6,1,49,8,1997,2,7,-1,1,-1
201501GD10044,2,9,0,7,0,8,0,0,0,0,3,1,1,1,34,6,-1,-1,-1,-1,-1,-1
201501GD10045,1,3,0,18,2,2,1,0,0,0,1,1,2,1,41,7,124,1,7,-1,1,-1
201501GD10046,1,9,0,18,0,1,0,0,0,0,3,1,1,1,28,6,-1,-1,-1,-1,1,-1
201501GD10047,1,9,0,16,0,0,0,0,2,7,1,1,6,1,24,5,1388,1,7,-1,1,-1
201501GD10048,1,9,0,18,0,1,0,0,0,0,1,1,6,1,34,6,1598,1,9,-1,1,-1
201501GD10049,1,9,0,18,0,8,0,4,3,10,1,1,3,1,72,10,1995,2,1,-1,1,-1
201501GD10049,2,9,0,2,0,8,0,0,0,0,4,1,6,3,-1,-1,1461,2,10,-1,-1,-1
201501GD10049,3,9,0,2,0,8,0,0,0,0,1,1,6,2,57,9,-1,-1,-1,-1,1,-1
201501GD10050,1,9,0,18,0,1,0,0,0,0,1,1,6,1,32,6,1997,1,2,-1,-1,-1
201501GD10052,1,9,0,18,0,8,0,0,0,0,4,1,6,2,48,8,-1,-1,-1,-1,1,-1
201501GD10052,2,1,0,7,0,8,0,0,0,0,1,1,6,1,21,5,-1,-1,-1,-1,1,-1
201501GD10053,1,1,0,18,0,8,0,0,0,0,1,1,6,1,39,7,-1,-1,-1,-1,1,-1
201501GD10053,2,9,0,9,0,8,0,0,0,0,4,1,6,1,-1,-1,1598,1,9,-1,-1,-1
201501GD10054,1,3,0,13,0,0,0,0,0,0,3,1,6,1,29,6,-1,-1,-1,-1,1,-1
201501GD10054,2,19,0,11,0,0,0,0,0,0,0,1,6,3,-1,-1,2143,2,1,-1,-1,-1
201501GD10055,1,9,0,9,0,8,0,0,0,0,4,1,6,1,67,10,1596,1,3,-1,1,-1
201501GD10055,2,2,0,18,0,8,0,0,0,0,1,1,6,1,19,4,124,1,12,-1,1,-1
201501GD10056,1,3,0,14,0,1,0,0,0,0,1,1,6,3,-1,-1,124,1,5,-1,-1,-1
201501GD10058,1,9,0,5,0,1,0,0,0,0,3,1,2,1,26,6,1968,2,5,-1,1,-1
201501GD10058,2,21,0,5,0,1,0,0,0,0,4,1,1,1,42,7,12777,2,1,-1,1,-1
201501GD10059,1,9,0,7,0,2,0,0,0,0,1,1,1,1,44,7,1798,1,3,-1,1,-1
201501GD10060,1,9,0,7,0,8,0,0,0,0,1,1,1,1,32,6,-1,-1,-1,-1,1,-1
201501GD10060,2,1,0,18,2,8,0,0,0,0,4,1,6,1,29,6,-1,-1,-1,-1,1,-1
201501GD10061,1,1,0,18,0,8,0,0,0,0,1,1,6,1,31,6,-1,-1,-1,-1,1,-1