Accident_Index,Vehicle_Reference,Vehicle_Type,Towing_and_Articulation,Vehicle_Manoeuvre,Vehicle_Location-Restricted_Lane,Junction_Location,Skidding_and_Overturning,Hit_Object_in_Carriageway,Vehicle_Leaving_Carriageway,Hit_Object_off_Carriageway,1st_Point_of_Impact,Was_Vehicle_Left_Hand_Drive?,Journey_Purpose_of_Driver,Sex_of_Driver,Age_of_Driver,Age_Band_of_Driver,Engine_Capacity_(CC),Propulsion_Code,Age_of_Vehicle,Driver_IMD_Decile,Driver_Home_Area_Type,Vehicle_IMD_Decile
201501GD10244,2,3,0,13,0,2,0,0,0,0,2,1,2,1,-1,-1,125,1,7,-1,1,-1
201501GD10246,1,5,0,18,0,2,1,0,0,0,1,1,6,1,28,6,750,1,10,-1,1,-1
201501GD10246,2,11,0,13,2,2,0,0,0,0,2,1,1,1,17,4,4500,2,4,-1,1,-1
201501GD10246,3,9,0,6,0,1,0,0,0,0,0,1,6,1,36,7,1995,2,2,-1,1,-1
201501GD10247,1,9,0,18,0,1,0,0,0,0,1,1,1,1,-1,-1,-1,-1,-1,-1,-1,-1
201501GD10248,1,4,0,18,0,8,0,0,0,0,1,1,2,1,27,6,198,1,10,-1,1,-1
201501GD10248,2,9,0,9,0,8,0,0,0,0,1,1,6,1,40,7,2143,12,1,-1,1,-1
201501GD10249,1,3,0,3,0,0,0,0,0,0,1,1,6,1,53,8,124,1,15,-1,1,-1
201501GD10249,2,19,0,1,0,0,0,0,0,0,2,1,6,1,-1,-1,2143,2,1,-1,-1,-1
201501GD10251,1,9,0,18,0,1,0,0,0,0,1,1,6,1,55,8,1124,1,10,-1,1,-1
201501GD10252,1,9,0,13,0,1,0,0,0,0,4,1,6,2,58,9,1598,1,9,-1,-1,-1
201501GD10252,2,1,0,18,0,1,0,0,0,0,3,1,1,1,25,5,-1,-1,-1,-1,1,-1
201501GD10253,1,9,0,4,0,1,0,0,0,0,2,1,2,1,29,6,1582,2,-1,-1,1,-1
201501GD10253,2,9,0,18,0,1,0,0,0,0,1,1,6,1,-1,-1,1968,2,1,-1,-1,-1
201501GD10254,1,9,0,18,0,1,0,0,0,0,3,1,6,1,25,5,1560,2,1,-1,1,-1
201501GD10254,2,9,0,11,0,1,0,0,0,0,4,1,6,3,-1,-1,-1,-1,-1,-1,-1,-1
201501GD10256,1,11,0,9,0,8,0,0,0,0,3,1,1,1,31,6,4500,2,8,-1,1,-1
201501GD10256,2,2,0,14,0,8,0,0,0,0,1,1,1,1,28,6,114,1,1,-1,1,-1
201501GD10257,1,9,0,18,0,0,0,0,0,0,3,1,6,2,40,7,1595,1,14,-1,1,-1
201501GD10257,2,9,0,11,0,0,0,0,0,0,4,1,6,3,-1,-1,1390,1,10,-1,-1,-1
201501GD10258,1,11,0,5,2,1,0,0,0,0,0,1,2,1,58,9,6692,2,6,-1,1,-1
201501GD10259,1,9,0,13,0,1,0,0,0,0,4,1,6,2,33,6,1796,1,7,-1,1,-1
201501GD10259,2,1,0,18,0,1,0,0,0,0,3,1,6,1,22,5,-1,-1,-1,-1,1,-1
201501GD10260,1,9,0,2,0,1,0,0,0,0,3,1,1,1,34,6,1329,1,3,-1,1,-1
201501GD10260,2,1,0,18,0,1,0,8,0,0,1,1,2,1,3,1,-1,-1,-1,-1,-1,-1
201501GD10261,1,19,0,18,0,1,0,0,0,0,1,1,1,1,40,7,1995,2,2,-1,-1,-1
201501GD10264,1,5,0,18,0,8,0,0,0,0,1,1,6,1,26,6,471,1,2,-1,1,-1
201501GD10264,2,9,0,9,0,8,0,0,0,0,1,1,6,1,42,7,-1,-1,-1,-1,1,-1
201501GD10265,1,9,0,9,0,8,0,0,0,0,1,1,6,1,26,6,1124,1,12,-1,1,-1
201501GD10265,2,9,0,7,0,8,0,0,0,0,3,1,6,1,20,4,1587,1,9,-1,1,-1
201501GD10266,1,9,0,2,0,0,0,0,0,0,3,1,6,1,29,6,2987,2,4,-1,1,-1
201501GD10266,2,1,0,18,0,0,0,8,0,0,1,1,6,1,36,7,-1,-1,-1,-1,-1,-1
201501GD10268,1,9,0,1,0,0,0,0,0,0,2,1,6,2,-1,-1,-1,-1,-1,-1,-1,-1
201501GD10269,1,3,0,16,0,2,0,0,0,0,1,1,6,3,-1,-1,124,1,5,-1,-1,-1
201501GD10270,1,3,0,13,0,8,0,0,0,0,1,1,6,1,22,5,-1,-1,-1,-1,-1,-1
201501GD10270,2,9,0,9,0,8,0,0,0,0,3,1,6,2,30,6,1798,1,7,-1,1,-1
201501GD10271,1,19,0,3,0,8,0,0,0,0,2,1,1,1,28,6,1753,2,8,-1,-1,-1
201501GD10271,2,9,0,4,0,8,0,0,0,0,1,1,6,1,32,6,2967,2,1,-1,-1,-1
201501GD10272,1,1,0,18,0,8,0,0,0,0,3,1,1,2,26,6,-1,-1,-1,-1,-1,-1
201501GD10272,2,9,0,18,0,8,0,0,0,0,1,1,6,3,-1,-1,1797,8,6,-1,-1,-1
201501GD10273,1,9,0,2,0,1,0,0,0,0,3,1,2,1,58,9,-1,-1,-1,-1,-1,-1
201501GD10273,2,9,0,14,0,1,0,4,0,0,1,1,6,3,-1,-1,2000,1,11,-1,-1,-1
201501GD10275,1,5,0,18,0,1,0,0,0,0,1,1,6,1,51,8,998,1,8,-1,1,-1
201501GD10275,2,19,0,6,0,2,0,0,0,0,3,1,6,2,41,7,2151,2,13,-1,-1,-1
201501GD10276,1,9,0,18,0,8,0,0,0,0,3,1,6,2,50,8,998,1,5,-1,1,-1
201501GD10276,2,9,0,9,0,8,0,0,0,0,4,1,6,1,-1,-1,1995,2,6,-1,-1,-1
201501GD10277,1,20,0,18,0,1,0,0,0,0,3,1,1,1,34,6,9200,2,8,-1,1,-1
201501GD10278,1,9,0,12,0,8,0,0,0,0,3,1,6,2,48,8,-1,-1,-1,-1,1,-1
201501GD10278,2,5,0,18,0,8,0,10,7,10,4,1,6,1,33,6,599,1,6,-1,1,-1
201501GD10279,1,9,0,1,0,2,0,0,0,0,2,1,6,3,-1,-1,-1,-1,-1,-1,-1,-1
201501GD10280,1,9,0,4,0,2,0,0,0,0,1,1,6,2,36,7,1598,1,9,-1,1,-1
201501GD10280,2,9,0,4,0,2,0,0,0,0,2,1,6,2,31,6,1599,1,7,-1,-1,-1
201501GD10281,1,1,0,18,0,8,0,0,0,0,1,1,6,1,29,6,-1,-1,-1,-1,-1,-1
201501GD10281,2,1,0,18,0,8,0,0,0,0,1,1,6,1,34,6,-1,-1,-1,-1,-1,-1
201501GD10282,1,1,0,4,0,8,0,0,0,0,0,1,6,2,26,6,-1,-1,-1,-1,1,-1
201501GD10282,2,9,0,7,0,8,0,0,0,0,0,1,6,3,-1,-1,-1,-1,-1,-1,-1,-1
201501GD10283,1,9,0,18,0,2,0,0,0,0,4,1,6,1,49,8,1587,1,11,-1,1,-1
201501GD10283,2,9,0,15,2,2,0,0,0,0,3,1,6,3,-1,-1,-1,-1,-1,-1,-1,-1
201501GD10284,1,9,0,18,0,1,0,0,0,0,1,1,6,2,55,8,1998,1,16,-1,1,-1
201501GD10285,1,9,0,18,0,1,0,0,0,0,4,1,6,1,37,7,-1,-1,-1,-1,-1,-1
201501GD10285,2,9,0,6,2,2,0,0,0,0,3,1,6,3,-1,-1,-1,-1,-1,-1,-1,-1
201501GD10286,1,5,0,13,0,1,0,0,0,0,4,1,1,1,40,7,471,1,1,-1,1,-1
201501GD10286,2,1,0,18,0,1,0,0,0,0,3,1,6,2,32,6,-1,-1,-1,-1,1,-1
201501GD10288,1,9,0,5,0,0,0,0,0,0,4,1,3,1,51,8,-1,-1,-1,-1,1,-1
201501GD10289,1,9,0,18,0,0,0,0,0,0,0,1,6,2,35,6,1598,1,20,-1,1,-1
201501GD10289,2,3,0,13,0,0,0,0,0,0,1,1,6,1,37,7,124,1,10,-1,-1,-1
201501GD10289,3,9,0,2,0,0,0,0,0,0,2,1,6,3,-1,-1,1108,1,9,-1,-1,-1
201501GD10291,1,9,0,18,0,1,0,0,0,0,1,1,6,1,42,7,2967,2,9,-1,1,-1
201501GD10292,1,9,0,5,0,8,0,0,0,0,3,1,6,2,32,6,1796,1,12,-1,1,-1
201501GD10292,2,3,0,18,0,8,0,0,0,0,1,1,6,1,32,6,125,1,9,-1,1,-1
201501GD10293,1,1,0,18,9,1,0,0,0,0,1,1,6,3,-1,-1,-1,-1,-1,-1,-1,-1
201501GD10294,1,9,0,18,0,1,0,0,0,0,1,1,6,1,30,6,1686,2,10,-1,1,-1
201501GD10294,2,4,0,18,0,2,0,0,0,0,1,1,6,1,50,8,124,1,15,-1,1,-1
201501GD10295,1,1,0,18,0,1,0,0,0,0,3,1,6,1,14,3,-1,-1,-1,-1,1,-1
201501GD10295,2,9,0,13,0,1,0,0,0,0,4,1,1,1,-1,-1,-1,-1,-1,-1,-1,-1
201501GD10297,1,1,0,18,0,1,0,0,0,0,1,1,6,1,14,3,-1,-1,-1,-1,1,-1
201501GD10298,1,9,0,14,0,1,0,0,0,0,1,1,6,1,29,6,1598,1,9,-1,1,-1
201501GD10298,2,1,0,14,0,2,0,0,0,0,1,1,6,1,16,4,-1,-1,-1,-1,1,-1
201501GD10299,1,4,0,4,0,8,0,0,0,0,1,1,6,2,31,6,-1,-1,-1,-1,1,-1
201501GD10299,2,9,0,4,0,8,0,0,0,0,2,1,6,2,59,9,998,1,12,-1,1,-1
201501GD10300,1,3,0,18,0,1,0,0,0,0,2,1,6,1,37,7,108,1,6,-1,1,-1
201501GD10300,2,9,0,13,0,1,0,0,0,0,1,1,6,3,-1,-1,-1,-1,-1,-1,-1,-1
201501GD10301,1,20,0,13,0,1,0,0,0,0,1,1,1,1,55,8,9290,2,4,-1,1,-1
201501GD10301,2,1,0,18,0,1,0,0,0,0,2,1,6,2,30,6,-1,-1,-1,-1,1,-1
201501GD10302,1,9,0,9,0,8,0,0,0,0,1,1,6,1,29,6,1995,2,7,-1,1,-1
201501GD10302,2,9,0,9,0,8,0,0,0,0,3,1,6,1,28,6,1995,2,11,-1,1,-1
201501GD10303,1,9,0,9,0,8,0,0,0,0,4,1,6,2,46,8,1598,1,12,-1,-1,-1
201501GD10303,2,1,0,18,0,8,0,0,0,0,1,1,6,1,51,8,-1,-1,-1,-1,1,-1
201501GD10304,1,9,0,13,0,8,0,0,0,0,1,1,6,1,38,7,-1,-1,-1,-1,1,-1
201501GD10304,2,9,0,9,0,8,0,0,0,0,3,1,6,1,40,7,1124,1,17,-1,1,-1
201501GD10307,1,9,0,7,0,0,0,0,0,0,3,1,6,1,19,4,1600,1,11,-1,1,-1
201501GD10307,2,3,0,18,0,0,0,0,0,0,1,1,1,1,20,4,-1,-1,-1,-1,1,-1
201501GD10308,1,9,0,9,0,8,0,0,0,0,4,1,6,2,39,7,1686,2,10,-1,1,-1
201501GD10308,2,5,0,18,0,8,0,0,0,0,1,1,6,1,37,7,649,1,1,-1,1,-1
201501GD10309,1,9,0,18,0,2,0,0,0,0,1,1,6,3,-1,-1,-1,-1,-1,-1,-1,-1
201501GD10311,1,90,0,18,0,1,0,0,0,0,1,1,1,1,-1,-1,-1,-1,-1,-1,-1,-1
201501GD10312,1,8,0,7,0,8,0,0,0,0,4,1,1,1,66,10,1997,2,3,-1,1,-1
201501GD10312,2,3,0,15,0,8,0,0,0,0,1,1,6,1,29,6,124,1,12,-1,1,-1
201501GD10313,1,9,0,18,0,8,0,0,0,0,1,1,6,1,33,6,2993,2,1,-1,1,-1
201501GD10313,2,9,0,7,0,8,0,0,0,0,3,1,6,2,54,8,1149,1,3,-1,1,-1
201501GD10315,1,9,0,18,0,2,0,0,0,0,3,1,6,1,28,6,1242,1,9,-1,1,-1
201501GD10315,2,8,0,11,0,2,0,0,0,0,4,1,6,1,-1,-1,1998,2,3,-1,-1,-1
201501GD10316,1,11,0,18,0,1,0,0,0,0,4,1,1,1,43,7,6700,2,4,-1,1,-1
201501GD10317,1,9,0,5,0,1,0,0,0,0,1,1,6,3,-1,-1,1598,1,3,-1,-1,-1
201501GD10318,1,9,0,7,0,8,0,0,0,0,2,1,1,1,-1,-1,2231,2,3,-1,-1,-1
201501GD10318,2,4,0,18,0,8,0,0,0,0,1,1,6,2,26,6,125,1,2,-1,-1,-1
201501GD10319,1,8,0,18,0,8,0,0,0,0,3,1,6,1,51,8,1896,2,8,-1,1,-1
201501GD10319,2,9,0,18,0,8,0,0,0,0,1,1,6,3,-1,-1,-1,-1,-1,-1,-1,-1
201501GD10320,1,3,0,14,0,8,1,0,0,0,1,1,2,1,21,5,125,1,8,-1,1,-1
201501GD10320,2,9,0,9,0,8,0,0,0,0,3,1,6,1,58,9,1383,1,11,-1,1,-1
201501GD10321,1,11,0,18,0,1,0,0,0,0,1,1,1,1,39,7,4500,2,4,-1,1,-1
201501GD10322,1,1,0,18,0,1,0,0,0,0,3,1,6,1,14,3,-1,-1,-1,-1,1,-1
201501GD10322,2,9,0,18,0,1,0,0,0,0,1,1,6,3,-1,-1,-1,-1,-1,-1,-1,-1
201501GD10323,1,9,0,7,0,8,0,0,0,0,4,1,1,1,45,7,1797,8,4,-1,1,-1
201501GD10323,2,1,0,18,0,8,0,0,0,0,1,1,6,1,47,8,-1,-1,-1,-1,-1,-1
201501GD10324,1,9,0,18,0,2,0,4,0,0,1,1,6,1,-1,-1,1389,1,11,-1,1,-1
201501GD10324,2,9,0,2,0,2,0,0,0,0,3,1,6,1,46,8,2378,1,8,-1,1,-1
201501GD10325,1,9,0,4,0,1,0,0,0,0,2,1,1,1,35,6,1598,2,-1,-1,1,-1
201501GD10325,2,9,0,4,0,1,0,0,0,0,1,1,6,2,40,7,1248,2,1,-1,1,-1
201501GD10326,1,9,0,18,0,2,0,0,0,0,1,1,6,3,-1,-1,-1,-1,-1,-1,-1,-1
201501GD10327,1,8,0,5,0,2,0,0,0,0,1,1,1,1,-1,-1,1797,8,4,-1,-1,-1
201501GD10328,1,9,0,18,0,8,0,0,0,0,4,1,1,1,53,8,1968,2,1,-1,1,-1
201501GD10328,2,9,0,18,0,8,0,0,0,0,1,1,6,1,21,5,1461,2,-1,-1,1,-1
201501GD10329,1,2,0,18,0,2,0,4,0,0,3,1,6,1,24,5,49,1,11,-1,1,-1
201501GD10329,2,9,0,2,0,2,0,0,0,0,1,1,6,2,47,8,1896,2,9,-1,1,-1
201501GD10331,1,1,0,18,0,8,0,0,0,0,1,1,6,2,30,6,-1,-1,-1,-1,1,-1
201501GD10331,2,19,0,9,0,8,0,0,0,0,4,1,6,1,-1,-1,1998,2,9,-1,1,-1
201501GD10332,1,1,0,18,0,8,0,0,0,0,3,1,2,2,28,6,-1,-1,-1,-1,1,-1
201501GD10332,2,9,0,7,0,8,0,0,0,0,4,1,2,2,51,8,-1,-1,-1,-1,1,-1
201501GD10334,1,1,0,9,0,8,0,0,0,0,4,1,6,2,42,7,-1,-1,-1,-1,1,-1
201501GD10334,2,2,0,9,0,8,0,0,0,0,3,1,6,1,21,5,125,1,-1,-1,1,-1
201501GD10335,1,9,0,9,0,8,0,0,0,0,1,1,6,3,-1,-1,1685,2,1,-1,-1,-1
201501GD10335,2,1,5,18,0,8,0,0,0,0,4,1,6,1,29,6,-1,-1,-1,-1,1,-1
201501GD10336,1,8,0,9,0,8,0,0,0,0,3,1,1,1,26,6,1461,2,4,-1,1,-1
201501GD10336,2,5,0,18,0,8,0,0,0,0,1,1,6,1,30,6,599,1,17,-1,-1,-1
201501GD10337,1,9,0,18,0,1,0,0,0,0,1,1,1,1,33,6,-1,-1,-1,-1,1,-1
201501GD10338,1,9,0,7,0,8,0,0,0,0,4,1,6,1,58,9,1796,1,12,-1,1,-1
201501GD10338,2,1,0,18,0,8,0,0,0,0,1,1,6,1,37,7,-1,-1,-1,-1,1,-1
201501GD10340,1,9,0,13,0,2,0,0,0,0,1,1,6,1,22,5,-1,-1,-1,-1,-1,-1
201501GD10340,2,3,0,18,0,2,0,0,0,0,2,1,6,1,20,4,-1,-1,-1,-1,1,-1
201501GD10342,1,8,0,4,0,1,0,0,0,0,1,1,1,1,36,7,1797,8,6,-1,1,-1
201501GD10343,1,9,0,8,0,0,0,0,0,0,3,1,6,1,50,8,2171,1,13,-1,1,-1
201501GD10343,2,1,0,18,0,0,0,10,1,0,1,1,6,1,25,5,-1,-1,-1,-1,1,-1
201501GD10345,1,9,0,18,0,1,0,0,0,0,1,1,6,1,36,7,1796,1,12,-1,1,-1
201501GD10345,2,1,0,11,0,1,0,0,0,0,2,1,1,2,31,6,-1,-1,-1,-1,1,-1
201501GD10346,1,8,0,18,0,8,0,0,0,0,4,1,2,1,55,8,1995,2,1,-1,-1,-1
201501GD10346,2,9,0,18,0,8,0,0,0,0,1,1,1,1,37,7,2148,2,8,-1,1,-1
201501GD10347,1,3,0,13,0,1,0,0,0,0,1,1,1,1,24,5,108,1,2,-1,1,-1
201501GD10347,2,9,0,9,0,1,0,0,0,0,3,1,6,2,23,5,-1,-1,-1,-1,1,-1
201501GD10348,1,11,0,18,0,8,0,0,0,0,4,1,1,1,43,7,9000,2,6,-1,1,-1
201501GD10348,2,1,0,18,0,8,0,0,0,0,1,1,6,1,30,6,-1,-1,-1,-1,1,-1
201501GD10349,1,9,0,18,0,2,0,0,0,0,1,1,6,1,35,6,3498,1,10,-1,1,-1
201501GD10350,1,9,0,14,0,1,0,0,0,0,1,1,1,1,29,6,-1,-1,-1,-1,1,-1
201501GD10350,2,9,0,18,0,2,0,7,7,10,1,1,1,1,32,6,-1,-1,-1,-1,-1,-1
201501GD10350,3,19,0,3,0,1,0,0,0,0,3,1,1,1,24,5,1560,2,8,-1,1,-1
201501GD10353,1,11,0,5,0,2,0,0,0,0,0,1,1,1,36,7,7300,2,12,-1,1,-1
201501GD10354,1,9,0,9,0,8,0,0,0,0,4,1,6,3,-1,-1,-1,-1,-1,-1,-1,-1
201501GD10354,2,1,0,15,0,8,0,0,0,0,1,1,6,1,50,8,-1,-1,-1,-1,1,-1
201501GD10355,1,1,0,18,0,8,0,0,0,0,4,1,6,1,-1,-1,-1,-1,-1,-1,-1,-1
201501GD10355,2,9,0,7,0,8,0,0,0,0,3,1,6,1,29,6,1900,2,10,-1,1,-1
201501GD10356,1,9,0,18,0,1,0,0,0,0,1,1,6,1,24,5,1390,1,4,-1,1,-1
201501GD10356,2,9,0,18,0,1,0,0,0,0,2,1,6,1,23,5,1595,1,-1,-1,1,-1
201501GD10357,1,9,0,18,0,1,0,0,0,0,4,1,6,1,73,10,1598,1,8,-1,1,-1
201501GD10357,2,9,0,18,0,1,0,0,0,0,3,1,6,1,48,8,2687,1,9,-1,1,-1
201501GD10358,1,9,0,15,0,1,0,0,0,0,1,1,6,1,23,5,1598,1,9,-1,1,-1
201501GD10359,1,8,0,13,0,1,0,0,0,0,4,1,1,1,58,9,2664,2,15,-1,1,-1
201501GD10359,2,1,0,18,0,1,0,0,0,0,3,1,6,2,21,5,-1,-1,-1,-1,1,-1
201501GD10360,1,1,0,18,0,1,0,0,0,0,3,1,6,1,30,6,-1,-1,-1,-1,1,-1
201501GD10360,2,9,0,13,0,1,0,0,0,0,4,1,6,3,-1,-1,-1,-1,-1,-1,-1,-1
201501GD10361,1,1,0,18,0,8,0,0,0,0,1,1,6,1,19,4,-1,-1,-1,-1,1,-1
201501GD10361,2,9,0,7,0,8,0,0,0,0,4,1,6,3,-1,-1,1598,1,11,-1,-1,-1
201501GD10362,1,9,0,5,0,8,0,0,0,0,1,1,6,1,24,5,1596,1,9,-1,1,-1
201501GD10363,1,9,0,3,0,1,0,0,0,0,2,1,6,2,29,6,1299,1,10,-1,1,-1
201501GD10363,2,9,0,5,0,1,0,0,0,0,1,1,6,1,-1,-1,-1,-1,-1,-1,-1,-1
201501GD10364,1,9,0,18,0,1,0,0,0,0,4,1,6,1,-1,-1,1499,1,1,-1,-1,-1
201501GD10366,1,9,0,3,0,1,0,0,0,0,2,1,6,1,34,6,-1,-1,-1,-1,-1,-1
201501GD10366,2,19,0,18,0,1,0,0,0,0,1,1,6,1,-1,-1,-1,-1,-1,-1,-1,-1
201501GD10367,1,9,0,18,0,1,0,0,0,0,1,1,1,1,56,9,1598,2,-1,-1,1,-1
201501GD10371,1,1,0,18,0,0,0,8,0,0,1,1,6,1,65,9,-1,-1,-1,-1,1,-1
201501GD10371,2,21,0,2,0,0,0,0,0,0,3,1,1,1,28,6,4249,2,2,-1,1,-1
201501GD10372,1,1,0,18,0,1,0,0,0,0,1,1,6,1,29,6,-1,-1,-1,-1,1,-1
201501GD10373,1,1,0,18,0,8,0,0,0,0,3,1,6,1,42,7,-1,-1,-1,-1,1,-1
201501GD10373,2,9,0,18,0,8,0,0,0,0,0,1,6,3,-1,-1,-1,-1,-1,-1,-1,-1
201501GD10374,1,3,0,18,0,2,0,0,0,0,1,1,6,3,-1,-1,-1,-1,-1,-1,-1,-1
201501GD10376,1,9,0,9,0,8,0,0,0,0,3,1,6,1,18,4,-1,-1,-1,-1,1,-1
201501GD10376,2,2,0,14,0,8,0,0,0,0,4,1,2,1,55,8,124,1,16,-1,1,-1
201501GD10377,1,9,0,3,0,1,0,0,0,0,2,1,6,2,62,9,1299,1,12,-1,1,-1
201501GD10377,2,9,0,3,0,1,0,0,0,0,2,1,6,2,39,7,1388,1,9,-1,1,-1
201501GD10377,3,9,0,18,0,1,0,0,0,0,1,1,6,3,-1,-1,-1,-1,-1,-1,-1,-1
201501GD10378,1,1,0,18,0,0,0,0,0,0,3,1,6,2,29,6,-1,-1,-1,-1,1,-1
201501GD10378,2,9,0,9,0,0,0,0,0,0,1,1,6,1,-1,-1,1199,1,14,-1,1,-1
201501GD10379,1,11,0,18,0,2,0,0,0,0,0,1,1,1,54,8,-1,-1,-1,-1,1,-1
201501GD10380,1,1,0,18,4,8,0,0,0,0,3,1,2,1,27,6,-1,-1,-1,-1,1,-1
201501GD10380,2,9,0,7,0,8,0,0,0,0,4,1,6,3,-1,-1,1753,2,8,-1,-1,-1
201501GD10381,1,19,0,9,0,8,0,0,0,0,0,1,1,1,38,7,-1,-1,-1,-1,1,-1
201501GD10381,2,3,0,18,0,1,0,0,0,0,3,1,1,2,27,6,125,1,-1,-1,1,-1
201501GD10382,1,3,0,3,0,1,0,0,0,0,2,1,2,1,30,6,109,1,2,-1,1,-1
201501GD10382,2,3,0,3,0,1,0,0,0,0,2,1,2,1,34,6,125,1,9,-1,1,-1
201501GD10382,3,9,0,18,0,1,0,0,0,0,1,1,6,3,-1,-1,-1,-1,-1,-1,-1,-1
201501GD10383,1,9,0,9,0,8,0,0,0,0,3,1,6,1,27,6,998,1,5,-1,1,-1
201501GD10383,2,4,0,14,0,8,0,0,0,0,1,1,2,1,32,6,124,1,7,-1,1,-1
201501GD10385,1,1,0,9,0,8,0,0,0,0,4,1,6,1,29,6,-1,-1,-1,-1,1,-1
201501GD10385,2,9,0,5,0,8,0,0,0,0,1,1,6,3,-1,-1,-1,-1,-1,-1,-1,-1
201501GD10387,1,8,0,4,0,1,0,0,0,0,1,1,6,1,48,8,998,1,4,-1,1,-1
201501GD10388,1,1,0,18,0,2,0,0,0,0,2,1,6,1,19,4,-1,-1,-1,-1,1,-1
201501GD10388,2,9,0,18,0,2,0,0,0,0,1,1,6,3,-1,-1,-1,-1,-1,-1,-1,-1
201501GD10389,1,19,0,7,0,2,0,0,0,0,3,1,6,3,-1,-1,-1,-1,-1,-1,-1,-1
201501GD10390,1,9,0,12,0,0,0,0,0,0,3,1,6,1,38,7,1984,2,2,-1,1,-1
201501GD10390,2,9,0,18,0,0,0,0,0,0,4,1,6,3,-1,-1,-1,-1,-1,-1,-1,-1
201501GD10391,1,9,0,9,0,8,0,0,0,0,4,1,6,1,26,6,1968,2,4,-1,1,-1
201501GD10391,2,3,0,18,0,8,0,0,0,0,1,1,6,1,24,5,125,1,10,-1,1,-1
201501GD10392,1,9,0,18,0,0,5,4,0,0,1,1,6,2,45,7,1968,2,1,-1,1,-1
201501GD10393,1,9,0,18,0,8,0,0,0,0,3,1,6,2,29,6,1388,1,4,-1,-1,-1
201501GD10393,2,1,0,18,5,8,0,0,0,0,1,1,6,2,29,6,-1,-1,-1,-1,-1,-1
201501GD10394,1,1,0,18,0,8,0,0,0,0,1,1,6,2,25,5,-1,-1,-1,-1,1,-1
201501GD10394,2,9,0,9,0,8,0,0,0,0,3,1,6,3,-1,-1,-1,-1,-1,-1,-1,-1
201501GD10395,1,19,0,18,0,0,0,0,0,0,4,1,1,1,53,8,-1,-1,-1,-1,1,-1
201501GD10396,1,20,0,2,0,1,0,0,0,0,4,1,1,1,49,8,6870,2,4,-1,1,-1
201501GD10396,2,1,0,18,0,1,0,8,0,0,1,1,6,2,28,6,-1,-1,-1,-1,1,-1
201501GD10397,1,9,0,9,0,8,0,0,0,0,1,1,6,1,65,9,1781,1,14,-1,1,-1
201501GD10397,2,1,0,15,0,8,0,0,0,0,3,1,6,1,30,6,-1,-1,-1,-1,1,-1
201501GD10398,1,9,0,18,0,2,0,10,1,2,1,1,6,3,-1,-1,999,1,8,-1,-1,-1
201501GD10398,2,9,0,18,0,2,0,0,0,0,2,1,6,1,42,7,1248,2,3,-1,1,-1
201501GD10398,3,1,0,18,0,2,0,0,0,0,2,1,2,1,26,6,-1,-1,-1,-1,1,-1
201501GD10400,1,19,0,9,0,8,0,0,0,0,4,1,1,1,32,6,1598,2,3,-1,1,-1
201501GD10400,2,1,0,15,0,8,0,0,0,0,1,1,6,1,46,8,-1,-1,-1,-1,1,-1
201501GD10401,1,9,0,11,0,1,1,0,0,0,1,1,6,1,28,6,-1,-1,-1,-1,1,-1
201501GD10401,2,1,0,18,0,1,0,0,0,0,2,1,6,1,45,7,-1,-1,-1,-1,-1,-1
201501GD10402,1,9,0,7,0,8,0,0,0,0,3,1,6,1,28,6,1299,1,15,-1,1,-1
201501GD10402,2,8,0,18,0,8,0,4,0,0,4,1,1,1,47,8,1910,2,9,-1,1,-1
201501GD10402,3,9,0,2,0,2,0,0,0,0,4,1,6,2,65,9,1596,1,9,-1,1,-1
201501GD10403,1,9,0,18,0,0,0,0,0,0,3,1,6,1,31,6,1910,2,8,-1,1,-1
201501GD10403,2,2,0,13,0,0,0,0,0,0,4,1,2,1,30,6,124,1,4,-1,1,-1
201501GD10404,1,11,0,5,2,1,0,0,0,0,3,1,1,1,39,7,-1,-1,-1,-1,1,-1
201501GD10404,2,3,0,7,0,1,0,0,0,0,4,1,6,1,70,10,279,1,6,-1,1,-1
201501GD10406,1,1,0,15,0,0,0,8,0,0,1,1,6,1,31,6,-1,-1,-1,-1,1,-1
201501GD10406,2,9,0,3,0,0,0,0,0,0,4,1,6,1,30,6,2902,2,11,-1,-1,-1
201501GD10407,1,3,0,6,0,0,0,0,0,0,3,1,6,1,31,6,-1,-1,-1,-1,1,-1
201501GD10407,2,9,0,13,0,0,0,0,0,0,1,1,6,1,21,5,-1,-1,-1,-1,1,-1
201501GD10408,1,9,0,18,0,2,0,0,0,0,3,1,6,2,23,5,1399,2,6,-1,1,-1
201501GD10408,2,9,0,5,8,2,0,0,0,0,4,1,6,3,-1,-1,1796,1,16,-1,-1,-1
201501GD10410,1,9,0,9,0,8,0,0,0,0,3,1,1,1,58,9,1596,1,7,-1,1,-1
201501GD10410,2,4,0,13,0,8,0,0,0,0,1,1,6,1,21,5,124,1,-1,-1,1,-1
201501GD10411,1,11,0,9,0,8,0,0,0,0,0,1,1,1,45,7,4461,2,1,-1,1,-1
201501GD10412,1,19,0,13,0,1,0,0,0,0,4,1,1,1,24,5,1248,2,4,-1,-1,-1
201501GD10412,2,1,0,15,0,1,0,0,0,0,3,1,6,2,30,6,-1,-1,-1,-1,1,-1
201501GD10414,1,19,0,18,0,1,0,0,0,0,4,1,1,1,22,5,2143,2,5,-1,1,-1
201501GD10414,2,1,0,15,0,1,0,0,0,0,3,1,6,1,60,9,-1,-1,-1,-1,1,-1
201501GD10415,1,19,0,18,0,8,0,0,0,0,3,1,6,1,27,6,1986,2,5,-1,1,-1
201501GD10415,2,3,0,18,0,8,0,0,0,0,1,1,1,1,22,5,102,1,10,-1,1,-1
201501GD10416,1,9,0,2,2,1,0,0,0,0,3,1,6,1,38,7,1968,2,8,-1,1,-1
201501GD10416,2,1,0,18,0,1,0,8,0,0,1,1,6,2,43,7,-1,-1,-1,-1,1,-1