Accident_Index,Vehicle_Reference,Vehicle_Type,Towing_and_Articulation,Vehicle_Manoeuvre,Vehicle_Location-Restricted_Lane,Junction_Location,Skidding_and_Overturning,Hit_Object_in_Carriageway,Vehicle_Leaving_Carriageway,Hit_Object_off_Carriageway,1st_Point_of_Impact,Was_Vehicle_Left_Hand_Drive?,Journey_Purpose_of_Driver,Sex_of_Driver,Age_of_Driver,Age_Band_of_Driver,Engine_Capacity_(CC),Propulsion_Code,Age_of_Vehicle,Driver_IMD_Decile,Driver_Home_Area_Type,Vehicle_IMD_Decile
201501GD10417,1,20,0,18,0,1,0,0,0,0,4,1,1,3,-1,-1,-1,-1,-1,-1,-1,-1
201501GD10419,1,3,0,18,0,1,0,0,0,0,1,1,6,1,22,5,109,1,1,-1,1,-1
201501GD10420,1,9,0,18,0,8,0,0,0,0,1,1,6,2,38,7,1995,2,10,-1,1,-1
201501GD10420,2,1,0,18,0,8,0,0,0,0,4,1,6,1,34,6,-1,-1,-1,-1,1,-1
201501GD10421,1,8,0,3,0,1,0,0,0,0,4,1,1,1,41,7,1956,2,4,-1,1,-1
201501GD10421,2,1,0,18,0,1,0,0,0,0,1,1,6,1,28,6,-1,-1,-1,-1,1,-1
201501GD10422,1,8,0,2,0,1,0,0,0,0,4,1,1,1,46,8,1997,2,7,-1,1,-1
201501GD10422,2,9,0,18,0,1,0,4,0,0,3,1,2,2,23,5,1560,2,5,-1,1,-1
201501GD10423,1,9,0,9,0,8,0,0,0,0,4,1,6,1,51,8,1995,2,9,-1,1,-1
201501GD10423,2,1,0,18,0,8,0,0,0,0,1,1,6,1,24,5,-1,-1,-1,-1,1,-1
201501GD10424,1,9,0,18,0,8,0,0,0,0,3,1,6,1,42,7,-1,-1,-1,-1,1,-1
201501GD10424,2,9,0,18,0,8,0,0,0,0,1,1,6,2,21,5,1242,1,6,-1,1,-1
201501GD10425,1,9,0,1,0,1,0,0,0,0,2,1,1,1,-1,-1,-1,-1,-1,-1,-1,-1
201501GD10425,2,9,0,5,0,1,0,0,0,0,1,1,6,1,60,9,1560,2,1,-1,1,-1
201501GD10426,1,9,0,18,0,1,0,0,0,0,3,1,6,1,25,5,1396,2,2,-1,1,-1
201501GD10426,2,9,0,6,0,2,0,0,0,0,3,1,6,3,-1,-1,1598,1,15,-1,-1,-1
201501GD10427,1,1,0,18,0,1,0,4,0,0,1,1,6,2,28,6,-1,-1,-1,-1,1,-1
201501GD10427,2,8,0,2,0,1,0,0,0,0,2,1,1,1,53,8,2499,2,-1,-1,1,-1
201501GD10428,1,9,0,18,0,2,0,0,0,0,3,1,6,1,60,9,1995,2,12,-1,1,-1
201501GD10429,1,9,0,9,0,2,0,0,0,0,4,1,6,1,55,8,1999,1,6,-1,1,-1
201501GD10430,1,3,0,14,0,1,0,0,0,0,3,1,2,1,28,6,-1,-1,-1,-1,1,-1
201501GD10430,2,9,0,18,0,2,0,0,0,0,3,1,6,3,-1,-1,-1,-1,-1,-1,-1,-1
201501GD10431,1,90,0,1,0,2,0,0,0,0,2,1,1,1,45,7,-1,-1,-1,-1,1,-1
201501GD10431,2,9,0,3,0,1,0,0,0,0,1,1,6,2,32,6,-1,-1,-1,-1,1,-1
201501GD10432,1,1,0,18,0,1,0,0,0,0,3,1,2,2,44,7,-1,-1,-1,-1,1,-1
201501GD10432,2,3,0,18,0,1,0,0,0,0,4,1,1,1,24,5,-1,-1,-1,-1,-1,-1
201501GD10433,1,1,0,18,0,8,0,0,0,0,4,1,2,2,25,5,-1,-1,-1,-1,1,-1
201501GD10433,2,9,0,7,0,8,0,0,0,0,1,1,6,1,-1,-1,2926,2,12,-1,-1,-1
201501GD10434,1,1,0,16,0,1,0,0,0,0,4,1,6,2,35,6,-1,-1,-1,-1,1,-1
201501GD10435,1,9,0,7,0,8,0,0,0,0,4,1,6,1,54,8,1896,2,9,-1,-1,-1
201501GD10435,2,1,0,18,0,8,0,0,0,0,1,1,6,1,41,7,-1,-1,-1,-1,-1,-1
201501GD10436,1,1,0,18,0,8,0,0,0,0,1,1,6,1,20,4,-1,-1,-1,-1,1,-1
201501GD10436,2,9,0,9,0,8,0,0,0,0,3,1,6,1,-1,-1,-1,-1,-1,-1,-1,-1
201501GD10437,1,9,0,4,0,2,0,0,0,0,2,1,6,2,42,7,1998,1,11,-1,1,-1
201501GD10437,2,9,0,18,0,2,0,0,0,0,1,1,6,1,-1,-1,-1,-1,-1,-1,-1,-1
201501GD10438,1,9,0,18,0,1,0,0,0,0,4,1,6,1,56,9,1896,2,7,-1,1,-1
201501GD10438,2,1,0,18,0,1,0,0,0,0,3,1,6,1,26,6,-1,-1,-1,-1,1,-1
201501GD10439,1,11,0,5,0,1,0,0,0,0,3,1,1,1,36,7,4760,2,4,-1,1,-1
201501GD10439,2,21,0,11,0,1,0,0,0,0,4,1,1,1,53,8,-1,-1,-1,-1,1,-1
201501GD10440,1,9,0,18,0,1,0,0,0,0,1,1,6,1,41,7,1797,8,5,-1,1,-1
201501GD10441,1,11,0,5,2,2,0,0,0,0,1,1,1,1,35,6,6700,2,5,-1,1,-1
201501GD10441,2,11,0,3,2,2,0,0,0,0,2,1,1,1,47,8,6692,2,2,-1,1,-1
201501GD10443,1,9,0,9,0,2,0,0,0,0,1,1,6,3,-1,-1,-1,-1,-1,-1,-1,-1
201501GD10445,1,9,0,5,0,2,0,0,0,0,3,1,6,2,33,6,1197,1,-1,-1,1,-1
201501GD10445,2,9,0,18,0,2,0,0,0,0,1,1,6,1,-1,-1,-1,-1,-1,-1,-1,-1
201501GD10446,1,4,0,14,0,1,0,0,0,0,4,1,6,1,24,5,-1,-1,-1,-1,1,-1
201501GD10446,2,9,0,12,0,1,0,0,0,0,3,1,6,1,50,8,3199,1,11,-1,1,-1
201501GD10449,1,11,0,4,3,1,0,0,0,0,0,1,1,1,52,8,4500,2,-1,-1,1,-1
201501GD10450,1,9,0,9,0,8,0,0,0,0,4,1,6,1,37,7,1997,2,12,-1,1,-1
201501GD10450,2,9,0,18,0,8,0,0,0,0,1,1,6,1,-1,-1,2494,8,-1,-1,-1,-1
201501GD10451,1,1,0,5,0,2,0,0,0,0,3,1,1,1,27,6,-1,-1,-1,-1,1,-1
201501GD10451,2,19,0,5,0,2,0,0,0,0,4,1,1,1,-1,-1,2198,2,7,-1,-1,-1
201501GD10452,1,1,0,9,0,8,0,0,0,0,2,1,6,2,60,9,-1,-1,-1,-1,1,-1
201501GD10452,2,9,0,9,0,8,0,0,0,0,1,1,6,3,-1,-1,-1,-1,-1,-1,-1,-1
201501GD10453,1,1,0,18,0,8,0,0,0,0,4,1,6,1,24,5,-1,-1,-1,-1,1,-1
201501GD10454,1,9,0,18,0,2,0,0,0,0,3,1,6,1,29,6,1598,1,9,-1,-1,-1
201501GD10454,2,1,0,18,9,1,0,0,0,0,1,1,6,1,17,4,-1,-1,-1,-1,-1,-1
201501GD10455,1,8,0,18,0,8,0,0,0,0,4,1,1,1,37,7,1595,1,6,-1,1,-1
201501GD10455,2,9,0,5,0,8,0,0,0,0,1,1,6,1,37,7,999,1,6,-1,1,-1
201501GD10457,1,9,0,18,0,2,0,4,0,0,1,1,1,1,38,7,1997,2,5,-1,1,-1
201501GD10457,2,9,0,2,0,2,0,0,0,0,3,1,6,1,-1,-1,3246,1,12,-1,3,-1
201501GD10458,1,9,0,9,0,8,0,0,0,0,1,1,6,2,32,6,1997,2,2,-1,1,-1
201501GD10458,2,4,0,18,0,8,0,0,0,0,4,1,6,1,42,7,-1,-1,-1,-1,1,-1
201501GD10459,1,3,0,14,0,1,0,0,0,0,1,1,1,2,24,5,125,1,6,-1,1,-1
201501GD10461,1,9,0,3,0,1,0,0,0,0,4,1,6,1,72,10,1598,2,2,-1,1,-1
201501GD10461,2,1,0,12,0,1,0,0,0,0,3,1,6,1,-1,-1,-1,-1,-1,-1,1,-1
201501GD10463,1,9,0,2,0,2,0,0,0,0,3,1,6,1,30,6,1086,1,7,-1,1,-1
201501GD10463,2,1,0,18,0,2,0,8,0,0,1,1,6,1,48,8,-1,-1,-1,-1,1,-1
201501GD10464,1,9,0,18,0,1,0,0,0,0,1,1,6,1,-1,-1,-1,-1,-1,-1,-1,-1
201501GD10465,1,9,0,6,0,0,0,0,0,0,1,1,1,1,25,5,1686,2,3,-1,1,-1
201501GD10465,2,9,0,18,0,0,0,0,0,0,1,1,6,1,43,7,1797,8,4,-1,1,-1
201501GD10466,1,9,0,3,0,1,0,0,0,0,2,1,6,1,43,7,1399,2,4,-1,1,-1
201501GD10466,2,9,0,18,0,1,0,0,0,0,1,1,6,1,23,5,-1,-1,-1,-1,3,-1
201501GD10467,1,11,0,18,0,1,0,0,0,0,0,1,1,1,28,6,6692,2,4,-1,1,-1
201501GD10471,1,1,0,5,0,1,0,0,0,0,2,1,6,2,26,6,-1,-1,-1,-1,1,-1
201501GD10471,2,9,0,5,0,1,0,0,0,0,1,1,6,1,-1,-1,1791,8,4,-1,-1,-1
201501GD10473,1,9,0,3,0,1,0,0,0,0,2,1,6,2,56,9,1043,1,23,-1,1,-1
201501GD10473,2,9,0,3,0,1,0,0,0,0,2,1,6,1,55,8,1596,1,5,-1,1,-1
201501GD10473,3,9,0,18,0,1,0,0,0,0,1,1,6,1,26,6,1242,1,1,-1,1,-1
201501GD10474,1,3,0,18,0,1,0,0,0,0,1,1,2,1,20,4,125,1,2,-1,1,-1
201501GD10476,1,3,0,15,0,1,0,4,0,0,3,1,2,1,35,6,638,1,6,-1,1,-1
201501GD10476,2,21,0,5,0,1,0,0,0,0,4,1,1,1,34,6,7790,2,5,-1,1,-1
201501GD10476,3,9,0,2,0,1,0,0,0,0,3,1,6,3,-1,-1,-1,-1,-1,-1,-1,-1
201501GD10477,1,2,0,18,0,8,0,0,0,0,3,1,6,1,36,7,-1,-1,-1,-1,1,-1
201501GD10477,2,9,0,18,0,8,0,0,0,0,1,1,6,3,-1,-1,-1,-1,-1,-1,-1,-1
201501GD10478,1,1,0,18,0,2,0,0,0,0,3,1,2,1,29,6,-1,-1,-1,-1,1,-1
201501GD10478,2,9,0,18,0,2,0,0,0,0,4,1,1,1,41,7,1798,8,3,-1,1,-1
201501GD10479,1,1,0,18,0,2,0,0,0,0,3,1,6,1,34,6,-1,-1,-1,-1,1,-1
201501GD10479,2,11,0,3,0,2,0,0,0,0,4,1,1,1,58,9,6692,2,2,-1,1,-1
201501GD10480,1,9,0,18,0,2,0,8,0,0,1,1,6,1,45,7,1797,8,3,-1,-1,-1
201501GD10480,2,9,0,2,0,2,0,0,0,0,3,1,6,2,27,6,1984,1,7,-1,-1,-1
201501GD10481,1,2,0,13,0,2,0,0,0,0,4,1,1,1,32,6,125,1,5,-1,1,-1
201501GD10481,2,9,0,9,0,2,0,0,0,0,3,1,1,1,28,6,1968,2,5,-1,1,-1
201501GD10482,1,11,0,18,0,8,0,0,0,0,4,1,1,1,37,7,9000,2,5,-1,1,-1
201501GD10482,2,11,0,5,0,8,0,0,0,0,1,1,1,1,30,6,6700,2,4,-1,1,-1
201501GD10483,1,1,0,18,0,1,0,10,0,0,4,1,6,2,25,5,-1,-1,-1,-1,-1,-1
201501GD10483,2,20,0,13,0,1,0,0,0,0,0,1,6,1,28,6,10837,2,4,-1,1,-1
201501GD10484,1,9,0,14,0,0,0,0,0,0,1,1,6,1,28,6,2494,1,12,-1,1,-1
201501GD10485,1,9,0,14,0,1,0,0,0,0,1,1,6,1,23,5,1910,2,10,-1,1,-1
201501GD10486,1,9,0,18,0,0,0,0,0,0,4,1,6,3,-1,-1,1988,1,13,-1,-1,-1
201501GD10487,1,9,0,9,0,0,0,0,0,0,2,1,6,2,49,8,1998,1,8,-1,1,-1
201501GD10487,2,9,0,9,0,0,0,0,0,0,1,1,6,2,28,6,1686,2,2,-1,1,-1
201501GD10488,1,9,0,13,0,2,0,0,0,0,3,1,1,1,44,7,-1,-1,-1,-1,-1,-1
201501GD10488,2,1,0,18,0,2,0,0,0,0,4,1,6,2,26,6,-1,-1,-1,-1,1,-1
201501GD10490,1,9,0,9,0,2,0,0,0,0,3,1,1,1,39,7,-1,-1,-1,-1,3,-1
201501GD10490,2,90,0,18,0,2,0,0,0,0,1,1,6,1,78,11,-1,-1,-1,-1,1,-1
201501GD10491,1,9,0,9,0,8,0,0,0,0,1,1,6,1,51,8,1395,1,-1,-1,-1,-1
201501GD10491,2,1,0,18,0,8,0,0,0,0,4,1,6,1,39,7,-1,-1,-1,-1,-1,-1
201501GD10492,1,9,0,9,0,8,0,0,0,0,4,1,6,1,58,9,1799,1,19,-1,1,-1
201501GD10492,2,1,0,18,0,8,0,0,0,0,1,1,2,1,27,6,-1,-1,-1,-1,1,-1
201501GD10494,1,9,0,15,0,0,0,0,4,0,3,1,6,1,-1,-1,1798,1,12,-1,-1,-1
201501GD10494,2,9,0,18,0,0,0,0,0,0,4,1,6,2,29,6,1850,1,15,-1,1,-1
201501GD10494,3,9,0,18,0,0,0,0,0,0,2,1,6,3,22,5,998,1,1,-1,1,-1
201501GD10494,4,9,0,18,0,0,0,0,0,0,1,1,6,2,53,8,1995,2,3,-1,1,-1
201501GD10495,1,9,0,7,0,1,0,0,0,0,3,1,6,2,23,5,1229,1,1,-1,1,-1
201501GD10495,2,9,0,11,0,1,0,0,0,0,4,1,6,3,-1,-1,1796,1,10,-1,-1,-1
201501GD10496,1,1,0,5,0,8,0,0,0,0,3,1,6,1,49,8,-1,-1,-1,-1,1,-1
201501GD10496,2,19,0,7,0,8,0,0,0,0,4,1,1,1,37,7,-1,-1,-1,-1,1,-1
201501GD10497,1,8,0,14,0,0,0,0,0,0,1,1,2,1,43,7,1797,8,4,-1,1,-1
201501GD10498,1,9,0,18,0,2,0,0,0,0,4,1,6,1,28,6,1968,2,-1,-1,1,-1
201501GD10500,1,1,0,18,0,8,0,0,0,0,4,1,2,2,28,6,-1,-1,-1,-1,1,-1
201501GD10500,2,19,0,9,0,8,0,0,0,0,1,1,1,1,62,9,2188,2,13,-1,-1,-1
201501GD10501,1,1,0,15,0,8,0,0,0,0,3,1,6,1,23,5,-1,-1,-1,-1,-1,-1
201501GD10501,2,9,0,7,0,8,0,0,0,0,4,1,6,3,-1,-1,-1,-1,-1,-1,-1,-1
201501GD10503,1,9,0,9,0,2,0,0,0,0,1,1,1,2,40,7,1994,2,7,-1,1,-1
201501GD10504,1,9,0,8,0,1,0,0,0,0,2,1,6,2,27,6,1796,1,7,-1,1,-1
201501GD10504,2,8,0,18,0,1,0,0,0,0,1,1,6,1,43,7,2402,2,11,-1,1,-1
201501GD10506,1,4,0,18,0,1,0,0,0,0,1,1,1,1,50,8,278,1,4,-1,1,-1
201501GD10507,1,1,0,18,0,0,0,0,0,0,3,1,6,2,42,7,-1,-1,-1,-1,1,-1
201501GD10507,2,1,0,18,0,0,0,0,0,0,3,1,6,1,30,6,-1,-1,-1,-1,1,-1
201501GD10512,1,9,0,9,0,8,0,0,0,0,4,1,6,1,51,8,1794,1,15,-1,1,-1
201501GD10512,2,1,0,18,0,8,0,0,0,0,1,1,2,1,43,7,-1,-1,-1,-1,1,-1
201501GD10514,1,9,0,18,0,1,0,0,0,0,1,1,6,1,50,8,2362,1,13,-1,1,-1
201501GD10515,1,1,0,18,0,0,0,8,0,0,1,1,2,1,40,7,-1,-1,-1,-1,1,-1
201501GD10515,2,9,0,2,0,0,0,0,0,0,3,1,6,1,42,7,1686,2,2,-1,1,-1
201501GD10516,1,9,0,18,0,1,0,0,0,0,1,1,6,1,33,6,2967,2,2,-1,1,-1
201501GD10516,2,9,0,4,0,1,0,0,0,0,2,1,6,2,26,6,1796,1,9,-1,1,-1
201501GD10518,1,3,0,18,2,1,0,0,0,0,3,1,6,1,33,6,125,1,1,-1,1,-1
201501GD10518,2,9,0,7,0,5,0,0,0,0,4,1,6,1,30,6,2720,2,9,-1,-1,-1
201501GD10520,1,1,0,18,0,8,0,0,0,0,4,1,2,2,25,5,-1,-1,-1,-1,1,-1
201501GD10520,2,9,0,9,0,8,0,0,0,0,1,1,1,1,40,7,1796,1,3,-1,1,-1
201501GD10521,1,1,0,18,0,8,0,0,0,0,1,1,2,1,36,7,-1,-1,-1,-1,1,-1
201501GD10521,2,19,0,9,0,8,0,0,0,0,4,1,6,1,-1,-1,2300,2,12,-1,1,-1
201501GD10522,1,9,0,1,0,1,0,0,0,0,2,1,6,1,15,3,2180,2,20,-1,-1,-1
201501GD10522,2,9,0,3,0,1,0,0,0,0,1,1,1,1,-1,-1,-1,-1,-1,-1,-1,-1
201501GD10524,1,1,0,18,0,8,0,0,0,0,3,1,2,2,26,6,-1,-1,-1,-1,1,-1
201501GD10524,2,19,0,9,0,8,0,0,0,0,1,1,6,1,-1,-1,-1,-1,-1,-1,-1,-1
201501GD10525,1,9,0,18,0,0,0,0,0,0,4,1,6,1,44,7,1798,8,-1,-1,1,-1
201501GD10525,2,9,0,5,0,0,0,0,0,0,3,1,6,1,24,5,1368,1,8,-1,-1,-1
201501GD10527,1,1,0,18,0,1,0,0,0,0,3,1,2,2,24,5,-1,-1,-1,-1,1,-1
201501GD10528,1,9,0,18,0,0,0,0,0,0,1,1,1,1,47,8,1497,1,6,-1,1,-1
201501GD10529,1,19,0,9,0,8,0,0,0,0,4,1,1,1,32,6,1248,2,1,-1,1,-1
201501GD10529,2,5,0,18,0,8,0,0,0,0,1,1,6,1,31,6,649,1,5,-1,1,-1
201501GD10530,1,9,0,18,0,2,0,0,0,0,1,1,6,3,-1,-1,3824,1,10,-1,-1,-1
201501GD10531,1,9,0,18,0,8,0,0,0,0,3,1,6,1,48,8,2993,2,10,-1,1,-1
201501GD10531,2,9,0,9,0,8,0,0,0,0,1,1,6,2,21,5,998,1,4,-1,1,-1
201501GD10532,1,5,0,3,0,0,0,0,0,0,1,1,6,1,18,4,125,1,5,-1,1,-1
201501GD10532,2,9,0,1,0,0,0,0,0,0,2,1,6,1,26,6,-1,-1,-1,-1,-1,-1
201501GD10533,1,11,0,18,0,0,0,0,0,0,0,1,1,1,30,6,6692,2,2,-1,1,-1
201501GD10534,1,3,0,9,0,2,0,0,0,0,4,1,6,1,-1,-1,124,1,13,-1,-1,-1
201501GD10537,1,9,0,18,0,1,0,0,0,0,2,1,6,2,38,7,1796,1,10,-1,1,-1
201501GD10537,2,1,0,18,0,1,0,0,0,0,1,1,6,1,29,6,-1,-1,-1,-1,-1,-1
201501GD10538,1,9,0,18,0,1,0,0,0,0,1,1,6,1,27,6,1498,1,9,-1,1,-1
201501GD10539,1,8,0,9,0,2,0,0,0,0,1,1,1,1,35,6,1798,8,-1,-1,1,-1
201501GD10540,1,9,0,3,0,1,0,0,0,0,2,1,2,2,59,9,1968,2,11,-1,1,-1
201501GD10540,2,9,0,18,0,1,0,0,0,0,1,1,6,1,27,6,1199,1,15,-1,1,-1
201501GD10541,1,9,0,5,0,0,0,0,0,0,3,1,6,1,42,7,1587,1,12,-1,1,-1
201501GD10541,2,3,0,18,0,0,0,0,0,0,4,1,6,1,30,6,125,1,4,-1,1,-1
201501GD10542,1,11,0,18,0,1,0,0,0,0,0,1,1,1,58,9,6692,2,5,-1,1,-1
201501GD10543,1,9,0,9,0,8,0,0,0,0,4,1,1,1,45,7,1968,2,1,-1,1,-1
201501GD10543,2,1,0,18,0,8,0,0,0,0,1,1,6,1,57,9,-1,-1,-1,-1,1,-1
201501GD10544,1,3,0,4,0,0,0,0,0,0,2,1,6,1,28,6,125,1,2,-1,1,-1
201501GD10544,2,9,0,18,0,0,0,0,0,0,1,1,6,1,-1,-1,1995,2,5,-1,-1,-1
201501GD10545,1,1,0,18,0,1,0,0,0,0,3,1,6,1,30,6,-1,-1,-1,-1,1,-1
201501GD10545,2,9,0,13,0,1,0,0,0,0,4,1,6,3,-1,-1,-1,-1,-1,-1,-1,-1
201501GD10546,1,9,0,7,0,5,0,0,0,0,4,1,1,1,33,6,1242,1,2,-1,1,-1
201501GD10546,2,1,0,18,0,1,0,0,0,0,3,1,2,2,24,5,-1,-1,-1,-1,-1,-1
201501GD10547,1,9,0,6,0,0,0,0,0,0,3,1,6,1,29,6,1339,8,5,-1,-1,-1
201501GD10547,2,5,0,18,0,0,0,0,0,0,4,1,6,1,53,8,955,1,14,-1,1,-1
201501GD10548,1,5,0,18,0,8,0,0,0,0,3,1,6,1,60,9,1139,1,15,-1,1,-1
201501GD10548,2,9,0,9,0,8,0,0,0,0,1,1,6,1,-1,-1,1796,1,11,-1,1,-1
201501GD10549,1,9,0,3,0,1,0,0,0,0,2,1,6,1,45,7,998,1,1,-1,1,-1
201501GD10549,2,1,0,18,0,1,0,0,0,0,1,1,6,1,25,5,-1,-1,-1,-1,1,-1
201501GD10550,1,9,0,3,0,1,0,0,0,0,1,1,3,2,27,6,1598,1,11,-1,1,-1
201501GD10550,2,9,0,1,0,1,0,0,0,0,2,1,6,2,-1,-1,2993,2,5,-1,-1,-1
201501GD10551,1,11,0,5,0,0,0,0,0,0,0,1,1,1,33,6,4500,2,-1,-1,1,-1
201501GD10552,1,11,0,18,0,1,0,0,0,0,0,1,1,1,41,7,6692,2,4,-1,1,-1
201501GD10553,1,9,0,4,0,1,0,0,0,0,2,1,6,1,32,6,1968,2,2,-1,1,-1
201501GD10553,2,9,0,18,0,1,0,0,0,0,1,1,6,1,25,5,1595,1,6,-1,1,-1
201501GD10554,1,9,0,18,0,1,0,0,0,0,4,1,6,1,48,8,1995,1,12,-1,1,-1
201501GD10554,2,9,0,12,0,1,0,0,0,0,3,1,6,1,38,7,1995,1,9,-1,1,-1
201501GD10555,1,9,0,18,0,0,0,0,0,0,3,1,6,2,51,8,1360,1,12,-1,1,-1
201501GD10555,2,9,0,18,0,0,0,0,0,0,3,1,6,1,54,8,-1,-1,-1,-1,1,-1
201501GD10555,3,9,0,18,0,0,0,0,0,0,3,1,6,1,43,7,2688,2,12,-1,1,-1
201501GD10556,1,9,0,5,0,8,0,0,0,0,1,1,6,1,28,6,1995,2,1,-1,1,-1
201501GD10556,2,8,0,18,0,8,0,0,0,0,4,1,1,1,35,6,1997,2,3,-1,1,-1
201501GD10557,1,1,0,18,0,8,0,0,0,0,1,1,6,1,30,6,-1,-1,-1,-1,1,-1
201501GD10557,2,9,0,9,0,8,0,0,0,0,4,1,6,1,30,6,1197,1,3,-1,1,-1
201501GD10559,1,1,0,18,0,1,0,0,0,0,2,1,2,2,36,7,-1,-1,-1,-1,1,-1
201501GD10559,2,1,0,18,0,1,0,0,0,0,1,1,6,1,-1,-1,-1,-1,-1,-1,-1,-1
201501GD10560,1,11,0,18,0,0,0,0,0,0,0,1,1,1,32,6,4500,2,1,-1,1,-1
201501GD10561,1,5,0,18,0,8,0,0,0,0,1,1,6,1,39,7,-1,-1,-1,-1,1,-1
201501GD10561,2,1,0,9,0,8,0,0,0,0,2,1,6,2,37,7,-1,-1,-1,-1,1,-1
201501GD10562,1,11,0,18,0,0,0,0,0,0,4,1,1,1,44,7,4500,2,1,-1,-1,-1
201501GD10563,1,9,0,18,0,8,0,0,0,0,1,1,6,1,35,6,1242,1,11,-1,1,-1
201501GD10563,2,9,0,9,0,8,0,0,0,0,4,1,6,1,51,8,-1,-1,-1,-1,1,-1
201501GD10564,1,9,0,7,0,8,0,0,0,0,3,1,6,1,-1,-1,1598,2,1,-1,1,-1
201501GD10564,2,5,0,18,0,8,0,0,0,0,1,1,2,1,48,8,892,1,12,-1,1,-1
201501GD10566,1,9,0,7,0,5,0,0,0,0,4,1,6,1,19,4,1560,2,1,-1,1,-1
201501GD10566,2,1,0,18,0,1,0,0,0,0,3,1,6,1,35,6,-1,-1,-1,-1,1,-1
201501GD10567,1,9,0,18,0,1,0,0,0,0,1,1,6,1,41,7,2179,2,6,-1,1,-1
201501GD10568,1,9,0,9,0,5,0,0,0,0,1,1,6,1,-1,-1,-1,-1,-1,-1,-1,-1
201501GD10569,1,19,0,6,0,0,0,0,0,0,1,1,6,1,43,7,1896,2,7,-1,1,-1
201501GD10569,2,19,0,18,0,0,0,0,0,0,1,1,6,1,21,5,2402,2,4,-1,1,-1
201501GD10570,1,2,0,18,0,8,0,0,0,0,1,1,6,1,20,4,49,1,-1,-1,1,-1
201501GD10570,2,9,0,9,0,8,0,0,0,0,3,1,6,1,53,8,-1,-1,-1,-1,1,-1
201501GD10571,1,9,0,4,0,1,0,0,0,0,2,1,1,1,35,6,1797,8,4,-1,1,-1
201501GD10571,2,9,0,18,0,1,0,0,0,0,1,1,6,3,-1,-1,-1,-1,-1,-1,-1,-1
201501GD10573,1,9,0,4,0,1,0,0,0,0,2,1,6,2,63,9,1598,1,10,-1,1,-1
201501GD10573,2,9,0,18,0,1,0,0,0,0,1,1,6,2,28,6,1197,1,-1,-1,1,-1
201501GD10574,1,11,0,18,0,2,0,0,0,0,1,1,1,1,32,6,6692,2,5,-1,1,-1
201501GD10574,2,9,0,4,0,2,0,0,0,0,2,1,6,2,32,6,1896,2,9,-1,1,-1
201501GD10575,1,9,0,11,9,1,0,10,1,0,1,1,2,2,29,6,-1,-1,-1,-1,1,-1
201501GD10577,1,9,0,4,0,1,0,0,0,0,2,1,1,1,42,7,2993,2,3,-1,-1,-1
201501GD10577,2,9,0,18,0,1,0,0,0,0,1,1,6,3,-1,-1,-1,-1,-1,-1,-1,-1
201501GD10579,1,9,0,18,0,2,0,0,0,0,1,1,6,1,40,7,1598,1,3,-1,1,-1
201501GD10580,1,19,0,18,0,2,0,0,0,0,1,1,1,1,49,8,2143,2,4,-1,1,-1
201501GD10581,1,19,0,18,0,1,0,0,0,0,3,1,1,1,43,7,3920,2,9,-1,1,-1
201501GD10582,1,9,0,18,0,2,0,0,0,0,3,1,6,1,27,6,998,1,2,-1,1,-1
201501GD10582,2,19,0,13,0,2,0,0,0,0,4,1,1,1,-1,-1,2198,2,1,-1,-1,-1
201501GD10583,1,2,0,18,0,2,0,0,0,0,1,1,1,1,19,4,125,1,4,-1,1,-1
201501GD10584,1,11,0,18,0,1,0,0,0,0,0,1,1,1,61,9,6692,2,2,-1,1,-1
201501GD10585,1,9,0,1,0,2,0,0,0,0,2,1,6,1,53,8,2362,1,14,-1,1,-1
201501GD10586,1,9,0,18,0,0,0,4,0,0,4,1,1,2,59,9,998,1,14,-1,1,-1
201501GD10586,2,9,0,2,0,0,0,0,0,0,4,1,6,1,-1,-1,1753,2,7,-1,1,-1
201501GD10587,1,19,0,4,0,0,0,0,0,0,2,1,1,1,49,8,-1,-1,-1,-1,1,-1
201501GD10587,2,8,0,18,0,0,0,0,0,0,1,1,1,1,34,6,2143,2,2,-1,1,-1
201501GD10588,1,3,0,18,0,0,0,0,0,0,4,1,6,1,18,4,124,1,6,-1,1,-1
201501GD10588,2,8,0,6,0,0,0,0,0,0,3,1,1,1,52,8,2402,2,11,-1,1,-1
201501GD10589,1,3,0,14,0,0,0,0,0,0,1,1,1,1,31,6,-1,-1,-1,-1,1,-1
201501GD10590,1,9,0,9,0,8,0,0,0,0,3,1,6,1,62,9,998,1,1,-1,1,-1
201501GD10590,2,2,0,13,0,8,0,0,0,0,4,1,6,1,27,6,124,1,11,-1,-1,-1
201501GD10591,1,9,0,18,0,8,0,0,0,0,1,1,6,2,23,5,1299,1,11,-1,1,-1
201501GD10591,2,9,0,18,0,8,0,0,0,0,3,1,6,1,31,6,2000,2,5,-1,1,-1
201501GD10592,1,8,0,18,0,8,0,0,0,0,4,1,1,1,49,8,1995,2,4,-1,1,-1
201501GD10592,2,1,0,18,0,8,0,0,0,0,1,1,6,1,23,5,-1,-1,-1,-1,1,-1
201501GD10593,1,8,0,9,0,8,0,0,0,0,1,1,1,1,27,6,1968,2,4,-1,1,-1
201501GD10593,2,3,0,18,0,8,0,0,0,0,3,1,6,1,37,7,125,1,4,-1,1,-1
201501GD10594,1,19,0,9,0,2,0,0,0,0,1,1,1,1,26,6,-1,-1,-1,-1,1,-1
201501GD10595,1,1,0,18,0,1,0,0,0,0,3,1,2,1,37,7,-1,-1,-1,-1,1,-1
201501GD10595,2,9,0,13,0,1,0,0,0,0,4,1,6,1,-1,-1,-1,-1,-1,-1,-1,-1
201501GD10597,1,1,0,9,0,8,0,0,0,0,3,1,2,1,37,7,-1,-1,-1,-1,1,-1
201501GD10597,2,5,0,13,0,8,0,0,0,0,4,1,6,3,-1,-1,-1,-1,-1,-1,-1,-1