Accident_Index,Vehicle_Reference,Vehicle_Type,Towing_and_Articulation,Vehicle_Manoeuvre,Vehicle_Location-Restricted_Lane,Junction_Location,Skidding_and_Overturning,Hit_Object_in_Carriageway,Vehicle_Leaving_Carriageway,Hit_Object_off_Carriageway,1st_Point_of_Impact,Was_Vehicle_Left_Hand_Drive?,Journey_Purpose_of_Driver,Sex_of_Driver,Age_of_Driver,Age_Band_of_Driver,Engine_Capacity_(CC),Propulsion_Code,Age_of_Vehicle,Driver_IMD_Decile,Driver_Home_Area_Type,Vehicle_IMD_Decile
201501GD10598,1,19,0,16,0,8,0,0,0,0,1,1,1,1,51,8,1968,2,5,-1,1,-1
201501GD10598,2,21,0,9,0,8,0,0,0,0,4,1,1,1,43,7,12900,2,5,-1,1,-1
201501GD10599,1,8,0,9,0,8,0,0,0,0,3,1,1,1,48,8,1339,8,5,-1,1,-1
201501GD10599,2,5,0,13,0,8,0,0,0,0,4,1,6,1,34,6,1402,1,11,-1,2,-1
201501GD10600,1,1,0,13,0,1,0,0,0,0,3,1,2,1,62,9,-1,-1,-1,-1,1,-1
201501GD10601,1,2,0,9,0,8,0,0,0,0,3,1,6,1,33,6,124,1,5,-1,1,-1
201501GD10601,2,9,0,18,0,8,0,0,0,0,1,1,1,1,39,7,1798,8,-1,-1,-1,-1
201501GD10602,1,9,0,18,0,8,0,0,0,0,1,1,6,1,43,7,2792,1,14,-1,1,-1
201501GD10602,2,1,0,9,0,8,0,0,0,0,4,1,6,1,18,4,-1,-1,-1,-1,1,-1
201501GD10603,1,9,0,17,0,8,0,0,0,0,3,1,6,1,48,8,2488,2,9,-1,3,-1
201501GD10603,2,9,0,17,0,8,0,0,0,0,4,1,6,3,-1,-1,1597,1,6,-1,-1,-1
201501GD10604,1,5,0,18,0,8,0,0,0,0,1,1,6,1,48,8,599,1,18,-1,1,-1
201501GD10604,2,8,0,9,0,8,0,0,0,0,3,1,1,1,53,8,1797,8,3,-1,1,-1
201501GD10605,1,9,0,9,0,8,0,0,0,0,3,1,6,1,22,5,1595,1,9,-1,1,-1
201501GD10605,2,3,0,18,0,8,0,0,0,0,1,1,6,1,19,4,-1,-1,-1,-1,1,-1
201501GD10607,1,5,0,18,0,0,0,10,0,0,4,1,1,1,-1,-1,-1,-1,-1,-1,-1,-1
201501GD10608,1,8,0,6,0,0,0,0,0,0,3,1,1,1,50,8,1997,2,2,-1,1,-1
201501GD10608,2,3,0,18,0,0,0,0,0,0,4,1,2,1,34,6,124,1,1,-1,1,-1
201501GD10610,1,5,0,17,0,0,0,0,0,0,3,1,2,1,28,6,748,1,6,-1,1,-1
201501GD10611,1,9,0,18,0,2,0,0,0,0,4,1,6,2,81,11,1596,1,12,-1,1,-1
201501GD10612,1,9,0,18,0,0,0,6,0,0,4,1,6,1,22,5,1296,1,7,-1,1,-1
201501GD10613,1,1,0,18,0,1,0,0,0,0,3,1,2,1,23,5,-1,-1,-1,-1,1,-1
201501GD10614,1,9,0,9,0,8,0,0,0,0,3,1,6,2,54,8,1200,1,1,-1,1,-1
201501GD10614,2,9,0,18,0,8,0,0,0,0,1,1,6,1,-1,-1,1396,1,17,-1,-1,-1
201501GD10616,1,1,0,18,0,8,0,0,0,0,1,1,2,1,29,6,-1,-1,-1,-1,1,-1
201501GD10616,2,9,0,9,0,8,0,0,0,0,3,1,6,1,-1,-1,1796,1,6,-1,-1,-1
201501GD10621,1,9,0,9,0,8,0,0,0,0,1,1,6,2,33,6,1360,1,12,-1,1,-1
201501GD10621,2,4,0,14,0,8,0,0,0,0,4,1,6,1,35,6,471,1,1,-1,1,-1
201501GD10622,1,9,0,9,2,8,0,0,0,0,1,1,6,1,29,6,1895,1,13,-1,1,-1
201501GD10622,2,3,0,15,0,8,0,0,0,0,1,1,6,1,66,10,125,1,53,-1,3,-1
201501GD10624,1,9,0,9,0,8,0,0,0,0,4,1,2,1,26,6,1389,1,14,-1,1,-1
201501GD10624,2,1,0,18,0,8,0,0,0,0,1,1,6,1,43,7,-1,-1,-1,-1,-1,-1
201501GD10625,1,9,0,18,0,8,0,0,0,0,1,1,6,1,23,5,1796,1,9,-1,1,-1
201501GD10625,2,1,0,18,0,8,0,0,0,0,4,1,2,1,26,6,-1,-1,-1,-1,1,-1
201501GD10626,1,9,0,18,0,0,0,0,0,0,4,1,6,1,26,6,2993,2,7,-1,1,-1
201501GD10626,2,9,0,5,0,0,0,0,0,0,3,1,2,1,63,9,-1,-1,-1,-1,1,-1
201501GD10627,1,9,0,18,0,1,0,0,0,0,1,1,6,1,21,5,1896,2,8,-1,1,-1
201501GD10627,2,9,0,18,0,1,0,7,0,0,3,1,6,1,-1,-1,-1,-1,-1,-1,-1,-1
201501GD10628,1,9,0,9,0,8,0,0,0,0,4,1,6,1,21,5,1242,1,-1,-1,1,-1
201501GD10628,2,1,0,18,0,8,1,0,0,0,1,1,6,2,32,6,-1,-1,-1,-1,1,-1
201501GD10630,1,9,0,18,0,8,0,0,0,0,2,1,6,2,32,6,1995,2,5,-1,1,-1
201501GD10630,2,1,0,9,0,1,0,0,0,0,1,1,6,1,35,6,-1,-1,-1,-1,1,-1
201501GD10631,1,9,0,6,0,1,0,0,0,0,3,1,6,1,27,6,1995,2,7,-1,-1,-1
201501GD10631,2,3,0,18,0,2,0,0,0,0,1,1,6,1,25,5,124,1,4,-1,1,-1
201501GD10632,1,9,0,17,0,0,0,0,0,0,3,1,6,2,36,7,1598,1,8,-1,1,-1
201501GD10632,2,9,0,16,0,0,1,0,0,0,3,1,6,1,27,6,1995,2,1,-1,1,-1
201501GD10633,1,9,0,18,0,1,0,0,0,0,1,1,2,1,22,5,1198,1,1,-1,1,-1
201501GD10635,1,1,0,5,0,1,0,0,0,0,2,1,1,1,38,7,-1,-1,-1,-1,1,-1
201501GD10635,2,9,0,5,0,1,0,0,0,0,1,1,6,1,-1,-1,1598,2,5,-1,-1,-1
201501GD10636,1,9,0,9,0,8,0,0,0,0,0,1,2,2,39,7,1968,2,4,-1,1,-1
201501GD10636,2,1,0,18,0,1,0,0,0,0,4,1,2,2,55,8,-1,-1,-1,-1,1,-1
201501GD10637,1,9,0,9,0,8,0,0,0,0,4,1,6,1,49,8,2156,1,18,-1,1,-1
201501GD10637,2,1,0,15,0,8,0,0,0,0,1,1,6,1,31,6,-1,-1,-1,-1,1,-1
201501GD10638,1,3,0,18,0,1,1,0,0,0,1,1,6,1,-1,-1,124,1,1,-1,-1,-1
201501GD10639,1,9,0,2,0,1,0,0,0,0,2,1,6,1,41,7,-1,-1,-1,-1,1,-1
201501GD10639,2,9,0,18,0,1,0,4,0,0,1,1,6,3,-1,-1,-1,-1,-1,-1,-1,-1
201501GD10640,1,9,0,5,0,8,0,0,0,0,3,1,2,1,40,7,5654,1,9,-1,1,-1
201501GD10640,2,1,0,18,0,8,0,0,0,0,1,1,2,2,40,7,-1,-1,-1,-1,1,-1
201501GD10641,1,9,0,7,0,1,0,0,0,0,4,1,6,3,-1,-1,-1,-1,-1,-1,-1,-1
201501GD10641,2,1,0,18,0,1,0,0,0,0,3,1,6,2,26,6,-1,-1,-1,-1,-1,-1
201501GD10642,1,1,0,18,0,8,0,0,0,0,1,1,6,1,32,6,-1,-1,-1,-1,-1,-1
201501GD10642,2,9,0,9,0,8,0,0,0,0,3,1,6,1,41,7,-1,-1,-1,-1,1,-1
201501GD10643,1,9,0,18,0,2,0,0,0,0,1,1,6,1,42,7,1988,1,13,-1,1,-1
201501GD10644,1,9,0,18,0,2,0,0,0,0,1,1,6,1,47,8,2493,1,16,-1,1,-1
201501GD10644,2,3,0,18,0,1,0,0,0,0,1,1,6,1,50,8,125,1,3,-1,1,-1
201501GD10645,1,9,0,18,0,8,0,0,0,0,1,1,2,1,23,5,1390,1,5,-1,1,-1
201501GD10645,2,9,0,9,0,8,0,0,0,0,4,1,6,1,43,7,1598,2,1,-1,1,-1
201501GD10646,1,1,0,9,0,1,0,10,1,10,3,1,6,2,29,6,-1,-1,-1,-1,1,-1
201501GD10646,2,9,0,13,0,1,0,0,0,0,4,1,6,3,-1,-1,1797,8,5,-1,-1,-1
201501GD10647,1,9,0,6,9,0,0,10,1,10,1,1,6,1,18,4,1600,1,15,-1,1,-1
201501GD10650,1,9,0,4,0,1,0,0,0,0,2,1,2,1,72,10,1769,1,10,-1,1,-1
201501GD10650,2,5,0,18,0,1,1,0,0,0,1,1,2,1,42,7,1050,1,7,-1,1,-1
201501GD10651,1,11,0,3,0,0,0,0,0,0,0,1,1,1,56,9,4500,2,1,-1,1,-1
201501GD10652,1,3,0,13,0,8,0,0,0,0,4,1,1,1,19,4,124,1,-1,-1,1,-1
201501GD10652,2,19,0,9,0,8,0,0,0,0,3,1,1,2,35,6,1753,2,11,-1,-1,-1
201501GD10653,1,9,0,18,0,8,0,0,0,0,4,1,6,2,32,6,1397,1,15,-1,1,-1
201501GD10653,2,9,0,18,0,8,0,0,0,0,1,1,6,1,52,8,2967,1,13,-1,1,-1
201501GD10655,1,9,0,9,0,8,0,0,0,0,4,1,6,1,20,4,1968,2,6,-1,1,-1
201501GD10655,2,19,0,18,0,8,0,0,0,0,1,1,1,1,37,7,2151,2,12,-1,1,-1
201501GD10656,1,9,0,6,0,1,0,10,1,0,2,1,6,1,33,6,1299,1,12,-1,1,-1
201501GD10658,1,9,0,9,0,8,0,0,0,0,4,1,6,2,35,6,1668,1,13,-1,1,-1
201501GD10658,2,3,0,18,0,8,0,0,0,0,1,1,6,1,25,5,125,1,6,-1,1,-1
201501GD10660,1,9,0,9,0,8,0,0,0,0,4,1,6,2,33,6,1968,2,6,-1,1,-1
201501GD10660,2,11,0,18,0,8,0,0,0,0,1,1,1,1,27,6,6700,2,6,-1,-1,-1
201501GD10662,1,9,0,18,0,8,1,10,1,10,1,1,6,1,37,7,1984,1,2,-1,1,-1
201501GD10662,2,9,0,5,0,8,0,0,0,0,4,1,6,2,29,6,1596,1,9,-1,1,-1
201501GD10666,1,3,0,13,0,1,0,0,0,0,4,1,6,1,-1,-1,124,1,11,-1,-1,-1
201501GD10666,2,9,0,9,0,1,0,0,0,0,3,1,6,2,37,7,1388,1,12,-1,1,-1
201501GD10667,1,5,0,18,0,2,0,0,0,0,3,1,6,1,31,6,1584,1,5,-1,1,-1
201501GD10667,2,9,0,13,0,2,0,0,0,0,4,1,6,2,30,6,1360,1,10,-1,1,-1
201501GD10668,1,9,0,3,0,1,0,0,0,0,1,1,1,2,-1,-1,-1,-1,-1,-1,-1,-1
201501GD10668,2,19,0,1,0,1,0,0,0,0,2,1,6,3,-1,-1,1998,2,12,-1,-1,-1
201501GD10669,1,9,0,17,0,2,0,0,0,0,1,1,6,2,56,9,1995,2,6,-1,1,-1
201501GD10669,2,9,0,16,0,1,0,0,0,0,1,1,6,1,-1,-1,-1,-1,-1,-1,-1,-1
201501GD10670,1,9,0,9,0,8,0,0,0,0,1,1,6,1,21,5,2179,2,-1,-1,1,-1
201501GD10670,2,1,0,18,0,8,0,0,0,0,1,1,6,2,41,7,-1,-1,-1,-1,1,-1
201501GD10673,1,9,0,18,0,8,0,0,0,0,1,1,2,1,24,5,2351,1,14,-1,1,-1
201501GD10673,2,9,0,18,0,8,0,0,0,0,4,1,6,1,24,5,1794,1,11,-1,1,-1
201501GD10674,1,3,0,18,0,8,0,0,0,0,4,1,6,1,26,6,125,1,2,-1,1,-1
201501GD10674,2,9,0,9,0,8,0,0,0,0,0,1,6,1,-1,-1,2993,2,8,-1,1,-1
201501GD10676,1,9,0,9,0,2,0,0,0,0,4,1,1,1,47,8,1796,1,7,-1,1,-1
201501GD10678,1,9,0,18,0,8,0,10,1,10,1,1,6,1,31,6,1360,1,13,-1,1,-1
201501GD10678,2,9,0,9,0,8,1,0,0,0,1,1,6,2,58,9,1598,1,5,-1,1,-1
201501GD10679,1,9,0,18,0,2,0,0,0,0,1,1,6,1,22,5,1386,1,9,-1,1,-1
201501GD10680,1,9,0,18,0,0,0,0,0,0,1,1,6,2,29,6,1596,1,8,-1,1,-1
201501GD10681,1,9,0,1,0,0,0,0,0,0,3,1,6,1,32,6,2993,2,1,-1,1,-1
201501GD10681,2,9,0,2,0,0,0,0,0,0,3,1,6,3,-1,-1,-1,-1,-1,-1,-1,-1
201501GD10681,3,9,0,2,0,0,0,0,0,0,3,1,6,3,-1,-1,1796,1,8,-1,-1,-1
201501GD10681,4,3,0,13,0,0,0,4,0,0,4,1,6,1,23,5,124,1,-1,-1,1,-1
201501GD10682,1,11,0,3,0,1,0,0,0,0,2,1,1,1,58,9,4500,2,-1,-1,1,-1
201501GD10682,2,8,0,5,0,1,0,0,0,0,1,1,1,1,35,6,1997,2,1,-1,1,-1
201501GD10683,1,11,0,4,0,0,0,0,0,0,0,1,1,1,28,6,6700,2,6,-1,1,-1
201501GD10684,1,1,0,9,0,2,0,0,0,0,4,1,6,2,30,6,-1,-1,-1,-1,1,-1
201501GD10684,2,9,0,1,0,1,0,0,0,0,2,1,6,1,-1,-1,1368,1,2,-1,-1,-1
201501GD10686,1,9,0,18,0,1,0,0,0,0,3,1,6,1,26,6,1399,2,3,-1,1,-1
201501GD10686,2,9,0,13,0,1,0,0,0,0,4,1,6,1,-1,-1,1229,1,2,-1,-1,-1
201501GD10687,1,1,0,5,0,8,0,0,0,0,1,1,2,2,28,6,-1,-1,-1,-1,3,-1
201501GD10687,2,8,0,9,0,8,0,0,0,0,1,1,6,1,-1,-1,1797,8,5,-1,-1,-1
201501GD10688,1,9,0,18,0,8,0,0,0,0,1,1,1,1,34,6,2143,2,3,-1,1,-1
201501GD10688,2,9,0,9,0,8,0,0,0,0,3,1,6,1,25,5,-1,-1,-1,-1,1,-1
201501GD10689,1,4,0,18,0,0,0,10,0,0,1,1,6,3,-1,-1,-1,-1,-1,-1,-1,-1
201501GD10690,1,11,0,4,0,8,0,0,0,0,0,1,2,1,44,7,6692,2,2,-1,1,-1
201501GD10691,1,9,0,18,0,0,0,0,0,0,1,1,6,1,-1,-1,1968,2,-1,-1,1,-1
201501GD10694,1,19,0,7,0,8,0,0,0,0,1,1,1,1,36,7,-1,-1,-1,-1,-1,-1
201501GD10694,2,9,0,7,0,8,0,0,0,0,3,1,1,1,34,6,1339,8,1,-1,1,-1
201501GD10695,1,9,0,18,0,1,0,0,0,0,4,1,6,3,-1,-1,-1,-1,-1,-1,-1,-1
201501GD10695,2,1,0,18,0,1,0,0,0,0,3,1,6,2,24,5,-1,-1,-1,-1,1,-1
201501GD10697,1,9,0,18,0,2,0,0,0,0,3,1,6,1,37,7,1896,2,9,-1,1,-1
201501GD10697,2,20,0,18,0,1,0,0,0,0,3,1,1,1,61,9,-1,-1,-1,-1,1,-1
201501GD10700,1,9,0,18,0,1,0,0,0,0,1,1,6,1,28,6,2143,2,2,-1,1,-1
201501GD10700,2,19,0,4,0,1,0,0,0,0,2,1,6,1,47,8,-1,-1,-1,-1,1,-1
201501GD10700,3,9,0,4,0,1,0,0,0,0,2,1,6,1,40,7,1796,1,14,-1,1,-1
201501GD10701,1,1,0,18,0,8,0,0,0,0,3,1,2,1,38,7,-1,-1,-1,-1,1,-1
201501GD10702,1,9,0,13,0,0,0,0,0,0,4,1,6,1,49,8,1998,1,13,-1,1,-1
201501GD10702,2,1,0,18,0,0,0,0,0,0,3,1,6,1,33,6,-1,-1,-1,-1,1,-1
201501GD10703,1,9,0,9,0,8,0,0,0,0,1,1,1,2,35,6,1242,1,-1,-1,1,-1
201501GD10703,2,19,0,18,0,8,0,0,0,0,1,1,1,1,57,9,-1,-1,-1,-1,1,-1
201501GD10704,1,1,0,18,0,8,0,0,0,0,2,1,2,1,31,6,-1,-1,-1,-1,-1,-1
201501GD10704,2,9,0,13,0,8,0,0,0,0,1,1,1,1,-1,-1,1796,1,10,-1,1,-1
201501GD10705,1,9,0,9,0,5,0,0,0,0,4,1,6,1,27,6,-1,-1,-1,-1,1,-1
201501GD10705,2,1,0,18,0,8,0,0,0,0,1,1,6,1,31,6,-1,-1,-1,-1,1,-1
201501GD10706,1,1,0,5,0,1,0,0,0,0,3,1,6,2,27,6,-1,-1,-1,-1,1,-1
201501GD10706,2,9,0,7,0,1,0,0,0,0,4,1,6,1,-1,-1,2993,2,3,-1,1,-1
201501GD10707,1,9,0,9,0,8,0,0,0,0,1,1,6,3,-1,-1,-1,-1,-1,-1,-1,-1
201501GD10707,2,1,0,18,0,8,0,0,0,0,1,1,6,1,29,6,-1,-1,-1,-1,1,-1
201501GD10710,1,9,0,18,0,1,0,0,0,0,1,1,6,1,42,7,2521,1,12,-1,1,-1
201501GD10711,1,8,0,14,0,0,0,0,0,0,4,1,1,1,51,8,1797,8,5,-1,1,-1
201501GD10711,2,1,0,18,0,0,0,0,0,0,1,1,6,1,42,7,-1,-1,-1,-1,1,-1
201501GD10712,1,1,0,18,0,8,0,0,0,0,1,1,2,1,64,9,-1,-1,-1,-1,1,-1
201501GD10712,2,9,0,7,0,8,0,0,1,0,3,1,6,3,-1,-1,999,1,-1,-1,-1,-1
201501GD10713,1,9,0,4,0,8,0,0,0,0,3,1,2,1,25,5,2926,2,13,-1,1,-1
201501GD10713,2,1,0,12,0,8,0,0,0,0,1,1,2,2,26,6,-1,-1,-1,-1,1,-1
201501GD10714,1,2,0,14,0,0,0,0,0,0,1,1,1,1,20,4,114,1,1,-1,1,-1
201501GD10715,1,9,0,18,0,1,0,0,0,0,1,1,6,1,36,7,998,1,18,-1,1,-1
201501GD10717,1,9,0,3,0,1,0,0,0,0,2,1,6,1,22,5,1598,1,8,-1,1,-1
201501GD10717,2,9,0,18,0,1,0,0,0,0,1,1,6,1,-1,-1,1598,1,10,-1,-1,-1
201501GD10718,1,1,0,18,0,0,0,0,0,0,3,1,6,1,29,6,-1,-1,-1,-1,1,-1
201501GD10721,1,8,0,18,0,8,0,0,0,0,4,1,6,1,38,7,2231,2,9,-1,1,-1
201501GD10721,2,9,0,9,0,8,0,0,0,0,1,1,6,1,-1,-1,-1,-1,-1,-1,-1,-1
201501GD10722,1,9,0,18,0,0,0,0,0,0,1,1,1,1,32,6,1596,1,10,-1,1,-1
201501GD10723,1,9,0,18,0,2,0,0,0,0,4,1,6,1,30,6,1240,1,11,-1,1,-1
201501GD10725,1,9,0,9,0,8,0,0,0,0,1,1,6,1,27,6,1797,8,4,-1,1,-1
201501GD10725,2,1,0,18,0,8,0,0,0,0,3,1,6,2,22,5,-1,-1,-1,-1,-1,-1
201501GD10726,1,9,0,18,0,1,0,0,0,0,1,1,6,1,43,7,1896,2,7,-1,1,-1
201501GD10727,1,11,0,18,0,2,0,0,0,0,0,1,1,1,34,6,6692,2,2,-1,1,-1
201501GD10729,1,1,0,3,0,0,0,0,0,0,1,1,6,1,35,6,-1,-1,-1,-1,1,-1
201501GD10729,2,9,0,1,0,0,0,0,0,0,2,1,6,1,-1,-1,1598,1,6,-1,-1,-1
201501GD10730,1,4,0,13,0,8,0,0,0,0,4,1,2,1,36,7,249,1,23,-1,1,-1
201501GD10730,2,19,0,9,0,8,0,0,0,0,3,1,1,1,25,5,-1,-1,-1,-1,1,-1
201501GD10731,1,9,0,4,0,1,0,0,0,0,2,1,6,1,50,8,1998,1,10,-1,1,-1
201501GD10731,2,9,0,18,0,1,0,0,0,0,1,1,6,1,-1,-1,1870,2,10,-1,-1,-1
201501GD10732,1,9,0,7,0,5,0,0,0,0,4,1,2,1,23,5,1686,2,11,-1,1,-1
201501GD10732,2,1,0,18,0,1,0,0,0,0,3,1,2,1,38,7,-1,-1,-1,-1,1,-1
201501GD10735,1,9,0,7,0,2,0,0,0,0,2,1,2,1,52,8,-1,-1,-1,-1,1,-1
201501GD10735,2,9,0,7,0,2,0,0,0,0,1,1,6,2,-1,-1,-1,-1,-1,-1,-1,-1
201501GD10737,1,1,0,18,0,0,0,0,0,0,3,1,2,2,24,5,-1,-1,-1,-1,1,-1
201501GD10737,2,21,0,13,0,0,0,0,0,0,4,1,6,3,-1,-1,5880,2,5,-1,-1,-1
201501GD10738,1,8,0,11,2,1,0,0,0,0,4,1,1,1,47,8,1896,2,9,-1,1,-1
201501GD10738,2,4,0,18,2,1,0,0,0,0,3,1,2,1,35,6,790,1,9,-1,1,-1
201501GD10739,1,9,0,18,0,2,0,0,0,0,4,1,6,1,33,6,2435,1,12,-1,1,-1
201501GD10740,1,9,0,18,0,0,0,0,0,0,4,1,6,2,71,10,1299,1,12,-1,1,-1
201501GD10741,1,9,0,7,0,8,0,0,0,0,4,1,6,1,-1,-1,1586,1,11,-1,1,-1
201501GD10741,2,9,0,18,0,8,0,0,0,0,1,1,6,1,58,9,1686,2,4,-1,1,-1
201501GD10743,1,9,0,9,0,8,0,0,0,0,3,1,1,1,36,7,-1,-1,-1,-1,-1,-1
201501GD10743,2,4,0,18,0,8,0,0,0,0,1,1,2,1,34,6,279,1,2,-1,1,-1
201501GD10744,1,9,0,9,0,8,0,0,0,0,3,1,6,2,30,6,1388,1,10,-1,1,-1
201501GD10744,2,5,0,18,0,8,0,0,0,0,1,1,6,1,30,6,-1,-1,-1,-1,1,-1
201501GD10745,1,1,0,16,0,8,0,0,0,0,1,1,6,1,55,8,-1,-1,-1,-1,1,-1
201501GD10745,2,9,0,9,0,8,0,0,0,0,3,1,6,1,-1,-1,-1,-1,-1,-1,-1,-1
201501GD10746,1,2,0,18,0,8,0,0,0,0,1,1,6,1,34,6,125,1,-1,-1,1,-1
201501GD10746,2,19,0,9,0,8,0,0,0,0,3,1,6,1,45,7,1995,2,5,-1,1,-1
201501GD10750,1,9,0,13,0,0,0,0,0,0,4,1,6,1,25,5,1596,1,1,-1,-1,-1
201501GD10750,2,1,0,18,0,0,0,0,0,0,3,1,6,2,33,6,-1,-1,-1,-1,-1,-1
201501GD10751,1,9,0,18,0,8,0,0,0,0,3,1,6,1,26,6,1896,2,14,-1,1,-1
201501GD10751,2,1,0,18,0,8,0,0,0,0,1,1,6,2,40,7,-1,-1,-1,-1,1,-1
201501GD10752,1,3,0,18,0,8,0,0,0,0,1,1,6,1,34,6,124,1,3,-1,1,-1
201501GD10752,2,9,0,9,0,8,0,0,0,0,3,1,6,1,41,7,1149,1,4,-1,1,-1
201501GD10753,1,19,0,3,0,0,0,0,0,0,3,1,1,1,58,9,-1,-1,-1,-1,1,-1
201501GD10753,2,20,0,5,0,0,0,0,0,0,3,1,1,1,-1,-1,4751,2,12,-1,-1,-1
201501GD10754,1,1,0,18,0,8,0,0,0,0,4,1,1,1,26,6,-1,-1,-1,-1,1,-1
201501GD10754,2,9,0,7,0,8,0,0,0,0,1,1,6,1,-1,-1,1560,2,-1,-1,-1,-1
201501GD10755,1,9,0,3,0,1,0,0,0,0,2,1,6,1,48,8,1968,2,4,-1,1,-1
201501GD10755,2,9,0,4,0,1,0,0,0,0,2,1,6,2,27,6,1364,2,-1,-1,1,-1
201501GD10755,3,9,0,18,0,1,0,0,0,0,1,1,6,1,33,6,1364,1,10,-1,1,-1
201501GD10756,1,9,0,1,0,8,0,0,0,0,2,1,6,1,32,6,2148,2,9,-1,1,-1
201501GD10756,2,3,0,18,0,8,0,0,0,0,4,1,1,1,37,7,125,1,8,-1,1,-1
201501GD10757,1,9,0,18,0,8,0,0,0,0,1,1,2,1,29,6,1784,1,6,-1,1,-1
201501GD10757,2,9,0,9,0,8,0,0,0,0,1,1,1,1,31,6,1339,8,4,-1,-1,-1
201501GD10758,1,1,0,4,0,2,0,0,0,0,2,1,1,1,-1,-1,-1,-1,-1,-1,-1,-1
201501GD10758,2,1,0,18,0,2,0,0,0,0,1,1,2,1,24,5,-1,-1,-1,-1,1,-1
201501GD10759,1,3,0,13,0,1,0,7,0,0,1,1,6,1,18,4,124,1,3,-1,1,-1
201501GD10760,1,1,0,18,0,8,0,0,0,0,1,1,6,1,27,6,-1,-1,-1,-1,1,-1
201501GD10760,2,9,0,9,0,8,0,0,0,0,4,1,6,1,-1,-1,-1,-1,-1,-1,-1,-1
201501GD10761,1,1,0,18,0,8,0,0,0,0,1,1,6,2,26,6,-1,-1,-1,-1,1,-1
201501GD10761,2,9,0,9,0,8,0,0,0,0,4,1,6,1,-1,-1,1797,8,5,-1,-1,-1
201501GD10762,1,9,0,10,0,8,0,0,0,0,2,1,1,1,27,6,1461,2,5,-1,1,-1
201501GD10762,2,19,0,18,0,8,0,0,0,0,1,1,1,1,43,7,1399,2,6,-1,1,-1
201501GD10765,1,9,0,9,0,8,0,0,0,0,1,1,6,1,24,5,1968,2,2,-1,1,-1
201501GD10765,2,3,0,18,0,8,0,0,0,0,3,1,2,1,39,7,-1,-1,-1,-1,1,-1
201501GD10766,1,9,0,4,0,2,0,0,0,0,2,1,6,2,45,7,998,1,11,-1,2,-1
201501GD10766,2,9,0,18,0,2,0,0,0,0,1,1,6,1,52,8,2231,2,8,-1,1,-1
201501GD10768,1,9,0,18,0,2,0,0,0,0,2,1,6,1,65,9,1598,1,8,-1,3,-1
201501GD10768,2,9,0,18,0,2,0,0,0,0,1,1,6,1,-1,-1,-1,-1,-1,-1,-1,-1
201501GD10769,1,9,0,18,0,8,0,0,0,0,3,1,6,1,29,6,6208,1,3,-1,-1,-1
201501GD10769,2,9,0,9,0,8,0,0,0,0,1,1,6,3,-1,-1,-1,-1,-1,-1,-1,-1
201501GD10771,1,1,0,18,0,0,0,0,0,0,4,1,2,1,26,6,-1,-1,-1,-1,-1,-1
201501GD10771,2,9,0,12,0,0,0,0,0,0,3,1,6,1,-1,-1,1497,8,9,-1,-1,-1
201501GD10772,1,11,0,5,0,0,0,0,0,0,0,1,1,1,38,7,6700,2,5,-1,1,-1
201501GD10773,1,1,0,18,0,0,0,0,0,0,3,1,2,1,31,6,-1,-1,-1,-1,1,-1
201501GD10773,2,9,0,13,0,0,0,0,0,0,4,1,6,1,30,6,-1,-1,-1,-1,-1,-1
201501GD10774,1,3,0,3,0,2,0,0,0,0,2,1,6,1,35,6,125,1,1,-1,1,-1
201501GD10774,2,9,0,18,0,2,0,0,0,0,1,1,6,2,-1,-1,1461,2,1,-1,-1,-1
201501GD10775,1,8,0,18,0,0,0,0,0,0,1,1,1,1,47,8,2148,2,13,-1,1,-1
201501GD10775,2,9,0,18,0,0,0,0,0,0,1,1,6,1,35,6,-1,-1,-1,-1,1,-1
201501GD10776,1,19,0,3,0,1,0,0,0,0,2,1,1,1,25,5,2460,2,10,-1,1,-1
201501GD10776,2,21,0,18,0,1,0,0,0,0,1,1,1,1,-1,-1,-1,-1,-1,-1,-1,-1
201501GD10777,1,19,0,2,0,0,0,0,0,0,2,1,1,1,-1,-1,1560,2,4,-1,-1,-1
201501GD10777,2,9,0,1,0,0,0,4,0,0,2,1,6,1,-1,-1,1986,2,9,-1,-1,-1
201501GD10778,1,9,0,5,0,8,0,0,0,0,1,1,6,1,38,7,1598,2,-1,-1,1,-1
201501GD10778,2,1,0,9,0,8,0,0,0,0,4,1,6,1,27,6,-1,-1,-1,-1,1,-1
201501GD10779,1,9,0,17,9,0,0,10,1,2,1,1,6,1,37,7,1240,1,12,-1,1,-1
201501GD10780,1,9,0,18,0,8,0,0,0,0,1,1,6,2,48,8,2967,2,3,-1,1,-1
201501GD10780,2,9,0,18,0,8,0,0,0,0,4,1,6,1,31,6,2993,2,3,-1,2,-1
201501GD10781,1,9,0,9,0,8,0,0,0,0,1,1,6,1,48,8,-1,-1,-1,-1,1,-1
201501GD10781,2,3,0,17,0,8,0,0,0,0,4,1,6,1,35,6,124,1,16,-1,1,-1
201501GD10782,1,11,0,18,0,0,0,0,0,0,0,1,1,1,54,8,4760,2,5,-1,1,-1
201501GD10783,1,10,0,9,0,8,0,0,0,0,3,1,1,2,-1,-1,-1,-1,-1,-1,-1,-1
201501GD10783,2,3,0,18,0,8,0,0,0,0,1,1,1,1,44,7,125,1,4,-1,-1,-1
201501GD10784,1,9,0,5,0,1,0,0,0,0,3,1,6,1,-1,-1,1998,1,15,-1,1,-1
201501GD10784,2,1,0,18,0,1,0,0,0,0,4,1,6,2,26,6,-1,-1,-1,-1,1,-1
201501GD10786,1,1,0,18,0,2,0,0,0,0,1,1,6,2,32,6,-1,-1,-1,-1,1,-1
201501GD10786,2,21,0,5,0,1,0,0,0,0,1,1,1,1,37,7,10677,2,-1,-1,1,-1
201501GD10787,1,4,0,18,0,8,0,0,0,0,3,1,2,1,32,6,124,1,5,-1,1,-1