Accident_Index,Vehicle_Reference,Vehicle_Type,Towing_and_Articulation,Vehicle_Manoeuvre,Vehicle_Location-Restricted_Lane,Junction_Location,Skidding_and_Overturning,Hit_Object_in_Carriageway,Vehicle_Leaving_Carriageway,Hit_Object_off_Carriageway,1st_Point_of_Impact,Was_Vehicle_Left_Hand_Drive?,Journey_Purpose_of_Driver,Sex_of_Driver,Age_of_Driver,Age_Band_of_Driver,Engine_Capacity_(CC),Propulsion_Code,Age_of_Vehicle,Driver_IMD_Decile,Driver_Home_Area_Type,Vehicle_IMD_Decile
201501GD10787,2,9,0,9,0,8,0,0,0,0,1,1,6,1,46,8,2720,2,9,-1,1,-1
201501GD10788,1,9,0,1,0,0,0,0,0,0,2,1,6,3,-1,-1,-1,-1,-1,-1,-1,-1
201501GD10789,1,8,0,6,0,1,0,0,0,0,4,1,1,1,45,7,1560,2,4,-1,1,-1
201501GD10789,2,1,0,18,0,2,0,0,0,0,1,1,2,1,28,6,-1,-1,-1,-1,1,-1
201501GD10791,1,1,0,18,0,8,0,0,0,0,3,1,2,1,50,8,-1,-1,-1,-1,1,-1
201501GD10791,2,19,4,13,0,8,0,0,0,0,4,1,6,3,-1,-1,2402,2,14,-1,-1,-1
201501GD10792,1,3,0,18,0,0,0,0,0,0,1,1,6,1,26,6,125,1,5,-1,1,-1
201501GD10792,2,8,0,6,0,0,0,0,0,0,1,1,1,3,-1,-1,-1,-1,-1,-1,-1,-1
201501GD10794,1,1,0,18,0,1,0,0,0,0,1,1,6,1,42,7,-1,-1,-1,-1,1,-1
201501GD10794,2,9,0,17,0,2,0,0,0,0,1,1,6,1,-1,-1,-1,-1,-1,-1,-1,-1
201501GD10796,1,3,0,18,0,1,0,0,0,0,3,1,6,1,56,9,124,1,11,-1,1,-1
201501GD10797,1,9,0,3,0,1,0,0,0,0,2,1,6,1,29,6,1197,1,1,-1,1,-1
201501GD10797,2,9,0,3,0,1,0,0,0,0,2,1,6,1,52,8,1998,1,10,-1,1,-1
201501GD10797,3,9,0,18,0,1,0,0,0,0,1,1,6,2,31,6,2143,2,-1,-1,1,-1
201501GD10798,1,8,0,18,0,1,0,0,0,0,2,1,1,1,41,7,1798,8,-1,-1,1,-1
201501GD10798,2,11,0,18,0,1,0,0,0,0,1,1,1,1,26,6,6700,2,4,-1,-1,-1
201501GD10799,1,9,0,18,0,0,0,4,0,0,1,1,6,1,-1,-1,1598,1,4,-1,-1,-1
201501GD10799,2,9,0,2,0,0,0,4,0,0,2,1,6,3,-1,-1,1796,1,9,-1,-1,-1
201501GD10799,3,9,0,2,0,0,0,4,0,0,2,1,6,3,-1,-1,1590,1,16,-1,-1,-1
201501GD10799,4,9,0,2,0,0,0,0,0,0,2,1,6,3,-1,-1,2720,2,9,-1,-1,-1
201501GD10800,1,3,0,18,0,0,0,0,0,0,1,1,6,1,26,6,102,1,9,-1,1,-1
201501GD10801,1,11,0,18,0,0,0,0,0,0,0,1,1,1,61,9,4500,2,1,-1,-1,-1
201501GD10802,1,9,0,4,0,1,0,0,0,0,2,1,6,1,39,7,1896,2,12,-1,1,-1
201501GD10802,2,19,0,18,0,1,0,0,0,0,1,1,1,1,24,5,1997,2,1,-1,1,-1
201501GD10803,1,3,0,18,0,0,0,0,0,0,1,1,6,1,35,6,-1,-1,-1,-1,1,-1
201501GD10804,1,1,0,18,0,8,0,0,0,0,1,1,2,1,37,7,-1,-1,-1,-1,1,-1
201501GD10804,2,9,0,9,0,8,0,0,0,0,4,1,6,2,-1,-1,1496,2,1,-1,-1,-1
201501GD10806,1,19,0,18,0,0,0,0,0,0,1,1,2,1,61,9,2461,2,11,-1,1,-1
201501GD10806,2,9,0,18,0,0,0,0,0,0,1,1,6,1,57,9,1896,2,8,-1,1,-1
201501GD10807,1,11,0,18,0,0,0,0,0,0,1,1,1,1,43,7,-1,-1,-1,-1,1,-1
201501GD10807,2,11,0,4,0,0,0,0,0,0,2,1,1,1,50,8,9360,2,4,-1,1,-1
201501GD10808,1,9,0,18,0,1,0,0,0,0,3,1,6,3,-1,-1,-1,-1,-1,-1,-1,-1
201501GD10811,1,9,0,9,0,2,0,0,0,0,1,1,1,2,30,6,1242,1,1,-1,1,-1
201501GD10812,1,9,0,18,0,0,0,4,0,0,1,1,2,1,43,7,1794,1,11,-1,1,-1
201501GD10812,2,9,0,2,0,0,0,4,0,0,2,1,6,1,59,9,1497,8,1,-1,3,-1
201501GD10812,3,9,0,2,0,0,0,0,0,0,2,1,6,2,27,6,1390,1,6,-1,1,-1
201501GD10813,1,3,0,18,0,1,0,0,0,0,1,1,6,1,21,5,124,1,6,-1,1,-1
201501GD10813,2,8,0,9,0,8,0,0,0,0,4,1,1,1,45,7,1797,8,4,-1,1,-1
201501GD10813,3,9,0,18,0,1,0,0,0,0,4,1,6,2,42,7,1968,2,10,-1,1,-1
201501GD10814,1,9,0,1,0,1,0,0,0,0,2,1,6,3,-1,-1,-1,-1,-1,-1,-1,-1
201501GD10815,1,11,0,18,0,0,0,0,0,0,4,1,1,1,52,8,6692,2,4,-1,1,-1
201501GD10816,1,3,0,18,0,2,0,0,0,0,1,1,2,1,37,7,125,1,1,-1,1,-1
201501GD10816,2,1,0,18,0,2,0,0,0,0,3,1,6,1,-1,-1,-1,-1,-1,-1,-1,-1
201501GD10818,1,9,0,7,0,8,0,0,0,0,1,1,6,1,-1,-1,1587,1,9,-1,-1,-1
201501GD10818,2,1,0,17,0,8,0,0,0,0,4,1,6,1,37,7,-1,-1,-1,-1,1,-1
201501GD10819,1,21,0,7,0,5,0,0,0,0,4,1,1,1,43,7,1260,2,12,-1,1,-1
201501GD10819,2,1,0,18,0,1,0,0,0,0,3,1,6,1,35,6,-1,-1,-1,-1,1,-1
201501GD10821,1,8,0,18,0,1,0,0,0,0,1,1,6,1,45,7,1497,8,8,-1,1,-1
201501GD10821,2,9,0,9,0,2,0,0,0,0,1,1,2,1,35,6,1798,8,1,-1,1,-1
201501GD10822,1,19,0,18,0,1,0,0,0,0,1,1,1,1,-1,-1,1998,2,11,-1,1,-1
201501GD10823,1,9,0,4,0,0,0,0,0,0,1,1,6,1,31,6,1560,2,4,-1,1,-1
201501GD10823,2,9,0,4,0,0,0,0,0,0,2,1,6,1,30,6,1396,1,10,-1,1,-1
201501GD10824,1,1,0,18,0,1,0,0,0,0,3,1,6,1,34,6,-1,-1,-1,-1,1,-1
201501GD10824,2,9,0,7,0,5,0,0,0,0,4,1,6,1,40,7,-1,-1,-1,-1,-1,-1
201501GD10825,1,1,0,3,0,0,0,0,0,0,2,1,2,1,28,6,-1,-1,-1,-1,1,-1
201501GD10825,2,20,0,1,0,0,0,0,0,0,2,1,1,1,-1,-1,6370,2,4,-1,-1,-1
201501GD10826,1,19,0,9,0,8,0,0,0,0,4,1,6,1,33,6,1399,2,5,-1,1,-1
201501GD10826,2,1,0,18,0,8,0,0,0,0,1,1,6,2,33,6,-1,-1,-1,-1,1,-1
201501GD10827,1,9,0,18,0,1,0,0,0,0,1,1,6,2,41,7,-1,-1,-1,-1,1,-1
201501GD10827,2,9,0,18,0,1,0,0,0,0,2,2,6,1,22,5,-1,-1,-1,-1,1,-1
201501GD10828,1,4,0,18,0,1,0,0,0,0,3,1,2,1,54,8,847,1,2,-1,-1,-1
201501GD10828,2,1,0,18,0,1,0,0,0,0,0,1,2,1,50,8,-1,-1,-1,-1,1,-1
201501GD10829,1,2,0,14,0,0,0,0,0,0,1,1,1,1,43,7,49,1,1,-1,1,-1
201501GD10831,1,9,0,9,0,8,0,0,0,0,1,1,6,1,26,6,1796,1,8,-1,1,-1
201501GD10831,2,9,0,18,0,8,0,0,0,0,3,1,6,1,50,8,2143,2,1,-1,1,-1
201501GD10832,1,9,0,9,0,8,0,0,0,0,4,1,1,1,22,5,-1,-1,-1,-1,1,-1
201501GD10832,2,11,0,18,0,8,0,0,0,0,1,1,1,1,30,6,4500,2,1,-1,1,-1
201501GD10833,1,5,0,18,0,1,0,0,0,0,4,1,2,1,33,6,1170,1,8,-1,1,-1
201501GD10833,2,9,0,6,0,1,0,0,0,0,3,1,6,1,-1,-1,-1,-1,-1,-1,-1,-1
201501GD10834,1,1,0,18,0,8,0,0,0,0,1,1,2,1,24,5,-1,-1,-1,-1,1,-1
201501GD10834,2,9,0,9,0,8,0,0,0,0,4,1,6,3,-1,-1,-1,-1,-1,-1,-1,-1
201501GD10835,1,11,0,3,0,1,0,0,0,0,0,1,1,2,39,7,4500,2,-1,-1,-1,-1
201501GD10836,1,1,0,18,0,1,0,0,0,0,3,1,2,1,31,6,-1,-1,-1,-1,1,-1
201501GD10837,1,8,0,9,0,8,0,0,0,0,3,1,1,1,42,7,1797,8,5,-1,1,-1
201501GD10837,2,3,0,18,0,8,1,0,0,0,1,1,6,1,49,8,125,1,8,-1,1,-1
201501GD10838,1,9,0,18,0,0,0,0,0,0,1,1,6,1,27,6,-1,-1,-1,-1,1,-1
201501GD10840,1,9,0,7,0,5,0,0,0,0,4,1,6,1,47,8,2698,2,7,-1,1,-1
201501GD10840,2,3,0,18,0,1,0,0,0,0,3,1,6,1,29,6,124,1,4,-1,1,-1
201501GD10841,1,9,0,18,0,8,0,0,0,0,1,1,3,1,29,6,1242,1,9,-1,1,-1
201501GD10841,2,1,0,9,0,8,0,0,0,0,3,1,2,1,28,6,-1,-1,-1,-1,1,-1
201501GD10842,1,3,0,18,0,0,0,0,0,0,3,1,6,1,25,5,125,1,4,-1,1,-1
201501GD10843,1,9,0,9,0,8,0,0,0,0,3,1,2,2,31,6,1991,1,-1,-1,3,-1
201501GD10843,2,3,0,18,0,8,0,0,0,0,1,1,2,1,25,5,113,1,-1,-1,1,-1
201501GD10844,1,3,0,14,0,0,0,0,0,0,4,1,6,1,56,9,124,1,3,-1,1,-1
201501GD10845,1,8,0,18,0,0,0,0,0,0,4,1,1,1,47,8,1797,8,4,-1,1,-1
201501GD10846,1,19,0,9,0,2,0,0,0,0,3,1,1,1,40,7,1896,2,10,-1,1,-1
201501GD10847,1,9,0,18,0,0,0,0,0,0,3,1,6,1,53,8,1995,2,6,-1,1,-1
201501GD10848,1,1,0,18,0,0,0,0,0,0,1,1,2,2,23,5,-1,-1,-1,-1,1,-1
201501GD10848,2,9,0,6,0,0,0,0,0,0,4,1,6,1,25,5,2000,2,10,-1,1,-1
201501GD10850,1,19,0,9,0,8,0,0,0,0,1,1,1,1,44,7,-1,-1,-1,-1,1,-1
201501GD10850,2,1,0,18,0,8,0,0,0,0,4,1,2,2,30,6,-1,-1,-1,-1,1,-1
201501GD10851,1,9,0,18,0,1,0,0,0,0,1,1,6,1,32,6,1339,8,7,-1,1,-1
201501GD10851,2,9,0,3,0,1,0,0,0,0,2,1,6,1,62,9,1108,1,10,-1,1,-1
201501GD10852,1,9,0,18,0,8,0,0,0,0,4,1,6,2,43,7,1242,1,6,-1,1,-1
201501GD10852,2,1,0,18,0,8,0,0,0,0,1,1,6,1,41,7,-1,-1,-1,-1,1,-1
201501GD10853,1,9,0,9,0,8,0,0,0,0,4,1,6,2,20,4,998,1,8,-1,1,-1
201501GD10853,2,9,0,18,0,8,0,0,0,0,1,1,6,1,46,8,998,1,15,-1,1,-1
201501GD10854,1,9,0,18,0,0,0,0,0,0,2,1,6,1,51,8,1796,1,10,-1,1,-1
201501GD10854,2,9,0,18,0,0,0,0,0,0,1,1,6,1,-1,-1,1997,2,9,-1,-1,-1
201501GD10855,1,11,0,18,0,1,0,0,0,0,0,1,1,1,45,7,4760,2,2,-1,1,-1
201501GD10857,1,1,0,18,0,0,0,8,0,0,1,1,6,1,41,7,-1,-1,-1,-1,1,-1
201501GD10857,2,9,0,2,0,0,0,0,0,0,3,1,6,1,-1,-1,-1,-1,-1,-1,1,-1
201501GD10859,1,9,0,18,0,8,0,0,0,0,3,1,6,1,24,5,1461,2,-1,-1,1,-1
201501GD10859,2,9,0,9,0,8,0,0,0,0,1,1,6,1,-1,-1,-1,-1,-1,-1,-1,-1
201501GD10860,1,9,0,13,0,1,0,0,0,0,4,1,6,2,36,7,1299,1,9,-1,1,-1
201501GD10860,2,3,0,18,0,1,0,0,0,0,3,1,6,1,21,5,125,1,6,-1,1,-1
201501GD10861,1,1,0,15,0,8,0,0,0,0,3,1,6,1,27,6,-1,-1,-1,-1,1,-1
201501GD10861,2,19,0,7,0,8,0,0,0,0,4,1,6,3,-1,-1,5880,5,3,-1,-1,-1
201501GD10864,1,19,0,18,0,1,0,0,0,0,2,1,6,1,37,7,1753,2,4,-1,1,-1
201501GD10864,2,3,0,18,0,1,0,0,0,0,1,1,6,1,37,7,108,1,1,-1,1,-1
201501GD10865,1,3,0,14,0,2,0,0,0,0,1,1,6,3,-1,-1,-1,-1,-1,-1,-1,-1
201501GD10866,1,9,0,18,0,2,0,0,0,0,1,1,6,1,50,8,1999,1,9,-1,1,-1
201501GD10866,2,1,0,18,0,2,0,0,0,0,4,1,6,2,26,6,-1,-1,-1,-1,1,-1
201501GD10868,1,1,0,7,0,8,0,0,0,0,0,1,6,1,41,7,-1,-1,-1,-1,-1,-1
201501GD10869,1,8,0,4,0,1,0,0,0,0,2,1,1,1,60,9,1997,2,3,-1,1,-1
201501GD10869,2,9,0,18,0,1,0,0,0,0,1,1,6,1,30,6,1798,1,9,-1,-1,-1
201501GD10872,1,9,0,18,0,2,0,0,0,0,1,1,6,2,33,6,1198,1,5,-1,1,-1
201501GD10873,1,9,0,18,0,1,0,0,0,0,1,1,6,1,76,11,-1,-1,-1,-1,-1,-1
201501GD10873,2,9,0,18,0,2,0,0,0,0,1,1,6,1,51,8,-1,-1,-1,-1,1,-1
201501GD10874,1,9,0,9,0,2,0,0,0,0,1,1,6,3,-1,-1,-1,-1,-1,-1,-1,-1
201501GD10875,1,11,0,5,0,0,0,0,0,0,0,1,1,1,23,5,5132,2,-1,-1,1,-1
201501GD10876,1,9,0,18,0,0,0,0,0,0,1,1,2,1,22,5,998,1,6,-1,1,-1
201501GD10877,1,9,0,4,0,0,0,0,0,0,2,1,6,2,31,6,1995,2,9,-1,1,-1
201501GD10877,2,19,0,18,0,0,0,0,0,0,1,1,6,1,40,7,-1,-1,-1,-1,-1,-1
201501GD10880,1,19,0,4,0,1,0,0,0,0,2,1,1,1,25,5,2198,2,8,-1,1,-1
201501GD10880,2,9,0,18,0,1,0,0,0,0,1,1,1,1,41,7,1896,2,5,-1,1,-1
201501GD10881,1,11,0,5,0,2,0,0,0,0,4,1,1,1,47,8,4500,2,3,-1,1,-1
201501GD10881,2,1,0,5,0,2,0,0,0,0,3,1,2,1,38,7,-1,-1,-1,-1,1,-1
201501GD10882,1,9,0,18,0,1,0,0,0,0,1,1,6,1,23,5,1360,1,9,-1,1,-1
201501GD10882,2,19,0,4,0,1,0,0,0,0,2,1,6,1,53,8,2148,2,10,-1,1,-1
201501GD10883,1,19,0,18,0,2,0,0,0,0,3,1,1,1,54,8,2198,2,3,-1,1,-1
201501GD10884,1,19,0,9,0,8,0,0,0,0,1,1,1,1,66,10,2198,2,3,-1,1,-1
201501GD10884,2,1,0,18,0,8,0,0,0,0,1,1,2,1,26,6,-1,-1,-1,-1,1,-1
201501GD10885,1,9,0,9,0,8,0,0,0,0,3,1,2,1,64,9,1731,1,17,-1,1,-1
201501GD10885,2,9,0,13,0,8,0,0,0,0,4,1,1,2,-1,-1,-1,-1,-1,-1,-1,-1
201501GD10886,1,9,0,18,0,2,0,0,0,0,1,1,6,2,39,7,1590,1,10,-1,1,-1
201501GD10886,2,1,0,18,0,1,0,0,0,0,1,1,6,1,18,4,-1,-1,-1,-1,1,-1
201501GD10887,1,9,0,18,0,8,0,0,0,0,1,1,2,1,36,7,998,1,15,-1,1,-1
201501GD10887,2,1,0,9,0,8,0,0,0,0,1,1,2,1,32,6,-1,-1,-1,-1,1,-1
201501GD10888,1,19,0,18,0,1,0,0,0,0,1,1,2,1,39,7,2198,2,3,-1,1,-1
201501GD10889,1,9,0,5,0,2,0,0,0,0,1,1,6,1,25,5,1598,2,1,-1,-1,-1
201501GD10890,1,9,0,3,0,1,0,0,0,0,2,1,2,1,48,8,1968,2,-1,-1,1,-1
201501GD10890,2,9,0,18,0,1,0,0,0,0,1,1,2,1,54,8,1910,2,5,-1,1,-1
201501GD10891,1,9,0,9,0,2,0,0,0,0,3,1,6,2,33,6,1598,1,9,-1,1,-1
201501GD10892,1,3,0,18,0,1,0,0,0,0,1,1,6,1,53,8,124,1,15,-1,1,-1
201501GD10892,2,19,0,18,0,2,0,0,0,0,1,1,6,1,29,6,-1,-1,-1,-1,1,-1
201501GD10893,1,1,0,18,0,1,0,0,0,0,3,1,6,1,49,8,-1,-1,-1,-1,1,-1
201501GD10894,1,9,0,9,0,8,0,0,0,0,1,1,2,1,35,6,2993,2,3,-1,1,-1
201501GD10894,2,1,0,18,0,8,0,0,0,0,4,1,6,1,36,7,-1,-1,-1,-1,1,-1
201501GD10895,1,2,0,13,0,8,0,0,0,0,4,1,6,1,31,6,49,1,-1,-1,1,-1
201501GD10895,2,9,0,9,0,8,0,0,0,0,3,1,6,1,-1,-1,1753,2,7,-1,-1,-1
201501GD10896,1,9,0,9,0,8,0,0,0,0,1,1,6,3,-1,-1,1997,1,11,-1,-1,-1
201501GD10896,2,1,0,17,0,8,0,0,0,0,4,1,6,1,40,7,-1,-1,-1,-1,1,-1
201501GD10897,1,9,0,9,0,8,0,0,0,0,4,1,6,1,30,6,1968,2,6,-1,1,-1
201501GD10897,2,3,0,18,0,8,0,0,0,0,1,1,1,1,31,6,124,1,2,-1,1,-1
201501GD10899,1,9,0,9,0,8,0,0,0,0,1,1,6,1,23,5,1896,2,9,-1,1,-1
201501GD10899,2,9,0,18,0,8,0,0,0,0,4,1,6,2,31,6,1596,1,11,-1,1,-1
201501GD10900,1,9,0,18,0,0,0,0,0,0,4,1,6,1,-1,-1,-1,-1,-1,-1,-1,-1
201501GD10902,1,9,0,13,0,2,0,0,0,0,4,1,6,2,22,5,998,1,4,-1,1,-1
201501GD10902,2,1,0,18,0,2,0,0,0,0,3,1,6,1,48,8,-1,-1,-1,-1,1,-1
201501GD10903,1,1,0,18,0,8,0,0,0,0,4,1,2,1,-1,-1,-1,-1,-1,-1,1,-1
201501GD10903,2,9,0,9,0,8,0,0,0,0,1,1,6,1,31,6,-1,-1,-1,-1,1,-1
201501GD10904,1,5,0,5,0,8,0,0,0,0,2,1,2,1,41,7,599,1,8,-1,1,-1
201501GD10904,2,9,0,18,0,8,0,0,0,0,1,1,6,3,-1,-1,-1,-1,-1,-1,-1,-1
201501GD10905,1,9,0,1,0,1,0,0,0,0,2,1,6,1,35,6,1796,1,7,-1,1,-1
201501GD10906,1,11,0,5,0,2,0,0,0,0,0,1,1,2,37,7,9000,2,6,-1,1,-1
201501GD10907,1,9,0,18,0,0,0,0,0,0,1,1,2,1,24,5,1390,1,6,-1,1,-1
201501GD10907,2,4,0,14,0,0,0,0,0,0,1,1,2,1,57,9,680,1,8,-1,-1,-1
201501GD10908,1,9,0,18,0,0,0,0,0,0,1,1,6,1,45,7,1997,1,2,-1,1,-1
201501GD10909,1,3,0,18,0,0,0,0,0,0,3,1,6,1,25,5,599,1,14,-1,-1,-1
201501GD10910,1,3,0,18,9,1,0,10,7,1,1,1,1,1,22,5,109,1,1,-1,1,-1
201501GD10911,1,8,0,18,0,8,0,0,0,0,1,1,1,1,49,8,2402,2,11,-1,1,-1
201501GD10911,2,1,0,9,0,8,0,0,0,0,1,1,2,1,28,6,-1,-1,-1,-1,1,-1
201501GD10913,1,19,0,7,0,5,0,0,0,0,4,1,1,1,45,7,2198,2,5,-1,1,-1
201501GD10913,2,1,0,18,0,1,0,0,0,0,3,1,2,1,27,6,-1,-1,-1,-1,1,-1
201501GD10914,1,2,0,18,0,1,0,0,0,0,1,1,6,3,-1,-1,-1,-1,-1,-1,-1,-1
201501GD10915,1,19,0,9,0,8,0,0,0,0,1,1,1,1,52,8,1560,2,2,-1,1,-1
201501GD10915,2,3,0,18,0,8,0,0,0,0,4,1,6,1,44,7,-1,-1,-1,-1,1,-1
201501GD10916,1,9,0,4,0,1,0,0,0,0,2,1,1,1,-1,-1,-1,-1,-1,-1,-1,-1
201501GD10916,2,3,0,18,0,1,0,0,0,0,1,1,2,1,53,8,125,1,-1,-1,1,-1
201501GD10917,1,9,0,18,9,1,0,7,1,0,1,1,6,1,25,5,1242,1,12,-1,1,-1
201501GD10918,1,9,0,7,0,5,0,0,0,0,4,1,6,1,53,8,2143,2,1,-1,1,-1
201501GD10918,2,11,0,18,2,1,0,0,0,0,3,1,1,1,45,7,4760,2,2,-1,1,-1
201501GD10919,1,1,0,15,0,1,0,8,0,0,1,1,6,2,41,7,-1,-1,-1,-1,1,-1
201501GD10919,2,9,0,3,0,1,0,0,0,0,4,1,6,1,-1,-1,1995,2,8,-1,-1,-1
201501GD10920,1,9,0,9,0,8,0,0,0,0,1,1,6,2,34,6,1124,1,11,-1,1,-1
201501GD10920,2,2,0,18,0,8,0,0,0,0,1,1,6,2,21,5,49,1,13,-1,1,-1
201501GD10921,1,19,0,9,0,8,0,0,0,0,1,1,6,1,37,7,-1,-1,-1,-1,1,-1
201501GD10921,2,9,0,18,0,8,0,0,0,0,1,1,1,1,-1,-1,-1,-1,-1,-1,-1,-1
201501GD10922,1,9,0,18,9,0,0,10,7,0,1,1,3,2,35,6,1598,1,3,-1,1,-1
201501GD10923,1,1,0,15,0,1,0,8,0,0,1,1,2,1,46,8,-1,-1,-1,-1,1,-1
201501GD10923,2,9,0,3,0,1,0,0,0,0,4,1,6,1,-1,-1,1995,2,3,-1,1,-1
201501GD10924,1,9,0,18,0,1,0,0,0,0,1,1,6,1,44,7,-1,-1,-1,-1,1,-1
201501GD10925,1,8,0,10,0,8,0,0,0,0,2,1,1,1,39,7,2143,2,1,-1,1,-1
201501GD10925,2,9,0,18,0,8,0,0,0,0,1,1,6,2,20,4,1999,1,8,-1,-1,-1
201501GD10927,1,9,0,18,0,2,0,0,0,0,4,1,6,1,42,7,1598,1,12,-1,1,-1
201501GD10927,2,2,0,15,0,2,0,0,0,0,3,1,6,2,85,11,50,1,10,-1,1,-1
201501GD10929,1,9,0,18,0,2,0,0,0,0,1,1,6,3,-1,-1,-1,-1,-1,-1,-1,-1
201501GD10930,1,1,0,18,0,1,0,0,0,0,2,1,6,2,62,9,-1,-1,-1,-1,1,-1
201501GD10930,2,9,0,18,0,1,0,0,0,0,1,1,6,2,-1,-1,999,1,6,-1,-1,-1
201501GD10931,1,9,0,9,0,8,0,0,0,0,1,1,6,1,36,7,1560,2,-1,-1,1,-1
201501GD10931,2,3,0,18,0,8,0,0,0,0,1,1,6,1,52,8,998,1,7,-1,1,-1
201501GD10932,1,3,0,18,0,1,0,0,0,0,3,1,1,1,24,5,125,1,5,-1,1,-1
201501GD10932,2,9,0,7,0,5,0,0,0,0,4,1,6,1,50,8,1968,2,7,-1,1,-1
201501GD10934,1,11,0,4,0,2,0,0,0,0,0,1,1,1,50,8,4760,2,4,-1,1,-1
201501GD10935,1,9,0,9,0,8,0,0,0,0,3,1,6,1,45,7,1498,1,6,-1,1,-1
201501GD10935,2,3,0,18,0,8,0,0,0,0,1,1,6,1,22,5,125,1,1,-1,1,-1
201501GD10936,1,11,0,4,0,0,0,0,0,0,0,1,1,1,-1,-1,9000,2,6,-1,1,-1
201501GD10937,1,9,0,9,0,8,0,0,0,0,1,1,2,1,54,8,1956,2,2,-1,1,-1
201501GD10937,2,1,0,18,0,8,0,0,0,0,4,1,6,2,25,5,-1,-1,-1,-1,1,-1
201501GD10938,1,3,0,18,0,8,0,0,0,0,1,1,6,1,33,6,125,1,6,-1,1,-1
201501GD10938,2,9,0,9,0,8,0,0,0,0,3,1,6,1,31,6,1968,2,1,-1,1,-1
201501GD10939,1,9,0,14,0,0,0,0,0,0,4,1,6,1,30,6,1798,1,7,-1,1,-1
201501GD10940,1,1,0,18,0,1,0,0,0,0,0,1,6,1,30,6,-1,-1,-1,-1,1,-1
201501GD10941,1,11,0,18,0,2,0,0,0,0,0,1,1,1,53,8,4500,2,4,-1,1,-1
201501GD10942,1,9,0,18,0,0,0,4,0,0,1,1,6,1,20,4,1796,1,10,-1,1,-1
201501GD10942,2,9,0,2,0,0,0,4,0,0,1,1,6,1,-1,-1,1968,2,2,-1,1,-1
201501GD10942,3,9,0,2,0,0,0,0,0,0,1,1,6,2,-1,-1,1390,1,4,-1,1,-1
201501GD10943,1,9,0,9,0,8,0,0,0,0,3,1,6,2,36,7,1299,1,15,-1,1,-1
201501GD10943,2,9,0,18,0,8,0,0,0,0,1,1,6,1,-1,-1,1497,8,8,-1,1,-1
201501GD10945,1,1,0,18,0,8,0,0,0,0,1,1,6,1,23,5,-1,-1,-1,-1,-1,-1
201501GD10945,2,9,0,9,0,8,0,0,0,0,4,1,6,1,27,6,1794,1,14,-1,1,-1
201501GD10946,1,3,0,18,0,1,0,0,0,0,1,1,6,1,21,5,124,1,13,-1,1,-1
201501GD10947,1,11,0,18,0,0,0,0,0,0,4,1,1,3,-1,-1,-1,-1,-1,-1,-1,-1
201501GD10948,1,1,0,18,0,8,0,0,0,0,1,1,2,2,27,6,-1,-1,-1,-1,1,-1
201501GD10948,2,19,0,9,0,8,0,0,0,0,3,1,6,1,-1,-1,1461,2,9,-1,1,-1
201501GD10949,1,9,0,18,0,8,0,0,0,0,1,1,6,1,58,9,1461,2,-1,-1,1,-1
201501GD10949,2,9,0,9,0,8,0,0,0,0,4,1,6,1,54,8,1995,2,13,-1,1,-1
201501GD10952,1,11,0,9,0,2,0,0,0,0,0,1,1,1,30,6,6692,2,2,-1,-1,-1
201501GD10953,1,9,0,18,0,0,0,0,0,0,1,1,6,2,23,5,999,1,2,-1,1,-1
201501GD10954,1,11,0,18,0,0,0,0,0,0,1,1,1,1,44,7,4500,2,-1,-1,1,-1
201501GD10955,1,9,0,7,0,2,0,0,0,0,1,1,6,1,-1,-1,-1,-1,-1,-1,-1,-1
201501GD10958,1,9,0,2,0,0,0,0,0,0,3,1,6,1,38,7,1598,2,-1,-1,1,-1
201501GD10958,2,1,0,18,0,0,0,8,0,0,1,1,6,1,37,7,-1,-1,-1,-1,1,-1
201501GD10961,1,9,0,9,0,2,0,0,0,0,3,1,2,1,22,5,1582,2,7,-1,1,-1
201501GD10962,1,8,0,18,0,0,0,0,0,0,3,1,1,3,-1,-1,-1,-1,-1,-1,-1,-1
201501GD10963,1,9,0,6,0,0,0,0,0,0,3,1,1,1,-1,-1,1997,2,5,-1,1,-1
201501GD10963,2,3,0,18,0,0,0,0,0,0,4,1,2,1,34,6,499,1,6,-1,1,-1
201501GD10964,1,9,0,9,0,8,0,0,0,0,1,1,6,1,25,5,1198,1,13,-1,1,-1
201501GD10964,2,1,0,18,0,8,0,0,0,0,1,1,6,1,54,8,-1,-1,-1,-1,1,-1
201501GD10965,1,9,0,18,0,8,0,0,0,0,1,1,1,1,44,7,1968,2,4,-1,1,-1
201501GD10965,2,1,0,9,0,8,0,0,0,0,4,1,6,2,31,6,-1,-1,-1,-1,1,-1
201501GD10967,1,8,0,18,0,8,0,0,0,0,3,1,1,1,43,7,1339,8,5,-1,1,-1
201501GD10967,2,1,0,18,0,8,0,0,0,0,1,1,6,2,27,6,-1,-1,-1,-1,1,-1
201501GD10968,1,19,0,18,0,0,0,0,0,0,1,1,6,1,49,8,2148,2,9,-1,1,-1
201501GD10968,2,11,0,3,0,0,0,0,0,0,2,1,1,1,62,9,6700,2,5,-1,1,-1
201501GD10969,1,1,0,7,0,1,0,0,0,0,4,1,2,2,32,6,-1,-1,-1,-1,1,-1
201501GD10969,2,9,0,18,0,1,0,0,0,0,3,1,6,1,-1,-1,-1,-1,-1,-1,-1,-1
201501GD10970,1,19,0,9,0,8,0,0,0,0,4,1,2,1,37,7,1461,2,4,-1,1,-1
201501GD10970,2,1,0,18,0,8,0,0,0,0,1,1,6,1,13,3,-1,-1,-1,-1,1,-1
201501GD10971,1,9,0,9,0,8,0,0,0,0,1,1,2,1,31,6,2143,2,1,-1,-1,-1
201501GD10971,2,1,0,18,0,8,0,0,0,0,3,1,6,2,36,7,-1,-1,-1,-1,1,-1
201501GD10972,1,11,0,3,0,1,0,0,0,0,4,1,1,1,53,8,4500,2,-1,-1,1,-1