Accident_Index,Vehicle_Reference,Vehicle_Type,Towing_and_Articulation,Vehicle_Manoeuvre,Vehicle_Location-Restricted_Lane,Junction_Location,Skidding_and_Overturning,Hit_Object_in_Carriageway,Vehicle_Leaving_Carriageway,Hit_Object_off_Carriageway,1st_Point_of_Impact,Was_Vehicle_Left_Hand_Drive?,Journey_Purpose_of_Driver,Sex_of_Driver,Age_of_Driver,Age_Band_of_Driver,Engine_Capacity_(CC),Propulsion_Code,Age_of_Vehicle,Driver_IMD_Decile,Driver_Home_Area_Type,Vehicle_IMD_Decile
201501GD10973,1,9,0,3,0,0,0,0,0,0,3,1,1,1,52,8,1995,2,2,-1,1,-1
201501GD10973,2,3,0,3,0,0,0,0,0,0,3,1,6,1,27,6,125,1,6,-1,1,-1
201501GD10973,3,11,0,11,0,0,0,0,0,0,4,1,1,1,52,8,12000,2,8,-1,1,-1
201501GD10975,1,19,0,18,0,0,0,0,0,0,1,1,6,1,57,9,1968,2,2,-1,-1,-1
201501GD10976,1,9,0,3,0,1,0,0,0,0,2,1,6,1,59,9,1242,1,15,-1,1,-1
201501GD10976,2,19,0,18,0,1,0,0,0,0,1,1,6,1,-1,-1,2198,2,4,-1,-1,-1
201501GD10977,1,5,0,18,0,1,0,0,0,0,1,1,6,3,-1,-1,-1,-1,-1,-1,-1,-1
201501GD10978,1,1,0,18,0,1,0,0,0,0,2,1,6,1,-1,-1,-1,-1,-1,-1,1,-1
201501GD10978,2,9,0,18,0,1,0,0,0,0,1,1,6,1,-1,-1,1587,1,13,-1,-1,-1
201501GD10979,1,9,0,9,0,8,0,0,0,0,4,1,2,1,29,6,2494,1,12,-1,1,-1
201501GD10979,2,3,0,18,0,8,0,0,0,0,1,1,6,1,28,6,124,1,8,-1,1,-1
201501GD10980,1,9,0,9,0,8,0,0,0,0,4,1,6,1,55,8,1598,1,14,-1,1,-1
201501GD10980,2,1,0,18,0,8,0,0,0,0,1,1,2,1,39,7,-1,-1,-1,-1,1,-1
201501GD10981,1,8,0,6,0,1,0,0,0,0,1,1,1,1,55,8,1339,8,3,-1,1,-1
201501GD10981,2,9,0,18,0,2,0,0,0,0,3,1,6,1,24,5,1984,1,7,-1,1,-1
201501GD10982,1,9,0,5,0,0,0,0,0,0,3,1,6,2,30,6,1199,1,13,-1,1,-1
201501GD10982,2,21,0,18,0,0,0,0,0,0,4,1,1,1,48,8,9290,2,4,-1,1,-1
201501GD10983,1,8,0,9,0,8,0,0,0,0,3,1,1,1,51,8,1598,1,2,-1,1,-1
201501GD10983,2,9,0,13,0,8,0,0,0,0,4,1,6,1,25,5,1560,2,7,-1,1,-1
201501GD10984,1,19,0,17,0,1,0,0,0,0,1,1,1,1,43,7,1598,2,3,-1,1,-1
201501GD10985,1,5,0,18,0,8,0,0,0,0,3,1,6,1,49,8,998,1,10,-1,1,-1
201501GD10985,2,8,0,9,0,8,0,0,0,0,1,1,1,1,35,6,1956,2,3,-1,1,-1
201501GD10987,1,8,0,18,0,8,0,0,0,0,1,1,1,1,43,7,1598,2,-1,-1,1,-1
201501GD10987,2,9,0,9,0,8,0,0,0,0,4,1,6,1,18,4,1388,1,10,-1,1,-1
201501GD10988,1,9,0,3,0,1,0,0,0,0,2,1,6,1,33,6,1968,2,1,-1,1,-1
201501GD10988,2,9,0,18,0,1,0,0,0,0,1,1,6,2,-1,-1,1368,1,5,-1,-1,-1
201501GD10989,1,9,0,18,0,2,0,4,0,0,1,1,6,1,62,9,698,1,11,-1,-1,-1
201501GD10989,2,9,0,2,0,2,0,0,0,0,2,1,6,1,62,9,-1,-1,-1,-1,1,-1
201501GD10990,1,9,0,6,0,0,0,0,0,0,3,1,6,2,32,6,1997,2,10,-1,3,-1
201501GD10990,2,3,0,13,0,0,0,0,0,0,4,1,6,1,42,7,125,1,-1,-1,1,-1
201501GD10991,1,9,0,13,0,8,0,0,0,0,4,1,6,1,21,5,2143,2,2,-1,1,-1
201501GD10991,2,9,0,9,0,8,0,0,0,0,3,1,6,3,-1,-1,1968,2,4,-1,-1,-1
201501GD10992,1,9,0,5,0,0,0,0,0,0,3,1,2,2,27,6,1390,1,8,-1,1,-1
201501GD10993,1,9,0,3,0,1,0,0,0,0,2,1,6,1,37,7,-1,-1,-1,-1,1,-1
201501GD10993,2,9,0,3,0,1,0,0,0,0,2,1,6,1,49,8,1197,1,-1,-1,1,-1
201501GD10993,3,9,0,18,0,1,0,0,0,0,1,1,6,1,20,4,1389,1,12,-1,1,-1
201501GD10994,1,9,0,4,0,0,0,0,0,0,2,1,6,1,28,6,-1,-1,-1,-1,1,-1
201501GD10994,2,11,0,18,0,0,0,0,0,0,1,1,1,1,34,6,4500,2,4,-1,1,-1
201501GD10995,1,9,0,18,0,8,0,0,0,0,3,1,3,1,43,7,1796,1,7,-1,1,-1
201501GD10995,2,3,0,9,0,8,0,0,0,0,1,1,6,2,18,4,125,1,-1,-1,1,-1
201501GD10997,1,9,0,9,0,8,0,0,0,0,1,1,6,2,23,5,1242,1,5,-1,1,-1
201501GD10997,2,1,0,18,0,8,0,0,0,0,1,1,6,2,37,7,-1,-1,-1,-1,1,-1
201501GD10998,1,1,0,18,0,0,0,10,1,10,3,1,6,2,49,8,-1,-1,-1,-1,1,-1
201501GD10998,2,9,0,18,0,0,0,0,0,0,4,1,6,1,-1,-1,1595,1,6,-1,-1,-1
201501GD10999,1,9,0,9,0,8,0,0,0,0,3,1,6,1,38,7,2926,2,13,-1,1,-1
201501GD10999,2,9,0,13,0,8,0,0,0,0,4,1,6,1,20,4,1587,1,8,-1,1,-1
201501GD11000,1,9,0,7,0,5,0,0,0,0,4,1,2,1,54,8,1396,1,16,-1,1,-1
201501GD11000,2,1,0,18,0,1,0,0,0,0,3,1,2,1,44,7,-1,-1,-1,-1,3,-1
201501GD11001,1,9,0,18,0,2,0,0,0,0,1,1,6,3,-1,-1,-1,-1,-1,-1,-1,-1
201501GD11002,1,9,0,7,0,8,0,0,0,0,3,2,6,1,29,6,-1,-1,-1,-1,-1,-1
201501GD11002,2,9,0,18,0,8,0,0,0,0,1,1,6,1,19,4,1000,1,1,-1,1,-1
201501GD11003,1,9,0,1,0,1,0,0,0,0,2,1,6,1,25,5,1388,1,12,-1,1,-1
201501GD11004,1,9,0,18,0,1,0,0,0,0,3,1,6,1,40,7,1299,1,12,-1,2,-1
201501GD11004,2,3,0,13,0,1,0,0,0,0,4,1,2,1,44,7,125,1,-1,-1,-1,-1
201501GD11005,1,9,0,9,0,8,0,0,0,0,4,1,1,2,29,6,2969,2,10,-1,3,-1
201501GD11005,2,3,0,18,0,8,0,0,0,0,1,1,2,1,35,6,124,1,-1,-1,1,-1
201501GD11006,1,5,0,13,0,8,0,0,0,0,4,1,6,1,28,6,998,1,6,-1,-1,-1
201501GD11006,2,19,0,9,0,8,0,0,0,0,3,1,6,1,37,7,1968,2,6,-1,1,-1
201501GD11007,1,19,0,18,0,1,0,0,0,0,3,1,1,1,45,7,2198,2,3,-1,1,-1
201501GD11007,2,3,0,13,0,1,0,0,0,0,4,1,6,1,28,6,125,1,2,-1,1,-1
201501GD11008,1,9,0,7,0,2,0,0,0,0,2,1,6,2,56,9,1798,1,9,-1,1,-1
201501GD11008,2,8,0,7,0,2,0,0,0,0,1,1,6,1,-1,-1,1997,2,7,-1,1,-1
201501GD11009,1,3,0,18,2,1,0,0,0,0,3,1,6,1,54,8,124,1,3,-1,1,-1
201501GD11009,2,9,0,7,0,5,0,0,0,0,4,1,6,2,31,6,1398,1,6,-1,1,-1
201501GD11010,1,9,0,9,0,8,0,0,0,0,4,1,6,1,32,6,2685,2,10,-1,1,-1
201501GD11010,2,9,0,18,0,8,0,0,0,0,1,1,6,1,22,5,1461,2,-1,-1,1,-1
201501GD11011,1,1,0,7,0,2,0,0,0,0,2,1,6,2,34,6,-1,-1,-1,-1,1,-1
201501GD11011,2,9,0,7,0,2,0,0,0,0,1,1,6,1,-1,-1,-1,-1,-1,-1,-1,-1
201501GD11012,1,1,0,18,0,8,0,0,0,0,1,1,6,1,31,6,-1,-1,-1,-1,1,-1
201501GD11012,2,9,0,9,0,8,0,0,0,0,4,1,6,2,38,7,1560,2,3,-1,1,-1
201501GD11014,1,9,0,3,0,0,0,0,0,0,2,1,6,1,58,9,1124,1,9,-1,1,-1
201501GD11014,2,9,0,18,0,0,0,0,0,0,1,1,6,3,-1,-1,1339,8,5,-1,-1,-1
201501GD11015,1,9,0,3,0,1,0,0,0,0,2,1,6,1,50,8,2149,2,8,-1,1,-1
201501GD11015,2,9,0,18,0,1,0,0,0,0,1,1,6,3,-1,-1,1598,1,11,-1,-1,-1
201501GD11017,1,9,0,18,0,2,0,0,0,0,1,1,6,3,-1,-1,-1,-1,-1,-1,-1,-1
201501GD11018,1,9,0,18,0,8,0,0,0,0,3,1,6,2,28,6,1997,1,8,-1,1,-1
201501GD11018,2,9,0,18,0,8,0,0,0,0,1,1,6,1,-1,-1,1396,1,15,-1,1,-1
201501GD11019,1,19,0,18,0,8,0,0,0,0,1,1,1,1,-1,-1,1686,2,7,-1,1,-1
201501GD11019,2,9,0,18,0,8,0,0,0,0,3,1,2,1,45,7,1998,1,11,-1,1,-1
201501GD11021,1,3,0,7,2,1,0,0,0,0,4,1,6,1,25,5,125,1,5,-1,1,-1
201501GD11021,2,1,0,18,2,1,0,0,0,0,3,1,6,1,50,8,-1,-1,-1,-1,1,-1
201501GD11022,1,9,0,3,0,0,0,0,0,0,2,1,6,1,42,7,1388,1,9,-1,1,-1
201501GD11022,2,8,0,18,0,0,0,0,0,0,1,1,1,1,43,7,1798,8,-1,-1,1,-1
201501GD11023,1,9,0,13,0,2,0,0,0,0,4,1,6,2,51,8,1794,1,13,-1,1,-1
201501GD11023,2,1,0,18,0,2,0,0,0,0,3,1,6,2,21,5,-1,-1,-1,-1,1,-1
201501GD11025,1,9,0,18,0,0,0,0,0,0,1,1,6,3,-1,-1,1995,2,5,-1,-1,-1
201501GD11025,2,1,0,18,0,0,0,0,0,0,2,1,6,1,21,5,-1,-1,-1,-1,-1,-1
201501GD11026,1,1,0,18,0,8,0,0,0,0,3,1,2,1,50,8,-1,-1,-1,-1,1,-1
201501GD11026,2,9,0,18,0,8,0,0,0,0,1,1,6,1,-1,-1,-1,-1,-1,-1,-1,-1
201501GD11027,1,8,0,6,0,0,0,0,0,0,3,1,1,1,50,8,2402,2,13,-1,1,-1
201501GD11027,2,9,0,18,0,0,0,0,0,0,1,1,6,1,-1,-1,2460,2,10,-1,1,-1
201501GD11028,1,9,0,18,0,0,0,0,0,0,4,1,6,2,30,6,1598,1,10,-1,1,-1
201501GD11029,1,9,0,9,0,2,0,0,0,0,3,1,1,1,57,9,2231,2,8,-1,1,-1
201501GD11031,1,8,0,18,0,2,0,0,0,0,1,1,1,1,38,7,1560,2,-1,-1,1,-1
201501GD11031,2,5,0,18,0,1,0,0,0,0,1,1,6,1,-1,-1,108,1,-1,-1,-1,-1
201501GD11032,1,9,0,9,0,8,0,0,0,0,1,1,6,1,38,7,1596,1,-1,-1,1,-1
201501GD11032,2,2,0,18,0,8,0,0,0,0,1,1,6,1,35,6,108,1,7,-1,-1,-1
201501GD11033,1,9,0,9,0,2,0,0,0,0,1,1,2,2,55,8,1397,1,15,-1,1,-1
201501GD11034,1,9,0,18,0,0,0,0,0,0,1,1,2,1,55,8,1910,2,9,-1,1,-1
201501GD11034,2,8,0,3,0,0,0,0,0,0,2,1,1,1,50,8,1968,2,2,-1,1,-1
201501GD11034,3,9,0,3,0,0,0,0,0,0,2,1,2,2,33,6,1598,1,2,-1,1,-1
201501GD11036,1,9,0,18,0,0,0,0,0,0,1,1,6,3,-1,-1,-1,-1,-1,-1,-1,-1
201501GD11040,1,1,0,14,0,0,0,8,0,0,1,1,2,2,31,6,-1,-1,-1,-1,1,-1
201501GD11040,2,9,0,3,0,0,0,0,0,0,3,1,6,3,-1,-1,-1,-1,-1,-1,-1,-1
201501GD11041,1,9,0,3,0,1,0,0,0,0,3,1,6,1,30,6,1422,2,12,-1,1,-1
201501GD11041,2,21,0,18,0,2,0,0,0,0,3,1,1,1,-1,-1,6692,2,6,-1,-1,-1
201501GD11047,1,11,0,18,0,0,0,0,0,0,0,1,1,1,29,6,6700,2,5,-1,1,-1
201501GD11049,1,11,0,3,0,0,0,0,0,0,0,1,1,1,30,6,9365,2,3,-1,1,-1
201501GD11050,1,9,0,18,0,0,0,0,0,0,4,1,6,1,30,6,1870,2,9,-1,1,-1
201501GD11054,1,11,0,5,0,0,0,0,0,0,0,1,1,1,47,8,4461,2,1,-1,1,-1
201501GD11056,1,9,0,9,0,8,0,0,0,0,3,1,2,1,37,7,-1,-1,-1,-1,1,-1
201501GD11056,2,1,0,18,0,8,0,0,0,0,1,1,6,1,37,7,-1,-1,-1,-1,1,-1
201501GD11057,1,9,0,18,0,8,0,0,0,0,1,1,6,1,23,5,1598,1,2,-1,1,-1
201501GD11057,2,9,0,18,0,8,0,0,0,0,4,1,6,2,42,7,1598,1,8,-1,1,-1
201501GD11062,1,9,0,9,0,8,0,0,0,0,1,1,6,2,24,5,1242,1,-1,-1,1,-1
201501GD11062,2,1,0,18,0,8,0,0,0,0,4,1,6,1,35,6,-1,-1,-1,-1,1,-1
201501GD11063,1,9,0,18,0,8,0,0,0,0,2,1,6,1,42,7,-1,-1,-1,-1,1,-1
201501GD11063,2,9,0,18,0,8,0,0,0,0,2,1,6,2,32,6,1968,2,1,-1,1,-1
201501GD11063,3,9,0,18,0,8,0,0,1,0,1,1,6,2,46,8,-1,-1,-1,-1,1,-1
201501GD11066,1,1,0,18,0,0,0,0,1,0,2,1,2,1,32,6,-1,-1,-1,-1,1,-1
201501GD11066,2,9,0,18,0,0,0,0,0,0,1,1,6,3,-1,-1,-1,-1,-1,-1,-1,-1
201501GD11068,1,9,0,9,0,7,0,0,0,0,1,1,6,1,39,7,2143,2,5,-1,1,-1
201501GD11068,2,1,0,18,0,8,0,0,1,0,1,1,6,1,21,5,-1,-1,-1,-1,1,-1
201501GD11074,1,8,0,18,0,2,0,0,0,0,4,1,1,1,25,5,1798,8,3,-1,-1,-1
201501GD11074,2,9,0,12,0,2,0,0,0,0,3,1,6,1,-1,-1,-1,3,-1,-1,-1,-1
201501GD11079,1,1,0,18,0,8,0,0,0,0,1,1,6,2,28,6,-1,-1,-1,-1,1,-1
201501GD11079,2,9,0,9,0,8,0,0,0,0,3,1,6,1,-1,-1,-1,-1,-1,-1,1,-1
201501GD19005,1,9,0,3,0,1,0,0,0,0,2,1,6,2,39,7,1618,1,-1,-1,1,-1
201501GD19005,2,9,0,18,0,1,0,0,0,0,1,1,6,1,58,9,1910,2,8,-1,1,-1
201501GD19006,1,19,0,3,0,0,0,0,0,0,2,1,6,2,53,8,1998,2,12,-1,1,-1
201501GD19006,2,9,0,18,0,0,0,0,0,0,1,1,6,1,-1,-1,-1,-1,-1,-1,-1,-1
201501GD19024,1,9,0,3,0,8,0,0,0,0,3,1,2,2,36,7,1995,2,4,-1,1,-1
201501GD19024,2,11,0,4,0,1,0,0,0,0,4,1,1,1,-1,-1,4760,2,4,-1,-1,-1
201501GD19026,1,11,0,7,0,2,0,0,0,0,0,1,1,1,35,6,6700,2,4,-1,1,-1
201501GD19107,1,9,0,18,0,0,1,0,1,7,3,1,6,1,19,4,1796,1,9,-1,1,-1
201501GD19113,1,9,0,9,0,8,0,0,0,0,4,1,6,1,-1,-1,2000,1,9,-1,-1,-1
201501GD19113,2,1,0,18,0,8,0,0,0,0,1,1,6,1,47,8,-1,-1,-1,-1,-1,-1
201501GD19175,1,2,0,14,4,1,0,0,0,0,3,1,6,1,-1,-1,-1,-1,-1,-1,-1,-1
201501GD19175,2,1,0,14,4,1,0,0,0,0,4,1,6,1,37,7,-1,-1,-1,-1,1,-1
201501GD19177,1,9,0,9,0,8,0,0,0,0,4,1,6,1,40,7,1339,1,12,-1,1,-1
201501GD19177,2,1,0,18,0,8,0,0,0,0,1,1,6,2,22,5,-1,-1,-1,-1,1,-1
201501GD19178,1,2,0,7,0,8,0,0,0,0,3,1,6,1,29,6,599,1,13,-1,1,-1
201501GD19178,2,1,0,18,0,8,0,0,0,0,1,1,6,1,-1,-1,-1,-1,-1,-1,-1,-1
201501GD19179,1,1,0,18,0,1,0,0,0,0,1,1,6,1,34,6,-1,-1,-1,-1,1,-1
201501GD19179,2,9,0,7,0,1,0,0,0,0,4,1,6,3,-1,-1,-1,-1,-1,-1,-1,-1
201501HT20002,1,5,0,18,0,1,0,0,0,0,1,1,6,2,45,7,650,1,16,-1,1,-1
201501HT20002,2,9,0,4,0,1,0,0,0,0,2,1,6,1,68,10,2993,2,3,-1,2,-1
201501HT20004,1,9,0,3,0,1,0,0,0,0,2,1,6,1,27,6,-1,-1,-1,-1,1,-1
201501HT20004,2,9,0,18,0,1,0,0,0,0,1,1,6,2,-1,-1,1995,2,9,-1,-1,-1
201501HT20007,1,9,0,3,0,1,0,0,0,0,2,1,6,2,22,5,1229,1,10,-1,2,-1
201501HT20007,2,9,0,18,0,1,0,0,0,0,1,1,6,2,-1,-1,1229,1,1,-1,1,-1
201501HT20011,1,9,0,9,0,8,0,0,0,0,4,1,1,1,28,6,1968,2,5,-1,1,-1
201501HT20011,2,3,0,18,0,8,0,0,0,0,1,1,6,1,22,5,125,1,12,-1,-1,-1
201501HT20012,1,9,0,3,0,0,0,0,0,0,3,1,1,1,46,8,1591,1,5,-1,1,-1
201501HT20013,1,3,0,13,0,0,0,0,0,0,4,1,6,1,22,5,125,1,10,-1,1,-1
201501HT20013,2,9,0,6,0,0,0,0,0,0,3,1,6,1,34,6,1497,8,8,-1,1,-1
201501HT20017,1,11,0,18,0,2,0,0,0,0,1,1,1,1,59,9,9360,2,4,-1,1,-1
201501HT20019,1,9,0,9,0,2,0,0,0,0,3,1,6,1,29,6,2143,2,1,-1,1,-1
201501HT20022,1,9,0,18,0,8,0,0,0,0,1,1,6,1,23,5,1995,2,8,-1,1,-1
201501HT20022,2,8,0,9,0,8,0,0,0,0,4,1,6,1,37,7,1598,1,6,-1,1,-1
201501HT20023,1,9,0,18,0,1,0,0,0,0,4,1,6,1,20,4,1596,1,13,-1,1,-1
201501HT20023,2,9,0,12,0,1,0,0,0,0,3,1,6,1,-1,-1,-1,-1,-1,-1,-1,-1
201501HT20024,1,19,0,3,0,1,0,0,0,0,2,1,1,1,61,9,-1,-1,-1,-1,1,-1
201501HT20024,2,9,0,18,0,1,0,0,0,0,1,1,6,1,21,5,-1,-1,-1,-1,1,-1
201501HT20025,1,9,0,18,0,0,0,0,0,0,1,1,6,1,-1,-1,1997,2,4,-1,-1,-1
201501HT20029,1,9,0,9,0,8,0,0,0,0,1,1,6,2,57,9,1686,2,11,-1,1,-1
201501HT20029,2,1,0,18,0,8,0,0,0,0,3,1,6,1,33,6,-1,-1,-1,-1,1,-1
201501HT20030,1,9,0,11,0,1,0,0,0,0,4,1,6,1,27,6,2967,2,4,-1,1,-1
201501HT20030,2,11,0,18,0,1,0,0,0,0,3,1,1,1,39,7,4500,2,1,-1,1,-1
201501HT20031,1,5,0,4,0,1,0,0,0,0,2,1,2,1,43,7,-1,-1,-1,-1,1,-1
201501HT20031,2,9,0,3,0,1,0,0,0,0,2,1,2,2,29,6,1388,1,6,-1,1,-1
201501HT20031,3,19,0,18,0,1,0,0,0,0,1,1,1,1,28,6,1560,2,2,-1,1,-1
201501HT20033,1,9,0,3,0,1,0,0,0,0,2,1,6,1,33,6,1968,2,9,-1,1,-1
201501HT20033,2,9,0,18,0,1,0,0,0,0,1,1,6,1,-1,-1,1995,2,13,-1,1,-1
201501HT20034,1,9,0,18,0,1,0,0,0,0,1,1,6,1,54,8,1598,1,16,-1,-1,-1
201501HT20035,1,9,0,9,0,8,0,0,0,0,1,1,1,1,40,7,1997,2,4,-1,1,-1
201501HT20035,2,5,0,18,0,8,0,0,0,0,1,1,6,1,73,10,647,1,8,-1,1,-1
201501HT20039,1,9,0,2,0,0,0,0,0,0,3,1,6,2,28,6,2204,2,8,-1,-1,-1
201501HT20039,2,9,0,18,0,0,0,8,0,0,4,1,6,1,20,4,1198,1,4,-1,1,-1
201501HT20040,1,11,0,18,0,0,0,0,0,0,4,1,1,1,52,8,8268,2,12,-1,1,-1
201501HT20040,2,11,0,18,0,0,0,0,0,0,3,1,1,1,-1,-1,13000,2,4,-1,-1,-1
201501HT20042,1,9,0,9,0,8,0,0,0,0,1,1,6,2,45,7,1896,2,10,-1,1,-1
201501HT20042,2,9,0,18,0,8,0,0,0,0,1,1,6,3,-1,-1,2793,1,16,-1,-1,-1
201501HT20046,1,9,0,18,0,1,0,0,0,0,3,1,6,1,38,7,2099,1,10,-1,1,-1
201501HT20046,2,9,0,11,0,1,0,0,0,0,4,1,6,3,-1,-1,2143,2,-1,-1,-1,-1
201501HT20048,1,9,0,7,0,5,0,0,0,0,4,1,6,1,-1,-1,2143,2,4,-1,-1,-1
201501HT20048,2,1,0,18,0,1,0,0,0,0,3,1,2,1,25,5,-1,-1,-1,-1,1,-1
201501HT20049,1,9,0,7,0,2,0,0,0,0,1,1,6,1,-1,-1,-1,-1,-1,-1,-1,-1
201501HT20050,1,9,0,18,0,0,0,0,0,0,4,1,6,1,21,5,1598,1,11,-1,1,-1
201501HT20050,2,9,0,5,0,0,0,0,0,0,3,1,1,1,34,6,1797,8,5,-1,1,-1
201501HT20052,1,9,0,9,0,2,0,0,0,0,1,1,6,1,22,5,1595,1,8,-1,1,-1
201501HT20053,1,3,0,18,0,0,0,0,0,0,3,1,2,1,24,5,124,1,1,-1,1,-1
201501HT20053,2,8,0,11,0,0,0,0,0,0,4,1,1,1,29,6,-1,-1,-1,-1,1,-1
201501HT20054,1,8,0,18,0,8,0,0,0,0,3,1,1,1,22,5,1339,8,4,-1,1,-1
201501HT20054,2,9,0,7,0,8,0,0,0,0,1,1,6,1,-1,-1,-1,-1,-1,-1,-1,-1
201501HT20055,1,5,0,18,0,1,0,0,0,0,3,1,2,1,25,5,-1,-1,-1,-1,1,-1
201501HT20055,2,9,0,13,0,1,0,0,0,0,4,1,6,2,40,7,-1,-1,-1,-1,-1,-1
201501HT20056,1,9,0,18,0,1,0,0,0,0,3,1,6,3,-1,-1,-1,-1,-1,-1,-1,-1
201501HT20057,1,9,0,18,0,8,0,0,0,0,1,1,6,2,39,7,1685,2,2,-1,1,-1
201501HT20057,2,1,0,18,0,8,0,0,0,0,3,1,6,1,33,6,-1,-1,-1,-1,1,-1
201501HT20059,1,9,0,7,0,5,0,0,0,0,4,1,6,2,25,5,-1,-1,-1,-1,1,-1
201501HT20059,2,3,0,18,0,1,0,0,0,0,3,1,6,2,51,8,125,1,9,-1,1,-1
201501HT20064,1,9,0,2,0,2,0,0,0,0,2,1,6,1,27,6,1995,1,7,-1,1,-1
201501HT20064,2,9,0,1,0,2,0,4,0,0,2,1,6,1,-1,-1,2148,2,6,-1,-1,-1
201501HT20065,1,1,0,18,0,0,0,0,0,0,3,1,6,1,38,7,-1,-1,-1,-1,1,-1
201501HT20065,2,11,0,13,0,0,0,0,0,0,4,1,1,1,52,8,4500,2,3,-1,1,-1
201501HT20066,1,9,0,9,0,8,0,0,0,0,4,1,6,2,19,4,1388,1,13,-1,1,-1
201501HT20066,2,9,0,18,0,8,0,0,0,0,1,1,6,1,-1,-1,1995,1,5,-1,-1,-1
201501HT20068,1,9,0,9,0,8,0,0,0,0,3,1,6,1,34,6,2995,1,10,-1,1,-1
201501HT20068,2,9,0,18,0,8,0,0,0,0,1,1,6,1,51,8,1586,1,7,-1,1,-1
201501HT20070,1,90,0,17,9,8,0,10,1,2,1,1,1,1,34,6,6370,2,8,-1,1,-1
201501HT20073,1,1,0,18,0,1,0,0,0,0,3,1,6,1,33,6,-1,-1,-1,-1,1,-1
201501HT20073,2,9,0,7,0,5,0,0,0,0,4,1,6,1,-1,-1,1364,1,7,-1,1,-1
201501HT20075,1,9,0,18,0,1,0,0,0,0,1,1,6,1,56,9,1124,1,15,-1,1,-1
201501HT20076,1,9,0,18,0,2,0,0,0,0,1,1,6,1,33,6,2494,1,12,-1,1,-1
201501HT20077,1,9,0,18,0,1,0,0,0,0,1,1,6,1,40,7,-1,-1,-1,-1,-1,-1
201501HT20078,1,9,0,18,0,8,0,0,0,0,1,1,6,1,22,5,1364,1,8,-1,1,-1
201501HT20078,2,9,0,4,0,8,0,0,0,0,2,1,6,1,25,5,2171,1,14,-1,1,-1
201501HT20079,1,4,0,17,0,8,0,0,0,0,4,1,6,1,38,7,249,1,2,-1,1,-1
201501HT20079,2,90,0,7,0,8,0,0,0,0,1,1,1,1,40,7,2148,2,6,-1,1,-1
201501HT20082,1,5,0,17,0,0,0,0,0,0,1,1,2,1,43,7,742,1,16,-1,1,-1
201501HT20083,1,19,0,18,0,1,0,0,0,0,1,1,1,1,32,6,1248,2,3,-1,1,-1
201501HT20084,1,5,0,18,0,1,0,0,0,0,3,1,2,1,24,5,600,1,10,-1,1,-1
201501HT20085,1,9,0,16,0,8,0,0,0,0,1,1,6,2,35,6,1242,1,9,-1,1,-1
201501HT20085,2,1,0,9,0,8,0,0,0,0,4,1,6,1,18,4,-1,-1,-1,-1,1,-1
201501HT20086,1,9,0,9,0,8,0,0,0,0,1,1,6,1,20,4,-1,-1,-1,-1,1,-1
201501HT20086,2,3,0,18,0,8,0,0,0,0,4,1,6,1,36,7,124,1,16,-1,1,-1
201501HT20087,1,11,0,18,0,0,0,0,0,0,0,1,1,1,-1,-1,9360,2,4,-1,-1,-1
201501HT20088,1,3,0,18,0,0,0,0,0,0,4,1,2,1,32,6,124,1,1,-1,1,-1
201501HT20088,2,9,0,12,0,0,0,0,0,0,3,1,2,1,-1,-1,1968,2,1,-1,-1,-1
201501HT20089,1,9,0,18,0,1,0,0,0,0,2,1,6,1,25,5,1796,1,1,-1,1,-1
201501HT20089,2,9,0,18,0,1,0,0,0,0,1,1,6,1,26,6,2993,2,3,-1,1,-1
201501HT20090,1,9,0,18,0,2,0,0,0,0,1,1,6,1,24,5,2967,2,9,-1,1,-1
201501HT20091,1,9,0,7,0,5,0,0,0,0,4,1,6,2,54,8,1560,2,4,-1,1,-1
201501HT20091,2,3,0,18,0,1,0,0,0,0,3,1,6,1,33,6,49,1,2,-1,1,-1
201501HT20094,1,9,0,3,0,8,0,0,0,0,1,1,1,1,61,9,1198,1,6,-1,2,-1
201501HT20094,2,1,0,18,0,8,0,0,0,0,4,1,1,1,26,6,-1,-1,-1,-1,1,-1
201501HT20095,1,3,0,18,0,2,0,0,0,0,3,1,6,1,25,5,125,1,4,-1,1,-1
201501HT20096,1,3,0,18,9,0,0,0,0,0,1,1,6,3,-1,-1,-1,-1,-1,-1,-1,-1
201501HT20097,1,9,0,18,0,2,0,0,0,0,1,1,1,1,32,6,1582,2,3,-1,1,-1
201501HT20099,1,9,0,7,0,2,0,0,3,2,1,1,6,1,24,5,599,1,14,-1,1,-1
201501HT20100,1,3,0,17,0,8,0,0,0,0,4,1,6,2,42,7,-1,-1,-1,-1,1,-1
201501HT20100,2,9,0,18,0,8,0,0,0,0,1,1,6,1,-1,-1,2521,1,9,-1,1,-1
201501HT20101,1,9,0,18,0,0,2,7,1,10,1,1,6,1,28,6,-1,-1,-1,-1,1,-1
201501HT20103,1,5,0,18,0,1,0,0,0,0,1,1,6,1,25,5,599,1,12,-1,1,-1
201501HT20103,2,8,0,6,0,2,0,0,0,0,4,1,1,1,35,6,1598,1,2,-1,1,-1
201501HT20104,1,9,0,14,0,0,0,0,0,0,1,1,6,2,40,7,1896,2,13,-1,-1,-1
201501HT20105,1,19,0,18,0,8,0,0,0,0,1,1,1,1,25,5,2198,2,8,-1,1,-1
201501HT20105,2,9,0,9,0,8,0,0,0,0,4,1,6,1,35,6,-1,-1,-1,-1,1,-1
201501HT20106,1,1,0,18,0,8,0,0,0,0,1,1,2,1,32,6,-1,-1,-1,-1,1,-1
201501HT20107,1,9,0,11,2,1,0,0,0,0,4,1,6,1,36,7,1397,1,12,-1,1,-1
201501HT20107,2,3,0,18,2,1,0,0,0,0,3,1,6,1,25,5,125,1,9,-1,1,-1
201501HT20108,1,1,0,18,0,1,0,0,0,0,3,1,6,2,30,6,-1,-1,-1,-1,1,-1