Accident_Index,Vehicle_Reference,Vehicle_Type,Towing_and_Articulation,Vehicle_Manoeuvre,Vehicle_Location-Restricted_Lane,Junction_Location,Skidding_and_Overturning,Hit_Object_in_Carriageway,Vehicle_Leaving_Carriageway,Hit_Object_off_Carriageway,1st_Point_of_Impact,Was_Vehicle_Left_Hand_Drive?,Journey_Purpose_of_Driver,Sex_of_Driver,Age_of_Driver,Age_Band_of_Driver,Engine_Capacity_(CC),Propulsion_Code,Age_of_Vehicle,Driver_IMD_Decile,Driver_Home_Area_Type,Vehicle_IMD_Decile
201501HT20272,3,9,0,18,0,1,0,0,0,0,1,1,6,1,23,5,1248,2,8,-1,1,-1
201501HT20273,1,3,0,4,0,0,0,0,0,0,2,1,6,1,22,5,124,1,5,-1,1,-1
201501HT20273,2,19,0,4,0,0,0,0,0,0,2,1,1,1,34,6,2198,2,5,-1,1,-1
201501HT20273,3,9,0,18,0,0,0,0,0,0,1,1,2,1,42,7,1587,1,8,-1,-1,-1
201501HT20274,1,9,0,18,0,8,0,0,0,0,1,1,6,1,-1,-1,4398,1,11,-1,1,-1
201501HT20274,2,9,0,9,0,8,0,0,0,0,1,1,6,1,34,6,1598,1,11,-1,1,-1
201501HT20275,1,19,0,3,0,2,0,0,0,0,1,1,1,1,41,7,1560,2,2,-1,1,-1
201501HT20275,2,9,0,1,0,2,0,0,0,0,2,1,6,1,-1,-1,-1,-1,-1,-1,-1,-1
201501HT20276,1,9,0,18,0,2,0,0,0,0,3,1,6,1,24,5,998,1,2,-1,1,-1
201501HT20276,2,9,0,18,0,1,0,0,0,0,3,1,6,2,46,8,998,1,6,-1,1,-1
201501HT20277,1,19,0,18,0,0,0,0,0,0,4,1,1,1,27,6,2287,2,7,-1,1,-1
201501HT20277,2,11,0,12,0,0,0,0,0,0,3,1,1,1,-1,-1,12902,2,1,-1,-1,-1
201501HT20279,1,3,0,18,2,0,0,0,0,0,3,1,2,1,34,6,654,1,5,-1,1,-1
201501HT20279,2,9,0,11,2,0,0,0,0,0,4,1,6,3,-1,-1,-1,-1,-1,-1,-1,-1
201501HT20280,1,4,0,18,0,8,0,0,0,0,1,1,6,1,40,7,670,1,3,-1,1,-1
201501HT20280,2,8,0,18,0,8,0,0,0,0,3,1,1,1,-1,-1,-1,-1,-1,-1,-1,-1
201501HT20283,1,10,0,18,0,0,0,0,0,0,3,1,1,1,60,9,-1,-1,-1,-1,1,-1
201501HT20283,2,19,0,18,0,0,0,0,0,0,3,1,6,1,-1,-1,2402,2,5,-1,-1,-1
201501HT20284,1,3,0,18,0,1,0,0,0,0,3,1,6,1,21,5,124,1,10,-1,1,-1
201501HT20284,2,19,0,7,0,5,0,0,0,0,4,1,6,1,46,8,2463,2,10,-1,3,-1
201501HT20285,1,2,0,18,0,0,0,0,0,0,4,1,2,1,31,6,124,1,3,-1,1,-1
201501HT20285,2,9,0,5,0,0,0,0,0,0,3,1,6,3,-1,-1,-1,-1,-1,-1,-1,-1
201501HT20286,1,9,0,9,0,8,0,0,0,0,4,1,1,1,41,7,-1,-1,-1,-1,3,-1
201501HT20286,2,9,0,18,0,8,0,0,0,0,1,1,6,2,23,5,1995,1,9,-1,1,-1
201501HT20288,1,9,0,5,0,1,0,0,0,0,1,1,6,1,42,7,1362,1,3,-1,1,-1
201501HT20288,2,1,0,10,0,1,0,0,0,0,2,1,6,2,45,7,-1,-1,-1,-1,1,-1
201501HT20289,1,9,0,9,0,8,0,0,0,0,4,1,6,1,64,9,1968,2,5,-1,1,-1
201501HT20289,2,1,0,18,0,8,0,0,0,0,1,1,2,1,24,5,-1,-1,-1,-1,1,-1
201501HT20290,1,9,0,3,0,0,0,0,0,0,2,1,6,1,29,6,1595,1,16,-1,1,-1
201501HT20290,2,4,0,18,0,0,0,0,0,0,1,1,6,1,-1,-1,125,1,5,-1,-1,-1
201501HT20291,1,1,0,18,0,2,0,0,0,0,1,1,2,1,40,7,-1,-1,-1,-1,1,-1
201501HT20291,2,9,0,3,0,1,0,0,0,0,1,1,6,2,37,7,1599,1,12,-1,1,-1
201501HT20294,1,9,0,9,0,5,0,0,0,0,4,1,6,1,46,8,1386,1,7,-1,1,-1
201501HT20295,1,11,0,18,0,8,0,0,0,0,0,1,1,1,43,7,4500,2,-1,-1,1,-1
201501HT20296,1,9,0,18,0,0,0,0,0,0,3,1,6,1,34,6,1896,2,14,-1,1,-1
201501HT20296,2,9,0,11,0,0,0,0,0,0,4,1,6,1,23,5,1398,1,5,-1,1,-1
201501HT20297,1,9,0,18,0,2,0,0,0,0,1,1,6,1,23,5,1984,1,12,-1,-1,-1
201501HT20298,1,9,0,9,0,8,0,0,0,0,4,1,6,1,58,9,1596,1,13,-1,1,-1
201501HT20298,2,4,0,18,0,8,0,0,0,0,1,1,2,1,51,8,744,1,5,-1,1,-1
201501HT20299,1,9,0,18,0,1,0,0,0,0,1,1,6,3,-1,-1,-1,-1,-1,-1,-1,-1
201501HT20300,1,1,0,18,0,8,0,0,0,0,1,1,6,2,35,6,-1,-1,-1,-1,1,-1
201501HT20300,2,9,0,9,0,8,0,0,0,0,4,1,6,3,-1,-1,-1,-1,-1,-1,-1,-1
201501HT20301,1,1,0,18,0,8,0,0,0,0,1,1,2,2,31,6,-1,-1,-1,-1,-1,-1
201501HT20301,2,9,0,9,0,8,0,0,0,0,4,1,6,1,-1,-1,-1,-1,-1,-1,-1,-1
201501HT20302,1,9,0,9,0,8,0,0,0,0,3,1,6,1,26,6,-1,-1,-1,-1,1,-1
201501HT20302,2,1,0,18,0,8,0,0,0,0,1,1,6,1,27,6,-1,-1,-1,-1,1,-1
201501HT20303,1,9,0,9,0,8,0,0,0,0,4,1,1,1,66,10,4367,2,-1,-1,2,-1
201501HT20303,2,3,0,18,0,8,0,0,0,0,1,1,6,1,33,6,847,1,1,-1,1,-1
201501HT20304,1,9,0,9,0,8,0,0,0,0,3,1,6,1,26,6,1596,1,12,-1,1,-1
201501HT20304,2,4,0,13,0,8,0,0,0,0,4,1,6,1,31,6,108,1,1,-1,1,-1
201501HT20305,1,9,0,9,0,5,0,0,0,0,1,1,6,2,44,7,3724,1,12,-1,1,-1
201501HT20306,1,9,0,18,0,8,0,0,0,0,1,1,6,1,46,8,1956,2,4,-1,1,-1
201501HT20306,2,9,0,14,0,8,0,0,0,0,1,1,1,2,55,8,2157,2,-1,-1,1,-1
201501HT20307,1,9,0,18,0,0,0,0,0,0,3,1,6,1,-1,-1,1396,1,17,-1,1,-1
201501HT20308,1,9,0,9,0,8,0,0,0,0,3,1,1,1,20,4,1461,2,-1,-1,1,-1
201501HT20308,2,3,0,13,0,8,0,0,0,0,4,1,6,1,43,7,-1,-1,-1,-1,1,-1
201501HT20309,1,4,0,18,0,8,0,0,0,0,3,1,6,1,46,8,953,1,6,-1,1,-1
201501HT20309,2,9,0,9,0,8,0,0,0,0,1,1,6,1,23,5,1598,2,1,-1,1,-1
201501HT20310,1,9,0,18,0,2,0,0,0,0,1,1,6,2,-1,-1,-1,-1,-1,-1,-1,-1
201501HT20311,1,8,0,3,0,1,0,0,0,0,4,1,6,1,49,8,1339,8,3,-1,1,-1
201501HT20311,2,9,0,12,0,1,0,0,0,0,3,1,6,1,-1,-1,1956,2,4,-1,-1,-1
201501HT20313,1,8,0,14,0,0,0,0,0,0,1,1,1,1,65,9,2402,2,10,-1,1,-1
201501HT20314,1,8,0,18,0,2,0,0,0,0,1,1,6,1,-1,-1,1797,8,5,-1,-1,-1
201501HT20315,1,19,0,18,0,1,0,0,0,0,4,1,1,1,33,6,1560,2,3,-1,1,-1
201501HT20316,1,8,0,9,0,2,0,0,0,0,2,1,1,1,49,8,1686,2,5,-1,1,-1
201501HT20316,2,9,0,9,0,2,0,0,0,0,1,1,6,1,-1,-1,2497,2,11,-1,-1,-1
201501HT20317,1,9,0,2,0,1,0,0,0,0,3,1,6,1,69,10,1798,8,1,-1,1,-1
201501HT20317,2,1,0,18,0,1,0,8,0,0,1,1,2,2,25,5,-1,-1,-1,-1,1,-1
201501HT20318,1,11,0,13,0,8,0,0,0,0,4,1,1,1,34,6,-1,-1,-1,-1,1,-1
201501HT20318,2,19,0,9,0,8,0,0,0,0,3,1,1,1,38,7,2198,2,3,-1,1,-1
201501HT20319,1,1,0,18,0,1,0,0,0,0,3,1,6,1,34,6,-1,-1,-1,-1,1,-1
201501HT20319,2,9,0,7,0,5,0,0,0,0,4,1,6,1,29,6,2231,2,7,-1,1,-1
201501HT20321,1,9,0,18,0,1,0,0,0,0,1,1,1,1,-1,-1,-1,-1,-1,-1,-1,-1
201501HT20322,1,9,0,18,0,0,0,0,0,0,3,1,2,1,46,8,1910,2,6,-1,-1,-1
201501HT20322,2,9,0,11,0,0,0,0,0,0,4,1,6,1,35,6,1998,2,4,-1,1,-1
201501HT20323,1,1,0,18,4,1,0,0,0,0,3,1,2,2,26,6,-1,-1,-1,-1,1,-1
201501HT20323,2,21,1,13,0,1,0,0,0,0,4,1,1,1,-1,-1,-1,-1,-1,-1,-1,-1
201501HT20324,1,9,0,18,0,1,0,0,0,0,2,1,6,1,-1,-1,1597,1,19,-1,1,-1
201501HT20324,2,9,0,18,0,1,0,0,0,0,1,1,6,1,23,5,1149,1,4,-1,1,-1
201501HT20325,1,9,0,7,0,5,0,0,0,0,4,1,2,1,24,5,1895,1,17,-1,1,-1
201501HT20325,2,5,0,18,2,1,0,0,0,0,3,1,6,1,51,8,680,1,7,-1,1,-1
201501HT20326,1,9,0,3,0,8,0,0,0,0,2,1,6,2,27,6,1149,1,2,-1,1,-1
201501HT20326,2,10,0,3,0,8,0,0,0,0,2,1,1,1,35,6,2298,2,3,-1,1,-1
201501HT20326,3,19,0,4,0,8,0,0,0,0,1,1,1,1,59,9,5193,2,4,-1,1,-1
201501HT20327,1,11,0,3,0,1,0,0,0,0,0,1,1,1,43,7,4500,2,-1,-1,1,-1
201501HT20328,1,1,0,18,0,2,0,0,0,0,1,1,6,2,-1,-1,-1,-1,-1,-1,-1,-1
201501HT20330,1,9,0,4,0,1,0,0,0,0,4,1,6,1,41,7,1596,1,9,-1,1,-1
201501HT20331,1,5,0,18,0,0,0,0,0,0,4,1,6,1,36,7,999,1,7,-1,1,-1
201501HT20331,2,19,0,12,0,0,0,0,0,0,3,1,6,1,-1,-1,1399,2,7,-1,-1,-1
201501HT20332,1,9,0,18,0,0,0,0,0,0,2,1,6,1,34,6,1896,2,11,-1,1,-1
201501HT20332,2,9,0,18,0,0,0,0,0,0,1,1,6,1,62,9,1398,2,2,-1,2,-1
201501HT20333,1,1,0,18,4,0,0,0,0,0,3,1,6,1,54,8,-1,-1,-1,-1,1,-1
201501HT20333,2,9,0,13,0,0,0,0,0,0,4,1,6,2,-1,-1,1388,1,4,-1,-1,-1
201501HT20334,1,9,0,18,0,0,0,0,0,0,1,1,6,1,30,6,-1,-1,-1,-1,-1,-1
201501HT20335,1,9,0,18,0,0,0,0,0,0,1,1,6,2,24,5,-1,-1,-1,-1,1,-1
201501HT20335,2,9,0,4,0,0,0,0,0,0,2,1,6,1,31,6,1798,2,-1,-1,2,-1
201501HT20336,1,11,0,18,0,8,0,0,1,7,1,1,1,1,54,8,9360,2,4,-1,1,-1
201501HT20337,1,1,0,13,0,8,0,0,0,0,4,1,6,1,28,6,-1,-1,-1,-1,1,-1
201501HT20337,2,9,0,9,0,8,0,0,0,0,3,1,6,1,35,6,1796,1,4,-1,-1,-1
201501HT20338,1,9,0,18,0,0,0,0,0,0,2,1,6,2,36,7,1339,1,9,-1,1,-1
201501HT20338,2,9,0,18,0,0,0,0,0,0,1,1,6,1,-1,-1,999,1,5,-1,-1,-1
201501HT20339,1,5,0,18,0,1,0,0,0,0,1,1,2,1,28,6,125,1,11,-1,1,-1
201501HT20339,2,9,0,4,0,1,0,0,0,0,2,2,6,1,48,8,-1,-1,-1,-1,-1,-1
201501HT20340,1,9,0,3,0,0,0,0,0,0,2,1,2,2,49,8,1497,8,8,-1,-1,-1
201501HT20340,2,9,0,18,0,0,0,0,0,0,1,1,6,1,21,5,1229,1,8,-1,1,-1
201501HT20342,1,1,0,18,4,1,0,0,0,0,1,1,6,2,19,4,-1,-1,-1,-1,1,-1
201501HT20343,1,9,0,18,0,0,5,0,0,0,4,1,6,1,72,10,1229,1,6,-1,1,-1
201501HT20343,2,9,0,2,0,0,0,0,0,0,4,1,6,1,32,6,1968,2,9,-1,1,-1
201501HT20344,1,9,0,18,0,8,0,0,0,0,1,1,6,1,32,6,1497,1,11,-1,1,-1
201501HT20344,2,9,0,9,0,8,0,0,0,0,3,1,6,1,25,5,1598,2,1,-1,-1,-1
201501HT20345,1,9,0,10,0,1,0,0,0,0,3,1,6,2,23,5,1598,1,11,-1,1,-1
201501HT20345,2,9,0,18,0,1,0,0,0,0,4,1,6,3,-1,-1,-1,-1,-1,-1,-1,-1
201501HT20347,1,9,0,18,0,8,0,0,0,0,1,1,6,1,47,8,1598,1,9,-1,1,-1
201501HT20347,2,9,0,9,0,8,0,0,0,0,4,1,6,1,27,6,1995,2,9,-1,1,-1
201501HT20348,1,9,0,18,0,1,0,0,0,0,1,1,6,1,-1,-1,1388,1,14,-1,1,-1
201501HT20349,1,19,0,9,0,8,0,0,0,0,3,1,1,1,24,5,2198,2,7,-1,1,-1
201501HT20349,2,3,0,18,0,8,0,0,0,0,1,1,1,1,25,5,125,1,5,-1,1,-1
201501HT20350,1,1,0,18,0,2,0,0,0,0,1,1,6,1,30,6,-1,-1,-1,-1,1,-1
201501HT20351,1,9,0,4,0,1,0,0,0,0,2,1,6,2,20,4,1229,1,3,-1,1,-1
201501HT20351,2,3,0,18,0,1,0,0,0,0,1,1,6,1,29,6,125,1,5,-1,1,-1
201501HT20352,1,9,0,9,0,8,0,0,0,0,1,1,6,1,61,9,1796,1,12,-1,1,-1
201501HT20352,2,1,0,18,0,8,0,0,0,0,3,1,6,1,-1,-1,-1,-1,-1,-1,1,-1
201501HT20353,1,3,0,18,0,1,0,0,0,0,1,1,6,1,44,7,125,1,3,-1,1,-1
201501HT20354,1,9,0,9,0,8,0,0,0,0,1,1,6,2,44,7,1995,2,11,-1,1,-1
201501HT20354,2,1,0,18,0,8,0,0,0,0,1,1,6,1,31,6,-1,-1,-1,-1,1,-1
201501HT20355,1,9,0,18,0,1,0,0,0,0,2,1,2,1,27,6,1497,8,10,-1,1,-1
201501HT20355,2,19,0,18,0,1,0,0,0,0,1,1,2,1,41,7,1753,2,11,-1,1,-1
201501HT20356,1,9,0,18,0,1,0,0,0,0,2,1,6,1,30,6,1968,2,4,-1,1,-1
201501HT20356,2,1,0,18,0,1,0,0,0,0,1,1,6,1,29,6,-1,-1,-1,-1,2,-1
201501HT20357,1,19,0,4,0,1,0,0,0,0,2,1,1,1,62,9,-1,-1,-1,-1,3,-1
201501HT20357,2,3,0,18,0,1,0,0,0,0,1,1,2,1,32,6,125,1,1,-1,1,-1
201501HT20358,1,9,0,13,0,0,0,0,0,0,4,1,6,1,41,7,1798,2,-1,-1,1,-1
201501HT20358,2,1,0,18,0,0,0,0,0,0,3,1,6,1,48,8,-1,-1,-1,-1,1,-1
201501HT20359,1,9,0,18,0,2,0,0,0,0,1,1,2,1,31,6,1390,1,7,-1,1,-1
201501HT20359,2,3,0,3,0,2,0,0,0,0,2,1,1,1,-1,-1,125,1,7,-1,-1,-1
201501HT20360,1,9,0,9,0,8,0,0,0,0,4,1,1,1,50,8,1798,8,1,-1,1,-1
201501HT20360,2,9,0,18,0,8,0,0,0,0,1,1,6,1,22,5,1968,2,12,-1,1,-1
201501HT20362,1,9,0,18,0,2,0,0,0,0,1,1,6,2,55,8,1799,1,8,-1,1,-1
201501HT20363,1,9,0,18,0,1,0,0,0,0,1,1,6,2,20,4,1124,1,6,-1,1,-1
201501HT20363,2,9,0,18,0,1,0,0,0,0,2,1,6,1,-1,-1,1390,1,1,-1,-1,-1
201501HT20364,1,19,0,18,0,0,0,0,0,0,4,1,6,1,33,6,2198,2,2,-1,1,-1
201501HT20364,2,9,0,12,0,0,0,0,0,0,3,1,6,1,29,6,1781,1,9,-1,1,-1
201501HT20365,1,2,0,18,9,0,0,10,1,0,1,1,6,1,-1,-1,-1,-1,-1,-1,-1,-1
201501HT20366,1,9,0,18,0,1,0,0,0,0,1,1,6,1,38,7,3498,1,15,-1,3,-1
201501HT20366,2,9,0,4,0,1,0,0,0,0,2,1,6,2,22,5,1598,1,4,-1,1,-1
201501HT20366,3,9,0,4,0,1,0,0,0,0,2,1,6,1,22,5,998,1,12,-1,1,-1
201501HT20367,1,8,0,3,0,1,0,0,0,0,2,1,6,1,31,6,1686,2,5,-1,1,-1
201501HT20367,2,9,0,18,0,1,0,0,0,0,1,1,6,1,-1,-1,1999,1,12,-1,-1,-1
201501HT20368,1,9,0,18,0,1,0,0,0,0,3,1,6,1,29,6,1900,2,10,-1,1,-1
201501HT20368,2,9,0,9,0,2,0,0,0,0,3,1,6,1,-1,-1,1496,2,-1,-1,1,-1
201501HT20369,1,1,0,18,5,1,0,0,0,0,1,1,6,1,-1,-1,-1,-1,-1,-1,-1,-1
201501HT20370,1,3,0,18,0,1,0,0,0,0,1,1,2,1,25,5,124,1,1,-1,1,-1
201501HT20371,1,3,0,18,0,8,0,0,0,0,4,1,1,1,28,6,125,1,4,-1,1,-1
201501HT20371,2,9,0,9,0,8,0,0,0,0,1,1,6,3,-1,-1,-1,-1,-1,-1,-1,-1
201501HT20372,1,9,0,18,0,0,0,0,0,0,3,1,6,1,51,8,-1,-1,-1,-1,-1,-1
201501HT20373,1,19,0,18,0,0,0,0,0,0,1,1,1,1,51,8,1461,2,1,-1,1,-1
201501HT20374,1,9,0,18,0,0,0,0,0,0,1,1,6,1,-1,-1,1699,1,9,-1,-1,-1
201501HT20375,1,21,1,18,0,2,0,0,0,0,3,1,1,1,45,7,12900,2,5,-1,2,-1
201501HT20375,2,9,0,11,0,2,0,0,0,0,4,1,2,1,35,6,1390,1,1,-1,-1,-1
201501HT20376,1,9,0,18,0,2,0,0,0,0,1,1,2,1,36,7,1997,2,1,-1,1,-1
201501HT20377,1,3,0,18,0,1,0,0,0,0,1,1,6,1,47,8,124,1,5,-1,1,-1
201501HT20378,1,9,0,18,0,0,0,0,0,0,1,1,6,1,55,8,1896,2,8,-1,1,-1
201501HT20379,1,20,0,18,0,0,0,0,0,0,4,1,1,1,20,4,2287,2,1,-1,1,-1
201501HT20380,1,9,0,7,0,5,0,0,0,0,4,1,2,1,40,7,1598,1,8,-1,1,-1
201501HT20380,2,1,0,18,0,1,0,0,0,0,3,1,6,1,33,6,-1,-1,-1,-1,1,-1
201501HT20381,1,19,0,18,0,1,0,0,0,0,2,1,6,1,40,7,1598,2,-1,-1,1,-1
201501HT20381,2,11,0,18,0,1,0,0,0,0,1,1,1,1,45,7,9000,2,6,-1,1,-1
201501HT20382,1,5,0,18,0,8,0,0,0,0,1,1,6,1,37,7,600,1,6,-1,1,-1
201501HT20382,2,9,0,9,0,8,0,0,0,0,3,1,6,1,26,6,-1,-1,-1,-1,1,-1
201501HT20383,1,9,0,7,0,8,0,0,0,0,4,1,6,3,-1,-1,2148,2,14,-1,-1,-1
201501HT20383,2,1,0,18,0,8,0,0,0,0,1,1,2,1,20,4,-1,-1,-1,-1,1,-1
201501HT20384,1,9,0,18,0,1,0,0,0,0,1,1,6,1,62,9,1769,1,12,-1,1,-1
201501HT20386,1,5,0,13,0,8,0,0,0,0,2,1,6,1,40,7,-1,-1,-1,-1,1,-1
201501HT20386,2,9,0,9,0,8,0,0,0,0,1,1,6,1,48,8,1248,1,1,-1,1,-1
201501HT20388,1,9,0,18,0,2,0,0,0,0,1,1,6,1,58,9,1794,1,10,-1,1,-1
201501HT20389,1,3,0,18,0,0,0,0,0,0,4,1,6,1,24,5,125,1,6,-1,-1,-1
201501HT20389,2,9,0,6,0,0,0,0,0,0,3,1,6,1,26,6,1461,2,9,-1,-1,-1
201501HT20390,1,9,0,9,0,8,0,0,0,0,1,1,6,1,28,6,1753,2,15,-1,1,-1
201501HT20390,2,1,0,18,0,8,0,0,0,0,1,1,2,2,33,6,-1,-1,-1,-1,1,-1
201501HT20391,1,9,0,4,0,1,0,0,0,0,2,1,6,1,31,6,998,1,13,-1,1,-1
201501HT20391,2,9,0,18,0,1,0,0,0,0,1,1,6,1,61,9,1796,1,14,-1,1,-1
201501HT20392,1,3,0,9,0,8,0,0,0,0,4,1,1,1,22,5,125,1,2,-1,1,-1
201501HT20392,2,11,0,18,0,8,0,0,0,0,1,2,1,1,62,9,-1,-1,-1,-1,-1,-1
201501HT20393,1,9,0,7,0,1,0,0,0,0,4,1,6,1,20,4,999,1,-1,-1,1,-1
201501HT20393,2,1,0,15,0,1,0,0,0,0,1,1,6,1,24,5,-1,-1,-1,-1,1,-1
201501HT20394,1,3,0,14,0,1,0,0,0,0,1,1,6,1,30,6,-1,-1,-1,-1,1,-1
201501HT20395,1,5,0,18,0,8,0,0,0,0,3,1,6,1,39,7,670,1,2,-1,1,-1
201501HT20395,2,9,0,9,0,8,0,0,0,0,1,1,6,1,-1,-1,2143,2,-1,-1,-1,-1
201501HT20396,1,1,0,15,4,8,0,0,0,0,1,1,6,1,39,7,-1,-1,-1,-1,-1,-1
201501HT20396,2,9,0,9,0,8,0,0,0,0,3,1,6,2,-1,-1,998,1,12,-1,-1,-1
201501HT20397,1,9,0,18,0,1,0,0,0,0,1,1,6,1,22,5,1910,2,7,-1,1,-1
201501HT20398,1,9,0,18,0,8,0,0,0,0,1,1,6,1,24,5,1461,2,1,-1,1,-1
201501HT20398,2,9,0,9,0,8,0,0,0,0,1,1,6,2,20,4,1299,1,11,-1,1,-1
201501HT20399,1,1,0,18,0,2,0,8,0,0,1,1,1,1,24,5,-1,-1,-1,-1,1,-1
201501HT20399,2,19,0,2,0,2,0,0,0,0,3,1,6,1,46,8,-1,-1,-1,-1,1,-1
201501HT20401,1,8,0,4,0,1,0,0,0,0,2,1,1,1,44,7,1870,2,5,-1,1,-1
201501HT20401,2,8,0,18,0,1,0,0,0,0,1,1,1,1,46,8,1997,2,6,-1,1,-1
201501HT20403,1,9,0,18,0,0,0,0,0,0,1,1,6,3,-1,-1,-1,-1,-1,-1,-1,-1
201501HT20404,1,5,0,18,0,8,0,0,0,0,4,1,2,1,58,9,680,1,4,-1,1,-1
201501HT20404,2,9,0,18,0,8,0,0,0,0,3,1,2,1,28,6,1995,2,12,-1,1,-1
201501HT20406,1,21,1,7,0,5,0,0,0,0,4,1,1,1,55,8,5880,2,9,-1,1,-1
201501HT20406,2,9,0,15,0,1,0,0,0,0,3,1,6,1,58,9,999,1,15,-1,1,-1
201501HT20407,1,8,0,18,0,1,0,0,0,0,1,1,1,1,53,8,2499,2,8,-1,1,-1
201501HT20408,1,9,0,4,0,8,0,10,1,4,1,1,6,1,34,6,1242,1,14,-1,1,-1
201501HT20408,2,9,0,7,0,8,0,0,0,0,0,1,6,3,-1,-1,-1,-1,-1,-1,-1,-1
201501HT20409,1,19,0,18,0,1,0,0,0,0,1,1,6,1,33,6,2148,2,5,-1,1,-1
201501HT20409,2,9,0,3,0,1,0,0,0,0,2,1,6,1,56,9,3980,1,19,-1,-1,-1
201501HT20409,3,9,0,3,0,1,0,0,0,0,2,1,6,1,24,5,1596,1,9,-1,1,-1
201501HT20410,1,9,0,9,0,2,0,0,0,0,1,1,6,1,-1,-1,-1,-1,-1,-1,-1,-1
201501HT20411,1,8,0,9,0,8,0,0,0,0,4,1,1,1,54,8,2143,2,1,-1,1,-1
201501HT20411,2,1,0,18,0,8,0,0,0,0,1,1,2,1,36,7,-1,-1,-1,-1,1,-1
201501HT20412,1,1,0,18,0,1,0,0,0,0,2,1,6,2,41,7,-1,-1,-1,-1,1,-1
201501HT20412,2,9,0,18,0,1,0,0,0,0,1,1,6,1,-1,-1,1795,1,16,-1,-1,-1
201501HT20413,1,9,0,13,0,1,0,0,0,0,4,1,6,1,49,8,1598,2,-1,-1,1,-1
201501HT20413,2,1,0,18,0,1,0,0,0,0,3,1,6,2,27,6,-1,-1,-1,-1,1,-1
201501HT20414,1,8,0,6,0,2,0,0,0,0,4,1,1,1,47,8,1797,8,5,-1,1,-1
201501HT20414,2,9,0,18,0,1,0,0,0,0,1,1,6,1,36,7,1390,1,4,-1,1,-1
201501HT20415,1,9,0,18,0,8,0,0,0,0,1,1,2,1,44,7,1599,1,10,-1,1,-1
201501HT20415,2,19,0,18,0,8,0,0,0,0,3,1,2,1,23,5,2402,2,8,-1,-1,-1
201501HT20416,1,9,0,18,0,8,0,0,0,0,4,1,6,1,53,8,4966,1,12,-1,1,-1
201501HT20416,2,8,0,18,0,8,0,0,0,0,1,1,1,1,47,8,1598,2,2,-1,1,-1
201501HT20417,1,9,0,4,0,1,0,0,0,0,2,1,6,1,50,8,-1,-1,-1,-1,1,-1
201501HT20417,2,9,0,4,0,1,0,0,0,0,2,1,6,2,26,6,1461,2,2,-1,1,-1
201501HT20417,3,9,0,4,0,1,0,0,0,0,2,1,6,1,46,8,1560,2,5,-1,-1,-1
201501HT20417,4,9,0,18,0,1,0,0,0,0,1,2,6,2,39,7,-1,-1,-1,-1,1,-1
201501HT20418,1,9,0,7,0,5,0,0,0,0,4,1,6,2,39,7,1364,1,8,-1,1,-1
201501HT20418,2,1,0,18,0,1,0,0,0,0,3,1,6,1,23,5,-1,-1,-1,-1,1,-1
201501HT20419,1,9,0,18,0,8,0,0,0,0,3,1,6,1,20,4,1329,1,6,-1,1,-1
201501HT20419,2,8,0,18,0,8,0,0,0,0,1,1,1,1,34,6,1997,2,2,-1,1,-1
201501HT20420,1,11,0,9,0,8,0,0,0,0,0,1,1,1,61,9,4500,2,-1,-1,1,-1
201501HT20421,1,3,0,18,2,8,0,0,0,0,1,1,2,1,31,6,124,1,1,-1,1,-1
201501HT20421,2,9,0,9,0,5,0,0,0,0,4,1,6,1,-1,-1,1598,1,10,-1,1,-1
201501HT20422,1,8,0,18,0,0,0,0,0,0,1,1,1,1,45,7,1997,2,2,-1,1,-1
201501HT20423,1,9,0,4,0,8,0,0,0,0,4,1,6,2,41,7,1798,1,6,-1,1,-1
201501HT20423,2,1,0,18,0,8,0,0,0,0,3,1,6,1,45,7,-1,-1,-1,-1,1,-1
201501HT20424,1,1,0,18,0,1,0,0,0,0,1,1,6,1,42,7,-1,-1,-1,-1,1,-1
201501HT20424,2,8,0,1,0,1,0,0,0,0,3,1,1,1,-1,-1,1798,8,1,-1,-1,-1
201501HT20426,1,9,0,18,0,0,0,4,0,0,1,1,6,1,25,5,1198,1,2,-1,1,-1
201501HT20426,2,19,0,2,0,0,0,0,0,0,2,1,1,1,30,6,2198,2,1,-1,1,-1
201501HT20427,1,8,0,18,0,2,0,0,0,0,4,1,6,1,48,8,1797,8,5,-1,1,-1
201501HT20428,1,9,0,7,0,5,0,0,0,0,4,1,2,1,31,6,1896,2,7,-1,1,-1
201501HT20428,2,3,0,18,2,1,0,0,0,0,3,1,1,1,26,6,107,1,2,-1,1,-1
201501HT20429,1,20,0,18,0,1,0,0,0,0,1,1,6,1,32,6,6692,2,3,-1,1,-1
201501HT20431,1,9,0,18,0,1,0,0,0,0,0,1,1,1,-1,-1,-1,-1,-1,-1,-1,-1
201501HT20431,2,9,0,18,0,1,0,7,0,0,1,1,6,1,19,4,3175,1,12,-1,1,-1
201501HT20432,1,9,0,12,0,1,0,0,0,0,3,1,6,1,43,7,2148,2,6,-1,1,-1
201501HT20432,2,3,0,18,0,1,0,0,0,0,4,1,6,1,26,6,125,1,8,-1,1,-1
201501HT20433,1,2,0,18,0,8,0,0,0,0,1,1,6,1,31,6,198,1,6,-1,1,-1
201501HT20433,2,9,0,7,0,8,0,0,0,0,3,1,6,3,-1,-1,2793,6,17,-1,-1,-1
201501HT20434,1,9,0,17,0,0,0,0,0,0,1,1,6,1,54,8,1461,2,-1,-1,-1,-1
201501HT20434,2,9,0,16,0,0,0,0,0,0,1,1,6,1,32,6,1396,1,12,-1,1,-1
201501HT20435,1,9,0,18,0,0,0,0,0,0,4,1,6,1,78,11,1298,1,14,-1,1,-1
201501HT20436,1,9,0,7,0,8,0,0,0,0,4,1,6,1,31,6,1598,1,14,-1,1,-1