Accident_Index,Vehicle_Reference,Vehicle_Type,Towing_and_Articulation,Vehicle_Manoeuvre,Vehicle_Location-Restricted_Lane,Junction_Location,Skidding_and_Overturning,Hit_Object_in_Carriageway,Vehicle_Leaving_Carriageway,Hit_Object_off_Carriageway,1st_Point_of_Impact,Was_Vehicle_Left_Hand_Drive?,Journey_Purpose_of_Driver,Sex_of_Driver,Age_of_Driver,Age_Band_of_Driver,Engine_Capacity_(CC),Propulsion_Code,Age_of_Vehicle,Driver_IMD_Decile,Driver_Home_Area_Type,Vehicle_IMD_Decile
201501HT20436,2,1,0,18,0,8,0,0,0,0,3,1,6,1,25,5,-1,-1,-1,-1,1,-1
201501HT20437,1,9,0,18,0,1,0,0,0,0,4,1,6,1,-1,-1,1598,2,4,-1,1,-1
201501HT20438,1,9,0,16,0,8,0,0,0,0,1,1,6,2,45,7,1390,1,9,-1,1,-1
201501HT20438,2,3,0,9,0,8,0,0,0,0,1,1,6,1,17,4,-1,-1,-1,-1,1,-1
201501HT20439,1,9,0,18,0,0,0,0,0,0,3,1,1,1,-1,-1,-1,-1,-1,-1,-1,-1
201501HT20440,1,1,0,18,0,2,0,0,0,0,3,1,6,1,37,7,-1,-1,-1,-1,1,-1
201501HT20441,1,8,0,18,2,1,0,0,0,0,3,1,1,1,51,8,2499,2,2,-1,1,-1
201501HT20441,2,9,0,7,0,5,0,0,0,0,4,1,1,1,35,6,1968,2,4,-1,1,-1
201501HT20442,1,8,0,7,0,5,0,0,0,0,4,1,1,1,65,9,2664,2,15,-1,1,-1
201501HT20442,2,1,0,18,0,1,0,0,0,0,3,1,6,1,28,6,-1,-1,-1,-1,1,-1
201501HT20443,1,9,0,2,0,0,0,0,0,0,3,1,6,1,62,9,-1,-1,-1,-1,1,-1
201501HT20443,2,1,0,18,0,0,0,8,0,0,1,1,6,1,27,6,-1,-1,-1,-1,1,-1
201501HT20444,1,20,0,18,0,0,0,0,0,0,2,1,6,1,52,8,-1,-1,-1,-1,1,-1
201501HT20444,2,9,0,18,0,0,0,0,0,0,1,1,6,2,25,5,1390,1,15,-1,1,-1
201501HT20445,1,9,0,18,0,0,0,0,0,0,1,1,6,1,40,7,1499,2,-1,-1,1,-1
201501HT20446,1,8,0,2,0,2,0,0,0,0,1,1,6,1,30,6,2143,2,4,-1,1,-1
201501HT20446,2,9,0,1,0,2,0,4,0,0,2,1,6,1,-1,-1,2777,2,6,-1,-1,-1
201501HT20447,1,9,0,7,0,5,0,0,0,0,4,1,1,1,24,5,-1,-1,-1,-1,1,-1
201501HT20447,2,5,0,18,2,1,0,0,0,0,3,1,1,1,44,7,-1,-1,-1,-1,1,-1
201501HT20448,1,8,0,18,0,0,0,0,0,0,2,1,1,1,36,7,1910,2,5,-1,-1,-1
201501HT20448,2,9,0,18,0,0,0,0,0,0,1,1,6,1,34,6,1995,2,8,-1,1,-1
201501HT20449,1,9,0,1,0,1,0,0,0,0,2,1,6,1,37,7,-1,-1,-1,-1,1,-1
201501HT20449,2,5,0,3,0,1,0,0,0,0,1,1,6,1,36,7,-1,-1,-1,-1,-1,-1
201501HT20450,1,9,0,18,0,1,0,0,0,0,1,1,6,2,35,6,1870,2,9,-1,1,-1
201501HT20452,1,11,0,4,0,1,0,0,0,0,4,1,1,1,53,8,4500,2,-1,-1,1,-1
201501HT20454,1,9,0,5,0,1,0,0,0,0,1,1,6,2,30,6,1242,1,12,-1,1,-1
201501HT20454,2,9,0,18,0,2,0,0,0,0,1,1,6,3,-1,-1,-1,-1,-1,-1,-1,-1
201501HT20455,1,9,0,18,0,0,0,0,0,0,2,1,6,1,59,9,2400,2,7,-1,1,-1
201501HT20455,2,9,0,18,0,0,0,0,0,0,2,1,6,1,20,4,1149,1,11,-1,1,-1
201501HT20455,3,9,0,18,0,0,0,0,0,0,1,1,6,1,45,7,1798,1,9,-1,1,-1
201501HT20456,1,9,0,18,0,1,0,0,0,0,1,1,6,1,62,9,1598,2,3,-1,1,-1
201501HT20457,1,19,0,7,0,8,0,0,0,0,4,1,1,1,55,8,1461,2,-1,-1,-1,-1
201501HT20457,2,1,0,18,0,8,0,0,0,0,1,1,6,2,27,6,-1,-1,-1,-1,1,-1
201501HT20458,1,1,0,14,0,1,0,8,0,0,1,1,6,1,28,6,-1,-1,-1,-1,1,-1
201501HT20458,2,9,0,2,0,1,0,0,0,0,3,1,6,1,38,7,-1,-1,-1,-1,-1,-1
201501HT20459,1,8,0,5,0,2,0,0,0,0,1,1,1,1,-1,-1,1797,8,4,-1,-1,-1
201501HT20460,1,11,0,18,0,1,0,0,0,0,1,1,1,2,36,7,9000,2,6,-1,1,-1
201501HT20461,1,9,0,4,0,1,0,0,0,0,2,1,1,1,33,6,1797,8,4,-1,1,-1
201501HT20461,2,9,0,18,0,1,0,0,0,0,1,1,6,1,-1,-1,1988,1,10,-1,-1,-1
201501HT20462,1,5,0,7,0,8,0,0,0,0,3,1,6,1,36,7,599,1,4,-1,1,-1
201501HT20462,2,3,0,18,0,8,0,0,0,0,1,1,6,1,38,7,124,1,1,-1,1,-1
201501HT20463,1,5,0,18,0,8,0,0,0,0,3,1,2,1,35,6,499,1,13,-1,1,-1
201501HT20463,2,9,0,9,0,8,0,0,0,0,1,1,2,1,19,4,1596,1,9,-1,1,-1
201501HT20464,1,1,0,18,0,8,0,0,0,0,3,1,2,2,29,6,-1,-1,-1,-1,1,-1
201501HT20464,2,9,0,9,0,8,0,0,0,0,1,1,6,1,-1,-1,1229,1,8,-1,-1,-1
201501HT20466,1,9,0,4,0,0,0,0,0,0,2,1,6,1,47,8,1794,1,12,-1,1,-1
201501HT20466,2,9,0,18,0,0,0,0,0,0,1,1,6,1,-1,-1,1596,1,14,-1,1,-1
201501HT20467,1,1,0,18,0,8,0,0,0,0,3,1,6,2,23,5,-1,-1,-1,-1,-1,-1
201501HT20467,2,9,0,9,0,8,0,0,0,0,1,1,6,2,-1,-1,-1,-1,-1,-1,-1,-1
201501HT20468,1,8,0,4,0,1,0,0,0,0,1,1,6,1,-1,-1,-1,-1,-1,-1,-1,-1
201501HT20468,2,9,0,3,0,1,0,0,0,0,2,1,6,1,21,5,2191,2,-1,-1,2,-1
201501HT20469,1,3,0,2,0,1,0,0,0,0,1,1,6,1,20,4,125,1,4,-1,-1,-1
201501HT20469,2,19,0,1,0,1,0,4,0,0,2,1,6,3,-1,-1,-1,-1,-1,-1,-1,-1
201501HT20470,1,9,0,4,0,1,0,0,0,0,1,1,6,1,32,6,1396,1,12,-1,1,-1
201501HT20470,2,1,0,4,0,1,0,0,0,0,2,1,6,1,31,6,-1,-1,-1,-1,1,-1
201501HT20471,1,9,0,13,0,0,0,0,0,0,4,1,6,2,64,9,-1,-1,-1,-1,1,-1
201501HT20471,2,1,0,18,0,0,0,0,0,0,3,1,6,1,38,7,-1,-1,-1,-1,1,-1
201501HT20472,1,9,0,18,0,1,0,0,0,0,1,1,6,2,22,5,1596,1,7,-1,1,-1
201501HT20473,1,3,0,18,0,8,0,0,0,0,1,1,6,1,26,6,108,1,3,-1,1,-1
201501HT20473,2,8,0,9,0,8,0,0,0,0,4,1,1,1,37,7,1896,2,6,-1,1,-1
201501HT20474,1,9,0,9,0,8,0,0,0,0,3,1,1,1,24,5,2979,1,7,-1,1,-1
201501HT20474,2,5,0,13,0,8,0,0,0,0,4,1,2,1,30,6,670,1,3,-1,1,-1
201501HT20475,1,4,0,18,0,0,0,0,0,0,1,1,6,1,54,8,499,1,16,-1,1,-1
201501HT20475,2,9,0,11,0,0,0,0,0,0,4,1,6,1,34,6,3200,1,7,-1,1,-1
201501HT20476,1,9,0,18,0,2,0,0,0,0,3,1,6,2,-1,-1,1598,2,3,-1,1,-1
201501HT20476,2,3,0,13,0,2,0,0,0,0,1,1,6,1,32,6,125,1,3,-1,1,-1
201501HT20477,1,9,0,18,0,0,0,0,0,0,1,1,6,1,27,6,1798,1,8,-1,1,-1
201501HT20477,2,9,0,18,0,0,0,0,0,0,1,1,6,1,20,4,1149,1,13,-1,1,-1
201501HT20478,1,11,0,18,0,1,0,0,0,0,0,1,1,1,47,8,7300,2,10,-1,3,-1
201501HT20479,1,1,0,18,0,2,0,0,0,0,2,1,2,2,32,6,-1,-1,-1,-1,1,-1
201501HT20479,2,8,0,18,0,2,0,0,0,0,1,1,1,1,-1,-1,2664,2,23,-1,-1,-1
201501HT20480,1,3,0,18,0,1,0,0,0,0,4,1,6,1,22,5,124,1,6,-1,1,-1
201501HT20480,2,9,0,12,0,1,0,0,0,0,3,1,6,3,-1,-1,1275,1,19,-1,-1,-1
201501HT20481,1,9,0,18,0,0,0,0,0,0,4,1,6,3,-1,-1,-1,-1,-1,-1,-1,-1
201501HT20483,1,3,0,18,0,8,0,0,0,0,1,1,2,1,41,7,-1,-1,-1,-1,1,-1
201501HT20483,2,9,0,9,0,8,0,0,0,0,4,1,1,1,25,5,1600,1,11,-1,1,-1
201501HT20484,1,9,0,18,0,0,0,0,0,0,1,1,2,2,23,5,1397,1,8,-1,1,-1
201501HT20484,2,20,0,18,0,0,0,0,0,0,0,1,1,1,30,6,2402,2,8,-1,1,-1
201501HT20485,1,9,0,18,0,1,0,0,0,0,3,1,6,1,50,8,1198,1,5,-1,1,-1
201501HT20485,2,9,0,11,0,1,0,0,0,0,4,1,6,1,-1,-1,1796,1,14,-1,1,-1
201501HT20487,1,3,0,14,0,0,0,0,0,0,4,1,6,1,30,6,125,1,1,-1,1,-1
201501HT20488,1,9,0,18,0,1,0,0,0,0,1,1,6,1,-1,-1,1995,2,6,-1,-1,-1
201501HT20488,2,9,0,18,0,2,0,0,0,0,1,1,6,1,58,9,1061,1,10,-1,1,-1
201501HT20489,1,9,0,3,0,1,0,0,0,0,2,1,6,1,33,6,2494,1,11,-1,1,-1
201501HT20489,2,9,0,18,0,1,0,0,0,0,1,1,6,2,-1,-1,1598,1,9,-1,-1,-1
201501HT20490,1,5,0,3,0,1,0,0,0,0,2,1,6,1,22,5,649,1,4,-1,1,-1
201501HT20490,2,9,0,4,0,1,0,0,0,0,1,1,6,2,-1,-1,1388,1,12,-1,1,-1
201501HT20491,1,1,0,18,0,1,0,0,0,0,3,1,6,2,25,5,-1,-1,-1,-1,-1,-1
201501HT20491,2,9,0,7,0,5,0,0,0,0,4,1,6,3,-1,-1,-1,-1,-1,-1,-1,-1
201501HT20492,1,2,0,18,0,8,0,0,0,0,1,1,1,1,19,4,125,1,4,-1,1,-1
201501HT20492,2,9,0,7,0,8,0,0,0,0,3,1,6,1,32,6,1769,1,13,-1,1,-1
201501HT20493,1,9,0,18,0,1,0,0,0,0,3,1,6,1,44,7,2985,2,10,-1,1,-1
201501HT20493,2,9,0,11,0,1,0,0,0,0,4,1,6,1,-1,-1,1910,2,7,-1,-1,-1
201501HT20494,1,9,0,3,0,0,0,0,0,0,2,1,2,1,24,5,2148,2,7,-1,1,-1
201501HT20494,2,9,0,3,0,0,0,0,0,0,2,1,2,1,27,6,1299,1,15,-1,1,-1
201501HT20494,3,9,0,18,0,0,0,0,0,0,1,1,3,2,39,7,3189,1,12,-1,1,-1
201501HT20496,1,9,0,17,0,8,0,0,0,0,2,1,1,2,30,6,1364,1,9,-1,1,-1
201501HT20496,2,9,0,17,0,8,0,0,0,0,1,1,6,3,-1,-1,1390,1,16,-1,-1,-1
201501HT20498,1,3,0,3,0,0,0,0,0,0,2,1,6,1,38,7,-1,-1,-1,-1,1,-1
201501HT20498,2,9,0,18,0,0,0,0,0,0,1,1,6,1,-1,-1,-1,-1,-1,-1,-1,-1
201501HT20499,1,9,0,7,0,5,0,0,0,0,4,1,1,1,27,6,1598,2,1,-1,1,-1
201501HT20499,2,1,0,18,0,1,0,0,0,0,3,1,6,1,50,8,-1,-1,-1,-1,1,-1
201501HT20500,1,9,0,18,0,0,0,0,0,0,1,1,6,1,48,8,-1,-1,-1,-1,1,-1
201501HT20500,2,9,0,4,0,0,0,0,0,0,2,1,6,1,39,7,1398,2,8,-1,1,-1
201501HT20501,1,11,0,4,0,1,0,0,0,0,4,1,1,1,56,9,4461,2,1,-1,1,-1
201501HT20502,1,9,0,18,0,0,0,0,0,0,1,1,6,1,56,9,1797,8,-1,-1,1,-1
201501HT20502,2,19,0,4,0,0,0,0,0,0,2,1,2,1,50,8,2198,2,9,-1,-1,-1
201501HT20503,1,9,0,18,0,2,0,0,0,0,3,1,1,1,-1,-1,-1,-1,-1,-1,-1,-1
201501HT20504,1,8,0,18,0,8,0,0,0,0,0,1,1,1,46,8,2499,2,5,-1,1,-1
201501HT20504,2,8,0,18,0,8,0,0,0,0,0,1,6,2,35,6,2499,2,8,-1,1,-1
201501HT20505,1,9,0,9,0,2,0,0,0,0,1,1,6,1,77,11,1398,2,12,-1,1,-1
201501HT20507,1,9,0,18,0,0,0,0,0,0,3,1,2,1,39,7,2148,2,11,-1,1,-1
201501HT20507,2,9,0,13,0,0,0,0,0,0,4,1,6,3,-1,-1,998,1,15,-1,-1,-1
201501HT20508,1,5,0,9,0,8,0,0,0,0,1,1,6,2,43,7,108,1,5,-1,1,-1
201501HT20508,2,9,0,18,0,8,0,0,0,0,1,1,6,3,-1,-1,-1,-1,-1,-1,-1,-1
201501HT20509,1,9,0,18,0,0,0,0,0,0,1,1,6,1,36,7,1896,2,13,-1,1,-1
201501HT20509,2,8,0,3,0,0,0,0,0,0,2,1,1,1,36,7,1997,2,5,-1,1,-1
201501HT20510,1,9,0,18,0,0,0,0,0,0,2,1,1,1,34,6,1199,1,15,-1,1,-1
201501HT20510,2,9,0,18,0,0,0,0,0,0,1,1,6,1,-1,-1,2143,2,6,-1,1,-1
201501HT20511,1,9,0,18,0,8,0,0,0,0,4,1,6,2,42,7,1799,1,9,-1,1,-1
201501HT20511,2,1,0,18,0,8,0,0,0,0,1,1,6,1,38,7,-1,-1,-1,-1,1,-1
201501HT20512,1,19,0,18,2,0,0,0,0,0,3,1,6,1,74,10,1298,1,10,-1,1,-1
201501HT20513,1,1,0,18,0,8,0,0,0,0,3,1,2,1,26,6,-1,-1,-1,-1,1,-1
201501HT20513,2,4,0,9,0,8,0,0,0,0,1,1,6,1,-1,-1,-1,-1,-1,-1,-1,-1
201501HT20514,1,9,0,3,0,1,0,0,0,0,3,1,6,1,42,7,1910,2,8,-1,1,-1
201501HT20514,2,1,0,14,0,1,0,8,0,0,1,1,6,1,34,6,-1,-1,-1,-1,1,-1
201501HT20515,1,9,0,18,0,1,0,0,0,0,1,1,6,1,-1,-1,1560,2,8,-1,1,-1
201501HT20516,1,9,0,18,0,0,0,0,0,0,1,1,2,2,27,6,1388,1,9,-1,1,-1
201501HT20517,1,9,0,7,0,5,0,0,0,0,4,1,6,2,26,6,1598,1,11,-1,1,-1
201501HT20517,2,3,0,18,2,1,0,0,0,0,3,1,6,1,31,6,124,1,6,-1,1,-1
201501HT20518,1,2,0,18,0,8,0,0,0,0,1,1,6,1,33,6,124,1,2,-1,1,-1
201501HT20518,2,9,0,9,0,8,0,0,0,0,1,1,6,3,-1,-1,-1,-1,-1,-1,-1,-1
201501HT20519,1,5,0,18,0,1,0,0,0,0,3,1,6,1,29,6,-1,-1,-1,-1,1,-1
201501HT20521,1,9,0,18,0,1,0,0,0,0,2,1,6,1,30,6,1560,2,7,-1,1,-1
201501HT20521,2,3,0,18,0,1,0,0,0,0,1,1,1,1,28,6,125,1,-1,-1,-1,-1
201501HT20522,1,9,0,18,0,1,0,0,0,0,1,1,6,1,58,9,2199,2,6,-1,1,-1
201501HT20523,1,9,0,16,0,2,0,0,0,0,3,1,6,1,25,5,2148,2,6,-1,1,-1
201501HT20523,2,9,0,17,0,1,0,0,0,0,3,1,6,1,-1,-1,2148,2,12,-1,-1,-1
201501HT20524,1,9,0,18,0,0,0,0,0,0,4,1,1,1,25,5,1797,8,3,-1,-1,-1
201501HT20525,1,1,0,18,0,1,0,0,0,0,3,1,2,1,27,6,-1,-1,-1,-1,1,-1
201501HT20525,2,9,0,13,0,1,0,0,0,0,4,1,6,1,-1,-1,1596,1,6,-1,-1,-1
201501HT20526,1,9,0,18,0,8,0,0,0,0,3,1,2,1,53,8,1497,1,15,-1,1,-1
201501HT20526,2,9,0,9,0,8,0,0,0,0,1,1,2,2,29,6,1197,1,3,-1,1,-1
201501HT20527,1,3,0,15,0,1,0,8,0,0,1,1,6,1,26,6,108,1,2,-1,1,-1
201501HT20527,2,8,0,3,0,1,0,0,0,0,4,1,1,1,53,8,2499,2,8,-1,2,-1
201501HT20528,1,9,0,18,0,8,0,0,0,0,4,1,6,2,26,6,1390,1,11,-1,1,-1
201501HT20528,2,1,0,18,0,8,0,0,0,0,1,1,6,1,44,7,-1,-1,-1,-1,1,-1
201501HT20529,1,9,0,9,0,8,0,0,0,0,1,1,6,1,-1,-1,2148,2,7,-1,-1,-1
201501HT20529,2,3,0,18,0,8,0,0,0,0,4,1,2,2,33,6,108,1,3,-1,1,-1
201501HT20530,1,1,0,18,0,1,0,0,0,0,4,1,6,2,44,7,-1,-1,-1,-1,-1,-1
201501HT20530,2,8,0,5,0,1,0,0,0,0,3,1,6,1,55,8,2499,2,6,-1,-1,-1
201501HT20531,1,1,0,18,0,8,0,0,0,0,1,1,2,2,34,6,-1,-1,-1,-1,1,-1
201501HT20531,2,3,0,9,0,8,0,0,0,0,3,1,6,1,-1,-1,125,1,5,-1,-1,-1
201501HT20532,1,1,0,18,0,8,0,0,0,0,1,1,2,1,34,6,-1,-1,-1,-1,1,-1
201501HT20532,2,9,0,9,0,8,0,0,0,0,3,1,1,1,50,8,-1,-1,-1,-1,1,-1
201501HT20533,1,9,0,4,0,1,0,0,0,0,2,1,6,1,21,5,1461,2,-1,-1,1,-1
201501HT20533,2,9,0,4,0,1,0,0,0,0,1,1,6,2,-1,-1,1198,1,5,-1,-1,-1
201501HT20535,1,9,0,9,0,8,0,0,0,0,1,1,2,2,37,7,1995,2,1,-1,1,-1
201501HT20535,2,5,0,18,0,8,0,0,0,0,3,1,6,2,34,6,649,1,1,-1,1,-1
201501HT20536,1,4,0,18,0,0,0,0,0,0,0,1,6,1,28,6,-1,-1,-1,-1,1,-1
201501HT20538,1,5,0,18,0,0,0,0,0,0,3,1,6,1,40,7,499,1,15,-1,1,-1
201501HT20539,1,11,0,18,2,1,0,0,0,0,1,1,1,1,32,6,9200,2,11,-1,1,-1
201501HT20539,2,1,0,18,2,1,0,0,0,0,4,1,6,1,30,6,-1,-1,-1,-1,1,-1
201501HT20540,1,9,0,18,0,2,0,4,0,0,1,1,6,1,19,4,1400,1,15,-1,1,-1
201501HT20540,2,9,0,2,0,2,0,0,0,0,2,1,6,2,34,6,1582,2,1,-1,1,-1
201501HT20541,1,9,0,8,0,1,0,0,0,0,2,1,3,1,45,7,1850,1,14,-1,1,-1
201501HT20541,2,9,0,18,0,1,0,0,0,0,1,1,6,1,-1,-1,-1,-1,-1,-1,-1,-1
201501HT20542,1,9,0,16,0,8,0,0,0,0,1,1,6,1,26,6,-1,-1,-1,-1,1,-1
201501HT20542,2,9,0,9,0,8,0,0,0,0,1,1,6,1,28,6,1199,1,11,-1,-1,-1
201501HT20543,1,2,0,18,0,8,0,0,0,0,3,1,6,1,22,5,125,1,1,-1,1,-1
201501HT20543,2,19,0,9,0,8,0,0,0,0,1,1,1,1,29,6,2198,2,8,-1,1,-1
201501HT20544,1,9,0,9,0,8,0,0,0,0,4,1,6,1,31,6,1120,2,-1,-1,1,-1
201501HT20544,2,5,0,18,0,8,0,0,0,0,1,1,6,1,29,6,645,1,12,-1,1,-1
201501HT20545,1,3,0,9,0,8,0,0,0,0,2,1,1,1,25,5,108,1,6,-1,1,-1
201501HT20545,2,9,0,18,0,8,0,0,0,0,1,1,6,1,24,5,1968,2,5,-1,1,-1
201501HT20546,1,1,0,18,0,0,0,0,0,0,2,1,6,1,-1,-1,-1,-1,-1,-1,1,-1
201501HT20546,2,9,0,18,0,0,0,0,0,0,1,1,6,1,-1,-1,-1,-1,-1,-1,-1,-1
201501HT20547,1,9,0,12,0,0,0,0,0,0,3,1,6,1,34,6,1796,1,12,-1,1,-1
201501HT20547,2,5,0,18,0,0,0,0,0,0,4,1,6,1,55,8,1198,1,3,-1,1,-1
201501HT20548,1,19,0,18,0,0,0,0,0,0,2,1,1,1,59,9,2198,2,2,-1,1,-1
201501HT20548,2,3,0,18,0,0,0,0,0,0,1,1,2,1,22,5,109,1,2,-1,-1,-1
201501HT20549,1,9,0,3,0,0,0,0,0,0,3,1,6,1,41,7,1997,2,8,-1,1,-1
201501HT20549,2,21,0,14,0,0,0,0,0,0,4,1,1,1,-1,-1,6692,2,7,-1,-1,-1
201501HT20550,1,9,0,5,0,2,0,0,0,0,3,1,6,1,33,6,1796,1,10,-1,1,-1
201501HT20550,2,1,0,18,0,2,0,0,0,0,4,1,6,1,25,5,-1,-1,-1,-1,1,-1
201501HT20551,1,10,0,4,0,0,0,0,0,0,2,1,1,2,57,9,2641,2,13,-1,1,-1
201501HT20551,2,5,0,18,0,0,0,0,0,0,1,1,2,1,53,8,599,1,18,-1,1,-1
201501HT20552,1,9,0,18,0,8,0,0,0,0,1,1,6,2,21,5,1560,2,-1,-1,1,-1
201501HT20552,2,9,0,18,0,8,0,0,0,0,4,1,6,2,29,6,1796,1,6,-1,1,-1
201501HT20554,1,20,0,9,0,8,0,0,0,0,4,1,1,1,33,6,2287,2,4,-1,1,-1
201501HT20554,2,1,0,18,0,8,0,0,0,0,1,1,2,1,38,7,-1,-1,-1,-1,1,-1
201501HT20556,1,1,0,18,0,1,0,0,0,0,3,1,6,2,24,5,-1,-1,-1,-1,1,-1
201501HT20556,2,9,0,13,0,1,0,0,0,0,4,1,6,1,50,8,-1,-1,-1,-1,1,-1
201501HT20557,1,9,0,3,0,1,0,0,0,0,1,1,6,1,29,6,1332,1,15,-1,1,-1
201501HT20557,2,19,0,1,0,1,0,0,0,0,2,1,6,1,-1,-1,2402,2,9,-1,-1,-1
201501HT20561,1,9,0,18,0,1,0,0,0,0,1,1,6,3,-1,-1,-1,-1,-1,-1,-1,-1
201501HT20562,1,5,0,18,0,8,0,0,0,0,4,1,1,1,29,6,599,1,11,-1,1,-1
201501HT20562,2,9,0,9,0,8,0,0,0,0,1,1,6,3,-1,-1,2171,1,11,-1,-1,-1
201501HT20564,1,9,0,18,0,8,0,0,0,0,4,1,6,1,52,8,2993,2,5,-1,-1,-1
201501HT20564,2,9,0,9,0,8,0,0,0,0,1,1,6,1,-1,-1,1560,2,11,-1,-1,-1
201501HT20566,1,9,0,4,0,1,0,0,0,0,2,1,6,1,37,7,1995,2,2,-1,1,-1
201501HT20566,2,2,0,18,0,1,0,0,0,0,1,1,6,1,24,5,108,1,1,-1,1,-1
201501HT20567,1,19,0,1,0,0,0,0,0,0,2,1,6,1,38,7,1998,2,13,-1,1,-1
201501HT20569,1,9,0,18,0,1,0,0,0,0,1,1,6,1,21,5,1360,1,14,-1,1,-1
201501HT20569,2,9,0,3,0,1,0,0,0,0,2,1,6,2,41,7,2188,2,7,-1,1,-1
201501HT20570,1,8,0,4,0,0,0,0,0,0,2,1,6,1,59,9,1753,2,6,-1,1,-1
201501HT20570,2,9,0,4,0,0,0,0,0,0,1,1,6,1,42,7,1461,2,-1,-1,1,-1
201501HT20570,3,9,0,4,0,0,0,0,0,0,2,1,6,2,-1,-1,1198,1,4,-1,-1,-1
201501HT20570,4,9,0,4,0,0,0,0,0,0,2,1,6,1,-1,-1,1798,1,9,-1,-1,-1
201501HT20571,1,11,0,18,0,1,0,0,0,0,0,1,1,1,34,6,4500,2,1,-1,1,-1
201501HT20572,1,9,0,18,0,8,0,0,0,0,1,1,6,1,28,6,1390,1,3,-1,1,-1
201501HT20572,2,1,0,18,0,8,0,0,0,0,3,1,6,1,50,8,-1,-1,-1,-1,1,-1
201501HT20573,1,9,0,17,0,1,0,0,0,0,1,1,6,1,32,6,999,1,2,-1,1,-1
201501HT20573,2,1,0,17,0,1,0,0,0,0,2,1,6,2,59,9,-1,-1,-1,-1,1,-1
201501HT20574,1,9,0,12,0,2,0,10,5,6,3,1,6,1,24,5,-1,-1,-1,-1,1,-1
201501HT20575,1,1,0,18,0,0,0,0,0,0,3,1,6,1,26,6,-1,-1,-1,-1,-1,-1
201501HT20575,2,19,0,13,0,0,0,0,0,0,4,1,6,3,-1,-1,-1,-1,-1,-1,-1,-1
201501HT20576,1,19,0,9,0,8,0,0,0,0,4,1,1,1,20,4,1896,2,6,-1,1,-1
201501HT20576,2,5,0,18,0,8,0,0,0,0,1,1,1,1,39,7,600,1,3,-1,1,-1
201501HT20577,1,9,0,4,0,1,0,0,0,0,2,1,1,1,55,8,1598,2,1,-1,1,-1
201501HT20577,2,4,0,18,0,1,0,0,0,0,1,1,1,1,44,7,108,1,1,-1,1,-1
201501HT20578,1,9,0,13,0,1,0,0,0,0,4,1,6,1,43,7,1798,1,3,-1,1,-1
201501HT20578,2,4,0,18,0,1,0,0,0,0,3,1,6,1,32,6,124,1,-1,-1,1,-1
201501HT20579,1,5,0,18,2,1,0,0,0,0,3,1,2,1,55,8,998,1,9,-1,1,-1
201501HT20579,2,8,0,7,0,5,0,0,0,0,4,1,1,1,42,7,1797,8,4,-1,1,-1
201501HT20580,1,9,0,5,0,1,0,0,0,0,3,1,6,2,31,6,-1,-1,-1,-1,1,-1
201501HT20580,2,9,0,18,0,1,0,0,0,0,4,1,6,2,48,8,1364,1,1,-1,1,-1
201501HT20581,1,9,0,18,0,0,0,0,0,0,1,1,6,3,-1,-1,1596,1,10,-1,-1,-1
201501HT20582,1,8,0,18,0,0,0,0,0,0,1,1,1,1,75,10,2499,2,4,-1,1,-1
201501HT20583,1,11,0,18,0,1,0,0,0,0,1,1,1,1,43,7,6700,2,4,-1,1,-1
201501HT20584,1,3,0,18,0,2,0,0,0,0,1,1,6,1,-1,-1,-1,-1,-1,-1,-1,-1
201501HT20585,1,9,0,18,0,0,0,4,0,0,1,1,1,1,70,10,1796,1,11,-1,1,-1
201501HT20585,2,9,0,2,0,0,0,4,0,0,1,1,6,2,54,8,998,1,9,-1,1,-1
201501HT20585,3,9,0,2,0,0,0,0,0,0,1,1,6,1,25,5,2401,2,12,-1,-1,-1
201501HT20586,1,19,0,1,0,0,0,0,0,0,2,1,6,1,-1,-1,1995,2,5,-1,-1,-1
201501HT20587,1,9,0,18,0,0,0,0,0,0,3,1,6,1,20,4,1598,2,1,-1,1,-1
201501HT20587,2,9,0,18,0,0,0,0,0,0,3,1,6,1,21,5,1969,2,-1,-1,-1,-1
201501HT20588,1,8,0,18,0,0,0,0,0,0,0,1,1,1,-1,-1,-1,-1,-1,-1,-1,-1
201501HT20589,1,1,0,18,0,0,0,0,0,0,2,1,6,1,43,7,-1,-1,-1,-1,1,-1
201501HT20589,2,9,0,18,0,0,0,0,0,0,1,1,6,3,-1,-1,-1,-1,-1,-1,-1,-1
201501HT20590,1,9,0,9,0,8,0,0,0,0,4,1,6,1,33,6,1796,2,1,-1,1,-1
201501HT20590,2,5,0,18,0,8,0,0,0,0,1,1,2,1,38,7,745,1,-1,-1,1,-1
201501HT20591,1,9,0,4,0,2,0,0,0,0,2,1,1,2,35,6,1242,1,9,-1,1,-1
201501HT20591,2,9,0,18,0,2,0,0,0,0,1,1,6,1,23,5,1398,2,2,-1,1,-1
201501HT20592,1,19,0,3,0,0,0,0,0,0,2,1,1,1,50,8,2998,2,-1,-1,1,-1
201501HT20592,2,19,0,18,0,0,0,0,0,0,1,1,6,1,-1,-1,2402,2,5,-1,-1,-1
201501HT20593,1,19,0,9,0,8,0,0,0,0,4,1,2,1,46,8,1996,2,1,-1,1,-1
201501HT20593,2,1,0,18,0,8,0,0,0,0,1,1,6,1,20,4,-1,-1,-1,-1,1,-1
201501HT20594,1,9,0,18,0,8,0,0,0,0,1,1,6,3,-1,-1,-1,-1,-1,-1,-1,-1
201501HT20594,2,1,0,9,0,8,0,0,0,0,4,1,6,1,27,6,-1,-1,-1,-1,1,-1
201501HT20596,1,9,0,7,0,8,0,0,0,0,3,1,6,2,34,6,1797,8,5,-1,1,-1
201501HT20596,2,2,0,18,0,8,0,0,0,0,1,1,2,1,33,6,125,1,1,-1,1,-1