Accident_Index,Vehicle_Reference,Vehicle_Type,Towing_and_Articulation,Vehicle_Manoeuvre,Vehicle_Location-Restricted_Lane,Junction_Location,Skidding_and_Overturning,Hit_Object_in_Carriageway,Vehicle_Leaving_Carriageway,Hit_Object_off_Carriageway,1st_Point_of_Impact,Was_Vehicle_Left_Hand_Drive?,Journey_Purpose_of_Driver,Sex_of_Driver,Age_of_Driver,Age_Band_of_Driver,Engine_Capacity_(CC),Propulsion_Code,Age_of_Vehicle,Driver_IMD_Decile,Driver_Home_Area_Type,Vehicle_IMD_Decile
201501HT20597,1,1,0,18,0,2,0,0,0,0,2,1,6,1,30,6,-1,-1,-1,-1,1,-1
201501HT20597,2,9,0,18,0,2,0,0,0,0,1,1,6,1,48,8,1995,2,3,-1,1,-1
201501HT20598,1,9,0,9,0,8,0,0,0,0,4,1,1,1,30,6,2987,2,2,-1,1,-1
201501HT20598,2,9,0,18,0,8,0,0,0,0,1,1,6,1,-1,-1,1461,2,1,-1,1,-1
201501HT20599,1,9,0,18,0,1,0,0,0,0,3,1,6,3,-1,-1,-1,-1,-1,-1,-1,-1
201501HT20600,1,2,0,18,0,2,0,0,0,0,2,1,6,1,30,6,124,1,5,-1,1,-1
201501HT20600,2,9,0,18,0,2,0,0,0,0,1,1,6,3,-1,-1,-1,-1,-1,-1,-1,-1
201501HT20602,1,19,0,18,0,0,0,0,0,0,4,1,6,1,-1,-1,-1,-1,-1,-1,-1,-1
201501HT20603,1,5,0,18,0,1,0,0,0,0,1,1,6,1,53,8,781,1,15,-1,1,-1
201501HT20603,2,21,1,4,0,1,0,0,0,0,2,1,1,1,35,6,4485,2,1,-1,-1,-1
201501HT20604,1,9,0,2,0,0,0,0,0,0,3,1,6,1,57,9,1229,1,6,-1,1,-1
201501HT20604,2,1,0,18,0,0,0,8,0,0,1,1,6,1,27,6,-1,-1,-1,-1,1,-1
201501HT20605,1,9,0,9,0,8,0,0,0,0,3,1,6,1,46,8,2171,1,13,-1,1,-1
201501HT20605,2,3,0,18,0,8,0,0,0,0,1,1,6,1,23,5,125,1,1,-1,1,-1
201501HT20606,1,9,0,18,0,1,0,0,0,0,4,1,6,1,52,8,2499,1,7,-1,1,-1
201501HT20607,1,9,0,18,9,1,0,10,1,10,1,1,6,1,23,5,1395,1,-1,-1,1,-1
201501HT20608,1,9,0,18,0,8,0,0,0,0,1,1,6,1,39,7,1995,2,7,-1,1,-1
201501HT20608,2,9,0,9,0,8,0,0,0,0,4,1,6,1,22,5,1398,1,9,-1,1,-1
201501HT20609,1,9,0,18,0,8,0,0,0,0,3,1,6,2,27,6,1595,1,5,-1,1,-1
201501HT20609,2,9,0,9,0,8,0,0,0,0,1,1,6,3,-1,-1,2993,2,7,-1,-1,-1
201501HT20610,1,9,0,9,0,8,0,0,0,0,1,1,6,3,-1,-1,-1,-1,-1,-1,-1,-1
201501HT20610,2,1,0,18,0,8,0,0,0,0,3,1,6,1,19,4,-1,-1,-1,-1,1,-1
201501HT20611,1,8,0,18,0,0,0,0,0,0,1,1,1,1,49,8,1997,2,2,-1,1,-1
201501HT20611,2,5,0,4,0,0,0,0,0,0,2,1,2,1,37,7,675,1,6,-1,2,-1
201501HT20612,1,9,0,12,0,0,0,0,0,0,3,1,6,2,27,6,1796,2,2,-1,1,-1
201501HT20612,2,9,0,18,0,0,0,0,0,0,4,1,6,1,30,6,-1,-1,-1,-1,1,-1
201501HT20613,1,1,0,18,0,8,0,0,0,0,3,1,6,1,44,7,-1,-1,-1,-1,1,-1
201501HT20613,2,8,0,9,0,8,0,0,0,0,1,1,1,1,37,7,1798,8,2,-1,1,-1
201501HT20614,1,9,0,3,0,1,0,0,0,0,1,1,1,1,-1,-1,-1,-1,-1,-1,-1,-1
201501HT20614,2,9,0,1,0,2,0,0,0,0,2,1,6,1,29,6,1685,2,1,-1,1,-1
201501HT20615,1,9,0,18,0,1,0,0,0,0,4,1,3,2,46,8,1584,1,10,-1,1,-1
201501HT20615,2,8,0,5,0,1,0,0,0,0,3,1,1,1,39,7,1798,8,1,-1,1,-1
201501HT20616,1,9,0,18,0,8,0,0,0,0,1,1,6,1,60,9,1998,1,14,-1,1,-1
201501HT20616,2,1,0,18,0,8,0,0,0,0,3,1,6,1,25,5,-1,-1,-1,-1,1,-1
201501HT20617,1,9,0,4,0,1,0,0,0,0,2,1,6,1,29,6,1995,2,11,-1,1,-1
201501HT20617,2,9,0,18,0,1,0,0,0,0,1,1,6,2,41,7,2401,2,10,-1,1,-1
201501HT20618,1,3,0,18,0,0,0,0,0,0,3,1,1,2,31,6,125,1,-1,-1,1,-1
201501HT20619,1,1,0,18,0,0,0,0,0,0,1,1,6,1,19,4,-1,-1,-1,-1,1,-1
201501HT20619,2,1,0,18,0,0,0,0,0,0,2,1,6,1,17,4,-1,-1,-1,-1,1,-1
201501HT20620,1,9,0,9,0,8,0,0,0,0,3,1,6,1,21,5,1199,1,11,-1,2,-1
201501HT20620,2,3,0,18,0,8,0,0,0,0,1,1,6,1,37,7,125,1,-1,-1,1,-1
201501HT20621,1,9,0,18,0,1,0,0,0,0,1,1,6,3,-1,-1,1199,1,14,-1,-1,-1
201501HT20622,1,9,0,4,0,1,0,0,0,0,1,1,6,1,33,6,1560,2,1,-1,1,-1
201501HT20622,2,3,0,4,0,1,0,0,0,0,2,1,6,2,45,7,124,1,6,-1,-1,-1
201501HT20623,1,9,0,18,0,0,0,0,0,0,1,1,6,1,33,6,4163,2,7,-1,1,-1
201501HT20623,2,9,0,4,0,0,0,0,0,0,2,1,6,1,21,5,1395,1,-1,-1,1,-1
201501HT20623,3,9,0,4,0,0,0,0,0,0,2,1,6,2,38,7,1598,1,10,-1,1,-1
201501HT20624,1,9,0,3,0,0,0,0,0,0,3,1,6,1,19,4,1198,1,4,-1,1,-1
201501HT20624,2,9,0,18,0,0,0,0,0,0,3,1,6,2,-1,-1,998,1,11,-1,-1,-1
201501HT20626,1,19,0,17,0,8,0,0,0,0,1,1,1,2,53,8,-1,-1,-1,-1,1,-1
201501HT20626,2,3,0,9,0,8,0,0,0,0,3,1,1,1,22,5,125,1,1,-1,1,-1
201501HT20628,1,9,0,9,0,8,0,0,0,0,1,1,6,1,24,5,1956,2,-1,-1,1,-1
201501HT20628,2,11,0,18,0,8,0,0,0,0,4,1,1,1,60,9,4500,2,4,-1,1,-1
201501HT20629,1,9,0,18,0,8,0,0,0,0,1,1,6,1,23,5,1461,2,-1,-1,1,-1
201501HT20629,2,9,0,18,0,8,0,0,0,0,4,1,6,1,25,5,1395,1,-1,-1,1,-1
201501HT20630,1,19,0,13,0,2,0,0,0,0,4,1,1,1,43,7,2198,2,1,-1,1,-1
201501HT20630,2,1,0,18,0,2,0,0,0,0,3,1,6,1,31,6,-1,-1,-1,-1,1,-1
201501HT20631,1,5,0,18,0,1,0,0,0,0,1,1,6,1,40,7,600,1,12,-1,2,-1
201501HT20631,2,21,1,4,0,1,0,0,0,0,2,1,1,1,34,6,12777,2,7,-1,1,-1
201501HT20632,1,9,0,4,0,1,0,0,0,0,2,1,6,1,34,6,1364,2,9,-1,1,-1
201501HT20632,2,9,0,18,0,1,0,0,0,0,1,1,6,1,37,7,1339,8,5,-1,1,-1
201501HT20633,1,9,0,18,0,0,0,0,0,0,1,1,1,1,53,8,998,1,1,-1,1,-1
201501HT20634,1,9,0,4,0,0,0,0,0,0,2,1,6,1,45,7,1850,1,15,-1,1,-1
201501HT20634,2,9,0,4,0,0,0,0,0,0,2,1,6,2,32,6,1386,1,12,-1,1,-1
201501HT20634,3,9,0,18,0,0,0,0,0,0,1,1,6,1,48,8,1560,2,1,-1,1,-1
201501HT20635,1,8,0,13,0,1,0,0,0,0,4,1,1,1,45,7,1910,2,8,-1,1,-1
201501HT20635,2,1,0,18,0,1,0,0,0,0,3,1,2,1,29,6,-1,-1,-1,-1,1,-1
201501HT20636,1,9,0,6,0,0,0,0,0,0,3,1,6,2,25,5,1598,1,13,-1,1,-1
201501HT20636,2,3,0,13,0,0,0,0,0,0,4,1,6,2,27,6,124,1,9,-1,1,-1
201501HT20637,1,4,0,13,0,8,0,0,0,0,4,1,1,1,29,6,649,1,1,-1,-1,-1
201501HT20637,2,9,0,9,0,8,0,0,0,0,3,1,2,1,50,8,2993,2,3,-1,1,-1
201501HT20638,1,3,0,18,0,1,0,0,0,0,1,1,6,1,35,6,124,1,10,-1,1,-1
201501HT20639,1,9,0,18,0,1,0,0,0,0,1,1,6,3,-1,-1,-1,-1,-1,-1,-1,-1
201501HT20640,1,5,0,18,0,0,0,0,0,0,1,1,6,1,26,6,781,1,17,-1,1,-1
201501HT20641,1,8,0,4,0,0,0,0,0,0,2,1,6,1,46,8,1797,8,5,-1,1,-1
201501HT20641,2,9,0,18,0,0,0,0,0,0,1,1,6,1,-1,-1,1398,1,10,-1,-1,-1
201501HT20642,1,5,0,18,0,8,0,0,0,0,3,1,1,1,36,7,1050,1,8,-1,3,-1
201501HT20642,2,9,0,9,0,8,0,0,0,0,1,1,6,1,50,8,1997,2,1,-1,-1,-1
201501HT20643,1,9,0,1,0,1,0,0,0,0,2,1,3,2,39,7,2360,1,14,-1,1,-1
201501HT20643,2,3,0,3,0,1,0,0,0,0,1,1,6,1,25,5,125,1,3,-1,1,-1
201501HT20644,1,9,0,18,0,1,0,0,0,0,1,1,6,1,51,8,1598,1,4,-1,1,-1
201501HT20644,2,3,0,4,0,1,0,0,0,0,2,1,6,1,27,6,125,1,9,-1,1,-1
201501HT20645,1,11,0,18,0,1,0,0,0,0,0,1,1,1,49,8,4500,2,3,-1,1,-1
201501HT20646,1,11,0,18,0,1,0,10,2,10,4,1,1,1,37,7,4500,2,1,-1,1,-1
201501HT20647,1,9,0,17,0,8,0,0,0,0,4,1,1,1,39,7,1896,2,5,-1,1,-1
201501HT20647,2,5,0,17,0,8,0,0,0,0,3,1,2,1,42,7,535,1,20,-1,1,-1
201501HT20648,1,9,0,4,0,0,0,0,0,0,2,1,6,1,20,4,1398,1,2,-1,1,-1
201501HT20648,2,9,0,18,0,0,0,0,0,0,1,1,6,1,-1,-1,1985,1,15,-1,-1,-1
201501HT20649,1,9,0,5,0,1,0,0,0,0,3,1,6,1,-1,-1,-1,-1,-1,-1,-1,-1
201501HT20651,1,9,0,4,0,0,0,0,0,0,2,1,6,2,21,5,1461,2,-1,-1,1,-1
201501HT20651,2,9,0,18,0,0,0,0,0,0,1,1,6,3,-1,-1,1997,2,5,-1,-1,-1
201501HT20653,1,9,0,18,0,8,0,0,0,0,1,1,2,1,52,8,1998,1,13,-1,1,-1
201501HT20653,2,9,0,9,0,8,0,0,0,0,4,1,6,2,35,6,1910,2,7,-1,1,-1
201501HT20654,1,9,0,18,0,0,0,0,0,0,4,1,1,1,-1,-1,-1,-1,-1,-1,-1,-1
201501HT20655,1,9,0,18,0,1,0,0,0,0,1,1,6,1,36,7,1797,8,6,-1,1,-1
201501HT20655,2,1,0,4,0,1,0,0,0,0,2,1,2,2,29,6,-1,-1,-1,-1,1,-1
201501HT20656,1,3,0,18,0,2,0,0,0,0,4,1,6,3,-1,-1,-1,-1,-1,-1,-1,-1
201501HT20657,1,9,0,4,0,2,0,0,0,0,2,1,6,1,32,6,2967,2,1,-1,1,-1
201501HT20657,2,9,0,18,0,2,0,0,0,0,1,1,6,1,31,6,1986,2,10,-1,1,-1
201501HT20658,1,1,0,14,0,8,0,0,0,0,1,1,6,1,29,6,-1,-1,-1,-1,-1,-1
201501HT20658,2,9,0,2,0,8,0,0,0,0,3,1,6,1,-1,-1,2997,1,8,-1,-1,-1
201501HT20659,1,1,0,17,0,8,0,0,0,0,4,1,2,2,25,5,-1,-1,-1,-1,1,-1
201501HT20659,2,9,0,18,0,8,0,0,0,0,1,1,6,1,-1,-1,1364,1,10,-1,1,-1
201501HT20660,1,9,0,16,0,8,0,0,0,0,1,1,6,1,21,5,1596,1,12,-1,1,-1
201501HT20660,2,9,0,9,0,8,0,0,0,0,4,1,6,2,41,7,2148,2,9,-1,1,-1
201501HT20661,1,4,0,18,0,0,0,0,0,0,1,1,6,1,51,8,-1,-1,-1,-1,1,-1
201501HT20662,1,9,0,9,0,8,0,0,0,0,3,1,6,1,27,6,698,1,10,-1,1,-1
201501HT20662,2,3,0,14,0,8,0,0,0,0,1,1,2,1,22,5,124,1,4,-1,-1,-1
201501HT20663,1,9,0,3,0,8,0,0,0,0,2,1,6,1,50,8,-1,-1,-1,-1,1,-1
201501HT20663,2,9,0,18,0,8,0,0,0,0,1,1,6,1,36,7,-1,-1,-1,-1,1,-1
201501HT20664,1,9,0,9,0,8,0,0,0,0,1,1,6,1,19,4,1398,2,10,-1,1,-1
201501HT20664,2,9,0,18,0,8,0,0,0,0,1,1,6,1,33,6,2231,2,6,-1,1,-1
201501HT20665,1,8,0,18,0,0,0,0,0,0,2,1,1,1,53,8,1997,2,2,-1,1,-1
201501HT20665,2,9,0,18,0,0,0,0,0,0,1,1,6,1,-1,-1,-1,-1,-1,-1,-1,-1
201501HT20666,1,9,0,18,0,8,0,0,0,0,1,1,6,1,26,6,1796,1,10,-1,1,-1
201501HT20666,2,3,0,9,0,8,0,0,0,0,1,1,1,1,51,8,124,1,3,-1,1,-1
201501HT20667,1,9,0,4,0,0,0,0,0,0,2,1,6,1,38,7,1124,1,7,-1,1,-1
201501HT20667,2,9,0,18,0,0,0,0,0,0,1,1,6,2,-1,-1,599,1,13,-1,1,-1
201501HT20668,1,4,0,18,0,0,0,0,0,0,3,1,1,1,45,7,399,1,2,-1,1,-1
201501HT20669,1,9,0,7,0,6,0,0,0,0,4,1,1,1,31,6,2204,2,9,-1,1,-1
201501HT20669,2,1,0,18,0,1,0,0,0,0,3,1,2,1,42,7,-1,-1,-1,-1,1,-1
201501HT20670,1,1,0,9,0,2,0,0,0,0,3,1,6,2,16,4,-1,-1,-1,-1,1,-1
201501HT20671,1,9,0,3,0,0,0,0,0,0,3,1,6,1,34,6,1796,1,6,-1,1,-1
201501HT20671,2,1,0,14,0,0,0,8,0,0,1,1,6,1,27,6,-1,-1,-1,-1,1,-1
201501HT20672,1,9,0,9,0,2,0,0,0,0,1,1,6,1,21,5,-1,-1,-1,-1,1,-1
201501HT20673,1,9,0,18,0,0,0,10,5,6,1,1,6,1,20,4,1229,1,6,-1,1,-1
201501HT20674,1,5,0,18,0,0,0,0,0,0,1,1,6,1,53,8,1170,1,11,-1,3,-1
201501HT20674,2,9,0,18,0,0,0,0,0,0,2,1,6,2,50,8,1798,1,5,-1,3,-1
201501HT20675,1,9,0,4,0,0,0,0,0,0,2,1,1,1,29,6,1995,2,2,-1,1,-1
201501HT20675,2,3,0,18,0,0,0,0,0,0,1,1,6,1,-1,-1,-1,-1,-1,-1,-1,-1
201501HT20676,1,9,0,6,0,0,0,0,0,0,3,1,6,1,28,6,1956,2,4,-1,1,-1
201501HT20676,2,3,0,13,0,0,0,0,0,0,4,1,2,1,31,6,125,1,10,-1,1,-1
201501HT20677,1,9,0,3,0,0,0,0,0,0,2,1,6,1,34,6,998,1,12,-1,1,-1
201501HT20677,2,9,0,18,0,0,0,0,0,0,1,1,6,1,20,4,1248,2,5,-1,-1,-1
201501HT20679,1,9,0,4,0,1,0,0,0,0,2,1,6,1,32,6,1596,1,14,-1,1,-1
201501HT20679,2,9,0,18,0,1,0,0,0,0,1,1,6,1,-1,-1,1398,1,5,-1,-1,-1
201501HT20680,1,5,0,18,0,8,0,0,0,0,1,1,6,1,25,5,883,1,3,-1,1,-1
201501HT20680,2,9,0,9,0,8,0,0,0,0,3,1,6,1,-1,-1,-1,-1,-1,-1,-1,-1
201501HT20681,1,19,0,1,0,2,0,0,0,0,2,1,1,1,33,6,2298,2,4,-1,1,-1
201501HT20682,1,1,0,18,0,8,0,0,0,0,1,1,6,2,25,5,-1,-1,-1,-1,1,-1
201501HT20682,2,8,0,9,0,8,0,0,0,0,4,1,6,1,40,7,-1,-1,-1,-1,-1,-1
201501HT20683,1,9,0,2,0,0,0,0,0,0,1,1,6,1,25,5,2926,2,13,-1,1,-1
201501HT20683,2,90,0,1,0,0,0,4,0,0,2,1,6,1,-1,-1,-1,-1,-1,-1,1,-1
201501HT20684,1,9,0,1,0,0,0,0,0,0,2,1,1,2,57,9,1797,8,3,-1,1,-1
201501HT20685,1,8,0,18,0,2,0,0,0,0,2,1,1,1,53,8,-1,-1,-1,-1,-1,-1
201501HT20685,2,9,0,9,0,2,0,0,0,0,1,1,6,1,35,6,1497,8,8,-1,1,-1
201501HT20686,1,9,0,18,0,2,0,0,0,0,4,1,1,1,48,8,1339,8,4,-1,1,-1
201501HT20687,1,19,0,9,0,8,0,0,0,0,3,1,2,1,30,6,2198,2,7,-1,1,-1
201501HT20687,2,1,0,18,0,8,0,0,0,0,1,1,6,1,-1,-1,-1,-1,-1,-1,1,-1
201501HT20688,1,9,0,6,0,0,0,0,0,0,4,1,6,1,49,8,-1,-1,-1,-1,1,-1
201501HT20688,2,4,0,18,0,0,1,0,0,0,1,1,6,1,34,6,599,1,7,-1,1,-1
201501HT20689,1,9,0,7,0,1,0,0,0,0,1,1,6,3,-1,-1,-1,-1,-1,-1,-1,-1
201501HT20689,2,1,0,18,0,1,0,0,0,0,4,1,6,1,28,6,-1,-1,-1,-1,1,-1
201501HT20691,1,9,0,6,0,8,0,0,0,0,4,1,6,1,35,6,1339,8,6,-1,1,-1
201501HT20691,2,4,0,7,0,8,0,0,0,0,1,1,6,1,29,6,125,1,3,-1,1,-1
201501HT20692,1,3,0,18,0,8,0,0,0,0,1,1,2,1,26,6,125,1,1,-1,1,-1
201501HT20692,2,9,0,9,0,8,0,0,0,0,4,1,1,1,-1,-1,-1,-1,-1,-1,-1,-1
201501HT20693,1,9,0,1,0,2,0,0,0,0,2,1,6,2,18,4,1390,1,11,-1,1,-1
201501HT20693,2,9,0,3,0,2,0,0,0,0,1,1,6,1,-1,-1,-1,-1,-1,-1,-1,-1
201501HT20694,1,3,0,18,0,0,1,0,0,0,3,1,1,1,29,6,108,1,3,-1,1,-1
201501HT20694,2,9,0,11,0,0,0,0,0,0,0,1,6,3,-1,-1,-1,-1,-1,-1,-1,-1
201501HT20695,1,1,0,4,0,1,0,0,0,0,2,1,6,1,34,6,-1,-1,-1,-1,1,-1
201501HT20695,2,1,0,18,0,1,0,0,0,0,1,1,6,1,-1,-1,-1,-1,-1,-1,-1,-1
201501HT20696,1,9,0,18,0,8,0,0,0,0,1,1,6,1,31,6,2143,2,6,-1,1,-1
201501HT20696,2,8,0,9,0,8,0,0,0,0,4,1,1,1,41,7,-1,-1,-1,-1,1,-1
201501HT20697,1,9,0,3,0,0,0,0,0,0,2,1,6,1,59,9,2494,1,11,-1,1,-1
201501HT20697,2,9,0,3,0,0,0,0,0,0,2,1,6,1,21,5,1968,2,9,-1,1,-1
201501HT20697,3,9,0,18,0,0,0,0,0,0,1,1,6,1,72,10,1968,2,2,-1,1,-1
201501HT20698,1,9,0,18,0,8,0,0,0,0,4,1,6,1,41,7,1598,2,4,-1,1,-1
201501HT20698,2,9,0,9,0,8,0,0,0,0,1,1,6,1,30,6,1968,2,1,-1,1,-1
201501HT20699,1,9,0,7,0,8,0,0,0,0,3,1,6,1,28,6,2143,2,3,-1,1,-1
201501HT20699,2,4,0,18,0,8,0,0,0,0,1,1,6,1,39,7,125,1,3,-1,1,-1
201501HT20700,1,5,0,18,0,1,0,0,0,0,3,1,6,1,54,8,1137,1,8,-1,1,-1
201501HT20700,2,9,0,11,0,1,0,0,0,0,4,1,6,1,52,8,2000,2,6,-1,1,-1
201501HT20701,1,9,0,6,0,2,0,0,0,0,4,1,2,1,29,6,1398,2,13,-1,-1,-1
201501HT20701,2,9,0,18,0,1,0,0,0,0,1,1,6,1,-1,-1,1781,1,12,-1,-1,-1
201501HT20702,1,9,0,18,0,1,0,0,0,0,1,1,6,2,25,5,1149,1,8,-1,1,-1
201501HT20702,2,9,0,4,0,1,0,0,0,0,2,1,6,1,41,7,1798,8,3,-1,1,-1
201501HT20703,1,9,0,18,0,8,0,0,0,0,4,1,2,1,26,6,1995,2,11,-1,1,-1
201501HT20703,2,9,0,9,0,8,0,0,0,0,1,1,6,3,-1,-1,-1,-1,-1,-1,-1,-1
201501HT20705,1,1,0,18,0,8,0,0,0,0,3,1,6,1,50,8,-1,-1,-1,-1,1,-1
201501HT20705,2,9,0,9,0,8,0,0,0,0,1,1,6,2,-1,-1,1796,1,8,-1,-1,-1
201501HT20706,1,9,0,4,0,1,0,0,0,0,2,1,6,1,27,6,1995,1,10,-1,1,-1
201501HT20706,2,9,0,18,0,1,0,0,0,0,1,1,6,1,-1,-1,-1,-1,-1,-1,-1,-1
201501HT20707,1,1,0,5,0,2,0,0,0,0,2,1,6,1,38,7,-1,-1,-1,-1,1,-1
201501HT20707,2,20,0,13,0,2,0,0,0,0,4,1,6,1,34,6,3920,2,11,-1,1,-1
201501HT20707,3,9,0,5,0,2,0,0,0,0,3,1,6,2,28,6,1995,2,8,-1,-1,-1
201501HT20708,1,9,0,4,0,1,0,0,0,0,2,1,2,1,38,7,1388,1,6,-1,2,-1
201501HT20708,2,9,0,18,0,1,0,0,0,0,1,1,6,1,-1,-1,-1,-1,-1,-1,-1,-1
201501HT20709,1,21,0,5,0,0,0,0,0,0,3,1,1,1,46,8,8867,2,7,-1,1,-1
201501HT20709,2,1,0,18,0,0,0,0,0,0,4,1,6,1,38,7,-1,-1,-1,-1,1,-1
201501HT20710,1,8,0,7,0,5,0,0,0,0,4,1,1,1,47,8,1339,8,5,-1,1,-1
201501HT20710,2,1,0,18,0,1,0,0,0,0,3,1,6,1,30,6,-1,-1,-1,-1,1,-1
201501HT20711,1,1,0,18,0,0,0,0,0,0,3,1,6,1,11,3,-1,-1,-1,-1,1,-1
201501HT20711,2,9,0,18,0,0,0,0,0,0,1,1,6,3,-1,-1,-1,-1,-1,-1,-1,-1
201501HT20713,1,3,0,18,0,8,0,0,1,7,4,1,6,1,27,6,125,1,3,-1,1,-1
201501HT20716,1,3,0,18,0,8,0,0,0,0,4,1,6,1,22,5,124,1,5,-1,1,-1
201501HT20716,2,9,0,9,0,8,0,0,0,0,1,1,6,1,-1,-1,1895,1,14,-1,-1,-1
201501HT20717,1,9,0,9,0,8,0,0,0,0,4,1,6,1,39,7,1798,8,2,-1,1,-1
201501HT20717,2,3,0,15,0,8,0,0,0,0,1,1,6,1,18,4,124,1,-1,-1,1,-1
201501HT20718,1,9,0,18,0,0,0,0,0,0,1,1,6,3,-1,-1,1988,1,14,-1,-1,-1
201501HT20718,2,9,0,18,0,0,2,10,0,0,2,1,6,2,46,8,1998,1,18,-1,-1,-1
201501HT20718,3,9,0,18,0,0,0,0,0,0,0,1,6,1,-1,-1,1796,1,13,-1,-1,-1
201501HT20719,1,1,0,18,0,2,0,0,0,0,2,1,6,1,32,6,-1,-1,-1,-1,1,-1
201501HT20719,2,9,0,18,0,2,0,0,0,0,1,1,6,3,-1,-1,1910,2,10,-1,-1,-1
201501HT20720,1,19,0,6,0,1,0,0,0,0,4,1,1,1,-1,-1,2143,2,1,-1,-1,-1
201501HT20720,2,1,0,18,0,2,0,0,0,0,1,1,6,1,32,6,-1,-1,-1,-1,1,-1
201501HT20721,1,1,0,10,0,1,0,0,0,0,2,1,6,1,26,6,-1,-1,-1,-1,1,-1
201501HT20721,2,9,0,18,0,1,0,0,0,0,1,1,6,3,-1,-1,1998,2,7,-1,-1,-1
201501HT20722,1,9,0,2,0,1,0,0,0,0,4,1,6,1,49,8,2148,2,12,-1,1,-1
201501HT20722,2,9,0,18,0,1,0,4,0,0,4,1,6,3,-1,-1,-1,-1,-1,-1,-1,-1
201501HT20723,1,19,0,3,0,1,0,0,0,0,2,1,6,1,49,8,2496,2,18,-1,1,-1
201501HT20723,2,9,0,18,0,1,0,0,0,0,1,1,6,1,28,6,2198,2,7,-1,1,-1
201501HT20724,1,9,0,3,0,1,0,0,0,0,2,1,6,1,30,6,-1,-1,-1,-1,-1,-1
201501HT20724,2,9,0,18,0,1,0,0,0,0,1,1,6,1,-1,-1,1388,1,12,-1,-1,-1
201501HT20725,1,1,0,18,0,8,0,0,0,0,1,1,2,2,28,6,-1,-1,-1,-1,1,-1
201501HT20725,2,9,0,9,0,8,0,0,0,0,4,1,6,1,-1,-1,1497,8,-1,-1,-1,-1
201501HT20726,1,9,0,18,0,2,0,0,0,0,1,1,6,1,33,6,1242,1,13,-1,1,-1
201501HT20727,1,1,0,18,0,1,0,0,0,0,1,1,6,2,26,6,-1,-1,-1,-1,1,-1
201501HT20728,1,1,0,18,0,8,0,0,0,0,1,1,6,2,27,6,-1,-1,-1,-1,1,-1
201501HT20728,2,9,0,7,0,8,0,0,0,0,2,1,6,1,-1,-1,-1,-1,-1,-1,-1,-1
201501HT20730,1,9,0,8,0,1,0,0,0,0,2,1,6,2,31,6,1124,1,8,-1,1,-1
201501HT20730,2,19,0,7,0,1,0,0,0,0,1,1,6,3,-1,-1,-1,-1,-1,-1,-1,-1
201501HT20732,1,3,0,14,0,1,0,0,0,0,1,1,2,1,35,6,125,1,-1,-1,1,-1
201501HT20733,1,19,0,18,0,0,0,0,0,0,4,1,6,3,-1,-1,2198,2,5,-1,-1,-1
201501HT20734,1,8,0,9,0,2,0,0,0,0,1,1,1,1,43,7,-1,-1,-1,-1,1,-1
201501HT20735,1,9,0,9,0,8,0,0,0,0,1,1,6,1,56,9,-1,-1,-1,-1,1,-1
201501HT20735,2,3,0,14,0,8,0,0,0,0,0,1,6,1,24,5,125,1,-1,-1,1,-1
201501HT20736,1,9,0,3,0,1,0,0,0,0,2,1,6,2,53,8,1995,1,11,-1,1,-1
201501HT20736,2,9,0,18,0,1,0,0,0,0,1,1,6,1,26,6,1598,1,-1,-1,1,-1
201501HT20737,1,9,0,6,0,0,0,0,0,0,1,1,6,1,33,6,3246,1,13,-1,1,-1
201501HT20737,2,3,0,14,0,0,0,0,0,0,4,1,6,1,27,6,124,1,11,-1,1,-1
201501HT20738,1,9,0,9,0,2,0,0,0,0,1,1,6,2,31,6,1390,1,8,-1,1,-1
201501HT20739,1,9,0,9,0,8,0,0,0,0,4,1,6,1,30,6,1399,2,9,-1,1,-1
201501HT20739,2,9,0,15,0,8,0,0,0,0,1,1,6,1,-1,-1,1388,1,4,-1,1,-1
201501HT20740,1,9,0,14,0,2,0,0,0,0,1,1,6,2,34,6,1200,1,12,-1,1,-1
201501HT20741,1,9,0,4,0,1,0,0,0,0,2,1,6,1,29,6,2993,2,6,-1,-1,-1
201501HT20741,2,9,0,18,0,1,0,0,0,0,1,1,6,1,27,6,1796,1,10,-1,1,-1
201501HT20742,1,9,0,18,0,1,0,0,0,0,1,1,6,2,19,4,1398,1,5,-1,1,-1
201501HT20743,1,9,0,3,0,0,0,0,0,0,2,1,6,2,40,7,-1,-1,-1,-1,1,-1
201501HT20743,2,2,0,18,0,0,0,0,0,0,1,1,6,1,33,6,124,1,13,-1,1,-1
201501HT20744,1,9,0,13,0,2,0,0,0,0,4,1,1,1,40,7,2148,2,10,-1,1,-1
201501HT20744,2,1,0,18,4,2,0,0,0,0,3,1,2,1,37,7,-1,-1,-1,-1,1,-1
201501HT20745,1,9,0,18,0,1,0,0,0,0,1,1,6,2,50,8,1199,1,11,-1,1,-1
201501HT20745,2,9,0,18,0,1,0,0,0,0,2,1,6,1,34,6,1598,2,3,-1,1,-1
201501HT20746,1,9,0,9,0,8,0,0,0,0,3,1,6,1,22,5,-1,-1,-1,-1,1,-1
201501HT20746,2,9,0,4,0,8,0,0,0,0,1,1,6,2,21,5,1328,1,7,-1,1,-1
201501HT20747,1,1,0,15,0,8,0,0,0,0,1,1,6,2,25,5,-1,-1,-1,-1,1,-1
201501HT20747,2,21,0,7,0,8,0,0,0,0,4,1,1,1,32,6,7146,2,2,-1,1,-1
201501HT20748,1,1,0,18,0,8,0,0,0,0,4,1,2,2,27,6,-1,-1,-1,-1,1,-1
201501HT20748,2,19,0,18,0,8,0,0,0,0,1,1,1,1,-1,-1,-1,-1,-1,-1,-1,-1
201501HT20749,1,8,0,8,0,1,0,0,0,0,2,1,1,1,38,7,2143,2,3,-1,1,-1
201501HT20749,2,9,0,18,0,1,0,0,0,0,1,1,6,3,-1,-1,1753,2,9,-1,-1,-1