Accident_Index,Vehicle_Reference,Vehicle_Type,Towing_and_Articulation,Vehicle_Manoeuvre,Vehicle_Location-Restricted_Lane,Junction_Location,Skidding_and_Overturning,Hit_Object_in_Carriageway,Vehicle_Leaving_Carriageway,Hit_Object_off_Carriageway,1st_Point_of_Impact,Was_Vehicle_Left_Hand_Drive?,Journey_Purpose_of_Driver,Sex_of_Driver,Age_of_Driver,Age_Band_of_Driver,Engine_Capacity_(CC),Propulsion_Code,Age_of_Vehicle,Driver_IMD_Decile,Driver_Home_Area_Type,Vehicle_IMD_Decile
201501HT20751,1,3,0,18,2,0,0,0,0,0,1,1,6,1,18,4,125,1,3,-1,1,-1
201501HT20752,1,4,0,18,0,8,0,0,0,0,4,1,2,1,33,6,500,1,30,-1,1,-1
201501HT20752,2,19,0,9,0,8,0,0,0,0,1,1,1,1,-1,-1,2143,2,1,-1,-1,-1
201501HT20753,1,4,0,16,0,0,0,0,0,0,4,1,6,1,36,7,124,1,4,-1,1,-1
201501HT20754,1,9,0,7,0,5,0,0,0,0,4,1,6,2,56,9,1794,1,9,-1,1,-1
201501HT20754,2,1,0,18,0,1,0,0,0,0,3,1,6,1,24,5,-1,-1,-1,-1,1,-1
201501HT20755,1,19,0,4,0,2,0,0,0,0,2,1,1,1,43,7,2198,2,2,-1,1,-1
201501HT20755,2,19,0,18,0,2,0,0,0,0,1,1,1,1,-1,-1,2464,2,7,-1,1,-1
201501HT20756,1,19,0,11,2,0,0,0,0,0,4,1,6,1,32,6,1998,2,9,-1,1,-1
201501HT20756,2,3,0,18,2,0,0,0,0,0,3,1,6,1,25,5,124,1,3,-1,1,-1
201501HT20757,1,5,0,18,0,1,0,0,0,0,3,1,6,1,35,6,798,1,1,-1,1,-1
201501HT20757,2,9,0,11,0,1,0,0,0,0,4,1,6,1,45,7,1995,2,4,-1,-1,-1
201501HT20758,1,9,0,9,0,8,0,0,0,0,4,1,1,1,22,5,1248,2,8,-1,1,-1
201501HT20758,2,9,0,18,0,8,0,0,0,0,1,1,1,1,31,6,1798,8,-1,-1,1,-1
201501HT20759,1,9,0,18,0,2,0,0,0,0,1,1,6,1,43,7,2295,1,13,-1,1,-1
201501HT20759,2,9,0,3,0,2,0,0,0,0,2,1,6,2,21,5,1595,1,11,-1,1,-1
201501HT20759,3,9,0,3,0,2,0,0,0,0,2,1,6,1,55,8,1794,1,12,-1,1,-1
201501HT20762,1,21,0,7,0,8,0,0,0,0,1,1,1,1,41,7,12900,2,9,-1,-1,-1
201501HT20762,2,1,0,18,0,8,0,0,0,0,4,1,6,1,35,6,-1,-1,-1,-1,1,-1
201501HT20763,1,9,0,4,0,0,0,0,0,0,2,1,6,1,48,8,1796,1,11,-1,1,-1
201501HT20763,2,19,0,18,0,0,0,0,0,0,1,1,1,1,33,6,1461,2,13,-1,1,-1
201501HT20763,3,9,0,3,0,0,0,0,0,0,2,1,6,2,27,6,1348,1,13,-1,1,-1
201501HT20764,1,19,0,4,0,0,0,0,0,0,2,1,1,1,57,9,1997,2,8,-1,1,-1
201501HT20764,2,5,0,18,0,0,0,0,0,0,1,1,6,1,52,8,-1,-1,-1,-1,-1,-1
201501HT20765,1,2,0,18,0,1,0,0,0,0,4,1,6,1,57,9,49,1,9,-1,1,-1
201501HT20766,1,9,0,5,0,0,0,4,0,0,3,1,1,1,30,6,1997,2,3,-1,1,-1
201501HT20766,2,9,0,18,0,0,0,0,0,0,1,1,6,1,29,6,1991,1,-1,-1,1,-1
201501HT20768,1,11,0,18,0,1,0,0,0,0,4,1,1,1,22,5,9000,2,6,-1,1,-1
201501HT20770,1,9,0,3,0,1,0,0,0,0,2,1,6,2,30,6,1390,1,14,-1,1,-1
201501HT20770,2,19,0,5,0,1,0,0,0,0,1,1,1,1,25,5,1560,2,3,-1,1,-1
201501HT20771,1,9,0,18,0,0,0,0,0,0,1,1,6,1,46,8,1968,2,10,-1,1,-1
201501HT20771,2,9,0,4,0,0,0,0,0,0,2,1,6,1,40,7,1910,2,8,-1,1,-1
201501HT20772,1,1,0,18,0,0,0,0,0,0,1,1,6,1,-1,-1,-1,-1,-1,-1,-1,-1
201501HT20773,1,11,0,17,0,0,0,0,0,0,0,1,1,1,52,8,-1,-1,-1,-1,1,-1
201501HT20775,1,9,0,18,0,0,0,0,0,0,3,1,6,1,61,9,1396,1,5,-1,1,-1
201501HT20775,2,9,0,11,0,0,0,0,0,0,4,1,6,3,-1,-1,-1,-1,-1,-1,-1,-1
201501HT20776,1,9,0,18,0,1,0,0,0,0,1,1,6,1,23,5,1461,2,-1,-1,1,-1
201501HT20777,1,9,0,18,0,2,0,0,0,0,3,1,6,1,-1,-1,1995,1,9,-1,1,-1
201501HT20777,2,21,0,18,0,2,0,0,0,0,4,1,1,1,36,7,9186,2,2,-1,1,-1
201501HT20778,1,9,0,5,0,8,0,0,0,0,3,1,6,1,40,7,-1,-1,-1,-1,1,-1
201501HT20779,1,9,0,18,0,2,0,0,0,0,4,1,6,2,26,6,1991,2,8,-1,1,-1
201501HT20780,1,19,0,9,0,8,0,0,0,0,4,1,6,1,54,8,2198,2,8,-1,1,-1
201501HT20780,2,1,0,18,4,8,0,0,0,0,1,1,6,1,44,7,-1,-1,-1,-1,1,-1
201501HT20781,1,9,0,3,0,1,0,0,0,0,2,1,6,1,30,6,2494,1,18,-1,1,-1
201501HT20781,2,8,0,18,0,1,0,0,0,0,1,1,1,1,41,7,1997,2,-1,-1,1,-1
201501HT20782,1,4,0,18,0,1,1,0,0,0,3,1,2,1,38,7,125,1,5,-1,1,-1
201501HT20784,1,9,0,12,0,0,0,0,0,0,3,1,6,1,21,5,-1,-1,-1,-1,1,-1
201501HT20784,2,3,0,18,0,0,0,0,0,0,4,1,6,1,24,5,125,1,1,-1,1,-1
201501HT20785,1,9,0,18,0,0,0,0,0,0,1,1,6,1,21,5,998,1,1,-1,1,-1
201501HT20786,1,4,0,18,0,8,0,0,0,0,1,1,6,1,39,7,249,1,2,-1,1,-1
201501HT20786,2,9,0,9,0,8,0,0,0,0,4,1,6,1,23,5,2143,2,-1,-1,1,-1
201501HT20787,1,9,0,18,0,8,0,10,1,1,1,1,6,1,35,6,2698,2,9,-1,1,-1
201501HT20787,2,9,0,9,0,8,0,0,0,0,4,1,6,1,25,5,2698,2,7,-1,3,-1
201501HT20788,1,9,0,7,0,8,0,7,0,0,1,1,6,1,36,7,1898,1,15,-1,1,-1
201501HT20789,1,9,0,3,0,1,0,0,0,0,3,1,1,1,47,8,1794,1,12,-1,1,-1
201501HT20789,2,8,0,9,0,2,0,0,0,0,3,1,1,1,-1,-1,2664,2,16,-1,-1,-1
201501HT20790,1,9,0,9,0,8,0,0,0,0,1,1,6,1,51,8,1497,8,10,-1,1,-1
201501HT20790,2,1,0,18,0,8,0,0,0,0,1,1,6,1,40,7,-1,-1,-1,-1,1,-1
201501HT20791,1,3,0,3,0,1,0,0,0,0,1,1,1,1,42,7,-1,-1,-1,-1,1,-1
201501HT20791,2,9,0,1,0,1,0,0,0,0,2,1,6,1,59,9,-1,-1,-1,-1,1,-1
201501HT20792,1,9,0,9,0,8,0,0,0,0,1,1,2,1,42,7,999,1,2,-1,1,-1
201501HT20792,2,1,0,18,0,8,0,0,0,0,1,1,6,1,27,6,-1,-1,-1,-1,1,-1
201501HT20793,1,9,0,18,0,1,0,0,0,0,1,1,6,1,34,6,1498,1,10,-1,1,-1
201501HT20793,2,1,0,18,0,1,0,0,0,0,2,1,6,1,37,7,-1,-1,-1,-1,1,-1
201501HT20794,1,8,0,4,0,1,0,0,0,0,2,1,1,1,33,6,1956,2,3,-1,1,-1
201501HT20794,2,11,0,18,0,1,0,0,0,0,1,1,1,1,55,8,9360,2,4,-1,1,-1
201501HT20795,1,9,0,18,0,1,0,0,0,0,1,1,6,1,25,5,1596,1,10,-1,1,-1
201501HT20796,1,11,0,4,0,0,0,0,0,0,4,1,1,1,53,8,6700,2,7,-1,1,-1
201501HT20797,1,4,0,18,0,8,0,0,0,0,1,1,6,1,32,6,124,1,11,-1,-1,-1
201501HT20797,2,9,0,9,0,8,0,0,0,0,4,1,6,1,20,4,1362,1,2,-1,-1,-1
201501HT20798,1,9,0,3,0,0,0,0,0,0,1,1,6,2,36,7,1995,1,6,-1,1,-1
201501HT20798,2,19,0,1,0,0,0,0,0,0,2,1,6,1,-1,-1,2151,2,11,-1,-1,-1
201501HT20799,1,11,0,18,0,0,0,0,0,0,4,1,1,3,-1,-1,-1,-1,-1,-1,-1,-1
201501HT20800,1,9,0,9,0,8,0,0,0,0,1,1,6,3,-1,-1,2000,2,11,-1,-1,-1
201501HT20800,2,3,0,18,0,8,0,0,0,0,4,1,6,1,22,5,125,1,7,-1,1,-1
201501HT20801,1,8,0,18,0,2,0,0,0,0,3,1,1,1,45,7,1910,2,5,-1,1,-1
201501HT20801,2,9,0,11,0,2,0,0,0,0,4,1,6,1,-1,-1,2494,1,15,-1,-1,-1
201501HT20802,1,9,0,9,0,8,0,0,0,0,4,1,6,1,42,7,1497,8,7,-1,1,-1
201501HT20802,2,4,0,18,0,8,0,0,0,0,1,1,6,1,-1,-1,670,1,3,-1,1,-1
201501HT20803,1,11,0,18,0,1,0,0,0,0,0,1,1,1,34,6,6700,2,5,-1,1,-1
201501HT20804,1,9,0,5,0,8,0,0,0,0,1,1,6,1,21,5,1497,1,12,-1,1,-1
201501HT20804,2,9,0,18,0,8,0,0,0,0,3,1,6,1,27,6,1968,2,-1,-1,1,-1
201501HT20805,1,3,0,14,0,8,0,0,0,0,1,1,2,2,47,8,124,1,10,-1,1,-1
201501HT20805,2,1,0,9,0,8,0,0,0,0,3,1,2,1,-1,-1,-1,-1,-1,-1,-1,-1
201501HT20806,1,11,0,5,0,1,0,0,0,0,0,1,1,1,25,5,4461,2,1,-1,1,-1
201501HT20807,1,9,0,18,0,8,0,0,0,0,1,1,1,1,28,6,2499,2,11,-1,1,-1
201501HT20807,2,9,0,17,0,8,0,0,0,0,4,1,6,1,22,5,1590,1,13,-1,1,-1
201501HT20808,1,9,0,7,0,8,0,0,0,0,1,1,6,1,19,4,1197,1,3,-1,1,-1
201501HT20808,2,9,0,18,0,8,0,0,0,0,4,1,6,1,22,5,1399,2,11,-1,1,-1
201501HT20809,1,9,0,9,0,8,0,0,0,0,1,1,6,1,45,7,1390,1,14,-1,1,-1
201501HT20809,2,1,0,18,0,8,0,0,0,0,3,1,6,1,42,7,-1,-1,-1,-1,1,-1
201501HT20811,1,1,0,18,0,0,0,0,0,0,2,1,2,1,25,5,-1,-1,-1,-1,1,-1
201501HT20811,2,9,0,18,0,0,0,0,0,0,1,1,6,1,-1,-1,-1,-1,-1,-1,-1,-1
201501HT20813,1,20,0,18,0,0,0,0,0,0,1,1,1,1,47,8,-1,-1,-1,-1,1,-1
201501HT20813,2,9,0,15,0,0,1,0,0,0,3,1,6,1,-1,-1,-1,-1,-1,-1,-1,-1
201501HT20814,1,8,0,3,0,2,0,0,0,0,3,1,6,1,39,7,1956,2,2,-1,1,-1
201501HT20814,2,1,0,18,0,1,0,0,0,0,1,1,2,2,27,6,-1,-1,-1,-1,1,-1
201501HT20815,1,9,0,18,0,8,0,0,0,0,4,1,6,1,55,8,-1,-1,-1,-1,1,-1
201501HT20815,2,9,0,7,0,8,0,0,0,0,1,1,6,3,-1,-1,1984,1,10,-1,-1,-1
201501HT20816,1,9,0,9,0,8,0,0,0,0,1,1,2,1,49,8,1398,1,14,-1,1,-1
201501HT20816,2,3,0,18,0,8,0,0,0,0,3,1,6,1,38,7,-1,-1,-1,-1,-1,-1
201501HT20817,1,9,0,18,0,8,0,0,0,0,1,1,1,1,32,6,1339,8,5,-1,1,-1
201501HT20817,2,9,0,18,0,8,0,0,0,0,3,1,1,1,-1,-1,-1,-1,-1,-1,-1,-1
201501HT20818,1,9,0,5,0,1,0,0,0,0,1,1,6,1,38,7,2967,2,4,-1,3,-1
201501HT20819,1,5,0,18,0,8,0,0,0,0,1,1,6,1,63,9,1157,1,11,-1,1,-1
201501HT20819,2,9,0,9,0,8,0,0,0,0,3,1,6,1,38,7,1797,8,4,-1,1,-1
201501HT20820,1,1,0,18,0,0,0,0,0,0,1,1,2,1,-1,-1,-1,-1,-1,-1,-1,-1
201501HT20821,1,9,0,18,0,8,0,0,0,0,1,1,6,2,28,6,1242,1,7,-1,1,-1
201501HT20821,2,3,0,9,0,8,0,0,0,0,1,1,6,1,21,5,108,1,1,-1,1,-1
201501HT20822,1,3,0,14,0,8,0,0,0,0,1,1,6,1,41,7,125,1,10,-1,1,-1
201501HT20822,2,9,0,9,0,8,0,0,0,0,3,1,6,1,30,6,1598,1,14,-1,1,-1
201501HT20823,1,9,0,5,0,8,0,0,0,0,3,1,6,1,39,7,1686,2,4,-1,1,-1
201501HT20823,2,9,0,18,0,8,0,0,0,0,1,1,6,1,-1,-1,-1,-1,-1,-1,1,-1
201501HT20824,1,8,0,3,0,0,0,0,0,0,2,1,1,1,52,8,1997,2,3,-1,1,-1
201501HT20824,2,9,0,18,0,0,0,0,0,0,1,1,6,1,-1,-1,1240,1,11,-1,-1,-1
201501HT20825,1,8,0,9,0,8,0,0,0,0,1,1,1,1,49,8,2143,2,1,-1,1,-1
201501HT20825,2,5,0,14,0,8,0,0,0,0,4,1,2,1,30,6,649,1,5,-1,1,-1
201501HT20826,1,9,0,7,0,1,0,0,0,0,3,1,6,2,42,7,1197,1,-1,-1,1,-1
201501HT20826,2,9,0,7,0,1,0,0,0,0,4,1,6,1,27,6,1396,1,1,-1,1,-1
201501HT20827,1,9,0,18,0,2,0,0,0,0,1,1,6,3,-1,-1,1197,1,3,-1,-1,-1
201501HT20827,2,1,0,18,0,2,0,0,0,0,2,1,6,1,13,3,-1,-1,-1,-1,1,-1
201501HT20828,1,9,0,3,0,0,0,0,0,0,2,1,6,1,54,8,2902,2,10,-1,1,-1
201501HT20828,2,9,0,4,0,0,0,0,0,0,2,1,1,1,57,9,1329,1,4,-1,1,-1
201501HT20828,3,9,0,18,0,0,0,0,0,0,1,1,6,1,-1,-1,2000,1,10,-1,-1,-1
201501HT20829,1,9,0,9,0,8,0,0,0,0,4,1,6,2,23,5,1598,1,10,-1,1,-1
201501HT20829,2,1,0,15,0,8,0,0,0,0,1,1,1,1,45,7,-1,-1,-1,-1,1,-1
201501HT20830,1,9,0,2,0,1,0,0,0,0,3,1,6,1,50,8,1998,1,17,-1,1,-1
201501HT20830,2,9,0,18,0,1,0,4,0,0,4,1,6,1,-1,-1,-1,-1,-1,-1,-1,-1
201501HT20831,1,9,0,5,0,1,0,0,0,0,2,1,6,1,33,6,1198,1,1,-1,3,-1
201501HT20831,2,9,0,12,0,1,0,0,0,0,3,1,2,1,34,6,1597,1,13,-1,1,-1
201501HT20831,3,21,0,4,0,1,0,0,0,0,1,1,1,1,23,5,10837,2,7,-1,1,-1
201501HT20832,1,1,0,18,0,8,0,0,0,0,0,1,6,1,40,7,-1,-1,-1,-1,1,-1
201501HT20832,2,9,0,9,0,8,0,0,0,0,0,1,6,3,-1,-1,-1,-1,-1,-1,-1,-1
201501HT20833,1,9,0,18,0,1,0,0,0,0,1,1,6,1,23,5,1995,2,7,-1,1,-1
201501HT20833,2,8,0,18,0,1,0,0,0,0,2,1,1,1,42,7,1560,2,1,-1,1,-1
201501HT20833,3,9,0,13,0,1,0,0,0,0,0,1,6,3,-1,-1,-1,-1,-1,-1,-1,-1
201501HT20835,1,9,0,18,0,8,0,0,0,0,1,1,6,1,29,6,1799,1,18,-1,1,-1
201501HT20835,2,9,0,18,0,8,0,0,0,0,4,1,6,1,25,5,1149,1,10,-1,1,-1
201501HT20836,1,9,0,3,0,1,0,0,0,0,2,1,6,1,38,7,1910,2,5,-1,1,-1
201501HT20836,2,9,0,18,0,1,0,0,0,0,1,1,6,1,31,6,1598,1,12,-1,1,-1
201501HT20837,1,9,0,18,0,2,0,0,0,0,1,1,6,1,44,7,1388,1,16,-1,1,-1
201501HT20837,2,9,0,18,0,1,0,0,0,0,1,1,6,2,63,9,1598,1,3,-1,1,-1
201501HT20838,1,9,0,18,0,1,0,4,0,0,1,1,6,1,30,6,1991,1,-1,-1,1,-1
201501HT20838,2,9,0,2,0,1,0,0,0,0,2,1,6,3,23,5,1995,2,9,-1,-1,-1
201501HT20839,1,9,0,3,0,1,0,0,0,0,2,1,6,1,60,9,-1,-1,-1,-1,1,-1
201501HT20839,2,8,0,3,0,1,0,0,0,0,2,1,1,1,44,7,1997,2,3,-1,1,-1
201501HT20839,3,9,0,18,0,1,0,0,0,0,1,1,6,1,28,6,1598,1,8,-1,1,-1
201501HT20840,1,9,0,5,0,1,0,0,0,0,4,1,6,1,31,6,2143,2,1,-1,1,-1
201501HT20840,2,1,0,15,0,1,0,0,0,0,3,1,6,1,27,6,-1,-1,-1,-1,1,-1
201501HT20841,1,9,0,9,0,8,0,0,0,0,1,1,6,1,72,10,1998,1,14,-1,1,-1
201501HT20841,2,9,0,18,0,8,0,0,0,0,1,1,6,1,-1,-1,-1,-1,-1,-1,-1,-1
201501HT20842,1,11,0,4,0,0,0,0,0,0,0,1,1,1,-1,-1,-1,-1,-1,-1,-1,-1
201501HT20843,1,5,0,12,0,0,0,0,0,0,3,1,6,1,41,7,598,1,19,-1,1,-1
201501HT20843,2,9,0,11,0,0,0,0,0,0,4,1,1,1,46,8,2149,2,7,-1,3,-1
201501HT20844,1,9,0,18,0,8,0,0,0,0,1,1,6,1,26,6,1968,2,10,-1,1,-1
201501HT20844,2,3,0,18,0,8,0,0,0,0,3,1,6,1,30,6,125,1,1,-1,1,-1
201501HT20845,1,8,0,18,0,8,0,0,0,0,3,1,1,1,46,8,2499,2,8,-1,1,-1
201501HT20845,2,9,0,9,0,8,0,0,0,0,1,1,6,3,-1,-1,1560,2,-1,-1,-1,-1
201501HT20846,1,11,0,4,0,2,0,0,0,0,4,1,1,1,43,7,12000,2,11,-1,1,-1
201501HT20848,1,9,0,18,0,0,0,0,0,0,4,1,6,1,45,7,1998,8,-1,-1,1,-1
201501HT20848,2,9,0,5,0,0,0,0,0,0,3,1,6,2,-1,-1,1390,1,7,-1,-1,-1
201501HT20849,1,1,0,18,0,0,0,0,0,0,3,1,6,1,22,5,-1,-1,-1,-1,1,-1
201501HT20849,2,9,0,18,0,0,0,0,0,0,3,1,6,1,36,7,1968,2,1,-1,1,-1
201501HT20850,1,9,0,7,0,2,0,0,0,0,1,1,6,1,43,7,1956,2,5,-1,1,-1
201501HT20850,2,9,0,1,0,2,0,0,0,0,2,1,6,3,-1,-1,-1,-1,-1,-1,-1,-1
201501HT20851,1,8,0,3,0,2,0,0,0,0,1,1,1,1,37,7,1797,8,5,-1,1,-1
201501HT20851,2,1,0,18,0,1,0,0,0,0,1,1,4,1,15,3,-1,-1,-1,-1,1,-1
201501HT20852,1,9,0,17,0,8,0,0,0,0,4,1,6,1,31,6,1596,1,9,-1,1,-1
201501HT20852,2,2,0,17,0,8,0,0,0,0,3,1,1,1,39,7,124,1,7,-1,1,-1
201501HT20853,1,9,0,18,0,2,0,10,7,10,1,1,6,1,15,3,2148,2,7,-1,1,-1
201501HT20854,1,9,0,4,0,0,0,0,0,0,2,1,6,2,36,7,1498,1,7,-1,1,-1
201501HT20854,2,1,0,18,0,0,0,0,0,0,1,1,6,1,37,7,-1,-1,-1,-1,3,-1
201501HT20856,1,9,0,3,0,1,0,0,0,0,2,1,2,1,42,7,2497,2,11,-1,1,-1
201501HT20856,2,19,0,4,0,1,0,0,0,0,2,1,1,1,54,8,1996,2,4,-1,1,-1
201501HT20856,3,19,0,18,0,1,0,0,0,0,1,1,1,1,28,6,-1,-1,-1,-1,-1,-1
201501HT20857,1,3,0,18,0,1,0,0,0,0,3,1,2,1,45,7,125,1,6,-1,1,-1
201501HT20857,2,9,0,7,0,1,0,0,0,0,4,1,6,1,-1,-1,1796,1,4,-1,-1,-1
201501HT20859,1,8,0,4,0,2,0,0,0,0,2,1,1,1,41,7,1797,8,4,-1,1,-1
201501HT20859,2,9,0,18,0,2,0,0,0,0,1,1,3,2,45,7,1391,1,19,-1,1,-1
201501HT20860,1,1,0,18,0,1,0,0,0,0,3,1,2,1,49,8,-1,-1,-1,-1,1,-1
201501HT20860,2,9,0,13,0,1,0,0,0,0,4,1,6,1,-1,-1,-1,-1,-1,-1,-1,-1
201501HT20861,1,9,0,18,0,2,0,0,0,0,1,1,6,1,-1,-1,-1,-1,-1,-1,-1,-1
201501HT20862,1,1,0,18,0,1,0,0,0,0,3,1,1,1,33,6,-1,-1,-1,-1,1,-1
201501HT20862,2,9,0,13,0,1,0,0,0,0,4,1,6,3,-1,-1,-1,-1,-1,-1,-1,-1
201501HT20863,1,5,0,18,0,8,0,0,0,0,1,1,2,1,54,8,744,1,6,-1,1,-1
201501HT20863,2,9,0,9,0,8,0,0,0,0,4,1,6,1,-1,-1,-1,-1,-1,-1,-1,-1
201501HT20864,1,3,0,4,0,1,0,0,0,0,2,1,6,1,35,6,125,1,1,-1,1,-1
201501HT20864,2,9,0,18,0,1,0,0,0,0,1,1,6,1,25,5,1995,1,9,-1,3,-1
201501HT20865,1,1,0,18,0,1,0,0,0,0,3,1,2,1,34,6,-1,-1,-1,-1,1,-1
201501HT20865,2,9,0,7,0,5,0,0,0,0,4,1,6,3,-1,-1,-1,-1,-1,-1,-1,-1
201501HT20867,1,9,0,4,0,1,0,0,0,0,2,1,6,2,34,6,1986,2,8,-1,1,-1
201501HT20867,2,9,0,4,0,1,0,0,0,0,1,1,6,1,40,7,1995,1,5,-1,1,-1
201501HT20868,1,9,0,9,0,8,0,0,0,0,4,1,6,1,36,7,1986,2,8,-1,1,-1
201501HT20868,2,1,0,18,0,8,0,0,0,0,1,1,6,1,35,6,-1,-1,-1,-1,1,-1
201501HT20869,1,9,0,9,0,8,0,0,0,0,4,1,6,1,39,7,1495,1,15,-1,1,-1
201501HT20869,2,1,0,18,0,8,0,0,0,0,1,1,6,1,51,8,-1,-1,-1,-1,1,-1
201501HT20871,1,1,0,17,0,8,0,0,0,0,3,1,6,1,27,6,-1,-1,-1,-1,1,-1
201501HT20871,2,9,0,9,0,8,0,0,0,0,1,1,6,3,-1,-1,-1,-1,-1,-1,-1,-1
201501HT20872,1,9,0,18,0,8,0,0,0,0,1,1,6,1,-1,-1,1798,8,2,-1,-1,-1
201501HT20872,2,9,0,9,0,8,0,0,0,0,3,1,6,1,-1,-1,-1,-1,-1,-1,-1,-1
201501HT20873,1,9,0,18,0,0,0,0,0,0,1,1,6,1,22,5,1339,1,12,-1,1,-1
201501HT20873,2,9,0,18,0,0,0,0,0,0,2,1,6,1,46,8,1797,8,5,-1,1,-1
201501HT20874,1,19,0,4,0,1,0,0,0,0,2,1,6,1,44,7,1686,2,10,-1,-1,-1
201501HT20874,2,19,0,18,0,1,0,0,0,0,1,1,6,1,45,7,-1,-1,-1,-1,3,-1
201501HT20875,1,8,0,5,0,8,0,0,0,0,3,1,6,1,50,8,1997,2,3,-1,1,-1
201501HT20875,2,1,0,5,0,8,0,0,0,0,1,1,6,2,34,6,-1,-1,-1,-1,1,-1
201501HT20876,1,9,0,18,0,2,0,0,0,0,3,1,6,3,-1,-1,-1,-1,-1,-1,-1,-1
201501HT20877,1,1,0,16,0,8,0,10,0,0,4,1,6,2,47,8,-1,-1,-1,-1,1,-1
201501HT20877,2,11,0,13,0,8,0,0,0,0,0,1,1,1,-1,-1,9000,2,6,-1,-1,-1
201501HT20878,1,9,0,18,0,0,0,0,0,0,3,1,6,1,36,7,1997,2,5,-1,1,-1
201501HT20878,2,9,0,18,0,0,0,0,0,0,3,1,6,1,-1,-1,1870,2,12,-1,-1,-1
201501HT20879,1,9,0,9,0,2,0,0,0,0,4,1,6,1,58,9,1686,2,3,-1,1,-1
201501HT20881,1,9,0,3,0,1,0,0,0,0,2,1,6,1,33,6,1984,1,2,-1,1,-1
201501HT20881,2,9,0,18,0,1,0,0,0,0,1,1,6,1,-1,-1,1986,2,10,-1,-1,-1
201501HT20882,1,9,0,18,0,2,0,0,0,0,1,1,6,1,18,4,1229,1,8,-1,1,-1
201501HT20883,1,9,0,3,0,1,0,0,0,0,2,1,6,1,30,6,1995,2,6,-1,1,-1
201501HT20883,2,9,0,4,0,1,0,0,0,0,1,1,6,1,-1,-1,1598,2,4,-1,-1,-1
201501HT20884,1,9,0,18,0,1,0,0,0,0,1,1,6,2,36,7,1240,1,6,-1,1,-1
201501HT20884,2,9,0,18,0,1,0,0,0,0,2,1,6,2,32,6,2143,2,2,-1,1,-1
201501HT20885,1,3,0,18,0,0,0,7,0,0,1,1,6,1,19,4,125,1,-1,-1,1,-1
201501HT20886,1,9,0,17,0,0,0,0,0,0,3,1,6,1,26,6,2967,2,3,-1,1,-1
201501HT20886,2,9,0,16,0,0,0,0,0,0,3,1,6,1,22,5,-1,-1,-1,-1,1,-1
201501HT20888,1,9,0,8,0,1,0,0,0,0,2,1,6,1,20,4,1299,1,14,-1,1,-1
201501HT20888,2,9,0,4,0,1,0,0,0,0,1,1,6,1,-1,-1,1598,1,7,-1,-1,-1
201501HT20889,1,1,0,18,0,8,0,0,0,0,3,1,2,1,45,7,-1,-1,-1,-1,1,-1
201501HT20889,2,8,0,9,0,8,0,0,0,0,1,1,1,1,-1,-1,1798,8,3,-1,-1,-1
201501HT20890,1,1,0,18,0,1,0,0,0,0,3,1,6,1,24,5,-1,-1,-1,-1,1,-1
201501HT20890,2,9,0,7,0,1,0,0,0,0,4,1,6,1,-1,-1,1242,1,10,-1,-1,-1
201501HT20891,1,9,0,7,0,1,0,0,0,0,3,1,6,1,31,6,-1,-1,-1,-1,1,-1
201501HT20891,2,9,0,7,0,1,0,0,0,0,4,1,6,1,-1,-1,2148,2,10,-1,-1,-1
201501HT20892,1,9,0,18,0,8,0,0,0,0,4,1,6,1,39,7,2771,1,16,-1,1,-1
201501HT20892,2,9,0,1,0,8,0,0,0,0,2,1,6,1,-1,-1,1364,1,-1,-1,-1,-1
201501HT20893,1,9,0,3,0,0,0,0,0,0,2,1,1,1,47,8,1364,2,1,-1,1,-1
201501HT20893,2,9,0,18,0,0,0,0,0,0,1,1,6,2,-1,-1,999,1,6,-1,-1,-1
201501HT20894,1,9,0,18,0,1,0,0,0,0,2,1,2,1,51,8,2993,2,6,-1,-1,-1
201501HT20894,2,9,0,18,0,1,0,0,0,0,1,1,6,1,-1,-1,1968,2,9,-1,1,-1
201501HT20895,1,1,0,18,0,8,0,0,0,0,3,1,6,1,18,4,-1,-1,-1,-1,1,-1
201501HT20895,2,9,0,9,0,8,0,0,0,0,1,1,6,1,-1,-1,1388,1,8,-1,1,-1
201501HT20896,1,1,0,18,0,0,0,0,0,0,3,1,2,1,39,7,-1,-1,-1,-1,1,-1
201501HT20896,2,9,0,6,0,0,0,0,0,0,1,1,6,3,-1,-1,-1,-1,-1,-1,-1,-1
201501HT20897,1,5,0,18,0,0,0,0,0,0,1,1,6,1,27,6,1255,1,6,-1,1,-1
201501HT20900,1,5,0,18,0,1,0,0,0,0,1,1,6,2,28,6,599,1,6,-1,1,-1
201501HT20900,2,9,0,9,0,1,0,0,0,0,4,1,6,1,-1,-1,1389,1,13,-1,-1,-1
201501HT20901,1,9,0,3,0,1,0,0,0,0,2,1,6,1,36,7,1995,1,9,-1,1,-1
201501HT20901,2,19,0,18,0,1,0,0,0,0,1,1,6,1,-1,-1,2402,2,10,-1,-1,-1
201501HT20902,1,9,0,11,0,0,0,0,0,0,4,1,6,1,-1,-1,1798,1,8,-1,1,-1
201501HT20902,2,1,0,18,0,0,0,0,0,0,3,1,6,1,30,6,-1,-1,-1,-1,1,-1
201501HT20903,1,9,0,9,0,8,0,0,0,0,1,1,2,1,23,5,1596,1,10,-1,1,-1
201501HT20903,2,5,0,18,0,8,0,0,0,0,3,1,2,1,56,9,599,1,7,-1,1,-1
201501HT20904,1,9,0,9,0,8,0,0,0,0,1,1,3,1,28,6,1797,8,5,-1,1,-1
201501HT20904,2,4,0,14,0,8,0,0,0,0,4,1,6,1,54,8,599,1,7,-1,1,-1
201501HT20905,1,9,0,18,0,1,0,0,0,0,1,1,6,1,-1,-1,1390,1,10,-1,-1,-1
201501HT20905,2,9,0,4,0,1,0,0,0,0,2,1,6,1,30,6,1984,1,7,-1,3,-1