Accident_Index,Vehicle_Reference,Vehicle_Type,Towing_and_Articulation,Vehicle_Manoeuvre,Vehicle_Location-Restricted_Lane,Junction_Location,Skidding_and_Overturning,Hit_Object_in_Carriageway,Vehicle_Leaving_Carriageway,Hit_Object_off_Carriageway,1st_Point_of_Impact,Was_Vehicle_Left_Hand_Drive?,Journey_Purpose_of_Driver,Sex_of_Driver,Age_of_Driver,Age_Band_of_Driver,Engine_Capacity_(CC),Propulsion_Code,Age_of_Vehicle,Driver_IMD_Decile,Driver_Home_Area_Type,Vehicle_IMD_Decile
201501HT20905,3,19,0,4,0,1,0,0,0,0,2,1,6,1,55,8,2148,2,10,-1,1,-1
201501HT20906,1,5,0,18,0,1,0,0,0,0,1,1,6,1,34,6,745,1,-1,-1,1,-1
201501HT20906,2,9,0,3,0,1,0,0,0,0,3,1,6,1,44,7,1998,1,10,-1,1,-1
201501HT20906,3,9,0,3,0,1,0,0,0,0,3,1,6,2,53,8,1595,1,2,-1,1,-1
201501HT20906,4,9,0,3,0,1,0,0,0,0,3,1,6,1,32,6,2231,2,3,-1,1,-1
201501HT20907,1,9,0,1,0,1,0,0,0,0,2,1,6,1,25,5,1596,1,-1,-1,1,-1
201501HT20908,1,9,0,14,0,2,0,0,0,0,1,1,1,1,-1,-1,-1,-1,-1,-1,-1,-1
201501HT20909,1,9,0,18,0,0,0,0,0,0,4,1,2,1,60,9,2000,2,6,-1,1,-1
201501HT20910,1,9,0,18,0,0,0,0,0,0,4,1,2,2,-1,-1,-1,-1,-1,-1,-1,-1
201501HT20910,2,9,0,12,0,0,0,0,0,0,3,1,6,1,-1,-1,1956,2,3,-1,1,-1
201501HT20911,1,8,0,2,0,2,0,0,0,0,3,1,1,1,26,6,1595,1,1,-1,1,-1
201501HT20911,2,1,0,18,0,2,0,8,0,0,1,1,6,1,40,7,-1,-1,-1,-1,1,-1
201501HT20913,1,5,0,18,0,8,0,0,0,0,1,1,2,1,35,6,644,1,8,-1,1,-1
201501HT20913,2,20,0,9,0,8,0,0,0,0,3,1,1,3,-1,-1,-1,-1,-1,-1,-1,-1
201501HT20914,1,9,0,4,0,1,0,0,0,0,2,1,2,1,25,5,1388,1,12,-1,1,-1
201501HT20914,2,19,0,18,0,1,0,0,0,0,1,1,1,1,-1,-1,2198,2,-1,-1,-1,-1
201501HT20915,1,3,0,18,0,8,0,0,0,0,1,1,2,1,33,6,124,1,3,-1,1,-1
201501HT20915,2,9,0,9,0,8,0,0,0,0,4,1,6,1,31,6,1339,8,8,-1,1,-1
201501HT20916,1,3,0,18,0,0,0,0,0,0,1,1,6,1,28,6,-1,-1,-1,-1,1,-1
201501HT20916,2,9,0,12,0,0,0,0,0,0,2,1,6,1,30,6,1798,8,3,-1,1,-1
201501HT20917,1,9,0,9,0,8,0,0,0,0,3,1,6,1,46,8,1798,8,-1,-1,1,-1
201501HT20917,2,3,0,18,0,8,0,0,0,0,1,1,6,1,28,6,125,1,3,-1,1,-1
201501HT20918,1,1,0,18,0,8,0,0,0,0,4,1,2,1,29,6,-1,-1,-1,-1,1,-1
201501HT20918,2,9,0,9,0,8,0,0,0,0,1,1,2,1,25,5,3200,2,12,-1,1,-1
201501HT20919,1,9,0,18,0,0,0,0,0,0,1,1,6,1,28,6,1968,2,4,-1,1,-1
201501HT20919,2,9,0,4,0,0,0,0,0,0,2,1,6,1,30,6,2000,2,4,-1,1,-1
201501HT20919,3,9,0,4,0,0,0,0,0,0,2,1,6,1,30,6,-1,-1,-1,-1,1,-1
201501HT20920,1,9,0,1,0,1,0,0,0,0,2,1,6,1,-1,-1,-1,-1,-1,-1,-1,-1
201501HT20921,1,9,0,3,0,0,0,0,0,0,2,1,1,1,30,6,1248,2,3,-1,-1,-1
201501HT20921,2,21,0,3,0,0,0,0,0,0,1,1,1,1,34,6,7146,2,2,-1,1,-1
201501HT20922,1,9,0,7,0,2,0,0,0,0,4,1,6,1,20,4,1364,1,10,-1,1,-1
201501HT20923,1,9,0,9,0,8,0,0,0,0,3,1,2,1,59,9,2204,2,11,-1,1,-1
201501HT20923,2,4,0,18,0,8,0,0,0,0,1,1,2,1,24,5,125,1,-1,-1,1,-1
201501HT20924,1,8,0,18,0,8,0,0,0,0,3,1,1,1,35,6,2143,2,1,-1,-1,-1
201501HT20924,2,9,0,18,0,8,0,0,0,0,1,1,6,1,23,5,2698,2,7,-1,1,-1
201501HT20925,1,1,0,18,0,8,0,0,0,0,1,1,6,1,27,6,-1,-1,-1,-1,1,-1
201501HT20925,2,9,0,9,0,8,0,0,0,0,4,1,6,3,-1,-1,-1,-1,-1,-1,-1,-1
201501HT20927,1,1,0,18,0,1,0,8,0,0,1,1,6,1,49,8,-1,-1,-1,-1,1,-1
201501HT20927,2,9,0,2,0,1,0,0,0,0,3,1,6,2,-1,-1,-1,-1,-1,-1,-1,-1
201501HT20928,1,21,0,11,0,0,0,0,0,0,4,1,1,1,40,7,-1,-1,-1,-1,1,-1
201501HT20928,2,8,0,18,0,0,0,0,0,0,3,1,1,1,34,6,1497,8,7,-1,1,-1
201501HT20929,1,19,0,18,0,0,0,0,0,0,1,1,1,1,-1,-1,-1,-1,-1,-1,1,-1
201501HT20930,1,9,0,18,0,0,0,0,0,0,4,1,6,1,-1,-1,1386,1,8,-1,1,-1
201501HT20931,1,9,0,4,0,1,0,0,0,0,2,1,6,1,30,6,-1,-1,-1,-1,1,-1
201501HT20931,2,19,0,18,0,1,0,0,0,0,1,1,1,1,43,7,2287,2,3,-1,1,-1
201501HT20932,1,9,0,18,0,0,0,0,0,0,1,1,6,1,34,6,2967,2,-1,-1,1,-1
201501HT20932,2,9,0,4,0,0,0,0,0,0,2,1,6,1,55,8,1995,1,8,-1,1,-1
201501HT20933,1,9,0,18,0,8,0,0,0,0,3,1,6,2,36,7,1395,1,-1,-1,1,-1
201501HT20933,2,9,0,18,0,8,0,0,0,0,1,1,2,1,38,7,1797,8,5,-1,1,-1
201501HT20935,1,9,0,3,0,0,0,0,0,0,1,1,6,1,29,6,-1,-1,-1,-1,1,-1
201501HT20935,2,9,0,1,0,0,0,0,0,0,2,1,6,1,34,6,-1,-1,-1,-1,1,-1
201501HT20937,1,9,0,18,0,8,0,0,0,0,1,1,6,1,30,6,1596,1,13,-1,1,-1
201501HT20937,2,1,0,18,0,8,0,0,0,0,4,1,6,1,55,8,-1,-1,-1,-1,1,-1
201501HT20938,1,9,0,18,0,1,2,10,0,0,4,1,6,1,24,5,1598,1,9,-1,1,-1
201501HT20941,1,3,0,18,2,1,0,0,0,0,3,1,6,1,40,7,125,1,2,-1,1,-1
201501HT20941,2,9,0,11,2,1,0,0,0,0,4,1,6,3,-1,-1,-1,-1,-1,-1,-1,-1
201501HT20942,1,1,0,14,0,0,0,0,0,0,2,1,2,1,25,5,-1,-1,-1,-1,1,-1
201501HT20942,2,9,0,14,0,0,0,0,0,0,1,1,6,1,-1,-1,2143,2,6,-1,-1,-1
201501HT20944,1,11,0,18,0,1,0,0,0,0,0,1,1,1,33,6,4500,2,-1,-1,1,-1
201501HT20945,1,5,0,18,0,1,0,0,0,0,3,1,2,2,43,7,645,1,9,-1,1,-1
201501HT20945,2,9,0,7,0,5,0,0,0,0,4,1,6,2,-1,-1,1995,2,6,-1,1,-1
201501HT20947,1,9,0,16,0,2,0,0,0,0,2,1,6,1,52,8,1598,2,2,-1,1,-1
201501HT20947,2,19,0,16,0,2,0,0,0,0,1,1,1,1,-1,-1,1598,2,-1,-1,1,-1
201501HT20950,1,1,0,18,0,8,0,0,0,0,1,1,6,1,24,5,-1,-1,-1,-1,-1,-1
201501HT20950,2,9,0,9,0,8,0,0,0,0,4,1,6,3,-1,-1,-1,-1,-1,-1,-1,-1
201501HT20951,1,8,0,11,0,0,0,0,0,0,4,1,1,1,60,9,2499,2,8,-1,1,-1
201501HT20951,2,5,0,18,0,0,0,0,0,0,3,1,6,1,25,5,645,1,11,-1,1,-1
201501HT20952,1,9,0,18,0,1,0,0,0,0,1,1,6,2,35,6,1390,1,3,-1,1,-1
201501HT20952,2,9,0,3,0,1,0,0,0,0,2,1,6,1,64,9,1686,2,12,-1,1,-1
201501HT20952,3,9,0,3,0,1,0,0,0,0,2,1,6,1,49,8,1598,2,1,-1,3,-1
201501HT20953,1,5,0,14,0,1,0,0,0,0,4,1,1,1,37,7,689,1,-1,-1,3,-1
201501HT20954,1,9,0,18,0,8,0,0,0,0,1,1,6,1,42,7,-1,3,1,-1,1,-1
201501HT20954,2,1,0,18,0,8,0,0,0,0,4,1,6,2,49,8,-1,-1,-1,-1,1,-1
201501HT20955,1,1,0,18,0,1,0,0,0,0,4,1,6,2,24,5,-1,-1,-1,-1,1,-1
201501HT20955,2,9,0,5,0,1,0,0,0,0,3,1,6,1,-1,-1,-1,-1,-1,-1,-1,-1
201501HT20956,1,9,0,18,0,1,0,0,0,0,4,1,2,1,23,5,1968,2,6,-1,1,-1
201501HT20959,1,1,0,18,0,0,0,10,0,0,4,1,2,1,54,8,-1,-1,-1,-1,3,-1
201501HT20960,1,9,0,18,0,0,0,0,0,0,3,1,2,1,40,7,2143,2,6,-1,1,-1
201501HT20961,1,9,0,9,0,8,0,0,0,0,3,1,6,1,50,8,1896,2,7,-1,1,-1
201501HT20961,2,3,0,13,0,8,0,0,0,0,4,1,6,1,25,5,125,1,3,-1,1,-1
201501HT20962,1,9,0,18,0,0,0,0,0,0,3,1,6,2,39,7,1498,1,7,-1,1,-1
201501HT20962,2,9,0,11,0,0,0,0,0,0,4,1,6,1,38,7,2499,1,8,-1,1,-1
201501HT20963,1,2,0,18,0,8,0,0,0,0,1,1,6,1,23,5,-1,-1,-1,-1,1,-1
201501HT20963,2,9,0,9,0,8,0,0,0,0,1,1,6,2,25,5,1590,1,11,-1,1,-1
201501HT20964,1,8,0,18,0,0,0,0,0,0,1,1,1,1,60,9,2499,2,1,-1,1,-1
201501HT20965,1,5,0,18,0,1,0,0,0,0,3,1,6,1,38,7,599,1,16,-1,1,-1
201501HT20965,2,9,0,7,0,5,0,0,0,0,4,1,2,1,23,5,1781,1,24,-1,3,-1
201501HT20966,1,9,0,18,0,1,0,0,0,0,1,1,6,1,42,7,1598,1,9,-1,1,-1
201501HT20966,2,1,0,9,0,2,0,0,0,0,1,1,6,1,46,8,-1,-1,-1,-1,1,-1
201501HT20968,1,9,0,9,0,8,0,0,0,0,3,1,6,1,27,6,1599,1,8,-1,1,-1
201501HT20968,2,9,0,18,0,8,0,0,0,0,1,1,6,1,25,5,2148,2,6,-1,1,-1
201501HT20969,1,3,0,15,0,0,0,0,0,0,4,1,6,1,46,8,-1,-1,-1,-1,1,-1
201501HT20969,2,19,0,3,0,0,0,0,0,0,3,1,6,1,62,9,12740,2,5,-1,1,-1
201501HT20969,3,19,0,3,0,0,0,0,0,0,4,1,6,1,51,8,-1,-1,-1,-1,1,-1
201501HT20970,1,5,0,9,0,2,0,0,0,0,4,1,6,1,41,7,471,1,1,-1,1,-1
201501HT20971,1,3,0,18,0,0,0,0,0,0,1,1,6,1,52,8,125,1,13,-1,1,-1
201501HT20971,2,9,0,4,0,0,0,0,0,0,2,1,6,1,34,6,1329,1,2,-1,1,-1
201501HT20972,1,9,0,18,0,8,0,0,0,0,3,1,6,2,37,7,1596,1,11,-1,1,-1
201501HT20972,2,9,0,9,0,8,0,0,0,0,1,1,6,1,32,6,1998,1,14,-1,1,-1
201501HT20974,1,9,0,9,0,8,0,0,0,0,1,1,6,2,48,8,1798,1,10,-1,1,-1
201501HT20974,2,1,0,18,0,8,0,0,0,0,1,1,6,2,38,7,-1,-1,-1,-1,1,-1
201501HT20975,1,8,0,9,0,8,0,0,0,0,1,1,1,1,60,9,1997,2,3,-1,1,-1
201501HT20975,2,1,0,18,0,8,0,0,0,0,3,1,2,1,30,6,-1,-1,-1,-1,1,-1
201501HT20977,1,1,0,18,0,1,0,0,0,0,3,1,6,1,24,5,-1,-1,-1,-1,1,-1
201501HT20977,2,9,0,13,0,1,0,0,0,0,4,1,6,3,-1,-1,-1,-1,-1,-1,-1,-1
201501HT20978,1,9,0,18,0,1,0,0,0,0,1,1,6,1,52,8,1998,1,12,-1,1,-1
201501HT20978,2,1,0,4,0,1,0,0,0,0,2,1,6,1,49,8,-1,-1,-1,-1,1,-1
201501HT20981,1,9,0,18,0,0,0,0,0,0,1,1,6,1,26,6,1391,1,15,-1,1,-1
201501HT20981,2,9,0,4,0,0,0,0,0,0,2,1,6,1,49,8,-1,-1,-1,-1,1,-1
201501HT20981,3,9,0,4,0,0,0,0,0,0,2,1,6,1,39,7,2362,1,13,-1,1,-1
201501HT20984,1,9,0,18,0,8,0,0,0,0,1,1,1,1,24,5,1339,8,6,-1,1,-1
201501HT20984,2,9,0,18,0,8,0,0,0,0,4,1,6,1,-1,-1,1685,2,-1,-1,-1,-1
201501HT20985,1,1,0,18,0,1,0,0,0,0,3,1,6,1,27,6,-1,-1,-1,-1,1,-1
201501HT20985,2,9,0,7,0,5,0,0,0,0,4,1,6,3,-1,-1,-1,-1,-1,-1,-1,-1
201501HT20986,1,9,0,7,0,8,0,0,0,0,3,1,6,1,21,5,1149,1,11,-1,-1,-1
201501HT20986,2,2,0,18,0,8,0,0,0,0,1,1,1,1,20,4,108,1,1,-1,1,-1
201501HT20987,1,9,0,3,0,1,0,0,0,0,2,1,6,1,40,7,1796,1,2,-1,1,-1
201501HT20987,2,21,0,18,0,1,0,0,0,0,1,1,1,1,50,8,11946,2,11,-1,1,-1
201501HT20988,1,5,0,18,0,2,0,0,0,0,3,1,6,1,31,6,471,1,2,-1,1,-1
201501HT20990,1,4,0,18,0,0,0,0,0,0,4,1,2,1,40,7,599,1,6,-1,1,-1
201501HT20990,2,9,0,12,0,0,0,0,0,0,3,1,6,3,-1,-1,-1,-1,-1,-1,-1,-1
201501HT20991,1,9,0,18,9,1,0,10,1,0,4,1,6,3,-1,-1,-1,-1,-1,-1,-1,-1
201501HT20992,1,5,0,7,0,2,0,0,0,0,3,1,6,1,28,6,599,1,11,-1,1,-1
201501HT20992,2,20,0,7,0,2,0,0,0,0,4,1,1,1,35,6,9186,2,2,-1,1,-1
201501HT20993,1,9,0,18,0,2,0,7,0,0,1,1,6,1,22,5,1461,2,-1,-1,1,-1
201501HT20994,1,9,0,18,0,2,0,0,0,0,4,1,6,1,40,7,1799,1,6,-1,1,-1
201501HT20995,1,5,0,5,0,0,0,0,0,0,2,1,6,1,26,6,499,1,15,-1,1,-1
201501HT20995,2,20,0,5,0,0,0,0,0,0,1,1,6,3,-1,-1,-1,-1,-1,-1,-1,-1
201501HT20996,1,9,0,9,0,2,0,0,0,0,1,1,6,1,30,6,2987,2,10,-1,1,-1
201501HT20998,1,9,0,18,0,0,0,0,0,0,2,1,6,1,63,9,2497,2,10,-1,1,-1
201501HT20998,2,21,0,18,0,0,0,0,0,0,1,1,1,1,58,9,12900,2,7,-1,2,-1
201501HT20999,1,3,0,18,0,8,0,0,0,0,4,1,6,1,44,7,125,1,9,-1,-1,-1
201501HT20999,2,9,0,9,0,8,0,0,0,0,1,1,6,3,-1,-1,-1,-1,-1,-1,-1,-1
201501HT21000,1,5,0,18,0,8,0,0,0,0,1,1,6,1,29,6,996,1,12,-1,1,-1
201501HT21000,2,9,0,9,0,8,0,0,0,0,1,1,6,1,-1,-1,2143,2,-1,-1,1,-1
201501HT21001,1,11,0,4,0,1,0,0,0,0,0,1,1,1,30,6,6692,2,2,-1,1,-1
201501HT21002,1,11,0,18,0,1,0,0,0,0,0,1,1,1,56,9,9360,2,4,-1,1,-1
201501HT21003,1,1,0,18,0,8,0,0,0,0,1,1,6,1,26,6,-1,-1,-1,-1,1,-1
201501HT21003,2,19,0,9,0,8,0,0,0,0,4,1,6,3,-1,-1,-1,-1,-1,-1,-1,-1
201501HT21004,1,9,0,18,0,1,0,0,0,0,4,1,1,1,31,6,-1,-1,-1,-1,1,-1
201501HT21004,2,9,0,15,0,1,0,0,0,0,3,1,6,1,-1,-1,1781,1,13,-1,-1,-1
201501HT21005,1,9,0,18,0,8,0,0,0,0,1,1,6,1,41,7,1299,1,15,-1,1,-1
201501HT21005,2,9,0,18,0,8,0,0,0,0,3,1,6,1,42,7,1995,1,4,-1,1,-1
201501HT21006,1,1,0,7,0,2,0,0,0,0,0,1,6,1,48,8,-1,-1,-1,-1,1,-1
201501HT21006,2,9,0,9,0,1,0,0,0,0,0,1,6,3,-1,-1,-1,-1,-1,-1,-1,-1
201501HT21007,1,3,0,4,0,0,0,0,0,0,2,1,6,1,51,8,-1,-1,-1,-1,1,-1
201501HT21007,2,9,0,18,0,0,0,0,0,0,1,1,6,1,-1,-1,-1,-1,-1,-1,-1,-1
201501HT21008,1,1,0,18,0,8,0,0,0,0,1,1,2,1,39,7,-1,-1,-1,-1,1,-1
201501HT21008,2,9,0,9,0,8,0,0,0,0,3,1,6,1,20,4,1797,8,4,-1,-1,-1
201501HT21011,1,9,0,9,0,2,0,0,0,0,1,1,1,1,42,7,1968,2,5,-1,1,-1
201501HT21012,1,3,0,18,0,0,0,0,0,0,1,1,2,1,43,7,124,1,7,-1,1,-1
201501HT21012,2,20,0,18,0,0,0,0,0,0,2,1,1,1,-1,-1,-1,-1,-1,-1,-1,-1
201501HT21013,1,3,0,3,0,1,0,0,0,0,2,1,1,1,24,5,108,1,3,-1,1,-1
201501HT21013,2,9,0,5,0,1,0,0,0,0,1,1,6,2,-1,-1,998,1,8,-1,1,-1
201501HT21016,1,8,0,9,0,8,0,0,0,0,1,1,1,1,42,7,1598,2,-1,-1,1,-1
201501HT21016,2,9,0,18,0,8,0,0,0,0,1,1,6,1,26,6,1560,2,10,-1,1,-1
201501HT21017,1,9,0,4,0,8,0,0,0,0,2,1,6,1,51,8,1497,8,3,-1,1,-1
201501HT21017,2,9,0,18,0,8,0,0,0,0,1,1,6,1,-1,-1,1991,1,-1,-1,-1,-1
201501HT21018,1,9,0,18,0,0,0,0,0,0,1,1,6,1,-1,-1,-1,-1,-1,-1,-1,-1
201501HT21019,1,9,0,3,0,1,0,0,0,0,3,1,1,1,25,5,1595,2,5,-1,1,-1
201501HT21019,2,9,0,11,0,1,0,0,0,0,4,1,6,1,-1,-1,-1,-1,-1,-1,-1,-1
201501HT21020,1,8,0,18,0,0,0,0,0,0,4,1,1,1,52,8,1896,2,5,-1,-1,-1
201501HT21020,2,9,0,5,0,0,0,0,0,0,3,1,6,1,20,4,-1,-1,-1,-1,-1,-1
201501HT21022,1,1,0,17,0,8,0,0,0,0,2,1,2,1,40,7,-1,-1,-1,-1,1,-1
201501HT21022,2,9,0,17,0,8,0,0,0,0,1,1,3,2,-1,-1,1587,1,11,-1,1,-1
201501HT21023,1,9,0,18,0,2,0,0,0,0,1,1,6,1,-1,-1,-1,-1,-1,-1,-1,-1
201501HT21024,1,9,0,7,0,1,0,0,0,0,2,1,6,1,52,8,2099,1,13,-1,1,-1
201501HT21024,2,9,0,7,0,1,0,0,0,0,1,1,6,1,-1,-1,998,1,1,-1,-1,-1
201501HT21025,1,9,0,18,0,0,0,0,0,0,4,1,6,1,31,6,-1,-1,-1,-1,1,-1
201501HT21025,2,9,0,12,0,0,0,0,0,0,3,1,6,2,27,6,-1,-1,-1,-1,1,-1
201501HT21026,1,1,0,18,0,8,0,0,0,0,1,1,6,1,26,6,-1,-1,-1,-1,1,-1
201501HT21026,2,9,0,9,0,8,0,0,0,0,4,1,6,3,-1,-1,1299,1,11,-1,-1,-1
201501HT21027,1,9,0,3,0,1,0,0,0,0,2,1,6,1,45,7,1398,1,9,-1,1,-1
201501HT21027,2,19,0,18,0,1,0,0,0,0,1,1,6,1,45,7,1910,2,11,-1,1,-1
201501HT21028,1,1,0,18,0,1,0,0,0,0,3,1,2,1,21,5,-1,-1,-1,-1,1,-1
201501HT21028,2,9,0,13,0,1,0,0,0,0,4,1,6,1,-1,-1,998,1,12,-1,1,-1
201501HT21029,1,19,0,13,0,0,0,0,0,0,4,1,1,1,45,7,2148,2,6,-1,1,-1
201501HT21029,2,1,0,18,0,0,0,0,0,0,3,1,6,1,27,6,-1,-1,-1,-1,1,-1
201501HT21030,1,4,0,18,0,1,0,0,0,0,0,1,6,1,27,6,599,1,15,-1,3,-1
201501HT21030,2,9,0,9,0,8,0,0,0,0,0,1,6,1,-1,-1,1198,1,8,-1,-1,-1
201501HT21031,1,5,0,9,0,8,0,0,0,0,4,1,2,1,46,8,649,1,7,-1,1,-1
201501HT21031,2,9,0,18,0,8,0,0,0,0,1,1,6,1,-1,-1,-1,-1,-1,-1,-1,-1
201501HT21032,1,9,0,18,0,8,0,10,1,10,4,1,6,2,-1,-1,1400,1,9,-1,1,-1
201501HT21032,2,9,0,9,0,8,0,0,0,0,1,1,3,1,35,6,1598,1,11,-1,1,-1
201501HT21033,1,1,0,18,0,1,0,0,0,0,4,1,2,2,23,5,-1,-1,-1,-1,1,-1
201501HT21033,2,3,0,18,0,1,0,0,0,0,1,1,6,2,-1,-1,125,1,6,-1,-1,-1
201501HT21034,1,9,0,3,0,0,0,0,0,0,3,1,6,1,41,7,2979,7,13,-1,-1,-1
201501HT21034,2,3,0,14,0,0,0,8,0,0,1,1,2,1,42,7,125,1,10,-1,1,-1
201501HT21035,1,9,0,4,0,1,0,0,0,0,2,1,6,2,21,5,2993,2,7,-1,1,-1
201501HT21035,2,9,0,4,0,1,0,0,0,0,2,1,6,2,56,9,-1,-1,-1,-1,1,-1
201501HT21035,3,9,0,4,0,1,0,0,0,0,1,1,6,2,35,6,-1,-1,-1,-1,1,-1
201501HT21036,1,9,0,9,0,8,0,0,0,0,3,1,6,2,54,8,1299,1,10,-1,-1,-1
201501HT21036,2,9,0,18,0,8,0,0,0,0,1,1,1,1,47,8,1968,2,3,-1,1,-1
201501HT21037,1,3,0,14,0,2,0,0,0,0,1,1,6,1,24,5,125,1,9,-1,1,-1
201501HT21039,1,9,0,2,0,1,0,0,0,0,3,1,6,1,45,7,1794,1,9,-1,1,-1
201501HT21039,2,9,0,18,0,1,0,4,0,0,4,1,6,3,-1,-1,-1,-1,-1,-1,-1,-1
201501HT21040,1,11,0,18,0,1,0,0,0,0,0,1,1,2,39,7,4500,2,-1,-1,1,-1
201501HT21041,1,9,0,18,0,1,0,0,0,0,1,1,6,3,-1,-1,-1,-1,-1,-1,-1,-1
201501HT21042,1,1,0,4,0,2,0,0,0,0,2,1,2,2,43,7,-1,-1,-1,-1,1,-1
201501HT21042,2,9,0,18,0,2,0,0,0,0,1,1,6,2,-1,-1,1686,2,5,-1,-1,-1
201501HT21043,1,9,0,7,0,2,0,0,0,0,1,1,6,1,23,5,1798,1,9,-1,1,-1
201501HT21043,2,8,0,3,0,1,0,0,0,0,3,1,6,1,58,9,1968,2,1,-1,1,-1
201501HT21045,1,9,0,18,0,8,0,0,0,0,1,1,6,1,20,4,1496,2,-1,-1,1,-1
201501HT21045,2,9,0,18,0,8,0,0,0,0,4,1,6,1,50,8,1797,8,5,-1,1,-1
201501HT21046,1,1,0,3,0,0,0,0,0,0,3,1,2,2,29,6,-1,-1,-1,-1,-1,-1
201501HT21046,2,9,0,14,0,0,0,0,0,0,4,1,6,1,-1,-1,-1,-1,-1,-1,-1,-1
201501HT21048,1,5,0,18,0,1,0,0,0,0,4,1,1,1,36,7,1200,1,30,-1,1,-1
201501HT21048,2,9,0,12,0,1,0,0,0,0,3,1,6,3,-1,-1,1497,8,7,-1,-1,-1
201501HT21049,1,9,0,9,0,8,0,0,0,0,1,1,2,1,27,6,1598,2,2,-1,1,-1
201501HT21049,2,1,0,18,0,8,0,0,0,0,1,1,6,1,41,7,-1,-1,-1,-1,1,-1
201501HT21050,1,4,0,3,0,1,0,0,0,0,2,1,6,1,-1,-1,659,1,6,-1,1,-1
201501HT21050,2,9,0,18,0,1,0,0,0,0,1,1,6,1,-1,-1,2188,2,14,-1,1,-1
201501HT21051,1,9,0,18,0,0,0,0,0,0,4,1,6,3,-1,-1,-1,-1,-1,-1,-1,-1
201501HT21052,1,3,0,18,0,1,0,0,0,0,3,1,1,1,19,4,108,1,-1,-1,1,-1
201501HT21053,1,90,0,1,0,1,0,0,0,0,2,1,1,1,-1,-1,2464,2,6,-1,-1,-1
201501HT21054,1,9,0,9,0,8,0,0,0,0,1,1,6,1,24,5,1995,1,8,-1,1,-1
201501HT21054,2,3,0,18,0,8,0,0,0,0,4,1,1,1,41,7,125,1,-1,-1,1,-1
201501HT21055,1,19,0,18,0,1,0,0,0,0,1,1,1,1,57,9,1968,2,-1,-1,2,-1
201501HT21055,2,9,0,7,0,1,0,0,0,0,2,1,6,2,35,6,1797,8,4,-1,1,-1
201501HT21056,1,4,0,16,0,0,0,0,0,0,1,1,2,1,44,7,800,1,4,-1,1,-1
201501HT21056,2,9,0,17,0,0,0,0,0,0,1,1,6,3,-1,-1,-1,-1,-1,-1,-1,-1
201501HT21057,1,3,0,18,0,0,0,0,0,0,3,1,2,1,25,5,-1,-1,-1,-1,1,-1
201501HT21057,2,19,0,13,0,0,0,0,0,0,4,1,1,1,42,7,-1,-1,-1,-1,1,-1
201501HT21058,1,19,0,18,0,8,0,0,0,0,1,1,6,1,27,6,1560,2,1,-1,1,-1
201501HT21058,2,9,0,9,0,8,0,0,0,0,4,1,6,1,43,7,-1,-1,-1,-1,1,-1
201501HT21059,1,9,0,3,0,1,0,0,0,0,2,1,2,1,42,7,1598,1,10,-1,1,-1
201501HT21059,2,11,0,4,0,1,1,0,0,0,1,1,1,1,47,8,4500,2,6,-1,1,-1
201501HT21060,1,20,0,9,0,8,0,0,0,0,3,1,2,1,31,6,2977,2,9,-1,1,-1
201501HT21060,2,5,0,13,0,8,0,0,0,0,4,1,6,1,47,8,-1,-1,-1,-1,1,-1
201501HT21061,1,3,0,18,0,1,0,0,0,0,3,1,1,1,35,6,125,1,8,-1,1,-1
201501HT21061,2,9,0,13,0,1,0,0,0,0,4,1,6,2,21,5,998,1,3,-1,1,-1
201501HT21062,1,9,0,9,0,1,0,0,0,0,3,1,6,2,35,6,2179,2,12,-1,1,-1
201501HT21062,2,3,0,13,0,1,0,0,0,0,4,1,1,1,38,7,-1,-1,-1,-1,1,-1
201501HT21063,1,9,0,18,0,0,0,0,0,0,1,1,6,2,34,6,1995,1,5,-1,1,-1
201501HT21064,1,8,0,14,0,1,0,0,0,0,1,1,1,1,-1,-1,2402,2,11,-1,1,-1
201501HT21065,1,9,0,9,0,8,0,0,0,0,1,1,2,1,39,7,2993,2,6,-1,1,-1
201501HT21065,2,5,0,18,0,8,0,0,0,0,3,1,1,1,43,7,670,1,2,-1,1,-1
201501HT21066,1,19,0,5,0,2,0,0,0,0,2,1,6,1,44,7,2198,2,3,-1,1,-1
201501HT21067,1,9,0,9,0,8,0,0,0,0,1,1,2,2,27,6,1242,1,2,-1,1,-1
201501HT21067,2,1,0,18,0,8,0,0,0,0,3,1,2,1,42,7,-1,-1,-1,-1,1,-1
201501HT21068,1,9,0,9,0,8,0,0,0,0,3,1,2,1,25,5,1598,1,7,-1,-1,-1
201501HT21068,2,1,0,18,0,8,0,0,0,0,1,1,6,1,47,8,-1,-1,-1,-1,-1,-1
201501HT21069,1,9,0,18,0,8,0,0,0,0,1,1,6,1,20,4,1598,1,10,-1,1,-1
201501HT21069,2,9,0,18,0,8,0,0,0,0,4,1,6,1,26,6,1422,2,-1,-1,1,-1
201501HT21070,1,9,0,18,0,2,0,0,0,0,1,1,6,1,54,8,1796,1,11,-1,1,-1
201501HT21071,1,9,0,4,0,0,0,0,0,0,2,1,6,1,52,8,1900,2,9,-1,1,-1
201501HT21071,2,19,0,18,0,0,0,0,0,0,1,1,6,1,30,6,2143,2,6,-1,-1,-1
201501HT21072,1,9,0,9,0,8,0,0,0,0,1,1,6,1,50,8,1797,8,4,-1,1,-1
201501HT21072,2,5,0,18,0,8,0,0,0,0,1,1,6,1,33,6,-1,-1,-1,-1,1,-1
201501HT21073,1,1,0,18,0,8,0,0,0,0,3,1,2,1,35,6,-1,-1,-1,-1,1,-1
201501HT21073,2,9,0,9,0,8,0,0,0,0,1,1,6,1,50,8,3200,1,11,-1,-1,-1
201501HT21074,1,9,0,9,0,8,0,0,0,0,1,1,6,2,33,6,1686,2,10,-1,1,-1
201501HT21074,2,1,0,18,0,8,0,0,0,0,1,1,6,1,52,8,-1,-1,-1,-1,1,-1