Accident_Index,Vehicle_Reference,Vehicle_Type,Towing_and_Articulation,Vehicle_Manoeuvre,Vehicle_Location-Restricted_Lane,Junction_Location,Skidding_and_Overturning,Hit_Object_in_Carriageway,Vehicle_Leaving_Carriageway,Hit_Object_off_Carriageway,1st_Point_of_Impact,Was_Vehicle_Left_Hand_Drive?,Journey_Purpose_of_Driver,Sex_of_Driver,Age_of_Driver,Age_Band_of_Driver,Engine_Capacity_(CC),Propulsion_Code,Age_of_Vehicle,Driver_IMD_Decile,Driver_Home_Area_Type,Vehicle_IMD_Decile
201501HT29033,2,9,0,18,0,0,0,0,0,0,1,1,6,1,30,6,1799,1,9,-1,-1,-1
201501HT29122,1,11,0,18,0,0,0,8,0,0,1,1,1,1,38,7,4500,2,1,-1,1,-1
201501HT29122,2,9,0,2,0,0,0,0,0,0,3,1,6,1,41,7,2179,2,2,-1,1,-1
201501HT29193,1,9,0,3,0,1,0,0,0,0,2,1,6,1,46,8,1968,2,1,-1,1,-1
201501HT29193,2,9,0,18,0,1,0,0,0,0,1,1,6,1,-1,-1,1910,2,9,-1,-1,-1
201501HT29292,1,3,0,18,2,0,0,0,0,0,3,1,6,1,35,6,125,1,8,-1,1,-1
201501HT29292,2,9,0,11,2,0,0,0,0,0,4,1,6,1,-1,-1,-1,-1,-1,-1,-1,-1
201501ID60001,1,9,0,7,0,8,0,0,0,0,1,1,6,2,23,5,-1,-1,-1,-1,1,-1
201501ID60001,2,9,0,3,0,8,0,0,0,0,3,1,6,1,53,8,-1,-1,-1,-1,1,-1
201501ID60002,1,9,0,18,0,8,0,0,0,0,1,1,6,1,34,6,1796,1,13,-1,1,-1
201501ID60002,2,9,0,18,0,8,0,0,0,0,3,1,6,2,40,7,-1,-1,-1,-1,1,-1
201501ID60002,3,9,0,18,0,8,0,0,0,0,3,1,6,1,44,7,1560,2,3,-1,3,-1
201501ID60003,1,9,0,18,0,0,0,0,0,0,1,1,2,1,22,5,1984,1,5,-1,1,-1
201501ID60006,1,9,0,7,0,8,0,10,1,1,3,1,6,1,45,7,1998,1,13,-1,1,-1
201501ID60006,2,21,0,18,0,8,0,7,3,2,1,1,1,1,48,8,-1,-1,-1,-1,1,-1
201501ID60008,1,9,0,9,0,8,0,7,0,0,4,1,1,1,64,9,-1,-1,-1,-1,1,-1
201501ID60008,2,9,0,18,0,8,0,0,0,0,1,1,1,1,52,8,1400,1,9,-1,1,-1
201501ID60010,1,21,0,4,0,0,0,0,0,0,2,1,1,1,40,7,6871,2,1,-1,1,-1
201501ID60010,2,9,0,3,0,0,0,0,0,0,2,1,6,1,40,7,998,1,7,-1,1,-1
201501ID60010,3,8,0,3,0,0,0,0,0,0,1,1,6,1,52,8,1798,8,1,-1,-1,-1
201501ID60012,1,9,0,3,0,0,0,0,0,0,2,1,6,1,47,8,2143,2,-1,-1,-1,-1
201501ID60012,2,9,0,18,0,0,0,0,0,0,1,1,6,1,43,7,1242,1,6,-1,1,-1
201501ID60013,1,11,0,18,0,2,0,0,0,0,1,1,1,1,53,8,9000,2,5,-1,1,-1
201501ID60013,2,9,0,13,0,2,0,0,0,0,2,1,6,1,31,6,1968,2,4,-1,1,-1
201501ID60016,1,9,0,4,0,2,0,4,0,0,1,1,6,1,54,8,2987,2,9,-1,1,-1
201501ID60020,1,9,0,16,0,0,0,10,1,1,3,1,6,1,27,6,3799,1,1,-1,1,-1
201501ID60024,1,9,0,17,0,0,0,10,1,10,1,1,6,1,19,4,1598,1,3,-1,1,-1
201501ID60027,1,9,0,16,0,8,0,0,0,0,1,1,1,1,44,7,1596,1,12,-1,1,-1
201501ID60027,2,11,0,16,0,8,0,0,0,0,3,1,1,1,52,8,-1,-1,-1,-1,2,-1
201501ID60031,1,9,0,3,0,0,0,0,0,0,0,1,1,1,53,8,2143,2,1,-1,-1,-1
201501ID60031,2,9,0,3,0,0,0,0,0,0,2,1,6,1,21,5,998,1,1,-1,1,-1
201501ID60031,3,8,0,18,0,0,0,0,0,0,1,1,1,1,73,10,-1,-1,-1,-1,1,-1
201501ID60032,1,9,0,9,0,8,0,0,0,0,1,1,6,1,30,6,-1,-1,-1,-1,-1,-1
201501ID60032,2,9,0,18,0,8,0,0,0,0,1,1,6,1,27,6,2000,2,10,-1,1,-1
201501ID60033,1,9,0,18,0,3,0,0,0,0,0,1,6,1,67,10,1968,2,-1,-1,-1,-1
201501ID60033,2,2,0,18,8,8,1,0,0,0,0,1,2,1,56,9,49,1,7,-1,1,-1
201501ID60034,1,9,0,18,0,0,1,0,0,0,1,1,2,1,49,8,1061,1,12,-1,-1,-1
201501ID60034,2,9,0,18,0,0,0,0,0,0,4,1,1,1,32,6,1560,2,4,-1,1,-1
201501ID60035,1,9,0,18,0,8,0,0,0,0,1,1,6,1,52,8,2148,2,10,-1,1,-1
201501ID60035,2,1,0,9,0,8,0,0,0,0,4,1,6,1,36,7,-1,-1,-1,-1,1,-1
201501ID60036,1,8,0,18,0,0,0,0,0,0,2,1,1,2,51,8,1753,2,8,-1,1,-1
201501ID60036,2,9,0,18,0,0,0,0,0,0,2,1,6,1,53,8,2776,2,7,-1,1,-1
201501ID60036,3,9,0,18,0,0,0,0,0,0,1,1,6,2,35,6,-1,-1,-1,-1,-1,-1
201501ID60040,1,8,0,5,0,1,0,0,0,0,2,1,1,1,58,9,2664,2,15,-1,1,-1
201501ID60040,2,9,0,5,0,1,0,0,0,0,1,1,6,1,31,6,998,1,8,-1,1,-1
201501ID60042,1,5,0,17,0,0,0,0,0,0,3,1,6,1,27,6,599,1,8,-1,1,-1
201501ID60045,1,11,0,9,0,8,0,0,0,0,0,1,1,1,58,9,6700,2,6,-1,1,-1
201501ID60047,1,8,0,12,0,0,0,0,0,0,3,1,1,1,65,9,1997,2,1,-1,-1,-1
201501ID60047,2,11,0,18,0,0,0,0,0,0,4,1,1,1,51,8,4461,2,-1,-1,1,-1
201501ID60048,1,3,0,18,0,1,0,0,0,0,4,1,1,1,18,4,109,1,-1,-1,1,-1
201501ID60050,1,11,0,3,0,1,0,0,0,0,2,1,1,1,45,7,9360,2,4,-1,1,-1
201501ID60050,2,11,0,5,0,1,0,0,0,0,1,1,1,1,65,9,9000,2,5,-1,1,-1
201501ID60052,1,9,0,18,0,0,0,0,0,0,2,1,6,1,27,6,1999,1,10,-1,1,-1
201501ID60052,2,9,0,18,0,0,0,0,0,0,1,1,6,1,-1,-1,1796,1,15,-1,-1,-1
201501ID60054,1,9,0,3,0,1,0,0,0,0,2,1,1,2,38,7,-1,-1,-1,-1,1,-1
201501ID60054,2,9,0,18,0,1,0,0,0,0,1,1,6,1,26,6,2143,2,-1,-1,1,-1
201501ID60057,1,9,0,18,0,0,1,10,4,2,1,1,6,1,26,6,2996,1,10,-1,1,-1
201501ID60058,1,11,0,4,0,0,0,0,0,0,0,1,1,1,48,8,9000,2,6,-1,-1,-1
201501ID60061,1,8,0,6,0,0,0,0,0,0,3,1,1,1,50,8,2143,2,3,-1,2,-1
201501ID60061,2,3,0,18,0,0,0,0,0,0,1,1,6,1,25,5,124,1,6,-1,1,-1
201501ID60062,1,9,0,9,0,8,0,0,0,0,4,1,6,1,57,9,-1,-1,-1,-1,1,-1
201501ID60062,2,9,0,15,0,8,0,0,0,0,1,1,6,1,48,8,1598,2,4,-1,1,-1
201501ID60063,1,9,0,17,0,8,0,0,0,0,1,1,6,1,28,6,1229,1,7,-1,1,-1
201501ID60063,2,9,0,16,0,8,0,0,0,0,1,1,6,2,-1,-1,1984,1,5,-1,3,-1
201501ID60065,1,9,0,18,0,8,0,0,0,0,3,1,6,1,23,5,2204,2,7,-1,1,-1
201501ID60065,2,9,0,9,0,8,0,0,0,0,1,1,6,1,26,6,1595,1,9,-1,1,-1
201501ID60066,1,3,0,9,0,8,1,0,0,0,0,1,2,1,34,6,125,1,2,-1,1,-1
201501ID60068,1,9,0,18,0,0,0,0,0,0,1,1,6,1,-1,-1,1587,1,15,-1,-1,-1
201501ID60068,2,9,0,18,0,0,0,0,0,0,2,1,6,1,68,10,1598,1,16,-1,1,-1
201501ID60068,3,8,0,4,0,0,0,0,0,0,2,1,6,1,-1,-1,1997,2,7,-1,-1,-1
201501ID60070,1,1,0,18,0,8,0,0,0,0,3,1,6,2,42,7,-1,-1,-1,-1,1,-1
201501ID60070,2,19,0,7,0,8,0,0,0,0,1,1,1,1,36,7,2198,2,8,-1,1,-1
201501ID60072,1,9,0,2,0,8,0,0,0,0,1,1,6,2,20,4,1995,2,4,-1,1,-1
201501ID60072,2,9,0,4,0,8,0,0,0,0,1,1,6,1,39,7,1968,2,1,-1,1,-1
201501ID60073,1,9,0,4,0,0,0,0,0,0,2,1,6,2,68,10,1686,2,1,-1,-1,-1
201501ID60073,2,3,0,18,0,0,0,0,0,0,1,1,1,1,48,8,125,1,3,-1,1,-1
201501ID60074,1,9,0,6,0,0,0,0,0,0,3,1,6,1,62,9,1796,1,14,-1,1,-1
201501ID60074,2,3,0,18,0,0,0,0,0,0,1,1,2,1,19,4,125,1,-1,-1,1,-1
201501ID60075,1,9,0,9,0,8,0,0,0,0,1,1,6,1,26,6,1400,1,15,-1,1,-1
201501ID60075,2,8,0,18,0,8,0,0,0,0,3,1,6,1,46,8,1686,2,5,-1,1,-1
201501ID60078,1,9,0,9,0,8,0,0,0,0,4,1,6,1,39,7,1339,8,2,-1,1,-1
201501ID60079,1,9,0,18,0,1,0,0,0,0,1,1,6,1,40,7,1560,2,1,-1,-1,-1
201501ID60079,2,9,0,3,0,1,0,0,0,0,2,1,6,1,21,5,1596,1,8,-1,1,-1
201501ID60082,1,9,0,18,0,8,0,0,0,0,1,1,6,1,49,8,1596,1,11,-1,-1,-1
201501ID60082,2,1,0,18,0,8,0,0,0,0,2,1,6,1,54,8,-1,-1,-1,-1,1,-1
201501ID60083,1,8,0,18,0,8,0,0,0,0,4,1,1,1,31,6,1968,2,1,-1,1,-1
201501ID60083,2,9,0,18,0,8,0,0,0,0,1,1,6,1,-1,-1,1956,2,6,-1,1,-1
201501ID60084,1,9,0,18,0,2,0,0,5,6,1,1,6,2,55,8,1999,1,14,-1,1,-1
201501ID60086,1,9,0,18,0,1,0,10,2,7,3,1,6,2,20,4,1149,1,14,-1,1,-1
201501ID60086,2,8,0,18,0,1,0,0,0,0,3,1,6,1,33,6,2497,2,3,-1,1,-1
201501ID60086,3,9,0,10,0,1,0,0,0,0,4,1,6,2,60,9,1198,1,6,-1,1,-1
201501ID60087,1,10,0,4,0,6,0,0,0,0,2,1,1,1,51,8,2198,2,2,-1,1,-1
201501ID60087,2,9,0,18,0,1,0,0,0,0,1,1,6,1,-1,-1,1900,2,12,-1,-1,-1
201501ID60088,1,9,0,3,0,1,1,0,0,0,2,1,6,1,40,7,1796,1,12,-1,1,-1
201501ID60088,2,19,0,18,0,1,0,0,0,0,1,1,6,1,20,4,1753,2,9,-1,1,-1
201501ID60089,1,8,0,18,0,2,0,0,0,0,4,1,1,2,48,8,2143,2,-1,-1,1,-1
201501ID60089,2,9,0,12,0,2,0,0,4,6,3,1,6,1,22,5,1968,2,-1,-1,1,-1
201501ID60090,1,9,0,18,0,1,0,0,0,0,4,1,6,1,21,5,1395,1,-1,-1,1,-1
201501ID60090,2,9,0,12,0,1,0,0,0,0,3,1,6,2,25,5,1598,1,1,-1,1,-1
201501ID60092,1,9,0,14,0,1,0,0,0,0,1,1,6,2,26,6,998,1,13,-1,-1,-1
201501ID60094,1,9,0,4,0,1,0,0,0,0,2,1,6,1,54,8,1797,8,4,-1,1,-1
201501ID60094,2,9,0,18,0,1,0,0,0,0,1,1,6,1,52,8,1686,2,1,-1,1,-1
201501ID60095,1,9,0,4,0,1,0,0,0,0,1,1,6,2,31,6,1242,1,1,-1,-1,-1
201501ID60095,2,8,0,4,0,1,0,0,0,0,2,1,1,1,37,7,1800,8,4,-1,-1,-1
201501ID60095,3,8,0,4,0,1,0,0,0,0,2,1,1,1,42,7,-1,-1,-1,-1,1,-1
201501JC03041,1,9,0,9,0,0,0,0,0,0,4,1,1,1,29,6,1598,1,10,-1,1,-1
201501JC03041,2,3,0,18,0,0,0,0,0,0,1,1,1,1,33,6,124,1,17,-1,1,-1
201501JC30001,1,9,0,18,0,8,0,0,0,0,1,1,6,1,52,8,2184,2,11,-1,1,-1
201501JC30001,2,9,0,9,0,8,0,0,0,0,1,1,6,1,-1,-1,1995,2,10,-1,-1,-1
201501JC30002,1,5,0,15,0,0,0,0,0,0,1,1,6,1,26,6,750,1,15,-1,1,-1
201501JC30002,2,19,0,11,0,0,0,0,0,0,4,1,6,1,-1,-1,1598,7,13,-1,1,-1
201501JC30003,1,19,0,18,0,8,0,0,0,0,1,1,1,1,25,5,2198,2,6,-1,1,-1
201501JC30003,2,9,0,18,0,8,0,0,0,0,4,1,6,2,70,10,1999,1,11,-1,1,-1
201501JC30004,1,9,0,18,0,8,0,0,0,0,4,1,6,1,37,7,-1,-1,-1,-1,1,-1
201501JC30004,2,9,0,7,0,8,0,0,0,0,1,1,6,2,44,7,-1,-1,-1,-1,-1,-1
201501JC30005,1,9,0,2,0,0,0,0,0,0,3,1,6,1,38,7,2401,2,9,-1,1,-1
201501JC30005,2,9,0,18,0,0,0,4,0,0,4,1,6,3,-1,-1,1799,1,8,-1,-1,-1
201501JC30006,1,9,0,9,0,8,0,0,0,0,4,1,6,2,30,6,1339,1,10,-1,1,-1
201501JC30006,2,5,0,18,0,8,0,0,0,0,1,1,6,1,26,6,599,1,11,-1,1,-1
201501JC30007,1,1,0,18,0,1,0,0,0,0,1,1,2,1,34,6,-1,-1,-1,-1,1,-1
201501JC30007,2,9,0,9,0,2,0,0,0,0,1,1,6,1,-1,-1,2143,2,1,-1,1,-1
201501JC30008,1,9,0,4,0,1,0,0,0,0,2,1,6,1,31,6,3199,1,9,-1,1,-1
201501JC30008,2,3,0,4,0,1,0,0,0,0,1,1,6,1,25,5,85,1,29,-1,1,-1
201501JC30009,1,10,0,5,0,1,0,0,0,0,0,1,1,1,-1,-1,-1,-1,-1,-1,-1,-1
201501JC30010,1,9,0,10,0,1,0,0,0,0,2,1,6,1,20,4,-1,-1,-1,-1,1,-1
201501JC30010,2,9,0,18,0,1,0,0,0,0,1,1,6,1,-1,-1,1995,2,4,-1,1,-1
201501JC30011,1,11,0,3,0,0,0,0,0,0,0,1,1,1,64,9,3900,2,12,-1,1,-1
201501JC30012,1,9,0,18,0,0,0,10,1,10,1,1,6,1,27,6,-1,-1,-1,-1,1,-1
201501JC30013,1,1,0,18,0,8,0,0,0,0,4,1,6,1,42,7,-1,-1,-1,-1,1,-1
201501JC30013,2,9,0,5,0,8,0,0,0,0,1,1,6,3,-1,-1,-1,-1,-1,-1,-1,-1
201501JC30014,1,3,0,13,0,8,0,0,0,0,1,1,6,1,41,7,-1,-1,-1,-1,1,-1
201501JC30014,2,9,0,9,0,8,0,0,0,0,3,1,6,1,-1,-1,2143,2,4,-1,-1,-1
201501JC30015,1,11,0,4,0,2,0,0,0,0,0,1,1,1,55,8,8268,2,12,-1,1,-1
201501JC30016,1,19,0,8,0,1,0,0,0,0,2,1,2,1,50,8,-1,-1,-1,-1,1,-1
201501JC30016,2,9,0,18,0,1,0,0,0,0,1,1,6,1,-1,-1,1392,1,23,-1,-1,-1
201501JC30017,1,3,0,18,0,1,0,0,0,0,0,1,6,1,28,6,125,1,5,-1,1,-1
201501JC30017,2,9,0,6,0,2,0,0,0,0,0,1,6,1,35,6,-1,-1,-1,-1,1,-1
201501JC30018,1,9,0,11,0,0,0,0,0,0,2,1,6,2,28,6,1198,1,9,-1,1,-1
201501JC30018,2,9,0,18,0,0,0,0,0,0,2,1,6,2,41,7,-1,-1,-1,-1,1,-1
201501JC30018,3,9,0,18,0,0,0,0,0,0,1,1,6,3,-1,-1,-1,-1,-1,-1,-1,-1
201501JC30020,1,9,0,9,0,8,0,0,0,0,1,1,6,2,38,7,1998,1,11,-1,1,-1
201501JC30020,2,5,0,14,0,8,0,0,0,0,1,1,6,1,32,6,-1,-1,-1,-1,1,-1
201501JC30021,1,9,0,9,0,8,0,0,0,0,4,1,6,1,33,6,-1,-1,-1,-1,1,-1
201501JC30021,2,9,0,9,0,2,0,0,0,0,1,1,6,3,-1,-1,-1,-1,-1,-1,-1,-1
201501JC30022,1,9,0,18,0,1,0,0,0,0,1,1,6,2,21,5,1596,1,7,-1,1,-1
201501JC30022,2,9,0,4,0,1,0,0,0,0,2,1,6,1,40,7,1968,2,6,-1,1,-1
201501JC30023,1,11,0,4,0,2,0,0,0,0,1,1,1,3,-1,-1,-1,-1,-1,-1,-1,-1
201501JC30025,1,9,0,18,0,8,0,0,0,0,4,1,6,1,51,8,1296,1,7,-1,1,-1
201501JC30025,2,9,0,9,0,8,0,0,0,0,1,1,6,1,28,6,-1,-1,-1,-1,1,-1
201501JC30026,1,9,0,18,0,2,0,0,0,0,1,1,6,1,50,8,2987,2,9,-1,1,-1
201501JC30028,1,9,0,9,0,8,0,0,0,0,4,1,6,1,39,7,1998,1,15,-1,1,-1
201501JC30028,2,1,0,18,0,8,0,0,0,0,1,1,6,2,-1,-1,-1,-1,-1,-1,-1,-1
201501JC30029,1,9,0,3,0,1,0,0,0,0,4,1,1,1,51,8,1796,1,6,-1,1,-1
201501JC30029,2,1,0,15,4,1,0,8,0,0,1,1,6,1,35,6,-1,-1,-1,-1,1,-1
201501JC30031,1,1,0,18,0,8,0,0,0,0,1,1,6,1,27,6,-1,-1,-1,-1,1,-1
201501JC30031,2,9,0,9,0,8,0,0,0,0,3,1,6,1,-1,-1,-1,-1,-1,-1,-1,-1
201501JC30032,1,11,0,18,0,1,0,0,0,0,1,1,1,1,41,7,9000,2,5,-1,-1,-1
201501JC30033,1,9,0,9,0,8,0,0,0,0,3,1,6,1,52,8,1598,1,5,-1,1,-1
201501JC30033,2,1,0,18,0,8,0,0,0,0,1,1,6,2,43,7,-1,-1,-1,-1,1,-1
201501JC30034,1,9,0,2,0,0,0,0,0,0,3,1,6,1,41,7,1149,1,13,-1,1,-1
201501JC30034,2,1,0,18,0,0,0,8,0,0,1,1,2,2,36,7,-1,-1,-1,-1,1,-1
201501JC30035,1,1,0,18,0,8,0,0,0,0,4,1,6,1,36,7,-1,-1,-1,-1,1,-1
201501JC30035,2,9,0,9,0,8,0,0,0,0,1,1,6,1,-1,-1,1560,2,4,-1,-1,-1
201501JC30036,1,9,0,3,0,1,0,0,0,0,2,1,6,1,49,8,1968,2,3,-1,1,-1
201501JC30036,2,19,0,3,0,1,0,0,0,0,2,1,1,1,49,8,1753,2,7,-1,1,-1
201501JC30036,3,9,0,3,0,1,0,0,0,0,2,1,6,2,36,7,2993,2,1,-1,1,-1
201501JC30036,4,9,0,18,0,1,0,0,0,0,1,1,6,1,48,8,2987,2,3,-1,1,-1
201501JC30038,1,19,0,4,0,0,0,0,0,0,1,1,6,1,22,5,1461,2,2,-1,1,-1
201501JC30038,2,9,0,4,0,0,0,0,0,0,2,1,6,1,48,8,2204,2,7,-1,3,-1
201501JC30039,1,9,0,3,0,0,0,0,0,0,2,1,1,1,33,6,1339,1,11,-1,1,-1
201501JC30039,2,19,0,18,0,0,0,0,0,0,1,1,6,1,-1,-1,1753,2,10,-1,-1,-1
201501JC30042,1,9,0,3,0,2,0,0,0,0,2,1,6,2,22,5,973,1,18,-1,1,-1
201501JC30042,2,9,0,18,0,2,0,0,0,0,1,1,6,2,-1,-1,1999,1,12,-1,-1,-1
201501JC30043,1,8,0,4,0,0,0,0,0,0,2,1,1,1,33,6,998,1,1,-1,-1,-1
201501JC30043,2,9,0,18,0,0,0,0,0,0,1,1,6,2,21,5,-1,-1,-1,-1,1,-1
201501JC30045,1,3,0,18,0,1,1,0,0,0,1,1,6,1,32,6,124,1,11,-1,1,-1
201501JC30045,2,19,0,3,0,1,0,0,0,0,2,1,6,1,33,6,1870,2,12,-1,1,-1
201501JC30047,1,9,0,18,0,1,0,0,0,0,1,1,2,1,42,7,1997,2,11,-1,1,-1
201501JC30047,2,9,0,9,0,1,0,0,0,0,2,1,6,2,45,7,-1,-1,-1,-1,1,-1
201501JC30048,1,9,0,18,0,1,0,0,0,0,2,1,2,2,37,7,1360,1,12,-1,1,-1
201501JC30048,2,9,0,18,0,1,0,0,0,0,1,1,6,1,-1,-1,1995,2,13,-1,1,-1
201501JC30049,1,9,0,3,0,1,0,0,0,0,2,1,6,1,23,5,2143,2,4,-1,1,-1
201501JC30049,2,9,0,4,0,1,0,0,0,0,1,1,6,2,51,8,1390,1,2,-1,1,-1
201501JC30050,1,2,0,18,0,8,0,0,0,0,1,1,2,2,67,10,-1,-1,-1,-1,1,-1
201501JC30050,2,9,0,9,0,8,0,0,0,0,3,1,3,1,48,8,1598,1,9,-1,1,-1
201501JC30052,1,9,0,9,0,2,0,0,0,0,1,1,6,1,33,6,1798,1,7,-1,1,-1
201501JC30053,1,5,0,18,0,0,0,0,0,0,3,1,2,1,40,7,652,1,12,-1,1,-1
201501JC30053,2,9,0,12,0,0,0,0,0,0,0,1,2,1,42,7,1896,2,18,-1,1,-1
201501JC30054,1,9,0,18,0,2,0,0,0,0,1,1,6,1,73,10,2497,1,13,-1,1,-1
201501JC30055,1,9,0,9,0,8,0,0,0,0,4,1,6,1,24,5,998,1,8,-1,1,-1
201501JC30055,2,1,0,18,0,8,0,0,0,0,1,1,6,1,52,8,-1,-1,-1,-1,1,-1
201501JC30057,1,1,0,18,0,8,0,0,0,0,4,1,6,1,23,5,-1,-1,-1,-1,1,-1
201501JC30057,2,9,0,7,0,6,0,0,0,0,1,1,6,1,-1,-1,1796,1,6,-1,-1,-1
201501JC30058,1,19,0,18,0,8,0,0,0,0,4,1,1,1,28,6,2198,2,2,-1,1,-1
201501JC30058,2,9,0,18,0,8,0,0,0,0,3,1,6,1,25,5,1596,1,6,-1,1,-1
201501JC30059,1,9,0,18,0,0,5,0,0,0,3,1,6,3,-1,-1,-1,-1,-1,-1,-1,-1
201501JC30059,2,8,0,2,0,0,0,0,0,0,4,1,1,1,38,7,1497,8,8,-1,1,-1
201501JC30059,3,19,0,18,0,0,0,0,0,0,3,1,1,1,35,6,2143,2,4,-1,-1,-1
201501JC30060,1,9,0,18,0,0,0,0,0,0,1,1,6,1,32,6,1997,2,12,-1,-1,-1
201501JC30061,1,9,0,5,0,0,0,0,0,0,1,1,6,2,53,8,1388,1,7,-1,1,-1
201501JC30061,2,9,0,18,0,0,0,0,0,0,1,1,6,2,48,8,1598,1,12,-1,1,-1
201501JC30064,1,9,0,3,0,1,0,0,0,0,2,1,6,1,21,5,3222,2,12,-1,1,-1
201501JC30064,2,9,0,18,0,1,0,0,0,0,1,1,6,3,-1,-1,-1,-1,-1,-1,-1,-1
201501JC30066,1,9,0,18,0,2,0,0,0,0,4,1,6,3,-1,-1,1390,1,4,-1,-1,-1
201501JC30066,2,3,0,2,0,2,0,0,0,0,3,1,6,3,-1,-1,176,1,14,-1,-1,-1
201501JC30067,1,9,0,3,0,1,0,0,0,0,2,1,6,1,32,6,2996,2,4,-1,-1,-1
201501JC30067,2,9,0,18,0,1,0,0,0,0,1,1,6,2,-1,-1,2993,2,3,-1,-1,-1
201501JC30069,1,21,0,5,0,0,0,0,0,0,1,1,1,1,37,7,12777,2,7,-1,1,-1
201501JC30069,2,1,0,4,0,0,0,0,0,0,2,1,2,2,38,7,-1,-1,-1,-1,1,-1
201501JC30070,1,19,0,1,5,2,0,0,0,0,2,1,1,1,42,7,2198,2,1,-1,1,-1
201501JC30072,1,9,0,5,0,8,0,0,0,0,4,1,6,1,51,8,1497,8,10,-1,1,-1
201501JC30072,2,9,0,2,0,8,0,0,0,0,0,1,6,2,47,8,2720,2,7,-1,1,-1
201501JC30074,1,9,0,18,0,8,0,0,0,0,3,1,6,1,30,6,1390,1,7,-1,1,-1
201501JC30074,2,19,0,18,0,8,0,0,0,0,1,1,1,2,25,5,-1,-1,-1,-1,1,-1
201501JC30077,1,9,0,1,0,1,0,0,0,0,2,1,6,1,-1,-1,-1,-1,-1,-1,-1,-1
201501JC30079,1,9,0,9,0,2,0,0,0,0,4,1,6,1,26,6,-1,-1,-1,-1,1,-1
201501JC30080,1,9,0,9,0,8,0,0,0,0,3,1,6,2,29,6,1240,1,9,-1,1,-1
201501JC30080,2,9,0,3,0,8,0,0,0,0,3,1,6,1,66,10,1198,1,9,-1,1,-1
201501JC30080,3,2,0,13,0,8,0,0,0,0,1,1,6,1,32,6,124,1,1,-1,1,-1
201501JC30081,1,9,0,9,0,8,0,0,0,0,1,1,6,1,48,8,1769,1,13,-1,1,-1
201501JC30081,2,1,0,15,0,8,0,0,0,0,1,1,6,1,38,7,-1,-1,-1,-1,1,-1
201501JC30082,1,9,0,10,0,8,0,0,0,0,2,1,6,2,49,8,-1,-1,-1,-1,1,-1
201501JC30082,2,9,0,18,0,8,0,0,0,0,1,1,6,1,34,6,1598,1,13,-1,1,-1
201501JC30083,1,9,0,18,0,8,0,0,0,0,4,1,6,2,38,7,1984,1,13,-1,1,-1
201501JC30083,2,9,0,7,0,8,0,0,0,0,3,1,6,1,-1,-1,1896,2,13,-1,-1,-1
201501JC30084,1,9,0,9,0,8,0,0,0,0,3,1,6,1,19,4,-1,-1,-1,-1,1,-1
201501JC30084,2,9,0,18,0,8,0,0,0,0,1,1,6,1,24,5,1995,1,8,-1,1,-1
201501JC30085,1,9,0,10,0,8,0,0,0,0,2,1,6,2,39,7,1598,1,9,-1,1,-1
201501JC30085,2,9,0,18,0,8,0,0,0,0,1,1,6,3,-1,-1,-1,-1,-1,-1,-1,-1
201501JC30086,1,9,0,4,0,1,0,0,0,0,2,1,6,1,41,7,-1,-1,-1,-1,1,-1
201501JC30086,2,9,0,4,0,1,0,0,0,0,1,1,6,2,27,6,1596,1,9,-1,1,-1
201501JC30087,1,9,0,9,0,8,0,0,0,0,1,1,6,1,35,6,1753,2,7,-1,1,-1
201501JC30087,2,9,0,18,0,8,0,0,0,0,1,1,6,1,79,11,998,1,14,-1,1,-1
201501JC30088,1,9,0,18,0,1,0,0,0,0,1,1,6,1,31,6,1590,1,14,-1,1,-1
201501JC30088,2,9,0,3,0,1,0,0,0,0,2,1,6,1,32,6,1796,1,7,-1,1,-1
201501JC30090,1,1,0,18,0,8,0,0,0,0,3,1,2,1,30,6,-1,-1,-1,-1,1,-1
201501JC30090,2,9,0,7,0,8,0,0,0,0,4,1,6,3,-1,-1,-1,-1,-1,-1,-1,-1
201501JC30091,1,9,0,1,0,1,0,0,0,0,2,1,6,2,30,6,1910,2,9,-1,1,-1
201501JC30093,1,9,0,13,0,0,0,0,0,0,1,1,6,1,31,6,1598,1,11,-1,1,-1
201501JC30093,2,9,0,9,0,0,0,0,0,0,3,1,6,1,26,6,-1,-1,-1,-1,1,-1
201501JC30097,1,11,0,18,0,1,0,0,0,0,4,1,1,1,56,9,4500,2,3,-1,1,-1
201501JC30098,1,9,0,13,0,1,0,0,0,0,2,1,6,1,33,6,-1,-1,-1,-1,1,-1
201501JC30098,2,9,0,18,0,1,0,0,0,0,1,1,6,1,25,5,1686,2,10,-1,-1,-1
201501JC30099,1,9,0,18,0,0,0,0,0,0,3,1,6,1,32,6,1598,1,11,-1,1,-1
201501JC30099,2,1,0,18,0,0,0,0,0,0,3,1,6,1,38,7,-1,-1,-1,-1,1,-1
201501JC30100,1,9,0,9,0,8,0,0,0,0,1,1,6,3,-1,-1,-1,-1,-1,-1,-1,-1
201501JC30100,2,3,0,18,0,8,0,0,0,0,3,1,6,1,29,6,102,1,11,-1,1,-1
201501JC30101,1,8,0,9,0,1,0,0,0,0,3,1,1,1,58,9,-1,-1,-1,-1,1,-1
201501JC30101,2,3,0,13,0,1,0,0,0,0,1,1,2,1,38,7,-1,-1,-1,-1,1,-1
201501JC30102,1,9,0,18,0,1,0,10,1,2,4,1,6,1,30,6,1900,2,10,-1,1,-1
201501JC30103,1,8,0,18,0,0,0,0,0,0,1,1,6,3,-1,-1,1796,1,7,-1,-1,-1
201501JC30103,2,1,0,18,0,0,0,0,0,0,2,1,6,2,56,9,-1,-1,-1,-1,1,-1
201501JC30104,1,9,0,9,0,8,0,0,0,0,3,1,6,1,68,10,1998,2,10,-1,1,-1