Accident_Index,Vehicle_Reference,Vehicle_Type,Towing_and_Articulation,Vehicle_Manoeuvre,Vehicle_Location-Restricted_Lane,Junction_Location,Skidding_and_Overturning,Hit_Object_in_Carriageway,Vehicle_Leaving_Carriageway,Hit_Object_off_Carriageway,1st_Point_of_Impact,Was_Vehicle_Left_Hand_Drive?,Journey_Purpose_of_Driver,Sex_of_Driver,Age_of_Driver,Age_Band_of_Driver,Engine_Capacity_(CC),Propulsion_Code,Age_of_Vehicle,Driver_IMD_Decile,Driver_Home_Area_Type,Vehicle_IMD_Decile
201501JC30104,2,1,0,18,0,8,0,0,0,0,1,1,2,1,33,6,-1,-1,-1,-1,-1,-1
201501JC30106,1,3,0,13,0,8,0,0,0,0,1,1,6,1,19,4,124,1,7,-1,1,-1
201501JC30106,2,9,0,9,0,8,0,0,0,0,3,1,1,1,38,7,-1,-1,-1,-1,1,-1
201501JC30107,1,11,0,18,0,1,0,0,0,0,0,1,1,1,40,7,4500,2,-1,-1,1,-1
201501JC30108,1,9,0,9,0,1,0,0,0,0,2,1,6,3,-1,-1,1299,1,10,-1,-1,-1
201501JC30108,2,9,0,18,0,1,0,0,0,0,1,1,6,1,-1,-1,1242,1,5,-1,-1,-1
201501JC30110,1,9,0,18,0,1,0,0,0,0,1,1,6,3,-1,-1,-1,-1,-1,-1,-1,-1
201501JC30111,1,19,0,1,0,0,0,0,0,0,2,1,1,2,41,7,2494,2,7,-1,1,-1
201501JC30112,1,9,0,5,0,0,0,0,0,0,1,1,3,1,23,5,1598,1,5,-1,1,-1
201501JC30113,1,9,0,18,0,2,0,7,1,10,3,1,1,1,36,7,-1,-1,-1,-1,-1,-1
201501JC30114,1,9,0,7,0,1,0,0,0,0,2,1,1,2,42,7,1497,8,7,-1,1,-1
201501JC30114,2,9,0,3,0,1,0,0,0,0,2,1,6,1,49,8,1399,2,9,-1,1,-1
201501JC30114,3,9,0,3,0,1,0,0,0,0,2,1,1,1,29,6,-1,-1,-1,-1,2,-1
201501JC30114,4,9,0,18,0,1,0,0,0,0,1,1,6,2,34,6,-1,-1,-1,-1,1,-1
201501JC30115,1,9,0,3,0,0,0,0,0,0,2,1,6,1,31,6,1797,1,17,-1,1,-1
201501JC30115,2,9,0,18,0,0,0,0,0,0,1,1,6,2,-1,-1,1362,1,2,-1,1,-1
201501JC30116,1,9,0,1,0,1,0,0,0,0,3,1,6,2,45,7,1388,1,5,-1,2,-1
201501JC30116,2,9,0,9,0,2,0,0,0,0,3,1,1,1,51,8,1598,1,4,-1,1,-1
201501JC30117,1,9,0,18,0,1,0,0,0,0,1,1,6,2,36,7,1388,1,4,-1,1,-1
201501JC30118,1,3,0,18,0,1,0,0,0,0,4,1,2,1,20,4,108,1,3,-1,1,-1
201501JC30118,2,9,0,18,0,1,0,0,0,0,1,1,6,3,-1,-1,-1,-1,-1,-1,-1,-1
201501JC30119,1,9,0,17,0,0,0,0,0,0,1,1,6,1,42,7,1686,2,4,-1,1,-1
201501JC30119,2,9,0,16,0,0,0,0,0,0,1,1,6,1,-1,-1,1781,1,12,-1,-1,-1
201501JC30121,1,9,0,4,0,0,0,0,0,0,1,1,6,1,24,5,1798,1,11,-1,1,-1
201501JC30121,2,9,0,4,0,0,0,0,0,0,2,1,6,1,34,6,1360,1,11,-1,1,-1
201501JC30123,1,9,0,18,0,0,0,0,0,0,4,1,6,2,21,5,-1,-1,-1,-1,1,-1
201501JC30123,2,20,0,18,0,0,0,0,0,0,3,1,6,3,-1,-1,-1,-1,-1,-1,-1,-1
201501JC30124,1,11,0,5,0,8,0,0,0,0,0,1,1,1,31,6,7300,2,10,-1,1,-1
201501JC30125,1,9,0,2,0,2,0,0,0,0,3,1,6,1,33,6,1798,1,8,-1,-1,-1
201501JC30125,2,19,0,7,0,2,0,4,0,0,1,1,6,3,-1,-1,-1,-1,-1,-1,-1,-1
201501JC30125,3,9,0,2,0,2,0,0,0,0,2,1,6,3,-1,-1,1149,1,14,-1,-1,-1
201501JC30125,4,9,0,2,0,2,0,0,0,0,2,1,6,3,-1,-1,1598,1,12,-1,-1,-1
201501JC30125,5,9,0,2,0,2,0,0,0,0,2,1,6,3,-1,-1,1998,1,6,-1,-1,-1
201501JC30126,1,19,0,18,0,8,0,0,0,0,4,1,1,1,65,9,-1,-1,-1,-1,1,-1
201501JC30126,2,9,0,12,0,8,0,0,0,0,3,1,6,2,32,6,-1,-1,-1,-1,1,-1
201501JC30134,1,9,0,9,0,8,0,0,0,0,4,1,6,2,26,6,1999,1,10,-1,1,-1
201501JC30134,2,1,0,15,0,8,0,0,0,0,1,1,6,1,-1,-1,-1,-1,-1,-1,-1,-1
201501JC30135,1,11,0,7,0,2,0,0,0,0,4,1,1,1,40,7,4500,2,3,-1,1,-1
201501JC30137,1,9,0,18,0,8,0,0,0,0,3,1,6,1,39,7,1797,8,5,-1,1,-1
201501JC30137,2,9,0,9,0,8,0,0,0,0,1,1,1,1,44,7,1998,2,3,-1,1,-1
201501JC30138,1,9,0,18,0,1,0,0,0,0,1,1,6,1,34,6,1390,1,12,-1,1,-1
201501JC30139,1,19,0,18,0,8,0,0,1,0,3,1,6,1,25,5,2198,2,8,-1,1,-1
201501JC30139,2,9,0,18,0,8,0,0,0,0,1,1,6,2,22,5,-1,-1,-1,-1,1,-1
201501JC30140,1,19,0,18,0,8,0,0,0,0,1,1,1,1,34,6,1560,2,1,-1,-1,-1
201501JC30142,1,9,0,10,0,0,0,0,0,0,3,1,6,2,23,5,998,1,-1,-1,1,-1
201501JC30142,2,9,0,9,0,0,0,0,0,0,1,1,6,3,-1,-1,-1,-1,-1,-1,-1,-1
201501JC30143,1,9,0,18,0,8,0,0,0,0,1,1,2,2,42,7,1896,2,8,-1,1,-1
201501JC30144,1,9,0,18,0,2,0,0,0,0,1,1,6,1,63,9,-1,-1,-1,-1,1,-1
201501JC30145,1,11,0,18,0,1,0,0,0,0,0,1,1,1,32,6,8268,2,10,-1,1,-1
201501JC30147,1,9,0,6,0,0,0,0,0,0,3,1,6,1,50,8,1798,1,10,-1,1,-1
201501JC30147,2,5,0,13,0,0,0,0,0,0,1,1,6,1,26,6,599,1,2,-1,1,-1
201501JC30150,1,19,0,4,0,1,0,0,0,0,2,1,1,1,39,7,1968,2,2,-1,1,-1
201501JC30150,2,1,0,18,3,1,0,0,0,0,1,1,6,1,41,7,-1,-1,-1,-1,1,-1
201501JC30151,1,9,0,9,0,1,0,0,0,0,2,1,6,1,32,6,2993,2,10,-1,1,-1
201501JC30151,2,9,0,18,0,1,0,0,0,0,1,1,6,1,30,6,1499,1,1,-1,1,-1
201501JC30152,1,9,0,6,0,1,0,0,0,0,3,1,6,1,35,6,-1,-1,-1,-1,1,-1
201501JC30152,2,4,0,13,0,1,0,0,0,0,1,1,6,1,18,4,125,1,1,-1,1,-1
201501JC30154,1,3,0,18,0,2,1,0,0,0,1,1,6,1,19,4,125,1,13,-1,1,-1
201501JC30154,2,9,0,6,0,2,0,0,0,0,3,1,6,1,55,8,-1,-1,-1,-1,1,-1
201501JC30156,1,11,0,5,2,1,0,0,0,0,4,1,1,1,61,9,9000,2,5,-1,-1,-1
201501JC30157,1,9,0,2,0,0,0,0,0,0,3,1,6,1,66,10,1998,2,7,-1,1,-1
201501JC30157,2,9,0,18,0,0,0,8,0,0,1,1,6,3,-1,-1,1298,1,14,-1,-1,-1
201501JC30158,1,5,0,9,0,0,0,0,0,0,1,1,6,1,51,8,1050,1,5,-1,1,-1
201501JC30158,2,9,0,18,0,0,0,0,0,0,1,1,6,1,23,5,1149,1,11,-1,1,-1
201501JC30159,1,9,0,17,0,2,0,0,0,0,1,1,2,1,23,5,1086,1,11,-1,1,-1
201501JC30160,1,9,0,9,0,8,0,0,0,0,3,1,6,1,38,7,1995,1,17,-1,1,-1
201501JC30160,2,1,0,18,0,8,0,0,0,0,1,1,6,1,30,6,-1,-1,-1,-1,1,-1
201501JC30162,1,11,0,18,0,1,0,0,0,0,4,1,1,1,38,7,6692,2,5,-1,1,-1
201501JC30163,1,9,0,18,0,1,0,0,0,0,3,1,6,1,40,7,1390,1,14,-1,1,-1
201501JC30164,1,9,0,10,0,8,0,0,0,0,3,1,6,1,35,6,1584,1,8,-1,1,-1
201501JC30164,2,9,0,18,0,8,0,0,0,0,1,1,6,3,-1,-1,1998,1,17,-1,-1,-1
201501JC30167,1,1,0,18,0,0,0,0,0,0,3,1,6,1,41,7,-1,-1,-1,-1,1,-1
201501JC30167,2,9,0,4,0,0,0,0,0,0,4,1,6,3,-1,-1,2979,1,11,-1,-1,-1
201501JC30168,1,8,0,16,0,0,0,0,0,0,1,1,1,1,43,7,1797,8,5,-1,1,-1
201501JC30168,2,2,0,16,0,0,0,0,0,0,1,1,6,1,33,6,124,1,-1,-1,1,-1
201501JC30169,1,9,0,4,0,1,0,0,0,0,2,1,6,1,53,8,-1,-1,-1,-1,1,-1
201501JC30169,2,9,0,4,0,1,0,0,0,0,1,1,6,2,23,5,1600,1,11,-1,1,-1
201501JC30170,1,19,0,18,0,0,0,0,0,0,3,1,6,1,26,6,1753,2,8,-1,1,-1
201501JC30172,1,9,0,18,0,8,0,0,0,0,1,1,6,1,23,5,1590,1,23,-1,1,-1
201501JC30172,2,9,0,9,0,8,0,0,1,0,1,1,6,2,46,8,998,1,17,-1,1,-1
201501JC30173,1,9,0,1,0,8,0,0,0,0,0,1,6,1,-1,-1,-1,-1,-1,-1,-1,-1
201501JC30174,1,9,0,18,0,1,0,0,0,0,3,1,6,1,29,6,-1,-1,-1,-1,-1,-1
201501JC30174,2,9,0,18,0,2,0,0,0,0,1,1,6,2,66,10,1600,1,15,-1,1,-1
201501JC30175,1,19,0,18,0,0,0,0,0,0,4,1,1,1,55,8,1995,2,3,-1,1,-1
201501JC30175,2,1,0,12,0,0,0,0,0,0,3,1,6,1,14,3,-1,-1,-1,-1,1,-1
201501JC30176,1,9,0,9,0,8,0,0,0,0,4,1,6,1,30,6,1796,1,15,-1,1,-1
201501JC30176,2,9,0,5,0,8,0,0,0,0,1,1,1,1,-1,-1,1582,2,2,-1,-1,-1
201501JC30177,1,19,0,18,0,0,2,4,0,0,1,1,1,1,38,7,-1,-1,-1,-1,1,-1
201501JC30177,2,9,0,2,0,0,0,4,0,0,1,1,6,2,31,6,1461,2,4,-1,1,-1
201501JC30177,3,9,0,2,0,0,0,0,0,0,2,1,6,1,41,7,1422,2,7,-1,1,-1
201501JC30178,1,9,0,9,0,8,0,0,0,0,1,1,6,1,20,4,1587,1,10,-1,1,-1
201501JC30178,2,2,0,18,0,8,0,0,0,0,4,1,1,1,21,5,125,1,9,-1,1,-1
201501JC30179,1,19,0,10,0,8,0,0,0,0,2,1,6,1,23,5,2143,2,2,-1,-1,-1
201501JC30179,2,3,0,18,0,8,0,0,0,0,1,1,6,1,30,6,125,1,1,-1,-1,-1
201501JC30180,1,9,0,18,0,1,0,0,0,0,1,1,2,1,59,9,1796,1,14,-1,1,-1
201501JC30180,2,9,0,9,0,1,0,0,0,0,4,1,2,2,41,7,1588,1,12,-1,1,-1
201501JC30181,1,19,0,17,0,8,0,0,0,0,3,1,6,1,48,8,-1,-1,-1,-1,1,-1
201501JC30181,2,9,0,17,0,8,0,0,0,0,1,1,6,1,40,7,1998,2,6,-1,1,-1
201501JC30182,1,9,0,7,0,8,0,0,0,0,4,1,6,1,48,8,1798,1,6,-1,1,-1
201501JC30183,1,1,0,18,0,0,0,0,0,0,1,1,6,1,26,6,-1,-1,-1,-1,1,-1
201501JC30184,1,9,0,18,0,1,0,0,0,0,1,1,6,1,50,8,1997,2,4,-1,-1,-1
201501JC30184,2,9,0,3,0,1,0,0,0,0,2,1,6,1,53,8,-1,-1,-1,-1,1,-1
201501JC30184,3,9,0,3,0,1,0,0,0,0,2,1,1,3,-1,-1,-1,-1,-1,-1,-1,-1
201501JC30185,1,9,0,3,0,1,0,0,0,0,2,1,6,1,54,8,-1,-1,-1,-1,1,-1
201501JC30185,2,9,0,18,0,1,0,0,0,0,1,1,6,3,-1,-1,-1,-1,-1,-1,-1,-1
201501JC30185,3,9,0,10,0,1,0,0,0,0,2,1,6,3,-1,-1,-1,-1,-1,-1,-1,-1
201501JC30186,1,9,0,18,0,1,0,0,0,0,3,1,6,1,27,6,1390,1,7,-1,1,-1
201501JC30187,1,9,0,3,0,0,0,0,0,0,2,1,6,1,39,7,1242,1,12,-1,1,-1
201501JC30187,2,9,0,4,0,0,0,0,0,0,1,1,6,1,31,6,2993,2,8,-1,1,-1
201501JC30188,1,9,0,18,0,2,0,0,0,0,1,1,6,1,44,7,1560,2,4,-1,1,-1
201501JC30188,2,9,0,18,0,1,0,0,0,0,1,1,6,1,36,7,2143,2,5,-1,1,-1
201501JC30190,1,9,0,9,0,8,0,0,0,0,4,1,6,2,-1,-1,2698,2,9,-1,-1,-1
201501JC30193,1,1,0,12,0,1,0,0,0,0,3,1,6,1,15,3,-1,-1,-1,-1,1,-1
201501JC30193,2,19,0,18,0,1,0,0,0,0,1,1,6,1,34,6,-1,-1,-1,-1,1,-1
201501JC30194,1,9,0,9,0,8,0,0,0,0,1,1,6,2,46,8,1796,1,6,-1,1,-1
201501JC30194,2,1,0,18,0,8,0,0,0,0,1,1,6,1,32,6,-1,-1,-1,-1,1,-1
201501JC30195,1,8,0,18,0,8,1,0,0,0,1,1,6,1,79,11,1199,1,15,-1,1,-1
201501JC30195,2,8,0,9,0,8,0,0,0,0,4,1,1,1,27,6,1956,2,6,-1,1,-1
201501JC30196,1,9,0,18,0,0,0,0,0,0,1,1,6,1,40,7,1242,1,11,-1,1,-1
201501JC30197,1,9,0,3,0,0,0,0,0,0,2,1,1,1,29,6,1124,1,14,-1,1,-1
201501JC30197,2,9,0,3,0,0,0,0,0,0,2,1,1,1,25,5,1598,2,3,-1,1,-1
201501JC30197,3,9,0,4,0,0,0,0,0,0,1,1,6,1,41,7,1685,2,3,-1,3,-1
201501JC30198,1,3,0,18,0,8,0,0,0,0,1,1,6,1,24,5,749,1,13,-1,1,-1
201501JC30198,2,9,0,9,0,8,0,0,0,0,4,1,6,1,56,9,1896,2,17,-1,1,-1
201501JC30199,1,9,0,18,0,2,0,0,0,0,3,1,6,1,43,7,-1,-1,-1,-1,1,-1
201501JC30202,1,9,0,2,0,0,0,0,0,0,3,1,3,1,39,7,-1,-1,-1,-1,-1,-1
201501JC30202,2,9,0,18,0,0,0,8,0,0,4,1,6,1,-1,-1,2000,2,10,-1,-1,-1
201501JC30203,1,1,0,18,0,8,0,0,0,0,1,1,6,1,27,6,-1,-1,-1,-1,1,-1
201501JC30203,2,9,0,1,0,8,0,0,0,0,2,1,6,1,-1,-1,-1,-1,-1,-1,-1,-1
201501JC30204,1,9,0,9,0,8,0,0,0,0,4,1,6,1,36,7,-1,-1,-1,-1,1,-1
201501JC30204,2,3,0,18,0,8,0,0,0,0,1,1,6,1,-1,-1,899,1,14,-1,1,-1
201501JC30205,1,1,0,9,0,8,0,0,0,0,3,1,2,1,32,6,-1,-1,-1,-1,1,-1
201501JC30205,2,19,0,13,0,8,0,0,0,0,4,1,6,1,-1,-1,-1,-1,-1,-1,-1,-1
201501JC30206,1,9,0,9,0,8,0,0,0,0,4,1,6,2,48,8,1599,1,11,-1,1,-1
201501JC30206,2,3,0,18,0,8,0,0,0,0,1,1,6,1,46,8,-1,-1,-1,-1,1,-1
201501JC30207,1,9,0,10,0,1,1,0,0,0,2,1,6,1,50,8,1762,1,17,-1,1,-1
201501JC30207,2,9,0,10,0,1,1,0,0,0,2,1,6,1,-1,-1,1497,8,13,-1,1,-1
201501JC30207,3,9,0,18,0,1,0,0,0,0,1,1,6,1,-1,-1,2148,2,14,-1,-1,-1
201501JC30208,1,19,0,1,0,8,0,0,0,0,2,1,6,1,31,6,-1,-1,-1,-1,1,-1
201501JC30208,2,11,0,18,0,8,0,0,0,0,4,1,1,1,55,8,4500,2,3,-1,1,-1
201501JC30209,1,9,0,18,0,0,0,0,0,0,1,1,6,1,32,6,1998,1,13,-1,1,-1
201501JC30209,2,19,0,18,0,0,0,0,0,0,1,1,1,1,29,6,1998,2,10,-1,1,-1
201501JC30210,1,1,0,18,0,0,0,0,0,0,4,1,6,1,60,9,-1,-1,-1,-1,-1,-1
201501JC30211,1,9,0,9,0,8,0,0,0,0,4,1,6,1,42,7,1796,1,8,-1,1,-1
201501JC30211,2,1,0,18,0,8,0,0,0,0,1,1,6,1,42,7,-1,-1,-1,-1,1,-1
201501JC30212,1,9,0,12,0,0,0,0,0,0,1,1,6,1,57,9,2685,2,10,-1,1,-1
201501JC30212,2,9,0,18,0,0,0,0,0,0,1,1,6,1,28,6,1995,2,5,-1,1,-1
201501JC30214,1,1,0,18,0,8,0,0,0,0,1,1,6,1,27,6,-1,-1,-1,-1,1,-1
201501JC30214,2,9,0,9,0,8,0,0,0,0,4,1,6,1,-1,-1,1390,1,5,-1,-1,-1
201501JC30215,1,9,0,18,0,1,0,0,0,0,4,1,6,1,38,7,-1,-1,-1,-1,-1,-1
201501JC30216,1,9,0,18,0,0,0,0,0,0,3,1,6,2,23,5,1686,2,11,-1,1,-1
201501JC30216,2,9,0,5,0,0,0,0,0,0,4,1,6,1,-1,-1,-1,-1,-1,-1,-1,-1
201501JC30217,1,9,0,18,0,8,0,0,0,0,3,1,6,1,32,6,-1,-1,-1,-1,1,-1
201501JC30217,2,9,0,18,0,8,0,0,0,0,1,1,6,3,-1,-1,1560,2,10,-1,-1,-1
201501JC30220,1,8,0,4,0,0,0,0,0,0,2,1,6,1,41,7,1497,8,7,-1,1,-1
201501JC30220,2,9,0,18,0,0,0,0,0,0,1,1,6,1,55,8,1397,1,14,-1,1,-1
201501JC30220,3,9,0,4,0,0,0,0,0,0,2,1,6,3,-1,-1,1598,1,13,-1,-1,-1
201501JC30221,1,9,0,18,0,8,0,0,0,0,4,1,6,2,29,6,1997,1,14,-1,1,-1
201501JC30221,2,9,0,16,0,8,0,0,0,0,1,1,6,2,50,8,-1,-1,-1,-1,1,-1
201501JC30222,1,3,0,18,0,8,0,0,0,0,3,1,6,1,38,7,-1,-1,-1,-1,1,-1
201501JC30224,1,9,0,4,0,0,0,0,0,0,2,1,6,1,48,8,1596,1,7,-1,1,-1
201501JC30224,2,9,0,4,0,0,0,0,0,0,2,1,6,1,30,6,-1,-1,-1,-1,1,-1
201501JC30224,3,9,0,4,0,0,0,0,0,0,2,1,6,1,55,8,-1,-1,-1,-1,1,-1
201501JC30224,4,9,0,18,0,0,0,0,0,0,1,1,6,2,64,9,1997,2,6,-1,1,-1
201501JC30226,1,9,0,18,0,0,0,0,0,0,1,1,4,3,-1,-1,-1,-1,-1,-1,-1,-1
201501JC30226,2,9,0,12,0,0,1,0,5,6,2,1,2,1,19,4,1587,1,12,-1,1,-1
201501JC30226,3,9,0,18,0,0,0,0,0,0,2,1,6,2,37,7,2435,1,13,-1,1,-1
201501JC30227,1,9,0,3,0,0,0,0,0,0,4,1,6,1,24,5,1229,1,10,-1,1,-1
201501JC30227,2,1,0,15,0,0,0,8,0,0,1,1,6,2,28,6,-1,-1,-1,-1,1,-1
201501JC30228,1,9,0,18,0,1,0,0,0,0,4,1,6,1,36,7,1781,1,19,-1,1,-1
201501JC30228,2,9,0,11,0,8,0,0,0,0,1,1,6,1,-1,-1,1339,1,11,-1,-1,-1
201501JC30230,1,9,0,7,0,8,0,0,0,0,4,1,6,2,51,8,1598,1,2,-1,1,-1
201501JC30230,2,1,0,15,0,8,0,0,0,0,1,1,6,1,-1,-1,-1,-1,-1,-1,1,-1
201501JC30231,1,9,0,12,0,8,0,10,1,2,1,1,6,1,31,6,1582,2,1,-1,1,-1
201501JC30231,2,11,0,18,0,8,0,0,0,0,1,1,6,1,37,7,8268,2,12,-1,1,-1
201501JC30232,1,9,0,7,0,8,0,4,0,0,4,1,6,2,17,4,1299,1,13,-1,1,-1
201501JC30232,2,9,0,2,0,8,0,0,0,0,2,1,6,1,-1,-1,-1,-1,-1,-1,1,-1
201501JC30232,3,9,0,2,0,8,0,0,0,0,2,1,6,1,26,6,1397,1,8,-1,1,-1
201501JC30233,1,11,0,5,0,0,0,0,0,0,4,1,1,3,-1,-1,-1,-1,-1,-1,-1,-1
201501JC30234,1,9,0,4,0,0,0,0,0,0,1,1,2,2,32,6,1560,2,9,-1,1,-1
201501JC30235,1,9,0,3,0,0,0,0,0,0,1,1,6,1,30,6,1997,2,14,-1,1,-1
201501JC30235,2,9,0,3,0,0,0,0,0,0,2,1,6,1,50,8,1984,1,13,-1,1,-1
201501JC30236,1,9,0,5,0,0,0,4,1,10,1,1,6,1,33,6,3993,1,-1,-1,1,-1
201501JC30237,1,9,0,18,0,0,0,0,0,0,1,1,6,2,21,5,1598,1,11,-1,1,-1
201501JC30237,2,9,0,1,0,0,0,0,0,0,2,1,6,2,-1,-1,-1,-1,-1,-1,1,-1
201501JC30238,1,9,0,3,0,1,0,0,0,0,4,1,6,1,60,9,1242,1,13,-1,1,-1
201501JC30238,2,1,0,15,4,1,0,8,0,0,1,1,6,1,47,8,-1,-1,-1,-1,1,-1
201501JC30239,1,9,0,3,0,1,0,0,0,0,2,1,6,1,56,9,-1,-1,-1,-1,1,-1
201501JC30239,2,9,0,3,0,1,0,0,0,0,2,1,6,1,64,9,3226,2,14,-1,1,-1
201501JC30239,3,9,0,18,0,1,0,0,0,0,1,1,6,1,-1,-1,-1,-1,-1,-1,1,-1
201501JC30240,1,9,0,7,0,8,0,0,0,0,3,1,6,2,30,6,1598,2,5,-1,1,-1
201501JC30240,2,9,0,13,0,8,0,0,0,0,1,1,6,1,-1,-1,1895,1,16,-1,1,-1
201501JC30242,1,9,0,18,0,8,0,0,0,0,1,1,6,1,28,6,1794,1,7,-1,1,-1
201501JC30244,1,9,0,7,0,8,0,0,0,0,1,1,6,1,45,7,1968,2,1,-1,1,-1
201501JC30245,1,9,0,10,0,8,0,0,0,0,2,1,6,1,33,6,1598,2,2,-1,1,-1
201501JC30245,2,19,0,3,0,8,0,0,0,0,2,1,1,1,33,6,1461,2,9,-1,1,-1
201501JC30245,3,3,0,3,0,1,0,0,0,0,2,1,6,1,29,6,125,1,8,-1,1,-1
201501JC30245,4,9,0,18,0,1,0,0,0,0,1,1,6,1,55,8,1596,1,22,-1,-1,-1
201501JC30246,1,9,0,9,0,1,0,0,0,0,3,1,6,1,40,7,2494,1,11,-1,1,-1
201501JC30246,2,3,0,13,0,1,0,0,0,0,1,1,6,1,23,5,998,1,6,-1,1,-1
201501JC30247,1,9,0,9,0,8,0,0,0,0,3,1,6,1,33,6,-1,-1,-1,-1,1,-1
201501JC30247,2,2,0,13,0,8,0,0,0,0,1,1,1,1,23,5,-1,-1,-1,-1,1,-1
201501JC30248,1,9,0,6,0,0,0,0,0,0,3,1,6,1,24,5,1390,1,6,-1,1,-1
201501JC30248,2,3,0,18,0,0,0,0,0,0,4,1,6,1,34,6,125,1,6,-1,-1,-1
201501JC30249,1,9,0,9,0,8,0,0,0,0,3,1,6,2,45,7,1895,1,17,-1,1,-1
201501JC30249,2,3,0,14,0,8,0,0,0,0,1,1,1,1,26,6,49,1,9,-1,1,-1
201501JC30250,1,9,0,18,0,8,0,0,0,0,3,1,2,1,51,8,2362,7,12,-1,1,-1
201501JC30250,2,9,0,18,0,8,0,0,0,0,1,1,6,1,38,7,1390,1,6,-1,1,-1
201501JC30251,1,9,0,18,0,8,0,0,0,0,3,1,6,1,63,9,998,1,1,-1,1,-1
201501JC30251,2,9,0,18,0,8,0,0,0,0,1,1,2,2,49,8,1398,1,1,-1,1,-1
201501JC30252,1,9,0,7,0,8,0,0,0,0,1,1,6,1,-1,-1,-1,-1,-1,-1,-1,-1
201501JC30254,1,9,0,4,0,0,0,0,0,0,2,1,6,1,39,7,1796,1,12,-1,1,-1
201501JC30254,2,3,0,18,0,0,0,0,0,0,1,1,6,1,51,8,123,1,24,-1,1,-1
201501JC30256,1,9,0,18,0,8,0,0,0,0,1,1,6,1,69,10,1591,1,4,-1,1,-1
201501JC30258,1,19,0,7,0,1,0,0,0,0,2,1,6,1,-1,-1,-1,-1,-1,-1,1,-1
201501JC30258,2,19,0,5,0,1,0,0,0,0,1,1,6,1,-1,-1,-1,-1,-1,-1,1,-1
201501JC30259,1,1,0,18,0,8,0,0,0,0,1,1,6,1,46,8,-1,-1,-1,-1,1,-1
201501JC30259,2,9,0,7,0,8,0,0,0,0,4,1,6,2,-1,-1,1596,1,13,-1,-1,-1
201501JC30261,1,9,0,7,0,8,0,0,0,0,4,1,1,1,22,5,1461,2,1,-1,1,-1
201501JC30261,2,1,0,18,0,8,0,0,0,0,1,1,2,1,42,7,-1,-1,-1,-1,1,-1
201501JC30262,1,9,0,8,0,1,0,0,0,0,2,1,6,2,38,7,1598,1,6,-1,1,-1
201501JC30262,2,9,0,18,0,1,0,0,0,0,1,1,6,1,28,6,1991,1,-1,-1,1,-1
201501JC30263,1,3,0,18,0,1,0,0,0,0,1,1,6,1,29,6,-1,-1,-1,-1,1,-1
201501JC30263,2,9,0,1,0,1,0,0,0,0,2,1,6,1,27,6,1995,1,12,-1,1,-1
201501JC30264,1,9,0,2,0,1,0,0,0,0,2,1,6,1,41,7,1870,2,11,-1,1,-1
201501JC30264,2,9,0,18,0,1,0,0,0,0,1,1,6,2,-1,-1,1240,1,11,-1,-1,-1
201501JC30265,1,1,0,18,0,8,0,0,0,0,1,1,6,1,29,6,-1,-1,-1,-1,1,-1
201501JC30265,2,9,0,9,0,8,0,0,0,0,4,1,6,1,40,7,-1,-1,-1,-1,-1,-1
201501JC30269,1,9,0,9,0,1,0,0,0,0,4,1,6,2,22,5,1596,1,13,-1,1,-1
201501JC30269,2,1,0,15,2,2,0,0,0,0,1,1,6,1,38,7,-1,-1,-1,-1,1,-1
201501JC30270,1,9,0,4,0,1,0,0,0,0,4,1,6,1,30,6,1995,2,10,-1,-1,-1
201501JC30270,2,9,0,12,0,1,0,0,0,0,3,1,6,3,-1,-1,1984,1,6,-1,-1,-1
201501JC30271,1,9,0,18,0,1,0,0,0,0,2,1,6,1,45,7,2793,1,16,-1,1,-1
201501JC30271,2,9,0,18,0,1,0,0,0,0,1,1,6,1,-1,-1,1587,1,13,-1,1,-1
201501JC30272,1,3,0,18,0,0,0,4,0,0,1,1,6,1,-1,-1,100,1,13,-1,1,-1
201501JC30272,2,9,0,2,0,0,0,0,0,0,2,1,6,2,-1,-1,2143,2,3,-1,1,-1
201501JC30273,1,9,0,3,0,0,0,0,0,0,2,1,6,2,51,8,1998,1,9,-1,1,-1
201501JC30273,2,9,0,18,0,0,0,0,0,0,1,1,6,1,-1,-1,1364,1,8,-1,1,-1
201501JC30274,1,19,0,18,0,0,0,0,0,0,1,1,1,1,43,7,2402,2,13,-1,1,-1
201501JC30275,1,21,0,18,0,0,0,0,0,0,3,2,1,1,54,8,-1,-1,-1,-1,-1,-1
201501JC30275,2,9,0,18,0,0,0,0,0,0,4,1,6,2,34,6,1598,1,9,-1,1,-1
201501JC30276,1,9,0,3,0,0,0,0,0,0,2,1,6,2,51,8,1242,1,14,-1,1,-1
201501JC30276,2,9,0,18,0,0,0,0,0,0,1,1,6,1,19,4,1560,2,9,-1,1,-1
201501JC30278,1,11,0,18,0,2,0,0,0,0,0,1,1,1,45,7,5132,2,-1,-1,-1,-1
201501JC30279,1,9,0,4,0,1,0,0,0,0,2,1,6,1,23,5,1388,1,13,-1,-1,-1
201501JC30279,2,9,0,18,0,1,0,0,0,0,1,1,6,3,-1,-1,1360,1,10,-1,-1,-1
201501JC30280,1,9,0,2,0,8,0,0,0,0,1,1,6,2,30,6,1998,1,20,-1,1,-1
201501JC30280,2,9,0,1,0,8,0,4,0,0,2,1,6,2,-1,-1,1388,1,3,-1,1,-1
201501JC30281,1,9,0,6,0,0,0,0,0,0,3,1,6,2,33,6,1229,1,-1,-1,1,-1
201501JC30281,2,3,0,14,0,0,0,0,0,0,1,1,6,1,-1,-1,645,1,8,-1,-1,-1
201501JC30282,1,9,0,18,0,0,0,0,0,0,1,1,6,1,65,9,1598,2,-1,-1,1,-1
201501JC30282,2,9,0,3,0,0,0,0,0,0,1,1,1,1,33,6,1124,1,6,-1,1,-1