Accident_Index,Vehicle_Reference,Vehicle_Type,Towing_and_Articulation,Vehicle_Manoeuvre,Vehicle_Location-Restricted_Lane,Junction_Location,Skidding_and_Overturning,Hit_Object_in_Carriageway,Vehicle_Leaving_Carriageway,Hit_Object_off_Carriageway,1st_Point_of_Impact,Was_Vehicle_Left_Hand_Drive?,Journey_Purpose_of_Driver,Sex_of_Driver,Age_of_Driver,Age_Band_of_Driver,Engine_Capacity_(CC),Propulsion_Code,Age_of_Vehicle,Driver_IMD_Decile,Driver_Home_Area_Type,Vehicle_IMD_Decile
201501JC30283,1,11,0,3,0,1,0,0,0,0,0,1,1,1,53,8,4500,2,-1,-1,1,-1
201501JC30284,1,4,0,9,0,8,0,0,0,0,1,1,2,1,39,7,-1,-1,-1,-1,1,-1
201501JC30284,2,9,0,5,0,8,0,0,0,0,4,1,2,1,34,6,1197,1,1,-1,1,-1
201501JC30285,1,9,0,9,0,8,0,0,0,0,3,1,6,2,52,8,-1,-1,-1,-1,1,-1
201501JC30285,2,1,0,18,0,8,0,0,0,0,1,1,6,1,53,8,-1,-1,-1,-1,1,-1
201501JC30286,1,9,0,9,0,8,0,0,0,0,1,1,6,1,21,5,1198,1,11,-1,1,-1
201501JC30286,2,3,0,18,0,8,0,0,0,0,1,1,6,1,31,6,125,1,10,-1,1,-1
201501JC30287,1,9,0,14,0,0,0,0,0,0,1,1,2,2,-1,-1,1598,1,7,-1,-1,-1
201501JC30288,1,9,0,16,0,0,1,0,1,0,1,1,6,1,21,5,1998,1,14,-1,1,-1
201501JC30292,1,9,0,7,0,8,0,0,0,0,3,1,6,2,26,6,1496,2,1,-1,1,-1
201501JC30292,2,9,0,18,0,8,0,0,0,0,1,1,6,3,-1,-1,-1,-1,-1,-1,-1,-1
201501JC30294,1,9,0,3,0,0,0,0,0,0,3,1,2,1,55,8,1997,1,7,-1,1,-1
201501JC30294,2,9,0,18,0,0,0,0,1,0,3,1,6,2,-1,-1,-1,-1,-1,-1,1,-1
201501JC30295,1,9,0,18,0,8,0,0,0,0,1,1,1,1,42,7,1997,2,4,-1,1,-1
201501JC30295,2,1,0,18,9,8,0,0,0,0,4,1,6,1,21,5,-1,-1,-1,-1,1,-1
201501JC30297,1,9,0,18,0,2,0,0,0,0,1,1,6,1,20,4,-1,-1,-1,-1,1,-1
201501JC30298,1,9,0,3,0,0,0,0,0,0,2,1,6,1,65,9,1598,1,6,-1,1,-1
201501JC30298,2,9,0,18,0,0,0,0,0,0,1,1,6,3,-1,-1,1995,1,8,-1,-1,-1
201501JC30300,1,8,0,4,0,1,0,0,0,0,2,1,1,1,51,8,1598,1,2,-1,1,-1
201501JC30300,2,9,0,18,0,1,0,0,0,0,1,1,6,1,29,6,-1,-1,-1,-1,1,-1
201501JC30301,1,9,0,18,0,0,0,0,0,0,1,1,6,1,41,7,1956,2,3,-1,1,-1
201501JC30301,2,9,0,18,0,0,0,0,0,0,1,1,6,1,24,5,-1,-1,-1,-1,1,-1
201501JC30302,1,9,0,18,0,8,0,0,0,0,1,1,6,1,29,6,1968,2,4,-1,1,-1
201501JC30302,2,9,0,9,0,8,0,0,0,0,4,1,6,1,57,9,1870,2,7,-1,1,-1
201501JC30303,1,9,0,7,0,8,0,0,0,0,4,1,6,1,29,6,1988,1,14,-1,1,-1
201501JC30303,2,1,0,15,0,8,0,0,0,0,1,1,6,1,25,5,-1,-1,-1,-1,1,-1
201501JC30304,1,11,0,18,0,0,0,0,0,0,1,1,1,1,52,8,6692,2,4,-1,1,-1
201501JC30305,1,3,0,18,0,2,1,0,0,0,1,1,2,1,22,5,125,1,8,-1,1,-1
201501JC30305,2,9,0,6,0,1,0,0,0,0,4,1,6,1,39,7,2148,2,9,-1,1,-1
201501JC30310,1,11,0,5,0,1,0,0,0,0,0,1,1,1,22,5,8268,2,12,-1,1,-1
201501JC30311,1,9,0,9,0,1,0,0,0,0,2,1,6,2,53,8,-1,-1,-1,-1,2,-1
201501JC30311,2,9,0,18,0,1,0,0,0,0,1,1,6,3,-1,-1,-1,-1,-1,-1,-1,-1
201501JC30312,1,11,0,10,0,1,0,0,0,0,3,1,1,1,54,8,9360,2,5,-1,1,-1
201501JC30312,2,1,0,13,0,1,0,0,0,0,1,1,6,1,40,7,-1,-1,-1,-1,1,-1
201501JC30313,1,9,0,7,0,1,0,0,0,0,4,1,6,1,21,5,1995,1,13,-1,1,-1
201501JC30313,2,1,0,18,0,1,0,0,0,0,3,1,6,1,49,8,-1,-1,-1,-1,-1,-1
201501JC30314,1,9,0,18,0,1,0,0,0,0,4,1,6,2,41,7,1598,1,12,-1,1,-1
201501JC30315,1,9,0,5,0,0,0,0,0,0,4,1,1,1,56,9,1686,2,4,-1,1,-1
201501JC30316,1,9,0,5,0,0,0,0,0,0,4,1,6,2,30,6,1198,1,11,-1,1,-1
201501JC30317,1,1,0,18,0,8,0,0,0,0,1,1,6,1,30,6,-1,-1,-1,-1,1,-1
201501JC30317,2,9,0,9,0,8,0,0,0,0,4,1,6,1,-1,-1,-1,-1,-1,-1,-1,-1
201501JC30318,1,9,0,5,0,2,0,0,0,0,4,1,6,1,20,4,1390,1,9,-1,1,-1
201501JC30318,2,9,0,2,0,2,0,0,0,0,3,1,6,3,-1,-1,1598,1,1,-1,-1,-1
201501JC30319,1,9,0,6,0,0,0,0,0,0,3,1,1,1,35,6,1590,1,11,-1,1,-1
201501JC30319,2,4,0,14,0,0,0,0,0,0,1,1,1,1,35,6,125,1,10,-1,-1,-1
201501JC30321,1,9,0,18,0,8,0,0,0,0,1,1,6,1,-1,-1,1968,2,3,-1,-1,-1
201501JC30322,1,9,0,5,0,8,0,0,0,0,2,1,6,2,20,4,998,1,11,-1,1,-1
201501JC30322,2,9,0,18,0,8,0,0,0,0,1,1,6,2,-1,-1,-1,-1,-1,-1,1,-1
201501JC30324,1,9,0,9,0,8,0,0,0,0,4,1,6,1,37,7,1598,2,4,-1,1,-1
201501JC30324,2,9,0,9,0,8,0,0,0,0,3,1,6,3,-1,-1,-1,-1,-1,-1,-1,-1
201501JC30324,3,9,0,2,0,2,0,0,0,0,3,1,6,1,29,6,-1,-1,-1,-1,-1,-1
201501JC30326,1,9,0,3,0,1,0,0,0,0,2,1,6,1,32,6,995,1,8,-1,-1,-1
201501JC30326,2,9,0,18,0,1,0,0,0,0,1,1,6,3,-1,-1,1896,2,12,-1,-1,-1
201501JC30327,1,11,0,3,0,1,0,0,0,0,0,1,1,3,-1,-1,-1,-1,-1,-1,-1,-1
201501JC30331,1,9,0,3,0,1,0,0,0,0,2,1,6,2,35,6,2231,2,7,-1,1,-1
201501JC30331,2,9,0,18,0,1,0,0,0,0,1,1,6,3,-1,-1,1598,1,5,-1,-1,-1
201501JC30332,1,1,0,4,0,0,0,0,0,0,1,1,6,1,11,3,-1,-1,-1,-1,1,-1
201501JC30332,2,9,0,18,0,0,0,0,0,0,1,1,6,1,32,6,1796,1,12,-1,1,-1
201501JC30334,1,9,0,18,0,1,0,0,0,0,2,1,6,1,34,6,1390,1,4,-1,1,-1
201501JC30334,2,9,0,18,0,1,0,0,0,0,1,1,1,1,55,8,-1,-1,-1,-1,1,-1
201501JC30338,1,9,0,7,0,8,0,0,0,0,4,1,6,3,-1,-1,-1,-1,-1,-1,-1,-1
201501JC30338,2,1,0,18,0,8,0,0,0,0,1,1,6,1,33,6,-1,-1,-1,-1,1,-1
201501JC30339,1,9,0,5,0,2,0,0,0,0,1,1,6,1,36,7,1998,1,12,-1,1,-1
201501JC30340,1,9,0,2,0,0,0,0,0,0,3,1,6,1,61,9,2967,2,6,-1,3,-1
201501JC30340,2,11,0,18,0,0,0,8,0,0,4,1,1,1,43,7,5132,2,-1,-1,1,-1
201501JC30341,1,9,0,9,0,8,0,0,0,0,4,1,6,1,37,7,1498,1,7,-1,1,-1
201501JC30341,2,3,0,15,2,8,0,0,0,0,1,1,2,1,46,8,124,1,-1,-1,1,-1
201501JC30342,1,9,0,9,0,8,0,0,0,0,1,1,6,1,39,7,2685,2,13,-1,1,-1
201501JC30342,2,1,0,18,0,8,0,0,0,0,1,1,6,2,33,6,-1,-1,-1,-1,1,-1
201501JC30343,1,9,0,18,0,1,0,4,0,0,3,1,6,2,-1,-1,-1,-1,-1,-1,1,-1
201501JC30343,2,9,0,9,0,1,0,0,0,0,1,1,6,1,78,11,1596,1,6,-1,1,-1
201501JC30343,3,9,0,2,0,2,0,0,0,0,4,1,1,1,55,8,2720,2,9,-1,1,-1
201501JC30345,1,9,0,18,0,8,0,0,0,0,3,1,6,1,27,6,1995,1,14,-1,1,-1
201501JC30345,2,9,0,9,0,8,0,0,0,0,1,1,6,3,-1,-1,1229,1,9,-1,-1,-1
201501JC30346,1,9,0,4,0,2,0,0,0,0,1,1,6,2,41,7,1582,2,5,-1,1,-1
201501JC30348,1,9,0,18,0,1,0,0,0,0,4,1,6,2,26,6,1398,1,1,-1,1,-1
201501JC30348,2,9,0,18,0,6,0,10,3,0,1,1,6,1,-1,-1,1368,1,8,-1,1,-1
201501JC30349,1,9,0,9,0,8,0,0,0,0,3,1,6,1,20,4,1199,1,13,-1,1,-1
201501JC30349,2,3,0,18,0,8,0,0,0,0,1,1,6,1,36,7,-1,-1,-1,-1,1,-1
201501JC30350,1,9,0,18,0,2,0,0,1,10,1,1,6,1,62,9,2922,1,14,-1,1,-1
201501JC30350,2,9,0,2,0,2,0,0,0,0,1,1,6,3,-1,-1,1598,1,9,-1,-1,-1
201501JC30351,1,9,0,18,0,1,0,0,0,0,2,1,6,2,43,7,-1,-1,-1,-1,1,-1
201501JC30351,2,9,0,18,0,1,0,0,0,0,1,1,6,1,43,7,1399,1,8,-1,1,-1
201501JC30353,1,9,0,7,0,5,0,0,0,0,4,1,2,1,27,6,999,1,7,-1,-1,-1
201501JC30353,2,1,0,15,0,1,0,0,0,0,1,1,6,1,16,4,-1,-1,-1,-1,1,-1
201501JC30354,1,9,0,3,0,1,0,0,0,0,2,1,6,2,22,5,1796,1,11,-1,1,-1
201501JC30354,2,9,0,18,0,1,0,0,0,0,1,1,6,1,-1,-1,1896,2,9,-1,1,-1
201501JC30355,1,9,0,18,0,8,0,0,0,0,4,1,1,2,35,6,1198,1,4,-1,1,-1
201501JC30355,2,9,0,18,0,8,0,0,0,0,1,1,6,2,58,9,-1,-1,-1,-1,-1,-1
201501JC30357,1,9,0,4,0,1,0,0,0,0,2,1,6,1,21,5,1198,1,12,-1,1,-1
201501JC30357,2,9,0,18,0,1,0,0,0,0,1,1,6,1,-1,-1,1560,2,7,-1,-1,-1
201501JC30358,1,19,0,1,0,0,0,0,0,0,2,1,1,1,-1,-1,2143,2,3,-1,1,-1
201501JC30358,2,3,0,3,0,0,0,0,0,0,1,1,6,1,44,7,124,1,3,-1,1,-1
201501JC30359,1,9,0,9,0,8,0,0,0,0,1,1,6,1,22,5,1997,2,6,-1,1,-1
201501JC30359,2,3,0,14,0,8,0,0,0,0,4,1,6,1,27,6,599,1,14,-1,1,-1
201501JC30360,1,9,0,18,0,1,0,0,0,0,2,1,6,2,35,6,1461,2,9,-1,1,-1
201501JC30360,2,9,0,18,0,1,0,0,0,0,1,1,6,1,22,5,1349,1,5,-1,1,-1
201501JC30361,1,9,0,3,0,2,0,0,0,0,2,1,6,1,26,6,2926,2,14,-1,1,-1
201501JC30361,2,9,0,3,0,2,0,0,0,0,2,1,6,1,23,5,1229,1,5,-1,1,-1
201501JC30361,3,19,0,18,0,2,0,0,0,0,1,1,6,1,40,7,1560,2,-1,-1,1,-1
201501JC30362,1,5,0,12,0,0,0,0,0,0,3,1,6,1,36,7,1450,1,14,-1,1,-1
201501JC30362,2,9,0,18,0,0,0,0,0,0,4,1,6,1,41,7,2993,2,7,-1,1,-1
201501JC30364,1,9,0,18,0,0,0,0,0,0,2,1,6,1,24,5,1984,1,6,-1,1,-1
201501JC30364,2,9,0,18,0,0,0,0,0,0,1,1,6,1,40,7,2987,2,9,-1,1,-1
201501JC30364,3,9,0,18,0,0,0,0,0,0,1,1,6,1,23,5,2143,2,2,-1,1,-1
201501JC30365,1,3,0,15,0,1,0,0,0,0,1,1,6,1,47,8,125,1,7,-1,1,-1
201501JC30365,2,9,0,7,0,1,0,0,0,0,4,1,2,2,26,6,1364,1,10,-1,1,-1
201501JC30367,1,9,0,18,0,0,0,0,0,0,2,1,2,1,-1,-1,1798,1,5,-1,-1,-1
201501JC30367,2,9,0,18,0,0,0,0,0,0,1,1,6,1,-1,-1,999,1,14,-1,-1,-1
201501JC30368,1,9,0,9,0,8,0,0,0,0,1,1,1,1,28,6,-1,-1,-1,-1,1,-1
201501JC30368,2,1,0,18,0,8,0,0,0,0,3,1,6,1,29,6,-1,-1,-1,-1,1,-1
201501JC30369,1,11,0,5,0,1,0,0,0,0,0,1,1,1,24,5,9360,2,5,-1,1,-1
201501JC30370,1,9,0,5,0,1,0,0,0,0,4,1,3,2,32,6,1596,1,6,-1,1,-1
201501JC30371,1,9,0,18,0,0,0,0,0,0,1,1,6,1,23,5,1598,1,9,-1,1,-1
201501JC30371,2,3,0,18,0,0,0,0,0,0,2,1,6,1,28,6,125,1,10,-1,1,-1
201501JC30372,1,19,0,18,0,1,0,0,0,0,3,1,1,1,49,8,2497,2,5,-1,1,-1
201501JC30372,2,9,0,9,0,2,0,0,0,0,3,1,6,2,22,5,1242,1,1,-1,1,-1
201501JC30373,1,5,0,1,0,2,0,0,0,0,3,1,6,1,24,5,-1,-1,-1,-1,1,-1
201501JC30373,2,9,0,13,0,2,0,0,0,0,4,1,6,1,51,8,1596,1,13,-1,1,-1
201501JC30375,1,1,0,18,0,0,0,8,0,0,1,1,6,1,28,6,-1,-1,-1,-1,1,-1
201501JC30375,2,9,0,2,0,0,0,0,0,0,3,1,6,1,-1,-1,5439,1,13,-1,1,-1
201501JC30376,1,11,0,18,2,1,0,0,0,0,3,1,1,1,32,6,-1,-1,-1,-1,-1,-1
201501JC30376,2,9,0,7,0,1,0,0,0,0,4,1,6,2,20,4,1391,1,13,-1,1,-1
201501JC30377,1,9,0,18,0,1,0,0,0,0,1,1,6,3,-1,-1,1956,2,4,-1,-1,-1
201501JC30378,1,3,0,18,0,8,0,0,0,0,1,1,6,1,21,5,125,1,9,-1,1,-1
201501JC30378,2,9,0,9,0,8,0,0,0,0,4,1,6,2,37,7,1595,1,11,-1,1,-1
201501JC30379,1,8,0,2,0,2,0,0,0,0,3,1,1,1,61,9,1797,8,5,-1,1,-1
201501JC30379,2,1,0,18,0,2,0,8,0,0,1,1,1,2,50,8,-1,-1,-1,-1,1,-1
201501JC30380,1,19,0,4,0,1,0,0,0,0,1,1,6,2,24,5,1753,2,14,-1,1,-1
201501JC30381,1,9,0,9,0,2,0,0,0,0,2,1,6,1,19,4,1560,2,3,-1,1,-1
201501JC30381,2,9,0,9,0,2,0,0,0,0,1,1,6,1,19,4,1198,1,4,-1,1,-1
201501JC30382,1,9,0,3,0,0,0,0,0,0,3,1,6,1,25,5,1999,1,9,-1,1,-1
201501JC30382,2,9,0,18,0,0,0,0,0,0,3,1,6,1,-1,-1,1596,1,12,-1,-1,-1
201501JC30383,1,9,0,16,0,2,0,0,0,0,3,1,1,1,34,6,1598,2,1,-1,1,-1
201501JC30384,1,1,0,18,4,0,0,0,0,0,1,1,6,1,41,7,-1,-1,-1,-1,1,-1
201501JC30384,2,9,0,7,0,0,0,0,0,0,4,1,6,1,-1,-1,1149,1,10,-1,1,-1
201501JC30385,1,9,0,18,0,8,0,0,0,0,4,1,6,1,34,6,2987,2,6,-1,1,-1
201501JC30385,2,9,0,9,0,8,0,0,0,0,1,1,6,1,38,7,1998,2,7,-1,1,-1
201501JC30386,1,1,0,18,0,8,0,0,0,0,1,1,1,1,39,7,-1,-1,-1,-1,1,-1
201501JC30386,2,19,0,9,0,8,0,0,0,0,4,1,1,1,37,7,2198,2,8,-1,1,-1
201501JC30387,1,1,0,7,0,8,0,0,0,0,1,1,2,2,28,6,-1,-1,-1,-1,1,-1
201501JC30387,2,9,0,14,0,8,0,0,0,0,4,1,1,1,25,5,-1,-1,-1,-1,1,-1
201501JC30388,1,17,0,11,0,0,0,0,0,0,4,1,1,1,46,8,-1,-1,-1,-1,1,-1
201501JC30388,2,9,0,18,0,0,0,0,0,0,3,1,6,1,38,7,-1,-1,-1,-1,1,-1
201501JC30389,1,11,0,3,0,2,0,0,0,0,3,1,1,1,26,6,-1,-1,-1,-1,1,-1
201501JC30389,2,9,0,14,0,2,0,0,0,0,4,1,6,1,43,7,1560,2,-1,-1,-1,-1
201501JC30391,1,9,0,9,0,8,0,0,0,0,1,1,6,2,37,7,1781,1,13,-1,1,-1
201501JC30391,2,9,0,18,0,8,0,0,0,0,1,1,6,1,23,5,1999,1,-1,-1,1,-1
201501JC30393,1,9,0,18,0,1,0,0,0,0,1,1,6,1,33,6,2969,2,9,-1,1,-1
201501JC30393,2,9,0,4,0,1,0,0,0,0,2,1,6,1,26,6,1149,1,12,-1,2,-1
201501JC30394,1,9,0,18,0,1,0,0,0,0,1,1,6,2,83,11,1339,1,8,-1,1,-1
201501JC30394,2,9,0,3,0,1,0,0,0,0,2,1,6,1,49,8,1598,1,14,-1,2,-1
201501JC30394,3,9,0,3,0,1,0,0,0,0,2,1,6,1,75,10,1998,2,9,-1,1,-1
201501JC30394,4,9,0,3,0,1,0,0,0,0,2,1,6,1,44,7,1968,2,10,-1,1,-1
201501JC30395,1,9,0,12,0,2,0,0,0,0,3,1,6,1,20,4,1150,1,7,-1,1,-1
201501JC30395,2,5,0,18,0,2,0,0,0,0,4,1,6,1,33,6,600,1,3,-1,1,-1
201501JC30396,1,9,0,4,0,1,0,0,0,0,2,1,6,2,49,8,1397,1,6,-1,1,-1
201501JC30396,2,9,0,18,0,1,0,0,0,0,1,1,6,1,-1,-1,1995,1,13,-1,1,-1
201501JC30397,1,9,0,9,0,5,0,0,0,0,4,1,6,1,32,6,1597,2,1,-1,1,-1
201501JC30397,2,3,0,15,0,1,0,0,0,0,3,1,6,1,24,5,124,1,7,-1,1,-1
201501JC30398,1,8,0,4,0,2,0,0,0,0,2,1,1,1,44,7,1896,2,7,-1,1,-1
201501JC30398,2,9,0,18,0,2,0,0,0,0,1,1,6,1,32,6,2497,2,11,-1,1,-1
201501JC30399,1,9,0,18,0,0,0,0,0,0,1,1,6,1,39,7,1896,2,11,-1,1,-1
201501JC30400,1,1,0,18,4,1,0,8,0,0,1,1,6,2,49,8,-1,-1,-1,-1,1,-1
201501JC30400,2,9,0,3,0,1,0,0,0,0,4,1,6,2,-1,-1,-1,-1,-1,-1,-1,-1
201501JC30401,1,3,0,14,0,2,0,0,0,0,1,1,6,1,27,6,124,1,3,-1,1,-1
201501JC30401,2,9,0,9,0,1,0,0,0,0,4,1,6,1,66,10,1596,1,6,-1,1,-1
201501JC30402,1,9,0,4,0,0,0,0,0,0,1,1,3,1,43,7,1598,1,10,-1,1,-1
201501JC30402,2,9,0,18,0,0,0,0,0,0,2,1,3,1,38,7,1598,1,5,-1,1,-1
201501JC30404,1,9,0,1,0,2,0,0,0,0,2,1,6,3,-1,-1,-1,-1,-1,-1,-1,-1
201501JC30405,1,9,0,18,0,0,1,0,7,0,3,1,2,1,55,8,1398,1,15,-1,1,-1
201501JC30405,2,20,5,18,0,0,0,0,0,0,3,1,1,1,-1,-1,4461,2,7,-1,1,-1
201501JC30406,1,3,0,18,0,8,0,0,0,0,1,1,1,1,25,5,108,1,-1,-1,1,-1
201501JC30406,2,19,0,9,0,8,0,0,0,0,4,1,6,1,24,5,2402,2,4,-1,1,-1
201501JC30407,1,1,0,16,0,0,0,4,0,0,1,1,2,2,33,6,-1,-1,-1,-1,1,-1
201501JC30407,2,9,0,2,0,0,0,0,0,0,2,1,6,1,56,9,1796,1,13,-1,1,-1
201501JC30408,1,9,0,5,0,0,0,0,0,0,4,1,3,1,31,6,1998,1,22,-1,1,-1
201501JC30409,1,9,0,1,0,0,0,0,0,0,2,1,6,1,35,6,1590,1,10,-1,1,-1
201501JC30410,1,9,0,5,0,0,0,0,0,0,3,1,6,1,43,7,1598,1,7,-1,1,-1
201501JC30410,2,5,0,18,0,0,0,0,0,0,4,1,6,1,37,7,599,1,10,-1,-1,-1
201501JC30411,1,9,0,18,0,0,0,0,0,0,3,1,3,2,40,7,1769,1,10,-1,1,-1
201501JC30411,2,9,0,18,0,0,0,0,0,0,3,1,6,1,67,10,1599,1,8,-1,1,-1
201501JC30412,1,1,0,18,0,8,0,0,0,0,1,1,6,1,45,7,-1,-1,-1,-1,1,-1
201501JC30412,2,9,0,9,0,8,0,0,0,0,3,1,6,2,-1,-1,1461,2,1,-1,-1,-1
201501JC30413,1,2,0,15,2,2,1,0,0,0,1,1,6,1,28,6,-1,-1,-1,-1,1,-1
201501JC30413,2,19,0,9,0,1,0,0,0,0,4,1,1,1,40,7,-1,-1,-1,-1,1,-1
201501JC30415,1,1,0,15,0,1,0,0,0,0,1,1,2,1,27,6,-1,-1,-1,-1,1,-1
201501JC30415,2,9,0,3,0,1,0,0,0,0,4,1,6,3,-1,-1,-1,-1,-1,-1,-1,-1
201501JC30416,1,9,0,7,0,1,0,0,0,0,3,1,6,2,-1,-1,1388,1,8,-1,1,-1
201501JC30416,2,1,0,9,0,1,0,0,0,0,4,1,6,1,46,8,-1,-1,-1,-1,1,-1
201501JC30417,1,1,0,18,4,8,0,0,0,0,4,1,6,1,43,7,-1,-1,-1,-1,1,-1
201501JC30417,2,9,0,7,0,8,0,0,0,0,1,1,6,1,62,9,1995,2,4,-1,1,-1
201501JC30419,1,9,0,18,0,8,0,0,0,0,3,1,6,2,59,9,999,1,1,-1,-1,-1
201501JC30419,2,9,0,18,0,8,0,0,0,0,1,1,6,3,-1,-1,1968,2,5,-1,-1,-1
201501JC30420,1,9,0,18,0,0,0,4,0,0,1,1,6,1,32,6,1596,1,10,-1,1,-1
201501JC30420,2,19,0,2,0,0,0,0,0,0,3,1,1,1,23,5,-1,-1,-1,-1,1,-1
201501JC30422,1,19,0,18,0,1,0,0,0,0,1,1,1,1,49,8,1995,2,2,-1,1,-1
201501JC30423,1,9,0,9,0,0,0,0,0,0,3,1,6,1,67,10,1997,1,3,-1,1,-1
201501JC30423,2,3,0,14,0,0,0,0,0,0,1,1,1,1,28,6,125,1,-1,-1,1,-1
201501JC30424,1,9,0,18,0,2,0,0,0,0,1,1,6,1,26,6,1910,2,9,-1,1,-1
201501JC30424,2,9,0,3,0,2,0,0,0,0,1,1,6,1,79,11,2184,2,11,-1,1,-1
201501JC30425,1,9,0,9,0,8,0,0,0,0,4,1,1,1,32,6,1461,2,5,-1,1,-1
201501JC30425,2,9,0,18,0,8,0,0,0,0,1,1,6,1,59,9,1596,1,7,-1,1,-1
201501JC30426,1,9,0,10,0,8,0,0,0,0,1,1,6,2,46,8,1242,1,7,-1,1,-1
201501JC30426,2,9,0,9,0,8,0,0,0,0,1,1,6,1,72,10,1590,1,15,-1,1,-1
201501JC30427,1,9,0,1,5,2,0,0,0,0,2,1,6,2,32,6,1596,1,11,-1,1,-1
201501JC30428,1,9,0,3,0,8,0,0,0,0,2,1,6,1,29,6,1240,1,12,-1,1,-1
201501JC30428,2,19,0,18,0,8,0,0,0,0,1,1,6,3,-1,-1,1998,2,13,-1,-1,-1
201501JC30429,1,9,0,7,0,5,0,0,0,0,4,1,6,1,25,5,-1,-1,-1,-1,1,-1
201501JC30429,2,1,0,15,0,1,0,0,0,0,1,1,6,1,-1,-1,-1,-1,-1,-1,1,-1
201501JC30430,1,9,0,18,0,8,0,0,0,0,3,1,6,1,40,7,1598,2,4,-1,1,-1
201501JC30430,2,19,0,18,0,8,0,0,0,0,1,1,6,1,-1,-1,-1,-1,-1,-1,-1,-1
201501JC30431,1,9,0,3,0,8,0,0,0,0,3,1,6,2,38,7,1596,1,-1,-1,1,-1
201501JC30431,2,9,0,11,0,8,0,0,0,0,4,1,6,3,-1,-1,1360,1,9,-1,-1,-1
201501JC30432,1,9,0,18,0,1,0,0,0,0,1,1,6,3,-1,-1,-1,-1,-1,-1,-1,-1
201501JC30433,1,9,0,18,0,7,0,0,0,0,1,1,1,3,-1,-1,2793,1,16,-1,-1,-1
201501JC30433,2,9,0,18,0,7,0,0,7,0,2,1,6,1,54,8,4163,1,2,-1,1,-1
201501JC30436,1,11,0,9,0,2,0,0,0,0,0,1,1,1,51,8,7300,2,10,-1,1,-1
201501JC30437,1,9,0,1,0,0,0,0,0,0,2,1,6,1,-1,-1,-1,-1,-1,-1,-1,-1
201501JC30438,1,3,0,18,0,8,0,0,0,0,0,1,6,1,24,5,124,1,1,-1,1,-1
201501JC30438,2,9,0,9,0,8,0,0,0,0,0,1,6,1,-1,-1,-1,-1,-1,-1,-1,-1
201501JC30439,1,3,0,18,0,0,0,0,0,0,0,1,6,1,49,8,-1,-1,-1,-1,1,-1
201501JC30440,1,11,0,7,0,2,0,0,0,0,0,1,1,1,32,6,9000,2,6,-1,1,-1
201501JC30442,1,1,0,3,0,1,0,0,0,0,3,1,6,1,45,7,-1,-1,-1,-1,1,-1
201501JC30442,2,19,0,18,0,1,0,0,0,0,4,1,6,1,26,6,2287,2,7,-1,1,-1
201501JC30444,1,9,0,5,0,1,0,0,0,0,4,1,6,1,-1,-1,1910,2,10,-1,-1,-1
201501JC30445,1,3,0,5,0,8,0,0,0,0,1,1,1,2,27,6,108,1,2,-1,1,-1
201501JC30445,2,19,0,9,0,8,0,0,0,0,3,1,1,1,36,7,1248,2,3,-1,1,-1
201501JC30446,1,9,0,18,0,0,0,0,0,0,1,1,6,2,53,8,1596,1,9,-1,1,-1
201501JC30446,2,9,0,2,0,0,0,0,0,0,3,1,6,3,-1,-1,1229,1,2,-1,-1,-1
201501JC30447,1,9,0,18,0,8,0,0,0,0,1,1,6,1,42,7,1976,1,5,-1,1,-1
201501JC30447,2,9,0,9,0,8,0,0,0,0,3,1,6,2,34,6,1587,1,12,-1,1,-1
201501JC30448,1,1,0,18,0,1,0,8,0,0,1,1,6,1,32,6,-1,-1,-1,-1,1,-1
201501JC30448,2,9,0,2,0,1,0,0,0,0,3,1,6,1,-1,-1,1242,1,7,-1,-1,-1
201501JC30449,1,9,0,3,0,1,0,0,0,0,2,1,6,2,57,9,1389,1,10,-1,1,-1
201501JC30449,2,9,0,18,0,1,0,0,0,0,1,1,6,1,-1,-1,2997,1,17,-1,-1,-1
201501JC30450,1,5,0,18,0,0,0,0,0,0,1,1,1,1,43,7,996,1,15,-1,1,-1
201501JC30450,2,9,0,11,0,0,0,0,0,0,2,1,1,1,29,6,1560,2,9,-1,1,-1
201501JC30451,1,8,0,9,0,8,0,0,0,0,3,1,6,1,34,6,1798,8,1,-1,1,-1
201501JC30451,2,4,0,14,0,8,0,0,0,0,1,1,6,1,60,9,249,1,12,-1,1,-1
201501JC30452,1,9,0,9,0,2,0,0,0,0,1,1,6,1,39,7,2231,2,9,-1,1,-1
201501JC30453,1,9,0,18,0,0,1,10,7,9,3,1,6,1,26,6,1390,1,11,-1,1,-1
201501JC30454,1,9,0,18,0,0,0,0,0,0,1,1,6,1,65,9,1995,2,11,-1,1,-1
201501JC30455,1,9,0,17,0,0,0,4,1,0,4,1,6,1,21,5,1598,1,11,-1,1,-1
201501JC30455,2,9,0,2,0,0,0,0,0,0,1,1,6,3,-1,-1,2967,2,5,-1,-1,-1
201501JC30455,3,9,0,2,0,0,0,0,0,0,1,1,6,3,-1,-1,1200,1,12,-1,-1,-1
201501JC30456,1,9,0,6,0,0,0,0,0,0,4,1,6,1,31,6,1560,2,4,-1,1,-1
201501JC30456,2,9,0,18,0,0,0,0,0,0,1,1,6,1,31,6,1998,1,10,-1,1,-1
201501JC30458,1,1,0,15,2,8,0,0,0,0,1,1,6,1,51,8,-1,-1,-1,-1,1,-1
201501JC30458,2,9,0,9,0,8,0,0,0,0,4,1,1,1,32,6,1598,2,4,-1,1,-1
201501JC30460,1,9,0,3,0,0,0,0,0,0,2,1,6,1,38,7,1590,1,13,-1,1,-1
201501JC30460,2,9,0,18,0,0,0,0,0,0,1,1,6,3,-1,-1,1248,1,7,-1,-1,-1
201501JC30461,1,1,0,15,4,8,0,0,0,0,3,1,6,1,33,6,-1,-1,-1,-1,1,-1