Accident_Index,Vehicle_Reference,Vehicle_Type,Towing_and_Articulation,Vehicle_Manoeuvre,Vehicle_Location-Restricted_Lane,Junction_Location,Skidding_and_Overturning,Hit_Object_in_Carriageway,Vehicle_Leaving_Carriageway,Hit_Object_off_Carriageway,1st_Point_of_Impact,Was_Vehicle_Left_Hand_Drive?,Journey_Purpose_of_Driver,Sex_of_Driver,Age_of_Driver,Age_Band_of_Driver,Engine_Capacity_(CC),Propulsion_Code,Age_of_Vehicle,Driver_IMD_Decile,Driver_Home_Area_Type,Vehicle_IMD_Decile
201501JI40508,1,9,0,9,0,5,0,0,0,0,1,1,6,1,37,7,1796,1,12,-1,3,-1
201501JI40508,2,9,0,18,0,8,0,0,0,0,3,1,6,2,24,5,1229,1,3,-1,1,-1
201501JI40509,1,9,0,3,0,1,0,0,0,0,4,1,6,1,52,8,1995,2,7,-1,1,-1
201501JI40509,2,1,0,18,9,1,0,0,0,0,1,1,6,1,29,6,-1,-1,-1,-1,1,-1
201501JI40510,1,1,0,18,4,0,0,8,0,0,2,1,6,1,48,8,-1,-1,-1,-1,1,-1
201501JI40510,2,9,0,2,0,0,0,0,0,0,3,1,6,1,-1,-1,1339,8,5,-1,-1,-1
201501JI40511,1,9,0,9,0,8,0,0,0,0,1,1,6,2,64,9,1343,1,12,-1,1,-1
201501JI40511,2,1,0,18,0,8,0,0,0,0,3,1,6,1,52,8,-1,-1,-1,-1,1,-1
201501JI40512,1,9,0,18,0,0,0,0,0,0,1,1,6,1,32,6,2148,2,13,-1,1,-1
201501JI40513,1,9,0,18,0,0,0,0,0,0,1,1,6,2,56,9,1242,1,6,-1,1,-1
201501JI40514,1,9,0,9,0,8,0,0,0,0,1,1,6,1,23,5,1496,1,-1,-1,1,-1
201501JI40514,2,9,0,18,0,8,0,0,1,10,4,1,6,2,25,5,1968,2,-1,-1,3,-1
201501JI40515,1,9,0,4,0,1,0,0,0,0,1,1,6,1,27,6,1398,1,2,-1,1,-1
201501JI40515,2,9,0,4,0,1,0,0,0,0,2,1,6,1,-1,-1,-1,-1,-1,-1,1,-1
201501JI40516,1,9,0,18,0,8,0,0,0,0,3,1,6,2,46,8,1995,2,1,-1,1,-1
201501JI40516,2,9,0,9,0,8,0,0,0,0,1,1,6,2,-1,-1,1598,1,14,-1,1,-1
201501JI40517,1,5,0,14,0,1,1,0,0,0,1,1,2,1,57,9,645,1,14,-1,2,-1
201501JI40517,2,9,0,9,0,5,0,0,0,0,3,1,2,1,36,7,-1,-1,-1,-1,1,-1
201501JI40518,1,9,0,1,0,0,0,0,0,0,2,1,6,2,-1,-1,1895,1,14,-1,-1,-1
201501JI40519,1,9,0,3,0,2,0,0,0,0,3,1,6,1,44,7,1796,1,9,-1,1,-1
201501JI40519,2,9,0,18,0,1,0,0,0,0,3,1,6,3,-1,-1,2993,2,-1,-1,-1,-1
201501JI40520,1,9,0,18,0,1,0,0,0,0,1,1,6,1,24,5,1896,2,18,-1,1,-1
201501JI40521,1,9,0,3,0,1,0,0,0,0,2,1,6,2,37,7,1498,1,8,-1,1,-1
201501JI40521,2,9,0,18,0,1,0,0,0,0,1,1,6,1,-1,-1,-1,-1,-1,-1,-1,-1
201501JI40522,1,9,0,18,0,1,0,0,0,0,1,1,6,1,29,6,-1,-1,-1,-1,1,-1
201501JI40522,2,9,0,3,0,1,0,0,0,0,2,1,6,1,35,6,1560,2,10,-1,1,-1
201501JI40522,3,9,0,3,0,1,0,0,0,0,2,1,1,1,42,7,1560,2,1,-1,1,-1
201501JI40522,4,9,0,3,0,1,0,0,0,0,2,1,6,1,29,6,1968,2,6,-1,1,-1
201501JI40523,1,9,0,3,0,1,0,0,0,0,2,1,6,1,24,5,1796,1,7,-1,1,-1
201501JI40523,2,9,0,18,0,1,0,0,0,0,1,1,6,1,-1,-1,1497,8,7,-1,-1,-1
201501JI40525,1,9,0,1,0,0,0,0,0,0,2,1,6,2,64,9,1124,1,11,-1,1,-1
201501JI40525,2,9,0,5,0,0,0,0,0,0,1,1,6,1,-1,-1,2148,2,13,-1,1,-1
201501JI40526,1,8,0,18,0,2,0,0,0,0,2,1,6,1,28,6,1998,1,7,-1,1,-1
201501JI40526,2,9,0,18,0,2,0,0,0,0,1,1,6,2,31,6,1386,1,2,-1,1,-1
201501JI40528,1,9,0,18,0,1,0,0,0,0,1,1,6,1,26,6,1896,2,10,-1,-1,-1
201501JI40528,2,9,0,5,0,1,0,0,0,0,3,1,6,1,41,7,1149,1,12,-1,1,-1
201501JI40529,1,9,0,18,0,0,0,0,0,0,1,1,6,1,36,7,1560,2,8,-1,1,-1
201501JI40530,1,9,0,3,0,2,0,0,0,0,2,1,6,1,38,7,2000,2,6,-1,1,-1
201501JI40530,2,9,0,9,0,2,0,0,0,0,1,1,6,1,47,8,1994,2,13,-1,1,-1
201501JI40531,1,9,0,5,0,1,0,0,0,0,0,1,6,3,-1,-1,-1,-1,-1,-1,-1,-1
201501JI40532,1,9,0,4,0,1,0,0,0,0,2,1,1,1,35,6,1686,2,10,-1,1,-1
201501JI40532,2,3,0,18,0,1,0,0,0,0,1,1,6,1,40,7,124,1,8,-1,1,-1
201501JI40533,1,3,0,18,0,8,0,0,0,0,1,1,6,1,26,6,-1,-1,-1,-1,1,-1
201501JI40533,2,9,0,9,0,8,0,0,0,0,3,1,6,2,-1,-1,1769,1,10,-1,-1,-1
201501JI40534,1,19,0,14,0,0,0,0,0,0,1,1,1,1,49,8,1753,2,3,-1,1,-1
201501JI40535,1,9,0,18,0,8,0,0,0,0,4,1,6,1,31,6,1590,1,11,-1,1,-1
201501JI40535,2,9,0,17,0,8,0,0,0,0,1,1,6,2,26,6,1596,1,11,-1,1,-1
201501JI40536,1,9,0,4,0,1,0,0,0,0,1,1,6,2,40,7,1997,2,4,-1,1,-1
201501JI40537,1,11,0,18,0,8,0,0,0,0,3,1,1,1,-1,-1,4500,2,8,-1,1,-1
201501JI40537,2,9,0,7,0,8,0,0,0,0,4,1,6,1,48,8,1796,1,8,-1,1,-1
201501JI40538,1,9,0,3,0,8,0,0,0,0,2,1,6,1,22,5,-1,-1,-1,-1,1,-1
201501JI40538,2,9,0,18,0,8,0,0,0,0,1,1,6,3,-1,-1,-1,-1,-1,-1,-1,-1
201501JI40539,1,3,0,18,0,1,1,0,0,0,1,1,1,1,20,4,109,1,2,-1,1,-1
201501JI40539,2,9,0,3,0,1,0,0,0,0,1,1,6,1,64,9,1461,2,1,-1,1,-1
201501JI40540,1,9,0,9,0,2,0,0,0,0,1,1,6,3,-1,-1,-1,-1,-1,-1,-1,-1
201501JI40542,1,3,0,18,0,1,1,0,0,0,3,1,6,1,36,7,125,1,4,-1,1,-1
201501JI40543,1,9,0,2,0,0,0,0,0,0,3,1,2,2,37,7,1396,1,14,-1,1,-1
201501JI40543,2,9,0,18,0,0,0,4,0,0,4,1,6,1,-1,-1,1124,1,10,-1,-1,-1
201501JI40545,1,9,0,18,0,0,0,0,0,0,4,1,6,1,31,6,1995,2,9,-1,1,-1
201501JI40545,2,9,0,18,0,0,0,0,0,0,3,1,6,1,22,5,1796,1,9,-1,1,-1
201501JI40547,1,9,0,3,0,1,0,0,0,0,2,1,6,1,48,8,1798,1,8,-1,1,-1
201501JI40547,2,9,0,18,0,1,0,0,0,0,1,1,6,1,-1,-1,2148,2,12,-1,-1,-1
201501JI40548,1,9,0,4,0,8,0,0,0,0,2,1,6,1,24,5,1781,1,14,-1,1,-1
201501JI40548,2,9,0,18,0,8,0,0,0,0,1,1,6,1,47,8,1600,1,11,-1,1,-1
201501JI40549,1,9,0,7,0,2,0,0,0,0,3,1,6,1,34,6,1984,1,15,-1,1,-1
201501JI40549,2,9,0,1,0,2,0,0,0,0,3,1,6,1,-1,-1,1388,1,7,-1,-1,-1
201501JI40550,1,9,0,9,0,8,0,0,0,0,3,1,6,2,41,7,-1,-1,-1,-1,1,-1
201501JI40550,2,9,0,18,0,8,0,0,0,0,1,1,6,1,27,6,1995,2,8,-1,1,-1
201501JI40551,1,1,0,4,0,1,0,0,0,0,1,1,6,2,46,8,-1,-1,-1,-1,1,-1
201501JI40551,2,19,0,1,0,1,0,0,0,0,2,1,6,3,-1,-1,-1,-1,-1,-1,-1,-1
201501JI40552,1,1,0,15,0,0,0,8,0,0,1,1,6,1,51,8,-1,-1,-1,-1,1,-1
201501JI40552,2,9,0,3,0,0,0,0,0,0,4,1,6,1,-1,-1,-1,-1,-1,-1,-1,-1
201501JI40554,1,9,0,18,0,1,0,0,0,0,4,1,1,2,64,9,1242,1,5,-1,1,-1
201501JI40555,1,9,0,17,0,1,0,0,0,0,4,1,6,1,26,6,1364,1,5,-1,1,-1
201501JI40555,2,19,0,17,0,1,0,0,0,0,3,1,6,1,-1,-1,-1,-1,-1,-1,-1,-1
201501JI40556,1,9,0,16,0,8,0,0,0,0,4,1,6,2,30,6,1299,1,10,-1,1,-1
201501JI40556,2,9,0,5,0,8,0,0,0,0,1,1,6,3,-1,-1,-1,-1,-1,-1,-1,-1
201501JI40557,1,9,0,18,0,0,0,0,0,0,3,1,6,1,19,4,1388,1,11,-1,1,-1
201501JI40557,2,8,0,18,0,0,0,0,0,0,3,1,1,1,35,6,1497,8,7,-1,1,-1
201501JI40558,1,9,0,9,0,8,0,0,0,0,1,1,6,1,20,4,1598,1,9,-1,1,-1
201501JI40558,2,9,0,18,0,8,0,0,0,0,1,1,6,1,30,6,2000,2,10,-1,-1,-1
201501JI40559,1,9,0,18,0,0,0,0,0,0,1,1,6,2,27,6,-1,-1,-1,-1,1,-1
201501JI40559,2,9,0,6,0,0,0,0,0,0,4,1,6,1,-1,-1,-1,-1,-1,-1,-1,-1
201501JI40561,1,11,0,5,0,8,0,0,0,0,1,1,1,1,42,7,8268,2,12,-1,1,-1
201501JI40561,2,9,0,18,0,1,0,0,0,0,3,1,6,2,43,7,1997,1,5,-1,1,-1
201501JI40562,1,9,0,3,0,1,0,0,0,0,2,1,6,1,24,5,1598,1,3,-1,1,-1
201501JI40562,2,9,0,18,0,1,0,0,0,0,1,1,6,3,-1,-1,1598,1,11,-1,-1,-1
201501JI40563,1,9,0,18,0,8,0,10,1,0,1,1,6,1,23,5,1995,2,3,-1,1,-1
201501JI40563,2,9,0,5,0,8,0,0,0,0,3,1,6,1,53,8,1339,8,6,-1,1,-1
201501JI40564,1,9,0,4,0,0,0,0,0,0,2,1,1,1,21,5,-1,-1,-1,-1,1,-1
201501JI40564,2,9,0,3,0,0,0,0,0,0,2,1,6,1,48,8,1995,1,10,-1,1,-1
201501JI40564,3,9,0,3,0,0,0,0,0,0,2,1,6,2,38,7,1339,1,7,-1,1,-1
201501JI40565,1,9,0,3,0,1,0,0,0,0,2,1,6,1,35,6,1390,1,9,-1,1,-1
201501JI40565,2,1,0,18,0,1,0,0,0,0,1,1,6,1,36,7,-1,-1,-1,-1,1,-1
201501JI40566,1,9,0,5,0,1,0,0,0,0,1,1,6,1,26,6,1900,2,9,-1,1,-1
201501JI40566,2,9,0,3,0,1,0,0,0,0,2,1,6,1,41,7,998,1,2,-1,1,-1
201501JI40567,1,8,0,18,0,0,0,0,0,0,1,1,1,1,44,7,1997,2,4,-1,1,-1
201501JI40567,2,9,0,18,0,0,0,0,0,0,1,1,6,1,-1,-1,1600,1,15,-1,-1,-1
201501JI40568,1,9,0,3,0,0,0,0,0,0,1,1,6,1,33,6,1910,2,7,-1,1,-1
201501JI40568,2,9,0,1,0,0,0,0,0,0,2,1,6,3,-1,-1,1242,1,11,-1,-1,-1
201501JI40569,1,9,0,18,0,0,0,0,0,0,3,1,6,3,-1,-1,-1,-1,-1,-1,-1,-1
201501JI40573,1,9,0,5,0,1,0,0,0,0,4,1,1,1,-1,-1,1598,2,-1,-1,-1,-1
201501JI40573,2,1,0,18,9,1,0,0,0,0,1,1,6,1,17,4,-1,-1,-1,-1,1,-1
201501JI40574,1,9,0,18,0,0,0,0,0,0,4,1,6,2,42,7,1896,2,13,-1,-1,-1
201501JI40574,2,21,0,12,0,0,0,0,0,0,3,1,1,1,-1,-1,-1,-1,-1,-1,-1,-1
201501JI40575,1,9,0,3,0,0,0,0,0,0,2,1,1,1,28,6,1582,2,2,-1,-1,-1
201501JI40575,2,19,0,18,0,0,0,0,0,0,1,1,1,1,45,7,2151,2,10,-1,1,-1
201501JI40576,1,9,0,8,0,1,0,0,0,0,1,1,6,2,72,10,1198,1,2,-1,1,-1
201501JI40576,2,9,0,4,0,1,0,0,0,0,1,1,6,2,-1,-1,-1,-1,-1,-1,-1,-1
201501JI40577,1,21,0,3,0,0,0,0,0,0,2,1,1,1,43,7,6870,2,7,-1,1,-1
201501JI40577,2,9,0,4,0,0,0,0,0,0,2,1,6,2,26,6,-1,-1,-1,-1,1,-1
201501JI40577,3,20,0,18,0,0,0,0,0,0,1,1,1,1,27,6,2198,2,1,-1,2,-1
201501JI40577,4,9,0,18,0,0,0,0,0,0,1,1,6,1,26,6,1199,1,12,-1,1,-1
201501JI40578,1,9,0,9,0,8,0,0,0,0,1,1,6,2,19,4,1329,1,-1,-1,1,-1
201501JI40578,2,9,0,18,0,8,0,0,0,0,1,1,6,1,-1,-1,2494,1,10,-1,-1,-1
201501JI40579,1,8,0,5,0,1,0,0,0,0,2,1,1,1,57,9,1753,2,6,-1,1,-1
201501JI40579,2,20,0,5,0,1,0,0,0,0,1,1,1,1,47,8,4764,2,3,-1,1,-1
201501JI40580,1,9,0,7,0,8,0,0,0,0,0,1,6,2,58,9,1794,1,15,-1,1,-1
201501JI40580,2,4,0,18,0,8,0,0,0,0,4,1,6,1,-1,-1,-1,-1,-1,-1,-1,-1
201501JI40581,1,19,0,18,0,1,0,0,0,0,1,1,1,1,41,7,2198,2,3,-1,1,-1
201501JI40581,2,9,0,18,0,1,0,0,0,0,2,1,6,2,67,10,1497,1,12,-1,2,-1
201501JI40584,1,9,0,18,0,1,0,0,0,0,3,1,6,2,64,9,998,1,1,-1,1,-1
201501JI40584,2,21,0,11,0,1,0,0,0,0,4,1,1,1,-1,-1,16120,2,2,-1,-1,-1
201501JI40585,1,8,0,9,0,1,0,0,0,0,2,1,1,1,43,7,1497,8,6,-1,1,-1
201501JI40585,2,9,0,18,0,1,0,0,0,0,1,1,6,1,-1,-1,1896,2,13,-1,-1,-1
201501JI40586,1,9,0,4,0,1,0,0,0,0,2,1,6,1,50,8,1997,2,6,-1,1,-1
201501JI40586,2,9,0,4,0,1,0,0,0,0,2,1,6,1,40,7,-1,-1,-1,-1,1,-1
201501JI40586,3,19,0,18,0,1,0,0,0,0,1,1,6,1,26,6,-1,-1,-1,-1,1,-1
201501JI40587,1,9,0,2,0,0,0,0,0,0,3,1,6,2,28,6,1498,1,9,-1,1,-1
201501JI40587,2,9,0,16,0,0,0,8,0,0,3,1,6,1,-1,-1,1781,1,12,-1,-1,-1
201501JI40588,1,9,0,18,0,8,0,0,0,0,1,1,6,2,55,8,2987,2,9,-1,-1,-1
201501JI40588,2,1,0,18,0,8,0,0,0,0,3,1,6,1,14,3,-1,-1,-1,-1,1,-1
201501JI40589,1,11,0,5,0,0,0,0,0,0,0,1,1,1,52,8,8268,2,10,-1,1,-1
201501JI40590,1,11,0,9,0,4,0,0,0,0,0,1,1,1,39,7,9360,2,5,-1,1,-1
201501JI40591,1,9,0,18,0,8,0,0,0,0,3,1,6,1,29,6,1995,2,7,-1,1,-1
201501JI40591,2,19,0,9,0,8,0,4,0,0,1,1,6,1,44,7,2148,2,7,-1,1,-1
201501JI40591,3,9,0,2,0,1,0,0,0,0,3,1,6,3,-1,-1,-1,-1,-1,-1,-1,-1
201501JI40592,1,9,0,9,0,8,0,0,0,0,3,1,6,1,56,9,1769,1,25,-1,-1,-1
201501JI40592,2,3,0,18,0,8,0,0,0,0,1,1,6,1,17,4,124,1,-1,-1,1,-1
201501JI40593,1,1,0,7,0,1,0,0,0,0,3,1,6,1,42,7,-1,-1,-1,-1,1,-1
201501JI40593,2,9,0,7,0,1,0,0,0,0,4,1,6,1,25,5,2143,2,6,-1,1,-1
201501JI40594,1,9,0,2,0,0,0,0,0,0,3,1,2,2,22,5,1299,1,15,-1,1,-1
201501JI40594,2,9,0,12,0,0,0,4,0,0,4,1,1,1,32,6,-1,-1,-1,-1,1,-1
201501JI40595,1,19,0,18,0,1,0,10,1,4,1,1,1,1,24,5,1248,2,3,-1,1,-1
201501JI40596,1,11,0,3,0,0,0,0,0,0,0,1,1,1,58,9,6700,2,5,-1,1,-1
201501JI40597,1,9,0,5,0,1,0,0,0,0,2,1,6,2,49,8,1248,1,1,-1,1,-1
201501JI40597,2,9,0,5,0,1,0,0,0,0,1,1,6,2,49,8,1368,1,9,-1,1,-1
201501JI40598,1,9,0,12,0,0,0,0,0,0,3,1,6,1,26,6,1796,1,5,-1,1,-1
201501JI40598,2,9,0,18,0,0,0,0,0,0,4,1,6,1,51,8,1753,2,14,-1,1,-1
201501JI40602,1,11,0,5,0,0,0,0,0,0,0,1,1,1,36,7,4461,2,3,-1,1,-1
201501JI40603,1,9,0,11,0,0,0,0,0,0,4,1,6,1,36,7,1995,2,4,-1,1,-1
201501JI40603,2,5,0,13,0,0,0,0,0,0,1,1,6,1,50,8,800,1,1,-1,-1,-1
201501JI40605,1,9,0,18,2,1,0,0,0,0,3,1,6,1,18,4,-1,-1,-1,-1,-1,-1
201501JI40605,2,9,0,7,0,8,0,0,0,0,4,1,6,1,33,6,1896,2,9,-1,1,-1
201501JI40606,1,9,0,18,0,8,0,0,0,0,3,1,6,1,24,5,998,1,12,-1,1,-1
201501JI40606,2,9,0,9,0,8,0,0,0,0,1,1,6,1,26,6,1997,2,8,-1,1,-1
201501JI40607,1,9,0,7,0,8,0,0,0,0,4,1,6,1,46,8,1598,1,12,-1,1,-1
201501JI40607,2,9,0,18,0,8,0,0,0,0,3,1,1,1,24,5,1560,2,1,-1,3,-1
201501JI40608,1,9,0,18,0,1,0,4,0,0,1,1,6,1,55,8,1796,1,2,-1,-1,-1
201501JI40608,2,9,0,2,0,1,0,0,0,0,2,1,6,2,42,7,1397,1,13,-1,1,-1
201501JI40610,1,9,0,5,0,1,0,0,0,0,2,1,2,2,24,5,-1,-1,-1,-1,1,-1
201501JI40610,2,9,0,5,0,1,0,0,0,0,1,1,6,1,-1,-1,1497,8,8,-1,-1,-1
201501JI40611,1,1,0,3,0,1,0,0,0,0,2,1,6,2,-1,-1,-1,-1,-1,-1,1,-1
201501JI40611,2,19,0,5,0,1,0,0,0,0,1,1,6,1,-1,-1,2148,2,8,-1,-1,-1
201501JI40612,1,11,0,3,0,0,0,0,0,0,0,1,1,1,48,8,9000,2,5,-1,1,-1
201501JI40613,1,9,0,3,0,1,0,0,0,0,2,1,6,2,41,7,2993,2,4,-1,1,-1
201501JI40613,2,9,0,3,0,1,0,0,0,0,2,1,6,1,47,8,1998,1,11,-1,1,-1
201501JI40613,3,9,0,18,0,1,0,0,0,0,1,1,6,2,37,7,4999,1,5,-1,1,-1
201501JI40614,1,9,0,18,0,2,0,0,0,0,1,1,6,1,56,9,1796,1,6,-1,1,-1
201501JI40615,1,9,0,5,0,8,0,0,0,0,1,1,6,2,39,7,1796,1,9,-1,1,-1
201501JI40615,2,2,0,5,0,8,0,0,0,0,4,1,1,2,21,5,-1,-1,-1,-1,-1,-1
201501JI40616,1,9,0,10,0,1,0,0,0,0,2,1,6,2,26,6,-1,-1,-1,-1,1,-1
201501JI40616,2,9,0,9,0,1,0,0,0,0,1,1,6,1,-1,-1,1968,2,8,-1,-1,-1
201501JI40618,1,4,0,12,0,2,0,0,0,0,1,1,2,1,38,7,847,1,-1,-1,1,-1
201501JI40618,2,8,0,3,0,2,0,0,0,0,2,1,6,1,49,8,1995,2,7,-1,-1,-1
201501JI40619,1,9,0,18,0,8,0,0,0,0,4,1,6,1,32,6,1998,2,7,-1,1,-1
201501JI40619,2,3,0,18,0,8,0,0,0,0,1,1,6,1,44,7,-1,-1,-1,-1,1,-1
201501JI40620,1,9,0,4,0,8,0,0,0,0,3,1,6,1,44,7,1560,2,7,-1,-1,-1
201501JI40620,2,3,0,18,0,8,0,0,0,0,3,1,6,1,24,5,599,1,8,-1,1,-1
201501JI40620,3,3,0,11,0,8,0,0,0,0,4,1,6,1,-1,-1,-1,-1,-1,-1,-1,-1
201501JI40621,1,9,0,5,0,8,0,0,0,0,4,1,6,1,29,6,998,1,14,-1,1,-1
201501JI40621,2,9,0,7,0,1,0,0,0,0,1,1,6,2,-1,-1,1968,2,1,-1,-1,-1
201501JI40622,1,21,0,4,0,0,0,0,0,0,1,1,1,1,44,7,10837,2,7,-1,1,-1
201501JI40622,2,9,0,4,0,0,0,0,0,0,1,1,6,1,48,8,1598,1,9,-1,1,-1
201501JI40622,3,9,0,4,0,0,0,0,0,0,2,1,6,2,29,6,1560,2,-1,-1,-1,-1
201501JI40623,1,9,0,18,0,8,0,0,0,0,1,1,6,2,52,8,-1,-1,-1,-1,1,-1
201501JI40623,2,9,0,18,0,8,0,0,0,0,3,1,6,1,55,8,-1,-1,-1,-1,1,-1
201501JI40625,1,9,0,9,0,8,0,0,0,0,0,1,6,1,25,5,1995,2,8,-1,1,-1
201501JI40625,2,11,0,18,0,1,0,0,0,0,0,1,1,1,46,8,4500,2,8,-1,1,-1
201501JI40626,1,9,0,4,0,0,0,0,0,0,2,1,6,1,64,9,1896,2,12,-1,1,-1
201501JI40626,2,9,0,18,0,0,0,0,0,0,1,1,6,1,-1,-1,-1,-1,-1,-1,-1,-1
201501JI40627,1,9,0,18,0,8,0,0,0,0,3,1,6,1,52,8,1769,1,10,-1,1,-1
201501JI40627,2,9,0,18,0,8,0,0,0,0,1,1,6,1,35,6,2199,2,6,-1,1,-1
201501JI40628,1,9,0,4,0,0,0,0,0,0,2,1,6,2,36,7,1998,1,12,-1,-1,-1
201501JI40628,2,5,0,4,0,0,0,0,0,0,1,1,6,1,25,5,599,1,11,-1,1,-1
201501JI40629,1,9,0,18,0,0,0,0,0,0,1,1,6,1,43,7,2987,2,8,-1,1,-1
201501JI40630,1,9,0,2,0,0,0,0,0,0,3,1,6,2,52,8,-1,-1,-1,-1,1,-1
201501JI40630,2,9,0,3,0,0,0,0,0,0,4,1,6,2,45,7,998,1,2,-1,1,-1
201501JI40630,3,1,0,18,0,0,0,0,0,0,1,1,6,1,29,6,-1,-1,-1,-1,1,-1
201501JI40631,1,9,0,9,0,8,0,0,0,0,3,1,6,1,36,7,1798,1,8,-1,1,-1
201501JI40631,2,9,0,18,0,8,0,0,0,0,1,1,6,3,-1,-1,1598,1,1,-1,-1,-1
201501JI40632,1,3,0,15,0,8,0,0,0,0,1,1,6,1,-1,-1,125,1,-1,-1,1,-1
201501JI40632,2,9,0,9,0,8,0,0,0,0,3,1,6,1,-1,-1,-1,-1,-1,-1,-1,-1
201501JI40633,1,9,0,9,0,8,0,0,0,0,4,1,6,1,48,8,1896,2,11,-1,1,-1
201501JI40633,2,1,0,15,0,1,0,0,0,0,1,1,6,1,56,9,-1,-1,-1,-1,1,-1
201501JI40634,1,9,0,9,0,8,0,0,0,0,3,1,6,1,44,7,1799,1,4,-1,1,-1
201501JI40634,2,9,0,12,0,8,0,0,0,0,4,1,6,1,-1,-1,-1,-1,-1,-1,-1,-1
201501JI40635,1,9,0,18,0,0,0,0,0,0,2,1,6,1,27,6,998,1,5,-1,1,-1
201501JI40635,2,21,0,13,0,0,0,0,0,0,1,1,1,1,-1,-1,12809,2,1,-1,-1,-1
201501JI40636,1,19,0,18,0,0,0,0,0,0,1,1,1,1,57,9,2494,2,13,-1,1,-1
201501JI40636,2,9,0,3,0,0,0,0,0,0,2,1,6,1,66,10,998,1,3,-1,1,-1
201501JI40636,3,19,0,3,0,0,0,0,0,0,2,1,6,1,61,9,-1,-1,-1,-1,1,-1
201501JI40636,4,9,0,4,0,0,0,0,0,0,2,1,1,1,-1,-1,998,1,-1,-1,-1,-1
201501JI40638,1,9,0,4,0,0,0,0,0,0,2,1,6,1,38,7,1968,2,1,-1,3,-1
201501JI40638,2,19,0,11,0,0,0,0,0,0,1,1,6,1,54,8,1753,2,8,-1,1,-1
201501JI40639,1,9,0,18,0,8,0,0,0,0,4,1,6,1,24,5,1596,1,8,-1,1,-1
201501JI40639,2,9,0,9,0,8,0,0,0,0,1,1,6,1,46,8,-1,-1,-1,-1,1,-1
201501JI40640,1,9,0,18,0,8,0,0,0,0,3,1,6,1,30,6,1797,8,6,-1,1,-1
201501JI40640,2,19,4,11,0,8,0,0,0,0,4,1,6,1,-1,-1,-1,-1,-1,-1,-1,-1
201501JI40641,1,19,0,17,0,8,0,0,0,0,2,1,1,1,36,7,2198,2,-1,-1,1,-1
201501JI40641,2,1,0,17,0,8,0,0,0,0,1,1,6,1,35,6,-1,-1,-1,-1,1,-1
201501JI40642,1,9,0,14,0,0,0,0,0,0,4,1,1,2,57,9,-1,-1,-1,-1,1,-1
201501JI40643,1,9,0,18,0,0,0,0,0,0,1,1,6,1,21,5,-1,-1,-1,-1,1,-1
201501JI40644,1,9,0,18,0,0,0,0,0,0,1,1,6,1,46,8,1796,1,9,-1,1,-1
201501JI40645,1,9,0,9,0,8,0,0,0,0,1,1,6,2,39,7,1796,1,13,-1,1,-1
201501JI40645,2,9,0,18,0,8,0,0,0,0,1,1,6,1,39,7,1198,1,3,-1,1,-1
201501JI40648,1,9,0,9,0,1,0,0,0,0,1,1,6,3,-1,-1,2148,2,10,-1,-1,-1
201501JI40649,1,9,0,18,0,8,0,4,0,0,1,1,6,2,34,6,1149,1,10,-1,1,-1
201501JI40649,2,9,0,2,0,8,0,10,1,2,3,1,6,1,-1,-1,1240,1,10,-1,-1,-1
201501JI40651,1,9,0,4,0,8,0,0,0,0,2,1,6,1,31,6,1997,1,15,-1,-1,-1
201501JI40651,2,9,0,18,0,8,0,0,0,0,1,1,6,1,48,8,-1,-1,-1,-1,-1,-1
201501JI40654,1,11,0,18,0,8,0,0,0,0,1,1,1,1,45,7,-1,-1,-1,-1,1,-1
201501JI40654,2,9,0,18,0,8,0,0,0,0,3,1,6,1,-1,-1,1796,1,15,-1,1,-1
201501JI40655,1,9,0,18,0,8,0,0,0,0,1,1,6,1,33,6,1390,1,8,-1,1,-1
201501JI40655,2,9,0,18,0,8,0,0,0,0,4,1,6,1,29,6,1598,1,11,-1,1,-1
201501JI40656,1,9,0,9,0,8,0,0,0,0,1,1,6,2,28,6,1598,1,6,-1,-1,-1
201501JI40656,2,9,0,18,0,8,0,0,0,0,1,1,6,3,-1,-1,-1,-1,-1,-1,-1,-1
201501JI40657,1,9,0,4,0,8,0,0,0,0,2,1,6,2,42,7,1995,2,-1,-1,1,-1
201501JI40657,2,9,0,18,0,8,0,0,0,0,1,1,6,1,-1,-1,-1,-1,-1,-1,-1,-1
201501JI40658,1,9,0,18,0,2,0,0,0,0,4,1,6,1,20,4,799,2,5,-1,1,-1
201501JI40659,1,9,0,18,0,8,0,0,0,0,3,1,6,1,32,6,-1,-1,-1,-1,1,-1
201501JI40659,2,20,0,1,0,8,0,0,0,0,2,1,6,1,-1,-1,-1,-1,-1,-1,-1,-1
201501JI40660,1,9,0,9,0,8,0,0,0,0,1,1,3,2,39,7,1685,2,-1,-1,1,-1
201501JI40660,2,9,0,9,0,8,0,0,0,0,1,1,1,2,44,7,1198,1,2,-1,1,-1
201501JI40661,1,3,0,13,0,8,0,0,0,0,3,1,6,1,25,5,124,1,5,-1,1,-1
201501JI40661,2,9,0,9,0,8,0,0,0,0,1,1,6,1,34,6,1560,2,1,-1,1,-1
201501JI40662,1,3,0,18,0,8,0,0,0,0,4,1,6,1,-1,-1,-1,-1,-1,-1,-1,-1
201501JI40663,1,9,0,6,0,8,0,0,0,0,4,1,6,1,19,4,2987,2,5,-1,1,-1
201501JI40663,2,3,0,18,0,8,0,0,0,0,1,1,6,1,-1,-1,124,1,14,-1,-1,-1
201501JI40664,1,9,0,18,0,0,0,0,0,0,1,1,6,1,31,6,-1,-1,-1,-1,-1,-1
201501JI40664,2,9,0,1,0,0,0,0,0,0,2,1,6,1,-1,-1,2993,2,3,-1,-1,-1
201501JI40665,1,9,0,9,0,8,0,0,0,0,1,1,6,1,57,9,2993,2,1,-1,1,-1
201501JI40665,2,1,0,15,0,8,0,0,0,0,1,1,6,1,41,7,-1,-1,-1,-1,1,-1