Accident_Index,Vehicle_Reference,Vehicle_Type,Towing_and_Articulation,Vehicle_Manoeuvre,Vehicle_Location-Restricted_Lane,Junction_Location,Skidding_and_Overturning,Hit_Object_in_Carriageway,Vehicle_Leaving_Carriageway,Hit_Object_off_Carriageway,1st_Point_of_Impact,Was_Vehicle_Left_Hand_Drive?,Journey_Purpose_of_Driver,Sex_of_Driver,Age_of_Driver,Age_Band_of_Driver,Engine_Capacity_(CC),Propulsion_Code,Age_of_Vehicle,Driver_IMD_Decile,Driver_Home_Area_Type,Vehicle_IMD_Decile
201501JI40840,1,9,0,9,0,8,0,0,0,0,0,1,6,1,30,6,1995,1,8,-1,1,-1
201501JI40840,2,1,0,18,0,8,1,0,0,0,0,1,6,1,33,6,-1,-1,-1,-1,1,-1
201501JI40841,1,9,0,2,0,0,0,0,0,0,2,1,6,3,-1,-1,-1,-1,-1,-1,-1,-1
201501JI40841,2,9,0,18,0,0,0,0,0,0,1,1,6,2,48,8,1124,1,10,-1,-1,-1
201501JI40841,3,19,0,18,0,0,0,0,0,0,1,1,6,1,22,5,2143,2,3,-1,1,-1
201501JI40842,1,9,0,18,0,1,1,9,0,0,1,1,6,1,25,5,1984,1,8,-1,1,-1
201501JI40844,1,9,0,9,0,8,0,0,0,0,4,1,6,1,31,6,1399,2,3,-1,1,-1
201501JI40844,2,9,0,15,2,8,0,0,0,0,1,1,6,2,36,7,1497,8,8,-1,-1,-1
201501JI40845,1,11,0,5,0,0,0,0,0,0,0,1,1,1,58,9,6692,2,6,-1,1,-1
201501JI40847,1,9,0,5,0,2,0,0,0,0,3,1,1,2,23,5,1198,1,2,-1,1,-1
201501JI40847,2,3,0,18,0,2,0,0,0,0,4,1,6,1,34,6,998,1,14,-1,1,-1
201501JI40849,1,1,0,18,0,8,0,0,0,0,3,1,2,1,20,4,-1,-1,-1,-1,1,-1
201501JI40849,2,9,0,7,0,8,0,0,0,0,1,1,6,1,20,4,2143,2,2,-1,-1,-1
201501JI40851,1,9,0,18,0,8,0,0,0,0,4,1,6,2,38,7,2179,2,3,-1,1,-1
201501JI40851,2,9,0,9,0,8,0,0,0,0,1,1,6,2,41,7,1970,1,11,-1,1,-1
201501JI40852,1,9,0,9,0,8,0,0,0,0,3,1,6,2,19,4,1242,1,9,-1,1,-1
201501JI40852,2,9,0,18,0,8,0,0,0,0,1,1,6,1,20,4,875,1,-1,-1,-1,-1
201501JI40854,1,9,0,18,0,0,0,0,0,0,2,1,6,1,19,4,1149,1,10,-1,1,-1
201501JI40854,2,9,0,18,0,0,0,0,0,0,1,1,6,1,22,5,1598,2,1,-1,-1,-1
201501JI40855,1,9,0,18,0,1,0,0,0,0,1,1,6,3,-1,-1,3199,1,15,-1,-1,-1
201501JI40857,1,9,0,4,0,8,0,0,0,0,2,1,6,1,69,10,-1,-1,-1,-1,1,-1
201501JI40857,2,9,0,4,0,8,0,0,0,0,1,1,6,2,24,5,-1,-1,-1,-1,1,-1
201501JI40858,1,8,0,8,0,1,0,0,0,0,2,1,1,1,59,9,1997,2,1,-1,1,-1
201501JI40858,2,9,0,7,0,1,0,0,0,0,1,1,6,2,-1,-1,1388,1,5,-1,-1,-1
201501JI40859,1,9,0,18,0,8,0,0,0,0,1,1,2,1,25,5,2000,1,6,-1,1,-1
201501JI40859,2,9,0,7,0,1,0,0,0,0,3,1,6,1,71,10,1560,2,1,-1,1,-1
201501JI40860,1,9,0,5,0,1,0,0,0,0,1,1,6,3,-1,-1,-1,-1,-1,-1,-1,-1
201501JI40861,1,9,0,4,0,8,0,0,0,0,3,1,6,2,23,5,998,1,5,-1,1,-1
201501JI40861,2,9,0,11,0,8,0,0,0,0,4,1,6,1,-1,-1,1596,1,14,-1,-1,-1
201501JI40862,1,9,0,7,0,8,0,0,0,0,3,1,6,2,33,6,1968,2,7,-1,1,-1
201501JI40862,2,9,0,7,0,8,0,0,0,0,4,1,6,1,-1,-1,1995,2,3,-1,-1,-1
201501JI40864,1,9,0,7,0,2,0,0,0,0,4,1,2,2,28,6,1368,1,8,-1,1,-1
201501JI40864,2,9,0,7,0,2,0,0,0,0,3,1,6,2,-1,-1,2179,2,-1,-1,-1,-1
201501JI40865,1,9,0,3,0,0,0,0,0,0,2,1,6,2,22,5,-1,-1,-1,-1,-1,-1
201501JI40865,2,9,0,18,0,0,0,0,0,0,1,1,6,1,-1,-1,-1,-1,-1,-1,-1,-1
201501JI40865,3,9,0,3,0,0,0,0,0,0,3,1,6,1,22,5,-1,-1,-1,-1,1,-1
201501JI40866,1,9,0,18,0,0,1,0,1,7,1,1,6,1,-1,-1,1991,1,15,-1,-1,-1
201501JI40866,2,9,0,18,0,0,1,0,1,7,4,1,2,2,42,7,1397,1,6,-1,1,-1
201501JI40866,3,9,0,18,0,0,0,0,0,0,2,1,6,1,47,8,1968,2,1,-1,1,-1
201501JI40867,1,9,0,4,0,0,0,0,0,0,2,1,6,1,20,4,1595,1,12,-1,1,-1
201501JI40867,2,9,0,4,0,0,0,0,0,0,1,1,6,1,-1,-1,1995,2,4,-1,1,-1
201501JI40868,1,9,0,4,0,0,0,0,0,0,2,1,6,2,22,5,1388,1,4,-1,1,-1
201501JI40868,2,9,0,18,0,0,0,0,0,0,1,1,6,2,42,7,1598,2,5,-1,-1,-1
201501JI40869,1,9,0,5,0,1,0,0,0,0,4,1,3,2,39,7,1796,1,11,-1,1,-1
201501JI40869,2,9,0,12,0,1,0,0,0,0,3,1,6,2,-1,-1,1794,1,13,-1,-1,-1
201501JI40870,1,9,0,9,0,8,0,0,0,0,4,1,6,1,61,9,1997,2,-1,-1,1,-1
201501JI40870,2,9,0,18,0,8,0,0,0,0,3,1,6,2,-1,-1,1590,1,10,-1,-1,-1
201501JI40871,1,9,0,18,0,0,1,0,0,0,1,1,6,2,44,7,1248,2,7,-1,1,-1
201501JI40871,2,9,0,4,0,0,0,0,0,0,2,1,6,2,27,6,1396,2,-1,-1,-1,-1
201501JI40871,3,9,0,4,0,0,0,0,0,0,1,1,6,1,-1,-1,1998,1,12,-1,1,-1
201501JI40871,4,9,0,4,0,0,0,0,0,0,2,1,6,1,36,7,2148,2,8,-1,1,-1
201501JI40872,1,9,0,18,0,8,0,0,0,0,1,1,6,1,25,5,2143,12,-1,-1,1,-1
201501JI40872,2,9,0,18,0,8,0,0,0,0,4,1,6,1,41,7,1699,1,10,-1,1,-1
201501JI40873,1,9,0,14,0,0,0,0,0,0,1,1,6,1,-1,-1,2295,1,17,-1,1,-1
201501JI40874,1,9,0,8,0,1,0,0,0,0,2,1,6,2,59,9,1896,2,10,-1,1,-1
201501JI40874,2,9,0,7,0,1,0,0,0,0,1,1,6,1,-1,-1,-1,-1,-1,-1,-1,-1
201501JI40875,1,9,0,5,0,1,0,0,0,0,2,1,6,1,67,10,1242,1,1,-1,1,-1
201501JI40875,2,9,0,18,0,1,0,0,0,0,1,1,6,1,34,6,1398,2,2,-1,2,-1
201501JI40877,1,9,0,8,0,1,0,0,0,0,2,1,6,1,28,6,2993,2,9,-1,-1,-1
201501JI40877,2,9,0,18,0,1,0,0,0,0,1,1,6,1,-1,-1,2987,2,4,-1,-1,-1
201501JI40877,3,9,0,8,0,1,0,0,0,0,2,1,6,3,-1,-1,-1,-1,-1,-1,-1,-1
201501JI40882,1,9,0,18,0,0,0,0,0,0,2,1,6,2,24,5,1461,2,-1,-1,1,-1
201501JI40882,2,9,0,18,0,0,0,0,0,0,1,1,6,1,-1,-1,-1,-1,-1,-1,-1,-1
201501JI40884,1,9,0,3,0,0,0,0,0,0,2,1,6,1,46,8,2993,2,-1,-1,1,-1
201501JI40884,2,9,0,3,0,0,0,0,0,0,2,1,6,2,68,10,1769,1,13,-1,1,-1
201501JI40884,3,9,0,3,0,0,0,0,0,0,1,1,6,1,34,6,-1,-1,-1,-1,1,-1
201501JI40884,4,19,0,18,0,0,1,0,0,0,1,1,6,1,62,9,-1,-1,-1,-1,1,-1
201501JI40885,1,9,0,18,0,8,0,0,0,0,1,1,6,1,45,7,1388,1,4,-1,1,-1
201501JI40885,2,9,0,18,0,8,0,10,1,10,3,1,6,1,46,8,2143,2,2,-1,1,-1
201501JI40886,1,9,0,9,0,8,0,10,1,0,3,1,6,2,33,6,1598,1,5,-1,1,-1
201501JI40886,2,9,0,18,0,8,0,10,1,4,1,1,6,1,26,6,1596,1,13,-1,1,-1
201501JI40887,1,9,0,5,0,8,0,0,0,0,1,1,6,2,36,7,2993,2,9,-1,1,-1
201501JI40887,2,9,0,18,0,8,0,4,0,0,3,1,6,1,33,6,1796,1,15,-1,1,-1
201501JI40887,3,9,0,2,0,8,0,0,0,0,2,1,6,3,-1,-1,796,1,14,-1,-1,-1
201501JI40888,1,9,0,9,0,1,0,0,0,0,3,1,6,1,28,6,-1,-1,-1,-1,1,-1
201501JI40888,2,19,0,13,0,1,0,0,0,0,4,1,6,3,-1,-1,1998,2,11,-1,-1,-1
201501JI40889,1,9,0,5,0,8,0,0,0,0,4,1,6,1,70,10,1360,1,13,-1,1,-1
201501JI40889,2,9,0,18,0,8,0,0,0,0,1,1,6,2,37,7,1396,1,18,-1,1,-1
201501JI40892,1,11,0,18,0,1,0,0,0,0,1,1,1,1,64,9,4500,2,8,-1,1,-1
201501JI40893,1,9,0,18,0,8,0,0,0,0,1,1,6,2,38,7,2497,2,11,-1,1,-1
201501JI40893,2,19,0,18,0,1,0,0,0,0,1,1,6,1,-1,-1,1686,2,13,-1,1,-1
201501JI40897,1,9,0,9,0,8,0,0,0,0,1,1,6,2,44,7,1896,2,8,-1,1,-1
201501JI40897,2,9,0,10,0,8,0,0,0,0,1,1,6,1,68,10,1596,1,27,-1,2,-1
201501JI40897,3,9,0,18,0,8,0,0,0,0,1,1,6,1,24,5,1984,1,6,-1,1,-1
201501JI40901,1,9,0,9,0,2,0,0,0,0,1,1,6,1,35,6,1598,1,9,-1,1,-1
201501JI40903,1,8,0,17,0,0,0,0,0,0,1,1,1,1,34,6,1997,2,4,-1,1,-1
201501JI40903,2,9,0,16,0,0,1,0,0,0,1,1,6,1,20,4,1686,2,10,-1,1,-1
201501JI40904,1,19,0,9,0,8,0,0,0,0,1,1,6,1,44,7,1560,2,-1,-1,1,-1
201501JI40907,1,9,0,18,0,1,0,0,0,0,1,1,6,1,44,7,1390,1,15,-1,1,-1
201501JI40907,2,9,0,13,0,1,0,0,0,0,2,1,6,3,-1,-1,-1,-1,-1,-1,-1,-1
201501JI49002,1,9,0,7,0,2,0,0,0,0,1,1,6,2,-1,-1,-1,-1,-1,-1,-1,-1
201501JI49008,1,9,0,5,0,0,0,0,0,0,1,1,1,2,61,9,1240,1,7,-1,1,-1
201501JI49057,1,9,0,4,0,0,0,0,0,0,1,1,6,1,29,6,1997,2,10,-1,1,-1
201501JI49057,2,9,0,4,0,0,0,0,0,0,2,1,6,1,30,6,1998,2,7,-1,1,-1
201501JI49062,1,9,0,18,0,0,0,0,0,0,4,1,6,2,-1,-1,-1,-1,-1,-1,-1,-1
201501JI49106,1,8,0,9,0,8,0,0,0,0,4,1,1,1,42,7,1596,1,5,-1,1,-1
201501JI49106,2,9,0,18,0,8,0,0,0,0,1,1,6,1,-1,-1,-1,-1,-1,-1,-1,-1
201501JI49115,1,9,0,18,0,2,0,0,0,0,4,1,6,2,56,9,2493,8,1,-1,1,-1
201501JI49132,1,9,0,1,0,1,0,0,0,0,2,1,6,2,49,8,1595,1,1,-1,1,-1
201501JI49152,1,11,0,18,0,0,0,0,0,0,0,1,1,1,28,6,7300,2,10,-1,1,-1
201501KD50002,1,9,0,18,0,8,0,0,0,0,1,1,6,1,19,4,1242,1,8,-1,1,-1
201501KD50002,2,9,0,7,0,8,0,0,0,0,3,1,6,2,18,4,1598,1,14,-1,-1,-1
201501KD50004,1,9,0,9,0,8,0,0,0,0,1,1,6,2,46,8,998,1,2,-1,1,-1
201501KD50004,2,5,0,18,0,8,0,0,0,0,1,1,6,1,27,6,749,1,4,-1,1,-1
201501KD50011,1,9,0,18,0,0,0,10,6,6,1,1,1,2,45,7,2000,2,7,-1,1,-1
201501KD50011,2,9,0,18,0,0,0,0,0,0,1,1,1,1,34,6,5998,1,9,-1,3,-1
201501KD50012,1,9,0,9,0,8,0,0,0,0,4,1,6,1,25,5,-1,-1,-1,-1,1,-1
201501KD50012,2,9,0,18,0,8,0,0,0,0,1,1,6,2,41,7,1240,1,10,-1,1,-1
201501KD50014,1,9,0,1,0,8,0,0,0,0,2,1,6,2,39,7,-1,-1,-1,-1,1,-1
201501KD50014,2,1,0,18,0,8,0,0,0,0,4,1,6,2,50,8,-1,-1,-1,-1,-1,-1
201501KD50018,1,9,0,18,0,0,0,0,0,0,1,1,2,1,21,5,-1,-1,-1,-1,1,-1
201501KD50018,2,19,0,4,0,0,0,0,0,0,2,1,1,2,24,5,1248,2,4,-1,1,-1
201501KD50018,3,9,0,4,0,0,0,0,0,0,2,1,1,2,34,6,1461,2,1,-1,1,-1
201501KD50021,1,9,0,18,0,1,0,0,0,0,4,1,1,1,46,8,1753,2,15,-1,1,-1
201501KD50022,1,21,1,2,0,0,0,0,0,0,2,1,1,1,34,6,12740,2,2,-1,-1,-1
201501KD50022,2,9,0,18,0,0,0,4,0,0,1,1,6,2,49,8,999,1,1,-1,1,-1
201501KD50024,1,9,0,11,2,2,0,0,0,0,4,1,6,1,22,5,-1,-1,-1,-1,1,-1
201501KD50024,2,19,0,18,2,2,0,0,0,0,3,1,6,1,34,6,1968,2,2,-1,1,-1
201501KD50026,1,3,0,18,0,0,0,0,0,0,3,1,2,1,17,4,125,1,9,-1,3,-1
201501KD50028,1,19,0,4,0,0,0,0,0,0,2,1,1,1,23,5,2198,2,4,-1,1,-1
201501KD50028,2,19,0,18,0,0,0,0,0,0,1,1,6,1,-1,-1,-1,-1,-1,-1,-1,-1
201501KD50029,1,9,0,3,0,0,0,0,0,0,2,1,6,2,29,6,1229,1,2,-1,1,-1
201501KD50029,2,9,0,18,0,0,0,0,0,0,1,1,6,1,-1,-1,1598,1,11,-1,1,-1
201501KD50031,1,9,0,18,0,0,0,0,0,0,2,1,6,1,81,11,1596,1,12,-1,1,-1
201501KD50031,2,9,0,18,0,0,0,0,0,0,1,1,6,1,41,7,2494,1,13,-1,1,-1
201501KD50032,1,19,0,18,0,0,0,0,0,0,2,1,1,1,39,7,1560,2,5,-1,1,-1
201501KD50032,2,9,0,18,0,0,0,0,0,0,1,1,2,1,60,9,1956,2,4,-1,1,-1
201501KD50033,1,9,0,4,0,0,0,0,0,0,2,1,2,1,21,5,1596,1,13,-1,1,-1
201501KD50033,2,8,0,18,0,0,0,0,0,0,1,1,1,1,-1,-1,1968,2,6,-1,-1,-1
201501KD50034,1,19,0,7,0,8,0,0,0,0,1,1,6,1,57,9,2198,2,4,-1,1,-1
201501KD50034,2,1,0,18,0,8,0,0,0,0,4,1,6,1,51,8,-1,-1,-1,-1,1,-1
201501KD50035,1,9,0,9,0,8,0,0,0,0,3,1,1,2,55,8,1998,1,11,-1,1,-1
201501KD50035,2,9,0,18,0,8,0,0,0,0,1,1,6,1,-1,-1,-1,-1,-1,-1,-1,-1
201501KD50036,1,9,0,9,0,8,0,0,0,0,4,1,6,2,19,4,-1,-1,-1,-1,1,-1
201501KD50036,2,3,0,18,0,8,0,0,0,0,1,1,6,1,17,4,124,1,9,-1,1,-1
201501KD50037,1,9,0,18,0,0,0,0,0,0,4,1,6,2,68,10,1390,1,3,-1,1,-1
201501KD50038,1,9,0,4,0,1,0,0,0,0,2,1,6,2,22,5,1248,1,1,-1,3,-1
201501KD50038,2,19,0,18,0,1,0,0,0,0,1,1,1,1,25,5,2300,2,12,-1,1,-1
201501KD50039,1,9,0,4,0,0,0,0,0,0,2,1,6,2,37,7,1896,2,12,-1,1,-1
201501KD50039,2,5,0,18,0,0,0,0,0,0,1,1,6,1,21,5,649,1,5,-1,3,-1
201501KD50040,1,9,0,18,0,8,0,0,0,0,1,1,6,1,19,4,-1,-1,-1,-1,1,-1
201501KD50040,2,19,0,18,0,8,0,0,0,0,4,1,6,1,42,7,1560,2,2,-1,1,-1
201501KD50041,1,9,0,17,0,0,0,0,0,0,3,1,6,1,34,6,1461,2,5,-1,1,-1
201501KD50041,2,9,0,16,0,0,0,0,0,0,3,1,6,1,31,6,-1,-1,-1,-1,2,-1
201501KD50042,1,9,0,18,0,8,0,0,0,0,3,1,3,2,37,7,1587,1,14,-1,1,-1
201501KD50042,2,9,0,7,0,8,0,0,0,0,1,1,6,1,-1,-1,1999,2,8,-1,1,-1
201501KD50043,1,9,0,18,0,0,0,8,0,0,4,1,6,2,35,6,1560,2,4,-1,1,-1
201501KD50043,2,19,0,2,0,0,0,0,0,0,3,1,6,1,-1,-1,2143,2,2,-1,-1,-1
201501KD50044,1,11,0,5,0,1,0,0,0,0,0,1,1,1,44,7,8268,2,12,-1,-1,-1
201501KD50046,1,9,0,18,0,0,0,10,5,6,1,2,6,2,36,7,-1,-1,-1,-1,1,-1
201501KD50048,1,9,0,9,0,8,0,0,0,0,4,1,6,1,20,4,-1,-1,-1,-1,-1,-1
201501KD50048,2,9,0,18,0,8,0,0,0,0,1,1,6,1,24,5,3222,2,11,-1,1,-1
201501KD50049,1,11,0,1,0,0,0,0,0,0,2,1,1,1,28,6,7300,2,10,-1,-1,-1
201501KD50051,1,21,0,18,0,0,0,0,0,0,1,1,6,3,-1,-1,-1,-1,-1,-1,-1,-1
201501KD50051,2,9,0,4,0,0,0,0,0,0,2,1,6,2,41,7,1461,2,5,-1,1,-1
201501KD50052,1,19,0,18,0,0,0,0,0,0,1,1,1,1,36,7,4580,2,6,-1,1,-1
201501KD50052,2,19,0,4,0,0,0,0,0,0,2,1,6,1,17,4,1998,2,11,-1,-1,-1
201501KD50052,3,9,0,4,0,0,0,0,0,0,2,1,6,2,28,6,1995,2,6,-1,1,-1
201501KD50052,4,9,0,4,0,0,0,0,0,0,2,1,6,1,74,10,-1,-1,-1,-1,3,-1
201501KD50052,5,9,0,4,0,0,0,0,0,0,2,1,6,2,52,8,2143,2,5,-1,1,-1
201501KD50053,1,9,0,18,0,1,0,0,0,0,1,1,6,2,20,4,-1,-1,-1,-1,-1,-1
201501KD50053,2,9,0,4,0,1,0,0,0,0,2,1,6,1,25,5,2143,2,3,-1,1,-1
201501KD50056,1,9,0,18,0,0,0,0,0,0,4,1,6,2,45,7,1995,2,8,-1,1,-1
201501KD50056,2,21,1,12,0,0,0,0,0,0,3,2,1,1,53,8,-1,-1,-1,-1,-1,-1
201501KD50057,1,9,0,18,0,8,0,0,0,0,1,1,6,1,21,5,1995,1,5,-1,2,-1
201501KD50057,2,9,0,9,0,8,0,0,0,0,1,1,6,1,54,8,2685,2,10,-1,2,-1
201501KD50058,1,9,0,18,0,0,0,0,0,0,1,1,6,1,36,7,1598,1,14,-1,1,-1
201501KD50058,2,9,0,4,0,0,0,0,0,0,2,1,6,1,24,5,-1,-1,-1,-1,3,-1
201501KD50059,1,9,0,18,0,0,0,0,0,0,1,1,6,2,45,7,-1,-1,-1,-1,1,-1
201501KD50059,2,19,0,18,0,0,0,0,0,0,1,1,6,1,73,10,1248,2,9,-1,1,-1
201501KD50060,1,9,0,6,0,0,0,0,0,0,3,1,2,2,45,7,1596,1,12,-1,1,-1
201501KD50060,2,5,0,18,0,0,0,0,0,0,4,1,1,1,46,8,1157,1,7,-1,1,-1
201501KD50061,1,9,0,3,0,1,0,0,0,0,2,1,6,1,34,6,1910,2,8,-1,1,-1
201501KD50061,2,9,0,18,0,1,0,0,0,0,1,1,6,2,23,5,1149,1,2,-1,1,-1
201501KD50062,1,9,0,5,0,0,0,0,0,0,3,1,6,1,78,11,1390,1,7,-1,1,-1
201501KD50062,2,11,0,18,0,0,0,0,0,0,4,1,1,1,35,6,6700,2,4,-1,1,-1
201501KD50063,1,9,0,18,0,0,0,0,0,0,1,1,2,1,59,9,3378,1,16,-1,1,-1
201501KD50063,2,9,0,4,0,0,0,0,0,0,2,1,2,2,48,8,-1,-1,-1,-1,1,-1
201501KD50063,3,19,0,4,0,0,0,0,0,0,2,1,1,1,32,6,-1,-1,-1,-1,1,-1
201501KD50064,1,9,0,3,0,0,0,0,0,0,2,1,6,2,22,5,1984,1,8,-1,1,-1
201501KD50064,2,9,0,18,0,0,0,0,0,0,1,1,6,1,66,10,1995,1,3,-1,1,-1
201501KD50066,1,9,0,4,0,0,0,0,0,0,2,1,1,1,50,8,1499,2,2,-1,1,-1
201501KD50066,2,9,0,18,0,0,0,0,0,0,1,1,6,1,18,4,-1,-1,-1,-1,1,-1
201501KD50067,1,19,0,17,0,8,0,0,0,0,1,1,1,1,28,6,2287,2,4,-1,1,-1
201501KD50067,2,9,0,16,0,8,0,0,0,0,1,1,6,1,-1,-1,1388,1,16,-1,-1,-1
201501KD50068,1,11,0,18,0,0,0,0,0,0,4,1,1,1,33,6,9000,2,7,-1,1,-1
201501KD50069,1,9,0,18,0,2,0,0,0,0,1,1,6,1,20,4,1150,1,7,-1,1,-1
201501KD50069,2,9,0,6,0,1,0,0,0,0,4,1,6,2,31,6,1242,1,6,-1,-1,-1
201501KD50070,1,9,0,18,0,0,0,0,0,0,1,1,1,2,45,7,1596,1,9,-1,1,-1
201501KD50072,1,9,0,8,0,1,0,0,0,0,2,1,6,2,39,7,1997,2,4,-1,1,-1
201501KD50072,2,9,0,18,0,1,0,0,0,0,1,1,6,1,-1,-1,1199,1,11,-1,-1,-1
201501KD50073,1,1,0,18,0,0,0,0,0,0,3,1,6,1,23,5,-1,-1,-1,-1,1,-1
201501KD50073,2,9,0,13,0,0,0,0,0,0,4,1,6,2,30,6,-1,-1,-1,-1,-1,-1
201501KD50074,1,9,0,4,0,1,0,0,0,0,2,1,6,2,55,8,1796,1,12,-1,1,-1
201501KD50074,2,9,0,18,0,1,0,0,0,0,1,1,6,1,25,5,1598,1,8,-1,-1,-1
201501KD50076,1,9,0,6,0,0,0,0,0,0,3,1,6,2,22,5,1360,1,15,-1,2,-1
201501KD50076,2,3,0,13,0,0,0,0,0,0,4,1,1,1,30,6,125,1,1,-1,1,-1
201501KD50077,1,9,0,10,0,1,0,0,0,0,2,1,6,2,50,8,-1,-1,-1,-1,1,-1
201501KD50077,2,9,0,10,0,1,0,0,0,0,2,1,6,2,42,7,1686,2,6,-1,1,-1
201501KD50077,3,9,0,18,0,1,0,0,0,0,1,1,2,2,30,6,1995,2,3,-1,-1,-1
201501KD50079,1,9,0,18,0,1,0,0,0,0,1,1,6,3,-1,-1,-1,-1,-1,-1,-1,-1
201501KD50079,2,19,0,3,0,1,0,0,0,0,2,1,6,1,62,9,-1,-1,-1,-1,1,-1
201501KD50079,3,9,0,3,0,1,0,0,0,0,2,1,6,2,46,8,1242,1,2,-1,1,-1
201501KD50080,1,9,0,18,9,2,0,10,7,9,1,1,6,2,39,7,-1,-1,-1,-1,1,-1
201501KD50081,1,1,0,18,0,8,0,0,0,0,4,1,2,2,26,6,-1,-1,-1,-1,1,-1
201501KD50081,2,9,0,9,0,8,0,0,0,0,1,1,6,1,-1,-1,-1,-1,-1,-1,-1,-1
201501KD50082,1,9,0,9,0,8,0,0,0,0,1,1,1,2,29,6,1364,1,7,-1,1,-1
201501KD50082,2,9,0,18,0,8,0,0,0,0,1,1,1,1,39,7,1597,1,6,-1,1,-1
201501KD50084,1,9,0,18,0,1,0,0,0,0,1,1,6,1,44,7,1596,1,5,-1,1,-1
201501KD50085,1,9,0,18,0,8,0,0,0,0,1,1,6,2,39,7,1086,1,7,-1,1,-1
201501KD50086,1,9,0,16,0,8,0,0,0,0,1,1,6,2,49,8,1997,2,2,-1,1,-1
201501KD50086,2,9,0,9,0,8,0,0,0,0,4,1,6,1,24,5,2143,2,1,-1,1,-1
201501KD50087,1,9,0,18,0,0,0,0,0,0,1,1,3,2,34,6,-1,-1,-1,-1,1,-1
201501KD50087,2,9,0,18,0,0,0,0,0,0,2,1,2,1,47,8,999,1,5,-1,3,-1
201501KD50088,1,9,0,4,0,0,0,0,0,0,2,1,6,2,45,7,1598,1,7,-1,1,-1
201501KD50088,2,9,0,18,0,0,0,0,0,0,1,1,6,1,-1,-1,1998,1,4,-1,-1,-1
201501KD50089,1,1,0,18,0,0,0,0,0,0,3,1,2,1,53,8,-1,-1,-1,-1,1,-1
201501KD50089,2,9,0,13,0,0,0,0,0,0,4,1,6,1,-1,-1,-1,-1,-1,-1,-1,-1
201501KD50090,1,9,0,18,0,2,0,0,0,0,1,1,6,1,58,9,1592,1,24,-1,3,-1
201501KD50090,2,1,0,18,0,2,0,0,0,0,4,1,6,1,56,9,-1,-1,-1,-1,1,-1
201501KD50091,1,9,0,14,0,8,0,0,0,0,4,1,6,2,19,4,1299,1,14,-1,1,-1
201501KD50091,2,9,0,9,0,8,0,0,0,0,1,1,6,3,-1,-1,-1,-1,-1,-1,-1,-1
201501KD50092,1,11,0,18,0,1,0,0,0,0,1,1,1,2,42,7,6700,2,4,-1,3,-1
201501KD50092,2,9,0,14,0,2,0,0,0,0,1,1,2,2,24,5,1242,1,5,-1,1,-1
201501KD50095,1,19,0,9,0,2,0,0,0,0,2,1,1,1,54,8,1499,2,1,-1,1,-1
201501KD50095,2,9,0,9,0,2,0,0,0,0,1,1,6,2,54,8,1388,1,8,-1,1,-1
201501KD50097,1,9,0,18,0,1,0,0,0,0,1,1,6,2,22,5,999,1,1,-1,1,-1
201501KD50097,2,5,0,8,0,1,0,0,0,0,2,1,6,1,40,7,998,1,9,-1,1,-1
201501KD50098,1,9,0,9,0,5,0,0,0,0,1,1,6,1,51,8,1998,1,16,-1,1,-1
201501KD50099,1,9,0,9,0,8,0,0,0,0,4,1,6,2,23,5,1587,1,9,-1,1,-1
201501KD50099,2,90,0,18,0,8,0,0,0,0,1,1,1,2,46,8,2143,2,4,-1,1,-1
201501KD50100,1,9,0,3,0,1,0,0,0,0,2,1,6,2,26,6,1242,1,9,-1,1,-1
201501KD50100,2,9,0,18,0,1,0,0,0,0,1,1,6,1,-1,-1,1560,2,2,-1,-1,-1
201501KD50101,1,9,0,18,0,8,0,0,0,0,1,1,6,1,41,7,1686,2,11,-1,1,-1
201501KD50101,2,9,0,9,0,8,0,0,0,0,4,1,6,1,20,4,1242,1,9,-1,1,-1
201501KD50102,1,8,0,18,0,8,0,0,0,0,1,1,1,1,22,5,1896,2,7,-1,1,-1
201501KD50102,2,9,0,9,0,8,0,0,0,0,3,1,6,2,-1,-1,1995,2,6,-1,-1,-1
201501KD50104,1,9,0,18,0,0,0,0,0,0,1,1,6,1,39,7,2198,1,8,-1,1,-1
201501KD50105,1,9,0,18,0,8,0,0,0,0,4,1,6,1,28,6,-1,-1,-1,-1,1,-1
201501KD50105,2,9,0,18,0,8,0,0,0,0,1,1,6,2,26,6,-1,-1,-1,-1,1,-1
201501KD50106,1,19,0,18,0,1,0,0,0,0,1,1,6,1,36,7,2402,2,9,-1,1,-1
201501KD50106,2,9,0,9,0,2,0,0,0,0,1,1,6,2,61,9,1399,2,4,-1,1,-1
201501KD50107,1,9,0,18,0,8,0,0,0,0,1,1,6,1,52,8,1995,2,9,-1,1,-1
201501KD50107,2,9,0,18,0,8,0,0,0,0,3,1,6,2,46,8,1596,1,2,-1,-1,-1
201501KD50108,1,9,0,18,0,8,0,0,0,0,1,1,6,2,46,8,1598,1,9,-1,1,-1
201501KD50108,2,9,0,9,0,8,0,0,0,0,4,1,6,2,19,4,-1,-1,-1,-1,1,-1
201501KD50110,1,9,0,17,0,8,0,0,0,0,4,1,6,1,-1,-1,1798,8,1,-1,1,-1
201501KD50110,2,9,0,18,0,8,0,0,0,0,1,1,6,1,25,5,2993,2,6,-1,1,-1
201501KD50111,1,9,0,18,9,8,0,10,3,0,1,1,6,2,19,4,-1,-1,-1,-1,1,-1
201501KD50112,1,9,0,10,0,1,0,0,0,0,2,1,2,2,23,5,1329,1,1,-1,1,-1
201501KD50112,2,9,0,17,0,1,0,0,0,0,1,1,6,2,-1,-1,1598,1,2,-1,-1,-1
201501KD50113,1,19,0,16,0,0,0,0,0,0,1,1,1,1,35,6,-1,-1,-1,-1,1,-1