Accident_Index,Vehicle_Reference,Vehicle_Type,Towing_and_Articulation,Vehicle_Manoeuvre,Vehicle_Location-Restricted_Lane,Junction_Location,Skidding_and_Overturning,Hit_Object_in_Carriageway,Vehicle_Leaving_Carriageway,Hit_Object_off_Carriageway,1st_Point_of_Impact,Was_Vehicle_Left_Hand_Drive?,Journey_Purpose_of_Driver,Sex_of_Driver,Age_of_Driver,Age_Band_of_Driver,Engine_Capacity_(CC),Propulsion_Code,Age_of_Vehicle,Driver_IMD_Decile,Driver_Home_Area_Type,Vehicle_IMD_Decile
201501KD50270,2,9,0,4,0,0,0,0,0,0,2,1,6,2,36,7,1242,1,6,-1,1,-1
201501KD50271,1,9,0,3,0,0,0,0,0,0,2,1,6,1,62,9,1997,2,1,-1,1,-1
201501KD50271,2,9,0,3,0,0,0,0,0,0,2,1,6,2,69,10,1399,1,7,-1,1,-1
201501KD50271,3,9,0,3,0,0,0,0,0,0,2,1,6,2,31,6,1596,1,16,-1,1,-1
201501KD50271,4,9,0,18,0,0,0,0,0,0,1,1,6,1,72,10,1686,2,1,-1,1,-1
201501KD50272,1,3,0,18,0,8,0,0,0,0,4,1,6,1,52,8,125,1,1,-1,1,-1
201501KD50272,2,9,0,9,0,8,0,0,0,0,1,1,6,1,19,4,1600,1,11,-1,1,-1
201501KD50273,1,9,0,4,0,0,0,0,0,0,2,1,6,2,46,8,1598,1,7,-1,1,-1
201501KD50273,2,21,0,18,0,0,0,0,0,0,1,1,1,1,-1,-1,12419,2,4,-1,1,-1
201501KD50274,1,9,0,4,0,0,0,0,0,0,2,1,1,2,-1,-1,-1,-1,-1,-1,-1,-1
201501KD50274,2,9,0,18,0,0,0,0,0,0,1,1,6,1,30,6,1896,2,6,-1,-1,-1
201501KD50275,1,11,0,4,0,0,0,0,0,0,0,1,1,1,50,8,9000,2,7,-1,3,-1
201501KD50276,1,9,0,14,0,0,0,0,0,0,1,1,6,2,45,7,1149,1,10,-1,1,-1
201501KD50277,1,1,0,17,0,8,0,0,0,0,2,1,6,1,41,7,-1,-1,-1,-1,-1,-1
201501KD50277,2,19,0,17,0,8,0,0,0,0,1,1,6,1,-1,-1,2402,2,4,-1,-1,-1
201501KD50278,1,11,0,16,0,1,0,0,0,0,0,1,1,1,55,8,8268,2,13,-1,1,-1
201501KD50279,1,9,0,18,0,8,0,0,0,0,4,1,6,2,63,9,1461,2,2,-1,1,-1
201501KD50279,2,9,0,9,0,8,0,0,0,0,1,1,6,3,-1,-1,-1,-1,-1,-1,-1,-1
201501KD50280,1,9,0,18,0,0,0,4,0,0,1,1,6,2,30,6,2143,2,3,-1,1,-1
201501KD50280,2,9,0,2,0,0,0,0,0,0,2,1,6,1,84,11,1596,1,12,-1,1,-1
201501KD50281,1,11,0,4,0,0,0,0,0,0,0,1,1,1,40,7,4461,2,2,-1,1,-1
201501KD50282,1,9,0,3,0,0,0,0,0,0,2,1,6,1,29,6,-1,-1,-1,-1,1,-1
201501KD50282,2,9,0,4,0,0,0,0,0,0,2,1,6,2,36,7,1596,1,13,-1,1,-1
201501KD50282,3,9,0,18,0,0,0,0,0,0,1,1,6,2,49,8,1242,1,3,-1,1,-1
201501KD50283,1,5,0,18,0,0,0,0,0,0,3,1,2,1,49,8,599,1,15,-1,1,-1
201501KD50283,2,9,0,11,0,0,0,0,0,0,4,1,6,3,-1,-1,-1,-1,-1,-1,-1,-1
201501KD50284,1,9,0,18,0,8,0,9,0,0,1,1,6,1,18,4,999,1,5,-1,1,-1
201501KD50285,1,9,0,18,0,8,0,0,0,0,1,1,6,1,30,6,1988,1,11,-1,1,-1
201501KD50285,2,9,0,18,0,8,0,0,0,0,3,1,6,2,35,6,1242,1,9,-1,1,-1
201501KD50286,1,3,0,13,0,8,0,0,0,0,4,1,2,1,21,5,124,1,1,-1,1,-1
201501KD50286,2,9,0,9,0,8,0,0,0,0,3,1,3,1,26,6,2993,2,10,-1,-1,-1
201501KD50287,1,9,0,7,0,5,0,0,0,0,4,1,6,2,19,4,1598,2,1,-1,1,-1
201501KD50287,2,5,0,18,2,1,0,0,0,0,3,1,6,2,31,6,599,1,11,-1,1,-1
201501KD50288,1,19,0,9,0,8,0,0,0,0,4,1,1,1,55,8,1598,2,3,-1,1,-1
201501KD50288,2,1,0,18,0,8,0,0,0,0,1,1,6,2,35,6,-1,-1,-1,-1,1,-1
201501KD50289,1,4,0,18,0,8,0,0,0,0,1,1,6,1,17,4,125,1,1,-1,-1,-1
201501KD50289,2,9,0,9,0,8,0,0,0,0,3,1,6,1,76,11,998,1,2,-1,1,-1
201501KD50290,1,19,0,9,0,8,0,0,0,0,4,1,6,1,-1,-1,1686,2,15,-1,1,-1
201501KD50290,2,9,0,18,0,8,0,0,0,0,1,1,6,2,-1,-1,1598,1,2,-1,-1,-1
201501KD50291,1,9,0,18,0,0,0,4,0,0,1,1,6,1,20,4,1598,1,9,-1,1,-1
201501KD50291,2,9,0,2,0,0,0,0,0,0,2,1,6,3,-1,-1,-1,-1,-1,-1,-1,-1
201501KD50292,1,2,0,4,0,0,0,0,0,0,2,1,6,1,24,5,198,1,10,-1,1,-1
201501KD50292,2,19,0,18,0,0,0,0,0,0,1,1,1,1,-1,-1,2198,2,2,-1,-1,-1
201501KD50293,1,9,0,3,0,0,0,0,0,0,2,1,6,2,54,8,1368,1,8,-1,1,-1
201501KD50293,2,9,0,18,0,0,0,0,0,0,1,1,6,2,75,10,1598,1,2,-1,-1,-1
201501KD50294,1,9,0,18,0,0,0,0,0,0,4,1,6,1,64,9,-1,-1,-1,-1,1,-1
201501KD50295,1,9,0,18,0,8,0,0,0,0,1,1,6,1,48,8,2987,2,6,-1,1,-1
201501KD50295,2,19,0,18,0,8,0,0,0,0,3,1,1,1,-1,-1,-1,-1,-1,-1,-1,-1
201501KD50296,1,9,0,4,0,1,0,0,0,0,2,1,6,2,43,7,1298,1,9,-1,1,-1
201501KD50296,2,11,0,18,0,1,0,0,0,0,1,1,1,1,61,9,4500,2,5,-1,1,-1
201501KD50297,1,9,0,18,0,8,0,0,0,0,1,1,6,1,69,10,998,1,2,-1,1,-1
201501KD50297,2,2,0,18,0,8,0,0,0,0,3,1,6,1,17,4,49,1,3,-1,1,-1
201501KD50298,1,9,0,18,0,8,0,0,0,0,1,1,6,2,52,8,1910,2,9,-1,1,-1
201501KD50298,2,9,0,9,0,8,0,0,0,0,4,1,6,2,35,6,1498,1,5,-1,1,-1
201501KD50299,1,9,0,6,0,0,0,0,0,0,3,1,6,1,47,8,1995,2,1,-1,1,-1
201501KD50299,2,2,0,18,0,0,0,0,0,0,1,1,6,1,21,5,124,1,4,-1,1,-1
201501KD50300,1,9,0,18,0,2,0,0,0,0,1,1,6,1,71,10,1198,1,5,-1,1,-1
201501KD50300,2,9,0,18,0,1,0,0,0,0,1,1,6,1,-1,-1,-1,-1,-1,-1,-1,-1
201501KD50301,1,9,0,18,0,8,0,0,0,0,4,1,6,2,33,6,1198,1,13,-1,1,-1
201501KD50301,2,9,0,7,0,8,0,0,0,0,1,1,6,2,54,8,2835,2,17,-1,1,-1
201501KD50302,1,19,0,1,9,1,0,0,0,0,2,1,6,1,49,8,-1,-1,-1,-1,1,-1
201501KD50303,1,9,0,18,0,8,0,0,0,0,1,1,6,1,21,5,1242,1,1,-1,1,-1
201501KD50303,2,9,0,9,0,8,0,0,0,0,3,1,6,1,25,5,1995,2,13,-1,1,-1
201501KD50304,1,11,0,18,0,2,0,0,0,0,1,1,1,1,63,9,7300,2,10,-1,1,-1
201501KD50305,1,9,0,18,0,8,0,0,0,0,1,1,1,1,21,5,2494,2,28,-1,1,-1
201501KD50305,2,9,0,18,0,8,0,0,0,0,4,1,1,2,49,8,1598,1,5,-1,1,-1
201501KD50306,1,5,0,18,0,0,0,0,0,0,3,1,2,1,40,7,1000,1,6,-1,1,-1
201501KD50306,2,9,0,11,0,0,0,0,0,0,4,1,6,2,48,8,1998,1,11,-1,1,-1
201501KD50307,1,1,0,3,0,1,0,0,0,0,2,1,6,1,31,6,-1,-1,-1,-1,1,-1
201501KD50307,2,9,0,18,0,1,0,0,0,0,1,1,6,3,-1,-1,1242,1,10,-1,-1,-1
201501KD50308,1,9,0,18,0,1,0,0,0,0,1,1,6,2,24,5,1240,1,6,-1,1,-1
201501KD50308,2,1,0,18,0,1,0,0,0,0,4,1,6,1,13,3,-1,-1,-1,-1,1,-1
201501KD50309,1,9,0,18,0,2,0,0,0,0,1,1,6,2,69,10,1242,1,2,-1,1,-1
201501KD50311,1,9,0,9,0,8,0,0,0,0,1,1,6,2,47,8,1596,1,11,-1,1,-1
201501KD50311,2,1,0,18,0,8,0,0,0,0,3,1,6,1,30,6,-1,-1,-1,-1,1,-1
201501KD50312,1,19,0,5,0,1,0,0,0,0,1,1,2,1,25,5,1686,2,9,-1,1,-1
201501KD50312,2,9,0,5,0,1,0,0,0,0,2,1,6,2,80,11,1998,1,12,-1,2,-1
201501KD50313,1,9,4,18,0,0,0,10,5,6,1,1,6,1,58,9,-1,-1,-1,-1,1,-1
201501KD50314,1,9,0,9,0,2,0,0,0,0,3,1,6,2,25,5,1598,1,4,-1,1,-1
201501KD50316,1,9,0,18,0,8,0,0,0,0,3,1,6,2,37,7,1796,1,3,-1,1,-1
201501KD50316,2,9,0,18,0,8,0,0,0,0,1,1,6,1,68,10,1339,1,4,-1,1,-1
201501KD50317,1,9,0,9,0,8,0,0,0,0,3,1,1,2,35,6,1149,1,3,-1,1,-1
201501KD50317,2,9,0,18,0,8,0,0,0,0,1,1,1,2,37,7,1299,1,13,-1,1,-1
201501KD50318,1,9,0,3,0,1,0,0,0,0,2,1,6,2,26,6,1368,1,6,-1,1,-1
201501KD50318,2,8,0,18,0,1,0,0,0,0,1,1,1,1,51,8,1560,2,4,-1,1,-1
201501KD50319,1,9,0,4,0,0,0,0,0,0,2,1,6,2,83,11,1598,1,7,-1,1,-1
201501KD50319,2,9,0,4,0,0,0,0,0,0,2,1,6,1,31,6,1598,1,5,-1,1,-1
201501KD50319,3,19,0,18,0,0,0,0,0,0,1,1,1,1,27,6,2402,2,5,-1,2,-1
201501KD50320,1,9,0,18,2,0,0,0,0,0,1,1,6,1,-1,-1,1149,1,11,-1,-1,-1
201501KD50321,1,9,0,4,0,1,0,0,0,0,2,1,6,1,77,11,1398,1,2,-1,1,-1
201501KD50321,2,9,0,18,0,1,0,0,0,0,1,1,6,1,48,8,1995,2,1,-1,1,-1
201501KD50322,1,9,0,4,0,0,0,0,0,0,2,1,2,2,54,8,1560,2,6,-1,1,-1
201501KD50322,2,9,0,18,0,0,0,0,0,0,1,1,6,1,26,6,1999,1,8,-1,1,-1
201501KD50323,1,9,0,18,0,0,0,0,0,0,1,1,6,1,30,6,1360,1,5,-1,1,-1
201501KD50323,2,9,0,3,0,0,0,0,0,0,2,1,6,2,24,5,1242,1,5,-1,1,-1
201501KD50324,1,9,0,18,0,0,0,0,0,0,1,1,6,2,22,5,1242,1,4,-1,1,-1
201501KD50324,2,9,0,18,0,0,0,0,0,0,2,1,6,1,27,6,-1,-1,-1,-1,1,-1
201501KD50325,1,9,0,18,0,8,0,0,0,0,4,1,6,1,46,8,-1,-1,-1,-1,1,-1
201501KD50325,2,9,0,7,0,8,0,0,0,0,1,1,6,1,47,8,2149,2,8,-1,1,-1
201501KD50326,1,3,0,18,0,1,0,12,0,0,1,1,6,1,21,5,124,1,19,-1,1,-1
201501KD50327,1,8,0,18,0,1,0,0,0,0,4,1,1,1,49,8,2402,2,13,-1,1,-1
201501KD50328,1,9,0,18,0,0,0,10,1,10,1,1,6,1,22,5,1560,2,7,-1,1,-1
201501KD50329,1,9,0,18,9,0,0,10,1,4,1,1,6,1,27,6,1368,1,9,-1,1,-1
201501KD50330,1,9,0,18,0,8,0,0,0,0,1,1,6,2,27,6,1332,1,9,-1,1,-1
201501KD50330,2,9,0,17,0,8,0,0,0,0,4,1,1,1,-1,-1,-1,-1,-1,-1,-1,-1
201501KD50332,1,9,0,18,0,1,0,0,0,0,1,1,6,2,57,9,1910,2,14,-1,1,-1
201501KD50332,2,9,0,3,0,1,0,0,0,0,2,1,6,2,23,5,1242,1,10,-1,-1,-1
201501KD50333,1,19,0,4,0,0,0,0,0,0,2,1,6,1,37,7,1248,2,3,-1,1,-1
201501KD50333,2,9,0,18,0,0,0,0,0,0,1,1,6,3,-1,-1,-1,-1,-1,-1,-1,-1
201501KD50334,1,9,0,3,0,1,0,0,0,0,2,1,6,2,27,6,1587,1,8,-1,1,-1
201501KD50334,2,9,0,18,0,1,0,0,0,0,1,1,6,1,-1,-1,1198,1,12,-1,-1,-1
201501KD50335,1,19,0,1,9,0,0,0,0,0,2,1,6,1,-1,-1,2402,2,8,-1,-1,-1
201501KD50336,1,9,0,10,0,1,0,0,0,0,2,1,1,2,51,8,-1,-1,-1,-1,1,-1
201501KD50336,2,9,0,3,0,1,0,0,0,0,2,1,6,1,22,5,1229,1,1,-1,1,-1
201501KD50336,3,9,0,3,0,1,0,0,0,0,2,1,6,2,37,7,1968,2,1,-1,1,-1
201501KD50336,4,19,0,18,0,1,0,0,0,0,1,1,6,1,64,9,1461,2,1,-1,1,-1
201501KD50337,1,9,0,9,0,2,0,0,0,0,2,1,6,2,35,6,1598,1,10,-1,1,-1
201501KD50337,2,9,0,9,0,2,0,0,0,0,1,1,6,1,19,4,1388,1,9,-1,1,-1
201501KD50338,1,9,0,18,0,0,0,0,0,0,3,1,6,1,37,7,1229,1,4,-1,1,-1
201501KD50338,2,9,0,18,0,0,0,0,0,0,3,1,6,3,-1,-1,-1,-1,-1,-1,-1,-1
201501KD50339,1,9,0,4,0,0,0,0,0,0,2,1,6,2,71,10,1598,1,14,-1,1,-1
201501KD50339,2,21,0,18,0,0,0,0,0,0,1,1,1,1,41,7,12740,2,5,-1,-1,-1
201501KD50339,3,9,0,4,0,0,0,0,0,0,2,1,6,1,24,5,1389,1,13,-1,2,-1
201501KD50341,1,9,0,9,0,8,0,0,0,0,1,1,2,1,64,9,-1,-1,-1,-1,1,-1
201501KD50341,2,9,0,18,0,8,0,0,0,0,3,1,6,1,25,5,1229,1,7,-1,1,-1
201501KD50342,1,9,0,4,0,0,0,0,0,0,2,1,6,2,34,6,1999,2,-1,-1,1,-1
201501KD50342,2,9,0,4,0,0,0,0,0,0,2,1,6,2,62,9,995,1,10,-1,2,-1
201501KD50342,3,9,0,18,0,0,0,0,0,0,1,1,6,1,73,10,1398,2,3,-1,1,-1
201501KD50343,1,11,0,18,0,0,0,0,0,0,0,1,1,2,50,8,8268,2,11,-1,1,-1
201501KD50344,1,9,0,18,0,0,0,0,0,0,1,1,2,1,26,6,1769,1,15,-1,1,-1
201501KD50344,2,19,0,4,0,0,0,0,0,0,2,1,6,1,57,9,1753,2,11,-1,1,-1
201501KD50344,3,9,0,3,0,0,0,0,0,0,2,1,6,1,20,4,1198,1,7,-1,1,-1
201501KD50345,1,21,1,18,0,0,0,10,6,6,1,2,1,1,58,9,-1,-1,-1,-1,-1,-1
201501KD50345,2,9,0,18,0,0,0,0,0,0,1,1,6,1,37,7,1597,1,18,-1,2,-1
201501KD50346,1,19,0,16,0,0,0,0,0,0,1,1,6,1,51,8,2461,2,5,-1,2,-1
201501KD50346,2,3,0,16,0,0,0,0,0,0,2,1,6,1,36,7,124,1,3,-1,1,-1
201501KD50347,1,9,0,9,0,8,0,0,0,0,3,1,6,2,-1,-1,1796,1,3,-1,-1,-1
201501KD50347,2,9,0,18,0,8,0,0,0,0,1,1,6,2,-1,-1,1299,1,13,-1,-1,-1
201501KD50348,1,9,0,18,0,2,0,0,0,0,2,1,6,2,19,4,1199,1,12,-1,1,-1
201501KD50348,2,9,0,18,0,2,0,0,0,0,1,1,6,1,42,7,2979,1,11,-1,1,-1
201501KD50349,1,9,0,9,0,8,0,0,0,0,4,1,6,1,56,9,-1,-1,-1,-1,1,-1
201501KD50349,2,9,0,18,0,8,0,0,0,0,1,1,6,1,47,8,-1,-1,-1,-1,1,-1
201501KD50350,1,19,0,18,9,0,0,10,1,4,1,1,1,1,33,6,2151,2,11,-1,1,-1
201501KD50351,1,19,0,3,0,1,0,0,0,0,2,1,2,1,29,6,1560,2,1,-1,1,-1
201501KD50351,2,9,0,18,0,1,0,0,0,0,1,1,6,1,-1,-1,-1,-1,-1,-1,-1,-1
201501KD50352,1,9,0,5,9,1,0,0,0,0,1,1,6,2,44,7,1997,2,1,-1,1,-1
201501KD50353,1,3,0,18,0,8,0,0,0,0,4,1,6,1,17,4,124,1,9,-1,1,-1
201501KD50353,2,9,0,9,0,8,0,0,0,0,1,1,6,3,-1,-1,-1,-1,-1,-1,-1,-1
201501KD50354,1,9,0,18,0,0,0,0,0,0,1,1,6,2,51,8,2148,2,13,-1,-1,-1
201501KD50354,2,9,0,18,0,0,0,0,0,0,1,1,6,1,19,4,1149,1,5,-1,1,-1
201501KD50355,1,9,0,18,0,0,0,0,0,0,3,1,6,2,47,8,1242,1,-1,-1,1,-1
201501KD50355,2,9,0,13,0,0,0,0,0,0,4,1,6,1,20,4,1753,2,7,-1,-1,-1
201501KD50356,1,19,0,18,0,0,0,0,0,0,1,1,6,1,49,8,1753,2,9,-1,1,-1
201501KD50356,2,9,0,18,0,0,0,0,0,0,3,1,6,2,61,9,1998,1,12,-1,1,-1
201501KD50357,1,9,0,18,0,8,0,0,0,0,4,1,6,2,29,6,999,1,-1,-1,1,-1
201501KD50357,2,9,0,9,0,8,0,0,0,0,1,1,6,2,-1,-1,1753,2,8,-1,1,-1
201501KD50358,1,9,0,16,9,0,0,10,7,10,1,1,6,1,20,4,1995,2,1,-1,1,-1
201501KD50359,1,9,0,3,0,0,0,0,0,0,2,1,6,2,30,6,1398,1,12,-1,1,-1
201501KD50359,2,9,0,18,0,0,0,0,0,0,1,1,6,1,18,4,1388,1,12,-1,1,-1
201501KD50360,1,9,0,18,0,1,0,0,0,0,3,1,6,1,22,5,1769,1,12,-1,1,-1
201501KD50362,1,9,0,18,0,8,0,0,0,0,4,1,6,2,37,7,1461,2,6,-1,1,-1
201501KD50362,2,9,0,18,0,8,0,0,0,0,1,1,6,1,46,8,1995,2,6,-1,1,-1
201501KD50363,1,3,0,18,0,2,0,10,2,10,1,1,6,1,43,7,124,1,10,-1,1,-1
201501KD50364,1,9,0,9,0,8,0,0,0,0,1,1,6,2,44,7,-1,-1,-1,-1,1,-1
201501KD50364,2,1,0,18,0,8,0,0,0,0,3,1,6,1,37,7,-1,-1,-1,-1,-1,-1
201501KD50365,1,9,0,18,0,2,0,0,0,0,1,1,6,1,64,9,5998,1,10,-1,1,-1
201501KD50366,1,9,0,3,0,0,0,0,0,0,1,1,6,2,25,5,998,1,15,-1,-1,-1
201501KD50366,2,9,0,18,0,0,0,0,0,0,1,1,6,1,39,7,1995,2,9,-1,1,-1
201501KD50366,3,9,0,3,0,0,0,0,0,0,1,1,6,1,30,6,1796,1,14,-1,-1,-1
201501KD50367,1,9,0,9,0,8,0,0,0,0,3,1,6,1,53,8,1799,1,8,-1,1,-1
201501KD50367,2,90,0,13,0,8,0,0,0,0,1,1,6,1,-1,-1,-1,-1,-1,-1,-1,-1
201501KD50368,1,9,0,9,0,8,0,0,0,0,3,1,6,2,36,7,1560,2,6,-1,1,-1
201501KD50368,2,3,0,18,0,8,0,0,0,0,1,1,6,1,17,4,124,1,-1,-1,-1,-1
201501KD50370,1,11,0,18,0,1,0,0,0,0,4,1,1,3,-1,-1,-1,-1,-1,-1,-1,-1
201501KD50371,1,9,0,9,0,8,0,0,0,0,1,1,6,1,56,9,1598,1,11,-1,1,-1
201501KD50371,2,9,0,18,0,8,0,0,0,0,1,1,6,1,23,5,1388,1,10,-1,1,-1
201501KD50372,1,9,0,18,0,2,0,0,0,0,1,1,6,3,-1,-1,-1,-1,-1,-1,-1,-1
201501KD50373,1,19,0,18,0,0,0,0,0,0,1,1,6,1,27,6,2198,2,8,-1,1,-1
201501KD50373,2,5,0,18,0,0,0,0,0,0,1,1,6,1,61,9,85,1,23,-1,1,-1
201501KD50374,1,9,0,9,0,2,0,10,7,2,1,1,6,1,-1,-1,-1,-1,-1,-1,1,-1
201501KD50375,1,9,0,9,0,8,0,0,0,0,4,1,6,2,32,6,-1,-1,-1,-1,1,-1
201501KD50375,2,11,0,18,0,8,0,0,0,0,1,1,6,1,58,9,4461,2,2,-1,1,-1
201501KD50376,1,9,0,18,0,8,0,0,0,0,3,1,6,1,54,8,1240,1,11,-1,1,-1
201501KD50376,2,9,0,17,0,8,0,0,0,0,1,1,6,2,20,4,998,1,1,-1,1,-1
201501KD50377,1,9,0,16,0,0,0,0,0,0,3,1,6,1,59,9,2993,2,1,-1,1,-1
201501KD50377,2,9,0,17,0,0,5,0,0,0,3,1,6,1,42,7,998,1,6,-1,1,-1
201501KD50379,1,9,0,8,0,1,0,0,0,0,2,1,6,2,19,4,1595,1,9,-1,1,-1
201501KD50379,2,8,0,7,0,1,0,0,0,0,1,1,6,1,-1,-1,1991,2,6,-1,1,-1
201501KD50382,1,9,0,18,0,8,0,0,0,0,1,1,6,2,20,4,1198,1,1,-1,1,-1
201501KD50382,2,9,0,18,0,8,0,0,0,0,4,1,6,2,57,9,1997,2,1,-1,1,-1
201501KD50383,1,9,0,7,0,2,0,0,0,0,1,1,6,3,-1,-1,-1,-1,-1,-1,-1,-1
201501KD50384,1,9,0,7,0,8,0,0,0,0,3,1,6,1,-1,-1,1198,1,12,-1,1,-1
201501KD50384,2,9,0,9,0,8,0,0,0,0,4,1,6,1,55,8,4600,1,11,-1,1,-1
201501KD50385,1,4,0,18,0,2,0,0,0,0,0,1,6,1,34,6,805,1,11,-1,1,-1
201501KD50386,1,9,0,18,0,0,0,0,0,0,4,1,6,2,33,6,-1,-1,-1,-1,2,-1
201501KD50386,2,21,0,12,0,0,0,0,0,0,3,1,1,1,54,8,-1,-1,-1,-1,1,-1
201501KD50387,1,9,0,3,0,1,0,0,0,0,2,1,6,2,69,10,1368,1,5,-1,1,-1
201501KD50387,2,9,0,5,0,1,0,0,0,0,1,1,6,1,-1,-1,-1,-1,-1,-1,-1,-1
201501KD50388,1,9,0,10,0,8,0,0,0,0,2,1,6,1,45,7,1995,2,5,-1,1,-1
201501KD50388,2,9,0,18,0,8,0,0,0,0,1,1,6,2,27,6,-1,-1,-1,-1,1,-1
201501KD50389,1,9,0,18,0,8,0,0,0,0,1,1,6,1,20,4,1596,1,15,-1,3,-1
201501KD50389,2,9,0,9,0,8,0,0,0,0,4,1,6,2,30,6,1596,1,4,-1,1,-1
201501KD50390,1,9,0,9,0,8,0,0,0,0,3,1,6,2,17,4,1598,1,4,-1,3,-1
201501KD50390,2,9,0,18,0,8,0,0,0,0,1,1,6,2,41,7,1598,1,15,-1,2,-1
201501KD50391,1,9,0,9,0,2,0,10,1,0,1,1,6,3,-1,-1,-1,-1,-1,-1,-1,-1
201501KD50393,1,19,0,18,0,8,0,10,1,3,1,1,1,1,53,8,1998,2,11,-1,1,-1
201501KD50393,2,9,0,18,0,8,0,0,0,0,4,1,6,1,26,6,2149,2,8,-1,1,-1
201501KD50395,1,9,0,3,0,0,0,0,0,0,2,1,6,1,50,8,1686,2,2,-1,1,-1
201501KD50395,2,9,0,3,0,0,0,0,0,0,2,1,6,1,59,9,1299,1,10,-1,1,-1
201501KD50395,3,9,0,3,0,0,0,0,0,0,2,1,6,1,68,10,1461,2,-1,-1,1,-1
201501KD50395,4,9,0,18,0,0,0,0,0,0,1,1,6,1,19,4,1390,1,8,-1,1,-1
201501KD50396,1,9,0,3,0,1,0,0,0,0,2,1,6,1,67,10,1798,1,3,-1,1,-1
201501KD50396,2,21,0,18,0,1,0,0,0,0,1,1,1,1,-1,-1,12809,2,-1,-1,-1,-1
201501KD50396,3,9,0,3,0,1,0,0,0,0,2,1,6,1,-1,-1,1498,1,-1,-1,-1,-1
201501KD50396,4,9,0,3,0,1,0,0,0,0,2,1,6,1,-1,-1,1461,2,13,-1,-1,-1
201501KD50397,1,9,0,3,0,0,0,0,0,0,2,1,6,1,38,7,1598,1,3,-1,1,-1
201501KD50397,2,9,0,3,0,0,0,0,0,0,2,1,6,2,32,6,1199,1,11,-1,1,-1
201501KD50397,3,9,0,18,0,0,0,0,0,0,1,1,6,2,28,6,1229,1,4,-1,1,-1
201501KD50398,1,9,0,9,0,8,0,0,0,0,3,1,2,2,27,6,2143,2,-1,-1,1,-1
201501KD50398,2,9,0,18,0,8,0,0,0,0,1,1,6,1,-1,-1,-1,-1,-1,-1,-1,-1
201501KD50399,1,9,0,6,0,0,0,0,0,0,3,1,6,2,37,7,1229,1,10,-1,1,-1
201501KD50399,2,3,0,18,0,0,0,0,0,0,1,1,6,1,19,4,125,1,3,-1,1,-1
201501KD50400,1,9,0,5,0,1,0,0,0,0,1,1,6,1,48,8,1998,1,10,-1,1,-1
201501KD50400,2,90,0,5,0,1,0,0,0,0,3,1,6,1,67,10,-1,-1,-1,-1,1,-1
201501KD50401,1,9,0,9,0,8,0,0,0,0,4,1,6,1,62,9,1396,1,6,-1,-1,-1
201501KD50401,2,5,0,18,0,1,1,0,0,0,1,1,2,1,41,7,599,1,15,-1,1,-1
201501KD50402,1,9,0,18,0,8,0,0,0,0,4,1,6,1,31,6,2099,1,11,-1,-1,-1
201501KD50402,2,9,0,7,0,8,0,0,0,0,1,1,6,1,-1,-1,2926,2,13,-1,-1,-1
201501KD50403,1,9,0,3,0,1,0,0,0,0,2,1,6,2,59,9,1242,1,8,-1,1,-1
201501KD50403,2,9,0,4,0,1,0,0,0,0,1,1,6,1,-1,-1,1399,2,7,-1,-1,-1
201501KD50404,1,9,0,18,0,1,0,0,0,0,1,1,6,2,46,8,1598,1,13,-1,-1,-1
201501KD50404,2,1,0,18,0,1,0,0,0,0,3,1,6,2,12,3,-1,-1,-1,-1,-1,-1
201501KD50406,1,9,0,4,0,0,0,0,0,0,2,1,6,2,49,8,1587,1,7,-1,1,-1
201501KD50406,2,19,0,18,0,0,0,0,0,0,1,1,6,1,-1,-1,2198,2,2,-1,-1,-1
201501KD50407,1,9,0,6,0,8,0,0,0,0,3,1,6,1,29,6,1240,1,11,-1,1,-1
201501KD50407,2,3,0,18,0,8,0,0,0,0,1,1,6,1,19,4,124,1,4,-1,1,-1
201501KD50408,1,9,0,18,0,2,0,0,0,0,3,1,6,2,19,4,1199,1,11,-1,1,-1
201501KD50409,1,9,0,18,0,8,0,0,0,0,1,1,2,2,21,5,1596,1,9,-1,1,-1
201501KD50409,2,19,0,7,0,8,0,0,0,0,3,1,6,1,26,6,1248,2,7,-1,1,-1
201501KD50410,1,9,0,9,0,8,0,0,0,0,1,1,6,2,75,10,-1,-1,-1,-1,1,-1
201501KD50410,2,9,0,18,0,8,0,0,0,0,3,1,6,1,54,8,1995,2,-1,-1,1,-1
201501KD50411,1,19,0,9,0,8,0,0,0,0,1,1,6,1,45,7,1560,2,1,-1,1,-1
201501KD50411,2,9,0,18,0,8,0,0,0,0,4,1,6,1,83,11,2495,1,11,-1,1,-1
201501KD50411,3,9,0,3,0,1,0,0,0,0,1,1,6,2,75,10,1587,1,10,-1,1,-1
201501KD50412,1,9,0,18,0,8,0,0,0,0,1,1,6,1,29,6,1398,1,3,-1,1,-1
201501KD50412,2,9,0,9,0,8,0,0,0,0,3,1,6,1,21,5,1197,1,2,-1,3,-1
201501KD50413,1,9,0,16,0,0,0,10,7,4,3,1,6,1,24,5,1587,1,16,-1,1,-1
201501KD50414,1,9,0,18,0,0,0,0,0,0,1,1,6,2,47,8,1598,1,1,-1,1,-1
201501KD50415,1,9,0,3,0,0,0,0,0,0,1,1,6,1,50,8,1598,1,3,-1,1,-1
201501KD50415,2,9,0,1,0,0,0,0,0,0,2,1,6,1,71,10,1798,8,1,-1,-1,-1
201501KD50418,1,9,0,18,0,8,0,0,0,0,3,1,6,1,26,6,1998,1,-1,-1,1,-1
201501KD50419,1,9,0,16,9,0,5,10,7,9,1,1,6,1,22,5,1600,1,15,-1,1,-1