Accident_Index,Vehicle_Reference,Vehicle_Type,Towing_and_Articulation,Vehicle_Manoeuvre,Vehicle_Location-Restricted_Lane,Junction_Location,Skidding_and_Overturning,Hit_Object_in_Carriageway,Vehicle_Leaving_Carriageway,Hit_Object_off_Carriageway,1st_Point_of_Impact,Was_Vehicle_Left_Hand_Drive?,Journey_Purpose_of_Driver,Sex_of_Driver,Age_of_Driver,Age_Band_of_Driver,Engine_Capacity_(CC),Propulsion_Code,Age_of_Vehicle,Driver_IMD_Decile,Driver_Home_Area_Type,Vehicle_IMD_Decile
201501KD50420,1,9,0,16,0,0,0,0,0,0,1,1,6,1,22,5,1461,2,1,-1,1,-1
201501KD50420,2,11,0,17,0,0,0,0,0,0,1,1,6,1,28,6,6700,2,4,-1,1,-1
201501KD50420,3,19,0,16,0,0,0,0,0,0,1,1,6,1,53,8,-1,-1,-1,-1,1,-1
201501KD50421,1,9,0,9,0,8,0,0,0,0,1,1,1,1,46,8,2776,2,11,-1,3,-1
201501KD50421,2,1,0,17,0,8,0,0,0,0,4,1,6,1,69,10,-1,-1,-1,-1,1,-1
201501KD50422,1,9,0,18,0,8,0,0,0,0,1,1,6,1,60,9,2494,2,1,-1,1,-1
201501KD50422,2,9,0,9,0,8,0,0,0,0,2,1,6,1,61,9,-1,-1,-1,-1,1,-1
201501KD50423,1,9,0,12,0,0,0,0,0,0,2,1,6,2,52,8,-1,-1,-1,-1,-1,-1
201501KD50423,2,9,0,18,0,0,0,0,0,0,1,1,6,1,45,7,-1,-1,-1,-1,-1,-1
201501KD50423,3,9,0,18,0,0,0,0,0,0,1,1,6,2,28,6,-1,-1,-1,-1,-1,-1
201501KD50424,1,9,0,10,0,1,0,0,0,0,2,1,6,2,40,7,1299,1,7,-1,1,-1
201501KD50424,2,9,0,18,0,1,0,0,0,0,1,1,6,1,20,4,1242,1,-1,-1,1,-1
201501KD50425,1,9,0,3,0,1,0,0,0,0,2,1,6,2,53,8,1995,2,3,-1,1,-1
201501KD50425,2,9,0,18,0,1,0,0,0,0,1,1,6,2,40,7,1796,1,13,-1,-1,-1
201501KD50426,1,9,0,4,0,1,0,0,0,0,2,1,6,1,54,8,1968,2,7,-1,1,-1
201501KD50426,2,9,0,4,0,1,0,0,0,0,1,1,6,1,31,6,1968,2,2,-1,1,-1
201501KD50427,1,9,0,17,0,0,0,0,0,0,1,1,6,1,27,6,1596,1,14,-1,-1,-1
201501KD50427,2,1,0,18,0,0,0,0,0,0,4,1,6,1,13,3,-1,-1,-1,-1,1,-1
201501KD50428,1,9,0,17,0,8,0,0,0,0,2,1,6,1,-1,-1,1248,2,2,-1,-1,-1
201501KD50428,2,9,0,17,0,8,0,0,0,0,1,1,6,1,23,5,2987,2,4,-1,1,-1
201501KD50429,1,9,0,9,0,8,0,0,0,0,4,1,6,1,74,10,2685,2,10,-1,1,-1
201501KD50429,2,9,0,18,0,8,0,0,0,0,1,1,6,2,20,4,1242,1,8,-1,1,-1
201501KD50430,1,9,0,9,0,8,0,0,0,0,1,1,6,2,29,6,1397,1,12,-1,1,-1
201501KD50430,2,9,0,18,0,8,0,0,0,0,3,1,6,1,31,6,1896,2,15,-1,1,-1
201501KD50432,1,9,0,16,0,2,0,10,1,4,1,1,6,2,36,7,-1,-1,-1,-1,1,-1
201501KD50433,1,9,0,18,9,0,0,10,7,4,1,1,6,2,68,10,2993,2,1,-1,1,-1
201501KD50434,1,9,0,3,0,0,0,0,0,0,2,1,6,2,39,7,1560,2,2,-1,1,-1
201501KD50434,2,9,0,18,0,0,0,0,0,0,1,1,6,2,-1,-1,2261,1,8,-1,-1,-1
201501KD50435,1,9,0,13,0,8,0,0,0,0,4,1,4,2,30,6,1596,1,11,-1,1,-1
201501KD50435,2,9,0,9,0,8,0,0,0,0,1,1,6,2,34,6,1997,2,5,-1,1,-1
201501KD50436,1,9,0,9,0,8,0,0,1,0,3,1,6,1,60,9,2143,2,1,-1,1,-1
201501KD50436,2,1,0,18,0,8,0,0,0,0,1,1,6,1,52,8,-1,-1,-1,-1,1,-1
201501KD50437,1,9,0,9,0,8,0,0,0,0,3,1,6,2,19,4,1242,1,-1,-1,1,-1
201501KD50437,2,9,0,18,0,8,0,0,0,0,1,1,6,1,52,8,1596,1,13,-1,1,-1
201501KD50438,1,9,0,3,0,1,0,0,0,0,2,1,6,2,32,6,1086,1,6,-1,1,-1
201501KD50438,2,9,0,5,0,1,0,0,0,0,1,1,6,1,-1,-1,1794,1,10,-1,1,-1
201501KD50439,1,9,0,18,0,8,0,0,0,0,1,1,6,1,26,6,2996,1,6,-1,1,-1
201501KD50439,2,9,0,9,0,8,0,0,0,0,4,1,6,1,19,4,1242,1,9,-1,1,-1
201501KD50440,1,8,0,18,0,1,0,7,0,0,1,1,1,1,-1,-1,-1,-1,-1,-1,-1,-1
201501KD50442,1,9,0,18,0,0,0,4,0,0,1,1,6,2,-1,-1,-1,-1,-1,-1,-1,-1
201501KD50442,2,9,0,2,0,0,0,0,0,0,2,1,6,1,-1,-1,1229,1,9,-1,-1,-1
201501KD50443,1,8,0,9,0,8,0,0,0,0,3,1,6,1,68,10,2499,2,7,-1,1,-1
201501KD50443,2,9,0,13,0,8,0,0,0,0,4,1,6,1,25,5,1956,2,3,-1,1,-1
201501KD50444,1,9,0,17,0,8,0,10,2,7,1,1,6,1,19,4,1995,2,-1,-1,1,-1
201501KD50445,1,9,0,7,0,2,0,0,0,0,2,1,6,1,57,9,1997,2,1,-1,1,-1
201501KD50445,2,9,0,7,0,2,0,0,0,0,1,1,6,1,22,5,2143,2,2,-1,1,-1
201501KD50446,1,9,0,18,0,0,0,0,0,0,1,1,6,2,31,6,998,1,14,-1,1,-1
201501KD50446,2,9,0,3,0,0,0,0,0,0,2,1,6,1,29,6,1242,1,2,-1,1,-1
201501KD50446,3,19,0,3,0,0,0,0,0,0,2,1,6,1,32,6,1910,2,8,-1,1,-1
201501KD50447,1,90,0,18,0,0,0,0,0,0,0,1,1,1,-1,-1,-1,-1,-1,-1,-1,-1
201501KD50447,2,9,0,18,0,0,0,0,0,0,1,1,6,1,23,5,1796,1,5,-1,1,-1
201501KD50447,3,9,0,18,0,0,0,0,0,0,1,1,6,1,19,4,1461,2,1,-1,1,-1
201501KD50448,1,9,0,18,0,0,0,0,0,0,1,1,6,2,67,10,1994,2,12,-1,1,-1
201501KD50448,2,9,0,18,0,0,0,0,0,0,1,1,6,1,20,4,1998,1,11,-1,1,-1
201501KD50449,1,11,0,18,0,0,0,0,0,0,0,1,1,1,53,8,9000,2,6,-1,1,-1
201501KD50450,1,9,0,9,0,8,0,0,0,0,3,1,6,1,36,7,1124,1,9,-1,-1,-1
201501KD50450,2,9,0,9,0,8,0,0,0,0,4,1,6,1,28,6,2979,1,7,-1,1,-1
201501KD50451,1,9,0,18,0,0,0,10,5,6,3,1,6,1,40,7,1686,2,11,-1,1,-1
201501KD50452,1,9,0,18,0,8,0,0,0,0,1,1,1,2,21,5,1968,2,8,-1,1,-1
201501KD50452,2,19,0,17,0,8,0,0,0,0,4,1,6,2,27,6,1560,2,2,-1,1,-1
201501KD50453,1,9,0,18,0,8,0,0,0,0,4,1,6,3,-1,-1,-1,-1,-1,-1,-1,-1
201501KD50453,2,19,0,18,0,8,0,0,0,0,3,1,6,1,34,6,2198,2,2,-1,1,-1
201501KD50454,1,8,0,3,0,1,0,0,0,0,2,1,1,1,-1,-1,-1,-1,-1,-1,-1,-1
201501KD50454,2,9,0,18,0,1,0,0,0,0,1,1,6,1,-1,-1,-1,-1,-1,-1,-1,-1
201501KD50455,1,9,0,3,0,0,0,0,0,0,2,1,6,2,51,8,1242,1,3,-1,1,-1
201501KD50455,2,9,0,3,0,0,0,0,0,0,2,1,6,2,31,6,-1,-1,-1,-1,1,-1
201501KD50455,3,9,0,4,0,0,0,0,0,0,1,1,6,1,31,6,1386,1,6,-1,1,-1
201501KD50455,4,19,0,4,0,0,0,0,0,0,1,1,6,1,46,8,2402,2,8,-1,1,-1
201501KD50456,1,1,0,18,0,0,0,0,0,0,3,1,6,1,41,7,-1,-1,-1,-1,1,-1
201501KD50456,2,19,0,13,0,0,0,0,0,0,4,1,6,1,47,8,-1,-1,-1,-1,1,-1
201501KD50458,1,9,0,18,0,0,0,7,0,0,3,1,6,1,26,6,1395,1,-1,-1,1,-1
201501KD50458,2,9,0,18,0,0,0,0,0,0,3,1,6,1,-1,-1,2400,2,6,-1,-1,-1
201501KD50459,1,9,0,18,0,8,0,0,0,0,1,1,6,2,23,5,1299,1,17,-1,1,-1
201501KD50459,2,9,0,18,0,8,0,0,0,0,4,1,6,2,61,9,1591,1,3,-1,1,-1
201501KD50460,1,9,0,18,0,0,0,0,0,0,4,1,6,1,68,10,1997,1,5,-1,-1,-1
201501KD50460,2,9,0,5,0,0,0,0,0,0,3,1,6,1,53,8,1339,1,8,-1,1,-1
201501KD50461,1,9,0,18,0,2,0,0,0,0,1,1,6,2,28,6,1149,1,7,-1,1,-1
201501KD50461,2,9,0,18,0,1,0,0,0,0,1,1,6,3,-1,-1,-1,-1,-1,-1,-1,-1
201501KD50463,1,9,0,18,0,0,0,0,0,0,4,1,6,1,45,7,-1,-1,-1,-1,-1,-1
201501KD50464,1,3,0,18,0,0,1,0,0,0,3,1,6,1,28,6,125,1,2,-1,1,-1
201501KD50465,1,9,0,18,0,2,0,0,0,0,1,1,6,1,67,10,1596,1,11,-1,1,-1
201501KD50466,1,9,0,18,0,8,0,0,0,0,1,1,6,1,52,8,1988,2,9,-1,1,-1
201501KD50466,2,9,0,9,0,8,0,0,0,0,4,1,6,1,24,5,1590,1,16,-1,1,-1
201501KD50468,1,19,0,18,0,8,0,0,0,0,3,1,1,1,30,6,1753,2,11,-1,1,-1
201501KD50468,2,3,0,18,0,8,0,0,0,0,1,1,6,1,31,6,124,1,14,-1,1,-1
201501KD50469,1,3,0,18,0,0,0,0,0,0,4,1,6,1,24,5,124,1,-1,-1,1,-1
201501KD50469,2,9,0,5,0,0,0,0,0,0,3,1,6,2,41,7,1388,1,11,-1,1,-1
201501KD50470,1,9,0,8,0,1,0,0,0,0,2,1,6,2,35,6,2993,2,5,-1,1,-1
201501KD50470,2,9,0,5,0,1,0,0,0,0,1,1,6,1,-1,-1,1390,1,7,-1,-1,-1
201501KD50471,1,9,0,17,0,8,0,0,0,0,3,1,6,2,32,6,1997,1,14,-1,1,-1
201501KD50471,2,9,0,17,0,8,0,0,0,0,4,1,6,1,-1,-1,1461,2,1,-1,-1,-1
201501KD50472,1,9,0,18,0,8,0,0,0,0,4,1,6,1,50,8,1995,2,13,-1,-1,-1
201501KD50472,2,9,0,1,0,8,0,0,0,0,2,1,6,3,-1,-1,2967,1,13,-1,-1,-1
201501KD50473,1,11,0,18,0,8,0,0,0,0,0,1,1,1,51,8,8268,2,12,-1,2,-1
201501KD50475,1,9,0,17,0,8,0,0,0,0,4,1,6,1,23,5,1560,2,7,-1,1,-1
201501KD50475,2,9,0,18,0,8,0,0,0,0,1,1,6,1,-1,-1,1968,2,2,-1,3,-1
201501KD50476,1,9,0,16,0,0,0,0,0,0,1,1,6,2,38,7,1360,1,14,-1,1,-1
201501KD50476,2,9,0,17,0,0,0,0,0,0,1,1,6,1,31,6,1388,1,5,-1,-1,-1
201501KD50477,1,9,0,18,0,8,0,0,0,0,1,1,1,1,47,8,2993,2,-1,-1,1,-1
201501KD50477,2,9,0,10,0,8,0,0,0,0,2,1,6,2,51,8,1895,1,14,-1,1,-1
201501KD50480,1,9,0,18,0,8,0,0,0,0,3,1,3,1,50,8,1198,1,7,-1,1,-1
201501KD50480,2,1,0,17,0,8,0,0,0,0,1,1,2,1,26,6,-1,-1,-1,-1,-1,-1
201501KD50481,1,3,0,14,0,2,0,0,0,0,1,1,6,1,20,4,124,1,5,-1,-1,-1
201501KD50482,1,9,0,18,0,0,0,0,0,0,1,1,6,2,28,6,1995,2,12,-1,1,-1
201501KD50482,2,9,0,18,0,0,0,0,0,0,1,1,6,2,18,4,1299,1,11,-1,1,-1
201501KD50483,1,19,0,18,0,0,0,0,0,0,1,1,1,1,54,8,-1,-1,-1,-1,1,-1
201501KD50483,2,5,0,13,0,0,0,0,0,0,4,1,2,2,31,6,-1,-1,-1,-1,1,-1
201501KD50484,1,9,0,3,0,1,0,0,0,0,2,1,6,2,34,6,998,1,16,-1,1,-1
201501KD50484,2,19,0,18,0,1,0,0,0,0,1,1,1,1,-1,-1,9290,2,2,-1,3,-1
201501KD50485,1,9,0,3,0,0,0,0,0,0,2,1,6,2,41,7,1600,2,4,-1,1,-1
201501KD50485,2,9,0,4,0,0,0,0,0,0,2,1,6,2,31,6,1598,1,13,-1,1,-1
201501KD50485,3,9,0,18,0,0,0,0,0,0,1,1,6,1,29,6,1796,1,14,-1,1,-1
201501KD50486,1,9,0,3,0,0,0,0,0,0,2,1,6,2,-1,-1,1956,2,2,-1,1,-1
201501KD50486,2,9,0,3,0,0,0,0,0,0,2,1,6,1,47,8,1998,1,-1,-1,1,-1
201501KD50486,3,19,0,18,0,0,0,0,0,0,1,1,6,1,23,5,1598,2,1,-1,-1,-1
201501KD50487,1,9,0,7,0,8,0,0,0,0,3,1,6,1,58,9,1769,1,13,-1,1,-1
201501KD50487,2,9,0,18,0,8,0,0,0,0,1,1,6,2,-1,-1,1360,1,10,-1,-1,-1
201501KD50490,1,9,0,3,0,1,0,0,0,0,2,1,6,2,55,8,998,1,1,-1,1,-1
201501KD50490,2,9,0,18,0,1,0,0,0,0,1,1,6,3,-1,-1,1197,1,-1,-1,-1,-1
201501KD50491,1,9,0,18,0,8,0,0,0,0,1,1,6,1,58,9,1769,1,13,-1,1,-1
201501KD50491,2,9,0,18,0,8,0,0,0,0,4,1,6,2,45,7,1197,1,-1,-1,1,-1
201501KD50493,1,9,0,9,0,8,0,0,0,0,3,1,6,1,58,9,1240,1,5,-1,1,-1
201501KD50493,2,3,0,13,0,8,0,0,0,0,4,1,6,1,18,4,125,1,5,-1,1,-1
201501KD50494,1,11,0,2,0,8,0,0,0,0,2,1,1,2,38,7,4500,2,8,-1,-1,-1
201501KD50494,2,1,0,18,0,8,0,0,0,0,1,1,6,1,44,7,-1,-1,-1,-1,-1,-1
201501KD50496,1,1,0,18,0,1,0,0,0,0,3,1,6,1,44,7,-1,-1,-1,-1,1,-1
201501KD50496,2,19,0,7,0,5,0,0,0,0,4,1,6,1,-1,-1,1968,2,3,-1,-1,-1
201501KD50498,1,9,0,18,0,8,0,0,0,0,1,1,6,1,29,6,2000,2,8,-1,1,-1
201501KD50498,2,9,0,18,0,8,0,0,0,0,3,1,6,1,29,6,-1,-1,-1,-1,1,-1
201501KD50499,1,3,0,18,0,0,0,0,0,0,3,1,6,1,44,7,124,1,9,-1,1,-1
201501KD50500,1,9,0,10,0,1,0,0,0,0,2,1,6,2,21,5,1299,1,13,-1,1,-1
201501KD50500,2,9,0,18,0,1,0,0,0,0,1,1,6,1,-1,-1,1798,1,11,-1,-1,-1
201501KD50501,1,9,0,18,0,8,0,0,0,0,1,1,6,1,76,11,1796,1,12,-1,1,-1
201501KD50501,2,9,0,18,0,8,0,0,0,0,4,1,6,1,43,7,998,1,14,-1,1,-1
201501KD50502,1,19,0,18,0,8,0,0,0,0,1,1,6,1,55,8,2198,2,2,-1,1,-1
201501KD50502,2,3,0,9,0,8,0,0,0,0,4,1,6,2,18,4,125,1,-1,-1,1,-1
201501KD50503,1,9,0,18,0,8,0,0,0,0,4,1,6,2,25,5,999,1,-1,-1,1,-1
201501KD50503,2,9,0,7,0,8,0,0,0,0,1,1,6,1,-1,-1,2996,1,7,-1,-1,-1
201501KD50504,1,9,0,11,0,0,0,0,0,0,4,1,2,1,49,8,-1,-1,-1,-1,1,-1
201501KD50504,2,3,0,18,0,0,0,0,0,0,3,1,6,1,20,4,125,1,1,-1,1,-1
201501KD50505,1,9,0,1,9,1,0,0,0,0,2,1,6,1,76,11,1199,1,12,-1,1,-1
201501KD50506,1,9,0,9,0,8,0,0,0,0,3,1,6,2,55,8,1686,2,1,-1,1,-1
201501KD50506,2,5,0,18,0,8,0,0,0,0,1,1,6,1,36,7,599,1,18,-1,1,-1
201501KD50507,1,9,0,4,0,0,0,0,0,0,2,1,6,1,35,6,2959,2,11,-1,2,-1
201501KD50507,2,19,0,18,0,0,0,0,0,0,1,1,1,1,37,7,1560,2,-1,-1,1,-1
201501KD50508,1,9,0,18,0,0,0,0,0,0,1,1,6,2,26,6,1461,2,1,-1,1,-1
201501KD50508,2,9,0,18,0,0,0,0,0,0,1,1,6,3,-1,-1,999,1,-1,-1,-1,-1
201501KD50509,1,9,0,3,0,2,0,0,0,0,1,1,6,2,49,8,1896,2,9,-1,1,-1
201501KD50509,2,19,0,18,0,1,0,0,0,0,1,1,6,1,-1,-1,1896,2,7,-1,-1,-1
201501KD50510,1,9,0,18,0,8,0,0,0,0,3,1,6,2,52,8,1598,1,10,-1,1,-1
201501KD50510,2,9,0,9,0,8,0,0,0,0,1,1,6,1,-1,-1,1242,1,8,-1,-1,-1
201501KD50511,1,9,0,10,0,1,0,0,0,0,2,1,6,2,31,6,2429,1,10,-1,1,-1
201501KD50511,2,9,0,3,0,1,0,0,0,0,2,1,6,2,31,6,998,1,4,-1,1,-1
201501KD50511,3,9,0,3,0,1,0,0,0,0,2,1,6,2,47,8,1598,1,8,-1,1,-1
201501KD50511,4,9,0,18,0,1,0,0,0,0,1,1,6,1,25,5,1242,1,8,-1,1,-1
201501KD50512,1,3,0,18,0,0,0,0,0,0,1,1,6,1,18,4,125,1,1,-1,1,-1
201501KD50512,2,9,0,6,0,0,0,0,0,0,3,1,6,1,45,7,1998,1,12,-1,1,-1
201501KD50513,1,9,0,7,0,8,0,0,0,0,3,1,1,2,56,9,1242,1,1,-1,1,-1
201501KD50513,2,20,0,18,0,8,0,0,0,0,1,1,1,1,57,9,-1,-1,-1,-1,-1,-1
201501KD50514,1,9,0,3,0,0,0,0,0,0,2,1,6,1,25,5,1896,2,15,-1,2,-1
201501KD50514,2,9,0,3,0,0,0,0,0,0,2,1,6,2,25,5,973,1,15,-1,1,-1
201501KD50514,3,9,0,3,0,0,0,0,0,0,2,1,6,1,40,7,1781,1,14,-1,1,-1
201501KD50514,4,9,0,4,0,0,0,0,0,0,2,1,6,1,24,5,2993,2,9,-1,3,-1
201501KD50514,5,9,0,18,0,0,0,0,0,0,1,1,6,1,70,10,2191,2,2,-1,1,-1
201501KD50515,1,9,0,9,0,8,0,0,0,0,3,1,6,2,53,8,-1,-1,-1,-1,1,-1
201501KD50515,2,8,0,18,0,8,0,0,0,0,1,1,1,1,61,9,1560,2,1,-1,1,-1
201501KD50516,1,9,0,18,0,2,0,0,0,0,1,1,2,2,51,8,1596,1,2,-1,1,-1
201501KD50517,1,9,0,18,9,1,0,10,1,4,1,1,6,2,44,7,1400,1,9,-1,1,-1
201501KD50518,1,1,0,15,0,0,0,8,0,0,1,1,2,1,35,6,-1,-1,-1,-1,1,-1
201501KD50518,2,19,0,3,0,0,0,0,0,0,4,1,6,1,-1,-1,-1,-1,-1,-1,-1,-1
201501KD50519,1,1,0,18,0,8,0,0,0,0,1,1,6,1,47,8,-1,-1,-1,-1,-1,-1
201501KD50519,2,9,0,9,0,8,0,0,0,0,3,1,6,2,30,6,1398,1,-1,-1,-1,-1
201501KD50521,1,9,0,10,0,1,0,0,0,0,2,1,3,1,17,4,1390,1,8,-1,1,-1
201501KD50521,2,9,0,18,0,1,0,0,0,0,1,1,3,2,45,7,2922,1,12,-1,1,-1
201501KD50522,1,8,0,4,0,1,0,0,0,0,2,1,1,2,35,6,1598,2,3,-1,1,-1
201501KD50522,2,9,0,18,0,1,0,0,0,0,1,1,6,1,49,8,3199,1,11,-1,2,-1
201501KD50523,1,9,0,18,0,0,0,0,0,0,1,1,6,1,48,8,1461,2,4,-1,1,-1
201501KD50523,2,9,0,18,0,0,0,0,0,0,2,1,6,1,60,9,1896,2,7,-1,-1,-1
201501KD50524,1,9,0,18,0,0,0,0,0,0,1,1,6,1,31,6,2231,2,9,-1,1,-1
201501KD50525,1,9,0,18,0,1,0,0,0,0,1,1,6,1,18,4,1229,1,-1,-1,1,-1
201501KD50525,2,9,0,10,0,1,0,0,0,0,2,1,6,1,54,8,2354,1,8,-1,1,-1
201501KD50526,1,9,0,4,0,0,0,0,0,0,2,1,6,1,60,9,2698,2,10,-1,1,-1
201501KD50526,2,19,0,4,0,0,0,0,0,0,2,1,6,1,29,6,1560,2,1,-1,-1,-1
201501KD50526,3,9,0,18,0,0,0,0,0,0,1,1,6,1,53,8,973,1,15,-1,1,-1
201501KD50527,1,1,0,18,0,0,0,0,0,0,4,1,6,1,12,3,-1,-1,-1,-1,1,-1
201501KD50527,2,9,0,18,0,0,0,0,0,0,1,1,6,2,-1,-1,1248,1,4,-1,-1,-1
201501KD50528,1,11,0,18,2,1,0,0,0,0,3,1,1,1,27,6,4500,2,4,-1,1,-1
201501KD50528,2,9,0,11,2,1,0,0,0,0,4,1,6,2,51,8,998,1,-1,-1,2,-1
201501KD50529,1,9,0,18,0,0,0,10,5,6,3,1,6,1,48,8,1242,1,11,-1,1,-1
201501KD50531,1,9,0,16,0,8,0,0,0,0,1,1,6,2,25,5,1598,1,16,-1,1,-1
201501KD50532,1,1,0,18,0,1,0,0,0,0,0,1,6,1,32,6,-1,-1,-1,-1,1,-1
201501KD50533,1,9,0,9,0,8,0,0,0,0,4,1,6,1,44,7,1242,1,2,-1,1,-1
201501KD50533,2,3,0,18,0,8,0,0,0,0,1,1,6,1,22,5,-1,-1,-1,-1,1,-1
201501KD50534,1,9,0,8,0,1,0,0,0,0,2,1,6,2,30,6,1388,1,12,-1,1,-1
201501KD50534,2,9,0,18,0,1,0,0,0,0,1,1,6,2,35,6,1999,1,13,-1,-1,-1
201501KD50535,1,11,0,5,0,0,0,0,0,0,0,1,1,1,50,8,8268,2,11,-1,1,-1
201501KD50536,1,9,0,4,0,0,0,0,0,0,2,1,6,1,32,6,1061,1,10,-1,1,-1
201501KD50536,2,9,0,18,0,0,0,0,0,0,1,1,6,1,18,4,1229,1,3,-1,3,-1
201501KD50537,1,9,0,9,0,8,0,0,0,0,1,1,6,1,31,6,1968,2,10,-1,1,-1
201501KD50537,2,9,0,18,0,8,0,0,0,0,1,1,6,1,40,7,2170,2,10,-1,1,-1
201501KD50538,1,11,0,5,0,0,0,0,0,0,0,1,1,1,-1,-1,-1,-1,-1,-1,-1,-1
201501KD50539,1,11,0,4,0,2,0,0,0,0,0,1,1,1,53,8,4461,2,2,-1,-1,-1
201501KD50540,1,11,0,18,0,0,0,0,0,0,4,1,1,3,-1,-1,6700,2,4,-1,-1,-1
201501KD50541,1,9,0,18,0,0,0,10,0,0,4,1,6,1,67,10,1999,1,10,-1,1,-1
201501KD50542,1,9,0,18,0,1,0,0,0,0,1,1,1,1,54,8,1395,1,-1,-1,1,-1
201501KD50543,1,9,0,18,0,1,0,0,0,0,1,1,6,2,53,8,1248,1,6,-1,1,-1
201501KD50544,1,19,0,4,0,0,0,0,0,0,2,1,6,1,45,7,5480,2,9,-1,1,-1
201501KD50544,2,5,0,18,0,0,0,0,0,0,1,1,6,1,53,8,-1,-1,-1,-1,1,-1
201501KD50545,1,9,0,18,0,2,0,0,0,0,4,1,6,2,43,7,1968,2,6,-1,1,-1
201501KD50546,1,9,0,18,0,0,1,0,1,0,1,1,6,1,20,4,1390,1,1,-1,1,-1
201501KD50547,1,9,0,18,0,0,0,0,0,0,4,1,6,2,45,7,1560,2,4,-1,1,-1
201501KD50547,2,21,1,12,0,0,0,0,0,0,3,2,1,1,39,7,-1,-1,-1,-1,-1,-1
201501KD50549,1,9,0,4,0,0,0,0,0,0,2,1,6,1,43,7,-1,-1,-1,-1,1,-1
201501KD50549,2,9,0,18,0,0,0,0,0,0,1,1,6,2,36,7,4663,1,2,-1,1,-1
201501KD50550,1,11,0,18,0,1,0,0,0,0,1,1,1,1,42,7,6700,2,4,-1,1,-1
201501KD50550,2,9,0,18,0,2,0,0,0,0,1,1,6,1,25,5,1799,1,7,-1,1,-1
201501KD50553,1,9,0,3,0,0,0,0,0,0,2,1,6,1,30,6,995,1,3,-1,1,-1
201501KD50553,2,9,0,3,0,0,0,0,0,0,2,1,6,1,-1,-1,2435,1,17,-1,-1,-1
201501KD50553,3,9,0,18,0,0,0,0,0,0,1,1,6,1,-1,-1,2435,1,17,-1,-1,-1
201501KD50555,1,9,0,18,0,2,0,4,0,0,1,1,6,2,21,5,1197,1,3,-1,1,-1
201501KD50555,2,9,0,2,0,1,0,0,0,0,1,1,6,2,37,7,-1,-1,-1,-1,1,-1
201501KD50556,1,9,0,18,0,2,0,0,0,0,2,1,6,2,40,7,1590,1,13,-1,1,-1
201501KD50556,2,9,0,18,0,2,0,0,0,0,1,1,6,1,47,8,1398,2,1,-1,1,-1
201501KD50557,1,9,0,18,0,0,0,0,0,0,1,1,6,1,-1,-1,1596,1,11,-1,-1,-1
201501KD50560,1,9,0,18,0,1,0,0,0,0,1,1,2,2,60,9,1242,1,19,-1,1,-1
201501KD50561,1,9,0,7,0,8,0,0,0,0,4,1,6,2,65,9,1248,1,2,-1,1,-1
201501KD50561,2,1,0,18,0,8,0,0,0,0,1,1,6,1,-1,-1,-1,-1,-1,-1,-1,-1
201501KD50562,1,9,0,18,0,0,0,10,7,10,1,1,6,1,19,4,999,1,15,-1,1,-1
201501KD50563,1,9,0,10,0,8,0,0,0,0,2,1,6,2,35,6,1598,1,7,-1,1,-1
201501KD50563,2,9,0,18,0,8,0,0,0,0,1,1,6,2,-1,-1,-1,-1,-1,-1,1,-1
201501KD50564,1,9,0,18,0,0,0,0,0,0,3,1,6,2,22,5,1242,1,-1,-1,-1,-1
201501KD50564,2,9,0,18,0,0,5,0,0,0,3,1,6,1,-1,-1,1968,2,5,-1,-1,-1
201501KD50565,1,9,0,18,0,8,0,0,0,0,3,1,6,1,49,8,1969,2,-1,-1,2,-1
201501KD50565,2,1,0,17,0,8,0,0,0,0,1,1,6,1,48,8,-1,-1,-1,-1,1,-1
201501KD50566,1,9,0,18,0,0,0,0,0,0,3,1,2,2,56,9,2155,2,19,-1,1,-1
201501KD50566,2,21,0,11,0,0,0,0,0,0,4,1,1,2,39,7,12900,2,5,-1,3,-1
201501KD50567,1,9,0,1,0,8,0,0,0,0,4,1,6,1,31,6,1798,1,10,-1,-1,-1
201501KD50567,2,19,0,18,0,8,0,0,0,0,1,1,6,1,30,6,2402,2,9,-1,1,-1
201501KD50568,1,9,0,18,0,0,5,10,6,0,1,1,6,1,39,7,1596,1,12,-1,1,-1
201501KD50569,1,9,0,18,0,0,0,0,0,0,1,1,6,1,20,4,1956,2,4,-1,1,-1
201501KD50569,2,9,0,3,0,0,0,0,0,0,2,1,6,1,38,7,1242,1,13,-1,1,-1
201501KD50569,3,9,0,3,0,0,0,0,0,0,2,1,6,2,38,7,1360,1,5,-1,-1,-1
201501KD50572,1,9,0,7,0,2,0,7,0,0,1,1,6,2,23,5,1910,2,8,-1,1,-1
201501KD50573,1,19,0,4,0,2,0,0,0,0,2,1,6,1,31,6,1910,2,11,-1,1,-1
201501KD50573,2,19,0,4,0,2,0,0,0,0,2,1,6,1,-1,-1,1560,2,-1,-1,-1,-1
201501KD50573,3,19,0,4,0,2,0,0,0,0,1,1,6,1,26,6,2402,2,13,-1,1,-1
201501KD50574,1,9,0,11,0,0,0,0,0,0,2,1,6,1,60,9,1086,1,5,-1,1,-1
201501KD50574,2,5,0,15,0,0,0,0,0,0,1,1,6,1,29,6,599,1,11,-1,1,-1
201501KD50575,1,5,0,18,0,8,0,0,0,0,4,1,6,1,53,8,998,1,9,-1,1,-1
201501KD50575,2,19,0,7,0,8,0,0,0,0,3,1,6,1,-1,-1,2143,2,1,-1,1,-1
201501KD50577,1,9,0,4,0,0,0,0,0,0,0,1,6,1,25,5,1598,1,6,-1,1,-1
201501KD50578,1,9,0,18,0,2,0,0,0,0,1,1,6,1,84,11,1598,1,12,-1,1,-1