Accident_Index,Vehicle_Reference,Vehicle_Type,Towing_and_Articulation,Vehicle_Manoeuvre,Vehicle_Location-Restricted_Lane,Junction_Location,Skidding_and_Overturning,Hit_Object_in_Carriageway,Vehicle_Leaving_Carriageway,Hit_Object_off_Carriageway,1st_Point_of_Impact,Was_Vehicle_Left_Hand_Drive?,Journey_Purpose_of_Driver,Sex_of_Driver,Age_of_Driver,Age_Band_of_Driver,Engine_Capacity_(CC),Propulsion_Code,Age_of_Vehicle,Driver_IMD_Decile,Driver_Home_Area_Type,Vehicle_IMD_Decile
201501KD50579,1,9,0,18,0,8,0,0,0,0,1,1,6,1,78,11,1796,1,4,-1,1,-1
201501KD50579,2,9,0,9,0,8,0,0,0,0,4,1,6,2,60,9,998,1,1,-1,1,-1
201501KD50581,1,9,0,18,9,0,0,10,1,0,1,1,6,1,19,4,1390,1,7,-1,1,-1
201501KD50582,1,9,0,18,0,8,0,0,0,0,1,1,6,1,29,6,1560,2,9,-1,1,-1
201501KD50582,2,19,0,9,0,8,0,0,0,0,3,1,6,1,50,8,2198,2,7,-1,1,-1
201501KD50583,1,9,0,2,5,8,0,0,0,0,2,1,6,2,41,7,1590,1,11,-1,1,-1
201501KD50583,2,9,0,7,5,5,1,4,7,0,1,1,6,1,19,4,1839,1,10,-1,1,-1
201501KD50584,1,9,0,17,0,0,5,0,0,0,0,1,6,1,24,5,998,1,11,-1,1,-1
201501KD50586,1,9,0,3,0,1,0,0,0,0,2,1,6,1,38,7,-1,-1,-1,-1,1,-1
201501KD50586,2,9,0,18,0,1,0,0,0,0,1,1,6,1,-1,-1,998,1,14,-1,-1,-1
201501KD50587,1,9,0,4,0,0,0,0,0,0,2,1,6,2,-1,-1,-1,-1,-1,-1,-1,-1
201501KD50587,2,9,0,4,0,0,0,0,0,0,1,1,6,1,-1,-1,-1,-1,-1,-1,-1,-1
201501KD50588,1,9,0,18,0,0,0,0,0,0,4,1,1,1,-1,-1,-1,-1,-1,-1,-1,-1
201501KD50589,1,11,0,18,0,0,0,0,0,0,4,1,1,1,43,7,7300,2,10,-1,1,-1
201501KD50590,1,9,0,7,0,8,0,0,0,0,1,1,6,1,31,6,1794,1,15,-1,1,-1
201501KD50590,2,1,0,9,0,8,0,0,0,0,2,1,6,1,55,8,-1,-1,-1,-1,1,-1
201501KD50591,1,9,0,3,0,1,0,0,0,0,2,1,6,1,23,5,998,1,1,-1,1,-1
201501KD50591,2,9,0,3,0,1,0,0,0,0,2,1,6,2,47,8,2231,2,9,-1,1,-1
201501KD50591,3,9,0,18,0,1,0,0,0,0,1,1,6,2,42,7,1796,1,12,-1,1,-1
201501KD50594,1,9,0,4,0,0,0,0,0,0,2,1,6,1,35,6,-1,-1,-1,-1,1,-1
201501KD50594,2,3,0,4,0,0,0,0,0,0,1,1,6,1,25,5,125,1,8,-1,1,-1
201501KD50596,1,9,0,18,0,0,5,0,5,6,4,1,6,1,37,7,-1,-1,-1,-1,-1,-1
201501KD50596,2,21,1,12,0,0,0,0,0,0,3,2,6,1,44,7,-1,-1,-1,-1,-1,-1
201501KD50597,1,9,0,18,0,0,0,0,0,0,0,1,6,2,41,7,1596,1,9,-1,1,-1
201501KD50598,1,9,0,4,0,1,0,0,0,0,1,1,6,1,82,11,1596,1,2,-1,1,-1
201501KD50599,1,9,0,4,0,0,0,0,0,0,1,1,6,2,31,6,1240,1,12,-1,-1,-1
201501KD50599,2,8,0,4,0,0,0,0,0,0,2,1,6,1,59,9,1956,2,2,-1,1,-1
201501KD50599,3,9,0,4,0,0,0,0,0,0,2,1,6,1,-1,-1,-1,-1,-1,-1,-1,-1
201501KD50601,1,9,0,18,0,2,0,0,0,0,1,1,6,1,28,6,1896,2,10,-1,1,-1
201501KD50603,1,9,0,18,0,0,1,0,0,0,1,1,6,1,30,6,-1,-1,-1,-1,1,-1
201501KD50603,2,21,1,2,0,0,0,0,0,0,2,2,1,3,-1,-1,-1,-1,-1,-1,-1,-1
201501KD50604,1,11,0,4,0,2,0,0,0,0,0,1,6,1,-1,-1,-1,-1,-1,-1,-1,-1
201501KD50605,1,9,0,3,0,1,1,0,0,0,1,1,6,1,20,4,1995,2,-1,-1,1,-1
201501KD50605,2,9,0,3,0,1,0,0,0,0,2,1,6,1,25,5,-1,-1,-1,-1,1,-1
201501KD50605,3,9,0,18,0,1,0,0,0,0,2,1,6,2,39,7,1498,1,7,-1,1,-1
201501KD50606,1,9,0,10,0,1,0,0,0,0,2,1,6,2,30,6,1796,1,8,-1,1,-1
201501KD50606,2,9,0,4,0,1,0,0,0,0,1,1,6,2,-1,-1,1896,2,11,-1,1,-1
201501KD50607,1,9,0,18,0,1,0,0,0,0,1,1,1,2,18,4,1242,1,-1,-1,1,-1
201501KD50607,2,9,0,9,0,1,0,0,0,0,2,1,3,1,38,7,1995,2,3,-1,1,-1
201501KD50608,1,9,0,18,0,0,0,0,0,0,3,1,6,1,69,10,1596,1,-1,-1,1,-1
201501KD50609,1,9,0,8,0,1,0,0,0,0,2,1,6,1,41,7,1794,1,11,-1,1,-1
201501KD50609,2,9,0,7,0,1,0,0,0,0,1,1,6,1,29,6,1796,1,6,-1,1,-1
201501KD50610,1,8,0,18,0,8,0,0,0,0,4,1,1,1,51,8,1791,8,4,-1,1,-1
201501KD50610,2,9,0,9,0,8,0,0,0,0,1,1,6,1,-1,-1,1499,1,-1,-1,-1,-1
201501KD50613,1,9,0,18,0,8,0,0,0,0,1,1,1,2,43,7,1229,1,3,-1,1,-1
201501KD50613,2,19,0,5,0,8,0,0,0,0,3,1,1,1,-1,-1,-1,-1,-1,-1,-1,-1
201501KD50614,1,9,0,18,0,0,0,4,0,0,1,1,2,1,39,7,1797,8,5,-1,1,-1
201501KD50614,2,9,4,2,0,0,0,0,0,0,2,1,6,1,26,6,-1,-1,-1,-1,1,-1
201501KD50617,1,9,0,9,0,2,0,0,0,0,3,1,6,2,42,7,1560,2,4,-1,-1,-1
201501KD50618,1,9,0,16,0,0,0,0,0,0,1,1,6,1,64,9,998,1,16,-1,-1,-1
201501KD50618,2,9,0,17,0,0,0,0,0,0,1,1,6,2,74,10,1781,1,10,-1,-1,-1
201501KD50619,1,9,0,5,0,8,5,0,0,0,1,1,3,2,30,6,1240,1,10,-1,1,-1
201501KD50619,2,9,0,18,0,8,0,0,0,0,4,1,2,2,42,7,1968,2,1,-1,1,-1
201501KD50620,1,9,0,18,0,8,0,0,0,0,4,1,6,2,52,8,1796,1,10,-1,1,-1
201501KD50620,2,9,0,1,0,8,0,0,0,0,2,1,6,1,-1,-1,1461,2,5,-1,1,-1
201501KD50621,1,9,0,18,0,8,0,0,0,0,3,1,6,1,50,8,1679,1,15,-1,1,-1
201501KD50621,2,9,0,9,0,8,0,0,0,0,1,1,6,2,72,10,1560,2,1,-1,1,-1
201501KD50622,1,9,0,18,0,1,0,0,0,0,1,1,6,1,19,4,1229,1,8,-1,1,-1
201501KD50622,2,9,0,3,0,1,0,0,0,0,2,1,6,2,21,5,-1,-1,-1,-1,1,-1
201501KD50622,3,9,0,3,0,1,0,0,0,0,2,1,6,2,70,10,-1,-1,-1,-1,1,-1
201501KD50623,1,9,0,10,0,1,0,0,0,0,2,1,6,2,32,6,1596,1,9,-1,1,-1
201501KD50623,2,9,0,4,0,1,0,0,0,0,1,1,6,1,-1,-1,998,1,1,-1,-1,-1
201501KD50624,1,9,0,3,0,1,0,0,0,0,2,1,6,2,63,9,1248,1,2,-1,1,-1
201501KD50624,2,9,0,3,0,1,0,0,0,0,2,1,6,1,35,6,-1,-1,-1,-1,1,-1
201501KD50624,3,9,0,18,0,1,0,0,0,0,1,1,6,1,50,8,2143,2,4,-1,1,-1
201501KD50625,1,9,0,6,0,1,0,10,1,10,1,1,6,2,37,7,1198,1,3,-1,1,-1
201501KD50626,1,19,0,9,0,8,0,0,0,0,1,1,6,1,52,8,2198,2,-1,-1,-1,-1
201501KD50626,2,5,0,9,0,8,0,0,0,0,4,1,6,1,31,6,999,1,1,-1,-1,-1
201501KD50627,1,9,0,9,0,8,0,0,0,0,1,1,6,1,75,10,1198,1,1,-1,1,-1
201501KD50627,2,3,0,18,0,8,0,0,0,0,3,1,1,1,51,8,124,1,-1,-1,1,-1
201501KD50629,1,9,0,18,0,8,0,0,0,0,1,1,6,2,59,9,1339,1,6,-1,1,-1
201501KD50629,2,9,0,9,0,8,0,0,0,0,4,1,6,1,21,5,1149,1,12,-1,1,-1
201501KD50630,1,4,0,9,0,8,0,0,0,0,1,1,6,1,20,4,-1,-1,-1,-1,-1,-1
201501KD50630,2,9,0,18,0,8,0,0,0,0,4,1,6,1,52,8,1242,1,6,-1,1,-1
201501KD50631,1,11,0,18,0,0,0,0,0,0,0,1,1,2,33,6,9000,2,7,-1,-1,-1
201501KD50632,1,9,0,3,0,0,0,0,0,0,2,1,6,1,58,9,1395,1,-1,-1,-1,-1
201501KD50632,2,19,0,3,0,0,0,0,0,0,2,1,6,1,51,8,-1,-1,-1,-1,-1,-1
201501KD50632,3,20,0,18,0,0,0,0,0,0,1,1,6,1,-1,-1,-1,-1,-1,-1,-1,-1
201501KD50632,4,19,0,18,0,0,0,0,0,0,1,1,1,1,40,7,-1,-1,-1,-1,-1,-1
201501KD50633,1,9,0,4,0,0,0,0,0,0,2,1,6,2,21,5,1598,1,13,-1,1,-1
201501KD50633,2,9,0,18,0,0,0,0,0,0,1,1,6,1,17,4,1397,1,6,-1,1,-1
201501KD50635,1,9,0,4,0,1,0,0,0,0,2,1,6,2,28,6,1124,1,12,-1,1,-1
201501KD50635,2,9,0,4,0,1,0,0,0,0,1,1,1,1,46,8,-1,-1,-1,-1,1,-1
201501KD50635,3,90,0,18,0,1,0,0,0,0,0,1,1,3,-1,-1,-1,-1,-1,-1,-1,-1
201501KD50637,1,9,0,3,0,1,0,0,0,0,2,1,6,1,36,7,1995,2,3,-1,1,-1
201501KD50637,2,9,0,5,0,1,0,0,0,0,1,1,6,2,-1,-1,1248,2,7,-1,-1,-1
201501KD50638,1,21,0,12,0,0,0,0,0,0,3,2,1,1,50,8,-1,-1,-1,-1,-1,-1
201501KD50638,2,9,0,18,0,0,1,0,1,10,4,1,6,2,52,8,1995,2,-1,-1,1,-1
201501KD50639,1,9,0,17,0,8,0,0,0,0,4,1,6,1,61,9,2499,1,9,-1,1,-1
201501KD50639,2,2,0,7,0,8,0,0,0,0,1,1,6,1,20,4,125,1,-1,-1,1,-1
201501KD50640,1,9,0,4,0,0,0,0,0,0,2,1,6,1,74,10,2993,2,-1,-1,3,-1
201501KD50640,2,9,0,4,0,0,0,0,0,0,1,1,6,2,27,6,998,1,2,-1,1,-1
201501KD50641,1,3,0,18,0,8,0,0,0,0,4,1,1,1,35,6,125,1,4,-1,1,-1
201501KD50641,2,9,0,7,0,8,0,0,0,0,1,1,1,1,24,5,1368,1,-1,-1,-1,-1
201501KD50642,1,9,0,9,0,1,0,0,0,0,2,1,6,1,35,6,1124,1,11,-1,1,-1
201501KD50642,2,9,0,18,0,1,0,10,1,5,1,1,6,1,43,7,-1,-1,-1,-1,-1,-1
201501KD50643,1,9,0,12,0,0,0,0,0,0,3,1,6,1,58,9,-1,-1,-1,-1,1,-1
201501KD50643,2,5,0,18,0,0,0,0,0,0,4,1,6,1,44,7,680,1,7,-1,1,-1
201501KD50644,1,90,0,18,0,2,0,0,0,0,1,1,6,1,-1,-1,-1,-1,-1,-1,-1,-1
201501KD50645,1,11,0,18,0,0,0,0,0,0,4,1,1,1,64,9,9000,2,7,-1,-1,-1
201501KD50646,1,8,0,18,0,8,0,0,0,0,1,1,1,1,53,8,2499,2,3,-1,1,-1
201501KD50646,2,5,0,9,0,8,0,0,0,0,4,1,6,1,44,7,-1,-1,-1,-1,-1,-1
201501KD50647,1,19,0,17,0,2,0,0,0,0,1,1,2,1,49,8,2402,2,7,-1,1,-1
201501KD50647,2,9,0,16,0,1,0,0,0,0,1,1,6,1,39,7,1390,1,13,-1,1,-1
201501KD50648,1,9,0,18,0,8,0,0,0,0,3,1,6,1,-1,-1,1399,2,11,-1,1,-1
201501KD50648,2,9,0,9,0,8,0,0,0,0,1,1,6,1,33,6,1339,1,11,-1,1,-1
201501KD50649,1,9,0,8,0,1,0,0,0,0,2,1,2,1,-1,-1,1995,2,6,-1,-1,-1
201501KD50649,2,9,0,18,0,1,0,0,0,0,1,1,6,3,-1,-1,-1,-1,-1,-1,-1,-1
201501KD50650,1,19,0,9,0,8,0,0,0,0,4,1,6,1,47,8,1998,2,11,-1,1,-1
201501KD50650,2,21,0,18,0,8,0,0,0,0,1,1,1,1,-1,-1,-1,-1,-1,-1,-1,-1
201501KD50651,1,90,0,14,0,1,0,0,0,0,4,1,1,1,32,6,2686,2,9,-1,1,-1
201501KD50651,2,9,0,3,0,1,0,0,0,0,3,1,6,2,47,8,1582,2,4,-1,1,-1
201501KD50652,1,9,0,9,0,8,0,0,0,0,1,1,6,1,31,6,1896,2,14,-1,-1,-1
201501KD50652,2,9,0,18,0,8,0,0,0,0,3,1,6,1,27,6,1364,1,7,-1,1,-1
201501KD50653,1,9,0,17,0,8,0,0,0,0,3,1,6,2,62,9,1896,2,6,-1,1,-1
201501KD50653,2,20,0,17,0,8,0,0,0,0,4,1,1,1,-1,-1,-1,-1,-1,-1,-1,-1
201501KD50654,1,9,0,18,0,0,0,0,0,0,1,1,6,1,58,9,-1,-1,-1,-1,1,-1
201501KD50654,2,9,0,18,0,0,0,0,0,0,1,1,6,1,59,9,2987,2,10,-1,1,-1
201501KD50655,1,8,0,5,0,2,0,0,0,0,0,1,1,2,54,8,1560,2,5,-1,1,-1
201501KD50656,1,9,0,9,0,8,0,0,0,0,1,1,6,2,45,7,1798,1,11,-1,1,-1
201501KD50656,2,19,0,18,0,8,0,0,0,0,4,1,6,2,22,5,1461,2,1,-1,1,-1
201501KD50657,1,9,0,9,0,8,0,0,0,0,4,1,6,2,-1,-1,1242,1,1,-1,1,-1
201501KD50657,2,9,0,18,0,8,0,0,0,0,1,1,6,1,40,7,1781,1,8,-1,1,-1
201501KD50658,1,9,0,18,0,0,0,0,0,0,4,1,3,2,45,7,2191,2,2,-1,1,-1
201501KD50660,1,11,0,3,0,0,0,0,0,0,0,1,6,1,65,9,8268,2,10,-1,1,-1
201501KD50661,1,9,0,5,0,8,0,0,0,0,3,1,2,2,20,4,1242,1,9,-1,1,-1
201501KD50661,2,9,0,18,0,8,0,0,0,0,1,1,6,1,-1,-1,2143,2,2,-1,-1,-1
201501KD50662,1,11,0,16,0,8,0,0,0,0,0,1,1,1,44,7,4500,2,8,-1,1,-1
201501KD50666,1,19,0,18,0,8,0,0,0,0,4,1,6,2,63,9,-1,-1,-1,-1,1,-1
201501KD50666,2,4,0,18,0,8,0,0,0,0,1,1,6,1,21,5,-1,-1,-1,-1,1,-1
201501KD50667,1,9,0,10,0,1,0,0,0,0,2,1,6,1,82,11,1598,1,6,-1,-1,-1
201501KD50667,2,20,0,18,0,1,0,0,0,0,1,1,1,1,32,6,4461,2,3,-1,1,-1
201501KD50668,1,9,0,18,0,8,0,0,0,0,4,1,1,2,38,7,1968,2,3,-1,3,-1
201501KD50668,2,9,0,7,0,8,0,0,0,0,1,1,6,2,45,7,1796,1,7,-1,1,-1
201501KD50669,1,9,0,9,0,8,0,0,0,0,1,1,6,1,61,9,2171,1,13,-1,-1,-1
201501KD50669,2,5,0,18,0,8,0,0,0,0,1,1,6,1,-1,-1,-1,-1,-1,-1,-1,-1
201501KD50670,1,9,0,16,9,2,0,10,7,0,3,1,6,2,69,10,1248,2,1,-1,1,-1
201501KD50671,1,9,0,13,0,0,0,0,0,0,4,1,6,2,47,8,1598,1,11,-1,1,-1
201501KD50671,2,1,0,18,0,0,0,0,0,0,3,1,6,1,24,5,-1,-1,-1,-1,1,-1
201501KD50672,1,9,0,16,0,8,0,0,0,0,3,1,6,2,-1,-1,1798,1,1,-1,-1,-1
201501KD50672,2,21,1,16,0,8,0,0,0,0,4,1,6,3,-1,-1,-1,-1,-1,-1,-1,-1
201501KD50673,1,9,0,10,0,1,0,0,0,0,2,1,2,1,47,8,1248,2,11,-1,1,-1
201501KD50673,2,9,0,18,0,1,0,0,0,0,1,1,6,3,-1,-1,2198,2,4,-1,-1,-1
201501KD50674,1,9,0,18,0,0,0,0,0,0,4,1,6,2,27,6,1998,8,-1,-1,1,-1
201501KD50674,2,21,0,12,0,0,0,0,0,0,3,1,6,1,28,6,-1,-1,-1,-1,-1,-1
201501KD50677,1,9,0,3,0,1,0,0,0,0,2,1,6,1,58,9,1229,1,1,-1,3,-1
201501KD50677,2,19,0,18,0,1,0,0,0,0,1,1,6,1,22,5,2300,2,10,-1,1,-1
201501KD50679,1,9,0,9,0,8,0,0,0,0,1,1,6,3,-1,-1,-1,-1,-1,-1,-1,-1
201501KD50679,2,1,0,18,0,8,0,0,0,0,4,1,6,1,30,6,-1,-1,-1,-1,1,-1
201501KD50681,1,9,0,1,0,1,0,0,0,0,2,1,6,1,41,7,1994,1,8,-1,1,-1
201501KD50682,1,9,0,18,0,1,0,0,0,0,3,1,6,2,24,5,1596,1,11,-1,1,-1
201501KD50682,2,9,0,7,0,5,0,0,0,0,4,1,6,2,-1,-1,1587,1,9,-1,-1,-1
201501KD50683,1,9,0,18,0,0,0,10,1,2,1,1,6,2,44,7,2800,2,21,-1,1,-1
201501KD50684,1,21,1,12,0,0,0,0,0,0,3,2,1,1,50,8,-1,-1,-1,-1,-1,-1
201501KD50684,2,9,0,18,0,0,0,0,0,0,4,1,6,2,50,8,1598,1,13,-1,1,-1
201501KD50685,1,9,0,18,0,0,0,0,0,0,1,1,6,2,31,6,1596,1,10,-1,1,-1
201501KD50686,1,9,0,18,0,8,0,0,0,0,1,1,6,2,71,10,1197,1,-1,-1,1,-1
201501KD50686,2,9,0,9,0,8,0,0,0,0,3,1,6,1,30,6,1299,1,13,-1,1,-1
201501KD50687,1,9,0,18,0,0,0,10,5,6,1,1,6,2,22,5,2000,1,6,-1,3,-1
201501KD50688,1,9,0,18,0,0,0,0,5,6,4,1,6,2,28,6,1400,1,10,-1,1,-1
201501KD50688,2,20,0,18,0,0,0,0,0,0,3,1,1,1,44,7,-1,-1,-1,-1,1,-1
201501KD50689,1,9,0,4,0,0,0,0,0,0,2,1,6,1,-1,-1,-1,-1,-1,-1,-1,-1
201501KD50689,2,9,0,18,0,0,0,0,0,0,1,1,6,1,-1,-1,1598,1,4,-1,-1,-1
201501KD50689,3,9,0,4,0,0,0,0,0,0,2,1,6,1,-1,-1,2987,2,9,-1,-1,-1
201501KD50690,1,9,0,18,0,0,0,0,0,0,3,1,6,1,51,8,2179,2,11,-1,1,-1
201501KD50690,2,9,0,18,0,0,0,0,0,0,3,1,6,1,19,4,1560,2,9,-1,-1,-1
201501KD50691,1,9,0,18,0,0,0,0,0,0,1,1,6,1,25,5,1242,1,10,-1,3,-1
201501KD50692,1,9,0,3,0,0,0,0,0,0,1,1,6,1,26,6,1798,1,5,-1,1,-1
201501KD50692,2,9,0,1,0,0,0,0,0,0,2,1,6,1,-1,-1,1998,2,12,-1,-1,-1
201501KD50693,1,9,0,14,0,0,0,0,0,0,4,1,6,2,34,6,1596,1,4,-1,1,-1
201501KD50693,2,11,0,3,0,0,0,0,0,0,2,1,1,1,59,9,5883,2,13,-1,1,-1
201501KD50694,1,9,0,9,0,8,0,0,0,0,1,1,6,2,84,11,1388,1,4,-1,1,-1
201501KD50694,2,9,0,18,0,8,0,0,0,0,1,1,6,1,28,6,1998,2,12,-1,1,-1
201501KD50695,1,21,1,18,0,0,0,0,0,0,4,1,1,2,52,8,12902,2,-1,-1,1,-1
201501KD50695,2,9,0,12,0,0,0,0,0,0,3,1,1,2,44,7,1388,1,5,-1,1,-1
201501KD50696,1,9,0,18,0,8,0,0,0,0,1,1,6,1,39,7,1968,2,6,-1,1,-1
201501KD50696,2,9,0,9,0,8,0,0,0,0,4,1,6,2,22,5,1596,1,11,-1,1,-1
201501KD50697,1,9,0,9,0,8,0,0,0,0,4,1,6,2,38,7,1970,2,19,-1,1,-1
201501KD50697,2,3,0,18,0,8,0,0,0,0,1,1,1,1,18,4,125,1,2,-1,1,-1
201501KD50698,1,9,0,18,0,0,0,0,0,0,1,1,6,1,69,10,1339,1,3,-1,1,-1
201501KD50698,2,9,0,3,0,0,0,0,0,0,2,1,6,1,57,9,1598,1,8,-1,-1,-1
201501KD50698,3,9,0,3,0,0,0,0,0,0,2,1,6,1,28,6,1995,2,3,-1,1,-1
201501KD50699,1,90,0,1,0,2,0,0,0,0,2,1,1,1,54,8,-1,3,-1,-1,1,-1
201501KD50700,1,9,0,18,0,8,0,0,0,0,4,1,6,1,34,6,-1,-1,-1,-1,1,-1
201501KD50700,2,9,0,18,0,8,0,0,0,0,3,1,6,1,23,5,1598,1,10,-1,3,-1
201501KD50702,1,11,0,4,0,1,0,0,0,0,2,1,1,1,23,5,9000,2,7,-1,1,-1
201501KD50702,2,9,0,18,0,1,0,0,0,0,1,1,6,1,77,11,2967,1,16,-1,1,-1
201501KD50703,1,9,0,12,0,0,0,0,0,0,3,1,6,1,33,6,1399,2,3,-1,1,-1
201501KD50703,2,21,0,18,0,0,0,0,0,0,1,1,6,1,56,9,-1,-1,-1,-1,1,-1
201501KD50705,1,11,0,13,0,8,0,0,0,0,4,1,1,1,50,8,4500,2,4,-1,1,-1
201501KD50705,2,9,0,9,0,8,0,0,0,0,3,1,6,2,35,6,1242,1,1,-1,1,-1
201501KD50706,1,9,0,16,0,2,0,0,0,0,1,1,6,1,39,7,-1,-1,-1,-1,1,-1
201501KD50706,2,9,0,17,0,1,0,0,0,0,1,1,6,1,24,5,1596,1,15,-1,1,-1
201501KD50707,1,11,0,5,0,0,0,0,0,0,0,1,1,1,24,5,9000,2,7,-1,1,-1
201501KD50708,1,9,0,18,0,8,0,0,0,0,1,1,6,1,26,6,1197,1,-1,-1,1,-1
201501KD50708,2,9,0,9,0,8,0,0,0,0,4,1,6,1,62,9,1248,2,-1,-1,2,-1
201501KD50709,1,9,0,18,0,8,0,0,0,0,1,1,6,1,25,5,1761,1,17,-1,1,-1
201501KD50709,2,9,0,18,0,8,0,0,0,0,3,1,6,1,47,8,-1,-1,-1,-1,1,-1
201501KD50710,1,9,0,18,0,2,0,0,0,0,4,1,6,2,71,10,1199,1,15,-1,1,-1
201501KD50710,2,9,0,5,0,2,0,0,0,0,3,1,6,1,65,9,-1,-1,-1,-1,1,-1
201501KD50711,1,9,0,3,0,1,0,0,0,0,2,1,6,1,25,5,1388,1,7,-1,-1,-1
201501KD50711,2,9,0,5,0,1,0,0,0,0,1,1,6,1,-1,-1,1995,2,5,-1,-1,-1
201501KD50713,1,9,0,18,0,0,0,12,0,0,1,1,6,2,65,9,1299,1,11,-1,1,-1
201501KD50714,1,9,0,11,0,0,0,0,5,6,3,1,6,1,28,6,1390,1,3,-1,1,-1
201501KD50714,2,9,0,18,0,0,0,0,0,0,4,1,6,1,36,7,-1,-1,-1,-1,1,-1
201501KD50714,3,21,1,18,0,0,0,0,0,0,4,1,1,1,43,7,-1,-1,-1,-1,-1,-1
201501KD50715,1,9,0,18,0,1,0,4,0,0,1,1,6,2,21,5,1242,1,19,-1,1,-1
201501KD50715,2,9,0,2,0,1,0,0,0,0,2,1,6,2,55,8,1896,2,7,-1,1,-1
201501KD50716,1,9,0,18,0,0,0,0,0,0,3,1,6,1,31,6,2685,2,10,-1,1,-1
201501KD50717,1,9,0,3,0,0,0,0,0,0,2,1,6,1,19,4,1364,1,9,-1,-1,-1
201501KD50717,2,3,0,18,0,0,0,0,0,0,1,1,6,1,-1,-1,-1,-1,-1,-1,-1,-1
201501KD50718,1,9,0,18,0,8,0,0,0,0,4,1,6,1,60,9,1598,1,3,-1,1,-1
201501KD50718,2,9,0,7,0,8,0,0,0,0,1,1,6,1,38,7,1896,2,5,-1,1,-1
201501KD50719,1,9,0,9,0,8,0,0,0,0,4,1,6,1,23,5,-1,-1,-1,-1,1,-1
201501KD50719,2,5,0,18,0,8,0,0,0,0,1,1,6,1,30,6,749,1,8,-1,1,-1
201501KD50721,1,9,0,10,0,1,0,0,0,0,2,1,6,2,27,6,1242,1,5,-1,1,-1
201501KD50721,2,9,0,10,0,1,0,0,0,0,2,1,6,2,30,6,1598,1,9,-1,1,-1
201501KD50721,3,9,0,9,0,1,0,0,0,0,1,1,6,1,41,7,1461,2,-1,-1,1,-1
201501KD50725,1,9,0,7,0,2,0,0,0,0,2,1,6,2,51,8,1199,2,5,-1,1,-1
201501KD50725,2,9,0,18,0,2,0,0,0,0,1,1,6,1,26,6,6208,1,7,-1,1,-1
201501KD50726,1,9,0,3,0,1,0,0,0,0,2,1,6,1,47,8,-1,-1,-1,-1,1,-1
201501KD50726,2,19,0,4,0,1,0,0,0,0,1,1,6,1,-1,-1,1753,2,2,-1,-1,-1
201501KD50733,1,9,0,4,0,0,0,0,0,0,2,1,6,2,47,8,1794,1,13,-1,1,-1
201501KD50733,2,9,0,18,0,0,0,0,0,0,1,1,6,1,56,9,-1,-1,-1,-1,1,-1
201501KD50734,1,9,0,18,0,0,0,0,0,0,3,1,6,1,28,6,1198,1,4,-1,1,-1
201501KD50734,2,9,0,18,0,0,0,0,0,0,3,1,6,2,23,5,1360,1,12,-1,1,-1
201501KD50735,1,9,0,13,0,2,0,10,0,0,3,1,6,2,27,6,1422,2,14,-1,-1,-1
201501KD50736,1,9,0,18,0,1,0,0,0,0,1,1,6,2,71,10,1086,1,7,-1,1,-1
201501KD50736,2,9,0,3,0,1,0,0,0,0,2,1,6,1,35,6,1995,2,3,-1,1,-1
201501KD50742,1,9,0,18,0,1,0,4,0,0,1,1,6,1,73,10,1596,1,11,-1,1,-1
201501KD50742,2,9,0,2,0,2,0,0,0,0,1,1,6,1,42,7,2204,2,9,-1,1,-1
201501KD50744,1,9,0,18,0,0,0,0,0,0,1,1,2,1,37,7,1796,1,13,-1,1,-1
201501KD50744,2,1,0,18,0,0,0,0,0,0,2,1,6,1,15,3,-1,-1,-1,-1,-1,-1
201501KD59003,1,9,0,4,0,1,0,0,0,0,1,1,6,2,40,7,1896,2,9,-1,-1,-1
201501KD59003,2,9,0,4,0,1,0,0,0,0,2,1,6,1,53,8,1299,1,7,-1,-1,-1
201501KD59003,3,9,0,3,0,1,0,0,0,0,2,1,6,2,28,6,999,1,1,-1,-1,-1
201501KD59013,1,9,0,10,0,1,0,0,0,0,2,1,6,2,28,6,-1,-1,-1,-1,1,-1
201501KD59013,2,9,0,18,0,1,0,0,0,0,1,1,6,1,-1,-1,1910,2,8,-1,1,-1
201501KD59023,1,3,0,4,0,2,0,0,0,0,2,1,6,1,20,4,125,1,-1,-1,-1,-1
201501KD59023,2,9,0,18,0,2,0,0,0,0,1,1,6,1,25,5,2184,2,9,-1,-1,-1
201501KD59028,1,9,0,2,0,0,0,0,0,0,3,1,6,2,53,8,1995,2,3,-1,1,-1
201501KD59028,2,9,0,6,0,0,0,4,0,0,1,1,6,1,-1,-1,2429,1,10,-1,-1,-1
201501KD59037,1,9,0,7,0,2,0,0,0,0,1,1,6,2,38,7,1229,1,10,-1,1,-1
201501KD59037,2,9,0,18,0,1,0,0,0,0,1,1,6,2,-1,-1,2179,2,1,-1,-1,-1
201501KD59040,1,9,0,18,0,8,0,0,0,0,3,1,6,2,64,9,1597,1,17,-1,1,-1
201501KD59040,2,19,0,18,0,8,0,0,0,0,1,1,6,1,23,5,1248,2,8,-1,1,-1
201501KD59055,1,9,0,18,0,2,0,0,0,0,2,1,6,1,24,5,1781,1,11,-1,-1,-1
201501KD59055,2,9,0,18,0,2,0,0,0,0,1,1,6,1,54,8,1798,8,3,-1,-1,-1
201501KD59063,1,9,0,18,0,0,0,0,0,0,1,1,2,1,56,9,1242,1,14,-1,1,-1
201501KD59070,1,9,0,5,0,0,0,0,0,0,1,1,6,1,-1,-1,1796,1,11,-1,-1,-1
201501KD59129,1,9,0,17,0,2,0,10,2,10,1,1,6,2,81,11,1388,1,6,-1,1,-1
201501KD59147,1,9,0,18,0,0,0,0,0,0,1,1,6,1,27,6,1598,1,4,-1,1,-1