Accident_Index,Vehicle_Reference,Vehicle_Type,Towing_and_Articulation,Vehicle_Manoeuvre,Vehicle_Location-Restricted_Lane,Junction_Location,Skidding_and_Overturning,Hit_Object_in_Carriageway,Vehicle_Leaving_Carriageway,Hit_Object_off_Carriageway,1st_Point_of_Impact,Was_Vehicle_Left_Hand_Drive?,Journey_Purpose_of_Driver,Sex_of_Driver,Age_of_Driver,Age_Band_of_Driver,Engine_Capacity_(CC),Propulsion_Code,Age_of_Vehicle,Driver_IMD_Decile,Driver_Home_Area_Type,Vehicle_IMD_Decile
201501KD59147,2,9,0,18,0,0,0,0,0,0,1,1,6,1,-1,-1,-1,-1,-1,-1,-1,-1
201501KF60003,1,9,0,7,0,8,0,0,0,0,3,1,1,1,63,9,1997,2,15,-1,1,-1
201501KF60003,2,9,0,18,0,8,0,0,0,0,1,1,6,1,34,6,1598,1,11,-1,1,-1
201501KF60004,1,3,0,18,0,0,0,0,0,0,1,1,6,1,29,6,125,1,16,-1,-1,-1
201501KF60005,1,9,0,9,0,8,0,0,0,0,1,1,6,1,32,6,2148,2,7,-1,1,-1
201501KF60005,2,9,0,18,0,8,0,0,0,0,1,1,6,1,20,4,-1,-1,-1,-1,1,-1
201501KF60007,1,9,0,18,0,2,0,0,0,0,1,1,6,1,23,5,1797,8,3,-1,-1,-1
201501KF60010,1,9,0,3,0,2,0,0,0,0,2,1,6,2,43,7,1498,1,9,-1,1,-1
201501KF60010,2,9,0,18,0,2,0,0,0,0,1,1,6,1,-1,-1,2000,2,10,-1,1,-1
201501KF60013,1,9,0,18,0,1,0,0,0,0,1,1,6,1,24,5,1984,1,1,-1,1,-1
201501KF60013,2,9,0,4,0,1,0,0,0,0,2,1,6,1,29,6,1798,1,5,-1,1,-1
201501KF60014,1,9,0,7,0,2,0,0,0,0,1,1,6,2,65,9,-1,-1,-1,-1,1,-1
201501KF60014,2,9,0,18,0,1,0,0,0,0,1,1,6,3,-1,-1,1397,1,7,-1,-1,-1
201501KF60015,1,9,0,18,9,0,0,10,1,4,1,1,6,1,23,5,-1,-1,-1,-1,1,-1
201501KF60016,1,9,0,4,0,1,0,0,0,0,2,1,6,1,54,8,2993,2,5,-1,1,-1
201501KF60016,2,9,0,18,0,1,0,0,0,0,1,1,6,3,-1,-1,1998,1,11,-1,-1,-1
201501KF60017,1,9,0,7,0,2,0,0,0,0,1,1,6,2,16,4,1497,8,10,-1,1,-1
201501KF60017,2,9,0,8,0,1,0,0,0,0,3,1,6,2,39,7,1124,1,9,-1,1,-1
201501KF60018,1,9,0,18,0,1,0,0,0,0,1,1,6,1,52,8,-1,-1,-1,-1,1,-1
201501KF60023,1,9,0,7,0,8,0,0,0,0,1,1,2,1,40,7,1968,2,1,-1,1,-1
201501KF60023,2,1,0,18,0,8,0,0,0,0,4,1,6,1,22,5,-1,-1,-1,-1,-1,-1
201501KF60024,1,9,0,18,0,8,0,0,0,0,1,1,6,2,41,7,1329,1,6,-1,1,-1
201501KF60024,2,9,0,18,0,8,0,0,0,0,3,1,6,2,62,9,-1,-1,-1,-1,1,-1
201501KF60025,1,9,0,4,0,0,0,0,0,0,2,1,6,2,53,8,1595,1,9,-1,1,-1
201501KF60025,2,9,0,18,0,0,0,0,0,0,1,1,6,1,25,5,1988,1,15,-1,1,-1
201501KF60026,1,3,0,18,0,8,0,0,0,0,3,1,6,1,21,5,-1,-1,-1,-1,1,-1
201501KF60026,2,9,0,9,0,8,0,0,0,0,1,1,6,3,-1,-1,-1,-1,-1,-1,-1,-1
201501KF60027,1,19,0,18,0,1,0,0,0,0,4,1,6,1,48,8,1896,2,13,-1,1,-1
201501KF60028,1,9,0,9,0,8,0,0,0,0,1,1,6,1,-1,-1,2494,1,16,-1,-1,-1
201501KF60028,2,9,0,17,0,8,0,0,0,0,3,1,2,2,51,8,1998,1,9,-1,1,-1
201501KF60029,1,9,0,18,0,1,0,0,0,0,1,1,6,2,60,9,1597,1,16,-1,1,-1
201501KF60033,1,3,0,3,0,1,0,0,0,0,2,1,6,1,40,7,102,1,11,-1,1,-1
201501KF60033,2,9,0,18,0,1,0,0,0,0,1,1,6,1,-1,-1,1461,2,12,-1,-1,-1
201501KF60035,1,9,0,5,0,1,0,0,0,0,0,1,6,2,22,5,-1,-1,-1,-1,1,-1
201501KF60035,2,19,0,5,0,1,0,0,0,0,0,1,6,3,-1,-1,-1,-1,-1,-1,-1,-1
201501KF60037,1,9,0,3,0,1,0,0,0,0,1,1,6,1,28,6,1995,2,2,-1,1,-1
201501KF60037,2,9,0,1,0,2,0,0,0,0,2,1,6,1,-1,-1,1587,1,13,-1,1,-1
201501KF60038,1,3,0,18,0,8,0,0,0,0,1,1,6,1,50,8,125,1,6,-1,1,-1
201501KF60038,2,9,0,9,0,8,0,0,0,0,4,1,6,3,-1,-1,-1,-1,-1,-1,-1,-1
201501KF60041,1,11,0,18,2,2,0,0,0,0,1,1,1,1,28,6,8268,2,12,-1,-1,-1
201501KF60042,1,9,0,9,0,8,0,0,0,0,1,1,6,1,64,9,1199,1,14,-1,1,-1
201501KF60042,2,5,0,18,0,8,0,0,0,0,1,1,6,1,57,9,1585,1,6,-1,1,-1
201501KF60043,1,9,0,4,0,0,0,0,0,0,1,1,6,1,46,8,1997,2,6,-1,1,-1
201501KF60045,1,3,0,18,0,0,1,0,0,0,3,1,2,1,37,7,124,1,6,-1,1,-1
201501KF60046,1,21,0,18,0,0,0,0,0,0,3,1,1,1,57,9,9365,2,7,-1,1,-1
201501KF60046,2,9,0,18,0,0,0,0,0,0,4,1,6,1,-1,-1,-1,-1,-1,-1,1,-1
201501KF60048,1,9,0,9,0,8,0,0,0,0,1,1,6,1,21,5,1968,2,1,-1,1,-1
201501KF60048,2,9,0,16,0,8,0,0,0,0,1,1,6,1,20,4,1368,1,7,-1,1,-1
201501KF60049,1,11,0,4,0,1,0,0,0,0,0,1,1,2,55,8,-1,-1,-1,-1,1,-1
201501KF60051,1,11,0,9,0,5,0,0,0,0,1,1,1,1,41,7,8268,2,11,-1,1,-1
201501KF60052,1,11,0,18,0,1,0,0,0,0,0,1,1,1,49,8,9000,2,6,-1,1,-1
201501KF60054,1,11,0,4,0,1,0,0,0,0,0,1,1,1,31,6,6692,2,5,-1,1,-1
201501KF60055,1,9,0,18,0,0,0,0,0,0,3,1,6,1,53,8,1968,2,11,-1,1,-1
201501KF60055,2,9,0,13,0,0,0,0,0,0,4,1,6,1,60,9,1991,2,6,-1,-1,-1
201501KF60057,1,9,0,18,0,1,0,0,0,0,3,1,6,2,25,5,1242,1,8,-1,1,-1
201501KF60057,2,9,0,13,0,1,0,0,0,0,4,1,6,1,-1,-1,-1,-1,-1,-1,1,-1
201501KF60059,1,9,0,11,0,0,0,0,0,0,4,1,1,1,35,6,1582,2,4,-1,1,-1
201501KF60059,2,3,0,18,0,0,0,0,0,0,3,1,2,1,36,7,125,1,9,-1,1,-1
201501KF60062,1,9,0,3,0,8,0,0,0,0,2,1,6,1,32,6,1332,1,16,-1,1,-1
201501KF60062,2,9,0,18,0,8,0,0,0,0,1,1,6,1,36,7,998,1,6,-1,1,-1
201501KF60063,1,9,0,4,0,0,0,0,0,0,2,1,6,2,38,7,1388,1,6,-1,1,-1
201501KF60063,2,9,0,18,0,0,0,0,0,0,1,1,6,1,31,6,-1,-1,-1,-1,1,-1
201501KF60064,1,19,0,18,0,1,0,0,0,0,4,1,6,1,-1,-1,-1,-1,-1,-1,-1,-1
201501KF60065,1,9,0,13,0,1,0,0,0,0,4,1,1,1,-1,-1,-1,-1,-1,-1,-1,-1
201501KF60065,2,1,0,18,0,1,0,0,0,0,3,1,6,1,31,6,-1,-1,-1,-1,1,-1
201501KF60069,1,9,0,1,0,2,0,0,0,0,2,1,6,2,33,6,1598,1,9,-1,1,-1
201501KF60072,1,9,0,13,0,0,0,0,0,0,4,1,6,3,-1,-1,1398,2,13,-1,-1,-1
201501KF60072,2,1,0,18,0,0,0,0,0,0,3,1,2,2,-1,-1,-1,-1,-1,-1,1,-1
201501KF60073,1,9,0,18,0,1,0,0,0,0,1,1,6,1,54,8,1797,8,5,-1,-1,-1
201501KF60074,1,9,0,18,0,1,0,0,0,0,3,1,2,2,34,6,-1,-1,-1,-1,1,-1
201501KF60074,2,9,0,6,0,2,0,0,0,0,1,1,6,1,35,6,1968,2,6,-1,-1,-1
201501KF60075,1,9,0,10,0,1,0,0,0,0,2,1,6,1,43,7,1598,1,9,-1,1,-1
201501KF60075,2,9,0,18,0,1,0,0,0,0,1,1,6,3,-1,-1,1797,8,5,-1,-1,-1
201501KF60077,1,9,0,3,0,2,0,0,0,0,2,1,6,1,27,6,1595,1,11,-1,1,-1
201501KF60077,2,3,0,9,0,2,0,0,0,0,1,1,6,1,33,6,124,1,4,-1,1,-1
201501KF60078,1,9,0,9,0,8,0,0,0,0,1,1,6,1,20,4,1598,1,2,-1,-1,-1
201501KF60078,2,3,0,18,0,8,0,0,0,0,4,1,6,1,26,6,125,1,10,-1,1,-1
201501KF60079,1,9,0,9,0,8,0,0,0,0,3,1,6,2,23,5,1242,1,8,-1,1,-1
201501KF60079,2,9,0,13,0,8,0,0,0,0,4,1,6,3,-1,-1,-1,-1,-1,-1,-1,-1
201501KF60080,1,3,0,18,0,0,0,0,0,0,4,1,6,1,18,4,124,1,12,-1,1,-1
201501KF60080,2,9,0,12,0,0,0,0,0,0,3,1,2,1,59,9,-1,-1,-1,-1,1,-1
201501KF60081,1,9,0,18,0,2,0,0,0,0,1,1,6,1,-1,-1,-1,-1,-1,-1,-1,-1
201501KF60083,1,9,0,18,0,1,0,0,0,0,1,1,6,3,-1,-1,1798,1,9,-1,-1,-1
201501KF60084,1,9,0,18,0,8,0,0,0,0,1,1,6,1,26,6,999,1,4,-1,3,-1
201501KF60084,2,9,0,9,0,8,0,0,0,0,2,1,6,2,22,5,2685,2,12,-1,1,-1
201501KF60085,1,9,0,18,9,0,0,10,1,2,1,1,6,2,30,6,973,1,14,-1,1,-1
201501KF60086,1,9,0,2,0,0,0,0,0,0,3,1,6,2,27,6,1995,2,4,-1,1,-1
201501KF60086,2,9,0,18,0,0,0,8,0,0,1,1,6,2,-1,-1,1796,1,7,-1,1,-1
201501KF60088,1,9,0,9,0,2,0,0,0,0,1,1,6,2,38,7,1796,1,12,-1,1,-1
201501KF60089,1,9,0,18,0,1,0,0,0,0,1,1,6,1,27,6,1910,2,7,-1,1,-1
201501KF60090,1,9,0,18,0,0,0,4,0,0,1,1,6,1,22,5,-1,-1,-1,-1,-1,-1
201501KF60090,2,19,0,2,0,0,0,4,0,0,1,1,6,1,39,7,-1,-1,-1,-1,1,-1
201501KF60090,3,9,0,2,0,0,0,0,0,0,1,1,6,1,33,6,1590,1,11,-1,1,-1
201501KF60091,1,3,0,18,0,1,0,0,0,0,1,1,2,1,26,6,125,1,10,-1,-1,-1
201501KF60092,1,9,0,3,0,1,0,0,0,0,3,1,1,1,45,7,2254,1,15,-1,1,-1
201501KF60092,2,9,0,11,0,1,0,0,0,0,4,1,6,2,-1,-1,1598,1,3,-1,-1,-1
201501KF60094,1,9,0,18,0,0,0,0,0,0,1,1,6,1,36,7,1299,1,14,-1,1,-1
201501KF60095,1,9,0,18,0,1,0,0,0,0,1,1,6,1,28,6,1968,2,2,-1,-1,-1
201501KF60096,1,9,0,18,0,8,0,0,0,0,1,1,6,1,64,9,1998,2,13,-1,-1,-1
201501KF60096,2,20,0,17,0,8,0,0,0,0,4,1,1,1,44,7,7146,2,4,-1,1,-1
201501KF60097,1,9,0,18,0,8,0,0,0,0,1,1,6,2,55,8,1560,2,1,-1,1,-1
201501KF60097,2,9,0,17,0,8,0,0,0,0,4,1,6,1,22,5,-1,-1,-1,-1,1,-1
201501KF60098,1,9,0,18,0,2,0,0,0,0,3,1,6,2,30,6,-1,-1,-1,-1,-1,-1
201501KF60099,1,19,0,1,0,1,0,0,0,0,2,1,6,1,-1,-1,2287,2,3,-1,-1,-1
201501KF60100,1,8,0,3,0,0,0,0,0,0,2,1,1,1,47,8,2499,2,7,-1,1,-1
201501KF60100,2,9,0,18,0,0,0,0,0,0,1,1,6,1,-1,-1,1895,1,15,-1,-1,-1
201501KF60102,1,9,0,18,0,1,0,0,0,0,3,1,3,1,66,10,1197,1,2,-1,1,-1
201501KF60103,1,9,0,17,0,8,0,0,0,0,3,1,6,2,45,7,1598,1,11,-1,1,-1
201501KF60103,2,8,0,18,0,8,0,0,0,0,1,1,1,1,49,8,1598,1,5,-1,1,-1
201501KF60104,1,19,0,18,0,1,0,0,0,0,1,1,6,1,64,9,-1,-1,-1,-1,1,-1
201501KF60104,2,4,0,4,0,1,0,0,0,0,2,1,6,1,26,6,125,1,8,-1,1,-1
201501KF60105,1,9,0,10,0,1,0,0,0,0,2,1,6,1,29,6,1124,1,7,-1,1,-1
201501KF60105,2,9,0,18,0,1,0,0,0,0,1,1,6,3,-1,-1,-1,-1,-1,-1,-1,-1
201501KF60106,1,19,0,3,0,0,0,0,0,0,2,1,6,1,33,6,-1,-1,-1,-1,1,-1
201501KF60106,2,9,0,18,0,0,0,0,0,0,1,1,6,1,-1,-1,-1,-1,-1,-1,-1,-1
201501KF60107,1,9,0,18,0,2,0,0,0,0,1,1,6,1,45,7,1796,1,8,-1,1,-1
201501KF60112,1,19,0,18,0,0,0,0,0,0,1,1,1,1,38,7,1870,2,11,-1,1,-1
201501KF60112,2,9,0,3,0,0,0,0,0,0,2,1,6,1,61,9,1995,2,5,-1,1,-1
201501KF60112,3,19,0,3,0,0,0,0,0,0,2,1,1,1,53,8,2143,2,4,-1,1,-1
201501KF60112,4,9,0,3,0,0,0,0,0,0,2,1,6,1,32,6,1753,2,9,-1,1,-1
201501KF60113,1,9,0,18,0,8,0,0,0,0,1,1,6,1,-1,-1,2792,1,33,-1,1,-1
201501KF60113,2,9,0,18,0,8,0,0,0,0,3,1,6,3,-1,-1,4163,1,5,-1,-1,-1
201501KF60114,1,9,0,3,0,0,0,0,0,0,2,1,6,1,27,6,1995,1,10,-1,1,-1
201501KF60114,2,3,0,18,0,0,0,0,0,0,1,1,6,1,33,6,-1,-1,-1,-1,1,-1
201501KF60115,1,3,0,13,0,8,0,0,0,0,4,1,6,1,28,6,-1,-1,-1,-1,1,-1
201501KF60115,2,9,0,9,0,8,0,0,0,0,3,1,6,1,49,8,1998,1,14,-1,1,-1
201501KF60116,1,9,0,18,0,1,0,0,0,0,1,1,6,2,45,7,1598,1,8,-1,1,-1
201501KF60117,1,19,0,1,0,0,0,0,0,0,2,1,1,1,26,6,1598,2,1,-1,1,-1
201501KF60118,1,9,0,4,0,2,0,0,0,0,4,1,6,1,23,5,1229,1,1,-1,1,-1
201501KF60119,1,11,0,3,0,0,0,0,0,0,0,1,1,1,65,9,8268,2,12,-1,1,-1
201501KF60120,1,5,0,18,0,0,0,0,0,0,4,1,2,1,48,8,1170,1,7,-1,1,-1
201501KF60120,2,9,0,12,0,0,0,0,0,0,3,1,1,1,35,6,1998,1,10,-1,1,-1
201501KF60122,1,1,0,18,0,1,0,4,0,0,1,1,6,1,37,7,-1,-1,-1,-1,-1,-1
201501KF60122,2,9,0,2,0,1,0,0,0,0,2,1,6,3,-1,-1,-1,-1,-1,-1,-1,-1
201501KF60123,1,9,0,18,0,0,0,0,0,0,1,1,6,3,-1,-1,-1,-1,-1,-1,-1,-1
201501KF60124,1,9,0,18,0,1,0,0,0,0,1,1,6,1,-1,-1,1995,2,11,-1,-1,-1
201501KF60124,2,9,0,3,0,1,0,0,0,0,2,1,6,2,41,7,1299,1,13,-1,1,-1
201501KF60126,1,9,0,3,0,2,0,0,0,0,1,1,6,2,49,8,1590,1,14,-1,1,-1
201501KF60126,2,9,0,1,0,2,0,0,0,0,2,1,6,1,-1,-1,1796,1,8,-1,-1,-1
201501KF60127,1,9,0,18,0,1,0,0,0,0,1,1,6,3,-1,-1,-1,-1,-1,-1,-1,-1
201501KF60128,1,3,0,16,0,0,0,0,0,0,3,1,6,1,62,9,-1,-1,-1,-1,1,-1
201501KF60130,1,3,0,18,0,0,0,0,0,0,4,1,6,1,28,6,124,1,10,-1,-1,-1
201501KF60130,2,9,0,6,0,0,0,0,0,0,3,1,6,2,27,6,1598,1,6,-1,1,-1
201501KF60131,1,9,0,18,0,8,0,0,0,0,1,1,6,2,46,8,1997,1,13,-1,1,-1
201501KF60131,2,9,0,9,0,8,0,0,0,0,4,1,6,2,33,6,1598,1,2,-1,1,-1
201501KF60132,1,1,0,15,0,1,0,8,0,0,1,1,6,1,36,7,-1,-1,-1,-1,1,-1
201501KF60132,2,9,0,3,0,1,0,0,0,0,4,1,6,3,-1,-1,-1,-1,-1,-1,-1,-1
201501KF60133,1,9,0,18,0,1,0,0,0,0,1,1,6,1,41,7,-1,-1,-1,-1,1,-1
201501KF60134,1,9,0,18,0,0,0,0,0,0,3,1,2,2,28,6,1399,2,3,-1,1,-1
201501KF60135,1,9,0,18,0,1,0,0,0,0,1,1,6,2,28,6,998,1,3,-1,1,-1
201501KF60135,2,9,0,4,0,1,0,0,0,0,2,1,6,2,44,7,1598,1,8,-1,1,-1
201501KF60136,1,19,0,18,2,2,0,0,0,0,1,1,6,1,54,8,1560,2,2,-1,1,-1
201501KF60137,1,9,0,18,0,0,0,0,0,0,1,1,1,1,50,8,-1,-1,-1,-1,2,-1
201501KF60137,2,9,0,4,0,0,0,0,0,0,2,1,6,1,69,10,1242,1,6,-1,1,-1
201501KF60137,3,9,0,4,0,0,0,0,0,0,2,1,6,2,36,7,1461,2,1,-1,1,-1
201501KF60138,1,1,0,18,0,1,0,0,0,0,3,1,6,1,17,4,-1,-1,-1,-1,1,-1
201501KF60138,2,9,0,9,0,5,0,0,0,0,1,1,6,1,35,6,1769,1,13,-1,1,-1
201501KF60139,1,9,0,3,0,0,0,0,0,0,2,1,1,1,32,6,1497,1,9,-1,1,-1
201501KF60139,2,9,0,18,0,0,0,0,0,0,1,1,6,1,18,4,1998,2,12,-1,1,-1
201501KF60140,1,11,0,18,0,2,0,0,0,0,0,1,1,1,49,8,9400,2,10,-1,1,-1
201501KF60141,1,1,0,18,0,8,0,0,0,0,4,1,6,1,32,6,-1,-1,-1,-1,1,-1
201501KF60141,2,9,0,9,0,8,0,0,0,0,1,1,6,1,-1,-1,1595,1,7,-1,-1,-1
201501KF60142,1,9,0,18,0,8,0,0,0,0,1,1,6,1,28,6,2993,2,5,-1,1,-1
201501KF60142,2,9,0,18,0,8,0,0,0,0,3,1,6,1,-1,-1,1198,1,-1,-1,-1,-1
201501KF60143,1,9,0,18,0,8,0,0,0,0,3,1,6,1,25,5,1896,2,16,-1,1,-1
201501KF60143,2,9,0,18,0,8,0,0,0,0,1,1,6,1,-1,-1,1229,1,8,-1,-1,-1
201501KF60144,1,9,0,18,0,1,0,0,0,0,1,1,6,1,33,6,-1,-1,-1,-1,1,-1
201501KF60144,2,9,0,3,0,1,0,0,0,0,2,1,6,1,21,5,1229,1,3,-1,1,-1
201501KF60145,1,9,0,9,0,8,0,0,0,0,4,1,6,1,30,6,-1,-1,-1,-1,1,-1
201501KF60145,2,3,0,18,0,8,0,0,0,0,1,1,1,1,25,5,124,1,-1,-1,1,-1
201501KF60146,1,9,0,18,0,0,0,0,0,0,4,1,6,3,-1,-1,-1,-1,-1,-1,-1,-1
201501KF60147,1,9,0,18,0,1,0,0,0,0,1,1,6,3,-1,-1,1998,1,14,-1,-1,-1
201501KF60149,1,5,0,18,0,1,0,0,0,0,1,1,6,1,39,7,600,1,3,-1,1,-1
201501KF60150,1,9,0,18,0,1,0,0,0,0,3,1,6,1,63,9,1598,1,8,-1,1,-1
201501KF60152,1,9,0,18,0,0,0,0,0,0,4,1,1,2,39,7,1388,1,13,-1,-1,-1
201501KF60152,2,21,1,12,0,0,0,0,0,0,3,2,1,1,-1,-1,-1,-1,-1,-1,-1,-1
201501KF60153,1,1,0,18,2,1,0,0,0,0,3,1,2,1,41,7,-1,-1,-1,-1,1,-1
201501KF60153,2,9,0,7,0,5,0,0,0,0,4,1,6,1,47,8,1598,1,8,-1,1,-1
201501KF60157,1,9,0,18,0,0,0,0,0,0,2,1,6,1,34,6,2979,1,12,-1,1,-1
201501KF60157,2,11,0,18,0,0,0,0,0,0,1,1,1,1,35,6,4500,2,4,-1,1,-1
201501KF60158,1,3,0,18,0,1,0,0,0,0,1,1,2,1,26,6,125,1,6,-1,1,-1
201501KF60158,2,4,0,18,0,1,0,0,0,0,2,1,2,1,49,8,243,1,26,-1,-1,-1
201501KF60159,1,9,0,9,0,8,0,0,0,0,1,1,6,1,44,7,1796,1,17,-1,1,-1
201501KF60159,2,9,0,18,0,8,0,0,0,0,3,1,6,1,46,8,1598,1,13,-1,1,-1
201501KF60160,1,11,0,18,0,1,0,0,0,0,0,1,1,1,38,7,8268,2,12,-1,1,-1
201501KF60161,1,11,0,18,0,0,0,0,0,0,4,1,1,1,54,8,4500,2,4,-1,1,-1
201501KF60162,1,9,0,16,0,8,0,0,0,0,3,1,6,2,37,7,1248,1,2,-1,1,-1
201501KF60162,2,9,0,18,0,8,0,0,0,0,1,1,6,3,-1,-1,1995,1,14,-1,-1,-1
201501KF60163,1,8,0,18,0,1,0,0,0,0,1,1,1,1,52,8,1497,8,7,-1,1,-1
201501KF60163,2,9,0,9,0,2,0,0,0,0,1,1,6,1,-1,-1,1598,1,1,-1,-1,-1
201501KF60164,1,9,0,3,0,0,0,0,0,0,2,1,2,1,43,7,1796,1,11,-1,1,-1
201501KF60164,2,9,0,18,0,0,0,0,0,0,1,1,6,1,-1,-1,-1,-1,-1,-1,-1,-1
201501KF60165,1,9,0,18,0,0,0,0,0,0,4,1,6,1,36,7,1348,1,14,-1,1,-1
201501KF60166,1,9,0,9,0,2,0,0,0,0,1,1,6,3,-1,-1,-1,-1,-1,-1,-1,-1
201501KF60167,1,11,0,18,0,0,0,0,0,0,0,1,1,1,60,9,9000,2,6,-1,1,-1
201501KF60168,1,5,0,18,0,0,0,0,0,0,3,1,6,1,36,7,1202,1,1,-1,1,-1
201501KF60168,2,9,0,11,0,0,0,0,0,0,4,1,6,1,55,8,1587,1,15,-1,-1,-1
201501KF60169,1,9,0,3,0,1,0,0,0,0,2,1,6,1,22,5,-1,-1,-1,-1,1,-1
201501KF60169,2,9,0,18,0,1,0,0,0,0,1,1,6,1,-1,-1,1497,8,2,-1,-1,-1
201501KF60170,1,9,0,18,0,2,0,0,0,0,1,1,1,1,43,7,2198,2,1,-1,1,-1
201501KF60171,1,9,0,9,0,8,0,0,0,0,3,1,6,1,21,5,1560,2,8,-1,1,-1
201501KF60171,2,3,0,18,0,8,0,0,0,0,1,1,6,1,36,7,102,1,8,-1,1,-1
201501KF60172,1,9,0,9,0,8,0,0,0,0,4,1,6,2,38,7,1497,8,9,-1,1,-1
201501KF60172,2,9,0,18,0,8,0,0,0,0,1,1,6,1,-1,-1,-1,-1,-1,-1,-1,-1
201501KF60173,1,9,0,9,0,8,0,0,0,0,2,1,2,1,41,7,1968,2,8,-1,1,-1
201501KF60173,2,9,0,9,0,8,0,0,0,0,1,1,6,1,-1,-1,1349,1,5,-1,-1,-1
201501KF60174,1,1,0,18,0,0,0,0,0,0,3,1,2,1,23,5,-1,-1,-1,-1,1,-1
201501KF60174,2,9,0,13,0,0,0,0,0,0,4,1,6,1,-1,-1,2148,2,13,-1,-1,-1
201501KF60175,1,9,0,18,0,8,0,0,0,0,1,1,6,1,27,6,1560,2,5,-1,1,-1
201501KF60175,2,9,0,9,0,8,0,0,0,0,1,1,6,1,-1,-1,1753,2,8,-1,1,-1
201501KF60176,1,11,0,18,0,8,0,0,0,0,3,1,1,1,37,7,6700,2,4,-1,1,-1
201501KF60176,2,9,0,9,0,8,0,0,0,0,1,1,6,1,28,6,1686,2,10,-1,1,-1
201501KF60177,1,9,0,4,0,1,0,0,0,0,2,1,6,2,-1,-1,998,1,24,-1,1,-1
201501KF60177,2,9,0,18,0,1,0,0,0,0,1,1,6,2,-1,-1,2231,2,6,-1,-1,-1
201501KF60179,1,9,0,9,0,8,0,0,0,0,3,1,6,2,40,7,998,1,2,-1,1,-1
201501KF60179,2,9,0,18,0,8,0,0,0,0,1,1,6,1,28,6,1199,1,16,-1,1,-1
201501KF60180,1,9,0,18,0,0,0,0,0,0,1,1,6,1,27,6,1596,1,7,-1,1,-1
201501KF60180,2,9,0,18,0,0,0,0,0,0,1,1,6,1,37,7,1398,1,-1,-1,1,-1
201501KF60181,1,3,0,18,0,0,0,0,0,0,3,1,6,1,37,7,125,1,2,-1,-1,-1
201501KF60181,2,21,0,11,0,0,0,0,0,0,4,1,6,3,-1,-1,-1,-1,-1,-1,-1,-1
201501KF60182,1,9,0,1,0,1,0,4,0,0,2,1,6,1,21,5,1396,1,15,-1,1,-1
201501KF60182,2,9,0,2,0,1,0,0,0,0,1,1,6,2,21,5,998,1,17,-1,1,-1
201501KF60183,1,9,0,18,0,1,0,0,0,0,1,1,6,3,-1,-1,-1,-1,-1,-1,-1,-1
201501KF60184,1,9,0,9,0,8,0,0,0,0,3,1,6,2,21,5,1598,1,4,-1,1,-1
201501KF60184,2,2,0,13,0,8,0,0,0,0,4,1,6,1,17,4,49,1,3,-1,1,-1
201501KF60185,1,9,0,17,0,0,0,0,0,0,1,1,6,2,-1,-1,-1,-1,-1,-1,1,-1
201501KF60185,2,9,0,16,0,0,0,0,0,0,1,1,6,3,-1,-1,-1,-1,-1,-1,-1,-1
201501KF60186,1,1,0,18,0,8,0,0,0,0,3,1,6,1,30,6,-1,-1,-1,-1,1,-1
201501KF60186,2,9,0,9,0,8,0,0,0,0,1,1,6,1,-1,-1,-1,-1,-1,-1,-1,-1
201501KF60187,1,19,0,18,0,0,0,0,0,0,1,1,6,1,35,6,2148,2,10,-1,1,-1
201501KF60188,1,9,0,1,0,2,0,0,0,0,2,1,6,1,-1,-1,-1,-1,-1,-1,-1,-1
201501KF60189,1,9,0,18,0,0,0,0,0,0,4,1,2,2,19,4,1390,1,12,-1,1,-1
201501KF60189,2,9,4,12,0,0,0,0,0,0,3,1,6,1,-1,-1,-1,-1,-1,-1,-1,-1
201501KF60190,1,9,0,3,0,2,0,0,0,0,1,1,3,2,32,6,2148,2,7,-1,1,-1
201501KF60190,2,9,0,1,0,2,0,0,0,0,2,1,6,1,-1,-1,1988,1,14,-1,-1,-1
201501KF60191,1,8,0,18,0,8,0,0,0,0,1,1,1,1,43,7,1400,1,8,-1,1,-1
201501KF60192,1,5,0,13,0,8,0,0,0,0,4,1,6,1,43,7,599,1,12,-1,-1,-1
201501KF60192,2,9,0,9,0,8,0,0,0,0,3,1,1,1,53,8,1998,2,6,-1,1,-1
201501KF60193,1,9,0,9,0,8,0,0,0,0,4,1,6,1,46,8,1598,1,6,-1,1,-1
201501KF60193,2,9,0,18,0,8,0,0,0,0,1,1,6,1,45,7,1796,1,1,-1,1,-1
201501KF60194,1,9,0,18,0,1,0,0,0,0,4,1,6,2,-1,-1,-1,-1,-1,-1,-1,-1
201501KF60195,1,9,0,18,0,0,0,0,0,0,1,1,6,1,-1,-1,1399,2,4,-1,-1,-1
201501KF60195,2,1,0,18,0,0,0,0,0,0,2,1,2,1,28,6,-1,-1,-1,-1,-1,-1
201501KF60196,1,3,0,18,0,0,0,0,0,0,1,1,6,1,36,7,244,1,8,-1,-1,-1
201501KF60197,1,9,0,18,0,8,0,0,0,0,3,1,6,1,46,8,1229,1,1,-1,1,-1
201501KF60197,2,9,0,18,0,8,0,0,0,0,1,1,6,1,-1,-1,1951,2,11,-1,-1,-1
201501KF60198,1,9,0,9,0,2,0,0,0,0,1,1,6,2,44,7,1124,1,10,-1,1,-1
201501KF60199,1,9,0,1,0,2,0,0,0,0,2,1,6,1,36,7,1988,1,16,-1,1,-1
201501KF60200,1,1,0,18,4,1,0,0,0,0,3,1,6,1,29,6,-1,-1,-1,-1,1,-1
201501KF60200,2,19,0,7,0,5,0,0,0,0,4,1,6,1,-1,-1,2198,2,-1,-1,-1,-1
201501KF60201,1,1,0,18,0,1,0,0,0,0,4,1,6,1,24,5,-1,-1,-1,-1,1,-1
201501KF60201,2,9,0,18,0,1,0,0,0,0,1,1,6,1,-1,-1,1300,1,18,-1,-1,-1