Accident_Index,Vehicle_Reference,Vehicle_Type,Towing_and_Articulation,Vehicle_Manoeuvre,Vehicle_Location-Restricted_Lane,Junction_Location,Skidding_and_Overturning,Hit_Object_in_Carriageway,Vehicle_Leaving_Carriageway,Hit_Object_off_Carriageway,1st_Point_of_Impact,Was_Vehicle_Left_Hand_Drive?,Journey_Purpose_of_Driver,Sex_of_Driver,Age_of_Driver,Age_Band_of_Driver,Engine_Capacity_(CC),Propulsion_Code,Age_of_Vehicle,Driver_IMD_Decile,Driver_Home_Area_Type,Vehicle_IMD_Decile
201501KF60546,1,9,0,18,0,8,0,0,0,0,1,1,6,1,44,7,2000,1,16,-1,1,-1
201501KF60546,2,9,0,9,0,8,0,0,0,0,1,1,6,1,61,9,-1,-1,-1,-1,1,-1
201501KF60548,1,9,0,5,0,0,0,0,0,0,1,1,6,1,63,9,1796,1,12,-1,1,-1
201501KF60549,1,11,0,4,0,0,0,0,0,0,3,1,1,1,49,8,-1,-1,-1,-1,1,-1
201501KF60549,2,19,0,1,0,0,0,0,0,0,1,1,1,1,-1,-1,2494,2,9,-1,1,-1
201501KF60550,1,1,0,18,0,8,0,0,0,0,3,1,6,1,14,3,-1,-1,-1,-1,1,-1
201501KF60550,2,9,0,9,0,8,0,0,0,0,1,1,6,1,55,8,1896,2,8,-1,1,-1
201501KF60551,1,1,0,18,0,8,0,0,0,0,1,1,6,1,29,6,-1,-1,-1,-1,-1,-1
201501KF60551,2,9,0,7,0,8,0,0,0,0,4,1,6,1,-1,-1,-1,-1,-1,-1,-1,-1
201501KF60552,1,1,0,18,0,0,0,0,0,0,2,1,6,1,30,6,-1,-1,-1,-1,1,-1
201501KF60552,2,9,0,18,0,0,0,0,0,0,1,1,6,1,-1,-1,-1,-1,-1,-1,-1,-1
201501KF60553,1,9,0,7,0,8,0,0,0,0,4,1,6,1,-1,-1,-1,-1,-1,-1,1,-1
201501KF60553,2,1,0,18,0,8,0,0,0,0,1,1,6,2,29,6,-1,-1,-1,-1,1,-1
201501KF60554,1,9,0,4,0,8,0,0,0,0,2,1,6,2,35,6,1343,1,12,-1,-1,-1
201501KF60554,2,9,0,18,0,8,0,0,0,0,1,1,6,1,28,6,3226,2,14,-1,1,-1
201501KF60555,1,9,0,13,0,1,0,0,0,0,4,1,6,2,23,5,999,1,3,-1,1,-1
201501KF60555,2,9,0,6,0,1,0,0,0,0,3,1,6,2,38,7,1582,2,1,-1,-1,-1
201501KF60556,1,9,0,9,0,8,0,0,0,0,1,1,3,2,39,7,1400,1,8,-1,1,-1
201501KF60556,2,1,0,18,4,8,0,0,0,0,3,1,6,1,32,6,-1,-1,-1,-1,1,-1
201501KF60557,1,9,0,9,0,8,0,0,0,0,3,1,6,1,59,9,1560,2,1,-1,1,-1
201501KF60557,2,3,0,13,0,8,0,0,0,0,4,1,2,1,23,5,-1,-1,-1,-1,1,-1
201501KF60558,1,9,0,9,0,8,0,0,0,0,4,1,6,1,30,6,1364,1,6,-1,1,-1
201501KF60558,2,1,0,18,0,8,0,0,0,0,1,1,6,1,12,3,-1,-1,-1,-1,-1,-1
201501KF60559,1,9,0,18,0,8,0,4,0,0,4,1,6,1,19,4,1595,1,7,-1,1,-1
201501KF60559,2,9,0,2,0,8,0,0,0,0,4,1,6,1,-1,-1,-1,-1,-1,-1,-1,-1
201501KF60560,1,9,0,18,0,0,0,0,0,0,4,1,6,1,-1,-1,-1,-1,-1,-1,-1,-1
201501KF60562,1,11,0,18,0,8,0,0,0,0,3,1,6,1,31,6,8268,2,12,-1,1,-1
201501KF60562,2,9,0,11,0,8,0,0,0,0,4,1,6,1,32,6,-1,-1,-1,-1,1,-1
201501KF60563,1,9,0,18,0,8,0,0,0,0,1,1,6,2,30,6,1910,2,9,-1,-1,-1
201501KF60563,2,9,0,9,0,8,0,0,0,0,1,1,6,1,39,7,4999,1,7,-1,1,-1
201501KF60564,1,9,0,18,0,1,0,0,0,0,4,1,6,3,-1,-1,-1,-1,-1,-1,-1,-1
201501KF60565,1,3,0,18,0,8,0,0,0,0,4,1,6,1,31,6,124,1,1,-1,1,-1
201501KF60565,2,9,0,9,0,8,0,0,0,0,1,1,6,1,-1,-1,-1,-1,-1,-1,-1,-1
201501KF60566,1,1,0,18,0,1,0,0,0,0,4,1,6,1,50,8,-1,-1,-1,-1,1,-1
201501KF60566,2,9,0,15,0,1,0,0,0,0,3,1,6,3,-1,-1,-1,-1,-1,-1,-1,-1
201501KF60567,1,1,0,18,0,0,0,0,0,0,2,1,6,2,29,6,-1,-1,-1,-1,1,-1
201501KF60567,2,9,0,18,0,0,0,0,0,0,1,1,6,1,-1,-1,-1,-1,-1,-1,-1,-1
201501KF60568,1,9,0,18,0,0,0,0,0,0,1,1,6,1,86,11,1388,1,10,-1,1,-1
201501KF60568,2,9,0,4,0,0,0,0,0,0,2,1,6,1,21,5,1799,1,9,-1,1,-1
201501KF60568,3,9,0,3,0,0,0,0,0,0,2,1,6,2,30,6,-1,-1,-1,-1,1,-1
201501KF60568,4,9,0,3,0,0,0,0,0,0,2,1,6,1,32,6,1968,2,3,-1,1,-1
201501KF60569,1,21,0,18,0,0,0,0,0,0,0,1,6,1,55,8,11946,2,6,-1,1,-1
201501KF60570,1,9,0,18,0,0,0,0,0,0,1,1,6,1,38,7,-1,-1,-1,-1,1,-1
201501KF60571,1,9,0,18,0,8,0,0,0,0,4,1,6,1,30,6,1587,1,15,-1,1,-1
201501KF60571,2,9,0,18,0,8,0,0,0,0,3,1,6,1,23,5,1598,1,3,-1,1,-1
201501KF60572,1,9,0,18,0,1,0,0,0,0,4,1,6,2,30,6,1956,2,2,-1,-1,-1
201501KF60573,1,9,0,18,0,2,0,0,0,0,1,1,6,1,32,6,698,1,8,-1,1,-1
201501KF60574,1,11,0,4,0,1,0,0,0,0,0,1,1,1,49,8,8268,2,12,-1,1,-1
201501KF60575,1,9,0,18,0,2,0,0,0,0,1,1,6,3,-1,-1,-1,-1,-1,-1,-1,-1
201501KF60576,1,9,0,3,0,1,0,0,0,0,2,1,6,1,62,9,1997,1,16,-1,-1,-1
201501KF60576,2,9,0,5,0,1,0,0,0,0,1,1,6,3,-1,-1,-1,-1,-1,-1,-1,-1
201501KF60577,1,9,0,3,0,0,0,0,0,0,2,1,6,2,20,4,1229,1,5,-1,1,-1
201501KF60577,2,9,0,18,0,0,0,0,0,0,1,1,6,1,52,8,2148,2,7,-1,1,-1
201501KF60578,1,9,0,7,0,1,0,0,0,0,1,1,6,1,51,8,1997,2,7,-1,1,-1
201501KF60580,1,3,0,18,0,8,0,0,0,0,4,1,6,1,42,7,125,1,2,-1,1,-1
201501KF60580,2,9,0,12,0,8,0,0,0,0,3,1,6,1,-1,-1,1329,1,5,-1,-1,-1
201501KF60581,1,9,0,18,0,0,0,0,0,0,3,1,6,1,49,8,1995,2,11,-1,1,-1
201501KF60581,2,9,0,11,0,0,0,0,0,0,4,1,6,1,-1,-1,1124,1,11,-1,-1,-1
201501KF60582,1,9,0,18,0,0,0,8,0,0,1,1,6,1,65,9,-1,-1,-1,-1,1,-1
201501KF60582,2,9,0,2,0,0,0,0,0,0,3,1,6,2,-1,-1,1596,1,10,-1,-1,-1
201501KF60583,1,9,0,4,0,0,0,0,0,0,2,1,6,1,55,8,-1,-1,-1,-1,1,-1
201501KF60583,2,9,0,18,0,0,0,0,0,0,1,1,6,1,41,7,1995,2,5,-1,1,-1
201501KF60584,1,1,0,18,0,1,0,0,0,0,3,1,6,1,18,4,-1,-1,-1,-1,1,-1
201501KF60584,2,9,0,13,0,1,0,0,0,0,4,1,6,1,-1,-1,5000,1,2,-1,-1,-1
201501KF60585,1,9,0,9,0,8,0,0,0,0,1,1,6,2,23,5,1600,1,11,-1,1,-1
201501KF60585,2,9,0,18,0,8,0,0,0,0,3,1,6,1,22,5,999,1,2,-1,1,-1
201501KF60587,1,9,0,18,0,8,0,0,0,0,1,1,6,1,22,5,-1,-1,-1,-1,1,-1
201501KF60587,2,9,0,9,0,8,0,0,0,0,1,1,6,1,-1,-1,1984,1,14,-1,1,-1
201501KF60588,1,9,0,18,0,0,0,0,0,0,3,1,6,1,39,7,1149,1,8,-1,2,-1
201501KF60588,2,9,0,11,0,0,0,0,0,0,4,1,6,1,-1,-1,1686,2,6,-1,-1,-1
201501KF60589,1,19,0,10,0,8,0,0,0,0,1,1,6,1,27,6,2402,2,12,-1,1,-1
201501KF60589,2,3,0,13,0,8,0,0,0,0,1,1,6,1,22,5,125,1,1,-1,1,-1
201501KF60590,1,3,0,15,0,0,0,0,0,0,3,1,6,1,33,6,125,1,4,-1,1,-1
201501KF60590,2,9,0,11,0,0,0,0,0,0,4,1,6,1,33,6,1200,1,-1,-1,1,-1
201501KF60591,1,9,0,2,0,1,0,0,0,0,1,1,6,2,31,6,1753,2,6,-1,1,-1
201501KF60591,2,9,0,1,0,1,0,0,0,0,2,1,6,2,18,4,1242,1,11,-1,1,-1
201501KF60593,1,9,0,18,0,8,0,0,0,0,3,1,6,1,22,5,1596,1,10,-1,1,-1
201501KF60593,2,9,0,7,0,5,0,0,2,2,4,1,6,2,33,6,1598,1,8,-1,1,-1
201501KF60594,1,19,0,9,0,8,0,0,0,0,3,1,6,1,48,8,4249,2,7,-1,1,-1
201501KF60594,2,3,0,13,0,8,0,0,0,0,1,1,6,1,19,4,49,1,1,-1,1,-1
201501KF60595,1,9,0,4,0,0,0,0,0,0,2,1,2,2,27,6,1596,1,5,-1,3,-1
201501KF60595,2,9,0,18,0,0,0,0,0,0,1,1,2,1,27,6,-1,-1,-1,-1,1,-1
201501KF60595,3,9,0,3,0,0,0,0,0,0,2,1,2,1,35,6,1686,2,5,-1,1,-1
201501KF60595,4,9,0,3,0,0,0,0,0,0,2,1,2,1,42,7,2993,2,1,-1,2,-1
201501KF60596,1,9,0,18,0,0,0,0,0,0,1,1,6,3,-1,-1,1796,1,6,-1,-1,-1
201501KF60597,1,9,0,2,0,0,0,0,0,0,2,1,6,2,34,6,1390,1,18,-1,1,-1
201501KF60597,2,9,0,1,0,0,0,4,0,0,2,1,6,1,-1,-1,2198,2,9,-1,-1,-1
201501KF60598,1,9,0,3,0,1,0,0,0,0,2,1,6,1,32,6,2967,2,7,-1,1,-1
201501KF60598,2,9,0,3,0,1,0,0,0,0,2,1,6,1,53,8,1339,8,4,-1,1,-1
201501KF60598,3,9,0,18,0,1,0,0,0,0,1,1,6,1,61,9,1560,2,5,-1,1,-1
201501KF60599,1,9,0,9,0,8,0,0,0,0,1,1,6,2,21,5,998,1,5,-1,3,-1
201501KF60599,2,9,0,18,0,8,0,0,0,0,4,1,6,2,47,8,998,1,19,-1,1,-1
201501KF60600,1,1,0,18,0,1,0,0,0,0,3,1,6,1,31,6,-1,-1,-1,-1,1,-1
201501KF60600,2,9,0,18,0,2,0,0,0,0,3,1,6,3,-1,-1,-1,-1,-1,-1,-1,-1
201501KF60601,1,9,0,1,0,2,0,0,0,0,2,1,6,1,-1,-1,-1,-1,-1,-1,-1,-1
201501KF60602,1,9,0,18,0,2,0,0,0,0,4,1,6,1,54,8,-1,-1,-1,-1,-1,-1
201501KF60603,1,9,0,4,0,0,0,0,0,0,2,1,6,1,28,6,1999,2,13,-1,1,-1
201501KF60603,2,3,0,4,0,0,0,0,0,0,1,1,6,1,31,6,108,1,3,-1,1,-1
201501KF60604,1,9,0,18,0,8,0,0,0,0,1,1,6,1,26,6,2987,2,3,-1,1,-1
201501KF60604,2,9,0,9,0,8,0,0,0,0,1,1,6,1,28,6,1596,1,12,-1,1,-1
201501KF60605,1,9,0,3,0,1,0,0,0,0,3,1,6,1,62,9,1598,1,-1,-1,1,-1
201501KF60605,2,9,0,14,0,1,0,0,0,0,4,1,6,1,43,7,1998,2,1,-1,-1,-1
201501KF60606,1,19,0,18,0,0,0,0,0,0,3,1,1,1,60,9,-1,-1,-1,-1,1,-1
201501KF60606,2,9,0,11,0,0,0,0,0,0,4,1,6,1,35,6,-1,-1,-1,-1,1,-1
201501KF60607,1,9,0,4,0,0,0,0,0,0,2,1,6,2,54,8,1598,1,4,-1,1,-1
201501KF60607,2,9,0,18,0,0,0,0,0,0,1,1,6,1,34,6,1332,1,8,-1,-1,-1
201501KF60608,1,9,0,4,0,0,0,0,0,0,2,1,6,1,32,6,2148,2,6,-1,-1,-1
201501KF60608,2,9,0,4,0,0,0,0,0,0,2,1,6,2,41,7,-1,-1,-1,-1,1,-1
201501KF60608,3,9,0,4,0,0,0,0,0,0,1,1,6,1,29,6,-1,-1,-1,-1,1,-1
201501KF60609,1,19,0,4,0,0,0,0,0,0,1,1,6,1,41,7,2402,2,9,-1,1,-1
201501KF60609,2,5,0,4,0,0,0,0,0,0,2,1,6,1,58,9,279,1,6,-1,-1,-1
201501KF60610,1,9,0,18,0,8,0,0,0,0,4,1,6,1,58,9,1796,1,10,-1,1,-1
201501KF60610,2,9,0,9,0,8,0,0,0,0,1,1,6,1,32,6,2499,1,10,-1,1,-1
201501KF60611,1,9,0,18,0,8,0,10,1,2,1,1,6,1,30,6,5461,1,2,-1,1,-1
201501KF60611,2,9,0,6,0,8,0,0,0,0,4,1,6,1,34,6,1242,1,4,-1,1,-1
201501KF60612,1,9,0,18,0,1,0,0,0,0,1,1,6,2,40,7,1598,1,15,-1,1,-1
201501KF60613,1,9,0,3,0,8,0,0,0,0,2,1,6,1,20,4,1995,1,9,-1,1,-1
201501KF60613,2,9,0,9,0,8,0,0,0,0,1,1,6,1,-1,-1,1796,1,10,-1,-1,-1
201501KF60614,1,9,0,17,0,8,0,0,0,0,4,1,6,1,44,7,1995,2,12,-1,1,-1
201501KF60615,1,9,0,18,0,8,0,4,0,0,1,1,6,1,17,4,-1,-1,-1,-1,1,-1
201501KF60615,2,9,0,2,0,8,0,0,0,0,3,1,6,1,-1,-1,1398,8,2,-1,-1,-1
201501KF60615,3,9,0,2,0,8,0,0,0,0,4,1,6,3,-1,-1,1995,2,3,-1,-1,-1
201501KF60616,1,9,0,1,0,0,0,0,0,0,4,1,6,2,30,6,1560,2,-1,-1,1,-1
201501KF60617,1,20,0,18,0,1,0,0,0,0,1,1,1,1,-1,-1,-1,-1,-1,-1,-1,-1
201501KF60618,1,11,0,18,0,0,0,10,7,4,1,1,1,1,27,6,4500,2,8,-1,1,-1
201501KF60619,1,9,0,4,0,0,0,0,0,0,1,1,1,1,28,6,1398,2,2,-1,1,-1
201501KF60620,1,9,0,9,0,2,0,0,0,0,1,1,6,1,41,7,1797,8,1,-1,1,-1
201501KF60622,1,9,0,18,0,0,0,0,0,0,3,1,6,1,-1,-1,-1,-1,-1,-1,-1,-1
201501KF60622,2,21,0,11,0,0,0,0,0,0,4,1,1,1,-1,-1,12777,2,4,-1,-1,-1
201501KF60624,1,9,0,18,0,8,0,0,0,0,2,1,6,1,40,7,1598,1,10,-1,1,-1
201501KF60624,2,9,0,18,0,8,0,0,0,0,1,1,6,1,-1,-1,-1,-1,-1,-1,-1,-1
201501KF60626,1,11,0,18,0,0,0,0,0,0,1,1,1,1,48,8,4500,2,5,-1,1,-1
201501KF60626,2,9,0,14,0,0,0,0,0,0,1,1,6,2,51,8,1995,2,1,-1,-1,-1
201501KF60627,1,1,0,18,0,8,0,0,0,0,4,1,2,2,27,6,-1,-1,-1,-1,1,-1
201501KF60627,2,9,0,7,0,8,0,0,0,0,1,1,4,2,-1,-1,-1,-1,-1,-1,-1,-1
201501KF60628,1,9,0,1,0,8,0,0,0,0,2,1,1,1,22,5,-1,-1,-1,-1,1,-1
201501KF60629,1,9,0,18,0,8,0,0,0,0,1,1,6,1,40,7,1796,1,8,-1,-1,-1
201501KF60629,2,1,0,18,0,8,0,0,0,0,1,1,6,1,37,7,-1,-1,-1,-1,1,-1
201501KF60630,1,19,0,18,0,0,0,0,0,0,1,1,1,1,23,5,2143,2,1,-1,1,-1
201501KF60630,2,9,0,3,0,0,0,0,0,0,2,1,2,1,35,6,1796,1,10,-1,1,-1
201501KF60630,3,9,0,3,0,0,0,0,0,0,2,1,2,2,30,6,1586,1,4,-1,1,-1
201501KF60630,4,9,0,3,0,0,0,0,0,0,2,1,2,1,33,6,1364,1,5,-1,1,-1
201501KF60632,1,8,0,9,0,8,0,0,0,0,4,1,2,1,40,7,2143,2,6,-1,1,-1
201501KF60632,2,9,0,18,0,8,0,0,0,0,1,1,2,1,-1,-1,1951,2,13,-1,1,-1
201501KF60633,1,9,0,4,0,1,0,0,0,0,2,1,6,1,42,7,1999,1,12,-1,1,-1
201501KF60633,2,9,0,4,0,1,0,0,0,0,2,1,6,1,34,6,3199,1,12,-1,1,-1
201501KF60633,3,9,0,18,0,1,0,0,0,0,1,1,6,3,-1,-1,1398,1,-1,-1,-1,-1
201501KF60634,1,9,0,18,0,0,0,0,0,0,4,1,1,1,37,7,1790,8,3,-1,1,-1
201501KF60634,2,1,0,18,0,0,0,0,0,0,1,1,6,1,30,6,-1,-1,-1,-1,-1,-1
201501KF60635,1,9,0,9,0,1,0,10,1,10,1,1,1,1,21,5,1794,1,11,-1,1,-1
201501KF60636,1,1,0,18,0,8,0,0,0,0,3,1,2,1,40,7,-1,-1,-1,-1,1,-1
201501KF60636,2,9,0,5,0,8,0,0,0,0,1,1,2,2,39,7,1596,1,10,-1,1,-1
201501KF60637,1,9,0,18,0,1,0,0,0,0,1,1,2,1,28,6,1995,2,7,-1,1,-1
201501KF60637,2,90,0,1,0,1,0,0,0,0,2,1,1,1,30,6,-1,-1,-1,-1,1,-1
201501KF60638,1,9,0,18,0,8,0,0,0,0,1,1,6,1,43,7,1598,1,7,-1,1,-1
201501KF60638,2,9,0,9,0,8,0,0,0,0,1,1,6,2,20,4,1299,1,13,-1,1,-1
201501KF60639,1,9,0,6,0,0,0,0,0,0,3,1,6,2,27,6,1229,1,8,-1,1,-1
201501KF60639,2,5,0,13,0,0,0,0,0,0,1,1,2,1,33,6,999,1,8,-1,1,-1
201501KF60641,1,9,0,9,0,8,0,0,0,0,1,1,6,1,29,6,-1,-1,-1,-1,1,-1
201501KF60641,2,9,0,18,0,8,0,0,0,0,1,1,6,1,24,5,1390,1,12,-1,1,-1
201501KF60642,1,9,0,17,0,8,0,0,0,0,1,1,6,1,22,5,1242,1,11,-1,1,-1
201501KF60642,2,9,0,17,0,8,0,0,0,0,2,1,6,1,25,5,-1,-1,-1,-1,1,-1
201501KF60643,1,9,0,3,0,0,0,0,0,0,2,1,6,1,-1,-1,1598,2,-1,-1,1,-1
201501KF60643,2,9,0,18,0,0,0,0,0,0,1,1,6,1,-1,-1,1753,2,9,-1,-1,-1
201501KF60644,1,9,0,3,0,1,0,0,0,0,1,1,6,1,29,6,2143,2,3,-1,1,-1
201501KF60644,2,9,0,1,0,1,0,0,0,0,2,1,6,1,-1,-1,2143,2,6,-1,-1,-1
201501KF60645,1,1,0,18,0,0,0,0,0,0,3,1,2,2,25,5,-1,-1,-1,-1,1,-1
201501KF60645,2,11,0,13,0,0,0,0,0,0,4,1,1,1,-1,-1,6696,2,2,-1,-1,-1
201501KF60646,1,9,0,4,0,0,0,0,0,0,2,1,6,1,43,7,1985,1,15,-1,1,-1
201501KF60646,2,4,0,18,0,0,0,0,0,0,1,1,6,1,31,6,599,1,8,-1,1,-1
201501KF60647,1,1,0,18,0,0,0,0,0,0,3,1,2,1,35,6,-1,-1,-1,-1,1,-1
201501KF60647,2,9,0,13,0,0,0,0,0,0,4,1,6,2,35,6,1999,1,8,-1,-1,-1
201501KF60648,1,9,0,4,0,1,0,0,0,0,4,1,6,1,29,6,1587,1,12,-1,1,-1
201501KF60649,1,9,0,6,0,1,0,0,0,0,1,1,6,2,41,7,1587,1,8,-1,1,-1
201501KF60649,2,9,0,3,0,1,0,0,0,0,2,1,6,1,61,9,1560,2,2,-1,1,-1
201501KF60650,1,3,0,18,0,1,0,0,0,0,1,1,6,1,26,6,125,1,2,-1,1,-1
201501KF60651,1,1,0,18,0,8,0,0,0,0,2,1,6,2,15,3,-1,-1,-1,-1,1,-1
201501KF60651,2,9,0,7,0,8,0,0,0,0,4,1,6,1,-1,-1,-1,-1,-1,-1,-1,-1
201501KF60652,1,9,0,7,0,8,0,10,7,7,1,1,6,1,22,5,1395,1,-1,-1,1,-1
201501KF60653,1,9,0,4,0,1,0,0,0,0,1,1,6,1,42,7,2099,1,12,-1,1,-1
201501KF60653,2,9,0,4,0,1,0,0,0,0,2,1,6,2,39,7,1390,1,13,-1,1,-1
201501KF60654,1,20,0,4,0,2,0,0,0,0,2,1,6,1,60,9,6370,2,4,-1,1,-1
201501KF60654,2,1,0,18,0,2,0,0,0,0,1,1,6,2,-1,-1,-1,-1,-1,-1,1,-1
201501KF60655,1,8,0,17,0,8,0,0,0,0,2,1,1,1,46,8,1797,8,6,-1,1,-1
201501KF60655,2,9,0,17,0,8,0,0,0,0,1,1,6,1,24,5,-1,-1,-1,-1,1,-1
201501KF60656,1,9,0,9,0,8,0,0,0,0,3,1,6,2,22,5,1598,1,1,-1,1,-1
201501KF60656,2,1,0,18,0,8,0,0,0,0,1,1,6,1,34,6,-1,-1,-1,-1,1,-1
201501KF60658,1,5,0,18,0,0,0,0,0,0,3,1,6,1,27,6,998,1,5,-1,1,-1
201501KF60659,1,9,0,18,0,0,0,0,0,0,1,1,6,3,-1,-1,-1,-1,-1,-1,-1,-1
201501KF60660,1,9,0,17,0,8,0,0,0,0,1,1,1,2,37,7,-1,-1,-1,-1,1,-1
201501KF60660,2,9,0,17,0,8,0,0,0,0,1,1,6,2,55,8,1798,1,11,-1,1,-1
201501KF60662,1,9,0,4,0,2,0,0,0,0,2,1,6,2,50,8,1086,1,9,-1,1,-1
201501KF60662,2,9,0,18,0,2,0,0,0,0,1,1,6,1,37,7,1995,2,-1,-1,1,-1
201501KF60663,1,9,0,9,0,8,0,0,0,0,0,1,6,3,-1,-1,-1,-1,-1,-1,-1,-1
201501KF60663,2,3,0,5,0,8,1,0,0,0,0,1,6,1,31,6,-1,-1,-1,-1,1,-1
201501KF60664,1,9,0,18,0,8,0,0,0,0,1,1,6,1,46,8,1587,1,9,-1,1,-1
201501KF60664,2,9,0,18,0,8,0,0,0,0,3,1,6,1,19,4,1598,1,9,-1,1,-1
201501KF60665,1,8,0,4,0,8,0,0,0,0,2,1,1,1,27,6,1598,2,1,-1,1,-1
201501KF60665,2,9,0,18,0,8,0,0,0,0,1,1,6,1,-1,-1,1229,1,-1,-1,1,-1
201501KF60666,1,9,0,18,0,8,0,0,0,0,1,1,6,1,19,4,1797,8,5,-1,1,-1
201501KF60666,2,9,0,18,0,8,0,0,0,0,4,1,6,1,80,11,998,1,8,-1,1,-1
201501KF60667,1,9,0,18,0,8,0,0,0,0,1,1,6,1,32,6,-1,-1,-1,-1,1,-1
201501KF60667,2,9,0,18,0,8,0,0,0,0,1,1,6,1,40,7,1685,2,3,-1,1,-1
201501KF60668,1,9,0,18,0,2,0,0,0,0,1,1,6,1,40,7,1596,1,4,-1,-1,-1
201501KF60669,1,9,0,4,0,0,0,0,0,0,2,1,2,1,41,7,2148,2,11,-1,1,-1
201501KF60669,2,9,0,18,0,0,0,0,0,0,1,1,6,3,-1,-1,1590,1,13,-1,-1,-1
201501KF60671,1,9,0,1,0,1,0,0,0,0,2,1,6,1,36,7,2685,2,13,-1,1,-1
201501KF60672,1,21,0,18,0,0,0,5,0,0,1,1,1,1,54,8,6370,2,6,-1,1,-1
201501KF60673,1,9,0,18,0,1,0,0,0,0,4,1,6,1,31,6,2000,1,6,-1,1,-1
201501KF60673,2,9,0,12,0,1,0,0,0,0,3,1,6,2,-1,-1,1242,1,4,-1,-1,-1
201501KF60674,1,19,0,18,0,8,0,0,0,0,4,1,6,1,62,9,2402,2,12,-1,1,-1
201501KF60674,2,9,0,7,0,8,0,0,0,0,1,1,6,1,-1,-1,-1,-1,-1,-1,-1,-1
201501KF60675,1,9,0,3,0,1,0,0,0,0,4,1,6,1,41,7,1988,2,11,-1,1,-1
201501KF60675,2,9,0,12,0,1,0,0,0,0,3,1,6,1,-1,-1,1461,2,-1,-1,-1,-1
201501KF60676,1,9,0,12,0,0,0,0,0,0,2,1,6,2,34,6,2494,1,11,-1,1,-1
201501KF60676,2,9,0,18,0,0,0,0,0,0,2,1,2,2,46,8,1499,2,-1,-1,1,-1
201501KF60676,3,19,0,18,0,0,0,0,0,0,1,1,1,1,25,5,-1,-1,-1,-1,1,-1
201501KF60677,1,9,0,9,0,8,0,0,0,0,1,1,6,1,20,4,1461,2,-1,-1,1,-1
201501KF60677,2,1,0,18,0,8,0,0,0,0,1,1,2,1,33,6,-1,-1,-1,-1,1,-1
201501KF60678,1,19,0,18,0,1,0,0,0,0,1,1,6,1,-1,-1,-1,-1,-1,-1,-1,-1
201501KF60679,1,3,0,18,0,8,0,0,0,0,1,1,6,1,30,6,125,1,3,-1,-1,-1
201501KF60679,2,9,0,9,0,8,0,0,0,0,4,1,6,1,55,8,998,1,10,-1,1,-1
201501KF60680,1,9,0,4,0,1,0,0,0,0,2,1,6,1,55,8,2496,1,14,-1,2,-1
201501KF60680,2,9,0,18,0,1,0,0,0,0,1,1,6,1,-1,-1,1390,1,9,-1,-1,-1
201501KF60681,1,3,0,18,0,1,0,0,0,0,1,1,6,1,-1,-1,125,1,-1,-1,-1,-1
201501KF60682,1,9,0,18,0,1,0,0,0,0,1,1,1,1,24,5,2000,2,10,-1,1,-1
201501KF60683,1,3,0,18,0,1,0,0,0,0,1,1,6,1,-1,-1,-1,-1,-1,-1,-1,-1
201501KF60684,1,9,0,18,0,1,0,0,0,0,4,1,6,1,34,6,1998,1,10,-1,1,-1
201501KF60684,2,1,0,18,0,1,0,0,0,0,1,1,6,1,15,3,-1,-1,-1,-1,2,-1
201501KF60685,1,1,0,18,4,0,0,0,0,0,3,1,6,1,24,5,-1,-1,-1,-1,1,-1
201501KF60685,2,20,4,13,0,0,0,0,0,0,4,1,1,1,-1,-1,-1,-1,-1,-1,-1,-1
201501KF60686,1,1,0,18,0,8,0,0,0,0,4,1,2,1,37,7,-1,-1,-1,-1,1,-1
201501KF60686,2,9,0,18,0,8,0,0,0,0,1,1,6,3,-1,-1,1198,1,1,-1,-1,-1
201501KF60687,1,1,0,18,0,1,0,0,0,0,3,1,2,2,24,5,-1,-1,-1,-1,1,-1
201501KF60687,2,9,0,7,0,5,0,0,0,0,4,1,6,1,50,8,-1,-1,-1,-1,-1,-1
201501KF60689,1,9,0,16,0,0,0,0,0,0,1,1,6,1,30,6,1598,2,3,-1,1,-1
201501KF60690,1,9,0,18,0,0,0,0,0,0,1,1,6,3,-1,-1,-1,-1,-1,-1,-1,-1
201501KF60690,2,1,0,18,0,0,0,0,0,0,2,1,6,1,34,6,-1,-1,-1,-1,1,-1
201501KF60692,1,1,0,18,0,1,0,0,0,0,3,1,2,1,47,8,-1,-1,-1,-1,1,-1
201501KF60692,2,9,0,7,0,5,0,0,0,0,4,1,6,3,-1,-1,-1,-1,-1,-1,-1,-1
201501KF60693,1,9,0,5,0,2,0,0,0,0,1,1,6,1,40,7,1596,1,9,-1,1,-1
201501KF60694,1,19,0,3,0,2,0,0,0,0,2,1,6,2,40,7,-1,-1,-1,-1,-1,-1
201501KF60694,2,9,0,18,0,2,0,0,0,0,1,1,6,2,24,5,1598,1,10,-1,1,-1
201501KF60695,1,9,0,18,0,1,0,0,0,0,4,1,6,2,31,6,1229,1,1,-1,1,-1
201501KF60695,2,9,0,5,0,1,0,0,0,0,3,1,6,1,31,6,1686,2,9,-1,1,-1
201501KF60696,1,8,0,9,0,2,0,0,0,0,1,1,6,1,56,9,1896,2,9,-1,1,-1
201501KF60697,1,9,0,18,0,2,0,0,0,0,3,1,6,1,39,7,1124,1,10,-1,1,-1
201501KF60697,2,9,0,13,0,2,0,0,0,0,4,1,6,1,-1,-1,1388,1,6,-1,-1,-1
201501KF60701,1,9,0,3,0,0,0,0,0,0,1,1,6,2,24,5,1598,1,12,-1,1,-1
201501KF60701,2,9,0,1,0,0,0,0,0,0,2,1,6,1,-1,-1,1995,1,8,-1,-1,-1
201501KF60702,1,9,0,18,0,1,0,0,0,0,1,1,6,1,43,7,2000,2,8,-1,1,-1
201501KF60702,2,1,0,9,0,1,0,0,0,0,2,1,6,2,23,5,-1,-1,-1,-1,1,-1
201501KF60703,1,9,0,17,0,2,0,0,0,0,1,1,6,1,27,6,1598,1,8,-1,1,-1