Accident_Index,Vehicle_Reference,Vehicle_Type,Towing_and_Articulation,Vehicle_Manoeuvre,Vehicle_Location-Restricted_Lane,Junction_Location,Skidding_and_Overturning,Hit_Object_in_Carriageway,Vehicle_Leaving_Carriageway,Hit_Object_off_Carriageway,1st_Point_of_Impact,Was_Vehicle_Left_Hand_Drive?,Journey_Purpose_of_Driver,Sex_of_Driver,Age_of_Driver,Age_Band_of_Driver,Engine_Capacity_(CC),Propulsion_Code,Age_of_Vehicle,Driver_IMD_Decile,Driver_Home_Area_Type,Vehicle_IMD_Decile
201501KF60704,1,21,0,11,0,0,0,0,0,0,4,1,1,1,30,6,11705,2,7,-1,1,-1
201501KF60704,2,9,0,18,0,0,0,0,0,0,3,1,2,2,22,5,1198,1,3,-1,1,-1
201501KF60705,1,9,0,6,0,1,0,0,0,0,1,1,6,3,-1,-1,3197,1,8,-1,-1,-1
201501KF60705,2,1,0,18,0,2,0,0,0,0,3,1,6,2,24,5,-1,-1,-1,-1,1,-1
201501KF60707,1,9,0,11,0,0,0,0,0,0,4,1,2,1,45,7,2997,2,22,-1,1,-1
201501KF60707,2,3,0,18,0,0,0,0,0,0,3,1,2,1,31,6,124,1,9,-1,1,-1
201501KF60708,1,9,0,9,0,2,0,0,0,0,1,1,6,3,-1,-1,-1,-1,-1,-1,-1,-1
201501KF60709,1,9,0,18,0,2,0,0,0,0,1,1,6,2,42,7,1390,1,12,-1,1,-1
201501KF60710,1,8,0,18,0,8,0,0,0,0,4,1,2,1,55,8,2499,2,7,-1,1,-1
201501KF60710,2,9,0,18,0,8,0,0,0,0,1,1,6,3,-1,-1,1149,1,7,-1,-1,-1
201501KF60711,1,3,0,18,0,1,0,0,0,0,2,1,6,1,24,5,125,1,4,-1,1,-1
201501KF60711,2,9,0,18,0,1,0,0,0,0,1,1,6,1,-1,-1,1870,2,11,-1,-1,-1
201501KF60712,1,9,0,9,0,8,0,0,0,0,1,1,6,1,42,7,1796,1,10,-1,2,-1
201501KF60712,2,9,0,18,0,8,0,10,1,1,1,1,6,1,66,10,2149,2,8,-1,1,-1
201501KF60713,1,9,0,18,0,0,0,0,0,0,1,1,6,3,-1,-1,-1,-1,-1,-1,-1,-1
201501KF60714,1,1,0,18,0,0,0,0,0,0,0,1,6,1,27,6,-1,-1,-1,-1,1,-1
201501KF60715,1,9,0,18,0,8,0,0,0,0,1,1,6,1,42,7,1391,1,14,-1,1,-1
201501KF60715,2,9,0,9,0,8,0,0,0,0,3,1,6,1,56,9,1997,2,4,-1,-1,-1
201501KF60716,1,9,0,18,0,0,0,0,0,0,1,1,6,1,58,9,1596,1,10,-1,1,-1
201501KF60717,1,9,0,9,0,8,0,0,0,0,3,1,6,2,23,5,-1,-1,-1,-1,1,-1
201501KF60717,2,9,0,18,0,8,0,0,0,0,3,1,6,2,27,6,1242,1,3,-1,1,-1
201501KF60718,1,9,0,18,0,8,0,0,0,0,1,1,6,1,24,5,1995,2,11,-1,1,-1
201501KF60718,2,9,0,18,0,8,0,0,0,0,1,1,6,1,50,8,1998,2,2,-1,1,-1
201501KF60719,1,9,0,18,0,1,0,0,0,0,1,1,6,1,32,6,2597,1,12,-1,1,-1
201501KF60720,1,9,0,18,0,0,0,0,0,0,1,1,6,1,53,8,1498,1,9,-1,1,-1
201501KF60720,2,9,0,4,0,0,0,0,0,0,2,1,6,1,37,7,1240,1,11,-1,1,-1
201501KF60721,1,9,0,3,0,1,0,0,0,0,1,1,6,2,36,7,1149,1,13,-1,1,-1
201501KF60721,2,9,0,1,0,1,0,0,0,0,2,1,6,1,-1,-1,-1,-1,-1,-1,-1,-1
201501KF60722,1,11,0,3,0,0,0,0,0,0,0,1,1,1,31,6,6700,2,3,-1,1,-1
201501KF60723,1,9,0,7,0,1,0,0,0,0,1,1,6,1,41,7,1339,8,8,-1,-1,-1
201501KF60723,2,1,0,18,0,1,0,0,0,0,3,1,6,1,20,4,-1,-1,-1,-1,1,-1
201501KF60724,1,3,0,18,0,8,0,0,0,0,1,1,6,1,25,5,-1,-1,-1,-1,3,-1
201501KF60724,2,9,0,9,0,8,0,0,0,0,3,1,6,1,62,9,2148,2,7,-1,1,-1
201501KF60725,1,9,0,7,0,8,0,0,0,0,4,1,6,1,65,9,2993,2,3,-1,1,-1
201501KF60726,1,9,0,4,0,1,0,0,0,0,2,1,6,2,19,4,1242,1,4,-1,1,-1
201501KF60726,2,9,0,18,0,1,0,0,0,0,1,1,6,2,54,8,1299,1,10,-1,1,-1
201501KF60727,1,2,0,18,0,8,0,0,0,0,4,1,6,1,44,7,124,1,4,-1,1,-1
201501KF60727,2,9,0,18,0,8,0,0,0,0,3,1,6,1,22,5,1984,2,6,-1,1,-1
201501KF60728,1,9,0,18,0,8,0,0,0,0,4,1,6,1,36,7,1590,1,10,-1,-1,-1
201501KF60729,1,9,0,18,0,1,0,0,0,0,1,1,6,2,29,6,1598,1,12,-1,1,-1
201501KF60730,1,9,0,9,0,8,0,0,0,0,4,1,6,1,34,6,-1,-1,-1,-1,1,-1
201501KF60731,1,9,0,2,0,0,0,0,0,0,1,1,6,1,33,6,1995,1,14,-1,1,-1
201501KF60731,2,1,0,18,0,0,0,8,0,0,1,1,6,2,31,6,-1,-1,-1,-1,1,-1
201501KF60732,1,3,0,18,0,8,0,0,0,0,1,1,6,1,25,5,-1,-1,-1,-1,1,-1
201501KF60732,2,9,0,9,0,8,0,0,0,0,4,1,6,1,-1,-1,1896,2,12,-1,-1,-1
201501KF60733,1,11,0,18,0,0,0,0,0,0,0,1,1,1,59,9,4500,2,4,-1,1,-1
201501KF60735,1,9,0,3,0,0,0,0,0,0,2,1,6,2,23,5,1398,1,2,-1,1,-1
201501KF60735,2,9,0,14,0,0,0,0,0,0,1,1,6,1,-1,-1,-1,-1,-1,-1,-1,-1
201501KF60736,1,9,0,18,0,1,0,0,0,0,2,1,6,1,35,6,-1,-1,-1,-1,1,-1
201501KF60736,2,9,0,18,0,1,0,0,0,0,2,1,6,2,48,8,1124,1,11,-1,-1,-1
201501KF60736,3,9,0,18,0,1,0,0,0,0,2,1,6,1,34,6,-1,-1,-1,-1,1,-1
201501KF60736,4,9,0,11,0,1,0,0,0,0,1,1,6,1,31,6,2979,1,1,-1,1,-1
201501KF60737,1,9,0,18,0,0,0,0,0,0,1,1,6,1,-1,-1,-1,-1,-1,-1,-1,-1
201501KF60740,1,11,0,18,0,0,0,0,0,0,0,1,1,1,31,6,4500,2,5,-1,1,-1
201501KF60741,1,9,0,18,0,0,0,0,0,0,1,1,2,1,33,6,2148,2,8,-1,1,-1
201501KF60742,1,19,0,18,0,0,0,0,0,0,1,1,1,1,68,10,2148,2,7,-1,1,-1
201501KF60742,2,90,0,18,0,0,0,0,0,0,2,1,1,1,62,9,-1,3,-1,-1,1,-1
201501KF60743,1,9,0,18,0,0,0,0,0,0,1,1,6,1,40,7,1364,1,1,-1,-1,-1
201501KF60744,1,9,0,18,0,8,0,0,0,0,1,1,6,1,28,6,2143,2,4,-1,1,-1
201501KF60744,2,9,0,9,0,8,0,0,0,0,3,1,6,1,37,7,1560,2,4,-1,1,-1
201501KF60745,1,9,0,18,0,0,0,0,0,0,3,1,2,1,29,6,-1,-1,-1,-1,1,-1
201501KF60745,2,9,0,11,0,0,0,0,0,0,4,1,6,1,30,6,-1,-1,-1,-1,-1,-1
201501KF60746,1,9,0,18,0,0,0,0,0,0,4,1,6,2,40,7,1560,2,1,-1,1,-1
201501KF60747,1,9,0,7,0,5,0,0,0,0,4,1,6,2,43,7,1497,8,8,-1,1,-1
201501KF60747,2,1,0,18,0,1,0,0,0,0,3,1,6,1,26,6,-1,-1,-1,-1,1,-1
201501KF60748,1,11,0,18,0,0,0,0,0,0,1,1,1,1,50,8,9360,2,4,-1,1,-1
201501KF60748,2,9,0,6,0,0,0,0,0,0,3,1,6,1,-1,-1,1997,1,14,-1,-1,-1
201501KF60750,1,5,0,18,0,8,0,0,0,0,1,1,6,1,32,6,108,1,1,-1,1,-1
201501KF60750,2,9,0,9,0,8,0,0,0,0,4,1,6,2,24,5,1242,1,1,-1,1,-1
201501KF60752,1,1,0,18,0,0,0,0,0,0,1,1,6,2,33,6,-1,-1,-1,-1,1,-1
201501KF60753,1,9,0,18,0,2,0,0,0,0,1,1,6,1,-1,-1,2685,2,12,-1,-1,-1
201501KF60754,1,9,0,18,9,1,0,10,1,1,1,1,6,1,36,7,1598,1,10,-1,1,-1
201501KF60756,1,8,0,18,0,2,0,0,0,0,2,1,1,1,28,6,1242,1,4,-1,-1,-1
201501KF60756,2,11,0,18,0,2,0,0,0,0,1,1,1,1,23,5,4500,2,4,-1,1,-1
201501KF60757,1,3,0,4,0,0,0,0,0,0,2,1,6,1,38,7,599,1,12,-1,1,-1
201501KF60757,2,3,0,18,0,0,0,0,0,0,1,1,6,1,-1,-1,125,1,3,-1,-1,-1
201501KF60758,1,3,0,4,0,0,0,0,0,0,2,1,6,1,34,6,-1,-1,-1,-1,1,-1
201501KF60758,2,9,0,18,0,0,0,0,0,0,1,1,6,1,-1,-1,-1,-1,-1,-1,-1,-1
201501KF60759,1,9,0,18,0,0,0,0,0,0,3,1,6,1,29,6,1560,2,10,-1,1,-1
201501KF60759,2,9,0,11,0,0,0,0,0,0,4,1,6,3,-1,-1,-1,-1,-1,-1,-1,-1
201501KF60761,1,1,0,3,0,2,0,0,0,0,4,1,6,1,28,6,-1,-1,-1,-1,1,-1
201501KF60761,2,9,0,7,0,1,0,0,0,0,1,1,6,2,-1,-1,-1,-1,-1,-1,-1,-1
201501KF60762,1,9,0,18,0,8,0,0,0,0,4,1,6,1,31,6,-1,-1,-1,-1,1,-1
201501KF60763,1,2,0,18,0,0,0,0,0,0,4,1,6,1,20,4,125,1,3,-1,1,-1
201501KF60763,2,9,0,5,0,0,0,0,0,0,3,1,6,3,-1,-1,1598,2,-1,-1,-1,-1
201501KF60764,1,1,0,9,0,8,0,0,0,0,4,1,6,1,16,4,-1,-1,-1,-1,1,-1
201501KF60764,2,9,0,18,0,8,0,0,0,0,1,1,6,1,-1,-1,998,1,2,-1,-1,-1
201501KF60765,1,9,0,4,0,8,0,0,0,0,2,1,6,1,26,6,1396,1,13,-1,1,-1
201501KF60765,2,9,0,18,0,8,0,0,0,0,1,1,6,1,-1,-1,2793,1,16,-1,-1,-1
201501KF60766,1,11,0,3,0,8,0,0,0,0,2,1,6,1,26,6,4500,2,4,-1,1,-1
201501KF60766,2,9,0,18,0,8,0,0,0,0,1,1,6,1,-1,-1,1896,2,7,-1,1,-1
201501KF60767,1,9,0,2,0,0,0,0,0,0,2,1,1,1,-1,-1,-1,-1,-1,-1,-1,-1
201501KF60767,2,9,0,18,0,0,0,4,0,0,1,1,6,1,-1,-1,2993,2,7,-1,-1,-1
201501KF60768,1,9,0,18,0,8,0,0,0,0,4,1,6,2,46,8,-1,-1,-1,-1,1,-1
201501KF60769,1,9,0,18,0,0,0,4,0,0,1,1,6,2,23,5,1598,1,5,-1,1,-1
201501KF60769,2,9,0,2,0,0,0,0,0,0,2,1,6,1,30,6,1968,2,8,-1,1,-1
201501KF60770,1,9,0,4,0,8,0,0,0,0,2,1,6,1,36,7,1997,2,6,-1,1,-1
201501KF60770,2,9,0,18,0,8,0,0,0,0,1,1,6,1,28,6,-1,-1,-1,-1,1,-1
201501KF60771,1,19,0,12,0,0,0,0,0,0,3,1,2,1,47,8,2402,2,12,-1,1,-1
201501KF60771,2,5,0,18,0,0,0,0,0,0,4,1,2,1,48,8,600,1,13,-1,1,-1
201501KF60773,1,9,0,4,0,2,0,0,0,0,2,1,6,1,42,7,998,1,11,-1,1,-1
201501KF60773,2,8,0,18,0,2,0,0,0,0,1,1,1,1,48,8,1686,2,3,-1,1,-1
201501KF60774,1,9,0,18,0,2,0,0,0,0,1,1,6,1,22,5,1598,2,2,-1,1,-1
201501KF60775,1,9,0,18,0,0,0,0,0,0,1,1,6,2,-1,-1,1968,2,6,-1,-1,-1
201501KF60776,1,3,0,18,0,0,0,0,0,0,1,1,6,1,40,7,125,1,1,-1,1,-1
201501KF60776,2,9,0,18,0,0,0,0,0,0,1,1,6,1,25,5,1995,2,6,-1,-1,-1
201501KF60777,1,11,0,18,0,0,0,0,0,0,1,1,1,1,40,7,9360,2,4,-1,1,-1
201501KF60778,1,9,0,9,0,8,0,0,0,0,0,1,6,1,36,7,1796,1,12,-1,1,-1
201501KF60778,2,5,0,18,0,1,1,0,0,0,0,1,6,1,25,5,600,1,1,-1,1,-1
201501KF60779,1,11,0,18,0,0,0,0,0,0,4,1,1,1,65,9,-1,-1,-1,-1,1,-1
201501KF60780,1,9,0,7,0,8,0,0,0,0,3,1,2,2,22,5,1598,1,10,-1,-1,-1
201501KF60780,2,11,0,18,0,8,0,0,0,0,1,1,1,1,29,6,6700,2,4,-1,1,-1
201501KF60781,1,9,0,18,0,0,0,0,0,0,4,1,6,3,-1,-1,-1,-1,-1,-1,-1,-1
201501KF60781,2,1,0,18,0,0,0,0,0,0,3,1,6,1,25,5,-1,-1,-1,-1,1,-1
201501KF60782,1,9,0,12,0,0,0,10,5,6,3,1,6,1,22,5,1989,1,16,-1,1,-1
201501KF60783,1,9,0,18,0,1,0,0,0,0,3,1,6,1,38,7,1753,2,7,-1,1,-1
201501KF60784,1,1,0,18,0,1,0,0,0,0,2,1,6,1,19,4,-1,-1,-1,-1,1,-1
201501KF60784,2,9,0,18,0,1,0,0,0,0,1,1,6,3,-1,-1,-1,-1,-1,-1,-1,-1
201501KF60785,1,9,0,9,0,8,0,0,0,0,1,1,6,1,42,7,1998,1,17,-1,1,-1
201501KF60785,2,9,0,9,0,8,0,0,0,0,3,1,6,1,46,8,-1,-1,-1,-1,1,-1
201501KF60786,1,5,0,18,0,0,0,0,0,0,1,1,2,1,33,6,599,1,7,-1,1,-1
201501KF60786,2,9,0,18,0,0,0,0,0,0,1,1,6,1,-1,-1,1900,1,15,-1,-1,-1
201501KF60787,1,19,0,11,0,0,0,0,0,0,4,1,6,1,43,7,2148,2,6,-1,1,-1
201501KF60787,2,9,0,18,0,0,0,0,0,0,3,1,6,1,26,6,1995,1,8,-1,1,-1
201501KF60788,1,9,0,18,0,1,0,0,0,0,1,1,6,2,34,6,2148,2,11,-1,1,-1
201501KF60788,2,1,0,18,0,1,0,0,0,0,2,1,6,2,38,7,-1,-1,-1,-1,1,-1
201501KF60789,1,9,0,18,0,0,0,0,0,0,4,1,6,1,23,5,1598,2,4,-1,1,-1
201501KF60789,2,11,0,12,0,0,0,0,0,0,3,1,1,1,-1,-1,13000,2,3,-1,-1,-1
201501KF60790,1,9,0,16,0,0,0,0,0,0,1,1,6,2,30,6,-1,-1,-1,-1,1,-1
201501KF60790,2,21,0,1,0,0,0,0,0,0,2,1,1,1,-1,-1,10308,2,3,-1,-1,-1
201501KF60792,1,9,0,18,0,1,0,0,0,0,1,1,6,1,44,7,1339,8,5,-1,1,-1
201501KF60793,1,9,0,18,0,0,0,0,0,0,2,1,6,1,61,9,1991,1,12,-1,1,-1
201501KF60793,2,9,0,18,0,0,0,0,0,0,1,1,6,1,-1,-1,-1,-1,-1,-1,-1,-1
201501KF60794,1,9,0,3,0,8,0,0,0,0,1,1,6,1,38,7,1686,2,4,-1,1,-1
201501KF60794,2,19,0,9,0,8,0,0,0,0,1,1,6,1,-1,-1,2299,2,1,-1,-1,-1
201501KF60795,1,9,0,18,0,0,0,0,0,0,2,1,6,1,33,6,1896,2,8,-1,1,-1
201501KF60795,2,9,0,11,0,0,0,0,0,0,1,1,6,1,39,7,1995,2,7,-1,1,-1
201501KF60797,1,9,0,9,0,0,0,0,0,0,3,1,2,2,21,5,1242,1,10,-1,1,-1
201501KF60797,2,19,0,13,0,0,0,0,0,0,1,1,1,1,-1,-1,2402,2,11,-1,1,-1
201501KF60798,1,19,0,18,0,1,0,0,0,0,1,1,6,3,-1,-1,-1,-1,-1,-1,-1,-1
201501KF60799,1,5,0,18,0,8,0,0,0,0,1,1,6,1,38,7,988,1,12,-1,1,-1
201501KF60799,2,9,0,7,0,8,0,0,0,0,3,1,6,2,35,6,1198,1,3,-1,1,-1
201501KF60803,1,3,0,18,0,8,0,0,0,0,1,1,6,1,26,6,1284,1,7,-1,1,-1
201501KF60803,2,9,0,9,0,8,0,0,0,0,3,1,6,1,35,6,1388,1,12,-1,1,-1
201501KF60804,1,9,0,4,0,0,0,0,0,0,1,1,3,2,38,7,1497,8,9,-1,1,-1
201501KF60804,2,1,0,5,0,0,0,0,0,0,3,1,4,1,11,3,-1,-1,-1,-1,1,-1
201501KF60806,1,11,0,4,0,8,0,0,0,0,0,1,1,1,57,9,7300,2,10,-1,1,-1
201501KF60806,2,9,0,11,0,8,0,0,0,0,0,1,6,3,-1,-1,-1,-1,-1,-1,-1,-1
201501KF60807,1,11,0,4,0,8,0,0,0,0,0,2,1,1,38,7,-1,-1,-1,-1,1,-1
201501KF60808,1,9,0,3,0,1,0,0,0,0,1,1,6,1,49,8,-1,-1,-1,-1,1,-1
201501KF60808,2,9,0,9,0,2,0,0,0,0,1,1,6,2,22,5,1995,2,5,-1,-1,-1
201501KF60809,1,9,0,17,0,8,0,0,1,0,3,1,2,1,19,4,1364,1,9,-1,1,-1
201501KF60809,2,21,0,17,0,8,0,0,0,0,1,1,1,1,61,9,11967,2,7,-1,1,-1
201501KF60810,1,9,0,4,0,0,0,0,0,0,2,1,2,2,46,8,1997,1,9,-1,1,-1
201501KF60810,2,5,0,4,0,0,0,0,0,0,1,1,2,1,34,6,599,1,3,-1,1,-1
201501KF60810,3,9,0,4,0,0,0,0,0,0,1,1,6,3,-1,-1,-1,-1,-1,-1,-1,-1
201501KF60811,1,4,0,18,0,0,0,10,5,6,3,1,6,1,-1,-1,-1,-1,-1,-1,1,-1
201501KF60812,1,8,0,3,0,8,0,0,0,0,2,1,1,1,38,7,1686,2,4,-1,1,-1
201501KF60812,2,9,0,18,0,8,0,0,0,0,1,1,6,1,-1,-1,1769,1,13,-1,-1,-1
201501KF60813,1,9,0,18,0,8,0,0,0,0,1,1,2,1,66,10,2987,2,9,-1,1,-1
201501KF60813,2,4,0,18,0,8,0,0,0,0,3,1,2,2,50,8,-1,-1,-1,-1,1,-1
201501KF60814,1,9,0,12,0,0,0,0,0,0,3,1,6,1,34,6,2435,1,15,-1,-1,-1
201501KF60814,2,5,0,15,0,0,0,0,0,0,4,1,1,1,39,7,998,1,10,-1,1,-1
201501KF60815,1,5,0,18,0,0,0,0,0,0,1,1,6,1,26,6,599,1,4,-1,1,-1
201501KF60816,1,11,0,18,0,1,0,0,0,0,1,1,1,1,59,9,-1,-1,-1,-1,-1,-1
201501KF60816,2,3,0,4,0,1,0,0,0,0,2,1,6,1,34,6,-1,-1,-1,-1,1,-1
201501KF60817,1,9,0,3,0,1,0,0,0,0,2,1,6,1,34,6,1590,1,11,-1,1,-1
201501KF60817,2,9,0,18,0,1,1,0,0,0,1,1,6,1,31,6,1360,1,10,-1,1,-1
201501KF60818,1,9,0,5,0,1,0,0,0,0,1,1,6,1,45,7,1796,1,16,-1,1,-1
201501KF60818,2,5,0,2,0,1,0,0,0,0,4,1,6,1,-1,-1,-1,-1,-1,-1,-1,-1
201501KF60819,1,9,0,2,0,0,0,0,0,0,3,1,6,1,57,9,1896,2,16,-1,-1,-1
201501KF60819,2,1,0,18,0,0,0,8,0,0,1,1,6,2,23,5,-1,-1,-1,-1,-1,-1
201501KF60820,1,19,0,2,0,0,0,0,0,0,3,1,1,1,35,6,2464,2,7,-1,1,-1
201501KF60820,2,1,0,18,0,0,0,8,0,0,1,1,6,2,50,8,-1,-1,-1,-1,1,-1
201501KF60821,1,19,0,1,0,0,0,0,0,0,2,1,6,1,41,7,-1,-1,-1,-1,1,-1
201501KF60821,2,4,0,3,0,0,0,0,0,0,1,1,6,1,44,7,-1,-1,-1,-1,1,-1
201501KF60824,1,19,0,9,0,8,0,0,0,0,1,1,6,1,37,7,1995,2,7,-1,1,-1
201501KF60826,1,11,0,4,0,8,0,0,0,0,0,1,1,2,36,7,-1,-1,-1,-1,-1,-1
201501KF60828,1,9,0,1,0,2,0,0,0,0,2,1,6,2,37,7,1360,1,15,-1,1,-1
201501KF60828,2,9,0,3,0,2,0,0,0,0,1,1,6,2,31,6,1968,2,5,-1,1,-1
201501KF60829,1,3,0,15,0,1,0,0,0,0,3,1,6,1,21,5,-1,-1,-1,-1,1,-1
201501KF60829,2,9,0,7,0,1,0,0,0,0,4,1,6,1,29,6,2979,1,-1,-1,-1,-1
201501KF60830,1,9,0,1,0,0,0,0,0,0,2,1,6,1,31,6,1339,8,3,-1,1,-1
201501KF60831,1,9,0,3,0,1,0,0,0,0,2,1,6,1,59,9,2295,1,18,-1,1,-1
201501KF60831,2,9,0,18,0,1,0,0,0,0,1,1,6,2,-1,-1,1242,1,4,-1,-1,-1
201501KF60832,1,9,0,9,0,8,0,0,0,0,3,1,6,1,22,5,2987,2,7,-1,1,-1
201501KF60832,2,1,0,18,0,8,0,0,0,0,1,1,6,1,-1,-1,-1,-1,-1,-1,1,-1
201501KF60835,1,9,0,18,0,8,0,0,0,0,1,1,6,2,24,5,998,1,10,-1,1,-1
201501KF60835,2,4,0,18,0,8,0,0,0,0,4,1,2,1,21,5,487,1,10,-1,1,-1
201501KF60836,1,11,0,4,0,1,0,0,0,0,0,1,1,1,23,5,4500,2,5,-1,1,-1
201501KF60837,1,9,0,18,0,1,0,0,0,0,1,1,6,3,-1,-1,-1,-1,-1,-1,-1,-1
201501KF60838,1,9,0,3,0,1,0,0,0,0,3,1,1,1,52,8,1995,2,1,-1,1,-1
201501KF60838,2,9,0,9,0,2,0,0,0,0,1,1,6,1,-1,-1,2997,1,14,-1,-1,-1
201501KF60839,1,5,0,18,0,8,0,0,0,0,1,1,1,1,44,7,599,1,12,-1,1,-1
201501KF60839,2,9,0,9,0,8,0,0,0,0,4,1,6,2,22,5,1197,1,2,-1,1,-1
201501KF60841,1,1,0,18,0,1,0,0,0,0,1,1,6,1,-1,-1,-1,-1,-1,-1,-1,-1
201501KF60842,1,9,0,3,0,1,0,0,0,0,2,1,6,1,34,6,1794,1,10,-1,1,-1
201501KF60842,2,9,0,18,0,1,0,0,0,0,1,1,6,1,-1,-1,1753,2,10,-1,-1,-1
201501KF60843,1,9,0,18,0,0,0,0,0,0,1,1,6,1,-1,-1,1386,1,11,-1,-1,-1
201501KF60843,2,9,0,3,0,0,0,0,0,0,2,1,6,2,26,6,1360,1,6,-1,1,-1
201501KF60845,1,9,0,9,0,8,0,0,0,0,1,1,6,1,37,7,1596,1,7,-1,1,-1
201501KF60846,1,8,0,9,0,2,0,0,0,0,1,1,6,1,44,7,1497,8,7,-1,1,-1
201501KF60847,1,9,0,18,0,0,0,0,0,0,1,1,6,1,25,5,2143,2,2,-1,1,-1
201501KF60848,1,9,0,4,0,1,0,0,0,0,1,1,6,2,21,5,998,1,14,-1,1,-1
201501KF60848,2,9,0,4,0,1,0,0,0,0,2,1,6,2,32,6,998,1,15,-1,1,-1
201501KF60851,1,9,0,18,0,0,0,0,0,0,1,1,6,1,54,8,2143,2,-1,-1,-1,-1
201501KF60851,2,11,0,3,0,0,0,0,0,0,1,1,6,1,59,9,-1,-1,-1,-1,-1,-1
201501KF60852,1,11,0,18,0,1,0,0,0,0,0,1,1,1,41,7,4500,2,1,-1,1,-1
201501KF60853,1,19,0,9,0,8,0,0,0,0,3,1,6,1,27,6,1998,2,10,-1,-1,-1
201501KF60853,2,5,0,13,0,8,0,0,0,0,1,1,6,1,51,8,660,1,-1,-1,-1,-1
201501KF60855,1,19,0,18,0,2,0,0,0,0,1,1,6,1,47,8,1248,2,11,-1,1,-1
201501KF60856,1,9,0,9,0,5,0,0,0,0,1,1,6,2,42,7,1796,1,8,-1,1,-1
201501KF60857,1,9,0,18,0,0,0,0,0,0,1,1,6,1,-1,-1,1560,2,5,-1,-1,-1
201501KF60858,1,19,0,18,0,0,0,0,0,0,4,1,1,1,41,7,2998,2,3,-1,1,-1
201501KF60859,1,9,0,10,0,1,0,0,0,0,2,1,6,2,24,5,1995,2,5,-1,1,-1
201501KF60859,2,9,0,18,0,1,0,0,0,0,1,1,6,1,-1,-1,2143,2,6,-1,-1,-1
201501KF60860,1,5,0,17,0,8,0,0,0,0,0,1,6,1,46,8,847,1,-1,-1,1,-1
201501KF60861,1,9,0,10,0,8,0,0,0,0,3,1,6,1,38,7,2188,2,12,-1,1,-1
201501KF60861,2,9,0,7,0,8,0,0,0,0,1,1,6,1,36,7,2982,2,2,-1,-1,-1
201501KF60862,1,9,0,9,0,8,0,0,0,0,4,1,6,1,29,6,1999,1,10,-1,1,-1
201501KF60862,2,3,0,18,0,8,1,0,0,0,1,1,6,1,24,5,124,1,3,-1,1,-1
201501KF60862,3,9,0,18,0,1,0,0,0,0,3,1,6,1,45,7,998,1,13,-1,1,-1
201501KF60863,1,9,0,18,0,8,0,0,0,0,1,1,6,1,25,5,1595,1,6,-1,1,-1
201501KF60863,2,3,0,18,0,8,0,0,0,0,3,1,6,1,28,6,125,1,4,-1,-1,-1
201501KF60864,1,3,0,18,0,0,0,0,0,0,1,1,6,3,-1,-1,-1,-1,-1,-1,-1,-1
201501KF60865,1,9,0,3,0,0,0,0,0,0,2,1,6,2,25,5,998,1,11,-1,-1,-1
201501KF60865,2,9,0,4,0,0,0,0,0,0,1,1,6,3,-1,-1,1596,1,7,-1,-1,-1
201501KF60866,1,1,0,18,0,1,0,0,0,0,3,1,2,1,32,6,-1,-1,-1,-1,1,-1
201501KF60866,2,9,0,7,0,5,0,0,0,0,4,1,6,2,40,7,1968,2,8,-1,-1,-1
201501KF60867,1,9,0,1,0,0,0,0,0,0,2,1,6,1,-1,-1,2494,1,17,-1,-1,-1
201501KF60868,1,9,0,18,0,2,0,0,0,0,1,1,6,1,45,7,1497,1,15,-1,1,-1
201501KF60869,1,5,0,18,0,1,0,0,0,0,1,1,6,1,-1,-1,-1,-1,-1,-1,-1,-1
201501KF60870,1,9,0,7,0,8,0,0,0,0,1,1,6,1,37,7,-1,-1,-1,-1,1,-1
201501KF60870,2,1,0,18,0,8,0,0,0,0,4,1,6,1,42,7,-1,-1,-1,-1,1,-1
201501KF60871,1,3,0,3,0,0,0,0,0,0,2,1,6,1,29,6,124,1,3,-1,1,-1
201501KF60871,2,21,0,18,0,0,0,0,0,0,1,1,6,3,-1,-1,-1,-1,-1,-1,-1,-1
201501KF60872,1,3,0,18,0,8,0,0,0,0,1,1,6,1,38,7,108,1,7,-1,1,-1
201501KF60872,2,9,0,9,0,8,0,0,0,0,4,1,6,1,22,5,1242,1,2,-1,1,-1
201501KF60873,1,8,0,9,0,8,0,0,0,0,1,1,1,1,58,9,1497,8,6,-1,1,-1
201501KF60873,2,1,0,18,0,8,0,0,0,0,4,1,6,2,33,6,-1,-1,-1,-1,1,-1
201501KF60874,1,9,0,3,0,1,0,0,0,0,2,1,1,2,26,6,1968,2,1,-1,1,-1
201501KF60874,2,9,0,18,0,1,0,0,0,0,1,1,6,1,-1,-1,-1,-1,-1,-1,-1,-1
201501KF60875,1,9,0,18,0,1,0,0,0,0,3,1,6,1,41,7,2143,2,3,-1,1,-1
201501KF60875,2,9,0,18,0,1,0,0,0,0,4,1,6,3,-1,-1,2179,2,4,-1,-1,-1
201501KF60876,1,9,0,3,0,1,0,0,0,0,1,1,2,1,41,7,1995,2,7,-1,1,-1
201501KF60876,2,9,0,1,0,1,0,0,0,0,2,1,6,1,-1,-1,-1,-1,-1,-1,-1,-1
201501KF60877,1,9,0,18,0,0,0,0,0,0,1,1,6,1,29,6,1461,2,1,-1,1,-1
201501KF60878,1,19,0,5,0,0,0,0,0,0,3,1,6,1,68,10,-1,-1,-1,-1,1,-1
201501KF60878,2,3,0,18,0,0,0,0,0,0,4,1,6,1,30,6,-1,-1,-1,-1,1,-1
201501KF60879,1,9,0,18,0,8,0,0,0,0,4,1,6,1,50,8,1997,2,8,-1,1,-1
201501KF60879,2,9,0,18,0,8,0,0,0,0,1,1,6,1,32,6,1984,1,12,-1,-1,-1
201501KF60880,1,9,0,18,0,8,0,0,0,0,3,1,6,1,24,5,1968,2,10,-1,-1,-1