Accident_Index,Vehicle_Reference,Vehicle_Type,Towing_and_Articulation,Vehicle_Manoeuvre,Vehicle_Location-Restricted_Lane,Junction_Location,Skidding_and_Overturning,Hit_Object_in_Carriageway,Vehicle_Leaving_Carriageway,Hit_Object_off_Carriageway,1st_Point_of_Impact,Was_Vehicle_Left_Hand_Drive?,Journey_Purpose_of_Driver,Sex_of_Driver,Age_of_Driver,Age_Band_of_Driver,Engine_Capacity_(CC),Propulsion_Code,Age_of_Vehicle,Driver_IMD_Decile,Driver_Home_Area_Type,Vehicle_IMD_Decile
201501KF60880,2,9,0,18,0,8,0,0,0,0,1,1,6,1,43,7,1598,1,5,-1,1,-1
201501KF60881,1,9,0,18,0,0,0,0,0,0,1,1,6,3,-1,-1,-1,-1,-1,-1,-1,-1
201501KF60882,1,9,0,18,0,0,0,0,0,0,1,1,6,2,24,5,1596,1,-1,-1,1,-1
201501KF60882,2,3,0,18,0,0,0,0,0,0,2,1,6,1,29,6,124,1,-1,-1,1,-1
201501KF60884,1,11,0,18,0,0,0,0,0,0,4,1,1,1,-1,-1,-1,-1,-1,-1,-1,-1
201501KF60886,1,9,0,18,0,1,0,0,0,0,1,1,6,1,25,5,2993,2,11,-1,1,-1
201501KF60886,2,9,0,5,0,2,0,0,0,0,1,1,6,2,41,7,1086,1,9,-1,1,-1
201501KF60887,1,9,0,18,0,8,0,0,0,0,1,1,6,2,29,6,998,1,15,-1,1,-1
201501KF60887,2,9,0,9,0,8,0,0,0,0,4,1,6,1,31,6,1596,1,14,-1,1,-1
201501KF60888,1,9,0,4,0,2,0,0,0,0,2,1,6,2,36,7,1596,1,4,-1,1,-1
201501KF60888,2,9,0,18,0,2,0,0,0,0,1,1,6,2,-1,-1,1689,2,13,-1,-1,-1
201501KF60889,1,8,0,16,0,8,0,0,0,0,4,1,6,1,31,6,1798,8,3,-1,1,-1
201501KF60889,2,8,0,18,0,8,0,0,0,0,1,1,1,1,41,7,1956,2,4,-1,1,-1
201501KF60890,1,9,0,18,0,0,0,0,0,0,3,1,6,1,38,7,2926,2,12,-1,1,-1
201501KF60890,2,9,0,11,0,0,0,0,0,0,4,1,6,3,-1,-1,2143,2,1,-1,-1,-1
201501KF60891,1,9,0,4,0,0,0,0,0,0,2,1,2,2,37,7,1769,1,10,-1,1,-1
201501KF60891,2,9,0,18,0,0,0,0,0,0,1,1,6,1,-1,-1,1598,1,15,-1,-1,-1
201501KF60892,1,9,0,18,0,8,0,0,0,0,1,1,6,2,77,11,998,1,8,-1,1,-1
201501KF60892,2,19,0,9,0,8,0,0,0,0,3,1,1,1,66,10,1753,2,6,-1,1,-1
201501KF60893,1,8,0,4,0,0,0,0,0,0,2,1,6,1,47,8,2499,2,8,-1,1,-1
201501KF60893,2,19,0,18,0,0,0,0,0,0,1,1,6,1,29,6,2143,2,2,-1,1,-1
201501KF60894,1,9,0,9,0,8,0,0,0,0,4,1,6,1,-1,-1,-1,-1,-1,-1,-1,-1
201501KF60894,2,4,0,18,0,8,0,0,0,0,1,1,6,1,25,5,-1,-1,-1,-1,1,-1
201501KF60895,1,9,0,18,0,0,0,0,0,0,1,1,6,1,39,7,-1,-1,-1,-1,1,-1
201501KF60896,1,3,0,18,0,0,0,0,0,0,0,1,6,1,39,7,125,1,8,-1,-1,-1
201501KF60896,2,3,0,18,0,0,0,0,0,0,0,1,6,1,39,7,124,1,2,-1,1,-1
201501KF60897,1,9,0,18,0,8,0,0,0,0,4,1,6,1,-1,-1,-1,-1,-1,-1,-1,-1
201501KF60898,1,9,0,18,0,0,0,0,0,0,1,1,6,3,-1,-1,-1,-1,-1,-1,-1,-1
201501KF60899,1,9,0,18,0,1,0,0,0,0,3,1,2,2,55,8,998,1,14,-1,1,-1
201501KF60900,1,9,0,3,0,1,0,0,0,0,2,1,6,1,53,8,1368,1,6,-1,1,-1
201501KF60900,2,9,0,18,0,1,0,0,0,0,1,1,6,3,-1,-1,-1,-1,-1,-1,-1,-1
201501KF60901,1,19,0,18,0,0,0,0,0,0,3,1,6,1,24,5,1461,2,3,-1,1,-1
201501KF60901,2,3,0,18,0,0,0,0,0,0,4,1,6,1,30,6,125,1,1,-1,1,-1
201501KF60902,1,5,0,18,0,8,1,9,0,0,1,1,6,1,39,7,-1,-1,-1,-1,1,-1
201501KF60903,1,9,0,9,0,2,0,0,0,0,3,1,6,1,20,4,1995,2,3,-1,-1,-1
201501KF60904,1,9,0,1,0,8,0,0,0,0,2,1,6,2,54,8,1200,1,-1,-1,1,-1
201501KF60905,1,9,0,2,0,0,0,0,0,0,3,1,1,1,-1,-1,-1,-1,-1,-1,-1,-1
201501KF60905,2,3,0,18,0,0,0,8,0,0,1,1,6,1,26,6,124,1,4,-1,1,-1
201501KF60906,1,9,0,18,0,8,1,0,0,0,4,1,6,1,18,4,1598,1,11,-1,1,-1
201501KF60906,2,9,0,3,0,8,0,0,0,0,1,1,6,2,21,5,-1,-1,-1,-1,1,-1
201501KF60907,1,9,0,18,0,8,0,0,0,0,1,1,6,1,34,6,1248,2,7,-1,1,-1
201501KF60907,2,9,0,7,0,8,0,0,0,0,3,1,6,1,-1,-1,1242,1,4,-1,-1,-1
201501KF60908,1,9,0,7,0,8,0,0,0,0,4,1,6,1,34,6,-1,-1,-1,-1,1,-1
201501KF60910,1,9,0,9,0,2,0,0,0,0,1,1,6,1,21,5,1461,2,-1,-1,1,-1
201501KF60912,1,9,0,4,0,8,0,0,0,0,2,1,6,1,31,6,2143,2,-1,-1,1,-1
201501KF60912,2,9,0,18,0,8,0,0,0,0,1,1,6,1,-1,-1,-1,-1,-1,-1,-1,-1
201501KF60914,1,9,0,7,0,1,0,0,0,0,1,1,6,1,31,6,-1,-1,-1,-1,1,-1
201501KF60914,2,9,0,18,0,1,0,0,0,0,4,1,6,2,44,7,1587,1,12,-1,1,-1
201501KF60915,1,8,0,9,0,8,0,0,0,0,4,1,1,1,59,9,1968,2,6,-1,1,-1
201501KF60915,2,9,0,18,0,8,0,0,0,0,1,1,6,1,45,7,1598,1,2,-1,1,-1
201501KF60916,1,9,0,18,0,8,0,0,0,0,1,1,6,1,38,7,2496,2,13,-1,1,-1
201501KF60916,2,9,0,9,0,8,0,0,0,0,3,1,6,1,55,8,-1,-1,-1,-1,1,-1
201501KF60917,1,11,0,3,0,0,0,0,0,0,3,1,1,1,51,8,9360,2,4,-1,1,-1
201501KF60917,2,9,0,14,0,0,0,4,0,0,4,1,1,1,43,7,1797,8,3,-1,1,-1
201501KF60917,3,9,0,12,0,0,0,0,0,0,3,1,2,2,33,6,1598,1,8,-1,1,-1
201501KF60918,1,3,0,18,0,8,0,0,0,0,1,1,6,1,21,5,125,1,-1,-1,1,-1
201501KF60918,2,9,0,7,0,8,0,0,0,0,3,1,6,1,36,7,1598,1,16,-1,1,-1
201501KF60919,1,9,0,18,0,0,0,0,0,0,1,1,6,1,43,7,1797,8,6,-1,1,-1
201501KF60920,1,3,0,18,0,8,0,0,0,0,3,1,6,1,62,9,689,1,1,-1,1,-1
201501KF60920,2,9,0,15,0,8,0,0,0,0,4,1,6,1,-1,-1,-1,-1,-1,-1,-1,-1
201501KF60921,1,9,0,18,0,8,0,0,0,0,3,1,2,2,38,7,1461,2,7,-1,1,-1
201501KF60921,2,9,0,9,0,8,0,0,0,0,1,1,6,1,-1,-1,1896,2,12,-1,-1,-1
201501KF60922,1,9,0,3,0,0,0,0,0,0,1,1,6,1,36,7,1598,1,13,-1,1,-1
201501KF60922,2,19,0,1,0,0,0,0,0,0,2,1,1,1,-1,-1,-1,-1,-1,-1,-1,-1
201501KF60923,1,9,0,11,0,0,0,0,0,0,4,1,6,1,24,5,1895,1,16,-1,1,-1
201501KF60923,2,9,0,18,0,0,0,0,0,0,3,1,6,1,24,5,1596,1,7,-1,1,-1
201501KF60924,1,1,0,18,0,8,0,0,0,0,3,1,2,2,47,8,-1,-1,-1,-1,1,-1
201501KF60924,2,9,0,9,0,8,0,0,0,0,1,1,6,1,-1,-1,6208,1,3,-1,-1,-1
201501KF60925,1,3,0,18,0,8,0,0,0,0,1,1,6,1,35,6,125,1,13,-1,1,-1
201501KF60925,2,9,0,18,0,8,0,0,0,0,3,1,6,2,90,11,996,1,2,-1,1,-1
201501KF60927,1,1,0,17,0,8,0,0,0,0,2,1,2,1,-1,-1,-1,-1,-1,-1,-1,-1
201501KF60927,2,9,0,17,0,8,0,0,0,0,1,1,6,1,45,7,2902,2,10,-1,1,-1
201501KF60929,1,9,0,9,0,8,0,0,0,0,1,1,6,1,22,5,1995,2,11,-1,1,-1
201501KF60929,2,9,0,18,0,8,0,0,0,0,1,1,6,1,27,6,-1,-1,-1,-1,1,-1
201501KF60930,1,5,0,13,0,8,0,0,0,0,4,1,6,1,52,8,998,1,7,-1,1,-1
201501KF60930,2,9,0,9,0,8,0,0,0,0,3,1,6,1,48,8,1686,2,2,-1,1,-1
201501KF60931,1,9,0,9,0,8,0,0,0,0,4,1,6,1,25,5,999,1,-1,-1,1,-1
201501KF60931,2,1,0,18,0,8,0,0,0,0,1,1,6,1,27,6,-1,-1,-1,-1,1,-1
201501KF60932,1,9,0,9,0,8,0,0,0,0,1,1,6,1,19,4,1596,1,12,-1,1,-1
201501KF60932,2,9,0,18,0,8,0,0,0,0,1,1,6,1,23,5,1968,2,3,-1,1,-1
201501KF60933,1,9,0,18,0,8,0,0,0,0,1,1,6,1,25,5,1339,8,1,-1,1,-1
201501KF60933,2,9,0,9,0,8,0,0,0,0,1,1,6,1,25,5,1998,2,10,-1,1,-1
201501KF60934,1,3,0,17,0,8,0,0,0,0,3,1,6,1,28,6,125,1,-1,-1,1,-1
201501KF60934,2,9,0,9,0,8,0,0,0,0,1,1,6,3,-1,-1,-1,-1,-1,-1,-1,-1
201501KF60935,1,9,0,18,0,1,0,0,0,0,1,1,6,1,28,6,1596,1,13,-1,1,-1
201501KF60936,1,9,0,10,0,1,0,0,0,0,2,1,6,1,56,9,998,1,4,-1,1,-1
201501KF60936,2,9,0,18,0,1,0,0,0,0,1,1,6,3,-1,-1,-1,-1,-1,-1,-1,-1
201501KF60937,1,9,0,18,0,1,0,0,0,0,3,1,6,1,22,5,1781,1,11,-1,1,-1
201501KF60937,2,9,0,7,0,5,0,0,0,0,4,1,6,1,24,5,1998,2,10,-1,1,-1
201501KF60939,1,2,0,18,0,8,0,0,0,0,1,1,6,1,29,6,125,1,4,-1,1,-1
201501KF60939,2,9,0,9,0,8,0,0,0,0,3,1,6,1,52,8,1769,1,14,-1,1,-1
201501KF60940,1,9,0,18,0,8,0,0,0,0,1,1,6,1,38,7,1998,1,13,-1,1,-1
201501KF60940,2,9,0,9,0,8,0,0,0,0,3,1,6,1,29,6,1596,1,14,-1,1,-1
201501KF60941,1,1,0,18,0,1,0,0,0,0,2,1,6,2,26,6,-1,-1,-1,-1,1,-1
201501KF60941,2,19,0,18,0,1,0,0,0,0,1,1,6,1,45,7,2298,2,-1,-1,-1,-1
201501KF60943,1,9,0,9,0,8,0,0,0,0,3,1,6,1,42,7,-1,-1,-1,-1,1,-1
201501KF60943,2,3,0,13,0,8,0,0,0,0,1,1,6,1,39,7,108,1,6,-1,1,-1
201501KF60944,1,9,0,14,0,1,0,0,0,0,1,1,6,2,23,5,1796,2,3,-1,1,-1
201501KF60945,1,5,0,14,0,0,0,0,0,0,3,1,6,1,60,9,955,1,13,-1,1,-1
201501KF60945,2,9,0,5,0,0,0,0,0,0,3,1,6,2,43,7,2720,2,10,-1,1,-1
201501KF60946,1,8,0,18,0,1,0,0,0,0,1,1,1,1,28,6,1798,8,3,-1,-1,-1
201501KF60946,2,9,0,10,0,1,0,0,0,0,2,1,2,1,22,5,1149,1,12,-1,1,-1
201501KF60947,1,9,0,18,0,1,0,0,0,0,1,1,6,3,-1,-1,-1,-1,-1,-1,-1,-1
201501KF60948,1,9,0,18,0,2,0,0,0,0,1,1,6,1,38,7,2327,1,15,-1,1,-1
201501KF60949,1,11,0,18,0,0,0,0,0,0,1,1,1,2,48,8,6700,2,3,-1,1,-1
201501KF60949,2,21,0,3,0,0,0,0,0,0,2,1,1,1,57,9,-1,-1,-1,-1,1,-1
201501KF60950,1,9,0,18,0,8,0,0,0,0,1,1,6,2,35,6,1598,1,3,-1,1,-1
201501KF60950,2,9,0,9,0,8,0,0,0,0,4,1,6,1,43,7,2254,1,15,-1,1,-1
201501KF60951,1,9,0,18,0,8,0,0,0,0,4,1,6,2,42,7,1390,1,11,-1,1,-1
201501KF60951,2,9,0,18,0,8,0,0,0,0,1,1,6,1,22,5,1339,1,6,-1,1,-1
201501KF60952,1,9,0,18,0,2,0,4,0,0,1,1,6,1,19,4,3200,1,10,-1,1,-1
201501KF60952,2,9,0,2,0,1,0,0,0,0,1,1,6,1,-1,-1,1398,1,4,-1,1,-1
201501KF60953,1,9,0,18,0,0,0,0,0,0,1,1,6,1,-1,-1,-1,-1,-1,-1,-1,-1
201501KF60954,1,8,0,18,0,0,0,0,0,0,2,1,1,1,43,7,1896,2,6,-1,1,-1
201501KF60954,2,9,0,18,0,0,0,0,0,0,1,1,6,1,-1,-1,1396,1,12,-1,-1,-1
201501KF60955,1,9,0,5,0,0,0,0,0,0,1,1,6,1,28,6,1995,2,8,-1,1,-1
201501KF60955,2,3,0,18,0,0,0,0,0,0,1,1,6,1,22,5,-1,-1,-1,-1,1,-1
201501KF60956,1,9,0,18,0,1,0,0,0,0,1,1,6,2,22,5,1995,2,9,-1,1,-1
201501KF60957,1,9,0,18,0,1,0,0,0,0,1,1,6,1,18,4,1598,1,10,-1,1,-1
201501KF60957,2,3,0,18,0,2,0,0,0,0,1,1,1,1,27,6,125,1,9,-1,1,-1
201501KF60958,1,9,0,18,0,0,0,0,0,0,3,1,6,1,58,9,2987,2,-1,-1,-1,-1
201501KF60958,2,9,0,11,0,0,0,0,0,0,4,1,6,3,-1,-1,-1,-1,-1,-1,-1,-1
201501KF60959,1,1,0,18,4,0,0,0,0,0,1,1,6,1,54,8,-1,-1,-1,-1,1,-1
201501KF60960,1,9,0,18,0,0,0,10,5,6,1,1,6,1,27,6,1994,1,15,-1,1,-1
201501KF60961,1,9,0,17,0,8,0,0,0,0,4,1,3,2,43,7,1995,2,11,-1,1,-1
201501KF60961,2,9,0,17,0,8,0,0,0,0,3,1,6,1,-1,-1,2231,2,8,-1,-1,-1
201501KF60962,1,9,0,3,0,0,0,0,0,0,2,1,6,1,28,6,-1,-1,-1,-1,1,-1
201501KF60962,2,9,0,18,0,0,0,0,0,0,1,1,6,1,40,7,-1,-1,-1,-1,-1,-1
201501KF60963,1,9,0,18,0,8,0,0,0,0,4,1,6,1,41,7,1598,1,11,-1,1,-1
201501KF60963,2,9,0,18,0,8,0,0,0,0,1,1,6,3,-1,-1,-1,-1,-1,-1,-1,-1
201501KF60964,1,19,0,3,0,0,0,0,0,0,2,1,1,1,44,7,2198,2,3,-1,1,-1
201501KF60964,2,9,0,4,0,0,0,0,0,0,2,1,6,1,55,8,998,1,2,-1,1,-1
201501KF60964,3,9,0,18,0,0,0,0,0,0,1,1,6,1,20,4,1461,2,10,-1,1,-1
201501KF60965,1,11,0,18,0,0,0,0,0,0,3,1,1,1,58,9,-1,-1,-1,-1,-1,-1
201501KF60965,2,9,0,6,0,0,0,0,0,0,4,1,6,1,-1,-1,-1,-1,-1,-1,-1,-1
201501KF60966,1,9,0,7,0,2,0,0,0,0,0,1,2,1,25,5,1995,1,8,-1,1,-1
201501KF60966,2,9,0,18,0,1,0,4,0,0,1,1,6,1,21,5,999,1,1,-1,1,-1
201501KF60966,3,9,0,2,0,1,0,0,0,0,2,1,6,3,-1,-1,-1,-1,-1,-1,-1,-1
201501KF60968,1,8,0,4,0,1,0,0,0,0,2,1,1,1,41,7,-1,-1,-1,-1,1,-1
201501KF60968,2,9,0,18,0,1,0,0,0,0,1,1,6,1,-1,-1,1388,1,12,-1,-1,-1
201501KF60969,1,9,0,4,0,0,0,0,0,0,1,1,6,2,42,7,2497,1,6,-1,1,-1
201501KF60969,2,9,0,4,0,0,0,0,0,0,1,1,6,1,19,4,1388,1,8,-1,1,-1
201501KF60969,3,9,0,4,0,0,0,0,0,0,1,1,6,1,34,6,1598,1,8,-1,1,-1
201501KF60969,4,9,0,4,0,0,0,0,0,0,2,1,6,1,24,5,1339,1,4,-1,-1,-1
201501KF60970,1,9,0,9,0,2,0,0,0,0,1,1,6,3,-1,-1,-1,-1,-1,-1,-1,-1
201501KF60971,1,9,0,18,9,0,0,10,1,0,1,1,6,1,-1,-1,1795,1,12,-1,-1,-1
201501KF60973,1,3,0,3,0,1,0,0,0,0,4,1,6,1,36,7,125,1,-1,-1,1,-1
201501KF60973,2,9,0,5,0,1,0,0,0,0,3,1,6,3,-1,-1,-1,-1,-1,-1,-1,-1
201501KF60974,1,9,0,18,0,1,0,0,0,0,1,1,6,3,-1,-1,-1,-1,-1,-1,-1,-1
201501KF60975,1,8,0,14,0,0,0,0,0,0,2,1,6,1,54,8,1598,1,3,-1,1,-1
201501KF60975,2,9,0,12,0,0,0,0,0,0,1,1,6,2,-1,-1,1596,1,4,-1,1,-1
201501KF60976,1,9,0,18,2,2,0,0,0,0,1,1,6,2,43,7,1461,2,1,-1,1,-1
201501KF60977,1,3,0,18,0,0,0,0,0,0,1,1,1,1,19,4,108,1,7,-1,1,-1
201501KF60977,2,9,0,18,0,0,0,0,0,0,1,1,6,1,45,7,1598,1,10,-1,1,-1
201501KF60978,1,9,0,18,0,2,0,0,0,0,3,1,6,3,-1,-1,-1,-1,-1,-1,-1,-1
201501KF60979,1,9,0,1,0,0,0,0,0,0,3,1,6,1,56,9,1242,1,1,-1,1,-1
201501KF60980,1,3,0,18,0,0,0,4,0,0,1,1,6,3,-1,-1,125,1,3,-1,-1,-1
201501KF60980,2,9,0,2,0,0,0,0,0,0,3,1,6,1,39,7,1997,2,6,-1,1,-1
201501KF60981,1,9,0,12,0,0,0,0,0,0,3,1,2,1,41,7,2401,2,9,-1,1,-1
201501KF60981,2,3,0,18,0,0,0,0,0,0,4,1,2,1,33,6,108,1,-1,-1,1,-1
201501KF60982,1,19,0,18,0,1,0,0,0,0,1,1,1,1,35,6,2998,2,-1,-1,1,-1
201501KF60982,2,19,0,18,0,1,0,0,0,0,2,1,1,1,-1,-1,1560,2,-1,-1,-1,-1
201501KF60983,1,9,0,14,0,0,0,0,0,0,1,1,6,2,34,6,1598,1,2,-1,1,-1
201501KF60985,1,9,0,18,0,2,0,0,0,0,4,1,6,1,36,7,1598,1,7,-1,1,-1
201501KF60986,1,11,0,4,0,0,0,0,0,0,4,1,1,1,-1,-1,-1,-1,-1,-1,-1,-1
201501KF60988,1,9,0,11,2,0,0,0,0,0,4,1,2,2,22,5,1995,2,9,-1,1,-1
201501KF60988,2,11,0,18,2,0,0,0,0,0,3,1,1,1,-1,-1,-1,-1,-1,-1,-1,-1
201501KF60991,1,9,0,18,0,1,0,0,0,0,1,1,6,3,-1,-1,-1,-1,-1,-1,-1,-1
201501KF60992,1,21,0,17,0,8,0,0,0,0,1,1,1,1,-1,-1,10837,2,1,-1,1,-1
201501KF60992,2,9,0,11,0,8,0,0,0,0,4,1,2,2,35,6,1422,2,11,-1,1,-1
201501KF60994,1,9,0,3,0,1,0,0,0,0,2,1,6,2,32,6,1364,1,6,-1,1,-1
201501KF60994,2,9,0,18,0,1,0,0,0,0,1,1,6,1,-1,-1,-1,-1,-1,-1,-1,-1
201501KF60995,1,3,0,4,0,0,0,0,0,0,2,1,2,1,27,6,125,1,-1,-1,1,-1
201501KF60995,2,9,0,18,0,0,0,0,0,0,1,1,6,1,30,6,-1,-1,-1,-1,-1,-1
201501KF60996,1,9,0,2,0,0,0,0,0,0,3,1,3,1,31,6,1796,1,4,-1,1,-1
201501KF60996,2,9,0,18,0,0,0,8,0,0,1,1,6,2,-1,-1,1348,1,13,-1,-1,-1
201501KF60998,1,9,0,5,0,8,0,0,0,0,1,1,1,1,48,8,1497,8,7,-1,1,-1
201501KF60999,1,9,0,4,0,0,0,0,0,0,2,1,6,1,50,8,1769,1,10,-1,1,-1
201501KF60999,2,19,0,18,0,0,0,0,0,0,1,1,6,3,-1,-1,-1,-1,-1,-1,-1,-1
201501KF61000,1,9,0,14,0,8,0,0,0,0,1,1,6,2,53,8,1986,2,9,-1,1,-1
201501KF61000,2,9,0,2,0,8,0,0,0,0,0,1,6,1,37,7,-1,-1,-1,-1,1,-1
201501KF61001,1,9,0,13,0,0,0,0,0,0,4,1,6,1,23,5,1560,2,7,-1,1,-1
201501KF61001,2,1,0,18,0,0,0,0,0,0,3,1,6,1,39,7,-1,-1,-1,-1,1,-1
201501KF61004,1,9,0,18,0,2,0,0,0,0,2,1,6,2,33,6,2148,2,7,-1,1,-1
201501KF61004,2,9,0,18,0,2,0,0,0,0,1,1,6,1,-1,-1,1995,2,8,-1,-1,-1
201501KF61006,1,9,0,18,0,0,0,0,0,0,4,1,6,2,23,5,1398,1,4,-1,1,-1
201501KF61006,2,9,0,15,2,0,0,0,0,0,3,1,6,3,-1,-1,-1,-1,-1,-1,-1,-1
201501KF61011,1,3,0,9,0,8,0,0,0,0,3,1,6,1,21,5,-1,-1,-1,-1,1,-1
201501KF61011,2,9,0,18,0,8,0,0,0,0,4,1,6,1,27,6,-1,-1,-1,-1,1,-1
201501KF61012,1,9,0,18,0,0,0,0,0,0,2,1,6,2,28,6,999,1,6,-1,-1,-1
201501KF61012,2,9,0,18,0,0,0,0,0,0,1,1,6,1,25,5,1390,1,6,-1,1,-1
201501KF69002,1,1,0,18,0,1,0,0,0,0,3,1,6,1,28,6,-1,-1,-1,-1,1,-1
201501KF69002,2,9,0,7,0,5,0,0,0,0,4,1,6,3,-1,-1,-1,-1,-1,-1,-1,-1
201501KF69003,1,9,0,9,0,8,0,0,0,0,4,1,6,1,64,9,1598,1,15,-1,1,-1
201501KF69003,2,9,0,18,0,8,0,0,0,0,1,1,6,1,35,6,1997,2,4,-1,1,-1
201501KF69004,1,3,0,18,0,2,0,0,0,0,1,1,6,1,-1,-1,108,1,2,-1,-1,-1
201501KF69006,1,3,0,18,0,0,0,0,0,0,4,1,6,1,40,7,124,1,3,-1,1,-1
201501KF69006,2,9,0,5,0,0,0,0,0,0,3,1,6,2,36,7,1796,1,12,-1,1,-1
201501KF69008,1,9,0,5,0,0,0,0,0,0,1,1,6,1,45,7,1598,1,9,-1,1,-1
201501KF69008,2,9,0,18,0,0,0,0,0,0,1,1,6,1,24,5,-1,-1,-1,-1,1,-1
201501KF69011,1,9,0,9,0,8,0,0,0,0,3,1,6,2,50,8,1598,1,18,-1,1,-1
201501KF69011,2,9,0,18,0,8,0,0,0,0,1,1,6,1,49,8,1797,8,4,-1,1,-1
201501KF69014,1,9,0,18,0,0,0,4,0,0,1,1,6,1,26,6,2979,1,1,-1,1,-1
201501KF69014,2,19,0,2,0,0,0,0,0,0,3,1,6,1,78,11,4250,2,7,-1,1,-1
201501KF69016,1,9,0,11,2,1,0,0,0,0,4,1,6,1,27,6,1398,1,-1,-1,1,-1
201501KF69016,2,3,0,18,2,1,0,0,0,0,3,1,6,1,28,6,998,1,7,-1,1,-1
201501KF69017,1,9,0,18,0,2,0,0,0,0,2,1,6,3,-1,-1,1595,1,16,-1,-1,-1
201501KF69017,2,11,0,18,0,1,0,0,0,0,3,1,1,1,29,6,4500,2,1,-1,1,-1
201501KF69017,3,9,0,18,0,2,0,0,0,0,1,1,6,3,-1,-1,1796,1,11,-1,-1,-1
201501KF69018,1,9,0,9,0,8,0,0,0,0,1,1,6,1,39,7,1984,2,6,-1,1,-1
201501KF69022,1,9,0,18,0,0,0,0,0,0,1,1,6,1,-1,-1,2830,2,22,-1,-1,-1
201501KF69025,1,1,0,14,0,0,0,8,0,0,1,1,2,1,48,8,-1,-1,-1,-1,1,-1
201501KF69025,2,9,0,3,0,0,0,0,0,0,3,1,6,2,-1,-1,-1,-1,-1,-1,-1,-1
201501KF69030,1,9,0,18,0,0,0,0,0,0,1,1,6,1,31,6,-1,-1,-1,-1,1,-1
201501KF69030,2,9,0,18,0,0,0,0,0,0,1,1,6,2,26,6,-1,-1,-1,-1,1,-1
201501KF69034,1,1,0,18,0,0,0,0,0,0,3,1,6,1,58,9,-1,-1,-1,-1,1,-1
201501KF69034,2,3,0,13,0,0,0,0,0,0,4,1,6,1,-1,-1,124,1,4,-1,1,-1
201501KF69035,1,9,0,9,0,8,0,10,7,1,1,1,6,1,43,7,1596,1,19,-1,1,-1
201501KF69035,2,9,0,5,0,8,0,0,0,0,1,1,6,2,44,7,1598,1,10,-1,1,-1
201501KF69045,1,8,0,12,0,0,0,0,0,0,3,1,6,1,34,6,1560,2,3,-1,1,-1
201501KF69045,2,9,0,18,0,0,0,0,0,0,4,1,6,1,22,5,-1,-1,-1,-1,1,-1
201501KF69062,1,9,0,9,9,2,0,10,1,10,1,1,6,2,25,5,973,1,14,-1,1,-1
201501KF69070,1,9,0,1,0,0,0,0,0,0,2,1,6,1,18,4,1461,2,1,-1,-1,-1
201501KF69071,1,9,0,18,0,2,0,0,0,0,1,1,6,2,33,6,1598,1,4,-1,1,-1
201501KF69071,2,9,0,18,0,1,0,0,0,0,1,1,6,1,-1,-1,-1,-1,-1,-1,-1,-1
201501KF69078,1,19,0,18,0,2,0,0,0,0,4,1,6,1,49,8,2494,2,10,-1,1,-1
201501KF69085,1,8,0,10,0,1,0,0,0,0,2,1,6,1,32,6,1956,2,6,-1,1,-1
201501KF69085,2,9,0,10,0,1,0,0,0,0,1,1,6,2,-1,-1,1364,1,7,-1,-1,-1
201501KF69094,1,9,0,9,0,8,0,0,0,0,1,1,6,2,46,8,973,1,12,-1,1,-1
201501KF69094,2,9,0,18,0,8,0,0,0,0,1,1,6,1,45,7,1499,2,-1,-1,1,-1
201501KF69096,1,9,0,18,0,2,0,0,0,0,4,1,2,2,35,6,1360,1,14,-1,1,-1
201501KF69107,1,19,0,18,0,0,0,0,0,0,4,1,6,3,-1,-1,2402,2,4,-1,-1,-1
201501KF69109,1,9,0,9,0,2,0,0,0,0,1,1,6,2,37,7,1388,1,11,-1,1,-1
201501KF69136,1,1,0,18,0,1,0,0,0,0,3,1,6,1,36,7,-1,-1,-1,-1,1,-1
201501KF69136,2,9,0,7,0,5,0,0,0,0,4,1,6,3,-1,-1,-1,-1,-1,-1,-1,-1
201501KF69149,1,4,0,18,0,8,0,0,0,0,4,1,6,1,32,6,599,1,7,-1,-1,-1
201501KF69149,2,9,0,15,0,8,0,0,0,0,3,1,6,3,-1,-1,-1,-1,-1,-1,-1,-1
201501KF69163,1,9,0,4,0,0,0,0,0,0,2,1,6,1,26,6,1598,2,2,-1,1,-1
201501KF69163,2,9,0,18,0,0,0,0,0,0,1,1,6,1,-1,-1,2143,2,1,-1,1,-1
201501KF69163,3,9,0,4,0,0,0,0,0,0,2,1,6,1,-1,-1,-1,-1,-1,-1,-1,-1
201501KF69165,1,3,0,13,0,8,0,0,0,0,4,1,1,1,34,6,102,1,9,-1,1,-1
201501KF69165,2,9,0,9,0,8,0,0,0,0,3,1,6,1,36,7,1240,1,10,-1,1,-1
201501KF69181,1,9,0,9,0,8,0,0,0,0,1,2,6,1,36,7,-1,-1,-1,-1,1,-1
201501KF69181,2,9,0,18,0,8,0,0,0,0,3,1,6,2,31,6,1598,2,3,-1,1,-1
201501KG70003,1,9,0,2,0,2,0,0,0,0,3,1,6,1,59,9,1596,1,13,-1,1,-1
201501KG70003,2,1,0,18,0,2,0,8,0,0,1,1,6,1,-1,-1,-1,-1,-1,-1,1,-1
201501KG70009,1,9,0,7,0,8,0,0,0,0,1,1,6,2,41,7,973,1,13,-1,1,-1
201501KG70009,2,3,0,18,0,8,0,0,0,0,4,1,6,1,30,6,-1,-1,-1,-1,1,-1
201501KG70013,1,1,0,18,0,0,0,8,0,0,1,1,6,1,34,6,-1,-1,-1,-1,1,-1
201501KG70013,2,9,0,2,0,0,0,0,0,0,3,1,6,1,-1,-1,1461,2,9,-1,1,-1
201501KG70015,1,9,0,16,0,1,0,0,0,0,1,1,6,2,47,8,1598,1,11,-1,1,-1
201501KG70017,1,9,0,12,0,0,0,0,0,0,3,1,2,1,55,8,3227,2,14,-1,1,-1