Accident_Index,Vehicle_Reference,Vehicle_Type,Towing_and_Articulation,Vehicle_Manoeuvre,Vehicle_Location-Restricted_Lane,Junction_Location,Skidding_and_Overturning,Hit_Object_in_Carriageway,Vehicle_Leaving_Carriageway,Hit_Object_off_Carriageway,1st_Point_of_Impact,Was_Vehicle_Left_Hand_Drive?,Journey_Purpose_of_Driver,Sex_of_Driver,Age_of_Driver,Age_Band_of_Driver,Engine_Capacity_(CC),Propulsion_Code,Age_of_Vehicle,Driver_IMD_Decile,Driver_Home_Area_Type,Vehicle_IMD_Decile
201501KG70017,2,5,0,18,0,0,0,0,0,0,4,1,2,1,43,7,647,1,16,-1,2,-1
201501KG70020,1,9,0,4,0,1,0,0,0,0,2,1,6,1,22,5,1242,1,5,-1,1,-1
201501KG70020,2,9,0,18,0,1,0,0,0,0,1,1,6,1,-1,-1,-1,-1,-1,-1,-1,-1
201501KG70022,1,9,0,9,0,8,0,0,0,0,4,1,6,2,33,6,1600,1,16,-1,1,-1
201501KG70022,2,9,0,18,0,8,0,0,0,0,1,1,6,1,56,9,2495,2,17,-1,1,-1
201501KG70025,1,19,0,14,0,0,0,0,0,0,1,1,6,1,37,7,1998,2,13,-1,1,-1
201501KG70026,1,9,0,18,0,8,0,0,0,0,4,1,6,1,29,6,1997,2,6,-1,1,-1
201501KG70026,2,9,0,7,0,8,0,0,0,0,1,1,1,1,34,6,1199,1,14,-1,1,-1
201501KG70027,1,9,0,18,0,8,0,0,0,0,3,1,6,2,38,7,-1,-1,-1,-1,1,-1
201501KG70027,2,9,0,18,0,8,0,0,0,0,1,1,6,1,-1,-1,1560,2,4,-1,-1,-1
201501KG70028,1,9,0,18,9,0,0,10,1,2,1,1,6,2,18,4,-1,-1,-1,-1,1,-1
201501KG70030,1,9,0,1,0,1,0,0,0,0,2,1,6,2,50,8,1364,1,6,-1,1,-1
201501KG70030,2,9,0,3,0,1,0,0,0,0,1,1,1,2,37,7,1497,8,2,-1,1,-1
201501KG70031,1,9,0,18,0,8,0,0,0,0,1,1,6,1,73,10,-1,-1,-1,-1,1,-1
201501KG70031,2,9,0,9,0,8,0,0,0,0,1,1,6,1,27,6,1086,1,12,-1,1,-1
201501KG70032,1,9,0,4,0,0,0,0,0,0,2,1,6,1,61,9,1798,8,1,-1,1,-1
201501KG70032,2,9,0,18,0,0,0,0,0,0,1,1,6,2,46,8,1560,2,5,-1,1,-1
201501KG70035,1,11,0,18,0,1,0,0,0,0,0,1,1,1,46,8,6700,2,4,-1,1,-1
201501KG70038,1,9,0,18,0,0,0,0,0,0,1,1,6,3,-1,-1,-1,-1,-1,-1,-1,-1
201501KG70039,1,9,0,18,0,8,0,0,0,0,1,1,6,2,29,6,-1,-1,-1,-1,1,-1
201501KG70039,2,9,0,9,0,8,0,0,0,0,1,1,6,1,41,7,-1,-1,-1,-1,1,-1
201501KG70040,1,9,0,18,0,8,0,0,0,0,1,1,6,1,21,5,1242,1,3,-1,1,-1
201501KG70040,2,9,0,9,0,8,0,0,0,0,3,1,6,2,31,6,1598,1,7,-1,1,-1
201501KG70041,1,9,0,18,0,0,0,0,0,0,1,1,6,1,27,6,973,1,12,-1,1,-1
201501KG70042,1,9,0,18,0,0,0,0,0,0,4,1,6,1,22,5,-1,-1,-1,-1,1,-1
201501KG70042,2,21,1,12,0,0,0,0,0,0,3,1,1,1,47,8,12740,2,1,-1,1,-1
201501KG70045,1,9,0,18,0,8,0,0,0,0,3,1,6,1,40,7,1896,2,7,-1,1,-1
201501KG70045,2,9,0,18,0,8,0,0,0,0,1,1,6,1,62,9,1995,2,2,-1,1,-1
201501KG70046,1,9,0,5,0,0,0,4,0,0,1,1,6,2,59,9,1299,1,13,-1,1,-1
201501KG70046,2,9,0,2,0,0,0,0,0,0,4,1,6,2,47,8,1761,1,17,-1,1,-1
201501KG70047,1,9,0,18,0,8,0,0,0,0,3,1,6,2,68,10,1242,1,1,-1,1,-1
201501KG70047,2,9,0,18,0,8,0,0,0,0,1,1,2,1,45,7,1461,2,4,-1,1,-1
201501KG70048,1,9,0,7,0,8,0,0,0,0,3,1,6,1,28,6,1199,1,14,-1,1,-1
201501KG70048,2,9,0,18,0,8,0,0,0,0,1,1,6,1,30,6,-1,-1,-1,-1,-1,-1
201501KG70050,1,9,0,3,0,1,0,0,0,0,2,1,6,1,35,6,1686,2,10,-1,1,-1
201501KG70050,2,9,0,18,0,1,0,0,0,0,1,1,6,2,68,10,1796,1,16,-1,1,-1
201501KG70051,1,9,0,7,9,2,0,7,7,0,1,1,6,2,22,5,-1,-1,-1,-1,-1,-1
201501KG70052,1,9,0,3,0,1,0,0,0,0,3,1,6,2,54,8,1200,1,-1,-1,1,-1
201501KG70052,2,21,0,11,0,1,0,0,0,0,4,1,1,1,50,8,12780,2,9,-1,1,-1
201501KG70054,1,9,0,18,0,2,0,0,0,0,1,1,6,3,-1,-1,-1,-1,-1,-1,-1,-1
201501KG70055,1,9,0,18,0,1,0,0,0,0,1,1,6,1,22,5,1124,1,15,-1,1,-1
201501KG70055,2,9,0,4,0,1,0,0,0,0,2,1,6,1,20,4,1242,1,2,-1,1,-1
201501KG70056,1,9,0,7,0,8,0,0,0,0,1,1,6,1,34,6,1910,2,11,-1,-1,-1
201501KG70056,2,9,0,17,0,8,0,0,0,0,4,1,6,2,29,6,1598,1,7,-1,1,-1
201501KG70057,1,9,0,18,0,0,0,0,0,0,1,1,2,1,48,8,2902,2,10,-1,1,-1
201501KG70058,1,9,0,9,0,8,0,0,0,0,3,1,6,1,31,6,1968,2,6,-1,1,-1
201501KG70058,2,9,0,18,0,8,0,0,0,0,1,1,6,3,-1,-1,1598,2,4,-1,-1,-1
201501KG70060,1,9,0,9,0,8,0,0,0,0,3,1,6,1,45,7,1598,1,10,-1,1,-1
201501KG70060,2,1,0,18,0,8,0,0,0,0,1,1,6,1,36,7,-1,-1,-1,-1,1,-1
201501KG70061,1,9,0,18,0,0,0,0,0,0,4,1,6,1,35,6,1119,1,22,-1,1,-1
201501KG70061,2,21,1,12,0,0,0,0,0,0,3,2,1,1,35,6,-1,-1,-1,-1,-1,-1
201501KG70062,1,9,0,18,0,1,0,0,0,0,1,1,6,2,58,9,1108,1,10,-1,1,-1
201501KG70063,1,9,0,4,0,0,0,0,0,0,2,1,1,1,50,8,2231,2,7,-1,1,-1
201501KG70063,2,9,0,18,0,0,0,0,0,0,1,1,2,1,37,7,-1,-1,-1,-1,1,-1
201501KG70064,1,9,0,3,0,1,0,0,0,0,4,1,1,1,43,7,1997,1,4,-1,1,-1
201501KG70064,2,19,0,12,0,1,0,0,0,0,3,1,6,2,-1,-1,-1,-1,-1,-1,-1,-1
201501KG70065,1,9,0,3,0,1,0,0,0,0,2,1,6,1,45,7,1198,1,3,-1,1,-1
201501KG70065,2,9,0,3,0,1,0,0,0,0,2,1,6,1,41,7,2685,2,13,-1,1,-1
201501KG70065,3,19,0,18,0,1,0,0,0,0,1,1,6,1,36,7,1998,2,11,-1,1,-1
201501KG70068,1,9,0,3,0,1,0,0,0,0,2,1,6,2,46,8,1388,1,8,-1,1,-1
201501KG70068,2,21,0,5,0,1,0,0,0,0,1,1,1,3,-1,-1,-1,-1,-1,-1,-1,-1
201501KG70069,1,9,0,9,0,8,0,0,0,0,3,1,6,1,44,7,1598,1,12,-1,1,-1
201501KG70069,2,5,0,18,0,8,0,0,0,0,1,1,6,1,25,5,675,1,3,-1,-1,-1
201501KG70072,1,5,0,18,0,8,0,0,0,0,3,1,6,1,34,6,649,1,9,-1,1,-1
201501KG70072,2,9,0,9,0,8,0,0,0,0,1,1,6,1,37,7,1598,1,15,-1,1,-1
201501KG70073,1,11,0,5,0,0,0,0,0,0,0,1,1,1,58,9,6700,2,4,-1,1,-1
201501KG70074,1,9,0,3,0,0,0,0,0,0,2,1,1,1,35,6,973,1,12,-1,1,-1
201501KG70074,2,9,0,18,0,0,0,0,0,0,1,1,6,1,-1,-1,1242,1,3,-1,1,-1
201501KG70075,1,9,0,18,0,8,0,0,0,0,1,1,6,1,19,4,-1,-1,-1,-1,1,-1
201501KG70075,2,8,0,18,0,8,0,0,0,0,3,1,1,1,45,7,1598,2,4,-1,1,-1
201501KG70076,1,9,0,18,0,8,0,0,0,0,3,1,6,2,65,9,1598,1,17,-1,1,-1
201501KG70076,2,9,0,7,0,8,0,0,0,0,1,1,6,1,-1,-1,1598,1,9,-1,-1,-1
201501KG70077,1,9,0,18,0,8,0,0,0,0,1,1,2,2,25,5,1596,1,7,-1,1,-1
201501KG70077,2,8,0,9,0,8,0,0,0,0,3,1,6,1,-1,-1,-1,-1,-1,-1,1,-1
201501KG70081,1,3,0,18,0,0,0,0,0,0,1,1,6,1,32,6,124,1,10,-1,1,-1
201501KG70081,2,4,0,4,0,0,0,0,0,0,2,1,6,1,29,6,373,1,1,-1,-1,-1
201501KG70083,1,9,0,3,0,1,0,0,0,0,2,1,6,2,24,5,1299,1,13,-1,1,-1
201501KG70083,2,9,0,18,0,1,0,0,0,0,1,1,6,1,-1,-1,1388,1,13,-1,1,-1
201501KG70084,1,9,0,18,0,8,0,0,0,0,1,1,6,1,29,6,2993,2,6,-1,1,-1
201501KG70084,2,9,0,9,0,8,0,0,0,0,4,1,6,1,23,5,1997,2,6,-1,1,-1
201501KG70085,1,9,0,18,0,0,0,0,0,0,2,1,6,1,49,8,1986,1,2,-1,1,-1
201501KG70085,2,9,0,18,0,0,0,0,0,0,1,1,6,1,21,5,1198,1,3,-1,1,-1
201501KG70086,1,9,0,5,0,0,0,0,0,0,1,1,6,1,21,5,1229,1,10,-1,-1,-1
201501KG70086,2,9,0,18,0,0,0,0,0,0,1,1,6,1,21,5,-1,-1,-1,-1,1,-1
201501KG70087,1,8,0,18,0,8,0,0,0,0,3,1,6,1,43,7,1598,1,8,-1,1,-1
201501KG70087,2,9,0,9,0,8,0,0,0,0,1,1,6,1,-1,-1,-1,-1,-1,-1,-1,-1
201501KG70089,1,9,0,4,0,0,0,0,0,0,2,1,2,1,32,6,1124,1,12,-1,1,-1
201501KG70089,2,9,0,18,0,0,0,0,0,0,1,1,6,1,31,6,-1,-1,-1,-1,1,-1
201501KG70090,1,9,0,18,0,8,0,0,0,0,1,1,6,1,68,10,-1,-1,-1,-1,1,-1
201501KG70090,2,9,0,18,0,8,0,0,0,0,3,1,6,1,47,8,1998,1,8,-1,1,-1
201501KG70091,1,9,0,14,0,0,0,0,0,0,1,1,6,1,61,9,1796,1,12,-1,1,-1
201501KG70092,1,3,0,18,0,0,0,0,0,0,3,1,6,1,19,4,124,1,7,-1,1,-1
201501KG70093,1,9,0,9,0,8,0,0,0,0,3,1,6,2,38,7,-1,-1,-1,-1,1,-1
201501KG70093,2,9,0,18,0,8,0,0,0,0,1,1,3,2,30,6,1399,1,8,-1,2,-1
201501KG70094,1,9,0,18,0,8,0,0,0,0,2,1,6,2,34,6,1598,1,13,-1,1,-1
201501KG70094,2,9,0,18,0,8,0,0,0,0,1,1,6,3,-1,-1,-1,-1,-1,-1,-1,-1
201501KG70095,1,9,0,4,0,0,0,0,0,0,2,1,6,1,39,7,1797,8,4,-1,1,-1
201501KG70095,2,9,0,18,0,0,0,0,0,0,1,1,6,2,-1,-1,-1,-1,-1,-1,-1,-1
201501KG70096,1,9,0,4,0,0,0,0,0,0,2,1,6,1,37,7,-1,-1,-1,-1,1,-1
201501KG70096,2,21,0,18,0,0,0,0,0,0,1,1,1,1,35,6,5880,2,10,-1,2,-1
201501KG70097,1,19,0,9,0,2,0,0,0,0,1,1,1,1,47,8,1248,2,2,-1,1,-1
201501KG70098,1,9,0,7,0,5,0,0,0,0,4,1,6,1,37,7,1598,1,15,-1,1,-1
201501KG70098,2,1,0,18,0,1,0,0,0,0,3,1,6,2,31,6,-1,-1,-1,-1,1,-1
201501KG70099,1,9,0,18,0,2,0,0,0,0,1,1,6,1,42,7,1794,1,11,-1,1,-1
201501KG70100,1,5,0,18,2,2,0,0,0,0,1,1,6,1,48,8,600,1,10,-1,1,-1
201501KG70101,1,9,0,18,0,1,0,0,0,0,1,1,6,1,-1,-1,-1,-1,-1,-1,-1,-1
201501KG70102,1,9,0,4,0,0,0,0,0,0,2,1,6,1,26,6,1995,2,12,-1,1,-1
201501KG70102,2,9,0,4,0,0,0,0,0,0,2,1,6,1,39,7,2993,2,1,-1,1,-1
201501KG70102,3,9,0,18,0,0,0,0,0,0,1,1,6,2,40,7,1598,1,16,-1,1,-1
201501KG70103,1,9,0,9,0,8,0,0,0,0,4,1,2,1,32,6,1598,1,2,-1,1,-1
201501KG70103,2,9,0,18,0,8,0,0,0,0,1,1,6,1,-1,-1,-1,-1,-1,-1,-1,-1
201501KG70104,1,9,0,18,0,8,0,0,0,0,4,1,6,2,29,6,1598,1,2,-1,1,-1
201501KG70104,2,9,0,9,0,8,0,0,0,0,1,1,6,3,-1,-1,899,1,1,-1,-1,-1
201501KG70106,1,3,0,15,0,1,0,0,0,0,3,1,2,1,33,6,100,1,14,-1,1,-1
201501KG70106,2,9,0,7,0,5,0,0,0,0,4,1,2,2,41,7,1968,2,8,-1,1,-1
201501KG70107,1,9,0,18,0,8,0,0,0,0,3,1,6,1,18,4,1242,1,10,-1,1,-1
201501KG70107,2,9,0,18,0,8,0,0,0,0,1,1,6,1,44,7,1086,1,8,-1,1,-1
201501KG70109,1,9,0,18,0,0,0,0,0,0,3,1,6,3,-1,-1,-1,-1,-1,-1,-1,-1
201501KG70110,1,9,0,18,0,8,0,0,0,0,3,1,6,2,49,8,1997,2,9,-1,1,-1
201501KG70110,2,9,0,18,0,8,0,0,0,0,1,1,2,2,34,6,1299,1,14,-1,1,-1
201501KG70111,1,9,0,5,0,1,0,0,0,0,1,1,2,2,42,7,1386,1,7,-1,1,-1
201501KG70111,2,9,0,5,0,1,0,0,0,0,2,1,2,2,28,6,1389,1,9,-1,1,-1
201501KG70113,1,9,0,18,0,8,0,0,0,0,1,1,6,1,-1,-1,-1,-1,-1,-1,1,-1
201501KG70113,2,9,0,1,0,8,0,0,0,0,4,2,6,1,-1,-1,-1,-1,-1,-1,1,-1
201501KG70114,1,9,0,18,0,0,0,0,0,0,1,1,6,1,61,9,998,1,3,-1,1,-1
201501KG70115,1,9,0,14,0,0,0,0,0,0,1,1,6,2,59,9,1596,1,5,-1,1,-1
201501KG70117,1,9,0,18,0,0,0,0,0,0,1,1,1,1,28,6,1242,1,1,-1,1,-1
201501KG70117,2,19,0,4,0,0,0,0,0,0,2,1,1,1,42,7,2198,2,9,-1,1,-1
201501KG70118,1,11,0,3,0,0,0,0,0,0,2,1,1,1,48,8,7300,2,10,-1,1,-1
201501KG70118,2,9,0,18,0,0,0,0,0,0,1,1,6,1,64,9,1360,1,15,-1,-1,-1
201501KG70119,1,9,0,18,0,0,0,0,0,0,1,1,6,1,19,4,1997,2,1,-1,1,-1
201501KG70119,2,9,0,3,0,0,0,0,0,0,2,1,6,2,19,4,1299,1,7,-1,1,-1
201501KG70120,1,9,0,18,0,8,0,0,0,0,3,1,6,1,43,7,1910,2,6,-1,1,-1
201501KG70120,2,9,0,9,0,8,0,0,0,0,1,1,6,1,-1,-1,1497,1,11,-1,1,-1
201501KG70122,1,9,0,18,0,1,0,0,0,0,1,1,6,2,67,10,1388,1,1,-1,1,-1
201501KG70124,1,19,0,18,0,1,0,0,0,0,1,1,6,1,20,4,1686,2,9,-1,-1,-1
201501KG70127,1,2,0,18,0,0,0,0,0,0,1,1,1,1,31,6,125,1,-1,-1,1,-1
201501KG70127,2,19,0,4,0,0,0,0,0,0,2,1,1,1,48,8,1248,2,1,-1,1,-1
201501KG70128,1,9,0,3,0,1,0,0,0,0,2,1,6,1,38,7,-1,-1,-1,-1,1,-1
201501KG70128,2,21,1,18,0,1,0,0,0,0,1,1,1,1,44,7,12419,2,3,-1,1,-1
201501KG70128,3,19,0,3,0,1,0,0,0,0,2,1,1,1,46,8,2461,2,12,-1,1,-1
201501KG70130,1,9,0,4,0,0,0,0,0,0,2,1,2,1,47,8,1598,1,10,-1,1,-1
201501KG70130,2,9,0,18,0,0,0,0,0,0,1,1,6,3,-1,-1,-1,-1,-1,-1,-1,-1
201501KG70132,1,9,0,2,0,2,0,0,0,0,3,1,6,1,47,8,1995,2,3,-1,1,-1
201501KG70132,2,1,0,18,0,2,0,8,0,0,1,1,6,1,24,5,-1,-1,-1,-1,1,-1
201501KG70134,1,9,0,18,0,0,0,0,0,0,1,1,6,1,-1,-1,-1,-1,-1,-1,-1,-1
201501KG70135,1,9,0,18,0,0,0,0,0,0,1,1,6,2,32,6,1598,1,3,-1,1,-1
201501KG70135,2,9,0,18,0,0,0,0,0,0,1,1,6,1,-1,-1,2319,1,15,-1,1,-1
201501KG70137,1,9,0,9,0,8,0,0,0,0,2,1,6,2,40,7,1598,1,14,-1,1,-1
201501KG70137,2,2,0,18,0,8,0,0,0,0,1,1,6,1,23,5,49,1,10,-1,1,-1
201501KG70138,1,19,0,18,0,2,0,0,0,0,1,1,6,1,30,6,1753,2,11,-1,1,-1
201501KG70138,2,9,0,4,0,2,0,0,0,0,2,1,6,2,44,7,1995,2,4,-1,1,-1
201501KG70139,1,9,0,9,0,8,0,0,0,0,1,1,6,1,61,9,1679,1,16,-1,1,-1
201501KG70139,2,9,0,18,0,8,0,0,0,0,3,1,6,2,38,7,1753,2,11,-1,1,-1
201501KG70140,1,9,0,18,0,1,0,0,0,0,1,1,6,1,47,8,1769,1,10,-1,1,-1
201501KG70140,2,9,0,4,0,1,0,0,0,0,2,1,1,1,-1,-1,-1,-1,-1,-1,-1,-1
201501KG70141,1,9,0,9,0,8,0,0,0,0,1,1,2,2,30,6,1598,1,6,-1,1,-1
201501KG70141,2,3,0,18,0,8,0,0,0,0,1,1,6,1,24,5,124,1,2,-1,1,-1
201501KG70144,1,9,0,18,0,1,0,0,0,0,1,1,6,1,26,6,1199,1,13,-1,1,-1
201501KG70144,2,9,0,4,0,1,0,0,0,0,2,1,6,1,56,9,1493,1,17,-1,1,-1
201501KG70145,1,9,0,18,0,8,0,0,0,0,3,1,3,1,42,7,1995,1,10,-1,1,-1
201501KG70145,2,9,0,18,0,8,0,0,0,0,1,1,6,2,-1,-1,1596,1,11,-1,-1,-1
201501KG70146,1,9,0,3,0,2,0,0,0,0,2,1,2,2,26,6,1896,2,11,-1,1,-1
201501KG70146,2,9,0,18,0,2,0,0,0,0,1,1,6,1,-1,-1,1995,2,5,-1,1,-1
201501KG70148,1,9,0,4,0,0,0,0,0,0,2,1,2,2,32,6,3199,1,10,-1,1,-1
201501KG70148,2,9,0,18,0,0,0,0,0,0,1,1,6,2,35,6,1339,1,9,-1,-1,-1
201501KG70149,1,9,0,2,0,0,0,0,0,0,1,1,6,2,36,7,1991,2,4,-1,1,-1
201501KG70149,2,9,0,1,0,0,0,4,0,0,2,1,6,1,-1,-1,2497,2,13,-1,1,-1
201501KG70151,1,9,0,18,0,0,0,0,0,0,1,1,6,1,46,8,1597,1,16,-1,1,-1
201501KG70151,2,9,0,4,0,0,0,0,0,0,2,1,6,1,49,8,1956,2,3,-1,1,-1
201501KG70154,1,3,0,18,0,8,0,0,0,0,1,1,6,1,53,8,125,1,1,-1,1,-1
201501KG70154,2,9,0,9,0,8,0,0,0,0,3,1,6,2,50,8,1242,1,9,-1,1,-1
201501KG70155,1,9,0,18,0,0,0,0,0,0,1,1,6,1,36,7,-1,-1,-1,-1,1,-1
201501KG70155,2,9,0,6,0,0,0,0,0,0,4,1,6,1,-1,-1,1590,1,10,-1,-1,-1
201501KG70156,1,9,0,9,0,8,0,0,0,0,1,1,6,1,40,7,1794,1,10,-1,1,-1
201501KG70156,2,9,0,9,0,8,0,0,0,0,3,1,6,2,28,6,-1,-1,-1,-1,1,-1
201501KG70157,1,9,0,18,0,0,0,0,0,0,1,1,6,3,-1,-1,-1,-1,-1,-1,-1,-1
201501KG70158,1,9,0,18,0,8,0,0,0,0,1,1,6,2,45,7,1596,1,15,-1,1,-1
201501KG70158,2,9,0,18,0,8,0,0,0,0,3,1,6,1,71,10,-1,-1,-1,-1,1,-1
201501KG70159,1,9,0,18,0,8,0,0,0,0,4,1,6,2,50,8,1796,1,12,-1,1,-1
201501KG70159,2,9,0,18,0,8,0,0,0,0,1,1,6,1,71,10,1364,1,1,-1,1,-1
201501KG70160,1,2,0,18,0,0,0,0,0,0,1,1,6,1,21,5,49,1,2,-1,1,-1
201501KG70160,2,9,0,18,0,0,0,0,0,0,2,1,6,3,-1,-1,-1,-1,-1,-1,-1,-1
201501KG70161,1,9,0,4,0,1,0,0,0,0,2,1,6,2,48,8,1198,1,6,-1,1,-1
201501KG70161,2,9,0,18,0,1,0,0,0,0,1,1,6,3,-1,-1,-1,-1,-1,-1,-1,-1
201501KG70162,1,19,0,4,0,2,0,0,0,0,2,1,1,1,40,7,1995,2,1,-1,1,-1
201501KG70162,2,9,0,18,0,2,0,0,0,0,1,1,6,2,34,6,1386,1,6,-1,1,-1
201501KG70164,1,9,0,10,0,1,0,0,0,0,2,1,6,1,39,7,-1,-1,-1,-1,1,-1
201501KG70164,2,19,0,18,0,1,0,0,0,0,1,1,1,1,34,6,1753,2,4,-1,1,-1
201501KG70165,1,5,0,18,0,0,0,0,0,0,4,1,6,1,35,6,883,1,2,-1,1,-1
201501KG70166,1,9,0,18,0,1,0,0,0,0,4,1,6,2,36,7,1999,1,11,-1,1,-1
201501KG70167,1,9,0,18,0,1,0,0,0,0,3,1,6,1,-1,-1,-1,-1,-1,-1,-1,-1
201501KG70168,1,9,0,18,0,8,0,0,0,0,3,1,6,2,22,5,1360,1,14,-1,1,-1
201501KG70168,2,9,0,9,0,8,0,0,0,0,4,1,6,1,31,6,1598,1,9,-1,1,-1
201501KG70169,1,9,0,1,0,0,0,0,0,0,2,1,6,1,33,6,1956,2,1,-1,1,-1
201501KG70170,1,19,0,6,0,1,0,0,0,0,3,1,1,1,67,10,2148,2,8,-1,1,-1
201501KG70170,2,5,0,18,0,1,0,0,0,0,4,1,2,1,35,6,-1,-1,-1,-1,1,-1
201501KG70171,1,20,0,18,0,8,0,0,0,0,1,1,1,1,46,8,-1,-1,-1,-1,1,-1
201501KG70171,2,9,0,9,0,8,0,0,0,0,3,1,6,1,22,5,1560,2,9,-1,1,-1
201501KG70173,1,9,0,18,0,0,0,0,0,0,1,1,6,1,-1,-1,1984,1,13,-1,-1,-1
201501KG70174,1,9,0,18,0,0,0,0,0,0,2,1,6,1,-1,-1,-1,-1,-1,-1,-1,-1
201501KG70174,2,5,0,18,0,0,0,0,0,0,1,1,6,1,23,5,599,1,8,-1,1,-1
201501KG70175,1,9,0,13,0,2,0,0,0,0,4,1,6,1,34,6,1598,2,4,-1,1,-1
201501KG70175,2,3,0,18,0,2,0,0,0,0,3,1,6,1,48,8,124,1,4,-1,1,-1
201501KG70176,1,19,0,2,0,0,0,0,0,0,1,1,6,1,52,8,2198,2,2,-1,1,-1
201501KG70176,2,9,0,18,0,0,0,4,0,0,1,1,6,1,33,6,-1,-1,-1,-1,1,-1
201501KG70177,1,9,0,9,0,8,0,0,0,0,3,1,6,1,39,7,1997,2,5,-1,1,-1
201501KG70177,2,9,0,18,0,8,0,0,0,0,1,1,6,1,29,6,-1,-1,-1,-1,-1,-1
201501KG70178,1,9,0,18,0,1,0,0,0,0,1,1,6,2,40,7,1984,1,12,-1,1,-1
201501KG70178,2,9,0,18,0,1,0,0,0,0,2,1,1,1,-1,-1,-1,-1,-1,-1,-1,-1
201501KG70179,1,1,0,17,0,8,0,0,0,0,2,1,6,2,16,4,-1,-1,-1,-1,1,-1
201501KG70179,2,21,0,17,0,8,0,0,0,0,1,1,6,1,-1,-1,-1,-1,-1,-1,-1,-1
201501KG70180,1,9,0,18,0,1,0,0,0,0,1,1,6,1,41,7,-1,-1,-1,-1,1,-1
201501KG70180,2,9,0,4,0,1,0,0,0,0,2,1,6,1,31,6,1497,8,6,-1,1,-1
201501KG70181,1,9,0,17,0,0,0,4,0,0,1,1,6,2,42,7,1388,1,8,-1,1,-1
201501KG70181,2,9,0,2,0,0,0,0,0,0,2,1,6,3,-1,-1,1796,1,11,-1,-1,-1
201501KG70182,1,9,0,18,0,0,0,0,0,0,1,1,6,1,40,7,1497,8,8,-1,1,-1
201501KG70182,2,9,0,4,0,0,0,0,0,0,2,1,6,1,53,8,999,1,-1,-1,1,-1
201501KG70182,3,9,0,4,0,0,0,0,0,0,2,1,6,1,54,8,1797,8,5,-1,1,-1
201501KG70183,1,9,0,18,0,2,0,7,0,0,1,1,6,2,38,7,1796,1,10,-1,1,-1
201501KG70184,1,9,0,18,0,8,0,0,0,0,4,1,6,1,26,6,2148,2,12,-1,1,-1
201501KG70184,2,9,0,18,0,8,0,0,0,0,1,1,6,2,24,5,1995,1,6,-1,-1,-1
201501KG70185,1,11,0,4,0,0,0,0,0,0,4,1,1,1,49,8,6700,2,4,-1,1,-1
201501KG70187,1,9,0,18,0,8,0,0,0,0,1,1,6,1,41,7,-1,-1,-1,-1,1,-1
201501KG70187,2,19,0,9,0,8,0,0,0,0,4,1,1,1,32,6,-1,-1,-1,-1,1,-1
201501KG70188,1,9,0,6,0,1,0,0,0,0,4,1,6,2,34,6,-1,-1,-1,-1,1,-1
201501KG70188,2,5,0,18,0,2,0,0,0,0,1,1,6,1,34,6,988,1,10,-1,1,-1
201501KG70189,1,9,0,4,0,1,0,0,0,0,2,1,6,1,29,6,1995,2,4,-1,-1,-1
201501KG70189,2,9,0,18,0,1,0,0,0,0,1,1,6,1,-1,-1,2967,2,4,-1,1,-1
201501KG70190,1,9,0,18,0,0,0,0,0,0,1,1,6,1,-1,-1,1995,1,14,-1,1,-1
201501KG70191,1,9,0,18,0,1,0,0,0,0,1,1,6,3,-1,-1,1998,1,13,-1,-1,-1
201501KG70191,2,9,0,8,0,1,0,0,0,0,2,1,6,2,37,7,1598,1,1,-1,1,-1
201501KG70192,1,9,0,13,0,2,0,0,0,0,1,1,6,1,32,6,-1,-1,-1,-1,1,-1
201501KG70192,2,9,0,18,0,1,0,0,0,0,1,1,6,1,31,6,-1,-1,-1,-1,1,-1
201501KG70194,1,9,0,4,0,1,0,0,0,0,2,1,6,2,21,5,1242,1,6,-1,1,-1
201501KG70194,2,9,0,18,0,1,0,0,0,0,1,1,6,1,-1,-1,1560,2,4,-1,-1,-1
201501KG70196,1,9,0,14,0,0,0,0,0,0,4,1,6,2,52,8,1198,1,1,-1,1,-1
201501KG70197,1,9,0,4,0,2,0,0,0,0,2,1,1,1,58,9,1998,1,3,-1,1,-1
201501KG70197,2,9,0,18,0,2,0,0,0,0,1,1,6,1,-1,-1,2720,2,11,-1,1,-1
201501KG70198,1,9,0,18,0,0,0,0,0,0,1,1,6,3,-1,-1,-1,-1,-1,-1,-1,-1
201501KG70200,1,9,0,18,0,0,0,0,0,0,1,1,6,3,-1,-1,-1,-1,-1,-1,-1,-1
201501KG70203,1,9,0,4,0,1,0,0,0,0,2,1,6,1,57,9,2776,2,11,-1,1,-1
201501KG70203,2,9,0,18,0,1,0,0,0,0,1,1,6,1,29,6,1339,1,12,-1,-1,-1
201501KG70204,1,1,0,17,0,0,0,0,0,0,1,1,6,1,25,5,-1,-1,-1,-1,1,-1
201501KG70205,1,9,0,18,0,0,5,7,0,0,1,1,6,1,28,6,1968,2,3,-1,1,-1
201501KG70206,1,9,0,4,0,0,0,0,0,0,2,1,6,1,62,9,2401,2,7,-1,1,-1
201501KG70206,2,9,0,18,0,0,0,0,0,0,1,1,6,1,41,7,1968,2,4,-1,1,-1
201501KG70212,1,19,0,4,0,1,0,0,0,0,1,1,1,1,22,5,1686,2,4,-1,1,-1
201501KG70213,1,9,0,2,0,0,0,0,0,0,2,1,6,1,45,7,-1,-1,-1,-1,1,-1
201501KG70213,2,9,0,1,0,0,0,4,0,0,2,1,6,1,19,4,1596,1,13,-1,1,-1
201501KG70214,1,9,0,9,0,6,0,0,0,0,1,1,6,1,31,6,1199,1,13,-1,1,-1
201501KG70214,2,9,0,18,0,8,0,0,0,0,4,1,6,1,32,6,1995,1,8,-1,1,-1
201501KG70215,1,9,0,18,0,0,0,0,0,0,1,1,6,1,21,5,2996,1,10,-1,1,-1