Accident_Index,Vehicle_Reference,Vehicle_Type,Towing_and_Articulation,Vehicle_Manoeuvre,Vehicle_Location-Restricted_Lane,Junction_Location,Skidding_and_Overturning,Hit_Object_in_Carriageway,Vehicle_Leaving_Carriageway,Hit_Object_off_Carriageway,1st_Point_of_Impact,Was_Vehicle_Left_Hand_Drive?,Journey_Purpose_of_Driver,Sex_of_Driver,Age_of_Driver,Age_Band_of_Driver,Engine_Capacity_(CC),Propulsion_Code,Age_of_Vehicle,Driver_IMD_Decile,Driver_Home_Area_Type,Vehicle_IMD_Decile
201501KG70215,2,9,0,18,0,0,0,0,0,0,2,1,6,1,25,5,-1,-1,-1,-1,1,-1
201501KG70216,1,9,0,18,0,1,0,0,0,0,2,1,6,1,33,6,1360,1,8,-1,-1,-1
201501KG70216,2,9,0,18,0,1,0,0,0,0,1,1,6,1,60,9,1598,1,15,-1,-1,-1
201501KG70217,1,9,0,5,0,0,0,0,0,0,3,1,6,1,28,6,1461,2,1,-1,1,-1
201501KG70217,2,5,0,18,0,0,0,0,0,0,4,1,6,1,22,5,102,1,11,-1,1,-1
201501KG70218,1,21,1,12,0,0,0,0,0,0,3,2,1,1,42,7,-1,-1,-1,-1,-1,-1
201501KG70218,2,9,0,18,0,0,0,0,0,0,4,1,6,1,68,10,1995,1,9,-1,2,-1
201501KG70219,1,9,0,18,0,0,0,0,0,0,1,1,6,2,44,7,1498,1,9,-1,1,-1
201501KG70221,1,9,0,4,0,0,0,0,0,0,2,1,6,1,30,6,1364,1,8,-1,1,-1
201501KG70221,2,9,0,18,0,0,0,0,0,0,1,1,6,2,-1,-1,1598,1,10,-1,-1,-1
201501KG70222,1,5,0,18,0,1,0,0,0,0,3,1,6,1,28,6,750,1,4,-1,1,-1
201501KG70223,1,9,0,3,0,1,0,0,0,0,2,1,6,1,48,8,2148,2,8,-1,1,-1
201501KG70223,2,9,0,18,0,1,0,0,0,0,1,1,6,2,-1,-1,1596,1,8,-1,-1,-1
201501KG70224,1,8,0,3,0,1,0,0,0,0,1,1,6,1,56,9,1797,8,6,-1,1,-1
201501KG70224,2,9,0,1,0,1,0,0,0,0,2,1,6,1,-1,-1,-1,-1,-1,-1,-1,-1
201501KG70226,1,9,0,4,0,1,0,0,0,0,2,1,6,2,41,7,1461,2,3,-1,1,-1
201501KG70226,2,9,0,18,0,1,0,0,0,0,1,1,6,2,53,8,1968,2,7,-1,1,-1
201501KG70227,1,9,0,18,0,8,0,0,0,0,3,1,6,2,57,9,1998,1,10,-1,1,-1
201501KG70227,2,19,0,18,0,8,0,0,0,0,1,1,6,1,43,7,2402,2,14,-1,1,-1
201501KG70228,1,9,0,4,0,0,0,0,0,0,2,1,6,2,31,6,1591,1,-1,-1,1,-1
201501KG70228,2,9,0,18,0,0,0,0,0,0,1,1,6,1,-1,-1,-1,-1,-1,-1,-1,-1
201501KG70229,1,9,0,6,0,1,0,0,0,0,3,1,6,1,-1,-1,-1,-1,-1,-1,-1,-1
201501KG70229,2,1,0,18,0,1,0,0,0,0,4,1,6,1,47,8,-1,-1,-1,-1,1,-1
201501KG70231,1,3,0,18,0,0,0,0,0,0,4,1,2,1,56,9,1171,1,11,-1,1,-1
201501KG70231,2,20,0,12,0,0,0,0,0,0,3,1,1,1,40,7,3920,2,9,-1,1,-1
201501KG70232,1,9,0,18,0,8,0,0,0,0,4,1,6,1,38,7,1388,1,3,-1,1,-1
201501KG70232,2,9,0,9,0,8,0,0,0,0,1,1,6,1,-1,-1,2231,2,9,-1,1,-1
201501KG70234,1,9,0,18,0,0,0,0,0,0,1,1,1,1,71,10,1591,1,3,-1,1,-1
201501KG70236,1,9,0,18,0,1,0,0,0,0,1,1,6,2,57,9,2180,2,18,-1,1,-1
201501KG70236,2,9,0,18,0,1,0,0,0,0,2,1,6,2,47,8,-1,-1,-1,-1,1,-1
201501KG70237,1,5,0,3,0,0,0,0,0,0,2,1,2,1,53,8,1170,1,3,-1,1,-1
201501KG70237,2,21,0,5,0,0,0,0,0,0,1,2,1,1,32,6,-1,-1,-1,-1,-1,-1
201501KG70238,1,9,0,18,0,0,0,0,0,0,3,1,6,3,-1,-1,-1,-1,-1,-1,-1,-1
201501KG70240,1,9,0,18,0,8,0,0,0,0,4,1,6,1,77,11,1596,1,4,-1,1,-1
201501KG70240,2,8,0,9,0,8,0,0,0,0,1,1,6,1,75,10,2664,2,15,-1,1,-1
201501KG70241,1,9,0,4,0,2,0,0,0,0,2,1,6,2,19,4,248,2,5,-1,1,-1
201501KG70241,2,9,0,18,0,2,0,0,0,0,1,1,6,1,22,5,1984,1,7,-1,-1,-1
201501KG70242,1,9,0,18,0,0,0,0,0,0,4,1,3,2,35,6,2967,1,13,-1,1,-1
201501KG70243,1,9,0,9,0,8,0,0,0,0,3,1,6,3,-1,-1,1997,2,6,-1,-1,-1
201501KG70243,2,1,0,18,0,8,0,0,0,0,1,1,6,1,19,4,-1,-1,-1,-1,1,-1
201501KG70244,1,9,0,7,0,8,0,0,0,0,3,1,6,1,50,8,1896,2,10,-1,1,-1
201501KG70244,2,9,0,1,0,8,0,0,0,0,2,1,6,3,-1,-1,-1,-1,-1,-1,-1,-1
201501KG70245,1,3,0,18,0,0,0,0,0,0,3,1,6,1,23,5,-1,-1,-1,-1,1,-1
201501KG70245,2,9,0,11,0,0,0,0,0,0,4,1,6,3,-1,-1,-1,-1,-1,-1,-1,-1
201501KG70246,1,8,0,4,0,1,0,0,0,0,2,1,1,1,49,8,1997,2,1,-1,-1,-1
201501KG70246,2,8,0,18,0,1,0,0,0,0,1,1,1,1,34,6,2499,2,5,-1,1,-1
201501KG70247,1,9,0,18,0,0,0,0,0,0,1,1,6,1,28,6,2685,2,11,-1,1,-1
201501KG70247,2,19,0,18,0,0,0,0,0,0,1,1,6,1,48,8,-1,-1,-1,-1,1,-1
201501KG70247,3,9,0,4,0,0,0,0,0,0,2,1,6,2,-1,-1,1229,1,1,-1,-1,-1
201501KG70248,1,9,0,9,0,8,0,0,0,0,1,1,6,1,25,5,1390,1,13,-1,1,-1
201501KG70248,2,9,0,18,0,8,0,0,0,0,1,1,6,1,28,6,1199,1,13,-1,1,-1
201501KG70249,1,9,0,18,0,1,0,0,0,0,1,1,6,1,57,9,1497,1,11,-1,2,-1
201501KG70249,2,9,0,4,0,1,0,0,0,0,2,1,6,1,-1,-1,1995,2,10,-1,-1,-1
201501KG70250,1,9,0,18,0,0,0,0,0,0,1,1,6,1,-1,-1,-1,-1,-1,-1,-1,-1
201501KG70251,1,9,0,4,0,0,0,0,0,0,2,1,6,1,65,9,1794,1,13,-1,1,-1
201501KG70251,2,9,0,18,0,0,0,0,0,0,1,1,6,3,-1,-1,1248,2,11,-1,-1,-1
201501KG70254,1,8,0,9,0,2,0,0,0,0,3,1,1,1,43,7,1797,8,5,-1,1,-1
201501KG70254,2,9,0,18,0,1,0,0,0,0,3,1,6,1,28,6,-1,-1,-1,-1,-1,-1
201501KG70255,1,9,0,9,0,8,0,0,0,0,2,1,6,2,24,5,-1,-1,-1,-1,1,-1
201501KG70255,2,9,0,18,0,8,0,0,0,0,1,1,6,1,82,11,1753,2,7,-1,1,-1
201501KG70256,1,9,0,18,0,8,0,0,0,0,1,1,6,2,61,9,1587,1,11,-1,-1,-1
201501KG70256,2,1,0,18,0,8,0,0,0,0,4,1,6,1,17,4,-1,-1,-1,-1,1,-1
201501KG70257,1,9,0,18,0,0,0,0,0,0,1,1,6,1,57,9,1590,1,10,-1,1,-1
201501KG70259,1,11,0,3,0,1,0,0,0,0,0,1,1,1,50,8,4250,2,6,-1,1,-1
201501KG70260,1,9,0,18,0,1,0,0,0,0,1,1,6,1,86,11,1597,1,16,-1,1,-1
201501KG70260,2,9,0,3,0,1,0,0,0,0,2,1,6,1,42,7,1461,2,5,-1,1,-1
201501KG70261,1,3,0,18,0,2,0,0,0,0,4,1,6,1,19,4,124,1,15,-1,1,-1
201501KG70261,2,9,0,6,0,2,0,0,0,0,3,1,6,1,35,6,1596,1,7,-1,1,-1
201501KG70262,1,9,0,18,0,8,0,0,0,0,3,1,6,2,62,9,1242,1,6,-1,1,-1
201501KG70262,2,9,0,18,0,8,0,0,0,0,1,1,6,1,21,5,1596,1,13,-1,1,-1
201501KG70263,1,1,0,18,0,0,0,0,0,0,3,1,6,1,24,5,-1,-1,-1,-1,1,-1
201501KG70263,2,9,0,13,0,0,0,0,0,0,4,1,6,1,44,7,1998,1,19,-1,1,-1
201501KG70264,1,9,0,4,0,1,0,0,0,0,2,1,6,1,46,8,1240,1,6,-1,1,-1
201501KG70264,2,9,0,18,0,1,0,0,0,0,1,1,6,1,-1,-1,1390,1,12,-1,1,-1
201501KG70265,1,9,0,18,0,1,0,0,0,0,1,1,6,1,18,4,1388,1,9,-1,1,-1
201501KG70265,2,1,0,18,0,1,0,0,0,0,3,1,6,2,15,3,-1,-1,-1,-1,1,-1
201501KG70266,1,9,0,18,0,0,0,0,0,0,3,1,6,3,-1,-1,-1,-1,-1,-1,-1,-1
201501KG70268,1,9,0,9,0,8,0,0,0,0,3,1,6,1,25,5,999,1,-1,-1,1,-1
201501KG70268,2,9,0,18,0,8,0,0,0,0,1,1,6,2,53,8,1242,1,11,-1,1,-1
201501KG70269,1,9,0,4,0,0,0,0,0,0,2,1,6,2,35,6,1240,1,11,-1,1,-1
201501KG70269,2,9,0,4,0,0,0,0,0,0,2,1,6,1,33,6,1364,2,11,-1,1,-1
201501KG70269,3,9,0,18,0,0,0,0,0,0,1,1,6,1,42,7,1998,1,14,-1,1,-1
201501KG70270,1,9,0,18,0,1,0,0,0,0,1,1,6,1,28,6,1299,1,14,-1,3,-1
201501KG70271,1,9,0,1,0,2,0,0,0,0,2,1,6,2,38,7,1490,1,10,-1,1,-1
201501KG70272,1,19,0,18,0,0,0,0,0,0,1,1,6,1,42,7,-1,-1,-1,-1,1,-1
201501KG70272,2,21,1,18,0,0,0,0,0,0,2,1,1,1,52,8,12419,2,1,-1,-1,-1
201501KG70275,1,9,0,3,0,1,0,0,0,0,2,1,6,2,44,7,1388,1,13,-1,1,-1
201501KG70275,2,9,0,18,0,1,0,0,0,0,1,1,6,1,-1,-1,1149,1,14,-1,-1,-1
201501KG70277,1,9,0,7,0,5,0,0,0,0,1,1,6,2,48,8,1998,1,9,-1,1,-1
201501KG70278,1,9,0,18,0,1,0,0,0,0,1,1,6,2,39,7,1398,1,3,-1,1,-1
201501KG70282,1,9,0,18,0,0,0,0,0,0,4,1,6,2,42,7,1871,2,10,-1,1,-1
201501KG70282,2,21,1,12,0,0,0,0,0,0,3,1,1,3,-1,-1,-1,-1,-1,-1,-1,-1
201501KG70283,1,9,0,18,0,2,0,0,0,0,1,1,6,1,46,8,1360,1,12,-1,-1,-1
201501KG70283,2,9,0,3,0,2,0,0,0,0,2,1,2,2,37,7,-1,-1,-1,-1,1,-1
201501KG70284,1,9,0,4,0,2,0,0,0,0,2,1,6,1,49,8,1896,2,8,-1,1,-1
201501KG70284,2,9,0,18,0,2,0,0,0,0,1,1,6,1,-1,-1,-1,-1,-1,-1,-1,-1
201501KG70285,1,9,0,5,0,0,0,0,0,0,1,1,6,1,39,7,2700,2,12,-1,1,-1
201501KG70286,1,9,0,18,0,0,0,0,0,0,3,1,6,1,36,7,1968,1,9,-1,2,-1
201501KG70287,1,9,0,18,0,0,0,0,0,0,1,1,3,1,30,6,1999,1,7,-1,1,-1
201501KG70288,1,9,0,4,0,1,0,0,0,0,1,1,6,1,40,7,1587,1,8,-1,1,-1
201501KG70288,2,9,0,4,0,1,0,0,0,0,2,1,6,2,29,6,1999,1,8,-1,1,-1
201501KG70291,1,9,0,6,0,0,0,0,0,0,3,1,6,1,46,8,998,1,14,-1,1,-1
201501KG70291,2,1,0,18,0,0,0,0,0,0,4,1,6,1,33,6,-1,-1,-1,-1,-1,-1
201501KG70292,1,9,0,3,0,1,0,0,0,0,1,1,6,2,21,5,1388,1,6,-1,1,-1
201501KG70292,2,9,0,7,0,2,0,0,0,0,1,1,6,3,-1,-1,1596,1,12,-1,-1,-1
201501KG70295,1,19,0,11,0,0,0,0,0,0,4,1,2,1,37,7,2143,2,2,-1,1,-1
201501KG70295,2,2,0,18,0,0,0,0,0,0,3,1,2,1,33,6,125,1,2,-1,1,-1
201501KG70296,1,9,0,2,0,0,0,0,0,0,2,1,3,2,47,8,1299,1,13,-1,1,-1
201501KG70296,2,8,0,1,0,0,0,4,0,0,2,1,6,1,-1,-1,1339,1,10,-1,-1,-1
201501KG70297,1,9,0,3,0,1,0,0,0,0,2,1,6,2,54,8,998,1,2,-1,1,-1
201501KG70297,2,9,0,18,0,1,0,0,0,0,1,1,6,3,-1,-1,1598,1,5,-1,-1,-1
201501KG70299,1,9,0,18,0,2,0,7,0,0,1,1,6,1,58,9,1587,1,16,-1,1,-1
201501KG70301,1,9,0,9,0,8,0,0,0,0,4,1,6,2,38,7,1246,1,10,-1,1,-1
201501KG70301,2,3,0,18,0,8,0,0,0,0,1,1,6,1,19,4,124,1,13,-1,1,-1
201501KG70303,1,9,0,9,0,8,0,0,0,0,1,1,6,1,49,8,1910,2,5,-1,1,-1
201501KG70303,2,9,0,18,0,8,0,0,0,0,3,1,6,1,49,8,-1,-1,-1,-1,1,-1
201501KG70305,1,9,0,3,0,0,0,0,0,0,2,1,6,2,36,7,1398,1,4,-1,1,-1
201501KG70305,2,2,0,18,0,0,0,0,0,0,1,1,6,1,23,5,124,1,4,-1,1,-1
201501KG70306,1,9,0,18,0,0,0,0,0,0,3,1,2,1,48,8,1598,1,13,-1,1,-1
201501KG70306,2,19,0,11,0,0,0,0,0,0,4,1,2,1,39,7,2148,2,7,-1,1,-1
201501KG70308,1,9,0,4,0,0,0,0,0,0,2,1,6,1,49,8,1587,1,12,-1,-1,-1
201501KG70308,2,9,0,18,0,0,0,0,0,0,1,1,6,1,-1,-1,1988,1,16,-1,-1,-1
201501KG70309,1,9,0,18,0,0,0,0,0,0,1,1,6,2,62,9,1598,1,9,-1,1,-1
201501KG70309,2,1,0,18,0,0,0,0,0,0,3,1,6,2,11,3,-1,-1,-1,-1,1,-1
201501KG70310,1,9,0,3,0,2,0,0,0,0,2,1,6,2,50,8,2143,2,2,-1,1,-1
201501KG70310,2,9,0,7,0,2,0,0,0,0,1,1,6,2,-1,-1,1388,1,14,-1,-1,-1
201501KG70311,1,11,0,18,0,8,0,0,0,0,0,1,6,1,46,8,6700,2,4,-1,1,-1
201501KG70314,1,9,0,18,0,0,0,0,0,0,1,1,6,1,19,4,1398,1,1,-1,-1,-1
201501KG70314,2,9,0,4,0,0,0,0,0,0,2,1,6,1,-1,-1,2231,2,2,-1,-1,-1
201501KG70315,1,9,0,18,0,8,0,0,0,0,4,1,6,1,21,5,998,1,1,-1,1,-1
201501KG70315,2,9,0,18,0,8,0,0,0,0,1,1,6,2,49,8,1988,1,13,-1,1,-1
201501KG70317,1,9,0,18,0,0,0,4,0,0,1,1,6,2,35,6,1590,1,12,-1,1,-1
201501KG70317,2,9,0,2,0,0,0,0,0,0,2,1,6,3,-1,-1,1339,1,10,-1,-1,-1
201501KG70320,1,9,0,18,0,0,0,10,1,2,4,1,6,2,27,6,1397,1,12,-1,1,-1
201501KG70321,1,9,0,4,0,1,0,0,0,0,2,1,6,2,19,4,1242,1,3,-1,1,-1
201501KG70321,2,19,0,18,0,1,0,0,0,0,1,1,6,1,18,4,-1,-1,-1,-1,-1,-1
201501KG70322,1,9,0,18,0,0,0,0,0,0,4,1,6,1,22,5,1242,1,12,-1,1,-1
201501KG70323,1,11,0,4,0,0,0,0,0,0,0,1,1,1,36,7,9360,2,5,-1,1,-1
201501KG70324,1,5,0,18,0,0,0,0,0,0,1,1,6,1,28,6,798,1,9,-1,1,-1
201501KG70324,2,9,0,18,0,0,0,0,0,0,2,1,1,1,34,6,1910,2,8,-1,1,-1
201501KG70325,1,5,0,9,0,8,0,0,0,0,4,1,6,1,28,6,102,1,10,-1,1,-1
201501KG70325,2,9,0,18,0,8,0,0,0,0,1,1,6,1,42,7,1968,2,5,-1,1,-1
201501KG70326,1,9,0,4,0,1,0,0,0,0,2,1,6,1,37,7,2799,1,17,-1,1,-1
201501KG70326,2,9,0,18,0,1,0,0,0,0,1,1,6,2,68,10,1398,2,6,-1,1,-1
201501KG70327,1,19,0,18,0,2,0,11,0,0,1,1,1,1,40,7,2402,2,6,-1,1,-1
201501KG70329,1,11,0,3,0,0,0,0,0,0,0,1,1,1,47,8,4250,2,6,-1,1,-1
201501KG70330,1,19,0,4,0,1,0,0,0,0,2,1,2,1,31,6,2198,2,3,-1,1,-1
201501KG70330,2,19,0,4,0,1,0,0,0,0,1,1,2,1,37,7,2287,2,2,-1,1,-1
201501KG70331,1,9,0,6,0,0,0,0,0,0,1,1,6,1,30,6,2204,2,11,-1,1,-1
201501KG70331,2,9,0,18,0,0,0,0,0,0,1,1,6,1,30,6,-1,-1,-1,-1,1,-1
201501KG70332,1,9,0,18,0,0,0,0,0,0,1,1,6,1,-1,-1,-1,-1,-1,-1,-1,-1
201501KG70333,1,9,0,11,0,0,0,0,0,0,4,1,6,2,48,8,1998,1,15,-1,1,-1
201501KG70333,2,21,1,18,0,0,0,0,0,0,3,1,1,1,30,6,11967,2,5,-1,-1,-1
201501KG70334,1,9,0,18,0,8,0,0,0,0,4,1,6,1,28,6,1796,1,11,-1,2,-1
201501KG70335,1,9,0,9,0,8,0,0,0,0,4,1,6,2,31,6,-1,-1,-1,-1,1,-1
201501KG70335,2,3,0,18,0,8,0,0,0,0,1,1,6,1,28,6,125,1,4,-1,1,-1
201501KG70336,1,9,0,18,0,1,0,0,0,0,2,1,6,2,49,8,1796,1,11,-1,2,-1
201501KG70336,2,9,0,18,0,1,0,0,0,0,1,1,6,3,-1,-1,2148,2,7,-1,-1,-1
201501KG70337,1,11,0,4,0,0,0,0,0,0,4,1,1,1,64,9,-1,-1,-1,-1,1,-1
201501KG70338,1,9,0,9,0,8,0,0,0,0,4,1,6,1,38,7,-1,-1,-1,-1,1,-1
201501KG70338,2,9,0,18,0,8,0,0,0,0,1,1,6,1,-1,-1,-1,-1,-1,-1,-1,-1
201501KG70339,1,9,0,13,0,0,0,0,0,0,4,1,6,2,51,8,1596,1,12,-1,1,-1
201501KG70339,2,5,0,18,0,0,0,0,0,0,3,1,6,1,54,8,-1,-1,-1,-1,1,-1
201501KG70340,1,9,0,9,0,8,0,0,0,0,4,1,6,2,26,6,1596,1,8,-1,-1,-1
201501KG70340,2,1,0,18,0,8,0,0,0,0,1,1,6,1,31,6,-1,-1,-1,-1,1,-1
201501KG70342,1,9,0,4,0,0,0,0,0,0,2,1,6,1,42,7,1598,1,9,-1,1,-1
201501KG70342,2,9,0,18,0,0,0,0,0,0,1,1,6,1,38,7,2198,1,8,-1,1,-1
201501KG70343,1,20,0,18,8,8,0,0,0,0,4,1,6,1,46,8,-1,-1,-1,-1,1,-1
201501KG70344,1,2,0,18,0,8,0,0,0,0,1,1,6,1,28,6,124,1,13,-1,1,-1
201501KG70344,2,9,0,9,0,8,0,0,0,0,4,1,6,3,-1,-1,1968,2,9,-1,-1,-1
201501KG70345,1,11,0,18,0,8,0,0,0,0,3,1,1,1,36,7,4500,2,5,-1,1,-1
201501KG70345,2,9,0,9,0,8,0,0,0,0,4,1,6,1,63,9,-1,-1,-1,-1,1,-1
201501KG70346,1,9,0,18,0,8,0,0,0,0,4,1,6,1,40,7,-1,-1,-1,-1,1,-1
201501KG70347,1,9,0,18,0,0,0,0,0,0,3,1,6,2,42,7,1364,1,10,-1,1,-1
201501KG70347,2,9,0,15,0,0,0,0,0,0,4,1,6,1,-1,-1,1596,1,20,-1,-1,-1
201501KG70348,1,9,0,4,0,8,0,0,0,0,2,1,6,2,58,9,1339,1,9,-1,1,-1
201501KG70348,2,9,0,18,0,8,0,0,0,0,1,1,6,1,-1,-1,-1,-1,-1,-1,-1,-1
201501KG70349,1,1,0,18,0,8,0,0,0,0,1,1,6,1,30,6,-1,-1,-1,-1,1,-1
201501KG70349,2,9,0,9,0,8,0,0,0,0,4,1,6,1,-1,-1,1997,2,1,-1,1,-1
201501KG70351,1,9,0,4,0,8,0,0,0,0,2,1,6,1,24,5,1968,2,8,-1,1,-1
201501KG70351,2,9,0,4,0,8,0,0,0,0,2,1,6,2,31,6,1997,2,14,-1,1,-1
201501KG70351,3,9,0,18,0,8,0,0,0,0,1,1,6,2,28,6,-1,-1,-1,-1,1,-1
201501KG70352,1,3,0,18,0,8,0,7,0,0,3,1,6,1,-1,-1,124,1,6,-1,1,-1
201501KG70353,1,9,0,18,0,0,0,0,0,0,4,1,6,1,45,7,-1,-1,-1,-1,1,-1
201501KG70355,1,9,0,18,9,0,0,10,1,2,1,1,6,1,22,5,1968,2,5,-1,1,-1
201501KG70356,1,9,0,3,0,0,0,0,0,0,2,1,6,1,45,7,1596,1,12,-1,1,-1
201501KG70356,2,9,0,18,0,0,0,0,0,0,1,1,6,2,-1,-1,1560,2,6,-1,1,-1
201501KG70359,1,9,0,10,0,8,0,0,0,0,2,1,6,2,34,6,1596,1,13,-1,1,-1
201501KG70359,2,19,0,18,0,8,0,0,0,0,1,1,6,1,-1,-1,-1,-1,-1,-1,-1,-1
201501KG70360,1,8,0,18,0,1,0,0,0,0,3,1,1,1,52,8,1998,2,8,-1,1,-1
201501KG70361,1,9,0,18,9,1,0,10,1,10,1,1,6,2,20,4,1198,1,13,-1,1,-1
201501KG70362,1,9,0,18,0,8,0,0,0,0,1,1,6,1,43,7,998,1,3,-1,1,-1
201501KG70362,2,9,0,18,0,8,0,0,0,0,4,1,6,3,-1,-1,2967,2,7,-1,-1,-1
201501KG70363,1,9,0,18,0,0,0,0,0,0,1,1,6,1,24,5,1998,2,7,-1,1,-1
201501KG70364,1,9,0,18,0,0,0,10,1,1,4,1,6,1,35,6,1799,1,9,-1,1,-1
201501KG70365,1,9,0,18,0,0,0,0,0,0,4,1,6,1,-1,-1,1332,1,6,-1,1,-1
201501KG70366,1,9,0,18,0,0,0,0,1,7,1,1,1,1,41,7,1797,8,4,-1,-1,-1
201501KG70366,2,9,0,11,0,0,0,0,0,0,4,1,6,3,-1,-1,-1,-1,-1,-1,-1,-1
201501KG70368,1,1,0,9,0,8,0,0,0,0,4,1,6,1,55,8,-1,-1,-1,-1,1,-1
201501KG70368,2,9,0,7,0,8,0,0,0,0,3,1,6,1,-1,-1,-1,-1,-1,-1,-1,-1
201501KG70369,1,9,0,18,0,0,0,0,0,0,3,1,6,2,45,7,-1,-1,-1,-1,1,-1
201501KG70369,2,9,0,11,0,0,0,0,0,0,4,1,6,1,-1,-1,1240,1,12,-1,1,-1
201501KG70370,1,19,0,18,0,1,0,4,0,0,1,1,6,1,29,6,4116,2,12,-1,1,-1
201501KG70370,2,9,0,2,0,1,0,0,0,0,2,1,6,2,-1,-1,1242,1,17,-1,1,-1
201501KG70372,1,8,0,3,0,0,0,0,0,0,2,1,1,1,67,10,2664,2,14,-1,-1,-1
201501KG70372,2,9,0,3,0,0,0,0,0,0,2,1,6,1,43,7,1560,2,1,-1,1,-1
201501KG70372,3,9,0,18,0,0,0,0,0,0,1,1,6,1,27,6,1995,2,5,-1,1,-1
201501KG70373,1,9,0,2,0,0,0,0,0,0,3,1,6,3,-1,-1,1461,2,1,-1,-1,-1
201501KG70373,2,9,0,18,0,0,0,0,0,0,4,1,6,1,-1,-1,1749,1,12,-1,-1,-1
201501KG70374,1,9,0,9,0,8,0,0,0,0,4,1,6,2,26,6,1794,1,14,-1,2,-1
201501KG70374,2,9,0,18,0,8,0,0,0,0,1,1,6,1,-1,-1,1600,1,11,-1,-1,-1
201501KG70377,1,9,0,18,0,1,0,0,0,0,1,1,1,1,-1,-1,-1,-1,-1,-1,-1,-1
201501KG70377,2,9,0,18,0,1,0,0,0,0,2,1,6,1,20,4,-1,-1,-1,-1,-1,-1
201501KG70379,1,9,0,7,0,5,0,0,0,0,4,1,6,1,43,7,1997,1,8,-1,1,-1
201501KG70379,2,1,0,18,0,1,0,0,0,0,3,1,6,1,31,6,-1,-1,-1,-1,1,-1
201501KG70380,1,19,0,18,0,0,0,0,0,0,1,1,6,1,32,6,2402,2,12,-1,1,-1
201501KG70380,2,9,0,18,0,0,0,0,0,0,2,1,6,2,24,5,1560,2,4,-1,1,-1
201501KG70380,3,9,0,18,0,0,0,0,0,0,2,1,6,1,37,7,1998,1,13,-1,1,-1
201501KG70380,4,9,0,18,0,0,0,0,0,0,2,1,6,2,25,5,2179,2,-1,-1,1,-1
201501KG70384,1,1,0,18,0,8,0,0,0,0,1,1,6,1,35,6,-1,-1,-1,-1,1,-1
201501KG70385,1,1,0,18,0,2,0,0,0,0,1,1,6,1,23,5,-1,-1,-1,-1,-1,-1
201501KG70386,1,9,0,18,0,8,0,0,0,0,1,1,6,2,-1,-1,-1,-1,-1,-1,-1,-1
201501KG70386,2,1,0,18,0,8,0,0,0,0,3,1,6,1,12,3,-1,-1,-1,-1,-1,-1
201501KG70388,1,9,0,3,0,0,0,0,0,0,2,1,3,2,42,7,1229,1,7,-1,1,-1
201501KG70388,2,9,0,18,0,0,0,0,0,0,1,1,6,3,-1,-1,-1,-1,-1,-1,-1,-1
201501KG70389,1,9,0,18,0,8,0,0,0,0,1,1,6,1,21,5,2143,2,1,-1,-1,-1
201501KG70389,2,9,0,4,0,8,0,0,0,0,2,1,6,1,24,5,1995,2,4,-1,1,-1
201501KG70389,3,9,0,4,0,8,0,0,0,0,2,1,6,1,36,7,1798,1,5,-1,-1,-1
201501KG70390,1,9,0,9,0,8,0,0,0,0,3,1,6,1,27,6,1995,2,8,-1,1,-1
201501KG70390,2,3,0,18,0,8,0,0,0,0,1,1,6,1,24,5,124,1,2,-1,1,-1
201501KG70391,1,3,0,18,0,8,0,0,0,0,1,1,6,1,19,4,125,1,1,-1,1,-1
201501KG70391,2,9,0,9,0,8,0,0,0,0,4,1,6,2,37,7,1995,2,12,-1,1,-1
201501KG70392,1,9,0,11,0,0,0,0,0,0,1,1,1,1,55,8,-1,-1,-1,-1,1,-1
201501KG70392,2,9,0,4,0,0,0,0,0,0,2,1,1,1,36,7,-1,-1,-1,-1,1,-1
201501KG70393,1,9,0,18,0,8,0,0,0,0,1,1,6,1,48,8,-1,-1,-1,-1,1,-1
201501KG70393,2,9,0,18,0,8,0,0,0,0,3,1,6,2,25,5,1299,1,14,-1,1,-1
201501KG70394,1,19,0,7,0,8,0,0,0,0,4,1,6,1,-1,-1,2402,2,11,-1,-1,-1
201501KG70395,1,9,0,3,0,8,0,0,0,0,3,1,6,1,73,10,1461,2,1,-1,1,-1
201501KG70395,2,9,0,13,0,8,0,0,0,0,1,1,6,2,-1,-1,1339,1,12,-1,-1,-1
201501KG70396,1,9,0,9,0,8,0,0,0,0,1,1,6,2,67,10,1242,1,13,-1,1,-1
201501KG70396,2,9,0,18,0,8,0,0,0,0,4,1,6,1,65,9,1364,1,-1,-1,1,-1
201501KG70397,1,9,0,18,0,8,0,0,0,0,2,1,6,1,24,5,1598,1,12,-1,-1,-1
201501KG70397,2,9,0,18,0,8,0,0,0,0,1,1,6,3,-1,-1,-1,-1,-1,-1,-1,-1
201501KG70398,1,21,0,18,0,8,0,0,0,0,1,1,1,1,-1,-1,-1,-1,-1,-1,-1,-1
201501KG70398,2,9,0,7,0,8,0,0,0,0,1,1,6,1,30,6,1997,1,14,-1,1,-1
201501KG70398,3,9,0,7,0,8,0,0,0,0,2,1,6,2,49,8,1299,1,13,-1,1,-1
201501KG70398,4,9,0,16,0,8,0,0,0,0,1,1,6,1,30,6,1590,1,11,-1,1,-1
201501KG70399,1,9,0,18,0,0,0,0,0,0,4,1,2,2,51,8,1896,2,11,-1,1,-1
201501KG70399,2,19,0,15,0,0,0,0,0,0,3,1,1,1,-1,-1,-1,-1,-1,-1,-1,-1
201501KG70400,1,9,0,7,0,8,0,0,0,0,4,1,6,2,21,5,1240,1,8,-1,1,-1
201501KG70400,2,1,0,18,0,8,0,0,0,0,1,1,6,2,8,2,-1,-1,-1,-1,1,-1