Accident_Index,Vehicle_Reference,Vehicle_Type,Towing_and_Articulation,Vehicle_Manoeuvre,Vehicle_Location-Restricted_Lane,Junction_Location,Skidding_and_Overturning,Hit_Object_in_Carriageway,Vehicle_Leaving_Carriageway,Hit_Object_off_Carriageway,1st_Point_of_Impact,Was_Vehicle_Left_Hand_Drive?,Journey_Purpose_of_Driver,Sex_of_Driver,Age_of_Driver,Age_Band_of_Driver,Engine_Capacity_(CC),Propulsion_Code,Age_of_Vehicle,Driver_IMD_Decile,Driver_Home_Area_Type,Vehicle_IMD_Decile
201501KG70401,1,1,0,18,0,0,0,0,0,0,3,1,6,1,21,5,-1,-1,-1,-1,1,-1
201501KG70401,2,9,0,13,0,0,0,0,0,0,4,1,6,3,-1,-1,-1,-1,-1,-1,-1,-1
201501KG70402,1,9,0,3,0,2,0,0,0,0,2,1,6,1,35,6,698,1,12,-1,1,-1
201501KG70402,2,9,0,18,0,2,0,0,0,0,1,1,6,1,-1,-1,1198,1,12,-1,1,-1
201501KG70404,1,9,0,7,0,8,0,0,0,0,1,1,6,1,25,5,3222,2,11,-1,1,-1
201501KG70405,1,9,0,8,0,8,0,0,0,0,2,1,6,2,-1,-1,1596,1,13,-1,1,-1
201501KG70405,2,9,0,7,0,8,0,0,0,0,1,1,6,1,-1,-1,1388,1,12,-1,1,-1
201501KG70406,1,9,0,4,0,8,0,0,0,0,2,1,6,1,-1,-1,1596,1,10,-1,1,-1
201501KG70406,2,9,0,18,0,8,0,0,0,0,1,1,6,1,-1,-1,-1,-1,-1,-1,-1,-1
201501KG70406,3,9,0,4,0,8,0,0,0,0,2,1,6,1,-1,-1,1560,2,1,-1,-1,-1
201501KG70407,1,21,1,18,0,2,0,0,0,0,2,1,1,1,51,8,-1,-1,-1,-1,1,-1
201501KG70407,2,9,0,18,0,2,0,0,0,0,3,1,6,1,47,8,1994,2,12,-1,-1,-1
201501KG70407,3,5,0,18,0,2,0,0,0,0,1,1,6,1,62,9,-1,-1,-1,-1,1,-1
201501KG70408,1,5,0,13,0,0,0,0,0,0,4,1,6,1,27,6,599,1,14,-1,3,-1
201501KG70408,2,9,0,6,0,0,0,0,0,0,3,1,6,1,-1,-1,-1,-1,-1,-1,-1,-1
201501KG70409,1,9,0,18,0,0,0,0,0,0,1,1,6,2,37,7,1388,1,11,-1,1,-1
201501KG70411,1,9,0,17,0,1,0,0,0,0,2,1,6,1,38,7,1397,1,14,-1,1,-1
201501KG70411,2,9,0,16,0,1,0,0,0,0,1,1,6,1,82,11,1587,1,12,-1,1,-1
201501KG70412,1,9,0,18,0,2,0,0,0,0,3,1,6,1,-1,-1,1596,1,8,-1,-1,-1
201501KG70412,2,1,0,18,0,2,0,0,0,0,4,1,6,1,17,4,-1,-1,-1,-1,-1,-1
201501KG70413,1,9,0,18,0,8,0,0,0,0,1,1,6,1,31,6,1590,1,13,-1,1,-1
201501KG70413,2,9,0,4,0,8,0,0,0,0,2,1,6,1,30,6,1896,2,13,-1,1,-1
201501KG70414,1,11,0,9,0,8,0,0,0,0,0,1,1,1,39,7,9360,2,5,-1,1,-1
201501KG70415,1,9,0,7,0,8,0,10,7,10,1,1,6,2,55,8,1685,2,1,-1,1,-1
201501KG70416,1,9,0,18,0,2,0,0,0,0,3,1,6,1,32,6,2401,2,11,-1,1,-1
201501KG70416,2,9,0,14,0,1,0,0,0,0,3,1,1,1,34,6,1910,2,6,-1,1,-1
201501KG70417,1,9,0,3,0,0,0,0,0,0,2,1,6,1,60,9,1998,1,13,-1,1,-1
201501KG70417,2,9,0,3,0,0,0,0,0,0,2,1,6,1,51,8,-1,-1,-1,-1,1,-1
201501KG70417,3,9,0,3,0,0,0,0,0,0,2,1,6,2,48,8,-1,-1,-1,-1,1,-1
201501KG70417,4,9,0,18,0,0,0,0,0,0,1,1,6,1,19,4,1598,1,7,-1,1,-1
201501KG70418,1,9,0,13,0,1,0,0,0,0,4,1,6,3,-1,-1,1229,1,9,-1,-1,-1
201501KG70418,2,1,0,18,0,1,0,0,0,0,2,1,6,1,49,8,-1,-1,-1,-1,1,-1
201501KG70419,1,9,0,4,0,1,0,0,0,0,2,1,6,1,35,6,1968,2,8,-1,1,-1
201501KG70419,2,9,0,4,0,1,0,0,0,0,1,1,6,1,26,6,1796,1,13,-1,1,-1
201501KG70420,1,9,0,18,0,8,0,0,0,0,4,1,6,1,40,7,1997,2,11,-1,1,-1
201501KG70420,2,9,0,18,0,8,0,0,0,0,1,1,6,1,44,7,1798,1,7,-1,1,-1
201501KG70420,3,9,0,2,0,8,0,0,0,0,3,1,6,1,55,8,1229,1,7,-1,1,-1
201501KG70421,1,9,0,14,0,2,0,0,0,0,4,1,2,1,63,9,1700,2,16,-1,1,-1
201501KG70422,1,9,0,18,0,1,0,0,0,0,1,1,6,2,56,9,1999,1,8,-1,1,-1
201501KG70423,1,9,0,9,0,2,0,0,0,0,3,1,6,2,32,6,1240,1,5,-1,1,-1
201501KG70424,1,9,0,17,0,8,0,10,2,10,1,1,6,1,24,5,1798,1,8,-1,1,-1
201501KG70425,1,5,0,18,0,0,0,0,0,0,4,1,6,1,34,6,599,1,8,-1,1,-1
201501KG70425,2,9,0,12,0,0,0,0,0,0,3,1,6,3,-1,-1,-1,-1,-1,-1,-1,-1
201501KG70426,1,9,0,18,0,0,0,0,0,0,3,1,6,1,32,6,1997,1,7,-1,-1,-1
201501KG70426,2,1,0,18,0,0,0,0,0,0,1,1,6,1,5,1,-1,-1,-1,-1,-1,-1
201501KG70427,1,9,0,18,0,8,0,0,0,0,4,1,6,2,30,6,1598,1,7,-1,1,-1
201501KG70427,2,9,0,9,0,8,0,0,0,0,1,1,6,1,-1,-1,1596,1,11,-1,-1,-1
201501KG70428,1,9,0,18,0,0,1,4,7,0,3,1,6,3,-1,-1,2993,2,3,-1,-1,-1
201501KG70428,2,9,0,2,0,0,0,0,0,0,3,1,6,1,-1,-1,1598,1,7,-1,-1,-1
201501KG70428,3,9,0,2,0,0,0,0,0,0,4,1,6,3,-1,-1,1998,1,12,-1,-1,-1
201501KG70428,4,19,0,2,0,0,5,0,0,0,3,1,6,3,-1,-1,-1,-1,-1,-1,-1,-1
201501KG70430,1,9,0,18,0,0,0,0,0,0,1,1,6,1,45,7,1997,2,4,-1,1,-1
201501KG70431,1,9,0,3,0,1,0,0,0,0,2,1,6,2,-1,-1,1242,1,11,-1,2,-1
201501KG70431,2,9,0,18,0,1,0,0,0,0,1,1,6,2,33,6,1995,2,5,-1,1,-1
201501KG70432,1,1,0,18,0,1,0,0,0,0,1,1,6,1,-1,-1,-1,-1,-1,-1,-1,-1
201501KG70433,1,4,0,14,0,0,0,0,0,0,1,1,6,3,-1,-1,-1,-1,-1,-1,-1,-1
201501KG70434,1,9,0,18,0,1,0,0,0,0,1,1,1,1,34,6,998,1,1,-1,1,-1
201501KG70435,1,11,0,18,0,8,0,0,0,0,0,1,1,1,-1,-1,4250,2,6,-1,1,-1
201501KG70436,1,9,0,14,0,0,0,0,0,0,4,1,6,1,38,7,1968,2,9,-1,1,-1
201501KG70437,1,11,0,4,0,0,0,0,0,0,0,1,1,1,30,6,6700,2,4,-1,1,-1
201501KG70438,1,9,0,7,0,5,0,0,0,0,4,1,2,1,54,8,1995,2,4,-1,1,-1
201501KG70438,2,3,0,18,0,1,0,0,0,0,3,1,6,1,20,4,-1,-1,-1,-1,1,-1
201501KG70439,1,9,0,4,0,0,0,0,0,0,2,1,6,1,53,8,1461,2,1,-1,1,-1
201501KG70439,2,9,0,4,0,0,0,0,0,0,2,1,6,1,24,5,1995,1,14,-1,1,-1
201501KG70439,3,9,0,18,0,0,0,0,0,0,1,1,6,2,48,8,1596,1,13,-1,1,-1
201501KG70440,1,9,0,5,0,8,0,0,0,0,1,1,6,1,-1,-1,1984,1,12,-1,1,-1
201501KG70440,2,9,0,9,0,5,5,0,0,0,1,1,6,2,28,6,998,1,7,-1,1,-1
201501KG70443,1,9,0,12,0,0,0,0,0,0,3,1,2,1,21,5,1598,1,6,-1,1,-1
201501KG70443,2,5,0,18,0,0,0,0,0,0,4,1,2,1,59,9,1284,1,11,-1,1,-1
201501KG70444,1,3,0,14,0,1,0,0,0,0,1,1,6,1,23,5,125,1,4,-1,1,-1
201501KG70445,1,1,0,18,0,8,0,0,0,0,1,1,2,1,-1,-1,-1,-1,-1,-1,-1,-1
201501KG70446,1,9,0,18,0,8,0,0,0,0,4,1,6,1,42,7,2967,1,5,-1,1,-1
201501KG70446,2,9,0,18,0,8,0,0,0,0,1,1,6,2,54,8,1360,1,12,-1,1,-1
201501KG70448,1,5,0,18,0,8,0,0,0,0,1,1,6,1,24,5,675,1,9,-1,1,-1
201501KG70448,2,9,0,9,0,8,0,0,0,0,3,1,6,1,30,6,1596,1,3,-1,1,-1
201501KG70449,1,9,0,4,0,0,0,0,0,0,2,1,6,1,28,6,1995,2,10,-1,-1,-1
201501KG70449,2,9,0,18,0,0,0,0,0,0,1,1,6,1,-1,-1,1596,1,7,-1,-1,-1
201501KG70452,1,9,0,18,0,1,0,0,0,0,1,1,3,2,33,6,998,1,1,-1,1,-1
201501KG70452,2,5,0,4,0,1,0,0,0,0,2,1,2,1,48,8,998,1,4,-1,1,-1
201501KG70453,1,9,0,18,0,8,0,0,0,0,3,1,6,2,-1,-1,1299,1,15,-1,1,-1
201501KG70453,2,5,0,18,0,8,0,0,0,0,1,1,6,1,32,6,599,1,-1,-1,1,-1
201501KG70455,1,9,0,18,0,0,0,0,0,0,4,1,6,2,33,6,2497,2,10,-1,1,-1
201501KG70455,2,9,0,12,0,0,0,0,0,0,3,1,6,1,-1,-1,1798,1,12,-1,-1,-1
201501KG70456,1,9,0,18,0,0,0,4,0,0,1,1,6,2,40,7,1149,1,12,-1,-1,-1
201501KG70456,2,9,0,2,0,0,0,0,0,0,2,1,6,3,-1,-1,-1,-1,-1,-1,-1,-1
201501KG70457,1,9,0,3,0,8,0,0,0,0,3,1,6,2,32,6,1199,1,13,-1,1,-1
201501KG70457,2,19,0,11,0,8,0,0,0,0,4,1,6,1,-1,-1,2402,2,8,-1,1,-1
201501KG70458,1,4,0,18,0,8,0,0,0,0,1,1,2,1,43,7,124,1,3,-1,1,-1
201501KG70458,2,8,0,9,0,8,0,0,0,0,3,1,1,1,52,8,1798,8,1,-1,1,-1
201501KG70459,1,9,0,18,0,0,0,4,0,0,1,1,6,2,23,5,1388,1,3,-1,1,-1
201501KG70459,2,8,0,2,0,0,0,4,0,0,2,1,6,1,43,7,2499,2,4,-1,1,-1
201501KG70459,3,9,0,2,0,0,0,0,0,0,2,1,6,2,28,6,1587,1,10,-1,1,-1
201501KG70460,1,9,0,18,0,0,0,0,0,0,3,1,6,1,43,7,1598,1,1,-1,1,-1
201501KG70460,2,19,0,11,0,0,0,0,0,0,4,1,1,3,-1,-1,-1,-1,-1,-1,-1,-1
201501KG70461,1,3,0,18,0,8,0,0,0,0,1,1,1,1,17,4,108,1,1,-1,1,-1
201501KG70461,2,9,0,18,0,8,0,0,0,0,4,1,6,2,29,6,1598,1,6,-1,1,-1
201501KG70462,1,9,0,18,0,8,0,0,0,0,4,1,6,1,44,7,1997,2,11,-1,1,-1
201501KG70462,2,20,0,12,0,8,0,0,0,0,3,1,1,3,-1,-1,6870,2,4,-1,-1,-1
201501KG70464,1,5,0,17,0,0,0,0,0,0,1,1,6,1,26,6,499,1,15,-1,1,-1
201501KG70464,2,20,0,1,0,0,0,0,0,0,2,1,1,1,23,5,2287,2,5,-1,1,-1
201501KG70465,1,1,0,17,0,8,0,0,0,0,4,1,6,1,42,7,-1,-1,-1,-1,1,-1
201501KG70465,2,9,0,17,0,8,0,0,0,0,3,1,6,2,32,6,2035,1,9,-1,1,-1
201501KG70467,1,8,0,18,0,0,0,0,0,0,2,1,1,1,45,7,1968,2,2,-1,1,-1
201501KG70467,2,9,0,18,0,0,0,0,0,0,1,1,6,3,-1,-1,-1,-1,-1,-1,-1,-1
201501KG70468,1,9,0,9,0,8,0,0,0,0,4,1,6,1,21,5,1390,1,11,-1,1,-1
201501KG70468,2,9,0,18,0,8,0,0,0,0,1,1,6,1,-1,-1,1399,2,13,-1,-1,-1
201501KG70469,1,90,0,18,9,0,0,8,0,0,3,1,6,1,76,11,-1,-1,-1,-1,1,-1
201501KG70469,2,9,0,2,0,0,0,0,0,0,4,1,6,1,-1,-1,-1,-1,-1,-1,-1,-1
201501KG70470,1,9,0,18,0,0,0,0,0,0,2,1,6,1,29,6,1598,1,5,-1,1,-1
201501KG70470,2,9,0,18,0,0,0,0,0,0,1,1,6,2,22,5,1242,1,6,-1,1,-1
201501KG70471,1,9,0,7,0,2,0,0,0,0,3,1,6,2,22,5,3628,2,6,-1,1,-1
201501KG70471,2,21,0,11,0,2,0,0,0,0,4,1,1,1,-1,-1,-1,-1,-1,-1,-1,-1
201501KG70472,1,9,0,18,0,0,0,0,0,0,2,1,6,1,23,5,1331,1,20,-1,3,-1
201501KG70472,2,9,0,18,0,0,0,0,0,0,1,1,6,3,-1,-1,1998,1,14,-1,-1,-1
201501KG70473,1,9,0,9,0,8,0,0,0,0,4,1,6,1,31,6,2993,2,9,-1,1,-1
201501KG70473,2,9,0,9,0,8,0,0,0,0,1,1,6,1,32,6,1242,1,18,-1,1,-1
201501KG70474,1,21,1,4,0,0,0,0,0,0,2,1,1,1,29,6,12900,2,7,-1,1,-1
201501KG70474,2,21,1,4,0,0,0,0,0,0,1,1,1,1,36,7,11967,2,4,-1,1,-1
201501KG70476,1,9,0,3,0,0,0,0,0,0,2,1,6,2,28,6,1796,1,9,-1,1,-1
201501KG70476,2,9,0,4,0,0,0,0,0,0,1,1,6,1,47,8,1783,1,15,-1,1,-1
201501KG70477,1,9,0,7,0,8,0,0,0,0,4,1,6,1,22,5,1364,1,5,-1,1,-1
201501KG70478,1,2,0,18,0,8,0,0,0,0,4,1,6,1,37,7,249,1,12,-1,1,-1
201501KG70478,2,9,0,9,0,8,0,0,0,0,1,1,6,1,45,7,4164,2,10,-1,1,-1
201501KG70479,1,9,0,6,0,2,0,0,0,0,0,1,6,1,25,5,1242,1,2,-1,-1,-1
201501KG70479,2,5,0,18,0,2,0,4,0,0,1,1,6,1,38,7,599,1,7,-1,-1,-1
201501KG70479,3,9,0,2,0,2,0,0,0,0,2,1,6,3,-1,-1,-1,-1,-1,-1,-1,-1
201501KG70482,1,9,0,4,0,0,0,0,0,0,2,1,6,1,22,5,1198,1,8,-1,1,-1
201501KG70482,2,9,0,4,0,0,0,0,0,0,2,1,6,1,28,6,1781,1,14,-1,1,-1
201501KG70482,3,9,0,4,0,0,0,0,0,0,2,1,6,1,51,8,-1,-1,-1,-1,1,-1
201501KG70482,4,9,0,18,0,0,0,0,0,0,1,1,6,1,-1,-1,-1,-1,-1,-1,-1,-1
201501KG70483,1,9,0,18,0,8,0,0,0,0,1,1,6,1,42,7,1998,2,11,-1,1,-1
201501KG70484,1,19,0,6,0,1,0,0,0,0,3,1,1,1,46,8,4500,2,-1,-1,1,-1
201501KG70484,2,8,0,18,0,1,0,0,0,0,4,1,1,1,46,8,1998,2,4,-1,1,-1
201501KG70485,1,9,0,4,0,8,0,0,0,0,2,1,6,2,31,6,1086,1,6,-1,1,-1
201501KG70485,2,9,0,18,0,8,0,0,0,0,1,1,6,2,-1,-1,1596,1,2,-1,1,-1
201501KG70485,3,9,0,4,0,8,0,0,0,0,2,1,6,1,-1,-1,-1,-1,-1,-1,-1,-1
201501KG70486,1,9,0,18,0,8,0,0,0,0,4,1,6,2,22,5,1329,1,4,-1,1,-1
201501KG70487,1,9,0,18,0,8,0,0,0,0,4,1,6,2,54,8,1975,1,8,-1,1,-1
201501KG70489,1,9,0,18,0,8,0,0,0,0,4,1,6,1,52,8,-1,-1,-1,-1,1,-1
201501KG70489,2,9,0,9,0,8,0,0,0,0,3,1,6,2,17,4,-1,-1,-1,-1,1,-1
201501KG70490,1,5,0,18,0,1,0,0,0,0,3,1,6,1,34,6,998,1,8,-1,1,-1
201501KG70490,2,9,0,18,0,2,0,0,0,0,0,1,6,3,-1,-1,-1,-1,-1,-1,-1,-1
201501KG70491,1,1,0,18,0,8,0,0,0,0,1,1,6,1,22,5,-1,-1,-1,-1,-1,-1
201501KG70491,2,9,0,7,0,8,0,0,0,0,4,1,6,1,-1,-1,1995,2,13,-1,-1,-1
201501KG70494,1,9,0,18,0,8,0,0,0,0,1,1,6,1,21,5,-1,-1,-1,-1,1,-1
201501KG70494,2,9,0,10,0,8,0,0,0,0,2,1,6,1,44,7,-1,-1,-1,-1,-1,-1
201501KG70494,3,9,0,10,0,8,0,0,0,0,2,1,6,1,54,8,1998,1,12,-1,1,-1
201501KG70495,1,11,0,4,0,1,0,0,0,0,0,1,1,2,39,7,6700,2,4,-1,1,-1
201501KG70496,1,5,0,3,0,1,0,0,0,0,2,1,6,1,24,5,1037,1,1,-1,1,-1
201501KG70496,2,9,0,18,0,1,0,0,0,0,1,1,6,2,30,6,1490,1,9,-1,1,-1
201501KG70497,1,9,0,18,0,1,0,0,0,0,1,1,6,1,38,7,1598,1,14,-1,1,-1
201501KG70497,2,9,0,4,0,1,0,0,0,0,2,1,6,1,32,6,1461,2,4,-1,1,-1
201501KG70498,1,9,0,18,0,8,0,0,0,0,4,1,6,1,30,6,1798,8,2,-1,1,-1
201501KG70500,1,11,0,16,0,8,0,0,0,0,4,1,6,2,25,5,-1,-1,-1,-1,2,-1
201501KG70501,1,11,0,16,0,1,0,0,0,0,0,1,1,1,42,7,9000,2,7,-1,-1,-1
201501KG70502,1,9,0,9,0,8,0,0,0,0,4,1,6,1,22,5,-1,-1,-1,-1,1,-1
201501KG70502,2,9,0,18,0,8,0,0,0,0,1,1,6,2,51,8,-1,-1,-1,-1,1,-1
201501KG70503,1,3,0,18,0,8,1,10,1,4,4,1,6,1,35,6,125,1,-1,-1,1,-1
201501KG70504,1,9,0,18,0,8,0,0,0,0,3,1,6,2,42,7,998,1,3,-1,1,-1
201501KG70505,1,9,0,18,0,8,0,0,0,0,3,1,6,1,31,6,1061,1,12,-1,1,-1
201501KG70505,2,9,0,18,0,8,0,0,0,0,4,1,6,2,28,6,1296,1,16,-1,1,-1
201501KG70507,1,3,0,3,0,2,0,0,0,0,1,1,6,2,27,6,125,1,2,-1,1,-1
201501KG70507,2,9,0,1,0,2,0,0,0,0,2,1,6,1,35,6,1390,1,11,-1,1,-1
201501KG70510,1,9,0,18,0,1,0,0,0,0,1,1,6,1,63,9,1995,2,3,-1,1,-1
201501KG70511,1,9,0,15,0,8,0,0,0,0,1,1,6,2,32,6,-1,-1,-1,-1,1,-1
201501KG70511,2,9,0,5,0,8,0,0,0,0,4,1,3,2,40,7,1896,2,12,-1,1,-1
201501KG70512,1,9,0,3,0,1,0,0,0,0,2,1,6,1,42,7,1798,1,10,-1,1,-1
201501KG70512,2,9,0,4,0,1,0,0,0,0,1,1,6,1,39,7,2993,2,6,-1,1,-1
201501KG70514,1,9,0,3,0,1,0,0,0,0,2,1,6,2,54,8,1796,1,5,-1,1,-1
201501KG70514,2,9,0,18,0,1,0,0,0,0,1,1,6,2,24,5,1995,1,5,-1,1,-1
201501KG70515,1,9,0,18,0,8,0,0,0,0,3,1,6,2,49,8,2000,1,23,-1,1,-1
201501KG70515,2,9,0,9,0,8,0,0,0,0,1,1,6,2,57,9,1248,1,3,-1,1,-1
201501KG70516,1,21,0,5,0,1,0,0,0,0,1,1,1,1,48,8,12419,2,1,-1,1,-1
201501KG70516,2,9,0,3,0,1,0,0,0,0,2,1,6,2,28,6,2148,2,7,-1,1,-1
201501KG70516,3,9,0,3,0,1,0,0,0,0,2,1,6,1,39,7,1596,1,12,-1,1,-1
201501KG70517,1,9,0,18,0,0,0,0,0,0,3,1,6,2,52,8,1997,1,5,-1,1,-1
201501KG70517,2,9,0,18,0,0,0,0,0,0,1,1,6,1,-1,-1,5204,1,1,-1,-1,-1
201501KG70518,1,9,0,12,0,0,0,0,0,0,3,1,6,1,36,7,-1,-1,-1,-1,-1,-1
201501KG70518,2,9,0,18,0,0,0,7,0,0,2,1,6,1,53,8,1198,1,3,-1,1,-1
201501KG70519,1,9,0,3,0,1,0,0,0,0,2,1,6,1,58,9,1769,1,12,-1,1,-1
201501KG70519,2,19,0,4,0,1,0,0,0,0,1,1,6,1,-1,-1,-1,-1,-1,-1,-1,-1
201501KG70520,1,9,0,4,0,8,0,0,0,0,2,1,6,1,36,7,1968,2,5,-1,1,-1
201501KG70520,2,9,0,18,0,8,0,0,0,0,1,1,6,1,24,5,998,1,1,-1,1,-1
201501KG70521,1,9,0,18,0,0,0,4,0,0,1,1,6,2,34,6,1389,1,16,-1,1,-1
201501KG70521,2,19,0,2,0,0,0,0,0,0,2,1,6,3,-1,-1,1560,2,3,-1,-1,-1
201501KG70522,1,3,0,14,0,0,0,0,0,0,1,1,6,1,24,5,124,1,4,-1,1,-1
201501KG70523,1,9,0,17,0,8,0,0,0,0,1,1,6,3,-1,-1,1995,2,14,-1,-1,-1
201501KG70523,2,1,0,17,0,8,0,0,0,0,2,1,6,1,36,7,-1,-1,-1,-1,1,-1
201501KG70525,1,9,0,4,0,1,0,0,0,0,2,1,6,1,35,6,1596,1,13,-1,1,-1
201501KG70525,2,3,0,18,0,1,0,0,0,0,1,1,6,1,19,4,124,1,2,-1,1,-1
201501KG70526,1,9,0,18,0,0,0,0,0,0,1,1,6,1,43,7,999,1,-1,-1,1,-1
201501KG70527,1,9,0,5,0,0,0,0,0,0,3,1,6,2,38,7,1794,1,10,-1,1,-1
201501KG70527,2,9,0,18,0,0,0,0,0,0,4,1,6,1,31,6,2099,1,13,-1,1,-1
201501KG70530,1,9,0,4,0,0,0,0,0,0,2,1,6,1,20,4,1997,2,7,-1,1,-1
201501KG70530,2,3,0,18,0,0,0,0,0,0,1,1,6,1,23,5,124,1,8,-1,1,-1
201501KG70531,1,9,0,18,0,1,0,0,0,0,3,1,6,2,55,8,1299,1,10,-1,1,-1
201501KG70531,2,20,0,11,0,1,0,0,0,0,4,1,1,1,42,7,-1,-1,-1,-1,1,-1
201501KG70532,1,9,0,14,0,0,0,0,0,0,3,1,6,1,51,8,-1,-1,-1,-1,1,-1
201501KG70532,2,3,0,13,0,0,0,0,0,0,4,1,6,1,34,6,100,1,7,-1,1,-1
201501KG70533,1,9,0,4,0,0,0,0,0,0,2,1,6,1,42,7,1997,2,3,-1,1,-1
201501KG70533,2,9,0,18,0,0,0,0,0,0,1,1,6,1,28,6,1560,2,1,-1,1,-1
201501KG70536,1,4,0,3,0,1,0,0,0,0,2,1,6,1,35,6,998,1,4,-1,1,-1
201501KG70536,2,9,0,4,0,1,0,0,0,0,1,1,6,3,-1,-1,-1,-1,-1,-1,-1,-1
201501KG70537,1,19,0,3,0,0,0,0,0,0,2,1,6,1,31,6,-1,-1,-1,-1,1,-1
201501KG70537,2,9,0,4,0,0,0,0,0,0,1,1,6,1,-1,-1,-1,-1,-1,-1,-1,-1
201501KG70539,1,11,0,18,0,2,0,0,0,0,1,1,1,1,64,9,4500,2,3,-1,1,-1
201501KG70541,1,5,0,16,0,2,0,0,0,0,0,1,6,1,36,7,1261,1,10,-1,1,-1
201501KG70542,1,9,0,3,0,0,0,0,0,0,2,1,6,1,20,4,1596,1,1,-1,1,-1
201501KG70542,2,9,0,4,0,0,0,0,0,0,1,1,6,2,38,7,1399,2,11,-1,1,-1
201501KG70543,1,9,0,18,0,2,0,0,0,0,1,1,6,1,68,10,1399,2,3,-1,1,-1
201501KG70544,1,9,0,18,0,8,0,0,0,0,1,1,6,1,28,6,-1,-1,-1,-1,1,-1
201501KG70544,2,9,0,18,0,8,0,0,0,0,1,1,6,1,21,5,1242,1,9,-1,1,-1
201501KG70544,3,9,0,9,0,8,0,0,0,0,1,1,6,2,34,6,1242,1,2,-1,1,-1
201501KG70546,1,9,0,3,0,0,0,0,0,0,2,1,6,1,24,5,1242,1,10,-1,-1,-1
201501KG70546,2,9,0,5,0,0,0,0,0,0,1,1,6,3,-1,-1,2698,2,6,-1,-1,-1
201501KG70547,1,9,0,9,0,8,0,0,0,0,1,1,6,1,23,5,1796,2,2,-1,1,-1
201501KG70547,2,9,0,18,0,8,0,0,0,0,3,1,6,1,56,9,2000,2,9,-1,1,-1
201501KG70548,1,9,0,18,0,1,0,0,0,0,1,1,2,1,39,7,-1,-1,-1,-1,1,-1
201501KG70549,1,3,0,18,0,0,0,0,0,0,4,1,2,1,22,5,125,1,-1,-1,1,-1
201501KG70551,1,9,0,18,0,0,0,0,0,0,1,1,6,1,-1,-1,-1,-1,-1,-1,-1,-1
201501KG70553,1,9,0,18,0,1,0,0,0,0,1,1,6,2,20,4,1149,1,13,-1,-1,-1
201501KG70553,2,9,0,10,0,1,0,0,0,0,2,1,6,1,40,7,2231,2,8,-1,-1,-1
201501KG70553,3,9,0,10,0,8,0,0,0,0,0,1,1,2,25,5,1560,2,1,-1,-1,-1
201501KG70554,1,9,0,9,0,8,0,0,0,0,3,1,6,1,58,9,1999,1,14,-1,1,-1
201501KG70554,2,3,0,13,0,8,0,0,0,0,4,1,6,1,17,4,125,1,-1,-1,1,-1
201501KG70555,1,9,0,18,0,0,0,0,0,0,1,1,6,1,35,6,2793,1,16,-1,1,-1
201501KG70555,2,9,0,18,0,0,0,0,0,0,2,1,6,1,-1,-1,996,1,2,-1,1,-1
201501KG70555,3,9,0,18,0,0,0,0,0,0,1,1,6,3,-1,-1,-1,-1,-1,-1,-1,-1
201501KG70556,1,9,0,4,0,1,0,0,0,0,2,1,6,1,37,7,1198,1,12,-1,1,-1
201501KG70556,2,9,0,18,0,1,0,0,0,0,1,1,6,1,31,6,-1,-1,-1,-1,1,-1
201501KG70557,1,9,0,16,0,8,0,0,0,0,2,1,6,1,44,7,1797,8,3,-1,1,-1
201501KG70557,2,19,0,16,0,8,0,0,0,0,1,1,6,1,-1,-1,-1,-1,-1,-1,-1,-1
201501KG70558,1,9,0,18,0,0,0,0,0,0,1,1,6,3,-1,-1,-1,-1,-1,-1,-1,-1
201501KG70559,1,9,0,18,0,0,0,0,0,0,3,1,6,1,43,7,1796,1,4,-1,1,-1
201501KG70559,2,9,0,13,0,0,0,0,0,0,4,1,6,1,-1,-1,1596,1,9,-1,-1,-1
201501KG70561,1,3,0,18,0,8,0,0,0,0,4,1,6,1,18,4,125,1,9,-1,1,-1
201501KG70561,2,9,0,9,0,8,0,0,0,0,1,1,6,2,-1,-1,1461,2,3,-1,-1,-1
201501KG70562,1,9,0,7,0,2,0,0,0,0,1,1,6,3,-1,-1,-1,-1,-1,-1,-1,-1
201501KG70563,1,21,1,18,0,2,0,0,0,0,3,1,1,1,52,8,-1,-1,-1,-1,1,-1
201501KG70563,2,9,0,18,0,2,0,0,0,0,4,1,6,2,34,6,1587,1,8,-1,-1,-1
201501KG70563,3,19,0,18,0,2,0,0,0,0,3,1,6,1,30,6,2402,2,11,-1,1,-1
201501KG70564,1,19,0,18,0,8,0,0,0,0,1,1,6,1,30,6,2402,2,11,-1,1,-1
201501KG70564,2,9,0,18,0,8,0,0,0,0,4,1,6,1,23,5,1242,1,10,-1,1,-1
201501KG70565,1,8,0,18,0,0,0,0,0,0,3,1,2,1,33,6,1968,2,1,-1,1,-1
201501KG70565,2,9,0,13,0,0,0,0,0,0,4,1,6,1,-1,-1,1896,2,11,-1,1,-1
201501KG70566,1,19,0,7,0,5,0,0,0,0,4,1,1,1,-1,-1,-1,-1,-1,-1,-1,-1
201501KG70566,2,9,0,18,0,1,0,0,0,0,3,1,6,1,25,5,1364,1,6,-1,1,-1
201501KG70567,1,9,0,3,0,0,0,0,0,0,2,1,6,1,31,6,-1,-1,-1,-1,1,-1
201501KG70567,2,9,0,4,0,0,0,0,0,0,1,1,6,1,24,5,2148,2,6,-1,1,-1
201501KG70568,1,9,0,18,0,8,0,0,0,0,1,1,6,1,83,11,995,1,4,-1,1,-1
201501KG70568,2,1,0,9,0,8,0,0,0,0,2,1,6,2,38,7,-1,-1,-1,-1,1,-1
201501KG70569,1,9,0,18,0,8,0,0,0,0,3,1,6,2,34,6,1598,1,10,-1,1,-1
201501KG70569,2,1,0,18,0,8,0,0,0,0,1,1,6,1,39,7,-1,-1,-1,-1,1,-1