Accident_Index,Vehicle_Reference,Vehicle_Type,Towing_and_Articulation,Vehicle_Manoeuvre,Vehicle_Location-Restricted_Lane,Junction_Location,Skidding_and_Overturning,Hit_Object_in_Carriageway,Vehicle_Leaving_Carriageway,Hit_Object_off_Carriageway,1st_Point_of_Impact,Was_Vehicle_Left_Hand_Drive?,Journey_Purpose_of_Driver,Sex_of_Driver,Age_of_Driver,Age_Band_of_Driver,Engine_Capacity_(CC),Propulsion_Code,Age_of_Vehicle,Driver_IMD_Decile,Driver_Home_Area_Type,Vehicle_IMD_Decile
201501KG70570,1,9,0,18,0,1,0,0,0,0,4,1,6,1,-1,-1,-1,-1,-1,-1,-1,-1
201501KG70571,1,3,0,13,0,0,0,0,0,0,4,1,6,1,35,6,125,1,14,-1,1,-1
201501KG70571,2,9,0,6,0,0,0,0,0,0,3,1,6,2,39,7,1685,2,-1,-1,1,-1
201501KG70572,1,9,0,18,0,8,0,0,0,0,1,1,6,1,40,7,1999,1,12,-1,1,-1
201501KG70572,2,9,0,3,0,8,0,0,0,0,3,1,6,1,48,8,1968,2,9,-1,1,-1
201501KG70572,3,9,0,18,0,8,0,0,0,0,3,1,6,1,-1,-1,-1,-1,-1,-1,-1,-1
201501KG70573,1,3,0,18,0,8,0,0,0,0,1,1,6,1,22,5,125,1,9,-1,1,-1
201501KG70573,2,8,0,9,0,8,0,0,0,0,3,1,6,1,57,9,1798,8,1,-1,1,-1
201501KG70574,1,9,0,18,0,0,0,0,0,0,1,1,6,1,-1,-1,1598,1,-1,-1,1,-1
201501KG70574,2,9,0,18,0,0,0,0,0,0,1,1,6,2,31,6,1386,1,8,-1,1,-1
201501KG70576,1,3,0,18,0,0,0,0,0,0,4,1,1,1,38,7,124,1,-1,-1,1,-1
201501KG70576,2,9,0,12,0,0,0,0,0,0,3,1,6,2,-1,-1,-1,-1,-1,-1,-1,-1
201501KG70577,1,9,0,18,0,1,0,0,0,0,1,1,6,3,-1,-1,-1,-1,-1,-1,-1,-1
201501KG70579,1,9,0,1,0,2,0,0,0,0,2,1,2,1,-1,-1,1596,1,14,-1,1,-1
201501KG70580,1,9,0,18,2,0,0,0,0,0,1,1,6,2,31,6,2295,1,14,-1,1,-1
201501KG70581,1,5,0,18,0,0,0,0,0,0,3,1,6,1,26,6,899,1,12,-1,1,-1
201501KG70582,1,9,0,18,0,8,0,0,0,0,3,1,6,1,38,7,1988,1,13,-1,1,-1
201501KG70582,2,9,0,18,0,8,0,0,0,0,3,1,6,2,26,6,1399,2,8,-1,1,-1
201501KG70583,1,19,0,6,0,0,0,0,0,0,3,1,6,1,50,8,1686,2,12,-1,1,-1
201501KG70583,2,5,0,13,0,0,0,0,0,0,4,1,6,1,51,8,-1,-1,-1,-1,1,-1
201501KG70584,1,3,0,18,0,0,0,0,0,0,4,1,2,1,24,5,125,1,-1,-1,1,-1
201501KG70584,2,19,0,12,0,0,0,0,0,0,3,1,6,1,31,6,2402,2,6,-1,1,-1
201501KG70585,1,9,0,18,0,0,0,4,0,0,4,1,6,2,22,5,1390,1,4,-1,1,-1
201501KG70585,2,9,0,2,0,0,0,0,0,0,3,1,6,2,26,6,998,1,5,-1,1,-1
201501KG70585,3,9,0,2,0,0,0,0,0,0,3,1,6,1,28,6,2000,2,5,-1,1,-1
201501KG70586,1,9,0,7,0,8,0,9,0,0,1,1,6,1,21,5,1685,2,3,-1,1,-1
201501KG70587,1,9,0,4,0,0,0,0,0,0,2,1,6,1,57,9,1834,1,14,-1,1,-1
201501KG70587,2,9,0,18,0,0,0,0,0,0,1,1,6,1,-1,-1,1242,1,6,-1,-1,-1
201501KG70588,1,9,0,8,0,1,0,0,0,0,2,1,6,2,43,7,1997,1,11,-1,1,-1
201501KG70588,2,9,0,18,0,1,0,0,0,0,1,1,6,2,-1,-1,1900,2,11,-1,1,-1
201501KG70590,1,9,0,11,0,0,0,0,0,0,4,1,6,2,32,6,1686,2,4,-1,1,-1
201501KG70590,2,19,0,18,0,0,0,0,0,0,3,1,6,1,63,9,-1,-1,-1,-1,-1,-1
201501KG70591,1,9,0,18,0,8,0,0,0,0,1,1,2,2,52,8,1149,1,6,-1,1,-1
201501KG70591,2,9,0,18,0,8,0,0,0,0,4,1,6,1,-1,-1,-1,-1,-1,-1,-1,-1
201501KG70592,1,9,0,18,0,0,0,0,0,0,1,1,6,1,71,10,1753,2,12,-1,1,-1
201501KG70593,1,11,0,9,0,8,0,0,0,0,0,1,1,1,55,8,8268,2,12,-1,-1,-1
201501KG70594,1,9,0,18,9,2,0,10,1,10,1,1,6,1,37,7,1596,1,10,-1,1,-1
201501KG70595,1,5,0,18,0,1,0,0,0,0,3,1,2,1,25,5,749,1,6,-1,1,-1
201501KG70595,2,21,1,7,0,5,0,0,0,0,4,1,1,1,52,8,12740,2,2,-1,2,-1
201501KG70597,1,9,0,3,0,1,0,0,0,0,2,1,6,2,37,7,1998,1,11,-1,1,-1
201501KG70597,2,9,0,18,0,1,0,0,0,0,1,1,6,2,39,7,1999,1,12,-1,1,-1
201501KG70599,1,9,0,1,0,0,0,0,0,0,2,1,6,2,33,6,1995,2,-1,-1,1,-1
201501KG70599,2,9,0,3,0,0,0,0,0,0,1,1,1,1,25,5,1061,1,12,-1,1,-1
201501KG70600,1,9,0,18,0,8,0,0,0,0,4,1,6,2,61,9,1240,1,10,-1,1,-1
201501KG70600,2,9,0,7,0,8,0,0,0,0,1,1,6,1,33,6,1560,2,4,-1,-1,-1
201501KG70601,1,9,0,18,0,0,0,0,0,0,1,1,6,3,-1,-1,-1,-1,-1,-1,-1,-1
201501KG70603,1,9,0,4,0,1,0,0,0,0,2,1,6,1,45,7,1360,1,4,-1,1,-1
201501KG70603,2,9,0,18,0,1,0,0,0,0,1,1,6,3,-1,-1,2993,2,10,-1,-1,-1
201501KG70604,1,9,0,18,0,8,0,0,0,0,1,1,6,2,41,7,1968,2,-1,-1,1,-1
201501KG70604,2,9,0,18,0,8,0,0,0,0,3,1,6,1,18,4,1149,1,11,-1,1,-1
201501KG70606,1,19,0,18,0,2,0,0,0,0,1,1,6,1,37,7,2143,2,1,-1,1,-1
201501KG70607,1,9,0,9,0,8,0,0,0,0,1,1,6,1,19,4,1360,1,12,-1,1,-1
201501KG70607,2,9,0,18,0,8,0,0,0,0,1,1,1,1,-1,-1,-1,-1,-1,-1,-1,-1
201501KG70608,1,9,0,18,0,0,0,0,0,0,4,1,6,1,25,5,1753,2,5,-1,1,-1
201501KG70609,1,9,0,17,0,8,0,0,0,0,3,1,6,1,54,8,2980,2,19,-1,1,-1
201501KG70609,2,19,0,17,0,8,0,0,0,0,4,1,1,2,57,9,2198,2,2,-1,1,-1
201501KG70612,1,9,0,4,0,1,0,0,0,0,2,1,6,2,54,8,1598,1,9,-1,1,-1
201501KG70612,2,9,0,18,0,1,0,0,0,0,1,1,6,1,23,5,1389,1,11,-1,1,-1
201501KG70613,1,9,0,18,0,2,0,0,0,0,1,1,6,1,-1,-1,1598,1,14,-1,-1,-1
201501KG70614,1,9,0,9,0,8,0,0,0,0,4,1,6,1,21,5,2149,2,8,-1,1,-1
201501KG70614,2,9,0,18,0,8,0,0,0,0,1,1,6,1,47,8,1560,2,5,-1,1,-1
201501KG70616,1,21,0,18,0,1,0,0,0,0,1,1,1,1,50,8,12740,2,2,-1,1,-1
201501KG70616,2,9,0,4,0,1,0,0,0,0,2,1,6,1,61,9,2902,2,12,-1,1,-1
201501KG70617,1,19,0,8,0,1,0,0,0,0,2,1,6,1,64,9,-1,-1,-1,-1,1,-1
201501KG70617,2,9,0,18,0,1,0,0,0,0,1,1,6,1,-1,-1,1598,2,3,-1,-1,-1
201501KG70618,1,9,0,18,0,8,0,0,0,0,1,1,6,1,39,7,2497,2,11,-1,1,-1
201501KG70618,2,1,0,18,0,8,0,0,0,0,4,1,6,1,33,6,-1,-1,-1,-1,1,-1
201501KG70619,1,2,0,3,0,1,0,0,0,0,1,1,2,1,23,5,124,1,10,-1,1,-1
201501KG70619,2,9,0,1,0,1,0,0,0,0,2,1,6,1,25,5,2967,2,9,-1,-1,-1
201501KG70620,1,8,0,9,0,5,0,0,0,0,3,1,1,1,60,9,2499,2,6,-1,1,-1
201501KG70621,1,9,0,18,0,8,0,0,0,0,3,1,6,2,27,6,1598,1,6,-1,1,-1
201501KG70621,2,9,0,9,0,8,0,0,0,0,1,1,6,2,47,8,1896,2,9,-1,1,-1
201501KG70623,1,8,0,18,0,8,0,0,0,0,1,1,1,1,52,8,1791,8,4,-1,1,-1
201501KG70623,2,19,0,18,0,8,0,0,0,0,4,1,6,1,26,6,1995,2,8,-1,1,-1
201501KG70624,1,9,0,18,0,0,0,0,0,0,1,1,2,2,41,7,1587,1,13,-1,1,-1
201501KG70628,1,9,0,3,0,1,0,0,0,0,3,1,6,1,33,6,-1,-1,-1,-1,1,-1
201501KG70628,2,19,0,7,0,2,0,0,0,0,3,1,6,1,31,6,-1,-1,-1,-1,-1,-1
201501KG70629,1,9,0,18,0,8,0,0,0,0,2,1,6,1,24,5,1560,2,-1,-1,1,-1
201501KG70629,2,9,0,18,0,8,0,0,0,0,1,1,6,1,30,6,2993,2,11,-1,-1,-1
201501KG70630,1,3,0,4,0,1,0,0,0,0,2,1,6,1,19,4,124,1,16,-1,1,-1
201501KG70630,2,9,0,18,0,1,0,0,0,0,1,1,6,1,39,7,2143,2,2,-1,1,-1
201501KG70632,1,3,0,18,0,0,0,4,0,0,1,1,6,1,26,6,330,1,-1,-1,1,-1
201501KG70632,2,9,0,2,0,0,0,0,0,0,2,1,6,1,67,10,2231,2,2,-1,1,-1
201501KG70633,1,9,0,7,0,8,0,0,0,0,1,1,6,3,-1,-1,-1,-1,-1,-1,-1,-1
201501KG70633,2,1,0,18,0,8,0,0,0,0,4,1,6,1,13,3,-1,-1,-1,-1,1,-1
201501KG70635,1,11,0,18,0,0,0,0,0,0,0,1,1,1,47,8,8268,2,12,-1,1,-1
201501KG70637,1,9,0,18,0,0,0,0,0,0,4,1,6,1,20,4,-1,-1,-1,-1,-1,-1
201501KG70637,2,9,0,18,0,0,0,0,0,0,3,1,6,1,25,5,1461,2,1,-1,-1,-1
201501KG70637,3,9,0,18,0,0,0,0,0,0,2,1,6,1,-1,-1,1995,1,4,-1,-1,-1
201501KG70637,4,9,0,18,0,0,0,0,0,0,2,1,6,1,-1,-1,1364,1,7,-1,-1,-1
201501KG70638,1,9,0,2,0,0,0,0,0,0,4,1,6,1,50,8,1896,2,14,-1,1,-1
201501KG70638,2,9,0,18,0,0,0,4,0,0,4,1,6,3,-1,-1,-1,-1,-1,-1,-1,-1
201501KG70640,1,9,0,9,0,5,0,0,0,0,1,1,6,1,25,5,1390,1,10,-1,1,-1
201501KG70641,1,9,0,18,0,8,0,0,0,0,3,1,6,1,25,5,2993,2,6,-1,1,-1
201501KG70641,2,9,0,9,0,8,0,0,0,0,1,1,6,1,38,7,1968,2,10,-1,-1,-1
201501KG70642,1,8,0,18,0,0,0,0,0,0,1,1,1,1,64,9,1956,2,4,-1,1,-1
201501KG70642,2,9,0,18,0,0,0,0,0,0,1,1,2,1,41,7,1995,2,11,-1,1,-1
201501KG70646,1,9,0,9,0,5,0,0,0,0,1,1,6,1,-1,-1,-1,-1,-1,-1,-1,-1
201501KG70651,1,9,0,17,0,8,0,0,0,0,2,1,2,1,38,7,1598,1,16,-1,1,-1
201501KG70651,2,19,0,17,0,8,0,0,0,0,1,1,1,1,-1,-1,5880,2,2,-1,-1,-1
201501KG70652,1,9,0,5,9,0,0,10,7,10,1,1,6,2,39,7,1490,1,10,-1,1,-1
201501KG79007,1,8,0,18,0,2,0,0,0,0,1,1,1,1,61,9,1798,8,-1,-1,-1,-1
201501KG79009,1,9,0,9,0,8,0,0,0,0,4,1,6,2,78,11,1149,1,9,-1,1,-1
201501KG79009,2,9,0,18,0,8,0,0,0,0,1,1,6,2,31,6,-1,-1,-1,-1,1,-1
201501KG79032,1,9,0,18,0,0,0,0,0,0,4,1,6,3,-1,-1,-1,-1,-1,-1,-1,-1
201501KG79036,1,9,0,18,0,2,0,10,1,7,1,1,2,1,45,7,998,1,13,-1,1,-1
201501KG79049,1,9,0,3,0,0,0,0,0,0,2,1,6,1,35,6,1781,1,9,-1,1,-1
201501KG79049,2,9,0,18,0,0,0,0,0,0,1,1,6,2,-1,-1,1388,1,6,-1,-1,-1
201501LX50001,1,9,0,6,0,8,0,0,0,0,3,1,6,2,28,6,1995,2,2,-1,1,-1
201501LX50001,2,4,0,18,0,8,0,0,0,0,1,1,6,1,26,6,125,1,1,-1,1,-1
201501LX50002,1,9,0,15,0,8,0,0,0,0,4,1,6,1,22,5,3189,1,8,-1,1,-1
201501LX50002,2,11,0,18,0,8,0,0,0,0,3,1,6,1,54,8,9200,2,11,-1,-1,-1
201501LX50005,1,8,0,18,0,1,0,0,0,0,2,1,1,1,48,8,2664,2,16,-1,2,-1
201501LX50005,2,2,0,18,0,1,0,0,0,0,1,1,6,1,-1,-1,125,1,1,-1,1,-1
201501LX50006,1,9,0,9,0,2,0,0,0,0,1,1,6,1,28,6,1598,1,1,-1,1,-1
201501LX50007,1,2,0,18,0,8,0,0,0,0,4,1,6,1,-1,-1,-1,-1,-1,-1,-1,-1
201501LX50009,1,1,0,11,0,8,0,0,0,0,4,1,6,1,35,6,-1,-1,-1,-1,-1,-1
201501LX50009,2,9,0,18,0,8,0,0,0,0,3,1,6,1,-1,-1,-1,-1,-1,-1,-1,-1
201501LX50010,1,3,0,13,0,1,1,0,0,0,4,1,1,1,36,7,108,1,1,-1,1,-1
201501LX50011,1,1,0,18,0,1,0,0,0,0,1,1,6,1,40,7,-1,-1,-1,-1,1,-1
201501LX50012,1,9,0,18,0,8,2,10,0,0,1,1,6,1,60,9,1600,1,4,-1,1,-1
201501LX50014,1,3,0,18,0,8,0,0,0,0,1,1,6,1,21,5,-1,-1,-1,-1,1,-1
201501LX50014,2,19,0,9,0,8,0,0,0,0,3,1,6,1,-1,-1,2198,2,7,-1,-1,-1
201501LX50015,1,8,0,4,0,0,0,0,0,0,2,1,6,1,28,6,1797,8,4,-1,1,-1
201501LX50015,2,8,0,18,0,0,0,0,0,0,1,1,6,2,-1,-1,-1,-1,-1,-1,-1,-1
201501LX50016,1,1,0,18,0,1,0,0,0,0,1,1,6,3,-1,-1,-1,-1,-1,-1,-1,-1
201501LX50018,1,9,0,5,0,8,0,0,0,0,3,1,6,2,48,8,1590,1,11,-1,1,-1
201501LX50018,2,19,0,18,0,8,0,0,0,0,1,1,6,1,30,6,2295,7,12,-1,-1,-1
201501LX50020,1,1,0,18,0,8,0,0,0,0,1,1,6,1,32,6,-1,-1,-1,-1,1,-1
201501LX50020,2,9,0,9,0,8,0,0,0,0,4,1,6,1,22,5,1390,1,10,-1,1,-1
201501LX50021,1,19,0,18,0,0,0,0,0,0,4,1,6,3,-1,-1,-1,-1,-1,-1,-1,-1
201501LX50022,1,5,0,18,0,8,0,0,0,0,1,1,6,1,42,7,-1,-1,-1,-1,1,-1
201501LX50022,2,9,0,4,0,8,0,0,0,0,2,1,6,2,40,7,1896,2,13,-1,1,-1
201501LX50023,1,9,0,4,0,8,0,0,0,0,2,1,6,1,45,7,-1,-1,-1,-1,1,-1
201501LX50023,2,9,0,18,0,8,0,0,0,0,1,1,6,1,32,6,-1,-1,-1,-1,-1,-1
201501LX50024,1,5,0,18,0,0,0,0,0,0,1,1,6,1,52,8,650,1,17,-1,-1,-1
201501LX50024,2,9,0,6,0,0,0,0,0,0,3,1,6,1,-1,-1,-1,-1,-1,-1,-1,-1
201501LX50025,1,9,0,18,0,8,0,0,0,0,2,1,6,1,19,4,2496,1,12,-1,1,-1
201501LX50025,2,9,0,7,0,8,0,0,0,0,1,1,6,1,-1,-1,1968,2,8,-1,-1,-1
201501LX50026,1,9,0,18,0,1,0,0,0,0,3,1,6,1,40,7,-1,-1,-1,-1,1,-1
201501LX50026,2,9,0,11,0,1,0,0,0,0,4,1,6,1,51,8,-1,-1,-1,-1,1,-1
201501LX50027,1,9,0,7,0,8,0,0,0,0,2,1,1,1,46,8,1956,2,3,-1,1,-1
201501LX50027,2,9,0,4,0,8,0,0,0,0,1,1,6,1,19,4,-1,-1,-1,-1,1,-1
201501LX50028,1,1,0,18,0,8,0,0,0,0,1,1,6,1,26,6,-1,-1,-1,-1,1,-1
201501LX50028,2,9,0,9,0,8,0,0,0,0,4,1,3,1,26,6,1998,1,10,-1,1,-1
201501LX50029,1,11,0,5,0,1,0,0,0,0,0,1,1,1,-1,-1,-1,-1,-1,-1,-1,-1
201501LX50031,1,9,0,9,0,8,0,0,0,0,3,1,6,2,48,8,1329,1,2,-1,1,-1
201501LX50031,2,5,0,18,0,8,0,0,0,0,1,1,6,1,27,6,599,1,5,-1,1,-1
201501LX50034,1,11,0,4,0,1,0,0,0,0,0,1,1,1,37,7,7300,2,10,-1,1,-1
201501LX50035,1,9,0,2,0,1,0,0,0,0,2,1,6,1,21,5,2400,2,6,-1,-1,-1
201501LX50035,2,9,0,4,0,1,0,4,0,0,1,1,6,3,-1,-1,-1,-1,-1,-1,-1,-1
201501LX50036,1,9,0,18,0,1,5,10,0,0,4,1,6,2,30,6,1199,2,5,-1,1,-1
201501LX50037,1,11,0,4,0,1,0,0,0,0,0,1,6,1,33,6,-1,-1,-1,-1,1,-1
201501LX50038,1,3,0,9,0,8,0,0,0,0,3,1,6,1,37,7,125,1,3,-1,1,-1
201501LX50038,2,3,0,18,0,8,0,0,0,0,1,1,6,1,24,5,124,1,3,-1,1,-1
201501LX50040,1,9,0,7,0,5,0,0,0,0,1,1,6,1,48,8,1794,1,8,-1,1,-1
201501LX50041,1,1,0,18,0,1,0,0,0,0,3,1,2,1,47,8,-1,-1,-1,-1,3,-1
201501LX50041,2,9,0,7,0,5,0,0,0,0,4,1,1,1,34,6,1398,1,5,-1,1,-1
201501LX50042,1,9,0,17,0,1,0,0,0,0,1,1,6,1,44,7,-1,-1,-1,-1,3,-1
201501LX50043,1,19,0,9,0,8,0,0,0,0,3,1,1,2,33,6,2198,2,1,-1,1,-1
201501LX50043,2,9,0,13,0,8,0,0,0,0,1,1,6,1,23,5,-1,-1,-1,-1,1,-1
201501LX50048,1,9,0,18,0,1,0,0,0,0,1,1,6,2,38,7,1497,1,13,-1,-1,-1
201501LX50049,1,9,0,11,0,1,0,0,0,0,2,1,1,1,35,6,1242,1,5,-1,-1,-1
201501LX50049,2,3,0,18,0,1,0,0,0,0,1,1,1,1,23,5,108,1,1,-1,1,-1
201501LX50050,1,1,0,18,0,8,0,0,0,0,4,1,6,1,27,6,-1,-1,-1,-1,1,-1
201501LX50050,2,9,0,18,0,8,0,0,0,0,1,1,6,3,-1,-1,-1,-1,-1,-1,-1,-1
201501LX50051,1,9,0,18,0,1,0,0,0,0,1,1,6,3,-1,-1,-1,-1,-1,-1,-1,-1
201501LX50053,1,9,0,18,0,2,0,0,0,0,1,1,6,1,47,8,-1,-1,-1,-1,1,-1
201501LX50054,1,9,0,18,0,0,0,10,1,2,4,2,6,1,33,6,-1,-1,-1,-1,1,-1
201501LX50055,1,3,0,4,0,1,0,0,0,0,2,1,6,1,27,6,108,1,6,-1,1,-1
201501LX50055,2,9,0,4,0,1,0,0,0,0,1,1,6,1,26,6,1598,1,10,-1,1,-1
201501LX50056,1,3,0,18,0,8,0,0,0,0,1,1,6,1,34,6,124,1,13,-1,1,-1
201501LX50056,2,8,0,9,0,8,0,0,0,0,4,1,1,1,29,6,1968,2,1,-1,1,-1
201501LX50058,1,3,0,5,0,1,0,0,0,0,0,1,6,1,27,6,125,1,13,-1,1,-1
201501LX50059,1,11,0,4,0,1,0,0,0,0,0,1,1,1,51,8,3900,2,12,-1,1,-1
201501LX50060,1,9,0,9,0,8,0,0,0,0,1,1,6,1,26,6,1587,1,12,-1,-1,-1
201501LX50061,1,9,0,14,0,1,0,4,0,0,4,1,1,2,51,8,3189,1,9,-1,1,-1
201501LX50061,2,9,0,2,0,1,0,0,0,0,3,1,6,2,-1,-1,1388,1,9,-1,-1,-1
201501LX50064,1,20,0,9,0,8,0,0,0,0,3,1,1,1,26,6,3920,2,7,-1,1,-1
201501LX50064,2,9,0,18,0,8,0,0,0,0,1,1,6,2,30,6,-1,-1,-1,-1,-1,-1
201501LX50066,1,9,0,18,0,1,0,0,0,0,1,1,6,1,42,7,1685,2,4,-1,1,-1
201501LX50067,1,9,0,18,0,2,0,0,0,0,1,1,1,3,53,8,1896,2,10,-1,1,-1
201501LX50069,1,9,0,1,0,8,0,0,0,0,4,1,6,1,45,7,1800,1,15,-1,1,-1
201501LX50069,2,1,0,18,0,8,0,0,0,0,1,1,6,1,40,7,-1,-1,-1,-1,1,-1
201501LX50070,1,9,0,9,0,8,0,0,0,0,4,1,6,1,23,5,1998,1,15,-1,1,-1
201501LX50070,2,1,0,18,0,8,0,0,0,0,1,1,6,1,46,8,-1,-1,-1,-1,1,-1
201501LX50071,1,9,0,18,0,1,0,0,0,0,1,1,6,1,25,5,1598,1,13,-1,1,-1
201501LX50072,1,9,0,18,0,1,0,0,0,0,1,1,6,1,57,9,2997,1,8,-1,1,-1
201501LX50073,1,19,0,1,0,2,0,0,0,0,2,1,1,1,52,8,1753,2,7,-1,1,-1
201501LX50073,2,9,0,3,0,1,0,0,0,0,1,1,6,1,36,7,1587,1,12,-1,1,-1
201501LX50075,1,9,0,2,0,1,0,0,0,0,2,1,6,1,44,7,1598,1,6,-1,1,-1
201501LX50075,2,19,0,1,0,1,0,4,0,0,2,1,6,1,-1,-1,2198,2,9,-1,-1,-1
201501LX50076,1,11,0,18,0,0,0,0,0,0,0,1,6,1,21,5,6700,2,6,-1,1,-1
201501LX50077,1,9,0,7,0,8,0,0,0,0,1,1,6,1,45,7,-1,-1,-1,-1,1,-1
201501LX50077,2,9,0,18,0,8,0,0,0,0,3,1,6,2,-1,-1,-1,-1,-1,-1,1,-1
201501LX50078,1,9,0,18,0,8,0,0,0,0,1,1,6,1,52,8,1984,1,14,-1,1,-1
201501LX50078,2,9,0,18,0,8,0,0,0,0,3,1,6,2,21,5,2993,2,2,-1,1,-1
201501LX50079,1,9,0,6,0,8,0,0,0,0,3,1,6,1,27,6,2497,1,8,-1,1,-1
201501LX50079,2,9,0,18,0,8,0,0,0,0,1,1,6,1,-1,-1,-1,-1,-1,-1,1,-1
201501LX50080,1,9,0,18,0,8,0,0,0,0,1,1,6,1,27,6,1198,1,3,-1,1,-1
201501LX50080,2,9,0,18,0,8,0,0,0,0,4,1,6,1,54,8,-1,-1,-1,-1,1,-1
201501LX50081,1,9,0,18,0,1,0,0,0,0,1,1,6,1,40,7,1597,2,1,-1,1,-1
201501LX50082,1,3,0,18,0,2,0,0,0,0,2,1,6,1,50,8,124,1,1,-1,1,-1
201501LX50082,2,9,0,18,0,2,0,0,0,0,1,1,6,1,28,6,2143,2,2,-1,-1,-1
201501LX50083,1,19,0,9,0,0,0,0,0,0,3,1,6,1,58,9,1870,2,12,-1,1,-1
201501LX50083,2,3,0,18,0,0,0,0,0,0,1,1,6,1,27,6,125,1,4,-1,1,-1
201501LX50084,1,3,0,18,0,1,0,0,0,0,1,1,1,1,18,4,125,1,-1,-1,1,-1
201501LX50085,1,19,0,18,0,1,0,0,0,0,1,1,1,1,39,7,2143,2,2,-1,1,-1
201501LX50086,1,9,0,18,0,0,0,0,0,0,1,1,6,1,73,10,1600,1,15,-1,1,-1
201501LX50087,1,19,0,18,0,2,0,0,0,0,4,1,6,3,-1,-1,-1,-1,-1,-1,-1,-1
201501LX50088,1,3,0,18,0,1,0,10,1,7,1,1,6,1,14,3,125,1,11,-1,1,-1
201501LX50089,1,5,0,18,0,1,0,0,0,0,1,1,1,1,30,6,108,1,1,-1,1,-1
201501LX50089,2,9,0,6,0,2,0,0,0,0,3,1,6,2,27,6,1598,1,3,-1,1,-1
201501LX50090,1,3,0,13,0,1,0,0,0,0,1,1,6,1,27,6,124,1,3,-1,1,-1
201501LX50090,2,9,0,6,0,1,0,0,0,0,3,1,6,1,27,6,1995,1,6,-1,1,-1
201501LX50091,1,9,0,3,0,0,0,0,0,0,2,1,6,1,30,6,2996,1,8,-1,1,-1
201501LX50091,2,9,0,4,0,0,0,0,0,0,2,1,6,2,21,5,1149,1,7,-1,1,-1
201501LX50091,3,9,0,18,0,0,0,0,0,0,1,1,6,1,32,6,1997,2,5,-1,1,-1
201501LX50092,1,9,0,18,0,8,0,0,0,0,1,1,6,1,45,7,1997,2,4,-1,1,-1
201501LX50092,2,9,0,9,0,8,0,0,0,0,1,1,6,1,45,7,-1,-1,-1,-1,1,-1
201501LX50094,1,19,0,4,0,1,0,0,0,0,2,1,6,2,37,7,-1,-1,-1,-1,1,-1
201501LX50094,2,19,0,4,0,1,0,0,0,0,1,1,6,1,-1,-1,1995,2,4,-1,-1,-1
201501LX50095,1,9,0,9,0,8,0,0,0,0,1,1,6,2,39,7,1596,1,12,-1,1,-1
201501LX50095,2,5,0,18,0,8,0,0,0,0,1,1,6,1,31,6,899,1,16,-1,1,-1
201501LX50095,3,9,0,10,0,1,0,0,0,0,1,1,6,1,36,7,1242,1,16,-1,1,-1
201501LX50096,1,19,0,9,0,8,0,0,0,0,1,1,6,1,-1,-1,1686,2,11,-1,-1,-1
201501LX50096,2,1,0,17,0,8,0,0,0,0,1,1,6,1,-1,-1,-1,-1,-1,-1,-1,-1
201501LX50097,1,9,0,6,0,8,0,0,0,0,3,1,6,1,47,8,1796,1,1,-1,1,-1
201501LX50097,2,3,0,18,0,8,0,0,0,0,1,1,6,1,20,4,124,1,9,-1,1,-1
201501LX50098,1,9,0,3,0,0,0,0,0,0,2,1,6,1,24,5,1968,2,5,-1,-1,-1
201501LX50098,2,9,0,18,0,0,0,0,0,0,1,1,6,1,33,6,1995,2,2,-1,1,-1
201501LX50099,1,9,0,9,0,8,0,0,0,0,4,1,6,1,73,10,1896,2,20,-1,1,-1
201501LX50099,2,4,0,18,0,8,0,0,0,0,1,1,6,1,46,8,-1,-1,-1,-1,1,-1
201501LX50102,1,19,0,7,0,8,0,0,0,0,4,1,6,3,-1,-1,-1,-1,-1,-1,-1,-1
201501LX50102,2,1,0,18,0,8,0,0,0,0,1,1,6,2,38,7,-1,-1,-1,-1,1,-1
201501LX50103,1,9,0,18,0,8,0,0,0,0,1,1,6,2,32,6,-1,-1,-1,-1,1,-1
201501LX50103,2,9,0,9,0,8,0,0,0,0,3,1,6,1,42,7,1598,1,7,-1,1,-1
201501LX50104,1,9,0,9,0,8,0,0,0,0,3,1,6,1,40,7,1596,1,7,-1,-1,-1
201501LX50104,2,3,0,18,0,8,0,0,0,0,1,1,6,2,21,5,124,1,1,-1,1,-1
201501LX50105,1,9,0,7,0,8,0,0,0,0,3,1,6,1,30,6,-1,-1,-1,-1,2,-1
201501LX50105,2,1,0,17,0,8,0,0,0,0,1,1,6,1,27,6,-1,-1,-1,-1,1,-1
201501LX50106,1,9,0,6,0,2,0,0,0,0,2,1,6,2,37,7,1364,1,8,-1,1,-1
201501LX50106,2,9,0,18,0,2,0,0,0,0,1,1,6,2,31,6,1796,1,3,-1,1,-1
201501LX50107,1,9,0,9,0,8,0,0,0,0,1,1,6,1,58,9,1796,1,4,-1,-1,-1
201501LX50107,2,3,0,18,0,8,0,0,0,0,1,1,6,1,28,6,125,1,7,-1,1,-1
201501LX50108,1,1,0,18,0,1,0,0,0,0,0,1,6,1,29,6,-1,-1,-1,-1,-1,-1
201501LX50109,1,9,0,18,0,1,0,0,0,0,1,1,6,2,51,8,1389,1,19,-1,1,-1
201501LX50109,2,1,0,18,0,1,0,0,0,0,2,1,6,1,36,7,-1,-1,-1,-1,1,-1
201501LX50110,1,9,0,18,0,8,0,0,0,0,4,1,6,2,19,4,1229,1,2,-1,1,-1
201501LX50110,2,9,0,9,0,8,0,0,0,0,1,1,6,3,-1,-1,-1,-1,-1,-1,-1,-1
201501LX50112,1,3,0,13,0,8,0,0,0,0,4,1,2,2,34,6,124,1,11,-1,1,-1
201501LX50112,2,9,0,9,0,8,0,0,0,0,3,1,6,1,41,7,-1,-1,-1,-1,1,-1