Accident_Index,Vehicle_Reference,Vehicle_Type,Towing_and_Articulation,Vehicle_Manoeuvre,Vehicle_Location-Restricted_Lane,Junction_Location,Skidding_and_Overturning,Hit_Object_in_Carriageway,Vehicle_Leaving_Carriageway,Hit_Object_off_Carriageway,1st_Point_of_Impact,Was_Vehicle_Left_Hand_Drive?,Journey_Purpose_of_Driver,Sex_of_Driver,Age_of_Driver,Age_Band_of_Driver,Engine_Capacity_(CC),Propulsion_Code,Age_of_Vehicle,Driver_IMD_Decile,Driver_Home_Area_Type,Vehicle_IMD_Decile
201501LX50113,1,9,0,3,0,1,0,0,0,0,4,1,6,1,69,10,1596,1,15,-1,1,-1
201501LX50113,2,1,0,15,0,1,0,0,0,0,1,1,6,2,26,6,-1,-1,-1,-1,1,-1
201501LX50114,1,9,0,18,0,0,0,0,0,0,1,1,6,1,50,8,2487,2,15,-1,1,-1
201501LX50114,2,1,0,12,0,0,0,0,0,0,2,1,6,1,56,9,-1,-1,-1,-1,-1,-1
201501LX50115,1,3,0,18,0,8,0,0,0,0,0,1,6,1,48,8,125,1,-1,-1,1,-1
201501LX50115,2,5,0,9,0,8,0,0,0,0,0,1,6,2,49,8,-1,-1,-1,-1,1,-1
201501LX50116,1,3,0,18,0,8,0,0,0,0,4,1,6,1,42,7,600,1,11,-1,1,-1
201501LX50116,2,9,0,7,0,8,0,0,0,0,1,1,2,2,-1,-1,1400,1,15,-1,1,-1
201501LX50117,1,9,0,18,0,1,0,0,0,0,1,1,6,1,51,8,3301,1,10,-1,1,-1
201501LX50117,2,9,0,4,0,1,0,0,0,0,2,1,6,1,46,8,2000,2,10,-1,3,-1
201501LX50118,1,9,0,3,0,0,0,0,0,0,2,1,6,2,26,6,1596,1,6,-1,1,-1
201501LX50118,2,9,0,3,0,0,0,0,0,0,2,1,6,1,31,6,-1,-1,-1,-1,1,-1
201501LX50118,3,9,0,3,0,0,0,0,0,0,2,1,6,1,50,8,-1,-1,-1,-1,1,-1
201501LX50118,4,9,0,4,0,0,0,0,0,0,1,1,6,1,50,8,2685,2,12,-1,1,-1
201501LX50119,1,5,0,13,0,8,0,0,0,0,1,1,6,1,32,6,918,1,18,-1,1,-1
201501LX50119,2,19,0,18,0,8,0,0,0,0,3,1,6,1,31,6,2148,2,7,-1,1,-1
201501LX50119,3,9,0,7,0,8,0,0,0,0,1,1,6,1,22,5,1364,1,6,-1,1,-1
201501LX50120,1,3,0,18,0,8,0,0,0,0,3,1,6,1,19,4,125,1,1,-1,1,-1
201501LX50120,2,9,0,18,0,8,0,0,0,0,1,1,6,1,-1,-1,1686,2,5,-1,1,-1
201501LX50123,1,1,0,18,0,0,0,0,0,0,2,1,6,1,59,9,-1,-1,-1,-1,1,-1
201501LX50123,2,9,0,18,0,0,0,0,0,0,1,1,6,1,40,7,3628,2,8,-1,-1,-1
201501LX50124,1,3,0,2,0,1,0,0,0,0,4,1,6,1,28,6,124,1,7,-1,1,-1
201501LX50124,2,9,0,1,0,1,0,0,0,0,2,1,6,1,52,8,1598,2,2,-1,1,-1
201501LX50125,1,9,0,3,0,1,0,0,0,0,2,1,6,1,35,6,2204,2,11,-1,1,-1
201501LX50125,2,19,0,18,0,1,0,0,0,0,1,1,6,1,-1,-1,2402,2,12,-1,-1,-1
201501LX50126,1,3,0,18,0,8,0,0,0,0,1,1,6,1,23,5,96,1,6,-1,1,-1
201501LX50126,2,9,0,6,0,8,0,0,0,0,3,1,6,1,40,7,1797,8,5,-1,1,-1
201501LX50127,1,9,0,18,0,1,0,0,0,0,1,1,6,1,60,9,4701,1,16,-1,1,-1
201501LX50129,1,9,0,7,0,8,0,0,0,0,3,1,6,1,56,9,-1,-1,-1,-1,1,-1
201501LX50129,2,3,0,7,0,8,0,0,0,0,4,1,6,1,28,6,125,1,8,-1,-1,-1
201501LX50130,1,9,0,7,0,8,0,0,0,0,4,1,6,1,31,6,-1,-1,-1,-1,1,-1
201501LX50130,2,1,0,18,0,8,0,0,0,0,3,1,6,1,27,6,-1,-1,-1,-1,1,-1
201501LX50131,1,9,0,18,0,2,0,0,0,0,2,1,6,2,78,11,-1,-1,-1,-1,1,-1
201501LX50131,2,9,0,18,0,2,0,0,0,0,1,1,6,1,-1,-1,1560,2,9,-1,1,-1
201501LX50132,1,11,0,4,0,1,0,0,0,0,0,1,1,1,43,7,6692,2,5,-1,1,-1
201501LX50133,1,9,0,3,0,1,0,0,0,0,2,1,6,1,47,8,2997,1,8,-1,1,-1
201501LX50133,2,9,0,4,0,1,0,0,0,0,1,1,6,1,44,7,1149,1,11,-1,1,-1
201501LX50134,1,9,0,9,0,8,0,0,0,0,1,1,6,1,22,5,1364,1,8,-1,1,-1
201501LX50134,2,3,0,14,0,8,0,0,0,0,1,1,6,1,25,5,124,1,1,-1,1,-1
201501LX50135,1,9,0,9,0,8,0,0,0,0,1,1,6,1,24,5,1800,1,15,-1,1,-1
201501LX50135,2,1,0,18,0,8,0,0,0,0,3,1,6,2,31,6,-1,-1,-1,-1,1,-1
201501LX50136,1,4,0,18,0,8,0,0,0,0,1,1,6,1,43,7,499,1,8,-1,-1,-1
201501LX50136,2,9,0,18,0,8,0,0,0,0,3,1,6,1,46,8,-1,-1,-1,-1,-1,-1
201501LX50137,1,9,0,18,0,8,0,0,0,0,1,1,6,1,22,5,1461,2,5,-1,1,-1
201501LX50137,2,1,0,18,0,8,0,0,0,0,1,1,6,1,19,4,-1,-1,-1,-1,1,-1
201501LX50138,1,8,0,4,0,1,0,0,0,0,2,1,6,1,50,8,-1,-1,-1,-1,1,-1
201501LX50138,2,19,0,4,0,1,0,0,0,0,1,1,6,1,38,7,1968,2,2,-1,1,-1
201501LX50139,1,9,0,9,0,8,0,0,0,0,3,1,6,2,41,7,1560,2,3,-1,1,-1
201501LX50139,2,3,0,13,0,8,0,0,0,0,4,1,6,1,48,8,125,1,11,-1,1,-1
201501LX50140,1,3,0,18,0,8,0,0,0,0,2,1,6,1,32,6,-1,-1,-1,-1,1,-1
201501LX50140,2,1,0,18,0,8,0,0,0,0,3,1,6,1,52,8,-1,-1,-1,-1,1,-1
201501LX50140,3,9,0,18,0,8,0,0,0,0,1,1,6,3,-1,-1,-1,-1,-1,-1,-1,-1
201501LX50143,1,11,0,5,0,2,0,0,0,0,0,1,6,1,39,7,7300,2,12,-1,1,-1
201501LX50144,1,9,0,5,0,1,0,0,0,0,1,1,6,1,65,9,1799,1,8,-1,1,-1
201501LX50144,2,3,0,11,0,1,0,0,0,0,4,1,6,1,39,7,125,1,9,-1,1,-1
201501LX50147,1,9,0,18,0,0,0,0,0,0,1,1,6,1,60,9,1598,1,7,-1,1,-1
201501LX50148,1,19,0,7,0,8,0,0,0,0,1,1,6,1,41,7,-1,-1,-1,-1,1,-1
201501LX50148,2,3,0,18,0,8,0,0,0,0,4,1,6,1,43,7,125,1,1,-1,1,-1
201501LX50149,1,1,0,15,0,8,0,0,0,0,3,1,6,1,37,7,-1,-1,-1,-1,1,-1
201501LX50149,2,21,0,7,0,8,0,0,0,0,4,1,6,1,-1,-1,-1,-1,-1,-1,-1,-1
201501LX50150,1,9,0,7,0,1,0,0,0,0,1,1,6,3,-1,-1,1910,2,6,-1,-1,-1
201501LX50151,1,1,0,18,0,8,0,0,0,0,1,1,6,1,40,7,-1,-1,-1,-1,1,-1
201501LX50151,2,9,0,9,0,8,0,0,0,0,1,1,6,1,29,6,1596,1,16,-1,1,-1
201501LX50152,1,9,0,9,0,8,0,0,0,0,1,1,6,2,-1,-1,-1,-1,-1,-1,-1,-1
201501LX50153,1,3,0,18,0,1,0,0,0,0,1,1,6,1,18,4,125,1,10,-1,1,-1
201501LX50155,1,9,0,3,0,1,0,0,0,0,2,1,6,2,26,6,1596,1,12,-1,1,-1
201501LX50155,2,9,0,4,0,1,0,0,0,0,1,1,6,1,-1,-1,1397,1,13,-1,-1,-1
201501LX50156,1,9,0,9,0,8,0,0,0,0,1,1,6,2,32,6,1242,1,1,-1,1,-1
201501LX50156,2,9,0,18,0,8,0,0,0,0,1,1,6,1,22,5,-1,-1,-1,-1,1,-1
201501LX50157,1,9,0,9,0,8,0,0,0,0,0,1,6,1,27,6,1995,2,7,-1,1,-1
201501LX50157,2,5,0,13,0,8,0,0,0,0,0,1,6,1,31,6,600,1,9,-1,1,-1
201501LX50158,1,9,0,7,0,8,0,0,0,0,2,1,6,2,24,5,1390,1,11,-1,1,-1
201501LX50158,2,1,0,18,0,8,0,0,0,0,1,1,6,2,33,6,-1,-1,-1,-1,1,-1
201501LX50159,1,3,0,18,0,8,0,0,0,0,1,1,6,1,-1,-1,124,1,14,-1,1,-1
201501LX50159,2,9,0,9,0,8,0,0,0,0,1,1,6,2,47,8,3222,2,12,-1,1,-1
201501LX50160,1,3,0,7,0,8,0,0,0,0,4,1,6,1,38,7,-1,-1,-1,-1,1,-1
201501LX50160,2,1,0,18,0,8,0,0,0,0,1,1,6,1,18,4,-1,-1,-1,-1,1,-1
201501LX50163,1,9,0,18,0,8,0,0,0,0,1,1,6,1,28,6,1598,1,8,-1,1,-1
201501LX50163,2,9,0,18,0,8,0,0,0,0,4,1,6,1,22,5,-1,-1,-1,-1,1,-1
201501LX50164,1,9,0,18,0,1,0,0,0,0,3,1,6,1,29,6,1596,1,12,-1,1,-1
201501LX50164,2,19,0,7,0,1,0,0,0,0,3,1,6,3,-1,-1,2198,2,1,-1,-1,-1
201501LX50165,1,9,0,2,0,0,0,0,0,0,3,1,6,3,-1,-1,-1,-1,-1,-1,-1,-1
201501LX50165,2,9,0,2,0,0,0,0,0,0,3,1,6,3,-1,-1,1598,2,3,-1,-1,-1
201501LX50165,3,8,0,18,0,0,0,4,0,0,4,1,1,1,44,7,1896,2,8,-1,1,-1
201501LX50167,1,8,0,18,0,8,0,0,0,0,3,1,1,1,28,6,-1,-1,-1,-1,1,-1
201501LX50167,2,9,0,18,0,8,0,0,0,0,4,1,6,1,40,7,-1,-1,-1,-1,1,-1
201501LX50168,1,19,0,9,0,8,0,0,0,0,4,1,6,1,27,6,1998,2,11,-1,1,-1
201501LX50168,2,11,0,18,0,8,0,0,0,0,1,1,1,2,46,8,7300,2,12,-1,-1,-1
201501LX50169,1,10,0,4,0,0,0,0,0,0,0,1,6,1,-1,-1,-1,-1,-1,-1,-1,-1
201501LX50170,1,9,0,18,0,8,0,0,0,0,1,1,6,1,54,8,1242,1,6,-1,1,-1
201501LX50170,2,9,0,9,0,8,0,0,0,0,1,1,6,1,33,6,-1,-1,-1,-1,1,-1
201501LX50171,1,9,0,18,0,0,0,0,0,0,4,1,6,1,32,6,1388,1,4,-1,1,-1
201501LX50172,1,9,0,7,0,8,0,0,0,0,1,1,6,1,24,5,1968,2,1,-1,1,-1
201501LX50173,1,19,0,9,0,8,0,0,0,0,3,1,6,1,34,6,2402,2,10,-1,1,-1
201501LX50173,2,1,0,18,0,8,0,0,0,0,1,1,6,2,30,6,-1,-1,-1,-1,1,-1
201501LX50174,1,9,0,4,0,1,0,0,0,0,2,1,6,1,53,8,4367,2,1,-1,1,-1
201501LX50174,2,9,0,4,0,1,0,0,0,0,1,1,6,1,-1,-1,1364,1,7,-1,-1,-1
201501LX50175,1,9,0,4,0,1,0,0,0,0,1,1,6,1,27,6,-1,-1,-1,-1,1,-1
201501LX50175,2,9,0,3,0,1,0,0,0,0,2,1,6,1,38,7,1364,1,10,-1,1,-1
201501LX50176,1,9,0,17,0,8,0,0,0,0,1,1,6,2,63,9,-1,-1,-1,-1,2,-1
201501LX50176,2,9,0,17,0,8,0,0,0,0,1,1,6,2,27,6,1398,1,2,-1,1,-1
201501LX50177,1,9,0,9,0,8,0,0,0,0,1,1,6,1,69,10,2148,2,6,-1,1,-1
201501LX50177,2,3,0,14,0,8,0,0,0,0,4,1,6,1,-1,-1,125,1,3,-1,1,-1
201501LX50178,1,9,0,3,0,8,0,0,0,0,2,1,6,2,26,6,1149,1,17,-1,1,-1
201501LX50178,2,9,0,18,0,8,0,0,0,0,1,1,6,1,-1,-1,1798,1,7,-1,-1,-1
201501LX50179,1,9,0,4,0,1,0,0,0,0,2,1,6,2,26,6,1229,1,10,-1,1,-1
201501LX50179,2,3,0,4,0,1,0,0,0,0,1,1,6,1,18,4,-1,-1,-1,-1,1,-1
201501LX50181,1,9,0,3,0,1,0,0,0,0,2,1,6,2,22,5,998,1,1,-1,-1,-1
201501LX50181,2,9,0,18,0,1,0,0,0,0,1,1,6,1,-1,-1,1995,1,4,-1,-1,-1
201501LX50182,1,1,0,18,0,0,0,0,0,0,0,1,6,1,43,7,-1,-1,-1,-1,1,-1
201501LX50182,2,11,0,18,0,0,0,0,0,0,0,1,1,1,-1,-1,-1,-1,-1,-1,-1,-1
201501LX50183,1,9,0,18,0,1,0,0,0,0,1,1,6,3,-1,-1,-1,-1,-1,-1,-1,-1
201501LX50185,1,4,0,18,0,0,0,10,1,2,1,1,6,1,39,7,-1,-1,-1,-1,-1,-1
201501LX50186,1,19,0,10,0,8,0,0,0,0,0,1,6,1,36,7,-1,-1,-1,-1,1,-1
201501LX50186,2,3,0,18,0,8,0,0,0,0,0,1,6,1,36,7,108,1,2,-1,-1,-1
201501LX50187,1,9,0,7,0,2,0,0,0,0,3,1,6,1,40,7,-1,-1,-1,-1,1,-1
201501LX50189,1,1,0,18,0,8,0,0,0,0,3,1,6,1,52,8,-1,-1,-1,-1,1,-1
201501LX50189,2,9,0,7,0,8,0,0,0,0,4,1,6,2,-1,-1,1332,1,11,-1,-1,-1
201501LX50190,1,9,0,18,0,8,0,0,0,0,1,1,6,1,-1,-1,-1,-1,-1,-1,-1,-1
201501LX50190,2,9,0,9,0,8,0,0,0,0,3,1,6,1,-1,-1,-1,-1,-1,-1,-1,-1
201501LX50192,1,1,0,18,0,8,0,0,0,0,1,1,6,1,29,6,-1,-1,-1,-1,1,-1
201501LX50192,2,9,0,9,0,8,0,0,0,0,3,1,6,1,-1,-1,-1,-1,-1,-1,1,-1
201501LX50193,1,9,0,10,0,8,0,0,0,0,2,1,6,2,39,7,1596,1,8,-1,1,-1
201501LX50193,2,11,0,9,0,8,0,0,0,0,1,1,1,1,28,6,4500,2,4,-1,1,-1
201501LX50194,1,5,0,18,0,0,0,0,0,0,0,1,6,1,41,7,-1,-1,-1,-1,-1,-1
201501LX50194,2,8,0,5,0,0,0,0,0,0,0,1,6,1,35,6,-1,-1,-1,-1,-1,-1
201501LX50195,1,9,0,18,0,0,0,0,0,0,3,1,6,1,27,6,1364,1,6,-1,1,-1
201501LX50196,1,9,0,1,0,0,0,0,0,0,2,1,6,1,62,9,1598,1,7,-1,1,-1
201501LX50197,1,9,0,18,0,0,0,0,0,0,1,1,6,1,-1,-1,-1,-1,-1,-1,-1,-1
201501LX50198,1,9,0,9,0,8,0,0,0,0,1,1,6,1,35,6,1997,2,4,-1,1,-1
201501LX50198,2,9,0,18,0,8,0,0,0,0,1,1,6,1,25,5,1896,2,15,-1,1,-1
201501LX50199,1,9,0,18,0,2,0,0,0,0,1,1,6,1,41,7,1390,1,10,-1,1,-1
201501LX50199,2,9,0,3,0,2,0,0,0,0,2,1,6,2,33,6,1364,1,1,-1,1,-1
201501LX50199,3,9,0,3,0,2,0,0,0,0,2,1,6,1,42,7,2987,2,3,-1,1,-1
201501LX50200,1,8,0,9,0,8,0,0,0,0,1,1,6,1,57,9,1598,1,5,-1,1,-1
201501LX50200,2,3,0,10,0,8,0,0,0,0,1,1,6,1,39,7,-1,-1,-1,-1,1,-1
201501LX50201,1,9,0,9,0,8,0,0,0,0,3,1,6,2,45,7,-1,-1,-1,-1,1,-1
201501LX50201,2,1,0,18,0,8,0,0,0,0,1,1,6,1,55,8,-1,-1,-1,-1,1,-1
201501LX50202,1,3,0,14,0,2,0,0,0,0,1,1,6,1,-1,-1,-1,-1,-1,-1,-1,-1
201501LX50203,1,4,0,18,0,8,0,0,0,0,1,1,6,1,42,7,330,1,2,-1,1,-1
201501LX50203,2,9,0,7,0,8,0,0,0,0,4,1,6,1,46,8,2401,2,11,-1,1,-1
201501LX50205,1,19,0,14,0,8,0,0,0,0,4,1,6,1,-1,-1,-1,-1,-1,-1,-1,-1
201501LX50205,2,1,0,9,0,8,0,0,0,0,1,1,6,1,44,7,-1,-1,-1,-1,1,-1
201501LX50206,1,3,0,9,0,8,0,0,0,0,3,1,6,1,20,4,125,1,2,-1,1,-1
201501LX50206,2,19,0,18,0,8,0,0,0,0,4,1,6,1,35,6,-1,-1,-1,-1,1,-1
201501LX50207,1,8,0,18,0,2,0,0,0,0,3,1,1,1,58,9,2499,2,4,-1,1,-1
201501LX50208,1,9,0,13,0,8,0,0,0,0,1,1,1,1,-1,-1,-1,-1,-1,-1,-1,-1
201501LX50208,2,9,0,9,0,8,0,0,0,0,3,1,6,1,23,5,998,1,6,-1,1,-1
201501LX50209,1,9,0,9,0,8,0,0,0,0,1,1,6,2,37,7,1991,2,5,-1,1,-1
201501LX50209,2,3,0,18,0,8,0,0,0,0,1,1,6,1,54,8,499,1,9,-1,1,-1
201501LX50211,1,9,0,9,0,8,0,0,0,0,1,1,6,1,30,6,1968,2,11,-1,1,-1
201501LX50211,2,3,0,18,0,8,0,0,0,0,3,1,6,1,42,7,125,1,5,-1,-1,-1
201501LX50212,1,9,0,18,0,2,0,0,0,0,3,1,6,1,38,7,2967,2,8,-1,1,-1
201501LX50213,1,9,0,7,0,1,0,0,0,0,1,1,6,2,47,8,-1,-1,-1,-1,1,-1
201501LX50213,2,19,0,8,0,1,0,0,0,0,2,1,6,1,27,6,1560,2,2,-1,1,-1
201501LX50214,1,9,0,18,0,2,0,0,0,0,1,1,6,1,43,7,2143,2,3,-1,1,-1
201501LX50214,2,9,0,7,0,2,0,0,0,0,2,1,6,1,36,7,-1,-1,-1,-1,-1,-1
201501LX50216,1,9,0,7,0,8,0,0,0,0,1,1,6,1,48,8,1598,1,9,-1,-1,-1
201501LX50216,2,1,0,18,0,8,0,0,0,0,4,1,6,1,24,5,-1,-1,-1,-1,1,-1
201501LX50217,1,9,0,9,0,8,0,0,0,0,1,1,6,1,52,8,2143,2,4,-1,1,-1
201501LX50217,2,3,0,14,0,8,0,0,0,0,1,1,6,1,25,5,749,1,13,-1,1,-1
201501LX50218,1,1,0,18,0,0,0,0,0,0,1,1,6,1,39,7,-1,-1,-1,-1,1,-1
201501LX50218,2,9,0,18,0,0,0,0,0,0,2,1,6,1,-1,-1,-1,-1,-1,-1,-1,-1
201501LX50221,1,1,0,18,0,0,0,0,0,0,1,1,6,2,50,8,-1,-1,-1,-1,1,-1
201501LX50221,2,9,0,5,0,0,0,0,0,0,3,1,6,1,40,7,1360,1,8,-1,1,-1
201501LX50222,1,9,0,9,0,8,0,0,0,0,4,1,6,1,26,6,-1,-1,-1,-1,1,-1
201501LX50222,2,5,0,18,0,8,0,0,0,0,1,1,6,1,65,9,1130,1,13,-1,1,-1
201501LX50223,1,3,0,13,0,8,0,0,0,0,4,1,6,1,38,7,298,1,3,-1,1,-1
201501LX50223,2,9,0,9,0,8,0,0,0,0,3,1,6,1,30,6,1560,2,3,-1,1,-1
201501LX50224,1,11,0,18,0,1,0,0,0,0,0,1,6,1,-1,-1,-1,-1,-1,-1,-1,-1
201501LX50225,1,19,0,9,0,8,0,0,0,0,1,1,6,1,24,5,2299,2,2,-1,1,-1
201501LX50225,2,1,0,18,0,8,0,0,0,0,1,1,6,1,48,8,-1,-1,-1,-1,1,-1
201501LX50226,1,3,0,18,0,2,0,0,0,0,3,1,6,1,20,4,-1,-1,-1,-1,1,-1
201501LX50226,2,9,0,13,0,2,0,0,0,0,3,1,6,3,-1,-1,2544,1,15,-1,-1,-1
201501LX50228,1,19,0,7,0,8,0,0,0,0,4,1,6,1,42,7,1968,2,2,-1,1,-1
201501LX50228,2,3,0,18,0,8,0,0,0,0,1,1,6,1,19,4,-1,-1,-1,-1,1,-1
201501LX50229,1,1,0,18,0,8,0,0,0,0,0,1,6,2,31,6,-1,-1,-1,-1,1,-1
201501LX50229,2,9,0,7,0,8,0,0,0,0,0,1,6,3,-1,-1,-1,-1,-1,-1,-1,-1
201501LX50230,1,1,0,18,0,2,0,0,0,0,1,1,6,1,-1,-1,-1,-1,-1,-1,-1,-1
201501LX50231,1,11,0,1,0,0,0,0,0,0,2,1,1,1,30,6,4500,2,-1,-1,1,-1
201501LX50232,1,9,0,18,0,1,0,0,0,0,1,1,6,3,-1,-1,-1,-1,-1,-1,-1,-1
201501LX50233,1,1,0,18,0,0,0,0,0,0,1,1,6,1,46,8,-1,-1,-1,-1,1,-1
201501LX50233,2,9,0,2,0,0,0,0,0,0,2,1,6,3,-1,-1,1598,1,-1,-1,-1,-1
201501LX50234,1,19,0,6,0,0,0,0,0,0,3,1,6,1,35,6,1996,2,3,-1,1,-1
201501LX50234,2,2,0,18,0,0,0,0,0,0,1,1,6,1,38,7,49,1,9,-1,1,-1
201501LX50235,1,3,0,18,0,1,0,0,0,0,1,1,6,3,-1,-1,-1,-1,-1,-1,-1,-1
201501LX50236,1,1,0,18,0,2,0,0,0,0,2,1,6,1,33,6,-1,-1,-1,-1,-1,-1
201501LX50236,2,9,0,18,0,2,0,0,0,0,1,1,6,1,-1,-1,1997,2,4,-1,-1,-1
201501LX50237,1,9,0,17,0,8,0,0,0,0,3,1,6,2,-1,-1,-1,-1,-1,-1,-1,-1
201501LX50238,1,11,0,5,0,2,0,0,0,0,1,1,1,1,59,9,-1,-1,-1,-1,-1,-1
201501LX50239,1,9,0,7,0,8,0,0,0,0,1,1,6,1,19,4,1998,2,9,-1,1,-1
201501LX50240,1,9,0,18,0,2,0,0,0,0,1,1,6,1,-1,-1,-1,-1,-1,-1,-1,-1
201501LX50242,1,5,0,14,0,8,0,0,0,0,4,1,6,1,28,6,689,1,1,-1,1,-1
201501LX50242,2,1,0,9,0,8,0,0,0,0,1,1,6,2,28,6,-1,-1,-1,-1,-1,-1
201501LX50243,1,9,0,6,0,0,0,0,0,0,4,1,6,1,33,6,1498,1,6,-1,1,-1
201501LX50243,2,5,0,18,0,0,0,0,0,0,1,1,6,1,29,6,-1,-1,-1,-1,1,-1
201501LX50244,1,9,0,9,0,8,0,0,0,0,3,1,6,1,59,9,1560,2,11,-1,1,-1
201501LX50244,2,3,0,13,0,8,0,0,0,0,4,1,6,1,22,5,108,1,3,-1,1,-1
201501LX50245,1,3,0,13,0,8,0,0,0,0,1,1,6,1,23,5,124,1,1,-1,1,-1
201501LX50245,2,11,0,3,0,8,0,0,0,0,3,1,6,1,37,7,-1,-1,-1,-1,1,-1
201501LX50245,3,9,0,9,0,8,0,0,0,0,3,1,6,1,51,8,1390,1,7,-1,1,-1
201501LX50246,1,9,0,9,0,8,0,0,0,0,1,1,6,1,56,9,1497,8,9,-1,1,-1
201501LX50246,2,1,0,17,0,8,0,0,0,0,1,1,6,2,24,5,-1,-1,-1,-1,1,-1
201501LX50247,1,3,0,7,0,8,0,0,0,0,2,1,6,1,30,6,125,1,3,-1,1,-1
201501LX50247,2,9,0,7,0,8,0,0,0,0,1,1,6,1,52,8,-1,-1,-1,-1,1,-1
201501LX50248,1,9,0,9,0,8,0,0,0,0,3,1,6,1,68,10,1398,1,9,-1,1,-1
201501LX50248,2,1,0,18,0,8,0,0,0,0,1,1,6,1,28,6,-1,-1,-1,-1,1,-1
201501LX50249,1,11,0,5,0,0,0,0,0,0,0,1,1,1,54,8,3900,2,12,-1,1,-1
201501LX50250,1,9,0,18,0,2,0,0,0,0,2,1,6,1,-1,-1,-1,-1,-1,-1,1,-1
201501LX50250,2,9,0,2,0,2,0,0,0,0,1,1,6,3,-1,-1,1560,2,2,-1,-1,-1
201501LX50251,1,11,0,5,0,1,0,0,0,0,0,1,1,1,32,6,-1,-1,-1,-1,1,-1
201501LX50253,1,9,0,18,0,8,0,0,0,0,3,1,6,1,26,6,-1,-1,-1,-1,1,-1
201501LX50254,1,3,0,5,0,0,0,0,0,0,1,1,6,1,-1,-1,124,1,4,-1,-1,-1
201501LX50256,1,9,0,8,0,8,0,0,0,0,3,1,6,2,59,9,1968,2,2,-1,-1,-1
201501LX50256,2,9,0,17,0,8,0,0,0,0,1,1,6,1,-1,-1,1397,1,12,-1,-1,-1
201501LX50257,1,9,0,3,0,0,0,0,0,0,2,1,6,1,39,7,-1,-1,-1,-1,1,-1
201501LX50257,2,9,0,18,0,0,0,0,0,0,1,1,6,1,-1,-1,1996,1,21,-1,-1,-1
201501LX50258,1,9,0,9,0,8,0,0,0,0,1,1,6,1,50,8,2993,2,4,-1,1,-1
201501LX50258,2,3,0,14,0,8,0,0,0,0,1,1,6,1,36,7,124,1,1,-1,1,-1
201501LX50259,1,5,0,18,0,8,0,0,0,0,1,1,6,1,-1,-1,599,1,16,-1,1,-1
201501LX50259,2,1,0,9,0,8,0,0,0,0,2,1,6,1,46,8,-1,-1,-1,-1,1,-1
201501LX50260,1,3,0,18,0,1,0,0,0,0,1,1,6,3,-1,-1,-1,-1,-1,-1,-1,-1
201501LX50263,1,9,0,18,0,0,0,0,0,0,4,1,6,2,49,8,1999,1,8,-1,1,-1
201501LX50263,2,19,0,12,0,0,0,0,0,0,3,1,6,1,-1,-1,2148,2,9,-1,-1,-1
201501LX50264,1,5,0,18,0,8,0,0,0,0,0,1,6,1,39,7,750,1,6,-1,-1,-1
201501LX50264,2,9,0,9,0,8,0,0,0,0,0,1,6,1,-1,-1,1791,8,3,-1,1,-1
201501LX50265,1,1,0,18,0,8,0,0,0,0,3,1,6,1,30,6,-1,-1,-1,-1,1,-1
201501LX50265,2,9,0,13,0,8,0,0,0,0,4,1,6,1,-1,-1,1997,2,6,-1,-1,-1
201501LX50266,1,9,0,9,0,8,0,0,0,0,3,1,6,1,45,7,-1,-1,-1,-1,-1,-1
201501LX50266,2,3,0,13,0,8,0,0,0,0,4,1,6,1,43,7,108,1,1,-1,1,-1
201501LX50267,1,9,0,7,0,8,0,0,0,0,4,1,6,2,44,7,-1,-1,-1,-1,1,-1
201501LX50267,2,5,0,15,0,8,0,0,0,0,1,1,6,1,34,6,-1,-1,-1,-1,-1,-1
201501LX50268,1,9,0,18,0,1,0,0,0,0,1,1,6,2,34,6,1587,1,15,-1,1,-1
201501LX50268,2,1,0,18,0,2,0,0,0,0,1,1,6,1,9,2,-1,-1,-1,-1,1,-1
201501LX50269,1,9,0,18,0,2,0,0,0,0,4,1,6,1,43,7,998,1,15,-1,1,-1
201501LX50270,1,5,0,18,0,8,0,0,0,0,1,1,6,1,37,7,296,1,1,-1,1,-1
201501LX50270,2,1,0,18,0,8,0,0,0,0,3,1,6,1,16,4,-1,-1,-1,-1,1,-1
201501LX50271,1,9,0,9,0,8,0,0,0,0,4,1,6,1,21,5,1600,1,4,-1,1,-1
201501LX50271,2,1,0,18,0,8,0,0,0,0,1,1,6,1,-1,-1,-1,-1,-1,-1,1,-1
201501LX50272,1,9,0,18,0,2,0,0,0,0,1,1,6,1,33,6,1753,2,6,-1,1,-1
201501LX50272,2,1,0,18,0,2,0,0,0,0,2,1,6,1,35,6,-1,-1,-1,-1,1,-1
201501LX50273,1,1,0,15,0,8,0,0,0,0,3,1,6,2,27,6,-1,-1,-1,-1,1,-1
201501LX50273,2,9,0,7,0,8,0,0,0,0,4,1,6,1,23,5,1753,2,5,-1,1,-1
201501LX50274,1,9,0,11,0,0,0,0,0,0,4,1,6,2,25,5,1349,1,10,-1,1,-1
201501LX50274,2,3,0,18,0,0,0,0,0,0,3,1,6,1,36,7,124,1,15,-1,1,-1
201501LX50275,1,9,0,4,0,1,0,0,0,0,1,1,6,2,48,8,1998,1,8,-1,-1,-1
201501LX50275,2,21,0,3,0,1,0,0,0,0,2,1,1,1,34,6,6374,2,2,-1,-1,-1
201501LX50276,1,9,0,6,0,2,0,0,0,0,3,1,6,1,28,6,1398,1,-1,-1,1,-1
201501LX50276,2,3,0,18,0,2,0,0,0,0,1,1,6,2,28,6,125,1,13,-1,-1,-1
201501LX50277,1,9,0,18,0,8,0,0,0,0,4,1,6,2,38,7,2000,2,7,-1,1,-1
201501LX50277,2,3,0,18,0,8,0,0,0,0,1,1,6,2,34,6,125,1,3,-1,1,-1
201501LX50278,1,9,0,18,0,2,0,10,1,4,1,1,6,1,28,6,-1,-1,-1,-1,1,-1
201501LX50279,1,9,0,9,0,8,0,0,0,0,1,1,6,1,40,7,1685,2,5,-1,1,-1