Accident_Index,Vehicle_Reference,Vehicle_Type,Towing_and_Articulation,Vehicle_Manoeuvre,Vehicle_Location-Restricted_Lane,Junction_Location,Skidding_and_Overturning,Hit_Object_in_Carriageway,Vehicle_Leaving_Carriageway,Hit_Object_off_Carriageway,1st_Point_of_Impact,Was_Vehicle_Left_Hand_Drive?,Journey_Purpose_of_Driver,Sex_of_Driver,Age_of_Driver,Age_Band_of_Driver,Engine_Capacity_(CC),Propulsion_Code,Age_of_Vehicle,Driver_IMD_Decile,Driver_Home_Area_Type,Vehicle_IMD_Decile
201501LX50452,2,19,0,11,0,1,0,0,0,0,4,1,1,1,26,6,2998,2,7,-1,3,-1
201501LX50453,1,9,0,7,0,8,0,0,0,0,4,1,6,3,-1,-1,-1,-1,-1,-1,-1,-1
201501LX50453,2,1,0,18,0,8,0,0,0,0,1,1,6,1,56,9,-1,-1,-1,-1,1,-1
201501LX50454,1,11,0,4,0,1,0,0,0,0,1,1,1,1,42,7,6700,2,8,-1,1,-1
201501LX50455,1,3,0,18,0,1,0,0,0,0,3,1,6,2,34,6,124,1,5,-1,1,-1
201501LX50455,2,9,0,11,0,1,0,0,0,0,4,1,6,3,-1,-1,-1,-1,-1,-1,-1,-1
201501LX50456,1,8,0,18,0,8,0,0,0,0,3,1,6,1,49,8,1998,2,6,-1,1,-1
201501LX50456,2,9,0,11,0,8,0,0,0,0,4,1,6,3,-1,-1,1598,1,3,-1,-1,-1
201501LX50458,1,9,0,9,0,8,0,0,0,0,4,1,6,2,44,7,-1,-1,-1,-1,1,-1
201501LX50458,2,3,0,18,0,8,0,0,0,0,1,1,6,1,19,4,124,1,6,-1,1,-1
201501LX50459,1,9,0,1,0,2,0,0,0,0,2,1,6,1,26,6,1895,1,15,-1,1,-1
201501LX50459,2,9,0,2,0,1,0,0,0,0,1,1,6,3,-1,-1,-1,-1,-1,-1,-1,-1
201501LX50463,1,11,0,5,0,1,0,0,0,0,0,1,1,1,35,6,8300,2,9,-1,1,-1
201501LX50464,1,9,0,18,0,1,0,0,0,0,1,1,6,3,-1,-1,-1,-1,-1,-1,-1,-1
201501LX50465,1,9,0,7,0,8,0,0,0,0,4,1,6,2,25,5,1242,1,2,-1,1,-1
201501LX50465,2,1,0,18,0,8,0,0,0,0,1,1,6,1,36,7,-1,-1,-1,-1,1,-1
201501LX50468,1,5,0,18,0,8,0,0,0,0,1,1,6,1,58,9,499,1,27,-1,1,-1
201501LX50468,2,4,0,9,0,8,0,0,0,0,4,1,6,3,-1,-1,124,1,8,-1,-1,-1
201501LX50469,1,9,0,18,0,2,0,0,0,0,1,1,6,3,-1,-1,-1,-1,-1,-1,-1,-1
201501LX50470,1,9,0,18,0,1,0,0,0,0,1,1,6,2,65,9,1796,1,8,-1,1,-1
201501LX50471,1,9,0,18,0,1,0,10,0,0,1,1,6,1,39,7,998,1,14,-1,1,-1
201501LX50473,1,1,0,18,0,8,0,0,0,0,1,1,6,1,48,8,-1,-1,-1,-1,3,-1
201501LX50473,2,9,0,7,0,8,0,0,0,0,3,1,6,3,-1,-1,-1,-1,-1,-1,-1,-1
201501LX50474,1,3,0,18,0,1,0,11,0,0,4,1,1,1,38,7,125,1,2,-1,1,-1
201501LX50475,1,19,0,4,0,1,0,0,0,0,1,1,6,1,33,6,2400,2,14,-1,1,-1
201501LX50475,2,9,0,4,0,1,0,0,0,0,2,1,6,1,29,6,1896,2,8,-1,1,-1
201501LX50476,1,9,0,7,0,8,0,0,0,0,4,1,1,1,41,7,2987,2,8,-1,1,-1
201501LX50476,2,1,0,18,0,8,0,0,0,0,1,1,6,2,27,6,-1,-1,-1,-1,1,-1
201501LX50477,1,9,0,18,0,1,0,0,0,0,1,1,6,1,20,4,1995,2,8,-1,1,-1
201501LX50478,1,3,0,18,0,1,0,0,0,0,1,1,6,3,-1,-1,-1,-1,-1,-1,-1,-1
201501LX50480,1,9,0,4,0,1,0,0,0,0,1,1,1,1,24,5,1498,1,5,-1,1,-1
201501LX50480,2,9,0,3,0,1,0,0,0,0,2,1,6,1,52,8,1497,8,6,-1,-1,-1
201501LX50480,3,9,0,3,0,1,0,0,0,0,2,1,6,2,46,8,1598,1,8,-1,1,-1
201501LX50481,1,19,0,5,0,8,0,0,0,0,3,1,1,1,25,5,1995,2,2,-1,1,-1
201501LX50481,2,9,0,18,0,8,0,0,0,0,1,1,6,1,35,6,2993,2,9,-1,1,-1
201501LX50482,1,1,0,18,0,8,0,0,0,0,1,1,6,1,38,7,-1,-1,-1,-1,1,-1
201501LX50482,2,9,0,9,0,8,0,0,0,0,4,1,6,3,-1,-1,-1,-1,-1,-1,-1,-1
201501LX50484,1,9,0,9,0,8,0,0,0,0,4,1,6,2,31,6,1598,1,9,-1,1,-1
201501LX50484,2,1,0,18,0,8,0,0,0,0,1,1,6,1,30,6,-1,-1,-1,-1,1,-1
201501LX50486,1,9,0,2,0,1,0,0,0,0,3,1,1,1,-1,-1,-1,-1,-1,-1,-1,-1
201501LX50486,2,9,0,18,0,1,0,4,0,0,1,1,6,3,-1,-1,-1,-1,-1,-1,-1,-1
201501LX50488,1,1,0,5,0,1,0,0,0,0,4,1,6,2,46,8,-1,-1,-1,-1,1,-1
201501LX50488,2,1,0,5,0,1,0,0,0,0,3,1,6,2,26,6,-1,-1,-1,-1,1,-1
201501LX50489,1,1,0,18,0,8,0,0,0,0,1,1,6,1,24,5,-1,-1,-1,-1,1,-1
201501LX50489,2,9,0,7,0,8,0,0,0,0,3,1,6,3,-1,-1,-1,-1,-1,-1,-1,-1
201501LX50490,1,9,0,9,0,8,0,0,0,0,4,1,6,1,27,6,1248,2,11,-1,1,-1
201501LX50490,2,3,0,18,0,8,0,0,0,0,1,1,6,1,42,7,125,1,6,-1,1,-1
201501LX50492,1,19,0,9,0,8,0,0,0,0,4,1,6,1,53,8,-1,-1,-1,-1,1,-1
201501LX50492,2,5,0,18,0,8,0,0,0,0,1,1,6,1,31,6,649,1,8,-1,1,-1
201501LX50493,1,8,0,18,0,1,0,7,0,0,1,1,1,1,26,6,2179,2,3,-1,1,-1
201501LX50494,1,20,0,18,0,1,0,0,0,0,1,1,6,3,-1,-1,-1,-1,-1,-1,-1,-1
201501LX50495,1,9,0,5,0,1,0,0,0,0,1,1,6,2,25,5,1596,1,10,-1,1,-1
201501LX50496,1,1,0,18,0,8,0,0,0,0,1,1,6,1,50,8,-1,-1,-1,-1,1,-1
201501LX50496,2,9,0,9,0,8,0,0,0,0,4,1,6,1,-1,-1,1997,2,11,-1,-1,-1
201501LX50497,1,9,0,18,0,1,0,0,0,0,1,1,6,2,52,8,1995,2,1,-1,-1,-1
201501LX50499,1,3,0,18,0,1,0,0,0,0,1,1,6,1,-1,-1,-1,-1,-1,-1,-1,-1
201501LX50499,2,9,0,11,0,1,0,0,0,0,4,1,6,2,-1,-1,1422,2,12,-1,-1,-1
201501LX50500,1,9,0,3,0,1,0,0,0,0,2,1,1,1,37,7,-1,-1,-1,-1,1,-1
201501LX50500,2,1,0,4,0,1,1,0,0,0,1,1,6,1,39,7,-1,-1,-1,-1,1,-1
201501LX50501,1,9,0,18,0,1,0,0,0,0,2,1,1,1,43,7,-1,-1,-1,-1,1,-1
201501LX50501,2,3,0,13,0,1,0,0,0,0,1,1,6,1,42,7,198,1,11,-1,1,-1
201501LX50502,1,11,0,5,0,1,0,0,0,0,0,1,1,1,46,8,4500,2,1,-1,1,-1
201501LX50503,1,9,0,18,0,1,0,0,0,0,1,1,6,2,47,8,-1,-1,-1,-1,1,-1
201501LX50504,1,5,0,4,0,2,0,0,0,0,2,1,6,1,44,7,798,1,3,-1,1,-1
201501LX50504,2,9,0,4,0,2,0,0,0,0,1,1,6,2,29,6,1596,1,1,-1,1,-1
201501LX50506,1,5,0,18,0,8,0,0,0,0,1,1,6,1,28,6,953,1,12,-1,1,-1
201501LX50506,2,9,0,7,0,8,0,0,0,0,3,1,6,1,51,8,1598,1,9,-1,-1,-1
201501LX50508,1,19,0,3,0,2,0,0,0,0,2,1,1,1,26,6,1995,2,7,-1,1,-1
201501LX50508,2,9,0,4,0,2,0,0,0,0,1,1,6,2,26,6,1896,2,15,-1,1,-1
201501LX50508,3,9,0,3,0,2,0,0,0,0,2,1,6,2,27,6,1229,1,4,-1,1,-1
201501LX50509,1,9,0,3,0,1,0,0,0,0,2,1,6,1,65,9,1997,2,4,-1,1,-1
201501LX50509,2,9,0,4,0,1,0,0,0,0,1,1,1,1,56,9,2494,1,17,-1,1,-1
201501LX50510,1,9,0,4,0,8,0,0,0,0,1,1,1,1,39,7,-1,-1,-1,-1,-1,-1
201501LX50510,2,9,0,4,0,8,0,0,0,0,2,1,6,1,40,7,-1,-1,-1,-1,1,-1
201501LX50511,1,9,0,4,0,1,0,0,0,0,1,1,6,1,-1,-1,1596,1,3,-1,1,-1
201501LX50511,2,9,0,3,0,1,0,0,0,0,2,1,6,1,50,8,1595,1,2,-1,1,-1
201501LX50512,1,9,0,18,0,1,0,4,0,0,1,1,6,1,75,10,2290,1,16,-1,1,-1
201501LX50512,2,9,0,2,0,1,0,0,0,0,3,1,6,2,48,8,2461,2,6,-1,-1,-1
201501LX50513,1,19,0,18,0,1,0,0,0,0,1,1,1,1,30,6,2261,1,6,-1,1,-1
201501LX50513,2,9,0,18,0,2,0,0,0,0,1,1,6,1,38,7,1686,2,4,-1,1,-1
201501LX50514,1,9,0,18,0,2,0,0,0,0,1,1,6,1,26,6,1969,2,-1,-1,1,-1
201501LX50514,2,9,0,18,0,1,0,0,0,0,1,1,6,1,38,7,-1,-1,-1,-1,-1,-1
201501LX50516,1,9,0,16,0,8,0,10,0,0,1,1,6,1,21,5,1984,1,6,-1,1,-1
201501LX50517,1,3,0,18,0,8,0,0,0,0,1,1,6,1,26,6,125,1,1,-1,1,-1
201501LX50517,2,9,0,9,0,8,0,0,0,0,4,1,6,1,58,9,1596,1,11,-1,1,-1
201501LX50518,1,9,0,18,0,1,0,0,0,0,1,1,6,3,-1,-1,-1,-1,-1,-1,-1,-1
201501LX50520,1,9,0,18,0,8,0,0,0,0,1,1,6,2,62,9,1389,1,12,-1,1,-1
201501LX50520,2,9,0,7,0,8,0,0,0,0,3,1,6,2,-1,-1,2179,2,7,-1,1,-1
201501LX50521,1,1,0,18,0,1,0,0,0,0,1,1,6,1,32,6,-1,-1,-1,-1,1,-1
201501LX50522,1,3,0,18,0,8,0,0,0,0,1,1,6,1,57,9,108,1,2,-1,1,-1
201501LX50522,2,9,0,9,0,8,0,0,0,0,3,1,6,1,74,10,2099,1,13,-1,1,-1
201501LX50523,1,1,0,18,0,2,0,0,0,0,1,1,6,1,-1,-1,-1,-1,-1,-1,1,-1
201501LX50523,2,9,0,18,0,2,0,0,0,0,3,1,6,2,-1,-1,1998,1,13,-1,-1,-1
201501LX50524,1,1,0,18,0,8,0,0,0,0,1,1,6,2,26,6,-1,-1,-1,-1,1,-1
201501LX50524,2,9,0,7,0,8,0,0,0,0,4,1,6,3,-1,-1,-1,-1,-1,-1,-1,-1
201501LX50525,1,2,0,18,0,1,0,11,0,0,1,1,6,1,-1,-1,279,1,2,-1,1,-1
201501LX50526,1,3,0,18,0,2,0,0,0,0,1,1,6,1,22,5,-1,-1,-1,-1,1,-1
201501LX50526,2,9,0,18,0,1,0,0,0,0,1,1,6,3,-1,-1,-1,-1,-1,-1,-1,-1
201501LX50527,1,9,0,9,0,8,0,0,0,0,4,1,6,1,22,5,1796,1,6,-1,1,-1
201501LX50527,2,3,0,18,0,8,0,0,0,0,1,1,6,1,23,5,124,1,13,-1,1,-1
201501LX50528,1,9,0,4,0,1,0,0,0,0,1,1,6,1,44,7,1560,2,4,-1,1,-1
201501LX50528,2,9,0,3,0,1,0,0,0,0,2,1,6,1,44,7,1598,1,7,-1,1,-1
201501LX50528,3,9,0,3,0,1,0,0,0,0,2,1,6,1,43,7,1997,2,1,-1,1,-1
201501LX50529,1,19,0,3,0,1,0,0,0,0,2,1,1,2,56,9,-1,-1,-1,-1,1,-1
201501LX50529,2,9,0,4,0,1,0,0,0,0,1,1,6,3,-1,-1,1968,2,6,-1,-1,-1
201501LX50530,1,19,0,2,0,1,0,0,0,0,3,1,1,1,51,8,2148,2,7,-1,1,-1
201501LX50530,2,1,0,14,0,1,0,8,0,0,1,1,6,1,24,5,-1,-1,-1,-1,1,-1
201501LX50534,1,1,0,18,0,8,0,0,0,0,1,1,6,2,28,6,-1,-1,-1,-1,-1,-1
201501LX50534,2,9,0,7,0,8,0,0,0,0,3,1,6,1,-1,-1,1598,1,4,-1,1,-1
201501LX50535,1,9,0,18,0,1,0,0,0,0,1,1,6,1,25,5,1242,1,1,-1,1,-1
201501LX50536,1,9,0,13,0,1,0,0,0,0,1,1,6,1,49,8,-1,-1,-1,-1,1,-1
201501LX50536,2,1,0,18,0,1,0,0,0,0,2,1,6,1,35,6,-1,-1,-1,-1,-1,-1
201501LX50538,1,9,0,9,0,8,0,0,0,0,4,1,1,1,56,9,-1,-1,-1,-1,1,-1
201501LX50538,2,1,0,18,0,8,0,0,0,0,1,1,6,1,47,8,-1,-1,-1,-1,1,-1
201501LX50540,1,3,0,4,0,1,0,0,0,0,0,1,1,1,22,5,124,1,7,-1,1,-1
201501LX50544,1,9,0,18,0,1,0,0,0,0,2,1,6,1,23,5,-1,-1,-1,-1,-1,-1
201501LX50544,2,9,0,18,0,1,0,0,0,0,1,1,6,1,21,5,1364,1,5,-1,-1,-1
201501LX50545,1,9,0,7,0,8,0,0,0,0,4,1,6,1,35,6,1242,1,10,-1,1,-1
201501LX50545,2,4,0,18,0,8,0,0,0,0,1,1,6,1,41,7,1050,1,9,-1,1,-1
201501LX50547,1,9,0,11,0,0,0,0,0,0,0,1,6,1,51,8,-1,-1,-1,-1,1,-1
201501LX50547,2,3,0,18,0,0,0,0,0,0,0,1,6,1,31,6,-1,-1,-1,-1,1,-1
201501LX50549,1,1,0,18,0,2,0,0,0,0,1,1,6,1,38,7,-1,-1,-1,-1,1,-1
201501LX50550,1,9,0,18,0,1,0,0,0,0,1,1,6,1,37,7,-1,-1,-1,-1,1,-1
201501LX50551,1,1,0,18,0,1,0,0,0,0,1,1,6,1,20,4,-1,-1,-1,-1,1,-1
201501LX50552,1,1,0,18,0,1,0,0,0,0,0,1,6,1,23,5,-1,-1,-1,-1,1,-1
201501LX50553,1,3,0,18,0,1,0,0,0,0,1,1,6,1,22,5,-1,-1,-1,-1,1,-1
201501LX50553,2,9,0,6,0,1,0,0,0,0,3,1,6,3,-1,-1,-1,-1,-1,-1,-1,-1
201501LX50554,1,9,0,18,0,0,0,0,0,0,1,1,6,1,51,8,1560,2,7,-1,1,-1
201501LX50555,1,9,0,11,0,8,0,0,0,0,4,1,6,2,48,8,3498,1,9,-1,1,-1
201501LX50555,2,3,0,18,0,8,0,0,0,0,3,1,6,2,26,6,-1,-1,-1,-1,1,-1
201501LX50556,1,9,0,18,0,8,0,0,0,0,3,1,6,1,41,7,1598,1,12,-1,1,-1
201501LX50556,2,1,0,18,0,8,0,0,0,0,1,1,6,1,24,5,-1,-1,-1,-1,-1,-1
201501LX50557,1,3,0,14,0,1,0,0,0,0,1,1,6,1,-1,-1,-1,-1,-1,-1,-1,-1
201501LX50558,1,3,0,18,0,1,0,0,0,0,3,1,6,1,27,6,124,1,3,-1,1,-1
201501LX50558,2,21,0,11,0,1,0,0,0,0,4,1,1,1,26,6,10837,2,3,-1,1,-1
201501LX50559,1,11,0,2,0,0,0,0,0,0,2,1,1,1,63,9,7140,2,5,-1,1,-1
201501LX50559,2,11,0,4,0,0,0,0,0,0,1,1,1,2,36,7,-1,-1,-1,-1,-1,-1
201501LX50560,1,1,0,18,0,8,0,0,0,0,1,1,6,1,26,6,-1,-1,-1,-1,1,-1
201501LX50560,2,19,0,7,0,8,0,0,0,0,4,1,6,1,-1,-1,2198,2,1,-1,1,-1
201501LX50561,1,19,0,1,0,2,0,0,0,0,2,1,6,1,28,6,-1,-1,-1,-1,1,-1
201501LX50562,1,9,0,6,0,0,0,0,0,0,3,1,6,1,21,5,1422,2,10,-1,1,-1
201501LX50562,2,3,0,18,0,0,0,0,0,0,1,1,6,1,20,4,108,1,1,-1,1,-1
201501LX50563,1,3,0,13,0,8,0,0,0,0,1,1,6,1,36,7,124,1,12,-1,1,-1
201501LX50563,2,9,0,9,0,8,0,0,0,0,3,1,6,1,-1,-1,2295,1,15,-1,-1,-1
201501LX50564,1,19,0,9,0,8,0,0,0,0,1,1,6,1,36,7,-1,-1,-1,-1,1,-1
201501LX50564,2,3,0,18,0,8,0,0,0,0,1,1,6,1,24,5,124,1,4,-1,-1,-1
201501LX50565,1,9,0,18,0,1,0,0,0,0,1,1,6,2,57,9,1368,1,9,-1,1,-1
201501LX50566,1,9,0,18,0,8,0,0,0,0,3,1,6,2,31,6,-1,-1,-1,-1,1,-1
201501LX50566,2,9,0,9,0,8,0,0,0,0,1,1,6,1,-1,-1,1587,1,15,-1,-1,-1
201501LX50567,1,9,0,7,0,8,0,0,0,0,4,1,6,1,25,5,1198,1,6,-1,1,-1
201501LX50567,2,1,0,18,0,8,0,0,0,0,1,1,6,1,34,6,-1,-1,-1,-1,1,-1
201501LX50569,1,9,0,9,0,8,0,0,0,0,3,1,6,1,53,8,-1,-1,-1,-1,1,-1
201501LX50569,2,3,0,18,0,8,0,0,0,0,1,1,6,1,39,7,-1,-1,-1,-1,1,-1
201501LX50570,1,11,0,4,0,2,0,0,0,0,0,1,6,1,-1,-1,4500,2,4,-1,-1,-1
201501LX50571,1,9,0,9,0,8,0,0,0,0,1,1,6,2,52,8,1598,1,9,-1,1,-1
201501LX50571,2,1,0,18,0,8,0,0,0,0,1,1,6,1,29,6,-1,-1,-1,-1,1,-1
201501LX50572,1,9,0,3,0,0,0,0,0,0,2,1,6,2,54,8,-1,-1,-1,-1,1,-1
201501LX50572,2,9,0,18,0,0,0,0,0,0,1,1,6,3,-1,-1,-1,-1,-1,-1,-1,-1
201501LX50573,1,9,0,18,0,1,0,0,0,0,1,1,6,1,58,9,1590,1,17,-1,1,-1
201501LX50574,1,9,0,11,0,0,0,0,0,0,4,1,6,1,29,6,-1,-1,-1,-1,1,-1
201501LX50574,2,5,0,18,0,0,0,0,0,0,3,1,6,1,25,5,-1,-1,-1,-1,-1,-1
201501LX50575,1,9,0,9,0,8,0,0,0,0,0,1,6,2,24,5,1360,1,12,-1,1,-1
201501LX50575,2,3,0,18,0,8,0,0,0,0,0,1,6,1,44,7,125,1,-1,-1,1,-1
201501LX50576,1,9,0,18,0,8,0,0,0,0,4,1,6,1,40,7,1390,1,4,-1,-1,-1
201501LX50576,2,9,0,7,0,8,0,0,0,0,1,1,6,2,25,5,1598,1,11,-1,1,-1
201501LX50577,1,9,0,18,0,0,0,0,0,0,1,1,6,1,27,6,1995,1,8,-1,1,-1
201501LX50579,1,9,0,18,0,1,0,0,0,0,3,1,6,1,63,9,1968,2,7,-1,1,-1
201501LX50579,2,11,0,18,0,2,0,0,0,0,3,1,1,1,45,7,-1,-1,-1,-1,1,-1
201501LX50579,3,9,0,18,0,2,0,0,0,0,3,1,6,1,47,8,1587,1,10,-1,1,-1
201501LX50580,1,1,0,18,0,8,0,0,0,0,1,1,6,1,45,7,-1,-1,-1,-1,1,-1
201501LX50580,2,9,0,9,0,8,0,0,0,0,1,1,6,1,-1,-1,998,1,4,-1,1,-1
201501LX50581,1,11,0,9,0,8,0,0,0,0,2,1,1,1,55,8,6700,2,3,-1,1,-1
201501LX50581,2,5,0,9,0,8,0,0,0,0,1,1,6,1,51,8,599,1,17,-1,1,-1
201501LX50583,1,1,0,5,0,1,0,0,0,0,3,1,6,1,34,6,-1,-1,-1,-1,1,-1
201501LX50583,2,19,0,5,0,1,0,0,0,0,4,1,6,1,-1,-1,-1,-1,-1,-1,-1,-1
201501LX50584,1,9,0,9,0,8,0,0,0,0,1,1,6,1,-1,-1,-1,-1,-1,-1,-1,-1
201501LX50584,2,1,0,18,0,8,0,0,0,0,1,1,6,1,49,8,-1,-1,-1,-1,-1,-1
201501LX50585,1,9,0,9,0,8,0,0,0,0,4,1,6,2,31,6,1999,1,8,-1,1,-1
201501LX50585,2,1,0,18,0,8,0,0,0,0,1,1,6,1,43,7,-1,-1,-1,-1,1,-1
201501LX50586,1,2,0,7,0,8,0,0,0,0,1,1,6,1,16,4,-1,-1,-1,-1,1,-1
201501LX50586,2,9,0,18,0,8,0,0,0,0,1,1,6,1,46,8,-1,-1,-1,-1,1,-1
201501LX50587,1,9,0,7,0,8,0,0,0,0,3,1,6,2,45,7,1400,1,9,-1,1,-1
201501LX50587,2,3,0,18,0,8,0,0,0,0,1,1,2,1,19,4,124,1,-1,-1,-1,-1
201501LX50589,1,3,0,18,0,0,0,0,0,0,0,1,6,1,40,7,124,1,1,-1,1,-1
201501LX50590,1,9,0,18,0,0,0,0,0,0,1,1,6,1,31,6,-1,-1,-1,-1,1,-1
201501LX50590,2,9,0,3,0,0,0,0,0,0,2,1,6,2,38,7,1398,1,3,-1,-1,-1
201501LX50590,3,19,0,3,0,0,0,0,0,0,2,1,6,1,45,7,-1,-1,-1,-1,-1,-1
201501LX50591,1,9,0,9,9,8,0,10,7,0,1,1,6,1,-1,-1,-1,-1,-1,-1,-1,-1
201501LX50593,1,9,0,18,0,0,0,0,0,0,3,1,6,1,22,5,1497,8,5,-1,1,-1
201501LX50593,2,2,0,18,0,0,0,0,0,0,4,1,1,1,23,5,109,1,2,-1,-1,-1
201501LX50594,1,9,0,9,0,8,0,0,0,0,3,1,6,2,27,6,1198,1,12,-1,1,-1
201501LX50594,2,3,0,13,0,8,0,0,0,0,4,1,6,1,22,5,108,1,2,-1,1,-1
201501LX50596,1,9,0,3,0,1,0,0,0,0,2,1,6,2,47,8,-1,-1,-1,-1,1,-1
201501LX50596,2,3,0,4,0,1,0,0,0,0,1,1,6,1,47,8,125,1,4,-1,-1,-1
201501LX50597,1,1,0,7,0,2,0,10,0,0,4,1,6,1,40,7,-1,-1,-1,-1,1,-1
201501LX50598,1,11,0,7,0,8,0,0,0,0,0,1,1,1,55,8,-1,-1,-1,-1,1,-1
201501LX50599,1,11,0,4,0,2,0,0,0,0,0,1,1,1,59,9,-1,-1,-1,-1,1,-1
201501LX50600,1,9,0,9,0,8,0,0,0,0,4,1,6,1,44,7,2494,1,10,-1,1,-1
201501LX50600,2,3,0,18,0,8,0,0,0,0,1,1,6,1,20,4,124,1,5,-1,-1,-1
201501LX50601,1,5,0,13,0,8,0,0,0,0,4,1,6,1,-1,-1,-1,-1,-1,-1,-1,-1
201501LX50601,2,19,0,9,0,8,0,0,0,0,3,1,6,1,52,8,-1,-1,-1,-1,-1,-1
201501LX50603,1,3,0,18,0,2,0,0,0,0,1,1,6,1,21,5,125,1,2,-1,-1,-1
201501LX50604,1,3,0,13,0,8,0,0,0,0,1,1,6,1,21,5,-1,-1,-1,-1,1,-1
201501LX50604,2,19,0,9,0,8,0,0,0,0,3,1,6,1,49,8,-1,-1,-1,-1,1,-1
201501LX50605,1,9,0,18,0,1,0,0,0,0,1,1,6,1,48,8,2494,1,25,-1,-1,-1
201501LX50606,1,9,0,4,0,0,0,0,0,0,1,1,6,1,22,5,2143,2,4,-1,1,-1
201501LX50606,2,9,0,4,0,0,0,0,0,0,2,1,6,1,38,7,-1,-1,-1,-1,-1,-1
201501LX50608,1,1,0,18,0,0,0,0,0,0,0,1,6,1,58,9,-1,-1,-1,-1,1,-1
201501LX50609,1,9,0,7,0,8,0,0,0,0,4,1,6,1,45,7,2231,2,3,-1,-1,-1
201501LX50609,2,1,0,15,0,8,0,0,0,0,1,1,6,1,54,8,-1,-1,-1,-1,1,-1
201501LX50610,1,9,0,9,0,8,0,0,0,0,4,1,6,2,36,7,1229,1,3,-1,1,-1
201501LX50610,2,5,0,18,0,8,0,0,0,0,1,1,6,1,29,6,599,1,10,-1,1,-1
201501LX50611,1,11,0,4,0,2,0,0,0,0,0,1,1,1,38,7,-1,-1,-1,-1,1,-1
201501LX50612,1,11,0,4,0,1,0,0,0,0,1,1,6,1,18,4,-1,-1,-1,-1,1,-1
201501LX50612,2,11,0,4,0,1,0,0,0,0,3,1,6,1,26,6,6700,2,5,-1,1,-1
201501LX50612,3,9,0,4,0,1,0,0,0,0,2,1,6,2,46,8,1598,1,4,-1,-1,-1
201501LX50613,1,9,0,3,0,0,0,0,0,0,2,1,6,2,62,9,1364,1,9,-1,-1,-1
201501LX50613,2,9,0,3,0,0,0,0,0,0,2,1,6,2,-1,-1,1498,1,6,-1,-1,-1
201501LX50613,3,9,0,18,0,0,0,0,0,0,1,1,6,1,-1,-1,-1,-1,-1,-1,-1,-1
201501LX50615,1,9,0,18,0,1,0,0,0,0,4,1,6,1,28,6,1598,1,13,-1,1,-1
201501LX50615,2,4,0,18,0,1,0,0,0,0,3,1,6,1,44,7,-1,-1,-1,-1,1,-1
201501LX50616,1,1,0,18,0,0,0,0,0,0,3,1,6,1,30,6,-1,-1,-1,-1,1,-1
201501LX50616,2,9,0,11,0,0,0,0,0,0,4,1,6,1,50,8,1598,1,10,-1,1,-1
201501LX50617,1,3,0,18,0,1,0,0,0,0,1,1,6,1,28,6,125,1,-1,-1,-1,-1
201501LX50618,1,1,0,18,0,8,0,0,0,0,3,1,6,1,38,7,-1,-1,-1,-1,-1,-1
201501LX50618,2,9,0,9,0,8,0,0,0,0,1,1,6,1,27,6,1791,8,4,-1,1,-1
201501LX50620,1,2,0,13,0,8,0,0,0,0,1,1,6,1,29,6,125,1,4,-1,1,-1
201501LX50620,2,9,0,9,0,8,0,0,0,0,3,1,6,1,74,10,1198,1,12,-1,1,-1
201501LX50621,1,9,0,18,0,0,0,0,0,0,0,1,6,2,30,6,1390,1,12,-1,1,-1
201501LX50623,1,1,0,18,0,1,0,0,0,0,1,1,6,1,26,6,-1,-1,-1,-1,1,-1
201501LX50623,2,9,0,5,0,1,0,0,0,0,3,1,6,2,28,6,1796,1,11,-1,1,-1
201501LX50624,1,8,0,3,0,1,0,0,0,0,2,1,6,1,49,8,1598,2,5,-1,1,-1
201501LX50624,2,19,0,18,0,1,0,0,0,0,1,1,6,1,-1,-1,2198,2,1,-1,-1,-1
201501LX50625,1,9,0,18,0,1,0,0,0,0,2,1,6,2,56,9,2997,1,12,-1,1,-1
201501LX50625,2,9,0,18,0,1,0,0,0,0,1,1,6,1,20,4,1598,1,8,-1,1,-1
201501LX50626,1,3,0,18,0,8,0,0,0,0,0,1,6,1,22,5,125,1,4,-1,1,-1
201501LX50626,2,19,0,9,0,8,0,0,0,0,0,1,6,1,25,5,1248,2,8,-1,1,-1
201501LX50627,1,1,0,18,0,0,0,0,0,0,3,1,6,2,55,8,-1,-1,-1,-1,1,-1
201501LX50627,2,9,0,13,0,0,0,0,0,0,4,1,6,2,-1,-1,-1,-1,-1,-1,1,-1
201501LX50628,1,9,0,18,0,1,0,0,0,0,1,1,6,1,53,8,1910,2,12,-1,1,-1
201501LX50629,1,9,0,3,0,1,0,0,0,0,2,1,6,2,45,7,-1,-1,-1,-1,1,-1
201501LX50629,2,19,0,18,0,1,0,0,0,0,1,1,6,1,33,6,-1,-1,-1,-1,1,-1
201501LX50631,1,9,0,18,0,0,0,0,0,0,1,1,6,1,45,7,1596,1,7,-1,1,-1
201501LX50632,1,9,0,18,0,1,0,0,0,0,1,1,6,2,25,5,1390,1,7,-1,1,-1
201501LX50634,1,9,0,2,0,1,0,0,0,0,2,1,6,1,27,6,3199,1,11,-1,1,-1
201501LX50634,2,9,0,18,0,1,0,0,0,0,1,1,6,3,-1,-1,-1,-1,-1,-1,-1,-1
201501LX50635,1,9,0,18,0,1,0,0,0,0,2,1,6,1,19,4,1850,1,13,-1,1,-1
201501LX50635,2,19,0,18,0,1,0,0,0,0,1,1,1,1,47,8,-1,-1,-1,-1,1,-1
201501LX50637,1,1,0,4,0,1,0,0,0,0,1,1,6,1,30,6,-1,-1,-1,-1,-1,-1
201501LX50637,2,5,0,4,0,1,0,0,0,0,2,1,1,1,40,7,883,1,2,-1,-1,-1
201501LX50638,1,3,0,3,0,1,0,0,0,0,2,1,6,1,32,6,108,1,-1,-1,1,-1
201501LX50638,2,9,0,4,0,1,0,0,0,0,1,1,6,1,-1,-1,1398,1,3,-1,-1,-1
201501LX50640,1,3,0,18,0,8,0,0,0,0,4,1,6,1,40,7,-1,-1,-1,-1,1,-1