Accident_Index,Vehicle_Reference,Vehicle_Type,Towing_and_Articulation,Vehicle_Manoeuvre,Vehicle_Location-Restricted_Lane,Junction_Location,Skidding_and_Overturning,Hit_Object_in_Carriageway,Vehicle_Leaving_Carriageway,Hit_Object_off_Carriageway,1st_Point_of_Impact,Was_Vehicle_Left_Hand_Drive?,Journey_Purpose_of_Driver,Sex_of_Driver,Age_of_Driver,Age_Band_of_Driver,Engine_Capacity_(CC),Propulsion_Code,Age_of_Vehicle,Driver_IMD_Decile,Driver_Home_Area_Type,Vehicle_IMD_Decile
201501LX50640,2,9,0,7,0,8,0,0,0,0,1,1,6,1,-1,-1,-1,-1,-1,-1,-1,-1
201501LX50641,1,3,0,18,0,1,0,0,0,0,1,1,6,1,-1,-1,124,1,1,-1,-1,-1
201501LX50641,2,9,0,11,0,1,0,0,0,0,2,1,6,1,-1,-1,1985,1,18,-1,-1,-1
201501LX50642,1,9,0,18,0,1,0,7,0,0,1,1,6,1,46,8,1339,8,7,-1,1,-1
201501LX50643,1,1,0,4,0,1,0,0,0,0,1,1,6,1,23,5,-1,-1,-1,-1,-1,-1
201501LX50644,1,11,0,2,0,1,0,0,0,0,4,1,1,1,45,7,7300,2,12,-1,1,-1
201501LX50645,1,3,0,18,0,8,1,0,0,0,1,1,6,1,29,6,-1,-1,-1,-1,-1,-1
201501LX50645,2,19,0,9,0,8,0,0,0,0,3,1,6,3,-1,-1,-1,-1,-1,-1,-1,-1
201501LX50647,1,11,0,18,0,2,0,0,0,0,1,1,1,2,25,5,4500,2,-1,-1,1,-1
201501LX50648,1,11,0,4,0,1,0,0,0,0,0,1,1,1,46,8,6700,2,4,-1,1,-1
201501LX50649,1,9,0,4,0,1,0,0,0,0,1,1,6,1,84,11,1596,1,13,-1,1,-1
201501LX50649,2,9,0,3,0,1,0,0,0,0,2,1,6,1,64,9,2000,1,15,-1,1,-1
201501LX50649,3,9,0,3,0,1,0,0,0,0,2,1,6,2,27,6,1596,1,9,-1,1,-1
201501LX50651,1,11,0,18,0,1,0,0,0,0,4,1,1,1,58,9,6692,2,6,-1,1,-1
201501LX50651,2,5,0,15,0,1,0,0,0,0,3,1,6,1,56,9,1300,1,2,-1,1,-1
201501LX50652,1,3,0,18,0,1,0,0,0,0,3,1,6,1,24,5,124,1,6,-1,1,-1
201501LX50652,2,9,0,11,0,1,0,0,0,0,4,1,1,1,27,6,1840,1,14,-1,1,-1
201501LX50653,1,8,0,18,0,1,0,0,0,0,1,1,1,1,-1,-1,2402,2,13,-1,1,-1
201501LX50655,1,9,0,9,0,8,0,0,0,0,4,1,6,1,43,7,998,1,13,-1,1,-1
201501LX50655,2,20,0,18,0,8,0,0,0,0,1,1,1,1,43,7,-1,-1,-1,-1,1,-1
201501LX50656,1,9,0,4,0,1,0,0,0,0,2,1,6,1,34,6,1796,1,2,-1,-1,-1
201501LX50656,2,9,0,4,0,1,0,0,0,0,1,1,6,1,62,9,998,1,-1,-1,1,-1
201501LX50657,1,4,0,18,0,1,0,0,0,0,3,1,6,1,54,8,599,1,13,-1,1,-1
201501LX50657,2,9,0,11,0,1,0,0,0,0,4,1,6,1,-1,-1,1596,1,10,-1,-1,-1
201501LX50658,1,8,0,3,0,2,0,0,0,0,2,1,1,1,31,6,1797,8,1,-1,1,-1
201501LX50658,2,9,0,4,0,2,0,0,0,0,1,1,6,1,-1,-1,3628,2,7,-1,-1,-1
201501LX50659,1,3,0,18,0,1,0,0,0,0,1,1,1,1,24,5,-1,-1,-1,-1,-1,-1
201501LX50659,2,19,0,5,0,1,0,0,0,0,3,1,1,1,35,6,1560,2,3,-1,-1,-1
201501LX50660,1,9,0,7,0,8,0,0,0,0,1,1,6,2,83,11,1240,1,9,-1,1,-1
201501LX50660,2,1,0,18,0,8,0,0,0,0,3,1,6,1,5,1,-1,-1,-1,-1,1,-1
201501LX50661,1,3,0,18,0,0,0,0,0,0,1,1,6,1,25,5,125,1,11,-1,1,-1
201501LX50662,1,11,0,4,0,1,0,0,0,0,0,1,1,3,-1,-1,7300,2,12,-1,-1,-1
201501LX50663,1,9,0,3,0,1,0,0,0,0,2,1,6,1,49,8,1997,2,1,-1,1,-1
201501LX50663,2,9,0,4,0,1,0,0,0,0,1,1,6,1,-1,-1,-1,-1,-1,-1,-1,-1
201501LX50664,1,9,0,9,0,8,0,0,0,0,4,1,6,2,65,9,1796,1,10,-1,-1,-1
201501LX50664,2,1,0,18,0,8,0,0,0,0,1,1,6,1,48,8,-1,-1,-1,-1,1,-1
201501LX50665,1,5,0,3,0,1,0,0,0,0,2,1,6,1,46,8,865,1,5,-1,1,-1
201501LX50665,2,9,0,4,0,1,0,0,0,0,1,1,6,2,52,8,1360,1,11,-1,1,-1
201501LX50667,1,9,0,18,0,8,0,0,0,0,1,1,6,1,58,9,1984,1,13,-1,1,-1
201501LX50667,2,9,0,18,0,8,0,0,0,0,3,1,6,1,23,5,1999,1,10,-1,1,-1
201501LX50668,1,9,0,9,0,1,0,0,0,0,1,1,6,1,73,10,1997,1,2,-1,1,-1
201501LX50668,2,1,0,18,0,1,0,0,0,0,3,1,6,1,53,8,-1,-1,-1,-1,1,-1
201501LX50671,1,9,0,18,0,1,0,0,0,0,1,1,6,1,52,8,1597,1,16,-1,1,-1
201501LX50671,2,1,0,18,0,1,0,0,0,0,2,1,6,1,23,5,-1,-1,-1,-1,1,-1
201501LX50673,1,3,0,18,0,1,0,0,0,0,1,1,6,1,29,6,125,1,8,-1,1,-1
201501LX50674,1,3,0,18,0,8,0,0,0,0,1,1,6,1,34,6,125,1,2,-1,1,-1
201501LX50674,2,9,0,9,0,8,0,0,0,0,4,1,6,1,-1,-1,1956,2,3,-1,-1,-1
201501LX50675,1,9,0,7,0,8,0,0,0,0,2,1,6,2,21,5,-1,-1,-1,-1,1,-1
201501LX50675,2,1,0,18,0,8,0,0,0,0,1,1,6,1,40,7,-1,-1,-1,-1,-1,-1
201501LX50677,1,9,0,9,0,1,0,0,0,0,3,1,6,2,42,7,1108,1,6,-1,1,-1
201501LX50678,1,11,0,18,0,1,0,0,0,0,1,1,1,3,-1,-1,-1,-1,-1,-1,-1,-1
201501LX50679,1,9,0,9,0,8,0,0,0,0,4,1,6,1,26,6,-1,-1,-1,-1,1,-1
201501LX50679,2,9,0,18,0,8,0,0,0,0,1,1,6,1,26,6,1360,1,14,-1,1,-1
201501LX50680,1,1,0,3,0,1,0,0,0,0,2,1,6,2,23,5,-1,-1,-1,-1,1,-1
201501LX50680,2,9,0,4,0,1,0,0,0,0,1,1,6,1,-1,-1,-1,-1,-1,-1,-1,-1
201501LX50681,1,9,0,18,0,8,0,0,0,0,4,1,6,2,60,9,-1,-1,-1,-1,1,-1
201501LX50682,1,9,0,18,0,0,0,0,0,0,1,1,6,1,23,5,1598,1,5,-1,1,-1
201501LX50682,2,1,0,7,0,0,0,0,0,0,3,1,6,1,53,8,-1,-1,-1,-1,1,-1
201501LX50683,1,20,0,7,0,2,0,0,0,0,1,1,1,1,33,6,-1,-1,-1,-1,1,-1
201501LX50684,1,5,0,18,0,8,0,0,0,0,1,1,6,1,50,8,-1,-1,-1,-1,1,-1
201501LX50684,2,9,0,4,0,8,0,0,0,0,2,1,6,1,42,7,1968,2,1,-1,1,-1
201501LX50685,1,3,0,13,0,8,0,0,0,0,1,1,6,1,23,5,124,1,4,-1,1,-1
201501LX50685,2,9,0,9,0,8,0,0,0,0,3,1,6,1,49,8,-1,-1,-1,-1,1,-1
201501LX50686,1,9,0,2,0,1,0,0,0,0,3,1,6,1,29,6,2993,2,9,-1,1,-1
201501LX50686,2,11,0,14,0,1,0,8,0,0,1,1,1,1,60,9,9200,2,12,-1,1,-1
201501LX50687,1,11,0,5,0,1,0,0,0,0,3,1,1,1,55,8,14500,2,15,-1,1,-1
201501LX50687,2,1,0,13,0,1,0,0,0,0,1,1,6,1,22,5,-1,-1,-1,-1,1,-1
201501LX50688,1,5,0,18,0,8,0,0,0,0,1,1,1,1,38,7,647,1,11,-1,1,-1
201501LX50688,2,19,0,7,0,8,0,0,0,0,3,1,1,1,62,9,-1,-1,-1,-1,1,-1
201501LX50689,1,19,0,1,0,2,0,0,0,0,2,1,6,1,28,6,-1,-1,-1,-1,1,-1
201501LX50689,2,90,0,18,0,2,0,0,0,0,1,1,6,2,71,10,-1,-1,-1,-1,1,-1
201501LX50690,1,9,0,7,0,8,0,0,0,0,3,1,6,3,-1,-1,1598,1,9,-1,-1,-1
201501LX50690,2,1,0,18,0,8,0,0,0,0,1,1,6,2,39,7,-1,-1,-1,-1,1,-1
201501LX50691,1,1,0,18,0,1,0,0,0,0,3,1,6,1,47,8,-1,-1,-1,-1,1,-1
201501LX50691,2,9,0,13,0,1,0,0,0,0,4,1,6,3,-1,-1,-1,-1,-1,-1,-1,-1
201501LX50692,1,9,0,9,0,8,0,0,0,0,1,1,6,1,27,6,-1,-1,-1,-1,1,-1
201501LX50692,2,9,0,18,0,8,0,0,0,0,1,1,6,1,28,6,998,1,14,-1,-1,-1
201501LX50693,1,5,0,4,0,0,0,0,0,0,1,1,6,1,19,4,599,1,14,-1,-1,-1
201501LX50693,2,5,0,4,0,0,0,0,0,0,2,1,6,1,26,6,998,1,10,-1,-1,-1
201501LX50694,1,3,0,18,0,2,0,10,7,10,1,1,6,1,19,4,124,1,-1,-1,1,-1
201501LX50695,1,3,0,18,0,1,0,0,0,0,1,1,6,3,-1,-1,-1,-1,-1,-1,-1,-1
201501LX50697,1,9,0,11,0,1,0,0,0,0,4,1,6,1,21,5,998,1,2,-1,1,-1
201501LX50697,2,5,0,15,0,1,0,0,0,0,3,1,6,1,39,7,1255,1,6,-1,1,-1
201501LX50700,1,20,0,18,0,2,0,0,0,0,3,1,6,1,61,9,-1,-1,-1,-1,1,-1
201501LX50702,1,5,0,18,0,8,0,0,0,0,0,1,6,1,40,7,-1,-1,-1,-1,1,-1
201501LX50702,2,19,0,18,0,8,0,0,0,0,0,1,6,1,-1,-1,-1,-1,-1,-1,-1,-1
201501LX50703,1,1,0,18,0,0,0,0,0,0,4,1,6,1,51,8,-1,-1,-1,-1,1,-1
201501LX50703,2,9,0,18,0,0,0,0,0,0,3,1,6,3,-1,-1,-1,-1,-1,-1,-1,-1
201501LX50706,1,9,0,18,0,0,0,0,0,0,4,1,6,2,45,7,1498,1,6,-1,1,-1
201501LX50706,2,5,0,15,0,0,0,0,0,0,3,1,6,1,32,6,998,1,8,-1,1,-1
201501LX50707,1,1,0,17,0,8,0,0,0,0,4,1,6,1,45,7,-1,-1,-1,-1,1,-1
201501LX50707,2,9,0,7,0,8,0,0,0,0,3,1,6,1,48,8,-1,-1,-1,-1,-1,-1
201501LX50708,1,2,0,18,0,1,0,0,0,0,1,1,6,1,47,8,745,1,1,-1,1,-1
201501LX50709,1,19,0,9,0,8,0,0,0,0,4,1,6,3,-1,-1,-1,-1,-1,-1,-1,-1
201501LX50709,2,1,0,18,0,8,0,0,0,0,1,1,6,2,-1,-1,-1,-1,-1,-1,-1,-1
201501LX50711,1,4,0,18,0,2,0,0,0,0,3,1,6,1,41,7,1100,1,18,-1,1,-1
201501LX50711,2,19,0,11,0,2,0,0,0,0,4,1,6,1,62,9,2187,2,14,-1,1,-1
201501LX50712,1,9,0,9,0,8,0,0,0,0,3,1,6,2,47,8,-1,-1,-1,-1,-1,-1
201501LX50712,2,9,0,18,0,8,0,0,0,0,4,1,6,1,67,10,1988,1,15,-1,1,-1
201501LX50713,1,9,0,5,0,1,0,0,0,0,4,1,6,1,45,7,1997,2,12,-1,1,-1
201501LX50713,2,5,0,3,0,1,0,0,0,0,3,1,6,1,36,7,680,1,5,-1,1,-1
201501LX50714,1,9,0,18,0,1,0,0,0,0,1,1,6,1,29,6,2148,2,6,-1,-1,-1
201501LX50714,2,9,0,12,0,1,0,0,0,0,3,1,6,3,-1,-1,-1,-1,-1,-1,-1,-1
201501LX50715,1,11,0,5,0,8,0,0,0,0,0,1,1,1,49,8,6700,2,5,-1,1,-1
201501LX50716,1,9,0,18,0,1,0,0,0,0,1,1,6,1,-1,-1,-1,-1,-1,-1,-1,-1
201501LX50718,1,9,0,18,0,1,0,0,0,0,1,1,6,1,-1,-1,1588,1,12,-1,-1,-1
201501LX50719,1,2,0,18,0,8,0,0,0,0,3,1,6,1,36,7,49,1,11,-1,1,-1
201501LX50720,1,9,0,6,0,0,0,0,0,0,3,1,6,1,30,6,2720,2,9,-1,1,-1
201501LX50720,2,2,0,13,0,0,0,0,0,0,1,1,6,1,27,6,125,1,-1,-1,1,-1
201501LX50721,1,5,0,18,0,2,0,0,0,0,3,1,6,1,37,7,125,1,9,-1,1,-1
201501LX50721,2,9,0,11,0,2,0,0,0,0,4,1,6,3,-1,-1,1498,1,10,-1,-1,-1
201501LX50722,1,3,0,18,0,8,0,0,0,0,1,1,6,1,28,6,-1,-1,-1,-1,-1,-1
201501LX50722,2,9,0,7,0,8,0,0,0,0,3,1,6,1,20,4,1390,1,7,-1,1,-1
201501LX50724,1,9,0,9,0,8,0,0,0,0,1,1,6,1,76,11,2300,1,18,-1,1,-1
201501LX50724,2,1,0,18,0,8,0,0,0,0,1,1,6,2,35,6,-1,-1,-1,-1,1,-1
201501LX50725,1,11,0,4,0,1,0,0,0,0,0,1,1,1,39,7,6696,2,2,-1,1,-1
201501LX50726,1,19,0,7,0,1,0,0,0,0,1,1,6,1,78,11,-1,-1,-1,-1,1,-1
201501LX50726,2,3,0,8,0,1,0,0,0,0,2,1,6,1,22,5,124,1,4,-1,1,-1
201501LX50728,1,9,0,18,0,2,0,0,0,0,1,1,6,1,-1,-1,1956,2,1,-1,-1,-1
201501LX50728,2,9,0,3,0,2,0,0,0,0,2,1,6,1,-1,-1,2204,2,7,-1,-1,-1
201501LX50728,3,9,0,3,0,2,0,0,0,0,2,1,6,1,25,5,1796,1,7,-1,1,-1
201501LX50729,1,4,0,18,0,0,0,0,0,0,4,1,6,1,45,7,-1,-1,-1,-1,1,-1
201501LX50730,1,3,0,18,0,2,0,0,0,0,1,1,6,2,33,6,-1,-1,-1,-1,1,-1
201501LX50731,1,9,0,18,0,2,0,0,0,0,1,1,6,1,40,7,-1,-1,-1,-1,1,-1
201501LX50732,1,11,0,18,0,2,0,0,0,0,4,1,6,1,41,7,6700,2,5,-1,1,-1
201501LX50733,1,9,0,18,0,8,0,0,0,0,4,1,6,2,36,7,1360,1,5,-1,1,-1
201501LX50734,1,3,0,15,0,8,0,0,0,0,4,1,6,1,34,6,125,1,5,-1,1,-1
201501LX50734,2,9,0,9,0,8,0,0,0,0,3,1,6,1,45,7,1798,8,1,-1,1,-1
201501LX50735,1,19,0,4,0,1,0,0,0,0,2,1,6,3,-1,-1,-1,-1,-1,-1,-1,-1
201501LX50735,2,1,0,4,0,1,0,0,0,0,1,1,6,2,25,5,-1,-1,-1,-1,1,-1
201501LX50736,1,9,0,1,0,0,0,0,0,0,2,1,6,1,-1,-1,-1,-1,-1,-1,-1,-1
201501LX50737,1,3,0,18,0,0,0,0,0,0,0,1,6,1,25,5,108,1,4,-1,1,-1
201501LX50737,2,8,0,6,0,0,0,0,0,0,0,1,6,1,38,7,1997,2,2,-1,1,-1
201501LX50738,1,2,0,18,0,8,0,0,0,0,1,1,6,2,49,8,-1,-1,-1,-1,1,-1
201501LX50738,2,9,0,9,0,8,0,0,0,0,3,1,6,1,58,9,-1,-1,-1,-1,1,-1
201501LX50739,1,9,0,18,0,1,0,0,0,0,1,1,1,1,34,6,1797,8,6,-1,1,-1
201501LX50739,2,9,0,6,0,2,0,0,0,0,3,1,6,1,54,8,1197,1,1,-1,-1,-1
201501LX50740,1,9,0,18,0,2,0,0,0,0,2,1,6,1,33,6,1242,1,6,-1,1,-1
201501LX50740,2,9,0,18,0,2,0,0,0,0,1,1,6,3,-1,-1,-1,-1,-1,-1,-1,-1
201501LX50741,1,9,0,18,0,2,0,0,0,0,1,1,1,1,32,6,1797,8,4,-1,1,-1
201501LX50742,1,9,0,9,0,8,0,0,0,0,1,1,6,1,30,6,1398,1,10,-1,1,-1
201501LX50742,2,3,0,18,0,8,0,0,0,0,1,1,6,1,-1,-1,125,1,4,-1,1,-1
201501LX50743,1,19,0,1,0,1,0,0,0,0,2,1,6,1,32,6,2148,2,8,-1,1,-1
201501LX50743,2,3,0,3,0,1,0,0,0,0,1,1,6,1,42,7,278,1,-1,-1,1,-1
201501LX50744,1,11,0,4,0,1,0,0,0,0,0,1,1,1,43,7,4500,2,3,-1,1,-1
201501LX50745,1,9,0,4,0,1,0,0,0,0,1,1,6,1,25,5,1598,1,11,-1,1,-1
201501LX50745,2,1,0,4,0,1,0,0,0,0,2,1,6,1,35,6,-1,-1,-1,-1,1,-1
201501LX50746,1,9,0,4,0,8,0,0,0,0,2,1,6,2,30,6,1598,1,2,-1,1,-1
201501LX50746,2,1,0,18,0,8,0,0,0,0,1,1,6,1,22,5,-1,-1,-1,-1,1,-1
201501LX50748,1,5,0,18,0,1,0,7,0,0,1,1,6,1,40,7,649,1,8,-1,1,-1
201501LX50749,1,1,0,18,0,8,0,0,0,0,1,1,6,1,26,6,-1,-1,-1,-1,1,-1
201501LX50749,2,9,0,9,0,8,0,0,0,0,4,1,6,1,-1,-1,1242,1,7,-1,-1,-1
201501LX50750,1,9,0,9,0,8,0,0,0,0,1,1,6,1,19,4,1124,1,11,-1,1,-1
201501LX50750,2,3,0,18,0,8,0,0,0,0,1,1,6,1,23,5,125,1,1,-1,1,-1
201501LX50751,1,9,0,9,0,8,0,0,0,0,4,1,6,1,29,6,1397,1,8,-1,1,-1
201501LX50751,2,5,0,18,0,8,0,0,0,0,1,1,6,1,20,4,124,1,2,-1,1,-1
201501LX50752,1,5,0,18,0,1,0,0,0,0,1,1,6,1,52,8,798,1,7,-1,1,-1
201501LX50753,1,1,0,18,0,8,0,0,0,0,0,1,6,1,27,6,-1,-1,-1,-1,1,-1
201501LX50753,2,9,0,9,0,8,0,0,0,0,0,1,6,1,-1,-1,1796,1,6,-1,-1,-1
201501LX50755,1,11,0,2,0,1,0,0,0,0,4,1,1,3,-1,-1,-1,-1,-1,-1,-1,-1
201501LX50756,1,3,0,18,0,1,0,0,0,0,1,1,6,1,18,4,124,1,5,-1,1,-1
201501LX50756,2,9,0,11,0,1,0,0,0,0,2,1,6,1,46,8,1895,1,14,-1,1,-1
201501LX50757,1,9,0,18,0,8,0,0,0,0,3,1,6,1,48,8,1896,2,10,-1,1,-1
201501LX50757,2,9,0,9,0,8,0,0,0,0,2,1,6,1,62,9,-1,-1,-1,-1,1,-1
201501LX50757,3,9,0,18,0,8,0,0,0,0,1,1,6,1,20,4,1781,1,15,-1,3,-1
201501LX50758,1,2,0,18,0,8,0,0,0,0,3,1,6,1,41,7,-1,-1,-1,-1,-1,-1
201501LX50758,2,9,0,18,0,8,0,0,0,0,4,1,6,1,24,5,2204,2,8,-1,1,-1
201501LX50759,1,1,0,18,0,8,0,0,0,0,1,1,6,1,55,8,-1,-1,-1,-1,1,-1
201501LX50759,2,9,0,2,0,8,0,0,0,0,3,1,6,1,56,9,1753,2,8,-1,1,-1
201501LX50760,1,9,0,7,0,2,0,0,0,0,2,1,6,1,20,4,989,1,12,-1,1,-1
201501LX50760,2,9,0,7,0,2,0,0,0,0,1,1,6,1,-1,-1,1396,1,15,-1,-1,-1
201501LX50761,1,9,0,14,0,2,0,0,0,0,1,1,6,1,50,8,1598,1,7,-1,1,-1
201501LX50762,1,9,0,18,0,0,0,0,0,0,1,1,6,2,49,8,1596,1,13,-1,1,-1
201501LX50763,1,11,0,16,0,1,0,0,0,0,0,1,1,1,25,5,-1,-1,-1,-1,1,-1
201501LX50764,1,11,0,4,0,0,0,0,0,0,0,1,1,1,34,6,6696,2,2,-1,1,-1
201501LX50765,1,11,0,7,0,8,0,0,0,0,0,1,1,1,48,8,-1,-1,-1,-1,1,-1
201501LX50766,1,8,0,3,0,0,0,0,0,0,4,1,6,1,42,7,1798,8,3,-1,1,-1
201501LX50766,2,1,0,15,0,0,0,0,0,0,1,1,6,1,44,7,-1,-1,-1,-1,1,-1
201501LX50767,1,9,0,18,0,1,0,0,0,0,4,1,6,1,40,7,1596,1,8,-1,1,-1
201501LX50768,1,9,0,18,0,8,0,10,6,1,1,1,6,1,37,7,1995,2,1,-1,1,-1
201501LX50769,1,9,0,3,0,1,0,0,0,0,2,1,6,1,-1,-1,-1,-1,-1,-1,1,-1
201501LX50769,2,9,0,4,0,1,0,0,0,0,1,1,6,3,-1,-1,-1,-1,-1,-1,-1,-1
201501LX50771,1,9,0,9,0,1,0,0,0,0,2,1,6,1,44,7,998,1,-1,-1,1,-1
201501LX50771,2,9,0,9,0,1,0,0,0,0,1,1,6,2,24,5,1198,1,9,-1,1,-1
201501LX50772,1,9,0,18,0,8,0,0,0,0,1,1,6,1,22,5,1461,2,1,-1,1,-1
201501LX50772,2,9,0,4,0,8,0,0,0,0,2,1,6,1,-1,-1,-1,-1,-1,-1,-1,-1
201501LX50774,1,1,0,18,0,8,0,0,0,0,1,1,6,1,34,6,-1,-1,-1,-1,1,-1
201501LX50774,2,9,0,4,0,8,0,0,0,0,2,1,6,1,-1,-1,-1,-1,-1,-1,1,-1
201501LX50775,1,3,0,15,0,8,0,0,0,0,1,1,6,1,29,6,124,1,5,-1,1,-1
201501LX50775,2,9,0,9,0,8,0,0,0,0,3,1,6,1,46,8,1598,1,12,-1,1,-1
201501LX50777,1,9,0,9,0,8,0,0,0,0,3,1,6,1,56,9,1999,1,8,-1,1,-1
201501LX50777,2,5,0,13,0,8,0,0,0,0,1,1,6,1,-1,-1,955,1,13,-1,-1,-1
201501LX50778,1,3,0,9,0,2,0,0,0,0,0,1,6,1,32,6,125,1,8,-1,1,-1
201501LX50779,1,9,0,9,0,8,0,0,0,0,4,1,6,1,30,6,1364,1,5,-1,1,-1
201501LX50779,2,3,0,18,0,8,0,0,0,0,1,1,6,1,30,6,-1,-1,-1,-1,1,-1
201501LX50780,1,9,0,18,0,0,0,0,0,0,4,1,6,1,-1,-1,1396,1,18,-1,-1,-1
201501LX50780,2,1,0,18,0,0,0,0,0,0,3,1,6,1,32,6,-1,-1,-1,-1,1,-1
201501LX50781,1,9,0,18,0,1,0,4,0,0,1,1,6,2,34,6,1840,1,17,-1,1,-1
201501LX50781,2,9,0,2,0,1,0,0,0,0,3,1,6,1,31,6,1781,1,13,-1,-1,-1
201501LX50782,1,9,0,18,0,0,0,4,0,0,1,1,6,1,74,10,1360,1,11,-1,-1,-1
201501LX50782,2,90,0,2,0,0,0,0,0,0,3,1,6,1,51,8,2500,2,25,-1,-1,-1
201501LX50783,1,9,0,18,0,8,0,0,0,0,4,1,6,1,65,9,2200,2,18,-1,1,-1
201501LX50784,1,3,0,18,0,8,0,0,0,0,1,1,6,1,28,6,998,1,5,-1,1,-1
201501LX50786,1,9,0,4,0,8,0,0,0,0,2,1,6,1,46,8,1798,8,-1,-1,1,-1
201501LX50786,2,9,0,18,0,8,0,0,0,0,1,1,6,1,36,7,1798,1,9,-1,1,-1
201501LX50788,1,8,0,18,0,0,0,0,0,0,1,1,1,1,54,8,2664,2,15,-1,1,-1
201501LX50789,1,9,0,18,0,1,0,0,0,0,1,1,6,1,49,8,1910,2,5,-1,1,-1
201501LX50790,1,3,0,18,0,1,0,0,0,0,4,1,6,1,26,6,108,1,2,-1,1,-1
201501LX50790,2,9,0,15,0,1,0,0,0,0,3,1,6,3,-1,-1,-1,-1,-1,-1,-1,-1
201501LX50791,1,9,0,4,0,0,0,0,0,0,2,1,6,2,62,9,1598,1,7,-1,1,-1
201501LX50791,2,9,0,4,0,0,0,0,0,0,2,1,6,1,-1,-1,1598,1,4,-1,1,-1
201501LX50791,3,9,0,18,0,0,0,0,0,0,1,1,6,1,21,5,2204,2,9,-1,1,-1
201501LX50792,1,3,0,3,0,1,0,0,0,0,2,1,6,1,48,8,124,1,2,-1,1,-1
201501LX50792,2,9,0,18,0,1,0,0,0,0,1,1,6,2,71,10,1998,1,9,-1,1,-1
201501LX50793,1,9,0,18,0,8,0,0,0,0,4,1,6,1,37,7,1797,8,5,-1,1,-1
201501LX50795,1,1,0,18,0,1,0,0,0,0,1,1,6,1,40,7,-1,-1,-1,-1,1,-1
201501LX50796,1,5,0,18,0,8,0,0,0,0,1,1,6,1,58,9,-1,-1,-1,-1,-1,-1
201501LX50796,2,9,0,9,0,8,0,0,0,0,4,1,6,2,68,10,2378,1,9,-1,1,-1
201501LX50797,1,9,0,18,0,1,0,0,0,0,1,1,6,1,35,6,799,2,5,-1,-1,-1
201501LX50800,1,9,0,2,0,1,0,0,0,0,3,1,6,1,43,7,1769,1,12,-1,1,-1
201501LX50800,2,1,0,14,0,1,0,8,0,0,1,1,6,2,27,6,-1,-1,-1,-1,1,-1
201501LX50802,1,9,0,9,0,8,0,0,0,0,3,1,6,1,38,7,-1,-1,-1,-1,1,-1
201501LX50802,2,3,0,15,0,8,0,0,0,0,1,1,6,2,28,6,124,1,8,-1,1,-1
201501LX50803,1,3,0,18,0,0,0,0,0,0,1,1,6,1,28,6,-1,-1,-1,-1,1,-1
201501LX50803,2,9,0,6,0,0,0,0,0,0,4,1,6,2,-1,-1,-1,-1,-1,-1,-1,-1
201501LX50804,1,3,0,13,0,0,0,0,0,0,4,1,6,1,40,7,125,1,2,-1,1,-1
201501LX50804,2,9,0,6,0,0,0,0,0,0,3,1,6,1,41,7,2926,2,10,-1,1,-1
201501LX50805,1,9,0,18,0,8,0,0,0,0,3,1,6,1,41,7,-1,-1,-1,-1,1,-1
201501LX50806,1,9,0,18,0,8,0,0,0,0,3,1,6,1,-1,-1,-1,-1,-1,-1,-1,-1
201501LX50806,2,9,0,18,0,8,0,0,0,0,1,1,6,1,53,8,1998,1,15,-1,-1,-1
201501LX50807,1,9,0,3,0,1,0,0,0,0,2,1,6,1,42,7,1968,2,1,-1,1,-1
201501LX50807,2,9,0,4,0,1,0,0,0,0,1,1,6,3,-1,-1,-1,-1,-1,-1,-1,-1
201501LX50808,1,19,0,7,0,8,0,0,0,0,2,1,6,1,53,8,2143,2,1,-1,1,-1
201501LX50808,2,1,0,18,0,8,0,0,0,0,1,1,6,1,39,7,-1,-1,-1,-1,1,-1
201501LX50809,1,9,0,5,0,0,0,0,0,0,1,1,6,1,22,5,1198,1,13,-1,1,-1
201501LX50810,1,3,0,18,0,8,0,0,0,0,3,1,6,1,52,8,1250,1,15,-1,1,-1
201501LX50811,1,3,0,18,0,8,0,0,0,0,3,1,6,1,37,7,-1,-1,-1,-1,1,-1
201501LX50811,2,19,0,7,0,8,0,0,0,0,4,1,6,1,60,9,-1,-1,-1,-1,1,-1
201501LX50812,1,9,0,4,0,2,0,0,0,0,1,1,6,1,-1,-1,-1,-1,-1,-1,-1,-1
201501LX50812,2,9,0,3,0,2,0,0,0,0,2,1,6,1,55,8,-1,-1,-1,-1,-1,-1
201501LX50813,1,9,0,4,0,1,0,0,0,0,4,1,6,1,33,6,1798,8,1,-1,1,-1
201501LX50813,2,1,0,18,0,1,0,0,0,0,3,1,6,1,38,7,-1,-1,-1,-1,1,-1
201501LX50814,1,11,0,3,2,0,0,0,0,0,0,1,1,1,52,8,-1,-1,-1,-1,1,-1
201501LX50816,1,9,0,3,0,1,0,0,0,0,2,1,6,1,35,6,-1,-1,-1,-1,1,-1
201501LX50816,2,9,0,3,0,1,0,0,0,0,2,1,6,1,45,7,2204,2,9,-1,1,-1
201501LX50816,3,19,0,18,0,1,0,0,0,0,1,1,6,1,28,6,2998,2,2,-1,1,-1
201501LX50817,1,11,0,18,0,2,0,0,0,0,4,1,1,1,52,8,9200,2,10,-1,1,-1
201501LX50818,1,9,0,9,0,8,0,0,0,0,3,1,6,1,56,9,1896,2,14,-1,1,-1
201501LX50818,2,3,0,13,0,8,0,0,0,0,1,1,6,1,29,6,124,1,2,-1,1,-1
201501LX50819,1,5,0,18,0,0,0,10,4,1,1,1,6,1,43,7,636,1,12,-1,1,-1
201501LX50821,1,9,0,18,0,0,0,0,0,0,3,1,6,1,22,5,1587,1,14,-1,1,-1
201501LX50821,2,9,0,13,0,0,0,0,0,0,4,1,6,1,21,5,1240,1,12,-1,1,-1
201501LX50822,1,9,0,18,0,2,0,0,0,0,1,1,6,2,24,5,1248,2,6,-1,1,-1