Accident_Index,Vehicle_Reference,Vehicle_Type,Towing_and_Articulation,Vehicle_Manoeuvre,Vehicle_Location-Restricted_Lane,Junction_Location,Skidding_and_Overturning,Hit_Object_in_Carriageway,Vehicle_Leaving_Carriageway,Hit_Object_off_Carriageway,1st_Point_of_Impact,Was_Vehicle_Left_Hand_Drive?,Journey_Purpose_of_Driver,Sex_of_Driver,Age_of_Driver,Age_Band_of_Driver,Engine_Capacity_(CC),Propulsion_Code,Age_of_Vehicle,Driver_IMD_Decile,Driver_Home_Area_Type,Vehicle_IMD_Decile
201501LX50823,1,9,0,18,0,1,0,0,0,0,4,1,6,2,45,7,998,1,2,-1,1,-1
201501LX50824,1,9,0,18,0,0,0,0,0,0,1,1,6,2,35,6,1124,1,12,-1,-1,-1
201501LX50825,1,9,0,7,0,8,0,0,0,0,1,1,6,1,25,5,-1,-1,-1,-1,1,-1
201501LX50825,2,1,0,18,0,8,0,0,0,0,4,1,6,1,46,8,-1,-1,-1,-1,1,-1
201501LX50826,1,8,0,9,0,8,0,0,0,0,4,1,6,1,54,8,2499,2,2,-1,1,-1
201501LX50826,2,1,0,18,0,8,0,0,0,0,1,1,6,1,25,5,-1,-1,-1,-1,1,-1
201501LX50827,1,9,0,2,0,2,0,0,0,0,1,1,6,1,23,5,998,1,3,-1,1,-1
201501LX50827,2,9,0,18,0,1,0,4,0,0,1,1,6,1,25,5,1390,1,4,-1,-1,-1
201501LX50828,1,9,0,16,0,8,0,0,0,0,1,1,6,1,19,4,1368,1,8,-1,1,-1
201501LX50828,2,90,0,17,0,8,0,0,0,0,1,1,1,1,-1,-1,-1,-1,-1,-1,-1,-1
201501LX50829,1,9,0,2,0,1,0,0,0,0,3,1,6,1,40,7,-1,-1,-1,-1,1,-1
201501LX50829,2,3,0,18,0,1,0,0,0,0,1,1,6,1,27,6,125,1,-1,-1,-1,-1
201501LX50830,1,9,0,18,0,1,0,0,0,0,3,1,6,1,47,8,1798,1,4,-1,1,-1
201501LX50830,2,19,0,11,0,1,0,0,0,0,4,1,6,1,34,6,1995,2,7,-1,1,-1
201501LX50830,3,9,0,3,0,1,0,0,0,0,2,1,6,1,49,8,-1,-1,-1,-1,1,-1
201501LX50831,1,9,0,3,0,2,0,0,0,0,2,1,6,2,35,6,1200,1,-1,-1,-1,-1
201501LX50831,2,9,0,3,0,2,0,0,0,0,2,1,6,1,28,6,1796,1,6,-1,1,-1
201501LX50831,3,19,0,18,0,2,0,0,0,0,1,1,6,1,33,6,2143,2,-1,-1,-1,-1
201501LX50832,1,9,0,18,0,0,0,0,0,0,3,1,6,1,45,7,1896,2,9,-1,1,-1
201501LX50832,2,1,0,18,0,0,0,0,0,0,3,1,6,1,18,4,-1,-1,-1,-1,1,-1
201501LX50833,1,8,0,6,0,1,0,0,0,0,4,1,6,1,70,10,1997,2,2,-1,1,-1
201501LX50833,2,4,0,15,0,1,0,0,0,0,3,1,6,1,34,6,279,1,8,-1,1,-1
201501LX50834,1,9,0,5,0,0,0,0,0,0,4,1,6,3,-1,-1,-1,-1,-1,-1,-1,-1
201501LX50835,1,19,0,7,0,8,0,0,0,0,4,1,6,1,43,7,1248,2,2,-1,1,-1
201501LX50835,2,3,0,15,0,8,0,0,0,0,3,1,6,1,25,5,108,1,3,-1,1,-1
201501LX50836,1,11,0,18,0,2,0,0,0,0,0,1,1,1,55,8,6700,2,4,-1,-1,-1
201501LX50837,1,11,0,4,0,0,0,0,0,0,0,1,1,1,35,6,-1,-1,-1,-1,1,-1
201501LX50838,1,1,0,18,0,0,0,0,0,0,1,1,6,2,27,6,-1,-1,-1,-1,1,-1
201501LX50839,1,20,0,2,0,0,0,0,0,0,0,1,6,3,-1,-1,12902,2,2,-1,-1,-1
201501LX50839,2,9,0,18,0,0,0,0,0,0,3,1,6,1,37,7,2000,2,4,-1,-1,-1
201501LX50840,1,9,0,11,0,1,0,0,0,0,3,1,6,1,46,8,1896,2,10,-1,1,-1
201501LX50840,2,3,0,13,0,1,0,0,0,0,4,1,6,1,25,5,125,1,-1,-1,1,-1
201501LX50841,1,9,0,18,0,2,0,0,0,0,1,1,6,2,41,7,-1,-1,-1,-1,1,-1
201501LX50841,2,9,0,18,0,1,0,0,0,0,1,1,6,1,46,8,-1,-1,-1,-1,1,-1
201501LX50841,3,9,0,18,0,1,0,0,0,0,1,1,6,1,36,7,2179,2,-1,-1,1,-1
201501LX50841,4,9,0,18,0,1,0,0,0,0,1,1,6,1,-1,-1,-1,-1,-1,-1,-1,-1
201501LX50843,1,19,0,3,0,1,0,0,0,0,2,1,6,1,30,6,1598,2,1,-1,-1,-1
201501LX50843,2,1,0,18,0,1,0,0,0,0,1,1,6,1,26,6,-1,-1,-1,-1,1,-1
201501LX50844,1,9,0,3,0,1,0,0,0,0,2,1,6,1,35,6,1968,2,1,-1,1,-1
201501LX50844,2,9,0,4,0,1,0,0,0,0,1,1,6,1,66,10,-1,-1,-1,-1,1,-1
201501LX50845,1,5,0,18,0,2,0,7,0,0,3,1,6,1,33,6,599,1,15,-1,1,-1
201501LX50846,1,9,0,9,0,8,0,0,0,0,1,1,6,1,60,9,2231,2,2,-1,1,-1
201501LX50846,2,5,0,18,0,8,0,0,0,0,4,1,6,1,25,5,599,1,6,-1,-1,-1
201501LX50847,1,9,0,3,0,1,0,0,0,0,2,1,6,2,46,8,2199,2,4,-1,1,-1
201501LX50847,2,9,0,18,0,1,0,0,0,0,1,1,6,1,-1,-1,1984,1,15,-1,1,-1
201501LX50848,1,9,0,18,0,8,0,0,0,0,1,1,6,1,32,6,1242,1,11,-1,1,-1
201501LX50848,2,9,0,9,0,8,0,0,0,0,1,1,6,1,34,6,1497,1,6,-1,-1,-1
201501LX50849,1,5,0,18,0,2,0,10,0,0,4,1,6,1,30,6,125,1,3,-1,-1,-1
201501LX50850,1,9,0,4,0,1,0,0,0,0,2,1,6,1,35,6,998,1,12,-1,1,-1
201501LX50850,2,9,0,4,0,1,0,0,0,0,1,1,6,3,-1,-1,1596,1,4,-1,-1,-1
201501LX50851,1,9,0,9,0,8,0,0,0,0,2,1,6,2,40,7,1598,1,10,-1,1,-1
201501LX50851,2,3,0,18,0,8,0,0,0,0,1,1,6,1,30,6,-1,-1,-1,-1,1,-1
201501LX50852,1,9,0,9,0,8,0,0,0,0,1,1,6,1,38,7,3498,1,9,-1,1,-1
201501LX50852,2,1,0,18,0,8,0,0,0,0,1,1,6,1,33,6,-1,-1,-1,-1,1,-1
201501LX50853,1,9,0,8,0,8,0,0,0,0,2,1,6,2,28,6,1968,2,6,-1,1,-1
201501LX50853,2,9,0,18,0,8,0,0,0,0,1,1,6,3,-1,-1,-1,-1,-1,-1,-1,-1
201501LX50859,1,9,0,18,0,8,0,0,0,0,1,1,6,2,30,6,-1,-1,-1,-1,1,-1
201501LX50859,2,9,0,7,0,8,0,0,0,0,2,1,6,1,19,4,1388,1,10,-1,1,-1
201501LX50861,1,1,0,12,0,0,0,0,0,0,2,1,6,1,28,6,-1,-1,-1,-1,1,-1
201501LX50861,2,9,0,18,0,0,0,0,0,0,1,1,6,1,-1,-1,1388,1,12,-1,-1,-1
201501LX50866,1,9,0,13,0,1,0,0,0,0,4,1,6,1,34,6,1753,2,6,-1,1,-1
201501LX50866,2,1,0,14,0,1,0,0,0,0,3,1,6,2,50,8,-1,-1,-1,-1,1,-1
201501LX50867,1,9,0,18,0,2,0,0,0,0,1,1,6,2,39,7,1997,1,3,-1,1,-1
201501LX50868,1,5,0,4,0,0,0,0,0,0,1,1,6,1,-1,-1,-1,-1,-1,-1,1,-1
201501LX50868,2,11,0,3,0,0,0,0,0,0,2,1,1,1,59,9,6700,2,6,-1,1,-1
201501LX50869,1,3,0,18,0,0,0,0,0,0,1,1,6,1,41,7,-1,-1,-1,-1,1,-1
201501LX50869,2,9,0,6,0,0,0,0,0,0,3,1,6,1,37,7,2982,2,-1,-1,-1,-1
201501LX50870,1,3,0,18,0,8,0,0,0,0,0,1,6,1,31,6,124,1,5,-1,1,-1
201501LX50870,2,9,0,11,0,8,0,0,0,0,0,1,6,1,40,7,-1,-1,-1,-1,-1,-1
201501LX50871,1,9,0,18,0,8,0,0,0,0,4,1,6,2,24,5,1197,1,3,-1,-1,-1
201501LX50871,2,9,0,18,0,8,0,0,0,0,1,1,6,1,47,8,2198,1,10,-1,1,-1
201501LX50872,1,1,0,18,0,8,0,0,0,0,1,1,6,1,47,8,-1,-1,-1,-1,1,-1
201501LX50872,2,19,0,9,0,8,0,0,0,0,3,1,6,1,34,6,2198,2,-1,-1,1,-1
201501LX50875,1,9,0,18,0,8,0,0,0,0,3,1,6,1,26,6,1986,2,6,-1,1,-1
201501LX50875,2,9,0,18,0,8,0,0,0,0,3,1,6,1,-1,-1,-1,-1,-1,-1,-1,-1
201501LX50876,1,1,0,10,0,8,0,0,0,0,1,1,6,1,34,6,-1,-1,-1,-1,1,-1
201501LX50876,2,9,0,9,0,8,0,0,0,0,3,1,6,1,-1,-1,-1,-1,-1,-1,-1,-1
201501LX50877,1,9,0,18,0,1,0,0,0,0,1,1,6,1,34,6,1753,2,6,-1,1,-1
201501LX50879,1,9,0,3,0,2,0,0,0,0,2,1,6,2,19,4,1390,1,9,-1,1,-1
201501LX50879,2,9,0,3,0,2,0,0,0,0,2,1,6,3,-1,-1,-1,-1,-1,-1,-1,-1
201501LX50879,3,9,0,18,0,2,0,0,0,0,1,1,6,3,-1,-1,-1,-1,-1,-1,-1,-1
201501LX50880,1,19,0,18,0,8,0,0,0,0,1,1,6,1,42,7,1998,2,10,-1,1,-1
201501LX50880,2,9,0,18,0,8,0,0,0,0,4,1,6,1,55,8,-1,-1,-1,-1,1,-1
201501LX50881,1,9,0,9,0,8,0,0,0,0,0,1,6,1,28,6,1968,2,10,-1,-1,-1
201501LX50881,2,9,0,18,0,8,0,10,1,10,1,1,6,1,42,7,1598,1,13,-1,1,-1
201501LX50883,1,19,0,15,0,2,1,10,8,10,3,1,6,1,42,7,-1,-1,-1,-1,1,-1
201501LX50883,2,9,0,11,0,2,0,0,0,0,4,1,6,1,-1,-1,1997,2,7,-1,-1,-1
201501LX50884,1,9,0,9,0,8,0,0,0,0,3,1,6,1,33,6,-1,-1,-1,-1,-1,-1
201501LX50884,2,3,0,14,0,8,0,0,0,0,1,1,6,1,24,5,-1,-1,-1,-1,-1,-1
201501LX50885,1,9,0,3,0,1,0,0,0,0,1,1,6,1,34,6,-1,-1,-1,-1,1,-1
201501LX50885,2,9,0,1,0,2,0,0,0,0,2,1,6,1,-1,-1,1390,1,1,-1,-1,-1
201501LX50886,1,9,0,9,0,8,0,0,0,0,4,1,6,1,27,6,1762,1,16,-1,1,-1
201501LX50886,2,1,0,18,0,8,0,0,0,0,3,1,6,1,21,5,-1,-1,-1,-1,1,-1
201501LX50887,1,9,0,18,0,8,0,0,0,0,4,1,6,2,59,9,-1,-1,-1,-1,1,-1
201501LX50887,2,3,0,7,0,8,0,0,0,0,3,1,6,1,56,9,-1,-1,-1,-1,1,-1
201501LX50888,1,19,0,9,0,8,0,0,0,0,1,1,6,1,53,8,2464,2,6,-1,-1,-1
201501LX50888,2,1,0,18,0,8,0,0,0,0,4,1,6,2,26,6,-1,-1,-1,-1,1,-1
201501LX50889,1,9,0,18,0,8,0,0,0,0,1,1,6,1,32,6,1794,1,12,-1,1,-1
201501LX50889,2,9,0,18,0,8,0,0,0,0,2,1,6,1,28,6,1389,1,12,-1,1,-1
201501LX50889,3,9,0,3,0,1,0,0,0,0,1,1,6,1,25,5,1591,1,-1,-1,-1,-1
201501LX50891,1,9,0,7,0,8,0,0,0,0,3,1,6,1,32,6,1797,8,4,-1,1,-1
201501LX50891,2,5,0,18,0,8,0,0,0,0,1,1,6,1,28,6,-1,-1,-1,-1,1,-1
201501LX50892,1,9,0,9,0,8,0,0,0,0,4,1,6,1,52,8,1149,1,15,-1,1,-1
201501LX50892,2,1,0,18,0,8,0,0,0,0,1,1,6,1,25,5,-1,-1,-1,-1,1,-1
201501LX50894,1,1,0,5,0,1,0,0,0,0,3,1,6,1,24,5,-1,-1,-1,-1,1,-1
201501LX50894,2,11,0,5,0,1,0,0,0,0,4,1,1,2,-1,-1,-1,-1,-1,-1,-1,-1
201501LX50895,1,9,0,3,0,2,0,0,0,0,2,1,6,1,34,6,1399,2,10,-1,1,-1
201501LX50895,2,9,0,18,0,2,0,0,0,0,1,1,6,3,-1,-1,1995,2,8,-1,-1,-1
201501LX50896,1,9,0,1,0,8,0,0,0,0,2,1,6,1,50,8,1796,1,10,-1,1,-1
201501LX50896,2,3,0,18,0,8,0,0,0,0,1,1,6,1,32,6,-1,-1,-1,-1,1,-1
201501LX50897,1,1,0,18,0,8,0,0,0,0,1,1,6,1,32,6,-1,-1,-1,-1,1,-1
201501LX50897,2,9,0,9,0,8,0,0,0,0,1,1,6,2,-1,-1,-1,-1,-1,-1,-1,-1
201501LX50898,1,1,0,18,0,0,0,0,0,0,1,1,6,2,35,6,-1,-1,-1,-1,1,-1
201501LX50901,1,19,0,2,0,0,0,0,0,0,3,1,6,1,32,6,2499,2,14,-1,1,-1
201501LX50901,2,3,0,18,0,0,0,0,0,0,1,1,6,1,19,4,125,1,2,-1,1,-1
201501LX50903,1,2,0,13,0,0,0,0,0,0,1,1,6,1,17,4,49,1,1,-1,1,-1
201501LX50903,2,9,0,6,0,0,0,0,0,0,3,1,6,2,-1,-1,1598,1,13,-1,-1,-1
201501LX50904,1,5,0,18,0,0,0,0,0,0,4,1,6,1,20,4,689,1,1,-1,1,-1
201501LX50905,1,9,0,18,0,0,0,11,0,0,1,1,6,2,56,9,3456,8,3,-1,1,-1
201501LX50905,2,20,0,18,0,0,0,0,0,0,0,1,1,1,44,7,-1,-1,-1,-1,-1,-1
201501LX50906,1,9,0,7,0,8,0,0,0,0,4,1,6,1,42,7,1797,8,5,-1,1,-1
201501LX50906,2,1,0,15,0,8,0,0,0,0,1,1,6,2,29,6,-1,-1,-1,-1,1,-1
201501LX50907,1,11,0,18,0,8,0,0,0,0,0,1,1,1,41,7,6692,2,5,-1,1,-1
201501LX50907,2,9,0,9,0,8,0,0,0,0,0,1,6,3,-1,-1,-1,-1,-1,-1,-1,-1
201501LX50908,1,3,0,18,0,1,0,0,0,0,0,1,6,1,42,7,124,1,2,-1,1,-1
201501LX50909,1,9,0,7,0,8,0,0,0,0,4,1,6,1,-1,-1,1796,1,4,-1,-1,-1
201501LX50909,2,1,0,18,0,8,0,0,0,0,1,1,6,2,29,6,-1,-1,-1,-1,1,-1
201501LX50911,1,1,0,4,0,8,1,0,0,0,0,1,6,2,29,6,-1,-1,-1,-1,1,-1
201501LX50913,1,1,0,18,0,1,0,0,0,0,1,1,6,1,23,5,-1,-1,-1,-1,1,-1
201501LX50913,2,9,0,18,0,1,0,0,0,0,4,1,6,1,-1,-1,-1,-1,-1,-1,-1,-1
201501LX50914,1,9,0,18,0,0,0,0,0,0,3,1,6,1,39,7,1598,2,5,-1,1,-1
201501LX50914,2,9,0,18,0,0,0,0,0,0,3,1,6,1,40,7,1968,2,8,-1,1,-1
201501LX50915,1,1,0,14,0,2,0,0,0,0,1,1,6,2,26,6,-1,-1,-1,-1,1,-1
201501LX50916,1,9,0,18,0,1,0,0,0,0,1,1,6,1,51,8,1364,1,8,-1,1,-1
201501LX50917,1,5,0,17,0,8,0,0,0,0,1,1,6,1,33,6,124,1,1,-1,1,-1
201501LX50917,2,9,0,1,0,8,0,0,0,0,2,1,6,3,-1,-1,1360,1,12,-1,-1,-1
201501LX50918,1,3,0,18,0,8,0,0,0,0,1,1,6,1,39,7,-1,-1,-1,-1,1,-1
201501LX50918,2,9,0,9,0,8,0,0,0,0,4,1,6,1,21,5,1199,1,13,-1,1,-1
201501LX50920,1,9,0,9,0,8,0,0,0,0,4,1,6,1,32,6,1796,1,10,-1,1,-1
201501LX50920,2,9,0,18,0,8,0,0,0,0,3,1,6,1,48,8,-1,-1,-1,-1,1,-1
201501LX50921,1,11,0,17,0,1,0,0,0,0,0,1,6,1,51,8,-1,-1,-1,-1,1,-1
201501LX50922,1,9,0,18,0,0,0,0,0,0,1,1,6,1,21,5,1388,1,9,-1,1,-1
201501LX50922,2,9,0,2,0,0,0,0,0,0,3,1,6,1,45,7,1998,1,13,-1,1,-1
201501LX50923,1,9,0,9,0,2,0,0,0,0,4,1,6,1,50,8,-1,-1,-1,-1,1,-1
201501LX50924,1,9,0,18,0,8,0,0,0,0,3,1,6,1,47,8,1586,1,13,-1,1,-1
201501LX50924,2,9,0,18,0,8,0,0,0,0,1,1,6,2,-1,-1,1769,1,14,-1,1,-1
201501LX50925,1,11,0,4,0,1,0,0,0,0,0,1,1,1,42,7,9360,2,4,-1,1,-1
201501LX50926,1,9,0,18,0,8,0,0,0,0,1,1,6,2,38,7,1796,1,16,-1,1,-1
201501LX50926,2,9,0,18,0,8,0,0,0,0,3,1,6,1,-1,-1,1598,1,14,-1,-1,-1
201501LX50927,1,8,0,18,0,0,0,0,0,0,1,1,6,1,26,6,-1,-1,-1,-1,1,-1
201501LX50927,2,8,0,18,0,0,0,0,0,0,1,1,6,1,50,8,1797,8,5,-1,1,-1
201501LX50927,3,8,0,18,0,0,0,0,0,0,1,1,6,1,49,8,-1,-1,-1,-1,1,-1
201501LX50928,1,9,0,9,0,8,0,0,0,0,2,1,6,1,40,7,1298,1,9,-1,-1,-1
201501LX50928,2,9,0,9,0,8,0,0,0,0,1,1,6,2,-1,-1,1595,1,10,-1,-1,-1
201501LX50930,1,19,0,7,0,8,0,0,0,0,4,1,6,1,59,9,2198,2,-1,-1,1,-1
201501LX50930,2,1,0,15,0,8,0,0,0,0,1,1,6,1,25,5,-1,-1,-1,-1,1,-1
201501LX50931,1,19,0,9,0,8,0,0,0,0,3,1,6,1,41,7,2500,2,7,-1,1,-1
201501LX50931,2,3,0,14,0,8,0,0,0,0,1,1,6,1,20,4,124,1,-1,-1,1,-1
201501LX50932,1,9,0,4,0,1,0,0,0,0,1,1,6,1,-1,-1,1995,2,7,-1,-1,-1
201501LX50932,2,1,0,3,0,1,0,0,0,0,2,1,6,1,45,7,-1,-1,-1,-1,1,-1
201501LX50934,1,9,0,9,0,8,0,0,0,0,3,1,6,1,28,6,1896,2,11,-1,1,-1
201501LX50934,2,1,0,18,0,8,0,0,0,0,1,1,6,2,29,6,-1,-1,-1,-1,1,-1
201501LX50935,1,9,0,7,0,8,0,0,0,0,4,1,6,2,53,8,-1,-1,-1,-1,1,-1
201501LX50935,2,3,0,18,0,8,0,0,0,0,1,1,6,1,29,6,124,1,4,-1,1,-1
201501LX50936,1,9,0,1,0,1,0,0,0,0,2,1,6,2,41,7,1999,1,8,-1,1,-1
201501LX50937,1,9,0,9,0,8,0,0,0,0,1,1,6,1,36,7,1984,1,7,-1,1,-1
201501LX50937,2,5,0,18,0,8,0,0,0,0,1,1,6,1,29,6,600,1,-1,-1,1,-1
201501LX50938,1,1,0,18,0,2,0,0,0,0,1,1,6,1,58,9,-1,-1,-1,-1,1,-1
201501LX50938,2,1,0,18,0,2,0,0,0,0,3,1,6,3,-1,-1,-1,-1,-1,-1,-1,-1
201501LX50939,1,9,0,18,0,0,0,0,0,0,4,1,6,2,46,8,3311,8,10,-1,1,-1
201501LX50940,1,9,0,9,0,8,0,0,0,0,4,1,6,2,26,6,1598,2,2,-1,1,-1
201501LX50940,2,9,0,3,0,8,0,0,0,0,1,1,6,1,46,8,-1,-1,-1,-1,-1,-1
201501LX50940,3,9,0,18,0,8,0,0,0,0,1,1,6,1,-1,-1,1995,2,5,-1,-1,-1
201501LX50941,1,3,0,18,0,8,0,0,0,0,3,1,6,1,39,7,125,1,3,-1,1,-1
201501LX50941,2,9,0,7,0,8,0,0,0,0,4,1,6,1,-1,-1,-1,-1,-1,-1,-1,-1
201501LX50942,1,1,0,18,0,8,0,0,0,0,1,1,6,1,25,5,-1,-1,-1,-1,1,-1
201501LX50942,2,9,0,18,0,8,0,0,0,0,1,1,6,1,-1,-1,2902,2,11,-1,1,-1
201501LX50943,1,5,0,18,0,2,0,0,0,0,0,1,6,1,40,7,-1,-1,-1,-1,1,-1
201501LX50943,2,19,0,11,0,2,0,0,0,0,0,1,6,3,-1,-1,-1,-1,-1,-1,-1,-1
201501LX50944,1,9,0,18,0,1,0,0,0,0,1,1,6,1,32,6,1149,1,7,-1,-1,-1
201501LX50946,1,19,0,4,0,2,0,0,0,0,1,1,6,1,-1,-1,1753,2,5,-1,-1,-1
201501LX50946,2,3,0,4,0,2,0,0,0,0,2,1,6,1,28,6,-1,-1,-1,-1,1,-1
201501LX50947,1,9,0,18,0,8,0,0,0,0,1,1,6,2,36,7,1390,1,6,-1,1,-1
201501LX50947,2,9,0,18,0,8,0,0,0,0,3,1,6,2,25,5,1390,1,2,-1,1,-1
201501LX50948,1,1,0,18,0,2,0,0,0,0,1,1,6,1,37,7,-1,-1,-1,-1,1,-1
201501LX50949,1,1,0,18,0,0,0,0,0,0,3,1,6,1,33,6,-1,-1,-1,-1,1,-1
201501LX50949,2,5,0,11,0,0,0,0,0,0,4,1,6,1,-1,-1,-1,-1,-1,-1,-1,-1
201501LX50950,1,3,0,18,0,8,0,0,0,0,1,1,6,1,29,6,124,1,2,-1,1,-1
201501LX50950,2,9,0,9,0,8,0,0,0,0,4,1,6,1,-1,-1,1796,1,10,-1,-1,-1
201501LX50953,1,1,0,18,0,8,0,0,0,0,1,1,6,1,40,7,-1,-1,-1,-1,1,-1
201501LX50953,2,9,0,18,0,8,0,0,0,0,3,1,6,3,-1,-1,-1,-1,-1,-1,-1,-1
201501LX50955,1,9,0,5,0,1,0,0,0,0,0,1,6,1,63,9,-1,-1,-1,-1,-1,-1
201501LX50955,2,3,0,18,0,1,0,0,0,0,0,1,6,1,44,7,-1,-1,-1,-1,-1,-1
201501LX50956,1,9,0,9,0,8,0,0,0,0,1,1,6,1,-1,-1,1995,2,3,-1,1,-1
201501LX50956,2,1,0,10,0,8,0,0,0,0,1,1,6,1,-1,-1,-1,-1,-1,-1,-1,-1
201501LX50958,1,9,0,4,0,1,0,0,0,0,2,1,6,1,40,7,1596,1,1,-1,-1,-1
201501LX50958,2,9,0,4,0,1,1,0,0,0,1,1,6,1,31,6,-1,-1,-1,-1,-1,-1
201501LX50959,1,1,0,18,0,8,0,0,0,0,1,1,6,1,27,6,-1,-1,-1,-1,1,-1
201501LX50959,2,19,0,7,0,8,0,0,0,0,4,1,6,3,-1,-1,-1,-1,-1,-1,-1,-1
201501LX50960,1,9,0,16,0,0,0,0,0,0,3,1,6,2,29,6,1956,2,-1,-1,1,-1
201501LX50960,2,9,0,17,0,0,0,0,0,0,3,1,6,3,-1,-1,-1,-1,-1,-1,-1,-1
201501LX50961,1,8,0,18,0,0,0,10,0,0,1,1,6,1,-1,-1,-1,-1,-1,-1,-1,-1
201501LX50962,1,19,0,18,0,8,0,0,0,0,1,1,6,2,41,7,1461,2,2,-1,-1,-1
201501LX50962,2,8,0,18,0,8,0,0,0,0,4,1,6,1,-1,-1,1797,8,5,-1,-1,-1
201501LX50964,1,9,0,18,0,2,0,0,0,0,1,1,6,1,36,7,1796,1,10,-1,1,-1
201501LX50964,2,9,0,3,0,2,0,0,0,0,2,1,6,2,44,7,-1,-1,-1,-1,1,-1
201501LX50965,1,1,0,18,0,2,0,0,0,0,1,1,6,1,29,6,-1,-1,-1,-1,1,-1
201501LX50965,2,9,0,3,0,2,0,0,0,0,2,1,6,1,-1,-1,-1,-1,-1,-1,-1,-1
201501LX50966,1,11,0,5,0,0,0,0,0,0,4,1,6,1,-1,-1,4500,2,4,-1,-1,-1
201501LX50967,1,9,0,3,0,1,0,0,0,0,2,1,6,1,72,10,1870,2,12,-1,1,-1
201501LX50967,2,9,0,18,0,1,0,0,0,0,1,1,6,1,42,7,1910,2,6,-1,1,-1
201501LX50968,1,19,0,9,0,8,0,0,0,0,3,1,6,1,49,8,1968,2,3,-1,1,-1
201501LX50968,2,5,0,18,0,8,0,0,0,0,1,1,6,1,30,6,-1,-1,-1,-1,-1,-1
201501LX50969,1,9,0,18,0,2,0,0,0,0,1,1,6,2,54,8,1339,8,4,-1,1,-1
201501LX50970,1,9,0,18,0,1,0,0,0,0,1,1,6,1,23,5,1242,1,8,-1,1,-1
201501LX50970,2,9,0,3,0,1,0,0,0,0,2,1,6,2,52,8,-1,-1,-1,-1,1,-1
201501LX50970,3,9,0,3,0,1,0,0,0,0,2,1,6,1,32,6,998,1,14,-1,1,-1
201501LX50972,1,11,0,18,0,8,0,0,0,0,1,1,1,1,56,9,7300,2,12,-1,1,-1
201501LX50973,1,9,0,3,0,2,0,0,0,0,2,1,6,1,-1,-1,-1,-1,-1,-1,-1,-1
201501LX50973,2,3,0,18,0,2,0,0,0,0,1,1,6,1,52,8,-1,-1,-1,-1,1,-1
201501LX50974,1,3,0,18,0,8,0,0,0,0,1,1,6,1,36,7,108,1,4,-1,1,-1
201501LX50974,2,9,0,9,0,8,0,0,0,0,4,1,6,1,-1,-1,-1,-1,-1,-1,-1,-1
201501LX50975,1,3,0,18,0,8,0,0,0,0,1,1,6,1,22,5,124,1,-1,-1,1,-1
201501LX50975,2,19,0,7,0,8,0,0,0,0,4,1,6,3,-1,-1,-1,-1,-1,-1,-1,-1
201501LX50977,1,19,0,2,0,8,0,0,0,0,3,1,6,2,41,7,-1,-1,-1,-1,1,-1
201501LX50977,2,9,0,18,0,8,0,0,0,0,4,1,6,3,-1,-1,-1,-1,-1,-1,-1,-1
201501LX50978,1,9,0,7,0,8,0,0,0,0,4,1,6,2,24,5,1598,1,16,-1,1,-1
201501LX50978,2,3,0,18,0,8,0,0,0,0,1,1,6,1,46,8,-1,-1,-1,-1,1,-1
201501LX50979,1,9,0,7,0,8,0,0,0,0,4,1,6,1,26,6,1242,1,14,-1,1,-1
201501LX50979,2,1,0,18,0,8,0,0,0,0,1,1,6,2,19,4,-1,-1,-1,-1,1,-1
201501LX50980,1,9,0,18,0,1,0,0,0,0,1,1,6,1,22,5,1461,2,1,-1,1,-1
201501LX50982,1,9,0,6,0,1,0,0,0,0,3,1,6,2,29,6,-1,-1,-1,-1,1,-1
201501LX50982,2,8,0,18,0,1,0,0,0,0,1,1,6,1,44,7,-1,-1,-1,-1,-1,-1
201501LX50983,1,1,0,15,0,8,0,0,0,0,1,1,6,1,48,8,-1,-1,-1,-1,1,-1
201501LX50983,2,9,0,9,0,8,0,0,0,0,4,1,6,2,-1,-1,1686,2,4,-1,-1,-1
201501LX50984,1,11,0,18,0,1,0,0,0,0,0,1,1,1,36,7,-1,-1,-1,-1,1,-1
201501LX50984,2,9,0,18,0,1,0,0,0,0,0,1,6,3,-1,-1,-1,-1,-1,-1,-1,-1
201501LX50985,1,5,0,18,0,2,0,0,0,0,1,1,6,1,40,7,599,1,14,-1,-1,-1
201501LX50986,1,9,0,18,0,8,0,0,0,0,3,1,6,1,51,8,1998,2,7,-1,1,-1
201501LX50986,2,3,0,18,0,8,0,0,0,0,1,1,6,1,22,5,125,1,10,-1,1,-1
201501LX50987,1,19,0,9,0,8,0,0,0,0,4,1,6,1,25,5,2198,2,2,-1,1,-1
201501LX50987,2,3,0,13,0,8,0,0,0,0,1,1,6,1,45,7,124,1,1,-1,1,-1
201501LX50988,1,9,0,18,0,8,0,0,0,0,1,1,6,1,33,6,-1,-1,-1,-1,1,-1
201501LX50988,2,9,0,9,0,8,0,0,0,0,1,1,6,2,25,5,1498,1,7,-1,1,-1
201501LX50989,1,9,0,3,0,1,0,0,0,0,3,1,6,1,42,7,-1,-1,-1,-1,1,-1
201501LX50989,2,19,0,14,0,1,0,0,0,0,1,1,6,3,-1,-1,-1,-1,-1,-1,-1,-1
201501LX50990,1,9,0,4,0,2,0,0,0,0,2,1,6,1,28,6,-1,-1,-1,-1,1,-1
201501LX50990,2,9,0,4,0,2,0,0,0,0,1,1,6,1,49,8,2000,2,4,-1,1,-1
201501LX50991,1,9,0,18,0,0,0,0,0,0,1,1,6,2,31,6,1299,1,16,-1,1,-1
201501LX50991,2,9,0,2,0,0,0,0,0,0,3,1,6,3,-1,-1,-1,-1,-1,-1,-1,-1
201501LX50991,3,19,0,2,0,0,0,0,0,0,2,1,6,3,-1,-1,1868,2,10,-1,-1,-1
201501LX50992,1,5,0,18,0,8,0,7,0,0,3,1,6,1,47,8,649,1,1,-1,1,-1