Accident_Index,Vehicle_Reference,Vehicle_Type,Towing_and_Articulation,Vehicle_Manoeuvre,Vehicle_Location-Restricted_Lane,Junction_Location,Skidding_and_Overturning,Hit_Object_in_Carriageway,Vehicle_Leaving_Carriageway,Hit_Object_off_Carriageway,1st_Point_of_Impact,Was_Vehicle_Left_Hand_Drive?,Journey_Purpose_of_Driver,Sex_of_Driver,Age_of_Driver,Age_Band_of_Driver,Engine_Capacity_(CC),Propulsion_Code,Age_of_Vehicle,Driver_IMD_Decile,Driver_Home_Area_Type,Vehicle_IMD_Decile
201501LX50992,2,9,0,18,0,8,0,0,0,0,0,1,6,3,-1,-1,-1,-1,-1,-1,-1,-1
201501LX50993,1,11,0,4,0,0,0,0,0,0,0,1,1,1,55,8,6700,2,4,-1,1,-1
201501LX50994,1,19,0,18,0,1,0,0,0,0,2,1,6,1,37,7,1560,2,-1,-1,1,-1
201501LX50994,2,3,0,18,0,1,0,0,0,0,1,1,6,1,34,6,124,1,5,-1,1,-1
201501LX50995,1,9,0,18,0,2,0,0,0,0,1,1,6,1,-1,-1,2987,2,9,-1,1,-1
201501LX50996,1,9,0,9,0,8,0,0,0,0,2,1,6,1,36,7,1798,8,-1,-1,1,-1
201501LX50996,2,21,0,18,0,8,0,0,0,0,1,1,6,1,-1,-1,4461,2,4,-1,-1,-1
201501LX50997,1,9,0,18,0,8,0,0,0,0,4,1,6,2,53,8,1248,2,8,-1,1,-1
201501LX50997,2,9,0,9,0,8,0,0,0,0,1,1,6,1,-1,-1,-1,-1,-1,-1,-1,-1
201501LX50998,1,9,0,7,0,8,0,0,0,0,4,1,6,1,35,6,1598,1,4,-1,1,-1
201501LX50998,2,1,0,18,0,8,0,0,0,0,1,1,6,1,45,7,-1,-1,-1,-1,1,-1
201501LX51000,1,9,0,9,0,1,0,0,0,0,1,1,6,2,22,5,1242,1,2,-1,1,-1
201501LX51001,1,1,0,9,0,8,0,0,0,0,1,1,6,1,59,9,-1,-1,-1,-1,1,-1
201501LX51001,2,9,0,18,0,8,0,0,0,0,1,1,6,1,59,9,1997,2,3,-1,1,-1
201501LX51002,1,19,0,18,0,0,0,0,0,0,4,1,6,2,-1,-1,-1,-1,-1,-1,-1,-1
201501LX51003,1,1,0,18,0,1,0,0,0,0,1,1,6,1,27,6,-1,-1,-1,-1,1,-1
201501LX51004,1,1,0,18,0,0,0,0,0,0,3,1,6,1,55,8,-1,-1,-1,-1,1,-1
201501LX51004,2,9,0,13,0,0,0,0,0,0,4,1,6,1,-1,-1,1498,1,9,-1,-1,-1
201501LX51004,3,20,0,18,0,0,0,0,0,0,3,1,1,1,33,6,-1,-1,-1,-1,-1,-1
201501LX51006,1,5,0,18,0,2,0,0,0,0,1,1,6,1,26,6,625,1,9,-1,1,-1
201501LX51006,2,9,0,3,0,2,0,0,0,0,3,1,6,1,62,9,-1,-1,-1,-1,1,-1
201501LX51006,3,8,0,3,0,2,0,0,0,0,2,1,6,1,30,6,-1,-1,-1,-1,1,-1
201501LX51007,1,9,0,11,0,8,0,0,0,0,4,1,6,1,60,9,-1,-1,-1,-1,-1,-1
201501LX51007,2,3,0,15,0,8,0,0,0,0,3,1,6,1,33,6,125,1,2,-1,1,-1
201501LX51008,1,9,0,9,0,8,0,0,0,0,4,1,6,1,29,6,998,1,1,-1,1,-1
201501LX51008,2,3,0,18,0,8,1,0,0,0,1,1,1,2,39,7,-1,-1,-1,-1,1,-1
201501LX51010,1,9,0,9,0,8,0,0,0,0,1,1,6,1,42,7,-1,-1,-1,-1,-1,-1
201501LX51010,2,1,0,18,0,8,0,0,0,0,1,1,6,1,29,6,-1,-1,-1,-1,1,-1
201501LX51011,1,9,0,18,0,1,0,0,0,0,4,1,6,2,45,7,1395,1,1,-1,1,-1
201501LX51011,2,9,0,12,0,1,0,0,0,0,3,1,6,1,50,8,2401,2,11,-1,1,-1
201501LX51012,1,2,0,6,0,1,0,0,0,0,1,1,6,1,30,6,49,1,-1,-1,1,-1
201501LX51012,2,9,0,18,0,2,0,0,0,0,1,1,6,1,48,8,1797,8,5,-1,1,-1
201501LX51013,1,9,0,8,0,1,0,0,0,0,2,1,6,2,52,8,1198,1,2,-1,1,-1
201501LX51013,2,9,0,7,0,1,0,0,0,0,1,1,6,2,50,8,-1,-1,-1,-1,1,-1
201501LX51014,1,9,0,9,0,8,0,0,0,0,1,1,6,1,37,7,1796,1,8,-1,1,-1
201501LX51014,2,3,0,15,0,8,0,0,0,0,1,1,6,1,35,6,124,1,4,-1,1,-1
201501LX51015,1,1,0,18,0,1,0,0,0,0,1,1,6,1,-1,-1,-1,-1,-1,-1,-1,-1
201501LX51016,1,9,0,9,0,8,0,0,0,0,4,1,6,2,33,6,1198,1,1,-1,1,-1
201501LX51016,2,9,0,18,0,8,0,0,0,0,1,1,6,1,75,10,1796,1,15,-1,1,-1
201501LX51017,1,11,0,18,0,8,0,0,0,0,1,1,1,1,47,8,9360,2,3,-1,1,-1
201501LX51017,2,9,0,7,0,8,0,0,0,0,2,1,6,2,38,7,1388,1,5,-1,1,-1
201501LX51020,1,9,0,18,0,2,0,0,0,0,4,1,6,2,21,5,1349,1,-1,-1,1,-1
201501LX51021,1,9,0,9,0,1,0,0,0,0,2,1,6,1,59,9,1598,1,7,-1,1,-1
201501LX51021,2,9,0,9,0,1,0,0,0,0,1,1,6,1,30,6,1910,2,9,-1,1,-1
201501LX51024,1,1,0,18,0,2,0,0,0,0,1,1,6,1,-1,-1,-1,-1,-1,-1,-1,-1
201501LX51025,1,9,0,18,0,0,0,0,0,0,3,1,6,1,61,9,1390,1,2,-1,1,-1
201501LX51026,1,9,0,18,0,0,0,0,0,0,4,1,6,1,-1,-1,-1,-1,-1,-1,-1,-1
201501LX51027,1,9,0,10,0,1,0,0,0,0,2,1,6,1,53,8,-1,-1,-1,-1,1,-1
201501LX51027,2,9,0,9,0,1,0,0,0,0,1,1,6,1,28,6,1560,2,3,-1,1,-1
201501LX51028,1,19,0,12,0,2,0,0,0,0,3,1,6,1,62,9,2402,2,5,-1,-1,-1
201501LX51028,2,5,0,18,0,2,0,0,0,0,4,1,6,1,41,7,599,1,11,-1,1,-1
201501LX51029,1,9,0,18,0,1,0,0,0,0,3,1,6,2,35,6,796,1,14,-1,1,-1
201501LX51030,1,1,0,9,0,8,0,0,0,0,1,1,6,2,28,6,-1,-1,-1,-1,1,-1
201501LX51030,2,3,0,18,0,8,0,0,0,0,1,1,6,1,-1,-1,-1,-1,-1,-1,-1,-1
201501LX51031,1,11,0,3,0,0,0,0,0,0,0,1,1,1,49,8,7300,2,10,-1,1,-1
201501LX51032,1,4,0,18,0,8,0,0,0,0,0,1,6,1,49,8,-1,-1,-1,-1,-1,-1
201501LX51032,2,9,0,9,0,8,0,0,0,0,0,1,6,1,-1,-1,-1,-1,-1,-1,-1,-1
201501LX51033,1,11,0,4,0,8,0,10,0,0,1,1,1,1,29,6,3900,2,12,-1,1,-1
201501LX51033,2,9,0,7,0,8,0,0,0,0,0,1,6,3,-1,-1,-1,-1,-1,-1,-1,-1
201501LX51034,1,1,0,18,0,8,0,0,0,0,1,1,6,1,36,7,-1,-1,-1,-1,-1,-1
201501LX51034,2,19,0,9,0,8,0,0,0,0,4,1,6,1,25,5,1560,2,3,-1,1,-1
201501LX51035,1,9,0,7,0,8,0,0,0,0,4,1,6,1,30,6,1995,2,13,-1,1,-1
201501LX51035,2,5,0,18,0,8,0,0,0,0,3,1,6,1,43,7,745,1,12,-1,1,-1
201501LX51036,1,1,0,18,0,8,0,0,0,0,1,1,6,1,36,7,-1,-1,-1,-1,-1,-1
201501LX51036,2,9,0,9,0,8,0,0,0,0,1,1,6,1,33,6,999,1,7,-1,1,-1
201501LX51037,1,5,0,14,0,8,0,0,0,0,4,1,6,1,42,7,-1,-1,-1,-1,1,-1
201501LX51037,2,9,0,9,0,8,0,0,0,0,1,1,6,2,50,8,-1,-1,-1,-1,1,-1
201501LX51038,1,9,0,7,0,8,0,0,0,0,4,1,6,1,23,5,1796,1,6,-1,1,-1
201501LX51038,2,1,0,18,0,8,0,0,0,0,1,1,6,1,42,7,-1,-1,-1,-1,1,-1
201501LX51039,1,9,0,6,0,2,0,0,0,0,3,1,6,1,28,6,1197,1,-1,-1,1,-1
201501LX51039,2,3,0,9,0,2,0,0,0,0,1,1,1,1,24,5,49,1,9,-1,1,-1
201501LX51040,1,9,0,11,0,0,0,0,0,0,3,1,6,1,24,5,-1,-1,-1,-1,1,-1
201501LX51040,2,3,0,15,0,0,0,0,0,0,4,1,6,1,27,6,125,1,5,-1,1,-1
201501LX51041,1,3,0,18,0,0,0,0,0,0,1,1,6,1,49,8,123,1,2,-1,1,-1
201501LX51042,1,21,0,18,0,0,0,0,0,0,1,1,1,1,67,10,-1,-1,-1,-1,1,-1
201501LX51044,1,9,0,18,0,1,0,0,0,0,1,1,6,1,61,9,1598,1,10,-1,1,-1
201501LX51048,1,19,0,5,0,1,0,0,0,0,0,1,6,1,-1,-1,-1,-1,-1,-1,-1,-1
201501LX51049,1,9,0,7,0,8,0,0,0,0,4,1,6,1,32,6,1598,2,1,-1,-1,-1
201501LX51049,2,3,0,15,0,8,0,0,0,0,1,1,6,1,21,5,124,1,3,-1,1,-1
201501LX51050,1,5,0,14,0,2,1,0,0,0,0,1,6,1,27,6,-1,-1,-1,-1,1,-1
201501LX51051,1,1,0,18,0,8,0,0,0,0,1,1,6,1,25,5,-1,-1,-1,-1,1,-1
201501LX51051,2,9,0,9,0,8,0,0,0,0,3,1,6,1,-1,-1,-1,-1,-1,-1,-1,-1
201501LX51052,1,9,0,9,0,2,0,0,0,0,1,1,6,1,-1,-1,2143,2,2,-1,-1,-1
201501LX51053,1,9,0,9,0,8,0,0,0,0,1,1,6,1,25,5,-1,-1,-1,-1,1,-1
201501LX51053,2,9,0,7,0,8,0,0,0,0,3,1,6,2,27,6,1199,1,12,-1,1,-1
201501LX51055,1,9,0,18,0,1,0,0,0,0,1,1,6,2,22,5,1910,2,7,-1,1,-1
201501LX51055,2,19,0,3,0,1,0,0,0,0,2,1,6,1,46,8,-1,-1,-1,-1,-1,-1
201501LX51055,3,9,0,3,0,1,0,0,0,0,2,1,6,2,54,8,-1,-1,-1,-1,-1,-1
201501LX51056,1,11,0,9,3,8,0,0,0,0,1,1,1,1,56,9,7300,2,13,-1,1,-1
201501LX51057,1,9,0,7,0,8,0,0,0,0,4,1,6,1,46,8,1995,2,11,-1,1,-1
201501LX51057,2,1,0,7,0,8,0,0,0,0,1,1,6,1,49,8,-1,-1,-1,-1,1,-1
201501LX51058,1,9,0,7,0,1,0,0,0,0,1,1,6,3,-1,-1,-1,-1,-1,-1,-1,-1
201501LX51059,1,11,0,5,0,0,0,0,0,0,0,1,1,1,38,7,4500,2,1,-1,1,-1
201501LX51060,1,9,0,18,0,8,0,0,0,0,1,1,6,1,51,8,1910,2,7,-1,1,-1
201501LX51060,2,9,0,18,0,8,0,0,0,0,3,1,6,1,25,5,1560,2,6,-1,1,-1
201501LX51061,1,9,0,18,0,0,0,0,0,0,1,1,6,1,-1,-1,1339,8,4,-1,-1,-1
201501LX51062,1,9,0,9,0,8,0,0,0,0,1,1,6,3,-1,-1,-1,-1,-1,-1,-1,-1
201501LX51062,2,1,0,9,0,8,0,0,0,0,2,1,6,1,26,6,-1,-1,-1,-1,3,-1
201501LX51063,1,9,0,18,0,0,5,4,0,0,1,1,6,2,59,9,1124,1,16,-1,1,-1
201501LX51063,2,9,0,2,0,0,0,0,0,0,2,1,6,3,-1,-1,1582,2,3,-1,-1,-1
201501LX51063,3,9,0,2,0,0,0,0,0,0,1,1,6,3,-1,-1,-1,-1,-1,-1,-1,-1
201501LX51064,1,9,0,7,0,8,0,0,0,0,4,1,6,3,-1,-1,998,1,11,-1,-1,-1
201501LX51064,2,1,0,18,0,8,0,0,0,0,1,1,6,1,23,5,-1,-1,-1,-1,-1,-1
201501LX51065,1,3,0,18,0,8,0,0,0,0,3,1,6,1,29,6,125,1,6,-1,-1,-1
201501LX51065,2,9,0,18,0,8,0,0,0,0,1,1,6,2,46,8,1560,2,4,-1,1,-1
201501LX51066,1,9,0,6,0,0,0,0,0,0,3,1,6,1,57,9,1956,2,5,-1,1,-1
201501LX51066,2,9,0,18,0,0,0,0,0,0,4,1,6,2,64,9,1598,1,9,-1,1,-1
201501LX51067,1,9,0,11,0,1,0,0,0,0,4,1,6,1,34,6,1339,8,3,-1,1,-1
201501LX51067,2,1,0,18,0,1,0,0,0,0,1,1,6,1,38,7,-1,-1,-1,-1,-1,-1
201501LX51068,1,5,0,18,0,2,0,0,0,0,1,1,6,1,29,6,-1,-1,-1,-1,1,-1
201501LX51069,1,9,0,11,0,1,0,0,0,0,4,1,6,1,31,6,3436,1,-1,-1,1,-1
201501LX51069,2,1,0,18,0,1,0,0,0,0,3,1,6,1,22,5,-1,-1,-1,-1,1,-1
201501LX51070,1,8,0,18,0,0,0,0,0,0,2,1,6,1,-1,-1,1797,8,5,-1,-1,-1
201501LX51070,2,9,0,18,0,0,0,0,0,0,1,1,6,3,-1,-1,-1,-1,-1,-1,-1,-1
201501LX51071,1,11,0,4,0,1,0,0,0,0,0,1,1,1,52,8,4500,2,-1,-1,-1,-1
201501LX51071,2,19,0,18,0,1,0,0,0,0,0,1,6,3,-1,-1,-1,-1,-1,-1,-1,-1
201501LX51072,1,9,0,18,0,0,0,0,0,0,4,1,6,3,-1,-1,-1,-1,-1,-1,-1,-1
201501LX51073,1,3,0,18,0,8,0,0,0,0,4,1,6,1,21,5,125,1,2,-1,1,-1
201501LX51073,2,9,0,9,0,8,0,0,0,0,1,1,6,1,50,8,1587,1,10,-1,1,-1
201501LX51076,1,11,0,18,0,1,0,0,0,0,0,1,1,1,42,7,6700,2,5,-1,-1,-1
201501LX51076,2,19,0,18,0,2,0,0,0,0,0,1,6,3,-1,-1,-1,-1,-1,-1,-1,-1
201501LX51077,1,9,0,4,0,8,0,0,0,0,4,1,6,1,30,6,1910,2,5,-1,1,-1
201501LX51077,2,1,0,18,0,8,0,0,0,0,1,1,6,1,6,2,-1,-1,-1,-1,1,-1
201501LX51078,1,9,0,18,0,2,0,4,0,0,1,1,6,1,30,6,1198,1,8,-1,1,-1
201501LX51078,2,9,0,2,0,2,0,0,0,0,1,1,6,3,-1,-1,-1,-1,-1,-1,-1,-1
201501LX51079,1,19,0,9,0,2,0,0,0,0,1,1,6,1,40,7,2143,2,6,-1,1,-1
201501LX51079,2,1,0,18,0,2,0,0,0,0,3,1,6,2,32,6,-1,-1,-1,-1,1,-1
201501LX51082,1,9,0,13,0,8,0,0,0,0,4,1,6,1,21,5,1229,1,5,-1,1,-1
201501LX51082,2,1,0,18,0,8,0,0,0,0,3,1,6,1,52,8,-1,-1,-1,-1,1,-1
201501LX51083,1,3,0,18,0,0,0,0,0,0,4,1,6,1,20,4,124,1,-1,-1,1,-1
201501LX51083,2,9,0,6,0,0,0,0,0,0,3,1,6,1,-1,-1,1598,1,9,-1,-1,-1
201501LX51084,1,1,0,18,0,8,0,0,0,0,1,1,6,1,49,8,-1,-1,-1,-1,-1,-1
201501LX51084,2,9,0,7,0,8,0,0,0,0,3,1,6,3,-1,-1,-1,-1,-1,-1,-1,-1
201501LX51085,1,9,0,18,0,8,0,0,0,0,3,1,6,1,39,7,799,2,4,-1,-1,-1
201501LX51085,2,1,0,18,0,8,0,0,0,0,1,1,6,1,17,4,-1,-1,-1,-1,-1,-1
201501LX51086,1,9,0,17,0,0,0,0,0,0,3,1,6,2,31,6,1497,8,7,-1,1,-1
201501LX51086,2,9,0,17,0,0,0,0,0,0,3,1,6,1,37,7,-1,-1,-1,-1,1,-1
201501LX51086,3,9,0,16,0,0,0,0,0,0,3,1,6,1,22,5,1206,1,4,-1,-1,-1
201501LX51087,1,9,0,3,0,0,0,0,0,0,3,1,6,1,41,7,1781,1,13,-1,1,-1
201501LX51087,2,9,0,18,0,0,0,0,0,0,3,1,6,2,-1,-1,1560,2,9,-1,-1,-1
201501LX51088,1,20,0,4,0,1,0,0,0,0,1,1,1,1,38,7,6174,2,14,-1,1,-1
201501LX51088,2,9,0,3,0,1,0,0,0,0,2,1,6,2,37,7,1995,2,10,-1,1,-1
201501LX51088,3,19,0,3,0,1,0,0,0,0,2,1,1,1,21,5,-1,-1,-1,-1,1,-1
201501LX51088,4,9,0,3,0,1,0,0,0,0,2,1,6,1,46,8,1783,1,14,-1,-1,-1
201501LX51091,1,9,0,9,0,2,0,0,0,0,1,1,6,3,-1,-1,-1,-1,-1,-1,-1,-1
201501LX51093,1,3,0,3,0,1,0,0,0,0,2,1,6,1,36,7,124,1,12,-1,1,-1
201501LX51093,2,9,0,5,0,1,0,0,0,0,1,1,6,2,-1,-1,1388,1,5,-1,-1,-1
201501LX51094,1,1,0,18,0,8,0,0,0,0,1,1,6,1,25,5,-1,-1,-1,-1,1,-1
201501LX51094,2,19,0,9,0,8,0,0,0,0,3,1,6,1,-1,-1,1248,2,5,-1,-1,-1
201501LX51095,1,5,0,18,0,8,0,0,0,0,1,1,6,1,42,7,599,1,13,-1,1,-1
201501LX51095,2,9,0,9,0,8,0,0,0,0,4,1,6,1,50,8,1598,2,1,-1,-1,-1
201501LX51096,1,5,0,13,0,0,0,0,0,0,1,1,6,1,48,8,125,1,4,-1,1,-1
201501LX51096,2,19,0,6,0,0,0,0,0,0,3,1,6,1,39,7,-1,-1,-1,-1,1,-1
201501LX51097,1,5,0,13,0,8,0,0,0,0,1,1,1,2,48,8,1084,1,19,-1,1,-1
201501LX51097,2,9,0,6,0,8,0,0,0,0,3,1,6,1,55,8,2993,2,7,-1,1,-1
201501LX51098,1,19,0,9,0,8,0,0,0,0,4,1,6,1,41,7,2198,2,8,-1,3,-1
201501LX51098,2,2,0,18,0,8,0,0,0,0,1,1,6,2,21,5,-1,-1,-1,-1,-1,-1
201501LX51099,1,9,0,13,0,0,0,0,0,0,4,1,6,1,46,8,2967,2,7,-1,1,-1
201501LX51099,2,1,0,13,0,0,0,0,0,0,3,1,6,1,35,6,-1,-1,-1,-1,1,-1
201501LX51100,1,9,0,9,0,8,0,0,0,0,4,1,6,1,47,8,1797,8,5,-1,1,-1
201501LX51100,2,1,0,15,0,8,0,0,0,0,1,1,6,1,-1,-1,-1,-1,-1,-1,-1,-1
201501LX51102,1,9,0,3,0,1,0,0,0,0,3,1,6,1,63,9,1390,1,9,-1,1,-1
201501LX51102,2,3,0,14,0,1,0,0,0,0,4,1,6,1,29,6,125,1,1,-1,1,-1
201501LX51103,1,9,0,9,0,8,0,0,0,0,1,1,2,1,17,4,1360,1,8,-1,1,-1
201501LX51103,2,5,0,14,0,8,0,0,0,0,1,1,6,1,35,6,919,1,17,-1,1,-1
201501LX51105,1,1,0,15,0,8,0,0,0,0,1,1,6,1,32,6,-1,-1,-1,-1,1,-1
201501LX51105,2,9,0,9,0,8,0,0,0,0,4,1,6,3,-1,-1,-1,-1,-1,-1,-1,-1
201501LX51106,1,9,0,9,0,8,0,0,0,0,1,1,6,2,21,5,998,1,5,-1,1,-1
201501LX51107,1,9,0,18,0,1,0,0,0,0,1,1,6,1,-1,-1,1984,1,14,-1,1,-1
201501LX51107,2,9,0,10,0,1,0,0,0,0,2,1,6,1,26,6,1896,2,7,-1,1,-1
201501LX51109,1,9,0,18,0,8,0,0,0,0,1,1,6,1,51,8,1896,2,6,-1,1,-1
201501LX51109,2,1,0,18,0,8,0,0,0,0,4,1,6,1,39,7,-1,-1,-1,-1,1,-1
201501LX51110,1,19,0,18,0,1,0,4,0,0,1,1,6,1,26,6,2402,2,15,-1,-1,-1
201501LX51110,2,8,0,2,0,1,0,0,0,0,2,1,1,1,53,8,1390,1,5,-1,1,-1
201501LX51111,1,9,0,18,0,0,0,0,0,0,1,1,6,3,-1,-1,-1,-1,-1,-1,-1,-1
201501LX51112,1,9,0,18,0,2,0,0,0,0,4,1,6,2,61,9,-1,-1,-1,-1,1,-1
201501LX51113,1,9,0,7,0,8,0,0,0,0,3,1,6,1,42,7,1596,1,4,-1,1,-1
201501LX51113,2,1,0,18,0,8,0,0,0,0,1,1,6,2,44,7,-1,-1,-1,-1,-1,-1
201501LX51115,1,9,0,18,0,0,0,10,1,10,1,1,6,1,40,7,1596,1,-1,-1,1,-1
201501LX51116,1,9,0,3,0,1,0,0,0,0,2,1,6,1,33,6,1968,2,8,-1,1,-1
201501LX51116,2,9,0,4,0,1,0,0,0,0,1,1,6,3,-1,-1,-1,-1,-1,-1,-1,-1
201501LX51117,1,11,0,18,0,0,0,0,2,4,1,1,1,1,55,8,-1,-1,-1,-1,1,-1
201501LX51117,2,19,0,18,0,0,0,0,0,0,0,1,6,1,29,6,2689,2,14,-1,-1,-1
201501LX51118,1,19,0,18,0,8,0,0,0,0,1,1,1,1,37,7,5880,2,11,-1,1,-1
201501LX51118,2,9,0,10,0,8,0,0,0,0,2,1,6,2,55,8,1299,1,12,-1,1,-1
201501LX51118,3,11,0,18,0,8,0,0,0,0,3,1,1,1,47,8,5132,2,1,-1,-1,-1
201501LX51119,1,11,0,17,0,8,0,0,0,0,0,1,1,2,52,8,7300,2,9,-1,1,-1
201501LX51121,1,9,0,1,0,1,0,0,0,0,2,1,6,3,-1,-1,-1,-1,-1,-1,-1,-1
201501LX51123,1,9,0,9,0,8,0,0,0,0,3,1,6,2,28,6,-1,-1,-1,-1,1,-1
201501LX51123,2,9,0,9,0,8,0,0,0,0,1,1,6,3,-1,-1,-1,-1,-1,-1,-1,-1
201501LX51124,1,9,0,3,0,1,0,0,0,0,2,1,6,1,45,7,-1,-1,-1,-1,1,-1
201501LX51124,2,9,0,18,0,1,0,0,0,0,1,1,6,2,48,8,1598,1,16,-1,1,-1
201501LX51125,1,9,0,9,0,8,0,0,0,0,4,1,6,2,46,8,-1,-1,-1,-1,1,-1
201501LX51125,2,3,0,18,0,8,0,0,0,0,1,1,6,1,42,7,-1,-1,-1,-1,1,-1
201501LX51126,1,90,0,7,0,8,0,0,0,0,3,1,1,1,64,9,-1,-1,-1,-1,1,-1
201501LX51126,2,1,0,18,0,8,0,0,0,0,4,1,2,1,42,7,-1,-1,-1,-1,1,-1
201501LX51127,1,1,0,18,0,0,0,0,0,0,3,1,6,2,34,6,-1,-1,-1,-1,1,-1
201501LX51127,2,9,0,18,0,0,0,0,0,0,4,1,6,3,-1,-1,-1,-1,-1,-1,-1,-1
201501LX51127,3,9,0,2,0,0,0,0,0,0,2,1,6,3,-1,-1,-1,-1,-1,-1,-1,-1
201501LX51129,1,5,0,18,0,1,0,0,0,0,1,1,6,1,39,7,656,1,8,-1,1,-1
201501LX51129,2,19,0,6,0,1,0,0,0,0,3,1,6,1,-1,-1,1896,2,8,-1,1,-1
201501LX51130,1,90,0,6,0,8,0,0,0,0,3,1,1,2,26,6,2686,2,9,-1,1,-1
201501LX51130,2,3,0,13,0,8,0,0,0,0,1,1,2,1,28,6,124,1,11,-1,1,-1
201501LX51131,1,9,0,18,0,1,0,0,0,0,1,1,6,2,29,6,1598,1,11,-1,1,-1
201501LX51132,1,3,0,18,0,0,0,10,7,10,1,1,6,1,36,7,125,1,-1,-1,1,-1
201501LX51134,1,5,0,18,0,0,0,0,0,0,1,1,6,1,34,6,1170,1,8,-1,1,-1
201501LX51135,1,1,0,18,0,8,0,0,0,0,1,1,6,2,33,6,-1,-1,-1,-1,1,-1
201501LX51135,2,19,0,7,0,8,0,0,0,0,4,1,6,3,-1,-1,-1,-1,-1,-1,-1,-1
201501LX51136,1,9,0,9,0,2,0,0,0,0,0,1,6,1,-1,-1,1598,1,12,-1,1,-1
201501LX51137,1,3,0,13,0,8,0,0,0,0,1,1,6,1,23,5,124,1,3,-1,1,-1
201501LX51137,2,9,0,9,0,8,0,0,0,0,3,1,6,1,33,6,2143,2,4,-1,1,-1
201501LX51138,1,9,0,17,0,8,0,0,0,0,3,1,6,1,59,9,1598,1,1,-1,1,-1
201501LX51138,2,9,0,9,0,8,0,0,0,0,1,1,6,2,26,6,1598,2,1,-1,1,-1
201501LX51139,1,11,0,4,0,1,0,0,0,0,0,1,1,1,36,7,4500,2,-1,-1,1,-1
201501LX51140,1,5,0,14,0,8,0,0,0,0,1,1,6,1,-1,-1,-1,-1,-1,-1,-1,-1
201501LX51140,2,9,0,7,0,8,0,0,0,0,3,1,6,1,18,4,1598,1,5,-1,1,-1
201501LX51141,1,4,0,18,0,8,0,0,0,0,4,1,6,1,45,7,-1,-1,-1,-1,1,-1
201501LX51141,2,9,0,9,0,8,0,0,0,0,3,1,6,1,58,9,-1,-1,-1,-1,1,-1
201501LX51144,1,9,0,18,0,1,0,0,0,0,1,1,6,1,29,6,1360,1,10,-1,1,-1
201501LX51144,2,9,0,3,0,1,0,0,0,0,2,1,6,1,39,7,1997,2,-1,-1,1,-1
201501LX51144,3,9,0,3,0,1,0,0,0,0,2,1,6,1,49,8,1995,1,8,-1,-1,-1
201501LX51145,1,9,0,9,0,8,0,0,0,0,1,1,6,1,25,5,998,1,2,-1,-1,-1
201501LX51145,2,4,0,18,0,8,0,0,0,0,1,1,6,1,20,4,-1,-1,-1,-1,-1,-1
201501LX51146,1,9,0,18,0,0,0,0,0,0,1,1,6,2,27,6,-1,-1,-1,-1,1,-1
201501LX51146,2,19,0,2,0,0,0,0,0,0,2,1,6,3,-1,-1,-1,-1,-1,-1,-1,-1
201501LX51147,1,9,0,5,0,8,0,0,0,0,1,1,6,1,21,5,1596,1,11,-1,-1,-1
201501LX51147,2,9,0,3,0,8,0,0,0,0,2,1,6,2,37,7,998,1,13,-1,1,-1
201501LX51148,1,9,0,7,0,1,0,0,0,0,1,1,6,1,46,8,2198,1,11,-1,1,-1
201501LX51149,1,1,0,18,0,8,0,0,0,0,1,1,6,1,15,3,-1,-1,-1,-1,1,-1
201501LX51149,2,9,0,18,0,8,0,0,0,0,1,1,6,1,-1,-1,1390,1,6,-1,1,-1
201501LX51152,1,19,0,9,0,8,0,0,0,0,3,1,6,1,42,7,1868,2,9,-1,1,-1
201501LX51152,2,9,0,15,0,8,0,0,0,0,3,1,6,1,-1,-1,1596,1,11,-1,1,-1
201501LX51153,1,3,0,18,0,8,0,0,0,0,1,1,6,3,-1,-1,-1,-1,-1,-1,-1,-1
201501LX51154,1,9,0,5,0,8,0,0,0,0,1,1,1,1,31,6,-1,-1,-1,-1,1,-1
201501LX51154,2,19,0,9,0,8,0,0,0,0,4,1,1,1,61,9,2402,2,9,-1,1,-1
201501LX51155,1,9,0,18,0,0,0,0,0,0,4,1,6,1,34,6,1199,1,12,-1,1,-1
201501LX51155,2,5,0,18,0,0,0,0,0,0,4,1,6,1,47,8,696,1,2,-1,1,-1
201501LX51155,3,9,0,5,0,0,0,0,0,0,3,1,6,1,29,6,1968,2,1,-1,1,-1
201501LX51156,1,19,0,3,0,1,0,0,0,0,2,1,6,1,41,7,-1,-1,-1,-1,1,-1
201501LX51156,2,9,0,18,0,1,0,0,0,0,1,1,6,1,-1,-1,2771,1,14,-1,-1,-1
201501LX51156,3,19,0,3,0,1,0,0,0,0,2,1,6,1,-1,-1,-1,-1,-1,-1,-1,-1
201501LX51157,1,3,0,4,0,1,0,0,0,0,2,1,6,1,37,7,124,1,2,-1,1,-1
201501LX51157,2,9,0,5,0,1,0,0,0,0,1,1,6,2,-1,-1,1199,1,13,-1,-1,-1
201501LX51158,1,1,0,18,0,8,0,0,0,0,3,1,6,2,34,6,-1,-1,-1,-1,-1,-1
201501LX51158,2,9,0,7,0,8,0,0,0,0,4,1,6,3,-1,-1,-1,-1,-1,-1,-1,-1
201501LX51159,1,11,0,18,0,1,0,0,0,0,1,1,1,1,41,7,4462,2,9,-1,1,-1
201501LX51160,1,9,0,6,0,0,0,0,0,0,1,1,6,2,29,6,1781,1,15,-1,1,-1
201501LX51160,2,3,0,18,0,0,0,0,0,0,1,1,6,1,23,5,108,1,3,-1,-1,-1
201501LX51161,1,9,0,7,0,8,0,0,0,0,1,1,6,2,24,5,-1,-1,-1,-1,1,-1
201501LX51161,2,1,0,18,0,8,0,0,0,0,4,1,6,2,43,7,-1,-1,-1,-1,1,-1
201501LX51163,1,11,0,4,0,0,0,0,0,0,0,1,6,1,-1,-1,-1,-1,-1,-1,-1,-1
201501LX51164,1,9,0,9,0,8,0,0,0,0,4,1,6,2,25,5,1598,1,10,-1,1,-1
201501LX51165,1,9,0,9,0,8,0,0,0,0,1,1,6,1,25,5,1198,1,7,-1,1,-1