Accident_Index,Vehicle_Reference,Vehicle_Type,Towing_and_Articulation,Vehicle_Manoeuvre,Vehicle_Location-Restricted_Lane,Junction_Location,Skidding_and_Overturning,Hit_Object_in_Carriageway,Vehicle_Leaving_Carriageway,Hit_Object_off_Carriageway,1st_Point_of_Impact,Was_Vehicle_Left_Hand_Drive?,Journey_Purpose_of_Driver,Sex_of_Driver,Age_of_Driver,Age_Band_of_Driver,Engine_Capacity_(CC),Propulsion_Code,Age_of_Vehicle,Driver_IMD_Decile,Driver_Home_Area_Type,Vehicle_IMD_Decile
201501LX51165,2,1,0,18,0,8,0,0,0,0,1,1,6,1,47,8,-1,-1,-1,-1,1,-1
201501LX51167,1,9,0,9,0,8,0,0,0,0,1,1,6,1,53,8,2231,2,9,-1,1,-1
201501LX51167,2,9,0,18,0,8,0,0,0,0,1,1,6,2,30,6,1242,1,1,-1,1,-1
201501LX51168,1,9,0,9,0,8,0,0,0,0,1,1,6,1,55,8,-1,-1,-1,-1,1,-1
201501LX51168,2,1,0,18,0,8,0,0,0,0,1,1,6,1,36,7,-1,-1,-1,-1,1,-1
201501LX51169,1,8,0,18,0,8,0,0,0,0,0,1,6,1,28,6,1896,2,8,-1,1,-1
201501LX51172,1,9,0,18,0,2,0,0,0,0,1,1,6,1,65,9,1796,1,7,-1,1,-1
201501LX51173,1,5,0,18,0,8,0,0,0,0,1,1,6,1,24,5,-1,-1,-1,-1,-1,-1
201501LX51173,2,9,0,9,0,8,0,0,0,0,2,1,6,2,66,10,-1,-1,-1,-1,1,-1
201501LX51174,1,11,0,4,0,1,0,0,0,0,0,1,1,1,39,7,6700,2,6,-1,-1,-1
201501LX51175,1,19,0,18,0,0,0,0,0,0,3,1,2,1,28,6,1995,2,3,-1,-1,-1
201501LX51175,2,1,0,18,0,0,0,0,0,0,3,1,6,1,45,7,-1,-1,-1,-1,1,-1
201501LX51176,1,9,0,18,0,1,0,0,0,0,1,1,6,1,30,6,1598,2,2,-1,1,-1
201501LX51176,2,9,0,3,0,1,0,0,0,0,3,1,6,1,44,7,1598,1,8,-1,1,-1
201501LX51176,3,9,0,3,0,1,0,0,0,0,3,1,6,3,-1,-1,-1,-1,-1,-1,-1,-1
201501LX51176,4,9,0,3,0,1,0,0,0,0,3,1,6,3,-1,-1,-1,-1,-1,-1,-1,-1
201501LX51177,1,11,0,4,0,8,0,0,0,0,0,1,1,1,34,6,4500,2,3,-1,1,-1
201501LX51178,1,9,0,18,0,0,0,0,0,0,1,1,6,1,-1,-1,1248,1,5,-1,-1,-1
201501LX51180,1,9,0,9,0,8,0,0,0,0,4,1,6,1,35,6,2494,1,12,-1,1,-1
201501LX51180,2,3,0,18,0,8,0,0,0,0,1,1,6,1,41,7,125,1,8,-1,1,-1
201501LX51181,1,9,0,18,0,1,0,0,0,0,4,1,6,1,41,7,1596,1,8,-1,1,-1
201501LX51181,2,19,0,12,0,1,0,0,0,0,3,1,6,3,-1,-1,2198,2,-1,-1,-1,-1
201501LX51182,1,21,0,13,0,0,0,0,0,0,4,1,1,1,27,6,12809,2,3,-1,1,-1
201501LX51182,2,1,0,18,0,0,0,0,0,0,3,1,6,1,40,7,-1,-1,-1,-1,1,-1
201501LX51184,1,9,0,18,0,8,0,0,0,0,3,1,6,1,30,6,2148,2,8,-1,1,-1
201501LX51184,2,1,0,18,0,8,0,0,0,0,1,1,6,1,31,6,-1,-1,-1,-1,1,-1
201501LX51185,1,3,0,18,0,0,0,0,0,0,1,1,6,1,-1,-1,-1,-1,-1,-1,-1,-1
201501LX51187,1,9,0,16,0,0,0,0,0,0,3,1,6,1,39,7,1398,1,14,-1,1,-1
201501LX51187,2,9,0,17,0,0,0,0,0,0,3,1,6,1,-1,-1,1598,1,7,-1,1,-1
201501LX51188,1,11,0,5,0,1,0,0,0,0,0,1,1,1,46,8,7300,2,9,-1,1,-1
201501LX51189,1,9,0,9,0,8,0,0,0,0,1,1,6,1,50,8,3378,1,16,-1,1,-1
201501LX51189,2,9,0,18,0,8,0,0,0,0,1,1,6,1,25,5,1598,1,8,-1,1,-1
201501LX51190,1,11,0,18,0,0,0,0,0,0,4,1,1,1,42,7,-1,-1,-1,-1,1,-1
201501LX51191,1,9,0,9,0,8,0,0,0,0,3,1,6,1,44,7,1791,8,4,-1,1,-1
201501LX51191,2,2,0,13,0,8,0,0,0,0,1,1,6,2,22,5,-1,-1,-1,-1,1,-1
201501LX51192,1,3,0,18,0,8,0,0,0,0,1,1,6,1,30,6,124,1,5,-1,1,-1
201501LX51192,2,19,0,7,0,8,0,0,0,0,4,1,6,1,-1,-1,1995,2,7,-1,1,-1
201501LX51193,1,9,0,9,0,8,0,0,0,0,4,1,6,1,20,4,2497,1,8,-1,1,-1
201501LX51193,2,1,0,15,0,8,0,0,0,0,1,1,6,2,28,6,-1,-1,-1,-1,1,-1
201501LX51194,1,3,0,18,0,2,0,0,0,0,0,1,6,1,38,7,-1,-1,-1,-1,-1,-1
201501LX51194,2,9,0,11,0,2,0,0,0,0,0,1,6,1,-1,-1,-1,-1,-1,-1,1,-1
201501LX51195,1,8,0,18,0,8,0,10,1,2,1,1,1,1,28,6,1497,8,7,-1,1,-1
201501LX51197,1,9,0,3,0,0,0,0,0,0,2,1,6,2,48,8,998,1,4,-1,1,-1
201501LX51197,2,9,0,18,0,0,0,0,0,0,1,1,6,2,-1,-1,2184,2,10,-1,-1,-1
201501LX51198,1,9,0,2,0,1,0,0,0,0,3,1,6,1,27,6,-1,-1,-1,-1,1,-1
201501LX51198,2,1,0,18,0,1,0,0,0,0,1,1,6,1,39,7,-1,-1,-1,-1,1,-1
201501LX51199,1,9,0,18,0,1,0,0,0,0,3,1,6,3,-1,-1,-1,-1,-1,-1,-1,-1
201501LX51200,1,9,0,16,0,2,0,0,0,0,1,1,6,1,27,6,1968,2,4,-1,1,-1
201501LX51202,1,11,0,18,0,1,0,0,0,0,1,1,1,1,42,7,6700,2,5,-1,1,-1
201501LX51204,1,5,0,15,0,8,0,0,0,0,1,1,6,1,23,5,649,1,7,-1,1,-1
201501LX51204,2,1,0,9,0,8,0,0,0,0,1,1,6,2,23,5,-1,-1,-1,-1,1,-1
201501LX51205,1,9,0,18,0,0,0,0,0,0,4,1,6,2,31,6,1598,2,-1,-1,1,-1
201501LX51205,2,1,0,18,0,0,0,0,0,0,3,1,6,1,46,8,-1,-1,-1,-1,1,-1
201501LX51206,1,11,0,4,0,0,0,0,0,0,0,1,1,1,47,8,-1,-1,-1,-1,-1,-1
201501LX51206,2,19,0,4,0,0,0,0,0,0,0,1,1,3,-1,-1,-1,-1,-1,-1,-1,-1
201501LX51209,1,3,0,6,0,8,0,0,0,0,4,1,6,1,39,7,125,1,3,-1,1,-1
201501LX51209,2,19,0,16,0,8,0,0,0,0,1,1,6,1,38,7,1598,2,-1,-1,2,-1
201501LX51210,1,1,0,9,0,8,0,0,0,0,4,1,6,2,21,5,-1,-1,-1,-1,1,-1
201501LX51210,2,9,0,18,0,8,0,0,0,0,1,1,6,1,-1,-1,-1,-1,-1,-1,-1,-1
201501LX51213,1,3,0,18,0,0,0,0,0,0,1,1,6,1,31,6,125,1,2,-1,1,-1
201501LX51213,2,8,0,18,0,0,0,0,0,0,1,1,6,3,-1,-1,-1,-1,-1,-1,-1,-1
201501LX51214,1,8,0,18,0,2,0,0,0,0,3,1,1,1,43,7,-1,-1,-1,-1,1,-1
201501LX51215,1,9,0,18,0,2,0,0,0,0,3,1,6,1,-1,-1,1798,8,-1,-1,1,-1
201501LX51215,2,19,0,5,0,2,0,0,0,0,4,1,6,1,32,6,-1,-1,-1,-1,-1,-1
201501LX51216,1,9,0,3,0,0,0,0,0,0,2,1,6,2,45,7,1240,1,5,-1,1,-1
201501LX51216,2,9,0,18,0,0,0,0,0,0,1,1,6,3,-1,-1,1995,1,4,-1,-1,-1
201501LX51217,1,9,0,9,0,1,0,0,0,0,1,1,6,1,37,7,3199,1,13,-1,-1,-1
201501LX51217,2,1,0,10,0,1,0,0,0,0,2,1,6,1,35,6,-1,-1,-1,-1,-1,-1
201501LX51219,1,9,0,5,0,0,0,0,0,0,1,1,6,2,28,6,1600,1,16,-1,1,-1
201501LX51220,1,9,0,18,0,2,0,0,0,0,4,1,6,1,36,7,1395,1,2,-1,1,-1
201501LX51222,1,3,0,18,0,8,0,0,0,0,0,1,6,2,36,7,-1,-1,-1,-1,-1,-1
201501LX51222,2,9,0,18,0,8,0,0,0,0,0,1,6,1,29,6,-1,-1,-1,-1,1,-1
201501LX51223,1,9,0,3,0,0,0,0,0,0,2,1,6,2,-1,-1,-1,-1,-1,-1,-1,-1
201501LX51223,2,9,0,3,0,0,0,0,0,0,2,1,6,1,-1,-1,-1,-1,-1,-1,-1,-1
201501LX51223,3,9,0,18,0,0,0,0,0,0,1,1,6,2,-1,-1,-1,-1,-1,-1,-1,-1
201501LX51225,1,5,0,18,0,8,0,0,0,0,3,1,6,1,68,10,1450,1,9,-1,1,-1
201501LX51225,2,9,0,18,0,8,0,0,0,0,4,1,6,1,-1,-1,-1,-1,-1,-1,-1,-1
201501LX51226,1,9,0,9,0,2,0,0,0,0,1,1,6,1,-1,-1,-1,-1,-1,-1,-1,-1
201501LX51227,1,9,0,3,0,8,0,0,0,0,3,1,6,1,61,9,1781,1,10,-1,1,-1
201501LX51227,2,9,0,14,0,8,0,0,0,0,1,1,6,1,54,8,1769,1,12,-1,1,-1
201501LX51227,3,5,0,18,0,8,0,0,0,0,1,1,6,1,48,8,-1,-1,-1,-1,1,-1
201501LX51229,1,19,0,1,0,1,0,0,0,0,2,1,6,1,-1,-1,-1,-1,-1,-1,-1,-1
201501LX51230,1,9,0,9,0,8,0,0,0,0,3,1,6,2,31,6,999,1,-1,-1,1,-1
201501LX51230,2,9,0,18,0,8,0,0,0,0,1,1,6,1,-1,-1,1968,2,11,-1,1,-1
201501LX51231,1,1,0,18,0,8,0,4,0,0,3,1,6,1,40,7,-1,-1,-1,-1,1,-1
201501LX51231,2,9,0,2,0,8,0,0,0,0,3,1,6,2,31,6,1998,1,10,-1,1,-1
201501LX51232,1,9,0,18,9,8,0,0,0,0,3,1,6,1,-1,-1,-1,-1,-1,-1,-1,-1
201501LX51233,1,9,0,18,0,8,0,0,0,0,4,1,6,2,22,5,1197,1,4,-1,1,-1
201501LX51234,1,9,0,7,0,8,0,0,0,0,4,1,6,2,51,8,-1,-1,-1,-1,1,-1
201501LX51234,2,1,0,18,0,8,0,0,0,0,1,1,6,1,24,5,-1,-1,-1,-1,1,-1
201501LX51235,1,11,0,3,0,8,0,0,0,0,0,1,1,2,45,7,6700,2,8,-1,1,-1
201501LX51236,1,5,0,10,0,1,0,0,0,0,1,1,6,1,51,8,798,1,4,-1,-1,-1
201501LX51236,2,9,0,10,0,1,0,0,0,0,1,1,6,1,27,6,-1,-1,-1,-1,1,-1
201501LX51236,3,9,0,9,0,2,0,0,0,0,1,1,6,2,51,8,-1,-1,-1,-1,-1,-1
201501LX51237,1,5,0,18,0,8,0,0,0,0,3,1,6,1,31,6,-1,-1,-1,-1,-1,-1
201501LX51237,2,8,0,18,0,8,0,0,0,0,1,1,6,1,37,7,-1,-1,-1,-1,1,-1
201501LX51238,1,11,0,18,0,8,0,0,0,0,4,1,1,1,42,7,9360,2,4,-1,1,-1
201501LX51239,1,9,0,9,0,8,0,0,0,0,1,1,6,2,30,6,1968,2,2,-1,1,-1
201501LX51239,2,3,0,18,0,8,0,0,0,0,1,1,6,1,27,6,-1,-1,-1,-1,1,-1
201501LX51240,1,9,0,7,0,8,0,0,0,0,4,1,6,1,46,8,1995,2,11,-1,1,-1
201501LX51240,2,1,0,18,0,8,0,0,0,0,1,1,6,1,38,7,-1,-1,-1,-1,1,-1
201501LX51241,1,9,0,18,0,1,0,0,0,0,4,1,6,3,-1,-1,-1,-1,-1,-1,-1,-1
201501LX51242,1,9,0,6,0,8,0,0,0,0,4,1,6,1,42,7,1797,8,4,-1,1,-1
201501LX51242,2,3,0,18,0,8,0,0,0,0,1,1,6,1,21,5,-1,-1,-1,-1,1,-1
201501LX51243,1,21,0,18,0,1,0,0,0,0,3,1,1,1,54,8,-1,-1,-1,-1,-1,-1
201501LX51244,1,3,0,18,0,8,0,0,0,0,1,1,6,1,29,6,-1,-1,-1,-1,1,-1
201501LX51244,2,19,0,9,0,8,0,0,0,0,1,1,6,1,24,5,-1,-1,-1,-1,1,-1
201501LX51245,1,1,0,18,0,1,0,0,0,0,0,1,6,1,63,9,-1,-1,-1,-1,1,-1
201501LX51246,1,1,0,12,0,0,0,0,0,0,3,1,6,1,21,5,-1,-1,-1,-1,1,-1
201501LX51246,2,19,0,18,0,0,0,0,0,0,4,1,6,1,24,5,-1,-1,-1,-1,1,-1
201501LX51247,1,1,0,16,0,0,0,0,0,0,1,1,6,1,26,6,-1,-1,-1,-1,1,-1
201501LX51247,2,9,0,17,0,0,0,0,0,0,3,1,6,1,-1,-1,2993,2,1,-1,1,-1
201501LX51249,1,9,0,1,0,8,0,0,0,0,2,1,6,2,40,7,1896,2,13,-1,1,-1
201501LX51249,2,1,0,18,0,8,0,0,0,0,4,1,6,2,29,6,-1,-1,-1,-1,1,-1
201501LX51250,1,20,0,5,0,2,0,0,0,0,4,1,6,1,52,8,-1,-1,-1,-1,1,-1
201501LX51251,1,9,0,5,0,1,0,0,0,0,3,1,6,1,60,9,1968,2,4,-1,-1,-1
201501LX51251,2,2,0,5,0,1,0,0,0,0,4,1,6,2,36,7,-1,-1,-1,-1,1,-1
201501LX51252,1,1,0,18,0,8,0,0,0,0,1,1,6,2,33,6,-1,-1,-1,-1,1,-1
201501LX51252,2,9,0,7,0,8,0,0,0,0,4,1,6,3,-1,-1,-1,-1,-1,-1,-1,-1
201501LX51253,1,11,0,4,0,0,0,0,0,0,0,1,6,1,-1,-1,-1,-1,-1,-1,-1,-1
201501LX51254,1,3,0,18,0,8,0,0,0,0,1,1,1,1,18,4,108,1,-1,-1,-1,-1
201501LX51254,2,9,0,9,0,8,0,0,0,0,4,1,6,1,60,9,-1,-1,-1,-1,3,-1
201501LX51255,1,3,0,10,0,8,0,0,0,0,2,1,6,1,33,6,125,1,5,-1,1,-1
201501LX51255,2,9,0,18,0,8,0,0,0,0,1,1,6,1,51,8,2926,2,13,-1,1,-1
201501LX51256,1,3,0,15,0,1,0,0,0,0,1,1,6,1,31,6,124,1,3,-1,1,-1
201501LX51257,1,9,0,18,0,0,0,0,0,0,1,1,6,1,27,6,1229,1,3,-1,-1,-1
201501LX51258,1,3,0,14,0,0,0,0,0,0,1,1,6,2,27,6,124,1,8,-1,3,-1
201501LX51259,1,9,0,3,0,0,0,0,0,0,1,1,6,1,28,6,2993,2,1,-1,1,-1
201501LX51259,2,9,0,18,0,0,0,0,0,0,1,1,6,1,23,5,-1,-1,-1,-1,1,-1
201501LX51260,1,1,0,18,0,0,0,0,0,0,3,1,6,1,44,7,-1,-1,-1,-1,1,-1
201501LX51260,2,11,0,18,0,0,0,0,0,0,4,1,1,1,45,7,-1,-1,-1,-1,1,-1
201501LX51261,1,3,0,9,0,8,0,0,0,0,3,1,6,1,40,7,125,1,2,-1,1,-1
201501LX51261,2,11,0,18,0,8,0,0,0,0,1,1,6,1,-1,-1,6700,2,6,-1,-1,-1
201501LX51262,1,5,0,14,0,1,0,0,0,0,4,1,6,1,51,8,-1,-1,-1,-1,1,-1
201501LX51263,1,9,0,18,0,2,0,0,0,0,1,1,6,3,-1,-1,-1,-1,-1,-1,-1,-1
201501LX51264,1,9,0,17,0,8,0,0,0,0,1,1,6,1,38,7,-1,-1,-1,-1,-1,-1
201501LX51264,2,1,0,18,0,8,0,0,0,0,2,1,6,2,20,4,-1,-1,-1,-1,1,-1
201501LX51265,1,3,0,13,0,8,0,0,0,0,1,1,6,1,20,4,125,1,3,-1,1,-1
201501LX51265,2,9,0,9,0,8,0,0,0,0,4,1,6,1,41,7,1364,1,5,-1,1,-1
201501LX51266,1,1,0,7,0,8,0,0,0,0,2,1,6,1,56,9,-1,-1,-1,-1,1,-1
201501LX51266,2,9,0,7,0,8,0,0,0,0,1,1,6,3,-1,-1,-1,-1,-1,-1,-1,-1
201501LX51267,1,1,0,18,5,0,0,0,0,0,1,1,6,1,-1,-1,-1,-1,-1,-1,-1,-1
201501LX51268,1,9,0,18,0,0,0,0,0,0,1,1,6,1,22,5,1582,2,3,-1,1,-1
201501LX51268,2,9,0,18,0,0,0,0,0,0,1,1,6,1,59,9,2429,1,12,-1,1,-1
201501LX51269,1,19,0,9,0,2,0,0,0,0,3,1,6,1,57,9,-1,-1,-1,-1,1,-1
201501LX51270,1,9,0,18,0,1,0,0,0,0,1,1,6,1,36,7,1896,2,14,-1,1,-1
201501LX51271,1,3,0,18,0,0,0,10,0,0,1,1,6,1,43,7,125,1,12,-1,1,-1
201501LX51273,1,9,0,18,0,0,0,0,0,0,1,1,6,1,40,7,1329,1,3,-1,1,-1
201501LX51274,1,1,0,18,0,8,0,0,0,0,1,1,6,1,23,5,-1,-1,-1,-1,1,-1
201501LX51274,2,9,0,9,0,8,0,0,0,0,1,1,6,3,-1,-1,-1,-1,-1,-1,-1,-1
201501LX51275,1,11,0,4,0,1,0,0,0,0,0,1,6,3,-1,-1,-1,-1,-1,-1,-1,-1
201501LX51277,1,9,0,7,0,8,0,0,0,0,4,1,6,1,27,6,1598,2,2,-1,1,-1
201501LX51277,2,2,0,15,0,8,0,0,0,0,1,1,6,1,27,6,49,1,9,-1,1,-1
201501LX51279,1,9,0,4,0,0,0,0,0,0,0,1,6,1,45,7,1995,2,8,-1,1,-1
201501LX51279,2,1,0,4,0,0,0,0,0,0,1,1,6,1,15,3,-1,-1,-1,-1,1,-1
201501LX51281,1,9,0,7,0,2,0,0,0,0,1,1,6,2,20,4,1364,2,12,-1,-1,-1
201501LX51281,2,9,0,2,0,2,0,0,0,0,3,1,6,3,-1,-1,1984,1,6,-1,-1,-1
201501LX51282,1,1,0,18,0,8,0,0,0,0,1,1,6,2,33,6,-1,-1,-1,-1,1,-1
201501LX51282,2,10,0,10,0,8,0,0,0,0,4,1,6,1,39,7,-1,-1,-1,-1,1,-1
201501LX51283,1,9,0,3,0,0,0,0,0,0,2,1,6,2,54,8,-1,-1,-1,-1,1,-1
201501LX51283,2,9,0,4,0,0,0,0,0,0,1,1,6,1,47,8,-1,-1,-1,-1,1,-1
201501LX51284,1,19,0,18,0,8,0,0,0,0,1,1,6,2,39,7,1998,2,9,-1,1,-1
201501LX51284,2,9,0,18,0,8,0,4,0,0,3,1,2,1,26,6,1896,2,8,-1,1,-1
201501LX51284,3,9,0,2,0,2,0,0,0,0,4,1,6,1,36,7,1956,2,1,-1,1,-1
201501LX51285,1,1,0,18,0,8,0,0,0,0,1,1,6,1,32,6,-1,-1,-1,-1,1,-1
201501LX51285,2,9,0,9,0,8,0,0,0,0,3,1,6,1,-1,-1,-1,-1,-1,-1,-1,-1
201501LX51286,1,9,0,5,0,1,0,0,0,0,3,1,6,2,-1,-1,1596,1,11,-1,-1,-1
201501LX51286,2,1,0,18,0,1,0,0,0,0,4,1,6,1,36,7,-1,-1,-1,-1,-1,-1
201501LX51287,1,1,0,18,0,8,0,0,0,0,3,1,6,1,49,8,-1,-1,-1,-1,1,-1
201501LX51287,2,9,0,18,0,8,0,0,0,0,1,1,6,3,-1,-1,-1,-1,-1,-1,-1,-1
201501LX51288,1,9,0,4,0,1,0,0,0,0,1,1,6,1,55,8,1598,1,12,-1,1,-1
201501LX51288,2,2,0,4,0,1,0,0,0,0,2,1,6,1,25,5,-1,-1,-1,-1,1,-1
201501LX51290,1,9,0,9,0,8,0,0,0,0,1,1,6,1,52,8,1998,2,6,-1,1,-1
201501LX51290,2,2,0,18,0,8,0,0,0,0,1,1,6,1,46,8,689,1,1,-1,1,-1
201501LX51291,1,9,0,5,0,2,0,0,0,0,4,1,6,1,38,7,1598,2,3,-1,1,-1
201501LX51292,1,1,0,18,0,8,0,0,0,0,1,1,6,1,27,6,-1,-1,-1,-1,1,-1
201501LX51292,2,9,0,9,0,8,0,0,0,0,3,1,6,2,-1,-1,998,1,18,-1,-1,-1
201501LX51293,1,9,0,2,0,2,0,0,0,0,3,1,6,1,44,7,1299,1,11,-1,1,-1
201501LX51293,2,1,0,18,0,2,0,0,0,0,1,1,6,1,-1,-1,-1,-1,-1,-1,-1,-1
201501LX51294,1,9,0,18,0,0,0,0,0,0,4,1,6,1,41,7,-1,-1,-1,-1,1,-1
201501LX51294,2,9,0,12,0,0,0,0,0,0,3,1,6,1,62,9,-1,-1,-1,-1,1,-1
201501LX51295,1,3,0,6,0,8,0,0,0,0,1,1,6,1,24,5,124,1,3,-1,1,-1
201501LX51295,2,9,0,7,0,8,0,0,0,0,1,1,6,3,-1,-1,-1,-1,-1,-1,-1,-1
201501LX51296,1,3,0,17,0,2,1,11,0,0,0,1,2,2,27,6,125,1,7,-1,1,-1
201501LX51297,1,3,0,18,0,2,0,0,0,0,3,1,6,1,31,6,124,1,5,-1,1,-1
201501LX51297,2,9,0,13,0,2,0,0,0,0,4,1,6,3,-1,-1,-1,-1,-1,-1,-1,-1
201501LX51299,1,8,0,18,0,8,0,0,0,0,0,1,6,1,48,8,2499,2,8,-1,1,-1
201501LX51299,2,3,0,18,0,8,0,0,0,0,0,1,6,1,39,7,-1,-1,-1,-1,1,-1
201501LX51301,1,19,0,9,0,8,0,0,0,0,4,1,6,1,26,6,2148,2,8,-1,1,-1
201501LX51301,2,1,0,18,0,8,0,0,0,0,1,1,6,1,30,6,-1,-1,-1,-1,1,-1
201501LX51303,1,9,0,18,0,1,0,0,0,0,1,1,6,1,69,10,2685,2,12,-1,1,-1
201501LX51304,1,9,0,9,0,8,0,0,0,0,1,1,6,2,22,5,1198,1,10,-1,1,-1
201501LX51304,2,3,0,18,0,8,0,0,0,0,4,1,6,1,27,6,125,1,5,-1,-1,-1
201501LX51305,1,11,0,3,0,0,0,0,0,0,0,1,1,1,41,7,4500,2,3,-1,1,-1
201501LX51306,1,9,0,3,0,1,0,0,0,0,2,1,6,1,27,6,2993,2,-1,-1,1,-1
201501LX51306,2,9,0,4,0,1,0,0,0,0,1,1,6,3,-1,-1,-1,-1,-1,-1,-1,-1
201501LX51307,1,3,0,18,0,1,0,0,0,0,2,1,6,1,22,5,108,1,3,-1,1,-1
201501LX51307,2,9,0,18,0,1,0,0,0,0,1,1,6,3,-1,-1,1896,2,12,-1,-1,-1
201501LX51308,1,9,0,7,0,8,0,0,0,0,4,1,6,1,25,5,1587,1,13,-1,1,-1
201501LX51308,2,3,0,18,0,8,0,0,0,0,1,1,6,1,51,8,124,1,6,-1,1,-1
201501LX51309,1,9,0,3,0,1,0,0,0,0,3,1,6,1,30,6,1242,1,-1,-1,1,-1
201501LX51310,1,3,0,18,0,8,0,0,0,0,0,1,6,1,22,5,108,1,-1,-1,1,-1
201501LX51310,2,9,0,9,0,8,0,0,0,0,0,1,6,1,29,6,1200,1,-1,-1,1,-1
201501LX51311,1,5,0,18,0,2,0,0,0,0,1,1,6,1,42,7,782,1,-1,-1,1,-1
201501LX51312,1,9,0,9,0,8,0,0,0,0,1,1,6,1,48,8,-1,-1,-1,-1,1,-1
201501LX51312,2,3,0,18,0,8,0,0,0,0,1,1,6,1,32,6,125,1,5,-1,1,-1
201501LX51313,1,5,0,14,0,8,0,0,0,0,1,1,1,1,33,6,471,1,2,-1,1,-1
201501LX51313,2,19,0,6,0,8,0,0,0,0,3,1,6,1,-1,-1,2463,2,10,-1,1,-1
201501LX51314,1,1,0,18,0,8,0,0,0,0,1,1,6,1,28,6,-1,-1,-1,-1,1,-1
201501LX51314,2,9,0,9,0,8,0,0,0,0,1,1,6,1,-1,-1,1398,2,4,-1,1,-1
201501LX51315,1,1,0,13,2,1,0,0,0,0,4,1,6,1,28,6,-1,-1,-1,-1,1,-1
201501LX51315,2,1,0,18,2,1,0,0,0,0,3,1,6,1,-1,-1,-1,-1,-1,-1,-1,-1
201501LX51316,1,9,0,13,0,0,0,0,0,0,4,1,6,1,53,8,1998,1,13,-1,1,-1
201501LX51316,2,11,0,18,0,0,0,0,0,0,3,1,6,1,45,7,4500,2,-1,-1,1,-1
201501LX51317,1,9,0,5,0,2,0,0,0,0,1,1,6,2,-1,-1,-1,-1,-1,-1,-1,-1
201501LX51319,1,3,0,5,0,1,0,0,0,0,2,1,6,1,29,6,124,1,5,-1,1,-1
201501LX51319,2,20,0,5,0,1,0,0,0,0,1,1,1,1,45,7,11946,2,3,-1,1,-1
201501LX51320,1,1,0,18,4,8,1,0,0,0,1,1,2,2,35,6,-1,-1,-1,-1,1,-1
201501LX51320,2,9,0,7,4,8,0,0,0,0,4,1,6,2,30,6,1388,1,9,-1,1,-1
201501LX51321,1,9,0,1,0,2,0,0,0,0,2,1,6,2,-1,-1,-1,-1,-1,-1,-1,-1
201501LX51322,1,9,0,18,0,8,0,0,0,0,1,1,6,2,48,8,1242,1,6,-1,1,-1
201501LX51322,2,9,0,18,0,8,0,0,0,0,1,1,6,1,46,8,-1,-1,-1,-1,1,-1
201501LX51323,1,9,0,7,0,8,0,0,0,0,4,1,6,1,68,10,-1,-1,-1,-1,1,-1
201501LX51323,2,1,0,18,0,8,0,0,0,0,1,1,6,1,-1,-1,-1,-1,-1,-1,-1,-1
201501LX51325,1,9,0,5,0,1,0,0,0,0,2,1,6,1,38,7,1970,1,8,-1,1,-1
201501LX51325,2,9,0,5,0,1,0,0,0,0,1,1,6,2,41,7,1248,2,4,-1,-1,-1
201501LX51327,1,1,0,18,0,8,0,0,0,0,1,1,6,1,30,6,-1,-1,-1,-1,1,-1
201501LX51327,2,9,0,7,0,8,0,0,0,0,4,1,6,1,-1,-1,-1,-1,-1,-1,-1,-1
201501LX51328,1,9,0,9,0,8,0,0,0,0,2,1,6,1,47,8,1364,1,1,-1,1,-1
201501LX51328,2,9,0,18,0,8,0,0,0,0,1,1,6,1,37,7,-1,-1,-1,-1,1,-1
201501LX51329,1,9,0,18,0,0,0,0,0,0,1,1,6,2,63,9,1796,1,3,-1,1,-1
201501LX51329,2,11,0,18,0,0,0,0,0,0,1,1,1,2,35,6,8300,2,9,-1,1,-1
201501LX51331,1,9,0,1,0,0,0,0,0,0,2,1,6,3,-1,-1,1956,2,5,-1,-1,-1
201501LX51332,1,3,0,18,0,1,0,0,0,0,3,1,6,2,36,7,-1,-1,-1,-1,1,-1
201501LX51332,2,9,0,9,0,1,0,0,0,0,1,1,6,1,39,7,1896,2,8,-1,1,-1
201501LX51333,1,11,0,2,0,0,0,0,0,0,0,1,1,1,23,5,3900,2,12,-1,1,-1
201501LX51334,1,10,0,9,0,8,0,0,0,0,4,1,1,1,55,8,-1,-1,-1,-1,1,-1
201501LX51334,2,1,0,15,0,1,0,0,0,0,1,1,6,1,25,5,-1,-1,-1,-1,1,-1
201501LX51336,1,11,0,9,0,8,0,0,0,0,0,1,1,1,54,8,4461,2,1,-1,-1,-1
201501LX51337,1,19,0,18,0,8,0,0,0,0,1,1,2,1,52,8,2402,2,12,-1,1,-1
201501LX51337,2,9,0,18,0,8,0,0,0,0,3,1,2,1,53,8,1398,1,3,-1,1,-1
201501LX51338,1,9,0,3,0,2,0,0,0,0,3,1,6,1,25,5,1390,1,13,-1,1,-1
201501LX51338,2,9,0,18,0,1,0,0,0,0,3,1,6,3,-1,-1,-1,-1,-1,-1,-1,-1
201501LX51339,1,9,0,6,0,0,0,0,0,0,2,1,1,1,57,9,1870,2,11,-1,1,-1
201501LX51339,2,3,0,18,0,0,0,0,0,0,1,1,1,1,24,5,125,1,5,-1,1,-1
201501LX51340,1,1,0,15,0,8,0,0,0,0,1,1,6,1,36,7,-1,-1,-1,-1,1,-1
201501LX51340,2,9,0,9,0,8,0,0,0,0,0,1,6,3,-1,-1,-1,-1,-1,-1,-1,-1
201501LX51341,1,9,0,3,0,8,0,0,0,0,2,1,6,1,47,8,-1,-1,-1,-1,1,-1
201501LX51341,2,9,0,18,0,8,0,0,0,0,1,1,6,1,-1,-1,-1,-1,-1,-1,-1,-1
201501LX51344,1,9,0,3,0,1,0,0,0,0,2,1,6,1,36,7,998,1,10,-1,1,-1
201501LX51344,2,9,0,5,0,1,0,0,0,0,1,1,6,1,35,6,-1,-1,-1,-1,-1,-1
201501LX51345,1,9,0,18,0,0,0,0,0,0,4,1,6,3,-1,-1,-1,-1,-1,-1,-1,-1
201501LX51346,1,9,0,18,0,1,0,0,0,0,4,1,1,1,32,6,-1,-1,-1,-1,-1,-1