Accident_Index,Vehicle_Reference,Vehicle_Type,Towing_and_Articulation,Vehicle_Manoeuvre,Vehicle_Location-Restricted_Lane,Junction_Location,Skidding_and_Overturning,Hit_Object_in_Carriageway,Vehicle_Leaving_Carriageway,Hit_Object_off_Carriageway,1st_Point_of_Impact,Was_Vehicle_Left_Hand_Drive?,Journey_Purpose_of_Driver,Sex_of_Driver,Age_of_Driver,Age_Band_of_Driver,Engine_Capacity_(CC),Propulsion_Code,Age_of_Vehicle,Driver_IMD_Decile,Driver_Home_Area_Type,Vehicle_IMD_Decile
201501LX51346,2,1,0,4,0,1,0,0,0,0,1,1,6,1,22,5,-1,-1,-1,-1,-1,-1
201501LX51347,1,1,0,18,0,1,0,0,0,0,1,1,6,1,28,6,-1,-1,-1,-1,-1,-1
201501LX51348,1,11,0,18,0,1,0,0,0,0,4,1,1,1,57,9,6700,2,5,-1,1,-1
201501LX51349,1,9,0,18,0,8,0,0,0,0,2,1,6,1,33,6,1798,1,8,-1,-1,-1
201501LX51349,2,11,0,9,0,8,0,0,0,0,1,1,1,1,29,6,4500,2,4,-1,1,-1
201501LX51350,1,9,0,8,0,1,0,0,0,0,2,1,6,2,24,5,1242,1,10,-1,1,-1
201501LX51350,2,5,0,7,0,1,0,0,0,0,1,1,6,2,21,5,599,1,6,-1,-1,-1
201501LX51351,1,8,0,3,0,1,0,0,0,0,2,1,1,1,48,8,1598,2,1,-1,-1,-1
201501LX51351,2,9,0,18,0,1,0,0,0,0,1,1,6,2,-1,-1,-1,-1,-1,-1,-1,-1
201501LX51353,1,3,0,18,0,8,0,0,0,0,4,1,6,1,34,6,249,1,9,-1,1,-1
201501LX51353,2,9,0,18,0,8,0,0,0,0,3,1,6,1,22,5,1896,2,12,-1,2,-1
201501LX51354,1,9,0,9,0,8,0,0,0,0,1,1,6,1,79,11,1796,1,11,-1,1,-1
201501LX51354,2,9,0,18,0,8,0,0,0,0,4,1,6,2,24,5,-1,-1,-1,-1,1,-1
201501LX51355,1,9,0,1,0,1,0,0,0,0,2,1,6,3,-1,-1,2685,2,11,-1,-1,-1
201501LX51356,1,9,0,4,0,0,0,0,0,0,4,1,6,2,48,8,1598,1,16,-1,1,-1
201501LX51357,1,9,0,4,0,8,0,0,0,0,2,1,6,2,53,8,1229,1,10,-1,-1,-1
201501LX51357,2,9,0,18,0,8,0,0,0,0,1,1,6,2,28,6,1598,1,1,-1,1,-1
201501LX51359,1,3,0,18,0,1,0,0,0,0,1,1,1,1,22,5,125,1,4,-1,1,-1
201501LX51359,2,9,0,9,0,8,0,0,0,0,4,1,6,1,-1,-1,1229,1,10,-1,1,-1
201501LX51360,1,1,0,18,0,1,0,0,0,0,4,1,6,2,41,7,-1,-1,-1,-1,1,-1
201501LX51360,2,19,0,5,0,1,0,0,0,0,3,1,6,1,39,7,2198,2,-1,-1,1,-1
201501LX51361,1,9,0,11,0,0,0,0,0,0,2,1,6,1,64,9,2922,1,11,-1,1,-1
201501LX51361,2,11,0,18,0,0,0,0,0,0,1,1,6,1,53,8,6700,2,5,-1,1,-1
201501LX51362,1,1,0,18,0,1,0,0,0,0,1,1,6,1,48,8,-1,-1,-1,-1,1,-1
201501LX51362,2,9,0,9,0,8,0,0,0,0,4,1,6,2,40,7,-1,-1,-1,-1,1,-1
201501LX51363,1,9,0,4,0,0,0,0,0,0,2,1,6,1,52,8,-1,-1,-1,-1,1,-1
201501LX51363,2,9,0,18,0,0,0,0,0,0,1,1,6,1,81,11,1299,1,11,-1,1,-1
201501LX51364,1,9,0,18,0,0,0,0,1,10,1,1,6,2,29,6,998,1,15,-1,1,-1
201501LX51365,1,9,0,18,0,0,0,0,0,0,4,1,6,1,27,6,-1,-1,-1,-1,1,-1
201501LX51366,1,2,0,18,0,1,0,0,0,0,1,1,6,1,55,8,125,1,8,-1,1,-1
201501LX51366,2,9,0,9,0,1,0,0,0,0,1,1,6,2,35,6,1794,1,9,-1,1,-1
201501LX51367,1,9,0,18,0,8,0,0,0,0,1,1,6,1,21,5,1229,1,8,-1,1,-1
201501LX51367,2,2,0,4,0,8,0,0,0,0,2,1,6,1,26,6,49,1,-1,-1,1,-1
201501LX51367,3,9,0,4,0,8,0,0,0,0,2,1,6,1,-1,-1,1124,1,14,-1,-1,-1
201501LX51368,1,3,0,18,0,8,0,0,0,0,1,1,6,1,20,4,-1,-1,-1,-1,1,-1
201501LX51368,2,9,0,4,0,8,0,0,0,0,2,1,6,1,42,7,1995,2,7,-1,1,-1
201501LX51369,1,9,0,4,0,8,0,0,0,0,2,1,6,1,22,5,1596,1,1,-1,1,-1
201501LX51369,2,9,0,18,0,8,0,0,0,0,1,1,6,2,-1,-1,-1,-1,-1,-1,-1,-1
201501LX51370,1,9,0,9,0,8,0,0,0,0,1,1,6,2,-1,-1,875,1,-1,-1,-1,-1
201501LX51370,2,1,0,18,0,8,0,0,0,0,4,1,6,2,38,7,-1,-1,-1,-1,1,-1
201501LX51373,1,11,0,18,0,1,0,0,0,0,1,1,1,2,47,8,6700,2,5,-1,2,-1
201501LX51373,2,9,0,4,0,1,0,0,0,0,2,1,6,1,27,6,-1,-1,-1,-1,1,-1
201501LX51375,1,11,0,3,0,1,0,0,0,0,0,1,1,1,45,7,4500,2,4,-1,-1,-1
201501LX51376,1,9,0,4,0,1,0,0,0,0,1,1,2,2,26,6,1461,2,1,-1,1,-1
201501LX51376,2,9,0,4,0,1,0,0,0,0,2,1,2,1,35,6,1997,2,3,-1,1,-1
201501LX51377,1,11,0,18,0,0,0,0,0,0,4,1,1,2,49,8,7300,2,10,-1,1,-1
201501LX51378,1,9,0,18,0,0,0,0,0,0,1,1,6,1,42,7,1968,2,5,-1,1,-1
201501LX51378,2,9,0,4,0,0,0,0,0,0,2,1,6,1,-1,-1,-1,-1,-1,-1,-1,-1
201501LX51379,1,9,0,18,0,8,0,0,0,0,1,1,6,2,24,5,1968,2,1,-1,1,-1
201501LX51379,2,1,0,9,0,8,0,0,0,0,4,1,6,2,19,4,-1,-1,-1,-1,1,-1
201501LX51380,1,9,0,9,0,8,0,0,0,0,4,1,6,1,48,8,1560,2,8,-1,1,-1
201501LX51380,2,3,0,18,0,8,0,0,0,0,1,1,6,1,55,8,124,1,5,-1,1,-1
201501LX51381,1,9,0,9,0,8,0,0,0,0,3,1,6,1,24,5,1995,2,1,-1,1,-1
201501LX51381,2,9,0,13,0,8,0,0,0,0,4,1,6,1,-1,-1,-1,-1,-1,-1,-1,-1
201501LX51382,1,11,0,4,0,1,0,0,0,0,0,1,1,1,58,9,4461,2,1,-1,1,-1
201501LX51383,1,3,0,18,0,8,0,0,0,0,1,1,6,2,20,4,-1,-1,-1,-1,1,-1
201501LX51383,2,9,0,9,0,8,0,0,0,0,3,1,6,1,72,10,2143,2,2,-1,1,-1
201501LX51384,1,9,0,9,0,1,0,0,0,0,4,1,6,1,77,11,1989,1,14,-1,1,-1
201501LX51384,2,4,0,18,0,1,0,0,0,0,1,1,6,1,29,6,-1,-1,-1,-1,1,-1
201501LX51385,1,3,0,18,0,8,0,0,0,0,4,1,2,1,30,6,125,1,1,-1,-1,-1
201501LX51386,1,9,0,9,0,8,0,0,0,0,1,1,6,1,53,8,1995,1,12,-1,1,-1
201501LX51386,2,3,0,14,0,8,0,0,0,0,4,1,6,1,70,10,-1,-1,-1,-1,-1,-1
201501LX51389,1,3,0,15,0,8,0,0,0,0,1,1,6,1,28,6,599,1,6,-1,1,-1
201501LX51389,2,9,0,9,0,8,0,0,0,0,3,1,6,2,26,6,1461,2,1,-1,1,-1
201501LX51390,1,9,0,9,0,8,0,0,0,0,4,1,6,2,24,5,1598,1,9,-1,1,-1
201501LX51390,2,9,0,18,0,8,0,0,0,0,1,1,6,1,37,7,2143,2,1,-1,1,-1
201501LX51392,1,11,0,4,0,8,0,0,0,0,0,1,6,1,27,6,-1,-1,-1,-1,1,-1
201501LX51393,1,2,0,18,0,8,0,0,0,0,3,1,6,1,21,5,125,1,3,-1,1,-1
201501LX51393,2,9,0,9,0,8,0,0,0,0,1,1,6,2,42,7,1390,2,11,-1,1,-1
201501LX51394,1,1,0,9,0,8,0,0,0,0,2,1,6,1,27,6,-1,-1,-1,-1,1,-1
201501LX51394,2,9,0,9,0,8,0,0,0,0,1,1,6,1,31,6,1910,2,5,-1,1,-1
201501LX51395,1,3,0,18,0,0,0,0,0,0,4,1,6,1,41,7,124,1,3,-1,1,-1
201501LX51395,2,9,0,12,0,0,0,0,0,0,3,1,6,1,-1,-1,1390,1,9,-1,-1,-1
201501LX51396,1,9,0,18,9,8,0,10,0,0,4,1,6,1,45,7,1997,2,13,-1,1,-1
201501LX51397,1,9,0,18,0,8,0,0,0,0,4,1,6,2,50,8,1398,1,15,-1,1,-1
201501LX51398,1,9,0,4,0,8,0,0,0,0,2,1,6,1,40,7,1598,1,7,-1,1,-1
201501LX51398,2,3,0,18,0,8,0,0,0,0,1,1,6,1,24,5,124,1,5,-1,1,-1
201501LX51400,1,9,0,18,0,1,0,10,1,2,1,1,6,1,21,5,1995,2,8,-1,1,-1
201501LX51400,2,90,0,13,0,1,0,0,0,0,4,1,6,3,-1,-1,-1,-1,-1,-1,-1,-1
201501LX51401,1,9,0,18,0,8,0,0,0,0,4,1,6,2,24,5,1364,1,7,-1,1,-1
201501LX51401,2,9,0,9,0,8,0,0,0,0,3,1,6,2,-1,-1,1298,1,13,-1,1,-1
201501LX51402,1,1,0,18,0,8,0,0,0,0,1,1,6,1,24,5,-1,-1,-1,-1,1,-1
201501LX51402,2,9,0,7,0,8,0,0,0,0,2,1,6,1,-1,-1,1499,2,-1,-1,-1,-1
201501LX51403,1,9,0,18,0,8,0,0,0,0,4,1,6,1,-1,-1,-1,-1,-1,-1,-1,-1
201501LX51404,1,11,0,5,0,0,0,0,0,0,0,1,1,2,54,8,-1,-1,-1,-1,1,-1
201501LX51405,1,9,0,18,0,2,0,0,0,0,3,1,6,3,-1,-1,-1,-1,-1,-1,-1,-1
201501LX51406,1,9,0,18,0,1,0,0,0,0,3,1,6,1,30,6,1598,1,12,-1,1,-1
201501LX51406,2,9,0,18,0,2,0,0,0,0,3,1,6,2,28,6,1398,2,11,-1,1,-1
201501LX51407,1,1,0,18,0,8,0,0,0,0,1,1,6,2,-1,-1,-1,-1,-1,-1,-1,-1
201501LX51407,2,8,0,6,0,8,0,0,0,0,3,1,6,1,-1,-1,2499,2,1,-1,-1,-1
201501LX51408,1,9,0,18,0,8,0,0,0,0,3,1,6,2,26,6,-1,-1,-1,-1,1,-1
201501LX51408,2,5,0,18,0,8,0,0,0,0,1,1,6,1,37,7,996,1,7,-1,1,-1
201501LX51409,1,9,0,4,0,2,0,0,0,0,2,1,6,1,36,7,1995,2,6,-1,-1,-1
201501LX51409,2,9,0,18,0,2,0,10,1,10,1,1,6,1,24,5,1968,2,3,-1,1,-1
201501LX51410,1,9,0,18,0,2,0,0,0,0,4,1,6,3,-1,-1,-1,-1,-1,-1,-1,-1
201501LX51412,1,9,0,9,0,8,0,0,0,0,3,1,6,1,46,8,1995,2,7,-1,1,-1
201501LX51412,2,9,0,18,0,8,0,0,0,0,1,1,6,2,33,6,-1,-1,-1,-1,2,-1
201501LX51413,1,9,0,5,0,2,0,0,0,0,3,1,6,1,35,6,1248,2,-1,-1,1,-1
201501LX51413,2,4,0,18,0,2,0,0,0,0,1,1,6,1,33,6,125,1,6,-1,-1,-1
201501LX51415,1,9,0,11,0,8,0,0,0,0,2,1,6,2,28,6,1799,1,8,-1,1,-1
201501LX51415,2,9,0,10,0,8,0,0,0,0,2,1,2,1,63,9,1596,1,4,-1,1,-1
201501LX51415,3,9,0,18,0,8,0,0,0,0,1,1,6,1,21,5,1896,2,8,-1,1,-1
201501LX51417,1,9,0,18,0,0,0,4,1,2,1,1,6,2,27,6,1198,1,1,-1,1,-1
201501LX51417,2,9,0,2,0,0,0,10,1,2,2,1,6,2,-1,-1,1275,1,15,-1,1,-1
201501LX51418,1,9,0,4,0,8,0,0,0,0,2,1,6,1,31,6,1797,8,5,-1,1,-1
201501LX51418,2,9,0,4,0,8,0,0,0,0,2,1,6,1,31,6,1797,8,4,-1,1,-1
201501LX51418,3,9,0,18,0,8,0,0,0,0,1,1,6,1,35,6,1797,8,4,-1,1,-1
201501LX51419,1,9,0,18,0,0,0,0,0,0,1,1,6,3,-1,-1,-1,-1,-1,-1,-1,-1
201501LX51420,1,9,0,18,0,8,0,0,0,0,4,1,6,1,48,8,-1,-1,-1,-1,1,-1
201501LX51423,1,11,0,18,0,0,0,0,0,0,4,1,1,2,31,6,4500,2,-1,-1,1,-1
201501LX51424,1,9,0,18,0,8,0,0,0,0,3,1,6,1,55,8,2967,1,15,-1,1,-1
201501LX51424,2,9,0,9,0,8,0,0,0,0,1,1,6,1,-1,-1,-1,-1,-1,-1,-1,-1
201501LX51425,1,1,0,18,0,8,0,0,0,0,1,1,6,1,28,6,-1,-1,-1,-1,1,-1
201501LX51425,2,8,0,7,0,8,0,0,0,0,3,1,6,1,-1,-1,2499,2,4,-1,-1,-1
201501LX51426,1,9,0,18,0,8,0,0,0,0,4,1,6,1,-1,-1,-1,-1,-1,-1,-1,-1
201501LX51427,1,9,0,9,0,8,0,0,0,0,4,1,6,1,-1,-1,1997,2,2,-1,1,-1
201501LX51427,2,3,0,18,0,8,0,0,0,0,1,1,6,1,52,8,-1,-1,-1,-1,-1,-1
201501LX51428,1,9,0,4,0,0,0,0,0,0,2,1,6,1,28,6,-1,-1,-1,-1,1,-1
201501LX51428,2,9,0,18,0,0,0,0,0,0,1,1,6,1,40,7,2979,1,11,-1,1,-1
201501LX51431,1,9,0,7,0,8,0,0,0,0,0,1,3,1,52,8,2319,1,17,-1,1,-1
201501LX51431,2,3,0,15,0,8,0,0,0,0,0,1,6,1,35,6,124,1,13,-1,1,-1
201501LX51433,1,9,0,5,0,0,0,0,0,0,2,1,1,1,42,7,1797,8,5,-1,1,-1
201501LX51433,2,9,0,18,0,0,0,0,0,0,1,1,6,1,47,8,1298,2,10,-1,1,-1
201501LX51434,1,9,0,9,0,8,0,0,0,0,4,1,6,1,-1,-1,1242,1,10,-1,-1,-1
201501LX51434,2,3,0,18,0,8,0,0,0,0,3,1,6,1,-1,-1,124,1,4,-1,-1,-1
201501LX51435,1,11,0,4,0,1,0,0,0,0,0,1,1,2,59,9,6692,2,6,-1,1,-1
201501LX51437,1,3,0,18,0,1,0,4,0,0,1,1,6,1,41,7,-1,-1,-1,-1,1,-1
201501LX51437,2,9,0,2,0,1,0,0,0,0,1,1,6,1,36,7,1388,1,5,-1,1,-1
201501LX51441,1,9,0,18,0,8,0,0,0,0,4,1,2,1,25,5,1900,2,11,-1,1,-1
201501LX51441,2,11,0,12,2,8,0,0,0,0,3,1,1,3,-1,-1,-1,-1,-1,-1,-1,-1
201501LX51444,1,1,0,18,4,8,0,0,0,0,1,1,2,1,26,6,-1,-1,-1,-1,1,-1
201501LX51444,2,9,0,9,0,8,0,0,0,0,4,1,6,3,-1,-1,1368,1,-1,-1,-1,-1
201501LX51445,1,8,0,10,0,8,0,0,0,0,2,1,1,1,51,8,-1,-1,-1,-1,1,-1
201501LX51445,2,11,0,18,0,8,0,0,0,0,3,1,1,2,-1,-1,7300,2,10,-1,-1,-1
201501LX51446,1,5,0,9,0,8,0,0,0,0,3,1,6,1,50,8,1250,1,16,-1,1,-1
201501LX51447,1,11,0,4,0,1,0,0,0,0,0,1,1,1,36,7,4500,2,1,-1,1,-1
201501LX51449,1,1,0,18,2,1,0,8,0,0,1,1,6,1,36,7,-1,-1,-1,-1,1,-1
201501LX51449,2,9,0,2,2,1,0,0,0,0,3,1,6,2,-1,-1,-1,-1,-1,-1,-1,-1
201501LX51451,1,9,0,18,0,8,0,0,0,0,4,1,1,1,45,7,1598,2,3,-1,-1,-1
201501LX51451,2,8,0,18,0,8,0,0,0,0,1,1,1,1,41,7,-1,-1,-1,-1,1,-1
201501LX51452,1,9,0,18,0,0,0,4,0,0,4,1,6,2,-1,-1,2143,2,5,-1,1,-1
201501LX51452,2,9,0,2,0,0,0,0,0,0,3,1,6,1,-1,-1,-1,-1,-1,-1,-1,-1
201501LX51452,3,9,0,2,0,0,0,0,0,0,4,1,6,1,-1,-1,-1,-1,-1,-1,-1,-1
201501LX51455,1,2,0,14,0,1,0,8,0,0,1,1,1,1,26,6,108,1,7,-1,1,-1
201501LX51455,2,8,0,3,0,1,0,0,0,0,3,1,1,1,27,6,1798,8,4,-1,-1,-1
201501LX51457,1,3,0,14,0,0,0,0,0,0,1,1,1,1,29,6,108,1,4,-1,1,-1
201501LX51457,2,9,0,6,0,0,0,0,0,0,3,1,6,2,-1,-1,1398,1,4,-1,-1,-1
201501LX51459,1,5,0,18,0,0,0,0,0,0,1,1,6,1,53,8,-1,-1,-1,-1,1,-1
201501LX51459,2,1,0,18,0,0,0,0,0,0,2,1,6,1,47,8,-1,-1,-1,-1,1,-1
201501LX51460,1,1,0,18,0,8,0,0,0,0,4,1,6,1,41,7,-1,-1,-1,-1,1,-1
201501LX51460,2,9,0,18,0,8,0,0,0,0,1,1,6,1,-1,-1,-1,-1,-1,-1,-1,-1
201501LX51462,1,1,0,18,0,8,0,0,0,0,1,1,6,1,26,6,-1,-1,-1,-1,1,-1
201501LX51462,2,9,0,7,0,8,0,0,0,0,4,1,6,1,-1,-1,1997,2,1,-1,-1,-1
201501LX51464,1,11,0,18,0,0,0,0,0,0,1,1,1,1,38,7,3900,2,12,-1,-1,-1
201501LX51465,1,9,0,18,0,8,0,0,0,0,4,1,6,1,-1,-1,-1,-1,-1,-1,-1,-1
201501LX51467,1,9,0,7,0,8,0,0,0,0,4,1,6,1,35,6,-1,-1,-1,-1,-1,-1
201501LX51467,2,1,0,15,0,8,0,0,0,0,1,1,6,1,48,8,-1,-1,-1,-1,-1,-1
201501LX51472,1,3,0,18,0,8,0,0,0,0,3,1,6,1,25,5,108,1,5,-1,1,-1
201501LX51473,1,9,0,18,0,8,0,0,0,0,4,1,6,2,27,6,1796,1,12,-1,1,-1
201501LX51478,1,9,0,18,0,0,0,0,0,0,4,1,6,1,-1,-1,1598,1,15,-1,-1,-1
201501LX51485,1,9,0,5,0,1,0,0,0,0,1,1,2,1,28,6,2993,2,8,-1,1,-1
201501LX51485,2,9,0,3,0,1,0,0,0,0,2,1,6,1,45,7,3246,1,12,-1,1,-1
201501LX51487,1,9,0,9,0,8,0,0,0,0,0,1,6,1,47,8,1988,1,14,-1,-1,-1
201501LX51487,2,3,0,18,0,8,0,0,0,0,0,1,6,1,18,4,-1,-1,-1,-1,1,-1
201501LX59003,1,1,0,7,0,8,0,0,0,0,3,1,6,2,-1,-1,-1,-1,-1,-1,1,-1
201501LX59003,2,9,0,7,0,8,0,0,0,0,4,1,6,2,-1,-1,1149,1,5,-1,-1,-1
201501LX59004,1,9,0,7,0,8,0,0,0,0,3,1,6,1,22,5,1596,1,4,-1,1,-1
201501LX59004,2,9,0,11,0,8,0,0,0,0,4,1,6,1,-1,-1,1587,1,9,-1,-1,-1
201501LX59010,1,11,0,4,0,0,0,0,0,0,0,1,6,1,-1,-1,6700,2,7,-1,1,-1
201501LX59021,1,90,0,9,0,8,0,0,0,0,1,1,6,3,-1,-1,-1,-1,-1,-1,-1,-1
201501LX59028,1,9,0,7,0,8,0,0,0,0,3,1,6,1,25,5,-1,-1,-1,-1,1,-1
201501LX59028,2,9,0,11,0,8,0,0,0,0,4,1,6,1,53,8,1798,8,1,-1,1,-1
201501LX59029,1,3,0,18,0,0,0,0,0,0,1,1,6,1,28,6,-1,-1,-1,-1,1,-1
201501LX59042,1,9,0,18,0,2,0,0,0,0,4,1,6,2,-1,-1,1398,2,3,-1,-1,-1
201501LX59046,1,11,0,5,0,0,0,0,0,0,0,1,1,1,40,7,4500,2,3,-1,1,-1
201501LX59049,1,9,0,17,0,8,0,0,0,0,4,1,2,1,51,8,4293,1,13,-1,1,-1
201501LX59049,2,11,0,17,0,8,0,0,0,0,3,1,1,1,73,10,-1,-1,-1,-1,-1,-1
201501LX59052,1,2,0,4,0,1,0,0,0,0,2,1,6,1,23,5,124,1,13,-1,1,-1
201501LX59052,2,1,0,18,0,1,0,0,0,0,1,1,1,1,30,6,-1,-1,-1,-1,-1,-1
201501LX59100,1,9,0,3,0,2,0,0,0,0,3,1,6,2,35,6,2384,1,1,-1,1,-1
201501LX59100,2,9,0,18,0,1,0,0,0,0,1,1,2,1,50,8,-1,-1,-1,-1,-1,-1
201501MM70001,1,9,0,1,2,0,0,0,0,0,2,1,6,1,62,9,1910,2,7,-1,1,-1
201501MM70002,1,9,0,9,0,8,0,0,0,0,3,1,6,1,31,6,2393,1,10,-1,1,-1
201501MM70002,2,4,0,18,0,8,0,0,0,0,1,1,6,1,41,7,124,1,7,-1,1,-1
201501MM70003,1,9,0,7,0,8,0,0,0,0,3,1,6,1,44,7,1686,2,4,-1,1,-1
201501MM70003,2,9,0,18,0,8,0,0,0,0,1,1,6,1,48,8,1398,2,13,-1,1,-1
201501MM70008,1,9,0,18,0,8,0,0,0,0,3,1,6,1,27,6,999,1,5,-1,1,-1
201501MM70008,2,9,0,9,0,8,0,0,0,0,1,1,6,1,20,4,1198,1,12,-1,-1,-1
201501MM70014,1,1,0,18,0,2,0,0,0,0,1,1,6,2,24,5,-1,-1,-1,-1,1,-1
201501MM70016,1,9,0,18,0,1,0,0,0,0,1,1,6,1,24,5,2148,2,5,-1,1,-1
201501MM70017,1,5,0,18,0,1,0,0,0,0,1,1,6,1,54,8,748,1,5,-1,1,-1
201501MM70018,1,9,0,18,0,1,0,0,0,0,1,1,6,1,25,5,2143,2,1,-1,-1,-1
201501MM70019,1,2,0,18,0,1,0,0,0,0,3,1,1,1,25,5,-1,-1,-1,-1,-1,-1
201501MM70019,2,9,0,11,0,1,0,0,0,0,4,1,6,1,-1,-1,1686,2,7,-1,-1,-1
201501MM70020,1,11,0,4,0,1,0,0,0,0,0,1,1,1,50,8,-1,-1,-1,-1,1,-1
201501MM70021,1,9,0,18,0,2,0,0,0,0,1,1,6,1,30,6,1598,1,12,-1,1,-1
201501MM70023,1,11,0,4,0,1,0,0,0,0,0,1,1,1,50,8,4760,2,4,-1,1,-1
201501MM70025,1,90,0,5,0,2,0,0,0,0,1,1,1,1,53,8,6692,2,3,-1,1,-1
201501MM70025,2,1,0,5,0,2,0,0,0,0,2,1,6,1,61,9,-1,-1,-1,-1,1,-1
201501MM70026,1,9,0,9,0,8,0,0,0,0,3,1,6,2,24,5,1461,2,10,-1,1,-1
201501MM70026,2,3,0,18,0,8,0,0,0,0,1,1,6,1,28,6,102,1,8,-1,1,-1
201501MM70027,1,19,0,13,0,1,0,0,0,0,4,1,1,1,38,7,2982,2,3,-1,1,-1
201501MM70027,2,1,0,18,0,1,0,0,0,0,3,1,2,1,61,9,-1,-1,-1,-1,1,-1
201501MM70028,1,3,0,4,0,1,0,0,0,0,2,1,1,1,40,7,125,1,8,-1,-1,-1
201501MM70028,2,4,0,18,0,1,0,0,0,0,1,1,1,1,47,8,398,1,8,-1,1,-1
201501MM70029,1,9,0,7,0,8,0,0,0,0,3,1,6,3,-1,-1,-1,-1,-1,-1,-1,-1
201501MM70029,2,1,0,18,0,8,0,0,0,0,1,1,6,1,32,6,-1,-1,-1,-1,1,-1
201501MM70030,1,3,0,18,0,2,0,0,0,0,1,1,6,1,47,8,124,1,6,-1,1,-1
201501MM70031,1,9,0,4,0,1,0,0,0,0,1,1,6,1,22,5,1796,1,12,-1,1,-1
201501MM70031,2,9,0,4,0,1,0,0,0,0,2,1,6,1,-1,-1,1686,2,1,-1,-1,-1
201501MM70035,1,4,0,18,0,0,0,0,0,0,3,1,1,1,35,6,649,1,6,-1,-1,-1
201501MM70037,1,1,0,18,0,1,0,0,0,0,1,1,6,1,32,6,-1,-1,-1,-1,1,-1
201501MM70037,2,9,0,12,0,1,0,0,0,0,3,1,6,1,-1,-1,-1,-1,-1,-1,1,-1
201501MM70038,1,2,0,18,0,8,0,0,0,0,4,1,6,1,29,6,85,1,20,-1,1,-1
201501MM70038,2,90,0,9,0,8,0,0,0,0,1,1,1,1,46,8,2200,2,1,-1,1,-1
201501MM70039,1,9,0,3,0,1,0,0,0,0,4,1,6,1,25,5,1598,2,1,-1,1,-1
201501MM70040,1,9,0,3,0,8,0,0,0,0,2,1,2,1,47,8,2793,1,16,-1,1,-1
201501MM70040,2,11,0,18,0,8,0,0,0,0,1,2,1,1,-1,-1,-1,-1,-1,-1,-1,-1
201501MM70042,1,19,0,4,0,8,0,0,0,0,1,1,1,1,51,8,2143,2,3,-1,1,-1
201501MM70042,2,5,0,3,0,8,0,0,0,0,2,1,6,1,47,8,1002,1,26,-1,1,-1
201501MM70043,1,9,0,7,0,5,0,0,0,0,4,1,6,2,64,9,1360,1,16,-1,1,-1
201501MM70043,2,3,0,18,2,1,0,0,0,0,3,1,6,1,17,4,125,1,1,-1,1,-1
201501MM70044,1,1,0,17,0,8,0,0,0,0,4,1,6,2,25,5,-1,-1,-1,-1,1,-1
201501MM70044,2,19,0,18,0,8,0,0,0,0,1,1,6,3,-1,-1,-1,-1,-1,-1,-1,-1
201501MM70046,1,1,0,18,0,8,0,0,0,0,1,1,6,1,27,6,-1,-1,-1,-1,1,-1
201501MM70046,2,19,0,7,0,8,0,0,0,0,3,1,6,1,-1,-1,-1,-1,-1,-1,-1,-1
201501MM70048,1,3,0,18,0,1,0,0,0,0,1,1,6,2,25,5,125,1,1,-1,-1,-1
201501MM70049,1,9,0,3,0,1,0,0,0,0,2,1,6,1,52,8,1797,8,5,-1,1,-1
201501MM70049,2,9,0,4,0,1,0,0,0,0,1,1,6,1,-1,-1,998,1,10,-1,-1,-1
201501MM70050,1,1,0,18,0,0,0,0,0,0,0,1,6,1,32,6,-1,-1,-1,-1,1,-1
201501MM70051,1,11,0,2,0,1,0,0,0,0,2,1,1,1,22,5,8268,2,9,-1,1,-1
201501MM70051,2,2,0,18,0,1,0,0,0,0,1,1,6,1,32,6,124,1,3,-1,1,-1
201501MM70052,1,9,0,18,0,1,0,0,0,0,3,1,6,2,25,5,1242,1,9,-1,1,-1
201501MM70052,2,19,0,11,0,1,0,0,0,0,4,1,6,1,-1,-1,2198,2,3,-1,-1,-1
201501MM70053,1,19,0,18,0,1,0,0,0,0,1,1,6,1,-1,-1,-1,-1,-1,-1,-1,-1
201501MM70054,1,1,0,18,0,8,0,0,0,0,1,1,6,1,34,6,-1,-1,-1,-1,-1,-1
201501MM70054,2,9,0,9,0,8,0,0,0,0,4,1,6,2,-1,-1,1149,1,7,-1,1,-1
201501MM70055,1,9,0,18,0,8,0,0,0,0,1,1,6,1,41,7,-1,-1,-1,-1,-1,-1
201501MM70055,2,8,0,18,0,8,0,0,0,0,4,1,1,1,70,10,2499,2,3,-1,1,-1
201501MM70056,1,3,0,18,0,1,0,0,0,0,1,1,6,1,-1,-1,-1,-1,-1,-1,-1,-1
201501MM70057,1,9,0,5,0,1,0,0,0,0,1,1,1,1,46,8,2979,1,14,-1,1,-1
201501MM70057,2,1,0,5,0,1,0,0,0,0,2,1,6,1,45,7,-1,-1,-1,-1,1,-1
201501MM70058,1,9,0,4,0,1,0,0,0,0,2,1,6,1,22,5,-1,-1,-1,-1,1,-1
201501MM70058,2,9,0,4,0,1,0,0,0,0,1,1,6,3,-1,-1,1761,1,17,-1,-1,-1
201501MM70060,1,9,0,18,0,8,0,0,0,0,1,1,6,1,27,6,-1,-1,-1,-1,1,-1
201501MM70060,2,9,0,9,0,8,0,0,0,0,4,1,6,1,24,5,1598,2,-1,-1,1,-1
201501MM70061,1,9,0,9,0,8,0,0,0,0,4,1,6,2,49,8,2231,2,2,-1,1,-1
201501MM70061,2,1,0,18,0,8,0,0,0,0,1,1,6,1,32,6,-1,-1,-1,-1,1,-1
201501MM70063,1,9,0,3,0,1,0,0,0,0,2,1,1,1,48,8,1769,1,11,-1,1,-1
201501MM70063,2,9,0,18,0,1,0,0,0,0,1,1,6,2,-1,-1,-1,-1,-1,-1,-1,-1
201501MM70067,1,9,0,3,0,1,0,0,0,0,4,1,6,1,26,6,1339,1,13,-1,1,-1
201501MM70067,2,9,0,12,0,1,0,0,0,0,3,1,6,1,-1,-1,1364,1,8,-1,-1,-1