Accident_Index,Vehicle_Reference,Vehicle_Type,Towing_and_Articulation,Vehicle_Manoeuvre,Vehicle_Location-Restricted_Lane,Junction_Location,Skidding_and_Overturning,Hit_Object_in_Carriageway,Vehicle_Leaving_Carriageway,Hit_Object_off_Carriageway,1st_Point_of_Impact,Was_Vehicle_Left_Hand_Drive?,Journey_Purpose_of_Driver,Sex_of_Driver,Age_of_Driver,Age_Band_of_Driver,Engine_Capacity_(CC),Propulsion_Code,Age_of_Vehicle,Driver_IMD_Decile,Driver_Home_Area_Type,Vehicle_IMD_Decile
201501MM70068,1,9,0,9,0,8,0,0,0,0,1,1,2,2,57,9,1995,2,1,-1,1,-1
201501MM70068,2,1,0,18,0,8,0,0,0,0,4,1,2,2,32,6,-1,-1,-1,-1,-1,-1
201501MM70069,1,1,0,18,0,0,0,0,0,0,4,1,6,1,21,5,-1,-1,-1,-1,1,-1
201501MM70070,1,11,0,18,0,1,0,0,0,0,0,1,1,1,45,7,4500,2,1,-1,-1,-1
201501MM70073,1,9,0,9,0,8,0,0,0,0,4,1,6,1,49,8,1997,2,13,-1,1,-1
201501MM70073,2,1,0,9,0,8,0,0,0,0,3,1,6,1,29,6,-1,-1,-1,-1,1,-1
201501MM70074,1,9,0,9,0,8,0,0,0,0,3,1,6,1,30,6,1598,1,8,-1,1,-1
201501MM70074,2,9,0,18,0,8,0,0,0,0,1,1,6,1,-1,-1,1998,1,15,-1,-1,-1
201501MM70077,1,5,0,17,0,8,0,0,0,0,1,1,2,1,35,6,1100,1,18,-1,1,-1
201501MM70079,1,9,0,18,0,1,0,0,0,0,2,1,6,1,51,8,1766,1,30,-1,1,-1
201501MM70079,2,19,0,18,0,1,0,0,0,0,1,1,1,1,24,5,2198,2,5,-1,1,-1
201501MM70080,1,1,0,18,0,1,0,0,0,0,1,1,6,1,39,7,-1,-1,-1,-1,1,-1
201501MM70080,2,11,0,18,0,1,0,0,0,0,3,1,6,3,-1,-1,-1,-1,-1,-1,-1,-1
201501MM70085,1,3,0,8,0,1,0,0,0,0,2,1,6,1,23,5,125,1,13,-1,1,-1
201501MM70085,2,9,0,7,0,1,0,0,0,0,1,1,6,1,46,8,1392,1,16,-1,1,-1
201501MM70087,1,3,0,9,0,8,0,0,0,0,1,1,6,1,25,5,-1,-1,-1,-1,-1,-1
201501MM70087,2,3,0,18,0,8,0,0,0,0,1,1,6,1,19,4,-1,-1,-1,-1,-1,-1
201501MM70088,1,9,0,9,0,8,0,0,0,0,1,1,6,1,56,9,1596,1,14,-1,1,-1
201501MM70089,1,8,0,18,0,8,0,0,0,0,1,1,1,1,42,7,1797,8,4,-1,1,-1
201501MM70089,2,9,0,9,0,8,0,0,0,0,4,1,6,2,46,8,1242,1,4,-1,2,-1
201501MM70090,1,4,0,5,0,1,0,0,0,0,2,1,1,1,50,8,107,1,2,-1,-1,-1
201501MM70090,2,9,0,5,0,1,0,0,0,0,1,1,1,1,60,9,-1,-1,-1,-1,1,-1
201501MM70091,1,9,0,3,0,0,0,0,0,0,2,1,6,1,37,7,1598,1,5,-1,1,-1
201501MM70091,2,9,0,18,0,0,0,0,0,0,1,1,6,3,-1,-1,-1,-1,-1,-1,-1,-1
201501MM70092,1,9,0,9,0,8,0,0,0,0,4,1,3,1,39,7,-1,-1,-1,-1,1,-1
201501MM70092,2,21,0,18,0,8,0,0,0,0,1,1,1,1,39,7,-1,-1,-1,-1,2,-1
201501MM70093,1,1,0,18,0,8,0,0,0,0,1,1,6,1,47,8,-1,-1,-1,-1,1,-1
201501MM70093,2,19,0,7,0,8,0,0,0,0,4,1,6,1,-1,-1,-1,-1,-1,-1,-1,-1
201501MM70094,1,2,0,18,0,8,0,0,0,0,1,1,6,2,36,7,125,1,10,-1,1,-1
201501MM70094,2,19,0,7,0,8,0,0,0,0,3,1,6,3,-1,-1,-1,-1,-1,-1,-1,-1
201501MM70095,1,3,0,13,0,8,0,0,0,0,4,1,2,1,47,8,125,1,4,-1,1,-1
201501MM70095,2,9,0,9,0,8,0,0,0,0,3,1,1,1,-1,-1,2231,2,7,-1,-1,-1
201501MM70096,1,8,0,18,9,2,0,10,1,2,1,1,1,1,53,8,-1,-1,-1,-1,1,-1
201501MM70097,1,9,0,6,0,1,0,0,0,0,3,1,6,1,36,7,2000,1,16,-1,1,-1
201501MM70097,2,3,0,18,0,1,0,0,0,0,1,1,6,2,46,8,124,1,11,-1,1,-1
201501MM70098,1,1,0,18,0,8,0,0,0,0,4,1,6,2,37,7,-1,-1,-1,-1,-1,-1
201501MM70098,2,9,0,1,0,8,0,0,0,0,2,1,6,1,-1,-1,-1,-1,-1,-1,1,-1
201501MM70099,1,9,0,3,0,1,0,0,0,0,2,1,6,2,37,7,-1,-1,-1,-1,1,-1
201501MM70099,2,9,0,7,0,1,0,0,0,0,1,1,6,1,-1,-1,2393,1,16,-1,-1,-1
201501MM70100,1,9,0,3,0,1,0,0,0,0,2,1,6,1,55,8,999,1,14,-1,-1,-1
201501MM70100,2,19,0,18,0,1,0,0,0,0,1,1,6,1,-1,-1,1995,2,2,-1,-1,-1
201501MM70100,3,9,0,3,0,1,0,0,0,0,2,1,6,1,-1,-1,1998,2,6,-1,-1,-1
201501MM70102,1,19,0,18,0,1,0,0,0,0,3,1,1,1,33,6,2299,2,1,-1,2,-1
201501MM70103,1,1,0,18,0,0,0,0,0,0,0,1,6,2,27,6,-1,-1,-1,-1,1,-1
201501MM70103,2,19,0,18,0,0,0,0,0,0,0,1,6,3,-1,-1,1587,1,5,-1,-1,-1
201501MM70104,1,1,0,17,0,0,0,0,0,0,0,1,6,1,31,6,-1,-1,-1,-1,1,-1
201501MM70106,1,1,0,18,0,1,0,0,0,0,0,1,6,1,34,6,-1,-1,-1,-1,-1,-1
201501MM70108,1,1,0,3,0,1,0,0,0,0,1,1,2,1,30,6,-1,-1,-1,-1,1,-1
201501MM70108,2,90,0,1,0,1,0,0,0,0,2,1,1,2,-1,-1,-1,-1,-1,-1,-1,-1
201501MM70109,1,4,0,13,0,2,0,0,0,0,0,1,6,1,26,6,-1,-1,-1,-1,1,-1
201501MM70110,1,1,0,18,0,1,0,0,0,0,1,1,6,1,-1,-1,-1,-1,-1,-1,-1,-1
201501MM70112,1,9,0,18,9,0,0,10,1,10,1,1,6,1,42,7,-1,-1,-1,-1,1,-1
201501MM70113,1,8,0,2,0,2,0,0,0,0,2,1,1,1,46,8,1997,2,2,-1,1,-1
201501MM70113,2,9,0,18,0,2,0,4,0,0,1,1,6,1,77,11,-1,-1,-1,-1,1,-1
201501MM70114,1,1,0,18,0,2,0,0,0,0,3,1,6,1,37,7,-1,-1,-1,-1,1,-1
201501MM70114,2,9,0,13,0,2,0,0,0,0,4,1,6,3,-1,-1,-1,-1,-1,-1,-1,-1
201501MM70115,1,9,0,17,0,2,5,7,2,7,3,1,6,2,25,5,1598,1,4,-1,1,-1
201501MM70116,1,9,0,18,0,1,0,0,0,0,1,1,6,2,64,9,1796,2,1,-1,1,-1
201501MM70117,1,9,0,18,0,0,5,4,0,0,1,1,6,1,-1,-1,1197,1,3,-1,-1,-1
201501MM70117,2,9,0,2,0,0,0,0,0,0,2,1,6,3,-1,-1,-1,-1,-1,-1,-1,-1
201501MM70118,1,9,0,18,0,1,0,0,0,0,1,1,6,1,70,10,-1,-1,-1,-1,-1,-1
201501MM70119,1,21,0,9,0,8,0,0,0,0,4,1,1,1,45,7,12740,2,4,-1,1,-1
201501MM70119,2,3,0,18,0,8,0,0,0,0,1,1,6,1,43,7,125,1,9,-1,-1,-1
201501MM70120,1,5,0,4,0,1,0,0,0,0,1,1,6,1,31,6,1157,1,9,-1,1,-1
201501MM70120,2,9,0,4,0,1,0,0,0,0,2,1,6,1,21,5,1596,1,9,-1,-1,-1
201501MM70121,1,1,0,18,0,8,0,0,0,0,3,1,6,2,32,6,-1,-1,-1,-1,1,-1
201501MM70121,2,9,0,11,0,8,0,0,0,0,4,1,6,1,-1,-1,-1,-1,-1,-1,-1,-1
201501MM70122,1,9,0,3,0,0,0,0,0,0,2,1,6,1,49,8,1499,1,6,-1,1,-1
201501MM70122,2,9,0,18,0,0,0,0,0,0,1,1,6,3,-1,-1,-1,-1,-1,-1,-1,-1
201501MM70124,1,9,0,5,0,0,0,0,0,0,3,1,6,2,28,6,1329,1,2,-1,1,-1
201501MM70124,2,3,0,18,0,0,0,0,0,0,4,1,1,1,25,5,124,1,8,-1,-1,-1
201501MM70125,1,3,0,18,0,2,0,0,0,0,1,1,6,3,-1,-1,-1,-1,-1,-1,-1,-1
201501MM70126,1,9,0,4,0,1,0,0,0,0,1,1,6,1,29,6,-1,-1,-1,-1,-1,-1
201501MM70126,2,9,0,4,0,1,0,0,0,0,2,1,6,1,38,7,2993,2,9,-1,1,-1
201501MM70127,1,9,0,15,0,8,0,0,0,0,1,1,6,1,21,5,2143,2,1,-1,1,-1
201501MM70127,2,9,0,9,0,8,0,0,0,0,1,1,6,2,33,6,1598,1,10,-1,1,-1
201501MM70128,1,4,0,18,0,8,0,0,0,0,1,1,6,1,25,5,124,1,11,-1,1,-1
201501MM70128,2,9,0,9,0,8,0,0,0,0,4,1,6,1,31,6,2393,1,11,-1,1,-1
201501MM70129,1,9,0,18,0,8,0,0,0,0,1,1,6,1,30,6,-1,-1,-1,-1,1,-1
201501MM70129,2,9,0,18,0,8,0,0,0,0,2,1,6,1,23,5,1598,1,9,-1,1,-1
201501MM70131,1,3,0,5,0,1,0,0,0,0,1,1,6,1,43,7,124,1,1,-1,1,-1
201501MM70133,1,9,0,3,0,0,0,0,0,0,2,1,6,2,27,6,698,1,10,-1,1,-1
201501MM70133,2,9,0,3,0,0,0,0,0,0,2,1,6,1,45,7,1997,2,9,-1,1,-1
201501MM70133,3,9,0,18,0,0,0,0,0,0,1,1,6,2,18,4,1995,2,5,-1,1,-1
201501MM70135,1,19,0,18,0,1,0,0,0,0,2,1,1,1,37,7,1996,2,1,-1,1,-1
201501MM70135,2,90,0,18,0,1,0,0,0,0,1,1,1,1,23,5,2148,2,6,-1,1,-1
201501MM70136,1,1,0,15,0,8,0,0,0,0,3,1,6,1,24,5,-1,-1,-1,-1,1,-1
201501MM70136,2,19,0,7,0,8,0,0,0,0,4,1,6,1,25,5,-1,-1,-1,-1,1,-1
201501MM70137,1,9,0,18,0,2,0,0,0,0,1,1,6,1,35,6,1956,2,4,-1,1,-1
201501MM70137,2,9,0,3,0,2,0,0,0,0,2,1,6,1,25,5,1590,1,14,-1,1,-1
201501MM70137,3,9,0,3,0,2,0,0,0,0,2,1,6,3,-1,-1,998,1,12,-1,-1,-1
201501MM70139,1,5,0,15,0,1,0,0,0,0,1,1,6,1,29,6,600,1,16,-1,2,-1
201501MM70140,1,1,0,18,0,8,0,0,0,0,1,1,6,1,54,8,-1,-1,-1,-1,1,-1
201501MM70140,2,9,0,9,0,8,0,0,0,0,4,1,6,1,72,10,-1,-1,-1,-1,-1,-1
201501MM70141,1,9,0,4,0,1,0,0,0,0,2,1,1,1,52,8,2143,2,6,-1,1,-1
201501MM70141,2,9,0,4,0,1,0,0,0,0,1,1,6,3,-1,-1,-1,-1,-1,-1,-1,-1
201501MM70142,1,8,0,18,0,8,0,0,0,0,3,1,1,1,24,5,1797,8,4,-1,1,-1
201501MM70142,2,9,0,7,0,8,0,0,0,0,1,1,6,1,62,9,1396,1,16,-1,-1,-1
201501MM70147,1,21,0,13,0,0,0,0,0,0,0,1,6,1,35,6,-1,-1,-1,-1,-1,-1
201501MM70147,2,1,0,18,0,0,0,0,0,0,0,1,6,2,25,5,-1,-1,-1,-1,1,-1
201501MM70148,1,1,0,9,0,8,0,0,0,0,1,1,6,1,28,6,-1,-1,-1,-1,1,-1
201501MM70148,2,9,0,18,0,8,0,0,0,0,1,1,6,1,-1,-1,1339,1,8,-1,-1,-1
201501MM70149,1,21,0,16,0,8,0,0,0,0,4,1,1,1,60,9,10518,2,4,-1,1,-1
201501MM70149,2,1,0,16,0,8,0,0,0,0,3,1,6,2,32,6,-1,-1,-1,-1,1,-1
201501MM70150,1,1,0,10,0,8,0,0,0,0,1,1,6,2,28,6,-1,-1,-1,-1,1,-1
201501MM70150,2,9,0,9,0,8,0,0,0,0,1,1,6,3,-1,-1,-1,-1,-1,-1,-1,-1
201501MM70152,1,8,0,7,0,8,0,0,0,0,3,1,1,1,59,9,1896,2,7,-1,1,-1
201501MM70152,2,2,0,18,0,8,0,0,0,0,1,1,1,1,21,5,109,1,1,-1,1,-1
201501MM70154,1,1,0,18,0,8,0,0,0,0,1,1,6,1,50,8,-1,-1,-1,-1,1,-1
201501MM70154,2,9,0,7,0,8,0,0,0,0,3,1,6,3,-1,-1,1598,1,1,-1,-1,-1
201501MM70156,1,3,0,18,0,1,0,0,0,0,1,1,6,1,22,5,108,1,1,-1,1,-1
201501MM70157,1,9,0,18,0,2,0,0,0,0,1,1,6,1,44,7,1984,1,4,-1,1,-1
201501MM70157,2,9,0,3,0,2,0,0,0,0,2,1,6,1,52,8,-1,-1,-1,-1,1,-1
201501MM70163,1,3,0,13,0,8,0,0,0,0,4,1,6,1,35,6,124,1,2,-1,1,-1
201501MM70163,2,9,0,9,0,8,0,0,0,0,3,1,6,2,37,7,-1,-1,-1,-1,1,-1
201501MM70164,1,9,0,18,0,1,0,0,0,0,1,1,6,1,20,4,2143,2,3,-1,1,-1
201501MM70165,1,9,0,18,0,0,0,0,0,0,1,1,6,1,35,6,-1,-1,-1,-1,1,-1
201501MM70165,2,19,0,2,0,0,0,0,0,0,2,1,6,3,-1,-1,2402,2,6,-1,-1,-1
201501MM70166,1,9,0,7,0,8,0,0,0,0,3,1,6,1,68,10,1895,1,16,-1,1,-1
201501MM70166,2,1,0,18,0,8,0,0,0,0,1,1,6,1,53,8,-1,-1,-1,-1,1,-1
201501MM70168,1,9,0,18,0,8,0,0,0,0,1,1,6,1,71,10,2457,1,16,-1,1,-1
201501MM70168,2,9,0,18,0,8,0,0,0,0,4,1,6,1,39,7,-1,-1,-1,-1,1,-1
201501MM70170,1,8,0,9,0,8,0,0,0,0,3,1,1,1,53,8,2499,2,3,-1,1,-1
201501MM70170,2,1,0,18,0,8,0,0,0,0,1,1,6,1,25,5,-1,-1,-1,-1,1,-1
201501MM70172,1,9,0,3,0,0,0,0,0,0,2,1,6,1,47,8,1796,1,13,-1,1,-1
201501MM70172,2,9,0,3,0,0,0,0,0,0,2,1,6,2,50,8,1587,1,13,-1,1,-1
201501MM70172,3,9,0,18,0,0,0,0,0,0,1,1,6,2,21,5,875,1,4,-1,1,-1
201501MM70173,1,20,1,7,0,8,0,0,0,0,4,1,1,1,53,8,11705,2,8,-1,1,-1
201501MM70173,2,1,0,18,0,8,0,0,0,0,1,1,6,2,51,8,-1,-1,-1,-1,1,-1
201501MM70174,1,1,0,18,0,8,0,0,0,0,1,1,6,1,32,6,-1,-1,-1,-1,1,-1
201501MM70174,2,9,0,7,0,8,0,0,0,0,3,1,6,3,-1,-1,1149,1,12,-1,-1,-1
201501MM70175,1,9,0,18,0,2,0,0,0,0,4,1,6,1,35,6,1299,1,10,-1,1,-1
201501MM70177,1,9,0,18,0,2,0,0,0,0,4,1,6,1,38,7,2979,1,12,-1,1,-1
201501MM70178,1,9,0,18,0,0,0,0,0,0,1,1,6,1,35,6,2967,2,7,-1,1,-1
201501MM70178,2,9,0,13,0,0,0,0,0,0,1,1,6,3,-1,-1,998,1,3,-1,-1,-1
201501MM70178,3,9,0,18,0,0,0,0,0,0,3,1,6,2,45,7,-1,-1,-1,-1,1,-1
201501MM70180,1,9,0,18,0,1,0,0,0,0,1,1,6,1,36,7,1341,1,12,-1,1,-1
201501MM70181,1,1,0,18,0,8,0,0,0,0,1,1,6,2,38,7,-1,-1,-1,-1,1,-1
201501MM70181,2,9,0,7,0,8,0,0,0,0,3,1,6,3,-1,-1,-1,-1,-1,-1,-1,-1
201501MM70182,1,17,0,18,0,1,0,0,0,0,1,1,1,1,53,8,2049,2,5,-1,3,-1
201501MM70182,2,11,0,4,0,1,0,0,0,0,2,1,1,1,41,7,9360,2,6,-1,1,-1
201501MM70183,1,9,0,7,0,5,0,0,0,0,4,1,1,1,49,8,1796,1,14,-1,1,-1
201501MM70183,2,1,0,18,0,1,0,0,0,0,3,1,2,1,49,8,-1,-1,-1,-1,1,-1
201501MM70184,1,11,0,17,0,8,0,0,0,0,0,1,1,1,61,9,9360,2,4,-1,1,-1
201501MM70185,1,4,0,3,0,8,0,0,0,0,2,1,6,1,38,7,850,1,18,-1,1,-1
201501MM70185,2,21,0,18,0,8,0,0,0,0,1,1,1,1,-1,-1,-1,-1,-1,-1,-1,-1
201501MM70187,1,9,0,18,0,8,0,0,0,0,1,1,1,1,-1,-1,1587,1,10,-1,-1,-1
201501MM70187,2,1,0,17,0,8,0,0,0,0,4,1,2,1,41,7,-1,-1,-1,-1,1,-1
201501MM70188,1,3,0,18,0,8,0,0,0,0,1,1,2,1,19,4,125,1,1,-1,1,-1
201501MM70188,2,1,0,17,0,8,0,0,0,0,3,1,2,2,35,6,-1,-1,-1,-1,1,-1
201501MM70189,1,9,0,18,0,8,0,0,0,0,1,1,6,2,65,9,1997,2,2,-1,1,-1
201501MM70189,2,9,0,9,0,8,0,0,0,0,4,1,6,1,51,8,2548,1,-1,-1,1,-1
201501MM70190,1,9,0,4,0,0,0,0,0,0,2,1,6,2,28,6,1598,1,9,-1,1,-1
201501MM70190,2,9,0,18,0,0,0,0,0,0,1,1,6,1,45,7,-1,-1,-1,-1,1,-1
201501MM70191,1,1,0,3,0,1,0,0,0,0,3,1,2,1,34,6,-1,-1,-1,-1,1,-1
201501MM70191,2,9,0,14,0,1,0,0,0,0,4,1,6,3,-1,-1,1596,1,7,-1,-1,-1
201501MM70192,1,9,0,18,0,1,0,0,0,0,1,1,6,2,30,6,1299,1,8,-1,1,-1
201501MM70192,2,1,0,4,0,1,0,0,0,0,2,1,6,1,22,5,-1,-1,-1,-1,1,-1
201501MM70196,1,9,0,9,0,8,0,0,0,0,3,1,6,2,55,8,1796,1,10,-1,1,-1
201501MM70196,2,1,0,18,0,8,0,0,0,0,1,1,6,1,42,7,-1,-1,-1,-1,1,-1
201501MM70197,1,11,0,5,0,0,0,0,0,0,0,1,1,1,54,8,7300,2,12,-1,1,-1
201501MM70198,1,9,0,18,0,1,0,0,0,0,1,1,6,2,34,6,1598,1,12,-1,1,-1
201501MM70200,1,1,0,18,0,1,0,0,0,0,1,1,6,1,36,7,-1,-1,-1,-1,1,-1
201501MM70201,1,5,0,18,0,1,0,0,0,0,1,1,6,1,26,6,645,1,10,-1,1,-1
201501MM70202,1,9,0,9,0,8,0,0,0,0,4,1,6,1,49,8,1590,1,15,-1,1,-1
201501MM70202,2,3,0,18,0,8,0,0,0,0,1,1,1,1,26,6,125,1,11,-1,1,-1
201501MM70203,1,9,0,7,0,8,0,0,0,0,2,1,6,1,37,7,1242,1,13,-1,1,-1
201501MM70203,2,1,0,18,0,8,0,0,0,0,1,1,6,2,32,6,-1,-1,-1,-1,1,-1
201501MM70204,1,1,0,18,0,1,0,0,0,0,3,1,6,1,49,8,-1,-1,-1,-1,1,-1
201501MM70204,2,9,0,7,0,5,0,0,0,0,4,1,6,1,-1,-1,1968,2,5,-1,-1,-1
201501MM70205,1,9,0,11,0,1,0,0,0,0,4,1,1,2,42,7,1242,1,2,-1,1,-1
201501MM70205,2,1,0,18,0,1,0,0,0,0,1,1,6,1,42,7,-1,-1,-1,-1,1,-1
201501MM70206,1,3,0,4,0,0,0,0,0,0,2,1,6,2,46,8,125,1,1,-1,1,-1
201501MM70206,2,19,0,4,0,0,0,0,0,0,1,1,6,1,51,8,3920,2,8,-1,3,-1
201501MM70207,1,1,0,18,0,8,0,0,0,0,1,1,6,1,28,6,-1,-1,-1,-1,1,-1
201501MM70207,2,9,0,7,0,8,0,0,0,0,4,1,6,2,47,8,1596,1,14,-1,-1,-1
201501MM70208,1,9,0,7,0,8,0,0,0,0,1,1,6,1,-1,-1,-1,-1,-1,-1,-1,-1
201501MM70209,1,1,0,18,0,1,0,0,0,0,2,1,6,1,-1,-1,-1,-1,-1,-1,1,-1
201501MM70209,2,9,0,13,0,1,0,0,0,0,1,1,6,3,-1,-1,-1,-1,-1,-1,-1,-1
201501MM70210,1,3,0,13,0,8,0,0,0,0,1,1,6,1,23,5,125,1,5,-1,1,-1
201501MM70210,2,9,0,9,0,8,0,0,0,0,3,1,6,3,-1,-1,-1,-1,-1,-1,-1,-1
201501MM70211,1,9,0,17,0,8,0,0,0,0,1,1,6,1,38,7,-1,-1,-1,-1,1,-1
201501MM70211,2,9,0,18,0,8,0,0,0,0,3,1,6,3,-1,-1,-1,-1,-1,-1,-1,-1
201501MM70212,1,9,0,18,0,1,0,0,0,0,1,1,6,1,54,8,2497,1,8,-1,1,-1
201501MM70213,1,9,0,3,0,1,0,0,0,0,2,1,6,2,39,7,-1,-1,-1,-1,-1,-1
201501MM70213,2,9,0,5,0,1,0,0,0,0,1,1,6,2,63,9,2460,2,10,-1,1,-1
201501MM70214,1,9,0,18,0,8,0,0,0,0,4,1,6,2,-1,-1,1595,1,6,-1,-1,-1
201501MM70215,1,11,0,5,0,8,0,0,0,0,0,1,6,1,41,7,7300,2,12,-1,1,-1
201501MM70216,1,20,0,7,0,8,0,0,0,0,4,1,1,1,55,8,-1,-1,-1,-1,1,-1
201501MM70216,2,1,0,18,0,8,0,0,0,0,1,1,6,2,23,5,-1,-1,-1,-1,1,-1
201501MM70217,1,9,0,18,0,8,0,0,0,0,1,1,6,1,45,7,1598,1,4,-1,1,-1
201501MM70217,2,5,0,4,0,8,0,0,0,0,2,1,6,2,23,5,-1,-1,-1,-1,1,-1
201501MM70219,1,9,0,2,0,0,0,0,0,0,3,1,6,1,54,8,-1,-1,-1,-1,1,-1
201501MM70219,2,1,0,18,0,0,0,0,0,0,1,1,6,1,-1,-1,-1,-1,-1,-1,-1,-1
201501MM70220,1,19,0,18,0,2,0,0,0,0,1,1,6,1,28,6,2143,2,5,-1,1,-1
201501MM70226,1,11,0,18,0,1,0,0,0,0,0,1,1,1,30,6,4500,2,1,-1,1,-1
201501MM70227,1,9,0,18,0,8,0,0,0,0,1,1,6,1,-1,-1,-1,-1,-1,-1,-1,-1
201501MM70228,1,9,0,9,0,8,0,0,0,0,4,1,6,2,41,7,1368,1,7,-1,1,-1
201501MM70228,2,3,0,18,0,8,0,0,0,0,1,1,6,1,35,6,803,1,4,-1,1,-1
201501MM70229,1,4,0,18,0,0,0,0,0,0,1,1,6,1,51,8,599,1,16,-1,1,-1
201501MM70229,2,9,0,9,0,0,0,0,0,0,4,1,6,2,54,8,875,1,4,-1,1,-1
201501MM70230,1,9,0,2,0,8,0,0,0,0,3,1,6,1,40,7,-1,-1,-1,-1,1,-1
201501MM70230,2,1,0,18,0,8,0,0,0,0,1,1,6,1,21,5,-1,-1,-1,-1,1,-1
201501MM70231,1,9,0,18,0,8,0,0,0,0,4,1,6,1,21,5,1596,1,10,-1,1,-1
201501MM70233,1,9,0,7,0,8,0,0,0,0,4,1,6,1,31,6,-1,-1,-1,-1,1,-1
201501MM70233,2,1,0,18,0,8,0,0,0,0,1,1,6,2,30,6,-1,-1,-1,-1,1,-1
201501MM70235,1,2,0,3,0,8,0,0,0,0,1,1,6,2,44,7,244,1,8,-1,1,-1
201501MM70235,2,9,0,1,0,8,0,0,0,0,2,1,6,1,-1,-1,-1,-1,-1,-1,-1,-1
201501MM70236,1,1,0,18,0,8,0,0,0,0,1,1,6,1,-1,-1,-1,-1,-1,-1,1,-1
201501MM70236,2,9,0,9,0,8,0,0,0,0,4,1,6,1,-1,-1,-1,-1,-1,-1,-1,-1
201501MM70237,1,1,0,17,0,8,0,0,0,0,1,1,6,1,41,7,-1,-1,-1,-1,1,-1
201501MM70237,2,9,0,7,0,8,0,0,0,0,3,1,6,1,-1,-1,-1,-1,-1,-1,-1,-1
201501MM70238,1,9,0,9,0,8,0,0,0,0,4,1,6,2,33,6,1685,2,1,-1,1,-1
201501MM70238,2,1,0,18,0,8,0,0,0,0,1,1,6,1,-1,-1,-1,-1,-1,-1,1,-1
201501MM70239,1,1,0,18,0,8,0,0,0,0,1,1,6,1,28,6,-1,-1,-1,-1,1,-1
201501MM70239,2,9,0,9,0,8,0,0,0,0,4,1,6,1,-1,-1,-1,-1,-1,-1,-1,-1
201501MM70240,1,5,0,18,0,8,0,0,0,0,1,1,6,1,38,7,-1,-1,-1,-1,1,-1
201501MM70240,2,9,0,9,0,8,0,0,0,0,1,1,6,1,-1,-1,1360,1,9,-1,-1,-1
201501MM70243,1,9,0,15,0,8,0,0,0,0,4,1,6,1,53,8,-1,-1,-1,-1,1,-1
201501MM70243,2,1,0,18,0,8,0,0,0,0,3,1,6,2,23,5,-1,-1,-1,-1,1,-1
201501MM70244,1,3,0,18,0,8,0,0,0,0,1,1,6,1,23,5,-1,-1,-1,-1,-1,-1
201501MM70244,2,9,0,6,0,8,0,0,0,0,3,1,6,1,-1,-1,2148,2,7,-1,1,-1
201501MM70245,1,1,0,18,0,8,0,0,0,0,1,1,6,1,42,7,-1,-1,-1,-1,1,-1
201501MM70245,2,9,0,9,0,8,0,0,0,0,4,1,6,3,-1,-1,-1,-1,-1,-1,-1,-1
201501MM70247,1,9,0,3,0,0,0,0,0,0,2,1,6,1,35,6,1797,8,5,-1,1,-1
201501MM70247,2,9,0,18,0,0,0,0,0,0,1,1,6,1,-1,-1,1910,2,8,-1,1,-1
201501MM70249,1,1,0,18,0,8,0,0,0,0,1,1,6,2,27,6,-1,-1,-1,-1,1,-1
201501MM70249,2,9,0,7,0,8,0,0,0,0,4,1,6,2,46,8,1299,1,10,-1,1,-1
201501MM70251,1,9,0,3,0,2,0,0,0,0,1,1,6,1,30,6,1596,1,7,-1,1,-1
201501MM70251,2,9,0,3,0,2,0,0,0,0,1,1,6,1,-1,-1,-1,-1,-1,-1,-1,-1
201501MM70251,3,9,0,18,0,1,0,0,0,0,1,1,6,1,24,5,998,1,1,-1,1,-1
201501MM70253,1,11,0,4,0,0,0,0,0,0,0,1,1,2,25,5,7300,2,12,-1,1,-1
201501MM70255,1,9,0,7,0,8,0,0,0,0,3,1,6,1,29,6,1596,1,11,-1,1,-1
201501MM70255,2,9,0,18,0,8,0,0,0,0,1,1,6,1,34,6,2720,2,7,-1,1,-1
201501MM70256,1,9,0,18,0,8,0,0,0,0,1,1,6,1,66,10,1596,1,11,-1,1,-1
201501MM70263,1,9,0,9,0,8,0,0,0,0,4,1,6,1,67,10,1968,2,5,-1,3,-1
201501MM70263,2,9,0,18,0,8,0,0,0,0,1,1,6,1,53,8,-1,-1,-1,-1,1,-1
201501MM70266,1,1,0,18,0,8,0,0,0,0,1,1,6,1,-1,-1,-1,-1,-1,-1,-1,-1
201501MM70266,2,9,0,7,0,8,0,0,0,0,4,1,6,1,-1,-1,-1,-1,-1,-1,-1,-1
201501MM70267,1,1,0,18,0,8,0,0,0,0,1,1,6,2,24,5,-1,-1,-1,-1,1,-1
201501MM70267,2,9,0,7,0,8,0,0,0,0,3,1,6,1,29,6,1248,2,9,-1,1,-1
201501MM70268,1,9,0,5,0,8,0,0,0,0,1,1,6,1,-1,-1,1390,1,15,-1,-1,-1
201501MM70268,2,4,0,3,0,8,0,0,0,0,2,1,6,1,31,6,-1,-1,-1,-1,1,-1
201501MM70269,1,9,0,18,0,8,0,0,0,0,1,1,6,1,52,8,2902,2,13,-1,1,-1
201501MM70269,2,11,0,9,0,8,0,0,0,0,4,1,6,1,42,7,8300,2,9,-1,1,-1
201501MM70270,1,1,0,18,0,8,0,0,0,0,3,1,6,1,31,6,-1,-1,-1,-1,1,-1
201501MM70270,2,9,0,13,0,8,0,0,0,0,4,1,6,2,28,6,1390,1,8,-1,1,-1
201501MM70271,1,5,0,18,0,1,0,0,0,0,1,1,1,1,33,6,670,1,2,-1,1,-1
201501MM70272,1,9,0,18,0,1,0,0,0,0,1,1,6,3,-1,-1,-1,-1,-1,-1,-1,-1
201501MM70273,1,9,0,7,0,8,0,0,0,0,3,1,6,2,29,6,1596,1,14,-1,-1,-1
201501MM70273,2,3,0,18,0,8,0,0,0,0,1,1,6,1,39,7,125,1,1,-1,1,-1
201501MM70274,1,3,0,18,0,8,0,0,0,0,1,1,1,1,22,5,108,1,4,-1,-1,-1
201501MM70274,2,9,0,9,0,8,0,0,0,0,3,1,6,1,-1,-1,1598,2,5,-1,-1,-1