Accident_Index,Vehicle_Reference,Vehicle_Type,Towing_and_Articulation,Vehicle_Manoeuvre,Vehicle_Location-Restricted_Lane,Junction_Location,Skidding_and_Overturning,Hit_Object_in_Carriageway,Vehicle_Leaving_Carriageway,Hit_Object_off_Carriageway,1st_Point_of_Impact,Was_Vehicle_Left_Hand_Drive?,Journey_Purpose_of_Driver,Sex_of_Driver,Age_of_Driver,Age_Band_of_Driver,Engine_Capacity_(CC),Propulsion_Code,Age_of_Vehicle,Driver_IMD_Decile,Driver_Home_Area_Type,Vehicle_IMD_Decile
201501MM70275,1,1,0,18,0,8,0,0,0,0,1,1,6,2,38,7,-1,-1,-1,-1,1,-1
201501MM70275,2,9,0,7,0,8,0,0,0,0,4,1,6,3,-1,-1,5998,1,3,-1,-1,-1
201501MM70276,1,9,0,9,0,8,0,0,0,0,3,1,6,2,37,7,1596,1,10,-1,1,-1
201501MM70276,2,1,0,13,0,8,0,0,0,0,1,1,6,1,40,7,-1,-1,-1,-1,1,-1
201501MM70278,1,17,4,18,0,1,0,0,0,0,1,1,1,1,32,6,-1,-1,-1,-1,1,-1
201501MM70279,1,9,0,7,0,8,0,0,0,0,4,1,6,2,26,6,1598,1,7,-1,-1,-1
201501MM70279,2,1,0,18,0,8,0,0,0,0,1,1,6,1,29,6,-1,-1,-1,-1,1,-1
201501MM70280,1,9,0,2,0,1,0,0,0,0,3,1,6,1,45,7,989,1,16,-1,1,-1
201501MM70280,2,1,0,14,0,1,0,8,0,0,1,1,6,1,52,8,-1,-1,-1,-1,1,-1
201501MM70281,1,11,0,4,0,1,0,0,0,0,0,1,1,1,47,8,7300,2,12,-1,1,-1
201501MM70282,1,9,0,3,0,1,0,0,0,0,2,1,6,1,28,6,1995,1,9,-1,1,-1
201501MM70282,2,9,0,4,0,1,0,0,0,0,1,1,6,3,-1,-1,1796,1,13,-1,-1,-1
201501MM70283,1,9,0,18,0,2,0,0,0,0,1,1,6,1,25,5,-1,-1,-1,-1,1,-1
201501MM70283,2,20,0,18,0,1,0,0,0,0,1,1,1,1,34,6,2958,2,7,-1,3,-1
201501MM70285,1,9,0,3,0,1,0,0,0,0,2,1,6,2,48,8,1598,1,12,-1,1,-1
201501MM70285,2,9,0,4,0,1,0,0,0,0,1,1,6,2,-1,-1,1995,1,4,-1,-1,-1
201501MM70286,1,2,0,18,0,1,0,0,0,0,1,1,6,1,24,5,124,1,12,-1,-1,-1
201501MM70287,1,9,0,4,0,8,0,0,0,0,1,1,1,1,34,6,1686,2,3,-1,1,-1
201501MM70287,2,9,0,4,0,8,0,0,0,0,2,1,6,1,56,9,1994,2,13,-1,-1,-1
201501MM70288,1,1,0,18,0,1,0,0,0,0,1,1,6,3,-1,-1,-1,-1,-1,-1,-1,-1
201501MM70289,1,1,0,18,0,8,0,0,0,0,1,1,6,1,25,5,-1,-1,-1,-1,1,-1
201501MM70289,2,9,0,18,0,8,0,0,0,0,3,1,6,1,-1,-1,-1,-1,-1,-1,-1,-1
201501MM70290,1,9,0,18,0,8,0,0,0,0,1,1,6,2,35,6,1388,1,12,-1,1,-1
201501MM70290,2,9,0,7,0,8,0,0,0,0,3,1,6,1,-1,-1,-1,-1,-1,-1,-1,-1
201501MM70292,1,11,0,18,0,8,0,0,0,0,3,1,1,1,35,6,7300,2,13,-1,-1,-1
201501MM70292,2,3,0,7,0,8,0,0,0,0,1,1,6,1,-1,-1,-1,-1,-1,-1,-1,-1
201501MM70293,1,4,0,15,0,8,0,0,0,0,1,1,6,1,43,7,124,1,4,-1,1,-1
201501MM70293,2,8,0,7,0,8,0,0,0,0,4,1,1,1,43,7,1910,2,8,-1,1,-1
201501MM70294,1,5,0,18,0,8,0,0,0,0,1,1,6,1,38,7,1050,1,6,-1,1,-1
201501MM70294,2,9,0,9,0,8,0,0,0,0,4,1,6,1,61,9,-1,-1,-1,-1,1,-1
201501MM70295,1,9,0,3,0,1,0,0,0,0,2,1,6,1,26,6,1596,1,9,-1,1,-1
201501MM70295,2,9,0,3,0,1,0,0,0,0,2,1,6,1,23,5,-1,-1,-1,-1,1,-1
201501MM70295,3,9,0,4,0,1,0,0,0,0,1,1,6,3,-1,-1,2995,1,10,-1,-1,-1
201501MM70296,1,4,0,18,0,8,0,0,0,0,1,1,6,1,19,4,125,1,9,-1,1,-1
201501MM70296,2,9,0,7,0,8,0,0,0,0,3,1,1,2,22,5,-1,-1,-1,-1,1,-1
201501MM70297,1,1,0,18,0,8,0,0,0,0,1,1,6,1,44,7,-1,-1,-1,-1,1,-1
201501MM70297,2,9,0,7,0,8,0,0,0,0,3,1,6,1,26,6,1388,1,7,-1,-1,-1
201501MM70299,1,9,0,18,0,1,0,0,0,0,1,1,1,1,45,7,2143,12,1,-1,1,-1
201501MM70300,1,9,0,9,0,8,0,0,0,0,4,1,1,1,30,6,-1,-1,-1,-1,1,-1
201501MM70300,2,3,0,18,0,8,0,0,0,0,1,1,6,1,31,6,125,1,2,-1,1,-1
201501MM70301,1,1,0,17,0,8,0,0,0,0,1,1,6,1,25,5,-1,-1,-1,-1,1,-1
201501MM70301,2,9,0,7,0,8,0,0,0,0,2,1,6,1,-1,-1,-1,-1,-1,-1,-1,-1
201501MM70303,1,9,0,7,0,8,0,0,0,0,3,1,6,2,43,7,1598,1,15,-1,1,-1
201501MM70303,2,1,0,18,0,8,0,0,0,0,1,1,6,1,52,8,-1,-1,-1,-1,-1,-1
201501MM70304,1,19,0,9,0,8,0,0,0,0,4,1,1,1,35,6,-1,-1,-1,-1,-1,-1
201501MM70304,2,2,0,18,0,8,0,0,0,0,1,1,6,1,-1,-1,-1,-1,-1,-1,1,-1
201501MM70305,1,9,0,4,0,1,0,0,0,0,1,1,6,1,21,5,1896,2,7,-1,1,-1
201501MM70305,2,9,0,3,0,1,0,0,0,0,2,1,6,1,52,8,1780,1,33,-1,-1,-1
201501MM70305,3,9,0,3,0,1,0,0,0,0,2,1,6,2,43,7,1598,1,15,-1,-1,-1
201501MM70307,1,9,0,18,0,2,0,0,0,0,1,1,6,1,31,6,1461,2,3,-1,1,-1
201501MM70309,1,1,0,18,0,1,0,0,0,0,1,1,6,1,24,5,-1,-1,-1,-1,-1,-1
201501MM70309,2,11,0,11,0,1,0,0,0,0,2,1,6,1,-1,-1,3900,2,9,-1,1,-1
201501MM70310,1,3,0,18,0,2,0,0,0,0,1,1,6,1,33,6,125,1,7,-1,1,-1
201501MM70313,1,9,0,3,0,8,0,0,0,0,2,1,6,2,28,6,1339,1,4,-1,1,-1
201501MM70313,2,19,0,4,0,8,0,0,0,0,1,1,1,1,30,6,2151,2,12,-1,1,-1
201501MM70314,1,9,0,18,0,8,0,0,0,0,1,1,6,1,52,8,973,1,12,-1,1,-1
201501MM70314,2,9,0,7,0,8,0,0,0,0,3,1,6,1,-1,-1,2993,2,2,-1,-1,-1
201501MM70316,1,3,0,18,0,1,0,0,0,0,1,1,1,1,32,6,125,1,3,-1,1,-1
201501MM70317,1,1,0,18,0,8,0,0,0,0,1,1,6,2,30,6,-1,-1,-1,-1,1,-1
201501MM70317,2,9,0,7,0,8,0,0,0,0,4,1,6,1,-1,-1,1198,1,1,-1,1,-1
201501MM70318,1,19,0,18,0,1,0,0,0,0,1,1,1,1,-1,-1,-1,-1,-1,-1,-1,-1
201501MM70318,2,9,0,2,0,1,0,4,0,0,2,1,6,3,-1,-1,1229,1,9,-1,-1,-1
201501MM70319,1,9,0,18,0,1,0,0,0,0,1,1,6,1,42,7,1997,2,4,-1,1,-1
201501MM70320,1,1,0,7,0,8,0,0,0,0,0,1,6,1,37,7,-1,-1,-1,-1,1,-1
201501MM70320,2,5,0,7,0,8,0,0,0,0,0,1,6,1,34,6,748,1,5,-1,1,-1
201501MM70320,3,11,0,3,0,8,0,0,0,0,2,1,1,3,-1,-1,-1,-1,-1,-1,-1,-1
201501MM70321,1,9,0,9,0,8,0,0,0,0,1,1,6,1,27,6,1390,1,14,-1,1,-1
201501MM70321,2,3,0,18,0,8,0,0,0,0,1,1,6,1,24,5,125,1,9,-1,1,-1
201501MM70323,1,9,0,18,0,1,0,4,0,0,1,1,6,2,45,7,1596,1,13,-1,1,-1
201501MM70323,2,9,0,2,0,1,0,0,0,0,3,1,6,2,44,7,2400,2,5,-1,1,-1
201501MM70324,1,9,0,18,0,2,0,0,0,0,4,1,6,2,47,8,1388,1,13,-1,1,-1
201501MM70324,2,19,0,12,0,2,0,0,0,0,3,1,1,1,32,6,2198,2,3,-1,-1,-1
201501MM70325,1,9,0,9,0,8,0,0,0,0,4,1,6,1,75,10,1796,1,11,-1,-1,-1
201501MM70325,2,1,0,18,0,8,0,0,0,0,1,1,6,2,35,6,-1,-1,-1,-1,1,-1
201501MM70326,1,5,0,9,0,8,0,0,0,0,4,1,6,1,22,5,649,1,6,-1,1,-1
201501MM70326,2,1,0,18,0,8,0,0,0,0,1,1,6,1,22,5,-1,-1,-1,-1,1,-1
201501MM70327,1,20,0,12,0,8,0,0,0,0,3,1,6,1,61,9,-1,-1,-1,-1,1,-1
201501MM70327,2,3,0,18,0,8,0,0,0,0,4,1,6,1,19,4,125,1,4,-1,1,-1
201501MM70328,1,9,0,18,0,8,0,0,0,0,4,1,6,1,30,6,1497,8,3,-1,-1,-1
201501MM70328,2,1,0,18,0,8,0,0,0,0,3,1,6,1,36,7,-1,-1,-1,-1,-1,-1
201501MM70329,1,9,0,2,0,8,0,0,0,0,3,1,6,1,28,6,1998,2,6,-1,1,-1
201501MM70329,2,3,0,18,0,8,0,0,0,0,1,1,6,1,23,5,124,1,9,-1,1,-1
201501MM70330,1,11,0,4,0,8,0,0,0,0,1,1,1,1,50,8,6700,2,6,-1,1,-1
201501MM70332,1,11,0,4,0,1,0,0,0,0,0,1,1,1,40,7,5132,2,1,-1,1,-1
201501MM70333,1,1,0,18,0,8,0,0,0,0,1,1,6,2,27,6,-1,-1,-1,-1,1,-1
201501MM70333,2,9,0,9,0,8,0,0,0,0,4,1,6,1,-1,-1,-1,-1,-1,-1,-1,-1
201501MM70334,1,8,0,18,0,1,0,0,0,0,1,1,1,1,34,6,1997,2,3,-1,1,-1
201501MM70335,1,5,0,18,0,8,0,0,0,0,1,1,6,1,26,6,1200,1,21,-1,1,-1
201501MM70335,2,9,0,7,0,8,0,0,0,0,4,1,6,2,39,7,1798,1,9,-1,2,-1
201501MM70338,1,3,0,18,0,1,0,0,0,0,1,1,6,1,22,5,-1,-1,-1,-1,1,-1
201501MM70340,1,1,0,4,0,0,0,0,0,0,1,1,6,1,33,6,-1,-1,-1,-1,-1,-1
201501MM70340,2,19,0,4,0,0,0,0,0,0,2,1,6,1,47,8,-1,-1,-1,-1,1,-1
201501MM70341,1,1,0,18,0,0,0,0,0,0,1,1,6,3,-1,-1,-1,-1,-1,-1,-1,-1
201501MM70342,1,3,0,18,0,8,0,0,0,0,1,1,6,1,22,5,125,1,-1,-1,1,-1
201501MM70342,2,9,0,9,0,8,0,0,0,0,4,1,6,1,37,7,1995,2,10,-1,1,-1
201501MM70343,1,1,0,14,0,1,0,8,0,0,1,1,6,1,37,7,-1,-1,-1,-1,1,-1
201501MM70343,2,9,0,2,0,1,0,0,0,0,3,1,6,1,36,7,2148,2,11,-1,1,-1
201501MM70344,1,19,0,18,0,1,0,0,0,0,1,1,6,3,-1,-1,-1,-1,-1,-1,-1,-1
201501MM70346,1,9,0,7,0,8,0,0,0,0,3,1,6,2,61,9,1596,1,3,-1,1,-1
201501MM70346,2,3,0,18,0,8,0,0,0,0,1,1,6,1,30,6,124,1,9,-1,1,-1
201501MM70347,1,9,0,5,0,1,0,0,0,0,1,1,6,1,46,8,-1,-1,-1,-1,1,-1
201501MM70347,2,1,0,5,0,1,0,0,0,0,2,1,6,2,29,6,-1,-1,-1,-1,1,-1
201501MM70348,1,1,0,7,0,8,0,0,0,0,3,1,6,2,34,6,-1,-1,-1,-1,1,-1
201501MM70348,2,9,0,7,0,8,0,0,0,0,4,1,6,3,-1,-1,1797,8,5,-1,-1,-1
201501MM70349,1,9,0,9,0,8,0,0,0,0,3,1,6,2,33,6,1598,1,4,-1,1,-1
201501MM70349,2,9,0,9,0,8,0,0,0,0,1,1,6,1,-1,-1,-1,-1,-1,-1,1,-1
201501MM70351,1,5,0,18,0,8,0,0,0,0,1,1,6,1,37,7,-1,-1,-1,-1,-1,-1
201501MM70352,1,9,0,9,0,8,0,0,0,0,3,1,6,1,54,8,1686,2,5,-1,1,-1
201501MM70352,2,3,0,18,0,8,0,0,0,0,1,1,6,1,25,5,125,1,4,-1,1,-1
201501MM70353,1,9,0,3,0,2,0,0,0,0,2,1,6,1,24,5,1229,1,1,-1,1,-1
201501MM70353,2,9,0,18,0,2,0,0,0,0,1,1,6,1,39,7,2979,1,14,-1,1,-1
201501MM70354,1,2,0,4,0,2,0,0,0,0,1,1,1,1,24,5,108,1,2,-1,-1,-1
201501MM70354,2,9,0,4,0,2,0,0,0,0,2,1,6,3,-1,-1,-1,-1,-1,-1,-1,-1
201501MM70356,1,9,0,18,0,8,0,0,0,0,3,1,6,2,32,6,1796,1,8,-1,1,-1
201501MM70356,2,9,0,17,0,8,0,0,0,0,1,1,1,1,35,6,1596,1,13,-1,1,-1
201501MM70357,1,8,0,9,0,8,0,0,0,0,4,1,1,1,70,10,2446,2,15,-1,1,-1
201501MM70357,2,5,0,18,0,8,0,0,0,0,1,1,6,1,49,8,656,1,4,-1,1,-1
201501MM70358,1,19,0,14,0,1,0,0,0,0,1,1,1,1,32,6,2198,2,6,-1,1,-1
201501MM70358,2,9,0,2,0,1,0,8,0,0,3,1,6,3,-1,-1,-1,-1,-1,-1,-1,-1
201501MM70359,1,3,0,18,0,2,0,0,0,0,1,1,6,3,-1,-1,-1,-1,-1,-1,-1,-1
201501MM70360,1,11,0,18,0,1,0,0,0,0,0,1,1,1,47,8,9360,2,4,-1,-1,-1
201501MM70360,2,9,0,11,0,1,0,0,0,0,0,1,6,3,-1,-1,1798,8,1,-1,-1,-1
201501MM70361,1,9,0,5,0,1,0,0,0,0,1,1,6,1,27,6,1388,1,5,-1,1,-1
201501MM70362,1,9,0,18,0,8,0,0,0,0,1,1,6,1,30,6,-1,-1,-1,-1,-1,-1
201501MM70362,2,19,0,18,0,8,0,0,0,0,4,1,1,2,56,9,-1,-1,-1,-1,1,-1
201501MM70363,1,9,0,18,0,8,0,0,0,0,1,1,6,1,43,7,1968,2,7,-1,1,-1
201501MM70363,2,9,0,18,0,8,0,0,0,0,4,1,6,3,-1,-1,899,1,1,-1,-1,-1
201501MM70364,1,19,0,7,0,8,0,0,0,0,4,1,6,1,-1,-1,-1,-1,-1,-1,-1,-1
201501MM70364,2,1,0,18,0,8,0,0,0,0,1,1,6,1,38,7,-1,-1,-1,-1,1,-1
201501MM70366,1,5,0,18,0,1,0,0,0,0,1,1,6,1,-1,-1,599,1,6,-1,1,-1
201501MM70367,1,9,0,18,0,8,0,4,0,0,1,1,6,1,53,8,1796,1,12,-1,1,-1
201501MM70367,2,9,0,2,0,8,0,0,0,0,2,1,6,1,30,6,-1,-1,-1,-1,-1,-1
201501MM70368,1,5,0,14,0,0,0,0,0,0,1,1,6,1,72,10,798,1,4,-1,1,-1
201501MM70369,1,9,0,9,0,8,0,0,0,0,1,1,6,2,26,6,998,1,10,-1,3,-1
201501MM70369,2,1,0,18,0,8,0,0,0,0,1,1,6,1,21,5,-1,-1,-1,-1,-1,-1
201501MM70370,1,8,0,18,0,0,0,0,0,0,1,1,1,1,61,9,2402,2,10,-1,1,-1
201501MM70371,1,9,0,18,0,8,0,0,0,0,1,1,6,1,26,6,-1,-1,-1,-1,1,-1
201501MM70371,2,19,0,7,0,8,0,0,0,0,3,1,6,1,-1,-1,-1,-1,-1,-1,-1,-1
201501MM70372,1,9,0,5,0,1,0,0,0,0,2,1,6,2,38,7,1596,1,2,-1,-1,-1
201501MM70372,2,9,0,3,0,1,0,0,0,0,1,1,6,2,-1,-1,-1,-1,-1,-1,-1,-1
201501MM70373,1,9,0,9,0,8,0,0,0,0,4,1,6,1,55,8,1596,1,4,-1,1,-1
201501MM70373,2,1,0,18,0,8,0,0,0,0,1,1,6,1,38,7,-1,-1,-1,-1,-1,-1
201501MM70374,1,9,0,3,0,1,0,0,0,0,3,1,6,1,59,9,1989,1,15,-1,1,-1
201501MM70374,2,11,0,18,0,1,0,0,0,0,1,1,1,1,59,9,-1,-1,-1,-1,1,-1
201501MM70374,3,11,0,3,0,1,0,0,0,0,2,1,1,1,47,8,-1,-1,-1,-1,1,-1
201501MM70374,4,9,0,3,0,1,0,0,0,0,2,1,1,1,48,8,1397,1,14,-1,1,-1
201501MM70375,1,11,0,7,0,8,0,0,0,0,4,1,6,1,64,9,-1,-1,-1,-1,1,-1
201501MM70375,2,1,0,7,0,8,0,0,0,0,3,1,6,1,15,3,-1,-1,-1,-1,1,-1
201501MM70376,1,8,0,3,0,1,0,0,0,0,3,1,1,1,42,7,2499,2,8,-1,1,-1
201501MM70376,2,1,0,14,0,1,0,8,0,0,1,1,6,1,24,5,-1,-1,-1,-1,-1,-1
201501MM70378,1,1,0,18,0,8,0,0,0,0,1,1,6,2,7,2,-1,-1,-1,-1,1,-1
201501MM70378,2,9,0,18,0,8,0,0,0,0,4,1,6,2,39,7,-1,-1,-1,-1,-1,-1
201501MM70379,1,8,0,18,0,1,0,0,0,0,1,1,6,1,54,8,1968,2,8,-1,1,-1
201501MM70380,1,9,0,9,0,8,0,0,0,0,4,1,1,1,31,6,-1,-1,-1,-1,1,-1
201501MM70380,2,4,0,18,0,8,0,0,0,0,1,1,6,2,35,6,600,1,11,-1,1,-1
201501MM70381,1,8,0,18,0,1,0,0,0,0,1,1,6,1,-1,-1,-1,-1,-1,-1,-1,-1
201501MM70382,1,9,0,2,0,1,0,0,0,0,2,1,6,1,47,8,1968,2,9,-1,1,-1
201501MM70382,2,19,0,18,0,1,0,0,0,0,1,1,6,3,-1,-1,-1,-1,-1,-1,-1,-1
201501MM70383,1,9,0,7,0,8,0,0,0,0,3,1,6,1,32,6,2148,2,11,-1,1,-1
201501MM70383,2,3,0,18,0,8,0,0,0,0,1,1,6,1,21,5,125,1,-1,-1,1,-1
201501MM70384,1,9,0,9,0,8,0,0,0,0,3,1,6,1,35,6,1124,1,16,-1,1,-1
201501MM70384,2,1,0,14,0,8,0,0,0,0,1,1,6,1,52,8,-1,-1,-1,-1,1,-1
201501MM70386,1,1,0,18,0,8,0,0,0,0,1,1,6,2,58,9,-1,-1,-1,-1,1,-1
201501MM70386,2,9,0,9,0,8,0,0,0,0,4,1,6,3,-1,-1,-1,-1,-1,-1,-1,-1
201501MM70387,1,9,0,7,0,8,0,0,0,0,3,1,6,2,60,9,1560,2,6,-1,1,-1
201501MM70387,2,3,0,18,0,8,0,0,0,0,1,1,6,1,36,7,124,1,9,-1,1,-1
201501MM70388,1,9,0,18,0,0,0,0,0,0,1,1,6,1,40,7,1997,2,4,-1,1,-1
201501MM70389,1,21,0,5,0,1,0,0,0,0,1,1,6,1,29,6,12809,2,2,-1,1,-1
201501MM70389,2,4,0,3,0,1,0,0,0,0,2,1,1,1,-1,-1,-1,-1,-1,-1,-1,-1
201501MM70390,1,9,0,10,0,8,0,0,0,0,2,1,6,1,22,5,1124,1,12,-1,1,-1
201501MM70390,2,9,0,18,0,8,0,0,0,0,1,1,6,3,-1,-1,-1,-1,-1,-1,-1,-1
201501MM70391,1,1,0,18,0,1,0,11,0,0,1,1,6,1,31,6,-1,-1,-1,-1,-1,-1
201501MM70393,1,9,0,9,0,8,0,10,0,0,1,1,6,1,-1,-1,-1,-1,-1,-1,-1,-1
201501MM70394,1,1,0,18,0,8,0,0,0,0,1,1,6,1,26,6,-1,-1,-1,-1,1,-1
201501MM70394,2,9,0,9,0,8,0,0,0,0,4,1,6,1,20,4,1398,2,7,-1,1,-1
201501MM70395,1,9,0,18,0,8,0,0,0,0,1,1,6,1,50,8,1598,1,8,-1,1,-1
201501MM70395,2,9,0,9,0,8,0,0,0,0,4,1,6,3,-1,-1,1398,1,5,-1,-1,-1
201501MM70396,1,9,0,13,0,1,0,0,0,0,4,1,1,1,52,8,-1,-1,-1,-1,1,-1
201501MM70396,2,1,0,18,0,1,0,0,0,0,3,1,6,1,32,6,-1,-1,-1,-1,1,-1
201501MM70399,1,3,0,18,0,0,0,0,0,0,1,1,6,1,33,6,108,1,2,-1,1,-1
201501MM70400,1,9,0,7,0,8,0,7,0,0,1,1,6,1,-1,-1,-1,-1,-1,-1,-1,-1
201501MM70401,1,9,0,18,0,8,0,0,0,0,4,1,6,2,41,7,1461,2,-1,-1,1,-1
201501MM70401,2,9,0,7,0,8,0,0,0,0,1,1,6,1,19,4,1995,1,5,-1,-1,-1
201501MM70403,1,1,0,18,0,8,0,0,0,0,1,1,6,2,32,6,-1,-1,-1,-1,-1,-1
201501MM70403,2,9,0,7,0,8,0,0,0,0,3,1,6,1,-1,-1,-1,-1,-1,-1,1,-1
201501MM70404,1,9,0,17,0,8,0,0,0,0,4,1,6,1,41,7,1798,1,4,-1,1,-1
201501MM70404,2,11,0,17,0,8,0,0,0,0,3,2,1,2,-1,-1,-1,-1,-1,-1,-1,-1
201501MM70405,1,1,0,18,0,1,0,0,0,0,2,1,6,2,25,5,-1,-1,-1,-1,1,-1
201501MM70405,2,19,0,18,0,1,0,0,0,0,1,1,6,3,-1,-1,-1,-1,-1,-1,-1,-1
201501MM70406,1,3,0,18,0,8,0,0,0,0,1,1,6,1,-1,-1,124,1,9,-1,-1,-1
201501MM70406,2,19,0,9,0,8,0,0,0,0,1,1,6,1,-1,-1,-1,-1,-1,-1,-1,-1
201501MM70407,1,9,0,7,0,8,0,0,0,0,3,1,6,1,17,4,1124,1,14,-1,1,-1
201501MM70407,2,1,0,18,0,8,0,0,0,0,1,1,6,2,42,7,-1,-1,-1,-1,1,-1
201501MM70408,1,9,0,3,0,1,0,0,0,0,2,1,6,1,35,6,-1,-1,-1,-1,1,-1
201501MM70408,2,9,0,18,0,1,0,0,0,0,1,1,6,1,-1,-1,2688,2,11,-1,-1,-1
201501MM70410,1,9,0,3,0,1,0,0,0,0,2,1,6,1,24,5,1995,1,10,-1,1,-1
201501MM70410,2,19,0,18,0,1,0,0,0,0,1,1,6,3,-1,-1,1560,2,-1,-1,-1,-1
201501MM70411,1,9,0,18,0,2,0,0,0,0,4,2,6,1,48,8,-1,-1,-1,-1,1,-1
201501MM70411,2,1,0,18,0,2,0,0,0,0,3,1,6,1,42,7,-1,-1,-1,-1,1,-1
201501MM70412,1,19,0,3,0,1,0,0,0,0,4,1,6,1,59,9,-1,-1,-1,-1,1,-1
201501MM70413,1,1,0,18,0,1,0,0,0,0,1,1,6,1,14,3,-1,-1,-1,-1,1,-1
201501MM70413,2,19,0,3,0,1,0,0,0,0,2,1,6,1,-1,-1,-1,-1,-1,-1,-1,-1
201501MM70414,1,5,0,18,0,1,0,0,0,0,1,1,6,1,26,6,1200,1,21,-1,1,-1
201501MM70415,1,9,0,7,0,8,0,0,0,0,3,1,6,1,26,6,1299,1,14,-1,1,-1
201501MM70415,2,1,0,18,0,8,0,0,0,0,1,1,6,1,-1,-1,-1,-1,-1,-1,1,-1
201501MM70417,1,1,0,3,0,1,0,0,0,0,3,1,6,1,55,8,-1,-1,-1,-1,-1,-1
201501MM70417,2,19,0,18,0,1,0,0,0,0,1,1,6,1,-1,-1,-1,-1,-1,-1,-1,-1
201501MM70418,1,11,0,4,0,1,0,0,0,0,0,1,1,1,51,8,6700,2,6,-1,1,-1
201501MM70419,1,19,0,18,0,0,0,0,0,0,1,1,6,1,49,8,2198,2,3,-1,1,-1
201501MM70420,1,9,0,9,0,8,0,0,0,0,3,1,6,1,28,6,2493,8,1,-1,1,-1
201501MM70420,2,3,0,14,0,8,0,0,0,0,1,1,6,2,41,7,-1,-1,-1,-1,1,-1
201501MM70421,1,9,0,9,0,8,0,0,0,0,0,1,6,1,40,7,-1,-1,-1,-1,1,-1
201501MM70421,2,1,0,18,0,8,0,0,0,0,0,1,6,2,28,6,-1,-1,-1,-1,1,-1
201501MM70422,1,1,0,18,0,2,0,0,0,0,1,1,6,1,-1,-1,-1,-1,-1,-1,-1,-1
201501MM70423,1,11,0,4,0,1,0,0,0,0,0,1,1,1,54,8,-1,-1,-1,-1,1,-1
201501MM70423,2,9,0,18,0,1,0,0,0,0,0,1,6,3,-1,-1,-1,-1,-1,-1,-1,-1
201501MM70424,1,19,0,18,0,1,0,0,0,0,3,1,6,1,36,7,2143,2,5,-1,1,-1
201501MM70424,2,3,0,18,0,2,0,0,0,0,4,1,6,1,17,4,-1,-1,-1,-1,1,-1
201501MM70424,3,9,0,2,0,2,0,0,0,0,3,1,6,3,-1,-1,-1,-1,-1,-1,-1,-1
201501MM70426,1,9,0,18,0,8,0,0,0,0,4,1,6,1,61,9,1598,1,5,-1,1,-1
201501MM70426,2,1,0,18,0,8,0,0,0,0,1,1,6,1,22,5,-1,-1,-1,-1,1,-1
201501MM70427,1,19,0,13,0,0,0,0,0,0,4,1,6,1,28,6,-1,-1,-1,-1,2,-1
201501MM70427,2,1,0,18,0,0,0,0,0,0,3,1,6,1,54,8,-1,-1,-1,-1,1,-1
201501MM70428,1,3,0,18,0,8,0,0,0,0,4,1,6,1,-1,-1,125,1,6,-1,-1,-1
201501MM70428,2,8,0,17,0,8,0,0,0,0,3,1,6,1,-1,-1,1995,2,9,-1,-1,-1
201501MM70429,1,9,0,18,0,2,0,0,0,0,1,1,6,1,58,9,3199,1,16,-1,1,-1
201501MM70429,2,9,0,4,0,2,0,0,0,0,2,1,6,2,54,8,2148,2,12,-1,1,-1
201501MM70430,1,9,0,9,0,8,0,0,0,0,1,1,6,2,57,9,1587,1,6,-1,1,-1
201501MM70430,2,3,0,18,0,8,0,0,0,0,1,1,6,1,64,9,85,1,13,-1,1,-1
201501MM70431,1,1,0,18,0,2,0,0,0,0,1,1,6,1,20,4,-1,-1,-1,-1,1,-1
201501MM70432,1,1,0,18,0,2,0,0,0,0,0,1,6,2,52,8,-1,-1,-1,-1,1,-1
201501MM70433,1,9,0,4,0,0,0,0,0,0,1,1,6,2,40,7,2688,2,12,-1,1,-1
201501MM70433,2,19,0,4,0,0,0,0,0,0,2,1,6,1,30,6,1598,2,1,-1,1,-1
201501MM70434,1,9,0,9,0,8,0,0,0,0,4,1,6,2,31,6,1339,1,12,-1,1,-1
201501MM70434,2,3,0,18,0,8,0,0,0,0,1,1,6,1,22,5,124,1,7,-1,1,-1
201501MM70437,1,9,0,7,0,8,0,0,0,0,1,1,6,1,18,4,1598,1,9,-1,1,-1
201501MM70437,2,1,0,18,0,8,0,0,0,0,4,1,6,1,30,6,-1,-1,-1,-1,1,-1
201501MM70438,1,9,0,18,0,1,0,0,0,0,3,1,6,1,-1,-1,1598,1,10,-1,1,-1
201501MM70438,2,1,0,18,0,1,0,0,0,0,1,1,6,2,32,6,-1,-1,-1,-1,1,-1
201501MM70440,1,1,0,18,0,2,0,0,0,0,4,1,6,1,33,6,-1,-1,-1,-1,1,-1
201501MM70440,2,1,0,18,0,2,0,0,0,0,3,1,6,1,-1,-1,-1,-1,-1,-1,-1,-1
201501MM70443,1,2,0,15,0,8,0,0,0,0,3,1,6,1,43,7,49,1,5,-1,1,-1
201501MM70443,2,9,0,7,0,8,0,0,0,0,4,1,6,1,-1,-1,-1,-1,-1,-1,-1,-1
201501MM70444,1,11,0,4,0,0,0,0,0,0,0,1,1,1,50,8,-1,-1,-1,-1,1,-1
201501MM70445,1,9,0,18,0,8,0,0,0,0,1,1,6,1,43,7,-1,-1,-1,-1,1,-1
201501MM70445,2,1,0,9,0,8,0,0,0,0,4,1,6,1,26,6,-1,-1,-1,-1,1,-1
201501MM70446,1,9,0,18,0,8,0,0,0,0,1,1,6,2,33,6,1329,1,2,-1,1,-1
201501MM70446,2,9,0,9,0,8,0,0,0,0,4,1,6,2,33,6,1364,1,10,-1,-1,-1
201501MM70447,1,9,0,18,0,0,0,0,0,0,1,1,1,1,52,8,1997,2,5,-1,1,-1
201501MM70448,1,19,0,7,0,2,0,0,0,0,3,1,6,1,69,10,2261,1,8,-1,1,-1
201501MM70449,1,1,0,14,0,1,0,8,0,0,1,1,6,1,35,6,-1,-1,-1,-1,1,-1
201501MM70449,2,8,0,2,0,1,0,0,0,0,3,1,1,1,56,9,1997,2,4,-1,1,-1
201501MM70450,1,1,0,3,0,1,0,0,0,0,2,1,6,1,-1,-1,-1,-1,-1,-1,1,-1