Accident_Index,Vehicle_Reference,Vehicle_Type,Towing_and_Articulation,Vehicle_Manoeuvre,Vehicle_Location-Restricted_Lane,Junction_Location,Skidding_and_Overturning,Hit_Object_in_Carriageway,Vehicle_Leaving_Carriageway,Hit_Object_off_Carriageway,1st_Point_of_Impact,Was_Vehicle_Left_Hand_Drive?,Journey_Purpose_of_Driver,Sex_of_Driver,Age_of_Driver,Age_Band_of_Driver,Engine_Capacity_(CC),Propulsion_Code,Age_of_Vehicle,Driver_IMD_Decile,Driver_Home_Area_Type,Vehicle_IMD_Decile
201501MM70450,2,9,0,18,0,1,0,0,0,0,1,1,6,1,51,8,2987,2,7,-1,-1,-1
201501MM70451,1,9,0,9,0,8,0,0,0,0,1,1,6,1,39,7,1497,8,11,-1,1,-1
201501MM70451,2,3,0,15,0,8,0,0,0,0,1,1,6,1,23,5,125,1,7,-1,1,-1
201501MM70452,1,1,0,18,0,1,0,8,0,0,1,1,6,2,30,6,-1,-1,-1,-1,1,-1
201501MM70452,2,9,0,2,0,1,0,0,0,0,3,1,6,1,63,9,1796,1,10,-1,1,-1
201501MM70454,1,19,0,18,0,1,0,0,0,0,1,1,1,1,22,5,1560,2,2,-1,1,-1
201501MM70455,1,9,0,9,0,8,0,0,0,0,4,1,6,1,22,5,1388,1,5,-1,2,-1
201501MM70455,2,1,0,18,0,8,0,0,0,0,1,1,6,1,56,9,-1,-1,-1,-1,1,-1
201501MM70457,1,2,0,18,0,8,0,0,0,0,1,1,6,1,57,9,553,1,25,-1,1,-1
201501MM70457,2,9,0,9,0,8,0,0,0,0,4,1,6,2,22,5,1390,1,14,-1,1,-1
201501MM70460,1,19,0,6,0,0,0,0,0,0,3,1,6,1,52,8,2198,2,1,-1,1,-1
201501MM70460,2,1,0,18,0,0,0,0,0,0,1,1,6,1,26,6,-1,-1,-1,-1,-1,-1
201501MM70462,1,9,0,7,0,8,0,0,0,0,4,1,6,1,35,6,-1,-1,-1,-1,1,-1
201501MM70462,2,3,0,18,0,8,0,0,0,0,3,1,6,1,21,5,124,1,-1,-1,1,-1
201501MM70463,1,11,0,3,0,0,0,0,0,0,0,1,1,1,58,9,7300,2,11,-1,1,-1
201501MM70467,1,1,0,18,0,1,0,0,0,0,1,1,6,1,22,5,-1,-1,-1,-1,-1,-1
201501MM70469,1,9,0,18,0,8,0,0,0,0,1,1,1,1,41,7,1968,2,3,-1,1,-1
201501MM70470,1,9,0,9,0,8,0,0,0,0,1,1,6,1,28,6,1388,1,10,-1,1,-1
201501MM70470,2,1,0,18,0,8,0,0,0,0,1,1,6,1,36,7,-1,-1,-1,-1,1,-1
201501MM70471,1,3,0,18,0,0,0,4,0,0,1,1,6,1,19,4,124,1,4,-1,1,-1
201501MM70471,2,19,0,2,0,0,0,0,0,0,2,1,6,1,32,6,1968,2,1,-1,1,-1
201501MM70472,1,8,0,17,0,2,0,0,0,0,4,1,6,1,74,10,2402,2,12,-1,-1,-1
201501MM70472,2,1,0,17,0,2,0,10,0,0,3,1,6,1,23,5,-1,-1,-1,-1,1,-1
201501MM70473,1,5,0,18,0,8,0,0,0,0,1,1,6,1,29,6,-1,-1,-1,-1,1,-1
201501MM70473,2,9,0,18,0,8,0,0,0,0,1,1,6,1,45,7,-1,-1,-1,-1,1,-1
201501MM70474,1,1,0,18,0,1,0,0,0,0,0,1,6,2,55,8,-1,-1,-1,-1,1,-1
201501MM70476,1,9,0,18,0,2,0,0,0,0,1,1,6,1,20,4,2496,2,10,-1,1,-1
201501MM70477,1,20,0,7,0,8,0,0,0,0,4,1,6,2,56,9,11946,2,6,-1,3,-1
201501MM70477,2,5,0,15,0,8,0,0,0,0,3,1,6,1,42,7,1137,1,13,-1,1,-1
201501MM70478,1,5,0,18,0,1,0,0,0,0,1,1,6,1,39,7,652,1,12,-1,1,-1
201501MM70480,1,3,0,18,0,0,0,0,0,0,1,1,6,1,26,6,-1,-1,-1,-1,1,-1
201501MM70481,1,1,0,7,0,2,0,0,0,0,1,1,6,1,42,7,-1,-1,-1,-1,-1,-1
201501MM70484,1,1,0,18,0,1,0,0,0,0,1,1,6,1,25,5,-1,-1,-1,-1,-1,-1
201501MM70484,2,19,0,3,0,1,0,0,0,0,4,1,6,3,-1,-1,-1,-1,-1,-1,-1,-1
201501MM70485,1,5,0,13,0,0,0,0,0,0,1,1,6,1,24,5,599,1,21,-1,1,-1
201501MM70485,2,9,0,6,0,0,0,0,0,0,3,1,6,2,-1,-1,-1,-1,-1,-1,-1,-1
201501MM70487,1,19,0,18,0,1,0,0,0,0,4,1,6,1,26,6,2143,2,3,-1,1,-1
201501MM70488,1,9,0,13,0,1,0,0,0,0,1,1,6,1,64,9,1299,1,15,-1,1,-1
201501MM70488,2,1,0,18,0,1,0,0,0,0,2,1,6,1,27,6,-1,-1,-1,-1,1,-1
201501MM70489,1,19,0,2,0,2,0,0,0,0,3,1,1,1,42,7,2198,2,3,-1,1,-1
201501MM70489,2,1,0,18,0,2,0,0,0,0,1,1,6,2,49,8,-1,-1,-1,-1,1,-1
201501MM70490,1,19,0,2,0,1,0,0,0,0,3,1,6,1,66,10,-1,-1,-1,-1,3,-1
201501MM70490,2,1,0,18,0,1,0,0,0,0,1,1,6,2,49,8,-1,-1,-1,-1,1,-1
201501MM70491,1,1,0,18,0,2,0,0,0,0,1,1,6,1,31,6,-1,-1,-1,-1,1,-1
201501MM70492,1,9,0,4,0,1,0,0,0,0,1,1,6,1,28,6,1598,1,6,-1,1,-1
201501MM70492,2,8,0,4,0,1,0,0,0,0,2,1,6,1,44,7,1997,2,4,-1,1,-1
201501MM70494,1,1,0,18,0,2,0,0,0,0,1,1,6,2,56,9,-1,-1,-1,-1,1,-1
201501MM70496,1,5,0,18,0,1,0,0,0,0,1,1,6,1,29,6,659,1,4,-1,1,-1
201501MM70497,1,9,0,3,0,1,0,0,0,0,2,1,6,2,-1,-1,-1,-1,-1,-1,-1,-1
201501MM70497,2,19,0,3,0,1,0,0,0,0,2,1,6,1,-1,-1,1753,2,12,-1,-1,-1
201501MM70497,3,8,0,18,0,1,0,0,0,0,1,1,6,1,-1,-1,-1,-1,-1,-1,-1,-1
201501MM70498,1,3,0,15,0,2,0,0,0,0,3,1,6,1,59,9,124,1,9,-1,1,-1
201501MM70498,2,1,0,18,0,2,0,0,0,0,4,1,6,1,29,6,-1,-1,-1,-1,1,-1
201501MM70499,1,9,0,18,0,0,1,10,7,10,1,1,6,1,61,9,1240,1,12,-1,1,-1
201501MM70500,1,9,0,18,0,8,0,0,0,0,3,1,6,2,48,8,1998,2,6,-1,1,-1
201501MM70500,2,19,0,11,0,8,0,0,0,0,4,1,1,1,27,6,2287,2,1,-1,1,-1
201501MM70501,1,9,0,3,0,2,0,0,0,0,2,1,6,1,43,7,1461,2,1,-1,1,-1
201501MM70501,2,9,0,18,0,2,0,0,0,0,1,1,6,3,-1,-1,1968,2,9,-1,-1,-1
201501MM70502,1,19,0,18,0,1,0,0,0,0,1,1,1,1,57,9,-1,-1,-1,-1,1,-1
201501MM70503,1,9,0,18,0,1,0,0,0,0,3,1,6,2,27,6,-1,-1,-1,-1,-1,-1
201501MM70503,2,9,0,9,0,2,0,0,0,0,3,1,6,1,-1,-1,1596,1,6,-1,-1,-1
201501MM70504,1,1,0,3,0,1,0,0,0,0,2,1,6,1,41,7,-1,-1,-1,-1,1,-1
201501MM70504,2,9,0,18,0,1,0,0,0,0,1,1,6,3,-1,-1,1490,1,9,-1,-1,-1
201501MM70505,1,9,0,18,0,1,0,0,0,0,3,1,6,1,50,8,2597,1,12,-1,1,-1
201501MM70506,1,3,0,18,0,8,0,0,0,0,3,1,6,1,29,6,125,1,1,-1,1,-1
201501MM70506,2,9,0,7,0,8,0,0,0,0,4,1,6,1,-1,-1,1240,1,10,-1,1,-1
201501MM70507,1,5,0,18,0,1,0,0,0,0,1,1,6,1,25,5,-1,-1,-1,-1,1,-1
201501MM70510,1,9,0,18,0,0,0,0,0,0,3,1,6,2,25,5,1364,1,6,-1,1,-1
201501MM70510,2,5,0,18,0,0,0,0,0,0,3,1,6,1,36,7,749,1,7,-1,1,-1
201501MM70510,3,11,0,18,0,0,0,0,0,0,3,1,6,1,45,7,-1,-1,-1,-1,1,-1
201501MM70511,1,9,0,3,0,8,0,0,0,0,2,1,6,1,33,6,998,1,19,-1,1,-1
201501MM70511,2,9,0,3,0,8,0,0,0,0,2,1,1,1,43,7,-1,-1,-1,-1,-1,-1
201501MM70511,3,19,0,4,0,8,0,0,0,0,1,1,1,1,38,7,1753,2,10,-1,3,-1
201501MM70513,1,9,0,5,0,1,0,0,0,0,2,1,6,1,-1,-1,2993,2,10,-1,1,-1
201501MM70513,2,9,0,5,0,1,0,0,0,0,1,1,6,1,-1,-1,2996,1,8,-1,-1,-1
201501MM70514,1,11,0,4,0,8,0,0,0,0,0,1,1,1,-1,-1,4500,2,-1,-1,1,-1
201501MM70515,1,1,0,18,0,1,0,10,0,0,1,1,6,2,29,6,-1,-1,-1,-1,-1,-1
201501MM70516,1,9,0,2,0,1,0,0,0,0,4,1,1,1,-1,-1,-1,-1,-1,-1,-1,-1
201501MM70516,2,1,0,18,0,1,0,4,0,0,1,1,6,1,18,4,-1,-1,-1,-1,1,-1
201501MM70517,1,1,0,18,0,1,0,0,0,0,1,1,6,3,-1,-1,-1,-1,-1,-1,-1,-1
201501MM70518,1,1,0,18,0,2,0,0,0,0,1,1,6,1,57,9,-1,-1,-1,-1,1,-1
201501MM70518,2,9,0,7,0,2,0,0,0,0,4,1,6,3,-1,-1,-1,-1,-1,-1,-1,-1
201501MM70519,1,8,0,18,0,1,0,0,0,0,3,1,1,1,31,6,1686,2,4,-1,1,-1
201501MM70519,2,9,0,11,0,1,0,0,0,0,4,1,6,3,-1,-1,-1,-1,-1,-1,-1,-1
201501MM70520,1,21,0,13,0,2,0,0,0,0,1,1,1,1,42,7,-1,-1,-1,-1,1,-1
201501MM70520,2,1,0,18,0,2,0,0,0,0,2,1,6,2,23,5,-1,-1,-1,-1,1,-1
201501MM70521,1,20,0,18,0,1,0,0,0,0,1,1,6,1,57,9,-1,-1,-1,-1,1,-1
201501MM70522,1,5,0,13,0,8,0,0,0,0,4,1,6,1,37,7,1000,1,-1,-1,1,-1
201501MM70522,2,9,0,9,0,8,0,0,0,0,3,1,6,1,57,9,1997,2,5,-1,1,-1
201501MM70524,1,9,0,10,0,1,0,0,0,0,2,1,6,1,47,8,1997,1,17,-1,1,-1
201501MM70524,2,9,0,7,0,1,0,0,0,0,1,1,6,1,-1,-1,-1,-1,-1,-1,-1,-1
201501MM70526,1,3,0,9,0,8,0,0,0,0,4,1,6,1,24,5,-1,-1,-1,-1,-1,-1
201501MM70526,2,3,0,18,0,8,0,0,0,0,1,1,6,1,47,8,124,1,5,-1,1,-1
201501MM70527,1,11,0,4,0,1,0,0,0,0,0,1,1,1,-1,-1,-1,-1,-1,-1,-1,-1
201501MM70529,1,1,0,18,0,2,0,0,0,0,1,1,6,1,-1,-1,-1,-1,-1,-1,-1,-1
201501MM70530,1,9,0,9,0,8,0,0,0,0,3,1,6,2,67,10,999,1,2,-1,1,-1
201501MM70530,2,1,0,18,0,8,0,0,0,0,1,1,6,1,50,8,-1,-1,-1,-1,-1,-1
201501MM70532,1,9,0,18,0,1,0,0,0,0,2,1,6,1,47,8,1769,1,10,-1,1,-1
201501MM70532,2,19,0,18,0,1,0,0,0,0,1,1,1,1,28,6,1248,2,2,-1,-1,-1
201501MM70533,1,19,0,18,0,0,0,0,0,0,1,1,1,1,52,8,2402,2,4,-1,1,-1
201501MM70533,2,1,0,18,0,0,0,0,0,0,2,1,6,1,43,7,-1,-1,-1,-1,1,-1
201501MM70540,1,8,0,3,0,1,0,0,0,0,2,1,1,1,55,8,2499,2,7,-1,3,-1
201501MM70540,2,8,0,5,0,1,0,0,0,0,1,1,1,1,41,7,1798,8,1,-1,1,-1
201501MM70542,1,9,0,1,0,0,0,0,0,0,2,1,6,1,47,8,1242,1,13,-1,-1,-1
201501MM70542,2,1,0,3,0,0,0,0,0,0,1,1,6,1,9,2,-1,-1,-1,-1,-1,-1
201501MM70543,1,9,0,1,0,0,0,0,0,0,2,1,6,1,24,5,1598,2,3,-1,1,-1
201501MM70544,1,9,0,18,0,1,0,0,0,0,1,1,6,3,-1,-1,1598,1,11,-1,-1,-1
201501MM70545,1,1,0,18,0,8,0,0,0,0,2,1,6,1,26,6,-1,-1,-1,-1,1,-1
201501MM70545,2,19,0,13,0,8,0,0,0,0,1,1,1,1,-1,-1,12777,2,3,-1,1,-1
201501MM70548,1,9,0,9,0,8,0,0,0,0,3,1,1,1,44,7,-1,-1,-1,-1,1,-1
201501MM70548,2,3,0,9,0,8,0,0,0,0,4,1,6,1,26,6,124,1,-1,-1,-1,-1
201501MM70549,1,5,0,18,0,8,0,0,0,0,1,1,6,1,63,9,1284,1,7,-1,3,-1
201501MM70550,1,9,0,18,0,2,0,0,0,0,1,1,6,3,-1,-1,-1,-1,-1,-1,-1,-1
201501MM70551,1,1,0,18,0,1,0,0,0,0,1,1,6,1,14,3,-1,-1,-1,-1,1,-1
201501MM70552,1,3,0,18,0,0,0,0,0,0,1,1,6,1,23,5,125,1,11,-1,-1,-1
201501MM70552,2,8,0,11,0,0,0,0,0,0,4,1,1,2,28,6,2499,2,4,-1,-1,-1
201501MM70554,1,8,0,7,0,8,0,0,0,0,3,1,1,1,40,7,1686,2,4,-1,-1,-1
201501MM70554,2,9,0,18,0,8,0,0,0,0,1,1,6,1,22,5,1596,1,10,-1,-1,-1
201501MM70556,1,3,0,13,0,1,0,0,0,0,3,1,6,2,22,5,125,1,8,-1,1,-1
201501MM70556,2,19,0,12,0,1,0,0,0,0,4,1,6,1,-1,-1,1248,2,8,-1,-1,-1
201501MM70557,1,8,0,7,0,8,0,0,0,0,3,1,6,1,66,10,2499,2,5,-1,1,-1
201501MM70557,2,3,0,18,0,8,0,0,0,0,1,1,6,1,35,6,124,1,10,-1,1,-1
201501MM70558,1,9,0,9,0,8,0,0,0,0,4,1,6,1,41,7,-1,-1,-1,-1,1,-1
201501MM70558,2,3,0,18,0,8,0,0,0,0,1,1,6,1,22,5,124,1,13,-1,1,-1
201501MM70560,1,9,0,2,0,0,0,0,0,0,3,1,6,1,31,6,1910,2,8,-1,1,-1
201501MM70560,2,1,0,14,0,0,0,8,0,0,1,1,6,1,52,8,-1,-1,-1,-1,1,-1
201501MM70562,1,3,0,18,0,1,0,0,0,0,3,1,6,1,29,6,124,1,3,-1,1,-1
201501MM70562,2,9,0,18,0,1,0,0,0,0,4,1,6,1,30,6,2143,2,2,-1,1,-1
201501MM70563,1,9,0,18,0,0,0,4,0,0,4,1,6,1,33,6,1242,1,10,-1,1,-1
201501MM70563,2,9,0,2,0,0,0,0,0,0,3,1,6,2,-1,-1,-1,-1,-1,-1,-1,-1
201501MM70564,1,3,0,18,0,8,0,0,0,0,1,1,6,1,25,5,125,1,4,-1,1,-1
201501MM70564,2,9,0,7,0,8,0,0,0,0,4,1,6,1,42,7,1598,1,2,-1,1,-1
201501MM70565,1,9,0,3,0,2,0,0,0,0,3,1,1,1,51,8,1797,8,5,-1,1,-1
201501MM70565,2,1,0,14,0,2,0,8,0,0,1,1,6,1,21,5,-1,-1,-1,-1,1,-1
201501MM70566,1,1,0,18,0,8,0,0,0,0,4,1,6,1,38,7,-1,-1,-1,-1,1,-1
201501MM70566,2,9,0,7,0,8,0,0,0,0,3,1,6,1,-1,-1,998,1,8,-1,-1,-1
201501MM70567,1,11,0,18,0,2,0,0,0,0,0,1,6,1,54,8,8268,2,13,-1,1,-1
201501MM70567,2,1,0,18,0,2,0,0,0,0,0,1,6,1,35,6,-1,-1,-1,-1,1,-1
201501MM70568,1,11,0,18,0,8,0,0,0,0,1,1,1,1,50,8,6700,2,6,-1,-1,-1
201501MM70568,2,1,0,7,0,8,0,0,0,0,3,1,6,1,17,4,-1,-1,-1,-1,-1,-1
201501MM70569,1,3,0,3,0,1,0,0,0,0,1,1,6,1,22,5,125,1,1,-1,1,-1
201501MM70569,2,9,0,1,0,2,0,0,0,0,2,1,6,1,-1,-1,1984,1,13,-1,-1,-1
201501MM70570,1,9,0,9,0,8,0,0,0,0,3,1,6,1,20,4,1198,1,10,-1,-1,-1
201501MM70570,2,11,0,18,0,8,0,0,0,0,1,1,1,1,48,8,6700,2,6,-1,-1,-1
201501MM70571,1,9,0,9,0,8,0,0,0,0,1,1,6,1,30,6,1242,1,3,-1,1,-1
201501MM70571,2,3,0,14,0,8,0,0,0,0,1,1,6,1,35,6,-1,-1,-1,-1,1,-1
201501MM70572,1,5,0,18,0,2,0,0,0,0,1,1,6,1,31,6,883,1,2,-1,1,-1
201501MM70572,2,1,0,18,0,2,0,0,0,0,3,1,6,1,22,5,-1,-1,-1,-1,1,-1
201501MM70573,1,9,0,12,0,1,0,0,0,0,2,1,6,1,29,6,1339,8,5,-1,1,-1
201501MM70573,2,9,0,18,0,1,0,0,0,0,1,1,1,1,35,6,1797,8,5,-1,1,-1
201501MM70575,1,9,0,18,0,0,0,4,0,0,4,1,6,1,25,5,-1,-1,-1,-1,1,-1
201501MM70575,2,9,0,2,0,0,0,0,0,0,3,1,6,1,-1,-1,-1,-1,-1,-1,-1,-1
201501MM70577,1,9,0,9,0,2,0,0,0,0,1,1,6,1,-1,-1,-1,-1,-1,-1,-1,-1
201501MM70578,1,9,0,9,0,8,0,0,0,0,3,1,1,2,27,6,1991,1,-1,-1,-1,-1
201501MM70578,2,3,0,13,0,8,0,0,0,0,1,1,1,2,30,6,125,1,-1,-1,1,-1
201501MM70579,1,1,0,18,0,8,0,0,0,0,1,1,1,1,-1,-1,-1,-1,-1,-1,-1,-1
201501MM70579,2,9,0,7,0,8,0,0,0,0,3,1,6,1,54,8,-1,-1,-1,-1,1,-1
201501MM70580,1,9,0,3,0,1,0,0,0,0,2,1,6,1,43,7,1797,8,5,-1,1,-1
201501MM70580,2,9,0,4,0,1,0,0,0,0,1,1,6,3,-1,-1,1991,1,1,-1,-1,-1
201501MM70581,1,9,0,3,0,2,0,0,0,0,1,1,6,2,23,5,1995,2,5,-1,1,-1
201501MM70581,2,11,0,5,0,2,0,0,0,0,2,1,1,1,34,6,-1,-1,-1,-1,1,-1
201501MM70582,1,3,0,15,0,8,0,0,0,0,1,1,6,1,25,5,125,1,4,-1,1,-1
201501MM70582,2,9,0,7,0,8,0,0,0,0,4,1,6,2,20,4,998,1,10,-1,1,-1
201501MM70583,1,21,0,9,0,2,0,0,0,0,4,1,1,1,29,6,5880,2,2,-1,1,-1
201501MM70584,1,8,0,18,0,8,0,0,0,0,1,1,1,1,59,9,2664,2,14,-1,1,-1
201501MM70584,2,1,0,18,0,8,0,0,0,0,4,1,6,1,29,6,-1,-1,-1,-1,1,-1
201501MM70585,1,5,0,13,0,8,0,10,7,0,1,1,6,1,30,6,998,1,3,-1,1,-1
201501MM70585,2,9,0,9,0,8,0,0,0,0,3,1,6,1,26,6,999,1,5,-1,1,-1
201501MM70586,1,9,0,18,0,1,0,0,0,0,1,1,6,2,35,6,1995,1,8,-1,1,-1
201501MM70586,2,19,0,2,0,1,0,0,0,0,2,1,6,3,-1,-1,-1,-1,-1,-1,-1,-1
201501MM70587,1,1,0,18,0,2,0,8,0,0,1,1,6,1,54,8,-1,-1,-1,-1,1,-1
201501MM70587,2,9,0,2,0,2,0,0,0,0,3,1,6,1,-1,-1,-1,-1,-1,-1,-1,-1
201501MM70588,1,9,0,7,0,8,0,0,0,0,4,1,6,1,-1,-1,-1,-1,-1,-1,-1,-1
201501MM70588,2,1,0,18,0,8,0,0,0,0,1,1,6,1,40,7,-1,-1,-1,-1,1,-1
201501MM70589,1,9,0,9,0,8,0,0,0,0,1,1,6,2,-1,-1,-1,-1,-1,-1,-1,-1
201501MM70589,2,1,0,18,0,8,0,0,0,0,2,1,6,2,27,6,-1,-1,-1,-1,1,-1
201501MM70590,1,3,0,9,0,8,0,0,0,0,4,1,6,1,25,5,124,1,2,-1,1,-1
201501MM70590,2,9,0,18,0,8,0,0,0,0,1,1,6,1,19,4,1910,2,8,-1,1,-1
201501MM70591,1,1,0,18,0,8,0,0,0,0,1,1,6,2,27,6,-1,-1,-1,-1,1,-1
201501MM70591,2,9,0,9,0,8,0,0,0,0,4,1,6,1,52,8,1997,2,1,-1,1,-1
201501MM70596,1,9,0,3,0,1,0,0,0,0,2,1,6,2,27,6,1598,1,11,-1,-1,-1
201501MM70596,2,9,0,4,0,1,0,0,0,0,1,1,6,2,-1,-1,1995,1,12,-1,-1,-1
201501MM70600,1,9,0,3,0,1,0,0,0,0,2,1,1,1,36,7,1997,2,3,-1,1,-1
201501MM70600,2,9,0,4,0,1,0,0,0,0,1,1,1,1,45,7,1598,1,6,-1,1,-1
201501MM70601,1,1,0,18,0,8,0,0,0,0,1,1,6,1,29,6,-1,-1,-1,-1,1,-1
201501MM70601,2,9,0,9,0,8,0,0,0,0,4,1,6,3,-1,-1,-1,-1,-1,-1,-1,-1
201501MM70602,1,9,0,7,0,8,0,0,0,0,3,1,6,1,48,8,3311,8,7,-1,1,-1
201501MM70602,2,1,0,17,0,8,0,0,0,0,1,1,6,1,53,8,-1,-1,-1,-1,1,-1
201501MM70603,1,9,0,18,0,0,0,0,0,0,1,1,6,1,-1,-1,-1,-1,-1,-1,-1,-1
201501MM70603,2,1,0,18,0,0,0,0,0,0,1,1,6,1,28,6,-1,-1,-1,-1,1,-1
201501MM70604,1,9,0,9,0,8,0,0,0,0,1,1,6,2,30,6,-1,-1,-1,-1,1,-1
201501MM70604,2,5,0,18,0,8,0,0,0,0,1,1,6,1,30,6,998,1,5,-1,1,-1
201501MM70605,1,9,0,3,0,1,0,0,0,0,2,1,6,1,63,9,1461,2,2,-1,-1,-1
201501MM70605,2,19,0,3,0,1,0,0,0,0,2,1,1,1,56,9,1248,2,4,-1,1,-1
201501MM70605,3,9,0,4,0,1,0,0,0,0,1,1,6,1,46,8,1997,2,5,-1,-1,-1
201501MM70606,1,5,0,17,0,8,0,0,0,0,4,1,6,1,34,6,805,1,3,-1,1,-1
201501MM70606,2,9,0,17,0,8,0,0,0,0,3,1,6,2,-1,-1,-1,-1,-1,-1,-1,-1
201501MM70607,1,19,0,18,0,2,0,0,0,0,4,1,6,3,-1,-1,2143,2,3,-1,-1,-1
201501MM70608,1,11,0,11,0,1,0,0,0,0,4,1,1,1,35,6,4500,2,1,-1,-1,-1
201501MM70608,2,1,0,18,0,1,0,0,0,0,3,1,6,2,24,5,-1,-1,-1,-1,1,-1
201501MM70609,1,1,0,18,0,1,0,0,0,0,0,1,6,1,49,8,-1,-1,-1,-1,1,-1
201501MM70609,2,9,0,15,0,1,0,0,0,0,0,1,6,1,-1,-1,-1,-1,-1,-1,-1,-1
201501MM70610,1,9,0,9,0,8,0,0,0,0,4,1,6,2,32,6,1596,1,8,-1,1,-1
201501MM70610,2,1,0,18,0,8,0,0,0,0,1,1,6,1,45,7,-1,-1,-1,-1,-1,-1
201501MM70611,1,9,0,18,0,2,0,0,0,0,1,1,1,1,30,6,1199,2,2,-1,1,-1
201501MM70612,1,9,0,18,0,1,0,0,0,0,1,1,6,2,59,9,1596,1,9,-1,1,-1
201501MM70612,2,9,0,18,0,1,0,0,0,0,2,1,6,3,-1,-1,1242,1,14,-1,-1,-1
201501MM70613,1,2,0,15,0,8,0,0,0,0,1,1,6,1,21,5,124,1,11,-1,1,-1
201501MM70613,2,9,0,9,0,8,0,0,0,0,3,1,6,1,52,8,-1,-1,-1,-1,1,-1
201501MM70614,1,9,0,18,0,2,0,0,0,0,1,1,6,2,29,6,1197,1,1,-1,1,-1
201501MM70615,1,11,0,4,0,1,0,0,0,0,0,1,6,1,56,9,4461,2,1,-1,1,-1
201501MM70617,1,9,0,9,0,8,0,0,0,0,2,1,6,2,32,6,-1,-1,-1,-1,1,-1
201501MM70617,2,9,0,18,0,8,0,0,0,0,1,1,6,3,-1,-1,-1,-1,-1,-1,-1,-1
201501MM70618,1,9,0,9,0,8,0,0,0,0,3,1,1,1,52,8,-1,-1,-1,-1,1,-1
201501MM70618,2,1,0,18,0,8,0,0,0,0,1,1,6,1,29,6,-1,-1,-1,-1,-1,-1
201501MM70619,1,9,0,2,0,8,0,0,0,0,3,1,6,2,22,5,1796,1,9,-1,1,-1
201501MM70619,2,9,0,9,0,8,0,4,0,0,4,1,6,1,-1,-1,1998,2,14,-1,-1,-1
201501MM70620,1,9,0,7,0,8,0,0,0,0,2,1,6,1,38,7,-1,-1,-1,-1,1,-1
201501MM70620,2,1,0,18,0,8,0,0,0,0,1,1,6,1,30,6,-1,-1,-1,-1,-1,-1
201501MM70624,1,3,0,18,0,0,0,0,0,0,3,1,6,1,53,8,244,1,6,-1,1,-1
201501MM70624,2,19,0,15,0,0,0,0,0,0,4,1,6,1,42,7,-1,-1,-1,-1,1,-1
201501MM70625,1,9,0,18,0,2,0,0,0,0,1,1,6,1,50,8,1998,1,13,-1,1,-1
201501MM70626,1,1,0,18,0,1,0,0,0,0,1,1,6,1,26,6,-1,-1,-1,-1,1,-1
201501MM70627,1,9,0,7,0,8,0,0,0,0,4,1,6,1,35,6,-1,-1,-1,-1,1,-1
201501MM70627,2,4,0,18,0,8,0,0,0,0,1,1,6,1,21,5,125,1,-1,-1,1,-1
201501MM70628,1,1,0,18,0,1,0,0,0,0,3,1,6,1,36,7,-1,-1,-1,-1,1,-1
201501MM70628,2,19,0,11,0,1,0,0,0,0,4,1,6,1,-1,-1,2198,2,7,-1,-1,-1
201501MM70629,1,9,0,9,0,8,0,0,0,0,4,1,6,3,-1,-1,1360,1,10,-1,-1,-1
201501MM70629,2,1,0,18,0,8,0,0,0,0,1,1,6,1,54,8,-1,-1,-1,-1,1,-1
201501MM70631,1,9,0,7,0,8,0,0,0,0,3,1,6,1,-1,-1,1396,1,5,-1,1,-1
201501MM70631,2,1,0,18,0,8,0,0,0,0,1,1,6,1,55,8,-1,-1,-1,-1,-1,-1
201501MM70632,1,9,0,9,0,8,0,0,0,0,4,1,6,1,58,9,-1,-1,-1,-1,1,-1
201501MM70632,2,3,0,18,0,8,0,0,0,0,1,1,6,1,46,8,125,1,4,-1,1,-1
201501MM70633,1,8,0,12,0,1,0,0,0,0,3,1,1,1,55,8,1798,1,7,-1,1,-1
201501MM70633,2,5,0,18,0,1,0,0,0,0,4,1,6,1,37,7,599,1,7,-1,1,-1
201501MM70634,1,1,0,18,0,8,0,0,0,0,3,1,6,1,26,6,-1,-1,-1,-1,1,-1
201501MM70634,2,9,0,15,0,8,0,0,0,0,4,1,6,1,64,9,1796,1,12,-1,3,-1
201501MM70635,1,9,0,4,0,8,0,0,0,0,2,1,6,1,36,7,1997,2,4,-1,1,-1
201501MM70635,2,2,0,18,0,8,0,0,0,0,1,1,6,1,22,5,49,1,8,-1,1,-1
201501MM70636,1,9,0,18,0,8,0,0,0,0,4,1,3,1,30,6,-1,-1,-1,-1,-1,-1
201501MM70637,1,9,0,2,0,0,0,0,0,0,3,1,6,2,-1,-1,1596,1,10,-1,1,-1
201501MM70637,2,1,0,18,0,0,0,0,0,0,1,1,6,1,28,6,-1,-1,-1,-1,1,-1
201501MM70638,1,9,0,18,0,8,0,0,0,0,1,1,6,2,24,5,1995,2,8,-1,1,-1
201501MM70638,2,1,0,9,0,8,0,0,0,0,4,1,6,1,35,6,-1,-1,-1,-1,1,-1
201501MM70639,1,9,0,5,0,1,0,0,0,0,1,1,6,2,-1,-1,2143,2,3,-1,-1,-1
201501MM70640,1,9,0,9,0,8,0,0,0,0,1,1,6,1,33,6,-1,-1,-1,-1,-1,-1
201501MM70640,2,1,0,18,0,8,0,0,0,0,1,1,6,2,55,8,-1,-1,-1,-1,1,-1
201501MM70641,1,9,0,7,0,8,0,0,0,0,4,1,6,1,22,5,-1,-1,-1,-1,1,-1
201501MM70641,2,1,0,18,0,8,0,0,0,0,1,1,6,1,20,4,-1,-1,-1,-1,1,-1
201501MM70642,1,1,0,18,0,8,0,0,0,0,4,1,6,1,30,6,-1,-1,-1,-1,-1,-1
201501MM70643,1,1,0,18,0,1,0,0,0,0,1,1,6,1,-1,-1,-1,-1,-1,-1,-1,-1
201501MM70644,1,9,0,3,0,1,0,0,0,0,2,1,6,1,52,8,1895,1,14,-1,1,-1