Accident_Index,Vehicle_Reference,Vehicle_Type,Towing_and_Articulation,Vehicle_Manoeuvre,Vehicle_Location-Restricted_Lane,Junction_Location,Skidding_and_Overturning,Hit_Object_in_Carriageway,Vehicle_Leaving_Carriageway,Hit_Object_off_Carriageway,1st_Point_of_Impact,Was_Vehicle_Left_Hand_Drive?,Journey_Purpose_of_Driver,Sex_of_Driver,Age_of_Driver,Age_Band_of_Driver,Engine_Capacity_(CC),Propulsion_Code,Age_of_Vehicle,Driver_IMD_Decile,Driver_Home_Area_Type,Vehicle_IMD_Decile
201501MM70644,2,9,0,4,0,1,0,0,0,0,1,1,6,1,54,8,1596,1,12,-1,1,-1
201501MM70645,1,3,0,18,0,8,0,0,0,0,3,1,6,1,-1,-1,125,1,2,-1,1,-1
201501MM70646,1,9,0,18,0,8,0,0,0,0,1,1,6,1,31,6,1997,2,1,-1,-1,-1
201501MM70646,2,1,0,9,0,8,0,0,0,0,4,1,6,1,14,3,-1,-1,-1,-1,1,-1
201501MM70647,1,9,0,18,0,8,0,0,0,0,1,1,6,1,48,8,1598,1,1,-1,1,-1
201501MM70647,2,9,0,9,0,8,0,0,0,0,4,1,6,1,-1,-1,-1,-1,-1,-1,-1,-1
201501MM70648,1,9,0,18,0,8,0,0,0,0,4,1,6,1,36,7,1995,2,2,-1,1,-1
201501MM70648,2,1,0,18,0,8,0,0,0,0,3,1,6,1,19,4,-1,-1,-1,-1,1,-1
201501MM70649,1,1,0,18,0,8,0,0,0,0,3,1,6,2,51,8,-1,-1,-1,-1,-1,-1
201501MM70650,1,1,0,18,0,8,0,0,0,0,1,1,6,1,12,3,-1,-1,-1,-1,1,-1
201501MM70650,2,21,0,9,0,8,0,0,0,0,4,1,6,1,26,6,4461,2,7,-1,1,-1
201501MM70651,1,9,0,15,0,8,0,0,0,0,3,1,6,2,52,8,1896,2,8,-1,1,-1
201501MM70651,2,21,0,18,0,8,0,0,0,0,4,1,1,1,41,7,-1,-1,-1,-1,1,-1
201501MM70653,1,9,0,18,0,1,0,0,0,0,2,1,6,3,-1,-1,-1,-1,-1,-1,-1,-1
201501MM70653,2,1,0,13,0,1,0,0,0,0,1,1,6,2,31,6,-1,-1,-1,-1,-1,-1
201501MM70657,1,9,0,9,0,8,0,0,0,0,4,1,6,1,66,10,999,1,14,-1,1,-1
201501MM70657,2,11,0,18,0,8,0,0,0,0,1,1,6,1,54,8,9360,2,4,-1,1,-1
201501MM70658,1,1,0,18,0,0,0,0,0,0,1,1,6,1,33,6,-1,-1,-1,-1,1,-1
201501MM70658,2,9,0,6,0,0,0,0,0,0,3,1,6,1,30,6,1686,2,11,-1,1,-1
201501MM70659,1,1,0,18,0,8,0,0,0,0,1,1,6,1,21,5,-1,-1,-1,-1,1,-1
201501MM70659,2,9,0,9,0,8,0,0,0,0,4,1,6,1,34,6,-1,-1,-1,-1,1,-1
201501MM70660,1,3,0,7,0,8,0,0,0,0,4,1,6,1,-1,-1,124,1,-1,-1,1,-1
201501MM70660,2,9,0,7,0,8,0,0,0,0,3,1,6,1,26,6,1364,2,2,-1,1,-1
201501MM70661,1,9,0,18,0,8,0,0,0,0,1,1,6,2,52,8,1198,1,-1,-1,1,-1
201501MM70661,2,1,0,9,0,8,0,0,0,0,4,1,6,1,38,7,-1,-1,-1,-1,1,-1
201501MM70662,1,5,0,18,0,8,0,0,0,0,4,1,6,1,27,6,599,1,9,-1,1,-1
201501MM70662,2,9,0,12,0,8,0,0,0,0,3,1,6,2,55,8,1590,1,12,-1,1,-1
201501MM70663,1,9,0,9,0,8,0,0,0,0,3,1,6,1,40,7,-1,-1,-1,-1,1,-1
201501MM70663,2,5,0,15,0,8,0,0,0,0,1,1,6,1,84,11,598,1,17,-1,1,-1
201501MM70665,1,9,0,9,0,8,0,0,0,0,4,1,6,2,26,6,1461,2,2,-1,1,-1
201501MM70665,2,1,0,18,0,8,0,0,0,0,1,1,6,2,25,5,-1,-1,-1,-1,1,-1
201501MM70667,1,9,0,9,0,8,0,0,0,0,1,1,6,1,47,8,1997,2,5,-1,1,-1
201501MM70667,2,9,0,18,0,8,0,0,0,0,4,1,6,2,51,8,1364,1,11,-1,1,-1
201501MM70668,1,9,0,7,0,8,0,0,0,0,3,1,6,1,24,5,1362,1,2,-1,1,-1
201501MM70668,2,1,0,18,0,8,0,0,0,0,1,1,6,2,30,6,-1,-1,-1,-1,1,-1
201501MM70669,1,9,0,18,0,8,0,0,0,0,4,1,6,1,-1,-1,-1,-1,-1,-1,-1,-1
201501MM70672,1,9,0,9,0,8,0,0,0,0,4,1,6,1,40,7,1992,2,10,-1,1,-1
201501MM70672,2,5,0,18,0,8,0,0,0,0,1,1,6,1,35,6,-1,-1,-1,-1,1,-1
201501MM70673,1,11,0,4,0,1,0,0,0,0,0,1,6,1,37,7,8300,2,9,-1,1,-1
201501MM70673,2,19,0,13,0,1,0,0,0,0,0,1,6,3,-1,-1,-1,-1,-1,-1,-1,-1
201501MM70674,1,9,0,2,0,0,0,0,0,0,4,1,6,2,30,6,1242,1,4,-1,1,-1
201501MM70674,2,9,0,18,0,0,0,0,0,0,3,1,6,1,-1,-1,2000,2,10,-1,-1,-1
201501MM70675,1,19,0,7,0,8,0,0,0,0,4,1,6,1,45,7,1896,2,7,-1,-1,-1
201501MM70675,2,1,0,15,0,8,0,0,0,0,3,1,6,1,22,5,-1,-1,-1,-1,1,-1
201501MM70676,1,1,0,18,0,8,0,0,0,0,1,1,6,1,31,6,-1,-1,-1,-1,1,-1
201501MM70676,2,9,0,7,0,8,0,0,0,0,4,1,6,1,48,8,-1,-1,-1,-1,1,-1
201501MM70677,1,3,0,7,0,2,0,0,0,0,0,1,6,1,22,5,124,1,13,-1,1,-1
201501MM70678,1,9,0,7,0,8,0,0,0,0,3,1,6,2,31,6,1991,2,7,-1,1,-1
201501MM70678,2,1,0,18,0,8,0,0,0,0,1,1,6,2,38,7,-1,-1,-1,-1,1,-1
201501MM70679,1,3,0,18,0,1,0,0,0,0,1,1,6,1,18,4,-1,-1,-1,-1,1,-1
201501MM70679,2,9,0,2,0,1,0,0,0,0,2,1,6,3,-1,-1,1390,1,10,-1,-1,-1
201501MM70680,1,8,0,9,0,2,0,0,0,0,1,1,1,1,48,8,1598,1,7,-1,-1,-1
201501MM70681,1,4,0,18,0,0,0,0,0,0,1,1,6,1,54,8,680,1,4,-1,1,-1
201501MM70681,2,9,0,2,0,0,0,0,0,0,2,1,6,3,-1,-1,2199,2,4,-1,-1,-1
201501MM70682,1,1,0,18,0,8,0,0,0,0,1,1,6,2,27,6,-1,-1,-1,-1,1,-1
201501MM70682,2,8,0,18,0,8,0,0,0,0,3,1,6,1,-1,-1,2143,2,2,-1,1,-1
201501MM70683,1,9,0,18,0,8,0,0,0,0,1,1,6,1,44,7,1149,1,11,-1,-1,-1
201501MM70683,2,9,0,18,0,8,0,0,0,0,3,1,1,1,-1,-1,1560,2,-1,-1,-1,-1
201501MM70684,1,5,0,18,0,1,0,0,0,0,0,1,6,1,-1,-1,-1,-1,-1,-1,1,-1
201501MM70685,1,9,0,9,0,8,0,0,0,0,4,1,6,2,55,8,1798,1,1,-1,1,-1
201501MM70685,2,3,0,18,0,8,0,0,0,0,1,1,6,1,18,4,125,1,4,-1,1,-1
201501MM70686,1,9,0,13,0,0,0,0,0,0,4,1,6,1,52,8,1198,1,9,-1,-1,-1
201501MM70686,2,1,0,14,0,0,0,0,0,0,3,1,6,1,35,6,-1,-1,-1,-1,-1,-1
201501MM70688,1,8,0,2,0,2,0,0,0,0,3,1,1,1,41,7,1497,8,7,-1,1,-1
201501MM70688,2,1,0,14,0,2,0,8,0,0,1,1,6,1,37,7,-1,-1,-1,-1,1,-1
201501MM70689,1,9,0,18,0,1,0,0,0,0,1,1,6,1,30,6,1461,2,-1,-1,1,-1
201501MM70690,1,9,0,9,0,8,0,0,0,0,4,1,6,1,49,8,1796,1,11,-1,1,-1
201501MM70690,2,9,0,18,0,8,0,0,0,0,3,1,6,2,30,6,1229,1,7,-1,-1,-1
201501MM70691,1,21,1,18,0,2,0,0,0,0,3,1,1,1,-1,-1,-1,-1,-1,-1,-1,-1
201501MM70691,2,1,0,18,0,1,0,0,0,0,3,1,6,1,43,7,-1,-1,-1,-1,1,-1
201501MM70692,1,1,0,5,0,1,0,0,0,0,2,1,6,2,35,6,-1,-1,-1,-1,1,-1
201501MM70692,2,9,0,5,0,1,0,0,0,0,1,1,6,2,-1,-1,-1,-1,-1,-1,-1,-1
201501MM70693,1,1,0,9,0,8,0,0,0,0,4,1,6,1,20,4,-1,-1,-1,-1,-1,-1
201501MM70693,2,9,0,18,0,8,0,0,0,0,1,1,6,1,20,4,1199,1,-1,-1,-1,-1
201501MM70694,1,9,0,18,0,0,0,0,0,0,1,1,6,2,38,7,1596,1,14,-1,1,-1
201501MM70695,1,11,0,5,0,0,0,0,0,0,1,1,1,1,55,8,6700,2,5,-1,1,-1
201501MM70696,1,9,0,9,0,8,0,0,0,0,1,1,6,1,23,5,1796,1,14,-1,-1,-1
201501MM70696,2,9,0,18,0,8,0,0,0,0,1,1,6,1,29,6,1400,1,14,-1,1,-1
201501MM70697,1,19,0,18,0,0,0,0,0,0,1,1,6,1,-1,-1,-1,-1,-1,-1,-1,-1
201501MM70698,1,9,0,18,0,2,0,0,0,0,3,1,6,1,27,6,1900,2,9,-1,1,-1
201501MM70698,2,11,0,11,0,2,0,0,0,0,4,1,6,3,-1,-1,5132,2,1,-1,-1,-1
201501MM70700,1,11,0,18,0,1,0,0,0,0,1,1,1,1,36,7,8268,2,13,-1,1,-1
201501MM70701,1,9,0,1,0,1,0,0,0,0,2,1,6,1,31,6,-1,-1,-1,-1,1,-1
201501MM70704,1,11,0,4,0,8,0,0,0,0,0,1,1,1,28,6,5132,2,1,-1,1,-1
201501MM70704,2,9,0,7,0,8,0,0,0,0,0,1,6,1,33,6,-1,-1,-1,-1,1,-1
201501MM70705,1,3,0,3,0,1,0,0,0,0,2,1,6,1,21,5,108,1,1,-1,1,-1
201501MM70705,2,9,0,4,0,1,0,0,0,0,1,1,6,2,-1,-1,1390,1,2,-1,-1,-1
201501MM70707,1,9,0,7,0,8,0,0,0,0,0,1,6,1,29,6,1910,2,8,-1,1,-1
201501MM70707,2,1,0,18,0,8,0,0,0,0,0,1,6,1,31,6,-1,-1,-1,-1,1,-1
201501MM70708,1,9,0,2,0,2,0,0,0,0,2,1,6,2,26,6,1596,1,16,-1,1,-1
201501MM70708,2,21,0,5,0,2,0,0,0,0,1,1,6,1,-1,-1,12900,2,8,-1,-1,-1
201501MM70709,1,9,0,9,0,8,0,0,0,0,4,1,1,1,20,4,1956,2,2,-1,1,-1
201501MM70709,2,5,0,18,0,8,0,0,0,0,1,1,6,1,65,9,1063,1,10,-1,1,-1
201501MM70710,1,9,0,18,0,1,0,0,0,0,1,1,6,1,32,6,-1,-1,-1,-1,1,-1
201501MM70711,1,4,0,18,0,8,0,0,0,0,1,1,1,1,37,7,124,1,6,-1,1,-1
201501MM70711,2,9,0,7,0,8,0,0,0,0,3,1,1,1,45,7,-1,-1,-1,-1,1,-1
201501MM70712,1,1,0,18,0,8,0,0,0,0,3,1,6,2,30,6,-1,-1,-1,-1,1,-1
201501MM70712,2,3,0,11,0,8,0,0,0,0,4,1,6,3,-1,-1,-1,-1,-1,-1,-1,-1
201501MM70713,1,1,0,18,0,1,0,0,0,0,0,1,6,2,36,7,-1,-1,-1,-1,1,-1
201501MM70714,1,5,0,18,0,1,0,0,0,0,1,1,6,1,53,8,798,1,6,-1,-1,-1
201501MM70715,1,11,0,4,0,2,0,0,0,0,0,1,1,1,52,8,7300,2,12,-1,1,-1
201501MM70721,1,9,0,7,0,8,0,0,0,0,3,1,6,1,28,6,1596,1,9,-1,1,-1
201501MM70721,2,1,0,18,0,8,0,0,0,0,4,1,6,1,52,8,-1,-1,-1,-1,1,-1
201501MM70722,1,9,0,9,0,8,0,0,0,0,3,1,6,1,33,6,-1,-1,-1,-1,1,-1
201501MM70722,2,3,0,18,0,8,0,0,0,0,1,1,6,1,25,5,125,1,6,-1,1,-1
201501MM70723,1,9,0,9,0,8,0,0,0,0,4,1,6,1,49,8,1598,1,16,-1,1,-1
201501MM70723,2,1,0,18,0,8,0,0,0,0,1,1,6,1,35,6,-1,-1,-1,-1,1,-1
201501MM70724,1,9,0,18,0,1,0,0,0,0,1,1,1,1,50,8,-1,-1,-1,-1,1,-1
201501MM70725,1,19,0,18,0,2,0,0,0,0,4,1,6,1,55,8,1364,1,8,-1,3,-1
201501MM70725,2,9,0,18,0,2,0,0,0,0,1,1,6,3,-1,-1,-1,-1,-1,-1,-1,-1
201501MM70726,1,9,0,18,0,1,0,0,0,0,1,1,6,3,-1,-1,-1,-1,-1,-1,-1,-1
201501MM70728,1,9,0,3,0,1,0,0,0,0,2,1,6,2,50,8,1598,1,2,-1,1,-1
201501MM70728,2,9,0,4,0,1,0,0,0,0,1,1,1,1,34,6,1797,8,3,-1,-1,-1
201501MM70730,1,9,0,18,0,2,0,7,0,0,1,1,6,2,68,10,-1,-1,-1,-1,1,-1
201501MM70731,1,5,0,18,0,1,0,0,0,0,1,1,6,1,30,6,-1,-1,-1,-1,1,-1
201501MM70731,2,9,0,11,0,1,0,0,0,0,2,1,6,2,36,7,1124,1,8,-1,1,-1
201501MM70733,1,9,0,3,0,1,0,0,0,0,2,1,6,2,22,5,1360,1,11,-1,1,-1
201501MM70733,2,3,0,4,0,1,0,0,0,0,1,1,6,1,19,4,125,1,10,-1,1,-1
201501MM70735,1,9,0,6,0,1,0,0,0,0,4,1,6,1,51,8,1248,2,7,-1,1,-1
201501MM70735,2,1,0,18,0,1,0,0,0,0,1,1,6,1,-1,-1,-1,-1,-1,-1,1,-1
201501MM70737,1,9,0,18,0,0,0,0,0,0,1,1,6,1,34,6,2987,2,6,-1,1,-1
201501MM70740,1,9,0,11,0,1,0,0,0,0,4,1,6,2,29,6,1397,1,6,-1,1,-1
201501MM70740,2,3,0,18,0,1,0,0,0,0,3,1,6,1,52,8,-1,-1,-1,-1,1,-1
201501MM70742,1,9,0,4,0,2,0,10,1,2,1,1,6,2,52,8,1598,1,7,-1,1,-1
201501MM70743,1,11,0,5,0,0,0,0,0,0,0,1,2,2,33,6,4500,2,4,-1,1,-1
201501MM70744,1,9,0,5,0,0,0,0,0,0,1,1,6,2,55,8,1598,1,-1,-1,1,-1
201501MM70746,1,8,0,2,0,0,0,0,0,0,3,1,6,1,50,8,-1,-1,-1,-1,3,-1
201501MM70746,2,1,0,18,0,0,0,8,0,0,1,1,6,1,43,7,-1,-1,-1,-1,1,-1
201501MM70747,1,1,0,18,0,1,0,0,0,0,1,1,6,2,43,7,-1,-1,-1,-1,1,-1
201501MM70747,2,9,0,9,0,1,0,0,0,0,3,1,3,2,32,6,1399,1,10,-1,1,-1
201501MM70750,1,9,0,9,0,8,0,0,0,0,4,1,6,1,63,9,1997,2,6,-1,1,-1
201501MM70750,2,3,0,18,0,8,0,0,0,0,1,1,6,1,40,7,998,1,9,-1,1,-1
201501MM70751,1,1,0,18,0,8,0,0,0,0,0,1,6,1,15,3,-1,-1,-1,-1,1,-1
201501MM70751,2,9,0,9,0,8,0,0,0,0,0,1,6,1,-1,-1,-1,-1,-1,-1,-1,-1
201501MM70752,1,9,0,18,0,0,0,10,1,10,1,1,6,2,50,8,1951,2,9,-1,1,-1
201501MM70753,1,1,0,15,0,8,0,0,0,0,1,1,6,1,49,8,-1,-1,-1,-1,1,-1
201501MM70753,2,11,0,3,0,8,0,0,0,0,0,1,6,3,-1,-1,-1,-1,-1,-1,-1,-1
201501MM70754,1,9,0,7,0,8,0,0,0,0,1,1,6,1,17,4,999,1,2,-1,1,-1
201501MM70754,2,3,0,18,0,8,0,0,0,0,4,1,6,1,38,7,108,1,2,-1,1,-1
201501MM70759,1,2,0,4,0,1,0,0,0,0,0,1,6,1,26,6,125,1,4,-1,-1,-1
201501MM70760,1,9,0,18,0,8,0,0,0,0,1,1,6,1,-1,-1,1598,1,8,-1,-1,-1
201501MM70761,1,1,0,18,0,2,0,0,0,0,1,1,6,1,-1,-1,-1,-1,-1,-1,-1,-1
201501MM70762,1,9,0,18,0,0,0,0,0,0,0,1,6,1,-1,-1,-1,-1,-1,-1,-1,-1
201501MM70763,1,19,0,3,0,0,0,0,0,0,4,1,6,1,38,7,2198,2,5,-1,1,-1
201501MM70763,2,1,0,15,0,0,0,10,1,10,3,1,6,1,26,6,-1,-1,-1,-1,1,-1
201501MM70764,1,11,0,18,0,2,0,0,0,0,0,1,1,2,34,6,-1,2,12,-1,1,-1
201501MM70765,1,1,0,18,0,0,0,0,0,0,4,1,6,1,39,7,-1,-1,-1,-1,1,-1
201501MM70765,2,9,0,6,0,0,0,0,0,0,3,1,6,1,76,11,1968,2,9,-1,1,-1
201501MM70766,1,3,0,3,0,1,0,0,0,0,2,1,6,1,24,5,125,1,-1,-1,1,-1
201501MM70766,2,9,0,4,0,1,0,0,0,0,1,1,6,3,-1,-1,-1,-1,-1,-1,-1,-1
201501MM70770,1,3,0,18,0,8,1,0,0,0,1,1,6,1,45,7,124,1,7,-1,1,-1
201501MM70770,2,9,0,9,0,8,0,0,0,0,4,1,6,2,30,6,2979,1,9,-1,1,-1
201501MM70771,1,9,0,18,0,8,0,0,0,0,1,1,6,2,27,6,1995,2,4,-1,1,-1
201501MM70771,2,9,0,18,0,8,0,0,0,0,1,1,6,1,21,5,1596,1,4,-1,1,-1
201501MM70772,1,11,0,5,2,0,0,0,0,0,0,1,1,1,61,9,4500,2,-1,-1,1,-1
201501MM70773,1,8,0,18,0,2,0,0,0,0,2,1,6,1,52,8,1896,2,7,-1,1,-1
201501MM70773,2,1,0,18,0,2,0,0,0,0,1,1,6,1,28,6,-1,-1,-1,-1,1,-1
201501MM70774,1,9,0,9,0,5,0,0,0,0,4,1,2,1,28,6,1360,1,7,-1,1,-1
201501MM70774,2,1,0,18,0,1,0,0,0,0,1,1,2,1,35,6,-1,-1,-1,-1,1,-1
201501MM70775,1,9,0,3,0,0,0,0,0,0,3,1,6,1,60,9,1596,1,15,-1,-1,-1
201501MM70775,2,19,0,3,0,0,0,0,0,0,4,1,6,1,31,6,2198,2,6,-1,1,-1
201501MM70775,3,1,0,11,0,0,0,0,0,0,4,1,6,1,50,8,-1,-1,-1,-1,1,-1
201501MM70776,1,9,0,7,0,1,0,0,0,0,4,1,6,1,38,7,2143,2,1,-1,-1,-1
201501MM70776,2,1,0,18,2,1,0,0,0,0,1,1,6,1,24,5,-1,-1,-1,-1,1,-1
201501MM70777,1,9,0,10,0,8,0,0,0,0,2,1,6,2,28,6,1984,1,11,-1,1,-1
201501MM70777,2,9,0,18,0,8,0,0,0,0,1,1,6,1,-1,-1,1560,2,1,-1,-1,-1
201501MM70778,1,11,0,18,0,1,0,0,0,0,0,1,6,1,50,8,-1,-1,-1,-1,1,-1
201501MM70779,1,9,0,9,0,6,0,0,0,0,3,1,6,1,19,4,1149,1,9,-1,1,-1
201501MM70779,2,3,0,18,0,1,1,0,0,0,1,1,6,1,39,7,124,1,-1,-1,1,-1
201501MM70780,1,9,0,9,0,8,0,0,0,0,1,1,6,2,32,6,-1,-1,-1,-1,1,-1
201501MM70780,2,5,0,16,0,8,0,0,0,0,1,1,6,1,23,5,-1,-1,-1,-1,1,-1
201501MM70781,1,5,0,13,0,8,0,0,0,0,4,1,6,1,56,9,-1,-1,-1,-1,2,-1
201501MM70781,2,9,0,9,0,8,0,0,0,0,3,1,6,1,35,6,2000,2,5,-1,1,-1
201501MM70783,1,9,0,18,0,1,0,0,0,0,4,1,6,1,-1,-1,-1,-1,-1,-1,-1,-1
201501MM70784,1,9,0,2,0,2,0,0,0,0,3,1,6,1,28,6,1461,2,-1,-1,1,-1
201501MM70784,2,1,0,14,0,2,0,0,0,0,1,1,6,1,26,6,-1,-1,-1,-1,1,-1
201501MM70785,1,3,0,18,0,2,0,0,0,0,1,1,6,1,-1,-1,-1,-1,-1,-1,1,-1
201501MM70786,1,11,0,4,0,1,0,0,0,0,0,1,1,1,47,8,-1,-1,-1,-1,1,-1
201501MM70787,1,9,0,10,0,1,0,0,0,0,2,1,6,2,28,6,1229,1,3,-1,1,-1
201501MM70787,2,9,0,9,0,1,0,0,0,0,1,1,6,1,-1,-1,-1,-1,-1,-1,-1,-1
201501MM70788,1,3,0,18,0,8,0,0,0,0,4,1,6,2,49,8,124,1,3,-1,1,-1
201501MM70788,2,9,0,7,0,8,0,0,0,0,1,1,6,1,28,6,2996,1,8,-1,-1,-1
201501MM70789,1,1,0,18,0,1,0,0,0,0,1,1,2,1,41,7,-1,-1,-1,-1,1,-1
201501MM70790,1,3,0,18,2,1,1,10,0,0,0,1,6,1,28,6,-1,-1,-1,-1,1,-1
201501MM70790,2,9,0,11,0,1,0,0,0,0,0,1,6,1,24,5,-1,-1,-1,-1,1,-1
201501MM70791,1,9,0,4,0,0,0,0,0,0,2,1,6,1,54,8,-1,-1,-1,-1,-1,-1
201501MM70791,2,1,0,4,0,0,0,0,0,0,1,1,6,1,20,4,-1,-1,-1,-1,1,-1
201501MM70792,1,3,0,18,0,2,0,0,0,0,1,1,6,1,-1,-1,125,1,1,-1,-1,-1
201501MM70793,1,9,0,17,0,0,0,0,0,0,1,1,6,2,30,6,1198,1,9,-1,1,-1
201501MM70793,2,9,0,16,0,0,0,0,0,0,1,1,6,1,-1,-1,2143,2,5,-1,-1,-1
201501MM70794,1,2,0,18,0,8,0,0,0,0,2,1,6,1,26,6,108,1,-1,-1,1,-1
201501MM70794,2,1,0,18,0,8,0,0,0,0,1,1,6,1,44,7,-1,-1,-1,-1,1,-1
201501MM70795,1,1,0,18,0,1,0,0,0,0,3,1,6,1,-1,-1,-1,-1,-1,-1,1,-1
201501MM70795,2,9,0,11,0,1,0,0,0,0,4,1,6,3,-1,-1,-1,-1,-1,-1,-1,-1
201501MM70796,1,9,0,11,0,0,0,0,0,0,4,1,6,1,36,7,1984,1,10,-1,1,-1
201501MM70796,2,3,0,18,0,0,0,0,0,0,3,1,6,1,17,4,108,1,1,-1,1,-1
201501MM70796,3,11,0,3,0,0,0,0,0,0,3,1,6,1,54,8,7300,2,11,-1,1,-1
201501MM70797,1,1,0,18,0,0,0,0,0,0,4,1,6,1,21,5,-1,-1,-1,-1,1,-1
201501MM70797,2,9,0,5,0,0,0,0,0,0,3,1,6,3,-1,-1,-1,-1,-1,-1,-1,-1
201501MM70798,1,9,0,9,0,2,0,0,0,0,1,1,6,2,61,9,1598,1,3,-1,1,-1
201501MM70799,1,9,0,18,0,0,0,0,0,0,4,1,6,2,31,6,1596,1,8,-1,1,-1
201501MM70801,1,9,0,2,0,0,0,0,0,0,2,1,6,1,25,5,1598,1,11,-1,1,-1
201501MM70803,1,9,0,11,0,1,0,0,0,0,4,1,6,1,38,7,-1,-1,-1,-1,3,-1
201501MM70803,2,1,0,18,0,1,0,0,0,0,3,1,6,1,22,5,-1,-1,-1,-1,2,-1
201501MM70805,1,11,0,3,2,0,0,0,0,0,0,1,6,1,66,10,7300,2,13,-1,1,-1
201501MM70808,1,4,0,18,0,1,0,0,0,0,1,1,6,1,-1,-1,749,1,8,-1,-1,-1
201501MM70809,1,9,0,18,0,2,0,0,0,0,3,1,6,1,38,7,-1,-1,-1,-1,1,-1
201501MM70809,2,1,0,11,0,2,0,0,0,0,4,1,6,1,39,7,-1,-1,-1,-1,1,-1
201501MM70810,1,3,0,9,0,8,0,0,0,0,4,1,6,1,25,5,125,1,4,-1,1,-1
201501MM70810,2,3,0,9,0,8,0,0,0,0,3,1,6,1,37,7,125,1,1,-1,-1,-1
201501MM70811,1,9,0,7,0,8,0,0,0,0,4,1,6,1,61,9,1598,1,11,-1,1,-1
201501MM70811,2,5,0,15,0,8,0,0,0,0,1,1,6,1,25,5,599,1,11,-1,1,-1
201501MM70812,1,9,0,18,0,1,0,0,0,0,4,1,6,2,23,5,-1,-1,-1,-1,1,-1
201501MM70813,1,1,0,3,0,2,0,0,0,0,2,1,6,1,23,5,-1,-1,-1,-1,1,-1
201501MM70813,2,19,0,5,0,2,0,0,0,0,1,1,6,1,41,7,1560,2,3,-1,1,-1
201501MM70814,1,1,0,9,0,8,0,0,0,0,4,1,6,1,29,6,-1,-1,-1,-1,1,-1
201501MM70814,2,9,0,18,0,8,0,0,0,0,1,1,6,2,31,6,2497,2,11,-1,1,-1
201501MM70815,1,11,0,18,0,1,0,0,0,0,0,1,1,1,63,9,-1,-1,-1,-1,1,-1
201501MM70816,1,1,0,18,0,1,0,0,0,0,0,1,6,1,45,7,-1,-1,-1,-1,1,-1
201501MM70818,1,11,0,18,2,2,0,0,0,0,1,1,1,1,58,9,6700,2,3,-1,1,-1
201501MM70819,1,19,0,4,0,8,0,0,0,0,3,1,1,1,33,6,1896,2,5,-1,1,-1
201501MM70819,2,3,0,13,0,8,0,0,0,0,4,1,1,1,56,9,125,1,8,-1,1,-1
201501MM70820,1,5,0,18,0,8,0,0,0,0,4,1,6,1,37,7,745,1,-1,-1,1,-1
201501MM70820,2,9,0,9,0,8,0,0,0,0,1,1,6,1,39,7,-1,-1,-1,-1,1,-1
201501MM70821,1,9,0,9,0,8,0,0,0,0,1,1,6,1,24,5,1995,1,7,-1,1,-1
201501MM70821,2,1,0,18,0,8,0,0,0,0,1,1,6,1,22,5,-1,-1,-1,-1,1,-1
201501MM70822,1,1,0,18,0,8,0,0,0,0,1,1,6,1,42,7,-1,-1,-1,-1,1,-1
201501MM70822,2,9,0,9,0,8,0,0,0,0,4,1,6,3,-1,-1,-1,-1,-1,-1,-1,-1
201501MM70823,1,9,0,18,0,0,0,0,0,0,4,1,6,1,35,6,1240,1,10,-1,1,-1
201501MM70824,1,3,0,13,0,8,0,0,0,0,4,1,6,1,18,4,125,1,1,-1,1,-1
201501MM70824,2,1,0,9,0,8,0,0,0,0,3,1,6,1,39,7,-1,-1,-1,-1,-1,-1
201501MM70826,1,9,0,7,0,8,0,0,0,0,4,1,6,1,-1,-1,-1,-1,-1,-1,1,-1
201501MM70826,2,4,0,18,0,8,0,0,0,0,1,1,6,2,-1,-1,279,1,8,-1,1,-1
201501MM70827,1,9,0,18,0,8,0,0,0,0,1,1,6,1,31,6,-1,-1,-1,-1,1,-1
201501MM70827,2,9,0,6,0,8,0,0,0,0,4,1,6,1,46,8,1995,1,28,-1,1,-1
201501MM70828,1,9,0,18,0,1,0,0,0,0,4,1,6,1,29,6,1995,2,7,-1,1,-1
201501MM70829,1,9,0,4,0,2,0,0,0,0,1,1,6,2,28,6,1242,1,6,-1,1,-1
201501MM70829,2,9,0,3,0,2,0,0,0,0,2,1,6,1,53,8,1797,8,5,-1,1,-1
201501MM70830,1,11,0,4,0,1,0,0,0,0,0,1,1,1,29,6,-1,-1,-1,-1,1,-1
201501MM70831,1,5,0,14,0,0,0,0,0,0,4,1,6,1,35,6,847,1,1,-1,1,-1
201501MM70832,1,9,0,9,0,8,0,0,0,0,3,1,6,1,37,7,1390,1,1,-1,-1,-1
201501MM70832,2,9,0,18,0,8,0,0,0,0,1,1,6,2,27,6,-1,-1,-1,-1,1,-1
201501MM70833,1,9,0,7,0,5,0,0,0,0,4,1,2,2,26,6,2687,1,7,-1,1,-1
201501MM70833,2,1,0,18,0,1,0,0,0,0,1,1,6,1,36,7,-1,-1,-1,-1,1,-1
201501MM70834,1,9,0,18,0,8,0,0,0,0,0,1,6,1,43,7,3311,8,10,-1,1,-1
201501MM70834,2,1,0,9,0,8,0,0,0,0,0,1,2,1,18,4,-1,-1,-1,-1,1,-1
201501MM70835,1,9,0,18,0,3,0,0,0,0,4,1,6,1,21,5,1797,8,6,-1,-1,-1
201501MM70836,1,9,0,4,0,1,0,0,0,0,3,1,6,1,24,5,1994,1,11,-1,1,-1
201501MM70837,1,11,0,4,0,1,0,0,0,0,0,1,1,1,54,8,4760,2,4,-1,-1,-1
201501MM70838,1,3,0,18,0,1,0,0,0,0,3,1,6,1,14,3,125,1,5,-1,1,-1
201501MM70838,2,9,0,7,0,6,0,0,0,0,4,1,1,1,27,6,-1,-1,-1,-1,-1,-1
201501MM70839,1,3,0,18,0,1,0,0,0,0,1,1,1,1,16,4,124,1,9,-1,1,-1
201501MM70840,1,19,0,7,0,1,0,0,0,0,4,1,6,1,49,8,-1,-1,-1,-1,1,-1