Accident_Index,Vehicle_Reference,Vehicle_Type,Towing_and_Articulation,Vehicle_Manoeuvre,Vehicle_Location-Restricted_Lane,Junction_Location,Skidding_and_Overturning,Hit_Object_in_Carriageway,Vehicle_Leaving_Carriageway,Hit_Object_off_Carriageway,1st_Point_of_Impact,Was_Vehicle_Left_Hand_Drive?,Journey_Purpose_of_Driver,Sex_of_Driver,Age_of_Driver,Age_Band_of_Driver,Engine_Capacity_(CC),Propulsion_Code,Age_of_Vehicle,Driver_IMD_Decile,Driver_Home_Area_Type,Vehicle_IMD_Decile
201501MM70840,2,1,0,18,0,1,0,0,0,0,1,1,6,1,31,6,-1,-1,-1,-1,1,-1
201501MM70841,1,9,0,5,0,8,0,0,0,0,3,1,6,1,47,8,1956,2,6,-1,1,-1
201501MM70841,2,9,0,11,0,8,0,0,0,0,4,1,6,3,-1,-1,2494,1,10,-1,-1,-1
201501MM70842,1,1,0,18,0,8,0,0,0,0,1,1,6,1,29,6,-1,-1,-1,-1,1,-1
201501MM70842,2,9,0,9,0,8,0,0,0,0,3,1,6,1,25,5,2362,1,10,-1,1,-1
201501MM70843,1,9,0,18,0,1,0,0,0,0,2,1,6,2,33,6,1956,2,5,-1,1,-1
201501MM70843,2,9,0,18,0,1,0,0,0,0,1,1,6,3,-1,-1,1998,2,14,-1,-1,-1
201501MM70844,1,9,0,3,0,0,0,0,0,0,2,1,6,1,41,7,1598,1,13,-1,1,-1
201501MM70844,2,9,0,18,0,0,0,0,0,0,1,1,6,1,-1,-1,-1,-1,-1,-1,1,-1
201501MM70845,1,9,0,7,0,8,0,0,0,0,4,1,6,2,47,8,-1,-1,-1,-1,1,-1
201501MM70845,2,4,0,18,0,8,0,0,0,0,1,1,6,1,43,7,125,1,-1,-1,1,-1
201501MM70846,1,9,0,11,0,0,0,0,0,0,4,1,6,3,-1,-1,1685,2,1,-1,-1,-1
201501MM70846,2,1,0,18,0,0,0,0,0,0,3,1,6,2,26,6,-1,-1,-1,-1,1,-1
201501MM70847,1,9,0,9,0,8,0,0,0,0,2,1,6,1,29,6,-1,-1,-1,-1,1,-1
201501MM70847,2,9,0,18,0,8,0,0,0,0,1,1,6,1,37,7,-1,-1,-1,-1,1,-1
201501MM70848,1,11,0,4,0,1,0,0,0,0,0,1,1,1,51,8,7300,2,13,-1,-1,-1
201501MM70849,1,9,0,9,0,1,0,0,0,0,4,1,6,1,49,8,1968,2,6,-1,1,-1
201501MM70849,2,1,0,18,0,8,0,0,0,0,1,1,6,1,48,8,-1,-1,-1,-1,1,-1
201501MM70850,1,1,0,18,0,8,0,0,0,0,0,1,6,1,29,6,-1,-1,-1,-1,1,-1
201501MM70850,2,9,0,9,0,8,0,0,0,0,0,1,6,3,-1,-1,-1,-1,-1,-1,-1,-1
201501MM70851,1,11,0,5,0,8,0,0,0,0,0,1,1,1,44,7,7300,2,11,-1,1,-1
201501MM70852,1,11,0,4,0,8,0,0,0,0,0,1,1,2,46,8,7300,2,13,-1,1,-1
201501MM70853,1,1,0,18,0,8,0,0,0,0,2,1,2,2,34,6,-1,-1,-1,-1,1,-1
201501MM70853,2,9,0,18,0,8,0,0,0,0,1,1,6,3,-1,-1,-1,-1,-1,-1,-1,-1
201501MM70854,1,20,0,18,0,8,0,0,0,0,1,1,1,1,45,7,5880,2,5,-1,1,-1
201501MM70854,2,9,0,9,0,8,0,0,0,0,4,1,1,2,41,7,1497,1,13,-1,1,-1
201501MM70855,1,19,0,18,0,1,0,0,0,0,4,1,6,2,-1,-1,1753,2,9,-1,2,-1
201501MM70856,1,3,0,14,0,8,0,0,0,0,4,1,6,2,33,6,-1,-1,-1,-1,1,-1
201501MM70856,2,3,0,9,0,8,0,0,0,0,1,1,6,1,49,8,125,1,1,-1,1,-1
201501MM70857,1,3,0,18,0,1,0,0,0,0,1,1,6,1,26,6,125,1,-1,-1,1,-1
201501MM70857,2,19,0,7,0,1,0,0,0,0,2,1,6,1,34,6,2287,2,-1,-1,1,-1
201501MM70858,1,3,0,15,0,2,0,0,0,0,3,1,2,1,44,7,125,1,5,-1,1,-1
201501MM70858,2,9,0,18,0,2,0,0,0,0,4,1,2,1,47,8,1798,1,5,-1,1,-1
201501MM70859,1,9,0,9,0,8,0,0,0,0,3,1,2,2,36,7,1397,1,13,-1,1,-1
201501MM70859,2,3,0,14,0,8,0,0,0,0,1,1,1,1,34,6,125,1,8,-1,1,-1
201501MM70860,1,1,0,18,0,8,0,0,0,0,1,1,6,1,32,6,-1,-1,-1,-1,1,-1
201501MM70860,2,9,0,3,0,8,0,0,0,0,2,1,6,2,33,6,1998,1,9,-1,1,-1
201501MM70861,1,3,0,14,0,1,0,0,0,0,1,1,2,1,42,7,125,1,4,-1,1,-1
201501MM70861,2,19,0,9,0,1,0,0,0,0,3,1,6,1,24,5,1868,2,9,-1,1,-1
201501MM70862,1,19,0,7,0,8,0,0,0,0,4,1,6,1,50,8,1587,1,6,-1,1,-1
201501MM70862,2,1,0,18,0,8,0,0,0,0,3,1,2,2,26,6,-1,-1,-1,-1,1,-1
201501MM70863,1,9,0,18,0,8,0,0,0,0,3,1,2,2,29,6,1968,2,5,-1,1,-1
201501MM70863,2,1,0,7,0,8,0,0,0,0,1,1,6,1,29,6,-1,-1,-1,-1,1,-1
201501MM70864,1,9,0,5,0,8,0,0,0,0,3,1,1,1,49,8,2995,1,13,-1,-1,-1
201501MM70864,2,1,0,14,0,8,0,0,0,0,1,1,6,1,35,6,-1,-1,-1,-1,1,-1
201501MM70866,1,11,0,2,0,1,0,0,0,0,2,1,1,1,31,6,7300,2,10,-1,1,-1
201501MM70866,2,1,0,18,0,1,0,4,0,0,1,1,2,1,29,6,-1,-1,-1,-1,1,-1
201501MM70867,1,3,0,4,0,0,0,0,0,0,1,1,6,1,31,6,124,1,6,-1,1,-1
201501MM70867,2,9,0,4,0,0,0,0,0,0,4,1,6,2,22,5,1364,1,5,-1,1,-1
201501MM70869,1,1,0,18,0,8,0,0,0,0,2,1,6,1,37,7,-1,-1,-1,-1,1,-1
201501MM70869,2,9,0,9,0,8,0,0,0,0,1,1,6,1,52,8,1598,1,12,-1,1,-1
201501MM70870,1,3,0,18,0,8,0,0,0,0,3,1,6,1,29,6,-1,-1,-1,-1,1,-1
201501MM70870,2,9,0,18,0,8,0,0,0,0,1,1,6,1,-1,-1,1985,1,16,-1,-1,-1
201501MM70871,1,11,0,4,0,1,0,0,0,0,0,1,1,1,56,9,4500,2,-1,-1,1,-1
201501MM70873,1,9,0,18,0,1,0,0,0,0,4,1,6,1,45,7,2497,1,12,-1,-1,-1
201501MM70874,1,3,0,18,0,1,0,0,0,0,0,1,6,1,17,4,125,1,-1,-1,1,-1
201501MM70875,1,1,0,18,0,8,0,0,0,0,1,1,6,1,23,5,-1,-1,-1,-1,1,-1
201501MM70875,2,9,0,9,0,8,0,0,0,0,3,1,6,1,-1,-1,1397,1,6,-1,-1,-1
201501MM70877,1,1,0,5,0,2,0,0,0,0,3,1,6,1,40,7,-1,-1,-1,-1,1,-1
201501MM70877,2,5,0,18,0,2,0,0,0,0,4,1,6,3,-1,-1,-1,-1,-1,-1,-1,-1
201501MM70878,1,3,0,18,0,0,0,0,0,0,1,1,6,1,21,5,124,1,2,-1,-1,-1
201501MM70878,2,1,0,2,0,0,0,0,0,0,2,1,6,3,-1,-1,-1,-1,-1,-1,-1,-1
201501MM70880,1,11,0,4,0,0,0,0,0,0,0,1,1,1,60,9,5132,2,1,-1,-1,-1
201501MM70881,1,5,0,18,0,0,0,0,0,0,1,1,6,1,35,6,803,1,3,-1,1,-1
201501MM70883,1,9,0,5,0,2,0,0,0,0,4,1,6,1,23,5,2993,2,-1,-1,1,-1
201501MM70884,1,19,0,18,0,2,0,0,0,0,4,1,1,1,44,7,2287,2,4,-1,1,-1
201501MM70886,1,1,0,18,0,8,0,0,0,0,3,1,6,2,25,5,-1,-1,-1,-1,1,-1
201501MM70886,2,9,0,9,0,8,0,0,0,0,1,1,6,1,-1,-1,1997,2,13,-1,-1,-1
201501MM70887,1,9,0,9,0,8,0,0,0,0,4,1,6,1,33,6,1595,1,3,-1,1,-1
201501MM70887,2,1,0,18,0,8,0,0,0,0,1,1,6,1,32,6,-1,-1,-1,-1,-1,-1
201501MM70888,1,9,0,7,0,8,0,0,0,0,4,1,6,3,-1,-1,1364,1,6,-1,-1,-1
201501MM70888,2,1,0,18,0,8,0,0,0,0,1,1,6,2,29,6,-1,-1,-1,-1,1,-1
201501MM70889,1,3,0,18,0,1,1,0,0,0,1,1,6,1,27,6,124,1,4,-1,1,-1
201501MM70890,1,19,0,3,0,8,0,0,0,0,2,1,1,1,26,6,2198,2,2,-1,1,-1
201501MM70890,2,1,0,18,0,1,0,0,0,0,1,1,6,1,36,7,-1,-1,-1,-1,1,-1
201501MM70891,1,1,0,18,0,0,0,0,0,0,1,1,6,1,31,6,-1,-1,-1,-1,1,-1
201501MM70892,1,11,0,4,0,0,0,0,0,0,0,1,1,1,31,6,8268,2,12,-1,1,-1
201501MM70894,1,3,0,3,0,2,0,0,0,0,2,1,6,1,43,7,124,1,3,-1,-1,-1
201501MM70894,2,9,0,18,0,2,0,0,0,0,1,1,6,3,-1,-1,-1,-1,-1,-1,-1,-1
201501MM70895,1,9,0,7,0,8,0,0,0,0,4,1,6,1,57,9,1596,1,9,-1,1,-1
201501MM70895,2,1,0,18,2,8,0,0,0,0,1,1,6,1,32,6,-1,-1,-1,-1,1,-1
201501MM70896,1,3,0,18,0,1,1,0,0,0,1,1,6,1,19,4,125,1,5,-1,1,-1
201501MM70897,1,1,0,18,0,8,0,0,0,0,1,1,6,2,36,7,-1,-1,-1,-1,1,-1
201501MM70897,2,9,0,7,0,8,0,0,0,0,3,1,6,1,56,9,2993,2,4,-1,1,-1
201501MM70898,1,9,0,9,0,8,0,0,0,0,1,1,6,1,26,6,1997,2,4,-1,1,-1
201501MM70898,2,3,0,15,0,8,0,0,0,0,1,1,6,1,20,4,-1,-1,-1,-1,1,-1
201501MM70900,1,9,0,18,0,2,0,0,0,0,4,1,6,1,37,7,1796,1,4,-1,1,-1
201501MM70900,2,1,0,18,0,2,0,0,0,0,3,1,6,1,28,6,-1,-1,-1,-1,1,-1
201501MM70901,1,19,0,11,0,8,0,0,0,0,4,1,6,3,-1,-1,1753,2,13,-1,-1,-1
201501MM70901,2,1,0,18,0,8,0,0,0,0,3,1,6,1,49,8,-1,-1,-1,-1,1,-1
201501MM70902,1,1,0,18,0,8,0,0,0,0,1,1,2,2,39,7,-1,-1,-1,-1,1,-1
201501MM70902,2,5,0,9,0,8,0,0,0,0,4,1,2,1,-1,-1,-1,-1,-1,-1,1,-1
201501MM70903,1,11,0,18,0,2,0,0,0,0,3,1,1,2,55,8,-1,-1,-1,-1,-1,-1
201501MM70903,2,1,0,18,0,1,0,0,0,0,3,1,6,1,15,3,-1,-1,-1,-1,-1,-1
201501MM70905,1,9,0,4,0,1,0,0,0,0,2,1,6,2,55,8,-1,-1,-1,-1,1,-1
201501MM70905,2,21,0,4,0,1,0,0,0,0,1,1,6,1,-1,-1,-1,-1,-1,-1,-1,-1
201501MM70906,1,9,0,18,0,0,0,0,0,0,1,1,6,2,-1,-1,-1,-1,-1,-1,-1,-1
201501MM70908,1,9,0,3,0,1,0,0,0,0,4,1,1,1,31,6,1968,2,-1,-1,1,-1
201501MM70908,2,9,0,15,2,1,0,0,1,2,1,1,1,1,52,8,1796,1,8,-1,1,-1
201501MM70909,1,3,0,18,0,8,0,0,0,0,4,1,6,1,41,7,-1,-1,-1,-1,-1,-1
201501MM70909,2,9,0,9,0,8,0,0,0,0,1,1,6,1,24,5,1198,1,-1,-1,1,-1
201501MM70910,1,5,0,18,0,1,0,0,0,0,1,1,6,1,27,6,998,1,10,-1,2,-1
201501MM70910,2,5,0,18,0,1,0,0,0,0,1,1,6,1,27,6,1000,1,7,-1,1,-1
201501MM70910,3,9,0,6,0,1,0,0,0,0,1,1,6,1,36,7,1798,8,-1,-1,-1,-1
201501MM70912,1,19,0,9,0,2,0,0,0,0,1,1,6,1,27,6,2148,2,8,-1,1,-1
201501MM70912,2,90,0,18,0,2,0,0,0,0,4,1,6,2,70,10,-1,-1,-1,-1,1,-1
201501MM70913,1,1,0,18,0,8,0,0,0,0,1,1,6,1,27,6,-1,-1,-1,-1,1,-1
201501MM70913,2,9,0,7,0,8,0,0,0,0,4,1,6,1,-1,-1,-1,-1,-1,-1,-1,-1
201501MM70914,1,9,0,18,0,8,0,0,0,0,1,1,6,2,46,8,998,1,7,-1,1,-1
201501MM70914,2,3,0,18,0,8,0,0,0,0,1,1,6,1,24,5,-1,-1,-1,-1,-1,-1
201501MM70915,1,5,0,18,0,8,0,0,0,0,4,1,6,1,40,7,-1,-1,-1,-1,1,-1
201501MM70915,2,5,0,18,0,8,0,0,0,0,3,1,6,1,33,6,849,1,2,-1,1,-1
201501MM70917,1,5,0,4,0,2,0,0,0,0,1,1,6,1,25,5,645,1,8,-1,-1,-1
201501MM70917,2,9,0,4,0,2,0,0,0,0,2,1,6,1,-1,-1,-1,-1,-1,-1,-1,-1
201501MM70918,1,9,0,18,0,8,0,0,0,0,3,1,6,2,33,6,2496,1,10,-1,-1,-1
201501MM70918,2,9,0,18,0,8,0,0,0,0,1,1,6,1,22,5,1596,1,8,-1,1,-1
201501MM70919,1,9,0,16,0,8,0,0,0,0,3,1,6,1,49,8,1560,2,-1,-1,1,-1
201501MM70919,2,9,0,16,0,8,0,0,0,0,3,1,6,1,-1,-1,1997,2,2,-1,-1,-1
201501MM70920,1,9,0,14,0,0,1,0,0,0,4,1,6,1,46,8,1796,1,7,-1,1,-1
201501MM70922,1,4,0,18,0,8,0,0,0,0,1,1,6,1,24,5,125,1,5,-1,1,-1
201501MM70922,2,9,0,9,0,8,0,0,0,0,1,1,6,1,34,6,1686,2,10,-1,1,-1
201501MM70923,1,1,0,18,0,2,0,0,0,0,1,1,6,1,44,7,-1,-1,-1,-1,-1,-1
201501MM70923,2,9,0,18,0,1,0,0,0,0,1,1,6,1,62,9,1997,2,1,-1,-1,-1
201501MM70924,1,9,0,9,0,8,0,0,0,0,4,1,6,1,61,9,1797,8,6,-1,1,-1
201501MM70924,2,1,0,18,0,8,0,0,0,0,1,1,6,1,48,8,-1,-1,-1,-1,-1,-1
201501MM70926,1,11,0,18,0,8,0,0,0,0,1,1,6,1,36,7,4500,2,1,-1,1,-1
201501MM70926,2,9,0,7,0,8,0,0,0,0,2,1,6,2,33,6,1590,1,10,-1,1,-1
201501MM70927,1,11,0,18,0,8,0,0,0,0,0,1,6,1,35,6,6700,2,6,-1,1,-1
201501MM70928,1,9,0,6,0,0,0,0,0,0,3,1,6,1,24,5,1796,1,9,-1,1,-1
201501MM70928,2,3,0,18,0,0,0,0,0,0,1,1,6,1,22,5,125,1,4,-1,1,-1
201501MM70929,1,1,0,9,0,2,0,0,0,0,1,1,6,1,-1,-1,-1,-1,-1,-1,-1,-1
201501MM70930,1,3,0,18,0,2,0,0,0,0,2,1,6,1,68,10,125,1,2,-1,1,-1
201501MM70930,2,9,0,18,0,2,0,0,0,0,1,1,6,3,-1,-1,-1,-1,-1,-1,-1,-1
201501MM70931,1,11,0,18,0,0,0,0,0,0,1,1,6,1,57,9,7300,2,11,-1,1,-1
201501MM70932,1,3,0,15,0,8,0,0,0,0,1,1,6,1,21,5,125,1,8,-1,-1,-1
201501MM70932,2,8,0,9,0,8,0,0,0,0,1,1,6,1,56,9,2664,2,14,-1,1,-1
201501MM70933,1,8,0,10,0,8,0,0,0,0,3,1,6,1,31,6,1798,8,-1,-1,1,-1
201501MM70933,2,9,0,7,0,8,0,0,0,0,1,1,6,3,-1,-1,1992,2,10,-1,-1,-1
201501MM70934,1,5,0,13,0,8,0,0,0,0,1,1,6,1,41,7,-1,-1,-1,-1,1,-1
201501MM70934,2,9,0,6,0,8,0,0,0,0,3,1,6,1,58,9,-1,-1,-1,-1,1,-1
201501MM70935,1,9,0,18,0,2,0,0,0,0,1,1,6,1,34,6,1951,2,14,-1,1,-1
201501MM70935,2,19,0,18,0,2,0,0,0,0,2,1,6,1,30,6,-1,-1,-1,-1,1,-1
201501MM70936,1,3,0,18,0,8,0,0,0,0,0,1,6,2,43,7,-1,-1,-1,-1,1,-1
201501MM70937,1,5,0,4,0,1,0,0,0,0,2,1,6,1,46,8,599,1,16,-1,1,-1
201501MM70937,2,8,0,4,0,1,0,0,0,0,1,1,6,1,55,8,-1,-1,-1,-1,-1,-1
201501MM70938,1,19,0,18,0,1,0,0,0,0,4,1,6,1,55,8,-1,-1,-1,-1,1,-1
201501MM70939,1,3,0,18,0,8,0,0,0,0,4,1,1,1,32,6,-1,-1,-1,-1,1,-1
201501MM70939,2,19,0,7,0,8,1,0,0,0,1,1,6,1,27,6,2198,2,4,-1,-1,-1
201501MM70940,1,1,0,18,0,2,0,0,0,0,1,1,6,1,23,5,-1,-1,-1,-1,1,-1
201501MM70941,1,3,0,18,0,1,0,0,0,0,3,1,6,1,23,5,-1,-1,-1,-1,1,-1
201501MM70941,2,9,0,11,0,1,0,0,0,0,4,1,6,2,47,8,1124,1,8,-1,1,-1
201501MM70942,1,11,0,18,0,1,0,0,0,0,1,1,1,1,44,7,8268,2,12,-1,1,-1
201501MM70943,1,19,0,9,0,8,0,0,0,0,0,1,1,1,58,9,1560,2,-1,-1,1,-1
201501MM70943,2,3,0,14,0,8,0,0,0,0,0,1,2,1,50,8,125,1,-1,-1,1,-1
201501MM70945,1,3,0,15,0,1,0,0,0,0,1,1,6,1,26,6,124,1,-1,-1,-1,-1
201501MM70946,1,9,0,9,0,8,0,0,0,0,4,1,1,1,34,6,1800,8,4,-1,1,-1
201501MM70946,2,2,0,18,0,8,0,0,0,0,1,1,6,1,21,5,124,1,6,-1,1,-1
201501MM70949,1,19,0,9,0,8,0,0,0,0,1,1,6,3,-1,-1,-1,-1,-1,-1,-1,-1
201501MM70949,2,1,0,18,0,8,0,0,0,0,3,1,6,1,31,6,-1,-1,-1,-1,1,-1
201501MM70952,1,11,0,5,0,0,0,0,0,0,0,1,6,1,47,8,7300,2,12,-1,-1,-1
201501MM70953,1,9,0,4,0,1,0,0,0,0,1,1,6,1,35,6,1968,2,4,-1,1,-1
201501MM70953,2,9,0,4,0,1,0,0,0,0,2,1,6,1,38,7,-1,-1,-1,-1,1,-1
201501MM70954,1,9,0,7,0,8,0,0,0,0,4,1,6,1,25,5,1388,1,10,-1,1,-1
201501MM70954,2,1,0,18,0,8,0,0,0,0,1,1,6,1,26,6,-1,-1,-1,-1,1,-1
201501MM70955,1,19,0,18,0,1,0,0,0,0,4,1,6,1,41,7,1461,2,-1,-1,-1,-1
201501MM70957,1,9,0,18,0,0,0,0,0,0,1,1,6,1,29,6,1686,2,5,-1,1,-1
201501MM70957,2,9,0,18,0,0,0,0,0,0,2,1,6,2,42,7,1598,1,2,-1,1,-1
201501MM70958,1,8,0,1,0,0,0,0,0,0,2,1,1,1,-1,-1,1797,8,5,-1,1,-1
201501MM70959,1,3,0,18,0,1,0,0,0,0,1,1,6,1,18,4,-1,-1,-1,-1,-1,-1
201501MM70960,1,1,0,18,0,2,0,0,0,0,1,1,6,1,-1,-1,-1,-1,-1,-1,-1,-1
201501MM70961,1,11,0,5,0,1,0,0,0,0,0,1,1,1,48,8,7300,2,9,-1,1,-1
201501MM70963,1,9,0,4,0,0,0,0,0,0,1,1,6,1,23,5,1242,1,7,-1,1,-1
201501MM70963,2,8,0,4,0,0,0,0,0,0,2,1,6,1,56,9,1896,2,8,-1,-1,-1
201501MM70964,1,11,0,18,0,2,0,0,0,0,0,1,1,1,32,6,-1,-1,-1,-1,1,-1
201501MM70965,1,11,0,18,0,8,0,0,0,0,3,1,1,1,57,9,8268,2,14,-1,1,-1
201501MM70965,2,9,0,7,0,8,0,0,0,0,4,1,6,1,30,6,1590,1,11,-1,1,-1
201501MM70966,1,3,0,4,0,8,0,0,0,0,0,1,1,1,32,6,124,1,-1,-1,1,-1
201501MM70969,1,3,0,18,0,1,0,0,0,0,4,1,1,1,26,6,108,1,2,-1,1,-1
201501MM70971,1,1,0,18,0,0,0,0,0,0,1,1,6,1,33,6,-1,-1,-1,-1,1,-1
201501MM70973,1,1,0,18,0,1,0,0,0,0,1,1,2,1,28,6,-1,-1,-1,-1,1,-1
201501MM70973,2,9,0,7,0,1,0,0,0,0,4,1,6,2,-1,-1,-1,-1,-1,-1,-1,-1
201501MM70976,1,9,0,18,0,0,0,0,0,0,1,1,6,1,-1,-1,-1,-1,-1,-1,-1,-1
201501MM70977,1,3,0,18,0,0,0,0,0,0,3,1,6,2,27,6,-1,-1,-1,-1,1,-1
201501MM70977,2,9,0,11,0,0,0,0,0,0,4,1,6,1,-1,-1,1796,1,12,-1,-1,-1
201501MM70978,1,1,0,18,0,2,0,0,0,0,0,1,6,1,35,6,-1,-1,-1,-1,1,-1
201501MM70979,1,11,0,5,0,1,0,0,0,0,0,1,6,2,28,6,-1,-1,-1,-1,1,-1
201501MM70979,2,1,0,4,0,1,0,0,0,0,0,1,6,1,20,4,-1,-1,-1,-1,1,-1
201501MM70980,1,1,0,18,0,2,0,0,0,0,4,1,6,1,23,5,-1,-1,-1,-1,1,-1
201501MM70980,2,9,0,7,0,2,0,0,0,0,1,1,6,1,-1,-1,-1,-1,-1,-1,-1,-1
201501MM70981,1,9,0,5,0,1,0,0,0,0,3,1,6,1,35,6,-1,-1,-1,-1,1,-1
201501MM70981,2,9,0,18,0,1,0,0,0,0,4,1,6,2,25,5,1086,1,4,-1,1,-1
201501MM70982,1,5,0,18,0,8,0,0,0,0,1,1,6,1,27,6,599,1,14,-1,1,-1
201501MM70982,2,9,0,9,0,8,0,0,0,0,1,1,6,2,-1,-1,-1,-1,-1,-1,-1,-1
201501MM70983,1,9,0,4,0,0,0,0,0,0,2,1,6,1,27,6,1395,1,-1,-1,1,-1
201501MM70983,2,9,0,4,0,0,0,0,0,0,1,1,6,1,-1,-1,1598,1,11,-1,-1,-1
201501MM70984,1,9,0,5,0,0,0,0,0,0,1,1,6,2,54,8,1598,1,5,-1,1,-1
201501MM70985,1,21,1,18,0,0,0,0,0,0,3,2,1,1,51,8,-1,-1,-1,-1,-1,-1
201501MM70985,2,9,0,11,0,0,0,0,0,0,4,1,6,1,46,8,1998,1,14,-1,1,-1
201501MM70986,1,1,0,18,0,8,0,0,0,0,4,1,6,1,33,6,-1,-1,-1,-1,1,-1
201501MM70986,2,9,0,7,0,8,0,0,0,0,1,1,6,1,-1,-1,1598,1,14,-1,-1,-1
201501MM70987,1,9,0,10,0,8,0,0,0,0,4,1,6,1,44,7,-1,-1,-1,-1,1,-1
201501MM70987,2,1,0,18,0,8,0,0,0,0,1,1,6,2,33,6,-1,-1,-1,-1,1,-1
201501MM70988,1,9,0,18,0,8,0,0,0,0,4,1,6,1,53,8,1400,1,16,-1,1,-1
201501MM70988,2,1,0,18,0,8,0,0,0,0,1,1,6,2,22,5,-1,-1,-1,-1,1,-1
201501MM70989,1,9,0,18,0,1,0,0,0,0,4,1,6,1,67,10,-1,-1,-1,-1,-1,-1
201501MM70991,1,5,0,3,0,8,0,0,0,0,4,1,6,1,48,8,-1,-1,-1,-1,1,-1
201501MM70991,2,11,0,7,0,8,0,0,0,0,3,1,6,1,-1,-1,8900,2,3,-1,-1,-1
201501MM70992,1,1,0,18,0,8,0,0,0,0,4,1,6,1,61,9,-1,-1,-1,-1,1,-1
201501MM70992,2,9,0,9,0,8,0,0,0,0,1,1,6,3,-1,-1,-1,-1,-1,-1,-1,-1
201501MM70993,1,5,0,18,0,8,0,0,0,0,1,1,6,1,43,7,649,1,5,-1,1,-1
201501MM70993,2,9,0,9,0,5,0,0,0,0,4,1,6,1,-1,-1,2143,2,-1,-1,-1,-1
201501MM70994,1,9,0,4,0,1,0,0,0,0,1,1,6,1,39,7,2494,8,-1,-1,1,-1
201501MM70994,2,9,0,4,0,1,0,0,0,0,2,1,6,2,28,6,998,1,7,-1,1,-1
201501MM70995,1,9,0,3,0,0,0,0,0,0,2,1,6,2,54,8,1598,1,5,-1,1,-1
201501MM70995,2,19,0,4,0,0,0,0,0,0,1,1,6,1,-1,-1,2143,2,2,-1,-1,-1
201501MM70995,3,19,0,3,0,0,0,0,0,0,2,1,6,1,41,7,-1,-1,-1,-1,1,-1
201501MM70996,1,9,0,2,0,0,0,0,0,0,3,1,6,1,72,10,4921,2,9,-1,1,-1
201501MM70996,2,1,0,18,0,0,0,0,0,0,1,1,2,2,30,6,-1,-1,-1,-1,-1,-1
201501MM70997,1,11,0,5,0,1,0,0,0,0,0,1,6,1,-1,-1,7300,2,12,-1,-1,-1
201501MM70998,1,9,0,3,0,1,0,0,0,0,2,1,6,1,39,7,1997,2,3,-1,1,-1
201501MM70998,2,5,0,18,0,1,0,0,0,0,1,1,6,1,-1,-1,-1,-1,-1,-1,-1,-1
201501MM70999,1,3,0,18,0,8,0,0,0,0,1,1,6,1,31,6,-1,-1,-1,-1,1,-1
201501MM70999,2,9,0,7,0,8,0,0,0,0,4,1,6,1,41,7,1997,2,2,-1,-1,-1
201501MM71000,1,2,0,18,0,1,0,0,0,0,1,1,1,1,23,5,49,1,7,-1,1,-1
201501MM71001,1,1,0,18,0,8,0,0,0,0,1,1,6,1,35,6,-1,-1,-1,-1,1,-1
201501MM71001,2,9,0,9,0,8,0,0,0,0,1,1,6,2,-1,-1,-1,-1,-1,-1,-1,-1
201501MM71004,1,19,0,9,0,8,0,0,0,0,3,1,6,1,38,7,2148,2,9,-1,1,-1
201501MM71004,2,3,0,14,0,8,0,0,0,0,1,1,6,1,22,5,125,1,5,-1,1,-1
201501MM71005,1,9,0,18,0,1,0,0,0,0,1,1,6,1,44,7,1799,1,16,-1,1,-1
201501MM71005,2,1,0,7,0,2,0,0,0,0,1,1,6,1,24,5,-1,-1,-1,-1,1,-1
201501MM71006,1,3,0,9,0,8,0,0,0,0,1,1,6,1,26,6,-1,-1,-1,-1,1,-1
201501MM71006,2,9,0,6,0,8,0,0,0,0,4,1,6,1,43,7,1984,1,13,-1,1,-1
201501MM71007,1,11,0,18,0,0,0,0,0,0,4,1,6,1,36,7,7300,2,9,-1,1,-1
201501MM71007,2,3,0,15,0,0,0,0,0,0,3,1,6,1,17,4,-1,-1,-1,-1,-1,-1
201501MM71008,1,9,0,3,0,0,0,0,0,0,3,1,6,1,35,6,999,1,-1,-1,1,-1
201501MM71008,2,3,0,14,0,0,0,0,0,0,4,1,6,1,27,6,125,1,7,-1,1,-1
201501MM71009,1,11,0,7,0,2,0,0,0,0,0,1,1,1,51,8,7300,2,11,-1,1,-1
201501MM71010,1,1,0,18,0,8,0,0,0,0,1,1,6,1,49,8,-1,-1,-1,-1,1,-1
201501MM71010,2,9,0,9,0,8,0,0,0,0,1,1,6,1,44,7,1461,2,5,-1,1,-1
201501MM71011,1,4,0,14,0,1,0,0,0,0,1,1,6,1,-1,-1,125,1,-1,-1,-1,-1
201501MM71012,1,19,0,18,0,1,0,0,0,0,3,1,1,1,20,4,1598,2,-1,-1,1,-1
201501MM71013,1,9,0,1,0,2,0,0,0,0,2,1,6,1,-1,-1,-1,-1,-1,-1,-1,-1
201501MM71014,1,21,0,9,0,1,0,0,0,0,4,1,6,1,50,8,-1,-1,-1,-1,1,-1
201501MM71014,2,2,0,9,0,1,0,0,0,0,3,1,6,1,34,6,-1,-1,-1,-1,1,-1
201501MM71015,1,9,0,1,0,0,0,0,0,0,2,1,6,1,56,9,1598,1,8,-1,1,-1
201501MM71018,1,11,0,4,0,1,0,0,0,0,0,1,1,2,41,7,6700,2,4,-1,1,-1
201501MM71019,1,9,0,18,0,8,0,0,0,0,1,1,6,1,54,8,1598,1,13,-1,1,-1
201501MM71019,2,1,0,9,0,8,0,0,0,0,2,1,6,1,42,7,-1,-1,-1,-1,1,-1
201501MM71020,1,9,0,18,0,1,0,0,0,0,3,1,6,1,36,7,4367,2,1,-1,1,-1
201501MM71021,1,1,0,18,0,1,0,0,0,0,1,1,6,1,-1,-1,-1,-1,-1,-1,-1,-1
201501MM71022,1,1,0,18,0,8,0,0,0,0,1,1,6,1,18,4,-1,-1,-1,-1,1,-1
201501MM71022,2,19,0,7,0,8,0,0,0,0,4,1,6,1,-1,-1,-1,-1,-1,-1,-1,-1
201501MM71023,1,3,0,18,0,8,0,0,0,0,0,1,6,1,42,7,124,1,6,-1,1,-1