Accident_Index,Vehicle_Reference,Vehicle_Type,Towing_and_Articulation,Vehicle_Manoeuvre,Vehicle_Location-Restricted_Lane,Junction_Location,Skidding_and_Overturning,Hit_Object_in_Carriageway,Vehicle_Leaving_Carriageway,Hit_Object_off_Carriageway,1st_Point_of_Impact,Was_Vehicle_Left_Hand_Drive?,Journey_Purpose_of_Driver,Sex_of_Driver,Age_of_Driver,Age_Band_of_Driver,Engine_Capacity_(CC),Propulsion_Code,Age_of_Vehicle,Driver_IMD_Decile,Driver_Home_Area_Type,Vehicle_IMD_Decile
201501PL60027,4,9,0,2,0,1,0,0,0,0,2,1,6,3,-1,-1,-1,-1,-1,-1,-1,-1
201501PL60028,1,9,0,18,0,8,0,0,0,0,1,1,6,1,38,7,2993,2,5,-1,1,-1
201501PL60028,2,9,0,7,0,8,0,0,0,0,4,1,6,1,42,7,1598,1,9,-1,1,-1
201501PL60029,1,9,0,18,0,0,0,0,0,0,1,1,6,1,-1,-1,1242,1,3,-1,-1,-1
201501PL60030,1,9,0,9,0,8,0,0,0,0,3,1,6,2,37,7,1596,1,17,-1,1,-1
201501PL60030,2,3,0,14,0,8,0,0,0,0,1,1,6,1,39,7,125,1,1,-1,1,-1
201501PL60031,1,9,0,9,0,8,0,0,0,0,2,1,6,1,43,7,1968,2,10,-1,1,-1
201501PL60031,2,19,0,9,0,8,0,0,0,0,1,1,6,1,-1,-1,-1,-1,-1,-1,-1,-1
201501PL60042,1,9,0,9,0,8,0,0,0,0,1,1,6,1,37,7,1796,1,11,-1,1,-1
201501PL60042,2,1,0,18,0,8,0,0,0,0,4,1,6,1,32,6,-1,-1,-1,-1,-1,-1
201501PL60043,1,9,0,9,0,8,0,0,0,0,1,1,6,2,26,6,1398,1,5,-1,1,-1
201501PL60043,2,4,0,18,0,8,0,0,0,0,1,1,6,1,26,6,499,1,16,-1,1,-1
201501PL60045,1,9,0,18,0,1,0,0,0,0,1,1,6,3,-1,-1,2143,2,3,-1,-1,-1
201501PL60045,2,9,0,3,0,1,0,0,0,0,2,1,6,2,38,7,1986,2,7,-1,3,-1
201501PL60045,3,9,0,3,0,1,0,0,0,0,2,1,6,1,-1,-1,1388,1,8,-1,1,-1
201501PL60046,1,8,0,1,0,0,0,0,0,0,4,1,6,1,-1,-1,-1,-1,-1,-1,-1,-1
201501PL60047,1,11,0,7,0,2,0,0,0,0,1,1,1,1,59,9,-1,-1,-1,-1,1,-1
201501PL60049,1,9,0,18,0,1,0,0,0,0,4,1,6,1,21,5,1461,2,1,-1,1,-1
201501PL60049,2,9,0,15,0,1,0,10,1,4,3,1,6,1,-1,-1,1997,1,-1,-1,1,-1
201501PL60050,1,9,0,18,0,1,0,0,0,0,1,1,6,1,43,7,1242,1,9,-1,1,-1
201501PL60051,1,9,0,18,0,1,0,0,0,0,1,1,6,2,60,9,1997,1,2,-1,1,-1
201501PL60051,2,9,0,4,0,1,0,0,0,0,2,1,6,1,42,7,-1,-1,-1,-1,1,-1
201501PL60051,3,9,0,4,0,1,0,0,0,0,2,1,6,1,35,6,2685,2,13,-1,1,-1
201501PL60052,1,9,0,18,0,1,0,0,0,0,1,1,6,2,30,6,1242,1,17,-1,1,-1
201501PL60053,1,9,0,5,0,1,0,0,0,0,3,1,6,1,60,9,1329,1,3,-1,1,-1
201501PL60053,2,3,0,5,0,1,0,0,0,0,4,1,6,2,47,8,124,1,2,-1,1,-1
201501PL60054,1,9,0,7,0,8,0,0,0,0,3,1,6,1,49,8,2494,1,14,-1,1,-1
201501PL60054,2,9,0,18,0,8,0,0,0,0,1,1,6,2,-1,-1,1995,2,9,-1,1,-1
201501PL60055,1,9,0,9,0,8,0,0,0,0,1,1,6,1,29,6,1995,2,1,-1,1,-1
201501PL60055,2,3,0,18,0,8,0,0,0,0,1,1,6,1,27,6,124,1,15,-1,-1,-1
201501PL60056,1,19,0,18,0,1,0,0,0,0,3,1,6,1,49,8,1248,2,2,-1,1,-1
201501PL60056,2,4,0,13,0,1,0,0,0,0,4,1,6,1,18,4,109,1,3,-1,1,-1
201501PL60060,1,9,0,18,0,0,0,0,0,0,1,1,6,1,23,5,1896,2,10,-1,1,-1
201501PL60062,1,9,0,15,0,0,0,0,0,0,1,1,6,1,36,7,1998,2,9,-1,1,-1
201501PL60063,1,9,0,9,0,8,0,0,0,0,1,1,6,2,78,11,-1,-1,-1,-1,1,-1
201501PL60063,2,4,0,15,0,8,0,0,0,0,1,1,6,1,57,9,-1,-1,-1,-1,1,-1
201501PL60064,1,9,0,4,0,1,0,0,0,0,2,1,6,2,47,8,1149,1,13,-1,1,-1
201501PL60064,2,9,0,4,0,1,0,0,0,0,1,1,6,2,-1,-1,-1,-1,-1,-1,-1,-1
201501PL60065,1,3,0,9,0,8,0,0,0,0,2,1,6,1,21,5,125,1,11,-1,1,-1
201501PL60065,2,9,0,9,0,8,0,0,0,0,1,1,6,2,42,7,1796,1,12,-1,1,-1
201501PL60066,1,9,0,1,0,1,0,0,0,0,2,1,6,1,-1,-1,2143,2,1,-1,1,-1
201501PL60067,1,3,0,18,0,0,0,0,0,0,1,1,6,1,-1,-1,-1,-1,-1,-1,-1,-1
201501PL60069,1,5,0,18,0,8,0,0,0,0,0,1,6,1,24,5,-1,-1,-1,-1,1,-1
201501PL60069,2,9,0,9,0,8,0,0,0,0,0,1,6,1,55,8,-1,-1,-1,-1,1,-1
201501PL60072,1,9,0,4,0,1,0,0,0,0,2,1,6,1,69,10,1389,1,18,-1,1,-1
201501PL60072,2,9,0,4,0,1,0,0,0,0,1,1,6,1,-1,-1,1796,1,15,-1,1,-1
201501PL60073,1,9,0,3,0,0,0,0,0,0,2,1,6,1,40,7,1956,2,1,-1,1,-1
201501PL60073,2,9,0,18,0,0,0,0,0,0,1,1,6,1,51,8,-1,-1,-1,-1,1,-1
201501PL60074,1,9,0,7,0,8,0,0,0,0,4,1,6,1,43,7,1968,2,1,-1,1,-1
201501PL60075,1,9,0,3,0,1,0,0,0,0,2,1,6,2,37,7,1973,1,15,-1,1,-1
201501PL60075,2,9,0,18,0,1,0,0,0,0,1,1,6,1,-1,-1,-1,-1,-1,-1,-1,-1
201501PL60076,1,9,0,18,0,2,0,10,1,2,1,1,6,1,27,6,2254,1,13,-1,1,-1
201501PL60076,2,9,0,9,0,8,0,0,0,0,0,1,6,3,-1,-1,-1,-1,-1,-1,-1,-1
201501PL60077,1,3,0,18,0,8,0,0,0,0,1,1,6,1,17,4,-1,-1,-1,-1,1,-1
201501PL60077,2,9,0,9,0,8,0,0,0,0,1,1,6,3,-1,-1,-1,-1,-1,-1,-1,-1
201501PL60078,1,9,0,9,0,8,0,0,0,0,1,1,6,1,37,7,1198,1,1,-1,1,-1
201501PL60078,2,5,0,18,0,8,0,0,0,0,1,1,6,1,33,6,998,1,11,-1,1,-1
201501PL60079,1,9,0,9,0,2,0,0,0,0,1,1,6,1,34,6,1395,1,2,-1,1,-1
201501PL60080,1,9,0,18,0,8,0,0,0,0,1,1,6,2,64,9,1242,1,1,-1,1,-1
201501PL60080,2,9,0,9,0,8,0,0,0,0,1,1,6,1,21,5,-1,-1,-1,-1,1,-1
201501PL60081,1,9,0,18,0,0,0,0,0,0,1,1,6,2,42,7,1796,1,11,-1,1,-1
201501PL60084,1,9,0,18,0,8,0,0,0,0,3,1,1,1,76,11,2993,2,11,-1,-1,-1
201501PL60084,2,9,0,18,0,8,0,0,0,0,1,1,6,3,-1,-1,2979,1,11,-1,-1,-1
201501PL60088,1,9,0,18,0,1,0,10,7,2,1,1,6,1,38,7,1794,1,6,-1,1,-1
201501PL60090,1,9,0,4,0,8,0,0,0,0,2,1,6,1,43,7,-1,-1,-1,-1,1,-1
201501PL60090,2,9,0,4,0,8,0,0,0,0,1,1,6,1,-1,-1,-1,-1,-1,-1,-1,-1
201501PL60091,1,11,0,5,0,8,0,0,0,0,0,1,1,1,49,8,8268,2,10,-1,1,-1
201501PL60092,1,9,0,18,0,0,0,10,1,10,1,1,6,2,24,5,1242,1,10,-1,1,-1
201501PL60093,1,9,0,18,0,2,0,0,0,0,1,1,6,1,54,8,1560,2,4,-1,-1,-1
201501PL60095,1,9,0,18,0,1,0,0,0,0,1,1,6,3,-1,-1,-1,-1,-1,-1,-1,-1
201501PL60096,1,9,0,18,0,1,0,0,0,0,0,1,6,1,39,7,-1,-1,-1,-1,2,-1
201501PL60096,2,5,0,18,0,1,0,0,0,0,0,1,6,1,39,7,992,1,10,-1,1,-1
201501PL60097,1,9,0,18,0,2,0,10,1,2,1,1,6,2,47,8,-1,-1,-1,-1,1,-1
201501PL60098,1,11,0,18,0,2,0,0,0,0,1,1,1,3,-1,-1,-1,-1,-1,-1,-1,-1
201501PL60099,1,9,0,4,0,2,0,0,0,0,4,1,6,1,34,6,1997,2,1,-1,1,-1
201501PL60099,2,3,0,18,0,2,0,0,0,0,3,1,6,1,25,5,125,1,11,-1,1,-1
201501PL60101,1,9,0,9,0,8,0,0,0,0,2,1,6,1,52,8,1968,2,6,-1,1,-1
201501PL60101,2,9,0,16,0,8,0,0,0,0,2,1,6,1,22,5,-1,-1,-1,-1,1,-1
201501PL60101,3,9,0,16,0,8,0,0,0,0,1,1,6,3,-1,-1,-1,-1,-1,-1,-1,-1
201501PL60104,1,19,0,18,0,0,0,0,0,0,1,1,6,1,42,7,1995,2,1,-1,1,-1
201501PL60105,1,11,0,4,0,0,0,0,0,0,0,1,1,1,50,8,-1,-1,-1,-1,1,-1
201501PL60106,1,9,0,3,0,1,0,0,0,0,2,1,6,1,54,8,-1,-1,-1,-1,1,-1
201501PL60106,2,9,0,3,0,1,0,0,0,0,2,1,6,1,-1,-1,2171,1,12,-1,1,-1
201501PL60106,3,9,0,18,0,1,0,0,0,0,1,1,6,2,-1,-1,1997,1,3,-1,-1,-1
201501PL60107,1,9,0,3,0,1,0,0,0,0,2,1,6,1,42,7,1198,1,4,-1,1,-1
201501PL60107,2,9,0,4,0,1,0,0,0,0,1,1,6,1,38,7,2736,1,13,-1,1,-1
201501PL60108,1,9,0,18,0,2,0,0,0,0,1,1,6,1,60,9,1998,1,7,-1,1,-1
201501PL60109,1,9,0,9,0,8,0,0,0,0,4,1,6,1,57,9,1598,1,8,-1,1,-1
201501PL60109,2,1,0,15,0,8,0,0,0,0,1,1,6,1,49,8,-1,-1,-1,-1,1,-1
201501PL60110,1,1,0,18,0,8,0,0,0,0,1,1,6,1,37,7,-1,-1,-1,-1,1,-1
201501PL60110,2,9,0,9,0,8,0,0,0,0,4,1,6,2,-1,-1,1598,1,1,-1,-1,-1
201501PL60111,1,3,0,18,0,8,0,0,0,0,1,1,1,1,20,4,-1,-1,-1,-1,1,-1
201501PL60111,2,3,0,9,0,8,0,0,0,0,3,1,6,1,-1,-1,-1,-1,-1,-1,-1,-1
201501PL60112,1,1,0,18,0,8,0,0,0,0,1,1,6,1,-1,-1,-1,-1,-1,-1,-1,-1
201501PL60112,2,9,0,9,0,8,0,0,0,0,4,1,6,1,-1,-1,1796,1,12,-1,-1,-1
201501PL60115,1,9,0,4,0,1,0,0,0,0,2,1,6,1,49,8,1390,1,17,-1,1,-1
201501PL60115,2,90,0,4,0,1,0,0,0,0,1,1,1,1,-1,-1,-1,-1,-1,-1,-1,-1
201501PL60116,1,9,0,4,0,1,0,0,0,0,2,1,6,1,29,6,1360,1,12,-1,1,-1
201501PL60116,2,9,0,4,0,1,0,0,0,0,1,1,6,1,-1,-1,1560,2,10,-1,-1,-1
201501PL60117,1,9,0,3,0,1,0,0,0,0,1,1,6,2,26,6,-1,-1,-1,-1,1,-1
201501PL60117,2,19,0,1,0,2,0,0,0,0,2,1,6,1,-1,-1,1753,2,11,-1,-1,-1
201501PL60121,1,5,0,13,0,8,0,0,0,0,1,1,6,1,38,7,745,1,1,-1,1,-1
201501PL60121,2,9,0,9,0,8,0,0,0,0,3,1,6,1,35,6,1995,2,10,-1,1,-1
201501PL60122,1,9,0,9,0,8,0,0,0,0,4,1,6,1,34,6,3999,1,7,-1,-1,-1
201501PL60122,2,5,0,18,0,8,0,0,0,0,1,1,6,1,40,7,1170,1,4,-1,-1,-1
201501PL60124,1,2,0,18,0,1,0,0,0,0,1,1,1,1,19,4,49,1,8,-1,1,-1
201501PL60126,1,9,0,18,0,8,0,0,0,0,1,1,6,2,33,6,1349,1,5,-1,1,-1
201501PL60126,2,1,0,18,0,8,0,0,0,0,3,1,6,1,25,5,-1,-1,-1,-1,1,-1
201501PL60129,1,2,0,18,0,8,0,0,0,0,1,1,6,1,34,6,49,1,3,-1,1,-1
201501PL60129,2,9,0,9,0,8,0,0,0,0,4,1,6,1,41,7,-1,-1,-1,-1,1,-1
201501PL60131,1,11,0,5,0,1,0,0,0,0,3,1,1,1,48,8,7300,2,12,-1,1,-1
201501PL60131,2,9,0,13,0,1,0,0,0,0,4,1,6,1,-1,-1,-1,-1,-1,-1,-1,-1
201501PL60133,1,9,0,11,0,1,0,0,0,0,4,1,6,2,48,8,1598,1,7,-1,1,-1
201501PL60133,2,1,0,18,0,1,0,0,0,0,3,1,6,1,38,7,-1,-1,-1,-1,1,-1
201501PL60134,1,9,0,4,0,1,0,0,0,0,2,1,6,1,34,6,2979,1,13,-1,1,-1
201501PL60134,2,9,0,4,0,1,0,0,0,0,1,1,6,1,-1,-1,1995,2,11,-1,-1,-1
201501PL60137,1,9,0,18,0,1,0,0,0,0,1,1,6,3,-1,-1,-1,-1,-1,-1,-1,-1
201501PL60139,1,9,0,6,0,2,0,0,0,0,3,1,6,2,23,5,1995,2,4,-1,1,-1
201501PL60139,2,3,0,18,0,1,0,0,0,0,1,1,6,1,24,5,124,1,6,-1,1,-1
201501PL60140,1,1,0,18,0,2,0,0,0,0,4,1,6,1,35,6,-1,-1,-1,-1,1,-1
201501PL60140,2,9,0,18,0,2,0,0,0,0,3,1,6,3,-1,-1,-1,-1,-1,-1,-1,-1
201501PL60144,1,11,0,4,0,0,0,0,0,0,0,1,6,1,-1,-1,7300,2,9,-1,-1,-1
201501PL60147,1,9,0,18,0,8,0,0,0,0,4,1,6,2,23,5,1397,1,7,-1,1,-1
201501PL60147,2,1,0,18,0,8,0,0,0,0,1,1,6,1,51,8,-1,-1,-1,-1,3,-1
201501PL60148,1,21,0,4,0,2,0,0,0,0,2,1,1,1,33,6,7201,2,6,-1,1,-1
201501PL60148,2,9,0,4,0,2,0,0,0,0,2,1,6,1,-1,-1,-1,-1,-1,-1,1,-1
201501PL60149,1,1,0,18,0,1,0,0,0,0,1,1,6,3,-1,-1,-1,-1,-1,-1,-1,-1
201501PL60150,1,9,0,18,0,1,0,0,0,0,1,1,6,3,-1,-1,-1,-1,-1,-1,-1,-1
201501PL60151,1,9,0,18,0,1,0,0,0,0,1,1,6,1,62,9,1896,2,7,-1,-1,-1
201501PL60151,2,1,0,18,0,1,0,0,0,0,2,1,6,1,44,7,-1,-1,-1,-1,1,-1
201501PL60152,1,19,0,18,0,1,0,0,0,0,2,1,1,1,56,9,-1,-1,-1,-1,1,-1
201501PL60152,2,9,0,18,0,1,0,0,0,0,1,1,6,1,37,7,1995,2,5,-1,1,-1
201501PL60153,1,9,0,18,0,1,0,0,0,0,1,1,6,1,60,9,1798,8,1,-1,1,-1
201501PL60154,1,2,0,4,0,1,0,0,0,0,1,1,6,1,20,4,124,1,10,-1,3,-1
201501PL60154,2,9,0,4,0,1,0,0,0,0,2,1,6,2,22,5,1124,1,12,-1,1,-1
201501PL60155,1,11,0,18,0,1,0,0,0,0,1,1,1,1,42,7,4500,2,1,-1,1,-1
201501PL60156,1,19,0,18,0,8,0,0,0,0,1,1,1,1,-1,-1,-1,-1,-1,-1,-1,-1
201501PL60156,2,9,0,9,0,8,0,0,0,0,3,1,6,2,21,5,1339,1,7,-1,1,-1
201501PL60157,1,9,0,18,0,1,0,0,0,0,1,1,6,2,22,5,1198,1,5,-1,1,-1
201501PL60157,2,1,0,18,0,1,0,0,0,0,2,1,6,1,37,7,-1,-1,-1,-1,-1,-1
201501PL60158,1,11,0,7,0,8,0,0,0,0,0,1,1,1,49,8,3900,2,9,-1,-1,-1
201501PL60159,1,5,0,7,0,8,0,10,1,10,1,1,6,1,56,9,1157,1,8,-1,1,-1
201501PL60160,1,9,0,3,0,2,0,0,0,0,2,1,6,1,35,6,1796,1,9,-1,1,-1
201501PL60160,2,9,0,4,0,2,0,0,0,0,1,1,6,3,-1,-1,-1,-1,-1,-1,-1,-1
201501PL60161,1,9,0,18,0,1,0,0,0,0,1,1,1,1,26,6,-1,-1,-1,-1,1,-1
201501PL60161,2,9,0,18,0,2,0,0,0,0,1,1,6,3,-1,-1,1910,2,8,-1,-1,-1
201501PL60162,1,9,0,18,0,1,0,0,0,0,1,1,6,1,48,8,1497,8,8,-1,1,-1
201501PL60163,1,9,0,18,0,1,0,0,0,0,1,1,6,1,-1,-1,2993,2,9,-1,1,-1
201501PL60164,1,9,0,18,0,1,0,0,0,0,1,1,6,3,-1,-1,-1,-1,-1,-1,-1,-1
201501PL60165,1,1,0,18,0,1,0,0,0,0,1,1,6,3,-1,-1,-1,-1,-1,-1,-1,-1
201501PL60167,1,9,0,9,0,8,0,0,0,0,4,1,1,1,28,6,1686,2,4,-1,1,-1
201501PL60167,2,1,0,18,0,8,0,0,0,0,1,1,6,1,38,7,-1,-1,-1,-1,1,-1
201501PL60168,1,9,0,9,0,8,0,0,0,0,4,1,6,2,25,5,1998,1,13,-1,1,-1
201501PL60168,2,3,0,18,0,8,0,0,0,0,1,1,6,1,21,5,125,1,4,-1,1,-1
201501PL60169,1,3,0,18,0,1,0,0,0,0,2,1,6,1,26,6,125,1,12,-1,-1,-1
201501PL60169,2,9,0,13,0,1,0,0,0,0,1,1,6,3,-1,-1,-1,-1,-1,-1,-1,-1
201501PL60170,1,9,0,9,0,8,0,0,0,0,4,1,6,1,81,11,1242,1,14,-1,1,-1
201501PL60170,2,2,0,18,0,8,0,0,0,0,1,1,6,1,19,4,124,1,1,-1,1,-1
201501PL60171,1,9,0,18,0,1,0,0,0,0,1,1,6,2,27,6,1229,1,1,-1,1,-1
201501PL60172,1,9,0,7,0,8,0,0,0,0,2,1,6,1,27,6,1596,1,10,-1,1,-1
201501PL60172,2,3,0,18,0,8,0,0,0,0,1,1,6,1,30,6,-1,-1,-1,-1,1,-1
201501PL60173,1,9,0,18,0,1,0,0,0,0,1,1,6,1,41,7,-1,-1,-1,-1,1,-1
201501PL60173,2,9,0,18,0,1,0,0,0,0,2,1,6,1,-1,-1,1998,1,11,-1,1,-1
201501PL60174,1,19,0,4,0,0,0,0,0,0,1,1,1,1,39,7,2500,2,10,-1,1,-1
201501PL60174,2,9,0,3,0,0,0,0,0,0,2,1,6,2,36,7,1998,1,14,-1,1,-1
201501PL60176,1,20,0,18,0,1,0,0,0,0,1,1,1,1,46,8,4462,2,1,-1,1,-1
201501PL60178,1,19,0,2,0,1,0,0,0,0,3,1,6,1,41,7,1248,2,10,-1,1,-1
201501PL60178,2,1,0,14,0,1,0,8,0,0,1,1,6,2,37,7,-1,-1,-1,-1,1,-1
201501PL60179,1,9,0,18,0,1,0,0,0,0,1,1,6,1,41,7,1596,1,8,-1,-1,-1
201501PL60180,1,9,0,18,0,8,0,0,0,0,1,1,6,2,27,6,1598,1,16,-1,-1,-1
201501PL60180,2,9,0,18,0,8,0,0,0,0,3,1,6,2,47,8,-1,-1,-1,-1,1,-1
201501PL60182,1,9,0,18,0,8,0,0,0,0,3,1,6,1,20,4,-1,-1,-1,-1,1,-1
201501PL60182,2,9,0,7,0,8,0,0,0,0,1,1,6,1,21,5,1896,2,9,-1,1,-1
201501PL60185,1,9,0,9,0,8,0,0,0,0,3,1,6,1,47,8,-1,-1,-1,-1,1,-1
201501PL60185,2,9,0,18,0,8,0,0,0,0,1,1,6,1,24,5,1796,1,10,-1,1,-1
201501PL60187,1,11,0,18,0,8,0,0,0,0,1,1,1,1,49,8,7300,2,14,-1,1,-1
201501PL60187,2,19,0,9,0,8,0,0,0,0,3,1,6,1,47,8,1995,2,7,-1,1,-1
201501PL60188,1,9,0,18,0,0,0,0,0,0,2,1,6,2,-1,-1,-1,-1,-1,-1,-1,-1
201501PL60188,2,9,0,18,0,0,0,0,0,0,1,1,6,1,21,5,-1,-1,-1,-1,-1,-1
201501PL60189,1,19,0,7,0,8,0,0,0,0,3,1,6,3,-1,-1,7146,2,4,-1,-1,-1
201501PL60189,2,1,0,18,0,8,0,0,0,0,1,1,6,1,38,7,-1,-1,-1,-1,1,-1
201501PL60190,1,9,0,7,0,8,0,0,0,0,4,1,6,1,55,8,2995,1,10,-1,1,-1
201501PL60190,2,5,0,15,0,8,0,0,0,0,1,1,6,1,31,6,499,1,20,-1,-1,-1
201501PL60191,1,19,0,1,9,2,0,0,0,0,2,1,6,3,-1,-1,2461,2,11,-1,-1,-1
201501PL60192,1,19,0,14,0,0,0,0,0,0,1,1,6,1,-1,-1,-1,-1,-1,-1,-1,-1
201501PL60193,1,9,0,18,0,8,0,0,0,0,1,1,6,1,65,9,1396,1,14,-1,1,-1
201501PL60193,2,9,0,18,0,8,0,0,0,0,3,1,6,2,43,7,1490,1,9,-1,1,-1
201501PL60195,1,1,0,18,0,8,0,0,0,0,1,1,6,1,36,7,-1,-1,-1,-1,-1,-1
201501PL60195,2,9,0,7,0,8,0,0,0,0,4,1,6,1,36,7,-1,-1,-1,-1,-1,-1
201501PL60196,1,3,0,18,0,8,0,0,0,0,1,1,6,1,52,8,124,1,11,-1,1,-1
201501PL60196,2,9,0,7,0,8,0,0,0,0,3,1,1,1,43,7,1997,2,6,-1,1,-1
201501PL60197,1,9,0,18,0,0,0,0,0,0,1,1,6,1,36,7,3189,1,11,-1,1,-1
201501PL60197,2,9,0,9,0,0,0,0,0,0,3,1,6,1,47,8,-1,-1,-1,-1,1,-1
201501PL60198,1,9,0,18,0,1,0,0,0,0,1,1,6,2,-1,-1,1397,1,7,-1,1,-1
201501PL60199,1,9,0,18,0,1,0,0,0,0,1,1,6,1,41,7,1975,1,8,-1,-1,-1
201501PL60199,2,8,0,3,0,1,0,0,0,0,1,1,1,1,50,8,1995,1,9,-1,-1,-1
201501PL60199,3,9,0,3,0,1,0,0,0,0,2,1,6,1,-1,-1,1590,1,10,-1,1,-1
201501PL60200,1,9,0,4,0,1,0,0,0,0,2,1,6,1,28,6,2099,7,10,-1,1,-1
201501PL60200,2,3,0,4,0,1,0,0,0,0,1,1,6,1,36,7,108,1,1,-1,1,-1
201501PL60201,1,1,0,17,0,8,0,0,0,0,1,1,6,1,35,6,-1,-1,-1,-1,-1,-1
201501PL60201,2,9,0,18,0,8,0,0,0,0,1,1,6,2,-1,-1,-1,-1,-1,-1,-1,-1
201501PL60202,1,19,0,18,0,1,0,0,0,0,1,1,6,3,-1,-1,1753,2,4,-1,-1,-1
201501PL60203,1,5,0,9,0,8,0,0,0,0,4,1,6,1,29,6,1170,1,5,-1,1,-1
201501PL60203,2,9,0,18,0,8,0,0,0,0,1,1,6,2,-1,-1,998,1,8,-1,1,-1
201501PL60205,1,1,0,18,0,0,0,0,0,0,1,1,6,2,24,5,-1,-1,-1,-1,1,-1
201501PL60205,2,19,0,5,0,0,0,0,0,0,3,1,6,1,-1,-1,1997,2,9,-1,-1,-1
201501PL60207,1,1,0,18,0,1,0,0,0,0,3,1,6,1,28,6,-1,-1,-1,-1,1,-1
201501PL60207,2,9,0,13,0,1,0,0,0,0,4,1,6,3,-1,-1,2497,1,9,-1,-1,-1
201501PL60208,1,9,0,18,0,1,0,0,0,0,3,1,6,1,27,6,-1,-1,-1,-1,-1,-1
201501PL60208,2,9,0,11,0,1,0,0,0,0,4,1,6,1,-1,-1,-1,-1,-1,-1,-1,-1
201501PL60209,1,9,0,18,0,0,0,0,0,0,3,1,6,3,-1,-1,-1,-1,-1,-1,-1,-1
201501PL60209,2,9,0,18,0,0,0,0,0,0,3,1,6,2,20,4,1299,1,18,-1,1,-1
201501PL60210,1,9,0,18,0,1,0,0,0,0,1,1,6,2,62,9,1108,1,26,-1,1,-1
201501PL60211,1,9,0,7,0,8,0,0,0,0,3,1,6,1,49,8,-1,-1,-1,-1,1,-1
201501PL60211,2,9,0,18,0,8,0,0,0,0,1,1,6,2,34,6,1896,2,11,-1,1,-1
201501PL60212,1,1,0,18,0,8,0,0,0,0,1,1,6,1,34,6,-1,-1,-1,-1,-1,-1
201501PL60212,2,9,0,7,0,8,0,0,0,0,3,1,6,1,33,6,999,1,1,-1,1,-1
201501PL60214,1,9,0,3,0,2,0,0,0,0,2,1,6,2,25,5,1598,1,2,-1,1,-1
201501PL60214,2,19,0,4,0,2,0,0,0,0,1,1,6,1,-1,-1,1461,2,5,-1,1,-1
201501PL60215,1,9,0,3,0,1,0,0,0,0,1,1,6,2,49,8,1796,1,12,-1,1,-1
201501PL60215,2,9,0,1,0,2,0,0,0,0,2,1,6,1,-1,-1,1796,1,15,-1,-1,-1
201501PL60218,1,9,0,18,0,8,0,0,0,0,3,1,6,1,33,6,1339,1,10,-1,1,-1
201501PL60218,2,5,0,11,0,8,0,0,0,0,4,1,6,1,30,6,998,1,11,-1,1,-1
201501PL60219,1,9,0,18,0,1,0,0,0,0,1,1,6,1,21,5,2967,2,1,-1,1,-1
201501PL60222,1,1,0,18,0,1,0,0,0,0,2,1,6,2,-1,-1,-1,-1,-1,-1,1,-1
201501PL60222,2,9,0,13,0,1,0,0,0,0,1,1,6,1,-1,-1,1598,1,14,-1,1,-1
201501PL60232,1,9,0,7,0,8,0,0,0,0,3,1,6,2,45,7,1242,1,1,-1,1,-1
201501PL60232,2,3,0,18,0,8,0,0,0,0,1,1,1,1,23,5,125,1,4,-1,1,-1
201501PL60234,1,9,0,18,0,1,0,0,0,0,1,1,6,2,36,7,1299,1,11,-1,-1,-1
201501PL60235,1,9,0,18,0,1,0,0,0,0,1,1,6,1,-1,-1,1596,1,12,-1,1,-1
201501PL60237,1,8,0,18,0,1,0,0,0,0,1,1,1,1,47,8,-1,-1,-1,-1,1,-1
201501PL60238,1,8,0,11,0,1,0,0,0,0,2,1,1,1,29,6,1600,1,4,-1,1,-1
201501PL60238,2,1,0,18,0,1,0,0,0,0,1,1,6,1,51,8,-1,-1,-1,-1,1,-1
201501PL60239,1,9,0,18,0,8,0,0,0,0,1,1,6,2,52,8,1360,1,11,-1,1,-1
201501PL60239,2,19,0,9,0,8,0,0,0,0,4,1,1,1,46,8,2198,2,1,-1,1,-1
201501PL60240,1,9,0,7,0,8,0,0,0,0,3,1,6,2,22,5,1242,1,5,-1,1,-1
201501PL60240,2,9,0,18,0,8,0,0,0,0,1,1,6,1,61,9,1497,1,12,-1,1,-1
201501PL60241,1,9,0,7,0,8,0,0,0,0,3,1,6,1,20,4,1587,1,8,-1,1,-1
201501PL60241,2,4,0,18,0,8,0,0,0,0,1,1,6,1,49,8,124,1,3,-1,1,-1
201501PL60242,1,1,0,4,0,8,0,0,0,0,1,1,6,1,27,6,-1,-1,-1,-1,1,-1
201501PL60242,2,9,0,7,0,8,0,0,0,0,4,1,6,1,-1,-1,-1,-1,-1,-1,-1,-1
201501PL60243,1,8,0,18,0,1,0,0,0,0,1,1,1,1,53,8,2664,2,15,-1,-1,-1
201501PL60244,1,9,0,9,0,8,0,0,0,0,4,1,6,1,54,8,2993,2,3,-1,1,-1
201501PL60244,2,2,0,18,0,8,0,0,0,0,1,1,6,1,20,4,107,1,1,-1,-1,-1
201501PL60245,1,8,0,18,0,1,0,0,0,0,1,1,1,1,33,6,2402,2,11,-1,1,-1
201501PL60245,2,9,0,18,0,1,0,0,0,0,2,1,6,1,37,7,1240,1,6,-1,1,-1
201501PL60246,1,9,0,9,0,8,0,0,0,0,4,1,6,1,49,8,2902,2,10,-1,1,-1
201501PL60246,2,3,0,18,0,8,0,0,0,0,1,1,6,1,25,5,125,1,2,-1,1,-1
201501PL60247,1,9,0,18,0,1,0,10,1,4,1,1,6,2,39,7,1461,2,4,-1,1,-1
201501PL60247,2,8,0,11,0,1,0,0,0,0,0,1,1,1,47,8,1998,2,5,-1,1,-1
201501PL60248,1,9,0,9,0,8,0,0,0,0,4,1,6,3,-1,-1,-1,-1,-1,-1,-1,-1
201501PL60248,2,1,0,18,0,8,0,0,0,0,1,1,6,2,29,6,-1,-1,-1,-1,1,-1