Accident_Index,Vehicle_Reference,Vehicle_Type,Towing_and_Articulation,Vehicle_Manoeuvre,Vehicle_Location-Restricted_Lane,Junction_Location,Skidding_and_Overturning,Hit_Object_in_Carriageway,Vehicle_Leaving_Carriageway,Hit_Object_off_Carriageway,1st_Point_of_Impact,Was_Vehicle_Left_Hand_Drive?,Journey_Purpose_of_Driver,Sex_of_Driver,Age_of_Driver,Age_Band_of_Driver,Engine_Capacity_(CC),Propulsion_Code,Age_of_Vehicle,Driver_IMD_Decile,Driver_Home_Area_Type,Vehicle_IMD_Decile
201501PL60249,1,19,0,18,0,1,0,0,0,0,1,1,1,1,21,5,2463,2,10,-1,1,-1
201501PL60251,1,9,0,18,0,1,0,0,0,0,1,1,6,1,-1,-1,1368,1,8,-1,-1,-1
201501PL60252,1,9,0,5,0,1,0,0,0,0,1,1,6,1,56,9,1796,1,11,-1,1,-1
201501PL60252,2,9,0,3,0,1,0,0,0,0,2,1,1,1,-1,-1,-1,-1,-1,-1,-1,-1
201501PL60253,1,9,0,7,0,8,0,0,0,0,3,1,6,2,50,8,1968,2,5,-1,1,-1
201501PL60253,2,5,0,18,0,8,0,0,0,0,1,1,6,1,51,8,-1,-1,-1,-1,1,-1
201501PL60254,1,9,0,4,0,1,0,0,0,0,1,1,6,2,36,7,-1,-1,-1,-1,1,-1
201501PL60254,2,9,0,3,0,1,0,0,0,0,2,1,6,2,46,8,1329,1,6,-1,1,-1
201501PL60256,1,9,0,18,0,1,0,0,0,0,1,1,6,1,49,8,973,1,13,-1,1,-1
201501PL60257,1,11,0,18,0,1,0,0,0,0,1,1,6,1,54,8,6700,2,6,-1,1,-1
201501PL60258,1,19,0,18,0,8,0,0,0,0,1,1,6,1,40,7,2151,2,12,-1,1,-1
201501PL60258,2,9,0,18,0,8,0,0,0,0,3,1,6,3,-1,-1,1397,1,14,-1,-1,-1
201501PL60259,1,1,0,17,0,8,0,0,0,0,3,1,6,2,31,6,-1,-1,-1,-1,1,-1
201501PL60259,2,9,0,17,0,8,0,0,0,0,4,1,6,3,-1,-1,-1,-1,-1,-1,-1,-1
201501PL60260,1,9,0,18,0,1,0,0,0,0,1,1,6,1,18,4,1229,1,8,-1,1,-1
201501PL60260,2,9,0,3,0,1,0,0,0,0,2,1,6,1,26,6,1598,1,9,-1,1,-1
201501PL60260,3,9,0,3,0,1,0,0,0,0,2,1,1,2,-1,-1,-1,-1,-1,-1,-1,-1
201501PL60261,1,3,0,18,0,1,0,0,0,0,1,1,6,1,30,6,124,1,9,-1,-1,-1
201501PL60262,1,9,0,18,0,1,0,0,0,0,1,1,6,1,29,6,2996,1,7,-1,1,-1
201501PL60262,2,9,0,6,0,2,0,0,0,0,3,1,6,2,-1,-1,1995,2,6,-1,1,-1
201501PL60263,1,9,0,18,0,1,0,0,0,0,1,1,1,1,35,6,-1,-1,-1,-1,1,-1
201501PL60263,2,9,0,18,0,1,0,0,0,0,2,1,6,2,29,6,-1,-1,-1,-1,1,-1
201501PL60264,1,2,0,18,0,8,0,0,0,0,1,1,6,1,17,4,49,1,3,-1,1,-1
201501PL60264,2,9,0,9,0,8,0,0,0,0,4,1,6,1,56,9,1685,2,3,-1,1,-1
201501PL60266,1,1,0,18,0,8,0,0,0,0,3,1,6,1,31,6,-1,-1,-1,-1,1,-1
201501PL60266,2,9,0,7,0,8,0,0,0,0,4,1,6,1,-1,-1,-1,-1,-1,-1,-1,-1
201501PL60267,1,9,0,3,0,2,0,0,0,0,2,1,6,2,20,4,-1,-1,-1,-1,-1,-1
201501PL60267,2,9,0,4,0,2,0,0,0,0,1,1,6,1,-1,-1,2231,2,9,-1,1,-1
201501PL60268,1,8,0,18,0,1,0,0,0,0,1,1,1,1,41,7,-1,-1,-1,-1,1,-1
201501PL60269,1,9,0,18,0,1,0,0,0,0,2,1,6,2,54,8,-1,-1,-1,-1,1,-1
201501PL60269,2,9,0,18,0,1,0,0,0,0,1,1,6,3,-1,-1,-1,-1,-1,-1,-1,-1
201501PL60270,1,9,0,18,0,1,0,10,1,10,1,1,6,1,66,10,1364,1,1,-1,-1,-1
201501PL60271,1,9,0,5,0,1,0,0,0,0,3,1,6,2,27,6,1242,1,13,-1,1,-1
201501PL60271,2,9,0,18,0,1,0,0,0,0,1,1,6,3,-1,-1,1598,1,9,-1,-1,-1
201501PL60272,1,9,0,18,0,1,0,0,0,0,1,1,6,3,-1,-1,-1,-1,-1,-1,-1,-1
201501PL60273,1,5,0,18,0,8,0,0,0,0,1,1,6,1,29,6,-1,-1,-1,-1,-1,-1
201501PL60273,2,9,0,7,0,8,0,0,0,0,3,1,6,1,-1,-1,-1,-1,-1,-1,-1,-1
201501PL60274,1,11,0,4,0,1,0,0,0,0,0,1,1,1,25,5,8268,2,9,-1,-1,-1
201501PL60275,1,9,0,18,0,1,0,10,1,10,1,1,6,1,17,4,1388,1,10,-1,1,-1
201501PL60277,1,9,0,7,0,8,0,0,0,0,1,1,6,1,63,9,1598,2,3,-1,1,-1
201501PL60278,1,9,0,7,0,8,0,0,0,0,4,1,6,1,30,6,1984,1,11,-1,1,-1
201501PL60278,2,1,0,18,0,8,0,0,0,0,1,1,6,1,38,7,-1,-1,-1,-1,-1,-1
201501PL60279,1,9,0,18,0,8,0,0,0,0,1,1,1,1,23,5,1598,1,3,-1,1,-1
201501PL60279,2,9,0,7,0,8,0,0,0,0,3,1,6,1,43,7,1598,1,12,-1,1,-1
201501PL60280,1,9,0,18,0,1,0,0,0,0,1,1,6,1,45,7,-1,-1,-1,-1,-1,-1
201501PL60280,2,11,0,18,0,1,0,0,0,0,2,1,1,1,51,8,9360,2,4,-1,1,-1
201501PL60282,1,1,0,4,0,1,0,0,0,0,1,1,6,1,30,6,-1,-1,-1,-1,1,-1
201501PL60282,2,20,0,4,0,1,0,0,0,0,2,1,6,3,-1,-1,-1,-1,-1,-1,-1,-1
201501PL60283,1,11,0,18,0,1,0,0,0,0,1,1,1,1,29,6,4500,2,1,-1,1,-1
201501PL60284,1,1,0,15,0,1,0,8,0,0,1,1,6,1,43,7,-1,-1,-1,-1,-1,-1
201501PL60284,2,9,0,3,0,1,0,0,0,0,4,1,6,1,41,7,2995,1,12,-1,-1,-1
201501PL60285,1,3,0,18,0,8,0,0,0,0,1,1,6,1,47,8,124,1,1,-1,1,-1
201501PL60285,2,9,0,7,0,8,0,0,0,0,3,1,6,1,28,6,-1,-1,-1,-1,-1,-1
201501PL60287,1,9,0,18,0,8,0,0,0,0,4,1,6,1,32,6,1598,1,8,-1,-1,-1
201501PL60287,2,9,0,7,0,8,0,0,0,0,1,1,6,1,-1,-1,1998,2,13,-1,1,-1
201501PL60288,1,1,0,18,0,8,0,0,0,0,1,1,6,1,33,6,-1,-1,-1,-1,1,-1
201501PL60288,2,9,0,9,0,8,0,0,0,0,3,1,6,1,-1,-1,-1,-1,-1,-1,1,-1
201501PL60291,1,19,0,18,0,1,0,0,0,0,1,1,1,1,-1,-1,2143,2,1,-1,-1,-1
201501PL60292,1,9,0,3,0,1,0,0,0,0,2,1,6,1,29,6,1956,2,6,-1,1,-1
201501PL60292,2,9,0,4,0,1,0,0,0,0,1,1,6,2,-1,-1,1598,1,6,-1,-1,-1
201501PL60293,1,1,0,4,0,1,0,0,0,0,1,1,6,1,31,6,-1,-1,-1,-1,1,-1
201501PL60293,2,9,0,4,0,1,0,0,0,0,2,1,6,2,45,7,1590,1,12,-1,1,-1
201501PL60294,1,9,0,5,0,1,0,0,0,0,2,1,6,2,37,7,1587,1,8,-1,1,-1
201501PL60294,2,9,0,18,0,1,0,0,0,0,1,1,6,3,-1,-1,-1,-1,-1,-1,-1,-1
201501PL60295,1,9,0,6,0,8,0,0,0,0,3,1,6,1,19,4,1229,1,7,-1,1,-1
201501PL60295,2,11,0,18,0,8,0,0,0,0,1,1,1,3,-1,-1,6696,2,2,-1,-1,-1
201501PL60296,1,9,0,4,0,1,0,0,0,0,2,1,6,1,31,6,1896,1,10,-1,1,-1
201501PL60296,2,9,0,4,0,1,0,0,0,0,1,1,6,3,-1,-1,1984,1,9,-1,-1,-1
201501PL60297,1,9,0,18,0,1,0,0,0,0,1,1,6,1,19,4,1910,2,10,-1,1,-1
201501PL60298,1,9,0,18,0,1,0,0,0,0,1,1,6,1,46,8,-1,-1,-1,-1,-1,-1
201501PL60299,1,9,0,18,0,1,0,0,0,0,1,1,6,2,50,8,1299,1,11,-1,1,-1
201501PL60300,1,3,0,18,0,1,0,0,0,0,1,1,1,1,26,6,109,1,3,-1,1,-1
201501PL60300,2,9,0,11,0,1,0,0,0,0,4,1,6,2,26,6,1598,1,11,-1,-1,-1
201501PL60301,1,9,0,3,0,1,0,0,0,0,3,1,6,2,53,8,1597,1,15,-1,1,-1
201501PL60301,2,9,0,14,0,1,0,0,0,0,4,1,6,1,20,4,-1,-1,-1,-1,1,-1
201501PL60302,1,9,0,1,0,2,0,0,0,0,2,1,6,2,41,7,1360,1,11,-1,1,-1
201501PL60302,2,1,0,3,0,1,0,0,0,0,1,1,6,2,27,6,-1,-1,-1,-1,1,-1
201501PL60304,1,19,0,18,0,1,0,0,0,0,1,1,1,1,52,8,2198,2,1,-1,1,-1
201501PL60306,1,1,0,18,0,8,0,0,0,0,2,1,6,1,51,8,-1,-1,-1,-1,-1,-1
201501PL60306,2,9,0,18,0,8,0,0,0,0,1,1,6,2,24,5,1598,2,2,-1,1,-1
201501PL60307,1,9,0,9,0,8,0,0,0,0,4,1,6,2,48,8,1796,1,15,-1,1,-1
201501PL60307,2,2,0,18,0,8,0,0,0,0,1,1,6,1,25,5,599,1,10,-1,1,-1
201501PL60308,1,9,0,3,0,1,0,0,0,0,2,1,1,1,41,7,-1,-1,-1,-1,1,-1
201501PL60308,2,9,0,3,0,1,0,0,0,0,2,1,6,2,-1,-1,1398,1,5,-1,1,-1
201501PL60308,3,9,0,4,0,1,0,0,0,0,1,1,6,2,28,6,1798,1,3,-1,1,-1
201501PL60309,1,9,0,18,0,8,0,0,0,0,1,1,6,2,29,6,1596,1,8,-1,1,-1
201501PL60309,2,9,0,7,0,8,0,0,0,0,3,1,6,1,26,6,1198,1,11,-1,1,-1
201501PL60310,1,11,0,7,0,8,0,0,0,0,0,1,1,1,46,8,7300,2,12,-1,1,-1
201501PL60311,1,9,0,2,0,8,0,0,0,0,2,1,6,3,-1,-1,-1,-1,-1,-1,-1,-1
201501PL60311,2,9,0,2,0,8,0,0,0,0,2,1,6,3,-1,-1,-1,-1,-1,-1,-1,-1
201501PL60311,3,9,0,9,0,8,0,0,0,0,1,1,6,1,37,7,-1,-1,-1,-1,1,-1
201501PL60311,4,9,0,2,0,8,0,0,0,0,2,1,6,3,-1,-1,-1,-1,-1,-1,-1,-1
201501PL60311,5,9,0,18,0,8,0,0,0,0,1,1,6,1,-1,-1,-1,-1,-1,-1,-1,-1
201501PL60312,1,5,0,18,0,8,0,0,0,0,1,1,6,1,25,5,599,1,17,-1,1,-1
201501PL60312,2,9,0,18,0,8,0,0,0,0,3,1,6,1,44,7,1587,1,12,-1,1,-1
201501PL60313,1,9,0,18,0,1,0,0,0,0,1,1,6,1,53,8,1598,1,13,-1,1,-1
201501PL60314,1,1,0,3,0,8,0,0,0,0,4,1,6,2,-1,-1,-1,-1,-1,-1,1,-1
201501PL60314,2,9,0,7,0,8,0,0,0,0,1,1,6,3,-1,-1,-1,-1,-1,-1,-1,-1
201501PL60316,1,9,0,18,0,8,0,0,0,0,1,1,6,1,-1,-1,1240,1,11,-1,-1,-1
201501PL60316,2,9,0,18,0,8,0,0,0,0,2,1,6,1,41,7,1798,2,-1,-1,1,-1
201501PL60317,1,9,0,2,0,8,0,0,0,0,3,1,6,1,-1,-1,-1,-1,-1,-1,1,-1
201501PL60317,2,1,0,18,0,8,0,0,0,0,1,1,6,1,-1,-1,-1,-1,-1,-1,1,-1
201501PL60318,1,9,0,7,0,3,0,0,0,0,1,1,6,2,27,6,-1,-1,-1,-1,1,-1
201501PL60318,2,2,0,9,0,8,0,0,0,0,4,1,6,1,-1,-1,-1,-1,-1,-1,-1,-1
201501PL60319,1,9,0,18,0,0,0,0,0,0,1,1,6,1,-1,-1,-1,-1,-1,-1,-1,-1
201501PL60320,1,9,0,18,0,8,0,0,0,0,3,1,6,1,22,5,1364,1,9,-1,1,-1
201501PL60320,2,9,0,9,0,8,0,0,0,0,4,1,6,2,31,6,998,1,16,-1,1,-1
201501PL60321,1,9,0,18,0,8,0,0,0,0,3,1,6,1,36,7,1590,1,2,-1,1,-1
201501PL60321,2,9,0,9,0,8,0,0,0,0,1,1,6,1,-1,-1,-1,-1,-1,-1,-1,-1
201501PL60323,1,5,0,18,0,1,0,0,0,0,1,1,6,1,31,6,599,1,12,-1,1,-1
201501PL60324,1,9,0,9,0,8,0,0,0,0,4,1,6,2,55,8,998,1,1,-1,1,-1
201501PL60324,2,3,0,18,0,8,0,0,0,0,1,1,6,2,-1,-1,125,1,1,-1,1,-1
201501PL60325,1,9,0,18,0,8,0,0,0,0,1,1,6,1,-1,-1,1598,1,9,-1,1,-1
201501PL60325,2,19,0,7,0,8,0,0,0,0,3,1,6,1,45,7,-1,-1,-1,-1,1,-1
201501PL60326,1,9,0,18,0,8,0,0,0,0,4,1,6,1,40,7,1560,2,1,-1,1,-1
201501PL60327,1,9,0,18,0,0,0,0,0,0,1,1,6,1,50,8,2720,2,9,-1,1,-1
201501PL60328,1,9,0,7,0,8,0,0,0,0,1,1,6,2,35,6,1595,1,13,-1,1,-1
201501PL60328,2,9,0,9,0,8,0,0,0,0,1,1,6,1,59,9,-1,-1,-1,-1,1,-1
201501PL60329,1,9,0,4,0,8,0,0,0,0,2,1,6,1,45,7,-1,-1,-1,-1,-1,-1
201501PL60329,2,3,0,18,0,8,0,0,0,0,1,1,6,1,18,4,125,1,11,-1,1,-1
201501PL60330,1,3,0,18,0,8,0,0,0,0,3,1,6,1,21,5,998,1,10,-1,1,-1
201501PL60331,1,9,0,18,0,1,0,0,0,0,1,1,6,1,18,4,1229,1,7,-1,1,-1
201501PL60332,1,9,0,18,0,8,0,0,0,0,4,1,6,2,51,8,1299,1,13,-1,1,-1
201501PL60332,2,9,0,9,0,8,0,0,0,0,1,1,6,1,18,4,1390,1,8,-1,1,-1
201501PL60333,1,3,0,18,0,1,0,0,0,0,4,1,6,1,23,5,124,1,1,-1,1,-1
201501PL60333,2,9,0,6,0,1,0,0,0,0,3,1,6,1,53,8,1975,1,9,-1,1,-1
201501PL60334,1,9,0,18,0,2,0,0,0,0,1,1,6,2,39,7,1229,1,2,-1,1,-1
201501PL60335,1,9,0,7,0,8,0,0,0,0,4,1,6,1,55,8,-1,-1,-1,-1,1,-1
201501PL60335,2,1,0,17,0,8,0,0,0,0,1,1,6,1,48,8,-1,-1,-1,-1,1,-1
201501PL60336,1,1,0,18,0,0,0,0,0,0,1,1,6,1,46,8,-1,-1,-1,-1,-1,-1
201501PL60337,1,9,0,18,0,0,0,0,0,0,1,1,6,1,45,7,-1,-1,-1,-1,1,-1
201501PL60338,1,9,0,18,0,1,0,0,0,0,1,1,6,2,39,7,1598,1,10,-1,1,-1
201501PL60338,2,1,0,18,0,1,0,0,0,0,3,1,6,1,19,4,-1,-1,-1,-1,1,-1
201501PL60339,1,19,0,13,0,1,0,0,0,0,4,1,1,1,52,8,1995,2,1,-1,1,-1
201501PL60339,2,5,0,18,0,1,0,0,0,0,3,1,6,1,27,6,998,1,1,-1,1,-1
201501PL60340,1,4,0,5,0,1,0,0,0,0,2,1,6,2,38,7,124,1,-1,-1,1,-1
201501PL60340,2,20,0,5,0,1,0,0,0,0,1,1,1,1,24,5,-1,-1,-1,-1,-1,-1
201501PL60341,1,9,0,2,0,1,0,0,0,0,3,1,6,1,54,8,1299,1,15,-1,-1,-1
201501PL60341,2,2,0,14,0,1,0,8,0,0,1,1,1,1,27,6,49,1,8,-1,1,-1
201501PL60342,1,9,0,18,0,0,0,0,0,0,1,1,6,2,51,8,1973,1,18,-1,1,-1
201501PL60342,2,9,0,2,0,0,0,0,0,0,3,1,6,1,53,8,1769,1,12,-1,1,-1
201501PL60345,1,9,0,4,0,1,0,0,0,0,2,1,6,1,54,8,1798,1,9,-1,1,-1
201501PL60345,2,9,0,4,0,1,0,0,0,0,1,1,6,3,-1,-1,1598,1,9,-1,-1,-1
201501PL60346,1,19,0,18,0,8,0,0,0,0,1,1,6,1,64,9,1598,2,2,-1,1,-1
201501PL60346,2,9,0,18,0,8,0,0,0,0,1,1,6,1,45,7,1587,1,11,-1,1,-1
201501PL60350,1,11,0,18,0,0,0,0,0,0,1,1,1,2,51,8,4500,2,1,-1,1,-1
201501PL60352,1,9,0,18,0,0,0,0,0,0,4,1,6,1,29,6,-1,-1,-1,-1,1,-1
201501PL60352,2,9,0,5,0,0,0,0,0,0,3,1,6,3,-1,-1,-1,-1,-1,-1,-1,-1
201501PL60353,1,8,0,12,0,0,0,0,0,0,3,1,1,1,43,7,1248,1,6,-1,1,-1
201501PL60353,2,11,0,18,0,0,0,0,0,0,4,1,1,1,47,8,-1,-1,-1,-1,1,-1
201501PL60354,1,3,0,18,0,8,0,0,0,0,1,1,6,1,54,8,-1,-1,-1,-1,1,-1
201501PL60354,2,9,0,9,0,8,0,0,0,0,4,1,6,1,29,6,-1,-1,-1,-1,1,-1
201501PL60355,1,3,0,14,0,1,0,0,0,0,1,1,6,1,30,6,125,1,9,-1,1,-1
201501PL60355,2,19,0,2,0,1,0,0,0,0,3,1,6,3,-1,-1,-1,-1,-1,-1,-1,-1
201501PL60356,1,1,0,18,0,1,0,0,0,0,1,1,6,1,33,6,-1,-1,-1,-1,1,-1
201501PL60356,2,9,0,18,0,1,0,0,0,0,2,1,6,3,-1,-1,-1,-1,-1,-1,-1,-1
201501PL60357,1,9,0,11,0,1,0,0,0,0,4,1,6,1,20,4,1995,2,10,-1,1,-1
201501PL60357,2,20,0,18,0,1,0,0,0,0,3,1,1,1,38,7,6370,2,10,-1,-1,-1
201501PL60358,1,9,0,18,0,1,0,2,0,0,1,1,6,2,19,4,1149,1,9,-1,1,-1
201501PL60359,1,9,0,9,0,8,0,0,0,0,4,1,6,2,43,7,1391,1,20,-1,1,-1
201501PL60359,2,1,0,18,0,8,0,0,0,0,1,1,6,1,32,6,-1,-1,-1,-1,1,-1
201501PL60360,1,9,0,18,0,1,0,0,0,0,1,1,1,1,-1,-1,-1,-1,-1,-1,-1,-1
201501PL60361,1,9,0,18,0,8,0,0,0,0,4,1,6,1,45,7,1997,2,8,-1,1,-1
201501PL60361,2,9,0,9,0,8,0,0,0,0,1,1,6,1,64,9,1598,2,1,-1,1,-1
201501PL60362,1,9,0,4,0,1,0,0,0,0,1,1,6,1,34,6,2494,1,16,-1,1,-1
201501PL60362,2,9,0,3,0,1,0,0,0,0,2,1,6,1,75,10,1910,2,8,-1,1,-1
201501PL60363,1,8,0,7,0,8,0,0,0,0,3,1,6,1,34,6,-1,-1,-1,-1,-1,-1
201501PL60363,2,9,0,9,0,8,0,0,0,0,1,1,6,3,-1,-1,-1,-1,-1,-1,-1,-1
201501PL60364,1,9,0,9,0,8,0,0,0,0,1,1,6,2,37,7,1198,1,2,-1,1,-1
201501PL60364,2,5,0,14,0,8,0,0,0,0,4,1,6,1,42,7,1157,1,9,-1,1,-1
201501PL60365,1,2,0,13,0,8,0,0,0,0,1,1,6,1,19,4,-1,-1,-1,-1,-1,-1
201501PL60365,2,9,0,9,0,8,0,0,0,0,3,1,6,2,-1,-1,1497,8,8,-1,-1,-1
201501PL60366,1,9,0,6,0,2,0,0,0,0,1,1,6,1,-1,-1,-1,-1,-1,-1,-1,-1
201501PL60367,1,9,0,18,0,0,0,0,0,0,1,1,6,2,50,8,-1,-1,-1,-1,1,-1
201501PL60372,1,9,0,4,0,1,0,0,0,0,2,1,6,1,57,9,1596,1,5,-1,1,-1
201501PL60372,2,9,0,4,0,1,0,0,0,0,2,1,6,2,87,11,1598,1,11,-1,1,-1
201501PL60372,3,9,0,4,0,1,0,0,0,0,1,1,6,2,25,5,1598,1,4,-1,-1,-1
201501PL60373,1,9,0,18,0,1,0,0,0,0,0,1,6,2,34,6,1240,1,9,-1,1,-1
201501PL60373,2,3,0,4,0,1,0,0,0,0,0,1,6,1,40,7,-1,-1,-1,-1,1,-1
201501PL60374,1,9,0,9,0,8,0,0,0,0,1,1,6,1,32,6,1796,1,10,-1,1,-1
201501PL60374,2,1,0,18,0,8,0,0,0,0,1,1,6,1,36,7,-1,-1,-1,-1,1,-1
201501PL60375,1,9,0,18,0,2,5,0,0,0,0,1,6,2,37,7,973,1,14,-1,1,-1
201501PL60377,1,4,0,13,0,8,0,0,0,0,4,1,6,1,-1,-1,-1,-1,-1,-1,-1,-1
201501PL60377,2,9,0,9,0,8,0,0,0,0,3,1,6,1,-1,-1,-1,-1,-1,-1,-1,-1
201501PL60378,1,9,0,18,0,2,0,0,0,0,1,1,6,3,-1,-1,1998,1,9,-1,-1,-1
201501PL60379,1,9,0,18,0,8,0,0,0,0,4,1,6,2,32,6,1900,2,9,-1,-1,-1
201501PL60379,2,9,0,9,0,8,0,0,0,0,1,1,6,1,29,6,1968,2,4,-1,1,-1
201501PL60380,1,5,0,3,0,0,0,0,0,0,4,1,6,1,59,9,1151,1,6,-1,1,-1
201501PL60380,2,1,0,15,0,0,0,0,0,0,3,1,6,1,38,7,-1,-1,-1,-1,-1,-1
201501PL60381,1,9,0,18,0,8,0,0,0,0,4,1,6,2,26,6,1388,1,6,-1,1,-1
201501PL60381,2,9,0,18,0,8,0,0,0,0,1,1,6,1,-1,-1,1997,1,2,-1,-1,-1
201501PL60382,1,11,0,4,0,1,0,0,0,0,0,1,1,1,61,9,4500,2,1,-1,1,-1
201501PL60383,1,9,0,9,0,8,0,0,0,0,4,1,6,1,34,6,1794,1,15,-1,-1,-1
201501PL60383,2,1,0,18,0,8,0,0,0,0,1,1,6,1,52,8,-1,-1,-1,-1,1,-1
201501PL60385,1,9,0,18,0,0,0,0,0,0,1,1,6,2,35,6,1242,1,6,-1,1,-1
201501PL60386,1,9,0,13,0,1,0,0,0,0,4,1,6,2,31,6,1598,1,13,-1,-1,-1
201501PL60386,2,1,0,18,0,1,0,0,0,0,3,1,6,1,52,8,-1,-1,-1,-1,1,-1
201501PL60388,1,9,0,18,0,0,0,4,0,0,1,1,6,1,19,4,1968,2,8,-1,1,-1
201501PL60388,2,9,0,2,0,0,0,0,0,0,2,1,6,2,52,8,-1,-1,-1,-1,1,-1
201501PL60389,1,11,0,5,0,1,0,0,0,0,0,1,1,1,31,6,-1,-1,-1,-1,1,-1
201501PL60390,1,11,0,18,0,1,0,0,0,0,3,1,6,1,45,7,-1,2,6,-1,1,-1
201501PL60390,2,9,0,18,0,1,0,0,0,0,4,1,6,2,40,7,1332,1,6,-1,1,-1
201501PL60392,1,5,0,18,0,8,0,0,0,0,1,1,6,1,40,7,998,1,6,-1,2,-1
201501PL60392,2,9,0,9,0,8,0,0,0,0,3,1,6,1,32,6,1397,1,14,-1,-1,-1
201501PL60393,1,9,0,11,0,8,0,0,0,0,2,1,6,2,34,6,-1,-1,-1,-1,1,-1
201501PL60393,2,9,0,18,0,8,0,0,0,0,1,1,6,1,38,7,-1,-1,-1,-1,1,-1
201501PL60395,1,9,0,4,0,0,0,0,0,0,2,1,6,1,29,6,-1,-1,-1,-1,3,-1
201501PL60395,2,9,0,4,0,0,0,0,0,0,1,1,6,1,-1,-1,-1,-1,-1,-1,-1,-1
201501PL60396,1,9,0,7,0,8,0,0,0,0,2,1,6,1,40,7,-1,-1,-1,-1,1,-1
201501PL60396,2,9,0,18,0,8,0,0,0,0,1,1,6,1,-1,-1,1796,1,20,-1,-1,-1
201501PL60397,1,9,0,6,0,8,0,0,0,0,4,1,6,1,40,7,1798,8,1,-1,1,-1
201501PL60397,2,1,0,18,0,8,0,0,0,0,1,1,6,2,27,6,-1,-1,-1,-1,-1,-1
201501PL60398,1,9,0,5,0,0,0,0,0,0,1,1,6,1,-1,-1,1968,2,2,-1,-1,-1
201501PL60399,1,9,0,1,0,1,0,0,0,0,2,1,6,3,-1,-1,-1,-1,-1,-1,-1,-1
201501PL60400,1,9,0,7,0,8,0,0,0,0,4,1,6,3,-1,-1,-1,-1,-1,-1,-1,-1
201501PL60400,2,1,0,18,0,8,0,0,0,0,1,1,6,1,45,7,-1,-1,-1,-1,-1,-1
201501PL60401,1,11,0,18,0,8,0,0,0,0,1,1,1,1,53,8,6700,2,4,-1,1,-1
201501PL60401,2,9,0,7,0,8,0,0,0,0,4,1,6,1,-1,-1,-1,-1,-1,-1,-1,-1
201501PL60405,1,5,0,18,0,1,0,0,0,0,1,1,6,1,53,8,996,1,12,-1,-1,-1
201501PL60406,1,9,0,18,0,0,0,10,1,5,1,1,6,2,31,6,1587,1,13,-1,1,-1
201501PL60407,1,20,0,4,0,1,0,0,0,0,2,1,1,1,52,8,-1,-1,-1,-1,-1,-1
201501PL60407,2,19,0,4,0,1,0,0,0,0,1,1,1,1,42,7,2402,2,11,-1,-1,-1
201501PL60408,1,9,0,17,0,0,0,0,0,0,1,1,1,1,26,6,-1,-1,-1,-1,1,-1
201501PL60409,1,3,0,18,0,8,0,0,0,0,1,1,6,1,25,5,125,1,6,-1,1,-1
201501PL60409,2,9,0,9,0,8,0,0,0,0,4,1,6,3,-1,-1,-1,-1,-1,-1,-1,-1
201501PL60410,1,9,0,9,0,8,0,0,0,0,1,1,6,1,39,7,-1,-1,-1,-1,1,-1
201501PL60410,2,1,0,18,0,8,0,0,0,0,1,1,6,2,23,5,-1,-1,-1,-1,1,-1
201501PL60411,1,9,0,18,0,0,0,0,0,0,3,1,6,1,56,9,1560,2,-1,-1,1,-1
201501PL60412,1,9,0,9,0,8,0,0,0,0,3,1,6,2,25,5,1390,1,8,-1,1,-1
201501PL60412,2,3,0,13,0,8,0,0,0,0,4,1,6,1,24,5,124,1,4,-1,1,-1
201501PL60413,1,9,0,18,0,0,0,4,0,0,4,1,6,2,23,5,1497,8,1,-1,1,-1
201501PL60413,2,9,0,2,0,0,0,0,0,0,3,1,6,3,-1,-1,-1,-1,-1,-1,-1,-1
201501PL60414,1,9,0,7,0,2,0,0,0,0,1,1,6,1,24,5,1995,1,7,-1,3,-1
201501PL60415,1,1,0,18,2,8,0,0,0,0,1,1,6,2,33,6,-1,-1,-1,-1,1,-1
201501PL60416,1,9,0,3,0,1,0,0,0,0,2,1,6,1,65,9,-1,-1,-1,-1,1,-1
201501PL60416,2,9,0,18,0,1,0,0,0,0,1,1,6,1,22,5,1910,2,9,-1,1,-1
201501PL60417,1,9,0,4,0,8,0,0,0,0,2,1,6,1,35,6,-1,-1,-1,-1,-1,-1
201501PL60417,2,9,0,4,0,8,0,0,0,0,1,1,6,1,-1,-1,1461,2,8,-1,-1,-1
201501PL60418,1,9,0,3,0,1,0,0,0,0,2,1,6,1,19,4,998,1,-1,-1,1,-1
201501PL60418,2,9,0,18,0,1,0,0,0,0,1,1,6,2,-1,-1,-1,-1,-1,-1,-1,-1
201501PL60419,1,9,0,4,0,0,0,0,0,0,1,1,6,1,33,6,-1,-1,-1,-1,1,-1
201501PL60419,2,9,0,4,0,0,0,0,0,0,2,1,6,2,53,8,1596,1,6,-1,1,-1
201501PL60420,1,21,0,18,0,8,0,0,0,0,1,1,6,1,47,8,-1,-1,-1,-1,1,-1
201501PL60420,2,9,0,7,0,8,0,0,0,0,2,1,6,2,42,7,1798,8,2,-1,1,-1
201501PL60421,1,5,0,18,0,1,0,0,0,0,1,1,6,1,55,8,-1,-1,-1,-1,3,-1
201501PL60422,1,9,0,18,0,8,0,0,0,0,1,1,6,1,36,7,-1,-1,-1,-1,1,-1
201501PL60422,2,4,0,18,0,8,0,0,0,0,4,1,6,1,26,6,499,1,17,-1,-1,-1
201501PL60422,3,9,0,9,0,8,0,0,0,0,1,1,6,1,37,7,-1,-1,-1,-1,-1,-1
201501PL60423,1,1,0,10,0,8,0,0,0,0,1,1,6,1,45,7,-1,-1,-1,-1,1,-1
201501PL60423,2,9,0,9,0,8,0,0,0,0,1,1,6,2,-1,-1,1598,1,10,-1,-1,-1
201501PL60424,1,5,0,18,0,8,0,0,0,0,1,1,6,1,-1,-1,987,1,25,-1,1,-1
201501PL60424,2,9,0,9,0,8,0,0,0,0,4,1,6,1,76,11,-1,-1,-1,-1,1,-1
201501PL60425,1,9,0,3,0,1,0,0,0,0,2,1,6,1,18,4,1242,1,8,-1,1,-1