Accident_Index,Vehicle_Reference,Vehicle_Type,Towing_and_Articulation,Vehicle_Manoeuvre,Vehicle_Location-Restricted_Lane,Junction_Location,Skidding_and_Overturning,Hit_Object_in_Carriageway,Vehicle_Leaving_Carriageway,Hit_Object_off_Carriageway,1st_Point_of_Impact,Was_Vehicle_Left_Hand_Drive?,Journey_Purpose_of_Driver,Sex_of_Driver,Age_of_Driver,Age_Band_of_Driver,Engine_Capacity_(CC),Propulsion_Code,Age_of_Vehicle,Driver_IMD_Decile,Driver_Home_Area_Type,Vehicle_IMD_Decile
201501PL60425,2,9,0,5,0,1,0,0,0,0,1,1,6,3,-1,-1,1598,1,8,-1,-1,-1
201501PL60426,1,1,0,4,0,0,0,0,0,0,0,1,6,2,21,5,-1,-1,-1,-1,1,-1
201501PL60427,1,2,0,14,0,0,0,0,0,0,1,1,6,2,-1,-1,-1,-1,-1,-1,-1,-1
201501PL60428,1,9,0,9,0,8,0,0,0,0,1,1,6,1,37,7,1490,1,11,-1,1,-1
201501PL60428,2,4,0,13,0,8,0,0,0,0,1,1,6,1,58,9,279,1,7,-1,1,-1
201501PL60429,1,9,0,4,0,1,0,0,0,0,2,1,6,2,49,8,1368,1,8,-1,1,-1
201501PL60429,2,9,0,4,0,1,0,0,0,0,1,1,6,1,51,8,1997,2,14,-1,-1,-1
201501PL60430,1,9,0,4,0,0,0,0,0,0,1,1,6,1,51,8,-1,-1,-1,-1,1,-1
201501PL60430,2,9,0,4,0,0,0,0,0,0,2,1,6,1,37,7,1598,1,9,-1,1,-1
201501PL60431,1,11,0,4,0,1,0,0,0,0,0,1,1,1,52,8,9360,2,6,-1,1,-1
201501PL60432,1,11,0,4,0,1,0,0,0,0,4,1,6,1,31,6,4500,2,1,-1,1,-1
201501PL60433,1,3,0,15,0,1,0,0,0,0,3,1,6,1,22,5,124,1,1,-1,-1,-1
201501PL60433,2,19,0,18,0,1,0,0,0,0,4,1,6,1,27,6,1998,2,12,-1,1,-1
201501PL60434,1,3,0,13,0,8,0,0,0,0,4,1,6,1,18,4,-1,-1,-1,-1,1,-1
201501PL60434,2,9,0,9,0,8,0,0,0,0,3,1,6,1,44,7,-1,-1,-1,-1,1,-1
201501PL60435,1,9,0,3,0,8,0,0,0,0,2,1,6,2,46,8,1388,1,6,-1,1,-1
201501PL60435,2,19,0,18,0,8,0,0,0,0,1,1,6,1,-1,-1,1997,2,10,-1,-1,-1
201501PL60438,1,11,0,4,0,1,0,0,0,0,0,1,1,2,41,7,6700,2,3,-1,1,-1
201501PL60440,1,11,0,5,0,1,0,0,0,0,0,1,1,1,21,5,6700,2,6,-1,1,-1
201501PL60441,1,19,0,9,0,0,0,0,0,0,3,1,1,1,44,7,1560,2,1,-1,1,-1
201501PL60441,2,4,0,13,0,0,0,0,0,0,1,1,6,1,-1,-1,249,1,20,-1,1,-1
201501PL60442,1,3,0,18,0,1,0,0,0,0,1,1,6,3,-1,-1,124,1,5,-1,-1,-1
201501PL60443,1,1,0,18,0,8,0,0,0,0,1,1,6,2,37,7,-1,-1,-1,-1,-1,-1
201501PL60443,2,9,0,7,0,8,0,0,0,0,4,1,6,3,-1,-1,1596,1,14,-1,-1,-1
201501PL60444,1,1,0,14,0,1,0,8,0,0,1,1,6,1,37,7,-1,-1,-1,-1,1,-1
201501PL60444,2,9,0,2,0,1,0,0,0,0,3,1,6,2,52,8,1598,1,9,-1,1,-1
201501PL60445,1,9,0,18,0,8,0,0,0,0,1,1,6,1,-1,-1,-1,-1,-1,-1,-1,-1
201501PL60446,1,9,0,9,0,2,0,0,0,0,1,1,6,2,35,6,1197,1,1,-1,1,-1
201501PL60448,1,3,0,13,0,8,0,0,0,0,1,1,6,1,25,5,124,1,10,-1,1,-1
201501PL60448,2,9,0,9,0,8,0,0,0,0,3,1,6,1,55,8,-1,-1,-1,-1,1,-1
201501PL60449,1,9,0,3,0,1,0,0,0,0,2,1,6,2,26,6,1598,1,7,-1,1,-1
201501PL60449,2,9,0,18,0,1,0,0,0,0,1,1,6,1,45,7,-1,-1,-1,-1,1,-1
201501PL60451,1,3,0,18,0,8,0,0,0,0,0,1,6,1,27,6,125,1,5,-1,1,-1
201501PL60451,2,9,0,9,0,8,0,0,0,0,0,1,6,1,55,8,-1,-1,-1,-1,1,-1
201501PL60452,1,11,0,11,0,1,0,0,0,0,4,1,1,1,42,7,4461,2,2,-1,-1,-1
201501PL60452,2,9,0,18,0,1,0,0,0,0,1,1,6,2,21,5,1341,1,12,-1,1,-1
201501PL60453,1,9,0,18,0,1,0,0,0,0,2,1,6,1,49,8,1797,8,4,-1,1,-1
201501PL60453,2,9,0,13,0,1,0,0,0,0,1,1,6,3,-1,-1,1598,1,10,-1,-1,-1
201501PL60454,1,20,0,18,0,1,0,0,0,0,1,1,1,1,44,7,5880,2,9,-1,1,-1
201501PL60455,1,9,0,18,0,8,0,0,0,0,1,1,6,1,21,5,-1,-1,-1,-1,1,-1
201501PL60455,2,9,0,7,0,8,0,0,0,0,3,1,6,1,40,7,1984,1,12,-1,-1,-1
201501PL60456,1,9,0,2,0,1,0,0,0,0,2,1,6,1,60,9,1998,1,9,-1,1,-1
201501PL60456,2,9,0,4,0,1,0,0,0,0,1,1,1,1,46,8,-1,-1,-1,-1,1,-1
201501PL60457,1,21,0,9,0,8,0,0,0,0,3,1,1,1,36,7,12580,2,10,-1,1,-1
201501PL60457,2,19,0,18,0,8,0,0,0,0,1,1,6,1,27,6,1995,2,3,-1,-1,-1
201501PL60458,1,3,0,18,0,0,0,0,0,0,1,1,6,1,23,5,125,1,5,-1,-1,-1
201501PL60458,2,9,0,6,0,0,0,0,0,0,1,1,6,2,44,7,1598,1,9,-1,1,-1
201501PL60459,1,11,0,4,0,0,0,0,0,0,4,1,6,1,52,8,8268,2,12,-1,1,-1
201501PL60459,2,1,0,18,0,0,0,0,0,0,3,1,6,1,44,7,-1,-1,-1,-1,1,-1
201501PL60460,1,4,0,18,0,8,0,0,0,0,1,1,6,1,54,8,-1,-1,-1,-1,1,-1
201501PL60460,2,19,0,10,0,8,0,0,0,0,1,1,6,1,19,4,1996,2,4,-1,-1,-1
201501PL60461,1,9,0,18,0,0,5,4,0,0,1,1,6,1,32,6,1461,2,5,-1,1,-1
201501PL60461,2,9,0,2,0,0,0,0,0,0,2,1,6,3,-1,-1,1968,2,2,-1,-1,-1
201501PL60462,1,9,0,9,0,8,0,0,0,0,1,1,6,1,42,7,-1,-1,-1,-1,-1,-1
201501PL60462,2,5,0,14,0,8,0,0,0,0,1,1,6,1,23,5,-1,-1,-1,-1,1,-1
201501PL60463,1,9,0,9,0,8,0,0,0,0,1,1,6,1,31,6,1796,1,11,-1,1,-1
201501PL60463,2,9,0,18,0,8,0,0,0,0,1,1,6,2,63,9,1995,2,5,-1,1,-1
201501PL60464,1,9,0,18,0,8,0,0,0,0,3,1,6,1,70,10,-1,-1,-1,-1,1,-1
201501PL60464,2,9,0,18,0,8,0,0,0,0,3,1,6,1,-1,-1,1796,1,4,-1,1,-1
201501PL60464,3,9,0,18,0,8,0,0,0,0,1,1,6,1,35,6,1968,2,6,-1,1,-1
201501PL60464,4,9,0,18,0,8,0,0,0,0,3,1,6,1,42,7,2987,2,10,-1,1,-1
201501PL60466,1,9,0,6,0,2,0,0,0,0,2,1,6,1,20,4,1796,1,8,-1,1,-1
201501PL60466,2,3,0,18,0,2,0,0,0,0,1,1,6,1,18,4,-1,-1,-1,-1,1,-1
201501PL60467,1,5,0,18,0,1,0,0,0,0,1,1,6,1,39,7,599,1,9,-1,1,-1
201501PL60467,2,1,0,18,0,1,0,0,0,0,2,1,6,1,17,4,-1,-1,-1,-1,-1,-1
201501PL60468,1,9,0,4,0,0,0,0,0,0,1,1,6,2,19,4,-1,-1,-1,-1,1,-1
201501PL60468,2,20,0,4,0,0,0,0,0,0,2,1,1,1,-1,-1,-1,-1,-1,-1,-1,-1
201501PL60470,1,9,0,3,0,1,0,0,0,0,2,1,6,1,24,5,1242,1,3,-1,1,-1
201501PL60470,2,9,0,18,0,1,0,0,0,0,1,1,6,1,-1,-1,2290,1,12,-1,1,-1
201501PL60471,1,9,0,5,0,2,0,0,0,0,1,1,6,2,37,7,-1,-1,-1,-1,1,-1
201501PL60471,2,4,0,18,0,1,0,0,0,0,1,1,6,1,31,6,-1,-1,-1,-1,1,-1
201501PL60472,1,1,0,3,0,1,0,0,0,0,2,1,6,2,41,7,-1,-1,-1,-1,1,-1
201501PL60472,2,9,0,5,0,1,0,0,0,0,1,1,6,2,-1,-1,1386,1,12,-1,-1,-1
201501PL60473,1,9,0,4,0,8,0,0,0,0,1,1,6,1,36,7,-1,-1,-1,-1,1,-1
201501PL60473,2,9,0,1,0,8,0,0,0,0,2,1,6,1,-1,-1,-1,-1,-1,-1,-1,-1
201501PL60474,1,9,0,2,0,8,0,0,0,0,1,1,6,3,-1,-1,998,1,13,-1,-1,-1
201501PL60474,2,9,0,18,0,8,0,0,0,0,1,1,6,2,51,8,1343,1,12,-1,1,-1
201501PL60476,1,9,0,18,0,0,0,0,0,0,4,1,6,2,55,8,-1,-1,-1,-1,1,-1
201501PL60477,1,3,0,18,0,8,0,0,0,0,1,1,6,1,37,7,108,1,-1,-1,1,-1
201501PL60477,2,9,0,9,0,8,0,0,0,0,4,1,6,1,41,7,-1,-1,-1,-1,1,-1
201501PL60478,1,1,0,17,0,8,0,0,0,0,3,1,6,2,26,6,-1,-1,-1,-1,-1,-1
201501PL60478,2,19,0,18,0,8,0,0,0,0,4,1,1,1,26,6,-1,-1,-1,-1,-1,-1
201501PL60479,1,9,0,9,0,8,0,0,0,0,1,1,6,1,-1,-1,-1,-1,-1,-1,1,-1
201501PL60479,2,1,0,18,0,8,0,0,0,0,1,1,6,1,56,9,-1,-1,-1,-1,-1,-1
201501PL60480,1,5,0,13,0,8,0,0,0,0,4,1,6,1,39,7,1000,1,1,-1,1,-1
201501PL60480,2,9,0,9,0,8,0,0,0,0,3,1,6,1,26,6,-1,-1,-1,-1,1,-1
201501PL60481,1,9,0,9,0,8,0,0,0,0,3,1,6,1,25,5,1560,2,1,-1,-1,-1
201501PL60481,2,3,0,13,0,8,0,0,0,0,4,1,6,1,49,8,124,1,6,-1,1,-1
201501PL60482,1,9,0,18,0,0,0,0,0,0,1,1,6,2,43,7,1686,2,4,-1,1,-1
201501PL60483,1,9,0,10,0,8,0,0,0,0,2,1,6,2,35,6,1598,1,14,-1,1,-1
201501PL60483,2,9,0,18,0,8,0,0,0,0,1,1,6,1,-1,-1,1598,1,8,-1,1,-1
201501PL60484,1,9,0,4,0,1,0,0,0,0,2,1,6,2,27,6,1796,1,7,-1,1,-1
201501PL60484,2,9,0,4,0,1,0,0,0,0,1,1,6,2,-1,-1,1598,1,8,-1,-1,-1
201501PL60485,1,3,0,4,0,2,0,0,0,0,0,1,6,1,26,6,124,1,1,-1,2,-1
201501PL60485,2,9,0,5,0,2,0,0,0,0,0,1,6,1,40,7,-1,-1,-1,-1,1,-1
201501PL60487,1,1,0,18,0,8,0,0,0,0,4,1,6,1,22,5,-1,-1,-1,-1,-1,-1
201501PL60487,2,9,0,7,0,8,0,0,0,0,1,1,6,3,-1,-1,-1,-1,-1,-1,-1,-1
201501PL60488,1,9,0,7,0,8,0,0,0,0,4,1,6,2,40,7,1796,1,6,-1,1,-1
201501PL60488,2,1,0,18,0,8,0,0,0,0,2,1,6,1,50,8,-1,-1,-1,-1,1,-1
201501PL60489,1,19,0,11,0,1,0,0,0,0,4,1,6,1,57,9,2198,2,6,-1,-1,-1
201501PL60489,2,5,0,18,0,1,0,0,0,0,3,1,6,1,49,8,-1,-1,-1,-1,1,-1
201501PL60490,1,9,0,18,0,8,0,0,0,0,4,1,6,2,49,8,1769,1,10,-1,1,-1
201501PL60490,2,1,0,18,0,8,0,0,0,0,1,1,6,1,49,8,-1,-1,-1,-1,1,-1
201501PL60492,1,1,0,18,0,1,0,0,0,0,1,1,6,2,27,6,-1,-1,-1,-1,1,-1
201501PL60492,2,9,0,18,0,2,0,0,0,0,1,1,6,1,-1,-1,-1,-1,-1,-1,-1,-1
201501PL60493,1,3,0,9,0,8,0,0,0,0,1,1,6,2,51,8,102,1,1,-1,1,-1
201501PL60493,2,9,0,9,0,8,0,0,0,0,3,1,6,1,47,8,1995,2,12,-1,1,-1
201501PL60494,1,11,0,18,0,2,0,0,0,0,1,1,1,1,33,6,6696,2,2,-1,1,-1
201501PL60495,1,9,0,4,0,1,0,0,0,0,2,1,6,1,-1,-1,-1,-1,-1,-1,-1,-1
201501PL60495,2,1,0,4,0,1,0,0,0,0,1,1,6,1,46,8,-1,-1,-1,-1,1,-1
201501PL60496,1,9,0,9,0,8,0,0,0,0,3,1,6,1,34,6,2616,1,8,-1,1,-1
201501PL60496,2,3,0,13,0,8,0,0,0,0,4,1,6,1,22,5,124,1,10,-1,1,-1
201501PL60497,1,11,0,9,2,8,0,0,0,0,4,1,1,1,44,7,4500,2,1,-1,1,-1
201501PL60498,1,9,0,3,0,2,0,0,0,0,2,1,6,1,22,5,-1,-1,-1,-1,1,-1
201501PL60498,2,9,0,18,0,2,0,0,0,0,1,1,6,1,-1,-1,1798,1,7,-1,-1,-1
201501PL60500,1,9,0,18,0,1,0,0,0,0,1,1,6,1,33,6,1598,1,12,-1,1,-1
201501PL60500,2,9,0,18,0,2,0,0,0,0,1,1,6,1,55,8,1389,1,14,-1,1,-1
201501PL60501,1,9,0,3,0,1,0,0,0,0,2,1,6,1,55,8,-1,-1,-1,-1,1,-1
201501PL60501,2,9,0,3,0,1,0,0,0,0,2,1,6,3,-1,-1,-1,-1,-1,-1,-1,-1
201501PL60501,3,9,0,18,0,1,0,0,0,0,1,1,6,3,-1,-1,-1,-1,-1,-1,-1,-1
201501PL60502,1,9,0,18,0,0,0,10,1,10,1,1,6,1,19,4,1598,1,8,-1,1,-1
201501PL60503,1,1,0,18,0,8,0,0,0,0,0,1,6,1,33,6,-1,-1,-1,-1,1,-1
201501PL60503,2,9,0,7,0,8,0,0,0,0,0,1,6,1,24,5,-1,-1,-1,-1,1,-1
201501PL60504,1,9,0,3,0,0,0,0,0,0,2,1,6,2,33,6,-1,-1,-1,-1,-1,-1
201501PL60504,2,9,0,18,0,0,0,0,0,0,3,1,6,1,47,8,-1,-1,-1,-1,1,-1
201501PL60504,3,9,0,18,0,0,0,0,0,0,3,1,6,1,40,7,1360,1,9,-1,-1,-1
201501PL60506,1,9,0,18,0,8,0,0,0,0,4,1,6,1,40,7,1339,1,10,-1,3,-1
201501PL60506,2,1,0,9,0,8,0,0,0,0,1,1,6,1,28,6,-1,-1,-1,-1,1,-1
201501PL60509,1,9,0,18,0,1,0,0,0,0,1,1,1,1,27,6,-1,-1,-1,-1,1,-1
201501PL60510,1,9,0,3,0,2,0,0,0,0,2,1,6,1,-1,-1,1951,2,14,-1,1,-1
201501PL60510,2,5,0,4,0,2,0,0,0,0,1,1,6,1,53,8,847,1,-1,-1,1,-1
201501PL60511,1,9,0,7,0,2,0,0,0,0,2,1,6,2,31,6,1396,1,16,-1,1,-1
201501PL60511,2,1,0,18,0,2,0,0,0,0,1,1,6,1,-1,-1,-1,-1,-1,-1,-1,-1
201501PL60513,1,9,0,5,0,8,0,0,0,0,3,1,6,1,49,8,1596,1,11,-1,-1,-1
201501PL60513,2,1,0,18,0,8,0,0,0,0,1,1,6,2,17,4,-1,-1,-1,-1,1,-1
201501PL60514,1,9,0,2,0,0,0,0,0,0,4,1,6,3,-1,-1,-1,-1,-1,-1,-1,-1
201501PL60514,2,9,0,17,0,0,0,0,0,0,0,1,6,1,-1,-1,-1,-1,-1,-1,-1,-1
201501PL60515,1,3,0,18,0,0,0,0,0,0,1,1,6,3,-1,-1,124,1,5,-1,-1,-1
201501PL60516,1,9,0,9,0,8,0,0,0,0,3,1,6,2,24,5,1595,1,2,-1,1,-1
201501PL60516,2,9,0,9,0,8,0,0,0,0,1,1,6,2,36,7,1749,1,14,-1,1,-1
201501PL60517,1,9,0,5,9,0,0,0,0,0,1,1,6,2,-1,-1,2967,2,4,-1,1,-1
201501PL60518,1,1,0,18,0,2,0,0,0,0,3,1,6,1,45,7,-1,-1,-1,-1,1,-1
201501PL60518,2,11,0,13,0,2,0,0,0,0,4,1,1,3,-1,-1,-1,-1,-1,-1,-1,-1
201501PL60519,1,9,0,9,0,8,0,0,0,0,1,1,6,2,86,11,-1,-1,-1,-1,1,-1
201501PL60519,2,9,0,18,0,8,0,0,0,0,4,1,6,1,45,7,-1,-1,-1,-1,1,-1
201501PL60520,1,19,0,18,0,2,0,0,0,0,3,1,6,1,52,8,1686,2,8,-1,1,-1
201501PL60522,1,4,0,18,0,8,0,0,0,0,1,1,6,1,46,8,-1,-1,-1,-1,1,-1
201501PL60522,2,9,0,10,0,8,0,0,0,0,3,1,6,2,-1,-1,-1,-1,-1,-1,-1,-1
201501PL60522,3,9,0,9,0,8,0,0,0,0,1,1,6,1,-1,-1,-1,-1,-1,-1,-1,-1
201501PL60523,1,9,0,4,0,2,0,0,0,0,2,1,6,1,40,7,1598,1,12,-1,-1,-1
201501PL60523,2,9,0,4,0,2,0,0,0,0,1,1,6,1,49,8,1896,2,12,-1,1,-1
201501PL60524,1,5,0,3,0,1,0,0,0,0,2,1,6,1,42,7,1298,1,10,-1,1,-1
201501PL60524,2,9,0,4,0,1,0,0,0,0,1,1,6,2,-1,-1,1497,8,7,-1,1,-1
201501PL60525,1,19,0,5,0,1,0,0,0,0,3,1,6,2,59,9,-1,-1,-1,-1,1,-1
201501PL60525,2,1,0,18,0,1,0,0,0,0,1,1,6,1,25,5,-1,-1,-1,-1,-1,-1
201501PL60526,1,9,0,18,0,1,0,0,0,0,3,1,6,2,50,8,1796,1,13,-1,1,-1
201501PL60526,2,21,0,11,0,1,0,0,0,0,4,1,6,3,-1,-1,-1,-1,-1,-1,-1,-1
201501PL60527,1,11,0,4,0,1,0,0,0,0,0,1,1,2,-1,-1,4500,2,1,-1,1,-1
201501PL60528,1,9,0,10,0,8,0,0,0,0,2,1,6,2,51,8,1461,2,9,-1,1,-1
201501PL60528,2,2,0,4,0,8,0,0,0,0,1,1,6,2,19,4,124,1,12,-1,1,-1
201501PL60529,1,9,0,7,0,8,0,0,0,0,4,1,6,1,17,4,1242,1,8,-1,1,-1
201501PL60529,2,1,0,18,0,8,0,0,0,0,1,1,6,2,23,5,-1,-1,-1,-1,1,-1
201501PL60531,1,9,0,9,0,8,0,0,0,0,3,1,6,2,32,6,1339,1,10,-1,1,-1
201501PL60531,2,11,0,18,0,8,0,0,0,0,1,1,1,1,41,7,6871,2,6,-1,1,-1
201501PL60533,1,4,0,18,0,1,0,0,0,0,1,1,6,1,25,5,124,1,6,-1,1,-1
201501PL60533,2,9,0,5,0,1,0,0,0,0,3,1,6,1,31,6,1796,1,8,-1,1,-1
201501PL60534,1,9,0,12,0,1,0,0,0,0,3,1,6,3,-1,-1,-1,-1,-1,-1,-1,-1
201501PL60534,2,1,0,18,0,1,0,0,0,0,4,1,6,1,53,8,-1,-1,-1,-1,1,-1
201501PL60535,1,8,0,18,0,1,0,4,0,0,1,1,6,1,48,8,1998,1,12,-1,1,-1
201501PL60535,2,9,0,2,0,1,0,0,0,0,2,1,6,2,26,6,1497,8,8,-1,1,-1
201501PL60536,1,9,0,3,0,2,0,0,0,0,2,1,6,1,58,9,1397,1,3,-1,1,-1
201501PL60536,2,9,0,4,0,2,0,0,0,0,1,1,6,1,20,4,1248,2,6,-1,1,-1
201501PL60537,1,9,0,18,0,8,0,0,0,0,2,1,6,1,36,7,1339,1,2,-1,1,-1
201501PL60537,2,9,0,18,0,8,0,0,0,0,1,1,6,2,-1,-1,1390,1,4,-1,1,-1
201501PL60538,1,9,0,9,0,8,0,0,0,0,4,1,6,1,47,8,2496,1,13,-1,1,-1
201501PL60538,2,1,0,18,0,8,0,0,0,0,1,1,6,1,21,5,-1,-1,-1,-1,1,-1
201501PL60540,1,9,0,2,0,1,0,0,0,0,3,1,6,3,-1,-1,-1,-1,-1,-1,-1,-1
201501PL60540,2,1,0,14,0,1,0,8,0,0,1,1,6,1,21,5,-1,-1,-1,-1,1,-1
201501PL60542,1,9,0,9,0,8,0,0,0,0,3,1,6,2,-1,-1,1769,1,15,-1,-1,-1
201501PL60542,2,3,0,13,0,8,0,0,0,0,1,1,6,1,26,6,124,1,4,-1,-1,-1
201501PL60544,1,9,0,3,0,1,0,0,0,0,2,1,6,2,31,6,1997,2,4,-1,1,-1
201501PL60544,2,9,0,4,0,1,0,0,0,0,1,1,6,1,18,4,1364,1,9,-1,1,-1
201501PL60545,1,9,0,18,0,2,0,0,0,0,1,1,6,1,45,7,-1,-1,-1,-1,-1,-1
201501PL60546,1,9,0,18,0,0,0,0,0,0,3,1,6,1,22,5,1968,2,6,-1,1,-1
201501PL60546,2,9,0,14,0,0,0,0,0,0,3,1,6,1,39,7,2143,2,3,-1,1,-1
201501PL60546,3,90,0,3,0,0,0,0,0,0,0,1,1,3,-1,-1,-1,-1,-1,-1,-1,-1
201501PL60547,1,9,0,18,0,1,0,0,0,0,1,1,6,2,37,7,1598,1,9,-1,1,-1
201501PL60548,1,19,0,4,0,0,0,0,0,0,2,1,1,1,64,9,2198,2,3,-1,1,-1
201501PL60548,2,9,0,4,0,0,0,0,0,0,1,1,6,1,43,7,1395,1,1,-1,-1,-1
201501PL60549,1,3,0,18,0,1,0,0,0,0,2,1,6,1,21,5,125,1,11,-1,-1,-1
201501PL60549,2,9,0,18,0,1,0,0,0,0,1,1,6,3,-1,-1,-1,-1,-1,-1,-1,-1
201501PL60550,1,1,0,7,0,8,0,0,0,0,0,1,6,1,37,7,-1,-1,-1,-1,-1,-1
201501PL60551,1,9,0,18,0,8,0,10,7,2,1,1,6,1,45,7,1896,2,9,-1,1,-1
201501PL60552,1,9,0,9,0,8,0,0,0,0,1,1,6,2,-1,-1,1388,1,13,-1,-1,-1
201501PL60552,2,1,0,18,0,8,0,0,0,0,1,1,6,1,43,7,-1,-1,-1,-1,1,-1
201501PL60553,1,9,0,18,0,0,0,0,0,0,1,1,6,2,48,8,1598,1,9,-1,1,-1
201501PL60554,1,8,0,5,0,1,0,0,0,0,1,1,1,1,48,8,1997,2,1,-1,-1,-1
201501PL60558,1,9,0,5,0,2,0,0,0,0,4,1,6,2,27,6,1390,1,2,-1,1,-1
201501PL60558,2,9,0,5,0,2,0,0,0,0,3,1,6,1,-1,-1,-1,-1,-1,-1,-1,-1
201501PL60559,1,9,0,18,0,2,0,0,0,0,3,1,6,1,67,10,1799,1,20,-1,1,-1
201501PL60561,1,9,0,7,0,8,0,0,0,0,1,1,6,2,54,8,1781,1,12,-1,1,-1
201501PL60561,2,19,0,3,0,8,0,0,0,0,3,1,1,1,26,6,2198,2,3,-1,1,-1
201501PL60562,1,9,0,18,0,2,0,0,0,0,1,1,6,1,56,9,2979,1,13,-1,1,-1
201501PL60563,1,9,0,5,0,0,0,0,0,0,3,1,6,1,-1,-1,998,1,1,-1,-1,-1
201501PL60564,1,9,0,5,0,0,0,0,0,0,3,1,6,1,68,10,998,1,1,-1,1,-1
201501PL60564,2,11,0,18,0,0,0,0,0,0,4,1,1,2,42,7,3900,2,12,-1,-1,-1
201501PL60565,1,3,0,13,0,8,0,0,0,0,4,1,6,1,27,6,125,1,1,-1,1,-1
201501PL60565,2,9,0,9,0,8,0,0,0,0,3,1,6,1,-1,-1,1968,2,8,-1,1,-1
201501PL60566,1,19,0,4,0,0,0,0,0,0,2,1,1,1,27,6,2198,2,4,-1,-1,-1
201501PL60566,2,9,0,4,0,0,0,0,0,0,1,1,6,1,25,5,2231,2,2,-1,2,-1
201501PL60567,1,11,0,4,0,2,0,0,0,0,0,1,1,1,38,7,6700,2,4,-1,1,-1
201501PL60568,1,11,0,18,0,8,0,0,0,0,3,1,1,1,29,6,-1,-1,-1,-1,1,-1
201501PL60568,2,9,0,18,0,8,0,0,0,0,4,1,6,2,28,6,1596,1,9,-1,-1,-1
201501PL60568,3,9,0,9,0,8,0,0,0,0,0,1,6,2,-1,-1,-1,-1,-1,-1,-1,-1
201501PL60569,1,9,0,18,0,8,0,0,0,0,1,1,6,2,30,6,-1,-1,-1,-1,1,-1
201501PL60569,2,3,0,9,0,8,0,0,0,0,1,1,6,1,20,4,125,1,4,-1,1,-1
201501PL60570,1,11,0,18,0,1,0,0,0,0,1,1,1,1,41,7,6700,2,3,-1,1,-1
201501PL60571,1,1,0,18,0,8,0,0,0,0,1,1,6,2,27,6,-1,-1,-1,-1,1,-1
201501PL60571,2,9,0,9,0,8,0,0,0,0,3,1,6,1,-1,-1,-1,-1,-1,-1,-1,-1
201501PL60572,1,19,0,18,0,2,0,0,0,0,4,1,6,1,51,8,-1,-1,-1,-1,1,-1
201501PL60573,1,11,0,4,0,1,0,0,0,0,0,1,1,1,36,7,4500,2,3,-1,1,-1
201501PL60575,1,9,0,3,0,1,0,0,0,0,2,1,6,1,35,6,1896,2,15,-1,1,-1
201501PL60575,2,9,0,4,0,1,0,0,0,0,1,1,6,2,22,5,1242,1,5,-1,1,-1
201501PL60576,1,9,0,18,0,1,5,7,0,0,3,1,6,1,54,8,-1,-1,-1,-1,1,-1
201501PL60577,1,9,0,9,0,8,0,0,0,0,1,1,6,1,90,11,1560,2,6,-1,1,-1
201501PL60577,2,9,0,18,0,8,0,0,0,0,1,1,6,1,32,6,2231,2,9,-1,1,-1
201501PL60579,1,9,0,18,0,0,0,0,0,0,1,1,6,1,19,4,1229,1,9,-1,1,-1
201501PL60579,2,9,0,3,0,0,0,0,0,0,2,1,6,2,45,7,1984,1,13,-1,1,-1
201501PL60579,3,9,0,3,0,0,0,0,0,0,2,1,6,2,51,8,1149,1,8,-1,1,-1
201501PL60580,1,9,0,3,0,0,0,0,0,0,2,1,6,2,28,6,-1,-1,-1,-1,1,-1
201501PL60580,2,9,0,4,0,0,0,0,0,0,1,1,6,1,-1,-1,1388,1,12,-1,1,-1
201501PL60581,1,5,0,3,0,8,0,0,0,0,4,1,6,1,-1,-1,-1,-1,-1,-1,-1,-1
201501PL60581,2,9,0,9,0,8,0,0,0,0,1,1,6,1,55,8,1360,1,11,-1,1,-1
201501PL60582,1,9,0,18,0,8,0,0,0,0,4,1,6,2,54,8,1598,1,3,-1,1,-1
201501PL60582,2,9,0,7,0,8,0,0,0,0,1,1,6,2,-1,-1,1598,1,1,-1,-1,-1
201501PL60583,1,1,0,18,0,8,0,0,0,0,4,1,6,1,41,7,-1,-1,-1,-1,1,-1
201501PL60583,2,9,0,9,0,8,0,0,0,0,1,1,6,3,-1,-1,-1,-1,-1,-1,-1,-1
201501PL60584,1,11,0,4,0,2,0,0,0,0,1,1,6,1,50,8,9360,2,4,-1,1,-1
201501PL60584,2,9,0,3,0,2,0,0,0,0,2,1,6,1,61,9,2143,2,3,-1,1,-1
201501PL60585,1,9,0,5,0,1,0,0,0,0,1,1,6,1,57,9,2496,1,13,-1,1,-1
201501PL60586,1,9,0,9,0,8,0,0,0,0,3,1,6,1,59,9,1598,1,12,-1,1,-1
201501PL60586,2,3,0,13,0,8,0,0,0,0,1,1,6,1,19,4,-1,-1,-1,-1,-1,-1
201501PL60588,1,9,0,18,0,0,0,0,0,0,3,1,6,2,20,4,1598,1,7,-1,2,-1
201501PL60588,2,5,0,18,0,0,0,0,0,0,4,1,6,1,39,7,645,1,15,-1,-1,-1
201501PL60589,1,3,0,18,0,1,0,0,0,0,1,1,6,1,33,6,124,1,8,-1,1,-1
201501PL60592,1,8,0,9,0,8,0,0,0,0,4,1,6,1,53,8,2143,2,4,-1,-1,-1
201501PL60592,2,3,0,18,0,8,0,0,0,0,1,1,6,1,17,4,125,1,13,-1,-1,-1
201501PL60593,1,9,0,18,0,1,0,0,0,0,1,1,6,1,19,4,-1,-1,-1,-1,1,-1
201501PL60594,1,5,0,18,0,8,0,0,0,0,4,1,6,1,35,6,499,1,20,-1,1,-1
201501PL60594,2,9,0,6,0,8,0,0,0,0,3,1,6,2,22,5,1197,1,4,-1,1,-1
201501PL60595,1,11,0,7,0,8,0,0,0,0,2,1,1,1,47,8,9000,2,9,-1,1,-1
201501PL60595,2,1,0,18,0,8,0,0,0,0,1,1,6,1,48,8,-1,-1,-1,-1,-1,-1
201501PL60596,1,9,0,2,0,0,0,0,0,0,2,1,6,3,-1,-1,1396,1,20,-1,-1,-1