Accident_Index,Vehicle_Reference,Vehicle_Type,Towing_and_Articulation,Vehicle_Manoeuvre,Vehicle_Location-Restricted_Lane,Junction_Location,Skidding_and_Overturning,Hit_Object_in_Carriageway,Vehicle_Leaving_Carriageway,Hit_Object_off_Carriageway,1st_Point_of_Impact,Was_Vehicle_Left_Hand_Drive?,Journey_Purpose_of_Driver,Sex_of_Driver,Age_of_Driver,Age_Band_of_Driver,Engine_Capacity_(CC),Propulsion_Code,Age_of_Vehicle,Driver_IMD_Decile,Driver_Home_Area_Type,Vehicle_IMD_Decile
201501PL60596,2,9,0,5,0,0,0,4,7,10,1,1,6,2,25,5,1396,1,3,-1,1,-1
201501PL60597,1,9,0,3,0,0,0,0,0,0,4,1,6,1,53,8,1995,2,11,-1,-1,-1
201501PL60597,2,5,0,15,0,0,0,8,0,0,1,1,6,1,37,7,-1,-1,-1,-1,1,-1
201501PL60599,1,9,0,18,0,1,0,0,0,0,1,1,6,2,40,7,1995,1,7,-1,1,-1
201501PL60599,2,1,0,18,0,1,0,0,0,0,3,1,6,1,11,3,-1,-1,-1,-1,-1,-1
201501PL60600,1,9,0,18,0,2,0,0,0,0,1,1,6,2,26,6,1242,1,4,-1,1,-1
201501PL60600,2,8,0,2,0,2,0,0,0,0,2,1,6,1,50,8,-1,-1,-1,-1,1,-1
201501PL60601,1,8,0,18,0,8,0,0,0,0,1,1,6,1,41,7,-1,-1,-1,-1,1,-1
201501PL60601,2,1,0,16,0,8,0,0,0,0,4,1,6,1,41,7,-1,-1,-1,-1,1,-1
201501PL60602,1,3,0,9,0,8,0,0,0,0,1,1,6,1,-1,-1,124,1,5,-1,1,-1
201501PL60602,2,9,0,18,0,8,0,0,0,0,3,1,6,2,31,6,989,1,14,-1,1,-1
201501PL60603,1,9,0,9,0,8,0,0,0,0,3,1,6,1,45,7,1598,1,10,-1,1,-1
201501PL60603,2,3,0,18,0,8,0,0,0,0,1,1,6,1,19,4,999,1,9,-1,1,-1
201501PL60604,1,9,0,3,0,0,0,0,0,0,1,1,6,2,51,8,1973,1,15,-1,-1,-1
201501PL60604,2,9,0,1,0,0,0,0,0,0,2,1,6,1,-1,-1,1590,1,11,-1,-1,-1
201501PL60605,1,8,0,10,0,8,0,0,0,0,3,1,6,1,50,8,1798,1,3,-1,1,-1
201501PL60605,2,9,0,7,0,8,0,10,2,10,3,1,6,1,-1,-1,998,1,15,-1,-1,-1
201501PL60606,1,9,0,9,0,8,0,10,3,10,1,1,6,1,23,5,1364,2,7,-1,1,-1
201501PL60607,1,9,0,3,0,1,0,0,0,0,2,1,6,1,35,6,1598,1,14,-1,1,-1
201501PL60607,2,9,0,18,0,1,0,0,0,0,1,1,6,1,-1,-1,1997,2,10,-1,-1,-1
201501PL60608,1,1,0,18,0,1,0,0,0,0,1,1,6,1,34,6,-1,-1,-1,-1,1,-1
201501PL60609,1,9,0,18,0,1,0,0,0,0,1,1,6,1,19,4,1229,1,10,-1,1,-1
201501PL60610,1,5,0,14,0,8,0,0,0,0,4,1,6,1,36,7,125,1,7,-1,1,-1
201501PL60610,2,3,0,7,0,8,0,0,0,0,1,1,6,1,-1,-1,125,1,8,-1,-1,-1
201501PL60611,1,9,0,18,9,1,0,10,1,0,1,1,6,1,79,11,1686,2,15,-1,1,-1
201501PL60611,2,19,0,2,0,1,0,0,0,0,2,1,1,1,55,8,1870,2,9,-1,1,-1
201501PL60612,1,9,0,17,0,2,0,0,0,0,1,1,6,1,-1,-1,-1,-1,-1,-1,-1,-1
201501PL60612,2,9,0,2,0,2,0,0,0,0,3,1,6,3,-1,-1,-1,-1,-1,-1,-1,-1
201501PL60612,3,9,0,2,0,2,0,0,0,0,3,1,6,3,-1,-1,-1,-1,-1,-1,-1,-1
201501PL60613,1,9,0,18,0,0,0,0,0,0,3,1,6,2,36,7,1587,1,11,-1,1,-1
201501PL60613,2,9,0,1,0,0,0,0,0,0,2,1,6,2,44,7,1398,2,13,-1,1,-1
201501PL60614,1,11,0,18,0,1,0,0,0,0,1,1,6,3,-1,-1,-1,-1,-1,-1,-1,-1
201501PL60615,1,19,0,18,0,1,0,0,0,0,1,1,1,1,24,5,2287,2,2,-1,1,-1
201501PL60616,1,9,0,5,0,1,0,0,0,0,0,1,6,1,-1,-1,1598,1,7,-1,-1,-1
201501PL60617,1,1,0,18,0,8,0,0,0,0,1,1,6,1,45,7,-1,-1,-1,-1,1,-1
201501PL60617,2,9,0,9,0,8,0,0,0,0,3,1,6,1,-1,-1,-1,-1,-1,-1,-1,-1
201501PL60618,1,9,0,4,0,0,0,0,0,0,2,1,6,1,26,6,1587,1,12,-1,-1,-1
201501PL60618,2,9,0,4,0,0,0,0,0,0,1,1,6,2,41,7,1598,1,15,-1,1,-1
201501PL60619,1,11,0,4,0,1,0,0,0,0,0,1,1,1,42,7,4500,2,3,-1,1,-1
201501PL60620,1,9,0,12,0,1,0,0,0,0,2,1,1,1,24,5,1497,8,9,-1,1,-1
201501PL60620,2,4,0,18,0,1,0,0,0,0,1,1,6,1,57,9,1050,1,8,-1,1,-1
201501PL60621,1,9,0,18,0,1,0,0,0,0,4,1,6,1,48,8,-1,-1,-1,-1,-1,-1
201501PL60621,2,1,0,12,0,1,0,0,0,0,3,1,6,1,35,6,-1,-1,-1,-1,1,-1
201501PL60622,1,19,0,18,0,1,0,0,0,0,1,1,1,1,62,9,2500,2,14,-1,1,-1
201501PL60625,1,9,0,7,0,8,0,0,0,0,4,1,6,2,38,7,-1,-1,-1,-1,1,-1
201501PL60625,2,5,0,16,0,8,0,0,0,0,1,1,6,1,27,6,-1,-1,-1,-1,1,-1
201501PL60626,1,9,0,18,0,2,0,0,0,0,1,1,1,2,28,6,1396,1,4,-1,1,-1
201501PL60627,1,11,0,4,0,1,0,0,0,0,0,1,6,1,41,7,6700,2,3,-1,1,-1
201501PL60628,1,11,0,4,0,1,0,0,0,0,0,1,1,1,33,6,4500,2,-1,-1,1,-1
201501PL60629,1,9,0,9,0,8,0,0,0,0,4,1,6,1,58,9,-1,-1,-1,-1,1,-1
201501PL60629,2,5,0,7,0,8,0,0,0,0,3,1,6,1,30,6,-1,-1,-1,-1,1,-1
201501PL60630,1,19,0,4,0,1,0,0,0,0,1,1,6,1,47,8,1753,2,8,-1,-1,-1
201501PL60630,2,5,0,4,0,1,0,0,0,0,2,1,6,1,44,7,656,1,10,-1,2,-1
201501PL60631,1,3,0,18,0,8,0,0,0,0,1,1,6,1,26,6,125,1,4,-1,-1,-1
201501PL60631,2,9,0,9,0,8,0,0,0,0,4,1,6,2,38,7,1242,1,8,-1,1,-1
201501PL60632,1,5,0,18,0,8,0,0,0,0,1,1,6,1,22,5,645,1,8,-1,3,-1
201501PL60632,2,9,0,9,0,8,0,0,0,0,3,1,6,1,34,6,1995,2,10,-1,1,-1
201501PL60633,1,9,0,18,0,8,0,0,0,0,3,1,6,1,40,7,-1,-1,-1,-1,1,-1
201501PL60633,2,1,0,18,0,8,0,0,0,0,1,1,6,1,41,7,-1,-1,-1,-1,1,-1
201501PL60634,1,3,0,4,0,1,0,0,0,0,2,1,6,1,-1,-1,125,1,11,-1,-1,-1
201501PL60634,2,11,0,18,0,1,0,0,0,0,1,1,1,1,36,7,4461,2,2,-1,-1,-1
201501PL60635,1,9,0,3,0,1,0,0,0,0,2,1,6,1,37,7,998,1,18,-1,-1,-1
201501PL60635,2,9,0,18,0,1,0,0,0,0,1,1,6,1,-1,-1,-1,-1,-1,-1,-1,-1
201501PL60636,1,11,0,9,0,8,0,0,0,0,0,1,1,2,57,9,4500,2,9,-1,1,-1
201501PL60636,2,5,0,13,0,8,0,0,0,0,0,1,6,3,-1,-1,-1,-1,-1,-1,-1,-1
201501PL60637,1,19,0,7,0,2,0,0,0,0,1,1,6,1,38,7,1753,2,3,-1,1,-1
201501PL60637,2,3,0,3,0,2,0,0,0,0,2,1,6,1,54,8,125,1,4,-1,1,-1
201501PL60638,1,9,0,5,0,8,0,0,0,0,0,1,6,2,-1,-1,1596,1,9,-1,-1,-1
201501PL60638,2,2,0,9,0,8,0,0,0,0,0,1,6,1,52,8,124,1,1,-1,1,-1
201501PL60639,1,3,0,18,0,0,0,0,0,0,1,1,6,1,-1,-1,-1,-1,-1,-1,-1,-1
201501PL60640,1,20,0,3,0,1,0,0,0,0,2,1,1,1,54,8,-1,2,12,-1,1,-1
201501PL60640,2,5,0,4,0,1,0,0,0,0,1,1,6,1,40,7,599,1,6,-1,1,-1
201501PL60641,1,19,0,18,0,1,0,0,0,0,1,1,6,1,26,6,1598,2,-1,-1,1,-1
201501PL60641,2,9,0,4,0,1,0,0,0,0,2,1,6,2,63,9,1598,1,10,-1,1,-1
201501PL60642,1,9,0,9,0,8,0,0,0,0,4,1,6,1,67,10,1999,1,12,-1,1,-1
201501PL60642,2,2,0,18,0,8,0,0,0,0,1,1,6,1,48,8,124,1,2,-1,1,-1
201501PL60643,1,9,0,18,0,2,0,0,0,0,1,1,6,3,-1,-1,-1,-1,-1,-1,-1,-1
201501PL60644,1,8,0,18,0,8,0,0,0,0,1,1,6,1,66,10,1798,8,1,-1,1,-1
201501PL60644,2,9,0,9,0,8,0,0,0,0,4,1,6,1,-1,-1,-1,-1,-1,-1,-1,-1
201501PL60645,1,9,0,2,0,8,0,0,0,0,1,1,6,3,-1,-1,1596,1,8,-1,-1,-1
201501PL60645,2,19,0,7,0,8,0,4,0,0,1,1,6,1,40,7,2461,2,9,-1,1,-1
201501PL60647,1,9,0,18,0,1,0,0,0,0,1,1,6,3,-1,-1,-1,-1,-1,-1,-1,-1
201501PL60648,1,9,0,3,0,1,0,0,0,0,1,1,6,2,25,5,1598,1,8,-1,1,-1
201501PL60648,2,9,0,1,0,2,0,0,0,0,2,1,6,1,-1,-1,1995,1,9,-1,1,-1
201501PL60649,1,9,0,2,0,2,0,0,0,0,3,1,6,2,30,6,998,1,11,-1,1,-1
201501PL60649,2,9,0,14,0,2,0,8,0,0,1,1,6,3,-1,-1,-1,-1,-1,-1,-1,-1
201501PL60650,1,9,0,3,0,1,0,0,0,0,1,1,6,1,41,7,2499,1,10,-1,1,-1
201501PL60650,2,9,0,1,0,2,0,0,0,0,2,1,6,1,-1,-1,1596,1,10,-1,-1,-1
201501PL60651,1,9,0,3,0,1,0,0,0,0,1,1,6,1,19,4,-1,-1,-1,-1,1,-1
201501PL60651,2,9,0,1,0,2,0,0,0,0,2,1,6,2,-1,-1,1598,1,3,-1,-1,-1
201501PL60653,1,9,0,3,0,1,0,0,0,0,2,1,6,2,28,6,1560,2,-1,-1,-1,-1
201501PL60653,2,9,0,4,0,1,0,0,0,0,1,1,6,3,-1,-1,-1,-1,-1,-1,-1,-1
201501PL60654,1,1,0,18,0,8,0,0,0,0,1,1,6,1,34,6,-1,-1,-1,-1,1,-1
201501PL60654,2,9,0,7,0,8,0,0,0,0,3,1,6,1,-1,-1,-1,-1,-1,-1,-1,-1
201501PL60656,1,9,0,3,0,1,0,0,0,0,2,1,6,2,24,5,1497,8,1,-1,1,-1
201501PL60656,2,9,0,5,0,1,0,0,0,0,1,1,6,2,41,7,-1,-1,-1,-1,1,-1
201501PL60657,1,2,0,18,0,2,0,0,0,0,1,1,6,1,-1,-1,-1,-1,-1,-1,-1,-1
201501PL60658,1,9,0,18,0,2,0,0,0,0,1,1,6,1,-1,-1,-1,-1,-1,-1,-1,-1
201501PL60660,1,9,0,18,0,2,0,10,1,0,1,1,6,1,-1,-1,-1,-1,-1,-1,-1,-1
201501PL60661,1,9,0,7,0,8,0,0,0,0,4,1,6,2,51,8,1197,1,-1,-1,1,-1
201501PL60662,1,8,0,18,0,8,0,0,0,0,4,1,6,1,52,8,2402,2,13,-1,1,-1
201501PL60662,2,9,0,18,0,8,0,0,0,0,1,1,6,1,30,6,-1,-1,-1,-1,1,-1
201501PL60663,1,2,0,18,0,0,0,0,0,0,1,1,1,1,29,6,-1,-1,-1,-1,1,-1
201501PL60663,2,9,0,9,0,0,0,0,0,0,3,1,6,2,34,6,1360,1,5,-1,1,-1
201501PL60664,1,9,0,18,0,8,0,0,0,0,4,1,6,2,71,10,1596,1,8,-1,1,-1
201501PL60664,2,9,0,18,0,8,0,0,0,0,1,1,6,3,-1,-1,1299,1,15,-1,-1,-1
201501PL60666,1,9,0,4,0,1,0,0,0,0,1,1,1,1,33,6,-1,-1,-1,-1,1,-1
201501PL60666,2,9,0,4,0,1,0,0,0,0,2,1,6,3,-1,-1,-1,-1,-1,-1,-1,-1
201501PL60667,1,9,0,9,0,8,0,0,0,0,4,1,6,1,46,8,1598,1,12,-1,1,-1
201501PL60667,2,3,0,18,0,8,0,0,0,0,1,1,6,1,48,8,124,1,7,-1,1,-1
201501PL60668,1,3,0,18,0,8,0,0,0,0,4,1,6,1,26,6,124,1,4,-1,1,-1
201501PL60669,1,3,0,18,0,8,0,0,0,0,3,1,6,1,55,8,125,1,-1,-1,1,-1
201501PL60669,2,9,0,9,0,8,0,0,0,0,3,1,6,1,61,9,-1,-1,-1,-1,-1,-1
201501PL60671,1,9,0,18,0,8,0,0,0,0,4,1,6,1,48,8,1598,1,9,-1,1,-1
201501PL60672,1,11,0,18,0,0,0,10,1,10,4,1,1,1,26,6,4500,2,4,-1,1,-1
201501PL60673,1,9,0,7,0,8,0,0,0,0,4,1,6,2,23,5,1596,1,1,-1,1,-1
201501PL60674,1,9,0,9,0,8,0,0,0,0,4,1,6,1,29,6,1396,1,10,-1,1,-1
201501PL60674,2,9,0,9,0,8,0,0,0,0,1,1,6,2,33,6,1590,1,11,-1,1,-1
201501PL60675,1,9,0,18,0,0,0,0,0,0,3,1,6,1,45,7,1396,1,16,-1,1,-1
201501PL60676,1,9,0,4,0,0,0,0,0,0,2,1,6,1,36,7,-1,-1,-1,-1,1,-1
201501PL60676,2,9,0,18,0,0,0,0,0,0,1,1,6,1,30,6,1956,2,-1,-1,-1,-1
201501PL60677,1,3,0,18,0,8,0,0,0,0,4,1,6,1,35,6,124,1,2,-1,1,-1
201501PL60677,2,9,0,7,0,8,0,0,0,0,1,1,6,1,20,4,1364,1,9,-1,1,-1
201501PL60679,1,9,0,9,0,8,0,0,0,0,3,1,6,1,25,5,1395,1,-1,-1,1,-1
201501PL60679,2,2,0,15,0,8,0,0,0,0,1,1,6,1,22,5,49,1,5,-1,1,-1
201501PL60680,1,9,0,18,0,8,0,0,0,0,4,1,6,1,-1,-1,-1,-1,-1,-1,-1,-1
201501PL60681,1,9,0,18,0,8,0,0,0,0,1,1,6,2,20,4,1595,1,6,-1,1,-1
201501PL60681,2,9,0,9,0,8,0,0,0,0,3,1,6,1,24,5,2401,2,10,-1,1,-1
201501PL60682,1,3,0,18,0,8,0,0,0,0,4,1,6,1,-1,-1,-1,-1,-1,-1,-1,-1
201501PL60683,1,9,0,18,0,8,0,4,0,0,4,1,6,2,25,5,998,1,2,-1,1,-1
201501PL60683,2,9,0,2,0,8,0,0,0,0,4,1,6,2,-1,-1,1596,1,11,-1,1,-1
201501PL60683,3,9,0,2,0,8,0,0,0,0,4,1,6,2,-1,-1,1598,1,4,-1,1,-1
201501PL60684,1,9,0,4,0,1,0,0,0,0,2,1,6,2,-1,-1,1999,1,10,-1,-1,-1
201501PL60684,2,9,0,4,0,1,0,0,0,0,1,1,6,1,-1,-1,1796,1,14,-1,-1,-1
201501PL60685,1,9,0,18,0,1,0,0,0,0,1,1,6,1,37,7,1995,2,6,-1,1,-1
201501PL60685,2,1,0,18,0,1,0,0,0,0,3,1,6,1,-1,-1,-1,-1,-1,-1,-1,-1
201501PL60687,1,9,0,4,0,8,0,0,0,0,2,1,6,1,42,7,-1,-1,-1,-1,1,-1
201501PL60687,2,9,0,18,0,8,0,0,0,0,1,1,6,1,-1,-1,-1,-1,-1,-1,1,-1
201501PL60687,3,9,0,4,0,8,0,0,0,0,2,1,6,2,-1,-1,1389,1,10,-1,-1,-1
201501PL60688,1,9,0,9,0,8,0,0,0,0,3,1,6,1,25,5,-1,-1,-1,-1,1,-1
201501PL60688,2,3,0,15,0,8,0,0,0,0,4,1,6,1,35,6,124,1,2,-1,1,-1
201501PL60690,1,9,0,18,0,1,5,10,0,0,1,1,6,2,22,5,1299,1,14,-1,1,-1
201501PL60691,1,9,0,2,0,1,0,0,0,0,2,1,6,2,23,5,1796,1,13,-1,1,-1
201501PL60691,2,9,0,4,0,1,0,4,0,0,1,1,6,3,-1,-1,-1,-1,-1,-1,-1,-1
201501PL60692,1,1,0,7,0,8,0,0,0,0,3,1,6,2,26,6,-1,-1,-1,-1,-1,-1
201501PL60692,2,9,0,7,0,8,0,0,0,0,4,1,6,1,46,8,1796,1,10,-1,1,-1
201501PL60693,1,9,0,18,0,1,0,10,0,0,1,1,6,1,27,6,1796,1,10,-1,1,-1
201501PL60695,1,9,0,11,0,1,0,0,0,0,4,1,6,1,62,9,1798,1,14,-1,1,-1
201501PL60695,2,9,0,18,0,1,0,0,0,0,3,1,6,1,41,7,1995,1,11,-1,1,-1
201501PL60696,1,9,0,4,0,8,0,0,0,0,2,1,6,2,25,5,998,1,9,-1,1,-1
201501PL60696,2,11,0,18,0,8,0,0,0,0,1,1,1,1,46,8,3900,2,11,-1,1,-1
201501PL60697,1,19,0,18,0,1,0,0,0,0,1,1,1,1,21,5,1968,2,3,-1,1,-1
201501PL60698,1,11,0,4,0,1,0,0,0,0,0,1,1,1,44,7,7300,2,12,-1,-1,-1
201501PL60699,1,9,0,18,0,8,0,0,0,0,1,1,6,2,48,8,998,1,7,-1,1,-1
201501PL60699,2,9,0,7,0,8,0,0,0,0,3,1,6,1,32,6,999,1,15,-1,1,-1
201501PL60700,1,9,0,18,0,8,0,0,0,0,1,1,6,1,31,6,1360,1,6,-1,1,-1
201501PL60700,2,9,0,4,0,8,0,0,0,0,2,1,6,1,55,8,1560,2,7,-1,1,-1
201501PL60701,1,9,0,4,0,1,0,0,0,0,1,1,1,1,35,6,-1,-1,-1,-1,1,-1
201501PL60701,2,9,0,4,0,1,0,0,0,0,2,1,1,1,27,6,1797,8,2,-1,1,-1
201501PL60702,1,9,0,18,0,8,0,0,0,0,4,1,6,1,19,4,1242,1,3,-1,2,-1
201501PL60703,1,20,0,1,0,2,0,0,0,0,1,1,6,3,-1,-1,2148,2,9,-1,-1,-1
201501PL60705,1,9,0,9,0,8,0,0,0,0,4,1,6,2,49,8,1198,1,8,-1,1,-1
201501PL60705,2,9,0,18,0,8,0,0,0,0,1,1,6,1,53,8,1796,1,12,-1,1,-1
201501PL60706,1,11,0,4,0,1,0,0,0,0,1,1,1,1,40,7,6700,2,3,-1,1,-1
201501PL60707,1,9,0,4,0,1,0,0,0,0,2,1,6,1,30,6,1598,1,9,-1,1,-1
201501PL60707,2,9,0,4,0,1,0,0,0,0,1,1,6,1,30,6,1796,1,15,-1,1,-1
201501PL60708,1,9,0,18,0,8,0,0,0,0,4,1,6,1,74,10,2362,1,10,-1,1,-1
201501PL60708,2,9,0,18,0,8,0,0,0,0,1,1,6,1,-1,-1,-1,-1,-1,-1,-1,-1
201501PL60709,1,9,0,3,0,1,0,0,0,0,2,1,6,1,51,8,998,1,11,-1,1,-1
201501PL60709,2,9,0,3,0,1,0,0,0,0,1,1,6,2,29,6,1596,1,16,-1,1,-1
201501PL60709,3,11,0,4,0,1,0,0,0,0,1,1,1,1,26,6,8268,2,9,-1,1,-1
201501PL60710,1,9,0,18,0,8,0,0,0,0,3,1,6,1,44,7,1199,2,4,-1,1,-1
201501PL60710,2,9,0,18,0,8,0,0,0,0,1,1,6,1,-1,-1,1995,2,4,-1,-1,-1
201501PL60712,1,9,0,18,0,2,0,0,0,0,1,1,6,1,85,11,1396,1,20,-1,-1,-1
201501PL60712,2,9,0,18,0,1,0,0,0,0,1,1,6,1,52,8,1991,1,-1,-1,1,-1
201501PL60713,1,9,0,18,0,1,0,0,0,0,3,1,6,1,45,7,1951,2,13,-1,1,-1
201501PL60713,2,9,0,18,0,2,0,0,0,0,3,1,6,1,32,6,1390,1,11,-1,-1,-1
201501PL60714,1,9,0,18,0,8,0,0,0,0,1,1,6,2,43,7,1995,2,8,-1,2,-1
201501PL60714,2,9,0,7,0,8,0,0,0,0,3,1,6,1,-1,-1,1997,2,4,-1,1,-1
201501PL60715,1,9,0,4,0,8,0,0,0,0,2,1,6,1,32,6,1196,1,20,-1,-1,-1
201501PL60715,2,9,0,4,0,8,0,0,0,0,2,1,6,1,55,8,-1,-1,-1,-1,1,-1
201501PL60715,3,9,0,4,0,8,0,0,0,0,2,1,6,1,38,7,-1,-1,-1,-1,1,-1
201501PL60715,4,9,0,18,0,8,0,0,0,0,1,1,6,1,-1,-1,1968,2,4,-1,1,-1
201501PL60716,1,9,0,18,0,8,0,0,0,0,1,1,6,1,52,8,-1,-1,-1,-1,1,-1
201501PL60716,2,9,0,9,0,8,0,0,0,0,4,1,6,1,65,9,1998,1,11,-1,1,-1
201501PL60717,1,8,0,5,0,2,0,0,0,0,1,1,1,1,41,7,1798,8,1,-1,1,-1
201501PL60718,1,9,0,18,0,1,0,0,0,0,4,1,6,2,42,7,1984,1,12,-1,1,-1
201501PL60718,2,11,0,12,0,1,0,0,0,0,3,1,1,1,-1,-1,6700,2,3,-1,1,-1
201501PL60719,1,9,0,18,0,8,0,0,0,0,3,1,6,2,57,9,1753,2,13,-1,1,-1
201501PL60719,2,9,0,18,0,8,0,0,0,0,4,1,1,1,35,6,1200,1,1,-1,1,-1
201501PL60720,1,1,0,15,0,8,0,0,0,0,1,1,2,1,26,6,-1,-1,-1,-1,1,-1
201501PL60720,2,9,0,9,0,8,0,0,0,0,4,1,6,1,-1,-1,1587,1,10,-1,-1,-1
201501PL60721,1,9,0,18,9,1,0,10,1,0,1,1,6,3,-1,-1,-1,-1,-1,-1,-1,-1
201501PL60722,1,9,0,18,0,8,0,0,0,0,1,1,6,1,26,6,2985,2,8,-1,-1,-1
201501PL60722,2,1,0,18,0,1,0,0,0,0,4,1,6,1,47,8,-1,-1,-1,-1,1,-1
201501PL60723,1,9,0,9,0,8,0,0,0,0,3,1,6,2,31,6,1895,1,14,-1,1,-1
201501PL60723,2,2,0,18,0,8,0,0,0,0,1,1,6,1,41,7,124,1,7,-1,1,-1
201501PL60724,1,9,0,18,0,1,0,0,0,0,1,1,6,1,29,6,1598,1,14,-1,1,-1
201501PL60726,1,9,0,3,0,0,0,0,0,0,2,1,6,2,40,7,1587,1,8,-1,1,-1
201501PL60726,2,19,0,18,0,0,0,0,0,0,1,1,1,1,30,6,-1,-1,-1,-1,-1,-1
201501PL60727,1,9,0,2,0,1,0,0,0,0,1,1,1,1,-1,-1,-1,-1,-1,-1,-1,-1
201501PL60727,2,9,0,18,0,1,0,0,0,0,1,1,6,3,-1,-1,2295,1,17,-1,-1,-1
201501PL60728,1,9,0,3,0,1,0,0,0,0,2,1,6,1,42,7,1396,1,4,-1,1,-1
201501PL60728,2,9,0,4,0,1,0,0,0,0,1,1,6,1,-1,-1,-1,-1,-1,-1,-1,-1
201501PL60729,1,9,0,18,0,0,0,0,0,0,1,1,6,1,49,8,-1,-1,-1,-1,1,-1
201501PL60729,2,9,0,18,0,0,0,0,0,0,1,1,6,2,25,5,1198,1,1,-1,1,-1
201501PL60730,1,5,0,9,0,8,0,0,0,0,4,1,6,1,37,7,-1,-1,-1,-1,1,-1
201501PL60730,2,9,0,18,0,8,0,0,0,0,4,1,6,2,42,7,1796,1,9,-1,1,-1
201501PL60731,1,9,0,9,0,8,0,0,0,0,3,1,6,1,59,9,1242,1,16,-1,1,-1
201501PL60731,2,3,0,18,0,8,0,0,0,0,1,1,6,1,35,6,125,1,1,-1,1,-1
201501PL60733,1,3,0,13,0,1,0,0,0,0,1,1,6,1,33,6,124,1,12,-1,1,-1
201501PL60733,2,9,0,6,0,1,0,0,0,0,3,1,6,1,-1,-1,2720,2,10,-1,-1,-1
201501PL60734,1,19,0,4,0,1,0,0,0,0,1,1,1,2,28,6,2463,2,11,-1,1,-1
201501PL60734,2,4,0,3,0,1,0,0,0,0,2,1,1,1,52,8,124,1,1,-1,1,-1
201501PL60735,1,11,0,4,0,0,0,0,0,0,0,1,6,2,51,8,9000,2,9,-1,1,-1
201501PL60736,1,21,0,18,0,8,0,6,0,0,4,1,6,1,41,7,5900,2,7,-1,1,-1
201501PL60737,1,11,0,18,0,1,0,0,0,0,1,1,1,1,41,7,12000,2,11,-1,1,-1
201501PL60738,1,9,0,7,0,8,0,0,0,0,3,1,6,2,54,8,1968,2,1,-1,1,-1
201501PL60738,2,2,0,18,0,8,0,0,0,0,1,1,6,1,17,4,125,1,1,-1,-1,-1
201501PL60738,3,19,0,4,0,8,0,0,0,0,1,1,6,1,42,7,2198,2,-1,-1,3,-1
201501PL60739,1,1,0,9,0,8,0,0,0,0,4,1,6,2,42,7,-1,-1,-1,-1,1,-1
201501PL60739,2,9,0,15,0,8,0,0,0,0,4,1,6,1,-1,-1,-1,-1,-1,-1,-1,-1
201501PL60740,1,20,0,18,0,0,0,0,0,0,4,1,6,1,24,5,-1,-1,-1,-1,1,-1
201501PL60741,1,9,0,18,0,8,0,0,0,0,3,1,6,2,21,5,1149,1,7,-1,-1,-1
201501PL60741,2,9,0,9,0,8,0,0,0,0,4,1,6,1,-1,-1,1968,2,11,-1,1,-1
201501PL60742,1,9,0,4,0,8,0,0,0,0,2,1,6,2,48,8,2179,2,12,-1,1,-1
201501PL60742,2,9,0,4,0,8,0,0,0,0,2,1,6,2,59,9,1598,1,13,-1,3,-1
201501PL60742,3,9,0,4,0,8,0,0,0,0,2,1,6,1,-1,-1,-1,-1,-1,-1,-1,-1
201501PL60742,4,9,0,18,0,8,0,0,0,0,1,1,6,1,21,5,1596,1,1,-1,1,-1
201501PL60743,1,9,0,18,0,1,0,0,0,0,1,1,6,2,-1,-1,1149,1,15,-1,-1,-1
201501PL60744,1,9,0,7,0,8,0,0,0,0,4,1,6,1,29,6,1984,1,9,-1,1,-1
201501PL60744,2,1,0,18,0,8,0,0,0,0,1,1,6,1,28,6,-1,-1,-1,-1,1,-1
201501PL60745,1,9,0,18,0,8,1,0,0,0,1,1,6,2,48,8,1242,1,6,-1,1,-1
201501PL60745,2,2,0,18,0,8,0,0,0,0,2,1,6,1,17,4,-1,-1,-1,-1,1,-1
201501PL60747,1,9,0,18,0,8,0,0,0,0,4,1,6,1,21,5,-1,-1,-1,-1,1,-1
201501PL60747,2,9,0,7,0,8,0,0,0,0,1,1,6,1,-1,-1,-1,-1,-1,-1,-1,-1
201501PL60748,1,1,0,18,0,8,0,0,0,0,1,1,6,1,12,3,-1,-1,-1,-1,1,-1
201501PL60748,2,9,0,18,0,8,0,0,0,0,4,1,6,1,55,8,1598,1,9,-1,1,-1
201501PL60749,1,9,0,4,0,8,0,0,0,0,2,1,6,2,-1,-1,1390,1,8,-1,1,-1
201501PL60749,2,9,0,18,0,8,0,0,0,0,1,1,6,1,-1,-1,3960,1,16,-1,-1,-1
201501PL60750,1,1,0,18,0,8,0,0,0,0,1,1,6,1,21,5,-1,-1,-1,-1,1,-1
201501PL60750,2,9,0,6,0,8,0,0,0,0,1,1,6,1,-1,-1,-1,-1,-1,-1,-1,-1
201501PL60751,1,9,0,3,0,0,0,0,0,0,3,1,6,1,23,5,1868,2,15,-1,1,-1
201501PL60751,2,9,0,18,0,0,0,0,0,0,3,1,6,1,-1,-1,1198,1,4,-1,-1,-1
201501PL60752,1,9,0,9,0,8,0,0,0,0,4,1,6,2,56,9,1590,1,20,-1,1,-1
201501PL60752,2,9,0,18,0,8,0,0,0,0,1,1,1,1,-1,-1,-1,-1,-1,-1,-1,-1
201501PL60753,1,9,0,15,0,8,0,0,0,0,4,1,6,1,-1,-1,-1,-1,-1,-1,-1,-1
201501PL60753,2,1,0,18,0,8,0,0,0,0,3,1,6,1,21,5,-1,-1,-1,-1,1,-1
201501PL60754,1,9,0,18,0,8,0,0,0,0,1,1,6,2,28,6,1995,2,1,-1,1,-1
201501PL60754,2,9,0,9,0,8,0,0,0,0,4,1,6,1,-1,-1,1397,1,12,-1,1,-1
201501PL60755,1,9,0,18,0,2,0,0,0,0,3,1,6,2,42,7,2922,1,12,-1,1,-1
201501PL60755,2,20,4,18,0,1,0,0,0,0,3,1,1,1,-1,-1,-1,-1,-1,-1,-1,-1