Accident_Index,Vehicle_Reference,Vehicle_Type,Towing_and_Articulation,Vehicle_Manoeuvre,Vehicle_Location-Restricted_Lane,Junction_Location,Skidding_and_Overturning,Hit_Object_in_Carriageway,Vehicle_Leaving_Carriageway,Hit_Object_off_Carriageway,1st_Point_of_Impact,Was_Vehicle_Left_Hand_Drive?,Journey_Purpose_of_Driver,Sex_of_Driver,Age_of_Driver,Age_Band_of_Driver,Engine_Capacity_(CC),Propulsion_Code,Age_of_Vehicle,Driver_IMD_Decile,Driver_Home_Area_Type,Vehicle_IMD_Decile
201501PL60756,1,11,0,5,0,0,0,0,0,0,0,1,1,1,48,8,7300,2,12,-1,-1,-1
201501PL60757,1,9,0,9,0,8,0,0,0,0,4,1,6,1,38,7,1242,1,15,-1,1,-1
201501PL60757,2,3,0,18,0,8,0,0,0,0,1,1,6,1,19,4,125,1,-1,-1,1,-1
201501PL60758,1,1,0,18,0,8,0,0,0,0,1,1,6,1,28,6,-1,-1,-1,-1,1,-1
201501PL60758,2,9,0,9,0,8,0,0,0,0,4,1,6,2,-1,-1,998,1,11,-1,-1,-1
201501PL60758,3,9,0,18,0,8,0,0,0,0,3,1,6,1,-1,-1,-1,-1,-1,-1,-1,-1
201501PL60759,1,9,0,18,0,8,0,0,0,0,1,1,6,2,22,5,1796,1,8,-1,1,-1
201501PL60759,2,9,0,4,0,8,0,0,0,0,2,1,6,1,45,7,1240,1,12,-1,1,-1
201501PL60760,1,9,0,18,0,0,0,0,0,0,2,1,6,2,39,7,1997,1,10,-1,1,-1
201501PL60760,2,5,0,18,0,0,0,0,0,0,1,1,6,1,22,5,498,1,17,-1,1,-1
201501PL60761,1,9,0,9,0,8,0,0,0,0,3,1,6,2,36,7,1598,1,5,-1,1,-1
201501PL60761,2,9,0,18,0,8,0,0,0,0,1,1,6,1,31,6,-1,-1,-1,-1,1,-1
201501PL60762,1,9,0,18,0,8,0,10,1,4,4,1,6,1,36,7,1796,1,14,-1,1,-1
201501PL60763,1,9,0,1,0,8,0,0,0,0,2,1,6,1,35,6,1242,1,4,-1,1,-1
201501PL60763,2,9,0,18,0,8,0,0,0,0,1,1,6,1,38,7,1598,1,12,-1,1,-1
201501PL60764,1,9,0,4,0,8,0,0,0,0,2,1,6,2,44,7,2198,2,7,-1,1,-1
201501PL60764,2,1,0,18,0,8,0,0,0,0,1,1,6,2,54,8,-1,-1,-1,-1,1,-1
201501PL60765,1,9,0,18,0,8,0,0,0,0,1,1,6,1,21,5,1497,8,-1,-1,1,-1
201501PL60765,2,9,0,4,0,8,0,0,0,0,2,1,6,2,50,8,-1,-1,-1,-1,1,-1
201501PL60766,1,9,0,9,0,8,0,0,0,0,3,1,6,1,41,7,-1,-1,-1,-1,1,-1
201501PL60766,2,5,0,15,0,8,0,0,0,0,1,1,6,1,55,8,1690,1,1,-1,1,-1
201501PL60767,1,9,0,4,0,8,0,0,0,0,2,1,6,1,32,6,-1,-1,-1,-1,-1,-1
201501PL60767,2,9,0,4,0,8,0,0,0,0,2,1,6,1,52,8,1997,2,7,-1,1,-1
201501PL60767,3,9,0,18,0,8,0,0,0,0,1,1,6,2,50,8,1968,2,4,-1,1,-1
201501PL60768,1,9,0,4,0,8,0,0,0,0,2,1,6,1,25,5,1360,1,11,-1,1,-1
201501PL60768,2,9,0,18,0,8,0,0,0,0,1,1,6,2,29,6,1800,1,16,-1,1,-1
201501PL60769,1,20,0,7,0,8,0,0,0,0,4,1,6,1,42,7,-1,-1,-1,-1,1,-1
201501PL60769,2,1,0,18,0,8,0,0,0,0,1,1,6,1,22,5,-1,-1,-1,-1,1,-1
201501PL60770,1,9,0,2,0,8,0,0,0,0,1,1,6,1,68,10,3479,1,14,-1,1,-1
201501PL60770,2,9,0,18,0,8,0,4,0,0,1,1,6,1,49,8,-1,-1,-1,-1,1,-1
201501PL60771,1,9,0,18,0,0,0,0,0,0,4,1,6,2,28,6,1598,1,-1,-1,1,-1
201501PL60772,1,8,0,18,0,0,0,0,0,0,4,1,6,1,-1,-1,-1,-1,-1,-1,-1,-1
201501PL60773,1,9,0,18,0,0,0,0,0,0,1,1,6,2,58,9,-1,-1,-1,-1,1,-1
201501PL60774,1,9,0,6,0,8,0,0,0,0,3,1,6,1,29,6,1275,1,-1,-1,1,-1
201501PL60774,2,5,0,18,0,8,0,0,0,0,1,1,6,1,35,6,-1,-1,-1,-1,1,-1
201501PL60775,1,9,0,1,0,8,0,0,0,0,2,1,6,1,-1,-1,-1,-1,-1,-1,-1,-1
201501PL60777,1,9,0,7,0,8,0,0,0,0,1,1,6,1,75,10,1796,1,12,-1,1,-1
201501PL60778,1,9,0,18,0,8,0,0,0,0,2,1,6,1,55,8,-1,-1,-1,-1,1,-1
201501PL60778,2,9,0,9,0,8,0,0,0,0,3,1,6,1,-1,-1,-1,-1,-1,-1,1,-1
201501PL60778,3,9,0,2,0,8,0,0,0,0,1,1,6,1,60,9,1797,8,5,-1,1,-1
201501PL60779,1,5,0,4,0,0,0,0,0,0,2,1,6,1,30,6,998,1,18,-1,1,-1
201501PL60779,2,9,0,18,0,0,0,0,0,0,1,1,6,1,42,7,2148,2,13,-1,1,-1
201501PL60780,1,9,0,9,0,8,0,10,1,10,1,1,6,1,86,11,1590,1,10,-1,1,-1
201501PL60781,1,9,0,18,0,8,0,0,0,0,1,1,6,1,30,6,1689,2,13,-1,1,-1
201501PL60781,2,9,0,9,0,8,0,0,0,0,3,1,6,1,-1,-1,-1,-1,-1,-1,-1,-1
201501PL60782,1,9,0,9,0,8,0,0,0,0,4,1,6,1,51,8,-1,-1,-1,-1,1,-1
201501PL60782,2,5,0,18,0,8,0,0,0,0,1,1,6,1,23,5,1301,1,-1,-1,1,-1
201501PL60783,1,9,0,9,0,8,0,0,0,0,3,1,6,1,51,8,1598,1,14,-1,1,-1
201501PL60783,2,9,0,18,0,8,0,0,0,0,1,1,6,1,36,7,1868,2,13,-1,1,-1
201501PL60784,1,9,0,18,0,8,0,0,0,0,4,1,6,1,-1,-1,-1,-1,-1,-1,-1,-1
201501PL60785,1,9,0,18,0,8,0,0,0,0,1,1,6,1,22,5,-1,-1,-1,-1,1,-1
201501PL60785,2,9,0,7,0,8,0,0,0,0,3,1,6,2,-1,-1,1587,1,14,-1,2,-1
201501PL60786,1,3,0,18,0,8,0,0,0,0,1,1,6,1,24,5,125,1,3,-1,-1,-1
201501PL60786,2,9,0,9,0,8,0,0,0,0,3,1,6,1,60,9,-1,-1,-1,-1,1,-1
201501PL60787,1,11,0,5,0,0,0,0,0,0,4,1,1,1,-1,-1,-1,-1,-1,-1,-1,-1
201501PL60788,1,9,0,9,0,8,0,0,0,0,4,1,6,1,36,7,-1,-1,-1,-1,1,-1
201501PL60788,2,1,0,18,0,8,0,0,0,0,1,1,6,1,25,5,-1,-1,-1,-1,1,-1
201501PL60789,1,9,0,15,0,0,0,0,0,0,4,1,6,1,31,6,2987,2,1,-1,1,-1
201501PL60789,2,1,0,18,0,0,0,0,0,0,3,1,6,1,-1,-1,-1,-1,-1,-1,1,-1
201501PL60791,1,11,0,4,0,8,0,0,0,0,0,1,6,1,-1,-1,-1,-1,-1,-1,-1,-1
201501PL60792,1,9,0,18,0,8,0,0,0,0,4,1,6,1,54,8,-1,-1,-1,-1,1,-1
201501PL60792,2,9,0,7,0,8,0,0,0,0,1,1,6,1,37,7,1997,2,7,-1,1,-1
201501PL60793,1,9,0,18,0,8,0,0,0,0,3,1,6,1,35,6,-1,-1,-1,-1,1,-1
201501PL60794,1,9,0,18,0,8,0,0,0,0,3,1,6,1,26,6,-1,-1,-1,-1,3,-1
201501PL60794,2,9,0,11,0,8,0,0,0,0,4,1,6,1,-1,-1,1896,2,6,-1,1,-1
201501PL60795,1,3,0,18,0,8,0,0,0,0,1,1,6,1,31,6,124,1,2,-1,1,-1
201501PL60795,2,9,0,9,0,8,0,0,0,0,3,1,6,1,30,6,1769,1,10,-1,1,-1
201501PL60796,1,4,0,7,0,8,0,0,0,0,1,1,6,1,23,5,279,1,3,-1,1,-1
201501PL60796,2,9,0,18,0,8,0,0,0,0,4,1,6,2,51,8,1364,1,1,-1,1,-1
201501PL60797,1,9,0,18,0,8,0,0,0,0,4,1,6,1,62,9,-1,-1,-1,-1,-1,-1
201501PL60798,1,9,0,18,0,8,1,10,7,10,3,1,6,2,23,5,1598,1,9,-1,-1,-1
201501PL60799,1,5,0,18,0,8,0,0,0,0,4,1,6,1,30,6,675,1,9,-1,1,-1
201501PL60799,2,9,0,7,0,8,0,0,0,0,1,1,6,1,-1,-1,-1,-1,-1,-1,-1,-1
201501PL60800,1,9,0,9,0,8,0,0,0,0,4,1,6,1,31,6,2993,2,-1,-1,1,-1
201501PL60800,2,9,0,18,0,8,0,0,0,0,1,1,6,1,-1,-1,-1,-1,-1,-1,-1,-1
201501PL60801,1,9,0,9,0,8,0,0,0,0,4,1,6,1,54,8,1360,1,14,-1,1,-1
201501PL60801,2,3,0,18,0,8,0,0,0,0,1,1,6,1,20,4,124,1,1,-1,-1,-1
201501PL60802,1,9,0,18,0,8,0,0,0,0,3,1,6,2,18,4,1598,1,4,-1,1,-1
201501PL60802,2,9,0,18,0,8,0,0,0,0,1,1,6,3,-1,-1,-1,-1,-1,-1,-1,-1
201501PL60803,1,3,0,18,0,8,0,0,0,0,3,1,6,1,29,6,649,1,8,-1,1,-1
201501PL60804,1,3,0,18,0,8,0,0,0,0,1,1,6,1,21,5,689,1,1,-1,1,-1
201501PL60804,2,9,0,9,0,8,0,0,0,0,3,1,6,2,28,6,1984,1,13,-1,1,-1
201501PL60805,1,20,0,7,0,8,0,0,0,0,3,1,6,1,50,8,-1,-1,-1,-1,1,-1
201501PL60805,2,3,0,15,0,8,0,0,0,0,4,1,6,1,-1,-1,1050,1,8,-1,1,-1
201501PL60806,1,9,0,4,0,8,0,0,0,0,2,1,6,1,28,6,1896,2,9,-1,-1,-1
201501PL60806,2,9,0,18,0,8,0,0,0,0,1,1,6,1,-1,-1,-1,-1,-1,-1,-1,-1
201501PL60810,1,9,0,9,0,8,0,0,0,0,3,1,6,2,23,5,1598,1,13,-1,1,-1
201501PL60810,2,3,0,14,0,8,0,0,0,0,1,1,6,1,25,5,125,1,-1,-1,1,-1
201501PL60811,1,9,0,18,0,0,0,0,0,0,1,1,6,1,42,7,1995,2,-1,-1,1,-1
201501PL60811,2,9,0,3,0,0,0,0,0,0,0,1,6,2,31,6,-1,-1,-1,-1,1,-1
201501PL60811,3,19,0,3,0,0,0,0,0,0,2,1,6,1,-1,-1,2143,2,1,-1,-1,-1
201501PL60812,1,19,0,7,0,8,0,0,0,0,4,1,6,1,26,6,1997,2,10,-1,1,-1
201501PL60812,2,3,0,15,0,8,0,0,0,0,1,1,6,1,36,7,125,1,3,-1,1,-1
201501PL60813,1,9,0,18,0,0,0,0,0,0,1,1,6,2,26,6,1596,1,13,-1,1,-1
201501PL60813,2,9,0,4,0,0,0,0,0,0,2,1,6,1,22,5,1956,2,6,-1,1,-1
201501PL60814,1,11,0,1,0,0,0,0,0,0,2,1,1,2,38,7,4500,2,4,-1,1,-1
201501PL60814,2,3,0,3,0,0,0,0,0,0,1,1,6,1,-1,-1,124,1,1,-1,1,-1
201501PL60815,1,9,0,4,0,8,0,0,0,0,2,1,6,2,42,7,-1,-1,-1,-1,1,-1
201501PL60815,2,9,0,18,0,8,0,0,0,0,1,1,6,2,-1,-1,-1,-1,-1,-1,-1,-1
201501PL60816,1,9,0,18,0,1,0,0,0,0,3,1,6,2,28,6,-1,-1,-1,-1,1,-1
201501PL60817,1,9,0,18,0,8,0,0,0,0,3,1,6,1,28,6,1995,2,3,-1,-1,-1
201501PL60817,2,9,0,11,0,8,0,0,0,0,4,1,6,1,42,7,1997,2,5,-1,1,-1
201501PL60818,1,3,0,18,0,8,0,0,0,0,4,1,6,1,21,5,125,1,6,-1,1,-1
201501PL60819,1,11,0,5,0,8,0,0,0,0,1,1,1,1,27,6,6700,2,6,-1,1,-1
201501PL60819,2,9,0,7,0,8,0,0,0,0,4,1,6,2,50,8,-1,-1,-1,-1,1,-1
201501PL60820,1,9,0,7,0,8,0,0,0,0,4,1,6,1,23,5,-1,-1,-1,-1,1,-1
201501PL60820,2,1,0,18,0,8,0,0,0,0,1,1,6,1,55,8,-1,-1,-1,-1,1,-1
201501PL60821,1,20,0,18,0,8,0,0,0,0,1,1,6,1,44,7,12580,2,9,-1,1,-1
201501PL60821,2,9,0,8,0,8,0,0,0,0,2,1,6,1,20,4,1364,1,5,-1,-1,-1
201501PL60822,1,9,0,4,0,1,0,0,0,0,3,1,6,1,23,5,1174,1,27,-1,1,-1
201501PL60822,2,9,0,11,0,1,0,0,0,0,4,1,6,2,-1,-1,998,1,2,-1,1,-1
201501PL60823,1,9,0,4,0,8,0,0,0,0,2,1,6,1,28,6,1400,1,9,-1,1,-1
201501PL60823,2,9,0,18,0,8,0,0,0,0,1,1,6,1,-1,-1,-1,-1,-1,-1,-1,-1
201501PL60824,1,9,0,18,0,1,0,0,0,0,1,1,6,2,49,8,1386,1,9,-1,1,-1
201501PL60824,2,9,0,4,0,1,0,0,0,0,2,1,6,1,45,7,1968,2,7,-1,1,-1
201501PL60824,3,9,0,4,0,1,0,0,0,0,2,1,6,1,42,7,1560,2,-1,-1,1,-1
201501PL60825,1,9,0,4,0,2,0,0,0,0,2,1,6,2,23,5,-1,-1,-1,-1,1,-1
201501PL60825,2,11,0,18,0,2,0,0,0,0,1,1,1,3,-1,-1,4500,2,1,-1,-1,-1
201501PL60826,1,19,0,18,0,0,0,0,0,0,1,1,6,1,55,8,-1,-1,-1,-1,1,-1
201501PL60826,2,19,0,3,0,0,0,0,0,0,2,1,6,1,25,5,1968,2,-1,-1,1,-1
201501PL60826,3,9,0,3,0,0,0,0,0,0,2,1,6,1,26,6,1997,1,14,-1,1,-1
201501PL60827,1,9,0,5,0,0,0,0,0,0,4,1,6,1,35,6,-1,-1,-1,-1,1,-1
201501PL60827,2,9,0,18,0,0,0,0,0,0,3,1,6,2,-1,-1,1997,2,12,-1,1,-1
201501PL60828,1,9,0,4,0,8,0,0,0,0,2,1,6,1,36,7,1798,1,3,-1,1,-1
201501PL60828,2,9,0,18,0,8,0,0,0,0,1,1,6,1,-1,-1,-1,-1,-1,-1,-1,-1
201501PL60829,1,9,0,18,0,8,0,0,0,0,3,1,6,1,-1,-1,1596,1,2,-1,-1,-1
201501PL60830,1,9,0,9,0,8,0,0,0,0,3,1,6,1,56,9,1999,1,3,-1,1,-1
201501PL60830,2,3,0,15,0,8,0,0,0,0,4,1,6,1,17,4,124,1,8,-1,1,-1
201501PL60831,1,19,0,4,0,1,0,0,0,0,2,1,1,1,52,8,-1,-1,-1,-1,1,-1
201501PL60831,2,3,0,18,0,1,0,0,0,0,1,1,2,2,39,7,-1,-1,-1,-1,1,-1
201501PL60833,1,9,0,18,0,2,0,0,0,0,4,1,6,1,24,5,1388,1,11,-1,1,-1
201501PL60833,2,1,0,15,0,1,0,0,0,0,1,1,6,1,22,5,-1,-1,-1,-1,1,-1
201501PL60834,1,1,0,15,0,8,0,0,0,0,1,1,6,1,27,6,-1,-1,-1,-1,1,-1
201501PL60834,2,9,0,7,0,8,0,0,0,0,4,1,6,3,-1,-1,-1,-1,-1,-1,-1,-1
201501PL60835,1,1,0,9,0,8,0,0,0,0,2,1,6,2,27,6,-1,-1,-1,-1,1,-1
201501PL60835,2,19,0,18,0,8,0,0,0,0,1,1,6,2,-1,-1,-1,-1,-1,-1,1,-1
201501PL60836,1,3,0,18,0,0,0,0,0,0,1,1,6,1,37,7,125,1,1,-1,1,-1
201501PL60836,2,9,0,9,0,0,0,0,0,0,4,1,6,3,-1,-1,-1,-1,-1,-1,-1,-1
201501PL60837,1,9,0,9,0,8,0,0,0,0,3,1,6,2,31,6,-1,-1,-1,-1,1,-1
201501PL60837,2,3,0,13,0,8,0,0,0,0,1,1,6,1,26,6,124,1,5,-1,1,-1
201501PL60838,1,9,0,18,0,8,0,0,0,0,3,1,6,1,41,7,1598,1,9,-1,1,-1
201501PL60838,2,21,0,18,0,8,0,0,0,0,1,1,1,1,22,5,-1,-1,-1,-1,-1,-1
201501PL60838,3,9,0,18,0,8,0,0,0,0,2,1,6,3,-1,-1,-1,-1,-1,-1,-1,-1
201501PL60839,1,9,0,18,0,0,0,0,0,0,3,1,6,1,19,4,2171,1,10,-1,-1,-1
201501PL60839,2,3,0,18,0,0,0,0,0,0,3,1,6,1,22,5,108,1,2,-1,1,-1
201501PL60840,1,9,0,18,0,0,0,0,0,0,4,1,6,1,-1,-1,-1,-1,-1,-1,-1,-1
201501PL60841,1,3,0,18,0,0,0,0,0,0,0,1,6,3,-1,-1,-1,-1,-1,-1,-1,-1
201501PL60842,1,9,0,18,0,8,0,0,0,0,1,1,6,1,59,9,1686,2,6,-1,1,-1
201501PL60842,2,9,0,9,0,8,0,0,0,0,4,1,6,1,39,7,1910,2,7,-1,1,-1
201501PL60843,1,9,0,18,0,0,0,0,0,0,4,1,6,1,45,7,2171,1,12,-1,1,-1
201501PL60843,2,9,0,5,0,0,0,0,0,0,3,1,6,2,30,6,1896,2,13,-1,1,-1
201501PL60843,3,9,0,2,0,0,0,0,0,0,3,1,6,3,-1,-1,1988,2,10,-1,-1,-1
201501PL60844,1,9,0,4,0,2,0,0,0,0,2,1,6,2,68,10,1769,1,11,-1,1,-1
201501PL60844,2,3,0,4,0,2,0,0,0,0,1,1,6,1,-1,-1,-1,-1,-1,-1,-1,-1
201501PL60845,1,1,0,4,0,2,0,0,0,0,1,1,6,1,44,7,-1,-1,-1,-1,1,-1
201501PL60845,2,19,0,4,0,2,0,0,0,0,2,1,6,3,-1,-1,-1,-1,-1,-1,-1,-1
201501PL60846,1,9,0,7,0,8,0,0,0,0,4,1,6,2,35,6,1242,1,9,-1,1,-1
201501PL60846,2,5,0,18,0,8,0,0,0,0,1,1,6,1,22,5,-1,-1,-1,-1,1,-1
201501PL60847,1,9,0,9,0,8,0,0,0,0,4,1,6,2,31,6,1498,1,5,-1,1,-1
201501PL60847,2,5,0,18,0,8,0,0,0,0,1,1,6,1,45,7,652,1,3,-1,1,-1
201501PL60848,1,9,0,3,0,2,0,0,0,0,2,1,6,2,48,8,1560,2,3,-1,1,-1
201501PL60848,2,9,0,4,0,2,0,0,0,0,1,1,6,1,-1,-1,1108,1,5,-1,-1,-1
201501PL60849,1,11,0,4,0,0,0,0,0,0,0,1,1,1,51,8,-1,-1,-1,-1,1,-1
201501PL60850,1,9,0,18,0,0,0,0,0,0,1,1,6,1,18,4,-1,-1,-1,-1,3,-1
201501PL60850,2,9,0,3,0,0,0,0,0,0,2,1,6,2,48,8,-1,-1,-1,-1,1,-1
201501PL60851,1,3,0,17,0,8,0,0,0,0,4,1,2,2,29,6,-1,-1,-1,-1,1,-1
201501PL60851,2,9,0,18,0,8,0,0,0,0,1,1,6,2,31,6,1242,1,4,-1,1,-1
201501PL60852,1,9,0,18,0,0,0,0,0,0,1,1,6,1,57,9,1998,1,16,-1,1,-1
201501PL60853,1,9,0,18,0,2,0,0,0,0,4,1,6,1,77,11,1197,1,1,-1,-1,-1
201501PL60854,1,9,0,10,0,1,0,0,0,0,2,1,6,1,30,6,1596,1,15,-1,1,-1
201501PL60854,2,9,0,10,0,1,0,0,0,0,2,1,6,2,32,6,1796,1,12,-1,1,-1
201501PL60854,3,9,0,11,0,1,0,0,0,0,2,1,6,2,44,7,1769,1,12,-1,1,-1
201501PL60854,4,9,0,18,0,1,0,0,0,0,1,1,6,1,27,6,1598,2,2,-1,1,-1
201501PL60855,1,10,0,18,0,8,0,0,0,0,4,1,1,1,37,7,2402,2,8,-1,1,-1
201501PL60855,2,9,0,18,0,8,0,0,0,0,1,1,6,1,25,5,1299,1,11,-1,1,-1
201501PL60856,1,9,0,9,0,1,0,0,0,0,1,1,6,1,18,4,999,1,6,-1,1,-1
201501PL60856,2,2,0,18,0,1,0,0,0,0,3,1,6,1,26,6,-1,-1,-1,-1,1,-1
201501PL60857,1,21,0,18,0,0,0,0,0,0,4,1,1,1,62,9,10837,2,4,-1,-1,-1
201501PL60857,2,1,0,18,0,0,0,0,0,0,3,1,6,1,45,7,-1,-1,-1,-1,1,-1
201501PL60859,1,9,0,5,0,1,0,0,0,0,1,1,6,3,-1,-1,-1,-1,-1,-1,-1,-1
201501PL60860,1,3,0,18,0,1,0,0,0,0,1,1,1,1,21,5,125,1,10,-1,1,-1
201501PL60860,2,9,0,9,0,1,0,0,0,0,4,1,6,3,-1,-1,-1,-1,-1,-1,-1,-1
201501PL60861,1,9,0,9,0,6,0,0,0,0,0,1,6,1,30,6,1596,1,6,-1,1,-1
201501PL60861,2,5,0,18,0,1,0,0,0,0,0,1,6,1,35,6,-1,-1,-1,-1,1,-1
201501PL60862,1,3,0,18,0,1,0,0,0,0,1,1,6,1,33,6,125,1,6,-1,1,-1
201501PL60862,2,9,0,9,0,1,0,0,0,0,3,1,6,2,29,6,999,1,16,-1,1,-1
201501PL60863,1,9,0,16,0,0,0,0,0,0,1,1,6,2,27,6,1242,1,10,-1,1,-1
201501PL60864,1,3,0,13,0,1,0,0,0,0,1,1,2,1,26,6,125,1,5,-1,1,-1
201501PL60864,2,9,0,9,0,2,0,0,0,0,1,1,2,2,37,7,1596,1,14,-1,1,-1
201501PL60866,1,9,0,12,0,0,0,0,0,0,3,1,6,1,19,4,1596,1,9,-1,1,-1
201501PL60866,2,3,0,11,0,0,0,0,0,0,4,1,6,1,18,4,108,1,1,-1,1,-1
201501PL60869,1,11,0,18,0,8,0,0,0,0,1,1,1,1,26,6,2298,2,3,-1,1,-1
201501PL60869,2,9,0,7,0,8,0,0,0,0,4,1,6,2,49,8,1242,1,2,-1,1,-1
201501PL60870,1,19,0,18,0,0,0,0,0,0,1,1,6,1,49,8,1560,2,-1,-1,1,-1
201501PL60870,2,9,0,18,0,0,0,0,0,0,1,1,6,1,32,6,1061,1,10,-1,1,-1
201501PL60871,1,9,0,1,0,2,0,0,0,0,2,1,6,3,-1,-1,-1,-1,-1,-1,-1,-1
201501PL60872,1,11,0,4,0,0,0,0,0,0,0,1,1,1,30,6,5132,2,1,-1,1,-1
201501PL60873,1,3,0,4,0,1,1,0,0,0,1,1,2,1,30,6,124,1,9,-1,1,-1
201501PL60873,2,9,0,4,0,1,0,0,0,0,2,1,1,1,49,8,-1,-1,-1,-1,1,-1
201501PL60874,1,11,0,4,0,0,0,0,0,0,0,1,1,1,55,8,6696,2,2,-1,1,-1
201501PL60875,1,2,0,9,0,8,0,0,0,0,1,1,6,1,49,8,49,1,18,-1,1,-1
201501PL60875,2,9,0,18,0,8,0,0,0,0,1,1,6,1,38,7,-1,-1,-1,-1,1,-1
201501PL60876,1,9,0,9,0,1,0,0,0,0,3,1,1,1,35,6,2497,1,5,-1,1,-1
201501PL60876,2,9,0,18,0,1,0,0,0,0,1,1,1,2,39,7,1199,1,11,-1,1,-1
201501PL60877,1,9,0,11,0,1,0,0,0,0,4,1,1,1,44,7,-1,-1,-1,-1,1,-1
201501PL60877,2,2,0,18,0,1,0,0,0,0,1,1,1,1,38,7,-1,-1,-1,-1,1,-1
201501PL60878,1,9,0,18,0,0,0,0,0,0,1,1,6,1,19,4,996,1,4,-1,1,-1
201501PL60878,2,9,0,18,0,0,0,0,0,0,1,1,6,2,57,9,1598,1,9,-1,1,-1
201501PL60879,1,9,0,18,0,0,0,0,0,0,1,1,6,3,-1,-1,-1,-1,-1,-1,-1,-1
201501PL60880,1,9,0,7,0,8,0,0,0,0,2,1,6,3,-1,-1,-1,-1,-1,-1,-1,-1
201501PL60880,2,1,0,7,0,8,0,0,0,0,1,1,6,1,25,5,-1,-1,-1,-1,1,-1
201501PL60881,1,11,0,5,0,0,0,0,0,0,0,1,1,1,50,8,-1,-1,-1,-1,1,-1
201501PL60882,1,3,0,18,0,1,0,0,0,0,4,1,1,1,24,5,125,1,6,-1,1,-1
201501PL60882,2,9,0,9,0,6,0,0,0,0,1,1,2,1,68,10,1753,2,7,-1,1,-1
201501PL60883,1,3,0,18,0,8,0,0,0,0,1,1,6,1,34,6,125,1,7,-1,-1,-1
201501PL60883,2,19,0,18,0,8,0,0,0,0,4,1,6,1,42,7,-1,-1,-1,-1,1,-1
201501PL60884,1,11,0,18,0,0,0,0,0,0,3,1,1,1,51,8,4500,2,1,-1,1,-1
201501PL60884,2,9,0,18,0,0,0,0,0,0,3,1,6,1,27,6,-1,-1,-1,-1,1,-1
201501PL60885,1,9,0,11,0,1,0,0,0,0,2,1,6,2,22,5,1968,2,2,-1,1,-1
201501PL60885,2,21,0,18,0,1,0,0,0,0,1,1,1,1,-1,-1,10837,2,4,-1,-1,-1
201501PL60886,1,9,0,18,0,8,0,0,0,0,3,1,6,2,46,8,1198,1,6,-1,1,-1
201501PL60886,2,1,0,18,0,8,0,0,0,0,1,1,6,1,-1,-1,-1,-1,-1,-1,-1,-1
201501PL60887,1,9,0,3,0,0,0,0,0,0,4,1,6,1,35,6,1998,1,10,-1,1,-1
201501PL60887,2,11,0,3,0,0,0,0,0,0,3,1,1,1,33,6,7300,2,12,-1,1,-1
201501PL60888,1,9,0,1,0,8,0,0,0,0,2,1,6,2,-1,-1,-1,-1,-1,-1,-1,-1
201501PL60888,2,1,0,18,0,8,0,0,0,0,4,1,6,2,-1,-1,-1,-1,-1,-1,-1,-1
201501PL60890,1,9,0,9,0,8,0,0,0,0,3,1,6,1,19,4,2993,2,4,-1,1,-1
201501PL60890,2,3,0,18,0,8,0,0,0,0,1,1,6,1,23,5,-1,-1,-1,-1,1,-1
201501PL60892,1,5,0,18,0,2,0,0,0,0,0,1,6,1,32,6,-1,-1,-1,-1,1,-1
201501PL60892,2,9,0,6,0,2,0,0,0,0,0,1,6,2,28,6,1598,1,10,-1,1,-1
201501PL60893,1,3,0,18,0,8,0,0,0,0,4,1,1,1,25,5,109,1,-1,-1,1,-1
201501PL60893,2,9,0,7,0,8,0,0,0,0,1,1,6,3,-1,-1,-1,-1,-1,-1,-1,-1
201501PL60894,1,9,0,3,0,2,0,0,0,0,2,1,6,2,44,7,1997,2,12,-1,1,-1
201501PL60894,2,9,0,4,0,2,0,0,0,0,1,1,6,1,-1,-1,1896,2,12,-1,-1,-1
201501PL60895,1,5,0,15,0,8,0,0,0,0,3,1,6,1,-1,-1,599,1,10,-1,-1,-1
201501PL60895,2,19,0,9,0,8,0,0,0,0,1,1,6,1,42,7,1598,2,-1,-1,1,-1
201501PL60896,1,3,0,14,0,8,0,0,0,0,1,1,6,1,30,6,125,1,-1,-1,1,-1
201501PL60896,2,9,0,9,0,8,0,0,0,0,4,1,6,1,35,6,1991,2,12,-1,1,-1
201501PL60897,1,9,0,18,0,0,0,0,0,0,1,1,6,2,50,8,1596,1,6,-1,1,-1
201501PL60898,1,19,0,9,0,8,0,0,0,0,1,1,6,1,27,6,2198,2,3,-1,-1,-1
201501PL60898,2,1,0,9,0,8,0,0,0,0,4,1,6,1,49,8,-1,-1,-1,-1,1,-1
201501PL60899,1,9,0,3,0,8,0,0,0,0,3,1,2,1,26,6,1395,1,1,-1,1,-1
201501PL60899,2,9,0,17,0,8,0,0,0,0,4,1,6,3,-1,-1,1598,1,6,-1,-1,-1
201501PL60900,1,3,0,18,0,2,0,0,0,0,1,1,6,2,44,7,124,1,15,-1,1,-1
201501PL60900,2,1,0,18,0,2,0,0,0,0,3,1,6,1,33,6,-1,-1,-1,-1,1,-1
201501PL60901,1,9,0,4,0,1,0,10,4,0,2,1,2,1,25,5,1364,1,8,-1,1,-1
201501PL60901,2,21,0,18,0,2,1,0,0,0,1,1,1,1,47,8,5880,2,13,-1,1,-1
201501PL60903,1,9,0,9,0,8,0,0,0,0,1,1,1,1,53,8,1910,2,7,-1,1,-1
201501PL60903,2,19,0,13,0,8,0,0,0,0,1,1,1,1,27,6,2402,2,7,-1,1,-1
201501PL60904,1,3,0,14,0,0,0,0,0,0,4,1,6,2,30,6,806,1,1,-1,1,-1
201501PL60904,2,9,0,6,0,0,0,0,0,0,3,1,6,1,78,11,1799,1,15,-1,1,-1
201501PL60905,1,3,0,18,0,0,0,0,0,0,1,1,6,1,18,4,-1,-1,-1,-1,-1,-1