Accident_Index,Vehicle_Reference,Vehicle_Type,Towing_and_Articulation,Vehicle_Manoeuvre,Vehicle_Location-Restricted_Lane,Junction_Location,Skidding_and_Overturning,Hit_Object_in_Carriageway,Vehicle_Leaving_Carriageway,Hit_Object_off_Carriageway,1st_Point_of_Impact,Was_Vehicle_Left_Hand_Drive?,Journey_Purpose_of_Driver,Sex_of_Driver,Age_of_Driver,Age_Band_of_Driver,Engine_Capacity_(CC),Propulsion_Code,Age_of_Vehicle,Driver_IMD_Decile,Driver_Home_Area_Type,Vehicle_IMD_Decile
201501PL60905,2,9,0,6,0,0,0,0,0,0,3,1,6,2,38,7,-1,-1,-1,-1,-1,-1
201501PL60906,1,9,0,3,0,2,0,0,0,0,2,1,6,1,67,10,1870,2,10,-1,-1,-1
201501PL60906,2,10,0,4,0,2,0,0,0,0,1,1,6,1,35,6,-1,-1,-1,-1,1,-1
201501PL60906,3,9,0,4,0,2,0,0,0,0,2,1,6,1,47,8,1998,1,13,-1,1,-1
201501PL60907,1,3,0,18,0,2,0,0,0,0,3,1,6,1,26,6,125,1,12,-1,1,-1
201501PL60907,2,9,0,13,0,2,0,0,0,0,4,1,6,3,-1,-1,-1,-1,-1,-1,-1,-1
201501PL60911,1,3,0,18,0,1,0,0,0,0,1,1,6,2,35,6,125,1,2,-1,1,-1
201501PL60912,1,11,0,4,0,1,0,0,0,0,0,1,1,1,33,6,6700,2,3,-1,1,-1
201501PL60913,1,9,0,9,0,8,0,0,0,0,1,1,1,1,34,6,1798,8,-1,-1,1,-1
201501PL60913,2,1,0,14,0,8,0,0,0,0,4,1,6,1,22,5,-1,-1,-1,-1,1,-1
201501PL60914,1,3,0,18,0,0,1,0,0,0,0,1,2,1,27,6,125,1,1,-1,1,-1
201501PL60914,2,8,0,5,0,0,0,0,0,0,0,1,1,1,-1,-1,1997,2,9,-1,-1,-1
201501PL60915,1,9,0,3,0,8,0,0,0,0,2,1,6,2,23,5,1275,1,18,-1,1,-1
201501PL60915,2,9,0,18,0,8,0,0,0,0,1,1,6,2,-1,-1,1598,1,1,-1,-1,-1
201501PL60915,3,9,0,3,0,8,0,0,0,0,2,1,6,1,-1,-1,-1,-1,-1,-1,-1,-1
201501PL60916,1,4,0,18,0,0,0,0,0,0,1,1,6,3,-1,-1,-1,-1,-1,-1,-1,-1
201501PL60917,1,9,0,18,0,8,0,0,0,0,1,1,6,1,60,9,2972,1,14,-1,1,-1
201501PL60917,2,9,0,9,0,8,0,0,0,0,1,1,6,1,53,8,1997,1,2,-1,1,-1
201501PL60918,1,21,0,3,0,0,0,0,0,0,4,1,6,1,26,6,-1,-1,-1,-1,1,-1
201501PL60918,2,1,0,15,0,0,0,0,0,0,1,1,6,2,25,5,-1,-1,-1,-1,1,-1
201501PL60919,1,1,0,18,0,0,0,0,0,0,1,1,6,1,39,7,-1,-1,-1,-1,1,-1
201501PL60920,1,9,0,9,0,2,0,0,0,0,1,1,6,1,49,8,-1,-1,-1,-1,1,-1
201501PL60921,1,9,0,18,0,0,1,4,0,0,1,1,2,2,55,8,1598,1,12,-1,1,-1
201501PL60921,2,9,0,2,0,0,0,0,0,0,3,1,6,1,-1,-1,1686,2,8,-1,1,-1
201501PL60922,1,9,0,5,0,0,0,0,0,0,0,1,6,1,-1,-1,1596,1,12,-1,1,-1
201501PL60922,2,1,0,18,0,0,0,0,0,0,0,1,6,1,54,8,-1,-1,-1,-1,1,-1
201501PL60923,1,3,0,3,0,0,0,0,0,0,1,1,6,1,-1,-1,125,1,1,-1,1,-1
201501PL60923,2,19,0,1,0,0,0,0,0,0,2,1,6,1,-1,-1,2198,2,-1,-1,1,-1
201501PL60925,1,19,0,9,0,8,0,0,0,0,4,1,1,1,45,7,2198,2,-1,-1,3,-1
201501PL60925,2,5,0,18,0,8,1,0,0,0,1,1,1,1,63,9,955,1,9,-1,1,-1
201501PL60926,1,19,0,10,0,8,0,0,0,0,2,1,1,1,-1,-1,1998,2,10,-1,1,-1
201501PL60926,2,20,1,6,0,8,0,0,0,0,3,1,1,1,-1,-1,-1,-1,-1,-1,-1,-1
201501PL60927,1,1,0,4,0,1,0,0,0,0,3,1,6,1,32,6,-1,-1,-1,-1,1,-1
201501PL60927,2,9,0,7,0,1,0,0,0,0,4,1,6,3,-1,-1,-1,-1,-1,-1,-1,-1
201501PL60928,1,9,0,4,0,2,0,0,0,0,2,1,6,1,71,10,1589,1,17,-1,1,-1
201501PL60928,2,9,0,4,0,2,0,0,0,0,1,1,6,2,29,6,1229,1,6,-1,-1,-1
201501PL60929,1,9,0,3,0,0,0,0,0,0,2,1,6,2,25,5,998,1,3,-1,1,-1
201501PL60929,2,9,0,4,0,0,0,0,0,0,1,1,6,1,-1,-1,1753,2,9,-1,-1,-1
201501PL60930,1,9,0,2,0,0,0,0,0,0,3,1,6,2,-1,-1,-1,-1,-1,-1,-1,-1
201501PL60930,2,9,0,6,0,0,0,0,0,0,4,1,6,2,-1,-1,-1,-1,-1,-1,-1,-1
201501PL60931,1,1,0,18,0,0,0,10,0,0,0,1,6,1,-1,-1,-1,-1,-1,-1,-1,-1
201501PL60932,1,5,0,18,0,8,0,0,0,0,1,1,6,1,58,9,798,1,1,-1,-1,-1
201501PL60932,2,9,0,9,0,8,0,0,0,0,4,1,6,2,25,5,1995,2,8,-1,1,-1
201501PL60933,1,9,0,9,0,8,0,0,0,0,1,1,6,1,26,6,1248,1,3,-1,1,-1
201501PL60933,2,9,0,18,0,8,0,7,0,0,1,1,6,1,50,8,1598,1,15,-1,1,-1
201501PL60934,1,9,0,17,0,0,0,10,1,2,1,1,6,1,38,7,1968,2,1,-1,1,-1
201501PL60935,1,9,0,18,0,0,0,0,0,0,1,1,6,1,66,10,1996,1,14,-1,1,-1
201501PL60935,2,9,0,18,0,0,0,0,0,0,1,1,6,1,38,7,1900,2,9,-1,-1,-1
201501PL60935,3,9,0,18,0,0,0,0,0,0,1,1,6,1,38,7,1586,1,10,-1,1,-1
201501PL60936,1,5,0,10,0,1,0,0,0,0,3,1,6,1,31,6,-1,-1,-1,-1,1,-1
201501PL60936,2,9,0,7,0,2,0,0,0,0,1,1,6,3,-1,-1,-1,-1,-1,-1,-1,-1
201501PL60937,1,9,0,9,0,8,0,0,0,0,4,1,6,2,55,8,1596,1,15,-1,1,-1
201501PL60937,2,1,0,18,0,8,0,0,0,0,1,1,6,1,37,7,-1,-1,-1,-1,1,-1
201501PL60939,1,3,0,13,0,1,0,0,0,0,4,1,6,1,25,5,124,1,-1,-1,1,-1
201501PL60939,2,9,0,12,0,1,0,0,0,0,3,1,6,2,-1,-1,1229,1,6,-1,-1,-1
201501PL60940,1,1,0,18,0,8,0,0,0,0,1,1,6,1,35,6,-1,-1,-1,-1,-1,-1
201501PL60940,2,9,0,9,0,8,0,0,0,0,4,1,6,1,25,5,-1,-1,-1,-1,1,-1
201501PL60943,1,9,0,9,0,8,0,0,0,0,0,1,2,1,50,8,1324,1,13,-1,1,-1
201501PL60943,2,3,0,18,0,8,1,7,3,10,2,1,6,1,30,6,125,1,2,-1,1,-1
201501PL60944,1,9,0,18,0,1,0,0,0,0,1,1,6,3,-1,-1,-1,-1,-1,-1,-1,-1
201501PL60945,1,9,0,9,0,8,0,0,0,0,4,1,6,1,23,5,1149,1,4,-1,1,-1
201501PL60945,2,1,0,18,0,8,0,0,0,0,1,1,6,1,61,9,-1,-1,-1,-1,1,-1
201501PL60946,1,9,0,9,0,8,0,0,0,0,1,1,6,1,68,10,1598,1,14,-1,1,-1
201501PL60946,2,3,0,18,0,8,0,0,0,0,1,1,6,1,27,6,125,1,6,-1,-1,-1
201501PL60947,1,9,0,16,0,1,0,0,0,0,1,1,6,1,36,7,1599,1,14,-1,1,-1
201501PL60948,1,9,0,9,0,3,0,0,0,0,1,1,6,1,-1,-1,-1,-1,-1,-1,-1,-1
201501PL60948,2,9,0,5,0,1,0,0,0,0,1,1,6,1,-1,-1,-1,-1,-1,-1,-1,-1
201501PL60949,1,9,0,9,0,8,0,0,0,0,3,1,6,2,35,6,1240,1,9,-1,1,-1
201501PL60949,2,3,0,18,0,8,0,0,0,0,1,1,6,1,26,6,-1,-1,-1,-1,1,-1
201501PL60950,1,9,0,5,0,1,0,0,0,0,4,1,6,2,23,5,1229,1,7,-1,1,-1
201501PL60950,2,11,0,5,0,1,0,0,0,0,3,1,1,1,-1,-1,7300,2,13,-1,-1,-1
201501PL60951,1,9,0,9,0,1,0,0,0,0,4,1,6,2,85,11,1997,1,17,-1,1,-1
201501PL60952,1,19,0,18,0,8,0,0,0,0,3,1,6,1,35,6,2198,2,1,-1,1,-1
201501PL60952,2,1,0,17,0,8,0,0,0,0,1,1,6,1,28,6,-1,-1,-1,-1,1,-1
201501PL60953,1,9,0,18,0,2,0,0,0,0,3,1,6,1,58,9,1388,1,7,-1,1,-1
201501PL60954,1,9,0,18,0,0,0,0,0,0,3,1,6,2,30,6,1999,1,7,-1,1,-1
201501PL60954,2,9,0,18,0,0,0,0,0,0,1,1,6,2,41,7,-1,-1,-1,-1,1,-1
201501PL60955,1,1,0,14,0,1,0,4,0,0,4,1,6,1,27,6,-1,-1,-1,-1,1,-1
201501PL60955,2,9,0,2,0,1,0,0,0,0,3,1,6,3,-1,-1,1796,1,16,-1,-1,-1
201501PL60956,1,9,0,3,0,1,0,0,0,0,2,1,6,2,47,8,1388,1,12,-1,1,-1
201501PL60956,2,9,0,3,0,1,0,0,0,0,2,1,6,2,21,5,1199,1,15,-1,1,-1
201501PL60956,3,9,0,3,0,1,0,0,0,0,2,1,6,1,69,10,1596,1,3,-1,1,-1
201501PL60956,4,9,0,18,0,1,0,0,0,0,1,1,6,1,78,11,2993,2,11,-1,-1,-1
201501PL60957,1,11,0,9,0,8,0,0,0,0,3,1,1,1,61,9,4461,2,2,-1,1,-1
201501PL60957,2,9,0,13,0,8,0,0,0,0,1,1,2,1,31,6,1596,1,16,-1,1,-1
201501PL60958,1,9,0,18,0,1,0,0,0,0,1,1,6,1,32,6,1198,1,7,-1,1,-1
201501PL60959,1,9,0,3,0,0,0,0,0,0,2,1,6,1,32,6,1956,2,1,-1,1,-1
201501PL60959,2,9,0,4,0,0,0,0,0,0,1,1,6,3,-1,-1,1598,1,7,-1,-1,-1
201501PL60960,1,9,0,4,0,0,0,0,0,0,1,1,6,1,88,11,998,1,12,-1,1,-1
201501PL60960,2,9,0,4,0,0,0,0,0,0,2,1,6,1,40,7,1797,8,5,-1,1,-1
201501PL60961,1,9,0,5,0,1,0,0,0,0,1,1,6,1,26,6,1596,1,6,-1,1,-1
201501PL60962,1,9,0,18,0,8,0,0,0,0,3,1,6,2,28,6,-1,-1,-1,-1,1,-1
201501PL60963,1,5,0,18,0,8,0,0,0,0,1,1,6,1,56,9,675,1,6,-1,1,-1
201501PL60963,2,9,0,9,0,8,0,0,0,0,4,1,6,2,48,8,1598,1,11,-1,1,-1
201501PL60965,1,9,0,12,0,2,0,0,0,0,3,1,6,1,44,7,-1,-1,-1,-1,-1,-1
201501PL60965,2,3,0,13,0,2,0,0,0,0,4,1,6,1,21,5,-1,-1,-1,-1,1,-1
201501PL60965,3,9,0,2,0,2,0,0,0,0,3,1,6,3,-1,-1,1998,1,14,-1,-1,-1
201501PL60966,1,9,0,18,0,0,0,0,0,0,4,1,6,1,60,9,-1,-1,-1,-1,-1,-1
201501PL60968,1,9,0,4,0,1,0,0,0,0,2,1,1,1,40,7,1997,2,2,-1,1,-1
201501PL60968,2,9,0,18,0,1,0,0,0,0,1,1,6,1,27,6,1984,1,7,-1,1,-1
201501PL60969,1,9,0,7,0,1,0,0,0,0,1,1,6,1,36,7,1598,1,-1,-1,1,-1
201501PL60969,2,2,0,18,0,1,0,0,0,0,3,1,1,1,20,4,125,1,9,-1,1,-1
201501PL60970,1,9,0,4,0,1,0,0,0,0,1,1,6,2,50,8,1390,1,13,-1,1,-1
201501PL60970,2,9,0,4,0,1,0,0,0,0,2,1,6,1,27,6,1339,8,9,-1,1,-1
201501PL60972,1,9,0,18,0,2,0,7,1,4,1,1,6,2,30,6,1781,1,14,-1,1,-1
201501PL60973,1,9,0,3,0,0,0,0,0,0,2,1,6,1,35,6,1868,2,14,-1,1,-1
201501PL60973,2,9,0,4,0,0,0,0,0,0,1,1,6,1,-1,-1,1400,1,10,-1,-1,-1
201501PL60974,1,5,0,18,0,8,0,0,0,0,1,1,6,1,31,6,-1,-1,-1,-1,1,-1
201501PL60974,2,9,0,18,0,8,0,0,0,0,3,1,6,1,28,6,1798,8,1,-1,1,-1
201501PL60975,1,9,0,9,0,8,0,0,0,0,1,1,6,2,36,7,1798,1,7,-1,1,-1
201501PL60975,2,3,0,18,0,8,0,0,0,0,4,1,6,1,51,8,124,1,11,-1,1,-1
201501PL60976,1,9,0,1,0,0,0,0,0,0,2,1,6,2,-1,-1,-1,-1,-1,-1,-1,-1
201501PL60977,1,19,0,16,0,1,0,0,0,0,4,1,6,1,31,6,1996,2,5,-1,1,-1
201501PL60978,1,1,0,4,0,1,0,0,0,0,1,1,6,1,-1,-1,-1,-1,-1,-1,1,-1
201501PL60978,2,19,0,4,0,1,0,0,0,0,2,1,6,3,-1,-1,-1,-1,-1,-1,-1,-1
201501PL60979,1,9,0,18,0,8,0,0,0,0,1,1,6,2,22,5,796,1,6,-1,1,-1
201501PL60979,2,9,0,18,0,8,0,0,0,0,3,1,6,2,51,8,1596,1,12,-1,1,-1
201501PL60980,1,9,0,5,0,2,0,0,0,0,1,1,6,1,-1,-1,-1,-1,-1,-1,-1,-1
201501PL60981,1,9,0,9,0,8,0,0,0,0,1,1,6,1,64,9,-1,-1,-1,-1,1,-1
201501PL60981,2,9,0,18,0,8,0,0,0,0,1,1,6,1,41,7,1560,2,3,-1,1,-1
201501PL60982,1,19,0,9,0,8,0,0,0,0,1,1,6,1,58,9,1995,2,6,-1,1,-1
201501PL60982,2,3,0,15,0,8,0,0,0,0,1,1,6,1,26,6,125,1,-1,-1,-1,-1
201501PL60983,1,9,0,9,0,8,0,0,0,0,4,1,6,1,30,6,2171,1,12,-1,-1,-1
201501PL60983,2,1,0,18,0,8,0,0,0,0,1,1,6,1,30,6,-1,-1,-1,-1,1,-1
201501PL60985,1,9,0,3,0,1,0,0,0,0,2,1,6,2,29,6,2987,2,5,-1,1,-1
201501PL60985,2,19,0,4,0,1,0,0,0,0,1,1,6,1,-1,-1,1870,2,9,-1,-1,-1
201501PL60987,1,9,0,8,0,1,0,0,0,0,2,1,6,2,37,7,-1,-1,-1,-1,1,-1
201501PL60987,2,9,0,8,0,1,0,0,0,0,2,1,6,2,-1,-1,-1,-1,-1,-1,-1,-1
201501PL60987,3,9,0,18,0,1,0,0,0,0,1,1,6,3,-1,-1,-1,-1,-1,-1,-1,-1
201501PL60988,1,3,0,13,0,8,0,0,0,0,4,1,6,1,23,5,125,1,5,-1,1,-1
201501PL60988,2,9,0,9,0,8,0,0,0,0,3,1,6,1,44,7,3498,1,9,-1,-1,-1
201501PL60989,1,9,0,3,0,1,0,0,0,0,2,1,6,1,29,6,1796,1,9,-1,1,-1
201501PL60989,2,19,0,3,0,1,0,0,0,0,2,1,6,1,52,8,1753,2,11,-1,1,-1
201501PL60989,3,9,0,18,0,1,0,0,0,0,1,1,6,1,53,8,1968,2,5,-1,1,-1
201501PL60990,1,9,0,11,0,1,0,0,0,0,4,1,6,1,25,5,1390,1,-1,-1,1,-1
201501PL60990,2,9,0,5,0,1,0,0,0,0,3,1,6,1,-1,-1,1388,1,7,-1,-1,-1
201501PL60992,1,1,0,18,0,8,0,0,0,0,3,1,6,1,50,8,-1,-1,-1,-1,1,-1
201501PL60992,2,9,0,7,0,8,0,0,0,0,4,1,6,1,-1,-1,1598,1,10,-1,-1,-1
201501PL60993,1,5,0,18,0,1,0,0,0,0,3,1,6,1,35,6,599,1,7,-1,1,-1
201501PL60993,2,9,0,11,0,1,0,0,0,0,4,1,6,1,55,8,1997,1,2,-1,1,-1
201501PL60994,1,3,0,18,0,8,0,0,0,0,0,1,6,1,27,6,125,1,-1,-1,1,-1
201501PL60994,2,9,0,9,0,8,0,0,0,0,0,1,6,2,41,7,-1,-1,-1,-1,1,-1
201501PL60999,1,9,0,9,0,8,0,0,0,0,1,1,6,2,49,8,-1,-1,-1,-1,1,-1
201501PL60999,2,5,0,18,0,8,0,0,0,0,1,1,6,1,51,8,-1,-1,-1,-1,1,-1
201501PL61000,1,9,0,4,0,1,0,0,0,0,1,1,6,1,36,7,1998,1,14,-1,1,-1
201501PL61000,2,9,0,4,0,1,0,0,0,0,2,1,6,1,54,8,1997,2,1,-1,1,-1
201501PL61001,1,19,0,5,0,0,0,0,0,0,4,1,6,1,25,5,1753,2,12,-1,1,-1
201501PL61001,2,8,0,18,0,0,0,0,0,0,3,1,6,1,41,7,-1,-1,-1,-1,1,-1
201501PL61002,1,19,0,1,0,0,0,0,0,0,2,1,6,1,31,6,1753,2,2,-1,1,-1
201501PL61003,1,9,0,8,0,1,0,0,0,0,3,1,6,2,26,6,1598,1,9,-1,1,-1
201501PL61003,2,9,0,7,0,1,0,0,0,0,4,1,6,1,-1,-1,1242,1,1,-1,-1,-1
201501PL61004,1,9,0,18,0,1,0,0,0,0,4,1,6,1,-1,-1,-1,-1,-1,-1,-1,-1
201501PL61005,1,9,0,18,0,8,0,0,0,0,3,1,6,2,52,8,1587,1,9,-1,1,-1
201501PL61005,2,9,0,9,0,8,0,0,0,0,1,1,6,2,71,10,1997,2,14,-1,-1,-1
201501PL61006,1,19,0,18,0,0,0,0,0,0,1,1,6,1,48,8,2287,2,8,-1,1,-1
201501PL61007,1,11,0,18,0,8,0,0,0,0,1,1,1,1,49,8,6700,2,3,-1,1,-1
201501PL61008,1,20,0,13,0,2,0,0,0,0,4,1,6,3,-1,-1,-1,-1,-1,-1,-1,-1
201501PL61008,2,1,0,18,0,2,0,0,0,0,3,1,6,2,40,7,-1,-1,-1,-1,-1,-1
201501PL61009,1,19,0,2,0,1,0,0,0,0,3,1,6,2,24,5,1598,2,2,-1,1,-1
201501PL61009,2,19,0,18,0,1,0,0,0,0,4,1,6,1,49,8,-1,-1,-1,-1,1,-1
201501PL61011,1,11,0,4,0,1,0,0,0,0,0,1,6,1,-1,-1,9000,2,9,-1,-1,-1
201501PL61013,1,9,0,2,0,0,0,0,0,0,1,1,6,2,31,6,2000,1,6,-1,1,-1
201501PL61013,2,9,0,2,0,0,0,0,0,0,1,1,6,1,40,7,1597,1,19,-1,1,-1
201501PL61013,3,9,0,1,0,0,0,0,0,0,2,1,6,1,-1,-1,3189,1,8,-1,1,-1
201501PL61014,1,9,0,18,0,8,0,0,0,0,1,1,6,1,85,11,1781,1,19,-1,1,-1
201501PL61014,2,3,0,18,0,8,0,0,0,0,4,1,6,1,17,4,-1,-1,-1,-1,1,-1
201501PL61015,1,9,0,9,0,2,0,0,0,0,1,1,6,3,-1,-1,-1,-1,-1,-1,-1,-1
201501PL61016,1,3,0,3,0,1,0,0,0,0,2,1,6,1,35,6,-1,-1,-1,-1,1,-1
201501PL61016,2,9,0,18,0,1,0,0,0,0,1,1,6,1,28,6,1198,1,5,-1,1,-1
201501PL61016,3,9,0,3,0,1,0,0,0,0,2,1,6,1,34,6,1598,1,16,-1,1,-1
201501PL61017,1,9,0,18,0,8,0,0,0,0,1,1,6,1,55,8,3199,1,16,-1,1,-1
201501PL61017,2,1,0,9,0,8,0,0,0,0,4,1,6,1,34,6,-1,-1,-1,-1,1,-1
201501PL61018,1,11,0,18,0,0,0,0,0,0,0,1,1,1,25,5,5132,2,-1,-1,1,-1
201501PL61019,1,9,0,1,0,0,0,0,0,0,2,1,6,1,-1,-1,-1,-1,-1,-1,-1,-1
201501PL61022,1,9,0,18,0,8,0,0,0,0,1,1,6,1,50,8,1587,1,12,-1,1,-1
201501PL61022,2,9,0,18,0,8,0,0,0,0,1,1,6,2,53,8,1399,1,9,-1,1,-1
201501PL61025,1,5,0,18,0,0,0,0,0,0,1,1,6,1,24,5,645,1,4,-1,1,-1
201501PL61027,1,9,0,9,0,8,0,0,0,0,3,1,6,1,28,6,-1,-1,-1,-1,1,-1
201501PL61027,2,4,0,18,0,8,0,0,0,0,1,1,6,1,51,8,249,1,3,-1,1,-1
201501PL61027,3,5,0,18,0,8,0,0,0,0,1,1,6,1,-1,-1,645,1,7,-1,-1,-1
201501PL61028,1,9,0,3,0,2,0,0,0,0,2,1,6,1,65,9,1796,1,9,-1,1,-1
201501PL61028,2,9,0,9,0,2,0,0,0,0,1,1,6,1,64,9,1799,1,8,-1,1,-1
201501PL61028,3,9,0,3,0,2,0,0,0,0,2,1,6,2,37,7,1598,1,4,-1,1,-1
201501PL61029,1,3,0,17,0,0,0,0,0,0,1,1,6,1,46,8,124,1,6,-1,1,-1
201501PL61029,2,9,0,16,0,0,0,0,0,0,1,1,6,2,-1,-1,1997,1,10,-1,1,-1
201501PL61030,1,1,0,18,0,8,0,0,0,0,1,1,6,2,25,5,-1,-1,-1,-1,1,-1
201501PL61030,2,9,0,18,0,8,0,0,0,0,3,1,6,1,-1,-1,-1,-1,-1,-1,-1,-1
201501PL61032,1,9,0,18,0,8,0,0,0,0,1,1,6,2,27,6,1388,1,6,-1,1,-1
201501PL61032,2,19,0,18,0,8,0,0,0,0,4,1,6,1,-1,-1,-1,-1,-1,-1,-1,-1
201501PL61033,1,9,0,18,0,8,0,0,0,0,1,1,6,1,46,8,1995,2,10,-1,1,-1
201501PL61033,2,9,0,9,0,8,0,0,0,0,4,1,6,1,22,5,1998,1,10,-1,-1,-1
201501PL61034,1,9,0,18,0,0,0,0,0,0,4,1,6,1,35,6,1997,2,6,-1,1,-1
201501PL61034,2,9,0,12,0,0,0,0,0,0,3,1,6,2,33,6,-1,-1,-1,-1,1,-1
201501PL61035,1,9,0,4,0,2,0,0,0,0,2,1,6,1,47,8,-1,-1,-1,-1,1,-1
201501PL61035,2,9,0,4,0,2,0,0,0,0,1,1,6,1,-1,-1,-1,-1,-1,-1,-1,-1
201501PL61036,1,9,0,18,0,2,0,4,0,0,1,1,6,2,23,5,-1,-1,-1,-1,1,-1
201501PL61036,2,19,0,2,0,2,0,0,0,0,1,1,6,3,-1,-1,-1,-1,-1,-1,-1,-1
201501PL61037,1,9,0,3,0,8,0,0,0,0,2,1,6,1,40,7,1995,2,4,-1,1,-1
201501PL61037,2,9,0,18,0,8,0,0,0,0,1,1,6,3,-1,-1,-1,-1,-1,-1,-1,-1
201501PL61038,1,9,0,9,0,2,0,0,0,0,1,1,6,1,44,7,1598,1,2,-1,1,-1
201501PL61039,1,9,0,6,0,1,0,0,0,0,3,1,6,2,35,6,-1,-1,-1,-1,1,-1
201501PL61039,2,3,0,13,0,1,0,0,0,0,1,1,6,1,18,4,124,1,3,-1,1,-1
201501PL61040,1,11,0,4,0,0,0,0,0,0,0,1,1,1,41,7,9000,2,9,-1,1,-1
201501PL61041,1,9,0,16,0,8,0,0,0,0,4,1,6,1,33,6,1339,1,8,-1,1,-1
201501PL61041,2,3,0,16,0,8,0,0,0,0,3,1,6,1,47,8,124,1,2,-1,1,-1
201501PL61043,1,9,0,18,0,0,0,0,0,0,4,1,6,1,44,7,2000,1,-1,-1,1,-1
201501PL61043,2,9,0,18,0,0,0,0,0,0,0,1,6,1,27,6,-1,-1,-1,-1,1,-1
201501PL61044,1,9,0,3,0,1,0,0,0,0,2,1,6,2,31,6,1124,1,11,-1,1,-1
201501PL61044,2,9,0,4,0,1,0,0,0,0,1,1,6,1,53,8,-1,-1,-1,-1,1,-1
201501PL61045,1,9,0,5,0,0,0,0,0,0,1,1,6,1,82,11,3199,1,16,-1,1,-1
201501PL61046,1,9,0,9,0,8,0,0,0,0,1,1,6,1,25,5,1995,1,4,-1,1,-1
201501PL61046,2,1,0,18,0,8,0,0,0,0,1,1,6,1,38,7,-1,-1,-1,-1,1,-1
201501PL61047,1,9,0,3,0,8,0,0,0,0,2,1,6,2,35,6,1587,1,12,-1,1,-1
201501PL61047,2,9,0,18,0,8,0,0,0,0,1,1,6,3,-1,-1,-1,-1,-1,-1,-1,-1
201501PL61048,1,9,0,9,0,8,0,0,0,0,1,1,6,2,43,7,1587,1,13,-1,1,-1
201501PL61048,2,19,0,9,0,8,0,0,0,0,2,1,6,1,43,7,1461,2,5,-1,1,-1
201501PL61050,1,9,0,9,0,8,0,0,0,0,2,1,6,2,45,7,-1,-1,-1,-1,1,-1
201501PL61050,2,9,0,18,0,8,0,0,0,0,1,1,6,1,42,7,1998,1,10,-1,1,-1
201501PL61052,1,9,0,18,0,8,0,0,0,0,3,1,6,1,30,6,998,1,13,-1,1,-1
201501PL61052,2,9,0,9,0,8,0,0,0,0,1,1,6,2,-1,-1,2295,1,13,-1,-1,-1
201501PL61055,1,1,0,18,0,0,0,8,0,0,1,1,6,1,-1,-1,-1,-1,-1,-1,-1,-1
201501PL61055,2,9,0,2,0,0,0,0,0,0,3,1,6,1,-1,-1,-1,-1,-1,-1,-1,-1
201501PL61056,1,9,0,18,0,8,0,0,0,0,1,1,6,1,36,7,1560,2,-1,-1,1,-1
201501PL61056,2,9,0,9,0,8,0,0,0,0,1,1,6,1,26,6,1390,1,6,-1,1,-1
201501PL61057,1,9,0,11,0,8,0,0,0,0,3,1,6,1,-1,-1,1587,1,8,-1,-1,-1
201501PL61057,2,3,0,18,0,8,0,0,0,0,4,1,6,1,48,8,-1,-1,-1,-1,1,-1
201501PL61058,1,1,0,18,0,8,0,0,0,0,1,1,6,1,-1,-1,-1,-1,-1,-1,1,-1
201501PL61058,2,9,0,1,0,8,0,0,0,0,4,1,6,3,-1,-1,-1,-1,-1,-1,-1,-1
201501PL61061,1,9,0,18,0,1,0,0,0,0,1,1,6,1,42,7,1796,1,7,-1,1,-1
201501PL61061,2,9,0,2,0,1,0,0,0,0,2,1,6,3,-1,-1,-1,-1,-1,-1,-1,-1
201501PL61064,1,9,0,18,0,8,0,0,0,0,1,1,6,1,47,8,1910,2,5,-1,1,-1
201501PL61064,2,9,0,18,0,8,0,0,0,0,3,1,6,1,44,7,1598,1,6,-1,1,-1
201501PL61066,1,9,0,9,0,8,0,0,0,0,1,1,6,1,42,7,-1,-1,-1,-1,1,-1
201501PL61067,1,9,0,18,0,8,0,0,0,0,3,1,6,1,33,6,-1,-1,-1,-1,1,-1
201501PL61067,2,5,0,18,0,8,0,0,0,0,1,1,6,1,35,6,998,1,3,-1,1,-1
201501PL61069,1,9,0,10,0,8,0,0,0,0,1,1,6,2,51,8,1560,2,5,-1,1,-1
201501PL61069,2,9,0,9,0,8,0,0,0,0,1,1,6,1,23,5,1995,2,-1,-1,1,-1
201501PL61071,1,9,0,18,0,0,0,0,0,0,1,1,6,1,-1,-1,-1,-1,-1,-1,-1,-1
201501PL61075,1,9,0,18,0,8,0,0,0,0,1,1,6,1,32,6,-1,-1,-1,-1,1,-1
201501PL61075,2,19,0,9,0,8,0,0,0,0,1,1,6,1,37,7,1598,2,2,-1,1,-1
201501PL61076,1,1,0,18,0,0,0,0,0,0,1,1,6,1,16,4,-1,-1,-1,-1,-1,-1
201501PL61078,1,5,0,15,2,0,0,0,0,0,1,1,6,1,-1,-1,-1,-1,-1,-1,1,-1
201501PL61083,1,9,0,18,0,0,0,0,0,0,3,1,6,2,33,6,1398,2,9,-1,-1,-1
201501PL61083,2,5,0,13,0,0,0,0,0,0,4,1,6,1,69,10,-1,-1,-1,-1,1,-1
201501PL61084,1,9,4,9,0,8,0,0,0,0,4,1,6,1,38,7,2000,2,16,-1,1,-1
201501PL61084,2,5,0,18,0,8,0,0,0,0,1,1,6,2,30,6,689,1,-1,-1,-1,-1
201501PL69001,1,3,0,18,0,2,0,0,0,0,1,1,6,3,-1,-1,-1,-1,-1,-1,-1,-1
201501PL69012,1,9,0,3,0,0,0,0,0,0,2,1,6,2,35,6,-1,-1,-1,-1,-1,-1
201501PL69012,2,9,0,18,0,0,0,0,0,0,1,1,6,1,-1,-1,1149,1,17,-1,-1,-1
201501PL69017,1,9,0,18,0,8,0,0,0,0,1,1,6,2,46,8,-1,-1,-1,-1,1,-1
201501PL69017,2,11,0,3,0,8,0,0,0,0,3,1,1,1,42,7,5883,2,13,-1,-1,-1
201501PL69017,3,9,0,9,0,8,0,0,0,0,1,1,6,1,37,7,1998,2,8,-1,1,-1
201501PL69024,1,9,0,3,0,1,0,0,0,0,2,1,6,2,24,5,1496,2,-1,-1,1,-1