Accident_Index,Vehicle_Reference,Vehicle_Type,Towing_and_Articulation,Vehicle_Manoeuvre,Vehicle_Location-Restricted_Lane,Junction_Location,Skidding_and_Overturning,Hit_Object_in_Carriageway,Vehicle_Leaving_Carriageway,Hit_Object_off_Carriageway,1st_Point_of_Impact,Was_Vehicle_Left_Hand_Drive?,Journey_Purpose_of_Driver,Sex_of_Driver,Age_of_Driver,Age_Band_of_Driver,Engine_Capacity_(CC),Propulsion_Code,Age_of_Vehicle,Driver_IMD_Decile,Driver_Home_Area_Type,Vehicle_IMD_Decile
201501PL69024,2,9,0,18,0,1,0,0,0,0,1,1,6,1,21,5,1598,1,8,-1,1,-1
201501PL69026,1,1,0,18,0,0,0,0,0,0,3,1,6,1,30,6,-1,-1,-1,-1,1,-1
201501PL69026,2,9,0,18,0,0,0,0,0,0,4,1,6,1,-1,-1,1896,2,12,-1,-1,-1
201501PL69047,1,9,0,4,0,0,0,0,0,0,2,1,6,1,58,9,1998,2,4,-1,1,-1
201501PL69047,2,9,0,4,0,0,0,0,0,0,1,1,6,2,26,6,1997,1,11,-1,1,-1
201501PL69050,1,9,0,18,0,8,0,0,0,0,1,1,6,1,26,6,2143,2,4,-1,1,-1
201501PL69050,2,9,0,18,0,8,0,0,0,0,3,1,6,2,21,5,1975,1,7,-1,1,-1
201501PL69057,1,3,0,15,0,1,0,0,0,0,1,1,6,1,42,7,125,1,1,-1,1,-1
201501PL69058,1,1,0,18,0,0,0,0,0,0,1,1,6,1,37,7,-1,-1,-1,-1,1,-1
201501PL69058,2,9,0,2,0,0,0,0,0,0,2,1,6,3,-1,-1,-1,-1,-1,-1,-1,-1
201501PL69061,1,1,0,18,0,8,0,0,0,0,1,1,6,1,23,5,-1,-1,-1,-1,1,-1
201501PL69061,2,9,0,9,0,8,0,0,0,0,4,1,6,1,-1,-1,1850,1,15,-1,-1,-1
201501PL69068,1,11,0,18,0,8,0,0,0,0,1,1,1,1,41,7,6700,2,3,-1,1,-1
201501PL69068,2,9,0,9,0,8,0,0,0,0,3,1,6,2,48,8,1242,1,13,-1,1,-1
201501PL69080,1,9,0,18,0,0,0,0,0,0,4,1,6,3,-1,-1,-1,-1,-1,-1,-1,-1
201501PL69093,1,11,0,4,0,0,0,0,0,0,3,1,6,1,58,9,7300,2,12,-1,1,-1
201501PL69093,2,20,0,15,0,0,0,0,0,0,4,1,6,1,25,5,-1,-1,-1,-1,1,-1
201501PL69096,1,9,0,18,0,0,0,0,0,0,3,1,6,2,45,7,-1,-1,-1,-1,1,-1
201501PL69096,2,20,0,18,0,0,0,0,0,0,3,1,6,1,-1,-1,12900,2,7,-1,-1,-1
201501PL69103,1,9,0,7,0,8,0,0,0,0,2,1,6,1,26,6,1689,2,14,-1,1,-1
201501PL69103,2,9,0,7,0,8,0,0,0,0,1,1,6,2,48,8,1794,1,12,-1,-1,-1
201501PL69105,1,9,0,18,0,1,0,0,0,0,1,1,6,1,84,11,1299,1,22,-1,1,-1
201501PL69105,2,9,0,18,0,2,0,0,0,0,1,1,6,1,41,7,1598,1,8,-1,1,-1
201501PL69106,1,9,0,4,0,0,0,0,0,0,2,1,6,1,48,8,1956,2,-1,-1,1,-1
201501PL69106,2,9,0,18,0,0,0,0,0,0,1,1,6,1,-1,-1,1587,1,14,-1,1,-1
201501PL69118,1,9,0,4,0,2,0,0,0,0,2,1,6,1,22,5,1496,2,-1,-1,1,-1
201501PL69118,2,9,0,18,0,2,0,0,0,0,1,1,6,1,45,7,698,1,10,-1,1,-1
201501PL69141,1,9,0,5,0,8,0,0,0,0,4,1,6,1,-1,-1,-1,-1,-1,-1,-1,-1
201501PL69178,1,9,0,18,0,8,0,0,0,0,4,1,6,1,71,10,1999,1,11,-1,1,-1
201501PY20002,1,9,0,18,0,0,5,0,0,0,3,1,6,1,86,11,1360,1,6,-1,1,-1
201501PY20005,1,9,0,18,0,1,0,0,0,0,1,1,6,3,-1,-1,-1,-1,-1,-1,-1,-1
201501PY20008,1,9,0,9,0,2,0,0,0,0,1,1,6,1,51,8,1598,1,1,-1,1,-1
201501PY20009,1,9,0,18,0,8,0,0,0,0,1,1,6,1,48,8,-1,-1,-1,-1,1,-1
201501PY20010,1,19,0,17,0,0,1,0,0,0,1,1,6,1,55,8,2494,2,6,-1,1,-1
201501PY20010,2,9,0,16,0,0,0,0,0,0,1,1,6,2,20,4,-1,-1,-1,-1,2,-1
201501PY20010,3,9,0,2,0,0,0,0,0,0,3,1,6,3,-1,-1,-1,-1,-1,-1,-1,-1
201501PY20010,4,19,0,2,0,0,0,0,0,0,3,1,6,3,-1,-1,-1,-1,-1,-1,-1,-1
201501PY20012,1,9,0,18,0,8,0,0,0,0,4,1,6,1,51,8,1560,2,5,-1,-1,-1
201501PY20012,2,9,0,10,0,8,0,0,0,0,1,1,6,1,34,6,-1,-1,-1,-1,-1,-1
201501PY20012,3,9,0,7,0,8,0,0,0,0,1,1,6,1,90,11,-1,-1,-1,-1,-1,-1
201501PY20014,1,9,0,18,0,2,0,0,0,0,1,1,6,2,-1,-1,1390,1,11,-1,-1,-1
201501PY20019,1,9,0,18,0,1,0,0,0,0,1,1,6,1,-1,-1,-1,-1,-1,-1,-1,-1
201501PY20019,2,9,0,18,0,1,0,0,0,0,2,1,6,1,56,9,-1,-1,-1,-1,1,-1
201501PY20020,1,9,0,18,0,8,0,0,0,0,4,1,6,1,42,7,-1,-1,-1,-1,1,-1
201501PY20020,2,9,0,18,0,8,0,0,0,0,1,1,6,1,49,8,-1,-1,-1,-1,1,-1
201501PY20021,1,9,0,3,0,0,0,0,0,0,2,1,6,1,21,5,1560,2,1,-1,1,-1
201501PY20021,2,9,0,18,0,0,0,0,0,0,1,1,6,2,-1,-1,1242,1,1,-1,1,-1
201501PY20023,1,9,0,18,0,8,0,0,0,0,1,1,6,1,47,8,-1,-1,-1,-1,1,-1
201501PY20023,2,9,0,9,0,8,0,0,0,0,4,1,6,1,78,11,1997,2,13,-1,2,-1
201501PY20024,1,9,0,18,0,0,0,0,0,0,4,1,6,1,76,11,1364,1,8,-1,1,-1
201501PY20025,1,9,0,18,0,0,0,4,0,0,1,1,6,1,35,6,1242,1,9,-1,1,-1
201501PY20025,2,9,0,2,0,0,0,0,0,0,3,1,6,3,-1,-1,1596,1,10,-1,-1,-1
201501PY20025,3,9,0,2,0,0,0,0,0,0,3,1,6,3,-1,-1,1242,1,5,-1,-1,-1
201501PY20026,1,9,0,9,0,2,0,0,0,0,1,1,6,2,63,9,1248,1,2,-1,3,-1
201501PY20027,1,9,0,7,0,8,0,0,0,0,3,1,6,1,76,11,1390,1,13,-1,1,-1
201501PY20027,2,20,0,18,0,8,0,0,0,0,1,1,1,1,45,7,4461,2,3,-1,1,-1
201501PY20028,1,9,0,1,0,8,0,0,0,0,2,1,6,2,-1,-1,-1,-1,-1,-1,-1,-1
201501PY20029,1,9,0,9,0,8,0,0,0,0,1,1,6,2,51,8,-1,-1,-1,-1,1,-1
201501PY20029,2,9,0,8,0,8,0,0,0,0,1,1,6,2,45,7,1339,8,8,-1,-1,-1
201501PY20029,3,9,0,18,0,8,0,0,0,0,3,1,6,1,20,4,1398,1,2,-1,-1,-1
201501PY20031,1,9,0,18,0,8,0,0,0,0,1,1,6,1,32,6,2393,1,13,-1,1,-1
201501PY20031,2,9,0,9,0,8,0,0,0,0,1,1,6,2,79,11,1598,1,6,-1,1,-1
201501PY20033,1,9,0,18,0,8,0,0,0,0,4,1,6,1,39,7,1988,2,10,-1,1,-1
201501PY20033,2,9,0,18,0,8,0,0,0,0,1,1,6,1,39,7,2993,2,2,-1,1,-1
201501PY20038,1,9,0,8,0,8,0,0,0,0,2,1,6,2,52,8,1587,1,12,-1,1,-1
201501PY20038,2,9,0,7,0,8,0,0,0,0,1,1,6,1,-1,-1,1995,2,1,-1,-1,-1
201501PY20039,1,9,0,4,0,2,0,0,0,0,2,1,6,1,57,9,1896,2,11,-1,1,-1
201501PY20039,2,9,0,4,0,2,0,0,0,0,1,1,6,2,26,6,1242,1,2,-1,1,-1
201501PY20040,1,9,0,18,0,1,0,0,0,0,1,1,6,2,24,5,-1,-1,-1,-1,1,-1
201501PY20040,2,9,0,2,0,1,0,0,0,0,1,1,6,3,-1,-1,1968,2,1,-1,-1,-1
201501PY20041,1,9,0,18,0,8,0,0,0,0,4,1,6,1,43,7,2184,2,5,-1,1,-1
201501PY20041,2,3,0,18,0,8,0,0,0,0,1,1,6,1,17,4,124,1,7,-1,1,-1
201501PY20042,1,9,0,18,0,0,0,0,0,0,1,1,6,1,42,7,1461,2,1,-1,1,-1
201501PY20042,2,11,0,3,0,0,0,0,0,0,2,1,6,1,48,8,-1,2,12,-1,1,-1
201501PY20043,1,9,0,18,0,8,0,0,0,0,4,1,6,1,77,11,-1,-1,-1,-1,1,-1
201501PY20043,2,4,0,18,0,8,0,0,0,0,1,1,6,1,22,5,471,1,2,-1,1,-1
201501PY20044,1,9,0,18,0,1,0,0,0,0,3,1,6,2,59,9,1598,1,12,-1,1,-1
201501PY20044,2,9,0,5,0,2,0,0,0,0,3,1,6,2,-1,-1,-1,-1,-1,-1,-1,-1
201501PY20045,1,9,0,18,0,1,0,0,0,0,1,1,6,1,20,4,1796,2,2,-1,1,-1
201501PY20045,2,9,0,2,0,1,0,0,0,0,1,1,6,3,-1,-1,-1,-1,-1,-1,-1,-1
201501PY20048,1,9,0,6,0,0,0,0,0,0,3,1,6,1,-1,-1,1999,1,12,-1,-1,-1
201501PY20048,2,1,0,18,0,0,0,0,0,0,1,1,6,1,27,6,-1,-1,-1,-1,1,-1
201501PY20051,1,9,0,4,0,8,0,0,0,0,1,1,6,1,26,6,1596,1,5,-1,1,-1
201501PY20051,2,9,0,8,0,8,0,0,0,0,2,1,6,2,63,9,1329,1,5,-1,-1,-1
201501PY20053,1,9,0,18,0,8,0,0,0,0,1,1,6,1,18,4,1360,1,12,-1,1,-1
201501PY20053,2,9,0,18,0,8,0,0,0,0,1,1,6,2,47,8,998,1,6,-1,1,-1
201501PY20055,1,9,0,18,0,0,0,0,0,0,1,1,6,1,25,5,1468,1,12,-1,1,-1
201501PY20056,1,9,0,18,0,2,0,0,0,0,3,1,6,1,87,11,1794,1,11,-1,1,-1
201501PY20056,2,9,0,18,0,1,0,0,0,0,3,1,6,1,30,6,3199,1,15,-1,-1,-1
201501PY20056,3,9,0,18,0,1,0,0,0,0,3,1,6,1,41,7,1798,1,13,-1,-1,-1
201501PY20057,1,9,0,18,0,8,0,0,0,0,1,1,6,1,77,11,1199,1,11,-1,1,-1
201501PY20058,1,9,0,17,0,0,0,0,0,0,1,1,6,1,33,6,1992,2,10,-1,1,-1
201501PY20058,2,9,0,16,0,0,0,0,0,0,1,1,6,1,-1,-1,1199,1,13,-1,-1,-1
201501PY20059,1,11,0,5,0,2,0,0,0,0,0,1,1,1,-1,-1,-1,-1,-1,-1,-1,-1
201501PY20060,1,9,0,4,0,0,0,0,0,0,2,1,6,1,28,6,-1,-1,-1,-1,1,-1
201501PY20060,2,19,0,4,0,0,0,0,0,0,1,1,6,1,27,6,2143,2,1,-1,1,-1
201501PY20061,1,9,0,8,0,1,0,0,0,0,2,1,6,2,61,9,-1,-1,-1,-1,1,-1
201501PY20061,2,19,0,7,0,2,0,0,0,0,1,1,6,1,42,7,1968,2,3,-1,1,-1
201501PY20062,1,11,0,3,0,0,0,0,0,0,2,1,6,2,34,6,6700,2,3,-1,1,-1
201501PY20062,2,9,0,18,0,0,0,0,0,0,1,1,6,1,48,8,1596,1,3,-1,1,-1
201501PY20064,1,1,0,18,0,8,0,0,0,0,4,1,6,1,32,6,-1,-1,-1,-1,1,-1
201501PY20064,2,9,0,9,0,8,0,0,0,0,1,1,6,2,-1,-1,-1,-1,-1,-1,-1,-1
201501PY20065,1,9,0,18,0,0,0,0,0,0,3,1,6,2,40,7,1242,1,7,-1,1,-1
201501PY20067,1,9,0,18,0,0,0,0,0,0,1,1,6,1,27,6,1995,1,4,-1,1,-1
201501PY20068,1,9,0,1,0,2,0,0,0,0,2,1,6,2,74,10,1339,1,8,-1,1,-1
201501PY20068,2,3,0,3,0,2,0,0,0,0,1,1,6,1,-1,-1,125,1,2,-1,-1,-1
201501PY20071,1,1,0,18,0,8,0,0,0,0,1,1,6,1,54,8,-1,-1,-1,-1,1,-1
201501PY20071,2,9,0,7,0,8,0,0,0,0,3,1,6,3,-1,-1,1995,2,9,-1,-1,-1
201501PY20072,1,9,0,18,0,1,0,0,0,0,1,1,6,2,37,7,1596,1,10,-1,1,-1
201501PY20073,1,9,0,18,0,0,0,0,0,0,1,1,6,1,33,6,-1,-1,-1,-1,1,-1
201501PY20073,2,9,0,18,0,0,0,0,0,0,2,1,6,2,49,8,1400,1,15,-1,1,-1
201501PY20073,3,9,0,2,0,0,0,0,0,0,2,1,6,3,-1,-1,-1,-1,-1,-1,-1,-1
201501PY20073,4,9,0,2,0,0,0,0,0,0,2,1,6,3,-1,-1,-1,-1,-1,-1,-1,-1
201501PY20074,1,9,0,9,0,8,0,0,0,0,4,1,6,2,25,5,1242,1,3,-1,1,-1
201501PY20074,2,9,0,18,0,8,0,0,0,0,1,1,6,1,30,6,-1,-1,-1,-1,1,-1
201501PY20075,1,9,0,3,0,1,0,0,0,0,2,1,6,1,50,8,-1,-1,-1,-1,1,-1
201501PY20075,2,9,0,4,0,1,0,0,0,0,1,1,6,1,-1,-1,1956,2,5,-1,-1,-1
201501PY20076,1,9,0,18,0,8,0,0,0,0,1,1,6,1,65,9,-1,-1,-1,-1,1,-1
201501PY20076,2,9,0,7,0,8,0,0,0,0,3,1,6,1,52,8,1493,1,23,-1,1,-1
201501PY20077,1,9,0,18,0,1,0,0,0,0,1,1,6,3,-1,-1,-1,-1,-1,-1,-1,-1
201501PY20078,1,9,0,9,0,8,0,0,0,0,1,1,6,1,31,6,1995,2,11,-1,1,-1
201501PY20078,2,9,0,18,0,8,0,0,0,0,3,1,6,2,56,9,1242,1,2,-1,1,-1
201501PY20079,1,9,0,18,0,0,0,0,0,0,1,1,6,2,20,4,1461,2,13,-1,2,-1
201501PY20081,1,9,0,9,0,8,0,0,0,0,4,1,6,1,22,5,1364,1,10,-1,1,-1
201501PY20081,2,9,0,18,0,8,0,0,0,0,1,1,6,1,94,11,995,1,7,-1,-1,-1
201501PY20082,1,11,0,18,0,1,0,0,0,0,4,1,1,1,62,9,-1,-1,-1,-1,2,-1
201501PY20085,1,3,0,14,0,2,0,0,0,0,1,1,6,1,-1,-1,-1,-1,-1,-1,-1,-1
201501PY20086,1,9,0,5,0,1,0,0,0,0,1,1,6,1,26,6,-1,-1,-1,-1,-1,-1
201501PY20087,1,9,0,18,0,8,0,0,0,0,4,1,6,1,70,10,-1,-1,-1,-1,2,-1
201501PY20087,2,9,0,18,0,8,0,0,0,0,1,1,6,1,38,7,1995,2,4,-1,1,-1
201501PY20088,1,1,0,18,0,8,0,0,0,0,4,1,6,1,29,6,-1,-1,-1,-1,1,-1
201501PY20088,2,9,0,7,0,8,0,0,0,0,1,1,6,1,46,8,-1,-1,-1,-1,1,-1
201501PY20089,1,9,0,18,0,8,0,0,0,0,1,1,6,2,30,6,998,1,6,-1,1,-1
201501PY20089,2,9,0,9,0,8,0,0,0,0,4,1,6,1,-1,-1,1794,1,13,-1,-1,-1
201501PY20090,1,9,0,18,0,0,0,0,0,0,3,1,6,1,-1,-1,-1,-1,-1,-1,1,-1
201501PY20091,1,9,0,18,0,8,0,0,0,0,3,1,6,1,50,8,1797,8,2,-1,1,-1
201501PY20091,2,9,0,18,0,8,0,0,0,0,1,1,6,1,29,6,-1,-1,-1,-1,1,-1
201501PY20092,1,9,0,18,0,8,0,0,0,0,1,1,6,2,58,9,998,1,11,-1,1,-1
201501PY20092,2,9,0,9,0,8,0,0,0,0,4,1,6,2,45,7,1998,1,12,-1,1,-1
201501PY20093,1,9,0,18,0,0,0,4,0,0,1,1,6,1,22,5,1598,1,4,-1,1,-1
201501PY20093,2,9,0,2,0,0,0,0,0,0,2,1,6,2,60,9,1398,1,3,-1,1,-1
201501PY20094,1,9,0,18,0,8,0,0,0,0,3,1,6,2,-1,-1,-1,-1,-1,-1,1,-1
201501PY20094,2,19,0,15,0,8,0,0,0,0,4,1,6,1,52,8,-1,-1,-1,-1,-1,-1
201501PY20097,1,9,0,18,0,8,0,0,0,0,1,1,6,2,50,8,-1,-1,-1,-1,-1,-1
201501PY20097,2,9,0,4,0,8,0,0,0,0,2,1,6,2,23,5,-1,-1,-1,-1,1,-1
201501PY20097,3,9,0,4,0,8,0,0,0,0,2,1,6,1,-1,-1,1598,2,5,-1,1,-1
201501PY20098,1,1,0,18,0,8,0,0,0,0,1,1,6,2,51,8,-1,-1,-1,-1,1,-1
201501PY20098,2,9,0,9,0,8,0,0,0,0,3,1,6,1,50,8,1199,1,16,-1,1,-1
201501PY20099,1,9,0,8,0,8,0,0,0,0,2,1,6,2,25,5,1596,1,6,-1,1,-1
201501PY20099,2,9,0,18,0,8,0,0,0,0,1,1,6,1,-1,-1,-1,-1,-1,-1,-1,-1
201501PY20101,1,9,0,9,0,8,0,0,0,0,4,1,6,2,28,6,1598,1,11,-1,1,-1
201501PY20101,2,9,0,18,0,8,0,0,0,0,1,1,6,1,-1,-1,-1,-1,-1,-1,1,-1
201501PY20102,1,9,0,18,0,0,0,4,0,0,4,1,6,1,32,6,-1,-1,-1,-1,1,-1
201501PY20102,2,9,0,2,0,0,0,0,0,0,3,1,6,2,-1,-1,1390,1,8,-1,1,-1
201501PY20103,1,9,0,5,0,8,0,0,0,0,3,1,6,1,18,4,-1,-1,-1,-1,1,-1
201501PY20103,2,3,0,18,0,8,0,0,0,0,1,1,6,1,38,7,125,1,12,-1,1,-1
201501PY20104,1,9,0,18,0,0,0,0,0,0,4,1,6,1,-1,-1,-1,-1,-1,-1,-1,-1
201501PY20105,1,9,0,18,0,0,0,0,0,0,1,1,6,1,40,7,1197,1,5,-1,1,-1
201501PY20105,2,9,0,18,0,0,0,0,0,0,1,1,6,2,38,7,1229,1,2,-1,1,-1
201501PY20106,1,9,0,7,0,6,0,0,0,0,3,1,6,1,66,10,-1,-1,-1,-1,1,-1
201501PY20106,2,3,0,18,0,8,0,0,0,0,4,1,6,1,22,5,278,1,-1,-1,1,-1
201501PY20107,1,9,0,18,0,8,0,0,0,0,2,1,6,2,55,8,1364,1,6,-1,1,-1
201501PY20107,2,9,0,18,0,8,0,0,0,0,1,1,6,1,-1,-1,1596,1,12,-1,-1,-1
201501PY20108,1,9,0,18,0,0,0,0,0,0,1,1,6,2,26,6,1198,1,9,-1,1,-1
201501PY20108,2,9,0,4,0,0,0,0,0,0,2,1,6,1,38,7,1560,2,1,-1,1,-1
201501PY20108,3,9,0,4,0,0,0,0,0,0,2,1,6,2,26,6,1560,2,9,-1,1,-1
201501PY20108,4,9,0,4,0,0,0,0,0,0,2,1,6,2,19,4,-1,-1,-1,-1,1,-1
201501PY20109,1,9,0,18,0,8,0,0,0,0,1,1,6,2,65,9,1769,1,11,-1,1,-1
201501PY20109,2,9,0,18,0,8,0,0,0,0,3,1,6,1,41,7,1398,2,1,-1,1,-1
201501PY20110,1,9,0,18,0,0,0,0,0,0,1,1,6,2,54,8,1248,2,2,-1,1,-1
201501PY20110,2,9,0,18,0,0,5,10,0,0,4,1,6,1,19,4,-1,-1,-1,-1,1,-1
201501PY20112,1,3,0,15,0,0,0,0,0,0,4,1,6,1,30,6,125,1,1,-1,1,-1
201501PY20112,2,9,0,18,0,0,0,0,0,0,3,1,6,1,41,7,1596,1,9,-1,1,-1
201501PY20113,1,9,0,4,0,0,0,0,0,0,2,1,6,1,-1,-1,-1,-1,-1,-1,-1,-1
201501PY20113,2,1,0,18,0,0,0,0,0,0,1,1,6,1,51,8,-1,-1,-1,-1,1,-1
201501PY20114,1,9,0,18,0,1,0,0,0,0,1,1,6,2,33,6,1999,1,7,-1,1,-1
201501PY20114,2,9,0,18,0,2,0,0,0,0,1,1,6,1,21,5,1995,2,5,-1,1,-1
201501PY20115,1,3,0,18,0,8,0,0,0,0,3,1,6,1,21,5,124,1,5,-1,1,-1
201501PY20115,2,9,0,18,0,8,0,0,0,0,1,1,6,2,52,8,2351,1,15,-1,1,-1
201501PY20116,1,9,0,18,0,8,0,0,0,0,1,1,6,2,20,4,1242,1,5,-1,1,-1
201501PY20116,2,1,0,9,0,8,0,0,0,0,3,1,6,1,28,6,-1,-1,-1,-1,-1,-1
201501PY20117,1,3,0,18,0,8,0,0,0,0,1,1,6,1,26,6,124,1,4,-1,1,-1
201501PY20117,2,9,0,7,0,8,0,0,0,0,3,1,6,2,-1,-1,-1,-1,-1,-1,1,-1
201501PY20118,1,11,0,2,0,8,0,0,0,0,3,1,1,1,42,7,6700,2,3,-1,1,-1
201501PY20118,2,19,0,15,0,8,0,0,0,0,4,1,6,1,-1,-1,-1,-1,-1,-1,-1,-1
201501PY20119,1,9,0,18,0,8,0,4,0,0,1,1,6,1,82,11,998,1,12,-1,1,-1
201501PY20119,2,19,0,2,0,8,0,0,0,0,2,1,6,1,-1,-1,2402,2,11,-1,1,-1
201501PY20120,1,9,0,18,0,8,0,0,0,0,1,1,6,1,64,9,2987,2,5,-1,1,-1
201501PY20120,2,9,0,9,0,8,0,0,0,0,3,1,6,1,76,11,1329,1,5,-1,1,-1
201501PY20122,1,1,0,18,0,0,0,0,0,0,1,1,6,1,38,7,-1,-1,-1,-1,1,-1
201501PY20122,2,9,0,2,0,0,0,0,0,0,3,1,6,2,-1,-1,998,1,4,-1,-1,-1
201501PY20123,1,9,0,4,0,8,0,0,0,0,2,1,6,1,66,10,1997,2,2,-1,1,-1
201501PY20123,2,9,0,18,0,8,0,0,0,0,1,1,6,2,69,10,1896,2,7,-1,1,-1
201501PY20124,1,9,0,18,0,8,0,0,0,0,1,1,6,1,42,7,2324,1,12,-1,1,-1
201501PY20124,2,3,0,18,0,8,0,0,0,0,1,1,6,1,-1,-1,-1,-1,-1,-1,-1,-1
201501PY20126,1,11,0,18,0,8,0,0,0,0,0,1,6,1,36,7,4500,2,1,-1,1,-1
201501PY20127,1,9,0,4,0,8,0,0,0,0,2,1,6,2,25,5,1753,2,11,-1,1,-1
201501PY20127,2,9,0,18,0,8,0,0,0,0,1,1,6,1,-1,-1,1998,1,11,-1,-1,-1
201501PY20128,1,1,0,18,0,0,0,0,0,0,1,1,6,1,34,6,-1,-1,-1,-1,1,-1
201501PY20128,2,9,0,6,0,0,0,0,0,0,4,1,6,1,-1,-1,1595,1,2,-1,-1,-1
201501PY20129,1,9,0,18,0,0,0,0,0,0,2,1,6,1,31,6,1206,1,7,-1,-1,-1
201501PY20129,2,9,0,18,0,0,0,0,0,0,1,1,6,1,21,5,-1,-1,-1,-1,1,-1
201501PY20131,1,9,0,18,0,0,0,0,0,0,1,1,6,1,25,5,1968,2,8,-1,2,-1
201501PY20132,1,9,0,18,0,0,0,0,0,0,1,1,6,2,29,6,1242,1,7,-1,1,-1
201501PY20132,2,9,0,2,0,0,0,0,0,0,2,1,6,1,-1,-1,1328,1,8,-1,-1,-1
201501PY20133,1,1,0,18,0,8,0,0,0,0,1,1,6,2,49,8,-1,-1,-1,-1,1,-1
201501PY20133,2,9,0,9,0,8,0,0,0,0,3,1,6,1,-1,-1,998,1,13,-1,-1,-1
201501PY20134,1,9,0,4,0,0,0,0,0,0,2,1,6,2,25,5,1956,2,2,-1,1,-1
201501PY20134,2,9,0,18,0,0,0,0,0,0,1,1,6,1,35,6,-1,-1,-1,-1,1,-1
201501PY20135,1,9,0,18,0,8,0,0,0,0,4,1,6,1,-1,-1,-1,-1,-1,-1,-1,-1
201501PY20137,1,9,0,18,0,0,0,10,1,10,1,1,6,1,30,6,1596,1,12,-1,-1,-1
201501PY20137,2,9,0,2,0,0,0,0,0,0,4,1,6,2,45,7,2993,2,4,-1,1,-1
201501PY20137,3,9,0,2,0,0,0,0,0,0,4,1,6,1,52,8,-1,-1,-1,-1,1,-1
201501PY20137,4,9,0,2,0,0,0,0,0,0,2,1,6,1,-1,-1,2993,2,3,-1,-1,-1
201501PY20138,1,11,0,18,0,8,0,0,0,0,0,1,6,1,42,7,6370,2,3,-1,1,-1
201501PY20139,1,9,0,9,0,8,0,0,0,0,3,1,6,2,28,6,1390,1,5,-1,1,-1
201501PY20139,2,9,0,18,0,8,0,0,0,0,1,1,6,1,34,6,-1,-1,-1,-1,1,-1
201501PY20140,1,9,0,18,0,8,0,10,1,2,4,1,6,1,64,9,1796,1,4,-1,1,-1
201501PY20141,1,9,0,18,0,0,0,0,0,0,1,1,6,1,44,7,1995,2,7,-1,1,-1
201501PY20143,1,9,0,18,0,1,0,0,0,0,1,1,6,2,51,8,1984,1,3,-1,1,-1
201501PY20143,2,1,0,18,0,1,0,0,0,0,2,1,6,1,38,7,-1,-1,-1,-1,1,-1
201501PY20144,1,9,0,7,0,8,0,0,0,0,3,1,6,2,51,8,1242,1,6,-1,1,-1
201501PY20144,2,9,0,18,0,8,0,0,0,0,1,1,6,2,28,6,-1,-1,-1,-1,1,-1
201501PY20145,1,9,0,18,0,1,0,0,0,0,1,1,1,1,51,8,1997,2,5,-1,1,-1
201501PY20145,2,9,0,7,0,1,0,0,0,0,3,1,6,1,55,8,1598,1,11,-1,1,-1
201501PY20146,1,9,0,3,0,2,0,0,0,0,2,1,6,2,40,7,1769,1,10,-1,1,-1
201501PY20146,2,9,0,3,0,2,0,0,0,0,2,1,6,2,29,6,1991,2,8,-1,1,-1
201501PY20146,3,9,0,3,0,2,0,0,0,0,2,1,6,1,60,9,1999,1,12,-1,1,-1
201501PY20146,4,9,0,4,0,2,0,0,0,0,1,1,6,1,45,7,-1,-1,-1,-1,1,-1
201501PY20147,1,9,0,17,0,8,0,0,0,0,3,1,6,2,39,7,1796,1,14,-1,1,-1
201501PY20149,1,9,0,18,0,1,0,0,0,0,1,1,6,1,52,8,998,1,16,-1,1,-1
201501PY20151,1,9,0,9,0,8,0,0,0,0,3,1,6,2,49,8,-1,-1,-1,-1,-1,-1
201501PY20151,2,3,0,13,0,8,0,0,0,0,1,1,6,3,-1,-1,-1,-1,-1,-1,-1,-1
201501PY20152,1,3,0,13,0,8,0,0,0,0,4,1,6,1,42,7,124,1,2,-1,-1,-1
201501PY20152,2,9,0,9,0,8,0,0,0,0,3,1,6,1,37,7,998,1,6,-1,1,-1
201501PY20153,1,11,0,4,0,0,0,0,0,0,0,1,1,1,54,8,-1,2,12,-1,-1,-1
201501PY20154,1,1,0,18,0,8,0,0,0,0,4,1,6,1,51,8,-1,-1,-1,-1,1,-1
201501PY20154,2,9,0,9,0,8,0,0,0,0,1,1,6,1,-1,-1,2544,1,16,-1,3,-1
201501PY20155,1,9,0,18,0,8,0,0,0,0,3,1,6,2,61,9,1997,1,5,-1,1,-1
201501PY20155,2,19,0,18,0,8,0,0,0,0,3,1,6,1,39,7,2151,2,9,-1,1,-1
201501PY20156,1,19,0,5,0,2,0,0,0,0,1,1,6,3,-1,-1,1968,2,3,-1,-1,-1
201501PY20156,2,9,0,3,0,2,0,0,0,0,3,1,6,1,-1,-1,-1,-1,-1,-1,-1,-1
201501PY20158,1,9,0,3,0,2,0,0,0,0,2,1,6,1,57,9,1598,2,1,-1,1,-1
201501PY20158,2,9,0,4,0,2,0,0,0,0,1,1,6,1,-1,-1,1368,1,9,-1,2,-1
201501PY20160,1,3,0,18,0,8,0,0,0,0,1,1,6,1,21,5,108,1,1,-1,1,-1
201501PY20160,2,1,0,18,0,8,0,0,0,0,1,1,6,1,17,4,-1,-1,-1,-1,1,-1
201501PY20161,1,1,0,9,0,8,0,0,0,0,3,1,6,1,66,10,-1,-1,-1,-1,1,-1
201501PY20161,2,9,0,9,0,8,0,0,0,0,4,1,6,1,-1,-1,-1,-1,-1,-1,-1,-1
201501PY20162,1,9,0,18,0,8,0,0,0,0,1,1,6,1,18,4,-1,-1,-1,-1,1,-1
201501PY20162,2,9,0,9,0,8,0,0,0,0,1,1,6,1,-1,-1,-1,-1,-1,-1,-1,-1
201501PY20163,1,9,0,9,0,8,0,0,0,0,3,1,6,2,-1,-1,1598,1,7,-1,1,-1
201501PY20163,2,9,0,7,0,8,0,0,0,0,1,1,6,2,19,4,1399,1,4,-1,1,-1