Accident_Index,Vehicle_Reference,Vehicle_Type,Towing_and_Articulation,Vehicle_Manoeuvre,Vehicle_Location-Restricted_Lane,Junction_Location,Skidding_and_Overturning,Hit_Object_in_Carriageway,Vehicle_Leaving_Carriageway,Hit_Object_off_Carriageway,1st_Point_of_Impact,Was_Vehicle_Left_Hand_Drive?,Journey_Purpose_of_Driver,Sex_of_Driver,Age_of_Driver,Age_Band_of_Driver,Engine_Capacity_(CC),Propulsion_Code,Age_of_Vehicle,Driver_IMD_Decile,Driver_Home_Area_Type,Vehicle_IMD_Decile
201501PY20164,1,11,0,18,0,2,0,0,0,0,1,1,1,1,66,10,4461,2,2,-1,1,-1
201501PY20165,1,3,0,18,0,0,0,0,0,0,1,1,6,1,-1,-1,124,1,3,-1,-1,-1
201501PY20165,2,19,0,5,0,0,0,0,0,0,3,1,6,1,-1,-1,1998,2,12,-1,-1,-1
201501PY20166,1,9,0,18,0,0,0,0,0,0,1,1,6,1,89,11,-1,-1,-1,-1,1,-1
201501PY20166,2,19,0,2,0,0,0,0,0,0,2,1,6,3,-1,-1,-1,-1,-1,-1,-1,-1
201501PY20167,1,9,0,18,0,0,0,0,0,0,3,1,6,1,-1,-1,-1,-1,-1,-1,-1,-1
201501PY20168,1,9,0,18,0,0,0,0,0,0,1,1,6,1,33,6,2171,1,10,-1,1,-1
201501PY20168,2,9,0,3,0,0,0,0,0,0,2,1,6,2,45,7,1198,1,7,-1,1,-1
201501PY20169,1,9,0,8,0,1,0,0,0,0,2,1,6,1,19,4,1390,1,9,-1,-1,-1
201501PY20169,2,9,0,18,0,1,0,0,0,0,1,1,6,1,-1,-1,1199,1,13,-1,-1,-1
201501PY20170,1,9,0,9,0,8,0,0,0,0,1,1,6,2,47,8,-1,-1,-1,-1,1,-1
201501PY20170,2,19,0,18,0,8,0,0,0,0,1,1,6,1,28,6,-1,-1,-1,-1,1,-1
201501PY20171,1,3,0,18,0,1,0,0,0,0,0,1,6,1,42,7,124,1,14,-1,1,-1
201501PY20173,1,9,0,18,0,1,0,0,0,0,3,1,6,3,-1,-1,-1,-1,-1,-1,-1,-1
201501PY20174,1,5,0,18,0,8,0,0,0,0,1,1,6,1,49,8,1000,1,11,-1,1,-1
201501PY20174,2,9,0,9,0,8,0,0,0,0,1,1,6,1,39,7,2497,2,5,-1,1,-1
201501PY20176,1,9,0,18,0,8,0,0,0,0,4,1,6,2,26,6,1328,1,9,-1,1,-1
201501PY20176,2,9,0,9,0,8,0,0,0,0,1,1,6,3,-1,-1,-1,-1,-1,-1,-1,-1
201501PY20179,1,3,0,18,0,8,0,0,0,0,1,1,6,2,34,6,-1,-1,-1,-1,1,-1
201501PY20179,2,9,0,18,0,8,0,0,0,0,1,1,6,1,52,8,1753,2,5,-1,1,-1
201501PY20180,1,5,0,18,0,8,0,0,0,0,1,1,6,1,41,7,649,1,5,-1,1,-1
201501PY20180,2,19,0,9,0,8,0,0,0,0,1,1,6,1,29,6,1461,2,1,-1,1,-1
201501PY20181,1,9,0,13,0,0,0,10,1,2,4,1,6,2,21,5,1598,1,10,-1,1,-1
201501PY20181,2,11,0,18,0,0,0,0,0,0,3,1,1,1,42,7,9000,2,9,-1,1,-1
201501PY20182,1,9,0,18,0,2,0,0,0,0,1,1,6,1,39,7,1390,1,3,-1,1,-1
201501PY20182,2,9,0,2,0,2,0,0,0,0,3,1,6,3,-1,-1,-1,-1,-1,-1,-1,-1
201501PY20182,3,9,0,2,0,2,0,0,0,0,3,1,6,3,-1,-1,-1,-1,-1,-1,-1,-1
201501PY20183,1,9,0,18,0,0,0,0,0,0,3,1,6,1,22,5,-1,-1,-1,-1,1,-1
201501PY20183,2,9,0,18,0,0,0,0,0,0,3,1,6,1,91,11,998,1,7,-1,3,-1
201501PY20184,1,9,0,18,0,0,0,0,0,0,3,1,6,1,62,9,-1,-1,-1,-1,1,-1
201501PY20184,2,9,0,2,0,0,0,0,0,0,3,1,6,2,38,7,1968,2,1,-1,1,-1
201501PY20185,1,9,0,4,0,0,0,0,0,0,0,1,6,3,-1,-1,-1,-1,-1,-1,-1,-1
201501PY20185,2,9,0,4,0,0,0,0,0,0,2,1,6,2,34,6,1598,1,8,-1,1,-1
201501PY20185,3,9,0,4,0,0,0,0,0,0,2,1,6,1,-1,-1,-1,-1,-1,-1,-1,-1
201501PY20185,4,9,0,4,0,0,0,0,0,0,1,1,6,2,-1,-1,1997,2,8,-1,-1,-1
201501PY20188,1,9,0,18,0,1,0,10,1,10,1,1,6,1,21,5,-1,-1,-1,-1,-1,-1
201501PY20190,1,9,0,7,0,8,0,0,0,0,1,1,6,1,34,6,1598,1,10,-1,1,-1
201501PY20190,2,3,0,13,0,8,0,0,0,0,1,1,6,1,19,4,125,1,3,-1,1,-1
201501PY20191,1,9,0,18,0,1,0,0,0,0,1,1,6,1,43,7,1598,2,4,-1,1,-1
201501PY20193,1,9,0,18,0,0,0,0,0,0,1,1,6,2,37,7,1995,2,1,-1,1,-1
201501PY20194,1,9,0,8,0,8,0,0,0,0,3,1,6,1,-1,-1,1994,2,5,-1,1,-1
201501PY20194,2,3,0,10,0,8,0,0,0,0,3,1,6,1,-1,-1,-1,-1,-1,-1,1,-1
201501PY20194,3,2,0,16,0,8,0,0,0,0,4,1,6,1,-1,-1,49,1,10,-1,1,-1
201501PY20195,1,11,0,4,0,0,0,0,0,0,0,1,1,1,52,8,9000,2,9,-1,1,-1
201501PY20196,1,11,0,18,0,1,0,0,0,0,1,1,6,1,57,9,-1,-1,-1,-1,1,-1
201501PY20198,1,9,0,18,0,8,0,0,0,0,1,1,6,1,38,7,-1,-1,-1,-1,1,-1
201501PY20198,2,9,0,18,0,8,0,0,0,0,3,1,6,2,40,7,796,1,14,-1,1,-1
201501PY20199,1,9,0,9,0,8,0,0,0,0,4,1,6,1,21,5,-1,-1,-1,-1,1,-1
201501PY20199,2,9,0,18,0,8,0,0,0,0,1,1,6,2,59,9,-1,-1,-1,-1,3,-1
201501PY20200,1,9,0,9,0,8,0,0,0,0,4,1,6,1,77,11,2198,1,12,-1,1,-1
201501PY20200,2,1,0,18,0,8,0,0,0,0,1,1,6,1,67,10,-1,-1,-1,-1,1,-1
201501PY20201,1,5,0,13,0,8,0,0,0,0,4,1,6,1,47,8,599,1,6,-1,1,-1
201501PY20201,2,9,0,9,0,8,0,0,0,0,3,1,6,1,-1,-1,1149,1,8,-1,1,-1
201501PY20202,1,9,0,18,0,1,0,0,0,0,4,1,6,1,21,5,1199,1,12,-1,1,-1
201501PY20203,1,9,0,18,0,0,5,0,0,0,4,1,6,1,25,5,-1,-1,-1,-1,1,-1
201501PY20203,2,11,0,18,0,0,0,0,0,0,0,1,1,1,58,9,-1,-1,-1,-1,-1,-1
201501PY20204,1,1,0,18,0,8,0,0,0,0,1,1,6,1,40,7,-1,-1,-1,-1,1,-1
201501PY20204,2,9,0,7,0,8,0,0,0,0,4,1,6,3,-1,-1,-1,-1,-1,-1,-1,-1
201501PY20205,1,9,0,4,0,0,0,0,0,0,1,1,6,1,32,6,1995,1,9,-1,1,-1
201501PY20205,2,9,0,3,0,0,0,0,0,0,2,1,6,2,27,6,996,1,2,-1,1,-1
201501PY20205,3,9,0,3,0,0,0,0,0,0,2,1,6,1,30,6,-1,-1,-1,-1,-1,-1
201501PY20206,1,9,0,9,0,8,0,0,0,0,1,1,6,2,38,7,1397,1,4,-1,1,-1
201501PY20206,2,1,0,18,0,8,0,0,0,0,4,1,6,1,37,7,-1,-1,-1,-1,1,-1
201501PY20207,1,9,0,9,0,8,0,0,0,0,2,1,6,1,40,7,-1,-1,-1,-1,1,-1
201501PY20207,2,9,0,18,0,8,0,0,0,0,1,1,6,2,26,6,1587,1,12,-1,-1,-1
201501PY20207,3,9,0,18,0,8,0,0,0,0,0,1,6,3,-1,-1,-1,-1,-1,-1,-1,-1
201501PY20208,1,9,0,9,0,8,0,0,0,0,3,1,6,1,79,11,-1,-1,-1,-1,1,-1
201501PY20208,2,9,0,18,0,8,0,0,0,0,1,1,6,3,-1,-1,-1,-1,-1,-1,-1,-1
201501PY20209,1,9,0,9,0,8,0,0,0,0,3,1,6,2,-1,-1,1796,1,18,-1,1,-1
201501PY20209,2,3,0,13,0,8,0,0,0,0,4,1,6,1,27,6,125,1,1,-1,1,-1
201501PY20210,1,19,0,18,0,8,0,0,0,0,4,1,6,1,45,7,3199,2,5,-1,1,-1
201501PY20210,2,19,0,18,0,8,0,0,0,0,1,1,6,1,53,8,1461,2,3,-1,1,-1
201501PY20211,1,9,0,1,0,8,0,0,0,0,2,1,6,1,-1,-1,-1,-1,-1,-1,-1,-1
201501PY20212,1,9,0,3,0,8,0,0,0,0,2,1,6,1,52,8,1364,1,6,-1,3,-1
201501PY20212,2,9,0,4,0,8,0,0,0,0,1,1,6,1,55,8,1598,1,16,-1,1,-1
201501PY20224,1,1,0,18,0,2,0,8,0,0,1,1,6,1,39,7,-1,-1,-1,-1,1,-1
201501PY20224,2,9,0,2,0,2,0,0,0,0,3,1,6,1,-1,-1,-1,-1,-1,-1,-1,-1
201501PY20225,1,9,0,8,0,8,0,0,0,0,1,1,6,1,26,6,-1,-1,-1,-1,1,-1
201501PY20225,2,9,0,1,0,8,0,0,0,0,2,1,6,1,-1,-1,1390,1,9,-1,1,-1
201501PY20227,1,9,0,18,0,2,0,7,0,0,1,1,6,2,40,7,1796,1,11,-1,1,-1
201501PY20228,1,9,0,3,0,0,0,0,0,0,2,1,6,2,46,8,2460,2,9,-1,1,-1
201501PY20228,2,19,0,1,0,0,0,0,0,0,2,1,1,1,38,7,2148,2,8,-1,-1,-1
201501PY20229,1,1,0,18,0,8,0,0,0,0,1,1,6,1,30,6,-1,-1,-1,-1,1,-1
201501PY20229,2,9,0,18,0,8,0,0,0,0,1,1,6,1,-1,-1,1598,1,5,-1,1,-1
201501PY20230,1,9,0,18,0,8,0,0,0,0,4,1,6,1,31,6,1968,2,6,-1,1,-1
201501PY20230,2,9,0,9,0,8,0,0,0,0,1,1,6,1,83,11,-1,-1,-1,-1,1,-1
201501PY20231,1,9,0,18,0,8,0,0,0,0,4,1,6,1,46,8,-1,-1,-1,-1,1,-1
201501PY20232,1,9,0,18,0,8,1,0,0,0,3,1,6,1,76,11,1388,1,6,-1,1,-1
201501PY20232,2,9,0,18,0,8,0,0,0,0,3,1,6,1,36,7,1797,8,6,-1,1,-1
201501PY20232,3,9,0,9,0,8,0,0,0,0,4,1,6,1,55,8,1753,2,6,-1,1,-1
201501PY20233,1,19,0,18,0,0,0,0,0,0,4,1,6,1,-1,-1,-1,-1,-1,-1,-1,-1
201501PY20234,1,9,0,1,0,8,0,0,0,0,2,1,6,1,51,8,1360,1,15,-1,1,-1
201501PY20234,2,1,0,18,0,8,0,0,0,0,3,1,6,2,16,4,-1,-1,-1,-1,1,-1
201501PY20235,1,3,0,18,0,8,0,0,0,0,1,1,6,1,25,5,1000,1,1,-1,1,-1
201501PY20235,2,9,0,9,0,8,0,0,0,0,3,1,6,1,22,5,1598,1,9,-1,1,-1
201501PY20236,1,9,0,18,0,0,0,0,0,0,1,1,6,2,69,10,1898,1,13,-1,1,-1
201501PY20237,1,9,0,5,0,1,0,7,0,0,1,1,6,2,39,7,1992,2,9,-1,1,-1
201501PY20238,1,3,0,13,0,1,0,0,0,0,4,1,6,1,26,6,114,1,1,-1,-1,-1
201501PY20238,2,9,0,14,0,1,0,0,0,0,3,1,6,2,28,6,998,1,1,-1,1,-1
201501PY20240,1,9,0,18,0,8,0,10,1,4,4,1,6,1,-1,-1,-1,-1,-1,-1,1,-1
201501PY20241,1,9,0,4,0,0,0,0,0,0,2,1,6,1,24,5,1596,1,5,-1,1,-1
201501PY20241,2,9,0,18,0,0,0,0,0,0,1,1,6,1,-1,-1,-1,-1,-1,-1,-1,-1
201501PY20242,1,9,0,7,0,8,0,0,0,0,4,1,6,1,26,6,1596,1,4,-1,1,-1
201501PY20242,2,1,0,18,0,8,0,0,0,0,1,1,6,1,34,6,-1,-1,-1,-1,1,-1
201501PY20243,1,9,0,18,0,8,0,0,0,0,4,1,6,1,73,10,1970,1,13,-1,1,-1
201501PY20243,2,9,0,7,0,8,0,0,0,0,3,1,6,1,-1,-1,-1,-1,-1,-1,-1,-1
201501PY20244,1,9,0,18,0,0,0,0,0,0,4,1,6,1,52,8,-1,-1,-1,-1,1,-1
201501PY20245,1,9,0,18,0,8,0,0,0,0,1,1,6,1,44,7,-1,-1,-1,-1,1,-1
201501PY20245,2,9,0,9,0,8,0,0,0,0,4,1,6,2,24,5,1242,1,4,-1,1,-1
201501PY20246,1,9,0,4,0,0,0,0,0,0,2,1,6,1,26,6,1761,1,16,-1,1,-1
201501PY20246,2,9,0,18,0,0,0,0,0,0,1,1,6,1,-1,-1,1896,2,19,-1,1,-1
201501PY20247,1,9,0,18,0,0,0,0,0,0,1,1,6,1,-1,-1,-1,-1,-1,-1,1,-1
201501PY20248,1,9,0,18,0,8,0,0,0,0,1,1,6,1,25,5,1997,1,8,-1,1,-1
201501PY20248,2,9,0,9,0,8,0,0,0,0,4,1,6,2,66,10,1596,1,13,-1,1,-1
201501PY20249,1,9,0,18,0,0,0,4,0,0,1,1,6,2,63,9,1995,1,15,-1,1,-1
201501PY20249,2,9,0,2,0,0,0,0,0,0,1,1,6,1,52,8,1997,2,10,-1,1,-1
201501PY20250,1,19,0,9,0,8,0,0,0,0,3,1,6,1,33,6,2198,2,5,-1,1,-1
201501PY20250,2,5,0,18,0,8,0,0,0,0,1,1,6,2,48,8,-1,-1,-1,-1,1,-1
201501PY20251,1,19,0,18,0,8,0,0,0,0,1,1,6,1,65,9,1753,2,12,-1,1,-1
201501PY20251,2,5,0,9,0,8,0,0,0,0,4,1,6,1,58,9,998,1,5,-1,1,-1
201501PY20252,1,9,0,18,0,0,0,0,0,0,4,1,6,2,38,7,1332,1,11,-1,1,-1
201501PY20253,1,9,0,18,0,8,0,0,0,0,1,1,6,2,28,6,1390,1,1,-1,1,-1
201501PY20253,2,9,0,2,0,8,0,0,0,0,3,1,6,1,51,8,1997,2,11,-1,1,-1
201501PY20253,3,9,0,2,0,8,0,0,0,0,2,1,6,1,-1,-1,-1,-1,-1,-1,-1,-1
201501PY20254,1,9,0,18,0,8,0,0,0,0,1,1,6,1,18,4,1242,1,11,-1,1,-1
201501PY20254,2,9,0,9,0,8,0,0,0,0,3,1,6,1,51,8,2099,1,11,-1,1,-1
201501PY20255,1,11,0,2,0,0,0,0,0,0,0,1,1,1,-1,-1,-1,-1,-1,-1,-1,-1
201501PY20256,1,9,0,9,0,8,0,0,0,0,4,1,6,1,38,7,1390,1,16,-1,1,-1
201501PY20256,2,1,0,18,0,8,0,0,0,0,1,1,6,1,30,6,-1,-1,-1,-1,-1,-1
201501PY20257,1,4,0,18,0,0,0,0,0,0,1,1,6,2,31,6,-1,-1,-1,-1,1,-1
201501PY20257,2,9,0,5,0,0,0,0,0,0,2,1,6,1,55,8,1988,1,14,-1,1,-1
201501PY20257,3,9,0,18,0,0,0,0,0,0,3,1,6,1,55,8,1686,2,4,-1,1,-1
201501PY20258,1,9,0,4,0,8,0,0,0,0,2,1,6,2,38,7,1598,1,10,-1,1,-1
201501PY20258,2,9,0,18,0,8,0,0,0,0,1,1,6,1,-1,-1,-1,-1,-1,-1,-1,-1
201501PY20259,1,9,0,6,0,8,0,0,0,0,3,1,6,1,26,6,1995,2,11,-1,1,-1
201501PY20259,2,5,0,18,0,8,0,0,0,0,1,1,6,1,25,5,749,1,19,-1,1,-1
201501PY20260,1,1,0,18,0,8,0,0,0,0,3,1,6,1,21,5,-1,-1,-1,-1,1,-1
201501PY20261,1,9,0,7,0,8,0,0,0,0,3,1,6,1,36,7,2171,1,12,-1,1,-1
201501PY20261,2,3,0,18,0,8,0,0,0,0,1,1,6,1,17,4,125,1,3,-1,-1,-1
201501PY20262,1,9,0,18,0,8,0,0,0,0,1,1,6,2,54,8,1598,1,6,-1,1,-1
201501PY20262,2,19,0,9,0,8,0,0,0,0,3,1,6,1,29,6,-1,-1,-1,-1,1,-1
201501PY20263,1,1,0,18,0,8,0,0,0,0,1,1,6,1,17,4,-1,-1,-1,-1,1,-1
201501PY20263,2,9,0,9,0,8,0,0,0,0,3,1,6,1,53,8,1969,2,1,-1,1,-1
201501PY20264,1,9,0,18,0,0,0,0,0,0,1,1,6,2,29,6,1360,1,13,-1,1,-1
201501PY20265,1,9,0,17,0,0,5,10,0,0,4,1,6,1,72,10,1951,2,9,-1,1,-1
201501PY20265,2,9,0,2,0,0,0,0,0,0,3,1,6,3,-1,-1,1596,1,5,-1,-1,-1
201501PY20266,1,9,0,18,0,0,0,4,0,0,4,1,6,2,55,8,1389,1,11,-1,1,-1
201501PY20266,2,9,0,2,0,0,0,0,0,0,3,1,6,1,20,4,1994,1,12,-1,-1,-1
201501PY20266,3,9,0,2,0,0,0,0,0,0,2,1,6,1,-1,-1,1749,1,12,-1,-1,-1
201501PY20267,1,9,0,18,0,0,0,0,0,0,4,1,6,1,-1,-1,-1,-1,-1,-1,-1,-1
201501PY20268,1,9,0,16,0,0,5,0,0,0,1,1,6,1,25,5,1339,8,5,-1,1,-1
201501PY20268,2,9,0,2,0,0,0,0,0,0,2,1,6,3,-1,-1,1587,1,15,-1,-1,-1
201501PY20269,1,11,0,18,0,8,0,0,0,0,4,1,1,1,46,8,6370,2,3,-1,-1,-1
201501PY20270,1,11,0,5,0,8,0,0,0,0,0,1,6,1,38,7,9000,2,9,-1,1,-1
201501PY20271,1,19,0,18,0,8,0,0,0,0,1,1,6,1,48,8,-1,-1,-1,-1,1,-1
201501PY20271,2,9,0,9,0,8,0,0,0,0,3,1,6,2,20,4,1242,1,10,-1,1,-1
201501PY20272,1,3,0,18,0,8,0,0,0,0,1,1,6,1,30,6,124,1,5,-1,1,-1
201501PY20272,2,9,0,9,0,8,0,0,0,0,4,1,6,2,38,7,2179,2,4,-1,1,-1
201501PY20273,1,5,0,18,0,8,0,0,0,0,1,1,6,1,21,5,649,1,16,-1,1,-1
201501PY20273,2,9,0,5,0,8,0,0,0,0,3,1,6,1,-1,-1,-1,-1,-1,-1,-1,-1
201501PY20274,1,9,0,18,0,8,0,0,0,0,1,1,6,1,-1,-1,-1,-1,-1,-1,1,-1
201501PY20274,2,9,0,4,0,8,0,0,0,0,2,1,6,2,35,6,-1,-1,-1,-1,1,-1
201501PY20275,1,9,0,18,0,8,0,10,1,2,4,1,6,2,74,10,1598,1,15,-1,1,-1
201501PY20276,1,9,0,9,0,8,0,0,0,0,3,1,6,1,-1,-1,-1,-1,-1,-1,-1,-1
201501PY20276,2,9,0,13,0,8,0,0,0,0,4,1,6,2,39,7,1596,1,9,-1,1,-1
201501PY20277,1,11,0,2,0,0,0,0,0,0,4,1,6,1,53,8,4500,2,4,-1,1,-1
201501PY20278,1,19,0,7,0,8,0,0,0,0,1,1,6,1,64,9,2198,2,4,-1,1,-1
201501PY20278,2,1,0,7,0,8,0,0,0,0,2,1,6,1,29,6,-1,-1,-1,-1,1,-1
201501PY20279,1,9,0,4,0,0,0,0,0,0,2,1,6,1,42,7,1197,1,-1,-1,1,-1
201501PY20279,2,9,0,18,0,0,0,0,0,0,1,1,6,1,48,8,1497,8,8,-1,1,-1
201501PY20282,1,9,0,5,0,0,0,0,0,0,3,1,6,2,-1,-1,1124,1,9,-1,-1,-1
201501PY20282,2,9,0,18,0,0,0,0,0,0,1,1,6,2,50,8,1248,2,4,-1,1,-1
201501PY20284,1,9,0,18,0,8,0,0,0,0,1,1,6,2,53,8,1598,1,4,-1,1,-1
201501PY20284,2,9,0,1,0,8,0,0,0,0,2,1,6,2,-1,-1,1596,1,2,-1,-1,-1
201501PY20285,1,9,0,18,0,8,0,0,0,0,1,1,6,1,25,5,-1,-1,-1,-1,1,-1
201501PY20285,2,9,0,9,0,8,0,0,0,0,1,1,6,2,51,8,1796,1,14,-1,1,-1
201501PY20286,1,9,0,10,0,8,0,0,0,0,4,1,6,2,66,10,1781,1,20,-1,2,-1
201501PY20286,2,19,0,18,0,8,0,0,0,0,3,1,6,1,50,8,1753,2,5,-1,3,-1
201501PY20287,1,9,0,18,0,8,0,0,0,0,1,1,6,2,19,4,1242,1,1,-1,1,-1
201501PY20287,2,9,0,9,0,8,0,0,0,0,4,1,6,1,76,11,1783,1,11,-1,1,-1
201501PY20288,1,9,0,5,0,0,0,0,0,0,3,1,1,1,48,8,-1,-1,-1,-1,-1,-1
201501PY20288,2,9,0,15,0,0,0,0,0,0,1,1,6,2,42,7,1598,2,4,-1,1,-1
201501PY20289,1,9,0,18,0,0,5,10,1,10,4,1,6,1,18,4,-1,-1,-1,-1,1,-1
201501PY20290,1,9,0,4,0,8,0,0,0,0,2,1,6,1,42,7,998,1,7,-1,1,-1
201501PY20290,2,9,0,18,0,8,0,0,0,0,1,1,6,1,46,8,-1,-1,-1,-1,1,-1
201501PY20291,1,9,0,18,0,8,0,0,0,0,4,1,1,1,50,8,-1,-1,-1,-1,1,-1
201501PY20292,1,9,0,9,0,2,0,0,0,0,3,1,6,1,20,4,1586,1,5,-1,1,-1
201501PY20293,1,9,0,4,0,0,0,0,0,0,2,1,6,1,21,5,2982,2,-1,-1,1,-1
201501PY20293,2,5,0,18,0,0,0,0,0,0,1,1,6,1,32,6,449,1,10,-1,1,-1
201501PY20294,1,9,0,6,0,0,0,0,0,0,4,1,6,1,30,6,1596,1,14,-1,1,-1
201501PY20294,2,3,0,18,0,0,0,0,0,0,1,1,6,1,23,5,124,1,7,-1,1,-1
201501PY20295,1,9,0,9,0,8,0,0,0,0,4,1,6,1,20,4,1753,2,7,-1,1,-1
201501PY20295,2,5,0,18,0,8,0,0,0,0,3,1,6,1,31,6,600,1,15,-1,1,-1
201501PY20296,1,11,0,7,0,8,0,0,0,0,0,1,6,1,41,7,-1,-1,-1,-1,-1,-1
201501PY20297,1,9,0,9,0,8,0,0,0,0,1,1,6,2,-1,-1,1796,1,15,-1,-1,-1
201501PY20299,1,9,0,5,0,8,0,0,0,0,3,1,6,1,-1,-1,973,1,12,-1,1,-1
201501PY20299,2,9,0,18,0,8,0,0,0,0,1,1,6,1,54,8,2435,1,12,-1,1,-1
201501PY20300,1,3,0,18,0,8,0,0,0,0,1,1,6,1,82,11,250,1,-1,-1,1,-1
201501PY20301,1,8,0,9,0,8,0,0,0,0,4,1,6,1,49,8,2402,2,9,-1,1,-1
201501PY20301,2,1,0,18,0,8,0,0,0,0,1,1,6,1,33,6,-1,-1,-1,-1,1,-1
201501PY20303,1,9,0,6,0,0,0,0,0,0,3,1,6,1,46,8,1997,2,13,-1,1,-1
201501PY20303,2,2,0,15,0,0,0,0,0,0,1,1,6,1,18,4,124,1,14,-1,1,-1
201501PY20303,3,2,0,15,0,0,0,0,0,0,1,1,6,1,22,5,-1,-1,-1,-1,1,-1
201501PY20304,1,9,0,18,0,8,0,0,0,0,1,1,6,2,46,8,1781,1,13,-1,1,-1
201501PY20304,2,9,0,18,0,8,0,0,0,0,1,1,6,1,-1,-1,-1,-1,-1,-1,-1,-1
201501PY20305,1,9,0,4,0,8,0,0,0,0,2,1,6,2,44,7,1240,1,11,-1,1,-1
201501PY20305,2,9,0,18,0,8,0,0,0,0,1,1,6,2,-1,-1,-1,-1,-1,-1,-1,-1
201501PY20306,1,20,0,18,0,8,0,4,0,0,4,1,6,1,42,7,-1,-1,-1,-1,1,-1
201501PY20306,2,9,0,2,0,8,0,0,0,0,3,1,6,2,31,6,1988,1,10,-1,1,-1
201501PY20307,1,9,0,18,0,0,0,4,0,0,1,1,6,1,72,10,4600,1,18,-1,1,-1
201501PY20307,2,19,0,2,0,0,0,0,0,0,3,1,6,1,-1,-1,2402,2,8,-1,-1,-1
201501PY20308,1,9,0,9,0,8,0,0,0,0,3,1,6,1,68,10,1598,1,6,-1,1,-1
201501PY20308,2,1,0,18,0,8,0,0,0,0,1,1,6,2,50,8,-1,-1,-1,-1,-1,-1
201501PY20309,1,1,0,18,0,8,0,0,0,0,4,1,6,1,36,7,-1,-1,-1,-1,1,-1
201501PY20309,2,9,0,9,0,8,0,0,0,0,3,1,6,2,26,6,1599,1,7,-1,1,-1
201501PY20310,1,3,0,18,0,8,0,0,0,0,1,1,6,1,22,5,-1,-1,-1,-1,1,-1
201501PY20311,1,3,0,18,0,8,0,0,0,0,1,1,6,1,33,6,125,1,7,-1,1,-1
201501PY20311,2,9,0,9,0,8,0,0,0,0,3,1,6,2,-1,-1,1598,1,11,-1,1,-1
201501PY20313,1,9,0,18,0,8,0,0,0,0,4,1,6,2,45,7,-1,-1,-1,-1,1,-1
201501PY20314,1,9,0,3,0,1,0,0,0,0,2,1,6,1,56,9,1968,2,7,-1,1,-1
201501PY20314,2,9,0,4,0,1,0,0,0,0,1,1,6,2,-1,-1,1999,1,10,-1,-1,-1
201501PY20315,1,9,0,9,0,8,0,0,0,0,1,1,6,1,32,6,1587,1,7,-1,1,-1
201501PY20315,2,3,0,18,0,8,0,0,0,0,1,1,6,1,45,7,330,1,1,-1,1,-1
201501PY20316,1,9,0,18,0,8,0,0,0,0,1,1,6,1,26,6,1461,2,7,-1,1,-1
201501PY20316,2,9,0,9,0,8,0,0,0,0,3,1,6,2,50,8,1397,1,8,-1,1,-1
201501PY20318,1,11,0,18,0,1,0,0,0,0,1,1,6,1,41,7,-1,-1,-1,-1,1,-1
201501PY20318,2,5,0,13,0,2,0,0,0,0,1,1,6,1,33,6,599,1,11,-1,1,-1
201501PY20319,1,9,0,9,0,8,0,0,0,0,1,1,6,2,38,7,-1,-1,-1,-1,1,-1
201501PY20319,2,5,0,18,0,8,0,0,0,0,1,1,6,1,39,7,649,1,5,-1,1,-1
201501PY20320,1,9,0,9,0,8,0,0,0,0,4,1,6,2,50,8,1388,1,6,-1,1,-1
201501PY20320,2,9,0,18,0,8,0,0,0,0,1,1,6,1,-1,-1,4461,2,1,-1,3,-1
201501PY20321,1,9,0,18,0,1,0,0,0,0,1,1,6,1,78,11,1598,1,8,-1,1,-1
201501PY20321,2,9,0,18,0,1,0,0,0,0,2,1,6,1,35,6,1968,2,5,-1,1,-1
201501PY20322,1,9,0,9,0,8,0,0,0,0,1,1,6,2,26,6,1198,1,4,-1,1,-1
201501PY20322,2,9,0,18,0,8,0,0,0,0,1,1,6,1,25,5,1796,1,6,-1,1,-1
201501PY20322,3,9,0,10,0,8,0,0,0,0,1,1,6,1,36,7,-1,-1,-1,-1,1,-1
201501PY20324,1,3,0,18,0,1,0,0,0,0,1,1,6,1,-1,-1,-1,-1,-1,-1,-1,-1
201501PY20325,1,19,0,18,0,8,0,0,0,0,1,1,6,1,31,6,1248,2,5,-1,1,-1
201501PY20325,2,19,0,9,0,8,0,0,0,0,4,1,6,1,40,7,2148,2,8,-1,1,-1
201501PY20327,1,9,0,9,0,8,0,0,0,0,1,1,6,1,21,5,1595,1,1,-1,1,-1
201501PY20327,2,9,0,18,0,8,0,0,0,0,1,1,6,1,33,6,1598,1,5,-1,1,-1
201501PY20327,3,19,0,10,0,8,0,0,0,0,3,1,6,1,31,6,1598,2,2,-1,1,-1
201501PY20328,1,9,0,18,0,8,0,0,0,0,1,1,6,1,28,6,-1,-1,-1,-1,-1,-1
201501PY20328,2,9,0,9,0,8,0,0,0,0,4,1,6,2,26,6,-1,-1,-1,-1,-1,-1
201501PY20329,1,9,0,9,0,8,0,0,0,0,3,1,6,1,21,5,1598,1,14,-1,1,-1
201501PY20329,2,9,0,18,0,8,0,0,0,0,1,1,6,2,31,6,989,1,16,-1,1,-1
201501PY20330,1,9,0,18,0,8,0,0,0,0,1,1,6,2,59,9,-1,-1,-1,-1,1,-1
201501PY20330,2,9,0,18,0,8,0,0,0,0,4,1,6,2,29,6,1598,2,4,-1,1,-1
201501PY20333,1,9,0,2,0,1,0,0,0,0,2,1,6,3,-1,-1,-1,-1,-1,-1,-1,-1
201501PY20333,2,9,0,18,0,1,0,0,0,0,1,1,6,1,61,9,1797,8,5,-1,1,-1
201501PY20334,1,9,0,3,0,0,0,0,0,0,2,1,6,2,48,8,-1,-1,-1,-1,1,-1
201501PY20334,2,9,0,3,0,0,0,0,0,0,2,1,6,1,45,7,-1,-1,-1,-1,2,-1
201501PY20334,3,9,0,18,0,0,0,0,0,0,1,1,6,3,-1,-1,-1,-1,-1,-1,-1,-1