Accident_Index,Vehicle_Reference,Vehicle_Type,Towing_and_Articulation,Vehicle_Manoeuvre,Vehicle_Location-Restricted_Lane,Junction_Location,Skidding_and_Overturning,Hit_Object_in_Carriageway,Vehicle_Leaving_Carriageway,Hit_Object_off_Carriageway,1st_Point_of_Impact,Was_Vehicle_Left_Hand_Drive?,Journey_Purpose_of_Driver,Sex_of_Driver,Age_of_Driver,Age_Band_of_Driver,Engine_Capacity_(CC),Propulsion_Code,Age_of_Vehicle,Driver_IMD_Decile,Driver_Home_Area_Type,Vehicle_IMD_Decile
201501PY20335,1,19,0,11,0,8,0,0,0,0,4,1,6,1,18,4,-1,-1,-1,-1,1,-1
201501PY20335,2,9,0,18,0,8,0,0,0,0,3,1,6,1,54,8,2993,2,4,-1,1,-1
201501PY20336,1,9,0,9,0,8,0,0,0,0,3,1,6,1,38,7,1686,2,4,-1,1,-1
201501PY20336,2,9,0,18,0,8,0,0,0,0,1,1,6,1,31,6,1910,2,7,-1,1,-1
201501PY20337,1,9,0,9,0,8,0,0,0,0,3,1,6,1,50,8,1398,1,3,-1,1,-1
201501PY20337,2,1,0,18,0,8,0,0,0,0,1,1,6,1,47,8,-1,-1,-1,-1,1,-1
201501PY20338,1,9,0,18,0,8,0,0,0,0,1,1,6,1,42,7,1995,2,2,-1,1,-1
201501PY20338,2,3,0,18,0,8,0,0,0,0,3,1,6,1,24,5,125,1,6,-1,1,-1
201501PY20339,1,9,0,18,0,8,0,0,0,0,4,1,6,1,26,6,-1,-1,-1,-1,1,-1
201501PY20340,1,3,0,18,0,8,0,0,0,0,1,1,6,1,22,5,-1,-1,-1,-1,1,-1
201501PY20340,2,9,0,5,0,8,0,0,0,0,3,1,6,1,-1,-1,-1,-1,-1,-1,-1,-1
201501PY20341,1,9,0,18,0,8,0,0,0,0,3,1,6,1,33,6,1390,1,8,-1,1,-1
201501PY20341,2,9,0,9,0,8,0,0,0,0,1,1,6,2,45,7,1968,2,10,-1,1,-1
201501PY20342,1,9,0,9,0,8,0,0,0,0,3,1,6,2,27,6,1388,1,3,-1,1,-1
201501PY20342,2,9,0,18,0,8,0,0,0,0,1,1,6,1,40,7,1998,2,4,-1,1,-1
201501PY20343,1,8,0,4,0,2,0,0,0,0,4,1,6,3,-1,-1,-1,-1,-1,-1,-1,-1
201501PY20344,1,3,0,18,0,8,0,0,0,0,0,1,6,2,22,5,102,1,-1,-1,1,-1
201501PY20345,1,11,0,4,0,1,0,0,0,0,0,1,1,1,27,6,6700,2,3,-1,1,-1
201501PY20346,1,9,0,18,0,1,0,0,0,0,4,1,6,2,39,7,1796,1,12,-1,1,-1
201501PY20348,1,9,0,1,0,0,0,0,0,0,2,1,6,1,-1,-1,-1,-1,-1,-1,-1,-1
201501PY20348,2,9,0,2,0,0,0,0,0,0,1,1,6,3,-1,-1,-1,-1,-1,-1,-1,-1
201501PY20348,3,9,0,2,0,0,0,0,0,0,2,1,6,3,-1,-1,-1,-1,-1,-1,-1,-1
201501PY20349,1,9,0,4,0,0,0,0,0,0,1,1,6,1,-1,-1,1596,1,4,-1,-1,-1
201501PY20349,2,19,0,3,0,0,0,0,0,0,2,1,6,1,26,6,1998,2,12,-1,1,-1
201501PY20350,1,9,0,3,0,1,0,0,0,0,2,1,6,2,34,6,2204,2,6,-1,1,-1
201501PY20350,2,9,0,3,0,1,0,0,0,0,2,1,6,2,33,6,1398,2,11,-1,1,-1
201501PY20350,3,5,0,18,0,1,0,0,0,0,1,1,6,1,23,5,-1,-1,-1,-1,1,-1
201501PY20351,1,9,0,1,0,8,0,0,0,0,2,1,6,1,74,10,1598,1,8,-1,1,-1
201501PY20351,2,9,0,18,0,8,0,0,0,0,1,1,6,1,-1,-1,1396,1,3,-1,1,-1
201501PY20352,1,9,0,9,0,8,0,0,0,0,1,1,6,1,44,7,1968,2,8,-1,1,-1
201501PY20352,2,1,0,18,0,8,0,0,0,0,3,1,6,1,14,3,-1,-1,-1,-1,1,-1
201501PY20353,1,1,0,18,0,0,0,0,0,0,3,1,6,1,5,1,-1,-1,-1,-1,-1,-1
201501PY20353,2,9,0,18,0,0,0,0,0,0,1,1,6,1,18,4,-1,-1,-1,-1,1,-1
201501PY20354,1,9,0,18,0,1,0,0,0,0,1,1,6,2,24,5,1229,1,8,-1,1,-1
201501PY20355,1,9,0,18,0,8,0,0,0,0,4,1,6,1,-1,-1,-1,-1,-1,-1,1,-1
201501PY20355,2,9,0,9,0,8,0,0,0,0,1,1,6,2,26,6,1560,2,10,-1,1,-1
201501PY20356,1,19,0,18,0,8,0,0,0,0,4,1,6,1,28,6,2198,2,6,-1,1,-1
201501PY20356,2,1,0,18,0,8,0,0,0,0,3,1,6,1,9,2,-1,-1,-1,-1,1,-1
201501PY20357,1,1,0,18,0,8,0,0,0,0,4,1,6,1,51,8,-1,-1,-1,-1,1,-1
201501PY20357,2,9,0,18,0,8,0,0,0,0,1,1,6,1,-1,-1,-1,-1,-1,-1,-1,-1
201501PY20358,1,11,0,18,0,8,0,0,0,0,1,1,1,1,41,7,-1,-1,-1,-1,1,-1
201501PY20358,2,9,0,11,0,8,0,0,0,0,4,1,6,2,66,10,1386,1,9,-1,1,-1
201501PY20359,1,19,0,18,0,8,0,0,0,0,1,1,6,1,35,6,1560,2,2,-1,1,-1
201501PY20359,2,9,0,9,0,8,0,0,0,0,4,1,6,1,22,5,1329,1,1,-1,1,-1
201501PY20360,1,8,0,9,0,8,0,0,0,0,3,1,6,1,55,8,2402,2,9,-1,1,-1
201501PY20360,2,3,0,18,0,8,0,0,0,0,1,1,6,1,18,4,-1,-1,-1,-1,1,-1
201501PY20361,1,1,0,18,0,8,0,0,0,0,4,1,6,1,53,8,-1,-1,-1,-1,1,-1
201501PY20361,2,19,0,7,0,8,0,0,0,0,3,1,6,1,-1,-1,-1,-1,-1,-1,-1,-1
201501PY20362,1,9,0,9,0,8,0,0,0,0,4,1,6,2,28,6,2143,2,1,-1,1,-1
201501PY20363,1,3,0,18,0,8,0,0,0,0,3,1,6,1,19,4,108,1,1,-1,1,-1
201501PY20364,1,9,0,18,0,8,0,0,0,0,1,1,6,1,20,4,-1,-1,-1,-1,1,-1
201501PY20364,2,9,0,4,0,8,0,0,0,0,2,1,6,1,68,10,-1,-1,-1,-1,1,-1
201501PY20364,3,9,0,4,0,8,0,0,0,0,2,1,6,2,46,8,1598,1,10,-1,1,-1
201501PY20365,1,2,0,18,0,8,0,9,0,0,1,1,6,1,46,8,125,1,13,-1,1,-1
201501PY20366,1,1,0,18,0,8,0,0,0,0,4,1,6,1,52,8,-1,-1,-1,-1,1,-1
201501PY20366,2,9,0,18,0,8,0,0,0,0,1,1,6,1,-1,-1,-1,-1,-1,-1,-1,-1
201501PY20367,1,8,0,9,0,8,0,0,0,0,3,1,6,1,70,10,2402,2,10,-1,-1,-1
201501PY20367,2,9,0,18,0,8,0,0,0,0,2,1,6,1,41,7,1796,1,7,-1,1,-1
201501PY20368,1,19,0,7,0,8,0,0,0,0,3,1,6,1,42,7,1968,2,5,-1,3,-1
201501PY20368,2,4,0,18,0,8,0,0,0,0,4,1,6,1,63,9,650,1,55,-1,1,-1
201501PY20369,1,9,0,18,0,8,0,0,0,0,1,1,6,2,22,5,1560,2,7,-1,1,-1
201501PY20369,2,9,0,9,0,8,0,0,0,0,4,1,6,1,20,4,1198,1,6,-1,1,-1
201501PY20370,1,9,0,18,0,8,0,0,0,0,1,1,6,2,23,5,1598,1,9,-1,1,-1
201501PY20370,2,9,0,5,0,8,0,0,0,0,1,1,6,1,-1,-1,1799,1,19,-1,-1,-1
201501PY20372,1,9,0,18,0,8,0,10,1,10,4,1,6,1,24,5,1364,1,8,-1,1,-1
201501PY20373,1,9,0,1,0,8,0,0,0,0,3,1,6,1,40,7,1749,1,14,-1,1,-1
201501PY20373,2,11,0,18,0,8,0,0,0,0,1,1,6,1,41,7,-1,-1,-1,-1,1,-1
201501PY20374,1,9,0,9,0,8,0,0,0,0,3,1,6,2,52,8,1299,1,14,-1,1,-1
201501PY20374,2,1,0,18,0,8,0,0,0,0,1,1,6,1,35,6,-1,-1,-1,-1,1,-1
201501PY20375,1,9,0,18,0,8,0,0,0,0,1,1,6,2,26,6,1242,1,18,-1,1,-1
201501PY20375,2,9,0,18,0,8,0,0,0,0,1,1,6,1,21,5,1796,1,12,-1,1,-1
201501PY20376,1,9,0,4,0,8,0,0,0,0,2,1,6,2,40,7,1461,2,3,-1,1,-1
201501PY20376,2,9,0,18,0,8,0,0,0,0,1,1,6,2,26,6,-1,-1,-1,-1,1,-1
201501PY20377,1,9,0,9,0,8,0,0,0,0,4,1,6,1,31,6,1198,1,2,-1,1,-1
201501PY20377,2,2,0,18,0,8,0,0,0,0,1,1,6,1,16,4,49,1,8,-1,1,-1
201501PY20378,1,9,0,18,0,8,0,0,0,0,4,1,6,2,42,7,2993,2,4,-1,1,-1
201501PY20379,1,9,0,18,0,0,5,0,2,10,4,1,6,2,31,6,-1,-1,-1,-1,1,-1
201501PY20380,1,9,0,18,0,8,0,0,0,0,1,1,6,1,42,7,1599,1,14,-1,1,-1
201501PY20380,2,9,0,4,0,8,0,0,0,0,2,1,6,2,42,7,1984,1,14,-1,1,-1
201501PY20381,1,9,0,18,0,8,0,0,0,0,1,1,6,1,33,6,1390,1,13,-1,1,-1
201501PY20381,2,3,0,9,0,8,0,0,0,0,4,1,6,1,-1,-1,125,1,1,-1,-1,-1
201501PY20382,1,5,0,3,0,1,0,0,0,0,2,1,6,1,24,5,-1,-1,-1,-1,3,-1
201501PY20382,2,9,0,18,0,1,0,0,0,0,1,1,6,2,-1,-1,1388,1,13,-1,-1,-1
201501PY20383,1,8,0,6,0,2,0,0,0,0,1,1,6,1,51,8,2499,2,8,-1,3,-1
201501PY20383,2,3,0,7,0,2,0,0,0,0,1,1,6,1,18,4,125,1,5,-1,1,-1
201501PY20384,1,11,0,7,0,8,0,0,0,0,1,1,1,1,51,8,-1,-1,-1,-1,1,-1
201501PY20385,1,11,0,4,0,0,0,0,0,0,0,1,1,1,-1,-1,-1,-1,-1,-1,-1,-1
201501PY20387,1,11,0,18,0,8,0,0,0,0,0,1,6,1,55,8,-1,-1,-1,-1,1,-1
201501PY20388,1,9,0,9,0,8,0,0,0,0,3,1,6,1,70,10,998,1,2,-1,3,-1
201501PY20388,2,9,0,18,0,8,0,0,0,0,1,1,6,1,-1,-1,-1,-1,-1,-1,3,-1
201501PY20389,1,9,0,4,0,0,0,0,0,0,2,1,6,1,75,10,1975,1,5,-1,3,-1
201501PY20389,2,9,0,18,0,0,0,0,0,0,1,1,6,2,53,8,1248,2,10,-1,1,-1
201501PY20390,1,9,0,1,0,0,0,0,0,0,2,1,6,1,62,9,1560,2,1,-1,1,-1
201501PY20391,1,19,0,18,0,8,0,0,0,0,1,1,6,1,52,8,1753,2,12,-1,1,-1
201501PY20391,2,9,0,18,0,8,0,0,0,0,1,1,6,1,50,8,2720,2,10,-1,1,-1
201501PY20391,3,9,0,5,0,8,0,0,0,0,0,1,6,1,46,8,2982,2,12,-1,1,-1
201501PY20392,1,9,0,2,0,0,0,0,0,0,3,1,6,1,46,8,1956,2,-1,-1,1,-1
201501PY20392,2,3,0,18,0,0,0,0,0,0,1,1,6,1,33,6,125,1,2,-1,1,-1
201501PY20393,1,5,0,18,0,0,0,0,0,0,1,1,6,1,54,8,1261,1,9,-1,1,-1
201501PY20393,2,9,0,3,0,0,0,0,0,0,2,1,6,1,36,7,-1,-1,-1,-1,1,-1
201501PY20393,3,9,0,1,0,0,0,0,0,0,2,1,6,1,30,6,-1,-1,-1,-1,1,-1
201501PY20394,1,9,0,18,0,8,0,10,1,2,4,1,6,2,19,4,-1,-1,-1,-1,1,-1
201501PY20395,1,9,0,4,0,8,0,0,0,0,2,1,6,2,29,6,1995,1,7,-1,1,-1
201501PY20395,2,9,0,18,0,8,0,0,0,0,1,1,6,1,52,8,1242,1,3,-1,1,-1
201501PY20396,1,9,0,18,0,8,0,0,0,0,3,1,6,1,-1,-1,-1,-1,-1,-1,1,-1
201501PY20396,2,1,0,18,0,8,0,0,0,0,4,1,6,1,54,8,-1,-1,-1,-1,1,-1
201501PY20397,1,9,0,18,0,8,0,0,0,0,1,1,6,1,62,9,1998,1,11,-1,1,-1
201501PY20397,2,9,0,9,0,8,0,0,0,0,4,1,6,2,42,7,1587,1,13,-1,1,-1
201501PY20398,1,9,0,9,0,8,0,0,0,0,4,1,6,2,30,6,1685,2,3,-1,1,-1
201501PY20398,2,9,0,7,0,8,0,0,0,0,3,1,6,1,28,6,1360,1,9,-1,1,-1
201501PY20399,1,1,0,18,0,8,0,0,0,0,1,1,6,1,48,8,-1,-1,-1,-1,1,-1
201501PY20399,2,9,0,7,0,8,0,0,0,0,4,1,6,1,-1,-1,973,1,13,-1,-1,-1
201501PY20400,1,9,0,4,0,8,0,0,0,0,2,1,6,2,36,7,1397,1,6,-1,1,-1
201501PY20400,2,9,0,18,0,8,0,0,0,0,1,1,6,2,-1,-1,1598,1,2,-1,-1,-1
201501PY20400,3,9,0,4,0,8,0,0,0,0,2,1,6,1,-1,-1,-1,-1,-1,-1,-1,-1
201501PY20401,1,9,0,7,0,8,0,0,0,0,3,1,6,1,52,8,1997,2,4,-1,1,-1
201501PY20401,2,1,0,18,0,8,0,0,0,0,1,1,6,2,28,6,-1,-1,-1,-1,1,-1
201501PY20402,1,9,0,18,0,0,0,0,0,0,1,1,6,2,-1,-1,-1,-1,-1,-1,1,-1
201501PY20402,2,9,0,1,0,0,0,0,0,0,2,1,6,2,-1,-1,1242,1,8,-1,-1,-1
201501PY20403,1,1,0,8,0,8,0,0,0,0,2,1,6,2,34,6,-1,-1,-1,-1,1,-1
201501PY20403,2,9,0,18,0,8,0,0,0,0,1,1,6,1,-1,-1,2148,2,7,-1,-1,-1
201501PY20404,1,1,0,18,0,0,0,0,0,0,1,1,6,1,40,7,-1,-1,-1,-1,-1,-1
201501PY20404,2,9,0,4,0,0,0,0,0,0,2,1,6,1,-1,-1,-1,-1,-1,-1,-1,-1
201501PY20405,1,9,0,18,0,8,0,0,0,0,1,1,6,1,36,7,1992,2,7,-1,1,-1
201501PY20405,2,9,0,18,0,8,0,0,0,0,4,1,6,1,35,6,-1,-1,-1,-1,1,-1
201501PY20406,1,9,0,9,0,8,0,0,0,0,3,1,6,2,61,9,2995,1,13,-1,1,-1
201501PY20406,2,5,0,18,0,8,0,0,0,0,1,1,6,1,46,8,499,1,16,-1,1,-1
201501PY20407,1,9,0,9,0,8,0,7,0,0,1,1,6,1,38,7,1598,1,8,-1,1,-1
201501PY20408,1,9,0,18,0,0,0,10,1,3,4,1,6,1,82,11,1598,1,5,-1,1,-1
201501PY20409,1,9,0,4,0,8,0,0,0,0,2,1,6,1,55,8,-1,-1,-1,-1,1,-1
201501PY20409,2,9,0,18,0,8,0,0,0,0,1,1,6,1,26,6,1856,2,5,-1,1,-1
201501PY20410,1,9,0,10,0,8,0,0,0,0,2,1,6,2,41,7,1598,1,2,-1,1,-1
201501PY20410,2,9,0,18,0,8,0,0,0,0,1,1,6,1,-1,-1,-1,-1,-1,-1,-1,-1
201501PY20411,1,1,0,18,0,8,0,0,0,0,2,1,6,1,46,8,-1,-1,-1,-1,1,-1
201501PY20411,2,9,0,18,0,8,0,0,0,0,1,1,6,1,-1,-1,-1,-1,-1,-1,-1,-1
201501PY20412,1,3,0,18,0,0,0,10,0,0,4,1,6,1,29,6,998,1,6,-1,1,-1
201501PY20413,1,9,0,7,0,8,0,0,0,0,3,1,6,2,35,6,1598,1,12,-1,1,-1
201501PY20413,2,1,0,18,0,8,0,0,0,0,1,1,6,1,-1,-1,-1,-1,-1,-1,-1,-1
201501PY20414,1,9,0,18,0,8,0,0,0,0,3,1,6,2,53,8,1796,1,16,-1,1,-1
201501PY20414,2,1,0,9,0,8,0,0,0,0,4,1,6,1,32,6,-1,-1,-1,-1,1,-1
201501PY20415,1,9,0,5,0,0,0,0,0,0,3,1,6,2,40,7,1595,1,12,-1,1,-1
201501PY20415,2,3,0,18,0,0,0,0,0,0,1,1,6,1,28,6,124,1,7,-1,1,-1
201501PY20416,1,3,0,18,0,0,0,0,0,0,3,1,6,1,22,5,125,1,-1,-1,1,-1
201501PY20417,1,9,0,18,0,8,0,0,0,0,1,1,6,1,55,8,1596,1,11,-1,1,-1
201501PY20417,2,9,0,9,0,8,0,0,0,0,4,1,6,1,74,10,1798,1,7,-1,1,-1
201501PY20418,1,9,0,5,0,0,0,0,0,0,4,1,6,1,28,6,4163,1,2,-1,1,-1
201501PY20419,1,9,0,18,0,0,0,0,0,0,1,1,6,1,22,5,-1,-1,-1,-1,1,-1
201501PY20419,2,9,0,18,0,0,0,0,0,0,1,1,6,1,38,7,1984,1,14,-1,-1,-1
201501PY20419,3,9,0,18,0,0,1,0,0,0,1,1,6,2,29,6,1598,1,15,-1,1,-1
201501PY20419,4,9,0,4,0,0,0,0,0,0,2,1,6,1,52,8,1299,1,12,-1,1,-1
201501PY20419,5,9,0,4,0,0,0,0,0,0,3,1,6,1,75,10,2143,2,3,-1,1,-1
201501PY20421,1,1,0,9,0,8,0,0,0,0,4,1,6,1,52,8,-1,-1,-1,-1,1,-1
201501PY20421,2,9,0,18,0,8,0,0,0,0,1,1,6,1,18,4,1360,1,9,-1,1,-1
201501PY20422,1,3,0,18,0,8,0,0,0,0,3,1,6,1,19,4,124,1,-1,-1,2,-1
201501PY20422,2,9,0,9,0,8,0,0,0,0,1,1,6,2,44,7,1560,2,8,-1,1,-1
201501PY20423,1,9,0,18,0,0,0,0,0,0,3,1,6,2,32,6,1968,2,-1,-1,1,-1
201501PY20423,2,9,0,18,0,0,0,0,0,0,3,1,6,2,47,8,1956,2,1,-1,1,-1
201501PY20425,1,9,0,4,0,8,0,0,0,0,2,1,6,1,48,8,1984,1,1,-1,1,-1
201501PY20425,2,9,0,18,0,8,0,0,0,0,1,1,6,1,41,7,1968,2,2,-1,1,-1
201501PY20425,3,9,0,4,0,8,0,0,0,0,2,1,6,2,50,8,1299,1,11,-1,1,-1
201501PY20426,1,1,0,18,0,8,0,0,0,0,3,1,6,1,42,7,-1,-1,-1,-1,1,-1
201501PY20426,2,9,0,15,0,8,0,0,0,0,4,1,6,1,-1,-1,-1,-1,-1,-1,-1,-1
201501PY20427,1,9,0,9,0,8,0,0,0,0,3,1,6,1,32,6,1686,2,4,-1,1,-1
201501PY20427,2,9,0,18,0,8,0,0,0,0,1,1,6,1,68,10,-1,-1,-1,-1,1,-1
201501PY20428,1,9,0,18,0,8,0,0,0,0,2,1,6,2,43,7,1796,1,6,-1,1,-1
201501PY20428,2,2,0,18,0,8,0,0,0,0,1,1,6,1,21,5,124,1,6,-1,1,-1
201501PY20429,1,9,0,18,0,0,0,0,0,0,1,1,6,2,46,8,-1,-1,-1,-1,1,-1
201501PY20429,2,9,0,4,0,0,0,0,0,0,2,1,6,1,70,10,1783,1,14,-1,1,-1
201501PY20429,3,9,0,4,0,0,0,0,0,0,2,1,6,2,38,7,1390,1,6,-1,1,-1
201501PY20430,1,9,0,4,0,8,0,0,0,0,2,1,6,1,42,7,-1,-1,-1,-1,3,-1
201501PY20430,2,9,0,18,0,8,0,0,0,0,1,1,6,2,30,6,-1,-1,-1,-1,1,-1
201501PY20431,1,11,0,18,0,8,0,0,0,0,4,1,6,1,51,8,4250,2,4,-1,1,-1
201501PY20431,2,9,0,7,0,8,0,0,0,0,3,1,6,1,46,8,-1,-1,-1,-1,1,-1
201501PY20432,1,9,0,9,0,8,0,0,0,0,4,1,6,1,19,4,1461,2,-1,-1,1,-1
201501PY20432,2,9,0,18,0,8,0,0,0,0,1,1,6,1,45,7,-1,-1,-1,-1,1,-1
201501PY20433,1,9,0,4,0,8,0,0,0,0,2,1,6,1,31,6,1598,1,12,-1,1,-1
201501PY20433,2,9,0,18,0,8,0,0,0,0,1,1,6,1,-1,-1,-1,-1,-1,-1,-1,-1
201501PY20434,1,9,0,18,0,0,0,10,1,4,4,1,6,1,19,4,1995,2,10,-1,1,-1
201501PY20435,1,9,0,5,0,0,0,0,0,0,3,1,6,1,50,8,-1,-1,-1,-1,1,-1
201501PY20436,1,9,0,18,0,8,0,0,0,0,1,1,6,2,24,5,3200,2,10,-1,1,-1
201501PY20436,2,3,0,9,0,8,0,0,0,0,4,1,6,1,16,4,124,1,7,-1,1,-1
201501PY20437,1,9,0,4,0,0,0,0,0,0,2,1,6,1,46,8,2164,1,20,-1,1,-1
201501PY20437,2,9,0,18,0,0,0,0,0,0,1,1,6,1,29,6,1796,1,7,-1,1,-1
201501PY20438,1,9,0,18,0,0,0,0,0,0,4,1,6,1,52,8,-1,-1,-1,-1,1,-1
201501PY20439,1,21,0,18,0,8,0,0,0,0,1,1,6,1,43,7,6374,2,1,-1,1,-1
201501PY20439,2,9,0,10,0,8,0,0,0,0,2,1,6,2,41,7,1242,1,1,-1,1,-1
201501PY20439,3,11,0,3,0,8,0,0,0,0,1,1,6,1,58,9,4500,2,1,-1,1,-1
201501PY20440,1,9,0,9,0,8,0,0,0,0,4,1,6,2,42,7,1796,1,12,-1,1,-1
201501PY20440,2,9,0,12,0,8,0,0,0,0,3,1,6,1,20,4,2400,1,10,-1,1,-1
201501PY20441,1,2,0,18,0,0,0,0,0,0,4,1,6,2,-1,-1,-1,-1,-1,-1,-1,-1
201501PY20442,1,19,0,18,0,0,0,0,0,0,1,1,6,1,38,7,1968,2,-1,-1,1,-1
201501PY20442,2,9,0,12,0,0,0,0,0,0,1,1,6,2,-1,-1,1242,1,5,-1,1,-1
201501PY20442,3,9,0,2,0,0,0,0,0,0,3,1,6,1,38,7,1368,1,6,-1,1,-1
201501PY20444,1,9,0,15,0,8,0,0,0,0,4,1,6,1,44,7,1590,1,12,-1,1,-1
201501PY20444,2,1,0,9,0,8,0,0,0,0,3,1,6,1,76,11,-1,-1,-1,-1,1,-1
201501PY20445,1,9,0,18,0,8,0,0,0,0,4,1,6,1,78,11,1242,1,7,-1,1,-1
201501PY20446,1,9,0,18,0,8,0,0,0,0,4,1,6,1,19,4,-1,-1,-1,-1,1,-1
201501PY20446,2,9,0,9,0,8,0,0,0,0,3,1,6,1,46,8,-1,-1,-1,-1,1,-1
201501PY20447,1,9,0,9,0,8,0,0,0,0,3,1,6,1,64,9,-1,-1,-1,-1,1,-1
201501PY20448,1,11,0,4,0,8,0,0,0,0,0,1,1,1,55,8,-1,-1,-1,-1,1,-1
201501PY20449,1,9,0,18,0,0,0,7,0,0,3,1,6,1,60,9,1988,1,13,-1,1,-1
201501PY20450,1,9,0,18,0,0,0,4,0,0,4,1,6,2,42,7,1493,1,16,-1,-1,-1
201501PY20450,2,11,0,2,0,0,0,0,0,0,3,1,6,1,46,8,4500,2,7,-1,1,-1
201501PY20451,1,9,0,4,0,0,0,0,0,0,2,1,6,2,35,6,1995,2,8,-1,1,-1
201501PY20451,2,9,0,18,0,0,0,0,0,0,1,1,6,1,55,8,1686,2,4,-1,1,-1
201501PY20452,1,1,0,18,0,8,0,0,0,0,1,1,6,1,45,7,-1,-1,-1,-1,1,-1
201501PY20452,2,9,0,7,0,8,0,0,0,0,4,1,6,1,-1,-1,2720,2,9,-1,-1,-1
201501PY20453,1,1,0,18,0,0,0,0,0,0,1,1,6,1,55,8,-1,-1,-1,-1,1,-1
201501PY20453,2,9,0,5,0,0,0,0,0,0,3,1,6,1,73,10,2179,2,3,-1,1,-1
201501PY20454,1,9,0,18,0,8,0,0,0,0,1,1,6,1,45,7,-1,-1,-1,-1,1,-1
201501PY20454,2,2,0,18,0,8,0,0,0,0,3,1,6,1,19,4,114,1,1,-1,1,-1
201501PY20455,1,9,0,18,0,0,0,0,0,0,4,1,6,2,30,6,1349,1,6,-1,1,-1
201501PY20456,1,9,0,9,0,8,0,0,0,0,4,1,6,1,86,11,1896,2,10,-1,1,-1
201501PY20456,2,9,0,18,0,8,0,0,0,0,1,1,6,2,28,6,1984,1,13,-1,1,-1
201501PY20457,1,5,0,18,0,8,0,0,0,0,1,1,6,1,30,6,583,1,14,-1,1,-1
201501PY20457,2,9,0,9,0,8,0,0,0,0,4,1,6,2,40,7,1595,1,2,-1,1,-1
201501PY20458,1,9,0,9,0,8,0,0,0,0,4,1,6,2,18,4,-1,-1,-1,-1,1,-1
201501PY20458,2,9,0,18,0,8,0,0,0,0,1,1,6,2,34,6,998,1,5,-1,1,-1
201501PY20459,1,11,0,18,0,8,0,0,0,0,3,1,6,1,55,8,-1,-1,-1,-1,1,-1
201501PY20459,2,1,0,9,0,8,0,0,0,0,3,1,6,1,-1,-1,-1,-1,-1,-1,1,-1
201501PY20460,1,3,0,18,0,8,0,0,0,0,3,1,6,1,17,4,-1,-1,-1,-1,1,-1
201501PY20461,1,11,0,18,0,8,0,0,0,0,1,1,1,1,-1,-1,6696,2,2,-1,1,-1
201501PY20461,2,9,0,4,0,8,0,0,0,0,2,1,6,2,65,9,1339,1,5,-1,1,-1
201501PY20462,1,9,0,18,0,0,0,0,0,0,3,1,6,2,-1,-1,1997,2,16,-1,1,-1
201501PY20462,2,9,0,18,0,0,0,0,0,0,3,1,6,1,75,10,1796,1,5,-1,1,-1
201501PY20463,1,9,0,9,0,8,0,0,0,0,4,1,6,2,33,6,1560,2,4,-1,1,-1
201501PY20463,2,9,0,18,0,8,0,0,0,0,1,1,6,2,-1,-1,1995,2,1,-1,1,-1
201501PY20464,1,11,0,18,0,0,0,10,1,2,4,1,6,1,46,8,6700,2,9,-1,1,-1
201501PY20465,1,9,0,7,0,8,0,0,0,0,2,1,6,1,31,6,-1,-1,-1,-1,1,-1
201501PY20465,2,20,0,7,0,8,0,0,0,0,3,1,6,1,-1,-1,2402,2,7,-1,-1,-1
201501PY20466,1,9,0,18,0,0,0,10,1,4,4,1,6,2,33,6,-1,-1,-1,-1,1,-1
201501PY20466,2,9,0,2,0,0,0,0,0,0,2,1,6,2,40,7,2179,2,3,-1,3,-1
201501PY20467,1,9,0,18,0,8,0,0,0,0,1,1,6,1,21,5,1198,1,13,-1,1,-1
201501PY20467,2,9,0,3,0,8,0,0,0,0,2,1,6,1,-1,-1,-1,-1,-1,-1,-1,-1
201501PY20468,1,2,0,18,0,0,0,0,0,0,0,1,6,1,16,4,49,1,2,-1,-1,-1
201501PY20469,1,1,0,18,0,8,0,10,0,0,3,1,6,1,15,3,-1,-1,-1,-1,-1,-1
201501PY20470,1,9,0,7,0,8,0,0,0,0,3,1,6,1,55,8,1598,1,4,-1,1,-1
201501PY20470,2,9,0,11,0,8,0,0,0,0,4,1,6,2,-1,-1,-1,-1,-1,-1,-1,-1
201501PY20471,1,3,0,4,0,0,0,10,0,0,4,1,6,1,17,4,1085,1,17,-1,1,-1
201501PY20472,1,9,0,18,0,8,0,0,0,0,4,1,6,1,20,4,1600,1,17,-1,1,-1
201501PY20472,2,9,0,18,0,8,0,0,0,0,1,1,6,1,-1,-1,1796,1,9,-1,1,-1
201501PY20473,1,9,0,7,0,8,0,0,0,0,3,1,6,1,25,5,1595,1,1,-1,1,-1
201501PY20473,2,20,0,18,0,8,0,0,0,0,1,1,6,1,26,6,-1,-1,-1,-1,-1,-1
201501PY20474,1,9,0,9,0,8,0,0,0,0,4,1,6,1,32,6,1600,1,15,-1,1,-1
201501PY20474,2,4,0,18,0,8,0,0,0,0,1,1,6,1,54,8,279,1,3,-1,-1,-1
201501PY20475,1,9,0,9,0,8,0,0,0,0,3,1,6,2,42,7,1596,1,9,-1,1,-1
201501PY20475,2,3,0,18,0,8,0,0,0,0,1,1,6,1,48,8,123,1,33,-1,1,-1
201501PY20476,1,9,0,4,0,8,0,0,0,0,2,1,6,2,46,8,1685,2,2,-1,1,-1
201501PY20476,2,9,0,4,0,8,0,0,0,0,2,1,6,1,50,8,1968,2,6,-1,1,-1
201501PY20476,3,9,0,18,0,8,0,0,0,0,1,1,6,1,-1,-1,-1,-1,-1,-1,-1,-1
201501PY20477,1,9,0,4,0,8,0,0,0,0,2,1,6,1,44,7,1596,1,8,-1,1,-1
201501PY20477,2,9,0,18,0,8,0,0,0,0,1,1,6,1,48,8,1560,2,1,-1,1,-1
201501PY20478,1,9,0,18,0,0,0,0,0,0,1,1,6,1,22,5,-1,-1,-1,-1,1,-1