Accident_Index,Vehicle_Reference,Vehicle_Type,Towing_and_Articulation,Vehicle_Manoeuvre,Vehicle_Location-Restricted_Lane,Junction_Location,Skidding_and_Overturning,Hit_Object_in_Carriageway,Vehicle_Leaving_Carriageway,Hit_Object_off_Carriageway,1st_Point_of_Impact,Was_Vehicle_Left_Hand_Drive?,Journey_Purpose_of_Driver,Sex_of_Driver,Age_of_Driver,Age_Band_of_Driver,Engine_Capacity_(CC),Propulsion_Code,Age_of_Vehicle,Driver_IMD_Decile,Driver_Home_Area_Type,Vehicle_IMD_Decile
201501PY20478,2,9,0,4,0,0,0,0,0,0,2,1,6,1,25,5,1997,2,14,-1,1,-1
201501PY20479,1,3,0,13,0,8,0,0,0,0,4,1,6,2,39,7,-1,-1,-1,-1,1,-1
201501PY20479,2,9,0,9,0,8,0,0,0,0,3,1,6,1,35,6,-1,-1,-1,-1,1,-1
201501PY20480,1,3,0,15,0,8,0,0,0,0,4,1,6,1,26,6,748,1,9,-1,1,-1
201501PY20480,2,9,0,9,0,8,0,0,0,0,3,1,6,1,61,9,2148,2,11,-1,1,-1
201501PY20481,1,9,0,18,0,8,0,0,0,0,1,1,6,1,86,11,1171,1,15,-1,1,-1
201501PY20481,2,9,0,2,0,8,0,0,0,0,1,1,6,2,40,7,1595,1,6,-1,1,-1
201501PY20482,1,9,0,18,0,0,0,0,0,0,4,1,6,2,-1,-1,1240,1,7,-1,1,-1
201501PY20482,2,19,0,5,0,0,0,0,0,0,3,1,6,1,30,6,2402,2,10,-1,1,-1
201501PY20483,1,19,0,18,0,8,0,0,0,0,1,1,6,1,22,5,2198,2,3,-1,1,-1
201501PY20483,2,9,0,6,0,8,0,0,0,0,4,1,6,1,-1,-1,-1,-1,-1,-1,-1,-1
201501PY20484,1,9,0,9,0,8,0,0,0,0,3,1,6,2,19,4,998,1,7,-1,1,-1
201501PY20484,2,9,0,18,0,8,0,0,0,0,1,1,6,2,42,7,2435,1,13,-1,1,-1
201501PY20485,1,9,0,9,0,8,0,0,0,0,3,1,6,2,26,6,1596,1,8,-1,1,-1
201501PY20485,2,3,0,15,0,8,0,0,0,0,1,1,6,1,36,7,124,1,-1,-1,1,-1
201501PY20486,1,3,0,18,0,8,0,0,0,0,1,1,6,1,-1,-1,-1,-1,-1,-1,1,-1
201501PY20486,2,9,0,9,0,8,0,0,0,0,4,1,6,1,-1,-1,-1,-1,-1,-1,-1,-1
201501PY20487,1,11,0,16,0,0,0,4,1,10,3,1,6,1,42,7,9000,2,12,-1,1,-1
201501PY20487,2,9,0,17,0,0,0,0,0,0,3,1,6,2,30,6,2521,1,9,-1,1,-1
201501PY20487,3,9,0,2,0,0,0,0,0,0,2,1,6,1,46,8,1798,1,1,-1,1,-1
201501PY20488,1,1,0,18,0,8,0,0,0,0,1,1,6,1,22,5,-1,-1,-1,-1,1,-1
201501PY20488,2,9,0,9,0,8,0,0,0,0,4,1,6,1,-1,-1,-1,-1,-1,-1,1,-1
201501PY20489,1,11,0,18,0,1,0,0,0,0,3,1,6,1,44,7,6700,2,1,-1,1,-1
201501PY20490,1,9,0,18,0,0,0,0,0,0,4,1,6,1,85,11,1796,1,13,-1,1,-1
201501PY20491,1,5,0,18,0,8,0,0,0,0,1,1,6,1,25,5,599,1,2,-1,1,-1
201501PY20491,2,9,0,9,0,8,0,0,0,0,4,1,6,1,-1,-1,1598,1,10,-1,-1,-1
201501PY20492,1,9,0,5,0,8,0,0,0,0,4,1,6,2,30,6,-1,-1,-1,-1,-1,-1
201501PY20493,1,20,0,18,0,8,0,0,0,0,4,1,6,1,44,7,-1,-1,-1,-1,1,-1
201501PY20494,1,11,0,4,0,8,0,0,0,0,0,1,1,2,50,8,9200,2,12,-1,-1,-1
201501PY20495,1,9,0,18,0,8,0,0,0,0,1,1,6,1,63,9,1997,2,8,-1,1,-1
201501PY20495,2,9,0,4,0,8,0,0,0,0,2,1,6,1,21,5,-1,-1,-1,-1,1,-1
201501PY20496,1,9,0,18,0,0,0,0,0,0,4,1,6,2,49,8,1596,1,4,-1,1,-1
201501PY20497,1,9,0,9,0,8,0,0,0,0,3,1,6,2,63,9,1242,1,3,-1,1,-1
201501PY20497,2,5,0,18,0,8,0,0,0,0,1,1,6,1,26,6,599,1,15,-1,1,-1
201501PY20498,1,9,0,9,0,8,0,0,0,0,3,1,6,2,18,4,995,1,3,-1,1,-1
201501PY20498,2,9,0,18,0,8,0,0,0,0,1,1,6,1,-1,-1,-1,-1,-1,-1,1,-1
201501PY20499,1,9,0,18,0,8,0,0,0,0,4,1,6,1,40,7,1560,2,2,-1,1,-1
201501PY20500,1,9,0,18,0,0,0,0,0,0,1,1,6,1,-1,-1,1390,1,7,-1,-1,-1
201501PY20501,1,9,0,15,0,0,0,0,0,0,4,1,6,2,46,8,1598,1,12,-1,1,-1
201501PY20501,2,1,0,18,0,0,0,0,0,0,3,1,6,1,36,7,-1,-1,-1,-1,1,-1
201501PY20502,1,9,0,18,0,8,0,0,0,0,3,1,6,2,24,5,1242,1,5,-1,1,-1
201501PY20502,2,9,0,18,0,8,0,0,0,0,4,1,6,1,24,5,1248,2,4,-1,1,-1
201501PY20503,1,9,0,9,0,8,0,0,0,0,4,1,6,1,28,6,999,1,8,-1,1,-1
201501PY20503,2,1,0,18,0,8,0,0,0,0,1,1,6,1,53,8,-1,-1,-1,-1,1,-1
201501PY20504,1,9,0,3,0,0,0,0,0,0,1,1,6,2,22,5,-1,-1,-1,-1,1,-1
201501PY20504,2,9,0,1,0,0,0,0,0,0,2,1,6,1,-1,-1,-1,-1,-1,-1,-1,-1
201501PY20505,1,9,0,18,0,8,0,0,0,0,4,1,6,1,-1,-1,-1,-1,-1,-1,-1,-1
201501PY20506,1,9,0,6,0,8,0,0,0,0,4,1,6,2,36,7,1242,1,19,-1,1,-1
201501PY20506,2,9,0,18,0,8,0,0,0,0,1,1,6,1,21,5,1997,2,3,-1,1,-1
201501PY20507,1,9,0,18,0,0,0,10,1,2,4,1,6,1,-1,-1,1598,1,10,-1,-1,-1
201501PY20508,1,9,0,18,0,0,0,10,1,10,1,1,6,1,75,10,1590,1,16,-1,1,-1
201501PY20509,1,9,0,6,0,8,0,0,0,0,2,1,6,1,-1,-1,998,1,2,-1,1,-1
201501PY20509,2,3,0,18,0,8,0,0,0,0,1,1,6,1,34,6,-1,-1,-1,-1,-1,-1
201501PY20510,1,9,0,8,0,8,0,0,0,0,2,1,6,1,24,5,1397,1,8,-1,1,-1
201501PY20510,2,9,0,18,0,8,0,0,0,0,1,1,6,1,-1,-1,-1,-1,-1,-1,-1,-1
201501PY20511,1,2,0,18,0,8,0,0,0,0,1,1,6,1,61,9,124,1,6,-1,1,-1
201501PY20511,2,9,0,5,0,8,0,0,0,0,3,1,6,1,21,5,1596,1,8,-1,1,-1
201501PY20512,1,9,0,6,0,0,0,0,0,0,3,1,6,1,63,9,1988,1,12,-1,1,-1
201501PY20512,2,2,0,18,0,0,0,0,0,0,1,1,6,1,22,5,124,1,2,-1,1,-1
201501PY20513,1,9,0,5,0,8,0,0,0,0,3,1,6,2,-1,-1,-1,-1,-1,-1,-1,-1
201501PY20513,2,1,0,18,0,8,0,0,0,0,1,1,6,1,38,7,-1,-1,-1,-1,1,-1
201501PY20514,1,3,0,9,0,8,0,0,0,0,4,1,6,1,38,7,-1,-1,-1,-1,1,-1
201501PY20515,1,9,0,3,0,0,0,0,0,0,1,1,6,2,19,4,-1,-1,-1,-1,1,-1
201501PY20515,2,9,0,1,0,0,0,0,0,0,2,1,6,1,-1,-1,-1,-1,-1,-1,-1,-1
201501PY20516,1,9,0,2,0,8,0,0,0,0,3,1,6,2,-1,-1,1398,1,4,-1,-1,-1
201501PY20516,2,9,0,18,0,8,0,0,0,0,4,1,6,1,71,10,3498,1,12,-1,1,-1
201501PY20517,1,5,0,18,0,0,0,0,0,0,3,1,6,1,21,5,108,1,1,-1,-1,-1
201501PY20518,1,9,0,9,0,8,0,0,0,0,4,1,6,2,29,6,-1,-1,-1,-1,1,-1
201501PY20518,2,9,0,18,0,8,0,0,0,0,1,1,6,1,36,7,-1,-1,-1,-1,1,-1
201501PY20520,1,9,0,18,0,0,0,10,1,3,4,1,6,1,30,6,1985,1,14,-1,-1,-1
201501PY20521,1,9,0,7,0,8,0,0,0,0,1,1,6,1,22,5,-1,-1,-1,-1,1,-1
201501PY20521,2,9,0,9,0,8,0,0,0,0,1,1,6,2,38,7,1753,2,6,-1,1,-1
201501PY20521,3,9,0,3,0,8,0,0,0,0,1,1,6,2,45,7,1598,2,-1,-1,1,-1
201501PY20522,1,19,0,18,0,8,0,0,0,0,2,1,6,1,30,6,1997,2,9,-1,-1,-1
201501PY20522,2,9,0,18,0,8,0,0,0,0,3,1,6,2,48,8,2184,2,13,-1,1,-1
201501PY20522,3,9,0,7,0,8,0,0,0,0,1,1,6,1,21,5,1796,1,12,-1,1,-1
201501PY20523,1,9,0,9,0,8,0,0,0,0,4,1,6,2,28,6,1364,1,7,-1,1,-1
201501PY20523,2,1,0,18,0,8,0,0,0,0,1,1,6,1,42,7,-1,-1,-1,-1,1,-1
201501PY20524,1,9,0,9,0,8,0,0,0,0,4,1,6,1,36,7,1598,1,14,-1,1,-1
201501PY20524,2,5,0,18,0,8,0,0,0,0,1,1,6,1,36,7,599,1,4,-1,1,-1
201501PY20526,1,9,0,18,0,0,0,0,0,0,1,1,6,1,-1,-1,-1,-1,-1,-1,1,-1
201501PY20526,2,9,0,18,0,0,0,0,0,0,2,1,6,2,26,6,1242,1,1,-1,1,-1
201501PY20527,1,9,0,18,0,2,0,7,0,0,1,1,6,1,45,7,-1,-1,-1,-1,1,-1
201501PY20528,1,9,0,18,0,8,0,0,0,0,1,1,6,1,-1,-1,-1,-1,-1,-1,-1,-1
201501PY20529,1,9,0,9,0,8,0,0,0,0,4,1,6,2,36,7,1242,1,5,-1,1,-1
201501PY20529,2,9,0,18,0,8,0,0,0,0,1,1,6,1,-1,-1,-1,-1,-1,-1,1,-1
201501PY20530,1,1,0,18,0,0,0,0,0,0,1,1,6,1,-1,-1,-1,-1,-1,-1,1,-1
201501PY20530,2,9,0,2,0,0,0,0,0,0,3,1,6,1,-1,-1,1997,2,7,-1,-1,-1
201501PY20531,1,9,0,2,0,0,0,0,0,0,3,1,6,2,42,7,1968,2,1,-1,1,-1
201501PY20531,2,1,0,18,0,0,0,0,0,0,1,1,6,1,45,7,-1,-1,-1,-1,1,-1
201501PY20532,1,9,0,18,0,8,0,0,0,0,2,1,6,1,33,6,1968,2,9,-1,-1,-1
201501PY20532,2,9,0,18,0,8,0,0,0,0,1,1,6,2,55,8,998,1,1,-1,1,-1
201501PY20533,1,5,0,18,0,8,0,0,0,0,1,1,6,1,41,7,748,1,6,-1,1,-1
201501PY20533,2,9,0,9,0,8,0,0,0,0,3,1,6,1,-1,-1,1240,1,11,-1,-1,-1
201501PY20534,1,9,0,17,0,8,0,0,0,0,4,1,6,1,20,4,1149,1,12,-1,1,-1
201501PY20534,2,9,0,2,0,8,0,0,0,0,3,1,6,1,28,6,1360,1,11,-1,1,-1
201501PY20535,1,9,0,18,0,8,0,7,0,0,3,1,6,1,27,6,1794,1,12,-1,-1,-1
201501PY20536,1,9,0,9,0,8,0,0,0,0,4,1,6,1,22,5,1299,1,12,-1,1,-1
201501PY20536,2,20,0,18,0,8,0,0,0,0,1,1,6,1,65,9,-1,-1,-1,-1,1,-1
201501PY20537,1,2,0,18,0,8,0,0,0,0,1,1,6,1,-1,-1,49,1,5,-1,1,-1
201501PY20537,2,9,0,2,0,8,0,0,0,0,0,1,6,1,46,8,1870,2,10,-1,1,-1
201501PY20538,1,19,0,18,0,8,0,0,0,0,4,1,6,1,26,6,2143,2,-1,-1,1,-1
201501PY20539,1,9,0,9,0,8,0,0,0,0,4,1,6,1,19,4,1390,1,14,-1,1,-1
201501PY20539,2,9,0,18,0,8,0,0,0,0,1,1,6,1,35,6,-1,-1,-1,-1,1,-1
201501PY20540,1,9,0,18,0,0,0,0,0,0,4,1,6,2,55,8,1995,2,5,-1,1,-1
201501PY20540,2,9,0,2,0,0,0,0,0,0,3,1,6,1,-1,-1,2996,1,9,-1,-1,-1
201501PY20541,1,9,0,18,0,8,0,0,0,0,3,1,6,2,-1,-1,1590,1,18,-1,1,-1
201501PY20541,2,9,0,18,0,8,0,0,0,0,3,1,6,1,31,6,2987,2,5,-1,1,-1
201501PY20542,1,1,0,7,0,8,0,0,0,0,3,1,6,1,18,4,-1,-1,-1,-1,1,-1
201501PY20542,2,9,0,18,0,8,0,0,0,0,1,1,6,1,60,9,1598,1,4,-1,1,-1
201501PY20543,1,9,0,4,0,8,0,0,0,0,2,1,6,2,55,8,2685,2,12,-1,1,-1
201501PY20543,2,9,0,18,0,8,0,0,0,0,1,1,6,2,40,7,1461,2,7,-1,1,-1
201501PY20544,1,20,0,18,0,0,0,0,0,0,4,1,6,1,-1,-1,-1,-1,-1,-1,-1,-1
201501PY20545,1,9,0,18,0,8,0,7,0,0,3,1,6,1,78,11,1329,1,3,-1,1,-1
201501PY20546,1,11,0,4,0,8,0,0,0,0,0,1,6,1,28,6,9000,2,12,-1,-1,-1
201501PY20547,1,9,0,15,0,8,0,0,0,0,4,1,6,1,-1,-1,-1,-1,-1,-1,-1,-1
201501PY20547,2,1,0,18,0,8,0,0,0,0,3,1,6,2,16,4,-1,-1,-1,-1,1,-1
201501PY20548,1,9,0,2,0,8,0,0,0,0,4,1,6,1,55,8,1396,1,15,-1,1,-1
201501PY20548,2,1,0,18,0,8,0,0,0,0,1,1,6,1,36,7,-1,-1,-1,-1,1,-1
201501PY20549,1,3,0,18,0,8,0,0,0,0,3,1,6,1,20,4,998,1,10,-1,1,-1
201501PY20549,2,9,0,18,0,8,0,0,0,0,4,1,6,1,-1,-1,-1,-1,-1,-1,-1,-1
201501PY20550,1,1,0,9,0,8,0,0,0,0,1,1,6,2,31,6,-1,-1,-1,-1,1,-1
201501PY20550,2,9,0,9,0,8,0,0,0,0,3,1,6,1,34,6,1796,2,2,-1,1,-1
201501PY20551,1,9,0,18,0,0,0,0,0,0,4,1,6,1,25,5,2191,2,-1,-1,1,-1
201501PY20551,2,9,0,2,0,0,0,0,0,0,2,1,6,1,-1,-1,1984,2,3,-1,1,-1
201501PY20552,1,9,0,18,0,8,0,0,0,0,1,1,6,2,36,7,1596,1,10,-1,1,-1
201501PY20552,2,9,0,9,0,8,0,0,0,0,4,1,6,2,44,7,1499,1,-1,-1,1,-1
201501PY20553,1,9,0,4,0,8,0,0,0,0,2,1,6,1,53,8,2400,2,3,-1,1,-1
201501PY20553,2,2,0,4,0,8,0,0,0,0,1,1,6,2,20,4,96,1,9,-1,-1,-1
201501PY20554,1,9,0,4,0,1,0,0,0,0,2,1,6,2,44,7,1598,2,1,-1,1,-1
201501PY20554,2,1,0,4,0,1,0,0,0,0,1,1,6,1,59,9,-1,-1,-1,-1,1,-1
201501PY20555,1,9,0,18,0,8,0,0,0,0,1,1,6,2,26,6,1598,2,3,-1,1,-1
201501PY20555,2,9,0,9,0,8,0,0,0,0,4,1,6,1,34,6,999,1,1,-1,2,-1
201501PY20556,1,19,0,18,0,0,0,0,0,0,4,1,6,1,25,5,4500,2,8,-1,1,-1
201501PY20556,2,9,0,5,0,0,0,0,0,0,3,1,6,2,46,8,1598,1,5,-1,1,-1
201501PY20557,1,9,0,18,0,8,0,0,0,0,1,1,6,1,25,5,999,1,3,-1,1,-1
201501PY20557,2,9,0,9,0,8,0,0,0,0,4,1,6,1,55,8,-1,-1,-1,-1,1,-1
201501PY20558,1,9,0,18,0,8,0,0,0,0,1,1,6,1,52,8,1796,1,8,-1,1,-1
201501PY20558,2,9,0,18,0,8,0,0,0,0,3,1,6,2,21,5,998,1,1,-1,1,-1
201501PY20559,1,9,0,9,0,8,0,0,0,0,4,1,6,1,48,8,-1,-1,-1,-1,-1,-1
201501PY20559,2,4,0,18,0,8,0,0,0,0,1,1,6,1,21,5,296,1,-1,-1,1,-1
201501PY20560,1,9,0,4,0,8,0,0,0,0,2,1,6,2,46,8,2987,2,9,-1,1,-1
201501PY20560,2,9,0,18,0,8,0,0,0,0,1,1,6,2,24,5,-1,-1,-1,-1,1,-1
201501PY20561,1,9,0,18,0,8,0,0,0,0,4,1,6,1,25,5,998,1,1,-1,1,-1
201501PY20561,2,9,0,9,0,8,0,0,0,0,1,1,6,1,-1,-1,1360,1,15,-1,1,-1
201501PY20563,1,3,0,18,0,8,0,7,0,0,1,1,6,1,21,5,125,1,1,-1,1,-1
201501PY20564,1,9,0,4,0,8,0,0,0,0,2,1,6,1,41,7,-1,-1,-1,-1,1,-1
201501PY20564,2,9,0,4,0,8,0,0,0,0,1,1,6,2,17,4,-1,-1,-1,-1,1,-1
201501PY20565,1,9,0,5,0,8,0,0,0,0,3,1,6,2,48,8,1598,1,6,-1,1,-1
201501PY20565,2,1,0,18,0,8,0,0,0,0,1,1,6,1,29,6,-1,-1,-1,-1,1,-1
201501PY20566,1,9,0,15,0,8,0,0,0,0,4,1,6,1,-1,-1,-1,-1,-1,-1,-1,-1
201501PY20566,2,1,0,18,0,8,0,0,0,0,3,1,6,1,36,7,-1,-1,-1,-1,1,-1
201501PY20568,1,1,0,7,0,8,0,0,0,0,3,1,6,1,42,7,-1,-1,-1,-1,1,-1
201501PY20568,2,9,0,7,0,8,0,0,0,0,4,1,6,1,-1,-1,1951,2,11,-1,-1,-1
201501PY20569,1,9,0,17,0,0,0,0,0,0,3,1,6,1,24,5,1364,1,11,-1,1,-1
201501PY20569,2,20,0,16,0,0,0,0,0,0,3,1,6,1,-1,-1,-1,-1,-1,-1,-1,-1
201501PY20570,1,9,0,5,0,0,0,0,0,0,3,1,6,1,32,6,1910,2,10,-1,1,-1
201501PY20570,2,9,0,18,0,0,0,0,0,0,1,1,6,2,22,5,1360,1,10,-1,1,-1
201501PY20571,1,9,0,18,0,8,0,0,0,0,1,1,6,2,20,4,1461,2,1,-1,1,-1
201501PY20571,2,9,0,9,0,8,0,0,0,0,4,1,6,1,63,9,-1,-1,-1,-1,1,-1
201501PY20572,1,9,0,9,0,8,0,0,0,0,4,1,6,1,25,5,1968,2,2,-1,1,-1
201501PY20572,2,1,0,18,0,8,0,0,0,0,1,1,6,1,25,5,-1,-1,-1,-1,1,-1
201501PY20573,1,11,0,4,0,8,0,0,0,0,0,1,1,1,30,6,7300,2,10,-1,1,-1
201501PY20574,1,3,0,18,0,8,0,0,0,0,3,1,6,2,38,7,125,1,13,-1,1,-1
201501PY20577,1,9,0,18,0,0,0,0,0,0,4,1,6,1,-1,-1,-1,-1,-1,-1,-1,-1
201501PY20578,1,9,0,18,0,8,0,10,1,2,1,1,6,1,24,5,1910,2,6,-1,1,-1
201501PY20578,2,9,0,2,0,8,0,0,0,0,4,1,6,1,-1,-1,-1,-1,-1,-1,-1,-1
201501PY20579,1,9,0,18,0,0,0,0,0,0,1,1,6,1,44,7,1968,2,-1,-1,1,-1
201501PY20579,2,9,0,18,0,0,0,0,0,0,1,1,6,1,28,6,1587,1,16,-1,1,-1
201501PY20580,1,9,0,18,0,8,0,0,0,0,1,1,6,1,21,5,-1,-1,-1,-1,3,-1
201501PY20580,2,1,0,18,0,8,0,0,0,0,4,1,6,1,27,6,-1,-1,-1,-1,1,-1
201501PY20583,1,11,0,18,0,8,0,0,0,0,3,1,6,1,30,6,4500,2,4,-1,1,-1
201501PY20583,2,9,0,18,0,8,0,0,0,0,3,1,6,1,66,10,1685,2,2,-1,1,-1
201501PY20584,1,9,0,18,0,0,0,0,0,0,4,1,6,1,-1,-1,1590,1,22,-1,-1,-1
201501PY20585,1,19,0,18,0,8,0,0,0,0,4,1,6,1,-1,-1,-1,-1,-1,-1,-1,-1
201501PY20586,1,20,0,18,0,8,0,0,0,0,1,1,6,1,53,8,8970,2,11,-1,1,-1
201501PY20586,2,9,0,4,0,8,0,0,0,0,2,1,6,1,-1,-1,-1,-1,-1,-1,-1,-1
201501PY20587,1,9,0,18,0,8,0,10,1,2,4,1,6,1,26,6,1124,1,9,-1,1,-1
201501PY20589,1,9,0,18,0,0,0,4,0,0,3,1,6,1,46,8,1995,2,1,-1,-1,-1
201501PY20589,2,9,0,18,0,0,0,0,0,0,3,1,6,1,38,7,-1,-1,-1,-1,1,-1
201501PY20589,3,9,0,2,0,0,0,0,0,0,2,1,6,1,-1,-1,-1,-1,-1,-1,-1,-1
201501PY20590,1,19,0,18,0,8,0,0,0,0,1,1,6,1,51,8,1560,2,-1,-1,-1,-1
201501PY20590,2,9,0,4,0,8,0,0,0,0,2,1,6,1,-1,-1,1368,1,8,-1,1,-1
201501PY20591,1,9,0,18,0,8,0,0,0,0,1,1,6,2,53,8,1999,1,8,-1,-1,-1
201501PY20591,2,9,0,9,0,8,0,0,0,0,4,1,6,2,36,7,1997,2,4,-1,1,-1
201501PY20592,1,11,0,4,0,0,0,0,0,0,4,1,1,1,62,9,6700,2,3,-1,1,-1
201501PY20593,1,9,0,1,0,0,0,0,0,0,2,1,6,1,-1,-1,1390,1,2,-1,1,-1
201501PY20593,2,9,0,18,0,0,0,4,0,0,1,1,6,2,-1,-1,1997,1,12,-1,1,-1
201501PY20593,3,9,0,2,0,0,0,0,0,0,4,1,6,1,-1,-1,1339,1,12,-1,-1,-1
201501PY20595,1,9,0,18,0,8,0,0,0,0,4,1,6,2,44,7,1596,1,7,-1,1,-1
201501PY20595,2,19,0,18,0,8,0,0,0,0,1,1,6,1,55,8,2198,2,2,-1,-1,-1
201501PY20596,1,9,0,9,0,8,0,0,0,0,3,1,6,2,46,8,1198,1,4,-1,1,-1
201501PY20596,2,19,0,18,0,8,0,0,0,0,4,1,6,1,21,5,1753,2,5,-1,1,-1
201501PY20599,1,9,0,18,0,8,0,0,0,0,4,1,6,2,38,7,-1,-1,-1,-1,1,-1
201501PY20600,1,9,0,18,0,0,0,0,0,0,1,1,6,1,42,7,2184,2,11,-1,1,-1
201501PY20600,2,9,0,4,0,0,0,0,0,0,2,1,6,2,18,4,-1,-1,-1,-1,3,-1
201501PY20601,1,9,0,18,0,0,0,0,0,0,1,1,6,2,17,4,1598,1,10,-1,1,-1
201501PY20601,2,9,0,4,0,0,0,0,0,0,2,1,6,1,78,11,1598,1,8,-1,1,-1
201501PY20601,3,9,0,4,0,0,0,0,0,0,2,1,6,1,-1,-1,2497,1,14,-1,1,-1
201501PY20602,1,9,0,9,0,8,0,0,0,0,4,1,6,2,84,11,1149,1,19,-1,1,-1
201501PY20602,2,1,0,18,0,8,0,0,0,0,1,1,6,1,19,4,-1,-1,-1,-1,1,-1
201501PY20603,1,9,0,6,0,0,0,0,0,0,3,1,6,1,52,8,1598,1,10,-1,1,-1
201501PY20603,2,1,0,18,0,0,0,0,0,0,1,1,6,1,-1,-1,-1,-1,-1,-1,-1,-1
201501PY20604,1,3,0,4,0,8,0,0,0,0,2,1,6,1,46,8,125,1,40,-1,1,-1
201501PY20604,2,9,0,18,0,8,0,0,0,0,1,1,6,1,36,7,1398,1,3,-1,1,-1
201501PY20605,1,9,0,18,0,8,0,0,0,0,4,1,6,1,42,7,1995,2,4,-1,1,-1
201501PY20607,1,9,0,18,0,0,0,0,0,0,4,1,6,1,52,8,1390,1,9,-1,1,-1
201501PY20608,1,9,0,1,0,8,0,0,0,0,2,1,6,1,55,8,1799,1,9,-1,1,-1
201501PY20608,2,1,0,18,0,8,0,0,0,0,1,1,6,1,28,6,-1,-1,-1,-1,1,-1
201501PY20610,1,4,0,18,0,8,0,0,0,0,4,1,6,1,51,8,-1,-1,-1,-1,1,-1
201501PY20611,1,1,0,18,0,0,0,0,0,0,1,1,6,1,55,8,-1,-1,-1,-1,1,-1
201501PY20611,2,9,0,2,0,0,0,0,0,0,3,1,6,1,-1,-1,-1,-1,-1,-1,-1,-1
201501PY20612,1,9,0,18,0,0,0,0,0,0,1,1,6,2,53,8,1796,1,15,-1,1,-1
201501PY20612,2,9,0,18,0,0,0,0,0,0,1,1,6,1,50,8,-1,-1,-1,-1,1,-1
201501PY20613,1,9,0,15,0,8,0,0,0,0,3,1,6,1,40,7,998,1,13,-1,1,-1
201501PY20613,2,2,0,18,0,8,0,0,0,0,4,1,6,1,25,5,124,1,-1,-1,1,-1
201501PY20614,1,9,0,18,0,8,0,0,0,0,3,1,6,1,-1,-1,1596,1,13,-1,1,-1
201501PY20614,2,9,0,9,0,8,0,0,0,0,1,1,6,2,35,6,1598,1,5,-1,1,-1
201501PY20615,1,9,0,9,0,8,0,0,0,0,4,1,6,1,24,5,1395,1,-1,-1,1,-1
201501PY20615,2,9,0,18,0,8,0,0,0,0,1,1,6,1,18,4,1360,1,9,-1,1,-1
201501PY20616,1,9,0,18,0,8,0,0,0,0,1,1,6,2,76,11,998,1,16,-1,1,-1
201501PY20616,2,9,0,18,0,8,0,0,0,0,4,1,6,1,21,5,-1,-1,-1,-1,3,-1
201501PY20617,1,11,0,4,0,8,0,0,0,0,0,1,1,1,66,10,-1,-1,-1,-1,1,-1
201501PY20618,1,9,0,9,0,8,0,0,0,0,2,1,6,1,34,6,1124,1,10,-1,1,-1
201501PY20618,2,1,0,18,0,8,0,0,0,0,1,1,6,1,35,6,-1,-1,-1,-1,1,-1
201501PY20619,1,9,0,7,0,8,0,0,0,0,3,1,6,2,18,4,1339,1,9,-1,1,-1
201501PY20619,2,9,0,18,0,8,0,0,0,0,1,1,6,2,37,7,1596,1,4,-1,1,-1
201501PY20620,1,9,0,18,0,8,0,10,1,2,1,1,6,1,30,6,1995,2,11,-1,1,-1
201501PY20620,2,9,0,9,0,8,0,0,0,0,3,1,6,1,53,8,1560,2,5,-1,1,-1
201501PY20621,1,1,0,17,0,8,0,0,0,0,1,1,6,1,30,6,-1,-1,-1,-1,1,-1
201501PY20621,2,9,0,7,0,8,0,0,0,0,3,1,6,2,72,10,1598,1,5,-1,1,-1
201501PY20622,1,9,0,18,0,8,1,4,0,0,3,1,6,1,-1,-1,1364,1,8,-1,1,-1
201501PY20622,2,9,0,2,0,8,0,0,0,0,4,1,6,2,38,7,-1,-1,-1,-1,1,-1
201501PY20623,1,9,0,18,0,0,0,0,0,0,3,1,6,1,31,6,-1,-1,-1,-1,1,-1
201501PY20623,2,9,0,18,0,0,0,0,0,0,3,1,6,1,-1,-1,1149,1,12,-1,1,-1
201501PY20624,1,3,0,18,0,8,0,0,0,0,1,1,6,1,20,4,-1,-1,-1,-1,1,-1
201501PY20624,2,9,0,7,0,8,0,0,0,0,4,1,6,1,-1,-1,-1,-1,-1,-1,-1,-1
201501PY20625,1,9,0,7,0,8,0,0,0,0,4,1,6,1,31,6,1596,1,4,-1,1,-1
201501PY20626,1,1,0,18,0,0,0,0,0,0,1,1,6,1,46,8,-1,-1,-1,-1,1,-1
201501PY20626,2,9,0,5,0,0,0,0,0,0,3,1,6,2,34,6,1997,2,5,-1,-1,-1
201501PY20627,1,9,0,18,0,0,0,0,0,0,1,1,6,2,18,4,1198,1,8,-1,1,-1
201501PY20627,2,9,0,4,0,0,0,0,0,0,2,1,6,2,22,5,1388,1,7,-1,1,-1
201501PY20628,1,9,0,18,0,0,0,4,0,0,4,1,6,2,21,5,1242,1,7,-1,1,-1
201501PY20628,2,9,0,2,0,0,0,0,0,0,3,1,6,1,-1,-1,-1,-1,-1,-1,-1,-1
201501PY20629,1,9,0,9,0,8,0,0,0,0,1,1,6,2,68,10,1596,1,6,-1,1,-1
201501PY20629,2,9,0,18,0,8,0,0,0,0,3,1,6,1,42,7,796,1,15,-1,1,-1
201501PY20630,1,9,0,5,0,0,0,0,0,0,4,1,6,1,-1,-1,1970,1,12,-1,-1,-1
201501PY20631,1,9,0,18,0,0,0,0,0,0,3,1,6,1,68,10,2231,2,5,-1,1,-1
201501PY20631,2,9,0,18,0,0,0,0,0,0,3,1,6,1,45,7,2700,1,12,-1,1,-1
201501PY20632,1,9,0,9,0,8,0,0,0,0,4,1,6,2,46,8,1797,8,2,-1,1,-1
201501PY20632,2,5,0,18,0,8,0,0,0,0,1,1,6,1,50,8,798,1,7,-1,1,-1
201501PY20633,1,9,0,18,0,8,0,0,0,0,1,1,6,1,58,9,3311,8,8,-1,1,-1
201501PY20633,2,9,0,4,0,8,0,0,0,0,2,1,6,1,41,7,1797,8,4,-1,-1,-1