Accident_Index,Vehicle_Reference,Vehicle_Type,Towing_and_Articulation,Vehicle_Manoeuvre,Vehicle_Location-Restricted_Lane,Junction_Location,Skidding_and_Overturning,Hit_Object_in_Carriageway,Vehicle_Leaving_Carriageway,Hit_Object_off_Carriageway,1st_Point_of_Impact,Was_Vehicle_Left_Hand_Drive?,Journey_Purpose_of_Driver,Sex_of_Driver,Age_of_Driver,Age_Band_of_Driver,Engine_Capacity_(CC),Propulsion_Code,Age_of_Vehicle,Driver_IMD_Decile,Driver_Home_Area_Type,Vehicle_IMD_Decile
201501PY20793,1,9,0,3,0,0,0,0,0,0,4,1,6,1,38,7,1598,2,4,-1,-1,-1
201501PY20793,2,9,0,18,0,0,0,0,0,0,3,1,6,2,30,6,1242,1,9,-1,1,-1
201501PY20794,1,9,0,7,0,8,0,0,0,0,3,1,6,1,37,7,1796,1,6,-1,1,-1
201501PY20794,2,9,0,18,0,8,0,0,0,0,1,1,6,1,30,6,-1,-1,-1,-1,-1,-1
201501PY20795,1,9,0,18,0,0,0,0,0,0,4,1,6,1,52,8,1386,1,6,-1,1,-1
201501PY20796,1,1,0,7,0,8,0,0,0,0,3,1,6,1,32,6,-1,-1,-1,-1,1,-1
201501PY20796,2,9,0,18,0,8,0,0,0,0,1,1,6,1,-1,-1,-1,-1,-1,-1,-1,-1
201501PY20797,1,1,0,18,0,8,0,0,0,0,1,1,6,1,35,6,-1,-1,-1,-1,1,-1
201501PY20797,2,9,0,7,0,8,0,0,0,0,4,1,6,1,-1,-1,-1,-1,-1,-1,-1,-1
201501PY20798,1,20,0,18,0,0,0,0,0,0,3,1,6,1,25,5,-1,-1,-1,-1,1,-1
201501PY20798,2,9,0,18,0,0,0,0,0,0,1,1,6,1,-1,-1,1997,2,1,-1,-1,-1
201501PY20799,1,9,0,9,0,8,0,0,0,0,1,1,6,1,70,10,-1,-1,-1,-1,1,-1
201501PY20800,1,11,0,4,0,8,0,0,0,0,0,1,6,1,35,6,6700,2,3,-1,1,-1
201501PY20801,1,1,0,9,0,8,0,0,0,0,3,1,6,1,54,8,-1,-1,-1,-1,1,-1
201501PY20801,2,9,0,9,0,8,0,0,0,0,4,1,6,1,52,8,1497,8,7,-1,1,-1
201501PY20802,1,9,0,9,0,8,0,0,0,0,4,1,6,1,45,7,1229,1,1,-1,1,-1
201501PY20802,2,9,0,18,0,8,0,0,0,0,3,1,6,1,32,6,2179,2,4,-1,1,-1
201501PY20802,3,9,0,18,0,8,0,0,0,0,1,1,6,2,37,7,1995,2,8,-1,1,-1
201501PY20803,1,3,0,15,0,8,0,0,0,0,4,1,6,2,41,7,-1,-1,-1,-1,1,-1
201501PY20803,2,9,0,2,0,8,0,0,0,0,3,1,6,1,-1,-1,-1,-1,-1,-1,-1,-1
201501PY20804,1,3,0,18,0,8,0,0,0,0,3,1,6,1,31,6,108,1,-1,-1,1,-1
201501PY20805,1,9,0,18,0,0,0,10,1,10,4,1,6,1,22,5,1995,1,3,-1,1,-1
201501PY20806,1,9,0,18,0,0,0,0,0,0,3,1,6,1,54,8,1086,1,6,-1,1,-1
201501PY20806,2,9,0,18,0,0,0,0,0,0,1,1,6,2,19,4,1242,1,-1,-1,1,-1
201501PY20808,1,9,0,4,0,8,0,0,0,0,2,1,6,1,36,7,-1,-1,-1,-1,1,-1
201501PY20808,2,9,0,18,0,8,0,0,0,0,1,1,6,1,44,7,1587,1,10,-1,1,-1
201501PY20809,1,20,0,5,0,0,0,0,0,0,2,1,1,1,41,7,2143,2,1,-1,1,-1
201501PY20809,2,9,0,18,0,0,0,0,0,0,4,1,6,1,53,8,1560,2,1,-1,1,-1
201501PY20810,1,9,0,13,0,8,0,0,0,0,4,1,6,1,25,5,-1,-1,-1,-1,1,-1
201501PY20810,2,9,0,6,0,8,0,0,0,0,1,1,6,2,27,6,1124,1,9,-1,-1,-1
201501PY20811,1,9,0,9,0,8,0,0,0,0,4,1,6,2,57,9,1364,1,-1,-1,1,-1
201501PY20811,2,9,0,18,0,8,0,0,0,0,1,1,6,1,19,4,-1,-1,-1,-1,1,-1
201501PY20812,1,9,0,9,0,8,0,0,0,0,3,1,6,1,32,6,1796,1,9,-1,1,-1
201501PY20812,2,3,0,15,0,8,0,0,0,0,1,1,6,1,53,8,250,1,1,-1,1,-1
201501PY20813,1,9,0,9,0,8,0,0,0,0,4,1,6,1,46,8,1997,2,2,-1,1,-1
201501PY20813,2,9,0,18,0,8,0,0,0,0,1,1,6,2,25,5,1299,1,11,-1,1,-1
201501PY20814,1,9,0,18,0,0,0,0,0,0,1,1,6,1,62,9,1896,2,9,-1,1,-1
201501PY20814,2,9,0,4,0,0,1,0,0,0,1,1,6,1,46,8,-1,-1,-1,-1,1,-1
201501PY20815,1,1,0,18,0,0,0,0,0,0,1,1,6,1,25,5,-1,-1,-1,-1,1,-1
201501PY20815,2,9,0,2,0,0,0,0,0,0,3,1,6,2,34,6,2179,2,7,-1,-1,-1
201501PY20816,1,9,0,18,0,8,0,0,0,0,3,1,6,2,31,6,1360,1,11,-1,1,-1
201501PY20816,2,9,0,15,0,8,0,0,0,0,4,1,6,2,31,6,1984,1,12,-1,1,-1
201501PY20817,1,1,0,18,0,8,0,0,0,0,1,1,6,1,24,5,-1,-1,-1,-1,1,-1
201501PY20817,2,9,0,9,0,8,0,0,0,0,3,1,6,1,-1,-1,-1,-1,-1,-1,-1,-1
201501PY20818,1,9,0,18,0,8,0,10,1,2,4,1,6,1,18,4,1596,1,10,-1,1,-1
201501PY20819,1,9,0,4,0,0,0,0,0,0,2,1,6,1,17,4,1598,1,10,-1,-1,-1
201501PY20819,2,9,0,18,0,0,0,0,0,0,1,1,6,1,-1,-1,-1,-1,-1,-1,-1,-1
201501PY20820,1,9,0,18,0,8,0,0,0,0,3,1,6,1,62,9,899,1,2,-1,1,-1
201501PY20820,2,9,0,18,0,8,0,0,0,0,1,1,6,1,84,11,1596,1,6,-1,1,-1
201501PY20821,1,3,0,18,0,8,0,0,0,0,1,1,6,1,20,4,125,1,3,-1,1,-1
201501PY20821,2,9,0,4,0,8,0,0,0,0,2,1,6,2,-1,-1,1991,2,10,-1,1,-1
201501PY20822,1,9,0,9,0,8,0,0,0,0,4,1,6,2,57,9,-1,-1,-1,-1,1,-1
201501PY20822,2,5,0,15,0,8,0,0,0,0,1,1,6,1,38,7,645,1,1,-1,1,-1
201501PY20823,1,9,0,18,0,8,0,0,0,0,4,1,6,2,28,6,1895,1,16,-1,1,-1
201501PY20824,1,9,0,4,0,8,0,0,0,0,2,1,6,2,29,6,1388,1,10,-1,1,-1
201501PY20824,2,9,0,18,0,8,0,0,0,0,1,1,6,1,-1,-1,-1,-1,-1,-1,-1,-1
201501PY20825,1,9,0,18,0,8,0,0,0,0,1,1,6,1,34,6,2720,2,6,-1,2,-1
201501PY20825,2,9,0,9,0,8,0,0,0,0,4,1,6,1,42,7,1598,1,7,-1,1,-1
201501PY20826,1,9,0,18,0,0,0,0,0,0,4,1,6,1,-1,-1,-1,-1,-1,-1,-1,-1
201501PY20827,1,19,0,18,0,8,0,0,0,0,4,1,6,1,31,6,-1,-1,-1,-1,-1,-1
201501PY20828,1,9,0,7,0,8,0,0,0,0,1,1,6,1,62,9,1598,1,5,-1,1,-1
201501PY20828,2,9,0,18,0,8,0,0,0,0,4,1,6,2,42,7,1299,1,11,-1,1,-1
201501PY20829,1,9,0,9,0,8,0,0,0,0,3,1,6,1,30,6,3436,1,3,-1,1,-1
201501PY20829,2,3,0,15,0,8,0,0,0,0,1,1,6,1,52,8,999,1,2,-1,1,-1
201501PY20830,1,9,0,18,0,0,0,0,0,0,3,1,6,1,-1,-1,-1,-1,-1,-1,-1,-1
201501PY20831,1,9,0,3,0,8,0,0,0,0,3,1,6,2,76,11,1598,1,12,-1,1,-1
201501PY20831,2,9,0,9,0,8,0,0,0,0,4,1,6,1,60,9,1968,2,5,-1,1,-1
201501PY20831,3,3,0,15,0,8,0,0,0,0,1,1,6,1,21,5,125,1,4,-1,1,-1
201501PY20832,1,9,0,18,0,0,0,4,0,0,1,1,6,2,-1,-1,2199,2,5,-1,1,-1
201501PY20832,2,9,0,2,0,0,0,0,0,0,2,1,6,1,-1,-1,1798,1,6,-1,1,-1
201501PY20833,1,9,0,4,0,8,0,0,0,0,2,1,6,1,17,4,1197,1,-1,-1,1,-1
201501PY20833,2,9,0,18,0,8,0,0,0,0,1,1,6,1,-1,-1,-1,-1,-1,-1,-1,-1
201501PY20834,1,11,0,4,0,8,0,0,0,0,0,1,6,1,40,7,4500,2,1,-1,1,-1
201501PY20835,1,9,0,18,0,8,0,0,0,0,1,1,6,2,22,5,998,1,4,-1,2,-1
201501PY20835,2,9,0,9,0,8,0,0,0,0,4,1,6,1,34,6,1461,2,3,-1,2,-1
201501PY20836,1,9,0,18,0,0,0,0,0,0,1,1,6,1,66,10,-1,-1,-1,-1,1,-1
201501PY20836,2,9,0,18,0,0,0,0,0,0,1,1,6,1,52,8,-1,-1,-1,-1,1,-1
201501PY20837,1,1,0,18,0,8,0,0,0,0,1,1,6,1,48,8,-1,-1,-1,-1,1,-1
201501PY20837,2,9,0,7,0,8,0,0,0,0,2,1,6,1,-1,-1,-1,-1,-1,-1,-1,-1
201501PY20838,1,3,0,18,0,8,0,0,0,0,3,1,6,1,28,6,-1,-1,-1,-1,1,-1
201501PY20838,2,9,0,15,0,8,0,0,0,0,4,1,6,1,-1,-1,-1,-1,-1,-1,-1,-1
201501PY20839,1,9,0,9,0,8,0,0,0,0,1,1,6,1,54,8,1598,1,8,-1,1,-1
201501PY20839,2,9,0,18,0,8,0,0,0,0,4,1,6,2,71,10,-1,-1,-1,-1,1,-1
201501PY20840,1,9,0,1,0,0,0,0,0,0,2,1,6,1,54,8,3248,1,15,-1,1,-1
201501PY20841,1,9,0,4,0,0,0,0,0,0,2,1,6,1,31,6,-1,-1,-1,-1,1,-1
201501PY20841,2,9,0,18,0,0,0,0,0,0,1,1,6,2,-1,-1,-1,-1,-1,-1,-1,-1
201501PY20842,1,1,0,18,0,8,0,0,0,0,3,1,6,1,55,8,-1,-1,-1,-1,1,-1
201501PY20842,2,9,0,15,0,8,0,0,0,0,4,1,6,1,-1,-1,-1,-1,-1,-1,-1,-1
201501PY20843,1,9,0,18,0,8,0,0,0,0,3,1,6,2,53,8,-1,-1,-1,-1,1,-1
201501PY20844,1,9,0,9,0,8,0,0,0,0,3,1,6,2,26,6,-1,-1,-1,-1,-1,-1
201501PY20844,2,1,0,18,0,8,0,0,0,0,1,1,6,1,34,6,-1,-1,-1,-1,1,-1
201501PY20845,1,9,0,18,0,8,0,0,0,0,1,1,6,1,20,4,1968,2,3,-1,1,-1
201501PY20845,2,9,0,7,0,8,0,0,0,0,3,1,6,1,17,4,1991,1,-1,-1,1,-1
201501PY20846,1,9,0,18,0,8,0,0,0,0,3,1,6,1,42,7,1149,1,7,-1,1,-1
201501PY20847,1,9,0,18,0,8,0,0,0,0,3,1,6,1,55,8,1995,2,9,-1,1,-1
201501PY20848,1,5,0,18,0,8,0,0,0,0,1,1,6,1,48,8,598,1,16,-1,1,-1
201501PY20848,2,9,0,9,0,8,0,0,0,0,4,1,6,1,55,8,1796,1,8,-1,1,-1
201501PY20849,1,9,0,18,0,0,0,10,7,10,1,1,6,1,45,7,-1,-1,-1,-1,3,-1
201501PY20850,1,9,0,9,0,8,0,0,0,0,3,1,6,2,65,9,998,1,2,-1,1,-1
201501PY20850,2,1,0,18,0,8,0,0,0,0,1,1,6,1,-1,-1,-1,-1,-1,-1,1,-1
201501PY20851,1,1,0,18,0,8,0,0,0,0,4,1,6,1,-1,-1,-1,-1,-1,-1,-1,-1
201501PY20852,1,9,0,18,0,8,0,0,0,0,1,1,6,1,21,5,-1,-1,-1,-1,1,-1
201501PY20852,2,9,0,9,0,8,0,0,0,0,4,1,6,1,55,8,1991,1,-1,-1,1,-1
201501PY20852,3,9,0,18,0,8,0,0,0,0,1,1,6,2,61,9,1998,2,8,-1,-1,-1
201501PY20853,1,9,0,4,0,0,0,0,0,0,2,1,6,1,45,7,-1,-1,-1,-1,1,-1
201501PY20853,2,9,0,18,0,0,0,0,0,0,1,1,6,2,24,5,1299,1,15,-1,1,-1
201501PY20854,1,19,0,18,0,8,0,0,0,0,4,1,6,1,-1,-1,-1,-1,-1,-1,-1,-1
201501PY20855,1,9,0,18,0,0,0,0,0,0,3,1,6,2,55,8,1998,1,15,-1,1,-1
201501PY20855,2,9,0,18,0,0,0,0,0,0,3,1,6,2,22,5,1360,1,9,-1,1,-1
201501PY20857,1,19,0,18,0,0,0,10,1,7,4,1,6,1,-1,-1,2198,2,9,-1,1,-1
201501PY20858,1,1,0,9,0,8,0,0,0,0,4,1,6,1,44,7,-1,-1,-1,-1,-1,-1
201501PY20858,2,3,0,18,0,8,0,0,0,0,1,1,6,1,26,6,125,1,7,-1,1,-1
201501PY20859,1,9,0,18,0,8,0,0,0,0,1,1,6,1,26,6,1242,1,9,-1,1,-1
201501PY20859,2,9,0,18,0,8,0,0,0,0,4,1,6,1,36,7,1596,1,17,-1,1,-1
201501PY20860,1,3,0,18,0,8,0,0,0,0,3,1,6,2,28,6,998,1,2,-1,-1,-1
201501PY20861,1,9,0,9,0,8,0,0,0,0,4,1,6,2,31,6,1386,1,9,-1,1,-1
201501PY20861,2,1,0,18,0,8,0,0,0,0,1,1,6,1,44,7,-1,-1,-1,-1,-1,-1
201501PY20862,1,9,0,18,0,8,0,0,0,0,3,1,6,2,45,7,1796,1,8,-1,1,-1
201501PY20862,2,1,0,18,0,8,0,0,0,0,4,1,6,1,38,7,-1,-1,-1,-1,1,-1
201501PY20863,1,9,0,9,0,8,0,0,0,0,4,1,6,1,42,7,2995,1,10,-1,1,-1
201501PY20864,1,3,0,18,0,8,0,0,0,0,4,1,6,1,17,4,-1,-1,-1,-1,1,-1
201501PY20865,1,9,0,4,0,8,0,0,0,0,2,1,6,2,36,7,-1,-1,-1,-1,1,-1
201501PY20865,2,9,0,18,0,8,0,0,0,0,1,1,6,1,48,8,1895,1,15,-1,1,-1
201501PY20866,1,9,0,1,0,8,0,10,1,10,2,1,6,1,52,8,1984,1,13,-1,1,-1
201501PY20867,1,9,0,18,0,8,0,0,0,0,4,1,6,1,-1,-1,-1,-1,-1,-1,-1,-1
201501PY20868,1,9,0,4,0,0,0,0,0,0,2,1,6,2,31,6,1991,2,5,-1,1,-1
201501PY20868,2,9,0,18,0,0,0,0,0,0,1,1,6,1,17,4,1229,1,9,-1,-1,-1
201501PY20869,1,9,0,9,0,8,0,0,0,0,4,1,6,2,50,8,1596,1,4,-1,-1,-1
201501PY20869,2,1,0,18,0,8,0,0,0,0,1,1,6,1,55,8,-1,-1,-1,-1,1,-1
201501PY20870,1,9,0,5,0,8,0,0,0,0,3,1,6,1,36,7,1998,1,8,-1,1,-1
201501PY20870,2,9,0,18,0,8,0,0,0,0,1,1,6,1,-1,-1,1997,1,5,-1,-1,-1
201501PY20871,1,9,0,18,0,0,0,4,0,0,4,1,6,2,17,4,998,1,9,-1,1,-1
201501PY20871,2,9,0,2,0,0,0,0,0,0,3,1,6,1,24,5,1998,1,-1,-1,1,-1
201501PY20872,1,9,0,18,0,8,0,0,0,0,1,1,6,2,31,6,1999,1,11,-1,1,-1
201501PY20872,2,9,0,18,0,8,0,0,0,0,4,1,6,2,18,4,1299,1,15,-1,1,-1
201501PY20873,1,9,0,18,0,8,0,10,1,2,4,1,6,1,64,9,-1,-1,-1,-1,1,-1
201501PY20874,1,9,0,18,0,8,0,0,0,0,4,1,6,1,26,6,998,1,-1,-1,1,-1
201501PY20875,1,11,0,3,0,0,0,0,0,0,2,1,1,1,53,8,6370,2,3,-1,-1,-1
201501PY20875,2,9,0,18,0,0,0,0,0,0,1,1,6,1,-1,-1,1299,1,8,-1,1,-1
201501PY20876,1,9,0,18,0,0,5,10,0,0,4,1,6,1,17,4,-1,-1,-1,-1,1,-1
201501PY20877,1,19,0,9,0,8,0,0,0,0,3,1,6,1,50,8,2143,2,2,-1,1,-1
201501PY20877,2,1,0,18,0,8,0,0,0,0,4,1,6,1,84,11,-1,-1,-1,-1,1,-1
201501PY20878,1,2,0,18,0,0,1,0,0,0,3,1,6,2,31,6,49,1,2,-1,1,-1
201501PY20879,1,9,0,4,0,8,0,0,0,0,2,1,6,1,27,6,1229,1,4,-1,1,-1
201501PY20879,2,9,0,18,0,8,0,0,0,0,1,1,6,1,-1,-1,1998,2,10,-1,-1,-1
201501PY20880,1,9,0,9,0,8,0,0,0,0,4,1,6,1,-1,-1,-1,-1,-1,-1,1,-1
201501PY20880,2,9,0,18,0,8,0,0,0,0,1,1,6,2,-1,-1,2967,1,13,-1,1,-1
201501PY20882,1,1,0,18,0,8,0,0,0,0,4,1,6,1,51,8,-1,-1,-1,-1,1,-1
201501PY20882,2,9,0,18,0,8,0,0,0,0,1,1,6,1,-1,-1,1396,1,18,-1,1,-1
201501PY20883,1,11,0,5,0,8,0,0,0,0,0,1,1,1,61,9,4461,2,2,-1,1,-1
201501PY20884,1,9,0,18,0,8,0,0,0,0,4,1,6,1,22,5,1598,1,7,-1,1,-1
201501PY20885,1,9,0,18,0,8,0,7,0,0,3,1,6,1,81,11,1794,1,11,-1,1,-1
201501PY20886,1,9,0,9,0,8,0,0,0,0,4,1,6,1,51,8,1999,1,13,-1,1,-1
201501PY20886,2,9,0,18,0,8,0,0,0,0,1,1,6,1,28,6,1390,1,2,-1,2,-1
201501PY20887,1,9,0,9,0,8,0,0,0,0,4,1,6,2,62,9,2597,1,12,-1,1,-1
201501PY20887,2,3,0,18,0,8,0,0,0,0,1,1,6,1,24,5,1000,1,2,-1,1,-1
201501PY20888,1,3,0,18,0,8,1,0,0,0,1,1,6,1,21,5,108,1,1,-1,1,-1
201501PY20888,2,9,0,18,0,8,0,0,0,0,3,1,6,2,38,7,-1,-1,-1,-1,1,-1
201501PY20892,1,9,0,7,0,8,0,0,0,0,3,1,6,1,77,11,2499,1,7,-1,1,-1
201501PY20892,2,19,0,18,0,8,0,0,0,0,1,1,6,1,24,5,1995,2,1,-1,1,-1
201501PY20893,1,9,0,15,0,0,0,0,0,0,4,1,6,1,66,10,1197,1,-1,-1,1,-1
201501PY20893,2,9,0,2,0,0,0,0,0,0,3,1,6,1,21,5,-1,-1,-1,-1,1,-1
201501PY20894,1,9,0,9,0,8,0,0,0,0,4,1,6,1,55,8,-1,-1,-1,-1,1,-1
201501PY20894,2,1,0,18,0,8,0,0,0,0,1,1,6,1,-1,-1,-1,-1,-1,-1,1,-1
201501PY20895,1,9,0,18,0,0,0,0,0,0,1,1,6,2,48,8,1461,2,-1,-1,1,-1
201501PY20895,2,9,0,18,0,0,0,0,0,0,1,1,6,2,64,9,998,1,2,-1,1,-1
201501PY20895,3,9,0,18,0,0,0,0,0,0,1,1,6,1,64,9,1598,1,5,-1,1,-1
201501PY20896,1,9,0,18,0,0,0,4,0,0,4,1,6,2,48,8,1587,1,10,-1,-1,-1
201501PY20896,2,9,0,2,0,0,0,0,0,0,3,1,6,2,19,4,1596,1,5,-1,1,-1
201501PY20899,1,11,0,5,0,8,0,0,0,0,0,1,1,1,27,6,6692,2,6,-1,1,-1
201501PY20900,1,9,0,18,0,8,0,0,0,0,3,1,6,2,17,4,1240,1,8,-1,1,-1
201501PY20900,2,9,0,18,0,8,0,0,0,0,1,1,6,1,35,6,-1,-1,-1,-1,1,-1
201501PY20901,1,9,0,15,0,8,0,0,0,0,4,1,6,1,20,4,1781,1,14,-1,1,-1
201501PY20901,2,1,0,15,0,8,0,0,0,0,3,1,6,1,24,5,-1,-1,-1,-1,1,-1
201501PY20902,1,9,0,7,0,8,0,0,0,0,3,1,6,2,46,8,2231,2,2,-1,-1,-1
201501PY20902,2,1,0,18,0,8,0,0,0,0,1,1,6,1,-1,-1,-1,-1,-1,-1,1,-1
201501PY20904,1,9,0,18,0,8,0,10,7,4,3,1,6,2,34,6,1596,1,4,-1,1,-1
201501PY20906,1,3,0,18,0,8,0,0,0,0,4,1,6,1,36,7,-1,-1,-1,-1,1,-1
201501PY20906,2,9,0,18,0,8,0,0,0,0,1,1,6,1,35,6,2084,1,13,-1,1,-1
201501PY20907,1,9,0,4,0,0,0,0,0,0,2,1,6,1,45,7,1242,1,3,-1,1,-1
201501PY20907,2,9,0,18,0,0,0,0,0,0,1,1,6,2,-1,-1,1598,1,9,-1,1,-1
201501PY20909,1,9,0,18,0,8,0,0,0,0,1,1,6,1,67,10,998,1,1,-1,1,-1
201501PY20909,2,9,0,9,0,8,0,0,0,0,4,1,6,2,40,7,1242,1,5,-1,1,-1
201501PY20911,1,9,0,18,0,8,0,0,0,0,4,1,6,2,38,7,1598,1,12,-1,1,-1
201501PY29010,1,9,0,18,0,0,0,0,0,0,4,1,6,1,-1,-1,-1,-1,-1,-1,-1,-1
201501PY29011,1,9,0,4,0,8,0,0,0,0,2,1,6,1,30,6,1598,1,15,-1,1,-1
201501PY29011,2,9,0,18,0,8,0,0,0,0,1,1,6,1,-1,-1,-1,-1,-1,-1,-1,-1
201501PY29032,1,9,0,18,0,8,0,0,0,0,1,1,6,1,42,7,1497,8,7,-1,1,-1
201501PY29032,2,9,0,6,0,8,0,0,0,0,3,1,6,2,20,4,1198,1,10,-1,1,-1
201501PY29036,1,8,0,5,0,8,0,0,0,0,4,1,6,1,-1,-1,-1,-1,-1,-1,-1,-1
201501PY29054,1,9,0,9,0,8,0,0,0,0,1,1,6,1,-1,-1,1149,1,17,-1,1,-1
201501PY29055,1,9,0,18,0,8,0,0,0,0,3,1,6,2,29,6,1798,1,8,-1,1,-1
201501PY29056,1,9,0,18,0,0,0,0,0,0,1,1,6,1,87,11,998,1,2,-1,1,-1
201501PY29056,2,9,0,5,0,0,0,0,0,0,4,1,6,1,-1,-1,1364,1,1,-1,-1,-1
201501PY29165,1,9,0,18,0,0,5,10,0,0,4,1,6,1,40,7,-1,-1,-1,-1,-1,-1
201501PY29236,1,19,0,18,0,8,0,0,0,0,3,1,6,1,28,6,-1,-1,-1,-1,1,-1
201501QA10004,1,9,0,5,0,2,0,0,0,0,2,1,1,1,42,7,-1,-1,-1,-1,1,-1
201501QA10004,2,9,0,5,0,2,0,0,0,0,1,1,3,1,38,7,1995,1,14,-1,1,-1
201501QA10014,1,9,0,9,0,1,0,0,0,0,3,1,6,1,62,9,1108,1,20,-1,1,-1
201501QA10014,2,2,0,13,0,1,0,0,0,0,1,1,1,1,23,5,-1,-1,-1,-1,1,-1
201501QA10015,1,9,0,18,0,0,0,4,0,0,4,1,6,1,87,11,1560,2,5,-1,1,-1
201501QA10015,2,9,0,2,0,0,0,10,1,0,3,1,6,3,-1,-1,698,1,11,-1,-1,-1
201501QA10016,1,19,0,9,0,2,0,0,0,0,1,1,6,1,-1,-1,2494,2,4,-1,-1,-1
201501QA10017,1,9,0,17,0,0,0,0,0,0,3,1,6,1,62,9,998,1,18,-1,1,-1
201501QA10017,2,11,0,16,0,0,0,0,0,0,3,1,1,1,-1,-1,5883,2,13,-1,-1,-1
201501QA10019,1,9,0,18,0,0,0,0,0,0,1,1,2,1,58,9,2143,2,2,-1,1,-1
201501QA10019,2,9,0,3,0,0,0,0,0,0,2,1,6,1,37,7,1598,1,10,-1,1,-1
201501QA10020,1,9,0,18,0,0,0,0,0,0,4,1,6,1,82,11,1360,1,8,-1,1,-1
201501QA10021,1,9,0,14,0,0,0,0,0,0,4,1,2,2,40,7,-1,-1,-1,-1,1,-1
201501QA10022,1,9,0,4,0,0,0,0,0,0,2,1,6,1,35,6,1461,2,4,-1,1,-1
201501QA10022,2,9,0,18,0,0,0,0,0,0,1,1,6,1,26,6,1686,2,12,-1,1,-1
201501QA10029,1,9,0,18,0,2,0,0,0,0,3,1,6,1,26,6,1339,1,2,-1,1,-1
201501QA10029,2,19,0,12,0,2,0,0,0,0,4,1,6,1,-1,-1,-1,-1,-1,-1,-1,-1
201501QA10032,1,9,0,3,0,2,0,0,0,0,2,1,6,2,60,9,-1,-1,-1,-1,1,-1
201501QA10032,2,9,0,4,0,2,0,0,0,0,1,1,6,2,-1,-1,2401,2,7,-1,-1,-1
201501QA10033,1,9,0,18,0,8,0,0,0,0,1,1,6,1,25,5,1242,1,12,-1,1,-1
201501QA10033,2,9,0,7,0,8,0,0,0,0,3,1,6,3,-1,-1,1397,1,5,-1,-1,-1
201501QA10036,1,9,0,3,0,1,0,0,0,0,2,1,6,2,26,6,1596,1,8,-1,1,-1
201501QA10036,2,8,0,4,0,1,0,0,0,0,1,1,1,1,-1,-1,1753,2,6,-1,-1,-1
201501QA10037,1,9,0,9,0,8,0,0,0,0,4,1,6,1,44,7,-1,-1,-1,-1,1,-1
201501QA10037,2,4,0,18,0,8,0,0,0,0,1,1,6,1,31,6,125,1,8,-1,-1,-1
201501QA10038,1,5,0,4,0,1,0,0,0,0,2,1,1,2,37,7,279,1,6,-1,1,-1
201501QA10038,2,9,0,4,0,1,0,0,0,0,1,1,6,2,-1,-1,1595,1,5,-1,1,-1
201501QA10042,1,9,0,18,0,0,0,0,0,0,1,1,6,2,40,7,-1,-1,-1,-1,1,-1
201501QA10042,2,9,0,7,0,0,0,0,0,0,3,1,6,1,22,5,999,1,1,-1,1,-1
201501QA10043,1,2,0,18,0,1,0,0,0,0,0,1,1,1,28,6,49,1,5,-1,1,-1
201501QA10044,1,9,0,18,0,1,0,0,0,0,1,1,6,2,30,6,2143,2,2,-1,1,-1
201501QA10047,1,9,0,17,0,2,0,0,0,0,1,1,6,1,63,9,1397,1,7,-1,1,-1
201501QA10047,2,9,0,16,0,1,0,0,0,0,1,1,6,2,-1,-1,-1,-1,-1,-1,1,-1
201501QA10048,1,9,0,18,0,1,0,0,0,0,2,1,6,1,48,8,2656,1,11,-1,1,-1
201501QA10048,2,19,0,18,0,1,0,0,0,0,1,1,1,1,31,6,2151,2,12,-1,-1,-1
201501QA10051,1,9,0,18,0,1,0,0,0,0,1,1,6,1,50,8,-1,-1,-1,-1,-1,-1
201501QA10051,2,9,0,9,0,2,0,0,0,0,1,1,6,1,23,5,1242,1,3,-1,-1,-1
201501QA10052,1,11,0,18,0,1,0,0,0,0,1,1,1,2,43,7,9000,2,8,-1,1,-1
201501QA10052,2,9,0,7,0,1,0,0,0,0,3,2,6,1,-1,-1,-1,-1,-1,-1,1,-1
201501QA10055,1,1,0,18,0,0,0,0,0,0,3,1,1,1,14,3,-1,-1,-1,-1,1,-1
201501QA10055,2,9,0,18,0,0,0,0,0,0,1,1,6,1,-1,-1,1794,1,11,-1,-1,-1
201501QA10056,1,9,0,3,0,2,0,0,0,0,2,1,6,2,66,10,1984,2,2,-1,1,-1
201501QA10056,2,9,0,18,0,2,0,0,0,0,1,1,6,1,-1,-1,1896,2,7,-1,1,-1
201501QA10057,1,9,0,4,0,0,0,0,0,0,2,1,2,2,52,8,-1,-1,-1,-1,1,-1
201501QA10057,2,9,0,4,0,0,0,0,0,0,1,1,6,2,31,6,1298,1,14,-1,1,-1
201501QA10057,3,9,0,5,0,0,0,0,0,0,1,1,3,2,56,9,1968,2,10,-1,1,-1
201501QA10059,1,9,0,18,0,1,0,0,0,0,1,1,3,2,30,6,2499,2,12,-1,1,-1
201501QA10060,1,9,0,18,0,8,0,0,0,0,4,1,6,1,31,6,1560,2,10,-1,1,-1
201501QA10060,2,9,0,9,0,8,0,0,0,0,1,1,6,2,63,9,2967,2,1,-1,1,-1
201501QA10061,1,9,0,9,0,2,0,4,0,0,4,1,6,2,86,11,1299,1,10,-1,1,-1
201501QA10061,2,9,0,2,0,2,0,0,0,0,3,1,6,3,-1,-1,2143,2,3,-1,-1,-1
201501QA10064,1,9,0,18,0,0,0,0,0,0,4,1,3,2,33,6,1968,2,6,-1,1,-1
201501QA10065,1,9,0,3,0,2,0,0,0,0,1,1,6,1,25,5,1896,2,13,-1,-1,-1
201501QA10065,2,9,0,1,0,2,0,0,0,0,2,1,6,2,-1,-1,1997,2,10,-1,-1,-1
201501QA10066,1,9,0,9,0,1,0,0,1,10,3,1,6,1,42,7,1995,2,-1,-1,1,-1
201501QA10066,2,9,0,18,0,1,0,0,0,0,1,1,6,1,22,5,2685,2,14,-1,1,-1