Accident_Index,Vehicle_Reference,Vehicle_Type,Towing_and_Articulation,Vehicle_Manoeuvre,Vehicle_Location-Restricted_Lane,Junction_Location,Skidding_and_Overturning,Hit_Object_in_Carriageway,Vehicle_Leaving_Carriageway,Hit_Object_off_Carriageway,1st_Point_of_Impact,Was_Vehicle_Left_Hand_Drive?,Journey_Purpose_of_Driver,Sex_of_Driver,Age_of_Driver,Age_Band_of_Driver,Engine_Capacity_(CC),Propulsion_Code,Age_of_Vehicle,Driver_IMD_Decile,Driver_Home_Area_Type,Vehicle_IMD_Decile
201501QA10068,1,9,0,9,0,8,0,0,0,0,3,1,6,1,-1,-1,2179,2,4,-1,2,-1
201501QA10068,2,9,0,18,0,8,0,0,0,0,1,1,6,2,53,8,1242,1,16,-1,1,-1
201501QA10069,1,9,0,18,0,2,0,0,0,0,1,1,6,2,-1,-1,-1,-1,-1,-1,-1,-1
201501QA10070,1,9,0,18,0,2,0,0,0,0,4,1,6,1,63,9,1612,1,4,-1,1,-1
201501QA10073,1,9,0,9,0,8,0,0,0,0,4,1,6,1,25,5,1998,1,12,-1,1,-1
201501QA10073,2,9,0,18,0,1,0,0,0,0,1,1,6,1,47,8,-1,-1,-1,-1,1,-1
201501QA10076,1,9,0,18,0,0,0,4,0,0,3,1,6,1,25,5,1991,2,6,-1,-1,-1
201501QA10076,2,9,0,18,0,0,0,0,0,0,3,1,6,2,53,8,1399,2,4,-1,1,-1
201501QA10076,3,9,0,2,0,0,0,0,0,0,3,1,6,3,-1,-1,1968,2,9,-1,-1,-1
201501QA10079,1,9,0,18,0,2,0,0,0,0,1,1,2,1,63,9,999,1,1,-1,1,-1
201501QA10080,1,11,0,18,0,0,0,0,0,0,0,1,1,1,52,8,7300,2,11,-1,1,-1
201501QA10081,1,3,0,18,0,0,0,0,0,0,3,1,6,1,28,6,124,1,7,-1,1,-1
201501QA10081,2,9,0,13,0,0,0,0,0,0,4,1,6,1,60,9,1598,1,5,-1,1,-1
201501QA10082,1,9,0,9,0,1,0,0,0,0,1,1,2,2,42,7,1799,1,9,-1,1,-1
201501QA10082,2,9,0,18,0,1,0,0,0,0,4,1,6,2,36,7,1248,1,6,-1,1,-1
201501QA10083,1,9,0,18,0,8,0,0,0,0,3,1,6,1,36,7,2967,2,-1,-1,1,-1
201501QA10083,2,9,0,9,0,8,0,0,0,0,1,1,6,2,59,9,1400,1,10,-1,1,-1
201501QA10083,3,20,0,18,0,8,0,0,0,0,3,1,1,1,35,6,6692,2,7,-1,1,-1
201501QA10084,1,9,0,7,0,1,0,0,0,0,1,1,6,3,-1,-1,-1,-1,-1,-1,-1,-1
201501QA10086,1,9,0,18,0,0,0,0,0,0,1,1,6,3,-1,-1,-1,-1,-1,-1,-1,-1
201501QA10087,1,9,0,9,0,2,0,0,0,0,1,1,6,1,24,5,1364,1,8,-1,-1,-1
201501QA10088,1,9,0,18,0,1,0,0,0,0,1,1,6,2,70,10,1229,1,10,-1,1,-1
201501QA10088,2,11,0,2,0,1,0,0,0,0,2,1,1,1,59,9,4500,2,5,-1,1,-1
201501QA10089,1,11,0,5,0,0,0,0,0,0,0,1,1,1,47,8,7300,2,11,-1,1,-1
201501QA10090,1,9,0,4,0,0,0,0,0,0,2,1,1,1,26,6,1598,1,8,-1,1,-1
201501QA10090,2,9,0,18,0,0,0,0,0,0,1,1,6,1,-1,-1,1360,1,11,-1,1,-1
201501QA10094,1,9,0,9,0,1,0,0,0,0,3,1,1,1,46,8,1598,1,6,-1,1,-1
201501QA10094,2,10,0,18,0,1,0,10,1,4,3,1,6,1,-1,-1,-1,-1,-1,-1,-1,-1
201501QA10095,1,9,0,9,0,1,0,0,0,0,1,1,6,2,56,9,-1,-1,-1,-1,1,-1
201501QA10095,2,9,0,18,2,1,0,0,0,0,1,1,6,1,18,4,1396,1,12,-1,1,-1
201501QA10096,1,11,0,18,0,2,0,0,0,0,4,1,1,1,40,7,9000,2,6,-1,1,-1
201501QA10097,1,9,0,9,0,8,0,0,0,0,2,1,6,1,36,7,1248,1,5,-1,1,-1
201501QA10097,2,9,0,9,0,8,0,0,0,0,1,1,2,1,55,8,1998,1,15,-1,-1,-1
201501QA10098,1,9,0,18,0,1,0,0,0,0,1,1,6,2,75,10,1240,1,11,-1,-1,-1
201501QA10099,1,9,0,18,0,1,0,0,0,0,1,1,6,1,30,6,1598,2,4,-1,1,-1
201501QA10099,2,9,0,4,0,1,0,0,0,0,2,1,6,1,35,6,1598,1,12,-1,1,-1
201501QA10100,1,9,0,16,0,1,5,10,0,0,0,1,6,2,80,11,1389,1,11,-1,1,-1
201501QA10101,1,9,0,18,0,2,0,0,0,0,3,1,6,1,32,6,1968,2,6,-1,1,-1
201501QA10101,2,9,0,11,0,2,0,0,0,0,4,1,6,1,-1,-1,2597,1,14,-1,1,-1
201501QA10102,1,9,0,9,0,8,0,0,0,0,4,1,6,2,43,7,1796,1,4,-1,1,-1
201501QA10102,2,9,0,18,0,8,0,0,0,0,1,1,6,1,41,7,1997,2,4,-1,1,-1
201501QA10103,1,9,0,1,0,0,0,0,0,0,2,1,6,1,41,7,1896,2,10,-1,1,-1
201501QA10103,2,9,0,18,0,0,0,0,0,0,3,1,6,2,31,6,1598,2,5,-1,1,-1
201501QA10104,1,3,0,18,0,1,1,0,0,0,1,1,2,1,28,6,124,1,3,-1,1,-1
201501QA10104,2,9,0,5,0,1,0,0,0,0,3,1,6,2,32,6,-1,-1,-1,-1,1,-1
201501QA10105,1,9,0,3,0,1,0,0,0,0,2,1,3,2,32,6,1995,2,7,-1,1,-1
201501QA10105,2,9,0,1,0,1,0,0,0,0,2,1,6,2,30,6,1596,1,9,-1,-1,-1
201501QA10107,1,9,0,2,0,1,0,0,0,0,3,1,6,2,36,7,2143,12,2,-1,-1,-1
201501QA10107,2,9,0,18,0,1,0,4,0,0,1,1,6,2,73,10,1240,1,7,-1,1,-1
201501QA10108,1,3,0,3,0,1,0,0,0,0,2,1,6,1,28,6,124,1,1,-1,1,-1
201501QA10108,2,9,0,5,0,1,0,0,0,0,1,1,6,1,23,5,1246,1,9,-1,1,-1
201501QA10109,1,9,0,18,0,0,0,4,0,0,1,1,6,1,80,11,1896,2,10,-1,1,-1
201501QA10109,2,9,0,2,0,0,0,0,0,0,2,1,6,3,-1,-1,-1,-1,-1,-1,-1,-1
201501QA10109,3,9,0,2,0,0,0,0,0,0,2,1,6,3,-1,-1,1590,1,11,-1,-1,-1
201501QA10111,1,3,0,18,0,0,0,0,0,0,1,1,4,1,18,4,124,1,6,-1,1,-1
201501QA10111,2,9,0,4,0,0,0,0,0,0,2,1,3,2,36,7,1998,1,12,-1,1,-1
201501QA10112,1,9,0,9,0,1,0,0,0,0,1,1,6,1,24,5,-1,-1,-1,-1,1,-1
201501QA10112,2,9,0,14,0,1,0,0,0,0,1,1,6,1,20,4,1595,1,12,-1,1,-1
201501QA10113,1,19,0,4,0,2,0,0,0,0,2,1,1,1,33,6,2402,2,8,-1,1,-1
201501QA10113,2,3,0,13,0,2,0,0,0,0,1,1,2,2,24,5,125,1,7,-1,1,-1
201501QA10116,1,9,0,7,0,8,0,0,0,0,4,1,6,2,23,5,1242,1,1,-1,1,-1
201501QA10116,2,9,0,9,0,8,0,0,0,0,1,1,6,3,-1,-1,-1,-1,-1,-1,-1,-1
201501QA10119,1,9,0,3,0,2,0,0,0,0,2,1,6,2,43,7,1997,1,8,-1,1,-1
201501QA10119,2,9,0,3,0,2,0,0,0,0,2,1,6,1,58,9,1870,2,13,-1,1,-1
201501QA10119,3,9,0,18,0,2,0,10,1,0,1,1,6,3,-1,-1,1461,2,1,-1,-1,-1
201501QA10120,1,9,0,18,0,0,0,4,0,0,1,1,6,1,23,5,1390,1,9,-1,1,-1
201501QA10120,2,9,0,2,0,0,0,4,0,0,2,1,6,1,-1,-1,1896,2,14,-1,-1,-1
201501QA10120,3,9,0,2,0,0,0,0,0,0,2,1,6,2,-1,-1,-1,-1,-1,-1,-1,-1
201501QA10121,1,9,0,3,0,1,0,0,0,0,2,1,6,1,45,7,1998,1,9,-1,1,-1
201501QA10121,2,9,0,3,0,1,0,0,0,0,2,1,6,2,25,5,998,1,13,-1,1,-1
201501QA10121,3,9,0,3,0,1,0,0,0,0,2,1,6,1,54,8,1968,2,3,-1,1,-1
201501QA10121,4,9,0,18,0,1,0,0,0,0,1,1,6,1,44,7,1991,2,10,-1,1,-1
201501QA10122,1,9,0,18,0,2,0,0,0,0,1,1,6,2,24,5,999,1,12,-1,1,-1
201501QA10122,2,9,0,4,0,2,0,0,0,0,2,1,6,1,39,7,1896,2,14,-1,1,-1
201501QA10123,1,9,0,18,0,1,0,10,3,10,1,1,6,1,20,4,1598,1,14,-1,1,-1
201501QA10124,1,9,0,18,0,2,0,7,7,2,1,1,6,2,21,5,1124,1,14,-1,1,-1
201501QA10125,1,9,0,18,0,8,0,0,0,0,4,1,6,1,49,8,1364,2,1,-1,1,-1
201501QA10125,2,11,0,18,0,8,0,0,0,0,1,1,1,1,33,6,7300,2,11,-1,1,-1
201501QA10126,1,3,0,18,0,1,0,0,0,0,3,1,1,1,26,6,125,1,4,-1,-1,-1
201501QA10126,2,9,0,9,0,1,0,0,0,0,1,1,1,2,20,4,-1,-1,-1,-1,1,-1
201501QA10127,1,9,0,9,0,2,0,0,0,0,4,1,6,1,23,5,1248,2,3,-1,1,-1
201501QA10127,2,9,0,7,0,2,0,0,0,0,3,1,6,2,51,8,1397,1,11,-1,1,-1
201501QA10128,1,9,0,3,0,1,0,0,0,0,0,1,6,2,65,9,1997,1,2,-1,1,-1
201501QA10128,2,9,0,9,0,1,0,0,0,0,3,1,6,2,40,7,1248,1,1,-1,1,-1
201501QA10128,3,3,0,14,0,1,0,0,0,0,1,1,6,1,18,4,124,1,6,-1,1,-1
201501QA10129,1,9,0,10,0,1,0,0,0,0,2,1,6,1,-1,-1,1796,1,12,-1,1,-1
201501QA10129,2,4,0,3,0,1,0,0,0,0,2,1,6,1,25,5,-1,-1,-1,-1,1,-1
201501QA10129,3,9,0,18,0,1,0,0,0,0,1,1,6,3,-1,-1,1364,1,1,-1,-1,-1
201501QA10130,1,9,0,18,0,1,0,0,0,0,4,1,6,1,60,9,1761,1,17,-1,1,-1
201501QA10131,1,9,0,18,0,0,0,4,0,0,1,1,6,2,26,6,-1,-1,-1,-1,1,-1
201501QA10131,2,9,0,2,0,0,0,0,0,0,1,1,6,1,58,9,-1,-1,-1,-1,-1,-1
201501QA10132,1,9,0,18,0,1,0,0,0,0,1,1,6,2,-1,-1,-1,-1,-1,-1,-1,-1
201501QA10133,1,9,0,7,0,2,0,0,0,0,4,1,6,2,20,4,998,1,16,-1,1,-1
201501QA10134,1,2,0,15,0,0,0,10,0,0,3,1,1,1,24,5,49,1,1,-1,1,-1
201501QA10134,2,9,0,18,0,0,0,0,0,0,4,1,6,1,28,6,-1,-1,-1,-1,-1,-1
201501QA10135,1,4,0,13,0,1,0,0,0,0,1,1,2,1,32,6,125,1,16,-1,1,-1
201501QA10135,2,9,0,13,0,1,0,0,0,0,3,1,2,1,48,8,-1,-1,-1,-1,1,-1
201501QA10136,1,9,0,18,0,0,0,0,0,0,1,1,6,1,54,8,-1,-1,-1,-1,1,-1
201501QA10136,2,9,0,14,0,0,0,0,0,0,1,1,6,1,26,6,1199,1,11,-1,1,-1
201501QA10137,1,9,0,18,0,0,0,0,0,0,3,1,6,2,28,6,1498,1,10,-1,1,-1
201501QA10138,1,9,0,4,0,0,0,0,0,0,1,1,6,1,52,8,1988,1,13,-1,1,-1
201501QA10138,2,9,0,3,0,0,0,0,0,0,2,1,2,1,55,8,2000,1,11,-1,1,-1
201501QA10138,3,9,0,3,0,0,0,0,0,0,2,1,6,2,57,9,1498,1,9,-1,1,-1
201501QA10139,1,9,0,9,0,2,0,0,0,0,1,1,6,1,31,6,-1,-1,-1,-1,1,-1
201501QA10140,1,11,0,18,0,2,0,0,0,0,0,1,1,1,45,7,7300,2,10,-1,1,-1
201501QA10141,1,9,0,16,0,0,5,4,0,0,1,1,6,2,73,10,1791,8,3,-1,1,-1
201501QA10141,2,9,0,2,0,0,0,0,0,0,2,1,6,1,40,7,1596,1,5,-1,-1,-1
201501QA10142,1,9,0,18,0,1,0,0,0,0,1,1,6,1,21,5,1587,1,13,-1,1,-1
201501QA10142,2,9,0,7,0,1,0,0,0,0,3,1,6,1,49,8,1986,2,8,-1,1,-1
201501QA10142,3,9,0,3,0,1,0,0,0,0,1,1,6,1,53,8,1364,1,1,-1,1,-1
201501QA10143,1,9,0,18,0,1,0,0,0,0,4,1,6,1,54,8,1995,1,8,-1,1,-1
201501QA10143,2,9,0,9,0,1,0,0,0,0,1,1,6,1,33,6,-1,-1,-1,-1,1,-1
201501QA10144,1,9,0,2,0,0,0,0,0,0,3,1,1,1,41,7,998,1,1,-1,1,-1
201501QA10144,2,1,0,18,0,0,0,8,0,0,1,1,6,1,35,6,-1,-1,-1,-1,1,-1
201501QA10145,1,9,0,18,0,1,0,0,0,0,1,1,6,2,23,5,1900,2,11,-1,1,-1
201501QA10145,2,9,0,18,0,1,0,0,0,0,2,1,6,1,33,6,1781,1,15,-1,1,-1
201501QA10146,1,9,0,18,0,0,0,0,0,0,1,1,6,2,33,6,1339,1,13,-1,1,-1
201501QA10146,2,9,0,14,0,0,0,10,7,0,3,1,6,2,23,5,1332,1,19,-1,1,-1
201501QA10147,1,9,0,9,0,1,0,0,0,0,1,1,6,2,-1,-1,-1,-1,-1,-1,1,-1
201501QA10148,1,9,0,18,0,1,0,0,0,0,4,1,6,1,35,6,1689,2,14,-1,1,-1
201501QA10148,2,9,0,5,0,1,0,0,0,0,3,1,6,3,-1,-1,998,1,3,-1,-1,-1
201501QA10149,1,9,0,4,0,0,0,0,0,0,2,1,6,2,38,7,1198,1,8,-1,1,-1
201501QA10149,2,9,0,18,0,0,0,0,0,0,1,1,6,1,-1,-1,1242,1,9,-1,-1,-1
201501QA10150,1,9,0,5,0,8,0,0,0,0,1,1,1,2,36,7,1598,2,4,-1,1,-1
201501QA10150,2,1,0,18,0,8,0,0,0,0,4,1,6,1,31,6,-1,-1,-1,-1,1,-1
201501QA10151,1,5,0,18,0,2,0,0,0,0,1,1,6,1,25,5,599,1,14,-1,1,-1
201501QA10151,2,9,0,6,0,2,0,0,0,0,3,1,6,2,51,8,2987,2,1,-1,1,-1
201501QA10152,1,9,0,11,0,0,0,0,0,0,4,1,6,2,32,6,1498,1,4,-1,1,-1
201501QA10152,2,9,0,18,0,0,0,0,0,0,3,1,6,1,20,4,1229,1,10,-1,1,-1
201501QA10153,1,9,0,5,0,8,0,0,0,0,1,1,6,2,70,10,1796,1,7,-1,1,-1
201501QA10153,2,1,0,9,0,8,0,0,0,0,4,1,6,1,62,9,-1,-1,-1,-1,1,-1
201501QA10154,1,8,0,18,0,8,0,0,0,0,4,1,1,1,46,8,1997,2,4,-1,1,-1
201501QA10154,2,9,0,18,0,8,0,0,0,0,1,1,6,1,25,5,1390,1,10,-1,-1,-1
201501QA10155,1,9,0,2,0,0,0,0,0,0,2,1,1,1,42,7,1796,2,2,-1,1,-1
201501QA10155,2,9,0,17,0,0,0,4,0,0,1,1,6,2,20,4,-1,-1,-1,-1,1,-1
201501QA10156,1,9,0,4,0,1,0,0,0,0,2,1,6,1,50,8,1598,1,13,-1,1,-1
201501QA10156,2,9,0,18,0,1,0,0,0,0,1,1,6,1,-1,-1,1997,2,8,-1,-1,-1
201501QA10157,1,11,0,18,0,0,0,0,0,0,1,1,1,1,39,7,9000,2,6,-1,1,-1
201501QA10158,1,9,0,4,0,1,0,0,0,0,2,1,6,1,55,8,1390,1,13,-1,1,-1
201501QA10158,2,9,0,18,0,1,0,0,0,0,1,1,6,1,38,7,1422,2,8,-1,1,-1
201501QA10159,1,9,0,5,0,1,0,0,0,0,3,1,6,2,28,6,1598,1,10,-1,1,-1
201501QA10159,2,9,0,18,0,1,0,0,0,0,1,1,6,1,28,6,2698,2,5,-1,1,-1
201501QA10161,1,9,0,6,0,8,0,0,0,0,3,1,6,1,22,5,1368,1,6,-1,1,-1
201501QA10161,2,9,0,18,0,8,0,0,0,0,1,1,6,1,22,5,-1,-1,-1,-1,1,-1
201501QA10162,1,9,0,18,0,8,1,0,0,0,4,1,6,1,25,5,1995,2,8,-1,1,-1
201501QA10162,2,2,0,9,0,8,0,0,0,0,1,1,6,1,17,4,49,1,3,-1,1,-1
201501QA10163,1,1,0,18,0,1,0,0,0,0,4,1,6,1,61,9,-1,-1,-1,-1,1,-1
201501QA10163,2,19,0,5,0,1,0,0,0,0,3,1,6,1,42,7,2151,2,12,-1,1,-1
201501QA10165,1,9,0,18,0,0,0,0,0,0,1,1,6,1,52,8,2953,2,11,-1,1,-1
201501QA10165,2,9,0,18,0,0,0,0,0,0,1,1,6,1,54,8,-1,-1,-1,-1,1,-1
201501QA10166,1,19,0,9,0,2,0,0,0,0,1,1,1,1,49,8,2198,2,3,-1,1,-1
201501QA10167,1,9,0,18,0,8,0,9,7,0,1,1,6,2,21,5,1390,1,4,-1,1,-1
201501QA10168,1,9,0,18,0,1,0,0,0,0,1,1,1,1,57,9,1686,2,5,-1,1,-1
201501QA10169,1,9,0,18,0,2,0,0,0,0,1,1,1,2,63,9,1560,2,1,-1,1,-1
201501QA10170,1,9,0,18,0,0,0,0,0,0,4,1,6,1,54,8,1794,1,11,-1,1,-1
201501QA10171,1,20,0,1,0,0,0,0,0,0,2,1,6,3,-1,-1,-1,-1,-1,-1,-1,-1
201501QA10173,1,9,0,9,0,8,0,0,0,0,3,1,6,2,32,6,1910,2,5,-1,1,-1
201501QA10173,2,9,0,4,0,8,0,0,0,0,1,1,6,1,-1,-1,2401,2,10,-1,1,-1
201501QA10174,1,9,0,9,0,8,0,0,0,0,3,1,1,1,43,7,1598,1,3,-1,1,-1
201501QA10174,2,9,0,9,0,8,0,0,0,0,3,1,6,2,46,8,998,1,11,-1,1,-1
201501QA10176,1,9,0,18,0,0,0,10,7,4,4,1,6,1,26,6,1149,1,11,-1,-1,-1
201501QA10177,1,9,0,18,0,0,0,0,0,0,3,1,6,1,43,7,1497,8,9,-1,1,-1
201501QA10177,2,9,0,18,0,0,0,0,0,0,3,1,6,2,80,11,1997,2,5,-1,1,-1
201501QA10178,1,1,0,18,0,8,0,0,0,0,4,1,6,1,59,9,-1,-1,-1,-1,1,-1
201501QA10178,2,9,0,5,0,8,0,0,0,0,1,1,6,2,42,7,1584,1,13,-1,1,-1
201501QA10179,1,3,0,14,0,0,0,0,0,0,1,1,6,1,29,6,124,1,1,-1,1,-1
201501QA10180,1,9,0,10,0,1,0,0,0,0,2,1,6,2,37,7,1242,1,8,-1,1,-1
201501QA10180,2,9,0,18,0,1,0,0,0,0,1,1,6,1,-1,-1,1999,1,10,-1,1,-1
201501QA10181,1,9,0,18,0,2,0,0,0,0,1,1,6,2,48,8,2993,2,10,-1,1,-1
201501QA10182,1,9,0,18,0,1,0,0,0,0,1,1,2,1,22,5,-1,-1,-1,-1,1,-1
201501QA10182,2,9,0,9,0,1,0,0,0,0,4,1,2,2,24,5,1229,1,1,-1,1,-1
201501QA10183,1,9,0,18,0,1,0,0,0,0,1,1,6,1,29,6,2184,2,6,-1,1,-1
201501QA10183,2,9,0,9,0,1,0,0,0,0,4,1,6,2,44,7,-1,-1,-1,-1,1,-1
201501QA10183,3,9,0,3,0,1,0,0,0,0,1,1,6,1,41,7,2979,1,10,-1,1,-1
201501QA10184,1,9,0,9,0,1,0,0,0,0,1,1,6,2,49,8,1797,1,1,-1,1,-1
201501QA10184,2,9,0,18,0,1,0,0,0,0,4,1,6,1,87,11,-1,-1,-1,-1,1,-1
201501QA10185,1,1,0,18,0,1,0,0,0,0,1,1,1,1,32,6,-1,-1,-1,-1,1,-1
201501QA10185,2,9,0,7,0,1,0,0,0,0,4,1,6,1,43,7,-1,-1,-1,-1,1,-1
201501QA10186,1,9,0,3,0,1,0,0,0,0,2,1,6,1,31,6,1797,8,3,-1,1,-1
201501QA10186,2,9,0,3,0,1,0,0,0,0,2,1,6,1,59,9,998,1,14,-1,1,-1
201501QA10186,3,9,0,18,0,1,0,0,0,0,1,1,6,1,18,4,-1,-1,-1,-1,1,-1
201501QA10187,1,5,0,18,0,1,0,0,0,0,0,1,6,1,42,7,599,1,12,-1,1,-1
201501QA10188,1,9,0,9,0,2,0,0,0,0,1,1,2,1,38,7,1956,2,3,-1,1,-1
201501QA10189,1,1,0,18,0,1,0,0,0,0,3,1,6,1,35,6,-1,-1,-1,-1,1,-1
201501QA10189,2,20,0,13,0,1,0,0,0,0,4,1,6,3,-1,-1,7284,2,14,-1,-1,-1
201501QA10190,1,20,0,18,0,0,0,0,0,0,4,1,1,1,42,7,4764,2,7,-1,1,-1
201501QA10190,2,1,0,18,0,0,0,0,0,0,3,1,1,1,46,8,-1,-1,-1,-1,-1,-1
201501QA10191,1,9,0,18,0,1,0,0,0,0,1,1,6,1,35,6,1995,2,9,-1,1,-1
201501QA10192,1,1,0,9,0,1,0,0,0,0,4,1,1,2,43,7,-1,-1,-1,-1,1,-1
201501QA10192,2,9,0,5,0,1,0,0,0,0,1,1,6,1,65,9,1769,1,11,-1,1,-1
201501QA10193,1,9,0,16,0,0,1,0,0,0,1,1,6,1,66,10,1332,1,17,-1,-1,-1
201501QA10193,2,9,0,17,0,0,0,0,0,0,1,1,6,1,60,9,1796,1,5,-1,1,-1
201501QA10194,1,9,0,3,0,1,0,0,0,0,2,1,6,2,50,8,998,1,6,-1,1,-1
201501QA10194,2,9,0,18,0,1,0,0,0,0,1,1,6,1,32,6,1248,2,4,-1,1,-1
201501QA10195,1,9,0,3,0,1,0,0,0,0,2,1,6,1,31,6,1797,8,5,-1,1,-1
201501QA10195,2,9,0,18,0,1,0,0,0,0,1,1,6,1,-1,-1,1339,8,8,-1,1,-1
201501QA10197,1,9,0,18,0,1,0,7,4,10,1,1,6,2,62,9,1390,1,9,-1,1,-1
201501QA10198,1,9,0,3,0,1,0,0,0,0,2,1,6,1,48,8,1560,2,9,-1,1,-1
201501QA10198,2,9,0,18,0,1,0,0,0,0,1,1,6,1,40,7,998,1,15,-1,-1,-1
201501QA10200,1,9,0,2,0,0,0,0,0,0,3,1,6,2,32,6,1910,2,5,-1,1,-1
201501QA10200,2,9,0,18,0,0,0,4,0,0,4,1,6,2,40,7,1896,2,10,-1,1,-1
201501QA10201,1,9,0,18,0,1,0,0,0,0,1,1,6,2,39,7,1242,1,7,-1,1,-1
201501QA10201,2,19,0,3,0,1,0,0,0,0,2,1,1,1,55,8,2198,2,5,-1,1,-1
201501QA10201,3,19,0,3,0,1,0,0,0,0,2,1,1,1,36,7,2400,2,13,-1,1,-1
201501QA10202,1,9,0,10,0,1,0,0,0,0,4,1,6,1,27,6,1995,2,2,-1,1,-1
201501QA10203,1,9,0,5,0,3,0,0,0,0,1,1,6,2,-1,-1,-1,-1,-1,-1,-1,-1
201501QA10204,1,9,0,18,0,1,0,0,0,0,2,1,6,2,51,8,1598,1,15,-1,-1,-1
201501QA10204,2,9,0,18,0,1,0,0,0,0,2,1,6,1,19,4,1997,2,-1,-1,1,-1
201501QA10204,3,9,0,18,0,1,0,0,0,0,1,1,6,1,44,7,1590,1,17,-1,1,-1
201501QA10205,1,9,0,4,0,8,0,0,0,0,1,1,6,1,19,4,1199,1,13,-1,1,-1
201501QA10205,2,9,0,9,0,5,0,0,0,0,4,1,6,1,35,6,1199,1,15,-1,1,-1
201501QA10206,1,3,0,18,0,8,0,0,0,0,3,1,6,1,55,8,125,1,1,-1,1,-1
201501QA10206,2,9,0,9,0,8,0,0,0,0,1,1,6,3,-1,-1,-1,-1,-1,-1,-1,-1
201501QA10208,1,9,0,18,0,2,0,0,0,0,3,1,6,2,37,7,1999,1,8,-1,1,-1
201501QA10208,2,9,0,18,0,1,0,0,0,0,3,1,6,1,18,4,1595,1,11,-1,1,-1
201501QA10210,1,9,0,9,0,6,0,10,1,0,4,1,6,2,61,9,1397,1,12,-1,1,-1
201501QA10210,2,9,0,16,0,2,0,10,1,0,1,1,6,1,-1,-1,1390,1,8,-1,-1,-1
201501QA10212,1,9,0,18,0,0,0,0,0,0,4,1,6,1,26,6,-1,-1,-1,-1,1,-1
201501QA10212,2,9,0,5,0,0,0,0,0,0,3,1,1,2,26,6,1390,1,17,-1,1,-1
201501QA10214,1,9,0,18,0,8,5,0,0,0,3,1,6,1,23,5,-1,-1,-1,-1,1,-1
201501QA10214,2,9,0,5,0,6,0,0,0,0,1,1,1,1,52,8,1998,1,9,-1,1,-1
201501QA10215,1,3,0,14,0,8,0,0,0,0,1,1,6,1,93,11,125,1,-1,-1,1,-1
201501QA10215,2,9,0,9,0,6,0,0,0,0,1,1,6,2,55,8,998,1,5,-1,1,-1
201501QA10216,1,9,0,18,0,1,0,0,0,0,1,1,6,1,25,5,1598,1,5,-1,1,-1
201501QA10216,2,9,0,5,0,1,0,0,0,0,4,1,6,1,45,7,-1,-1,-1,-1,1,-1
201501QA10216,3,9,0,2,0,1,0,0,0,0,2,1,6,3,-1,-1,1781,1,16,-1,-1,-1
201501QA10217,1,9,0,9,0,8,0,0,0,0,3,1,6,1,66,10,1791,8,4,-1,1,-1
201501QA10217,2,4,0,13,0,8,0,0,0,0,1,1,6,1,38,7,124,1,-1,-1,1,-1
201501QA10219,1,9,0,18,0,1,0,7,7,3,3,1,2,1,35,6,-1,-1,-1,-1,1,-1
201501QA10219,2,9,0,18,0,1,0,0,0,0,1,1,2,1,22,5,1198,1,10,-1,1,-1
201501QA10220,1,9,0,18,0,0,0,0,0,0,3,1,6,1,43,7,1686,2,10,-1,1,-1
201501QA10221,1,9,0,18,0,0,0,0,0,0,4,1,6,1,30,6,1753,2,8,-1,-1,-1
201501QA10222,1,9,0,5,0,1,0,0,0,0,1,1,1,1,36,7,2149,2,8,-1,1,-1
201501QA10222,2,9,0,3,0,1,0,0,0,0,2,1,2,1,32,6,1995,2,4,-1,1,-1
201501QA10223,1,9,0,17,0,8,0,0,0,0,1,1,1,1,-1,-1,-1,-1,-1,-1,-1,-1
201501QA10223,2,9,0,6,0,8,0,0,0,0,2,1,6,1,50,8,2231,2,8,-1,1,-1
201501QA10224,1,9,0,4,0,1,0,0,0,0,2,1,6,1,44,7,-1,-1,-1,-1,1,-1
201501QA10224,2,9,0,18,0,1,0,0,0,0,1,1,6,1,55,8,1339,1,11,-1,1,-1
201501QA10226,1,9,0,3,0,0,0,0,0,0,2,1,6,1,39,7,-1,-1,-1,-1,1,-1
201501QA10226,2,9,0,3,0,0,0,0,0,0,2,1,6,2,23,5,-1,-1,-1,-1,1,-1
201501QA10226,3,9,0,5,0,0,0,0,0,0,1,1,6,2,30,6,1422,2,12,-1,1,-1
201501QA10227,1,9,0,18,0,0,0,0,0,0,3,1,6,2,-1,-1,-1,-1,-1,-1,-1,-1
201501QA10228,1,9,0,18,0,0,0,0,0,0,1,1,6,2,60,9,2199,1,21,-1,1,-1
201501QA10228,2,9,0,4,0,0,0,0,0,0,2,1,6,2,43,7,1198,1,8,-1,1,-1
201501QA10229,1,9,0,18,0,8,0,0,0,0,1,1,6,1,82,11,1794,1,10,-1,1,-1
201501QA10229,2,9,0,18,0,8,0,0,0,0,4,1,6,1,58,9,1995,2,4,-1,1,-1
201501QA10230,1,9,0,5,0,0,0,0,0,0,3,1,6,2,50,8,1461,2,-1,-1,1,-1
201501QA10230,2,3,0,18,0,0,0,0,0,0,4,1,6,1,19,4,124,1,1,-1,1,-1
201501QA10231,1,9,0,18,0,1,0,0,0,0,4,1,6,3,-1,-1,-1,-1,-1,-1,-1,-1
201501QA10232,1,9,0,14,0,1,0,0,0,0,1,1,6,2,26,6,1390,1,7,-1,1,-1
201501QA10234,1,9,0,18,0,8,0,0,0,0,3,1,6,2,56,9,1798,1,6,-1,1,-1
201501QA10234,2,9,0,18,0,8,0,0,0,0,1,1,6,1,25,5,1198,1,13,-1,1,-1
201501QA10235,1,9,0,9,0,8,0,0,0,0,4,1,6,2,57,9,996,1,6,-1,-1,-1