Accident_Index,Vehicle_Reference,Vehicle_Type,Towing_and_Articulation,Vehicle_Manoeuvre,Vehicle_Location-Restricted_Lane,Junction_Location,Skidding_and_Overturning,Hit_Object_in_Carriageway,Vehicle_Leaving_Carriageway,Hit_Object_off_Carriageway,1st_Point_of_Impact,Was_Vehicle_Left_Hand_Drive?,Journey_Purpose_of_Driver,Sex_of_Driver,Age_of_Driver,Age_Band_of_Driver,Engine_Capacity_(CC),Propulsion_Code,Age_of_Vehicle,Driver_IMD_Decile,Driver_Home_Area_Type,Vehicle_IMD_Decile
201501QA10235,2,3,0,18,0,8,0,0,0,0,1,1,6,1,24,5,636,1,-1,-1,-1,-1
201501QA10236,1,9,0,8,0,1,0,0,0,0,3,1,6,2,65,9,1997,1,14,-1,1,-1
201501QA10236,2,20,0,4,0,1,0,0,0,0,4,1,1,1,-1,-1,12800,2,7,-1,1,-1
201501QA10238,1,9,0,15,0,8,0,0,0,0,1,1,6,1,23,5,1598,1,12,-1,1,-1
201501QA10238,2,9,0,9,0,8,0,0,0,0,4,1,6,1,36,7,1997,2,4,-1,1,-1
201501QA10240,1,1,0,18,0,0,0,0,0,0,1,1,6,1,12,3,-1,-1,-1,-1,1,-1
201501QA10240,2,9,0,18,0,0,0,0,0,0,4,1,6,2,45,7,1598,1,9,-1,1,-1
201501QA10241,1,9,0,18,0,2,0,0,0,0,4,1,6,2,-1,-1,1339,1,10,-1,-1,-1
201501QA10243,1,9,0,4,0,1,0,0,0,0,1,1,6,1,78,11,998,1,13,-1,1,-1
201501QA10243,2,9,0,4,0,1,0,0,0,0,2,1,6,2,47,8,2987,2,1,-1,2,-1
201501QA10244,1,9,0,1,0,1,0,0,0,0,2,1,6,1,-1,-1,1781,1,16,-1,-1,-1
201501QA10245,1,9,0,18,0,0,0,0,0,0,1,1,2,2,50,8,2493,8,1,-1,1,-1
201501QA10246,1,9,0,6,0,0,0,0,0,0,4,1,6,2,37,7,1896,2,5,-1,1,-1
201501QA10246,2,9,0,18,0,0,0,0,0,0,1,1,6,1,-1,-1,1364,1,6,-1,1,-1
201501QA10247,1,9,0,18,0,0,0,7,0,0,3,1,6,1,83,11,1997,1,14,-1,1,-1
201501QA10248,1,9,0,18,0,1,0,0,0,0,1,1,6,3,-1,-1,-1,-1,-1,-1,-1,-1
201501QA10249,1,9,0,18,0,8,0,0,0,0,1,1,2,1,22,5,1991,1,-1,-1,1,-1
201501QA10249,2,9,0,9,0,8,0,0,0,0,3,1,2,1,33,6,1995,1,10,-1,1,-1
201501QA10250,1,9,0,2,0,0,0,0,0,0,1,1,6,1,33,6,1242,1,15,-1,1,-1
201501QA10253,1,9,0,18,0,8,0,0,0,0,1,1,1,2,28,6,1299,1,7,-1,1,-1
201501QA10253,2,9,0,7,0,8,0,10,1,0,3,1,6,2,23,5,1596,1,9,-1,1,-1
201501QA10254,1,9,0,18,0,8,0,0,0,0,3,1,6,2,37,7,1398,1,15,-1,1,-1
201501QA10254,2,2,0,18,0,8,0,0,0,0,1,1,6,3,-1,-1,49,1,8,-1,-1,-1
201501QA10255,1,9,0,18,0,8,0,0,0,0,3,1,1,1,50,8,1596,1,1,-1,1,-1
201501QA10255,2,9,0,18,0,8,0,0,0,0,1,1,6,2,78,11,-1,-1,-1,-1,1,-1
201501QA10256,1,9,0,4,0,2,0,0,0,0,2,1,6,1,24,5,1198,1,12,-1,1,-1
201501QA10256,2,19,0,18,0,2,0,0,0,0,1,1,6,1,55,8,2198,2,2,-1,-1,-1
201501QA10257,1,9,0,9,0,6,0,0,0,0,1,1,2,2,31,6,3189,1,9,-1,1,-1
201501QA10257,2,5,0,14,0,8,0,0,0,0,4,1,6,1,41,7,883,1,16,-1,1,-1
201501QA10259,1,9,0,9,0,8,0,0,0,0,1,1,6,1,23,5,1968,2,3,-1,1,-1
201501QA10259,2,9,0,18,0,8,0,0,0,0,4,1,6,2,39,7,1390,1,12,-1,-1,-1
201501QA10260,1,9,0,18,0,2,0,0,0,0,1,1,6,1,27,6,-1,-1,-1,-1,1,-1
201501QA10260,2,9,0,6,0,2,0,0,0,0,2,1,6,1,-1,-1,1995,2,-1,-1,-1,-1
201501QA10261,1,11,0,18,2,1,0,0,0,0,0,1,1,1,41,7,9000,2,6,-1,1,-1
201501QA10262,1,9,0,18,0,0,0,0,0,0,1,1,6,2,41,7,1999,1,10,-1,1,-1
201501QA10263,1,9,0,18,0,0,0,4,1,10,4,1,6,1,88,11,1596,1,16,-1,1,-1
201501QA10263,2,9,0,2,0,0,0,0,0,0,3,1,6,1,34,6,1968,2,8,-1,-1,-1
201501QA10263,3,9,0,2,0,0,0,0,0,0,3,1,6,1,-1,-1,1984,1,15,-1,-1,-1
201501QA10264,1,9,0,3,0,1,0,0,0,0,2,1,6,2,74,10,1339,1,6,-1,1,-1
201501QA10264,2,9,0,3,0,1,0,0,0,0,1,1,6,1,68,10,2496,1,8,-1,1,-1
201501QA10265,1,2,0,18,0,1,0,0,0,0,0,1,1,1,26,6,49,1,5,-1,1,-1
201501QA10265,2,9,0,7,0,1,0,0,0,0,0,1,1,1,32,6,-1,-1,-1,-1,1,-1
201501QA10266,1,9,0,18,0,1,0,0,0,0,1,1,6,3,-1,-1,1598,1,9,-1,-1,-1
201501QA10266,2,9,0,9,0,2,0,0,0,0,1,1,1,1,31,6,-1,-1,-1,-1,-1,-1
201501QA10267,1,11,0,5,2,0,0,0,0,0,0,1,1,1,56,9,7300,2,12,-1,1,-1
201501QA10268,1,9,0,2,0,0,0,0,0,0,2,1,6,2,32,6,2987,2,5,-1,-1,-1
201501QA10268,2,9,0,18,0,0,0,0,0,0,1,1,6,1,24,5,2494,1,13,-1,1,-1
201501QA10269,1,9,0,18,0,0,0,0,0,0,3,1,6,2,48,8,1598,1,10,-1,1,-1
201501QA10270,1,9,0,18,0,1,0,0,0,0,1,1,6,1,21,5,998,1,4,-1,1,-1
201501QA10270,2,9,0,5,0,1,0,0,0,0,3,1,6,2,41,7,1796,1,7,-1,1,-1
201501QA10271,1,1,0,18,0,8,0,0,0,0,3,1,2,1,30,6,-1,-1,-1,-1,-1,-1
201501QA10271,2,9,0,9,0,5,0,0,0,0,1,1,6,1,-1,-1,1598,1,7,-1,-1,-1
201501QA10272,1,19,0,18,0,1,0,0,0,0,1,1,2,1,32,6,2198,2,5,-1,1,-1
201501QA10272,2,3,0,18,0,2,1,0,0,0,1,1,2,1,29,6,124,1,3,-1,1,-1
201501QA10273,1,9,0,18,0,0,0,7,0,0,1,1,6,2,51,8,1329,1,3,-1,1,-1
201501QA10274,1,19,0,10,0,0,0,0,0,0,2,1,6,1,36,7,1753,2,4,-1,1,-1
201501QA10274,2,9,0,18,0,0,0,0,0,0,1,1,6,1,27,6,1998,2,10,-1,1,-1
201501QA10275,1,9,0,9,0,8,0,0,0,0,1,1,6,2,36,7,1590,1,11,-1,1,-1
201501QA10275,2,9,0,18,0,8,0,0,0,0,3,1,6,1,27,6,1995,2,5,-1,1,-1
201501QA10276,1,9,0,18,0,0,0,0,0,0,2,1,6,1,69,10,1794,1,14,-1,1,-1
201501QA10276,2,9,0,5,0,0,0,0,0,0,0,1,6,2,-1,-1,1229,1,8,-1,1,-1
201501QA10276,3,3,0,18,0,0,0,0,0,0,1,1,6,1,21,5,108,1,1,-1,1,-1
201501QA10277,1,9,0,18,0,0,0,0,1,4,1,1,6,2,60,9,1997,1,13,-1,1,-1
201501QA10278,1,5,0,18,0,1,0,0,0,0,1,1,2,1,25,5,-1,-1,-1,-1,1,-1
201501QA10278,2,19,0,9,0,1,0,0,0,0,3,1,6,3,-1,-1,-1,-1,-1,-1,-1,-1
201501QA10279,1,9,0,16,0,1,0,0,0,0,3,1,6,2,47,8,998,1,14,-1,1,-1
201501QA10279,2,9,0,17,0,2,0,0,0,0,1,1,6,3,-1,-1,-1,-1,-1,-1,-1,-1
201501QA10280,1,9,0,18,0,0,0,0,0,0,1,1,1,2,45,7,1896,2,11,-1,1,-1
201501QA10280,2,9,0,4,0,0,0,0,0,0,2,1,6,2,70,10,1998,1,11,-1,1,-1
201501QA10281,1,9,0,5,0,8,0,0,0,0,1,1,6,2,-1,-1,-1,-1,-1,-1,-1,-1
201501QA10282,1,9,0,18,0,0,0,0,0,0,2,1,6,1,69,10,1242,1,8,-1,-1,-1
201501QA10282,2,19,0,2,0,0,0,0,0,0,1,1,6,1,32,6,1560,2,1,-1,1,-1
201501QA10284,1,19,0,18,0,0,0,0,0,0,3,1,1,1,48,8,-1,-1,-1,-1,1,-1
201501QA10284,2,19,0,2,0,0,0,0,0,0,4,1,1,3,-1,-1,2148,2,5,-1,-1,-1
201501QA10284,3,9,0,14,0,0,0,4,0,0,3,1,6,1,50,8,1339,1,7,-1,-1,-1
201501QA10285,1,11,0,4,0,0,0,0,0,0,0,1,1,1,55,8,4500,2,6,-1,1,-1
201501QA10285,2,9,0,4,0,0,0,0,0,0,0,1,6,3,-1,-1,-1,-1,-1,-1,-1,-1
201501QA10286,1,9,0,3,0,0,0,0,0,0,2,1,6,2,-1,-1,1997,1,5,-1,1,-1
201501QA10286,2,9,0,18,0,0,0,0,0,0,1,1,6,1,23,5,1598,1,13,-1,1,-1
201501QA10287,1,9,0,18,0,2,0,0,0,0,2,1,1,1,53,8,2231,2,7,-1,1,-1
201501QA10287,2,9,0,18,0,2,0,0,0,0,2,1,6,1,31,6,1900,2,11,-1,1,-1
201501QA10287,3,9,0,18,0,2,0,0,0,0,1,1,6,1,27,6,1781,1,24,-1,1,-1
201501QA10288,1,11,0,4,2,8,0,10,0,0,1,1,1,2,51,8,7300,2,11,-1,1,-1
201501QA10288,2,10,0,7,2,5,0,0,0,0,4,1,6,1,29,6,-1,-1,-1,-1,1,-1
201501QA10289,1,9,0,14,0,0,1,4,0,0,1,1,6,2,49,8,1796,1,12,-1,1,-1
201501QA10289,2,9,0,18,0,0,0,4,0,0,3,1,6,2,70,10,1896,2,15,-1,-1,-1
201501QA10289,3,9,0,18,0,0,0,0,0,0,1,1,6,2,52,8,1598,1,4,-1,-1,-1
201501QA10289,4,9,0,2,0,0,0,0,0,0,3,1,6,3,-1,-1,1598,1,9,-1,-1,-1
201501QA10289,5,9,0,2,0,0,0,0,0,0,3,1,6,3,-1,-1,1598,2,2,-1,-1,-1
201501QA10289,6,9,0,2,0,0,0,0,0,0,1,1,6,3,-1,-1,-1,-1,-1,-1,-1,-1
201501QA10290,1,9,0,18,0,0,0,4,0,0,3,1,2,2,52,8,1086,1,8,-1,1,-1
201501QA10290,2,9,0,2,0,0,0,0,0,0,3,1,6,3,-1,-1,998,1,1,-1,-1,-1
201501QA10290,3,9,0,2,0,0,0,0,0,0,3,1,6,3,-1,-1,2000,1,10,-1,-1,-1
201501QA10291,1,4,0,18,0,8,0,0,0,0,1,1,1,1,55,8,399,1,5,-1,1,-1
201501QA10291,2,9,0,9,0,5,0,0,0,0,3,1,1,1,-1,-1,-1,-1,-1,-1,3,-1
201501QA10293,1,11,0,4,0,1,0,0,0,0,1,1,1,1,47,8,5883,2,13,-1,1,-1
201501QA10293,2,19,0,18,0,2,0,0,0,0,1,1,1,1,43,7,1998,2,13,-1,1,-1
201501QA10294,1,9,0,3,0,2,0,0,0,0,3,1,6,1,46,8,1497,8,7,-1,1,-1
201501QA10294,2,2,0,18,0,1,0,0,0,0,1,1,6,2,23,5,114,1,1,-1,1,-1
201501QA10295,1,5,0,18,0,0,0,0,0,0,1,1,6,1,29,6,998,1,-1,-1,-1,-1
201501QA10296,1,9,0,18,0,8,0,0,0,0,1,1,6,2,29,6,1390,1,11,-1,1,-1
201501QA10296,2,3,0,9,0,6,0,0,7,0,1,1,6,1,45,7,125,1,6,-1,1,-1
201501QA10297,1,9,0,18,0,1,0,4,1,0,1,1,6,2,21,5,-1,-1,-1,-1,1,-1
201501QA10297,2,9,0,2,0,1,0,0,0,0,1,1,6,1,24,5,2148,2,11,-1,-1,-1
201501QA10298,1,11,0,5,0,2,0,0,0,0,0,1,1,1,57,9,-1,-1,-1,-1,1,-1
201501QA10299,1,11,0,18,0,0,0,0,0,0,4,1,1,1,59,9,7300,2,13,-1,1,-1
201501QA10300,1,3,0,13,0,1,0,0,0,0,3,1,6,1,35,6,125,1,1,-1,1,-1
201501QA10300,2,9,0,9,0,1,0,0,0,0,1,1,6,1,67,10,1390,1,12,-1,1,-1
201501QA10301,1,9,0,18,0,1,0,0,0,0,2,1,6,1,55,8,-1,-1,-1,-1,1,-1
201501QA10301,2,8,0,18,0,1,0,0,0,0,2,1,1,1,35,6,1797,8,5,-1,1,-1
201501QA10301,3,19,0,18,0,1,0,0,0,0,1,1,6,1,26,6,1796,7,9,-1,1,-1
201501QA10301,4,9,0,18,0,1,0,0,0,0,2,1,6,2,48,8,1794,1,11,-1,1,-1
201501QA10303,1,9,0,13,0,1,0,0,0,0,4,1,6,1,-1,-1,1896,2,17,-1,-1,-1
201501QA10304,1,9,0,18,0,8,0,0,0,0,4,1,6,1,49,8,2967,1,12,-1,1,-1
201501QA10304,2,3,0,7,0,8,0,0,0,0,3,1,6,1,21,5,124,1,1,-1,1,-1
201501QA10306,1,9,0,18,0,0,0,7,0,0,1,1,6,2,84,11,1389,1,12,-1,-1,-1
201501QA10307,1,9,0,7,0,8,1,10,1,0,1,1,2,2,43,7,1339,1,10,-1,1,-1
201501QA10307,2,9,0,18,0,8,0,10,1,0,4,1,6,1,46,8,1968,2,2,-1,1,-1
201501QA10309,1,9,0,3,0,0,0,0,0,0,2,1,6,1,35,6,2993,2,5,-1,1,-1
201501QA10309,2,9,0,18,0,0,0,0,0,0,1,1,6,1,-1,-1,1596,1,13,-1,-1,-1
201501QA10310,1,9,0,18,0,2,0,0,0,0,1,1,6,1,-1,-1,1975,1,18,-1,-1,-1
201501QA10311,1,5,0,13,0,8,1,0,0,0,1,1,6,1,23,5,599,1,17,-1,1,-1
201501QA10311,2,9,0,9,0,5,0,0,0,0,3,1,6,1,69,10,2191,2,3,-1,2,-1
201501QA10312,1,9,0,18,0,0,0,4,7,10,4,1,1,2,41,7,-1,-1,-1,-1,1,-1
201501QA10312,2,9,0,2,0,0,0,0,0,0,2,1,6,3,-1,-1,-1,-1,-1,-1,-1,-1
201501QA10313,1,9,0,4,0,2,0,0,0,0,2,1,6,2,69,10,1968,2,4,-1,1,-1
201501QA10313,2,9,0,7,0,1,0,0,0,0,1,1,6,1,28,6,1598,1,13,-1,1,-1
201501QA10314,1,1,0,15,0,1,0,0,0,0,1,1,6,2,20,4,-1,-1,-1,-1,1,-1
201501QA10314,2,8,0,7,0,1,0,0,0,0,4,1,6,1,40,7,2664,2,15,-1,-1,-1
201501QA10315,1,8,0,2,0,0,0,0,0,0,4,1,1,1,27,6,1798,8,-1,-1,1,-1
201501QA10315,2,9,0,17,0,0,0,4,0,0,1,1,6,2,62,9,1998,1,8,-1,1,-1
201501QA10316,1,9,0,4,0,2,0,0,0,0,2,1,6,2,48,8,2993,2,2,-1,1,-1
201501QA10316,2,9,0,18,0,2,0,10,7,10,1,1,6,1,70,10,1198,1,8,-1,1,-1
201501QA10317,1,9,0,3,0,0,0,0,0,0,2,1,6,1,36,7,1339,8,8,-1,1,-1
201501QA10317,2,9,0,3,0,0,0,0,0,0,2,1,6,1,41,7,2143,2,6,-1,1,-1
201501QA10317,3,9,0,3,0,0,0,0,0,0,2,1,6,1,-1,-1,1769,1,11,-1,1,-1
201501QA10317,4,9,0,18,0,0,0,0,0,0,1,1,6,2,31,6,1968,2,6,-1,1,-1
201501QA10318,1,9,0,18,0,0,0,0,0,0,1,1,6,1,70,10,-1,-1,-1,-1,1,-1
201501QA10318,2,9,0,18,0,0,0,0,0,0,3,1,6,1,40,7,-1,-1,-1,-1,1,-1
201501QA10318,3,9,0,18,0,0,0,0,0,0,1,1,6,2,40,7,1395,1,2,-1,-1,-1
201501QA10319,1,9,0,18,0,8,0,0,0,0,1,1,2,1,44,7,1598,1,9,-1,1,-1
201501QA10319,2,9,0,9,0,8,0,0,0,0,1,1,6,1,19,4,1390,1,20,-1,1,-1
201501QA10320,1,11,0,9,0,5,0,0,0,0,0,1,1,1,34,6,-1,2,14,-1,-1,-1
201501QA10320,2,9,0,18,0,8,0,0,0,0,0,1,6,3,-1,-1,-1,-1,-1,-1,-1,-1
201501QA10321,1,9,0,9,0,8,0,0,0,0,1,1,6,1,30,6,2179,2,-1,-1,1,-1
201501QA10322,1,3,0,18,0,1,0,0,0,0,1,1,2,1,23,5,125,1,-1,-1,1,-1
201501QA10322,2,9,0,9,0,1,0,0,0,0,3,1,2,1,26,6,1198,1,11,-1,1,-1
201501QA10323,1,9,0,18,0,0,0,0,0,0,1,1,6,2,32,6,1124,1,20,-1,1,-1
201501QA10324,1,19,0,3,0,1,0,0,0,0,2,1,1,1,53,8,2998,2,8,-1,1,-1
201501QA10324,2,9,0,18,0,1,0,0,0,0,1,1,6,2,24,5,1198,1,11,-1,1,-1
201501QA10325,1,1,0,18,0,1,0,0,0,0,0,1,2,1,50,8,-1,-1,-1,-1,1,-1
201501QA10326,1,9,0,9,0,1,0,0,0,0,1,1,2,2,49,8,1991,1,1,-1,1,-1
201501QA10326,2,3,0,15,0,1,0,0,0,0,3,1,2,1,53,8,125,1,3,-1,1,-1
201501QA10327,1,9,0,10,0,8,0,0,0,0,2,1,6,1,55,8,2494,1,11,-1,1,-1
201501QA10327,2,9,0,18,0,8,0,0,0,0,1,1,6,1,-1,-1,-1,-1,-1,-1,-1,-1
201501QA10328,1,9,0,9,0,2,0,0,0,0,1,1,6,1,40,7,-1,-1,-1,-1,-1,-1
201501QA10329,1,9,0,9,0,6,0,0,0,0,1,1,6,1,37,7,1995,2,6,-1,3,-1
201501QA10332,1,9,0,5,0,0,0,0,0,0,3,1,6,1,42,7,1198,1,-1,-1,1,-1
201501QA10332,2,9,0,18,0,0,0,0,7,10,1,1,6,1,74,10,1798,1,18,-1,1,-1
201501QA10333,1,9,0,9,0,8,0,0,0,0,1,1,2,1,47,8,647,8,-1,-1,1,-1
201501QA10333,2,3,0,9,0,8,0,0,0,0,4,1,2,1,19,4,125,1,3,-1,1,-1
201501QA10334,1,19,0,18,0,8,0,0,0,0,1,1,6,1,31,6,2148,2,8,-1,-1,-1
201501QA10334,2,9,0,10,0,8,0,0,0,0,2,1,6,1,22,5,998,1,15,-1,1,-1
201501QA10335,1,9,0,18,0,0,0,0,0,0,1,1,6,2,41,7,1390,1,7,-1,1,-1
201501QA10335,2,9,0,4,0,0,0,0,0,0,2,1,6,1,-1,-1,-1,-1,-1,-1,-1,-1
201501QA10337,1,8,0,18,0,8,0,0,0,0,1,1,1,1,37,7,1497,8,7,-1,1,-1
201501QA10337,2,9,0,9,0,8,0,10,0,0,1,1,6,2,35,6,4266,1,15,-1,1,-1
201501QA10338,1,9,0,1,0,6,0,0,1,0,3,1,6,2,87,11,1242,1,2,-1,1,-1
201501QA10338,2,9,0,18,0,2,0,0,1,0,3,1,6,2,64,9,1364,1,8,-1,1,-1
201501QA10339,1,9,0,6,0,8,0,4,1,10,1,1,6,2,55,8,1796,1,7,-1,1,-1
201501QA10340,1,9,0,18,0,0,0,0,0,0,1,1,2,1,34,6,-1,-1,-1,-1,1,-1
201501QA10341,1,11,0,5,0,0,0,0,0,0,4,1,1,1,57,9,4500,2,4,-1,1,-1
201501QA10344,1,3,0,18,0,1,1,0,0,0,2,1,1,1,23,5,125,1,11,-1,-1,-1
201501QA10344,2,9,0,18,0,1,0,0,0,0,1,1,6,3,-1,-1,-1,-1,-1,-1,-1,-1
201501QA10345,1,9,0,5,0,8,0,0,0,0,3,1,2,1,24,5,1198,1,11,-1,1,-1
201501QA10345,2,5,0,18,0,8,0,0,0,0,4,1,2,1,29,6,599,1,1,-1,1,-1
201501QA10346,1,9,0,10,0,8,0,0,0,0,2,1,6,2,58,9,-1,-1,-1,-1,-1,-1
201501QA10346,2,20,0,14,0,8,0,0,0,0,1,1,6,1,-1,-1,-1,-1,-1,-1,1,-1
201501QA10346,3,20,0,5,0,8,0,0,0,0,1,1,6,1,-1,-1,6692,2,7,-1,-1,-1
201501QA10348,1,9,0,2,0,2,0,0,0,0,3,1,6,2,37,7,1590,1,12,-1,1,-1
201501QA10348,2,19,0,18,0,2,0,0,0,0,1,1,6,1,-1,-1,-1,-1,-1,-1,-1,-1
201501QA10349,1,9,0,3,0,1,0,0,0,0,2,1,6,2,40,7,1998,1,12,-1,1,-1
201501QA10349,2,9,0,5,0,1,0,0,0,0,1,1,6,1,47,8,2995,1,14,-1,1,-1
201501QA10350,1,9,0,18,0,1,0,0,0,0,4,1,6,1,87,11,1798,8,-1,-1,1,-1
201501QA10351,1,9,0,10,0,1,0,0,0,0,2,1,6,2,20,4,1796,2,3,-1,1,-1
201501QA10351,2,3,0,18,0,1,1,0,0,0,1,1,2,1,30,6,-1,-1,-1,-1,1,-1
201501QA10352,1,9,0,3,0,0,0,0,0,0,2,1,6,2,42,7,1396,1,10,-1,1,-1
201501QA10352,2,9,0,18,0,0,0,0,0,0,1,1,6,2,-1,-1,-1,-1,-1,-1,-1,-1
201501QA10353,1,9,0,18,0,2,0,10,3,2,1,1,6,1,22,5,1968,2,3,-1,1,-1
201501QA10355,1,9,0,4,0,1,0,0,0,0,2,1,2,2,40,7,1240,1,7,-1,1,-1
201501QA10355,2,19,0,18,0,1,0,0,0,0,1,1,6,1,-1,-1,2461,2,5,-1,-1,-1
201501QA10357,1,9,0,6,0,0,0,0,0,0,3,1,6,1,24,5,2143,2,5,-1,1,-1
201501QA10357,2,1,0,18,0,0,0,0,0,0,1,1,6,1,44,7,-1,-1,-1,-1,-1,-1
201501QA10358,1,9,0,16,0,0,1,0,0,0,1,1,6,1,31,6,1248,2,5,-1,1,-1
201501QA10358,2,9,0,17,0,0,1,0,0,0,1,1,6,1,21,5,1389,1,9,-1,1,-1
201501QA10359,1,1,0,4,0,2,0,0,0,0,1,1,2,1,35,6,-1,-1,-1,-1,1,-1
201501QA10359,2,9,0,4,0,2,0,0,0,0,2,1,3,1,43,7,4799,1,10,-1,1,-1
201501QA10360,1,9,0,7,0,1,0,0,0,0,4,1,6,2,40,7,1998,1,10,-1,1,-1
201501QA10360,2,1,0,18,0,1,0,0,0,0,3,1,1,1,24,5,-1,-1,-1,-1,1,-1
201501QA10361,1,5,0,18,0,0,1,10,2,10,1,1,6,1,32,6,999,1,7,-1,1,-1
201501QA10362,1,19,0,18,0,1,1,0,0,0,1,1,6,1,55,8,-1,-1,-1,-1,1,-1
201501QA10362,2,9,0,3,0,1,0,0,0,0,2,1,6,1,55,8,1242,1,8,-1,1,-1
201501QA10362,3,9,0,10,0,1,0,0,0,0,2,1,6,1,-1,-1,1596,1,9,-1,1,-1
201501QA10364,1,9,0,18,0,8,0,0,0,0,1,1,6,2,44,7,2967,2,7,-1,1,-1
201501QA10364,2,9,0,9,0,8,0,0,0,0,4,1,6,2,25,5,1299,1,15,-1,1,-1
201501QA10364,3,9,0,7,0,8,0,0,0,0,3,1,6,1,82,11,1995,1,9,-1,1,-1
201501QA10366,1,20,0,13,0,1,0,0,0,0,1,1,1,1,49,8,4461,2,6,-1,1,-1
201501QA10366,2,9,0,9,0,1,0,0,0,0,3,1,6,2,35,6,1086,1,11,-1,1,-1
201501QA10368,1,9,0,18,0,0,0,0,0,0,4,1,6,3,-1,-1,2987,2,4,-1,-1,-1
201501QA10369,1,9,0,3,0,0,0,0,0,0,2,1,2,2,20,4,1149,1,11,-1,1,-1
201501QA10369,2,9,0,4,0,0,0,0,0,0,1,1,6,1,-1,-1,1149,1,12,-1,-1,-1
201501QA10370,1,9,0,3,0,1,0,0,0,0,2,1,6,2,73,10,1590,1,15,-1,1,-1
201501QA10370,2,9,0,3,0,1,0,0,0,0,2,1,6,2,-1,-1,1598,1,9,-1,1,-1
201501QA10370,3,9,0,18,0,1,0,10,1,1,1,1,6,1,-1,-1,1197,1,-1,-1,1,-1
201501QA10372,1,9,0,18,0,1,0,0,0,0,1,1,6,3,-1,-1,-1,-1,-1,-1,-1,-1
201501QA10372,2,1,0,18,0,6,0,0,0,0,3,1,6,1,22,5,-1,-1,-1,-1,1,-1
201501QA10373,1,3,0,13,0,8,0,0,0,0,4,1,2,1,26,6,124,1,-1,-1,1,-1
201501QA10373,2,9,0,9,0,5,0,0,0,0,3,1,6,2,44,7,1794,1,12,-1,1,-1
201501QA10374,1,9,0,4,0,0,0,0,0,0,3,1,6,1,43,7,1896,2,15,-1,1,-1
201501QA10375,1,9,0,18,0,0,5,4,0,0,1,1,6,2,-1,-1,1995,2,10,-1,1,-1
201501QA10375,2,9,0,2,0,0,0,0,0,0,3,1,6,3,-1,-1,1497,8,3,-1,-1,-1
201501QA10375,3,9,0,2,0,0,0,0,0,0,3,1,6,3,-1,-1,2000,2,9,-1,-1,-1
201501QA10376,1,9,0,2,0,0,0,0,0,0,3,1,6,1,77,11,1590,1,10,-1,1,-1
201501QA10376,2,1,0,18,0,0,0,8,0,0,1,1,6,2,25,5,-1,-1,-1,-1,1,-1
201501QA10377,1,3,0,4,0,8,0,0,0,0,0,1,6,1,22,5,124,1,7,-1,1,-1
201501QA10378,1,9,0,3,0,0,0,0,0,0,2,1,6,1,-1,-1,2148,2,9,-1,1,-1
201501QA10378,2,8,0,18,0,0,0,0,0,0,1,1,1,1,-1,-1,1596,1,14,-1,1,-1
201501QA10379,1,9,0,18,0,8,0,10,1,2,4,1,6,2,39,7,1995,2,4,-1,1,-1
201501QA10379,2,9,0,9,0,8,0,0,0,0,1,1,6,3,-1,-1,-1,-1,-1,-1,-1,-1
201501QA10380,1,1,0,5,0,6,0,0,0,0,3,1,6,1,-1,-1,-1,-1,-1,-1,1,-1
201501QA10380,2,9,0,18,0,8,0,0,0,0,1,1,6,1,-1,-1,-1,-1,-1,-1,-1,-1
201501QA10381,1,11,0,4,0,0,0,0,0,0,0,1,1,1,55,8,5883,2,13,-1,1,-1
201501QA10382,1,9,0,9,0,1,0,0,0,0,3,1,2,1,42,7,1968,2,8,-1,1,-1
201501QA10382,2,9,0,18,0,1,0,0,0,0,1,1,2,1,34,6,1149,1,14,-1,1,-1
201501QA10383,1,9,0,18,0,0,0,0,7,3,1,1,6,1,-1,-1,998,1,15,-1,1,-1
201501QA10384,1,3,0,18,0,8,0,4,0,0,1,1,6,1,24,5,102,1,9,-1,1,-1
201501QA10384,2,9,0,2,0,8,0,0,0,0,3,1,6,1,40,7,2401,2,10,-1,1,-1
201501QA10385,1,9,0,3,0,0,0,0,0,0,2,1,6,1,90,11,-1,-1,-1,-1,1,-1
201501QA10385,2,9,0,3,0,0,0,0,0,0,2,1,6,2,27,6,1598,1,8,-1,1,-1
201501QA10385,3,9,0,18,0,0,0,0,0,0,1,1,6,1,-1,-1,2497,2,10,-1,1,-1
201501QA10386,1,9,0,4,0,8,0,0,0,0,3,1,6,2,43,7,1368,1,7,-1,1,-1
201501QA10386,2,9,0,18,0,8,0,0,0,0,1,1,6,1,-1,-1,1988,2,11,-1,-1,-1
201501QA10386,3,9,0,13,0,8,0,0,0,0,4,1,6,3,-1,-1,-1,-1,-1,-1,-1,-1
201501QA10387,1,9,0,9,0,8,0,0,0,0,1,1,2,1,40,7,2993,2,3,-1,1,-1
201501QA10387,2,9,0,18,0,8,0,0,0,0,1,1,2,1,32,6,1796,1,9,-1,1,-1
201501QA10388,1,3,0,18,0,1,0,0,0,0,3,1,1,1,33,6,-1,-1,-1,-1,1,-1
201501QA10389,1,9,0,7,0,5,1,10,1,2,1,1,2,1,25,5,1968,2,10,-1,1,-1
201501QA10390,1,8,0,18,0,8,0,0,0,0,4,1,1,1,33,6,1956,2,1,-1,1,-1
201501QA10390,2,9,0,5,0,8,0,0,0,0,1,1,6,1,-1,-1,-1,-1,-1,-1,-1,-1
201501QA10391,1,3,0,18,0,8,0,0,0,0,2,1,1,1,46,8,100,1,16,-1,1,-1
201501QA10391,2,9,0,5,0,8,0,0,0,0,1,1,6,2,65,9,2401,2,8,-1,1,-1
201501QA10392,1,9,0,3,0,1,0,0,0,0,2,1,6,2,59,9,1998,1,9,-1,1,-1