Accident_Index,Vehicle_Reference,Vehicle_Type,Towing_and_Articulation,Vehicle_Manoeuvre,Vehicle_Location-Restricted_Lane,Junction_Location,Skidding_and_Overturning,Hit_Object_in_Carriageway,Vehicle_Leaving_Carriageway,Hit_Object_off_Carriageway,1st_Point_of_Impact,Was_Vehicle_Left_Hand_Drive?,Journey_Purpose_of_Driver,Sex_of_Driver,Age_of_Driver,Age_Band_of_Driver,Engine_Capacity_(CC),Propulsion_Code,Age_of_Vehicle,Driver_IMD_Decile,Driver_Home_Area_Type,Vehicle_IMD_Decile
201501QA10392,2,9,0,18,0,1,0,0,0,0,1,1,6,2,-1,-1,2993,2,4,-1,-1,-1
201501QA10392,3,19,0,3,0,1,0,0,0,0,2,1,6,1,-1,-1,1360,1,11,-1,-1,-1
201501QA10394,1,9,0,1,0,1,0,0,0,0,2,1,1,1,41,7,1998,2,5,-1,1,-1
201501QA10395,1,9,0,14,0,0,0,4,0,0,3,1,6,2,50,8,1895,1,14,-1,1,-1
201501QA10395,2,11,0,14,0,0,0,4,0,0,3,1,1,1,37,7,7300,2,11,-1,1,-1
201501QA10395,3,9,0,2,0,0,0,0,0,0,3,1,6,3,-1,-1,998,1,16,-1,-1,-1
201501QA10395,4,9,0,2,0,0,0,0,0,0,3,1,6,3,-1,-1,1398,1,10,-1,-1,-1
201501QA10396,1,9,0,13,0,1,0,0,0,0,0,1,1,2,52,8,-1,-1,-1,-1,-1,-1
201501QA10396,2,9,0,3,0,2,0,0,0,0,2,1,3,2,28,6,1598,1,6,-1,1,-1
201501QA10396,3,5,0,18,0,2,1,2,0,0,1,1,6,1,26,6,656,1,9,-1,3,-1
201501QA10397,1,9,0,18,0,0,1,0,2,10,1,1,6,1,27,6,999,1,5,-1,1,-1
201501QA10398,1,9,0,7,0,8,0,0,0,0,1,1,2,1,50,8,1596,1,4,-1,1,-1
201501QA10398,2,1,0,9,0,8,0,0,0,0,4,1,6,1,59,9,-1,-1,-1,-1,1,-1
201501QA10399,1,9,0,18,0,0,0,0,0,0,4,1,2,1,41,7,1896,2,7,-1,1,-1
201501QA10399,2,9,0,6,0,0,0,0,0,0,1,1,2,2,52,8,1895,1,16,-1,1,-1
201501QA10400,1,19,0,18,0,1,0,0,0,0,4,1,1,2,47,8,1399,2,5,-1,1,-1
201501QA10401,1,9,0,6,0,8,0,0,0,0,3,1,2,2,34,6,996,1,6,-1,1,-1
201501QA10401,2,4,0,13,0,8,0,0,0,0,1,1,6,1,58,9,124,1,9,-1,1,-1
201501QA10403,1,9,0,9,0,6,0,0,0,0,3,1,6,2,33,6,1598,1,10,-1,1,-1
201501QA10403,2,9,0,18,0,8,0,0,0,0,1,1,6,1,28,6,-1,-1,-1,-1,-1,-1
201501QA10404,1,9,0,18,0,0,0,0,0,0,1,1,2,1,52,8,998,1,13,-1,1,-1
201501QA10405,1,9,0,9,0,5,0,0,0,0,3,1,2,1,55,8,2184,2,5,-1,1,-1
201501QA10405,2,1,0,13,0,8,0,0,0,0,1,1,6,1,66,10,-1,-1,-1,-1,1,-1
201501QA10406,1,9,0,5,0,2,0,0,0,0,4,1,1,1,36,7,1497,8,-1,-1,1,-1
201501QA10407,1,11,0,4,2,8,0,0,0,0,1,1,1,2,36,7,7300,2,13,-1,1,-1
201501QA10408,1,9,0,18,0,1,0,0,0,0,1,1,6,1,-1,-1,-1,-1,-1,-1,-1,-1
201501QA10410,1,9,0,5,0,6,0,0,0,0,3,1,6,1,46,8,1598,1,12,-1,1,-1
201501QA10410,2,9,0,4,0,8,0,0,0,0,1,1,6,1,32,6,-1,-1,-1,-1,1,-1
201501QA10411,1,9,0,4,0,0,0,0,0,0,1,1,6,1,45,7,1299,1,13,-1,1,-1
201501QA10411,2,9,0,3,0,0,0,0,0,0,2,1,6,1,27,6,2000,2,5,-1,1,-1
201501QA10412,1,9,0,3,0,8,0,0,0,0,3,1,6,1,23,5,1596,1,15,-1,1,-1
201501QA10412,2,9,0,1,0,6,0,0,0,0,2,1,6,2,-1,-1,1590,1,10,-1,1,-1
201501QA10414,1,9,0,18,0,0,0,0,0,0,1,1,6,2,33,6,1798,1,7,-1,1,-1
201501QA10414,2,9,0,6,0,0,0,0,0,0,4,1,6,2,46,8,1995,2,6,-1,1,-1
201501QA10415,1,9,0,8,0,8,0,0,0,0,1,1,6,1,37,7,1198,1,2,-1,1,-1
201501QA10415,2,9,0,7,0,5,0,7,0,0,1,1,6,2,35,6,-1,-1,-1,-1,1,-1
201501QA10416,1,9,0,18,0,0,0,0,0,0,1,1,6,1,59,9,1339,1,8,-1,1,-1
201501QA10416,2,9,0,6,0,0,0,0,0,0,1,1,6,1,23,5,1798,1,7,-1,1,-1
201501QA10417,1,11,0,3,0,0,0,0,0,0,2,1,1,1,41,7,7300,2,10,-1,1,-1
201501QA10417,2,9,0,14,0,0,0,0,0,0,3,1,2,2,36,7,1124,1,11,-1,1,-1
201501QA10417,3,9,0,14,0,0,0,0,0,0,4,1,1,1,60,9,2179,2,-1,-1,1,-1
201501QA10418,1,9,0,18,0,0,0,0,0,0,3,1,6,1,53,8,1598,1,2,-1,1,-1
201501QA10418,2,9,0,18,0,0,0,0,0,0,3,1,6,1,-1,-1,1399,2,9,-1,1,-1
201501QA10419,1,9,0,18,0,8,0,0,0,0,3,1,6,1,64,9,1242,1,14,-1,1,-1
201501QA10419,2,20,0,9,0,8,0,0,0,0,1,1,6,1,-1,-1,-1,-1,-1,-1,1,-1
201501QA10420,1,9,0,5,0,8,0,10,3,1,1,1,6,1,78,11,1339,1,4,-1,1,-1
201501QA10420,2,8,0,18,0,8,0,0,0,0,4,1,1,1,33,6,1997,2,3,-1,1,-1
201501QA10422,1,9,0,17,0,0,0,0,0,0,3,1,6,1,40,7,1590,1,13,-1,1,-1
201501QA10424,1,9,0,2,0,8,0,0,0,0,2,1,6,3,-1,-1,1364,1,8,-1,-1,-1
201501QA10424,2,5,0,18,0,8,0,4,1,2,1,1,6,1,38,7,599,1,5,-1,1,-1
201501QA10426,1,4,0,4,0,1,1,0,0,0,0,1,6,1,50,8,124,1,13,-1,1,-1
201501QA10427,1,9,0,9,0,1,0,0,0,0,1,1,6,1,-1,-1,999,1,2,-1,1,-1
201501QA10428,1,9,0,18,0,1,0,0,0,0,1,1,3,2,-1,-1,-1,-1,-1,-1,-1,-1
201501QA10429,1,19,0,2,0,0,0,0,0,0,2,1,1,1,41,7,1968,2,3,-1,2,-1
201501QA10429,2,19,0,18,0,0,0,4,0,0,1,1,6,1,-1,-1,1248,2,1,-1,-1,-1
201501QA10430,1,9,0,3,0,1,0,0,0,0,4,1,6,2,34,6,1997,2,6,-1,1,-1
201501QA10430,2,9,0,5,0,1,0,0,0,0,3,1,6,2,30,6,1364,1,8,-1,1,-1
201501QA10431,1,9,0,18,0,0,0,0,0,0,1,1,6,1,52,8,1396,1,5,-1,3,-1
201501QA10432,1,9,0,18,0,8,0,10,1,7,3,1,6,2,22,5,1364,1,7,-1,1,-1
201501QA10432,2,9,0,9,0,8,0,0,0,0,1,1,6,2,27,6,-1,-1,-1,-1,-1,-1
201501QA10434,1,9,0,3,0,1,0,0,0,0,2,1,6,1,32,6,1784,1,7,-1,1,-1
201501QA10434,2,9,0,18,0,1,0,0,0,0,1,1,6,1,55,8,2777,2,8,-1,-1,-1
201501QA10435,1,11,0,5,0,0,0,0,0,0,0,1,1,1,60,9,7300,2,13,-1,1,-1
201501QA10436,1,9,0,5,0,0,0,0,0,0,1,1,6,2,34,6,1685,2,2,-1,1,-1
201501QA10436,2,9,0,3,0,0,0,0,0,0,2,1,6,1,38,7,1997,2,2,-1,1,-1
201501QA10437,1,9,0,6,0,0,0,0,0,0,3,1,6,1,43,7,1598,1,13,-1,-1,-1
201501QA10437,2,5,0,13,0,0,0,0,0,0,1,1,6,1,46,8,918,1,19,-1,1,-1
201501QA10438,1,19,0,9,0,6,0,7,0,0,1,1,1,1,61,9,2198,2,1,-1,1,-1
201501QA10438,2,9,0,18,0,8,0,0,0,0,4,1,2,2,27,6,1598,2,-1,-1,1,-1
201501QA10439,1,9,0,18,0,8,0,0,0,0,3,1,6,1,51,8,1497,8,9,-1,1,-1
201501QA10439,2,9,0,9,0,8,0,0,0,0,1,1,6,1,21,5,1229,1,6,-1,1,-1
201501QA10440,1,9,0,18,0,8,0,0,0,0,4,1,6,1,23,5,1124,1,14,-1,1,-1
201501QA10440,2,9,0,9,0,8,0,0,0,0,1,1,6,1,-1,-1,-1,-1,-1,-1,-1,-1
201501QA10441,1,9,0,9,0,2,0,0,0,0,1,1,2,1,26,6,2191,2,1,-1,-1,-1
201501QA10441,2,2,0,14,0,1,1,0,0,0,4,1,2,2,29,6,108,1,3,-1,1,-1
201501QA10442,1,9,0,9,0,8,0,0,0,0,1,1,6,2,36,7,2777,2,7,-1,1,-1
201501QA10442,2,9,0,12,0,8,0,0,0,0,3,1,6,2,22,5,1598,1,9,-1,1,-1
201501QA10443,1,9,0,3,0,0,0,0,0,0,2,1,6,2,48,8,1997,1,11,-1,-1,-1
201501QA10443,2,9,0,18,0,0,0,0,0,0,1,1,6,2,25,5,1598,2,1,-1,1,-1
201501QA10443,3,9,0,3,0,0,0,0,0,0,2,1,6,1,26,6,1595,1,11,-1,1,-1
201501QA10444,1,9,0,7,0,5,0,0,0,0,3,1,6,1,49,8,1896,1,19,-1,1,-1
201501QA10444,2,9,0,5,0,6,0,4,3,10,1,1,6,2,85,11,1390,1,3,-1,1,-1
201501QA10444,3,19,0,2,0,8,0,0,0,0,3,1,6,3,-1,-1,1867,2,11,-1,-1,-1
201501QA10445,1,9,0,18,0,8,0,0,0,0,4,1,2,2,48,8,1598,1,14,-1,1,-1
201501QA10445,2,9,0,9,0,8,0,0,0,0,3,1,6,2,23,5,1598,1,5,-1,1,-1
201501QA10446,1,11,0,4,2,1,0,0,0,0,3,1,1,1,29,6,4500,2,4,-1,1,-1
201501QA10446,2,9,0,11,2,1,0,0,0,0,4,1,2,2,53,8,1997,2,7,-1,1,-1
201501QA10447,1,3,0,13,0,1,0,4,0,0,2,1,6,1,19,4,125,1,2,-1,1,-1
201501QA10447,2,9,0,2,0,1,0,0,0,0,3,1,6,3,-1,-1,1781,1,15,-1,-1,-1
201501QA10447,3,9,0,18,0,1,0,0,0,0,2,1,6,1,58,9,2597,1,14,-1,1,-1
201501QA10448,1,9,0,3,0,1,0,0,0,0,2,1,6,2,24,5,1896,2,12,-1,1,-1
201501QA10448,2,9,0,18,0,1,0,0,0,0,1,1,6,2,-1,-1,1596,1,19,-1,-1,-1
201501QA10449,1,9,0,9,0,8,0,0,7,4,1,1,2,2,24,5,1598,1,9,-1,1,-1
201501QA10449,2,9,0,18,0,8,0,0,2,3,3,1,2,2,26,6,1229,1,10,-1,-1,-1
201501QA10450,1,9,0,9,0,8,0,0,0,0,1,1,6,2,38,7,1598,1,10,-1,1,-1
201501QA10450,2,2,0,18,0,8,0,0,0,0,4,1,6,1,17,4,124,1,8,-1,1,-1
201501QA10451,1,9,0,18,0,8,0,0,0,0,3,1,6,1,40,7,1896,2,10,-1,1,-1
201501QA10451,2,9,0,18,0,8,0,0,0,0,1,1,6,1,75,10,1590,1,12,-1,-1,-1
201501QA10452,1,9,0,11,0,0,0,0,0,0,1,1,6,1,57,9,1248,1,5,-1,1,-1
201501QA10452,2,8,0,18,0,0,0,0,0,0,1,1,6,1,46,8,1995,2,10,-1,1,-1
201501QA10453,1,9,0,18,0,0,0,0,0,0,1,2,6,1,30,6,-1,-1,-1,-1,-1,-1
201501QA10454,1,9,0,4,0,0,0,4,0,0,1,1,6,2,35,6,1389,1,17,-1,1,-1
201501QA10454,2,9,0,2,0,0,0,0,1,0,2,1,6,3,-1,-1,1997,1,13,-1,-1,-1
201501QA10455,1,9,0,7,0,2,0,0,0,0,3,1,6,1,46,8,2969,2,7,-1,1,-1
201501QA10456,1,9,0,9,0,5,0,0,0,0,1,1,2,2,52,8,-1,-1,-1,-1,1,-1
201501QA10457,1,9,0,4,0,2,0,0,0,0,1,1,6,1,40,7,1242,1,13,-1,1,-1
201501QA10457,2,9,0,14,0,1,0,0,0,0,1,1,6,1,55,8,2387,2,14,-1,-1,-1
201501QA10458,1,9,0,18,0,2,0,10,1,2,1,1,6,1,48,8,2143,2,-1,-1,1,-1
201501QA10459,1,3,0,14,0,6,0,0,0,0,4,1,6,1,19,4,124,1,2,-1,1,-1
201501QA10459,2,9,0,5,0,6,0,0,0,0,1,1,6,2,43,7,1596,1,14,-1,1,-1
201501QA10461,1,9,0,16,0,0,1,0,0,0,1,1,6,2,50,8,1560,2,5,-1,1,-1
201501QA10461,2,9,0,17,0,0,0,0,0,0,1,1,6,2,25,5,2979,1,-1,-1,1,-1
201501QA10462,1,9,0,9,0,2,1,10,7,0,1,1,6,1,22,5,1596,1,18,-1,1,-1
201501QA10462,2,9,0,3,0,1,0,10,1,0,3,1,6,1,42,7,2204,2,10,-1,1,-1
201501QA10463,1,9,0,18,0,8,0,0,0,0,2,1,6,2,65,9,1796,1,12,-1,1,-1
201501QA10463,2,9,0,18,0,8,0,0,0,0,1,1,6,1,-1,-1,1781,1,13,-1,-1,-1
201501QA10464,1,9,0,16,0,1,0,0,0,0,2,1,6,2,28,6,1299,1,15,-1,1,-1
201501QA10464,2,19,0,16,0,1,0,0,0,0,1,1,6,1,-1,-1,1997,2,2,-1,-1,-1
201501QA10465,1,9,0,3,0,1,0,0,0,0,1,1,3,1,43,7,1591,1,3,-1,1,-1
201501QA10465,2,19,0,1,0,1,0,0,0,0,2,1,6,1,25,5,2402,2,6,-1,-1,-1
201501QA10466,1,9,0,6,0,1,0,0,0,0,2,1,6,1,57,9,799,2,5,-1,1,-1
201501QA10466,2,9,0,17,0,1,0,0,0,0,1,1,6,2,32,6,1198,1,9,-1,1,-1
201501QA10467,1,9,0,2,0,0,0,0,0,0,3,1,6,2,40,7,1984,1,13,-1,1,-1
201501QA10467,2,11,0,18,0,0,0,4,0,0,4,1,6,3,-1,-1,7300,2,11,-1,-1,-1
201501QA10468,1,9,0,9,0,8,0,0,0,0,1,1,6,2,35,6,1975,1,8,-1,1,-1
201501QA10468,2,9,0,9,0,8,0,0,0,0,4,1,6,2,43,7,999,1,2,-1,1,-1
201501QA10469,1,9,0,4,0,1,0,0,0,0,2,1,6,2,25,5,998,1,-1,-1,1,-1
201501QA10469,2,9,0,18,0,1,0,0,0,0,1,1,6,1,66,10,1796,1,13,-1,1,-1
201501QA10470,1,9,0,9,0,1,0,0,0,0,3,1,6,2,27,6,-1,-1,-1,-1,1,-1
201501QA10470,2,3,0,18,0,1,0,0,0,0,1,1,6,1,21,5,125,1,10,-1,1,-1
201501QA10471,1,3,0,18,0,0,0,0,0,0,1,1,6,3,-1,-1,-1,-1,-1,-1,-1,-1
201501QA10472,1,9,0,18,0,1,0,0,0,0,1,1,6,2,29,6,1590,1,10,-1,1,-1
201501QA10472,2,9,0,9,0,1,0,0,0,0,3,1,6,1,60,9,2987,2,3,-1,1,-1
201501QA10475,1,9,0,9,0,5,0,0,0,0,4,1,6,2,35,6,3456,8,3,-1,1,-1
201501QA10475,2,2,0,15,0,8,0,0,0,0,1,1,6,1,18,4,124,1,7,-1,1,-1
201501QA10476,1,11,0,4,0,1,0,0,0,0,0,1,1,1,23,5,5883,2,13,-1,1,-1
201501QA10477,1,3,0,18,0,8,0,0,0,0,1,1,1,1,20,4,108,1,-1,-1,1,-1
201501QA10477,2,19,0,5,0,6,0,0,0,0,3,1,6,1,-1,-1,-1,-1,-1,-1,-1,-1
201501QA10478,1,9,0,2,0,0,0,0,0,0,4,1,6,2,47,8,998,1,16,-1,1,-1
201501QA10478,2,9,0,18,0,0,0,4,0,0,3,1,6,3,-1,-1,-1,-1,-1,-1,-1,-1
201501QA10479,1,9,0,3,0,0,0,0,0,0,3,1,6,1,34,6,2143,2,4,-1,1,-1
201501QA10479,2,9,0,14,0,0,0,0,0,0,4,1,6,1,-1,-1,1461,2,11,-1,1,-1
201501QA10480,1,9,0,18,0,2,0,0,0,0,1,1,6,2,21,5,1364,1,7,-1,1,-1
201501QA10480,2,9,0,3,0,2,0,0,0,0,2,1,1,1,33,6,1896,2,7,-1,1,-1
201501QA10482,1,9,0,18,0,2,0,0,0,0,1,1,6,1,37,7,1397,1,14,-1,1,-1
201501QA10483,1,9,0,18,0,2,0,0,0,0,1,1,1,1,30,6,1299,1,17,-1,1,-1
201501QA10484,1,9,0,9,0,1,0,0,0,0,1,1,3,1,35,6,1598,1,8,-1,1,-1
201501QA10484,2,3,0,18,0,1,0,0,0,0,3,1,1,1,42,7,125,1,4,-1,1,-1
201501QA10485,1,19,0,18,0,1,0,10,1,3,1,1,1,1,36,7,1968,2,3,-1,1,-1
201501QA10486,1,9,0,18,0,1,1,0,0,0,1,1,6,2,42,7,1997,1,5,-1,1,-1
201501QA10486,2,9,0,5,0,1,0,0,0,0,3,1,6,1,27,6,1797,8,6,-1,1,-1
201501QA10487,1,9,0,18,0,8,0,10,7,1,4,1,6,1,47,8,1998,1,9,-1,1,-1
201501QA10487,2,9,0,18,0,8,0,0,0,0,1,1,6,2,25,5,2099,1,12,-1,1,-1
201501QA10488,1,11,0,9,0,2,0,0,0,0,1,1,1,1,44,7,4500,2,4,-1,1,-1
201501QA10489,1,9,0,9,0,1,0,0,0,0,1,1,6,3,-1,-1,-1,-1,-1,-1,-1,-1
201501QA10490,1,11,0,2,0,1,0,0,0,0,3,1,1,2,-1,-1,-1,-1,-1,-1,1,-1
201501QA10490,2,9,0,14,0,1,0,4,0,0,4,1,6,3,-1,-1,1596,1,12,-1,-1,-1
201501QA10491,1,9,0,4,0,2,0,0,0,0,2,1,6,2,26,6,1229,1,4,-1,1,-1
201501QA10491,2,9,0,18,0,2,0,0,0,0,1,1,6,3,-1,-1,-1,-1,-1,-1,-1,-1
201501QA10493,1,19,0,4,0,0,0,0,0,0,2,1,6,1,40,7,2461,2,12,-1,1,-1
201501QA10493,2,9,0,4,0,0,0,0,0,0,2,1,6,1,56,9,2143,2,3,-1,1,-1
201501QA10493,3,9,0,18,0,0,0,0,0,0,1,1,6,1,46,8,1299,1,13,-1,1,-1
201501QA10494,1,3,0,18,0,0,0,0,0,0,3,1,1,1,22,5,125,1,7,-1,1,-1
201501QA10494,2,9,0,14,0,0,0,0,0,0,3,1,6,1,71,10,1598,1,4,-1,1,-1
201501QA10495,1,9,0,9,0,1,0,0,0,0,3,1,6,2,53,8,2295,1,12,-1,1,-1
201501QA10495,2,5,0,13,0,1,0,10,7,10,1,1,6,1,22,5,599,1,17,-1,1,-1
201501QA10496,1,9,0,9,0,8,0,0,0,0,1,1,6,1,51,8,1248,2,5,-1,1,-1
201501QA10496,2,9,0,18,0,8,1,7,1,1,1,1,6,1,24,5,1598,1,1,-1,-1,-1
201501QA10496,3,9,0,3,0,1,0,0,0,0,1,1,6,1,26,6,1796,1,14,-1,1,-1
201501QA10497,1,9,0,17,0,0,0,0,0,0,4,1,6,2,45,7,1400,1,10,-1,1,-1
201501QA10498,1,9,0,18,0,8,0,0,0,0,1,1,6,3,-1,-1,1595,1,3,-1,1,-1
201501QA10499,1,9,0,9,0,1,0,0,0,0,3,1,6,2,53,8,1598,1,-1,-1,1,-1
201501QA10499,2,9,0,18,0,1,0,0,0,0,1,1,6,2,48,8,1896,2,11,-1,1,-1
201501QA10500,1,9,0,9,0,8,0,0,0,0,1,1,6,2,18,4,875,1,4,-1,1,-1
201501QA10500,2,19,0,1,0,8,0,0,0,0,2,1,6,1,-1,-1,-1,-1,-1,-1,-1,-1
201501QA10501,1,1,0,18,0,1,0,0,0,0,1,1,2,1,28,6,-1,-1,-1,-1,1,-1
201501QA10501,2,9,0,9,0,1,0,0,0,0,4,1,6,2,47,8,1229,1,3,-1,1,-1
201501QA10502,1,9,0,4,0,2,0,0,0,0,2,1,6,1,34,6,1360,1,12,-1,1,-1
201501QA10502,2,9,0,4,0,2,0,0,0,0,1,1,6,2,17,4,-1,-1,-1,-1,1,-1
201501QA10502,3,9,0,4,0,2,0,0,0,0,2,1,6,1,57,9,-1,-1,-1,-1,1,-1
201501QA10504,1,9,0,5,0,8,0,0,0,0,1,1,1,1,31,6,1598,1,13,-1,1,-1
201501QA10504,2,9,0,18,0,8,0,4,1,10,4,1,2,1,22,5,1198,1,9,-1,1,-1
201501QA10504,3,9,0,2,0,2,0,0,0,0,4,1,6,3,-1,-1,-1,-1,-1,-1,-1,-1
201501QA10505,1,9,0,18,0,8,0,0,0,0,1,1,6,2,26,6,1995,2,8,-1,1,-1
201501QA10505,2,9,0,9,0,8,0,0,0,0,4,1,6,1,25,5,1149,1,11,-1,1,-1
201501QA10506,1,9,0,5,0,8,0,0,0,0,3,1,6,1,40,7,2499,1,7,-1,1,-1
201501QA10506,2,1,0,17,0,8,0,0,0,0,1,1,6,1,35,6,-1,-1,-1,-1,1,-1
201501QA10507,1,19,0,14,0,1,0,0,0,0,1,1,6,1,29,6,1560,2,1,-1,1,-1
201501QA10507,2,1,0,9,0,1,0,0,0,0,3,1,1,2,36,7,-1,-1,-1,-1,1,-1
201501QA10508,1,9,0,17,0,8,0,0,0,0,1,1,6,2,65,9,1598,1,4,-1,1,-1
201501QA10508,2,9,0,9,0,8,0,0,0,0,3,1,6,2,36,7,1240,1,9,-1,1,-1
201501QA10509,1,9,0,18,0,8,0,0,0,0,1,1,6,2,36,7,2171,1,13,-1,1,-1
201501QA10509,2,9,0,18,0,8,0,0,0,0,4,1,6,2,20,4,1240,1,8,-1,1,-1
201501QA10510,1,9,0,18,0,8,0,0,0,0,4,1,1,2,-1,-1,-1,-1,-1,-1,-1,-1
201501QA10511,1,9,0,3,0,2,0,0,0,0,1,1,6,2,59,9,1596,1,3,-1,1,-1
201501QA10511,2,9,0,1,0,1,0,0,0,0,2,1,6,2,-1,-1,1997,1,14,-1,-1,-1
201501QA10512,1,9,0,18,0,2,0,0,0,0,1,1,6,1,77,11,1398,2,12,-1,1,-1
201501QA10513,1,9,0,3,0,0,0,0,0,0,2,1,6,2,49,8,1590,1,14,-1,1,-1
201501QA10513,2,9,0,18,0,0,0,0,0,0,1,1,2,1,39,7,1397,1,14,-1,1,-1
201501QA10513,3,9,0,3,0,0,0,0,0,0,2,1,6,2,28,6,-1,-1,-1,-1,-1,-1
201501QA10513,4,9,0,3,0,0,0,0,0,0,2,1,6,2,26,6,1560,2,5,-1,1,-1
201501QA10514,1,9,0,17,0,8,0,0,0,0,3,1,6,1,21,5,-1,-1,-1,-1,1,-1
201501QA10514,2,9,0,17,0,8,0,0,0,0,1,1,6,1,24,5,2497,1,13,-1,1,-1
201501QA10516,1,9,0,18,0,0,0,0,0,0,1,1,6,3,-1,-1,-1,-1,-1,-1,-1,-1
201501QA10517,1,9,0,2,0,1,0,0,0,0,3,1,6,1,37,7,998,1,-1,-1,1,-1
201501QA10517,2,9,0,18,0,1,0,4,0,0,1,1,6,1,-1,-1,-1,-1,-1,-1,-1,-1
201501QA10518,1,9,0,9,0,8,0,0,0,0,3,1,6,2,46,8,1343,1,11,-1,1,-1
201501QA10518,2,3,0,15,0,8,0,10,7,2,1,1,6,1,36,7,750,1,9,-1,1,-1
201501QA10519,1,9,0,9,0,8,0,0,0,0,1,1,6,1,29,6,1984,1,7,-1,1,-1
201501QA10519,2,9,0,18,0,8,0,0,0,0,3,1,6,1,48,8,1497,8,11,-1,1,-1
201501QA10520,1,9,0,5,0,1,0,0,0,0,2,1,6,1,64,9,1997,2,11,-1,1,-1
201501QA10520,2,9,0,18,0,1,0,0,0,0,1,1,6,1,-1,-1,1596,1,9,-1,-1,-1
201501QA10521,1,9,0,9,0,8,0,0,0,0,2,1,3,2,29,6,1198,1,1,-1,1,-1
201501QA10521,2,9,0,18,0,8,0,0,0,0,1,1,3,2,28,6,1598,1,15,-1,1,-1
201501QA10522,1,9,0,5,0,1,0,0,0,0,2,1,6,2,26,6,1968,2,11,-1,1,-1
201501QA10522,2,9,0,5,0,1,0,0,0,0,1,1,6,2,39,7,1598,1,3,-1,1,-1
201501QA10523,1,8,0,18,0,3,0,0,0,0,4,1,1,1,42,7,1797,8,4,-1,1,-1
201501QA10523,2,9,0,18,0,3,0,0,0,0,3,1,6,2,50,8,1598,1,2,-1,-1,-1
201501QA10524,1,9,0,18,0,1,0,0,0,0,1,1,6,1,34,6,1248,2,7,-1,1,-1
201501QA10525,1,9,0,7,0,8,0,0,0,0,1,1,6,1,22,5,1781,1,13,-1,1,-1
201501QA10525,2,9,0,18,0,8,0,10,7,0,4,1,2,1,35,6,1995,2,5,-1,1,-1
201501QA10526,1,9,0,18,0,1,0,10,7,0,1,1,6,1,37,7,2494,1,15,-1,1,-1
201501QA10526,2,9,0,9,0,1,0,10,3,10,3,1,6,2,53,8,1796,1,12,-1,1,-1
201501QA10527,1,9,0,4,0,1,0,0,0,0,2,1,6,2,22,5,1364,1,9,-1,1,-1
201501QA10527,2,19,0,18,0,1,0,0,0,0,1,1,6,1,42,7,1753,2,7,-1,1,-1
201501QA10528,1,9,0,5,0,8,0,0,0,0,1,1,6,2,51,8,1596,1,1,-1,1,-1
201501QA10528,2,9,0,18,0,8,0,0,0,0,4,1,6,1,49,8,1991,2,8,-1,1,-1
201501QA10529,1,9,0,5,0,6,0,0,0,0,1,1,6,1,-1,-1,2497,2,10,-1,-1,-1
201501QA10530,1,9,0,18,0,8,0,0,0,0,1,1,3,2,51,8,1195,1,18,-1,1,-1
201501QA10530,2,9,0,5,0,6,0,0,0,0,3,1,1,2,25,5,1984,1,3,-1,1,-1
201501QA10532,1,9,0,18,0,1,0,0,0,0,3,1,3,2,44,7,1229,1,5,-1,1,-1
201501QA10532,2,19,0,9,0,1,0,0,0,0,1,1,1,1,36,7,1968,2,1,-1,1,-1
201501QA10533,1,9,0,4,0,0,0,0,0,0,3,1,6,2,48,8,1799,1,5,-1,1,-1
201501QA10533,2,19,0,18,0,0,0,0,0,0,3,1,1,1,-1,-1,4580,2,2,-1,-1,-1
201501QA10534,1,9,0,18,0,0,0,4,1,10,1,1,6,1,85,11,1332,1,18,-1,1,-1
201501QA10534,2,9,0,2,0,0,0,0,0,0,4,1,6,1,36,7,1242,1,5,-1,-1,-1
201501QA10534,3,9,0,2,9,0,0,0,0,0,2,1,6,1,34,6,1398,2,3,-1,-1,-1
201501QA10535,1,11,0,9,0,5,1,0,0,0,1,1,1,1,38,7,4760,2,2,-1,1,-1
201501QA10537,1,3,0,4,0,0,0,0,0,0,1,1,1,1,32,6,124,1,6,-1,1,-1
201501QA10537,2,9,0,5,0,0,0,0,0,0,3,1,6,2,-1,-1,-1,-1,-1,-1,-1,-1
201501QA10539,1,9,0,18,0,1,0,0,0,0,4,1,6,3,-1,-1,-1,-1,-1,-1,-1,-1
201501QA10541,1,9,0,3,0,1,0,0,0,0,2,1,6,2,78,11,-1,-1,-1,-1,1,-1
201501QA10541,2,9,0,18,0,1,0,0,0,0,1,1,6,2,-1,-1,1590,1,12,-1,-1,-1
201501QA10542,1,9,0,5,0,1,0,0,0,0,3,1,6,2,47,8,1598,1,-1,-1,1,-1
201501QA10542,2,11,0,5,0,1,0,0,0,0,4,1,6,3,-1,-1,-1,-1,-1,-1,-1,-1
201501QA10543,1,9,0,18,0,0,0,0,0,0,1,1,6,2,23,5,1398,1,-1,-1,1,-1
201501QA10543,2,9,0,5,0,0,0,0,0,0,1,1,6,1,-1,-1,-1,-1,-1,-1,1,-1
201501QA19001,1,9,0,9,0,5,0,0,0,0,4,1,6,1,55,8,2000,1,18,-1,1,-1
201501QA19001,2,3,0,18,0,8,0,0,0,0,1,1,1,1,29,6,125,1,6,-1,-1,-1
201501QA19002,1,9,0,9,0,1,0,0,0,0,4,1,6,2,51,8,1339,1,7,-1,1,-1
201501QA19002,2,9,0,18,2,1,0,0,0,0,1,1,6,2,32,6,2996,1,10,-1,1,-1
201501QA19003,1,9,0,9,0,5,0,0,0,0,1,1,1,1,55,8,1686,2,4,-1,1,-1
201501QA19004,1,9,0,2,0,8,0,0,0,0,3,1,6,1,29,6,-1,-1,-1,-1,1,-1