Accident_Index,Vehicle_Reference,Vehicle_Type,Towing_and_Articulation,Vehicle_Manoeuvre,Vehicle_Location-Restricted_Lane,Junction_Location,Skidding_and_Overturning,Hit_Object_in_Carriageway,Vehicle_Leaving_Carriageway,Hit_Object_off_Carriageway,1st_Point_of_Impact,Was_Vehicle_Left_Hand_Drive?,Journey_Purpose_of_Driver,Sex_of_Driver,Age_of_Driver,Age_Band_of_Driver,Engine_Capacity_(CC),Propulsion_Code,Age_of_Vehicle,Driver_IMD_Decile,Driver_Home_Area_Type,Vehicle_IMD_Decile
201501QK50157,1,5,0,14,0,0,0,0,0,0,1,1,6,1,52,8,1340,1,5,-1,1,-1
201501QK50157,2,8,0,6,0,0,0,0,0,0,3,1,6,1,25,5,1560,2,7,-1,-1,-1
201501QK50158,1,9,0,18,0,0,0,0,0,0,1,1,6,1,65,9,6750,1,18,-1,1,-1
201501QK50159,1,9,0,3,0,1,0,0,0,0,2,1,6,2,29,6,1364,1,10,-1,1,-1
201501QK50159,2,9,0,18,0,1,0,0,0,0,1,1,6,1,-1,-1,-1,-1,-1,-1,-1,-1
201501QK50160,1,9,0,18,0,1,0,0,0,0,3,1,6,1,50,8,1796,1,13,-1,1,-1
201501QK50160,2,9,0,9,0,1,0,0,0,0,1,1,6,2,59,9,2143,2,1,-1,1,-1
201501QK50161,1,9,0,18,0,2,0,0,0,0,4,1,6,2,-1,-1,-1,-1,-1,-1,-1,-1
201501QK50162,1,9,0,18,0,1,0,0,0,0,3,1,6,1,27,6,1995,2,13,-1,1,-1
201501QK50162,2,19,0,9,0,1,0,0,0,0,1,1,6,1,35,6,2143,2,2,-1,-1,-1
201501QK50163,1,1,0,18,0,1,0,0,0,0,4,1,6,1,28,6,-1,-1,-1,-1,1,-1
201501QK50163,2,9,0,5,0,1,0,0,0,0,1,1,6,1,30,6,1995,1,7,-1,-1,-1
201501QK50165,1,9,0,18,0,1,0,0,0,0,1,1,6,2,-1,-1,-1,-1,-1,-1,-1,-1
201501QK50166,1,9,0,18,0,1,0,0,0,0,4,1,6,1,75,10,1242,1,9,-1,1,-1
201501QK50167,1,11,0,5,0,8,0,0,0,0,0,1,1,1,64,9,4500,2,4,-1,1,-1
201501QK50168,1,11,0,18,0,1,0,0,0,0,0,1,1,1,47,8,9360,2,5,-1,1,-1
201501QK50169,1,11,0,2,0,2,0,0,0,0,0,1,1,2,-1,-1,4461,2,2,-1,1,-1
201501QK50170,1,9,0,18,0,8,0,0,0,0,3,1,6,1,32,6,-1,-1,-1,-1,1,-1
201501QK50170,2,9,0,9,0,8,0,0,0,0,1,1,6,1,73,10,1390,1,22,-1,1,-1
201501QK50171,1,11,0,4,0,1,0,0,0,0,0,1,1,1,49,8,9360,2,5,-1,1,-1
201501QK50172,1,9,0,4,0,2,0,0,0,0,2,1,6,1,35,6,2494,1,16,-1,-1,-1
201501QK50172,2,9,0,18,0,2,0,0,0,0,1,1,6,3,-1,-1,1796,1,8,-1,-1,-1
201501QK50173,1,9,0,9,0,8,0,0,0,0,1,1,6,1,34,6,1590,1,16,-1,1,-1
201501QK50173,2,3,0,14,0,8,0,0,0,0,4,1,6,1,26,6,124,1,1,-1,1,-1
201501QK50173,3,9,0,3,0,8,0,0,0,0,3,1,6,1,30,6,1599,1,13,-1,1,-1
201501QK50174,1,9,0,18,0,0,0,0,0,0,1,1,6,1,29,6,1896,2,10,-1,1,-1
201501QK50174,2,3,0,18,0,0,0,0,0,0,1,1,6,1,40,7,125,1,5,-1,1,-1
201501QK50175,1,9,0,3,0,1,0,0,0,0,2,1,6,1,31,6,1685,2,2,-1,1,-1
201501QK50175,2,9,0,18,0,1,0,0,0,0,1,1,6,1,-1,-1,1560,2,9,-1,-1,-1
201501QK50177,1,9,0,18,0,0,0,0,0,0,1,1,6,2,38,7,1910,2,10,-1,1,-1
201501QK50177,2,9,0,18,0,0,0,0,0,0,1,1,6,2,62,9,-1,-1,-1,-1,1,-1
201501QK50179,1,9,0,18,0,0,0,0,0,0,3,1,6,1,38,7,2926,2,10,-1,1,-1
201501QK50179,2,9,0,18,0,0,0,0,0,0,3,1,6,1,39,7,1796,1,3,-1,-1,-1
201501QK50180,1,9,0,2,0,1,0,0,0,0,3,1,6,1,-1,-1,-1,-1,-1,-1,-1,-1
201501QK50180,2,1,0,18,0,1,0,0,0,0,4,1,6,2,25,5,-1,-1,-1,-1,1,-1
201501QK50181,1,9,0,16,0,0,0,0,0,0,3,1,6,1,33,6,-1,-1,-1,-1,1,-1
201501QK50181,2,9,0,17,0,0,0,0,0,0,3,1,6,2,-1,-1,1242,1,11,-1,-1,-1
201501QK50182,1,11,0,18,0,1,0,0,0,0,0,1,1,1,27,6,7300,2,12,-1,1,-1
201501QK50184,1,9,0,2,0,2,0,0,0,0,3,1,6,1,25,5,1896,2,9,-1,1,-1
201501QK50184,2,1,0,18,0,2,0,0,0,0,1,1,6,2,34,6,-1,-1,-1,-1,1,-1
201501QK50187,1,9,0,18,0,8,0,0,0,0,1,1,6,2,24,5,1199,1,14,-1,1,-1
201501QK50187,2,9,0,9,0,8,0,0,0,0,3,1,6,1,30,6,-1,-1,-1,-1,1,-1
201501QK50188,1,1,0,18,0,1,0,8,0,0,4,1,6,1,37,7,-1,-1,-1,-1,-1,-1
201501QK50188,2,9,0,2,0,1,0,0,0,0,3,1,6,3,-1,-1,-1,-1,-1,-1,-1,-1
201501QK50189,1,9,0,18,0,0,0,0,0,0,1,1,6,1,43,7,1796,1,7,-1,1,-1
201501QK50190,1,9,0,3,0,0,0,0,0,0,2,1,6,1,31,6,2000,1,8,-1,1,-1
201501QK50190,2,9,0,18,0,0,0,0,0,0,1,1,6,3,-1,-1,-1,-1,-1,-1,-1,-1
201501QK50191,1,9,0,12,0,0,0,0,0,0,3,1,6,1,30,6,1896,2,12,-1,1,-1
201501QK50191,2,2,0,13,0,0,1,4,0,0,4,1,6,1,27,6,125,1,1,-1,1,-1
201501QK50191,3,9,0,2,0,0,0,4,0,0,2,1,6,1,19,4,1364,1,7,-1,1,-1
201501QK50191,4,9,0,2,0,0,0,0,0,0,1,1,6,1,31,6,1497,8,8,-1,1,-1
201501QK50192,1,9,0,5,0,0,0,0,0,0,3,1,6,2,-1,-1,-1,-1,-1,-1,-1,-1
201501QK50193,1,9,0,4,0,1,0,0,0,0,2,1,6,1,57,9,-1,-1,-1,-1,1,-1
201501QK50193,2,9,0,18,0,1,0,0,0,0,1,1,6,1,21,5,1299,1,12,-1,-1,-1
201501QK50194,1,9,0,8,0,1,0,0,0,0,2,1,6,2,42,7,1590,1,12,-1,1,-1
201501QK50194,2,9,0,16,0,1,0,0,0,0,1,1,1,1,39,7,-1,-1,-1,-1,1,-1
201501QK50195,1,2,0,18,0,8,0,0,0,0,4,1,6,1,44,7,125,1,6,-1,1,-1
201501QK50195,2,9,0,7,0,8,0,0,0,0,1,1,6,3,-1,-1,-1,-1,-1,-1,-1,-1
201501QK50196,1,9,0,3,0,1,0,10,1,10,2,1,6,2,42,7,-1,-1,-1,-1,-1,-1
201501QK50196,2,19,0,17,0,1,0,0,0,0,1,1,6,1,25,5,1996,2,2,-1,1,-1
201501QK50197,1,9,0,3,0,1,0,0,0,0,2,1,6,1,33,6,1968,2,10,-1,1,-1
201501QK50197,2,19,0,18,0,1,0,0,0,0,1,1,6,1,-1,-1,1995,2,8,-1,-1,-1
201501QK50198,1,9,0,18,0,2,0,4,0,0,1,1,6,1,20,4,1242,1,2,-1,1,-1
201501QK50200,1,9,0,18,0,0,0,0,0,0,1,1,6,1,44,7,1794,1,9,-1,1,-1
201501QK50200,2,9,0,18,0,0,0,0,0,0,1,1,6,1,47,8,1198,1,6,-1,1,-1
201501QK50202,1,9,0,9,0,2,0,0,0,0,1,1,6,1,57,9,-1,-1,-1,-1,1,-1
201501QK50202,2,2,0,14,0,1,0,0,0,0,1,1,6,2,31,6,124,1,2,-1,1,-1
201501QK50203,1,9,0,18,0,0,0,4,0,0,1,1,6,1,-1,-1,-1,-1,-1,-1,-1,-1
201501QK50203,2,9,0,3,0,0,0,0,0,0,2,1,6,2,43,7,2143,2,2,-1,-1,-1
201501QK50203,3,9,0,2,0,0,0,4,0,0,2,1,6,2,43,7,3199,1,16,-1,-1,-1
201501QK50203,4,9,0,2,0,0,0,0,0,0,1,1,6,2,52,8,2993,2,2,-1,-1,-1
201501QK50204,1,11,0,18,0,2,0,0,0,0,0,1,1,1,45,7,9000,2,8,-1,-1,-1
201501QK50205,1,9,0,18,0,0,5,4,0,0,1,1,6,1,35,6,2457,1,6,-1,-1,-1
201501QK50205,2,9,0,2,0,0,0,0,0,0,3,1,6,3,-1,-1,2171,2,14,-1,-1,-1
201501QK50205,3,9,0,2,0,0,0,0,0,0,1,1,6,3,-1,-1,-1,-1,-1,-1,-1,-1
201501QK50205,4,9,0,2,0,0,0,0,0,0,3,1,6,3,-1,-1,1229,1,4,-1,-1,-1
201501QK50205,5,9,0,2,0,0,0,0,0,0,3,1,6,3,-1,-1,-1,-1,-1,-1,-1,-1
201501QK50205,6,9,0,2,0,0,0,0,0,0,3,1,6,3,-1,-1,1995,2,10,-1,-1,-1
201501QK50205,7,9,0,18,0,0,0,0,0,0,0,1,1,1,32,6,-1,-1,-1,-1,-1,-1
201501QK50205,8,9,0,2,0,0,0,0,0,0,3,1,6,3,-1,-1,1995,1,11,-1,-1,-1
201501QK50206,1,9,0,18,0,0,0,0,0,0,1,1,6,1,20,4,-1,-1,-1,-1,-1,-1
201501QK50207,1,9,0,14,0,8,0,0,0,0,4,1,6,1,61,9,-1,-1,-1,-1,1,-1
201501QK50207,2,9,0,9,0,8,0,0,0,0,1,1,6,1,23,5,1968,2,10,-1,1,-1
201501QK50210,1,9,0,9,0,8,0,0,0,0,4,1,6,1,35,6,1796,1,14,-1,1,-1
201501QK50210,2,9,0,18,0,8,0,0,0,0,1,1,6,1,-1,-1,-1,-1,-1,-1,1,-1
201501QK50211,1,9,0,18,0,0,0,0,0,0,1,1,6,1,29,6,1198,1,13,-1,1,-1
201501QK50212,1,9,0,5,0,0,0,0,0,0,3,1,6,1,55,8,1597,1,16,-1,1,-1
201501QK50212,2,3,0,18,0,0,0,0,0,0,1,1,2,1,21,5,-1,-1,-1,-1,-1,-1
201501QK50213,1,9,0,6,0,0,0,0,0,0,4,1,6,2,40,7,1598,1,7,-1,1,-1
201501QK50213,2,11,0,18,0,0,0,0,0,0,1,1,1,1,29,6,7300,2,12,-1,1,-1
201501QK50214,1,9,0,18,0,1,0,0,0,0,1,1,6,2,50,8,2685,2,11,-1,1,-1
201501QK50214,2,9,0,7,0,2,0,0,0,0,3,1,6,1,-1,-1,1242,1,18,-1,1,-1
201501QK50215,1,9,0,18,0,0,0,0,0,0,1,1,6,2,54,8,1896,2,12,-1,1,-1
201501QK50215,2,9,0,18,0,0,0,0,0,0,1,1,6,3,-1,-1,-1,-1,-1,-1,-1,-1
201501QK50216,1,9,0,2,0,2,0,0,0,0,2,1,6,2,44,7,1796,1,4,-1,1,-1
201501QK50216,2,9,0,14,0,2,0,4,0,0,1,1,1,1,48,8,1598,1,5,-1,1,-1
201501QK50217,1,9,0,18,0,2,0,0,0,0,3,1,1,1,40,7,-1,-1,-1,-1,-1,-1
201501QK50217,2,9,0,18,0,1,0,0,0,0,1,1,6,2,65,9,1339,1,4,-1,1,-1
201501QK50219,1,5,0,18,0,2,0,10,1,2,3,1,2,2,30,6,645,1,6,-1,1,-1
201501QK50219,2,9,0,9,0,2,0,0,0,0,1,1,2,2,40,7,1598,1,2,-1,1,-1
201501QK50220,1,9,0,18,0,8,0,0,0,0,1,1,1,1,-1,-1,-1,-1,-1,-1,-1,-1
201501QK50220,2,9,0,9,0,8,0,0,0,0,4,1,6,1,70,10,-1,-1,-1,-1,1,-1
201501QK50222,1,9,0,3,0,0,0,0,0,0,2,2,6,2,28,6,-1,-1,-1,-1,1,-1
201501QK50222,2,9,0,18,0,0,0,0,0,0,1,1,6,2,43,7,1240,1,12,-1,1,-1
201501QK50223,1,3,0,18,0,0,0,0,0,0,1,1,1,1,21,5,124,1,7,-1,-1,-1
201501QK50223,2,9,0,18,0,0,0,0,0,0,3,1,6,1,42,7,2995,1,1,-1,1,-1
201501QK50224,1,9,0,4,0,1,0,0,0,0,1,1,6,2,22,5,1598,2,1,-1,1,-1
201501QK50224,2,19,0,3,0,1,0,0,0,0,2,1,6,2,51,8,2148,2,11,-1,1,-1
201501QK50225,1,3,0,5,0,1,0,0,0,0,4,1,6,1,25,5,599,1,1,-1,-1,-1
201501QK50225,2,9,0,13,0,1,0,0,0,0,3,1,6,1,40,7,1364,1,1,-1,1,-1
201501QK50226,1,3,0,13,0,1,0,0,0,0,4,1,2,1,18,4,125,1,2,-1,1,-1
201501QK50226,2,9,0,9,0,1,0,0,0,0,3,1,2,1,-1,-1,1248,2,4,-1,-1,-1
201501QK50228,1,11,0,5,0,2,0,0,0,0,0,1,1,1,46,8,-1,-1,-1,-1,1,-1
201501QK50229,1,9,0,18,0,1,0,0,0,0,1,1,1,2,28,6,1598,1,8,-1,1,-1
201501QK50230,1,9,0,4,0,1,0,0,0,0,2,1,6,2,38,7,1598,1,9,-1,1,-1
201501QK50230,2,9,0,18,0,1,0,0,0,0,1,1,6,1,42,7,-1,-1,-1,-1,1,-1
201501QK50231,1,9,0,4,0,1,0,0,0,0,2,1,6,1,41,7,1590,1,15,-1,1,-1
201501QK50231,2,9,0,18,0,1,0,0,0,0,1,1,6,3,-1,-1,1799,1,9,-1,-1,-1
201501QK50232,1,3,0,13,0,0,1,0,0,0,4,1,6,1,21,5,125,1,5,-1,1,-1
201501QK50233,1,9,0,10,0,8,0,0,0,0,2,1,6,2,45,7,1896,2,7,-1,1,-1
201501QK50233,2,21,0,18,0,8,0,0,0,0,1,1,1,1,25,5,-1,-1,-1,-1,1,-1
201501QK50234,1,9,0,18,0,0,0,0,0,0,2,1,2,1,43,7,1686,2,2,-1,1,-1
201501QK50234,2,9,0,18,0,0,0,10,5,7,1,1,2,1,54,8,-1,-1,-1,-1,1,-1
201501QK50236,1,9,0,18,0,0,0,0,0,0,4,1,6,1,36,7,-1,-1,-1,-1,1,-1
201501QK50236,2,9,0,5,0,0,0,4,0,0,3,1,6,1,22,5,1390,1,4,-1,1,-1
201501QK50236,3,9,0,2,0,0,0,4,0,0,2,1,6,1,46,8,1798,1,2,-1,-1,-1
201501QK50236,4,3,0,2,0,0,0,0,0,0,3,1,6,1,20,4,108,1,3,-1,-1,-1
201501QK50237,1,9,0,2,0,1,0,0,0,0,3,1,6,1,59,9,-1,-1,-1,-1,1,-1
201501QK50237,2,1,0,18,0,1,0,8,0,0,4,1,6,1,45,7,-1,-1,-1,-1,1,-1
201501QK50238,1,4,0,4,0,1,0,0,0,0,2,1,1,1,45,7,125,1,-1,-1,1,-1
201501QK50238,2,9,0,18,0,1,0,0,0,0,1,1,6,2,-1,-1,1796,1,14,-1,-1,-1
201501QK50239,1,9,0,18,0,0,0,4,0,0,1,1,6,1,44,7,1396,1,19,-1,1,-1
201501QK50240,1,3,0,18,0,8,0,0,0,0,1,1,2,1,52,8,125,1,8,-1,1,-1
201501QK50240,2,19,0,18,0,8,0,0,0,0,2,1,1,1,35,6,2400,2,13,-1,1,-1
201501QK50241,1,1,0,18,0,8,0,0,0,0,3,1,6,1,32,6,-1,-1,-1,-1,1,-1
201501QK50241,2,9,0,18,0,8,0,0,0,0,4,1,6,1,40,7,-1,-1,-1,-1,-1,-1
201501QK50242,1,9,0,18,0,1,0,0,0,0,3,1,6,1,29,6,1968,2,8,-1,1,-1
201501QK50243,1,8,0,18,0,8,0,0,0,0,1,1,1,1,32,6,1896,2,9,-1,-1,-1
201501QK50243,2,9,0,9,0,6,0,0,0,0,4,1,6,1,-1,-1,3199,1,17,-1,1,-1
201501QK50244,1,9,0,5,0,7,0,0,0,0,2,1,2,2,50,8,1590,1,11,-1,1,-1
201501QK50244,2,9,0,5,0,7,0,0,0,0,1,1,6,2,27,6,1968,2,6,-1,1,-1
201501QK50245,1,4,0,18,0,1,0,0,0,0,3,1,6,1,51,8,487,1,9,-1,1,-1
201501QK50245,2,9,0,11,0,1,0,0,0,0,4,1,6,1,38,7,1461,2,6,-1,1,-1
201501QK50246,1,8,0,18,0,1,0,0,0,0,1,1,1,1,38,7,-1,-1,-1,-1,1,-1
201501QK50247,1,9,0,7,0,5,0,0,0,0,1,1,6,2,27,6,1598,2,4,-1,1,-1
201501QK50247,2,9,0,8,0,1,0,0,0,0,3,1,1,1,50,8,1997,2,2,-1,1,-1
201501QK50248,1,1,0,18,0,8,0,0,0,0,1,1,6,1,26,6,-1,-1,-1,-1,1,-1
201501QK50248,2,9,0,9,0,5,0,0,0,0,4,1,6,1,-1,-1,-1,-1,-1,-1,-1,-1
201501QK50249,1,9,0,18,0,8,0,0,0,0,1,1,6,1,49,8,2460,2,8,-1,1,-1
201501QK50249,2,9,0,9,0,5,0,0,1,0,2,1,6,1,31,6,1999,1,8,-1,1,-1
201501QK50250,1,9,0,5,0,8,0,0,0,0,1,1,6,2,30,6,-1,-1,-1,-1,1,-1
201501QK50250,2,1,0,18,0,8,0,0,0,0,3,1,6,2,43,7,-1,-1,-1,-1,-1,-1
201501QK50251,1,9,0,18,0,0,0,0,0,0,1,1,6,1,71,10,1997,2,1,-1,1,-1
201501QK50251,2,9,0,18,0,0,0,0,0,0,2,1,6,1,57,9,1870,2,7,-1,1,-1
201501QK50253,1,1,0,18,0,8,0,0,0,0,4,1,6,1,33,6,-1,-1,-1,-1,1,-1
201501QK50253,2,9,0,16,0,8,0,0,0,0,1,1,6,3,-1,-1,-1,-1,-1,-1,-1,-1
201501QK50254,1,3,0,18,0,2,0,0,0,0,1,1,6,1,18,4,124,1,4,-1,1,-1
201501QK50254,2,9,0,9,0,2,0,0,0,0,3,1,6,1,44,7,1198,1,10,-1,1,-1
201501QK50255,1,5,0,9,0,8,1,0,0,0,3,1,6,1,56,9,599,1,11,-1,1,-1
201501QK50256,1,11,0,4,0,0,0,0,0,0,0,1,1,1,49,8,9360,2,5,-1,1,-1
201501QK50257,1,9,0,6,0,2,0,0,0,0,3,1,6,1,42,7,1995,2,6,-1,1,-1
201501QK50257,2,2,0,18,0,2,0,0,0,0,1,1,6,1,24,5,599,1,9,-1,-1,-1
201501QK50258,1,9,0,3,0,8,0,0,0,0,2,1,6,2,52,8,1598,1,4,-1,1,-1
201501QK50258,2,3,0,18,0,8,0,0,0,0,1,1,6,1,19,4,-1,-1,-1,-1,1,-1
201501QK50260,1,9,0,18,0,8,0,0,0,0,1,1,6,2,38,7,1998,1,7,-1,1,-1
201501QK50260,2,4,0,18,0,8,0,0,0,0,4,1,6,1,38,7,279,1,5,-1,1,-1
201501QK50261,1,9,0,5,0,1,0,0,0,0,3,1,6,2,22,5,998,1,2,-1,1,-1
201501QK50261,2,11,0,14,0,1,0,0,0,0,4,1,1,1,65,9,6700,2,6,-1,-1,-1
201501QK50262,1,9,0,3,0,1,0,0,0,0,3,1,6,2,27,6,1296,1,7,-1,1,-1
201501QK50262,2,21,0,14,0,1,0,0,0,0,3,1,1,1,-1,-1,4250,2,4,-1,-1,-1
201501QK50264,1,9,0,5,0,8,0,0,0,0,3,1,6,1,48,8,1400,2,10,-1,1,-1
201501QK50264,2,4,0,17,0,8,0,0,0,0,1,1,6,1,39,7,487,1,22,-1,1,-1
201501QK50265,1,9,0,9,0,8,0,0,0,0,1,1,6,1,34,6,-1,-1,-1,-1,1,-1
201501QK50265,2,3,0,14,0,8,0,0,0,0,4,1,6,1,27,6,125,1,12,-1,3,-1
201501QK50267,1,9,0,3,0,2,0,0,0,0,2,1,6,1,36,7,1781,1,12,-1,1,-1
201501QK50267,2,9,0,18,0,2,0,0,0,0,1,1,1,1,50,8,-1,-1,-1,-1,1,-1
201501QK50268,1,9,0,18,0,0,0,0,0,0,1,1,6,1,30,6,1242,1,1,-1,1,-1
201501QK50268,2,1,0,18,0,0,0,0,0,0,3,1,6,1,9,2,-1,-1,-1,-1,1,-1
201501QK50269,1,9,0,18,0,0,0,4,0,0,4,1,6,2,32,6,1360,1,9,-1,1,-1
201501QK50269,2,9,0,2,0,0,0,0,0,0,3,1,6,2,35,6,1368,1,11,-1,1,-1
201501QK50269,3,9,0,2,0,0,0,0,0,0,1,1,6,3,-1,-1,4398,1,11,-1,-1,-1
201501QK50270,1,9,0,18,0,1,0,0,0,0,1,1,1,1,76,11,1895,1,16,-1,1,-1
201501QK50270,2,9,0,4,0,1,0,0,0,0,2,1,1,2,61,9,1240,1,11,-1,1,-1
201501QK50271,1,1,0,18,0,8,0,0,0,0,3,1,6,1,16,4,-1,-1,-1,-1,1,-1
201501QK50271,2,9,0,5,0,8,0,0,0,0,1,1,6,1,46,8,1794,1,7,-1,1,-1
201501QK50272,1,4,0,18,0,2,0,0,0,0,4,1,2,1,39,7,748,1,25,-1,-1,-1
201501QK50273,1,9,0,9,0,8,0,0,0,0,1,1,6,1,37,7,1390,1,14,-1,1,-1
201501QK50273,2,1,0,18,0,8,0,0,0,0,3,1,6,1,23,5,-1,-1,-1,-1,1,-1
201501QK50274,1,9,0,7,0,8,0,0,0,0,1,1,6,1,-1,-1,-1,-1,-1,-1,-1,-1
201501QK50274,2,9,0,18,0,8,0,0,0,0,4,1,6,1,25,5,2996,1,8,-1,1,-1
201501QK50275,1,9,0,18,0,1,0,0,0,0,3,1,6,1,21,5,1598,1,6,-1,3,-1
201501QK50275,2,19,0,1,0,1,0,0,0,0,4,1,6,1,-1,-1,2148,2,9,-1,-1,-1
201501QK50276,1,9,0,18,0,0,0,0,0,0,1,1,6,1,42,7,1968,2,3,-1,1,-1
201501QK50277,1,11,0,18,0,0,0,0,0,0,0,1,1,1,33,6,6700,2,8,-1,1,-1
201501QK50279,1,9,0,17,0,0,0,0,0,0,1,1,6,1,41,7,1798,8,2,-1,1,-1
201501QK50280,1,1,0,3,0,0,0,0,0,0,1,1,2,1,50,8,-1,-1,-1,-1,1,-1
201501QK50280,2,9,0,1,0,0,0,0,0,0,2,1,6,2,-1,-1,-1,-1,-1,-1,-1,-1
201501QK50281,1,9,0,18,0,1,0,10,1,2,1,1,6,1,57,9,1248,2,5,-1,1,-1
201501QK50282,1,9,0,3,0,0,0,0,0,0,2,1,6,1,39,7,1796,1,11,-1,1,-1
201501QK50282,2,9,0,18,0,0,0,0,0,0,1,1,6,1,27,6,1598,1,11,-1,1,-1
201501QK50283,1,9,0,18,0,1,0,0,0,0,4,1,6,2,28,6,1995,1,4,-1,1,-1
201501QK50284,1,9,0,3,0,1,0,0,0,0,2,1,6,1,29,6,1400,1,10,-1,1,-1
201501QK50284,2,9,0,4,0,1,0,0,0,0,1,1,6,1,24,5,-1,-1,-1,-1,1,-1
201501QK50285,1,3,0,18,0,1,0,0,0,0,1,1,2,1,24,5,125,1,2,-1,-1,-1
201501QK50285,2,9,0,3,0,1,0,0,0,0,2,1,2,1,58,9,1368,1,6,-1,1,-1
201501QK50285,3,9,0,3,0,1,0,0,4,1,2,1,2,1,27,6,1597,2,1,-1,1,-1
201501QK50287,1,9,0,3,0,0,0,0,0,0,2,1,6,2,39,7,2720,2,9,-1,1,-1
201501QK50287,2,9,0,4,0,0,0,0,0,0,1,1,6,2,34,6,1461,2,-1,-1,1,-1
201501QK50288,1,9,0,18,0,0,0,0,0,0,1,1,6,2,20,4,-1,-1,-1,-1,1,-1
201501QK50289,1,9,0,2,0,2,0,0,0,0,2,1,6,1,52,8,1896,2,13,-1,1,-1
201501QK50289,2,9,0,18,0,2,0,0,0,0,1,1,6,1,-1,-1,1598,1,18,-1,-1,-1
201501QK50291,1,9,0,18,0,8,0,7,0,0,1,1,1,1,21,5,1560,2,6,-1,1,-1
201501QK50291,2,9,0,9,0,8,0,7,0,0,1,1,1,1,29,6,1995,2,8,-1,1,-1
201501QK50292,1,3,0,14,0,2,0,0,0,0,1,1,2,1,44,7,-1,-1,-1,-1,1,-1
201501QK50293,1,19,0,18,0,0,0,0,0,0,4,1,1,1,-1,-1,-1,-1,-1,-1,-1,-1
201501QK50294,1,2,0,4,0,2,0,0,0,0,1,1,6,1,23,5,49,1,3,-1,1,-1
201501QK50294,2,9,0,3,0,2,0,0,0,0,2,1,6,2,26,6,1229,1,1,-1,1,-1
201501QK50295,1,9,0,6,0,8,0,0,0,0,1,1,6,1,77,11,2143,2,2,-1,1,-1
201501QK50295,2,9,0,18,0,8,0,0,0,0,3,1,6,2,36,7,1995,1,8,-1,1,-1
201501QK50296,1,9,0,18,0,2,0,0,0,0,0,1,6,3,-1,-1,1299,1,11,-1,-1,-1
201501QK50297,1,8,0,18,0,1,0,0,0,0,4,1,1,1,38,7,2231,2,6,-1,1,-1
201501QK50298,1,9,0,9,0,8,0,0,0,0,1,1,1,1,32,6,1598,1,7,-1,1,-1
201501QK50298,2,9,0,18,0,8,0,10,7,7,4,1,6,1,35,6,1968,2,4,-1,1,-1
201501QK50299,1,11,0,18,0,0,0,0,0,0,1,1,1,2,60,9,4500,2,7,-1,1,-1
201501QK50300,1,9,0,1,0,0,0,0,0,0,2,1,6,2,22,5,1397,1,11,-1,1,-1
201501QK50303,1,11,0,7,0,8,0,0,0,0,4,1,1,1,31,6,9360,2,2,-1,-1,-1
201501QK50304,1,9,0,18,0,0,0,0,0,0,1,1,6,1,50,8,2494,1,23,-1,1,-1
201501QK50304,2,11,0,2,0,0,0,0,0,0,2,1,1,1,50,8,4500,2,4,-1,1,-1
201501QK50305,1,9,0,5,0,1,0,0,0,0,2,1,6,2,60,9,1599,1,7,-1,1,-1
201501QK50305,2,21,1,5,0,1,0,0,0,0,1,1,1,1,27,6,12777,2,8,-1,-1,-1
201501QK50306,1,8,0,10,0,8,0,0,0,0,2,1,1,1,24,5,1956,2,3,-1,1,-1
201501QK50306,2,9,0,18,0,8,0,0,0,0,1,1,6,3,-1,-1,-1,-1,-1,-1,-1,-1
201501QK50307,1,11,0,18,0,2,0,0,0,0,3,1,1,1,64,9,9360,2,5,-1,1,-1
201501QK50308,1,9,0,2,0,0,0,0,0,0,3,1,6,2,-1,-1,3311,8,8,-1,-1,-1
201501QK50308,2,1,0,18,0,0,0,8,0,0,1,1,2,2,41,7,-1,-1,-1,-1,1,-1
201501QK50309,1,9,0,8,0,1,0,0,0,0,2,1,6,2,24,5,1396,1,12,-1,1,-1
201501QK50309,2,9,0,4,0,1,1,0,0,0,1,1,6,1,-1,-1,1595,1,25,-1,-1,-1
201501QK50310,1,9,0,3,0,0,0,0,0,0,2,1,6,1,33,6,-1,-1,-1,-1,1,-1
201501QK50310,2,10,0,18,0,0,0,0,0,0,1,1,6,1,-1,-1,-1,-1,-1,-1,-1,-1
201501QK50311,1,9,0,3,0,0,0,0,0,0,2,1,3,1,50,8,1997,1,2,-1,1,-1
201501QK50311,2,9,0,18,0,0,0,0,0,0,1,1,6,1,53,8,1769,1,13,-1,1,-1
201501QK50312,1,9,0,18,0,1,0,4,0,0,1,1,6,1,58,9,1339,8,3,-1,1,-1
201501QK50313,1,9,0,18,0,8,0,0,0,0,1,1,6,1,52,8,1248,2,1,-1,-1,-1
201501QK50313,2,1,0,18,0,8,0,0,0,0,4,1,6,1,38,7,-1,-1,-1,-1,1,-1
201501QK50314,1,9,0,5,0,2,0,0,0,0,1,1,6,1,43,7,1497,8,9,-1,-1,-1
201501QK50314,2,3,0,18,0,2,0,0,0,0,4,1,6,1,-1,-1,124,1,1,-1,1,-1
201501QK50315,1,9,0,9,0,8,0,0,0,0,4,1,6,2,68,10,1198,1,1,-1,1,-1
201501QK50315,2,1,0,15,0,8,0,0,0,0,1,1,6,1,29,6,-1,-1,-1,-1,1,-1
201501QK50316,1,9,0,7,0,8,0,0,7,10,2,1,6,2,27,6,1590,1,12,-1,1,-1
201501QK50316,2,9,0,5,0,8,0,0,0,0,1,1,6,1,-1,-1,-1,-1,-1,-1,-1,-1
201501QK50317,1,19,0,4,0,2,0,0,0,0,2,1,1,1,-1,-1,2402,2,12,-1,-1,-1
201501QK50317,2,9,0,4,0,2,0,0,0,0,1,1,3,2,27,6,1799,1,8,-1,1,-1
201501QK50318,1,9,0,18,0,8,0,0,0,0,4,1,6,1,49,8,-1,-1,-1,-1,-1,-1