Accident_Index,Vehicle_Reference,Vehicle_Type,Towing_and_Articulation,Vehicle_Manoeuvre,Vehicle_Location-Restricted_Lane,Junction_Location,Skidding_and_Overturning,Hit_Object_in_Carriageway,Vehicle_Leaving_Carriageway,Hit_Object_off_Carriageway,1st_Point_of_Impact,Was_Vehicle_Left_Hand_Drive?,Journey_Purpose_of_Driver,Sex_of_Driver,Age_of_Driver,Age_Band_of_Driver,Engine_Capacity_(CC),Propulsion_Code,Age_of_Vehicle,Driver_IMD_Decile,Driver_Home_Area_Type,Vehicle_IMD_Decile
201501QK50482,1,10,0,5,0,8,0,0,0,0,1,1,1,2,60,9,-1,-1,-1,-1,-1,-1
201501QK50483,1,9,0,3,0,0,0,0,0,0,2,1,6,1,39,7,1984,1,17,-1,1,-1
201501QK50483,2,9,0,18,0,0,0,0,0,0,1,1,6,2,-1,-1,1598,1,11,-1,-1,-1
201501QK50485,1,20,0,7,0,8,0,0,0,0,4,1,1,1,42,7,-1,-1,-1,-1,1,-1
201501QK50485,2,1,0,7,0,8,0,0,0,0,3,1,6,1,20,4,-1,-1,-1,-1,1,-1
201501QK50486,1,9,0,18,0,1,0,0,0,0,3,1,6,2,54,8,1388,1,6,-1,1,-1
201501QK50487,1,9,0,6,0,0,0,0,0,0,3,1,6,1,58,9,1998,2,13,-1,1,-1
201501QK50487,2,5,0,13,0,0,0,0,7,0,4,1,6,1,-1,-1,645,1,11,-1,1,-1
201501QK50488,1,9,0,7,0,8,0,0,0,0,0,1,6,1,51,8,1998,1,12,-1,1,-1
201501QK50488,2,1,0,4,0,8,0,0,0,0,0,1,6,1,30,6,-1,-1,-1,-1,1,-1
201501QK50489,1,9,0,4,0,8,0,0,0,0,2,1,6,1,19,4,2143,2,2,-1,1,-1
201501QK50489,2,9,0,18,0,8,0,0,7,10,1,1,6,1,-1,-1,1797,8,1,-1,-1,-1
201501QK50491,1,9,0,18,0,0,0,0,0,0,1,1,6,1,-1,-1,1339,8,5,-1,-1,-1
201501QK50492,1,19,0,7,0,6,0,0,0,0,3,1,6,1,39,7,1968,2,5,-1,1,-1
201501QK50492,2,3,0,18,0,8,0,0,0,0,4,1,6,1,21,5,125,1,1,-1,1,-1
201501QK50493,1,9,0,8,0,1,0,0,0,0,2,1,6,1,46,8,1999,1,14,-1,1,-1
201501QK50493,2,9,0,18,0,1,0,0,0,0,1,1,6,1,-1,-1,1600,1,17,-1,-1,-1
201501QK50494,1,9,0,7,0,5,0,0,0,0,4,1,1,2,30,6,-1,-1,-1,-1,1,-1
201501QK50494,2,1,0,15,0,8,0,0,0,0,1,1,2,1,19,4,-1,-1,-1,-1,1,-1
201501QK50496,1,9,0,9,0,8,0,0,0,0,1,1,6,1,23,5,1390,1,12,-1,1,-1
201501QK50496,2,9,0,18,0,8,0,0,0,0,1,1,6,1,40,7,1798,8,2,-1,1,-1
201501QK50496,3,9,0,18,0,8,0,0,0,0,4,1,1,1,-1,-1,-1,-1,-1,-1,-1,-1
201501QK50497,1,8,0,9,0,6,0,0,0,0,1,1,1,1,30,6,1997,2,1,-1,1,-1
201501QK50497,2,1,0,18,0,8,0,0,0,0,1,1,2,2,25,5,-1,-1,-1,-1,1,-1
201501QK50498,1,3,0,18,0,8,0,0,0,0,4,1,6,1,25,5,125,1,14,-1,1,-1
201501QK50498,2,9,0,15,0,8,0,0,0,0,3,1,6,3,-1,-1,-1,-1,-1,-1,-1,-1
201501QK50499,1,9,0,18,0,0,0,0,0,0,4,1,6,1,35,6,-1,-1,-1,-1,1,-1
201501QK50499,2,3,0,5,0,0,0,0,0,0,1,1,1,1,28,6,125,1,3,-1,1,-1
201501QK50500,1,11,0,4,2,8,0,0,0,0,0,1,1,1,58,9,5132,2,-1,-1,-1,-1
201501QK50501,1,9,0,5,0,0,0,0,0,0,1,1,6,1,32,6,1796,1,12,-1,1,-1
201501QK50501,2,1,0,18,0,0,0,0,0,0,1,1,6,1,42,7,-1,-1,-1,-1,1,-1
201501QK50502,1,9,0,18,0,8,0,0,2,4,1,1,6,1,39,7,-1,-1,-1,-1,1,-1
201501QK50503,1,3,0,9,0,8,0,0,0,0,4,1,6,1,44,7,125,1,5,-1,1,-1
201501QK50503,2,9,0,9,0,8,0,0,0,0,3,1,6,1,51,8,1794,1,12,-1,1,-1
201501QK50504,1,4,0,13,0,8,0,0,0,0,4,1,1,1,22,5,125,1,6,-1,1,-1
201501QK50504,2,9,0,9,0,5,0,0,0,0,1,1,6,1,38,7,1560,2,2,-1,1,-1
201501QK50505,1,2,0,5,0,8,0,0,0,0,1,1,1,1,22,5,125,1,2,-1,1,-1
201501QK50505,2,9,0,18,0,8,0,0,0,0,1,1,6,1,47,8,1998,1,10,-1,1,-1
201501QK50506,1,3,0,4,0,0,0,0,0,0,1,1,6,1,51,8,125,1,1,-1,1,-1
201501QK50506,2,19,0,1,0,0,0,0,0,0,2,1,6,1,43,7,2143,2,1,-1,1,-1
201501QK50507,1,9,0,9,0,6,0,0,0,0,4,1,6,1,49,8,1995,2,6,-1,1,-1
201501QK50507,2,9,0,18,0,8,0,0,0,0,3,1,6,1,51,8,3199,1,13,-1,1,-1
201501QK50509,1,11,0,4,2,1,0,0,0,0,0,1,1,1,43,7,6700,2,3,-1,1,-1
201501QK50510,1,9,0,18,0,2,0,0,0,0,4,1,6,1,55,8,1598,1,7,-1,1,-1
201501QK50510,2,9,0,2,0,2,0,0,0,0,3,1,6,1,37,7,1497,8,1,-1,1,-1
201501QK50511,1,4,0,18,0,1,0,0,0,0,4,1,6,1,32,6,125,1,1,-1,1,-1
201501QK50511,2,9,0,5,0,1,0,0,0,0,1,1,6,3,-1,-1,-1,-1,-1,-1,-1,-1
201501QK50512,1,5,0,18,0,8,0,0,0,0,0,1,2,1,31,6,-1,-1,-1,-1,-1,-1
201501QK50512,2,9,0,11,0,8,0,0,0,0,0,1,2,1,31,6,1199,1,14,-1,1,-1
201501QK50513,1,3,0,14,0,1,0,0,0,0,1,1,1,1,18,4,114,1,1,-1,1,-1
201501QK50514,1,9,0,3,0,1,0,0,0,0,2,1,6,2,71,10,1388,1,12,-1,1,-1
201501QK50514,2,9,0,18,0,1,0,0,0,0,1,1,6,1,30,6,-1,-1,-1,-1,1,-1
201501QK50516,1,9,0,18,0,2,0,0,0,0,4,1,6,2,-1,-1,-1,-1,-1,-1,-1,-1
201501QK50517,1,9,0,4,0,8,0,0,0,0,3,1,2,2,27,6,1390,1,5,-1,1,-1
201501QK50517,2,1,0,18,4,6,0,0,0,0,1,1,4,1,14,3,-1,-1,-1,-1,1,-1
201501QK50519,1,11,0,5,0,1,0,0,0,0,4,1,1,1,28,6,9360,2,5,-1,1,-1
201501QK50520,1,9,0,18,0,2,0,0,0,0,3,1,6,2,49,8,1560,2,8,-1,1,-1
201501QK50520,2,9,0,18,0,1,0,0,0,0,3,1,6,1,23,5,1799,1,9,-1,-1,-1
201501QK50521,1,8,0,4,0,8,0,0,0,0,2,1,6,1,39,7,1956,2,-1,-1,1,-1
201501QK50521,2,3,0,18,0,8,0,0,0,0,1,1,6,1,27,6,125,1,3,-1,1,-1
201501QK50522,1,9,0,18,0,1,0,0,0,0,4,1,1,2,38,7,1997,2,4,-1,1,-1
201501QK50523,1,3,0,18,0,0,0,0,0,0,1,1,6,3,-1,-1,-1,-1,-1,-1,-1,-1
201501QK50525,1,1,0,4,0,8,0,0,0,0,0,1,2,1,42,7,-1,-1,-1,-1,1,-1
201501QK50525,2,9,0,5,0,6,0,0,0,0,0,1,6,1,-1,-1,1248,2,5,-1,-1,-1
201501QK50526,1,9,0,18,0,1,0,4,0,0,1,1,6,2,25,5,875,1,4,-1,1,-1
201501QK50527,1,19,0,4,0,1,0,0,0,0,1,1,6,1,23,5,2143,2,-1,-1,1,-1
201501QK50527,2,9,0,4,0,1,0,0,0,0,2,1,6,1,79,11,1339,1,2,-1,1,-1
201501QK50528,1,9,0,5,0,8,5,0,0,0,4,1,6,2,54,8,989,1,11,-1,1,-1
201501QK50528,2,9,0,18,0,8,0,0,0,0,1,1,6,1,-1,-1,-1,-1,-1,-1,-1,-1
201501QK50529,1,11,0,18,0,8,0,0,0,0,1,1,1,1,72,10,9360,2,5,-1,1,-1
201501QK50530,1,9,0,11,0,1,0,0,0,0,2,1,6,1,35,6,1995,2,7,-1,1,-1
201501QK50530,2,4,0,18,0,1,0,0,0,0,1,1,6,1,36,7,998,1,8,-1,1,-1
201501QK50531,1,9,0,18,0,0,0,0,0,0,1,1,2,1,27,6,1686,2,10,-1,1,-1
201501QK50532,1,4,0,4,0,8,1,0,0,0,1,1,1,1,30,6,-1,-1,-1,-1,1,-1
201501QK50532,2,9,0,9,0,6,0,0,0,0,3,1,6,1,43,7,2184,2,10,-1,1,-1
201501QK50533,1,9,0,18,0,0,0,0,0,0,1,1,6,1,52,8,1686,2,6,-1,1,-1
201501QK50534,1,5,0,4,0,0,1,0,0,0,1,1,6,1,35,6,649,1,8,-1,1,-1
201501QK50534,2,9,0,6,0,0,0,0,1,0,3,1,6,1,-1,-1,-1,-1,-1,-1,-1,-1
201501QK50536,1,9,0,4,0,1,0,0,0,0,1,1,6,1,20,4,-1,-1,-1,-1,-1,-1
201501QK50536,2,9,0,4,0,1,0,0,0,0,2,1,6,2,31,6,1796,1,10,-1,1,-1
201501QK50536,3,9,0,3,0,1,0,0,0,0,2,1,1,1,51,8,1797,8,1,-1,-1,-1
201501QK50537,1,8,0,3,0,1,0,0,0,0,2,1,1,1,58,9,1995,2,7,-1,1,-1
201501QK50537,2,9,0,18,0,1,0,0,0,0,1,1,6,1,-1,-1,1497,8,6,-1,-1,-1
201501QK50538,1,9,0,2,0,2,0,0,0,0,3,1,6,1,-1,-1,1299,1,10,-1,-1,-1
201501QK50538,2,1,0,18,0,2,0,8,0,0,1,1,6,1,37,7,-1,-1,-1,-1,1,-1
201501QK50539,1,9,0,18,0,0,0,0,0,0,2,1,6,1,37,7,1598,1,8,-1,1,-1
201501QK50539,2,9,0,18,0,0,0,0,0,0,1,1,6,2,-1,-1,1781,1,12,-1,-1,-1
201501QK50540,1,9,0,18,0,0,0,0,0,0,1,1,6,1,-1,-1,1905,2,21,-1,1,-1
201501QK50541,1,9,0,7,0,8,0,0,1,4,3,1,6,1,62,9,1598,1,12,-1,1,-1
201501QK50541,2,9,0,18,0,8,5,4,7,2,4,1,6,1,26,6,1968,2,6,-1,1,-1
201501QK50541,3,9,0,2,0,8,0,0,0,0,2,1,6,3,-1,-1,1896,2,9,-1,-1,-1
201501QK50542,1,9,0,3,0,2,0,0,0,0,2,1,6,1,44,7,-1,-1,-1,-1,1,-1
201501QK50542,2,9,0,18,0,2,0,0,0,0,1,1,6,1,-1,-1,2143,2,1,-1,-1,-1
201501QK50542,3,19,0,3,0,2,0,0,0,0,2,1,6,1,-1,-1,1870,2,10,-1,-1,-1
201501QK50543,1,9,0,4,2,8,0,0,0,0,1,1,6,1,61,9,1998,1,14,-1,1,-1
201501QK50544,1,2,0,13,0,8,0,0,0,0,4,1,2,1,25,5,250,1,7,-1,1,-1
201501QK50544,2,9,0,9,0,8,0,0,0,0,1,1,2,3,-1,-1,1598,1,10,-1,-1,-1
201501QK50545,1,9,0,9,0,5,0,0,0,0,4,1,6,1,43,7,1596,1,13,-1,1,-1
201501QK50545,2,1,0,15,0,8,0,0,0,0,1,1,6,1,23,5,-1,-1,-1,-1,-1,-1
201501QK50546,1,9,0,18,0,0,5,4,0,0,4,1,6,2,23,5,1781,1,14,-1,1,-1
201501QK50546,2,9,0,2,0,0,0,0,0,0,4,1,6,3,-1,-1,1590,1,14,-1,-1,-1
201501QK50546,3,9,0,2,0,0,0,0,0,0,3,1,6,3,-1,-1,1910,2,8,-1,-1,-1
201501QK50547,1,9,0,18,0,0,0,4,0,0,4,1,6,1,74,10,-1,-1,-1,-1,1,-1
201501QK50547,2,9,0,2,0,0,0,4,7,10,4,1,6,3,-1,-1,1997,1,19,-1,-1,-1
201501QK50547,3,9,0,2,0,0,0,4,0,0,2,1,6,3,-1,-1,1364,1,9,-1,-1,-1
201501QK50547,4,9,0,2,0,0,0,4,1,10,2,1,6,3,-1,-1,1149,1,4,-1,-1,-1
201501QK50548,1,9,0,9,0,5,0,0,0,0,1,1,6,1,68,10,1781,1,15,-1,1,-1
201501QK50548,2,1,0,18,0,8,0,0,0,0,3,1,6,1,24,5,-1,-1,-1,-1,1,-1
201501QK50549,1,11,0,3,0,0,0,0,0,0,0,1,1,1,-1,-1,-1,-1,-1,-1,-1,-1
201501QK50550,1,19,0,10,0,8,0,0,0,0,3,1,2,1,37,7,1995,2,7,-1,1,-1
201501QK50550,2,9,0,18,0,8,0,0,0,0,3,1,2,1,27,6,1560,2,8,-1,1,-1
201501QK50550,3,3,0,18,0,8,0,0,0,0,1,1,1,1,27,6,-1,-1,-1,-1,1,-1
201501QK50551,1,2,0,18,0,8,0,0,0,0,4,1,6,1,21,5,124,1,2,-1,1,-1
201501QK50551,2,9,0,5,0,6,0,0,0,0,1,1,6,1,24,5,799,2,4,-1,1,-1
201501QK50552,1,9,0,18,0,8,0,0,0,0,3,1,1,1,29,6,-1,-1,-1,-1,-1,-1
201501QK50552,2,19,0,9,0,6,0,0,0,0,1,1,1,1,33,6,1968,2,1,-1,1,-1
201501QK50553,1,9,0,7,0,8,0,7,1,4,3,1,1,1,21,5,-1,-1,-1,-1,1,-1
201501QK50554,1,1,0,18,0,8,0,0,0,0,1,1,6,1,36,7,-1,-1,-1,-1,1,-1
201501QK50554,2,9,0,9,0,5,0,0,0,0,4,1,6,2,83,11,1197,1,-1,-1,1,-1
201501QK50555,1,3,0,18,0,8,0,0,0,0,1,1,6,1,21,5,124,1,3,-1,-1,-1
201501QK50555,2,9,0,18,0,8,0,0,0,0,3,1,6,2,24,5,1598,1,11,-1,1,-1
201501QK50555,3,3,0,18,0,8,0,0,0,0,1,1,6,3,-1,-1,998,1,6,-1,-1,-1
201501QK50556,1,5,0,16,0,0,0,0,0,0,0,1,6,1,34,6,599,1,6,-1,1,-1
201501QK50557,1,3,0,4,0,8,1,0,0,0,0,1,6,1,24,5,125,1,9,-1,1,-1
201501QK50557,2,9,0,10,0,8,0,0,0,0,0,1,1,1,30,6,-1,-1,-1,-1,-1,-1
201501QK50558,1,21,0,14,0,2,0,0,0,0,4,1,1,1,42,7,12740,2,2,-1,1,-1
201501QK50558,2,9,0,2,0,2,0,0,0,0,3,1,6,2,44,7,1796,1,4,-1,1,-1
201501QK50559,1,9,0,9,0,5,0,0,0,0,3,1,1,1,30,6,1598,1,1,-1,1,-1
201501QK50559,2,3,0,13,0,8,0,0,0,0,1,1,6,1,20,4,125,1,11,-1,1,-1
201501QK50559,3,3,0,13,0,8,0,0,0,0,1,1,6,1,24,5,125,1,11,-1,-1,-1
201501QK50560,1,9,0,18,0,2,0,10,1,10,1,1,6,1,18,4,2497,2,11,-1,1,-1
201501QK50561,1,9,0,9,0,8,0,0,0,0,1,1,6,1,-1,-1,-1,-1,-1,-1,-1,-1
201501QK50562,1,9,0,18,0,0,0,0,0,0,4,1,6,2,39,7,2000,2,8,-1,1,-1
201501QK50562,2,8,0,5,0,0,0,0,0,0,3,1,1,1,41,7,1997,2,4,-1,1,-1
201501QK50563,1,9,0,18,0,0,0,10,7,10,1,1,6,2,44,7,-1,-1,-1,-1,1,-1
201501QK50564,1,1,0,18,0,8,0,0,0,0,3,1,4,1,14,3,-1,-1,-1,-1,1,-1
201501QK50564,2,9,0,5,0,8,0,0,0,0,1,1,6,1,52,8,1598,1,10,-1,1,-1
201501QK50566,1,9,0,18,0,0,0,0,0,0,4,1,6,1,60,9,1910,2,6,-1,1,-1
201501QK50567,1,8,0,18,0,2,0,0,0,0,1,1,1,1,55,8,1896,2,10,-1,1,-1
201501QK50569,1,9,0,5,0,2,0,0,0,0,3,1,6,1,38,7,-1,-1,-1,-1,-1,-1
201501QK50569,2,9,0,18,0,2,0,0,0,0,4,1,1,1,28,6,-1,-1,-1,-1,-1,-1
201501QK50571,1,3,0,13,0,8,0,0,0,0,1,1,6,1,26,6,125,1,2,-1,1,-1
201501QK50571,2,9,0,6,0,8,0,0,0,0,3,1,6,1,40,7,1798,1,6,-1,-1,-1
201501QK50572,1,11,0,3,0,1,0,0,0,0,0,1,1,2,50,8,4500,2,3,-1,1,-1
201501QK50572,2,90,0,5,0,1,0,0,0,0,0,1,6,1,32,6,-1,-1,-1,-1,1,-1
201501QK50573,1,5,0,4,0,0,1,4,0,0,1,1,2,1,34,6,1000,1,7,-1,1,-1
201501QK50573,2,19,0,2,0,0,0,0,0,0,2,1,6,3,-1,-1,2300,2,10,-1,-1,-1
201501QK50574,1,9,0,18,0,1,0,0,0,0,2,1,6,1,32,6,1997,2,4,-1,1,-1
201501QK50574,2,3,0,18,0,1,0,0,0,0,1,1,6,1,-1,-1,124,1,12,-1,-1,-1
201501QK50575,1,5,0,13,0,1,1,0,0,0,1,1,6,1,54,8,-1,-1,-1,-1,1,-1
201501QK50575,2,11,0,3,0,2,0,0,0,0,3,1,1,1,-1,-1,4500,2,6,-1,-1,-1
201501QK50576,1,11,0,4,0,0,0,0,0,0,0,1,1,1,48,8,-1,-1,-1,-1,-1,-1
201501QK50577,1,9,0,18,0,0,0,4,0,0,4,1,6,1,68,10,-1,-1,-1,-1,1,-1
201501QK50577,2,9,0,2,0,0,0,0,0,0,2,1,6,3,-1,-1,2143,2,2,-1,-1,-1
201501QK50578,1,9,0,9,0,8,0,0,0,0,4,1,6,1,-1,-1,1997,2,7,-1,-1,-1
201501QK50578,2,3,0,18,0,8,0,0,0,0,1,1,6,1,-1,-1,999,1,9,-1,-1,-1
201501QK50580,1,3,0,13,0,1,0,0,0,0,1,1,6,1,17,4,124,1,5,-1,1,-1
201501QK50580,2,8,0,9,0,1,0,0,0,0,3,1,1,1,37,7,-1,-1,-1,-1,1,-1
201501QK50581,1,19,0,18,0,0,0,0,0,0,4,1,2,1,50,8,2198,2,-1,-1,1,-1
201501QK50583,1,9,0,18,0,2,0,0,0,0,1,1,6,1,-1,-1,1999,2,-1,-1,-1,-1
201501QK50584,1,9,0,12,0,8,0,0,0,0,2,1,6,1,25,5,1995,1,8,-1,1,-1
201501QK50584,2,9,0,18,0,8,0,0,0,0,1,1,6,1,-1,-1,1595,1,12,-1,-1,-1
201501QK50585,1,9,0,9,0,8,0,7,0,0,1,1,6,1,-1,-1,1796,1,12,-1,1,-1
201501QK50586,1,9,0,18,0,1,2,10,7,4,1,1,2,1,55,8,1497,1,10,-1,1,-1
201501QK50587,1,3,0,14,0,1,0,0,0,0,1,1,2,1,37,7,124,1,3,-1,1,-1
201501QK50588,1,9,0,5,0,1,0,0,0,0,4,1,6,1,-1,-1,-1,-1,-1,-1,-1,-1
201501QK50589,1,9,0,1,0,0,0,0,0,0,2,1,6,1,-1,-1,-1,-1,-1,-1,-1,-1
201501QK50590,1,9,0,18,0,0,0,0,0,0,1,1,6,3,-1,-1,-1,-1,-1,-1,-1,-1
201501QK50591,1,9,0,5,0,0,0,0,0,0,4,1,6,2,76,11,1596,1,2,-1,1,-1
201501QK50591,2,9,0,18,0,0,0,10,2,10,1,1,6,1,30,6,999,1,2,-1,-1,-1
201501QK50592,1,9,0,7,0,6,0,0,0,0,3,1,6,2,29,6,998,1,6,-1,1,-1
201501QK50592,2,5,0,14,0,8,0,0,5,6,1,1,2,1,56,9,645,1,10,-1,-1,-1
201501QK50593,1,9,0,5,0,1,0,0,0,0,3,1,6,1,28,6,998,1,1,-1,1,-1
201501QK50593,2,4,0,18,0,1,0,0,0,0,1,1,6,1,-1,-1,249,1,9,-1,1,-1
201501QK50594,1,3,0,14,0,0,0,0,0,0,1,1,1,1,30,6,124,1,4,-1,1,-1
201501QK50594,2,8,0,6,0,0,0,0,0,0,3,1,6,1,46,8,1753,2,7,-1,1,-1
201501QK50595,1,9,0,9,0,0,0,4,1,0,1,1,6,1,-1,-1,-1,-1,-1,-1,-1,-1
201501QK50595,2,9,0,2,0,0,0,0,7,10,1,1,6,3,-1,-1,1995,2,6,-1,-1,-1
201501QK50596,1,9,0,2,0,2,0,0,0,0,2,1,6,2,56,9,1499,1,-1,-1,1,-1
201501QK50596,2,19,0,7,0,2,0,4,0,0,1,1,6,1,-1,-1,-1,-1,-1,-1,-1,-1
201501QK50597,1,9,0,9,0,8,0,0,0,0,4,1,6,2,28,6,1360,1,11,-1,1,-1
201501QK50597,2,9,0,15,0,8,1,7,0,0,1,1,6,1,43,7,2151,2,15,-1,1,-1
201501QK50598,1,9,0,18,0,0,0,0,0,0,1,1,6,2,30,6,1198,1,8,-1,1,-1
201501QK50598,2,9,0,3,0,0,0,0,0,0,2,1,6,2,46,8,1386,1,2,-1,1,-1
201501QK50598,3,9,0,3,0,0,0,0,0,0,2,1,6,1,28,6,1968,2,2,-1,-1,-1
201501QK50599,1,9,0,18,0,0,0,0,0,0,3,1,6,1,59,9,2987,2,7,-1,-1,-1
201501QK50601,1,5,0,18,0,0,0,0,0,0,0,1,6,1,26,6,599,1,14,-1,1,-1
201501QK50601,2,9,0,9,0,0,0,0,0,0,0,1,6,1,27,6,1998,2,8,-1,1,-1
201501QK50602,1,19,0,3,0,0,0,0,0,0,2,1,1,1,-1,-1,2287,2,8,-1,1,-1
201501QK50602,2,9,0,3,0,0,0,0,0,0,2,1,1,1,44,7,1598,2,3,-1,1,-1
201501QK50602,3,19,0,18,0,0,0,0,0,0,1,1,1,1,22,5,1598,2,3,-1,1,-1
201501QK50603,1,9,0,18,0,0,0,10,1,10,3,1,6,1,29,6,1956,2,4,-1,1,-1
201501QK50604,1,9,0,9,0,8,0,0,0,0,4,1,6,2,65,9,1598,1,2,-1,1,-1
201501QK50604,2,9,0,18,0,8,0,0,0,0,1,1,6,1,-1,-1,1896,2,13,-1,-1,-1
201501QK50605,1,8,0,9,0,5,0,0,0,0,1,1,6,1,39,7,1995,2,6,-1,1,-1
201501QK50605,2,9,0,18,0,8,0,0,0,0,1,1,6,1,17,4,1229,1,7,-1,-1,-1
201501QK50606,1,9,0,18,0,0,5,4,0,0,1,1,6,1,26,6,1390,1,11,-1,1,-1
201501QK50606,2,9,0,2,0,0,0,0,0,0,3,1,6,3,-1,-1,1951,2,11,-1,-1,-1
201501QK50606,3,9,0,2,0,0,0,0,0,0,3,1,6,3,-1,-1,-1,3,1,-1,-1,-1
201501QK50607,1,9,0,14,0,8,0,0,0,0,1,1,1,1,40,7,-1,-1,-1,-1,-1,-1
201501QK50607,2,9,0,18,0,6,0,0,0,0,3,1,1,1,48,8,1896,2,7,-1,1,-1
201501QK50608,1,3,0,13,0,2,0,0,0,0,1,1,6,1,31,6,125,1,11,-1,-1,-1
201501QK50610,1,9,0,7,0,1,0,0,0,0,0,1,6,1,67,10,1398,1,9,-1,1,-1
201501QK50610,2,11,0,18,2,1,0,0,0,0,0,1,1,1,26,6,9360,2,5,-1,1,-1
201501QK50611,1,9,0,7,0,1,0,0,0,0,4,1,6,1,24,5,1242,1,3,-1,1,-1
201501QK50611,2,90,0,18,0,1,0,0,0,0,3,1,6,1,23,5,-1,-1,-1,-1,1,-1
201501QK50612,1,9,0,7,0,1,0,0,0,0,1,1,6,2,23,5,1997,1,3,-1,1,-1
201501QK50613,1,9,0,18,0,1,0,4,0,0,3,1,6,1,51,8,1796,1,13,-1,1,-1
201501QK50613,2,9,0,18,0,2,1,0,0,0,3,1,6,2,18,4,2967,1,15,-1,-1,-1
201501QK50613,3,9,0,2,0,1,0,0,0,0,4,1,6,3,-1,-1,1242,1,9,-1,-1,-1
201501QK50614,1,3,0,4,0,8,0,0,0,0,1,1,6,1,43,7,330,1,2,-1,1,-1
201501QK50614,2,9,0,9,0,8,0,0,0,0,4,1,6,3,-1,-1,1769,1,14,-1,-1,-1
201501QK50615,1,9,0,4,0,8,0,0,0,0,3,2,6,1,62,9,-1,-1,-1,-1,-1,-1
201501QK50615,2,19,0,6,0,8,0,0,0,0,1,1,1,1,-1,-1,1968,2,2,-1,-1,-1
201501QK50616,1,19,0,9,0,8,0,0,0,0,1,1,6,1,22,5,-1,-1,-1,-1,-1,-1
201501QK50616,2,9,0,18,0,8,0,0,0,0,2,1,6,2,61,9,1199,1,14,-1,-1,-1
201501QK50616,3,1,0,18,0,1,0,0,0,0,1,1,6,1,57,9,-1,-1,-1,-1,-1,-1
201501QK50617,1,9,0,7,0,1,0,0,0,0,1,1,6,2,47,8,1598,1,7,-1,1,-1
201501QK50617,2,9,0,9,0,1,0,0,0,0,2,1,6,1,43,7,1339,1,1,-1,1,-1
201501QK50618,1,19,0,7,0,1,0,0,0,0,1,1,1,1,37,7,-1,-1,-1,-1,-1,-1
201501QK50618,2,9,0,7,0,1,0,0,0,0,2,1,1,1,36,7,-1,-1,-1,-1,-1,-1
201501QK50619,1,9,0,18,0,2,0,4,0,0,3,1,2,2,-1,-1,1396,1,15,-1,1,-1
201501QK50619,2,9,0,2,0,1,0,0,0,0,4,1,6,3,-1,-1,1896,2,11,-1,-1,-1
201501QK50622,1,11,0,3,0,0,0,0,0,0,2,1,1,1,50,8,9360,2,5,-1,1,-1
201501QK50622,2,9,0,12,0,0,0,0,0,0,1,1,6,2,-1,-1,2993,2,5,-1,-1,-1
201501QK50623,1,11,0,4,2,8,0,0,0,0,3,1,1,1,39,7,8268,2,13,-1,1,-1
201501QK50623,2,9,0,7,0,5,0,0,0,0,4,1,6,1,23,5,1598,1,-1,-1,-1,-1
201501QK50625,1,4,0,4,0,8,1,0,0,0,0,1,6,1,52,8,125,1,1,-1,1,-1
201501QK50625,2,9,0,3,0,8,0,0,0,0,0,1,6,2,28,6,1596,1,13,-1,-1,-1
201501QK50626,1,9,0,18,0,0,0,0,0,0,4,1,6,2,21,5,1398,1,-1,-1,1,-1
201501QK50626,2,1,0,18,0,0,0,0,0,0,1,1,6,1,6,2,-1,-1,-1,-1,1,-1
201501QK50627,1,1,0,5,0,1,0,0,0,0,1,1,2,1,29,6,-1,-1,-1,-1,-1,-1
201501QK50627,2,19,0,4,0,1,0,0,0,0,2,1,6,3,-1,-1,-1,-1,-1,-1,-1,-1
201501QK50628,1,8,0,4,0,0,0,0,0,0,4,1,6,1,47,8,1797,8,5,-1,1,-1
201501QK50628,2,1,0,15,0,0,0,0,1,7,3,1,6,1,59,9,-1,-1,-1,-1,1,-1
201501QK50630,1,11,0,18,0,8,0,0,0,0,1,1,1,1,58,9,7300,2,11,-1,1,-1
201501QK50630,2,3,0,18,0,6,0,0,0,0,3,1,1,1,40,7,125,1,6,-1,1,-1
201501QK50631,1,9,0,3,0,8,0,0,0,0,4,1,6,2,34,6,1781,1,10,-1,1,-1
201501QK50631,2,9,0,7,0,6,0,0,0,0,2,1,6,1,25,5,1199,1,12,-1,1,-1
201501QK50631,3,19,0,7,0,6,0,0,0,0,1,1,1,1,36,7,2198,2,3,-1,-1,-1
201501QK50632,1,9,0,9,0,8,0,0,0,0,3,1,1,1,46,8,1995,2,6,-1,1,-1
201501QK50632,2,9,0,9,0,8,0,0,0,0,4,1,6,1,52,8,1597,2,1,-1,1,-1
201501QK50633,1,9,0,2,0,0,0,10,0,0,3,1,6,1,38,7,1599,1,7,-1,1,-1
201501QK50633,2,9,0,18,0,0,0,4,0,0,4,1,6,1,-1,-1,1595,1,12,-1,-1,-1
201501QK50634,1,9,0,3,0,8,0,0,0,0,2,1,6,1,56,9,1948,1,17,-1,1,-1
201501QK50634,2,9,0,18,0,8,0,0,0,0,1,1,6,1,-1,-1,1598,1,11,-1,-1,-1
201501QK50635,1,9,0,11,0,8,0,0,0,0,4,1,6,1,43,7,1598,1,13,-1,1,-1
201501QK50635,2,9,0,7,0,6,0,0,0,0,3,1,6,1,55,8,2967,2,3,-1,1,-1
201501QK50636,1,1,0,18,0,8,0,0,0,0,4,1,2,1,20,4,-1,-1,-1,-1,1,-1
201501QK50636,2,9,0,7,0,8,0,0,0,0,1,1,6,1,-1,-1,1596,1,10,-1,-1,-1
201501QK50637,1,11,0,3,0,1,0,0,0,0,2,1,1,1,61,9,7300,2,12,-1,1,-1
201501QK50637,2,3,0,15,0,1,0,0,0,0,1,1,6,1,26,6,125,1,3,-1,1,-1