Accident_Index,Vehicle_Reference,Vehicle_Type,Towing_and_Articulation,Vehicle_Manoeuvre,Vehicle_Location-Restricted_Lane,Junction_Location,Skidding_and_Overturning,Hit_Object_in_Carriageway,Vehicle_Leaving_Carriageway,Hit_Object_off_Carriageway,1st_Point_of_Impact,Was_Vehicle_Left_Hand_Drive?,Journey_Purpose_of_Driver,Sex_of_Driver,Age_of_Driver,Age_Band_of_Driver,Engine_Capacity_(CC),Propulsion_Code,Age_of_Vehicle,Driver_IMD_Decile,Driver_Home_Area_Type,Vehicle_IMD_Decile
201501QK50795,2,19,0,9,0,6,0,0,0,0,3,1,2,1,-1,-1,-1,-1,-1,-1,-1,-1
201501QK50796,1,9,0,15,0,8,0,0,0,0,3,1,6,1,58,9,1896,2,9,-1,1,-1
201501QK50796,2,9,0,5,0,6,0,0,0,0,1,1,6,2,-1,-1,-1,-1,-1,-1,1,-1
201501QK50797,1,9,0,5,0,1,0,0,0,0,1,1,6,3,-1,-1,-1,-1,-1,-1,-1,-1
201501QK50797,2,9,0,9,0,1,0,0,0,0,1,1,6,3,-1,-1,-1,-1,-1,-1,-1,-1
201501QK50798,1,11,0,5,0,8,0,0,0,0,4,1,1,1,46,8,9360,2,4,-1,1,-1
201501QK50800,1,8,0,18,0,8,0,0,0,0,4,1,1,1,63,9,1910,2,9,-1,1,-1
201501QK50800,2,9,0,18,0,8,0,0,0,0,1,1,6,3,-1,-1,-1,-1,-1,-1,-1,-1
201501QK50801,1,21,1,18,0,8,0,0,0,0,4,1,1,1,-1,-1,9290,2,1,-1,1,-1
201501QK50801,2,9,0,9,0,8,0,0,0,0,3,1,2,1,55,8,1995,1,8,-1,1,-1
201501QK50802,1,9,0,9,0,8,0,0,0,0,4,1,6,2,32,6,1242,1,9,-1,1,-1
201501QK50802,2,2,0,4,0,8,1,0,0,0,1,1,1,1,31,6,49,1,2,-1,1,-1
201501QK50803,1,9,0,4,0,8,0,0,0,0,2,1,6,2,-1,-1,-1,-1,-1,-1,1,-1
201501QK50803,2,9,0,9,0,8,0,0,0,0,1,1,6,2,54,8,1796,1,7,-1,1,-1
201501QK50804,1,9,0,9,0,6,0,0,0,0,3,1,6,1,63,9,1794,1,12,-1,1,-1
201501QK50804,2,3,0,14,0,8,0,0,0,0,1,1,1,1,17,4,124,1,-1,-1,1,-1
201501QK50805,1,3,0,14,0,8,0,0,0,0,4,1,6,1,-1,-1,-1,-1,-1,-1,-1,-1
201501QK50806,1,9,0,4,0,0,5,4,0,0,4,1,6,1,46,8,1598,1,15,-1,1,-1
201501QK50806,2,19,0,2,0,0,0,0,0,0,4,1,6,3,-1,-1,2299,2,2,-1,-1,-1
201501QK50807,1,3,0,11,0,0,0,0,0,0,2,1,6,1,56,9,50,1,14,-1,1,-1
201501QK50807,2,5,0,18,0,0,0,0,0,0,1,1,2,1,38,7,999,1,5,-1,1,-1
201501QK50808,1,9,0,17,0,8,0,9,0,0,4,1,6,1,28,6,1296,1,16,-1,1,-1
201501QK50808,2,9,0,18,0,8,0,0,0,0,1,1,6,1,-1,-1,-1,-1,-1,-1,-1,-1
201501QK50810,1,19,0,18,0,0,0,0,0,0,4,1,6,1,37,7,-1,-1,-1,-1,1,-1
201501QK50811,1,9,0,10,0,1,0,0,0,0,2,1,6,2,46,8,1598,1,16,-1,1,-1
201501QK50811,2,9,0,18,0,1,0,0,0,0,1,1,6,1,-1,-1,-1,-1,-1,-1,-1,-1
201501QK50812,1,3,0,18,0,8,0,10,1,10,3,1,6,1,19,4,-1,-1,-1,-1,1,-1
201501QK50812,2,19,0,9,0,8,0,0,0,0,1,1,6,1,-1,-1,2198,2,6,-1,-1,-1
201501QK50813,1,9,0,9,0,6,0,0,0,0,3,1,6,1,31,6,1595,1,8,-1,1,-1
201501QK50813,2,9,0,18,0,8,0,0,0,0,1,1,6,1,26,6,-1,-1,-1,-1,1,-1
201501QK50814,1,9,0,18,0,0,0,0,0,0,2,1,6,1,47,8,989,1,13,-1,1,-1
201501QK50814,2,9,0,18,0,0,0,0,0,0,1,1,6,1,27,6,1598,1,7,-1,1,-1
201501QK50815,1,9,0,2,0,0,0,0,0,0,3,1,6,1,23,5,2996,2,5,-1,1,-1
201501QK50815,2,1,0,18,0,0,0,0,0,0,1,1,6,1,27,6,-1,-1,-1,-1,1,-1
201501QK50816,1,3,0,18,0,2,0,0,0,0,3,1,6,1,24,5,-1,-1,-1,-1,1,-1
201501QK50816,2,9,0,6,0,2,0,0,0,0,2,1,6,1,23,5,-1,-1,-1,-1,1,-1
201501QK50817,1,3,0,4,0,0,0,0,0,0,0,1,6,1,34,6,-1,-1,-1,-1,1,-1
201501QK50818,1,9,0,18,0,0,0,0,0,0,3,1,6,1,41,7,1399,2,6,-1,1,-1
201501QK50820,1,19,0,5,0,8,0,0,0,0,1,1,6,1,33,6,2402,2,6,-1,1,-1
201501QK50820,2,3,0,18,0,8,0,0,0,0,4,1,6,1,34,6,125,1,-1,-1,1,-1
201501QK50821,1,5,0,13,0,0,1,0,0,0,1,1,6,1,41,7,806,1,1,-1,1,-1
201501QK50821,2,9,0,6,0,0,0,0,0,0,3,1,6,1,39,7,1896,2,12,-1,1,-1
201501QK50822,1,9,0,18,0,8,0,0,0,0,1,1,6,2,42,7,1798,8,-1,-1,1,-1
201501QK50822,2,9,0,15,0,8,0,0,0,0,2,1,6,1,-1,-1,2790,1,10,-1,-1,-1
201501QK50823,1,9,0,18,0,0,0,0,0,0,1,1,6,2,32,6,1390,1,4,-1,1,-1
201501QK50824,1,11,0,4,2,8,0,0,0,0,0,1,1,1,34,6,9360,2,5,-1,1,-1
201501QK50825,1,8,0,16,0,8,0,0,0,0,4,1,6,1,36,7,1798,8,2,-1,1,-1
201501QK50825,2,3,0,16,0,8,0,8,0,0,1,1,6,1,27,6,125,1,8,-1,1,-1
201501QK50826,1,11,0,17,0,0,0,0,0,0,0,1,1,1,63,9,4500,2,-1,-1,1,-1
201501QK50827,1,9,0,9,0,8,0,0,0,0,1,1,6,2,43,7,1596,1,9,-1,1,-1
201501QK50827,2,1,0,18,0,8,0,0,0,0,1,1,6,1,23,5,-1,-1,-1,-1,1,-1
201501QK50828,1,9,0,7,0,8,0,0,0,0,0,1,6,2,43,7,1399,1,11,-1,-1,-1
201501QK50828,2,5,0,18,0,8,0,0,0,0,4,1,6,1,20,4,125,1,2,-1,-1,-1
201501QK50829,1,9,0,6,0,0,0,0,0,0,3,1,6,1,48,8,1598,1,9,-1,-1,-1
201501QK50829,2,4,0,13,0,0,0,0,0,0,1,1,6,1,34,6,-1,-1,-1,-1,1,-1
201501QK50830,1,9,0,11,0,2,0,4,0,0,4,1,6,1,24,5,1498,1,10,-1,1,-1
201501QK50830,2,19,0,2,0,2,0,0,0,0,3,1,6,1,21,5,2198,2,4,-1,3,-1
201501QK50831,1,11,0,4,0,0,0,0,0,0,0,1,1,1,29,6,6700,2,3,-1,1,-1
201501QK50832,1,9,0,9,0,8,0,0,0,0,3,1,6,2,34,6,1349,1,7,-1,1,-1
201501QK50832,2,9,0,18,0,8,0,0,0,0,1,1,6,1,37,7,1995,1,7,-1,1,-1
201501QK50833,1,9,0,14,0,0,0,0,0,0,3,1,6,1,-1,-1,1598,2,3,-1,1,-1
201501QK50833,2,9,0,18,0,0,0,0,0,0,4,1,6,2,46,8,1685,2,4,-1,1,-1
201501QK50834,1,9,0,3,0,0,0,0,0,0,2,1,6,2,56,9,1388,1,11,-1,1,-1
201501QK50834,2,9,0,18,0,0,0,0,0,0,1,1,6,1,-1,-1,1797,8,5,-1,-1,-1
201501QK50835,1,9,0,7,0,8,0,0,0,0,3,1,6,1,50,8,1364,1,2,-1,1,-1
201501QK50835,2,1,0,18,0,8,0,0,0,0,1,1,6,1,32,6,-1,-1,-1,-1,1,-1
201501QK50837,1,9,0,18,0,0,0,0,0,0,1,1,1,2,37,7,1598,1,2,-1,1,-1
201501QK50838,1,9,0,1,0,1,0,0,0,0,2,1,6,1,-1,-1,-1,-1,-1,-1,-1,-1
201501QK50839,1,11,0,18,0,1,0,10,0,0,4,1,1,1,70,10,-1,-1,-1,-1,1,-1
201501QK50840,1,9,0,4,0,8,0,0,0,0,0,1,6,2,39,7,2967,2,8,-1,1,-1
201501QK50840,2,1,0,18,0,8,1,0,0,0,0,1,6,2,46,8,-1,-1,-1,-1,1,-1
201501QK50841,1,9,0,7,0,5,0,0,0,0,4,1,6,3,-1,-1,-1,-1,-1,-1,-1,-1
201501QK50841,2,3,0,18,0,8,0,0,0,0,3,1,1,1,28,6,125,1,5,-1,1,-1
201501QK50843,1,9,0,14,0,0,0,0,0,0,3,1,6,1,42,7,1598,2,4,-1,1,-1
201501QK50843,2,9,0,18,0,0,0,0,0,0,3,1,6,1,19,4,-1,-1,-1,-1,1,-1
201501QK50844,1,9,0,18,0,8,0,10,1,0,3,1,6,1,46,8,-1,-1,-1,-1,1,-1
201501QK50844,2,9,0,18,0,8,0,0,0,0,1,1,6,1,32,6,1560,2,9,-1,1,-1
201501QK50845,1,3,0,15,0,2,0,0,0,0,1,1,6,3,-1,-1,-1,-1,-1,-1,-1,-1
201501QK50846,1,9,0,9,0,8,0,0,0,0,1,1,6,1,27,6,1560,2,1,-1,-1,-1
201501QK50846,2,9,0,18,0,8,0,0,0,0,4,1,6,1,-1,-1,1598,1,12,-1,-1,-1
201501QK50847,1,3,0,18,0,0,0,10,1,0,1,1,6,3,-1,-1,-1,-1,-1,-1,-1,-1
201501QK50848,1,9,0,3,0,1,0,0,0,0,2,1,6,1,32,6,2268,2,1,-1,1,-1
201501QK50848,2,19,0,5,0,1,0,0,0,0,1,1,1,1,-1,-1,2198,2,1,-1,-1,-1
201501QK50850,1,9,0,18,0,0,0,0,0,0,1,1,6,2,42,7,2902,2,12,-1,1,-1
201501QK50850,2,9,0,2,0,0,0,0,0,0,3,1,6,1,-1,-1,-1,-1,-1,-1,-1,-1
201501QK50851,1,9,0,9,0,5,0,0,0,0,4,1,6,1,81,11,2499,1,10,-1,1,-1
201501QK50851,2,9,0,4,0,8,0,0,0,0,1,1,6,2,38,7,1275,1,16,-1,1,-1
201501QK50852,1,9,0,4,0,0,0,0,0,0,2,1,2,1,69,10,1796,1,3,-1,1,-1
201501QK50852,2,3,0,18,0,0,1,0,0,0,1,1,1,1,29,6,125,1,2,-1,1,-1
201501QK50855,1,9,0,4,0,0,0,0,0,0,2,1,6,2,37,7,1781,1,13,-1,-1,-1
201501QK50855,2,3,0,4,0,0,1,0,0,0,1,1,6,1,19,4,-1,-1,-1,-1,1,-1
201501QK50856,1,9,0,18,0,1,0,0,0,0,1,1,6,1,25,5,1968,2,3,-1,-1,-1
201501QK50856,2,9,0,1,0,1,0,0,0,0,2,1,6,3,-1,-1,-1,-1,-1,-1,-1,-1
201501QK50857,1,9,0,2,2,1,0,0,0,0,3,1,6,1,59,9,3436,1,3,-1,1,-1
201501QK50857,2,2,0,14,2,1,0,8,0,0,1,1,6,1,22,5,125,1,1,-1,1,-1
201501QK50858,1,9,0,16,0,0,0,0,0,0,1,1,6,2,44,7,1598,1,14,-1,1,-1
201501QK50858,2,1,0,18,0,0,0,0,0,0,3,1,6,2,7,2,-1,-1,-1,-1,1,-1
201501QK50859,1,9,0,4,0,8,0,0,0,0,2,1,6,2,58,9,1240,1,6,-1,1,-1
201501QK50859,2,20,0,18,0,8,0,0,0,0,1,1,1,1,23,5,10518,2,2,-1,1,-1
201501QK50860,1,3,0,18,0,1,0,0,0,0,1,1,6,1,19,4,108,1,4,-1,1,-1
201501QK50860,2,9,0,9,0,1,0,0,0,0,3,1,6,2,51,8,1796,1,12,-1,1,-1
201501QK50861,1,11,0,4,0,8,0,0,0,0,0,1,1,1,50,8,9360,2,5,-1,1,-1
201501QK50861,2,9,0,7,0,8,0,0,0,0,0,1,6,2,-1,-1,-1,-1,-1,-1,-1,-1
201501QK50862,1,19,0,18,0,0,0,0,0,0,4,1,6,3,-1,-1,-1,-1,-1,-1,-1,-1
201501QK50863,1,9,0,18,0,0,0,0,0,0,4,1,6,2,34,6,2179,2,-1,-1,1,-1
201501QK50863,2,9,0,6,0,0,0,0,0,0,3,1,6,2,40,7,1598,2,2,-1,1,-1
201501QK50864,1,9,0,18,0,8,0,0,0,0,1,1,6,1,32,6,1396,1,16,-1,1,-1
201501QK50864,2,9,0,18,0,8,0,0,0,0,3,1,6,1,25,5,1968,2,6,-1,1,-1
201501QK50864,3,9,0,8,0,8,0,0,0,0,1,1,6,1,48,8,1995,2,2,-1,1,-1
201501QK50865,1,9,0,2,0,1,0,0,0,0,2,1,6,1,26,6,2496,2,13,-1,1,-1
201501QK50865,2,9,0,18,0,1,0,4,0,0,1,1,6,1,36,7,1590,1,10,-1,1,-1
201501QK50866,1,19,0,12,0,1,0,0,0,0,2,1,2,1,31,6,1560,2,7,-1,1,-1
201501QK50866,2,5,0,18,0,1,0,0,0,0,2,1,2,1,23,5,599,1,17,-1,1,-1
201501QK50867,1,2,0,13,0,8,0,0,0,0,1,1,1,1,22,5,50,1,8,-1,1,-1
201501QK50867,2,9,0,9,0,5,0,0,0,0,3,1,3,2,57,9,1998,1,9,-1,1,-1
201501QK50868,1,9,0,4,0,8,0,0,0,0,2,1,6,2,41,7,1339,1,6,-1,1,-1
201501QK50868,2,9,0,18,0,8,0,0,0,0,1,1,6,1,-1,-1,-1,-1,-1,-1,-1,-1
201501QK50869,1,9,0,18,0,1,0,0,0,0,2,1,6,1,40,7,1995,2,4,-1,1,-1
201501QK50869,2,9,0,18,0,1,0,0,0,0,1,1,6,1,25,5,1796,1,14,-1,1,-1
201501QK50870,1,9,0,18,0,8,0,0,0,0,4,1,6,1,38,7,1995,2,8,-1,1,-1
201501QK50870,2,9,0,18,0,1,0,0,0,0,3,1,6,1,-1,-1,1797,8,5,-1,-1,-1
201501QK50871,1,8,0,18,0,1,0,0,0,0,1,1,6,1,40,7,1910,2,8,-1,1,-1
201501QK50872,1,20,0,1,0,1,0,0,0,0,2,1,6,1,48,8,2198,2,1,-1,1,-1
201501QK50872,2,1,0,18,0,1,0,0,0,0,1,1,6,2,27,6,-1,-1,-1,-1,1,-1
201501QK50874,1,21,0,14,0,0,0,0,0,0,3,1,1,1,60,9,-1,-1,-1,-1,1,-1
201501QK50874,2,3,0,13,0,0,0,0,0,0,4,1,6,1,18,4,124,1,2,-1,1,-1
201501QK50875,1,2,0,18,0,1,1,0,0,0,1,1,6,1,17,4,49,1,6,-1,1,-1
201501QK50875,2,9,0,9,0,1,0,0,0,0,4,1,6,3,-1,-1,1560,2,1,-1,-1,-1
201501QK50876,1,9,0,18,0,1,0,0,0,0,4,1,6,1,51,8,-1,-1,-1,-1,1,-1
201501QK50878,1,9,0,1,0,2,0,4,1,0,2,1,1,1,33,6,1368,1,-1,-1,1,-1
201501QK50878,2,9,0,2,0,2,0,0,1,0,2,1,3,1,47,8,1329,1,6,-1,1,-1
201501QK50879,1,9,0,2,0,1,0,0,0,0,3,1,6,1,55,8,-1,-1,-1,-1,1,-1
201501QK50879,2,1,0,18,0,1,0,0,0,0,1,1,6,1,42,7,-1,-1,-1,-1,1,-1
201501QK50880,1,9,0,18,0,8,0,0,0,0,1,1,6,1,18,4,1242,1,8,-1,1,-1
201501QK50880,2,9,0,18,0,8,0,0,0,0,1,1,6,1,45,7,1461,2,13,-1,1,-1
201501QK50881,1,9,0,8,0,1,0,0,0,0,2,1,6,1,35,6,1951,2,11,-1,1,-1
201501QK50881,2,19,0,16,0,1,0,0,0,0,1,1,6,1,23,5,-1,-1,-1,-1,1,-1
201501QK50882,1,9,0,18,0,0,0,0,0,0,1,1,6,1,60,9,-1,-1,-1,-1,1,-1
201501QK50882,2,9,0,4,0,0,0,0,0,0,2,1,6,1,21,5,2204,2,7,-1,1,-1
201501QK50882,3,9,0,4,0,0,0,0,0,0,2,1,6,1,40,7,-1,-1,-1,-1,-1,-1
201501QK50883,1,9,0,9,0,8,0,0,0,0,1,1,6,1,31,6,1794,1,11,-1,1,-1
201501QK50883,2,9,0,18,0,8,0,0,0,0,1,1,6,2,26,6,1360,1,3,-1,-1,-1
201501QK50884,1,2,0,14,0,0,0,0,0,0,1,1,6,2,38,7,49,1,3,-1,-1,-1
201501QK50885,1,9,0,9,0,8,0,0,0,0,1,1,2,2,47,8,1198,1,-1,-1,1,-1
201501QK50885,2,9,0,9,0,1,0,0,0,0,4,1,2,1,38,7,1997,2,5,-1,1,-1
201501QK50886,1,9,0,16,0,0,0,0,0,0,1,1,1,1,21,5,-1,-1,-1,-1,1,-1
201501QK50886,2,9,0,17,0,0,0,0,0,0,1,2,6,1,28,6,-1,-1,-1,-1,-1,-1
201501QK50887,1,9,0,18,0,1,0,0,0,0,1,1,6,3,-1,-1,1995,2,2,-1,-1,-1
201501QK50890,1,9,0,18,0,0,0,0,0,0,1,1,2,2,28,6,1329,1,3,-1,1,-1
201501QK50891,1,4,0,14,0,0,0,0,0,0,1,1,6,1,45,7,125,1,9,-1,1,-1
201501QK50892,1,4,0,13,0,0,0,0,0,0,4,1,6,1,33,6,125,1,-1,-1,1,-1
201501QK50892,2,9,0,12,0,0,0,0,0,0,3,1,6,2,-1,-1,-1,-1,-1,-1,-1,-1
201501QK50893,1,9,0,9,0,8,0,0,0,0,4,1,6,1,24,5,1149,1,13,-1,1,-1
201501QK50893,2,9,0,18,0,8,0,0,0,0,1,1,6,1,60,9,1995,2,3,-1,1,-1
201501QK50894,1,19,0,18,0,0,0,0,0,0,1,1,6,3,-1,-1,-1,-1,-1,-1,-1,-1
201501QK50895,1,9,0,18,0,8,0,0,0,0,1,1,6,2,64,9,1296,1,8,-1,1,-1
201501QK50896,1,9,0,7,0,8,0,0,0,0,1,1,1,1,35,6,1797,8,6,-1,1,-1
201501QK50896,2,9,0,1,0,8,0,0,0,0,2,1,6,1,-1,-1,-1,-1,-1,-1,1,-1
201501QK50897,1,9,0,7,0,1,0,0,0,0,1,1,6,1,32,6,1850,1,16,-1,-1,-1
201501QK50898,1,9,0,9,0,8,0,0,0,0,3,1,6,1,43,7,1595,1,3,-1,1,-1
201501QK50898,2,2,0,18,0,8,0,0,0,0,4,1,6,1,27,6,125,1,1,-1,3,-1
201501QK50899,1,1,0,18,0,1,0,0,0,0,1,1,6,2,20,4,-1,-1,-1,-1,-1,-1
201501QK50899,2,9,0,9,0,2,0,0,0,0,1,1,6,3,-1,-1,-1,-1,-1,-1,-1,-1
201501QK50903,1,9,0,18,0,8,5,0,1,0,3,1,3,1,20,4,1896,2,7,-1,1,-1
201501QK50903,2,9,0,18,0,6,0,0,0,0,1,1,2,2,35,6,1796,1,12,-1,-1,-1
201501QK50904,1,9,0,18,0,8,1,7,7,0,4,1,6,2,65,9,2148,2,6,-1,1,-1
201501QK50904,2,9,0,18,0,8,0,0,0,0,1,1,6,1,-1,-1,-1,-1,-1,-1,-1,-1
201501QK50905,1,9,0,18,0,0,0,0,0,0,3,1,6,2,32,6,1896,2,10,-1,-1,-1
201501QK50906,1,9,0,9,0,6,0,0,0,0,1,1,1,1,36,7,1997,2,13,-1,1,-1
201501QK50906,2,9,0,16,0,8,1,0,7,2,3,1,1,2,58,9,998,1,5,-1,1,-1
201501QK50906,3,1,0,18,0,1,0,0,0,0,1,1,1,1,-1,-1,-1,-1,-1,-1,1,-1
201501QK50907,1,9,0,18,0,1,0,0,0,0,3,1,6,1,55,8,1339,1,9,-1,1,-1
201501QK50908,1,9,0,1,0,1,0,0,0,0,2,1,6,2,-1,-1,-1,-1,-1,-1,-1,-1
201501QK50908,2,9,0,4,0,1,0,0,0,0,1,1,6,1,-1,-1,998,1,15,-1,-1,-1
201501QK50909,1,8,0,3,0,0,0,0,0,0,2,1,6,1,40,7,1997,2,4,-1,1,-1
201501QK50909,2,9,0,18,0,0,0,0,0,0,1,1,6,2,18,4,-1,-1,-1,-1,-1,-1
201501QK50910,1,3,0,18,0,8,0,0,0,0,1,1,6,1,57,9,109,1,7,-1,1,-1
201501QK50910,2,9,0,9,0,8,0,0,0,0,4,1,6,1,32,6,1598,1,6,-1,1,-1
201501QK50911,1,9,0,11,2,0,0,0,0,0,4,1,2,2,28,6,1364,2,2,-1,1,-1
201501QK50911,2,19,0,18,0,0,0,0,0,0,2,1,6,1,35,6,1997,2,10,-1,1,-1
201501QK50911,3,11,0,18,0,0,0,0,0,0,3,1,1,1,-1,-1,-1,-1,-1,-1,-1,-1
201501QK50912,1,3,0,18,0,8,0,0,0,0,3,1,6,1,19,4,124,1,11,-1,-1,-1
201501QK50912,2,9,0,9,0,5,0,0,0,0,1,1,6,1,25,5,1364,1,8,-1,1,-1
201501QK50913,1,3,0,9,0,8,0,0,0,0,1,1,6,1,17,4,124,1,-1,-1,1,-1
201501QK50913,2,3,0,18,0,1,0,0,0,0,3,1,6,1,26,6,125,1,-1,-1,1,-1
201501QK50914,1,9,0,18,0,0,0,0,0,0,3,1,6,1,62,9,-1,-1,-1,-1,1,-1
201501QK50915,1,9,0,9,0,6,0,0,0,0,3,1,2,2,31,6,2987,2,8,-1,1,-1
201501QK50915,2,9,0,18,0,8,0,0,0,0,1,1,6,1,25,5,1798,8,-1,-1,1,-1
201501QK50916,1,9,0,4,0,1,0,0,0,0,1,1,6,1,35,6,1299,1,10,-1,1,-1
201501QK50917,1,9,0,18,0,1,0,0,0,0,4,1,6,2,48,8,-1,-1,-1,-1,-1,-1
201501QK50917,2,9,0,3,0,1,0,0,0,0,2,1,6,1,54,8,-1,-1,-1,-1,1,-1
201501QK50917,3,9,0,3,0,2,0,0,0,0,3,1,6,2,-1,-1,-1,-1,-1,-1,-1,-1
201501QK50917,4,9,0,3,0,2,0,0,0,0,2,1,6,1,-1,-1,-1,-1,-1,-1,-1,-1
201501QK50919,1,3,0,13,0,8,0,0,0,0,4,1,6,1,18,4,125,1,-1,-1,1,-1
201501QK50919,2,9,0,6,0,8,0,0,0,0,3,1,6,1,64,9,1968,2,3,-1,-1,-1
201501QK50920,1,9,0,9,0,1,0,0,0,0,1,1,6,1,34,6,1595,1,13,-1,1,-1
201501QK50920,2,5,0,18,0,1,0,0,0,0,1,1,6,1,19,4,-1,-1,-1,-1,1,-1
201501QK50921,1,9,0,3,0,0,0,0,0,0,2,1,2,2,30,6,-1,-1,-1,-1,1,-1
201501QK50921,2,9,0,5,0,0,0,0,0,0,1,1,6,1,39,7,1590,1,11,-1,1,-1
201501QK50922,1,9,0,18,0,1,0,0,0,0,1,1,6,3,-1,-1,-1,-1,-1,-1,-1,-1
201501QK50923,1,5,0,18,0,8,0,0,0,0,1,1,6,1,38,7,-1,-1,-1,-1,1,-1
201501QK50923,2,9,0,9,0,8,0,0,0,0,1,1,6,1,63,9,2143,2,1,-1,1,-1
201501QK50926,1,2,0,14,0,8,0,0,0,0,3,1,6,1,32,6,108,1,3,-1,1,-1
201501QK50926,2,9,0,9,0,8,0,0,0,0,0,1,6,1,30,6,1998,1,15,-1,1,-1
201501QK50927,1,1,0,9,0,8,0,0,0,0,4,1,6,1,49,8,-1,-1,-1,-1,1,-1
201501QK50927,2,3,0,18,0,8,0,0,0,0,1,1,6,2,-1,-1,124,1,1,-1,-1,-1
201501QK50929,1,21,0,9,0,8,0,0,0,0,3,1,1,1,49,8,12419,2,1,-1,-1,-1
201501QK50929,2,9,0,10,0,8,0,0,0,0,4,1,6,2,30,6,1590,1,10,-1,1,-1
201501QK50929,3,9,0,18,0,8,0,0,0,0,1,1,6,1,20,4,1910,2,10,-1,1,-1
201501QK50929,4,9,0,18,0,1,0,0,0,0,1,1,6,1,33,6,1896,2,12,-1,1,-1
201501QK50930,1,9,0,9,0,8,0,0,0,0,3,1,6,2,41,7,1560,2,3,-1,1,-1
201501QK50930,2,3,0,13,0,8,0,0,0,0,1,1,6,1,21,5,125,1,6,-1,-1,-1
201501QK50931,1,9,0,6,0,0,0,0,0,0,3,1,2,1,37,7,1390,1,11,-1,1,-1
201501QK50931,2,4,0,14,0,0,0,0,0,0,1,1,2,1,55,8,750,1,32,-1,1,-1
201501QK50932,1,3,0,15,0,8,0,0,0,0,4,1,6,1,20,4,125,1,-1,-1,1,-1
201501QK50932,2,9,0,9,0,8,0,0,0,0,4,1,6,1,30,6,1896,2,15,-1,1,-1
201501QK50933,1,8,0,4,0,1,0,0,0,0,4,1,1,1,43,7,1798,8,3,-1,1,-1
201501QK50933,2,1,0,15,0,1,0,0,0,0,3,1,6,1,34,6,-1,-1,-1,-1,1,-1
201501QK50934,1,9,0,18,0,1,0,0,0,0,1,1,6,1,-1,-1,-1,-1,-1,-1,-1,-1
201501QK50935,1,9,0,10,0,8,0,0,0,0,2,1,6,1,56,9,1360,1,15,-1,1,-1
201501QK50935,2,8,0,18,0,8,0,0,0,0,3,1,6,1,58,9,2499,2,8,-1,1,-1
201501QK50935,3,8,0,18,0,8,0,0,0,0,1,1,1,1,44,7,1797,8,5,-1,1,-1
201501QK50936,1,9,0,18,0,8,0,0,0,0,1,1,6,1,-1,-1,-1,-1,-1,-1,-1,-1
201501QK50937,1,9,0,18,0,0,0,0,0,0,1,1,6,1,37,7,1799,1,7,-1,1,-1
201501QK50939,1,9,0,2,0,0,0,0,0,0,3,1,6,1,24,5,1360,1,12,-1,1,-1
201501QK50939,2,1,0,18,0,0,0,8,0,0,1,1,6,1,36,7,-1,-1,-1,-1,1,-1
201501QK50940,1,4,0,4,0,8,1,0,0,0,3,1,6,1,29,6,124,1,3,-1,1,-1
201501QK50940,2,9,0,9,0,5,0,0,0,0,1,1,6,2,22,5,993,1,12,-1,1,-1
201501QK50941,1,5,0,18,0,8,0,0,0,0,1,1,6,1,35,6,599,1,18,-1,1,-1
201501QK50941,2,19,0,7,0,8,0,0,0,0,1,1,6,1,26,6,2298,2,3,-1,1,-1
201501QK50942,1,19,0,12,0,1,0,0,0,0,3,1,1,1,56,9,-1,-1,-1,-1,-1,-1
201501QK50942,2,3,0,13,0,1,1,0,0,0,1,1,6,1,29,6,124,1,3,-1,1,-1
201501QK50943,1,3,0,18,0,8,0,0,0,0,3,1,6,1,30,6,124,1,6,-1,1,-1
201501QK50943,2,9,0,9,0,8,0,0,0,0,1,1,6,1,-1,-1,-1,-1,-1,-1,-1,-1
201501QK50944,1,9,0,9,0,8,0,0,0,0,4,1,6,1,82,11,1598,1,9,-1,1,-1
201501QK50944,2,11,0,9,0,8,0,0,0,0,3,1,1,1,-1,-1,-1,-1,-1,-1,-1,-1
201501QK50945,1,3,0,15,2,8,1,0,0,0,0,1,1,1,25,5,124,1,4,-1,1,-1
201501QK50945,2,19,0,7,0,8,0,0,0,0,0,1,6,1,32,6,2287,2,-1,-1,1,-1
201501QK50946,1,9,0,17,0,8,0,0,0,0,4,1,6,1,24,5,1895,1,15,-1,1,-1
201501QK50946,2,9,0,16,0,8,0,0,0,0,0,1,6,1,-1,-1,1956,2,-1,-1,-1,-1
201501QK50947,1,9,0,4,0,8,0,0,0,0,2,1,6,1,33,6,1896,2,14,-1,1,-1
201501QK50947,2,9,0,18,0,8,0,0,0,0,1,1,6,1,36,7,1896,2,13,-1,1,-1
201501QK50947,3,9,0,18,0,8,0,0,0,0,1,1,6,1,24,5,1995,2,3,-1,1,-1
201501QK50949,1,9,0,18,0,8,0,0,0,0,1,1,6,1,38,7,1560,2,1,-1,1,-1
201501QK50950,1,8,0,2,0,0,0,0,0,0,2,1,6,1,39,7,2143,2,3,-1,1,-1
201501QK50950,2,19,0,18,0,0,0,4,0,0,1,1,6,1,61,9,1868,2,14,-1,1,-1
201501QK50951,1,19,0,9,0,8,0,0,0,0,1,1,6,1,28,6,2402,2,8,-1,1,-1
201501QK50951,2,8,0,18,0,8,0,0,0,0,3,1,1,1,41,7,1910,2,8,-1,1,-1
201501QK50952,1,9,0,2,0,0,0,0,0,0,1,1,6,2,41,7,1364,1,9,-1,1,-1
201501QK50952,2,21,0,1,0,0,0,4,0,0,2,1,1,1,58,9,9290,2,-1,-1,-1,-1
201501QK50953,1,9,0,9,0,8,0,0,0,0,4,1,6,1,25,5,1598,1,8,-1,1,-1
201501QK50953,2,3,0,18,0,8,0,0,0,0,1,1,6,1,28,6,125,1,3,-1,1,-1
201501QK50954,1,9,0,17,0,8,0,0,0,0,3,1,6,2,68,10,1332,1,18,-1,1,-1