Accident_Index,Vehicle_Reference,Vehicle_Type,Towing_and_Articulation,Vehicle_Manoeuvre,Vehicle_Location-Restricted_Lane,Junction_Location,Skidding_and_Overturning,Hit_Object_in_Carriageway,Vehicle_Leaving_Carriageway,Hit_Object_off_Carriageway,1st_Point_of_Impact,Was_Vehicle_Left_Hand_Drive?,Journey_Purpose_of_Driver,Sex_of_Driver,Age_of_Driver,Age_Band_of_Driver,Engine_Capacity_(CC),Propulsion_Code,Age_of_Vehicle,Driver_IMD_Decile,Driver_Home_Area_Type,Vehicle_IMD_Decile
201501QK50954,2,9,0,17,0,8,0,0,0,0,1,1,6,3,-1,-1,-1,-1,-1,-1,-1,-1
201501QK50955,1,9,0,9,0,8,0,0,0,0,3,1,6,1,32,6,1968,2,9,-1,1,-1
201501QK50955,2,9,0,17,0,8,0,0,0,0,1,1,6,1,59,9,1968,2,8,-1,1,-1
201501QK50956,1,3,0,18,0,1,0,4,0,0,1,1,6,1,23,5,124,1,7,-1,1,-1
201501QK50956,2,9,0,2,0,1,0,0,0,0,2,1,6,1,51,8,2979,1,6,-1,1,-1
201501QK50957,1,11,0,4,0,8,0,0,0,0,0,1,1,1,46,8,5132,2,-1,-1,1,-1
201501QK50957,2,9,0,14,0,8,0,0,0,0,0,1,6,1,-1,-1,-1,-1,-1,-1,-1,-1
201501QK50958,1,9,0,18,0,8,0,0,0,0,4,1,6,3,-1,-1,-1,-1,-1,-1,-1,-1
201501QK50959,1,8,0,18,0,8,0,0,0,0,4,1,2,1,44,7,1896,2,6,-1,1,-1
201501QK50959,2,9,0,18,0,8,0,0,0,0,1,1,6,2,32,6,1598,1,8,-1,1,-1
201501QK50960,1,9,0,2,0,8,0,0,0,0,2,1,6,1,49,8,1968,2,10,-1,1,-1
201501QK50960,2,19,0,1,0,8,0,4,0,0,2,1,1,1,-1,-1,1461,2,11,-1,1,-1
201501QK50961,1,9,0,18,0,8,0,0,0,0,1,1,6,1,20,4,1598,2,1,-1,1,-1
201501QK50961,2,9,0,9,0,8,0,0,0,0,4,1,6,1,34,6,-1,-1,-1,-1,1,-1
201501QK50962,1,3,0,18,0,8,0,0,0,0,1,1,6,1,40,7,125,1,7,-1,1,-1
201501QK50963,1,9,0,2,0,1,0,0,0,0,3,1,6,1,44,7,-1,-1,-1,-1,1,-1
201501QK50963,2,9,0,18,0,1,0,8,0,0,4,1,6,1,51,8,1498,1,9,-1,1,-1
201501QK50964,1,9,0,18,0,0,0,0,0,0,1,1,1,1,-1,-1,-1,-1,-1,-1,-1,-1
201501QK50964,2,9,0,2,0,0,0,0,0,0,1,1,6,1,-1,-1,1598,1,3,-1,1,-1
201501QK50964,3,9,0,2,0,0,0,0,0,0,2,1,6,1,-1,-1,1896,2,10,-1,1,-1
201501QK50966,1,9,0,2,0,0,0,0,0,0,3,1,6,1,55,8,1590,1,13,-1,1,-1
201501QK50966,2,11,0,18,0,0,0,0,0,0,4,1,1,3,-1,-1,-1,-1,-1,-1,-1,-1
201501QK50967,1,3,0,18,0,8,0,0,0,0,1,1,6,1,24,5,125,1,12,-1,1,-1
201501QK50968,1,5,0,3,0,8,0,0,0,0,3,1,6,1,29,6,600,1,17,-1,1,-1
201501QK50968,2,9,0,9,0,8,0,0,0,0,1,1,6,1,22,5,-1,-1,-1,-1,1,-1
201501QK50969,1,19,0,18,0,8,0,0,0,0,1,1,6,1,38,7,2151,2,13,-1,1,-1
201501QK50969,2,9,0,1,0,8,0,0,0,0,2,1,6,1,47,8,1896,2,13,-1,1,-1
201501QK50970,1,9,0,9,0,8,0,0,0,0,1,1,6,1,47,8,1560,2,9,-1,1,-1
201501QK50971,1,9,0,18,0,0,0,0,0,0,4,1,6,1,53,8,1596,1,10,-1,1,-1
201501QK50972,1,11,0,5,0,8,0,0,0,0,0,1,1,1,40,7,9360,2,5,-1,1,-1
201501QK50973,1,9,0,11,0,8,0,0,0,0,4,1,6,1,49,8,1895,1,14,-1,1,-1
201501QK50973,2,3,0,17,0,8,0,0,0,0,3,1,6,1,22,5,125,1,-1,-1,1,-1
201501QK50974,1,1,0,16,0,8,0,0,0,0,3,1,6,1,31,6,-1,-1,-1,-1,1,-1
201501QK50974,2,9,0,16,0,8,0,0,0,0,1,1,6,1,55,8,1396,1,16,-1,1,-1
201501QK50975,1,9,0,7,0,8,0,10,3,2,1,1,6,1,22,5,1686,2,3,-1,1,-1
201501QK50975,2,9,0,7,0,8,0,0,0,0,0,1,1,1,-1,-1,-1,-1,-1,-1,-1,-1
201501QK50976,1,9,0,9,0,8,0,10,1,2,1,1,6,2,23,5,1587,1,12,-1,1,-1
201501QK50978,1,1,0,9,0,8,0,0,0,0,1,1,6,1,28,6,-1,-1,-1,-1,1,-1
201501QK50978,2,9,0,7,0,8,0,0,0,0,1,1,6,1,48,8,998,1,15,-1,1,-1
201501QK50979,1,9,0,9,0,8,0,0,0,0,3,1,6,1,-1,-1,2993,2,8,-1,-1,-1
201501QK50979,2,9,0,13,0,8,0,0,0,0,4,1,6,1,-1,-1,1598,1,7,-1,-1,-1
201501QK50980,1,9,0,18,0,8,0,0,0,0,1,1,6,3,-1,-1,-1,-1,-1,-1,-1,-1
201501QK50981,1,8,0,4,0,0,0,0,0,0,2,1,6,1,52,8,1997,2,5,-1,1,-1
201501QK50981,2,9,0,18,0,0,0,0,0,0,1,1,6,1,-1,-1,-1,-1,-1,-1,-1,-1
201501QK50983,1,9,0,9,0,8,0,0,0,0,1,1,6,1,48,8,-1,-1,-1,-1,1,-1
201501QK50983,2,3,0,17,0,8,0,0,0,0,1,1,6,1,-1,-1,636,1,-1,-1,-1,-1
201501QK50984,1,9,0,18,0,8,0,0,0,0,1,1,6,1,52,8,1794,1,16,-1,1,-1
201501QK50985,1,9,0,18,0,2,0,0,0,0,1,1,6,1,72,10,1598,1,7,-1,1,-1
201501QK50988,1,9,0,18,0,8,2,0,0,0,1,1,6,1,90,11,1149,1,10,-1,1,-1
201501QK50989,1,9,0,7,0,8,0,0,0,0,3,1,6,1,-1,-1,1497,8,7,-1,1,-1
201501QK50989,2,9,0,9,0,8,0,0,0,0,4,1,6,1,-1,-1,1400,1,17,-1,-1,-1
201501QK50990,1,9,0,18,0,2,0,0,0,0,1,1,6,3,-1,-1,-1,-1,-1,-1,-1,-1
201501QK50991,1,3,0,4,0,1,0,0,0,0,1,1,6,1,20,4,-1,-1,-1,-1,1,-1
201501QK50991,2,9,0,1,0,8,0,0,0,0,0,1,6,1,36,7,1686,2,9,-1,1,-1
201501QK50992,1,9,0,2,0,8,0,0,0,0,2,1,6,1,41,7,2497,1,10,-1,-1,-1
201501QK50992,2,9,0,7,0,8,0,0,0,0,1,1,6,1,-1,-1,-1,-1,-1,-1,-1,-1
201501QK50993,1,9,0,4,0,8,0,0,0,0,2,1,6,1,31,6,1242,1,14,-1,1,-1
201501QK50993,2,9,0,18,0,8,0,0,0,0,1,1,6,3,-1,-1,1497,8,7,-1,-1,-1
201501QK50994,1,9,0,5,0,8,0,0,0,0,1,1,6,2,46,8,-1,-1,-1,-1,1,-1
201501QK50996,1,19,0,18,0,2,0,0,0,0,4,1,1,1,38,7,2143,2,1,-1,1,-1
201501QK50997,1,9,0,7,0,2,0,0,0,0,1,1,6,3,-1,-1,-1,-1,-1,-1,-1,-1
201501QK59001,1,9,0,18,0,8,0,0,0,0,3,1,2,1,50,8,1968,2,9,-1,1,-1
201501QK59001,2,9,0,9,0,8,0,0,0,0,4,1,6,1,26,6,1199,1,14,-1,1,-1
201501QK59007,1,9,0,9,0,8,0,0,0,0,1,1,6,1,44,7,1229,1,9,-1,1,-1
201501QK59007,2,3,0,18,0,8,0,0,0,0,3,1,6,1,30,6,124,1,14,-1,1,-1
201501QK59010,1,3,0,4,0,1,1,0,0,0,0,1,6,1,47,8,124,1,1,-1,1,-1
201501QK59016,1,9,0,4,0,0,0,0,0,0,2,1,6,1,21,5,1596,1,8,-1,1,-1
201501QK59016,2,3,0,18,0,0,0,0,0,0,1,1,6,1,19,4,124,1,10,-1,1,-1
201501QK59017,1,9,0,18,0,2,0,0,0,0,1,1,6,3,-1,-1,-1,-1,-1,-1,-1,-1
201501QK59018,1,9,0,18,0,2,0,0,0,0,4,1,6,2,41,7,1995,2,14,-1,1,-1
201501QK59018,2,1,0,18,0,2,0,0,0,0,3,1,6,1,43,7,-1,-1,-1,-1,1,-1
201501QK59019,1,3,0,18,0,0,0,0,0,0,1,1,6,1,19,4,-1,-1,-1,-1,1,-1
201501QK59019,2,3,0,6,0,0,0,0,0,0,3,1,6,2,26,6,125,1,4,-1,1,-1
201501QK59020,1,9,0,18,0,1,0,0,0,0,1,1,6,3,-1,-1,-1,-1,-1,-1,-1,-1
201501QK59022,1,9,0,9,0,8,0,0,0,0,1,1,6,3,-1,-1,-1,-1,-1,-1,-1,-1
201501QK59022,2,1,0,18,0,8,0,0,0,0,1,1,6,1,28,6,-1,-1,-1,-1,1,-1
201501QK59024,1,5,0,13,0,8,0,0,0,0,1,1,6,1,42,7,599,1,10,-1,1,-1
201501QK59024,2,9,0,9,0,8,0,0,0,0,3,1,6,1,37,7,2400,2,5,-1,1,-1
201501QK59027,1,19,0,7,0,8,0,0,0,0,3,1,1,1,-1,-1,2464,2,8,-1,1,-1
201501QK59027,2,1,0,18,0,8,0,0,0,0,1,1,6,1,18,4,-1,-1,-1,-1,-1,-1
201501QK59030,1,9,0,4,0,1,0,0,0,0,2,1,6,1,52,8,2148,2,6,-1,1,-1
201501QK59030,2,1,0,4,0,1,0,0,0,0,1,1,6,1,48,8,-1,-1,-1,-1,1,-1
201501QK59031,1,9,0,7,0,1,0,0,0,0,2,1,6,1,46,8,2184,2,11,-1,1,-1
201501QK59031,2,9,0,7,0,1,0,0,0,0,1,1,6,1,-1,-1,-1,-1,-1,-1,-1,-1
201501QK59032,1,9,0,3,0,1,0,0,0,0,2,1,6,1,52,8,1497,1,10,-1,1,-1
201501QK59032,2,9,0,3,0,1,0,0,0,0,2,1,6,1,37,7,1995,2,4,-1,1,-1
201501QK59032,3,9,0,18,0,1,0,0,0,0,2,1,6,1,20,4,1598,1,11,-1,1,-1
201501QK59032,4,9,0,18,0,1,0,0,0,0,1,1,6,2,25,5,999,1,-1,-1,1,-1
201501QK59035,1,9,0,5,0,8,0,0,0,0,1,1,6,1,48,8,-1,-1,-1,-1,1,-1
201501QK59035,2,1,0,18,0,8,0,0,0,0,4,1,6,2,25,5,-1,-1,-1,-1,1,-1
201501QK59040,1,9,0,6,0,0,0,0,0,0,3,1,6,1,33,6,1791,8,4,-1,1,-1
201501QK59040,2,5,0,18,0,0,0,0,0,0,1,1,6,1,30,6,599,1,8,-1,1,-1
201501QK59053,1,9,0,18,0,2,5,10,0,0,3,1,6,1,45,7,2967,2,9,-1,-1,-1
201501QK59054,1,9,0,18,0,0,0,0,0,0,2,1,6,2,23,5,1242,1,7,-1,1,-1
201501QK59054,2,9,0,18,0,0,0,0,0,0,1,1,6,1,21,5,1598,1,6,-1,1,-1
201501QK59055,1,9,0,14,0,0,0,0,0,0,4,1,6,1,76,11,1600,1,16,-1,1,-1
201501QK59063,1,11,0,18,0,1,0,0,0,0,0,1,1,3,-1,-1,-1,-1,-1,-1,-1,-1
201501QK59064,1,9,0,17,0,0,0,0,0,0,1,1,6,1,21,5,1595,1,3,-1,1,-1
201501QK59083,1,9,0,18,0,2,0,0,0,0,1,1,1,1,29,6,1798,8,-1,-1,1,-1
201501QK59101,1,3,0,18,0,1,0,0,0,0,3,1,6,1,20,4,-1,-1,-1,-1,-1,-1
201501QK59101,2,9,0,11,0,1,0,0,0,0,4,1,6,1,-1,-1,1598,1,12,-1,-1,-1
201501QK59102,1,9,0,18,0,2,0,7,0,0,1,1,6,1,86,11,-1,-1,-1,-1,1,-1
201501QK59103,1,9,0,6,0,1,0,0,0,0,3,1,1,1,47,8,1997,2,6,-1,1,-1
201501QK59103,2,2,0,13,0,1,0,0,0,0,1,1,1,1,19,4,49,1,7,-1,1,-1
201501QK59122,1,3,0,13,0,0,0,0,0,0,1,1,6,1,30,6,125,1,-1,-1,1,-1
201501QK59122,2,9,0,6,0,0,0,0,0,0,3,1,6,1,-1,-1,1791,8,4,-1,1,-1
201501QK59124,1,3,0,13,0,1,0,10,7,10,1,1,6,1,26,6,125,1,9,-1,1,-1
201501QK59124,2,19,0,9,0,1,0,0,0,0,3,1,6,1,38,7,2463,2,9,-1,1,-1
201501QK59173,1,9,0,3,0,0,0,0,0,0,2,1,6,2,52,8,1988,1,16,-1,1,-1
201501QK59173,2,9,0,18,0,0,0,0,0,0,1,1,6,1,-1,-1,-1,-1,-1,-1,-1,-1
201501QK59208,1,11,0,3,2,0,0,0,0,0,0,1,1,1,32,6,9360,2,2,-1,1,-1
201501QK59209,1,9,0,9,0,8,0,0,0,0,1,1,6,1,60,9,1796,1,7,-1,1,-1
201501QK59210,1,19,0,3,0,2,0,0,0,0,4,1,1,1,44,7,-1,-1,-1,-1,-1,-1
201501QK59210,2,1,0,15,0,2,0,0,0,0,1,1,6,1,53,8,-1,-1,-1,-1,1,-1
201501QK59211,1,3,0,7,0,5,0,0,0,0,1,1,6,1,-1,-1,-1,-1,-1,-1,-1,-1
201501QK59212,1,3,0,18,0,2,0,0,0,0,4,1,6,1,26,6,124,1,10,-1,1,-1
201501QK59212,2,9,0,5,0,2,0,0,0,0,3,1,6,1,53,8,1796,1,12,-1,-1,-1
201501QK59214,1,3,0,18,0,0,0,0,0,0,1,1,6,1,30,6,-1,-1,-1,-1,1,-1
201501QK59216,1,4,0,13,0,8,0,0,0,0,4,1,6,1,24,5,125,1,5,-1,1,-1
201501QK59216,2,9,0,9,0,8,0,0,0,0,3,1,6,1,34,6,1753,2,14,-1,1,-1
201501QK59219,1,9,0,9,0,5,0,0,0,0,1,1,6,1,24,5,1796,1,6,-1,1,-1
201501QK59219,2,9,0,18,0,8,0,0,0,0,1,1,6,1,31,6,1364,1,6,-1,1,-1
201501QK59220,1,9,0,18,0,0,0,0,0,0,1,1,6,3,-1,-1,-1,-1,-1,-1,-1,-1
201501QK59225,1,9,0,4,0,0,0,0,0,0,1,1,6,1,25,5,1368,1,9,-1,1,-1
201501QK59274,1,9,0,5,0,1,0,0,0,0,2,1,6,1,30,6,1900,2,10,-1,1,-1
201501QK59274,2,9,0,5,0,1,0,0,0,0,1,1,6,1,31,6,1984,1,14,-1,1,-1
201501QK59309,1,9,0,17,0,0,0,0,0,0,1,1,6,1,47,8,2979,1,14,-1,1,-1
201501QK59309,2,9,0,18,0,0,0,0,0,0,1,1,6,2,24,5,1388,1,3,-1,1,-1
201501RG40001,1,4,0,4,0,8,0,0,0,0,2,1,6,1,36,7,649,1,5,-1,1,-1
201501RG40001,2,9,0,4,0,8,0,0,0,0,1,1,6,2,50,8,1968,2,6,-1,1,-1
201501RG40003,1,5,0,18,0,0,0,0,0,0,3,1,6,1,44,7,-1,-1,-1,-1,1,-1
201501RG40004,1,5,0,18,0,0,0,0,0,0,3,1,6,1,42,7,839,1,6,-1,1,-1
201501RG40008,1,9,0,18,0,8,0,0,0,0,1,1,6,1,66,10,1910,2,8,-1,1,-1
201501RG40008,2,1,0,18,0,8,0,0,0,0,4,1,6,1,66,10,-1,-1,-1,-1,1,-1
201501RG40015,1,9,0,6,0,8,0,0,0,0,3,1,6,2,21,5,1364,1,8,-1,1,-1
201501RG40015,2,4,0,18,0,8,0,0,0,0,1,1,6,1,25,5,125,1,5,-1,1,-1
201501RG40027,1,9,0,5,0,8,0,0,0,0,2,1,6,2,26,6,-1,-1,-1,-1,1,-1
201501RG40027,2,9,0,18,0,8,0,0,0,0,1,1,6,1,48,8,-1,-1,-1,-1,1,-1
201501RG40029,1,9,0,18,0,8,0,0,0,0,1,1,6,1,66,10,1086,1,11,-1,1,-1
201501RG40029,2,1,0,18,0,8,0,0,0,0,4,1,6,1,55,8,-1,-1,-1,-1,1,-1
201501RG40032,1,5,0,17,0,8,0,0,0,0,2,1,6,1,23,5,125,1,7,-1,1,-1
201501RG40032,2,9,0,17,0,8,0,0,0,0,1,1,6,1,-1,-1,-1,-1,-1,-1,-1,-1
201501RG40034,1,9,0,18,0,8,0,0,0,0,1,1,6,1,46,8,1896,2,6,-1,1,-1
201501RG40035,1,9,0,18,0,8,1,0,1,7,2,1,6,2,27,6,-1,-1,-1,-1,1,-1
201501RG40035,2,9,0,18,0,8,1,0,1,7,1,1,6,1,19,4,1229,1,9,-1,1,-1
201501RG40039,1,9,0,18,0,8,0,0,0,0,1,1,6,1,36,7,2148,2,14,-1,1,-1
201501RG40040,1,9,0,18,0,8,0,0,0,0,1,1,6,2,21,5,1398,1,2,-1,1,-1
201501RG40040,2,9,0,4,0,8,0,0,0,0,2,1,6,1,38,7,1597,1,6,-1,1,-1
201501RG40041,1,9,0,18,0,0,0,0,0,0,4,1,6,1,-1,-1,-1,-1,-1,-1,-1,-1
201501RG40042,1,9,0,18,0,8,0,0,0,0,4,1,6,1,34,6,1360,1,8,-1,1,-1
201501RG40043,1,19,0,4,0,8,0,0,0,0,2,1,1,1,33,6,1968,2,2,-1,1,-1
201501RG40043,2,19,0,4,0,8,0,0,0,0,2,1,6,1,36,7,1598,2,2,-1,1,-1
201501RG40043,3,9,0,4,0,8,0,0,0,0,2,1,6,1,31,6,1598,1,13,-1,1,-1
201501RG40043,4,9,0,18,0,8,0,0,0,0,1,1,6,1,23,5,1796,1,9,-1,1,-1
201501RG40044,1,1,0,18,0,8,0,0,0,0,4,1,6,1,32,6,-1,-1,-1,-1,1,-1
201501RG40044,2,9,0,18,0,8,0,0,0,0,1,1,6,1,-1,-1,-1,-1,-1,-1,-1,-1
201501RG40045,1,9,0,18,0,0,0,0,0,0,1,1,6,1,60,9,1956,2,3,-1,1,-1
201501RG40047,1,9,0,18,0,8,0,0,0,0,2,1,6,2,57,9,1781,1,8,-1,-1,-1
201501RG40047,2,9,0,18,0,8,0,0,0,0,1,1,6,1,-1,-1,1999,1,12,-1,-1,-1
201501RG40048,1,9,0,16,0,1,5,0,0,0,0,1,1,1,28,6,1598,1,9,-1,1,-1
201501RG40049,1,19,0,18,0,8,0,0,0,0,1,1,6,1,37,7,2151,2,11,-1,1,-1
201501RG40049,2,9,0,18,0,8,0,0,0,0,1,1,6,1,44,7,2987,2,7,-1,1,-1
201501RG40050,1,9,0,18,0,8,0,10,1,1,1,1,6,2,46,8,1598,1,12,-1,1,-1
201501RG40051,1,9,0,18,0,8,0,10,0,0,4,1,6,2,32,6,1461,2,6,-1,1,-1
201501RG40052,1,8,0,7,0,8,0,0,0,0,3,1,6,1,67,10,2402,2,9,-1,1,-1
201501RG40052,2,9,0,18,0,8,0,0,0,0,1,1,6,1,53,8,1997,2,1,-1,1,-1
201501RG40055,1,9,0,4,0,0,0,0,0,0,2,1,6,1,46,8,2993,2,6,-1,1,-1
201501RG40055,2,9,0,18,0,0,0,0,0,0,1,1,6,1,-1,-1,-1,-1,-1,-1,1,-1
201501RG40056,1,9,0,5,0,1,0,0,0,0,2,1,6,1,40,7,1997,1,5,-1,1,-1
201501RG40056,2,9,0,5,0,1,0,0,0,0,1,1,6,2,24,5,-1,-1,-1,-1,1,-1
201501RG40058,1,9,0,9,0,8,0,0,0,0,1,1,6,1,20,4,998,1,2,-1,-1,-1
201501RG40058,2,9,0,9,0,8,0,0,0,0,1,1,6,1,44,7,1396,1,20,-1,1,-1
201501RG40059,1,9,0,18,0,0,0,10,1,4,1,1,6,1,51,8,1298,1,11,-1,1,-1
201501RG40061,1,9,0,18,0,8,0,0,0,0,3,1,6,1,65,9,1794,1,10,-1,1,-1
201501RG40061,2,3,0,13,0,8,0,0,0,0,4,1,6,1,22,5,124,1,7,-1,1,-1
201501RG40062,1,9,0,18,0,8,0,0,1,0,1,1,6,1,38,7,-1,-1,-1,-1,-1,-1
201501RG40062,2,9,0,7,0,8,0,0,0,0,4,1,6,1,-1,-1,-1,-1,-1,-1,-1,-1
201501RG40063,1,11,0,5,0,8,0,0,0,0,0,1,1,1,66,10,-1,-1,-1,-1,1,-1
201501RG40067,1,9,0,9,0,8,0,0,0,0,4,1,6,1,25,5,-1,-1,-1,-1,1,-1
201501RG40067,2,19,0,18,0,8,0,0,0,0,1,1,6,1,43,7,2198,2,9,-1,1,-1
201501RG40068,1,11,0,18,0,1,0,0,0,0,0,1,1,1,56,9,7300,2,13,-1,1,-1
201501RG40069,1,9,0,18,0,0,1,10,1,4,1,1,6,2,37,7,1498,1,9,-1,1,-1
201501RG40069,2,9,0,18,0,0,0,0,0,0,3,1,6,1,54,8,1998,1,10,-1,1,-1
201501RG40070,1,2,0,18,0,1,0,0,0,0,1,1,6,1,-1,-1,49,1,2,-1,1,-1
201501RG40071,1,9,0,4,0,8,0,0,0,0,2,1,6,1,49,8,1248,2,4,-1,1,-1
201501RG40071,2,9,0,18,0,8,0,0,0,0,1,1,6,1,-1,-1,-1,-1,-1,-1,-1,-1
201501RG40072,1,9,0,18,0,8,0,0,0,0,4,1,6,1,52,8,1998,1,7,-1,-1,-1
201501RG40072,2,1,0,12,0,8,0,0,0,0,3,1,6,2,51,8,-1,-1,-1,-1,1,-1
201501RG40073,1,9,0,18,0,8,0,0,0,0,1,1,6,2,44,7,1498,1,10,-1,1,-1
201501RG40075,1,9,0,9,0,8,0,0,0,0,2,1,6,1,54,8,1598,1,4,-1,1,-1
201501RG40075,2,9,0,9,0,8,0,0,0,0,1,1,6,1,36,7,-1,-1,-1,-1,-1,-1
201501RG40076,1,9,0,18,0,1,0,0,0,0,1,1,6,1,29,6,1995,2,11,-1,1,-1
201501RG40077,1,9,0,18,0,8,0,0,0,0,4,1,6,1,48,8,-1,-1,-1,-1,1,-1
201501RG40079,1,9,0,4,0,1,0,0,0,0,1,1,6,2,33,6,2143,2,1,-1,1,-1
201501RG40079,2,9,0,3,0,1,0,0,0,0,2,1,1,1,45,7,-1,-1,-1,-1,1,-1
201501RG40081,1,9,0,18,0,8,0,0,0,0,1,1,6,1,38,7,1919,2,7,-1,1,-1
201501RG40081,2,1,0,18,0,8,0,0,0,0,2,1,6,2,32,6,-1,-1,-1,-1,1,-1
201501RG40082,1,9,0,4,0,8,0,0,0,0,1,1,1,2,50,8,999,1,7,-1,1,-1
201501RG40082,2,19,0,4,0,8,0,0,0,0,2,1,6,1,26,6,1968,2,3,-1,1,-1
201501RG40083,1,9,0,18,0,8,0,0,0,0,4,1,6,1,-1,-1,-1,-1,-1,-1,-1,-1
201501RG40084,1,9,0,3,0,1,0,0,0,0,2,1,6,1,62,9,1796,1,11,-1,1,-1
201501RG40084,2,9,0,3,0,1,0,0,0,0,2,1,6,1,25,5,1197,1,4,-1,1,-1
201501RG40084,3,9,0,4,0,1,0,0,0,0,1,1,6,1,18,4,1995,2,1,-1,1,-1
201501RG40086,1,9,0,3,0,2,0,0,0,0,2,1,6,1,23,5,-1,-1,-1,-1,1,-1
201501RG40086,2,5,0,5,0,2,0,0,0,0,1,1,6,1,42,7,102,1,8,-1,1,-1
201501RG40089,1,9,0,18,0,1,0,0,0,0,1,1,6,1,33,6,1796,1,7,-1,1,-1
201501RG40090,1,4,0,18,0,2,0,0,0,0,1,1,6,1,53,8,744,1,9,-1,1,-1
201501RG40091,1,9,0,11,0,2,0,0,0,0,4,1,6,1,25,5,1596,1,13,-1,-1,-1
201501RG40091,2,1,0,18,0,2,0,0,0,0,3,1,6,1,47,8,-1,-1,-1,-1,1,-1
201501RG40093,1,9,0,18,0,1,0,10,1,1,1,1,6,2,29,6,-1,-1,-1,-1,1,-1
201501RG40094,1,9,0,18,0,1,0,0,0,0,3,1,6,2,29,6,1587,1,13,-1,1,-1
201501RG40094,2,11,0,18,0,1,0,0,0,0,4,1,6,1,-1,-1,10838,2,2,-1,-1,-1
201501RG40095,1,3,0,4,0,1,0,0,0,0,0,1,6,1,37,7,124,1,15,-1,1,-1
201501RG40096,1,9,0,18,0,1,0,0,0,0,1,1,6,1,69,10,1896,2,7,-1,1,-1
201501RG40098,1,9,0,11,4,2,0,0,0,0,4,1,1,1,62,9,1998,2,5,-1,1,-1
201501RG40098,2,1,0,18,4,2,0,0,0,0,3,1,6,1,51,8,-1,-1,-1,-1,1,-1
201501RG40099,1,8,0,18,0,1,0,0,0,0,3,1,1,1,43,7,1896,2,8,-1,1,-1
201501RG40099,2,8,0,11,0,1,0,0,0,0,4,1,6,3,-1,-1,2497,2,3,-1,-1,-1
201501RG40100,1,9,0,7,0,8,0,0,0,0,2,1,6,1,28,6,-1,-1,-1,-1,1,-1
201501RG40100,2,9,0,18,0,8,0,0,0,0,1,1,6,3,-1,-1,-1,-1,-1,-1,-1,-1
201501RG40101,1,3,0,18,0,1,0,0,0,0,1,1,1,1,22,5,125,1,5,-1,1,-1
201501RG40102,1,9,0,4,0,2,0,0,0,0,2,1,6,1,38,7,-1,-1,-1,-1,1,-1
201501RG40102,2,9,0,4,0,2,0,0,0,0,1,1,6,2,60,9,1598,1,13,-1,1,-1
201501RG40104,1,9,0,18,0,2,0,0,0,0,1,1,6,2,-1,-1,-1,-1,-1,-1,-1,-1
201501RG40105,1,9,0,18,0,1,0,0,0,0,1,1,1,1,48,8,-1,-1,-1,-1,-1,-1
201501RG40107,1,9,0,18,0,8,0,0,0,0,1,1,6,2,-1,-1,1995,2,8,-1,1,-1
201501RG40107,2,9,0,7,0,8,0,0,0,0,3,1,6,2,-1,-1,1895,1,16,-1,1,-1
201501RG40108,1,9,0,18,0,1,0,0,0,0,3,1,6,1,45,7,1248,2,4,-1,1,-1
201501RG40108,2,9,0,11,0,1,0,0,0,0,4,1,6,1,-1,-1,-1,-1,-1,-1,1,-1
201501RG40110,1,9,0,18,0,8,0,0,0,0,1,1,6,1,36,7,1598,1,6,-1,-1,-1
201501RG40110,2,3,0,7,0,8,0,0,0,0,3,1,6,1,36,7,125,1,7,-1,-1,-1
201501RG40111,1,9,0,18,0,1,0,0,0,0,3,1,6,2,42,7,1900,2,9,-1,1,-1
201501RG40111,2,9,0,13,0,1,0,0,0,0,4,1,6,1,-1,-1,-1,-1,-1,-1,-1,-1
201501RG40112,1,9,0,18,0,2,0,0,0,0,1,1,6,3,-1,-1,-1,-1,-1,-1,-1,-1
201501RG40113,1,11,0,4,0,0,0,0,0,0,0,1,1,1,52,8,-1,-1,-1,-1,1,-1
201501RG40115,1,9,0,7,0,8,0,0,0,0,3,1,6,1,26,6,1895,1,18,-1,1,-1
201501RG40115,2,9,0,18,0,8,0,0,0,0,1,1,6,1,18,4,-1,-1,-1,-1,1,-1
201501RG40116,1,9,0,18,0,1,0,0,0,0,1,1,6,2,21,5,1242,1,5,-1,1,-1
201501RG40117,1,9,0,18,0,8,0,0,0,0,1,1,6,1,52,8,2926,2,13,-1,1,-1
201501RG40117,2,9,0,7,0,8,0,0,0,0,3,1,6,1,84,11,1124,1,14,-1,1,-1
201501RG40117,3,3,0,18,0,8,0,0,0,0,3,1,6,1,46,8,124,1,9,-1,1,-1
201501RG40118,1,9,0,18,0,2,0,0,0,0,1,1,6,2,24,5,1341,1,10,-1,1,-1
201501RG40120,1,3,0,3,0,1,0,0,0,0,2,1,6,1,35,6,125,1,3,-1,1,-1
201501RG40120,2,8,0,4,0,1,0,0,0,0,1,1,1,1,34,6,-1,-1,-1,-1,1,-1
201501RG40121,1,9,0,18,0,1,0,0,0,0,1,1,6,2,51,8,1598,1,9,-1,1,-1
201501RG40126,1,5,0,9,0,8,0,0,0,0,3,1,6,1,34,6,124,1,23,-1,-1,-1
201501RG40126,2,9,0,9,0,8,0,0,0,0,4,1,6,1,63,9,1422,2,11,-1,1,-1
201501RG40127,1,9,0,4,0,8,0,0,0,0,2,1,6,1,45,7,-1,-1,-1,-1,1,-1
201501RG40127,2,9,0,18,0,8,0,0,0,0,1,1,6,1,85,11,1598,1,2,-1,1,-1
201501RG40129,1,9,0,18,0,1,0,0,0,0,2,1,6,1,31,6,2987,2,5,-1,1,-1
201501RG40129,2,9,0,18,0,1,0,0,0,0,1,1,6,3,-1,-1,-1,-1,-1,-1,-1,-1
201501RG40130,1,4,0,13,0,8,0,0,0,0,1,1,1,1,24,5,249,1,5,-1,-1,-1