Accident_Index,Vehicle_Reference,Vehicle_Type,Towing_and_Articulation,Vehicle_Manoeuvre,Vehicle_Location-Restricted_Lane,Junction_Location,Skidding_and_Overturning,Hit_Object_in_Carriageway,Vehicle_Leaving_Carriageway,Hit_Object_off_Carriageway,1st_Point_of_Impact,Was_Vehicle_Left_Hand_Drive?,Journey_Purpose_of_Driver,Sex_of_Driver,Age_of_Driver,Age_Band_of_Driver,Engine_Capacity_(CC),Propulsion_Code,Age_of_Vehicle,Driver_IMD_Decile,Driver_Home_Area_Type,Vehicle_IMD_Decile
201501RG40130,2,19,0,9,0,8,0,0,0,0,3,1,6,1,35,6,-1,-1,-1,-1,1,-1
201501RG40131,1,9,0,15,0,0,0,0,0,0,1,1,6,2,-1,-1,2179,2,6,-1,-1,-1
201501RG40134,1,9,0,18,0,2,0,0,0,0,1,1,6,1,27,6,1796,1,12,-1,-1,-1
201501RG40135,1,9,0,7,0,8,0,0,0,0,3,1,6,1,40,7,1781,1,14,-1,1,-1
201501RG40135,2,2,0,18,0,8,0,0,0,0,1,1,6,1,29,6,599,1,16,-1,1,-1
201501RG40138,1,3,0,4,0,8,0,0,0,0,2,1,6,1,23,5,125,1,7,-1,1,-1
201501RG40138,2,9,0,18,0,8,0,0,0,0,1,1,6,1,-1,-1,-1,-1,-1,-1,-1,-1
201501RG40139,1,9,0,9,0,8,0,0,0,0,4,1,1,1,26,6,1896,2,10,-1,1,-1
201501RG40139,2,1,0,18,0,8,0,0,0,0,1,1,6,1,34,6,-1,-1,-1,-1,1,-1
201501RG40142,1,9,0,18,0,0,0,4,0,0,1,1,6,1,26,6,1598,1,12,-1,1,-1
201501RG40142,2,9,0,2,0,0,0,0,0,0,3,1,6,1,-1,-1,-1,-1,-1,-1,-1,-1
201501RG40143,1,9,0,4,0,8,0,10,0,0,2,1,6,1,-1,-1,1968,2,5,-1,1,-1
201501RG40143,2,8,0,4,0,8,0,0,0,0,1,1,6,1,-1,-1,2499,2,7,-1,-1,-1
201501RG40144,1,9,0,9,0,8,0,0,0,0,4,1,6,1,50,8,1390,1,4,-1,1,-1
201501RG40144,2,1,0,18,0,8,0,0,0,0,1,1,6,1,42,7,-1,-1,-1,-1,1,-1
201501RG40145,1,9,0,4,0,8,0,0,0,0,2,1,6,2,48,8,1596,1,1,-1,1,-1
201501RG40145,2,9,0,18,0,8,0,0,0,0,1,1,6,1,64,9,1984,1,14,-1,1,-1
201501RG40146,1,9,0,18,0,8,5,7,1,2,1,1,6,1,38,7,-1,-1,-1,-1,1,-1
201501RG40146,2,9,0,18,0,8,0,0,0,0,3,1,6,1,44,7,1968,2,8,-1,1,-1
201501RG40147,1,11,0,18,0,8,0,0,0,0,1,1,1,1,37,7,9360,2,4,-1,-1,-1
201501RG40147,2,8,0,9,0,8,0,0,0,0,3,1,1,1,34,6,1896,2,6,-1,1,-1
201501RG40148,1,9,0,9,0,8,0,0,0,0,4,1,6,2,26,6,1349,1,7,-1,2,-1
201501RG40148,2,1,0,18,0,8,0,0,0,0,1,1,6,1,42,7,-1,-1,-1,-1,1,-1
201501RG40150,1,9,0,18,0,8,0,0,0,0,4,1,6,2,58,9,1242,1,-1,-1,-1,-1
201501RG40151,1,9,0,9,0,8,0,0,0,0,4,1,6,1,44,7,1997,1,12,-1,1,-1
201501RG40151,2,4,0,18,0,8,0,0,0,0,1,1,6,1,21,5,125,1,6,-1,1,-1
201501RG40153,1,9,0,4,0,8,0,0,0,0,2,1,6,2,32,6,698,1,11,-1,1,-1
201501RG40153,2,9,0,18,0,8,0,0,0,0,1,1,6,1,-1,-1,-1,-1,-1,-1,-1,-1
201501RG40154,1,9,0,7,0,8,0,0,0,0,1,1,6,2,19,4,1229,1,11,-1,1,-1
201501RG40154,2,1,0,7,0,8,0,0,0,0,2,1,6,1,26,6,-1,-1,-1,-1,1,-1
201501RG40155,1,1,0,18,0,8,0,0,0,0,3,1,6,1,26,6,-1,-1,-1,-1,1,-1
201501RG40155,2,9,0,15,0,8,0,0,0,0,4,1,6,1,-1,-1,-1,-1,-1,-1,-1,-1
201501RG40156,1,9,0,4,0,8,1,0,0,0,1,1,6,1,21,5,1242,1,12,-1,1,-1
201501RG40156,2,9,0,9,0,8,0,0,0,0,4,1,6,1,26,6,1598,2,3,-1,-1,-1
201501RG40157,1,9,0,9,0,8,0,0,0,0,4,1,6,1,55,8,-1,-1,-1,-1,-1,-1
201501RG40157,2,9,0,18,0,8,0,0,0,0,1,1,6,2,-1,-1,-1,-1,-1,-1,-1,-1
201501RG40158,1,1,0,18,0,8,0,0,0,0,1,1,6,1,36,7,-1,-1,-1,-1,1,-1
201501RG40158,2,9,0,9,0,8,0,0,0,0,2,1,6,1,-1,-1,-1,-1,-1,-1,-1,-1
201501RG40159,1,9,0,4,0,8,0,0,0,0,2,1,6,1,52,8,1596,1,7,-1,1,-1
201501RG40159,2,9,0,18,0,8,0,0,0,0,1,1,6,2,-1,-1,-1,-1,-1,-1,1,-1
201501RG40160,1,9,0,18,0,1,0,0,0,0,1,1,1,2,54,8,1397,1,14,-1,1,-1
201501RG40161,1,5,0,18,0,0,0,0,0,0,1,1,6,2,35,6,-1,-1,-1,-1,1,-1
201501RG40161,2,9,0,6,0,0,0,0,0,0,3,1,6,2,39,7,-1,-1,-1,-1,1,-1
201501RG40162,1,9,0,15,0,8,0,0,0,0,4,1,6,1,-1,-1,-1,-1,-1,-1,-1,-1
201501RG40162,2,9,0,18,0,8,0,0,0,0,3,1,6,1,42,7,-1,-1,-1,-1,1,-1
201501RG40163,1,9,0,1,0,8,0,0,0,0,2,1,6,1,29,6,1968,2,5,-1,1,-1
201501RG40164,1,9,0,10,0,8,0,0,0,0,2,1,6,2,-1,-1,1598,1,9,-1,1,-1
201501RG40164,2,9,0,10,0,8,0,0,0,0,1,1,6,2,36,7,1596,1,14,-1,1,-1
201501RG40168,1,3,0,5,0,8,0,0,0,0,2,1,6,1,34,6,125,1,8,-1,1,-1
201501RG40168,2,9,0,5,0,8,0,0,0,0,1,1,6,2,50,8,-1,-1,-1,-1,1,-1
201501RG40168,3,3,0,5,0,8,0,0,0,0,3,1,6,2,30,6,124,1,8,-1,1,-1
201501RG40169,1,9,0,11,0,2,0,0,0,0,4,1,6,2,18,4,-1,-1,-1,-1,3,-1
201501RG40169,2,9,0,18,0,2,0,0,0,0,3,1,6,1,23,5,-1,-1,-1,-1,1,-1
201501RG40170,1,11,0,4,0,1,0,0,0,0,0,1,1,1,59,9,4500,2,5,-1,1,-1
201501RG40171,1,9,0,9,0,8,0,0,0,0,1,1,6,1,35,6,1799,1,7,-1,1,-1
201501RG40171,2,9,0,18,0,8,0,0,0,0,2,1,6,2,42,7,-1,-1,-1,-1,1,-1
201501RG40173,1,9,0,9,0,8,0,0,0,0,4,1,6,1,20,4,1796,1,10,-1,-1,-1
201501RG40173,2,4,0,18,0,8,0,0,0,0,1,1,6,1,-1,-1,599,1,26,-1,1,-1
201501RG40174,1,5,0,18,0,1,0,0,0,0,0,1,6,1,26,6,748,1,1,-1,1,-1
201501RG40175,1,9,0,9,0,8,0,0,0,0,4,1,6,2,31,6,-1,-1,-1,-1,1,-1
201501RG40175,2,11,0,18,0,8,0,0,0,0,1,1,1,1,44,7,8300,2,8,-1,1,-1
201501RG40176,1,9,0,18,0,8,0,0,0,0,1,1,6,1,58,9,-1,-1,-1,-1,1,-1
201501RG40176,2,9,0,4,0,8,0,0,0,0,2,1,6,1,38,7,1998,1,15,-1,1,-1
201501RG40177,1,9,0,18,0,0,0,0,0,0,1,1,6,1,43,7,698,1,12,-1,1,-1
201501RG40179,1,11,0,18,0,0,0,0,0,0,4,1,6,1,46,8,4500,2,1,-1,1,-1
201501RG40180,1,9,0,5,0,0,0,0,0,0,3,1,6,1,22,5,-1,-1,-1,-1,1,-1
201501RG40180,2,9,0,18,0,0,0,0,0,0,1,1,6,1,34,6,1796,1,6,-1,1,-1
201501RG40182,1,9,0,1,0,0,0,0,0,0,2,1,6,1,48,8,1896,2,11,-1,1,-1
201501RG40183,1,9,0,10,0,8,0,0,0,0,2,1,6,2,23,5,1390,1,9,-1,1,-1
201501RG40183,2,9,0,18,0,8,0,0,0,0,1,1,6,2,-1,-1,1198,1,-1,-1,1,-1
201501RG40184,1,9,0,18,0,1,0,0,0,0,1,1,6,3,-1,-1,-1,-1,-1,-1,-1,-1
201501RG40185,1,9,0,18,0,8,0,0,0,0,1,1,6,2,36,7,1497,8,8,-1,1,-1
201501RG40185,2,19,0,4,0,8,0,0,0,0,1,1,6,1,23,5,-1,-1,-1,-1,1,-1
201501RG40187,1,4,0,5,0,1,0,0,0,0,1,1,6,1,21,5,125,1,12,-1,1,-1
201501RG40187,2,9,0,2,0,1,0,0,0,0,2,1,6,2,49,8,1598,1,5,-1,1,-1
201501RG40188,1,9,0,18,0,0,0,0,0,0,1,1,6,2,32,6,-1,-1,-1,-1,1,-1
201501RG40188,2,11,0,5,0,0,0,0,0,0,1,1,6,1,43,7,5132,2,1,-1,1,-1
201501RG40189,1,9,0,9,0,8,0,0,0,0,1,1,6,1,52,8,2179,2,-1,-1,1,-1
201501RG40189,2,1,0,18,0,8,0,0,0,0,1,1,6,1,35,6,-1,-1,-1,-1,1,-1
201501RG40190,1,9,0,9,0,2,0,0,0,0,1,1,6,1,26,6,1595,1,9,-1,1,-1
201501RG40191,1,9,0,18,0,1,0,0,0,0,1,1,6,1,24,5,1598,2,1,-1,1,-1
201501RG40191,2,9,0,18,0,2,0,0,0,0,1,1,6,1,29,6,2143,2,6,-1,1,-1
201501RG40196,1,9,0,18,0,0,0,0,0,0,3,1,6,1,24,5,-1,-1,-1,-1,1,-1
201501RG40198,1,9,0,18,0,1,0,0,0,0,4,1,6,2,58,9,998,1,2,-1,1,-1
201501RG40198,2,1,0,18,0,1,0,0,0,0,1,1,6,1,13,3,-1,-1,-1,-1,1,-1
201501RG40199,1,19,0,18,0,8,0,0,0,0,4,1,6,1,21,5,1868,2,10,-1,1,-1
201501RG40199,2,9,0,9,0,8,0,0,0,0,1,1,6,2,30,6,1587,1,8,-1,1,-1
201501RG40204,1,1,0,18,0,2,0,0,0,0,1,1,6,1,49,8,-1,-1,-1,-1,1,-1
201501RG40205,1,9,0,4,0,8,0,0,0,0,2,1,6,2,17,4,599,1,13,-1,1,-1
201501RG40205,2,9,0,18,0,8,0,0,0,0,3,1,6,1,-1,-1,-1,-1,-1,-1,-1,-1
201501RG40206,1,5,0,4,0,1,0,0,0,0,2,1,6,1,27,6,1170,1,4,-1,1,-1
201501RG40206,2,9,0,4,0,1,0,0,0,0,1,1,6,3,-1,-1,1197,1,2,-1,-1,-1
201501RG40208,1,9,0,18,0,0,0,0,0,0,4,1,6,1,34,6,1560,2,-1,-1,1,-1
201501RG40208,2,19,0,12,0,0,0,0,0,0,3,1,6,1,-1,-1,-1,-1,-1,-1,-1,-1
201501RG40209,1,1,0,18,0,0,0,0,0,0,1,1,6,2,35,6,-1,-1,-1,-1,-1,-1
201501RG40210,1,9,0,9,0,8,0,0,0,0,3,1,6,2,30,6,1560,2,5,-1,1,-1
201501RG40210,2,3,0,18,0,8,0,0,0,0,1,1,6,1,19,4,125,1,3,-1,-1,-1
201501RG40211,1,9,0,18,0,2,0,0,0,0,4,2,6,1,34,6,-1,-1,-1,-1,-1,-1
201501RG40212,1,9,0,18,0,8,0,0,0,0,4,1,6,2,76,11,1997,2,11,-1,1,-1
201501RG40212,2,9,0,18,0,8,0,0,0,0,1,1,6,1,40,7,-1,-1,-1,-1,3,-1
201501RG40213,1,9,0,3,0,0,0,0,0,0,2,1,6,1,38,7,-1,-1,-1,-1,1,-1
201501RG40213,2,19,0,18,0,0,0,0,0,0,1,1,6,1,-1,-1,2198,2,9,-1,-1,-1
201501RG40213,3,9,0,3,0,0,0,0,0,0,2,1,6,1,-1,-1,-1,-1,-1,-1,-1,-1
201501RG40218,1,11,0,4,0,0,0,0,0,0,0,1,1,1,49,8,4500,2,6,-1,1,-1
201501RG40219,1,5,0,18,0,0,0,0,0,0,3,1,6,1,39,7,-1,-1,-1,-1,1,-1
201501RG40219,2,9,0,11,0,0,0,0,0,0,4,1,6,1,-1,-1,1796,1,7,-1,-1,-1
201501RG40220,1,19,0,1,0,2,0,0,0,0,2,1,6,1,43,7,1560,2,4,-1,1,-1
201501RG40220,2,3,0,18,0,2,0,0,0,0,1,1,6,1,24,5,125,1,-1,-1,1,-1
201501RG40221,1,9,0,18,0,2,0,10,1,2,4,1,6,1,26,6,1560,2,9,-1,1,-1
201501RG40221,2,21,1,18,0,2,0,0,0,0,1,1,6,1,58,9,-1,-1,-1,-1,-1,-1
201501RG40222,1,9,0,4,0,0,0,0,0,0,2,1,6,2,45,7,1988,1,16,-1,1,-1
201501RG40222,2,9,0,18,0,0,0,0,0,0,1,1,6,1,32,6,-1,-1,-1,-1,1,-1
201501RG40223,1,19,0,5,0,8,5,0,0,0,3,1,1,1,48,8,-1,-1,-1,-1,1,-1
201501RG40223,2,9,0,18,0,8,0,0,0,0,1,1,6,1,-1,-1,2976,1,11,-1,1,-1
201501RG40225,1,9,0,18,0,2,0,10,1,0,4,1,6,1,77,11,-1,-1,-1,-1,1,-1
201501RG40226,1,19,0,9,0,8,0,0,0,0,3,1,6,1,37,7,2143,2,5,-1,1,-1
201501RG40226,2,3,0,13,0,8,0,0,0,0,1,1,6,1,35,6,124,1,5,-1,1,-1
201501RG40227,1,19,0,18,0,1,0,0,0,0,1,1,1,1,39,7,2143,2,1,-1,1,-1
201501RG40227,2,9,0,18,0,2,0,0,0,0,1,1,6,2,27,6,1386,1,12,-1,1,-1
201501RG40228,1,9,0,18,0,1,0,0,0,0,1,1,6,1,18,4,1995,2,9,-1,1,-1
201501RG40229,1,9,0,7,0,8,0,0,0,0,4,1,6,2,70,10,1497,8,1,-1,1,-1
201501RG40229,2,11,0,18,0,8,0,0,0,0,3,1,1,1,44,7,-1,-1,-1,-1,1,-1
201501RG40230,1,9,0,18,0,2,0,0,0,0,1,1,6,2,29,6,1124,1,13,-1,1,-1
201501RG40230,2,9,0,3,0,2,0,0,0,0,2,1,6,2,26,6,1229,1,10,-1,-1,-1
201501RG40230,3,9,0,2,0,2,0,0,0,0,2,1,6,3,-1,-1,1229,1,10,-1,-1,-1
201501RG40231,1,19,0,9,0,8,0,0,0,0,2,1,6,1,52,8,1560,2,-1,-1,1,-1
201501RG40231,2,9,0,9,0,8,0,0,0,0,1,1,6,1,-1,-1,1968,2,-1,-1,-1,-1
201501RG40232,1,9,0,9,0,8,0,0,0,0,3,1,6,1,-1,-1,-1,-1,-1,-1,-1,-1
201501RG40232,2,1,0,18,0,8,0,0,0,0,1,1,6,1,26,6,-1,-1,-1,-1,1,-1
201501RG40233,1,19,0,4,0,8,0,0,0,0,2,1,6,1,28,6,-1,-1,-1,-1,1,-1
201501RG40233,2,19,0,4,0,8,0,0,0,0,1,1,6,1,49,8,1248,2,1,-1,3,-1
201501RG40234,1,9,0,18,0,8,0,10,1,10,4,1,6,2,28,6,1598,1,7,-1,1,-1
201501RG40235,1,9,0,9,0,8,0,0,0,0,4,1,6,1,60,9,1997,2,10,-1,1,-1
201501RG40235,2,3,0,18,0,8,0,0,0,0,1,1,6,1,22,5,-1,-1,-1,-1,-1,-1
201501RG40236,1,9,0,11,0,0,0,0,0,0,4,1,6,1,46,8,1597,1,18,-1,1,-1
201501RG40236,2,3,0,4,0,0,0,0,0,0,3,1,6,1,31,6,124,1,9,-1,3,-1
201501RG40236,3,9,0,4,0,0,0,0,0,0,2,1,6,2,61,9,1329,1,5,-1,1,-1
201501RG40236,4,9,0,4,0,0,0,0,0,0,2,1,6,1,24,5,1388,1,12,-1,1,-1
201501RG40236,5,9,0,4,0,0,0,0,0,0,1,1,6,2,35,6,1799,1,9,-1,1,-1
201501RG40237,1,9,0,11,0,0,0,0,0,0,3,1,6,1,50,8,2987,2,6,-1,1,-1
201501RG40237,2,3,0,18,0,0,0,0,0,0,4,1,6,1,38,7,1052,1,21,-1,-1,-1
201501RG40238,1,5,0,18,0,8,1,10,1,2,4,1,6,1,48,8,942,1,9,-1,1,-1
201501RG40239,1,3,0,4,0,0,0,0,0,0,1,1,6,1,35,6,124,1,6,-1,1,-1
201501RG40239,2,9,0,4,0,0,0,0,0,0,2,1,6,2,37,7,1364,1,7,-1,1,-1
201501RG40240,1,9,0,4,0,1,0,0,0,0,2,1,6,2,55,8,1598,1,8,-1,1,-1
201501RG40240,2,9,0,4,0,1,0,0,0,0,1,1,6,1,26,6,1498,1,8,-1,1,-1
201501RG40242,1,19,0,5,0,8,0,0,0,0,1,1,6,1,-1,-1,-1,-1,-1,-1,-1,-1
201501RG40243,1,11,0,3,0,8,0,0,0,0,4,1,1,1,31,6,-1,-1,-1,-1,1,-1
201501RG40244,1,9,0,3,0,8,0,0,0,0,2,1,6,1,51,8,998,1,1,-1,1,-1
201501RG40244,2,19,0,18,0,8,0,0,0,0,3,1,6,1,30,6,2198,2,6,-1,1,-1
201501RG40244,3,9,0,18,0,8,0,0,0,0,1,1,6,1,52,8,2143,2,5,-1,1,-1
201501RG40246,1,9,0,18,0,8,0,0,0,0,4,1,6,1,55,8,1905,2,17,-1,1,-1
201501RG40247,1,9,0,18,0,0,0,0,0,0,1,1,6,1,63,9,3500,1,18,-1,1,-1
201501RG40247,2,9,0,18,0,0,0,0,0,0,1,1,6,1,51,8,1900,2,19,-1,1,-1
201501RG40248,1,9,0,9,0,8,0,0,0,0,3,1,6,1,17,4,1995,2,8,-1,1,-1
201501RG40248,2,2,0,15,0,8,0,0,0,0,1,1,6,1,20,4,125,1,1,-1,-1,-1
201501RG40249,1,9,0,18,0,8,0,0,0,0,1,1,6,1,38,7,-1,-1,-1,-1,1,-1
201501RG40249,2,9,0,3,0,8,0,0,0,0,2,1,6,1,61,9,1242,1,-1,-1,1,-1
201501RG40249,3,9,0,3,0,8,0,0,0,0,2,1,6,1,44,7,2143,2,-1,-1,1,-1
201501RG40250,1,9,0,18,0,8,0,0,0,0,1,1,6,2,54,8,1998,2,9,-1,1,-1
201501RG40250,2,9,0,7,0,8,0,0,0,0,3,1,6,2,40,7,1339,1,8,-1,1,-1
201501RG40251,1,1,0,18,0,0,0,0,0,0,1,1,6,1,41,7,-1,-1,-1,-1,1,-1
201501RG40251,2,9,0,2,0,0,0,0,0,0,3,1,6,1,-1,-1,1984,1,9,-1,-1,-1
201501RG40252,1,9,0,9,0,8,0,0,0,0,4,1,6,1,28,6,1997,2,2,-1,1,-1
201501RG40252,2,1,0,18,0,8,0,0,0,0,1,1,6,1,26,6,-1,-1,-1,-1,1,-1
201501RG40253,1,9,0,4,0,0,0,0,0,0,2,1,6,1,31,6,1339,1,4,-1,1,-1
201501RG40253,2,9,0,18,0,0,0,0,0,0,1,1,6,1,-1,-1,1398,1,15,-1,1,-1
201501RG40254,1,9,0,9,0,8,0,0,0,0,4,1,6,1,36,7,-1,-1,-1,-1,1,-1
201501RG40254,2,9,0,18,0,8,0,0,0,0,1,1,6,1,28,6,2979,1,3,-1,1,-1
201501RG40256,1,9,0,3,0,1,0,0,0,0,2,1,6,1,19,4,1242,1,15,-1,1,-1
201501RG40256,2,9,0,18,0,1,0,0,0,0,1,1,6,1,-1,-1,-1,-1,-1,-1,-1,-1
201501RG40257,1,9,0,18,0,8,0,0,0,0,1,1,6,1,57,9,1796,2,2,-1,1,-1
201501RG40258,1,9,0,3,0,1,0,0,0,0,2,1,6,1,51,8,1968,2,2,-1,-1,-1
201501RG40258,2,9,0,18,0,1,0,0,0,0,1,1,6,1,42,7,1396,1,14,-1,-1,-1
201501RG40259,1,9,0,18,0,8,0,0,0,0,1,1,6,1,50,8,1794,1,12,-1,1,-1
201501RG40259,2,3,0,9,0,8,0,0,0,0,1,1,6,1,22,5,125,1,5,-1,1,-1
201501RG40261,1,9,0,11,0,8,0,0,0,0,4,1,6,1,28,6,599,1,15,-1,1,-1
201501RG40261,2,1,0,18,0,8,0,0,0,0,3,1,6,2,48,8,-1,-1,-1,-1,1,-1
201501RG40262,1,1,0,14,0,1,0,8,0,0,1,1,6,1,34,6,-1,-1,-1,-1,1,-1
201501RG40262,2,9,0,2,3,1,0,0,0,0,3,1,6,1,-1,-1,1390,1,3,-1,-1,-1
201501RG40263,1,9,0,18,0,1,0,0,0,0,1,1,6,1,54,8,-1,-1,-1,-1,1,-1
201501RG40263,2,9,0,6,0,2,0,0,0,0,3,1,6,1,33,6,-1,-1,-1,-1,1,-1
201501RG40264,1,5,0,18,0,8,0,0,0,0,0,1,6,1,40,7,848,1,12,-1,1,-1
201501RG40264,2,9,0,18,0,8,0,0,0,0,0,1,6,1,-1,-1,-1,-1,-1,-1,-1,-1
201501RG40265,1,9,0,4,0,0,0,0,0,0,2,1,6,1,46,8,1956,2,2,-1,3,-1
201501RG40265,2,19,0,18,0,0,0,0,0,0,1,1,6,1,-1,-1,2998,2,2,-1,-1,-1
201501RG40266,1,9,0,12,0,8,0,0,0,0,3,1,6,1,41,7,-1,-1,-1,-1,1,-1
201501RG40266,2,9,0,18,0,8,0,0,0,0,4,1,6,1,73,10,1796,1,8,-1,1,-1
201501RG40267,1,19,0,9,0,8,0,0,0,0,3,1,6,1,32,6,2151,2,12,-1,1,-1
201501RG40267,2,3,0,13,0,8,0,0,0,0,1,1,6,1,53,8,399,1,7,-1,-1,-1
201501RG40268,1,9,0,18,0,8,0,0,0,0,1,1,6,1,52,8,1360,1,12,-1,1,-1
201501RG40268,2,9,0,2,0,8,0,0,0,0,2,1,6,2,33,6,996,1,6,-1,-1,-1
201501RG40268,3,9,0,2,0,8,0,0,0,0,3,1,6,1,-1,-1,-1,-1,-1,-1,-1,-1
201501RG40269,1,9,0,7,0,8,0,0,0,0,1,1,6,1,34,6,1998,2,3,-1,1,-1
201501RG40269,2,9,0,9,0,8,0,0,0,0,4,1,6,1,36,7,1999,1,8,-1,1,-1
201501RG40270,1,3,0,9,0,8,0,0,0,0,1,1,6,1,19,4,125,1,1,-1,1,-1
201501RG40270,2,8,0,18,0,8,0,0,0,0,2,1,6,1,48,8,2499,2,5,-1,1,-1
201501RG40271,1,11,0,18,0,8,0,0,0,0,4,1,1,1,-1,-1,-1,-1,-1,-1,-1,-1
201501RG40272,1,5,0,18,0,8,0,0,0,0,3,1,6,1,22,5,499,1,22,-1,1,-1
201501RG40273,1,9,0,18,0,0,0,0,4,4,3,1,6,2,61,9,1598,1,1,-1,1,-1
201501RG40275,1,11,0,17,0,8,0,0,0,0,3,1,1,1,35,6,8268,2,12,-1,-1,-1
201501RG40275,2,21,0,17,0,8,0,0,0,0,4,1,1,1,-1,-1,5880,2,10,-1,-1,-1
201501RG40276,1,9,0,10,0,1,0,0,0,0,2,1,6,1,25,5,1422,2,13,-1,1,-1
201501RG40276,2,9,0,9,0,1,0,0,0,0,1,1,6,3,-1,-1,-1,-1,-1,-1,-1,-1
201501RG40277,1,9,0,1,0,8,0,0,0,0,2,1,6,1,25,5,1360,1,8,-1,-1,-1
201501RG40277,2,2,0,18,0,8,0,0,0,0,3,1,6,1,25,5,100,1,7,-1,-1,-1
201501RG40278,1,9,0,18,0,0,0,0,0,0,1,1,6,1,25,5,1198,1,3,-1,1,-1
201501RG40278,2,9,0,18,0,0,0,0,0,0,2,1,6,1,36,7,-1,-1,-1,-1,1,-1
201501RG40281,1,9,0,7,0,8,0,0,0,0,1,1,6,2,63,9,-1,-1,-1,-1,1,-1
201501RG40281,2,9,0,9,0,8,0,0,0,0,3,1,6,1,-1,-1,-1,-1,-1,-1,-1,-1
201501RG40282,1,2,0,7,0,8,0,0,0,0,3,1,6,1,24,5,124,1,11,-1,1,-1
201501RG40282,2,9,0,7,0,8,0,0,0,0,4,1,6,2,-1,-1,-1,-1,-1,-1,-1,-1
201501RG40285,1,9,0,12,0,0,0,0,0,0,3,1,6,1,27,6,1769,1,10,-1,1,-1
201501RG40285,2,5,0,18,0,0,0,0,0,0,1,1,6,1,34,6,499,1,15,-1,-1,-1
201501RG40286,1,9,0,4,0,1,0,0,0,0,2,1,6,1,62,9,1896,2,8,-1,-1,-1
201501RG40286,2,9,0,4,0,1,0,0,0,0,1,1,6,1,-1,-1,1598,1,11,-1,-1,-1
201501RG40287,1,9,0,11,0,0,0,0,0,0,3,1,6,2,24,5,1397,1,6,-1,1,-1
201501RG40287,2,5,0,18,0,0,0,0,0,0,1,1,6,1,44,7,599,1,10,-1,1,-1
201501RG40288,1,9,0,3,0,1,0,0,0,0,2,1,6,1,46,8,2231,2,9,-1,1,-1
201501RG40288,2,9,0,3,0,1,0,0,0,0,2,1,6,1,45,7,1397,1,14,-1,1,-1
201501RG40288,3,9,0,4,0,1,0,0,0,0,1,1,6,1,40,7,-1,-1,-1,-1,1,-1
201501RG40289,1,4,0,16,0,2,0,0,0,0,1,1,6,1,48,8,278,1,7,-1,1,-1
201501RG40289,2,90,0,17,0,1,0,0,0,0,1,1,6,3,-1,-1,-1,-1,-1,-1,-1,-1
201501RG40290,1,4,0,18,0,0,0,0,0,0,3,1,6,1,60,9,498,1,12,-1,-1,-1
201501RG40290,2,9,0,11,0,0,0,0,0,0,4,1,6,1,-1,-1,1242,1,14,-1,-1,-1
201501RG40290,3,9,0,18,0,0,0,0,0,0,2,1,6,1,40,7,2143,2,2,-1,-1,-1
201501RG40292,1,9,0,18,0,0,0,10,1,10,4,1,6,1,22,5,1461,2,1,-1,1,-1
201501RG40293,1,3,0,18,0,0,0,0,0,0,3,1,6,1,48,8,656,1,6,-1,1,-1
201501RG40293,2,9,0,11,0,0,0,0,0,0,4,1,6,1,28,6,1995,1,7,-1,1,-1
201501RG40294,1,11,0,18,0,0,0,0,0,0,3,1,1,1,55,8,7300,2,10,-1,1,-1
201501RG40294,2,9,0,15,0,0,0,0,0,0,4,1,6,1,40,7,1390,1,6,-1,1,-1
201501RG40295,1,9,0,18,0,1,0,0,0,0,1,1,6,1,-1,-1,-1,-1,-1,-1,-1,-1
201501RG40295,2,9,0,18,0,1,0,0,0,0,2,1,6,2,33,6,2987,2,7,-1,1,-1
201501RG40296,1,9,0,7,0,8,0,0,0,0,2,1,6,2,48,8,1796,1,13,-1,1,-1
201501RG40296,2,3,0,18,0,8,0,0,0,0,4,1,6,1,46,8,125,1,7,-1,1,-1
201501RG40297,1,2,0,14,0,1,0,0,0,0,1,1,6,1,20,4,124,1,13,-1,1,-1
201501RG40297,2,9,0,3,0,1,0,0,0,0,2,1,6,2,56,9,1998,1,11,-1,1,-1
201501RG40298,1,9,0,18,0,8,0,0,0,0,4,1,6,1,52,8,-1,-1,-1,-1,1,-1
201501RG40298,2,1,0,18,0,8,0,0,0,0,3,1,6,1,56,9,-1,-1,-1,-1,1,-1
201501RG40299,1,20,0,18,0,0,0,0,0,0,3,1,6,1,36,7,-1,-1,-1,-1,-1,-1
201501RG40300,1,20,0,7,0,8,0,0,0,0,2,1,6,1,46,8,-1,-1,-1,-1,1,-1
201501RG40300,2,1,0,18,0,8,0,0,0,0,1,1,1,1,20,4,-1,-1,-1,-1,1,-1
201501RG40301,1,9,0,4,0,0,0,0,0,0,3,1,6,1,31,6,1991,2,5,-1,1,-1
201501RG40301,2,9,0,4,0,0,0,0,0,0,1,1,6,1,38,7,2967,1,12,-1,1,-1
201501RG40302,1,9,0,18,0,8,0,0,0,0,1,1,6,1,-1,-1,1596,1,8,-1,-1,-1
201501RG40302,2,9,0,9,0,8,0,0,0,0,3,1,6,2,21,5,1364,1,10,-1,1,-1
201501RG40302,3,9,0,2,0,8,0,0,0,0,3,1,6,2,26,6,1598,1,2,-1,1,-1
201501RG40302,4,9,0,2,0,8,0,0,0,0,1,1,6,1,-1,-1,1685,2,-1,-1,-1,-1
201501RG40303,1,11,0,4,0,8,0,0,0,0,0,1,6,1,46,8,-1,-1,-1,-1,1,-1
201501RG40304,1,1,0,18,0,8,0,0,0,0,1,1,6,1,42,7,-1,-1,-1,-1,1,-1
201501RG40304,2,9,0,4,0,8,0,0,0,0,2,1,6,1,-1,-1,-1,-1,-1,-1,-1,-1
201501RG40305,1,9,0,18,0,8,0,0,0,0,1,1,6,1,36,7,1598,1,10,-1,1,-1
201501RG40305,2,9,0,4,0,8,0,0,0,0,2,1,6,1,41,7,2685,2,10,-1,1,-1