Accident_Index,Vehicle_Reference,Vehicle_Type,Towing_and_Articulation,Vehicle_Manoeuvre,Vehicle_Location-Restricted_Lane,Junction_Location,Skidding_and_Overturning,Hit_Object_in_Carriageway,Vehicle_Leaving_Carriageway,Hit_Object_off_Carriageway,1st_Point_of_Impact,Was_Vehicle_Left_Hand_Drive?,Journey_Purpose_of_Driver,Sex_of_Driver,Age_of_Driver,Age_Band_of_Driver,Engine_Capacity_(CC),Propulsion_Code,Age_of_Vehicle,Driver_IMD_Decile,Driver_Home_Area_Type,Vehicle_IMD_Decile
201501RG40305,3,9,0,4,0,8,0,0,0,0,2,1,6,1,36,7,1399,1,9,-1,1,-1
201501RG40306,1,9,0,18,0,0,0,10,7,3,3,1,6,1,35,6,1794,1,10,-1,1,-1
201501RG40307,1,19,0,4,0,8,0,0,0,0,2,1,6,1,26,6,1248,2,7,-1,1,-1
201501RG40307,2,9,0,18,0,8,0,0,0,0,1,1,6,2,65,9,1596,1,7,-1,1,-1
201501RG40309,1,9,0,18,0,8,0,0,0,0,1,1,6,2,25,5,1390,1,4,-1,1,-1
201501RG40309,2,9,0,7,0,8,0,0,0,0,4,1,6,2,25,5,1248,2,2,-1,1,-1
201501RG40310,1,9,0,18,0,8,0,0,0,0,1,1,6,1,24,5,1328,1,8,-1,1,-1
201501RG40310,2,9,0,5,0,8,0,0,0,0,1,1,6,1,-1,-1,-1,-1,-1,-1,-1,-1
201501RG40312,1,9,0,18,0,1,0,0,0,0,1,1,6,1,22,5,-1,-1,-1,-1,1,-1
201501RG40313,1,9,0,3,0,1,0,0,0,0,1,1,6,1,22,5,1398,1,12,-1,1,-1
201501RG40313,2,9,0,1,0,2,0,0,0,0,2,1,6,1,26,6,1598,1,8,-1,1,-1
201501RG40316,1,19,0,18,0,8,0,0,0,0,1,1,6,1,-1,-1,-1,-1,-1,-1,-1,-1
201501RG40316,2,9,0,4,0,8,0,0,0,0,2,1,6,1,36,7,1995,2,9,-1,1,-1
201501RG40318,1,9,0,3,0,1,0,0,0,0,2,1,6,1,65,9,4293,1,13,-1,1,-1
201501RG40318,2,9,0,4,0,1,0,0,0,0,1,1,6,1,-1,-1,-1,-1,-1,-1,-1,-1
201501RG40319,1,1,0,18,0,8,0,0,0,0,4,1,6,1,41,7,-1,-1,-1,-1,1,-1
201501RG40319,2,9,0,18,0,8,0,0,0,0,1,1,6,2,-1,-1,1598,1,15,-1,1,-1
201501RG40320,1,9,0,9,0,8,0,0,0,0,4,1,6,1,26,6,1149,1,16,-1,1,-1
201501RG40320,2,3,0,18,0,8,0,0,0,0,3,1,6,1,24,5,124,1,1,-1,1,-1
201501RG40321,1,9,0,18,0,8,0,0,0,0,4,1,6,1,50,8,1798,8,3,-1,1,-1
201501RG40322,1,9,0,18,0,0,0,0,0,0,1,1,6,2,46,8,1598,1,1,-1,1,-1
201501RG40322,2,9,0,1,0,0,0,0,0,0,2,1,6,1,-1,-1,1998,1,12,-1,-1,-1
201501RG40323,1,9,0,7,0,8,0,0,0,0,3,1,6,2,19,4,1596,1,13,-1,1,-1
201501RG40323,2,11,0,9,0,8,0,0,0,0,4,1,1,1,-1,-1,-1,-1,-1,-1,-1,-1
201501RG40324,1,1,0,9,0,8,0,0,0,0,2,1,6,1,90,11,-1,-1,-1,-1,1,-1
201501RG40324,2,9,0,18,0,8,0,0,0,0,1,1,6,1,-1,-1,-1,-1,-1,-1,-1,-1
201501RG40325,1,1,0,18,0,8,0,0,0,0,1,1,6,1,36,7,-1,-1,-1,-1,1,-1
201501RG40325,2,9,0,7,0,8,0,0,0,0,4,1,6,1,-1,-1,1769,1,10,-1,-1,-1
201501RG40326,1,1,0,18,0,8,0,0,0,0,4,1,6,1,46,8,-1,-1,-1,-1,1,-1
201501RG40326,2,9,0,18,0,8,0,0,0,0,1,1,6,1,41,7,1390,1,5,-1,1,-1
201501RG40327,1,9,0,4,0,0,0,0,0,0,2,1,6,1,38,7,999,1,4,-1,1,-1
201501RG40327,2,9,0,4,0,0,0,0,0,0,2,1,6,2,38,7,1396,1,16,-1,1,-1
201501RG40327,3,9,0,18,0,0,0,0,0,0,1,1,6,1,49,8,-1,-1,-1,-1,3,-1
201501RG40328,1,9,0,4,0,8,0,0,0,0,2,1,6,2,57,9,998,1,12,-1,1,-1
201501RG40328,2,1,0,18,0,8,0,0,0,0,1,1,6,1,46,8,-1,-1,-1,-1,1,-1
201501RG40329,1,9,0,4,0,0,0,0,0,0,4,1,6,1,40,7,2720,2,11,-1,1,-1
201501RG40330,1,9,0,9,0,8,0,0,0,0,4,1,6,1,65,9,1799,1,8,-1,1,-1
201501RG40330,2,1,0,18,0,8,0,0,0,0,1,1,6,1,46,8,-1,-1,-1,-1,1,-1
201501RG40331,1,9,0,4,0,8,0,0,0,0,2,1,6,2,42,7,1242,1,9,-1,1,-1
201501RG40331,2,9,0,18,0,8,0,0,0,0,1,1,6,1,-1,-1,1390,1,9,-1,-1,-1
201501RG40332,1,9,0,4,0,8,0,0,0,0,2,1,6,1,43,7,2688,2,11,-1,1,-1
201501RG40332,2,9,0,18,0,8,0,0,0,0,1,1,6,1,22,5,1995,1,5,-1,3,-1
201501RG40334,1,9,0,4,0,0,0,0,0,0,2,1,6,1,26,6,1198,1,8,-1,1,-1
201501RG40334,2,21,0,18,0,0,0,0,0,0,1,1,6,1,-1,-1,12777,2,5,-1,-1,-1
201501RG40337,1,9,0,4,0,8,0,0,0,0,2,1,6,1,34,6,1896,2,8,-1,1,-1
201501RG40337,2,9,0,18,0,8,0,0,0,0,1,1,6,1,-1,-1,-1,-1,-1,-1,-1,-1
201501RG40338,1,9,0,18,0,8,0,0,0,0,1,1,6,1,58,9,-1,-1,-1,-1,1,-1
201501RG40338,2,9,0,4,0,8,0,0,0,0,2,1,6,1,25,5,1591,1,-1,-1,-1,-1
201501RG40338,3,9,0,4,0,8,0,0,0,0,2,1,6,1,35,6,-1,-1,-1,-1,1,-1
201501RG40338,4,9,0,3,0,8,0,0,0,0,2,1,6,1,24,5,1975,1,6,-1,1,-1
201501RG40339,1,9,0,18,0,0,0,10,1,10,4,1,6,1,20,4,1364,1,8,-1,1,-1
201501RG40340,1,19,0,18,0,8,0,0,0,0,4,1,6,1,25,5,-1,-1,-1,-1,1,-1
201501RG40340,2,1,0,7,0,8,0,0,0,0,1,1,6,1,14,3,-1,-1,-1,-1,-1,-1
201501RG40341,1,19,0,18,0,0,0,0,0,0,1,1,6,1,29,6,1560,2,-1,-1,1,-1
201501RG40341,2,9,0,4,0,0,0,0,0,0,2,1,6,1,55,8,-1,-1,-1,-1,1,-1
201501RG40341,3,9,0,4,0,0,0,0,0,0,2,1,6,2,28,6,1499,1,-1,-1,1,-1
201501RG40342,1,9,0,18,0,8,0,0,0,0,1,1,6,1,65,9,2488,1,12,-1,1,-1
201501RG40342,2,9,0,9,0,8,0,0,0,0,4,1,6,1,62,9,1389,1,18,-1,1,-1
201501RG40343,1,9,0,3,0,8,0,0,0,0,2,1,6,1,58,9,-1,-1,-1,-1,1,-1
201501RG40343,2,1,0,18,0,8,0,0,0,0,1,1,6,1,33,6,-1,-1,-1,-1,1,-1
201501RG40345,1,1,0,18,0,0,0,0,0,0,1,1,6,1,38,7,-1,-1,-1,-1,-1,-1
201501RG40345,2,9,0,2,0,0,0,0,0,0,3,1,6,1,-1,-1,1388,1,7,-1,1,-1
201501RG40345,3,9,0,2,0,0,0,0,0,0,3,1,6,2,-1,-1,-1,-1,-1,-1,-1,-1
201501RG40346,1,9,0,18,0,8,0,0,0,0,2,1,6,1,36,7,1461,2,4,-1,-1,-1
201501RG40346,2,9,0,7,0,8,0,0,0,0,1,1,6,1,17,4,1388,1,12,-1,1,-1
201501RG40347,1,1,0,18,0,0,0,0,0,0,3,1,6,1,38,7,-1,-1,-1,-1,1,-1
201501RG40348,1,9,0,18,0,8,0,0,0,0,3,1,6,1,-1,-1,-1,-1,-1,-1,-1,-1
201501RG40348,2,9,0,9,0,8,0,0,0,0,1,1,6,2,18,4,-1,-1,-1,-1,1,-1
201501RG40350,1,9,0,12,0,0,0,0,0,0,2,1,6,1,36,7,1596,1,12,-1,1,-1
201501RG40350,2,9,0,18,0,0,0,0,0,0,1,1,6,1,21,5,1994,1,16,-1,-1,-1
201501RG40351,1,9,0,4,0,0,0,0,0,0,2,1,6,1,31,6,1242,1,-1,-1,1,-1
201501RG40351,2,9,0,18,0,0,0,0,0,0,1,1,6,1,35,6,2926,2,10,-1,1,-1
201501RG40351,3,9,0,4,0,0,0,0,0,0,2,1,6,1,33,6,2521,1,5,-1,1,-1
201501RG40351,4,9,0,4,0,0,0,0,0,0,2,1,6,2,33,6,1390,1,2,-1,1,-1
201501RG40352,1,9,0,9,0,8,0,0,0,0,3,1,6,1,38,7,1984,1,2,-1,1,-1
201501RG40352,2,5,0,15,0,8,0,0,0,0,1,1,6,1,30,6,649,1,-1,-1,1,-1
201501RG40353,1,2,0,18,0,8,0,0,0,0,3,1,6,1,41,7,124,1,1,-1,1,-1
201501RG40354,1,3,0,18,0,8,0,0,0,0,1,1,6,2,38,7,125,1,2,-1,1,-1
201501RG40354,2,9,0,9,0,8,0,0,0,0,4,1,6,1,36,7,1900,2,11,-1,1,-1
201501RG40355,1,2,0,18,0,8,0,0,0,0,1,1,6,1,24,5,124,1,2,-1,1,-1
201501RG40357,1,9,0,4,0,0,0,0,0,0,2,1,6,2,26,6,1397,1,11,-1,1,-1
201501RG40357,2,9,0,18,0,0,0,0,0,0,1,1,6,2,-1,-1,1246,1,8,-1,-1,-1
201501RG40358,1,9,0,11,0,0,0,0,0,0,4,1,6,2,24,5,1399,2,10,-1,1,-1
201501RG40358,2,5,0,18,0,0,0,0,0,0,3,1,6,1,49,8,499,1,10,-1,1,-1
201501RG40359,1,9,0,9,0,8,0,0,0,0,3,1,6,1,20,4,-1,-1,-1,-1,1,-1
201501RG40359,2,9,0,18,0,8,0,0,0,0,4,1,6,1,-1,-1,-1,-1,-1,-1,-1,-1
201501RG40360,1,9,0,9,0,8,0,0,0,0,3,1,6,1,54,8,-1,-1,-1,-1,1,-1
201501RG40360,2,9,0,13,0,8,0,10,7,10,4,1,6,1,27,6,-1,-1,-1,-1,1,-1
201501RG40361,1,5,0,5,0,1,0,7,0,0,3,1,6,1,28,6,-1,-1,-1,-1,1,-1
201501RG40361,2,21,0,5,0,1,0,0,0,0,3,1,1,1,53,8,-1,-1,-1,-1,1,-1
201501RG40363,1,9,0,18,0,8,0,0,0,0,4,1,6,2,28,6,1390,1,7,-1,1,-1
201501RG40363,2,9,0,9,0,8,0,0,0,0,1,1,6,1,-1,-1,1598,1,10,-1,-1,-1
201501RG40364,1,9,0,7,0,8,0,0,0,0,3,1,1,1,20,4,1686,2,2,-1,1,-1
201501RG40364,2,9,0,18,0,8,0,0,0,0,0,1,6,2,38,7,1590,1,14,-1,1,-1
201501RG40366,1,9,0,1,0,8,0,0,0,0,2,1,6,2,-1,-1,-1,-1,-1,-1,-1,-1
201501RG40367,1,9,0,18,0,8,0,0,0,0,4,1,6,1,48,8,1798,8,-1,-1,1,-1
201501RG40368,1,9,0,18,0,8,0,0,0,0,1,1,6,1,-1,-1,1984,1,12,-1,-1,-1
201501RG40368,2,9,0,4,0,8,0,0,0,0,2,1,6,2,19,4,1199,1,15,-1,1,-1
201501RG40368,3,9,0,3,0,8,0,0,0,0,2,1,6,1,42,7,-1,-1,-1,-1,1,-1
201501RG40368,4,19,0,3,0,8,0,0,0,0,2,1,6,1,42,7,2402,2,6,-1,1,-1
201501RG40368,5,9,0,3,0,8,0,0,0,0,2,1,6,1,23,5,-1,-1,-1,-1,1,-1
201501RG40369,1,9,0,4,0,8,0,0,0,0,2,1,6,1,51,8,3982,1,-1,-1,1,-1
201501RG40369,2,9,0,4,0,8,0,0,0,0,2,1,6,1,38,7,1388,1,10,-1,1,-1
201501RG40369,3,9,0,18,0,8,0,0,0,0,1,1,6,2,40,7,1999,1,12,-1,1,-1
201501RG40370,1,9,0,4,0,8,0,0,0,0,2,1,6,1,48,8,-1,-1,-1,-1,1,-1
201501RG40370,2,10,0,18,0,8,0,0,0,0,1,1,6,1,46,8,-1,-1,-1,-1,1,-1
201501RG40371,1,3,0,18,0,8,0,0,0,0,1,1,6,1,25,5,-1,-1,-1,-1,-1,-1
201501RG40371,2,9,0,9,0,8,0,0,0,0,4,1,6,2,30,6,1240,1,8,-1,1,-1
201501RG40372,1,11,0,4,0,0,0,0,0,0,3,1,6,1,53,8,-1,-1,-1,-1,1,-1
201501RG40372,2,3,0,15,0,0,0,0,0,0,4,1,6,1,23,5,-1,-1,-1,-1,1,-1
201501RG40373,1,9,0,18,0,8,0,7,0,0,4,1,6,1,72,10,1329,1,1,-1,-1,-1
201501RG40375,1,11,0,18,0,0,0,0,0,0,4,1,1,1,-1,-1,-1,-1,-1,-1,-1,-1
201501RG40376,1,9,0,4,0,8,0,0,0,0,2,1,6,1,34,6,1995,2,10,-1,-1,-1
201501RG40376,2,19,0,18,0,8,0,0,0,0,1,1,6,1,23,5,-1,-1,-1,-1,-1,-1
201501RG40378,1,9,0,4,0,8,0,0,0,0,2,1,6,2,34,6,1242,1,9,-1,1,-1
201501RG40378,2,9,0,4,0,8,0,0,0,0,2,1,6,1,36,7,1769,1,12,-1,-1,-1
201501RG40378,3,19,0,18,0,8,0,0,0,0,1,1,6,1,53,8,2402,2,13,-1,1,-1
201501RG40379,1,11,0,4,0,8,0,0,0,0,0,1,1,1,-1,-1,9000,2,6,-1,-1,-1
201501RG40380,1,9,0,9,0,8,0,0,0,0,2,1,6,2,35,6,-1,-1,-1,-1,1,-1
201501RG40380,2,2,0,18,0,8,0,0,0,0,1,1,6,1,22,5,-1,-1,-1,-1,-1,-1
201501RG40381,1,9,0,18,0,1,0,7,1,2,1,1,6,1,-1,-1,2499,1,7,-1,1,-1
201501RG40382,1,1,0,18,0,8,0,0,0,0,1,1,6,1,36,7,-1,-1,-1,-1,1,-1
201501RG40382,2,9,0,6,0,8,0,0,0,0,3,1,6,1,-1,-1,1968,2,1,-1,-1,-1
201501RG40384,1,9,0,18,0,2,0,0,0,0,2,1,6,2,43,7,1587,1,9,-1,1,-1
201501RG40384,2,3,0,18,0,2,0,0,0,0,1,1,6,1,23,5,124,1,11,-1,-1,-1
201501RG40385,1,9,0,1,0,0,0,0,0,0,2,1,6,1,28,6,1560,2,4,-1,1,-1
201501RG40387,1,9,0,18,0,8,0,0,0,0,1,1,6,2,18,4,-1,-1,-1,-1,1,-1
201501RG40387,2,9,0,4,0,8,0,0,0,0,2,1,6,1,38,7,1769,1,12,-1,1,-1
201501RG40388,1,9,0,18,0,8,0,0,0,0,3,1,6,1,27,6,2143,2,5,-1,1,-1
201501RG40388,2,9,0,2,0,8,0,0,0,0,1,1,6,2,36,7,1598,1,7,-1,1,-1
201501RG40388,3,9,0,2,0,8,0,0,0,0,3,1,6,2,21,5,-1,-1,-1,-1,1,-1
201501RG40388,4,9,0,2,0,8,0,0,0,0,2,1,6,2,35,6,1599,1,11,-1,1,-1
201501RG40389,1,1,0,18,0,8,0,0,0,0,1,1,6,1,33,6,-1,-1,-1,-1,1,-1
201501RG40389,2,9,0,9,0,8,0,0,0,0,4,1,6,1,-1,-1,-1,-1,-1,-1,-1,-1
201501RG40390,1,9,0,3,0,2,0,0,0,0,2,1,6,1,17,4,1390,1,6,-1,-1,-1
201501RG40390,2,9,0,13,0,2,0,0,0,0,1,1,1,1,-1,-1,-1,-1,-1,-1,-1,-1
201501RG40391,1,9,0,2,0,8,0,0,0,0,4,1,6,2,31,6,2204,2,10,-1,1,-1
201501RG40391,2,9,0,18,0,8,0,0,0,0,1,1,6,1,-1,-1,1596,1,8,-1,-1,-1
201501RG40393,1,9,0,18,0,1,0,0,0,0,1,1,6,2,34,6,1598,1,9,-1,1,-1
201501RG40393,2,9,0,18,0,2,0,0,0,0,1,1,6,1,38,7,2987,2,5,-1,-1,-1
201501RG40394,1,9,0,18,0,8,0,0,0,0,1,1,6,2,23,5,1149,1,14,-1,1,-1
201501RG40394,2,9,0,9,0,8,0,0,0,0,4,1,1,2,35,6,2324,1,15,-1,1,-1
201501RG40395,1,9,0,4,0,8,0,0,0,0,2,1,6,1,30,6,-1,-1,-1,-1,1,-1
201501RG40395,2,9,0,18,0,8,0,0,0,0,1,1,6,1,46,8,1596,1,1,-1,1,-1
201501RG40396,1,9,0,3,0,0,0,0,0,0,2,1,6,1,36,7,1598,1,7,-1,1,-1
201501RG40396,2,9,0,3,0,0,0,0,0,0,2,1,6,1,39,7,-1,-1,-1,-1,-1,-1
201501RG40396,3,9,0,18,0,0,0,0,0,0,1,1,6,1,25,5,2204,2,9,-1,1,-1
201501RG40397,1,9,0,3,0,0,0,0,0,0,2,1,6,2,44,7,1598,1,12,-1,1,-1
201501RG40397,2,9,0,18,0,0,0,0,0,0,1,1,6,1,-1,-1,1896,2,9,-1,1,-1
201501RG40398,1,9,0,11,0,0,0,0,0,0,4,1,6,2,39,7,2993,2,10,-1,1,-1
201501RG40398,2,5,0,18,0,0,0,0,0,0,3,1,6,1,50,8,1298,1,16,-1,1,-1
201501RG40399,1,9,0,18,0,1,0,0,0,0,1,1,6,2,33,6,1598,1,15,-1,1,-1
201501RG40399,2,9,0,1,0,2,0,0,0,0,2,1,6,3,-1,-1,-1,-1,-1,-1,-1,-1
201501RG40400,1,9,0,18,0,8,0,0,0,0,4,1,6,2,-1,-1,1299,1,16,-1,1,-1
201501RG40402,1,9,0,18,0,8,0,0,0,0,4,1,6,1,-1,-1,-1,-1,-1,-1,-1,-1
201501RG40403,1,3,0,18,0,8,0,0,0,0,4,1,6,1,54,8,-1,-1,-1,-1,-1,-1
201501RG40407,1,9,0,3,0,1,0,0,0,0,2,1,6,1,26,6,1798,1,7,-1,1,-1
201501RG40407,2,9,0,3,0,1,0,0,0,0,2,1,6,1,30,6,1560,2,5,-1,1,-1
201501RG40407,3,9,0,18,0,1,0,0,0,0,1,1,6,1,39,7,1199,1,14,-1,-1,-1
201501RG40408,1,9,0,4,0,0,0,0,0,0,1,1,6,1,35,6,1598,1,7,-1,1,-1
201501RG40408,2,9,0,4,0,0,0,0,0,0,2,1,6,1,33,6,1422,2,12,-1,-1,-1
201501RG40409,1,1,0,18,0,8,0,0,0,0,1,1,6,1,37,7,-1,-1,-1,-1,1,-1
201501RG40409,2,9,0,9,0,8,0,0,0,0,1,1,6,3,-1,-1,1595,1,6,-1,-1,-1
201501RG40410,1,9,0,18,0,0,0,0,0,0,3,1,6,2,21,5,1299,1,12,-1,1,-1
201501RG40410,2,9,0,11,0,0,0,0,0,0,4,1,6,1,-1,-1,1796,1,10,-1,-1,-1
201501RG40411,1,9,0,4,0,0,0,0,0,0,2,1,6,1,35,6,1598,1,1,-1,1,-1
201501RG40411,2,9,0,18,0,0,0,0,0,0,1,1,6,2,-1,-1,-1,-1,-1,-1,1,-1
201501RG40412,1,9,0,4,0,8,0,0,0,0,2,1,6,2,46,8,1599,1,9,-1,1,-1
201501RG40412,2,9,0,18,0,8,0,0,0,0,1,1,6,1,51,8,-1,-1,-1,-1,1,-1
201501RG40413,1,9,0,3,0,1,0,0,0,0,3,1,6,1,44,7,1910,2,6,-1,1,-1
201501RG40413,2,9,0,18,0,2,0,0,0,0,1,1,6,1,-1,-1,1364,1,7,-1,-1,-1
201501RG40414,1,9,0,18,0,8,0,0,0,0,1,1,6,2,26,6,1343,1,11,-1,1,-1
201501RG40414,2,9,0,4,0,8,0,0,0,0,2,1,6,1,38,7,1984,1,11,-1,1,-1
201501RG40415,1,9,0,9,0,8,0,0,0,0,4,1,6,1,30,6,1598,1,2,-1,1,-1
201501RG40415,2,1,0,18,0,8,0,0,0,0,1,1,6,1,28,6,-1,-1,-1,-1,1,-1
201501RG40416,1,11,0,4,0,1,0,0,0,0,0,1,1,1,39,7,4500,2,1,-1,1,-1
201501RG40417,1,9,0,9,0,8,0,0,0,0,4,1,6,1,-1,-1,1364,2,6,-1,1,-1
201501RG40417,2,5,0,18,0,8,0,0,0,0,1,1,6,1,-1,-1,-1,-1,-1,-1,1,-1
201501RG40418,1,9,0,18,0,1,0,0,0,0,1,1,6,2,35,6,1240,1,5,-1,1,-1
201501RG40418,2,20,0,18,0,1,0,0,0,0,2,1,1,1,51,8,-1,-1,-1,-1,-1,-1
201501RG40420,1,9,0,9,0,8,0,0,0,0,4,1,6,1,17,4,1197,1,-1,-1,1,-1
201501RG40420,2,1,0,18,0,8,0,0,0,0,1,1,6,1,55,8,-1,-1,-1,-1,1,-1
201501RG40421,1,9,0,18,0,8,0,0,0,0,3,1,6,1,41,7,-1,-1,-1,-1,1,-1
201501RG40422,1,3,0,15,0,8,0,0,0,0,4,1,6,1,24,5,125,1,1,-1,1,-1
201501RG40422,2,9,0,18,0,8,0,0,0,0,3,1,6,1,-1,-1,1399,1,4,-1,-1,-1
201501RG40423,1,9,0,18,0,1,0,0,0,0,2,1,6,1,42,7,1596,1,7,-1,1,-1
201501RG40423,2,9,0,18,0,1,0,0,0,0,1,1,6,3,-1,-1,1199,1,13,-1,-1,-1
201501RG40424,1,1,0,18,0,0,0,0,0,0,2,1,6,2,26,6,-1,-1,-1,-1,1,-1
201501RG40424,2,9,0,18,0,0,0,0,0,0,1,1,6,1,-1,-1,1956,2,1,-1,-1,-1
201501RG40425,1,9,0,4,0,8,0,0,0,0,2,1,6,2,51,8,2438,1,17,-1,1,-1
201501RG40425,2,20,0,18,0,8,0,0,0,0,1,1,6,1,-1,-1,7201,2,3,-1,-1,-1
201501RG40427,1,9,0,9,0,8,0,0,0,0,3,1,6,2,53,8,-1,-1,-1,-1,-1,-1
201501RG40427,2,5,0,18,0,8,0,0,0,0,1,1,6,1,22,5,654,1,5,-1,1,-1
201501RG40428,1,1,0,14,0,1,0,8,0,0,1,1,6,1,25,5,-1,-1,-1,-1,1,-1
201501RG40428,2,9,0,2,0,1,0,0,0,0,3,1,6,3,-1,-1,-1,-1,-1,-1,-1,-1
201501RG40429,1,3,0,18,0,8,0,0,0,0,3,1,6,1,21,5,125,1,12,-1,1,-1
201501RG40429,2,9,0,2,0,8,0,0,0,0,3,1,6,1,45,7,1497,8,1,-1,1,-1
201501RG40430,1,9,0,18,0,8,0,0,4,6,3,1,6,1,42,7,1997,1,2,-1,1,-1
201501RG40431,1,9,0,9,0,8,0,0,0,0,4,1,6,1,53,8,1686,2,4,-1,1,-1
201501RG40431,2,3,0,18,0,8,0,0,0,0,1,1,6,1,34,6,-1,-1,-1,-1,1,-1
201501RG40432,1,9,0,7,0,8,0,0,0,0,1,1,6,1,27,6,1498,1,16,-1,1,-1
201501RG40432,2,5,0,17,0,8,0,0,0,0,4,1,6,1,32,6,-1,-1,-1,-1,1,-1
201501RG40433,1,1,0,18,0,0,0,0,0,0,3,1,6,1,18,4,-1,-1,-1,-1,1,-1
201501RG40433,2,9,0,15,0,0,0,0,0,0,4,1,6,1,-1,-1,-1,-1,-1,-1,-1,-1
201501RG40434,1,9,0,9,0,8,0,0,0,0,4,1,6,1,36,7,2261,1,7,-1,1,-1
201501RG40435,1,9,0,9,0,8,0,0,0,0,3,1,6,2,58,9,-1,-1,-1,-1,1,-1
201501RG40435,2,2,0,18,0,8,0,0,0,0,1,1,6,1,-1,-1,49,1,5,-1,-1,-1
201501RG40436,1,1,0,18,0,8,0,0,0,0,1,1,6,1,30,6,-1,-1,-1,-1,1,-1
201501RG40436,2,11,0,2,0,8,0,0,0,0,2,1,6,1,-1,-1,-1,-1,-1,-1,-1,-1
201501RG40437,1,9,0,18,0,0,5,10,0,0,3,1,6,2,33,6,1598,1,10,-1,-1,-1
201501RG40438,1,11,0,18,0,2,0,0,0,0,1,1,1,1,56,9,9000,2,6,-1,1,-1
201501RG40438,2,1,0,18,0,2,0,0,0,0,3,1,6,1,47,8,-1,-1,-1,-1,-1,-1
201501RG40439,1,9,0,18,0,8,0,0,0,0,1,1,6,1,74,10,1753,2,12,-1,1,-1
201501RG40439,2,9,0,9,0,8,0,0,0,0,4,1,6,2,31,6,-1,-1,-1,-1,1,-1
201501RG40440,1,9,0,18,0,8,0,0,0,0,4,1,6,2,52,8,1240,1,6,-1,1,-1
201501RG40440,2,20,0,9,0,8,0,0,0,0,3,1,6,1,-1,-1,-1,-1,-1,-1,-1,-1
201501RG40442,1,9,0,7,0,8,0,0,0,0,4,1,6,2,40,7,-1,-1,-1,-1,1,-1
201501RG40442,2,1,0,7,0,8,0,0,0,0,3,1,6,1,24,5,-1,-1,-1,-1,-1,-1
201501RG40444,1,9,0,7,0,2,0,0,0,0,1,1,6,1,27,6,-1,-1,-1,-1,1,-1
201501RG40444,2,9,0,18,0,2,0,0,0,0,1,1,6,1,43,7,2494,1,16,-1,1,-1
201501RG40445,1,3,0,18,0,8,0,0,0,0,1,1,6,1,42,7,125,1,1,-1,1,-1
201501RG40445,2,9,0,9,0,8,0,0,0,0,4,1,6,1,71,10,1796,1,12,-1,1,-1
201501RG40447,1,9,0,9,0,8,0,0,0,0,3,1,6,1,28,6,-1,-1,-1,-1,1,-1
201501RG40447,2,9,0,18,0,8,0,0,0,0,1,1,6,1,18,4,973,1,12,-1,1,-1
201501RG40449,1,9,0,18,0,2,0,0,0,0,0,1,6,2,43,7,1995,2,1,-1,1,-1
201501RG40449,2,2,0,18,0,1,0,10,1,10,1,1,6,1,16,4,49,1,10,-1,-1,-1
201501RG40451,1,11,0,18,0,2,0,0,0,0,1,1,1,1,54,8,-1,-1,-1,-1,1,-1
201501RG40453,1,2,0,18,0,0,0,10,1,2,4,1,6,1,18,4,49,1,3,-1,1,-1
201501RG40454,1,9,0,18,0,2,0,0,0,0,2,1,6,1,26,6,1968,2,5,-1,1,-1
201501RG40454,2,9,0,18,0,2,0,0,0,0,1,1,6,3,-1,-1,-1,-1,-1,-1,-1,-1
201501RG40455,1,9,0,4,0,8,0,0,0,0,2,1,6,2,61,9,-1,-1,-1,-1,1,-1
201501RG40455,2,9,0,4,0,8,0,0,0,0,2,1,6,1,22,5,1984,1,13,-1,1,-1
201501RG40455,3,9,0,18,0,8,0,0,0,0,1,1,6,2,38,7,2378,1,11,-1,1,-1
201501RG40457,1,11,0,9,0,8,0,0,0,0,0,1,1,1,35,6,4500,2,1,-1,1,-1
201501RG40459,1,5,0,18,0,8,0,0,0,0,1,1,6,1,58,9,745,1,1,-1,1,-1
201501RG40459,2,9,0,9,0,8,0,0,0,0,4,1,6,1,25,5,1595,1,11,-1,1,-1
201501RG40461,1,9,0,18,0,8,0,0,0,0,1,1,6,1,42,7,-1,-1,-1,-1,1,-1
201501RG40461,2,9,0,4,0,8,0,0,0,0,2,1,6,1,30,6,-1,-1,-1,-1,1,-1
201501RG40463,1,9,0,18,0,0,0,0,0,0,1,1,6,2,38,7,1324,1,14,-1,-1,-1
201501RG40463,2,1,0,18,0,0,0,0,0,0,4,1,6,1,35,6,-1,-1,-1,-1,-1,-1
201501RG40464,1,9,0,3,0,1,0,0,0,0,2,1,6,2,35,6,1796,1,3,-1,1,-1
201501RG40464,2,9,0,4,0,1,0,0,0,0,1,1,6,3,-1,-1,-1,-1,-1,-1,-1,-1
201501RG40466,1,11,0,18,0,8,0,0,0,0,4,1,1,1,52,8,5132,2,1,-1,1,-1
201501RG40467,1,9,0,3,0,1,0,0,0,0,2,1,6,2,40,7,1198,1,3,-1,1,-1
201501RG40467,2,9,0,18,0,1,0,0,0,0,1,1,6,2,-1,-1,1242,1,-1,-1,1,-1
201501RG40468,1,9,0,18,0,8,0,0,0,0,1,1,6,1,25,5,-1,-1,-1,-1,1,-1
201501RG40468,2,9,0,4,0,8,0,0,0,0,2,1,6,1,55,8,1956,2,1,-1,1,-1
201501RG40469,1,2,0,18,0,8,0,0,0,0,1,1,6,1,30,6,-1,-1,-1,-1,1,-1
201501RG40469,2,9,0,2,0,8,0,0,0,0,3,1,6,1,30,6,-1,-1,-1,-1,1,-1
201501RG40469,3,19,0,18,0,8,0,0,0,0,3,1,6,1,35,6,-1,-1,-1,-1,1,-1
201501RG40470,1,9,0,4,0,0,0,0,0,0,2,1,6,2,43,7,1598,1,4,-1,1,-1
201501RG40470,2,19,0,18,0,0,0,0,0,0,1,1,6,1,56,9,-1,-1,-1,-1,1,-1
201501RG40471,1,3,0,18,0,8,0,0,0,0,3,1,6,1,24,5,125,1,-1,-1,1,-1