Accident_Index,Vehicle_Reference,Vehicle_Type,Towing_and_Articulation,Vehicle_Manoeuvre,Vehicle_Location-Restricted_Lane,Junction_Location,Skidding_and_Overturning,Hit_Object_in_Carriageway,Vehicle_Leaving_Carriageway,Hit_Object_off_Carriageway,1st_Point_of_Impact,Was_Vehicle_Left_Hand_Drive?,Journey_Purpose_of_Driver,Sex_of_Driver,Age_of_Driver,Age_Band_of_Driver,Engine_Capacity_(CC),Propulsion_Code,Age_of_Vehicle,Driver_IMD_Decile,Driver_Home_Area_Type,Vehicle_IMD_Decile
201501RG40639,2,9,0,9,0,8,0,0,0,0,1,1,6,1,53,8,-1,-1,-1,-1,1,-1
201501RG40640,1,9,0,6,0,2,0,0,0,0,1,1,6,1,39,7,2497,2,12,-1,1,-1
201501RG40641,1,9,0,18,0,8,0,0,0,0,1,1,6,2,25,5,1124,1,11,-1,1,-1
201501RG40641,2,3,0,9,0,8,0,0,0,0,3,1,6,1,-1,-1,-1,-1,-1,-1,-1,-1
201501RG40642,1,3,0,18,0,0,0,0,0,0,1,1,6,1,24,5,124,1,5,-1,-1,-1
201501RG40642,2,9,0,18,0,0,0,0,0,0,2,1,6,2,28,6,1388,1,4,-1,1,-1
201501RG40644,1,1,0,18,0,8,0,0,0,0,2,1,1,2,21,5,-1,-1,-1,-1,2,-1
201501RG40644,2,9,0,18,0,8,0,0,0,0,1,1,1,2,52,8,-1,-1,-1,-1,-1,-1
201501RG40646,1,9,0,18,0,2,0,0,0,0,3,1,6,1,45,7,1348,1,14,-1,1,-1
201501RG40649,1,5,0,4,0,8,0,0,0,0,1,1,6,1,45,7,998,1,2,-1,1,-1
201501RG40649,2,9,0,4,0,8,0,0,0,0,2,1,6,2,-1,-1,1388,1,10,-1,1,-1
201501RG40649,3,9,0,6,0,8,0,0,0,0,0,1,6,1,-1,-1,1242,1,5,-1,-1,-1
201501RG40651,1,9,0,18,0,0,0,0,0,0,2,1,6,1,21,5,-1,-1,-1,-1,1,-1
201501RG40651,2,9,0,15,0,0,0,0,0,0,4,1,6,2,35,6,998,1,6,-1,1,-1
201501RG40653,1,3,0,7,0,8,0,0,0,0,3,1,6,1,34,6,-1,-1,-1,-1,1,-1
201501RG40653,2,9,0,7,0,8,0,0,0,0,4,1,6,1,-1,-1,1598,1,10,-1,-1,-1
201501RG40655,1,9,0,9,0,8,0,0,0,0,1,1,6,2,35,6,1984,1,15,-1,1,-1
201501RG40655,2,3,0,18,0,8,0,0,0,0,1,1,6,1,35,6,-1,-1,-1,-1,1,-1
201501RG40656,1,5,0,11,0,0,0,0,0,0,1,1,2,1,65,9,865,1,3,-1,1,-1
201501RG40657,1,11,0,5,0,8,0,0,0,0,0,1,1,1,48,8,4500,2,3,-1,-1,-1
201501RG40658,1,9,0,9,0,8,0,0,0,0,1,1,6,1,22,5,1422,2,14,-1,1,-1
201501RG40658,2,9,0,18,0,8,0,0,0,0,4,1,6,1,32,6,1998,1,11,-1,1,-1
201501RG40658,3,9,0,2,0,2,0,0,0,0,2,1,6,3,-1,-1,-1,-1,-1,-1,-1,-1
201501RG40658,4,9,0,2,0,2,0,0,0,0,3,1,6,3,-1,-1,-1,-1,-1,-1,-1,-1
201501RG40659,1,1,0,18,0,0,0,0,0,0,3,1,6,1,26,6,-1,-1,-1,-1,1,-1
201501RG40659,2,11,0,13,0,0,0,0,0,0,4,1,1,3,-1,-1,-1,-1,-1,-1,-1,-1
201501RG40660,1,9,0,18,0,8,0,0,0,0,3,1,6,1,46,8,1796,1,16,-1,1,-1
201501RG40660,2,3,0,9,0,8,0,0,0,0,4,1,6,1,-1,-1,125,1,-1,-1,1,-1
201501RG40661,1,11,0,5,0,2,0,0,0,0,1,1,1,1,64,9,8300,2,8,-1,1,-1
201501RG40662,1,9,0,9,0,1,0,0,0,0,1,1,2,2,61,9,1229,1,1,-1,-1,-1
201501RG40662,2,4,0,9,0,1,0,0,0,0,1,1,6,1,29,6,675,1,-1,-1,1,-1
201501RG40663,1,9,0,9,0,8,0,0,0,0,4,1,6,1,-1,-1,3500,1,12,-1,1,-1
201501RG40663,2,1,0,18,0,8,0,0,0,0,1,1,6,1,35,6,-1,-1,-1,-1,-1,-1
201501RG40664,1,11,0,4,0,8,0,0,0,0,3,1,1,1,48,8,5132,2,-1,-1,1,-1
201501RG40664,2,20,0,15,0,8,0,0,0,0,4,1,6,1,-1,-1,-1,-1,-1,-1,-1,-1
201501RG40665,1,9,0,5,0,0,0,0,0,0,3,1,6,1,47,8,1783,1,12,-1,1,-1
201501RG40665,2,3,0,18,0,0,0,0,0,0,4,1,6,1,25,5,125,1,-1,-1,1,-1
201501RG40666,1,9,0,4,0,0,0,0,0,0,2,1,6,2,46,8,1242,1,1,-1,1,-1
201501RG40666,2,9,0,18,0,0,0,0,0,0,1,1,6,1,36,7,1796,1,5,-1,-1,-1
201501RG40667,1,11,0,4,0,2,0,0,0,0,4,1,1,3,-1,-1,-1,-1,-1,-1,-1,-1
201501RG40668,1,9,0,18,0,1,0,0,0,0,1,1,6,1,34,6,1124,1,11,-1,1,-1
201501RG40668,2,9,0,2,0,1,0,0,0,0,2,1,6,3,-1,-1,1341,1,12,-1,-1,-1
201501RG40669,1,9,0,18,0,8,0,10,1,2,4,1,6,2,53,8,1598,1,13,-1,1,-1
201501RG40671,1,11,0,4,0,2,0,0,0,0,0,1,6,1,24,5,-1,-1,-1,-1,1,-1
201501RG40672,1,9,0,4,0,1,0,0,0,0,2,1,6,1,23,5,1995,2,5,-1,1,-1
201501RG40672,2,9,0,18,0,1,0,0,0,0,1,1,6,2,-1,-1,1769,1,10,-1,1,-1
201501RG40673,1,9,0,18,0,0,0,0,0,0,4,1,6,1,-1,-1,-1,-1,-1,-1,-1,-1
201501RG40674,1,9,0,18,0,8,0,0,0,0,1,1,6,2,56,9,1796,1,15,-1,1,-1
201501RG40675,1,5,0,18,0,0,0,0,0,0,1,1,6,2,44,7,-1,-1,-1,-1,1,-1
201501RG40675,2,9,0,15,0,0,0,0,0,0,4,1,6,1,-1,-1,1997,2,9,-1,-1,-1
201501RG40677,1,9,0,3,0,8,0,0,0,0,2,1,6,2,-1,-1,1461,2,-1,-1,1,-1
201501RG40677,2,19,0,4,0,8,0,0,0,0,1,1,1,1,34,6,1560,2,2,-1,1,-1
201501RG40679,1,9,0,18,0,0,0,0,0,0,3,1,3,2,52,8,1596,1,11,-1,1,-1
201501RG40680,1,9,0,5,0,1,0,0,0,0,1,1,6,1,47,8,1998,1,13,-1,1,-1
201501RG40680,2,9,0,9,0,1,0,0,0,0,1,1,6,1,50,8,1386,1,5,-1,1,-1
201501RG40681,1,11,0,18,0,8,0,0,0,0,4,1,6,2,46,8,-1,-1,-1,-1,-1,-1
201501RG40681,2,9,0,7,0,8,0,0,0,0,1,1,6,2,32,6,1398,1,3,-1,1,-1
201501RG40683,1,1,0,18,0,8,0,0,0,0,3,1,6,2,38,7,-1,-1,-1,-1,1,-1
201501RG40683,2,9,0,15,0,8,0,0,0,0,4,1,6,1,-1,-1,-1,-1,-1,-1,-1,-1
201501RG40685,1,3,0,18,0,8,1,0,0,0,3,1,6,1,28,6,125,1,7,-1,1,-1
201501RG40685,2,9,0,18,0,8,0,0,0,0,1,1,6,1,-1,-1,-1,-1,-1,-1,-1,-1
201501RG40686,1,11,0,4,0,0,0,0,0,0,0,1,1,1,-1,-1,-1,2,12,-1,1,-1
201501RG40687,1,4,0,18,0,0,0,0,0,0,2,1,6,1,21,5,498,1,12,-1,1,-1
201501RG40687,2,9,0,3,0,0,0,0,0,0,1,1,6,1,48,8,1598,1,15,-1,1,-1
201501RG40688,1,9,0,18,0,8,0,0,0,0,3,1,6,1,21,5,1198,1,2,-1,1,-1
201501RG40688,2,9,0,15,0,8,0,0,0,0,4,1,6,1,-1,-1,1198,1,9,-1,-1,-1
201501RG40689,1,9,0,18,0,1,0,0,0,0,1,1,2,1,31,6,1968,2,7,-1,3,-1
201501RG40689,2,9,0,9,0,1,0,0,0,0,3,1,6,1,55,8,1995,2,1,-1,1,-1
201501RG40690,1,9,0,9,0,8,0,0,0,0,3,1,6,1,21,5,1598,1,2,-1,1,-1
201501RG40690,2,3,0,15,0,8,0,0,0,0,4,1,6,1,-1,-1,-1,-1,-1,-1,-1,-1
201501RG40691,1,9,0,18,0,8,0,0,0,0,1,1,6,1,48,8,1997,2,4,-1,1,-1
201501RG40691,2,9,0,4,0,8,0,0,0,0,2,1,6,2,26,6,1968,2,4,-1,1,-1
201501RG40692,1,9,0,4,0,0,0,0,0,0,2,1,6,1,40,7,1560,2,5,-1,1,-1
201501RG40692,2,9,0,18,0,0,0,0,0,0,1,1,6,1,-1,-1,-1,-1,-1,-1,-1,-1
201501RG40693,1,1,0,15,0,1,0,0,0,0,3,1,6,1,34,6,-1,-1,-1,-1,1,-1
201501RG40693,2,9,0,7,0,1,0,0,0,0,4,1,6,3,-1,-1,-1,-1,-1,-1,-1,-1
201501RG40694,1,9,0,18,0,0,0,0,0,0,1,1,6,1,29,6,-1,-1,-1,-1,1,-1
201501RG40694,2,19,0,4,0,0,0,0,0,0,2,1,6,1,28,6,1753,2,9,-1,1,-1
201501RG40694,3,9,0,4,0,0,0,0,0,0,2,1,6,1,31,6,2179,2,1,-1,1,-1
201501RG40695,1,9,0,18,0,8,0,10,1,2,4,1,6,1,42,7,1798,8,3,-1,1,-1
201501RG40696,1,9,0,9,0,8,0,0,0,0,3,1,6,1,58,9,1998,1,8,-1,1,-1
201501RG40696,2,3,0,15,0,8,0,0,0,0,1,1,6,1,52,8,125,1,7,-1,1,-1
201501RG40697,1,19,0,4,0,0,0,0,0,0,2,1,6,1,52,8,-1,-1,-1,-1,1,-1
201501RG40697,2,3,0,18,0,0,0,0,0,0,1,1,6,1,20,4,124,1,5,-1,1,-1
201501RG40698,1,9,0,18,0,8,0,0,0,0,4,1,6,1,42,7,1598,1,9,-1,1,-1
201501RG40700,1,9,0,9,0,1,0,0,0,0,1,1,3,1,44,7,1968,2,8,-1,1,-1
201501RG40700,2,1,0,18,0,1,0,0,0,0,4,1,6,1,35,6,-1,-1,-1,-1,1,-1
201501RG40701,1,9,0,18,0,8,0,0,0,0,2,1,6,1,35,6,1998,2,3,-1,1,-1
201501RG40701,2,9,0,18,0,8,0,0,0,0,1,1,6,1,-1,-1,-1,-1,-1,-1,-1,-1
201501RG40702,1,3,0,18,0,8,0,0,0,0,0,1,6,1,53,8,-1,-1,-1,-1,1,-1
201501RG40702,2,9,0,7,0,8,0,0,0,0,0,1,6,2,27,6,1598,1,11,-1,1,-1
201501RG40703,1,9,0,4,0,8,0,0,0,0,2,1,6,1,35,6,-1,-1,-1,-1,1,-1
201501RG40703,2,9,0,18,0,8,0,0,0,0,1,1,6,1,-1,-1,1796,1,8,-1,-1,-1
201501RG40704,1,9,0,18,0,8,0,0,0,0,4,1,6,1,-1,-1,1598,1,1,-1,-1,-1
201501RG40705,1,9,0,18,0,1,0,0,0,0,1,1,6,3,-1,-1,-1,-1,-1,-1,-1,-1
201501RG40708,1,9,0,18,0,0,0,10,1,2,1,1,6,2,28,6,1398,1,3,-1,1,-1
201501RG40709,1,9,0,1,0,0,0,0,0,0,2,1,6,1,22,5,1229,1,1,-1,1,-1
201501RG40711,1,9,0,9,0,8,0,0,0,0,4,1,6,1,17,4,1149,1,15,-1,1,-1
201501RG40711,2,19,0,18,0,8,0,0,0,0,1,1,6,1,24,5,-1,-1,-1,-1,1,-1
201501RG40712,1,11,0,5,0,0,0,0,0,0,0,1,1,1,-1,-1,-1,-1,-1,-1,-1,-1
201501RG40713,1,9,0,4,0,8,0,0,0,0,2,1,6,2,32,6,1796,1,8,-1,1,-1
201501RG40713,2,9,0,18,0,8,0,0,0,0,1,1,6,2,29,6,-1,-1,-1,-1,1,-1
201501RG40714,1,9,0,5,0,0,0,0,0,0,4,1,6,2,28,6,-1,-1,-1,-1,-1,-1
201501RG40715,1,9,0,7,0,8,0,0,0,0,1,1,6,1,42,7,1598,1,8,-1,1,-1
201501RG40715,2,1,0,9,0,8,0,0,0,0,2,1,6,1,-1,-1,-1,-1,-1,-1,1,-1
201501RG40716,1,9,0,18,0,1,0,0,0,0,3,1,6,2,21,5,998,1,19,-1,1,-1
201501RG40716,2,9,0,11,0,1,0,0,0,0,4,1,6,1,-1,-1,1791,8,4,-1,-1,-1
201501RG40717,1,5,0,18,0,8,0,0,0,0,1,1,6,1,27,6,-1,-1,-1,-1,1,-1
201501RG40717,2,9,0,7,0,8,0,0,0,0,4,1,6,1,58,9,-1,-1,-1,-1,1,-1
201501RG40718,1,9,0,9,0,8,0,0,0,0,4,1,6,2,21,5,1229,1,3,-1,1,-1
201501RG40718,2,19,0,18,0,8,0,0,0,0,1,1,6,1,-1,-1,-1,-1,-1,-1,-1,-1
201501RG40719,1,1,0,18,0,0,0,0,0,0,1,1,6,1,40,7,-1,-1,-1,-1,1,-1
201501RG40719,2,9,0,1,0,0,0,0,0,0,2,1,6,1,-1,-1,1596,1,8,-1,-1,-1
201501RG40720,1,9,0,18,0,0,0,0,0,0,3,1,6,2,55,8,-1,-1,-1,-1,1,-1
201501RG40720,2,9,0,11,0,0,0,0,0,0,4,1,6,2,39,7,1995,2,1,-1,1,-1
201501RG40721,1,1,0,18,9,8,0,0,0,0,3,1,6,1,15,3,-1,-1,-1,-1,1,-1
201501RG40721,2,9,0,7,0,8,0,0,0,0,4,1,6,2,21,5,1332,1,16,-1,1,-1
201501RG40722,1,3,0,4,0,0,1,0,0,0,0,1,1,1,23,5,124,1,-1,-1,1,-1
201501RG40722,2,9,0,12,0,0,0,0,0,0,0,1,6,3,-1,-1,1797,8,1,-1,-1,-1
201501RG40723,1,9,0,1,0,0,0,0,0,0,2,1,6,1,-1,-1,1753,2,5,-1,-1,-1
201501RG40724,1,9,0,14,0,0,0,0,0,0,4,1,1,1,51,8,998,1,-1,-1,1,-1
201501RG40725,1,19,0,4,0,1,0,0,0,0,2,1,1,1,22,5,1598,2,2,-1,1,-1
201501RG40725,2,9,0,5,0,1,0,0,0,0,1,1,6,2,27,6,1900,2,16,-1,1,-1
201501RG40726,1,11,0,18,0,1,0,0,0,0,0,1,1,1,46,8,4500,2,7,-1,1,-1
201501RG40727,1,9,0,7,0,8,0,0,0,0,4,1,1,2,22,5,1299,1,13,-1,1,-1
201501RG40727,2,1,0,18,4,8,0,0,0,0,1,1,1,1,34,6,-1,-1,-1,-1,1,-1
201501RG40728,1,5,0,6,0,0,0,0,0,0,4,1,6,1,44,7,645,1,5,-1,1,-1
201501RG40728,2,9,0,15,0,0,0,0,0,0,1,1,6,1,46,8,1986,2,8,-1,1,-1
201501RG40729,1,9,0,18,0,8,0,0,0,0,1,1,6,1,35,6,1242,1,14,-1,1,-1
201501RG40729,2,2,0,9,0,8,0,0,0,0,4,1,6,1,16,4,49,1,11,-1,1,-1
201501RG40730,1,3,0,18,0,0,0,0,0,0,3,1,6,1,30,6,124,1,6,-1,1,-1
201501RG40730,2,9,0,15,0,0,0,0,0,0,4,1,6,1,-1,-1,-1,-1,-1,-1,-1,-1
201501RG40731,1,2,0,3,0,0,0,0,0,0,3,1,6,1,18,4,125,1,2,-1,1,-1
201501RG40731,2,9,0,18,0,0,0,0,0,0,4,1,6,1,-1,-1,-1,-1,-1,-1,-1,-1
201501RG40732,1,3,0,18,0,8,0,0,0,0,1,1,6,1,20,4,124,1,-1,-1,1,-1
201501RG40732,2,3,0,7,0,8,0,0,0,0,4,1,6,2,57,9,-1,-1,-1,-1,1,-1
201501RG40733,1,9,0,9,0,8,0,0,0,0,1,1,6,2,46,8,3311,8,9,-1,1,-1
201501RG40734,1,9,0,18,0,8,0,0,0,0,4,1,6,1,-1,-1,-1,-1,-1,-1,-1,-1
201501RG40735,1,9,0,9,0,8,0,0,0,0,3,1,6,2,25,5,1968,2,2,-1,1,-1
201501RG40735,2,9,0,18,0,8,0,0,0,0,1,1,6,2,42,7,1796,1,8,-1,1,-1
201501RG40737,1,3,0,18,0,8,0,0,0,0,4,1,6,1,18,4,125,1,5,-1,1,-1
201501RG40737,2,9,0,9,0,8,0,0,0,0,1,1,6,1,50,8,2180,2,18,-1,1,-1
201501RG40739,1,9,0,18,0,8,0,7,1,10,4,1,6,1,50,8,1997,2,3,-1,1,-1
201501RG40740,1,3,0,18,0,8,0,0,0,0,1,1,6,1,22,5,124,1,-1,-1,1,-1
201501RG40740,2,9,0,9,0,8,0,0,0,0,4,1,6,1,-1,-1,1242,1,12,-1,-1,-1
201501RG40741,1,8,0,1,0,8,0,0,0,0,2,1,6,1,24,5,-1,-1,-1,-1,-1,-1
201501RG40742,1,5,0,5,0,8,0,0,0,0,4,1,6,1,57,9,1170,1,7,-1,1,-1
201501RG40742,2,20,0,10,0,8,0,0,0,0,4,1,6,1,26,6,-1,-1,-1,-1,2,-1
201501RG40742,3,20,0,5,0,8,0,0,0,0,3,1,6,1,29,6,-1,-1,-1,-1,-1,-1
201501RG40743,1,11,0,4,0,0,0,0,0,0,0,1,1,1,-1,-1,-1,-1,-1,-1,-1,-1
201501RG40744,1,9,0,18,0,0,0,0,0,0,4,1,6,1,-1,-1,-1,-1,-1,-1,-1,-1
201501RG40745,1,11,0,4,0,8,0,0,0,0,0,1,1,1,34,6,-1,-1,-1,-1,-1,-1
201501RG40746,1,9,0,18,0,8,0,0,0,0,1,1,6,1,41,7,-1,-1,-1,-1,3,-1
201501RG40746,2,9,0,4,0,8,0,0,0,0,2,1,6,1,38,7,998,1,15,-1,1,-1
201501RG40747,1,9,0,4,0,8,0,0,0,0,2,1,6,1,29,6,1997,2,3,-1,1,-1
201501RG40747,2,9,0,18,0,8,0,0,0,0,1,1,6,1,68,10,1598,1,1,-1,1,-1
201501RG40748,1,3,0,9,0,8,0,0,0,0,4,1,6,1,31,6,124,1,1,-1,1,-1
201501RG40748,2,9,0,9,0,8,0,0,0,0,3,1,6,1,-1,-1,-1,-1,-1,-1,-1,-1
201501RG40751,1,5,0,18,0,0,0,0,0,0,3,1,6,1,46,8,1237,1,-1,-1,1,-1
201501RG40751,2,9,0,11,0,0,0,0,0,0,4,1,6,1,30,6,1598,1,5,-1,1,-1
201501RG40752,1,9,0,5,0,1,0,0,0,0,3,1,6,2,35,6,1992,2,9,-1,1,-1
201501RG40752,2,11,0,9,0,8,0,0,0,0,4,2,2,1,43,7,-1,-1,-1,-1,-1,-1
201501RG40753,1,9,0,18,0,8,0,0,0,0,4,1,6,1,28,6,-1,-1,-1,-1,1,-1
201501RG40755,1,9,0,18,0,8,0,0,0,0,1,1,6,2,32,6,1988,1,12,-1,1,-1
201501RG40755,2,9,0,9,0,8,0,0,0,0,4,1,6,1,-1,-1,1968,2,9,-1,1,-1
201501RG40756,1,9,0,7,0,8,0,0,0,0,2,1,6,1,51,8,3518,1,8,-1,1,-1
201501RG40756,2,3,0,18,0,8,0,0,0,0,1,1,6,1,35,6,124,1,1,-1,1,-1
201501RG40757,1,9,0,4,0,0,0,0,0,0,2,1,6,1,21,5,1229,1,3,-1,1,-1
201501RG40757,2,9,0,4,0,0,0,0,0,0,2,1,6,1,50,8,1956,2,4,-1,1,-1
201501RG40757,3,9,0,18,0,0,0,0,0,0,1,1,6,1,-1,-1,-1,-1,-1,-1,-1,-1
201501RG40758,1,19,0,18,0,8,0,0,0,0,3,1,6,1,44,7,2198,2,-1,-1,1,-1
201501RG40758,2,9,0,9,0,8,0,0,0,0,1,1,6,1,55,8,4293,1,14,-1,1,-1
201501RG40759,1,9,0,18,0,0,0,0,0,0,1,1,6,1,24,5,1995,2,5,-1,1,-1
201501RG40759,2,3,0,4,0,0,0,0,0,0,2,1,6,1,28,6,645,1,9,-1,1,-1
201501RG40762,1,9,0,4,0,8,0,0,0,0,2,1,6,2,40,7,1968,2,4,-1,1,-1
201501RG40762,2,9,0,18,0,8,0,0,0,0,1,1,6,1,40,7,1968,2,11,-1,1,-1
201501RG40762,3,9,0,4,0,8,0,0,0,0,2,1,6,1,-1,-1,-1,-1,-1,-1,-1,-1
201501RG40764,1,9,0,18,0,0,0,0,0,0,4,1,6,2,68,10,1398,1,4,-1,1,-1
201501RG40768,1,1,0,18,0,8,0,0,0,0,1,1,6,1,-1,-1,-1,-1,-1,-1,1,-1
201501RG40768,2,9,0,7,0,8,0,0,0,0,2,1,6,1,-1,-1,1299,1,12,-1,-1,-1
201501RG40769,1,9,0,18,0,8,0,0,0,0,1,1,6,1,66,10,998,1,13,-1,1,-1
201501RG40769,2,9,0,4,0,8,0,0,0,0,2,1,6,1,21,5,1248,2,5,-1,1,-1
201501RG40770,1,9,0,9,0,8,0,0,0,0,1,1,6,1,34,6,1799,1,8,-1,1,-1
201501RG40770,2,9,0,7,0,8,0,0,0,0,1,1,6,2,70,10,1360,1,9,-1,1,-1
201501RG40770,3,9,0,3,0,8,0,0,0,0,3,1,6,2,24,5,1388,1,9,-1,1,-1
201501RG40771,1,1,0,4,0,8,0,0,0,0,1,1,6,1,25,5,-1,-1,-1,-1,1,-1
201501RG40771,2,9,0,4,0,8,0,0,0,0,2,1,6,1,-1,-1,1560,2,8,-1,-1,-1
201501RG40772,1,9,0,4,0,8,0,0,0,0,2,1,6,1,39,7,2993,2,12,-1,1,-1
201501RG40772,2,9,0,18,0,8,0,0,0,0,1,1,6,2,18,4,1390,1,9,-1,1,-1
201501RG40775,1,5,0,4,0,8,0,0,0,0,3,1,6,1,24,5,599,1,8,-1,1,-1
201501RG40775,2,9,0,18,0,8,0,0,0,0,4,1,6,1,-1,-1,1596,1,1,-1,-1,-1
201501RG40776,1,9,0,9,0,8,0,0,0,0,1,1,6,1,29,6,1364,1,1,-1,1,-1
201501RG40776,2,9,0,18,0,8,0,0,0,0,4,1,6,1,48,8,-1,-1,-1,-1,1,-1
201501RG40778,1,11,0,4,0,0,0,0,0,0,0,1,6,1,54,8,7300,2,14,-1,1,-1
201501RG40780,1,9,0,4,0,8,0,0,0,0,2,1,6,2,-1,-1,1991,2,8,-1,1,-1
201501RG40780,2,9,0,18,0,8,0,0,0,0,1,1,6,1,48,8,1800,1,16,-1,1,-1
201501RG40780,3,9,0,4,0,8,0,0,0,0,2,1,6,1,-1,-1,-1,-1,-1,-1,-1,-1
201501RG40781,1,1,0,18,0,8,0,0,0,0,4,1,6,1,20,4,-1,-1,-1,-1,1,-1
201501RG40782,1,9,0,4,0,8,0,0,0,0,2,1,6,1,40,7,1461,2,1,-1,1,-1
201501RG40782,2,9,0,18,0,8,0,0,0,0,1,1,6,1,31,6,-1,-1,-1,-1,1,-1
201501RG40785,1,9,0,18,0,0,0,0,0,0,3,1,6,1,45,7,1596,1,5,-1,1,-1
201501RG49006,1,9,0,9,0,8,0,0,0,0,4,1,6,1,36,7,1910,2,9,-1,1,-1
201501RG49006,2,9,0,7,0,8,0,0,0,0,1,1,6,2,-1,-1,1560,2,-1,-1,1,-1
201501RG49009,1,9,0,6,0,0,0,0,0,0,3,1,1,1,66,10,2143,2,3,-1,1,-1
201501RG49009,2,3,0,18,0,0,0,0,0,0,1,1,1,1,32,6,125,1,1,-1,-1,-1
201501RG49010,1,9,0,9,0,8,0,0,0,0,1,1,6,1,-1,-1,1995,2,5,-1,-1,-1
201501RG49010,2,9,0,18,0,8,0,0,0,0,1,1,6,1,32,6,1995,2,2,-1,-1,-1
201501RG49012,1,9,0,3,0,0,0,0,0,0,2,1,6,1,50,8,2967,2,1,-1,-1,-1
201501RG49012,2,9,0,3,0,0,0,0,0,0,2,1,6,2,52,8,-1,-1,-1,-1,1,-1
201501RG49012,3,9,0,18,0,0,0,0,0,0,1,1,6,1,68,10,-1,-1,-1,-1,1,-1
201501RG49029,1,9,0,18,0,8,0,0,0,0,1,1,6,1,21,5,1461,2,1,-1,1,-1
201501RG49029,2,9,0,18,0,8,0,0,0,0,4,1,6,1,-1,-1,-1,-1,-1,-1,-1,-1
201501RG49029,3,9,0,3,0,8,0,0,0,0,1,1,6,1,71,10,2204,2,8,-1,1,-1
201501RG49029,4,9,0,3,0,8,0,0,0,0,3,1,6,1,-1,-1,-1,-1,-1,-1,-1,-1
201501RG49045,1,5,0,18,0,8,0,0,0,0,1,1,6,1,38,7,599,1,7,-1,1,-1
201501RG49045,2,9,0,7,0,8,0,0,0,0,4,1,6,1,45,7,2143,2,5,-1,1,-1
201501RG49046,1,11,0,17,0,8,0,0,0,0,4,1,6,2,55,8,7300,2,13,-1,1,-1
201501RG49046,2,9,0,18,0,8,0,0,0,0,1,1,6,1,63,9,1994,1,17,-1,1,-1
201501RG49047,1,9,0,4,0,8,0,0,0,0,2,1,6,1,60,9,2488,2,5,-1,1,-1
201501RG49047,2,9,0,18,0,8,0,0,0,0,1,1,6,1,24,5,1497,1,12,-1,1,-1
201501RG49056,1,9,0,18,0,8,0,0,0,0,4,1,6,2,32,6,1398,1,5,-1,1,-1
201501RG49056,2,1,0,18,0,8,0,0,0,0,3,1,6,2,21,5,-1,-1,-1,-1,1,-1
201501RG49057,1,9,0,18,0,0,0,0,0,0,3,1,6,2,46,8,1386,1,7,-1,1,-1
201501RG49076,1,9,0,9,0,8,0,0,0,0,1,1,6,2,51,8,1781,1,12,-1,1,-1
201501RG49076,2,9,0,18,0,8,0,0,0,0,1,1,6,2,21,5,1242,1,2,-1,1,-1
201501RG49077,1,2,0,18,0,8,0,10,0,0,4,1,6,1,28,6,-1,-1,-1,-1,1,-1
201501RG49082,1,19,0,1,0,1,0,0,0,0,2,1,6,1,-1,-1,2998,2,9,-1,-1,-1
201501RG49106,1,9,0,4,0,8,0,0,0,0,2,1,6,1,36,7,-1,-1,-1,-1,1,-1
201501RG49106,2,9,0,18,0,8,0,0,0,0,1,1,6,1,-1,-1,1796,1,14,-1,1,-1
201501RG49107,1,9,0,4,0,8,0,0,0,0,2,1,6,1,55,8,1796,1,10,-1,1,-1
201501RG49107,2,9,0,4,0,8,0,0,0,0,2,1,6,2,-1,-1,1598,2,5,-1,1,-1
201501RG49107,3,9,0,18,0,8,0,0,0,0,1,1,6,1,-1,-1,-1,-1,-1,-1,-1,-1
201501RG49108,1,9,0,18,0,0,0,7,0,0,4,1,6,1,21,5,1364,1,7,-1,-1,-1
201501RG49108,2,19,0,18,0,0,0,0,0,0,3,1,6,1,50,8,2198,2,2,-1,1,-1
201501RG49109,1,1,0,18,0,8,0,0,0,0,1,1,6,1,48,8,-1,-1,-1,-1,-1,-1
201501RG49109,2,20,0,7,0,8,0,0,0,0,4,1,6,1,-1,-1,2148,2,6,-1,-1,-1
201501RG49110,1,9,0,4,0,0,0,0,0,0,2,1,6,2,68,10,1591,1,6,-1,1,-1
201501RG49110,2,9,0,4,0,0,0,0,0,0,2,1,6,1,24,5,-1,-1,-1,-1,1,-1
201501RG49110,3,9,0,18,0,0,0,0,0,0,1,1,6,1,-1,-1,-1,-1,-1,-1,-1,-1
201501RG49113,1,9,0,18,0,0,0,0,0,0,3,1,6,1,28,6,-1,-1,-1,-1,1,-1
201501RG49114,1,9,0,7,0,8,0,0,0,0,3,1,6,1,22,5,1396,1,12,-1,1,-1
201501RG49114,2,1,0,18,0,8,0,0,0,0,1,1,6,1,-1,-1,-1,-1,-1,-1,-1,-1
201501RG49115,1,9,0,18,0,0,0,0,0,0,3,1,6,1,50,8,-1,-1,-1,-1,1,-1
201501RG49115,2,9,0,11,0,0,0,0,0,0,4,1,6,1,-1,-1,-1,-1,-1,-1,-1,-1
201501RG49137,1,3,0,9,0,8,0,0,0,0,4,1,6,1,38,7,114,1,1,-1,-1,-1
201501RG49137,2,9,0,9,0,8,0,0,0,0,1,1,6,1,44,7,1997,2,1,-1,1,-1
201501RG49141,1,9,0,4,0,1,0,0,0,0,1,1,6,2,48,8,1753,2,17,-1,-1,-1
201501RG49141,2,9,0,3,0,1,0,0,0,0,2,1,6,2,26,6,1582,2,5,-1,1,-1
201501RG49141,3,9,0,3,0,1,0,0,0,0,2,1,6,1,32,6,-1,-1,-1,-1,1,-1
201501RG49149,1,9,0,18,0,8,0,0,0,0,4,1,6,1,-1,-1,-1,-1,-1,-1,-1,-1
201501RG49150,1,9,0,18,0,8,0,0,0,0,1,1,6,1,-1,-1,-1,-1,-1,-1,-1,-1
201501RG49150,2,8,0,8,0,8,0,0,0,0,2,1,6,1,-1,-1,1598,1,8,-1,-1,-1