Accident_Index,Vehicle_Reference,Vehicle_Type,Towing_and_Articulation,Vehicle_Manoeuvre,Vehicle_Location-Restricted_Lane,Junction_Location,Skidding_and_Overturning,Hit_Object_in_Carriageway,Vehicle_Leaving_Carriageway,Hit_Object_off_Carriageway,1st_Point_of_Impact,Was_Vehicle_Left_Hand_Drive?,Journey_Purpose_of_Driver,Sex_of_Driver,Age_of_Driver,Age_Band_of_Driver,Engine_Capacity_(CC),Propulsion_Code,Age_of_Vehicle,Driver_IMD_Decile,Driver_Home_Area_Type,Vehicle_IMD_Decile
201501RG49157,1,9,0,18,0,8,0,0,0,0,4,1,6,2,25,5,1995,1,5,-1,1,-1
201501RG49157,2,9,0,9,0,8,0,0,0,0,1,1,6,1,-1,-1,1560,2,2,-1,-1,-1
201501RG49161,1,9,0,4,0,0,0,0,0,0,2,1,6,2,24,5,1229,1,1,-1,1,-1
201501RG49161,2,9,0,18,0,0,0,0,0,0,1,1,6,1,-1,-1,1984,1,13,-1,-1,-1
201501RG49162,1,9,0,18,0,0,0,0,0,0,4,1,6,1,20,4,1299,1,11,-1,1,-1
201501RG49162,2,11,0,2,0,0,0,0,0,0,2,1,6,1,-1,-1,4500,2,3,-1,-1,-1
201501RG49163,1,9,0,18,0,0,0,0,0,0,4,1,6,1,52,8,-1,-1,-1,-1,1,-1
201501RG49164,1,3,0,18,0,8,0,0,0,0,1,1,6,1,28,6,125,1,8,-1,1,-1
201501RG49164,2,20,0,9,0,8,0,0,0,0,4,1,6,1,50,8,-1,-1,-1,-1,1,-1
201501RG49196,1,9,0,18,0,8,0,0,0,0,4,1,6,1,50,8,2231,2,9,-1,1,-1
201501RG49196,2,9,0,18,0,8,0,0,0,0,1,1,6,1,-1,-1,998,1,5,-1,-1,-1
201501RG49197,1,9,0,18,0,8,0,0,0,0,3,1,6,1,24,5,-1,-1,-1,-1,1,-1
201501RG49197,2,3,0,15,0,8,0,0,0,0,4,1,6,2,35,6,-1,-1,-1,-1,1,-1
201501RG49750,1,9,0,18,0,0,0,0,0,0,4,1,6,1,34,6,1598,2,-1,-1,1,-1
201501RY10003,1,9,0,9,0,8,0,0,0,0,3,1,6,2,29,6,1388,1,12,-1,1,-1
201501RY10003,2,9,0,18,0,8,0,0,0,0,1,1,6,1,-1,-1,1600,1,15,-1,1,-1
201501RY10004,1,9,0,5,0,8,0,0,0,0,1,1,6,1,32,6,3189,1,7,-1,1,-1
201501RY10004,2,9,0,4,0,8,0,0,0,0,2,1,6,2,50,8,1248,1,1,-1,1,-1
201501RY10005,1,9,0,4,0,0,1,10,2,10,1,1,6,1,76,11,-1,-1,-1,-1,1,-1
201501RY10006,1,9,0,18,0,8,0,0,0,0,4,1,6,1,34,6,1686,2,6,-1,1,-1
201501RY10006,2,4,0,18,0,8,0,0,0,0,1,1,6,1,24,5,125,1,12,-1,1,-1
201501RY10007,1,1,0,18,0,0,0,0,0,0,3,1,6,1,50,8,-1,-1,-1,-1,-1,-1
201501RY10007,2,11,0,15,0,0,0,0,0,0,4,1,6,1,-1,-1,4500,2,7,-1,1,-1
201501RY10008,1,9,0,9,0,8,0,0,0,0,3,1,6,1,19,4,1199,1,13,-1,-1,-1
201501RY10008,2,9,0,18,0,8,0,0,0,0,1,1,6,1,70,10,-1,-1,-1,-1,1,-1
201501RY10009,1,2,0,18,0,0,0,4,0,0,3,1,6,1,19,4,49,1,14,-1,1,-1
201501RY10009,2,9,0,2,0,0,0,0,0,0,4,1,6,1,-1,-1,1596,1,12,-1,-1,-1
201501RY10011,1,19,0,4,0,0,0,0,0,0,2,1,6,1,44,7,1968,2,1,-1,1,-1
201501RY10011,2,9,0,18,0,0,0,0,0,0,1,1,6,1,-1,-1,1399,2,6,-1,1,-1
201501RY10012,1,9,0,18,0,8,0,0,0,0,4,1,6,2,30,6,1598,1,5,-1,1,-1
201501RY10013,1,9,0,18,0,8,0,4,0,0,1,1,6,1,24,5,-1,-1,-1,-1,1,-1
201501RY10013,2,9,0,18,0,8,0,0,0,0,1,1,6,1,-1,-1,-1,-1,-1,-1,-1,-1
201501RY10013,3,19,0,2,0,8,0,0,0,0,3,1,6,1,-1,-1,-1,-1,-1,-1,-1,-1
201501RY10014,1,9,0,9,0,8,0,0,0,0,3,1,6,1,23,5,1248,2,11,-1,1,-1
201501RY10014,2,9,0,18,0,8,0,0,0,0,1,1,6,1,46,8,1598,1,13,-1,1,-1
201501RY10015,1,19,0,18,0,8,0,0,0,0,1,1,6,1,-1,-1,2402,2,4,-1,-1,-1
201501RY10015,2,9,0,4,0,8,0,0,0,0,2,1,6,1,26,6,1984,1,9,-1,1,-1
201501RY10015,3,9,0,4,0,8,0,0,0,0,2,1,6,2,-1,-1,2993,2,5,-1,1,-1
201501RY10017,1,9,0,18,0,0,0,0,0,0,1,1,6,1,-1,-1,-1,-1,-1,-1,-1,-1
201501RY10017,2,1,0,4,0,0,0,0,0,0,2,1,6,1,36,7,-1,-1,-1,-1,1,-1
201501RY10018,1,8,0,5,0,0,0,0,0,0,3,1,6,1,-1,-1,1956,2,4,-1,-1,-1
201501RY10019,1,3,0,18,0,8,0,0,0,0,1,1,6,1,23,5,125,1,5,-1,1,-1
201501RY10019,2,9,0,18,0,8,0,0,0,0,3,1,6,1,76,11,1596,1,5,-1,1,-1
201501RY10020,1,9,0,4,0,0,0,0,0,0,2,1,6,1,46,8,1956,2,5,-1,1,-1
201501RY10020,2,9,0,4,0,0,0,0,0,0,2,1,6,1,42,7,-1,-1,-1,-1,1,-1
201501RY10020,3,9,0,4,0,0,0,0,0,0,2,1,6,1,35,6,-1,-1,-1,-1,3,-1
201501RY10020,4,9,0,18,0,0,0,0,0,0,1,1,6,1,55,8,1798,8,2,-1,3,-1
201501RY10021,1,9,0,18,0,0,0,0,0,0,1,1,6,2,55,8,1598,1,9,-1,1,-1
201501RY10022,1,9,0,7,0,8,0,0,0,0,4,1,6,1,42,7,1388,1,8,-1,1,-1
201501RY10022,2,1,0,18,0,8,0,0,0,0,1,1,6,1,16,4,-1,-1,-1,-1,1,-1
201501RY10023,1,9,0,18,0,8,0,0,0,0,3,1,6,2,41,7,-1,-1,-1,-1,1,-1
201501RY10023,2,9,0,11,0,8,0,0,0,0,1,1,6,1,46,8,1998,8,1,-1,2,-1
201501RY10025,1,9,0,18,0,8,0,0,0,0,4,1,6,1,35,6,-1,-1,-1,-1,3,-1
201501RY10026,1,9,0,4,0,8,0,0,0,0,2,1,6,2,59,9,1299,1,14,-1,1,-1
201501RY10026,2,3,0,18,0,8,0,0,0,0,1,1,6,1,-1,-1,125,1,3,-1,1,-1
201501RY10027,1,9,0,18,0,0,5,0,0,0,1,1,6,1,81,11,1329,1,6,-1,1,-1
201501RY10027,2,9,0,2,0,0,0,0,0,0,4,1,6,1,-1,-1,-1,-1,-1,-1,-1,-1
201501RY10028,1,9,0,9,0,8,0,0,0,0,4,1,6,1,59,9,2979,1,7,-1,1,-1
201501RY10028,2,9,0,18,0,8,0,0,0,0,1,1,6,1,20,4,1998,2,14,-1,1,-1
201501RY10029,1,9,0,4,0,0,0,0,0,0,2,1,6,2,48,8,1461,2,2,-1,1,-1
201501RY10029,2,9,0,18,0,0,0,0,0,0,1,1,6,1,26,6,-1,-1,-1,-1,1,-1
201501RY10030,1,9,0,18,0,0,0,0,0,0,3,1,6,1,34,6,2987,2,9,-1,1,-1
201501RY10030,2,9,0,18,0,0,0,0,0,0,3,1,6,1,-1,-1,1956,2,2,-1,-1,-1
201501RY10031,1,9,0,7,0,8,0,0,0,0,4,1,6,1,61,9,2544,1,16,-1,1,-1
201501RY10032,1,9,0,18,0,0,0,0,0,0,1,1,6,2,24,5,1796,1,11,-1,1,-1
201501RY10034,1,9,0,9,0,8,0,0,0,0,1,1,6,2,58,9,1368,1,9,-1,1,-1
201501RY10034,2,5,0,13,0,8,0,0,0,0,1,1,6,1,42,7,999,1,1,-1,1,-1
201501RY10035,1,11,0,4,0,0,0,0,0,0,0,1,6,1,32,6,6700,2,4,-1,1,-1
201501RY10036,1,9,0,4,0,0,0,0,0,0,2,1,6,1,51,8,1598,2,1,-1,1,-1
201501RY10036,2,9,0,4,0,0,0,0,0,0,2,1,6,1,23,5,-1,-1,-1,-1,-1,-1
201501RY10036,3,9,0,4,0,0,0,0,0,0,2,1,6,1,48,8,1896,2,13,-1,1,-1
201501RY10036,4,9,0,18,0,0,0,0,0,0,1,1,6,1,40,7,2295,1,13,-1,3,-1
201501RY10037,1,9,0,18,0,0,0,0,0,0,1,1,6,1,27,6,-1,-1,-1,-1,1,-1
201501RY10037,2,9,0,4,0,0,0,0,0,0,2,1,6,1,20,4,1560,2,7,-1,-1,-1
201501RY10038,1,9,0,3,0,8,0,0,0,0,2,1,6,2,50,8,-1,-1,-1,-1,1,-1
201501RY10038,2,9,0,5,0,8,0,0,0,0,1,1,6,1,30,6,2460,2,9,-1,1,-1
201501RY10039,1,9,0,18,0,0,0,0,0,0,4,1,6,1,-1,-1,-1,-1,-1,-1,-1,-1
201501RY10040,1,5,0,4,0,0,0,0,0,0,4,1,6,1,25,5,-1,-1,-1,-1,2,-1
201501RY10040,2,9,0,18,0,0,0,0,0,0,3,1,6,1,48,8,-1,-1,-1,-1,1,-1
201501RY10041,1,9,0,4,0,8,0,0,0,0,2,1,6,1,70,10,-1,-1,-1,-1,1,-1
201501RY10041,2,9,0,18,0,8,0,0,0,0,1,1,6,2,28,6,1149,1,8,-1,1,-1
201501RY10042,1,9,0,18,0,8,0,0,0,0,2,1,6,1,40,7,-1,-1,-1,-1,1,-1
201501RY10042,2,9,0,9,0,8,0,0,0,0,1,1,6,1,34,6,-1,-1,-1,-1,1,-1
201501RY10042,3,9,0,18,0,8,0,0,0,0,1,1,6,2,62,9,-1,-1,-1,-1,1,-1
201501RY10043,1,9,0,9,0,8,0,0,0,0,2,1,6,2,62,9,1248,2,10,-1,1,-1
201501RY10043,2,9,0,9,0,8,0,0,0,0,1,1,6,1,-1,-1,1796,1,12,-1,-1,-1
201501RY10044,1,9,0,9,0,8,0,0,0,0,4,1,6,2,21,5,1199,1,1,-1,1,-1
201501RY10044,2,19,0,18,0,8,0,0,0,0,1,1,6,1,46,8,1499,2,1,-1,1,-1
201501RY10045,1,9,0,9,0,8,0,0,0,0,3,1,6,2,28,6,998,1,1,-1,1,-1
201501RY10046,1,9,0,9,0,8,0,0,0,0,1,1,6,2,36,7,-1,-1,-1,-1,-1,-1
201501RY10046,2,9,0,18,0,8,0,0,0,0,1,1,6,2,36,7,1994,1,17,-1,1,-1
201501RY10047,1,9,0,18,0,1,0,0,0,0,1,1,6,3,-1,-1,-1,-1,-1,-1,-1,-1
201501RY10048,1,9,0,9,0,8,0,0,0,0,1,1,6,1,55,8,-1,-1,-1,-1,-1,-1
201501RY10048,2,9,0,18,0,8,0,0,0,0,2,1,6,1,22,5,-1,-1,-1,-1,1,-1
201501RY10049,1,9,0,18,0,8,0,0,0,0,1,1,6,1,30,6,1968,2,1,-1,1,-1
201501RY10050,1,9,0,10,0,8,0,0,0,0,1,1,6,1,38,7,1999,1,8,-1,1,-1
201501RY10050,2,9,0,9,0,8,0,0,0,0,4,1,6,1,65,9,1997,2,2,-1,-1,-1
201501RY10050,3,9,0,18,0,8,0,0,0,0,1,1,6,1,46,8,-1,-1,-1,-1,1,-1
201501RY10051,1,9,0,18,0,8,0,0,0,0,2,1,6,2,55,8,998,1,1,-1,1,-1
201501RY10051,2,9,0,4,0,8,0,0,0,0,1,1,6,1,-1,-1,-1,-1,-1,-1,1,-1
201501RY10052,1,3,0,6,0,8,0,0,0,0,3,1,6,1,34,6,686,1,7,-1,1,-1
201501RY10053,1,9,0,18,0,8,0,0,0,0,1,1,6,1,28,6,-1,-1,-1,-1,1,-1
201501RY10053,2,5,0,4,0,8,0,0,0,0,2,1,6,1,34,6,599,1,17,-1,1,-1
201501RY10055,1,9,0,18,0,8,0,0,0,0,3,1,6,1,46,8,1870,2,7,-1,1,-1
201501RY10057,1,9,0,18,0,0,0,0,0,0,3,1,6,2,22,5,1388,1,10,-1,1,-1
201501RY10057,2,9,0,15,0,0,0,0,0,0,4,1,6,1,-1,-1,1968,2,6,-1,-1,-1
201501RY10058,1,9,0,12,0,0,0,0,0,0,3,1,6,1,54,8,1997,2,3,-1,1,-1
201501RY10058,2,5,0,18,0,0,0,0,0,0,1,1,6,1,46,8,-1,-1,-1,-1,1,-1
201501RY10059,1,9,0,18,0,0,0,0,0,0,3,1,6,1,-1,-1,-1,-1,-1,-1,-1,-1
201501RY10060,1,9,0,18,0,0,0,4,0,0,4,1,6,1,42,7,-1,-1,-1,-1,1,-1
201501RY10060,2,9,0,2,0,0,0,0,0,0,1,1,6,1,63,9,-1,-1,-1,-1,1,-1
201501RY10062,1,9,0,9,0,8,0,0,0,0,1,1,6,1,19,4,973,1,12,-1,1,-1
201501RY10062,2,9,0,18,0,8,0,0,0,0,1,1,6,1,22,5,-1,-1,-1,-1,1,-1
201501RY10063,1,1,0,18,0,8,0,0,0,0,1,1,6,1,49,8,-1,-1,-1,-1,1,-1
201501RY10063,2,9,0,18,0,8,0,0,0,0,3,1,6,1,-1,-1,-1,-1,-1,-1,-1,-1
201501RY10064,1,3,0,18,0,0,0,0,0,0,1,1,6,1,19,4,-1,-1,-1,-1,-1,-1
201501RY10064,2,9,0,5,0,0,0,0,0,0,3,1,6,1,52,8,1390,1,12,-1,1,-1
201501RY10065,1,9,0,18,0,8,0,9,1,1,1,1,6,1,35,6,-1,-1,-1,-1,1,-1
201501RY10067,1,19,0,18,0,0,0,0,0,0,3,1,6,1,55,8,10518,2,2,-1,1,-1
201501RY10067,2,9,0,15,0,0,0,0,0,0,4,1,6,2,46,8,1998,1,15,-1,1,-1
201501RY10068,1,11,0,5,0,8,0,0,0,0,0,1,6,1,42,7,4500,2,1,-1,1,-1
201501RY10069,1,11,0,18,0,0,0,0,0,0,4,1,1,1,54,8,6700,2,4,-1,-1,-1
201501RY10071,1,9,0,18,0,0,0,0,0,0,2,1,6,2,42,7,2231,2,10,-1,1,-1
201501RY10071,2,9,0,18,0,0,0,0,0,0,1,1,6,1,-1,-1,-1,-1,-1,-1,-1,-1
201501RY10072,1,9,0,18,0,0,0,0,0,0,1,1,6,1,-1,-1,998,1,4,-1,-1,-1
201501RY10072,2,9,0,4,0,0,0,0,0,0,2,1,6,1,33,6,2231,2,8,-1,-1,-1
201501RY10073,1,5,0,18,0,1,0,0,0,0,0,1,6,1,62,9,600,1,3,-1,2,-1
201501RY10074,1,9,0,18,0,0,0,0,0,0,4,1,6,1,-1,-1,-1,-1,-1,-1,-1,-1
201501RY10075,1,9,0,18,0,8,0,0,0,0,1,1,6,2,38,7,-1,-1,-1,-1,1,-1
201501RY10075,2,9,0,4,0,8,0,0,0,0,2,1,6,1,40,7,-1,-1,-1,-1,1,-1
201501RY10076,1,11,0,5,0,0,0,0,0,0,3,1,6,1,58,9,4500,2,6,-1,1,-1
201501RY10076,2,9,0,18,0,0,0,0,0,0,1,1,6,1,45,7,-1,-1,-1,-1,1,-1
201501RY10078,1,9,0,18,0,0,0,0,0,0,1,1,6,2,40,7,-1,-1,-1,-1,1,-1
201501RY10078,2,9,0,4,0,0,0,0,0,0,2,1,6,1,22,5,1968,2,1,-1,1,-1
201501RY10078,3,9,0,18,0,0,0,0,0,0,1,1,6,1,42,7,-1,-1,-1,-1,1,-1
201501RY10079,1,9,0,18,0,0,0,0,0,0,3,1,6,2,28,6,1598,1,15,-1,1,-1
201501RY10079,2,20,0,11,0,0,0,0,0,0,4,1,1,1,54,8,-1,-1,-1,-1,-1,-1
201501RY10080,1,11,0,4,0,8,0,0,0,0,0,1,6,1,46,8,6700,2,4,-1,1,-1
201501RY10081,1,9,0,7,0,8,0,0,0,0,1,1,6,1,25,5,-1,-1,-1,-1,1,-1
201501RY10082,1,19,0,18,0,0,0,0,0,0,1,1,6,1,53,8,2198,2,3,-1,1,-1
201501RY10082,2,9,0,18,0,0,0,0,0,0,1,1,6,1,45,7,-1,-1,-1,-1,1,-1
201501RY10084,1,20,0,18,0,8,0,0,0,0,1,1,6,1,28,6,-1,-1,-1,-1,2,-1
201501RY10084,2,9,0,9,0,8,0,0,0,0,4,1,6,2,43,7,1390,1,5,-1,1,-1
201501RY10085,1,9,0,18,0,8,0,0,0,0,1,1,6,2,38,7,1984,1,5,-1,-1,-1
201501RY10085,2,9,0,18,0,8,0,0,0,0,1,1,6,2,28,6,698,1,11,-1,1,-1
201501RY10086,1,9,0,18,0,0,0,10,1,10,1,1,6,1,58,9,-1,-1,-1,-1,-1,-1
201501RY10087,1,9,0,18,0,0,0,0,0,0,3,1,6,1,38,7,1061,1,11,-1,1,-1
201501RY10087,2,9,0,11,0,0,0,0,0,0,4,1,6,1,-1,-1,1598,1,7,-1,-1,-1
201501RY10088,1,3,0,18,0,8,0,0,0,0,1,1,6,1,19,4,124,1,6,-1,1,-1
201501RY10088,2,9,0,9,0,8,0,0,0,0,3,1,6,1,34,6,2993,2,4,-1,1,-1
201501RY10089,1,9,0,18,0,0,0,0,0,0,4,1,6,1,-1,-1,-1,-1,-1,-1,-1,-1
201501RY10090,1,9,0,18,0,8,0,0,0,0,4,1,6,1,22,5,-1,-1,-1,-1,1,-1
201501RY10090,2,9,0,18,0,8,0,0,0,0,1,1,6,1,-1,-1,-1,-1,-1,-1,-1,-1
201501RY10091,1,9,0,9,0,8,0,0,0,0,4,1,6,2,26,6,1598,1,5,-1,1,-1
201501RY10091,2,5,0,18,0,8,0,0,0,0,1,1,6,1,40,7,1237,1,4,-1,3,-1
201501RY10092,1,9,0,9,0,0,0,0,0,0,4,1,6,2,42,7,1560,2,8,-1,1,-1
201501RY10092,2,3,0,18,0,0,0,0,0,0,1,1,6,1,20,4,124,1,1,-1,1,-1
201501RY10093,1,9,0,7,0,8,0,0,0,0,1,1,6,1,62,9,1956,2,1,-1,-1,-1
201501RY10093,2,1,0,18,9,8,0,0,0,0,3,1,6,1,-1,-1,-1,-1,-1,-1,1,-1
201501RY10096,1,9,0,4,0,8,0,0,0,0,2,1,6,2,42,7,1896,2,9,-1,1,-1
201501RY10096,2,9,0,18,0,8,0,0,0,0,1,1,6,1,-1,-1,1796,1,14,-1,-1,-1
201501RY10097,1,9,0,18,0,8,0,0,0,0,1,1,6,1,35,6,1598,1,8,-1,1,-1
201501RY10097,2,9,0,4,0,8,0,0,0,0,2,1,6,1,60,9,-1,-1,-1,-1,1,-1
201501RY10098,1,9,0,18,0,0,0,0,0,0,4,1,6,2,46,8,1390,1,6,-1,1,-1
201501RY10099,1,3,0,9,0,8,0,0,0,0,3,1,6,1,52,8,124,1,14,-1,1,-1
201501RY10099,2,9,0,18,0,8,0,0,0,0,1,1,6,1,29,6,1984,1,12,-1,1,-1
201501RY10100,1,9,0,18,0,0,0,0,0,0,4,1,6,1,42,7,-1,-1,-1,-1,1,-1
201501RY10101,1,9,0,1,9,0,0,0,0,0,2,1,6,1,-1,-1,1896,2,6,-1,-1,-1
201501RY10102,1,9,0,18,0,8,0,0,0,0,3,1,6,2,59,9,973,1,12,-1,1,-1
201501RY10102,2,9,0,18,0,8,0,0,0,0,4,1,6,1,-1,-1,1398,1,12,-1,-1,-1
201501RY10103,1,9,0,18,0,8,0,0,0,0,1,1,6,1,-1,-1,-1,-1,-1,-1,-1,-1
201501RY10104,1,9,0,18,0,8,0,0,0,0,1,1,6,2,40,7,-1,-1,-1,-1,1,-1
201501RY10104,2,2,0,18,0,8,0,0,0,0,1,1,6,1,22,5,124,1,10,-1,1,-1
201501RY10105,1,9,0,4,0,8,0,0,0,0,2,1,6,1,61,9,-1,-1,-1,-1,1,-1
201501RY10105,2,9,0,4,0,8,0,0,0,0,2,1,6,2,42,7,2987,2,10,-1,1,-1
201501RY10105,3,9,0,18,0,8,0,0,0,0,1,1,6,1,36,7,-1,-1,-1,-1,1,-1
201501RY10107,1,9,0,9,0,8,0,0,0,0,1,1,6,2,50,8,1598,1,3,-1,1,-1
201501RY10107,2,3,0,18,0,8,0,0,0,0,1,1,6,1,38,7,125,1,7,-1,1,-1
201501RY10108,1,9,0,18,0,8,0,0,0,0,4,1,6,1,23,5,1389,1,13,-1,2,-1
201501RY10108,2,21,0,12,0,8,0,0,0,0,3,1,6,1,55,8,-1,-1,-1,-1,-1,-1
201501RY10109,1,1,0,18,0,8,0,0,0,0,3,1,6,2,10,2,-1,-1,-1,-1,-1,-1
201501RY10109,2,9,0,18,0,8,0,0,0,0,4,1,6,2,36,7,1598,1,4,-1,1,-1
201501RY10110,1,19,0,6,0,8,0,0,0,0,3,1,6,1,49,8,-1,-1,-1,-1,1,-1
201501RY10110,2,9,0,18,0,8,0,0,0,0,1,1,6,1,-1,-1,3200,1,8,-1,-1,-1
201501RY10111,1,3,0,18,0,0,0,0,0,0,3,1,6,1,24,5,124,1,-1,-1,1,-1
201501RY10112,1,9,0,4,0,8,0,0,0,0,2,1,6,2,36,7,1598,1,10,-1,-1,-1
201501RY10112,2,5,0,18,0,8,0,0,0,0,1,1,6,1,25,5,675,1,1,-1,1,-1
201501RY10112,3,9,0,18,0,8,0,0,0,0,1,1,6,2,25,5,1149,1,12,-1,1,-1
201501RY10113,1,5,0,18,0,8,0,0,0,0,1,1,6,1,61,9,1690,1,1,-1,1,-1
201501RY10113,2,9,0,4,0,8,0,0,0,0,2,1,6,1,33,6,1995,2,1,-1,1,-1
201501RY10114,1,9,0,11,0,0,0,0,0,0,4,1,6,2,22,5,1968,2,6,-1,1,-1
201501RY10114,2,3,0,18,0,0,0,0,0,0,3,1,6,1,-1,-1,999,1,10,-1,1,-1
201501RY10115,1,9,0,4,0,0,0,0,0,0,2,1,6,1,26,6,1398,1,4,-1,1,-1
201501RY10115,2,9,0,18,0,0,0,0,0,0,1,1,6,1,-1,-1,-1,-1,-1,-1,1,-1
201501RY10117,1,9,0,18,0,8,0,0,0,0,1,1,6,1,-1,-1,-1,-1,-1,-1,-1,-1
201501RY10118,1,1,0,18,0,8,0,0,0,0,1,1,6,1,26,6,-1,-1,-1,-1,1,-1
201501RY10119,1,9,0,3,0,0,0,0,0,0,3,1,6,2,45,7,1596,1,8,-1,-1,-1
201501RY10119,2,9,0,18,0,0,0,0,0,0,4,1,6,2,28,6,1390,1,11,-1,1,-1
201501RY10119,3,20,0,3,0,0,0,0,0,0,3,1,6,1,41,7,4500,2,8,-1,1,-1
201501RY10120,1,9,0,9,0,8,0,0,0,0,3,1,6,1,41,7,2685,2,14,-1,1,-1
201501RY10120,2,3,0,18,0,8,0,0,0,0,1,1,6,1,19,4,125,1,1,-1,1,-1
201501RY10121,1,9,0,18,0,0,0,10,1,2,4,1,6,2,23,5,1149,1,3,-1,1,-1
201501RY10122,1,3,0,18,0,8,0,10,1,10,4,1,6,1,28,6,-1,-1,-1,-1,1,-1
201501RY10123,1,19,0,18,0,0,0,0,0,0,1,1,6,2,25,5,-1,-1,-1,-1,1,-1
201501RY10123,2,5,0,5,0,0,0,0,0,0,3,1,6,1,55,8,1170,1,1,-1,1,-1
201501RY10124,1,9,0,18,0,8,0,0,0,0,1,1,6,1,46,8,-1,-1,-1,-1,1,-1
201501RY10124,2,9,0,4,0,8,0,0,0,0,2,1,6,1,42,7,1997,2,7,-1,1,-1
201501RY10125,1,9,0,9,0,8,0,0,0,0,3,1,6,1,-1,-1,1390,1,16,-1,-1,-1
201501RY10125,2,9,0,18,0,8,0,0,0,0,1,1,6,1,-1,-1,-1,-1,-1,-1,-1,-1
201501RY10127,1,3,0,18,0,0,0,0,0,0,1,1,6,1,31,6,124,1,5,-1,1,-1
201501RY10127,2,9,0,5,0,0,0,0,0,0,3,1,6,1,-1,-1,-1,-1,-1,-1,-1,-1
201501RY10128,1,9,0,18,0,0,0,10,1,7,4,1,6,1,28,6,1796,1,4,-1,1,-1
201501RY10130,1,9,0,18,0,0,0,0,0,0,1,1,6,1,-1,-1,-1,-1,-1,-1,-1,-1
201501RY10131,1,9,0,18,0,8,0,0,0,0,1,1,6,1,46,8,1299,1,12,-1,1,-1
201501RY10131,2,9,0,2,0,8,0,0,0,0,2,1,6,1,-1,-1,1199,1,13,-1,-1,-1
201501RY10132,1,9,0,18,0,8,0,0,0,0,4,1,6,1,40,7,2799,1,17,-1,1,-1
201501RY10132,2,1,0,18,0,8,0,0,0,0,3,1,6,2,20,4,-1,-1,-1,-1,1,-1
201501RY10133,1,9,0,18,0,0,0,4,0,0,1,1,6,2,20,4,1398,2,12,-1,1,-1
201501RY10133,2,9,0,2,0,0,0,0,0,0,2,1,6,2,50,8,1998,1,13,-1,1,-1
201501RY10134,1,9,0,18,0,0,0,0,0,0,1,1,6,2,40,7,1242,1,-1,-1,1,-1
201501RY10134,2,9,0,4,0,0,0,0,0,0,2,1,6,2,42,7,2597,1,12,-1,-1,-1
201501RY10135,1,9,0,18,0,8,0,0,0,0,4,1,6,1,45,7,1898,1,14,-1,-1,-1
201501RY10136,1,9,0,18,0,0,0,0,0,0,3,1,6,2,46,8,1388,1,8,-1,1,-1
201501RY10136,2,9,0,18,0,0,0,0,0,0,3,1,6,1,29,6,-1,-1,-1,-1,-1,-1
201501RY10137,1,9,0,3,0,8,0,0,0,0,4,1,6,1,28,6,1587,1,16,-1,1,-1
201501RY10138,1,3,0,15,0,8,0,0,0,0,1,1,6,1,20,4,125,1,4,-1,1,-1
201501RY10138,2,9,0,9,0,8,0,0,0,0,3,1,6,2,62,9,1799,1,7,-1,1,-1
201501RY10139,1,9,0,18,0,8,0,0,0,0,4,1,6,1,41,7,1997,1,11,-1,1,-1
201501RY10140,1,2,0,18,0,8,0,0,0,0,1,1,6,2,-1,-1,49,1,10,-1,1,-1
201501RY10140,2,9,0,4,0,8,0,0,0,0,2,1,6,1,25,5,1199,1,13,-1,1,-1
201501RY10141,1,9,0,18,0,8,0,0,0,0,4,1,6,1,24,5,-1,-1,-1,-1,-1,-1
201501RY10141,2,9,0,18,0,8,0,0,0,0,1,1,6,1,-1,-1,2497,2,8,-1,-1,-1
201501RY10143,1,11,0,18,0,8,0,0,0,0,0,1,1,1,55,8,4500,2,7,-1,1,-1
201501RY10144,1,9,0,6,0,0,0,0,0,0,3,1,6,1,29,6,1905,2,18,-1,-1,-1
201501RY10144,2,5,0,18,0,0,0,0,0,0,1,1,6,1,43,7,645,1,1,-1,1,-1
201501RY10146,1,9,0,18,0,8,0,0,0,0,1,1,6,2,55,8,995,1,11,-1,1,-1
201501RY10146,2,9,0,9,0,8,0,0,0,0,3,1,6,2,18,4,1242,1,15,-1,1,-1
201501RY10148,1,5,0,7,0,8,0,0,0,0,3,1,6,1,-1,-1,749,1,14,-1,1,-1
201501RY10149,1,9,0,18,0,8,0,0,0,0,1,1,6,1,42,7,1896,2,12,-1,1,-1
201501RY10150,1,9,0,2,0,0,0,0,0,0,3,1,6,2,26,6,1596,1,1,-1,1,-1
201501RY10150,2,9,0,15,0,0,0,0,0,0,4,1,6,2,-1,-1,1796,1,10,-1,-1,-1
201501RY10151,1,9,0,4,0,8,0,0,0,0,2,1,6,1,30,6,1995,1,4,-1,1,-1
201501RY10151,2,9,0,18,0,8,0,0,0,0,1,1,6,1,-1,-1,-1,-1,-1,-1,-1,-1
201501RY10152,1,9,0,18,0,8,0,0,0,0,1,1,6,1,32,6,2494,1,12,-1,1,-1
201501RY10152,2,9,0,9,0,8,0,0,0,0,1,1,6,2,66,10,1242,1,14,-1,-1,-1
201501RY10153,1,9,0,6,0,8,0,0,0,0,3,1,6,1,58,9,1489,1,19,-1,1,-1
201501RY10153,2,9,0,18,0,8,0,0,0,0,1,1,6,2,19,4,1242,1,1,-1,1,-1
201501RY10154,1,9,0,18,0,8,0,0,0,0,4,1,6,2,25,5,1598,1,7,-1,1,-1
201501RY10154,2,9,0,18,0,8,0,0,0,0,1,1,6,1,42,7,1998,1,12,-1,1,-1
201501RY10155,1,9,0,18,0,0,0,0,0,0,3,1,6,1,42,7,1229,1,1,-1,1,-1
201501RY10155,2,20,0,11,0,0,0,0,0,0,4,1,6,1,35,6,-1,-1,-1,-1,1,-1
201501RY10158,1,9,0,18,0,8,0,0,0,0,1,1,6,1,-1,-1,-1,-1,-1,-1,1,-1
201501RY10158,2,9,0,4,0,8,0,0,0,0,2,1,6,2,53,8,-1,-1,-1,-1,1,-1