Accident_Index,Vehicle_Reference,Vehicle_Type,Towing_and_Articulation,Vehicle_Manoeuvre,Vehicle_Location-Restricted_Lane,Junction_Location,Skidding_and_Overturning,Hit_Object_in_Carriageway,Vehicle_Leaving_Carriageway,Hit_Object_off_Carriageway,1st_Point_of_Impact,Was_Vehicle_Left_Hand_Drive?,Journey_Purpose_of_Driver,Sex_of_Driver,Age_of_Driver,Age_Band_of_Driver,Engine_Capacity_(CC),Propulsion_Code,Age_of_Vehicle,Driver_IMD_Decile,Driver_Home_Area_Type,Vehicle_IMD_Decile
201501RY10159,1,2,0,18,0,0,0,0,0,0,1,1,6,1,45,7,124,1,21,-1,1,-1
201501RY10159,2,9,0,6,0,0,0,0,0,0,3,1,6,2,33,6,1598,1,10,-1,1,-1
201501RY10160,1,9,0,18,0,8,0,0,0,0,1,1,6,1,30,6,-1,-1,-1,-1,1,-1
201501RY10160,2,9,0,4,0,8,0,0,0,0,2,1,6,1,42,7,1560,2,6,-1,1,-1
201501RY10161,1,9,0,18,0,8,0,0,0,0,4,1,6,1,-1,-1,-1,-1,-1,-1,-1,-1
201501RY10161,2,1,0,18,0,8,0,0,0,0,3,1,6,2,20,4,-1,-1,-1,-1,1,-1
201501RY10162,1,9,0,18,0,8,0,0,0,0,4,1,6,1,17,4,1124,1,14,-1,-1,-1
201501RY10162,2,9,0,18,0,8,0,0,0,0,1,1,6,2,22,5,1796,1,12,-1,1,-1
201501RY10163,1,9,0,18,0,8,0,0,0,0,4,1,6,2,46,8,1973,1,17,-1,1,-1
201501RY10164,1,9,0,18,0,0,0,0,0,0,1,1,6,1,41,7,2143,2,4,-1,1,-1
201501RY10165,1,9,0,2,0,8,0,0,0,0,3,1,6,1,30,6,1360,1,15,-1,1,-1
201501RY10165,2,9,0,18,0,8,0,0,0,0,1,1,6,1,26,6,1422,2,6,-1,-1,-1
201501RY10166,1,9,0,18,0,0,0,10,1,4,4,1,6,1,32,6,-1,-1,-1,-1,-1,-1
201501RY10167,1,9,0,2,0,0,0,0,0,0,3,1,6,1,25,5,1995,2,8,-1,1,-1
201501RY10167,2,1,0,18,0,0,0,0,0,0,1,1,6,1,38,7,-1,-1,-1,-1,1,-1
201501RY10168,1,3,0,16,0,8,0,0,0,0,3,1,6,1,-1,-1,125,1,2,-1,1,-1
201501RY10168,2,9,0,17,0,8,0,0,0,0,3,1,6,1,30,6,1995,2,12,-1,1,-1
201501RY10169,1,9,0,18,0,8,0,0,0,0,4,1,6,1,26,6,1229,1,9,-1,1,-1
201501RY10169,2,9,0,18,0,8,0,0,0,0,1,1,1,1,-1,-1,-1,-1,-1,-1,-1,-1
201501RY10170,1,1,0,18,0,8,0,0,0,0,1,1,6,1,55,8,-1,-1,-1,-1,1,-1
201501RY10170,2,9,0,9,0,8,0,0,0,0,4,1,6,1,76,11,1360,1,11,-1,1,-1
201501RY10171,1,9,0,18,0,8,0,0,0,0,1,1,6,2,24,5,1197,1,-1,-1,2,-1
201501RY10171,2,9,0,9,0,8,0,0,0,0,4,1,6,1,41,7,1796,1,10,-1,1,-1
201501RY10172,1,9,0,18,0,0,0,0,0,0,1,1,6,2,24,5,1598,1,10,-1,1,-1
201501RY10172,2,9,0,4,0,0,0,0,0,0,2,1,6,2,43,7,1124,1,14,-1,1,-1
201501RY10174,1,21,0,18,0,0,0,0,0,0,1,1,6,1,52,8,12777,2,3,-1,-1,-1
201501RY10174,2,90,0,2,0,0,0,0,0,0,4,1,6,1,-1,-1,3990,2,4,-1,-1,-1
201501RY10175,1,9,0,18,0,8,0,0,0,0,4,1,6,2,40,7,1796,1,15,-1,1,-1
201501RY10177,1,3,0,18,0,0,0,0,0,0,3,1,6,1,26,6,125,1,-1,-1,1,-1
201501RY10177,2,9,0,15,0,0,0,0,0,0,4,1,6,1,-1,-1,-1,-1,-1,-1,-1,-1
201501RY10179,1,3,0,18,0,8,0,0,0,0,1,1,6,1,24,5,124,1,2,-1,-1,-1
201501RY10179,2,9,0,9,0,8,0,0,0,0,3,1,6,1,22,5,2143,2,1,-1,1,-1
201501RY10180,1,9,0,4,0,8,0,0,0,0,2,1,6,1,50,8,-1,-1,-1,-1,1,-1
201501RY10180,2,11,0,4,0,3,0,0,0,0,1,1,1,1,36,7,9200,2,11,-1,1,-1
201501RY10180,3,9,0,4,0,8,0,0,0,0,2,1,6,1,38,7,-1,-1,-1,-1,2,-1
201501RY10181,1,3,0,4,0,0,0,0,0,0,2,1,6,1,20,4,-1,-1,-1,-1,1,-1
201501RY10181,2,9,0,18,0,0,0,0,0,0,1,1,6,1,-1,-1,1968,2,7,-1,1,-1
201501RY10182,1,9,0,6,0,0,0,0,0,0,4,1,6,1,-1,-1,-1,-1,-1,-1,-1,-1
201501RY10186,1,19,0,4,0,8,0,0,0,0,2,1,6,1,36,7,2198,2,1,-1,1,-1
201501RY10186,2,9,0,18,0,8,0,0,0,0,1,1,6,1,36,7,1896,2,8,-1,1,-1
201501RY10187,1,1,0,18,0,1,0,0,0,0,2,1,6,1,26,6,-1,-1,-1,-1,1,-1
201501RY10187,2,9,0,18,0,1,0,0,0,0,1,1,6,1,48,8,-1,-1,-1,-1,1,-1
201501RY10188,1,9,0,1,0,0,0,0,0,0,2,1,6,1,42,7,1910,2,5,-1,1,-1
201501RY10188,2,9,0,2,0,0,0,0,0,0,1,1,6,1,-1,-1,-1,-1,-1,-1,-1,-1
201501RY10189,1,9,0,18,0,0,0,0,0,0,4,1,6,1,64,9,-1,-1,-1,-1,1,-1
201501RY10190,1,9,0,5,0,0,0,0,0,0,2,1,6,2,36,7,1596,1,7,-1,1,-1
201501RY10190,2,3,0,18,0,0,0,0,0,0,1,1,6,1,19,4,124,1,2,-1,1,-1
201501RY10191,1,9,0,18,0,8,0,0,0,0,4,1,6,1,21,5,-1,-1,-1,-1,1,-1
201501RY10191,2,3,0,9,0,8,0,0,0,0,3,1,6,1,52,8,-1,-1,-1,-1,1,-1
201501RY10192,1,9,0,18,0,8,0,0,0,0,1,1,6,2,64,9,1995,2,-1,-1,-1,-1
201501RY10192,2,9,0,4,0,8,0,0,0,0,2,1,6,1,66,10,2720,2,10,-1,1,-1
201501RY10193,1,9,0,4,0,8,0,0,0,0,2,1,6,2,45,7,-1,-1,-1,-1,1,-1
201501RY10193,2,19,0,18,0,8,0,0,0,0,1,1,6,1,-1,-1,-1,-1,-1,-1,-1,-1
201501RY10194,1,9,0,18,0,8,0,0,0,0,4,1,6,1,30,6,-1,-1,-1,-1,1,-1
201501RY10194,2,9,0,9,0,8,0,0,0,0,1,1,6,2,66,10,1461,2,1,-1,1,-1
201501RY10195,1,9,0,4,0,0,0,0,0,0,2,1,6,1,-1,-1,-1,-1,-1,-1,-1,-1
201501RY10195,2,9,0,4,0,0,0,0,0,0,2,1,6,2,-1,-1,1595,1,9,-1,1,-1
201501RY10195,3,9,0,18,0,0,0,0,0,0,1,1,6,1,26,6,1956,2,6,-1,1,-1
201501RY10196,1,9,0,6,0,8,0,10,1,10,4,1,6,2,61,9,1390,1,6,-1,1,-1
201501RY10199,1,3,0,7,0,8,0,0,0,0,3,1,6,1,28,6,675,1,3,-1,1,-1
201501RY10199,2,8,0,3,0,8,0,0,0,0,3,1,1,1,44,7,2499,2,5,-1,-1,-1
201501RY10200,1,9,0,18,0,2,0,10,0,0,1,1,6,1,22,5,1242,1,7,-1,1,-1
201501RY10200,2,9,0,18,0,1,0,0,0,0,1,1,6,2,-1,-1,1149,1,2,-1,-1,-1
201501RY10201,1,9,0,4,0,8,0,0,0,0,3,1,6,2,53,8,1596,1,-1,-1,-1,-1
201501RY10201,2,1,0,15,0,8,0,0,0,0,4,1,6,1,48,8,-1,-1,-1,-1,1,-1
201501RY10202,1,5,0,18,0,8,0,0,0,0,1,1,6,1,36,7,125,1,8,-1,1,-1
201501RY10202,2,9,0,7,0,8,0,0,0,0,2,1,6,2,36,7,-1,-1,-1,-1,1,-1
201501RY10203,1,9,0,18,0,0,0,0,0,0,2,1,6,1,31,6,1968,2,6,-1,1,-1
201501RY10203,2,9,0,18,0,0,0,0,0,0,2,1,6,1,22,5,-1,-1,-1,-1,1,-1
201501RY10203,3,19,0,18,0,0,0,0,0,0,1,1,6,1,29,6,-1,-1,-1,-1,1,-1
201501RY10204,1,1,0,18,0,8,0,0,0,0,1,1,6,1,33,6,-1,-1,-1,-1,1,-1
201501RY10204,2,9,0,7,0,8,0,0,0,0,2,1,6,2,-1,-1,-1,-1,-1,-1,1,-1
201501RY10205,1,9,0,18,0,0,0,0,0,0,1,1,6,2,52,8,-1,-1,-1,-1,1,-1
201501RY10205,2,8,0,4,0,0,0,0,0,0,2,1,6,1,38,7,2402,2,10,-1,1,-1
201501RY10206,1,9,0,4,0,8,0,0,0,0,2,1,6,2,66,10,1598,1,3,-1,1,-1
201501RY10206,2,9,0,18,0,8,0,0,0,0,1,1,6,1,-1,-1,-1,-1,-1,-1,-1,-1
201501RY10207,1,9,0,9,0,8,0,0,0,0,1,1,6,2,46,8,1999,1,8,-1,1,-1
201501RY10207,2,9,0,10,0,8,0,0,0,0,1,1,6,2,17,4,-1,-1,-1,-1,1,-1
201501RY10208,1,9,0,18,0,0,0,0,0,0,1,1,6,2,36,7,1986,2,9,-1,1,-1
201501RY10208,2,9,0,6,0,0,0,0,0,0,3,1,6,2,31,6,1598,1,15,-1,1,-1
201501RY10208,3,9,0,2,0,0,0,0,0,0,3,1,6,1,-1,-1,1995,2,5,-1,1,-1
201501RY10209,1,9,0,9,0,8,0,0,0,0,3,1,6,2,28,6,-1,-1,-1,-1,1,-1
201501RY10209,2,9,0,18,0,8,0,0,0,0,1,1,6,1,-1,-1,-1,-1,-1,-1,-1,-1
201501RY10210,1,9,0,4,0,8,0,0,0,0,2,1,6,1,55,8,1956,2,4,-1,1,-1
201501RY10210,2,9,0,18,0,8,0,0,0,0,1,1,6,1,31,6,998,1,9,-1,1,-1
201501RY10211,1,9,0,2,0,8,0,0,0,0,2,1,6,1,70,10,-1,-1,-1,-1,1,-1
201501RY10211,2,9,0,18,0,8,0,10,1,10,4,1,6,2,-1,-1,1248,1,3,-1,1,-1
201501RY10212,1,3,0,18,0,8,0,0,0,0,3,1,6,1,23,5,125,1,7,-1,1,-1
201501RY10212,2,9,0,18,0,8,0,0,0,0,4,1,6,1,-1,-1,-1,-1,-1,-1,-1,-1
201501RY10213,1,9,0,2,0,0,0,0,0,0,2,1,6,1,50,8,-1,-1,-1,-1,1,-1
201501RY10213,2,9,0,18,0,0,0,0,0,0,2,1,6,1,54,8,1796,1,13,-1,1,-1
201501RY10213,3,9,0,2,0,0,0,0,0,0,3,1,6,1,26,6,1598,2,1,-1,1,-1
201501RY10214,1,9,0,11,0,0,0,0,0,0,2,1,6,1,-1,-1,1994,2,7,-1,1,-1
201501RY10214,2,19,0,4,0,0,0,0,0,0,2,1,6,1,40,7,2198,2,-1,-1,1,-1
201501RY10214,3,19,0,4,0,0,0,0,0,0,1,1,6,1,26,6,1753,2,3,-1,1,-1
201501RY10215,1,9,0,18,0,0,0,0,0,0,4,1,6,1,25,5,1229,1,4,-1,1,-1
201501RY10215,2,9,0,18,0,0,5,0,5,7,3,1,6,1,36,7,1199,2,4,-1,1,-1
201501RY10215,3,9,0,18,0,0,0,0,0,0,3,1,6,1,26,6,1997,2,13,-1,1,-1
201501RY10216,1,5,0,4,0,0,0,0,0,0,1,1,6,1,46,8,-1,-1,-1,-1,1,-1
201501RY10216,2,9,0,4,0,0,0,0,0,0,2,1,6,2,46,8,1995,2,4,-1,3,-1
201501RY10217,1,9,0,18,0,8,0,0,0,0,1,1,6,2,17,4,-1,-1,-1,-1,1,-1
201501RY10217,2,9,0,4,0,8,0,0,0,0,2,1,6,1,75,10,1998,1,16,-1,1,-1
201501RY10218,1,9,0,18,0,8,0,0,0,0,3,1,6,2,80,11,1240,1,8,-1,1,-1
201501RY10219,1,9,0,9,0,8,0,0,0,0,3,1,6,1,22,5,-1,-1,-1,-1,-1,-1
201501RY10219,2,2,0,18,0,8,0,0,0,0,1,1,6,1,17,4,110,1,6,-1,1,-1
201501RY10221,1,9,0,18,0,8,0,0,0,0,1,1,6,1,19,4,-1,-1,-1,-1,1,-1
201501RY10221,2,9,0,6,0,8,0,0,0,0,3,1,6,1,54,8,1997,2,5,-1,1,-1
201501RY10222,1,9,0,18,0,8,0,10,1,10,4,1,6,2,24,5,-1,-1,-1,-1,1,-1
201501RY10223,1,9,0,18,0,0,0,0,0,0,1,1,6,1,41,7,-1,-1,-1,-1,-1,-1
201501RY10223,2,9,0,2,0,0,0,0,0,0,2,1,6,2,36,7,-1,-1,-1,-1,1,-1
201501RY10224,1,9,0,9,0,8,0,10,7,10,4,1,6,2,78,11,999,1,13,-1,1,-1
201501RY10224,2,9,0,18,0,8,0,0,0,0,1,1,6,1,68,10,1956,2,1,-1,1,-1
201501RY10225,1,9,0,18,0,8,0,10,1,10,3,1,6,1,33,6,998,1,18,-1,1,-1
201501RY10225,2,9,0,15,0,8,0,0,0,0,4,1,6,1,-1,-1,1587,1,10,-1,-1,-1
201501RY10226,1,2,0,18,0,8,0,0,0,0,1,1,6,1,18,4,49,1,6,-1,1,-1
201501RY10226,2,9,0,18,0,8,0,0,0,0,1,1,6,1,58,9,1998,1,8,-1,1,-1
201501RY10228,1,9,0,4,0,8,0,0,0,0,2,1,6,2,36,7,1587,1,8,-1,1,-1
201501RY10228,2,9,0,18,0,8,0,0,0,0,1,1,6,1,-1,-1,-1,-1,-1,-1,-1,-1
201501RY10230,1,9,0,18,0,0,0,0,0,0,4,1,6,2,19,4,1229,1,1,-1,1,-1
201501RY10230,2,9,0,5,0,0,0,0,0,0,3,1,6,1,-1,-1,-1,-1,-1,-1,-1,-1
201501RY10231,1,9,0,4,0,0,0,0,0,0,2,1,6,2,51,8,1242,1,14,-1,1,-1
201501RY10231,2,19,0,18,0,0,0,0,0,0,1,1,6,1,-1,-1,-1,-1,-1,-1,-1,-1
201501RY10232,1,9,0,4,0,0,0,0,0,0,2,1,6,1,35,6,1598,2,1,-1,1,-1
201501RY10232,2,9,0,18,0,0,0,0,0,0,1,1,6,2,-1,-1,1997,1,3,-1,-1,-1
201501RY10233,1,11,0,15,0,0,0,0,0,0,4,1,6,1,22,5,-1,-1,-1,-1,-1,-1
201501RY10233,2,21,0,18,0,0,0,0,0,0,3,1,6,1,-1,-1,-1,2,8,-1,-1,-1
201501RY10234,1,9,0,4,0,0,0,0,0,0,2,1,6,1,30,6,2000,2,7,-1,1,-1
201501RY10234,2,9,0,18,0,0,0,0,0,0,1,1,6,1,36,7,1242,1,17,-1,2,-1
201501RY10236,1,9,0,4,0,8,0,0,0,0,3,1,6,2,21,5,1397,1,15,-1,1,-1
201501RY10236,2,1,0,18,0,8,0,0,0,0,1,1,6,2,29,6,-1,-1,-1,-1,-1,-1
201501RY10238,1,19,0,18,0,8,0,0,0,0,3,1,6,1,26,6,-1,-1,-1,-1,1,-1
201501RY10238,2,1,0,18,0,8,0,0,0,0,3,1,6,1,32,6,-1,-1,-1,-1,1,-1
201501RY10239,1,9,0,4,0,8,0,0,0,0,2,1,6,1,-1,-1,998,1,10,-1,1,-1
201501RY10239,2,9,0,18,0,8,0,0,0,0,1,1,6,1,66,10,-1,-1,-1,-1,1,-1
201501RY10240,1,19,0,5,0,0,0,0,0,0,3,1,6,1,52,8,2494,2,13,-1,1,-1
201501RY10240,2,3,0,18,0,0,0,0,0,0,1,1,6,1,33,6,988,1,11,-1,1,-1
201501RY10241,1,1,0,18,0,8,0,0,0,0,1,1,6,1,10,2,-1,-1,-1,-1,1,-1
201501RY10241,2,9,0,3,0,8,0,0,0,0,2,1,6,1,22,5,-1,-1,-1,-1,1,-1
201501RY10242,1,9,0,18,0,2,0,7,0,0,1,1,6,2,34,6,1991,2,7,-1,1,-1
201501RY10243,1,11,0,18,0,8,0,0,0,0,0,1,1,1,46,8,9360,2,4,-1,1,-1
201501RY10244,1,9,0,18,0,0,0,4,0,0,3,1,6,1,28,6,1900,2,9,-1,1,-1
201501RY10244,2,9,0,2,0,0,0,0,0,0,1,1,6,3,-1,-1,1689,2,13,-1,-1,-1
201501RY10244,3,9,0,2,0,0,0,0,0,0,1,1,6,3,-1,-1,-1,-1,-1,-1,-1,-1
201501RY10245,1,9,0,9,0,8,0,0,0,0,4,1,6,1,22,5,1299,1,14,-1,1,-1
201501RY10245,2,9,0,18,0,8,0,0,0,0,1,1,6,2,54,8,1598,1,3,-1,1,-1
201501RY10246,1,2,0,18,0,0,0,0,0,0,1,1,6,1,36,7,124,1,11,-1,1,-1
201501RY10246,2,9,0,4,0,0,0,0,0,0,2,1,6,1,18,4,1900,2,16,-1,2,-1
201501RY10247,1,9,0,18,0,0,0,0,0,0,1,1,6,1,38,7,2494,2,1,-1,2,-1
201501RY10247,2,9,0,4,0,0,0,0,0,0,2,1,6,1,29,6,-1,-1,-1,-1,2,-1
201501RY10247,3,9,0,4,0,0,0,0,0,0,2,1,6,1,39,7,1461,2,5,-1,1,-1
201501RY10247,4,9,0,4,0,0,0,0,0,0,2,1,6,1,55,8,-1,-1,-1,-1,-1,-1
201501RY10248,1,9,0,2,0,8,0,0,0,0,3,1,6,1,59,9,-1,-1,-1,-1,1,-1
201501RY10248,2,9,0,2,0,8,0,0,0,0,3,1,6,1,55,8,1997,2,6,-1,1,-1
201501RY10248,3,9,0,9,0,8,0,0,0,0,4,1,6,1,42,7,1798,1,6,-1,1,-1
201501RY10248,4,9,0,2,0,8,0,0,0,0,3,1,6,2,22,5,1360,1,9,-1,1,-1
201501RY10249,1,9,0,4,0,8,0,0,0,0,2,1,6,2,22,5,1499,1,1,-1,1,-1
201501RY10249,2,9,0,18,0,8,0,0,0,0,1,1,6,1,-1,-1,1598,1,12,-1,1,-1
201501RY10250,1,9,0,18,0,8,0,0,0,0,1,1,6,1,82,11,1242,1,5,-1,1,-1
201501RY10250,2,9,0,9,0,8,0,0,0,0,3,1,6,1,54,8,1781,1,12,-1,1,-1
201501RY10251,1,1,0,18,0,8,0,0,0,0,1,1,6,1,59,9,-1,-1,-1,-1,-1,-1
201501RY10251,2,11,0,18,0,8,0,0,0,0,4,1,6,1,-1,-1,-1,-1,-1,-1,-1,-1
201501RY10252,1,9,0,4,0,0,0,0,0,0,2,1,6,2,33,6,-1,-1,-1,-1,1,-1
201501RY10252,2,5,0,18,0,0,0,0,0,0,1,1,6,1,26,6,953,1,7,-1,1,-1
201501RY10253,1,9,0,17,0,0,0,0,0,0,1,1,6,2,22,5,1199,1,12,-1,1,-1
201501RY10253,2,9,0,16,0,0,0,0,0,0,1,1,6,2,37,7,-1,-1,-1,-1,1,-1
201501RY10255,1,9,0,18,0,0,0,0,0,0,1,1,6,2,17,4,999,1,3,-1,1,-1
201501RY10255,2,5,0,18,0,0,0,0,0,0,1,1,6,1,58,9,599,1,22,-1,1,-1
201501RY10257,1,9,4,4,0,0,0,0,0,0,2,1,6,1,48,8,-1,-1,-1,-1,-1,-1
201501RY10257,2,1,0,18,0,0,0,0,0,0,1,1,6,1,-1,-1,-1,-1,-1,-1,1,-1
201501RY10258,1,9,0,18,0,8,0,0,0,0,1,1,6,1,30,6,1389,1,18,-1,1,-1
201501RY10258,2,9,0,1,0,8,0,0,0,0,2,1,6,1,-1,-1,1995,2,1,-1,-1,-1
201501RY10259,1,11,0,4,0,1,0,0,0,0,1,1,1,1,44,7,8268,2,11,-1,1,-1
201501RY10259,2,11,0,3,0,1,0,0,0,0,2,1,1,1,48,8,4500,2,5,-1,1,-1
201501RY10259,3,9,0,3,0,1,0,0,0,0,2,1,6,2,68,10,1242,1,2,-1,1,-1
201501RY10259,4,9,0,3,0,1,0,0,0,0,2,1,6,2,38,7,1388,1,5,-1,1,-1
201501RY10259,5,9,0,3,0,1,0,0,0,0,2,1,1,2,-1,-1,-1,-1,-1,-1,-1,-1
201501RY10259,6,9,0,3,0,1,0,0,0,0,2,1,6,2,45,7,1598,2,4,-1,1,-1
201501RY10259,7,9,0,3,0,1,0,0,0,0,2,1,6,1,40,7,-1,-1,-1,-1,-1,-1
201501RY10260,1,1,0,18,0,8,0,0,0,0,1,1,6,1,38,7,-1,-1,-1,-1,1,-1
201501RY10260,2,9,0,9,0,8,0,0,0,0,4,1,6,1,-1,-1,1461,2,1,-1,-1,-1
201501RY10261,1,9,0,7,0,8,0,0,0,0,3,1,1,1,56,9,-1,-1,-1,-1,1,-1
201501RY10261,2,3,0,18,0,8,0,0,0,0,1,1,6,1,80,11,149,1,36,-1,-1,-1
201501RY10263,1,9,0,18,0,8,0,0,0,0,1,1,6,2,21,5,1086,1,12,-1,1,-1
201501RY10263,2,9,0,4,0,8,0,0,0,0,2,1,6,1,46,8,1587,1,9,-1,1,-1
201501RY10263,3,9,0,4,0,8,0,0,0,0,2,1,6,2,49,8,1390,1,3,-1,1,-1
201501RY10264,1,9,0,18,0,8,0,0,0,0,4,1,6,1,36,7,1229,1,8,-1,1,-1
201501RY10264,2,9,0,7,0,8,0,0,0,0,3,1,6,1,46,8,1339,8,4,-1,1,-1
201501RY10265,1,9,0,4,0,8,0,0,0,0,2,1,6,1,40,7,1598,1,3,-1,1,-1
201501RY10265,2,9,0,4,0,8,0,0,0,0,1,1,6,1,-1,-1,2902,2,9,-1,-1,-1
201501RY10266,1,9,0,9,0,8,0,0,0,0,3,1,6,1,66,10,-1,-1,-1,-1,1,-1
201501RY10266,2,2,0,18,0,8,0,0,0,0,1,1,6,1,16,4,-1,-1,-1,-1,1,-1
201501RY10267,1,9,0,18,0,0,0,10,0,0,4,1,6,2,42,7,1796,1,7,-1,1,-1
201501RY10268,1,9,0,4,0,0,0,0,0,0,2,1,6,2,58,9,1997,1,12,-1,1,-1
201501RY10268,2,9,0,18,0,0,0,0,0,0,1,1,6,1,31,6,1984,1,1,-1,1,-1
201501RY10269,1,9,0,4,0,0,0,0,0,0,2,1,6,2,30,6,1349,1,2,-1,1,-1
201501RY10269,2,9,0,18,0,0,0,0,0,0,1,1,6,1,-1,-1,-1,-1,-1,-1,-1,-1
201501RY10270,1,9,0,18,0,0,0,10,0,0,4,1,6,1,60,9,1596,1,13,-1,1,-1
201501RY10270,2,9,0,18,0,0,0,0,0,0,3,1,6,1,32,6,1399,1,6,-1,1,-1
201501RY10271,1,9,0,18,0,0,0,0,0,0,4,1,6,2,21,5,1229,1,8,-1,1,-1
201501RY10271,2,9,0,18,0,0,0,0,0,0,3,1,6,1,26,6,1360,1,10,-1,1,-1
201501RY10271,3,9,0,2,0,0,0,0,0,0,1,1,6,2,30,6,1598,1,5,-1,1,-1
201501RY10272,1,9,0,6,0,2,0,0,0,0,3,1,6,1,67,10,-1,-1,-1,-1,1,-1
201501RY10272,2,9,0,18,0,1,0,0,0,0,1,1,6,2,42,7,1796,2,3,-1,1,-1
201501RY10273,1,9,0,18,0,0,0,0,0,0,4,1,6,1,-1,-1,-1,-1,-1,-1,-1,-1
201501RY10274,1,9,0,4,0,8,0,0,0,0,1,1,6,1,-1,-1,-1,-1,-1,-1,-1,-1
201501RY10274,2,9,0,4,0,8,0,0,0,0,2,1,6,1,50,8,1341,1,10,-1,1,-1
201501RY10275,1,9,0,18,0,0,0,0,0,0,2,1,6,1,18,4,-1,-1,-1,-1,1,-1
201501RY10275,2,9,0,18,0,0,0,0,0,0,1,1,6,1,-1,-1,-1,-1,-1,-1,-1,-1
201501RY10276,1,1,0,18,0,8,0,0,0,0,4,1,6,1,45,7,-1,-1,-1,-1,1,-1
201501RY10276,2,9,0,7,0,8,0,0,0,0,3,1,6,1,-1,-1,-1,-1,-1,-1,-1,-1
201501RY10277,1,11,0,5,0,0,0,0,0,0,0,1,1,1,54,8,6700,2,3,-1,-1,-1
201501RY10278,1,9,0,4,0,8,0,0,0,0,2,1,6,1,50,8,1997,2,9,-1,1,-1
201501RY10278,2,9,0,18,0,8,0,0,0,0,1,1,6,2,-1,-1,1896,2,8,-1,1,-1
201501RY10279,1,9,0,3,0,1,0,0,0,0,2,1,6,1,21,5,1299,1,12,-1,1,-1
201501RY10279,2,9,0,4,0,1,0,0,0,0,1,1,6,1,-1,-1,1968,2,-1,-1,1,-1
201501RY10280,1,9,0,18,0,1,5,4,0,0,1,1,6,1,24,5,1598,1,12,-1,1,-1
201501RY10280,2,9,0,2,0,2,0,0,0,0,1,1,6,2,-1,-1,1199,1,11,-1,-1,-1
201501RY10282,1,1,0,18,0,0,0,0,0,0,1,1,6,1,46,8,-1,-1,-1,-1,1,-1
201501RY10282,2,9,0,6,0,0,0,0,0,0,3,1,6,3,-1,-1,-1,-1,-1,-1,-1,-1
201501RY10283,1,9,0,18,0,0,0,0,0,0,4,1,6,1,39,7,-1,-1,-1,-1,1,-1
201501RY10284,1,3,0,18,0,0,0,4,0,0,4,1,6,1,25,5,125,1,1,-1,1,-1
201501RY10284,2,9,0,2,0,0,0,0,0,0,4,1,6,1,50,8,1560,2,3,-1,-1,-1
201501RY10285,1,9,0,18,0,1,0,10,1,4,1,1,6,2,57,9,2688,2,13,-1,1,-1
201501RY10286,1,9,0,4,0,0,0,0,0,0,2,1,6,2,21,5,1390,1,12,-1,1,-1
201501RY10286,2,9,0,4,0,0,0,0,0,0,1,1,6,2,-1,-1,-1,-1,-1,-1,-1,-1
201501RY10287,1,9,0,18,0,1,0,0,0,0,1,1,6,1,-1,-1,1390,1,14,-1,-1,-1
201501RY10287,2,5,0,18,0,2,0,0,0,0,2,1,6,1,31,6,782,1,8,-1,-1,-1
201501RY10288,1,9,0,7,0,0,0,10,6,6,3,1,1,1,65,9,1798,8,3,-1,1,-1
201501RY10288,2,9,0,18,0,0,0,10,1,7,1,1,6,1,36,7,1560,2,3,-1,1,-1
201501RY10288,3,9,0,18,0,0,0,0,0,0,1,1,6,2,49,8,998,1,1,-1,1,-1
201501RY10289,1,9,0,18,0,8,0,0,0,0,1,1,6,1,34,6,1995,2,7,-1,1,-1
201501RY10289,2,9,0,9,0,8,0,0,0,0,4,1,6,1,-1,-1,-1,-1,-1,-1,-1,-1
201501RY10290,1,9,0,18,0,8,0,0,0,0,2,1,6,1,19,4,-1,-1,-1,-1,1,-1
201501RY10290,2,9,0,18,0,8,0,0,0,0,1,1,6,1,38,7,-1,-1,-1,-1,1,-1
201501RY10291,1,9,0,18,0,0,0,0,0,0,4,1,6,1,41,7,1398,2,13,-1,-1,-1
201501RY10292,1,9,0,18,0,8,0,0,0,0,1,1,6,1,50,8,-1,-1,-1,-1,1,-1
201501RY10292,2,9,0,7,0,8,0,0,0,0,2,1,6,1,21,5,4700,1,50,-1,1,-1
201501RY10293,1,21,0,1,0,0,0,10,1,1,2,1,6,1,-1,-1,4461,2,3,-1,-1,-1
201501RY10294,1,1,0,18,0,1,0,0,0,0,2,1,6,1,32,6,-1,-1,-1,-1,1,-1
201501RY10294,2,9,0,18,0,1,0,0,0,0,1,1,6,3,-1,-1,-1,-1,-1,-1,-1,-1
201501RY10295,1,9,0,18,0,2,0,10,0,0,1,1,6,2,35,6,1398,1,2,-1,1,-1
201501RY10296,1,11,0,5,0,8,0,0,0,0,0,1,1,1,64,9,4500,2,4,-1,1,-1
201501RY10298,1,9,0,18,0,8,0,0,0,0,3,1,6,1,53,8,-1,-1,-1,-1,1,-1
201501RY10298,2,9,0,9,0,8,0,0,0,0,1,1,6,1,-1,-1,998,1,19,-1,1,-1
201501RY10300,1,19,0,18,0,8,0,0,0,0,4,1,6,1,21,5,2198,2,3,-1,1,-1
201501RY10301,1,3,0,18,0,0,0,0,0,0,4,1,6,1,19,4,-1,-1,-1,-1,1,-1
201501RY10302,1,9,0,18,0,8,0,0,0,0,4,1,6,2,68,10,1396,1,14,-1,1,-1
201501RY10302,2,9,0,18,0,8,0,0,0,0,1,1,6,1,45,7,1560,2,4,-1,1,-1
201501RY10303,1,9,0,18,0,8,0,0,0,0,1,1,6,1,26,6,-1,-1,-1,-1,1,-1
201501RY10303,2,9,0,18,0,8,0,0,0,0,3,1,6,2,-1,-1,1229,1,7,-1,-1,-1
201501RY10304,1,9,0,18,0,0,0,0,0,0,1,1,6,2,30,6,-1,-1,-1,-1,1,-1
201501RY10304,2,9,0,4,0,0,0,0,0,0,2,1,6,1,22,5,-1,-1,-1,-1,1,-1