Accident_Index,Vehicle_Reference,Vehicle_Type,Towing_and_Articulation,Vehicle_Manoeuvre,Vehicle_Location-Restricted_Lane,Junction_Location,Skidding_and_Overturning,Hit_Object_in_Carriageway,Vehicle_Leaving_Carriageway,Hit_Object_off_Carriageway,1st_Point_of_Impact,Was_Vehicle_Left_Hand_Drive?,Journey_Purpose_of_Driver,Sex_of_Driver,Age_of_Driver,Age_Band_of_Driver,Engine_Capacity_(CC),Propulsion_Code,Age_of_Vehicle,Driver_IMD_Decile,Driver_Home_Area_Type,Vehicle_IMD_Decile
201501RY10305,1,2,0,18,0,0,0,0,0,0,1,1,6,1,-1,-1,-1,-1,-1,-1,-1,-1
201501RY10305,2,9,0,4,0,0,0,0,0,0,2,1,6,1,32,6,-1,-1,-1,-1,1,-1
201501RY10307,1,9,0,18,0,8,0,7,0,0,1,1,6,1,58,9,-1,-1,-1,-1,1,-1
201501RY10309,1,9,0,18,0,8,0,0,0,0,4,1,6,1,40,7,1796,1,15,-1,1,-1
201501RY10309,2,9,0,7,0,8,0,0,0,0,3,1,6,1,-1,-1,2170,2,12,-1,-1,-1
201501RY10310,1,9,0,18,0,1,0,0,0,0,1,1,6,1,-1,-1,1587,1,13,-1,1,-1
201501RY10310,2,9,0,18,0,1,0,0,0,0,2,1,6,1,57,9,1997,2,5,-1,1,-1
201501RY10311,1,9,0,18,0,8,0,0,0,0,1,1,6,1,45,7,1388,1,8,-1,1,-1
201501RY10311,2,19,0,4,0,8,0,0,0,0,2,1,6,1,-1,-1,-1,-1,-1,-1,-1,-1
201501RY10312,1,9,0,18,0,8,0,10,1,10,4,1,6,2,75,10,1796,1,15,-1,1,-1
201501RY10314,1,9,0,18,0,8,0,0,0,0,1,1,6,1,46,8,1390,1,16,-1,1,-1
201501RY10314,2,9,0,4,0,8,0,0,0,0,2,1,6,1,18,4,1461,2,1,-1,1,-1
201501RY10316,1,9,0,18,0,0,0,0,0,0,3,1,6,2,54,8,1242,1,2,-1,1,-1
201501RY10316,2,9,0,18,0,0,1,0,0,0,1,1,6,1,25,5,1596,1,10,-1,1,-1
201501RY10317,1,9,0,18,0,8,0,0,0,0,1,1,6,2,25,5,-1,-1,-1,-1,1,-1
201501RY10317,2,9,0,4,0,8,0,0,0,0,2,1,6,1,36,7,-1,-1,-1,-1,1,-1
201501RY10318,1,11,0,5,0,8,0,0,0,0,0,1,1,1,42,7,4461,2,2,-1,1,-1
201501RY10319,1,2,0,18,0,8,0,0,0,0,1,1,6,1,-1,-1,49,1,11,-1,1,-1
201501RY10319,2,9,0,5,0,8,0,0,0,0,3,1,6,1,-1,-1,-1,-1,-1,-1,-1,-1
201501RY10320,1,9,0,4,0,8,0,0,0,0,2,1,6,1,18,4,998,1,1,-1,1,-1
201501RY10320,2,9,0,18,0,8,0,0,0,0,1,1,6,1,21,5,1390,1,11,-1,1,-1
201501RY10321,1,9,0,9,0,8,0,0,0,0,4,1,6,1,46,8,1997,2,5,-1,1,-1
201501RY10321,2,3,0,15,0,8,0,0,0,0,1,1,6,1,-1,-1,-1,-1,-1,-1,1,-1
201501RY10323,1,1,0,18,0,8,0,0,0,0,1,1,6,1,48,8,-1,-1,-1,-1,1,-1
201501RY10323,2,9,0,7,0,8,0,0,0,0,3,1,6,1,26,6,1781,1,12,-1,1,-1
201501RY10324,1,9,0,18,0,8,0,0,0,0,1,1,6,2,27,6,1242,1,-1,-1,1,-1
201501RY10324,2,9,0,15,0,8,0,0,0,0,4,1,6,1,33,6,1686,2,5,-1,1,-1
201501RY10325,1,9,0,18,0,0,0,0,0,0,4,1,6,2,-1,-1,-1,-1,-1,-1,1,-1
201501RY10326,1,9,0,18,0,8,0,0,0,0,1,1,6,2,35,6,1686,2,2,-1,1,-1
201501RY10326,2,9,0,9,0,8,0,0,0,0,4,1,6,1,21,5,-1,-1,-1,-1,-1,-1
201501RY10327,1,9,0,9,0,8,0,0,0,0,3,1,6,1,32,6,-1,-1,-1,-1,1,-1
201501RY10327,2,9,0,18,0,8,0,0,0,0,1,1,6,1,38,7,1399,2,7,-1,1,-1
201501RY10331,1,1,0,9,0,8,0,0,0,0,4,1,6,1,42,7,-1,-1,-1,-1,1,-1
201501RY10331,2,19,0,18,0,8,0,0,0,0,1,1,6,1,41,7,1560,2,1,-1,1,-1
201501RY10332,1,9,0,4,0,0,0,0,0,0,2,1,6,2,58,9,1598,1,-1,-1,1,-1
201501RY10332,2,9,0,18,0,0,0,0,0,0,1,1,6,1,-1,-1,-1,-1,-1,-1,-1,-1
201501RY10333,1,3,0,18,0,0,0,0,0,0,1,1,6,1,22,5,124,1,1,-1,-1,-1
201501RY10333,2,9,0,9,0,0,0,0,0,0,4,1,6,2,25,5,1968,2,4,-1,1,-1
201501RY10334,1,9,0,9,0,8,0,0,0,0,3,1,6,1,65,9,2143,2,4,-1,1,-1
201501RY10334,2,4,0,18,0,8,0,0,0,0,1,1,6,1,31,6,-1,-1,-1,-1,1,-1
201501RY10336,1,9,0,18,0,8,0,0,0,0,3,1,6,1,22,5,-1,-1,-1,-1,1,-1
201501RY10336,2,9,0,18,0,8,0,0,0,0,1,1,6,1,86,11,-1,-1,-1,-1,1,-1
201501RY10337,1,9,0,18,0,8,0,0,0,0,1,1,6,2,18,4,1242,1,11,-1,1,-1
201501RY10337,2,9,0,9,0,8,0,0,0,0,3,1,6,1,76,11,1591,1,6,-1,1,-1
201501RY10338,1,9,0,9,0,8,0,0,0,0,4,1,6,1,18,4,-1,-1,-1,-1,1,-1
201501RY10338,2,9,0,18,0,8,0,0,0,0,1,1,6,2,18,4,-1,-1,-1,-1,1,-1
201501RY10339,1,9,0,4,0,8,0,0,0,0,2,1,6,2,31,6,1597,1,5,-1,1,-1
201501RY10339,2,9,0,18,0,8,0,0,0,0,1,1,6,1,21,5,1398,2,1,-1,1,-1
201501RY10339,3,9,0,4,0,8,0,0,0,0,2,1,6,2,22,5,1496,2,-1,-1,2,-1
201501RY10339,4,9,0,4,0,8,0,0,0,0,2,1,6,1,25,5,-1,-1,-1,-1,1,-1
201501RY10339,5,9,0,3,0,8,0,0,0,0,2,1,6,1,52,8,-1,-1,-1,-1,2,-1
201501RY10339,6,9,0,3,0,8,0,0,0,0,2,1,6,1,26,6,1769,1,10,-1,-1,-1
201501RY10339,7,9,0,3,0,8,0,0,0,0,2,1,6,2,49,8,1986,2,6,-1,1,-1
201501RY10340,1,9,0,17,0,0,0,0,0,0,1,1,6,1,52,8,1868,2,15,-1,1,-1
201501RY10340,2,20,0,16,0,0,0,0,0,0,1,1,6,1,26,6,4500,2,-1,-1,1,-1
201501RY10341,1,1,0,9,0,8,0,0,0,0,2,1,6,1,32,6,-1,-1,-1,-1,1,-1
201501RY10341,2,19,0,18,0,8,0,0,0,0,1,1,6,1,-1,-1,2198,2,1,-1,-1,-1
201501RY10343,1,9,0,18,0,0,0,0,0,0,1,1,6,1,41,7,-1,-1,-1,-1,1,-1
201501RY10343,2,9,0,18,0,0,0,0,0,0,1,1,6,1,36,7,1796,1,14,-1,1,-1
201501RY10343,3,9,0,18,0,0,0,0,0,0,1,1,6,1,48,8,-1,-1,-1,-1,1,-1
201501RY10344,1,9,0,18,0,8,0,0,0,0,4,1,6,1,39,7,1360,1,11,-1,1,-1
201501RY10344,2,20,0,18,0,8,0,0,0,0,3,1,6,1,35,6,-1,-1,-1,-1,1,-1
201501RY10345,1,9,0,18,0,8,0,0,0,0,1,1,6,1,45,7,-1,-1,-1,-1,1,-1
201501RY10345,2,9,0,9,0,8,0,0,0,0,3,1,6,1,-1,-1,-1,-1,-1,-1,-1,-1
201501RY10347,1,19,0,1,0,0,0,0,0,0,2,1,6,1,38,7,2143,2,5,-1,-1,-1
201501RY10348,1,9,0,18,0,0,0,0,0,0,4,1,6,2,38,7,1229,1,-1,-1,1,-1
201501RY10349,1,9,0,18,0,8,0,0,0,0,3,1,6,1,-1,-1,-1,-1,-1,-1,-1,-1
201501RY10350,1,9,0,18,0,0,0,10,1,1,4,1,6,2,22,5,1390,1,13,-1,1,-1
201501RY10351,1,9,0,18,0,8,0,0,0,0,4,1,6,2,61,9,1984,1,1,-1,1,-1
201501RY10356,1,9,0,5,0,8,0,0,0,0,3,1,6,2,51,8,1598,1,7,-1,1,-1
201501RY10356,2,3,0,18,0,8,0,0,0,0,1,1,6,1,-1,-1,124,1,5,-1,-1,-1
201501RY10357,1,5,0,18,0,8,0,0,0,0,3,1,6,1,35,6,-1,-1,-1,-1,1,-1
201501RY10357,2,19,0,3,0,8,0,0,0,0,3,1,6,1,28,6,2198,2,8,-1,1,-1
201501RY10357,3,9,0,3,0,8,0,0,0,0,3,1,6,1,20,4,1242,1,7,-1,1,-1
201501RY10357,4,9,0,3,0,8,0,0,0,0,3,1,6,1,44,7,-1,-1,-1,-1,1,-1
201501RY10359,1,9,0,4,0,0,0,0,0,0,2,1,6,1,53,8,1995,2,1,-1,2,-1
201501RY10359,2,9,0,4,0,0,0,0,0,0,2,1,6,1,40,7,-1,-1,-1,-1,1,-1
201501RY10359,3,9,0,4,0,0,0,0,0,0,2,1,6,1,42,7,3597,2,7,-1,1,-1
201501RY10359,4,9,0,18,0,0,0,0,0,0,1,1,6,1,31,6,-1,-1,-1,-1,-1,-1
201501RY10360,1,3,0,18,0,8,0,0,0,0,1,1,6,1,17,4,-1,-1,-1,-1,1,-1
201501RY10360,2,9,0,9,0,8,0,0,0,0,4,1,6,1,-1,-1,-1,-1,-1,-1,-1,-1
201501RY10361,1,3,0,18,0,0,0,0,0,0,4,1,6,1,24,5,-1,-1,-1,-1,1,-1
201501RY10361,2,1,0,18,0,0,0,0,0,0,3,1,6,1,-1,-1,-1,-1,-1,-1,-1,-1
201501RY10362,1,9,0,18,0,8,0,0,0,0,1,1,6,1,34,6,1388,1,4,-1,3,-1
201501RY10362,2,9,0,4,0,8,0,0,0,0,2,1,6,1,38,7,1598,1,14,-1,1,-1
201501RY10362,3,9,0,4,0,8,0,0,0,0,2,1,6,2,54,8,1386,1,10,-1,1,-1
201501RY10363,1,9,0,1,0,8,0,0,0,0,2,1,6,1,20,4,999,1,16,-1,1,-1
201501RY10363,2,2,0,7,0,8,0,0,0,0,1,1,6,1,24,5,108,1,1,-1,1,-1
201501RY10364,1,9,0,4,0,0,0,0,0,0,2,1,6,1,21,5,1968,2,8,-1,1,-1
201501RY10364,2,9,0,4,0,0,0,0,0,0,2,1,6,2,42,7,1968,2,2,-1,1,-1
201501RY10364,3,19,0,18,0,0,0,0,0,0,1,1,6,1,38,7,2198,2,7,-1,3,-1
201501RY10365,1,9,0,18,0,0,0,0,0,0,4,1,6,1,28,6,1595,1,2,-1,1,-1
201501RY10366,1,9,0,18,0,0,0,0,0,0,4,1,6,1,17,4,-1,-1,-1,-1,1,-1
201501RY10366,2,9,0,2,0,0,0,0,0,0,3,1,6,1,53,8,1242,1,9,-1,1,-1
201501RY10367,1,9,0,10,0,8,0,0,0,0,2,1,6,2,51,8,-1,-1,-1,-1,1,-1
201501RY10367,2,9,0,18,0,8,0,0,0,0,1,1,6,1,-1,-1,-1,-1,-1,-1,-1,-1
201501RY10368,1,9,0,3,0,8,0,0,0,0,1,1,6,1,27,6,1995,2,7,-1,1,-1
201501RY10368,2,9,0,1,0,8,0,0,0,0,2,1,6,2,-1,-1,-1,-1,-1,-1,-1,-1
201501RY10369,1,9,0,18,0,8,5,9,1,1,1,1,6,1,-1,-1,1995,1,9,-1,1,-1
201501RY10370,1,9,0,4,0,8,0,0,0,0,2,1,6,2,52,8,1999,1,9,-1,3,-1
201501RY10370,2,9,0,18,0,8,0,0,0,0,1,1,6,1,-1,-1,1596,1,9,-1,-1,-1
201501RY10371,1,9,0,18,0,0,0,0,0,0,1,1,6,1,38,7,1299,1,15,-1,1,-1
201501RY10371,2,9,0,4,0,0,0,0,0,0,2,1,6,1,66,10,1560,2,1,-1,1,-1
201501RY10372,1,9,0,4,0,0,0,0,0,0,2,1,6,2,40,7,2143,2,1,-1,1,-1
201501RY10372,2,9,0,18,0,0,0,0,0,0,1,1,6,1,38,7,-1,-1,-1,-1,1,-1
201501RY10373,1,9,0,18,0,0,0,0,0,0,1,1,6,2,36,7,1968,2,2,-1,1,-1
201501RY10373,2,9,0,4,0,0,0,0,0,0,2,1,6,1,49,8,1587,1,8,-1,-1,-1
201501RY10374,1,9,0,18,0,0,0,0,0,0,1,1,6,1,41,7,1968,2,1,-1,1,-1
201501RY10374,2,9,0,4,0,0,0,0,0,0,2,1,6,2,46,8,1896,2,13,-1,2,-1
201501RY10375,1,9,0,18,0,0,0,0,0,0,1,1,6,2,19,4,1997,2,12,-1,3,-1
201501RY10375,2,9,0,6,0,0,0,0,0,0,3,1,6,1,-1,-1,-1,-1,-1,-1,-1,-1
201501RY10376,1,5,0,18,0,8,0,0,0,0,1,1,6,1,51,8,1050,1,9,-1,3,-1
201501RY10376,2,9,0,1,0,8,0,0,0,0,2,1,6,1,28,6,-1,-1,-1,-1,1,-1
201501RY10377,1,9,0,18,0,8,0,0,0,0,4,1,6,1,-1,-1,-1,-1,-1,-1,-1,-1
201501RY10378,1,9,0,4,0,0,0,0,0,0,2,1,6,1,31,6,1896,2,5,-1,1,-1
201501RY10378,2,20,0,18,0,0,0,0,0,0,1,1,6,1,59,9,2198,2,3,-1,1,-1
201501RY10378,3,9,0,4,0,0,0,0,0,0,2,1,6,1,66,10,998,1,14,-1,1,-1
201501RY10380,1,9,0,9,0,8,0,0,0,0,3,1,6,2,64,9,2179,2,2,-1,1,-1
201501RY10380,2,3,0,18,0,8,0,0,0,0,1,1,6,1,54,8,125,1,5,-1,1,-1
201501RY10381,1,9,0,18,0,0,0,0,0,0,1,1,6,1,55,8,1997,2,4,-1,1,-1
201501RY10381,2,9,0,4,0,0,0,0,0,0,2,1,6,2,82,11,1997,2,11,-1,1,-1
201501RY10382,1,9,0,18,0,0,0,0,0,0,3,1,6,1,64,9,1199,1,13,-1,1,-1
201501RY10382,2,9,0,18,0,0,0,0,0,0,3,1,6,2,48,8,-1,-1,-1,-1,1,-1
201501RY10383,1,1,0,18,0,8,0,0,0,0,3,1,6,1,15,3,-1,-1,-1,-1,1,-1
201501RY10383,2,9,0,18,0,8,0,0,0,0,4,1,6,2,70,10,1240,1,11,-1,1,-1
201501RY10385,1,9,0,9,0,8,0,0,0,0,3,1,6,2,35,6,4806,1,7,-1,1,-1
201501RY10385,2,9,0,18,0,8,0,0,0,0,1,1,6,1,46,8,-1,-1,-1,-1,1,-1
201501RY10386,1,9,0,18,0,8,0,0,0,0,1,1,6,1,36,7,1984,1,9,-1,1,-1
201501RY10386,2,9,0,18,0,8,0,0,0,0,1,1,6,1,48,8,1991,2,6,-1,1,-1
201501RY10387,1,20,0,9,0,8,0,0,0,0,4,1,6,1,28,6,-1,-1,-1,-1,1,-1
201501RY10387,2,9,0,9,0,8,0,0,0,0,3,1,6,2,35,6,1339,8,5,-1,1,-1
201501RY10388,1,9,0,2,0,0,0,0,0,0,2,1,6,1,28,6,1796,1,9,-1,1,-1
201501RY10388,2,9,0,3,0,0,0,0,0,0,3,1,6,2,53,8,1199,2,1,-1,1,-1
201501RY10388,3,9,0,3,0,0,0,0,0,0,3,1,6,1,57,9,-1,-1,-1,-1,1,-1
201501RY10388,4,9,0,18,0,0,0,0,0,0,1,1,6,1,-1,-1,2979,1,1,-1,1,-1
201501RY10389,1,9,0,18,0,8,0,0,0,0,4,1,6,2,-1,-1,1997,1,7,-1,-1,-1
201501RY10390,1,2,0,18,0,8,0,0,0,0,3,1,6,1,-1,-1,49,1,3,-1,1,-1
201501RY10390,2,2,0,18,0,8,0,0,0,0,1,1,6,1,17,4,49,1,9,-1,1,-1
201501RY10390,3,9,0,9,0,8,0,0,0,0,4,1,6,1,-1,-1,-1,-1,-1,-1,-1,-1
201501RY10391,1,19,0,18,0,8,0,0,0,0,1,1,6,1,60,9,1968,2,4,-1,1,-1
201501RY10391,2,9,0,9,0,8,0,0,0,0,2,1,6,1,89,11,1799,1,15,-1,1,-1
201501RY10392,1,9,0,18,0,0,5,10,1,4,4,1,6,2,17,4,-1,-1,-1,-1,-1,-1
201501RY10393,1,3,0,9,0,8,0,0,0,0,4,1,6,2,26,6,124,1,6,-1,1,-1
201501RY10393,2,9,0,18,0,8,0,0,0,0,1,1,6,2,-1,-1,2993,2,5,-1,1,-1
201501RY10394,1,9,0,9,0,8,0,0,0,0,4,1,6,2,34,6,2494,1,10,-1,-1,-1
201501RY10395,1,9,0,18,0,0,0,0,0,0,1,1,6,1,40,7,1598,2,4,-1,1,-1
201501RY10395,2,9,0,18,0,0,0,0,0,0,1,1,6,1,68,10,1598,1,8,-1,1,-1
201501RY10395,3,9,0,2,0,0,0,0,0,0,1,1,6,1,26,6,1997,1,12,-1,-1,-1
201501RY10396,1,9,0,7,0,8,0,0,0,0,1,1,6,1,41,7,1797,8,6,-1,1,-1
201501RY10396,2,9,0,18,0,8,0,0,0,0,3,1,6,1,28,6,1388,1,17,-1,-1,-1
201501RY10397,1,19,0,18,0,0,0,4,0,0,1,1,6,1,42,7,1753,2,4,-1,1,-1
201501RY10397,2,19,0,2,0,0,0,0,0,0,3,1,6,1,29,6,1598,2,4,-1,1,-1
201501RY10399,1,9,0,18,0,8,0,0,0,0,4,1,6,1,44,7,-1,-1,-1,-1,1,-1
201501RY10399,2,9,0,9,0,8,0,0,0,0,1,1,6,1,34,6,1968,2,8,-1,1,-1
201501RY10400,1,11,0,4,0,8,0,0,0,0,0,1,6,1,-1,-1,-1,-1,-1,-1,-1,-1
201501RY10401,1,9,0,4,0,0,0,0,0,0,2,1,6,1,17,4,1229,1,4,-1,1,-1
201501RY10401,2,9,0,18,0,0,0,0,0,0,1,1,6,1,26,6,1598,1,6,-1,-1,-1
201501RY10402,1,5,0,18,0,0,0,0,0,0,1,1,6,1,35,6,745,1,1,-1,-1,-1
201501RY10402,2,9,0,4,0,0,0,0,0,0,2,1,6,1,50,8,1968,2,-1,-1,-1,-1
201501RY10404,1,9,0,13,0,0,0,0,0,0,4,1,6,2,-1,-1,-1,-1,-1,-1,-1,-1
201501RY10404,2,1,0,18,0,0,0,0,0,0,3,1,6,1,23,5,-1,-1,-1,-1,1,-1
201501RY10405,1,9,0,9,0,8,0,0,0,0,1,1,6,1,21,5,1753,2,9,-1,1,-1
201501RY10405,2,9,0,18,0,8,0,0,0,0,4,1,6,1,35,6,1389,1,13,-1,1,-1
201501RY10406,1,9,0,18,0,8,0,0,0,0,4,1,6,1,61,9,1396,2,3,-1,1,-1
201501RY10407,1,9,0,18,0,8,0,0,0,0,4,1,6,1,27,6,1896,2,7,-1,1,-1
201501RY10407,2,9,0,7,0,8,0,0,0,0,1,1,6,1,20,4,1596,1,-1,-1,1,-1
201501RY10408,1,9,0,4,0,8,0,0,0,0,2,1,6,2,46,8,1598,1,7,-1,1,-1
201501RY10408,2,19,0,18,0,8,0,0,0,0,1,1,6,1,-1,-1,2287,2,1,-1,-1,-1
201501RY10409,1,3,0,4,0,8,0,0,0,0,3,1,6,1,17,4,-1,-1,-1,-1,1,-1
201501RY10410,1,5,0,18,0,0,0,0,0,0,3,1,6,2,24,5,-1,-1,-1,-1,1,-1
201501RY10410,2,9,0,15,0,0,0,0,0,0,4,1,6,1,-1,-1,-1,-1,-1,-1,-1,-1
201501RY10411,1,11,0,18,0,0,0,0,0,0,2,1,1,1,66,10,9200,2,11,-1,2,-1
201501RY10411,2,9,0,12,0,0,0,0,0,0,3,1,6,1,28,6,2967,2,5,-1,1,-1
201501RY10411,3,9,0,18,0,0,0,0,0,0,4,1,6,1,27,6,1794,1,12,-1,1,-1
201501RY10413,1,9,0,18,0,8,0,0,0,0,4,1,6,1,44,7,1598,2,-1,-1,1,-1
201501RY10414,1,9,0,18,0,8,0,0,0,0,1,1,6,1,49,8,2149,2,8,-1,1,-1
201501RY10414,2,9,0,9,0,8,0,0,0,0,3,1,6,1,56,9,1391,1,20,-1,1,-1
201501RY10415,1,9,0,18,0,8,0,0,0,0,1,1,6,1,50,8,1910,2,6,-1,1,-1
201501RY10415,2,1,0,9,0,8,0,0,0,0,4,1,6,1,14,3,-1,-1,-1,-1,1,-1
201501RY10416,1,9,0,18,0,0,0,0,0,0,1,1,6,2,18,4,1149,1,11,-1,-1,-1
201501RY10416,2,9,0,4,0,0,0,0,0,0,2,1,6,1,36,7,1596,1,13,-1,1,-1
201501RY10416,3,9,0,4,0,0,0,0,0,0,2,1,6,1,18,4,1229,1,2,-1,-1,-1
201501RY10416,4,9,0,4,0,0,0,0,0,0,2,1,6,2,40,7,1364,1,6,-1,1,-1
201501RY10417,1,9,0,18,0,8,0,0,0,0,1,1,6,2,44,7,1364,1,-1,-1,1,-1
201501RY10418,1,9,0,4,0,8,0,0,0,0,2,1,6,2,-1,-1,998,1,9,-1,1,-1
201501RY10418,2,19,0,18,0,8,0,0,0,0,1,1,6,1,50,8,2402,2,12,-1,1,-1
201501RY10420,1,19,0,18,0,8,0,0,0,0,4,1,6,1,71,10,1998,2,10,-1,1,-1
201501RY10421,1,3,0,18,0,8,0,0,0,0,4,1,6,1,31,6,1050,1,1,-1,1,-1
201501RY10421,2,1,0,7,0,8,0,0,0,0,1,1,6,2,21,5,-1,-1,-1,-1,1,-1
201501RY10422,1,9,0,4,0,8,0,0,0,0,2,1,6,1,-1,-1,-1,-1,-1,-1,-1,-1
201501RY10422,2,9,0,18,0,8,0,0,0,0,1,1,6,1,-1,-1,-1,-1,-1,-1,-1,-1
201501RY10423,1,9,0,5,0,8,0,0,0,0,3,1,6,2,26,6,1124,1,21,-1,1,-1
201501RY10423,2,9,0,18,0,8,0,0,0,0,1,1,6,1,23,5,1598,1,6,-1,1,-1
201501RY10424,1,90,0,18,0,0,0,0,0,0,1,1,6,1,64,9,2970,2,1,-1,1,-1
201501RY10424,2,2,0,18,0,0,0,0,0,0,1,1,6,2,45,7,124,1,-1,-1,1,-1
201501RY10424,3,9,0,2,0,0,0,0,0,0,1,1,6,1,-1,-1,1998,1,12,-1,1,-1
201501RY10425,1,9,0,18,0,8,0,0,0,0,1,1,6,1,22,5,1998,1,10,-1,1,-1
201501RY10425,2,9,0,2,0,8,0,0,0,0,1,1,6,1,-1,-1,-1,-1,-1,-1,-1,-1
201501RY10425,3,9,0,2,0,8,0,0,0,0,1,1,6,2,41,7,-1,-1,-1,-1,1,-1
201501RY10425,4,9,0,18,0,8,0,0,0,0,1,1,6,2,55,8,1398,1,5,-1,1,-1
201501RY10426,1,9,0,4,0,0,0,0,0,0,2,1,6,2,55,8,1598,1,13,-1,1,-1
201501RY10426,2,9,0,18,0,0,0,0,0,0,1,1,6,1,21,5,-1,-1,-1,-1,1,-1
201501RY10427,1,3,0,18,0,0,0,0,0,0,4,1,6,1,32,6,636,1,9,-1,2,-1
201501RY10427,2,9,0,12,0,0,0,0,0,0,3,1,6,1,-1,-1,1461,2,11,-1,-1,-1
201501RY10427,3,9,0,18,0,0,0,0,0,0,4,1,6,1,-1,-1,1796,1,7,-1,2,-1
201501RY10428,1,9,0,3,0,0,0,0,0,0,2,1,6,1,53,8,993,1,13,-1,1,-1
201501RY10428,2,21,0,18,0,0,0,0,0,0,1,1,6,1,36,7,6370,2,3,-1,1,-1
201501RY10429,1,9,0,18,0,8,0,0,0,0,4,1,6,1,62,9,2261,1,8,-1,1,-1
201501RY10430,1,9,0,2,0,0,0,0,0,0,3,1,6,2,63,9,1598,1,-1,-1,1,-1
201501RY10430,2,9,0,18,0,0,0,0,0,0,4,1,6,1,38,7,1995,2,1,-1,1,-1
201501RY10432,1,9,0,1,0,8,0,0,0,0,2,1,6,1,42,7,2143,2,4,-1,1,-1
201501RY10432,2,1,0,18,0,8,0,0,0,0,1,1,6,1,14,3,-1,-1,-1,-1,1,-1
201501RY10433,1,9,0,18,0,0,0,4,0,0,1,1,6,1,61,9,-1,-1,-1,-1,1,-1
201501RY10433,2,9,0,2,0,0,0,4,0,0,4,1,6,1,31,6,-1,-1,-1,-1,-1,-1
201501RY10433,3,9,0,2,0,0,0,0,0,0,1,1,6,1,31,6,1968,2,4,-1,1,-1
201501RY10434,1,19,0,4,0,8,0,0,0,0,2,1,6,1,34,6,2402,2,10,-1,1,-1
201501RY10434,2,9,0,4,0,8,0,0,0,0,1,1,6,2,-1,-1,1997,1,7,-1,1,-1
201501RY10436,1,9,0,11,0,0,0,0,0,0,4,1,6,2,-1,-1,1984,1,7,-1,1,-1
201501RY10436,2,3,0,18,0,0,0,0,0,0,3,1,6,1,28,6,-1,-1,-1,-1,1,-1
201501RY10437,1,9,0,9,0,8,0,0,0,0,4,1,6,1,28,6,1596,1,10,-1,1,-1
201501RY10437,2,3,0,18,0,8,0,0,0,0,1,1,6,1,30,6,942,1,7,-1,1,-1
201501RY10438,1,9,0,18,0,0,0,0,0,0,4,1,6,2,52,8,1364,1,8,-1,1,-1
201501RY10439,1,9,0,18,0,8,0,0,0,0,3,1,6,1,28,6,2290,1,8,-1,1,-1
201501RY10440,1,9,0,4,0,8,0,0,0,0,2,1,6,2,-1,-1,1296,1,8,-1,1,-1
201501RY10440,2,9,0,18,0,8,0,0,0,0,1,1,6,2,-1,-1,1242,1,4,-1,-1,-1
201501RY10441,1,3,0,18,0,8,1,0,0,0,1,1,6,1,22,5,125,1,-1,-1,1,-1
201501RY10441,2,9,0,2,0,8,1,0,0,0,3,1,6,1,-1,-1,-1,-1,-1,-1,-1,-1
201501RY10442,1,9,0,18,0,8,0,0,0,0,4,1,6,1,46,8,1349,1,8,-1,1,-1
201501RY10443,1,9,0,18,0,0,0,0,0,0,2,1,6,1,44,7,-1,-1,-1,-1,1,-1
201501RY10443,2,19,0,11,0,0,0,0,0,0,1,1,6,1,-1,-1,-1,-1,-1,-1,-1,-1
201501RY10444,1,9,0,18,0,8,0,0,0,0,4,1,6,2,52,8,1560,2,7,-1,-1,-1
201501RY10444,2,9,0,18,0,8,0,0,0,0,1,1,6,1,64,9,2982,2,8,-1,1,-1
201501RY10445,1,11,0,18,0,0,0,0,0,0,3,1,6,2,55,8,3900,2,11,-1,1,-1
201501RY10445,2,9,0,5,0,0,0,0,0,0,3,1,6,2,-1,-1,-1,-1,-1,-1,1,-1
201501RY10446,1,11,0,18,0,0,0,4,0,0,4,1,6,1,54,8,-1,-1,-1,-1,1,-1
201501RY10446,2,9,0,2,0,0,0,4,0,0,3,1,6,1,-1,-1,-1,-1,-1,-1,-1,-1
201501RY10446,3,9,0,2,0,0,0,10,0,0,1,1,6,1,56,9,1596,1,13,-1,1,-1
201501RY10446,4,9,0,2,0,0,0,0,0,0,4,1,6,1,31,6,1686,2,11,-1,1,-1
201501RY10447,1,9,0,7,0,8,0,0,0,0,3,1,6,1,36,7,1685,2,2,-1,1,-1
201501RY10448,1,19,0,15,0,0,0,0,0,0,4,1,6,1,-1,-1,1248,2,4,-1,-1,-1
201501RY10448,2,1,0,18,0,0,0,0,0,0,3,1,6,1,24,5,-1,-1,-1,-1,1,-1
201501RY10449,1,9,0,11,0,0,0,0,0,0,2,1,6,1,25,5,-1,-1,-1,-1,3,-1
201501RY10449,2,3,0,18,0,0,0,0,0,0,1,1,6,1,24,5,-1,-1,-1,-1,1,-1
201501RY10450,1,9,0,18,0,0,0,0,0,0,1,1,6,2,45,7,1598,1,7,-1,1,-1
201501RY10451,1,9,0,18,0,0,0,0,0,0,1,1,6,2,85,11,1389,1,17,-1,1,-1
201501RY10451,2,9,0,2,0,0,0,0,0,0,2,1,6,1,38,7,1995,2,7,-1,1,-1
201501RY10451,3,9,0,2,0,0,0,0,0,0,2,1,6,1,55,8,2179,2,2,-1,1,-1
201501RY10452,1,9,0,4,0,8,0,0,0,0,2,1,6,1,40,7,1995,2,4,-1,1,-1
201501RY10452,2,9,0,18,0,8,0,0,0,0,1,1,6,1,-1,-1,1199,1,13,-1,1,-1
201501RY10453,1,9,0,18,0,8,0,0,0,0,4,1,6,1,36,7,1398,1,5,-1,1,-1
201501RY10453,2,3,0,9,0,8,0,0,0,0,3,1,6,1,62,9,680,1,2,-1,1,-1
201501RY10454,1,9,0,18,0,8,0,0,0,0,1,1,6,1,32,6,1900,2,8,-1,1,-1
201501RY10454,2,1,0,9,0,8,0,0,0,0,4,1,6,1,20,4,-1,-1,-1,-1,1,-1