Accident_Index,Vehicle_Reference,Vehicle_Type,Towing_and_Articulation,Vehicle_Manoeuvre,Vehicle_Location-Restricted_Lane,Junction_Location,Skidding_and_Overturning,Hit_Object_in_Carriageway,Vehicle_Leaving_Carriageway,Hit_Object_off_Carriageway,1st_Point_of_Impact,Was_Vehicle_Left_Hand_Drive?,Journey_Purpose_of_Driver,Sex_of_Driver,Age_of_Driver,Age_Band_of_Driver,Engine_Capacity_(CC),Propulsion_Code,Age_of_Vehicle,Driver_IMD_Decile,Driver_Home_Area_Type,Vehicle_IMD_Decile
201501RY10455,1,9,0,4,0,8,0,0,0,0,2,1,6,2,58,9,1242,1,2,-1,-1,-1
201501RY10455,2,9,0,18,0,8,0,0,0,0,1,1,6,2,46,8,1396,1,-1,-1,1,-1
201501RY10456,1,3,0,18,0,8,0,0,0,0,1,1,6,1,54,8,1255,1,3,-1,1,-1
201501RY10456,2,9,0,9,0,8,0,0,0,0,4,1,6,2,38,7,1461,2,13,-1,1,-1
201501RY10457,1,9,0,18,0,0,0,0,0,0,3,1,6,2,35,6,-1,-1,-1,-1,1,-1
201501RY10458,1,9,0,18,0,8,0,0,0,0,3,1,6,1,84,11,1364,1,8,-1,1,-1
201501RY10458,2,9,0,9,0,8,0,0,0,0,1,1,6,1,54,8,1910,2,9,-1,1,-1
201501RY10459,1,11,0,4,0,8,0,0,0,0,0,1,1,1,65,9,6700,2,3,-1,1,-1
201501RY10460,1,9,0,18,0,8,0,0,0,0,4,1,6,2,31,6,1242,1,13,-1,1,-1
201501RY10460,2,9,0,7,0,8,0,0,0,0,3,1,6,2,24,5,1329,1,2,-1,1,-1
201501RY10461,1,9,0,4,0,8,0,0,0,0,2,1,6,1,20,4,1598,1,10,-1,1,-1
201501RY10461,2,9,0,18,0,8,0,0,0,0,1,1,6,1,-1,-1,-1,-1,-1,-1,-1,-1
201501RY10462,1,9,0,18,0,8,0,0,0,0,2,1,6,1,45,7,-1,-1,-1,-1,-1,-1
201501RY10462,2,9,0,18,0,8,0,0,0,0,1,1,6,2,28,6,1998,2,9,-1,1,-1
201501RY10463,1,9,0,7,0,8,0,0,0,0,4,1,6,1,51,8,1598,1,7,-1,1,-1
201501RY10464,1,9,0,9,0,8,0,0,0,0,3,1,6,1,30,6,1995,1,10,-1,1,-1
201501RY10464,2,1,0,15,0,8,0,0,0,0,4,1,6,1,24,5,-1,-1,-1,-1,1,-1
201501RY10465,1,9,0,4,0,8,0,0,0,0,2,1,6,1,48,8,1339,1,13,-1,1,-1
201501RY10465,2,9,0,18,0,8,0,0,0,0,1,1,6,1,32,6,2946,1,10,-1,1,-1
201501RY10466,1,9,0,18,0,0,0,0,0,0,4,1,6,1,66,10,1762,1,18,-1,1,-1
201501RY10467,1,9,0,16,0,0,0,0,0,0,1,1,6,1,25,5,1299,1,13,-1,1,-1
201501RY10467,2,9,0,17,0,0,0,0,0,0,3,1,6,1,20,4,1600,2,5,-1,3,-1
201501RY10468,1,9,0,18,0,8,0,0,0,0,1,1,6,1,39,7,1796,1,12,-1,1,-1
201501RY10468,2,9,0,4,0,8,0,0,0,0,2,1,6,2,20,4,1242,1,6,-1,1,-1
201501RY10469,1,9,0,6,0,0,0,0,0,0,4,1,6,1,66,10,1582,2,6,-1,1,-1
201501RY10469,2,9,0,18,0,0,0,0,0,0,1,1,6,2,26,6,1560,2,10,-1,1,-1
201501RY10470,1,9,0,18,0,0,0,0,0,0,3,1,6,1,-1,-1,-1,-1,-1,-1,-1,-1
201501RY10471,1,8,0,5,0,8,0,10,1,1,4,1,6,1,50,8,-1,-1,-1,-1,1,-1
201501RY10472,1,9,0,9,0,8,0,0,0,0,4,1,6,2,48,8,998,1,9,-1,1,-1
201501RY10473,1,9,0,18,0,8,0,10,1,1,4,1,6,1,30,6,-1,-1,-1,-1,1,-1
201501RY10474,1,9,0,9,0,8,0,0,0,0,1,1,6,1,-1,-1,2720,2,7,-1,1,-1
201501RY10474,2,9,0,9,0,8,0,0,0,0,4,1,6,2,26,6,1360,1,4,-1,1,-1
201501RY10475,1,9,0,18,0,8,0,0,0,0,3,1,6,2,72,10,1798,1,7,-1,1,-1
201501RY10476,1,9,0,18,0,0,0,0,0,0,4,1,6,2,34,6,1988,1,12,-1,1,-1
201501RY10477,1,9,0,7,0,8,0,0,0,0,3,1,6,2,45,7,1910,2,5,-1,1,-1
201501RY10477,2,3,0,18,0,8,0,0,0,0,1,1,6,1,25,5,125,1,5,-1,1,-1
201501RY10478,1,19,0,4,0,0,0,10,0,0,4,1,6,1,22,5,-1,-1,-1,-1,-1,-1
201501RY10478,2,1,0,18,0,0,0,0,0,0,1,1,6,1,11,3,-1,-1,-1,-1,1,-1
201501RY10479,1,3,0,18,0,0,0,0,0,0,1,1,6,1,28,6,125,1,-1,-1,1,-1
201501RY10479,2,9,0,6,0,0,0,0,0,0,3,1,6,1,34,6,998,1,2,-1,1,-1
201501RY10480,1,9,0,18,0,8,0,10,1,10,4,1,6,1,35,6,2435,1,14,-1,1,-1
201501RY10481,1,9,0,4,0,8,0,0,0,0,2,1,6,2,28,6,1798,1,5,-1,1,-1
201501RY10481,2,20,0,18,0,8,0,0,0,0,1,1,6,1,52,8,-1,-1,-1,-1,1,-1
201501RY10482,1,8,0,18,0,8,0,0,0,0,1,1,6,1,24,5,1956,2,5,-1,1,-1
201501RY10482,2,9,0,4,0,8,0,0,0,0,2,1,6,1,24,5,1995,2,5,-1,1,-1
201501RY10483,1,9,0,7,0,8,0,0,0,0,3,1,6,2,22,5,1390,1,6,-1,3,-1
201501RY10483,2,9,0,9,0,8,0,0,0,0,4,1,6,1,-1,-1,1796,1,-1,-1,-1,-1
201501RY10484,1,9,0,9,0,8,0,0,0,0,3,1,6,1,66,10,1200,1,-1,-1,1,-1
201501RY10484,2,3,0,10,0,8,0,0,0,0,1,1,6,1,30,6,109,1,2,-1,-1,-1
201501RY10485,1,9,0,7,0,8,0,0,0,0,1,1,6,1,24,5,-1,-1,-1,-1,2,-1
201501RY10485,2,9,0,7,0,8,0,0,0,0,2,1,6,1,24,5,-1,-1,-1,-1,1,-1
201501RY10486,1,9,0,18,0,8,0,0,0,0,4,1,6,1,20,4,1753,2,8,-1,1,-1
201501RY10486,2,9,0,9,0,8,0,0,0,0,3,1,6,2,46,8,1497,1,12,-1,-1,-1
201501RY10487,1,9,0,18,0,8,0,0,0,0,4,1,6,1,-1,-1,-1,-1,-1,-1,-1,-1
201501RY10488,1,9,0,5,0,8,0,0,0,0,4,1,6,1,54,8,1896,2,5,-1,1,-1
201501RY10489,1,9,0,7,0,2,0,0,0,0,1,1,6,2,-1,-1,1968,2,9,-1,1,-1
201501RY10491,1,9,0,18,0,0,1,10,1,10,1,1,6,2,23,5,1364,1,8,-1,1,-1
201501RY10492,1,9,0,18,0,8,0,0,0,0,4,1,6,2,61,9,1150,1,11,-1,1,-1
201501RY10493,1,11,0,18,0,8,0,0,0,0,3,1,6,2,53,8,8300,2,8,-1,1,-1
201501RY10493,2,9,0,15,0,8,0,0,0,0,4,1,6,1,-1,-1,1956,2,1,-1,-1,-1
201501RY10494,1,9,0,7,0,8,0,0,0,0,3,1,6,1,60,9,1598,1,12,-1,1,-1
201501RY10494,2,3,0,18,0,8,0,0,0,0,1,1,6,1,31,6,750,1,7,-1,1,-1
201501RY10495,1,9,0,4,0,0,0,0,0,0,2,1,6,1,37,7,1956,2,1,-1,1,-1
201501RY10495,2,9,0,18,0,0,0,0,0,0,1,1,6,1,18,4,1991,2,8,-1,1,-1
201501RY10496,1,9,0,18,0,0,0,0,0,0,4,1,6,1,50,8,-1,-1,-1,-1,1,-1
201501RY10497,1,11,0,4,0,8,0,0,0,0,0,1,6,1,58,9,4500,2,5,-1,1,-1
201501RY10498,1,9,0,4,0,8,0,0,0,0,2,1,6,2,20,4,1242,1,6,-1,1,-1
201501RY10498,2,9,0,18,0,8,0,0,0,0,1,1,6,1,-1,-1,-1,-1,-1,-1,1,-1
201501RY10499,1,9,0,18,0,0,0,0,0,0,1,1,6,1,46,8,1995,2,3,-1,1,-1
201501RY10499,2,9,0,4,0,0,0,0,0,0,2,1,6,1,-1,-1,1796,1,10,-1,1,-1
201501RY10508,1,19,0,18,0,8,0,0,0,0,4,1,6,2,57,9,1399,2,5,-1,1,-1
201501RY10508,2,9,0,7,0,8,0,0,0,0,1,1,6,1,77,11,2179,2,7,-1,3,-1
201501RY10509,1,9,0,5,0,0,0,0,0,0,3,1,6,1,64,9,1956,2,2,-1,1,-1
201501RY10509,2,9,0,15,0,0,0,0,0,0,4,1,6,1,46,8,2597,1,12,-1,1,-1
201501RY10511,1,9,0,9,0,8,0,10,7,2,3,1,6,1,28,6,1396,1,13,-1,1,-1
201501RY10517,1,9,0,3,0,0,0,0,0,0,2,1,6,2,38,7,1598,2,3,-1,-1,-1
201501RY10517,2,19,0,18,0,0,0,0,0,0,1,1,6,1,20,4,2148,2,6,-1,1,-1
201501RY10517,3,9,0,3,0,0,0,0,0,0,2,1,6,1,45,7,2143,2,3,-1,1,-1
201501RY19004,1,9,0,18,0,8,0,0,0,0,4,1,6,1,-1,-1,2000,1,10,-1,-1,-1
201501RY19010,1,9,0,9,0,8,0,0,0,0,4,1,6,2,18,4,-1,-1,-1,-1,1,-1
201501RY19010,2,9,0,18,0,8,0,0,0,0,1,1,6,2,48,8,2362,1,13,-1,1,-1
201501RY19024,1,9,0,18,0,0,0,0,0,0,4,1,6,1,-1,-1,-1,-1,-1,-1,-1,-1
201501RY19032,1,9,0,18,0,0,0,0,0,0,3,1,6,1,40,7,2143,2,2,-1,1,-1
201501RY19032,2,9,0,11,0,0,0,0,0,0,4,1,6,1,-1,-1,1598,1,10,-1,-1,-1
201501RY19044,1,3,0,13,0,8,0,0,0,0,4,1,6,1,30,6,124,1,2,-1,1,-1
201501RY19044,2,9,0,9,0,8,0,0,0,0,3,1,6,3,-1,-1,-1,-1,-1,-1,-1,-1
201501RY19051,1,19,0,9,0,2,0,0,0,0,1,1,6,1,26,6,-1,-1,-1,-1,1,-1
201501SX20001,1,9,0,9,0,8,0,0,0,0,1,1,6,1,25,5,1997,2,8,-1,1,-1
201501SX20003,1,9,0,10,0,8,0,0,0,0,3,1,6,2,30,6,1686,2,12,-1,1,-1
201501SX20003,2,9,0,7,0,8,0,0,0,0,1,1,6,3,-1,-1,-1,-1,-1,-1,-1,-1
201501SX20005,1,9,0,3,0,8,0,0,0,0,2,1,6,1,40,7,1248,2,4,-1,1,-1
201501SX20005,2,9,0,18,0,8,0,0,0,0,1,1,6,1,26,6,1364,1,1,-1,1,-1
201501SX20006,1,9,0,18,0,0,0,4,0,0,4,1,6,2,46,8,1796,1,15,-1,1,-1
201501SX20008,1,9,0,9,0,8,0,0,0,0,4,1,6,1,56,9,-1,-1,-1,-1,1,-1
201501SX20008,2,5,0,18,0,8,0,0,0,0,1,1,6,1,58,9,599,1,5,-1,1,-1
201501SX20010,1,19,0,18,0,1,0,0,0,0,4,1,6,3,-1,-1,-1,-1,-1,-1,-1,-1
201501SX20011,1,9,0,18,0,0,5,10,1,4,1,1,6,1,31,6,1896,2,10,-1,1,-1
201501SX20014,1,9,0,4,0,2,0,0,0,0,2,1,1,1,58,9,1995,1,9,-1,1,-1
201501SX20014,2,9,0,7,0,2,0,0,0,0,1,1,6,2,28,6,-1,-1,-1,-1,1,-1
201501SX20016,1,9,0,18,0,2,0,0,0,0,2,1,6,2,-1,-1,-1,-1,-1,-1,-1,-1
201501SX20016,2,9,0,18,0,2,0,0,0,0,1,1,6,1,30,6,1339,1,2,-1,1,-1
201501SX20016,3,9,0,18,0,2,0,0,0,0,1,1,6,1,50,8,1560,2,1,-1,1,-1
201501SX20016,4,9,0,18,0,2,0,0,0,0,1,1,6,2,45,7,-1,-1,-1,-1,-1,-1
201501SX20019,1,9,0,18,0,8,0,10,3,4,1,1,6,2,30,6,1997,2,3,-1,1,-1
201501SX20020,1,19,0,6,0,8,0,0,0,0,3,1,6,1,41,7,2198,2,6,-1,1,-1
201501SX20020,2,9,0,18,0,8,0,0,0,0,4,1,6,1,19,4,1388,1,12,-1,1,-1
201501SX20021,1,9,0,3,0,1,0,0,0,0,2,1,6,1,58,9,1597,1,15,-1,1,-1
201501SX20021,2,9,0,18,0,1,0,0,0,0,1,1,6,1,75,10,1997,1,3,-1,1,-1
201501SX20023,1,9,0,18,0,8,0,0,0,0,1,1,6,1,47,8,-1,-1,-1,-1,1,-1
201501SX20024,1,9,0,7,0,2,0,0,0,0,3,1,6,1,49,8,2993,2,3,-1,1,-1
201501SX20026,1,9,0,3,0,2,0,0,0,0,2,1,6,1,26,6,2435,1,17,-1,1,-1
201501SX20026,2,9,0,4,0,2,0,0,0,0,1,1,6,1,22,5,1296,1,9,-1,1,-1
201501SX20027,1,5,0,18,0,0,0,0,0,0,4,1,6,1,34,6,749,1,17,-1,1,-1
201501SX20027,2,9,0,5,0,0,0,0,0,0,3,1,6,1,-1,-1,-1,-1,-1,-1,-1,-1
201501SX20028,1,9,0,18,0,2,0,0,0,0,1,1,6,1,-1,-1,1598,1,10,-1,1,-1
201501SX20028,2,9,0,18,0,2,0,0,0,0,2,1,6,2,46,8,1497,8,6,-1,1,-1
201501SX20028,3,9,0,18,0,2,0,0,1,7,2,1,6,1,49,8,-1,-1,-1,-1,1,-1
201501SX20030,1,9,0,18,0,0,1,10,1,10,1,1,6,1,20,4,1598,1,2,-1,1,-1
201501SX20031,1,9,0,9,0,8,0,0,0,0,3,1,6,2,31,6,1390,1,4,-1,1,-1
201501SX20031,2,9,0,18,0,8,0,0,0,0,1,1,6,1,50,8,2184,2,10,-1,1,-1
201501SX20032,1,9,0,9,0,2,0,0,0,0,1,1,6,2,47,8,2179,2,7,-1,1,-1
201501SX20033,1,9,0,18,0,8,0,0,0,0,1,1,6,2,-1,-1,1497,8,10,-1,-1,-1
201501SX20034,1,9,0,10,0,8,0,0,0,0,2,1,6,2,43,7,1995,2,1,-1,1,-1
201501SX20034,2,9,0,18,0,8,0,0,0,0,1,1,6,2,20,4,1242,1,4,-1,1,-1
201501SX20035,1,9,0,7,0,3,0,10,1,10,1,1,6,2,32,6,1299,1,12,-1,1,-1
201501SX20036,1,9,0,3,0,0,0,0,0,0,4,1,6,1,34,6,2720,2,9,-1,1,-1
201501SX20036,2,1,0,15,0,0,0,0,0,0,3,1,6,1,60,9,-1,-1,-1,-1,1,-1
201501SX20038,1,9,0,18,0,0,0,0,1,4,1,1,6,2,39,7,-1,-1,-1,-1,1,-1
201501SX20039,1,9,0,6,0,0,0,0,0,0,3,1,6,1,49,8,-1,-1,-1,-1,1,-1
201501SX20039,2,3,0,13,0,0,0,0,0,0,4,1,6,1,46,8,124,1,20,-1,1,-1
201501SX20040,1,9,0,7,0,8,0,0,0,0,1,1,6,1,-1,-1,1598,1,10,-1,1,-1
201501SX20040,2,9,0,18,0,8,0,0,0,0,1,1,6,1,-1,-1,-1,-1,-1,-1,-1,-1
201501SX20041,1,9,0,16,0,0,0,0,0,0,1,1,6,1,29,6,2499,1,7,-1,1,-1
201501SX20041,2,19,0,17,0,0,0,0,0,0,1,1,6,1,34,6,1896,2,7,-1,1,-1
201501SX20042,1,9,0,9,0,8,0,0,0,0,1,1,6,1,49,8,1997,2,6,-1,1,-1
201501SX20042,2,9,0,15,0,8,0,0,0,0,3,1,6,1,42,7,2993,2,8,-1,-1,-1
201501SX20042,3,9,0,10,0,8,0,0,0,0,1,1,6,1,56,9,2987,2,1,-1,1,-1
201501SX20043,1,9,0,9,0,8,0,0,0,0,1,1,6,1,80,11,1798,1,8,-1,1,-1
201501SX20043,2,9,0,18,0,8,0,0,0,0,3,1,6,1,39,7,1240,1,12,-1,1,-1
201501SX20044,1,9,0,9,0,8,0,0,0,0,1,1,6,1,44,7,1749,1,12,-1,1,-1
201501SX20044,2,3,0,18,0,8,0,0,0,0,1,1,6,1,20,4,124,1,6,-1,1,-1
201501SX20046,1,9,0,9,0,8,0,0,0,0,3,1,6,2,66,10,2993,2,4,-1,1,-1
201501SX20046,2,1,0,9,0,8,0,0,0,0,4,1,6,1,50,8,-1,-1,-1,-1,1,-1
201501SX20049,1,4,0,18,0,8,0,0,0,0,3,1,6,1,23,5,124,1,2,-1,1,-1
201501SX20050,1,9,0,17,0,0,5,4,7,2,1,1,6,2,42,7,-1,-1,-1,-1,-1,-1
201501SX20051,1,9,0,18,0,0,0,0,0,0,4,1,6,1,50,8,1400,1,9,-1,1,-1
201501SX20052,1,9,0,17,0,0,0,0,7,4,1,1,6,1,27,6,-1,-1,-1,-1,1,-1
201501SX20055,1,9,0,18,0,0,0,0,0,0,4,1,6,1,63,9,4196,1,10,-1,1,-1
201501SX20056,1,9,0,14,0,2,0,4,0,0,3,1,6,2,29,6,1598,2,5,-1,1,-1
201501SX20056,2,9,0,18,0,1,0,0,0,0,3,1,6,1,49,8,1000,1,2,-1,-1,-1
201501SX20056,3,9,0,2,0,1,0,0,0,0,3,1,6,1,42,7,1997,2,4,-1,-1,-1
201501SX20057,1,9,0,9,0,2,0,0,0,0,1,1,6,2,36,7,1560,2,2,-1,1,-1
201501SX20059,1,9,0,9,0,2,0,0,0,0,4,1,6,1,-1,-1,1783,1,11,-1,1,-1
201501SX20060,1,9,0,3,0,1,0,0,0,0,2,1,6,1,33,6,-1,-1,-1,-1,1,-1
201501SX20060,2,3,0,18,0,1,0,0,0,0,1,1,6,1,21,5,124,1,6,-1,1,-1
201501SX20062,1,9,0,6,0,2,0,0,0,0,4,1,6,2,-1,-1,3311,8,8,-1,1,-1
201501SX20062,2,3,0,18,0,1,0,0,0,0,4,1,6,2,25,5,124,1,3,-1,1,-1
201501SX20063,1,9,0,18,0,2,0,0,0,0,1,1,6,2,36,7,-1,-1,-1,-1,1,-1
201501SX20063,2,9,0,18,0,1,0,0,0,0,1,1,6,1,27,6,-1,-1,-1,-1,1,-1
201501SX20064,1,19,0,9,0,8,0,0,0,0,3,1,6,1,26,6,-1,-1,-1,-1,1,-1
201501SX20064,2,9,0,18,0,8,0,10,7,10,1,1,6,1,-1,-1,1975,1,12,-1,1,-1
201501SX20065,1,9,0,18,0,1,0,4,0,0,4,1,6,1,46,8,1299,1,11,-1,1,-1
201501SX20065,2,9,0,18,0,2,0,0,0,0,3,1,6,1,48,8,-1,-1,-1,-1,-1,-1
201501SX20068,1,9,0,11,0,0,0,0,0,0,4,1,6,1,26,6,1197,1,1,-1,1,-1
201501SX20068,2,3,0,18,0,0,0,10,1,0,3,1,6,1,-1,-1,1198,1,4,-1,2,-1
201501SX20069,1,9,0,18,0,1,0,0,0,0,3,1,6,1,20,4,1497,8,4,-1,1,-1
201501SX20069,2,9,0,18,0,1,0,0,0,0,4,1,6,3,-1,-1,1984,2,1,-1,-1,-1
201501SX20071,1,3,0,17,0,8,0,0,0,0,1,1,6,1,24,5,125,1,3,-1,1,-1
201501SX20071,2,9,0,16,0,8,0,0,0,0,1,1,6,1,24,5,2671,1,15,-1,1,-1
201501SX20071,3,19,0,17,0,8,0,0,0,0,3,1,6,1,-1,-1,2198,2,3,-1,1,-1
201501SX20072,1,9,0,9,0,8,0,0,0,0,1,1,6,1,36,7,2993,2,4,-1,1,-1
201501SX20072,2,9,0,18,0,8,0,0,0,0,3,1,6,2,61,9,1598,1,3,-1,1,-1
201501SX20074,1,9,0,9,0,8,0,0,0,0,4,1,6,1,20,4,-1,-1,-1,-1,1,-1
201501SX20074,2,9,0,18,0,8,0,0,0,0,1,1,6,1,56,9,1598,2,3,-1,1,-1
201501SX20075,1,9,0,3,0,2,0,0,0,0,2,1,6,1,71,10,1598,2,5,-1,1,-1
201501SX20075,2,8,0,3,0,2,0,0,0,0,2,1,6,1,57,9,2402,2,10,-1,1,-1
201501SX20075,3,9,0,18,0,2,0,0,0,0,1,1,6,1,28,6,1968,2,6,-1,1,-1
201501SX20076,1,9,0,9,0,2,0,0,0,0,3,1,6,1,-1,-1,1783,1,11,-1,1,-1
201501SX20080,1,9,0,9,0,2,0,0,0,0,2,1,6,1,86,11,1298,1,13,-1,1,-1
201501SX20080,2,9,0,9,0,2,0,0,0,0,1,1,6,1,20,4,1560,2,7,-1,1,-1
201501SX20081,1,9,0,3,0,1,0,0,0,0,2,1,6,1,66,10,1242,1,2,-1,1,-1
201501SX20081,2,9,0,4,0,1,0,0,0,0,1,1,6,2,-1,-1,1364,1,9,-1,-1,-1
201501SX20082,1,9,0,3,0,1,0,0,0,0,2,1,6,1,20,4,-1,-1,-1,-1,1,-1
201501SX20082,2,9,0,18,0,1,0,0,0,0,1,1,6,2,-1,-1,1240,1,11,-1,-1,-1
201501SX20083,1,9,0,18,0,1,0,0,0,0,2,1,6,3,-1,-1,-1,-1,-1,-1,-1,-1
201501SX20083,2,3,0,18,0,1,0,0,0,0,1,1,6,1,23,5,125,1,1,-1,1,-1
201501SX20084,1,9,0,5,0,0,0,0,0,0,3,1,6,1,42,7,998,1,3,-1,3,-1
201501SX20084,2,3,0,18,0,0,0,0,0,0,1,1,1,1,23,5,125,1,11,-1,1,-1
201501SX20085,1,9,0,14,0,0,0,0,0,0,1,1,6,1,33,6,-1,-1,-1,-1,1,-1
201501SX20086,1,9,0,3,0,1,0,0,0,0,2,1,6,2,27,6,-1,-1,-1,-1,1,-1
201501SX20086,2,9,0,18,0,1,0,0,0,0,1,1,6,2,42,7,1997,1,8,-1,1,-1
201501SX20087,1,9,0,18,0,8,0,0,0,0,1,1,6,1,53,8,2993,2,3,-1,1,-1
201501SX20087,2,9,0,18,0,8,0,0,0,0,3,1,6,1,30,6,1900,2,10,-1,1,-1
201501SX20088,1,9,0,3,0,1,0,0,0,0,2,1,6,2,19,4,2000,2,11,-1,1,-1
201501SX20088,2,9,0,18,0,1,0,0,0,0,1,1,6,1,-1,-1,1796,1,11,-1,-1,-1
201501SX20090,1,9,0,7,0,2,0,0,0,0,1,1,6,2,23,5,998,1,-1,-1,1,-1
201501SX20092,1,9,0,3,0,1,0,0,0,0,2,1,6,1,38,7,2204,2,10,-1,1,-1
201501SX20092,2,9,0,4,0,1,0,0,0,0,1,1,6,1,28,6,1598,2,3,-1,1,-1
201501SX20094,1,9,0,9,0,8,0,0,0,0,4,1,6,1,62,9,1995,2,10,-1,1,-1
201501SX20094,2,9,0,18,0,8,0,0,0,0,1,1,6,2,35,6,1590,1,12,-1,1,-1
201501SX20095,1,9,0,3,0,1,0,0,0,0,2,1,6,1,-1,-1,2143,2,2,-1,-1,-1
201501SX20095,2,9,0,18,0,1,0,0,0,0,1,1,6,1,-1,-1,-1,-1,-1,-1,1,-1
201501SX20096,1,9,0,1,0,8,0,0,0,0,3,1,6,1,28,6,1596,1,13,-1,1,-1
201501SX20097,1,9,0,18,0,1,0,0,0,0,1,1,6,1,40,7,1796,1,10,-1,1,-1
201501SX20098,1,9,0,18,0,8,0,0,0,0,4,1,6,1,55,8,1783,1,11,-1,1,-1
201501SX20099,1,9,0,3,0,2,0,0,0,0,2,1,6,2,60,9,2499,1,3,-1,-1,-1
201501SX20099,2,9,0,18,0,2,0,0,0,0,1,1,6,1,-1,-1,1951,2,12,-1,-1,-1
201501SX20100,1,9,0,18,0,8,0,0,0,0,1,1,6,1,-1,-1,1242,1,5,-1,-1,-1
201501SX20101,1,5,0,8,0,1,0,0,0,0,2,1,6,1,46,8,1170,1,1,-1,1,-1
201501SX20101,2,9,0,4,0,1,0,0,0,0,1,1,6,2,-1,-1,1796,2,2,-1,-1,-1
201501SX20102,1,9,0,18,0,1,0,0,0,0,1,1,6,1,30,6,1199,1,11,-1,1,-1
201501SX20103,1,9,0,9,0,8,0,0,0,0,4,1,2,2,44,7,2499,2,12,-1,1,-1
201501SX20103,2,9,0,18,0,8,0,0,0,0,1,1,2,1,56,9,2393,1,11,-1,1,-1
201501SX20104,1,9,0,4,0,8,0,0,0,0,2,1,6,2,46,8,1397,1,11,-1,1,-1
201501SX20104,2,9,0,18,0,8,0,0,0,0,1,1,6,1,-1,-1,-1,-1,-1,-1,-1,-1
201501SX20105,1,5,0,18,0,8,1,0,0,0,4,1,6,1,43,7,599,1,14,-1,1,-1
201501SX20105,2,9,0,5,0,8,0,0,0,0,3,1,6,2,57,9,1584,1,10,-1,1,-1
201501SX20106,1,9,0,18,0,2,1,0,0,0,1,1,6,1,43,7,-1,-1,-1,-1,1,-1
201501SX20108,1,9,0,18,0,8,0,0,0,0,4,1,6,1,30,6,1997,2,7,-1,1,-1
201501SX20108,2,9,0,18,0,8,0,0,0,0,1,1,6,1,31,6,1497,8,10,-1,1,-1
201501SX20109,1,3,0,18,0,1,0,0,0,0,1,1,1,1,40,7,299,1,2,-1,-1,-1
201501SX20109,2,9,0,6,0,1,0,0,0,0,3,1,6,2,-1,-1,1242,1,1,-1,1,-1
201501SX20110,1,9,0,4,0,0,0,0,0,0,0,1,6,2,34,6,1598,2,3,-1,1,-1
201501SX20110,2,1,0,18,0,0,0,0,0,0,0,1,6,1,49,8,-1,-1,-1,-1,1,-1
201501SX20111,1,1,0,18,0,8,0,0,0,0,1,1,6,1,25,5,-1,-1,-1,-1,1,-1
201501SX20111,2,9,0,9,0,8,0,0,0,0,4,1,6,2,60,9,1498,1,5,-1,1,-1
201501SX20112,1,3,0,4,0,2,1,0,0,0,4,1,1,1,24,5,125,1,12,-1,1,-1
201501SX20113,1,19,0,18,0,1,0,0,0,0,3,1,1,1,54,8,2402,2,5,-1,1,-1
201501SX20114,1,9,0,18,0,0,0,0,0,0,1,1,1,2,60,9,1910,2,9,-1,1,-1
201501SX20114,2,1,0,18,0,0,0,0,0,0,2,1,1,1,36,7,-1,-1,-1,-1,1,-1
201501SX20115,1,9,0,18,0,0,0,10,1,10,4,1,6,1,22,5,2987,2,9,-1,1,-1
201501SX20116,1,9,0,5,0,1,0,0,0,0,1,1,6,1,-1,-1,-1,-1,-1,-1,-1,-1
201501SX20118,1,9,0,18,0,0,0,0,0,0,2,1,6,1,39,7,-1,-1,-1,-1,1,-1
201501SX20118,2,9,0,18,0,0,0,0,0,0,1,1,6,1,48,8,-1,-1,-1,-1,1,-1
201501SX20119,1,9,0,4,0,1,0,0,0,0,2,1,6,1,41,7,998,1,2,-1,1,-1
201501SX20119,2,19,0,4,0,1,0,0,0,0,1,1,6,3,-1,-1,1399,2,5,-1,-1,-1
201501SX20120,1,9,0,18,0,0,0,7,0,0,4,1,6,1,66,10,1390,1,2,-1,1,-1
201501SX20122,1,9,0,18,0,8,0,0,0,0,1,1,6,1,-1,-1,-1,-1,-1,-1,-1,-1
201501SX20123,1,5,0,18,0,8,0,0,0,0,1,1,6,1,48,8,-1,-1,-1,-1,1,-1
201501SX20123,2,9,0,9,0,8,0,0,0,0,3,1,6,2,35,6,1596,1,23,-1,1,-1
201501SX20124,1,3,0,7,0,1,0,0,0,0,1,1,1,1,31,6,125,1,5,-1,1,-1
201501SX20124,2,19,0,7,0,1,0,0,0,0,2,1,6,1,35,6,-1,-1,-1,-1,-1,-1
201501SX20125,1,9,0,4,0,0,0,0,0,0,2,1,6,1,46,8,1995,2,11,-1,1,-1
201501SX20125,2,9,0,18,0,0,0,0,0,0,1,1,6,1,-1,-1,1598,2,1,-1,-1,-1
201501SX20127,1,3,0,18,0,0,0,0,0,0,3,1,6,1,21,5,125,1,12,-1,1,-1
201501SX20128,1,9,0,1,0,8,0,0,0,0,2,1,6,1,26,6,-1,-1,-1,-1,-1,-1
201501SX20128,2,4,0,18,0,8,0,0,0,0,1,1,6,1,28,6,108,1,1,-1,1,-1
201501SX20129,1,9,0,1,0,8,0,0,0,0,2,1,6,2,42,7,1246,1,8,-1,1,-1
201501SX20130,1,9,0,9,0,8,0,0,0,0,3,1,6,1,25,5,1753,2,8,-1,3,-1
201501SX20130,2,3,0,15,0,8,0,0,0,0,1,1,6,1,22,5,125,1,-1,-1,1,-1
201501SX20131,1,9,0,18,0,8,0,0,0,0,3,1,6,2,53,8,1590,1,12,-1,1,-1
201501SX20131,2,20,0,18,0,8,0,0,0,0,4,1,6,1,-1,-1,10837,2,2,-1,-1,-1
201501SX20132,1,9,0,5,0,1,0,0,0,0,1,1,6,2,50,8,1995,2,8,-1,1,-1