Accident_Index,Vehicle_Reference,Vehicle_Type,Towing_and_Articulation,Vehicle_Manoeuvre,Vehicle_Location-Restricted_Lane,Junction_Location,Skidding_and_Overturning,Hit_Object_in_Carriageway,Vehicle_Leaving_Carriageway,Hit_Object_off_Carriageway,1st_Point_of_Impact,Was_Vehicle_Left_Hand_Drive?,Journey_Purpose_of_Driver,Sex_of_Driver,Age_of_Driver,Age_Band_of_Driver,Engine_Capacity_(CC),Propulsion_Code,Age_of_Vehicle,Driver_IMD_Decile,Driver_Home_Area_Type,Vehicle_IMD_Decile
201501SX20133,1,9,0,4,0,1,0,0,0,0,2,1,6,1,38,7,1686,2,7,-1,-1,-1
201501SX20133,2,9,0,4,0,1,0,0,0,0,1,1,6,2,25,5,2987,2,5,-1,1,-1
201501SX20134,1,9,0,5,0,1,0,4,0,0,3,1,6,2,30,6,1598,1,8,-1,1,-1
201501SX20134,2,11,0,18,0,1,0,0,0,0,4,1,6,1,39,7,4500,2,5,-1,1,-1
201501SX20136,1,4,0,4,0,1,1,4,0,0,1,1,1,1,22,5,108,1,7,-1,1,-1
201501SX20136,2,19,0,2,0,1,0,0,0,0,2,1,1,1,50,8,1995,2,3,-1,3,-1
201501SX20137,1,11,0,5,0,1,0,0,0,0,0,1,1,1,52,8,4500,2,7,-1,1,-1
201501SX20139,1,9,0,4,0,1,1,0,0,0,1,1,1,1,39,7,-1,-1,-1,-1,1,-1
201501SX20139,2,9,0,4,0,1,0,0,0,0,2,1,6,3,-1,-1,2987,2,6,-1,-1,-1
201501SX20140,1,9,0,4,0,8,0,0,0,0,2,1,1,1,42,7,1582,2,4,-1,1,-1
201501SX20140,2,9,0,4,0,8,0,0,0,0,1,1,6,2,34,6,1895,1,14,-1,1,-1
201501SX20141,1,2,0,18,0,8,0,0,0,0,1,1,6,1,36,7,124,1,9,-1,1,-1
201501SX20141,2,5,0,9,0,8,0,0,0,0,3,1,6,1,41,7,-1,-1,-1,-1,1,-1
201501SX20142,1,9,0,18,0,0,0,0,0,0,1,1,6,2,17,4,1248,1,4,-1,1,-1
201501SX20142,2,9,0,18,0,0,0,0,0,0,1,1,6,1,42,7,1968,2,7,-1,1,-1
201501SX20143,1,9,0,18,0,1,0,0,0,0,2,1,6,2,66,10,1997,1,8,-1,1,-1
201501SX20143,2,9,0,18,0,1,0,0,0,0,1,1,6,1,-1,-1,998,1,10,-1,-1,-1
201501SX20145,1,9,0,18,0,1,0,0,0,0,1,1,6,1,54,8,1997,1,11,-1,1,-1
201501SX20145,2,9,0,18,0,2,0,0,0,0,1,1,6,2,-1,-1,-1,-1,-1,-1,-1,-1
201501SX20146,1,9,0,18,0,0,0,0,0,0,3,1,6,2,53,8,-1,-1,-1,-1,1,-1
201501SX20146,2,9,0,18,0,0,0,0,0,0,3,1,6,2,17,4,1598,2,3,-1,1,-1
201501SX20148,1,1,0,18,0,0,0,0,0,0,1,1,6,1,-1,-1,-1,-1,-1,-1,-1,-1
201501SX20149,1,9,0,18,0,1,0,0,0,0,3,1,6,2,24,5,1796,1,3,-1,1,-1
201501SX20149,2,9,0,11,0,1,0,0,0,0,4,1,6,2,35,6,-1,-1,-1,-1,1,-1
201501SX20150,1,9,0,5,0,8,0,0,0,0,1,1,6,3,-1,-1,-1,-1,-1,-1,-1,-1
201501SX20150,2,9,0,18,0,8,0,0,0,0,4,1,6,1,26,6,1997,2,2,-1,1,-1
201501SX20151,1,9,0,18,0,8,0,0,0,0,1,1,6,1,36,7,1685,2,2,-1,1,-1
201501SX20151,2,9,0,9,0,8,0,0,0,0,3,1,6,1,-1,-1,998,1,1,-1,-1,-1
201501SX20152,1,5,0,18,0,8,0,0,0,0,3,1,6,1,51,8,999,1,4,-1,1,-1
201501SX20153,1,11,0,9,0,8,0,0,0,0,3,1,1,1,61,9,8300,2,9,-1,-1,-1
201501SX20153,2,9,0,18,0,8,0,0,0,0,1,1,2,1,20,4,-1,-1,-1,-1,1,-1
201501SX20154,1,9,0,13,0,1,0,0,0,0,2,1,6,1,20,4,1398,1,1,-1,1,-1
201501SX20155,1,3,0,15,0,0,0,0,0,0,4,1,6,1,41,7,124,1,11,-1,1,-1
201501SX20155,2,19,0,12,0,0,0,0,0,0,3,1,6,1,-1,-1,-1,-1,-1,-1,-1,-1
201501SX20157,1,9,0,18,0,1,0,0,0,0,4,1,6,1,34,6,1796,1,15,-1,1,-1
201501SX20160,1,9,0,3,0,1,0,0,0,0,2,1,6,2,51,8,2000,1,8,-1,1,-1
201501SX20160,2,9,0,18,0,1,0,0,0,0,1,1,6,1,-1,-1,-1,-1,-1,-1,-1,-1
201501SX20161,1,9,0,5,0,1,0,0,0,0,2,1,6,2,46,8,1998,1,8,-1,1,-1
201501SX20161,2,3,0,5,0,1,0,0,0,0,1,1,6,1,52,8,125,1,8,-1,1,-1
201501SX20163,1,9,0,9,0,2,0,0,0,0,3,1,6,2,38,7,1598,1,15,-1,1,-1
201501SX20163,2,9,0,18,0,1,0,0,0,0,3,1,6,2,-1,-1,1596,1,4,-1,-1,-1
201501SX20164,1,9,0,9,0,8,0,0,0,0,3,1,6,1,33,6,1968,2,8,-1,1,-1
201501SX20164,2,4,0,18,0,8,1,0,0,0,1,1,6,1,31,6,499,1,7,-1,1,-1
201501SX20166,1,9,0,18,0,0,0,0,0,0,1,1,2,2,28,6,1968,2,5,-1,1,-1
201501SX20166,2,9,0,18,0,0,0,0,0,0,1,1,3,2,34,6,-1,-1,-1,-1,1,-1
201501SX20167,1,9,0,18,0,1,0,0,0,0,1,1,6,1,49,8,1997,1,7,-1,1,-1
201501SX20168,1,5,0,5,0,8,0,0,0,0,0,1,2,2,43,7,250,1,26,-1,1,-1
201501SX20169,1,9,0,18,0,0,0,4,0,0,1,1,6,2,52,8,1339,1,1,-1,1,-1
201501SX20170,1,9,0,18,0,8,0,0,0,0,1,1,6,1,64,9,1299,1,9,-1,1,-1
201501SX20170,2,9,0,18,0,8,0,0,0,0,1,1,6,1,-1,-1,-1,-1,-1,-1,-1,-1
201501SX20171,1,9,0,18,0,0,0,4,0,0,4,1,6,1,80,11,1368,1,8,-1,1,-1
201501SX20172,1,11,0,18,0,0,0,0,0,0,1,1,1,1,55,8,4500,2,5,-1,1,-1
201501SX20174,1,9,0,18,0,8,0,0,0,0,1,1,6,2,55,8,1968,2,9,-1,1,-1
201501SX20174,2,9,0,9,0,8,0,0,0,0,4,1,6,1,-1,-1,-1,-1,-1,-1,-1,-1
201501SX20175,1,9,0,18,0,0,1,4,0,0,1,1,6,2,35,6,1598,1,9,-1,1,-1
201501SX20176,1,2,0,18,0,1,0,0,0,0,3,1,6,1,31,6,124,1,5,-1,-1,-1
201501SX20177,1,9,0,12,0,7,0,0,0,0,0,1,6,2,34,6,2460,2,10,-1,1,-1
201501SX20177,2,3,0,18,0,1,0,0,0,0,0,1,6,1,48,8,125,1,4,-1,3,-1
201501SX20178,1,11,0,14,0,1,0,0,0,0,1,1,1,1,58,9,4500,2,5,-1,1,-1
201501SX20179,1,11,0,2,0,2,0,0,0,0,0,1,1,3,-1,-1,-1,-1,-1,-1,-1,-1
201501SX20180,1,11,0,8,0,1,0,0,0,0,4,1,1,1,42,7,6700,2,6,-1,1,-1
201501SX20180,2,19,0,5,0,1,0,0,0,0,3,1,6,1,44,7,3920,2,8,-1,-1,-1
201501SX20181,1,9,0,9,0,1,0,0,0,0,1,1,6,1,69,10,-1,-1,-1,-1,1,-1
201501SX20182,1,9,0,7,0,5,0,0,0,0,4,1,1,1,46,8,-1,-1,-1,-1,-1,-1
201501SX20182,2,1,0,15,0,8,0,0,0,0,3,1,6,1,46,8,-1,-1,-1,-1,1,-1
201501SX20183,1,9,0,18,0,0,0,4,1,0,1,1,6,1,-1,-1,2656,1,9,-1,-1,-1
201501SX20183,2,9,0,18,0,0,0,0,0,0,1,1,6,1,39,7,1360,1,12,-1,1,-1
201501SX20184,1,19,0,9,0,5,0,0,0,0,4,1,6,1,-1,-1,-1,-1,-1,-1,1,-1
201501SX20184,2,1,0,18,0,8,0,0,0,0,1,1,6,1,76,11,-1,-1,-1,-1,-1,-1
201501SX20185,1,9,0,18,0,0,0,0,0,0,1,1,6,1,-1,-1,-1,-1,-1,-1,-1,-1
201501SX20186,1,9,0,18,0,8,0,0,0,0,1,1,2,2,47,8,-1,-1,-1,-1,1,-1
201501SX20186,2,9,0,9,0,8,0,0,0,0,4,1,1,1,35,6,2378,1,11,-1,1,-1
201501SX20187,1,9,0,3,0,8,0,0,0,0,2,1,6,1,36,7,1197,1,4,-1,1,-1
201501SX20187,2,9,0,18,0,8,0,0,0,0,1,1,6,1,-1,-1,1198,1,9,-1,-1,-1
201501SX20188,1,9,0,5,0,2,0,0,0,0,1,1,6,1,-1,-1,1197,1,2,-1,-1,-1
201501SX20190,1,9,0,9,0,8,0,0,0,0,3,1,6,1,35,6,2324,1,13,-1,1,-1
201501SX20190,2,3,0,13,0,8,0,0,0,0,4,1,6,1,22,5,124,1,1,-1,-1,-1
201501SX20192,1,19,0,18,0,0,0,0,0,0,1,1,6,1,30,6,1896,2,6,-1,1,-1
201501SX20193,1,19,0,2,0,0,0,0,0,0,2,2,6,3,-1,-1,-1,-1,-1,-1,-1,-1
201501SX20193,2,1,0,14,0,0,0,4,0,0,1,1,6,2,37,7,-1,-1,-1,-1,1,-1
201501SX20194,1,5,0,18,0,0,0,0,0,0,4,1,6,1,34,6,599,1,11,-1,1,-1
201501SX20194,2,9,0,6,0,0,0,0,0,0,3,1,6,1,71,10,1998,1,9,-1,1,-1
201501SX20195,1,9,0,18,0,0,1,4,0,0,1,1,6,1,28,6,1998,1,13,-1,1,-1
201501SX20196,1,9,0,5,0,2,0,0,0,0,1,1,6,2,63,9,1896,2,8,-1,1,-1
201501SX20196,2,9,0,18,0,1,0,0,0,0,4,1,6,1,-1,-1,2926,2,13,-1,1,-1
201501SX20197,1,19,0,18,0,1,0,0,0,0,1,1,6,1,26,6,2402,2,8,-1,1,-1
201501SX20197,2,9,0,18,0,1,0,0,0,0,2,1,6,2,54,8,-1,-1,-1,-1,1,-1
201501SX20197,3,9,0,18,0,1,0,0,0,0,2,1,6,1,35,6,1598,2,3,-1,1,-1
201501SX20198,1,9,0,9,0,8,0,0,0,0,1,1,1,2,32,6,1968,2,7,-1,1,-1
201501SX20198,2,9,0,18,0,6,0,0,0,0,1,1,2,1,23,5,1796,1,14,-1,1,-1
201501SX20199,1,9,0,5,0,1,0,0,0,0,3,1,6,2,65,9,-1,-1,-1,-1,-1,-1
201501SX20200,1,9,0,16,0,0,0,4,0,0,4,1,6,2,78,11,1390,1,2,-1,1,-1
201501SX20200,2,9,0,2,0,0,0,0,0,0,3,1,6,1,41,7,1598,1,2,-1,-1,-1
201501SX20201,1,9,0,4,0,0,0,0,0,0,1,1,6,1,33,6,1995,2,9,-1,1,-1
201501SX20202,1,9,0,14,0,0,0,0,0,0,1,1,6,1,47,8,1248,2,7,-1,-1,-1
201501SX20203,1,8,0,3,0,2,0,0,0,0,4,1,1,1,44,7,1798,8,3,-1,1,-1
201501SX20204,1,9,0,4,0,2,0,0,0,0,2,1,6,1,22,5,1390,1,4,-1,1,-1
201501SX20204,2,9,0,18,0,2,0,0,0,0,1,1,6,2,25,5,1296,1,7,-1,1,-1
201501SX20205,1,9,0,9,0,8,0,0,0,0,3,1,6,2,27,6,1997,1,8,-1,1,-1
201501SX20205,2,3,0,18,0,8,0,0,0,0,1,1,6,1,-1,-1,125,1,10,-1,1,-1
201501SX20207,1,3,0,18,0,0,0,4,0,0,1,1,2,2,22,5,124,1,4,-1,1,-1
201501SX20207,2,9,0,2,0,0,0,0,0,0,2,1,6,3,-1,-1,-1,-1,-1,-1,-1,-1
201501SX20207,3,9,0,18,0,0,0,0,0,0,3,1,1,1,64,9,2494,8,1,-1,1,-1
201501SX20208,1,9,0,3,0,1,0,0,0,0,2,1,6,2,64,9,1896,2,11,-1,2,-1
201501SX20208,2,19,0,18,0,1,0,0,0,0,1,1,2,1,38,7,1996,2,4,-1,1,-1
201501SX20209,1,9,0,18,0,0,0,0,0,0,1,1,6,2,23,5,1596,1,9,-1,1,-1
201501SX20210,1,9,0,18,0,1,0,0,0,0,1,1,6,2,-1,-1,-1,-1,-1,-1,-1,-1
201501SX20211,1,9,0,4,0,3,0,0,0,0,2,1,6,2,30,6,1598,1,4,-1,1,-1
201501SX20211,2,9,0,18,0,3,0,0,0,0,1,1,6,2,25,5,1398,1,5,-1,-1,-1
201501SX20212,1,9,0,18,0,8,0,0,0,0,1,1,6,1,44,7,1796,1,19,-1,1,-1
201501SX20212,2,9,0,9,0,6,0,0,0,0,3,1,6,2,68,10,1329,1,1,-1,1,-1
201501SX20213,1,9,0,4,0,2,0,0,0,0,1,1,6,2,32,6,2143,2,-1,-1,1,-1
201501SX20213,2,9,0,4,0,2,0,0,0,0,2,1,2,1,41,7,-1,-1,-1,-1,1,-1
201501SX20213,3,9,0,4,0,2,0,0,0,0,2,1,6,1,36,7,1995,2,7,-1,1,-1
201501SX20214,1,3,0,18,0,0,0,0,0,0,1,1,6,1,37,7,125,1,1,-1,1,-1
201501SX20214,2,9,0,18,0,0,0,0,0,0,2,1,6,3,-1,-1,-1,-1,-1,-1,-1,-1
201501SX20215,1,9,0,18,0,1,0,11,0,0,1,1,6,1,74,10,1339,1,10,-1,1,-1
201501SX20216,1,19,0,18,0,8,0,0,0,0,1,1,6,1,52,8,2198,2,3,-1,1,-1
201501SX20217,1,9,0,18,0,8,0,0,0,0,3,1,1,1,37,7,-1,-1,-1,-1,-1,-1
201501SX20217,2,9,0,18,0,8,0,0,0,0,4,1,2,1,39,7,993,1,14,-1,1,-1
201501SX20218,1,9,0,18,0,8,0,0,0,0,4,1,6,2,40,7,-1,-1,-1,-1,-1,-1
201501SX20218,2,9,0,9,0,6,0,0,0,0,1,1,6,2,-1,-1,1242,1,2,-1,1,-1
201501SX20219,1,9,0,9,0,6,0,0,0,0,3,1,6,1,55,8,1910,2,10,-1,1,-1
201501SX20219,2,4,0,18,0,8,0,0,7,0,1,1,6,1,45,7,330,1,1,-1,1,-1
201501SX20220,1,9,0,9,0,8,0,0,0,0,1,1,6,1,58,9,1596,1,4,-1,1,-1
201501SX20220,2,3,0,18,0,8,0,0,0,0,3,1,6,1,37,7,125,1,1,-1,-1,-1
201501SX20221,1,9,0,3,0,1,0,0,1,0,3,1,6,1,51,8,1598,1,7,-1,1,-1
201501SX20221,2,9,0,12,0,1,0,0,1,0,3,1,6,2,41,7,-1,-1,-1,-1,1,-1
201501SX20221,3,9,0,18,0,1,0,0,0,0,4,1,6,1,34,6,1968,2,4,-1,1,-1
201501SX20222,1,5,0,18,0,0,0,0,0,0,4,1,6,1,43,7,650,1,24,-1,1,-1
201501SX20222,2,20,0,18,0,0,0,0,0,0,3,1,6,3,-1,-1,2148,2,10,-1,-1,-1
201501SX20222,3,9,0,18,0,0,0,0,0,0,4,1,6,1,-1,-1,-1,-1,-1,-1,1,-1
201501SX20223,1,9,0,18,0,2,0,0,0,0,4,1,6,1,40,7,1490,1,10,-1,1,-1
201501SX20223,2,9,0,5,0,2,0,0,0,0,3,1,6,3,-1,-1,-1,-1,-1,-1,-1,-1
201501SX20224,1,9,0,18,0,0,0,8,0,0,3,1,6,1,54,8,1984,1,2,-1,1,-1
201501SX20224,2,9,0,2,0,0,0,0,0,0,4,1,6,2,27,6,999,1,5,-1,1,-1
201501SX20225,1,5,0,18,0,0,0,0,0,0,4,1,2,1,26,6,599,1,7,-1,1,-1
201501SX20225,2,9,0,12,0,0,0,0,0,0,3,1,6,3,-1,-1,-1,-1,-1,-1,-1,-1
201501SX20226,1,19,0,9,0,5,0,0,0,0,4,1,2,1,57,9,2198,2,2,-1,1,-1
201501SX20226,2,3,0,18,0,8,0,0,0,0,1,1,6,1,17,4,124,1,8,-1,1,-1
201501SX20227,1,19,0,18,0,2,0,0,0,0,3,1,1,1,38,7,2298,2,5,-1,1,-1
201501SX20228,1,9,0,18,0,2,0,0,0,0,4,1,2,1,59,9,1242,1,1,-1,1,-1
201501SX20229,1,9,0,7,0,0,0,0,0,0,4,1,6,1,-1,-1,1975,1,10,-1,-1,-1
201501SX20229,2,9,0,15,0,0,0,0,0,0,3,1,6,2,26,6,1399,1,6,-1,1,-1
201501SX20230,1,9,0,10,0,1,0,0,0,0,2,1,2,1,49,8,1242,1,13,-1,1,-1
201501SX20230,2,9,0,15,0,1,0,0,0,0,4,1,6,1,51,8,1781,1,18,-1,1,-1
201501SX20230,3,11,0,18,0,1,0,0,0,0,3,1,1,1,67,10,6700,2,5,-1,1,-1
201501SX20231,1,19,0,7,0,8,0,0,0,0,4,1,6,1,-1,-1,2198,2,2,-1,1,-1
201501SX20231,2,9,0,7,0,8,0,0,0,0,3,1,6,1,32,6,1598,1,16,-1,1,-1
201501SX20232,1,9,0,3,0,0,0,0,0,0,2,1,6,2,21,5,1248,2,7,-1,1,-1
201501SX20232,2,9,0,18,0,0,0,0,0,0,1,1,1,1,26,6,-1,-1,-1,-1,1,-1
201501SX20233,1,9,0,17,0,0,5,0,0,0,1,1,6,1,27,6,1800,1,15,-1,1,-1
201501SX20234,1,9,0,18,0,0,0,0,0,0,1,1,6,1,47,8,998,1,3,-1,1,-1
201501SX20237,1,9,0,17,0,2,0,0,7,0,2,1,6,1,23,5,1364,1,6,-1,-1,-1
201501SX20237,2,9,0,16,0,1,0,0,0,0,1,1,6,1,34,6,1598,1,7,-1,-1,-1
201501SX20239,1,9,0,7,0,8,0,0,0,0,2,1,6,1,-1,-1,1997,2,7,-1,-1,-1
201501SX20239,2,9,0,18,0,8,0,0,0,0,1,1,6,2,53,8,-1,-1,-1,-1,-1,-1
201501SX20240,1,4,0,18,0,2,0,10,1,0,1,1,1,1,34,6,-1,-1,-1,-1,-1,-1
201501SX20240,2,9,0,9,0,6,0,0,0,0,0,1,6,1,-1,-1,1197,1,3,-1,-1,-1
201501SX20241,1,9,0,11,0,0,0,0,0,0,2,1,2,2,49,8,-1,-1,-1,-1,-1,-1
201501SX20241,2,9,0,18,0,0,0,0,0,0,1,1,2,2,-1,-1,1332,1,8,-1,-1,-1
201501SX20243,1,9,0,18,0,1,0,7,0,0,1,1,6,1,63,9,-1,-1,-1,-1,1,-1
201501SX20244,1,9,0,11,0,1,0,0,0,0,4,1,6,1,-1,-1,-1,-1,-1,-1,-1,-1
201501SX20244,2,1,0,18,0,1,0,0,0,0,1,1,6,1,47,8,-1,-1,-1,-1,1,-1
201501SX20246,1,9,0,18,0,0,5,4,1,5,4,1,6,1,80,11,1197,1,-1,-1,1,-1
201501SX20246,2,19,0,2,9,0,0,0,0,0,3,1,6,3,-1,-1,1598,2,2,-1,-1,-1
201501SX20247,1,9,0,9,0,8,0,0,0,0,1,1,2,1,31,6,998,1,13,-1,1,-1
201501SX20247,2,3,0,4,0,8,1,0,0,0,1,1,2,1,25,5,124,1,13,-1,1,-1
201501SX20248,1,5,0,14,0,8,0,0,0,0,0,1,6,1,70,10,647,1,16,-1,-1,-1
201501SX20248,2,8,0,9,0,6,0,0,0,0,0,1,6,1,42,7,1997,2,5,-1,1,-1
201501SX20250,1,11,0,4,0,0,1,0,0,0,1,1,1,1,50,8,7300,2,13,-1,1,-1
201501SX20250,2,9,0,4,0,0,0,0,0,0,2,1,6,1,-1,-1,-1,-1,-1,-1,1,-1
201501SX20251,1,9,0,9,0,6,0,0,0,0,1,1,3,1,29,6,1796,1,14,-1,1,-1
201501SX20251,2,9,0,18,0,8,0,0,0,0,4,1,2,2,44,7,-1,-1,-1,-1,1,-1
201501SX20254,1,11,0,18,0,0,0,0,0,0,0,1,1,1,-1,-1,-1,-1,-1,-1,-1,-1
201501SX20255,1,9,0,18,0,8,0,0,0,0,1,1,6,1,59,9,-1,-1,-1,-1,-1,-1
201501SX20255,2,9,0,18,0,8,0,0,0,0,3,1,6,2,32,6,1968,2,4,-1,1,-1
201501SX20256,1,11,0,4,0,2,0,0,0,0,4,1,1,1,-1,-1,9000,2,6,-1,-1,-1
201501SX20259,1,9,0,4,0,1,0,0,0,0,2,1,1,1,49,8,1997,2,4,-1,1,-1
201501SX20259,2,9,0,18,0,1,0,0,0,0,1,1,2,2,32,6,3596,1,9,-1,1,-1
201501SX20260,1,9,0,18,0,1,0,0,0,0,1,1,6,1,22,5,1242,1,13,-1,1,-1
201501SX20260,2,9,0,18,0,1,0,0,0,0,3,1,6,2,46,8,2993,2,5,-1,1,-1
201501SX20261,1,9,0,5,0,8,0,0,0,0,1,1,6,1,25,5,2793,1,17,-1,1,-1
201501SX20261,2,9,0,10,0,8,0,0,0,0,2,1,6,2,29,6,-1,-1,-1,-1,-1,-1
201501SX20262,1,9,0,4,0,2,0,0,0,0,0,1,6,2,27,6,1397,1,16,-1,1,-1
201501SX20262,2,9,0,4,0,2,0,0,0,0,0,1,6,3,-1,-1,1461,2,1,-1,-1,-1
201501SX20263,1,9,0,11,0,8,0,0,0,0,4,1,6,1,18,4,1360,1,11,-1,1,-1
201501SX20263,2,3,0,12,0,8,0,0,0,0,3,1,6,1,-1,-1,124,1,10,-1,1,-1
201501SX20264,1,9,0,2,0,0,0,0,0,0,2,2,6,3,-1,-1,-1,-1,-1,-1,-1,-1
201501SX20264,2,9,0,18,0,0,0,4,0,0,4,1,6,2,49,8,1997,2,6,-1,1,-1
201501SX20264,3,9,0,18,0,0,0,0,0,0,3,1,6,1,-1,-1,1781,1,15,-1,-1,-1
201501SX20266,1,3,0,18,0,8,1,9,0,0,1,1,2,1,47,8,124,1,5,-1,1,-1
201501SX20266,2,9,0,12,0,8,0,0,0,0,2,1,6,3,-1,-1,-1,-1,-1,-1,-1,-1
201501SX20267,1,9,0,10,0,8,0,10,7,10,2,1,6,2,45,7,1560,2,2,-1,1,-1
201501SX20267,2,9,0,18,0,5,0,0,0,0,1,1,6,1,20,4,-1,-1,-1,-1,1,-1
201501SX20268,1,19,0,18,0,8,0,0,3,4,1,1,6,1,-1,-1,1560,2,4,-1,1,-1
201501SX20269,1,9,0,18,0,2,0,0,0,0,1,1,6,1,20,4,1995,2,6,-1,1,-1
201501SX20269,2,9,0,4,0,2,0,4,0,0,2,1,6,1,39,7,1686,2,11,-1,1,-1
201501SX20269,3,9,0,2,0,2,0,0,0,0,2,1,6,3,-1,-1,1796,1,9,-1,-1,-1
201501SX20270,1,9,0,18,0,1,0,0,0,0,1,1,6,2,-1,-1,2967,2,1,-1,-1,-1
201501SX20271,1,9,0,4,0,8,0,0,0,0,2,1,2,2,59,9,1400,1,9,-1,1,-1
201501SX20271,2,9,0,5,0,8,0,0,0,0,1,1,6,3,-1,-1,-1,-1,-1,-1,-1,-1
201501SX20272,1,9,0,4,0,8,0,0,0,0,1,1,6,2,67,10,1600,1,4,-1,1,-1
201501SX20272,2,9,0,7,0,6,0,0,0,0,3,1,6,2,56,9,1870,2,10,-1,1,-1
201501SX20273,1,9,0,9,0,8,0,0,0,0,0,1,6,1,28,6,2993,2,6,-1,-1,-1
201501SX20273,2,3,0,14,0,8,0,0,0,0,4,1,6,1,31,6,124,1,16,-1,2,-1
201501SX20274,1,3,0,18,0,8,1,0,0,0,1,1,2,1,52,8,124,1,9,-1,1,-1
201501SX20274,2,9,0,11,0,8,0,0,0,0,4,1,2,1,33,6,-1,-1,-1,-1,1,-1
201501SX20275,1,9,0,9,0,8,0,0,0,0,1,1,6,1,23,5,2494,1,16,-1,1,-1
201501SX20275,2,9,0,5,0,8,0,0,1,0,1,1,6,1,34,6,-1,-1,-1,-1,-1,-1
201501SX20276,1,9,0,18,0,2,0,0,0,0,3,1,6,1,71,10,2171,1,12,-1,1,-1
201501SX20278,1,9,0,3,0,2,0,0,0,0,2,1,6,1,58,9,1364,1,1,-1,1,-1
201501SX20278,2,9,0,18,0,2,0,0,0,0,1,1,6,1,18,4,3000,1,11,-1,1,-1
201501SX20279,1,9,0,4,0,0,0,0,0,0,1,1,6,2,70,10,1699,1,6,-1,1,-1
201501SX20281,1,4,0,18,0,0,0,0,0,0,4,1,6,1,45,7,600,1,10,-1,1,-1
201501SX20281,2,9,0,5,0,0,0,0,0,0,3,1,6,2,18,4,1364,1,8,-1,1,-1
201501SX20284,1,11,0,5,0,1,0,0,0,0,0,1,1,1,34,6,4760,2,2,-1,1,-1
201501SX20285,1,9,0,4,0,1,0,0,0,0,2,1,6,1,34,6,1994,2,12,-1,1,-1
201501SX20285,2,9,0,18,0,1,0,0,0,0,1,1,6,1,40,7,1686,2,4,-1,-1,-1
201501SX20286,1,9,0,12,0,0,0,0,0,0,3,1,2,1,56,9,1995,2,9,-1,1,-1
201501SX20286,2,4,0,18,0,0,0,0,0,0,4,1,2,1,57,9,244,1,8,-1,1,-1
201501SX20287,1,9,0,18,0,8,0,0,0,0,1,1,6,2,40,7,1598,2,1,-1,1,-1
201501SX20287,2,9,0,18,0,8,0,0,0,0,4,1,6,2,51,8,1329,1,4,-1,1,-1
201501SX20288,1,9,0,3,0,1,0,0,0,0,2,1,6,2,30,6,1198,1,5,-1,-1,-1
201501SX20288,2,9,0,18,0,1,0,0,0,0,1,1,6,1,-1,-1,1595,1,2,-1,-1,-1
201501SX20289,1,9,0,4,0,2,0,0,0,0,2,1,6,2,48,8,1798,1,14,-1,1,-1
201501SX20289,2,9,0,7,0,2,0,0,0,0,1,1,6,1,-1,-1,1995,1,7,-1,-1,-1
201501SX20290,1,9,0,12,0,8,0,0,0,0,3,1,6,2,44,7,1995,1,8,-1,1,-1
201501SX20290,2,20,0,18,0,8,0,0,0,0,1,1,1,1,53,8,4580,2,8,-1,1,-1
201501SX20291,1,9,0,9,0,8,1,0,0,0,3,1,6,1,44,7,1895,1,14,-1,1,-1
201501SX20291,2,9,0,18,0,8,1,0,0,0,1,1,6,1,-1,-1,-1,-1,-1,-1,-1,-1
201501SX20292,1,9,0,16,0,0,0,0,0,0,1,1,6,2,53,8,1910,2,6,-1,1,-1
201501SX20292,2,3,0,17,0,0,0,0,0,0,1,1,6,1,22,5,124,1,7,-1,1,-1
201501SX20293,1,9,0,9,0,8,0,0,0,0,1,1,6,2,36,7,1896,2,9,-1,1,-1
201501SX20293,2,9,0,18,0,8,0,0,0,0,3,1,6,1,39,7,1598,2,2,-1,1,-1
201501SX20294,1,9,0,18,0,0,0,0,5,6,4,1,6,1,44,7,1560,2,10,-1,1,-1
201501SX20294,2,9,0,12,0,0,0,0,0,0,3,1,6,1,32,6,2720,2,9,-1,1,-1
201501SX20295,1,9,0,18,0,8,0,0,0,0,4,1,6,1,82,11,-1,-1,-1,-1,1,-1
201501SX20295,2,5,0,18,0,8,0,0,0,0,1,1,6,1,48,8,487,1,18,-1,1,-1
201501SX20296,1,9,0,5,0,8,0,0,0,0,3,1,6,2,34,6,1956,2,4,-1,1,-1
201501SX20296,2,21,0,5,0,8,0,0,0,0,4,1,6,3,-1,-1,-1,-1,-1,-1,-1,-1
201501SX20298,1,9,0,17,0,8,0,0,0,0,4,1,6,2,43,7,1339,1,4,-1,-1,-1
201501SX20298,2,9,0,5,0,8,0,0,0,0,1,1,6,3,-1,-1,-1,-1,-1,-1,-1,-1
201501SX20299,1,9,0,18,0,0,0,0,0,0,4,1,6,1,31,6,-1,-1,-1,-1,1,-1
201501SX20300,1,9,0,18,0,0,0,0,0,0,1,1,6,1,27,6,1364,1,10,-1,1,-1
201501SX20300,2,9,0,3,0,0,0,0,0,0,2,1,6,1,29,6,1997,2,10,-1,1,-1
201501SX20302,1,9,0,18,0,2,0,0,0,0,2,1,6,2,54,8,1339,1,10,-1,-1,-1
201501SX20302,2,9,0,18,0,2,0,0,0,0,1,1,6,1,23,5,1598,1,5,-1,1,-1
201501SX20303,1,9,0,18,2,0,0,0,0,0,3,1,6,1,27,6,1910,2,11,-1,1,-1
201501SX20304,1,9,0,18,0,0,0,0,0,0,1,1,6,2,35,6,1968,2,2,-1,2,-1
201501SX20304,2,9,0,3,0,0,0,0,0,0,2,1,6,1,50,8,1796,1,8,-1,1,-1
201501SX20304,3,9,0,3,0,0,0,0,0,0,2,1,6,2,29,6,2148,2,8,-1,1,-1
201501SX20304,4,9,0,3,0,0,0,0,0,0,2,1,6,1,-1,-1,1329,1,3,-1,1,-1