Accident_Index,Vehicle_Reference,Vehicle_Type,Towing_and_Articulation,Vehicle_Manoeuvre,Vehicle_Location-Restricted_Lane,Junction_Location,Skidding_and_Overturning,Hit_Object_in_Carriageway,Vehicle_Leaving_Carriageway,Hit_Object_off_Carriageway,1st_Point_of_Impact,Was_Vehicle_Left_Hand_Drive?,Journey_Purpose_of_Driver,Sex_of_Driver,Age_of_Driver,Age_Band_of_Driver,Engine_Capacity_(CC),Propulsion_Code,Age_of_Vehicle,Driver_IMD_Decile,Driver_Home_Area_Type,Vehicle_IMD_Decile
201501SX20653,1,9,0,4,0,0,0,0,0,0,2,1,6,1,19,4,1587,1,12,-1,1,-1
201501SX20653,2,9,0,18,0,0,0,0,0,0,1,1,6,1,54,8,1988,1,13,-1,-1,-1
201501SX20653,3,9,0,4,0,0,0,0,0,0,2,1,6,2,35,6,1995,2,4,-1,1,-1
201501SX20653,4,9,0,18,0,0,0,0,0,0,1,1,6,1,33,6,1598,1,7,-1,1,-1
201501SX20654,1,11,0,7,0,5,0,0,0,0,4,1,1,1,-1,-1,-1,-1,-1,-1,-1,-1
201501SX20655,1,9,0,6,0,2,0,7,0,0,4,1,6,2,60,9,1398,1,8,-1,1,-1
201501SX20657,1,9,0,11,0,2,1,0,5,6,3,1,6,1,45,7,1998,1,12,-1,1,-1
201501SX20657,2,9,0,18,0,2,0,0,0,0,4,1,6,1,54,8,1968,2,2,-1,2,-1
201501SX20658,1,9,0,3,0,0,0,0,0,0,2,1,6,1,30,6,1149,1,13,-1,1,-1
201501SX20658,2,9,0,18,0,0,0,0,0,0,1,1,6,3,-1,-1,-1,-1,-1,-1,-1,-1
201501SX20660,1,9,0,18,0,1,0,0,0,0,2,1,6,1,38,7,2993,2,7,-1,1,-1
201501SX20660,2,9,0,18,0,1,0,0,0,0,1,1,6,1,44,7,2980,2,20,-1,1,-1
201501SX20661,1,9,0,9,0,8,0,7,5,1,4,1,1,1,39,7,-1,-1,-1,-1,-1,-1
201501SX20661,2,9,0,18,0,8,0,0,0,0,1,1,6,1,53,8,1796,1,13,-1,1,-1
201501SX20662,1,11,0,18,0,1,0,0,0,0,3,1,6,1,59,9,4500,2,3,-1,1,-1
201501SX20664,1,11,0,4,0,8,0,0,0,0,0,1,1,1,43,7,6700,2,8,-1,1,-1
201501SX20665,1,9,0,2,0,0,0,0,0,0,4,1,6,2,29,6,1995,2,1,-1,1,-1
201501SX20665,2,9,0,18,0,0,0,8,0,0,4,1,6,3,-1,-1,-1,-1,-1,-1,-1,-1
201501SX20667,1,9,0,4,0,0,0,0,0,0,1,1,6,1,35,6,2720,2,8,-1,1,-1
201501SX20667,2,9,0,4,0,0,0,0,0,0,2,1,6,2,58,9,1984,1,12,-1,1,-1
201501SX20667,3,9,0,4,0,0,0,0,0,0,2,1,2,1,23,5,698,1,8,-1,1,-1
201501SX20667,4,9,0,4,0,0,0,0,0,0,2,1,6,2,28,6,2000,2,6,-1,1,-1
201501SX20668,1,19,0,9,0,6,0,0,0,0,1,1,1,1,26,6,2198,2,6,-1,1,-1
201501SX20668,2,1,0,18,0,8,0,0,0,0,3,1,1,1,26,6,-1,-1,-1,-1,1,-1
201501SX20669,1,3,0,18,0,8,0,0,0,0,1,1,6,1,23,5,108,1,4,-1,1,-1
201501SX20669,2,9,0,3,0,8,0,0,0,0,2,1,6,2,45,7,1598,1,6,-1,1,-1
201501SX20671,1,9,0,18,0,0,0,0,0,0,1,1,6,1,24,5,1461,2,1,-1,1,-1
201501SX20672,1,1,0,18,0,1,0,0,0,0,4,1,3,1,47,8,-1,-1,-1,-1,-1,-1
201501SX20673,1,9,0,4,0,8,0,0,0,0,2,1,6,2,25,5,998,1,2,-1,1,-1
201501SX20673,2,9,0,7,0,6,0,0,0,0,1,1,6,1,-1,-1,2000,2,10,-1,-1,-1
201501SX20674,1,9,0,18,0,8,0,0,0,0,1,1,6,1,34,6,1396,1,14,-1,1,-1
201501SX20675,1,3,0,14,0,1,0,8,0,0,1,1,6,1,36,7,125,1,9,-1,1,-1
201501SX20675,2,9,0,3,0,1,0,0,0,0,4,1,2,1,45,7,-1,-1,-1,-1,1,-1
201501SX20675,3,9,0,3,0,1,0,0,0,0,3,1,6,1,24,5,1997,1,1,-1,1,-1
201501SX20677,1,9,0,5,0,0,0,0,0,0,0,1,6,1,-1,-1,2987,2,1,-1,-1,-1
201501SX20677,2,1,0,18,0,0,0,0,0,0,0,1,6,2,44,7,-1,-1,-1,-1,1,-1
201501SX20678,1,19,0,3,0,1,0,0,0,0,2,1,1,1,29,6,1598,2,-1,-1,1,-1
201501SX20678,2,19,0,4,0,1,1,0,0,0,1,1,2,1,26,6,2198,2,2,-1,2,-1
201501SX20679,1,9,0,18,0,8,0,0,0,0,1,1,6,1,47,8,5000,1,5,-1,1,-1
201501SX20679,2,9,0,9,0,8,0,0,0,0,1,1,6,1,27,6,998,1,3,-1,1,-1
201501SX20682,1,9,0,4,0,1,0,0,0,0,1,1,6,1,34,6,2401,2,9,-1,1,-1
201501SX20682,2,3,0,3,0,1,0,0,0,0,2,1,1,1,20,4,109,1,3,-1,1,-1
201501SX20683,1,9,0,4,0,0,0,0,0,0,2,1,6,1,41,7,1797,8,5,-1,1,-1
201501SX20683,2,21,0,18,0,0,0,0,0,0,1,1,1,1,30,6,-1,-1,-1,-1,-1,-1
201501SX20683,3,19,0,4,0,0,0,0,0,0,2,1,1,1,46,8,-1,-1,-1,-1,1,-1
201501SX20684,1,9,0,7,0,8,0,0,0,0,3,1,6,2,75,10,1595,1,12,-1,1,-1
201501SX20684,2,9,0,7,0,8,0,0,0,0,1,1,6,1,19,4,1598,2,3,-1,-1,-1
201501SX20686,1,3,0,14,0,8,0,0,0,0,4,1,1,1,22,5,-1,-1,-1,-1,-1,-1
201501SX20686,2,9,0,9,0,6,0,0,0,0,1,1,6,2,60,9,-1,-1,-1,-1,1,-1
201501SX20688,1,9,0,4,0,1,0,0,0,0,2,1,6,1,24,5,1686,2,8,-1,1,-1
201501SX20688,2,9,0,18,0,1,0,0,0,0,1,1,6,1,45,7,2720,2,6,-1,1,-1
201501SX20689,1,5,0,13,0,0,0,0,0,0,4,1,2,1,59,9,-1,-1,-1,-1,1,-1
201501SX20689,2,9,0,6,0,0,0,0,0,0,3,1,6,1,18,4,1461,2,-1,-1,-1,-1
201501SX20690,1,9,0,4,0,0,0,0,0,0,4,1,6,2,32,6,1598,1,8,-1,-1,-1
201501SX20691,1,9,0,18,0,0,0,0,0,0,1,1,6,2,53,8,1796,1,11,-1,1,-1
201501SX20692,1,3,0,18,0,8,0,0,7,0,1,1,6,1,19,4,124,1,1,-1,1,-1
201501SX20692,2,9,0,9,0,6,0,0,0,0,1,1,6,1,62,9,1596,1,20,-1,1,-1
201501SX20693,1,9,0,7,0,5,0,0,0,0,2,1,6,1,33,6,998,1,15,-1,1,-1
201501SX20693,2,5,0,18,0,8,0,0,0,0,1,1,2,1,34,6,600,1,9,-1,1,-1
201501SX20695,1,19,0,18,0,0,0,0,0,0,1,1,1,1,34,6,2402,2,9,-1,1,-1
201501SX20696,1,19,0,5,0,6,0,0,0,0,3,1,1,1,55,8,1753,2,5,-1,1,-1
201501SX20696,2,1,0,9,0,8,0,0,0,0,1,1,2,1,48,8,-1,-1,-1,-1,1,-1
201501SX20697,1,9,0,4,0,1,0,0,0,0,2,1,6,2,42,7,1896,2,9,-1,1,-1
201501SX20697,2,9,0,18,0,1,0,0,0,0,1,1,6,2,50,8,1242,1,16,-1,1,-1
201501SX20698,1,9,0,7,0,5,0,0,0,0,4,1,6,2,68,10,1341,1,13,-1,-1,-1
201501SX20698,2,2,0,15,0,8,1,0,0,0,3,1,6,1,20,4,49,1,7,-1,-1,-1
201501SX20699,1,9,0,18,0,0,0,0,0,0,3,1,6,1,33,6,-1,-1,-1,-1,1,-1
201501SX20699,2,9,0,18,0,0,0,0,0,0,3,1,6,1,30,6,1753,2,6,-1,3,-1
201501SX20699,3,9,0,13,0,0,0,0,0,0,4,1,6,3,-1,-1,2967,2,3,-1,-1,-1
201501SX20700,1,9,0,18,0,0,0,10,1,5,1,1,2,1,39,7,3800,1,5,-1,1,-1
201501SX20701,1,9,0,7,0,5,0,0,0,0,2,1,3,2,39,7,1596,1,7,-1,1,-1
201501SX20701,2,1,0,4,0,8,0,0,0,0,1,1,2,1,52,8,-1,-1,-1,-1,-1,-1
201501SX20702,1,9,0,4,0,0,0,0,0,0,2,1,2,2,23,5,1199,1,13,-1,1,-1
201501SX20702,2,9,0,4,0,0,0,0,0,0,2,1,6,1,71,10,1999,1,14,-1,1,-1
201501SX20702,3,10,0,4,0,0,0,0,0,0,2,1,1,1,40,7,-1,-1,-1,-1,-1,-1
201501SX20702,4,9,0,18,0,0,0,0,0,0,1,1,6,1,26,6,1364,1,10,-1,1,-1
201501SX20703,1,9,0,4,0,0,0,0,0,0,2,1,6,2,43,7,1598,2,3,-1,1,-1
201501SX20703,2,9,0,4,0,0,0,0,0,0,2,1,6,1,-1,-1,-1,-1,-1,-1,-1,-1
201501SX20703,3,9,0,18,0,0,0,0,0,0,1,1,6,3,-1,-1,-1,-1,-1,-1,-1,-1
201501SX20704,1,19,0,3,0,8,0,0,0,0,2,1,1,1,51,8,1998,2,12,-1,1,-1
201501SX20704,2,19,0,18,0,8,0,0,0,0,1,1,6,1,-1,-1,1896,2,6,-1,1,-1
201501SX20704,3,9,0,3,0,8,0,0,0,0,2,1,6,2,36,7,1598,1,8,-1,1,-1
201501SX20705,1,9,0,16,0,1,1,10,8,7,3,1,6,1,23,5,1800,1,15,-1,2,-1
201501SX20705,2,9,0,16,0,1,1,0,7,7,1,1,6,1,27,6,1493,1,21,-1,1,-1
201501SX20706,1,9,0,15,0,8,0,0,0,0,1,1,6,2,48,8,1349,1,2,-1,1,-1
201501SX20706,2,9,0,18,0,8,0,0,0,0,4,1,6,1,70,10,3456,8,-1,-1,-1,-1
201501SX20707,1,9,0,3,0,0,0,0,0,0,1,1,6,2,37,7,1995,1,12,-1,1,-1
201501SX20707,2,9,0,3,0,0,0,0,0,0,2,1,6,2,42,7,1984,1,9,-1,1,-1
201501SX20708,1,9,0,4,0,0,0,0,0,0,2,1,6,2,48,8,1497,8,-1,-1,1,-1
201501SX20708,2,9,0,18,0,0,0,0,0,0,1,1,6,1,21,5,2926,2,12,-1,1,-1
201501SX20709,1,9,0,9,0,6,0,0,0,0,3,1,6,1,57,9,1797,8,5,-1,1,-1
201501SX20709,2,2,0,18,0,8,0,0,0,0,1,1,6,1,25,5,-1,-1,-1,-1,-1,-1
201501SX20710,1,9,0,3,0,0,0,0,0,0,2,1,6,1,38,7,1240,1,12,-1,-1,-1
201501SX20710,2,9,0,18,0,0,0,0,0,0,1,1,6,1,57,9,1998,1,13,-1,-1,-1
201501SX20711,1,9,0,9,0,6,0,0,0,0,1,1,6,2,37,7,1587,1,13,-1,1,-1
201501SX20711,2,3,0,14,0,8,0,0,7,0,1,1,1,1,31,6,108,1,3,-1,1,-1
201501SX20713,1,9,0,6,0,0,0,0,0,0,0,1,6,1,26,6,1596,1,10,-1,1,-1
201501SX20715,1,9,0,7,0,8,0,0,0,0,4,1,6,1,22,5,1596,1,1,-1,1,-1
201501SX20715,2,3,0,18,0,8,0,0,0,0,3,1,6,2,52,8,124,1,4,-1,1,-1
201501SX20717,1,19,0,13,0,8,0,0,0,0,4,1,6,1,41,7,2460,2,7,-1,1,-1
201501SX20717,2,1,0,18,0,8,0,0,0,0,3,1,6,1,41,7,-1,-1,-1,-1,1,-1
201501SX20718,1,11,0,9,2,2,0,0,0,0,1,1,1,1,65,9,7300,2,12,-1,-1,-1
201501SX20720,1,3,0,4,0,2,1,4,0,0,1,1,2,1,18,4,124,1,9,-1,1,-1
201501SX20720,2,9,0,2,0,1,0,0,0,0,1,1,6,3,-1,-1,1598,1,4,-1,-1,-1
201501SX20721,1,9,0,18,0,0,0,0,0,0,1,1,6,2,-1,-1,1998,1,13,-1,-1,-1
201501SX20722,1,9,0,14,0,1,0,0,0,0,1,1,6,2,-1,-1,-1,-1,-1,-1,-1,-1
201501SX20723,1,9,0,18,0,8,0,0,0,0,3,1,6,1,23,5,1198,1,6,-1,1,-1
201501SX20723,2,9,0,11,0,8,0,0,0,0,4,1,6,1,-1,-1,-1,-1,-1,-1,1,-1
201501SX20724,1,9,0,18,0,2,0,4,0,0,3,1,6,1,33,6,1998,1,12,-1,1,-1
201501SX20724,2,9,0,18,0,1,0,4,0,0,3,1,6,1,33,6,1896,2,8,-1,1,-1
201501SX20724,3,9,0,2,0,1,0,0,0,0,3,1,6,3,-1,-1,2204,2,7,-1,-1,-1
201501SX20724,4,19,0,2,0,2,0,0,0,0,4,1,6,3,-1,-1,2148,2,7,-1,-1,-1
201501SX20725,1,9,0,18,0,0,5,7,1,10,1,1,6,2,21,5,1598,1,12,-1,1,-1
201501SX20726,1,9,0,4,0,1,0,0,0,0,1,1,6,1,34,6,1390,1,12,-1,1,-1
201501SX20727,1,9,0,4,0,8,0,0,0,0,2,1,6,2,36,7,-1,-1,-1,-1,-1,-1
201501SX20727,2,9,0,18,0,8,0,0,0,0,1,1,6,1,26,6,1598,2,5,-1,1,-1
201501SX20728,1,9,0,18,0,0,0,0,0,0,3,1,6,2,20,4,-1,-1,-1,-1,1,-1
201501SX20728,2,9,0,11,0,0,0,0,0,0,4,1,6,1,-1,-1,1797,8,2,-1,-1,-1
201501SX20730,1,9,0,4,0,8,0,0,0,0,2,1,6,1,41,7,1968,2,8,-1,1,-1
201501SX20730,2,9,0,18,0,8,0,0,0,0,1,1,2,2,23,5,1995,2,2,-1,1,-1
201501SX20731,1,19,0,4,0,8,0,0,0,0,3,1,2,1,-1,-1,1870,2,10,-1,1,-1
201501SX20731,2,9,5,7,0,6,0,0,0,0,0,1,6,1,-1,-1,1984,1,12,-1,-1,-1
201501SX20731,3,9,0,7,0,6,0,0,0,0,1,1,6,3,-1,-1,1796,1,13,-1,-1,-1
201501SX20732,1,9,0,3,0,8,0,0,0,0,2,1,6,2,23,5,1149,1,6,-1,1,-1
201501SX20732,2,20,0,4,0,8,0,0,0,0,1,1,1,1,50,8,-1,-1,-1,-1,-1,-1
201501SX20732,3,9,0,3,0,8,0,0,0,0,2,1,6,3,-1,-1,-1,-1,-1,-1,-1,-1
201501SX20733,1,9,0,18,0,1,0,0,1,4,1,1,6,2,55,8,1590,1,12,-1,1,-1
201501SX20734,1,9,0,5,0,0,0,0,0,0,1,1,6,1,17,4,1596,1,10,-1,1,-1
201501SX20734,2,9,0,5,0,0,0,0,0,0,1,1,6,1,42,7,1198,1,10,-1,1,-1
201501SX20735,1,9,0,16,0,0,0,0,0,0,1,1,6,1,45,7,1685,2,1,-1,3,-1
201501SX20736,1,9,0,5,0,8,0,0,0,0,1,1,6,1,65,9,1995,1,13,-1,1,-1
201501SX20736,2,9,0,18,0,8,0,0,0,0,4,1,6,1,-1,-1,5461,1,5,-1,1,-1
201501SX20738,1,9,0,3,0,1,0,0,0,0,2,1,6,2,29,6,1596,1,11,-1,1,-1
201501SX20738,2,9,0,4,0,1,0,0,0,0,1,1,6,2,34,6,1598,2,1,-1,1,-1
201501SX20739,1,1,0,4,0,2,0,0,0,0,0,1,2,1,41,7,-1,-1,-1,-1,1,-1
201501SX20739,2,9,0,7,0,2,0,0,0,0,0,1,6,1,-1,-1,1598,1,16,-1,-1,-1
201501SX20740,1,9,0,7,0,5,0,0,0,0,4,1,6,2,39,7,1598,1,2,-1,1,-1
201501SX20740,2,1,0,15,0,8,0,0,0,0,1,1,6,1,-1,-1,-1,-1,-1,-1,1,-1
201501SX20741,1,9,0,17,0,0,0,0,1,7,4,1,6,1,24,5,1995,2,4,-1,1,-1
201501SX20742,1,9,0,18,0,2,0,0,0,0,4,1,6,2,35,6,1995,2,3,-1,1,-1
201501SX20743,1,9,0,4,0,8,0,0,0,0,1,1,6,1,28,6,1598,1,8,-1,1,-1
201501SX20743,2,9,0,4,0,8,0,0,0,0,2,1,6,1,44,7,1984,1,6,-1,-1,-1
201501SX20743,3,9,0,4,0,8,0,0,0,0,2,1,6,1,30,6,-1,-1,-1,-1,-1,-1
201501SX20744,1,9,0,5,0,8,0,0,0,0,1,1,6,2,28,6,1596,1,3,-1,-1,-1
201501SX20744,2,9,0,9,0,8,0,0,0,0,4,1,6,1,27,6,-1,-1,-1,-1,-1,-1
201501SX20745,1,9,0,9,0,8,5,0,0,0,4,1,6,1,56,9,1149,1,14,-1,1,-1
201501SX20745,2,9,0,18,0,8,0,0,0,0,1,1,6,2,73,10,-1,-1,-1,-1,1,-1
201501SX20746,1,9,0,18,0,0,0,0,0,0,0,1,6,3,-1,-1,-1,-1,-1,-1,-1,-1
201501SX20747,1,9,0,18,0,0,0,0,1,4,2,1,1,1,36,7,1797,8,5,-1,1,-1
201501SX20747,2,9,0,18,0,0,0,0,0,0,1,1,6,1,-1,-1,-1,-1,-1,-1,-1,-1
201501SX20748,1,9,0,9,0,5,0,0,0,0,4,1,6,1,45,7,1197,1,1,-1,1,-1
201501SX20748,2,1,0,14,0,8,0,0,0,0,1,1,6,1,43,7,-1,-1,-1,-1,1,-1
201501SX20749,1,9,0,3,0,0,0,0,0,0,2,1,6,1,45,7,1998,1,13,-1,1,-1
201501SX20749,2,3,0,4,0,0,1,0,0,0,1,1,6,1,47,8,399,1,7,-1,1,-1
201501SX20751,1,9,0,18,0,0,1,0,1,7,2,1,6,1,69,10,-1,-1,-1,-1,1,-1
201501SX20751,2,9,0,11,0,0,1,0,4,6,1,1,6,1,-1,-1,1968,2,-1,-1,-1,-1
201501SX20752,1,9,0,3,0,1,0,0,0,0,2,1,6,2,45,7,1597,1,15,-1,1,-1
201501SX20752,2,9,0,18,0,1,0,0,0,0,1,1,6,1,54,8,1197,1,5,-1,1,-1
201501SX20753,1,9,0,3,0,0,0,0,0,0,2,1,6,1,-1,-1,1995,2,4,-1,1,-1
201501SX20753,2,8,0,18,0,0,0,0,0,0,1,1,6,1,-1,-1,1995,2,8,-1,-1,-1
201501SX20755,1,9,0,5,0,8,0,10,1,1,3,1,6,1,34,6,1598,1,13,-1,1,-1
201501SX20755,2,19,0,5,0,8,0,0,0,0,4,1,1,1,-1,-1,2148,2,10,-1,3,-1
201501SX20758,1,9,0,18,0,2,0,0,0,0,1,1,6,1,31,6,2148,2,6,-1,1,-1
201501SX20759,1,8,0,1,0,8,0,0,0,0,2,1,1,1,30,6,1797,8,5,-1,1,-1
201501SX20760,1,19,0,18,0,2,0,0,0,0,1,1,6,1,52,8,2300,2,9,-1,2,-1
201501SX20760,2,4,0,18,0,1,0,0,0,0,1,1,6,1,18,4,124,1,6,-1,-1,-1
201501SX20761,1,19,0,7,0,6,0,0,0,0,0,1,6,1,43,7,2198,2,3,-1,1,-1
201501SX20761,2,1,0,4,0,6,0,0,0,0,0,1,6,1,70,10,-1,-1,-1,-1,1,-1
201501SX20762,1,9,0,3,0,0,0,0,0,0,2,1,6,1,26,6,1598,2,-1,-1,1,-1
201501SX20762,2,9,0,18,0,0,0,0,0,0,1,1,6,2,23,5,1299,1,13,-1,1,-1
201501SX20763,1,19,0,5,0,1,0,0,0,0,4,1,6,1,65,9,2143,2,6,-1,1,-1
201501SX20763,2,5,0,5,0,1,0,0,0,0,3,1,6,1,34,6,781,1,16,-1,-1,-1
201501SX20764,1,2,0,14,0,8,0,0,0,0,4,1,1,1,25,5,-1,-1,-1,-1,1,-1
201501SX20764,2,9,0,9,0,6,0,0,0,0,1,1,6,2,49,8,2198,1,10,-1,1,-1
201501SX20765,1,5,0,4,0,1,0,0,0,0,0,1,6,1,29,6,675,1,2,-1,-1,-1
201501SX20766,1,9,0,18,0,8,0,0,0,0,3,1,6,1,22,5,1149,1,5,-1,1,-1
201501SX20767,1,3,0,18,0,0,0,0,0,0,1,1,6,1,37,7,125,1,8,-1,1,-1
201501SX20768,1,9,0,3,0,0,0,0,0,0,2,1,6,1,27,6,1000,1,2,-1,1,-1
201501SX20768,2,9,0,3,0,0,0,0,0,0,2,1,6,1,30,6,1198,1,7,-1,1,-1
201501SX20768,3,9,0,4,0,0,0,0,0,0,1,1,6,1,42,7,1560,2,4,-1,1,-1
201501SX20769,1,19,0,18,0,0,0,0,0,0,1,1,1,1,54,8,1598,2,3,-1,1,-1
201501SX20769,2,9,0,4,0,0,0,0,1,7,2,1,6,1,29,6,2179,2,1,-1,1,-1
201501SX20770,1,3,0,18,0,0,0,0,0,0,4,1,1,1,30,6,-1,-1,-1,-1,1,-1
201501SX20770,2,9,0,12,0,0,0,0,0,0,3,1,6,1,-1,-1,1796,1,11,-1,-1,-1
201501SX20771,1,9,0,9,0,2,0,0,0,0,1,1,6,2,26,6,1995,2,2,-1,2,-1
201501SX20771,2,3,0,18,0,1,0,0,0,0,1,1,6,1,26,6,108,1,1,-1,1,-1
201501SX20773,1,11,0,18,0,8,0,0,0,0,1,1,1,1,59,9,9360,2,4,-1,1,-1
201501SX20773,2,19,0,5,0,8,0,0,0,0,3,1,1,1,35,6,2463,2,11,-1,1,-1
201501SX20774,1,17,0,18,0,0,0,0,1,4,1,1,1,1,52,8,3990,2,1,-1,3,-1
201501SX20775,1,9,0,9,0,2,0,7,7,0,1,1,6,2,43,7,1896,2,8,-1,1,-1
201501SX20776,1,9,0,18,0,0,0,0,1,0,3,1,6,2,53,8,1368,1,4,-1,1,-1
201501SX20776,2,9,0,18,0,0,1,0,0,0,3,1,6,1,70,10,-1,-1,-1,-1,1,-1
201501SX20777,1,9,0,4,0,2,0,0,0,0,2,1,2,2,37,7,1896,2,10,-1,1,-1
201501SX20777,2,9,0,18,0,2,0,0,0,0,1,1,6,2,-1,-1,1598,1,8,-1,-1,-1
201501SX20779,1,9,0,4,0,0,0,0,0,0,1,1,6,2,62,9,1198,1,3,-1,1,-1
201501SX20779,2,9,0,4,0,0,0,0,0,0,2,1,6,1,-1,-1,1997,2,11,-1,1,-1
201501SX20780,1,9,0,18,0,8,0,10,1,1,4,1,6,1,45,7,1590,1,18,-1,1,-1
201501SX20780,2,9,0,9,0,8,0,0,0,0,1,1,6,2,86,11,-1,-1,-1,-1,1,-1
201501SX20781,1,9,0,18,0,0,0,0,0,0,1,1,6,1,29,6,1598,2,4,-1,1,-1
201501SX20781,2,9,0,4,0,0,0,4,0,0,2,2,6,1,40,7,-1,-1,-1,-1,1,-1
201501SX20781,3,9,0,2,0,0,0,0,0,0,3,1,6,3,-1,-1,2967,2,4,-1,-1,-1
201501SX20782,1,9,0,18,0,0,0,0,1,7,3,1,6,1,31,6,1396,1,7,-1,1,-1
201501SX20782,2,21,1,11,0,0,1,0,0,0,4,1,1,1,51,8,11967,2,4,-1,1,-1
201501SX20783,1,9,0,15,0,1,0,0,0,0,3,1,6,1,-1,-1,2495,2,17,-1,-1,-1
201501SX20783,2,8,0,18,0,1,0,0,0,0,4,1,6,1,25,5,2664,2,16,-1,1,-1
201501SX20784,1,9,0,3,0,1,0,0,0,0,2,1,6,1,31,6,1242,1,14,-1,1,-1
201501SX20784,2,19,0,4,0,1,1,0,0,0,1,1,1,2,43,7,2143,2,4,-1,1,-1
201501SX20785,1,9,0,3,0,1,0,0,0,0,2,1,6,2,61,9,1240,1,5,-1,1,-1
201501SX20785,2,9,0,18,0,1,0,0,0,0,1,1,6,3,-1,-1,-1,-1,-1,-1,-1,-1
201501SX20786,1,9,0,9,0,6,0,0,0,0,0,1,6,1,23,5,1598,1,3,-1,1,-1
201501SX20786,2,4,0,4,0,8,0,0,0,0,0,1,6,1,74,10,400,1,6,-1,1,-1
201501SX20787,1,19,0,18,0,8,0,0,0,0,4,1,6,1,-1,-1,2494,2,10,-1,1,-1
201501SX20790,1,9,0,9,0,6,0,0,0,0,1,1,6,2,34,6,1798,1,3,-1,1,-1
201501SX20790,2,5,0,14,0,8,0,0,0,0,4,1,2,1,37,7,-1,-1,-1,-1,1,-1
201501SX20792,1,9,0,5,0,8,0,0,0,0,1,1,6,2,45,7,-1,-1,-1,-1,1,-1
201501SX20794,1,11,0,4,0,0,0,0,0,0,0,1,1,1,40,7,7300,2,11,-1,1,-1
201501SX20797,1,9,0,18,0,8,0,0,0,0,3,1,6,2,38,7,1679,1,16,-1,1,-1
201501SX20797,2,9,0,11,0,8,0,0,0,0,4,1,6,1,-1,-1,1995,1,12,-1,-1,-1
201501SX20798,1,9,0,18,0,0,0,0,0,0,3,1,6,2,34,6,1699,1,9,-1,1,-1
201501SX20798,2,9,0,18,0,0,0,0,0,0,3,1,6,2,-1,-1,-1,-1,-1,-1,-1,-1
201501SX20799,1,11,0,4,0,1,0,0,0,0,0,1,1,1,43,7,6700,2,8,-1,1,-1
201501SX20800,1,8,0,9,0,8,0,0,0,0,4,1,6,1,-1,-1,-1,-1,-1,-1,-1,-1
201501SX20800,2,1,0,18,0,8,0,0,0,0,1,1,6,1,32,6,-1,-1,-1,-1,-1,-1
201501SX20801,1,9,0,14,0,2,0,0,0,0,3,1,6,2,24,5,1364,1,6,-1,3,-1
201501SX20801,2,9,0,18,0,1,0,0,0,0,3,1,6,2,29,6,1995,2,5,-1,2,-1
201501SX20802,1,9,0,18,0,8,0,0,0,0,4,1,6,1,51,8,1796,1,9,-1,1,-1
201501SX20802,2,4,0,18,0,8,0,0,0,0,3,1,6,1,70,10,-1,-1,-1,-1,-1,-1
201501SX20803,1,9,0,4,0,0,0,0,0,0,1,1,6,2,54,8,-1,-1,-1,-1,1,-1
201501SX20803,2,9,0,3,0,0,0,0,0,0,2,1,6,2,31,6,1229,1,1,-1,1,-1
201501SX20804,1,9,0,16,0,8,0,0,0,0,1,1,2,1,29,6,1968,2,-1,-1,1,-1
201501SX20804,2,9,0,9,0,5,0,0,0,0,4,1,1,1,30,6,1798,8,3,-1,-1,-1
201501SX20806,1,3,0,4,0,8,0,0,0,0,4,1,1,1,21,5,125,1,1,-1,1,-1
201501SX20806,2,9,0,5,0,6,0,0,0,0,1,1,1,2,60,9,1596,1,13,-1,1,-1
201501SX20808,1,11,0,18,0,1,0,0,0,0,3,1,1,1,62,9,6696,2,2,-1,1,-1
201501SX20808,2,19,0,11,0,1,0,0,0,0,4,1,6,3,-1,-1,-1,-1,-1,-1,-1,-1
201501SX20809,1,9,0,18,0,0,1,10,1,0,4,1,6,1,21,5,973,1,12,-1,1,-1
201501SX20810,1,9,0,18,0,0,1,0,0,0,4,1,6,1,35,6,-1,-1,-1,-1,1,-1
201501SX20810,2,9,0,18,0,0,0,0,0,0,3,1,1,1,23,5,1598,2,3,-1,-1,-1
201501SX20811,1,9,0,18,0,1,0,0,0,0,1,1,6,1,21,5,1968,2,4,-1,1,-1
201501SX20811,2,9,0,18,0,1,0,0,0,0,2,1,6,1,20,4,1968,2,4,-1,1,-1
201501SX20812,1,9,0,18,0,1,0,0,0,0,1,1,6,2,-1,-1,1149,1,14,-1,1,-1
201501SX20812,2,9,0,3,0,1,0,0,0,0,2,1,6,3,-1,-1,1896,2,10,-1,-1,-1
201501SX20812,3,9,0,3,0,1,0,0,0,0,2,1,2,2,23,5,1349,1,2,-1,1,-1
201501SX20813,1,9,0,18,0,0,0,0,0,0,0,1,6,1,-1,-1,-1,-1,-1,-1,-1,-1
201501SX20814,1,9,0,18,0,0,0,0,0,0,3,1,6,1,17,4,1968,2,1,-1,1,-1
201501SX20814,2,9,0,12,0,0,0,0,0,0,1,1,6,1,61,9,-1,-1,-1,-1,1,-1
201501SX20815,1,9,0,14,0,8,0,0,0,0,1,1,6,1,19,4,1364,1,9,-1,2,-1
201501SX20817,1,8,0,3,0,1,0,0,0,0,2,1,6,2,47,8,2499,2,2,-1,1,-1
201501SX20817,2,9,0,18,0,1,0,0,0,0,1,1,6,1,-1,-1,-1,-1,-1,-1,-1,-1
201501SX20818,1,1,0,18,0,8,1,0,0,0,1,1,6,1,35,6,-1,-1,-1,-1,-1,-1
201501SX20818,2,9,0,9,0,5,0,0,0,0,4,1,6,1,-1,-1,-1,-1,-1,-1,-1,-1
201501SX20820,1,5,0,14,0,0,0,0,0,0,1,1,6,1,39,7,-1,-1,-1,-1,1,-1
201501SX20820,2,9,0,6,0,0,0,0,0,0,3,1,6,1,-1,-1,1396,1,12,-1,-1,-1