Accident_Index,Vehicle_Reference,Vehicle_Type,Towing_and_Articulation,Vehicle_Manoeuvre,Vehicle_Location-Restricted_Lane,Junction_Location,Skidding_and_Overturning,Hit_Object_in_Carriageway,Vehicle_Leaving_Carriageway,Hit_Object_off_Carriageway,1st_Point_of_Impact,Was_Vehicle_Left_Hand_Drive?,Journey_Purpose_of_Driver,Sex_of_Driver,Age_of_Driver,Age_Band_of_Driver,Engine_Capacity_(CC),Propulsion_Code,Age_of_Vehicle,Driver_IMD_Decile,Driver_Home_Area_Type,Vehicle_IMD_Decile
201501SX20989,2,3,0,18,0,1,0,0,0,0,3,1,6,1,30,6,125,1,-1,-1,1,-1
201501SX20990,1,9,0,14,0,0,0,0,0,0,1,1,6,3,-1,-1,-1,-1,-1,-1,-1,-1
201501SX20991,1,9,0,9,0,8,0,0,0,0,1,1,6,1,48,8,1296,1,9,-1,1,-1
201501SX20991,2,9,0,18,0,8,0,0,0,0,3,1,6,1,19,4,1364,1,9,-1,1,-1
201501SX20992,1,9,0,1,0,0,0,0,0,0,2,1,6,1,-1,-1,-1,-1,-1,-1,-1,-1
201501SX20993,1,9,0,18,0,1,0,0,0,0,1,1,6,1,32,6,-1,-1,-1,-1,1,-1
201501SX20993,2,9,0,4,0,1,0,0,0,0,2,1,6,1,40,7,2967,2,5,-1,-1,-1
201501SX20994,1,4,0,18,0,1,0,0,0,0,1,1,6,1,53,8,656,1,7,-1,-1,-1
201501SX20994,2,9,0,18,0,1,0,0,0,0,3,1,6,1,39,7,3498,1,-1,-1,1,-1
201501SX20995,1,9,0,9,2,5,0,0,0,0,4,1,6,1,45,7,1910,2,7,-1,1,-1
201501SX20995,2,2,0,18,2,8,0,0,0,0,3,1,6,1,28,6,-1,-1,-1,-1,1,-1
201501SX20996,1,9,0,5,0,8,0,0,0,0,1,1,6,2,52,8,1339,1,4,-1,1,-1
201501SX20997,1,9,0,4,0,0,0,0,0,0,3,1,6,2,33,6,1685,2,2,-1,1,-1
201501SX20997,2,9,0,4,0,0,1,0,0,0,1,1,6,1,21,5,1390,1,-1,-1,1,-1
201501SX20997,3,9,0,4,0,0,1,0,0,0,1,1,6,1,36,7,1598,1,9,-1,-1,-1
201501SX20997,4,9,0,4,0,0,1,0,0,0,2,1,6,1,57,9,-1,-1,-1,-1,-1,-1
201501SX20997,5,9,0,13,0,0,0,0,0,0,1,1,6,1,-1,-1,1686,2,3,-1,1,-1
201501SX20998,1,9,0,18,0,8,0,0,0,0,4,1,6,2,49,8,1390,1,9,-1,-1,-1
201501SX20998,2,9,0,4,0,8,0,7,0,0,1,1,6,2,26,6,1198,1,5,-1,1,-1
201501SX20999,1,9,0,2,0,2,0,0,0,0,3,1,6,1,-1,-1,3226,2,13,-1,1,-1
201501SX20999,2,1,0,18,0,2,0,8,0,0,4,1,6,1,-1,-1,-1,-1,-1,-1,-1,-1
201501SX21000,1,9,0,18,0,1,5,4,0,0,1,1,6,2,47,8,1390,1,15,-1,1,-1
201501SX21000,2,9,0,2,0,1,0,0,0,0,3,1,6,2,21,5,1992,2,9,-1,-1,-1
201501SX21000,3,9,0,2,0,1,0,0,0,0,3,1,6,2,-1,-1,1753,2,9,-1,-1,-1
201501SX21003,1,9,0,9,0,8,0,0,0,0,1,1,6,1,27,6,1398,2,11,-1,1,-1
201501SX21003,2,9,0,18,0,8,0,0,0,0,3,1,6,1,42,7,1910,2,10,-1,1,-1
201501SX21004,1,9,0,9,0,8,0,0,0,0,3,1,6,1,44,7,1984,1,9,-1,-1,-1
201501SX21004,2,3,0,13,0,8,0,0,0,0,1,1,6,1,21,5,124,1,-1,-1,1,-1
201501SX21005,1,11,0,7,0,0,0,0,0,0,0,1,1,1,42,7,4500,2,7,-1,1,-1
201501SX21006,1,9,0,9,0,8,0,0,0,0,3,1,6,1,73,10,998,1,4,-1,1,-1
201501SX21006,2,3,0,14,0,8,0,0,0,0,1,1,6,1,21,5,125,1,7,-1,1,-1
201501SX21007,1,1,0,18,0,0,0,0,0,0,3,1,6,1,26,6,-1,-1,-1,-1,1,-1
201501SX21007,2,9,0,13,0,0,0,0,0,0,4,1,6,3,-1,-1,-1,-1,-1,-1,-1,-1
201501SX21009,1,9,0,3,0,0,0,0,0,0,2,1,6,2,28,6,1598,2,4,-1,1,-1
201501SX21009,2,9,0,3,0,0,0,0,0,0,2,1,6,1,53,8,1457,1,32,-1,1,-1
201501SX21009,3,9,0,18,0,0,0,0,0,0,1,1,6,1,24,5,2231,2,10,-1,1,-1
201501SX21010,1,20,0,18,0,1,0,0,0,0,4,1,6,1,48,8,4462,2,1,-1,1,-1
201501SX21010,2,9,0,9,0,1,0,0,0,0,1,1,6,1,27,6,1998,2,12,-1,1,-1
201501SX21011,1,9,0,18,0,8,0,0,0,0,1,1,1,1,31,6,1497,8,6,-1,1,-1
201501SX21011,2,9,0,5,0,6,0,0,0,0,1,1,2,1,19,4,1388,1,10,-1,1,-1
201501SX21012,1,11,0,18,0,0,0,0,0,0,0,1,1,1,39,7,-1,-1,-1,-1,1,-1
201501SX21014,1,9,0,5,0,8,0,0,0,0,1,1,6,2,68,10,998,1,13,-1,1,-1
201501SX21014,2,2,0,18,0,8,0,0,0,0,3,1,2,1,18,4,125,1,8,-1,1,-1
201501SX21015,1,9,0,9,0,1,0,0,0,0,4,1,6,3,-1,-1,1299,1,10,-1,-1,-1
201501SX21015,2,9,0,10,0,1,0,0,0,0,3,1,6,2,38,7,-1,-1,-1,-1,1,-1
201501SX21015,3,19,0,18,0,1,0,0,0,0,0,1,1,1,32,6,-1,-1,-1,-1,-1,-1
201501SX21016,1,9,0,4,0,0,0,0,0,0,1,1,2,1,57,9,2179,2,7,-1,1,-1
201501SX21017,1,8,0,7,0,5,0,0,0,0,3,1,1,1,57,9,1997,2,-1,-1,1,-1
201501SX21020,1,9,0,18,0,8,0,0,0,0,4,1,6,1,30,6,2995,1,3,-1,1,-1
201501SX21020,2,9,0,9,0,8,0,0,0,0,1,1,6,1,30,6,1229,1,9,-1,1,-1
201501SX21021,1,19,0,3,0,1,0,0,0,0,2,1,2,1,34,6,-1,-1,-1,-1,1,-1
201501SX21021,2,9,0,18,0,1,0,0,0,0,1,1,6,2,-1,-1,2493,8,2,-1,-1,-1
201501SX21022,1,9,0,10,0,1,0,0,0,0,2,1,6,1,71,10,1299,1,10,-1,-1,-1
201501SX21022,2,9,0,18,0,1,0,0,0,0,1,1,6,3,-1,-1,-1,-1,-1,-1,-1,-1
201501SX21024,1,9,0,9,0,5,0,0,0,0,4,1,2,1,25,5,1686,2,13,-1,1,-1
201501SX21024,2,3,0,15,0,8,0,0,0,0,1,1,2,1,20,4,102,1,-1,-1,1,-1
201501SX21025,1,9,0,4,0,2,0,0,0,0,1,1,6,2,61,9,1997,2,13,-1,1,-1
201501SX21025,2,9,0,4,0,2,0,0,0,0,2,1,6,1,76,11,1591,1,4,-1,1,-1
201501SX21025,3,9,0,3,0,2,0,0,0,0,2,1,6,1,51,8,-1,-1,-1,-1,1,-1
201501SX21025,4,9,0,3,0,2,0,0,0,0,2,1,6,1,41,7,1895,1,14,-1,1,-1
201501SX21026,1,9,0,2,0,8,0,0,0,0,2,1,6,1,28,6,2967,2,7,-1,1,-1
201501SX21026,2,9,0,1,0,6,0,4,0,0,2,1,6,2,-1,-1,2706,1,-1,-1,-1,-1
201501SX21027,1,9,0,18,0,1,0,0,0,0,1,1,6,1,29,6,1984,1,14,-1,1,-1
201501SX21027,2,9,0,3,0,1,0,0,0,0,2,1,6,1,35,6,1149,1,10,-1,1,-1
201501SX21027,3,9,0,3,0,1,0,0,0,0,2,1,6,2,32,6,1591,1,3,-1,1,-1
201501SX21028,1,9,0,4,0,0,0,0,0,0,2,1,6,1,38,7,1998,2,7,-1,2,-1
201501SX21028,2,9,0,4,0,0,0,0,0,0,1,1,6,2,26,6,1242,1,2,-1,1,-1
201501SX21030,1,9,0,4,0,1,0,0,0,0,2,1,6,2,21,5,1600,1,11,-1,1,-1
201501SX21030,2,9,0,18,0,1,0,0,0,0,1,1,6,2,22,5,1360,1,9,-1,3,-1
201501SX21031,1,9,0,4,0,1,0,0,0,0,2,1,6,2,43,7,1497,8,1,-1,1,-1
201501SX21031,2,9,0,4,0,1,0,0,0,0,2,1,6,1,40,7,1799,1,7,-1,1,-1
201501SX21031,3,9,0,18,0,1,0,0,0,0,1,1,2,1,26,6,1998,1,10,-1,1,-1
201501SX21032,1,9,0,15,0,8,0,0,0,0,1,1,6,2,-1,-1,1968,2,3,-1,1,-1
201501SX21032,2,9,0,9,0,6,0,0,0,0,4,1,6,2,29,6,-1,-1,-1,-1,1,-1
201501SX21033,1,9,0,3,0,1,0,0,0,0,2,1,6,2,37,7,1995,2,9,-1,1,-1
201501SX21033,2,9,0,3,0,1,0,0,0,0,2,1,6,1,24,5,2993,2,10,-1,1,-1
201501SX21033,3,9,0,4,0,1,0,0,0,0,1,1,6,1,41,7,2401,2,8,-1,1,-1
201501SX21034,1,9,0,18,0,8,0,0,0,0,1,1,6,2,32,6,2295,1,12,-1,1,-1
201501SX21034,2,9,0,17,0,8,0,0,0,0,1,1,6,2,54,8,-1,-1,-1,-1,1,-1
201501SX21035,1,19,0,18,9,0,0,0,0,0,4,1,1,1,-1,-1,2287,2,5,-1,-1,-1
201501SX21037,1,11,0,18,0,1,0,0,0,0,0,1,1,1,33,6,6700,2,8,-1,3,-1
201501SX21038,1,9,0,18,0,8,0,0,0,0,1,1,6,1,32,6,1598,2,1,-1,1,-1
201501SX21038,2,8,0,9,0,8,0,0,0,0,3,1,1,1,42,7,1797,8,4,-1,1,-1
201501SX21039,1,9,0,18,0,0,0,0,0,0,3,1,6,1,57,9,1998,2,12,-1,1,-1
201501SX21039,2,9,0,18,0,0,0,0,0,0,4,1,6,1,30,6,2993,2,8,-1,1,-1
201501SX21040,1,9,0,5,2,1,0,0,0,0,4,1,6,1,-1,-1,-1,-1,-1,-1,-1,-1
201501SX21042,1,9,0,5,0,8,0,0,0,0,4,1,1,1,31,6,1956,2,5,-1,1,-1
201501SX21042,2,19,0,5,0,8,0,0,0,0,3,1,6,1,-1,-1,1868,2,16,-1,1,-1
201501SX21043,1,9,0,10,0,1,0,0,0,0,2,1,6,2,46,8,2148,2,11,-1,1,-1
201501SX21043,2,19,0,18,0,1,0,0,0,0,1,1,6,1,-1,-1,-1,-1,-1,-1,-1,-1
201501SX21044,1,9,0,18,0,1,5,4,0,0,1,1,6,1,19,4,1598,1,9,-1,1,-1
201501SX21046,1,9,0,18,0,8,0,0,0,0,4,1,6,1,28,6,2993,2,-1,-1,1,-1
201501SX21046,2,9,0,10,0,8,0,0,0,0,1,1,6,2,33,6,3311,8,7,-1,1,-1
201501SX21046,3,9,0,9,0,8,0,0,0,0,0,1,6,1,55,8,-1,-1,-1,-1,1,-1
201501SX21048,1,9,0,17,0,1,0,0,0,0,1,1,6,1,40,7,1339,1,3,-1,1,-1
201501SX21049,1,9,0,11,0,2,0,0,0,0,4,1,2,2,23,5,-1,-1,-1,-1,1,-1
201501SX21049,2,3,0,18,0,2,0,0,0,0,1,1,6,1,33,6,124,1,1,-1,1,-1
201501SX21051,1,9,0,18,0,8,0,0,0,0,1,1,6,2,40,7,2993,2,4,-1,1,-1
201501SX21051,2,19,4,18,0,8,0,0,0,0,4,1,6,1,36,7,2402,2,5,-1,1,-1
201501SX21052,1,9,0,18,0,0,0,0,0,0,3,1,6,1,31,6,1995,2,3,-1,1,-1
201501SX21054,1,9,0,12,0,0,0,0,0,0,2,1,6,1,25,5,2987,2,7,-1,1,-1
201501SX21054,2,21,1,18,0,0,0,0,0,0,1,1,6,1,-1,-1,12809,2,-1,-1,-1,-1
201501SX21055,1,9,0,3,0,8,0,0,0,0,2,1,6,1,43,7,1149,1,13,-1,1,-1
201501SX21055,2,9,0,12,0,8,0,0,0,0,1,1,6,1,34,6,1598,1,3,-1,1,-1
201501SX21056,1,11,0,18,0,8,0,0,0,0,1,1,1,1,34,6,8268,2,13,-1,1,-1
201501SX21057,1,3,0,4,0,0,1,0,0,0,0,1,2,1,28,6,124,1,2,-1,1,-1
201501SX21057,2,8,0,4,0,0,0,0,0,0,0,1,1,1,-1,-1,1794,1,8,-1,-1,-1
201501SX21058,1,9,0,18,0,0,0,0,0,0,4,1,6,2,23,5,1341,1,11,-1,1,-1
201501SX21058,2,9,0,5,0,0,0,0,0,0,3,1,6,1,55,8,2987,2,1,-1,1,-1
201501SX21059,1,9,0,9,0,1,0,0,0,0,1,1,1,1,51,8,2143,2,1,-1,1,-1
201501SX21059,2,4,0,18,0,1,0,0,0,0,1,1,1,1,45,7,346,1,12,-1,3,-1
201501SX21061,1,9,0,18,0,0,0,0,0,0,3,1,6,2,35,6,1398,1,5,-1,1,-1
201501SX21062,1,19,0,18,0,8,0,0,0,0,1,1,1,2,48,8,2460,2,7,-1,1,-1
201501SX21062,2,9,0,9,0,8,0,0,0,0,4,1,6,2,57,9,1199,1,11,-1,1,-1
201501SX21063,1,9,0,3,0,1,0,0,0,0,2,1,6,2,64,9,3997,2,7,-1,1,-1
201501SX21063,2,11,0,18,0,1,0,0,0,0,1,1,1,1,63,9,3900,2,9,-1,1,-1
201501SX21064,1,9,0,18,0,1,0,10,1,2,4,1,6,2,41,7,2969,2,10,-1,3,-1
201501SX21065,1,9,0,9,0,8,0,0,0,0,4,1,6,2,72,10,1149,1,2,-1,1,-1
201501SX21065,2,9,0,18,0,8,0,0,0,0,1,1,6,2,51,8,998,1,14,-1,1,-1
201501SX21066,1,9,0,3,0,8,0,0,0,0,2,1,6,1,46,8,1591,1,3,-1,1,-1
201501SX21066,2,3,0,18,0,8,0,0,0,0,1,1,6,1,42,7,499,1,10,-1,1,-1
201501SX21069,1,9,0,2,0,0,0,0,0,0,4,1,3,2,36,7,2993,2,4,-1,1,-1
201501SX21069,2,9,0,18,0,0,0,8,0,0,4,1,6,3,-1,-1,-1,-1,-1,-1,-1,-1
201501SX21070,1,19,0,1,0,0,0,0,0,0,2,1,6,1,31,6,2287,2,-1,-1,1,-1
201501SX21070,2,9,0,3,0,0,0,0,0,0,1,1,6,1,29,6,1968,2,11,-1,1,-1
201501SX21071,1,9,0,17,0,8,5,10,0,0,1,1,6,1,61,9,1997,2,1,-1,1,-1
201501SX21072,1,3,0,18,0,8,0,0,0,0,3,1,6,1,37,7,125,1,5,-1,1,-1
201501SX21072,2,9,0,9,0,8,0,0,0,0,0,1,6,2,53,8,-1,-1,-1,-1,1,-1
201501SX21073,1,9,0,4,0,1,0,0,0,0,2,1,6,1,51,8,1997,2,-1,-1,1,-1
201501SX21073,2,9,0,18,0,1,0,0,0,0,1,1,6,1,43,7,-1,-1,-1,-1,1,-1
201501SX21074,1,1,0,18,0,2,0,0,0,0,1,1,6,1,37,7,-1,-1,-1,-1,1,-1
201501SX21074,2,9,0,6,0,2,0,0,0,0,3,1,6,2,-1,-1,1598,1,10,-1,-1,-1
201501SX21075,1,2,0,9,0,8,0,0,0,0,1,1,6,1,23,5,124,1,8,-1,1,-1
201501SX21075,2,9,0,17,0,8,0,0,0,0,1,1,6,1,64,9,1395,1,1,-1,1,-1
201501SX21076,1,9,0,18,0,8,0,0,7,0,4,1,2,1,37,7,2496,1,11,-1,1,-1
201501SX21076,2,9,0,18,0,8,0,0,1,0,1,1,2,2,21,5,1197,1,-1,-1,1,-1
201501SX21077,1,19,0,14,0,1,5,10,1,0,1,1,2,1,31,6,1560,2,-1,-1,1,-1
201501SX21077,2,9,0,4,0,1,0,0,0,0,2,1,6,1,44,7,1895,1,14,-1,1,-1
201501SX21077,3,9,0,4,0,1,0,0,0,0,4,1,6,2,34,6,1363,2,11,-1,1,-1
201501SX21078,1,9,0,18,0,8,0,0,0,0,3,1,6,1,39,7,1497,8,7,-1,1,-1
201501SX21078,2,9,0,9,0,6,0,0,0,0,1,1,6,3,-1,-1,-1,-1,-1,-1,-1,-1
201501SX21079,1,9,0,10,0,1,0,0,0,0,2,1,2,1,29,6,1998,1,8,-1,1,-1
201501SX21079,2,20,0,5,0,1,0,0,0,0,1,1,1,1,24,5,-1,-1,-1,-1,1,-1
201501SX21083,1,9,0,18,0,1,0,0,0,0,1,1,6,3,-1,-1,-1,-1,-1,-1,-1,-1
201501SX21084,1,9,0,3,0,1,0,0,0,0,2,1,6,2,21,5,1598,1,3,-1,1,-1
201501SX21084,2,9,0,18,0,1,0,0,0,0,1,1,6,1,37,7,-1,-1,-1,-1,1,-1
201501SX21086,1,4,0,18,0,8,0,0,0,0,1,1,6,1,49,8,1084,1,16,-1,1,-1
201501SX21086,2,9,0,7,0,8,0,0,0,0,0,1,6,2,33,6,-1,-1,-1,-1,1,-1
201501SX21086,3,9,0,3,0,8,0,0,0,0,2,1,6,1,39,7,2143,2,5,-1,1,-1
201501SX21087,1,9,0,18,0,0,0,4,0,0,1,1,6,1,31,6,1397,1,12,-1,1,-1
201501SX21087,2,9,0,2,0,0,0,0,0,0,3,1,6,3,-1,-1,1368,1,5,-1,-1,-1
201501SX21088,1,9,0,17,0,8,0,0,0,0,4,1,6,1,39,7,1995,2,4,-1,1,-1
201501SX21088,2,9,0,18,0,8,0,0,0,0,1,1,6,3,-1,-1,1999,1,14,-1,-1,-1
201501SX21089,1,9,0,9,0,8,0,0,0,0,4,1,6,2,43,7,-1,-1,-1,-1,1,-1
201501SX21089,2,5,0,18,0,8,0,0,0,0,1,1,6,1,31,6,998,1,8,-1,1,-1
201501SX21091,1,9,0,18,0,8,0,0,0,0,4,1,6,1,26,6,1199,1,12,-1,-1,-1
201501SX21091,2,21,0,18,0,8,0,0,0,0,3,1,6,1,61,9,-1,-1,-1,-1,-1,-1
201501SX21092,1,9,0,18,0,0,1,0,0,0,1,1,6,1,42,7,1796,1,16,-1,1,-1
201501SX21092,2,9,0,3,0,0,0,0,0,0,2,1,1,2,42,7,1995,2,2,-1,1,-1
201501SX21092,3,20,0,3,0,0,0,0,0,0,2,1,1,1,54,8,4580,2,2,-1,-1,-1
201501SX21093,1,1,0,18,0,0,0,4,0,0,3,1,6,2,46,8,-1,-1,-1,-1,1,-1
201501SX21093,2,9,0,13,0,0,0,0,0,0,4,1,6,1,55,8,1590,1,18,-1,1,-1
201501SX21093,3,9,0,2,0,0,0,0,0,0,3,1,6,2,26,6,-1,-1,-1,-1,-1,-1
201501SX21094,1,9,0,18,0,1,0,0,0,0,1,1,2,2,52,8,1396,1,18,-1,1,-1
201501SX21096,1,5,0,7,0,8,1,0,0,0,4,1,6,1,41,7,749,1,17,-1,2,-1
201501SX21096,2,9,0,9,0,8,0,0,0,0,3,1,6,1,24,5,1600,1,11,-1,1,-1
201501SX21097,1,9,0,9,0,5,0,0,0,0,2,1,6,1,30,6,698,1,10,-1,1,-1
201501SX21097,2,9,0,18,0,8,0,0,0,0,1,1,6,2,-1,-1,1496,2,-1,-1,1,-1
201501SX21098,1,9,0,3,0,1,0,0,0,0,2,1,2,2,23,5,1388,1,6,-1,1,-1
201501SX21098,2,19,0,18,0,1,0,0,0,0,1,1,2,1,-1,-1,1968,2,1,-1,-1,-1
201501SX21099,1,9,0,18,0,8,0,0,0,0,4,1,3,2,50,8,1968,2,8,-1,1,-1
201501SX21099,2,9,0,18,0,8,0,0,0,0,1,1,3,1,39,7,996,1,6,-1,1,-1
201501SX21100,1,9,0,4,0,1,0,0,0,0,2,1,6,1,34,6,1197,1,-1,-1,1,-1
201501SX21100,2,9,0,18,0,1,0,0,0,0,1,1,6,3,-1,-1,-1,-1,-1,-1,-1,-1
201501SX21101,1,5,0,18,0,8,0,0,0,0,1,1,2,1,43,7,1170,1,6,-1,1,-1
201501SX21102,1,9,0,18,0,2,0,0,0,0,1,1,2,1,35,6,1997,2,7,-1,1,-1
201501SX21102,2,9,0,18,0,1,0,0,0,0,1,1,6,3,-1,-1,1870,2,9,-1,-1,-1
201501SX21104,1,9,0,9,0,8,0,0,0,0,4,1,6,1,37,7,1871,2,11,-1,1,-1
201501SX21104,2,3,0,18,0,8,0,0,0,0,1,1,2,1,22,5,124,1,14,-1,1,-1
201501SX21106,1,9,0,4,0,0,1,0,1,10,1,1,6,1,26,6,2143,2,5,-1,1,-1
201501SX21108,1,9,0,3,0,0,0,0,0,0,2,1,6,2,26,6,1797,8,3,-1,1,-1
201501SX21108,2,9,0,5,0,0,0,0,0,0,1,1,6,2,52,8,1995,1,14,-1,1,-1
201501SX21109,1,9,0,5,0,6,0,0,0,0,1,1,2,1,62,9,1299,1,14,-1,-1,-1
201501SX21109,2,3,0,4,0,8,1,0,0,0,4,1,2,1,31,6,108,1,5,-1,1,-1
201501SX21110,1,9,0,9,0,8,0,0,0,0,3,1,6,2,35,6,2148,2,6,-1,-1,-1
201501SX21110,2,2,0,15,0,8,0,0,0,0,1,1,6,1,32,6,124,1,10,-1,-1,-1
201501SX21111,1,9,0,9,0,1,0,0,0,0,4,1,2,2,48,8,-1,-1,-1,-1,1,-1
201501SX21111,2,1,0,15,0,1,0,0,0,0,1,1,2,1,40,7,-1,-1,-1,-1,1,-1
201501SX21113,1,9,0,2,0,1,0,0,0,0,4,1,6,2,43,7,1390,1,7,-1,-1,-1
201501SX21113,2,9,0,18,0,2,0,8,0,0,4,1,6,1,35,6,1598,2,3,-1,1,-1
201501SX21114,1,8,0,3,0,0,0,0,0,0,2,1,1,1,30,6,-1,-1,-1,-1,1,-1
201501SX21114,2,9,0,3,0,0,0,0,0,0,2,1,6,2,41,7,1997,2,7,-1,1,-1
201501SX21114,3,8,0,18,0,0,0,0,0,0,1,1,6,1,60,9,-1,-1,-1,-1,1,-1
201501SX21115,1,20,0,18,0,8,0,0,0,0,3,1,1,1,53,8,-1,-1,-1,-1,1,-1
201501SX21116,1,90,0,18,0,8,0,0,0,0,1,1,6,1,-1,-1,-1,-1,-1,-1,-1,-1
201501SX21117,1,11,0,9,0,2,0,0,0,0,0,1,1,1,55,8,4500,2,7,-1,1,-1
201501SX21118,1,9,0,3,0,1,0,0,0,0,2,1,6,1,25,5,1686,2,4,-1,1,-1
201501SX21118,2,9,0,18,0,1,0,0,0,0,1,1,6,1,20,4,1686,2,13,-1,1,-1
201501SX21119,1,9,0,4,0,0,0,0,0,0,2,1,6,1,31,6,3993,1,1,-1,1,-1
201501SX21119,2,9,0,18,0,0,0,0,0,0,1,1,6,3,-1,-1,1596,1,12,-1,-1,-1
201501SX21120,1,9,0,18,0,1,0,0,0,0,4,1,2,2,-1,-1,1198,1,5,-1,1,-1
201501SX21120,2,9,0,9,0,1,0,0,0,0,1,1,2,2,60,9,1995,2,4,-1,1,-1
201501SX21121,1,5,0,18,0,1,0,0,0,0,3,1,2,1,39,7,893,1,22,-1,1,-1
201501SX21121,2,19,0,11,0,1,0,0,0,0,4,1,1,1,23,5,2143,2,1,-1,1,-1
201501SX21123,1,11,0,18,0,8,0,0,0,0,4,1,1,1,32,6,4500,2,1,-1,1,-1
201501SX21123,2,9,0,18,0,8,0,0,0,0,1,1,6,1,34,6,1686,2,5,-1,1,-1
201501SX21124,1,9,0,2,0,8,0,0,0,0,3,1,6,2,44,7,-1,-1,-1,-1,1,-1
201501SX21124,2,9,0,18,0,8,0,4,0,0,4,1,6,1,-1,-1,-1,-1,-1,-1,-1,-1
201501SX21125,1,9,0,4,0,0,0,0,0,0,2,1,6,1,42,7,1900,2,16,-1,1,-1
201501SX21125,2,9,0,18,0,0,0,0,0,0,1,1,6,1,21,5,1995,2,4,-1,1,-1
201501SX21125,3,9,0,18,0,0,0,1,0,0,1,1,6,1,36,7,1995,2,-1,-1,1,-1
201501SX21126,1,9,0,18,0,0,0,0,0,0,3,1,1,1,29,6,2967,2,9,-1,1,-1
201501SX21126,2,9,0,18,0,0,0,0,0,0,4,1,6,1,-1,-1,3997,2,7,-1,-1,-1
201501SX21127,1,9,0,2,0,0,0,0,0,0,3,1,6,1,51,8,2996,2,18,-1,1,-1
201501SX21127,2,9,0,18,0,0,0,4,0,0,4,1,6,1,-1,-1,-1,-1,-1,-1,-1,-1
201501SX21128,1,9,0,7,0,1,0,10,7,10,1,1,6,1,21,5,2188,2,12,-1,1,-1
201501SX21129,1,9,0,3,0,0,0,0,0,0,2,1,1,1,61,9,-1,-1,-1,-1,1,-1
201501SX21129,2,9,0,4,0,0,0,0,0,0,2,1,1,1,60,9,-1,-1,-1,-1,1,-1
201501SX21129,3,9,0,18,0,0,0,0,0,0,1,1,1,1,39,7,1390,1,10,-1,1,-1
201501SX21130,1,9,0,4,0,1,0,0,0,0,2,1,6,2,46,8,1997,1,7,-1,1,-1
201501SX21130,2,9,0,18,0,1,0,0,0,0,1,1,6,2,-1,-1,1339,1,9,-1,-1,-1
201501SX21131,1,9,0,18,0,1,1,0,0,0,3,1,2,2,26,6,1390,1,10,-1,1,-1
201501SX21131,2,9,0,11,0,1,0,0,0,0,4,1,6,1,25,5,-1,-1,-1,-1,-1,-1
201501SX21132,1,9,0,3,0,1,0,0,0,0,2,1,6,2,30,6,1797,8,2,-1,1,-1
201501SX21132,2,9,0,5,0,1,0,0,0,0,1,1,6,2,30,6,1229,1,10,-1,-1,-1
201501SX21133,1,9,0,18,0,0,0,0,0,0,1,1,6,1,51,8,875,1,2,-1,1,-1
201501SX21133,2,9,0,4,0,0,0,0,0,0,2,1,2,1,50,8,1390,1,6,-1,1,-1
201501SX21134,1,9,0,3,0,2,0,0,0,0,2,1,6,2,20,4,1360,1,10,-1,1,-1
201501SX21134,2,9,0,3,0,2,0,0,0,0,2,1,6,2,47,8,1598,1,12,-1,1,-1
201501SX21134,3,9,0,4,0,2,0,0,0,0,1,1,6,1,30,6,1997,2,4,-1,1,-1
201501SX21135,1,9,0,9,0,8,0,0,0,0,1,1,6,2,74,10,1124,1,12,-1,1,-1
201501SX21135,2,1,0,15,0,8,0,0,0,0,4,1,6,1,40,7,-1,-1,-1,-1,1,-1
201501SX21136,1,9,0,18,0,8,0,0,0,0,4,1,6,1,-1,-1,999,1,16,-1,-1,-1
201501SX21138,1,9,0,4,0,2,0,0,0,0,2,1,6,1,51,8,-1,-1,-1,-1,-1,-1
201501SX21138,2,9,0,18,0,2,0,0,0,0,1,1,6,1,39,7,2143,2,5,-1,1,-1
201501SX21139,1,9,0,2,0,0,0,0,0,0,3,1,6,2,32,6,1796,1,5,-1,1,-1
201501SX21139,2,9,0,18,0,0,0,1,0,0,1,1,6,1,61,9,1781,1,18,-1,1,-1
201501SX21140,1,9,0,9,0,1,0,0,0,0,3,1,6,2,56,9,1590,1,12,-1,1,-1
201501SX21142,1,9,0,5,0,8,0,0,0,0,1,1,6,1,65,9,1364,2,10,-1,1,-1
201501SX21144,1,9,0,4,0,0,0,0,0,0,1,1,6,1,88,11,1497,8,9,-1,1,-1
201501SX21145,1,11,0,4,0,8,0,0,0,0,0,1,6,1,34,6,5132,2,-1,-1,1,-1
201501SX21146,1,9,0,4,0,8,0,0,0,0,2,1,6,2,32,6,1296,1,7,-1,1,-1
201501SX21146,2,9,0,18,0,8,0,0,0,0,1,1,6,2,20,4,1329,1,-1,-1,1,-1
201501SX21147,1,9,0,9,0,8,0,0,0,0,4,1,6,1,25,5,-1,-1,-1,-1,1,-1
201501SX21147,2,3,0,18,0,8,0,0,0,0,1,1,6,1,17,4,-1,-1,-1,-1,1,-1
201501SX21148,1,1,0,4,0,2,0,0,0,0,0,1,6,1,27,6,-1,-1,-1,-1,1,-1
201501SX21149,1,9,0,5,0,8,0,0,0,0,1,1,6,1,35,6,2461,2,7,-1,1,-1
201501SX21149,2,4,0,18,0,8,0,0,0,0,4,1,1,1,25,5,599,1,11,-1,1,-1
201501SX21150,1,9,0,9,0,2,0,0,0,0,1,1,6,1,19,4,1490,1,8,-1,1,-1
201501SX21151,1,9,0,18,0,8,0,0,0,0,4,1,6,1,21,5,-1,-1,-1,-1,1,-1
201501SX21152,1,9,0,12,0,2,0,0,0,0,3,1,2,1,28,6,2143,12,-1,-1,1,-1
201501SX21152,2,3,0,13,0,2,0,0,0,0,4,1,2,1,36,7,244,1,8,-1,1,-1
201501SX21153,1,8,0,6,0,0,0,0,0,0,3,1,6,1,44,7,1968,2,4,-1,1,-1