Accident_Index,Vehicle_Reference,Vehicle_Type,Towing_and_Articulation,Vehicle_Manoeuvre,Vehicle_Location-Restricted_Lane,Junction_Location,Skidding_and_Overturning,Hit_Object_in_Carriageway,Vehicle_Leaving_Carriageway,Hit_Object_off_Carriageway,1st_Point_of_Impact,Was_Vehicle_Left_Hand_Drive?,Journey_Purpose_of_Driver,Sex_of_Driver,Age_of_Driver,Age_Band_of_Driver,Engine_Capacity_(CC),Propulsion_Code,Age_of_Vehicle,Driver_IMD_Decile,Driver_Home_Area_Type,Vehicle_IMD_Decile
201501SX21153,2,9,0,18,0,0,0,0,0,0,1,1,6,1,58,9,1968,2,1,-1,1,-1
201501SX21154,1,9,0,18,0,0,0,0,5,6,1,1,6,1,59,9,-1,-1,-1,-1,1,-1
201501SX21155,1,9,0,3,0,1,0,0,0,0,2,1,6,2,24,5,1364,2,11,-1,1,-1
201501SX21155,2,9,0,4,0,1,0,0,0,0,1,1,6,2,-1,-1,1299,1,11,-1,1,-1
201501SX21156,1,9,0,18,0,8,0,0,0,0,4,1,6,1,45,7,1998,2,4,-1,1,-1
201501SX21157,1,9,0,4,0,0,0,0,0,0,1,1,6,1,62,9,1969,2,1,-1,1,-1
201501SX21157,2,9,0,4,0,0,0,0,0,0,1,1,6,2,25,5,1399,2,12,-1,1,-1
201501SX21157,3,9,0,3,0,0,0,0,0,0,2,1,2,1,26,6,1398,1,-1,-1,1,-1
201501SX21158,1,19,0,3,0,0,0,0,0,0,2,1,1,1,51,8,1995,2,1,-1,2,-1
201501SX21158,2,9,0,3,0,0,0,0,0,0,2,1,1,1,47,8,2993,2,2,-1,2,-1
201501SX21158,3,20,0,3,0,0,0,0,0,0,2,1,1,1,55,8,-1,-1,-1,-1,-1,-1
201501SX21158,4,21,1,18,0,0,0,0,0,0,1,1,1,1,63,9,8970,2,13,-1,2,-1
201501SX21159,1,9,0,18,0,2,0,0,0,0,3,1,6,3,-1,-1,-1,-1,-1,-1,-1,-1
201501SX21160,1,9,0,9,0,2,0,0,0,0,1,1,6,2,37,7,2362,1,14,-1,1,-1
201501SX21161,1,9,0,18,0,0,0,0,0,0,4,1,6,2,27,6,-1,-1,-1,-1,1,-1
201501SX21162,1,9,0,18,0,8,0,0,0,0,1,1,6,2,-1,-1,1390,1,14,-1,-1,-1
201501SX21162,2,9,0,18,0,8,0,0,0,0,2,1,6,1,-1,-1,-1,-1,-1,-1,-1,-1
201501SX21163,1,9,0,18,0,0,0,10,0,0,3,1,6,2,48,8,1198,1,1,-1,1,-1
201501SX21163,2,9,0,18,0,0,0,0,0,0,3,1,6,2,47,8,1590,1,12,-1,1,-1
201501SX21163,3,9,0,18,0,0,0,0,0,0,3,1,6,1,53,8,1586,1,1,-1,1,-1
201501SX21164,1,5,0,18,0,8,0,0,0,0,1,1,6,1,26,6,670,1,3,-1,1,-1
201501SX21164,2,9,0,9,0,8,0,0,0,0,3,1,6,1,42,7,-1,-1,-1,-1,1,-1
201501SX21165,1,9,0,18,0,0,0,0,0,0,1,1,6,1,46,8,2164,1,16,-1,1,-1
201501SX21165,2,9,0,4,0,0,0,0,0,0,1,1,2,2,27,6,1395,1,-1,-1,1,-1
201501SX21166,1,9,0,18,0,1,0,0,0,0,3,1,6,1,56,9,1686,2,6,-1,1,-1
201501SX21166,2,9,0,6,0,1,0,0,0,0,1,1,6,3,-1,-1,1998,1,14,-1,-1,-1
201501SX21167,1,9,0,18,0,8,0,0,0,0,4,1,6,1,41,7,1968,2,5,-1,1,-1
201501SX21167,2,9,0,18,0,8,0,0,0,0,1,1,6,1,-1,-1,-1,-1,-1,-1,-1,-1
201501SX21168,1,9,0,2,0,2,0,0,0,0,3,1,6,1,68,10,-1,-1,-1,-1,1,-1
201501SX21168,2,2,0,18,0,2,0,8,0,0,1,1,1,1,23,5,125,1,10,-1,1,-1
201501SX21168,3,9,0,18,0,1,0,0,0,0,3,1,6,1,29,6,1242,1,10,-1,1,-1
201501SX21169,1,9,0,5,0,8,0,0,0,0,1,1,6,2,30,6,1197,1,-1,-1,1,-1
201501SX21169,2,9,0,18,0,8,0,0,0,0,4,1,6,1,48,8,1248,1,5,-1,1,-1
201501SX21170,1,9,0,4,0,0,0,0,0,0,2,1,6,2,-1,-1,1339,1,12,-1,1,-1
201501SX21170,2,9,0,18,0,0,0,0,0,0,1,1,6,1,-1,-1,-1,-1,-1,-1,-1,-1
201501SX21171,1,3,0,18,0,1,1,0,0,0,1,1,1,1,29,6,125,1,3,-1,1,-1
201501SX21172,1,19,0,7,0,2,0,0,0,0,1,1,6,3,-1,-1,-1,-1,-1,-1,-1,-1
201501SX21173,1,3,0,18,9,2,0,10,1,0,1,1,6,3,-1,-1,-1,-1,-1,-1,-1,-1
201501SX21174,1,3,0,18,0,1,0,0,0,0,4,1,6,1,55,8,124,1,6,-1,1,-1
201501SX21174,2,9,0,12,0,1,0,0,0,0,3,1,6,1,-1,-1,-1,-1,-1,-1,-1,-1
201501SX21175,1,3,0,18,0,0,0,0,0,0,4,1,6,1,38,7,-1,-1,-1,-1,1,-1
201501SX21176,1,9,0,18,0,0,0,4,0,0,4,1,6,1,18,4,1198,1,3,-1,1,-1
201501SX21176,2,9,0,2,0,0,0,0,0,0,3,1,6,1,50,8,-1,-1,-1,-1,1,-1
201501SX21177,1,9,0,18,0,0,0,0,0,0,4,1,6,1,32,6,2979,1,8,-1,1,-1
201501SX21178,1,9,0,1,0,1,0,8,0,0,2,1,6,1,47,8,2874,2,10,-1,1,-1
201501SX21178,2,9,0,2,0,2,0,0,0,0,4,1,6,1,31,6,-1,-1,-1,-1,1,-1
201501SX21179,1,11,0,4,0,0,0,0,0,0,0,1,6,1,38,7,-1,-1,-1,-1,-1,-1
201501SX21180,1,9,0,9,0,8,0,0,0,0,3,1,6,2,40,7,2993,2,7,-1,1,-1
201501SX21181,1,9,0,18,0,8,0,0,0,0,1,1,6,2,56,9,-1,-1,-1,-1,-1,-1
201501SX21181,2,9,0,8,0,8,0,0,0,0,3,1,6,2,62,9,1968,2,2,-1,-1,-1
201501SX21181,3,9,0,7,0,8,0,0,0,0,2,1,6,1,38,7,1368,1,8,-1,1,-1
201501SX21182,1,3,0,18,0,0,0,0,0,0,0,1,6,1,49,8,125,1,3,-1,1,-1
201501SX21183,1,9,0,4,0,0,0,0,0,0,2,1,6,2,47,8,1797,8,-1,-1,1,-1
201501SX21183,2,9,0,18,0,0,0,0,0,0,1,1,6,1,55,8,1598,2,2,-1,2,-1
201501SX21184,1,9,0,18,0,8,0,0,0,0,1,1,6,1,24,5,-1,-1,-1,-1,1,-1
201501SX21184,2,9,0,18,0,8,0,0,0,0,1,1,6,2,38,7,1386,1,8,-1,1,-1
201501SX21185,1,9,0,4,0,8,0,0,0,0,2,1,6,1,20,4,1198,1,8,-1,1,-1
201501SX21185,2,9,0,18,0,8,0,0,0,0,1,1,6,1,-1,-1,998,1,11,-1,1,-1
201501SX21186,1,9,0,18,0,0,0,0,0,0,1,1,6,1,42,7,1797,8,6,-1,1,-1
201501SX21186,2,9,0,18,0,0,0,0,0,0,3,1,6,1,-1,-1,2979,1,13,-1,1,-1
201501SX21187,1,9,0,9,0,8,0,0,0,0,4,1,6,2,48,8,998,1,10,-1,1,-1
201501SX21187,2,9,0,18,0,1,0,0,0,0,1,1,6,1,38,7,2993,2,-1,-1,1,-1
201501SX21188,1,11,0,18,0,1,0,0,0,0,4,1,6,3,-1,-1,-1,-1,-1,-1,-1,-1
201501SX21189,1,9,0,5,0,0,0,0,0,0,1,1,6,1,63,9,2967,1,13,-1,1,-1
201501SX21191,1,9,0,18,0,0,0,0,0,0,3,1,6,2,17,4,1248,1,3,-1,-1,-1
201501SX21191,2,19,0,6,0,0,0,0,0,0,1,1,6,1,-1,-1,2402,2,5,-1,-1,-1
201501SX21192,1,9,0,18,0,0,0,0,0,0,4,1,6,2,46,8,1900,2,10,-1,1,-1
201501SX21192,2,9,0,2,0,0,0,0,0,0,4,1,6,3,-1,-1,1796,1,10,-1,-1,-1
201501SX21192,3,9,0,2,0,0,0,0,0,0,4,1,6,3,-1,-1,1598,1,12,-1,-1,-1
201501SX21193,1,9,0,3,0,1,0,0,0,0,2,1,6,1,40,7,1598,2,4,-1,1,-1
201501SX21193,2,9,0,18,0,1,0,0,0,0,1,1,6,1,34,6,1896,2,14,-1,1,-1
201501SX21194,1,9,0,18,0,8,0,0,0,0,3,1,6,1,52,8,2179,2,2,-1,1,-1
201501SX21194,2,9,0,18,0,8,0,0,0,0,1,1,6,1,28,6,1390,1,4,-1,1,-1
201501SX21195,1,9,0,4,0,1,0,0,0,0,2,1,6,2,23,5,-1,-1,-1,-1,1,-1
201501SX21195,2,9,0,18,0,1,0,0,0,0,1,1,6,3,-1,-1,-1,-1,-1,-1,-1,-1
201501SX21196,1,9,0,5,0,8,0,7,0,0,1,1,6,1,53,8,-1,-1,-1,-1,1,-1
201501SX21196,2,9,0,18,0,8,0,0,0,0,3,1,6,2,81,11,1339,1,11,-1,1,-1
201501SX21197,1,3,0,18,0,2,0,0,0,0,3,1,2,1,28,6,125,1,6,-1,1,-1
201501SX21197,2,19,0,6,0,1,0,0,0,0,1,1,6,1,-1,-1,1248,2,6,-1,-1,-1
201501SX21198,1,9,0,18,0,8,0,0,0,0,4,1,6,1,-1,-1,-1,-1,-1,-1,-1,-1
201501SX21199,1,5,0,18,0,0,0,0,0,0,1,1,6,1,34,6,599,1,3,-1,1,-1
201501SX21199,2,9,0,4,0,0,0,0,0,0,2,1,6,2,51,8,2685,2,12,-1,1,-1
201501SX21200,1,9,0,11,0,8,0,10,7,7,4,1,6,1,23,5,-1,-1,-1,-1,1,-1
201501SX21200,2,9,0,18,0,8,0,0,1,2,1,1,6,1,30,6,1364,1,8,-1,1,-1
201501SX21202,1,9,0,18,0,0,0,0,0,0,4,1,6,1,63,9,1796,1,7,-1,1,-1
201501SX21203,1,9,0,4,0,1,0,0,0,0,2,1,6,1,23,5,1596,1,10,-1,1,-1
201501SX21203,2,9,0,18,0,1,0,0,0,0,1,1,6,1,18,4,1995,2,1,-1,-1,-1
201501SX21204,1,9,0,18,0,0,0,0,0,0,4,1,6,1,24,5,1995,2,-1,-1,1,-1
201501SX21204,2,9,0,6,0,0,0,0,0,0,3,1,6,2,30,6,1242,1,5,-1,1,-1
201501SX21205,1,9,0,9,0,3,0,0,0,0,1,1,6,1,70,10,2143,2,-1,-1,1,-1
201501SX21206,1,9,0,18,0,1,0,0,0,0,4,1,2,1,46,8,1968,2,4,-1,1,-1
201501SX21207,1,9,0,18,0,1,0,7,0,0,1,1,6,1,20,4,2198,2,1,-1,1,-1
201501SX21208,1,19,0,11,0,2,0,0,0,0,4,1,2,1,31,6,1753,2,5,-1,1,-1
201501SX21208,2,5,0,15,0,2,0,0,0,0,1,1,2,1,43,7,1170,1,8,-1,1,-1
201501SX21208,3,9,0,18,0,2,0,0,0,0,4,1,6,3,-1,-1,1689,2,15,-1,-1,-1
201501SX21209,1,9,0,4,0,0,0,0,0,0,2,1,6,2,57,9,1390,1,3,-1,1,-1
201501SX21209,2,9,0,13,0,0,0,0,0,0,1,1,6,1,-1,-1,1595,1,6,-1,1,-1
201501SX21209,3,11,0,4,0,0,0,0,0,0,1,1,6,1,48,8,4500,2,7,-1,1,-1
201501SX21210,1,19,0,18,0,1,1,4,0,0,1,1,1,1,47,8,1598,2,-1,-1,1,-1
201501SX21210,2,2,0,9,0,1,0,0,0,0,1,1,6,1,20,4,-1,-1,-1,-1,1,-1
201501SX21210,3,9,0,2,0,1,0,0,0,0,4,1,6,1,68,10,1339,1,1,-1,-1,-1
201501SX21211,1,9,0,18,0,0,0,0,0,0,3,1,6,1,28,6,1998,1,15,-1,1,-1
201501SX21211,2,3,0,18,0,0,0,0,0,0,3,1,6,1,28,6,49,1,10,-1,1,-1
201501SX21212,1,9,0,9,0,1,0,0,0,0,4,1,6,1,23,5,-1,-1,-1,-1,1,-1
201501SX21212,2,5,0,14,0,1,0,0,0,0,1,1,6,1,24,5,1198,1,4,-1,1,-1
201501SX21213,1,9,0,18,0,0,0,0,0,0,3,1,6,2,18,4,1242,1,8,-1,1,-1
201501SX21213,2,9,0,18,0,0,0,0,0,0,3,1,6,3,-1,-1,1598,2,2,-1,-1,-1
201501SX21214,1,9,0,9,0,8,0,6,0,0,1,1,6,2,18,4,1560,2,4,-1,1,-1
201501SX21215,1,1,0,18,0,8,0,0,0,0,4,1,6,2,55,8,-1,-1,-1,-1,1,-1
201501SX21215,2,9,0,18,0,8,0,0,0,0,1,1,6,1,55,8,1997,2,6,-1,1,-1
201501SX21216,1,9,0,4,0,1,0,0,0,0,2,1,6,2,33,6,1998,1,13,-1,1,-1
201501SX21216,2,9,0,18,0,1,0,0,0,0,1,1,6,1,-1,-1,1998,2,7,-1,-1,-1
201501SX21217,1,9,0,4,0,0,0,0,0,0,2,1,6,1,43,7,-1,-1,-1,-1,1,-1
201501SX21217,2,21,1,4,0,0,0,0,0,0,1,1,1,1,59,9,-1,-1,-1,-1,-1,-1
201501SX21218,1,9,0,9,0,1,0,0,0,0,4,1,6,2,73,10,1599,1,8,-1,1,-1
201501SX21218,2,9,0,18,0,1,0,0,0,0,1,1,6,1,31,6,698,1,10,-1,1,-1
201501SX21218,3,9,0,7,0,1,0,0,0,0,1,1,6,2,66,10,1596,1,13,-1,1,-1
201501SX21219,1,9,0,18,0,1,0,0,0,0,1,1,6,1,39,7,1461,2,5,-1,1,-1
201501SX21219,2,3,0,16,0,1,1,0,0,0,1,1,6,1,38,7,1000,1,1,-1,1,-1
201501SX21220,1,9,0,17,0,8,0,0,0,0,1,1,6,1,46,8,1598,1,13,-1,1,-1
201501SX21220,2,9,0,17,0,8,0,0,0,0,3,1,6,2,41,7,1794,1,8,-1,1,-1
201501SX21221,1,9,0,6,0,8,0,0,0,0,3,1,6,1,37,7,1587,1,9,-1,1,-1
201501SX21221,2,9,0,13,0,8,0,0,0,0,4,1,6,1,-1,-1,2000,1,18,-1,1,-1
201501SX21222,1,9,0,18,0,8,0,0,0,0,3,1,6,1,34,6,1587,1,8,-1,1,-1
201501SX21222,2,9,0,18,0,8,0,0,0,0,1,1,6,1,62,9,1339,1,7,-1,1,-1
201501SX21223,1,9,0,9,0,8,0,0,0,0,3,1,6,2,46,8,1951,2,10,-1,1,-1
201501SX21223,2,9,0,1,0,8,0,0,0,0,2,1,6,1,-1,-1,1895,1,14,-1,-1,-1
201501SX21224,1,9,0,3,0,1,0,0,0,0,2,1,6,2,51,8,1598,1,7,-1,1,-1
201501SX21224,2,8,0,3,0,1,0,0,0,0,2,1,6,1,46,8,2499,2,-1,-1,1,-1
201501SX21224,3,9,0,3,0,1,0,0,0,0,2,1,6,1,40,7,1997,1,9,-1,1,-1
201501SX21224,4,9,0,18,0,1,0,0,0,0,1,1,6,1,30,6,-1,-1,-1,-1,1,-1
201501SX21225,1,9,0,18,0,0,0,0,0,0,1,1,6,1,22,5,1796,1,6,-1,1,-1
201501SX21225,2,9,0,4,0,0,0,0,0,0,2,1,6,1,35,6,-1,-1,-1,-1,1,-1
201501SX21226,1,3,0,16,0,2,0,7,0,0,1,1,6,1,21,5,125,1,8,-1,1,-1
201501SX21226,2,19,0,2,0,1,0,0,0,0,1,1,6,3,-1,-1,-1,-1,-1,-1,-1,-1
201501SX21227,1,9,0,5,0,1,0,0,0,0,1,1,6,1,52,8,1364,1,1,-1,1,-1
201501SX21228,1,9,0,12,0,2,0,0,0,0,3,1,1,2,52,8,1299,1,7,-1,1,-1
201501SX21228,2,5,0,3,0,2,0,0,0,0,4,1,1,1,28,6,645,1,9,-1,1,-1
201501SX21229,1,9,0,4,0,8,0,0,0,0,2,1,6,1,29,6,1968,2,8,-1,1,-1
201501SX21229,2,9,0,18,0,8,0,0,0,0,1,1,6,3,-1,-1,-1,-1,-1,-1,-1,-1
201501SX21231,1,9,0,5,0,0,0,0,0,0,3,1,6,1,20,4,1598,2,-1,-1,1,-1
201501SX21231,2,9,0,18,0,0,0,4,0,0,1,1,6,1,25,5,1596,1,10,-1,1,-1
201501SX21231,3,9,0,2,0,0,0,0,0,0,1,1,6,3,-1,-1,2991,2,5,-1,-1,-1
201501SX21232,1,5,0,18,0,0,1,10,0,0,4,1,6,1,56,9,670,1,3,-1,1,-1
201501SX21234,1,9,0,9,0,1,0,0,0,0,1,1,6,2,29,6,1368,1,6,-1,1,-1
201501SX21234,2,9,0,18,0,1,0,10,1,10,4,1,6,2,56,9,-1,-1,-1,-1,1,-1
201501SX21235,1,9,0,9,0,8,0,0,0,0,1,1,6,2,59,9,1998,1,17,-1,-1,-1
201501SX21235,2,9,0,18,0,8,0,0,0,0,4,1,6,2,83,11,1600,1,11,-1,-1,-1
201501SX21236,1,9,0,9,0,2,0,0,0,0,1,1,6,2,68,10,1997,1,-1,-1,1,-1
201501SX21237,1,9,0,18,0,0,0,0,0,0,1,1,6,3,-1,-1,-1,-1,-1,-1,-1,-1
201501SX21238,1,5,0,4,0,1,0,0,0,0,2,1,1,1,59,9,599,1,7,-1,1,-1
201501SX21238,2,9,0,18,0,1,0,0,0,0,1,1,6,1,-1,-1,-1,-1,-1,-1,1,-1
201501SX21241,1,9,0,5,0,8,0,0,0,0,4,1,6,1,34,6,1422,2,12,-1,1,-1
201501SX21241,2,9,0,18,0,8,0,0,0,0,1,1,6,1,-1,-1,-1,-1,-1,-1,-1,-1
201501SX21244,1,9,0,5,0,8,0,0,1,0,3,1,1,2,65,9,3456,8,5,-1,1,-1
201501SX21244,2,9,0,9,0,8,0,0,0,0,4,1,1,1,45,7,1998,8,1,-1,2,-1
201501SX21246,1,11,0,4,0,1,0,0,0,0,0,1,1,1,57,9,6696,2,2,-1,1,-1
201501SX21248,1,9,0,18,0,2,0,0,0,0,1,1,6,1,67,10,1598,1,8,-1,1,-1
201501SX21254,1,11,0,4,0,8,0,0,0,0,0,1,1,1,55,8,9000,2,7,-1,1,-1
201501SX21256,1,9,0,18,0,0,2,10,2,10,4,1,6,1,35,6,5204,1,-1,-1,1,-1
201501SX21259,1,9,0,18,0,1,0,0,0,0,1,1,6,1,53,8,-1,-1,-1,-1,1,-1
201501SX21261,1,9,0,9,0,1,0,0,0,0,1,1,6,1,34,6,1560,2,4,-1,-1,-1
201501SX21261,2,9,0,18,0,1,0,0,0,0,4,1,6,1,42,7,1299,1,10,-1,1,-1
201501SX29006,1,9,0,9,0,8,0,0,0,0,3,1,6,2,51,8,1395,1,-1,-1,1,-1
201501SX29006,2,9,0,18,0,8,0,0,0,0,1,1,6,1,49,8,-1,-1,-1,-1,1,-1
201501SX29007,1,9,0,3,0,0,0,0,0,0,2,1,2,1,30,6,1560,2,1,-1,3,-1
201501SX29007,2,9,0,3,0,0,0,0,0,0,2,1,2,1,35,6,1968,2,5,-1,1,-1
201501SX29007,3,9,0,3,0,0,0,0,0,0,2,1,2,2,54,8,2143,2,-1,-1,1,-1
201501SX29007,4,9,0,3,0,0,0,0,0,0,2,1,1,1,61,9,2183,2,3,-1,1,-1
201501SX29007,5,9,0,18,0,0,0,0,0,0,1,1,1,1,33,6,-1,-1,-1,-1,1,-1
201501SX29010,1,9,0,18,0,2,0,0,0,0,1,1,1,2,66,10,-1,-1,-1,-1,1,-1
201501SX29017,1,9,0,12,0,0,0,0,0,0,1,1,6,2,46,8,1794,1,12,-1,1,-1
201501SX29017,2,9,0,18,0,0,0,0,0,0,1,1,6,1,90,11,1591,1,5,-1,1,-1
201501SX29021,1,9,0,4,0,2,0,0,0,0,2,1,6,1,33,6,1997,2,14,-1,1,-1
201501SX29021,2,9,0,4,0,2,0,0,0,0,2,1,6,2,21,5,1242,1,6,-1,1,-1
201501SX29021,3,9,0,18,0,2,0,0,0,0,1,1,6,1,33,6,1497,1,11,-1,1,-1
201501SX29029,1,9,0,9,0,1,0,0,0,0,4,1,6,1,60,9,1968,2,-1,-1,1,-1
201501SX29029,2,1,0,18,0,1,0,0,0,0,1,1,6,1,51,8,-1,-1,-1,-1,1,-1
201501SX29032,1,9,0,9,0,2,0,0,0,0,1,1,6,3,-1,-1,-1,-1,-1,-1,-1,-1
201501SX29032,2,1,0,18,0,2,0,0,0,0,3,1,6,1,14,3,-1,-1,-1,-1,1,-1
201501SX29036,1,11,0,18,0,1,0,0,0,0,1,1,1,1,40,7,6700,2,7,-1,-1,-1
201501SX29036,2,9,0,9,0,1,0,0,0,0,4,1,6,2,36,7,1796,1,10,-1,1,-1
201501SX29038,1,9,0,18,0,1,0,0,0,0,4,1,6,1,42,7,1598,1,1,-1,1,-1
201501SX29038,2,9,0,2,0,1,0,0,0,0,3,1,6,1,-1,-1,1596,1,8,-1,-1,-1
201501SX29038,3,9,0,2,0,1,0,0,0,0,3,1,6,2,-1,-1,1360,1,13,-1,1,-1
201501SX29039,1,9,0,9,0,8,0,0,0,0,3,1,6,1,50,8,1997,2,7,-1,1,-1
201501SX29039,2,9,0,18,0,8,0,0,0,0,1,1,6,1,41,7,-1,-1,-1,-1,-1,-1
201501SX29040,1,19,0,5,0,8,0,0,0,0,4,1,2,1,47,8,-1,-1,-1,-1,-1,-1
201501SX29040,2,3,0,18,0,8,0,0,0,0,1,1,6,1,20,4,125,1,3,-1,1,-1
201501SX29088,1,20,0,7,0,1,0,0,0,0,4,1,1,1,46,8,3920,2,2,-1,1,-1
201501SX29088,2,9,0,15,0,1,0,0,0,0,3,1,6,1,19,4,999,1,8,-1,1,-1
201501SX29110,1,2,0,18,0,8,0,0,0,0,3,1,1,2,25,5,125,1,7,-1,1,-1
201501SX29110,2,9,0,18,0,8,0,0,0,0,1,1,6,3,-1,-1,-1,-1,-1,-1,-1,-1
201501SX29118,1,9,0,18,0,1,0,0,0,0,1,1,6,3,-1,-1,-1,-1,-1,-1,-1,-1
201501SX29119,1,9,0,18,0,1,0,0,0,0,4,1,6,2,34,6,1997,1,6,-1,1,-1
201501SX29119,2,9,0,5,0,1,0,0,0,0,1,1,6,2,39,7,2148,2,10,-1,1,-1
201501SX29141,1,9,0,18,0,8,0,0,0,0,1,1,1,1,34,6,1339,1,11,-1,1,-1
201501SX29141,2,9,0,18,0,8,0,10,1,10,3,1,1,2,42,7,2438,1,18,-1,-1,-1
201501SX29143,1,9,0,9,0,2,0,0,0,0,1,1,6,1,45,7,1998,1,10,-1,1,-1
201501SX29218,1,9,0,18,0,2,0,0,0,0,1,1,6,1,38,7,-1,-1,-1,-1,1,-1
201501SX29218,2,9,0,4,0,2,0,0,0,0,2,1,6,2,23,5,1242,1,4,-1,1,-1
201501SX29218,3,9,0,3,0,2,0,0,0,0,2,1,6,2,52,8,1364,1,9,-1,1,-1
201501SX29222,1,9,0,9,0,8,0,0,0,0,3,1,6,1,55,8,4608,1,2,-1,-1,-1
201501SX29222,2,9,0,18,0,8,0,0,0,0,4,1,6,2,25,5,2497,1,4,-1,-1,-1
201501SX29224,1,19,0,9,0,8,0,0,0,0,4,1,6,1,28,6,1560,2,1,-1,1,-1
201501SX29224,2,9,0,18,0,8,0,0,0,0,1,1,6,1,48,8,-1,-1,-1,-1,1,-1
201501SX29227,1,9,0,3,0,1,0,0,0,0,2,1,6,1,54,8,2198,2,1,-1,1,-1
201501SX29227,2,19,0,18,0,1,0,0,0,0,1,1,6,1,-1,-1,1560,2,2,-1,-1,-1
201501SX29228,1,9,0,18,0,1,0,0,0,0,1,1,6,1,-1,-1,-1,-1,-1,-1,-1,-1
201501SX29230,1,9,0,3,0,8,0,0,0,0,1,1,6,2,39,7,1997,2,5,-1,1,-1
201501SX29230,2,9,0,1,0,8,0,0,0,0,2,1,6,1,-1,-1,999,1,14,-1,-1,-1
201501SX29232,1,9,0,9,0,3,0,0,0,0,1,1,6,2,73,10,1198,1,5,-1,1,-1
201501SX29232,2,19,0,18,0,8,0,0,0,0,4,1,6,1,27,6,-1,-1,-1,-1,1,-1
201501SX29236,1,9,0,9,0,8,0,0,0,0,1,1,6,1,22,5,1348,1,8,-1,-1,-1
201501SX29236,2,9,0,18,0,8,0,0,0,0,4,1,6,2,70,10,998,1,11,-1,-1,-1
201501SX29239,1,9,0,7,0,8,0,0,0,0,4,1,6,1,21,5,1329,1,5,-1,3,-1
201501SX29239,2,5,0,15,0,8,0,0,0,0,1,1,6,1,30,6,600,1,9,-1,1,-1
201501SX29240,1,9,0,18,0,8,0,0,0,0,2,1,6,2,56,9,1396,1,18,-1,1,-1
201501SX29240,2,9,0,18,0,8,0,0,0,0,1,1,6,3,-1,-1,998,1,10,-1,-1,-1
201501SX29241,1,9,0,18,0,0,0,0,0,0,1,1,6,3,-1,-1,-1,-1,-1,-1,-1,-1
201501SX29242,1,9,0,18,0,0,0,0,0,0,1,1,6,1,25,5,2143,2,5,-1,1,-1
201501SX29242,2,9,0,18,0,0,0,4,0,0,1,1,6,2,71,10,1796,1,1,-1,1,-1
201501SX29243,1,9,0,18,0,8,0,0,0,0,1,1,6,1,23,5,1905,2,16,-1,1,-1
201501SX29243,2,3,0,9,0,8,0,0,0,0,4,1,6,1,31,6,125,1,2,-1,1,-1
201501SX29245,1,9,0,4,0,1,0,0,0,0,2,1,6,1,26,6,998,1,7,-1,1,-1
201501SX29245,2,9,0,18,0,1,0,0,0,0,1,1,6,1,-1,-1,1798,8,2,-1,-1,-1
201501SX29247,1,9,0,4,0,2,0,0,0,0,2,1,6,2,27,6,1398,1,-1,-1,1,-1
201501SX29247,2,3,0,18,0,2,0,0,0,0,1,1,6,1,20,4,125,1,-1,-1,1,-1
201501SX29248,1,9,0,18,0,1,0,0,0,0,2,1,6,1,-1,-1,2720,2,7,-1,-1,-1
201501SX29248,2,3,0,18,0,1,1,0,0,0,1,1,6,1,-1,-1,919,1,12,-1,-1,-1
201501SX29250,1,9,0,4,0,0,0,0,0,0,3,1,6,1,77,11,2295,1,16,-1,1,-1
201501SX29252,1,9,0,18,0,0,0,0,0,0,4,1,6,2,48,8,1248,1,4,-1,-1,-1
201501SX29255,1,9,0,18,0,1,5,10,1,1,4,1,6,1,32,6,1998,1,9,-1,1,-1
201501TD00001,1,5,0,18,0,0,0,10,1,2,1,1,2,1,44,7,499,1,18,-1,1,-1
201501TD00003,1,3,0,18,0,8,0,0,0,0,1,1,6,1,40,7,124,1,6,-1,1,-1
201501TD00003,2,9,0,9,0,8,0,0,0,0,4,1,6,1,34,6,1686,2,1,-1,1,-1
201501TD00004,1,9,0,18,2,2,0,10,7,2,1,1,6,1,32,6,4163,1,8,-1,1,-1
201501TD00005,1,3,0,18,0,8,0,0,0,0,3,1,6,1,35,6,124,1,1,-1,1,-1
201501TD00005,2,19,0,18,0,8,0,0,0,0,1,1,1,1,30,6,2198,2,1,-1,1,-1
201501TD00006,1,19,0,18,0,8,0,0,0,0,1,1,6,1,56,9,2198,2,7,-1,1,-1
201501TD00007,1,11,0,18,2,8,0,0,0,0,1,1,1,2,54,8,-1,-1,-1,-1,1,-1
201501TD00008,1,5,0,18,0,1,1,10,1,2,4,1,2,1,25,5,998,1,6,-1,1,-1
201501TD00009,1,20,0,7,0,8,0,0,0,0,4,1,1,1,47,8,7284,2,15,-1,1,-1
201501TD00009,2,1,0,15,0,8,0,0,0,0,3,1,6,2,29,6,-1,-1,-1,-1,1,-1
201501TD00010,1,9,0,13,0,8,0,0,0,0,1,1,6,1,21,5,2496,1,9,-1,1,-1
201501TD00012,1,9,0,18,0,2,0,0,0,0,1,1,6,2,42,7,2967,2,2,-1,3,-1
201501TD00013,1,8,0,18,0,0,0,0,0,0,1,1,1,1,67,10,2664,2,14,-1,1,-1
201501TD00014,1,9,0,18,0,0,0,0,7,2,1,1,6,1,24,5,1388,1,16,-1,1,-1
201501TD00015,1,9,0,18,0,0,0,0,0,0,1,1,6,1,25,5,-1,-1,-1,-1,1,-1
201501TD00015,2,19,0,18,0,0,0,0,0,0,3,1,1,1,26,6,2198,2,2,-1,1,-1
201501TD00016,1,9,0,18,0,1,0,0,0,0,3,1,6,1,58,9,-1,-1,-1,-1,1,-1
201501TD00016,2,9,0,18,0,2,0,0,0,0,3,1,6,2,30,6,998,1,5,-1,1,-1
201501TD00017,1,9,0,18,0,1,0,0,0,0,4,1,6,1,26,6,2148,2,7,-1,1,-1