Accident_Index,Vehicle_Reference,Vehicle_Type,Towing_and_Articulation,Vehicle_Manoeuvre,Vehicle_Location-Restricted_Lane,Junction_Location,Skidding_and_Overturning,Hit_Object_in_Carriageway,Vehicle_Leaving_Carriageway,Hit_Object_off_Carriageway,1st_Point_of_Impact,Was_Vehicle_Left_Hand_Drive?,Journey_Purpose_of_Driver,Sex_of_Driver,Age_of_Driver,Age_Band_of_Driver,Engine_Capacity_(CC),Propulsion_Code,Age_of_Vehicle,Driver_IMD_Decile,Driver_Home_Area_Type,Vehicle_IMD_Decile
201501TW60382,2,9,0,5,0,8,0,0,0,0,1,1,6,1,-1,-1,2987,2,9,-1,1,-1
201501TW60383,1,3,0,14,0,0,0,0,0,0,1,1,6,1,30,6,102,1,11,-1,1,-1
201501TW60385,1,9,0,18,0,8,0,0,0,0,1,1,2,1,60,9,1796,1,10,-1,1,-1
201501TW60385,2,9,0,9,0,8,0,0,0,0,3,1,2,1,27,6,1397,1,12,-1,1,-1
201501TW60387,1,1,0,11,0,0,0,10,1,10,4,1,2,1,-1,-1,-1,-1,-1,-1,1,-1
201501TW60388,1,8,0,11,0,0,0,0,0,0,4,1,1,1,55,8,2987,2,5,-1,-1,-1
201501TW60388,2,5,0,18,0,0,0,0,0,0,1,1,1,1,26,6,499,1,12,-1,1,-1
201501TW60389,1,9,0,6,0,0,0,0,0,0,3,1,6,1,64,9,1988,2,11,-1,1,-1
201501TW60389,2,3,0,14,0,0,0,0,0,0,1,1,6,1,35,6,125,1,9,-1,1,-1
201501TW60390,1,9,0,9,0,8,0,0,0,0,3,1,2,1,36,7,1998,1,15,-1,1,-1
201501TW60390,2,1,0,18,0,8,0,0,0,0,1,1,2,2,24,5,-1,-1,-1,-1,1,-1
201501TW60391,1,9,0,9,0,8,0,0,0,0,1,1,2,2,18,4,998,1,3,-1,-1,-1
201501TW60391,2,9,0,18,0,8,5,0,1,0,1,1,2,1,28,6,996,1,1,-1,1,-1
201501TW60392,1,90,0,18,0,0,0,0,0,0,1,1,1,2,27,6,6370,2,8,-1,-1,-1
201501TW60392,2,9,0,11,0,0,0,0,0,0,2,1,6,1,66,10,-1,-1,-1,-1,1,-1
201501TW60393,1,9,0,4,0,0,0,0,0,0,4,1,2,2,39,7,-1,-1,-1,-1,1,-1
201501TW60394,1,11,0,5,0,8,0,0,0,0,0,1,1,1,53,8,9000,2,6,-1,1,-1
201501TW60395,1,9,0,18,0,2,0,0,0,0,1,1,6,1,33,6,1598,2,3,-1,1,-1
201501TW60395,2,9,0,3,0,2,0,0,0,0,1,1,6,2,33,6,-1,-1,-1,-1,1,-1
201501TW60397,1,9,0,6,0,0,0,0,0,0,3,1,2,2,39,7,1598,2,4,-1,2,-1
201501TW60397,2,5,0,18,0,0,0,0,0,0,1,1,2,1,48,8,821,1,1,-1,1,-1
201501TW60398,1,2,0,18,0,8,0,0,0,0,1,1,6,1,16,4,49,1,10,-1,1,-1
201501TW60398,2,9,0,4,0,8,0,0,0,0,2,1,6,1,55,8,1753,2,13,-1,1,-1
201501TW60399,1,9,0,9,0,0,0,0,0,0,3,1,6,2,59,9,2987,2,6,-1,1,-1
201501TW60399,2,4,0,18,0,0,0,0,0,0,1,1,6,1,18,4,124,1,3,-1,1,-1
201501TW60400,1,9,0,18,0,8,0,0,0,0,1,1,6,2,-1,-1,-1,-1,-1,-1,-1,-1
201501TW60401,1,1,0,18,0,0,0,12,0,0,1,1,2,2,35,6,-1,-1,-1,-1,1,-1
201501TW60402,1,3,0,18,0,0,0,0,0,0,4,1,2,1,28,6,125,1,-1,-1,1,-1
201501TW60402,2,9,0,12,0,0,0,0,0,0,3,1,6,1,-1,-1,1595,1,11,-1,1,-1
201501TW60403,1,9,0,9,0,8,0,0,0,0,1,1,2,1,55,8,1229,1,7,-1,1,-1
201501TW60403,2,5,0,13,0,8,0,0,0,0,3,1,2,1,24,5,883,1,9,-1,-1,-1
201501TW60406,1,3,0,18,0,8,1,0,0,0,1,1,1,1,17,4,108,1,3,-1,1,-1
201501TW60406,2,8,0,9,0,8,0,0,0,0,4,1,1,1,-1,-1,1995,2,3,-1,-1,-1
201501TW60407,1,9,0,4,0,0,0,0,0,0,2,1,2,1,33,6,1598,1,10,-1,1,-1
201501TW60407,2,9,0,4,0,0,0,0,0,0,1,1,3,2,25,5,-1,-1,-1,-1,-1,-1
201501TW60407,3,9,0,18,0,0,0,0,0,0,1,1,2,1,17,4,1399,2,7,-1,1,-1
201501TW60408,1,9,0,3,0,8,0,0,0,0,2,1,6,2,43,7,-1,-1,-1,-1,1,-1
201501TW60408,2,9,0,18,0,8,0,0,0,0,1,1,6,1,-1,-1,-1,-1,-1,-1,1,-1
201501TW60409,1,9,0,7,0,8,0,0,0,0,3,1,2,2,53,8,3724,1,10,-1,1,-1
201501TW60409,2,3,0,14,0,8,0,0,0,0,1,1,2,1,43,7,108,1,6,-1,1,-1
201501TW60410,1,9,0,5,0,8,0,0,0,0,1,1,6,2,70,10,2179,2,3,-1,1,-1
201501TW60411,1,8,0,18,0,8,0,0,0,0,1,1,1,1,37,7,2143,2,5,-1,1,-1
201501TW60412,1,9,0,4,0,8,0,0,0,0,1,1,2,1,29,6,1968,2,3,-1,1,-1
201501TW60413,1,9,0,14,0,8,0,0,7,0,1,1,6,2,25,5,1390,1,4,-1,1,-1
201501TW60413,2,9,0,7,0,8,0,0,7,1,1,1,6,1,65,9,1796,1,10,-1,1,-1
201501TW60414,1,9,0,18,0,8,0,0,0,0,3,1,2,2,48,8,875,1,2,-1,1,-1
201501TW60415,1,1,0,18,0,8,0,0,0,0,2,1,2,2,35,6,-1,-1,-1,-1,1,-1
201501TW60415,2,9,0,17,0,8,0,0,0,0,1,1,4,1,-1,-1,1339,1,9,-1,-1,-1
201501TW60416,1,1,0,14,0,0,0,4,0,0,1,1,2,2,58,9,-1,-1,-1,-1,1,-1
201501TW60416,2,9,0,2,4,0,0,0,0,0,3,1,6,2,-1,-1,998,1,-1,-1,-1,-1
201501TW60417,1,1,0,4,5,8,0,0,0,0,4,1,2,2,22,5,-1,-1,-1,-1,1,-1
201501TW60417,2,9,0,7,0,8,0,0,0,0,1,1,6,1,-1,-1,-1,-1,-1,-1,-1,-1
201501TW60418,1,5,0,4,0,0,1,0,0,0,4,1,2,1,43,7,599,1,11,-1,1,-1
201501TW60418,2,90,0,18,0,0,0,0,0,0,2,1,6,3,-1,-1,-1,-1,-1,-1,-1,-1
201501TW60419,1,19,0,4,0,8,0,0,0,0,2,1,1,1,41,7,2198,2,-1,-1,1,-1
201501TW60419,2,9,0,4,0,8,0,0,0,0,1,1,6,2,21,5,1198,1,10,-1,1,-1
201501TW60420,1,9,0,7,0,8,0,0,1,0,1,2,6,2,20,4,-1,-1,-1,-1,-1,-1
201501TW60420,2,1,0,18,0,8,0,0,0,0,4,1,6,2,51,8,-1,-1,-1,-1,1,-1
201501TW60421,1,8,0,6,0,0,0,0,0,0,1,1,1,1,35,6,2499,2,1,-1,1,-1
201501TW60421,2,1,0,13,0,0,0,0,0,0,1,1,2,1,30,6,-1,-1,-1,-1,1,-1
201501TW60422,1,4,0,9,0,8,0,0,0,0,2,1,6,1,30,6,865,1,1,-1,1,-1
201501TW60422,2,9,0,11,0,8,0,0,0,0,1,1,6,2,37,7,2143,2,-1,-1,1,-1
201501TW60423,1,1,0,18,0,8,0,0,0,0,1,1,6,1,33,6,-1,-1,-1,-1,1,-1
201501TW60423,2,9,0,9,0,8,0,0,0,0,1,1,6,1,62,9,3955,1,12,-1,1,-1
201501TW60424,1,3,0,18,0,0,0,0,0,0,4,1,1,1,29,6,124,1,7,-1,1,-1
201501TW60424,2,9,0,1,0,0,0,0,0,0,2,1,6,2,39,7,1198,1,5,-1,1,-1
201501TW60425,1,9,0,9,0,5,0,0,0,0,1,1,6,2,74,10,1794,1,21,-1,1,-1
201501TW60426,1,9,0,7,0,8,0,0,0,0,3,1,2,1,61,9,2198,2,10,-1,1,-1
201501TW60427,1,9,0,9,0,8,1,0,4,0,4,1,2,1,33,6,1995,2,5,-1,1,-1
201501TW60427,2,9,0,18,0,8,0,0,0,0,1,1,6,1,51,8,1246,1,10,-1,1,-1
201501TW60427,3,8,0,9,0,8,0,0,0,0,1,1,1,1,76,11,-1,-1,-1,-1,1,-1
201501TW60428,1,1,0,18,0,8,0,0,0,0,1,1,6,1,43,7,-1,-1,-1,-1,1,-1
201501TW60428,2,9,0,9,0,8,0,0,0,0,1,1,4,1,-1,-1,1598,1,13,-1,1,-1
201501TW60429,1,9,0,9,0,8,0,0,0,0,2,1,1,2,38,7,-1,-1,-1,-1,1,-1
201501TW60429,2,9,0,9,0,8,0,0,0,0,2,1,2,2,31,6,1398,1,5,-1,1,-1
201501TW60429,3,9,0,4,0,8,0,0,0,0,1,2,2,1,37,7,-1,-1,-1,-1,1,-1
201501TW60430,1,9,0,9,0,8,0,0,0,0,1,1,6,1,44,7,1390,1,17,-1,1,-1
201501TW60430,2,9,0,18,0,8,0,0,0,0,1,1,6,2,24,5,1242,1,4,-1,1,-1
201501TW60431,1,8,0,7,0,8,0,0,0,0,3,1,1,1,64,9,1995,2,10,-1,1,-1
201501TW60431,2,9,0,18,0,8,0,0,0,0,1,1,6,1,-1,-1,1796,1,14,-1,-1,-1
201501TW60432,1,9,0,1,0,0,0,0,0,0,3,1,6,1,27,6,1086,1,4,-1,1,-1
201501TW60432,2,1,0,13,0,0,0,0,0,0,1,1,6,2,17,4,-1,-1,-1,-1,1,-1
201501TW60433,1,9,0,5,0,8,0,0,0,0,3,1,2,2,34,6,1753,2,9,-1,1,-1
201501TW60433,2,9,0,18,0,8,0,0,0,0,1,1,2,1,47,8,-1,-1,-1,-1,1,-1
201501TW60435,1,9,0,7,0,0,0,0,0,0,1,1,6,1,52,8,3165,1,20,-1,1,-1
201501TW60435,2,9,0,18,0,0,0,0,0,0,1,1,6,1,38,7,1497,8,8,-1,1,-1
201501TW60437,1,1,0,9,0,8,1,0,0,0,0,1,6,2,50,8,-1,-1,-1,-1,1,-1
201501TW60438,1,9,0,11,0,8,0,0,0,0,1,1,6,1,43,7,2967,2,1,-1,1,-1
201501TW60439,1,9,0,18,0,0,0,0,0,0,1,1,6,1,20,4,1229,1,10,-1,1,-1
201501TW60439,2,9,0,3,0,0,0,0,0,0,2,1,6,2,27,6,1598,1,11,-1,1,-1
201501TW69001,1,9,0,7,0,8,0,0,0,0,1,1,2,1,30,6,1951,2,12,-1,1,-1
201501TW69001,2,9,0,9,0,8,0,0,0,0,1,1,6,1,50,8,1997,2,1,-1,1,-1
201501TW69034,1,3,0,18,0,0,0,0,0,0,1,1,6,1,-1,-1,-1,-1,-1,-1,-1,-1
201501TW69062,1,9,0,3,0,8,0,0,0,0,2,1,2,2,24,5,1197,1,3,-1,1,-1
201501TW69062,2,9,0,4,0,8,0,0,0,0,1,1,6,1,-1,-1,-1,-1,-1,-1,-1,-1
201501TX20004,1,3,0,18,0,0,0,0,0,0,1,1,6,1,20,4,-1,-1,-1,-1,1,-1
201501TX20007,1,9,0,4,0,8,0,0,0,0,2,1,6,3,-1,-1,-1,-1,-1,-1,-1,-1
201501TX20007,2,9,0,4,0,8,0,0,0,0,2,1,6,2,53,8,1598,2,5,-1,1,-1
201501TX20007,3,8,0,4,0,8,0,0,0,0,1,1,1,1,46,8,1686,2,5,-1,1,-1
201501TX20008,1,9,0,18,0,8,0,0,0,0,1,1,6,1,36,7,-1,-1,-1,-1,-1,-1
201501TX20008,2,9,0,9,0,8,0,0,0,0,1,1,6,1,27,6,-1,-1,-1,-1,1,-1
201501TX20010,1,9,0,4,0,0,0,0,0,0,2,1,1,1,32,6,1598,1,12,-1,1,-1
201501TX20010,2,9,0,4,0,0,0,0,0,0,1,1,6,1,-1,-1,-1,-1,-1,-1,-1,-1
201501TX20012,1,9,0,18,0,8,0,0,0,0,1,1,2,2,53,8,1598,1,12,-1,1,-1
201501TX20012,2,9,0,18,0,8,0,0,0,0,1,1,2,1,42,7,1968,2,9,-1,1,-1
201501TX20014,1,9,0,18,0,8,0,0,0,0,3,1,2,2,50,8,1595,1,24,-1,1,-1
201501TX20014,2,9,0,16,0,8,0,0,1,0,1,1,6,1,-1,-1,1995,2,3,-1,-1,-1
201501TX20020,1,9,0,18,0,0,0,0,0,0,1,1,6,2,34,6,1242,1,8,-1,1,-1
201501TX20020,2,8,0,11,0,0,0,0,0,0,4,1,6,2,-1,-1,1198,1,1,-1,-1,-1
201501TX20021,1,9,0,18,0,0,0,0,0,0,4,1,6,2,26,6,1796,1,3,-1,1,-1
201501TX20021,2,3,0,18,0,0,0,0,0,0,2,1,6,1,20,4,124,1,4,-1,1,-1
201501TX20023,1,21,0,4,0,8,0,0,0,0,1,1,1,1,31,6,-1,-1,-1,-1,1,-1
201501TX20024,1,9,0,18,0,8,0,0,0,0,4,1,3,1,-1,-1,2231,2,3,-1,1,-1
201501TX20026,1,9,0,18,0,0,0,0,0,0,1,1,6,2,22,5,1596,1,8,-1,1,-1
201501TX20026,2,4,0,18,0,0,0,0,0,0,1,1,6,2,21,5,125,1,4,-1,1,-1
201501TX20029,1,9,0,5,0,1,0,0,0,0,1,1,6,2,41,7,999,1,2,-1,1,-1
201501TX20029,2,19,0,5,0,1,0,0,0,0,2,1,6,1,-1,-1,2198,2,3,-1,-1,-1
201501TX20030,1,8,0,14,0,8,0,0,0,0,1,1,1,1,61,9,-1,-1,-1,-1,1,-1
201501TX20033,1,9,0,4,0,0,0,0,0,0,2,1,2,2,48,8,1997,2,11,-1,1,-1
201501TX20033,2,9,0,4,0,0,1,0,0,0,1,1,1,1,-1,-1,1598,1,11,-1,-1,-1
201501TX20034,1,9,0,9,0,7,0,0,0,0,1,1,6,1,42,7,1298,1,16,-1,1,-1
201501TX20034,2,9,0,18,0,8,0,0,0,0,3,1,6,1,-1,-1,1398,1,5,-1,-1,-1
201501TX20035,1,9,0,18,0,8,0,0,0,0,3,1,2,1,53,8,-1,-1,-1,-1,1,-1
201501TX20035,2,9,0,9,0,8,0,0,0,0,1,1,2,1,50,8,-1,-1,-1,-1,1,-1
201501TX20035,3,9,0,18,0,8,0,0,0,0,1,1,2,1,41,7,1900,2,11,-1,1,-1
201501TX20036,1,9,0,9,0,8,0,0,0,0,4,1,6,1,35,6,-1,-1,-1,-1,1,-1
201501TX20036,2,3,0,4,0,8,0,0,0,0,1,1,6,1,-1,-1,125,1,3,-1,1,-1
201501TX20037,1,9,0,12,0,0,0,0,0,0,3,1,6,1,41,7,2967,2,1,-1,1,-1
201501TX20037,2,3,0,13,0,0,0,0,0,0,1,1,6,1,35,6,124,1,8,-1,1,-1
201501TX20038,1,9,0,4,0,0,0,0,0,0,1,1,3,2,40,7,2199,2,3,-1,1,-1
201501TX20039,1,2,0,13,0,8,0,0,0,0,1,1,2,1,19,4,124,1,9,-1,-1,-1
201501TX20039,2,19,0,9,0,8,0,0,0,0,3,1,2,1,41,7,2402,2,11,-1,1,-1
201501TX20040,1,9,0,9,0,8,0,0,0,0,1,1,2,2,25,5,1198,1,4,-1,-1,-1
201501TX20040,2,9,0,18,0,8,0,0,0,0,1,1,1,1,-1,-1,1499,2,1,-1,-1,-1
201501TX20041,1,19,0,14,0,0,0,0,0,0,1,1,6,1,28,6,-1,-1,-1,-1,1,-1
201501TX20041,2,3,0,18,0,0,0,0,0,0,1,1,1,1,50,8,125,1,15,-1,1,-1
201501TX20042,1,9,0,9,0,8,0,0,0,0,3,1,2,2,30,6,1199,1,12,-1,1,-1
201501TX20042,2,5,0,14,0,8,0,0,0,0,1,1,2,1,53,8,1130,1,11,-1,-1,-1
201501TX20043,1,5,0,18,0,0,0,0,0,0,4,1,1,1,35,6,649,1,8,-1,1,-1
201501TX20043,2,1,0,18,0,0,0,0,0,0,3,1,6,1,24,5,-1,-1,-1,-1,1,-1
201501TX20044,1,11,0,7,0,0,0,0,0,0,0,1,1,1,21,5,9000,2,9,-1,1,-1
201501TX20044,2,9,0,18,0,0,0,10,0,0,3,1,2,1,46,8,1149,1,7,-1,1,-1
201501TX20045,1,19,0,4,0,0,0,0,0,0,1,1,1,1,25,5,-1,-1,-1,-1,1,-1
201501TX20045,2,9,0,4,0,0,0,0,0,0,2,1,6,1,25,5,993,1,18,-1,1,-1
201501TX20047,1,5,0,18,0,8,0,0,0,0,0,1,2,1,41,7,125,1,3,-1,1,-1
201501TX20047,2,9,0,18,0,8,0,0,0,0,0,1,6,3,-1,-1,-1,-1,-1,-1,-1,-1
201501TX20048,1,9,0,9,0,8,0,0,0,0,4,1,6,1,32,6,1198,1,8,-1,1,-1
201501TX20048,2,9,0,18,0,8,0,0,0,0,1,1,6,2,54,8,1796,1,14,-1,1,-1
201501TX20049,1,9,0,9,0,8,0,0,0,0,2,1,1,1,33,6,999,1,1,-1,2,-1
201501TX20049,2,9,0,18,0,8,0,0,0,0,1,1,4,1,58,9,1390,1,6,-1,1,-1
201501TX20051,1,9,0,4,0,0,0,0,0,0,2,1,1,2,24,5,1197,1,1,-1,1,-1
201501TX20051,2,9,0,4,0,0,0,0,0,0,1,1,6,2,-1,-1,1199,1,13,-1,1,-1
201501TX20053,1,2,0,4,0,0,0,0,0,0,4,1,6,1,20,4,49,1,12,-1,-1,-1
201501TX20053,2,9,0,4,0,0,0,0,0,0,0,1,1,1,-1,-1,1560,2,1,-1,-1,-1
201501TX20054,1,9,0,16,0,2,0,0,0,0,3,1,6,1,53,8,-1,-1,-1,-1,1,-1
201501TX20054,2,8,0,17,0,1,0,0,0,0,1,1,1,1,-1,-1,1497,8,7,-1,-1,-1
201501TX20057,1,2,0,18,0,0,0,0,0,0,4,1,6,1,27,6,124,1,2,-1,1,-1
201501TX20058,1,9,0,9,0,2,0,0,0,0,3,1,6,1,64,9,1360,1,14,-1,1,-1
201501TX20059,1,9,0,9,0,0,0,0,1,0,1,1,6,1,-1,-1,1998,1,15,-1,-1,-1
201501TX20060,1,9,0,11,0,8,0,0,0,0,4,1,6,1,17,4,1339,1,10,-1,1,-1
201501TX20060,2,8,0,18,0,8,0,0,0,0,3,1,1,1,67,10,2143,2,4,-1,1,-1
201501TX20061,1,9,0,13,0,2,0,0,0,0,4,1,1,1,28,6,1560,2,4,-1,-1,-1
201501TX20061,2,1,0,18,0,2,0,0,0,0,3,1,1,1,42,7,-1,-1,-1,-1,-1,-1
201501TX20062,1,9,0,18,0,1,0,0,0,0,3,1,2,2,42,7,2997,1,12,-1,1,-1
201501TX20062,2,9,0,11,0,1,0,10,1,10,4,1,6,2,26,6,1598,1,1,-1,1,-1
201501TX20063,1,9,0,18,0,0,0,0,0,0,4,1,2,2,49,8,1242,1,1,-1,1,-1
201501TX20063,2,1,0,12,0,0,0,0,0,0,2,1,2,1,40,7,-1,-1,-1,-1,1,-1
201501TX20065,1,9,0,11,0,1,0,0,0,0,4,1,6,1,28,6,1587,1,12,-1,1,-1
201501TX20065,2,9,0,18,0,1,0,0,0,0,2,1,6,1,47,8,1984,1,7,-1,1,-1
201501TX20065,3,9,0,18,0,1,0,0,0,0,3,1,6,2,-1,-1,1390,1,12,-1,-1,-1
201501TX20069,1,1,0,9,0,8,0,0,0,0,4,1,6,2,35,6,-1,-1,-1,-1,1,-1
201501TX20069,2,9,0,18,0,1,0,0,0,0,1,1,6,1,35,6,3123,1,10,-1,1,-1
201501TX20070,1,9,0,4,0,8,0,0,0,0,2,1,3,2,36,7,2000,1,8,-1,1,-1
201501TX20070,2,9,0,4,0,8,0,0,0,0,1,1,6,2,-1,-1,1461,2,5,-1,-1,-1
201501TX20072,1,19,0,18,0,8,0,0,0,0,1,1,1,1,29,6,1248,2,11,-1,1,-1
201501TX20072,2,9,0,18,0,8,0,0,0,0,2,1,1,1,35,6,1582,2,1,-1,1,-1
201501TX20072,3,9,0,18,0,8,0,0,0,0,3,1,1,2,27,6,-1,-1,-1,-1,1,-1
201501TX20073,1,9,0,4,0,0,0,0,0,0,3,1,3,2,35,6,2438,1,18,-1,1,-1
201501TX20073,2,9,0,18,0,0,0,0,0,0,3,1,6,1,-1,-1,1124,1,16,-1,-1,-1
201501TX20074,1,11,0,3,0,8,0,0,0,0,0,1,1,1,65,9,8268,2,12,-1,1,-1
201501TX20075,1,9,0,18,0,0,0,0,1,0,1,1,6,1,31,6,-1,-1,-1,-1,1,-1
201501TX20076,1,11,0,4,0,0,0,0,0,0,0,1,1,1,31,6,3900,2,12,-1,1,-1
201501TX20077,1,9,0,4,0,0,1,0,1,4,1,1,6,2,77,11,-1,-1,-1,-1,1,-1
201501TX20078,1,9,0,14,0,8,0,0,0,0,3,1,1,1,42,7,-1,-1,-1,-1,1,-1
201501TX20078,2,4,0,18,0,8,0,0,0,0,1,1,6,1,37,7,124,1,3,-1,1,-1
201501TX20080,1,9,0,18,0,8,0,0,0,0,1,1,1,2,24,5,1995,2,6,-1,1,-1
201501TX20080,2,9,0,4,0,8,0,0,0,0,3,1,1,1,54,8,1995,2,8,-1,1,-1
201501TX20083,1,9,0,18,0,8,0,0,0,0,1,1,6,2,23,5,1299,1,12,-1,-1,-1
201501TX20083,2,3,0,4,0,8,0,0,0,0,2,1,6,2,39,7,125,1,1,-1,1,-1
201501TX20084,1,9,0,18,0,8,0,0,0,0,4,1,2,2,43,7,1598,2,-1,-1,1,-1
201501TX20085,1,9,0,11,0,0,0,0,1,10,1,1,6,2,25,5,-1,-1,-1,-1,3,-1
201501TX20086,1,9,0,13,0,8,0,0,0,0,3,1,3,1,39,7,1968,2,4,-1,1,-1
201501TX20086,2,2,0,6,0,8,0,0,0,0,1,1,2,1,40,7,124,1,3,-1,1,-1
201501TX20087,1,9,0,9,0,2,0,0,0,0,3,1,2,1,47,8,1975,1,16,-1,1,-1
201501TX20087,2,1,0,18,0,8,0,0,1,0,1,1,2,1,31,6,-1,-1,-1,-1,1,-1
201501TX20088,1,9,0,9,0,8,0,0,0,0,1,1,6,1,59,9,1956,2,3,-1,1,-1
201501TX20088,2,3,0,18,0,8,0,0,0,0,1,1,2,1,22,5,108,1,1,-1,-1,-1
201501TX20089,1,1,0,18,0,0,0,0,0,0,2,1,2,2,33,6,-1,-1,-1,-1,-1,-1
201501TX20089,2,9,0,18,0,0,0,0,1,0,1,1,6,1,-1,-1,-1,-1,-1,-1,-1,-1
201501TX20090,1,9,0,4,0,3,0,0,0,0,2,1,6,1,25,5,-1,-1,-1,-1,1,-1
201501TX20090,2,9,0,4,0,3,0,0,1,0,1,1,6,2,32,6,1596,1,9,-1,1,-1
201501TX20091,1,9,0,9,0,8,0,0,0,0,4,1,1,2,33,6,1796,1,11,-1,-1,-1
201501TX20091,2,3,0,4,0,8,0,0,0,0,1,1,1,1,29,6,125,1,5,-1,1,-1
201501TX20092,1,19,0,5,0,8,0,0,0,0,1,1,1,1,50,8,-1,-1,-1,-1,1,-1
201501TX20092,2,1,0,16,0,8,0,0,1,0,1,1,2,1,61,9,-1,-1,-1,-1,1,-1
201501TX20093,1,9,0,9,0,8,0,0,0,0,1,1,2,2,28,6,995,1,2,-1,1,-1
201501TX20094,1,9,0,5,0,8,0,0,0,0,1,1,2,1,23,5,1388,1,8,-1,1,-1
201501TX20096,1,9,0,9,0,8,0,0,0,0,1,1,6,1,34,6,-1,-1,-1,-1,1,-1
201501TX20096,2,9,0,18,0,8,0,0,0,0,1,1,2,1,58,9,1896,2,10,-1,1,-1
201501TX20097,1,9,0,9,0,8,0,0,0,0,1,1,6,1,53,8,1398,1,1,-1,1,-1
201501TX20097,2,3,0,18,0,8,0,0,1,0,1,1,6,1,36,7,125,1,4,-1,1,-1
201501TX20098,1,9,0,5,0,0,0,0,0,0,2,1,6,1,76,11,1329,1,2,-1,1,-1
201501TX20099,1,9,0,18,0,0,0,0,0,0,1,1,2,1,35,6,-1,-1,-1,-1,1,-1
201501TX20103,1,9,0,9,0,8,0,0,0,0,4,1,2,2,38,7,2148,2,9,-1,1,-1
201501TX20103,2,3,0,18,0,8,0,0,0,0,1,1,2,1,47,8,-1,-1,-1,-1,-1,-1
201501TX20104,1,19,0,13,0,8,0,0,0,0,4,1,1,1,35,6,2148,2,7,-1,1,-1
201501TX20104,2,1,0,5,0,8,0,0,0,0,1,1,2,2,30,6,-1,-1,-1,-1,1,-1
201501TX20105,1,9,0,4,0,0,0,0,0,0,1,1,2,1,28,6,1598,2,1,-1,1,-1
201501TX20105,2,5,0,11,0,0,0,0,0,0,2,1,2,1,38,7,999,1,7,-1,1,-1
201501TX20106,1,8,0,18,0,8,0,0,1,0,1,1,2,1,34,6,-1,-1,-1,-1,1,-1
201501TX20106,2,9,0,3,0,8,0,0,0,0,2,1,2,1,57,9,1598,1,5,-1,1,-1
201501TX20107,1,9,0,9,0,8,0,0,0,0,3,1,1,1,28,6,1329,1,2,-1,1,-1
201501TX20107,2,2,0,13,0,8,0,0,1,0,1,1,6,1,17,4,49,1,11,-1,1,-1
201501TX20109,1,9,0,18,0,8,1,0,0,0,1,1,6,1,43,7,-1,-1,-1,-1,1,-1
201501TX20109,2,9,0,18,0,8,1,0,0,0,1,1,2,1,63,9,-1,-1,-1,-1,1,-1
201501TX20110,1,9,0,3,0,0,0,0,0,0,2,1,1,1,30,6,1686,2,1,-1,-1,-1
201501TX20110,2,9,0,4,0,0,0,0,0,0,1,1,1,1,45,7,1997,2,3,-1,1,-1
201501TX20111,1,5,0,18,0,4,2,0,0,0,0,1,6,1,51,8,1000,1,3,-1,-1,-1
201501TX20112,1,9,0,5,0,0,0,0,0,0,1,1,6,1,25,5,1984,1,7,-1,1,-1
201501TX20112,2,9,0,18,0,0,0,0,0,0,2,1,6,1,40,7,1598,1,10,-1,1,-1
201501TX20113,1,9,0,7,0,8,0,0,0,0,1,1,6,3,-1,-1,-1,-1,-1,-1,-1,-1
201501TX20115,1,9,0,18,0,0,1,10,7,2,1,1,6,1,28,6,2993,2,4,-1,-1,-1
201501TX20115,2,9,0,2,5,0,0,0,0,0,3,1,6,1,25,5,2171,1,12,-1,1,-1
201501TX20115,3,9,0,2,0,0,0,0,0,0,4,1,6,1,25,5,2616,1,9,-1,1,-1
201501TX20115,4,9,0,2,5,0,0,0,0,0,3,1,6,1,25,5,2979,1,11,-1,1,-1
201501TX20118,1,9,0,18,0,8,0,0,0,0,1,1,6,1,46,8,-1,-1,-1,-1,1,-1
201501TX20118,2,9,0,9,0,8,0,0,1,0,1,1,6,1,37,7,1995,2,8,-1,-1,-1
201501TX20119,1,9,0,18,0,0,0,10,1,2,1,1,3,2,45,7,1124,1,12,-1,1,-1
201501TX20120,1,9,0,4,0,8,1,0,0,0,1,1,1,2,57,9,1200,1,2,-1,1,-1
201501TX20120,2,1,0,5,0,8,0,0,0,0,3,1,6,1,6,2,-1,-1,-1,-1,1,-1
201501TX20121,1,9,0,5,0,8,0,0,0,0,1,1,1,1,45,7,-1,-1,-1,-1,1,-1
201501TX20121,2,3,0,4,0,8,0,0,0,0,2,1,3,2,36,7,-1,-1,-1,-1,1,-1
201501TX20122,1,9,0,9,0,8,0,0,0,0,3,1,1,2,39,7,-1,-1,-1,-1,1,-1
201501TX20122,2,1,0,18,0,8,0,0,0,0,1,1,2,1,56,9,-1,-1,-1,-1,1,-1
201501TX20123,1,9,0,9,0,8,0,0,0,0,4,1,2,2,22,5,-1,-1,-1,-1,1,-1
201501TX20123,2,9,0,18,0,8,0,0,0,0,1,1,2,1,20,4,1560,2,1,-1,1,-1
201501TX20124,1,8,0,18,0,8,0,0,0,0,1,1,1,1,58,9,1560,2,5,-1,1,-1
201501TX20124,2,9,0,18,0,8,0,0,0,0,4,1,2,1,55,8,1240,1,9,-1,1,-1
201501TX20125,1,11,0,4,0,0,0,0,0,0,0,1,1,1,53,8,9000,2,5,-1,1,-1
201501TX20126,1,9,0,4,0,8,0,0,0,0,2,1,6,1,-1,-1,998,1,6,-1,-1,-1
201501TX20126,2,9,0,3,0,2,0,0,0,0,1,1,2,1,-1,-1,1389,1,15,-1,-1,-1
201501TX20130,1,9,0,3,0,0,0,0,0,0,2,1,2,2,29,6,1995,1,9,-1,1,-1
201501TX20130,2,9,0,4,0,0,0,0,0,0,1,1,3,2,-1,-1,1560,2,11,-1,1,-1
201501TX20130,3,9,0,3,0,0,0,0,0,0,2,1,2,2,30,6,1796,1,11,-1,1,-1