Accident_Index,Vehicle_Reference,Vehicle_Type,Towing_and_Articulation,Vehicle_Manoeuvre,Vehicle_Location-Restricted_Lane,Junction_Location,Skidding_and_Overturning,Hit_Object_in_Carriageway,Vehicle_Leaving_Carriageway,Hit_Object_off_Carriageway,1st_Point_of_Impact,Was_Vehicle_Left_Hand_Drive?,Journey_Purpose_of_Driver,Sex_of_Driver,Age_of_Driver,Age_Band_of_Driver,Engine_Capacity_(CC),Propulsion_Code,Age_of_Vehicle,Driver_IMD_Decile,Driver_Home_Area_Type,Vehicle_IMD_Decile
201501TX20286,2,9,0,4,0,8,1,0,0,0,1,1,6,1,-1,-1,1598,1,10,-1,1,-1
201501TX20287,1,9,0,18,0,8,0,0,0,0,4,1,3,2,38,7,1781,1,11,-1,1,-1
201501TX20287,2,9,0,5,0,8,0,0,1,0,1,1,2,2,-1,-1,1799,1,7,-1,1,-1
201501TX20288,1,9,0,9,0,8,0,0,0,0,3,1,6,2,61,9,1998,1,8,-1,1,-1
201501TX20288,2,4,0,18,0,8,0,0,1,0,1,1,6,2,42,7,398,1,20,-1,1,-1
201501TX20289,1,5,0,18,0,8,0,0,0,0,3,1,6,1,34,6,918,1,16,-1,1,-1
201501TX20289,2,9,0,9,0,8,0,0,0,0,1,1,6,1,27,6,1968,2,4,-1,1,-1
201501TX20292,1,9,0,6,0,0,0,0,0,0,3,1,2,1,56,9,1968,2,-1,-1,1,-1
201501TX20292,2,3,0,14,0,0,0,0,0,0,1,1,1,1,35,6,998,1,4,-1,1,-1
201501TX20293,1,11,0,5,0,8,0,0,0,0,2,1,1,1,45,7,4500,2,7,-1,1,-1
201501TX20293,2,9,0,4,0,8,0,0,0,0,1,1,6,2,38,7,3498,1,9,-1,1,-1
201501TX20294,1,9,0,7,0,8,0,0,0,0,3,1,2,2,18,4,1299,1,11,-1,1,-1
201501TX20295,1,9,0,16,0,8,0,0,0,0,2,1,6,2,57,9,1968,2,12,-1,1,-1
201501TX20295,2,9,0,16,0,8,0,0,1,0,1,1,6,2,68,10,1598,2,2,-1,1,-1
201501TX20296,1,9,0,18,0,0,0,0,0,0,4,1,2,1,51,8,1598,1,10,-1,1,-1
201501TX20297,1,9,0,18,0,0,0,0,0,0,4,1,2,2,34,6,1390,1,4,-1,1,-1
201501TX20298,1,5,0,18,0,8,2,0,0,0,3,1,2,1,55,8,599,1,13,-1,1,-1
201501TX20298,2,9,0,12,0,8,0,0,0,0,4,1,6,3,-1,-1,-1,-1,-1,-1,-1,-1
201501TX20299,1,3,0,3,0,8,0,0,0,0,2,1,2,1,23,5,124,1,4,-1,1,-1
201501TX20299,2,9,0,18,0,8,0,0,0,0,1,1,1,2,26,6,998,1,4,-1,1,-1
201501TX20300,1,9,0,3,0,8,0,0,0,0,2,1,2,1,49,8,1968,2,8,-1,1,-1
201501TX20300,2,9,0,3,0,8,0,0,0,0,1,1,6,2,31,6,-1,-1,-1,-1,1,-1
201501TX20300,3,9,0,18,0,8,0,0,0,0,1,1,6,1,28,6,998,1,13,-1,1,-1
201501TX20301,1,9,0,18,0,0,0,10,1,0,4,1,6,1,19,4,1229,1,10,-1,1,-1
201501TX20302,1,3,0,18,0,8,0,0,0,0,3,1,2,1,36,7,125,1,3,-1,1,-1
201501TX20302,2,5,0,9,0,8,0,0,0,0,1,1,2,1,43,7,1441,1,1,-1,1,-1
201501TX20303,1,9,0,18,0,8,0,0,0,0,1,1,4,2,-1,-1,1582,2,2,-1,1,-1
201501TX20303,2,9,0,18,0,8,0,0,0,0,4,1,6,1,-1,-1,998,1,6,-1,-1,-1
201501TX20305,1,9,0,4,0,8,0,0,0,0,3,1,2,2,58,9,1998,1,9,-1,1,-1
201501TX20306,1,9,0,3,0,0,0,0,1,0,2,1,1,1,36,7,-1,-1,-1,-1,1,-1
201501TX20306,2,19,0,3,0,0,0,0,0,0,2,1,2,2,39,7,2148,2,7,-1,1,-1
201501TX20306,3,9,0,18,0,0,1,0,0,0,0,1,6,1,36,7,1299,1,17,-1,1,-1
201501TX20307,1,11,0,5,0,0,0,0,0,0,0,1,1,1,45,7,9400,2,10,-1,1,-1
201501TX20308,1,11,0,18,0,8,0,0,0,0,0,1,1,1,48,8,9000,2,9,-1,1,-1
201501TX20309,1,19,0,9,0,8,0,0,0,0,1,1,1,1,35,6,1996,2,5,-1,1,-1
201501TX20309,2,1,0,18,0,8,0,0,0,0,4,1,6,1,44,7,-1,-1,-1,-1,1,-1
201501TX20310,1,4,0,18,0,8,0,0,0,0,1,1,2,1,30,6,-1,-1,-1,-1,1,-1
201501TX20310,2,9,0,9,0,8,0,0,0,0,4,1,1,1,56,9,1398,1,14,-1,1,-1
201501TX20311,1,11,0,18,2,0,0,0,0,0,3,1,1,1,36,7,6700,2,3,-1,1,-1
201501TX20311,2,9,0,11,0,0,0,0,0,0,3,1,2,2,66,10,1390,1,11,-1,1,-1
201501TX20312,1,5,0,4,0,8,5,0,0,0,3,1,6,1,45,7,2294,1,3,-1,3,-1
201501TX20312,2,9,0,18,0,8,0,0,0,0,1,1,6,1,40,7,1850,1,17,-1,1,-1
201501TX20313,1,9,0,18,0,0,0,0,0,0,1,1,6,1,27,6,1798,1,6,-1,-1,-1
201501TX20313,2,9,0,4,0,0,0,0,0,0,2,1,6,1,65,9,2685,2,11,-1,1,-1
201501TX20314,1,1,0,18,0,0,0,0,0,0,1,1,1,2,26,6,-1,-1,-1,-1,1,-1
201501TX20314,2,9,0,6,0,0,0,0,0,0,4,1,1,1,33,6,1998,1,10,-1,1,-1
201501TX20316,1,90,0,18,0,8,1,10,7,0,1,1,1,1,43,7,6370,2,12,-1,1,-1
201501TX20316,2,9,0,9,0,8,0,0,0,0,3,1,2,1,27,6,1200,1,2,-1,1,-1
201501TX20317,1,9,0,1,0,8,0,0,0,0,2,1,6,1,28,6,2000,1,10,-1,1,-1
201501TX20318,1,4,0,18,0,8,0,0,0,0,3,1,2,1,44,7,279,1,5,-1,1,-1
201501TX20318,2,19,0,7,0,8,0,0,0,0,4,1,6,1,-1,-1,-1,-1,-1,-1,-1,-1
201501TX20319,1,9,0,12,0,0,1,10,0,0,3,1,6,2,27,6,1598,1,11,-1,1,-1
201501TX20319,2,19,0,5,0,0,1,0,0,0,0,1,1,1,48,8,-1,-1,-1,-1,1,-1
201501TX20319,3,11,0,18,0,0,0,0,0,0,2,1,1,1,43,7,6370,2,4,-1,1,-1
201501TX20320,1,9,0,17,0,8,0,0,7,10,1,1,2,2,42,7,1199,1,11,-1,1,-1
201501TX20322,1,9,0,9,0,8,0,0,0,0,4,1,6,1,22,5,1229,1,2,-1,1,-1
201501TX20322,2,9,0,18,0,8,0,0,0,0,1,1,1,1,42,7,1995,2,10,-1,1,-1
201501TX20323,1,9,0,18,0,0,0,0,0,0,4,1,1,1,48,8,1598,2,1,-1,1,-1
201501TX20323,2,9,0,18,0,0,0,0,0,0,3,1,6,1,-1,-1,3997,2,8,-1,-1,-1
201501TX20324,1,9,0,9,0,8,0,0,0,0,3,1,6,1,71,10,2148,2,11,-1,1,-1
201501TX20324,2,3,0,14,0,8,0,0,0,0,1,1,6,1,26,6,108,1,2,-1,1,-1
201501TX20324,3,19,0,3,0,1,0,0,0,0,0,1,1,1,40,7,-1,-1,-1,-1,-1,-1
201501TX20325,1,9,0,13,0,0,0,0,0,0,4,1,6,1,64,9,1587,7,6,-1,1,-1
201501TX20325,2,1,0,18,0,0,0,4,0,0,3,1,6,2,37,7,-1,-1,-1,-1,1,-1
201501TX20325,3,9,0,2,0,0,0,0,0,0,3,1,6,3,-1,-1,-1,-1,-1,-1,-1,-1
201501TX20326,1,9,0,1,0,0,0,4,0,0,2,1,6,1,36,7,-1,-1,-1,-1,-1,-1
201501TX20326,2,9,0,2,0,0,0,0,0,0,3,1,6,1,60,9,-1,-1,-1,-1,1,-1
201501TX20326,3,9,0,2,0,0,0,0,0,0,3,1,6,2,-1,-1,1995,1,5,-1,1,-1
201501TX20327,1,9,0,4,0,0,0,0,0,0,3,1,1,1,37,7,-1,-1,-1,-1,-1,-1
201501TX20328,1,11,0,16,0,8,0,0,0,0,0,1,1,1,41,7,9400,2,10,-1,1,-1
201501TX20329,1,9,0,5,0,1,0,10,1,2,4,1,6,2,84,11,1339,1,9,-1,1,-1
201501TX20330,1,9,0,18,0,0,0,0,0,0,1,1,1,1,37,7,1997,2,-1,-1,1,-1
201501TX20330,2,9,0,18,0,0,0,0,0,0,2,1,6,2,-1,-1,1598,2,2,-1,1,-1
201501TX20331,1,5,0,11,0,8,0,0,1,0,1,1,6,1,36,7,680,1,8,-1,1,-1
201501TX20331,2,9,0,3,0,8,0,0,0,0,2,1,6,1,31,6,998,1,1,-1,1,-1
201501TX20332,1,9,0,9,0,8,0,0,0,0,3,1,6,1,67,10,1968,2,4,-1,1,-1
201501TX20332,2,1,0,18,0,8,0,0,0,0,1,1,6,1,31,6,-1,-1,-1,-1,1,-1
201501TX20333,1,5,0,7,0,2,0,0,0,0,2,1,2,1,52,8,1202,1,2,-1,1,-1
201501TX20333,2,9,0,7,0,2,0,0,0,0,1,1,6,1,29,6,1598,1,4,-1,1,-1
201501TX20334,1,9,0,5,0,2,0,0,0,0,2,1,6,1,56,9,1560,2,-1,-1,1,-1
201501TX20334,2,9,0,11,0,2,0,0,0,0,1,1,6,1,58,9,1984,1,21,-1,1,-1
201501TX20335,1,9,0,18,0,0,0,0,0,0,1,1,6,2,57,9,1796,1,11,-1,1,-1
201501TX20335,2,9,0,1,0,0,0,0,0,0,2,1,6,1,-1,-1,1798,8,2,-1,-1,-1
201501TX20336,1,9,0,18,0,0,0,0,0,0,1,1,6,1,34,6,1299,1,11,-1,1,-1
201501TX20336,2,21,0,18,0,0,0,0,0,0,3,2,1,1,55,8,-1,-1,-1,-1,-1,-1
201501TX20337,1,9,0,8,0,1,0,0,0,0,2,1,6,2,42,7,1796,1,1,-1,1,-1
201501TX20337,2,9,0,8,0,1,0,0,0,0,1,1,6,1,51,8,1896,2,14,-1,3,-1
201501TX20338,1,9,0,8,0,1,0,0,0,0,2,1,6,2,40,7,1299,1,9,-1,1,-1
201501TX20338,2,9,0,18,0,1,0,0,0,0,1,1,6,1,-1,-1,-1,-1,-1,-1,-1,-1
201501TX20339,1,3,0,15,0,8,0,0,0,0,1,1,2,1,25,5,125,1,5,-1,1,-1
201501TX20339,2,19,0,9,0,8,0,0,0,0,4,1,1,1,24,5,2402,2,11,-1,1,-1
201501TX20340,1,9,0,18,0,0,0,0,0,0,3,1,6,2,40,7,1396,1,16,-1,1,-1
201501TX20340,2,9,0,18,0,0,0,0,0,0,3,1,6,1,17,4,1597,1,6,-1,-1,-1
201501TX20341,1,9,0,18,0,8,0,0,0,0,4,1,2,2,18,4,1299,1,9,-1,1,-1
201501TX20341,2,9,0,7,0,8,0,0,0,0,3,1,2,1,21,5,1968,2,1,-1,1,-1
201501TX20342,1,8,0,7,0,1,0,0,0,0,4,1,6,1,44,7,1968,2,1,-1,1,-1
201501TX20342,2,19,0,5,0,1,0,0,0,0,3,1,6,1,-1,-1,1968,2,2,-1,1,-1
201501TX20343,1,19,0,5,0,0,0,0,0,0,4,1,6,3,-1,-1,-1,-1,-1,-1,-1,-1
201501TX20344,1,19,0,18,0,0,0,4,0,0,4,1,6,1,-1,-1,-1,-1,-1,-1,-1,-1
201501TX20344,2,9,0,2,0,0,0,0,0,0,4,1,6,2,27,6,1598,1,11,-1,1,-1
201501TX20345,1,9,0,4,0,1,0,0,0,0,2,1,6,1,84,11,2494,1,18,-1,-1,-1
201501TX20345,2,2,0,18,0,1,0,0,0,0,1,1,2,1,25,5,124,1,1,-1,1,-1
201501TX20346,1,9,0,18,0,0,0,0,0,0,1,1,6,1,34,6,3456,8,6,-1,3,-1
201501TX20346,2,9,0,18,0,0,0,0,0,0,1,1,6,2,49,8,1397,1,13,-1,1,-1
201501TX20348,1,9,0,18,0,1,0,4,0,0,3,1,6,1,18,4,1390,1,11,-1,1,-1
201501TX20348,2,8,0,2,0,1,0,4,0,0,2,1,1,1,37,7,2143,2,3,-1,1,-1
201501TX20348,3,9,0,7,0,1,0,0,0,0,1,1,6,1,32,6,1997,1,9,-1,1,-1
201501TX20348,4,9,0,2,0,1,0,0,0,0,1,1,6,1,40,7,1796,1,12,-1,-1,-1
201501TX20349,1,8,0,9,0,1,0,0,0,0,2,1,1,1,41,7,1390,1,5,-1,1,-1
201501TX20349,2,9,0,18,0,1,0,0,0,0,1,1,2,1,42,7,1753,2,8,-1,1,-1
201501TX20350,1,9,0,18,0,1,0,0,0,0,1,1,6,1,36,7,1390,1,7,-1,1,-1
201501TX20350,2,1,0,18,0,1,0,0,0,0,3,1,6,1,49,8,-1,-1,-1,-1,1,-1
201501TX20351,1,9,0,3,0,0,0,0,0,0,2,1,6,1,22,5,1560,2,1,-1,-1,-1
201501TX20351,2,9,0,3,0,0,0,0,0,0,2,1,6,2,-1,-1,-1,-1,-1,-1,-1,-1
201501TX20351,3,2,0,18,0,0,0,0,0,0,1,1,6,1,-1,-1,49,1,2,-1,-1,-1
201501TX20352,1,9,0,18,0,2,0,0,0,0,1,1,6,1,40,7,-1,-1,-1,-1,-1,-1
201501TX20353,1,9,0,9,0,8,0,0,0,0,1,1,6,2,32,6,-1,-1,-1,-1,1,-1
201501TX20353,2,9,0,5,0,8,0,0,0,0,2,1,1,1,45,7,1686,2,1,-1,1,-1
201501TX20354,1,9,0,18,0,8,1,9,3,1,1,1,6,1,22,5,1896,2,13,-1,1,-1
201501TX20355,1,4,0,18,0,1,0,0,0,0,3,1,6,1,30,6,124,1,2,-1,1,-1
201501TX20355,2,9,0,18,0,1,0,0,0,0,4,1,6,1,35,6,1988,1,13,-1,1,-1
201501TX20356,1,3,0,18,0,8,0,0,0,0,1,1,2,1,38,7,124,1,6,-1,1,-1
201501TX20356,2,9,0,9,0,8,0,0,0,0,1,1,6,1,39,7,1995,1,6,-1,1,-1
201501TX20357,1,21,1,18,0,1,0,0,0,0,3,2,1,1,42,7,-1,-1,-1,-1,-1,-1
201501TX20357,2,9,0,18,0,1,0,0,0,0,4,1,2,2,54,8,2204,2,9,-1,1,-1
201501TX20358,1,1,0,18,0,2,0,0,0,0,0,1,6,1,65,9,-1,-1,-1,-1,-1,-1
201501TX20359,1,2,0,18,0,2,0,10,8,10,1,1,6,1,16,4,49,1,11,-1,1,-1
201501TX20360,1,9,0,18,0,0,0,0,0,0,1,1,2,2,18,4,1124,1,8,-1,1,-1
201501TX20360,2,9,0,14,0,0,0,0,0,0,4,1,6,1,-1,-1,-1,-1,-1,-1,-1,-1
201501TX20362,1,9,0,18,0,3,0,0,0,0,1,1,6,1,64,9,1339,1,10,-1,1,-1
201501TX20362,2,9,0,18,0,3,0,0,0,0,2,1,6,2,45,7,1896,2,8,-1,1,-1
201501TX20363,1,3,0,18,0,1,0,0,0,0,1,1,6,1,20,4,-1,-1,-1,-1,1,-1
201501TX20363,2,3,0,4,0,1,0,0,0,0,2,1,6,1,26,6,125,1,4,-1,1,-1
201501TX20364,1,19,0,18,0,0,0,0,0,0,3,1,6,1,51,8,2151,2,14,-1,1,-1
201501TX20364,2,5,0,11,0,0,0,0,0,0,4,1,6,1,60,9,649,1,-1,-1,1,-1
201501TX20365,1,1,0,18,4,1,0,0,0,0,1,1,6,1,38,7,-1,-1,-1,-1,1,-1
201501TX20365,2,9,0,7,0,8,0,0,0,0,4,1,6,3,-1,-1,-1,-1,-1,-1,-1,-1
201501TX20366,1,9,0,18,0,1,0,0,0,0,1,1,6,1,51,8,1896,2,10,-1,1,-1
201501TX20367,1,9,0,18,0,8,0,0,0,0,4,1,6,1,77,11,1956,2,2,-1,1,-1
201501TX20367,2,9,0,7,0,8,0,0,0,0,1,1,6,3,-1,-1,973,1,12,-1,1,-1
201501TX20367,3,9,0,18,0,8,0,0,0,0,1,1,6,1,27,6,1870,2,10,-1,1,-1
201501TX20368,1,9,0,3,0,1,0,0,0,0,2,1,6,1,30,6,1598,1,11,-1,1,-1
201501TX20368,2,9,0,18,0,1,0,0,0,0,1,1,6,1,-1,-1,-1,-1,-1,-1,1,-1
201501TX20369,1,9,0,9,0,8,0,0,0,0,3,1,6,2,22,5,1596,1,8,-1,1,-1
201501TX20369,2,9,0,18,0,8,0,0,0,0,1,1,6,1,56,9,-1,-1,-1,-1,1,-1
201501TX20370,1,9,0,18,0,8,0,7,3,1,1,1,6,2,33,6,-1,-1,-1,-1,-1,-1
201501TX20370,2,9,0,18,0,8,0,0,0,0,3,1,6,2,31,6,1596,1,12,-1,1,-1
201501TX20371,1,9,0,18,0,1,0,0,0,0,1,1,6,1,51,8,998,1,13,-1,1,-1
201501TX20372,1,9,0,9,0,8,0,0,0,0,1,1,6,1,33,6,1596,1,12,-1,1,-1
201501TX20372,2,9,0,18,0,8,1,0,1,1,4,1,6,1,25,5,2143,2,1,-1,1,-1
201501TX20373,1,9,0,9,0,8,0,0,0,0,3,1,6,1,42,7,1956,2,4,-1,1,-1
201501TX20373,2,1,0,14,0,8,0,0,0,0,1,1,6,1,23,5,-1,-1,-1,-1,1,-1
201501TX20375,1,3,0,9,0,8,0,0,0,0,3,1,6,1,41,7,108,1,3,-1,1,-1
201501TX20375,2,9,0,9,0,8,0,0,0,0,4,1,6,2,23,5,1242,1,7,-1,1,-1
201501TX20376,1,8,0,9,0,8,0,0,0,0,3,1,6,1,-1,-1,-1,-1,-1,-1,-1,-1
201501TX20377,1,9,0,7,0,8,0,0,0,0,3,1,1,1,33,6,1598,1,7,-1,1,-1
201501TX20377,2,1,0,18,4,8,0,0,0,0,4,1,6,2,26,6,-1,-1,-1,-1,1,-1
201501TX20379,1,9,0,18,0,8,0,0,0,0,1,1,2,1,45,7,2401,2,9,-1,1,-1
201501TX20379,2,3,0,18,0,8,1,0,0,0,1,1,2,1,32,6,125,1,4,-1,1,-1
201501TX20380,1,9,0,18,0,8,0,0,0,0,1,1,6,1,34,6,1149,1,7,-1,1,-1
201501TX20380,2,19,0,18,0,8,0,0,0,0,2,1,6,1,36,7,2402,2,12,-1,1,-1
201501TX20381,1,5,0,3,0,1,0,0,0,0,2,1,6,1,45,7,-1,-1,-1,-1,1,-1
201501TX20381,2,9,0,18,0,1,0,0,0,0,1,1,6,3,-1,-1,1794,1,10,-1,-1,-1
201501TX20383,1,9,0,5,0,2,0,0,0,0,0,1,6,1,65,9,1796,1,8,-1,1,-1
201501TX20385,1,9,0,18,0,0,0,0,0,0,3,1,6,2,35,6,-1,-1,-1,-1,1,-1
201501TX20385,2,3,0,13,0,0,1,0,0,0,4,1,6,1,17,4,125,1,4,-1,1,-1
201501TX20386,1,9,0,18,0,8,0,0,0,0,1,1,6,3,-1,-1,-1,-1,-1,-1,-1,-1
201501TX20386,2,1,0,9,0,8,0,0,0,0,3,1,6,2,43,7,-1,-1,-1,-1,1,-1
201501TX20387,1,9,0,9,0,8,0,0,0,0,4,1,6,1,29,6,1596,1,8,-1,1,-1
201501TX20387,2,3,0,18,0,8,0,0,0,0,1,1,6,1,27,6,124,1,5,-1,-1,-1
201501TX20388,1,9,0,18,0,1,0,0,0,0,1,1,6,1,27,6,1975,2,16,-1,1,-1
201501TX20388,2,1,0,18,0,1,0,0,0,0,4,1,6,1,-1,-1,-1,-1,-1,-1,-1,-1
201501TX20390,1,9,0,18,0,8,0,0,0,0,1,1,6,2,30,6,1956,2,3,-1,1,-1
201501TX20390,2,19,0,9,0,8,0,0,0,0,1,1,6,1,34,6,1560,2,4,-1,1,-1
201501TX20391,1,3,0,3,0,1,0,0,0,0,4,1,6,1,25,5,125,1,1,-1,1,-1
201501TX20391,2,19,0,5,0,1,0,0,0,0,3,1,6,3,-1,-1,-1,-1,-1,-1,-1,-1
201501TX20392,1,9,0,9,0,8,0,0,0,0,1,1,6,2,37,7,-1,-1,-1,-1,1,-1
201501TX20392,2,1,0,18,0,8,0,0,0,0,1,1,6,1,40,7,-1,-1,-1,-1,1,-1
201501TX20393,1,9,0,18,0,0,0,0,4,6,1,1,6,1,55,8,2993,2,8,-1,1,-1
201501TX20394,1,1,0,3,0,1,0,0,0,0,2,1,6,1,30,6,-1,-1,-1,-1,1,-1
201501TX20394,2,9,0,5,0,1,0,0,0,0,1,1,6,1,-1,-1,1968,2,5,-1,-1,-1
201501TX20395,1,9,0,18,0,0,0,0,0,0,1,1,6,2,45,7,1229,1,6,-1,-1,-1
201501TX20396,1,9,0,3,0,8,0,0,0,0,2,1,6,1,38,7,1995,2,11,-1,1,-1
201501TX20396,2,9,0,3,0,1,0,0,0,0,2,1,6,1,51,8,2776,2,11,-1,1,-1
201501TX20396,3,9,0,18,0,1,0,0,0,0,1,1,6,1,23,5,1595,1,7,-1,1,-1
201501TX20397,1,9,0,18,0,8,0,0,0,0,2,1,6,1,80,11,1596,1,5,-1,1,-1
201501TX20397,2,3,0,18,0,8,0,0,0,0,1,1,2,1,30,6,124,1,3,-1,1,-1
201501TX20398,1,9,0,14,0,2,0,0,0,0,1,1,1,1,46,8,1968,2,1,-1,1,-1
201501TX20399,1,9,0,8,0,1,0,0,0,0,2,1,6,1,36,7,1598,1,12,-1,1,-1
201501TX20399,2,9,0,18,0,1,0,0,0,0,2,1,6,3,-1,-1,-1,-1,-1,-1,-1,-1
201501TX20400,1,9,0,18,0,1,0,0,0,0,1,1,6,1,59,9,1769,1,12,-1,1,-1
201501TX20400,2,9,0,18,0,1,0,0,0,0,1,1,6,1,59,9,-1,-1,-1,-1,1,-1
201501TX20400,3,9,0,3,0,1,0,0,0,0,2,1,6,1,59,9,1390,1,17,-1,1,-1
201501TX20401,1,9,0,18,0,0,0,0,0,0,1,1,2,1,45,7,1797,8,4,-1,1,-1
201501TX20401,2,19,0,18,0,0,0,0,0,0,1,1,1,1,28,6,2402,2,8,-1,1,-1
201501TX20402,1,9,0,18,0,0,0,0,0,0,4,1,6,1,68,10,-1,-1,-1,-1,1,-1
201501TX20403,1,9,0,18,0,0,0,7,0,0,1,1,6,1,18,4,1199,1,12,-1,1,-1
201501TX20404,1,3,0,18,0,0,0,0,0,0,1,1,2,1,29,6,125,1,2,-1,1,-1
201501TX20404,2,8,0,18,0,0,0,0,0,0,2,1,1,1,46,8,1997,2,1,-1,1,-1
201501TX20405,1,21,0,18,0,0,0,0,0,0,1,1,6,1,56,9,12740,2,1,-1,1,-1
201501TX20405,2,1,0,11,0,0,0,0,0,0,4,1,6,1,61,9,-1,-1,-1,-1,1,-1
201501TX20406,1,11,0,18,0,0,0,0,0,0,0,1,1,1,35,6,9000,2,5,-1,1,-1
201501TX20407,1,9,0,9,0,8,0,0,0,0,1,1,6,1,62,9,2495,1,13,-1,1,-1
201501TX20407,2,5,0,14,0,8,0,0,0,0,1,1,6,1,22,5,625,1,11,-1,2,-1
201501TX20408,1,3,0,18,0,0,0,0,0,0,0,1,6,1,18,4,124,1,15,-1,1,-1
201501TX20409,1,9,0,18,0,8,0,0,0,0,4,1,6,1,32,6,2000,1,12,-1,1,-1
201501TX20409,2,20,0,7,0,8,0,0,0,0,3,1,1,1,-1,-1,3920,2,6,-1,-1,-1
201501TX20410,1,9,0,4,0,8,0,0,0,0,2,1,1,1,45,7,-1,-1,-1,-1,-1,-1
201501TX20410,2,9,0,18,0,8,0,0,0,0,1,1,6,1,-1,-1,2148,2,10,-1,1,-1
201501TX20411,1,8,0,1,0,8,0,0,0,0,2,1,1,1,43,7,2494,8,-1,-1,1,-1
201501TX20411,2,3,0,15,0,8,0,0,0,0,1,1,6,2,28,6,108,1,4,-1,1,-1
201501TX20412,1,5,0,13,0,8,0,0,0,0,1,1,6,1,53,8,-1,-1,-1,-1,1,-1
201501TX20412,2,9,0,9,0,8,0,0,0,0,3,1,6,1,-1,-1,-1,-1,-1,-1,-1,-1
201501TX20413,1,5,0,18,0,1,1,0,0,0,1,1,2,1,71,10,599,1,16,-1,1,-1
201501TX20413,2,19,0,10,0,1,0,0,0,0,2,1,1,1,31,6,2287,2,1,-1,1,-1
201501TX20414,1,8,0,9,0,8,0,0,0,0,1,1,1,1,24,5,1956,2,2,-1,1,-1
201501TX20414,2,4,0,18,0,8,0,0,0,0,1,1,6,1,21,5,399,1,25,-1,1,-1
201501TX20415,1,1,0,5,0,8,0,0,0,0,1,1,2,1,28,6,-1,-1,-1,-1,1,-1
201501TX20415,2,19,0,5,0,8,0,0,0,0,3,1,6,3,-1,-1,-1,-1,-1,-1,-1,-1
201501TX20417,1,9,0,18,0,0,0,0,0,0,1,1,6,2,30,6,1598,1,7,-1,1,-1
201501TX20417,2,9,0,4,0,0,0,0,0,0,2,1,6,1,38,7,1973,1,16,-1,1,-1
201501TX20418,1,3,0,18,0,2,0,0,0,0,1,1,6,3,-1,-1,-1,-1,-1,-1,-1,-1
201501TX20419,1,9,0,3,0,0,0,0,0,0,2,1,6,1,39,7,1493,1,18,-1,1,-1
201501TX20419,2,9,0,18,0,0,0,0,0,0,1,1,6,3,-1,-1,1461,2,4,-1,-1,-1
201501TX20421,1,9,0,3,0,1,0,0,0,0,2,1,6,1,49,8,-1,-1,-1,-1,1,-1
201501TX20421,2,9,0,18,0,1,0,0,0,0,1,1,6,3,-1,-1,1339,8,6,-1,-1,-1
201501TX20422,1,9,0,18,0,1,0,0,0,0,1,1,6,2,45,7,1598,1,3,-1,1,-1
201501TX20423,1,9,0,7,0,8,0,0,0,0,4,1,6,1,60,9,1968,2,11,-1,1,-1
201501TX20423,2,4,0,15,0,8,0,10,1,2,3,1,6,1,26,6,-1,-1,-1,-1,-1,-1
201501TX20424,1,90,0,16,0,1,0,10,1,1,1,1,6,1,27,6,700,1,2,-1,1,-1
201501TX20425,1,8,0,18,0,1,0,0,0,0,1,1,1,1,52,8,2143,12,2,-1,1,-1
201501TX20425,2,9,0,10,0,1,0,0,0,0,2,1,6,1,82,11,1598,1,7,-1,1,-1
201501TX20425,3,19,0,10,0,1,0,0,0,0,2,1,1,1,51,8,1598,2,8,-1,1,-1
201501TX20426,1,9,0,18,0,0,0,0,0,0,1,1,6,3,-1,-1,-1,-1,-1,-1,-1,-1
201501TX20427,1,9,0,3,0,1,0,0,0,0,2,1,6,1,46,8,1596,1,5,-1,1,-1
201501TX20427,2,9,0,3,0,1,0,0,0,0,2,1,1,1,46,8,-1,-1,-1,-1,1,-1
201501TX20427,3,9,0,3,0,1,0,0,0,0,2,1,6,1,52,8,1686,2,12,-1,1,-1
201501TX20427,4,9,0,18,0,1,0,0,0,0,1,1,6,2,20,4,1995,2,1,-1,1,-1
201501TX20428,1,9,0,4,0,0,0,0,0,0,2,1,6,2,45,7,1900,2,16,-1,1,-1
201501TX20428,2,9,0,18,0,0,0,0,0,0,1,1,6,1,56,9,1388,1,12,-1,1,-1
201501TX20430,1,9,0,18,0,1,0,0,0,0,1,1,6,2,29,6,1388,1,12,-1,1,-1
201501TX20430,2,8,0,3,0,1,0,0,0,0,2,1,1,1,30,6,1797,8,4,-1,1,-1
201501TX20431,1,9,0,5,0,2,0,0,0,0,3,1,6,1,24,5,1242,1,14,-1,1,-1
201501TX20431,2,8,0,7,0,2,0,0,0,0,4,1,1,1,37,7,1997,2,-1,-1,1,-1
201501TX20432,1,3,0,14,0,8,0,0,0,0,1,1,6,1,51,8,125,1,-1,-1,1,-1
201501TX20432,2,9,0,9,0,8,0,0,0,0,1,1,6,1,32,6,1998,2,11,-1,1,-1
201501TX20434,1,8,0,6,0,8,0,0,0,0,3,1,1,2,47,8,1364,1,5,-1,1,-1
201501TX20434,2,3,0,13,0,8,0,0,0,0,1,1,6,1,21,5,-1,-1,-1,-1,1,-1
201501TX20435,1,8,0,4,0,8,0,0,0,0,1,1,1,1,56,9,1798,8,3,-1,1,-1
201501TX20436,1,9,0,3,0,8,0,0,0,0,4,1,6,2,51,8,1590,1,12,-1,1,-1
201501TX20436,2,9,0,4,0,8,0,0,0,0,3,1,1,1,23,5,2979,1,11,-1,1,-1
201501TX20438,1,9,0,18,0,8,0,0,0,0,4,1,6,1,31,6,1596,1,6,-1,1,-1
201501TX20438,2,9,0,18,0,8,0,0,0,0,3,2,6,1,32,6,-1,-1,-1,-1,-1,-1