Accident_Index,Vehicle_Reference,Vehicle_Type,Towing_and_Articulation,Vehicle_Manoeuvre,Vehicle_Location-Restricted_Lane,Junction_Location,Skidding_and_Overturning,Hit_Object_in_Carriageway,Vehicle_Leaving_Carriageway,Hit_Object_off_Carriageway,1st_Point_of_Impact,Was_Vehicle_Left_Hand_Drive?,Journey_Purpose_of_Driver,Sex_of_Driver,Age_of_Driver,Age_Band_of_Driver,Engine_Capacity_(CC),Propulsion_Code,Age_of_Vehicle,Driver_IMD_Decile,Driver_Home_Area_Type,Vehicle_IMD_Decile
201501TX20597,1,9,0,11,0,0,0,0,0,0,1,1,6,1,22,5,-1,-1,-1,-1,-1,-1
201501TX20597,2,8,0,18,0,0,0,0,0,0,4,1,1,1,29,6,1968,2,-1,-1,1,-1
201501TX20597,3,9,0,18,0,0,0,0,0,0,1,1,6,1,49,8,1753,2,7,-1,-1,-1
201501TX20597,4,8,0,18,0,0,0,0,1,0,3,1,1,1,21,5,-1,-1,-1,-1,1,-1
201501TX20601,1,5,0,18,0,0,0,0,0,0,1,1,6,1,54,8,649,1,15,-1,1,-1
201501TX20601,2,9,0,18,0,0,0,0,0,0,2,1,6,1,67,10,1598,1,4,-1,1,-1
201501TX20603,1,9,0,1,0,8,0,0,0,0,4,1,6,1,29,6,1797,8,5,-1,1,-1
201501TX20603,2,9,0,1,0,8,0,0,0,0,3,1,6,2,46,8,1360,1,11,-1,1,-1
201501TX20604,1,5,0,9,0,8,0,0,0,0,1,1,6,1,21,5,-1,-1,-1,-1,1,-1
201501TX20604,2,1,0,18,0,8,0,0,0,0,1,1,6,1,57,9,-1,-1,-1,-1,1,-1
201501TX20605,1,8,0,9,0,8,0,0,0,0,1,1,1,1,33,6,1995,2,3,-1,1,-1
201501TX20605,2,9,0,18,0,8,0,0,0,0,3,1,1,1,26,6,-1,-1,-1,-1,-1,-1
201501TX20607,1,9,0,4,0,0,0,0,0,0,1,1,2,2,46,8,1598,1,7,-1,1,-1
201501TX20607,2,3,0,11,0,0,0,0,0,0,4,1,2,1,22,5,124,1,2,-1,1,-1
201501TX20609,1,1,0,18,0,8,0,0,0,0,1,1,6,2,22,5,-1,-1,-1,-1,-1,-1
201501TX20609,2,9,0,7,0,8,0,0,1,0,4,1,6,2,-1,-1,-1,-1,-1,-1,-1,-1
201501TX20610,1,9,0,4,0,0,0,0,0,0,2,1,6,2,48,8,1360,1,13,-1,1,-1
201501TX20610,2,9,0,18,0,0,0,0,0,0,1,1,6,1,33,6,2597,1,12,-1,1,-1
201501TX20611,1,1,0,18,0,0,0,0,0,0,2,1,6,2,52,8,-1,-1,-1,-1,1,-1
201501TX20611,2,9,0,5,0,0,0,0,0,0,1,1,4,2,76,11,1598,1,5,-1,1,-1
201501TX20612,1,9,0,18,0,8,0,0,0,0,3,1,6,1,72,10,4293,1,9,-1,1,-1
201501TX20612,2,9,0,18,0,8,0,0,1,0,1,1,6,2,63,9,1497,8,-1,-1,1,-1
201501TX20613,1,3,0,4,0,8,0,0,0,0,4,1,6,1,43,7,124,1,3,-1,-1,-1
201501TX20613,2,9,0,13,0,8,0,0,0,0,2,1,6,1,37,7,1973,1,13,-1,1,-1
201501TX20614,1,9,0,18,0,8,0,0,0,0,1,1,2,1,45,7,1595,1,6,-1,1,-1
201501TX20614,2,9,0,4,0,8,0,0,0,0,2,1,6,1,28,6,1590,1,14,-1,1,-1
201501TX20614,3,9,0,4,0,8,0,0,0,0,2,1,6,2,56,9,2398,1,17,-1,1,-1
201501TX20614,4,9,0,4,0,8,0,0,0,0,2,1,6,2,37,7,1997,2,16,-1,1,-1
201501TX20614,5,9,0,4,0,8,0,0,0,0,2,1,6,2,34,6,1999,1,14,-1,1,-1
201501TX20615,1,9,0,18,0,8,0,0,0,0,3,1,1,2,24,5,1197,1,1,-1,1,-1
201501TX20615,2,9,0,9,0,8,0,0,0,0,1,1,6,1,-1,-1,2497,1,11,-1,1,-1
201501TX20616,1,9,0,3,0,8,0,0,0,0,2,1,1,1,35,6,1686,2,4,-1,1,-1
201501TX20616,2,9,0,5,0,8,0,0,0,0,1,1,1,2,55,8,1984,1,11,-1,1,-1
201501TX20617,1,11,0,13,0,1,0,0,0,0,4,1,1,1,49,8,4500,2,6,-1,1,-1
201501TX20617,2,1,0,18,0,1,0,0,0,0,3,1,6,1,29,6,-1,-1,-1,-1,1,-1
201501TX20618,1,9,0,7,0,8,0,0,0,0,1,1,6,1,81,11,1229,1,5,-1,1,-1
201501TX20618,2,19,0,3,0,8,0,0,0,0,4,1,1,1,65,9,2402,2,10,-1,1,-1
201501TX20619,1,19,0,4,0,0,0,0,0,0,1,1,1,1,-1,-1,2198,2,4,-1,1,-1
201501TX20619,2,11,0,3,0,0,0,0,0,0,2,1,1,1,36,7,9000,2,5,-1,1,-1
201501TX20622,1,9,0,18,0,8,0,0,0,0,2,1,6,1,39,7,2400,2,1,-1,1,-1
201501TX20622,2,9,0,4,0,8,0,0,0,0,1,1,6,2,37,7,1598,1,17,-1,1,-1
201501TX20622,3,90,0,12,0,8,0,0,0,0,0,1,1,2,22,5,-1,-1,-1,-1,2,-1
201501TX20623,1,9,0,18,0,1,0,0,0,0,1,1,6,2,41,7,1796,1,12,-1,1,-1
201501TX20623,2,9,0,3,0,1,0,0,0,0,2,1,6,1,33,6,1398,2,9,-1,1,-1
201501TX20624,1,9,0,3,0,0,0,0,0,0,4,1,6,1,68,10,1248,1,6,-1,1,-1
201501TX20624,2,9,0,1,0,0,0,0,0,0,2,1,6,1,-1,-1,1796,1,10,-1,-1,-1
201501TX20626,1,9,0,7,0,8,1,0,0,0,4,1,2,1,50,8,2496,2,14,-1,1,-1
201501TX20626,2,4,0,15,0,8,0,0,0,0,1,1,6,1,26,6,125,1,-1,-1,-1,-1
201501TX20628,1,9,0,18,0,8,0,0,0,0,4,1,1,1,47,8,1781,1,10,-1,1,-1
201501TX20628,2,21,0,12,0,8,0,0,0,0,3,1,1,1,-1,-1,6700,2,1,-1,-1,-1
201501TX20629,1,9,0,9,0,8,0,0,0,0,4,1,2,2,27,6,2143,2,4,-1,1,-1
201501TX20629,2,19,0,18,0,8,0,0,0,0,1,1,1,1,38,7,-1,-1,-1,-1,1,-1
201501TX20630,1,19,0,9,0,8,0,0,0,0,1,1,1,1,27,6,2143,2,-1,-1,1,-1
201501TX20630,2,1,0,18,0,8,0,0,0,0,1,1,6,1,29,6,-1,-1,-1,-1,1,-1
201501TX20631,1,3,0,12,0,0,0,10,7,2,1,1,6,1,19,4,-1,-1,-1,-1,1,-1
201501TX20632,1,5,0,5,0,8,0,0,0,0,4,1,6,1,48,8,1198,1,2,-1,1,-1
201501TX20632,2,2,0,18,0,8,0,0,0,0,1,1,6,1,21,5,-1,-1,-1,-1,1,-1
201501TX20633,1,9,0,4,0,8,0,0,0,0,2,2,6,1,39,7,-1,-1,-1,-1,1,-1
201501TX20633,2,8,0,4,0,8,0,0,0,0,1,1,6,1,-1,-1,-1,-1,-1,-1,1,-1
201501TX20633,3,9,0,4,0,8,0,0,1,0,2,1,6,2,-1,-1,1199,1,12,-1,1,-1
201501TX20634,1,2,0,4,0,8,0,0,0,0,1,1,6,1,29,6,124,1,6,-1,1,-1
201501TX20634,2,9,0,4,0,8,0,0,0,0,2,1,6,2,39,7,1389,1,9,-1,-1,-1
201501TX20635,1,9,0,7,0,8,0,0,0,0,4,1,6,1,49,8,1390,1,13,-1,1,-1
201501TX20635,2,1,0,18,0,8,0,0,0,0,1,1,6,1,10,2,-1,-1,-1,-1,1,-1
201501TX20637,1,9,0,7,0,3,0,0,0,0,4,1,6,1,44,7,1796,1,12,-1,1,-1
201501TX20638,1,11,0,4,0,8,0,0,0,0,0,1,1,1,31,6,9000,2,6,-1,1,-1
201501TX20639,1,9,0,9,0,8,0,0,0,0,1,1,6,1,-1,-1,-1,-1,-1,-1,-1,-1
201501TX20640,1,9,0,1,0,0,0,0,0,0,3,1,6,1,23,5,1598,1,10,-1,1,-1
201501TX20640,2,9,0,18,0,0,0,0,1,0,1,1,6,1,35,6,1995,2,8,-1,-1,-1
201501TX20640,3,9,0,4,0,0,0,0,1,0,0,1,6,1,-1,-1,1796,1,12,-1,-1,-1
201501TX20641,1,9,0,18,0,0,0,0,1,0,4,1,6,2,25,5,1596,1,9,-1,1,-1
201501TX20642,1,9,0,18,0,0,0,0,0,0,1,1,6,1,23,5,1198,1,1,-1,-1,-1
201501TX20642,2,9,0,11,0,0,0,0,0,0,4,1,6,1,28,6,1461,2,9,-1,1,-1
201501TX20643,1,9,0,3,0,8,0,0,0,0,1,1,3,1,37,7,1329,1,1,-1,1,-1
201501TX20643,2,20,0,1,0,8,0,0,1,0,2,1,1,1,-1,-1,-1,-1,-1,-1,-1,-1
201501TX20644,1,9,0,18,0,8,0,0,0,0,3,1,6,1,41,7,1590,1,11,-1,1,-1
201501TX20644,2,9,0,5,0,8,0,0,0,0,1,1,6,1,-1,-1,1560,2,6,-1,-1,-1
201501TX20645,1,4,0,18,0,0,0,0,0,0,1,1,2,1,38,7,999,1,5,-1,1,-1
201501TX20645,2,4,0,4,0,0,0,0,0,0,3,1,2,1,48,8,-1,-1,-1,-1,1,-1
201501TX20645,3,3,0,4,0,0,0,0,1,0,3,1,6,1,44,7,-1,-1,-1,-1,1,-1
201501TX20645,4,9,0,18,0,0,0,0,0,0,4,1,2,1,51,8,-1,-1,-1,-1,1,-1
201501TX20646,1,9,0,4,0,0,0,0,0,0,2,1,2,2,52,8,1968,2,1,-1,-1,-1
201501TX20646,2,8,0,18,0,0,0,0,0,0,1,1,1,1,43,7,2987,2,1,-1,1,-1
201501TX20646,3,8,0,4,0,0,0,0,0,0,1,1,1,1,55,8,-1,-1,-1,-1,1,-1
201501TX20647,1,9,0,18,0,0,0,0,0,0,3,1,2,1,35,6,1995,2,11,-1,1,-1
201501TX20647,2,9,0,13,0,0,0,0,0,0,4,1,6,1,-1,-1,-1,-1,-1,-1,-1,-1
201501TX20649,1,9,0,7,0,8,0,0,0,0,4,1,2,2,58,9,-1,-1,-1,-1,1,-1
201501TX20649,2,1,0,18,0,8,0,0,1,0,1,1,2,2,24,5,-1,-1,-1,-1,1,-1
201501TX20651,1,9,0,18,0,8,0,0,0,0,3,1,2,1,41,7,1198,1,3,-1,1,-1
201501TX20652,1,19,0,18,0,0,0,0,0,0,1,1,6,3,-1,-1,-1,-1,-1,-1,-1,-1
201501TX20653,1,9,0,4,0,8,0,0,0,0,2,1,2,1,42,7,-1,-1,-1,-1,1,-1
201501TX20653,2,9,0,4,0,8,0,0,0,0,1,1,2,1,57,9,2148,2,13,-1,1,-1
201501TX20657,1,9,0,7,0,8,0,0,1,0,4,1,6,1,23,5,1600,1,11,-1,1,-1
201501TX20657,2,3,0,18,0,8,0,0,0,0,1,1,6,1,23,5,124,1,1,-1,1,-1
201501TX20658,1,11,0,4,0,0,0,0,0,0,4,1,1,1,61,9,4500,2,4,-1,1,-1
201501TX20659,1,5,0,16,0,3,0,0,0,0,1,1,6,1,63,9,-1,-1,-1,-1,1,-1
201501TX20659,2,1,0,18,0,3,0,0,0,0,3,1,6,1,23,5,-1,-1,-1,-1,1,-1
201501TX20660,1,9,0,4,0,0,0,0,0,0,3,1,6,1,46,8,-1,-1,-1,-1,1,-1
201501TX20660,2,1,0,18,0,0,0,0,0,0,1,1,6,2,12,3,-1,-1,-1,-1,1,-1
201501TX20661,1,9,0,9,0,8,0,0,0,0,4,1,3,2,40,7,2967,2,2,-1,1,-1
201501TX20661,2,4,0,18,0,8,0,0,0,0,1,1,6,1,22,5,125,1,3,-1,1,-1
201501TX20663,1,11,0,5,0,8,0,0,0,0,0,1,1,1,28,6,9000,2,5,-1,1,-1
201501TX20664,1,9,0,7,0,8,0,0,0,0,3,1,6,2,19,4,1149,1,12,-1,-1,-1
201501TX20664,2,5,0,18,0,8,0,0,1,0,1,1,6,1,56,9,790,1,12,-1,1,-1
201501TX20665,1,9,0,18,0,0,0,0,0,0,1,1,2,2,36,7,2148,2,12,-1,-1,-1
201501TX20665,2,9,0,12,0,0,0,0,0,0,1,1,6,1,43,7,1596,1,13,-1,1,-1
201501TX20666,1,9,0,3,0,0,0,0,0,0,2,1,2,1,36,7,-1,-1,-1,-1,1,-1
201501TX20666,2,9,0,4,0,0,0,0,0,0,1,1,6,1,-1,-1,1560,2,4,-1,-1,-1
201501TX20667,1,1,0,18,0,8,0,0,0,0,3,1,2,2,-1,-1,-1,-1,-1,-1,-1,-1
201501TX20667,2,9,0,7,0,8,0,0,0,0,4,1,6,2,59,9,1590,1,15,-1,1,-1
201501TX20668,1,2,0,14,0,0,0,0,0,0,4,1,2,1,35,6,124,1,1,-1,1,-1
201501TX20668,2,9,0,12,0,0,0,0,0,0,1,1,2,1,22,5,1388,1,8,-1,1,-1
201501TX20669,1,9,0,2,0,8,0,0,0,0,3,1,6,1,63,9,1598,1,14,-1,-1,-1
201501TX20669,2,1,0,14,0,8,0,4,0,0,1,1,2,1,35,6,-1,-1,-1,-1,1,-1
201501TX20670,1,1,0,18,5,0,0,0,0,0,4,1,2,1,31,6,-1,-1,-1,-1,1,-1
201501TX20670,2,9,0,7,0,0,0,0,0,0,1,1,6,1,-1,-1,-1,-1,-1,-1,-1,-1
201501TX20671,1,5,0,18,0,8,1,0,0,0,4,1,6,1,59,9,1690,1,3,-1,1,-1
201501TX20672,1,9,0,18,0,8,0,0,0,0,1,1,2,1,60,9,2460,2,10,-1,1,-1
201501TX20672,2,9,0,4,0,8,0,0,0,0,2,1,2,2,27,6,1910,2,7,-1,1,-1
201501TX20673,1,9,0,3,0,8,0,0,0,0,2,1,6,1,22,5,-1,-1,-1,-1,1,-1
201501TX20673,2,3,0,18,0,8,0,0,0,0,1,1,6,1,18,4,124,1,7,-1,1,-1
201501TX20674,1,9,0,4,0,8,0,0,0,0,2,1,6,1,64,9,998,1,1,-1,1,-1
201501TX20674,2,21,0,4,0,8,0,0,0,0,1,1,1,1,66,10,12809,2,1,-1,1,-1
201501TX20675,1,9,0,4,0,8,0,0,0,0,2,1,2,2,50,8,1246,1,9,-1,1,-1
201501TX20675,2,2,0,18,0,8,0,0,1,0,2,1,6,1,22,5,-1,-1,-1,-1,1,-1
201501TX20676,1,9,0,4,0,0,0,0,0,0,2,1,1,2,37,7,1299,1,13,-1,1,-1
201501TX20676,2,9,0,4,0,0,0,0,1,0,1,1,1,2,32,6,1497,8,7,-1,1,-1
201501TX20677,1,9,0,16,0,8,0,0,0,0,3,1,6,1,54,8,2000,1,9,-1,1,-1
201501TX20677,2,1,0,16,0,8,0,0,0,0,1,1,6,1,31,6,-1,-1,-1,-1,1,-1
201501TX20678,1,9,0,2,0,8,0,0,0,0,3,1,6,2,-1,-1,1598,1,7,-1,1,-1
201501TX20678,2,1,0,14,0,8,0,4,0,0,1,1,1,1,39,7,-1,-1,-1,-1,1,-1
201501TX20679,1,19,0,9,0,8,0,0,0,0,3,1,1,1,29,6,-1,-1,-1,-1,2,-1
201501TX20679,2,1,0,18,0,8,0,0,0,0,1,1,2,1,47,8,-1,-1,-1,-1,1,-1
201501TX20680,1,9,0,18,0,8,0,0,0,0,3,1,6,1,19,4,1596,1,4,-1,1,-1
201501TX20680,2,9,0,9,0,8,0,0,0,0,1,1,6,1,34,6,1840,1,13,-1,1,-1
201501TX20681,1,9,0,9,0,8,0,0,0,0,3,1,2,1,29,6,2387,2,6,-1,1,-1
201501TX20681,2,1,0,18,0,8,0,0,0,0,1,1,1,1,29,6,-1,-1,-1,-1,1,-1
201501TX20683,1,8,0,16,0,8,0,0,0,0,2,1,1,1,58,9,-1,-1,-1,-1,1,-1
201501TX20683,2,9,0,16,0,8,0,0,0,0,1,1,2,1,28,6,4735,1,-1,-1,1,-1
201501TX20684,1,9,0,18,0,0,0,0,0,0,1,1,1,1,44,7,2143,12,-1,-1,1,-1
201501TX20684,2,9,0,18,0,0,0,0,0,0,4,1,1,1,50,8,-1,-1,-1,-1,1,-1
201501TX20685,1,19,0,4,0,0,0,0,0,0,2,1,1,1,60,9,2148,2,8,-1,2,-1
201501TX20685,2,9,0,4,0,0,0,0,0,0,1,1,2,1,-1,-1,-1,-1,-1,-1,1,-1
201501TX20685,3,9,0,4,0,0,0,0,0,0,1,1,6,1,42,7,1339,1,11,-1,1,-1
201501TX20686,1,9,0,18,0,8,0,0,1,0,2,1,6,2,41,7,2148,2,10,-1,1,-1
201501TX20686,2,8,0,18,0,8,0,0,0,0,1,1,6,1,-1,-1,1360,1,15,-1,1,-1
201501TX20687,1,9,0,9,0,0,0,0,0,0,4,1,2,2,49,8,1229,1,10,-1,1,-1
201501TX20687,2,3,0,18,0,0,0,0,0,0,1,1,6,1,33,6,125,1,1,-1,1,-1
201501TX20688,1,9,0,17,0,8,0,0,0,0,1,1,1,1,37,7,-1,-1,-1,-1,1,-1
201501TX20688,2,19,0,18,0,8,0,0,0,0,1,1,2,1,38,7,-1,-1,-1,-1,1,-1
201501TX20689,1,9,0,18,0,0,0,4,0,0,1,1,6,1,57,9,998,1,14,-1,1,-1
201501TX20689,2,8,0,2,0,0,0,0,0,0,2,1,2,1,33,6,2143,2,-1,-1,1,-1
201501TX20689,3,8,0,18,0,0,0,0,0,0,3,1,2,1,44,7,-1,-1,-1,-1,1,-1
201501TX20690,1,11,0,4,0,0,0,0,1,0,4,1,1,1,-1,-1,-1,-1,-1,-1,-1,-1
201501TX20692,1,9,0,3,0,8,0,0,1,0,1,1,6,1,59,9,1582,2,4,-1,1,-1
201501TX20692,2,9,0,1,0,8,0,0,0,0,2,1,1,2,34,6,1749,1,14,-1,1,-1
201501TX20693,1,8,0,7,0,8,0,0,0,0,1,1,1,1,34,6,1997,2,3,-1,1,-1
201501TX20693,2,8,0,5,0,8,0,0,0,0,1,1,1,1,63,9,2402,2,10,-1,1,-1
201501TX20694,1,9,0,11,0,0,0,0,0,0,4,1,1,2,22,5,1598,1,4,-1,1,-1
201501TX20694,2,9,0,5,0,0,0,0,0,0,3,1,6,2,64,9,998,1,6,-1,1,-1
201501TX20695,1,8,0,9,0,8,0,0,0,0,1,1,1,1,28,6,1339,8,4,-1,1,-1
201501TX20695,2,9,0,9,0,8,0,0,0,0,1,1,6,1,23,5,1149,1,12,-1,1,-1
201501TX20696,1,9,0,3,0,1,0,0,0,0,2,1,1,2,41,7,1995,2,1,-1,1,-1
201501TX20696,2,9,0,18,0,1,0,0,0,0,1,1,1,2,37,7,1242,1,7,-1,1,-1
201501TX20697,1,9,0,9,0,1,0,0,0,0,3,1,6,2,38,7,1798,1,6,-1,1,-1
201501TX20697,2,9,0,3,0,8,0,0,0,0,4,1,6,2,39,7,-1,-1,-1,-1,1,-1
201501TX20697,3,9,0,3,0,8,0,0,0,0,4,1,6,1,70,10,1395,1,1,-1,1,-1
201501TX20698,1,9,0,18,0,8,0,0,0,0,1,1,1,1,32,6,-1,-1,-1,-1,-1,-1
201501TX20698,2,19,0,9,0,8,0,0,0,0,4,1,6,1,25,5,2299,2,1,-1,1,-1
201501TX20699,1,3,0,3,0,1,0,0,0,0,4,1,1,1,25,5,-1,-1,-1,-1,1,-1
201501TX20699,2,9,0,15,0,1,0,0,0,0,1,1,6,1,-1,-1,-1,-1,-1,-1,-1,-1
201501TX20700,1,9,0,18,0,0,0,10,1,0,1,1,6,1,18,4,1596,1,2,-1,1,-1
201501TX20701,1,19,0,9,0,8,0,0,0,0,4,1,2,1,49,8,2402,2,4,-1,1,-1
201501TX20701,2,1,0,18,0,8,0,0,0,0,1,1,1,1,49,8,-1,-1,-1,-1,1,-1
201501TX20702,1,9,0,4,0,8,0,0,0,0,2,1,6,1,26,6,1560,2,2,-1,1,-1
201501TX20702,2,9,0,18,0,8,0,0,0,0,1,1,3,1,39,7,1598,1,13,-1,1,-1
201501TX20703,1,9,0,7,0,8,0,0,0,0,1,1,6,1,91,11,1390,1,5,-1,1,-1
201501TX20703,2,90,0,18,0,8,0,0,0,0,1,1,6,3,-1,-1,-1,-1,-1,-1,-1,-1
201501TX20705,1,19,0,1,0,0,0,0,0,0,3,1,2,1,33,6,1995,2,7,-1,1,-1
201501TX20705,2,3,0,18,0,0,0,0,0,0,1,1,6,1,-1,-1,-1,-1,-1,-1,-1,-1
201501TX20706,1,9,0,5,0,8,0,0,0,0,1,1,2,2,40,7,998,1,5,-1,1,-1
201501TX20706,2,21,0,9,0,8,0,0,0,0,4,1,1,1,63,9,9200,2,4,-1,3,-1
201501TX20707,1,1,0,15,0,8,0,4,0,0,1,1,2,2,43,7,-1,-1,-1,-1,-1,-1
201501TX20707,2,9,0,2,0,8,0,0,0,0,4,1,3,2,-1,-1,1820,1,25,-1,1,-1
201501TX20708,1,8,0,18,0,8,0,0,0,0,1,1,1,1,30,6,1798,8,-1,-1,1,-1
201501TX20708,2,9,0,18,0,8,0,0,0,0,3,1,6,1,-1,-1,-1,-1,-1,-1,1,-1
201501TX20709,1,9,0,14,0,0,0,0,0,0,1,1,2,1,28,6,1956,2,4,-1,1,-1
201501TX20710,1,2,0,14,0,8,0,0,0,0,1,1,2,1,19,4,49,1,2,-1,1,-1
201501TX20710,2,19,0,9,0,8,0,0,0,0,1,1,1,1,-1,-1,-1,-1,-1,-1,-1,-1
201501TX20711,1,9,0,18,0,0,0,0,0,0,2,1,6,2,29,6,1896,2,13,-1,1,-1
201501TX20711,2,9,0,18,0,0,0,0,0,0,1,1,6,2,22,5,1587,1,13,-1,1,-1
201501TX20712,1,19,0,9,0,8,0,0,0,0,3,1,1,1,35,6,2299,2,-1,-1,1,-1
201501TX20712,2,1,0,14,0,8,0,0,0,0,1,1,6,1,53,8,-1,-1,-1,-1,-1,-1
201501TX20713,1,11,0,4,0,8,0,0,0,0,0,1,1,1,54,8,6370,2,4,-1,1,-1
201501TX20714,1,9,0,9,0,0,0,0,0,0,2,1,2,1,21,5,1229,1,8,-1,1,-1
201501TX20714,2,3,0,15,0,0,0,0,0,0,1,1,2,1,25,5,-1,-1,-1,-1,1,-1
201501TX20715,1,11,0,4,0,0,0,0,0,0,0,1,1,1,-1,-1,-1,-1,-1,-1,-1,-1
201501TX20716,1,9,0,4,0,8,0,0,0,0,2,1,1,1,32,6,1968,2,5,-1,1,-1
201501TX20716,2,9,0,4,0,8,0,0,1,0,2,1,1,2,24,5,1229,1,2,-1,-1,-1
201501TX20716,3,8,0,4,0,8,0,0,0,0,1,1,1,1,55,8,-1,-1,-1,-1,1,-1
201501TX20717,1,9,0,9,0,8,0,0,0,0,2,1,2,2,45,7,1992,2,9,-1,1,-1
201501TX20717,2,9,0,4,0,8,0,0,0,0,1,1,2,1,-1,-1,-1,-1,-1,-1,-1,-1
201501TX20718,1,3,0,18,0,8,0,0,0,0,1,1,2,1,36,7,125,1,-1,-1,1,-1
201501TX20718,2,9,0,6,0,8,0,0,0,0,1,1,1,1,38,7,1560,2,4,-1,1,-1
201501TX20719,1,9,0,17,0,0,0,0,0,0,4,1,6,1,27,6,1595,1,10,-1,1,-1
201501TX20719,2,1,0,12,0,0,0,0,0,0,1,1,6,2,31,6,-1,-1,-1,-1,1,-1
201501TX20720,1,9,0,12,0,8,0,0,0,0,3,1,2,1,36,7,-1,-1,-1,-1,1,-1
201501TX20720,2,5,0,18,0,8,0,0,0,0,1,1,2,1,57,9,1298,1,5,-1,1,-1
201501TX20721,1,9,0,5,0,8,0,0,0,0,3,1,1,1,24,5,1229,1,4,-1,1,-1
201501TX20721,2,9,0,9,0,8,0,0,0,0,1,1,6,1,20,4,-1,-1,-1,-1,-1,-1
201501TX20722,1,9,0,18,0,8,0,0,0,0,3,1,6,1,37,7,-1,-1,-1,-1,1,-1
201501TX20722,2,9,0,18,0,8,0,0,0,0,1,1,6,2,46,8,2179,2,5,-1,1,-1
201501TX20724,1,9,0,9,0,8,0,0,0,0,3,1,6,1,32,6,1598,1,11,-1,1,-1
201501TX20724,2,1,0,18,0,8,0,0,0,0,1,1,6,1,31,6,-1,-1,-1,-1,1,-1
201501TX20725,1,8,0,4,0,8,0,10,1,10,4,1,1,1,-1,-1,-1,-1,-1,-1,-1,-1
201501TX20726,1,9,0,9,0,8,0,0,0,0,2,1,6,1,45,7,1896,2,12,-1,1,-1
201501TX20726,2,2,0,18,0,8,0,0,0,0,1,1,2,1,22,5,49,1,2,-1,-1,-1
201501TX20727,1,8,0,9,0,8,0,0,0,0,3,1,6,1,60,9,1364,2,8,-1,1,-1
201501TX20727,2,3,0,13,0,8,0,0,0,0,1,1,6,1,32,6,124,1,3,-1,-1,-1
201501TX20728,1,11,0,18,0,1,0,0,0,0,0,1,1,3,-1,-1,-1,-1,-1,-1,-1,-1
201501TX20729,1,4,0,2,0,8,0,0,0,0,1,1,1,1,21,5,278,1,1,-1,-1,-1
201501TX20729,2,4,0,18,0,8,0,0,0,0,3,1,6,1,52,8,-1,-1,-1,-1,-1,-1
201501TX20731,1,11,0,18,0,8,0,0,0,0,3,1,1,1,57,9,-1,-1,-1,-1,1,-1
201501TX20731,2,1,0,5,0,8,0,0,0,0,1,1,6,2,10,2,-1,-1,-1,-1,1,-1
201501TX20733,1,9,0,18,0,0,0,0,1,0,4,1,6,2,24,5,-1,-1,-1,-1,1,-1
201501TX20734,1,5,0,18,0,8,1,0,0,0,3,1,6,1,33,6,-1,-1,-1,-1,1,-1
201501TX20735,1,21,0,17,0,8,0,0,0,0,4,1,1,1,26,6,-1,-1,-1,-1,1,-1
201501TX20735,2,9,0,9,0,8,0,0,0,0,1,1,2,1,40,7,1968,2,9,-1,1,-1
201501TX20736,1,9,0,2,0,0,0,0,1,0,3,1,4,2,-1,-1,999,1,2,-1,1,-1
201501TX20736,2,1,0,14,0,0,0,4,0,0,1,1,6,1,30,6,-1,-1,-1,-1,1,-1
201501TX20737,1,19,0,4,0,0,0,0,0,0,1,1,2,1,43,7,1995,2,8,-1,1,-1
201501TX20737,2,9,0,18,0,0,0,0,0,0,2,1,6,1,23,5,1229,1,9,-1,1,-1
201501TX20738,1,9,0,9,0,8,0,0,0,0,4,1,4,1,18,4,1995,2,1,-1,1,-1
201501TX20738,2,4,0,18,0,8,0,0,0,0,1,1,2,1,23,5,124,1,-1,-1,1,-1
201501TX20739,1,4,0,5,0,8,0,0,0,0,1,1,1,1,-1,-1,-1,-1,-1,-1,-1,-1
201501TX20739,2,9,0,7,0,8,0,0,0,0,4,1,2,2,47,8,1396,1,13,-1,1,-1
201501TX20740,1,9,0,7,0,8,0,0,1,0,4,1,6,1,-1,-1,1329,1,3,-1,-1,-1
201501TX20741,1,8,0,18,0,8,0,0,0,0,4,1,1,1,40,7,1797,8,4,-1,-1,-1
201501TX20741,2,8,0,7,0,8,0,0,0,0,1,1,1,1,40,7,1997,2,2,-1,1,-1
201501TX20742,1,19,0,13,0,0,0,0,0,0,4,1,2,1,47,8,-1,-1,-1,-1,1,-1
201501TX20742,2,3,0,18,0,0,0,0,0,0,1,1,1,1,20,4,125,1,4,-1,1,-1
201501TX20743,1,9,0,4,0,0,0,0,0,0,2,1,4,1,52,8,3311,8,9,-1,1,-1
201501TX20743,2,9,0,4,0,0,0,0,0,0,1,1,6,2,42,7,1329,1,2,-1,1,-1
201501TX20744,1,19,0,9,0,0,0,0,0,0,2,1,1,1,39,7,1248,2,8,-1,1,-1
201501TX20744,2,9,0,5,0,0,0,0,0,0,1,1,1,1,41,7,-1,-1,-1,-1,1,-1
201501TX20745,1,9,0,18,0,8,0,0,0,0,3,1,2,1,27,6,2198,2,7,-1,1,-1
201501TX20745,2,9,0,5,0,8,0,0,1,0,1,1,6,1,-1,-1,1389,1,11,-1,1,-1
201501TX20746,1,9,0,18,0,0,0,0,1,0,1,1,6,1,29,6,1595,1,2,-1,1,-1
201501TX20746,2,9,0,9,0,0,0,0,0,0,4,1,6,2,20,4,1360,1,11,-1,1,-1
201501TX20747,1,11,0,18,0,0,0,0,0,0,1,1,1,1,47,8,9000,2,5,-1,-1,-1
201501TX20748,1,9,0,14,0,8,0,0,0,0,1,1,2,2,31,6,1364,1,8,-1,1,-1
201501TX20749,1,9,0,11,0,8,0,0,0,0,2,1,2,2,39,7,1299,1,11,-1,1,-1
201501TX20749,2,9,0,11,0,8,0,4,0,0,1,1,2,1,-1,-1,2792,1,12,-1,3,-1