Accident_Index,Vehicle_Reference,Vehicle_Type,Towing_and_Articulation,Vehicle_Manoeuvre,Vehicle_Location-Restricted_Lane,Junction_Location,Skidding_and_Overturning,Hit_Object_in_Carriageway,Vehicle_Leaving_Carriageway,Hit_Object_off_Carriageway,1st_Point_of_Impact,Was_Vehicle_Left_Hand_Drive?,Journey_Purpose_of_Driver,Sex_of_Driver,Age_of_Driver,Age_Band_of_Driver,Engine_Capacity_(CC),Propulsion_Code,Age_of_Vehicle,Driver_IMD_Decile,Driver_Home_Area_Type,Vehicle_IMD_Decile
201501TX20750,1,19,0,17,0,8,0,0,0,0,3,1,6,1,32,6,-1,-1,-1,-1,1,-1
201501TX20750,2,9,0,1,0,8,0,0,0,0,1,1,1,1,-1,-1,-1,-1,-1,-1,1,-1
201501TX20751,1,9,0,9,0,8,0,0,0,0,3,1,6,1,34,6,1799,1,8,-1,1,-1
201501TX20751,2,20,0,9,0,8,0,0,0,0,1,1,1,1,-1,-1,-1,-1,-1,-1,-1,-1
201501TX20752,1,9,0,3,0,8,0,0,0,0,2,1,6,1,46,8,2967,2,6,-1,1,-1
201501TX20752,2,9,0,18,0,8,0,0,0,0,1,1,6,1,-1,-1,1229,1,4,-1,-1,-1
201501TX20755,1,9,0,18,0,8,0,0,0,0,1,1,2,2,58,9,1597,1,6,-1,1,-1
201501TX20755,2,5,0,18,0,8,0,0,0,0,3,1,6,1,41,7,1170,1,1,-1,1,-1
201501TX20756,1,9,0,9,0,0,0,0,0,0,3,1,6,1,22,5,1968,2,8,-1,1,-1
201501TX20756,2,5,0,14,0,0,0,0,0,0,1,1,6,1,-1,-1,599,1,3,-1,-1,-1
201501TX20757,1,9,0,4,0,0,0,0,0,0,2,1,6,1,24,5,1995,1,8,-1,1,-1
201501TX20757,2,9,0,18,0,0,0,0,0,0,1,1,6,2,61,9,2967,2,6,-1,3,-1
201501TX20757,3,8,0,18,0,0,0,0,0,0,1,1,6,1,60,9,3498,8,1,-1,1,-1
201501TX20758,1,3,0,18,0,8,0,0,0,0,3,1,6,1,21,5,124,1,8,-1,1,-1
201501TX20758,2,9,0,9,0,8,0,0,0,0,1,1,6,2,47,8,998,1,13,-1,1,-1
201501TX20759,1,9,0,9,0,8,0,0,0,0,3,1,6,1,85,11,-1,-1,-1,-1,1,-1
201501TX20759,2,1,0,18,9,8,0,0,0,0,1,1,2,2,37,7,-1,-1,-1,-1,1,-1
201501TX20760,1,9,0,9,0,8,0,0,0,0,1,1,2,1,39,7,-1,-1,-1,-1,1,-1
201501TX20760,2,9,0,18,0,8,0,0,0,0,3,1,6,2,48,8,1242,1,6,-1,1,-1
201501TX20761,1,9,0,4,0,0,0,0,0,0,1,1,2,2,60,9,1598,1,1,-1,1,-1
201501TX20762,1,11,0,5,0,8,0,0,0,0,0,1,1,1,29,6,9000,2,9,-1,1,-1
201501TX20763,1,9,0,18,0,0,0,0,0,0,1,1,6,1,42,7,2996,1,7,-1,1,-1
201501TX20763,2,9,0,4,0,0,0,0,0,0,2,1,6,1,42,7,1560,2,3,-1,1,-1
201501TX20765,1,11,0,5,0,0,0,0,0,0,0,1,1,1,54,8,5132,2,-1,-1,1,-1
201501TX20767,1,9,0,3,0,0,0,0,0,0,2,1,4,1,75,10,1598,2,2,-1,3,-1
201501TX20767,2,9,0,4,0,0,0,0,0,0,2,1,6,1,46,8,1560,2,7,-1,1,-1
201501TX20767,3,9,0,4,0,0,0,0,0,0,2,1,6,1,43,7,1968,2,3,-1,1,-1
201501TX20768,1,9,0,18,0,8,0,0,0,0,1,1,2,1,62,9,-1,-1,-1,-1,1,-1
201501TX20768,2,9,0,6,0,8,0,0,0,0,3,1,1,1,62,9,1390,1,11,-1,1,-1
201501TX20769,1,9,0,9,0,8,0,0,0,0,1,1,2,2,26,6,-1,-1,-1,-1,1,-1
201501TX20769,2,9,0,18,0,8,0,0,0,0,3,1,2,2,25,5,2000,2,4,-1,1,-1
201501TX20770,1,9,0,1,0,8,0,0,0,0,2,1,2,1,47,8,1390,1,2,-1,1,-1
201501TX20771,1,9,0,4,0,0,1,0,0,0,1,1,6,1,29,6,1360,1,9,-1,1,-1
201501TX20771,2,8,0,4,0,0,0,0,0,0,2,1,6,1,33,6,1339,8,6,-1,-1,-1
201501TX20772,1,3,0,4,0,8,0,0,0,0,1,1,2,1,19,4,124,1,1,-1,1,-1
201501TX20773,1,19,0,9,0,0,0,0,0,0,2,1,1,1,25,5,-1,-1,-1,-1,1,-1
201501TX20773,2,8,0,4,0,0,0,0,0,0,1,1,1,1,42,7,1390,1,7,-1,1,-1
201501TX20774,1,9,0,9,0,8,0,0,0,0,2,1,6,2,35,6,1299,1,15,-1,1,-1
201501TX20774,2,9,0,18,0,8,0,0,0,0,1,1,6,1,23,5,1995,2,10,-1,1,-1
201501TX20776,1,20,0,16,0,8,0,0,0,0,1,1,1,1,29,6,5880,2,9,-1,1,-1
201501TX20776,2,3,0,16,0,8,0,0,0,0,3,1,2,1,27,6,124,1,3,-1,1,-1
201501TX20777,1,9,0,9,0,8,0,0,0,0,1,1,2,1,20,4,1199,1,12,-1,1,-1
201501TX20777,2,9,0,7,0,8,0,0,0,0,1,1,2,1,59,9,998,1,-1,-1,2,-1
201501TX20779,1,1,0,18,4,8,0,0,1,0,1,1,2,1,18,4,-1,-1,-1,-1,1,-1
201501TX20779,2,9,0,9,0,8,1,0,0,0,3,1,2,2,32,6,1149,1,10,-1,1,-1
201501TX20780,1,11,1,4,0,8,0,0,1,0,0,1,1,1,33,6,9360,2,4,-1,1,-1
201501TX20781,1,4,0,4,0,8,0,0,0,0,1,1,1,1,24,5,125,1,3,-1,1,-1
201501TX20781,2,9,0,3,0,8,0,0,0,0,2,1,2,1,31,6,1598,1,10,-1,1,-1
201501TX20783,1,9,0,18,0,8,0,0,0,0,1,1,6,1,32,6,1998,1,13,-1,3,-1
201501TX20783,2,9,0,9,0,8,0,0,0,0,1,1,6,1,21,5,1396,1,5,-1,1,-1
201501TX20784,1,19,0,4,0,0,0,0,0,0,1,1,1,1,26,6,2299,2,5,-1,1,-1
201501TX20785,1,3,0,18,0,8,0,0,0,0,4,1,1,1,26,6,125,1,-1,-1,1,-1
201501TX20785,2,9,0,9,0,8,0,0,0,0,1,1,6,1,-1,-1,1339,1,11,-1,-1,-1
201501TX20786,1,3,0,18,0,8,0,0,0,0,1,1,2,2,35,6,-1,-1,-1,-1,1,-1
201501TX20786,2,9,0,9,0,8,0,0,0,0,3,1,6,1,30,6,-1,-1,-1,-1,-1,-1
201501TX20787,1,9,0,18,0,1,1,10,1,2,1,1,6,1,39,7,1995,2,8,-1,1,-1
201501TX20788,1,19,0,1,0,0,0,0,0,0,2,1,1,1,37,7,1598,2,2,-1,1,-1
201501TX20789,1,9,0,7,0,8,0,0,0,0,4,1,3,2,47,8,1896,2,11,-1,1,-1
201501TX20790,1,9,0,5,0,8,0,0,0,0,1,1,2,1,34,6,1988,1,12,-1,1,-1
201501TX20790,2,1,0,18,0,8,0,0,0,0,3,1,2,1,53,8,-1,-1,-1,-1,-1,-1
201501TX20791,1,9,0,18,0,8,0,0,0,0,4,1,2,2,27,6,1598,1,11,-1,1,-1
201501TX20792,1,9,0,4,0,0,0,0,0,0,2,1,6,1,-1,-1,2143,2,2,-1,-1,-1
201501TX20792,2,8,0,18,0,0,0,0,0,0,1,1,1,1,42,7,2149,2,8,-1,1,-1
201501TX20792,3,8,0,18,0,0,0,0,0,0,1,1,1,1,40,7,1997,2,-1,-1,1,-1
201501TX20792,4,19,0,18,0,0,0,0,0,0,1,1,1,1,39,7,2198,2,4,-1,-1,-1
201501TX20793,1,9,0,18,0,8,0,0,0,0,1,1,6,2,36,7,1596,1,10,-1,1,-1
201501TX20795,1,9,0,18,0,8,0,0,0,0,1,2,2,1,37,7,3248,1,13,-1,1,-1
201501TX20795,2,9,0,18,0,8,0,0,0,0,1,1,6,1,59,9,998,1,-1,-1,1,-1
201501TX20796,1,9,0,2,0,8,0,0,0,0,1,1,6,1,-1,-1,1343,1,20,-1,1,-1
201501TX20796,2,1,0,18,0,8,0,8,0,0,1,1,6,1,42,7,-1,-1,-1,-1,1,-1
201501TX20797,1,9,0,18,0,8,0,0,0,0,3,1,2,1,39,7,1590,1,15,-1,1,-1
201501TX20797,2,4,0,9,0,8,0,0,0,0,1,1,2,1,39,7,125,1,8,-1,1,-1
201501TX20798,1,8,0,3,0,8,0,0,0,0,2,1,1,1,38,7,1560,2,5,-1,1,-1
201501TX20798,2,1,0,18,0,8,0,4,0,0,1,1,2,1,34,6,-1,-1,-1,-1,1,-1
201501TX20799,1,11,0,5,0,8,0,0,0,0,2,1,1,2,38,7,4500,2,5,-1,1,-1
201501TX20799,2,10,0,5,0,8,0,0,0,0,1,1,1,1,-1,-1,-1,-1,-1,-1,1,-1
201501TX20800,1,11,0,4,0,0,0,0,0,0,0,1,1,3,-1,-1,9000,2,5,-1,-1,-1
201501TX20801,1,4,0,18,0,8,0,0,0,0,1,1,2,2,25,5,125,1,-1,-1,1,-1
201501TX20801,2,9,0,9,0,8,0,0,0,0,4,1,3,2,35,6,1299,1,13,-1,1,-1
201501TX20802,1,9,0,9,0,8,0,0,0,0,1,1,2,1,25,5,2979,1,1,-1,1,-1
201501TX20802,2,1,0,5,0,8,0,0,1,0,1,1,2,1,32,6,-1,-1,-1,-1,1,-1
201501TX20803,1,4,0,18,0,8,0,0,0,0,2,1,2,1,34,6,-1,-1,-1,-1,-1,-1
201501TX20803,2,9,0,12,0,8,0,0,0,0,1,1,2,1,68,10,1248,2,7,-1,2,-1
201501TX20805,1,9,0,4,0,0,0,0,0,0,2,1,2,1,45,7,1956,2,1,-1,1,-1
201501TX20805,2,9,0,4,0,0,0,0,0,0,1,1,6,1,-1,-1,1497,8,7,-1,1,-1
201501TX20806,1,11,0,4,0,8,0,0,0,0,0,1,1,1,42,7,6700,2,6,-1,1,-1
201501TX20807,1,19,0,18,0,8,0,10,6,2,1,1,1,1,38,7,2295,7,11,-1,1,-1
201501TX20808,1,3,0,7,5,0,0,0,0,0,1,1,6,1,-1,-1,652,1,9,-1,-1,-1
201501TX20808,2,1,0,18,0,0,0,0,0,0,4,1,6,2,49,8,-1,-1,-1,-1,1,-1
201501TX20809,1,9,0,9,0,8,0,0,0,0,1,1,1,2,31,6,1997,1,14,-1,1,-1
201501TX20809,2,9,0,4,0,8,0,0,0,0,2,1,2,1,57,9,2993,2,5,-1,1,-1
201501TX20809,3,9,0,4,0,8,0,0,0,0,1,1,6,1,47,8,1800,2,15,-1,1,-1
201501TX20811,1,3,0,18,0,0,0,0,0,0,1,1,1,1,33,6,125,1,5,-1,1,-1
201501TX20811,2,8,0,6,0,0,0,0,0,0,3,1,1,1,43,7,-1,-1,-1,-1,1,-1
201501TX20813,1,3,0,18,0,8,0,0,1,0,1,1,6,1,-1,-1,-1,-1,-1,-1,-1,-1
201501TX20814,1,3,0,13,0,8,0,0,0,0,1,1,2,1,45,7,-1,-1,-1,-1,1,-1
201501TX20814,2,8,0,9,0,8,0,0,0,0,3,1,1,1,46,8,2987,2,3,-1,1,-1
201501TX20815,1,8,0,5,0,8,0,0,0,0,4,1,1,1,60,9,1798,8,2,-1,-1,-1
201501TX20816,1,8,0,13,0,8,0,0,0,0,3,1,1,1,36,7,1997,2,1,-1,1,-1
201501TX20816,2,3,0,18,0,8,0,0,0,0,1,1,2,1,42,7,689,1,1,-1,1,-1
201501TX20817,1,9,0,18,0,0,0,0,0,0,1,1,2,1,55,8,599,1,13,-1,1,-1
201501TX20817,2,9,0,6,0,0,0,0,0,0,3,1,2,1,34,6,1598,2,5,-1,-1,-1
201501TX20818,1,9,0,16,0,8,0,0,0,0,1,1,2,2,33,6,1896,2,12,-1,1,-1
201501TX20818,2,20,0,16,0,8,0,0,0,0,4,1,1,1,-1,-1,-1,-1,-1,-1,-1,-1
201501TX20819,1,9,0,9,0,8,0,0,0,0,3,1,2,2,32,6,1242,1,9,-1,1,-1
201501TX20819,2,9,0,9,0,8,0,0,1,0,1,1,6,1,-1,-1,-1,-1,-1,-1,-1,-1
201501TX20820,1,8,0,9,0,8,0,0,0,0,4,1,1,1,-1,-1,1995,2,7,-1,1,-1
201501TX20820,2,8,0,18,0,8,0,0,0,0,1,1,1,1,44,7,-1,-1,-1,-1,1,-1
201501TX20822,1,9,0,4,0,8,0,0,0,0,1,1,2,1,21,5,1198,1,2,-1,1,-1
201501TX20822,2,9,0,9,0,8,0,0,0,0,2,1,2,1,21,5,2400,2,5,-1,1,-1
201501TX20823,1,9,0,4,0,8,0,0,0,0,1,1,6,2,37,7,2198,1,10,-1,1,-1
201501TX20824,1,8,0,16,0,8,0,0,0,0,1,1,1,1,50,8,1997,2,4,-1,1,-1
201501TX20824,2,20,0,16,0,8,0,0,0,0,4,1,1,1,-1,-1,10800,2,1,-1,-1,-1
201501TX20825,1,8,0,9,0,0,0,0,1,0,4,1,6,1,54,8,2143,2,3,-1,1,-1
201501TX20825,2,1,0,18,0,0,0,0,0,0,1,1,2,1,35,6,-1,-1,-1,-1,1,-1
201501TX20826,1,9,0,18,0,0,0,0,1,10,1,1,6,1,23,5,1598,1,9,-1,1,-1
201501TX20827,1,9,0,18,0,0,0,0,0,0,3,1,2,2,46,8,1995,2,1,-1,1,-1
201501TX20827,2,5,0,13,0,0,0,0,0,0,1,1,6,1,-1,-1,-1,-1,-1,-1,-1,-1
201501TX20828,1,9,0,18,0,0,0,0,2,10,1,1,6,1,81,11,-1,-1,-1,-1,-1,-1
201501TX20829,1,9,0,4,0,0,0,0,0,0,2,1,1,1,34,6,1997,2,5,-1,1,-1
201501TX20829,2,19,0,4,0,0,0,0,0,0,1,1,1,1,68,10,1995,2,4,-1,1,-1
201501TX20829,3,9,0,4,0,0,0,0,0,0,1,1,1,2,30,6,998,1,-1,-1,1,-1
201501TX20830,1,9,0,9,0,8,0,0,0,0,1,1,2,2,58,9,-1,-1,-1,-1,1,-1
201501TX20830,2,4,0,18,0,8,0,0,0,0,1,1,2,1,25,5,599,1,7,-1,1,-1
201501TX20832,1,9,0,9,0,8,0,0,1,0,4,1,2,2,48,8,1390,1,9,-1,1,-1
201501TX20832,2,8,0,18,0,8,0,0,0,0,1,1,1,1,45,7,1910,2,7,-1,-1,-1
201501TX20833,1,4,0,13,0,0,0,0,0,0,3,1,2,1,50,8,670,1,2,-1,-1,-1
201501TX20833,2,9,0,6,0,0,0,0,0,0,1,1,2,1,34,6,1461,2,1,-1,1,-1
201501TX20834,1,9,0,9,0,8,0,0,0,0,3,1,2,2,36,7,1560,2,8,-1,1,-1
201501TX20834,2,1,0,18,0,8,0,0,0,0,1,1,6,1,71,10,-1,-1,-1,-1,1,-1
201501TX20835,1,5,0,13,0,0,0,0,0,0,0,1,2,1,45,7,1050,1,10,-1,-1,-1
201501TX20836,1,9,0,18,0,0,0,0,0,0,3,1,2,1,45,7,1590,1,10,-1,1,-1
201501TX20837,1,8,0,18,0,8,0,0,0,0,4,1,1,1,50,8,1753,2,7,-1,1,-1
201501TX20837,2,8,0,9,0,8,0,0,0,0,1,1,6,1,26,6,-1,-1,-1,-1,1,-1
201501TX20838,1,9,0,18,0,8,0,7,3,1,1,1,6,2,22,5,-1,-1,-1,-1,1,-1
201501TX20839,1,9,0,9,0,8,0,0,0,0,3,1,6,1,77,11,-1,-1,-1,-1,1,-1
201501TX20839,2,2,0,13,0,8,0,0,0,0,1,1,2,1,16,4,49,1,-1,-1,1,-1
201501TX20840,1,9,0,11,0,0,0,0,0,0,4,1,6,2,47,8,1984,1,14,-1,3,-1
201501TX20840,2,9,0,18,0,0,0,0,0,0,1,1,6,1,42,7,2000,2,4,-1,1,-1
201501TX20841,1,9,0,3,0,8,0,0,0,0,4,1,6,2,27,6,1598,2,-1,-1,1,-1
201501TX20841,2,1,0,15,0,8,0,0,0,0,1,1,6,2,10,2,-1,-1,-1,-1,1,-1
201501TX20843,1,9,0,9,0,8,0,0,0,0,1,1,6,1,39,7,1686,2,2,-1,1,-1
201501TX20843,2,3,0,17,0,8,0,0,0,0,1,1,6,1,20,4,125,1,5,-1,1,-1
201501TX20844,1,8,0,7,0,8,0,0,0,0,3,1,1,1,31,6,-1,-1,-1,-1,1,-1
201501TX20844,2,1,0,7,0,8,0,0,0,0,1,1,2,1,50,8,-1,-1,-1,-1,1,-1
201501TX20845,1,19,0,2,0,8,0,0,0,0,3,1,1,1,-1,-1,1870,2,12,-1,-1,-1
201501TX20845,2,1,0,14,0,8,0,0,0,0,1,1,2,2,40,7,-1,-1,-1,-1,1,-1
201501TX20846,1,9,0,17,0,8,0,0,0,0,3,1,2,1,38,7,1242,1,-1,-1,1,-1
201501TX20846,2,9,0,17,0,8,0,0,0,0,1,1,1,1,29,6,1200,1,-1,-1,-1,-1
201501TX20846,3,9,0,17,0,8,0,0,0,0,2,1,2,1,52,8,1560,2,-1,-1,1,-1
201501TX20847,1,9,0,3,0,8,0,0,0,0,2,1,2,1,27,6,2993,2,5,-1,1,-1
201501TX20847,2,9,0,18,0,8,0,0,0,0,1,1,2,1,-1,-1,999,1,1,-1,-1,-1
201501TX20849,1,9,0,4,0,0,0,0,0,0,2,1,2,1,35,6,1796,1,10,-1,1,-1
201501TX20849,2,9,0,18,0,0,0,0,1,0,1,1,6,1,-1,-1,-1,-1,-1,-1,-1,-1
201501TX20850,1,9,0,2,0,0,0,0,0,0,2,1,6,2,42,7,2995,1,10,-1,1,-1
201501TX20850,2,19,0,1,0,0,0,0,0,0,0,1,6,1,-1,-1,-1,-1,-1,-1,-1,-1
201501TX20851,1,9,0,3,0,8,0,0,1,0,2,1,6,1,25,5,-1,-1,-1,-1,1,-1
201501TX20851,2,9,0,3,0,8,0,0,0,0,2,1,6,1,52,8,1796,1,12,-1,1,-1
201501TX20851,3,9,0,3,0,8,0,0,0,0,2,1,6,1,49,8,1360,1,15,-1,-1,-1
201501TX20851,4,9,0,18,0,8,0,0,0,0,1,1,6,1,44,7,2995,1,12,-1,1,-1
201501TX20852,1,9,0,9,0,8,0,0,0,0,4,1,6,1,41,7,1997,2,3,-1,1,-1
201501TX20852,2,9,0,18,0,8,0,0,0,0,1,1,6,1,61,9,3700,1,10,-1,1,-1
201501TX20853,1,9,0,4,0,0,0,0,0,0,2,1,2,1,62,9,1896,2,10,-1,1,-1
201501TX20853,2,9,0,4,0,0,0,0,0,0,1,1,6,1,59,9,1299,1,11,-1,1,-1
201501TX20853,3,9,0,4,0,0,0,0,0,0,1,1,2,1,34,6,1497,8,10,-1,1,-1
201501TX20854,1,9,0,7,0,8,0,0,0,0,1,1,2,2,23,5,1149,1,11,-1,1,-1
201501TX20854,2,19,0,9,0,8,0,0,0,0,2,1,1,1,56,9,1753,2,6,-1,1,-1
201501TX20855,1,9,0,4,0,0,0,0,0,0,2,1,6,1,26,6,1560,2,3,-1,1,-1
201501TX20855,2,9,0,18,0,0,0,0,0,0,1,1,6,1,37,7,1995,2,10,-1,1,-1
201501TX20856,1,8,0,5,0,8,0,0,0,0,3,1,1,1,48,8,1598,2,4,-1,1,-1
201501TX20856,2,5,0,14,0,8,0,0,0,0,1,1,2,2,70,10,124,1,8,-1,1,-1
201501TX20857,1,2,0,7,0,8,0,10,0,0,1,1,6,1,14,3,49,1,3,-1,1,-1
201501TX20857,2,9,0,7,0,8,0,0,0,0,0,1,1,1,40,7,1984,2,1,-1,-1,-1
201501TX20858,1,9,0,18,0,8,0,0,0,0,1,1,2,1,29,6,1968,2,5,-1,-1,-1
201501TX20858,2,9,0,9,0,8,0,0,0,0,1,1,6,2,50,8,1799,1,5,-1,1,-1
201501TX20859,1,9,0,9,0,8,0,0,0,0,0,1,6,2,49,8,999,1,16,-1,1,-1
201501TX20859,2,1,0,4,0,8,0,0,0,0,0,1,6,1,49,8,-1,-1,-1,-1,1,-1
201501TX20860,1,1,0,18,0,8,0,0,0,0,3,1,2,1,28,6,-1,-1,-1,-1,1,-1
201501TX20860,2,9,0,1,0,8,0,0,0,0,2,1,6,1,-1,-1,2987,2,2,-1,-1,-1
201501TX20862,1,9,0,4,0,8,0,0,0,0,0,1,6,2,-1,-1,1560,2,10,-1,1,-1
201501TX20862,2,9,0,4,0,8,0,0,0,0,2,1,6,1,40,7,2495,2,11,-1,2,-1
201501TX20862,3,19,0,18,0,2,0,0,0,0,1,1,1,2,27,6,2143,2,-1,-1,1,-1
201501TX20863,1,9,0,1,0,8,0,4,0,0,2,1,6,1,91,11,-1,-1,-1,-1,1,-1
201501TX20863,2,9,0,2,0,8,0,0,0,0,1,1,6,1,-1,-1,2499,2,13,-1,1,-1
201501TX20863,3,9,0,2,0,8,0,0,0,0,1,1,6,3,-1,-1,-1,-1,-1,-1,-1,-1
201501TX20864,1,3,0,11,0,8,0,0,0,0,1,1,2,1,44,7,125,1,-1,-1,1,-1
201501TX20864,2,9,0,12,0,8,0,0,0,0,3,1,2,1,50,8,-1,-1,-1,-1,1,-1
201501TX20865,1,8,0,12,0,8,0,0,0,0,3,1,1,1,41,7,1796,1,5,-1,1,-1
201501TX20865,2,3,0,14,0,8,0,0,0,0,1,1,1,1,25,5,125,1,-1,-1,1,-1
201501TX20866,1,11,0,18,0,8,0,0,0,0,4,1,1,1,28,6,4500,2,6,-1,1,-1
201501TX20867,1,9,0,7,0,8,0,0,0,0,2,1,2,2,27,6,1781,1,13,-1,1,-1
201501TX20867,2,9,0,7,0,8,0,0,0,0,1,1,2,2,31,6,2143,2,-1,-1,1,-1
201501TX20868,1,9,0,4,0,8,0,0,0,0,4,1,6,1,47,8,1995,2,7,-1,1,-1
201501TX20869,1,2,0,18,0,0,0,0,0,0,1,1,6,2,44,7,49,1,3,-1,1,-1
201501TX20869,2,9,0,3,0,0,0,0,0,0,2,1,6,1,16,4,1998,2,9,-1,-1,-1
201501TX20870,1,9,0,18,0,0,5,4,0,0,1,1,6,2,86,11,1339,1,8,-1,1,-1
201501TX20870,2,9,0,2,0,0,0,0,0,0,3,1,6,1,48,8,1242,1,1,-1,1,-1
201501TX20871,1,9,0,9,0,8,0,0,0,0,3,1,2,1,-1,-1,1984,1,8,-1,3,-1
201501TX20871,2,11,0,18,0,8,0,0,0,0,1,1,1,1,-1,-1,9000,2,6,-1,-1,-1
201501TX20872,1,9,0,18,0,8,0,0,0,0,4,1,2,2,29,6,1968,2,-1,-1,-1,-1
201501TX20872,2,9,0,7,0,8,0,0,0,0,1,1,6,1,-1,-1,-1,-1,-1,-1,-1,-1
201501TX20874,1,9,0,9,0,8,0,0,0,0,4,1,2,1,19,4,1199,1,13,-1,1,-1
201501TX20874,2,8,0,18,0,8,0,0,0,0,3,1,1,1,41,7,-1,-1,-1,-1,1,-1
201501TX20875,1,8,0,9,0,8,0,0,1,0,1,1,1,1,-1,-1,-1,-1,-1,-1,-1,-1
201501TX20876,1,9,0,18,0,8,0,0,0,0,1,1,2,1,43,7,1984,1,13,-1,1,-1
201501TX20877,1,9,0,4,0,8,0,0,0,0,2,1,6,2,49,8,1984,1,4,-1,-1,-1
201501TX20877,2,9,0,18,0,8,0,0,0,0,1,1,6,1,47,8,-1,-1,-1,-1,1,-1
201501TX20879,1,9,0,9,0,8,0,0,0,0,4,1,6,2,53,8,1598,1,8,-1,-1,-1
201501TX20879,2,9,0,15,0,8,0,0,0,0,3,1,6,2,61,9,-1,-1,-1,-1,1,-1
201501TX20880,1,9,0,16,0,0,0,0,0,0,1,1,6,1,19,4,1390,1,13,-1,1,-1
201501TX20881,1,9,0,9,0,8,0,0,0,0,4,1,2,1,29,6,1339,1,9,-1,1,-1
201501TX20882,1,9,0,18,0,8,0,0,0,0,4,1,2,2,43,7,1791,8,4,-1,1,-1
201501TX20882,2,1,0,12,0,8,0,0,0,0,1,1,4,1,11,3,-1,-1,-1,-1,1,-1
201501TX20883,1,9,0,5,0,0,0,0,0,0,3,1,2,2,46,8,-1,-1,-1,-1,1,-1
201501TX20883,2,3,0,14,0,0,0,0,0,0,1,1,6,2,40,7,-1,-1,-1,-1,1,-1
201501TX20884,1,9,0,18,0,0,0,0,0,0,1,1,2,1,30,6,1598,1,9,-1,1,-1
201501TX20885,1,9,0,18,0,0,0,0,1,0,1,1,6,3,-1,-1,1995,2,7,-1,-1,-1
201501TX20887,1,9,0,6,0,0,0,0,0,0,4,1,2,1,41,7,1461,2,9,-1,1,-1
201501TX20887,2,3,0,15,0,0,0,0,0,0,1,1,2,1,42,7,124,1,-1,-1,1,-1
201501TX20888,1,9,0,18,0,0,0,0,0,0,3,1,1,1,33,6,1896,2,11,-1,3,-1
201501TX20890,1,9,0,5,0,8,0,0,0,0,3,1,2,2,81,11,1240,1,9,-1,1,-1
201501TX20890,2,1,0,16,0,8,0,0,0,0,4,1,2,2,57,9,-1,-1,-1,-1,1,-1
201501TX20891,1,9,0,18,0,8,0,0,0,0,1,1,6,2,81,11,1296,1,7,-1,1,-1
201501TX20891,2,1,0,9,0,8,0,0,0,0,1,1,6,1,68,10,-1,-1,-1,-1,1,-1
201501TX20892,1,9,0,16,0,0,0,0,0,0,1,1,6,2,23,5,1242,1,4,-1,1,-1
201501TX20892,2,8,0,16,0,0,0,0,0,0,2,1,1,1,50,8,2148,2,7,-1,1,-1
201501TX20892,3,9,0,16,0,0,0,0,0,0,2,1,6,1,-1,-1,1997,2,4,-1,-1,-1
201501TX20894,1,9,0,6,0,8,0,0,0,0,1,1,6,1,31,6,1998,2,11,-1,1,-1
201501TX20894,2,9,0,18,0,8,2,0,0,0,1,1,6,1,84,11,1400,1,5,-1,1,-1
201501TX20895,1,9,0,9,0,8,0,0,0,0,1,1,6,1,25,5,1995,1,9,-1,1,-1
201501TX20896,1,9,0,18,0,0,0,0,0,0,1,1,6,1,63,9,3199,1,11,-1,1,-1
201501TX20897,1,9,0,18,0,8,0,0,0,0,3,1,6,1,36,7,1390,1,12,-1,1,-1
201501TX20897,2,9,0,9,0,8,0,0,0,0,1,1,6,1,52,8,-1,-1,-1,-1,-1,-1
201501TX20898,1,9,0,9,0,8,0,0,0,0,1,1,6,3,-1,-1,-1,-1,-1,-1,-1,-1
201501TX20899,1,9,0,18,0,8,0,0,0,0,4,1,6,1,25,5,998,1,14,-1,1,-1
201501TX20899,2,9,0,18,0,8,0,0,0,0,1,1,6,1,34,6,998,1,12,-1,1,-1
201501TX20900,1,11,0,4,0,8,0,0,0,0,0,1,1,1,57,9,6370,2,4,-1,1,-1
201501TX20901,1,8,0,1,0,8,0,0,0,0,2,1,1,1,-1,-1,1598,1,7,-1,1,-1
201501TX20901,2,1,0,18,0,8,0,0,0,0,1,1,6,1,18,4,-1,-1,-1,-1,-1,-1
201501TX20902,1,9,0,9,0,8,0,0,0,0,1,1,6,1,28,6,1995,2,11,-1,1,-1
201501TX20902,2,9,0,18,0,8,0,0,0,0,1,1,6,1,21,5,1398,1,5,-1,-1,-1
201501TX20903,1,3,0,4,0,8,0,0,0,0,1,1,6,1,24,5,124,1,6,-1,1,-1
201501TX20903,2,90,0,10,0,8,0,0,0,0,3,1,6,2,25,5,2987,2,-1,-1,1,-1
201501TX20904,1,1,0,18,0,8,0,0,0,0,0,1,2,2,34,6,-1,-1,-1,-1,1,-1
201501TX20904,2,19,0,9,0,8,0,0,0,0,0,1,2,1,-1,-1,-1,-1,-1,-1,-1,-1
201501TX20905,1,9,0,18,0,0,0,0,0,0,1,1,6,2,-1,-1,-1,-1,-1,-1,-1,-1
201501TX20906,1,9,0,9,0,8,0,0,0,0,4,1,2,2,28,6,1590,1,13,-1,1,-1
201501TX20906,2,9,0,18,0,8,0,0,0,0,1,1,6,1,-1,-1,1910,2,10,-1,-1,-1
201501TX20907,1,3,0,13,0,8,0,0,0,0,1,1,6,1,31,6,124,1,13,-1,1,-1
201501TX20907,2,9,0,9,0,8,0,0,0,0,3,1,6,2,25,5,1995,2,4,-1,1,-1
201501TX20908,1,9,0,12,0,0,0,0,0,0,3,1,6,1,21,5,1598,1,8,-1,1,-1
201501TX20908,2,3,0,18,0,0,0,0,0,0,4,1,6,1,34,6,125,1,3,-1,1,-1
201501TX20910,1,9,0,18,0,0,0,0,0,0,4,1,1,1,48,8,1598,1,9,-1,1,-1
201501TX20910,2,21,1,12,0,0,0,0,0,0,3,2,1,1,48,8,-1,-1,-1,-1,-1,-1