Accident_Index,Vehicle_Reference,Vehicle_Type,Towing_and_Articulation,Vehicle_Manoeuvre,Vehicle_Location-Restricted_Lane,Junction_Location,Skidding_and_Overturning,Hit_Object_in_Carriageway,Vehicle_Leaving_Carriageway,Hit_Object_off_Carriageway,1st_Point_of_Impact,Was_Vehicle_Left_Hand_Drive?,Journey_Purpose_of_Driver,Sex_of_Driver,Age_of_Driver,Age_Band_of_Driver,Engine_Capacity_(CC),Propulsion_Code,Age_of_Vehicle,Driver_IMD_Decile,Driver_Home_Area_Type,Vehicle_IMD_Decile
201501TX20911,1,19,0,9,0,8,0,0,0,0,4,1,2,1,51,8,2198,2,1,-1,1,-1
201501TX20911,2,1,0,18,0,8,0,0,0,0,1,1,2,1,47,8,-1,-1,-1,-1,1,-1
201501TX20912,1,9,0,18,0,8,0,0,1,0,4,1,1,1,53,8,-1,-1,-1,-1,-1,-1
201501TX20912,2,9,0,9,0,8,0,0,0,0,1,1,2,1,22,5,-1,-1,-1,-1,1,-1
201501TX20913,1,9,0,9,0,8,0,0,0,0,1,1,2,2,62,9,1796,2,3,-1,1,-1
201501TX20913,2,1,0,18,0,8,0,0,0,0,3,1,2,1,44,7,-1,-1,-1,-1,1,-1
201501TX20914,1,9,0,18,0,1,0,0,0,0,4,1,2,1,21,5,1995,2,4,-1,1,-1
201501TX20914,2,9,0,9,0,1,0,0,0,0,1,1,6,1,67,10,1995,2,5,-1,1,-1
201501TX20917,1,9,0,4,0,8,0,0,0,0,1,1,2,2,45,7,1975,1,9,-1,1,-1
201501TX20917,2,8,0,4,0,8,0,0,0,0,2,1,1,1,45,7,1797,8,4,-1,-1,-1
201501TX20918,1,8,0,3,0,0,0,0,0,0,2,1,1,1,26,6,1686,2,7,-1,1,-1
201501TX20918,2,9,0,4,0,0,0,0,0,0,1,1,1,1,26,6,1997,2,1,-1,1,-1
201501TX20919,1,9,0,9,0,8,0,0,0,0,2,1,2,2,22,5,1461,2,5,-1,1,-1
201501TX20919,2,9,0,18,0,8,0,0,0,0,1,1,6,1,79,11,1796,1,11,-1,1,-1
201501TX20920,1,9,0,3,0,8,0,0,0,0,2,1,6,1,39,7,-1,-1,-1,-1,1,-1
201501TX20920,2,9,0,4,0,8,0,0,0,0,1,1,6,1,-1,-1,2597,1,11,-1,-1,-1
201501TX20921,1,9,0,3,0,8,0,0,0,0,2,1,2,2,22,5,2494,1,10,-1,1,-1
201501TX20921,2,9,0,18,0,8,0,0,0,0,1,1,6,2,-1,-1,1390,1,10,-1,-1,-1
201501TX20922,1,9,0,7,0,8,0,0,1,0,1,1,2,2,38,7,4398,1,14,-1,1,-1
201501TX20923,1,9,0,4,0,8,0,0,0,0,4,1,6,1,80,11,1997,1,12,-1,1,-1
201501TX20924,1,9,0,4,0,8,0,0,0,0,1,1,2,1,31,6,-1,-1,-1,-1,-1,-1
201501TX20925,1,9,0,18,0,0,0,0,0,0,1,1,6,2,68,10,1348,1,13,-1,1,-1
201501TX20927,1,20,0,2,0,0,0,0,0,0,3,1,1,1,53,8,10837,2,3,-1,1,-1
201501TX20927,2,19,0,5,0,0,0,4,0,0,4,1,1,1,36,7,-1,-1,-1,-1,-1,-1
201501TX20928,1,9,0,3,0,8,0,0,0,0,2,1,6,1,58,9,1560,2,4,-1,1,-1
201501TX20928,2,9,0,4,0,8,0,0,0,0,1,1,6,1,75,10,1794,1,13,-1,1,-1
201501TX20929,1,8,0,4,0,0,0,0,0,0,2,1,1,1,45,7,1797,8,5,-1,1,-1
201501TX20929,2,9,0,4,0,0,0,0,1,0,1,1,2,1,21,5,1995,2,-1,-1,1,-1
201501TX20929,3,9,0,4,0,0,1,0,1,0,1,1,1,1,-1,-1,2143,2,-1,-1,-1,-1
201501TX20930,1,9,0,7,0,8,0,0,0,0,2,1,6,2,41,7,1388,1,6,-1,1,-1
201501TX20930,2,9,0,7,0,8,0,0,0,0,1,1,6,1,25,5,1910,2,9,-1,-1,-1
201501TX20932,1,11,0,5,0,8,0,0,0,0,2,1,1,1,40,7,9000,2,5,-1,1,-1
201501TX20932,2,9,0,18,0,8,0,0,0,0,1,1,6,1,-1,-1,-1,-1,-1,-1,-1,-1
201501TX20933,1,9,0,9,0,8,0,0,0,0,3,1,3,2,47,8,1397,1,15,-1,-1,-1
201501TX20933,2,3,0,14,0,8,0,0,0,0,1,1,6,2,19,4,124,1,7,-1,1,-1
201501TX20934,1,9,0,5,0,0,0,0,0,0,2,1,2,2,20,4,1242,1,11,-1,1,-1
201501TX20934,2,20,0,18,0,0,0,0,0,0,1,1,6,3,-1,-1,-1,-1,-1,-1,-1,-1
201501TX20935,1,9,0,4,0,0,0,0,1,0,2,1,1,1,29,6,2143,2,1,-1,1,-1
201501TX20935,2,8,0,4,0,0,0,0,1,0,2,1,1,1,47,8,1598,1,3,-1,1,-1
201501TX20935,3,9,0,18,0,0,1,0,0,0,1,1,2,1,18,4,1388,1,11,-1,1,-1
201501TX20936,1,9,0,18,0,8,0,0,0,0,1,1,2,2,56,9,1360,1,10,-1,-1,-1
201501TX20937,1,2,0,9,0,8,0,0,0,0,2,1,1,1,17,4,49,1,1,-1,1,-1
201501TX20937,2,9,0,18,0,8,0,0,0,0,1,1,2,1,44,7,-1,-1,-1,-1,1,-1
201501TX20938,1,9,0,18,0,0,0,0,0,0,1,1,6,1,-1,-1,-1,-1,-1,-1,-1,-1
201501TX20939,1,19,0,6,0,8,0,0,0,0,3,1,1,1,25,5,2402,2,8,-1,1,-1
201501TX20939,2,3,0,13,0,8,0,0,1,0,1,1,2,1,23,5,125,1,1,-1,1,-1
201501TX20940,1,9,0,12,0,2,0,0,0,0,1,1,6,1,54,8,2967,2,-1,-1,1,-1
201501TX20940,2,9,0,2,0,8,0,0,0,0,1,1,6,1,71,10,1996,1,17,-1,1,-1
201501TX20943,1,4,0,13,0,8,0,0,0,0,1,1,6,1,24,5,249,1,4,-1,1,-1
201501TX20943,2,9,0,9,0,8,0,0,0,0,1,1,6,1,-1,-1,2204,2,7,-1,1,-1
201501TX20944,1,9,0,4,0,0,0,0,0,0,1,1,2,1,36,7,1598,1,9,-1,1,-1
201501TX20944,2,3,0,4,0,0,0,0,0,0,3,1,2,1,25,5,108,1,2,-1,-1,-1
201501TX20945,1,9,0,18,0,0,0,0,0,0,1,1,6,1,-1,-1,1229,1,6,-1,1,-1
201501TX20945,2,9,0,18,0,0,0,0,0,0,1,1,6,1,26,6,-1,-1,-1,-1,1,-1
201501TX20945,3,9,0,2,0,0,0,0,0,0,3,1,6,3,-1,-1,-1,-1,-1,-1,-1,-1
201501TX20947,1,9,0,9,0,8,0,0,0,0,1,1,6,2,35,6,1984,1,1,-1,1,-1
201501TX20947,2,1,0,18,0,8,0,0,0,0,1,1,6,1,22,5,-1,-1,-1,-1,1,-1
201501TX20949,1,9,0,9,0,8,0,0,0,0,1,1,6,1,56,9,2993,2,2,-1,3,-1
201501TX20950,1,9,0,3,0,8,0,0,0,0,1,1,6,1,54,8,1364,2,6,-1,1,-1
201501TX20950,2,19,0,18,0,1,0,0,0,0,1,1,6,1,-1,-1,2143,2,-1,-1,-1,-1
201501TX20951,1,9,0,2,0,0,0,0,0,0,3,1,6,1,49,8,2902,2,9,-1,1,-1
201501TX20951,2,9,0,12,0,0,0,4,0,0,1,1,6,2,65,9,1796,1,12,-1,1,-1
201501TX20952,1,9,0,17,0,0,0,0,0,0,1,1,6,1,25,5,1598,2,2,-1,1,-1
201501TX20952,2,1,0,18,0,0,0,0,0,0,1,1,6,1,26,6,-1,-1,-1,-1,-1,-1
201501TX20953,1,9,0,18,0,8,0,0,0,0,1,1,2,2,34,6,1392,1,15,-1,1,-1
201501TX20954,1,9,0,18,0,0,0,0,0,0,4,1,2,1,62,9,2143,2,4,-1,1,-1
201501TX20955,1,19,0,9,0,8,0,0,0,0,1,1,1,1,43,7,2500,2,7,-1,1,-1
201501TX20955,2,9,0,9,0,8,0,0,0,0,2,1,6,2,64,9,1598,1,4,-1,-1,-1
201501TX20956,1,9,0,18,0,8,0,0,0,0,1,1,6,1,26,6,1598,1,10,-1,-1,-1
201501TX20956,2,3,0,3,0,8,0,0,0,0,2,1,6,1,29,6,108,1,7,-1,1,-1
201501TX20957,1,9,0,9,0,8,0,0,0,0,1,1,6,1,41,7,1242,1,12,-1,1,-1
201501TX20957,2,3,0,13,0,8,0,0,0,0,1,1,6,1,18,4,-1,-1,-1,-1,1,-1
201501TX20958,1,9,0,18,0,0,0,4,0,0,3,1,6,1,35,6,1364,2,1,-1,1,-1
201501TX20958,2,9,0,2,0,0,0,0,0,0,3,1,6,1,-1,-1,2400,2,1,-1,1,-1
201501TX20958,3,9,0,2,0,0,0,0,0,0,4,1,6,3,-1,-1,1242,1,3,-1,-1,-1
201501TX20959,1,2,0,18,0,0,0,0,0,0,0,1,1,1,27,6,49,1,-1,-1,1,-1
201501TX20960,1,19,0,1,0,0,0,0,0,0,2,1,1,1,35,6,1995,2,7,-1,1,-1
201501TX20961,1,9,0,18,0,8,0,0,0,0,4,1,1,1,24,5,2231,2,3,-1,1,-1
201501TX20961,2,9,0,7,0,8,0,0,0,0,1,1,6,1,30,6,1968,2,6,-1,1,-1
201501TX20962,1,3,0,18,0,8,0,0,0,0,1,1,6,1,34,6,125,1,3,-1,1,-1
201501TX20962,2,3,0,18,0,8,0,0,0,0,1,1,6,1,31,6,125,1,1,-1,1,-1
201501TX20962,3,19,0,18,0,8,0,0,0,0,2,1,6,1,33,6,1998,2,9,-1,1,-1
201501TX20963,1,9,0,5,0,8,0,0,0,0,4,1,6,1,28,6,1598,1,4,-1,1,-1
201501TX20963,2,9,0,18,0,8,0,0,0,0,1,1,6,1,37,7,1998,2,3,-1,1,-1
201501TX20964,1,8,0,3,0,8,0,0,0,0,2,1,6,1,-1,-1,1497,8,8,-1,1,-1
201501TX20964,2,9,0,18,0,8,0,0,0,0,1,1,6,1,-1,-1,1560,2,10,-1,-1,-1
201501TX20967,1,2,0,18,0,8,0,0,0,0,1,1,6,1,29,6,109,1,2,-1,1,-1
201501TX20967,2,9,0,9,0,8,0,0,0,0,1,1,6,1,22,5,-1,-1,-1,-1,1,-1
201501TX20968,1,9,0,9,0,8,0,0,0,0,1,1,6,1,43,7,1598,2,3,-1,1,-1
201501TX20969,1,9,0,10,0,8,0,0,0,0,2,1,6,2,36,7,1598,1,9,-1,1,-1
201501TX20969,2,8,0,18,0,8,0,0,0,0,1,1,6,1,54,8,1497,8,7,-1,1,-1
201501TX20971,1,20,0,17,0,0,0,0,0,0,1,1,6,1,-1,-1,4250,2,6,-1,-1,-1
201501TX20972,1,3,0,18,0,8,0,0,0,0,1,1,6,1,48,8,109,1,-1,-1,1,-1
201501TX20973,1,9,0,17,0,8,0,0,0,0,3,1,6,1,24,5,1242,1,12,-1,1,-1
201501TX20973,2,9,0,17,0,8,0,0,0,0,1,1,6,1,-1,-1,1328,1,14,-1,-1,-1
201501TX20974,1,3,0,18,0,0,0,0,0,0,3,1,6,1,20,4,-1,-1,-1,-1,1,-1
201501TX20974,2,8,0,11,0,0,0,0,0,0,4,1,1,1,-1,-1,-1,-1,-1,-1,-1,-1
201501TX20975,1,9,0,18,0,2,0,0,0,0,3,1,6,1,21,5,1598,1,14,-1,1,-1
201501TX20975,2,9,0,18,0,1,0,0,0,0,3,1,6,1,54,8,1896,2,12,-1,3,-1
201501TX20976,1,9,0,6,0,0,0,0,0,0,3,1,6,1,34,6,1995,2,7,-1,1,-1
201501TX20976,2,3,0,13,0,0,0,0,0,0,1,1,6,1,48,8,125,1,-1,-1,1,-1
201501TX20977,1,9,0,18,0,8,0,0,0,0,1,1,6,1,25,5,-1,-1,-1,-1,1,-1
201501TX20977,2,9,0,18,0,8,0,0,0,0,2,1,6,2,26,6,1400,2,9,-1,1,-1
201501TX20978,1,9,0,18,0,8,0,0,0,0,2,1,6,1,46,8,1995,2,7,-1,1,-1
201501TX20978,2,9,0,9,0,8,0,0,0,0,1,1,6,3,-1,-1,-1,-1,-1,-1,-1,-1
201501TX20980,1,9,0,1,0,0,0,4,0,0,2,1,6,2,43,7,1984,1,13,-1,1,-1
201501TX20980,2,9,0,2,0,0,0,0,0,0,2,1,6,2,38,7,1360,1,13,-1,1,-1
201501TX20981,1,9,0,5,0,0,0,0,0,0,1,1,2,2,25,5,1995,1,14,-1,1,-1
201501TX20981,2,9,0,3,0,0,0,0,0,0,2,1,2,1,-1,-1,1997,2,12,-1,-1,-1
201501TX20983,1,9,0,17,0,0,0,10,0,0,3,1,2,1,28,6,1598,1,5,-1,1,-1
201501TX20983,2,9,0,13,0,0,0,0,0,0,1,1,6,1,-1,-1,-1,-1,-1,-1,-1,-1
201501TX20984,1,9,0,18,0,8,0,0,0,0,1,1,2,1,52,8,1995,2,9,-1,1,-1
201501TX20984,2,9,0,3,0,8,0,0,0,0,2,1,2,1,59,9,-1,-1,-1,-1,1,-1
201501TX20985,1,1,0,18,0,8,0,0,1,0,1,1,2,1,30,6,-1,-1,-1,-1,1,-1
201501TX20986,1,9,0,14,0,8,0,0,0,0,4,1,6,1,27,6,1968,2,9,-1,1,-1
201501TX20986,2,9,0,2,0,8,0,0,0,0,3,1,6,2,-1,-1,1388,1,12,-1,1,-1
201501TX20987,1,1,0,18,0,8,0,0,0,0,3,1,6,1,19,4,-1,-1,-1,-1,1,-1
201501TX20987,2,9,0,18,0,8,0,0,0,0,1,1,6,1,19,4,-1,-1,-1,-1,1,-1
201501TX20988,1,5,0,4,0,8,0,0,0,0,3,1,6,1,36,7,599,1,13,-1,1,-1
201501TX20988,2,9,0,3,0,8,0,0,0,0,3,1,6,1,27,6,2698,2,6,-1,3,-1
201501TX20988,3,8,0,3,0,8,0,0,1,0,3,1,1,1,37,7,1997,2,1,-1,1,-1
201501TX20989,1,9,0,9,0,8,0,0,0,0,1,1,1,1,58,9,1246,1,8,-1,1,-1
201501TX20989,2,1,0,18,0,8,0,0,0,0,4,1,6,1,44,7,-1,-1,-1,-1,1,-1
201501TX20991,1,9,0,18,0,0,0,10,4,2,1,1,6,1,35,6,1984,1,12,-1,1,-1
201501TX20992,1,9,0,18,0,8,0,0,0,0,1,1,6,1,30,6,2979,1,13,-1,1,-1
201501TX20992,2,9,0,6,0,8,0,0,0,0,3,1,6,1,26,6,1896,2,11,-1,1,-1
201501TX20993,1,9,0,18,0,1,0,0,0,0,1,1,6,1,29,6,1769,1,13,-1,1,-1
201501TX20994,1,9,0,18,0,2,0,0,0,0,1,1,6,1,19,4,996,1,2,-1,1,-1
201501TX20995,1,9,0,9,0,8,0,0,0,0,3,1,2,1,47,8,1388,1,5,-1,-1,-1
201501TX20995,2,9,0,9,0,8,0,0,0,0,4,1,2,2,21,5,1149,1,9,-1,1,-1
201501TX20996,1,11,0,4,0,0,0,0,0,0,0,1,6,1,37,7,5883,2,13,-1,1,-1
201501TX21000,1,9,0,5,0,0,0,10,1,10,1,1,6,2,72,10,1560,2,2,-1,1,-1
201501TX21002,1,9,0,9,0,8,2,10,3,1,1,1,6,1,21,5,1198,1,8,-1,1,-1
201501TX21005,1,9,0,17,0,8,0,0,0,0,1,1,6,2,31,6,1910,2,9,-1,1,-1
201501TX21005,2,9,0,17,0,8,0,0,0,0,2,1,6,2,21,5,1560,2,6,-1,1,-1
201501TX21005,3,9,0,17,0,8,0,0,0,0,2,1,6,1,47,8,1999,1,8,-1,1,-1
201501TX21008,1,9,0,18,0,8,0,0,0,0,3,1,6,1,23,5,1197,1,4,-1,1,-1
201501TX21010,1,9,0,18,0,8,0,0,0,0,3,1,6,1,35,6,2993,2,5,-1,1,-1
201501TX21010,2,21,0,11,0,8,0,0,0,0,4,1,6,1,-1,-1,12900,2,3,-1,-1,-1
201501TX21011,1,4,0,18,0,8,0,0,0,0,1,1,6,1,56,9,124,1,-1,-1,1,-1
201501TX21011,2,19,0,7,0,8,0,0,0,0,4,1,6,1,32,6,2198,2,1,-1,1,-1
201501TX29010,1,3,0,18,0,0,0,0,0,0,1,1,6,1,28,6,108,1,2,-1,1,-1
201501TX29010,2,9,0,4,0,0,1,0,0,0,1,1,6,1,-1,-1,1339,8,3,-1,-1,-1
201501TX29021,1,9,0,4,0,0,0,0,0,0,2,1,6,3,-1,-1,1956,2,1,-1,-1,-1
201501TX29021,2,9,0,4,0,0,0,0,0,0,1,1,6,1,24,5,2148,2,6,-1,1,-1
201501TX29021,3,9,0,4,0,0,0,0,0,0,1,1,6,3,-1,-1,-1,-1,-1,-1,-1,-1
201501TX29022,1,9,0,11,0,0,0,0,0,0,4,1,6,1,53,8,1390,1,14,-1,-1,-1
201501TX29022,2,3,0,18,0,0,0,0,0,0,3,1,6,1,33,6,49,1,7,-1,1,-1
201501TX29023,1,9,0,9,0,8,0,0,0,0,4,1,6,2,54,8,-1,-1,-1,-1,1,-1
201501TX29023,2,1,0,18,0,8,0,0,0,0,1,1,6,1,38,7,-1,-1,-1,-1,-1,-1
201501TX29041,1,9,0,9,0,8,0,0,0,0,3,1,6,2,31,6,1685,2,1,-1,1,-1
201501TX29041,2,3,0,18,0,8,0,0,0,0,1,1,6,1,37,7,125,1,12,-1,1,-1
201501TX29053,1,9,0,4,0,8,0,0,0,0,2,1,6,1,60,9,875,1,2,-1,1,-1
201501TX29053,2,9,0,4,0,8,0,0,0,0,1,1,6,1,33,6,-1,-1,-1,-1,1,-1
201501TX29053,3,19,0,4,0,8,0,0,0,0,1,1,6,1,42,7,1686,2,6,-1,1,-1
201501TX29053,4,9,0,18,0,8,0,0,0,0,1,1,6,1,28,6,-1,-1,-1,-1,2,-1
201501TX29056,1,9,0,16,0,0,0,10,5,6,1,1,6,2,-1,-1,-1,-1,-1,-1,-1,-1
201501TX29056,2,9,0,16,0,0,0,10,2,7,3,1,6,1,26,6,1598,2,2,-1,1,-1
201501TX29061,1,11,0,12,0,0,0,0,0,0,3,1,1,1,57,9,-1,-1,-1,-1,-1,-1
201501TX29061,2,9,0,13,0,0,0,0,0,0,4,1,6,1,36,7,1398,1,3,-1,1,-1
201501TX29077,1,9,0,9,0,8,0,0,0,0,3,1,6,1,22,5,1368,1,9,-1,1,-1
201501TX29077,2,1,0,18,0,8,0,0,0,0,1,1,6,1,36,7,-1,-1,-1,-1,1,-1
201501VK30001,1,9,0,15,0,8,0,0,0,0,2,1,6,1,23,5,998,1,14,-1,1,-1
201501VK30001,2,9,0,7,0,8,0,0,0,0,1,1,6,1,32,6,-1,-1,-1,-1,1,-1
201501VK30001,3,9,0,5,0,8,0,0,0,0,3,1,6,2,42,7,1598,1,9,-1,1,-1
201501VK30007,1,11,0,5,0,0,0,0,0,0,1,1,1,1,65,9,4500,2,7,-1,1,-1
201501VK30009,1,1,0,14,4,0,0,0,0,0,1,1,6,1,33,6,-1,-1,-1,-1,-1,-1
201501VK30009,2,9,0,3,0,0,0,0,0,0,1,1,6,2,40,7,1968,2,7,-1,-1,-1
201501VK30010,1,9,0,7,0,8,0,0,0,0,2,1,6,1,44,7,-1,-1,-1,-1,1,-1
201501VK30010,2,9,0,7,0,8,0,0,0,0,1,1,6,1,-1,-1,-1,-1,-1,-1,-1,-1
201501VK30012,1,8,0,3,0,0,0,0,0,0,2,1,2,1,35,6,1797,8,4,-1,1,-1
201501VK30012,2,9,0,4,0,0,0,0,0,0,1,1,2,2,27,6,1198,1,2,-1,1,-1
201501VK30015,1,9,0,4,0,8,0,0,0,0,3,1,6,1,33,6,1995,1,11,-1,1,-1
201501VK30015,2,90,0,12,0,8,0,0,0,0,1,1,1,1,-1,-1,2686,2,10,-1,-1,-1
201501VK30016,1,9,0,18,0,0,0,0,0,0,2,1,6,1,25,5,1999,1,9,-1,1,-1
201501VK30016,2,9,0,18,0,0,0,0,0,0,1,1,6,3,-1,-1,-1,-1,-1,-1,-1,-1
201501VK30017,1,9,0,2,0,8,0,0,0,0,3,1,6,1,31,6,1896,2,12,-1,1,-1
201501VK30017,2,1,0,14,0,8,0,4,0,0,1,1,6,1,23,5,-1,-1,-1,-1,1,-1
201501VK30019,1,2,0,18,0,0,0,0,0,0,1,1,2,1,27,6,124,1,2,-1,1,-1
201501VK30019,2,9,0,5,0,0,0,0,0,0,3,1,2,1,59,9,1598,1,10,-1,1,-1
201501VK30021,1,9,0,18,0,8,0,0,0,0,3,1,2,2,40,7,1968,2,5,-1,1,-1
201501VK30021,2,9,0,9,0,8,0,0,0,0,1,1,4,2,25,5,1956,2,4,-1,1,-1
201501VK30022,1,9,0,18,0,0,0,0,0,0,1,1,6,1,-1,-1,1598,1,11,-1,-1,-1
201501VK30024,1,1,0,18,0,8,0,0,0,0,1,1,2,1,20,4,-1,-1,-1,-1,1,-1
201501VK30024,2,9,0,7,0,8,0,0,0,0,4,1,6,2,-1,-1,-1,-1,-1,-1,-1,-1
201501VK30025,1,1,0,18,0,8,0,0,0,0,1,1,2,1,27,6,-1,-1,-1,-1,1,-1
201501VK30025,2,9,0,7,0,8,0,0,0,0,4,1,6,2,-1,-1,1968,2,3,-1,-1,-1
201501VK30026,1,9,0,13,0,0,0,0,0,0,1,1,2,1,57,9,-1,-1,-1,-1,3,-1
201501VK30026,2,9,0,18,0,0,1,0,0,0,2,1,2,1,34,6,5461,1,1,-1,1,-1
201501VK30028,1,3,0,18,0,0,0,0,0,0,4,1,1,1,23,5,124,1,1,-1,1,-1
201501VK30028,2,9,0,5,0,0,0,0,0,0,2,1,2,2,-1,-1,1598,1,3,-1,1,-1
201501VK30029,1,9,0,7,0,8,0,0,0,0,2,1,6,1,60,9,1968,2,11,-1,1,-1
201501VK30029,2,9,0,7,0,8,0,0,0,0,1,1,6,1,35,6,1997,2,13,-1,1,-1
201501VK30031,1,9,0,18,0,8,1,10,1,10,1,1,2,1,27,6,-1,-1,-1,-1,1,-1
201501VK30032,1,8,0,4,0,0,0,0,0,0,2,1,1,1,31,6,1997,2,1,-1,1,-1
201501VK30032,2,9,0,18,0,0,0,0,0,0,1,1,2,1,39,7,-1,-1,-1,-1,1,-1
201501VK30033,1,1,0,18,0,8,0,0,0,0,3,1,6,1,17,4,-1,-1,-1,-1,1,-1
201501VK30033,2,9,0,18,0,8,0,0,0,0,1,1,6,3,-1,-1,-1,-1,-1,-1,-1,-1
201501VK30034,1,19,0,5,0,0,0,0,0,0,1,1,2,1,36,7,-1,-1,-1,-1,1,-1
201501VK30035,1,9,0,11,0,0,0,0,1,2,1,1,3,1,26,6,-1,-1,-1,-1,1,-1
201501VK30035,2,9,0,18,0,0,0,0,0,0,0,1,6,3,-1,-1,-1,-1,-1,-1,-1,-1
201501VK30037,1,9,0,4,0,8,0,0,0,0,1,1,2,1,47,8,1339,1,12,-1,1,-1
201501VK30038,1,9,0,18,0,2,0,0,0,0,4,1,6,3,-1,-1,-1,-1,-1,-1,-1,-1
201501VK30039,1,9,0,17,0,8,0,0,0,0,2,1,2,2,35,6,-1,-1,-1,-1,1,-1
201501VK30039,2,9,0,17,0,8,0,0,0,0,1,1,6,1,-1,-1,-1,-1,-1,-1,1,-1
201501VK30041,1,9,0,12,0,0,1,0,4,6,1,1,2,1,23,5,-1,-1,-1,-1,1,-1
201501VK30042,1,9,0,18,0,1,0,0,0,0,1,1,6,1,62,9,2148,2,10,-1,-1,-1
201501VK30043,1,11,0,5,0,0,0,0,0,0,1,1,1,1,51,8,4461,2,2,-1,1,-1
201501VK30043,2,9,0,3,0,0,0,0,0,0,2,1,6,2,43,7,1895,1,16,-1,1,-1
201501VK30045,1,9,0,4,0,0,0,0,0,0,2,1,6,1,-1,-1,-1,-1,-1,-1,-1,-1
201501VK30045,2,9,0,4,0,0,0,0,0,0,2,1,6,1,59,9,1910,2,8,-1,1,-1
201501VK30045,3,9,0,18,0,0,0,0,0,0,1,1,2,2,47,8,-1,-1,-1,-1,1,-1
201501VK30047,1,3,0,13,0,8,1,0,0,0,3,1,2,1,37,7,125,1,3,-1,1,-1
201501VK30047,2,9,0,9,0,8,0,0,1,0,1,1,6,1,-1,-1,-1,-1,-1,-1,-1,-1
201501VK30049,1,9,0,5,0,8,0,0,0,0,3,1,2,1,21,5,1598,2,1,-1,1,-1
201501VK30049,2,19,0,5,0,8,0,0,0,0,4,1,1,1,66,10,2287,2,4,-1,1,-1
201501VK30050,1,3,0,4,0,1,0,0,0,0,1,1,1,1,19,4,109,1,3,-1,1,-1
201501VK30050,2,9,0,3,0,1,0,0,0,0,2,1,6,2,-1,-1,2993,2,10,-1,-1,-1
201501VK30051,1,11,0,4,0,0,0,0,0,0,0,1,1,1,48,8,7300,2,13,-1,1,-1
201501VK30052,1,9,0,18,0,8,0,0,0,0,4,1,6,1,49,8,1598,2,1,-1,1,-1
201501VK30052,2,9,0,18,0,8,0,0,0,0,1,1,6,1,35,6,-1,-1,-1,-1,1,-1
201501VK30053,1,3,0,18,0,1,0,0,0,0,1,1,6,1,-1,-1,108,1,1,-1,1,-1
201501VK30054,1,9,0,9,0,8,0,0,0,0,3,1,6,2,80,11,1796,1,9,-1,1,-1
201501VK30054,2,9,0,18,0,8,0,0,0,0,1,1,6,2,24,5,998,1,15,-1,1,-1
201501VK30055,1,11,0,5,0,8,0,0,0,0,0,1,1,1,51,8,3900,2,12,-1,1,-1
201501VK30057,1,9,0,3,0,1,0,0,0,0,2,1,6,1,36,7,2495,1,14,-1,1,-1
201501VK30057,2,9,0,18,0,1,0,0,0,0,1,1,6,1,30,6,-1,-1,-1,-1,-1,-1
201501VK30058,1,9,0,18,0,8,1,10,1,10,1,1,6,1,62,9,2179,2,11,-1,1,-1
201501VK30058,2,9,0,9,0,8,0,0,0,0,1,1,6,1,23,5,-1,-1,-1,-1,1,-1
201501VK30060,1,1,0,15,0,1,0,0,0,0,1,1,6,1,45,7,-1,-1,-1,-1,1,-1
201501VK30060,2,19,0,18,0,1,0,0,0,0,4,1,1,1,43,7,1598,2,1,-1,1,-1
201501VK30061,1,9,0,5,0,8,0,0,0,0,3,1,1,1,34,6,1328,1,6,-1,1,-1
201501VK30061,2,1,0,15,0,8,0,0,0,0,1,1,6,2,22,5,-1,-1,-1,-1,1,-1
201501VK30063,1,3,0,14,0,1,0,0,0,0,1,1,4,1,17,4,125,1,2,-1,3,-1
201501VK30063,2,9,0,1,0,1,0,0,0,0,4,1,2,1,26,6,1497,1,13,-1,1,-1
201501VK30064,1,9,0,3,0,0,0,0,0,0,2,1,6,2,31,6,1108,1,10,-1,1,-1
201501VK30064,2,9,0,18,0,0,0,0,0,0,1,1,6,2,-1,-1,998,1,-1,-1,-1,-1
201501VK30065,1,19,0,9,0,8,0,0,0,0,3,1,6,2,69,10,2148,2,7,-1,1,-1
201501VK30065,2,1,0,18,0,8,0,0,0,0,1,1,6,1,21,5,-1,-1,-1,-1,1,-1
201501VK30066,1,3,0,4,0,0,0,0,0,0,2,1,6,1,28,6,124,1,7,-1,1,-1
201501VK30066,2,9,0,18,0,0,0,0,0,0,1,1,6,1,20,4,1199,1,12,-1,-1,-1
201501VK30067,1,9,0,18,0,8,0,0,0,0,4,1,1,1,33,6,1590,1,16,-1,1,-1
201501VK30067,2,9,0,1,0,8,0,0,0,0,2,1,6,2,60,9,1388,1,1,-1,1,-1
201501VK30069,1,9,0,9,0,0,0,0,0,0,3,1,6,2,56,9,1400,1,10,-1,1,-1
201501VK30069,2,3,0,18,0,0,0,0,0,0,1,1,6,1,37,7,125,1,2,-1,1,-1
201501VK30070,1,9,0,18,0,8,0,0,0,0,1,1,6,1,69,10,1596,1,10,-1,1,-1
201501VK30070,2,9,0,18,0,8,0,0,0,0,3,1,6,2,45,7,2720,2,10,-1,1,-1
201501VK30071,1,9,0,2,0,8,0,0,0,0,0,1,6,2,27,6,1598,1,11,-1,1,-1
201501VK30071,2,9,0,14,0,8,0,4,0,0,0,1,6,1,-1,-1,-1,-1,-1,-1,-1,-1
201501VK30072,1,9,0,16,0,0,0,0,0,0,1,1,2,1,43,7,4806,1,5,-1,1,-1
201501VK30072,2,8,0,16,0,0,0,0,0,0,3,1,1,1,40,7,1896,2,8,-1,1,-1
201501VK30072,3,9,0,16,0,0,0,0,0,0,4,1,2,1,61,9,1896,2,10,-1,1,-1
201501VK30074,1,11,0,9,0,8,0,0,0,0,0,1,1,1,45,7,4250,2,5,-1,1,-1