Accident_Index,Vehicle_Reference,Vehicle_Type,Towing_and_Articulation,Vehicle_Manoeuvre,Vehicle_Location-Restricted_Lane,Junction_Location,Skidding_and_Overturning,Hit_Object_in_Carriageway,Vehicle_Leaving_Carriageway,Hit_Object_off_Carriageway,1st_Point_of_Impact,Was_Vehicle_Left_Hand_Drive?,Journey_Purpose_of_Driver,Sex_of_Driver,Age_of_Driver,Age_Band_of_Driver,Engine_Capacity_(CC),Propulsion_Code,Age_of_Vehicle,Driver_IMD_Decile,Driver_Home_Area_Type,Vehicle_IMD_Decile
201501VK30253,1,9,0,9,0,0,0,0,0,0,3,1,6,1,52,8,1229,1,10,-1,1,-1
201501VK30253,2,3,0,13,0,0,0,0,0,0,1,1,6,1,21,5,124,1,3,-1,1,-1
201501VK30254,1,8,0,4,0,0,0,0,0,0,0,1,1,1,36,7,2664,2,15,-1,1,-1
201501VK30257,1,9,0,5,0,0,0,0,0,0,3,1,2,2,29,6,1299,1,7,-1,1,-1
201501VK30257,2,3,0,13,0,0,0,0,0,0,4,1,6,1,-1,-1,-1,-1,-1,-1,-1,-1
201501VK30258,1,9,0,7,0,8,0,0,0,0,1,1,3,1,-1,-1,-1,-1,-1,-1,-1,-1
201501VK30259,1,2,0,16,0,8,0,0,0,0,0,1,1,1,26,6,49,1,2,-1,1,-1
201501VK30259,2,8,0,16,0,8,0,0,0,0,0,1,1,1,23,5,-1,-1,-1,-1,1,-1
201501VK30261,1,1,0,18,0,8,0,0,0,0,4,1,6,1,22,5,-1,-1,-1,-1,-1,-1
201501VK30261,2,9,0,18,0,8,0,0,0,0,1,1,6,2,-1,-1,-1,-1,-1,-1,-1,-1
201501VK30262,1,9,0,9,0,8,0,0,0,0,4,1,6,2,57,9,1985,1,14,-1,1,-1
201501VK30262,2,9,0,18,0,8,0,0,0,0,1,1,6,2,38,7,1998,1,10,-1,1,-1
201501VK30263,1,3,0,4,0,8,1,10,3,10,3,1,6,1,25,5,125,1,3,-1,-1,-1
201501VK30264,1,9,0,18,0,0,0,0,0,0,1,1,6,1,-1,-1,2993,2,11,-1,-1,-1
201501VK30264,2,5,0,18,0,0,0,0,0,0,1,1,1,1,-1,-1,1170,1,5,-1,-1,-1
201501VK30266,1,5,0,3,0,0,0,0,0,0,2,1,6,1,35,6,790,1,14,-1,1,-1
201501VK30266,2,9,0,4,0,0,0,0,0,0,1,1,1,1,31,6,1796,1,6,-1,1,-1
201501VK30267,1,9,0,4,0,0,0,0,0,0,2,1,6,3,-1,-1,-1,-1,-1,-1,1,-1
201501VK30267,2,9,0,18,0,0,0,0,0,0,1,1,6,1,55,8,1998,1,12,-1,-1,-1
201501VK30267,3,9,0,18,0,0,0,0,0,0,1,1,6,3,-1,-1,1587,1,11,-1,-1,-1
201501VK30267,4,9,0,18,0,0,0,0,0,0,1,1,6,2,52,8,-1,-1,-1,-1,1,-1
201501VK30268,1,9,0,9,0,8,0,0,0,0,1,1,2,2,33,6,-1,-1,-1,-1,1,-1
201501VK30268,2,1,0,18,0,8,0,0,0,0,1,1,2,1,51,8,-1,-1,-1,-1,1,-1
201501VK30269,1,9,0,9,0,8,0,0,0,0,1,1,6,2,37,7,2179,2,8,-1,1,-1
201501VK30269,2,1,0,18,0,8,0,0,0,0,1,1,6,1,47,8,-1,-1,-1,-1,1,-1
201501VK30270,1,9,0,4,0,8,0,0,0,0,1,1,2,1,18,4,1598,2,5,-1,1,-1
201501VK30270,2,9,0,4,0,8,0,0,0,0,2,1,2,1,64,9,1598,1,12,-1,1,-1
201501VK30271,1,9,0,9,0,8,0,0,0,0,2,1,6,1,72,10,2685,2,12,-1,1,-1
201501VK30271,2,3,0,18,0,8,0,0,0,0,1,1,6,1,46,8,125,1,4,-1,1,-1
201501VK30272,1,9,0,9,0,8,0,0,0,0,1,1,6,1,-1,-1,1242,1,10,-1,-1,-1
201501VK30272,2,19,0,18,0,8,0,0,1,0,1,1,6,1,-1,-1,-1,-1,-1,-1,-1,-1
201501VK30273,1,9,0,18,0,8,0,10,1,2,1,1,6,1,59,9,1328,1,10,-1,1,-1
201501VK30274,1,19,0,5,0,8,0,0,0,0,1,1,1,1,40,7,-1,-1,-1,-1,1,-1
201501VK30274,2,3,0,18,0,8,0,0,0,0,4,1,6,2,29,6,124,1,7,-1,-1,-1
201501VK30276,1,9,0,4,0,0,0,0,0,0,2,1,6,2,24,5,1390,1,15,-1,1,-1
201501VK30276,2,9,0,18,0,0,0,0,0,0,1,1,6,2,59,9,1596,1,5,-1,-1,-1
201501VK30278,1,9,0,9,0,8,0,0,0,0,4,1,6,2,67,10,1229,1,3,-1,1,-1
201501VK30278,2,1,0,18,0,8,0,0,0,0,1,1,6,1,21,5,-1,-1,-1,-1,-1,-1
201501VK30279,1,9,0,3,0,0,0,0,0,0,4,1,2,2,20,4,1199,1,11,-1,1,-1
201501VK30279,2,9,0,1,0,0,0,0,0,0,2,1,6,1,-1,-1,1896,2,8,-1,-1,-1
201501VK30280,1,1,0,7,0,8,0,0,1,0,1,1,2,2,48,8,-1,-1,-1,-1,1,-1
201501VK30280,2,9,0,7,0,8,0,0,0,0,2,1,2,1,46,8,1390,1,10,-1,3,-1
201501VK30282,1,11,0,4,0,8,0,0,0,0,0,1,1,1,37,7,4461,2,2,-1,1,-1
201501VK30283,1,2,0,5,0,8,0,0,0,0,1,1,1,2,30,6,49,1,3,-1,1,-1
201501VK30283,2,9,0,6,0,8,0,0,0,0,2,1,2,1,31,6,1242,1,9,-1,1,-1
201501VK30284,1,2,0,9,0,8,0,0,0,0,1,1,2,1,19,4,125,1,4,-1,1,-1
201501VK30284,2,9,0,18,0,8,0,0,0,0,1,1,1,1,28,6,-1,-1,-1,-1,1,-1
201501VK30285,1,9,0,9,0,8,0,0,0,0,1,1,6,1,65,9,1397,1,25,-1,1,-1
201501VK30285,2,1,0,18,0,8,0,0,0,0,1,1,6,1,41,7,-1,-1,-1,-1,1,-1
201501VK30287,1,19,0,2,0,0,0,0,0,0,3,1,6,1,35,6,2148,2,7,-1,1,-1
201501VK30287,2,1,0,14,0,0,0,4,0,0,1,1,6,2,32,6,-1,-1,-1,-1,1,-1
201501VK30288,1,3,0,18,0,8,0,0,0,0,4,1,6,1,49,8,-1,-1,-1,-1,1,-1
201501VK30288,2,19,0,9,0,8,0,0,0,0,1,1,1,1,23,5,2143,2,-1,-1,1,-1
201501VK30289,1,9,0,18,0,8,0,0,0,0,2,1,2,2,44,7,1364,1,10,-1,1,-1
201501VK30289,2,21,0,4,0,8,0,0,0,0,2,1,1,1,51,8,9290,2,2,-1,1,-1
201501VK30291,1,9,0,9,0,8,0,0,0,0,1,1,6,1,27,6,2496,1,14,-1,1,-1
201501VK30291,2,1,0,18,0,8,0,0,0,0,1,1,6,1,-1,-1,-1,-1,-1,-1,1,-1
201501VK30292,1,9,0,9,0,8,0,0,0,0,1,1,1,2,44,7,1598,1,7,-1,1,-1
201501VK30292,2,3,0,14,0,8,0,0,0,0,1,1,1,1,32,6,125,1,-1,-1,1,-1
201501VK30294,1,9,0,18,0,8,0,0,0,0,3,1,2,1,54,8,1498,1,6,-1,1,-1
201501VK30294,2,2,0,9,0,8,1,0,0,0,1,1,2,1,30,6,125,1,-1,-1,-1,-1
201501VK30295,1,9,0,4,0,8,0,0,0,0,1,1,1,2,31,6,1560,2,8,-1,1,-1
201501VK30295,2,9,0,9,0,8,0,0,0,0,2,1,2,1,21,5,1968,2,4,-1,-1,-1
201501VK30298,1,9,0,18,0,8,0,0,0,0,2,1,6,2,44,7,1590,1,11,-1,1,-1
201501VK30298,2,9,0,5,0,8,0,0,0,0,1,1,6,1,-1,-1,1560,2,7,-1,1,-1
201501VK30299,1,9,0,9,0,8,0,0,0,0,4,1,2,1,45,7,1341,1,11,-1,1,-1
201501VK30299,2,2,0,18,0,8,0,0,0,0,1,1,6,1,-1,-1,124,1,15,-1,-1,-1
201501VK30300,1,11,0,4,0,0,0,0,0,0,0,1,1,2,47,8,8268,2,12,-1,1,-1
201501VK30301,1,9,0,9,0,8,0,0,0,0,3,1,2,1,41,7,1600,1,16,-1,1,-1
201501VK30301,2,3,0,14,0,8,0,0,0,0,1,1,2,1,41,7,865,1,3,-1,1,-1
201501VK30302,1,9,0,9,0,8,0,0,0,0,1,1,6,2,33,6,1598,1,8,-1,1,-1
201501VK30302,2,9,0,18,0,8,0,0,0,0,3,1,6,2,25,5,2149,2,7,-1,1,-1
201501VK30303,1,9,0,9,0,8,0,0,0,0,1,1,6,1,24,5,1198,1,12,-1,1,-1
201501VK30303,2,3,0,18,0,8,0,0,1,0,3,1,6,1,23,5,124,1,13,-1,1,-1
201501VK30304,1,17,4,9,0,0,0,0,0,0,3,1,1,1,45,7,-1,2,15,-1,3,-1
201501VK30304,2,9,0,18,0,0,0,0,0,0,1,1,2,1,57,9,2143,2,2,-1,1,-1
201501VK30305,1,9,0,4,0,8,0,0,1,0,2,1,2,1,40,7,-1,-1,-1,-1,-1,-1
201501VK30305,2,9,0,5,0,8,0,0,0,0,1,1,2,1,35,6,1794,1,8,-1,1,-1
201501VK30306,1,8,0,12,0,0,0,0,0,0,4,1,1,1,53,8,2143,2,-1,-1,1,-1
201501VK30306,2,9,0,18,0,0,0,0,0,0,3,1,6,1,-1,-1,-1,-1,-1,-1,-1,-1
201501VK30307,1,9,0,18,0,8,0,10,1,4,1,1,6,2,49,8,1390,1,13,-1,1,-1
201501VK30308,1,9,0,18,0,8,0,0,0,0,1,1,6,2,76,11,2157,1,16,-1,1,-1
201501VK30308,2,1,0,12,0,8,0,0,0,0,2,1,6,2,68,10,-1,-1,-1,-1,1,-1
201501VK30309,1,3,0,18,0,8,0,0,0,0,1,1,6,1,19,4,-1,-1,-1,-1,1,-1
201501VK30309,2,8,0,9,0,8,0,0,0,0,3,1,2,1,26,6,1995,2,4,-1,1,-1
201501VK30310,1,1,0,14,0,0,0,4,0,0,1,1,2,2,23,5,-1,-1,-1,-1,1,-1
201501VK30310,2,9,0,2,0,0,0,0,0,0,3,1,6,2,33,6,1896,2,7,-1,1,-1
201501VK30312,1,9,0,9,0,0,0,0,0,0,4,1,6,1,50,8,1998,1,8,-1,1,-1
201501VK30312,2,1,0,18,0,0,0,0,1,0,1,1,6,1,55,8,-1,-1,-1,-1,1,-1
201501VK30313,1,9,0,18,0,8,0,0,0,0,1,1,6,1,-1,-1,1975,2,16,-1,-1,-1
201501VK30314,1,21,0,18,0,0,0,0,1,0,1,1,1,1,44,7,12902,2,1,-1,1,-1
201501VK30314,2,9,0,11,0,0,1,0,0,0,3,1,1,2,51,8,1061,1,11,-1,1,-1
201501VK30315,1,3,0,17,0,0,1,0,0,0,0,1,2,2,23,5,115,1,-1,-1,1,-1
201501VK30315,2,19,0,18,0,0,1,0,0,0,1,1,1,1,30,6,2287,2,3,-1,1,-1
201501VK30316,1,9,0,4,0,8,0,0,0,0,1,1,6,2,49,8,1598,1,1,-1,1,-1
201501VK30316,2,9,0,1,0,8,0,0,0,0,2,1,6,3,-1,-1,1984,1,8,-1,-1,-1
201501VK30317,1,1,0,18,0,0,0,0,0,0,3,1,2,1,39,7,-1,-1,-1,-1,-1,-1
201501VK30317,2,9,0,7,0,0,0,0,0,0,4,1,2,1,49,8,-1,-1,-1,-1,-1,-1
201501VK30319,1,9,0,9,0,8,0,0,0,0,1,1,6,1,33,6,1199,1,12,-1,-1,-1
201501VK30319,2,9,0,9,0,8,0,0,0,0,4,1,6,1,33,6,1199,1,13,-1,-1,-1
201501VK30320,1,9,0,4,0,0,0,0,1,0,4,1,6,2,20,4,1368,1,4,-1,1,-1
201501VK30320,2,1,0,9,0,0,0,0,0,0,3,1,6,2,14,3,-1,-1,-1,-1,1,-1
201501VK30321,1,3,0,17,0,8,0,10,0,0,4,1,6,1,20,4,124,1,8,-1,1,-1
201501VK30322,1,9,0,9,0,8,0,0,1,0,3,1,6,2,73,10,1339,1,1,-1,1,-1
201501VK30322,2,4,0,18,0,8,0,0,0,0,1,1,6,1,40,7,500,1,10,-1,1,-1
201501VK30323,1,11,0,7,0,8,0,0,0,0,0,1,1,3,-1,-1,-1,-1,-1,-1,-1,-1
201501VK30325,1,9,0,18,0,1,0,0,0,0,3,1,6,1,60,9,1461,2,9,-1,1,-1
201501VK30325,2,9,0,9,0,8,0,0,0,0,1,1,6,1,24,5,1796,1,12,-1,1,-1
201501VK30326,1,9,0,7,0,8,0,10,1,5,1,1,2,2,41,7,1598,1,4,-1,1,-1
201501VK30327,1,9,0,4,0,8,0,0,0,0,1,1,2,2,38,7,1896,2,10,-1,1,-1
201501VK30327,2,19,0,4,0,8,0,0,0,0,2,1,1,1,43,7,1998,2,12,-1,-1,-1
201501VK30329,1,19,0,12,0,8,0,0,0,0,2,1,1,2,28,6,1248,2,1,-1,1,-1
201501VK30329,2,9,0,18,0,8,0,0,0,0,1,1,6,2,60,9,1910,2,9,-1,1,-1
201501VK30332,1,1,0,18,0,8,0,0,0,0,4,1,6,1,32,6,-1,-1,-1,-1,1,-1
201501VK30332,2,9,0,7,0,8,0,0,0,0,1,1,6,2,-1,-1,2400,2,6,-1,-1,-1
201501VK30333,1,21,0,5,0,0,0,0,0,0,0,1,1,1,60,9,3920,2,6,-1,1,-1
201501VK30334,1,1,0,17,0,8,0,0,0,0,4,1,6,1,44,7,-1,-1,-1,-1,1,-1
201501VK30334,2,9,0,18,0,8,0,0,0,0,1,1,6,2,-1,-1,1248,1,5,-1,1,-1
201501VK30335,1,5,0,18,0,0,0,0,0,0,0,1,2,1,40,7,1215,1,3,-1,1,-1
201501VK30336,1,11,0,4,0,8,0,0,0,0,0,1,1,2,51,8,3900,2,12,-1,-1,-1
201501VK30338,1,9,0,3,0,8,0,0,0,0,1,1,1,1,39,7,2720,2,9,-1,1,-1
201501VK30338,2,9,0,9,0,8,0,0,0,0,3,1,6,2,43,7,2179,2,6,-1,1,-1
201501VK30338,3,9,0,3,0,8,0,0,0,0,4,1,6,2,41,7,1753,2,15,-1,1,-1
201501VK30339,1,9,0,9,0,8,0,0,0,0,2,1,2,1,38,7,1834,1,19,-1,1,-1
201501VK30339,2,9,0,18,0,8,0,0,0,0,1,1,6,1,-1,-1,1229,1,8,-1,-1,-1
201501VK30340,1,1,0,18,4,8,0,0,0,0,4,1,2,2,33,6,-1,-1,-1,-1,1,-1
201501VK30340,2,9,0,9,0,8,0,0,0,0,1,1,2,2,-1,-1,1242,1,5,-1,1,-1
201501VK30341,1,9,0,9,0,8,0,0,0,0,3,1,6,1,66,10,2496,2,13,-1,1,-1
201501VK30341,2,5,0,14,0,8,0,0,0,0,1,1,2,1,27,6,599,1,4,-1,1,-1
201501VK30342,1,8,0,18,0,8,0,10,1,2,1,1,1,1,21,5,1396,2,1,-1,1,-1
201501VK30343,1,90,0,13,0,0,0,0,0,0,1,1,1,1,29,6,-1,-1,-1,-1,1,-1
201501VK30343,2,9,0,9,0,0,0,0,0,0,3,1,2,1,49,8,1968,2,6,-1,1,-1
201501VK30344,1,9,0,4,0,0,0,0,0,0,2,1,2,1,69,10,1560,2,8,-1,2,-1
201501VK30344,2,9,0,18,0,0,0,0,0,0,1,1,2,2,27,6,1242,1,7,-1,1,-1
201501VK30345,1,9,0,4,0,0,0,0,0,0,2,1,6,1,32,6,1995,2,-1,-1,1,-1
201501VK30345,2,9,0,4,0,0,0,0,0,0,2,1,6,2,71,10,1997,1,4,-1,2,-1
201501VK30345,3,9,0,18,0,0,0,0,0,0,1,1,6,1,24,5,1229,1,9,-1,1,-1
201501VK30345,4,9,0,18,0,0,0,0,0,0,1,1,6,1,27,6,996,1,3,-1,1,-1
201501VK30346,1,11,0,4,0,0,0,0,1,0,4,1,1,1,49,8,9000,2,6,-1,1,-1
201501VK30347,1,5,0,13,0,8,0,0,0,0,3,1,6,1,41,7,865,1,7,-1,1,-1
201501VK30347,2,9,0,9,0,8,0,0,0,0,1,1,6,1,38,7,1998,2,9,-1,1,-1
201501VK30348,1,9,0,18,0,1,0,0,0,0,1,1,6,2,21,5,998,1,8,-1,1,-1
201501VK30348,2,9,0,18,0,2,0,0,0,0,2,1,3,2,37,7,2488,1,8,-1,1,-1
201501VK30349,1,90,0,18,0,0,0,0,0,0,1,1,6,3,-1,-1,-1,-1,-1,-1,-1,-1
201501VK30350,1,9,0,18,0,0,0,0,0,0,1,1,6,3,-1,-1,-1,-1,-1,-1,-1,-1
201501VK30351,1,9,0,4,0,2,0,0,0,0,2,1,2,1,37,7,1998,2,10,-1,1,-1
201501VK30351,2,9,0,18,0,2,0,0,0,0,1,1,6,1,20,4,-1,-1,-1,-1,1,-1
201501VK30352,1,9,0,9,0,0,0,0,0,0,3,1,2,2,52,8,-1,-1,-1,-1,1,-1
201501VK30352,2,3,0,13,0,0,0,0,0,0,1,1,1,1,18,4,108,1,-1,-1,1,-1
201501VK30355,1,9,0,7,0,8,0,0,0,0,2,1,6,1,44,7,1598,2,5,-1,1,-1
201501VK30355,2,9,0,13,0,8,0,0,0,0,1,1,6,3,-1,-1,-1,-1,-1,-1,-1,-1
201501VK30356,1,3,0,13,0,8,0,0,0,0,1,1,6,1,27,6,108,1,6,-1,1,-1
201501VK30356,2,9,0,9,0,8,0,0,0,0,3,1,6,1,44,7,-1,-1,-1,-1,1,-1
201501VK30357,1,9,0,16,0,8,0,0,0,0,2,1,6,1,46,8,3456,8,6,-1,1,-1
201501VK30357,2,3,0,16,0,8,0,0,0,0,1,1,6,1,26,6,124,1,1,-1,1,-1
201501VK30358,1,9,0,18,0,8,0,0,0,0,1,1,6,1,32,6,1199,1,16,-1,1,-1
201501VK30358,2,9,0,7,0,8,0,0,0,0,2,1,6,1,28,6,1995,2,5,-1,1,-1
201501VK30360,1,9,0,2,0,0,0,0,0,0,3,1,6,1,60,9,1910,2,10,-1,1,-1
201501VK30360,2,1,0,18,0,0,0,8,0,0,1,1,6,1,79,11,-1,-1,-1,-1,-1,-1
201501VK30362,1,11,0,18,0,2,0,0,0,0,4,1,1,3,-1,-1,-1,-1,-1,-1,-1,-1
201501VK30364,1,19,0,4,0,8,0,0,1,0,2,1,2,1,26,6,-1,-1,-1,-1,1,-1
201501VK30364,2,9,0,4,0,1,1,0,0,0,1,1,1,1,63,9,1796,1,14,-1,1,-1
201501VK30365,1,9,0,18,0,0,0,4,0,0,1,1,2,1,70,10,998,1,6,-1,1,-1
201501VK30365,2,19,0,2,0,0,0,0,0,0,2,1,1,1,-1,-1,2143,2,5,-1,1,-1
201501VK30367,1,9,0,18,0,8,0,0,0,0,1,1,6,2,58,9,1390,1,14,-1,1,-1
201501VK30367,2,3,0,18,0,8,0,0,0,0,1,1,6,1,28,6,124,1,1,-1,1,-1
201501VK30368,1,1,0,9,0,8,0,0,0,0,1,1,6,2,16,4,-1,-1,-1,-1,1,-1
201501VK30368,2,11,0,18,0,8,0,0,0,0,1,1,6,1,65,9,4500,2,8,-1,1,-1
201501VK30370,1,9,0,18,0,8,0,0,0,0,4,1,6,3,-1,-1,-1,-1,-1,-1,-1,-1
201501VK30371,1,9,0,18,0,2,0,0,0,0,3,1,6,3,-1,-1,-1,-1,-1,-1,-1,-1
201501VK30372,1,9,0,18,0,8,0,0,0,0,4,1,6,1,40,7,-1,-1,-1,-1,1,-1
201501VK30372,2,9,0,9,0,8,0,0,0,0,1,1,6,1,47,8,1997,1,8,-1,1,-1
201501VK30374,1,9,0,18,0,0,0,0,0,0,1,1,6,2,72,10,-1,-1,-1,-1,1,-1
201501VK30375,1,9,0,6,0,8,0,0,0,0,1,1,6,1,59,9,1796,1,10,-1,1,-1
201501VK30376,1,5,0,15,0,8,0,0,0,0,1,1,6,1,34,6,600,1,2,-1,1,-1
201501VK30376,2,9,0,9,0,8,0,0,0,0,1,1,6,1,43,7,2494,2,1,-1,-1,-1
201501VK30377,1,1,0,10,0,8,0,0,0,0,1,1,6,1,13,3,-1,-1,-1,-1,1,-1
201501VK30377,2,9,0,9,0,8,0,0,0,0,1,1,6,2,-1,-1,-1,-1,-1,-1,-1,-1
201501VK30378,1,9,0,18,0,8,0,0,0,0,1,1,6,1,36,7,1995,2,12,-1,1,-1
201501VK30378,2,9,0,7,0,8,0,0,0,0,1,1,6,2,23,5,-1,-1,-1,-1,1,-1
201501VK30379,1,9,0,12,0,0,0,0,0,0,1,1,6,1,84,11,1595,1,14,-1,1,-1
201501VK30379,2,8,0,18,0,0,0,0,0,0,1,1,6,1,56,9,1910,2,7,-1,1,-1
201501VK30380,1,11,0,4,0,8,0,0,0,0,0,1,6,1,49,8,6700,2,1,-1,1,-1
201501VK30380,2,9,0,11,0,8,0,0,0,0,0,1,6,3,-1,-1,1198,1,9,-1,-1,-1
201501VK30381,1,9,0,18,0,0,0,0,0,0,3,1,6,2,50,8,1997,1,1,-1,1,-1
201501VK30381,2,1,0,18,0,0,0,0,0,0,1,1,6,1,15,3,-1,-1,-1,-1,1,-1
201501VK30382,1,9,0,9,0,8,0,0,0,0,1,1,6,1,64,9,-1,-1,-1,-1,1,-1
201501VK30382,2,2,0,14,0,8,0,0,0,0,1,1,6,1,46,8,49,1,2,-1,1,-1
201501VK30383,1,9,0,18,0,0,0,0,0,0,1,1,6,2,19,4,1242,1,14,-1,1,-1
201501VK30384,1,9,0,9,0,8,0,0,0,0,3,1,6,1,25,5,-1,-1,-1,-1,1,-1
201501VK30384,2,3,0,18,0,8,0,0,0,0,1,1,6,1,25,5,109,1,1,-1,1,-1
201501VK30386,1,9,0,16,0,0,0,0,0,0,0,1,6,3,-1,-1,-1,-1,-1,-1,-1,-1
201501VK30387,1,3,0,18,0,8,0,0,0,0,1,1,1,1,27,6,125,1,4,-1,-1,-1
201501VK30387,2,9,0,9,0,8,0,0,0,0,3,1,6,1,21,5,2496,1,14,-1,1,-1
201501VK30388,1,9,0,9,0,8,0,0,0,0,1,1,6,1,37,7,1995,2,11,-1,1,-1
201501VK30388,2,9,0,18,0,8,0,0,0,0,1,1,6,2,29,6,1242,1,11,-1,1,-1
201501VK30391,1,1,0,9,0,8,0,0,0,0,3,1,6,2,35,6,-1,-1,-1,-1,-1,-1
201501VK30391,2,9,0,13,0,8,0,0,0,0,1,1,6,1,-1,-1,-1,-1,-1,-1,-1,-1
201501VK30392,1,9,0,18,0,0,0,0,0,0,1,1,6,3,-1,-1,1600,1,15,-1,-1,-1
201501VK30393,1,9,0,4,0,8,0,0,0,0,2,1,2,2,49,8,2993,2,4,-1,1,-1
201501VK30393,2,9,0,18,0,8,0,0,0,0,1,1,2,2,28,6,1798,1,4,-1,1,-1
201501VK30394,1,11,0,4,0,0,0,0,0,0,0,1,1,1,42,7,9360,2,7,-1,1,-1
201501VK30395,1,9,0,18,0,1,0,0,0,0,1,1,6,1,69,10,1560,2,1,-1,1,-1
201501VK30397,1,9,0,9,0,8,0,0,0,0,3,1,6,2,52,8,1086,1,5,-1,1,-1
201501VK30397,2,3,0,17,0,8,0,0,0,0,4,1,6,1,27,6,124,1,4,-1,1,-1
201501VK30398,1,9,0,18,0,8,0,10,3,2,1,1,6,3,-1,-1,1560,2,1,-1,-1,-1
201501VK30398,2,9,0,2,0,8,0,0,0,0,3,1,6,1,44,7,2000,2,6,-1,1,-1
201501VK30398,3,9,0,9,0,8,0,0,0,0,3,1,6,1,34,6,1796,1,7,-1,1,-1
201501VK30399,1,3,0,18,0,2,0,0,0,0,1,1,2,1,22,5,125,1,3,-1,1,-1
201501VK30400,1,11,0,4,0,0,0,0,0,0,0,1,1,1,30,6,9000,2,5,-1,1,-1
201501VK30401,1,9,0,18,0,0,0,0,0,0,3,1,6,2,26,6,2400,2,-1,-1,1,-1
201501VK30401,2,9,0,18,0,0,0,0,0,0,4,1,6,1,34,6,1968,2,7,-1,1,-1
201501VK30401,3,9,0,7,0,0,0,10,1,10,1,1,6,2,27,6,1398,1,4,-1,1,-1
201501VK30402,1,9,0,18,0,1,0,0,0,0,1,1,6,1,27,6,1995,2,10,-1,1,-1
201501VK30402,2,9,0,9,0,1,0,0,0,0,4,1,6,1,-1,-1,1995,2,11,-1,1,-1
201501VK30403,1,9,0,18,0,0,0,0,0,0,3,1,6,2,24,5,999,1,1,-1,1,-1
201501VK30403,2,9,0,11,0,0,0,0,0,0,4,1,6,1,-1,-1,1910,2,7,-1,-1,-1
201501VK30406,1,9,0,18,0,1,0,0,0,0,4,1,6,2,28,6,-1,-1,-1,-1,1,-1
201501VK30407,1,19,0,9,0,8,0,0,0,0,4,1,6,1,21,5,1753,2,11,-1,1,-1
201501VK30407,2,3,0,18,0,8,0,0,0,0,1,1,6,1,23,5,124,1,9,-1,1,-1
201501VK30409,1,9,0,18,0,8,0,0,0,0,1,1,6,1,20,4,1998,1,9,-1,2,-1
201501VK30409,2,9,0,9,0,8,0,0,0,0,4,1,6,2,28,6,-1,-1,-1,-1,1,-1
201501VK30411,1,9,0,7,0,8,0,0,0,0,1,1,2,1,33,6,2143,2,3,-1,1,-1
201501VK30412,1,5,0,9,0,8,0,0,0,0,1,1,2,1,-1,-1,-1,-1,-1,-1,-1,-1
201501VK30412,2,9,0,17,0,8,0,0,0,0,1,1,6,1,43,7,2143,2,4,-1,1,-1
201501VK30412,3,1,0,17,0,8,0,0,0,0,1,1,6,2,35,6,-1,-1,-1,-1,1,-1
201501VK30414,1,9,0,9,0,8,0,0,0,0,4,1,6,1,30,6,-1,-1,-1,-1,1,-1
201501VK30414,2,3,0,18,0,8,0,0,0,0,1,1,6,1,18,4,-1,-1,-1,-1,1,-1
201501VK30415,1,3,0,18,0,8,0,0,0,0,1,1,6,1,27,6,998,1,-1,-1,1,-1
201501VK30415,2,9,0,7,0,8,0,0,0,0,4,1,6,1,31,6,1797,8,5,-1,1,-1
201501VK30418,1,9,0,18,0,8,0,0,0,0,1,1,6,1,24,5,1360,1,13,-1,1,-1
201501VK30418,2,9,0,9,0,8,0,0,0,0,3,1,6,1,-1,-1,1995,1,8,-1,-1,-1
201501VK30419,1,9,0,4,0,1,0,0,0,0,2,1,6,2,27,6,1199,1,12,-1,-1,-1
201501VK30419,2,9,0,18,0,1,0,0,0,0,1,1,6,1,24,5,2000,2,10,-1,1,-1
201501VK30419,3,9,0,4,0,1,0,0,0,0,2,1,6,2,35,6,1390,1,4,-1,1,-1
201501VK30420,1,9,0,9,0,8,0,0,0,0,1,1,2,1,21,5,1199,1,12,-1,1,-1
201501VK30420,2,9,0,18,0,8,0,0,0,0,1,1,2,1,37,7,998,1,1,-1,1,-1
201501VK30421,1,9,0,4,0,0,0,0,0,0,2,1,6,2,25,5,1796,1,7,-1,1,-1
201501VK30421,2,9,0,18,0,0,0,0,0,0,1,1,6,2,25,5,-1,-1,-1,-1,1,-1
201501VK30424,1,9,0,7,0,2,0,0,0,0,3,1,6,2,59,9,1598,1,8,-1,1,-1
201501VK30425,1,9,0,4,0,8,0,0,0,0,2,1,6,2,34,6,1598,1,11,-1,1,-1
201501VK30425,2,19,0,18,0,8,0,0,0,0,1,1,6,3,-1,-1,-1,-1,-1,-1,-1,-1
201501VK30426,1,9,0,18,0,0,0,4,0,0,1,1,6,2,79,11,2316,1,19,-1,-1,-1
201501VK30426,2,9,0,2,0,0,0,0,0,0,1,1,6,3,-1,-1,-1,-1,-1,-1,-1,-1
201501VK30427,1,9,0,18,0,8,0,0,0,0,3,1,6,2,26,6,1390,1,15,-1,-1,-1
201501VK30427,2,9,0,9,0,8,0,0,0,0,1,1,6,1,21,5,1587,1,11,-1,1,-1
201501VK30428,1,9,0,18,0,8,0,0,0,0,1,1,6,1,29,6,1995,2,5,-1,1,-1
201501VK30428,2,9,0,18,0,8,0,0,0,0,4,1,6,1,30,6,1998,1,13,-1,1,-1
201501VK30430,1,1,0,18,0,2,0,0,0,0,1,1,6,1,28,6,-1,-1,-1,-1,1,-1
201501VK30432,1,9,0,9,0,8,0,0,0,0,3,1,6,1,53,8,1796,1,10,-1,-1,-1
201501VK30432,2,9,0,18,0,8,0,0,0,0,4,1,6,1,-1,-1,-1,-1,-1,-1,-1,-1
201501VK30433,1,9,0,13,0,0,0,0,0,0,4,1,6,3,-1,-1,1332,1,16,-1,-1,-1
201501VK30433,2,1,0,18,0,0,0,0,0,0,3,1,6,1,46,8,-1,-1,-1,-1,1,-1