Accident_Index,Vehicle_Reference,Vehicle_Type,Towing_and_Articulation,Vehicle_Manoeuvre,Vehicle_Location-Restricted_Lane,Junction_Location,Skidding_and_Overturning,Hit_Object_in_Carriageway,Vehicle_Leaving_Carriageway,Hit_Object_off_Carriageway,1st_Point_of_Impact,Was_Vehicle_Left_Hand_Drive?,Journey_Purpose_of_Driver,Sex_of_Driver,Age_of_Driver,Age_Band_of_Driver,Engine_Capacity_(CC),Propulsion_Code,Age_of_Vehicle,Driver_IMD_Decile,Driver_Home_Area_Type,Vehicle_IMD_Decile
201501VK30436,1,4,0,13,0,8,0,0,0,0,1,1,6,1,34,6,249,1,2,-1,-1,-1
201501VK30436,2,9,0,9,0,8,0,0,0,0,3,1,6,1,41,7,1587,1,9,-1,-1,-1
201501VK30441,1,5,0,18,0,1,0,0,0,0,0,1,2,1,39,7,599,1,16,-1,1,-1
201501VK30441,2,90,0,13,0,1,0,0,0,0,1,1,6,3,-1,-1,-1,-1,-1,-1,-1,-1
201501VK30443,1,11,0,9,0,2,0,0,0,0,1,1,1,1,41,7,7300,2,11,-1,-1,-1
201501VK30444,1,9,0,18,0,0,0,0,0,0,1,1,6,1,20,4,2776,2,10,-1,-1,-1
201501VK30444,2,9,0,18,0,0,0,0,0,0,1,1,6,1,40,7,-1,-1,-1,-1,-1,-1
201501VK39002,1,8,0,9,0,6,0,0,0,0,3,1,1,1,35,6,1339,8,6,-1,1,-1
201501VK39002,2,1,0,18,0,1,0,0,0,0,1,1,6,1,40,7,-1,-1,-1,-1,1,-1
201501VK39005,1,9,0,18,0,8,0,0,0,0,1,1,1,1,-1,-1,1598,2,-1,-1,-1,-1
201501VK39005,2,9,0,18,0,8,0,0,7,10,4,1,6,2,37,7,1598,1,10,-1,1,-1
201501VK39005,3,9,0,2,0,8,0,0,0,0,1,1,6,1,30,6,1398,1,8,-1,1,-1
201501VK39006,1,9,0,18,0,0,0,0,0,0,1,1,6,2,26,6,998,1,9,-1,1,-1
201501VK39006,2,9,0,2,0,0,0,0,0,0,3,1,6,3,-1,-1,1794,1,10,-1,-1,-1
201501VK39014,1,9,0,18,0,1,0,0,0,0,2,1,6,2,49,8,1360,1,8,-1,1,-1
201501VK39014,2,9,0,18,0,1,0,0,0,0,1,1,6,3,-1,-1,1991,2,10,-1,-1,-1
201501VW40004,1,9,0,7,0,8,0,0,0,0,4,2,6,2,-1,-1,875,1,3,-1,1,-1
201501VW40005,1,3,0,18,0,2,0,0,0,0,1,1,6,1,-1,-1,-1,-1,-1,-1,-1,-1
201501VW40006,1,11,0,5,0,0,0,0,0,0,1,1,1,2,37,7,6700,2,6,-1,1,-1
201501VW40007,1,11,0,2,0,0,0,0,0,0,0,1,1,1,63,9,4500,2,8,-1,-1,-1
201501VW40008,1,9,0,4,0,8,0,0,0,0,1,1,6,1,-1,-1,1598,1,10,-1,1,-1
201501VW40009,1,9,0,4,0,8,0,0,0,0,2,1,6,2,37,7,-1,-1,-1,-1,1,-1
201501VW40009,2,9,0,4,0,8,0,0,0,0,2,1,6,1,-1,-1,-1,-1,-1,-1,1,-1
201501VW40009,3,9,0,18,0,1,0,0,0,0,1,1,6,2,41,7,1587,1,12,-1,1,-1
201501VW40011,1,9,0,9,0,8,0,0,0,0,1,1,6,2,44,7,1984,2,8,-1,1,-1
201501VW40012,1,5,0,9,0,8,0,0,0,0,1,1,6,1,31,6,1000,1,3,-1,1,-1
201501VW40012,2,9,0,17,0,8,0,0,0,0,3,1,6,3,-1,-1,-1,-1,-1,-1,-1,-1
201501VW40013,1,9,0,9,0,8,0,0,0,0,1,1,1,1,55,8,1598,2,4,-1,1,-1
201501VW40013,2,9,0,18,0,8,0,0,0,0,3,1,1,1,36,7,-1,-1,-1,-1,1,-1
201501VW40014,1,9,0,9,0,8,0,0,0,0,1,1,6,1,57,9,2199,2,2,-1,1,-1
201501VW40014,2,1,0,18,0,8,0,0,0,0,1,1,6,1,-1,-1,-1,-1,-1,-1,1,-1
201501VW40015,1,9,0,4,0,8,0,0,0,0,2,1,6,2,26,6,1686,2,4,-1,1,-1
201501VW40015,2,90,0,18,0,8,0,0,0,0,1,1,1,1,47,8,-1,-1,-1,-1,1,-1
201501VW40016,1,9,0,3,0,0,0,0,1,0,2,1,2,2,50,8,1598,1,9,-1,1,-1
201501VW40016,2,9,0,18,0,0,0,0,0,0,1,1,6,1,-1,-1,-1,-1,-1,-1,1,-1
201501VW40017,1,9,0,9,0,8,0,0,0,0,2,1,4,1,30,6,2179,2,3,-1,1,-1
201501VW40017,2,19,0,18,0,8,0,0,0,0,1,1,6,1,-1,-1,1868,2,12,-1,-1,-1
201501VW40018,1,1,0,17,0,8,0,0,0,0,1,1,6,2,35,6,-1,-1,-1,-1,1,-1
201501VW40018,2,9,0,17,0,8,0,0,0,0,1,1,6,2,-1,-1,-1,-1,-1,-1,-1,-1
201501VW40020,1,9,0,4,0,0,0,4,0,0,1,1,6,2,79,11,1198,1,6,-1,1,-1
201501VW40020,2,19,0,2,0,0,0,0,0,0,2,1,1,1,31,6,2198,2,4,-1,1,-1
201501VW40021,1,9,0,18,0,8,0,0,0,0,3,1,6,2,55,8,-1,-1,-1,-1,1,-1
201501VW40021,2,9,0,9,0,8,0,0,0,0,1,1,6,1,58,9,1870,2,12,-1,1,-1
201501VW40022,1,8,0,4,0,8,0,0,0,0,4,1,1,1,57,9,2402,2,11,-1,1,-1
201501VW40022,2,9,0,5,0,8,0,0,0,0,1,1,6,1,47,8,2499,2,13,-1,1,-1
201501VW40023,1,1,0,18,0,0,0,0,1,0,3,1,6,1,42,7,-1,-1,-1,-1,1,-1
201501VW40023,2,9,0,12,0,0,0,0,0,0,4,1,6,1,-1,-1,-1,-1,-1,-1,-1,-1
201501VW40024,1,9,0,6,0,8,0,0,0,0,3,1,6,1,75,10,1596,1,7,-1,1,-1
201501VW40024,2,11,0,18,0,8,0,0,0,0,1,1,1,1,63,9,6696,2,2,-1,1,-1
201501VW40025,1,3,0,7,0,0,1,4,0,0,1,1,6,1,17,4,125,1,3,-1,1,-1
201501VW40025,2,9,0,2,0,0,0,0,0,0,3,1,6,3,-1,-1,-1,-1,-1,-1,1,-1
201501VW40026,1,1,0,18,0,8,0,0,0,0,1,1,6,2,25,5,-1,-1,-1,-1,1,-1
201501VW40026,2,90,0,9,0,8,0,0,0,0,3,1,1,2,-1,-1,-1,-1,-1,-1,-1,-1
201501VW40027,1,11,0,4,0,0,0,0,0,0,0,1,1,1,23,5,8268,2,14,-1,1,-1
201501VW40028,1,9,0,3,0,0,0,0,0,0,2,1,6,1,-1,-1,-1,-1,-1,-1,-1,-1
201501VW40028,2,9,0,3,0,0,0,0,0,0,2,1,6,1,-1,-1,-1,-1,-1,-1,-1,-1
201501VW40028,3,9,0,3,0,0,0,0,0,0,2,1,6,1,40,7,1995,2,4,-1,1,-1
201501VW40028,4,9,0,18,0,0,0,0,0,0,1,1,6,1,31,6,1587,1,9,-1,1,-1
201501VW40029,1,9,0,18,0,0,0,0,0,0,1,1,6,2,65,9,1997,1,6,-1,1,-1
201501VW40029,2,19,0,3,0,0,0,0,0,0,2,1,1,1,39,7,1399,2,5,-1,1,-1
201501VW40029,3,9,0,3,0,0,0,0,0,0,2,1,6,2,-1,-1,-1,-1,-1,-1,-1,-1
201501VW40029,4,9,0,3,0,0,0,0,0,0,2,1,6,1,-1,-1,-1,-1,-1,-1,-1,-1
201501VW40031,1,9,0,2,0,2,0,0,0,0,3,1,6,1,38,7,1686,2,10,-1,1,-1
201501VW40031,2,19,0,18,0,2,0,8,0,0,4,1,6,1,28,6,-1,-1,-1,-1,1,-1
201501VW40032,1,9,0,18,0,8,0,0,0,0,1,1,2,1,33,6,-1,-1,-1,-1,1,-1
201501VW40032,2,9,0,10,0,8,0,0,0,0,2,1,2,1,41,7,1299,1,11,-1,1,-1
201501VW40033,1,9,0,7,0,8,0,0,0,0,1,1,6,1,28,6,1995,2,9,-1,1,-1
201501VW40034,1,9,0,17,0,8,0,0,0,0,1,1,2,2,29,6,998,1,4,-1,1,-1
201501VW40034,2,1,0,17,0,8,0,0,0,0,2,1,2,1,42,7,-1,-1,-1,-1,1,-1
201501VW40035,1,9,0,10,0,8,0,0,0,0,2,1,6,2,43,7,2792,1,13,-1,1,-1
201501VW40035,2,9,0,10,0,8,0,0,0,0,1,1,6,2,62,9,1248,2,5,-1,1,-1
201501VW40035,3,9,0,18,0,8,0,0,0,0,1,1,6,2,28,6,-1,-1,-1,-1,1,-1
201501VW40036,1,9,0,18,0,8,0,0,0,0,1,1,6,1,36,7,1686,2,10,-1,1,-1
201501VW40039,1,5,0,18,0,8,0,0,0,0,1,1,2,2,38,7,599,1,3,-1,1,-1
201501VW40039,2,9,0,9,0,8,0,0,0,0,4,1,6,1,44,7,-1,-1,-1,-1,1,-1
201501VW40041,1,9,0,11,0,8,0,0,0,0,3,1,6,1,24,5,1598,1,13,-1,1,-1
201501VW40041,2,11,0,18,0,1,0,0,0,0,4,1,1,3,-1,-1,6700,2,8,-1,-1,-1
201501VW40042,1,9,0,3,0,0,0,0,0,0,2,1,2,1,33,6,1360,1,9,-1,1,-1
201501VW40042,2,19,0,18,0,0,0,0,0,0,1,1,6,1,-1,-1,2287,2,8,-1,1,-1
201501VW40043,1,9,0,3,0,0,0,0,0,0,2,1,6,1,42,7,1797,8,5,-1,1,-1
201501VW40043,2,9,0,5,0,0,0,0,0,0,1,1,6,1,63,9,3498,1,2,-1,1,-1
201501VW40046,1,19,0,18,0,8,2,0,0,0,1,1,1,1,37,7,1598,2,1,-1,1,-1
201501VW40047,1,19,0,18,0,0,0,0,0,0,1,1,1,1,46,8,1461,2,6,-1,1,-1
201501VW40047,2,3,0,18,0,0,1,0,0,0,1,1,6,1,20,4,-1,-1,-1,-1,-1,-1
201501VW40048,1,9,0,7,0,8,0,0,0,0,1,1,6,2,-1,-1,1242,1,13,-1,-1,-1
201501VW40049,1,9,0,11,0,0,0,0,0,0,4,1,3,2,69,10,1298,1,7,-1,1,-1
201501VW40049,2,8,0,18,0,0,0,0,1,0,1,1,1,1,41,7,2499,2,5,-1,1,-1
201501VW40050,1,5,0,17,0,0,1,0,1,0,0,1,2,1,50,8,749,1,-1,-1,1,-1
201501VW40051,1,2,0,4,0,0,0,0,0,0,1,1,2,1,17,4,-1,-1,-1,-1,1,-1
201501VW40051,2,9,0,4,0,0,0,0,0,0,2,1,6,1,-1,-1,-1,-1,-1,-1,-1,-1
201501VW40052,1,1,0,5,0,8,0,0,0,0,1,1,6,2,38,7,-1,-1,-1,-1,1,-1
201501VW40052,2,9,0,7,0,1,0,0,0,0,4,1,6,2,-1,-1,-1,-1,-1,-1,1,-1
201501VW40053,1,9,0,18,0,8,0,0,0,0,4,1,6,2,27,6,1598,1,2,-1,1,-1
201501VW40053,2,9,0,7,0,8,0,0,0,0,3,1,6,1,-1,-1,1998,2,15,-1,-1,-1
201501VW40054,1,3,0,18,0,0,0,0,0,0,1,1,2,2,31,6,-1,-1,-1,-1,1,-1
201501VW40054,2,19,0,11,0,0,0,0,0,0,4,1,2,1,28,6,2143,2,1,-1,1,-1
201501VW40055,1,8,0,5,0,8,0,4,1,0,1,1,4,2,52,8,-1,-1,-1,-1,3,-1
201501VW40055,2,9,0,2,0,8,0,0,0,0,3,1,6,1,30,6,1896,2,8,-1,1,-1
201501VW40057,1,9,0,3,0,0,0,0,0,0,2,1,6,2,55,8,973,1,13,-1,1,-1
201501VW40057,2,3,0,18,0,0,0,0,0,0,1,1,1,1,28,6,125,1,1,-1,1,-1
201501VW40058,1,9,0,9,0,8,0,0,0,0,1,1,6,1,48,8,1794,1,10,-1,1,-1
201501VW40059,1,9,0,1,0,0,0,0,0,0,2,1,2,2,20,4,1390,1,12,-1,1,-1
201501VW40059,2,9,0,18,0,0,0,0,0,0,4,1,2,2,21,5,1242,1,4,-1,1,-1
201501VW40060,1,9,0,3,0,1,0,0,0,0,2,1,2,1,31,6,-1,-1,-1,-1,1,-1
201501VW40060,2,9,0,18,0,1,0,0,0,0,1,1,6,1,-1,-1,-1,-1,-1,-1,-1,-1
201501VW40061,1,9,0,9,0,8,0,0,0,0,1,1,3,2,39,7,1242,1,6,-1,1,-1
201501VW40062,1,19,0,11,0,8,0,0,0,0,4,1,6,1,36,7,1753,2,3,-1,1,-1
201501VW40062,2,4,0,18,0,8,0,0,0,0,1,1,6,1,31,6,599,1,2,-1,1,-1
201501VW40063,1,9,0,3,0,8,0,0,0,0,2,1,1,1,38,7,1560,2,2,-1,1,-1
201501VW40063,2,19,0,18,0,8,0,0,0,0,1,1,6,1,-1,-1,2402,2,9,-1,-1,-1
201501VW40064,1,5,0,14,0,8,0,0,0,0,1,1,6,1,36,7,599,1,15,-1,1,-1
201501VW40064,2,9,0,9,0,8,0,0,0,0,1,1,6,2,27,6,1360,1,14,-1,1,-1
201501VW40065,1,9,0,9,0,8,0,0,0,0,1,1,6,1,59,9,2967,2,9,-1,1,-1
201501VW40065,2,9,0,5,0,8,0,0,0,0,4,1,6,1,33,6,1598,1,8,-1,1,-1
201501VW40066,1,9,0,3,0,8,0,0,0,0,2,1,6,1,41,7,-1,-1,-1,-1,1,-1
201501VW40066,2,9,0,18,0,8,0,0,0,0,1,1,6,2,-1,-1,-1,-1,-1,-1,-1,-1
201501VW40067,1,9,0,3,0,1,0,0,0,0,2,1,6,1,42,7,1360,1,15,-1,1,-1
201501VW40067,2,19,0,18,0,1,0,0,0,0,1,1,6,1,-1,-1,1995,2,1,-1,1,-1
201501VW40068,1,8,0,7,0,1,0,0,0,0,1,1,1,1,30,6,1910,2,5,-1,-1,-1
201501VW40069,1,19,0,6,0,0,0,4,0,0,2,1,1,1,48,8,1870,2,13,-1,1,-1
201501VW40069,2,9,0,2,0,0,0,0,0,0,2,1,6,3,-1,-1,1995,2,7,-1,-1,-1
201501VW40069,3,9,0,18,0,0,0,0,0,0,1,1,6,1,21,5,2993,2,7,-1,1,-1
201501VW40070,1,3,0,18,0,1,0,7,0,0,3,1,6,1,21,5,125,1,8,-1,1,-1
201501VW40072,1,9,0,4,0,1,0,0,0,0,1,1,6,1,62,9,1995,2,3,-1,1,-1
201501VW40073,1,9,0,4,0,0,0,0,0,0,4,1,6,1,42,7,1598,1,8,-1,1,-1
201501VW40074,1,19,0,9,0,8,0,0,0,0,1,1,1,1,59,9,1968,2,4,-1,1,-1
201501VW40075,1,9,0,3,0,8,0,0,0,0,2,1,2,1,28,6,1461,2,6,-1,1,-1
201501VW40075,2,8,0,4,0,8,0,0,1,0,1,1,6,1,57,9,1796,1,5,-1,1,-1
201501VW40076,1,9,0,9,0,8,0,0,0,0,1,1,2,2,30,6,1390,1,11,-1,1,-1
201501VW40076,2,3,0,5,0,8,0,0,1,0,1,1,6,1,39,7,124,1,-1,-1,1,-1
201501VW40077,1,9,0,4,0,8,0,0,0,0,2,1,6,2,29,6,1149,1,6,-1,1,-1
201501VW40077,2,9,0,18,0,8,0,0,0,0,1,1,6,2,21,5,1198,1,3,-1,1,-1
201501VW40079,1,9,0,18,0,8,0,0,0,0,1,1,6,1,34,6,1596,1,15,-1,1,-1
201501VW40080,1,9,0,5,0,8,0,0,0,0,3,1,6,1,28,6,1396,1,13,-1,1,-1
201501VW40081,1,11,0,7,0,8,0,0,0,0,4,1,1,3,-1,-1,-1,-1,-1,-1,-1,-1
201501VW40082,1,9,0,9,0,8,0,0,0,0,1,1,6,1,39,7,1598,1,15,-1,1,-1
201501VW40082,2,4,0,18,0,8,0,0,1,0,1,1,6,1,44,7,498,1,16,-1,1,-1
201501VW40083,1,9,0,5,0,1,0,0,0,0,1,1,1,2,36,7,1997,2,6,-1,1,-1
201501VW40083,2,1,0,17,0,8,0,0,0,0,4,1,6,2,31,6,-1,-1,-1,-1,1,-1
201501VW40085,1,19,0,4,0,8,0,0,0,0,1,1,1,1,-1,-1,1753,2,7,-1,1,-1
201501VW40085,2,9,0,18,0,8,0,0,0,0,2,1,2,2,37,7,1796,1,6,-1,1,-1
201501VW40086,1,5,0,18,0,8,0,0,0,0,1,1,1,1,45,7,-1,-1,-1,-1,-1,-1
201501VW40087,1,5,0,18,0,8,0,0,0,0,1,1,6,1,45,7,883,1,15,-1,1,-1
201501VW40087,2,9,0,9,0,8,0,0,0,0,1,1,6,2,48,8,1242,1,8,-1,1,-1
201501VW40088,1,3,0,4,0,0,0,0,0,0,0,1,1,1,25,5,125,1,2,-1,1,-1
201501VW40088,2,9,0,4,0,0,0,0,0,0,0,1,6,3,-1,-1,1984,1,12,-1,-1,-1
201501VW40089,1,9,0,5,0,8,0,0,0,0,4,1,2,2,37,7,1968,2,2,-1,1,-1
201501VW40089,2,9,0,17,0,8,0,0,0,0,1,1,6,1,28,6,1995,2,1,-1,1,-1
201501VW40090,1,19,0,18,0,8,0,0,0,0,1,1,1,1,26,6,2143,2,4,-1,1,-1
201501VW40090,2,9,0,9,0,8,0,0,0,0,4,1,6,1,-1,-1,-1,-1,-1,-1,2,-1
201501VW40091,1,9,0,12,0,8,0,0,0,0,0,1,2,2,28,6,-1,-1,-1,-1,1,-1
201501VW40091,2,9,0,11,0,8,0,0,0,0,3,1,4,3,-1,-1,-1,-1,-1,-1,-1,-1
201501VW40091,3,1,0,18,0,8,0,0,0,0,1,1,6,1,47,8,-1,-1,-1,-1,1,-1
201501VW40092,1,19,0,11,0,8,0,0,0,0,2,1,1,1,38,7,2198,2,3,-1,1,-1
201501VW40092,2,9,0,3,0,8,0,0,0,0,1,1,6,2,31,6,1598,1,9,-1,1,-1
201501VW40092,3,9,0,4,0,8,0,0,0,0,0,1,2,1,31,6,998,1,2,-1,1,-1
201501VW40094,1,2,0,18,0,8,0,0,0,0,1,1,2,1,44,7,-1,-1,-1,-1,1,-1
201501VW40094,2,9,0,9,0,8,0,0,0,0,4,1,2,1,26,6,1997,2,2,-1,1,-1
201501VW40095,1,11,0,4,0,0,0,0,0,0,1,1,1,1,29,6,4500,2,-1,-1,1,-1
201501VW40095,2,9,0,4,0,0,0,0,0,0,2,1,6,1,40,7,-1,-1,-1,-1,1,-1
201501VW40095,3,2,0,9,0,0,0,0,0,0,4,1,6,1,39,7,125,1,3,-1,1,-1
201501VW40095,4,9,0,4,0,0,0,0,0,0,1,1,6,1,43,7,1997,2,4,-1,1,-1
201501VW40096,1,9,0,4,0,0,1,0,0,0,2,1,2,2,31,6,1275,1,18,-1,1,-1
201501VW40096,2,9,0,18,0,0,0,0,0,0,1,1,4,3,-1,-1,-1,-1,-1,-1,-1,-1
201501VW40097,1,9,0,9,0,8,0,0,0,0,1,1,3,1,47,8,2157,1,15,-1,1,-1
201501VW40097,2,1,0,18,0,8,0,0,0,0,1,1,2,2,45,7,-1,-1,-1,-1,1,-1
201501VW40098,1,9,0,18,0,0,0,0,0,0,1,1,6,1,17,4,1242,1,4,-1,1,-1
201501VW40099,1,3,0,18,0,8,0,0,0,0,4,1,1,1,21,5,124,1,1,-1,1,-1
201501VW40099,2,1,0,9,0,8,0,0,0,0,1,1,2,2,27,6,-1,-1,-1,-1,1,-1
201501VW40100,1,9,0,18,0,8,0,0,1,0,1,1,4,2,-1,-1,1595,1,12,-1,1,-1
201501VW40101,1,9,0,4,0,0,0,0,0,0,2,1,2,1,27,6,1197,1,1,-1,1,-1
201501VW40101,2,9,0,18,0,0,0,0,1,0,1,1,2,1,-1,-1,-1,-1,-1,-1,1,-1
201501VW40102,1,9,0,9,0,8,0,0,0,0,1,1,6,2,45,7,999,1,14,-1,1,-1
201501VW40102,2,1,0,18,0,8,0,0,0,0,1,1,1,1,42,7,-1,-1,-1,-1,1,-1
201501VW40103,1,9,0,3,0,8,0,0,0,0,1,1,6,1,26,6,1598,2,-1,-1,1,-1
201501VW40103,2,9,0,18,0,8,0,0,0,0,2,1,2,1,28,6,1390,1,4,-1,1,-1
201501VW40105,1,9,0,18,0,0,0,0,0,0,4,1,6,1,53,8,1398,1,12,-1,1,-1
201501VW40107,1,9,0,9,0,8,0,0,0,0,1,1,6,1,31,6,1596,1,5,-1,1,-1
201501VW40107,2,8,0,15,0,8,0,0,0,0,3,1,1,1,50,8,1598,1,11,-1,1,-1
201501VW40110,1,9,0,5,0,0,0,0,0,0,3,1,6,1,26,6,1797,8,1,-1,1,-1
201501VW40110,2,19,0,11,0,0,0,0,0,0,4,1,6,1,-1,-1,1968,2,5,-1,-1,-1
201501VW40112,1,9,0,4,0,8,1,0,1,0,1,1,6,1,66,10,1910,2,10,-1,1,-1
201501VW40114,1,19,0,18,0,8,0,0,0,0,1,1,2,1,55,8,1560,2,3,-1,1,-1
201501VW40114,2,11,0,9,0,8,0,0,0,0,1,1,1,1,30,6,4500,2,4,-1,1,-1
201501VW40115,1,9,0,9,0,8,0,0,0,0,3,1,1,1,70,10,1995,1,13,-1,1,-1
201501VW40115,2,1,0,18,0,8,0,0,0,0,1,1,6,1,41,7,-1,-1,-1,-1,1,-1
201501VW40116,1,1,0,14,0,0,0,4,0,0,1,1,2,2,45,7,-1,-1,-1,-1,1,-1
201501VW40116,2,9,0,2,0,0,0,0,1,0,3,1,6,1,-1,-1,1998,1,6,-1,-1,-1
201501VW40118,1,9,0,4,0,8,0,0,0,0,2,1,6,1,38,7,1598,2,3,-1,1,-1
201501VW40118,2,9,0,18,0,8,0,0,0,0,1,1,6,1,61,9,1794,1,9,-1,1,-1
201501VW40119,1,9,0,3,0,8,0,0,0,0,4,1,6,1,-1,-1,1968,2,4,-1,1,-1
201501VW40119,2,1,0,18,0,8,0,8,0,0,1,1,6,1,29,6,-1,-1,-1,-1,1,-1
201501VW40120,1,9,0,3,0,8,0,0,0,0,2,1,6,1,-1,-1,-1,-1,-1,-1,1,-1
201501VW40120,2,9,0,4,0,8,0,0,0,0,1,1,6,1,35,6,1798,1,13,-1,1,-1
201501VW40121,1,9,0,18,0,8,0,0,0,0,1,1,6,1,19,4,899,1,2,-1,1,-1
201501VW40123,1,9,0,17,0,8,0,0,0,0,4,1,6,1,55,8,2995,1,7,-1,-1,-1
201501VW40123,2,11,0,17,0,8,0,0,0,0,3,1,1,1,46,8,7300,2,12,-1,1,-1
201501VW40124,1,9,0,18,0,8,0,0,0,0,4,1,6,1,47,8,-1,-1,-1,-1,-1,-1
201501VW40124,2,9,0,9,0,8,0,0,0,0,1,1,6,1,52,8,1598,2,2,-1,1,-1
201501VW40125,1,19,0,17,0,8,0,10,3,1,1,1,6,1,61,9,-1,-1,-1,-1,1,-1
201501VW40125,2,9,0,9,0,8,0,0,0,0,3,1,6,2,24,5,1200,1,1,-1,1,-1
201501VW40126,1,20,0,9,0,8,0,0,0,0,0,1,1,3,-1,-1,-1,-1,-1,-1,-1,-1
201501VW40127,1,11,0,4,0,8,0,0,0,0,0,1,1,1,23,5,6692,2,6,-1,1,-1
201501VW40128,1,5,0,14,0,1,0,0,0,0,4,1,6,1,25,5,449,1,9,-1,1,-1
201501VW40128,2,3,0,4,0,1,0,0,0,0,3,1,6,1,-1,-1,-1,-1,-1,-1,-1,-1
201501VW40129,1,9,0,16,0,8,0,0,0,0,2,1,6,1,56,9,1587,1,8,-1,1,-1
201501VW40129,2,19,0,7,0,8,0,0,0,0,1,1,6,3,-1,-1,2402,2,8,-1,-1,-1
201501VW40130,1,5,0,18,0,8,0,0,0,0,3,1,6,1,42,7,654,1,4,-1,1,-1
201501VW40130,2,9,0,9,0,8,0,0,0,0,1,1,6,1,55,8,1242,1,9,-1,1,-1
201501VW40131,1,9,0,9,0,8,0,0,0,0,3,1,2,1,57,9,1968,2,1,-1,1,-1
201501VW40131,2,3,0,14,0,8,0,0,0,0,1,1,6,1,41,7,125,1,5,-1,1,-1
201501VW40132,1,19,0,3,0,8,0,0,0,0,2,1,1,1,34,6,-1,-1,-1,-1,-1,-1
201501VW40132,2,9,0,18,0,8,0,0,0,0,1,1,6,1,-1,-1,-1,-1,-1,-1,-1,-1
201501VW40134,1,9,0,16,0,1,0,0,0,0,2,1,6,1,33,6,1598,1,8,-1,1,-1
201501VW40134,2,9,0,16,0,1,0,0,0,0,1,1,6,1,30,6,1597,1,16,-1,1,-1
201501VW40135,1,9,0,9,0,8,0,0,0,0,3,1,6,2,43,7,1986,2,9,-1,1,-1
201501VW40135,2,1,0,18,0,8,0,0,0,0,1,1,6,1,-1,-1,-1,-1,-1,-1,-1,-1
201501VW40136,1,3,0,4,0,8,0,0,0,0,1,1,1,1,37,7,125,1,8,-1,1,-1
201501VW40137,1,9,0,4,0,8,0,0,0,0,1,1,6,1,50,8,2298,1,17,-1,1,-1
201501VW40139,1,9,0,7,0,8,0,0,0,0,0,1,2,1,38,7,1598,1,10,-1,1,-1
201501VW40139,2,1,0,4,0,8,0,0,0,0,0,1,2,1,29,6,-1,-1,-1,-1,-1,-1
201501VW40140,1,9,0,18,0,1,0,0,0,0,1,1,2,2,51,8,1598,1,8,-1,1,-1
201501VW40140,2,19,0,4,0,1,0,0,0,0,2,1,2,1,35,6,1995,2,8,-1,1,-1
201501VW40141,1,9,0,2,0,0,0,0,0,0,2,1,6,1,59,9,2199,2,4,-1,1,-1
201501VW40141,2,9,0,1,0,0,0,4,0,0,2,1,6,1,-1,-1,2494,1,27,-1,-1,-1
201501VW40142,1,9,0,9,0,8,0,0,0,0,1,1,6,1,41,7,1598,1,11,-1,1,-1
201501VW40144,1,9,0,7,0,1,0,0,0,0,4,1,6,1,-1,-1,-1,-1,-1,-1,-1,-1
201501VW40144,2,1,0,18,0,1,0,0,0,0,3,1,6,1,27,6,-1,-1,-1,-1,1,-1
201501VW40145,1,9,0,16,0,8,0,0,0,0,1,1,6,2,23,5,1198,1,5,-1,1,-1
201501VW40145,2,4,0,10,0,8,0,0,0,0,2,1,6,1,40,7,109,1,1,-1,1,-1
201501VW40146,1,9,0,18,0,0,0,0,0,0,1,1,6,2,25,5,999,1,1,-1,1,-1
201501VW40146,2,9,0,12,0,0,0,0,0,0,1,1,6,2,43,7,1461,2,10,-1,1,-1
201501VW40147,1,9,0,7,0,8,0,0,0,0,4,1,1,1,25,5,-1,-1,-1,-1,3,-1
201501VW40147,2,1,0,18,0,8,0,0,0,0,1,1,2,1,56,9,-1,-1,-1,-1,1,-1
201501VW40148,1,9,0,17,0,0,0,0,0,0,1,1,6,2,34,6,1149,1,12,-1,1,-1
201501VW40149,1,9,0,18,0,0,0,0,0,0,2,1,6,1,22,5,1149,1,10,-1,1,-1
201501VW40149,2,9,0,18,0,0,0,0,0,0,1,1,6,1,34,6,1497,8,9,-1,-1,-1
201501VW40149,3,9,0,4,0,0,0,0,0,0,2,1,6,2,-1,-1,-1,-1,-1,-1,-1,-1
201501VW40151,1,9,0,3,0,0,0,0,0,0,2,1,6,2,54,8,-1,-1,-1,-1,1,-1
201501VW40151,2,9,0,4,0,0,0,0,0,0,1,1,6,1,69,10,2993,2,10,-1,1,-1
201501VW40153,1,9,0,2,0,8,0,0,0,0,3,1,2,1,58,9,1597,1,13,-1,1,-1
201501VW40153,2,1,0,14,0,8,0,4,0,0,1,1,2,1,37,7,-1,-1,-1,-1,1,-1
201501VW40154,1,21,0,1,0,0,0,4,0,0,3,1,1,1,36,7,4462,2,2,-1,1,-1
201501VW40154,2,9,0,2,0,0,0,0,0,0,2,1,6,1,50,8,2295,1,16,-1,1,-1
201501VW40155,1,5,0,18,0,8,0,0,1,0,1,1,6,1,40,7,279,1,2,-1,1,-1
201501VW40155,2,9,0,9,0,8,0,0,0,0,4,1,6,1,-1,-1,-1,-1,-1,-1,-1,-1
201501VW40156,1,11,0,18,0,8,0,0,0,0,1,1,1,1,42,7,4500,2,8,-1,1,-1
201501VW40156,2,9,0,7,0,8,0,0,0,0,4,1,6,2,38,7,-1,-1,-1,-1,1,-1
201501VW40159,1,9,0,18,0,1,0,10,1,2,1,1,6,2,75,10,1150,1,8,-1,1,-1
201501VW40159,2,9,0,3,0,1,0,0,0,0,2,1,6,2,36,7,-1,-1,-1,-1,1,-1
201501VW40160,1,9,0,18,0,1,0,0,0,0,4,1,6,1,-1,-1,1364,1,1,-1,1,-1
201501VW40160,2,1,0,18,0,1,0,0,0,0,1,1,6,1,13,3,-1,-1,-1,-1,-1,-1
201501VW40161,1,4,0,18,0,8,0,0,0,0,1,1,1,1,22,5,670,1,2,-1,1,-1