Accident_Index,Vehicle_Reference,Vehicle_Type,Towing_and_Articulation,Vehicle_Manoeuvre,Vehicle_Location-Restricted_Lane,Junction_Location,Skidding_and_Overturning,Hit_Object_in_Carriageway,Vehicle_Leaving_Carriageway,Hit_Object_off_Carriageway,1st_Point_of_Impact,Was_Vehicle_Left_Hand_Drive?,Journey_Purpose_of_Driver,Sex_of_Driver,Age_of_Driver,Age_Band_of_Driver,Engine_Capacity_(CC),Propulsion_Code,Age_of_Vehicle,Driver_IMD_Decile,Driver_Home_Area_Type,Vehicle_IMD_Decile
201501VW40161,2,19,0,9,0,8,0,0,0,0,3,1,1,3,-1,-1,-1,-1,-1,-1,-1,-1
201501VW40162,1,9,0,4,0,1,0,0,0,0,4,1,6,2,33,6,998,1,1,-1,1,-1
201501VW40163,1,9,0,18,0,8,0,4,0,0,1,1,6,2,59,9,1598,1,1,-1,1,-1
201501VW40163,2,9,0,2,0,8,0,0,0,0,1,1,6,1,50,8,-1,-1,-1,-1,1,-1
201501VW40164,1,1,0,15,0,8,0,0,1,4,1,1,4,1,18,4,-1,-1,-1,-1,1,-1
201501VW40164,2,9,0,3,0,8,0,0,0,0,4,1,3,2,-1,-1,1595,1,4,-1,-1,-1
201501VW40165,1,11,0,4,0,0,0,0,0,0,0,1,1,1,52,8,-1,-1,-1,-1,1,-1
201501VW40167,1,3,0,18,0,0,1,0,0,0,0,1,6,1,-1,-1,-1,-1,-1,-1,-1,-1
201501VW40168,1,9,0,18,0,8,0,0,1,0,1,1,1,1,71,10,1800,1,2,-1,1,-1
201501VW40168,2,9,0,12,0,1,0,0,7,4,1,1,1,2,69,10,1248,1,4,-1,1,-1
201501VW40168,3,9,0,11,0,8,0,0,0,0,3,1,1,1,21,5,998,1,1,-1,1,-1
201501VW40169,1,8,0,18,0,8,0,0,0,0,1,1,1,1,54,8,-1,-1,-1,-1,1,-1
201501VW40169,2,9,0,9,0,8,0,0,0,0,3,1,6,1,25,5,2000,2,4,-1,1,-1
201501VW40170,1,9,0,9,0,8,0,0,0,0,3,1,2,1,64,9,998,1,3,-1,1,-1
201501VW40170,2,5,0,13,0,8,0,0,0,0,1,1,2,1,46,8,-1,-1,-1,-1,1,-1
201501VW40171,1,9,0,7,0,8,0,0,0,0,3,1,1,2,44,7,1242,1,2,-1,1,-1
201501VW40171,2,1,0,18,0,8,0,0,1,0,1,1,2,1,37,7,-1,-1,-1,-1,1,-1
201501VW40172,1,9,0,9,0,8,0,0,0,0,1,1,2,2,59,9,998,1,6,-1,1,-1
201501VW40172,2,3,0,18,0,8,0,0,1,0,2,1,2,2,-1,-1,124,1,5,-1,1,-1
201501VW40174,1,8,0,9,0,8,0,0,1,0,1,1,6,1,19,4,1398,1,9,-1,1,-1
201501VW40174,2,1,0,9,0,8,0,0,0,0,1,1,6,1,39,7,-1,-1,-1,-1,1,-1
201501VW40176,1,9,0,4,0,8,0,0,0,0,4,1,1,1,50,8,1968,2,10,-1,1,-1
201501VW40177,1,3,0,18,0,0,0,4,0,0,4,1,1,1,27,6,108,1,-1,-1,1,-1
201501VW40177,2,9,0,2,0,0,0,0,0,0,3,1,6,1,-1,-1,-1,-1,-1,-1,1,-1
201501VW40179,1,9,0,4,0,0,0,0,0,0,3,1,2,1,50,8,1596,1,11,-1,1,-1
201501VW40180,1,9,0,9,0,8,0,0,0,0,4,1,6,1,37,7,1206,1,4,-1,1,-1
201501VW40180,2,9,0,18,0,8,0,0,0,0,1,1,1,1,-1,-1,-1,-1,-1,-1,-1,-1
201501VW40181,1,9,0,18,0,0,0,0,0,0,1,1,6,2,47,8,998,1,18,-1,1,-1
201501VW40181,2,9,0,4,0,0,0,0,0,0,2,1,6,1,49,8,1329,1,6,-1,1,-1
201501VW40182,1,9,0,18,0,2,0,0,0,0,4,1,6,2,34,6,1560,2,9,-1,1,-1
201501VW40183,1,3,0,18,0,8,1,0,0,0,2,1,6,1,27,6,108,1,7,-1,1,-1
201501VW40183,2,9,0,18,0,8,0,0,0,0,1,1,6,1,28,6,2698,2,7,-1,1,-1
201501VW40183,3,9,0,12,0,8,0,0,0,0,0,1,1,1,-1,-1,1686,2,3,-1,-1,-1
201501VW40184,1,9,0,18,0,0,0,0,0,0,1,1,1,1,33,6,1910,2,8,-1,1,-1
201501VW40184,2,8,0,3,0,0,0,0,0,0,2,1,1,1,50,8,1956,2,5,-1,1,-1
201501VW40184,3,9,0,3,0,0,0,0,0,0,2,1,6,1,-1,-1,1598,1,18,-1,1,-1
201501VW40184,4,9,0,3,0,0,0,0,0,0,2,1,6,2,40,7,998,1,1,-1,-1,-1
201501VW40185,1,19,0,3,0,0,0,0,0,0,2,1,6,1,-1,-1,1461,2,8,-1,1,-1
201501VW40185,2,9,0,18,0,0,0,0,0,0,1,1,6,1,-1,-1,1968,2,6,-1,1,-1
201501VW40186,1,21,4,18,0,0,0,0,0,0,1,2,1,1,50,8,-1,-1,-1,-1,-1,-1
201501VW40186,2,9,0,14,0,0,0,0,0,0,4,1,6,2,51,8,1341,1,10,-1,1,-1
201501VW40187,1,21,0,1,0,0,0,0,0,0,2,1,1,1,65,9,6692,2,7,-1,-1,-1
201501VW40188,1,9,0,4,0,8,0,0,0,0,1,1,6,1,62,9,1339,1,11,-1,1,-1
201501VW40189,1,1,0,18,0,8,0,0,0,0,1,1,6,1,13,3,-1,-1,-1,-1,1,-1
201501VW40189,2,20,0,7,0,8,0,0,0,0,4,1,1,1,63,9,3920,2,9,-1,1,-1
201501VW40190,1,11,0,18,0,1,0,0,0,0,0,1,1,2,53,8,7300,2,10,-1,1,-1
201501VW40191,1,9,0,4,0,8,0,0,0,0,4,1,6,2,81,11,1598,1,4,-1,1,-1
201501VW40192,1,9,0,9,0,8,0,0,0,0,1,1,4,1,24,5,-1,-1,-1,-1,-1,-1
201501VW40192,2,9,0,18,0,8,0,0,0,0,1,1,2,1,43,7,1390,1,16,-1,1,-1
201501VW40193,1,1,0,18,0,8,0,0,0,0,0,1,6,1,51,8,-1,-1,-1,-1,-1,-1
201501VW40194,1,8,0,7,0,8,0,0,0,0,2,1,2,1,30,6,1799,1,8,-1,1,-1
201501VW40194,2,1,0,18,0,8,0,0,0,0,1,1,2,1,28,6,-1,-1,-1,-1,1,-1
201501VW40195,1,5,0,7,0,8,0,0,0,0,0,1,2,1,51,8,599,1,16,-1,1,-1
201501VW40197,1,9,0,3,0,0,0,0,0,0,2,1,2,1,23,5,1398,1,5,-1,1,-1
201501VW40197,2,9,0,18,0,0,0,0,0,0,1,1,6,1,-1,-1,1120,2,3,-1,-1,-1
201501VW40198,1,9,0,1,0,0,0,0,0,0,2,1,6,1,33,6,1910,2,8,-1,1,-1
201501VW40198,2,3,0,18,0,0,0,0,0,0,1,1,6,1,25,5,125,1,7,-1,1,-1
201501VW40199,1,8,0,18,0,8,0,0,0,0,1,1,1,1,35,6,1896,2,6,-1,1,-1
201501VW40199,2,9,0,9,0,8,0,0,0,0,1,1,2,2,27,6,998,1,9,-1,1,-1
201501VW40200,1,19,0,9,0,0,0,0,0,0,1,1,6,3,-1,-1,-1,-1,-1,-1,-1,-1
201501VW40200,2,1,0,18,0,0,0,0,0,0,3,1,2,2,37,7,-1,-1,-1,-1,1,-1
201501VW40202,1,9,0,4,0,8,0,0,0,0,2,1,1,1,57,9,2143,12,1,-1,1,-1
201501VW40202,2,1,0,18,0,8,0,0,0,0,1,1,1,1,40,7,-1,-1,-1,-1,1,-1
201501VW40202,3,9,0,18,0,8,0,0,0,0,0,1,1,1,54,8,1984,2,1,-1,1,-1
201501VW40205,1,3,0,18,0,8,0,0,1,0,1,1,1,1,37,7,124,1,9,-1,1,-1
201501VW40205,2,9,0,9,0,8,0,0,0,0,1,1,6,2,26,6,-1,-1,-1,-1,1,-1
201501VW40207,1,9,0,18,0,0,0,0,0,0,2,1,6,1,24,5,1199,1,11,-1,1,-1
201501VW40207,2,9,0,18,0,0,0,0,0,0,2,1,6,1,24,5,1997,2,12,-1,1,-1
201501VW40207,3,9,0,18,0,0,0,0,0,0,1,1,6,2,-1,-1,-1,-1,-1,-1,1,-1
201501VW40208,1,9,0,18,9,8,0,0,0,0,4,1,6,1,-1,-1,-1,-1,-1,-1,-1,-1
201501VW40209,1,9,0,4,0,8,0,0,0,0,2,1,6,2,37,7,1598,1,-1,-1,1,-1
201501VW40209,2,9,0,4,0,8,0,0,0,0,1,1,6,1,-1,-1,3456,8,2,-1,-1,-1
201501VW40209,3,9,0,4,0,8,0,0,0,0,1,1,6,1,-1,-1,3456,8,5,-1,-1,-1
201501VW40210,1,9,0,9,0,8,0,0,0,0,4,1,6,2,32,6,1598,1,3,-1,1,-1
201501VW40210,2,9,0,18,0,8,0,0,0,0,1,1,6,2,58,9,1598,1,10,-1,1,-1
201501VW40211,1,9,0,18,0,0,0,0,0,0,3,1,6,1,46,8,1791,8,4,-1,1,-1
201501VW40211,2,3,0,15,0,0,0,0,0,0,1,1,6,1,30,6,124,1,1,-1,1,-1
201501VW40212,1,9,0,18,0,0,0,0,0,0,1,1,6,1,24,5,-1,-1,-1,-1,1,-1
201501VW40212,2,9,0,3,0,0,0,0,0,0,4,1,6,2,53,8,1598,1,3,-1,-1,-1
201501VW40214,1,3,0,18,0,8,0,0,0,0,1,1,2,1,44,7,125,1,8,-1,1,-1
201501VW40214,2,9,0,7,0,8,0,0,0,0,3,1,2,1,33,6,1299,1,15,-1,1,-1
201501VW40215,1,9,0,9,0,8,0,0,0,0,1,1,6,2,55,8,1791,8,4,-1,1,-1
201501VW40215,2,4,0,18,0,8,0,0,0,0,3,1,6,1,42,7,-1,-1,-1,-1,1,-1
201501VW40216,1,9,0,4,0,8,0,0,0,0,2,1,2,1,35,6,-1,-1,-1,-1,1,-1
201501VW40216,2,9,0,4,0,8,0,0,0,0,1,1,2,1,28,6,1364,1,9,-1,1,-1
201501VW40217,1,9,0,9,0,8,0,0,1,0,1,1,6,1,36,7,1910,2,9,-1,1,-1
201501VW40218,1,19,0,4,0,0,0,0,1,0,1,1,1,1,28,6,2402,2,9,-1,1,-1
201501VW40218,2,9,0,3,0,0,0,0,0,0,2,1,2,2,33,6,1598,1,12,-1,1,-1
201501VW40220,1,11,0,7,0,8,0,0,0,0,0,1,1,1,-1,-1,4500,2,5,-1,-1,-1
201501VW40221,1,9,0,18,0,0,0,0,0,0,1,1,6,1,27,6,1390,1,14,-1,1,-1
201501VW40221,2,9,0,6,0,0,0,0,0,0,4,1,6,1,20,4,1149,1,12,-1,1,-1
201501VW40222,1,9,0,9,4,8,0,0,0,0,1,1,6,1,24,5,1560,2,6,-1,1,-1
201501VW40222,2,1,0,15,4,8,0,0,0,0,1,1,6,1,17,4,-1,-1,-1,-1,1,-1
201501VW40223,1,9,0,4,0,8,0,0,0,0,2,1,6,1,20,4,1797,8,4,-1,1,-1
201501VW40223,2,9,0,18,0,8,0,0,0,0,1,1,6,1,34,6,1596,1,10,-1,-1,-1
201501VW40224,1,9,0,4,0,8,0,0,0,0,2,1,6,1,40,7,1598,1,12,-1,1,-1
201501VW40224,2,9,0,18,0,8,0,0,0,0,1,1,6,1,46,8,1769,1,9,-1,-1,-1
201501VW40225,1,9,0,18,0,1,0,0,0,0,1,1,6,1,36,7,-1,-1,-1,-1,1,-1
201501VW40227,1,9,0,4,0,0,0,0,0,0,2,1,6,2,41,7,1900,2,9,-1,1,-1
201501VW40227,2,9,0,4,0,0,0,0,0,0,1,1,6,1,-1,-1,-1,-1,-1,-1,-1,-1
201501VW40229,1,9,0,18,0,0,0,0,0,0,3,1,6,1,72,10,1598,1,8,-1,1,-1
201501VW40229,2,9,0,18,0,0,0,0,0,0,3,1,6,1,44,7,998,1,1,-1,1,-1
201501VW40229,3,9,0,18,0,0,0,0,0,0,3,1,6,2,22,5,998,1,15,-1,1,-1
201501VW40230,1,5,0,18,0,1,0,0,0,0,3,1,6,1,27,6,599,1,13,-1,1,-1
201501VW40232,1,9,0,14,0,0,5,4,0,0,1,1,6,1,75,10,1248,1,5,-1,1,-1
201501VW40232,2,9,0,2,0,0,0,0,0,0,1,1,6,2,34,6,1995,2,2,-1,-1,-1
201501VW40233,1,11,0,5,0,1,0,0,0,0,0,1,1,1,36,7,6700,2,6,-1,1,-1
201501VW40234,1,9,0,7,0,2,0,0,0,0,1,1,6,2,24,5,1149,1,10,-1,1,-1
201501VW40235,1,1,0,14,0,0,0,0,0,0,3,1,6,1,26,6,-1,-1,-1,-1,1,-1
201501VW40235,2,9,0,13,0,0,0,0,0,0,4,1,6,2,25,5,1596,1,9,-1,-1,-1
201501VW40236,1,5,0,13,0,1,0,0,0,0,1,1,6,1,49,8,-1,-1,-1,-1,1,-1
201501VW40236,2,9,0,9,0,1,0,0,0,0,3,1,6,1,28,6,1997,2,8,-1,1,-1
201501VW40237,1,19,0,18,0,1,0,0,0,0,1,1,6,1,54,8,2299,2,1,-1,1,-1
201501VW40237,2,9,0,3,0,1,0,0,0,0,2,1,6,1,51,8,1560,2,5,-1,1,-1
201501VW40239,1,9,0,18,0,0,0,4,0,0,1,1,6,2,49,8,1598,1,13,-1,1,-1
201501VW40239,2,9,0,2,0,0,0,4,0,0,2,1,6,1,79,11,1910,2,8,-1,-1,-1
201501VW40239,3,9,0,2,0,0,0,0,0,0,2,1,6,1,37,7,1769,1,10,-1,-1,-1
201501VW40240,1,9,0,5,0,2,0,10,7,4,1,1,6,2,64,9,1299,1,12,-1,1,-1
201501VW40242,1,9,0,3,0,8,0,0,0,0,2,1,3,2,39,7,1299,1,13,-1,1,-1
201501VW40242,2,9,0,15,0,8,0,0,0,0,1,1,3,2,-1,-1,-1,-1,-1,-1,1,-1
201501VW40244,1,9,0,3,0,2,0,0,0,0,4,1,3,2,54,8,1339,1,9,-1,1,-1
201501VW40244,2,1,0,18,4,2,0,8,0,0,1,1,6,1,33,6,-1,-1,-1,-1,1,-1
201501VW40246,1,9,0,18,0,8,0,0,0,0,1,1,6,2,24,5,1388,1,4,-1,1,-1
201501VW40246,2,9,0,18,0,8,0,0,0,0,1,1,6,2,36,7,1390,1,4,-1,1,-1
201501VW40247,1,9,0,18,0,8,0,0,0,0,1,1,6,1,66,10,1997,2,6,-1,1,-1
201501VW40248,1,9,0,12,0,0,0,0,0,0,3,1,6,2,59,9,1686,2,11,-1,3,-1
201501VW40248,2,19,0,18,0,0,0,0,0,0,4,1,1,1,36,7,-1,-1,-1,-1,1,-1
201501VW40250,1,9,0,9,0,8,0,0,0,0,3,1,6,2,26,6,1240,1,8,-1,1,-1
201501VW40250,2,1,0,18,0,8,0,0,0,0,1,1,6,1,39,7,-1,-1,-1,-1,1,-1
201501VW40252,1,9,0,9,0,8,0,0,0,0,4,1,1,1,58,9,1984,1,5,-1,1,-1
201501VW40252,2,11,0,18,0,1,0,0,0,0,3,1,1,1,61,9,6700,2,6,-1,1,-1
201501VW40252,3,9,0,18,0,1,0,0,0,0,1,1,6,1,23,5,998,1,6,-1,1,-1
201501VW40253,1,9,0,9,0,8,0,0,0,0,1,1,6,1,34,6,-1,-1,-1,-1,-1,-1
201501VW40253,2,2,0,18,0,8,0,0,0,0,1,1,6,1,-1,-1,-1,-1,-1,-1,-1,-1
201501VW40254,1,3,0,3,0,1,0,0,0,0,2,1,1,1,24,5,109,1,1,-1,1,-1
201501VW40254,2,3,0,18,0,1,0,0,0,0,1,1,1,1,30,6,124,1,7,-1,1,-1
201501VW40255,1,9,0,6,0,2,0,0,0,0,3,1,6,1,26,6,1595,1,11,-1,-1,-1
201501VW40255,2,3,0,18,0,1,0,0,0,0,1,1,6,1,24,5,124,1,2,-1,-1,-1
201501VW40256,1,11,0,18,0,1,0,0,0,0,4,1,1,1,44,7,12000,2,9,-1,1,-1
201501VW40257,1,1,0,18,0,8,0,0,0,0,1,1,6,1,65,9,-1,-1,-1,-1,-1,-1
201501VW40257,2,9,0,2,0,8,0,0,0,0,3,1,6,1,-1,-1,-1,-1,-1,-1,-1,-1
201501VW40258,1,9,0,18,0,8,0,0,0,0,1,1,6,1,30,6,2993,2,8,-1,1,-1
201501VW40258,2,9,0,9,0,8,0,0,0,0,4,1,6,1,46,8,-1,-1,-1,-1,1,-1
201501VW40259,1,9,0,18,0,8,0,0,0,0,1,1,6,2,35,6,1398,1,4,-1,1,-1
201501VW40259,2,3,0,9,0,8,0,0,0,0,3,1,6,1,19,4,-1,-1,-1,-1,1,-1
201501VW40260,1,1,0,18,0,8,0,0,0,0,3,1,6,1,32,6,-1,-1,-1,-1,-1,-1
201501VW40261,1,1,0,18,0,2,0,0,0,0,2,1,6,1,67,10,-1,-1,-1,-1,1,-1
201501VW40261,2,9,0,18,0,2,0,0,0,0,1,1,6,3,-1,-1,-1,-1,-1,-1,-1,-1
201501VW40262,1,9,0,9,0,8,0,0,0,0,1,1,6,1,35,6,1560,2,2,-1,1,-1
201501VW40262,2,4,0,15,0,8,1,0,0,0,1,1,6,1,27,6,400,1,23,-1,1,-1
201501VW40263,1,9,0,18,0,0,0,0,0,0,4,1,6,1,-1,-1,1560,2,8,-1,-1,-1
201501VW40264,1,9,0,18,0,1,0,4,0,0,4,1,6,2,33,6,1968,2,9,-1,1,-1
201501VW40264,2,9,0,12,0,1,0,0,0,0,3,1,6,1,33,6,1461,2,-1,-1,1,-1
201501VW40264,3,8,0,2,0,1,0,0,0,0,3,1,6,3,-1,-1,1798,8,2,-1,-1,-1
201501VW40266,1,9,0,1,9,8,0,0,0,0,2,1,6,1,-1,-1,-1,-1,-1,-1,-1,-1
201501VW40268,1,3,0,18,0,8,0,0,0,0,4,1,6,1,34,6,125,1,1,-1,1,-1
201501VW40268,2,9,0,9,0,8,0,0,0,0,1,1,6,1,-1,-1,-1,-1,-1,-1,-1,-1
201501VW40269,1,10,0,14,0,0,0,0,0,0,1,1,6,1,30,6,-1,-1,-1,-1,1,-1
201501VW40269,2,9,0,18,0,0,0,0,0,0,3,1,6,1,76,11,1598,1,11,-1,1,-1
201501VW40269,3,11,0,3,0,0,0,0,0,0,3,1,1,2,43,7,4500,2,8,-1,1,-1
201501VW40271,1,9,0,9,0,8,0,0,0,0,4,1,6,2,35,6,1951,2,14,-1,1,-1
201501VW40271,2,9,0,18,0,1,0,0,0,0,1,1,6,1,64,9,1796,1,10,-1,1,-1
201501VW40271,3,9,0,8,0,1,0,0,0,0,3,1,6,1,63,9,1397,1,15,-1,1,-1
201501VW40272,1,3,0,4,0,1,0,0,0,0,1,1,1,1,-1,-1,108,1,2,-1,1,-1
201501VW40272,2,9,0,3,0,1,0,0,0,0,2,1,6,1,66,10,1598,1,12,-1,1,-1
201501VW40273,1,9,0,9,0,8,0,0,0,0,1,1,6,1,27,6,1956,2,3,-1,1,-1
201501VW40275,1,1,0,9,0,8,0,0,0,0,3,1,6,1,58,9,-1,-1,-1,-1,1,-1
201501VW40275,2,9,0,18,0,8,0,0,0,0,1,1,6,1,50,8,1596,1,4,-1,1,-1
201501VW40276,1,9,0,4,0,1,0,0,0,0,4,1,6,1,54,8,1796,1,2,-1,1,-1
201501VW40276,2,9,0,15,0,1,0,0,0,0,1,1,6,2,-1,-1,1995,2,10,-1,1,-1
201501VW40277,1,9,0,2,0,2,0,0,0,0,3,1,6,2,35,6,-1,-1,-1,-1,-1,-1
201501VW40277,2,1,0,14,0,2,0,0,0,0,2,1,6,1,-1,-1,-1,-1,-1,-1,1,-1
201501VW40279,1,9,0,4,0,1,0,0,0,0,2,1,6,1,29,6,-1,-1,-1,-1,1,-1
201501VW40279,2,9,0,4,0,1,0,0,0,0,1,1,6,1,33,6,-1,-1,-1,-1,1,-1
201501VW40280,1,9,0,3,0,2,0,0,0,0,4,1,3,1,-1,-1,1339,1,9,-1,1,-1
201501VW40280,2,1,0,15,0,2,0,0,0,0,3,1,6,1,-1,-1,-1,-1,-1,-1,1,-1
201501VW40281,1,1,0,18,0,1,0,0,0,0,1,1,6,1,47,8,-1,-1,-1,-1,1,-1
201501VW40281,2,9,0,11,0,1,0,0,0,0,2,1,6,2,-1,-1,1229,1,3,-1,1,-1
201501VW40283,1,9,0,9,0,8,0,0,0,0,4,1,6,1,-1,-1,-1,-1,-1,-1,1,-1
201501VW40283,2,1,0,18,0,8,0,0,0,0,1,1,6,1,29,6,-1,-1,-1,-1,1,-1
201501VW40284,1,9,0,18,0,2,0,0,0,0,1,1,6,1,36,7,2993,2,8,-1,-1,-1
201501VW40285,1,9,0,5,0,2,0,10,1,10,1,1,6,1,82,11,1240,1,11,-1,-1,-1
201501VW40286,1,9,0,9,0,8,0,0,0,0,1,1,6,2,34,6,1596,1,7,-1,1,-1
201501VW40286,2,9,0,3,0,1,0,0,0,0,1,1,6,2,21,5,998,1,12,-1,1,-1
201501VW40286,3,4,0,14,0,8,0,0,0,0,1,1,6,1,32,6,124,1,7,-1,1,-1
201501VW40287,1,9,0,18,0,1,0,10,1,4,1,1,6,1,43,7,2000,2,4,-1,1,-1
201501VW40287,2,9,0,11,0,1,0,0,0,0,4,1,6,1,-1,-1,1995,1,11,-1,1,-1
201501VW40288,1,9,0,7,0,8,0,0,0,0,4,1,6,1,20,4,1598,1,1,-1,1,-1
201501VW40288,2,1,0,18,0,8,0,0,0,0,1,1,6,1,32,6,-1,-1,-1,-1,1,-1
201501VW40289,1,8,0,18,0,0,0,4,0,0,1,1,1,1,59,9,2148,2,6,-1,1,-1
201501VW40289,2,9,0,2,0,0,0,0,0,0,3,1,6,1,-1,-1,-1,-1,-1,-1,1,-1
201501VW40290,1,9,0,3,0,1,0,0,0,0,2,1,6,2,28,6,1994,1,15,-1,1,-1
201501VW40290,2,9,0,4,0,1,0,0,0,0,1,1,6,3,-1,-1,1587,1,9,-1,-1,-1
201501VW40291,1,3,0,4,0,8,0,0,0,0,2,1,6,2,36,7,-1,-1,-1,-1,1,-1
201501VW40291,2,9,0,4,0,8,0,0,0,0,1,1,6,1,35,6,1590,1,12,-1,1,-1
201501VW40292,1,9,0,17,0,8,0,0,0,0,1,1,6,1,46,8,1991,2,8,-1,1,-1
201501VW40292,2,9,0,16,0,8,0,0,0,0,1,1,6,1,-1,-1,1596,1,8,-1,-1,-1
201501VW40293,1,9,0,7,0,8,0,0,0,0,4,1,2,2,46,8,898,1,-1,-1,1,-1
201501VW40293,2,1,0,18,0,8,0,0,0,0,1,1,2,2,41,7,-1,-1,-1,-1,1,-1
201501VW40294,1,9,0,9,0,8,0,0,0,0,1,1,2,2,57,9,4701,1,13,-1,1,-1
201501VW40294,2,1,0,13,0,8,0,0,0,0,3,1,2,1,38,7,-1,-1,-1,-1,1,-1
201501VW40295,1,9,0,4,0,0,0,0,0,0,2,1,6,1,42,7,1497,8,8,-1,1,-1
201501VW40295,2,19,0,4,0,0,0,0,0,0,1,1,6,3,-1,-1,-1,-1,-1,-1,-1,-1
201501VW40296,1,9,0,18,0,0,0,0,0,0,4,1,6,1,46,8,1339,1,11,-1,1,-1
201501VW40297,1,9,0,9,0,1,0,0,0,0,3,1,6,1,23,5,1596,1,3,-1,1,-1
201501VW40297,2,3,0,14,0,1,0,0,0,0,1,1,6,1,27,6,125,1,-1,-1,1,-1
201501VW40299,1,9,0,18,0,0,0,10,1,10,1,1,6,1,19,4,1598,2,5,-1,1,-1
201501VW40300,1,9,0,9,0,8,0,0,0,0,1,1,2,1,39,7,1242,1,8,-1,1,-1
201501VW40300,2,5,0,18,0,8,0,0,0,0,1,1,2,1,21,5,645,1,12,-1,1,-1
201501VW40302,1,9,0,16,0,0,0,10,0,0,3,1,6,1,33,6,1598,1,10,-1,1,-1
201501VW40302,2,3,0,17,0,0,0,0,0,0,1,1,6,1,-1,-1,124,1,3,-1,1,-1
201501VW40303,1,8,0,7,0,1,0,0,0,0,3,1,1,1,29,6,-1,-1,-1,-1,1,-1
201501VW40303,2,9,0,1,0,2,0,0,0,0,2,1,6,3,-1,-1,-1,-1,-1,-1,-1,-1
201501VW40304,1,8,0,18,0,0,0,0,0,0,4,1,1,1,49,8,1910,2,7,-1,1,-1
201501VW40305,1,9,0,9,0,8,0,0,0,0,4,1,6,1,69,10,1240,1,12,-1,1,-1
201501VW40305,2,5,0,18,0,8,0,0,0,0,1,1,6,1,37,7,689,1,1,-1,1,-1
201501VW40306,1,9,0,9,0,8,0,0,0,0,4,1,1,1,25,5,1299,1,14,-1,1,-1
201501VW40306,2,3,0,18,0,8,0,0,0,0,1,1,1,1,26,6,599,1,10,-1,1,-1
201501VW40308,1,9,0,18,0,8,0,0,0,0,4,1,6,2,34,6,2179,2,2,-1,1,-1
201501VW40308,2,19,0,1,0,8,0,0,0,0,2,1,1,3,-1,-1,4461,2,4,-1,-1,-1
201501VW40310,1,9,0,18,0,1,0,0,0,0,1,1,6,2,32,6,1598,1,7,-1,1,-1
201501VW40310,2,19,0,3,0,2,0,0,0,0,3,1,6,1,43,7,1753,2,3,-1,1,-1
201501VW40310,3,19,0,3,0,2,0,0,0,0,3,1,6,1,65,9,1686,2,7,-1,1,-1
201501VW40310,4,9,0,3,0,2,0,0,0,0,3,1,6,2,47,8,1995,1,8,-1,1,-1
201501VW40311,1,9,0,18,0,8,0,10,1,2,1,1,3,1,33,6,-1,-1,-1,-1,1,-1
201501VW40312,1,1,0,18,0,8,0,0,0,0,1,1,6,2,35,6,-1,-1,-1,-1,1,-1
201501VW40312,2,9,0,9,0,8,0,0,0,0,4,1,6,3,-1,-1,-1,-1,-1,-1,-1,-1
201501VW40313,1,5,0,18,0,8,0,0,0,0,1,1,6,1,55,8,647,1,13,-1,1,-1
201501VW40313,2,9,0,4,0,8,0,0,0,0,2,1,6,2,45,7,1997,2,6,-1,1,-1
201501VW40314,1,9,0,18,0,0,0,0,0,0,2,1,6,2,75,10,1198,1,6,-1,1,-1
201501VW40314,2,9,0,18,0,0,0,0,0,0,1,1,6,1,-1,-1,1596,1,14,-1,-1,-1
201501VW40315,1,9,0,9,0,0,0,0,0,0,3,1,2,1,26,6,1995,2,11,-1,1,-1
201501VW40315,2,5,0,13,0,0,0,0,0,0,1,1,2,1,45,7,652,1,10,-1,1,-1
201501VW40316,1,9,0,9,0,0,0,0,0,0,4,1,1,1,36,7,1560,2,2,-1,2,-1
201501VW40316,2,9,0,13,0,0,0,0,0,0,1,1,1,1,20,4,-1,-1,-1,-1,1,-1
201501VW40317,1,9,0,18,0,8,0,0,0,0,1,1,6,1,-1,-1,1400,1,15,-1,-1,-1
201501VW40318,1,9,0,18,0,8,0,0,0,0,1,1,6,2,28,6,1229,1,2,-1,1,-1
201501VW40318,2,9,0,12,0,8,0,0,1,0,1,1,6,1,50,8,1995,2,2,-1,1,-1
201501VW40319,1,3,0,18,0,8,0,0,0,0,1,1,1,1,21,5,124,1,5,-1,-1,-1
201501VW40319,2,19,0,9,0,8,0,0,0,0,3,1,1,1,25,5,2198,2,6,-1,1,-1
201501VW40320,1,9,0,13,0,0,0,0,0,0,4,1,6,1,67,10,1124,1,22,-1,1,-1
201501VW40320,2,1,0,18,0,0,0,0,0,0,1,1,6,2,39,7,-1,-1,-1,-1,1,-1
201501VW40321,1,9,0,2,0,8,0,0,0,0,3,1,2,1,51,8,1910,2,7,-1,1,-1
201501VW40321,2,9,0,4,0,8,0,0,0,0,1,1,2,1,65,9,1598,1,9,-1,-1,-1
201501VW40321,3,1,0,14,0,8,0,4,0,0,1,1,2,1,53,8,-1,-1,-1,-1,1,-1
201501VW40322,1,9,0,14,0,0,0,0,0,0,4,1,6,2,77,11,1595,1,17,-1,1,-1
201501VW40322,2,9,0,3,0,0,0,0,0,0,0,1,6,2,-1,-1,-1,-1,-1,-1,-1,-1
201501VW40323,1,9,0,4,0,0,0,0,0,0,2,1,2,2,43,7,1497,8,9,-1,1,-1
201501VW40323,2,9,0,4,0,0,0,0,0,0,1,1,1,1,26,6,1747,1,13,-1,1,-1
201501VW40323,3,9,0,4,0,0,0,0,0,0,1,1,6,3,-1,-1,-1,-1,-1,-1,-1,-1
201501VW40324,1,9,0,4,0,0,0,0,0,0,2,1,6,1,-1,-1,-1,-1,-1,-1,-1,-1
201501VW40324,2,11,0,4,0,0,0,0,0,0,1,1,1,1,-1,-1,-1,-1,-1,-1,-1,-1
201501VW40325,1,9,0,3,0,1,0,0,0,0,2,1,1,1,34,6,-1,-1,-1,-1,1,-1
201501VW40325,2,9,0,3,0,1,0,0,0,0,2,1,6,1,22,5,1598,1,9,-1,-1,-1