Accident_Index,Vehicle_Reference,Vehicle_Type,Towing_and_Articulation,Vehicle_Manoeuvre,Vehicle_Location-Restricted_Lane,Junction_Location,Skidding_and_Overturning,Hit_Object_in_Carriageway,Vehicle_Leaving_Carriageway,Hit_Object_off_Carriageway,1st_Point_of_Impact,Was_Vehicle_Left_Hand_Drive?,Journey_Purpose_of_Driver,Sex_of_Driver,Age_of_Driver,Age_Band_of_Driver,Engine_Capacity_(CC),Propulsion_Code,Age_of_Vehicle,Driver_IMD_Decile,Driver_Home_Area_Type,Vehicle_IMD_Decile
201501VW40325,3,9,0,3,0,1,0,0,0,0,2,1,6,1,28,6,1796,1,16,-1,1,-1
201501VW40325,4,9,0,3,0,1,0,0,0,0,2,1,6,3,-1,-1,1242,1,4,-1,-1,-1
201501VW40325,5,9,0,4,0,1,0,0,0,0,1,1,1,1,45,7,-1,-1,-1,-1,1,-1
201501VW40326,1,9,0,9,0,8,0,0,0,0,3,1,6,1,39,7,2171,1,9,-1,-1,-1
201501VW40326,2,3,0,18,0,8,0,0,0,0,1,1,6,1,20,4,124,1,2,-1,1,-1
201501VW40327,1,9,0,3,0,8,0,0,0,0,2,1,6,1,55,8,1997,1,2,-1,1,-1
201501VW40327,2,9,0,4,0,8,0,0,0,0,1,1,6,2,21,5,796,1,6,-1,1,-1
201501VW40328,1,9,0,4,0,8,0,0,0,0,4,1,2,2,32,6,1397,1,6,-1,1,-1
201501VW40329,1,8,0,4,0,8,0,0,0,0,0,1,1,1,-1,-1,1686,2,2,-1,-1,-1
201501VW40329,2,90,0,18,0,8,0,0,0,0,0,1,6,3,-1,-1,-1,-1,-1,-1,-1,-1
201501VW40331,1,9,0,4,0,8,0,0,0,0,2,1,6,1,37,7,1984,1,3,-1,1,-1
201501VW40331,2,19,0,18,0,8,0,0,0,0,1,1,6,1,56,9,2179,2,11,-1,1,-1
201501VW40332,1,5,0,14,0,8,0,0,0,0,4,1,6,1,61,9,782,1,2,-1,1,-1
201501VW40332,2,9,0,5,0,8,0,0,0,0,3,1,6,1,-1,-1,1388,1,9,-1,1,-1
201501VW40333,1,9,0,9,0,8,0,0,0,0,1,1,6,1,39,7,1198,1,11,-1,1,-1
201501VW40333,2,1,0,18,0,8,0,0,1,0,1,1,1,2,21,5,-1,-1,-1,-1,1,-1
201501VW40334,1,9,0,9,0,8,0,0,0,0,3,1,6,2,35,6,1390,1,3,-1,-1,-1
201501VW40334,2,3,0,18,0,8,0,0,0,0,1,1,6,1,20,4,125,1,9,-1,1,-1
201501VW40335,1,9,0,18,0,8,0,0,0,0,4,1,6,1,31,6,-1,-1,-1,-1,1,-1
201501VW40336,1,9,0,18,0,0,0,0,0,0,3,1,6,1,24,5,1598,1,9,-1,1,-1
201501VW40338,1,9,0,10,0,1,0,0,0,0,2,1,6,2,48,8,1998,1,16,-1,1,-1
201501VW40338,2,9,0,10,0,1,0,0,0,0,2,1,6,2,51,8,1199,1,14,-1,1,-1
201501VW40338,3,9,0,10,0,1,0,0,0,0,2,1,6,1,20,4,1596,1,11,-1,1,-1
201501VW40338,4,9,0,18,0,1,0,0,0,0,1,1,6,2,36,7,1596,1,7,-1,1,-1
201501VW40341,1,9,0,18,0,8,0,0,0,0,1,1,6,1,54,8,-1,-1,-1,-1,1,-1
201501VW40341,2,9,0,5,0,8,0,0,0,0,4,1,6,3,-1,-1,1360,1,11,-1,-1,-1
201501VW40342,1,4,0,10,0,1,0,0,0,0,4,1,6,1,22,5,599,1,12,-1,1,-1
201501VW40342,2,8,0,6,0,1,0,0,0,0,3,1,1,1,57,9,1997,2,4,-1,1,-1
201501VW40343,1,9,0,18,0,0,0,0,0,0,1,1,6,2,51,8,2198,1,8,-1,1,-1
201501VW40344,1,9,0,7,0,8,0,0,0,0,1,1,6,1,-1,-1,-1,-1,-1,-1,-1,-1
201501VW40344,2,1,0,5,0,8,0,0,0,0,4,1,6,1,26,6,-1,-1,-1,-1,-1,-1
201501VW40346,1,9,0,4,0,8,0,0,0,0,2,1,6,2,40,7,1560,2,7,-1,1,-1
201501VW40346,2,9,0,18,0,8,0,0,0,0,1,1,6,1,36,7,1988,1,11,-1,1,-1
201501VW40347,1,19,0,7,0,0,0,0,0,0,1,1,1,1,52,8,2298,2,5,-1,1,-1
201501VW40347,2,1,0,18,0,0,0,0,0,0,1,1,6,1,12,3,-1,-1,-1,-1,1,-1
201501VW40348,1,9,0,3,0,8,0,0,0,0,1,1,2,1,20,4,1984,1,5,-1,1,-1
201501VW40348,2,8,0,18,0,8,0,0,0,0,2,1,2,2,25,5,-1,-1,-1,-1,1,-1
201501VW40349,1,9,0,18,0,0,0,0,0,0,1,1,6,2,65,9,1398,1,2,-1,1,-1
201501VW40350,1,9,0,18,0,0,0,0,0,0,4,1,6,3,-1,-1,-1,-1,-1,-1,-1,-1
201501VW40351,1,8,0,16,0,8,0,0,1,0,1,1,1,1,46,8,-1,-1,-1,-1,1,-1
201501VW40352,1,2,0,18,0,8,0,0,0,0,1,1,1,1,34,6,-1,-1,-1,-1,1,-1
201501VW40352,2,9,0,9,0,8,0,0,0,0,1,1,2,1,34,6,1991,1,15,-1,1,-1
201501VW40353,1,9,0,18,0,8,0,0,0,0,4,1,6,1,32,6,1796,2,2,-1,1,-1
201501VW40353,2,9,0,18,0,8,0,0,0,0,1,1,6,1,25,5,999,1,15,-1,1,-1
201501VW40354,1,9,0,9,0,8,0,0,0,0,1,1,2,2,72,10,1992,2,8,-1,1,-1
201501VW40354,2,5,0,18,0,8,0,0,0,0,1,1,6,1,-1,-1,-1,-1,-1,-1,-1,-1
201501VW40355,1,9,0,4,0,8,0,0,0,0,1,1,2,1,20,4,1242,1,9,-1,1,-1
201501VW40355,2,9,0,1,0,8,0,0,0,0,2,1,6,1,-1,-1,2494,1,12,-1,-1,-1
201501VW40356,1,1,0,18,0,8,0,4,0,0,1,1,2,1,50,8,-1,-1,-1,-1,-1,-1
201501VW40356,2,9,0,2,0,8,0,0,0,0,3,1,6,1,27,6,1461,2,6,-1,1,-1
201501VW40358,1,1,0,18,0,8,0,0,0,0,1,1,2,2,28,6,-1,-1,-1,-1,1,-1
201501VW40358,2,19,0,7,0,8,0,0,0,0,3,1,1,1,-1,-1,2198,2,7,-1,-1,-1
201501VW40359,1,5,0,13,0,8,0,0,0,0,1,1,6,1,20,4,600,1,11,-1,1,-1
201501VW40359,2,9,0,18,0,8,0,0,0,0,3,1,6,1,57,9,1497,8,-1,-1,1,-1
201501VW40360,1,21,1,12,0,0,0,0,0,0,1,1,1,1,41,7,-1,-1,-1,-1,-1,-1
201501VW40360,2,1,0,14,0,0,0,0,0,0,2,1,6,1,50,8,-1,-1,-1,-1,1,-1
201501VW40361,1,9,0,4,0,8,0,0,0,0,1,1,6,1,37,7,1998,1,21,-1,1,-1
201501VW40361,2,3,0,3,0,8,0,0,0,0,2,1,6,1,52,8,-1,-1,-1,-1,-1,-1
201501VW40362,1,9,0,7,0,8,0,0,0,0,2,1,1,1,33,6,2698,2,9,-1,1,-1
201501VW40362,2,9,0,18,0,8,0,0,0,0,1,1,1,1,-1,-1,1598,1,9,-1,1,-1
201501VW40363,1,3,0,7,0,8,0,0,0,0,0,1,6,1,16,4,124,1,13,-1,1,-1
201501VW40364,1,8,0,18,0,8,0,0,0,0,4,1,1,1,52,8,1753,2,8,-1,1,-1
201501VW40364,2,9,0,1,0,8,0,0,0,0,2,1,6,3,-1,-1,-1,-1,-1,-1,-1,-1
201501VW40365,1,4,0,9,0,8,0,0,0,0,2,1,2,1,26,6,395,1,2,-1,1,-1
201501VW40365,2,9,0,18,0,2,0,0,1,0,1,1,6,1,40,7,-1,-1,-1,-1,1,-1
201501VW40367,1,9,0,18,0,8,0,0,0,0,1,1,6,1,36,7,1910,2,11,-1,1,-1
201501VW40368,1,9,0,18,0,8,0,0,0,0,3,1,6,1,37,7,-1,-1,-1,-1,-1,-1
201501VW40368,2,9,0,18,0,8,0,0,0,0,3,1,6,1,36,7,1390,1,6,-1,1,-1
201501VW40369,1,9,0,16,0,8,0,10,1,10,4,1,6,2,26,6,1910,2,7,-1,1,-1
201501VW40370,1,3,0,18,0,0,0,0,0,0,1,1,2,1,40,7,114,1,1,-1,1,-1
201501VW40371,1,3,0,9,0,8,0,0,0,0,1,1,1,1,38,7,-1,-1,-1,-1,1,-1
201501VW40371,2,9,0,14,0,8,0,0,0,0,3,1,6,2,25,5,4197,1,9,-1,1,-1
201501VW40372,1,5,0,18,0,8,0,0,0,0,4,1,2,1,37,7,883,1,7,-1,1,-1
201501VW40372,2,19,0,9,0,8,0,0,0,0,1,1,6,1,-1,-1,-1,-1,-1,-1,1,-1
201501VW40373,1,9,0,9,0,8,0,0,1,0,1,1,2,1,40,7,1598,1,1,-1,1,-1
201501VW40373,2,1,0,18,0,8,0,0,0,0,3,1,2,1,56,9,-1,-1,-1,-1,1,-1
201501VW40375,1,9,0,4,0,8,0,0,0,0,1,1,1,1,31,6,-1,-1,-1,-1,1,-1
201501VW40376,1,9,0,4,0,0,0,0,0,0,2,1,6,1,30,6,1299,1,14,-1,1,-1
201501VW40376,2,9,0,5,0,0,0,0,0,0,1,1,6,1,37,7,1997,2,6,-1,1,-1
201501VW40377,1,11,0,4,0,8,0,0,0,0,1,1,1,1,39,7,7300,2,10,-1,1,-1
201501VW40378,1,9,0,5,0,8,0,0,0,0,3,1,6,1,33,6,1595,1,7,-1,1,-1
201501VW40378,2,1,0,14,0,8,0,0,0,0,1,1,6,2,27,6,-1,-1,-1,-1,1,-1
201501VW40379,1,4,0,4,0,8,0,0,0,0,0,1,2,1,38,7,599,1,7,-1,1,-1
201501VW40379,2,9,0,4,0,8,0,0,0,0,0,1,6,1,38,7,-1,-1,-1,-1,1,-1
201501VW40380,1,9,0,11,0,0,0,0,0,0,1,2,2,1,19,4,1595,1,11,-1,1,-1
201501VW40381,1,3,0,9,0,8,0,0,0,0,4,1,2,1,18,4,-1,-1,-1,-1,1,-1
201501VW40381,2,9,0,18,0,8,0,0,0,0,0,1,2,1,46,8,1984,1,6,-1,1,-1
201501VW40382,1,9,0,9,0,8,0,0,0,0,1,1,6,1,65,9,996,1,5,-1,1,-1
201501VW40382,2,9,0,18,0,8,0,7,0,0,4,1,6,1,22,5,1360,1,12,-1,1,-1
201501VW40383,1,9,0,2,0,8,0,0,0,0,2,1,6,2,-1,-1,1986,2,7,-1,-1,-1
201501VW40383,2,9,0,18,0,8,0,4,0,0,4,1,6,2,64,9,998,1,1,-1,1,-1
201501VW40385,1,9,0,17,0,0,0,4,1,10,1,1,6,1,49,8,2198,2,-1,-1,1,-1
201501VW40385,2,9,0,2,0,0,0,0,0,0,1,1,6,1,-1,-1,-1,-1,-1,-1,-1,-1
201501VW40386,1,9,0,5,0,8,0,0,0,0,4,1,6,1,-1,-1,1598,2,2,-1,-1,-1
201501VW40387,1,9,0,4,0,8,0,0,0,0,1,1,1,1,40,7,-1,-1,-1,-1,1,-1
201501VW40387,2,90,0,4,0,7,0,0,0,0,2,1,6,3,-1,-1,-1,-1,-1,-1,-1,-1
201501VW40388,1,9,0,11,0,0,0,0,1,0,1,1,1,2,33,6,-1,-1,-1,-1,-1,-1
201501VW40389,1,9,0,9,0,8,0,0,0,0,2,1,6,1,28,6,998,1,16,-1,1,-1
201501VW40389,2,9,0,4,0,8,0,0,0,0,1,1,6,1,42,7,2290,1,8,-1,1,-1
201501VW40390,1,9,0,7,0,0,0,0,1,0,3,1,2,1,26,6,1598,1,12,-1,1,-1
201501VW40390,2,3,0,18,0,0,0,0,0,0,3,1,1,1,25,5,-1,-1,-1,-1,-1,-1
201501VW40391,1,8,0,1,0,0,0,0,0,0,4,1,6,1,38,7,1390,1,4,-1,1,-1
201501VW40392,1,9,0,18,0,8,0,0,0,0,4,1,2,1,56,9,1968,2,5,-1,-1,-1
201501VW40392,2,9,0,18,0,8,0,0,0,0,1,1,6,2,60,9,1896,2,8,-1,-1,-1
201501VW40393,1,90,0,5,0,0,0,0,0,0,0,1,1,1,-1,-1,-1,-1,-1,-1,-1,-1
201501VW40393,2,9,0,18,0,0,0,0,0,0,0,1,6,1,-1,-1,998,1,2,-1,-1,-1
201501VW40395,1,9,0,6,0,8,0,0,0,0,3,1,2,1,54,8,1388,1,5,-1,1,-1
201501VW40395,2,1,0,13,0,8,0,0,0,0,3,1,2,1,21,5,-1,-1,-1,-1,1,-1
201501VW40396,1,1,0,14,0,0,0,4,0,0,1,1,6,1,51,8,-1,-1,-1,-1,1,-1
201501VW40396,2,9,0,2,0,0,0,0,0,0,3,1,6,1,-1,-1,-1,-1,-1,-1,-1,-1
201501VW40398,1,1,0,18,0,8,0,0,0,0,3,1,6,2,25,5,-1,-1,-1,-1,1,-1
201501VW40398,2,9,0,9,0,8,0,0,0,0,1,1,6,1,-1,-1,1398,1,2,-1,-1,-1
201501VW40399,1,9,0,9,0,8,0,0,0,0,1,1,6,2,26,6,1490,1,10,-1,1,-1
201501VW40399,2,1,0,17,0,8,0,0,0,0,4,1,6,2,36,7,-1,-1,-1,-1,1,-1
201501VW40400,1,9,0,18,0,8,0,0,0,0,4,1,6,1,41,7,4966,1,13,-1,1,-1
201501VW40400,2,9,0,9,0,8,0,0,1,0,1,1,6,1,18,4,1242,1,7,-1,1,-1
201501VW40401,1,3,0,9,0,8,0,0,0,0,1,1,6,1,19,4,-1,-1,-1,-1,-1,-1
201501VW40401,2,9,0,14,0,8,0,0,0,0,1,1,6,2,49,8,1329,1,6,-1,1,-1
201501VW40402,1,9,0,18,0,8,0,0,0,0,4,1,3,2,46,8,1560,2,7,-1,1,-1
201501VW40403,1,9,0,18,0,8,0,0,0,0,3,1,2,2,50,8,998,1,6,-1,1,-1
201501VW40403,2,9,0,9,0,8,0,0,0,0,1,1,3,1,18,4,-1,-1,-1,-1,1,-1
201501VW40405,1,9,0,9,0,8,0,0,0,0,1,1,2,2,48,8,1200,1,13,-1,-1,-1
201501VW40405,2,1,0,18,0,7,0,0,0,0,1,1,6,1,56,9,-1,-1,-1,-1,1,-1
201501VW40408,1,9,0,9,0,8,0,0,0,0,4,1,6,1,32,6,1398,1,3,-1,1,-1
201501VW40408,2,9,0,18,0,8,0,0,0,0,1,1,6,1,26,6,2143,2,2,-1,1,-1
201501VW40409,1,9,0,7,0,8,0,0,0,0,4,1,2,2,30,6,1998,1,10,-1,1,-1
201501VW40409,2,1,0,18,0,8,0,0,0,0,1,1,2,1,37,7,-1,-1,-1,-1,1,-1
201501VW40410,1,8,0,4,0,8,0,0,0,0,4,1,1,1,66,10,2499,2,8,-1,1,-1
201501VW40413,1,90,0,18,0,0,0,0,0,0,1,1,6,3,-1,-1,-1,-1,-1,-1,-1,-1
201501VW40414,1,9,0,18,0,8,0,0,0,0,1,1,6,1,30,6,1242,1,15,-1,1,-1
201501VW40414,2,9,0,3,0,8,0,0,0,0,2,1,6,1,62,9,1796,1,12,-1,-1,-1
201501VW40415,1,9,0,11,0,0,0,0,0,0,4,1,1,1,39,7,2982,2,8,-1,1,-1
201501VW40415,2,2,0,18,0,0,0,0,0,0,1,1,2,1,-1,-1,124,1,-1,-1,1,-1
201501VW40416,1,9,0,8,0,8,0,0,0,0,4,1,6,1,28,6,2494,1,26,-1,1,-1
201501VW40416,2,1,0,18,0,8,0,0,0,0,1,1,6,1,23,5,-1,-1,-1,-1,1,-1
201501VW40417,1,8,0,3,0,8,0,0,0,0,2,1,3,1,43,7,1598,2,4,-1,1,-1
201501VW40417,2,9,0,4,0,8,0,0,0,0,1,1,1,1,23,5,2979,1,11,-1,1,-1
201501VW40417,3,8,0,18,0,8,0,0,0,0,1,1,1,1,47,8,1497,8,7,-1,1,-1
201501VW40419,1,9,0,16,0,0,0,0,0,0,1,1,6,2,35,6,1397,1,3,-1,1,-1
201501VW40420,1,3,0,18,0,2,0,10,3,10,1,1,6,1,16,4,124,1,16,-1,1,-1
201501VW40421,1,9,0,9,0,8,0,0,0,0,1,1,6,1,30,6,1598,1,13,-1,1,-1
201501VW40421,2,9,0,12,0,8,0,0,0,0,2,1,6,1,48,8,-1,-1,-1,-1,1,-1
201501VW40422,1,1,0,18,0,8,0,0,0,0,1,1,6,1,31,6,-1,-1,-1,-1,1,-1
201501VW40422,2,9,0,9,0,8,0,0,0,0,4,1,6,1,-1,-1,1686,2,9,-1,1,-1
201501VW40423,1,9,0,9,0,8,0,0,0,0,1,1,2,2,62,9,1598,2,5,-1,1,-1
201501VW40423,2,4,0,18,0,8,0,0,0,0,1,1,2,1,-1,-1,-1,-1,-1,-1,-1,-1
201501VW40424,1,9,0,7,0,0,0,0,0,0,2,1,2,2,29,6,1240,1,6,-1,1,-1
201501VW40424,2,1,0,18,0,0,0,0,1,0,1,1,2,1,43,7,-1,-1,-1,-1,1,-1
201501VW40425,1,3,0,9,0,8,0,0,0,0,1,1,6,1,41,7,998,1,9,-1,1,-1
201501VW40425,2,9,0,18,0,8,0,0,1,0,3,1,6,1,-1,-1,-1,-1,-1,-1,1,-1
201501VW40426,1,9,0,18,0,0,0,0,0,0,1,1,6,2,35,6,1242,1,3,-1,1,-1
201501VW40427,1,9,0,9,0,8,0,0,0,0,1,1,2,2,43,7,2401,2,9,-1,1,-1
201501VW40427,2,4,0,13,0,8,0,0,0,0,4,1,6,1,41,7,198,1,7,-1,1,-1
201501VW40429,1,9,0,9,0,8,0,0,0,0,4,1,2,1,22,5,1390,1,11,-1,1,-1
201501VW40429,2,1,0,18,0,8,0,0,0,0,1,1,2,1,30,6,-1,-1,-1,-1,1,-1
201501VW40430,1,9,0,18,0,8,0,0,0,0,0,1,6,2,41,7,1600,1,3,-1,1,-1
201501VW40431,1,1,0,16,0,8,0,0,0,0,3,1,6,2,52,8,-1,-1,-1,-1,1,-1
201501VW40431,2,9,0,7,0,8,0,0,0,0,1,1,6,1,-1,-1,1392,1,17,-1,-1,-1
201501VW40432,1,3,0,16,0,8,0,0,0,0,1,1,6,1,24,5,125,1,-1,-1,1,-1
201501VW40432,2,9,0,9,0,8,0,0,0,0,4,1,6,1,25,5,1124,1,10,-1,1,-1
201501VW40433,1,9,0,4,0,8,0,0,0,0,2,1,6,1,48,8,1995,2,9,-1,1,-1
201501VW40433,2,19,0,18,0,8,0,0,0,0,1,1,1,1,21,5,-1,-1,-1,-1,1,-1
201501VW40434,1,9,0,9,0,8,0,0,0,0,3,1,6,1,68,10,1360,1,13,-1,1,-1
201501VW40434,2,5,0,18,0,8,0,0,0,0,1,1,6,1,45,7,955,1,12,-1,1,-1
201501VW40435,1,3,0,18,0,8,0,0,0,0,1,1,6,1,20,4,125,1,4,-1,1,-1
201501VW40435,2,9,0,9,0,8,0,0,0,0,3,1,6,1,48,8,2799,1,16,-1,1,-1
201501VW40436,1,3,0,18,0,8,0,0,0,0,4,1,6,1,19,4,125,1,2,-1,1,-1
201501VW40437,1,1,0,18,0,8,0,0,0,0,1,1,6,1,-1,-1,-1,-1,-1,-1,-1,-1
201501VW40438,1,9,0,4,0,0,0,0,0,0,0,1,6,1,50,8,1991,2,7,-1,1,-1
201501VW40439,1,9,0,18,0,8,0,0,0,0,1,1,1,1,-1,-1,-1,-1,-1,-1,-1,-1
201501VW40440,1,11,0,4,0,0,0,0,0,0,0,1,1,1,-1,-1,-1,-1,-1,-1,-1,-1
201501VW40441,1,9,0,18,0,8,0,0,0,0,3,1,6,1,48,8,-1,-1,-1,-1,1,-1
201501VW40441,2,9,0,18,0,8,0,0,0,0,3,1,6,1,34,6,-1,-1,-1,-1,1,-1
201501VW40442,1,19,0,18,0,8,0,0,0,0,1,1,1,1,47,8,2198,2,2,-1,1,-1
201501VW40442,2,20,0,9,0,8,0,0,0,0,2,1,1,1,-1,-1,-1,-1,-1,-1,-1,-1
201501VW40443,1,9,0,18,0,8,0,0,0,0,4,1,3,1,42,7,1400,1,9,-1,1,-1
201501VW40444,1,9,0,9,0,8,0,0,1,0,3,1,6,1,57,9,1796,1,12,-1,1,-1
201501VW40444,2,3,0,18,0,8,0,0,0,0,1,1,1,1,21,5,125,1,5,-1,1,-1
201501VW40445,1,9,0,18,0,8,0,0,0,0,1,1,6,1,32,6,1910,2,7,-1,1,-1
201501VW40445,2,9,0,9,0,8,0,0,0,0,3,1,6,2,26,6,2000,1,8,-1,1,-1
201501VW40446,1,9,0,18,0,8,0,0,0,0,4,1,6,1,54,8,2179,2,3,-1,3,-1
201501VW40446,2,1,0,18,0,8,0,0,0,0,3,1,6,2,-1,-1,-1,-1,-1,-1,-1,-1
201501VW40447,1,9,0,18,0,0,0,0,0,0,1,1,6,1,18,4,2179,2,6,-1,-1,-1
201501VW40447,2,9,0,3,0,0,0,0,0,0,1,1,6,2,23,5,1242,1,2,-1,1,-1
201501VW40447,3,9,0,3,0,0,0,0,0,0,2,1,6,3,-1,-1,-1,-1,-1,-1,-1,-1
201501VW40448,1,4,0,12,0,8,0,0,0,0,2,1,2,1,21,5,125,1,4,-1,-1,-1
201501VW40448,2,19,0,7,0,8,0,0,0,0,1,1,1,1,45,7,2198,2,2,-1,2,-1
201501VW40449,1,9,0,18,0,8,0,0,0,0,2,1,6,2,49,8,1398,1,5,-1,1,-1
201501VW40449,2,9,0,18,0,8,0,0,0,0,1,1,6,1,51,8,1497,8,7,-1,1,-1
201501VW40451,1,9,0,18,0,8,0,0,0,0,1,1,6,1,25,5,2143,2,-1,-1,1,-1
201501VW40452,1,9,0,3,0,8,0,0,0,0,2,1,6,1,48,8,1598,2,3,-1,1,-1
201501VW40452,2,9,0,18,0,8,0,0,0,0,1,1,6,2,61,9,1497,8,8,-1,-1,-1
201501VW40452,3,9,0,2,0,8,0,0,0,0,2,1,6,2,-1,-1,1242,1,7,-1,-1,-1
201501VW40453,1,9,0,18,0,8,0,0,0,0,1,1,6,1,48,8,1242,1,3,-1,1,-1
201501VW40454,1,9,0,6,0,8,0,0,0,0,1,1,6,1,22,5,1242,1,14,-1,1,-1
201501VW40454,2,9,0,18,0,8,0,0,0,0,3,1,6,2,51,8,1598,1,9,-1,1,-1
201501VW40455,1,9,0,18,0,8,0,0,0,0,3,1,6,1,41,7,1587,1,18,-1,1,-1
201501VW40455,2,9,0,11,0,8,0,0,0,0,4,1,6,1,-1,-1,1896,2,6,-1,-1,-1
201501VW40457,1,1,0,18,0,8,0,0,0,0,3,1,6,1,26,6,-1,-1,-1,-1,1,-1
201501VW40457,2,8,0,18,0,8,0,0,0,0,4,1,1,1,-1,-1,-1,-1,-1,-1,1,-1
201501VW40458,1,11,0,3,0,8,0,0,0,0,2,1,1,2,43,7,8268,2,12,-1,1,-1
201501VW40458,2,11,0,18,0,8,0,0,0,0,1,1,1,1,41,7,7300,2,11,-1,1,-1
201501VW40459,1,1,0,18,0,8,0,0,0,0,1,1,6,1,28,6,-1,-1,-1,-1,1,-1
201501VW40459,2,9,0,9,0,8,0,0,0,0,1,1,6,1,26,6,-1,-1,-1,-1,1,-1
201501VW40460,1,3,0,18,0,2,0,0,0,0,1,1,6,3,-1,-1,-1,-1,-1,-1,-1,-1
201501VW40463,1,9,0,1,0,8,0,0,0,0,1,1,6,2,56,9,1598,1,7,-1,1,-1
201501VW40463,2,9,0,2,0,8,0,0,0,0,2,1,6,3,-1,-1,1968,2,5,-1,-1,-1
201501VW40463,3,9,0,2,0,8,0,0,0,0,3,1,6,3,-1,-1,1198,1,-1,-1,-1,-1
201501VW40464,1,9,0,7,0,8,0,0,0,0,4,1,6,1,63,9,1596,1,9,-1,1,-1
201501VW40464,2,1,0,18,0,8,0,0,0,0,1,1,6,2,25,5,-1,-1,-1,-1,1,-1
201501VW40465,1,9,0,18,0,1,0,0,0,0,3,1,6,2,35,6,1598,2,4,-1,1,-1
201501VW40465,2,20,0,11,0,1,0,0,0,0,4,1,1,1,-1,-1,-1,-1,-1,-1,-1,-1
201501VW40466,1,1,0,17,0,8,0,0,0,0,1,1,6,1,44,7,-1,-1,-1,-1,1,-1
201501VW40466,2,9,0,7,0,8,0,0,0,0,4,1,6,1,-1,-1,-1,-1,-1,-1,-1,-1
201501VW40467,1,9,0,3,0,8,0,0,0,0,2,1,6,1,21,5,1598,1,8,-1,1,-1
201501VW40467,2,9,0,3,0,8,0,0,0,0,2,1,6,1,38,7,1596,1,10,-1,1,-1
201501VW40467,3,9,0,18,0,1,0,0,0,0,1,1,6,1,45,7,3311,8,8,-1,1,-1
201501VW40469,1,3,0,18,0,8,0,0,0,0,1,1,6,1,43,7,125,1,4,-1,1,-1
201501VW40469,2,9,0,9,0,8,0,0,0,0,4,1,6,1,28,6,1995,2,1,-1,1,-1
201501VW40470,1,19,0,9,0,8,0,0,0,0,4,1,6,1,51,8,2143,2,5,-1,1,-1
201501VW40470,2,3,0,18,0,8,0,0,0,0,1,1,6,1,30,6,108,1,1,-1,1,-1
201501VW40471,1,11,0,4,0,8,0,0,0,0,0,1,1,1,35,6,6700,2,7,-1,1,-1
201501VW40473,1,9,0,18,0,8,0,0,0,0,4,1,6,2,23,5,1200,1,-1,-1,1,-1
201501VW40473,2,9,0,9,0,8,0,0,0,0,1,1,6,1,38,7,1598,1,9,-1,1,-1
201501VW40473,3,19,0,18,0,8,0,0,0,0,3,1,6,1,54,8,2460,2,7,-1,1,-1
201501VW40473,4,9,0,18,0,8,0,0,0,0,3,1,6,2,26,6,1598,1,10,-1,1,-1
201501VW40474,1,9,0,9,0,8,0,0,0,0,3,1,6,1,33,6,1598,1,10,-1,1,-1
201501VW40474,2,3,0,18,0,8,0,0,0,0,1,1,6,1,27,6,125,1,2,-1,1,-1
201501VW40478,1,3,0,18,0,8,0,0,0,0,1,1,6,1,44,7,125,1,7,-1,1,-1
201501VW40478,2,9,0,6,0,8,0,0,0,0,3,1,6,1,18,4,998,1,11,-1,1,-1
201501VW40479,1,9,0,9,0,8,0,0,0,0,1,1,6,2,31,6,1388,1,3,-1,1,-1
201501VW40479,2,3,0,13,0,8,0,0,0,0,1,1,6,1,23,5,124,1,1,-1,1,-1
201501VW40480,1,9,0,9,0,8,0,0,0,0,1,1,6,1,38,7,1598,1,8,-1,1,-1
201501VW40480,2,19,0,18,0,8,0,0,0,0,1,1,6,1,56,9,-1,-1,-1,-1,1,-1
201501VW40481,1,9,0,18,0,1,0,0,0,0,3,1,6,1,55,8,2987,2,8,-1,1,-1
201501VW40481,2,3,0,18,0,8,0,0,0,0,1,1,6,1,27,6,-1,-1,-1,-1,1,-1
201501VW40482,1,9,0,4,0,8,0,0,0,0,0,1,6,1,41,7,1560,2,1,-1,1,-1
201501VW40482,2,11,0,4,0,1,0,0,0,0,0,1,1,1,54,8,7300,2,12,-1,1,-1
201501VW40483,1,9,0,3,0,1,0,0,0,0,2,1,6,1,27,6,1790,8,3,-1,1,-1
201501VW40483,2,9,0,3,0,1,0,0,0,0,2,1,6,1,55,8,998,1,1,-1,1,-1
201501VW40483,3,9,0,18,0,1,0,0,0,0,3,1,6,1,36,7,1390,1,14,-1,1,-1
201501VW40483,4,9,0,18,0,1,0,0,0,0,1,1,6,2,62,9,1598,2,3,-1,1,-1
201501VW40484,1,19,0,9,0,8,0,0,1,0,4,1,1,1,42,7,2198,2,-1,-1,1,-1
201501VW40484,2,1,0,18,0,8,0,0,0,0,1,1,2,2,41,7,-1,-1,-1,-1,1,-1
201501VW40485,1,9,0,3,0,0,0,0,0,0,4,1,6,2,47,8,1360,1,9,-1,1,-1
201501VW40485,2,1,0,18,0,0,0,8,0,0,1,1,2,1,40,7,-1,-1,-1,-1,1,-1
201501VW40486,1,9,0,4,0,2,0,0,0,0,2,1,6,1,25,5,1590,1,14,-1,1,-1
201501VW40486,2,9,0,18,0,2,0,0,0,0,1,1,6,3,-1,-1,-1,-1,-1,-1,-1,-1
201501VW40487,1,9,0,9,0,8,0,0,0,0,3,1,6,1,35,6,1396,1,15,-1,1,-1
201501VW40487,2,1,0,18,0,8,0,0,0,0,1,1,6,1,48,8,-1,-1,-1,-1,1,-1
201501VW40488,1,9,0,18,0,8,0,0,0,0,1,1,6,1,35,6,2204,2,9,-1,1,-1
201501VW40488,2,1,0,18,0,8,0,0,0,0,1,1,6,1,20,4,-1,-1,-1,-1,1,-1
201501VW40489,1,9,0,9,0,0,0,0,0,0,3,1,6,2,34,6,1598,1,13,-1,1,-1