Accident_Index,Vehicle_Reference,Vehicle_Type,Towing_and_Articulation,Vehicle_Manoeuvre,Vehicle_Location-Restricted_Lane,Junction_Location,Skidding_and_Overturning,Hit_Object_in_Carriageway,Vehicle_Leaving_Carriageway,Hit_Object_off_Carriageway,1st_Point_of_Impact,Was_Vehicle_Left_Hand_Drive?,Journey_Purpose_of_Driver,Sex_of_Driver,Age_of_Driver,Age_Band_of_Driver,Engine_Capacity_(CC),Propulsion_Code,Age_of_Vehicle,Driver_IMD_Decile,Driver_Home_Area_Type,Vehicle_IMD_Decile
201501VW40489,2,9,0,18,0,0,0,0,0,0,1,1,6,1,22,5,1997,1,14,-1,1,-1
201501VW40490,1,9,0,18,0,8,0,0,0,0,1,1,6,2,48,8,1242,1,16,-1,1,-1
201501VW40490,2,1,0,18,0,8,0,0,0,0,1,1,6,2,32,6,-1,-1,-1,-1,1,-1
201501VW40491,1,9,0,18,0,0,0,0,0,0,1,1,6,1,46,8,1395,1,-1,-1,1,-1
201501VW40492,1,8,0,18,0,8,0,0,0,0,4,1,1,1,67,10,2499,2,5,-1,1,-1
201501VW40492,2,1,0,18,0,8,0,0,0,0,1,1,6,2,22,5,-1,-1,-1,-1,1,-1
201501VW40493,1,19,0,18,0,8,0,0,0,0,1,1,6,1,34,6,1997,2,10,-1,1,-1
201501VW40493,2,9,0,3,0,8,0,0,0,0,2,1,6,2,28,6,1360,1,5,-1,1,-1
201501VW40494,1,9,0,17,0,8,0,0,0,0,2,1,6,1,21,5,1995,2,11,-1,1,-1
201501VW40494,2,9,0,17,0,8,0,0,0,0,1,1,6,1,32,6,1896,2,13,-1,3,-1
201501VW40495,1,9,0,18,0,2,0,0,0,0,3,1,6,1,42,7,2295,1,15,-1,1,-1
201501VW40495,2,3,0,18,0,1,0,0,0,0,4,1,6,1,23,5,108,1,-1,-1,1,-1
201501VW40496,1,9,0,18,0,8,0,0,0,0,1,1,6,1,82,11,1199,1,15,-1,1,-1
201501VW40497,1,19,0,17,0,8,0,0,0,0,2,1,1,1,62,9,-1,-1,-1,-1,1,-1
201501VW40497,2,9,0,17,0,8,0,0,0,0,1,1,6,1,-1,-1,2967,2,7,-1,-1,-1
201501VW40498,1,8,0,9,0,8,0,0,0,0,1,1,1,1,55,8,1968,2,8,-1,1,-1
201501VW40499,1,9,0,18,0,8,0,0,0,0,1,1,6,1,53,8,2688,2,12,-1,1,-1
201501VW40499,2,1,0,18,0,8,0,0,0,0,1,1,6,1,29,6,-1,-1,-1,-1,1,-1
201501VW40500,1,9,0,18,0,8,0,0,0,0,1,1,6,1,41,7,1124,1,11,-1,1,-1
201501VW40500,2,9,0,9,0,8,0,0,0,0,3,1,6,2,47,8,2148,2,9,-1,1,-1
201501VW40501,1,9,0,18,0,0,0,0,0,0,1,1,6,2,62,9,1388,1,5,-1,1,-1
201501VW40502,1,9,0,7,0,8,0,0,0,0,4,1,6,1,39,7,1596,1,11,-1,1,-1
201501VW40502,2,3,0,18,0,8,0,0,0,0,1,1,6,2,31,6,125,1,1,-1,1,-1
201501VW40505,1,9,0,9,0,8,0,0,0,0,1,1,6,1,19,4,1360,1,11,-1,1,-1
201501VW40505,2,9,0,18,0,8,0,0,0,0,1,1,6,1,21,5,-1,-1,-1,-1,1,-1
201501VW40506,1,9,0,18,0,8,0,0,0,0,1,1,6,1,30,6,1364,1,10,-1,1,-1
201501VW40506,2,3,0,3,0,8,0,0,0,0,2,1,6,1,18,4,-1,-1,-1,-1,1,-1
201501VW40506,3,9,0,3,0,8,0,0,0,0,2,1,6,1,21,5,998,1,1,-1,1,-1
201501VW40507,1,3,0,3,0,0,0,0,0,0,1,1,6,1,30,6,108,1,5,-1,1,-1
201501VW40507,2,21,0,1,3,0,0,0,0,0,2,1,6,1,46,8,5900,2,11,-1,1,-1
201501VW40508,1,19,0,2,0,0,0,0,0,0,2,1,6,1,48,8,2198,2,8,-1,1,-1
201501VW40508,2,9,0,18,0,0,0,4,0,0,1,1,6,1,28,6,1560,2,1,-1,1,-1
201501VW40509,1,9,0,18,0,8,0,0,0,0,3,1,6,2,59,9,1388,1,12,-1,1,-1
201501VW40509,2,9,0,7,0,8,0,0,0,0,3,1,6,1,34,6,4000,1,10,-1,1,-1
201501VW40509,3,9,0,16,0,8,0,0,0,0,1,1,6,1,-1,-1,1198,1,12,-1,-1,-1
201501VW40512,1,19,0,3,0,0,0,0,0,0,2,1,2,1,26,6,2198,2,1,-1,1,-1
201501VW40512,2,9,0,4,0,0,0,0,0,0,1,1,6,2,35,6,1560,2,5,-1,1,-1
201501VW40513,1,3,0,14,0,1,1,0,0,0,0,1,6,1,24,5,124,1,1,-1,1,-1
201501VW40514,1,9,0,3,0,8,0,0,0,0,3,1,6,1,41,7,1388,1,10,-1,1,-1
201501VW40514,2,9,0,9,0,8,0,0,0,0,1,1,6,1,-1,-1,1598,1,16,-1,1,-1
201501VW40515,1,9,0,6,0,1,1,10,1,1,1,1,6,1,18,4,998,1,15,-1,1,-1
201501VW40516,1,9,0,9,0,8,0,0,0,0,4,1,6,2,56,9,1461,2,12,-1,1,-1
201501VW40516,2,5,0,18,0,8,1,0,0,0,1,1,6,1,26,6,645,1,8,-1,1,-1
201501VW40517,1,3,0,18,0,0,0,0,0,0,4,1,2,1,30,6,-1,-1,-1,-1,1,-1
201501VW40517,2,9,0,12,0,0,0,0,0,0,3,1,6,3,-1,-1,-1,-1,-1,-1,-1,-1
201501VW40519,1,9,0,17,0,8,0,0,0,0,1,1,6,2,31,6,1968,2,9,-1,1,-1
201501VW40519,2,9,0,17,0,8,0,0,0,0,2,1,6,1,39,7,1598,2,3,-1,3,-1
201501VW40519,3,9,0,10,0,8,0,0,0,0,3,1,6,1,55,8,2987,2,5,-1,1,-1
201501VW40520,1,9,0,9,0,8,0,0,0,0,1,1,6,2,36,7,1560,2,8,-1,1,-1
201501VW40520,2,1,0,18,0,8,0,0,0,0,1,1,6,1,33,6,-1,-1,-1,-1,1,-1
201501VW40521,1,19,0,7,0,8,0,0,0,0,4,1,6,1,39,7,1560,2,1,-1,1,-1
201501VW40521,2,5,0,18,0,8,0,0,0,0,1,1,6,1,50,8,599,1,13,-1,1,-1
201501VW40522,1,1,0,9,0,8,0,0,0,0,2,1,6,1,27,6,-1,-1,-1,-1,1,-1
201501VW40522,2,20,0,9,0,8,0,0,0,0,1,1,1,1,-1,-1,-1,-1,-1,-1,-1,-1
201501VW40523,1,9,0,9,0,8,0,0,0,0,4,1,6,1,19,4,-1,-1,-1,-1,1,-1
201501VW40523,2,9,0,18,0,8,0,0,0,0,1,1,6,2,23,5,1598,1,7,-1,1,-1
201501VW40525,1,3,0,18,0,0,0,0,0,0,3,1,6,2,45,7,124,1,3,-1,1,-1
201501VW40525,2,9,0,13,0,0,0,0,0,0,4,1,3,2,30,6,1299,1,12,-1,1,-1
201501VW40526,1,9,0,9,0,8,0,0,0,0,1,1,3,1,-1,-1,1395,1,-1,-1,-1,-1
201501VW40527,1,9,0,5,0,0,0,0,0,0,3,1,2,2,-1,-1,1198,1,4,-1,1,-1
201501VW40527,2,1,0,14,0,0,0,0,0,0,1,1,6,1,29,6,-1,-1,-1,-1,1,-1
201501VW40528,1,9,0,9,0,8,0,0,0,0,3,1,6,2,50,8,1997,1,1,-1,1,-1
201501VW40528,2,1,0,18,0,8,0,0,0,0,1,1,6,1,33,6,-1,-1,-1,-1,1,-1
201501VW40529,1,9,0,3,0,8,0,0,0,0,2,1,6,3,-1,-1,1560,2,-1,-1,-1,-1
201501VW40529,2,9,0,3,0,8,0,0,0,0,2,1,6,3,-1,-1,-1,-1,-1,-1,-1,-1
201501VW40529,3,9,0,3,0,1,0,0,0,0,2,1,6,3,-1,-1,-1,-1,-1,-1,-1,-1
201501VW40529,4,9,0,18,0,1,0,0,0,0,1,1,6,1,38,7,1197,1,4,-1,1,-1
201501VW40530,1,1,0,18,0,0,0,0,0,0,2,1,6,1,14,3,-1,-1,-1,-1,1,-1
201501VW40530,2,9,0,13,0,0,0,0,0,0,1,1,6,3,-1,-1,-1,-1,-1,-1,-1,-1
201501VW40531,1,9,0,4,0,1,0,0,0,0,2,1,6,2,56,9,1999,1,12,-1,1,-1
201501VW40531,2,1,0,18,0,1,0,0,0,0,1,1,6,2,56,9,-1,-1,-1,-1,1,-1
201501VW40532,1,9,0,2,0,0,0,0,0,0,3,1,6,2,-1,-1,1796,1,9,-1,1,-1
201501VW40532,2,1,0,14,0,0,0,8,0,0,1,1,1,1,40,7,-1,-1,-1,-1,1,-1
201501VW40533,1,9,0,18,0,0,0,0,0,0,1,1,6,1,42,7,-1,-1,-1,-1,1,-1
201501VW40533,2,9,0,6,0,0,0,0,0,0,3,1,6,1,18,4,1598,2,-1,-1,1,-1
201501VW40534,1,19,0,7,0,8,0,0,0,0,4,1,2,1,25,5,2143,2,2,-1,1,-1
201501VW40534,2,3,0,15,0,8,0,0,0,0,1,1,2,1,20,4,49,1,13,-1,1,-1
201501VW40535,1,5,0,18,0,8,0,0,0,0,4,1,6,1,55,8,1450,1,9,-1,1,-1
201501VW40535,2,9,0,18,0,8,0,0,0,0,1,1,6,3,-1,-1,-1,-1,-1,-1,-1,-1
201501VW40536,1,1,0,18,0,8,0,0,0,0,1,1,6,1,38,7,-1,-1,-1,-1,1,-1
201501VW40536,2,9,0,18,0,8,0,0,0,0,3,1,6,3,-1,-1,1995,2,3,-1,-1,-1
201501VW40537,1,19,0,7,0,2,0,0,0,0,4,1,1,1,-1,-1,1598,2,-1,-1,1,-1
201501VW40538,1,9,0,18,0,1,0,0,0,0,1,1,2,2,49,8,1999,1,4,-1,1,-1
201501VW40538,2,9,0,4,0,1,0,0,0,0,2,1,6,1,40,7,1686,2,2,-1,1,-1
201501VW40539,1,3,0,14,0,1,0,0,0,0,1,1,2,1,26,6,124,1,10,-1,1,-1
201501VW40540,1,4,0,17,0,0,0,0,0,0,1,1,6,1,23,5,321,1,-1,-1,1,-1
201501VW40541,1,3,0,14,0,8,1,0,0,0,1,1,1,1,27,6,125,1,1,-1,1,-1
201501VW40541,2,9,0,9,0,8,0,0,0,0,3,1,6,2,33,6,1968,2,4,-1,1,-1
201501VW40542,1,9,0,14,0,0,1,0,0,0,1,1,6,1,28,6,2000,1,10,-1,1,-1
201501VW40542,2,9,0,3,0,0,0,0,0,0,2,1,6,1,43,7,-1,-1,-1,-1,1,-1
201501VW40543,1,1,0,15,0,8,0,0,0,0,1,1,6,1,28,6,-1,-1,-1,-1,-1,-1
201501VW40543,2,9,0,9,0,8,0,0,0,0,4,1,6,1,38,7,2183,2,4,-1,1,-1
201501VW40545,1,9,0,9,0,8,0,0,0,0,1,1,6,2,23,5,1242,1,13,-1,1,-1
201501VW40545,2,9,0,18,0,8,0,0,0,0,1,1,6,2,-1,-1,1595,1,14,-1,1,-1
201501VW40546,1,9,0,7,0,8,0,0,0,0,1,1,1,2,47,8,1998,1,12,-1,1,-1
201501VW40546,2,1,0,18,0,8,0,0,0,0,4,1,6,1,40,7,-1,-1,-1,-1,1,-1
201501VW40547,1,9,0,5,0,1,0,0,0,0,1,1,6,2,36,7,1199,1,13,-1,1,-1
201501VW40547,2,1,0,5,0,1,0,0,0,0,2,1,6,2,-1,-1,-1,-1,-1,-1,-1,-1
201501VW40548,1,19,0,9,0,8,0,0,0,0,1,1,6,1,24,5,1598,2,-1,-1,-1,-1
201501VW40548,2,1,0,15,0,8,0,0,0,0,3,1,6,1,51,8,-1,-1,-1,-1,1,-1
201501VW40549,1,19,0,9,0,8,0,0,0,0,1,1,2,1,26,6,1248,2,2,-1,-1,-1
201501VW40549,2,1,0,18,0,8,0,0,0,0,1,1,2,1,39,7,-1,-1,-1,-1,1,-1
201501VW40550,1,9,0,18,0,0,0,0,0,0,1,1,6,1,46,8,1910,2,8,-1,1,-1
201501VW40551,1,3,0,18,0,8,0,0,0,0,1,1,6,1,24,5,-1,-1,-1,-1,1,-1
201501VW40551,2,19,0,18,0,8,0,0,0,0,4,1,1,1,-1,-1,-1,-1,-1,-1,-1,-1
201501VW40552,1,21,1,15,0,8,0,0,0,0,4,1,2,1,32,6,10837,2,-1,-1,1,-1
201501VW40552,2,1,0,18,0,8,0,0,0,0,1,1,2,1,64,9,-1,-1,-1,-1,1,-1
201501VW40553,1,9,0,10,0,8,0,0,0,0,1,1,6,1,38,7,1248,2,7,-1,1,-1
201501VW40553,2,9,0,18,0,8,0,0,0,0,1,1,6,1,43,7,1199,1,-1,-1,1,-1
201501VW40555,1,3,0,18,0,8,0,0,0,0,1,1,6,1,30,6,124,1,1,-1,1,-1
201501VW40559,1,9,0,11,0,0,0,10,1,10,1,1,6,2,62,9,1590,1,16,-1,1,-1
201501VW40560,1,1,0,18,4,0,0,0,0,0,1,1,6,3,-1,-1,-1,-1,-1,-1,-1,-1
201501VW40561,1,9,0,10,0,8,0,0,0,0,2,1,6,1,33,6,993,1,14,-1,1,-1
201501VW40561,2,3,0,18,0,8,0,0,0,0,1,1,6,1,28,6,108,1,7,-1,1,-1
201501VW40562,1,9,0,18,0,8,0,0,0,0,2,1,6,2,25,5,1796,1,11,-1,1,-1
201501VW40562,2,9,0,18,0,8,0,0,0,0,1,1,6,1,-1,-1,2179,2,1,-1,1,-1
201501VW40563,1,9,0,18,0,8,0,0,0,0,3,1,6,1,20,4,-1,-1,-1,-1,1,-1
201501VW40563,2,9,0,9,0,8,0,0,0,0,1,1,6,1,41,7,1995,2,9,-1,1,-1
201501VW40564,1,9,0,18,0,8,0,0,0,0,4,1,6,1,28,6,-1,-1,-1,-1,1,-1
201501VW40564,2,9,0,18,0,8,0,0,0,0,1,1,6,1,-1,-1,-1,-1,-1,-1,-1,-1
201501VW40565,1,5,0,18,0,8,0,0,0,0,4,1,6,1,40,7,-1,-1,-1,-1,-1,-1
201501VW40565,2,9,0,12,0,1,0,0,0,0,3,1,6,1,26,6,1595,1,6,-1,1,-1
201501VW40566,1,9,0,17,0,2,1,4,1,4,3,1,6,1,24,5,998,1,1,-1,1,-1
201501VW40566,2,9,0,2,0,2,0,0,0,0,0,1,6,1,-1,-1,1124,1,11,-1,-1,-1
201501VW40567,1,9,0,9,0,8,0,0,0,0,4,1,6,2,32,6,1339,8,4,-1,1,-1
201501VW40567,2,3,0,18,0,8,0,0,0,0,1,1,6,1,27,6,125,1,5,-1,1,-1
201501VW40568,1,9,0,9,0,8,0,0,0,0,1,1,6,1,49,8,1796,1,13,-1,1,-1
201501VW40568,2,3,0,14,0,8,0,0,0,0,1,1,6,1,34,6,125,1,-1,-1,1,-1
201501VW40569,1,11,0,18,0,1,0,0,0,0,1,1,6,1,58,9,6700,2,6,-1,1,-1
201501VW40569,2,19,0,3,0,8,0,0,0,0,2,1,6,1,46,8,2148,2,9,-1,1,-1
201501VW40569,3,9,0,3,0,8,0,0,0,0,2,1,6,2,29,6,1199,1,14,-1,1,-1
201501VW40570,1,1,0,18,0,8,0,0,0,0,1,1,6,1,31,6,-1,-1,-1,-1,1,-1
201501VW40571,1,3,0,18,0,8,0,0,0,0,3,1,6,1,17,4,-1,-1,-1,-1,1,-1
201501VW40573,1,9,0,18,0,0,0,0,0,0,2,1,6,1,30,6,-1,-1,-1,-1,1,-1
201501VW40573,2,9,0,18,0,0,0,0,0,0,1,1,6,1,29,6,3199,1,13,-1,1,-1
201501VW40574,1,9,0,18,0,8,0,0,0,0,2,1,6,1,22,5,1596,1,9,-1,1,-1
201501VW40574,2,9,0,18,0,8,0,0,0,0,1,1,6,1,29,6,1596,1,16,-1,1,-1
201501VW40575,1,19,0,9,0,8,0,0,0,0,4,1,6,1,26,6,1598,2,1,-1,1,-1
201501VW40575,2,3,0,18,0,8,0,0,0,0,1,1,6,1,18,4,124,1,33,-1,1,-1
201501VW40576,1,9,0,18,0,1,0,0,0,0,1,1,6,1,47,8,2143,2,1,-1,-1,-1
201501VW40577,1,9,0,16,0,8,0,0,0,0,2,1,6,1,32,6,1364,1,7,-1,1,-1
201501VW40577,2,9,0,16,0,8,0,0,0,0,1,1,6,2,24,5,1390,1,1,-1,1,-1
201501VW40578,1,9,0,18,0,8,0,4,0,0,1,1,6,1,25,5,1968,2,5,-1,1,-1
201501VW40578,2,9,0,2,0,8,0,0,0,0,3,1,6,1,34,6,1229,1,5,-1,1,-1
201501VW40579,1,9,0,6,0,2,0,0,0,0,2,1,6,1,38,7,-1,-1,-1,-1,1,-1
201501VW40579,2,9,0,18,0,2,0,0,0,0,3,1,6,1,34,6,-1,-1,-1,-1,-1,-1
201501VW40580,1,9,0,9,0,8,0,0,0,0,1,1,6,1,55,8,1598,1,11,-1,1,-1
201501VW40580,2,90,0,18,0,8,0,0,0,0,1,1,1,1,39,7,2143,2,3,-1,-1,-1
201501VW40582,1,1,0,18,0,8,0,0,0,0,1,1,6,2,26,6,-1,-1,-1,-1,1,-1
201501VW40582,2,9,0,9,0,8,0,0,0,0,1,1,6,3,-1,-1,-1,-1,-1,-1,-1,-1
201501VW40583,1,1,0,18,0,8,0,0,0,0,1,1,6,1,33,6,-1,-1,-1,-1,1,-1
201501VW40583,2,8,0,4,0,8,0,0,0,0,4,1,1,1,-1,-1,1798,8,1,-1,-1,-1
201501VW40586,1,9,0,2,0,0,0,0,0,0,0,1,6,2,33,6,-1,-1,-1,-1,1,-1
201501VW40586,2,90,0,18,0,0,0,0,0,0,1,1,6,3,-1,-1,-1,-1,-1,-1,-1,-1
201501VW40589,1,9,0,18,0,0,0,0,0,0,1,1,6,3,-1,-1,-1,-1,-1,-1,-1,-1
201501VW40590,1,9,0,9,0,8,0,0,0,0,1,1,6,1,23,5,1248,2,7,-1,1,-1
201501VW40590,2,9,0,18,0,8,0,0,0,0,1,1,6,2,27,6,1968,2,3,-1,1,-1
201501VW40592,1,9,0,18,0,8,0,0,0,0,1,1,6,2,24,5,1242,1,12,-1,1,-1
201501VW40592,2,9,0,18,0,8,0,0,0,0,4,1,6,1,39,7,-1,-1,-1,-1,1,-1
201501VW40594,1,19,0,3,0,1,0,0,0,0,2,1,6,1,45,7,1248,2,-1,-1,1,-1
201501VW40594,2,9,0,18,0,1,0,0,0,0,1,1,6,1,50,8,2521,1,8,-1,1,-1
201501VW40596,1,9,0,6,0,8,0,0,0,0,4,1,6,1,28,6,1796,1,11,-1,1,-1
201501VW40596,2,9,0,18,0,8,0,0,0,0,3,1,6,2,47,8,1796,1,3,-1,1,-1
201501VW40599,1,9,0,18,0,8,0,0,0,0,1,1,6,2,22,5,1149,1,16,-1,1,-1
201501VW40599,2,9,0,9,0,8,0,0,0,0,1,1,6,1,47,8,2231,2,5,-1,1,-1
201501VW40600,1,9,0,12,0,1,0,0,0,0,3,1,6,1,30,6,1595,1,12,-1,1,-1
201501VW40600,2,9,0,18,0,1,0,0,0,0,4,1,6,2,44,7,998,1,9,-1,1,-1
201501VW40601,1,8,0,18,0,0,0,0,0,0,1,1,6,1,49,8,2402,2,9,-1,1,-1
201501VW40601,2,9,0,18,0,0,0,0,0,0,1,1,6,1,26,6,3999,1,6,-1,1,-1
201501VW40602,1,9,0,18,0,8,0,0,0,0,1,1,6,1,47,8,1968,2,-1,-1,1,-1
201501VW40602,2,9,0,9,0,8,0,0,0,0,1,1,6,1,39,7,1299,1,13,-1,1,-1
201501VW40603,1,9,0,10,0,8,0,0,0,0,2,1,6,1,69,10,-1,-1,-1,-1,1,-1
201501VW40603,2,9,0,18,0,8,0,0,0,0,1,1,6,2,39,7,2148,2,9,-1,1,-1
201501VW40604,1,9,0,18,0,2,0,0,0,0,1,1,6,1,61,9,1587,1,12,-1,1,-1
201501VW40605,1,20,0,9,0,8,0,0,0,0,3,1,6,1,55,8,4461,2,7,-1,1,-1
201501VW40605,2,1,0,13,0,8,0,0,0,0,4,1,6,1,24,5,-1,-1,-1,-1,1,-1
201501VW40606,1,9,0,9,0,8,0,0,0,0,1,1,6,1,49,8,1598,1,2,-1,-1,-1
201501VW40606,2,8,0,17,0,8,0,0,0,0,1,1,6,1,-1,-1,-1,-1,-1,-1,-1,-1
201501VW40607,1,3,0,16,0,2,0,0,0,0,1,1,6,1,36,7,124,1,1,-1,1,-1
201501VW40607,2,9,0,16,0,2,0,0,0,0,4,1,6,1,30,6,-1,-1,-1,-1,1,-1
201501VW40608,1,5,0,18,0,2,0,0,0,0,1,1,6,1,-1,-1,599,1,8,-1,1,-1
201501VW40609,1,2,0,13,0,1,1,0,0,0,0,1,2,1,42,7,49,1,-1,-1,1,-1
201501VW40609,2,9,0,12,0,1,0,0,0,0,0,1,1,1,45,7,1800,1,15,-1,1,-1
201501VW40610,1,9,0,18,0,8,0,0,0,0,1,1,6,1,40,7,1995,2,14,-1,1,-1
201501VW49012,1,1,0,18,0,8,0,0,0,0,1,1,6,1,28,6,-1,-1,-1,-1,1,-1
201501VW49012,2,9,0,9,0,8,0,0,0,0,4,1,6,1,-1,-1,1984,1,5,-1,-1,-1
201501VW49019,1,19,0,18,0,0,0,0,0,0,1,1,6,1,30,6,1996,2,1,-1,1,-1
201501VW49023,1,9,0,18,0,0,0,0,0,0,4,1,6,2,19,4,998,1,8,-1,1,-1
201501VW49023,2,8,0,18,0,0,0,0,0,0,1,1,1,1,49,8,1968,2,3,-1,1,-1
201501VW49024,1,8,0,7,0,8,0,0,0,0,1,1,1,1,41,7,1797,8,5,-1,1,-1
201501VW49024,2,9,0,4,0,8,0,0,0,0,4,1,6,2,-1,-1,1598,1,11,-1,-1,-1
201501VW49040,1,9,0,18,0,8,0,0,0,0,1,1,6,1,28,6,1390,1,10,-1,1,-1
201501VW49040,2,9,0,9,0,8,0,0,0,0,1,1,6,1,-1,-1,1796,1,12,-1,-1,-1
201501WW50002,1,5,0,15,0,0,0,0,0,0,3,1,6,1,19,4,600,1,14,-1,1,-1
201501WW50002,2,9,0,11,0,0,0,0,0,0,4,1,6,1,33,6,-1,-1,-1,-1,1,-1
201501WW50008,1,9,0,7,0,8,0,0,0,0,1,1,6,2,63,9,1598,1,7,-1,1,-1
201501WW50008,2,5,0,17,0,8,0,0,0,0,4,1,6,1,25,5,-1,-1,-1,-1,1,-1
201501WW50012,1,3,0,18,0,8,0,0,0,0,1,1,6,1,40,7,278,1,4,-1,1,-1
201501WW50019,1,3,0,18,0,1,0,0,0,0,1,1,6,1,-1,-1,-1,-1,-1,-1,-1,-1
201501WW50020,1,9,0,3,0,8,0,0,0,0,2,1,6,1,35,6,1497,8,7,-1,1,-1
201501WW50020,2,9,0,18,0,8,0,0,0,0,1,2,6,1,-1,-1,-1,-1,-1,-1,-1,-1
201501WW50021,1,11,0,4,0,1,0,0,0,0,0,1,1,2,40,7,-1,-1,-1,-1,1,-1
201501WW50022,1,19,0,9,0,8,0,0,0,0,4,1,1,1,41,7,1997,2,9,-1,1,-1
201501WW50022,2,3,0,18,0,8,0,0,0,0,1,1,6,1,37,7,-1,-1,-1,-1,1,-1
201501WW50023,1,3,0,18,0,8,0,0,0,0,1,1,1,1,20,4,49,1,6,-1,1,-1
201501WW50023,2,8,0,7,0,8,0,0,0,0,1,1,1,1,51,8,2148,2,6,-1,1,-1
201501WW50027,1,3,0,18,0,8,0,0,0,0,1,1,6,1,20,4,108,1,3,-1,1,-1
201501WW50027,2,9,0,9,0,8,0,0,0,0,4,1,6,2,-1,-1,-1,-1,-1,-1,-1,-1
201501WW50028,1,9,0,11,0,8,0,0,0,0,1,1,6,1,19,4,1149,1,12,-1,1,-1
201501WW50028,2,9,0,10,0,8,0,0,0,0,4,1,6,1,38,7,2199,2,4,-1,1,-1
201501WW50028,3,19,0,3,0,8,0,0,0,0,3,1,1,2,46,8,2198,2,2,-1,-1,-1
201501WW50030,1,9,0,6,0,0,0,0,0,0,3,1,6,2,63,9,1390,1,4,-1,1,-1
201501WW50030,2,3,0,18,0,0,0,0,0,0,1,1,6,1,21,5,-1,-1,-1,-1,1,-1
201501WW50031,1,19,0,10,0,8,0,0,0,0,2,1,1,1,27,6,1896,2,10,-1,1,-1
201501WW50031,2,9,0,18,0,8,0,0,0,0,2,1,6,3,-1,-1,-1,-1,-1,-1,-1,-1
201501WW50034,1,5,0,14,0,8,0,0,0,0,1,1,6,1,27,6,675,1,7,-1,1,-1
201501WW50034,2,9,0,9,0,8,0,0,0,0,3,1,6,1,-1,-1,2995,1,10,-1,1,-1
201501WW50035,1,3,0,17,0,2,0,0,0,0,1,1,2,2,21,5,124,1,2,-1,-1,-1
201501WW50035,2,9,0,17,0,2,0,0,0,0,2,1,6,1,-1,-1,1497,8,9,-1,-1,-1
201501WW50037,1,9,0,3,0,0,0,0,0,0,2,1,6,1,51,8,1299,1,12,-1,1,-1
201501WW50037,2,9,0,18,0,0,0,0,0,0,1,1,6,1,-1,-1,1339,8,4,-1,-1,-1
201501WW50038,1,9,0,9,0,8,0,0,0,0,4,1,6,1,20,4,1598,1,9,-1,1,-1
201501WW50038,2,3,0,18,0,8,0,0,0,0,1,1,6,1,27,6,109,1,1,-1,1,-1
201501WW50040,1,9,0,9,0,8,0,0,0,0,3,1,6,1,49,8,2143,2,3,-1,1,-1
201501WW50040,2,3,0,18,0,8,0,0,0,0,1,1,6,1,22,5,124,1,13,-1,1,-1
201501WW50041,1,3,0,4,0,0,0,0,0,0,4,1,2,2,58,9,124,1,10,-1,1,-1
201501WW50042,1,2,0,18,0,0,0,0,0,0,3,1,6,1,31,6,49,1,12,-1,1,-1
201501WW50043,1,8,0,5,0,0,0,0,0,0,3,1,1,1,-1,-1,-1,-1,-1,-1,-1,-1
201501WW50044,1,1,0,16,0,0,0,0,0,0,1,1,6,1,25,5,-1,-1,-1,-1,1,-1
201501WW50044,2,9,0,17,0,0,0,0,0,0,3,1,6,1,25,5,-1,-1,-1,-1,1,-1
201501WW50046,1,9,0,9,0,8,0,0,0,0,3,1,6,1,68,10,1968,2,9,-1,1,-1
201501WW50046,2,1,0,18,0,8,0,0,0,0,1,1,6,1,45,7,-1,-1,-1,-1,1,-1
201501WW50047,1,9,0,8,0,8,0,0,0,0,2,1,1,1,43,7,-1,-1,-1,-1,1,-1
201501WW50047,2,9,0,7,0,8,0,0,0,0,1,1,6,1,-1,-1,1390,1,8,-1,3,-1
201501WW50048,1,11,0,18,0,1,0,0,0,0,0,1,1,1,58,9,7300,2,11,-1,1,-1
201501WW50049,1,11,0,18,0,0,0,0,0,0,0,1,1,1,58,9,-1,-1,-1,-1,1,-1
201501WW50050,1,9,0,18,0,1,0,0,0,0,1,1,1,2,25,5,1339,1,11,-1,1,-1
201501WW50051,1,9,0,18,0,1,0,0,0,0,1,1,2,1,49,8,3000,1,8,-1,3,-1
201501WW50052,1,9,0,9,0,8,0,0,0,0,1,1,6,1,29,6,-1,-1,-1,-1,1,-1
201501WW50052,2,1,0,18,0,8,0,0,0,0,1,1,6,2,28,6,-1,-1,-1,-1,1,-1
201501WW50053,1,11,0,9,0,8,0,0,0,0,0,1,1,1,26,6,4500,2,3,-1,1,-1
201501WW50054,1,1,0,18,0,0,0,4,0,0,1,1,6,1,50,8,-1,-1,-1,-1,1,-1
201501WW50054,2,9,0,2,0,0,0,0,0,0,2,1,6,1,50,8,2400,2,1,-1,1,-1
201501WW50055,1,9,0,12,0,2,0,0,0,0,3,1,6,2,23,5,1390,1,2,-1,1,-1
201501WW50055,2,8,0,9,0,2,0,0,0,0,4,1,1,1,51,8,2499,2,5,-1,1,-1
201501WW50056,1,9,0,7,0,5,0,0,0,0,4,1,6,1,27,6,2000,1,10,-1,1,-1
201501WW50056,2,3,0,18,0,1,0,0,0,0,3,1,6,1,38,7,125,1,10,-1,1,-1
201501WW50057,1,3,0,9,0,8,0,0,0,0,3,1,6,1,47,8,125,1,11,-1,3,-1
201501WW50057,2,3,0,18,0,8,0,0,0,0,1,1,6,1,36,7,124,1,1,-1,1,-1
201501WW50057,3,8,0,18,0,8,0,0,0,0,3,1,1,1,71,10,2664,2,15,-1,1,-1
201501WW50058,1,3,0,4,0,1,0,0,0,0,2,1,6,1,39,7,124,1,5,-1,1,-1
201501WW50058,2,9,0,18,0,1,0,0,0,0,1,1,6,1,28,6,1329,1,4,-1,1,-1
201501WW50059,1,1,0,18,0,2,0,8,0,0,1,1,2,1,30,6,-1,-1,-1,-1,1,-1