Accident_Index,Vehicle_Reference,Vehicle_Type,Towing_and_Articulation,Vehicle_Manoeuvre,Vehicle_Location-Restricted_Lane,Junction_Location,Skidding_and_Overturning,Hit_Object_in_Carriageway,Vehicle_Leaving_Carriageway,Hit_Object_off_Carriageway,1st_Point_of_Impact,Was_Vehicle_Left_Hand_Drive?,Journey_Purpose_of_Driver,Sex_of_Driver,Age_of_Driver,Age_Band_of_Driver,Engine_Capacity_(CC),Propulsion_Code,Age_of_Vehicle,Driver_IMD_Decile,Driver_Home_Area_Type,Vehicle_IMD_Decile
201501WW50059,2,9,0,2,0,2,0,0,0,0,3,1,6,1,-1,-1,996,1,6,-1,-1,-1
201501WW50060,1,8,0,9,0,8,0,0,0,0,4,1,1,1,62,9,2499,2,8,-1,1,-1
201501WW50060,2,1,0,18,0,8,0,0,0,0,1,1,6,1,27,6,-1,-1,-1,-1,1,-1
201501WW50061,1,19,0,3,0,8,0,0,0,0,4,1,1,1,53,8,2488,2,5,-1,1,-1
201501WW50061,2,1,0,18,0,8,0,8,0,0,1,1,6,1,41,7,-1,-1,-1,-1,1,-1
201501WW50062,1,9,0,11,0,0,0,4,0,0,4,1,2,1,33,6,1388,1,6,-1,1,-1
201501WW50062,2,9,0,2,0,0,0,0,0,0,3,1,6,1,51,8,2035,1,7,-1,1,-1
201501WW50063,1,8,0,2,0,1,0,0,0,0,3,1,1,1,57,9,1339,8,3,-1,1,-1
201501WW50063,2,1,0,18,0,1,0,8,0,0,1,1,6,2,41,7,-1,-1,-1,-1,1,-1
201501WW50064,1,1,0,18,0,8,0,0,0,0,1,1,6,1,33,6,-1,-1,-1,-1,1,-1
201501WW50064,2,9,0,7,0,8,0,0,0,0,4,1,6,3,-1,-1,-1,-1,-1,-1,-1,-1
201501WW50065,1,1,0,9,0,8,0,0,0,0,4,1,6,1,18,4,-1,-1,-1,-1,-1,-1
201501WW50065,2,9,0,18,0,8,0,0,0,0,1,1,6,3,-1,-1,-1,-1,-1,-1,-1,-1
201501WW50066,1,9,0,2,0,0,0,0,0,0,3,1,2,1,52,8,1362,1,2,-1,1,-1
201501WW50066,2,1,0,18,0,0,0,8,0,0,1,1,2,1,36,7,-1,-1,-1,-1,1,-1
201501WW50067,1,9,0,18,0,8,0,0,0,0,1,1,6,1,46,8,-1,-1,-1,-1,1,-1
201501WW50068,1,9,0,18,0,0,0,0,0,0,1,1,6,2,64,9,-1,-1,-1,-1,1,-1
201501WW50069,1,4,0,13,0,8,0,0,0,0,4,1,2,1,23,5,125,1,1,-1,1,-1
201501WW50069,2,9,0,9,0,8,0,0,0,0,3,1,2,1,47,8,3497,1,18,-1,1,-1
201501WW50070,1,8,0,3,0,1,0,0,0,0,1,1,6,1,36,7,2336,7,10,-1,1,-1
201501WW50070,2,9,0,18,0,2,0,0,0,0,1,1,6,1,51,8,1995,2,13,-1,1,-1
201501WW50071,1,9,0,9,0,8,0,0,0,0,1,1,6,2,66,10,1497,1,13,-1,1,-1
201501WW50071,2,1,0,18,0,8,0,0,0,0,1,1,2,1,32,6,-1,-1,-1,-1,1,-1
201501WW50072,1,11,0,18,0,0,0,0,0,0,4,1,1,2,-1,-1,4500,2,6,-1,-1,-1
201501WW50073,1,9,0,18,0,1,0,0,0,0,4,1,6,1,44,7,1198,1,4,-1,1,-1
201501WW50073,2,1,0,12,0,1,0,0,0,0,3,1,6,1,16,4,-1,-1,-1,-1,1,-1
201501WW50074,1,1,0,18,0,8,0,0,0,0,1,1,2,1,31,6,-1,-1,-1,-1,1,-1
201501WW50074,2,9,0,9,0,8,0,0,0,0,4,1,6,2,44,7,996,1,10,-1,1,-1
201501WW50075,1,9,0,18,0,8,0,0,0,0,1,1,6,1,42,7,-1,-1,-1,-1,1,-1
201501WW50075,2,9,0,9,0,8,0,0,0,0,4,1,6,1,34,6,1968,2,2,-1,1,-1
201501WW50076,1,9,0,9,0,8,0,0,0,0,3,1,6,2,65,9,-1,-1,-1,-1,1,-1
201501WW50076,2,2,0,13,0,8,0,0,0,0,4,1,6,1,19,4,49,1,12,-1,1,-1
201501WW50077,1,9,0,9,0,8,0,0,0,0,3,1,1,1,31,6,1896,2,13,-1,-1,-1
201501WW50077,2,2,0,17,0,8,0,0,0,0,1,1,2,2,27,6,125,1,12,-1,1,-1
201501WW50078,1,9,0,18,0,8,0,0,0,0,1,1,6,2,67,10,-1,-1,-1,-1,1,-1
201501WW50078,2,9,0,18,0,8,0,0,0,0,3,1,6,1,-1,-1,1197,1,2,-1,-1,-1
201501WW50079,1,8,0,18,0,0,0,0,0,0,1,1,1,1,33,6,2143,2,5,-1,1,-1
201501WW50080,1,9,0,3,0,8,0,0,0,0,2,1,6,1,29,6,1560,2,4,-1,1,-1
201501WW50080,2,9,0,4,0,8,0,0,0,0,1,1,6,1,32,6,2995,1,5,-1,1,-1
201501WW50081,1,9,0,2,0,2,0,0,0,0,3,1,6,1,57,9,2496,1,9,-1,1,-1
201501WW50081,2,1,0,18,0,2,0,8,0,0,1,1,6,1,45,7,-1,-1,-1,-1,1,-1
201501WW50082,1,9,0,4,0,0,0,0,0,0,2,1,6,2,34,6,1997,2,11,-1,1,-1
201501WW50082,2,9,0,4,0,0,0,0,0,0,1,1,6,2,28,6,1590,1,10,-1,-1,-1
201501WW50082,3,9,0,18,0,0,0,0,0,0,1,1,6,1,21,5,1995,2,5,-1,1,-1
201501WW50084,1,2,0,18,0,8,0,0,0,0,1,1,6,1,26,6,109,1,1,-1,1,-1
201501WW50085,1,11,0,4,0,8,0,0,0,0,3,1,1,1,32,6,9200,2,12,-1,1,-1
201501WW50085,2,9,0,13,0,8,0,0,0,0,1,1,6,3,-1,-1,-1,-1,-1,-1,-1,-1
201501WW50086,1,5,0,18,0,8,0,0,0,0,1,1,1,1,28,6,656,1,9,-1,1,-1
201501WW50086,2,19,0,13,0,8,0,0,1,0,4,1,6,1,-1,-1,-1,-1,-1,-1,-1,-1
201501WW50087,1,1,0,18,0,8,0,0,0,0,1,1,2,1,33,6,-1,-1,-1,-1,1,-1
201501WW50087,2,9,0,17,0,8,0,0,0,0,3,1,6,1,-1,-1,-1,-1,-1,-1,-1,-1
201501WW50089,1,9,0,9,0,2,0,0,0,0,1,1,6,2,37,7,1798,1,8,-1,1,-1
201501WW50090,1,1,0,18,0,8,0,0,0,0,4,1,6,1,40,7,-1,-1,-1,-1,1,-1
201501WW50090,2,9,0,9,0,8,0,0,0,0,1,1,6,1,-1,-1,1968,2,1,-1,-1,-1
201501WW50091,1,9,0,5,0,0,0,0,0,0,4,1,6,1,56,9,1296,1,9,-1,1,-1
201501WW50091,2,9,0,11,0,0,0,0,0,0,1,1,6,1,27,6,1998,1,12,-1,1,-1
201501WW50092,1,3,0,14,0,0,0,0,0,0,1,1,1,1,25,5,125,1,3,-1,1,-1
201501WW50093,1,9,0,18,0,8,0,0,0,0,1,1,2,1,46,8,1685,2,2,-1,1,-1
201501WW50093,2,1,0,18,0,8,0,0,0,0,4,1,2,2,41,7,-1,-1,-1,-1,1,-1
201501WW50094,1,11,0,7,0,8,0,0,0,0,4,1,1,1,62,9,7300,2,13,-1,1,-1
201501WW50095,1,9,0,9,0,8,0,0,0,0,1,1,6,2,28,6,1390,1,5,-1,1,-1
201501WW50095,2,9,0,9,0,8,0,0,0,0,1,1,6,3,-1,-1,1598,1,11,-1,-1,-1
201501WW50097,1,9,0,18,0,8,0,0,0,0,1,1,2,1,66,10,1796,1,3,-1,1,-1
201501WW50097,2,9,0,18,0,8,0,0,0,0,1,1,2,1,19,4,2993,2,2,-1,1,-1
201501WW50097,3,1,0,18,0,8,0,0,0,0,2,1,6,1,47,8,-1,-1,-1,-1,1,-1
201501WW50098,1,9,0,9,0,8,0,0,0,0,1,1,6,1,24,5,1198,1,6,-1,3,-1
201501WW50098,2,3,0,18,0,8,0,0,0,0,1,1,6,1,30,6,-1,-1,-1,-1,1,-1
201501WW50100,1,3,0,17,0,8,0,0,0,0,1,1,6,1,26,6,124,1,15,-1,1,-1
201501WW50100,2,9,0,9,0,8,0,0,0,0,4,1,6,2,36,7,1976,1,5,-1,1,-1
201501WW50101,1,5,0,18,0,8,2,7,0,0,1,1,1,1,35,6,649,1,4,-1,1,-1
201501WW50101,2,9,0,9,0,8,0,0,0,0,3,1,6,1,20,4,1975,1,6,-1,1,-1
201501WW50101,3,9,0,3,0,8,0,0,0,0,4,1,1,2,57,9,-1,-1,-1,-1,1,-1
201501WW50102,1,9,0,13,0,8,0,0,0,0,1,1,6,2,51,8,1360,1,11,-1,1,-1
201501WW50103,1,3,0,13,0,8,0,0,0,0,0,1,6,1,39,7,125,1,1,-1,1,-1
201501WW50103,2,9,0,9,0,8,0,0,0,0,0,1,6,2,24,5,-1,-1,-1,-1,1,-1
201501WW50104,1,9,0,4,0,0,0,0,0,0,2,1,6,1,33,6,-1,-1,-1,-1,1,-1
201501WW50104,2,4,0,18,0,0,0,0,0,0,1,1,4,1,35,6,249,1,4,-1,1,-1
201501WW50105,1,9,0,9,0,8,0,0,0,0,1,1,6,1,-1,-1,1598,1,10,-1,1,-1
201501WW50106,1,9,0,9,0,8,0,0,0,0,1,1,6,1,35,6,2698,2,6,-1,1,-1
201501WW50106,2,1,0,18,0,8,0,0,0,0,1,1,6,1,18,4,-1,-1,-1,-1,1,-1
201501WW50108,1,11,0,18,0,0,0,0,0,0,0,1,1,1,55,8,6700,2,5,-1,1,-1
201501WW50109,1,19,0,1,0,8,0,0,0,0,2,1,1,1,18,4,2402,2,8,-1,1,-1
201501WW50109,2,3,0,3,0,8,0,0,0,0,1,1,1,1,33,6,109,1,3,-1,1,-1
201501WW50110,1,9,0,4,0,1,0,0,0,0,2,1,6,1,41,7,1598,1,4,-1,1,-1
201501WW50110,2,9,0,18,0,1,0,0,0,0,1,1,6,1,-1,-1,1870,2,13,-1,-1,-1
201501WW50112,1,11,0,2,0,2,0,0,0,0,0,1,1,1,-1,-1,-1,-1,-1,-1,-1,-1
201501WW50113,1,9,0,16,0,8,0,0,0,0,2,1,6,1,34,6,-1,-1,-1,-1,1,-1
201501WW50113,2,19,0,16,0,8,0,0,0,0,1,1,6,1,33,6,1896,2,10,-1,1,-1
201501WW50114,1,3,0,18,0,8,0,0,0,0,1,1,1,1,20,4,125,1,6,-1,1,-1
201501WW50114,2,9,0,9,0,8,0,0,0,0,1,1,6,2,44,7,1598,1,3,-1,1,-1
201501WW50115,1,11,0,4,0,8,0,0,0,0,0,1,1,1,34,6,-1,-1,-1,-1,-1,-1
201501WW50116,1,1,0,9,0,8,0,0,0,0,1,1,6,2,18,4,-1,-1,-1,-1,1,-1
201501WW50116,2,9,0,18,0,8,0,0,0,0,3,1,6,1,43,7,1598,1,2,-1,1,-1
201501WW50117,1,1,0,18,0,8,0,0,0,0,3,1,6,1,21,5,-1,-1,-1,-1,1,-1
201501WW50118,1,9,0,18,0,2,0,4,0,0,1,1,2,1,41,7,-1,-1,-1,-1,1,-1
201501WW50118,2,9,0,2,0,2,0,0,0,0,2,1,6,1,29,6,-1,-1,-1,-1,1,-1
201501WW50119,1,9,0,9,0,8,0,0,0,0,4,1,6,1,22,5,-1,-1,-1,-1,1,-1
201501WW50119,2,3,0,18,0,8,0,0,0,0,1,1,6,1,20,4,108,1,3,-1,1,-1
201501WW50121,1,9,0,6,0,0,0,0,0,0,4,1,6,2,27,6,1360,1,4,-1,1,-1
201501WW50121,2,9,0,18,0,0,0,0,0,0,1,1,6,1,-1,-1,-1,-1,-1,-1,-1,-1
201501WW50122,1,9,0,18,0,8,0,0,0,0,1,1,6,2,-1,-1,-1,-1,-1,-1,-1,-1
201501WW50123,1,1,0,18,0,8,0,0,0,0,1,1,6,1,26,6,-1,-1,-1,-1,1,-1
201501WW50123,2,9,0,9,0,8,0,0,0,0,1,1,6,3,-1,-1,-1,-1,-1,-1,-1,-1
201501WW50124,1,5,0,18,0,8,0,0,0,0,1,1,6,1,31,6,1247,1,-1,-1,-1,-1
201501WW50124,2,8,0,9,0,8,0,0,0,0,4,1,1,1,60,9,1997,2,1,-1,1,-1
201501WW50125,1,19,0,9,0,8,0,0,0,0,4,1,1,1,31,6,1968,2,1,-1,1,-1
201501WW50125,2,3,0,18,0,8,0,0,0,0,1,1,1,1,18,4,125,1,6,-1,1,-1
201501WW50126,1,9,0,18,0,8,0,0,0,0,1,1,6,1,38,7,1769,1,11,-1,1,-1
201501WW50127,1,3,0,18,0,8,0,0,0,0,3,1,2,2,42,7,124,1,14,-1,1,-1
201501WW50127,2,9,0,9,0,8,0,0,0,0,1,1,6,1,-1,-1,-1,-1,-1,-1,-1,-1
201501WW50128,1,9,0,9,0,8,0,0,0,0,1,1,6,1,50,8,3456,8,5,-1,1,-1
201501WW50129,1,9,0,9,0,8,0,0,0,0,4,1,6,1,52,8,-1,-1,-1,-1,1,-1
201501WW50129,2,3,0,18,0,8,0,0,0,0,1,1,6,1,35,6,125,1,3,-1,1,-1
201501WW50130,1,9,0,9,0,8,0,0,0,0,1,1,6,1,42,7,1795,1,17,-1,1,-1
201501WW50130,2,5,0,14,0,8,0,0,0,0,1,1,6,1,23,5,670,1,3,-1,1,-1
201501WW50131,1,9,0,1,0,8,0,0,0,0,2,1,6,2,67,10,1198,1,5,-1,1,-1
201501WW50132,1,9,0,9,0,8,0,0,0,0,4,1,6,1,47,8,1396,1,15,-1,1,-1
201501WW50132,2,3,0,18,0,8,0,0,0,0,1,1,1,1,23,5,108,1,-1,-1,1,-1
201501WW50133,1,3,0,18,0,8,0,0,0,0,2,1,6,1,27,6,125,1,2,-1,1,-1
201501WW50133,2,3,0,9,0,8,0,0,0,0,1,1,1,1,19,4,125,1,9,-1,1,-1
201501WW50134,1,9,0,9,0,8,0,0,0,0,3,1,6,1,26,6,2993,2,2,-1,1,-1
201501WW50134,2,9,0,18,0,8,0,0,0,0,1,1,6,1,34,6,5654,1,8,-1,1,-1
201501WW50135,1,9,0,9,0,8,0,0,0,0,4,1,6,1,34,6,1390,1,7,-1,-1,-1
201501WW50135,2,9,0,9,0,8,0,0,0,0,4,1,6,2,35,6,1242,1,1,-1,1,-1
201501WW50136,1,11,0,2,0,8,0,0,0,0,0,1,1,1,49,8,7300,2,10,-1,1,-1
201501WW50137,1,8,0,9,0,8,0,0,0,0,1,1,1,1,46,8,1797,8,4,-1,1,-1
201501WW50137,2,1,0,18,0,8,0,0,0,0,3,1,6,2,15,3,-1,-1,-1,-1,1,-1
201501WW50138,1,3,0,14,0,0,0,0,0,0,1,1,6,3,-1,-1,-1,-1,-1,-1,-1,-1
201501WW50139,1,1,0,18,0,8,0,0,0,0,3,1,6,1,30,6,-1,-1,-1,-1,-1,-1
201501WW50139,2,9,0,9,0,8,0,0,0,0,1,1,6,2,-1,-1,-1,-1,-1,-1,-1,-1
201501WW50140,1,3,0,14,0,8,0,0,0,0,1,1,6,1,-1,-1,-1,-1,-1,-1,-1,-1
201501WW50140,2,1,0,9,0,8,0,0,0,0,1,1,6,2,39,7,-1,-1,-1,-1,1,-1
201501WW50141,1,9,0,18,0,5,0,0,0,0,1,1,1,1,30,6,-1,-1,-1,-1,1,-1
201501WW50141,2,9,0,9,0,7,0,0,0,0,3,1,6,1,65,9,1229,1,7,-1,1,-1
201501WW50142,1,9,0,14,0,8,0,0,0,0,1,1,2,1,45,7,1968,2,1,-1,1,-1
201501WW50143,1,9,0,7,0,8,0,4,1,0,1,1,6,1,21,5,1560,2,4,-1,-1,-1
201501WW50143,2,9,0,2,0,8,0,0,0,0,2,1,6,2,-1,-1,-1,-1,-1,-1,3,-1
201501WW50144,1,9,0,18,0,8,0,0,0,0,1,1,6,2,59,9,1240,1,10,-1,1,-1
201501WW50144,2,9,0,4,0,8,0,0,0,0,2,1,6,2,31,6,1999,1,12,-1,1,-1
201501WW50145,1,9,0,9,0,8,0,0,0,0,1,1,6,2,28,6,-1,-1,-1,-1,1,-1
201501WW50145,2,3,0,7,0,8,0,0,0,0,1,1,6,1,-1,-1,124,1,1,-1,-1,-1
201501WW50146,1,8,0,5,0,0,0,0,0,0,0,1,1,1,59,9,2402,2,11,-1,1,-1
201501WW50146,2,3,0,4,0,0,1,0,0,0,0,1,6,1,27,6,125,1,5,-1,1,-1
201501WW50148,1,9,0,4,0,8,0,4,0,0,1,1,2,2,26,6,1598,1,4,-1,1,-1
201501WW50148,2,9,0,2,0,8,0,0,0,0,3,1,6,1,-1,-1,1797,8,5,-1,1,-1
201501WW50148,3,9,0,2,0,8,0,0,0,0,3,1,6,1,-1,-1,1896,2,12,-1,1,-1
201501WW50149,1,9,0,17,0,8,0,0,0,0,1,1,6,1,39,7,-1,-1,-1,-1,3,-1
201501WW50149,2,9,0,12,0,8,0,0,0,0,1,1,6,1,56,9,1840,1,16,-1,1,-1
201501WW50150,1,1,0,18,0,0,0,0,0,0,0,1,1,1,27,6,-1,-1,-1,-1,1,-1
201501WW50151,1,9,0,10,0,1,0,0,0,0,2,1,6,1,45,7,2231,2,9,-1,1,-1
201501WW50151,2,9,0,17,0,1,0,0,0,0,1,1,6,1,29,6,1596,1,8,-1,1,-1
201501WW50152,1,1,0,18,0,8,0,0,0,0,3,1,2,1,29,6,-1,-1,-1,-1,1,-1
201501WW50152,2,9,0,5,0,8,0,0,0,0,4,1,6,3,-1,-1,-1,-1,-1,-1,-1,-1
201501WW50153,1,1,0,18,0,0,0,0,0,0,3,1,2,2,26,6,-1,-1,-1,-1,1,-1
201501WW50153,2,21,0,13,0,0,0,0,0,0,4,1,1,1,-1,-1,16400,2,1,-1,3,-1
201501WW50154,1,9,0,3,0,8,0,0,0,0,2,1,2,1,35,6,6208,1,5,-1,1,-1
201501WW50154,2,3,0,18,0,8,0,0,0,0,1,1,6,1,32,6,108,1,1,-1,1,-1
201501WW50155,1,1,0,18,0,8,0,0,0,0,1,1,2,1,39,7,-1,-1,-1,-1,1,-1
201501WW50155,2,19,0,7,0,8,0,0,1,0,4,1,6,3,-1,-1,-1,-1,-1,-1,-1,-1
201501WW50156,1,5,0,4,0,8,0,0,1,0,1,1,2,1,36,7,647,1,9,-1,1,-1
201501WW50156,2,1,0,14,0,8,0,0,0,0,1,1,6,1,-1,-1,-1,-1,-1,-1,1,-1
201501WW50157,1,9,0,9,0,0,0,0,0,0,3,1,6,1,43,7,1896,2,7,-1,1,-1
201501WW50157,2,3,0,14,0,0,0,0,0,0,1,1,1,1,-1,-1,124,1,4,-1,1,-1
201501WW50159,1,9,0,9,0,8,0,0,0,0,4,1,6,2,33,6,1896,2,7,-1,1,-1
201501WW50159,2,1,0,18,0,8,0,0,0,0,1,1,6,1,37,7,-1,-1,-1,-1,1,-1
201501WW50160,1,11,0,18,0,8,0,0,0,0,1,1,1,1,44,7,6700,2,6,-1,1,-1
201501WW50162,1,3,0,14,0,8,0,0,0,0,0,1,2,2,47,8,125,1,1,-1,1,-1
201501WW50164,1,9,0,9,0,7,0,0,1,0,3,1,1,1,22,5,1598,1,9,-1,1,-1
201501WW50164,2,3,0,13,0,8,0,0,1,10,1,1,1,1,-1,-1,-1,-1,-1,-1,1,-1
201501WW50165,1,9,0,7,0,8,0,0,0,0,3,1,1,1,40,7,1797,8,5,-1,1,-1
201501WW50165,2,1,0,18,0,8,0,0,0,0,1,1,6,2,24,5,-1,-1,-1,-1,1,-1
201501WW50166,1,9,0,18,0,8,0,0,0,0,1,1,6,1,23,5,1753,2,9,-1,1,-1
201501WW50166,2,9,0,4,0,8,0,0,0,0,2,1,6,2,40,7,1598,1,2,-1,1,-1
201501WW50167,1,11,0,5,0,8,0,0,0,0,1,1,1,1,-1,-1,-1,-1,-1,-1,-1,-1
201501WW50168,1,3,0,18,0,8,0,0,0,0,1,1,6,1,18,4,-1,-1,-1,-1,1,-1
201501WW50168,2,9,0,9,0,8,0,0,0,0,3,1,6,1,-1,-1,-1,-1,-1,-1,-1,-1
201501WW50169,1,9,0,18,0,8,0,0,0,0,1,1,6,1,51,8,1390,1,13,-1,1,-1
201501WW50170,1,5,0,14,0,8,0,0,0,0,1,1,6,1,25,5,-1,-1,-1,-1,1,-1
201501WW50170,2,9,0,9,0,8,0,0,0,0,3,1,6,2,31,6,-1,-1,-1,-1,1,-1
201501WW50171,1,9,0,18,0,8,0,0,0,0,1,1,6,1,47,8,1587,1,12,-1,1,-1
201501WW50171,2,9,0,9,0,8,0,0,0,0,3,1,6,1,30,6,2179,2,1,-1,1,-1
201501WW50172,1,9,0,18,0,0,0,0,0,0,1,1,6,2,24,5,1598,1,3,-1,1,-1
201501WW50172,2,9,0,18,0,0,0,0,0,0,1,1,6,3,-1,-1,1598,1,11,-1,-1,-1
201501WW50173,1,5,0,18,0,8,0,0,0,0,1,1,6,1,26,6,599,1,9,-1,-1,-1
201501WW50173,2,9,0,9,0,8,0,0,0,0,3,1,6,1,60,9,-1,-1,-1,-1,1,-1
201501WW50174,1,1,0,18,0,8,0,0,0,0,1,1,6,1,41,7,-1,-1,-1,-1,1,-1
201501WW50174,2,9,0,9,0,8,0,0,0,0,4,1,6,1,-1,-1,1968,2,6,-1,-1,-1
201501WW50175,1,3,0,18,0,8,0,0,0,0,1,1,6,1,26,6,125,1,5,-1,1,-1
201501WW50175,2,9,0,9,0,8,0,0,0,0,3,1,6,1,46,8,3311,8,7,-1,1,-1
201501WW50176,1,9,0,7,0,8,0,0,0,0,1,1,6,1,18,4,1796,1,14,-1,1,-1
201501WW50177,1,8,0,9,0,8,0,0,0,0,1,1,6,1,49,8,1797,8,5,-1,1,-1
201501WW50177,2,5,0,18,0,8,0,0,0,0,3,1,6,1,35,6,999,1,10,-1,1,-1
201501WW50178,1,1,0,18,0,8,0,0,0,0,3,1,2,1,50,8,-1,-1,-1,-1,1,-1
201501WW50178,2,9,0,9,0,8,0,0,0,0,1,1,2,1,35,6,1997,2,13,-1,1,-1
201501WW50179,1,11,0,12,0,8,0,0,0,0,3,1,6,1,54,8,3900,2,13,-1,1,-1
201501WW50179,2,3,0,18,0,8,0,0,0,0,4,1,6,1,23,5,125,1,9,-1,1,-1
201501WW50180,1,1,0,18,0,8,0,0,0,0,1,1,6,1,31,6,-1,-1,-1,-1,1,-1
201501WW50180,2,9,0,9,0,8,0,0,0,0,3,1,6,3,-1,-1,-1,-1,-1,-1,-1,-1
201501WW50181,1,11,0,2,0,1,0,0,0,0,0,1,1,1,31,6,6700,2,6,-1,1,-1
201501WW50182,1,9,0,18,0,8,0,10,1,2,1,1,6,1,70,10,1488,2,19,-1,1,-1
201501WW50183,1,9,0,3,0,0,0,0,0,0,2,1,6,2,47,8,-1,-1,-1,-1,1,-1
201501WW50183,2,9,0,3,0,0,0,0,0,0,2,1,6,1,27,6,1364,1,5,-1,1,-1
201501WW50183,3,9,0,18,0,0,0,0,0,0,1,1,6,2,44,7,-1,-1,-1,-1,1,-1
201501WW50184,1,9,0,3,0,8,0,0,0,0,2,1,6,2,33,6,1968,2,3,-1,1,-1
201501WW50184,2,9,0,18,0,8,0,0,0,0,1,1,6,3,-1,-1,-1,-1,-1,-1,-1,-1
201501WW50185,1,9,0,9,0,8,0,0,0,0,4,1,6,2,59,9,1995,1,9,-1,1,-1
201501WW50185,2,1,0,18,0,8,0,0,0,0,1,1,6,1,23,5,-1,-1,-1,-1,1,-1
201501WW50186,1,19,0,7,0,8,0,0,0,0,3,1,1,1,34,6,2148,2,9,-1,1,-1
201501WW50186,2,1,0,18,0,8,0,0,0,0,1,1,6,2,39,7,-1,-1,-1,-1,1,-1
201501WW50187,1,19,0,7,0,8,0,0,0,0,3,1,1,1,48,8,1968,2,10,-1,1,-1
201501WW50187,2,20,0,2,0,8,0,0,0,0,0,1,1,1,42,7,4249,2,1,-1,1,-1
201501WW50188,1,9,0,6,0,8,0,0,0,0,3,1,1,1,37,7,1995,2,4,-1,1,-1
201501WW50188,2,2,0,18,0,8,0,0,0,0,1,1,1,1,28,6,108,1,3,-1,1,-1
201501WW50189,1,9,0,5,0,8,0,0,0,0,1,1,2,1,40,7,1598,1,8,-1,1,-1
201501WW50189,2,19,0,3,0,8,0,0,0,0,2,1,1,1,-1,-1,-1,-1,-1,-1,1,-1
201501WW50190,1,1,0,18,0,0,0,0,0,0,1,1,6,1,28,6,-1,-1,-1,-1,1,-1
201501WW50190,2,19,0,2,0,0,0,0,0,0,3,1,1,1,41,7,2143,2,1,-1,1,-1
201501WW50191,1,11,0,4,0,1,0,0,0,0,1,1,1,1,35,6,7300,2,10,-1,1,-1
201501WW50192,1,9,0,9,0,0,0,0,0,0,3,1,2,2,29,6,1229,1,1,-1,1,-1
201501WW50192,2,9,0,13,0,0,0,0,0,0,1,1,6,2,-1,-1,-1,-1,-1,-1,-1,-1
201501WW50193,1,19,0,18,0,8,0,0,0,0,1,1,6,1,29,6,-1,-1,-1,-1,1,-1
201501WW50194,1,8,0,1,0,0,0,0,0,0,2,1,1,1,51,8,1995,2,4,-1,1,-1
201501WW50195,1,3,0,3,0,8,0,0,0,0,3,1,1,1,47,8,125,1,4,-1,1,-1
201501WW50195,2,9,0,3,0,8,0,0,0,0,4,1,2,1,35,6,1339,1,5,-1,-1,-1
201501WW50196,1,9,0,9,0,8,0,0,0,0,3,1,6,1,44,7,2967,2,8,-1,-1,-1
201501WW50196,2,1,0,18,0,8,0,0,0,0,1,1,6,1,17,4,-1,-1,-1,-1,1,-1
201501WW50197,1,9,0,9,0,8,0,0,0,0,4,1,6,2,49,8,1975,1,15,-1,1,-1
201501WW50197,2,1,0,18,0,8,0,0,0,0,1,1,6,1,31,6,-1,-1,-1,-1,1,-1
201501WW50200,1,3,0,18,0,0,0,0,0,0,1,1,6,1,19,4,-1,-1,-1,-1,1,-1
201501WW50200,2,9,0,2,0,0,0,0,0,0,2,1,6,1,36,7,1995,1,4,-1,1,-1
201501WW50201,1,9,0,9,0,8,0,0,0,0,3,1,6,1,38,7,1598,1,19,-1,1,-1
201501WW50201,2,3,0,18,0,8,0,0,0,0,1,1,6,1,40,7,125,1,2,-1,1,-1
201501WW50203,1,3,0,15,0,8,0,0,0,0,1,1,6,1,63,9,-1,-1,-1,-1,1,-1
201501WW50203,2,21,0,7,0,8,0,0,0,0,1,1,6,1,37,7,11967,2,4,-1,1,-1
201501WW50204,1,1,0,18,0,8,0,0,0,0,1,1,6,1,27,6,-1,-1,-1,-1,1,-1
201501WW50204,2,9,0,9,0,8,0,0,0,0,1,1,6,2,37,7,2987,2,7,-1,-1,-1
201501WW50205,1,1,0,3,0,8,0,0,0,0,1,1,2,1,34,6,-1,-1,-1,-1,1,-1
201501WW50205,2,9,0,7,0,8,0,0,0,0,3,1,2,2,48,8,1398,1,3,-1,1,-1
201501WW50208,1,9,0,1,0,8,0,0,0,0,2,1,6,2,33,6,2191,2,1,-1,1,-1
201501WW50211,1,9,0,9,0,8,0,0,0,0,1,1,6,1,20,4,-1,-1,-1,-1,1,-1
201501WW50211,2,3,0,18,0,8,0,0,0,0,1,1,1,1,26,6,-1,-1,-1,-1,1,-1
201501WW50212,1,9,0,15,0,8,0,0,0,0,1,1,6,2,63,9,1598,1,4,-1,1,-1
201501WW50212,2,9,0,9,0,8,0,10,1,0,2,1,6,1,71,10,1598,1,12,-1,-1,-1
201501WW50212,3,9,0,2,0,8,0,0,0,0,2,1,6,2,65,9,1997,2,1,-1,1,-1
201501WW50213,1,3,0,18,0,8,0,0,0,0,1,1,6,1,17,4,125,1,9,-1,1,-1
201501WW50214,1,9,0,9,0,8,0,0,0,0,3,1,2,1,66,10,-1,-1,-1,-1,1,-1
201501WW50214,2,1,0,14,0,8,0,0,0,0,1,1,2,2,31,6,-1,-1,-1,-1,-1,-1
201501WW50215,1,4,0,18,0,8,0,0,0,0,1,1,6,1,40,7,124,1,13,-1,1,-1
201501WW50215,2,9,0,9,0,8,0,0,0,0,4,1,6,2,39,7,1242,1,1,-1,1,-1
201501WW50216,1,9,0,18,0,0,0,0,0,0,1,1,6,1,26,6,1598,1,13,-1,-1,-1
201501WW50216,2,9,0,4,0,0,0,0,0,0,1,1,6,2,45,7,1995,2,4,-1,1,-1
201501WW50217,1,4,0,18,0,1,0,0,0,0,3,1,6,1,50,8,198,1,31,-1,1,-1
201501WW50217,2,9,0,11,0,1,0,0,0,0,4,1,6,1,68,10,2148,2,11,-1,2,-1
201501WW50218,1,1,0,18,0,0,0,0,0,0,2,1,6,2,41,7,-1,-1,-1,-1,1,-1