Accident_Index,Vehicle_Reference,Vehicle_Type,Towing_and_Articulation,Vehicle_Manoeuvre,Vehicle_Location-Restricted_Lane,Junction_Location,Skidding_and_Overturning,Hit_Object_in_Carriageway,Vehicle_Leaving_Carriageway,Hit_Object_off_Carriageway,1st_Point_of_Impact,Was_Vehicle_Left_Hand_Drive?,Journey_Purpose_of_Driver,Sex_of_Driver,Age_of_Driver,Age_Band_of_Driver,Engine_Capacity_(CC),Propulsion_Code,Age_of_Vehicle,Driver_IMD_Decile,Driver_Home_Area_Type,Vehicle_IMD_Decile
201501WW50376,1,8,0,18,0,8,0,0,0,0,1,1,1,1,59,9,1910,2,9,-1,1,-1
201501WW50377,1,1,0,18,0,8,0,0,0,0,4,1,2,2,53,8,-1,-1,-1,-1,1,-1
201501WW50377,2,9,0,9,0,8,0,0,0,0,1,1,6,1,-1,-1,1985,1,12,-1,-1,-1
201501WW50378,1,9,0,9,0,8,0,0,0,0,0,1,3,2,39,7,1794,1,10,-1,1,-1
201501WW50378,2,1,0,18,0,8,0,0,0,0,0,1,6,1,29,6,-1,-1,-1,-1,1,-1
201501WW50380,1,9,0,9,0,8,0,0,0,0,4,1,6,1,33,6,1242,1,5,-1,1,-1
201501WW50380,2,19,0,18,0,8,0,0,0,0,3,1,1,1,24,5,2198,2,7,-1,-1,-1
201501WW50381,1,11,0,4,0,0,0,0,1,0,0,1,1,1,62,9,4500,2,5,-1,1,-1
201501WW50382,1,11,0,18,0,8,0,0,0,0,1,1,1,1,54,8,3900,2,10,-1,1,-1
201501WW50382,2,9,0,9,0,8,0,0,0,0,1,2,6,1,20,4,-1,-1,-1,-1,1,-1
201501WW50383,1,3,0,14,0,8,0,0,0,0,1,1,6,1,37,7,124,1,1,-1,1,-1
201501WW50383,2,9,0,9,0,8,0,0,0,0,1,1,6,1,40,7,1598,1,15,-1,1,-1
201501WW50384,1,9,0,18,0,0,0,0,0,0,1,1,6,1,30,6,-1,-1,-1,-1,1,-1
201501WW50385,1,9,0,7,0,0,0,0,0,0,1,1,2,1,54,8,1988,1,13,-1,1,-1
201501WW50385,2,21,4,18,0,0,0,0,0,0,1,1,1,1,-1,-1,5880,2,4,-1,-1,-1
201501WW50386,1,9,0,3,0,0,0,0,0,0,2,1,6,1,67,10,1242,1,13,-1,1,-1
201501WW50386,2,9,0,18,0,0,0,0,0,0,1,1,6,1,-1,-1,2184,2,5,-1,-1,-1
201501WW50387,1,9,0,18,0,8,0,0,0,0,1,1,6,1,20,4,-1,-1,-1,-1,1,-1
201501WW50387,2,9,0,2,0,8,0,0,0,0,2,1,6,3,-1,-1,-1,-1,-1,-1,-1,-1
201501WW50387,3,9,0,2,0,2,0,0,0,0,2,1,6,3,-1,-1,-1,-1,-1,-1,-1,-1
201501WW50387,4,9,0,2,0,2,0,0,0,0,3,1,6,1,33,6,1598,2,2,-1,1,-1
201501WW50388,1,1,0,5,2,0,0,0,0,0,2,1,2,1,37,7,-1,-1,-1,-1,1,-1
201501WW50388,2,9,0,5,0,0,0,0,0,0,1,1,6,1,-1,-1,1956,2,3,-1,-1,-1
201501WW50389,1,11,0,4,0,0,0,0,0,0,0,1,1,1,49,8,8268,2,14,-1,1,-1
201501WW50390,1,9,0,9,0,8,0,0,0,0,1,1,6,2,27,6,1896,2,11,-1,1,-1
201501WW50390,2,3,0,18,0,8,0,0,0,0,3,1,6,1,19,4,-1,-1,-1,-1,1,-1
201501WW50391,1,3,0,13,0,8,0,0,0,0,1,1,2,1,36,7,279,1,4,-1,-1,-1
201501WW50392,1,9,0,2,0,0,0,0,0,0,2,1,6,1,31,6,-1,-1,-1,-1,1,-1
201501WW50392,2,1,0,14,0,0,0,4,0,0,1,1,6,1,28,6,-1,-1,-1,-1,1,-1
201501WW50393,1,9,0,18,0,8,0,0,0,0,4,1,6,1,-1,-1,-1,-1,-1,-1,-1,-1
201501WW50394,1,9,0,2,0,8,0,0,0,0,3,1,2,1,39,7,1797,8,4,-1,1,-1
201501WW50394,2,1,0,14,0,8,0,4,0,0,1,1,6,1,-1,-1,-1,-1,-1,-1,-1,-1
201501WW50395,1,3,0,18,0,8,0,0,0,0,1,1,2,2,35,6,124,1,13,-1,1,-1
201501WW50395,2,9,0,9,0,8,0,0,0,0,3,1,6,2,-1,-1,1598,2,3,-1,-1,-1
201501WW50396,1,9,0,4,0,8,0,0,0,0,3,1,6,1,66,10,-1,-1,-1,-1,-1,-1
201501WW50396,2,3,0,4,0,8,0,0,0,0,2,1,6,1,50,8,124,1,13,-1,1,-1
201501WW50397,1,5,0,9,0,8,0,0,0,0,3,1,6,1,36,7,806,1,1,-1,1,-1
201501WW50397,2,19,0,18,0,8,0,0,0,0,1,1,6,1,49,8,1461,2,5,-1,1,-1
201501WW50398,1,8,0,1,0,8,0,0,0,0,2,1,1,1,26,6,1968,2,-1,-1,1,-1
201501WW50399,1,9,0,9,0,8,0,0,0,0,1,1,2,2,26,6,1398,1,4,-1,1,-1
201501WW50399,2,9,0,9,0,8,0,0,1,0,1,1,2,2,32,6,2179,2,2,-1,1,-1
201501WW50400,1,9,0,9,0,8,0,0,0,0,1,1,2,2,25,5,-1,-1,-1,-1,1,-1
201501WW50400,2,1,0,18,0,8,0,0,0,0,1,1,2,1,18,4,-1,-1,-1,-1,1,-1
201501WW50401,1,3,0,4,0,8,1,0,0,0,1,1,1,1,21,5,109,1,3,-1,1,-1
201501WW50401,2,9,0,5,0,8,0,0,0,0,4,1,4,2,36,7,2993,2,3,-1,1,-1
201501WW50402,1,9,0,18,0,8,0,0,0,0,4,1,6,1,37,7,2143,2,2,-1,1,-1
201501WW50402,2,3,0,15,0,8,1,0,0,0,1,1,6,1,44,7,125,1,10,-1,1,-1
201501WW50403,1,3,0,4,0,0,1,0,0,0,1,1,2,1,34,6,49,1,7,-1,1,-1
201501WW50404,1,1,0,16,0,8,0,0,0,0,2,1,6,2,25,5,-1,-1,-1,-1,1,-1
201501WW50404,2,9,0,18,0,8,0,0,0,0,2,1,6,1,-1,-1,-1,-1,-1,-1,1,-1
201501WW50405,1,8,0,16,0,8,0,0,0,0,3,1,2,2,29,6,1596,1,11,-1,1,-1
201501WW50405,2,19,0,16,0,8,0,0,0,0,4,1,6,1,-1,-1,-1,-1,-1,-1,-1,-1
201501WW50407,1,9,0,9,0,8,0,0,0,0,4,1,6,1,67,10,1086,1,5,-1,1,-1
201501WW50407,2,1,0,15,0,8,0,0,0,0,1,1,6,2,33,6,-1,-1,-1,-1,1,-1
201501WW50408,1,9,0,9,0,0,0,0,0,0,1,1,6,1,43,7,3955,1,10,-1,1,-1
201501WW50408,2,3,0,14,0,0,1,0,0,0,1,1,1,1,34,6,125,1,6,-1,1,-1
201501WW50409,1,9,0,18,0,8,0,0,0,0,1,1,6,2,39,7,-1,-1,-1,-1,1,-1
201501WW50410,1,9,0,9,0,8,0,0,0,0,4,1,6,1,-1,-1,1598,2,4,-1,-1,-1
201501WW50410,2,1,0,18,0,8,0,0,0,0,1,1,6,1,26,6,-1,-1,-1,-1,1,-1
201501WW50411,1,8,0,18,0,8,0,0,0,0,1,1,1,1,38,7,1991,2,7,-1,1,-1
201501WW50411,2,9,0,7,0,8,0,0,0,0,3,1,6,1,29,6,1596,1,9,-1,1,-1
201501WW50413,1,8,0,18,0,0,0,0,1,0,3,1,2,1,50,8,1968,2,4,-1,1,-1
201501WW50415,1,1,0,18,0,2,0,0,0,0,1,1,6,1,-1,-1,-1,-1,-1,-1,-1,-1
201501WW50416,1,3,0,9,0,0,0,0,0,0,3,1,1,1,48,8,125,1,8,-1,1,-1
201501WW50416,2,20,0,18,0,0,0,0,0,0,1,1,1,1,29,6,10800,2,1,-1,1,-1
201501WW50417,1,3,0,18,0,8,0,0,0,0,4,1,6,1,22,5,125,1,1,-1,1,-1
201501WW50417,2,19,0,9,0,8,0,0,0,0,1,1,1,1,34,6,-1,-1,-1,-1,1,-1
201501WW50418,1,9,0,5,0,8,0,0,0,0,3,1,6,2,34,6,1497,8,9,-1,1,-1
201501WW50419,1,9,0,9,0,8,0,0,0,0,1,1,2,2,49,8,1398,1,17,-1,1,-1
201501WW50419,2,1,0,18,0,8,0,0,0,0,1,1,2,2,37,7,-1,-1,-1,-1,-1,-1
201501WW50420,1,5,0,18,0,0,1,0,0,0,1,1,2,1,27,6,1000,1,1,-1,1,-1
201501WW50421,1,1,0,18,4,8,0,0,0,0,2,1,2,2,28,6,-1,-1,-1,-1,1,-1
201501WW50421,2,9,0,7,0,8,0,0,0,0,1,1,3,1,-1,-1,-1,-1,-1,-1,-1,-1
201501WW50422,1,9,0,14,0,0,0,0,1,0,1,1,6,1,64,9,1386,1,6,-1,-1,-1
201501WW50423,1,9,0,3,0,8,0,0,0,0,2,1,1,1,23,5,1598,1,9,-1,1,-1
201501WW50423,2,9,0,3,0,8,0,0,0,0,1,1,1,1,-1,-1,-1,-1,-1,-1,1,-1
201501WW50423,3,9,0,4,0,8,0,0,0,0,2,1,1,1,-1,-1,-1,-1,-1,-1,-1,-1
201501WW50424,1,3,0,13,0,8,0,0,0,0,1,1,2,2,44,7,124,1,6,-1,1,-1
201501WW50424,2,19,0,9,0,8,0,0,0,0,3,1,1,1,-1,-1,2198,2,1,-1,1,-1
201501WW50425,1,5,0,4,0,8,1,0,0,0,0,1,2,1,39,7,1783,1,6,-1,1,-1
201501WW50426,1,8,0,9,0,8,0,0,0,0,1,1,2,1,27,6,998,1,6,-1,1,-1
201501WW50426,2,1,0,18,0,8,0,0,0,0,3,1,2,1,44,7,-1,-1,-1,-1,1,-1
201501WW50427,1,9,0,9,0,8,0,0,0,0,3,1,6,1,68,10,1395,1,-1,-1,1,-1
201501WW50427,2,3,0,13,0,8,0,0,0,0,1,1,6,1,36,7,124,1,10,-1,1,-1
201501WW50428,1,9,0,18,0,0,0,0,0,0,1,2,6,1,67,10,1984,1,18,-1,1,-1
201501WW50430,1,8,0,3,0,8,0,0,0,0,2,1,1,1,49,8,1797,8,5,-1,1,-1
201501WW50430,2,9,0,4,0,8,0,0,0,0,1,1,6,1,31,6,1390,1,8,-1,1,-1
201501WW50430,3,9,0,3,0,8,0,0,0,0,1,1,6,2,58,9,1242,1,5,-1,1,-1
201501WW50431,1,1,0,16,0,8,0,0,0,0,1,1,6,1,26,6,-1,-1,-1,-1,1,-1
201501WW50431,2,9,0,16,0,8,0,0,0,0,4,1,6,1,-1,-1,1396,1,1,-1,1,-1
201501WW50432,1,9,0,5,0,0,0,0,0,0,3,1,6,2,32,6,1595,1,9,-1,1,-1
201501WW50432,2,1,0,18,0,0,0,0,0,0,4,1,6,1,36,7,-1,-1,-1,-1,1,-1
201501WW50434,1,1,0,18,0,8,0,0,0,0,1,1,6,1,-1,-1,-1,-1,-1,-1,-1,-1
201501WW50435,1,5,0,18,0,8,0,0,0,0,1,1,2,1,23,5,471,1,1,-1,1,-1
201501WW50435,2,9,0,9,0,8,0,0,0,0,1,1,6,1,-1,-1,1595,1,15,-1,1,-1
201501WW50436,1,9,0,2,0,0,0,0,0,0,3,1,6,1,31,6,-1,-1,-1,-1,1,-1
201501WW50436,2,3,0,14,0,0,0,4,0,0,1,1,6,1,23,5,109,1,1,-1,1,-1
201501WW50437,1,9,0,18,0,8,0,0,0,0,4,1,6,3,-1,-1,-1,-1,-1,-1,-1,-1
201501WW50438,1,9,0,9,0,8,0,0,0,0,4,1,6,2,-1,-1,1296,1,8,-1,-1,-1
201501WW50438,2,1,0,18,0,8,0,0,0,0,1,1,6,1,-1,-1,-1,-1,-1,-1,1,-1
201501WW50439,1,9,0,18,0,0,0,0,0,0,1,1,6,3,-1,-1,-1,-1,-1,-1,-1,-1
201501WW50440,1,3,0,9,0,8,0,0,0,0,1,1,1,1,49,8,125,1,3,-1,1,-1
201501WW50440,2,9,0,18,0,8,0,0,0,0,1,1,6,1,42,7,2497,2,5,-1,1,-1
201501WW50441,1,9,0,11,0,0,0,0,0,0,1,1,6,1,41,7,1560,2,7,-1,1,-1
201501WW50441,2,9,0,4,0,0,0,0,0,0,1,1,6,1,35,6,2993,2,12,-1,1,-1
201501WW50442,1,1,0,18,0,8,0,0,0,0,1,1,2,2,31,6,-1,-1,-1,-1,1,-1
201501WW50442,2,9,0,9,0,8,0,0,1,0,1,1,6,1,-1,-1,1794,1,13,-1,-1,-1
201501WW50443,1,11,0,3,0,8,0,0,0,0,3,1,1,1,50,8,6700,2,4,-1,1,-1
201501WW50443,2,19,0,18,0,8,0,0,0,0,1,1,1,1,-1,-1,2143,2,-1,-1,-1,-1
201501WW50444,1,8,0,18,0,8,0,0,0,0,4,1,1,1,62,9,2496,2,16,-1,1,-1
201501WW50444,2,8,0,9,0,8,0,0,0,0,1,1,1,1,-1,-1,1560,2,-1,-1,-1,-1
201501WW50445,1,1,0,17,0,8,0,0,0,0,4,1,2,2,42,7,-1,-1,-1,-1,1,-1
201501WW50445,2,9,0,5,0,8,0,0,0,0,1,1,6,1,-1,-1,2184,2,6,-1,1,-1
201501WW50446,1,9,0,3,0,1,0,0,0,0,2,1,6,1,41,7,1799,1,19,-1,1,-1
201501WW50446,2,19,0,18,0,1,0,0,0,0,1,1,1,1,-1,-1,1997,2,10,-1,1,-1
201501WW50447,1,9,0,17,0,8,0,0,0,0,4,1,2,1,-1,-1,1798,8,1,-1,1,-1
201501WW50447,2,11,0,17,0,8,0,0,0,0,3,1,1,3,-1,-1,-1,-1,-1,-1,-1,-1
201501WW50448,1,2,0,18,0,0,0,0,0,0,1,1,2,1,24,5,102,1,11,-1,1,-1
201501WW50448,2,9,0,9,0,0,0,0,0,0,1,1,1,1,51,8,5935,1,8,-1,1,-1
201501WW50449,1,3,0,3,0,8,0,0,0,0,1,1,1,1,35,6,125,1,1,-1,1,-1
201501WW50449,2,9,0,5,0,8,0,0,0,0,1,1,6,1,-1,-1,1984,1,9,-1,-1,-1
201501WW50450,1,19,0,18,0,0,0,0,0,0,3,1,1,1,59,9,4500,2,-1,-1,3,-1
201501WW50450,2,3,0,13,0,0,0,10,0,0,4,1,2,1,28,6,125,1,6,-1,1,-1
201501WW50451,1,9,0,3,0,0,0,0,0,0,2,1,6,1,24,5,1599,1,7,-1,1,-1
201501WW50451,2,21,0,18,0,0,0,0,0,0,1,1,6,1,-1,-1,3920,2,9,-1,-1,-1
201501WW50452,1,9,0,9,0,8,0,0,0,0,3,1,2,1,23,5,1984,1,2,-1,1,-1
201501WW50452,2,1,0,18,0,8,0,0,0,0,1,1,2,1,29,6,-1,-1,-1,-1,1,-1
201501WW50454,1,9,0,13,0,0,0,0,0,0,1,1,6,2,40,7,1598,1,8,-1,1,-1
201501WW50454,2,9,0,5,0,0,0,0,0,0,1,1,6,2,30,6,1395,1,1,-1,1,-1
201501WW50455,1,2,0,18,0,8,0,0,0,0,1,1,6,1,22,5,49,1,11,-1,1,-1
201501WW50455,2,9,0,18,0,8,0,0,0,0,1,1,6,1,31,6,954,1,17,-1,1,-1
201501WW50456,1,8,0,6,0,0,0,0,0,0,1,1,1,1,45,7,1686,2,4,-1,1,-1
201501WW50456,2,4,0,18,0,0,0,0,0,0,1,1,2,1,40,7,600,1,2,-1,1,-1
201501WW50457,1,1,0,18,0,8,0,0,0,0,1,1,6,1,-1,-1,-1,-1,-1,-1,-1,-1
201501WW50458,1,9,0,9,0,8,0,0,0,0,4,1,6,1,33,6,1240,1,7,-1,1,-1
201501WW50458,2,5,0,18,0,8,0,0,0,0,1,1,6,1,51,8,749,1,15,-1,1,-1
201501WW50459,1,1,0,18,0,0,0,0,0,0,1,1,2,1,29,6,-1,-1,-1,-1,1,-1
201501WW50459,2,9,0,9,0,0,0,0,0,0,4,1,6,1,22,5,1299,1,15,-1,1,-1
201501WW50460,1,9,0,18,0,8,2,10,7,2,1,1,6,1,86,11,1598,1,13,-1,1,-1
201501WW50461,1,11,0,5,0,8,0,0,0,0,0,1,1,1,27,6,6700,2,5,-1,-1,-1
201501WW50462,1,9,0,7,0,0,0,0,1,0,3,1,2,1,51,8,-1,-1,-1,-1,1,-1
201501WW50462,2,3,0,17,0,0,0,0,0,0,1,1,2,1,27,6,49,1,-1,-1,1,-1
201501WW50463,1,3,0,18,0,8,0,0,0,0,1,1,6,1,-1,-1,125,1,4,-1,1,-1
201501WW50463,2,9,0,9,0,8,0,0,0,0,2,1,6,1,-1,-1,1896,2,6,-1,-1,-1
201501WW50465,1,19,0,9,0,8,0,0,0,0,3,1,1,1,39,7,1598,2,3,-1,1,-1
201501WW50465,2,1,0,12,0,8,0,0,0,0,1,1,6,1,38,7,-1,-1,-1,-1,1,-1
201501WW50466,1,1,0,4,0,8,0,0,0,0,1,1,2,2,26,6,-1,-1,-1,-1,1,-1
201501WW50466,2,19,0,11,0,8,0,0,0,0,2,1,1,1,-1,-1,2198,2,1,-1,-1,-1
201501WW50468,1,9,0,18,0,8,0,0,0,0,1,1,6,1,24,5,1796,1,12,-1,1,-1
201501WW50468,2,3,0,9,0,8,0,0,0,0,1,1,6,1,21,5,-1,-1,-1,-1,1,-1
201501WW50469,1,1,0,18,0,8,0,0,0,0,1,1,6,1,42,7,-1,-1,-1,-1,1,-1
201501WW50469,2,9,0,7,0,8,0,0,0,0,4,1,6,1,-1,-1,2494,1,19,-1,-1,-1
201501WW50470,1,9,0,9,0,8,0,0,0,0,3,1,2,1,32,6,1600,1,11,-1,1,-1
201501WW50470,2,1,0,13,0,8,0,0,0,0,1,1,2,2,38,7,-1,-1,-1,-1,-1,-1
201501WW50471,1,9,0,4,0,8,0,0,0,0,1,1,6,1,27,6,1362,1,2,-1,1,-1
201501WW50471,2,9,0,18,0,8,0,0,0,0,2,1,6,2,50,8,1595,1,14,-1,1,-1
201501WW50472,1,9,0,9,0,8,0,0,0,0,1,1,6,2,45,7,1242,1,9,-1,1,-1
201501WW50472,2,1,0,18,0,8,0,0,0,0,1,1,6,1,41,7,-1,-1,-1,-1,1,-1
201501WW50473,1,21,1,18,0,8,0,0,0,0,2,1,1,1,52,8,-1,-1,-1,-1,1,-1
201501WW50473,2,4,0,18,0,8,0,0,0,0,1,1,2,1,42,7,675,1,1,-1,1,-1
201501WW50473,3,1,0,18,0,8,0,0,0,0,3,1,2,1,37,7,-1,-1,-1,-1,1,-1
201501WW50474,1,3,0,18,0,8,0,0,0,0,1,1,6,1,29,6,124,1,11,-1,1,-1
201501WW50474,2,9,0,9,0,8,0,0,0,0,1,1,6,1,20,4,1229,1,11,-1,1,-1
201501WW50475,1,19,0,12,0,8,0,0,0,0,3,1,1,1,36,7,-1,-1,-1,-1,-1,-1
201501WW50475,2,5,0,11,0,8,0,0,0,0,3,1,6,1,58,9,1198,1,4,-1,1,-1
201501WW50476,1,9,0,9,0,8,0,0,0,0,0,1,6,1,41,7,1984,1,10,-1,1,-1
201501WW50476,2,3,0,18,0,8,0,0,0,0,1,1,6,1,51,8,124,1,3,-1,-1,-1
201501WW50477,1,9,0,11,0,8,0,0,0,0,4,1,2,1,23,5,1560,2,1,-1,1,-1
201501WW50477,2,1,0,18,4,8,0,0,0,0,1,1,2,2,31,6,-1,-1,-1,-1,1,-1
201501WW50478,1,9,0,18,0,8,0,0,0,0,1,1,6,2,59,9,1995,2,1,-1,1,-1
201501WW50478,2,9,0,18,0,8,0,0,0,0,3,1,6,2,39,7,-1,-1,-1,-1,1,-1
201501WW50479,1,1,0,18,0,8,0,0,0,0,2,1,6,2,54,8,-1,-1,-1,-1,1,-1
201501WW50479,2,9,0,18,0,8,0,0,0,0,1,1,6,3,-1,-1,-1,-1,-1,-1,-1,-1
201501WW50480,1,9,0,9,0,8,0,0,0,0,0,1,6,2,25,5,1587,1,10,-1,1,-1
201501WW50480,2,3,0,4,0,8,0,0,0,0,0,1,6,1,70,10,-1,-1,-1,-1,1,-1
201501WW50481,1,8,0,13,0,0,0,0,0,0,4,1,1,1,59,9,2499,2,6,-1,1,-1
201501WW50481,2,1,0,18,0,0,0,0,0,0,3,1,6,1,44,7,-1,-1,-1,-1,1,-1
201501WW50482,1,9,0,4,0,8,0,0,0,0,2,1,6,2,-1,-1,1580,1,24,-1,-1,-1
201501WW50482,2,9,0,4,0,8,0,0,1,0,1,1,1,3,-1,-1,1995,2,-1,-1,1,-1
201501WW50483,1,11,0,3,0,8,0,0,0,0,2,1,1,1,-1,-1,7300,2,13,-1,1,-1
201501WW50483,2,11,0,18,0,8,0,0,0,0,1,1,1,1,40,7,8300,2,9,-1,1,-1
201501WW50484,1,9,0,18,0,8,0,0,0,0,1,1,6,1,29,6,1956,2,-1,-1,1,-1
201501WW50484,2,3,0,18,0,8,0,0,0,0,1,1,6,2,25,5,-1,-1,-1,-1,1,-1
201501WW50485,1,9,0,18,0,1,5,0,0,0,1,1,6,2,66,10,1598,1,9,-1,1,-1
201501WW50485,2,9,0,2,0,2,0,0,0,0,4,1,6,2,52,8,1596,1,14,-1,-1,-1
201501WW50485,3,9,0,2,0,2,0,0,0,0,1,1,6,1,33,6,1596,1,8,-1,1,-1
201501WW50488,1,11,0,4,0,8,0,0,0,0,0,1,1,1,44,7,3900,2,13,-1,1,-1
201501WW50489,1,9,0,17,0,8,0,0,0,0,3,1,6,1,39,7,1299,1,13,-1,1,-1
201501WW50489,2,3,0,18,0,8,0,0,0,0,4,1,6,1,19,4,125,1,9,-1,1,-1
201501WW50491,1,19,0,9,0,8,0,0,0,0,3,1,2,1,39,7,2298,2,3,-1,1,-1
201501WW50491,2,5,0,18,0,8,0,0,0,0,4,1,6,1,53,8,1050,1,8,-1,1,-1
201501WW50492,1,9,0,18,0,8,0,0,0,0,1,1,6,1,38,7,1386,1,7,-1,1,-1
201501WW50492,2,1,0,18,0,8,0,0,0,0,1,1,6,2,30,6,-1,-1,-1,-1,1,-1
201501WW50493,1,21,0,18,0,8,0,0,0,0,1,1,6,1,54,8,5900,2,8,-1,1,-1
201501WW50493,2,9,0,10,0,8,0,0,0,0,2,1,6,1,75,10,1493,2,5,-1,1,-1
201501WW50494,1,19,0,18,0,8,0,0,0,0,1,1,1,1,34,6,-1,-1,-1,-1,-1,-1
201501WW50494,2,1,0,17,0,8,0,0,0,0,1,1,6,2,24,5,-1,-1,-1,-1,1,-1
201501WW50495,1,9,0,18,0,0,0,0,0,0,1,1,6,1,56,9,1598,2,-1,-1,1,-1
201501WW50497,1,9,0,10,0,8,0,0,0,0,2,1,6,1,55,8,875,1,-1,-1,1,-1
201501WW50497,2,1,0,18,0,1,0,0,0,0,1,1,6,2,40,7,-1,-1,-1,-1,1,-1
201501WW50498,1,5,0,18,0,0,0,0,0,0,1,1,6,1,35,6,1043,1,2,-1,1,-1
201501WW50498,2,9,0,6,0,0,0,0,0,0,2,1,6,2,70,10,1197,1,2,-1,1,-1
201501WW50499,1,5,0,18,0,0,0,0,0,0,1,1,6,1,34,6,600,1,-1,-1,1,-1
201501WW50499,2,9,0,4,0,0,0,0,0,0,2,1,6,1,52,8,1242,1,10,-1,1,-1
201501WW50500,1,9,0,18,0,0,0,4,7,10,1,1,6,2,31,6,1339,1,10,-1,1,-1
201501WW50500,2,9,0,2,0,0,0,0,0,0,4,1,6,2,72,10,1596,1,11,-1,1,-1
201501WW50500,3,9,0,2,0,0,0,10,1,10,1,1,6,1,78,11,1299,1,19,-1,1,-1
201501WW50501,1,9,0,2,0,2,0,0,0,0,3,1,6,1,55,8,1796,1,14,-1,1,-1
201501WW50501,2,9,0,7,0,2,0,0,0,0,1,1,6,1,33,6,1797,8,5,-1,1,-1
201501WW50503,1,9,0,3,0,8,0,0,0,0,2,1,6,1,28,6,1995,2,1,-1,1,-1
201501WW50503,2,9,0,5,0,8,0,0,0,0,1,1,6,1,24,5,1598,1,5,-1,1,-1
201501WW50504,1,9,0,4,0,0,0,0,0,0,2,1,6,2,31,6,1560,2,4,-1,1,-1
201501WW50504,2,1,0,18,0,0,0,0,0,0,1,1,6,1,22,5,-1,-1,-1,-1,1,-1
201501WW50505,1,5,0,13,0,8,0,0,0,0,1,1,6,1,29,6,883,1,4,-1,1,-1
201501WW50505,2,9,0,9,0,8,0,0,0,0,1,1,6,2,-1,-1,1896,2,8,-1,-1,-1
201501WW50506,1,1,0,18,4,8,0,0,0,0,1,1,6,1,25,5,-1,-1,-1,-1,1,-1
201501WW50506,2,8,0,9,0,8,0,0,0,0,1,1,1,1,-1,-1,2402,2,10,-1,-1,-1
201501WW50507,1,1,0,18,0,8,0,0,0,0,3,1,6,1,25,5,-1,-1,-1,-1,1,-1
201501WW50507,2,9,0,7,0,8,0,0,1,0,4,1,6,1,-1,-1,-1,-1,-1,-1,-1,-1
201501WW50508,1,5,0,4,0,8,0,0,0,0,2,1,6,1,37,7,1000,1,26,-1,1,-1
201501WW50508,2,9,0,18,0,8,0,0,0,0,1,1,6,1,44,7,1794,1,13,-1,1,-1
201501WW50510,1,8,0,18,0,8,0,0,0,0,4,1,6,1,70,10,3456,8,-1,-1,1,-1
201501WW50510,2,1,0,7,0,8,0,0,0,0,1,1,6,1,29,6,-1,-1,-1,-1,1,-1
201501WW50511,1,8,0,9,0,8,0,0,0,0,0,1,6,1,48,8,-1,-1,-1,-1,1,-1
201501WW50512,1,19,0,9,0,8,0,0,0,0,1,1,6,1,36,7,2287,2,1,-1,1,-1
201501WW50512,2,1,0,18,0,8,0,0,0,0,1,1,6,1,32,6,-1,-1,-1,-1,1,-1
201501WW50513,1,1,0,18,0,8,0,0,0,0,1,1,6,1,27,6,-1,-1,-1,-1,1,-1
201501WW50513,2,3,0,11,0,8,0,0,0,0,4,1,6,1,-1,-1,125,1,3,-1,-1,-1
201501WW50514,1,1,0,17,0,2,0,0,0,0,1,1,6,1,-1,-1,-1,-1,-1,-1,-1,-1
201501WW50515,1,1,0,18,0,8,0,0,0,0,1,1,6,1,26,6,-1,-1,-1,-1,1,-1
201501WW50515,2,9,0,9,0,8,0,0,0,0,1,1,1,1,-1,-1,998,1,1,-1,-1,-1
201501WW50517,1,9,0,4,0,8,0,0,0,0,2,1,6,1,63,9,1998,1,16,-1,1,-1
201501WW50517,2,21,0,18,0,1,0,0,0,0,1,1,1,1,-1,-1,10837,2,2,-1,1,-1
201501WW50518,1,1,0,18,0,8,0,0,0,0,1,1,6,1,23,5,-1,-1,-1,-1,1,-1
201501WW50518,2,9,0,2,0,2,0,0,0,0,3,1,6,1,-1,-1,1124,1,10,-1,-1,-1
201501WW50519,1,19,0,7,0,8,0,0,0,0,4,1,1,1,27,6,2198,2,-1,-1,1,-1
201501WW50519,2,1,0,18,0,8,0,0,0,0,1,1,6,1,20,4,-1,-1,-1,-1,1,-1
201501WW50520,1,19,0,1,0,8,0,0,0,0,2,1,1,1,25,5,1968,2,5,-1,-1,-1
201501WW50520,2,3,0,18,0,8,0,0,0,0,1,1,6,1,26,6,-1,-1,-1,-1,-1,-1
201501WW50521,1,1,0,17,0,8,0,0,0,0,1,1,6,1,49,8,-1,-1,-1,-1,1,-1
201501WW50521,2,9,0,11,0,8,0,0,0,0,4,1,6,1,25,5,1598,2,4,-1,1,-1
201501WW50522,1,1,0,18,0,8,0,0,0,0,1,1,6,1,33,6,-1,-1,-1,-1,1,-1
201501WW50523,1,9,0,18,0,8,0,0,0,0,1,1,6,2,51,8,1783,1,11,-1,1,-1
201501WW50523,2,19,0,3,0,8,0,0,0,0,2,1,6,1,30,6,-1,-1,-1,-1,3,-1
201501WW50523,3,9,0,3,0,8,0,0,0,0,2,1,6,2,45,7,1794,1,14,-1,1,-1
201501WW50524,1,8,0,17,0,8,0,0,0,0,1,1,6,1,-1,-1,1910,2,5,-1,-1,-1
201501WW50524,2,1,0,18,0,8,0,0,0,0,4,1,6,1,36,7,-1,-1,-1,-1,1,-1
201501WW50525,1,9,0,18,0,2,0,10,4,6,3,1,6,1,71,10,1229,1,4,-1,1,-1
201501WW50525,2,21,0,11,0,2,0,0,0,0,4,1,6,1,71,10,-1,-1,-1,-1,2,-1
201501WW50526,1,5,0,18,0,2,0,0,0,0,1,1,6,1,40,7,599,1,16,-1,1,-1
201501WW50526,2,9,0,6,0,2,0,0,0,0,3,1,6,1,45,7,2179,2,-1,-1,1,-1
201501WW50527,1,9,0,14,0,8,0,0,0,0,1,1,6,2,56,9,1997,2,11,-1,1,-1
201501WW50527,2,9,0,18,0,8,0,0,0,0,1,1,6,2,31,6,1390,1,13,-1,1,-1