Accident_Index,Vehicle_Reference,Vehicle_Type,Towing_and_Articulation,Vehicle_Manoeuvre,Vehicle_Location-Restricted_Lane,Junction_Location,Skidding_and_Overturning,Hit_Object_in_Carriageway,Vehicle_Leaving_Carriageway,Hit_Object_off_Carriageway,1st_Point_of_Impact,Was_Vehicle_Left_Hand_Drive?,Journey_Purpose_of_Driver,Sex_of_Driver,Age_of_Driver,Age_Band_of_Driver,Engine_Capacity_(CC),Propulsion_Code,Age_of_Vehicle,Driver_IMD_Decile,Driver_Home_Area_Type,Vehicle_IMD_Decile
201501WW50528,1,9,0,12,0,0,0,0,0,0,3,1,6,1,-1,-1,1995,2,1,-1,1,-1
201501WW50528,2,1,0,18,4,0,0,0,0,0,4,1,6,2,27,6,-1,-1,-1,-1,1,-1
201501WW50529,1,3,0,18,0,0,0,0,0,0,1,1,6,1,37,7,108,1,1,-1,1,-1
201501WW50530,1,9,0,17,0,8,0,4,0,0,1,1,6,1,28,6,1461,2,1,-1,2,-1
201501WW50530,2,9,0,2,0,2,0,0,0,0,4,1,6,1,72,10,1997,2,5,-1,1,-1
201501WW50531,1,9,0,9,0,8,0,0,0,0,3,1,6,1,38,7,2179,2,1,-1,1,-1
201501WW50531,2,5,0,13,0,8,0,0,0,0,1,1,6,1,-1,-1,998,1,5,-1,-1,-1
201501WW50532,1,21,0,16,0,8,0,0,0,0,4,1,1,1,50,8,-1,-1,-1,-1,1,-1
201501WW50532,2,9,0,16,0,8,0,0,0,0,3,1,6,1,19,4,1364,1,6,-1,-1,-1
201501WW50533,1,11,0,5,0,0,0,0,0,0,0,1,1,1,32,6,3900,2,13,-1,1,-1
201501WW50534,1,9,0,17,0,8,0,0,0,0,3,1,6,1,43,7,2148,2,6,-1,-1,-1
201501WW50534,2,9,0,18,0,8,0,0,0,0,1,1,6,1,-1,-1,1596,1,15,-1,-1,-1
201501WW50535,1,9,0,9,0,8,0,0,0,0,4,1,6,1,30,6,1997,2,4,-1,1,-1
201501WW50535,2,1,0,18,2,8,0,0,0,0,1,1,6,1,22,5,-1,-1,-1,-1,1,-1
201501WW50536,1,9,0,3,0,0,0,0,0,0,2,1,6,1,24,5,1598,1,9,-1,1,-1
201501WW50536,2,9,0,2,0,0,0,0,0,0,3,1,6,1,28,6,1796,7,14,-1,1,-1
201501WW50536,3,9,0,18,0,0,0,4,0,0,1,1,6,1,-1,-1,1299,1,17,-1,-1,-1
201501WW50537,1,9,0,3,0,0,0,0,0,0,2,1,6,1,47,8,1968,2,4,-1,1,-1
201501WW50537,2,19,0,3,0,0,0,0,0,0,2,1,1,1,54,8,-1,-1,-1,-1,1,-1
201501WW50537,3,19,0,18,0,0,0,0,0,0,1,1,1,1,31,6,-1,-1,-1,-1,1,-1
201501WW50538,1,5,0,14,0,1,0,0,0,0,4,1,6,1,51,8,-1,-1,-1,-1,1,-1
201501WW50538,2,9,0,18,0,8,0,0,0,0,1,1,6,1,51,8,2191,2,1,-1,1,-1
201501WW50539,1,19,0,7,0,8,0,0,0,0,4,1,1,1,33,6,2198,2,2,-1,1,-1
201501WW50539,2,1,0,18,0,8,0,0,0,0,1,1,6,1,57,9,-1,-1,-1,-1,1,-1
201501WW50540,1,9,0,9,0,8,0,0,0,0,4,2,6,1,51,8,-1,-1,-1,-1,-1,-1
201501WW50540,2,1,0,18,0,8,0,0,0,0,1,1,6,1,33,6,-1,-1,-1,-1,1,-1
201501WW50542,1,19,0,3,0,8,0,0,0,0,2,1,1,1,29,6,2987,2,8,-1,1,-1
201501WW50542,2,9,0,18,0,1,0,0,0,0,1,1,6,1,-1,-1,1968,2,7,-1,-1,-1
201501WW50543,1,9,0,9,0,8,0,0,0,0,4,1,6,1,80,11,1598,1,2,-1,1,-1
201501WW50543,2,1,0,18,0,8,0,0,0,0,1,1,6,1,34,6,-1,-1,-1,-1,1,-1
201501WW50544,1,11,0,5,0,0,0,0,0,0,0,1,1,1,58,9,6696,2,2,-1,-1,-1
201501WW50545,1,9,0,18,0,8,0,0,0,0,3,1,6,1,42,7,1997,2,11,-1,1,-1
201501WW50545,2,9,0,9,0,8,0,0,0,0,1,1,6,2,53,8,1242,1,4,-1,1,-1
201501WW50546,1,9,0,9,0,8,0,0,0,0,1,1,6,2,69,10,1598,1,12,-1,1,-1
201501WW50546,2,1,0,18,0,8,0,0,0,0,1,1,6,1,27,6,-1,-1,-1,-1,1,-1
201501WW50547,1,9,0,1,0,8,0,0,0,0,4,1,6,2,44,7,2698,2,7,-1,1,-1
201501WW50547,2,5,0,18,0,8,0,0,0,0,1,1,6,1,38,7,738,1,11,-1,1,-1
201501WW50549,1,3,0,9,0,8,0,0,0,0,1,1,6,1,26,6,395,1,2,-1,1,-1
201501WW50549,2,8,0,18,0,8,0,0,0,0,1,1,1,1,49,8,1399,1,5,-1,1,-1
201501WW50550,1,1,0,18,4,8,0,0,0,0,3,1,6,1,33,6,-1,-1,-1,-1,1,-1
201501WW50550,2,9,0,9,0,8,0,0,0,0,1,1,6,1,-1,-1,999,1,8,-1,1,-1
201501WW50551,1,19,0,16,0,1,0,0,0,0,1,1,6,1,37,7,1870,2,11,-1,1,-1
201501WW50552,1,3,0,18,0,2,0,0,0,0,1,1,6,1,-1,-1,-1,-1,-1,-1,-1,-1
201501WW50553,1,21,0,3,0,8,0,0,0,0,1,1,1,1,46,8,4462,2,2,-1,1,-1
201501WW50553,2,3,0,18,0,8,0,0,0,0,1,1,6,1,18,4,124,1,1,-1,1,-1
201501WW50553,3,90,0,9,0,8,0,0,0,0,1,1,1,2,45,7,2686,2,10,-1,1,-1
201501WW50554,1,9,0,18,0,8,0,0,0,0,1,1,6,2,31,6,1339,1,9,-1,1,-1
201501WW50554,2,9,0,18,0,8,0,0,0,0,1,1,6,1,37,7,1600,1,10,-1,1,-1
201501WW50554,3,9,0,18,0,8,0,0,0,0,1,1,6,1,31,6,1995,1,5,-1,1,-1
201501WW50555,1,9,0,3,0,8,0,0,0,0,2,1,6,1,27,6,1910,2,10,-1,1,-1
201501WW50555,2,9,0,18,0,8,0,0,0,0,1,1,6,1,33,6,-1,-1,-1,-1,-1,-1
201501WW50556,1,3,0,18,0,0,0,0,0,0,1,1,6,1,40,7,125,1,4,-1,1,-1
201501WW50556,2,8,0,6,0,0,0,0,0,0,1,1,6,1,47,8,2143,2,2,-1,1,-1
201501WW50557,1,20,0,18,0,0,0,0,0,0,4,1,1,1,-1,-1,2143,2,2,-1,-1,-1
201501WW50558,1,9,0,18,0,0,0,0,0,0,1,1,6,2,-1,-1,1229,1,8,-1,-1,-1
201501WW50559,1,9,0,18,0,0,0,0,0,0,1,1,6,1,27,6,1560,2,4,-1,3,-1
201501WW50559,2,9,0,18,0,0,0,0,0,0,1,1,6,1,35,6,2148,2,9,-1,1,-1
201501WW50560,1,9,0,7,0,8,0,0,0,0,2,1,6,1,-1,-1,-1,-1,-1,-1,-1,-1
201501WW50560,2,1,0,18,0,8,0,0,0,0,1,1,6,1,58,9,-1,-1,-1,-1,1,-1
201501WW50561,1,3,0,18,0,1,0,0,0,0,1,1,6,1,24,5,124,1,2,-1,1,-1
201501WW50561,2,8,0,12,0,1,0,0,0,0,3,1,6,1,59,9,1598,1,3,-1,1,-1
201501WW50562,1,9,0,18,0,8,0,0,0,0,4,1,6,1,22,5,1769,1,13,-1,1,-1
201501WW50562,2,9,0,9,0,8,0,0,0,0,1,1,6,1,21,5,1995,2,15,-1,1,-1
201501WW50563,1,3,0,18,0,8,0,0,0,0,1,1,6,1,25,5,125,1,4,-1,1,-1
201501WW50563,2,19,0,7,0,8,0,0,0,0,4,1,1,1,48,8,-1,3,3,-1,1,-1
201501WW50564,1,9,0,18,0,8,0,0,0,0,2,1,6,1,43,7,999,1,3,-1,1,-1
201501WW50564,2,1,0,18,0,8,0,0,0,0,1,1,6,1,39,7,-1,-1,-1,-1,1,-1
201501WW50565,1,1,0,18,0,8,0,0,0,0,3,1,6,1,44,7,-1,-1,-1,-1,1,-1
201501WW50565,2,19,0,7,0,8,0,0,0,0,4,1,1,1,-1,-1,-1,-1,-1,-1,-1,-1
201501WW50566,1,9,0,2,0,0,0,0,0,0,3,1,6,1,-1,-1,1796,1,7,-1,1,-1
201501WW50566,2,9,0,18,0,0,0,8,0,0,4,1,6,3,-1,-1,1590,1,13,-1,-1,-1
201501WW50567,1,9,0,18,0,8,0,0,0,0,3,1,6,1,24,5,998,1,1,-1,1,-1
201501WW50567,2,9,0,18,0,8,0,0,0,0,1,1,6,1,57,9,1332,1,3,-1,1,-1
201501WW50568,1,9,0,4,0,1,0,0,0,0,2,1,6,1,25,5,1896,2,14,-1,2,-1
201501WW50568,2,9,0,4,0,1,0,0,0,0,2,1,6,1,23,5,1200,1,17,-1,1,-1
201501WW50568,3,9,0,18,0,1,0,0,0,0,1,1,6,1,24,5,1390,1,2,-1,1,-1
201501WW50570,1,9,0,7,0,1,0,0,0,0,0,1,6,1,34,6,1995,2,8,-1,1,-1
201501WW50570,2,9,0,7,0,1,0,0,0,0,0,1,6,1,-1,-1,-1,-1,-1,-1,-1,-1
201501WW50571,1,9,0,9,0,8,0,0,0,0,3,1,6,1,39,7,1197,1,4,-1,1,-1
201501WW50571,2,9,0,18,0,8,0,10,3,1,1,1,6,2,43,7,1149,1,4,-1,1,-1
201501WW50572,1,3,0,18,0,8,0,0,0,0,1,1,6,1,21,5,107,1,2,-1,-1,-1
201501WW50573,1,9,0,18,0,8,0,0,0,0,4,1,6,1,35,6,1389,1,9,-1,-1,-1
201501WW50573,2,9,0,7,0,8,0,0,0,0,3,1,6,1,56,9,1591,1,1,-1,1,-1
201501WW50574,1,9,0,9,0,8,0,0,0,0,3,1,6,1,53,8,1797,1,18,-1,-1,-1
201501WW50574,2,3,0,14,0,8,0,0,0,0,1,1,6,1,28,6,124,1,7,-1,1,-1
201501WW50575,1,9,0,7,0,8,0,0,0,0,4,1,6,1,40,7,1796,1,15,-1,-1,-1
201501WW50575,2,1,0,18,0,8,0,0,0,0,1,1,6,1,61,9,-1,-1,-1,-1,1,-1
201501WW50576,1,9,0,7,0,1,0,0,0,0,4,1,6,1,34,6,1360,1,13,-1,1,-1
201501WW50576,2,1,0,18,0,1,0,0,0,0,1,1,6,1,21,5,-1,-1,-1,-1,1,-1
201501WW50577,1,1,0,18,0,0,0,0,0,0,1,1,6,1,34,6,-1,-1,-1,-1,1,-1
201501WW50578,1,9,0,18,0,8,0,0,0,0,1,1,6,1,61,9,1995,2,1,-1,1,-1
201501WW50579,1,9,0,9,0,8,0,0,0,0,1,1,6,2,37,7,2435,1,11,-1,1,-1
201501WW50579,2,3,0,14,0,8,0,0,0,0,1,1,6,1,-1,-1,-1,-1,-1,-1,-1,-1
201501WW50580,1,9,0,9,0,8,0,0,0,0,3,1,6,1,-1,-1,1560,2,-1,-1,-1,-1
201501WW50580,2,1,0,18,0,8,0,0,0,0,1,1,6,1,25,5,-1,-1,-1,-1,1,-1
201501WW50581,1,9,0,4,0,0,0,0,0,0,2,1,6,1,50,8,2993,2,1,-1,1,-1
201501WW50581,2,1,0,18,0,0,0,0,0,0,1,1,6,1,29,6,-1,-1,-1,-1,1,-1
201501WW50582,1,5,0,18,0,8,0,0,0,0,1,1,6,1,27,6,999,1,3,-1,1,-1
201501WW50582,2,1,0,12,0,8,0,0,0,0,1,1,6,1,54,8,-1,-1,-1,-1,1,-1
201501WW50583,1,3,0,18,0,8,0,0,0,0,1,1,6,1,24,5,124,1,8,-1,1,-1
201501WW50583,2,9,0,9,0,8,0,0,0,0,4,1,6,1,35,6,1590,1,11,-1,1,-1
201501WW50584,1,9,0,16,0,8,0,0,0,0,1,1,6,2,29,6,1998,1,14,-1,1,-1
201501WW50584,2,9,0,16,0,8,0,0,0,0,1,1,6,1,51,8,2143,2,2,-1,1,-1
201501WW50585,1,1,0,18,0,8,0,0,0,0,1,1,6,1,23,5,-1,-1,-1,-1,1,-1
201501WW50586,1,5,0,4,0,2,0,0,0,0,3,1,6,1,40,7,1402,1,11,-1,1,-1
201501WW50586,2,9,0,12,0,2,0,0,0,0,0,1,6,1,-1,-1,-1,-1,-1,-1,-1,-1
201501WW50587,1,11,0,4,0,8,0,0,0,0,0,1,1,1,26,6,6700,2,8,-1,1,-1
201501WW50588,1,8,0,3,0,8,0,0,0,0,3,1,1,1,32,6,1956,2,2,-1,1,-1
201501WW50588,2,9,0,7,0,8,0,0,0,0,1,1,6,1,-1,-1,-1,-1,-1,-1,-1,-1
201501WW50589,1,5,0,17,0,8,0,0,0,0,1,1,6,1,50,8,656,1,8,-1,1,-1
201501WW50589,2,90,0,18,0,8,0,0,0,0,3,1,1,1,-1,-1,2686,2,9,-1,-1,-1
201501WW50590,1,9,0,7,0,1,0,0,0,0,4,1,6,1,22,5,1686,2,2,-1,1,-1
201501WW50590,2,1,0,18,0,1,0,8,0,0,1,1,6,1,55,8,-1,-1,-1,-1,3,-1
201501WW50591,1,9,0,9,0,8,0,10,1,10,1,1,6,1,21,5,1229,1,10,-1,1,-1
201501WW50592,1,9,0,3,0,8,0,0,0,0,2,1,6,1,22,5,1229,1,6,-1,1,-1
201501WW50592,2,19,0,18,0,1,0,0,0,0,1,1,1,1,28,6,2402,2,7,-1,-1,-1
201501WW50593,1,9,0,7,0,8,0,4,0,0,4,1,6,2,23,5,999,1,-1,-1,1,-1
201501WW50593,2,19,0,2,0,1,0,0,0,0,1,1,6,3,-1,-1,1686,2,14,-1,-1,-1
201501WW50594,1,9,0,18,0,1,0,0,0,0,1,1,6,2,31,6,1596,1,14,-1,1,-1
201501WW50595,1,1,0,18,0,8,0,0,0,0,3,1,6,1,63,9,-1,-1,-1,-1,1,-1
201501WW50595,2,3,0,18,0,8,0,0,0,0,1,1,6,3,-1,-1,-1,-1,-1,-1,-1,-1
201501WW50596,1,3,0,18,0,8,0,0,0,0,3,1,6,1,34,6,124,1,-1,-1,1,-1
201501WW50597,1,9,0,7,0,8,0,0,0,0,4,1,6,2,55,8,1598,1,8,-1,1,-1
201501WW50597,2,1,0,18,0,8,0,0,0,0,1,1,6,1,49,8,-1,-1,-1,-1,1,-1
201501WW50598,1,3,0,18,0,8,0,0,0,0,3,1,6,1,29,6,-1,-1,-1,-1,1,-1
201501WW50599,1,5,0,14,0,8,0,0,0,0,1,1,6,1,21,5,-1,-1,-1,-1,1,-1
201501WW50599,2,9,0,9,0,8,0,0,0,0,3,1,6,2,42,7,1242,1,7,-1,1,-1
201501WW50600,1,9,0,18,0,8,0,0,0,0,1,1,6,1,19,4,1598,1,8,-1,1,-1
201501WW50600,2,9,0,9,0,8,0,0,0,0,1,1,6,3,-1,-1,999,1,3,-1,-1,-1
201501WW50601,1,8,0,6,0,2,0,0,0,0,4,1,1,1,47,8,2499,2,7,-1,1,-1
201501WW50601,2,5,0,18,0,2,0,0,0,0,1,1,6,1,51,8,599,1,19,-1,1,-1
201501WW50602,1,9,0,18,0,8,0,0,0,0,0,1,6,2,-1,-1,-1,-1,-1,-1,-1,-1
201501WW50603,1,20,0,4,0,0,0,0,0,0,4,1,1,1,-1,-1,5193,2,1,-1,3,-1
201501WW50604,1,9,0,9,0,8,0,0,0,0,3,1,6,1,54,8,1390,1,12,-1,1,-1
201501WW50604,2,3,0,13,0,8,0,0,0,0,1,1,6,1,22,5,108,1,-1,-1,1,-1
201501WW50605,1,1,0,18,0,8,0,0,0,0,3,1,6,2,36,7,-1,-1,-1,-1,1,-1
201501WW50605,2,1,0,12,0,8,0,0,0,0,4,1,6,1,-1,-1,-1,-1,-1,-1,-1,-1
201501WW50606,1,5,0,18,0,8,0,0,0,0,1,1,6,1,56,9,600,1,8,-1,1,-1
201501WW50606,2,19,0,9,0,8,0,0,0,0,1,1,6,1,53,8,-1,-1,-1,-1,3,-1
201501WW50607,1,9,0,12,0,8,0,0,0,0,3,1,6,1,55,8,2993,2,7,-1,1,-1
201501WW50607,2,3,0,11,0,8,0,0,0,0,4,1,6,1,23,5,125,1,-1,-1,1,-1
201501WW50608,1,1,0,9,0,8,0,0,0,0,4,1,6,1,48,8,-1,-1,-1,-1,1,-1
201501WW50608,2,9,0,18,0,8,0,0,0,0,1,1,6,1,-1,-1,2143,2,4,-1,-1,-1
201501WW50609,1,1,0,17,0,8,0,0,0,0,4,1,6,1,25,5,-1,-1,-1,-1,1,-1
201501WW50609,2,9,0,16,0,8,0,0,0,0,1,1,6,1,-1,-1,1686,2,5,-1,-1,-1
201501WW50612,1,9,0,14,0,1,0,0,0,0,1,1,6,1,33,6,1598,1,2,-1,1,-1
201501WW50613,1,9,0,9,0,8,0,0,0,0,1,1,6,1,25,5,1991,1,16,-1,1,-1
201501WW50613,2,5,0,18,0,8,0,0,0,0,1,1,6,1,41,7,749,1,7,-1,1,-1
201501WW50615,1,3,0,4,0,8,0,0,0,0,4,1,6,1,31,6,125,1,6,-1,1,-1
201501WW50615,2,9,0,9,0,8,0,0,0,0,0,1,6,1,39,7,2993,2,5,-1,1,-1
201501WW50616,1,9,0,16,0,8,0,0,0,0,4,1,6,2,76,11,1598,1,5,-1,1,-1
201501WW50616,2,1,0,16,0,8,0,0,0,0,3,1,6,2,27,6,-1,-1,-1,-1,1,-1
201501WW50617,1,1,0,18,0,8,0,0,0,0,1,1,6,3,-1,-1,-1,-1,-1,-1,-1,-1
201501WW50618,1,9,0,3,0,8,0,0,0,0,2,1,6,2,37,7,1242,1,3,-1,1,-1
201501WW50618,2,9,0,18,0,8,0,0,0,0,1,1,6,1,-1,-1,-1,-1,-1,-1,1,-1
201501WW50620,1,3,0,4,0,2,0,0,0,0,1,1,6,1,23,5,124,1,6,-1,1,-1
201501WW50621,1,8,0,9,0,8,0,0,0,0,2,1,6,1,43,7,1995,2,9,-1,1,-1
201501WW50621,2,9,0,9,0,8,0,0,0,0,1,1,6,2,41,7,1598,1,3,-1,1,-1
201501WW50622,1,1,0,14,0,1,0,0,0,0,3,1,6,1,60,9,-1,-1,-1,-1,1,-1
201501WW50622,2,9,0,13,0,1,0,0,0,0,4,1,6,1,-1,-1,1995,2,1,-1,-1,-1
201501WW50624,1,5,0,4,0,8,0,0,0,0,1,1,6,1,33,6,599,1,11,-1,1,-1
201501WW50624,2,9,0,9,0,8,0,0,0,0,1,1,6,1,43,7,1200,1,-1,-1,-1,-1
201501WW50625,1,9,0,16,0,0,0,0,0,0,3,1,6,1,25,5,1198,1,9,-1,1,-1
201501WW50625,2,3,0,17,0,0,0,0,0,0,3,1,6,1,26,6,109,1,3,-1,1,-1
201501WW50626,1,11,0,4,0,0,0,0,0,0,1,1,1,1,58,9,6692,2,6,-1,1,-1
201501WW50627,1,1,0,18,0,8,0,0,0,0,1,1,6,2,49,8,-1,-1,-1,-1,1,-1
201501WW50627,2,9,0,1,0,8,0,0,0,0,3,1,6,2,-1,-1,-1,-1,-1,-1,-1,-1
201501WW50628,1,11,0,4,0,8,0,0,0,0,0,1,1,1,40,7,6700,2,6,-1,1,-1
201501WW50629,1,9,0,17,0,8,0,0,0,0,1,1,6,1,33,6,1598,1,13,-1,-1,-1
201501WW50629,2,1,0,17,0,8,0,0,0,0,1,1,6,2,38,7,-1,-1,-1,-1,1,-1
201501WW50630,1,9,0,9,0,8,0,0,0,0,3,1,6,1,19,4,1198,1,5,-1,1,-1
201501WW50630,2,3,0,18,0,8,0,0,0,0,1,1,6,1,20,4,124,1,1,-1,1,-1
201501WW50631,1,8,0,3,0,8,0,0,0,0,2,1,1,1,44,7,2499,2,8,-1,1,-1
201501WW50631,2,19,0,18,0,8,0,0,0,0,1,1,1,1,-1,-1,2402,2,4,-1,-1,-1
201501WW50632,1,9,0,9,0,8,0,0,0,0,1,1,6,1,44,7,1781,1,13,-1,1,-1
201501WW50632,2,1,0,18,0,8,0,0,0,0,1,1,6,2,29,6,-1,-1,-1,-1,1,-1
201501WW50633,1,1,0,18,0,8,0,0,0,0,1,1,6,2,32,6,-1,-1,-1,-1,1,-1
201501WW50633,2,19,0,7,0,8,0,0,0,0,1,1,6,1,30,6,2143,2,-1,-1,1,-1
201501WW50634,1,9,0,18,0,8,0,0,0,0,1,1,6,1,22,5,1329,1,2,-1,1,-1
201501WW50634,2,8,0,18,0,8,5,0,0,0,4,1,6,1,52,8,2499,2,6,-1,1,-1
201501WW50635,1,11,0,2,0,0,0,0,0,0,0,1,1,1,35,6,4500,2,3,-1,-1,-1
201501WW50636,1,3,0,18,0,8,0,0,0,0,1,1,6,1,38,7,125,1,4,-1,1,-1
201501WW50636,2,9,0,18,0,8,0,0,0,0,4,1,6,1,34,6,998,1,8,-1,-1,-1
201501WW50637,1,9,0,18,0,0,0,0,0,0,1,1,6,1,32,6,1396,1,16,-1,1,-1
201501WW50637,2,1,0,6,0,0,0,0,0,0,3,1,6,1,46,8,-1,-1,-1,-1,1,-1
201501WW50638,1,5,0,18,0,8,0,0,0,0,0,1,6,1,47,8,998,1,8,-1,1,-1
201501WW50638,2,20,0,18,0,8,0,0,0,0,0,1,1,1,37,7,8970,2,12,-1,1,-1
201501WW50639,1,8,0,18,0,0,0,10,7,2,1,1,6,1,46,8,2148,2,7,-1,1,-1
201501WW50639,2,9,0,11,0,0,0,0,0,0,2,1,6,3,-1,-1,-1,-1,-1,-1,-1,-1
201501WW50640,1,9,0,9,0,8,0,0,0,0,1,1,6,2,63,9,1600,1,11,-1,1,-1
201501WW50640,2,5,0,18,0,8,0,0,0,0,1,1,6,1,34,6,-1,-1,-1,-1,1,-1
201501WW50641,1,3,0,18,0,0,0,0,0,0,1,1,6,1,34,6,124,1,8,-1,-1,-1
201501WW50642,1,9,0,17,0,8,0,0,0,0,1,1,6,1,54,8,1598,1,12,-1,1,-1
201501WW50642,2,5,0,16,0,8,0,0,0,0,1,1,6,1,-1,-1,-1,-1,-1,-1,-1,-1
201501WW50643,1,9,0,9,0,8,0,0,0,0,3,1,6,1,41,7,1896,2,12,-1,-1,-1
201501WW50643,2,9,0,18,0,8,0,0,0,0,1,1,6,1,30,6,1197,1,2,-1,1,-1
201501WW50644,1,9,0,16,0,8,0,0,0,0,1,1,6,1,34,6,1242,1,11,-1,1,-1
201501WW50644,2,1,0,17,0,8,0,0,0,0,1,1,6,1,31,6,-1,-1,-1,-1,1,-1
201501WW50647,1,9,0,16,0,8,0,0,0,0,2,1,6,2,64,9,1598,1,9,-1,3,-1
201501WW50647,2,20,0,17,0,8,0,0,0,0,1,1,1,1,46,8,4249,2,7,-1,1,-1
201501WW50648,1,5,0,18,0,8,0,0,0,0,1,1,6,1,28,6,-1,-1,-1,-1,1,-1
201501WW50649,1,9,0,9,0,8,0,0,0,0,1,1,6,2,36,7,1598,2,1,-1,1,-1
201501WW50649,2,3,0,18,0,8,0,0,0,0,1,1,6,1,38,7,125,1,2,-1,1,-1
201501WW50650,1,19,0,17,0,8,0,0,0,0,2,1,6,1,36,7,1461,2,3,-1,1,-1
201501WW50650,2,9,0,17,0,8,0,0,0,0,1,1,6,1,28,6,1242,1,2,-1,1,-1
201501WW50651,1,9,0,9,0,8,0,0,0,0,1,1,6,1,-1,-1,-1,-1,-1,-1,-1,-1
201501WW50652,1,5,0,4,0,0,0,0,0,0,3,1,1,1,-1,-1,-1,-1,-1,-1,-1,-1
201501WW50652,2,5,0,18,0,0,0,0,0,0,4,1,1,1,-1,-1,-1,-1,-1,-1,-1,-1
201501WW50652,3,9,0,18,0,0,0,0,0,0,1,1,6,2,24,5,1242,1,6,-1,1,-1
201501WW50654,1,9,0,7,0,1,0,0,0,0,2,1,6,2,46,8,-1,-1,-1,-1,1,-1
201501WW50654,2,5,0,18,0,1,0,0,0,0,2,1,6,1,59,9,998,1,9,-1,1,-1
201501WW50655,1,3,0,18,0,8,0,0,0,0,1,1,6,1,33,6,125,1,5,-1,1,-1
201501WW50655,2,9,0,11,0,8,0,0,0,0,4,1,6,1,-1,-1,1149,1,10,-1,1,-1
201501WW50656,1,11,0,4,2,8,0,0,0,0,2,1,1,2,40,7,8268,2,12,-1,1,-1
201501WW50656,2,9,0,4,0,8,0,0,0,0,1,1,2,1,34,6,1598,1,5,-1,1,-1
201501WW50657,1,3,0,18,0,0,0,0,0,0,1,1,6,1,28,6,124,1,10,-1,1,-1
201501WW50657,2,1,0,12,0,0,0,0,0,0,1,1,6,1,-1,-1,-1,-1,-1,-1,-1,-1
201501WW50658,1,8,0,9,0,8,0,0,0,0,4,1,6,1,23,5,1797,8,3,-1,1,-1
201501WW50658,2,1,0,18,0,8,0,0,0,0,1,1,6,1,27,6,-1,-1,-1,-1,1,-1
201501WW50659,1,9,0,3,0,8,0,0,0,0,2,1,6,1,57,9,1984,1,12,-1,1,-1
201501WW50659,2,3,0,3,0,8,0,0,0,0,1,1,6,1,17,4,125,1,10,-1,1,-1
201501WW50660,1,9,0,18,0,0,0,0,0,0,1,1,6,1,37,7,1783,1,12,-1,1,-1
201501WW50660,2,9,0,3,0,0,0,0,0,0,2,1,6,1,-1,-1,-1,-1,-1,-1,-1,-1
201501WW50660,3,9,0,3,0,0,0,0,0,0,2,1,6,2,45,7,1910,2,9,-1,1,-1
201501WW50660,4,9,0,3,0,0,0,0,0,0,2,1,6,1,36,7,1299,1,14,-1,1,-1
201501WW50661,1,3,0,17,0,0,0,0,0,0,4,1,6,1,26,6,125,1,-1,-1,1,-1
201501WW50661,2,20,0,12,0,0,0,0,0,0,3,1,6,1,52,8,4461,2,5,-1,1,-1
201501WW50662,1,9,0,17,0,2,0,0,0,0,2,1,6,1,35,6,2597,1,10,-1,1,-1
201501WW50662,2,9,0,17,0,2,0,0,0,0,1,1,6,1,39,7,2979,1,12,-1,1,-1
201501WW50663,1,9,0,9,0,8,0,0,0,0,3,1,6,1,47,8,1896,1,19,-1,1,-1
201501WW50663,2,1,0,18,0,8,0,0,0,0,1,1,6,1,43,7,-1,-1,-1,-1,1,-1
201501WW50664,1,9,0,17,0,0,0,10,1,2,1,1,6,2,24,5,2987,2,6,-1,1,-1
201501WW50665,1,9,0,18,0,8,0,0,0,0,3,1,6,1,25,5,1199,2,3,-1,1,-1
201501WW50665,2,9,0,18,0,8,0,0,0,0,1,1,6,1,28,6,1598,1,4,-1,-1,-1
201501WW50666,1,9,0,18,0,2,0,0,0,0,1,1,6,1,-1,-1,1794,1,8,-1,-1,-1
201501WW50667,1,3,0,16,0,8,0,0,0,0,1,1,6,1,46,8,96,1,8,-1,-1,-1
201501WW50667,2,9,0,9,0,8,0,0,0,0,4,1,6,2,29,6,1968,2,7,-1,1,-1
201501WW50668,1,1,0,18,0,8,0,0,0,0,1,1,6,1,25,5,-1,-1,-1,-1,1,-1
201501WW50668,2,9,0,9,0,8,0,0,0,0,1,1,6,1,-1,-1,1396,1,6,-1,-1,-1
201501WW50669,1,9,0,4,0,8,0,0,0,0,1,1,6,1,39,7,-1,-1,-1,-1,1,-1
201501WW50670,1,3,0,18,0,8,0,0,0,0,1,1,6,1,26,6,-1,-1,-1,-1,1,-1
201501WW50670,2,19,0,7,0,8,0,0,0,0,4,1,1,1,-1,-1,-1,-1,-1,-1,-1,-1
201501WW50671,1,1,0,18,0,8,0,0,0,0,3,1,6,2,26,6,-1,-1,-1,-1,1,-1
201501WW50671,2,19,0,7,0,8,0,0,0,0,4,1,1,3,-1,-1,-1,-1,-1,-1,-1,-1
201501WW50672,1,5,0,9,0,8,0,0,0,0,1,1,6,1,25,5,656,1,6,-1,1,-1
201501WW50672,2,9,0,18,0,8,0,0,0,0,1,1,6,1,42,7,1769,1,10,-1,1,-1
201501WW50673,1,9,0,9,0,8,0,0,0,0,3,1,6,1,53,8,1896,2,7,-1,1,-1
201501WW50673,2,1,0,18,0,8,0,0,0,0,1,1,6,2,30,6,-1,-1,-1,-1,1,-1
201501WW50675,1,3,0,18,0,8,0,0,0,0,3,1,6,1,20,4,125,1,7,-1,1,-1
201501WW50676,1,1,0,6,0,8,0,0,0,0,1,1,6,1,23,5,-1,-1,-1,-1,1,-1
201501WW50676,2,9,0,9,0,8,0,0,0,0,1,1,6,2,46,8,4511,1,11,-1,1,-1
201501WW50677,1,9,0,18,0,8,0,0,0,0,1,1,6,2,45,7,1399,1,5,-1,1,-1
201501WW50677,2,3,0,18,0,8,0,0,0,0,1,1,6,1,47,8,198,1,16,-1,1,-1