Accident_Index,Vehicle_Reference,Vehicle_Type,Towing_and_Articulation,Vehicle_Manoeuvre,Vehicle_Location-Restricted_Lane,Junction_Location,Skidding_and_Overturning,Hit_Object_in_Carriageway,Vehicle_Leaving_Carriageway,Hit_Object_off_Carriageway,1st_Point_of_Impact,Was_Vehicle_Left_Hand_Drive?,Journey_Purpose_of_Driver,Sex_of_Driver,Age_of_Driver,Age_Band_of_Driver,Engine_Capacity_(CC),Propulsion_Code,Age_of_Vehicle,Driver_IMD_Decile,Driver_Home_Area_Type,Vehicle_IMD_Decile
201501WW50679,1,9,0,9,0,8,0,0,0,0,3,1,6,1,60,9,1798,1,4,-1,1,-1
201501WW50679,2,2,0,18,0,8,0,0,0,0,1,1,6,1,51,8,49,1,3,-1,1,-1
201501WW50681,1,11,0,4,0,1,0,0,0,0,0,1,1,1,41,7,6700,2,8,-1,1,-1
201501WW50682,1,9,0,9,0,8,0,0,0,0,3,1,6,1,43,7,1991,2,6,-1,1,-1
201501WW50682,2,21,0,18,0,8,0,0,0,0,1,1,6,1,43,7,12740,2,-1,-1,1,-1
201501WW50683,1,9,0,2,0,0,0,0,0,0,2,1,6,1,23,5,1198,1,11,-1,1,-1
201501WW50683,2,9,0,17,0,0,0,4,0,0,1,1,6,1,39,7,1995,2,2,-1,1,-1
201501WW50684,1,1,0,15,0,8,0,0,0,0,1,1,6,1,34,6,-1,-1,-1,-1,1,-1
201501WW50684,2,9,0,9,0,8,0,0,0,0,4,1,6,2,34,6,1798,1,9,-1,1,-1
201501WW50685,1,9,0,18,0,0,0,0,0,0,3,1,6,1,23,5,2143,2,2,-1,1,-1
201501WW50686,1,9,0,9,0,8,0,0,0,0,3,1,1,1,-1,-1,-1,-1,-1,-1,-1,-1
201501WW50686,2,9,0,18,0,8,0,10,3,2,1,1,6,1,29,6,1995,2,10,-1,1,-1
201501WW50687,1,9,0,9,0,8,0,0,0,0,4,1,6,1,60,9,1598,1,5,-1,1,-1
201501WW50687,2,5,0,9,0,8,0,0,0,0,1,1,6,1,34,6,748,1,18,-1,1,-1
201501WW50688,1,9,0,7,0,8,0,0,0,0,4,1,6,1,21,5,1975,1,7,-1,3,-1
201501WW50688,2,1,0,18,0,8,0,0,0,0,1,1,6,1,49,8,-1,-1,-1,-1,1,-1
201501WW50689,1,1,0,14,0,0,0,0,0,0,1,1,6,1,32,6,-1,-1,-1,-1,1,-1
201501WW50689,2,9,0,6,0,0,0,0,0,0,3,1,6,1,-1,-1,1229,1,1,-1,-1,-1
201501WW50690,1,3,0,18,0,8,0,0,0,0,1,1,6,1,36,7,-1,-1,-1,-1,1,-1
201501WW50690,2,19,0,7,0,8,0,0,0,0,4,1,6,1,31,6,2198,2,3,-1,1,-1
201501WW50691,1,3,0,18,4,8,0,0,0,0,1,1,6,1,-1,-1,-1,-1,-1,-1,-1,-1
201501WW50692,1,9,0,18,0,8,2,10,0,0,4,1,6,1,30,6,1686,2,8,-1,1,-1
201501WW50692,2,19,0,18,0,8,0,0,0,0,1,1,6,1,35,6,-1,-1,-1,-1,1,-1
201501WW50692,3,9,0,18,0,8,0,0,0,0,1,1,6,1,57,9,2494,8,-1,-1,1,-1
201501WW50693,1,2,0,9,0,8,0,0,0,0,1,1,6,1,23,5,109,1,2,-1,1,-1
201501WW50693,2,9,0,9,0,8,0,0,0,0,1,1,6,1,-1,-1,-1,-1,-1,-1,1,-1
201501WW50694,1,9,0,4,0,8,0,0,0,0,4,1,6,1,43,7,1995,2,5,-1,1,-1
201501WW50694,2,3,0,18,0,8,0,0,0,0,3,1,6,1,67,10,125,1,10,-1,1,-1
201501WW50695,1,3,0,17,0,8,0,0,0,0,4,1,6,1,25,5,108,1,1,-1,1,-1
201501WW50695,2,9,0,18,0,8,0,0,0,0,3,1,6,2,-1,-1,1596,1,-1,-1,-1,-1
201501WW50696,1,9,0,9,0,8,0,0,0,0,4,1,6,1,34,6,1461,2,1,-1,1,-1
201501WW50696,2,1,0,15,0,8,0,0,0,0,1,1,6,1,32,6,-1,-1,-1,-1,1,-1
201501WW50697,1,5,0,18,0,8,0,0,0,0,1,1,6,1,28,6,998,1,8,-1,3,-1
201501WW50697,2,9,0,9,0,8,0,0,0,0,1,1,6,1,-1,-1,2290,1,12,-1,-1,-1
201501WW50698,1,1,0,18,0,8,0,0,0,0,1,1,6,1,35,6,-1,-1,-1,-1,1,-1
201501WW50698,2,9,0,4,0,8,0,0,0,0,2,1,6,3,-1,-1,-1,-1,-1,-1,-1,-1
201501WW50699,1,9,0,4,0,8,0,0,0,0,2,1,6,1,29,6,1197,1,3,-1,1,-1
201501WW50699,2,3,0,18,0,8,0,0,0,0,1,1,6,1,33,6,625,1,7,-1,1,-1
201501WW50701,1,9,0,18,0,8,0,0,0,0,3,1,6,1,44,7,1461,2,6,-1,1,-1
201501WW50701,2,8,0,9,0,8,0,0,0,0,3,1,1,1,-1,-1,-1,-1,-1,-1,-1,-1
201501WW50702,1,3,0,17,0,8,0,0,0,0,1,1,6,1,28,6,108,1,1,-1,1,-1
201501WW50702,2,19,0,9,0,8,0,0,0,0,1,1,1,1,53,8,2198,2,1,-1,1,-1
201501WW50704,1,9,0,18,0,8,0,0,0,0,4,1,2,1,37,7,2993,2,8,-1,1,-1
201501WW50704,2,90,0,1,0,8,0,0,0,0,2,1,6,1,-1,-1,-1,-1,-1,-1,1,-1
201501WW50705,1,9,0,4,0,8,0,0,0,0,2,1,6,1,34,6,1198,1,-1,-1,1,-1
201501WW50705,2,3,0,18,0,8,0,0,0,0,1,1,6,1,18,4,125,1,5,-1,1,-1
201501WW50706,1,9,0,18,0,8,0,0,0,0,4,1,6,2,34,6,-1,-1,-1,-1,1,-1
201501WW50706,2,9,0,2,0,8,0,0,0,0,2,1,6,2,-1,-1,1399,1,9,-1,1,-1
201501WW50706,3,9,0,18,0,8,0,0,0,0,0,1,1,1,-1,-1,-1,-1,-1,-1,-1,-1
201501WW50706,4,3,0,18,0,8,0,0,0,0,1,1,6,1,16,4,750,1,25,-1,1,-1
201501WW50707,1,1,0,18,0,0,0,0,0,0,3,1,6,1,33,6,-1,-1,-1,-1,1,-1
201501WW50707,2,19,0,11,0,0,0,0,0,0,4,1,1,1,-1,-1,2198,2,1,-1,-1,-1
201501WW50708,1,11,0,18,0,8,0,0,0,0,1,1,6,1,49,8,-1,-1,-1,-1,1,-1
201501WW50709,1,19,0,18,0,8,0,4,0,0,1,1,1,1,44,7,-1,-1,-1,-1,1,-1
201501WW50709,2,9,0,2,0,8,0,0,0,0,2,1,6,1,43,7,2400,2,5,-1,1,-1
201501WW50709,3,9,0,2,0,2,0,0,0,0,3,1,6,1,49,8,1242,1,2,-1,1,-1
201501WW50709,4,9,0,2,0,2,0,0,0,0,3,1,6,3,-1,-1,1596,1,5,-1,-1,-1
201501WW50709,5,9,0,2,0,2,0,0,0,0,1,1,6,2,34,6,1399,2,5,-1,1,-1
201501WW50710,1,1,0,18,0,0,0,0,0,0,1,1,6,1,45,7,-1,-1,-1,-1,1,-1
201501WW50710,2,9,0,2,0,0,0,0,0,0,3,1,6,1,43,7,1995,1,3,-1,1,-1
201501WW50711,1,1,0,18,0,8,0,0,0,0,1,1,6,2,24,5,-1,-1,-1,-1,1,-1
201501WW50711,2,19,0,7,0,8,0,0,0,0,4,1,6,1,-1,-1,-1,-1,-1,-1,1,-1
201501WW50712,1,9,0,9,0,8,0,0,0,0,3,1,6,2,67,10,1598,1,10,-1,1,-1
201501WW50712,2,5,0,18,0,8,0,0,0,0,1,1,6,1,52,8,1137,1,15,-1,1,-1
201501WW50713,1,9,0,18,0,0,0,0,0,0,1,1,6,1,22,5,1968,2,5,-1,1,-1
201501WW50713,2,21,0,2,0,0,0,0,0,0,1,1,6,1,30,6,6370,2,15,-1,1,-1
201501WW50714,1,9,0,18,0,0,0,0,0,0,1,1,6,1,36,7,4942,1,29,-1,1,-1
201501WW50715,1,8,0,7,0,8,0,0,0,0,3,1,1,1,36,7,1910,2,6,-1,1,-1
201501WW50715,2,19,0,11,0,8,0,0,0,0,4,1,1,1,24,5,-1,-1,-1,-1,1,-1
201501WW50716,1,1,0,18,0,8,0,0,0,0,3,1,2,1,43,7,-1,-1,-1,-1,1,-1
201501WW50716,2,9,0,7,0,8,0,0,0,0,4,1,6,3,-1,-1,1364,1,1,-1,-1,-1
201501WW50717,1,11,0,18,0,8,0,0,0,0,1,1,1,1,34,6,8900,2,3,-1,1,-1
201501WW50718,1,3,0,18,2,0,0,0,0,0,1,1,6,1,36,7,124,1,7,-1,1,-1
201501WW50718,2,9,0,18,0,0,0,0,0,0,2,1,6,1,58,9,1086,1,11,-1,1,-1
201501WW50719,1,1,0,18,0,8,0,0,0,0,3,1,6,1,29,6,-1,-1,-1,-1,1,-1
201501WW50719,2,21,0,18,0,8,0,0,0,0,4,1,6,1,-1,-1,-1,-1,-1,-1,-1,-1
201501WW50720,1,19,0,9,0,8,0,0,0,0,1,1,6,1,40,7,2198,2,1,-1,1,-1
201501WW50720,2,1,0,18,0,8,0,0,0,0,1,1,6,1,46,8,-1,-1,-1,-1,1,-1
201501WW50721,1,19,0,16,0,8,0,0,0,0,4,1,1,1,27,6,1968,2,4,-1,1,-1
201501WW50721,2,3,0,16,0,8,0,0,0,0,3,1,6,1,32,6,125,1,2,-1,1,-1
201501WW50722,1,9,0,9,0,8,0,0,0,0,1,1,6,1,36,7,1686,2,4,-1,1,-1
201501WW50722,2,1,0,18,0,8,0,0,0,0,1,1,6,1,33,6,-1,-1,-1,-1,1,-1
201501WW50723,1,1,0,18,0,8,0,0,0,0,1,1,6,1,34,6,-1,-1,-1,-1,1,-1
201501WW50723,2,9,0,9,0,8,0,0,0,0,3,1,6,1,-1,-1,-1,-1,-1,-1,-1,-1
201501WW50724,1,9,0,1,0,0,0,0,0,0,1,1,6,1,28,6,1900,2,9,-1,1,-1
201501WW50724,2,3,0,18,0,0,0,0,0,0,1,1,6,2,20,4,124,1,-1,-1,-1,-1
201501WW50725,1,3,0,9,0,8,0,0,0,0,4,1,6,1,34,6,108,1,1,-1,1,-1
201501WW50725,2,9,0,9,0,8,0,0,0,0,0,1,6,1,27,6,1596,1,9,-1,1,-1
201501WW50726,1,9,0,9,0,8,0,0,0,0,1,1,6,2,37,7,1596,1,6,-1,1,-1
201501WW50726,2,8,0,9,0,8,0,0,0,0,2,1,1,1,41,7,-1,-1,-1,-1,1,-1
201501WW50727,1,9,0,9,0,8,0,0,0,0,1,1,6,1,36,7,1229,1,8,-1,1,-1
201501WW50727,2,4,0,18,0,8,0,0,0,0,1,1,6,1,52,8,330,1,1,-1,1,-1
201501WW50728,1,8,0,9,0,8,0,0,0,0,1,1,1,1,28,6,1598,2,4,-1,1,-1
201501WW50728,2,3,0,18,0,8,0,0,0,0,1,1,6,1,49,8,-1,-1,-1,-1,1,-1
201501WW50729,1,19,0,10,0,8,0,0,0,0,2,1,1,1,38,7,1995,2,6,-1,1,-1
201501WW50729,2,8,0,10,0,8,0,0,0,0,2,1,6,1,49,8,1598,2,3,-1,1,-1
201501WW50729,3,9,0,18,0,8,0,0,0,0,1,1,6,1,58,9,-1,-1,-1,-1,1,-1
201501WW50730,1,9,0,6,0,0,0,0,0,0,1,1,6,1,34,6,1995,2,2,-1,1,-1
201501WW50730,2,3,0,18,0,0,0,0,0,0,1,1,1,1,28,6,109,1,1,-1,1,-1
201501WW50731,1,8,0,18,0,8,0,0,0,0,1,1,1,1,48,8,1968,2,-1,-1,1,-1
201501WW50731,2,9,0,9,0,8,0,0,0,0,1,1,6,1,-1,-1,1598,1,6,-1,-1,-1
201501WW50732,1,9,0,9,0,8,0,0,0,0,1,1,6,1,70,10,2987,2,9,-1,1,-1
201501WW50732,2,3,0,18,0,8,0,0,0,0,1,1,6,1,-1,-1,108,1,7,-1,1,-1
201501WW50733,1,21,0,9,0,8,0,0,0,0,3,1,1,1,30,6,10837,2,2,-1,1,-1
201501WW50733,2,21,0,18,0,8,0,0,0,0,1,1,1,1,49,8,-1,-1,-1,-1,1,-1
201501WW50734,1,1,0,18,2,8,0,0,0,0,1,1,6,1,23,5,-1,-1,-1,-1,1,-1
201501WW50734,2,9,0,9,0,8,0,0,0,0,3,1,6,1,-1,-1,-1,-1,-1,-1,-1,-1
201501WW50735,1,9,0,18,0,8,0,0,0,0,1,1,6,1,26,6,2616,1,11,-1,1,-1
201501WW50735,2,9,0,10,0,8,0,10,1,10,2,1,6,1,33,6,698,1,9,-1,1,-1
201501WW50736,1,11,0,4,0,0,0,0,0,0,0,1,1,1,61,9,7300,2,10,-1,1,-1
201501WW50737,1,9,0,7,0,8,0,0,0,0,3,1,6,1,61,9,998,1,1,-1,1,-1
201501WW50737,2,1,0,18,0,8,0,0,0,0,4,1,6,1,28,6,-1,-1,-1,-1,1,-1
201501WW50738,1,3,0,17,0,8,0,0,0,0,1,1,6,1,35,6,125,1,1,-1,1,-1
201501WW50739,1,8,0,9,0,8,0,0,0,0,3,1,1,1,30,6,1956,2,4,-1,1,-1
201501WW50739,2,9,0,18,0,8,0,0,0,0,1,1,6,1,27,6,1598,1,13,-1,1,-1
201501WW50739,3,3,0,13,0,8,0,0,0,0,1,1,6,1,17,4,125,1,5,-1,1,-1
201501WW50740,1,8,0,2,0,1,0,0,0,0,1,1,1,1,28,6,1997,2,4,-1,1,-1
201501WW50740,2,9,0,18,0,8,0,4,0,0,1,1,6,1,26,6,1242,1,14,-1,1,-1
201501WW50741,1,9,0,7,0,8,0,0,0,0,1,1,6,2,28,6,1497,8,-1,-1,1,-1
201501WW50742,1,5,0,18,0,0,0,0,0,0,4,1,6,1,28,6,865,1,4,-1,1,-1
201501WW50742,2,9,0,18,0,0,0,0,0,0,3,1,6,1,32,6,1997,1,1,-1,1,-1
201501WW50743,1,8,0,5,0,0,0,0,0,0,0,1,1,1,-1,-1,-1,-1,-1,-1,-1,-1
201501WW50744,1,9,0,9,0,8,0,0,0,0,1,1,6,2,32,6,1368,1,9,-1,1,-1
201501WW50744,2,11,0,18,0,8,0,0,0,0,1,1,1,1,-1,-1,-1,-1,-1,-1,1,-1
201501WW50745,1,8,0,1,0,0,0,0,0,0,2,1,6,1,-1,-1,999,1,1,-1,1,-1
201501WW50746,1,1,0,18,0,0,0,0,0,0,4,1,6,2,26,6,-1,-1,-1,-1,1,-1
201501WW50746,2,1,0,18,0,0,0,0,0,0,1,1,6,1,-1,-1,-1,-1,-1,-1,-1,-1
201501WW50747,1,9,0,9,0,8,0,0,0,0,1,1,6,1,-1,-1,1196,1,20,-1,1,-1
201501WW50747,2,1,0,18,0,8,0,0,0,0,3,1,6,1,44,7,-1,-1,-1,-1,1,-1
201501WW50748,1,5,0,18,0,2,0,0,0,0,1,1,6,1,37,7,1255,1,5,-1,1,-1
201501WW50749,1,9,0,18,0,2,0,0,0,0,3,2,6,1,55,8,-1,-1,-1,-1,1,-1
201501WW50749,2,11,0,18,0,2,0,0,0,0,4,1,6,1,-1,-1,9360,2,4,-1,1,-1
201501WW50750,1,3,0,18,0,8,0,0,0,0,1,1,6,1,32,6,-1,-1,-1,-1,1,-1
201501WW50750,2,9,0,9,0,8,0,0,0,0,3,1,6,1,36,7,2979,1,-1,-1,1,-1
201501WW50751,1,1,0,9,0,8,0,0,0,0,4,1,2,1,30,6,-1,-1,-1,-1,1,-1
201501WW50751,2,9,0,18,0,8,0,0,0,0,1,1,6,3,-1,-1,-1,-1,-1,-1,-1,-1
201501WW50752,1,1,0,18,0,8,0,0,0,0,1,1,6,1,46,8,-1,-1,-1,-1,1,-1
201501WW50752,2,8,0,9,0,8,0,0,0,0,1,1,6,1,57,9,2499,2,5,-1,1,-1
201501WW50753,1,5,0,18,0,0,0,0,0,0,1,1,6,1,40,7,599,1,8,-1,1,-1
201501WW50754,1,1,0,18,0,8,0,0,0,0,3,1,2,2,26,6,-1,-1,-1,-1,1,-1
201501WW50754,2,19,0,9,0,8,0,0,0,0,1,1,1,1,37,7,2299,2,1,-1,1,-1
201501WW50755,1,9,0,14,0,0,0,0,0,0,4,1,6,2,22,5,1149,1,4,-1,1,-1
201501WW50755,2,11,0,12,0,0,0,0,0,0,3,1,1,1,-1,-1,3900,2,12,-1,-1,-1
201501WW50756,1,5,0,18,0,8,0,0,0,0,2,1,6,1,41,7,-1,-1,-1,-1,1,-1
201501WW50756,2,5,0,4,0,8,0,0,0,0,1,1,6,1,55,8,1000,1,13,-1,1,-1
201501WW50756,3,9,0,9,0,8,0,0,0,0,0,1,6,1,46,8,2400,2,3,-1,1,-1
201501WW50757,1,9,0,7,0,8,0,0,0,0,1,1,6,1,-1,-1,1796,1,1,-1,1,-1
201501WW50758,1,19,0,1,0,0,0,0,0,0,2,1,1,1,-1,-1,-1,-1,-1,-1,-1,-1
201501WW50759,1,9,0,4,0,8,0,0,0,0,2,1,6,1,39,7,1398,1,11,-1,1,-1
201501WW50759,2,9,0,18,0,2,0,0,0,0,1,1,6,1,55,8,1598,2,4,-1,1,-1
201501WW50760,1,9,0,18,0,1,0,0,0,0,1,1,6,1,47,8,1797,8,5,-1,1,-1
201501WW50760,2,3,0,3,0,1,0,0,0,0,2,1,6,2,45,7,124,1,3,-1,1,-1
201501WW50760,3,9,0,3,0,8,0,0,0,0,2,1,6,1,34,6,1339,1,7,-1,1,-1
201501WW50761,1,9,0,7,0,8,0,0,0,0,3,1,6,1,30,6,1248,2,-1,-1,1,-1
201501WW50761,2,1,0,18,0,8,0,0,0,0,1,1,6,2,5,1,-1,-1,-1,-1,1,-1
201501WW50762,1,9,0,18,0,0,0,0,0,0,1,1,6,1,25,5,1794,1,12,-1,1,-1
201501WW50763,1,9,0,7,0,8,0,0,0,0,1,1,6,2,74,10,1339,8,2,-1,1,-1
201501WW50763,2,9,0,18,0,8,0,0,0,0,1,1,6,1,27,6,1968,2,6,-1,1,-1
201501WW50765,1,9,0,12,0,0,0,0,0,0,2,1,6,2,33,6,1339,1,3,-1,1,-1
201501WW50765,2,9,0,13,0,0,0,0,0,0,1,1,6,1,41,7,1997,2,3,-1,1,-1
201501WW50766,1,9,0,9,0,8,0,0,0,0,3,1,6,1,33,6,1560,2,4,-1,1,-1
201501WW50766,2,3,0,13,0,8,0,0,0,0,1,1,6,1,32,6,125,1,3,-1,1,-1
201501WW50767,1,1,0,18,0,8,0,0,0,0,1,1,6,1,28,6,-1,-1,-1,-1,1,-1
201501WW50767,2,9,0,9,0,8,0,0,0,0,4,1,6,1,-1,-1,-1,-1,-1,-1,1,-1
201501WW50768,1,3,0,13,0,8,0,0,0,0,1,1,1,1,51,8,125,1,1,-1,1,-1
201501WW50768,2,9,0,9,0,8,0,0,0,0,1,1,6,2,-1,-1,1389,1,12,-1,-1,-1
201501WW50769,1,9,0,9,0,8,0,0,0,0,1,1,6,2,50,8,1598,1,15,-1,1,-1
201501WW50769,2,3,0,9,0,8,0,7,0,0,3,1,6,1,29,6,125,1,-1,-1,1,-1
201501WW50770,1,9,0,18,0,8,0,0,0,0,2,1,6,1,53,8,1988,1,13,-1,-1,-1
201501WW50770,2,19,0,18,0,8,0,0,0,0,1,1,1,1,-1,-1,-1,-1,-1,-1,-1,-1
201501WW50771,1,1,0,18,0,8,0,0,0,0,1,1,6,1,56,9,-1,-1,-1,-1,1,-1
201501WW50771,2,9,0,9,0,8,0,0,0,0,1,1,6,2,38,7,1596,1,9,-1,1,-1
201501WW50772,1,9,0,9,0,8,0,0,0,0,3,1,6,1,28,6,1206,1,5,-1,1,-1
201501WW50772,2,5,0,13,0,8,0,0,0,0,1,1,6,1,40,7,649,1,8,-1,1,-1
201501WW50773,1,1,0,18,0,8,0,0,0,0,1,1,6,1,28,6,-1,-1,-1,-1,1,-1
201501WW50773,2,9,0,9,0,8,0,0,0,0,1,1,6,1,-1,-1,1997,2,4,-1,-1,-1
201501WW50774,1,9,0,9,0,8,0,0,0,0,1,1,6,2,37,7,1997,1,5,-1,1,-1
201501WW50774,2,3,0,15,0,8,0,0,0,0,3,1,6,1,52,8,124,1,7,-1,1,-1
201501WW50775,1,1,0,18,0,0,0,8,0,0,1,1,6,1,40,7,-1,-1,-1,-1,1,-1
201501WW50775,2,9,0,2,0,0,0,0,0,0,3,1,6,2,-1,-1,1198,1,4,-1,-1,-1
201501WW50776,1,19,0,18,0,0,0,0,0,0,3,1,6,1,28,6,2300,2,10,-1,1,-1
201501WW50776,2,9,0,18,0,0,0,0,0,0,1,1,6,1,36,7,1360,1,13,-1,1,-1
201501WW50777,1,8,0,10,0,8,0,0,0,0,2,1,6,1,45,7,1598,1,7,-1,1,-1
201501WW50777,2,9,0,17,0,1,0,0,0,0,1,1,6,2,34,6,-1,-1,-1,-1,1,-1
201501WW50779,1,9,0,2,0,0,0,0,0,0,3,1,6,2,41,7,3696,1,5,-1,1,-1
201501WW50779,2,1,0,18,0,0,0,8,0,0,1,1,6,2,35,6,-1,-1,-1,-1,1,-1
201501WW50781,1,9,0,4,0,8,0,0,0,0,2,1,6,2,30,6,1595,1,5,-1,1,-1
201501WW50781,2,9,0,18,0,8,0,0,0,0,1,1,6,1,49,8,1998,1,10,-1,-1,-1
201501WW50781,3,9,0,18,0,1,0,0,0,0,1,1,6,1,24,5,1798,1,8,-1,1,-1
201501WW50782,1,3,0,18,0,8,0,0,0,0,2,1,6,1,30,6,108,1,4,-1,1,-1
201501WW50782,2,9,0,18,0,8,0,0,0,0,1,1,6,1,-1,-1,1598,1,10,-1,-1,-1
201501WW50783,1,9,0,7,0,8,0,0,0,0,1,1,6,1,51,8,1998,2,11,-1,1,-1
201501WW50783,2,1,0,18,0,8,0,0,0,0,1,1,6,1,23,5,-1,-1,-1,-1,1,-1
201501WW50784,1,11,0,2,0,8,0,0,0,0,0,1,1,1,51,8,4500,2,-1,-1,1,-1
201501WW50785,1,3,0,18,0,8,0,0,0,0,2,1,6,1,37,7,125,1,2,-1,1,-1
201501WW50785,2,9,0,18,0,2,0,0,0,0,1,1,6,2,26,6,4164,2,10,-1,1,-1
201501WW50786,1,1,0,18,0,0,0,0,0,0,3,1,6,1,17,4,-1,-1,-1,-1,1,-1
201501WW50786,2,21,0,13,0,0,0,0,0,0,4,1,1,1,-1,-1,7146,2,7,-1,-1,-1
201501WW50787,1,4,0,14,0,0,0,8,0,0,4,1,6,1,33,6,-1,-1,-1,-1,-1,-1
201501WW50787,2,9,0,13,0,0,0,0,0,0,4,1,6,2,47,8,1390,1,4,-1,1,-1
201501WW50787,3,9,0,2,0,0,0,0,0,0,3,1,6,1,56,9,1497,8,1,-1,1,-1
201501WW50788,1,3,0,9,0,8,0,0,0,0,3,1,1,1,45,7,125,1,8,-1,1,-1
201501WW50788,2,1,0,13,0,8,0,0,0,0,1,1,6,1,18,4,-1,-1,-1,-1,1,-1
201501WW50789,1,1,0,18,0,8,0,0,0,0,1,1,6,2,25,5,-1,-1,-1,-1,1,-1
201501WW50789,2,9,0,9,0,8,0,0,0,0,1,1,6,1,-1,-1,-1,-1,-1,-1,-1,-1
201501WW50790,1,9,0,2,0,2,0,0,0,0,3,1,6,1,37,7,2148,2,9,-1,1,-1
201501WW50790,2,1,0,18,0,8,0,8,0,0,1,1,6,1,54,8,-1,-1,-1,-1,1,-1
201501WW50791,1,9,0,16,0,8,0,0,0,0,4,1,6,1,41,7,1968,2,6,-1,1,-1
201501WW50791,2,1,0,16,0,8,0,0,0,0,3,1,6,1,51,8,-1,-1,-1,-1,1,-1
201501WW50792,1,11,0,5,0,8,0,0,0,0,0,1,6,1,60,9,-1,-1,-1,-1,1,-1
201501WW50793,1,9,0,9,0,8,0,0,0,0,1,1,6,1,63,9,1580,1,22,-1,1,-1
201501WW50793,2,5,0,18,0,8,0,0,0,0,1,1,6,1,48,8,582,1,12,-1,1,-1
201501WW50794,1,8,0,9,0,8,0,0,0,0,1,1,6,1,48,8,-1,-1,-1,-1,1,-1
201501WW50794,2,1,0,18,0,8,0,0,0,0,1,1,6,1,-1,-1,-1,-1,-1,-1,1,-1
201501WW50796,1,8,0,9,0,8,0,0,0,0,2,1,6,1,35,6,1791,8,3,-1,1,-1
201501WW50796,2,3,0,18,0,1,0,0,0,0,1,1,6,1,55,8,125,1,12,-1,1,-1
201501WW50797,1,3,0,17,0,8,0,4,0,0,1,1,6,1,42,7,125,1,-1,-1,1,-1
201501WW50797,2,9,0,2,0,1,0,0,0,0,1,1,6,2,-1,-1,1339,1,10,-1,1,-1
201501WW50797,3,9,0,6,0,8,0,0,0,0,3,1,6,1,-1,-1,1199,1,14,-1,1,-1
201501WW50798,1,9,0,18,0,8,0,0,0,0,3,1,6,1,40,7,1061,1,10,-1,1,-1
201501WW50798,2,9,0,18,0,8,0,0,0,0,1,1,6,1,36,7,1598,1,5,-1,1,-1
201501WW50799,1,19,0,4,0,0,0,0,0,0,2,1,6,1,30,6,2198,2,2,-1,1,-1
201501WW50799,2,9,0,18,0,0,0,0,0,0,1,1,6,1,-1,-1,1997,1,3,-1,1,-1
201501WW50800,1,3,0,14,0,8,0,0,0,0,3,1,6,1,29,6,124,1,5,-1,-1,-1
201501WW50800,2,9,0,9,0,8,0,0,0,0,3,1,6,1,28,6,-1,-1,-1,-1,1,-1
201501WW50801,1,1,0,18,0,8,0,0,0,0,1,1,2,1,30,6,-1,-1,-1,-1,1,-1
201501WW50801,2,19,0,9,0,8,0,0,0,0,1,1,1,1,-1,-1,2402,2,6,-1,3,-1
201501WW50802,1,9,0,16,0,8,0,0,0,0,1,1,6,1,28,6,1968,2,3,-1,1,-1
201501WW50802,2,9,0,16,0,8,0,0,0,0,2,1,6,1,32,6,1596,1,8,-1,1,-1
201501WW50803,1,9,0,9,0,8,0,0,0,0,1,1,6,2,31,6,1390,1,4,-1,1,-1
201501WW50803,2,3,0,18,0,8,0,0,0,0,1,1,6,1,32,6,125,1,-1,-1,-1,-1
201501WW50804,1,9,0,9,0,8,0,0,0,0,2,1,6,2,38,7,-1,-1,-1,-1,1,-1
201501WW50804,2,1,0,18,0,8,0,0,0,0,1,1,6,2,41,7,-1,-1,-1,-1,1,-1
201501WW50805,1,5,0,13,0,1,0,0,0,0,1,1,6,1,36,7,1402,1,12,-1,1,-1
201501WW50806,1,19,0,9,0,8,0,0,0,0,4,1,1,1,44,7,2198,2,2,-1,1,-1
201501WW50806,2,1,0,18,0,8,0,0,0,0,1,1,6,1,36,7,-1,-1,-1,-1,-1,-1
201501WW50807,1,3,0,18,0,8,0,0,0,0,4,1,6,1,17,4,-1,-1,-1,-1,1,-1
201501WW50807,2,9,0,18,0,8,0,0,0,0,1,1,6,1,33,6,1596,1,10,-1,1,-1
201501WW50808,1,11,0,4,0,8,0,0,0,0,0,1,6,1,45,7,8300,2,9,-1,1,-1
201501WW50809,1,8,0,9,0,8,0,0,0,0,1,1,1,1,47,8,-1,-1,-1,-1,1,-1
201501WW50809,2,1,0,18,0,8,0,0,0,0,1,1,6,1,37,7,-1,-1,-1,-1,1,-1
201501WW50810,1,3,0,13,0,0,0,0,0,0,1,1,6,1,21,5,124,1,-1,-1,1,-1
201501WW50810,2,9,0,12,0,0,0,0,0,0,3,1,6,1,38,7,1596,1,16,-1,1,-1
201501WW50811,1,1,0,17,0,8,0,0,0,0,2,1,6,1,28,6,-1,-1,-1,-1,1,-1
201501WW50811,2,9,0,17,0,8,0,0,0,0,1,1,6,1,-1,-1,1198,1,12,-1,-1,-1
201501WW50812,1,5,0,18,0,8,0,0,0,0,1,1,6,1,22,5,124,1,6,-1,1,-1
201501WW50812,2,9,0,9,0,8,0,0,0,0,1,1,6,1,-1,-1,-1,-1,-1,-1,-1,-1
201501WW50814,1,9,0,16,0,8,0,0,0,0,1,1,6,1,54,8,1588,1,12,-1,1,-1
201501WW50815,1,19,0,7,0,8,0,0,0,0,4,1,6,1,35,6,1560,2,1,-1,3,-1
201501WW50815,2,1,0,18,0,8,0,0,0,0,1,1,6,2,36,7,-1,-1,-1,-1,1,-1
201501WW50816,1,9,0,18,0,2,0,0,0,0,1,1,6,1,66,10,-1,-1,-1,-1,1,-1
201501WW50817,1,5,0,18,0,8,0,0,0,0,1,1,6,1,35,6,1250,1,13,-1,1,-1
201501WW50817,2,9,0,9,0,8,0,0,0,0,1,1,6,1,-1,-1,1596,1,1,-1,-1,-1