Accident_Index,Vehicle_Reference,Vehicle_Type,Towing_and_Articulation,Vehicle_Manoeuvre,Vehicle_Location-Restricted_Lane,Junction_Location,Skidding_and_Overturning,Hit_Object_in_Carriageway,Vehicle_Leaving_Carriageway,Hit_Object_off_Carriageway,1st_Point_of_Impact,Was_Vehicle_Left_Hand_Drive?,Journey_Purpose_of_Driver,Sex_of_Driver,Age_of_Driver,Age_Band_of_Driver,Engine_Capacity_(CC),Propulsion_Code,Age_of_Vehicle,Driver_IMD_Decile,Driver_Home_Area_Type,Vehicle_IMD_Decile
201501WW50964,1,9,0,18,0,0,0,0,0,0,2,1,6,1,66,10,1798,1,6,-1,1,-1
201501WW50964,2,9,0,18,0,0,0,0,0,0,1,1,6,1,-1,-1,1598,1,10,-1,1,-1
201501WW50965,1,9,0,9,0,8,0,0,0,0,1,1,6,1,45,7,2143,2,2,-1,1,-1
201501WW50965,2,1,0,18,0,8,0,0,0,0,1,1,6,1,47,8,-1,-1,-1,-1,1,-1
201501WW50966,1,9,0,18,0,8,0,0,0,0,1,1,6,1,33,6,1968,2,6,-1,1,-1
201501WW50966,2,5,0,3,0,8,0,0,0,0,2,1,6,1,49,8,-1,-1,-1,-1,1,-1
201501WW50967,1,3,0,18,0,8,0,0,0,0,1,1,2,1,49,8,-1,-1,-1,-1,1,-1
201501WW50967,2,9,0,9,0,8,0,0,0,0,4,1,2,1,25,5,1995,2,10,-1,1,-1
201501WW50968,1,9,0,9,0,8,0,0,0,0,1,1,6,2,53,8,1796,1,4,-1,1,-1
201501WW50968,2,3,0,18,0,8,0,0,0,0,1,1,6,1,30,6,180,1,17,-1,-1,-1
201501WW50969,1,9,0,17,0,8,0,0,0,0,1,1,6,1,26,6,2495,2,13,-1,1,-1
201501WW50969,2,1,0,18,0,8,0,0,0,0,1,1,6,1,60,9,-1,-1,-1,-1,1,-1
201501WW50970,1,19,0,18,0,8,0,0,0,0,1,1,6,1,27,6,1598,2,-1,-1,1,-1
201501WW50970,2,9,0,4,0,8,0,0,0,0,1,1,6,1,48,8,-1,-1,-1,-1,1,-1
201501WW50970,3,9,0,3,0,8,0,0,0,0,2,1,6,2,49,8,-1,-1,-1,-1,1,-1
201501WW50971,1,9,0,9,0,8,0,0,0,0,1,1,6,1,83,11,1396,1,16,-1,1,-1
201501WW50971,2,4,0,18,0,8,0,0,0,0,1,1,6,1,36,7,-1,-1,-1,-1,1,-1
201501WW50973,1,3,0,18,0,0,0,0,0,0,1,1,6,1,53,8,124,1,-1,-1,1,-1
201501WW50974,1,9,0,18,0,8,0,0,0,0,1,1,6,1,74,10,1348,1,13,-1,1,-1
201501WW50975,1,9,0,9,0,8,0,0,0,0,1,1,6,1,35,6,1390,1,8,-1,1,-1
201501WW50975,2,1,0,18,0,8,0,0,0,0,1,1,6,2,25,5,-1,-1,-1,-1,1,-1
201501WW50976,1,3,0,4,0,8,0,0,0,0,1,1,6,1,35,6,124,1,10,-1,1,-1
201501WW50976,2,9,0,12,0,8,0,0,0,0,0,1,6,1,-1,-1,-1,-1,-1,-1,-1,-1
201501WW50977,1,9,0,18,0,8,0,0,0,0,1,1,6,1,49,8,1798,1,1,-1,1,-1
201501WW50978,1,3,0,18,0,0,0,0,0,0,1,1,6,1,27,6,124,1,6,-1,1,-1
201501WW50978,2,9,0,6,0,0,0,0,0,0,3,1,6,1,-1,-1,1796,1,7,-1,-1,-1
201501WW50979,1,9,0,11,0,8,0,0,0,0,2,1,6,1,40,7,1995,2,6,-1,1,-1
201501WW50979,2,3,0,18,0,8,0,0,0,0,1,1,6,1,39,7,125,1,4,-1,1,-1
201501WW50980,1,9,0,18,0,8,0,0,0,0,1,1,6,1,30,6,1968,2,1,-1,1,-1
201501WW50980,2,9,0,1,0,8,0,0,0,0,2,1,6,1,23,5,1600,1,11,-1,1,-1
201501WW50981,1,9,0,3,0,8,0,0,0,0,2,1,6,1,38,7,1598,1,9,-1,1,-1
201501WW50981,2,9,0,18,0,8,0,0,0,0,1,1,6,1,62,9,1896,2,12,-1,1,-1
201501WW50982,1,5,0,18,0,2,0,0,0,0,1,1,6,1,-1,-1,-1,-1,-1,-1,2,-1
201501WW50983,1,3,0,14,0,0,0,0,0,0,4,1,6,1,41,7,-1,-1,-1,-1,1,-1
201501WW50983,2,19,0,2,0,0,0,0,0,0,2,1,1,1,-1,-1,-1,-1,-1,-1,-1,-1
201501WW50984,1,9,0,18,0,0,0,0,0,0,2,1,1,1,25,5,1999,1,12,-1,1,-1
201501WW50984,2,11,0,11,0,0,0,0,0,0,1,1,1,1,-1,-1,9360,2,2,-1,-1,-1
201501WW50985,1,11,0,18,0,1,0,0,0,0,4,1,1,1,52,8,6700,2,4,-1,1,-1
201501WW50985,2,1,0,18,0,1,0,0,0,0,3,1,6,1,50,8,-1,-1,-1,-1,1,-1
201501WW50986,1,9,0,18,0,0,0,0,0,0,0,1,6,3,-1,-1,-1,-1,-1,-1,-1,-1
201501WW50988,1,5,0,13,0,8,0,0,0,0,1,1,6,1,37,7,656,1,7,-1,1,-1
201501WW50988,2,9,0,9,0,8,0,0,0,0,1,1,6,1,24,5,2000,1,11,-1,1,-1
201501WW50989,1,9,0,16,0,8,0,0,0,0,1,1,6,1,50,8,1997,2,6,-1,1,-1
201501WW50989,2,9,0,16,0,8,0,0,0,0,2,1,6,1,47,8,1797,8,4,-1,1,-1
201501WW50990,1,19,0,18,0,0,0,0,0,0,4,1,1,1,59,9,-1,-1,-1,-1,1,-1
201501WW50991,1,9,0,7,0,8,0,0,0,0,1,1,6,1,47,8,1968,2,1,-1,1,-1
201501WW50991,2,5,0,7,0,8,0,0,0,0,1,1,6,1,31,6,919,1,13,-1,-1,-1
201501WW50992,1,9,0,18,0,8,0,0,0,0,1,1,6,1,37,7,1497,8,10,-1,1,-1
201501WW50993,1,3,0,14,0,8,0,11,0,0,1,1,6,1,17,4,-1,-1,-1,-1,1,-1
201501WW50993,2,9,0,9,0,8,0,0,0,0,0,1,6,1,45,7,2987,2,2,-1,1,-1
201501WW50994,1,9,0,9,0,8,0,0,0,0,1,1,6,1,26,6,1956,2,4,-1,1,-1
201501WW50994,2,3,0,18,0,8,0,0,0,0,1,1,6,1,45,7,124,1,9,-1,1,-1
201501WW50995,1,9,0,9,0,8,0,0,0,0,1,1,6,2,-1,-1,-1,-1,-1,-1,1,-1
201501WW50996,1,5,0,18,0,0,0,0,0,0,1,1,1,1,-1,-1,-1,-1,-1,-1,-1,-1
201501WW50996,2,8,0,6,0,0,0,0,0,0,3,1,6,1,35,6,2143,2,3,-1,1,-1
201501WW50997,1,1,0,9,0,8,0,0,0,0,1,1,6,1,22,5,-1,-1,-1,-1,1,-1
201501WW50997,2,9,0,18,0,8,0,0,0,0,1,1,6,3,-1,-1,-1,-1,-1,-1,-1,-1
201501WW50998,1,11,0,5,0,0,0,0,0,0,0,1,1,1,-1,-1,5132,2,-1,-1,-1,-1
201501WW50999,1,9,0,18,0,0,0,0,0,0,1,1,6,1,66,10,3940,1,19,-1,1,-1
201501WW50999,2,3,0,18,0,0,0,0,0,0,1,1,6,1,19,4,49,1,4,-1,1,-1
201501WW51000,1,8,0,5,0,8,0,0,0,0,1,1,1,1,35,6,1968,2,5,-1,1,-1
201501WW51002,1,1,0,18,0,8,0,0,0,0,0,1,6,2,25,5,-1,-1,-1,-1,1,-1
201501WW51003,1,9,0,18,0,8,0,0,0,0,4,1,6,1,37,7,2987,2,4,-1,1,-1
201501WW51003,2,9,0,9,0,8,0,0,0,0,1,1,6,1,-1,-1,1796,1,15,-1,-1,-1
201501WW51004,1,3,0,18,0,0,0,0,0,0,1,1,6,1,23,5,125,1,-1,-1,1,-1
201501WW51005,1,9,0,9,0,8,0,0,0,0,1,1,6,1,43,7,1396,1,11,-1,1,-1
201501WW51006,1,19,0,14,0,8,0,0,0,0,1,1,1,1,27,6,-1,-1,-1,-1,1,-1
201501WW51006,2,1,0,18,0,8,0,0,0,0,2,1,6,1,41,7,-1,-1,-1,-1,1,-1
201501WW51007,1,9,0,9,0,8,0,0,0,0,3,1,6,2,30,6,1299,1,11,-1,-1,-1
201501WW51007,2,3,0,14,0,8,0,0,0,0,1,1,6,1,47,8,-1,-1,-1,-1,1,-1
201501WW51008,1,9,0,18,0,0,2,10,1,2,1,1,6,2,22,5,1995,1,4,-1,1,-1
201501WW51009,1,9,0,2,0,8,0,0,0,0,3,1,6,1,52,8,2982,2,2,-1,1,-1
201501WW51009,2,1,0,14,0,8,0,8,0,0,1,1,6,1,39,7,-1,-1,-1,-1,1,-1
201501WW51010,1,9,0,18,0,8,0,0,0,0,4,1,6,1,40,7,1798,1,-1,-1,1,-1
201501WW51010,2,9,0,9,0,8,0,0,0,0,3,1,6,2,20,4,1595,1,12,-1,1,-1
201501WW51011,1,9,0,18,0,0,0,0,0,0,1,1,2,1,35,6,-1,-1,-1,-1,1,-1
201501WW51012,1,19,0,9,0,8,0,0,0,0,1,1,6,1,35,6,1968,2,-1,-1,1,-1
201501WW51012,2,2,0,13,0,8,0,0,0,0,1,1,6,1,53,8,-1,-1,-1,-1,1,-1
201501WW51013,1,11,0,4,0,1,0,0,0,0,1,1,1,3,-1,-1,7300,2,12,-1,-1,-1
201501WW51013,2,19,0,4,0,1,0,0,0,0,2,1,1,1,-1,-1,-1,-1,-1,-1,-1,-1
201501WW51014,1,3,0,14,0,0,0,0,0,0,1,1,6,1,26,6,-1,-1,-1,-1,1,-1
201501WW51015,1,19,0,11,0,0,0,0,0,0,4,1,6,1,41,7,5132,2,1,-1,1,-1
201501WW51015,2,9,0,18,0,0,0,0,0,0,3,1,6,1,43,7,1997,2,3,-1,1,-1
201501WW51016,1,9,0,3,0,8,0,0,0,0,2,1,6,1,40,7,1396,1,14,-1,1,-1
201501WW51016,2,9,0,18,0,8,0,0,0,0,1,1,6,2,-1,-1,1796,1,14,-1,-1,-1
201501WW51017,1,3,0,18,0,8,0,0,0,0,4,1,6,1,38,7,125,1,6,-1,1,-1
201501WW51017,2,9,0,12,0,8,0,0,0,0,4,1,6,3,-1,-1,-1,-1,-1,-1,-1,-1
201501WW51018,1,9,0,18,0,8,0,0,0,0,1,1,6,1,30,6,1229,1,1,-1,1,-1
201501WW51018,2,9,0,18,0,8,0,0,0,0,1,1,6,1,37,7,1995,1,13,-1,1,-1
201501WW51018,3,9,0,18,0,8,0,0,0,0,1,1,6,1,25,5,1596,1,12,-1,1,-1
201501WW51019,1,1,0,18,0,0,0,0,0,0,0,1,6,1,27,6,-1,-1,-1,-1,1,-1
201501WW51019,2,9,0,11,0,0,0,0,0,0,0,1,6,2,-1,-1,1598,1,3,-1,-1,-1
201501WW51020,1,3,0,17,0,8,0,0,0,0,1,1,1,1,-1,-1,-1,-1,-1,-1,-1,-1
201501WW51023,1,19,0,3,0,0,0,0,0,0,1,1,6,1,35,6,1968,2,-1,-1,1,-1
201501WW51023,2,9,0,18,0,0,0,0,0,0,1,1,6,1,-1,-1,1968,2,3,-1,1,-1
201501WW51023,3,9,0,3,0,0,0,0,0,0,2,1,6,3,-1,-1,1997,2,3,-1,-1,-1
201501WW51024,1,9,0,18,0,1,0,0,0,0,2,1,6,2,26,6,1242,1,6,-1,1,-1
201501WW51024,2,9,0,18,0,1,0,0,0,0,1,1,6,2,40,7,2979,1,11,-1,1,-1
201501WW51025,1,20,0,18,0,8,0,0,0,0,1,1,6,1,47,8,5193,2,3,-1,1,-1
201501WW51025,2,9,0,9,0,8,0,0,0,0,3,1,6,1,39,7,1968,2,7,-1,1,-1
201501WW51025,3,3,0,9,0,8,0,0,0,0,1,1,6,1,29,6,125,1,12,-1,1,-1
201501WW51026,1,9,0,9,0,8,0,0,0,0,1,1,6,1,43,7,1794,1,13,-1,1,-1
201501WW51026,2,5,0,14,0,8,0,0,0,0,1,1,6,1,41,7,656,1,6,-1,1,-1
201501WW51027,1,9,0,3,0,2,0,0,0,0,2,1,6,2,22,5,1197,1,2,-1,1,-1
201501WW51027,2,9,0,7,0,8,0,0,0,0,1,1,6,1,-1,-1,1968,2,9,-1,-1,-1
201501WW51028,1,1,0,18,0,8,0,0,0,0,1,1,6,1,65,9,-1,-1,-1,-1,1,-1
201501WW51028,2,9,0,9,0,8,0,0,0,0,1,1,6,1,-1,-1,-1,-1,-1,-1,-1,-1
201501WW51030,1,9,0,18,0,8,0,0,0,0,1,1,6,1,20,4,1596,1,10,-1,1,-1
201501WW51030,2,9,0,12,0,1,0,0,0,0,2,1,6,1,38,7,1995,2,4,-1,1,-1
201501WW51030,3,9,0,2,0,8,0,0,0,0,1,1,6,3,-1,-1,1596,1,6,-1,-1,-1
201501WW51031,1,11,0,17,0,0,0,0,0,0,0,1,6,1,55,8,4764,2,3,-1,1,-1
201501WW51032,1,5,0,18,0,0,0,0,0,0,1,1,6,1,33,6,1293,1,2,-1,1,-1
201501WW51033,1,9,0,3,0,8,0,0,0,0,2,1,6,1,-1,-1,1598,1,2,-1,1,-1
201501WW51033,2,9,0,3,0,8,0,0,0,0,4,1,6,1,65,9,1968,2,10,-1,2,-1
201501WW51033,3,9,0,3,0,1,0,0,0,0,1,1,6,1,48,8,1995,2,5,-1,1,-1
201501WW51033,4,3,0,14,0,8,0,0,0,0,1,1,6,1,21,5,125,1,1,-1,1,-1
201501WW51034,1,9,0,9,0,8,0,0,0,0,1,1,6,1,25,5,1988,1,12,-1,1,-1
201501WW51034,2,3,0,18,0,8,0,0,0,0,1,1,6,1,26,6,125,1,4,-1,1,-1
201501WW51035,1,1,0,18,0,0,0,0,0,0,1,1,6,1,30,6,-1,-1,-1,-1,1,-1
201501WW51035,2,1,0,18,0,0,0,0,0,0,1,1,6,1,36,7,-1,-1,-1,-1,1,-1
201501WW51036,1,9,0,17,0,8,0,0,0,0,1,1,6,1,56,9,1796,1,10,-1,1,-1
201501WW51036,2,3,0,11,0,8,0,0,0,0,2,1,6,1,26,6,49,1,6,-1,1,-1
201501WW51037,1,1,0,18,0,8,0,0,0,0,1,1,6,1,32,6,-1,-1,-1,-1,1,-1
201501WW51037,2,11,0,4,0,8,0,0,0,0,1,1,1,3,-1,-1,-1,-1,-1,-1,-1,-1
201501WW51038,1,3,0,18,0,8,0,0,0,0,1,1,6,1,-1,-1,-1,-1,-1,-1,-1,-1
201501WW51039,1,9,0,9,0,8,0,0,0,0,1,1,3,1,36,7,1587,1,9,-1,1,-1
201501WW51039,2,1,0,18,0,8,0,0,0,0,1,1,6,1,66,10,-1,-1,-1,-1,1,-1
201501WW51040,1,5,0,18,0,8,0,0,0,0,1,1,6,1,35,6,1052,1,14,-1,1,-1
201501WW51040,2,21,0,18,0,8,0,0,0,0,3,1,1,1,47,8,-1,-1,-1,-1,-1,-1
201501WW51041,1,19,0,1,0,8,0,0,0,0,2,1,6,1,47,8,1560,2,4,-1,1,-1
201501WW51041,2,3,0,18,0,8,0,0,0,0,1,1,6,1,30,6,102,1,10,-1,1,-1
201501WW51042,1,9,0,17,0,8,0,0,0,0,1,1,6,1,53,8,1598,1,2,-1,1,-1
201501WW51044,1,9,0,9,0,8,0,0,0,0,4,1,6,1,62,9,1998,1,13,-1,1,-1
201501WW51044,2,1,0,18,0,8,0,0,0,0,1,1,6,2,29,6,-1,-1,-1,-1,1,-1
201501WW51045,1,8,0,18,0,0,0,0,0,0,1,1,6,1,57,9,2499,2,8,-1,1,-1
201501WW51045,2,11,0,2,0,0,0,0,0,0,3,1,6,1,48,8,4500,2,1,-1,1,-1
201501WW51046,1,9,0,18,0,8,0,10,0,0,4,1,6,1,57,9,2987,2,4,-1,-1,-1
201501WW51046,2,9,0,11,0,8,0,0,0,0,1,1,6,1,-1,-1,-1,-1,-1,-1,1,-1
201501WW51047,1,9,0,9,0,8,0,0,0,0,1,1,6,2,-1,-1,1997,2,9,-1,-1,-1
201501WW51049,1,3,0,18,4,1,0,8,0,0,1,1,6,1,34,6,125,1,8,-1,1,-1
201501WW51049,2,8,0,3,0,1,0,0,0,0,4,1,1,1,49,8,998,1,3,-1,1,-1
201501WW51050,1,9,0,1,0,0,0,0,0,0,2,1,6,1,61,9,1360,1,8,-1,1,-1
201501WW51051,1,1,0,18,0,8,0,0,0,0,1,1,6,1,42,7,-1,-1,-1,-1,1,-1
201501WW51051,2,8,0,7,0,8,0,0,0,0,4,1,6,1,30,6,1910,2,5,-1,1,-1
201501WW51052,1,9,0,18,0,8,0,0,0,0,1,1,6,3,-1,-1,-1,-1,-1,-1,-1,-1
201501WW51053,1,9,0,18,0,8,0,0,0,0,1,1,6,2,28,6,2685,2,13,-1,1,-1
201501WW51053,2,1,0,18,0,8,0,0,0,0,1,1,6,1,65,9,-1,-1,-1,-1,1,-1
201501WW51054,1,9,0,18,0,8,0,0,0,0,1,1,6,1,77,11,2497,1,11,-1,1,-1
201501WW51055,1,9,0,9,0,8,0,0,0,0,1,1,6,1,24,5,1769,1,11,-1,1,-1
201501WW51055,2,1,0,18,0,8,0,0,0,0,1,1,6,1,49,8,-1,-1,-1,-1,1,-1
201501WW51056,1,3,0,9,0,8,0,0,0,0,3,1,1,1,28,6,125,1,5,-1,1,-1
201501WW51056,2,20,0,18,0,8,0,0,0,0,1,1,1,1,44,7,-1,-1,-1,-1,1,-1
201501WW51057,1,9,0,18,0,0,0,0,0,0,2,1,6,1,46,8,2460,2,11,-1,3,-1
201501WW51057,2,3,0,18,0,0,0,0,0,0,1,1,6,1,34,6,125,1,8,-1,1,-1
201501WW51058,1,9,0,17,0,8,0,0,0,0,1,1,6,1,34,6,1364,1,-1,-1,1,-1
201501WW51058,2,3,0,18,0,8,0,0,0,0,1,1,6,1,22,5,-1,-1,-1,-1,1,-1
201501WW51059,1,9,0,18,0,0,0,0,0,0,1,1,6,1,22,5,1995,1,11,-1,1,-1
201501WW51059,2,9,0,4,0,0,0,0,0,0,2,1,6,1,51,8,2143,2,1,-1,2,-1
201501WW51059,3,9,0,7,0,0,0,0,0,0,0,1,6,1,36,7,1560,2,5,-1,1,-1
201501WW51061,1,3,0,4,0,1,0,0,0,0,0,1,6,1,-1,-1,125,1,4,-1,1,-1
201501WW51061,2,90,0,9,0,2,0,0,0,0,0,1,6,2,-1,-1,-1,-1,-1,-1,-1,-1
201501WW51062,1,11,0,9,0,8,0,0,0,0,1,1,6,1,57,9,4760,2,3,-1,1,-1
201501WW51062,2,3,0,18,0,8,0,0,0,0,1,1,6,1,28,6,125,1,3,-1,1,-1
201501WW51063,1,9,0,17,0,0,0,10,1,2,1,1,6,1,24,5,1970,1,18,-1,1,-1
201501WW51064,1,9,0,9,0,8,0,0,0,0,1,1,6,1,44,7,3960,1,17,-1,1,-1
201501WW51064,2,4,0,14,0,8,1,0,0,0,1,1,6,1,42,7,1600,1,14,-1,1,-1
201501WW51065,1,5,0,18,0,1,0,0,0,0,1,1,6,1,-1,-1,680,1,6,-1,-1,-1
201501WW51065,2,1,0,18,0,2,0,0,0,0,1,1,6,1,25,5,-1,-1,-1,-1,1,-1
201501WW51066,1,1,0,18,0,8,0,0,0,0,2,1,6,1,31,6,-1,-1,-1,-1,1,-1
201501WW51066,2,9,0,18,0,8,0,0,0,0,1,1,6,1,-1,-1,998,1,-1,-1,1,-1
201501WW51067,1,1,0,9,0,8,0,0,0,0,1,1,6,1,43,7,-1,-1,-1,-1,1,-1
201501WW51067,2,9,0,13,0,8,0,0,0,0,1,1,6,1,-1,-1,-1,-1,-1,-1,1,-1
201501WW51068,1,5,0,3,0,0,0,0,0,0,2,1,6,1,35,6,675,1,4,-1,1,-1
201501WW51068,2,9,0,18,0,0,0,0,0,0,1,1,6,1,26,6,1560,2,9,-1,1,-1
201501WW51069,1,9,0,9,0,8,0,0,0,0,1,1,6,2,54,8,4367,2,4,-1,1,-1
201501WW51069,2,1,0,18,0,8,0,0,0,0,1,1,6,1,40,7,-1,-1,-1,-1,1,-1
201501WW51070,1,9,0,9,0,8,0,0,0,0,1,1,6,1,48,8,1598,1,9,-1,1,-1
201501WW51070,2,1,0,18,0,8,0,0,0,0,1,1,6,1,27,6,-1,-1,-1,-1,1,-1
201501WW51071,1,1,0,18,0,1,0,0,0,0,3,1,6,1,50,8,-1,-1,-1,-1,1,-1
201501WW51071,2,20,0,18,0,8,0,0,0,0,4,1,1,1,-1,-1,11946,2,5,-1,-1,-1
201501WW51072,1,8,0,10,0,8,0,0,0,0,4,1,6,1,47,8,1910,2,9,-1,1,-1
201501WW51072,2,21,0,7,0,8,0,0,0,0,3,1,1,1,-1,-1,10837,2,-1,-1,-1,-1
201501WW51073,1,9,0,18,0,8,0,0,0,0,1,1,6,2,58,9,2200,2,23,-1,1,-1
201501WW51074,1,8,0,2,0,0,0,0,0,0,4,1,1,1,26,6,1395,1,1,-1,1,-1
201501WW51074,2,9,0,18,0,0,0,0,0,0,1,1,6,3,-1,-1,-1,-1,-1,-1,-1,-1
201501WW51075,1,1,0,18,0,8,0,0,0,0,1,1,6,1,52,8,-1,-1,-1,-1,1,-1
201501WW51075,2,9,0,9,0,8,0,0,0,0,1,1,6,3,-1,-1,-1,-1,-1,-1,-1,-1
201501WW51076,1,3,0,13,0,8,0,0,0,0,1,1,6,1,18,4,108,1,3,-1,1,-1
201501WW51076,2,9,0,9,0,8,0,0,0,0,3,2,6,1,45,7,1587,1,8,-1,1,-1
201501WW51077,1,9,0,18,0,8,0,0,1,0,1,1,2,1,67,10,-1,-1,-1,-1,1,-1
201501WW51077,2,1,0,5,0,8,0,0,0,0,1,1,6,1,25,5,-1,-1,-1,-1,1,-1
201501WW51078,1,9,0,16,0,8,0,0,0,0,1,1,6,1,31,6,1598,1,2,-1,1,-1
201501WW51079,1,3,0,18,0,0,0,0,0,0,1,1,6,1,41,7,124,1,11,-1,1,-1
201501WW51080,1,9,0,18,0,8,0,0,0,0,1,1,6,1,43,7,-1,-1,-1,-1,1,-1
201501WW51082,1,9,0,18,0,8,0,0,0,0,1,1,6,3,-1,-1,-1,-1,-1,-1,-1,-1
201501WW51083,1,9,0,9,0,8,0,0,0,0,4,1,6,1,71,10,1599,1,7,-1,1,-1
201501WW51083,2,1,0,18,0,8,0,0,0,0,1,1,6,1,19,4,-1,-1,-1,-1,1,-1
201501WW51084,1,9,0,4,0,8,0,0,0,0,2,1,6,1,49,8,1598,1,11,-1,1,-1
201501WW51084,2,9,0,18,0,8,0,0,0,0,1,1,6,1,38,7,2967,2,1,-1,-1,-1
201501WW51085,1,3,0,2,0,8,0,0,0,0,1,1,6,1,35,6,125,1,6,-1,1,-1
201501WW51085,2,9,0,1,0,8,0,0,0,0,2,1,6,1,-1,-1,1995,2,4,-1,-1,-1
201501WW51086,1,9,0,18,0,8,0,0,0,0,1,1,6,1,61,9,1997,2,5,-1,1,-1
201501WW51086,2,3,0,12,0,8,0,0,0,0,2,1,6,1,33,6,109,1,1,-1,1,-1
201501WW51087,1,9,0,18,0,8,0,0,0,0,1,1,6,2,57,9,1468,1,26,-1,1,-1
201501WW51088,1,9,0,18,0,8,0,0,0,0,1,1,6,2,46,8,1896,2,7,-1,1,-1
201501WW51088,2,19,0,18,0,8,0,0,0,0,4,1,6,1,57,9,2402,2,10,-1,1,-1
201501WW51089,1,9,0,17,0,8,0,0,0,0,2,1,6,1,46,8,1797,8,5,-1,1,-1
201501WW51089,2,9,0,17,0,8,0,0,0,0,1,1,6,1,-1,-1,-1,-1,-1,-1,-1,-1
201501WW51090,1,9,0,2,0,0,0,0,0,0,2,1,6,1,38,7,1242,1,8,-1,-1,-1
201501WW51090,2,9,0,18,0,0,0,0,0,0,1,1,6,1,-1,-1,1499,2,-1,-1,-1,-1
201501WW51091,1,19,0,18,0,8,0,0,0,0,4,1,1,1,27,6,-1,-1,-1,-1,1,-1
201501WW51091,2,3,0,18,0,8,0,0,0,0,1,1,6,2,32,6,-1,-1,-1,-1,1,-1
201501WW51092,1,5,0,18,0,8,0,10,0,0,3,1,1,1,-1,-1,-1,-1,-1,-1,-1,-1
201501WW51095,1,9,0,16,0,8,0,0,0,0,2,1,6,1,22,5,1587,1,14,-1,1,-1
201501WW51095,2,9,0,16,0,8,0,0,0,0,1,1,6,1,-1,-1,2494,8,-1,-1,-1,-1
201501WW51096,1,9,0,18,0,0,0,0,1,10,4,1,2,2,19,4,1198,1,4,-1,1,-1
201501WW59004,1,8,0,18,0,8,0,0,0,0,1,1,6,1,30,6,1798,8,1,-1,1,-1
201501WW59005,1,9,0,18,0,0,0,0,0,0,1,1,6,3,-1,-1,-1,-1,-1,-1,-1,-1
201501WW59007,1,9,0,9,0,8,0,0,0,0,4,1,6,2,46,8,2188,2,9,-1,-1,-1
201501WW59007,2,5,0,18,0,8,0,0,0,0,1,1,6,1,38,7,-1,-1,-1,-1,1,-1
201501WW59009,1,9,0,9,0,8,0,0,0,0,3,1,6,1,61,9,1396,1,17,-1,1,-1
201501WW59009,2,3,0,18,0,8,0,0,0,0,1,1,6,1,19,4,125,1,5,-1,1,-1
201501WW59012,1,9,0,6,0,0,0,0,0,0,3,1,6,2,41,7,1339,1,10,-1,1,-1
201501WW59012,2,2,0,18,0,0,0,0,0,0,1,1,6,1,16,4,49,1,-1,-1,1,-1
201501WW59017,1,11,0,18,0,0,0,0,0,0,0,1,1,1,52,8,3900,2,9,-1,1,-1
201501WW59018,1,3,0,18,0,8,0,0,0,0,3,1,6,1,19,4,109,1,3,-1,1,-1
201501WW59022,1,9,0,18,0,0,0,10,1,2,1,1,6,1,31,6,1762,1,18,-1,1,-1
201501WW59023,1,9,0,18,0,2,0,0,0,0,3,1,6,1,53,8,1951,2,11,-1,1,-1
201501WW59023,2,9,0,11,0,2,0,0,0,0,4,1,6,1,-1,-1,-1,-1,-1,-1,-1,-1
201501WW59057,1,9,0,9,0,8,1,10,3,10,1,1,6,1,21,5,1398,1,5,-1,1,-1
201501WW59062,1,3,0,7,0,8,0,0,0,0,1,1,1,1,31,6,108,1,-1,-1,-1,-1
201501WW59062,2,9,0,18,0,8,0,0,1,0,3,1,6,1,24,5,1598,1,11,-1,1,-1
201501WW59128,1,9,0,18,0,0,0,0,0,0,1,1,6,2,51,8,1198,1,3,-1,1,-1
201501WW59138,1,1,0,4,0,8,0,0,0,0,0,1,6,3,-1,-1,-1,-1,-1,-1,-1,-1
201501XD80001,1,9,0,9,0,8,0,0,0,0,1,1,6,2,35,6,-1,-1,-1,-1,1,-1
201501XD80001,2,9,0,7,0,8,0,0,0,0,1,1,6,1,-1,-1,1796,1,13,-1,1,-1
201501XD80002,1,9,0,9,0,8,0,0,0,0,1,1,6,1,68,10,1596,1,9,-1,1,-1
201501XD80003,1,8,0,9,0,8,0,0,0,0,0,1,2,1,49,8,1896,2,8,-1,1,-1
201501XD80003,2,5,0,4,0,8,0,0,0,0,0,1,2,1,37,7,942,1,1,-1,1,-1
201501XD80005,1,9,0,3,0,8,0,0,0,0,2,1,6,1,50,8,2179,2,3,-1,1,-1
201501XD80005,2,9,0,3,0,8,0,0,0,0,2,1,6,2,23,5,1199,1,12,-1,1,-1
201501XD80005,3,9,0,18,0,8,0,0,0,0,2,1,6,1,40,7,1850,1,15,-1,1,-1
201501XD80005,4,9,0,18,0,8,0,0,0,0,1,1,6,1,31,6,-1,-1,-1,-1,1,-1
201501XD80009,1,1,0,18,0,8,0,0,0,0,1,1,2,1,41,7,-1,-1,-1,-1,1,-1
201501XD80009,2,9,0,9,0,8,0,0,0,0,4,1,6,3,-1,-1,-1,-1,-1,-1,-1,-1
201501XD80010,1,19,0,3,0,8,0,0,0,0,2,1,1,2,40,7,-1,-1,-1,-1,1,-1
201501XD80010,2,9,0,4,0,8,0,0,0,0,1,1,6,1,29,6,1956,2,6,-1,1,-1
201501XD80013,1,90,0,18,0,8,0,0,1,0,1,1,1,1,42,7,2686,2,11,-1,1,-1
201501XD80013,2,9,0,9,0,8,0,0,0,0,3,1,6,2,-1,-1,-1,-1,-1,-1,-1,-1
201501XD80014,1,20,0,4,0,0,0,0,0,0,3,1,1,1,43,7,2287,2,5,-1,1,-1
201501XD80015,1,9,0,18,0,0,0,0,0,0,1,1,4,1,33,6,1995,2,4,-1,1,-1
201501XD80017,1,9,0,9,0,8,0,0,0,0,4,1,4,2,23,5,1992,2,9,-1,-1,-1
201501XD80017,2,9,0,18,0,8,0,0,0,0,1,1,6,1,37,7,1910,2,11,-1,1,-1