Accident_Index,Vehicle_Reference,Vehicle_Type,Towing_and_Articulation,Vehicle_Manoeuvre,Vehicle_Location-Restricted_Lane,Junction_Location,Skidding_and_Overturning,Hit_Object_in_Carriageway,Vehicle_Leaving_Carriageway,Hit_Object_off_Carriageway,1st_Point_of_Impact,Was_Vehicle_Left_Hand_Drive?,Journey_Purpose_of_Driver,Sex_of_Driver,Age_of_Driver,Age_Band_of_Driver,Engine_Capacity_(CC),Propulsion_Code,Age_of_Vehicle,Driver_IMD_Decile,Driver_Home_Area_Type,Vehicle_IMD_Decile
201501XD80018,1,8,0,18,0,8,0,0,0,0,3,1,6,1,-1,-1,-1,-1,-1,-1,-1,-1
201501XD80018,2,9,0,18,0,8,0,0,0,0,1,1,2,2,44,7,-1,-1,-1,-1,1,-1
201501XD80018,3,9,0,2,0,8,0,0,0,0,3,1,6,2,30,6,1870,2,10,-1,1,-1
201501XD80019,1,9,0,1,0,8,0,0,0,0,2,1,6,2,48,8,2148,2,12,-1,1,-1
201501XD80019,2,9,0,3,0,8,0,0,0,0,1,1,6,2,48,8,1364,2,8,-1,1,-1
201501XD80020,1,9,0,3,0,8,0,0,0,0,3,1,6,2,50,8,1389,1,9,-1,-1,-1
201501XD80020,2,9,0,14,0,8,0,0,0,0,4,1,6,1,-1,-1,-1,-1,-1,-1,-1,-1
201501XD80021,1,9,0,13,0,8,0,0,0,0,1,1,2,2,45,7,1339,1,3,-1,1,-1
201501XD80021,2,1,0,9,0,8,0,0,1,0,2,1,6,1,16,4,-1,-1,-1,-1,1,-1
201501XD80025,1,21,1,11,0,0,0,0,0,0,4,2,1,1,37,7,-1,-1,-1,-1,1,-1
201501XD80025,2,9,0,18,0,0,0,0,0,0,1,1,2,2,21,5,1368,1,7,-1,-1,-1
201501XD80026,1,9,0,18,0,8,0,0,0,0,3,1,6,2,47,8,1597,1,5,-1,1,-1
201501XD80026,2,9,0,18,0,8,0,11,1,10,1,1,2,2,39,7,-1,-1,-1,-1,1,-1
201501XD80027,1,3,0,18,0,8,0,0,0,0,1,1,2,1,22,5,125,1,9,-1,1,-1
201501XD80027,2,9,0,7,0,8,0,0,0,0,4,1,6,1,58,9,1560,2,4,-1,1,-1
201501XD80028,1,2,0,18,0,8,0,0,0,0,3,1,6,2,28,6,-1,-1,-1,-1,1,-1
201501XD80028,2,9,0,18,0,8,0,0,0,0,4,1,6,1,-1,-1,-1,-1,-1,-1,-1,-1
201501XD80029,1,9,0,9,0,8,0,0,0,0,4,1,6,1,49,8,-1,-1,-1,-1,1,-1
201501XD80029,2,90,0,5,0,8,0,0,0,0,1,1,6,1,62,9,-1,-1,-1,-1,1,-1
201501XD80030,1,9,0,5,0,8,0,0,0,0,3,1,1,2,29,6,1799,1,8,-1,1,-1
201501XD80030,2,9,0,11,0,8,0,0,0,0,4,1,6,2,-1,-1,1368,1,5,-1,-1,-1
201501XD80031,1,9,0,13,0,0,0,0,0,0,1,1,6,1,32,6,-1,-1,-1,-1,1,-1
201501XD80033,1,9,0,3,0,8,0,0,0,0,2,1,6,2,36,7,1999,1,10,-1,2,-1
201501XD80033,2,9,0,18,0,8,0,0,0,0,1,1,6,1,33,6,898,1,1,-1,1,-1
201501XD80034,1,3,0,18,0,0,0,0,0,0,1,1,6,1,35,6,244,1,7,-1,1,-1
201501XD80035,1,9,0,3,0,0,0,0,0,0,3,1,6,2,54,8,2497,1,10,-1,1,-1
201501XD80035,2,1,0,14,0,0,0,0,0,0,1,1,6,1,35,6,-1,-1,-1,-1,1,-1
201501XD80036,1,9,0,4,0,8,0,0,0,0,2,1,6,1,39,7,1595,1,8,-1,1,-1
201501XD80036,2,9,0,18,0,8,0,0,0,0,1,1,6,1,-1,-1,1995,2,10,-1,-1,-1
201501XD80037,1,9,0,18,0,0,0,0,0,0,1,1,6,1,-1,-1,-1,-1,-1,-1,-1,-1
201501XD80038,1,19,0,3,0,0,0,0,0,0,2,1,1,1,44,7,1560,2,3,-1,1,-1
201501XD80038,2,9,0,3,0,0,0,0,0,0,2,1,6,2,37,7,1368,1,6,-1,1,-1
201501XD80038,3,19,0,18,0,0,0,0,0,0,1,1,1,1,54,8,2148,2,8,-1,1,-1
201501XD80039,1,9,0,7,0,0,0,0,1,0,4,1,6,2,47,8,1896,2,6,-1,1,-1
201501XD80039,2,5,0,18,0,0,0,0,0,0,1,1,2,1,56,9,-1,-1,-1,-1,-1,-1
201501XD80040,1,5,0,18,0,8,0,0,0,0,4,1,1,2,36,7,595,1,27,-1,1,-1
201501XD80040,2,9,0,9,0,8,0,0,0,0,1,1,1,2,37,7,1391,1,14,-1,1,-1
201501XD80042,1,9,0,4,0,8,0,0,0,0,2,1,6,1,21,5,1598,1,9,-1,1,-1
201501XD80042,2,9,0,18,0,8,0,0,0,0,1,1,6,2,49,8,2993,2,6,-1,1,-1
201501XD80043,1,9,0,5,0,8,0,0,0,0,3,1,6,1,43,7,1390,1,12,-1,1,-1
201501XD80043,2,1,0,9,0,8,0,0,0,0,1,1,2,1,36,7,-1,-1,-1,-1,1,-1
201501XD80044,1,19,0,18,0,0,0,0,0,0,3,1,1,1,35,6,2143,2,4,-1,1,-1
201501XD80046,1,9,0,7,0,8,0,0,0,0,1,1,1,1,25,5,1582,2,3,-1,1,-1
201501XD80047,1,11,0,4,0,0,0,0,0,0,0,1,1,1,37,7,7300,2,10,-1,1,-1
201501XD80048,1,9,0,3,0,0,0,0,0,0,2,1,2,1,38,7,1598,1,8,-1,1,-1
201501XD80048,2,9,0,18,0,0,0,0,0,0,1,1,6,2,-1,-1,1390,1,14,-1,-1,-1
201501XD80049,1,9,0,18,0,0,0,0,0,0,3,1,2,1,37,7,1798,1,3,-1,1,-1
201501XD80049,2,3,0,11,0,0,0,0,0,0,1,1,2,1,29,6,125,1,3,-1,-1,-1
201501XD80051,1,9,0,3,0,8,0,0,0,0,2,1,6,1,-1,-1,1598,2,1,-1,-1,-1
201501XD80051,2,9,0,4,0,8,0,0,0,0,2,1,6,1,37,7,998,1,14,-1,1,-1
201501XD80051,3,9,0,18,0,8,0,0,0,0,1,1,6,3,-1,-1,-1,-1,-1,-1,-1,-1
201501XD80052,1,9,0,4,0,8,0,0,0,0,2,1,6,1,36,7,-1,-1,-1,-1,1,-1
201501XD80052,2,9,0,18,0,8,0,0,0,0,1,1,6,1,-1,-1,2143,2,2,-1,-1,-1
201501XD80053,1,9,0,18,0,8,0,0,0,0,1,1,6,2,25,5,1124,1,15,-1,1,-1
201501XD80054,1,9,0,1,0,0,0,0,0,0,3,1,2,1,38,7,-1,-1,-1,-1,1,-1
201501XD80054,2,11,0,18,0,0,0,0,0,0,1,1,1,1,58,9,4500,2,6,-1,1,-1
201501XD80055,1,9,0,18,0,8,0,0,0,0,4,1,6,1,41,7,2967,2,1,-1,1,-1
201501XD80056,1,9,0,9,0,8,0,0,0,0,3,1,6,1,29,6,1796,1,14,-1,1,-1
201501XD80056,2,5,0,13,0,8,0,0,0,0,1,1,2,1,39,7,1000,1,8,-1,-1,-1
201501XD80059,1,9,0,9,0,8,0,0,0,0,3,1,6,2,38,7,1498,1,7,-1,1,-1
201501XD80059,2,9,0,18,0,8,0,0,0,0,1,1,6,1,-1,-1,2685,2,12,-1,1,-1
201501XD80062,1,9,0,16,0,8,0,0,0,0,1,1,6,2,49,8,2979,1,13,-1,1,-1
201501XD80062,2,1,0,18,0,8,0,0,0,0,1,1,6,1,36,7,-1,-1,-1,-1,1,-1
201501XD80063,1,9,0,7,0,8,0,0,0,0,1,1,6,2,26,6,1339,1,6,-1,1,-1
201501XD80064,1,3,0,4,0,0,1,0,0,0,0,1,1,1,29,6,125,1,2,-1,1,-1
201501XD80065,1,9,0,4,0,0,1,0,0,0,3,1,1,2,49,8,1798,8,2,-1,1,-1
201501XD80065,2,20,0,11,0,0,1,0,0,0,1,2,1,1,38,7,12580,2,10,-1,1,-1
201501XD80067,1,5,0,14,0,8,0,0,0,0,1,1,6,1,38,7,599,1,15,-1,1,-1
201501XD80067,2,9,0,9,0,8,0,0,0,0,1,1,6,1,-1,-1,1910,1,10,-1,-1,-1
201501XD80068,1,9,0,4,0,0,0,0,0,0,4,1,6,1,29,6,1896,2,8,-1,1,-1
201501XD80069,1,9,0,18,0,8,0,0,0,0,4,1,2,1,43,7,1598,1,10,-1,1,-1
201501XD80069,2,9,0,7,0,8,0,0,0,0,1,1,6,2,-1,-1,1995,2,5,-1,-1,-1
201501XD80071,1,4,0,4,0,8,0,0,0,0,1,1,6,1,57,9,-1,-1,-1,-1,1,-1
201501XD80071,2,9,0,4,0,8,0,0,0,0,2,1,6,1,23,5,1598,1,2,-1,1,-1
201501XD80072,1,19,0,18,0,8,0,0,0,0,1,1,1,1,39,7,2461,2,8,-1,1,-1
201501XD80072,2,9,0,9,0,8,0,0,0,0,1,1,1,1,33,6,-1,-1,-1,-1,1,-1
201501XD80073,1,9,0,2,0,0,0,0,0,0,3,1,6,1,56,9,1896,2,13,-1,1,-1
201501XD80073,2,9,0,14,0,0,0,4,0,0,1,1,6,1,54,8,1798,1,4,-1,1,-1
201501XD80074,1,11,0,4,0,0,0,0,0,0,0,1,1,2,37,7,9000,2,4,-1,1,-1
201501XD80077,1,9,0,3,0,0,0,0,0,0,2,1,2,1,53,8,1968,2,2,-1,1,-1
201501XD80077,2,19,0,4,0,0,0,0,0,0,1,1,1,1,28,6,1560,2,1,-1,-1,-1
201501XD80078,1,9,0,3,0,8,0,0,0,0,2,1,2,2,45,7,1229,1,2,-1,1,-1
201501XD80078,2,9,0,18,0,8,0,0,0,0,1,1,2,2,54,8,1590,1,13,-1,1,-1
201501XD80079,1,90,0,5,0,8,0,0,1,0,3,1,6,2,41,7,-1,-1,-1,-1,1,-1
201501XD80079,2,9,0,5,0,8,0,0,0,0,1,1,6,2,40,7,-1,-1,-1,-1,1,-1
201501XD80080,1,9,0,17,0,8,0,0,0,0,2,1,6,1,23,5,1995,1,8,-1,1,-1
201501XD80080,2,9,0,17,0,8,0,0,0,0,1,1,6,1,-1,-1,1229,1,7,-1,-1,-1
201501XD80083,1,9,0,4,0,0,0,0,0,0,2,1,1,1,30,6,-1,-1,-1,-1,1,-1
201501XD80083,2,3,0,4,0,0,0,0,0,0,1,1,6,1,22,5,85,1,18,-1,1,-1
201501XD80083,3,19,0,4,0,0,0,0,0,0,1,1,6,1,-1,-1,1995,2,5,-1,1,-1
201501XD80084,1,9,0,9,0,8,0,0,0,0,1,1,6,2,83,11,-1,-1,-1,-1,1,-1
201501XD80084,2,3,0,18,0,8,0,0,0,0,1,1,6,1,19,4,124,1,-1,-1,1,-1
201501XD80085,1,9,0,4,0,8,0,0,0,0,2,1,3,1,47,8,-1,-1,-1,-1,1,-1
201501XD80085,2,9,0,4,0,8,0,0,0,0,1,1,6,1,-1,-1,1598,1,16,-1,-1,-1
201501XD80086,1,19,0,9,0,7,0,0,0,0,4,1,1,1,42,7,10837,2,1,-1,1,-1
201501XD80086,2,9,0,18,0,8,0,0,0,0,3,1,2,2,23,5,1229,1,1,-1,1,-1
201501XD80087,1,3,0,4,0,8,0,0,0,0,0,1,1,1,21,5,124,1,8,-1,1,-1
201501XD80087,2,10,0,14,0,8,0,7,0,0,1,1,1,1,28,6,-1,-1,-1,-1,1,-1
201501XD80092,1,9,0,18,0,8,0,4,0,0,1,1,6,1,39,7,1895,1,16,-1,1,-1
201501XD80092,2,9,0,2,0,8,0,0,0,0,3,1,4,2,-1,-1,1390,1,14,-1,1,-1
201501XD80092,3,9,0,2,0,8,0,0,0,0,3,1,6,1,-1,-1,1587,1,12,-1,1,-1
201501XD80093,1,19,0,1,0,0,0,0,0,0,2,1,6,1,52,8,1968,2,1,-1,1,-1
201501XD80094,1,3,0,4,0,8,0,0,0,0,1,1,6,1,20,4,124,1,7,-1,1,-1
201501XD80095,1,9,0,9,0,8,0,0,0,0,1,1,2,1,28,6,1242,1,6,-1,1,-1
201501XD80095,2,1,0,18,0,8,0,0,1,0,1,1,2,2,56,9,-1,-1,-1,-1,1,-1
201501XD80096,1,9,0,4,0,0,0,0,0,0,1,1,6,1,66,10,1248,2,6,-1,1,-1
201501XD80098,1,9,0,9,0,8,0,0,0,0,1,1,6,1,33,6,1242,1,17,-1,1,-1
201501XD80098,2,3,0,18,0,8,0,0,0,0,1,1,6,1,27,6,114,1,1,-1,1,-1
201501XD80099,1,9,0,18,0,0,0,0,0,0,3,1,1,2,54,8,1598,1,7,-1,1,-1
201501XD80100,1,9,0,17,0,8,0,0,0,0,1,1,2,2,21,5,1061,1,10,-1,1,-1
201501XD80100,2,21,1,17,0,8,0,0,0,0,4,1,1,1,62,9,-1,-1,-1,-1,3,-1
201501XD80101,1,9,0,18,0,0,0,0,0,0,3,1,6,1,27,6,1364,1,6,-1,-1,-1
201501XD80101,2,9,0,11,0,0,0,0,0,0,1,1,4,1,-1,-1,-1,-1,-1,-1,-1,-1
201501XD80102,1,9,0,5,0,8,0,0,0,0,1,1,1,1,33,6,1560,2,2,-1,1,-1
201501XD80102,2,90,0,18,0,8,0,0,0,0,1,1,6,3,-1,-1,-1,-1,-1,-1,-1,-1
201501XD80103,1,9,0,3,0,8,0,0,0,0,2,1,6,2,38,7,1598,1,4,-1,1,-1
201501XD80103,2,9,0,4,0,8,0,0,0,0,1,1,3,2,36,7,2143,2,1,-1,1,-1
201501XD80104,1,9,0,7,0,0,0,0,1,0,4,1,6,1,31,6,2494,1,11,-1,1,-1
201501XD80105,1,1,0,18,0,8,0,0,0,0,1,1,6,1,31,6,-1,-1,-1,-1,1,-1
201501XD80105,2,9,0,9,0,8,0,0,0,0,1,1,2,1,27,6,1360,1,8,-1,1,-1
201501XD80106,1,19,0,3,0,1,0,0,0,0,2,1,1,1,60,9,1248,2,4,-1,1,-1
201501XD80106,2,9,0,18,0,1,0,0,0,0,1,1,6,1,64,9,1997,1,3,-1,1,-1
201501XD80107,1,9,0,5,0,8,0,0,0,0,1,1,3,2,45,7,1598,1,8,-1,1,-1
201501XD80107,2,9,0,2,0,8,0,0,0,0,1,1,3,1,41,7,1587,1,9,-1,1,-1
201501XD80110,1,9,0,5,0,8,0,0,0,0,2,1,6,2,26,6,2497,1,10,-1,1,-1
201501XD80110,2,9,0,18,0,8,1,0,0,0,1,1,6,1,20,4,998,1,19,-1,1,-1
201501XD80111,1,9,0,7,0,1,1,10,1,2,1,1,6,1,28,6,-1,-1,-1,-1,1,-1
201501XD80112,1,9,0,18,0,1,0,0,0,0,4,1,6,2,48,8,1248,2,9,-1,1,-1
201501XD80113,1,9,0,9,0,2,0,0,0,0,4,1,6,1,29,6,1991,2,9,-1,1,-1
201501XD80114,1,9,0,18,0,8,0,0,0,0,4,1,6,1,83,11,1596,1,12,-1,1,-1
201501XD80114,2,1,0,7,0,8,0,0,0,0,1,1,2,2,25,5,-1,-1,-1,-1,1,-1
201501XD80115,1,9,0,18,0,0,0,0,0,0,4,1,6,2,34,6,998,1,12,-1,1,-1
201501XD80115,2,1,0,12,0,0,0,0,0,0,3,1,6,1,25,5,-1,-1,-1,-1,1,-1
201501XD80116,1,9,0,9,0,8,0,0,0,0,3,1,6,1,25,5,1968,2,4,-1,1,-1
201501XD80117,1,9,0,4,0,0,0,0,0,0,4,1,6,1,25,5,1598,1,2,-1,1,-1
201501XD80117,2,19,0,18,0,0,0,0,0,0,1,1,1,1,-1,-1,4500,2,1,-1,-1,-1
201501XD80118,1,9,0,5,0,8,0,0,0,0,1,1,6,2,-1,-1,-1,-1,-1,-1,-1,-1
201501XD80120,1,21,0,7,0,1,0,0,0,0,0,1,1,1,-1,-1,5880,2,9,-1,-1,-1
201501XD80122,1,9,0,3,0,0,0,0,0,0,3,1,1,2,39,7,1560,2,1,-1,-1,-1
201501XD80122,2,9,0,5,0,0,0,8,0,0,1,1,6,1,-1,-1,1598,2,-1,-1,-1,-1
201501XD80124,1,9,0,4,0,0,0,10,1,2,1,1,6,1,24,5,1868,2,15,-1,1,-1
201501XD80125,1,9,0,7,0,8,0,0,0,0,2,1,1,1,35,6,1783,1,13,-1,1,-1
201501XD80125,2,3,0,18,0,8,0,0,0,0,1,1,2,1,31,6,125,1,5,-1,1,-1
201501XD80126,1,3,0,18,0,8,0,0,0,0,1,1,2,1,35,6,124,1,7,-1,1,-1
201501XD80126,2,9,0,18,0,8,0,0,0,0,1,1,6,1,38,7,1997,2,11,-1,1,-1
201501XD80128,1,9,0,18,0,8,0,0,0,0,1,1,6,2,30,6,1386,1,11,-1,1,-1
201501XD80129,1,9,0,4,0,8,0,0,0,0,2,1,3,1,31,6,2143,2,4,-1,1,-1
201501XD80129,2,9,0,4,0,8,0,0,0,0,1,1,2,2,34,6,1596,1,14,-1,1,-1
201501XD80129,3,9,0,4,0,8,0,0,0,0,2,1,6,1,-1,-1,1360,1,11,-1,-1,-1
201501XD80130,1,9,0,4,0,0,0,0,0,0,2,1,2,2,27,6,1587,1,10,-1,1,-1
201501XD80130,2,9,0,18,0,0,0,0,0,0,1,1,2,2,33,6,1560,2,5,-1,1,-1
201501XD80131,1,19,0,7,0,8,0,0,0,0,3,1,2,1,46,8,2198,2,7,-1,1,-1
201501XD80131,2,3,0,18,0,8,0,0,0,0,1,1,6,1,38,7,124,1,4,-1,1,-1
201501XD80132,1,9,0,9,0,8,0,0,1,0,1,1,6,2,53,8,1598,1,14,-1,1,-1
201501XD80132,2,2,0,18,0,8,0,0,0,0,3,1,6,1,53,8,124,1,10,-1,1,-1
201501XD80134,1,4,0,14,0,8,0,0,0,0,1,1,6,1,-1,-1,-1,-1,-1,-1,-1,-1
201501XD80135,1,9,0,3,0,0,0,0,0,0,2,1,2,1,29,6,-1,-1,-1,-1,1,-1
201501XD80135,2,9,0,4,0,0,0,0,0,0,1,1,6,1,-1,-1,1686,2,9,-1,1,-1
201501XD80136,1,3,0,11,0,0,0,0,0,0,4,1,2,1,27,6,125,1,3,-1,1,-1
201501XD80136,2,9,0,15,0,0,0,0,0,0,3,1,6,1,52,8,1242,1,2,-1,1,-1
201501XD80137,1,9,0,9,0,8,0,0,0,0,3,1,6,2,45,7,-1,-1,-1,-1,1,-1
201501XD80137,2,9,0,18,0,8,0,0,1,0,1,1,6,1,35,6,1998,2,8,-1,1,-1
201501XD80138,1,9,0,16,0,8,0,0,0,0,1,1,6,3,-1,-1,1989,1,15,-1,-1,-1
201501XD80139,1,9,0,18,0,8,0,0,0,0,4,1,2,1,-1,-1,1956,2,1,-1,-1,-1
201501XD80139,2,1,0,17,0,8,0,0,0,0,1,1,2,1,23,5,-1,-1,-1,-1,1,-1
201501XD80140,1,9,0,18,0,8,0,0,0,0,3,1,2,1,27,6,1995,2,1,-1,1,-1
201501XD80140,2,21,0,11,0,8,0,0,0,0,3,2,1,1,56,9,-1,-1,-1,-1,-1,-1
201501XD80141,1,9,0,3,0,8,0,0,0,0,2,1,6,2,38,7,1328,1,11,-1,1,-1
201501XD80141,2,9,0,4,0,8,0,0,0,0,1,1,6,1,52,8,-1,-1,-1,-1,1,-1
201501XD80141,3,9,0,4,0,8,0,0,0,0,1,1,1,1,-1,-1,-1,-1,-1,-1,-1,-1
201501XD80142,1,1,0,18,0,8,0,0,0,0,4,1,1,1,44,7,-1,-1,-1,-1,1,-1
201501XD80142,2,9,0,7,0,8,0,0,1,0,1,1,1,1,29,6,1995,2,8,-1,1,-1
201501XD80143,1,9,0,3,0,8,0,0,0,0,2,1,2,1,42,7,1339,1,8,-1,1,-1
201501XD80143,2,9,0,4,0,8,0,0,0,0,1,1,6,1,-1,-1,799,2,6,-1,-1,-1
201501XD80145,1,19,0,9,0,8,0,0,0,0,1,1,2,1,47,8,1996,2,2,-1,1,-1
201501XD80145,2,1,0,4,0,8,0,0,0,0,1,1,2,1,49,8,-1,-1,-1,-1,1,-1
201501XD80146,1,9,0,18,0,8,1,7,7,2,1,1,6,1,-1,-1,2993,2,11,-1,1,-1
201501XD80146,2,9,0,18,0,7,0,0,0,0,3,1,6,1,60,9,1229,1,9,-1,1,-1
201501XD80146,3,9,0,18,0,8,0,0,1,0,1,1,6,1,-1,-1,1968,2,6,-1,1,-1
201501XD80147,1,9,0,18,0,8,0,0,0,0,1,1,2,2,44,7,1995,1,7,-1,1,-1
201501XD80148,1,9,0,18,0,8,0,0,0,0,4,1,2,1,27,6,-1,-1,-1,-1,1,-1
201501XD80148,2,9,0,7,0,1,0,0,0,0,1,1,6,2,-1,-1,1598,2,-1,-1,-1,-1
201501XD80149,1,9,0,16,0,8,0,0,0,0,2,1,2,1,31,6,1956,2,3,-1,1,-1
201501XD80149,2,9,0,16,0,8,0,0,0,0,1,1,2,1,30,6,1896,2,12,-1,1,-1
201501XD80149,3,9,0,16,0,8,0,0,0,0,1,1,1,1,57,9,1598,1,4,-1,-1,-1
201501XD80149,4,9,0,16,0,8,0,0,0,0,2,1,2,1,45,7,-1,-1,-1,-1,1,-1
201501XD80150,1,3,0,13,0,2,0,0,0,0,3,1,1,1,19,4,125,1,10,-1,1,-1
201501XD80150,2,9,0,18,0,2,0,0,0,0,4,1,6,1,-1,-1,1339,8,4,-1,1,-1
201501XD80151,1,8,0,18,0,8,0,0,0,0,3,1,6,1,58,9,-1,-1,-1,-1,1,-1
201501XD80151,2,1,0,9,0,8,0,0,0,0,4,1,6,1,25,5,-1,-1,-1,-1,1,-1
201501XD80152,1,3,0,3,0,8,0,0,0,0,2,1,6,1,27,6,-1,-1,-1,-1,1,-1
201501XD80152,2,10,0,4,0,8,0,0,0,0,1,1,6,1,-1,-1,-1,-1,-1,-1,1,-1
201501XD80153,1,9,0,4,0,8,0,0,0,0,1,1,2,2,23,5,1360,1,5,-1,1,-1
201501XD80153,2,1,0,18,0,8,0,0,0,0,4,1,6,1,14,3,-1,-1,-1,-1,1,-1
201501XD80155,1,9,0,9,0,8,0,0,0,0,1,1,6,1,51,8,2148,2,7,-1,-1,-1
201501XD80155,2,3,0,15,0,8,0,0,0,0,1,1,6,1,26,6,-1,-1,-1,-1,1,-1
201501XD80156,1,9,0,1,0,2,0,0,0,0,2,1,6,1,-1,-1,-1,-1,-1,-1,1,-1
201501XD80157,1,5,0,5,0,0,0,0,0,0,3,1,2,1,21,5,124,1,4,-1,1,-1
201501XD80157,2,9,0,11,0,0,0,0,0,0,4,1,6,2,-1,-1,-1,-1,-1,-1,-1,-1
201501XD80158,1,9,0,18,0,2,0,0,0,0,1,1,6,1,49,8,1339,8,5,-1,1,-1
201501XD80158,2,1,0,18,0,2,0,0,0,0,2,1,6,2,32,6,-1,-1,-1,-1,1,-1
201501XD80159,1,9,0,3,0,8,0,0,0,0,2,1,1,2,28,6,1995,1,10,-1,1,-1
201501XD80159,2,9,0,4,0,8,0,0,0,0,1,1,6,2,-1,-1,1596,1,6,-1,-1,-1
201501XD80161,1,9,0,14,0,0,0,0,0,0,4,1,3,1,64,9,1998,1,15,-1,1,-1
201501XD80162,1,11,0,3,0,8,0,0,0,0,2,1,1,1,50,8,4500,2,4,-1,-1,-1
201501XD80162,2,9,0,3,0,8,0,0,0,0,2,1,2,1,60,9,-1,-1,-1,-1,1,-1
201501XD80162,3,9,0,18,0,8,0,0,0,0,1,1,4,2,46,8,1598,1,14,-1,1,-1
201501XD80163,1,3,0,13,0,8,0,0,1,0,4,1,2,1,27,6,124,1,18,-1,1,-1
201501XD80163,2,9,0,6,0,8,0,0,0,0,3,1,6,3,-1,-1,1796,1,6,-1,-1,-1
201501XD80165,1,2,0,9,0,8,0,0,0,0,4,1,6,2,40,7,124,1,14,-1,1,-1
201501XD80165,2,8,0,18,0,8,0,0,1,0,1,1,2,1,55,8,1896,2,11,-1,1,-1
201501XD80166,1,9,0,5,0,0,0,5,1,0,1,1,3,2,36,7,-1,-1,-1,-1,1,-1
201501XD80166,2,9,0,2,0,0,0,0,0,0,3,1,6,2,47,8,1769,1,11,-1,1,-1
201501XD80167,1,9,0,7,0,8,0,0,0,0,1,1,6,1,38,7,1497,8,7,-1,1,-1
201501XD80167,2,9,0,18,0,8,0,0,0,0,4,1,6,1,34,6,-1,-1,-1,-1,1,-1
201501XD80168,1,9,0,1,9,8,0,0,0,0,3,1,6,1,53,8,1895,1,15,-1,1,-1
201501XD80168,2,1,0,18,9,8,0,0,0,0,1,1,6,1,8,2,-1,-1,-1,-1,1,-1
201501XD80169,1,9,0,18,0,8,0,10,1,1,3,1,6,1,46,8,-1,-1,-1,-1,1,-1
201501XD80169,2,9,0,12,0,8,0,0,0,0,3,1,6,1,33,6,1587,1,8,-1,1,-1
201501XD80171,1,9,0,11,0,0,0,0,0,0,4,1,2,1,34,6,1560,2,-1,-1,1,-1
201501XD80171,2,4,0,18,0,0,0,0,0,0,3,1,2,1,25,5,250,1,14,-1,1,-1
201501XD80172,1,9,0,18,0,0,0,0,0,0,4,1,6,2,25,5,1299,1,17,-1,1,-1
201501XD80172,2,9,0,5,0,0,0,0,0,0,3,1,6,1,45,7,1598,1,13,-1,1,-1
201501XD80173,1,8,0,9,0,8,0,0,0,0,1,1,1,1,-1,-1,1598,1,2,-1,-1,-1
201501XD80174,1,11,0,14,0,0,0,0,0,0,4,1,1,1,50,8,-1,-1,-1,-1,1,-1
201501XD80175,1,9,0,18,0,0,0,0,0,0,2,1,6,2,35,6,1997,1,7,-1,1,-1
201501XD80175,2,19,0,18,0,0,0,0,0,0,2,1,6,1,42,7,2198,2,1,-1,1,-1
201501XD80175,3,4,0,18,0,0,0,0,0,0,2,1,6,1,33,6,125,1,7,-1,1,-1
201501XD80175,4,9,0,11,0,0,0,0,0,0,1,1,6,1,40,7,-1,-1,-1,-1,1,-1
201501XD80176,1,19,0,18,0,3,0,0,0,0,4,1,2,1,62,9,2494,2,10,-1,1,-1
201501XD80176,2,9,0,15,0,3,0,0,0,0,1,1,6,1,-1,-1,3123,1,10,-1,-1,-1
201501XD80177,1,4,0,18,2,0,0,10,0,0,1,1,6,1,40,7,645,1,10,-1,1,-1
201501XD80177,2,9,0,11,0,0,0,0,0,0,0,1,6,3,-1,-1,-1,-1,-1,-1,1,-1
201501XD80178,1,9,0,7,0,8,0,0,0,0,1,1,6,2,41,7,1360,1,7,-1,1,-1
201501XD80179,1,5,0,11,0,0,0,0,0,0,1,1,6,1,22,5,-1,-1,-1,-1,3,-1
201501XD80179,2,9,0,18,0,0,0,0,0,0,2,1,6,2,25,5,1968,2,5,-1,1,-1
201501XD80180,1,11,0,18,0,0,0,0,0,0,1,1,1,1,37,7,7300,2,12,-1,1,-1
201501XD80182,1,4,0,7,0,8,1,0,0,0,4,1,1,1,34,6,125,1,4,-1,1,-1
201501XD80184,1,21,1,7,0,8,0,0,0,0,3,1,1,1,50,8,12777,2,7,-1,3,-1
201501XD80186,1,9,0,4,0,0,0,0,0,0,4,1,1,2,42,7,1390,1,8,-1,1,-1
201501XD80186,2,4,0,18,4,0,0,0,0,0,3,1,6,1,-1,-1,124,1,5,-1,-1,-1
201501XD80187,1,9,0,4,0,8,0,0,0,0,2,1,6,1,60,9,1149,1,15,-1,1,-1
201501XD80187,2,9,0,18,0,8,0,0,0,0,2,1,6,1,60,9,1896,2,10,-1,1,-1
201501XD80187,3,9,0,18,0,8,0,0,0,0,1,1,6,2,47,8,-1,-1,-1,-1,1,-1
201501XD80188,1,9,0,4,0,1,0,0,0,0,2,1,6,2,26,6,1686,2,4,-1,1,-1
201501XD80188,2,9,0,18,0,1,0,0,0,0,1,1,6,1,27,6,1240,1,9,-1,1,-1
201501XD80189,1,9,0,18,0,1,0,0,0,0,1,1,6,2,-1,-1,-1,-1,-1,-1,-1,-1
201501XD80190,1,3,0,14,0,8,0,0,0,0,4,1,6,2,24,5,125,1,1,-1,1,-1
201501XD80190,2,19,0,9,0,8,0,0,0,0,1,1,6,1,44,7,1686,2,5,-1,1,-1
201501XD80191,1,4,0,18,0,1,0,0,0,0,1,1,6,3,-1,-1,-1,-1,-1,-1,-1,-1
201501XD80192,1,11,0,18,0,8,0,0,0,0,3,1,1,1,47,8,4500,2,6,-1,-1,-1
201501XD80192,2,9,0,17,0,8,0,0,0,0,1,1,6,1,57,9,1595,1,2,-1,1,-1
201501XD80193,1,9,0,18,0,0,0,0,0,0,1,1,2,2,52,8,1596,1,6,-1,2,-1