Accident_Index,Vehicle_Reference,Vehicle_Type,Towing_and_Articulation,Vehicle_Manoeuvre,Vehicle_Location-Restricted_Lane,Junction_Location,Skidding_and_Overturning,Hit_Object_in_Carriageway,Vehicle_Leaving_Carriageway,Hit_Object_off_Carriageway,1st_Point_of_Impact,Was_Vehicle_Left_Hand_Drive?,Journey_Purpose_of_Driver,Sex_of_Driver,Age_of_Driver,Age_Band_of_Driver,Engine_Capacity_(CC),Propulsion_Code,Age_of_Vehicle,Driver_IMD_Decile,Driver_Home_Area_Type,Vehicle_IMD_Decile
201501XD80810,1,9,0,9,0,8,0,0,0,0,3,1,6,1,48,8,1390,1,18,-1,1,-1
201501XD80810,2,9,0,18,0,8,0,0,0,0,1,1,6,3,-1,-1,-1,-1,-1,-1,-1,-1
201501XD80811,1,9,0,18,0,1,0,0,0,0,1,1,6,1,42,7,2171,1,11,-1,1,-1
201501XD80811,2,9,0,3,0,8,0,0,0,0,2,1,6,1,41,7,1796,1,13,-1,1,-1
201501XD80811,3,9,0,3,0,8,0,0,0,0,2,1,6,1,24,5,1242,1,9,-1,1,-1
201501XD80812,1,3,0,18,0,1,0,0,0,0,1,1,6,1,30,6,-1,-1,-1,-1,-1,-1
201501XD80812,2,9,0,18,0,8,0,0,0,0,4,1,6,2,53,8,1390,1,1,-1,1,-1
201501XD80812,3,9,0,18,0,8,0,0,0,0,2,1,6,1,24,5,1796,2,2,-1,1,-1
201501XD80813,1,11,0,5,0,0,0,0,0,0,0,1,1,1,49,8,9000,2,5,-1,1,-1
201501XD80814,1,9,0,9,0,8,0,0,0,0,1,1,1,2,45,7,1598,2,-1,-1,1,-1
201501XD80814,2,4,0,9,0,8,0,0,0,0,2,1,6,1,46,8,125,1,8,-1,-1,-1
201501XD80815,1,9,0,18,0,8,0,0,0,0,3,1,3,2,42,7,1299,1,12,-1,1,-1
201501XD80815,2,9,0,18,0,8,0,0,0,0,1,1,6,2,-1,-1,1149,1,14,-1,-1,-1
201501XD80816,1,9,0,4,0,0,0,0,0,0,2,1,2,1,41,7,1598,1,12,-1,1,-1
201501XD80816,2,19,0,1,0,0,0,0,0,0,2,1,1,1,-1,-1,2148,2,8,-1,-1,-1
201501XD80817,1,9,0,9,0,8,0,0,0,0,3,1,6,2,22,5,1598,2,1,-1,1,-1
201501XD80817,2,3,0,18,0,8,0,0,0,0,1,1,6,1,37,7,49,1,7,-1,1,-1
201501XD80818,1,9,0,7,0,8,0,0,0,0,4,1,6,1,45,7,1364,1,7,-1,1,-1
201501XD80818,2,3,0,4,0,8,1,0,0,0,1,1,6,1,30,6,125,1,7,-1,1,-1
201501XD80820,1,9,0,4,0,0,0,0,0,0,2,1,6,1,53,8,-1,-1,-1,-1,-1,-1
201501XD80820,2,9,0,18,0,0,0,0,0,0,1,1,6,2,25,5,698,1,11,-1,1,-1
201501XD80821,1,4,0,13,0,8,0,0,0,0,3,1,6,1,19,4,125,1,-1,-1,1,-1
201501XD80821,2,9,0,9,0,8,0,0,0,0,1,1,6,1,31,6,1995,2,8,-1,1,-1
201501XD80822,1,3,0,18,0,8,0,0,0,0,2,1,2,1,34,6,125,1,2,-1,1,-1
201501XD80822,2,19,0,9,0,8,0,0,0,0,1,1,1,1,25,5,1598,2,1,-1,1,-1
201501XD80823,1,5,0,18,0,8,1,0,0,0,3,1,6,1,40,7,847,1,-1,-1,1,-1
201501XD80823,2,9,0,4,0,8,0,0,0,0,2,1,6,2,68,10,1596,1,11,-1,1,-1
201501XD80824,1,9,0,3,0,8,0,0,1,0,2,1,6,1,59,9,1781,1,13,-1,1,-1
201501XD80824,2,9,0,3,0,8,0,0,0,0,2,1,6,1,45,7,-1,-1,-1,-1,1,-1
201501XD80824,3,9,0,18,0,8,0,0,0,0,1,1,4,1,-1,-1,-1,-1,-1,-1,-1,-1
201501XD80825,1,9,0,2,0,0,0,0,0,0,1,1,3,1,38,7,1995,2,4,-1,-1,-1
201501XD80825,2,9,0,1,0,0,0,4,0,0,2,1,6,1,-1,-1,2987,2,8,-1,-1,-1
201501XD80827,1,3,0,17,0,8,0,0,0,0,1,1,6,1,53,8,125,1,8,-1,1,-1
201501XD80827,2,9,0,9,0,8,0,0,0,0,3,1,6,1,-1,-1,1598,1,10,-1,-1,-1
201501XD80828,1,9,0,18,0,8,0,0,0,0,3,1,6,2,34,6,1396,1,11,-1,1,-1
201501XD80830,1,9,0,9,0,8,0,0,0,0,3,1,6,1,24,5,1390,1,15,-1,1,-1
201501XD80831,1,5,0,18,0,8,0,0,0,0,1,1,6,1,30,6,-1,-1,-1,-1,1,-1
201501XD80831,2,9,0,1,0,8,0,0,0,0,4,1,6,1,24,5,1242,1,15,-1,1,-1
201501XD80832,1,9,0,18,3,8,0,0,0,0,1,1,6,2,23,5,1388,1,9,-1,1,-1
201501XD80832,2,9,0,18,0,8,0,0,0,0,2,1,6,1,43,7,1794,1,10,-1,-1,-1
201501XD80833,1,1,0,18,0,8,0,0,0,0,1,1,6,1,26,6,-1,-1,-1,-1,1,-1
201501XD80833,2,3,0,7,0,8,0,0,0,0,4,1,6,1,35,6,-1,-1,-1,-1,-1,-1
201501XD80834,1,5,0,3,0,8,0,0,0,0,2,1,6,1,46,8,599,1,1,-1,1,-1
201501XD80834,2,3,0,18,0,1,0,0,0,0,1,1,6,3,-1,-1,-1,-1,-1,-1,-1,-1
201501XD80835,1,19,0,4,0,8,0,0,0,0,2,1,6,1,38,7,2299,2,2,-1,1,-1
201501XD80835,2,9,0,4,0,8,0,0,0,0,2,1,6,1,41,7,1339,1,11,-1,1,-1
201501XD80835,3,19,0,18,0,1,0,0,0,0,1,1,6,1,39,7,2143,2,3,-1,1,-1
201501XD80836,1,4,0,18,0,8,0,0,1,0,2,1,1,1,23,5,125,1,7,-1,1,-1
201501XD80836,2,90,0,13,0,8,0,0,0,0,3,1,6,3,-1,-1,-1,-1,-1,-1,-1,-1
201501XD80837,1,9,0,18,0,0,0,0,0,0,1,1,6,1,27,6,998,1,13,-1,1,-1
201501XD80837,2,9,0,18,0,0,0,0,0,0,1,1,6,1,39,7,1998,1,11,-1,1,-1
201501XD80838,1,9,0,18,0,8,0,0,0,0,1,1,6,1,50,8,1229,1,8,-1,1,-1
201501XD80838,2,9,0,18,0,8,0,0,0,0,1,1,6,1,43,7,1968,2,2,-1,1,-1
201501XD80840,1,1,0,18,0,8,0,0,0,0,2,1,6,1,40,7,-1,-1,-1,-1,1,-1
201501XD80840,2,9,0,7,0,8,0,0,0,0,1,1,6,1,43,7,1386,1,7,-1,1,-1
201501XD80841,1,3,0,18,0,8,0,0,0,0,1,1,6,1,23,5,108,1,6,-1,1,-1
201501XD80841,2,19,0,9,0,8,0,0,0,0,3,1,6,1,34,6,2148,2,8,-1,1,-1
201501XD80842,1,1,0,18,0,8,0,10,3,2,1,1,6,1,40,7,-1,-1,-1,-1,1,-1
201501XD80842,2,9,0,9,0,8,0,0,0,0,4,1,6,1,-1,-1,1596,1,15,-1,1,-1
201501XD80843,1,9,0,18,0,0,0,0,0,0,1,1,6,1,27,6,1398,2,-1,-1,1,-1
201501XD80843,2,19,0,2,0,0,0,0,0,0,2,1,6,1,-1,-1,1870,2,9,-1,1,-1
201501XD80844,1,11,0,18,0,0,0,0,0,0,3,1,1,1,37,7,4500,2,5,-1,1,-1
201501XD80844,2,9,0,18,0,0,0,0,0,0,4,1,6,1,35,6,1598,1,12,-1,1,-1
201501XD80844,3,9,0,18,0,0,0,0,0,0,4,1,6,1,61,9,1997,2,2,-1,1,-1
201501XD80844,4,9,0,18,0,0,0,0,0,0,4,1,6,1,50,8,2148,2,14,-1,1,-1
201501XD80845,1,9,0,18,0,0,0,0,0,0,1,1,2,1,27,6,1198,1,7,-1,1,-1
201501XD80845,2,9,0,12,0,0,1,0,4,6,1,1,2,1,50,8,1997,2,7,-1,-1,-1
201501XD80845,3,20,0,4,0,0,0,0,0,0,1,1,1,1,42,7,-1,-1,-1,-1,1,-1
201501XD80846,1,1,0,15,0,0,0,0,0,0,1,1,2,1,46,8,-1,-1,-1,-1,-1,-1
201501XD80846,2,9,0,7,0,0,0,0,0,0,4,1,2,1,24,5,2000,1,9,-1,1,-1
201501XD80847,1,11,0,16,0,8,0,0,0,0,4,1,1,1,53,8,-1,-1,-1,-1,-1,-1
201501XD80849,1,9,0,3,0,0,0,0,0,0,2,1,1,1,42,7,1794,1,14,-1,1,-1
201501XD80849,2,9,0,4,0,0,0,0,0,0,1,1,2,1,23,5,1229,1,4,-1,1,-1
201501XD80849,3,19,0,4,0,0,0,0,0,0,1,1,2,1,25,5,-1,-1,-1,-1,1,-1
201501XD80852,1,9,0,18,0,8,2,10,0,0,1,1,6,1,17,4,-1,-1,-1,-1,-1,-1
201501XD80853,1,9,0,9,0,8,0,0,0,0,1,1,6,1,42,7,1968,2,6,-1,1,-1
201501XD80854,1,9,0,18,0,0,0,0,0,0,1,1,2,1,62,9,2143,2,5,-1,1,-1
201501XD80855,1,1,0,18,0,0,0,8,0,0,1,1,6,1,56,9,-1,-1,-1,-1,1,-1
201501XD80855,2,9,0,2,0,0,0,0,0,0,3,1,6,2,-1,-1,1590,1,14,-1,1,-1
201501XD80856,1,19,0,5,0,8,0,0,0,0,1,1,1,1,39,7,1996,2,5,-1,1,-1
201501XD80856,2,1,0,18,0,8,0,0,0,0,4,1,2,2,31,6,-1,-1,-1,-1,1,-1
201501XD80857,1,9,0,18,0,8,1,10,0,0,1,1,2,1,26,6,1995,2,10,-1,-1,-1
201501XD80857,2,9,0,18,0,8,0,0,0,0,1,1,2,2,42,7,1248,1,5,-1,1,-1
201501XD80858,1,9,0,4,0,8,0,0,0,0,2,1,1,1,29,6,2987,2,7,-1,-1,-1
201501XD80858,2,9,0,5,0,8,0,0,0,0,1,1,2,1,56,9,1422,2,13,-1,1,-1
201501XD80859,1,19,0,18,0,8,0,0,0,0,4,1,1,1,22,5,1560,2,-1,-1,1,-1
201501XD80859,2,1,0,7,0,8,0,0,0,0,1,1,2,2,38,7,-1,-1,-1,-1,1,-1
201501XD80860,1,9,0,16,0,8,0,0,0,0,1,1,6,1,47,8,1995,2,7,-1,1,-1
201501XD80860,2,9,0,17,0,8,0,0,0,0,1,1,6,1,37,7,-1,-1,-1,-1,1,-1
201501XD80861,1,1,0,18,0,8,0,0,0,0,1,1,6,1,48,8,-1,-1,-1,-1,3,-1
201501XD80861,2,9,0,7,0,8,0,0,0,0,1,1,6,2,-1,-1,1240,1,11,-1,-1,-1
201501XD80863,1,9,0,18,0,8,0,0,0,0,4,1,6,1,20,4,1229,1,-1,-1,1,-1
201501XD80863,2,20,0,12,0,8,0,0,0,0,3,1,6,1,-1,-1,-1,-1,-1,-1,-1,-1
201501XD80864,1,11,0,5,0,2,0,0,0,0,0,1,1,1,45,7,9000,2,4,-1,1,-1
201501XD80865,1,9,0,3,0,0,0,0,0,0,1,1,6,2,37,7,1968,2,1,-1,1,-1
201501XD80865,2,9,0,3,0,0,0,0,0,0,2,1,6,1,23,5,-1,-1,-1,-1,-1,-1
201501XD80865,3,9,0,3,0,0,0,0,0,0,2,1,6,1,-1,-1,-1,-1,-1,-1,-1,-1
201501XD80866,1,9,0,9,0,8,0,0,0,0,3,1,2,1,24,5,-1,-1,-1,-1,1,-1
201501XD80866,2,3,0,18,0,8,0,0,0,0,1,1,1,1,73,10,124,1,13,-1,1,-1
201501XD80867,1,3,0,18,0,8,0,0,1,0,3,1,2,1,43,7,124,1,2,-1,1,-1
201501XD80867,2,9,0,9,0,8,0,0,0,0,1,1,6,3,-1,-1,-1,-1,-1,-1,-1,-1
201501XD80869,1,9,0,18,0,8,5,4,0,0,4,1,6,1,79,11,1997,1,13,-1,1,-1
201501XD80869,2,9,0,2,0,8,0,0,0,0,3,1,4,1,74,10,1498,1,8,-1,1,-1
201501XD80869,3,9,0,2,0,8,0,0,1,0,3,1,6,1,52,8,2350,1,10,-1,1,-1
201501XD80870,1,9,0,4,0,8,0,0,0,0,1,1,6,1,-1,-1,1995,1,9,-1,-1,-1
201501XD80871,1,9,0,18,0,0,0,0,0,0,1,1,2,2,34,6,2996,1,10,-1,-1,-1
201501XD80871,2,9,0,4,0,0,0,0,0,0,2,1,2,2,54,8,1248,2,5,-1,1,-1
201501XD80873,1,9,0,18,0,0,0,0,0,0,2,1,6,1,47,8,999,1,5,-1,1,-1
201501XD80873,2,21,1,12,0,0,0,0,0,0,1,2,1,1,57,9,-1,-1,-1,-1,1,-1
201501XD80874,1,9,0,9,0,8,0,0,0,0,1,1,6,1,39,7,1596,1,15,-1,1,-1
201501XD80874,2,1,0,17,4,8,0,0,0,0,1,1,6,1,34,6,-1,-1,-1,-1,1,-1
201501XD80875,1,1,0,9,0,8,0,0,0,0,1,1,6,1,24,5,-1,-1,-1,-1,1,-1
201501XD80875,2,9,0,18,0,8,0,0,0,0,1,1,6,1,-1,-1,1968,2,2,-1,1,-1
201501XD80876,1,9,0,18,0,0,0,0,0,0,4,1,2,1,47,8,2993,2,7,-1,1,-1
201501XD80876,2,21,0,12,0,0,0,0,0,0,1,1,1,1,-1,-1,11946,2,7,-1,-1,-1
201501XD80877,1,5,0,18,0,8,0,0,0,0,3,1,6,2,32,6,798,1,-1,-1,1,-1
201501XD80877,2,9,0,9,0,8,0,0,0,0,1,1,6,1,27,6,2393,1,10,-1,1,-1
201501XD80878,1,9,0,5,0,8,0,0,0,0,3,1,6,1,26,6,1997,2,9,-1,1,-1
201501XD80878,2,8,0,17,0,8,0,0,0,0,1,1,1,1,-1,-1,1497,8,6,-1,-1,-1
201501XD80879,1,1,0,18,0,8,0,0,0,0,4,1,2,1,28,6,-1,-1,-1,-1,1,-1
201501XD80879,2,9,0,7,0,8,0,0,0,0,1,1,6,1,-1,-1,1339,1,13,-1,-1,-1
201501XD80880,1,9,0,7,0,8,0,0,0,0,4,1,6,3,-1,-1,-1,-1,-1,-1,-1,-1
201501XD80881,1,9,0,18,0,8,0,0,0,0,1,1,6,1,39,7,1598,1,10,-1,1,-1
201501XD80882,1,9,0,9,0,8,0,0,0,0,3,1,2,2,33,6,1896,2,8,-1,1,-1
201501XD80882,2,3,0,13,0,8,0,0,1,0,1,1,6,1,-1,-1,-1,-1,-1,-1,-1,-1
201501XD80883,1,9,0,1,0,0,0,0,0,0,2,1,2,2,-1,-1,2776,2,7,-1,1,-1
201501XD80884,1,90,0,5,0,8,0,0,0,0,3,1,6,2,79,11,-1,-1,-1,-1,-1,-1
201501XD80884,2,9,0,18,0,8,0,0,0,0,1,1,6,1,43,7,1910,2,9,-1,1,-1
201501XD80885,1,19,0,4,0,1,0,0,0,0,2,1,2,1,31,6,2151,2,11,-1,1,-1
201501XD80885,2,9,0,18,0,8,0,0,0,0,1,1,6,1,-1,-1,1994,2,12,-1,-1,-1
201501XD80886,1,8,0,3,0,8,0,0,0,0,2,1,1,1,45,7,1797,8,4,-1,1,-1
201501XD80886,2,19,0,18,0,8,0,0,1,1,1,1,6,1,-1,-1,2151,2,10,-1,-1,-1
201501XD80887,1,9,0,18,0,0,0,0,0,0,2,1,6,2,31,6,1896,2,7,-1,1,-1
201501XD80887,2,9,0,18,0,0,0,0,0,0,1,1,2,1,25,5,1991,2,9,-1,1,-1
201501XD80887,3,9,0,18,0,0,0,0,0,0,2,1,2,2,33,6,2496,2,12,-1,1,-1
201501XD80888,1,5,0,5,0,0,0,0,0,0,0,1,2,1,55,8,984,1,10,-1,1,-1
201501XD80889,1,19,0,3,0,8,0,0,0,0,2,1,1,1,38,7,2299,2,-1,-1,1,-1
201501XD80889,2,9,0,18,0,8,0,0,0,0,1,1,6,2,-1,-1,1198,1,6,-1,-1,-1
201501XD80890,1,9,0,17,0,1,0,0,0,0,4,1,6,1,22,5,998,1,15,-1,1,-1
201501XD80891,1,9,0,18,0,8,0,0,1,0,3,1,6,1,31,6,2967,2,9,-1,1,-1
201501XD80891,2,2,0,18,0,8,0,0,0,0,1,1,1,1,31,6,49,1,8,-1,1,-1
201501XD80894,1,2,0,9,0,8,0,0,0,0,1,1,6,1,19,4,49,1,8,-1,1,-1
201501XD80894,2,9,0,17,0,8,0,0,0,0,1,1,6,1,-1,-1,-1,-1,-1,-1,-1,-1
201501XD80896,1,9,0,3,0,8,0,0,0,0,2,1,1,2,28,6,1360,1,14,-1,1,-1
201501XD80896,2,19,0,18,0,8,0,0,1,0,1,1,6,1,-1,-1,2402,2,12,-1,-1,-1
201501XD80897,1,9,0,9,0,8,0,0,0,0,1,1,6,2,44,7,1794,1,7,-1,1,-1
201501XD80897,2,3,0,18,0,8,0,0,0,0,1,1,6,1,-1,-1,125,1,6,-1,1,-1
201501XD80899,1,11,0,18,0,8,0,0,0,0,0,1,1,1,42,7,9000,2,4,-1,1,-1
201501XD80900,1,2,0,9,0,8,0,0,0,0,1,1,6,1,37,7,49,1,7,-1,1,-1
201501XD80901,1,9,0,12,0,0,0,0,0,0,1,1,6,1,22,5,1598,2,2,-1,1,-1
201501XD80901,2,9,0,18,0,0,0,0,0,0,1,1,6,1,42,7,1229,1,4,-1,1,-1
201501XD80904,1,9,0,9,0,8,0,0,0,0,3,1,2,2,24,5,1242,1,2,-1,1,-1
201501XD80904,2,1,0,18,0,8,0,0,0,0,1,1,6,1,28,6,-1,-1,-1,-1,1,-1
201501XD80905,1,9,0,18,0,8,0,0,0,0,3,1,6,1,31,6,-1,-1,-1,-1,1,-1
201501XD80905,2,9,0,18,0,8,0,0,0,0,1,1,6,1,30,6,1389,1,12,-1,1,-1
201501XD80907,1,8,0,18,0,0,0,0,0,0,1,1,6,1,36,7,1997,2,7,-1,1,-1
201501XD80907,2,9,0,9,0,0,0,0,0,0,2,1,6,1,45,7,-1,-1,-1,-1,1,-1
201501XD80908,1,9,0,18,0,8,0,10,1,2,1,1,6,2,22,5,1985,1,17,-1,1,-1
201501XD80909,1,9,0,17,0,8,0,0,0,0,1,1,6,1,-1,-1,1598,1,8,-1,-1,-1
201501XD80909,2,9,0,17,0,8,0,0,0,0,2,1,1,2,24,5,1390,1,3,-1,3,-1
201501XD80910,1,1,0,14,0,1,0,0,0,0,1,1,6,1,50,8,-1,-1,-1,-1,1,-1
201501XD80910,2,9,0,2,0,8,0,0,0,0,3,1,6,1,43,7,1461,2,1,-1,1,-1
201501XD80911,1,9,0,9,0,8,0,0,0,0,2,1,2,2,47,8,1598,1,10,-1,1,-1
201501XD80911,2,9,0,18,0,8,0,0,0,0,1,1,6,1,-1,-1,-1,-1,-1,-1,1,-1
201501XD80913,1,9,0,14,0,8,0,0,0,0,4,1,6,1,43,7,1999,2,8,-1,1,-1
201501XD80914,1,9,0,9,0,8,0,0,0,0,1,1,6,1,70,10,-1,-1,-1,-1,1,-1
201501XD80915,1,11,0,2,0,8,0,0,0,0,2,1,1,1,24,5,4500,2,8,-1,1,-1
201501XD80915,2,11,0,18,0,8,0,0,0,0,1,1,1,3,-1,-1,-1,-1,-1,-1,-1,-1
201501XD80915,3,5,0,18,0,8,0,0,0,0,1,1,6,1,25,5,1000,1,6,-1,1,-1
201501XD80919,1,9,0,3,0,8,0,0,0,0,2,1,1,1,27,6,973,1,17,-1,1,-1
201501XD80919,2,9,0,18,0,8,0,0,0,0,1,1,6,1,-1,-1,1229,1,10,-1,-1,-1
201501XD80920,1,20,0,11,0,0,0,0,0,0,4,1,1,1,56,9,12900,2,8,-1,1,-1
201501XD80920,2,9,0,18,0,0,0,0,0,0,3,1,2,1,53,8,998,1,11,-1,1,-1
201501XD80920,3,9,0,18,0,0,0,0,0,0,0,1,2,1,43,7,1124,1,12,-1,1,-1
201501XD80921,1,9,0,18,0,8,0,10,3,4,4,1,6,1,25,5,1229,1,10,-1,1,-1
201501XD80921,2,9,0,18,0,8,0,0,1,0,1,1,6,1,44,7,1991,2,10,-1,1,-1
201501XD80923,1,9,0,18,0,8,0,0,0,0,3,1,1,1,33,6,1753,2,6,-1,1,-1
201501XD80923,2,9,0,9,0,8,0,0,0,0,1,1,6,1,67,10,-1,-1,-1,-1,1,-1
201501XD80924,1,9,0,4,0,8,0,0,1,0,2,1,6,1,33,6,1998,2,9,-1,1,-1
201501XD80924,2,8,0,18,0,8,0,0,1,0,1,2,1,1,47,8,1560,2,4,-1,1,-1
201501XD80926,1,9,0,18,0,8,0,0,0,0,1,1,6,2,35,6,1461,2,8,-1,1,-1
201501XD80926,2,11,0,3,0,8,0,0,0,0,4,1,6,1,-1,-1,9000,2,7,-1,-1,-1
201501XD80927,1,9,0,11,0,0,0,10,0,0,1,1,6,3,-1,-1,-1,-1,-1,-1,-1,-1
201501XD80928,1,9,0,18,0,8,0,0,0,0,1,1,6,2,51,8,1796,1,12,-1,1,-1
201501XD80928,2,9,0,9,0,8,0,0,0,0,1,1,6,1,31,6,2143,2,6,-1,1,-1
201501XD80929,1,1,0,18,4,1,0,0,0,0,1,1,1,1,31,6,-1,-1,-1,-1,1,-1
201501XD80929,2,19,0,9,0,1,0,0,0,0,4,1,1,1,39,7,1896,2,11,-1,1,-1
201501XD80930,1,3,0,3,0,8,0,0,0,0,2,1,6,1,32,6,125,1,-1,-1,1,-1
201501XD80930,2,9,0,3,0,8,0,0,0,0,2,1,6,1,30,6,1124,1,8,-1,1,-1
201501XD80930,3,9,0,4,0,8,0,0,1,0,1,1,6,2,52,8,1598,1,1,-1,1,-1
201501XD80931,1,9,0,18,0,0,0,4,0,0,1,1,6,1,60,9,1798,1,-1,-1,-1,-1
201501XD80931,2,9,0,2,0,0,0,0,0,0,2,1,6,1,44,7,1560,2,3,-1,1,-1
201501XD80931,3,9,0,2,0,0,0,0,0,0,2,1,6,1,60,9,2993,2,3,-1,-1,-1
201501XD80931,4,9,0,2,0,0,0,0,0,0,3,1,6,1,72,10,1798,1,3,-1,-1,-1
201501XD80931,5,9,0,2,0,0,0,0,0,0,3,1,6,1,39,7,1797,8,4,-1,1,-1
201501XD80932,1,9,0,9,0,8,0,0,0,0,4,1,6,2,25,5,1360,1,11,-1,1,-1
201501XD80932,2,1,0,18,0,8,0,0,0,0,1,1,6,1,44,7,-1,-1,-1,-1,1,-1
201501XD80933,1,9,0,1,0,1,0,0,0,0,2,1,6,2,74,10,973,1,15,-1,1,-1
201501XD80933,2,9,0,16,0,1,0,0,0,0,1,1,6,2,23,5,1198,1,10,-1,1,-1
201501XD80934,1,9,0,18,0,8,0,0,0,0,4,1,2,2,28,6,1598,2,4,-1,1,-1
201501XD80934,2,9,0,1,0,8,0,0,0,0,4,1,6,2,49,8,-1,-1,-1,-1,-1,-1
201501XD80935,1,9,0,4,0,0,0,0,0,0,4,1,1,1,30,6,1598,1,10,-1,1,-1
201501XD80935,2,1,0,15,0,0,0,0,0,0,1,1,2,1,32,6,-1,-1,-1,-1,1,-1
201501XD80936,1,3,0,18,0,8,0,0,0,0,1,1,6,1,22,5,108,1,-1,-1,1,-1
201501XD80936,2,9,0,9,0,8,0,0,0,0,1,1,6,1,25,5,1995,2,1,-1,-1,-1
201501XD80938,1,2,0,9,0,8,0,0,1,0,1,1,1,1,34,6,-1,-1,-1,-1,1,-1
201501XD80940,1,21,1,18,0,0,0,0,0,0,4,1,1,1,60,9,10837,2,-1,-1,3,-1
201501XD80940,2,8,0,11,0,0,1,0,1,0,3,1,1,1,37,7,-1,-1,-1,-1,1,-1
201501XD80941,1,3,0,14,0,0,0,0,0,0,1,1,2,1,26,6,998,1,6,-1,1,-1
201501XD80941,2,9,0,9,0,0,0,0,0,0,3,1,1,1,-1,-1,1956,2,3,-1,-1,-1
201501XD80942,1,9,0,3,0,2,0,0,0,0,2,1,6,1,-1,-1,1896,2,14,-1,1,-1
201501XD80942,2,9,0,18,0,2,0,0,0,0,1,1,6,1,-1,-1,-1,-1,-1,-1,-1,-1
201501XD80943,1,8,0,16,0,8,0,0,0,0,3,1,1,1,35,6,1796,1,13,-1,1,-1
201501XD80943,2,8,0,16,0,8,0,0,0,0,1,1,1,1,-1,-1,-1,-1,-1,-1,-1,-1
201501XD80944,1,19,0,16,0,8,0,0,0,0,2,1,1,1,38,7,1968,2,2,-1,1,-1
201501XD80944,2,9,0,5,0,8,0,0,0,0,1,1,1,1,40,7,-1,-1,-1,-1,-1,-1
201501XD80945,1,4,0,18,0,8,0,0,0,0,1,1,6,3,-1,-1,-1,-1,-1,-1,-1,-1
201501XD80946,1,2,0,11,0,8,0,0,0,0,0,1,1,1,20,4,125,1,6,-1,1,-1
201501XD80948,1,9,0,18,0,0,0,0,0,0,4,1,6,3,-1,-1,1796,1,5,-1,-1,-1
201501XD80949,1,5,0,18,0,8,0,0,0,0,1,1,6,1,56,9,599,1,15,-1,1,-1
201501XD80949,2,9,0,9,0,8,0,0,0,0,3,1,6,1,27,6,1560,2,3,-1,1,-1
201501XD80949,3,9,0,10,0,8,0,0,0,0,1,1,6,1,32,6,-1,-1,-1,-1,1,-1
201501XD80951,1,21,0,18,0,0,0,0,0,0,1,1,1,2,45,7,11967,2,5,-1,1,-1
201501XD80952,1,9,0,18,0,8,0,0,0,0,1,1,6,3,-1,-1,-1,-1,-1,-1,-1,-1
201501XD80953,1,9,0,18,0,0,0,4,0,0,4,1,6,2,20,4,999,1,-1,-1,1,-1
201501XD80953,2,9,0,2,0,0,0,0,0,0,3,1,6,2,38,7,3456,8,-1,-1,1,-1
201501XD80953,3,9,0,2,0,0,0,0,0,0,3,1,6,2,-1,-1,1242,1,12,-1,1,-1
201501XD80954,1,9,0,11,0,0,0,0,1,1,1,1,2,1,31,6,1364,1,10,-1,1,-1
201501XD80955,1,8,0,18,0,8,0,0,0,0,4,1,6,1,50,8,1797,8,4,-1,1,-1
201501XD80955,2,9,0,18,0,8,0,0,0,0,1,1,6,3,-1,-1,1388,1,2,-1,-1,-1
201501XD80956,1,9,0,18,0,0,0,7,0,0,1,1,6,1,25,5,1968,1,9,-1,1,-1
201501XD80956,2,9,0,2,0,0,0,0,0,0,2,1,6,1,-1,-1,1199,1,13,-1,1,-1
201501XD80956,3,9,0,18,0,0,0,0,0,0,3,1,6,1,-1,-1,1910,2,9,-1,1,-1
201501XD80956,4,9,0,2,0,0,0,0,0,0,1,1,6,1,-1,-1,1896,2,14,-1,1,-1
201501XD80957,1,8,0,3,0,8,0,0,1,0,2,1,1,1,46,8,1896,2,11,-1,1,-1
201501XD80957,2,9,0,18,0,8,0,0,0,0,1,1,6,1,-1,-1,1796,1,15,-1,-1,-1
201501XD80958,1,11,0,3,0,2,0,0,0,0,0,1,1,3,-1,-1,7300,2,10,-1,-1,-1
201501XD80959,1,9,0,7,0,8,0,0,0,0,1,1,1,1,48,8,-1,-1,-1,-1,1,-1
201501XD80959,2,9,0,18,0,8,1,0,0,0,4,1,1,1,49,8,1590,1,15,-1,1,-1
201501XD80960,1,9,0,18,0,0,0,0,0,0,4,1,2,1,33,6,5462,1,8,-1,1,-1
201501XD80962,1,1,0,18,0,8,0,0,0,0,1,1,6,1,39,7,-1,-1,-1,-1,1,-1
201501XD80962,2,9,0,9,0,8,0,0,0,0,1,1,6,1,-1,-1,1399,2,7,-1,-1,-1
201501XD80963,1,9,0,18,0,0,0,0,0,0,1,1,2,1,27,6,2720,2,8,-1,1,-1
201501XD80964,1,9,0,7,0,8,0,0,0,0,1,1,6,1,75,10,1597,1,19,-1,1,-1
201501XD80965,1,1,0,14,0,0,0,4,0,0,1,1,2,2,28,6,-1,-1,-1,-1,1,-1
201501XD80965,2,9,0,2,0,0,0,0,0,0,3,1,6,1,-1,-1,4973,1,17,-1,-1,-1
201501XD80966,1,9,0,9,0,8,0,0,0,0,1,1,6,1,41,7,2231,2,7,-1,1,-1
201501XD80967,1,9,0,18,0,1,0,0,0,0,1,1,6,2,52,8,1968,1,9,-1,1,-1
201501XD80967,2,9,0,18,0,2,0,0,0,0,3,1,6,1,50,8,1995,1,12,-1,1,-1
201501XD80967,3,19,0,18,0,1,0,0,0,0,3,1,6,1,25,5,2198,2,1,-1,1,-1
201501XD80967,4,9,0,9,0,8,0,0,0,0,1,1,6,1,-1,-1,1000,1,1,-1,-1,-1
201501XD80968,1,9,0,13,0,2,0,0,0,0,3,1,6,1,25,5,1229,1,4,-1,1,-1
201501XD80968,2,3,0,13,0,2,0,0,0,0,4,1,6,1,35,6,109,1,3,-1,1,-1