Accident_Index,Vehicle_Reference,Vehicle_Type,Towing_and_Articulation,Vehicle_Manoeuvre,Vehicle_Location-Restricted_Lane,Junction_Location,Skidding_and_Overturning,Hit_Object_in_Carriageway,Vehicle_Leaving_Carriageway,Hit_Object_off_Carriageway,1st_Point_of_Impact,Was_Vehicle_Left_Hand_Drive?,Journey_Purpose_of_Driver,Sex_of_Driver,Age_of_Driver,Age_Band_of_Driver,Engine_Capacity_(CC),Propulsion_Code,Age_of_Vehicle,Driver_IMD_Decile,Driver_Home_Area_Type,Vehicle_IMD_Decile
201501XD80969,1,1,0,18,0,8,0,0,0,0,3,1,6,1,-1,-1,-1,-1,-1,-1,-1,-1
201501XD80970,1,9,0,3,0,8,0,0,1,0,2,1,2,2,41,7,-1,-1,-1,-1,1,-1
201501XD80970,2,9,0,3,0,8,0,0,0,0,1,1,6,2,-1,-1,3628,2,7,-1,-1,-1
201501XD80970,3,9,0,18,0,8,0,0,0,0,1,1,6,3,-1,-1,-1,-1,-1,-1,-1,-1
201501XD80972,1,9,0,18,0,0,0,0,0,0,1,1,6,3,-1,-1,-1,-1,-1,-1,-1,-1
201501XD80973,1,9,0,10,0,8,0,0,0,0,1,1,6,1,38,7,1339,1,10,-1,1,-1
201501XD80973,2,1,0,9,0,8,0,0,0,0,1,1,6,1,20,4,-1,-1,-1,-1,1,-1
201501XD80974,1,9,0,9,0,0,0,0,0,0,3,1,6,2,58,9,1769,1,12,-1,1,-1
201501XD80974,2,9,0,18,0,0,0,0,0,0,2,1,6,1,46,8,1392,1,17,-1,1,-1
201501XD80974,3,9,0,2,0,0,0,0,0,0,1,1,6,1,29,6,-1,-1,-1,-1,1,-1
201501XD80974,4,4,0,2,0,0,0,0,0,0,1,1,6,1,40,7,-1,-1,-1,-1,-1,-1
201501XD80975,1,19,0,6,0,8,0,0,0,0,2,1,1,1,59,9,1560,2,-1,-1,1,-1
201501XD80975,2,1,0,16,0,8,0,0,0,0,1,1,6,1,25,5,-1,-1,-1,-1,1,-1
201501XD80976,1,9,0,18,0,0,0,0,0,0,1,1,6,1,73,10,1596,1,6,-1,1,-1
201501XD80976,2,9,0,4,0,0,0,0,0,0,2,1,6,1,43,7,1689,2,15,-1,-1,-1
201501XD80978,1,9,0,12,0,0,0,0,0,0,3,1,6,1,25,5,1995,1,4,-1,1,-1
201501XD80978,2,2,0,18,0,0,0,0,0,0,1,1,6,1,24,5,49,1,14,-1,1,-1
201501XD80979,1,9,0,12,0,0,0,0,0,0,1,1,6,1,47,8,1796,1,12,-1,1,-1
201501XD80979,2,1,0,18,0,0,0,0,0,0,4,1,6,1,-1,-1,-1,-1,-1,-1,1,-1
201501XD80980,1,1,0,18,0,8,0,0,0,0,4,1,6,1,27,6,-1,-1,-1,-1,1,-1
201501XD80980,2,9,0,18,0,8,0,0,0,0,1,1,6,3,-1,-1,-1,-1,-1,-1,-1,-1
201501XD80981,1,5,0,18,0,0,1,0,0,0,1,1,2,1,56,9,1157,1,9,-1,1,-1
201501XD80981,2,9,0,18,0,0,0,0,0,0,1,1,3,2,50,8,2143,2,4,-1,1,-1
201501XD80981,3,11,0,18,0,0,0,0,0,0,0,1,1,3,-1,-1,-1,-1,-1,-1,-1,-1
201501XD80982,1,9,0,11,0,8,0,0,0,0,4,1,6,1,18,4,1390,1,3,-1,1,-1
201501XD80982,2,3,0,18,0,8,0,0,0,0,3,1,6,1,25,5,125,1,8,-1,1,-1
201501XD80985,1,9,0,5,0,8,0,0,0,0,2,1,2,1,53,8,1997,2,13,-1,1,-1
201501XD80985,2,9,0,18,0,8,1,0,0,0,1,1,6,1,-1,-1,1984,1,5,-1,-1,-1
201501XD80986,1,3,0,10,0,8,0,0,0,0,1,1,6,1,-1,-1,346,1,8,-1,1,-1
201501XD80986,2,9,0,18,0,8,0,0,0,0,0,1,6,1,-1,-1,-1,-1,-1,-1,-1,-1
201501XD80987,1,1,0,18,0,2,0,0,0,0,1,1,6,1,-1,-1,-1,-1,-1,-1,-1,-1
201501XD80988,1,1,0,18,0,8,0,0,0,0,4,1,2,1,50,8,-1,-1,-1,-1,-1,-1
201501XD80988,2,9,0,9,0,8,0,0,1,0,1,1,6,3,-1,-1,-1,-1,-1,-1,-1,-1
201501XD80989,1,9,0,7,0,8,0,0,0,0,4,1,6,2,28,6,1995,2,7,-1,1,-1
201501XD80989,2,11,0,18,0,8,0,0,0,0,1,1,1,1,52,8,7300,2,13,-1,1,-1
201501XD80990,1,1,0,14,0,0,0,4,0,0,4,1,2,1,34,6,-1,-1,-1,-1,1,-1
201501XD80990,2,9,0,2,0,0,0,0,0,0,3,1,6,3,-1,-1,-1,-1,-1,-1,-1,-1
201501XD80991,1,9,0,18,0,8,0,0,0,0,2,1,6,2,56,9,1995,2,1,-1,3,-1
201501XD80991,2,8,0,18,0,8,0,0,0,0,1,1,6,1,30,6,1797,8,5,-1,1,-1
201501XD80992,1,9,0,18,0,0,0,0,0,0,2,1,6,2,34,6,1986,2,8,-1,1,-1
201501XD80992,2,9,0,18,0,0,0,0,0,0,1,1,6,1,63,9,2987,2,3,-1,3,-1
201501XD80993,1,9,0,18,0,8,0,0,0,0,2,1,6,1,53,8,1796,1,16,-1,1,-1
201501XD80993,2,9,0,18,0,8,0,0,0,0,1,1,6,1,22,5,1596,1,13,-1,1,-1
201501XD80994,1,11,0,5,0,0,0,0,0,0,1,1,1,1,-1,-1,9360,2,5,-1,-1,-1
201501XD80995,1,9,0,2,0,8,0,0,0,0,2,1,1,1,23,5,-1,-1,-1,-1,1,-1
201501XD80995,2,9,0,18,0,8,0,4,0,0,1,1,6,1,29,6,1998,1,-1,-1,1,-1
201501XD80995,3,9,0,2,0,8,0,0,0,0,3,1,6,2,35,6,1590,1,12,-1,1,-1
201501XD80997,1,3,0,14,0,8,0,0,0,0,1,1,6,1,20,4,102,1,9,-1,1,-1
201501XD80998,1,9,0,12,0,0,0,0,0,0,0,1,6,1,36,7,2199,2,-1,-1,1,-1
201501XD80998,2,9,0,4,0,0,0,0,0,0,1,1,6,1,34,6,-1,-1,-1,-1,1,-1
201501XD80999,1,11,0,18,0,0,0,0,0,0,3,1,6,1,31,6,6700,2,3,-1,1,-1
201501XD81000,1,9,0,18,0,0,0,0,0,0,1,1,6,3,-1,-1,-1,-1,-1,-1,-1,-1
201501XD81001,1,9,0,3,0,0,0,0,0,0,4,1,6,1,32,6,1240,1,5,-1,1,-1
201501XD81001,2,1,0,18,0,0,0,8,0,0,1,1,6,2,49,8,-1,-1,-1,-1,1,-1
201501XD81002,1,9,0,9,0,8,0,0,0,0,1,1,6,2,34,6,1390,1,4,-1,1,-1
201501XD81002,2,5,0,18,0,8,0,0,0,0,1,1,6,1,32,6,689,1,-1,-1,1,-1
201501XD81003,1,1,0,18,0,8,0,0,0,0,1,1,6,1,41,7,-1,-1,-1,-1,1,-1
201501XD81003,2,9,0,7,0,8,0,0,0,0,4,1,6,3,-1,-1,-1,-1,-1,-1,-1,-1
201501XD81004,1,9,0,16,0,8,0,0,0,0,1,1,6,1,42,7,1799,1,9,-1,1,-1
201501XD81004,2,9,0,16,0,8,0,0,0,0,2,1,6,1,54,8,1390,1,5,-1,1,-1
201501XD81004,3,9,0,16,0,8,0,0,0,0,2,1,6,1,51,8,1390,1,6,-1,1,-1
201501XD81005,1,9,0,18,0,8,0,0,0,0,1,1,6,2,56,9,998,1,19,-1,1,-1
201501XD81005,2,1,0,18,0,8,0,0,0,0,3,1,6,1,35,6,-1,-1,-1,-1,1,-1
201501XD81006,1,11,0,5,0,1,0,0,0,0,0,1,1,1,55,8,7300,2,13,-1,1,-1
201501XD81007,1,9,0,4,0,8,0,0,0,0,1,1,6,1,61,9,1197,1,-1,-1,1,-1
201501XD81007,2,9,0,9,0,8,0,0,0,0,2,1,6,1,30,6,1590,1,14,-1,1,-1
201501XD81007,3,9,0,18,0,8,0,0,0,0,1,1,6,3,-1,-1,-1,-1,-1,-1,-1,-1
201501XD81008,1,21,0,11,0,0,0,0,0,0,4,1,1,1,46,8,12740,2,4,-1,1,-1
201501XD81008,2,9,0,18,0,0,0,0,0,0,3,1,6,2,30,6,1399,2,7,-1,1,-1
201501XD81009,1,9,0,18,0,8,0,0,0,0,1,1,1,1,20,4,1598,1,12,-1,1,-1
201501XD81009,2,9,0,9,0,8,0,0,0,0,4,1,6,2,63,9,1598,1,13,-1,1,-1
201501XD81010,1,19,0,14,0,8,0,0,0,0,1,1,1,1,33,6,1248,2,7,-1,1,-1
201501XD81011,1,9,0,17,0,8,0,0,0,0,4,1,6,1,44,7,1994,1,16,-1,1,-1
201501XD81012,1,9,0,18,0,8,0,0,1,0,3,1,6,1,22,5,1229,1,10,-1,1,-1
201501XD81012,2,9,0,18,0,8,0,0,0,0,1,1,6,1,-1,-1,-1,-1,-1,-1,-1,-1
201501XD81013,1,3,0,18,0,0,0,0,0,0,1,1,6,1,25,5,125,1,10,-1,1,-1
201501XD81013,2,9,0,18,0,0,0,0,0,0,1,1,6,1,50,8,1685,2,2,-1,1,-1
201501XD81014,1,9,0,18,0,8,0,0,0,0,1,1,6,2,50,8,1998,1,18,-1,1,-1
201501XD81014,2,9,0,9,0,8,0,0,0,0,1,1,6,2,39,7,1598,1,4,-1,1,-1
201501XD81014,3,9,0,9,0,8,0,0,0,0,3,1,6,1,-1,-1,-1,-1,-1,-1,1,-1
201501XD81015,1,9,0,7,0,8,0,0,0,0,1,1,6,1,46,8,2143,2,4,-1,1,-1
201501XD81015,2,9,0,8,0,8,0,0,0,0,1,1,6,1,20,4,1242,1,10,-1,1,-1
201501XD81016,1,5,0,18,0,8,0,0,0,0,1,1,6,1,20,4,200,1,5,-1,1,-1
201501XD81016,2,19,0,9,0,8,0,0,0,0,4,1,6,1,62,9,2198,2,-1,-1,1,-1
201501XD81017,1,9,0,3,0,0,0,0,0,0,2,1,6,2,61,9,1599,1,8,-1,1,-1
201501XD81017,2,21,0,18,0,0,0,0,0,0,1,1,1,1,-1,-1,10837,2,-1,-1,1,-1
201501XD81018,1,9,0,16,0,8,0,0,0,0,3,1,6,1,59,9,1781,1,11,-1,1,-1
201501XD81018,2,9,0,18,0,8,0,0,0,0,1,1,6,3,-1,-1,1242,1,14,-1,-1,-1
201501XD81019,1,11,0,3,0,8,0,0,0,0,2,1,1,1,54,8,9360,2,6,-1,1,-1
201501XD81019,2,9,0,18,0,8,0,0,0,0,1,1,6,2,78,11,1596,1,14,-1,1,-1
201501XD81020,1,9,0,9,0,8,0,0,0,0,3,1,6,1,56,9,-1,-1,-1,-1,1,-1
201501XD81020,2,9,0,18,0,8,0,0,0,0,1,1,6,1,38,7,1796,1,12,-1,1,-1
201501XD81021,1,1,0,18,0,8,0,0,0,0,3,1,6,1,47,8,-1,-1,-1,-1,1,-1
201501XD81021,2,9,0,18,0,8,0,0,0,0,3,1,6,3,-1,-1,1985,1,16,-1,-1,-1
201501XD81022,1,9,0,9,0,8,0,0,0,0,4,1,6,1,57,9,1796,1,8,-1,1,-1
201501XD81022,2,11,0,18,0,8,0,0,0,0,1,1,1,1,-1,-1,4500,2,5,-1,-1,-1
201501XD81023,1,9,0,16,0,8,0,0,0,0,3,1,6,2,43,7,1397,1,11,-1,1,-1
201501XD81023,2,21,0,7,0,8,0,0,0,0,4,1,1,1,-1,-1,12902,2,-1,-1,-1,-1
201501XD81025,1,9,0,4,0,0,0,0,1,0,2,1,6,2,55,8,1995,1,8,-1,1,-1
201501XD81025,2,9,0,4,0,0,0,0,0,0,1,1,6,2,33,6,1497,8,1,-1,1,-1
201501XD81026,1,9,0,18,0,8,0,0,0,0,3,1,6,2,35,6,1199,1,12,-1,1,-1
201501XD81026,2,11,0,18,0,8,0,0,0,0,1,1,6,1,37,7,4250,2,12,-1,1,-1
201501XD81027,1,9,0,18,0,8,0,0,0,0,1,1,6,3,-1,-1,-1,-1,-1,-1,-1,-1
201501XD81028,1,9,0,9,0,8,0,0,0,0,1,1,6,1,33,6,-1,-1,-1,-1,1,-1
201501XD81028,2,5,0,18,0,8,0,0,0,0,1,1,6,1,-1,-1,125,1,3,-1,1,-1
201501XD81029,1,9,0,18,0,8,0,0,0,0,4,1,6,1,56,9,5204,1,6,-1,1,-1
201501XD81029,2,9,0,18,0,8,0,10,3,4,1,1,6,1,42,7,-1,-1,-1,-1,1,-1
201501XD81029,3,9,0,9,0,8,0,0,0,0,1,1,6,3,-1,-1,1796,1,14,-1,-1,-1
201501XD81030,1,9,0,18,0,0,0,0,0,0,3,1,6,1,30,6,1598,1,4,-1,1,-1
201501XD81030,2,9,0,18,0,0,0,0,0,0,3,1,1,1,21,5,2000,2,10,-1,1,-1
201501XD81032,1,9,0,9,0,8,0,0,0,0,2,1,6,1,44,7,799,2,4,-1,1,-1
201501XD81032,2,9,0,9,0,8,0,0,0,0,1,1,6,1,25,5,-1,-1,-1,-1,1,-1
201501XD81033,1,9,0,7,0,8,0,0,0,0,1,1,6,3,-1,-1,-1,-1,-1,-1,-1,-1
201501XD81034,1,9,0,6,0,0,0,0,0,0,3,1,6,1,33,6,1598,1,8,-1,-1,-1
201501XD81034,2,3,0,18,0,0,0,0,0,0,1,1,6,1,43,7,125,1,13,-1,1,-1
201501XD81035,1,9,0,9,0,8,0,0,0,0,2,1,6,1,82,11,1699,1,7,-1,1,-1
201501XD81035,2,5,0,9,0,8,0,0,0,0,1,1,6,1,31,6,883,1,21,-1,1,-1
201501XD81036,1,3,0,16,0,8,0,0,0,0,1,1,6,1,25,5,124,1,8,-1,1,-1
201501XD81036,2,19,0,9,0,8,0,0,0,0,3,1,6,1,57,9,2198,2,-1,-1,1,-1
201501XD81037,1,3,0,9,0,0,0,0,0,0,1,1,2,1,34,6,125,1,-1,-1,1,-1
201501XD81037,2,9,0,18,0,0,0,0,0,0,1,1,2,1,40,7,1461,2,5,-1,1,-1
201501XD81038,1,9,0,12,0,8,0,0,0,0,3,1,6,2,27,6,3311,8,9,-1,1,-1
201501XD81038,2,9,0,11,0,8,0,0,0,0,4,1,6,1,28,6,1781,1,14,-1,1,-1
201501XD81040,1,9,0,9,0,8,0,0,0,0,1,1,6,1,29,6,4398,1,11,-1,1,-1
201501XD81040,2,9,0,18,0,8,0,0,0,0,3,1,6,2,42,7,1995,1,8,-1,1,-1
201501XD81041,1,9,0,10,0,8,0,0,0,0,1,1,6,1,33,6,1968,2,1,-1,1,-1
201501XD81041,2,9,0,1,0,8,0,0,0,0,2,1,6,1,-1,-1,1360,1,11,-1,-1,-1
201501XD81043,1,21,0,18,0,0,0,0,0,0,4,1,1,1,59,9,11120,2,1,-1,1,-1
201501XD81044,1,9,0,9,0,8,0,0,0,0,4,1,6,1,31,6,2497,1,10,-1,1,-1
201501XD81044,2,9,0,18,0,8,0,0,0,0,1,1,6,1,-1,-1,2993,2,8,-1,1,-1
201501XD81045,1,9,0,18,0,8,0,0,0,0,1,1,6,2,48,8,1796,1,20,-1,1,-1
201501XD81046,1,8,0,18,0,8,0,0,0,0,0,1,6,1,51,8,2664,2,15,-1,-1,-1
201501XD81047,1,1,0,15,5,0,0,0,0,0,1,1,6,1,-1,-1,-1,-1,-1,-1,-1,-1
201501XD81049,1,9,0,6,0,2,0,0,0,0,1,1,6,1,77,11,1560,2,5,-1,1,-1
201501XD81050,1,1,0,18,0,8,0,0,0,0,4,1,6,1,66,10,-1,-1,-1,-1,1,-1
201501XD81051,1,19,0,11,0,0,0,0,0,0,4,1,6,2,38,7,2463,2,10,-1,3,-1
201501XD81051,2,3,0,13,0,0,0,0,0,0,1,1,6,1,24,5,124,1,1,-1,1,-1
201501XD81052,1,1,0,18,0,8,0,0,0,0,3,1,2,2,27,6,-1,-1,-1,-1,1,-1
201501XD81052,2,9,0,7,0,8,0,0,0,0,1,1,6,1,-1,-1,-1,-1,-1,-1,-1,-1
201501XD81053,1,9,0,7,0,8,0,0,0,0,4,1,6,2,50,8,1339,1,5,-1,1,-1
201501XD81053,2,9,0,18,0,8,0,0,0,0,1,1,6,1,-1,-1,1395,1,2,-1,-1,-1
201501XD81054,1,9,0,18,0,0,0,0,0,0,1,1,6,1,-1,-1,1272,1,23,-1,-1,-1
201501XD81055,1,3,0,18,0,0,0,0,0,0,1,1,6,2,36,7,125,1,1,-1,1,-1
201501XD81055,2,19,0,18,0,0,0,0,0,0,2,1,6,1,33,6,2143,2,6,-1,1,-1
201501XD81056,1,9,0,9,0,8,0,0,0,0,1,1,6,1,35,6,1588,1,15,-1,1,-1
201501XD81057,1,19,0,18,0,0,0,0,0,0,1,1,6,1,31,6,1598,2,4,-1,1,-1
201501XD81057,2,9,0,18,0,0,0,0,0,0,2,1,6,2,23,5,1598,1,4,-1,1,-1
201501XD81058,1,9,0,17,0,8,0,0,0,0,2,1,6,2,39,7,1596,1,10,-1,1,-1
201501XD81058,2,9,0,17,0,8,0,0,0,0,1,1,6,2,-1,-1,998,1,10,-1,-1,-1
201501XD81060,1,9,0,3,0,8,0,0,0,0,1,1,6,2,37,7,1794,1,12,-1,1,-1
201501XD81060,2,9,0,18,0,8,0,0,0,0,1,1,6,1,-1,-1,1956,2,1,-1,-1,-1
201501XD81061,1,9,0,10,0,8,0,0,0,0,2,1,6,1,49,8,1984,1,10,-1,1,-1
201501XD81061,2,9,0,17,0,8,0,0,0,0,1,1,6,2,29,6,-1,-1,-1,-1,1,-1
201501XD81062,1,9,0,10,0,8,0,0,0,0,2,1,6,2,47,8,1995,2,11,-1,1,-1
201501XD81062,2,19,0,9,0,8,0,0,0,0,1,1,1,1,-1,-1,2143,2,-1,-1,-1,-1
201501XD81063,1,9,0,18,0,0,0,0,0,0,3,1,6,2,27,6,-1,-1,-1,-1,2,-1
201501XD81063,2,9,0,18,0,0,0,0,0,0,1,1,6,1,20,4,-1,-1,-1,-1,1,-1
201501XD81063,3,9,0,18,0,0,0,0,0,0,4,1,1,1,-1,-1,-1,-1,-1,-1,-1,-1
201501XD81063,4,9,0,18,0,0,0,0,0,0,1,1,6,1,-1,-1,6208,1,9,-1,-1,-1
201501XD81064,1,9,0,18,0,8,0,0,0,0,1,1,6,1,54,8,1275,1,21,-1,1,-1
201501XD81064,2,19,0,3,0,8,0,0,0,0,2,1,1,1,62,9,2148,2,8,-1,1,-1
201501XD81065,1,3,0,13,0,1,0,0,0,0,1,1,6,1,28,6,124,1,-1,-1,1,-1
201501XD81066,1,9,0,9,0,8,0,0,0,0,1,1,6,1,70,10,1299,1,8,-1,-1,-1
201501XD81067,1,9,0,16,0,8,0,0,0,0,4,1,6,1,23,5,1298,1,13,-1,1,-1
201501XD81067,2,1,0,16,0,8,0,0,0,0,1,1,6,1,49,8,-1,-1,-1,-1,1,-1
201501XD81068,1,9,0,18,0,2,0,0,0,0,3,1,6,1,48,8,1968,2,3,-1,1,-1
201501XD81068,2,20,0,18,0,8,0,0,0,0,4,1,6,1,-1,-1,-1,-1,-1,-1,1,-1
201501XD81069,1,9,0,9,0,8,0,0,0,0,3,1,6,1,29,6,1299,1,12,-1,1,-1
201501XD81069,2,3,0,18,0,8,0,0,0,0,1,1,6,1,17,4,-1,-1,-1,-1,1,-1
201501XD81071,1,9,0,17,0,8,0,0,0,0,3,1,6,1,31,6,1968,2,3,-1,1,-1
201501XD81071,2,9,0,7,0,8,0,0,0,0,1,1,6,3,-1,-1,999,1,1,-1,-1,-1
201501XD81072,1,9,0,18,0,0,0,0,0,0,3,1,6,1,72,10,-1,-1,-1,-1,1,-1
201501XD81072,2,9,0,11,0,0,0,0,0,0,4,1,6,1,31,6,1968,2,6,-1,1,-1
201501XD81073,1,5,0,18,0,8,0,0,0,0,1,1,6,1,43,7,470,1,1,-1,1,-1
201501XD81073,2,19,0,18,0,8,0,0,0,0,1,1,6,1,39,7,1997,2,10,-1,1,-1
201501XD81074,1,9,0,9,0,8,0,0,0,0,1,1,6,1,24,5,1198,1,11,-1,1,-1
201501XD81074,2,3,0,18,0,8,0,0,0,0,1,1,6,1,32,6,108,1,1,-1,1,-1
201501XD81076,1,9,0,9,0,8,0,0,0,0,1,1,6,1,46,8,1896,2,7,-1,1,-1
201501XD81076,2,1,0,15,0,8,0,0,0,0,1,1,6,1,30,6,-1,-1,-1,-1,1,-1
201501XD81077,1,3,0,18,0,8,0,0,0,0,1,1,6,1,20,4,-1,-1,-1,-1,1,-1
201501XD81077,2,9,0,9,0,8,0,0,0,0,1,1,6,1,-1,-1,1560,2,3,-1,-1,-1
201501XD81078,1,9,0,9,0,8,0,0,0,0,1,1,6,2,23,5,998,1,15,-1,1,-1
201501XD81078,2,9,0,18,0,8,0,0,0,0,1,1,6,1,24,5,998,1,15,-1,1,-1
201501XD81079,1,9,0,6,0,8,0,0,0,0,1,1,6,1,31,6,1796,1,13,-1,1,-1
201501XD81079,2,5,0,18,0,8,0,0,0,0,1,1,6,1,31,6,-1,-1,-1,-1,1,-1
201501XD81080,1,3,0,18,0,8,0,0,0,0,1,1,6,1,19,4,125,1,3,-1,1,-1
201501XD81080,2,9,0,9,0,8,0,0,0,0,4,1,6,2,55,8,1598,1,12,-1,-1,-1
201501XD81081,1,9,0,9,0,8,0,0,0,0,1,1,1,1,60,9,-1,-1,-1,-1,1,-1
201501XD81081,2,1,0,18,0,8,0,0,0,0,1,1,6,1,47,8,-1,-1,-1,-1,1,-1
201501XD81082,1,9,0,18,0,8,0,0,0,0,2,1,6,1,28,6,1248,2,4,-1,1,-1
201501XD81082,2,9,0,18,0,8,0,0,0,0,1,1,6,1,-1,-1,-1,-1,-1,-1,-1,-1
201501XD81083,1,9,0,9,0,8,0,0,0,0,1,1,6,1,30,6,2198,1,11,-1,1,-1
201501XD81084,1,9,0,18,0,8,0,0,0,0,3,1,6,1,36,7,1997,2,4,-1,-1,-1
201501XD81084,2,9,0,18,0,8,0,0,0,0,1,1,6,3,-1,-1,1390,1,9,-1,-1,-1
201501XD81084,3,8,0,18,0,8,0,0,0,0,1,1,6,1,52,8,1997,2,8,-1,1,-1
201501XD81085,1,9,0,2,0,8,0,0,0,0,3,1,6,2,49,8,2148,2,13,-1,1,-1
201501XD81085,2,9,0,5,0,8,0,0,0,0,4,1,6,1,55,8,1798,1,-1,-1,-1,-1
201501XD81086,1,2,0,18,0,8,0,0,0,0,1,1,2,1,32,6,125,1,1,-1,1,-1
201501XD81087,1,5,0,13,0,8,0,0,0,0,1,1,6,1,39,7,599,1,12,-1,1,-1
201501XD81087,2,9,0,9,0,8,0,0,0,0,1,1,6,1,46,8,1896,2,7,-1,1,-1
201501XD81089,1,1,0,18,0,8,0,0,0,0,4,1,6,1,28,6,-1,-1,-1,-1,1,-1
201501XD81089,2,9,0,7,0,8,0,0,0,0,1,1,6,3,-1,-1,-1,-1,-1,-1,-1,-1
201501XD81090,1,9,0,4,0,8,0,0,0,0,2,1,6,1,73,10,-1,-1,-1,-1,1,-1
201501XD81090,2,9,0,18,0,8,0,0,0,0,1,1,6,1,50,8,2143,2,2,-1,1,-1
201501XD81091,1,9,0,18,0,0,0,0,0,0,1,1,6,3,-1,-1,-1,-1,-1,-1,-1,-1
201501XD81092,1,2,0,18,0,8,0,0,1,0,1,1,6,1,31,6,108,1,2,-1,1,-1
201501XD81092,2,9,0,6,0,8,0,0,0,0,3,1,4,1,48,8,1968,2,12,-1,1,-1
201501XD81093,1,3,0,13,0,8,0,0,0,0,1,1,6,1,-1,-1,125,1,2,-1,1,-1
201501XD81093,2,9,0,9,0,8,0,0,0,0,3,1,6,1,71,10,1689,2,11,-1,1,-1
201501XD81094,1,3,0,18,0,8,0,0,0,0,1,1,6,1,-1,-1,125,1,6,-1,1,-1
201501XD81094,2,19,0,18,0,8,0,0,0,0,1,1,6,1,40,7,2464,2,6,-1,1,-1
201501XD81095,1,9,0,18,0,8,0,0,0,0,1,1,6,1,25,5,-1,-1,-1,-1,1,-1
201501XD81096,1,9,0,18,0,8,0,0,0,0,4,1,2,1,54,8,-1,-1,-1,-1,1,-1
201501XD81097,1,3,0,18,0,0,0,11,0,0,1,1,6,1,32,6,124,1,4,-1,1,-1
201501XD81098,1,9,0,18,0,0,0,0,0,0,1,1,6,1,20,4,1995,1,8,-1,1,-1
201501XD81099,1,3,0,4,0,8,1,0,0,0,1,1,1,1,27,6,124,1,8,-1,1,-1
201501XD81099,2,19,0,9,0,8,0,0,0,0,3,1,1,1,28,6,2287,2,-1,-1,1,-1
201501XD81100,1,9,0,11,0,1,0,0,0,0,4,1,2,2,37,7,1596,1,9,-1,1,-1
201501XD81100,2,1,0,18,4,1,0,0,1,0,1,1,2,1,39,7,-1,-1,-1,-1,1,-1
201501XD81101,1,9,0,4,0,0,0,0,0,0,1,1,6,1,80,11,1242,1,13,-1,1,-1
201501XD81101,2,4,0,13,0,0,0,0,0,0,2,1,6,1,29,6,124,1,7,-1,1,-1
201501XD81102,1,9,0,7,0,0,0,0,0,0,3,1,6,1,41,7,1497,1,13,-1,1,-1
201501XD81102,2,5,0,9,0,0,0,0,0,0,1,1,6,2,45,7,649,1,-1,-1,1,-1
201501XD81103,1,9,0,18,0,8,0,0,0,0,1,1,6,2,32,6,1598,1,9,-1,1,-1
201501XD81103,2,9,0,9,0,8,0,0,0,0,1,1,6,1,38,7,1995,2,5,-1,1,-1
201501XD81104,1,3,0,6,0,0,0,0,1,0,2,1,1,1,39,7,998,1,-1,-1,1,-1
201501XD81104,2,19,0,18,0,0,0,0,0,0,1,1,2,1,34,6,2148,2,8,-1,1,-1
201501XD81105,1,9,0,4,0,0,0,0,0,0,2,1,6,1,23,5,1598,1,8,-1,1,-1
201501XD81105,2,9,0,18,0,0,0,0,0,0,1,1,6,1,50,8,1798,8,1,-1,1,-1
201501XD81107,1,9,0,18,0,8,0,0,0,0,4,1,2,1,48,8,1590,1,10,-1,1,-1
201501XD81107,2,9,0,7,0,8,0,0,0,0,1,1,6,3,-1,-1,2401,2,9,-1,-1,-1
201501XD81109,1,9,0,9,0,8,0,0,1,0,3,1,2,1,31,6,-1,-1,-1,-1,1,-1
201501XD81109,2,9,0,5,0,8,0,0,0,0,1,1,2,1,68,10,1951,2,12,-1,1,-1
201501XD81110,1,3,0,18,0,0,0,0,0,0,1,1,6,1,37,7,125,1,-1,-1,1,-1
201501XD81111,1,9,0,9,0,0,1,0,0,0,2,1,6,2,48,8,1998,2,11,-1,1,-1
201501XD81111,2,9,0,18,0,0,5,0,0,0,1,1,6,1,39,7,1998,2,12,-1,1,-1
201501XD81112,1,9,0,4,0,2,0,0,0,0,2,1,2,1,20,4,1896,2,6,-1,1,-1
201501XD81112,2,9,0,4,0,2,0,0,1,0,1,1,2,1,-1,-1,1783,1,12,-1,-1,-1
201501XD81113,1,3,0,18,0,8,0,0,0,0,4,1,1,1,22,5,107,1,2,-1,1,-1
201501XD81113,2,9,0,9,0,8,0,0,0,0,1,1,6,2,42,7,2496,1,12,-1,1,-1
201501XD81114,1,19,0,7,0,8,0,0,0,0,4,1,6,1,26,6,1598,2,-1,-1,1,-1
201501XD81114,2,5,0,18,0,8,0,0,0,0,1,1,6,1,54,8,999,1,10,-1,1,-1
201501XD81115,1,9,0,18,0,8,0,0,0,0,3,1,6,1,42,7,1598,2,-1,-1,1,-1
201501XD81115,2,9,0,9,0,8,0,0,0,0,1,1,6,1,26,6,1598,1,18,-1,1,-1
201501XD81116,1,1,0,5,0,8,0,0,0,0,3,1,2,1,47,8,-1,-1,-1,-1,1,-1
201501XD81116,2,9,0,5,0,8,0,0,0,0,1,1,2,2,60,9,1206,1,5,-1,1,-1
201501XD81118,1,8,0,9,0,8,0,0,0,0,1,1,1,2,42,7,-1,-1,-1,-1,1,-1
201501XD81119,1,9,0,9,0,8,0,0,0,0,4,1,6,1,35,6,1868,2,14,-1,1,-1
201501XD81119,2,9,0,7,0,8,0,0,0,0,1,1,6,1,41,7,1997,2,5,-1,1,-1
201501XD81120,1,9,0,12,0,0,0,0,0,0,3,1,2,1,33,6,1390,1,4,-1,1,-1
201501XD81120,2,1,0,14,0,0,0,0,0,0,1,1,2,1,38,7,-1,-1,-1,-1,1,-1
201501XD81121,1,9,0,4,0,8,0,0,0,0,2,1,2,1,35,6,2993,2,4,-1,1,-1