Accident_Index,Vehicle_Reference,Vehicle_Type,Towing_and_Articulation,Vehicle_Manoeuvre,Vehicle_Location-Restricted_Lane,Junction_Location,Skidding_and_Overturning,Hit_Object_in_Carriageway,Vehicle_Leaving_Carriageway,Hit_Object_off_Carriageway,1st_Point_of_Impact,Was_Vehicle_Left_Hand_Drive?,Journey_Purpose_of_Driver,Sex_of_Driver,Age_of_Driver,Age_Band_of_Driver,Engine_Capacity_(CC),Propulsion_Code,Age_of_Vehicle,Driver_IMD_Decile,Driver_Home_Area_Type,Vehicle_IMD_Decile
201501XD81121,2,3,0,4,0,8,0,0,0,0,1,1,2,1,64,9,125,1,5,-1,1,-1
201501XD81122,1,9,0,18,0,0,0,0,1,0,1,1,6,1,58,9,1997,1,22,-1,1,-1
201501XD81123,1,11,0,4,0,8,0,0,0,0,0,1,1,1,62,9,5132,2,1,-1,1,-1
201501XD81126,1,9,0,7,0,8,0,0,0,0,1,1,1,2,52,8,1360,1,14,-1,1,-1
201501XD81126,2,1,0,18,0,8,0,0,0,0,4,1,6,1,29,6,-1,-1,-1,-1,-1,-1
201501XD81127,1,3,0,13,0,8,0,0,0,0,3,1,1,1,32,6,125,1,6,-1,1,-1
201501XD81127,2,9,0,9,0,8,0,0,1,0,1,1,6,1,35,6,2143,2,4,-1,1,-1
201501XD81128,1,3,0,15,0,8,0,0,0,0,1,1,2,1,26,6,124,1,-1,-1,1,-1
201501XD81128,2,9,0,9,0,8,0,0,1,0,1,1,6,2,43,7,2987,2,3,-1,-1,-1
201501XD81129,1,2,0,7,0,7,0,0,0,0,2,1,1,1,30,6,49,1,5,-1,1,-1
201501XD81129,2,9,0,18,0,8,0,0,0,0,1,1,6,3,-1,-1,-1,-1,-1,-1,-1,-1
201501XD81130,1,5,0,18,0,8,0,0,0,0,2,1,6,1,41,7,-1,-1,-1,-1,-1,-1
201501XD81130,2,9,0,7,0,8,0,0,0,0,3,1,4,1,-1,-1,1995,1,15,-1,-1,-1
201501XD81131,1,1,0,9,0,8,0,0,0,0,4,1,2,1,21,5,-1,-1,-1,-1,1,-1
201501XD81131,2,8,0,18,0,8,0,0,0,0,1,1,1,1,-1,-1,1968,2,6,-1,-1,-1
201501XD81132,1,1,0,16,0,8,0,0,0,0,3,1,2,2,50,8,-1,-1,-1,-1,1,-1
201501XD81132,2,9,0,16,0,8,0,0,0,0,1,1,6,2,-1,-1,998,1,1,-1,1,-1
201501XD81133,1,9,0,10,0,8,0,0,0,0,1,1,6,1,29,6,1590,1,17,-1,1,-1
201501XD81133,2,9,0,9,0,8,0,0,0,0,1,1,6,2,-1,-1,1596,1,12,-1,-1,-1
201501XD81134,1,2,0,9,0,8,0,0,0,0,3,1,1,1,21,5,49,1,-1,-1,1,-1
201501XD81134,2,9,0,18,0,8,0,0,0,0,1,1,6,1,55,8,1198,1,-1,-1,1,-1
201501XD81135,1,11,0,18,0,0,0,0,0,0,0,1,1,1,51,8,4500,2,6,-1,1,-1
201501XD81136,1,2,0,18,0,8,0,0,0,0,3,1,1,1,20,4,109,1,-1,-1,-1,-1
201501XD81136,2,9,0,7,0,8,0,0,0,0,4,1,6,1,29,6,1998,2,12,-1,-1,-1
201501XD81137,1,9,0,18,0,8,0,0,1,0,4,1,1,2,26,6,1398,2,10,-1,2,-1
201501XD81137,2,19,0,7,0,8,0,0,0,0,1,1,2,1,37,7,2198,2,4,-1,1,-1
201501XD81139,1,9,0,18,0,8,0,0,0,0,1,1,6,1,64,9,1598,1,12,-1,1,-1
201501XD81139,2,9,0,9,0,8,0,0,0,0,4,1,6,2,78,11,998,1,6,-1,1,-1
201501XD81140,1,9,0,3,0,8,0,0,0,0,4,1,2,1,24,5,1595,1,11,-1,1,-1
201501XD81140,2,5,0,15,0,8,0,0,1,0,1,1,1,1,-1,-1,1293,1,6,-1,1,-1
201501XD81141,1,9,0,18,0,8,0,0,0,0,0,1,6,1,54,8,1339,1,2,-1,1,-1
201501XD81142,1,3,0,4,0,8,0,0,0,0,1,1,1,1,25,5,125,1,6,-1,1,-1
201501XD81142,2,9,0,18,0,8,0,0,0,0,2,1,6,3,-1,-1,-1,-1,-1,-1,-1,-1
201501XD81143,1,9,0,9,0,8,0,0,0,0,4,1,6,2,-1,-1,-1,-1,-1,-1,1,-1
201501XD81143,2,1,0,18,0,8,0,0,0,0,1,1,6,1,-1,-1,-1,-1,-1,-1,-1,-1
201501XD81144,1,9,0,18,0,0,0,0,0,0,3,1,4,1,52,8,1995,2,11,-1,1,-1
201501XD81147,1,9,0,18,0,8,0,0,0,0,1,1,6,1,35,6,1248,1,2,-1,1,-1
201501XD81148,1,9,0,2,0,8,0,0,0,0,1,1,6,1,-1,-1,1998,7,13,-1,1,-1
201501XD81148,2,3,0,9,0,8,1,4,0,0,1,1,6,1,-1,-1,125,1,3,-1,1,-1
201501XD81150,1,9,0,4,0,0,0,0,1,0,2,1,6,1,24,5,-1,-1,-1,-1,1,-1
201501XD81150,2,9,0,18,0,0,0,0,0,0,1,1,6,1,51,8,1995,1,3,-1,1,-1
201501XD81152,1,9,0,5,0,0,0,0,0,0,0,1,6,1,19,4,1364,1,8,-1,-1,-1
201501XD81154,1,9,0,17,0,8,0,0,0,0,1,1,6,1,57,9,999,1,-1,-1,1,-1
201501XD81155,1,9,0,9,0,8,0,0,0,0,3,1,6,2,35,6,2179,2,-1,-1,1,-1
201501XD81155,2,19,0,18,0,8,1,0,0,0,1,1,6,1,-1,-1,2987,2,3,-1,1,-1
201501XD81156,1,9,0,16,0,8,0,0,0,0,3,1,2,2,36,7,1598,1,9,-1,1,-1
201501XD81156,2,9,0,16,0,8,0,0,0,0,1,1,2,2,-1,-1,1997,1,9,-1,-1,-1
201501XD81157,1,1,0,18,0,0,0,0,0,0,1,1,6,1,36,7,-1,-1,-1,-1,1,-1
201501XD81157,2,21,0,18,0,0,0,0,0,0,1,1,1,1,54,8,-1,-1,-1,-1,1,-1
201501XD81158,1,9,0,9,0,8,0,0,0,0,1,1,6,2,25,5,1388,1,6,-1,-1,-1
201501XD81159,1,9,0,5,0,8,0,0,0,0,2,1,2,2,44,7,1998,1,12,-1,1,-1
201501XD81159,2,9,0,5,0,8,0,0,0,0,1,1,6,1,-1,-1,2148,2,11,-1,-1,-1
201501XD81160,1,19,0,18,0,0,0,0,0,0,1,1,6,1,45,7,1753,2,14,-1,1,-1
201501XD81161,1,9,0,18,0,0,0,4,0,0,4,1,6,3,-1,-1,-1,-1,-1,-1,-1,-1
201501XD81161,2,9,0,2,0,0,0,0,0,0,3,1,6,1,32,6,2985,2,10,-1,1,-1
201501XD81166,1,9,0,4,0,1,0,0,0,0,0,1,6,2,43,7,1998,1,14,-1,1,-1
201501XD81166,2,9,0,4,0,1,0,0,0,0,0,1,6,1,-1,-1,1560,2,2,-1,-1,-1
201501XD81167,1,9,0,9,0,8,0,0,0,0,1,1,4,2,43,7,-1,-1,-1,-1,1,-1
201501XD81167,2,19,0,18,0,8,0,0,0,0,1,1,6,1,32,6,-1,-1,-1,-1,-1,-1
201501XD81168,1,9,0,4,0,0,0,0,0,0,2,1,6,2,35,6,2143,2,4,-1,1,-1
201501XD81168,2,20,0,4,0,0,0,0,0,0,1,1,6,1,-1,-1,-1,-1,-1,-1,-1,-1
201501XD81168,3,9,0,3,0,0,0,0,0,0,2,1,6,3,-1,-1,-1,-1,-1,-1,-1,-1
201501XD81169,1,9,0,18,0,8,0,0,0,0,4,1,6,2,41,7,1598,1,13,-1,1,-1
201501XD81169,2,9,0,7,0,8,0,0,1,0,1,1,6,1,-1,-1,1896,2,9,-1,1,-1
201501XD81170,1,5,0,18,0,8,0,0,1,0,1,1,2,1,47,8,124,1,14,-1,1,-1
201501XD81170,2,19,0,5,0,8,0,0,0,0,3,1,1,1,49,8,-1,-1,-1,-1,1,-1
201501XD81171,1,9,0,3,0,8,0,0,0,0,2,1,2,1,24,5,1995,2,1,-1,1,-1
201501XD81171,2,3,0,18,0,8,0,0,0,0,1,1,1,1,29,6,124,1,8,-1,1,-1
201501XD81172,1,9,0,4,0,0,0,0,0,0,2,1,6,1,29,6,1390,1,8,-1,1,-1
201501XD81172,2,9,0,18,0,0,0,0,0,0,2,1,6,1,33,6,-1,-1,-1,-1,1,-1
201501XD81179,1,19,0,18,0,0,0,0,0,0,1,1,1,1,27,6,1598,2,-1,-1,1,-1
201501XD81179,2,21,1,11,0,0,0,0,0,0,4,1,1,1,-1,-1,4751,2,11,-1,-1,-1
201501XD81181,1,3,0,14,0,8,0,4,0,0,4,1,2,2,30,6,125,1,10,-1,1,-1
201501XD81181,2,9,0,2,0,8,0,0,0,0,3,1,4,2,-1,-1,1998,1,12,-1,1,-1
201501XD81183,1,5,0,14,0,0,1,0,0,0,1,1,2,1,30,6,649,1,7,-1,1,-1
201501XD81183,2,9,0,6,0,0,0,0,0,0,3,1,6,1,-1,-1,1598,2,-1,-1,-1,-1
201501XD81185,1,9,0,1,0,8,0,0,0,0,3,1,6,1,21,5,1995,2,6,-1,1,-1
201501XD81185,2,9,0,13,0,8,0,0,0,0,1,1,6,1,59,9,1999,2,9,-1,1,-1
201501XD81186,1,9,0,9,0,8,0,0,0,0,1,1,2,1,61,9,1797,8,5,-1,1,-1
201501XD81186,2,1,0,18,0,8,0,0,0,0,1,1,1,1,46,8,-1,-1,-1,-1,1,-1
201501XD81187,1,19,0,5,0,0,0,0,0,0,3,1,1,1,60,9,-1,-1,-1,-1,1,-1
201501XD89013,1,9,0,18,0,8,0,0,0,0,4,1,6,1,30,6,1598,1,14,-1,1,-1
201501XD89013,2,9,0,12,0,8,0,0,0,0,1,1,6,1,-1,-1,1399,1,11,-1,-1,-1
201501XD89019,1,9,0,9,0,8,0,0,0,0,3,1,6,1,29,6,2993,2,8,-1,1,-1
201501XD89019,2,1,0,9,0,8,0,0,0,0,4,1,6,1,74,10,-1,-1,-1,-1,1,-1
201501XD89070,1,9,0,18,0,0,5,4,0,0,1,1,6,1,26,6,999,1,-1,-1,1,-1
201501XD89070,2,9,0,2,0,0,0,0,0,0,2,1,6,2,-1,-1,-1,-1,-1,-1,-1,-1
201501XD89079,1,8,0,18,0,8,0,0,0,0,1,1,6,1,55,8,1497,8,7,-1,-1,-1
201501XD89097,1,3,0,18,0,8,0,0,0,0,3,1,6,1,43,7,124,1,9,-1,-1,-1
201501XD89105,1,9,0,9,0,0,0,0,0,0,1,1,2,1,63,9,1995,2,9,-1,1,-1
201501XD89105,2,3,0,13,0,0,0,0,0,0,3,1,2,1,-1,-1,125,1,4,-1,1,-1
201501XD89240,1,1,0,18,0,8,0,0,0,0,4,1,2,1,56,9,-1,-1,-1,-1,-1,-1
201501XD89240,2,9,0,9,0,8,0,0,0,0,1,1,2,1,58,9,1796,2,1,-1,1,-1
201501XH30001,1,9,0,7,0,5,0,0,0,0,1,1,2,1,30,6,2499,1,9,-1,1,-1
201501XH30001,2,3,0,18,0,6,0,0,0,0,1,1,6,3,-1,-1,-1,-1,-1,-1,-1,-1
201501XH30004,1,5,0,18,0,8,0,0,0,0,1,1,6,1,56,9,996,1,9,-1,1,-1
201501XH30004,2,9,0,5,0,6,0,0,0,0,3,1,2,2,26,6,1731,1,17,-1,1,-1
201501XH30005,1,9,0,3,0,0,0,0,0,0,2,1,2,1,28,6,1461,2,4,-1,3,-1
201501XH30005,2,9,0,4,0,0,0,0,0,0,2,1,2,1,28,6,2231,2,9,-1,1,-1
201501XH30005,3,9,0,4,0,0,0,0,0,0,1,1,6,1,49,8,1997,2,3,-1,1,-1
201501XH30008,1,9,0,18,0,1,5,4,1,0,1,1,6,1,19,4,1390,1,4,-1,1,-1
201501XH30008,2,9,0,2,9,1,0,0,0,0,3,1,6,3,-1,-1,1248,2,4,-1,-1,-1
201501XH30009,1,9,0,4,0,8,1,4,0,0,1,1,6,1,20,4,-1,-1,-1,-1,-1,-1
201501XH30009,2,9,0,1,0,6,0,0,0,0,0,1,6,2,46,8,1686,2,7,-1,-1,-1
201501XH30009,3,9,0,2,0,8,0,4,0,0,1,1,6,3,-1,-1,1984,2,6,-1,-1,-1
201501XH30009,4,9,0,2,0,8,0,4,0,0,1,1,6,3,-1,-1,996,1,3,-1,-1,-1
201501XH30010,1,9,0,18,0,8,0,0,0,0,1,1,6,1,68,10,-1,-1,-1,-1,1,-1
201501XH30010,2,9,0,4,0,8,0,0,0,0,2,1,6,1,44,7,1997,1,11,-1,-1,-1
201501XH30011,1,9,0,18,0,8,0,0,0,0,1,1,6,1,29,6,1995,2,3,-1,1,-1
201501XH30011,2,9,0,3,0,8,0,0,0,0,2,1,6,2,22,5,1598,1,9,-1,1,-1
201501XH30012,1,9,0,16,0,0,2,0,1,4,1,1,6,1,28,6,-1,-1,-1,-1,1,-1
201501XH30013,1,9,0,12,0,0,0,0,0,0,2,1,6,1,-1,-1,-1,-1,-1,-1,1,-1
201501XH30013,2,9,0,18,0,0,0,0,0,0,1,1,6,1,29,6,1560,2,2,-1,1,-1
201501XH30014,1,9,0,9,0,8,0,0,0,0,4,1,6,2,42,7,1968,2,4,-1,1,-1
201501XH30014,2,19,0,9,0,8,0,0,0,0,3,1,6,1,-1,-1,-1,-1,-1,-1,-1,-1
201501XH30016,1,9,0,18,0,0,0,0,0,0,4,1,6,1,55,8,1598,1,7,-1,1,-1
201501XH30017,1,9,0,18,0,2,0,0,0,0,1,1,6,1,-1,-1,-1,-1,-1,-1,-1,-1
201501XH30018,1,9,0,18,0,8,1,0,0,0,1,1,6,2,64,9,-1,-1,-1,-1,1,-1
201501XH30018,2,19,0,4,0,8,0,0,0,0,3,1,6,1,29,6,-1,-1,-1,-1,1,-1
201501XH30020,1,9,0,7,0,5,0,0,0,0,4,1,2,1,42,7,1206,1,2,-1,1,-1
201501XH30021,1,9,0,18,0,8,0,0,0,0,1,1,3,1,41,7,1956,2,1,-1,-1,-1
201501XH30021,2,9,0,18,0,8,0,0,0,0,3,1,2,2,41,7,1461,2,1,-1,1,-1
201501XH30022,1,9,0,18,0,2,0,0,0,0,1,1,6,1,21,5,1598,1,3,-1,1,-1
201501XH30022,2,9,0,18,0,1,0,0,7,0,1,1,6,2,57,9,2987,2,7,-1,1,-1
201501XH30023,1,9,0,17,0,0,2,10,1,0,4,1,2,1,52,8,-1,-1,-1,-1,1,-1
201501XH30024,1,9,0,9,0,5,0,0,4,6,4,1,2,1,34,6,1996,1,17,-1,-1,-1
201501XH30024,2,9,0,18,0,8,0,7,2,1,1,1,6,1,27,6,5462,1,7,-1,1,-1
201501XH30026,1,9,0,3,0,0,0,0,0,0,2,1,6,1,64,9,4196,1,9,-1,1,-1
201501XH30026,2,9,0,3,0,0,0,0,0,0,2,1,6,1,21,5,1796,1,8,-1,1,-1
201501XH30026,3,9,0,18,0,0,0,0,0,0,1,1,6,2,37,7,1796,1,16,-1,1,-1
201501XH30028,1,9,0,9,0,8,0,10,1,7,1,1,2,1,50,8,1796,1,6,-1,3,-1
201501XH30028,2,9,0,9,0,8,0,0,0,0,0,1,6,1,-1,-1,1995,2,4,-1,1,-1
201501XH30032,1,9,0,4,0,0,0,0,0,0,2,1,2,1,27,6,1560,2,6,-1,-1,-1
201501XH30032,2,9,0,4,0,0,0,0,0,0,2,1,2,2,34,6,-1,-1,-1,-1,1,-1
201501XH30032,3,21,0,4,0,0,0,0,0,0,1,1,1,1,54,8,12900,2,3,-1,-1,-1
201501XH30033,1,9,0,5,9,0,0,0,0,0,1,1,6,2,-1,-1,-1,-1,-1,-1,-1,-1
201501XH30036,1,9,0,18,0,1,0,0,0,0,1,1,6,2,29,6,1461,2,7,-1,1,-1
201501XH30037,1,9,0,18,0,5,0,0,3,4,1,1,6,2,29,6,-1,-1,-1,-1,-1,-1
201501XH30039,1,9,0,18,0,1,0,0,0,0,1,1,6,2,41,7,1596,1,14,-1,1,-1
201501XH30039,2,90,0,18,0,1,0,0,0,0,4,1,6,2,72,10,-1,-1,-1,-1,1,-1
201501XH30042,1,19,0,9,0,8,0,0,0,0,4,1,1,1,44,7,2402,2,9,-1,1,-1
201501XH30042,2,9,0,18,0,8,0,0,0,0,1,1,1,1,22,5,-1,-1,-1,-1,1,-1
201501XH30044,1,3,0,18,0,0,0,10,4,4,1,1,6,1,17,4,125,1,1,-1,-1,-1
201501XH30044,2,9,0,15,0,0,0,0,0,0,0,1,6,3,-1,-1,-1,-1,-1,-1,-1,-1
201501XH30045,1,9,0,18,0,1,0,0,0,0,1,1,6,1,64,9,2143,2,3,-1,1,-1
201501XH30045,2,9,0,3,0,1,0,0,0,0,2,1,1,1,-1,-1,5461,1,-1,-1,1,-1
201501XH30046,1,9,0,3,0,0,0,0,0,0,2,1,1,2,64,9,1995,2,5,-1,-1,-1
201501XH30046,2,9,0,3,0,0,0,0,0,0,2,1,6,1,30,6,1339,8,9,-1,1,-1
201501XH30046,3,9,0,18,0,0,0,0,0,0,1,1,6,3,-1,-1,-1,-1,-1,-1,-1,-1
201501XH30047,1,9,0,12,0,2,1,10,1,7,1,1,6,1,25,5,-1,-1,-1,-1,-1,-1
201501XH30048,1,9,0,18,0,1,0,0,0,0,3,1,6,2,30,6,1368,1,8,-1,1,-1
201501XH30050,1,9,0,18,0,8,0,0,1,0,3,1,1,1,50,8,1598,1,7,-1,-1,-1
201501XH30050,2,9,0,18,0,8,0,0,7,0,3,1,1,1,70,10,1686,2,10,-1,2,-1
201501XH30050,3,9,0,18,0,8,0,0,0,0,1,1,1,1,38,7,1997,2,6,-1,1,-1
201501XH30051,1,9,0,18,0,0,0,0,0,0,1,1,1,1,30,6,-1,-1,-1,-1,-1,-1
201501XH30052,1,9,0,5,0,6,0,0,0,0,1,1,6,1,55,8,3400,1,14,-1,1,-1
201501XH30052,2,1,0,18,0,8,0,0,0,0,3,1,6,2,35,6,-1,-1,-1,-1,1,-1
201501XH30053,1,9,0,7,0,1,0,10,4,2,1,1,6,2,25,5,1598,1,3,-1,1,-1
201501XH30055,1,5,0,18,0,8,0,0,0,0,4,1,6,1,32,6,-1,-1,-1,-1,1,-1
201501XH30055,2,19,0,18,0,8,0,0,0,0,1,1,6,3,-1,-1,-1,-1,-1,-1,-1,-1
201501XH30057,1,9,0,18,0,0,0,0,0,0,1,1,6,2,58,9,1390,1,1,-1,1,-1
201501XH30058,1,3,0,18,0,0,0,0,0,0,1,1,6,1,41,7,-1,-1,-1,-1,1,-1
201501XH30058,2,19,0,9,0,0,0,0,0,0,4,1,1,1,23,5,2198,2,3,-1,1,-1
201501XH30059,1,9,0,3,0,2,0,0,0,0,2,1,6,1,46,8,1389,1,12,-1,1,-1
201501XH30059,2,9,0,18,0,2,0,0,0,0,1,1,6,1,-1,-1,1995,2,4,-1,-1,-1
201501XH30060,1,5,0,4,0,0,0,0,4,1,4,1,1,1,47,8,998,1,8,-1,3,-1
201501XH30060,2,19,0,18,0,0,0,0,0,0,2,1,1,1,40,7,1753,2,7,-1,-1,-1
201501XH30060,3,19,0,18,0,0,0,0,0,0,3,1,1,1,50,8,1997,2,2,-1,1,-1
201501XH30066,1,9,0,18,0,2,0,4,0,0,1,1,6,1,51,8,998,1,15,-1,1,-1
201501XH30066,2,9,0,2,0,2,0,0,0,0,2,1,6,1,20,4,1198,1,12,-1,1,-1
201501XH30067,1,5,0,18,0,8,0,0,0,0,1,1,6,1,45,7,1000,1,4,-1,1,-1
201501XH30067,2,9,0,9,0,6,0,0,0,0,3,1,6,1,24,5,1896,2,8,-1,1,-1
201501XH30069,1,9,0,18,0,8,0,0,0,0,1,1,6,2,31,6,1560,2,5,-1,1,-1
201501XH30069,2,9,0,18,0,8,0,0,0,0,3,1,6,2,22,5,1896,2,12,-1,1,-1
201501XH30070,1,9,0,17,0,2,0,0,1,10,1,1,6,1,29,6,-1,-1,-1,-1,1,-1
201501XH30071,1,19,0,4,0,1,0,0,0,0,1,1,6,1,31,6,1560,2,5,-1,1,-1
201501XH30071,2,9,0,9,0,8,0,0,0,0,2,1,6,1,21,5,1998,1,18,-1,1,-1
201501XH30071,3,9,0,18,0,8,0,0,0,0,2,1,6,1,47,8,1398,2,9,-1,1,-1
201501XH30072,1,9,0,18,0,6,0,7,0,0,1,1,2,2,34,6,-1,-1,-1,-1,1,-1
201501XH30072,2,9,0,18,0,8,0,0,0,0,4,1,6,1,29,6,1598,1,10,-1,1,-1
201501XH30073,1,9,0,18,0,1,0,0,0,0,1,1,6,2,35,6,-1,-1,-1,-1,-1,-1
201501XH30074,1,9,0,18,0,1,0,0,0,0,1,1,6,2,28,6,1388,1,12,-1,1,-1
201501XH30074,2,19,0,5,0,2,0,0,0,0,1,1,6,1,25,5,2402,2,7,-1,1,-1
201501XH30075,1,9,0,18,0,8,0,0,1,10,1,1,6,1,56,9,-1,-1,-1,-1,1,-1
201501XH30075,2,9,0,18,0,8,0,0,1,1,4,1,6,2,46,8,-1,-1,-1,-1,1,-1
201501XH30076,1,19,0,9,0,6,0,0,0,0,4,1,1,1,21,5,2143,2,2,-1,1,-1
201501XH30076,2,20,0,18,0,8,0,0,0,0,1,1,6,1,-1,-1,-1,-1,-1,-1,-1,-1
201501XH30077,1,9,0,9,0,8,0,0,0,0,1,1,6,2,40,7,2995,1,11,-1,1,-1
201501XH30077,2,1,0,9,0,8,0,0,0,0,4,1,6,1,34,6,-1,-1,-1,-1,1,-1
201501XH30078,1,9,0,18,0,8,0,0,0,0,1,1,6,1,30,6,1968,2,2,-1,1,-1
201501XH30078,2,9,0,18,0,8,0,0,0,0,4,1,6,1,-1,-1,-1,-1,-1,-1,1,-1
201501XH30079,1,9,0,18,0,8,1,0,2,7,1,1,6,1,33,6,-1,-1,-1,-1,1,-1
201501XH30079,2,9,0,18,0,8,5,0,1,7,2,1,6,1,59,9,-1,-1,-1,-1,1,-1
201501XH30079,3,9,0,18,0,8,0,0,0,0,2,1,6,1,45,7,1461,2,4,-1,1,-1
201501XH30080,1,11,0,5,0,1,0,0,0,0,0,1,1,1,-1,-1,-1,-1,-1,-1,-1,-1
201501XH30081,1,9,0,11,0,0,0,0,0,0,4,1,2,1,30,6,1995,2,2,-1,-1,-1
201501XH30081,2,5,0,18,0,0,0,0,0,0,1,1,2,1,55,8,999,1,6,-1,-1,-1
201501XH30082,1,9,0,16,0,0,0,10,1,4,1,1,6,1,30,6,1968,2,6,-1,1,-1
201501XH30082,2,9,0,17,0,0,0,0,0,0,1,1,6,1,45,7,1560,2,9,-1,1,-1
201501XH30084,1,9,0,9,0,8,0,0,0,0,1,1,6,2,47,8,1598,1,11,-1,1,-1
201501XH30084,2,1,0,18,0,8,0,0,0,0,3,1,6,1,76,11,-1,-1,-1,-1,1,-1
201501XH30085,1,9,0,4,0,0,0,0,0,0,2,1,6,2,49,8,1598,1,8,-1,1,-1
201501XH30085,2,19,0,4,0,0,0,0,0,0,2,1,1,1,61,9,1753,2,8,-1,-1,-1
201501XH30085,3,19,0,18,0,0,0,0,0,0,1,1,1,1,43,7,2143,2,3,-1,-1,-1
201501XH30086,1,9,0,18,0,1,0,0,0,0,1,1,6,1,35,6,1339,1,7,-1,1,-1
201501XH30087,1,19,0,4,0,2,0,0,0,0,2,1,1,1,48,8,2148,2,8,-1,1,-1
201501XH30088,1,9,0,7,0,8,0,0,0,0,3,1,6,1,-1,-1,1589,1,16,-1,1,-1
201501XH30088,2,1,0,17,0,8,0,0,0,0,1,1,6,1,43,7,-1,-1,-1,-1,1,-1
201501XH30091,1,9,0,18,0,0,2,0,1,4,4,1,2,1,36,7,2993,2,10,-1,1,-1
201501XH30092,1,5,0,13,0,0,0,0,0,0,1,1,6,1,53,8,499,1,11,-1,1,-1
201501XH30092,2,9,0,6,0,0,0,0,0,0,3,1,6,1,30,6,-1,-1,-1,-1,1,-1
201501XH30094,1,11,0,3,2,0,0,0,0,0,0,1,1,1,65,9,9000,2,7,-1,-1,-1
201501XH30096,1,11,0,5,0,0,0,0,0,0,4,1,1,2,40,7,3900,2,12,-1,1,-1
201501XH30097,1,9,0,18,0,6,0,0,0,0,1,1,6,1,27,6,1398,2,9,-1,1,-1
201501XH30098,1,9,0,9,0,6,0,0,0,0,1,1,1,2,43,7,998,1,1,-1,1,-1
201501XH30099,1,19,0,5,0,8,0,0,0,0,1,1,6,1,29,6,2148,2,10,-1,1,-1
201501XH30099,2,3,0,5,0,8,0,0,1,0,3,1,6,1,24,5,124,1,1,-1,1,-1
201501XH30100,1,9,0,18,0,8,0,0,0,0,1,1,6,1,-1,-1,2987,2,9,-1,-1,-1
201501XH30100,2,1,0,18,0,6,0,0,0,0,4,1,6,1,25,5,-1,-1,-1,-1,1,-1
201501XH30101,1,9,0,18,0,0,0,0,0,0,1,1,1,1,-1,-1,-1,-1,-1,-1,-1,-1
201501XH30102,1,9,0,18,0,8,1,0,0,0,3,1,6,1,30,6,1595,1,14,-1,1,-1
201501XH30102,2,20,0,11,0,8,0,0,0,0,4,1,6,1,-1,-1,-1,-1,-1,-1,-1,-1
201501XH30103,1,9,0,11,0,0,0,0,0,0,1,1,2,2,53,8,1910,2,7,-1,1,-1
201501XH30103,2,9,0,18,0,0,0,0,0,0,2,1,2,1,46,8,1197,1,1,-1,1,-1
201501XH30104,1,5,0,17,0,0,0,10,1,9,0,1,2,1,43,7,821,1,1,-1,2,-1
201501XH30105,1,9,0,18,0,1,0,10,1,0,3,1,2,2,52,8,1598,1,4,-1,1,-1
201501XH30105,2,9,0,9,0,1,0,0,0,0,1,1,6,3,-1,-1,1834,1,18,-1,-1,-1
201501XH30106,1,9,0,9,0,8,0,0,0,0,1,1,1,2,51,8,1951,2,13,-1,1,-1
201501XH30106,2,9,0,18,0,8,0,0,1,7,4,1,1,1,24,5,1339,1,10,-1,1,-1
201501XH30108,1,9,0,18,0,2,0,4,0,0,1,1,6,1,38,7,-1,-1,-1,-1,1,-1
201501XH30108,2,9,0,2,0,2,0,4,0,0,2,1,6,3,-1,-1,-1,-1,-1,-1,-1,-1
201501XH30108,3,9,0,2,0,2,0,4,0,0,2,1,6,3,-1,-1,1598,1,6,-1,-1,-1
201501XH30108,4,9,0,2,0,2,0,4,0,0,1,1,6,3,-1,-1,1395,1,2,-1,-1,-1
201501XH30109,1,9,0,18,0,8,0,7,1,2,1,1,6,2,39,7,1398,1,12,-1,1,-1
201501XH30109,2,9,0,9,0,5,0,0,1,0,4,1,6,1,25,5,-1,-1,-1,-1,1,-1
201501XH30110,1,19,0,7,0,5,0,0,0,0,4,1,1,1,32,6,2287,2,3,-1,1,-1
201501XH30110,2,19,0,18,0,8,0,0,0,0,3,1,1,1,50,8,-1,-1,-1,-1,1,-1
201501XH30116,1,9,0,18,0,6,0,0,0,0,4,1,3,2,33,6,2401,2,11,-1,1,-1
201501XH30116,2,1,0,18,0,6,0,0,0,0,1,1,2,1,36,7,-1,-1,-1,-1,1,-1
201501XH30117,1,9,0,17,0,0,0,0,0,0,1,1,6,1,20,4,1599,1,7,-1,1,-1
201501XH30117,2,1,0,16,0,0,0,0,0,0,1,1,6,1,19,4,-1,-1,-1,-1,1,-1
201501XH30119,1,9,0,18,0,8,0,0,0,0,3,1,2,1,64,9,1388,1,11,-1,1,-1
201501XH30119,2,9,0,13,0,8,0,0,0,0,4,1,6,3,-1,-1,-1,-1,-1,-1,-1,-1
201501XH30120,1,9,0,18,0,2,0,0,0,0,1,1,6,1,56,9,1995,2,13,-1,1,-1
201501XH30121,1,9,0,8,0,1,0,0,0,0,2,1,1,2,50,8,1499,2,2,-1,1,-1
201501XH30121,2,9,0,18,0,1,0,0,0,0,1,1,6,1,83,11,1199,1,12,-1,1,-1
201501XH30124,1,9,0,9,0,8,0,0,0,0,1,1,6,1,47,8,1598,1,4,-1,1,-1
201501XH30124,2,9,0,9,0,8,0,0,0,0,1,1,6,2,43,7,1598,1,9,-1,1,-1
201501XH30125,1,9,0,4,0,1,0,0,0,0,2,1,6,1,21,5,998,1,2,-1,1,-1
201501XH30125,2,19,0,18,0,1,0,0,0,0,1,1,6,1,35,6,2200,2,13,-1,1,-1
201501XH30126,1,9,0,1,0,0,0,0,0,0,2,1,6,1,-1,-1,1596,1,15,-1,1,-1
201501XH30128,1,9,0,18,0,8,0,0,0,0,3,1,6,1,50,8,-1,-1,-1,-1,1,-1
201501XH30128,2,9,0,7,0,8,0,0,0,0,1,1,6,2,34,6,1600,1,14,-1,1,-1