Accident_Index,Vehicle_Reference,Vehicle_Type,Towing_and_Articulation,Vehicle_Manoeuvre,Vehicle_Location-Restricted_Lane,Junction_Location,Skidding_and_Overturning,Hit_Object_in_Carriageway,Vehicle_Leaving_Carriageway,Hit_Object_off_Carriageway,1st_Point_of_Impact,Was_Vehicle_Left_Hand_Drive?,Journey_Purpose_of_Driver,Sex_of_Driver,Age_of_Driver,Age_Band_of_Driver,Engine_Capacity_(CC),Propulsion_Code,Age_of_Vehicle,Driver_IMD_Decile,Driver_Home_Area_Type,Vehicle_IMD_Decile
201501XH30322,1,9,0,13,0,8,1,10,0,0,3,1,6,1,23,5,2792,1,19,-1,1,-1
201501XH30322,2,9,0,17,0,8,0,0,0,0,1,1,6,1,46,8,2148,2,6,-1,1,-1
201501XH30323,1,9,0,18,0,1,0,0,0,0,3,1,3,2,72,10,1461,2,-1,-1,1,-1
201501XH30323,2,9,0,18,0,2,0,0,0,0,3,1,1,2,22,5,1242,1,4,-1,1,-1
201501XH30323,3,9,0,18,0,1,0,0,0,0,3,1,1,2,52,8,796,1,7,-1,1,-1
201501XH30324,1,9,0,10,0,1,0,0,0,0,2,1,2,1,54,8,-1,-1,-1,-1,1,-1
201501XH30324,2,9,0,5,0,1,0,0,0,0,1,1,2,1,21,5,1199,1,14,-1,1,-1
201501XH30325,1,9,0,9,0,8,0,0,0,0,1,1,6,1,35,6,1299,1,15,-1,1,-1
201501XH30325,2,3,0,18,0,8,0,0,0,0,4,1,6,1,19,4,125,1,11,-1,1,-1
201501XH30327,1,9,0,5,0,1,0,0,0,0,4,1,6,2,35,6,1560,2,1,-1,1,-1
201501XH30327,2,11,0,16,0,1,0,0,0,0,3,1,6,1,40,7,6700,2,3,-1,1,-1
201501XH30328,1,9,0,18,0,8,0,0,0,0,4,1,6,2,45,7,1598,2,-1,-1,1,-1
201501XH30328,2,9,0,9,0,8,0,0,0,0,1,1,6,1,78,11,1596,1,14,-1,1,-1
201501XH30329,1,9,0,3,0,2,0,0,0,0,2,1,6,2,50,8,1242,1,3,-1,1,-1
201501XH30329,2,19,0,18,0,2,0,0,0,0,1,1,6,3,-1,-1,4461,2,6,-1,-1,-1
201501XH30330,1,9,0,17,0,0,0,0,0,0,1,1,6,2,57,9,1242,1,12,-1,1,-1
201501XH30330,2,9,0,16,0,0,0,0,0,0,1,1,6,2,32,6,1242,1,11,-1,-1,-1
201501XH30331,1,9,0,3,0,1,0,0,0,0,2,1,6,2,30,6,1596,1,13,-1,1,-1
201501XH30331,2,9,0,18,0,1,0,0,0,0,1,1,6,1,31,6,1396,1,11,-1,1,-1
201501XH30332,1,9,0,18,0,0,0,0,0,0,4,1,6,1,24,5,998,1,1,-1,1,-1
201501XH30332,2,9,0,18,0,0,0,0,0,0,3,1,6,2,32,6,1348,1,14,-1,1,-1
201501XH30333,1,9,0,9,0,8,0,0,0,0,3,1,6,2,32,6,1368,1,8,-1,1,-1
201501XH30333,2,9,0,18,0,8,0,0,0,0,1,1,6,2,39,7,-1,-1,-1,-1,1,-1
201501XH30335,1,9,0,9,0,8,0,0,0,0,3,1,6,2,35,6,1197,1,2,-1,1,-1
201501XH30335,2,9,0,18,0,8,0,0,0,0,1,1,6,1,45,7,1896,2,10,-1,1,-1
201501XH30336,1,4,0,5,0,0,0,0,0,0,4,1,6,1,21,5,198,1,12,-1,2,-1
201501XH30338,1,9,0,9,0,8,0,0,0,0,1,1,6,1,27,6,-1,-1,-1,-1,1,-1
201501XH30338,2,9,0,16,0,8,0,0,0,0,1,1,6,1,41,7,1461,2,13,-1,1,-1
201501XH30340,1,9,0,7,0,8,0,0,0,0,4,1,2,2,46,8,1389,1,11,-1,1,-1
201501XH30340,2,1,0,18,0,8,0,0,0,0,3,1,6,1,37,7,-1,-1,-1,-1,1,-1
201501XH30342,1,1,0,9,0,8,0,0,0,0,3,1,6,1,51,8,-1,-1,-1,-1,1,-1
201501XH30342,2,9,0,9,0,8,0,0,0,0,4,1,6,1,37,7,1598,1,13,-1,1,-1
201501XH30343,1,9,0,1,0,0,0,0,0,0,2,1,6,1,20,4,996,1,6,-1,1,-1
201501XH30344,1,9,0,18,0,2,0,0,0,0,1,1,6,2,35,6,1395,1,-1,-1,1,-1
201501XH30344,2,8,0,18,0,2,0,0,0,0,2,1,1,1,25,5,1364,1,5,-1,1,-1
201501XH30345,1,11,0,5,0,2,0,0,0,0,0,1,1,1,-1,-1,9360,2,5,-1,-1,-1
201501XH30348,1,9,0,9,0,8,0,0,0,0,4,1,6,1,34,6,1582,2,5,-1,1,-1
201501XH30348,2,9,0,18,0,8,0,0,0,0,1,1,6,1,20,4,1242,1,6,-1,1,-1
201501XH30349,1,19,0,5,0,8,0,0,0,0,3,1,6,1,28,6,2299,2,4,-1,1,-1
201501XH30349,2,3,0,9,0,8,0,0,0,0,1,1,6,1,45,7,125,1,4,-1,1,-1
201501XH30350,1,9,0,3,0,0,0,0,0,0,2,1,6,1,36,7,1968,2,7,-1,1,-1
201501XH30350,2,19,0,18,0,0,0,0,0,0,2,1,6,1,19,4,1753,2,12,-1,-1,-1
201501XH30351,1,1,0,18,0,0,0,0,0,0,1,1,6,1,47,8,-1,-1,-1,-1,-1,-1
201501XH30351,2,9,0,18,0,0,0,0,0,0,1,1,6,2,-1,-1,1149,1,10,-1,-1,-1
201501XH30355,1,9,0,18,0,8,0,10,3,10,1,1,6,1,49,8,-1,-1,-1,-1,1,-1
201501XH30356,1,9,0,18,0,8,0,0,0,0,1,1,6,1,-1,-1,-1,-1,-1,-1,-1,-1
201501XH30356,2,9,0,18,0,8,0,0,0,0,3,1,6,1,40,7,1596,1,14,-1,1,-1
201501XH30357,1,9,0,9,0,8,0,0,0,0,1,1,6,1,39,7,1299,1,8,-1,1,-1
201501XH30357,2,3,0,18,0,8,0,0,0,0,3,1,6,1,20,4,125,1,2,-1,1,-1
201501XH30361,1,9,0,17,0,0,0,0,1,0,1,1,6,2,41,7,1598,1,11,-1,1,-1
201501XH30361,2,9,0,16,0,0,0,0,1,0,1,1,6,2,25,5,1461,2,-1,-1,1,-1
201501XH30362,1,2,0,18,0,6,0,0,0,0,1,1,6,1,-1,-1,-1,-1,-1,-1,-1,-1
201501XH30362,2,1,0,18,0,8,0,0,0,0,4,1,6,2,52,8,-1,-1,-1,-1,1,-1
201501XH30363,1,9,0,18,0,8,0,0,0,0,4,1,6,1,25,5,1242,1,8,-1,1,-1
201501XH30365,1,9,0,4,0,0,0,0,0,0,1,1,6,2,34,6,1598,1,13,-1,-1,-1
201501XH30365,2,9,0,4,0,0,0,0,0,0,2,1,6,2,42,7,1798,1,4,-1,-1,-1
201501XH30366,1,9,0,4,0,1,0,0,0,0,2,1,2,1,42,7,1995,2,14,-1,1,-1
201501XH30366,2,9,0,18,0,1,0,0,0,0,1,1,6,2,-1,-1,-1,-1,-1,-1,-1,-1
201501XH30367,1,9,0,4,0,2,0,0,0,0,4,1,6,2,54,8,1198,1,5,-1,-1,-1
201501XH30368,1,9,0,5,0,1,0,0,0,0,1,1,6,1,20,4,1242,1,8,-1,1,-1
201501XH30368,2,9,0,4,0,1,0,0,0,0,2,1,3,2,46,8,1896,2,9,-1,1,-1
201501XH30369,1,9,0,3,0,0,0,0,0,0,2,1,6,1,61,9,1968,2,1,-1,3,-1
201501XH30369,2,9,0,18,0,0,0,0,0,0,1,1,6,1,38,7,2198,2,-1,-1,2,-1
201501XH30370,1,9,0,18,0,8,0,4,0,0,3,1,6,1,40,7,1339,1,10,-1,1,-1
201501XH30370,2,9,0,9,0,8,0,0,0,0,1,1,6,1,-1,-1,1973,1,14,-1,1,-1
201501XH30371,1,9,0,4,0,1,0,0,2,7,4,1,6,1,26,6,1124,1,10,-1,1,-1
201501XH30372,1,9,0,18,0,8,0,7,0,0,4,1,6,2,50,8,1796,1,11,-1,1,-1
201501XH30372,2,9,0,18,0,8,0,0,0,0,1,1,6,1,39,7,1598,1,9,-1,1,-1
201501XH30373,1,1,0,18,0,0,0,0,0,0,2,1,6,1,72,10,-1,-1,-1,-1,1,-1
201501XH30373,2,9,0,18,0,0,0,0,0,0,1,1,6,2,-1,-1,1598,1,4,-1,1,-1
201501XH30374,1,9,0,5,0,6,0,0,0,0,1,1,6,2,42,7,1797,8,4,-1,1,-1
201501XH30374,2,19,0,18,0,8,0,0,0,0,4,1,6,1,28,6,2402,2,5,-1,1,-1
201501XH30375,1,9,0,18,0,0,0,0,1,2,1,1,6,2,47,8,1598,1,11,-1,1,-1
201501XH30377,1,9,0,13,0,0,0,0,0,0,3,1,1,1,32,6,1587,1,12,-1,1,-1
201501XH30377,2,4,0,13,0,0,0,0,0,0,4,1,1,1,50,8,498,1,20,-1,1,-1
201501XH30378,1,11,0,4,0,0,0,0,0,0,4,1,1,1,44,7,4500,2,5,-1,1,-1
201501XH30379,1,9,0,18,0,8,0,0,0,0,3,1,6,1,26,6,1998,1,-1,-1,1,-1
201501XH30379,2,9,0,18,0,8,0,0,0,0,1,1,1,2,44,7,1796,1,4,-1,1,-1
201501XH30382,1,1,0,9,0,1,0,0,0,0,2,1,6,1,49,8,-1,-1,-1,-1,1,-1
201501XH30382,2,3,0,18,0,1,0,0,0,0,1,1,6,1,-1,-1,-1,-1,-1,-1,-1,-1
201501XH30386,1,9,0,9,0,8,0,10,3,10,1,1,6,1,85,11,998,1,1,-1,1,-1
201501XH30387,1,9,0,7,0,5,0,0,0,0,4,1,6,2,38,7,1997,2,4,-1,1,-1
201501XH30387,2,1,0,18,4,8,0,0,0,0,1,1,6,1,16,4,-1,-1,-1,-1,2,-1
201501XH30388,1,9,0,12,0,0,0,0,0,0,3,1,6,1,48,8,1995,2,2,-1,3,-1
201501XH30388,2,5,0,18,0,0,0,0,0,0,4,1,6,1,44,7,1250,1,15,-1,1,-1
201501XH30389,1,9,0,5,0,0,0,0,0,0,3,1,6,1,49,8,1910,2,7,-1,1,-1
201501XH30389,2,5,0,13,0,0,0,0,0,0,1,1,6,1,28,6,998,1,7,-1,1,-1
201501XH30390,1,9,0,18,0,0,0,0,0,0,4,1,6,2,59,9,998,1,13,-1,1,-1
201501XH30391,1,9,0,17,0,8,0,0,0,0,4,1,6,2,39,7,2688,2,11,-1,1,-1
201501XH30391,2,1,0,18,0,8,0,10,0,0,3,1,6,1,40,7,-1,-1,-1,-1,1,-1
201501XH30393,1,9,0,3,0,0,0,0,0,0,2,1,6,1,40,7,1339,1,1,-1,1,-1
201501XH30393,2,9,0,3,0,0,0,0,0,0,2,1,6,2,22,5,1490,1,10,-1,1,-1
201501XH30393,3,9,0,4,0,0,0,0,0,0,1,1,6,1,27,6,1796,1,13,-1,1,-1
201501XH30394,1,9,0,18,0,1,0,0,0,0,1,1,2,2,47,8,1598,1,2,-1,1,-1
201501XH30394,2,9,0,4,0,1,0,0,0,0,2,1,6,1,47,8,1599,1,14,-1,-1,-1
201501XH30395,1,9,0,12,0,0,0,0,0,0,3,1,2,1,26,6,1956,2,5,-1,-1,-1
201501XH30395,2,9,0,4,0,0,0,0,0,0,4,1,2,2,41,7,1968,2,4,-1,1,-1
201501XH30396,1,9,0,18,0,8,0,0,0,0,3,1,6,2,63,9,1199,1,11,-1,1,-1
201501XH30396,2,9,0,9,0,8,0,0,0,0,4,1,6,1,-1,-1,1896,2,10,-1,1,-1
201501XH30397,1,9,0,14,0,1,0,0,0,0,4,1,6,2,56,9,1398,1,5,-1,1,-1
201501XH30399,1,9,0,18,0,6,0,0,0,0,4,1,6,1,18,4,998,1,16,-1,1,-1
201501XH30399,2,9,0,5,0,8,0,0,0,0,3,1,6,2,30,6,1995,2,1,-1,1,-1
201501XH30400,1,11,0,4,0,1,0,0,0,0,0,1,1,1,56,9,4500,2,7,-1,-1,-1
201501XH30401,1,3,0,18,0,8,0,0,0,0,1,1,6,1,19,4,-1,-1,-1,-1,1,-1
201501XH30401,2,9,0,9,0,5,0,0,0,0,4,1,6,1,-1,-1,-1,-1,-1,-1,-1,-1
201501XH30402,1,9,0,18,0,0,0,0,5,6,1,1,6,2,51,8,1794,1,11,-1,1,-1
201501XH30403,1,9,0,3,0,1,0,0,0,0,2,1,2,2,24,5,1248,2,7,-1,1,-1
201501XH30403,2,9,0,5,0,1,0,0,0,0,1,1,6,1,-1,-1,1995,2,11,-1,-1,-1
201501XH30404,1,9,0,1,5,0,0,0,0,0,2,1,1,1,40,7,1796,1,11,-1,1,-1
201501XH30405,1,3,0,14,0,8,0,0,0,0,4,1,1,1,58,9,125,1,4,-1,1,-1
201501XH30405,2,9,0,9,0,6,0,0,0,0,1,1,1,1,57,9,1598,1,7,-1,1,-1
201501XH30407,1,9,0,18,0,0,0,0,0,0,1,1,6,2,24,5,1497,8,1,-1,1,-1
201501XH30407,2,9,0,3,0,0,0,0,0,0,2,1,6,2,23,5,1229,1,8,-1,1,-1
201501XH30407,3,9,0,3,0,0,0,0,0,0,2,1,6,3,55,8,1796,1,11,-1,1,-1
201501XH30408,1,21,0,18,0,0,0,0,0,0,4,1,1,1,-1,-1,16123,2,11,-1,-1,-1
201501XH30408,2,9,0,18,0,0,0,0,5,6,3,1,1,1,26,6,1360,1,9,-1,1,-1
201501XH30408,3,9,0,18,0,0,1,0,5,6,1,1,1,2,36,7,-1,-1,-1,-1,-1,-1
201501XH30408,4,19,0,18,0,0,0,0,0,0,4,1,1,1,50,8,-1,-1,-1,-1,3,-1
201501XH30409,1,9,0,4,0,0,0,0,0,0,0,1,6,2,50,8,1598,1,1,-1,1,-1
201501XH30409,2,9,0,18,0,0,1,4,0,0,1,1,6,1,20,4,-1,-1,-1,-1,-1,-1
201501XH30410,1,1,0,3,0,1,0,7,0,0,4,1,6,2,54,8,-1,-1,-1,-1,1,-1
201501XH30410,2,9,0,1,0,2,0,0,0,0,2,1,6,1,-1,-1,-1,-1,-1,-1,-1,-1
201501XH30413,1,4,0,13,0,1,0,0,0,0,4,1,2,1,20,4,296,1,1,-1,1,-1
201501XH30413,2,9,0,5,0,1,0,0,0,0,3,1,2,1,-1,-1,1896,2,9,-1,1,-1
201501XH30414,1,9,0,18,0,0,0,0,0,0,4,1,6,1,20,4,1598,1,9,-1,1,-1
201501XH30415,1,5,0,4,0,0,1,0,0,0,0,1,2,1,56,9,744,1,37,-1,1,-1
201501XH30415,2,9,0,12,0,0,0,0,0,0,0,1,6,3,-1,-1,-1,-1,-1,-1,-1,-1
201501XH30416,1,3,0,18,0,0,1,0,0,0,2,1,2,1,21,5,125,1,1,-1,1,-1
201501XH30417,1,3,0,7,0,8,0,10,0,0,1,1,6,1,18,4,-1,-1,-1,-1,-1,-1
201501XH30418,1,9,0,18,0,8,0,0,0,0,1,1,1,2,-1,-1,-1,-1,-1,-1,-1,-1
201501XH30418,2,9,0,9,0,8,0,0,0,0,3,1,6,1,53,8,3199,6,16,-1,1,-1
201501XH30420,1,9,0,9,0,8,0,0,0,0,4,1,3,2,41,7,1590,1,14,-1,1,-1
201501XH30420,2,9,0,7,0,8,0,0,1,10,3,1,3,2,39,7,1461,2,4,-1,-1,-1
201501XH30421,1,9,0,3,0,2,0,0,0,0,2,1,3,2,36,7,1598,1,5,-1,1,-1
201501XH30421,2,9,0,18,0,2,0,0,0,0,1,1,2,1,26,6,1493,2,9,-1,1,-1
201501XH30422,1,9,0,5,0,6,0,0,0,0,1,1,6,2,28,6,1388,1,15,-1,1,-1
201501XH30422,2,9,0,18,0,8,0,0,0,0,1,1,6,2,43,7,3436,1,3,-1,1,-1
201501XH30423,1,9,0,3,0,1,0,0,0,0,2,1,6,1,39,7,1794,1,13,-1,1,-1
201501XH30423,2,9,0,4,0,1,0,0,0,0,1,1,6,1,-1,-1,-1,-1,-1,-1,-1,-1
201501XH30425,1,9,0,2,0,0,0,0,0,0,2,1,6,3,-1,-1,1900,2,15,-1,-1,-1
201501XH30425,2,1,0,17,0,0,0,4,0,0,1,1,2,1,38,7,-1,-1,-1,-1,1,-1
201501XH30426,1,9,0,7,0,8,0,0,0,0,3,1,6,1,49,8,1598,1,7,-1,1,-1
201501XH30426,2,1,0,18,0,8,0,0,0,0,4,1,6,1,86,11,-1,-1,-1,-1,1,-1
201501XH30427,1,9,0,17,0,8,0,0,0,0,4,1,6,1,64,9,1389,1,12,-1,1,-1
201501XH30427,2,4,0,7,0,6,0,0,0,0,3,1,2,1,57,9,279,1,5,-1,1,-1
201501XH30428,1,9,0,8,0,1,0,0,0,0,2,1,6,2,22,5,1598,1,9,-1,2,-1
201501XH30428,2,20,0,9,0,1,0,0,0,0,1,1,6,3,-1,-1,-1,-1,-1,-1,-1,-1
201501XH30430,1,5,0,13,0,8,0,0,0,0,4,1,2,1,40,7,798,1,1,-1,1,-1
201501XH30430,2,9,0,9,0,5,0,0,0,0,3,1,2,1,19,4,-1,-1,-1,-1,1,-1
201501XH30431,1,9,0,4,0,0,0,0,0,0,1,1,6,1,71,10,1598,1,2,-1,1,-1
201501XH30432,1,9,0,7,0,5,0,7,1,2,1,1,6,1,55,8,-1,-1,-1,-1,1,-1
201501XH30433,1,3,0,18,0,1,0,0,0,0,3,1,2,1,24,5,124,1,3,-1,-1,-1
201501XH30433,2,9,0,11,0,1,0,0,0,0,4,1,6,3,-1,-1,-1,-1,-1,-1,-1,-1
201501XH30435,1,8,0,1,0,1,0,7,0,0,2,1,1,1,-1,-1,-1,-1,-1,-1,-1,-1
201501XH30436,1,9,0,3,0,1,0,0,0,0,2,1,2,1,45,7,1796,1,16,-1,1,-1
201501XH30436,2,9,0,4,0,1,0,0,0,0,1,1,6,2,24,5,1242,1,-1,-1,1,-1
201501XH30437,1,9,0,18,0,8,0,0,0,0,4,1,6,1,22,5,998,1,1,-1,1,-1
201501XH30437,2,9,0,12,0,8,1,0,5,6,3,1,6,1,21,5,1796,1,9,-1,1,-1
201501XH30438,1,9,0,1,0,0,0,0,0,0,2,1,6,1,44,7,1364,1,6,-1,1,-1
201501XH30438,2,9,0,18,0,0,0,0,0,0,1,1,6,1,27,6,1587,1,13,-1,1,-1
201501XH30440,1,1,0,18,0,8,0,0,0,0,3,1,6,1,11,3,-1,-1,-1,-1,1,-1
201501XH30440,2,9,0,18,0,8,0,0,0,0,3,1,6,2,20,4,1490,1,8,-1,-1,-1
201501XH30441,1,9,0,9,0,6,0,0,0,0,4,1,1,2,56,9,1390,1,12,-1,1,-1
201501XH30441,2,3,0,18,0,8,0,0,0,0,1,1,1,1,24,5,124,1,10,-1,1,-1
201501XH30442,1,19,0,1,0,0,0,0,0,0,2,1,6,3,-1,-1,-1,-1,-1,-1,-1,-1
201501XH30443,1,9,0,18,0,1,0,10,1,1,1,1,6,2,19,4,2354,1,11,-1,1,-1
201501XH30444,1,3,0,13,0,8,0,0,0,0,1,1,6,1,-1,-1,124,1,5,-1,-1,-1
201501XH30444,2,9,0,9,0,8,0,0,0,0,3,1,6,2,26,6,1149,1,8,-1,1,-1
201501XH30444,3,9,0,18,0,1,0,0,0,0,1,1,6,2,38,7,1794,1,11,-1,-1,-1
201501XH30446,1,9,0,18,0,1,0,0,0,0,1,1,6,1,40,7,1598,2,3,-1,1,-1
201501XH30446,2,9,0,10,0,1,0,0,0,0,2,1,6,2,52,8,1975,1,16,-1,1,-1
201501XH30447,1,9,0,4,0,0,0,0,1,0,2,1,6,2,52,8,1368,1,-1,-1,-1,-1
201501XH30447,2,9,0,18,0,0,2,0,5,6,1,1,1,1,45,7,2993,2,6,-1,1,-1
201501XH30449,1,90,0,5,0,0,0,0,0,0,1,1,6,1,48,8,-1,-1,-1,-1,1,-1
201501XH30449,2,9,0,18,0,0,1,10,1,1,3,1,1,1,27,6,1598,2,-1,-1,1,-1
201501XH30450,1,19,4,3,0,1,0,0,0,0,2,1,6,2,48,8,2151,2,12,-1,1,-1
201501XH30450,2,9,0,18,0,1,0,0,0,0,1,1,6,1,20,4,1199,1,12,-1,1,-1
201501XH30451,1,9,0,3,0,2,0,0,0,0,2,1,6,1,32,6,2204,2,10,-1,1,-1
201501XH30451,2,8,0,12,0,2,0,0,0,0,1,1,6,1,51,8,1997,2,6,-1,1,-1
201501XH30451,3,9,0,3,0,2,0,0,0,0,2,1,6,1,47,8,998,1,9,-1,1,-1
201501XH30452,1,11,0,18,2,8,0,0,0,0,1,1,1,3,-1,-1,8268,2,12,-1,-1,-1
201501XH30452,2,9,0,9,2,5,0,0,0,0,4,1,6,3,-1,-1,-1,-1,-1,-1,-1,-1
201501XH30453,1,9,0,18,0,0,0,0,0,0,1,1,6,1,37,7,1587,1,14,-1,1,-1
201501XH30453,2,9,0,18,0,0,0,0,0,0,2,1,6,1,33,6,2993,2,6,-1,1,-1
201501XH30454,1,9,0,6,0,8,0,0,0,0,4,1,6,1,48,8,1753,2,6,-1,1,-1
201501XH30454,2,3,0,18,0,8,0,0,0,0,1,1,6,1,21,5,124,1,10,-1,1,-1
201501XH30456,1,21,1,18,0,0,0,0,0,0,1,1,1,1,32,6,12900,2,4,-1,1,-1
201501XH30456,2,11,0,4,0,0,0,0,0,0,2,1,1,1,50,8,4500,2,5,-1,1,-1
201501XH30457,1,9,0,9,0,8,0,0,0,0,1,1,6,2,43,7,1229,1,6,-1,1,-1
201501XH30457,2,9,0,18,0,8,0,0,0,0,4,1,6,2,40,7,1390,1,10,-1,1,-1
201501XH30458,1,9,0,9,0,8,0,0,0,0,4,1,6,1,20,4,1396,1,12,-1,1,-1
201501XH30458,2,1,0,18,0,8,0,0,0,0,1,1,6,1,49,8,-1,-1,-1,-1,1,-1
201501XH30459,1,9,0,18,0,2,0,10,2,4,4,1,6,1,53,8,2000,2,10,-1,1,-1
201501XH30460,1,9,0,18,0,0,0,4,0,0,3,1,6,2,75,10,1422,2,5,-1,1,-1
201501XH30460,2,9,0,9,0,0,0,0,0,0,1,1,6,1,91,11,998,1,9,-1,1,-1
201501XH30460,3,9,0,2,0,0,0,0,0,0,2,1,6,1,55,8,2967,2,-1,-1,1,-1
201501XH30461,1,5,0,4,0,8,1,0,0,0,3,1,2,1,50,8,599,1,10,-1,1,-1
201501XH30461,2,9,0,12,0,8,0,0,0,0,4,1,2,1,44,7,2720,2,8,-1,3,-1
201501XH30462,1,9,0,18,0,8,0,0,0,0,4,1,1,1,38,7,1240,1,9,-1,1,-1
201501XH30462,2,1,0,18,0,8,0,0,0,0,1,1,6,1,10,2,-1,-1,-1,-1,1,-1
201501XH30463,1,9,0,1,0,0,0,0,0,0,2,1,6,1,-1,-1,1598,2,-1,-1,2,-1
201501XH30466,1,9,0,7,0,8,0,0,0,0,1,1,6,2,40,7,1797,8,3,-1,1,-1
201501XH30466,2,3,0,18,0,8,0,0,0,0,4,1,6,1,48,8,108,1,2,-1,1,-1
201501XH30467,1,9,0,3,0,2,0,0,0,0,1,1,6,1,29,6,1997,1,11,-1,1,-1
201501XH30467,2,9,0,3,0,2,0,0,0,0,2,1,6,1,36,7,1398,2,11,-1,1,-1
201501XH30467,3,19,0,3,0,2,0,0,0,0,2,1,6,1,37,7,2460,2,8,-1,1,-1
201501XH30468,1,11,0,4,0,1,0,0,0,0,0,1,1,1,37,7,9360,2,5,-1,1,-1
201501XH30469,1,19,0,4,0,8,1,9,0,0,1,1,1,1,-1,-1,1248,2,9,-1,1,-1
201501XH30470,1,9,0,3,0,0,0,0,0,0,2,1,6,1,39,7,2143,2,-1,-1,-1,-1
201501XH30470,2,9,0,18,0,0,0,0,0,0,1,1,6,1,20,4,1108,1,6,-1,1,-1
201501XH30471,1,9,0,18,7,6,0,0,0,0,1,1,6,3,51,8,1493,1,16,-1,1,-1
201501XH30471,2,9,0,2,0,1,1,0,0,0,2,1,6,1,38,7,998,1,10,-1,1,-1
201501XH30473,1,1,0,18,4,0,0,0,0,0,1,1,6,1,-1,-1,-1,-1,-1,-1,-1,-1
201501XH30474,1,1,0,18,4,8,0,0,0,0,1,1,6,1,-1,-1,-1,-1,-1,-1,1,-1
201501XH30474,2,9,0,7,0,8,0,0,0,0,3,1,6,2,61,9,-1,-1,-1,-1,-1,-1
201501XH30475,1,9,0,3,0,1,0,0,0,0,2,1,6,1,47,8,1598,2,3,-1,1,-1
201501XH30475,2,9,0,18,0,1,0,0,0,0,1,1,6,1,38,7,1968,2,3,-1,1,-1
201501XH30476,1,9,0,4,0,1,0,0,0,0,1,1,6,1,22,5,1598,1,14,-1,1,-1
201501XH30476,2,9,0,3,0,1,0,0,0,0,2,1,6,1,29,6,1986,2,10,-1,1,-1
201501XH30477,1,9,0,9,0,8,0,0,0,0,1,1,6,1,48,8,1968,2,1,-1,1,-1
201501XH30477,2,9,0,18,0,8,0,0,0,0,3,1,6,2,54,8,1248,1,2,-1,1,-1
201501XH30478,1,9,0,4,0,1,0,0,0,0,2,1,6,2,32,6,1969,2,-1,-1,1,-1
201501XH30478,2,9,0,18,0,1,1,0,0,0,1,1,6,1,-1,-1,1398,1,1,-1,1,-1
201501XH30479,1,9,0,9,0,5,0,0,0,0,1,1,6,1,42,7,1796,1,9,-1,1,-1
201501XH30479,2,1,0,18,0,8,0,0,0,0,1,1,6,1,31,6,-1,-1,-1,-1,1,-1
201501XH30480,1,3,0,4,0,2,0,0,0,0,1,1,6,1,37,7,49,1,9,-1,1,-1
201501XH30480,2,9,0,1,0,1,0,0,0,0,2,1,6,1,49,8,1995,2,2,-1,1,-1
201501XH30481,1,9,0,3,0,0,0,0,0,0,2,1,6,1,43,7,1997,1,4,-1,1,-1
201501XH30481,2,9,0,18,0,0,0,0,0,0,1,1,6,1,27,6,1797,8,1,-1,1,-1
201501XH30482,1,9,0,9,0,2,0,4,0,0,3,1,6,1,21,5,1596,1,11,-1,1,-1
201501XH30484,1,9,0,18,0,0,0,0,0,0,1,1,6,1,50,8,-1,-1,-1,-1,3,-1
201501XH30484,2,19,0,4,0,0,0,0,0,0,2,1,6,1,50,8,2148,2,9,-1,1,-1
201501XH30484,3,9,0,3,0,0,0,0,0,0,2,1,6,1,69,10,1968,2,5,-1,1,-1
201501XH30486,1,9,0,9,0,8,0,0,0,0,1,1,6,1,23,5,1753,2,6,-1,1,-1
201501XH30486,2,9,0,14,0,8,0,0,0,0,4,1,6,1,23,5,1461,2,-1,-1,-1,-1
201501XH30487,1,9,0,3,0,0,0,0,0,0,2,1,6,2,50,8,998,1,4,-1,3,-1
201501XH30487,2,9,0,18,0,0,0,0,0,0,1,1,6,1,-1,-1,1796,1,16,-1,-1,-1
201501XH30488,1,20,0,18,0,0,0,6,0,0,1,1,1,1,35,6,-1,-1,-1,-1,1,-1
201501XH30489,1,9,0,10,0,8,0,0,0,0,1,1,3,1,30,6,1998,2,11,-1,1,-1
201501XH30489,2,9,0,18,0,8,0,0,0,0,3,1,6,1,38,7,1799,1,6,-1,1,-1
201501XH30490,1,9,0,3,0,1,0,0,0,0,2,1,6,2,29,6,1598,1,10,-1,1,-1
201501XH30490,2,9,0,18,0,1,0,0,0,0,1,1,6,1,39,7,1991,2,9,-1,1,-1
201501XH30491,1,9,0,4,0,0,0,0,0,0,2,1,1,1,34,6,1242,1,1,-1,1,-1
201501XH30491,2,9,0,4,0,0,0,0,0,0,1,1,6,1,21,5,1397,1,14,-1,1,-1
201501XH30492,1,9,0,4,0,1,1,0,0,0,1,1,2,2,23,5,1108,1,13,-1,1,-1
201501XH30492,2,9,0,4,0,1,0,0,0,0,2,1,1,1,55,8,-1,-1,-1,-1,1,-1
201501XH30493,1,1,0,18,0,0,0,0,0,0,1,1,6,1,29,6,-1,-1,-1,-1,1,-1
201501XH30493,2,5,0,14,0,0,0,0,0,0,1,1,6,2,35,6,749,1,8,-1,1,-1
201501XH30494,1,9,0,18,0,1,0,0,0,0,2,1,6,1,22,5,1968,2,-1,-1,1,-1
201501XH30494,2,90,0,18,0,1,0,0,0,0,1,1,1,1,-1,-1,-1,-1,-1,-1,-1,-1
201501XH30495,1,19,0,18,0,6,0,0,0,0,1,1,2,1,31,6,1686,2,12,-1,1,-1
201501XH30495,2,9,0,4,0,6,0,0,0,0,2,1,2,2,44,7,1242,1,2,-1,1,-1