Accident_Index,Vehicle_Reference,Vehicle_Type,Towing_and_Articulation,Vehicle_Manoeuvre,Vehicle_Location-Restricted_Lane,Junction_Location,Skidding_and_Overturning,Hit_Object_in_Carriageway,Vehicle_Leaving_Carriageway,Hit_Object_off_Carriageway,1st_Point_of_Impact,Was_Vehicle_Left_Hand_Drive?,Journey_Purpose_of_Driver,Sex_of_Driver,Age_of_Driver,Age_Band_of_Driver,Engine_Capacity_(CC),Propulsion_Code,Age_of_Vehicle,Driver_IMD_Decile,Driver_Home_Area_Type,Vehicle_IMD_Decile
201501XH30496,1,9,0,4,0,2,0,0,0,0,1,1,6,1,39,7,1560,2,4,-1,1,-1
201501XH30497,1,9,0,16,0,2,0,0,0,0,4,1,6,3,-1,-1,-1,-1,-1,-1,-1,-1
201501XH30498,1,9,0,9,0,8,0,0,0,0,3,1,6,1,49,8,-1,-1,-1,-1,1,-1
201501XH30498,2,1,0,18,0,8,0,0,0,0,1,1,6,2,46,8,-1,-1,-1,-1,1,-1
201501XH30499,1,5,0,18,0,0,0,0,0,0,3,1,6,1,32,6,660,1,6,-1,1,-1
201501XH30500,1,9,0,9,0,8,0,0,0,0,1,1,6,1,-1,-1,-1,-1,-1,-1,-1,-1
201501XH30500,2,9,0,5,0,8,0,0,0,0,1,1,6,2,65,9,-1,-1,-1,-1,-1,-1
201501XH30501,1,9,0,3,0,0,0,0,0,0,2,1,6,2,50,8,1229,1,3,-1,1,-1
201501XH30501,2,4,0,15,0,0,0,0,0,0,1,1,6,1,34,6,998,1,8,-1,1,-1
201501XH30502,1,9,0,18,0,8,0,0,3,10,3,1,1,1,28,6,2616,1,11,-1,-1,-1
201501XH30502,2,11,0,18,0,8,0,0,0,0,1,1,2,1,62,9,9360,2,4,-1,1,-1
201501XH30504,1,20,0,5,0,6,0,0,0,0,4,1,1,1,42,7,2998,2,3,-1,1,-1
201501XH30504,2,9,0,18,0,8,0,0,0,0,1,1,6,2,36,7,1397,1,3,-1,1,-1
201501XH30505,1,9,0,4,0,2,0,0,0,0,2,1,6,1,41,7,998,1,12,-1,1,-1
201501XH30505,2,8,0,4,0,2,0,0,0,0,2,1,6,1,77,11,2402,2,12,-1,1,-1
201501XH30505,3,9,0,4,0,2,0,0,0,0,2,1,6,1,58,9,1998,1,9,-1,1,-1
201501XH30505,4,9,0,4,0,2,0,0,0,0,2,1,6,1,28,6,1590,1,10,-1,1,-1
201501XH30505,5,9,0,4,0,2,0,0,0,0,2,1,6,1,26,6,1896,2,13,-1,-1,-1
201501XH30505,6,9,0,4,0,2,0,0,0,0,3,1,6,1,33,6,1329,1,4,-1,-1,-1
201501XH30505,7,9,0,4,0,2,0,0,0,0,1,1,6,1,22,5,1364,1,8,-1,1,-1
201501XH30506,1,9,0,4,0,8,0,0,0,0,4,1,6,1,-1,-1,1388,1,7,-1,1,-1
201501XH30506,2,1,0,18,0,6,0,0,0,0,1,1,6,1,19,4,-1,-1,-1,-1,1,-1
201501XH30508,1,1,0,18,0,1,0,0,0,0,4,1,6,1,14,3,-1,-1,-1,-1,1,-1
201501XH30508,2,9,0,18,0,1,0,0,0,0,1,1,6,1,-1,-1,-1,-1,-1,-1,-1,-1
201501XH30510,1,1,0,13,0,8,0,0,0,0,1,1,2,1,45,7,-1,-1,-1,-1,1,-1
201501XH30510,2,9,0,9,0,8,0,0,0,0,1,1,2,1,-1,-1,1968,2,1,-1,-1,-1
201501XH30511,1,3,0,18,0,8,0,0,0,0,1,1,6,1,24,5,125,1,11,-1,1,-1
201501XH30511,2,19,0,9,0,6,0,0,0,0,3,1,6,1,29,6,2198,2,-1,-1,3,-1
201501XH30514,1,9,0,9,0,5,0,0,0,0,4,1,6,1,19,4,-1,-1,-1,-1,-1,-1
201501XH30514,2,9,0,18,0,8,0,0,0,0,3,1,6,1,-1,-1,1598,1,12,-1,1,-1
201501XH30518,1,11,0,4,0,1,0,0,0,0,0,1,1,3,-1,-1,-1,-1,-1,-1,-1,-1
201501XH30519,1,9,0,7,0,8,0,0,0,0,3,1,6,2,34,6,1242,1,8,-1,1,-1
201501XH30519,2,20,0,7,0,8,0,0,0,0,1,1,1,1,36,7,6692,2,5,-1,1,-1
201501XH30520,1,9,0,9,0,8,0,0,0,0,1,1,1,1,49,8,1998,2,12,-1,1,-1
201501XH30520,2,3,0,18,0,8,0,0,0,0,4,1,1,1,19,4,125,1,4,-1,1,-1
201501XH30521,1,9,0,9,0,5,0,0,0,0,1,1,6,2,63,9,1388,1,6,-1,1,-1
201501XH30521,2,9,0,18,0,8,0,0,0,0,3,1,6,2,83,11,1399,1,7,-1,1,-1
201501XH30522,1,19,0,18,0,8,0,0,0,0,1,1,6,1,44,7,2151,2,13,-1,1,-1
201501XH30522,2,9,0,9,0,5,0,0,0,0,4,1,6,2,32,6,1596,1,6,-1,-1,-1
201501XH30523,1,8,0,3,0,1,0,0,0,0,2,1,1,1,35,6,999,1,6,-1,1,-1
201501XH30523,2,19,5,18,0,1,0,0,0,0,1,1,1,1,24,5,2198,2,2,-1,3,-1
201501XH30526,1,3,0,18,0,8,0,0,0,0,1,1,6,1,25,5,599,1,10,-1,-1,-1
201501XH30526,2,9,0,9,0,6,0,0,0,0,1,1,6,1,-1,-1,1497,8,7,-1,-1,-1
201501XH30528,1,9,0,17,0,8,0,0,0,0,1,1,2,1,40,7,1973,1,17,-1,1,-1
201501XH30528,2,9,0,7,0,8,0,0,0,0,4,1,2,1,-1,-1,1396,1,16,-1,2,-1
201501XH30529,1,8,0,18,0,1,0,0,0,0,1,1,1,1,40,7,1797,8,5,-1,1,-1
201501XH30529,2,9,0,9,0,8,1,0,0,0,3,1,6,1,26,6,1390,1,3,-1,1,-1
201501XH30530,1,10,0,4,0,0,1,0,0,0,1,1,6,1,52,8,2402,2,11,-1,1,-1
201501XH30530,2,90,0,4,0,0,0,0,0,0,2,1,1,1,53,8,-1,-1,-1,-1,1,-1
201501XH30531,1,9,0,17,0,0,0,0,0,0,1,1,6,1,40,7,1679,1,14,-1,1,-1
201501XH30531,2,21,0,16,0,0,0,0,0,0,3,1,1,1,35,6,12740,2,4,-1,1,-1
201501XH30532,1,9,0,18,0,1,1,0,0,0,1,1,6,2,34,6,1560,2,9,-1,-1,-1
201501XH30532,2,8,0,18,0,1,0,0,0,0,2,1,1,1,34,6,1797,8,5,-1,1,-1
201501XH30533,1,9,0,4,0,1,0,0,0,0,2,1,6,1,31,6,1598,2,-1,-1,1,-1
201501XH30533,2,9,0,4,0,1,0,0,0,0,2,1,6,2,31,6,1360,1,8,-1,1,-1
201501XH30533,3,9,0,4,0,1,0,0,0,0,1,1,6,1,29,6,1794,1,12,-1,1,-1
201501XH30534,1,1,0,9,0,5,0,0,0,0,1,1,6,1,41,7,-1,-1,-1,-1,1,-1
201501XH30534,2,9,0,9,0,5,0,0,0,0,4,1,6,3,-1,-1,-1,-1,-1,-1,-1,-1
201501XH30536,1,9,0,18,0,8,0,0,0,0,4,1,3,2,42,7,1206,1,6,-1,1,-1
201501XH30536,2,9,0,7,0,5,0,0,0,0,1,1,6,1,-1,-1,-1,-1,-1,-1,-1,-1
201501XH30537,1,9,0,8,0,8,0,0,0,0,2,1,6,1,46,8,1598,1,10,-1,1,-1
201501XH30537,2,19,0,5,0,8,0,0,0,0,1,1,1,1,52,8,1248,2,3,-1,1,-1
201501XH30538,1,9,0,3,0,0,0,0,0,0,2,1,6,1,45,7,998,1,6,-1,1,-1
201501XH30538,2,9,0,3,0,0,0,0,0,0,2,1,6,1,52,8,1968,2,5,-1,1,-1
201501XH30538,3,9,0,4,0,0,0,0,0,0,2,1,6,1,38,7,2171,1,10,-1,1,-1
201501XH30538,4,9,0,3,0,0,0,0,0,0,3,1,6,1,18,4,1124,1,15,-1,1,-1
201501XH30538,5,9,0,18,0,0,0,0,0,0,1,1,6,1,26,6,1956,2,4,-1,1,-1
201501XH30539,1,9,0,9,0,0,0,0,0,0,3,1,6,1,33,6,1388,1,8,-1,-1,-1
201501XH30539,2,3,0,13,0,0,0,0,0,0,4,1,6,1,-1,-1,-1,-1,-1,-1,-1,-1
201501XH30540,1,1,0,18,0,0,0,0,0,0,0,1,6,1,30,6,-1,-1,-1,-1,1,-1
201501XH30541,1,19,0,9,0,8,0,0,0,0,4,1,6,1,38,7,1998,2,10,-1,1,-1
201501XH30541,2,9,0,18,0,8,0,0,0,0,1,1,6,2,27,6,1598,2,2,-1,1,-1
201501XH30542,1,4,0,18,0,0,1,0,0,0,3,1,6,1,48,8,499,1,16,-1,-1,-1
201501XH30542,2,9,0,11,0,0,0,0,0,0,4,1,6,1,27,6,2497,1,8,-1,1,-1
201501XH30544,1,9,0,4,0,0,0,0,0,0,2,1,6,2,35,6,1364,1,8,-1,1,-1
201501XH30544,2,9,0,18,0,0,0,0,0,0,1,1,6,2,-1,-1,-1,-1,-1,-1,-1,-1
201501XH30545,1,9,0,4,0,1,0,0,0,0,4,1,6,2,62,9,999,1,1,-1,1,-1
201501XH30546,1,9,0,4,0,0,0,0,4,6,2,1,6,2,34,6,1598,1,11,-1,1,-1
201501XH30546,2,9,0,18,0,0,0,0,0,0,1,1,6,2,35,6,1596,1,7,-1,1,-1
201501XH30547,1,9,0,9,0,8,0,0,0,0,4,1,1,1,25,5,1910,2,5,-1,1,-1
201501XH30547,2,9,0,18,0,8,0,0,0,0,1,1,6,1,45,7,998,1,14,-1,1,-1
201501XH30549,1,9,0,1,0,0,0,0,0,0,2,1,6,1,30,6,1560,2,7,-1,1,-1
201501XH30549,2,9,0,1,0,0,0,0,0,0,2,1,6,1,-1,-1,1149,1,11,-1,-1,-1
201501XH30550,1,9,0,9,0,8,0,0,0,0,1,1,1,2,35,6,1796,7,11,-1,1,-1
201501XH30550,2,1,0,9,0,8,0,0,0,0,1,1,6,1,57,9,-1,-1,-1,-1,1,-1
201501XH30551,1,9,0,18,0,1,0,0,0,0,2,1,1,1,39,7,1797,8,5,-1,1,-1
201501XH30551,2,19,0,18,0,1,0,0,0,0,1,1,1,1,29,6,2402,2,4,-1,1,-1
201501XH30552,1,9,0,5,0,2,0,0,3,10,1,2,6,1,47,8,1997,1,7,-1,1,-1
201501XH30553,1,19,0,18,0,0,5,10,1,0,2,1,6,1,47,8,2198,2,1,-1,1,-1
201501XH30553,2,9,0,18,0,0,0,0,0,0,1,1,6,2,33,6,998,1,15,-1,1,-1
201501XH30554,1,5,0,18,0,2,0,0,0,0,1,1,6,1,53,8,1600,1,14,-1,1,-1
201501XH30556,1,9,0,4,0,0,0,0,0,0,2,1,6,2,41,7,1198,1,1,-1,1,-1
201501XH30556,2,9,0,18,0,0,0,0,0,0,1,1,6,1,47,8,1199,1,14,-1,1,-1
201501XH30557,1,9,0,18,0,8,1,0,1,10,1,1,2,1,26,6,1995,2,8,-1,1,-1
201501XH30557,2,90,0,18,0,8,1,0,7,10,4,1,2,1,26,6,-1,-1,-1,-1,1,-1
201501XH30558,1,9,0,7,0,2,0,10,7,10,1,1,2,2,22,5,1198,1,1,-1,1,-1
201501XH30558,2,9,0,2,9,1,0,0,0,0,0,1,6,2,55,8,1596,1,10,-1,-1,-1
201501XH30558,3,9,0,18,0,1,0,0,0,0,1,1,6,3,-1,-1,-1,-1,-1,-1,-1,-1
201501XH30559,1,9,0,18,0,8,0,0,0,0,4,1,6,2,26,6,998,1,1,-1,-1,-1
201501XH30559,2,19,0,12,0,8,0,0,0,0,3,1,6,1,-1,-1,1870,2,12,-1,-1,-1
201501XH30560,1,9,0,18,0,2,0,0,0,0,1,1,6,1,63,9,1596,1,6,-1,1,-1
201501XH30560,2,9,0,18,0,2,0,0,0,0,1,1,2,2,25,5,1360,1,12,-1,1,-1
201501XH30560,3,9,0,4,0,2,0,0,0,0,2,1,6,1,-1,-1,2497,2,11,-1,-1,-1
201501XH30560,4,9,0,4,0,2,0,0,0,0,1,1,6,3,-1,-1,-1,-1,-1,-1,-1,-1
201501XH30561,1,9,0,10,0,8,0,0,0,0,2,1,6,1,30,6,1968,2,6,-1,1,-1
201501XH30561,2,9,0,18,0,8,0,0,0,0,1,1,6,1,22,5,1596,1,7,-1,1,-1
201501XH30562,1,9,0,9,0,8,0,0,0,0,4,1,6,1,33,6,1896,2,13,-1,1,-1
201501XH30562,2,1,0,18,0,8,0,0,0,0,1,1,6,2,31,6,-1,-1,-1,-1,1,-1
201501XH30563,1,9,0,18,0,2,0,0,0,0,4,1,1,2,59,9,1995,1,12,-1,1,-1
201501XH30564,1,9,0,8,0,1,0,0,0,0,2,1,6,2,48,8,1364,1,10,-1,1,-1
201501XH30564,2,9,0,5,0,1,0,0,0,0,1,1,6,1,45,7,1339,8,6,-1,1,-1
201501XH30566,1,9,0,9,0,8,0,0,0,0,1,1,6,2,21,5,998,1,13,-1,2,-1
201501XH30566,2,9,0,18,0,8,0,0,0,0,1,1,6,2,52,8,1998,2,11,-1,1,-1
201501XH30567,1,9,0,18,0,1,0,0,0,0,1,1,6,2,52,8,1386,1,12,-1,1,-1
201501XH30567,2,9,0,3,0,1,0,0,0,0,2,1,6,1,67,10,1968,2,5,-1,-1,-1
201501XH30567,3,9,3,3,0,1,0,0,0,0,2,1,6,2,40,7,2993,2,4,-1,1,-1
201501XH30569,1,9,0,4,0,0,0,0,0,0,2,1,6,1,37,7,1753,2,6,-1,1,-1
201501XH30569,2,19,0,18,0,0,0,0,0,0,1,1,6,1,60,9,-1,-1,-1,-1,1,-1
201501XH30570,1,21,0,18,0,8,0,0,0,0,3,1,1,1,47,8,11705,2,6,-1,3,-1
201501XH30570,2,9,0,9,0,8,0,0,0,0,1,1,6,1,56,9,2995,1,11,-1,1,-1
201501XH30571,1,9,0,4,0,0,0,0,0,0,2,1,6,1,69,10,1498,1,16,-1,1,-1
201501XH30571,2,9,0,18,0,0,0,0,0,0,1,1,6,2,56,9,1998,1,13,-1,1,-1
201501XH30572,1,9,0,7,0,2,0,0,0,0,1,1,6,2,53,8,1998,1,11,-1,-1,-1
201501XH30573,1,9,0,9,0,8,0,0,0,0,3,1,6,1,-1,-1,-1,-1,-1,-1,-1,-1
201501XH30575,1,8,0,18,0,0,0,0,0,0,1,1,1,1,55,8,2499,2,8,-1,1,-1
201501XH30575,2,9,0,3,0,0,0,0,0,0,2,1,6,2,20,4,1229,1,10,-1,1,-1
201501XH30575,3,8,0,3,0,0,0,0,0,0,2,1,6,1,37,7,1896,2,5,-1,1,-1
201501XH30577,1,19,0,3,0,0,0,0,0,0,2,1,6,1,32,6,-1,-1,-1,-1,-1,-1
201501XH30577,2,9,0,3,0,0,0,0,0,0,2,1,6,1,54,8,1598,2,3,-1,1,-1
201501XH30577,3,8,0,18,0,0,0,0,0,0,1,1,1,1,30,6,1995,2,3,-1,1,-1
201501XH30578,1,9,0,18,0,0,5,4,7,10,4,1,6,1,33,6,1364,1,-1,-1,1,-1
201501XH30579,1,9,0,1,0,0,0,0,0,0,2,1,6,2,-1,-1,1388,1,17,-1,1,-1
201501XH30581,1,9,0,4,0,1,0,0,0,0,4,1,6,1,68,10,1390,1,7,-1,1,-1
201501XH30582,1,20,0,7,0,8,0,0,0,0,1,1,1,1,59,9,10837,2,6,-1,1,-1
201501XH30582,2,9,0,18,0,8,0,0,0,0,4,1,6,1,37,7,1598,2,2,-1,1,-1
201501XH30583,1,90,0,4,0,1,0,0,0,0,1,1,1,1,33,6,-1,-1,-1,-1,1,-1
201501XH30583,2,9,0,18,0,1,0,0,0,0,4,1,6,2,30,6,1598,1,8,-1,1,-1
201501XH30584,1,19,0,18,0,1,0,0,0,0,4,1,2,1,44,7,2460,2,6,-1,2,-1
201501XH30585,1,9,0,18,0,8,0,0,0,0,4,1,6,2,26,6,998,1,1,-1,1,-1
201501XH30585,2,9,0,18,0,8,0,0,0,0,1,2,6,1,52,8,-1,-1,-1,-1,1,-1
201501XH30586,1,9,0,3,0,1,0,0,0,0,3,1,6,2,50,8,1896,2,12,-1,1,-1
201501XH30586,2,3,0,14,0,1,0,0,0,0,4,1,6,1,38,7,125,1,10,-1,1,-1
201501XH30587,1,9,0,18,0,1,0,4,0,0,1,1,6,2,81,11,1198,1,4,-1,1,-1
201501XH30587,2,9,0,2,0,1,0,0,0,0,2,1,6,3,-1,-1,1999,1,9,-1,-1,-1
201501XH30588,1,9,0,18,0,8,0,0,0,0,1,1,2,1,62,9,-1,-1,-1,-1,1,-1
201501XH30588,2,1,0,18,0,8,0,0,0,0,3,1,6,1,12,3,-1,-1,-1,-1,1,-1
201501XH30589,1,9,0,18,0,8,0,0,0,0,1,1,6,2,21,5,1149,1,8,-1,1,-1
201501XH30589,2,9,0,4,0,8,0,0,0,0,2,1,6,2,53,8,1388,1,8,-1,1,-1
201501XH30589,3,9,0,4,0,8,0,0,0,0,2,1,6,1,25,5,1149,1,18,-1,-1,-1
201501XH30590,1,1,0,5,0,1,0,0,0,0,3,1,6,2,31,6,-1,-1,-1,-1,1,-1
201501XH30590,2,9,0,5,0,1,0,0,0,0,4,1,6,3,-1,-1,-1,-1,-1,-1,-1,-1
201501XH30591,1,9,0,1,0,8,0,0,0,0,2,1,6,1,38,7,1598,2,1,-1,1,-1
201501XH30591,2,9,0,18,0,8,0,4,0,0,4,1,6,1,34,6,-1,-1,-1,-1,1,-1
201501XH30593,1,9,0,9,0,8,0,0,0,0,1,1,6,1,35,6,1598,1,7,-1,1,-1
201501XH30593,2,9,0,18,0,8,0,0,0,0,1,1,6,1,29,6,1124,1,14,-1,1,-1
201501XH30596,1,8,0,18,0,8,0,0,0,0,2,1,6,1,38,7,1796,1,3,-1,1,-1
201501XH30596,2,19,0,18,0,8,0,0,0,0,1,1,6,1,57,9,1968,2,-1,-1,1,-1
201501XH30597,1,9,0,18,0,0,0,0,0,0,1,1,6,1,29,6,1968,2,8,-1,1,-1
201501XH30599,1,3,0,5,0,1,0,0,0,0,3,1,6,1,31,6,124,1,9,-1,1,-1
201501XH30600,1,11,0,18,0,0,0,0,0,0,4,1,1,2,61,9,9600,2,15,-1,1,-1
201501XH30601,1,9,0,17,0,8,0,10,1,2,1,1,6,2,21,5,1199,1,11,-1,1,-1
201501XH30602,1,9,0,18,0,0,1,10,2,7,4,1,6,3,-1,-1,1587,1,9,-1,-1,-1
201501XH30602,2,9,0,12,0,0,2,10,1,0,3,1,6,1,31,6,-1,-1,-1,-1,1,-1
201501XH30602,3,9,0,18,0,0,0,0,0,0,3,1,6,1,23,5,1895,1,15,-1,1,-1
201501XH30604,1,9,0,9,0,2,0,0,0,0,1,1,2,1,35,6,2976,1,10,-1,1,-1
201501XH30605,1,9,0,18,0,8,0,0,0,0,1,1,6,1,26,6,1242,1,15,-1,1,-1
201501XH30605,2,9,0,7,0,8,0,0,0,0,1,1,6,1,-1,-1,2295,1,13,-1,-1,-1
201501XH30606,1,9,0,3,0,1,0,0,0,0,2,1,6,2,39,7,1598,1,13,-1,1,-1
201501XH30606,2,8,0,5,0,1,0,0,0,0,1,1,6,1,41,7,1997,2,1,-1,1,-1
201501XH30606,3,9,0,3,0,1,0,0,0,0,2,1,6,1,25,5,1598,2,-1,-1,1,-1
201501XH30607,1,4,0,13,0,1,0,0,0,0,4,1,6,1,21,5,296,1,1,-1,1,-1
201501XH30607,2,9,0,9,0,1,0,0,0,0,3,1,6,3,-1,-1,2398,1,15,-1,-1,-1
201501XH30608,1,9,0,18,0,0,0,7,0,0,1,1,6,2,24,5,1299,1,11,-1,1,-1
201501XH30609,1,9,0,6,0,2,0,0,0,0,3,1,6,1,42,7,1591,1,7,-1,1,-1
201501XH30609,2,3,0,14,0,2,0,0,0,0,1,1,6,1,48,8,124,1,16,-1,1,-1
201501XH30610,1,3,0,18,0,0,0,0,0,0,3,1,6,1,40,7,124,1,8,-1,1,-1
201501XH30610,2,9,0,5,0,0,0,0,0,0,0,1,6,1,51,8,2143,2,4,-1,1,-1
201501XH30613,1,9,0,18,0,8,0,0,0,0,1,1,6,1,20,4,1995,2,6,-1,1,-1
201501XH30613,2,1,0,18,0,8,0,0,0,0,4,1,6,1,43,7,-1,-1,-1,-1,1,-1
201501XH30614,1,19,0,18,0,8,0,0,0,0,1,1,6,1,45,7,1968,2,-1,-1,1,-1
201501XH30614,2,9,0,18,0,8,0,0,0,0,4,1,6,2,20,4,1198,1,9,-1,1,-1
201501XH30615,1,3,0,18,0,1,0,0,0,0,1,1,6,1,19,4,124,1,4,-1,1,-1
201501XH30615,2,9,0,1,0,2,0,0,0,0,4,1,6,1,53,8,1991,2,10,-1,1,-1
201501XH30617,1,9,0,18,0,0,0,0,0,0,1,1,6,1,32,6,1199,1,13,-1,1,-1
201501XH30617,2,9,0,4,0,0,0,0,0,0,2,1,1,1,47,8,2143,2,4,-1,1,-1
201501XH30618,1,9,0,18,0,2,0,0,0,0,3,1,6,3,-1,-1,-1,-1,-1,-1,-1,-1
201501XH30619,1,9,0,18,0,2,0,0,0,0,4,1,6,2,53,8,1390,1,15,-1,1,-1
201501XH30622,1,9,0,3,0,1,0,0,0,0,2,1,6,2,35,6,1198,1,6,-1,1,-1
201501XH30622,2,9,0,4,0,1,0,0,0,0,1,1,6,1,-1,-1,3999,1,7,-1,-1,-1
201501XH30623,1,9,0,16,0,8,0,0,0,0,1,1,6,2,35,6,1968,2,4,-1,-1,-1
201501XH30623,2,9,0,16,0,8,0,0,0,0,2,1,6,2,35,6,1598,1,7,-1,-1,-1
201501XH30624,1,9,0,18,0,8,0,10,3,3,1,1,6,2,27,6,1229,1,10,-1,1,-1
201501XH30624,2,9,0,18,0,8,0,0,0,0,1,1,6,1,48,8,1598,1,11,-1,1,-1
201501XH30625,1,20,0,18,0,0,0,0,0,0,1,1,1,1,64,9,5880,2,9,-1,1,-1
201501XH30625,2,9,0,4,0,0,0,0,0,0,2,1,6,1,61,9,1988,1,15,-1,1,-1
201501XH30625,3,9,0,4,0,0,0,0,0,0,2,1,6,1,57,9,1997,2,4,-1,1,-1
201501XH30625,4,9,0,3,0,0,0,0,0,0,2,1,6,1,45,7,1997,2,4,-1,1,-1
201501XH30626,1,1,0,13,0,0,0,4,0,0,3,1,6,2,36,7,-1,-1,-1,-1,1,-1
201501XH30626,2,9,0,12,0,0,0,0,0,0,4,1,6,3,-1,-1,1386,1,5,-1,-1,-1
201501XH30627,1,5,0,18,0,0,0,10,4,6,1,1,6,1,25,5,599,1,12,-1,1,-1
201501XH30633,1,9,0,6,0,8,0,0,0,0,4,1,1,1,45,7,1686,2,9,-1,1,-1
201501XH30633,2,9,0,9,0,8,0,0,0,0,3,1,6,2,23,5,1242,1,3,-1,1,-1
201501XH30634,1,1,0,18,0,0,1,10,1,0,0,1,6,1,50,8,-1,-1,-1,-1,1,-1
201501XH30634,2,9,0,18,0,0,0,0,0,0,0,1,6,3,-1,-1,1339,1,11,-1,-1,-1
201501XH30635,1,9,0,9,0,8,0,10,3,2,1,1,6,1,28,6,1995,2,-1,-1,1,-1
201501XH30635,2,9,0,11,0,8,0,0,0,0,0,1,6,1,-1,-1,-1,-1,-1,-1,-1,-1
201501XH30636,1,9,0,5,0,1,0,0,0,0,1,1,6,1,23,5,1995,2,4,-1,1,-1
201501XH30636,2,9,0,8,0,1,0,0,0,0,2,1,6,1,23,5,1360,1,13,-1,1,-1
201501XH30637,1,9,0,7,0,8,0,0,0,0,3,1,6,2,67,10,2987,2,9,-1,1,-1
201501XH30637,2,9,0,18,0,8,0,4,0,0,1,1,6,1,22,5,1149,1,13,-1,1,-1
201501XH30637,3,9,0,2,0,8,0,0,0,0,4,1,6,1,22,5,1396,1,6,-1,1,-1
201501XH30638,1,1,0,18,0,8,0,0,0,0,2,1,6,1,22,5,-1,-1,-1,-1,-1,-1
201501XH30638,2,9,0,18,0,8,0,0,0,0,1,1,6,3,-1,-1,-1,-1,-1,-1,-1,-1
201501XH30639,1,9,0,9,0,8,0,0,0,0,4,1,6,2,47,8,-1,-1,-1,-1,1,-1
201501XH30639,2,3,0,18,0,8,0,0,0,0,1,1,6,1,28,6,124,1,11,-1,1,-1
201501XH30640,1,21,1,9,0,1,0,0,0,0,4,1,1,1,45,7,10837,2,3,-1,-1,-1
201501XH30640,2,9,0,2,0,1,0,0,0,0,3,1,6,1,40,7,1497,8,9,-1,1,-1
201501XH30643,1,9,0,18,0,8,0,10,7,10,3,1,6,2,-1,-1,1198,1,5,-1,-1,-1
201501XH30643,2,9,0,18,0,8,0,0,1,0,1,1,6,2,-1,-1,1124,1,11,-1,-1,-1
201501XH30644,1,9,0,4,0,1,0,0,0,0,2,1,6,1,45,7,1984,2,1,-1,1,-1
201501XH30644,2,9,0,18,0,1,0,0,0,0,1,1,6,1,49,8,2993,2,1,-1,3,-1
201501XH30645,1,9,0,18,0,0,0,0,0,0,2,1,6,1,41,7,1995,2,9,-1,1,-1
201501XH30645,2,9,0,18,0,0,0,0,0,0,1,1,6,1,31,6,1995,1,7,-1,1,-1
201501XH30646,1,9,0,18,0,8,0,0,0,0,1,1,6,2,37,7,1398,1,5,-1,1,-1
201501XH30646,2,9,0,9,0,8,0,0,0,0,3,1,6,1,57,9,1461,2,1,-1,1,-1
201501XH30647,1,8,0,18,0,8,0,0,0,0,2,2,6,1,36,7,-1,-1,-1,-1,1,-1
201501XH30647,2,3,0,18,0,8,0,0,0,0,1,1,6,1,28,6,124,1,10,-1,1,-1
201501XH30649,1,9,0,1,0,0,0,4,0,0,2,1,6,2,58,9,1390,1,12,-1,-1,-1
201501XH30649,2,9,0,2,0,0,0,0,0,0,4,1,6,3,-1,-1,-1,-1,-1,-1,-1,-1
201501XH30650,1,9,0,9,0,8,0,0,0,0,3,1,6,2,51,8,1229,1,2,-1,1,-1
201501XH30650,2,9,0,9,0,8,0,0,0,0,1,1,6,1,-1,-1,-1,-1,-1,-1,-1,-1
201501XH30653,1,9,0,18,0,1,2,0,0,0,1,1,6,2,55,8,1598,1,1,-1,1,-1
201501XH30653,2,11,0,14,0,1,0,0,0,0,3,1,6,1,39,7,4500,2,5,-1,1,-1
201501XH30653,3,9,0,2,0,8,0,0,0,0,4,1,6,1,78,11,1994,2,12,-1,1,-1
201501XH30654,1,11,0,18,0,0,0,0,0,0,0,1,1,1,48,8,9360,2,4,-1,1,-1
201501XH30657,1,9,0,18,0,8,0,0,0,0,1,1,6,1,54,8,1497,8,7,-1,1,-1
201501XH30657,2,1,0,17,0,8,0,0,0,0,4,1,6,1,54,8,-1,-1,-1,-1,1,-1
201501XH30660,1,9,0,18,0,0,0,0,0,0,1,1,6,2,-1,-1,-1,-1,-1,-1,-1,-1
201501XH30663,1,9,0,18,0,8,0,0,0,0,1,1,6,1,41,7,1198,1,11,-1,1,-1
201501XH30663,2,9,0,9,0,8,0,0,0,0,1,1,6,3,-1,-1,-1,-1,-1,-1,-1,-1
201501XH30665,1,9,0,18,0,8,0,0,0,0,2,1,2,1,71,10,2497,1,15,-1,1,-1
201501XH30665,2,8,0,5,0,8,0,0,0,0,1,1,2,1,37,7,1896,2,7,-1,1,-1
201501XH30666,1,9,0,3,0,0,0,0,0,0,2,1,1,1,28,6,-1,-1,-1,-1,1,-1
201501XH30666,2,9,0,3,0,0,0,0,0,0,2,1,2,1,37,7,1896,2,7,-1,1,-1
201501XH30666,3,9,0,3,0,0,0,0,0,0,2,1,6,1,36,7,1272,1,21,-1,-1,-1
201501XH30666,4,4,0,3,0,0,0,0,0,0,2,1,6,1,30,6,-1,-1,-1,-1,1,-1
201501XH30666,5,9,0,3,0,0,0,0,0,0,2,1,2,1,-1,-1,1198,1,9,-1,-1,-1
201501XH30666,6,21,1,4,0,0,0,0,0,0,1,1,1,1,-1,-1,-1,-1,-1,-1,-1,-1
201501XH30667,1,9,0,18,0,8,0,0,0,0,1,1,6,2,34,6,1896,2,9,-1,3,-1
201501XH30669,1,19,0,14,0,0,0,0,0,0,4,1,6,1,29,6,-1,-1,-1,-1,1,-1
201501XH30669,2,1,0,18,0,0,0,0,0,0,3,1,6,1,22,5,-1,-1,-1,-1,1,-1
201501XH30670,1,9,0,9,0,8,0,0,0,0,3,1,6,2,46,8,1388,1,10,-1,1,-1
201501XH30670,2,3,0,13,0,8,0,0,0,0,1,1,6,1,39,7,1690,1,1,-1,1,-1