Accident_Index,Vehicle_Reference,Vehicle_Type,Towing_and_Articulation,Vehicle_Manoeuvre,Vehicle_Location-Restricted_Lane,Junction_Location,Skidding_and_Overturning,Hit_Object_in_Carriageway,Vehicle_Leaving_Carriageway,Hit_Object_off_Carriageway,1st_Point_of_Impact,Was_Vehicle_Left_Hand_Drive?,Journey_Purpose_of_Driver,Sex_of_Driver,Age_of_Driver,Age_Band_of_Driver,Engine_Capacity_(CC),Propulsion_Code,Age_of_Vehicle,Driver_IMD_Decile,Driver_Home_Area_Type,Vehicle_IMD_Decile
201501XH30671,1,9,0,18,0,8,0,4,0,0,1,1,1,1,70,10,2143,2,5,-1,1,-1
201501XH30671,2,9,0,2,0,8,0,0,1,0,3,1,6,2,48,8,-1,-1,-1,-1,1,-1
201501XH30672,1,9,0,16,0,8,0,0,0,0,1,1,6,1,62,9,1798,8,1,-1,1,-1
201501XH30672,2,9,0,16,0,8,0,0,0,0,2,1,6,2,18,4,-1,-1,-1,-1,1,-1
201501XH30673,1,9,0,18,0,0,0,0,0,0,2,1,6,1,45,7,1339,1,12,-1,1,-1
201501XH30673,2,9,0,18,0,0,0,0,0,0,1,1,6,2,51,8,2800,2,21,-1,1,-1
201501XH30675,1,9,0,14,0,0,0,0,0,0,1,1,2,1,24,5,1797,8,4,-1,-1,-1
201501XH30676,1,9,0,2,0,8,0,0,0,0,0,1,6,2,38,7,1598,1,10,-1,1,-1
201501XH30676,2,9,0,5,0,8,0,0,0,0,0,1,6,1,-1,-1,-1,-1,-1,-1,-1,-1
201501XH30678,1,3,0,9,0,8,0,0,0,0,3,1,1,1,30,6,124,1,4,-1,-1,-1
201501XH30678,2,9,0,18,0,8,0,0,0,0,1,1,6,1,46,8,1198,1,7,-1,1,-1
201501XH30679,1,9,0,18,0,8,0,0,0,0,2,1,2,1,24,5,1597,2,2,-1,1,-1
201501XH30679,2,9,0,4,0,8,0,0,0,0,1,1,2,1,27,6,-1,-1,-1,-1,1,-1
201501XH30681,1,9,0,18,0,8,0,0,0,0,4,1,6,1,70,10,1596,1,9,-1,1,-1
201501XH30681,2,1,0,18,0,8,0,0,0,0,1,1,3,1,15,3,-1,-1,-1,-1,1,-1
201501XH30682,1,19,0,9,0,8,0,0,0,0,3,1,6,1,31,6,1686,2,11,-1,3,-1
201501XH30682,2,9,0,14,0,8,1,10,7,0,4,1,6,3,-1,-1,1995,2,4,-1,-1,-1
201501XH30686,1,5,0,18,0,8,0,0,0,0,1,1,1,1,-1,-1,-1,-1,-1,-1,-1,-1
201501XH30686,2,9,0,9,0,8,0,0,0,0,1,1,6,2,35,6,1364,1,-1,-1,1,-1
201501XH30687,1,9,0,18,0,8,0,0,0,0,1,1,6,2,51,8,1388,1,11,-1,1,-1
201501XH30687,2,9,0,9,0,8,0,0,0,0,1,1,6,1,73,10,1296,1,7,-1,1,-1
201501XH30688,1,9,0,10,0,8,0,0,0,0,2,1,6,2,44,7,-1,-1,-1,-1,1,-1
201501XH30688,2,9,0,9,0,8,0,0,0,0,1,1,6,3,-1,-1,-1,-1,-1,-1,-1,-1
201501XH30689,1,9,0,3,0,8,0,0,0,0,2,1,2,1,55,8,1796,1,23,-1,1,-1
201501XH30689,2,9,0,3,0,8,0,0,0,0,2,1,2,2,40,7,1598,1,2,-1,1,-1
201501XH30689,3,9,0,18,0,8,0,0,0,0,1,1,2,2,30,6,2179,2,2,-1,1,-1
201501XH30690,1,9,0,7,0,8,0,0,0,0,1,1,3,1,-1,-1,-1,-1,-1,-1,-1,-1
201501XH30691,1,9,0,3,0,0,0,0,0,0,2,1,2,2,43,7,-1,-1,-1,-1,-1,-1
201501XH30691,2,19,0,18,0,0,0,0,0,0,1,1,1,1,-1,-1,2148,2,9,-1,-1,-1
201501XH30692,1,9,0,18,0,0,0,0,0,0,1,1,6,3,-1,-1,-1,-1,-1,-1,-1,-1
201501XH30693,1,9,0,18,0,0,0,0,0,0,1,1,6,1,29,6,1587,1,14,-1,1,-1
201501XH30693,2,9,0,18,0,0,0,0,0,0,2,1,6,1,66,10,1598,2,4,-1,3,-1
201501XH30693,3,9,0,18,0,0,0,0,0,0,2,1,6,1,29,6,1600,1,11,-1,2,-1
201501XH30693,4,9,0,18,0,0,0,0,0,0,1,1,6,2,26,6,996,1,6,-1,1,-1
201501XH30693,5,9,0,18,0,0,0,0,0,0,2,1,6,1,45,7,1991,2,5,-1,-1,-1
201501XH30694,1,9,0,7,0,8,0,0,0,0,4,1,1,2,31,6,1149,1,15,-1,1,-1
201501XH30694,2,1,0,7,0,8,0,0,0,0,1,1,1,1,39,7,-1,-1,-1,-1,1,-1
201501XH30695,1,9,0,4,0,0,0,0,0,0,1,1,2,1,-1,-1,1995,2,6,-1,-1,-1
201501XH30695,2,9,0,4,0,0,0,0,0,0,2,1,2,2,26,6,-1,-1,-1,-1,1,-1
201501XH30696,1,1,0,5,0,8,0,0,0,0,3,1,2,1,27,6,-1,-1,-1,-1,1,-1
201501XH30696,2,90,0,13,0,8,0,0,0,0,1,1,6,2,-1,-1,-1,-1,-1,-1,-1,-1
201501XH30697,1,9,0,18,0,8,0,0,0,0,1,1,6,1,61,9,2987,2,8,-1,3,-1
201501XH30697,2,9,0,18,0,8,0,0,0,0,3,1,6,1,88,11,1598,1,7,-1,1,-1
201501XH30698,1,9,0,12,0,1,0,0,0,0,3,1,6,2,53,8,1242,1,7,-1,1,-1
201501XH30698,2,3,0,18,0,1,0,0,0,0,1,1,6,1,23,5,125,1,-1,-1,1,-1
201501XH30699,1,11,0,4,0,8,0,0,0,0,0,1,1,1,35,6,9000,2,8,-1,1,-1
201501XH30699,2,9,0,4,0,8,0,0,0,0,0,1,2,2,25,5,1198,1,4,-1,1,-1
201501XH30700,1,9,0,9,0,8,0,0,0,0,1,1,6,1,50,8,1586,1,8,-1,1,-1
201501XH30701,1,9,0,18,0,0,0,0,0,0,1,1,6,2,36,7,1390,1,11,-1,1,-1
201501XH30702,1,9,0,3,0,8,0,0,0,0,2,1,6,1,27,6,-1,-1,-1,-1,1,-1
201501XH30702,2,9,0,18,0,8,0,0,0,0,2,1,6,1,59,9,1968,2,5,-1,1,-1
201501XH30702,3,3,0,18,0,8,0,0,0,0,1,1,6,2,33,6,-1,-1,-1,-1,1,-1
201501XH30703,1,9,0,7,0,8,0,0,0,0,2,1,6,2,23,5,1390,1,5,-1,1,-1
201501XH30703,2,9,0,18,0,8,0,0,0,0,1,1,6,1,-1,-1,1596,1,1,-1,-1,-1
201501XH30704,1,9,0,6,0,0,0,0,0,0,3,1,1,1,45,7,1998,1,16,-1,1,-1
201501XH30704,2,3,0,14,0,0,0,0,0,0,1,1,1,1,28,6,749,1,13,-1,1,-1
201501XH30706,1,9,0,12,0,0,0,0,0,0,1,1,6,1,57,9,-1,-1,-1,-1,1,-1
201501XH30706,2,9,0,12,0,0,0,0,0,0,1,1,6,1,-1,-1,1229,1,2,-1,-1,-1
201501XH30707,1,9,0,12,0,0,0,0,0,0,1,1,6,1,35,6,1686,2,3,-1,1,-1
201501XH30707,2,5,0,18,0,0,0,0,0,0,4,1,6,1,39,7,1198,1,-1,-1,-1,-1
201501XH30708,1,9,0,11,0,0,0,0,0,0,1,1,6,1,46,8,2179,2,4,-1,3,-1
201501XH30708,2,9,0,18,0,0,0,10,4,6,2,1,6,1,55,8,1598,1,2,-1,1,-1
201501XH30709,1,9,0,18,0,0,0,0,0,0,4,1,6,3,-1,-1,-1,-1,-1,-1,-1,-1
201501XH30710,1,5,0,5,0,0,0,0,0,0,4,1,6,1,22,5,998,1,7,-1,-1,-1
201501XH30711,1,9,0,9,0,8,0,0,0,0,4,1,6,1,38,7,1388,1,3,-1,1,-1
201501XH30711,2,9,0,18,0,8,0,0,0,0,1,1,6,1,38,7,1598,1,11,-1,1,-1
201501XH30713,1,9,0,18,0,0,0,0,0,0,4,1,3,1,59,9,1461,2,-1,-1,1,-1
201501XH30714,1,11,0,2,0,0,0,0,0,0,3,1,1,1,45,7,9360,2,5,-1,1,-1
201501XH30716,1,9,0,9,0,2,0,0,0,0,1,1,6,1,53,8,1299,1,13,-1,1,-1
201501XH30717,1,19,0,18,0,1,0,0,0,0,4,1,1,1,64,9,-1,-1,-1,-1,1,-1
201501XH30718,1,9,0,18,0,2,0,0,0,0,4,1,1,2,70,10,1242,1,7,-1,1,-1
201501XH30718,2,9,0,12,0,2,0,0,0,0,3,1,6,2,-1,-1,1968,2,8,-1,-1,-1
201501XH30719,1,3,0,13,0,8,0,10,7,10,4,1,1,1,32,6,108,1,2,-1,1,-1
201501XH30719,2,9,0,18,0,8,0,0,0,0,3,1,6,3,-1,-1,-1,-1,-1,-1,-1,-1
201501XH30720,1,9,0,18,0,8,0,0,0,0,2,1,6,1,46,8,1595,1,2,-1,1,-1
201501XH30720,2,9,0,18,0,8,0,0,0,0,1,1,6,1,-1,-1,-1,-1,-1,-1,-1,-1
201501XH30721,1,11,0,18,0,1,0,0,0,0,0,1,1,1,21,5,3900,2,12,-1,1,-1
201501XH30723,1,2,0,4,0,0,0,0,0,0,3,1,6,1,24,5,108,1,1,-1,1,-1
201501XH30724,1,9,0,4,0,1,0,0,0,0,2,1,6,1,42,7,1598,1,-1,-1,1,-1
201501XH30724,2,9,0,4,0,1,1,0,0,0,1,1,6,1,-1,-1,-1,-1,-1,-1,-1,-1
201501XH30725,1,9,0,1,0,0,0,0,0,0,2,1,6,1,26,6,1968,2,2,-1,1,-1
201501XH30731,1,9,0,5,0,8,0,0,0,0,1,1,6,1,20,4,998,1,15,-1,1,-1
201501XH30731,2,9,0,12,0,8,0,10,3,0,2,1,6,1,46,8,1797,8,5,-1,1,-1
201501XH30732,1,8,0,5,0,1,0,10,4,6,3,1,1,1,-1,-1,1997,2,4,-1,-1,-1
201501XH30733,1,9,0,18,0,2,0,0,0,0,1,1,6,2,51,8,1248,2,6,-1,2,-1
201501XH30734,1,9,0,18,0,1,0,0,0,0,1,1,6,2,33,6,1995,2,7,-1,1,-1
201501XH30734,2,9,0,8,0,1,0,0,0,0,2,1,6,1,42,7,1598,2,-1,-1,1,-1
201501XH30735,1,19,0,18,0,8,0,0,0,0,4,1,6,1,28,6,1560,2,1,-1,1,-1
201501XH30735,2,1,0,18,0,8,0,0,0,0,1,1,6,1,17,4,-1,-1,-1,-1,1,-1
201501XH30736,1,8,0,18,0,8,0,0,0,0,1,1,1,1,40,7,1997,2,4,-1,1,-1
201501XH30736,2,9,0,9,0,8,0,7,0,0,3,1,6,1,43,7,1956,2,-1,-1,1,-1
201501XH30740,1,9,0,5,0,0,0,4,0,0,1,1,6,1,27,6,1497,1,9,-1,1,-1
201501XH30741,1,9,0,18,0,2,0,0,0,0,1,1,6,3,-1,-1,-1,-1,-1,-1,-1,-1
201501XH30742,1,9,0,5,0,1,0,0,0,0,2,1,6,2,38,7,2401,2,10,-1,1,-1
201501XH30742,2,9,0,18,0,1,0,0,0,0,1,1,6,2,79,11,-1,-1,-1,-1,1,-1
201501XH30743,1,9,0,18,0,8,0,9,1,10,4,1,6,2,50,8,1497,1,14,-1,1,-1
201501XH30743,2,9,0,18,0,8,0,0,0,0,3,1,6,2,48,8,2179,2,6,-1,1,-1
201501XH30744,1,9,0,18,0,0,0,0,0,0,1,1,6,1,41,7,1896,2,8,-1,1,-1
201501XH30745,1,9,0,18,9,8,0,0,0,0,1,1,6,1,74,10,2143,2,-1,-1,1,-1
201501XH30746,1,9,0,18,0,0,5,4,0,0,1,1,6,2,81,11,4554,1,19,-1,1,-1
201501XH30749,1,9,0,9,0,8,0,0,0,0,1,1,6,1,32,6,1796,1,10,-1,1,-1
201501XH30749,2,19,0,18,0,8,0,0,0,0,3,1,6,1,57,9,1998,2,13,-1,1,-1
201501XH30750,1,3,0,14,0,1,0,0,0,0,1,1,6,1,38,7,124,1,1,-1,1,-1
201501XH30751,1,19,0,18,0,1,0,0,0,0,1,1,6,1,21,5,2143,2,2,-1,1,-1
201501XH30751,2,9,0,3,0,1,0,0,0,0,2,1,6,2,19,4,1124,1,14,-1,1,-1
201501XH30753,1,9,0,18,0,8,0,0,0,0,3,1,6,1,53,8,1086,1,9,-1,-1,-1
201501XH30753,2,9,0,18,0,8,0,0,0,0,1,1,6,1,37,7,1498,1,6,-1,1,-1
201501XH30754,1,3,0,18,0,8,0,0,0,0,3,1,6,1,24,5,125,1,1,-1,1,-1
201501XH30754,2,9,0,18,0,8,0,0,0,0,4,1,6,1,41,7,-1,-1,-1,-1,1,-1
201501XH30756,1,9,0,9,0,8,0,0,0,0,1,1,6,1,48,8,1596,1,5,-1,1,-1
201501XH30756,2,5,0,13,0,8,0,0,0,0,4,1,6,1,-1,-1,750,1,-1,-1,-1,-1
201501XH30758,1,9,0,2,0,0,0,0,0,0,3,1,6,1,33,6,2987,2,2,-1,1,-1
201501XH30758,2,9,0,18,0,0,0,4,0,0,4,1,6,1,-1,-1,1956,2,-1,-1,-1,-1
201501XH30760,1,9,0,5,0,1,0,0,0,0,2,1,6,1,27,6,1997,2,8,-1,1,-1
201501XH30760,2,9,0,5,0,1,0,0,0,0,2,1,6,2,30,6,1360,1,14,-1,1,-1
201501XH30761,1,9,0,3,0,1,0,0,0,0,2,1,6,1,21,5,1995,2,8,-1,1,-1
201501XH30761,2,9,0,18,0,1,0,0,0,0,1,1,6,3,-1,-1,1598,1,12,-1,-1,-1
201501XH30762,1,9,0,9,0,8,0,0,0,0,3,1,6,2,31,6,1598,2,6,-1,1,-1
201501XH30762,2,1,0,18,0,8,0,0,0,0,1,1,6,1,33,6,-1,-1,-1,-1,1,-1
201501XH30763,1,9,0,4,0,1,0,0,0,0,2,1,6,2,26,6,1490,1,9,-1,1,-1
201501XH30763,2,9,0,18,0,1,0,0,0,0,1,1,6,1,46,8,1998,1,1,-1,1,-1
201501XH30764,1,9,0,18,0,0,0,4,0,0,1,1,6,1,21,5,2494,1,12,-1,1,-1
201501XH30764,2,9,0,2,0,0,0,0,0,0,2,1,6,2,24,5,1242,1,1,-1,1,-1
201501XH30765,1,9,0,18,0,1,0,10,1,10,1,1,6,1,40,7,1994,1,21,-1,1,-1
201501XH30766,1,9,0,9,0,8,0,0,0,0,4,1,6,1,54,8,1998,1,17,-1,1,-1
201501XH30766,2,9,0,18,0,8,0,0,0,0,3,1,6,1,22,5,1199,1,11,-1,1,-1
201501XH30767,1,9,0,18,0,0,0,0,0,0,4,1,6,1,67,10,1598,1,8,-1,1,-1
201501XH30768,1,9,0,8,0,1,0,0,0,0,2,1,6,2,18,4,-1,-1,-1,-1,1,-1
201501XH30768,2,9,0,5,0,1,0,0,0,0,1,1,6,1,17,4,-1,-1,-1,-1,-1,-1
201501XH30769,1,9,0,18,0,8,0,0,0,0,2,1,6,2,40,7,1498,1,9,-1,1,-1
201501XH30769,2,9,0,18,0,8,0,0,0,0,1,1,6,2,-1,-1,1598,1,8,-1,-1,-1
201501XH30771,1,9,0,9,0,8,0,0,0,0,3,1,6,2,61,9,1242,1,2,-1,1,-1
201501XH30771,2,9,0,17,0,8,0,0,0,0,1,1,6,1,57,9,1998,1,13,-1,1,-1
201501XH30773,1,9,0,16,0,1,0,0,0,0,1,1,6,2,50,8,1598,1,6,-1,2,-1
201501XH30773,2,9,0,17,0,2,0,0,0,0,3,1,6,1,31,6,1596,1,9,-1,1,-1
201501XH30774,1,9,0,5,0,8,0,0,1,10,1,1,6,1,47,8,1797,8,4,-1,-1,-1
201501XH30776,1,5,0,18,0,8,0,0,0,0,1,1,6,1,25,5,599,1,14,-1,-1,-1
201501XH30776,2,19,0,6,0,8,0,0,0,0,4,1,6,1,55,8,1560,2,4,-1,1,-1
201501XH30777,1,9,0,18,0,0,0,10,1,4,1,1,6,2,47,8,1596,1,8,-1,1,-1
201501XH30778,1,11,0,18,0,8,0,0,0,0,1,1,6,1,53,8,6700,2,3,-1,1,-1
201501XH30778,2,9,0,18,0,6,0,0,0,0,4,1,2,2,22,5,998,1,1,-1,1,-1
201501XH30779,1,9,0,14,0,1,0,0,0,0,1,1,6,1,77,11,1339,1,8,-1,1,-1
201501XH30779,2,9,0,3,0,1,0,0,0,0,2,1,6,1,21,5,1242,1,10,-1,1,-1
201501XH30779,3,9,0,3,0,1,0,0,0,0,2,1,6,1,21,5,1360,1,10,-1,1,-1
201501XH30780,1,9,0,3,0,1,0,0,0,0,2,1,6,1,-1,-1,-1,-1,-1,-1,1,-1
201501XH30780,2,9,0,4,0,1,0,0,0,0,1,1,6,1,32,6,1686,2,4,-1,1,-1
201501XH30780,3,9,0,10,0,1,0,0,0,0,2,1,6,1,44,7,1587,1,14,-1,1,-1
201501XH30781,1,11,0,5,0,0,0,0,0,0,4,1,1,3,-1,-1,-1,-1,-1,-1,-1,-1
201501XH30782,1,1,0,18,0,8,0,0,0,0,2,1,6,1,52,8,-1,-1,-1,-1,1,-1
201501XH30782,2,9,0,18,0,8,0,0,0,0,1,1,6,1,-1,-1,-1,-1,-1,-1,-1,-1
201501XH30783,1,9,0,17,0,0,0,10,1,4,4,1,6,1,62,9,2987,2,5,-1,1,-1
201501XH30784,1,9,0,7,0,8,0,0,0,0,3,1,6,1,33,6,998,1,10,-1,1,-1
201501XH30784,2,1,0,18,0,8,0,0,0,0,1,1,6,2,51,8,-1,-1,-1,-1,-1,-1
201501XH30785,1,9,0,18,0,8,0,0,0,0,2,1,6,1,41,7,1797,8,3,-1,1,-1
201501XH30785,2,9,0,18,0,8,0,0,0,0,1,1,6,3,-1,-1,1995,2,10,-1,-1,-1
201501XH30786,1,9,0,18,0,0,0,0,0,0,1,1,6,1,35,6,1587,1,9,-1,1,-1
201501XH30789,1,9,0,9,0,6,0,0,0,0,1,1,3,2,47,8,1360,1,11,-1,1,-1
201501XH30789,2,9,0,18,0,8,0,0,0,0,4,1,6,1,51,8,1149,1,15,-1,-1,-1
201501XH30790,1,9,0,18,0,6,0,0,0,0,3,1,6,2,42,7,1348,1,15,-1,1,-1
201501XH30790,2,1,0,18,0,8,0,0,0,0,1,1,6,2,36,7,-1,-1,-1,-1,1,-1
201501XH30791,1,9,0,18,0,0,0,0,0,0,1,1,6,3,-1,-1,-1,-1,-1,-1,-1,-1
201501XH30792,1,4,0,18,0,0,1,0,0,0,4,1,6,1,19,4,124,1,8,-1,1,-1
201501XH30792,2,9,0,5,0,0,0,0,0,0,1,1,1,1,44,7,1997,2,6,-1,1,-1
201501XH30793,1,9,0,7,0,2,0,0,0,0,1,1,6,3,-1,-1,-1,-1,-1,-1,-1,-1
201501XH30794,1,9,0,4,0,1,0,0,0,0,2,1,2,1,50,8,-1,-1,-1,-1,1,-1
201501XH30794,2,9,0,4,0,1,0,0,0,0,1,1,6,1,47,8,998,1,-1,-1,1,-1
201501XH30795,1,9,0,18,0,8,0,10,1,2,1,1,6,2,44,7,1560,2,2,-1,1,-1
201501XH30796,1,9,0,9,0,8,0,0,0,0,1,1,6,3,-1,-1,1332,1,6,-1,-1,-1
201501XH30796,2,8,0,18,0,8,0,0,0,0,3,1,1,1,45,7,1598,1,3,-1,1,-1
201501XH30797,1,8,0,9,0,6,0,0,0,0,1,1,1,1,27,6,1798,8,3,-1,1,-1
201501XH30797,2,9,0,18,0,8,0,0,7,10,4,1,6,1,19,4,1598,1,8,-1,1,-1
201501XH30799,1,9,0,16,0,1,0,0,0,0,2,1,1,1,67,10,1396,1,15,-1,1,-1
201501XH30799,2,9,0,16,0,1,0,0,0,0,1,1,2,1,26,6,1560,2,3,-1,2,-1
201501XH30801,1,9,0,7,0,5,0,0,0,0,4,1,6,2,34,6,1398,1,4,-1,1,-1
201501XH30801,2,1,0,15,0,8,0,0,0,0,1,1,6,2,33,6,-1,-1,-1,-1,1,-1
201501XH30802,1,9,0,4,0,8,1,0,0,0,2,1,6,1,24,5,1198,1,8,-1,1,-1
201501XH30802,2,9,0,18,0,8,1,0,0,0,1,1,6,1,36,7,1969,2,-1,-1,1,-1
201501XH30802,3,9,0,18,0,8,1,0,0,0,1,1,1,1,48,8,2143,2,4,-1,1,-1
201501XH30803,1,9,0,7,0,5,0,0,0,0,4,1,6,2,42,7,1389,1,9,-1,1,-1
201501XH30803,2,1,0,18,0,8,0,0,0,0,1,1,1,1,38,7,-1,-1,-1,-1,1,-1
201501XH30806,1,8,0,2,0,0,0,0,0,0,3,1,6,1,33,6,2143,2,2,-1,1,-1
201501XH30806,2,9,0,18,0,0,0,4,0,0,1,1,6,1,60,9,1988,2,10,-1,1,-1
201501XH30807,1,5,0,18,0,8,0,0,0,0,1,1,6,1,53,8,929,1,13,-1,3,-1
201501XH30809,1,9,0,3,0,1,0,0,0,0,2,1,6,2,26,6,1198,1,3,-1,1,-1
201501XH30809,2,9,0,18,0,1,0,0,0,0,1,1,6,1,-1,-1,-1,-1,-1,-1,-1,-1
201501XH30811,1,11,0,9,0,5,0,0,0,0,0,1,1,1,49,8,4500,2,6,-1,1,-1
201501XH30812,1,9,0,4,0,1,0,0,0,0,2,1,6,2,69,10,1997,2,1,-1,1,-1
201501XH30812,2,9,0,18,0,1,0,0,0,0,1,1,6,1,-1,-1,1596,1,15,-1,-1,-1
201501XH30813,1,9,0,3,0,1,0,0,0,0,2,1,6,1,44,7,1995,2,12,-1,1,-1
201501XH30813,2,9,0,3,0,1,0,0,0,0,2,1,6,1,56,9,1995,2,4,-1,1,-1
201501XH30813,3,9,0,18,0,1,0,0,0,0,1,1,2,1,19,4,1229,1,3,-1,1,-1
201501XH30814,1,9,0,9,0,6,0,0,0,0,1,1,6,1,21,5,1242,1,1,-1,1,-1
201501XH30814,2,9,0,14,0,8,0,0,0,0,4,1,6,2,60,9,1198,1,6,-1,1,-1
201501XH30816,1,5,0,13,0,6,0,0,0,0,4,1,2,1,37,7,649,1,7,-1,1,-1
201501XH30816,2,8,0,9,0,5,0,0,0,0,1,1,1,1,49,8,1910,2,5,-1,1,-1
201501XH30817,1,9,0,4,0,0,0,0,0,0,2,1,6,2,57,9,2776,2,1,-1,3,-1
201501XH30817,2,20,0,18,0,0,0,0,0,0,1,1,1,1,37,7,5193,2,9,-1,1,-1
201501XH30818,1,9,0,3,0,1,0,0,0,0,3,1,6,1,32,6,1497,1,14,-1,1,-1
201501XH30818,2,1,0,14,0,1,0,0,0,0,4,1,6,1,24,5,-1,-1,-1,-1,1,-1
201501XH30820,1,19,0,5,0,0,0,0,0,0,1,1,6,1,-1,-1,-1,-1,-1,-1,-1,-1
201501XH30821,1,1,0,18,0,8,0,0,0,0,3,1,6,2,60,9,-1,-1,-1,-1,1,-1
201501XH30821,2,9,0,7,0,8,0,0,0,0,4,1,2,2,-1,-1,1587,1,12,-1,-1,-1
201501XH30822,1,9,0,5,0,6,0,0,0,0,3,1,2,1,35,6,2143,2,4,-1,1,-1
201501XH30822,2,3,0,18,0,8,0,0,0,0,1,1,2,1,41,7,125,1,-1,-1,1,-1
201501XH30823,1,9,0,18,0,0,0,0,0,0,1,1,6,2,83,11,1341,1,11,-1,2,-1
201501XH30823,2,9,0,4,0,0,0,0,1,4,1,1,6,1,39,7,1598,1,12,-1,2,-1
201501XH30824,1,9,0,12,0,8,0,0,0,0,3,1,6,2,27,6,1560,2,1,-1,1,-1
201501XH30824,2,9,0,11,0,8,0,0,0,0,4,1,6,2,48,8,1198,1,1,-1,1,-1
201501XH30827,1,9,0,18,0,8,0,0,0,0,4,1,6,2,24,5,1400,1,8,-1,1,-1
201501XH30827,2,9,0,18,0,8,0,0,0,0,1,1,2,2,40,7,1242,1,15,-1,1,-1
201501XH30829,1,9,0,9,0,8,0,0,0,0,1,1,6,1,46,8,1796,1,10,-1,1,-1
201501XH30829,2,9,0,18,0,8,0,0,0,0,4,1,6,1,31,6,1999,1,9,-1,1,-1
201501XH30830,1,9,0,18,0,8,0,0,0,0,3,1,2,1,55,8,2148,2,7,-1,1,-1
201501XH30830,2,21,1,11,0,8,0,0,0,0,4,1,6,1,-1,-1,10837,2,3,-1,-1,-1
201501XH30831,1,9,0,5,0,8,0,0,0,0,1,1,2,1,35,6,1896,2,7,-1,1,-1
201501XH30831,2,9,0,3,0,8,0,0,0,0,2,1,2,1,43,7,2497,2,14,-1,1,-1
201501XH30832,1,9,0,9,0,5,0,0,0,0,1,1,6,1,50,8,1895,1,15,-1,1,-1
201501XH30832,2,20,0,4,0,8,0,0,0,0,2,1,6,1,-1,-1,-1,-1,-1,-1,-1,-1
201501XH30833,1,9,0,9,0,5,0,0,7,4,4,1,1,1,22,5,1398,1,12,-1,1,-1
201501XH30833,2,9,0,18,0,8,0,0,0,0,1,1,6,3,-1,-1,-1,-1,-1,-1,-1,-1
201501XH30834,1,9,0,7,0,0,0,0,0,0,4,1,6,2,18,4,1198,1,9,-1,1,-1
201501XH30834,2,9,0,18,0,0,0,0,0,0,3,1,6,2,45,7,1997,1,4,-1,1,-1
201501XH30836,1,9,0,18,0,6,0,0,0,0,1,1,6,1,33,6,1497,1,10,-1,1,-1
201501XH30836,2,9,0,9,0,8,0,0,0,0,4,1,6,2,-1,-1,1390,1,15,-1,1,-1
201501XH30837,1,9,0,18,0,8,0,0,0,0,4,1,6,2,52,8,1199,1,12,-1,1,-1
201501XH30837,2,9,0,9,0,6,0,0,0,0,1,1,6,2,-1,-1,1388,1,12,-1,-1,-1
201501XH30839,1,9,0,10,0,1,0,0,7,1,2,1,2,2,23,5,1596,1,14,-1,2,-1
201501XH30839,2,19,0,4,0,1,1,0,0,0,1,1,1,1,29,6,1560,2,1,-1,1,-1
201501XH30840,1,9,0,5,0,0,0,0,0,0,1,1,6,1,31,6,1596,1,6,-1,1,-1
201501XH30841,1,9,0,9,0,5,0,0,0,0,1,1,2,1,30,6,1896,2,14,-1,1,-1
201501XH30841,2,9,0,18,0,8,0,0,0,0,1,1,6,2,31,6,1200,1,1,-1,2,-1
201501XH30842,1,9,0,5,0,1,0,0,0,0,3,1,6,2,40,7,1995,2,12,-1,1,-1
201501XH30842,2,9,0,11,0,1,0,0,0,0,1,1,6,2,-1,-1,1124,1,13,-1,1,-1
201501XH30843,1,9,0,6,0,8,0,0,0,0,1,1,6,1,-1,-1,-1,-1,-1,-1,-1,-1
201501XH30843,2,1,0,18,0,8,0,0,0,0,3,1,6,1,-1,-1,-1,-1,-1,-1,1,-1
201501XH30844,1,9,0,18,0,8,0,0,0,0,4,1,6,2,36,7,1197,1,1,-1,1,-1
201501XH30844,2,9,0,9,0,8,0,0,0,0,1,1,6,1,55,8,1834,1,14,-1,1,-1
201501XH30845,1,9,0,11,0,0,0,0,0,0,4,1,6,3,-1,-1,-1,-1,-1,-1,-1,-1
201501XH30845,2,1,0,11,0,0,0,0,0,0,1,1,6,1,30,6,-1,-1,-1,-1,1,-1
201501XH30846,1,9,0,16,0,8,0,0,0,0,1,1,6,2,36,7,1240,1,5,-1,1,-1
201501XH30846,2,9,0,17,0,8,0,0,0,0,1,1,6,2,26,6,1396,1,1,-1,1,-1
201501XH30849,1,9,0,3,0,1,0,0,0,0,2,1,2,2,21,5,1398,1,2,-1,1,-1
201501XH30849,2,9,0,18,0,1,0,0,0,0,1,1,6,2,-1,-1,-1,-1,-1,-1,-1,-1
201501XH30850,1,9,0,9,0,8,0,0,0,0,3,1,6,1,-1,-1,1497,8,7,-1,-1,-1
201501XH30851,1,9,0,4,0,2,0,0,0,0,3,1,6,2,35,6,1995,1,9,-1,1,-1
201501XH30851,2,19,0,13,0,2,0,0,0,0,4,1,6,1,-1,-1,1598,2,-1,-1,-1,-1
201501XH30852,1,9,0,18,0,1,0,0,0,0,4,1,3,2,33,6,2698,2,8,-1,1,-1
201501XH30852,2,9,0,5,0,1,0,0,0,0,1,1,2,2,37,7,1386,1,12,-1,1,-1
201501XH30853,1,9,0,9,0,5,0,0,0,0,4,1,6,2,45,7,1242,1,-1,-1,1,-1
201501XH30853,2,1,0,14,0,8,0,0,0,0,1,1,2,1,-1,-1,-1,-1,-1,-1,-1,-1
201501XH30854,1,9,0,18,0,1,0,0,0,0,3,1,2,2,31,6,1364,1,5,-1,1,-1
201501XH30855,1,9,0,4,0,8,0,0,0,0,1,1,6,2,62,9,1198,1,5,-1,1,-1