Accident_Index,Vehicle_Reference,Vehicle_Type,Towing_and_Articulation,Vehicle_Manoeuvre,Vehicle_Location-Restricted_Lane,Junction_Location,Skidding_and_Overturning,Hit_Object_in_Carriageway,Vehicle_Leaving_Carriageway,Hit_Object_off_Carriageway,1st_Point_of_Impact,Was_Vehicle_Left_Hand_Drive?,Journey_Purpose_of_Driver,Sex_of_Driver,Age_of_Driver,Age_Band_of_Driver,Engine_Capacity_(CC),Propulsion_Code,Age_of_Vehicle,Driver_IMD_Decile,Driver_Home_Area_Type,Vehicle_IMD_Decile
201501XH30855,2,9,0,18,0,8,0,0,0,0,3,1,2,1,55,8,-1,-1,-1,-1,1,-1
201501XH30855,3,11,0,18,0,8,0,0,0,0,4,1,1,1,52,8,7300,2,10,-1,1,-1
201501XH30856,1,9,0,5,0,8,0,0,0,0,1,1,1,1,38,7,-1,-1,-1,-1,1,-1
201501XH30856,2,1,0,18,0,8,0,0,0,0,3,1,6,1,34,6,-1,-1,-1,-1,1,-1
201501XH30857,1,9,0,18,0,0,0,0,0,0,1,1,6,1,46,8,2497,1,9,-1,1,-1
201501XH30858,1,21,1,12,0,0,0,0,0,0,3,2,1,1,30,6,-1,-1,-1,-1,-1,-1
201501XH30858,2,9,0,18,0,0,0,10,4,6,4,1,6,1,64,9,4196,1,9,-1,1,-1
201501XH30860,1,19,0,17,0,0,0,0,0,0,4,1,6,2,23,5,1560,2,6,-1,1,-1
201501XH30861,1,9,0,5,0,1,0,0,0,0,1,1,6,1,61,9,1794,1,9,-1,1,-1
201501XH30861,2,9,0,4,0,1,0,0,0,0,2,1,6,1,39,7,1796,1,13,-1,1,-1
201501XH30862,1,9,0,7,0,2,0,0,0,0,2,1,2,2,18,4,998,1,8,-1,1,-1
201501XH30862,2,5,0,18,0,2,1,0,0,0,1,1,2,1,46,8,998,1,10,-1,1,-1
201501XH30863,1,9,0,1,9,1,0,0,0,0,2,1,6,1,41,7,1389,1,9,-1,1,-1
201501XH30864,1,9,0,4,0,0,0,0,0,0,2,1,3,2,51,8,1769,1,13,-1,1,-1
201501XH30864,2,3,0,18,0,0,0,0,0,0,1,1,6,1,17,4,125,1,9,-1,1,-1
201501XH30865,1,9,0,3,0,1,0,0,0,0,2,1,6,2,47,8,1997,1,7,-1,1,-1
201501XH30865,2,9,0,5,0,1,0,0,0,0,1,1,6,1,66,10,1997,2,-1,-1,1,-1
201501XH30866,1,9,0,9,0,2,0,0,0,0,1,1,6,2,68,10,-1,-1,-1,-1,1,-1
201501XH30867,1,19,0,18,0,0,0,0,0,0,1,1,1,1,31,6,2198,2,2,-1,-1,-1
201501XH30867,2,9,0,4,0,0,0,0,0,0,2,1,6,1,49,8,1598,1,10,-1,1,-1
201501XH30867,3,9,0,3,0,0,0,0,0,0,2,1,6,1,58,9,1368,1,5,-1,1,-1
201501XH30867,4,9,0,3,0,0,0,0,0,0,2,1,6,1,52,8,1995,2,1,-1,1,-1
201501XH30868,1,9,0,9,0,8,0,0,0,0,4,1,6,1,20,4,1598,1,11,-1,1,-1
201501XH30868,2,9,0,18,0,8,0,0,0,0,1,1,2,1,50,8,1368,1,7,-1,1,-1
201501XH30869,1,9,0,7,0,1,0,0,0,0,1,1,6,1,48,8,1956,2,3,-1,1,-1
201501XH30870,1,9,0,18,0,1,0,0,0,0,1,1,2,2,34,6,1596,1,16,-1,-1,-1
201501XH30873,1,9,0,18,0,1,0,0,0,0,0,1,6,2,45,7,-1,-1,-1,-1,2,-1
201501XH30873,2,9,0,1,0,1,0,0,0,0,0,1,6,3,-1,-1,-1,-1,-1,-1,-1,-1
201501XH30874,1,3,0,18,0,0,0,0,0,0,1,1,6,1,-1,-1,124,1,14,-1,1,-1
201501XH30878,1,9,0,10,0,1,0,0,0,0,2,1,3,2,34,6,1360,1,9,-1,1,-1
201501XH30878,2,9,0,18,0,1,0,0,0,0,1,1,6,1,-1,-1,1497,1,12,-1,1,-1
201501XH30879,1,9,0,9,0,1,0,0,0,0,1,1,6,1,18,4,1796,1,10,-1,1,-1
201501XH30879,2,9,0,18,0,1,0,0,0,0,3,1,6,2,34,6,2143,2,2,-1,1,-1
201501XH30880,1,3,0,12,0,0,0,0,0,0,3,1,1,1,22,5,125,1,11,-1,1,-1
201501XH30880,2,4,0,18,0,0,0,0,0,0,1,1,1,1,43,7,918,1,17,-1,1,-1
201501XH30881,1,3,0,4,0,1,0,10,0,0,4,1,2,1,25,5,124,1,5,-1,-1,-1
201501XH30883,1,9,0,7,0,2,0,0,0,0,2,1,6,1,37,7,1560,2,4,-1,1,-1
201501XH30883,2,9,0,7,0,2,0,0,0,0,1,1,6,1,49,8,1896,2,11,-1,1,-1
201501XH30884,1,9,0,16,0,1,0,0,0,0,1,1,6,1,28,6,-1,-1,-1,-1,1,-1
201501XH30884,2,9,0,17,0,2,0,0,0,0,1,1,6,1,18,4,1598,1,4,-1,-1,-1
201501XH30885,1,11,0,18,0,2,0,0,0,0,1,1,1,1,29,6,6700,2,6,-1,1,-1
201501XH30885,2,1,0,18,0,1,0,0,0,0,4,1,6,1,31,6,-1,-1,-1,-1,2,-1
201501XH30886,1,9,0,9,0,8,0,0,0,0,4,1,6,1,38,7,2500,2,11,-1,1,-1
201501XH30886,2,9,0,18,0,8,0,0,0,0,1,1,6,1,28,6,-1,-1,-1,-1,1,-1
201501XH30887,1,9,0,4,0,0,0,0,0,0,2,1,6,1,23,5,1753,2,6,-1,1,-1
201501XH30887,2,19,0,18,0,0,0,0,0,0,1,1,6,1,36,7,1995,2,5,-1,2,-1
201501XH30888,1,9,0,5,0,8,0,0,0,0,3,1,6,2,-1,-1,-1,-1,-1,-1,-1,-1
201501XH30889,1,9,0,18,0,1,0,0,0,0,1,1,2,1,33,6,1398,2,13,-1,1,-1
201501XH30889,2,9,0,4,0,1,0,0,0,0,2,1,6,1,20,4,1388,1,11,-1,1,-1
201501XH30891,1,9,0,5,0,0,0,0,0,0,3,1,1,2,31,6,-1,-1,-1,-1,1,-1
201501XH30891,2,9,0,18,0,0,0,0,0,0,4,1,6,1,19,4,1995,2,2,-1,1,-1
201501XH30893,1,9,0,4,0,1,0,0,0,0,2,1,6,1,22,5,1000,1,-1,-1,1,-1
201501XH30893,2,9,0,3,0,1,0,0,0,0,2,1,6,1,38,7,2143,2,4,-1,1,-1
201501XH30893,3,9,0,4,0,1,0,0,0,0,1,1,6,1,25,5,-1,-1,-1,-1,1,-1
201501XH30894,1,8,0,9,0,1,0,0,0,0,3,1,1,1,49,8,1497,8,8,-1,1,-1
201501XH30894,2,11,0,18,0,1,0,0,0,0,1,1,1,1,46,8,7300,2,12,-1,1,-1
201501XH30895,1,19,0,5,0,8,0,0,0,0,1,1,1,1,51,8,2198,2,4,-1,1,-1
201501XH30895,2,1,0,17,4,8,0,0,0,0,4,1,6,1,23,5,-1,-1,-1,-1,1,-1
201501XH30896,1,9,0,18,0,8,0,0,0,0,3,1,6,2,50,8,1998,1,12,-1,1,-1
201501XH30896,2,9,0,7,0,8,0,0,0,0,4,1,6,1,20,4,1598,1,10,-1,-1,-1
201501XH30897,1,9,0,4,0,0,0,0,0,0,2,1,1,1,-1,-1,1598,2,3,-1,1,-1
201501XH30897,2,9,0,18,0,0,0,0,0,0,1,1,2,2,24,5,1124,1,16,-1,1,-1
201501XH30897,3,9,0,18,0,0,0,0,0,0,1,1,2,2,24,5,-1,-1,-1,-1,1,-1
201501XH30899,1,9,0,3,0,8,0,0,0,0,2,1,6,2,47,8,-1,-1,-1,-1,3,-1
201501XH30899,2,9,0,18,0,8,0,0,0,0,1,1,6,1,-1,-1,1229,1,1,-1,-1,-1
201501XH30902,1,1,0,18,0,8,0,0,4,6,4,1,2,1,22,5,-1,-1,-1,-1,1,-1
201501XH30902,2,9,0,18,0,6,0,0,0,0,1,1,2,1,-1,-1,1968,2,9,-1,1,-1
201501XH30903,1,11,0,18,0,0,0,0,0,0,4,1,6,3,-1,-1,-1,-1,-1,-1,-1,-1
201501XH30905,1,9,0,3,0,1,0,0,0,0,2,1,6,1,51,8,1794,1,10,-1,1,-1
201501XH30905,2,9,0,5,0,1,0,0,0,0,1,1,6,1,-1,-1,1968,2,8,-1,-1,-1
201501XH30908,1,9,0,18,0,0,0,0,0,0,3,1,6,2,44,7,2204,2,10,-1,1,-1
201501XH30909,1,9,0,3,0,1,0,0,0,0,2,1,6,2,57,9,1995,2,4,-1,1,-1
201501XH30909,2,9,0,18,0,1,0,0,0,0,1,1,6,1,-1,-1,-1,-1,-1,-1,-1,-1
201501XH30910,1,9,0,7,0,1,0,0,0,0,3,1,1,2,40,7,2179,2,-1,-1,1,-1
201501XH30910,2,1,0,17,0,1,0,0,0,0,1,1,6,2,48,8,-1,-1,-1,-1,1,-1
201501XH30912,1,3,0,18,0,0,0,0,0,0,4,1,6,1,21,5,124,1,-1,-1,1,-1
201501XH30913,1,9,0,18,0,1,0,0,0,0,1,1,6,1,46,8,1596,1,2,-1,1,-1
201501XH30914,1,9,0,9,0,1,0,0,0,0,3,1,2,1,41,7,1968,2,5,-1,1,-1
201501XH30914,2,9,0,18,0,1,0,0,0,0,1,1,2,2,41,7,1582,2,1,-1,3,-1
201501XH30915,1,9,0,18,0,8,0,0,0,0,4,1,6,1,56,9,1769,1,10,-1,1,-1
201501XH30915,2,9,0,7,0,8,0,7,0,0,1,1,6,3,-1,-1,1360,1,14,-1,-1,-1
201501XH30915,3,9,0,2,0,8,0,0,0,0,2,1,6,3,-1,-1,1783,1,13,-1,-1,-1
201501XH30916,1,11,0,4,0,0,0,0,0,0,1,1,1,1,23,5,4500,2,7,-1,1,-1
201501XH30917,1,9,0,1,9,1,0,0,0,0,2,1,6,1,53,8,1296,1,8,-1,1,-1
201501XH30918,1,9,0,18,0,2,0,0,0,0,2,1,2,1,27,6,-1,-1,-1,-1,1,-1
201501XH30918,2,9,0,18,0,2,0,0,0,0,1,1,2,1,27,6,1198,1,-1,-1,1,-1
201501XH30919,1,9,0,9,0,8,0,0,0,0,1,1,6,1,39,7,1596,1,10,-1,1,-1
201501XH30921,1,9,0,9,0,8,0,0,0,0,1,1,6,1,24,5,1396,1,18,-1,-1,-1
201501XH30921,2,9,0,8,0,8,0,0,0,0,3,1,6,2,17,4,1242,1,5,-1,1,-1
201501XH30921,3,9,0,18,0,8,0,0,0,0,3,1,6,1,18,4,-1,-1,-1,-1,1,-1
201501XH30922,1,9,0,4,0,1,1,10,7,2,1,1,6,1,40,7,1597,1,18,-1,1,-1
201501XH30923,1,9,0,18,0,1,0,0,0,0,1,1,2,1,21,5,1560,2,1,-1,1,-1
201501XH30923,2,3,0,4,0,1,0,0,0,0,2,1,2,1,45,7,124,1,5,-1,1,-1
201501XH30925,1,9,0,18,0,1,0,0,0,0,4,1,6,3,-1,-1,-1,-1,-1,-1,-1,-1
201501XH30927,1,9,0,18,0,0,5,10,1,9,4,1,6,1,33,6,1497,1,12,-1,1,-1
201501XH30928,1,9,0,18,0,0,0,4,0,0,4,1,6,2,48,8,998,1,5,-1,1,-1
201501XH30928,2,9,0,2,0,0,0,4,0,0,4,1,6,3,-1,-1,1999,1,11,-1,-1,-1
201501XH30928,3,9,0,2,0,0,0,0,0,0,2,1,6,3,-1,-1,1800,1,15,-1,-1,-1
201501XH30929,1,2,0,14,0,1,1,4,0,0,1,1,2,1,45,7,124,1,2,-1,1,-1
201501XH30929,2,9,0,2,0,1,0,0,0,0,2,1,6,1,37,7,1199,1,16,-1,-1,-1
201501XH30931,1,9,0,7,0,8,0,0,0,0,1,1,6,1,50,8,-1,-1,-1,-1,1,-1
201501XH30932,1,9,0,4,0,2,0,0,0,0,2,1,6,1,20,4,1360,1,11,-1,1,-1
201501XH30932,2,9,0,4,0,2,0,0,0,0,1,1,6,1,-1,-1,1399,2,12,-1,-1,-1
201501XH30933,1,9,0,3,0,1,0,0,0,0,2,1,6,1,22,5,1587,1,13,-1,1,-1
201501XH30933,2,9,0,4,0,1,1,0,0,0,1,1,6,1,-1,-1,1364,1,10,-1,-1,-1
201501XH30934,1,9,0,9,0,8,0,0,0,0,1,1,6,2,30,6,1329,1,2,-1,1,-1
201501XH30935,1,9,0,9,0,8,0,10,1,0,4,1,1,2,26,6,-1,-1,-1,-1,-1,-1
201501XH30936,1,1,0,10,0,8,0,0,0,0,2,1,6,1,48,8,-1,-1,-1,-1,1,-1
201501XH30936,2,9,0,18,0,8,0,0,0,0,1,1,6,3,-1,-1,-1,-1,-1,-1,-1,-1
201501XH30937,1,9,0,9,0,8,0,0,0,0,3,1,6,1,30,6,2993,2,8,-1,3,-1
201501XH30937,2,4,0,18,0,8,0,0,0,0,1,1,6,1,31,6,249,1,6,-1,1,-1
201501XH30939,1,9,0,2,0,2,0,0,0,0,3,1,6,1,45,7,1086,1,11,-1,1,-1
201501XH30939,2,1,0,18,0,2,0,8,0,0,1,1,6,1,62,9,-1,-1,-1,-1,1,-1
201501XH30939,3,1,0,18,0,2,0,0,0,0,1,1,6,2,58,9,-1,-1,-1,-1,1,-1
201501XH30940,1,9,0,18,0,1,0,0,0,0,1,1,6,1,47,8,1968,2,9,-1,1,-1
201501XH30940,2,9,0,5,0,1,0,0,0,0,3,1,6,1,21,5,1199,1,14,-1,1,-1
201501XH39203,1,9,0,3,0,1,0,0,0,0,2,1,6,1,34,6,1590,1,10,-1,1,-1
201501XH39203,2,9,0,18,0,1,0,0,0,0,1,1,6,1,-1,-1,998,1,1,-1,-1,-1
201501YE80008,1,9,0,7,0,2,0,0,0,0,3,1,1,1,42,7,1896,2,10,-1,1,-1
201501YE80008,2,19,0,18,0,2,0,7,4,10,4,1,1,1,27,6,2287,2,9,-1,1,-1
201501YE80010,1,9,0,18,0,8,0,0,0,0,2,1,2,2,27,6,-1,-1,-1,-1,1,-1
201501YE80010,2,19,0,18,0,8,0,0,0,0,1,1,1,1,41,7,1995,2,7,-1,1,-1
201501YE80010,3,9,0,12,0,8,0,0,0,0,2,1,6,3,-1,-1,-1,-1,-1,-1,-1,-1
201501YE80011,1,9,0,18,0,0,5,10,8,7,2,1,6,1,28,6,-1,-1,-1,-1,1,-1
201501YE80011,2,9,0,18,0,0,0,0,0,0,1,1,6,3,-1,-1,-1,-1,-1,-1,-1,-1
201501YE80021,1,9,0,3,0,1,0,0,0,0,2,1,6,1,42,7,1339,8,5,-1,1,-1
201501YE80021,2,9,0,18,0,1,0,0,0,0,1,1,6,2,-1,-1,1995,2,4,-1,1,-1
201501YE80029,1,9,0,18,0,2,0,0,0,0,1,1,6,1,62,9,1598,1,11,-1,1,-1
201501YE80031,1,9,0,9,0,1,0,0,0,0,1,1,6,2,56,9,1086,1,7,-1,1,-1
201501YE80031,2,3,0,13,0,1,0,0,0,0,4,1,1,1,18,4,125,1,10,-1,1,-1
201501YE80032,1,9,0,18,0,1,0,0,0,0,1,1,6,1,53,8,1796,1,9,-1,1,-1
201501YE80034,1,9,0,3,0,0,0,0,0,0,2,1,6,1,29,6,-1,-1,-1,-1,2,-1
201501YE80034,2,9,0,18,0,0,0,0,0,0,1,1,6,2,55,8,-1,-1,-1,-1,1,-1
201501YE80037,1,9,0,3,0,1,0,0,0,0,2,1,6,1,55,8,1796,1,16,-1,1,-1
201501YE80037,2,9,0,3,0,1,0,0,0,0,2,1,6,1,-1,-1,1560,2,2,-1,-1,-1
201501YE80037,3,9,0,18,0,1,0,0,0,0,1,1,6,1,-1,-1,1560,2,3,-1,-1,-1
201501YE80040,1,9,0,18,0,1,0,0,0,0,3,1,6,1,30,6,1599,1,7,-1,1,-1
201501YE80040,2,9,0,5,0,1,0,0,0,0,1,1,6,1,45,7,1595,1,13,-1,1,-1
201501YE80042,1,11,0,18,0,2,0,0,0,0,4,1,1,1,29,6,5132,2,1,-1,1,-1
201501YE80043,1,9,0,18,0,2,0,10,1,7,1,1,6,1,21,5,599,1,12,-1,1,-1
201501YE80044,1,9,0,7,0,8,0,0,0,0,1,1,6,1,41,7,1999,1,8,-1,1,-1
201501YE80047,1,2,0,5,0,1,0,0,0,0,2,1,6,1,60,9,125,1,1,-1,1,-1
201501YE80047,2,9,0,5,0,1,0,0,0,0,1,1,6,2,32,6,1896,2,7,-1,1,-1
201501YE80049,1,9,0,12,0,0,0,0,0,0,1,1,6,2,64,9,1461,2,2,-1,1,-1
201501YE80049,2,9,0,3,0,0,0,0,0,0,2,1,6,1,41,7,-1,-1,-1,-1,1,-1
201501YE80049,3,9,0,3,0,0,0,0,0,0,2,1,6,1,33,6,1896,2,13,-1,1,-1
201501YE80049,4,9,0,3,0,0,0,0,0,0,2,1,6,1,31,6,1560,2,10,-1,1,-1
201501YE80051,1,21,1,12,0,0,0,0,0,0,3,2,1,1,-1,-1,-1,-1,-1,-1,-1,-1
201501YE80051,2,9,0,18,0,0,0,0,0,0,4,1,6,1,45,7,1997,2,1,-1,3,-1
201501YE80051,3,9,0,18,0,0,0,0,0,0,4,1,6,3,-1,-1,-1,-1,-1,-1,-1,-1
201501YE80052,1,9,0,18,0,1,0,0,0,0,1,1,6,1,23,5,1339,1,13,-1,1,-1
201501YE80053,1,9,0,18,0,1,0,10,1,1,3,1,6,1,23,5,1797,8,3,-1,1,-1
201501YE80053,2,9,0,9,0,2,0,0,0,0,1,1,6,3,-1,-1,-1,-1,-1,-1,-1,-1
201501YE80054,1,3,0,18,0,8,0,10,8,7,1,1,6,1,17,4,125,1,2,-1,1,-1
201501YE80055,1,9,0,18,0,8,0,0,0,0,1,1,6,1,49,8,998,1,1,-1,1,-1
201501YE80055,2,9,0,18,0,8,0,0,0,0,3,1,6,1,-1,-1,3200,2,14,-1,1,-1
201501YE80057,1,9,0,2,0,0,0,0,0,0,3,1,6,1,-1,-1,1598,1,6,-1,-1,-1
201501YE80057,2,1,0,18,0,0,0,8,0,0,1,1,2,1,41,7,-1,-1,-1,-1,1,-1
201501YE80058,1,9,0,14,0,1,0,0,0,0,1,1,1,1,42,7,1968,2,2,-1,1,-1
201501YE80061,1,9,0,9,0,8,0,0,0,0,1,1,2,1,38,7,1968,2,7,-1,1,-1
201501YE80063,1,19,0,3,0,1,0,0,0,0,2,1,1,1,30,6,1995,2,5,-1,1,-1
201501YE80063,2,9,0,18,0,1,0,0,0,0,1,1,6,2,-1,-1,-1,-1,-1,-1,-1,-1
201501YE80065,1,9,0,14,0,0,0,0,0,0,1,1,6,1,-1,-1,-1,-1,-1,-1,-1,-1
201501YE80066,1,9,0,18,0,1,0,0,0,0,1,1,6,1,-1,-1,-1,-1,-1,-1,-1,-1
201501YE80067,1,19,0,5,0,1,0,0,0,0,1,1,6,3,-1,-1,2494,2,9,-1,-1,-1
201501YE80067,2,5,0,18,0,1,0,0,0,0,4,1,6,1,37,7,647,1,11,-1,1,-1
201501YE80068,1,9,0,4,0,0,0,0,0,0,2,1,6,1,50,8,1984,1,6,-1,1,-1
201501YE80068,2,9,0,18,0,0,0,0,0,0,1,1,6,1,73,10,2495,1,9,-1,2,-1
201501YE80068,3,19,0,18,0,0,0,0,0,0,1,1,6,1,57,9,2402,2,7,-1,1,-1
201501YE80068,4,9,0,18,0,0,0,0,0,0,1,1,6,1,44,7,1560,2,1,-1,1,-1
201501YE80068,5,9,0,18,0,0,0,0,0,0,1,1,6,2,29,6,1596,1,9,-1,1,-1
201501YE80069,1,9,0,5,0,1,0,0,0,0,2,1,6,2,35,6,2143,2,1,-1,1,-1
201501YE80069,2,9,0,18,0,8,0,0,0,0,1,1,6,1,24,5,1360,1,8,-1,1,-1
201501YE80070,1,9,0,6,0,1,0,0,0,0,3,1,6,1,34,6,-1,-1,-1,-1,1,-1
201501YE80070,2,9,0,18,0,1,0,0,0,0,1,1,6,1,23,5,1229,1,7,-1,1,-1
201501YE80075,1,9,0,18,0,8,0,0,0,0,1,1,6,1,24,5,-1,-1,-1,-1,1,-1
201501YE80075,2,9,0,10,0,8,0,10,1,10,3,1,6,2,20,4,-1,-1,-1,-1,1,-1
201501YE80076,1,9,0,4,0,0,0,0,0,0,2,1,6,1,36,7,1997,2,5,-1,1,-1
201501YE80076,2,9,0,18,0,0,0,0,0,0,1,1,6,1,-1,-1,1560,2,9,-1,-1,-1
201501YE80078,1,9,0,14,0,1,0,0,0,0,1,1,6,3,-1,-1,-1,-1,-1,-1,-1,-1
201501YE80079,1,9,0,18,0,0,0,4,0,0,1,1,6,1,18,4,1242,1,8,-1,1,-1
201501YE80080,1,9,0,9,0,2,0,0,0,0,3,1,2,2,47,8,1229,1,9,-1,-1,-1
201501YE80080,2,9,0,18,0,1,0,0,0,0,1,1,2,2,38,7,1595,1,5,-1,1,-1
201501YE80081,1,11,0,3,0,0,0,0,0,0,1,1,1,1,44,7,-1,-1,-1,-1,1,-1
201501YE80082,1,9,0,3,0,1,0,0,0,0,2,1,6,1,33,6,1991,1,1,-1,1,-1
201501YE80082,2,9,0,18,0,1,0,0,0,0,1,1,6,1,-1,-1,1596,1,9,-1,-1,-1
201501YE80084,1,21,1,18,0,0,0,0,0,0,2,1,1,1,50,8,6370,2,5,-1,1,-1
201501YE80084,2,19,0,18,0,0,0,0,0,0,1,1,1,1,45,7,6692,2,4,-1,-1,-1
201501YE80086,1,9,0,18,0,0,0,0,0,0,1,1,2,2,56,9,1595,1,16,-1,2,-1
201501YE80086,2,9,0,18,0,0,0,0,0,0,1,1,2,2,40,7,1598,1,5,-1,1,-1
201501YE80086,3,19,0,18,0,0,0,10,6,10,4,1,2,1,29,6,-1,-1,-1,-1,1,-1
201501YE80088,1,9,0,9,0,2,0,0,0,0,1,1,6,2,-1,-1,-1,-1,-1,-1,1,-1
201501YE80089,1,9,0,18,0,0,0,0,0,0,4,1,6,2,53,8,1229,1,5,-1,1,-1
201501YE80089,2,9,0,12,0,0,0,0,0,0,3,1,6,1,20,4,1248,2,1,-1,-1,-1
201501YE80090,1,9,0,18,0,8,0,0,0,0,1,1,2,1,56,9,1870,2,13,-1,1,-1
201501YE80090,2,1,0,18,0,8,0,0,0,0,4,1,3,2,38,7,-1,-1,-1,-1,-1,-1
201501YE80091,1,9,0,9,0,8,0,0,0,0,4,1,6,1,32,6,4163,1,10,-1,1,-1
201501YE80091,2,9,0,9,0,8,0,0,0,0,4,1,6,1,23,5,1995,1,5,-1,1,-1
201501YE80091,3,9,0,18,0,8,1,0,0,0,1,1,6,1,-1,-1,1968,2,9,-1,-1,-1
201501YE80095,1,9,0,18,0,8,0,0,0,0,4,1,6,1,35,6,2148,2,8,-1,1,-1
201501YE80095,2,9,0,18,0,8,0,0,0,0,1,1,6,2,36,7,1399,2,10,-1,1,-1
201501YE80096,1,19,0,18,0,0,0,0,0,0,4,1,6,3,-1,-1,2143,2,2,-1,-1,-1
201501YE80097,1,9,0,18,0,0,0,10,7,2,1,1,6,1,18,4,-1,-1,-1,-1,1,-1
201501YE80098,1,11,0,5,0,8,0,0,0,0,2,1,1,1,27,6,6700,2,7,-1,1,-1
201501YE80098,2,9,0,11,0,8,0,0,0,0,1,1,6,2,72,10,1598,1,13,-1,1,-1
201501YE80099,1,9,0,18,0,8,0,0,0,0,4,1,6,2,34,6,1896,2,10,-1,1,-1
201501YE80099,2,19,0,1,0,8,0,0,0,0,2,1,6,1,-1,-1,1461,2,10,-1,-1,-1
201501YE80100,1,11,0,18,0,1,0,0,0,0,4,1,1,1,36,7,6700,2,6,-1,1,-1
201501YE80100,2,11,0,5,0,1,0,0,0,0,3,1,1,2,34,6,6700,2,3,-1,1,-1
201501YE80101,1,9,0,18,0,8,0,0,0,0,4,1,6,1,52,8,2204,2,8,-1,1,-1
201501YE80101,2,2,0,18,0,8,0,0,0,0,1,1,6,1,46,8,670,1,2,-1,1,-1
201501YE80102,1,9,0,1,0,1,0,0,0,0,2,1,6,1,-1,-1,1984,1,11,-1,-1,-1
201501YE80103,1,9,0,18,0,1,1,0,0,0,1,1,6,1,27,6,-1,-1,-1,-1,1,-1
201501YE80103,2,9,0,3,0,1,0,0,0,0,2,1,6,2,48,8,2438,1,18,-1,1,-1
201501YE80103,3,9,0,3,0,1,0,0,0,0,2,1,6,1,43,7,1400,1,10,-1,1,-1
201501YE80104,1,9,0,3,0,1,0,0,0,0,2,1,6,1,27,6,1896,2,14,-1,1,-1
201501YE80104,2,19,0,18,0,1,0,0,0,0,1,1,6,3,-1,-1,2198,2,7,-1,-1,-1
201501YE80105,1,9,0,3,0,2,0,0,0,0,2,1,6,2,64,9,1560,2,7,-1,1,-1
201501YE80105,2,9,0,16,0,2,0,0,0,0,1,1,6,3,-1,-1,1896,2,13,-1,-1,-1
201501YE80106,1,9,0,8,0,1,0,0,0,0,2,1,6,2,46,8,2295,1,16,-1,1,-1
201501YE80106,2,9,0,4,0,1,0,0,0,0,1,1,6,1,-1,-1,1598,2,1,-1,1,-1
201501YE80107,1,9,0,18,0,0,0,0,4,6,1,1,6,1,25,5,1242,1,6,-1,1,-1
201501YE80108,1,9,0,9,0,8,0,0,0,0,3,1,6,1,37,7,1997,2,11,-1,1,-1
201501YE80108,2,3,0,18,0,8,0,0,0,0,1,1,6,1,27,6,102,1,9,-1,1,-1
201501YE80109,1,9,0,4,0,1,0,0,0,0,2,1,6,1,58,9,1198,1,2,-1,1,-1
201501YE80109,2,3,0,18,0,1,0,0,0,0,1,1,6,1,23,5,125,1,4,-1,1,-1
201501YE80111,1,9,0,18,0,0,0,0,0,0,3,1,6,2,31,6,1997,1,2,-1,1,-1
201501YE80111,2,21,1,18,0,0,0,0,0,0,4,1,6,1,40,7,10518,2,6,-1,1,-1
201501YE80111,3,9,0,18,0,0,0,0,0,0,1,1,6,1,51,8,1800,1,10,-1,1,-1
201501YE80111,4,9,0,18,0,0,0,0,0,0,1,1,6,1,52,8,1956,2,1,-1,3,-1
201501YE80111,5,19,0,18,0,0,0,0,0,0,1,1,6,1,67,10,2500,2,8,-1,1,-1
201501YE80113,1,9,0,18,0,1,0,10,1,10,1,1,6,1,-1,-1,2171,2,13,-1,-1,-1
201501YE80114,1,3,0,14,0,0,0,0,0,0,1,1,6,1,18,4,124,1,6,-1,1,-1
201501YE80115,1,9,0,18,0,0,0,0,0,0,1,1,6,2,60,9,1332,1,20,-1,1,-1
201501YE80117,1,9,0,3,0,1,0,0,0,0,1,1,6,2,36,7,-1,-1,-1,-1,1,-1
201501YE80117,2,19,0,1,0,1,0,0,0,0,2,1,6,1,-1,-1,-1,-1,-1,-1,-1,-1
201501YE80118,1,11,0,5,0,0,0,0,0,0,1,1,1,1,55,8,6700,2,3,-1,1,-1
201501YE80119,1,9,0,18,0,1,0,4,0,0,1,1,6,3,-1,-1,1598,2,1,-1,-1,-1
201501YE80120,1,9,0,18,0,1,0,0,0,0,2,1,6,1,43,7,1598,1,5,-1,1,-1
201501YE80120,2,3,0,18,0,1,0,0,0,0,1,1,6,1,23,5,125,1,3,-1,1,-1
201501YE80121,1,9,0,3,0,1,0,0,0,0,2,1,6,1,38,7,1798,8,3,-1,1,-1
201501YE80121,2,9,0,18,0,1,0,0,0,0,1,1,6,1,37,7,1762,1,15,-1,1,-1
201501YE80124,1,9,0,13,0,1,0,0,0,0,1,1,2,1,46,8,3246,1,12,-1,1,-1
201501YE80124,2,9,0,9,0,1,0,10,7,4,3,1,2,1,54,8,1798,8,1,-1,1,-1
201501YE80125,1,19,0,9,0,2,0,0,0,0,1,1,6,1,-1,-1,-1,-1,-1,-1,-1,-1
201501YE80126,1,19,0,4,0,1,0,0,0,0,1,1,1,3,-1,-1,-1,-1,-1,-1,-1,-1
201501YE80127,1,9,0,7,0,8,0,0,0,0,4,1,6,1,56,9,1988,1,14,-1,1,-1
201501YE80128,1,9,0,18,0,0,0,0,0,0,4,1,6,2,27,6,1364,1,7,-1,1,-1
201501YE80133,1,9,0,18,0,0,0,0,0,0,1,1,6,1,-1,-1,-1,-1,-1,-1,-1,-1
201501YE80133,2,9,0,3,0,0,0,0,0,0,2,1,6,1,26,6,2993,2,10,-1,1,-1
201501YE80134,1,9,0,3,0,0,0,0,0,0,2,1,6,1,25,5,-1,-1,-1,-1,1,-1
201501YE80134,2,9,0,18,0,0,0,0,0,0,1,1,6,1,-1,-1,-1,-1,-1,-1,-1,-1
201501YE80135,1,11,0,18,0,1,0,0,0,0,1,1,1,1,59,9,-1,-1,-1,-1,1,-1