Accident_Index,Vehicle_Reference,Vehicle_Type,Towing_and_Articulation,Vehicle_Manoeuvre,Vehicle_Location-Restricted_Lane,Junction_Location,Skidding_and_Overturning,Hit_Object_in_Carriageway,Vehicle_Leaving_Carriageway,Hit_Object_off_Carriageway,1st_Point_of_Impact,Was_Vehicle_Left_Hand_Drive?,Journey_Purpose_of_Driver,Sex_of_Driver,Age_of_Driver,Age_Band_of_Driver,Engine_Capacity_(CC),Propulsion_Code,Age_of_Vehicle,Driver_IMD_Decile,Driver_Home_Area_Type,Vehicle_IMD_Decile
201501YE80135,2,9,0,4,0,1,0,0,0,0,2,1,6,1,-1,-1,1999,1,5,-1,1,-1
201501YE80137,1,9,0,9,0,8,0,0,0,0,1,1,6,2,43,7,1240,1,6,-1,1,-1
201501YE80137,2,9,0,18,0,8,0,0,0,0,3,1,6,1,68,10,-1,-1,-1,-1,1,-1
201501YE80138,1,9,0,7,0,8,0,0,0,0,3,1,6,2,26,6,2000,2,10,-1,1,-1
201501YE80138,2,9,0,7,0,8,0,0,0,0,3,1,6,1,-1,-1,4966,1,12,-1,-1,-1
201501YE80139,1,9,0,3,0,1,0,0,0,0,2,1,6,1,19,4,1242,1,4,-1,1,-1
201501YE80139,2,9,0,18,0,1,0,0,0,0,1,1,6,1,-1,-1,1995,1,7,-1,-1,-1
201501YE80141,1,9,0,9,0,8,0,0,0,0,1,1,2,1,28,6,1995,2,3,-1,1,-1
201501YE80141,2,9,0,18,0,8,0,0,0,0,3,1,6,1,34,6,1422,2,7,-1,-1,-1
201501YE80142,1,9,0,1,0,0,0,0,0,0,2,1,6,1,-1,-1,-1,-1,-1,-1,-1,-1
201501YE80144,1,9,0,12,0,8,0,0,0,0,2,1,6,2,37,7,1398,1,1,-1,1,-1
201501YE80144,2,4,0,18,0,8,0,0,0,0,1,1,6,1,19,4,599,1,7,-1,-1,-1
201501YE80145,1,9,0,3,0,2,0,0,0,0,2,1,6,2,-1,-1,-1,-1,-1,-1,1,-1
201501YE80145,2,9,0,3,0,2,0,0,0,0,2,1,6,2,37,7,1797,8,4,-1,1,-1
201501YE80145,3,9,0,18,0,2,0,0,0,0,1,1,6,1,-1,-1,3456,8,3,-1,-1,-1
201501YE80147,1,9,0,18,0,0,0,0,0,0,4,1,6,2,51,8,1896,2,17,-1,-1,-1
201501YE80148,1,9,0,14,0,1,0,0,0,0,1,1,6,2,23,5,-1,-1,-1,-1,1,-1
201501YE80149,1,9,0,9,0,5,0,0,0,0,1,1,6,1,-1,-1,1596,1,6,-1,-1,-1
201501YE80149,2,1,0,18,0,8,0,0,0,0,3,1,6,1,25,5,-1,-1,-1,-1,1,-1
201501YE80150,1,9,0,18,0,0,1,0,5,7,1,1,6,2,18,4,1124,1,12,-1,-1,-1
201501YE80151,1,9,0,3,0,1,0,0,0,0,1,1,6,2,29,6,1596,1,10,-1,1,-1
201501YE80151,2,9,0,1,0,1,0,0,0,0,2,1,6,3,-1,-1,1968,2,3,-1,-1,-1
201501YE80152,1,9,0,2,0,0,0,0,0,0,4,1,6,1,26,6,1995,1,8,-1,3,-1
201501YE80152,2,9,0,18,0,0,0,8,0,0,4,1,6,3,-1,-1,-1,-1,-1,-1,-1,-1
201501YE80153,1,9,0,3,0,1,0,0,0,0,2,1,6,1,42,7,-1,-1,-1,-1,1,-1
201501YE80153,2,9,0,18,0,1,0,0,0,0,1,1,6,3,-1,-1,-1,-1,-1,-1,-1,-1
201501YE80154,1,9,0,18,0,1,0,0,0,0,1,1,6,1,44,7,1895,1,14,-1,1,-1
201501YE80156,1,9,0,18,0,2,0,0,0,0,1,1,2,2,62,9,1598,1,6,-1,1,-1
201501YE80157,1,9,0,18,0,0,1,0,0,0,1,1,6,2,55,8,-1,-1,-1,-1,-1,-1
201501YE80157,2,9,0,4,0,0,0,0,0,0,4,1,6,1,26,6,1791,8,3,-1,1,-1
201501YE80157,3,9,0,3,0,0,0,0,0,0,2,1,6,1,33,6,-1,-1,-1,-1,1,-1
201501YE80158,1,9,0,3,0,1,0,0,0,0,2,1,6,2,44,7,1998,1,10,-1,1,-1
201501YE80158,2,9,0,18,0,1,0,0,0,0,1,1,6,3,-1,-1,-1,-1,-1,-1,-1,-1
201501YE80159,1,11,0,18,0,8,0,0,0,0,0,1,1,1,53,8,6692,2,2,-1,-1,-1
201501YE80160,1,4,0,18,0,0,0,10,0,0,3,1,6,1,25,5,-1,-1,-1,-1,1,-1
201501YE80160,2,9,0,18,0,0,0,0,0,0,3,1,6,1,-1,-1,-1,-1,-1,-1,-1,-1
201501YE80161,1,9,0,9,0,2,0,0,0,0,1,1,6,1,-1,-1,-1,-1,-1,-1,-1,-1
201501YE80162,1,9,0,18,0,8,0,0,0,0,1,1,6,2,27,6,-1,-1,-1,-1,1,-1
201501YE80162,2,5,0,9,0,8,0,0,0,0,4,1,1,1,52,8,599,1,12,-1,-1,-1
201501YE80163,1,9,0,18,0,0,0,0,0,0,3,1,6,1,50,8,2148,2,6,-1,1,-1
201501YE80163,2,2,0,13,0,0,0,0,0,0,4,1,6,1,33,6,124,1,9,-1,1,-1
201501YE80164,1,19,0,18,0,0,0,0,0,0,1,1,1,1,60,9,2198,2,3,-1,-1,-1
201501YE80164,2,9,0,3,0,0,0,0,0,0,2,1,1,1,61,9,-1,-1,-1,-1,2,-1
201501YE80164,3,9,0,3,0,0,0,0,0,0,2,1,1,1,26,6,-1,-1,-1,-1,1,-1
201501YE80166,1,9,0,3,0,1,0,0,0,0,2,1,6,1,37,7,1910,2,10,-1,1,-1
201501YE80166,2,20,0,18,0,1,0,0,0,0,1,1,6,1,30,6,6692,2,5,-1,1,-1
201501YE80167,1,9,0,6,0,0,0,0,0,0,3,1,6,1,35,6,1995,2,11,-1,1,-1
201501YE80167,2,9,0,18,0,0,0,0,0,0,1,1,6,2,72,10,1240,1,9,-1,1,-1
201501YE80168,1,9,0,5,0,0,0,0,0,0,3,1,6,1,-1,-1,1596,1,9,-1,-1,-1
201501YE80168,2,9,0,18,0,0,0,0,0,0,4,1,6,1,49,8,1896,2,14,-1,1,-1
201501YE80169,1,9,0,18,0,0,0,0,0,0,1,1,6,3,-1,-1,-1,-1,-1,-1,-1,-1
201501YE80170,1,9,0,18,0,8,0,0,0,0,4,1,6,1,36,7,1493,2,8,-1,1,-1
201501YE80170,2,9,0,9,0,8,0,0,0,0,1,1,6,2,-1,-1,1598,1,3,-1,1,-1
201501YE80172,1,8,0,4,0,8,0,0,0,0,2,1,6,1,54,8,2148,2,7,-1,1,-1
201501YE80172,2,9,0,18,0,8,0,0,0,0,1,1,6,1,-1,-1,1686,2,1,-1,-1,-1
201501YE80175,1,9,0,3,0,1,0,0,0,0,2,1,6,2,53,8,1398,1,13,-1,1,-1
201501YE80175,2,19,0,3,0,1,0,0,0,0,2,1,6,1,66,10,1248,2,10,-1,1,-1
201501YE80175,3,9,0,11,0,1,0,0,0,0,1,1,2,2,-1,-1,1242,1,10,-1,3,-1
201501YE80179,1,9,0,18,0,0,1,0,0,0,2,1,6,1,43,7,1794,1,9,-1,1,-1
201501YE80179,2,9,0,18,0,0,1,0,0,0,1,1,6,1,-1,-1,1598,1,7,-1,-1,-1
201501YE80180,1,9,0,15,2,1,0,0,1,0,3,1,1,1,31,6,2494,1,13,-1,1,-1
201501YE80180,2,19,0,11,0,1,0,0,0,0,4,1,1,1,32,6,2461,2,4,-1,1,-1
201501YE80181,1,9,0,18,0,8,0,10,1,2,1,1,6,1,41,7,1998,2,10,-1,1,-1
201501YE80181,2,9,0,13,0,8,0,0,0,0,0,1,6,3,-1,-1,-1,-1,-1,-1,-1,-1
201501YE80183,1,9,0,18,0,8,0,0,0,0,1,1,6,2,44,7,-1,-1,-1,-1,1,-1
201501YE80183,2,9,0,18,0,8,0,0,0,0,4,1,6,1,39,7,2685,2,11,-1,1,-1
201501YE80184,1,9,0,4,0,1,0,0,0,0,2,1,6,1,65,9,1995,2,8,-1,-1,-1
201501YE80184,2,9,0,3,0,1,0,0,0,0,2,1,6,1,22,5,-1,-1,-1,-1,1,-1
201501YE80184,3,19,0,18,0,1,0,0,0,0,1,1,6,1,38,7,1560,2,2,-1,1,-1
201501YE80186,1,9,0,16,0,0,0,0,0,0,1,1,6,1,48,8,1991,2,5,-1,3,-1
201501YE80186,2,9,0,16,0,0,1,0,5,6,1,1,6,1,27,6,1598,1,11,-1,1,-1
201501YE80188,1,9,0,4,0,8,1,4,0,0,4,1,6,2,38,7,1596,1,10,-1,1,-1
201501YE80188,2,9,0,5,0,6,0,0,0,0,1,1,6,2,24,5,1398,1,12,-1,1,-1
201501YE80188,3,9,0,2,0,8,0,0,0,0,1,1,6,3,-1,-1,2149,2,8,-1,-1,-1
201501YE80189,1,9,0,3,0,8,0,0,0,0,2,1,6,1,43,7,1199,1,15,-1,1,-1
201501YE80189,2,9,0,18,0,8,0,0,0,0,1,1,6,3,-1,-1,-1,-1,-1,-1,-1,-1
201501YE80190,1,9,0,17,0,8,0,0,0,0,3,1,2,1,62,9,2793,1,16,-1,1,-1
201501YE80190,2,9,0,11,0,8,0,0,0,0,4,1,2,2,46,8,1995,1,4,-1,1,-1
201501YE80190,3,9,0,3,0,8,0,0,0,0,4,1,2,2,26,6,2393,1,12,-1,1,-1
201501YE80191,1,19,0,5,0,0,0,0,0,0,1,1,6,1,44,7,2198,2,5,-1,1,-1
201501YE80191,2,9,0,3,0,0,0,0,0,0,2,1,6,1,32,6,1124,1,9,-1,1,-1
201501YE80193,1,9,0,3,0,1,0,0,0,0,2,1,6,2,45,7,1396,1,15,-1,1,-1
201501YE80193,2,9,0,4,0,1,0,0,0,0,1,1,6,2,-1,-1,1800,1,16,-1,-1,-1
201501YE80194,1,9,0,9,0,8,0,0,0,0,1,1,6,1,80,11,1298,1,13,-1,1,-1
201501YE80194,2,1,0,18,0,8,0,0,0,0,3,1,6,1,46,8,-1,-1,-1,-1,1,-1
201501YE80196,1,19,0,1,0,0,0,0,0,0,2,1,1,1,27,6,2287,2,5,-1,1,-1
201501YE80198,1,9,0,18,0,0,0,0,0,0,1,1,6,1,30,6,1798,1,7,-1,1,-1
201501YE80199,1,9,0,9,0,8,0,0,0,0,3,1,6,1,27,6,3199,1,11,-1,2,-1
201501YE80199,2,9,0,9,0,8,0,0,0,0,1,1,6,1,-1,-1,-1,-1,-1,-1,-1,-1
201501YE80200,1,19,0,18,0,8,0,0,0,0,4,1,6,2,41,7,1997,2,11,-1,1,-1
201501YE80200,2,9,0,7,0,6,0,0,0,0,1,1,1,1,49,8,-1,-1,-1,-1,-1,-1
201501YE80201,1,9,0,3,0,8,0,0,0,0,4,1,2,2,54,8,1769,1,11,-1,1,-1
201501YE80201,2,9,0,1,0,6,0,0,0,0,2,1,6,1,50,8,2597,1,12,-1,-1,-1
201501YE80202,1,9,0,18,0,0,0,0,0,0,3,1,6,1,47,8,-1,-1,-1,-1,-1,-1
201501YE80202,2,9,0,11,0,0,0,0,0,0,4,1,6,1,-1,-1,-1,-1,-1,-1,-1,-1
201501YE80203,1,9,0,4,0,0,0,0,0,0,3,1,2,1,52,8,1988,1,11,-1,1,-1
201501YE80203,2,9,0,13,0,0,0,0,0,0,3,1,6,3,-1,-1,-1,-1,-1,-1,-1,-1
201501YE80204,1,9,0,3,0,2,0,0,0,0,2,1,6,2,37,7,1596,1,9,-1,1,-1
201501YE80204,2,9,0,18,0,1,0,0,0,0,1,1,6,1,-1,-1,1970,1,8,-1,-1,-1
201501YE80205,1,9,0,4,0,8,0,0,0,0,2,1,1,1,35,6,2979,1,2,-1,1,-1
201501YE80205,2,19,0,18,0,8,0,0,0,0,1,1,1,1,48,8,2148,2,9,-1,-1,-1
201501YE80207,1,9,0,11,0,0,0,0,0,0,1,1,6,1,39,7,-1,-1,-1,-1,-1,-1
201501YE80208,1,9,0,4,0,8,0,0,0,0,2,1,6,1,23,5,1229,1,1,-1,1,-1
201501YE80208,2,19,0,4,0,8,0,0,0,0,1,1,1,1,-1,-1,1598,2,1,-1,-1,-1
201501YE80209,1,9,0,3,0,1,0,0,0,0,2,1,6,1,30,6,1995,2,9,-1,1,-1
201501YE80209,2,9,0,18,0,1,0,0,0,0,1,1,6,1,35,6,2987,2,4,-1,-1,-1
201501YE80214,1,9,0,18,0,1,0,0,0,0,4,1,6,2,36,7,4398,1,11,-1,1,-1
201501YE80215,1,9,0,7,0,8,0,0,0,0,4,1,6,3,-1,-1,-1,-1,-1,-1,-1,-1
201501YE80216,1,1,0,18,0,2,0,0,0,0,2,1,6,1,48,8,-1,-1,-1,-1,1,-1
201501YE80216,2,9,0,18,0,2,0,0,0,0,4,1,6,3,-1,-1,-1,-1,-1,-1,-1,-1
201501YE80217,1,9,0,18,0,2,0,0,0,0,1,1,2,2,21,5,998,1,8,-1,-1,-1
201501YE80218,1,9,0,4,0,0,0,0,0,0,1,1,1,1,24,5,1995,2,8,-1,3,-1
201501YE80218,2,19,0,6,0,0,0,0,0,0,3,1,3,1,-1,-1,1560,2,3,-1,1,-1
201501YE80220,1,9,0,3,0,8,0,0,0,0,2,1,2,1,36,7,-1,-1,-1,-1,1,-1
201501YE80220,2,9,0,3,0,8,0,0,0,0,2,1,6,2,46,8,2148,2,11,-1,1,-1
201501YE80220,3,9,0,3,0,8,0,0,0,0,2,1,6,2,43,7,1596,1,16,-1,1,-1
201501YE80220,4,9,0,18,0,5,0,0,0,0,1,1,6,2,49,8,1339,8,5,-1,1,-1
201501YE80221,1,9,0,9,0,8,0,0,0,0,4,1,6,3,-1,-1,1997,2,1,-1,-1,-1
201501YE80222,1,9,0,6,0,8,0,0,7,0,1,1,6,2,66,10,2792,1,9,-1,2,-1
201501YE80222,2,9,0,4,0,8,1,0,1,0,1,1,6,2,22,5,1242,1,12,-1,1,-1
201501YE80223,1,3,0,5,0,8,0,0,0,0,1,1,6,1,30,6,599,1,9,-1,1,-1
201501YE80223,2,9,0,9,0,5,0,0,0,0,4,1,6,1,18,4,-1,-1,-1,-1,1,-1
201501YE80224,1,9,0,3,0,0,0,0,0,0,2,1,6,1,32,6,1598,1,1,-1,1,-1
201501YE80224,2,9,0,18,0,0,0,0,0,0,1,1,6,1,45,7,998,1,12,-1,-1,-1
201501YE80226,1,9,0,4,0,0,1,0,0,0,1,1,6,1,33,6,1895,1,14,-1,1,-1
201501YE80226,2,9,0,3,0,0,0,0,0,0,2,1,2,1,29,6,1896,2,10,-1,1,-1
201501YE80227,1,9,0,3,0,1,0,0,0,0,2,1,6,2,57,9,-1,-1,-1,-1,-1,-1
201501YE80227,2,9,0,18,0,1,0,0,0,0,1,1,6,1,-1,-1,1368,1,2,-1,1,-1
201501YE80228,1,9,0,5,0,1,0,0,0,0,1,1,1,2,32,6,-1,-1,-1,-1,-1,-1
201501YE80228,2,9,0,8,0,1,0,0,0,0,2,1,2,1,19,4,1389,1,11,-1,1,-1
201501YE80230,1,9,0,4,0,8,0,0,0,0,4,1,6,1,21,5,1364,1,7,-1,1,-1
201501YE80230,2,9,0,9,0,8,0,0,0,0,1,1,6,1,-1,-1,1968,2,1,-1,-1,-1
201501YE80231,1,9,0,7,0,2,0,0,0,0,1,1,6,1,-1,-1,1870,2,14,-1,-1,-1
201501YE80232,1,9,0,18,0,0,0,0,0,0,1,1,6,1,-1,-1,1998,2,13,-1,1,-1
201501YE80232,2,9,0,2,0,0,0,0,0,0,4,1,6,2,40,7,1396,1,6,-1,1,-1
201501YE80233,1,9,0,3,0,1,0,0,0,0,2,1,6,2,40,7,1995,2,8,-1,1,-1
201501YE80233,2,9,0,5,0,1,0,0,0,0,1,1,6,2,-1,-1,1242,1,2,-1,-1,-1
201501YE80234,1,21,1,18,0,0,0,0,0,0,1,1,1,1,34,6,10837,2,1,-1,-1,-1
201501YE80234,2,11,0,4,0,0,0,0,1,7,2,1,1,1,63,9,11967,2,10,-1,1,-1
201501YE80235,1,3,0,9,0,8,0,0,0,0,4,1,6,1,28,6,108,1,-1,-1,1,-1
201501YE80235,2,9,0,9,0,8,0,0,0,0,3,1,6,1,43,7,1991,2,6,-1,1,-1
201501YE80236,1,3,0,18,0,1,0,0,0,0,4,1,6,1,48,8,125,1,5,-1,-1,-1
201501YE80236,2,9,0,9,0,1,0,0,0,0,1,1,6,2,69,10,1598,1,1,-1,1,-1
201501YE80237,1,9,0,9,0,1,0,0,0,0,1,1,6,1,58,9,-1,-1,-1,-1,1,-1
201501YE80237,2,3,0,18,0,1,0,0,0,0,1,1,6,1,16,4,124,1,12,-1,1,-1
201501YE80238,1,9,0,18,0,1,0,0,0,0,3,1,6,1,69,10,1597,1,18,-1,1,-1
201501YE80238,2,19,0,5,0,1,0,0,0,0,4,1,6,1,25,5,2198,2,2,-1,1,-1
201501YE80239,1,3,0,18,4,0,0,0,0,0,3,1,6,1,18,4,125,1,1,-1,1,-1
201501YE80240,1,9,0,18,0,1,0,0,0,0,1,1,2,2,42,7,1240,1,5,-1,-1,-1
201501YE80240,2,9,0,5,0,1,0,0,0,0,4,1,2,1,41,7,2987,2,8,-1,-1,-1
201501YE80241,1,8,0,9,0,8,0,0,0,0,3,1,1,1,26,6,1797,8,4,-1,1,-1
201501YE80241,2,9,0,18,0,8,0,0,0,0,4,1,1,1,19,4,-1,-1,-1,-1,1,-1
201501YE80242,1,9,0,9,0,8,0,0,0,0,4,1,6,2,67,10,1998,1,18,-1,1,-1
201501YE80242,2,1,0,18,0,8,0,0,0,0,1,1,6,1,48,8,-1,-1,-1,-1,1,-1
201501YE80243,1,9,0,18,0,8,0,0,0,0,4,1,6,1,56,9,-1,-1,-1,-1,1,-1
201501YE80243,2,9,0,9,0,8,0,0,0,0,1,1,6,1,27,6,998,1,2,-1,1,-1
201501YE80244,1,9,0,5,0,1,0,0,0,0,2,1,6,1,34,6,1797,8,5,-1,1,-1
201501YE80244,2,19,0,5,0,1,0,0,0,0,1,1,6,1,35,6,2148,2,8,-1,1,-1
201501YE80246,1,9,0,9,0,8,0,0,0,0,4,1,6,1,28,6,2996,1,9,-1,1,-1
201501YE80246,2,9,0,18,0,8,0,0,0,0,1,1,6,1,39,7,2148,2,13,-1,-1,-1
201501YE80247,1,9,0,9,0,1,0,0,0,0,1,1,6,1,71,10,1390,1,13,-1,1,-1
201501YE80247,2,9,0,18,0,1,0,0,0,0,3,1,6,1,53,8,2299,1,30,-1,1,-1
201501YE80248,1,9,0,9,0,8,0,0,0,0,3,1,6,1,50,8,1242,1,1,-1,-1,-1
201501YE80248,2,3,0,18,0,8,0,0,0,0,4,1,6,1,-1,-1,125,1,21,-1,1,-1
201501YE80249,1,9,0,18,0,0,0,0,0,0,1,1,6,2,34,6,1686,2,13,-1,1,-1
201501YE80249,2,9,0,3,0,0,0,0,0,0,2,1,6,2,67,10,1386,1,9,-1,1,-1
201501YE80249,3,9,0,3,0,0,0,0,0,0,2,1,6,1,57,9,1499,2,2,-1,1,-1
201501YE80249,4,9,0,3,0,0,0,0,0,0,2,1,6,2,67,10,1390,1,9,-1,1,-1
201501YE80250,1,9,0,9,0,6,0,0,0,0,3,1,2,2,28,6,1596,1,3,-1,1,-1
201501YE80250,2,9,0,18,0,6,0,0,0,0,3,1,2,1,28,6,1995,1,10,-1,1,-1
201501YE80252,1,9,0,18,0,0,0,0,0,0,4,1,6,2,47,8,1699,1,9,-1,1,-1
201501YE80253,1,9,0,18,0,0,0,0,0,0,4,1,6,3,-1,-1,2996,1,8,-1,-1,-1
201501YE80254,1,9,0,3,0,1,0,0,0,0,2,1,2,2,40,7,1870,2,11,-1,1,-1
201501YE80254,2,9,0,18,0,1,0,0,0,0,1,1,6,1,-1,-1,1560,2,2,-1,-1,-1
201501YE80255,1,9,0,18,0,8,0,0,0,0,4,1,6,1,-1,-1,2295,1,14,-1,-1,-1
201501YE80257,1,9,0,4,0,1,0,0,0,0,4,1,2,1,-1,-1,-1,-1,-1,-1,1,-1
201501YE80258,1,9,0,14,0,0,0,4,0,0,1,1,6,1,44,7,-1,-1,-1,-1,1,-1
201501YE80258,2,19,0,2,0,0,5,0,0,0,2,1,6,3,-1,-1,-1,-1,-1,-1,-1,-1
201501YE80259,1,9,0,9,0,1,0,0,0,0,1,1,1,1,35,6,1796,1,6,-1,1,-1
201501YE80259,2,9,0,18,0,1,0,0,0,0,3,1,1,2,56,9,1984,1,10,-1,1,-1
201501YE80260,1,9,0,18,0,8,0,0,0,0,1,1,6,1,-1,-1,1461,2,11,-1,-1,-1
201501YE80260,2,9,0,9,0,8,0,0,0,0,4,1,6,1,55,8,1997,2,1,-1,1,-1
201501YE80261,1,9,0,4,0,8,0,0,0,0,2,1,6,1,51,8,2987,2,5,-1,1,-1
201501YE80261,2,9,0,18,0,8,0,0,0,0,1,1,6,1,42,7,1598,1,9,-1,1,-1
201501YE80262,1,9,0,18,0,1,0,7,0,0,1,1,6,2,22,5,1198,1,13,-1,1,-1
201501YE80262,2,1,0,18,0,6,0,0,0,0,3,1,6,2,-1,-1,-1,-1,-1,-1,1,-1
201501YE80263,1,9,0,3,0,1,0,0,0,0,2,1,6,1,36,7,1199,1,12,-1,1,-1
201501YE80263,2,9,0,18,0,1,0,0,0,0,1,1,6,1,40,7,2967,1,15,-1,-1,-1
201501YE80264,1,11,0,9,0,8,0,0,0,0,0,1,1,2,31,6,4461,2,2,-1,1,-1
201501YE80265,1,9,0,3,0,1,0,0,0,0,4,1,3,2,47,8,1560,2,8,-1,1,-1
201501YE80265,2,9,0,12,2,1,0,0,0,0,3,1,6,1,-1,-1,1686,2,2,-1,-1,-1
201501YE80266,1,9,0,3,0,0,0,0,0,0,2,1,6,1,27,6,999,1,8,-1,1,-1
201501YE80266,2,9,0,3,0,0,0,0,0,0,2,1,6,1,-1,-1,999,1,2,-1,-1,-1
201501YE80266,3,9,0,18,0,0,0,0,0,0,1,1,6,1,-1,-1,1598,1,9,-1,-1,-1
201501YE80267,1,9,0,18,0,8,0,0,0,0,1,1,6,2,56,9,1590,1,12,-1,1,-1
201501YE80268,1,9,0,18,0,1,0,0,0,0,3,1,3,2,30,6,1896,2,10,-1,1,-1
201501YE80268,2,1,0,18,0,1,0,0,0,0,1,1,6,2,20,4,-1,-1,-1,-1,1,-1
201501YE80269,1,9,0,7,0,8,0,0,0,0,4,1,6,2,35,6,2987,2,3,-1,1,-1
201501YE80269,2,9,0,17,0,8,0,0,0,0,3,1,6,3,-1,-1,-1,-1,-1,-1,-1,-1
201501YE80270,1,9,0,2,0,0,0,0,0,0,2,1,6,3,-1,-1,1242,1,15,-1,-1,-1
201501YE80270,2,1,0,18,0,0,0,4,0,0,1,1,6,1,38,7,-1,-1,-1,-1,1,-1
201501YE80272,1,9,0,8,0,1,0,0,0,0,2,1,6,1,40,7,1600,1,16,-1,1,-1
201501YE80272,2,19,0,16,0,1,0,0,0,0,1,1,6,3,-1,-1,2148,2,7,-1,-1,-1
201501YE80273,1,9,0,9,0,8,5,0,0,0,4,1,6,1,52,8,1686,2,10,-1,1,-1
201501YE80273,2,9,0,18,0,8,0,0,0,0,1,1,1,1,33,6,2143,2,3,-1,1,-1
201501YE80274,1,9,0,18,0,8,0,0,0,0,1,1,6,2,40,7,2720,2,8,-1,1,-1
201501YE80274,2,9,0,9,0,8,0,7,4,6,4,1,6,1,28,6,-1,-1,-1,-1,1,-1
201501YE80275,1,9,0,9,0,1,0,0,0,0,1,1,6,2,68,10,2979,1,-1,-1,1,-1
201501YE80275,2,9,0,18,0,1,0,0,0,0,3,1,6,1,40,7,1299,1,10,-1,3,-1
201501YE80276,1,9,0,18,0,8,0,0,0,0,3,1,6,1,29,6,1968,2,11,-1,1,-1
201501YE80276,2,9,0,18,0,8,0,0,0,0,1,1,6,1,33,6,1299,1,12,-1,1,-1
201501YE80276,3,9,0,18,0,8,0,0,0,0,3,1,6,1,26,6,1997,2,11,-1,1,-1
201501YE80277,1,9,0,18,0,1,0,0,0,0,3,1,6,1,21,5,1796,1,14,-1,1,-1
201501YE80277,2,9,0,9,0,2,0,0,0,0,1,1,6,1,-1,-1,2993,2,9,-1,-1,-1
201501YE80278,1,9,0,18,0,0,0,0,0,0,4,1,6,1,48,8,1995,1,9,-1,1,-1
201501YE80279,1,9,0,17,0,8,0,0,0,0,4,1,6,2,36,7,1997,1,3,-1,1,-1
201501YE80279,2,21,0,12,0,8,0,0,0,0,3,1,6,3,-1,-1,-1,-1,-1,-1,-1,-1
201501YE80280,1,9,0,18,0,0,0,10,0,0,4,1,6,1,-1,-1,2000,2,10,-1,-1,-1
201501YE80280,2,9,0,3,0,0,0,0,0,0,4,1,6,1,40,7,1998,2,14,-1,1,-1
201501YE80280,3,21,4,3,0,0,0,0,0,0,4,1,2,1,35,6,11967,2,5,-1,1,-1
201501YE80281,1,9,0,18,0,8,0,0,0,0,4,1,6,2,33,6,1242,1,5,-1,1,-1
201501YE80281,2,9,0,12,0,8,0,0,0,0,3,1,6,2,-1,-1,1490,1,8,-1,-1,-1
201501YE80282,1,3,0,18,0,0,0,0,0,0,3,1,6,1,30,6,-1,-1,-1,-1,1,-1
201501YE80282,2,19,0,13,0,0,0,0,0,0,4,1,6,1,-1,-1,1870,2,11,-1,-1,-1
201501YE80283,1,21,0,5,0,0,0,0,0,0,1,1,6,1,47,8,11967,2,4,-1,3,-1
201501YE80284,1,1,0,18,0,8,0,4,0,0,1,1,6,2,34,6,-1,-1,-1,-1,1,-1
201501YE80284,2,9,0,18,0,8,1,0,0,0,0,1,6,1,-1,-1,2967,1,14,-1,-1,-1
201501YE80284,3,9,0,2,0,8,0,0,0,0,2,1,6,3,-1,-1,-1,-1,-1,-1,-1,-1
201501YE80285,1,19,0,9,0,2,0,0,0,0,1,1,6,1,50,8,-1,-1,-1,-1,1,-1
201501YE80286,1,9,0,18,0,1,0,0,0,0,4,1,6,1,27,6,1400,1,11,-1,1,-1
201501YE80287,1,9,0,9,0,2,0,0,0,0,3,1,1,2,35,6,1240,1,6,-1,1,-1
201501YE80287,2,9,0,18,0,1,0,0,0,0,1,1,1,1,-1,-1,998,1,2,-1,-1,-1
201501YE80289,1,1,0,18,0,1,0,0,0,0,1,1,1,1,30,6,-1,-1,-1,-1,1,-1
201501YE80289,2,9,0,9,0,1,0,0,0,0,4,1,1,1,22,5,998,1,1,-1,1,-1
201501YE80290,1,9,0,3,0,1,0,0,0,0,2,1,2,1,44,7,1995,2,5,-1,1,-1
201501YE80290,2,9,0,18,0,1,0,0,0,0,1,1,6,1,-1,-1,-1,-1,-1,-1,-1,-1
201501YE80291,1,19,0,18,0,2,0,0,0,0,1,1,2,1,34,6,1870,2,8,-1,1,-1
201501YE80291,2,9,0,13,0,2,0,0,0,0,2,1,6,1,-1,-1,2000,2,9,-1,-1,-1
201501YE80292,1,9,0,18,0,8,0,0,0,0,1,1,6,1,30,6,2616,1,10,-1,1,-1
201501YE80293,1,9,0,3,0,1,0,0,0,0,2,1,3,1,35,6,1797,8,4,-1,1,-1
201501YE80293,2,9,0,18,0,1,0,0,0,0,1,1,6,1,-1,-1,1360,1,8,-1,-1,-1
201501YE80294,1,5,0,18,0,1,0,0,0,0,3,1,6,1,48,8,659,1,8,-1,1,-1
201501YE80294,2,9,0,13,0,1,0,0,0,0,4,1,6,1,33,6,2295,1,13,-1,1,-1
201501YE80295,1,9,0,1,0,1,0,0,0,0,2,1,6,2,59,9,1896,2,11,-1,1,-1
201501YE80296,1,9,0,18,0,1,5,0,7,1,1,1,6,1,26,6,1461,2,11,-1,1,-1
201501YE80297,1,9,0,4,0,0,0,0,0,0,1,1,2,1,35,6,-1,-1,-1,-1,1,-1
201501YE80297,2,8,0,3,0,0,0,0,0,0,2,1,1,1,39,7,2143,2,4,-1,1,-1
201501YE80299,1,9,0,18,0,8,0,0,0,0,1,1,6,1,39,7,-1,-1,-1,-1,1,-1
201501YE80299,2,9,0,4,0,8,0,0,1,4,2,1,6,1,45,7,2993,2,4,-1,1,-1
201501YE80300,1,19,0,11,0,1,0,0,0,0,4,1,1,1,60,9,2402,2,8,-1,1,-1
201501YE80300,2,5,0,18,0,1,0,0,0,0,1,1,6,1,27,6,599,1,16,-1,1,-1
201501YE80301,1,19,0,18,0,0,0,8,0,0,4,1,1,1,58,9,1996,2,1,-1,1,-1