Accident_Index,Vehicle_Reference,Vehicle_Type,Towing_and_Articulation,Vehicle_Manoeuvre,Vehicle_Location-Restricted_Lane,Junction_Location,Skidding_and_Overturning,Hit_Object_in_Carriageway,Vehicle_Leaving_Carriageway,Hit_Object_off_Carriageway,1st_Point_of_Impact,Was_Vehicle_Left_Hand_Drive?,Journey_Purpose_of_Driver,Sex_of_Driver,Age_of_Driver,Age_Band_of_Driver,Engine_Capacity_(CC),Propulsion_Code,Age_of_Vehicle,Driver_IMD_Decile,Driver_Home_Area_Type,Vehicle_IMD_Decile
201501YE80301,2,9,0,2,0,0,0,0,0,0,4,1,6,2,30,6,1598,1,5,-1,1,-1
201501YE80303,1,9,0,15,0,8,0,0,0,0,3,1,6,1,28,6,1956,2,3,-1,1,-1
201501YE80303,2,9,0,9,0,8,0,0,0,0,4,1,6,2,34,6,998,1,1,-1,1,-1
201501YE80304,1,9,0,18,0,8,0,0,0,0,3,1,6,2,30,6,1999,1,8,-1,1,-1
201501YE80304,2,9,0,18,0,8,0,0,0,0,1,1,6,3,-1,-1,1197,1,2,-1,-1,-1
201501YE80305,1,9,0,9,0,2,0,0,0,0,1,1,1,1,36,7,1797,8,4,-1,1,-1
201501YE80306,1,11,0,5,0,2,0,0,0,0,1,1,1,1,30,6,6692,2,2,-1,1,-1
201501YE80306,2,11,0,3,0,2,0,0,0,0,2,1,1,1,65,9,6700,2,3,-1,1,-1
201501YE80307,1,19,0,18,0,0,0,4,0,0,1,1,1,1,31,6,2143,2,1,-1,1,-1
201501YE80307,2,9,0,2,0,0,0,4,0,0,1,1,6,3,-1,-1,1596,1,13,-1,-1,-1
201501YE80307,3,9,0,2,0,0,0,4,0,0,1,1,6,3,-1,-1,1587,1,9,-1,-1,-1
201501YE80308,1,9,0,18,0,0,0,0,0,0,1,1,6,3,-1,-1,-1,-1,-1,-1,-1,-1
201501YE80309,1,4,0,16,0,1,1,0,0,0,1,1,6,1,52,8,400,1,23,-1,1,-1
201501YE80309,2,9,0,17,0,2,0,0,0,0,1,1,6,1,73,10,1997,2,6,-1,1,-1
201501YE80309,3,3,0,16,0,1,1,0,0,0,1,1,6,1,22,5,124,1,12,-1,1,-1
201501YE80310,1,1,0,17,0,8,0,0,0,0,1,1,6,2,26,6,-1,-1,-1,-1,1,-1
201501YE80310,2,9,0,7,0,8,0,0,0,0,4,1,2,2,49,8,1390,1,10,-1,1,-1
201501YE80311,1,9,0,4,0,0,0,0,0,0,1,1,6,1,43,7,1797,8,-1,-1,1,-1
201501YE80311,2,9,0,4,0,0,0,0,0,0,2,1,6,1,36,7,1968,2,5,-1,1,-1
201501YE80311,3,9,0,4,0,0,0,0,0,0,2,1,6,1,59,9,1493,1,19,-1,1,-1
201501YE80312,1,9,0,18,0,1,0,10,6,6,3,1,6,1,21,5,1560,2,2,-1,1,-1
201501YE80312,2,9,0,18,0,1,0,0,0,0,4,1,6,2,35,6,1461,2,6,-1,1,-1
201501YE80312,3,9,0,18,0,1,0,0,0,0,2,1,6,1,39,7,2143,2,3,-1,1,-1
201501YE80312,4,9,0,18,0,1,0,0,0,0,1,1,6,2,54,8,1364,1,1,-1,-1,-1
201501YE80313,1,9,0,7,0,8,0,0,0,0,1,1,6,1,25,5,1999,1,9,-1,1,-1
201501YE80313,2,9,0,7,0,8,0,0,0,0,4,1,6,2,23,5,1798,1,4,-1,-1,-1
201501YE80314,1,3,0,4,0,0,0,0,0,0,1,1,6,1,22,5,-1,-1,-1,-1,1,-1
201501YE80314,2,9,0,4,0,0,0,0,0,0,2,1,6,3,-1,-1,-1,-1,-1,-1,-1,-1
201501YE80315,1,11,0,18,2,1,0,0,0,0,0,1,1,1,45,7,6692,2,4,-1,1,-1
201501YE80315,2,9,0,1,0,1,0,0,0,0,0,1,6,3,-1,-1,1896,2,9,-1,-1,-1
201501YE80316,1,9,0,2,0,0,0,0,0,0,4,1,6,2,40,7,2987,2,4,-1,1,-1
201501YE80316,2,9,0,18,0,0,0,8,0,0,1,1,6,3,-1,-1,-1,-1,-1,-1,-1,-1
201501YE80317,1,9,0,18,0,1,0,0,0,0,1,1,6,1,41,7,1398,2,13,-1,1,-1
201501YE80317,2,9,0,9,0,1,0,0,0,0,3,1,6,1,45,7,1560,2,8,-1,1,-1
201501YE80318,1,11,0,5,0,2,0,0,0,0,0,1,1,1,55,8,3900,2,9,-1,1,-1
201501YE80320,1,9,0,9,0,8,0,0,0,0,2,1,6,2,46,8,1685,2,2,-1,1,-1
201501YE80320,2,9,0,9,0,8,0,0,0,0,1,1,6,1,43,7,1896,2,11,-1,1,-1
201501YE80320,3,19,0,9,0,8,0,0,0,0,1,1,6,1,61,9,1686,2,12,-1,1,-1
201501YE80322,1,9,0,18,0,0,0,0,0,0,4,1,6,3,-1,-1,-1,-1,-1,-1,-1,-1
201501YE80323,1,9,0,18,0,0,0,0,0,0,1,1,6,1,29,6,1797,8,5,-1,-1,-1
201501YE80325,1,9,0,5,0,8,0,0,8,7,4,1,6,2,-1,-1,1498,1,8,-1,3,-1
201501YE80325,2,9,0,9,0,6,0,0,0,0,1,1,6,1,27,6,2148,2,5,-1,1,-1
201501YE80326,1,9,0,4,0,8,0,0,0,0,2,1,1,2,58,9,1390,1,8,-1,1,-1
201501YE80326,2,9,0,9,0,8,0,0,0,0,1,1,2,1,42,7,1951,2,14,-1,3,-1
201501YE80327,1,9,0,18,0,0,0,0,0,0,1,1,6,1,-1,-1,-1,-1,-1,-1,-1,-1
201501YE80328,1,9,0,18,0,8,0,0,0,0,1,1,6,1,50,8,2497,2,9,-1,1,-1
201501YE80328,2,9,0,9,0,6,0,0,0,0,4,1,6,2,70,10,1998,1,15,-1,1,-1
201501YE80329,1,9,0,18,0,8,0,0,0,0,1,1,6,2,22,5,999,1,7,-1,1,-1
201501YE80329,2,9,0,9,0,6,0,0,0,0,4,1,6,1,42,7,-1,-1,-1,-1,1,-1
201501YE80329,3,19,0,3,0,8,0,0,0,0,3,1,6,1,58,9,2464,2,7,-1,1,-1
201501YE80331,1,9,0,4,0,1,0,0,0,0,1,1,6,1,52,8,1560,2,5,-1,1,-1
201501YE80331,2,9,0,3,0,1,0,0,0,0,2,1,6,1,30,6,1299,1,12,-1,1,-1
201501YE80331,3,9,0,3,0,1,0,0,0,0,2,1,6,1,42,7,1591,1,2,-1,1,-1
201501YE80333,1,9,0,12,0,0,1,0,0,0,1,1,6,1,19,4,1390,1,12,-1,1,-1
201501YE80333,2,9,0,18,0,0,0,0,0,0,2,1,1,2,49,8,-1,-1,-1,-1,1,-1
201501YE80334,1,10,0,15,0,8,0,0,0,0,4,1,1,1,52,8,-1,-1,-1,-1,1,-1
201501YE80334,2,1,0,18,0,8,0,10,1,0,3,1,6,1,53,8,-1,-1,-1,-1,1,-1
201501YE80335,1,11,0,4,2,0,0,0,0,0,0,1,1,1,55,8,6700,2,7,-1,1,-1
201501YE80336,1,9,0,5,0,0,0,0,0,0,3,1,6,2,49,8,1299,1,14,-1,1,-1
201501YE80336,2,9,0,13,0,0,0,0,0,0,4,1,6,1,-1,-1,-1,-1,-1,-1,-1,-1
201501YE80337,1,9,0,18,0,8,0,0,0,0,1,1,6,2,17,4,-1,-1,-1,-1,1,-1
201501YE80337,2,1,0,4,0,8,0,0,0,0,4,1,2,1,-1,-1,-1,-1,-1,-1,1,-1
201501YE80338,1,4,0,14,0,0,0,0,0,0,4,1,6,1,23,5,124,1,8,-1,1,-1
201501YE80339,1,8,0,3,0,2,0,0,0,0,2,1,6,1,30,6,1591,1,1,-1,1,-1
201501YE80339,2,9,0,18,0,2,0,0,0,0,1,1,6,1,-1,-1,1989,1,15,-1,1,-1
201501YE80341,1,9,0,11,0,8,0,0,0,0,2,1,6,1,63,9,-1,-1,-1,-1,1,-1
201501YE80341,2,19,0,18,0,8,0,0,0,0,1,1,2,1,57,9,2148,2,8,-1,1,-1
201501YE80342,1,9,0,18,0,8,0,0,0,0,1,1,6,1,40,7,-1,-1,-1,-1,1,-1
201501YE80342,2,9,0,9,0,5,0,0,0,0,4,1,6,2,55,8,-1,-1,-1,-1,1,-1
201501YE80343,1,1,0,16,0,8,0,0,0,0,3,1,6,1,33,6,-1,-1,-1,-1,1,-1
201501YE80343,2,9,0,9,0,8,0,0,0,0,1,1,6,1,-1,-1,1796,1,10,-1,-1,-1
201501YE80344,1,9,0,18,0,0,0,0,0,0,4,1,1,1,35,6,1968,2,8,-1,-1,-1
201501YE80344,2,9,0,5,0,0,0,4,0,0,2,1,1,1,29,6,-1,-1,-1,-1,1,-1
201501YE80344,3,9,0,2,9,0,0,0,0,0,2,1,6,3,-1,-1,1998,1,14,-1,-1,-1
201501YE80345,1,9,0,4,0,1,0,0,0,0,2,1,6,1,27,6,1956,2,5,-1,1,-1
201501YE80345,2,9,0,4,0,1,0,0,0,0,1,1,6,1,33,6,1995,1,11,-1,1,-1
201501YE80346,1,9,0,2,0,8,0,0,0,0,2,1,6,2,37,7,1390,1,11,-1,1,-1
201501YE80346,2,11,0,18,0,8,0,4,0,0,1,1,1,3,-1,-1,-1,-1,-1,-1,-1,-1
201501YE80347,1,9,0,5,0,0,0,0,0,0,1,1,2,1,33,6,1797,8,1,-1,1,-1
201501YE80348,1,9,0,9,0,8,0,0,0,0,1,1,6,2,25,5,1390,1,11,-1,-1,-1
201501YE80348,2,9,0,18,0,8,0,0,0,0,4,1,6,2,69,10,998,1,8,-1,3,-1
201501YE80349,1,9,0,18,0,0,0,0,0,0,3,1,6,1,46,8,-1,-1,-1,-1,1,-1
201501YE80349,2,9,0,18,0,0,0,10,0,0,1,1,6,1,20,4,-1,-1,-1,-1,1,-1
201501YE80350,1,3,0,9,0,6,0,0,0,0,3,1,6,1,17,4,125,1,1,-1,1,-1
201501YE80350,2,9,0,4,0,8,0,0,0,0,1,1,6,2,20,4,998,1,11,-1,-1,-1
201501YE80351,1,9,0,9,0,6,0,0,0,0,3,1,6,1,39,7,-1,-1,-1,-1,1,-1
201501YE80351,2,1,0,18,0,8,0,0,0,0,1,1,6,1,48,8,-1,-1,-1,-1,1,-1
201501YE80352,1,9,0,18,0,2,0,0,0,0,0,1,6,3,-1,-1,-1,-1,-1,-1,-1,-1
201501YE80353,1,9,0,4,0,1,0,0,0,0,2,1,6,2,35,6,1560,2,5,-1,1,-1
201501YE80353,2,9,0,18,0,1,0,0,0,0,1,1,6,3,-1,-1,-1,-1,-1,-1,-1,-1
201501YE80354,1,9,0,18,0,8,0,0,0,0,3,1,6,2,28,6,1198,1,11,-1,1,-1
201501YE80354,2,1,0,18,0,6,0,0,0,0,1,1,6,1,14,3,-1,-1,-1,-1,-1,-1
201501YE80355,1,9,0,3,0,8,0,0,0,0,3,1,6,2,19,4,1598,2,3,-1,1,-1
201501YE80355,2,9,0,3,0,8,0,0,0,0,3,1,6,1,28,6,1968,2,6,-1,-1,-1
201501YE80355,3,9,0,11,0,8,0,0,1,0,4,1,6,3,-1,-1,2979,1,14,-1,-1,-1
201501YE80356,1,19,0,5,0,0,0,0,0,0,4,1,6,1,-1,-1,-1,-1,-1,-1,-1,-1
201501YE80357,1,19,0,3,0,1,0,0,0,0,2,1,6,1,57,9,-1,-1,-1,-1,-1,-1
201501YE80357,2,9,0,3,0,1,0,0,0,0,2,1,6,2,63,9,998,1,4,-1,1,-1
201501YE80357,3,9,0,18,0,1,0,0,0,0,1,1,6,3,-1,-1,-1,-1,-1,-1,-1,-1
201501YE80359,1,9,0,4,0,0,0,0,0,0,2,1,6,1,28,6,2497,2,10,-1,1,-1
201501YE80359,2,9,0,18,0,0,0,0,0,0,1,1,6,1,-1,-1,-1,-1,-1,-1,-1,-1
201501YE80360,1,9,0,18,0,1,0,0,0,0,2,1,6,1,19,4,1956,2,1,-1,1,-1
201501YE80360,2,9,0,18,0,1,0,0,0,0,1,1,6,3,-1,-1,-1,-1,-1,-1,-1,-1
201501YE80361,1,21,1,14,0,1,0,0,0,0,4,1,6,3,-1,-1,-1,-1,-1,-1,-1,-1
201501YE80361,2,9,0,3,0,1,0,0,0,0,3,1,6,2,38,7,2000,1,9,-1,1,-1
201501YE80365,1,9,0,10,0,8,0,0,0,0,2,1,6,2,25,5,1390,1,5,-1,1,-1
201501YE80365,2,9,0,18,0,8,0,0,0,0,1,1,6,1,-1,-1,-1,-1,-1,-1,-1,-1
201501YE80366,1,9,0,9,0,6,0,0,0,0,1,1,6,2,22,5,1598,1,14,-1,1,-1
201501YE80366,2,9,0,18,0,8,0,0,0,0,1,1,6,1,-1,-1,3226,2,15,-1,-1,-1
201501YE80368,1,9,0,18,0,8,0,0,0,0,3,1,6,1,31,6,2148,2,7,-1,1,-1
201501YE80368,2,19,0,5,0,6,0,0,0,0,1,1,1,1,25,5,2402,2,12,-1,1,-1
201501YE80369,1,9,0,18,0,8,0,0,0,0,4,1,6,2,28,6,1998,1,13,-1,1,-1
201501YE80369,2,9,0,18,0,8,0,0,0,0,1,1,6,1,-1,-1,1798,8,-1,-1,-1,-1
201501YE80370,1,9,0,9,0,5,0,0,0,0,4,1,6,2,55,8,1560,2,1,-1,1,-1
201501YE80370,2,1,0,18,0,6,0,0,0,0,1,1,6,1,-1,-1,-1,-1,-1,-1,-1,-1
201501YE80371,1,19,0,5,0,2,0,0,0,0,4,1,1,1,50,8,-1,-1,-1,-1,-1,-1
201501YE80372,1,9,0,11,0,0,0,0,0,0,4,1,6,1,34,6,1598,1,5,-1,1,-1
201501YE80372,2,3,0,18,0,0,0,0,0,0,1,1,1,1,29,6,109,1,3,-1,1,-1
201501YE80373,1,19,0,4,0,0,0,0,0,0,1,1,1,1,56,9,2198,2,2,-1,1,-1
201501YE80373,2,4,0,14,0,0,0,0,0,0,1,1,6,1,21,5,124,1,1,-1,-1,-1
201501YE80374,1,2,0,13,0,0,0,0,0,0,4,1,1,1,34,6,108,1,3,-1,1,-1
201501YE80374,2,9,0,9,9,0,0,0,0,0,3,1,6,3,-1,-1,-1,-1,-1,-1,-1,-1
201501YE80375,1,9,0,11,2,0,0,4,0,0,4,1,1,1,50,8,2970,1,22,-1,1,-1
201501YE80375,2,11,0,18,2,0,0,0,0,0,1,1,1,1,49,8,5132,2,-1,-1,1,-1
201501YE80375,3,9,0,2,9,0,0,0,0,0,2,1,6,3,-1,-1,2997,1,16,-1,-1,-1
201501YE80376,1,9,0,5,9,0,0,0,0,0,4,1,1,1,45,7,1997,2,7,-1,1,-1
201501YE80376,2,1,0,18,9,0,0,0,0,0,1,1,6,1,46,8,-1,-1,-1,-1,1,-1
201501YE80377,1,11,0,18,0,0,0,0,0,0,1,1,1,2,54,8,3900,2,10,-1,1,-1
201501YE80378,1,9,0,9,0,8,0,10,1,10,1,1,6,2,23,5,1149,1,13,-1,1,-1
201501YE80379,1,11,0,4,2,8,0,0,0,0,0,1,1,1,35,6,6692,2,4,-1,1,-1
201501YE80381,1,9,0,11,0,8,0,0,0,0,1,1,6,1,26,6,1248,2,10,-1,1,-1
201501YE80381,2,9,0,18,0,8,0,0,0,0,3,1,6,1,18,4,1242,1,12,-1,1,-1
201501YE80382,1,9,0,18,0,0,0,0,5,6,3,1,2,2,35,6,1242,1,12,-1,1,-1
201501YE80383,1,4,0,18,0,8,0,0,0,0,1,1,2,1,38,7,647,1,8,-1,1,-1
201501YE80383,2,9,0,9,0,8,0,0,0,0,3,1,2,1,39,7,1422,2,12,-1,1,-1
201501YE80384,1,9,0,6,0,0,0,0,0,0,3,1,6,2,49,8,1995,2,3,-1,1,-1
201501YE80384,2,3,0,13,0,0,0,0,0,0,1,1,2,1,-1,-1,124,1,7,-1,1,-1
201501YE80385,1,9,0,9,0,8,0,0,0,0,1,1,6,2,47,8,1598,1,7,-1,1,-1
201501YE80386,1,9,0,18,0,1,0,0,0,0,1,1,6,2,15,3,1598,1,11,-1,1,-1
201501YE80386,2,9,0,3,0,1,0,0,0,0,2,1,1,1,45,7,1997,2,5,-1,1,-1
201501YE80387,1,9,0,9,0,8,0,0,0,0,1,1,6,1,53,8,1796,1,3,-1,1,-1
201501YE80387,2,9,0,18,0,8,0,0,0,0,3,1,6,1,25,5,1995,2,-1,-1,-1,-1
201501YE80388,1,11,0,4,0,8,0,0,0,0,0,1,1,1,-1,-1,6692,2,2,-1,1,-1
201501YE80390,1,9,0,7,0,2,0,0,0,0,1,1,6,2,23,5,998,1,7,-1,1,-1
201501YE80391,1,9,0,3,0,0,0,0,0,0,1,1,2,2,38,7,1584,1,13,-1,1,-1
201501YE80391,2,9,0,18,0,0,0,0,0,0,1,1,6,1,40,7,2148,2,7,-1,1,-1
201501YE80393,1,9,0,18,0,8,0,0,0,0,4,1,6,1,28,6,1498,1,-1,-1,1,-1
201501YE80393,2,1,0,18,0,8,0,0,0,0,1,1,6,1,12,3,-1,-1,-1,-1,1,-1
201501YE80394,1,9,0,3,0,1,0,0,0,0,1,1,6,1,31,6,1968,2,10,-1,1,-1
201501YE80394,2,9,0,1,0,1,0,0,0,0,2,1,6,1,-1,-1,-1,-1,-1,-1,-1,-1
201501YE80395,1,9,0,4,0,0,0,0,0,0,2,1,6,2,54,8,-1,-1,-1,-1,1,-1
201501YE80395,2,9,0,18,0,0,0,0,0,0,1,1,1,1,-1,-1,-1,-1,-1,-1,-1,-1
201501YE80397,1,11,0,4,0,8,0,0,0,0,0,1,1,1,60,9,6692,2,4,-1,1,-1
201501YE80398,1,9,0,4,0,2,0,0,0,0,2,1,6,1,52,8,-1,-1,-1,-1,1,-1
201501YE80398,2,9,0,4,0,2,0,0,0,0,1,1,6,2,-1,-1,999,1,-1,-1,-1,-1
201501YE80399,1,5,0,18,0,0,0,0,0,0,1,1,6,1,25,5,599,1,12,-1,-1,-1
201501YE80399,2,9,0,11,0,0,0,0,0,0,4,1,6,1,29,6,2979,1,14,-1,1,-1
201501YE80400,1,9,0,9,0,2,0,10,1,10,1,1,6,1,17,4,1242,1,1,-1,-1,-1
201501YE80401,1,9,0,5,0,8,0,0,0,0,1,1,6,2,31,6,1124,1,13,-1,1,-1
201501YE80401,2,9,0,18,0,8,0,10,1,7,4,1,6,1,47,8,1590,1,10,-1,1,-1
201501YE80401,3,9,0,7,0,8,0,0,0,0,1,1,6,1,38,7,1299,1,15,-1,1,-1
201501YE80402,1,9,0,18,0,0,0,0,0,0,2,1,2,1,49,8,1781,1,16,-1,1,-1
201501YE80402,2,9,0,4,0,0,0,0,0,0,2,1,2,2,28,6,1995,2,1,-1,3,-1
201501YE80402,3,9,0,18,0,0,0,0,0,0,1,1,2,2,28,6,999,1,-1,-1,2,-1
201501YE80403,1,9,0,18,0,0,0,0,0,0,1,1,2,1,32,6,1598,1,11,-1,-1,-1
201501YE80404,1,9,0,9,0,5,0,0,0,0,3,1,6,1,54,8,799,2,2,-1,1,-1
201501YE80404,2,4,0,13,0,8,0,0,0,0,1,1,6,1,20,4,125,1,10,-1,1,-1
201501YE80405,1,9,0,18,0,0,0,4,0,0,1,1,6,1,81,11,1997,2,5,-1,3,-1
201501YE80405,2,9,0,2,0,0,0,4,0,0,2,1,6,3,-1,-1,-1,-1,-1,-1,-1,-1
201501YE80405,3,9,0,2,0,0,0,4,0,0,2,1,6,3,-1,-1,1198,1,13,-1,-1,-1
201501YE80406,1,11,0,4,0,0,0,0,0,0,3,1,1,1,47,8,6692,2,2,-1,1,-1
201501YE80407,1,11,0,18,0,8,0,0,0,0,1,1,1,1,34,6,4461,2,2,-1,1,-1
201501YE80407,2,9,0,11,0,8,0,0,0,0,2,1,6,1,33,6,1360,1,14,-1,1,-1
201501YE80408,1,19,0,4,0,1,1,0,0,0,1,1,1,1,68,10,1560,2,-1,-1,1,-1
201501YE80409,1,9,0,3,0,1,0,0,0,0,2,1,6,1,-1,-1,1390,1,8,-1,1,-1
201501YE80409,2,19,0,3,0,1,0,0,0,0,2,1,2,1,49,8,2198,2,3,-1,1,-1
201501YE80409,3,9,0,18,0,1,0,0,0,0,1,1,6,2,67,10,1242,1,3,-1,1,-1
201501YE80411,1,19,0,18,0,1,0,0,0,0,1,1,6,1,44,7,1968,2,2,-1,1,-1
201501YE80411,2,9,0,10,0,1,0,0,0,0,2,1,6,2,53,8,1587,1,12,-1,1,-1
201501YE80412,1,9,0,1,0,2,0,0,0,0,2,1,6,1,-1,-1,-1,-1,-1,-1,-1,-1
201501YE80412,2,9,0,3,0,2,0,0,0,0,1,1,1,1,21,5,1242,1,4,-1,1,-1
201501YE80413,1,9,0,3,0,0,0,0,0,0,2,1,6,2,35,6,1794,1,8,-1,1,-1
201501YE80413,2,9,0,18,0,0,0,0,0,0,1,1,6,3,-1,-1,1596,1,4,-1,-1,-1
201501YE80414,1,9,0,2,0,2,0,0,0,0,1,1,1,1,40,7,1910,2,9,-1,1,-1
201501YE80414,2,9,0,1,0,2,0,4,0,0,2,1,6,2,-1,-1,1364,1,7,-1,-1,-1
201501YE80415,1,9,0,18,0,8,0,0,0,0,1,1,6,1,25,5,1198,1,9,-1,-1,-1
201501YE80416,1,9,0,18,0,1,0,0,0,0,3,1,6,1,45,7,1991,2,5,-1,1,-1
201501YE80416,2,9,0,18,0,1,0,0,0,0,3,1,6,1,37,7,1984,1,8,-1,1,-1
201501YE80417,1,9,0,9,0,8,0,0,0,0,1,1,6,2,56,9,1999,1,8,-1,1,-1
201501YE80417,2,9,0,18,0,8,0,0,0,0,4,1,2,2,48,8,1497,8,1,-1,1,-1
201501YE80419,1,9,0,6,0,0,0,0,0,0,3,1,1,1,46,8,-1,-1,-1,-1,1,-1
201501YE80419,2,1,0,18,0,0,0,0,0,0,1,1,6,1,45,7,-1,-1,-1,-1,1,-1
201501YE80420,1,9,0,18,0,0,1,0,4,6,3,1,1,1,53,8,-1,-1,-1,-1,1,-1
201501YE80420,2,21,0,18,0,0,0,0,0,0,4,1,1,1,47,8,10837,2,4,-1,1,-1
201501YE80421,1,3,0,7,0,8,0,0,0,0,1,1,6,1,30,6,109,1,1,-1,1,-1
201501YE80421,2,9,0,9,0,8,0,0,0,0,1,1,6,2,39,7,1794,1,13,-1,1,-1
201501YE80422,1,5,0,18,0,8,0,0,0,0,1,1,6,1,49,8,999,1,5,-1,1,-1
201501YE80422,2,9,0,3,0,8,0,0,0,0,2,1,6,1,55,8,2231,2,8,-1,1,-1
201501YE80423,1,9,0,3,0,1,0,0,0,0,2,1,2,1,26,6,1968,2,7,-1,1,-1
201501YE80423,2,3,0,18,0,1,1,0,0,0,1,1,6,1,-1,-1,125,1,11,-1,-1,-1
201501YE80425,1,9,0,18,0,8,0,0,0,0,1,1,6,1,-1,-1,-1,-1,-1,-1,-1,-1
201501YE80425,2,9,0,3,0,8,0,0,0,0,1,1,2,1,30,6,1686,2,9,-1,1,-1
201501YE80427,1,9,0,9,0,8,0,0,0,0,1,1,6,2,35,6,1390,1,6,-1,1,-1
201501YE80429,1,9,0,18,0,8,0,0,0,0,4,1,6,2,30,6,1910,2,6,-1,1,-1
201501YE80429,2,9,0,9,0,6,0,0,0,0,1,1,6,1,-1,-1,1461,2,5,-1,-1,-1
201501YE80430,1,9,0,9,0,8,0,0,0,0,1,1,6,2,58,9,1149,1,11,-1,-1,-1
201501YE80430,2,5,0,18,2,8,0,0,0,0,3,1,6,1,48,8,996,1,14,-1,1,-1
201501YE80431,1,11,0,4,0,0,0,0,0,0,0,1,1,1,48,8,6700,2,7,-1,1,-1
201501YE80432,1,1,0,18,0,0,0,0,0,0,1,1,6,1,44,7,-1,-1,-1,-1,1,-1
201501YE80432,2,8,0,3,0,0,0,0,0,0,2,1,1,1,55,8,1997,2,6,-1,1,-1
201501YE80433,1,9,0,3,0,0,0,0,0,0,2,1,1,1,34,6,1497,1,14,-1,1,-1
201501YE80433,2,19,0,18,0,0,0,0,0,0,1,1,1,1,-1,-1,2463,2,10,-1,-1,-1
201501YE80434,1,20,0,4,0,0,0,0,0,0,1,1,6,1,33,6,4580,2,3,-1,-1,-1
201501YE80434,2,19,0,4,0,0,0,0,0,0,2,1,6,1,31,6,2148,2,9,-1,1,-1
201501YE80434,3,9,0,4,0,0,0,0,0,0,2,1,6,2,20,4,1229,1,8,-1,-1,-1
201501YE80434,4,9,0,4,0,0,0,0,0,0,2,1,6,1,46,8,1998,1,2,-1,1,-1
201501YE80436,1,9,0,7,0,6,0,0,0,0,1,1,6,2,48,8,1497,1,13,-1,1,-1
201501YE80436,2,1,0,18,0,8,0,0,0,0,2,1,6,2,48,8,-1,-1,-1,-1,1,-1
201501YE80439,1,9,0,2,0,2,0,0,0,0,2,1,6,2,42,7,1871,2,12,-1,1,-1
201501YE80439,2,9,0,18,0,2,0,4,0,0,1,1,6,2,-1,-1,2902,2,10,-1,-1,-1
201501YE80441,1,9,0,9,0,8,0,0,0,0,3,1,6,1,28,6,1686,2,11,-1,-1,-1
201501YE80441,2,5,0,18,0,8,0,0,0,0,1,1,6,1,42,7,599,1,13,-1,1,-1
201501YE80442,1,9,0,10,0,0,0,0,0,0,2,1,6,1,30,6,1995,1,5,-1,1,-1
201501YE80442,2,9,0,18,0,0,0,0,0,0,1,1,6,2,37,7,2149,2,8,-1,1,-1
201501YE80443,1,8,0,5,0,0,0,0,0,0,3,1,6,1,40,7,1497,8,7,-1,-1,-1
201501YE80443,2,2,0,18,0,0,0,10,1,0,1,1,6,1,18,4,124,1,6,-1,1,-1
201501YE80444,1,5,0,18,0,8,0,0,0,0,1,1,6,1,24,5,998,1,6,-1,1,-1
201501YE80444,2,9,0,16,0,8,0,0,0,0,4,1,6,1,32,6,1242,1,11,-1,1,-1
201501YE80445,1,9,0,4,0,0,0,0,0,0,1,1,6,1,72,10,2675,1,19,-1,1,-1
201501YE80447,1,9,0,14,0,0,0,0,0,0,4,1,6,1,29,6,1590,1,12,-1,1,-1
201501YE80448,1,19,0,4,0,0,0,0,0,0,3,1,6,1,-1,-1,-1,-1,-1,-1,-1,-1
201501YE80448,2,9,0,11,0,0,1,0,1,7,4,1,6,1,22,5,2000,1,7,-1,1,-1
201501YE80451,1,9,0,3,0,8,0,10,0,0,4,1,6,1,41,7,1596,1,11,-1,1,-1
201501YE80451,2,9,0,18,0,8,0,10,0,0,4,1,6,2,34,6,1995,1,9,-1,1,-1
201501YE80453,1,9,0,18,0,8,0,0,0,0,4,1,6,2,25,5,1560,2,2,-1,1,-1
201501YE80453,2,9,0,9,0,8,0,0,0,0,1,1,6,1,27,6,1994,1,16,-1,1,-1
201501YE80455,1,9,0,18,0,1,0,0,0,0,4,1,6,1,78,11,1590,1,22,-1,1,-1
201501YE80456,1,9,0,18,0,0,0,0,0,0,1,1,3,1,28,6,1461,2,1,-1,1,-1
201501YE80456,2,9,0,10,0,0,0,4,0,0,3,1,1,2,64,9,1390,1,13,-1,1,-1
201501YE80456,3,9,0,2,0,0,0,0,0,0,2,1,6,3,-1,-1,1598,1,4,-1,-1,-1
201501YE80457,1,19,0,3,0,0,0,0,0,0,2,1,2,1,51,8,1995,2,2,-1,1,-1
201501YE80457,2,9,0,3,0,0,0,0,0,0,2,1,2,2,35,6,999,1,1,-1,1,-1
201501YE80457,3,9,0,4,0,0,0,0,0,0,1,1,2,1,27,6,1995,2,6,-1,1,-1
201501YE80458,1,19,0,3,0,1,0,0,0,0,2,1,2,1,43,7,1248,2,7,-1,1,-1
201501YE80458,2,9,0,18,0,1,0,0,0,0,1,1,6,2,-1,-1,1850,1,14,-1,-1,-1
201501YE80459,1,9,0,3,0,8,0,0,0,0,2,1,1,1,29,6,1560,2,3,-1,1,-1
201501YE80459,2,9,0,18,0,8,0,0,0,0,1,1,6,1,-1,-1,-1,-1,-1,-1,-1,-1
201501YE80460,1,9,0,7,0,8,0,0,0,0,1,1,6,2,26,6,1390,1,13,-1,1,-1
201501YE80460,2,1,0,18,0,8,0,9,0,0,4,1,6,1,31,6,-1,-1,-1,-1,-1,-1
201501YE80461,1,9,0,18,0,0,0,0,0,0,4,1,6,3,-1,-1,-1,-1,-1,-1,-1,-1
201501YE80462,1,9,0,18,0,2,0,0,0,0,1,1,6,2,62,9,1242,1,6,-1,1,-1
201501YE80462,2,8,0,18,0,1,0,0,0,0,1,1,1,1,36,7,1997,2,6,-1,1,-1