Accident_Index,Vehicle_Reference,Vehicle_Type,Towing_and_Articulation,Vehicle_Manoeuvre,Vehicle_Location-Restricted_Lane,Junction_Location,Skidding_and_Overturning,Hit_Object_in_Carriageway,Vehicle_Leaving_Carriageway,Hit_Object_off_Carriageway,1st_Point_of_Impact,Was_Vehicle_Left_Hand_Drive?,Journey_Purpose_of_Driver,Sex_of_Driver,Age_of_Driver,Age_Band_of_Driver,Engine_Capacity_(CC),Propulsion_Code,Age_of_Vehicle,Driver_IMD_Decile,Driver_Home_Area_Type,Vehicle_IMD_Decile
201501YE80648,2,9,0,16,0,8,0,0,0,0,4,1,6,1,-1,-1,1988,2,10,-1,-1,-1
201501YE80651,1,9,0,18,0,8,0,0,0,0,1,1,1,1,38,7,2993,2,10,-1,1,-1
201501YE80651,2,9,0,18,0,8,0,0,0,0,2,1,1,1,60,9,-1,-1,-1,-1,1,-1
201501YE80651,3,9,0,18,0,8,0,0,0,0,0,1,1,3,-1,-1,2319,1,12,-1,-1,-1
201501YE80651,4,9,0,18,0,8,0,0,0,0,2,1,6,1,-1,-1,-1,-1,-1,-1,-1,-1
201501YE80652,1,1,0,18,0,8,0,0,0,0,4,1,2,1,39,7,-1,-1,-1,-1,1,-1
201501YE80652,2,9,0,18,0,8,0,0,0,0,3,1,6,1,-1,-1,1991,1,1,-1,-1,-1
201501YE80653,1,11,0,7,0,8,0,0,0,0,0,1,1,1,47,8,6700,2,5,-1,1,-1
201501YE80654,1,9,0,4,0,1,0,0,0,0,2,1,6,2,19,4,1388,1,10,-1,1,-1
201501YE80654,2,9,0,18,0,1,0,0,0,0,1,1,6,1,-1,-1,999,1,2,-1,1,-1
201501YE80655,1,9,0,18,0,1,0,0,0,0,3,1,6,1,33,6,1796,1,7,-1,-1,-1
201501YE80656,1,9,0,18,0,0,0,0,0,0,4,1,6,1,35,6,1995,1,7,-1,1,-1
201501YE80657,1,9,0,9,0,8,0,7,0,0,4,1,6,1,18,4,1364,1,9,-1,-1,-1
201501YE80657,2,9,0,18,0,8,0,0,0,0,1,1,6,2,25,5,1461,2,2,-1,1,-1
201501YE80658,1,9,0,18,0,1,0,0,0,0,1,1,6,1,-1,-1,-1,-1,-1,-1,-1,-1
201501YE80659,1,9,0,18,0,1,0,0,0,0,2,1,6,2,38,7,1997,2,10,-1,1,-1
201501YE80659,2,9,0,18,0,1,0,0,0,0,1,1,6,1,-1,-1,-1,-1,-1,-1,-1,-1
201501YE80660,1,9,0,18,0,8,0,0,0,0,1,1,6,1,21,5,1596,1,12,-1,3,-1
201501YE80661,1,9,0,9,0,8,0,0,0,0,1,1,6,1,-1,-1,-1,-1,-1,-1,-1,-1
201501YE80661,2,1,0,18,0,8,0,0,0,0,3,1,6,1,17,4,-1,-1,-1,-1,1,-1
201501YE80662,1,9,0,18,0,0,0,0,0,0,1,1,1,1,51,8,1461,2,1,-1,1,-1
201501YE80662,2,9,0,18,0,0,0,0,0,0,1,1,6,1,68,10,1395,1,-1,-1,1,-1
201501YE80662,3,9,0,18,0,0,0,0,0,0,1,1,6,1,25,5,-1,-1,-1,-1,-1,-1
201501YE80663,1,21,0,18,0,0,0,0,0,0,3,1,1,1,28,6,12900,2,4,-1,-1,-1
201501YE80663,2,21,0,18,0,0,0,0,0,0,1,1,1,1,56,9,-1,-1,-1,-1,-1,-1
201501YE80665,1,11,0,18,0,8,0,0,0,0,0,1,1,1,59,9,6692,2,4,-1,1,-1
201501YE80666,1,9,0,9,0,8,0,0,0,0,3,1,6,3,-1,-1,1970,1,15,-1,-1,-1
201501YE80666,2,3,0,13,0,8,0,0,0,0,4,1,6,1,25,5,125,1,2,-1,1,-1
201501YE80667,1,19,0,18,0,0,0,0,0,0,1,1,6,1,31,6,2461,2,5,-1,1,-1
201501YE80667,2,9,0,3,0,0,0,0,0,0,2,1,6,1,27,6,1229,1,1,-1,1,-1
201501YE80667,3,9,0,3,0,0,0,0,0,0,2,1,6,1,43,7,1984,1,2,-1,1,-1
201501YE80668,1,9,0,3,0,1,0,0,0,0,2,1,6,1,49,8,1497,8,9,-1,1,-1
201501YE80668,2,9,0,4,0,1,0,0,0,0,1,1,6,1,41,7,1995,2,10,-1,1,-1
201501YE80669,1,9,0,18,0,2,0,0,0,0,1,1,6,1,-1,-1,-1,-1,-1,-1,-1,-1
201501YE80670,1,9,0,3,0,1,0,0,0,0,4,1,6,1,58,9,-1,-1,-1,-1,1,-1
201501YE80670,2,1,0,15,0,1,0,0,0,0,1,1,6,1,32,6,-1,-1,-1,-1,1,-1
201501YE80671,1,9,0,18,0,2,0,0,0,0,1,1,6,2,46,8,2231,2,7,-1,1,-1
201501YE80671,2,9,0,3,0,2,0,0,0,0,2,1,6,2,24,5,998,1,1,-1,1,-1
201501YE80671,3,9,0,3,0,2,0,0,0,0,2,1,6,1,26,6,1968,2,12,-1,1,-1
201501YE80673,1,9,0,3,0,1,0,0,0,0,2,1,6,1,47,8,1198,1,5,-1,1,-1
201501YE80673,2,9,0,18,0,1,0,0,0,0,1,1,6,1,-1,-1,2148,2,11,-1,-1,-1
201501YE80676,1,9,0,18,0,0,0,0,0,0,1,1,6,1,70,10,1229,1,10,-1,1,-1
201501YE80677,1,9,0,18,0,8,0,0,0,0,1,1,6,1,34,6,1686,2,4,-1,1,-1
201501YE80677,2,9,0,18,0,8,0,0,0,0,4,1,6,1,56,9,2199,2,5,-1,1,-1
201501YE80678,1,9,0,1,0,1,0,0,0,0,4,1,6,1,80,11,1339,1,8,-1,1,-1
201501YE80679,1,9,0,4,0,0,0,0,0,0,2,1,6,1,44,7,1599,1,11,-1,1,-1
201501YE80679,2,9,0,18,0,0,0,0,0,0,1,1,6,2,22,5,998,1,2,-1,1,-1
201501YE80681,1,19,0,18,0,0,0,0,0,0,1,1,6,1,33,6,2198,2,-1,-1,1,-1
201501YE80681,2,19,0,4,0,0,0,0,0,0,2,1,6,1,36,7,2143,2,2,-1,1,-1
201501YE80681,3,9,0,3,0,0,0,0,0,0,2,1,6,1,44,7,1560,2,10,-1,1,-1
201501YE80681,4,9,0,3,0,0,0,0,0,0,2,1,6,1,32,6,-1,-1,-1,-1,1,-1
201501YE80682,1,9,0,18,0,0,0,0,0,0,4,1,6,3,-1,-1,-1,-1,-1,-1,-1,-1
201501YE80684,1,9,0,3,0,2,0,0,0,0,2,1,6,2,41,7,1995,2,11,-1,1,-1
201501YE80684,2,9,0,18,0,2,0,0,0,0,1,1,6,1,-1,-1,1598,1,14,-1,-1,-1
201501YE80685,1,9,0,18,0,0,0,0,0,0,1,1,6,1,-1,-1,1998,1,11,-1,-1,-1
201501YE80685,2,11,0,18,0,0,0,0,0,0,1,1,1,1,52,8,6700,2,3,-1,1,-1
201501YE80686,1,9,0,18,0,1,0,0,0,0,1,1,6,1,83,11,1390,1,10,-1,1,-1
201501YE80688,1,9,0,18,0,1,0,0,0,0,4,1,6,2,53,8,1998,1,13,-1,1,-1
201501YE80689,1,9,0,9,0,8,0,0,0,0,1,1,6,2,-1,-1,-1,-1,-1,-1,-1,-1
201501YE80690,1,9,0,9,0,8,0,0,0,0,4,1,6,2,74,10,1242,1,2,-1,1,-1
201501YE80690,2,9,0,18,0,8,0,0,0,0,1,1,6,2,80,11,1389,1,22,-1,1,-1
201501YE80691,1,3,0,18,0,8,0,0,0,0,3,1,6,2,22,5,125,1,4,-1,1,-1
201501YE80691,2,9,0,7,0,8,0,0,0,0,0,1,6,2,-1,-1,2179,2,2,-1,1,-1
201501YE80692,1,9,0,9,0,8,0,0,0,0,1,1,6,1,31,6,2143,2,2,-1,1,-1
201501YE80692,2,9,0,18,0,8,0,0,0,0,3,1,6,1,59,9,4398,1,12,-1,1,-1
201501YE80693,1,9,0,6,0,8,0,0,0,0,3,1,6,2,25,5,1956,2,6,-1,1,-1
201501YE80693,2,3,0,13,0,8,0,0,0,0,4,1,6,1,28,6,125,1,4,-1,1,-1
201501YE80694,1,9,0,18,0,1,0,0,0,0,1,1,6,2,31,6,1390,1,10,-1,3,-1
201501YE80695,1,21,4,18,0,0,0,0,0,0,3,2,1,1,45,7,-1,-1,-1,-1,-1,-1
201501YE80695,2,9,0,18,0,0,0,0,5,10,4,1,6,1,31,6,-1,-1,-1,-1,1,-1
201501YE80696,1,9,0,18,0,2,0,0,0,0,4,1,6,1,23,5,1390,1,-1,-1,1,-1
201501YE80696,2,9,0,18,0,1,0,0,0,0,1,1,6,1,-1,-1,2494,1,19,-1,-1,-1
201501YE80698,1,19,0,9,0,8,0,0,0,0,3,1,6,1,27,6,1968,2,5,-1,1,-1
201501YE80698,2,9,0,18,0,8,0,0,0,0,1,1,6,2,51,8,1198,1,5,-1,1,-1
201501YE80699,1,9,0,5,0,2,0,0,0,0,3,1,6,1,47,8,1796,1,11,-1,1,-1
201501YE80700,1,9,0,9,0,8,0,0,0,0,2,1,6,2,63,9,1598,1,13,-1,3,-1
201501YE80700,2,9,0,18,0,8,0,0,0,0,1,1,6,1,33,6,2488,2,10,-1,1,-1
201501YE80701,1,9,0,3,0,0,0,0,0,0,2,1,6,2,27,6,998,1,4,-1,1,-1
201501YE80701,2,19,0,18,0,0,0,0,0,0,1,1,6,1,25,5,2461,2,5,-1,1,-1
201501YE80702,1,5,0,8,0,1,0,0,0,0,2,1,6,1,43,7,782,1,11,-1,1,-1
201501YE80702,2,9,0,4,0,1,0,0,0,0,1,1,6,1,-1,-1,1968,2,9,-1,-1,-1
201501YE80703,1,19,0,3,0,0,0,0,0,0,2,1,6,1,44,7,2143,2,3,-1,1,-1
201501YE80703,2,10,0,18,0,0,0,0,0,0,1,1,6,1,61,9,2461,2,11,-1,1,-1
201501YE80704,1,9,0,18,0,0,0,0,0,0,1,1,6,2,35,6,1587,1,10,-1,-1,-1
201501YE80705,1,9,0,9,0,8,0,0,0,0,3,1,6,2,33,6,1999,1,9,-1,1,-1
201501YE80705,2,9,0,18,0,8,0,0,0,0,1,1,6,1,43,7,-1,-1,-1,-1,1,-1
201501YE80707,1,9,0,18,0,8,0,10,4,2,3,1,1,1,59,9,1390,1,14,-1,1,-1
201501YE80707,2,9,0,12,0,8,0,0,0,0,0,1,6,3,-1,-1,1242,1,9,-1,-1,-1
201501YE80708,1,9,0,18,0,8,0,0,0,0,1,1,6,1,29,6,1997,2,2,-1,1,-1
201501YE80708,2,9,0,7,0,8,0,0,0,0,3,1,6,2,57,9,2000,2,7,-1,1,-1
201501YE80709,1,9,0,18,0,0,5,0,1,7,4,1,6,1,81,11,1248,1,-1,-1,1,-1
201501YE80710,1,9,0,18,0,0,0,0,5,6,1,1,6,1,24,5,1997,2,-1,-1,1,-1
201501YE80710,2,9,0,18,0,0,0,0,0,0,2,1,6,1,79,11,2987,2,-1,-1,3,-1
201501YE80710,3,9,0,18,0,0,0,0,0,0,3,1,6,2,21,5,1149,1,12,-1,1,-1
201501YE80712,1,9,0,4,0,0,0,0,0,0,2,1,6,2,62,9,1398,1,1,-1,1,-1
201501YE80712,2,9,0,18,0,0,0,0,0,0,1,1,6,2,28,6,1968,2,3,-1,1,-1
201501YE80713,1,9,0,5,0,8,0,0,0,0,1,1,6,1,38,7,1896,2,5,-1,1,-1
201501YE80713,2,9,0,18,0,8,0,0,0,0,4,1,6,3,-1,-1,-1,-1,-1,-1,-1,-1
201501YE80714,1,9,0,9,0,5,0,0,0,0,1,1,6,2,40,7,2400,2,4,-1,1,-1
201501YE80715,1,9,0,5,0,8,0,0,3,10,1,1,6,2,44,7,1560,2,6,-1,1,-1
201501YE80715,2,9,0,2,0,8,0,0,0,0,4,1,6,3,-1,-1,1596,1,1,-1,-1,-1
201501YE80716,1,9,0,4,0,8,0,0,0,0,2,1,6,2,45,7,1587,1,13,-1,1,-1
201501YE80716,2,9,0,5,0,8,0,0,0,0,1,1,6,2,22,5,1299,1,10,-1,1,-1
201501YE80717,1,9,0,3,0,1,0,0,0,0,2,1,6,1,35,6,-1,-1,-1,-1,1,-1
201501YE80717,2,19,0,18,0,1,0,0,0,0,1,1,6,1,-1,-1,2198,2,7,-1,-1,-1
201501YE80718,1,9,0,9,0,2,0,0,0,0,1,1,6,1,73,10,2171,1,12,-1,1,-1
201501YE80719,1,3,0,18,0,0,0,0,0,0,4,1,6,1,25,5,-1,-1,-1,-1,1,-1
201501YE80721,1,9,0,18,0,0,0,0,0,0,2,1,6,2,72,10,1598,1,13,-1,1,-1
201501YE80721,2,9,0,18,0,0,0,0,0,0,1,1,6,1,51,8,-1,-1,-1,-1,3,-1
201501YE80722,1,9,0,4,0,8,0,0,0,0,1,1,6,2,76,11,1329,1,4,-1,1,-1
201501YE80723,1,9,0,18,0,0,1,0,4,6,4,1,2,2,37,7,1360,1,7,-1,1,-1
201501YE80723,2,9,0,12,0,0,0,0,0,0,3,1,6,3,-1,-1,-1,-1,-1,-1,-1,-1
201501YE80725,1,9,0,12,0,0,0,0,0,0,4,1,2,2,45,7,1198,1,12,-1,1,-1
201501YE80725,2,9,0,18,0,0,0,0,0,0,3,1,6,3,-1,-1,-1,-1,-1,-1,-1,-1
201501YE80726,1,9,0,11,0,0,1,0,0,0,2,1,6,2,42,7,1598,1,11,-1,1,-1
201501YE80726,2,9,0,18,0,0,0,0,0,0,1,1,6,1,-1,-1,-1,-1,-1,-1,-1,-1
201501YE80727,1,9,0,18,0,0,0,0,0,0,1,1,6,1,24,5,-1,-1,-1,-1,1,-1
201501YE80727,2,9,0,18,0,0,0,0,0,0,2,1,6,2,23,5,1995,2,2,-1,1,-1
201501YE80727,3,20,0,12,0,0,0,0,0,0,2,2,6,1,-1,-1,-1,-1,-1,-1,-1,-1
201501YE80728,1,9,0,7,0,8,0,0,0,0,1,1,6,2,-1,-1,1497,8,-1,-1,-1,-1
201501YE80729,1,9,0,9,0,8,0,0,0,0,3,1,6,1,-1,-1,1975,1,11,-1,1,-1
201501YE80729,2,9,0,18,0,8,0,0,0,0,1,1,6,2,-1,-1,1390,1,12,-1,1,-1
201501YE80731,1,9,0,18,0,1,0,0,0,0,1,1,6,1,77,11,-1,-1,-1,-1,1,-1
201501YE80732,1,9,0,18,0,0,0,0,0,0,1,1,6,2,60,9,1598,1,13,-1,1,-1
201501YE80732,2,9,0,3,0,0,0,0,0,0,2,1,6,2,24,5,1995,2,1,-1,1,-1
201501YE80732,3,9,0,3,0,0,0,0,0,0,2,1,6,1,56,9,-1,-1,-1,-1,1,-1
201501YE80733,1,19,0,18,0,0,0,0,0,0,1,1,6,1,34,6,1968,2,1,-1,1,-1
201501YE80733,2,9,0,4,0,0,0,0,0,0,2,1,6,2,28,6,1560,2,3,-1,1,-1
201501YE80734,1,9,0,9,0,8,0,0,0,0,4,1,6,1,22,5,1149,1,11,-1,1,-1
201501YE80734,2,9,0,16,0,8,0,0,0,0,1,1,6,1,33,6,-1,-1,-1,-1,-1,-1
201501YE80735,1,19,0,18,0,2,0,4,7,10,1,1,6,1,21,5,1998,2,10,-1,1,-1
201501YE80736,1,9,0,3,0,1,0,0,0,0,2,1,2,2,23,5,1242,1,4,-1,1,-1
201501YE80736,2,9,0,18,0,1,0,0,0,0,1,1,3,2,35,6,1398,1,13,-1,-1,-1
201501YE80737,1,9,0,18,0,0,0,0,0,0,3,1,3,2,40,7,2000,2,5,-1,1,-1
201501YE80737,2,19,0,18,0,0,0,0,0,0,3,1,6,1,-1,-1,2198,2,7,-1,-1,-1
201501YE80738,1,9,0,9,0,8,0,0,0,0,3,1,6,2,44,7,1910,2,8,-1,1,-1
201501YE80739,1,9,0,9,0,8,0,0,0,0,3,1,6,1,24,5,2143,2,3,-1,1,-1
201501YE80739,2,3,0,18,0,8,0,0,0,0,1,1,6,1,27,6,124,1,9,-1,1,-1
201501YE80740,1,9,0,9,0,8,0,0,0,0,2,1,6,1,32,6,1995,2,10,-1,1,-1
201501YE80740,2,9,0,7,0,8,0,0,0,0,1,1,6,3,-1,-1,-1,-1,-1,-1,-1,-1
201501YE80741,1,9,0,18,0,0,1,0,1,7,1,1,1,1,58,9,1686,2,1,-1,-1,-1
201501YE80741,2,21,0,4,0,0,1,0,0,0,2,2,1,1,40,7,-1,-1,-1,-1,-1,-1
201501YE80741,3,21,0,18,0,0,1,0,0,0,1,1,1,1,41,7,12740,2,2,-1,1,-1
201501YE80742,1,5,0,3,0,1,0,0,0,0,2,1,6,1,27,6,803,1,-1,-1,1,-1
201501YE80742,2,9,0,18,0,1,0,0,0,0,1,1,6,1,-1,-1,1968,2,4,-1,-1,-1
201501YE80743,1,9,0,9,0,5,0,0,0,0,2,1,6,1,44,7,1598,2,1,-1,1,-1
201501YE80743,2,11,0,9,0,5,0,0,0,0,3,1,1,1,-1,-1,9360,2,5,-1,1,-1
201501YE80744,1,9,0,3,0,2,0,0,0,0,1,1,6,2,40,7,1240,1,8,-1,1,-1
201501YE80744,2,9,0,1,0,1,0,0,0,0,2,1,6,1,-1,-1,-1,-1,-1,-1,-1,-1
201501YE80745,1,9,0,9,0,8,0,0,0,0,4,1,6,1,28,6,1968,2,7,-1,1,-1
201501YE80745,2,1,0,15,0,8,0,0,0,0,0,1,6,1,24,5,-1,-1,-1,-1,1,-1
201501YE80746,1,9,0,18,0,0,0,0,0,0,1,1,6,2,59,9,-1,-1,-1,-1,1,-1
201501YE80747,1,9,0,18,0,1,0,0,0,0,2,1,6,2,38,7,1995,2,10,-1,1,-1
201501YE80747,2,9,0,18,0,1,0,0,0,0,1,1,6,1,17,4,1390,1,13,-1,1,-1
201501YE80748,1,9,0,14,0,1,0,0,0,0,4,1,6,2,22,5,1199,1,12,-1,1,-1
201501YE80749,1,9,0,7,0,1,0,0,0,0,1,1,6,1,-1,-1,1598,2,4,-1,-1,-1
201501YE80749,2,1,0,18,0,1,0,0,0,0,4,1,6,2,31,6,-1,-1,-1,-1,1,-1
201501YE80750,1,9,0,7,0,1,0,0,0,0,4,1,6,3,-1,-1,-1,-1,-1,-1,-1,-1
201501YE80752,1,9,0,18,0,0,0,10,7,10,1,1,6,2,58,9,1991,2,6,-1,1,-1
201501YE80753,1,9,0,18,0,0,0,10,8,7,1,1,6,1,65,9,1248,2,6,-1,1,-1
201501YE80753,2,9,0,18,0,0,0,0,0,0,4,1,6,2,44,7,1973,1,17,-1,1,-1
201501YE80754,1,9,0,9,0,2,0,0,0,0,1,1,3,2,30,6,1198,1,13,-1,1,-1
201501YE80754,2,5,0,14,0,1,0,0,0,0,1,1,2,1,51,8,805,1,12,-1,1,-1
201501YE80755,1,9,0,18,0,1,0,0,0,0,4,1,1,1,50,8,-1,-1,-1,-1,1,-1
201501YE80756,1,9,0,2,0,1,0,0,0,0,4,1,6,1,31,6,1753,2,9,-1,1,-1
201501YE80756,2,19,0,16,0,1,0,0,0,0,4,1,6,3,-1,-1,1968,2,-1,-1,-1,-1
201501YE80757,1,11,0,18,2,1,0,0,0,0,1,1,1,1,49,8,6692,2,4,-1,1,-1
201501YE80758,1,9,0,18,0,1,0,0,0,0,1,1,6,1,32,6,1910,2,6,-1,1,-1
201501YE80760,1,5,0,18,0,1,0,0,0,0,1,1,2,1,24,5,599,1,11,-1,1,-1
201501YE80760,2,19,0,7,0,2,0,0,0,0,3,1,1,1,-1,-1,2402,2,14,-1,-1,-1
201501YE80761,1,9,0,13,0,0,0,0,0,0,0,1,6,3,-1,-1,-1,-1,-1,-1,-1,-1
201501YE80761,2,1,0,18,0,0,0,0,0,0,0,1,6,1,42,7,-1,-1,-1,-1,1,-1
201501YE80762,1,9,0,4,0,2,0,0,0,0,2,1,3,1,53,8,1850,1,15,-1,1,-1
201501YE80762,2,9,0,18,0,2,0,0,0,0,1,1,6,1,63,9,3456,8,6,-1,1,-1
201501YE80764,1,19,0,3,0,1,0,0,0,0,1,1,1,1,31,6,1995,2,1,-1,1,-1
201501YE80764,2,9,0,18,0,1,0,0,0,0,2,1,2,1,39,7,-1,-1,-1,-1,2,-1
201501YE80765,1,9,0,18,0,0,0,4,0,0,1,1,3,2,20,4,2000,2,10,-1,1,-1
201501YE80765,2,9,0,2,0,0,0,0,0,0,2,1,6,1,52,8,2987,2,9,-1,-1,-1
201501YE80766,1,9,0,18,0,8,0,0,0,0,3,1,6,2,37,7,1618,1,1,-1,1,-1
201501YE80766,2,9,0,18,0,8,0,0,0,0,4,1,6,3,-1,-1,1598,1,7,-1,-1,-1
201501YE80767,1,3,0,14,0,2,0,0,0,0,4,1,6,1,18,4,125,1,6,-1,1,-1
201501YE80768,1,9,0,18,0,2,0,0,0,0,1,1,6,1,51,8,1910,2,6,-1,1,-1
201501YE80769,1,9,0,17,0,0,0,10,1,10,1,1,6,1,31,6,2926,2,12,-1,1,-1
201501YE80769,2,9,0,16,0,0,0,0,0,0,3,1,6,1,40,7,1242,1,15,-1,1,-1
201501YE80770,1,9,0,6,0,0,0,0,0,0,4,1,6,2,22,5,1686,2,8,-1,1,-1
201501YE80770,2,3,0,18,0,0,0,0,0,0,1,1,6,1,21,5,107,1,2,-1,1,-1
201501YE80771,1,11,0,5,0,1,0,0,0,0,0,1,1,1,41,7,5132,2,-1,-1,1,-1
201501YE80771,2,9,0,13,0,1,0,0,0,0,0,1,6,3,-1,-1,-1,-1,-1,-1,-1,-1
201501YE80772,1,9,0,3,0,1,0,0,0,0,2,1,6,2,32,6,1296,1,7,-1,1,-1
201501YE80772,2,9,0,18,0,1,0,0,0,0,1,1,6,1,40,7,1968,2,5,-1,-1,-1
201501YE80773,1,5,0,14,0,1,0,0,0,0,1,1,2,1,28,6,248,1,1,-1,1,-1
201501YE80773,2,9,0,9,0,2,0,0,0,0,3,1,2,2,51,8,1560,2,4,-1,1,-1
201501YE80775,1,9,0,16,0,2,1,4,0,0,1,1,6,1,69,10,1998,1,13,-1,1,-1
201501YE80775,2,9,0,2,0,2,0,4,0,0,2,1,6,3,-1,-1,1797,8,5,-1,-1,-1
201501YE80775,3,9,0,2,0,2,0,4,0,0,2,1,6,3,-1,-1,1995,2,9,-1,-1,-1
201501YE80776,1,9,0,9,0,5,0,0,0,0,1,1,6,1,28,6,1360,1,12,-1,-1,-1
201501YE80776,2,9,0,18,0,8,0,0,0,0,1,1,6,1,23,5,1124,1,15,-1,1,-1
201501YE80778,1,9,0,4,0,8,0,0,0,0,2,1,2,2,64,9,1769,1,13,-1,1,-1
201501YE80778,2,9,0,9,0,6,0,0,0,0,1,1,6,2,-1,-1,1582,2,8,-1,1,-1
201501YE80779,1,4,0,4,0,8,0,0,0,0,1,1,6,1,29,6,399,1,21,-1,1,-1
201501YE80779,2,9,0,4,0,8,0,0,0,0,2,1,6,1,52,8,5204,1,9,-1,1,-1
201501YE80780,1,9,0,2,0,0,0,0,0,0,2,1,6,1,53,8,1497,8,7,-1,1,-1
201501YE80780,2,9,0,1,0,0,0,4,0,0,2,1,6,1,-1,-1,1995,2,1,-1,-1,-1
201501YE80782,1,9,0,4,0,8,0,0,0,0,2,1,6,2,38,7,1968,2,8,-1,1,-1
201501YE80782,2,19,0,18,0,8,0,0,0,0,1,1,6,1,-1,-1,1753,2,3,-1,-1,-1
201501YE80783,1,9,0,4,0,1,0,0,0,0,2,1,6,2,56,9,1242,1,4,-1,1,-1
201501YE80783,2,19,0,18,0,1,0,0,0,0,1,1,6,1,46,8,1998,2,13,-1,1,-1
201501YE80783,3,9,0,3,0,1,0,0,0,0,2,1,6,2,23,5,1388,1,6,-1,1,-1
201501YE80783,4,9,0,4,0,1,0,0,0,0,2,1,6,2,40,7,1995,2,3,-1,1,-1
201501YE80784,1,9,0,18,0,8,0,0,0,0,3,1,2,2,56,9,1799,1,8,-1,1,-1
201501YE80784,2,9,0,5,0,6,0,0,0,0,1,2,6,1,-1,-1,-1,-1,-1,-1,-1,-1
201501YE80785,1,9,0,6,0,2,0,0,0,0,4,1,6,1,58,9,1598,1,13,-1,1,-1
201501YE80785,2,9,0,18,0,2,0,0,0,0,3,1,6,1,36,7,2148,2,7,-1,1,-1
201501YE80786,1,8,0,9,0,5,0,0,0,0,4,1,1,1,59,9,1910,2,5,-1,1,-1
201501YE80786,2,9,0,18,0,8,0,0,0,0,1,1,6,2,22,5,1198,1,1,-1,1,-1
201501YE80787,1,9,0,1,0,1,0,0,0,0,2,1,6,1,-1,-1,1598,1,15,-1,1,-1
201501YE80788,1,9,0,3,0,8,0,0,0,0,2,1,3,2,37,7,1685,2,1,-1,1,-1
201501YE80788,2,19,0,5,0,8,0,0,0,0,1,1,6,1,-1,-1,-1,-1,-1,-1,-1,-1
201501YE80789,1,9,0,18,0,1,0,10,1,0,1,1,6,1,32,6,1149,1,11,-1,1,-1
201501YE80789,2,9,0,7,0,2,0,0,0,0,1,1,6,3,-1,-1,-1,-1,-1,-1,-1,-1
201501YE80790,1,9,0,10,0,8,0,0,0,0,1,1,6,1,36,7,-1,-1,-1,-1,1,-1
201501YE80790,2,9,0,18,0,8,0,0,0,0,1,1,6,1,36,7,2987,2,3,-1,1,-1
201501YE80792,1,9,0,10,0,2,0,0,0,0,2,1,6,1,47,8,2143,2,2,-1,1,-1
201501YE80792,2,9,0,18,0,2,0,0,0,0,1,1,6,1,-1,-1,1686,2,10,-1,-1,-1
201501YE80793,1,1,0,3,0,0,0,0,0,0,2,1,6,1,52,8,-1,-1,-1,-1,1,-1
201501YE80793,2,9,0,18,0,0,0,0,0,0,1,1,6,3,-1,-1,-1,-1,-1,-1,-1,-1
201501YE80794,1,9,0,4,0,1,0,0,0,0,2,1,2,2,41,7,1598,1,2,-1,1,-1
201501YE80794,2,9,0,16,0,1,0,0,0,0,1,1,2,1,23,5,1761,1,16,-1,1,-1
201501YE80795,1,9,0,9,0,2,0,0,0,0,4,1,6,1,26,6,1368,1,7,-1,1,-1
201501YE80797,1,8,0,18,0,0,0,0,0,0,3,1,6,1,43,7,1497,8,9,-1,1,-1
201501YE80797,2,9,0,11,0,0,0,0,0,0,4,1,6,1,45,7,2295,1,19,-1,-1,-1
201501YE80798,1,1,0,18,0,8,0,0,0,0,3,1,6,1,51,8,-1,-1,-1,-1,1,-1
201501YE80798,2,9,0,13,0,8,0,0,0,0,4,1,6,3,-1,-1,-1,-1,-1,-1,-1,-1
201501YE80799,1,9,0,18,0,8,0,0,0,0,4,1,6,2,30,6,1598,2,-1,-1,1,-1
201501YE80799,2,9,0,18,0,8,0,0,0,0,3,1,6,1,-1,-1,1497,8,2,-1,-1,-1
201501YE80800,1,9,0,9,0,8,0,0,0,0,1,1,1,2,22,5,-1,-1,-1,-1,1,-1
201501YE80800,2,5,0,18,0,8,0,0,0,0,1,1,2,1,41,7,1050,1,8,-1,1,-1
201501YE80801,1,9,0,16,0,0,5,10,1,2,1,1,6,1,70,10,1796,1,13,-1,1,-1
201501YE80802,1,9,0,18,0,8,1,10,7,4,1,1,6,1,19,4,1149,1,9,-1,1,-1
201501YE80803,1,9,0,18,0,0,0,0,0,0,1,1,6,1,55,8,1968,2,8,-1,-1,-1
201501YE80804,1,11,0,18,2,0,0,0,0,0,1,1,1,1,50,8,6700,2,7,-1,1,-1
201501YE80804,2,1,0,18,0,0,0,0,0,0,4,1,6,2,51,8,-1,-1,-1,-1,1,-1
201501YE80806,1,9,0,7,0,8,0,0,0,0,4,1,6,2,37,7,1800,1,16,-1,1,-1
201501YE80806,2,2,0,15,0,8,0,0,0,0,1,1,6,1,23,5,125,1,-1,-1,1,-1
201501YE80807,1,9,0,18,0,0,0,0,0,0,1,1,6,1,48,8,1198,1,-1,-1,1,-1
201501YE80807,2,9,0,18,0,0,0,4,0,0,1,1,6,3,-1,-1,1582,2,3,-1,-1,-1
201501YE80807,3,9,0,2,0,0,0,0,0,0,2,1,6,2,-1,-1,996,1,4,-1,-1,-1
201501YE80809,1,9,0,4,0,1,0,0,0,0,2,1,6,1,41,7,2656,1,13,-1,1,-1
201501YE80809,2,9,0,18,0,1,0,0,0,0,1,1,6,2,30,6,1995,2,5,-1,-1,-1
201501YE80810,1,8,0,18,0,0,0,0,0,0,1,1,2,1,43,7,1968,2,2,-1,1,-1
201501YE80810,2,19,0,4,0,0,0,0,0,0,2,1,1,1,34,6,1753,2,6,-1,2,-1
201501YE80811,1,9,0,18,0,0,0,0,0,0,4,1,6,2,43,7,1598,1,12,-1,1,-1