Accident_Index,Vehicle_Reference,Vehicle_Type,Towing_and_Articulation,Vehicle_Manoeuvre,Vehicle_Location-Restricted_Lane,Junction_Location,Skidding_and_Overturning,Hit_Object_in_Carriageway,Vehicle_Leaving_Carriageway,Hit_Object_off_Carriageway,1st_Point_of_Impact,Was_Vehicle_Left_Hand_Drive?,Journey_Purpose_of_Driver,Sex_of_Driver,Age_of_Driver,Age_Band_of_Driver,Engine_Capacity_(CC),Propulsion_Code,Age_of_Vehicle,Driver_IMD_Decile,Driver_Home_Area_Type,Vehicle_IMD_Decile
201501YE80811,2,9,0,5,0,0,0,0,0,0,3,1,6,1,50,8,2362,1,14,-1,-1,-1
201501YE80813,1,9,0,18,0,8,0,0,0,0,1,1,6,1,43,7,1242,1,6,-1,1,-1
201501YE80813,2,19,0,9,0,8,0,0,0,0,1,1,6,1,26,6,2198,2,-1,-1,-1,-1
201501YE80814,1,9,0,18,0,8,0,0,0,0,3,1,6,2,56,9,1108,1,6,-1,1,-1
201501YE80814,2,19,0,7,0,8,0,0,0,0,4,1,6,1,-1,-1,1560,2,-1,-1,1,-1
201501YE80815,1,9,0,18,0,1,0,0,0,0,3,1,6,1,42,7,998,1,9,-1,1,-1
201501YE80815,2,19,0,7,0,1,0,0,0,0,4,1,6,1,52,8,1986,2,5,-1,-1,-1
201501YE80816,1,9,0,18,0,1,0,0,0,0,1,1,6,1,38,7,-1,-1,-1,-1,1,-1
201501YE80816,2,9,0,4,0,1,0,0,0,0,2,1,3,2,38,7,1796,1,5,-1,1,-1
201501YE80817,1,9,0,2,0,0,0,0,0,0,3,1,6,2,59,9,1598,1,13,-1,1,-1
201501YE80817,2,19,0,1,0,0,0,4,0,0,2,1,6,1,-1,-1,2198,2,4,-1,-1,-1
201501YE80818,1,9,0,18,0,0,0,0,0,0,4,1,6,1,38,7,2231,2,7,-1,1,-1
201501YE80818,2,9,0,18,0,0,0,0,0,0,3,1,6,1,42,7,1995,2,4,-1,-1,-1
201501YE80818,3,5,0,11,0,0,0,0,0,0,4,1,1,1,34,6,800,1,1,-1,1,-1
201501YE80818,4,11,0,18,0,0,0,0,0,0,3,1,1,1,45,7,5132,2,1,-1,1,-1
201501YE80819,1,9,0,10,0,1,0,0,0,0,1,1,6,1,28,6,1240,1,10,-1,1,-1
201501YE80819,2,19,0,1,0,1,0,0,0,0,2,1,6,3,-1,-1,-1,-1,-1,-1,-1,-1
201501YE80820,1,11,0,9,0,2,0,0,0,0,0,1,1,1,60,9,6692,2,2,-1,1,-1
201501YE80821,1,11,0,18,0,1,0,0,0,0,3,1,1,1,54,8,3900,2,10,-1,1,-1
201501YE80821,2,9,0,1,0,2,0,0,0,0,2,1,6,1,-1,-1,1596,1,8,-1,-1,-1
201501YE80822,1,9,0,16,0,8,0,0,0,0,1,1,6,1,24,5,1896,2,15,-1,1,-1
201501YE80822,2,9,0,9,0,8,0,0,0,0,1,1,6,2,37,7,1398,1,3,-1,1,-1
201501YE80823,1,9,0,9,0,2,0,0,0,0,1,1,6,1,73,10,1796,1,10,-1,1,-1
201501YE80823,2,9,0,17,0,1,0,0,0,0,4,1,6,2,43,7,1299,1,18,-1,1,-1
201501YE80824,1,9,0,18,0,2,0,0,0,0,1,1,6,2,52,8,1686,2,10,-1,1,-1
201501YE80824,2,9,0,5,0,1,0,0,0,0,3,1,6,1,64,9,3518,1,9,-1,1,-1
201501YE80825,1,9,0,5,0,1,0,0,0,0,1,1,6,1,45,7,1242,1,15,-1,1,-1
201501YE80826,1,9,0,18,0,8,0,0,0,0,4,1,1,1,57,9,1685,2,1,-1,1,-1
201501YE80826,2,21,0,7,0,8,0,0,0,0,1,1,1,1,43,7,-1,-1,-1,-1,1,-1
201501YE80827,1,19,0,5,0,8,0,0,0,0,1,1,6,1,-1,-1,-1,-1,-1,-1,-1,-1
201501YE80828,1,9,0,9,0,8,0,0,0,0,3,1,6,1,49,8,2231,2,9,-1,1,-1
201501YE80829,1,9,0,18,0,8,0,0,0,0,4,1,6,1,24,5,-1,-1,-1,-1,1,-1
201501YE80829,2,9,0,18,0,8,0,0,0,0,1,1,6,2,69,10,-1,-1,-1,-1,1,-1
201501YE80830,1,21,0,3,0,8,0,0,0,0,1,1,6,1,38,7,-1,-1,-1,-1,1,-1
201501YE80830,2,9,0,4,0,8,0,0,0,0,2,1,6,2,46,8,-1,-1,-1,-1,1,-1
201501YE80831,1,9,0,18,0,0,0,10,0,0,1,1,6,1,56,9,1995,2,11,-1,1,-1
201501YE80831,2,9,0,18,0,0,0,10,1,10,1,1,6,1,-1,-1,2969,2,10,-1,-1,-1
201501YE80833,1,9,0,9,0,8,0,0,0,0,4,1,6,1,22,5,999,1,6,-1,-1,-1
201501YE80833,2,3,0,18,0,8,0,0,0,0,3,1,6,1,37,7,108,1,-1,-1,1,-1
201501YE80834,1,11,0,17,0,1,0,0,0,0,0,1,1,1,59,9,6692,2,4,-1,-1,-1
201501YE80835,1,9,0,4,0,0,0,0,0,0,2,1,6,1,58,9,2987,2,8,-1,-1,-1
201501YE80835,2,19,0,4,0,0,0,0,0,0,2,1,1,1,60,9,-1,-1,-1,-1,3,-1
201501YE80835,3,20,0,4,0,0,0,0,0,0,1,1,1,1,36,7,-1,-1,-1,-1,1,-1
201501YE80836,1,9,0,7,0,8,0,0,0,0,4,1,6,1,-1,-1,-1,-1,-1,-1,-1,-1
201501YE80836,2,1,0,18,0,8,0,0,0,0,3,1,6,2,32,6,-1,-1,-1,-1,1,-1
201501YE80838,1,21,1,12,0,0,0,0,0,0,3,1,6,1,31,6,10837,2,2,-1,1,-1
201501YE80838,2,9,0,18,0,0,5,0,5,6,4,1,6,1,32,6,1360,1,11,-1,2,-1
201501YE80839,1,9,0,18,0,8,0,0,0,0,3,1,6,1,36,7,-1,-1,-1,-1,1,-1
201501YE80839,2,9,0,9,0,8,0,0,0,0,1,1,6,1,31,6,1299,1,13,-1,1,-1
201501YE80840,1,9,0,4,0,8,0,0,0,0,2,1,6,2,35,6,1229,1,7,-1,1,-1
201501YE80840,2,9,0,18,0,8,0,0,0,0,1,1,6,1,31,6,1497,8,7,-1,1,-1
201501YE80841,1,9,0,3,0,1,0,0,0,0,2,1,6,2,39,7,1329,1,6,-1,-1,-1
201501YE80841,2,9,0,4,0,1,0,0,0,0,1,1,6,2,-1,-1,-1,-1,-1,-1,-1,-1
201501YE80842,1,9,0,18,0,0,0,4,0,0,1,1,6,1,-1,-1,-1,-1,-1,-1,-1,-1
201501YE80842,2,9,0,2,0,0,0,0,0,0,1,1,6,3,-1,-1,-1,-1,-1,-1,-1,-1
201501YE80842,3,9,0,2,0,0,0,0,0,0,2,1,6,3,-1,-1,1956,2,1,-1,-1,-1
201501YE80843,1,9,0,18,0,0,0,0,0,0,1,1,6,1,24,5,1796,1,12,-1,1,-1
201501YE80844,1,9,0,18,0,1,0,0,0,0,1,1,6,3,-1,-1,-1,-1,-1,-1,-1,-1
201501YE80845,1,9,0,3,0,0,0,0,0,0,2,1,6,2,25,5,-1,-1,-1,-1,1,-1
201501YE80845,2,9,0,4,0,0,0,0,0,0,1,1,6,1,-1,-1,1360,1,14,-1,-1,-1
201501YE80846,1,9,0,18,0,8,5,10,3,0,1,1,6,1,67,10,-1,-1,-1,-1,-1,-1
201501YE80846,2,9,0,18,0,8,0,0,0,0,3,1,6,1,44,7,-1,-1,-1,-1,-1,-1
201501YE80847,1,9,0,7,0,2,0,0,0,0,3,1,6,1,43,7,-1,-1,-1,-1,1,-1
201501YE80848,1,1,0,18,0,8,0,0,0,0,1,1,6,1,33,6,-1,-1,-1,-1,1,-1
201501YE80848,2,19,0,9,0,8,0,0,0,0,4,1,6,1,-1,-1,2477,2,8,-1,-1,-1
201501YE80849,1,9,0,18,0,8,0,0,0,0,1,1,6,1,36,7,2494,1,15,-1,3,-1
201501YE80849,2,9,0,17,0,8,0,0,0,0,3,1,6,2,55,8,1999,1,9,-1,1,-1
201501YE80850,1,9,0,9,0,8,0,0,0,0,3,1,6,1,22,5,-1,-1,-1,-1,1,-1
201501YE80850,2,9,0,13,0,8,0,0,0,0,1,1,6,3,-1,-1,-1,-1,-1,-1,-1,-1
201501YE80851,1,11,0,18,0,0,0,0,0,0,0,1,1,1,48,8,6700,2,3,-1,1,-1
201501YE80852,1,9,0,18,2,1,0,0,0,0,1,1,6,3,-1,-1,-1,-1,-1,-1,-1,-1
201501YE80855,1,21,1,11,0,0,0,0,0,0,4,2,1,1,38,7,-1,-1,-1,-1,-1,-1
201501YE80855,2,9,0,15,0,0,0,0,0,0,3,1,6,1,59,9,1910,2,8,-1,-1,-1
201501YE80856,1,9,0,7,0,8,0,0,0,0,3,1,6,1,25,5,1600,1,15,-1,1,-1
201501YE80856,2,11,0,11,0,8,0,0,0,0,4,1,6,3,-1,-1,-1,-1,-1,-1,-1,-1
201501YE80857,1,9,0,18,0,0,0,0,0,0,1,1,6,1,31,6,1997,2,3,-1,1,-1
201501YE80859,1,9,0,3,0,0,0,0,0,0,2,1,6,2,47,8,1896,2,8,-1,1,-1
201501YE80859,2,9,0,18,0,0,0,0,0,0,1,1,6,2,-1,-1,1995,2,7,-1,-1,-1
201501YE80860,1,19,0,18,0,0,0,0,0,0,4,1,6,1,58,9,2143,2,4,-1,1,-1
201501YE80861,1,9,0,18,0,2,0,0,0,0,1,1,6,3,-1,-1,-1,-1,-1,-1,-1,-1
201501YE80862,1,9,0,18,0,1,0,0,0,0,1,1,6,1,-1,-1,2099,1,11,-1,-1,-1
201501YE80863,1,3,0,14,0,0,0,0,0,0,4,1,6,1,24,5,124,1,2,-1,1,-1
201501YE80863,2,9,0,18,0,0,0,0,0,0,3,1,6,3,-1,-1,-1,-1,-1,-1,-1,-1
201501YE80864,1,9,0,3,0,2,0,0,0,0,2,1,6,1,49,8,1910,2,8,-1,1,-1
201501YE80864,2,9,0,18,0,2,0,0,0,0,1,1,6,2,-1,-1,1461,2,-1,-1,-1,-1
201501YE80865,1,19,0,18,0,8,0,0,0,0,1,1,6,1,35,6,2198,2,4,-1,1,-1
201501YE80865,2,9,0,9,0,8,0,0,0,0,3,1,6,1,-1,-1,1596,1,10,-1,-1,-1
201501YE80867,1,4,0,18,0,8,0,0,0,0,2,1,6,2,35,6,249,1,5,-1,1,-1
201501YE80867,2,19,0,18,0,8,0,0,0,0,1,1,6,1,47,8,1997,2,2,-1,1,-1
201501YE80868,1,9,0,18,0,1,0,0,0,0,1,1,6,1,-1,-1,2987,2,8,-1,-1,-1
201501YE80869,1,5,0,3,0,1,0,0,0,0,3,1,6,1,26,6,124,1,8,-1,1,-1
201501YE80869,2,9,0,18,0,1,0,0,0,0,4,1,6,3,-1,-1,-1,-1,-1,-1,-1,-1
201501YE80870,1,11,0,18,0,1,0,0,0,0,0,1,6,2,48,8,4500,2,4,-1,1,-1
201501YE80872,1,5,0,18,0,1,0,0,0,0,4,1,6,1,55,8,998,1,7,-1,1,-1
201501YE80872,2,9,0,12,0,1,0,0,0,0,3,1,6,2,37,7,1598,1,5,-1,1,-1
201501YE80873,1,3,0,18,0,1,0,0,0,0,1,1,6,1,17,4,124,1,5,-1,1,-1
201501YE80874,1,3,0,18,0,8,0,7,1,0,4,1,6,1,22,5,125,1,2,-1,1,-1
201501YE80875,1,9,0,18,0,0,0,0,0,0,1,1,6,1,69,10,1988,1,17,-1,1,-1
201501YE80876,1,9,0,18,0,0,0,0,0,0,1,1,6,1,-1,-1,-1,-1,-1,-1,-1,-1
201501YE80877,1,9,0,9,0,8,0,0,0,0,1,1,6,2,26,6,1796,1,7,-1,2,-1
201501YE80877,2,9,0,18,0,8,0,0,0,0,4,1,6,1,46,8,1769,1,14,-1,1,-1
201501YE80878,1,9,0,9,0,8,0,0,0,0,1,1,6,1,31,6,1796,1,12,-1,2,-1
201501YE80878,2,3,0,14,0,8,0,0,0,0,4,1,6,1,38,7,125,1,6,-1,1,-1
201501YE80879,1,9,0,16,0,0,0,0,0,0,4,1,6,2,28,6,1968,2,5,-1,1,-1
201501YE80880,1,9,0,4,0,1,0,0,0,0,2,1,6,2,47,8,1498,1,5,-1,1,-1
201501YE80880,2,9,0,18,0,1,0,0,0,0,1,1,6,1,19,4,998,1,12,-1,1,-1
201501YE80881,1,3,0,13,0,0,0,0,0,0,4,1,6,1,28,6,125,1,2,-1,1,-1
201501YE80881,2,9,0,12,0,0,0,0,0,0,3,1,6,3,-1,-1,-1,-1,-1,-1,-1,-1
201501YE80882,1,9,0,3,0,0,0,0,0,0,2,1,6,1,23,5,1490,1,6,-1,1,-1
201501YE80882,2,9,0,18,0,0,0,0,0,0,1,1,6,1,-1,-1,-1,-1,-1,-1,-1,-1
201501YE80883,1,11,0,18,0,1,0,0,0,0,0,1,1,3,-1,-1,-1,-1,-1,-1,-1,-1
201501YE80884,1,1,0,18,0,1,0,0,0,0,4,1,6,1,48,8,-1,-1,-1,-1,1,-1
201501YE80884,2,9,0,5,0,1,0,0,0,0,1,1,6,1,-1,-1,1398,1,5,-1,-1,-1
201501YE80885,1,9,0,18,0,1,0,0,0,0,1,1,6,1,32,6,1498,1,7,-1,1,-1
201501YE80886,1,9,0,18,0,8,0,0,0,0,2,1,6,1,37,7,2148,2,10,-1,-1,-1
201501YE80886,2,9,0,9,0,8,0,0,0,0,1,1,6,1,21,5,1242,1,7,-1,1,-1
201501YE80886,3,9,0,9,0,8,0,0,0,0,3,1,6,1,31,6,2148,2,7,-1,1,-1
201501YE80886,4,9,0,9,0,8,0,0,0,0,1,1,6,1,18,4,1299,1,13,-1,1,-1
201501YE80887,1,9,0,9,0,8,0,0,0,0,3,1,6,1,48,8,2295,1,17,-1,1,-1
201501YE80887,2,2,0,13,0,8,0,0,0,0,1,1,6,1,44,7,124,1,18,-1,1,-1
201501YE80888,1,9,0,18,0,0,0,0,0,0,1,1,6,1,87,11,1390,1,23,-1,1,-1
201501YE80889,1,9,0,18,0,0,0,0,0,0,1,1,6,1,26,6,1560,2,10,-1,1,-1
201501YE80889,2,9,0,18,0,0,0,0,0,0,1,1,6,2,86,11,1339,1,4,-1,3,-1
201501YE80890,1,9,0,18,0,1,0,0,0,0,2,1,2,1,27,6,1796,1,9,-1,1,-1
201501YE80890,2,21,0,18,0,1,0,0,0,0,1,1,1,1,22,5,12777,2,5,-1,1,-1
201501YE80891,1,9,0,18,0,1,0,0,0,0,1,1,6,1,30,6,-1,-1,-1,-1,1,-1
201501YE80892,1,9,0,2,0,0,0,0,0,0,3,1,3,2,46,8,1995,2,7,-1,1,-1
201501YE80892,2,9,0,6,0,0,0,4,0,0,2,1,6,3,-1,-1,-1,-1,-1,-1,-1,-1
201501YE80895,1,9,0,18,0,8,0,0,0,0,3,1,6,2,39,7,1591,1,4,-1,1,-1
201501YE80895,2,20,0,9,0,8,0,0,0,0,1,1,6,1,-1,-1,-1,-1,-1,-1,-1,-1
201501YE80896,1,5,0,13,0,0,0,0,0,0,4,1,6,1,48,8,955,1,13,-1,1,-1
201501YE80896,2,19,0,12,0,0,0,0,0,0,3,1,6,1,-1,-1,1998,2,10,-1,1,-1
201501YE80897,1,9,0,4,0,1,0,0,0,0,1,1,6,1,37,7,1390,1,10,-1,1,-1
201501YE80897,2,9,0,9,0,2,0,0,0,0,1,1,6,3,-1,-1,1598,2,2,-1,-1,-1
201501YE80898,1,9,0,18,0,8,0,0,0,0,1,1,6,1,68,10,-1,-1,-1,-1,1,-1
201501YE80899,1,9,0,5,0,0,0,0,0,0,3,2,6,1,27,6,-1,-1,-1,-1,1,-1
201501YE80899,2,3,0,18,0,0,0,0,0,0,4,1,6,1,30,6,-1,-1,-1,-1,1,-1
201501YE80901,1,9,0,10,0,8,0,0,0,0,1,1,6,1,23,5,1198,1,11,-1,1,-1
201501YE80901,2,9,0,1,0,8,0,0,0,0,2,1,6,3,-1,-1,1796,1,12,-1,-1,-1
201501YE80902,1,9,0,9,0,8,0,0,0,0,1,1,6,1,45,7,1956,2,1,-1,1,-1
201501YE80902,2,9,0,18,0,8,0,0,0,0,3,1,6,2,-1,-1,1995,2,10,-1,-1,-1
201501YE80905,1,3,0,18,0,8,0,0,0,0,3,1,6,1,46,8,124,1,13,-1,1,-1
201501YE80905,2,9,0,9,0,8,0,0,0,0,0,1,6,1,80,11,1795,1,17,-1,1,-1
201501YE80907,1,5,0,13,0,0,0,0,0,0,3,1,6,1,26,6,487,1,17,-1,1,-1
201501YE80907,2,9,0,11,0,0,0,0,0,0,4,1,6,1,36,7,1988,1,15,-1,1,-1
201501YE80908,1,9,0,18,0,0,0,0,0,0,1,1,6,2,45,7,1769,7,13,-1,1,-1
201501YE80910,1,9,0,18,0,0,0,0,0,0,1,1,6,1,24,5,1995,2,10,-1,1,-1
201501YE80910,2,11,0,18,0,0,0,0,0,0,1,1,1,1,52,8,6700,2,7,-1,1,-1
201501YE80911,1,9,0,18,0,8,0,0,0,0,1,1,6,1,27,6,2979,1,14,-1,1,-1
201501YE80911,2,9,0,9,0,8,0,0,0,0,3,1,6,1,-1,-1,1388,1,10,-1,-1,-1
201501YE80912,1,1,0,18,0,8,0,0,0,0,4,1,2,1,40,7,-1,-1,-1,-1,1,-1
201501YE80912,2,9,0,18,0,8,0,0,0,0,1,1,6,3,-1,-1,-1,-1,-1,-1,-1,-1
201501YE80914,1,19,0,9,0,2,0,0,0,0,1,1,6,1,33,6,1560,2,-1,-1,1,-1
201501YE80915,1,3,0,18,0,2,0,0,0,0,0,1,1,1,19,4,49,1,7,-1,1,-1
201501YE80916,1,9,0,18,0,0,0,4,0,0,1,1,6,3,-1,-1,-1,-1,-1,-1,-1,-1
201501YE80916,2,9,0,18,0,0,0,10,7,10,4,1,6,2,26,6,998,1,7,-1,1,-1
201501YE80917,1,9,0,13,0,2,0,0,0,0,2,1,6,1,-1,-1,-1,-1,-1,-1,-1,-1
201501YE80917,2,5,0,18,0,2,0,0,0,0,1,1,6,1,54,8,847,1,2,-1,1,-1
201501YE80918,1,9,0,18,0,0,0,0,0,0,1,1,6,1,58,9,2993,2,6,-1,1,-1
201501YE80918,2,9,0,3,0,0,0,0,0,0,2,1,6,1,33,6,2143,2,-1,-1,1,-1
201501YE80918,3,9,0,3,0,0,0,0,0,0,2,1,6,1,69,10,2993,2,5,-1,1,-1
201501YE80919,1,9,0,18,0,8,0,0,0,0,2,1,2,2,48,8,1598,1,8,-1,1,-1
201501YE80919,2,9,0,18,0,8,0,0,0,0,1,1,6,1,-1,-1,2351,1,11,-1,1,-1
201501YE80920,1,9,0,3,0,8,0,0,0,0,2,1,6,2,25,5,1398,1,-1,-1,1,-1
201501YE80920,2,9,0,18,0,8,1,0,0,0,1,1,6,2,19,4,1390,1,9,-1,1,-1
201501YE80922,1,9,0,18,0,0,0,0,7,4,1,1,6,2,41,7,2151,2,14,-1,1,-1
201501YE80923,1,9,0,18,0,8,0,0,0,0,3,1,6,2,-1,-1,1360,1,13,-1,1,-1
201501YE80923,2,9,0,9,0,8,0,0,0,0,4,1,6,1,-1,-1,1560,2,3,-1,3,-1
201501YE80924,1,1,0,18,0,0,0,0,0,0,3,1,6,1,15,3,-1,-1,-1,-1,1,-1
201501YE80924,2,3,0,13,0,0,0,0,0,0,4,1,6,3,-1,-1,-1,-1,-1,-1,-1,-1
201501YE80925,1,9,0,3,0,1,0,0,0,0,2,1,6,2,19,4,-1,-1,-1,-1,2,-1
201501YE80925,2,9,0,18,0,1,0,0,0,0,1,1,6,2,-1,-1,2496,1,10,-1,-1,-1
201501YE80928,1,2,0,18,0,8,0,0,0,0,1,1,6,1,22,5,49,1,9,-1,1,-1
201501YE80928,2,9,0,9,0,8,0,0,0,0,3,1,6,3,-1,-1,-1,-1,-1,-1,-1,-1
201501YE80930,1,9,0,10,0,8,0,0,0,0,2,1,6,2,50,8,1197,1,-1,-1,1,-1
201501YE80930,2,9,0,18,0,8,0,0,0,0,1,1,6,1,-1,-1,2987,2,7,-1,-1,-1
201501YE80931,1,9,0,18,0,0,0,0,0,0,3,1,6,1,38,7,1199,7,12,-1,1,-1
201501YE80931,2,9,0,11,0,0,0,0,0,0,4,1,6,2,-1,-1,1396,1,13,-1,-1,-1
201501YE80932,1,9,0,10,0,8,0,0,0,0,2,1,6,1,32,6,1598,2,-1,-1,1,-1
201501YE80932,2,9,0,9,0,8,0,0,0,0,1,1,6,2,-1,-1,-1,-1,-1,-1,-1,-1
201501YE80934,1,9,0,3,0,1,0,0,0,0,2,1,6,1,23,5,1560,2,4,-1,1,-1
201501YE80934,2,9,0,7,0,1,0,0,0,0,1,1,6,3,-1,-1,-1,-1,-1,-1,-1,-1
201501YE80935,1,9,0,3,0,2,0,0,0,0,2,1,6,2,26,6,1398,1,5,-1,1,-1
201501YE80935,2,9,0,18,0,2,0,0,0,0,1,1,6,1,-1,-1,2996,1,8,-1,-1,-1
201501YE80935,3,9,0,3,0,2,0,0,0,0,2,1,6,1,-1,-1,-1,-1,-1,-1,-1,-1
201501YE80937,1,9,0,18,0,0,0,0,0,0,3,1,6,1,29,6,1560,2,7,-1,1,-1
201501YE80937,2,9,0,18,0,0,0,0,0,0,4,1,6,3,-1,-1,2204,2,7,-1,-1,-1
201501YE80938,1,8,0,5,0,0,0,0,0,0,4,1,1,1,-1,-1,-1,-1,-1,-1,-1,-1
201501YE80939,1,9,0,2,0,2,0,0,0,0,3,1,6,2,37,7,2199,2,1,-1,1,-1
201501YE80939,2,1,0,18,0,2,0,8,0,0,4,1,6,1,-1,-1,-1,-1,-1,-1,1,-1
201501YE80941,1,9,0,4,0,1,0,0,0,0,2,1,6,1,51,8,999,1,15,-1,1,-1
201501YE80941,2,9,0,18,0,1,0,0,0,0,1,1,6,1,22,5,1560,2,7,-1,-1,-1
201501YE80942,1,9,0,4,0,1,0,0,0,0,2,1,6,1,45,7,2143,2,2,-1,1,-1
201501YE80942,2,9,0,18,0,1,0,0,0,0,1,1,6,3,-1,-1,1192,1,-1,-1,-1,-1
201501YE80943,1,3,0,18,0,1,0,0,0,0,1,1,6,1,21,5,125,1,1,-1,1,-1
201501YE80943,2,9,0,4,0,1,0,0,0,0,2,1,6,2,46,8,-1,-1,-1,-1,1,-1
201501YE80944,1,9,0,18,0,0,0,0,0,0,4,1,6,2,60,9,1390,1,7,-1,1,-1
201501YE80944,2,9,0,12,0,0,0,0,0,0,3,1,6,3,-1,-1,2987,2,6,-1,-1,-1
201501YE80945,1,9,0,18,0,8,0,0,0,0,1,1,6,1,41,7,2987,2,9,-1,1,-1
201501YE80945,2,9,0,18,0,8,0,0,0,0,4,1,6,1,-1,-1,1390,1,16,-1,1,-1
201501YE80946,1,9,0,18,0,1,0,0,0,0,3,1,6,1,25,5,-1,-1,-1,-1,1,-1
201501YE80946,2,9,0,11,0,1,0,0,0,0,4,1,6,3,-1,-1,1995,2,6,-1,-1,-1
201501YE80949,1,9,0,18,0,0,0,4,7,10,4,1,6,1,43,7,1587,1,14,-1,1,-1
201501YE80950,1,9,0,18,0,1,0,0,0,0,1,1,6,1,42,7,1388,1,13,-1,1,-1
201501YE80950,2,2,0,18,0,2,0,0,0,0,1,1,1,1,49,8,124,1,5,-1,1,-1
201501YE80951,1,9,0,10,0,1,0,0,0,0,2,1,6,1,52,8,1396,1,12,-1,1,-1
201501YE80951,2,9,0,18,0,1,0,0,0,0,1,1,6,3,-1,-1,-1,-1,-1,-1,-1,-1
201501YE80952,1,9,0,18,0,8,0,0,0,0,1,1,6,1,63,9,1598,2,1,-1,1,-1
201501YE80952,2,9,0,9,0,8,0,0,0,0,1,1,6,1,23,5,698,1,9,-1,1,-1
201501YE80953,1,9,0,4,0,1,0,0,0,0,2,1,6,1,32,6,1997,2,4,-1,1,-1
201501YE80953,2,9,0,18,0,1,0,0,0,0,1,1,6,2,-1,-1,1246,1,8,-1,-1,-1
201501YE80955,1,11,0,9,0,1,0,0,0,0,1,1,6,1,48,8,4249,2,7,-1,1,-1
201501YE80955,2,5,0,18,0,1,0,0,0,0,4,1,6,1,58,9,899,1,16,-1,1,-1
201501YE80956,1,9,0,7,0,1,0,0,0,0,4,1,6,2,28,6,1560,2,7,-1,1,-1
201501YE80956,2,9,0,18,0,1,0,0,0,0,1,1,6,1,30,6,1686,2,5,-1,1,-1
201501YE80957,1,9,0,5,0,1,0,0,0,0,2,1,6,2,44,7,2993,2,11,-1,-1,-1
201501YE80957,2,9,0,5,0,1,0,0,0,0,2,1,6,1,38,7,1388,1,10,-1,1,-1
201501YE80957,3,9,0,18,0,1,0,0,0,0,1,1,6,1,38,7,1997,2,-1,-1,-1,-1
201501YE80958,1,19,0,4,0,2,0,0,0,0,2,1,3,1,30,6,2198,2,1,-1,1,-1
201501YE80958,2,19,0,18,0,2,0,0,0,0,1,1,6,1,38,7,-1,2,12,-1,1,-1
201501YE80959,1,3,0,9,0,8,0,0,0,0,1,1,6,1,21,5,-1,-1,-1,-1,1,-1
201501YE80959,2,9,0,18,0,8,0,0,0,0,4,1,6,2,83,11,1360,1,11,-1,1,-1
201501YE80963,1,9,0,1,0,8,0,0,0,0,3,1,6,2,24,5,999,1,6,-1,1,-1
201501YE80963,2,9,0,18,0,8,0,0,0,0,1,1,6,1,-1,-1,-1,-1,-1,-1,1,-1
201501YE80964,1,9,0,9,0,2,0,0,0,0,4,1,6,3,-1,-1,1968,2,5,-1,-1,-1
201501YE80965,1,11,0,18,0,0,0,0,0,0,0,1,1,1,48,8,6700,2,3,-1,1,-1
201501YE80966,1,9,0,9,0,2,0,0,0,0,1,1,6,1,28,6,1796,1,11,-1,1,-1
201501YE80967,1,9,0,18,0,8,0,0,0,0,1,1,6,1,79,11,1968,2,4,-1,1,-1
201501YE80967,2,5,0,18,0,8,0,0,0,0,4,1,6,1,33,6,649,1,-1,-1,1,-1
201501YE89003,1,9,0,18,0,1,0,0,0,0,1,1,6,1,21,5,1598,1,9,-1,1,-1
201501YE89004,1,9,0,18,0,0,0,0,0,0,1,1,6,1,66,10,1951,2,15,-1,1,-1
201501YE89004,2,1,0,18,0,0,0,0,0,0,4,1,6,1,13,3,-1,-1,-1,-1,1,-1
201501YE89006,1,8,0,3,0,1,0,0,0,0,2,1,1,1,46,8,2148,2,5,-1,1,-1
201501YE89006,2,9,0,18,0,1,0,0,0,0,1,1,6,1,-1,-1,1896,2,14,-1,1,-1
201501YE89009,1,9,0,18,0,0,5,4,0,0,4,1,6,2,55,8,1368,1,6,-1,1,-1
201501YE89017,1,9,0,3,0,1,0,0,0,0,2,1,6,1,60,9,1590,1,13,-1,1,-1
201501YE89017,2,9,0,18,0,1,0,0,0,0,1,1,6,3,-1,-1,2497,2,10,-1,-1,-1
201501YE89018,1,9,0,18,0,0,0,0,0,0,1,1,6,1,75,10,1595,1,15,-1,1,-1
201501YE89025,1,11,0,18,0,8,0,0,0,0,0,1,1,1,33,6,6700,2,7,-1,1,-1
201501YE89028,1,9,0,18,0,0,0,0,1,7,1,1,6,1,33,6,1596,1,10,-1,1,-1
201501YE89030,1,9,0,18,0,0,0,0,0,0,1,1,6,1,-1,-1,-1,-1,-1,-1,-1,-1
201501YE89031,1,9,0,5,0,2,0,0,0,0,3,1,6,1,64,9,1560,2,10,-1,1,-1
201501YE89031,2,9,0,18,0,2,0,0,0,0,4,1,6,1,83,11,1242,1,5,-1,1,-1
201501YE89033,1,1,0,18,0,8,0,0,0,0,4,1,6,1,57,9,-1,-1,-1,-1,1,-1
201501YE89033,2,9,0,5,0,8,0,0,0,0,1,1,6,2,-1,-1,-1,-1,-1,-1,-1,-1
201501YE89037,1,1,0,18,0,0,0,0,0,0,3,1,2,1,37,7,-1,-1,-1,-1,1,-1
201501YE89037,2,9,0,13,0,0,0,0,0,0,4,1,6,1,-1,-1,-1,-1,-1,-1,-1,-1
201501YE89043,1,1,0,15,0,8,0,0,0,0,1,1,6,1,28,6,-1,-1,-1,-1,1,-1
201501YE89043,2,9,0,7,0,8,0,0,0,0,4,1,6,1,-1,-1,3222,2,12,-1,-1,-1
201501YE89057,1,9,0,18,0,0,0,4,0,0,1,1,6,1,27,6,-1,-1,-1,-1,1,-1
201501YE89057,2,19,4,18,0,0,0,0,0,0,3,1,6,1,60,9,2198,2,1,-1,1,-1