Accident_Index,Vehicle_Reference,Vehicle_Type,Towing_and_Articulation,Vehicle_Manoeuvre,Vehicle_Location-Restricted_Lane,Junction_Location,Skidding_and_Overturning,Hit_Object_in_Carriageway,Vehicle_Leaving_Carriageway,Hit_Object_off_Carriageway,1st_Point_of_Impact,Was_Vehicle_Left_Hand_Drive?,Journey_Purpose_of_Driver,Sex_of_Driver,Age_of_Driver,Age_Band_of_Driver,Engine_Capacity_(CC),Propulsion_Code,Age_of_Vehicle,Driver_IMD_Decile,Driver_Home_Area_Type,Vehicle_IMD_Decile
201501YR90183,1,1,0,18,0,8,0,0,0,0,3,1,6,1,27,6,-1,-1,-1,-1,1,-1
201501YR90183,2,9,0,13,0,8,0,0,0,0,4,1,6,3,-1,-1,1896,2,9,-1,-1,-1
201501YR90184,1,9,0,4,0,0,0,0,0,0,2,1,6,2,36,7,1796,1,7,-1,1,-1
201501YR90184,2,9,0,18,0,0,0,0,0,0,1,1,6,1,-1,-1,2143,2,-1,-1,-1,-1
201501YR90185,1,9,0,3,0,1,0,0,0,0,2,1,6,2,34,6,-1,-1,-1,-1,1,-1
201501YR90185,2,9,0,18,0,1,0,0,0,0,1,1,6,1,44,7,1997,1,14,-1,1,-1
201501YR90186,1,9,0,18,0,1,0,7,0,0,3,1,6,1,74,10,2979,1,10,-1,1,-1
201501YR90187,1,9,0,18,0,8,0,0,0,0,1,1,6,3,-1,-1,-1,-1,-1,-1,-1,-1
201501YR90187,2,1,0,18,0,8,0,0,0,0,4,1,6,1,27,6,-1,-1,-1,-1,1,-1
201501YR90188,1,9,0,18,0,8,0,0,0,0,1,1,6,2,36,7,-1,-1,-1,-1,1,-1
201501YR90188,2,3,0,18,0,8,0,0,0,0,3,1,6,1,45,7,-1,-1,-1,-1,1,-1
201501YR90189,1,11,0,2,0,1,0,0,0,0,0,1,1,1,41,7,4760,2,2,-1,1,-1
201501YR90190,1,9,0,18,0,1,0,0,0,0,1,1,6,3,-1,-1,-1,-1,-1,-1,-1,-1
201501YR90191,1,5,0,13,0,8,0,0,0,0,1,1,6,1,33,6,125,1,5,-1,1,-1
201501YR90191,2,19,0,9,0,8,0,0,0,0,3,1,1,1,29,6,2198,2,2,-1,-1,-1
201501YR90192,1,11,0,5,0,0,0,0,0,0,4,1,1,1,-1,-1,-1,-1,-1,-1,-1,-1
201501YR90193,1,19,0,7,0,8,0,0,0,0,4,1,6,1,29,6,-1,-1,-1,-1,1,-1
201501YR90193,2,3,0,18,0,8,0,0,0,0,3,1,6,1,29,6,124,1,7,-1,1,-1
201501YR90194,1,9,0,9,0,8,0,0,0,0,1,1,1,1,-1,-1,-1,-1,-1,-1,-1,-1
201501YR90194,2,3,0,15,0,8,0,0,0,0,3,1,6,1,20,4,124,1,3,-1,1,-1
201501YR90195,1,2,0,18,0,0,1,0,0,0,0,1,2,1,40,7,49,1,2,-1,1,-1
201501YR90195,2,9,0,6,0,0,0,0,0,0,0,1,1,1,44,7,1497,8,7,-1,1,-1
201501YR90196,1,9,0,18,0,1,0,0,0,0,1,1,6,1,21,5,1896,2,14,-1,1,-1
201501YR90197,1,9,0,9,0,8,0,0,0,0,4,1,6,1,20,4,999,1,1,-1,1,-1
201501YR90197,2,1,0,18,0,8,0,0,0,0,1,1,1,1,60,9,-1,-1,-1,-1,1,-1
201501YR90198,1,3,0,18,0,1,0,0,0,0,1,1,6,1,18,4,125,1,11,-1,1,-1
201501YR90198,2,9,0,5,0,1,0,0,0,0,4,1,6,1,39,7,1910,2,8,-1,1,-1
201501YR90199,1,9,0,18,0,0,0,0,0,0,3,1,6,1,53,8,1999,1,10,-1,1,-1
201501YR90199,2,9,0,18,0,0,0,0,0,0,3,1,6,1,31,6,-1,-1,-1,-1,1,-1
201501YR90201,1,9,0,7,0,8,0,10,3,2,2,1,6,2,44,7,1390,1,13,-1,1,-1
201501YR90201,2,9,0,7,0,8,0,0,0,0,1,1,6,2,-1,-1,-1,-1,-1,-1,-1,-1
201501YR90202,1,1,0,18,0,1,0,0,0,0,2,1,6,1,-1,-1,-1,-1,-1,-1,-1,-1
201501YR90202,2,9,0,13,0,1,0,0,0,0,1,1,6,3,-1,-1,1124,1,11,-1,-1,-1
201501YR90203,1,19,0,7,0,8,0,0,0,0,3,1,1,1,45,7,2198,2,8,-1,1,-1
201501YR90203,2,3,0,18,0,8,0,0,0,0,1,1,6,1,22,5,125,1,4,-1,1,-1
201501YR90204,1,9,0,10,0,8,0,0,0,0,2,1,6,2,35,6,1598,1,10,-1,1,-1
201501YR90204,2,11,0,9,0,8,0,0,0,0,1,1,6,1,44,7,6692,2,4,-1,1,-1
201501YR90205,1,9,0,3,0,2,0,0,0,0,2,1,6,1,23,5,2143,2,3,-1,1,-1
201501YR90205,2,9,0,18,0,2,0,0,0,0,1,1,6,1,22,5,1956,2,6,-1,1,-1
201501YR90206,1,9,0,18,0,1,0,0,0,0,4,1,6,2,53,8,1796,1,15,-1,1,-1
201501YR90206,2,9,0,5,0,1,0,0,0,0,1,1,6,1,-1,-1,-1,-1,-1,-1,-1,-1
201501YR90208,1,9,0,9,0,8,0,0,0,0,4,1,6,1,44,7,1598,1,13,-1,1,-1
201501YR90208,2,3,0,16,0,8,0,0,0,0,3,1,6,1,35,6,125,1,5,-1,1,-1
201501YR90209,1,9,0,9,0,8,0,0,0,0,1,1,6,1,20,4,1600,1,11,-1,1,-1
201501YR90209,2,2,0,18,0,8,0,0,0,0,3,1,6,2,36,7,49,1,2,-1,1,-1
201501YR90210,1,2,0,18,0,2,0,0,0,0,0,1,1,1,31,6,124,1,6,-1,1,-1
201501YR90210,2,19,0,6,0,2,0,0,0,0,0,1,1,1,65,9,1995,2,7,-1,1,-1
201501YR90211,1,9,0,9,0,8,0,7,0,0,4,1,6,1,50,8,-1,-1,-1,-1,1,-1
201501YR90211,2,9,0,18,0,8,0,0,0,0,1,1,6,1,62,9,3199,1,15,-1,1,-1
201501YR90213,1,11,0,18,0,2,0,0,0,0,0,1,1,1,51,8,6692,2,4,-1,1,-1
201501YR90215,1,11,0,4,0,1,0,10,1,5,1,1,1,1,58,9,6692,2,5,-1,1,-1
201501YR90216,1,3,0,13,0,2,0,0,0,0,4,1,2,2,46,8,-1,-1,-1,-1,1,-1
201501YR90216,2,19,0,6,0,2,0,0,0,0,3,1,2,1,49,8,2402,2,5,-1,1,-1
201501YR90217,1,3,0,18,0,8,0,0,0,0,1,1,6,1,51,8,125,1,4,-1,1,-1
201501YR90218,1,9,0,7,0,1,0,0,0,0,1,1,6,3,-1,-1,-1,-1,-1,-1,-1,-1
201501YR90219,1,9,0,14,0,1,0,0,0,0,1,1,1,1,65,9,1598,1,8,-1,1,-1
201501YR90220,1,9,0,10,0,8,0,0,0,0,2,1,6,1,42,7,1794,1,9,-1,1,-1
201501YR90220,2,9,0,5,0,8,0,0,0,0,1,1,6,1,34,6,-1,-1,-1,-1,-1,-1
201501YR90222,1,9,0,9,0,8,0,0,0,0,1,1,6,2,40,7,-1,-1,-1,-1,1,-1
201501YR90222,2,3,0,14,0,8,0,0,0,0,4,1,6,1,30,6,125,1,1,-1,1,-1
201501YR90223,1,9,0,3,0,2,0,0,0,0,2,1,6,1,55,8,2987,2,8,-1,1,-1
201501YR90223,2,9,0,5,0,2,0,0,0,0,1,1,6,1,45,7,1998,2,9,-1,1,-1
201501YR90224,1,9,0,16,0,2,0,4,0,0,4,1,6,2,29,6,-1,-1,-1,-1,1,-1
201501YR90225,1,11,0,16,0,8,0,0,0,0,0,1,1,1,42,7,7300,2,10,-1,1,-1
201501YR90226,1,9,0,6,0,0,0,0,0,0,4,1,6,1,32,6,2993,2,4,-1,1,-1
201501YR90226,2,3,0,14,0,0,0,0,0,0,1,1,1,1,32,6,109,1,3,-1,1,-1
201501YR90228,1,9,0,18,0,8,5,0,0,0,4,1,6,1,21,5,999,1,3,-1,1,-1
201501YR90228,2,9,0,9,0,6,0,0,7,10,1,2,6,1,48,8,-1,-1,-1,-1,1,-1
201501YR90229,1,11,0,18,0,8,0,0,0,0,0,1,1,1,37,7,-1,-1,-1,-1,1,-1
201501YR90231,1,9,0,3,0,1,0,0,0,0,2,1,6,1,26,6,1390,1,11,-1,1,-1
201501YR90231,2,9,0,18,0,1,0,0,0,0,1,1,6,3,-1,-1,1798,8,3,-1,-1,-1
201501YR90232,1,9,0,7,0,2,0,0,0,0,1,1,6,1,25,5,-1,-1,-1,-1,1,-1
201501YR90233,1,5,0,18,0,0,1,0,0,0,1,1,6,1,24,5,599,1,7,-1,1,-1
201501YR90233,2,9,0,18,0,0,0,0,0,0,3,1,6,1,29,6,1896,2,11,-1,1,-1
201501YR90234,1,9,0,2,0,1,0,0,0,0,4,1,6,1,47,8,-1,-1,-1,-1,1,-1
201501YR90234,2,9,0,18,0,2,0,4,0,0,1,1,6,3,-1,-1,-1,-1,-1,-1,-1,-1
201501YR90235,1,19,0,1,0,6,0,0,0,0,2,1,6,1,32,6,2198,2,7,-1,1,-1
201501YR90235,2,3,0,18,0,8,0,4,0,0,4,1,6,1,26,6,124,1,3,-1,1,-1
201501YR90235,3,9,0,2,0,8,0,0,0,0,4,1,6,3,-1,-1,1997,2,14,-1,-1,-1
201501YR90237,1,11,0,18,0,8,0,0,0,0,3,1,1,1,37,7,6700,2,3,-1,1,-1
201501YR90237,2,9,0,7,0,8,0,0,0,0,4,1,6,2,50,8,1560,2,1,-1,1,-1
201501YR90238,1,3,0,18,0,1,0,0,0,0,1,1,1,1,28,6,125,1,7,-1,1,-1
201501YR90238,2,11,0,18,0,2,0,0,0,0,1,1,1,1,52,8,-1,-1,-1,-1,1,-1
201501YR90239,1,11,0,5,0,0,0,0,0,0,1,1,1,1,-1,-1,-1,-1,-1,-1,-1,-1
201501YR90241,1,3,0,18,0,1,0,0,0,0,3,1,6,1,36,7,124,1,11,-1,1,-1
201501YR90241,2,19,0,9,0,1,0,0,0,0,1,1,6,1,50,8,2151,2,12,-1,-1,-1
201501YR90242,1,19,0,3,0,0,0,0,0,0,2,1,6,1,31,6,2198,2,2,-1,1,-1
201501YR90242,2,11,0,4,0,0,0,0,0,0,1,1,1,1,40,7,6692,2,4,-1,-1,-1
201501YR90243,1,5,0,9,2,8,0,0,0,0,1,1,6,1,51,8,-1,-1,-1,-1,1,-1
201501YR90243,2,5,0,18,0,8,0,0,0,0,1,1,6,1,34,6,1198,1,2,-1,1,-1
201501YR90246,1,9,0,3,0,1,0,0,0,0,3,1,6,1,32,6,2231,2,6,-1,1,-1
201501YR90246,2,9,0,7,0,2,5,0,0,0,3,1,6,1,-1,-1,1596,1,10,-1,-1,-1
201501YR90247,1,11,0,4,0,3,0,0,0,0,0,1,1,1,30,6,9360,2,5,-1,1,-1
201501YR90249,1,11,0,4,0,8,0,0,0,0,0,1,1,1,55,8,-1,-1,-1,-1,1,-1
201501YR90250,1,9,0,18,0,8,0,0,0,0,2,1,6,2,38,7,-1,-1,-1,-1,1,-1
201501YR90250,2,9,0,9,0,8,0,0,0,0,1,1,6,1,-1,-1,-1,-1,-1,-1,-1,-1
201501YR90251,1,3,0,11,0,1,0,0,0,0,2,1,6,1,51,8,125,1,7,-1,1,-1
201501YR90251,2,19,0,18,0,1,0,0,0,0,1,1,1,1,-1,-1,-1,-1,-1,-1,-1,-1
201501YR90252,1,3,0,18,0,0,0,0,0,0,4,1,1,1,26,6,124,1,4,-1,1,-1
201501YR90252,2,3,0,5,0,0,0,0,0,0,1,1,1,1,27,6,108,1,3,-1,1,-1
201501YR90253,1,3,0,18,0,0,0,10,0,0,1,1,6,1,34,6,124,1,2,-1,-1,-1
201501YR90255,1,9,0,13,0,2,0,0,0,0,1,1,2,1,42,7,3724,1,10,-1,1,-1
201501YR90255,2,9,0,18,0,1,0,0,0,0,1,1,6,1,45,7,-1,-1,-1,-1,1,-1
201501YR90256,1,9,0,9,0,5,0,0,0,0,1,1,6,2,51,8,1390,1,15,-1,1,-1
201501YR90256,2,9,0,18,0,8,0,0,1,0,3,1,2,2,24,5,1596,1,10,-1,1,-1
201501YR90257,1,9,0,18,0,2,0,0,0,0,2,1,6,2,57,9,1329,1,1,-1,1,-1
201501YR90257,2,9,0,18,0,2,0,0,0,0,1,1,6,1,33,6,1588,1,15,-1,-1,-1
201501YR90258,1,9,0,18,0,8,0,0,0,0,4,1,6,2,44,7,1598,1,10,-1,1,-1
201501YR90258,2,9,0,18,0,8,0,0,0,0,1,1,6,1,47,8,-1,-1,-1,-1,1,-1
201501YR90259,1,9,0,3,0,1,0,0,0,0,2,1,6,1,35,6,1796,1,11,-1,1,-1
201501YR90259,2,9,0,18,0,1,0,0,0,0,1,1,6,1,-1,-1,1910,2,7,-1,-1,-1
201501YR90260,1,9,0,3,0,0,0,0,0,0,2,1,6,1,67,10,1799,1,20,-1,1,-1
201501YR90260,2,9,0,4,0,0,0,0,0,0,1,1,6,1,33,6,1753,2,8,-1,1,-1
201501YR90261,1,9,0,3,0,8,0,0,0,0,4,1,6,1,46,8,2987,2,8,-1,1,-1
201501YR90261,2,1,0,4,0,8,0,0,0,0,1,1,6,1,40,7,-1,-1,-1,-1,1,-1
201501YR90262,1,9,0,9,0,8,0,0,0,0,3,1,6,1,34,6,2720,2,10,-1,1,-1
201501YR90262,2,9,0,14,0,8,0,10,0,0,4,1,1,1,-1,-1,-1,-1,-1,-1,-1,-1
201501YR90263,1,9,0,4,0,8,0,0,0,0,1,1,6,1,23,5,1598,1,14,-1,1,-1
201501YR90263,2,9,0,9,0,5,0,0,0,0,4,1,6,1,31,6,-1,-1,-1,-1,1,-1
201501YR90263,3,2,0,10,0,8,0,0,0,0,3,1,6,2,34,6,-1,-1,-1,-1,1,-1
201501YR90265,1,1,0,15,0,2,0,4,0,0,3,1,6,1,52,8,-1,-1,-1,-1,1,-1
201501YR90265,2,11,0,18,0,2,0,0,0,0,4,1,1,1,-1,-1,-1,-1,-1,-1,-1,-1
201501YR90265,3,9,0,2,0,2,0,0,0,0,3,1,6,3,-1,-1,-1,-1,-1,-1,-1,-1
201501YR90266,1,9,0,18,0,8,0,0,0,0,3,2,6,1,56,9,-1,-1,-1,-1,-1,-1
201501YR90266,2,9,0,9,0,8,0,0,0,0,1,1,6,1,53,8,1896,2,10,-1,1,-1
201501YR90267,1,9,0,18,0,2,0,0,0,0,1,1,6,3,-1,-1,1984,1,15,-1,-1,-1
201501YR90269,1,9,0,18,0,8,0,0,0,0,3,1,6,1,24,5,1995,2,7,-1,1,-1
201501YR90269,2,1,0,9,0,8,0,0,0,0,1,1,6,1,38,7,-1,-1,-1,-1,1,-1
201501YR90270,1,2,0,18,0,8,0,0,0,0,1,1,6,1,17,4,125,1,1,-1,1,-1
201501YR90270,2,9,0,7,0,8,0,0,0,0,4,1,6,1,-1,-1,-1,-1,-1,-1,-1,-1
201501YR90271,1,9,0,18,0,8,0,0,0,0,1,1,6,2,31,6,998,1,4,-1,1,-1
201501YR90271,2,9,0,9,5,5,0,0,0,0,4,1,2,2,41,7,-1,-1,-1,-1,1,-1
201501YR90272,1,9,0,9,0,8,0,0,0,0,4,1,6,1,71,10,2151,2,15,-1,1,-1
201501YR90272,2,1,0,18,0,8,0,0,0,0,1,1,6,1,37,7,-1,-1,-1,-1,1,-1
201501YR90273,1,9,0,7,0,6,0,0,0,0,1,1,6,1,-1,-1,1229,1,7,-1,-1,-1
201501YR90274,1,9,0,3,0,1,0,0,0,0,2,1,6,1,50,8,1850,1,16,-1,1,-1
201501YR90274,2,9,0,3,0,1,0,0,0,0,2,1,6,2,25,5,1587,1,9,-1,1,-1
201501YR90274,3,11,0,5,0,1,0,0,0,0,1,1,1,1,-1,-1,9360,2,5,-1,1,-1
201501YR90275,1,9,0,18,0,1,0,0,0,0,3,1,1,1,44,7,1910,2,5,-1,1,-1
201501YR90275,2,9,0,18,0,2,0,0,0,0,3,1,6,3,-1,-1,-1,-1,-1,-1,-1,-1
201501YR90276,1,9,0,4,0,0,0,0,0,0,2,1,6,1,37,7,1390,1,11,-1,-1,-1
201501YR90276,2,9,0,18,0,0,0,0,0,0,1,1,6,1,47,8,1998,2,13,-1,-1,-1
201501YR90277,1,9,0,18,0,1,0,0,0,0,4,1,6,1,57,9,1900,2,17,-1,1,-1
201501YR90277,2,9,0,5,0,1,0,0,0,0,3,1,6,2,-1,-1,-1,-1,-1,-1,-1,-1
201501YR90278,1,9,0,9,0,1,0,0,0,0,1,1,2,1,31,6,-1,-1,-1,-1,1,-1
201501YR90278,2,9,0,15,2,1,0,0,0,0,1,1,2,1,24,5,-1,-1,-1,-1,1,-1
201501YR90279,1,11,0,4,0,2,0,0,0,0,0,1,1,1,28,6,4760,2,5,-1,1,-1
201501YR90280,1,9,0,9,0,8,0,0,0,0,1,1,6,1,66,10,1398,2,8,-1,1,-1
201501YR90280,2,9,0,18,0,8,0,0,0,0,1,1,6,2,29,6,1199,1,11,-1,1,-1
201501YR90281,1,11,0,5,0,0,0,0,0,0,1,1,1,1,58,9,6692,2,4,-1,1,-1
201501YR90282,1,9,0,9,0,8,0,0,0,0,3,1,6,1,38,7,-1,-1,-1,-1,1,-1
201501YR90282,2,3,0,14,0,8,0,0,0,0,1,1,6,1,24,5,124,1,7,-1,1,-1
201501YR90283,1,1,0,18,0,1,0,0,0,0,2,1,6,1,14,3,-1,-1,-1,-1,1,-1
201501YR90283,2,9,0,18,0,1,0,0,0,0,1,1,6,3,-1,-1,-1,-1,-1,-1,-1,-1
201501YR90284,1,19,0,5,0,1,0,0,0,0,1,1,2,1,31,6,-1,-1,-1,-1,1,-1
201501YR90284,2,19,0,5,0,1,0,0,0,0,2,1,2,1,-1,-1,2460,2,6,-1,1,-1
201501YR90286,1,5,0,14,0,8,0,0,0,0,1,1,2,1,33,6,953,1,6,-1,1,-1
201501YR90286,2,9,0,9,0,5,0,0,0,0,3,1,6,1,51,8,1794,1,11,-1,1,-1
201501YR90287,1,3,0,13,0,2,0,0,0,0,4,1,6,1,27,6,124,1,12,-1,1,-1
201501YR90287,2,9,0,15,0,2,0,0,0,0,3,1,6,2,32,6,1198,1,-1,-1,1,-1
201501YR90288,1,9,0,4,0,1,0,0,0,0,1,1,6,2,19,4,-1,-1,-1,-1,1,-1
201501YR90289,1,1,0,18,0,1,0,0,0,0,1,1,6,1,43,7,-1,-1,-1,-1,1,-1
201501YR90291,1,9,0,13,0,1,0,0,0,0,1,1,6,3,-1,-1,1299,1,11,-1,-1,-1
201501YR90292,1,9,0,18,0,8,0,0,0,0,1,1,6,2,38,7,1149,1,12,-1,1,-1
201501YR90292,2,9,0,9,0,5,0,0,0,0,4,1,6,1,25,5,-1,-1,-1,-1,1,-1
201501YR90293,1,19,0,18,0,2,0,0,0,0,4,1,2,1,32,6,2198,2,5,-1,1,-1
201501YR90294,1,9,0,9,0,8,0,0,0,0,3,1,6,2,61,9,1397,1,3,-1,1,-1
201501YR90294,2,19,0,5,0,8,0,0,0,0,1,1,6,1,-1,-1,1998,2,11,-1,-1,-1
201501YR90295,1,9,0,18,0,0,0,0,0,0,1,1,6,1,36,7,1797,8,4,-1,-1,-1
201501YR90296,1,9,0,9,0,8,0,0,0,0,1,1,6,2,38,7,2183,2,4,-1,1,-1
201501YR90296,2,1,0,14,0,8,0,0,0,0,4,1,6,2,31,6,-1,-1,-1,-1,1,-1
201501YR90297,1,9,0,6,0,0,0,0,0,0,1,1,6,1,44,7,1596,1,23,-1,1,-1
201501YR90297,2,5,0,18,0,0,0,0,0,0,1,1,6,1,39,7,1450,1,12,-1,1,-1
201501YR90298,1,9,0,18,0,0,0,0,0,0,1,1,6,2,56,9,1595,1,1,-1,1,-1
201501YR90299,1,9,0,6,0,8,0,0,0,0,4,1,6,1,59,9,1242,1,4,-1,1,-1
201501YR90299,2,9,0,18,0,8,0,0,0,0,1,1,6,1,31,6,-1,-1,-1,-1,1,-1
201501YR90300,1,9,0,18,2,0,1,10,7,10,1,1,6,1,30,6,1364,1,8,-1,1,-1
201501YR90301,1,9,0,5,0,2,0,0,0,0,1,1,6,1,-1,-1,-1,-1,-1,-1,-1,-1
201501YR90303,1,9,0,18,0,0,0,0,0,0,1,1,6,1,-1,-1,-1,-1,-1,-1,1,-1
201501YR90303,2,9,0,18,0,0,0,0,0,0,1,1,6,1,-1,-1,-1,-1,-1,-1,-1,-1
201501YR90304,1,9,0,3,0,1,0,0,0,0,1,1,3,2,42,7,1598,1,1,-1,1,-1
201501YR90304,2,9,0,17,0,2,0,0,0,0,1,1,6,1,18,4,1896,2,14,-1,-1,-1
201501YR90305,1,9,0,6,0,8,0,0,0,0,3,1,6,1,48,8,1997,2,4,-1,1,-1
201501YR90305,2,5,0,18,0,8,0,0,0,0,4,1,6,1,22,5,600,1,-1,-1,1,-1
201501YR90306,1,9,0,18,0,0,0,0,0,0,4,1,6,2,35,6,1997,1,11,-1,1,-1
201501YR90306,2,9,0,12,0,0,0,0,0,0,3,1,6,2,-1,-1,-1,-1,-1,-1,-1,-1
201501YR90307,1,8,0,5,0,0,0,0,0,0,3,1,1,1,57,9,1997,2,1,-1,1,-1
201501YR90307,2,3,0,18,0,0,0,4,0,0,1,1,6,1,-1,-1,125,1,7,-1,-1,-1
201501YR90307,3,9,0,2,0,0,0,0,0,0,2,1,6,3,-1,-1,1797,8,3,-1,-1,-1
201501YR90308,1,11,0,5,0,8,0,0,0,0,0,1,1,1,30,6,6700,2,3,-1,1,-1
201501YR90309,1,9,0,9,0,8,0,0,0,0,4,1,6,1,20,4,1275,1,21,-1,-1,-1
201501YR90309,2,9,0,5,0,8,0,0,0,0,3,1,6,2,29,6,599,1,12,-1,1,-1
201501YR90310,1,9,0,18,0,8,0,0,0,0,1,1,6,2,60,9,-1,-1,-1,-1,-1,-1
201501YR90311,1,3,0,18,0,8,0,0,0,0,3,1,6,1,39,7,124,1,14,-1,1,-1
201501YR90311,2,9,0,7,0,8,0,0,0,0,4,1,6,2,57,9,1240,1,5,-1,1,-1
201501YR90312,1,1,0,18,0,8,0,0,0,0,4,1,6,1,40,7,-1,-1,-1,-1,1,-1
201501YR90312,2,19,0,9,0,8,0,0,0,0,1,1,6,3,-1,-1,-1,-1,-1,-1,-1,-1
201501YR90314,1,9,0,5,9,0,0,0,0,0,1,1,6,1,-1,-1,1896,2,7,-1,-1,-1
201501YR90315,1,9,0,3,0,0,0,0,0,0,3,1,6,1,42,7,1296,1,8,-1,1,-1
201501YR90315,2,9,0,3,0,0,0,0,0,0,3,1,6,2,39,7,1598,1,10,-1,1,-1
201501YR90316,1,9,0,7,0,6,0,0,0,0,3,1,6,2,45,7,1390,1,11,-1,1,-1
201501YR90316,2,9,0,13,0,8,0,0,0,0,4,1,6,1,-1,-1,1229,1,1,-1,-1,-1
201501YR90317,1,9,0,18,0,8,0,0,1,10,1,1,1,1,44,7,1798,8,1,-1,1,-1
201501YR90317,2,9,0,18,0,8,0,0,0,0,4,1,1,1,54,8,1560,2,2,-1,1,-1
201501YR90318,1,9,0,5,0,2,0,0,0,0,3,1,6,1,-1,-1,1388,1,4,-1,-1,-1
201501YR90319,1,9,0,18,0,1,0,0,0,0,4,1,1,1,49,8,-1,-1,-1,-1,2,-1
201501YR90320,1,11,0,4,0,1,0,0,0,0,0,1,1,1,52,8,7300,2,13,-1,-1,-1
201501YR90321,1,9,0,6,0,0,0,0,0,0,1,1,6,1,-1,-1,1587,1,14,-1,-1,-1
201501YR90321,2,1,0,18,0,0,0,0,0,0,1,1,2,1,34,6,-1,-1,-1,-1,-1,-1
201501YR90322,1,3,0,18,0,0,0,0,0,0,0,1,1,1,27,6,125,1,5,-1,1,-1
201501YR90323,1,4,0,18,0,0,0,0,0,0,4,1,6,2,31,6,249,1,3,-1,1,-1
201501YR90323,2,8,0,2,4,0,0,0,0,0,3,1,6,1,-1,-1,1968,2,7,-1,-1,-1
201501YR90326,1,9,0,3,0,1,0,0,0,0,2,1,6,1,52,8,1586,1,5,-1,1,-1
201501YR90326,2,9,0,18,0,1,0,0,0,0,1,1,6,1,-1,-1,2497,2,10,-1,-1,-1
201501YR90326,3,9,0,3,0,1,0,0,0,0,2,1,6,2,-1,-1,-1,-1,-1,-1,1,-1
201501YR90327,1,9,0,18,0,0,0,0,0,0,4,1,6,2,24,5,1395,1,1,-1,1,-1
201501YR90327,2,9,0,5,0,0,0,0,0,0,3,1,6,2,22,5,1995,2,2,-1,1,-1
201501YR90328,1,9,0,18,0,1,0,0,0,0,1,1,6,1,50,8,2790,1,9,-1,1,-1
201501YR90329,1,1,0,18,0,8,0,0,0,0,4,1,6,1,32,6,-1,-1,-1,-1,1,-1
201501YR90329,2,8,0,16,0,8,0,0,0,0,0,1,1,1,-1,-1,1797,8,4,-1,-1,-1
201501YR90330,1,9,0,4,0,8,0,0,0,0,1,1,6,2,31,6,998,1,1,-1,1,-1
201501YR90331,1,9,0,7,0,5,0,0,0,0,4,1,6,1,44,7,1398,1,8,-1,1,-1
201501YR90331,2,1,0,18,0,8,0,0,0,0,1,1,2,2,36,7,-1,-1,-1,-1,1,-1
201501YR90332,1,9,0,3,0,2,0,0,0,0,4,1,6,2,22,5,1995,2,8,-1,1,-1
201501YR90332,2,19,0,18,0,1,0,0,0,0,4,1,6,1,33,6,2402,2,13,-1,1,-1
201501YR90333,1,11,0,18,0,0,0,0,0,0,0,1,1,1,64,9,6700,2,3,-1,1,-1
201501YR90336,1,8,0,16,0,8,0,0,0,0,3,1,1,1,34,6,1686,2,5,-1,1,-1
201501YR90337,1,21,0,9,0,8,0,0,0,0,4,1,1,1,48,8,11946,2,1,-1,1,-1
201501YR90337,2,9,0,9,0,8,0,0,0,0,3,1,6,2,41,7,1796,1,11,-1,1,-1
201501YR90339,1,9,0,18,0,8,0,0,0,0,1,1,6,3,-1,-1,-1,-1,-1,-1,-1,-1
201501YR90340,1,9,0,5,0,0,0,0,0,0,3,1,6,1,18,4,1461,2,-1,-1,1,-1
201501YR90340,2,9,0,18,0,0,0,0,0,0,3,1,6,1,19,4,1560,2,7,-1,1,-1
201501YR90341,1,9,0,3,0,8,0,0,0,0,2,1,2,1,40,7,1968,2,10,-1,1,-1
201501YR90341,2,19,0,18,0,6,0,0,0,0,1,1,2,1,35,6,2148,2,10,-1,-1,-1
201501YR90342,1,9,0,7,0,6,0,0,0,0,1,1,2,1,31,6,-1,-1,-1,-1,1,-1
201501YR90342,2,4,0,18,0,8,0,4,0,0,3,1,2,1,39,7,998,1,1,-1,-1,-1
201501YR90342,3,9,0,2,0,8,0,0,0,0,3,1,6,3,-1,-1,-1,-1,-1,-1,-1,-1
201501YR90343,1,5,0,18,0,2,0,0,0,0,1,1,6,1,31,6,-1,-1,-1,-1,1,-1
201501YR90344,1,9,0,13,0,0,0,0,0,0,2,1,2,2,22,5,1968,2,10,-1,1,-1
201501YR90344,2,21,0,13,0,0,0,0,0,0,1,1,1,1,53,8,7201,2,6,-1,-1,-1
201501YR90345,1,19,0,18,0,0,0,0,0,0,1,1,1,1,30,6,2402,2,10,-1,1,-1
201501YR90345,2,9,0,4,0,0,0,0,0,0,2,1,3,2,62,9,1598,1,2,-1,1,-1
201501YR90345,3,9,0,4,0,0,0,10,0,0,2,1,2,1,37,7,2401,2,11,-1,1,-1
201501YR90346,1,9,0,18,0,2,0,0,0,0,4,1,6,2,44,7,1598,1,13,-1,1,-1
201501YR90347,1,8,0,5,0,2,0,0,0,0,4,1,1,1,-1,-1,2499,2,3,-1,-1,-1
201501YR90348,1,9,0,3,0,8,0,0,0,0,2,1,6,2,32,6,2979,1,11,-1,1,-1
201501YR90348,2,9,0,18,0,8,0,0,0,0,1,1,6,1,-1,-1,1398,1,-1,-1,-1,-1
201501YR90349,1,9,0,18,0,1,0,0,0,0,1,1,6,2,27,6,1296,1,9,-1,1,-1
201501YR90350,1,3,0,9,0,8,0,0,0,0,3,1,1,1,22,5,109,1,3,-1,1,-1
201501YR90350,2,9,0,18,0,8,0,0,0,0,1,1,6,3,-1,-1,-1,-1,-1,-1,-1,-1
201501YR90354,1,9,0,18,0,1,0,0,0,0,1,1,6,2,-1,-1,1390,1,3,-1,1,-1
201501YR90355,1,3,0,18,0,8,0,0,0,0,1,1,6,1,35,6,782,1,6,-1,1,-1
201501YR90355,2,9,0,6,0,8,0,0,0,0,3,1,1,1,46,8,1997,2,4,-1,1,-1