Accident_Index,Vehicle_Reference,Vehicle_Type,Towing_and_Articulation,Vehicle_Manoeuvre,Vehicle_Location-Restricted_Lane,Junction_Location,Skidding_and_Overturning,Hit_Object_in_Carriageway,Vehicle_Leaving_Carriageway,Hit_Object_off_Carriageway,1st_Point_of_Impact,Was_Vehicle_Left_Hand_Drive?,Journey_Purpose_of_Driver,Sex_of_Driver,Age_of_Driver,Age_Band_of_Driver,Engine_Capacity_(CC),Propulsion_Code,Age_of_Vehicle,Driver_IMD_Decile,Driver_Home_Area_Type,Vehicle_IMD_Decile
201501YR90356,1,1,0,18,0,8,0,0,0,0,1,1,1,2,54,8,-1,-1,-1,-1,1,-1
201501YR90356,2,9,0,7,0,5,0,0,0,0,4,1,6,3,-1,-1,1600,2,5,-1,-1,-1
201501YR90358,1,1,0,18,0,8,0,0,0,0,1,1,6,2,-1,-1,-1,-1,-1,-1,-1,-1
201501YR90358,2,9,0,7,0,8,0,0,0,0,4,1,6,3,-1,-1,-1,-1,-1,-1,-1,-1
201501YR90359,1,9,0,10,0,1,0,0,0,0,2,1,6,1,50,8,1299,1,12,-1,3,-1
201501YR90359,2,9,0,10,0,1,0,0,0,0,2,1,6,1,25,5,-1,-1,-1,-1,1,-1
201501YR90359,3,9,0,18,0,1,0,0,0,0,1,1,6,1,74,10,-1,-1,-1,-1,1,-1
201501YR90360,1,9,0,2,0,0,0,0,0,0,3,1,6,1,41,7,-1,-1,-1,-1,1,-1
201501YR90360,2,1,0,18,0,0,0,4,0,0,1,1,6,1,45,7,-1,-1,-1,-1,1,-1
201501YR90360,3,1,0,18,0,0,0,0,0,0,1,1,6,2,43,7,-1,-1,-1,-1,1,-1
201501YR90361,1,4,0,9,0,8,0,0,0,0,4,1,6,1,39,7,124,1,9,-1,1,-1
201501YR90361,2,1,0,9,0,8,0,0,0,0,3,1,6,1,40,7,-1,-1,-1,-1,1,-1
201501YR90362,1,5,0,4,0,8,0,0,0,0,1,1,6,1,-1,-1,535,1,17,-1,1,-1
201501YR90362,2,9,0,9,0,5,0,0,0,0,1,1,6,1,56,9,1999,1,11,-1,1,-1
201501YR90363,1,19,0,9,0,5,0,0,0,0,4,1,1,1,42,7,-1,-1,-1,-1,1,-1
201501YR90363,2,1,0,15,0,8,0,0,0,0,1,1,6,1,53,8,-1,-1,-1,-1,1,-1
201501YR90364,1,9,0,18,0,1,0,0,0,0,1,1,6,1,57,9,2200,1,14,-1,1,-1
201501YR90365,1,11,0,4,0,1,0,0,0,0,0,1,1,1,36,7,7300,2,12,-1,1,-1
201501YR90366,1,9,0,18,0,6,0,0,0,0,3,1,6,1,44,7,1587,1,11,-1,1,-1
201501YR90366,2,8,0,9,0,8,0,0,0,0,1,1,1,1,56,9,1686,2,4,-1,3,-1
201501YR90367,1,9,0,9,2,5,0,0,0,0,4,1,6,2,33,6,1398,1,-1,-1,1,-1
201501YR90367,2,9,0,15,2,8,0,0,0,0,1,1,6,1,-1,-1,1598,2,1,-1,1,-1
201501YR90369,1,9,0,18,0,1,0,0,0,0,4,1,1,2,40,7,1398,1,1,-1,1,-1
201501YR90369,2,20,0,18,0,1,0,0,0,0,3,1,1,2,37,7,-1,-1,-1,-1,1,-1
201501YR90369,3,11,0,18,0,1,0,0,0,0,4,1,1,1,38,7,6692,2,2,-1,1,-1
201501YR90370,1,3,0,15,0,0,0,0,0,0,1,1,6,1,33,6,125,1,3,-1,1,-1
201501YR90370,2,9,0,6,0,0,0,0,0,0,3,1,6,1,44,7,2720,2,9,-1,1,-1
201501YR90371,1,11,0,5,0,1,0,0,0,0,4,1,1,1,54,8,4760,2,2,-1,1,-1
201501YR90373,1,9,0,18,0,0,0,0,0,0,2,1,6,1,60,9,1598,1,11,-1,1,-1
201501YR90373,2,9,0,18,0,0,0,0,0,0,1,1,6,1,37,7,-1,-1,-1,-1,1,-1
201501YR90374,1,3,0,18,0,1,0,7,0,0,1,1,1,1,20,4,125,1,10,-1,1,-1
201501YR90375,1,9,0,9,0,8,0,0,0,0,4,1,6,2,47,8,1896,2,11,-1,1,-1
201501YR90375,2,3,0,18,0,8,0,0,0,0,1,1,6,1,33,6,124,1,6,-1,1,-1
201501YR90376,1,9,0,18,0,2,0,4,0,0,1,1,6,1,82,11,1389,1,22,-1,1,-1
201501YR90376,2,9,0,2,0,2,0,0,0,0,2,1,6,1,38,7,1598,2,5,-1,1,-1
201501YR90376,3,9,0,3,0,2,0,0,0,0,2,1,6,2,-1,-1,-1,-1,-1,-1,-1,-1
201501YR90377,1,9,0,18,0,8,0,0,0,0,1,1,6,2,22,5,698,1,11,-1,1,-1
201501YR90377,2,9,0,7,0,8,0,0,0,0,3,1,6,2,-1,-1,1299,1,11,-1,1,-1
201501YR90378,1,9,0,7,0,2,0,0,0,0,4,1,6,1,25,5,1596,1,8,-1,1,-1
201501YR90378,2,1,0,18,0,1,0,0,0,0,1,1,6,1,14,3,-1,-1,-1,-1,1,-1
201501YR90379,1,3,0,18,0,0,0,0,0,0,4,1,6,1,22,5,125,1,9,-1,-1,-1
201501YR90380,1,8,0,9,0,5,0,0,0,0,4,1,1,1,28,6,1497,8,9,-1,1,-1
201501YR90380,2,3,0,18,2,8,0,0,0,0,1,1,1,1,27,6,108,1,3,-1,1,-1
201501YR90381,1,9,0,18,0,8,0,0,0,0,1,1,6,2,33,6,1900,2,10,-1,1,-1
201501YR90381,2,9,0,18,0,8,0,0,0,0,3,1,6,1,-1,-1,-1,-1,-1,-1,-1,-1
201501YR90382,1,9,0,16,0,8,0,0,0,0,1,1,1,1,29,6,2993,2,7,-1,1,-1
201501YR90382,2,9,0,7,0,6,0,0,0,0,3,1,1,1,47,8,1597,1,12,-1,1,-1
201501YR90383,1,9,0,4,0,8,0,0,0,0,3,1,6,1,30,6,1497,8,8,-1,1,-1
201501YR90383,2,1,0,7,0,8,0,0,0,0,1,1,2,2,34,6,-1,-1,-1,-1,1,-1
201501YR90384,1,19,0,9,0,5,0,0,0,0,4,1,1,1,29,6,2143,2,6,-1,1,-1
201501YR90384,2,3,0,4,2,8,1,0,0,0,1,1,1,1,39,7,124,1,1,-1,1,-1
201501YR90385,1,1,0,18,0,8,0,0,0,0,3,1,6,1,16,4,-1,-1,-1,-1,1,-1
201501YR90385,2,9,0,18,0,8,0,0,0,0,4,1,6,1,-1,-1,-1,-1,-1,-1,-1,-1
201501YR90386,1,9,0,3,0,1,0,0,0,0,2,1,6,2,28,6,1198,1,7,-1,1,-1
201501YR90386,2,9,0,3,0,1,0,0,0,0,2,1,6,1,21,5,1229,1,8,-1,1,-1
201501YR90386,3,9,0,4,0,1,0,0,0,0,1,1,1,1,24,5,1395,1,-1,-1,1,-1
201501YR90387,1,3,0,18,0,8,0,0,0,0,4,1,1,1,26,6,114,1,1,-1,1,-1
201501YR90387,2,9,0,9,0,6,0,0,0,0,1,1,6,1,-1,-1,2438,1,18,-1,1,-1
201501YR90388,1,19,0,18,0,2,0,0,0,0,1,1,6,1,35,6,-1,-1,-1,-1,1,-1
201501YR90388,2,9,0,18,0,2,0,0,0,0,2,1,6,1,-1,-1,1796,1,11,-1,1,-1
201501YR90389,1,19,0,14,0,0,0,0,0,0,4,1,1,1,25,5,2287,2,1,-1,1,-1
201501YR90390,1,9,0,12,0,1,0,0,0,0,2,1,6,1,26,6,1242,1,9,-1,1,-1
201501YR90390,2,9,0,4,0,1,0,0,0,0,1,1,6,1,-1,-1,-1,-1,-1,-1,-1,-1
201501YR90391,1,3,0,13,0,1,0,0,0,0,0,1,1,1,36,7,125,1,3,-1,1,-1
201501YR90391,2,9,0,12,0,1,0,0,0,0,0,1,6,2,-1,-1,1797,8,3,-1,1,-1
201501YR90392,1,1,0,9,0,5,0,0,0,0,1,1,6,1,12,3,-1,-1,-1,-1,1,-1
201501YR90392,2,4,0,15,0,8,0,0,0,0,1,1,6,3,-1,-1,124,1,2,-1,-1,-1
201501YR90393,1,8,0,14,0,1,0,0,0,0,1,1,1,1,61,9,2499,2,2,-1,1,-1
201501YR90394,1,9,0,9,0,5,0,0,0,0,4,1,6,2,55,8,1229,1,3,-1,1,-1
201501YR90394,2,3,0,18,0,8,0,0,0,0,1,1,6,1,27,6,125,1,1,-1,1,-1
201501YR90395,1,3,0,13,0,8,0,0,0,0,1,1,2,1,23,5,124,1,6,-1,1,-1
201501YR90395,2,19,0,9,0,6,0,0,0,0,3,1,1,1,44,7,1896,2,9,-1,1,-1
201501YR90396,1,9,0,9,0,5,0,0,0,0,4,1,6,2,21,5,1229,1,2,-1,-1,-1
201501YR90396,2,9,0,18,2,8,0,0,0,0,1,1,6,1,24,5,1798,1,7,-1,1,-1
201501YR90396,3,9,0,18,0,8,0,0,0,0,3,1,6,1,48,8,1360,1,12,-1,1,-1
201501YR90397,1,11,0,4,0,2,0,0,0,0,4,1,1,1,51,8,6692,2,4,-1,1,-1
201501YR90397,2,1,0,18,0,2,0,0,0,0,3,1,6,1,41,7,-1,-1,-1,-1,1,-1
201501YR90398,1,90,0,11,0,1,0,0,0,0,4,1,1,2,38,7,2287,2,2,-1,1,-1
201501YR90398,2,3,0,18,0,1,0,0,0,0,1,1,6,1,38,7,124,1,4,-1,1,-1
201501YR90400,1,1,0,18,0,1,0,0,0,0,2,1,6,2,34,6,-1,-1,-1,-1,-1,-1
201501YR90400,2,9,0,13,0,1,0,0,0,0,1,1,1,1,-1,-1,1242,1,1,-1,-1,-1
201501YR90401,1,11,0,5,2,1,0,0,0,0,3,1,1,1,50,8,6692,2,4,-1,1,-1
201501YR90401,2,9,0,11,2,1,0,0,0,0,4,1,6,1,-1,-1,1781,1,13,-1,1,-1
201501YR90404,1,9,0,9,0,6,0,0,0,0,1,1,6,2,26,6,1598,1,14,-1,1,-1
201501YR90404,2,19,0,18,0,8,0,0,0,0,4,1,6,1,52,8,-1,-1,-1,-1,1,-1
201501YR90405,1,9,0,9,0,8,0,0,0,0,1,1,6,1,-1,-1,-1,-1,-1,-1,1,-1
201501YR90405,2,8,0,4,0,8,0,0,0,0,1,1,1,1,61,9,1598,1,6,-1,1,-1
201501YR90406,1,9,0,18,0,5,0,0,3,10,1,1,2,2,52,8,1498,1,6,-1,1,-1
201501YR90407,1,8,0,5,0,6,0,7,3,1,4,1,6,1,42,7,1781,1,15,-1,1,-1
201501YR90407,2,9,0,5,0,8,0,0,0,0,1,1,6,1,29,6,1798,8,3,-1,1,-1
201501YR90408,1,9,0,18,0,0,0,0,0,0,4,1,6,2,33,6,1910,2,9,-1,1,-1
201501YR90408,2,9,0,6,0,0,0,0,0,0,3,1,6,1,35,6,1781,1,10,-1,1,-1
201501YR90409,1,9,0,5,0,1,0,0,0,0,1,1,6,1,65,9,1364,1,1,-1,1,-1
201501YR90409,2,3,0,4,0,1,0,0,0,0,2,1,6,1,31,6,108,1,2,-1,1,-1
201501YR90410,1,9,0,18,0,8,0,0,0,0,4,1,6,1,37,7,1395,1,2,-1,1,-1
201501YR90410,2,8,0,18,0,6,0,0,0,0,1,1,1,1,-1,-1,-1,-1,-1,-1,-1,-1
201501YR90413,1,9,0,9,0,8,0,0,0,0,3,1,6,1,28,6,1560,2,10,-1,1,-1
201501YR90413,2,8,0,18,0,8,0,0,0,0,4,1,6,1,38,7,1753,2,8,-1,1,-1
201501YR90414,1,9,0,18,0,0,0,0,0,0,3,1,6,3,-1,-1,-1,-1,-1,-1,-1,-1
201501YR90415,1,9,0,9,0,8,0,0,0,0,1,1,6,2,37,7,2429,1,9,-1,1,-1
201501YR90415,2,9,0,9,0,8,0,0,0,0,2,1,6,1,37,7,1242,1,17,-1,1,-1
201501YR90416,1,19,0,18,0,0,0,0,0,0,1,1,1,1,37,7,2402,2,4,-1,1,-1
201501YR90416,2,9,0,3,0,0,0,0,0,0,2,1,6,1,35,6,1596,1,7,-1,1,-1
201501YR90416,3,9,0,3,0,0,0,0,0,0,2,1,6,2,29,6,1796,1,13,-1,1,-1
201501YR90417,1,20,0,1,0,8,0,0,0,0,2,1,1,1,63,9,4580,2,3,-1,1,-1
201501YR90418,1,9,0,1,0,8,0,0,0,0,2,1,6,2,36,7,1796,1,11,-1,1,-1
201501YR90419,1,4,0,13,0,2,0,0,0,0,2,1,6,1,22,5,125,1,2,-1,1,-1
201501YR90419,2,9,0,18,0,2,0,0,0,0,1,1,6,2,24,5,1598,1,8,-1,1,-1
201501YR90420,1,11,0,4,0,0,0,0,0,0,1,1,1,1,51,8,6700,2,7,-1,1,-1
201501YR90421,1,11,0,5,0,8,0,0,0,0,0,1,1,1,34,6,9360,2,5,-1,1,-1
201501YR90422,1,9,0,4,0,1,0,0,0,0,2,1,6,1,31,6,2143,2,4,-1,1,-1
201501YR90422,2,9,0,4,0,1,0,0,0,0,2,1,6,1,27,6,2354,1,10,-1,1,-1
201501YR90422,3,9,0,4,0,1,0,0,0,0,1,1,6,2,29,6,1596,1,9,-1,1,-1
201501YR90423,1,9,0,4,0,8,0,0,0,0,1,1,6,1,36,7,1976,1,5,-1,1,-1
201501YR90423,2,9,0,4,0,8,0,0,0,0,2,1,6,1,28,6,1242,1,11,-1,1,-1
201501YR90425,1,9,0,3,0,1,0,0,0,0,2,1,1,1,47,8,1598,1,11,-1,1,-1
201501YR90425,2,9,0,18,0,1,0,0,0,0,1,1,3,2,-1,-1,2926,2,12,-1,-1,-1
201501YR90426,1,9,0,9,0,5,0,0,0,0,4,1,6,1,32,6,1198,1,9,-1,1,-1
201501YR90426,2,9,0,3,9,8,0,0,0,0,2,1,6,2,56,9,1998,1,20,-1,1,-1
201501YR90426,3,3,0,15,0,8,0,0,0,0,1,1,6,1,30,6,998,1,6,-1,1,-1
201501YR90428,1,9,0,18,0,8,0,0,2,10,1,1,6,1,73,10,1560,2,11,-1,1,-1
201501YR90429,1,1,0,18,0,2,0,0,0,0,2,1,2,1,32,6,-1,-1,-1,-1,1,-1
201501YR90429,2,9,0,18,0,2,0,0,0,0,1,1,6,3,-1,-1,-1,-1,-1,-1,-1,-1
201501YR90430,1,9,0,2,0,1,0,0,0,0,3,1,6,1,43,7,1968,2,1,-1,1,-1
201501YR90430,2,9,0,9,0,2,0,4,0,0,1,1,6,1,-1,-1,1686,2,12,-1,-1,-1
201501YR90431,1,19,0,9,0,6,0,0,0,0,3,1,1,1,41,7,2402,2,13,-1,1,-1
201501YR90431,2,21,4,4,0,8,0,0,0,0,1,1,1,1,50,8,12809,2,-1,-1,3,-1
201501YR90432,1,9,0,18,0,1,0,4,0,0,1,1,3,2,38,7,2171,1,11,-1,1,-1
201501YR90432,2,9,0,2,0,1,0,0,0,0,2,1,6,2,32,6,1796,2,3,-1,1,-1
201501YR90433,1,9,0,18,0,8,0,0,1,7,3,1,2,2,40,7,1364,1,8,-1,1,-1
201501YR90433,2,9,0,9,0,6,0,0,0,0,4,1,6,1,59,9,1900,2,10,-1,1,-1
201501YR90435,1,9,0,2,0,8,0,0,0,0,3,1,6,1,24,5,1242,1,14,-1,1,-1
201501YR90435,2,9,0,18,0,8,0,8,0,0,1,1,6,1,-1,-1,1598,2,3,-1,1,-1
201501YR90436,1,1,0,3,0,1,0,9,0,0,2,1,2,1,28,6,-1,-1,-1,-1,1,-1
201501YR90436,2,9,0,4,0,1,0,0,0,0,1,1,6,1,-1,-1,-1,-1,-1,-1,-1,-1
201501YR90438,1,8,0,18,0,2,0,0,0,0,1,1,1,1,-1,-1,1598,7,10,-1,-1,-1
201501YR90440,1,19,0,18,0,8,0,0,0,0,1,1,6,1,44,7,1753,2,9,-1,1,-1
201501YR90440,2,9,0,18,0,8,0,0,0,0,4,1,6,1,22,5,1995,2,7,-1,1,-1
201501YR90441,1,9,0,14,0,1,0,0,0,0,1,1,6,1,62,9,2967,2,6,-1,-1,-1
201501YR90442,1,9,0,18,0,0,0,10,7,2,1,1,6,1,30,6,1198,1,7,-1,1,-1
201501YR90443,1,3,0,4,0,8,1,0,0,0,0,1,6,3,-1,-1,-1,-1,-1,-1,-1,-1
201501YR90444,1,9,0,5,0,8,0,0,0,0,3,1,6,2,28,6,-1,-1,-1,-1,1,-1
201501YR90445,1,9,0,7,0,2,0,0,0,0,1,1,1,2,37,7,-1,-1,-1,-1,-1,-1
201501YR90445,2,3,0,18,0,6,0,0,0,0,3,1,6,1,18,4,124,1,6,-1,1,-1
201501YR90446,1,9,0,6,0,0,0,4,1,1,1,1,2,2,85,11,1587,1,12,-1,2,-1
201501YR90446,2,19,0,18,0,0,0,0,0,0,3,1,2,1,36,7,-1,-1,-1,-1,1,-1
201501YR90446,3,9,0,2,0,0,0,0,0,0,4,1,6,3,-1,-1,1997,2,1,-1,-1,-1
201501YR90447,1,9,0,9,0,8,0,10,7,7,4,1,2,1,33,6,1956,2,1,-1,1,-1
201501YR90447,2,9,0,18,0,8,0,0,0,0,1,1,2,1,26,6,999,1,6,-1,1,-1
201501YR90447,3,1,0,18,0,8,0,0,0,0,1,1,6,1,23,5,-1,-1,-1,-1,1,-1
201501YR90448,1,1,0,13,0,1,0,0,1,0,2,1,2,1,48,8,-1,-1,-1,-1,1,-1
201501YR90448,2,19,0,5,0,1,0,0,0,0,1,1,6,1,-1,-1,2198,2,8,-1,-1,-1
201501YR90450,1,9,0,18,0,1,0,0,0,0,1,1,6,1,38,7,-1,-1,-1,-1,1,-1
201501YR90451,1,9,0,18,0,0,0,0,0,0,1,1,6,3,-1,-1,-1,-1,-1,-1,-1,-1
201501YR90452,1,11,0,4,0,1,0,0,0,0,2,1,1,1,42,7,8268,2,12,-1,-1,-1
201501YR90452,2,9,0,4,0,1,0,0,0,0,1,1,6,3,-1,-1,-1,-1,-1,-1,-1,-1
201501YR90453,1,2,0,18,0,1,0,0,0,0,4,1,6,1,40,7,124,1,6,-1,1,-1
201501YR90453,2,9,0,9,0,1,0,0,0,0,3,1,6,1,53,8,1229,1,-1,-1,1,-1
201501YR90454,1,9,0,18,0,8,0,0,0,0,3,1,6,1,27,6,1997,2,7,-1,1,-1
201501YR90454,2,9,0,7,0,8,1,0,0,0,1,1,6,1,-1,-1,1596,1,10,-1,-1,-1
201501YR90455,1,9,0,4,0,8,0,0,0,0,1,1,6,2,27,6,1388,1,8,-1,1,-1
201501YR90455,2,9,0,7,0,8,0,0,0,0,3,1,6,1,-1,-1,1896,2,12,-1,1,-1
201501YR90456,1,9,0,18,0,0,0,7,0,0,3,1,6,1,78,11,2000,2,10,-1,1,-1
201501YR90457,1,9,0,8,0,8,0,0,0,0,4,1,6,1,35,6,1396,2,2,-1,1,-1
201501YR90457,2,1,0,4,0,6,0,0,0,0,1,1,6,1,-1,-1,-1,-1,-1,-1,-1,-1
201501YR90458,1,9,0,18,0,1,0,0,0,0,1,1,6,1,37,7,1199,1,13,-1,1,-1
201501YR90460,1,9,0,18,0,2,0,0,0,0,1,1,6,2,31,6,1329,1,4,-1,1,-1
201501YR90461,1,9,0,4,0,0,0,0,0,0,2,1,6,1,-1,-1,1560,2,1,-1,-1,-1
201501YR90461,2,9,0,4,0,0,0,0,0,0,1,1,6,2,30,6,1595,1,11,-1,1,-1
201501YR90462,1,9,0,18,0,1,0,0,0,0,4,1,6,2,63,9,1997,1,9,-1,1,-1
201501YR90463,1,2,0,4,0,2,0,0,0,0,1,1,6,1,-1,-1,50,1,7,-1,-1,-1
201501YR90463,2,9,0,4,0,2,0,0,0,0,2,1,6,1,59,9,1910,2,8,-1,1,-1
201501YR90464,1,9,0,5,0,6,0,0,0,0,1,1,6,1,-1,-1,1591,1,-1,-1,-1,-1
201501YR90465,1,21,0,4,0,8,0,0,0,0,3,1,1,1,42,7,3920,2,12,-1,1,-1
201501YR90465,2,9,0,7,0,8,0,0,0,0,3,1,1,1,28,6,-1,-1,-1,-1,-1,-1
201501YR90466,1,9,0,18,0,0,0,0,0,0,4,1,6,1,45,7,-1,-1,-1,-1,1,-1
201501YR90468,1,9,0,4,0,1,0,0,0,0,2,1,6,2,-1,-1,1968,2,10,-1,1,-1
201501YR90468,2,1,0,13,0,1,0,0,0,0,1,1,6,2,44,7,-1,-1,-1,-1,1,-1
201501YR90469,1,9,0,4,0,8,0,0,0,0,1,1,6,2,24,5,2993,2,9,-1,1,-1
201501YR90469,2,9,0,9,0,8,0,0,0,0,4,1,6,1,26,6,1995,2,1,-1,1,-1
201501YR90470,1,1,0,18,0,0,0,0,0,0,3,1,1,1,41,7,-1,-1,-1,-1,1,-1
201501YR90470,2,19,0,13,0,0,0,0,0,0,4,1,1,1,-1,-1,2198,2,8,-1,-1,-1
201501YR90471,1,3,0,17,0,8,0,0,0,0,1,1,6,1,55,8,124,1,5,-1,-1,-1
201501YR90471,2,9,0,9,0,8,0,0,0,0,4,1,6,1,63,9,1870,2,11,-1,-1,-1
201501YR90472,1,9,0,9,0,5,0,0,0,0,1,1,6,1,55,8,1988,1,13,-1,1,-1
201501YR90472,2,2,0,18,0,8,0,0,0,0,1,1,6,1,-1,-1,124,1,10,-1,1,-1
201501YR90473,1,9,0,5,0,2,0,0,0,0,4,1,2,1,42,7,1896,2,12,-1,1,-1
201501YR90474,1,3,0,18,0,8,0,0,0,0,1,1,1,1,40,7,124,1,3,-1,1,-1
201501YR90474,2,9,0,9,0,6,0,0,0,0,3,1,6,1,-1,-1,-1,-1,-1,-1,-1,-1
201501YR90475,1,9,0,6,0,0,0,0,0,0,3,1,6,1,31,6,1968,2,-1,-1,1,-1
201501YR90475,2,3,0,13,0,0,0,0,0,0,1,1,6,1,37,7,600,1,10,-1,1,-1
201501YR90476,1,11,0,5,0,2,0,0,0,0,0,1,6,1,51,8,4760,2,2,-1,-1,-1
201501YR90478,1,3,0,7,0,5,0,0,0,0,0,1,6,1,23,5,125,1,2,-1,1,-1
201501YR90478,2,9,0,9,0,5,0,0,0,0,0,1,6,3,-1,-1,-1,-1,-1,-1,-1,-1
201501YR90479,1,9,0,9,0,2,0,0,0,0,1,1,6,1,40,7,1598,1,8,-1,1,-1
201501YR90480,1,9,0,18,0,2,0,0,0,0,3,1,6,1,21,5,1598,1,7,-1,1,-1
201501YR90481,1,9,0,1,0,6,0,0,0,0,2,1,6,1,42,7,2171,1,11,-1,1,-1
201501YR90482,1,19,0,18,0,0,0,0,0,0,1,1,6,3,-1,-1,2148,2,9,-1,-1,-1
201501YR90483,1,9,0,5,0,8,0,0,0,0,1,1,6,1,56,9,4806,1,2,-1,1,-1
201501YR90483,2,9,0,18,0,8,0,0,0,0,4,1,6,2,37,7,1797,8,1,-1,1,-1
201501YR90484,1,9,0,9,0,5,0,0,0,0,3,1,6,3,-1,-1,1598,1,9,-1,-1,-1
201501YR90485,1,9,0,18,0,1,0,0,0,0,3,1,3,2,26,6,2496,2,10,-1,1,-1
201501YR90486,1,9,0,9,0,5,0,0,0,0,1,1,6,1,28,6,-1,-1,-1,-1,1,-1
201501YR90486,2,5,0,18,2,8,0,0,0,0,1,1,1,1,52,8,670,1,2,-1,1,-1
201501YR90488,1,9,0,9,0,2,0,0,0,0,1,1,1,1,39,7,1910,2,7,-1,1,-1
201501YR90488,2,5,0,18,0,1,0,0,0,0,1,1,2,1,26,6,689,1,1,-1,1,-1
201501YR90489,1,5,0,18,0,0,1,0,0,0,1,1,2,1,60,9,599,1,14,-1,1,-1
201501YR90489,2,9,0,5,0,0,0,0,0,0,1,1,6,1,46,8,1397,1,6,-1,1,-1
201501YR90490,1,9,0,1,0,1,0,0,0,0,2,1,6,2,49,8,1896,2,8,-1,1,-1
201501YR90491,1,9,0,5,0,1,0,0,0,0,1,1,6,2,21,5,998,1,4,-1,-1,-1
201501YR90491,2,9,0,18,0,1,0,0,0,0,4,1,6,1,-1,-1,1497,8,7,-1,-1,-1
201501YR90492,1,9,0,18,0,2,0,0,0,0,4,1,6,2,63,9,1598,1,8,-1,1,-1
201501YR90493,1,9,0,9,0,5,0,0,0,0,3,1,6,1,42,7,1497,8,7,-1,1,-1
201501YR90493,2,1,0,18,0,6,0,0,0,0,1,1,6,1,21,5,-1,-1,-1,-1,1,-1
201501YR90494,1,3,0,4,0,0,0,0,0,0,2,1,6,1,28,6,107,1,1,-1,1,-1
201501YR90494,2,9,0,18,0,0,0,0,0,0,1,1,6,1,24,5,1598,1,10,-1,1,-1
201501YR90495,1,9,0,18,0,2,0,0,0,0,4,1,6,3,-1,-1,-1,-1,-1,-1,-1,-1
201501YR90496,1,9,0,6,0,1,0,0,0,0,1,1,6,1,19,4,1360,1,15,-1,1,-1
201501YR90497,1,3,0,18,0,8,0,0,0,0,3,1,6,1,25,5,-1,-1,-1,-1,1,-1
201501YR90497,2,9,0,9,0,8,0,0,0,0,1,1,6,1,-1,-1,1198,1,10,-1,-1,-1
201501YR90498,1,5,0,15,0,1,0,0,0,0,1,1,2,1,43,7,649,1,5,-1,2,-1
201501YR90498,2,19,0,9,0,1,0,0,0,0,4,1,1,1,69,10,-1,-1,-1,-1,-1,-1
201501YR90499,1,9,0,18,0,1,0,4,0,0,1,1,2,2,23,5,1598,1,1,-1,1,-1
201501YR90499,2,9,0,2,0,1,0,10,7,0,4,1,6,2,38,7,1242,1,8,-1,-1,-1
201501YR90499,3,9,0,2,0,1,0,10,7,0,4,1,6,2,-1,-1,1390,1,9,-1,-1,-1
201501YR90499,4,9,0,1,0,1,0,0,0,0,1,1,6,3,-1,-1,-1,-1,-1,-1,-1,-1
201501YR90500,1,9,0,9,0,1,0,0,0,0,3,1,6,2,39,7,1390,1,14,-1,1,-1
201501YR90500,2,5,0,13,0,1,0,0,0,0,1,1,6,1,33,6,599,1,15,-1,1,-1
201501YR90501,1,3,0,14,0,0,0,0,0,0,1,1,6,1,17,4,125,1,2,-1,1,-1
201501YR90502,1,9,0,4,0,0,0,0,0,0,1,1,6,1,37,7,-1,-1,-1,-1,1,-1
201501YR90502,2,9,0,2,0,0,0,0,0,0,4,1,6,2,60,9,998,1,3,-1,1,-1
201501YR90502,3,9,0,18,0,0,0,4,0,0,4,1,6,3,-1,-1,2521,1,5,-1,-1,-1
201501YR90504,1,9,0,3,0,1,0,0,0,0,2,1,6,1,41,7,1968,2,1,-1,1,-1
201501YR90504,2,9,0,18,0,1,0,0,0,0,1,1,6,1,-1,-1,1995,2,8,-1,-1,-1
201501YR90505,1,20,0,5,0,2,0,0,7,5,3,1,1,1,35,6,6370,2,3,-1,1,-1
201501YR90506,1,1,0,18,0,2,0,0,0,0,2,1,6,1,34,6,-1,-1,-1,-1,1,-1
201501YR90506,2,9,0,18,0,2,0,0,0,0,1,1,6,1,-1,-1,-1,-1,-1,-1,-1,-1
201501YR90507,1,9,0,1,0,1,0,0,0,0,2,1,6,1,51,8,1560,2,1,-1,1,-1
201501YR90508,1,9,0,18,0,8,0,10,7,0,4,1,6,1,50,8,1596,1,9,-1,1,-1
201501YR90508,2,9,0,18,0,8,0,0,0,0,1,1,6,3,-1,-1,-1,-1,-1,-1,-1,-1
201501YR90509,1,3,0,13,0,8,0,0,0,0,4,1,6,1,19,4,-1,-1,-1,-1,1,-1
201501YR90509,2,9,0,9,0,5,0,0,0,0,3,1,6,1,41,7,1248,2,3,-1,1,-1
201501YR90510,1,9,0,18,0,2,0,0,0,0,1,1,6,1,20,4,1596,1,11,-1,1,-1
201501YR90511,1,8,0,4,0,2,0,0,0,0,2,1,1,1,37,7,1956,2,2,-1,1,-1
201501YR90511,2,1,0,18,0,2,0,0,0,0,1,1,6,1,34,6,-1,-1,-1,-1,1,-1
201501YR90512,1,11,0,18,0,2,0,0,0,0,0,1,6,1,46,8,6692,2,4,-1,1,-1
201501YR90513,1,9,0,18,2,0,0,0,0,0,4,1,6,1,21,5,2143,2,2,-1,1,-1
201501YR90513,2,1,0,18,2,0,0,0,0,0,3,1,2,2,33,6,-1,-1,-1,-1,-1,-1
201501YR90515,1,9,0,9,0,2,0,0,0,0,1,1,6,2,-1,-1,-1,-1,-1,-1,-1,-1
201501YR90516,1,9,0,9,9,2,0,10,1,2,1,1,6,1,24,5,1598,2,-1,-1,1,-1
201501YR90517,1,9,0,18,0,0,0,0,0,0,2,1,6,1,-1,-1,-1,-1,-1,-1,-1,-1
201501YR90517,2,9,0,18,0,0,0,0,0,0,1,1,6,1,-1,-1,1596,1,14,-1,-1,-1
201501YR90519,1,9,0,18,0,1,0,0,0,0,4,1,6,1,51,8,1198,1,4,-1,1,-1