Accident_Index,Vehicle_Reference,Vehicle_Type,Towing_and_Articulation,Vehicle_Manoeuvre,Vehicle_Location-Restricted_Lane,Junction_Location,Skidding_and_Overturning,Hit_Object_in_Carriageway,Vehicle_Leaving_Carriageway,Hit_Object_off_Carriageway,1st_Point_of_Impact,Was_Vehicle_Left_Hand_Drive?,Journey_Purpose_of_Driver,Sex_of_Driver,Age_of_Driver,Age_Band_of_Driver,Engine_Capacity_(CC),Propulsion_Code,Age_of_Vehicle,Driver_IMD_Decile,Driver_Home_Area_Type,Vehicle_IMD_Decile
201501YR90850,1,19,0,3,0,0,0,0,0,0,1,1,1,1,54,8,1995,2,6,-1,2,-1
201501YR90850,2,9,0,17,0,0,0,0,0,0,1,1,6,1,25,5,1951,2,11,-1,1,-1
201501YR90851,1,9,0,18,0,2,0,10,1,10,1,1,6,1,31,6,-1,-1,-1,-1,1,-1
201501YR90853,1,8,0,5,0,0,0,0,0,0,4,1,1,1,55,8,1995,2,8,-1,1,-1
201501YR90854,1,19,0,1,0,1,0,0,0,0,2,1,6,1,40,7,1560,2,-1,-1,1,-1
201501YR90855,1,19,0,18,0,8,0,0,0,0,1,1,1,1,59,9,2953,2,10,-1,1,-1
201501YR90855,2,3,0,9,0,8,0,0,0,0,4,1,6,1,36,7,125,1,3,-1,1,-1
201501YR90856,1,3,0,4,0,2,0,0,0,0,2,1,6,1,47,8,125,1,1,-1,1,-1
201501YR90856,2,9,0,18,0,2,0,0,0,0,1,1,6,2,43,7,1598,1,13,-1,1,-1
201501YR90857,1,9,0,4,0,1,0,0,0,0,1,1,6,1,46,8,1968,2,3,-1,1,-1
201501YR90857,2,9,0,4,0,1,0,0,0,0,2,1,6,1,39,7,2996,1,9,-1,1,-1
201501YR90858,1,9,0,9,0,5,0,0,0,0,3,1,2,1,35,6,2987,2,7,-1,1,-1
201501YR90858,2,3,0,13,0,8,1,0,0,0,1,1,1,1,25,5,125,1,4,-1,1,-1
201501YR90859,1,9,0,9,0,5,0,0,0,0,4,1,6,1,30,6,2987,2,9,-1,1,-1
201501YR90859,2,9,0,15,0,8,0,0,0,0,1,1,6,2,29,6,1598,1,9,-1,1,-1
201501YR90861,1,3,0,5,0,8,0,0,0,0,1,1,6,1,27,6,-1,-1,-1,-1,1,-1
201501YR90861,2,19,0,9,0,5,0,0,0,0,1,1,6,1,-1,-1,1461,2,1,-1,-1,-1
201501YR90862,1,9,0,2,0,1,0,0,0,0,1,1,6,2,30,6,1995,1,7,-1,-1,-1
201501YR90862,2,9,0,18,0,2,0,4,0,0,1,1,6,3,-1,-1,-1,-1,-1,-1,-1,-1
201501YR90863,1,9,0,3,0,1,0,0,0,0,2,1,6,2,17,4,1229,1,8,-1,1,-1
201501YR90863,2,19,0,18,0,1,0,0,0,0,1,1,6,1,53,8,-1,-1,-1,-1,1,-1
201501YR90864,1,5,0,15,0,1,0,0,0,0,3,1,6,2,55,8,670,1,3,-1,1,-1
201501YR90864,2,9,0,11,0,1,0,0,0,0,4,1,6,1,30,6,1997,2,4,-1,1,-1
201501YR90865,1,9,0,18,0,1,0,0,0,0,1,1,2,1,34,6,1984,1,4,-1,1,-1
201501YR90866,1,11,0,18,0,1,0,0,0,0,0,1,1,1,44,7,4500,2,-1,-1,-1,-1
201501YR90868,1,3,0,18,0,0,0,0,0,0,3,1,6,1,18,4,124,1,4,-1,1,-1
201501YR90868,2,9,0,13,0,0,0,0,0,0,4,1,6,3,-1,-1,-1,-1,-1,-1,-1,-1
201501YR90869,1,9,0,18,0,1,0,0,0,0,2,1,6,2,49,8,1596,1,10,-1,1,-1
201501YR90869,2,9,0,18,0,1,0,0,0,0,1,1,6,1,58,9,1997,2,7,-1,1,-1
201501YR90870,1,4,0,18,0,1,0,0,0,0,1,1,6,1,47,8,125,1,6,-1,1,-1
201501YR90870,2,9,0,6,0,1,0,0,0,0,3,1,6,1,-1,-1,2143,2,-1,-1,-1,-1
201501YR90871,1,9,0,18,0,8,0,0,0,0,1,1,6,1,32,6,1995,2,12,-1,1,-1
201501YR90871,2,19,0,18,0,8,0,0,0,0,4,1,6,1,38,7,1995,2,7,-1,1,-1
201501YR90872,1,9,0,18,0,0,0,0,0,0,1,1,6,1,26,6,1998,1,10,-1,1,-1
201501YR90872,2,9,0,3,0,0,0,0,0,0,2,1,6,1,40,7,1799,1,7,-1,1,-1
201501YR90872,3,9,0,3,0,0,0,0,0,0,2,1,6,2,43,7,1497,8,1,-1,1,-1
201501YR90873,1,3,0,5,0,1,0,0,0,0,1,1,6,1,22,5,124,1,6,-1,1,-1
201501YR90874,1,9,0,1,0,0,0,0,0,0,2,1,6,2,-1,-1,-1,-1,-1,-1,-1,-1
201501YR90875,1,9,0,7,0,8,0,0,0,0,3,1,6,2,26,6,1198,1,8,-1,1,-1
201501YR90875,2,3,0,18,0,8,0,0,0,0,1,1,6,1,21,5,124,1,-1,-1,1,-1
201501YR90876,1,9,0,9,0,8,0,0,0,0,3,1,6,1,34,6,2378,1,11,-1,1,-1
201501YR90876,2,1,0,3,0,8,0,0,0,0,1,1,6,1,23,5,-1,-1,-1,-1,1,-1
201501YR90877,1,1,0,18,0,1,0,0,0,0,3,1,6,1,22,5,-1,-1,-1,-1,1,-1
201501YR90877,2,19,0,18,0,2,0,0,0,0,3,1,6,1,29,6,2148,2,7,-1,2,-1
201501YR90878,1,9,0,9,0,8,0,0,0,0,1,1,6,1,56,9,1910,2,7,-1,1,-1
201501YR90878,2,1,0,18,0,8,0,0,0,0,3,1,6,1,47,8,-1,-1,-1,-1,1,-1
201501YR90879,1,9,0,18,0,0,5,10,1,1,1,1,6,1,23,5,1149,1,8,-1,1,-1
201501YR90880,1,4,0,14,0,0,0,0,0,0,4,1,6,1,29,6,-1,-1,-1,-1,-1,-1
201501YR90881,1,9,0,5,0,0,0,0,0,0,1,1,6,1,-1,-1,1791,8,3,-1,-1,-1
201501YR90882,1,20,1,14,0,8,0,0,0,0,3,1,1,1,52,8,-1,-1,-1,-1,1,-1
201501YR90883,1,3,0,18,0,0,0,10,0,0,1,1,6,1,58,9,124,1,4,-1,1,-1
201501YR90884,1,2,0,18,0,8,0,0,0,0,1,1,6,1,17,4,124,1,12,-1,1,-1
201501YR90884,2,9,0,9,0,8,0,0,0,0,4,1,6,2,-1,-1,1242,1,1,-1,1,-1
201501YR90885,1,11,0,18,0,1,0,0,0,0,0,1,1,1,55,8,6700,2,5,-1,1,-1
201501YR90886,1,8,0,18,0,2,0,0,0,0,1,1,1,1,36,7,1797,8,5,-1,1,-1
201501YR90887,1,9,0,9,0,8,0,0,0,0,4,1,6,1,48,8,1990,1,10,-1,1,-1
201501YR90887,2,3,0,15,0,8,0,0,0,0,1,1,6,1,24,5,124,1,11,-1,-1,-1
201501YR90889,1,1,0,9,0,8,0,0,0,0,3,1,6,2,73,10,-1,-1,-1,-1,1,-1
201501YR90889,2,5,0,18,0,8,0,0,0,0,1,1,6,1,38,7,-1,-1,-1,-1,1,-1
201501YR90890,1,9,0,8,0,1,0,0,0,0,2,1,6,2,35,6,1390,1,11,-1,1,-1
201501YR90890,2,9,0,18,0,1,0,0,0,0,1,1,6,3,-1,-1,1198,1,9,-1,-1,-1
201501YR90891,1,9,0,3,0,1,0,0,0,0,2,1,6,2,41,7,1995,2,-1,-1,1,-1
201501YR90891,2,9,0,18,0,1,0,0,0,0,1,1,6,1,-1,-1,-1,-1,-1,-1,1,-1
201501YR90892,1,9,0,18,0,8,0,0,0,0,4,1,6,2,36,7,1968,2,4,-1,1,-1
201501YR90892,2,19,0,9,0,8,0,0,0,0,1,1,6,1,-1,-1,2198,2,3,-1,-1,-1
201501YR90893,1,4,0,5,0,8,0,0,0,0,1,1,2,1,45,7,250,1,1,-1,1,-1
201501YR90893,2,8,0,18,0,8,0,0,0,0,4,1,1,1,50,8,2664,2,16,-1,1,-1
201501YR90893,3,19,0,10,0,8,0,0,0,0,0,1,6,1,-1,-1,2198,2,5,-1,-1,-1
201501YR90894,1,9,0,1,0,1,0,0,0,0,3,1,6,2,66,10,1198,1,12,-1,1,-1
201501YR90894,2,9,0,18,0,1,0,0,0,0,1,1,6,3,-1,-1,1199,1,14,-1,-1,-1
201501YR90896,1,19,0,1,0,1,0,0,0,0,2,1,1,1,28,6,2198,2,3,-1,1,-1
201501YR90896,2,3,0,3,0,1,0,0,0,0,1,1,6,1,30,6,108,1,2,-1,1,-1
201501YR90897,1,9,0,9,0,8,0,0,0,0,1,1,6,1,-1,-1,1198,1,2,-1,-1,-1
201501YR90897,2,1,0,7,0,8,0,0,0,0,3,1,6,1,-1,-1,-1,-1,-1,-1,-1,-1
201501YR90898,1,9,0,5,0,8,0,0,0,0,1,1,6,1,44,7,1598,1,5,-1,1,-1
201501YR90898,2,9,0,18,0,8,0,0,0,0,4,1,6,2,44,7,1686,2,2,-1,1,-1
201501YR90899,1,3,0,13,0,0,0,0,0,0,4,1,6,1,31,6,125,1,1,-1,1,-1
201501YR90899,2,19,0,5,0,0,0,0,0,0,3,1,1,1,19,4,2402,2,8,-1,1,-1
201501YR90900,1,9,0,7,0,8,0,0,0,0,1,1,6,1,59,9,1686,2,4,-1,1,-1
201501YR90901,1,9,0,9,0,8,0,0,0,0,4,1,6,1,21,5,1398,1,2,-1,1,-1
201501YR90901,2,9,0,18,0,8,0,0,0,0,1,1,6,1,22,5,1995,1,10,-1,-1,-1
201501YR90902,1,9,0,9,0,8,0,0,0,0,1,1,6,2,38,7,1968,2,1,-1,1,-1
201501YR90902,2,3,0,18,0,8,0,0,0,0,1,1,6,1,30,6,125,1,1,-1,1,-1
201501YR90903,1,9,0,18,0,0,0,0,0,0,1,1,6,1,40,7,998,1,6,-1,1,-1
201501YR90904,1,9,0,18,0,1,0,4,0,0,4,1,6,2,47,8,1598,1,-1,-1,1,-1
201501YR90905,1,9,0,5,0,1,0,0,0,0,3,1,6,1,49,8,1598,1,11,-1,1,-1
201501YR90905,2,9,0,13,0,1,0,0,0,0,4,1,6,1,-1,-1,1242,1,6,-1,-1,-1
201501YR90906,1,9,0,8,0,8,0,0,0,0,2,1,6,2,38,7,1910,2,13,-1,1,-1
201501YR90906,2,9,0,18,0,8,0,0,0,0,1,1,6,1,-1,-1,1988,1,14,-1,-1,-1
201501YR90907,1,3,0,16,0,0,0,0,0,0,1,1,6,1,18,4,-1,-1,-1,-1,1,-1
201501YR90907,2,9,0,17,0,0,0,0,0,0,4,1,6,1,41,7,2967,2,3,-1,1,-1
201501YR90908,1,3,0,18,0,0,0,0,0,0,3,1,6,1,27,6,124,1,2,-1,1,-1
201501YR90909,1,9,0,11,0,0,0,0,0,0,4,1,6,2,43,7,1767,1,14,-1,1,-1
201501YR90909,2,3,0,15,0,0,0,0,0,0,1,1,6,1,22,5,125,1,3,-1,1,-1
201501YR90910,1,9,0,6,0,0,0,0,0,0,3,1,6,1,51,8,-1,-1,-1,-1,1,-1
201501YR90910,2,3,0,14,0,0,0,0,0,0,1,1,6,1,56,9,124,1,5,-1,1,-1
201501YR90911,1,4,0,18,0,0,0,0,0,0,1,1,6,1,29,6,399,1,8,-1,1,-1
201501YR90912,1,9,0,4,0,0,0,0,0,0,2,1,6,2,31,6,1796,1,8,-1,-1,-1
201501YR90912,2,9,0,18,0,0,0,0,0,0,1,1,6,1,60,9,1598,1,13,-1,-1,-1
201501YR90913,1,9,0,5,0,1,0,0,0,0,1,1,6,1,50,8,1796,1,13,-1,1,-1
201501YR90914,1,9,0,9,0,1,0,0,0,0,4,1,1,1,60,9,2497,2,15,-1,1,-1
201501YR90914,2,1,0,18,0,1,0,0,0,0,0,1,1,1,43,7,-1,-1,-1,-1,1,-1
201501YR90915,1,9,0,13,0,0,5,0,0,0,4,1,6,1,25,5,1368,1,9,-1,1,-1
201501YR90915,2,9,0,18,0,0,0,4,1,10,3,1,6,2,33,6,-1,-1,-1,-1,1,-1
201501YR90915,3,9,0,2,0,0,0,0,0,0,1,1,6,1,44,7,-1,-1,-1,-1,1,-1
201501YR90915,4,9,0,18,0,0,0,0,0,0,3,1,6,2,36,7,1497,1,14,-1,1,-1
201501YR90917,1,9,0,6,0,8,0,0,0,0,4,1,6,1,18,4,-1,-1,-1,-1,1,-1
201501YR90917,2,9,0,18,0,8,0,0,0,0,1,1,6,3,-1,-1,1997,1,8,-1,-1,-1
201501YR90918,1,9,0,9,0,8,0,0,0,0,1,1,6,1,48,8,1769,1,11,-1,1,-1
201501YR90919,1,9,0,9,0,8,0,0,0,0,4,1,6,2,56,9,1332,1,17,-1,1,-1
201501YR90919,2,1,0,15,0,8,0,0,0,0,1,1,6,2,24,5,-1,-1,-1,-1,-1,-1
201501YR90920,1,1,0,18,2,8,1,0,0,0,1,1,1,1,36,7,-1,-1,-1,-1,1,-1
201501YR90920,2,9,0,7,0,5,0,0,0,0,4,1,6,1,-1,-1,1598,1,8,-1,-1,-1
201501YR90921,1,11,0,18,0,2,0,0,0,0,1,1,6,1,53,8,6692,2,4,-1,1,-1
201501YR90923,1,1,0,5,0,8,0,0,0,0,3,1,6,1,25,5,-1,-1,-1,-1,-1,-1
201501YR90923,2,21,0,7,0,8,0,0,0,0,4,1,6,1,-1,-1,-1,-1,-1,-1,-1,-1
201501YR90924,1,1,0,15,0,2,0,0,0,0,1,1,2,1,46,8,-1,-1,-1,-1,1,-1
201501YR90925,1,9,0,2,0,1,0,0,0,0,3,1,6,2,24,5,1560,2,1,-1,1,-1
201501YR90925,2,9,0,18,0,1,0,4,0,0,1,1,6,1,49,8,-1,-1,-1,-1,1,-1
201501YR90926,1,2,0,18,0,1,0,0,0,0,1,1,1,1,40,7,49,1,2,-1,1,-1
201501YR90926,2,9,0,7,0,2,0,0,0,0,3,1,6,1,55,8,993,1,15,-1,1,-1
201501YR90927,1,9,0,18,0,1,0,0,0,0,1,1,6,2,41,7,1198,1,1,-1,1,-1
201501YR90927,2,9,0,18,0,1,0,10,7,0,4,1,6,1,46,8,3996,1,14,-1,-1,-1
201501YR90928,1,11,0,18,0,0,0,0,0,0,0,1,1,1,22,5,6692,2,4,-1,1,-1
201501YR90929,1,11,0,18,0,1,0,0,0,0,0,1,1,1,60,9,4500,2,4,-1,1,-1
201501YR90930,1,9,0,18,0,0,0,0,0,0,1,1,1,1,51,8,1997,2,3,-1,1,-1
201501YR90930,2,9,0,2,0,0,0,0,0,0,2,1,2,1,44,7,1596,1,15,-1,1,-1
201501YR90931,1,5,0,15,0,1,0,0,0,0,1,1,6,1,36,7,645,1,5,-1,1,-1
201501YR90932,1,19,0,4,0,2,0,0,0,0,1,1,6,1,26,6,2148,2,7,-1,1,-1
201501YR90933,1,2,0,15,0,8,0,0,0,0,1,1,1,1,17,4,108,1,-1,-1,-1,-1
201501YR90933,2,9,0,9,0,5,0,0,0,0,4,1,6,1,49,8,1896,2,11,-1,1,-1
201501YR90934,1,9,0,18,0,2,0,0,0,0,1,1,2,1,34,6,1995,1,11,-1,1,-1
201501YR90934,2,9,0,5,0,2,0,0,0,0,2,1,1,1,18,4,1997,2,-1,-1,1,-1
201501YR90935,1,9,0,4,0,1,0,0,0,0,2,1,6,1,20,4,1686,2,9,-1,1,-1
201501YR90935,2,9,0,18,0,1,0,0,0,0,1,1,6,1,37,7,1995,2,10,-1,1,-1
201501YR90936,1,9,0,5,0,1,0,0,0,0,1,1,6,1,49,8,1198,1,5,-1,1,-1
201501YR90937,1,5,0,4,0,1,0,0,1,0,0,1,2,1,35,6,988,1,13,-1,1,-1
201501YR90937,2,9,0,9,0,5,0,0,0,0,0,1,2,1,28,6,-1,-1,-1,-1,1,-1
201501YR90938,1,1,0,18,0,8,1,0,0,0,1,1,6,1,26,6,-1,-1,-1,-1,1,-1
201501YR90938,2,9,0,7,0,5,0,0,0,0,4,1,6,1,-1,-1,-1,-1,-1,-1,-1,-1
201501YR90939,1,9,0,9,0,6,0,0,0,0,3,1,6,1,32,6,1999,1,-1,-1,-1,-1
201501YR90939,2,3,0,13,0,8,0,0,0,0,1,1,2,1,38,7,125,1,3,-1,1,-1
201501YR90941,1,9,0,18,0,2,0,0,0,0,1,1,2,2,29,6,1598,1,4,-1,1,-1
201501YR90941,2,9,0,6,0,2,0,0,0,0,3,2,2,1,20,4,-1,-1,-1,-1,1,-1
201501YR90942,1,8,0,8,0,8,0,0,0,0,3,1,1,1,59,9,1686,2,4,-1,1,-1
201501YR90942,2,19,0,9,0,8,0,0,0,0,3,1,6,1,-1,-1,2148,2,7,-1,-1,-1
201501YR90943,1,9,0,2,0,2,0,0,0,0,4,1,6,1,27,6,1997,1,9,-1,1,-1
201501YR90943,2,9,0,7,0,2,0,4,0,0,4,1,6,3,-1,-1,-1,-1,-1,-1,-1,-1
201501YR90947,1,9,0,9,0,8,0,0,0,0,1,1,6,1,31,6,1497,8,6,-1,1,-1
201501YR90947,2,3,0,18,0,8,0,0,0,0,4,1,6,1,23,5,108,1,1,-1,1,-1
201501YR90948,1,9,0,9,0,8,0,0,0,0,3,1,2,1,47,8,1796,1,15,-1,1,-1
201501YR90949,1,9,0,18,0,0,0,0,0,0,1,1,6,1,59,9,1596,1,7,-1,1,-1
201501YR90950,1,9,0,18,0,1,0,0,0,0,1,1,6,1,19,4,1598,2,4,-1,1,-1
201501YR90950,2,9,0,3,0,1,0,0,0,0,2,1,6,2,49,8,1587,1,11,-1,1,-1
201501YR90950,3,9,0,3,0,1,0,0,0,0,2,1,6,1,88,11,1199,1,12,-1,1,-1
201501YR90950,4,9,0,3,0,1,0,0,0,0,2,1,6,2,26,6,1198,1,-1,-1,-1,-1
201501YR90951,1,19,0,4,0,0,0,0,0,0,1,1,6,1,45,7,-1,-1,-1,-1,-1,-1
201501YR90952,1,9,0,18,0,0,0,7,7,1,1,1,6,2,25,5,1499,2,1,-1,1,-1
201501YR90953,1,3,0,18,0,8,0,0,0,0,1,1,1,1,32,6,125,1,6,-1,-1,-1
201501YR90953,2,19,0,9,0,5,0,0,0,0,4,1,6,1,30,6,2463,2,12,-1,-1,-1
201501YR90955,1,11,0,18,0,1,0,0,0,0,0,1,1,1,48,8,6700,2,3,-1,1,-1
201501YR90957,1,9,0,18,0,1,0,0,0,0,4,1,6,1,22,5,-1,-1,-1,-1,1,-1
201501YR90958,1,9,0,6,0,1,0,0,0,0,1,1,6,2,25,5,1598,1,11,-1,3,-1
201501YR90958,2,3,0,13,0,1,0,0,7,10,4,1,6,1,26,6,-1,-1,-1,-1,1,-1
201501YR90959,1,9,0,18,0,1,0,4,0,0,4,1,6,1,85,11,1200,1,-1,-1,1,-1
201501YR90959,2,9,0,2,0,1,0,0,1,0,3,1,6,3,-1,-1,1242,1,5,-1,-1,-1
201501YR90959,3,9,0,2,0,1,0,0,0,0,3,1,6,3,-1,-1,1796,1,4,-1,-1,-1
201501YR90960,1,9,0,5,0,1,0,0,0,0,1,1,6,1,23,5,1242,1,1,-1,-1,-1
201501YR90961,1,1,0,18,0,0,0,0,0,0,1,1,6,1,-1,-1,-1,-1,-1,-1,-1,-1
201501YR90962,1,9,0,17,0,2,0,0,0,0,3,1,6,1,39,7,1598,1,7,-1,1,-1
201501YR90962,2,3,0,16,0,1,1,0,0,0,1,1,6,1,23,5,124,1,7,-1,-1,-1
201501YR90962,3,9,0,17,0,2,0,0,0,0,3,1,6,1,33,6,-1,-1,-1,-1,1,-1
201501YR90963,1,1,0,18,9,8,0,0,0,0,1,1,6,1,-1,-1,-1,-1,-1,-1,-1,-1
201501YR90965,1,11,0,5,0,2,0,0,0,0,0,1,1,2,55,8,6692,2,2,-1,1,-1
201501YR90966,1,4,0,13,0,1,0,0,0,0,1,1,6,1,28,6,-1,-1,-1,-1,1,-1
201501YR90966,2,9,0,5,0,1,0,0,0,0,3,1,6,1,32,6,2143,2,1,-1,1,-1
201501YR90967,1,9,0,9,0,5,0,0,0,0,3,1,6,2,29,6,1686,2,2,-1,1,-1
201501YR90967,2,3,0,13,0,8,0,0,0,0,4,1,6,1,50,8,249,1,14,-1,-1,-1
201501YR90968,1,9,0,9,0,5,0,0,0,0,1,1,6,2,81,11,1199,1,14,-1,1,-1
201501YR90968,2,3,0,15,0,8,0,0,0,0,3,1,6,1,19,4,124,1,3,-1,1,-1
201501YR90970,1,9,0,11,0,0,0,0,0,0,4,1,6,2,49,8,1598,1,1,-1,1,-1
201501YR90970,2,9,0,18,0,0,0,0,0,0,1,1,6,2,28,6,-1,-1,-1,-1,1,-1
201501YR90971,1,9,0,18,0,8,0,0,0,0,1,1,6,1,27,6,1798,1,3,-1,1,-1
201501YR90971,2,9,0,9,0,5,0,7,7,0,4,1,6,2,31,6,1360,1,9,-1,1,-1
201501YR90972,1,9,0,9,0,5,0,0,0,0,4,1,6,1,26,6,998,1,14,-1,1,-1
201501YR90972,2,9,0,4,0,8,0,0,0,0,1,1,6,1,34,6,1595,1,15,-1,1,-1
201501YR90973,1,19,0,18,0,0,0,0,0,0,1,1,6,3,-1,-1,-1,-1,-1,-1,-1,-1
201501YR90973,2,1,0,5,0,0,0,0,0,0,3,1,2,1,53,8,-1,-1,-1,-1,1,-1
201501YR90974,1,9,0,3,0,1,0,0,0,0,2,1,6,1,38,7,1968,2,4,-1,1,-1
201501YR90974,2,9,0,18,0,1,0,0,0,0,1,1,6,2,-1,-1,1240,1,12,-1,1,-1
201501YR90975,1,11,0,4,0,1,0,0,0,0,0,1,1,1,27,6,6692,2,2,-1,1,-1
201501YR90976,1,9,0,18,0,1,0,0,0,0,2,1,6,1,32,6,2993,2,2,-1,1,-1
201501YR90976,2,9,0,18,0,1,0,0,0,0,1,1,6,1,-1,-1,1753,2,13,-1,-1,-1
201501YR90977,1,9,0,18,0,2,0,0,0,0,1,1,6,1,28,6,1796,1,9,-1,1,-1
201501YR90978,1,11,0,18,0,1,0,0,0,0,0,1,1,1,24,5,6692,2,4,-1,1,-1
201501YR90979,1,9,0,18,0,2,0,0,0,0,4,1,6,2,22,5,1229,1,1,-1,1,-1
201501YR90979,2,9,0,18,0,1,0,0,0,0,1,1,6,1,48,8,1598,1,17,-1,1,-1
201501YR90980,1,9,0,6,0,1,0,0,0,0,3,1,6,2,29,6,1998,1,5,-1,1,-1
201501YR90980,2,5,0,18,0,1,0,0,0,0,1,1,6,1,21,5,471,1,1,-1,1,-1
201501YR90981,1,11,0,4,0,1,0,0,0,0,0,1,1,2,59,9,6692,2,4,-1,1,-1
201501YR90982,1,9,0,18,0,2,0,0,0,0,1,1,6,2,39,7,1390,1,6,-1,1,-1
201501YR90982,2,9,0,3,0,2,0,0,0,0,2,1,6,1,34,6,-1,-1,-1,-1,1,-1
201501YR90983,1,3,0,18,0,8,1,0,0,0,1,1,2,1,50,8,124,1,1,-1,1,-1
201501YR90983,2,9,0,1,0,6,0,0,0,0,2,1,6,3,-1,-1,1560,2,9,-1,-1,-1
201501YR90984,1,9,0,9,0,5,0,0,0,0,1,1,6,1,43,7,1498,1,8,-1,1,-1
201501YR90984,2,9,0,18,0,8,0,0,0,0,3,1,6,1,56,9,1332,1,18,-1,1,-1
201501YR90985,1,11,0,18,0,0,0,0,0,0,0,1,1,1,41,7,9360,2,3,-1,1,-1
201501YR90986,1,3,0,18,0,1,0,0,1,0,1,1,6,1,32,6,649,1,2,-1,1,-1
201501YR90987,1,9,0,3,0,0,0,0,0,0,4,1,6,1,-1,-1,1995,2,3,-1,1,-1
201501YR90987,2,1,0,15,0,0,0,0,0,0,3,1,6,1,49,8,-1,-1,-1,-1,1,-1
201501YR90990,1,3,0,18,0,8,0,0,0,0,4,1,6,1,19,4,-1,-1,-1,-1,1,-1
201501YR90990,2,9,0,9,0,8,0,0,0,0,1,1,6,1,52,8,2362,1,15,-1,1,-1
201501YR90991,1,9,0,11,0,1,0,0,0,0,3,1,6,1,57,9,1590,1,17,-1,1,-1
201501YR90991,2,19,0,13,0,1,0,0,0,0,4,1,6,1,-1,-1,-1,-1,-1,-1,-1,-1
201501YR90992,1,9,0,18,0,8,0,7,0,0,1,1,6,2,39,7,1124,1,15,-1,1,-1
201501YR90993,1,9,0,2,0,2,0,0,0,0,2,1,6,1,31,6,1984,1,7,-1,1,-1
201501YR90993,2,9,0,18,0,2,0,0,0,0,1,1,6,1,38,7,3199,1,17,-1,-1,-1
201501YR90994,1,3,0,18,0,0,0,0,0,0,1,1,6,1,-1,-1,-1,-1,-1,-1,-1,-1
201501YR90995,1,1,0,18,0,8,0,0,0,0,3,1,2,2,33,6,-1,-1,-1,-1,1,-1
201501YR90995,2,9,0,5,0,6,0,0,0,0,1,1,6,2,-1,-1,1598,1,4,-1,1,-1
201501YR90996,1,8,0,18,0,1,0,0,0,0,4,1,6,1,40,7,1956,2,6,-1,1,-1
201501YR90996,2,9,0,2,9,1,0,0,0,0,3,1,6,2,30,6,1197,1,4,-1,-1,-1
201501YR90998,1,9,0,9,0,6,0,0,0,0,1,1,6,2,45,7,1995,2,12,-1,1,-1
201501YR90998,2,9,0,18,0,8,0,0,0,0,4,1,6,2,57,9,1242,1,4,-1,1,-1
201501YR90999,1,9,0,4,0,8,0,0,0,0,2,1,6,2,41,7,1289,1,15,-1,1,-1
201501YR90999,2,9,0,7,0,8,0,0,0,0,1,1,6,1,32,6,2499,2,14,-1,-1,-1
201501YR91000,1,11,0,4,0,0,0,0,0,0,0,1,1,1,32,6,4500,2,4,-1,1,-1
201501YR91013,1,11,0,18,0,1,0,0,0,0,4,1,6,1,38,7,6700,2,3,-1,1,-1
201501YR91014,1,4,0,13,0,1,0,0,0,0,4,1,1,1,50,8,234,1,17,-1,1,-1
201501YR91014,2,9,0,12,0,1,0,0,0,0,3,1,6,3,-1,-1,-1,-1,-1,-1,-1,-1
201501YR91015,1,9,0,18,0,0,0,0,0,0,1,1,6,3,-1,-1,-1,-1,-1,-1,-1,-1
201501YR91016,1,9,0,7,0,8,0,0,0,0,2,1,6,1,43,7,1910,2,9,-1,1,-1
201501YR91016,2,9,0,18,0,8,0,0,0,0,1,1,6,1,69,10,1997,1,3,-1,1,-1
201501YR91020,1,9,0,18,0,2,0,0,0,0,1,1,6,1,40,7,973,1,13,-1,-1,-1
201501YR91021,1,9,0,9,0,8,0,0,0,0,3,1,6,1,54,8,1781,1,14,-1,1,-1
201501YR91021,2,3,0,13,0,8,0,0,0,0,4,1,6,1,24,5,125,1,8,-1,1,-1
201501YR91022,1,3,0,4,0,0,0,0,0,0,0,1,1,1,31,6,124,1,4,-1,1,-1
201501YR91022,2,9,0,4,0,0,0,0,0,0,0,1,6,3,-1,-1,-1,-1,-1,-1,-1,-1
201501YR91028,1,9,0,9,0,2,1,0,1,10,1,1,6,2,22,5,1598,2,1,-1,1,-1
201501YR91029,1,11,0,9,0,8,0,0,0,0,0,1,1,1,39,7,4500,2,8,-1,2,-1
201501YR99001,1,11,0,5,0,0,0,0,0,0,0,1,1,1,57,9,6700,2,5,-1,1,-1
201501YR99003,1,9,0,18,0,0,0,0,0,0,1,1,6,2,46,8,1968,2,7,-1,1,-1
201501YR99003,2,9,0,18,0,0,0,0,0,0,2,1,6,1,36,7,1997,2,10,-1,1,-1
201501YR99005,1,9,0,5,0,1,0,0,0,0,3,1,6,1,50,8,2231,2,8,-1,1,-1
201501YR99006,1,9,0,14,0,1,0,4,0,0,1,1,6,1,38,7,1781,1,11,-1,1,-1
201501YR99006,2,9,0,18,0,1,0,0,0,0,1,1,6,1,44,7,1390,1,12,-1,1,-1
201501YR99006,3,9,0,2,0,1,0,0,0,0,4,1,1,1,-1,-1,-1,-1,-1,-1,-1,-1
201501YR99007,1,9,0,9,0,5,0,0,0,0,1,1,6,1,37,7,-1,-1,-1,-1,1,-1
201501YR99007,2,9,0,7,0,5,0,0,0,0,3,1,6,1,46,8,2497,2,11,-1,-1,-1
201501YR99008,1,9,0,1,0,1,0,0,0,0,2,1,6,3,-1,-1,-1,-1,-1,-1,-1,-1
201501YR99008,2,9,0,3,0,2,0,0,0,0,3,1,6,1,44,7,1997,2,4,-1,1,-1
201501YR99009,1,9,0,18,0,8,0,0,0,0,1,1,6,2,45,7,1461,2,3,-1,1,-1
201501YR99009,2,9,0,9,0,8,0,0,0,0,4,1,6,2,37,7,1389,1,12,-1,1,-1