Accident_Index,Vehicle_Reference,Vehicle_Type,Towing_and_Articulation,Vehicle_Manoeuvre,Vehicle_Location-Restricted_Lane,Junction_Location,Skidding_and_Overturning,Hit_Object_in_Carriageway,Vehicle_Leaving_Carriageway,Hit_Object_off_Carriageway,1st_Point_of_Impact,Was_Vehicle_Left_Hand_Drive?,Journey_Purpose_of_Driver,Sex_of_Driver,Age_of_Driver,Age_Band_of_Driver,Engine_Capacity_(CC),Propulsion_Code,Age_of_Vehicle,Driver_IMD_Decile,Driver_Home_Area_Type,Vehicle_IMD_Decile
201501ZD30347,1,9,0,3,0,2,0,0,0,0,2,1,6,2,46,8,-1,-1,-1,-1,1,-1
201501ZD30347,2,9,0,3,0,2,0,0,0,0,1,1,6,1,-1,-1,1598,1,9,-1,1,-1
201501ZD30348,1,9,0,9,0,8,0,0,0,0,1,1,6,1,24,5,1598,1,9,-1,1,-1
201501ZD30348,2,1,0,18,0,8,0,0,0,0,1,1,6,2,33,6,-1,-1,-1,-1,-1,-1
201501ZD30349,1,9,0,18,0,2,0,0,0,0,1,1,6,3,-1,-1,-1,-1,-1,-1,-1,-1
201501ZD30350,1,9,0,18,0,2,0,0,0,0,1,1,6,1,-1,-1,-1,-1,-1,-1,-1,-1
201501ZD30351,1,9,0,4,0,0,0,0,0,0,1,1,6,1,40,7,1870,2,11,-1,-1,-1
201501ZD30351,2,9,0,4,0,0,0,0,0,0,2,1,6,2,-1,-1,2171,1,15,-1,-1,-1
201501ZD30352,1,9,0,18,0,1,0,0,0,0,1,1,1,1,51,8,1910,2,7,-1,1,-1
201501ZD30353,1,9,0,18,0,1,0,0,0,0,1,1,1,1,-1,-1,-1,-1,-1,-1,-1,-1
201501ZD30354,1,9,0,10,0,8,0,0,0,0,2,1,6,2,31,6,1896,2,12,-1,1,-1
201501ZD30354,2,3,0,18,0,8,0,0,0,0,1,1,6,1,18,4,109,1,1,-1,1,-1
201501ZD30355,1,19,0,7,0,8,0,0,0,0,4,1,6,1,29,6,1598,2,4,-1,1,-1
201501ZD30355,2,5,0,7,0,8,0,0,0,0,1,1,6,1,41,7,849,1,3,-1,1,-1
201501ZD30356,1,19,0,4,0,1,0,0,0,0,2,1,6,1,-1,-1,-1,-1,-1,-1,-1,-1
201501ZD30356,2,9,0,4,0,1,0,0,0,0,1,1,6,2,26,6,1995,1,6,-1,-1,-1
201501ZD30358,1,9,0,18,0,8,0,0,0,0,1,1,6,1,29,6,2180,2,18,-1,1,-1
201501ZD30358,2,9,0,18,0,8,0,0,0,0,3,1,6,2,46,8,1560,2,7,-1,1,-1
201501ZD30359,1,9,0,4,0,1,0,0,0,0,2,1,6,2,48,8,1598,1,7,-1,1,-1
201501ZD30359,2,9,0,4,0,1,0,0,0,0,1,1,6,1,-1,-1,-1,-1,-1,-1,-1,-1
201501ZD30360,1,3,0,18,0,8,0,0,0,0,1,1,6,1,24,5,125,1,6,-1,1,-1
201501ZD30360,2,9,0,9,0,8,0,0,0,0,4,1,6,1,51,8,1968,2,6,-1,-1,-1
201501ZD30361,1,8,0,9,0,8,0,0,0,0,4,1,1,1,53,8,1896,2,8,-1,1,-1
201501ZD30361,2,9,0,5,0,8,0,0,0,0,1,1,6,3,-1,-1,999,1,2,-1,-1,-1
201501ZD30362,1,90,0,18,9,2,0,0,0,0,1,1,6,3,-1,-1,-1,-1,-1,-1,-1,-1
201501ZD30363,1,9,0,9,0,8,0,0,0,0,4,1,6,1,42,7,1596,1,6,-1,1,-1
201501ZD30363,2,4,0,18,0,8,0,0,0,0,1,1,6,1,21,5,125,1,7,-1,1,-1
201501ZD30364,1,1,0,14,0,1,0,8,0,0,1,1,6,1,35,6,-1,-1,-1,-1,-1,-1
201501ZD30364,2,9,0,2,0,1,0,0,0,0,3,1,6,1,-1,-1,1248,2,8,-1,-1,-1
201501ZD30365,1,19,0,18,0,1,0,0,0,0,4,1,6,1,51,8,2143,2,3,-1,1,-1
201501ZD30367,1,9,0,18,0,8,0,0,0,0,4,1,6,1,31,6,1591,1,1,-1,1,-1
201501ZD30367,2,9,0,9,0,8,0,0,0,0,1,1,6,1,22,5,1198,1,9,-1,1,-1
201501ZD30368,1,1,0,18,0,8,0,0,0,0,1,1,6,1,37,7,-1,-1,-1,-1,-1,-1
201501ZD30368,2,9,0,9,0,8,0,0,0,0,4,1,6,3,-1,-1,-1,-1,-1,-1,-1,-1
201501ZD30369,1,9,0,18,0,1,0,10,1,7,1,1,6,2,19,4,1149,1,4,-1,1,-1
201501ZD30370,1,9,0,18,0,1,0,0,0,0,1,1,6,1,-1,-1,1995,2,11,-1,1,-1
201501ZD30370,2,9,0,6,0,2,0,0,0,0,3,1,6,3,-1,-1,-1,-1,-1,-1,-1,-1
201501ZD30373,1,9,0,18,0,1,0,0,0,0,2,1,6,1,25,5,1422,2,7,-1,1,-1
201501ZD30373,2,9,0,18,0,1,0,0,0,0,1,1,6,1,28,6,1995,2,1,-1,1,-1
201501ZD30373,3,9,0,18,0,1,0,0,0,0,2,1,6,3,-1,-1,-1,-1,-1,-1,-1,-1
201501ZD30374,1,1,0,18,0,8,0,0,0,0,1,1,6,1,42,7,-1,-1,-1,-1,1,-1
201501ZD30374,2,9,0,7,0,8,0,0,0,0,3,1,6,1,-1,-1,-1,-1,-1,-1,-1,-1
201501ZD30375,1,9,0,18,0,1,0,0,0,0,1,1,6,2,50,8,1348,1,14,-1,1,-1
201501ZD30376,1,9,0,9,0,8,0,0,0,0,3,1,6,2,59,9,1386,1,8,-1,1,-1
201501ZD30376,2,9,0,18,0,8,0,0,0,0,1,1,6,2,38,7,1995,2,10,-1,1,-1
201501ZD30377,1,9,0,9,0,8,0,0,0,0,4,1,6,1,35,6,2993,2,8,-1,1,-1
201501ZD30377,2,4,0,18,0,8,0,0,0,0,1,1,6,1,24,5,-1,-1,-1,-1,1,-1
201501ZD30378,1,9,0,3,0,1,0,0,0,0,2,1,6,1,43,7,1796,1,10,-1,1,-1
201501ZD30378,2,9,0,4,0,1,0,0,0,0,1,1,6,3,-1,-1,1968,2,5,-1,-1,-1
201501ZD30381,1,9,0,18,0,1,0,0,0,0,1,1,6,1,67,10,998,1,16,-1,1,-1
201501ZD30383,1,9,0,3,0,0,0,0,0,0,2,1,6,1,39,7,1998,2,3,-1,1,-1
201501ZD30383,2,9,0,18,0,0,0,0,0,0,1,1,6,3,-1,-1,-1,-1,-1,-1,-1,-1
201501ZD30384,1,9,0,18,0,1,0,0,0,0,2,1,6,2,50,8,1991,1,24,-1,1,-1
201501ZD30384,2,9,0,18,0,1,0,0,0,0,1,1,6,3,-1,-1,-1,-1,-1,-1,-1,-1
201501ZD30385,1,2,0,4,0,1,1,0,0,0,1,1,6,1,22,5,49,1,10,-1,-1,-1
201501ZD30385,2,9,0,4,0,1,0,0,0,0,2,1,6,2,39,7,1986,2,9,-1,-1,-1
201501ZD30386,1,3,0,13,0,8,0,0,0,0,1,1,6,1,17,4,102,1,1,-1,1,-1
201501ZD30386,2,9,0,9,0,8,0,0,0,0,3,1,6,3,-1,-1,1598,1,5,-1,-1,-1
201501ZD30387,1,9,0,4,0,1,0,0,0,0,1,1,6,1,23,5,1398,1,13,-1,1,-1
201501ZD30387,2,9,0,4,0,1,0,0,0,0,2,1,6,1,72,10,1587,1,17,-1,1,-1
201501ZD30389,1,3,0,18,0,2,0,0,0,0,1,1,6,1,21,5,125,1,6,-1,1,-1
201501ZD30391,1,3,0,18,0,0,0,0,0,0,0,1,6,1,19,4,649,1,-1,-1,1,-1
201501ZD30392,1,9,0,4,0,1,0,0,0,0,2,1,6,1,33,6,-1,-1,-1,-1,1,-1
201501ZD30392,2,9,0,4,0,1,0,0,0,0,1,1,6,1,-1,-1,1598,1,-1,-1,1,-1
201501ZD30393,1,11,0,4,0,1,0,0,0,0,0,1,1,1,38,7,6692,2,6,-1,1,-1
201501ZD30395,1,9,0,18,0,1,0,0,0,0,1,1,6,1,44,7,2996,1,9,-1,1,-1
201501ZD30396,1,5,0,18,0,1,0,0,0,0,1,1,6,1,45,7,-1,-1,-1,-1,1,-1
201501ZD30397,1,9,0,18,0,1,0,0,0,0,1,1,1,1,56,9,1956,2,3,-1,1,-1
201501ZD30398,1,2,0,5,0,1,0,0,0,0,1,1,6,3,-1,-1,125,1,9,-1,-1,-1
201501ZD30399,1,9,0,4,0,1,0,0,0,0,2,1,6,1,-1,-1,1910,2,8,-1,1,-1
201501ZD30399,2,9,0,4,0,1,0,0,0,0,1,1,6,1,-1,-1,1910,2,7,-1,-1,-1
201501ZD30400,1,9,0,4,0,8,0,0,0,0,2,1,6,1,31,6,1598,1,5,-1,1,-1
201501ZD30400,2,9,0,18,0,8,0,0,0,0,1,1,6,1,50,8,1995,1,8,-1,1,-1
201501ZD30401,1,1,0,7,0,8,0,0,0,0,4,1,6,1,-1,-1,-1,-1,-1,-1,-1,-1
201501ZD30402,1,9,0,18,0,8,0,0,0,0,1,1,6,3,-1,-1,-1,-1,-1,-1,-1,-1
201501ZD30402,2,1,0,18,0,8,0,0,0,0,3,1,6,1,50,8,-1,-1,-1,-1,1,-1
201501ZD30403,1,9,0,18,0,0,0,0,0,0,1,1,6,1,71,10,1584,1,7,-1,-1,-1
201501ZD30403,2,9,0,18,0,0,0,0,0,0,1,1,6,1,24,5,1769,2,22,-1,-1,-1
201501ZD30404,1,9,0,9,0,8,0,0,0,0,3,1,6,2,21,5,998,1,13,-1,-1,-1
201501ZD30404,2,9,0,18,0,8,0,0,0,0,1,1,6,2,18,4,1199,1,11,-1,1,-1
201501ZD30405,1,9,0,18,0,1,0,0,0,0,3,1,6,1,31,6,1240,1,11,-1,1,-1
201501ZD30405,2,9,0,18,0,2,0,0,0,0,3,1,6,2,23,5,1199,1,16,-1,1,-1
201501ZD30406,1,9,0,18,0,1,0,10,0,0,1,1,1,1,-1,-1,-1,-1,-1,-1,-1,-1
201501ZD30407,1,9,0,10,0,8,0,0,0,0,2,1,6,2,28,6,1296,1,8,-1,1,-1
201501ZD30407,2,5,0,18,0,8,0,0,0,0,1,1,6,2,41,7,750,1,3,-1,1,-1
201501ZD30408,1,9,0,18,0,0,0,0,0,0,3,1,6,1,22,5,1598,1,8,-1,1,-1
201501ZD30408,2,9,0,18,0,0,0,0,0,0,3,1,6,2,52,8,1598,1,3,-1,1,-1
201501ZD30409,1,9,0,3,0,2,0,0,0,0,3,1,6,2,38,7,1339,1,7,-1,1,-1
201501ZD30409,2,20,0,11,0,2,0,0,0,0,4,1,6,1,-1,-1,-1,-1,-1,-1,1,-1
201501ZD30410,1,9,0,9,0,2,0,0,0,0,1,1,6,1,37,7,1896,2,12,-1,1,-1
201501ZD30412,1,9,0,7,0,8,0,0,0,0,2,1,6,2,-1,-1,1796,1,9,-1,1,-1
201501ZD30412,2,9,0,18,0,8,0,0,0,0,1,1,6,1,-1,-1,-1,-1,-1,-1,-1,-1
201501ZD30415,1,19,0,9,0,8,0,0,0,0,4,1,1,2,28,6,1995,2,2,-1,-1,-1
201501ZD30415,2,1,0,18,0,8,0,0,0,0,1,1,6,1,44,7,-1,-1,-1,-1,1,-1
201501ZD30416,1,9,0,6,0,0,0,0,0,0,3,1,6,1,43,7,1896,2,12,-1,1,-1
201501ZD30416,2,5,0,18,0,0,0,0,0,0,4,1,6,1,32,6,599,1,9,-1,1,-1
201501ZD30416,3,9,0,2,0,0,0,0,0,0,3,1,6,3,-1,-1,1587,1,13,-1,-1,-1
201501ZD30419,1,9,0,18,0,8,0,0,0,0,1,1,6,1,51,8,-1,-1,-1,-1,1,-1
201501ZD30419,2,9,0,9,0,8,0,0,0,0,1,1,6,1,20,4,1995,2,7,-1,-1,-1
201501ZD30420,1,9,0,18,0,0,0,4,0,0,1,1,6,1,58,9,2996,1,8,-1,1,-1
201501ZD30420,2,9,0,2,0,0,0,0,0,0,2,1,6,3,-1,-1,1229,1,7,-1,-1,-1
201501ZD30421,1,9,0,6,0,8,0,0,0,0,3,1,6,1,49,8,1794,1,11,-1,1,-1
201501ZD30421,2,9,0,18,0,8,0,0,0,0,1,1,6,2,36,7,1598,1,9,-1,1,-1
201501ZD30422,1,9,0,7,0,8,0,0,0,0,1,1,6,1,49,8,4293,1,10,-1,1,-1
201501ZD30422,2,3,0,3,0,8,0,0,0,0,2,1,6,1,38,7,125,1,2,-1,1,-1
201501ZD30423,1,4,0,18,0,1,1,0,0,0,0,1,6,1,42,7,-1,-1,-1,-1,-1,-1
201501ZD30424,1,3,0,18,0,1,0,0,0,0,1,1,6,1,43,7,249,1,3,-1,3,-1
201501ZD30424,2,9,0,6,0,1,0,0,0,0,2,1,6,2,50,8,1240,1,5,-1,1,-1
201501ZD30425,1,11,0,4,0,1,0,0,0,0,0,1,1,1,62,9,-1,-1,-1,-1,1,-1
201501ZD30426,1,9,0,9,0,8,0,0,0,0,3,1,1,1,31,6,1998,2,3,-1,1,-1
201501ZD30426,2,9,0,18,0,8,0,0,0,0,1,1,6,2,31,6,1598,1,5,-1,1,-1
201501ZD30427,1,11,0,4,0,1,0,0,0,0,0,1,1,1,33,6,-1,-1,-1,-1,1,-1
201501ZD30429,1,11,0,18,0,8,0,0,0,0,0,1,1,1,58,9,6692,2,6,-1,-1,-1
201501ZD30429,2,9,0,9,0,8,0,0,0,0,0,1,6,3,-1,-1,-1,-1,-1,-1,-1,-1
201501ZD30430,1,9,0,9,0,2,0,0,0,0,1,1,6,2,48,8,1497,8,9,-1,1,-1
201501ZD30434,1,9,0,18,0,1,0,0,0,0,2,1,6,2,39,7,998,1,6,-1,1,-1
201501ZD30434,2,4,0,18,0,1,0,0,0,0,1,1,6,3,-1,-1,-1,-1,-1,-1,-1,-1
201501ZD30435,1,10,0,2,0,2,0,0,0,0,2,1,1,1,61,9,2198,2,4,-1,1,-1
201501ZD30435,2,2,0,18,0,2,0,4,0,0,1,1,6,1,16,4,-1,-1,-1,-1,-1,-1
201501ZD30436,1,21,1,7,0,8,0,0,0,0,3,1,1,1,43,7,-1,-1,-1,-1,1,-1
201501ZD30436,2,11,0,3,0,8,0,0,0,0,3,1,1,1,58,9,-1,-1,-1,-1,-1,-1
201501ZD30437,1,19,0,7,0,8,0,0,0,0,1,1,6,1,29,6,2402,2,4,-1,1,-1
201501ZD30437,2,8,0,9,0,8,0,0,0,0,1,1,1,1,-1,-1,1797,8,4,-1,-1,-1
201501ZD30438,1,9,0,7,0,8,0,0,0,0,3,1,6,1,85,11,-1,-1,-1,-1,-1,-1
201501ZD30438,2,2,0,18,0,8,0,0,0,0,1,1,6,1,-1,-1,49,1,1,-1,1,-1
201501ZD30439,1,9,0,3,0,1,0,0,0,0,1,1,6,1,45,7,-1,-1,-1,-1,1,-1
201501ZD30439,2,3,0,4,0,2,0,0,0,0,1,1,6,1,21,5,124,1,4,-1,1,-1
201501ZD30440,1,9,0,9,0,8,0,0,0,0,3,1,1,1,48,8,1896,2,9,-1,1,-1
201501ZD30440,2,3,0,18,0,8,0,0,0,0,1,1,6,1,29,6,124,1,1,-1,1,-1
201501ZD30441,1,9,0,18,0,2,0,0,0,0,1,1,1,1,54,8,1997,2,2,-1,1,-1
201501ZD30441,2,9,0,18,0,1,0,0,0,0,1,1,6,2,36,7,1968,2,10,-1,1,-1
201501ZD30443,1,9,0,18,0,8,0,0,0,0,3,1,6,1,40,7,1599,1,10,-1,1,-1
201501ZD30443,2,9,0,18,0,8,0,0,0,0,1,1,6,1,-1,-1,-1,-1,-1,-1,-1,-1
201501ZD30444,1,9,0,9,0,8,0,0,0,0,1,1,6,2,19,4,1360,1,11,-1,1,-1
201501ZD30444,2,9,0,14,0,8,0,0,0,0,4,1,6,1,56,9,1299,1,12,-1,1,-1
201501ZD30445,1,9,0,14,0,1,0,0,0,0,4,1,6,1,-1,-1,-1,-1,-1,-1,-1,-1
201501ZD30445,2,11,0,3,0,1,0,0,0,0,3,1,1,1,66,10,3900,2,12,-1,-1,-1
201501ZD30446,1,1,0,18,0,8,0,0,0,0,4,1,6,1,58,9,-1,-1,-1,-1,-1,-1
201501ZD30446,2,9,0,9,0,8,0,0,0,0,1,1,6,2,30,6,1149,1,12,-1,1,-1
201501ZD30448,1,20,0,18,0,2,0,10,1,5,1,1,1,1,54,8,3920,2,10,-1,1,-1
201501ZD30449,1,9,0,16,0,8,0,0,0,0,1,1,6,1,45,7,-1,-1,-1,-1,1,-1
201501ZD30449,2,4,0,18,0,8,0,0,0,0,4,1,6,1,57,9,600,1,11,-1,-1,-1
201501ZD30450,1,9,0,4,0,0,0,0,0,0,1,1,6,1,-1,-1,-1,-1,-1,-1,-1,-1
201501ZD30450,2,9,0,3,0,0,0,0,0,0,2,1,6,1,27,6,1364,2,6,-1,1,-1
201501ZD30452,1,9,0,13,0,1,0,0,0,0,1,1,1,1,39,7,1796,1,7,-1,1,-1
201501ZD30452,2,1,0,18,0,1,0,0,0,0,2,1,6,2,40,7,-1,-1,-1,-1,1,-1
201501ZD30453,1,9,0,18,0,8,0,0,0,0,3,1,6,1,22,5,1796,1,9,-1,1,-1
201501ZD30453,2,9,0,18,0,8,0,0,0,0,1,1,6,2,71,10,1595,1,2,-1,1,-1
201501ZD30454,1,9,0,18,0,0,0,0,0,0,1,1,6,1,30,6,1910,2,9,-1,1,-1
201501ZD30454,2,9,0,18,0,0,0,0,0,0,1,1,6,3,-1,-1,4266,1,16,-1,-1,-1
201501ZD30454,3,9,0,2,0,0,0,0,0,0,3,1,6,3,-1,-1,-1,-1,-1,-1,-1,-1
201501ZD30455,1,3,0,7,0,8,0,0,0,0,3,1,6,1,18,4,125,1,2,-1,1,-1
201501ZD30455,2,9,0,7,0,8,0,0,0,0,4,1,6,1,51,8,1560,2,11,-1,2,-1
201501ZD30456,1,9,0,18,0,1,0,0,0,0,1,1,6,2,27,6,1229,1,6,-1,1,-1
201501ZD30458,1,9,0,7,0,8,0,0,0,0,3,1,6,1,28,6,1796,1,17,-1,1,-1
201501ZD30458,2,5,0,18,0,8,0,0,0,0,1,1,6,1,27,6,108,1,3,-1,1,-1
201501ZD30460,1,11,0,18,0,8,0,0,0,0,4,1,1,1,50,8,9200,2,10,-1,-1,-1
201501ZD30460,2,9,0,1,0,8,0,0,0,0,2,1,6,2,40,7,2497,2,10,-1,1,-1
201501ZD30462,1,3,0,18,0,8,0,0,0,0,1,1,6,1,21,5,125,1,3,-1,1,-1
201501ZD30462,2,9,0,9,0,8,0,0,0,0,3,1,6,3,-1,-1,-1,-1,-1,-1,-1,-1
201501ZD30464,1,9,0,3,0,1,0,0,0,0,2,1,6,2,30,6,1596,1,11,-1,1,-1
201501ZD30464,2,4,0,4,0,1,0,0,0,0,1,1,6,1,-1,-1,535,1,16,-1,1,-1
201501ZD30466,1,9,0,3,0,1,0,0,0,0,2,1,6,2,33,6,1598,1,2,-1,1,-1
201501ZD30466,2,9,0,3,0,1,0,0,0,0,2,1,6,1,35,6,1598,1,10,-1,1,-1
201501ZD30466,3,9,0,4,0,1,0,0,0,0,1,1,6,2,25,5,1598,1,7,-1,1,-1
201501ZD30467,1,9,0,18,0,1,0,0,0,0,1,1,6,2,44,7,1149,1,14,-1,-1,-1
201501ZD30467,2,9,0,18,0,2,0,0,0,0,1,1,6,3,-1,-1,1149,1,14,-1,-1,-1
201501ZD30468,1,8,0,18,0,1,0,0,0,0,1,1,1,1,31,6,1582,2,2,-1,1,-1
201501ZD30468,2,9,0,18,0,1,0,0,0,0,2,1,6,1,49,8,1124,1,15,-1,-1,-1
201501ZD30469,1,9,0,18,0,1,0,0,0,0,1,1,6,2,51,8,4966,1,10,-1,1,-1
201501ZD30470,1,11,0,4,0,0,0,0,0,0,0,1,6,1,40,7,-1,-1,-1,-1,1,-1
201501ZD30471,1,9,0,18,0,8,0,0,0,0,3,1,6,2,26,6,2457,1,8,-1,1,-1
201501ZD30471,2,9,0,18,0,8,0,0,0,0,1,1,6,1,22,5,2000,2,9,-1,1,-1
201501ZD30472,1,11,0,4,0,1,0,0,0,0,0,1,1,1,55,8,3900,2,12,-1,1,-1
201501ZD30473,1,2,0,18,0,8,0,0,0,0,1,1,6,1,45,7,125,1,2,-1,1,-1
201501ZD30473,2,9,0,9,0,8,0,0,0,0,3,1,6,1,32,6,1995,2,11,-1,1,-1
201501ZD30474,1,9,0,3,0,1,0,0,0,0,2,1,6,1,61,9,1461,2,4,-1,1,-1
201501ZD30474,2,1,0,18,0,1,0,0,0,0,1,1,6,1,26,6,-1,-1,-1,-1,1,-1
201501ZD30475,1,9,0,18,0,8,0,0,0,0,4,1,6,1,37,7,1988,1,14,-1,1,-1
201501ZD30475,2,9,0,18,0,8,0,0,0,0,1,1,6,1,29,6,1395,1,1,-1,1,-1
201501ZD30477,1,9,0,9,0,8,0,0,0,0,4,1,6,1,35,6,2685,2,12,-1,1,-1
201501ZD30477,2,1,0,18,0,8,0,0,0,0,1,1,6,1,27,6,-1,-1,-1,-1,1,-1
201501ZD30478,1,9,0,18,0,1,0,0,0,0,1,1,6,1,82,11,1995,1,13,-1,1,-1
201501ZD30479,1,9,0,18,0,1,0,4,0,0,1,1,6,1,49,8,1395,1,-1,-1,1,-1
201501ZD30479,2,9,0,2,0,1,0,0,0,0,2,1,1,1,59,9,3200,2,-1,-1,3,-1
201501ZD30480,1,3,0,18,0,8,0,0,0,0,1,1,6,1,44,7,124,1,7,-1,1,-1
201501ZD30480,2,9,0,7,0,8,0,0,0,0,3,1,1,1,37,7,1910,2,5,-1,1,-1
201501ZD30481,1,9,0,18,0,1,0,0,0,0,1,1,6,1,57,9,1769,1,13,-1,1,-1
201501ZD30482,1,1,0,18,0,2,0,0,0,0,1,1,6,1,-1,-1,-1,-1,-1,-1,1,-1
201501ZD30482,2,9,0,7,0,2,0,0,0,0,3,1,6,2,-1,-1,-1,-1,-1,-1,1,-1
201501ZD30483,1,11,0,5,0,2,0,0,0,0,0,1,1,1,53,8,-1,-1,-1,-1,1,-1
201501ZD30484,1,9,0,9,0,2,0,0,0,0,4,1,6,1,58,9,1461,2,4,-1,1,-1
201501ZD30485,1,9,0,9,0,8,0,0,0,0,4,1,6,1,24,5,1896,2,6,-1,-1,-1
201501ZD30485,2,1,0,18,0,8,0,0,0,0,1,1,6,1,24,5,-1,-1,-1,-1,-1,-1
201501ZD30486,1,9,0,18,0,0,0,0,0,0,1,1,6,2,46,8,1596,1,11,-1,1,-1
201501ZD30487,1,9,0,9,0,8,0,0,0,0,3,1,6,2,29,6,1390,1,9,-1,1,-1
201501ZD30487,2,3,0,18,0,8,0,0,0,0,1,1,1,1,23,5,108,1,4,-1,1,-1
201501ZD30488,1,9,0,18,0,0,0,0,0,0,2,1,6,1,35,6,2494,1,11,-1,1,-1
201501ZD30488,2,9,0,18,0,0,0,0,0,0,1,1,6,1,52,8,-1,-1,-1,-1,1,-1
201501ZD30489,1,9,0,18,0,1,0,0,0,0,1,1,6,3,-1,-1,-1,-1,-1,-1,-1,-1
201501ZD30490,1,9,0,9,0,8,0,0,0,0,3,1,6,2,33,6,1461,2,4,-1,1,-1
201501ZD30490,2,2,0,18,0,8,0,0,0,0,1,1,6,1,20,4,49,1,12,-1,1,-1
201501ZD30491,1,9,0,3,0,8,0,0,0,0,2,1,6,2,45,7,2902,2,11,-1,1,-1
201501ZD30491,2,9,0,4,0,8,0,0,0,0,1,1,6,3,-1,-1,1229,1,1,-1,-1,-1
201501ZD30492,1,1,0,18,0,2,0,0,0,0,1,1,6,2,56,9,-1,-1,-1,-1,1,-1
201501ZD30492,2,9,0,1,0,1,0,0,0,0,2,1,6,3,-1,-1,-1,-1,-1,-1,-1,-1
201501ZD30493,1,9,0,18,0,2,0,0,0,0,1,1,6,1,23,5,1197,1,-1,-1,1,-1
201501ZD30493,2,19,0,2,0,2,0,0,0,0,2,1,6,1,40,7,2300,2,10,-1,1,-1
201501ZD30495,1,9,0,9,0,2,0,0,0,0,1,1,6,1,50,8,1598,2,4,-1,1,-1
201501ZD30496,1,9,0,18,0,8,0,0,0,0,3,1,6,1,43,7,1598,1,4,-1,1,-1
201501ZD30496,2,3,0,18,0,8,0,0,0,0,1,1,6,1,29,6,108,1,7,-1,1,-1
201501ZD30497,1,9,0,18,0,8,0,0,0,0,4,1,6,2,41,7,-1,-1,-1,-1,1,-1
201501ZD30497,2,9,0,7,0,8,0,0,0,0,1,1,6,1,-1,-1,1587,1,16,-1,-1,-1
201501ZD30498,1,9,0,1,0,0,0,0,0,0,4,1,6,2,-1,-1,1198,1,-1,-1,-1,-1
201501ZD30499,1,19,0,9,0,8,0,0,0,0,0,1,6,1,-1,-1,-1,-1,-1,-1,-1,-1
201501ZD30499,2,9,0,18,0,8,0,0,0,0,1,1,6,1,25,5,2204,2,9,-1,1,-1
201501ZD30500,1,19,0,18,0,0,0,0,0,0,1,1,6,1,27,6,1248,2,5,-1,1,-1
201501ZD30500,2,19,0,2,0,0,0,0,0,0,1,1,6,3,-1,-1,-1,-1,-1,-1,-1,-1
201501ZD30501,1,3,0,18,0,8,0,0,0,0,0,1,6,1,24,5,124,1,1,-1,1,-1
201501ZD30501,2,9,0,7,0,8,0,0,0,0,0,1,6,2,30,6,998,1,5,-1,1,-1
201501ZD30502,1,9,0,9,0,8,0,0,0,0,1,1,6,2,41,7,-1,-1,-1,-1,1,-1
201501ZD30502,2,9,0,18,0,8,0,0,0,0,1,1,6,2,47,8,1598,1,1,-1,1,-1
201501ZD30503,1,1,0,9,0,2,0,0,0,0,3,1,6,2,50,8,-1,-1,-1,-1,1,-1
201501ZD30503,2,9,0,9,0,2,0,0,0,0,4,1,6,1,-1,-1,2198,1,11,-1,1,-1
201501ZD30504,1,9,0,13,0,1,0,0,0,0,1,1,6,1,36,7,1895,1,15,-1,1,-1
201501ZD30504,2,1,0,18,0,1,0,0,0,0,2,1,6,1,-1,-1,-1,-1,-1,-1,-1,-1
201501ZD30505,1,9,0,18,0,0,0,0,0,0,3,1,6,1,49,8,-1,-1,-1,-1,1,-1
201501ZD30505,2,19,0,18,0,0,0,0,0,0,3,1,6,1,-1,-1,-1,-1,-1,-1,-1,-1
201501ZD30506,1,3,0,18,0,8,0,0,0,0,1,1,6,2,58,9,125,1,1,-1,-1,-1
201501ZD30506,2,9,0,7,0,8,0,0,0,0,3,1,6,2,75,10,1360,1,7,-1,-1,-1
201501ZD30507,1,9,0,18,0,8,0,10,3,10,3,1,6,2,22,5,1400,1,8,-1,1,-1
201501ZD30508,1,9,0,3,0,1,0,0,0,0,2,1,6,2,43,7,2148,2,13,-1,1,-1
201501ZD30508,2,9,0,18,0,1,0,0,0,0,1,1,6,1,-1,-1,1124,1,13,-1,-1,-1
201501ZD30509,1,9,0,18,0,0,0,0,0,0,1,1,6,1,21,5,-1,-1,-1,-1,1,-1
201501ZD30510,1,9,0,18,0,0,0,0,1,4,1,1,6,1,37,7,-1,-1,-1,-1,1,-1
201501ZD30510,2,9,0,18,0,0,0,0,0,0,0,1,6,3,-1,-1,-1,-1,-1,-1,-1,-1
201501ZD30512,1,9,0,18,0,2,0,0,0,0,1,1,6,1,19,4,1597,1,7,-1,1,-1
201501ZD30512,2,9,0,18,0,1,0,0,0,0,1,1,6,1,30,6,1997,2,8,-1,-1,-1
201501ZD30514,1,9,0,18,0,8,0,0,0,0,1,1,6,1,-1,-1,-1,-1,-1,-1,-1,-1
201501ZD30514,2,11,0,18,0,8,0,0,0,0,1,1,1,1,39,7,4500,2,-1,-1,1,-1
201501ZD30516,1,9,0,4,0,2,0,0,0,0,2,1,6,2,47,8,1997,2,7,-1,1,-1
201501ZD30516,2,1,0,18,0,2,0,0,0,0,1,1,6,1,44,7,-1,-1,-1,-1,1,-1
201501ZD30517,1,3,0,13,0,8,0,0,0,0,0,1,6,1,36,7,-1,-1,-1,-1,1,-1
201501ZD30517,2,9,0,9,0,8,0,0,0,0,0,1,6,2,-1,-1,-1,-1,-1,-1,1,-1
201501ZD30518,1,9,0,9,0,8,0,0,0,0,4,1,6,2,40,7,1598,1,9,-1,-1,-1
201501ZD30518,2,1,0,15,0,8,0,0,0,0,1,1,6,2,29,6,-1,-1,-1,-1,1,-1
201501ZD30519,1,3,0,4,0,1,0,0,0,0,1,1,1,1,18,4,-1,-1,-1,-1,1,-1
201501ZD30519,2,9,0,4,0,1,0,0,0,0,2,1,6,3,-1,-1,-1,-1,-1,-1,-1,-1
201501ZD30520,1,9,0,3,0,0,0,0,0,0,2,1,6,1,18,4,1242,1,7,-1,1,-1
201501ZD30520,2,9,0,5,0,0,0,0,0,0,1,1,6,2,-1,-1,-1,-1,-1,-1,-1,-1
201501ZD30521,1,9,0,18,0,0,0,0,0,0,1,1,6,2,41,7,1797,8,4,-1,1,-1
201501ZD30521,2,9,0,3,0,0,0,0,0,0,3,1,6,1,43,7,1956,2,4,-1,1,-1
201501ZD30521,3,9,0,3,0,0,0,0,0,0,1,1,6,1,49,8,1896,2,8,-1,1,-1