Accident_Index,Vehicle_Reference,Vehicle_Type,Towing_and_Articulation,Vehicle_Manoeuvre,Vehicle_Location-Restricted_Lane,Junction_Location,Skidding_and_Overturning,Hit_Object_in_Carriageway,Vehicle_Leaving_Carriageway,Hit_Object_off_Carriageway,1st_Point_of_Impact,Was_Vehicle_Left_Hand_Drive?,Journey_Purpose_of_Driver,Sex_of_Driver,Age_of_Driver,Age_Band_of_Driver,Engine_Capacity_(CC),Propulsion_Code,Age_of_Vehicle,Driver_IMD_Decile,Driver_Home_Area_Type,Vehicle_IMD_Decile
201501ZD30522,1,1,0,18,0,2,0,0,0,0,1,1,6,1,45,7,-1,-1,-1,-1,1,-1
201501ZD30523,1,9,0,9,0,8,0,0,0,0,1,1,6,2,29,6,1999,1,8,-1,1,-1
201501ZD30523,2,9,0,9,0,8,0,0,0,0,2,1,6,1,30,6,1590,1,10,-1,1,-1
201501ZD30524,1,1,0,17,0,8,0,0,0,0,1,1,6,1,28,6,-1,-1,-1,-1,1,-1
201501ZD30524,2,19,0,18,0,8,0,0,0,0,3,1,1,1,55,8,2198,2,1,-1,-1,-1
201501ZD30525,1,9,0,18,0,8,0,0,0,0,3,1,6,2,36,7,1296,1,6,-1,1,-1
201501ZD30525,2,1,0,18,0,8,0,0,0,0,1,1,6,1,81,11,-1,-1,-1,-1,-1,-1
201501ZD30526,1,9,0,18,0,0,0,0,1,4,1,1,6,1,-1,-1,-1,-1,-1,-1,-1,-1
201501ZD30527,1,5,0,18,0,1,0,0,0,0,1,1,6,1,36,7,1198,1,1,-1,1,-1
201501ZD30527,2,9,0,5,0,1,0,0,0,0,3,1,6,2,-1,-1,-1,-1,-1,-1,-1,-1
201501ZD30528,1,9,0,2,0,0,0,0,0,0,2,1,6,3,-1,-1,-1,-1,-1,-1,-1,-1
201501ZD30528,2,9,0,18,0,0,0,4,0,0,1,1,6,2,38,7,1598,2,2,-1,1,-1
201501ZD30530,1,8,0,18,0,0,0,0,0,0,1,1,1,1,47,8,2264,5,14,-1,1,-1
201501ZD30531,1,9,0,7,0,8,0,0,0,0,3,1,6,1,37,7,1896,1,16,-1,1,-1
201501ZD30531,2,3,0,18,0,8,0,0,0,0,1,1,6,1,42,7,125,1,1,-1,1,-1
201501ZD30533,1,5,0,18,0,8,0,0,0,0,0,1,6,1,30,6,-1,-1,-1,-1,1,-1
201501ZD30533,2,9,0,13,0,8,0,0,0,0,0,1,6,3,-1,-1,-1,-1,-1,-1,-1,-1
201501ZD30534,1,9,0,4,0,0,0,0,0,0,1,1,6,1,27,6,1598,1,12,-1,1,-1
201501ZD30534,2,9,0,4,0,0,0,0,0,0,2,1,6,1,37,7,2172,2,12,-1,-1,-1
201501ZD30534,3,9,0,4,0,0,0,0,0,0,0,1,6,2,-1,-1,999,1,6,-1,-1,-1
201501ZD30535,1,9,0,18,0,1,0,0,0,0,2,1,6,1,47,8,1910,2,9,-1,1,-1
201501ZD30535,2,9,0,18,0,1,0,0,0,0,1,1,6,3,-1,-1,1587,1,10,-1,-1,-1
201501ZD30536,1,9,0,10,0,8,0,0,0,0,2,1,6,2,73,10,1388,1,11,-1,1,-1
201501ZD30536,2,9,0,3,0,8,0,0,0,0,2,1,6,1,33,6,1388,1,12,-1,-1,-1
201501ZD30536,3,9,0,18,0,8,0,0,0,0,1,1,6,2,60,9,4511,1,10,-1,1,-1
201501ZD30538,1,9,0,18,0,8,0,0,0,0,3,1,6,1,45,7,-1,-1,-1,-1,1,-1
201501ZD30538,2,4,0,18,0,8,0,0,0,0,1,1,6,1,-1,-1,-1,-1,-1,-1,-1,-1
201501ZD30539,1,9,0,3,0,1,0,0,0,0,2,1,6,1,64,9,-1,-1,-1,-1,1,-1
201501ZD30539,2,9,0,4,0,1,0,0,0,0,1,1,6,1,-1,-1,1973,1,14,-1,-1,-1
201501ZD30540,1,9,0,18,0,1,0,0,0,0,1,1,6,1,40,7,2993,2,10,-1,1,-1
201501ZD30540,2,11,0,18,0,1,0,0,0,0,2,1,1,1,54,8,4500,2,3,-1,1,-1
201501ZD30543,1,9,0,18,0,2,0,0,0,0,1,1,6,2,32,6,1582,2,2,-1,1,-1
201501ZD30544,1,9,0,7,0,8,0,0,0,0,4,1,1,2,48,8,796,1,8,-1,1,-1
201501ZD30544,2,1,0,18,0,8,0,0,0,0,1,1,6,2,27,6,-1,-1,-1,-1,1,-1
201501ZD30545,1,11,0,4,0,1,0,0,0,0,0,1,1,1,34,6,4500,2,3,-1,1,-1
201501ZD30546,1,9,0,18,0,2,0,0,0,0,1,1,6,1,71,10,1229,1,5,-1,1,-1
201501ZD30548,1,1,0,18,0,8,0,0,0,0,1,1,6,2,49,8,-1,-1,-1,-1,1,-1
201501ZD30548,2,9,0,9,0,8,0,0,0,0,4,1,6,1,-1,-1,-1,-1,-1,-1,-1,-1
201501ZD30550,1,9,0,18,0,2,0,0,0,0,1,1,6,2,-1,-1,1339,8,7,-1,-1,-1
201501ZD30551,1,9,0,18,0,2,0,0,0,0,1,1,6,1,28,6,-1,-1,-1,-1,1,-1
201501ZD30552,1,9,0,18,0,0,0,4,0,0,1,1,6,1,19,4,1149,1,9,-1,1,-1
201501ZD30552,2,11,0,2,0,0,0,0,0,0,2,1,6,3,-1,-1,-1,-1,-1,-1,-1,-1
201501ZD30554,1,9,0,9,0,8,0,0,0,0,4,1,1,1,24,5,-1,-1,-1,-1,1,-1
201501ZD30554,2,4,0,18,0,8,0,0,0,0,1,1,6,1,-1,-1,-1,-1,-1,-1,1,-1
201501ZD30555,1,1,0,18,0,8,0,0,0,0,1,1,6,2,30,6,-1,-1,-1,-1,1,-1
201501ZD30555,2,9,0,7,0,8,0,0,0,0,4,1,6,1,-1,-1,1390,1,6,-1,-1,-1
201501ZD30556,1,3,0,3,0,1,0,0,0,0,2,1,6,1,35,6,124,1,10,-1,1,-1
201501ZD30556,2,9,0,4,0,1,0,0,0,0,1,1,6,2,-1,-1,-1,-1,-1,-1,-1,-1
201501ZD30557,1,9,0,18,0,2,0,0,0,0,1,1,6,1,37,7,1149,1,7,-1,1,-1
201501ZD30558,1,9,0,5,0,1,0,0,0,0,3,1,6,2,39,7,-1,-1,-1,-1,1,-1
201501ZD30558,2,9,0,18,0,1,0,0,0,0,1,1,6,2,18,4,1149,1,14,-1,1,-1
201501ZD30559,1,9,0,18,0,1,0,10,7,10,1,1,6,1,74,10,1598,2,-1,-1,1,-1
201501ZD30560,1,9,0,14,0,0,0,0,0,0,1,1,6,2,63,9,1248,1,3,-1,1,-1
201501ZD30561,1,9,0,3,0,1,0,0,0,0,2,1,6,2,24,5,1390,1,14,-1,-1,-1
201501ZD30561,2,19,0,18,0,1,0,0,0,0,1,1,6,1,-1,-1,1248,2,7,-1,-1,-1
201501ZD30563,1,9,0,18,0,1,0,0,0,0,1,1,6,2,25,5,1395,1,-1,-1,1,-1
201501ZD30566,1,9,0,4,0,8,0,0,0,0,2,1,6,1,44,7,-1,-1,-1,-1,1,-1
201501ZD30566,2,9,0,4,0,8,0,0,0,0,1,1,6,2,-1,-1,1388,1,12,-1,1,-1
201501ZD30567,1,9,0,18,0,1,0,0,0,0,2,1,6,2,33,6,1799,1,9,-1,1,-1
201501ZD30567,2,9,0,13,0,1,0,0,0,0,1,1,6,1,22,5,1796,1,13,-1,1,-1
201501ZD30568,1,9,0,18,0,0,0,0,0,0,3,1,6,1,30,6,2143,2,6,-1,-1,-1
201501ZD30568,2,9,0,15,0,0,0,0,0,0,4,1,6,1,-1,-1,1388,1,4,-1,-1,-1
201501ZD30569,1,1,0,18,0,8,0,0,0,0,1,1,6,1,51,8,-1,-1,-1,-1,1,-1
201501ZD30569,2,9,0,7,0,8,0,0,0,0,4,1,6,3,-1,-1,1364,1,8,-1,-1,-1
201501ZD30570,1,3,0,18,0,1,0,0,0,0,1,1,1,1,30,6,125,1,8,-1,1,-1
201501ZD30570,2,8,0,5,0,1,0,0,0,0,3,1,1,1,28,6,1997,2,5,-1,1,-1
201501ZD30571,1,4,0,18,0,8,0,0,0,0,1,1,6,1,20,4,471,1,1,-1,1,-1
201501ZD30571,2,9,0,9,0,8,0,0,0,0,4,1,6,1,50,8,-1,-1,-1,-1,1,-1
201501ZD30572,1,1,0,3,0,1,0,0,0,0,2,1,6,1,-1,-1,-1,-1,-1,-1,1,-1
201501ZD30572,2,9,0,5,0,1,0,0,0,0,1,1,6,1,-1,-1,-1,-1,-1,-1,-1,-1
201501ZD30573,1,9,0,10,0,8,0,0,0,0,2,1,6,2,56,9,-1,-1,-1,-1,-1,-1
201501ZD30573,2,9,0,18,0,8,0,0,0,0,1,1,6,1,44,7,1242,1,3,-1,1,-1
201501ZD30574,1,9,0,18,0,1,0,0,0,0,1,1,1,1,32,6,2143,2,4,-1,1,-1
201501ZD30574,2,1,0,18,0,1,0,0,0,0,3,1,6,1,17,4,-1,-1,-1,-1,1,-1
201501ZD30575,1,3,0,15,0,0,0,0,0,0,1,1,6,1,40,7,-1,-1,-1,-1,1,-1
201501ZD30575,2,9,0,3,0,0,0,0,0,0,4,1,6,1,42,7,3222,2,13,-1,1,-1
201501ZD30578,1,3,0,18,0,2,0,12,0,0,1,1,6,1,23,5,125,1,-1,-1,1,-1
201501ZD30579,1,5,0,18,0,1,0,10,1,2,1,1,6,1,35,6,897,1,7,-1,1,-1
201501ZD30580,1,9,0,18,0,2,0,0,0,0,1,1,6,1,39,7,1490,1,6,-1,1,-1
201501ZD30582,1,9,0,7,0,8,0,0,0,0,3,1,6,2,-1,-1,-1,-1,-1,-1,-1,-1
201501ZD30582,2,1,0,18,0,8,0,0,0,0,1,1,6,1,15,3,-1,-1,-1,-1,1,-1
201501ZD30583,1,9,0,4,0,1,0,0,0,0,2,1,6,1,28,6,1498,1,3,-1,1,-1
201501ZD30583,2,9,0,4,0,1,0,0,0,0,1,1,6,1,30,6,1956,2,1,-1,-1,-1
201501ZD30586,1,9,0,3,0,1,0,0,0,0,2,1,6,2,19,4,-1,-1,-1,-1,1,-1
201501ZD30586,2,9,0,4,0,1,0,0,0,0,1,1,6,2,31,6,-1,-1,-1,-1,1,-1
201501ZD30587,1,9,0,18,0,0,0,0,0,0,1,1,6,1,30,6,-1,-1,-1,-1,1,-1
201501ZD30587,2,9,0,2,0,0,0,0,0,0,1,1,6,3,-1,-1,-1,-1,-1,-1,-1,-1
201501ZD30588,1,9,0,18,0,1,0,0,0,0,1,1,6,1,48,8,2993,2,9,-1,1,-1
201501ZD30589,1,9,0,14,0,1,0,0,0,0,4,1,6,2,48,8,1998,1,13,-1,1,-1
201501ZD30589,2,1,0,3,0,1,0,0,0,0,3,1,6,1,40,7,-1,-1,-1,-1,1,-1
201501ZD30590,1,9,0,18,0,1,0,0,0,0,2,1,6,2,26,6,1598,1,3,-1,1,-1
201501ZD30590,2,3,0,18,0,1,0,0,0,0,1,1,1,1,21,5,125,1,11,-1,1,-1
201501ZD30592,1,4,0,4,0,1,1,0,0,0,0,1,6,1,23,5,-1,-1,-1,-1,1,-1
201501ZD30593,1,19,0,18,0,8,0,0,0,0,1,1,1,1,36,7,-1,-1,-1,-1,1,-1
201501ZD30593,2,9,0,9,0,8,0,0,0,0,4,1,6,1,59,9,1796,1,4,-1,-1,-1
201501ZD30594,1,1,0,18,0,1,0,0,0,0,3,1,6,1,12,3,-1,-1,-1,-1,1,-1
201501ZD30594,2,9,0,18,0,1,0,0,0,0,1,1,6,2,45,7,1396,1,4,-1,1,-1
201501ZD30595,1,9,0,18,0,8,0,0,0,0,1,1,1,2,22,5,1198,1,8,-1,1,-1
201501ZD30595,2,1,0,18,0,8,0,0,0,0,4,1,6,1,23,5,-1,-1,-1,-1,1,-1
201501ZD30597,1,9,0,2,0,1,0,0,0,0,3,1,6,2,27,6,1200,1,1,-1,3,-1
201501ZD30597,2,1,0,14,0,1,0,8,0,0,1,1,6,1,-1,-1,-1,-1,-1,-1,1,-1
201501ZD30598,1,9,0,7,0,8,0,0,0,0,3,1,6,1,49,8,1794,1,14,-1,1,-1
201501ZD30598,2,3,0,18,0,8,0,0,0,0,1,1,6,1,28,6,108,1,5,-1,1,-1
201501ZD30600,1,9,0,18,0,1,0,0,0,0,1,1,6,2,35,6,1596,1,7,-1,-1,-1
201501ZD30601,1,9,0,7,0,0,0,0,0,0,4,1,1,2,36,7,1598,7,3,-1,1,-1
201501ZD30601,2,1,0,18,0,0,0,0,0,0,1,1,6,1,33,6,-1,-1,-1,-1,1,-1
201501ZD30602,1,9,0,7,0,8,0,0,0,0,3,1,6,2,31,6,1248,1,4,-1,1,-1
201501ZD30602,2,1,0,18,0,8,0,0,0,0,1,1,6,2,-1,-1,-1,-1,-1,-1,1,-1
201501ZD30603,1,9,0,3,0,1,0,0,0,0,2,1,6,1,25,5,1995,1,5,-1,1,-1
201501ZD30603,2,9,0,4,0,1,0,0,0,0,1,1,6,1,-1,-1,1595,1,6,-1,-1,-1
201501ZD30604,1,9,0,5,0,1,0,0,0,0,3,1,1,1,33,6,2143,12,2,-1,1,-1
201501ZD30604,2,1,0,18,0,1,0,0,0,0,1,1,6,1,22,5,-1,-1,-1,-1,-1,-1
201501ZD30605,1,9,0,18,0,1,0,0,0,0,1,1,6,2,52,8,-1,-1,-1,-1,1,-1
201501ZD30606,1,9,0,8,0,8,0,0,0,0,3,1,6,1,33,6,2188,2,9,-1,1,-1
201501ZD30606,2,4,0,9,0,8,0,0,0,0,1,1,6,1,19,4,125,1,13,-1,-1,-1
201501ZD30607,1,9,0,9,0,8,0,0,0,0,4,1,6,2,49,8,2393,1,6,-1,1,-1
201501ZD30607,2,5,0,18,0,8,0,0,0,0,1,1,6,1,-1,-1,660,1,5,-1,-1,-1
201501ZD30609,1,9,0,3,0,1,0,0,0,0,2,1,1,1,27,6,1968,2,-1,-1,-1,-1
201501ZD30609,2,9,0,4,0,1,0,0,0,0,1,1,6,1,28,6,1560,2,6,-1,-1,-1
201501ZD30611,1,5,0,18,0,1,0,10,1,10,1,1,6,1,-1,-1,599,1,10,-1,-1,-1
201501ZD30612,1,9,0,9,0,8,0,0,0,0,4,1,6,1,49,8,1398,1,14,-1,1,-1
201501ZD30612,2,3,0,18,0,8,0,0,0,0,1,1,1,1,18,4,125,1,5,-1,1,-1
201501ZD30613,1,9,0,7,0,8,0,0,0,0,1,1,6,2,30,6,1399,2,7,-1,1,-1
201501ZD30613,2,9,0,18,0,8,0,0,0,0,1,1,6,1,-1,-1,2982,2,11,-1,-1,-1
201501ZD30614,1,9,0,18,0,8,0,0,0,0,1,1,6,1,27,6,998,1,11,-1,1,-1
201501ZD30614,2,9,0,7,0,8,0,0,0,0,3,1,6,1,72,10,1999,1,13,-1,1,-1
201501ZD30615,1,9,0,18,0,1,0,10,1,1,1,1,6,1,86,11,1597,1,6,-1,1,-1
201501ZD30616,1,9,0,7,0,8,0,0,0,0,4,1,6,3,-1,-1,-1,-1,-1,-1,-1,-1
201501ZD30616,2,1,0,18,0,8,0,0,0,0,1,1,6,1,20,4,-1,-1,-1,-1,1,-1
201501ZD30617,1,9,0,11,0,1,0,0,0,0,4,1,1,1,33,6,2200,1,15,-1,1,-1
201501ZD30617,2,1,0,18,0,1,0,0,0,0,3,1,6,1,54,8,-1,-1,-1,-1,1,-1
201501ZD30618,1,9,0,3,0,2,0,0,0,0,2,1,6,2,28,6,1598,1,9,-1,1,-1
201501ZD30618,2,9,0,4,0,2,0,0,0,0,1,1,6,2,28,6,1229,1,8,-1,1,-1
201501ZD30619,1,9,0,18,0,8,0,0,0,0,4,1,6,1,25,5,2457,1,15,-1,1,-1
201501ZD30619,2,9,0,18,0,8,0,0,0,0,1,1,6,1,31,6,2394,1,7,-1,1,-1
201501ZD30620,1,9,0,7,0,8,0,0,0,0,3,1,6,2,37,7,1587,1,10,-1,1,-1
201501ZD30620,2,3,0,18,0,8,0,0,0,0,1,1,6,1,19,4,125,1,6,-1,1,-1
201501ZD30621,1,9,0,3,0,8,0,0,0,0,2,1,6,1,31,6,1598,1,13,-1,1,-1
201501ZD30621,2,9,0,4,0,8,0,0,0,0,1,1,6,2,23,5,1390,1,16,-1,-1,-1
201501ZD30622,1,9,0,18,0,1,0,10,1,10,1,1,6,1,20,4,1995,2,8,-1,-1,-1
201501ZD30623,1,11,0,4,0,1,0,0,0,0,0,1,1,1,57,9,6700,2,7,-1,1,-1
201501ZD30624,1,4,0,4,0,1,0,0,0,0,1,1,6,1,23,5,125,1,1,-1,1,-1
201501ZD30624,2,9,0,3,0,1,0,0,0,0,2,1,6,1,30,6,1560,2,4,-1,1,-1
201501ZD30625,1,11,0,7,0,8,0,0,0,0,0,1,1,1,27,6,9200,2,10,-1,1,-1
201501ZD30626,1,9,0,18,0,8,0,0,0,0,1,1,6,2,-1,-1,1596,1,9,-1,1,-1
201501ZD30626,2,19,0,9,0,8,0,0,0,0,4,1,6,2,47,8,-1,-1,-1,-1,1,-1
201501ZD30627,1,9,0,7,0,8,0,0,0,0,3,1,6,2,26,6,1242,1,12,-1,1,-1
201501ZD30627,2,9,0,18,0,8,0,0,0,0,1,1,1,1,-1,-1,-1,-1,-1,-1,-1,-1
201501ZD30628,1,11,0,18,0,2,0,5,0,0,1,1,1,1,29,6,6700,2,7,-1,1,-1
201501ZD30629,1,9,0,18,0,1,0,0,0,0,1,1,6,3,-1,-1,1796,1,-1,-1,-1,-1
201501ZD30630,1,9,0,18,0,2,0,0,0,0,1,1,6,1,33,6,1149,1,9,-1,1,-1
201501ZD30630,2,3,0,18,0,1,0,0,0,0,1,1,6,1,-1,-1,125,1,6,-1,1,-1
201501ZD30632,1,9,0,3,0,1,0,0,0,0,2,1,6,2,22,5,1368,1,5,-1,1,-1
201501ZD30632,2,1,0,4,0,1,0,0,0,0,1,1,6,1,56,9,-1,-1,-1,-1,1,-1
201501ZD30633,1,9,0,9,0,8,0,0,0,0,4,1,6,1,59,9,1299,1,10,-1,1,-1
201501ZD30633,2,11,0,18,0,8,0,0,0,0,1,1,6,1,51,8,4500,2,7,-1,-1,-1
201501ZD30634,1,9,0,18,0,8,0,0,0,0,4,1,6,1,61,9,2993,2,4,-1,1,-1
201501ZD30634,2,9,0,18,0,8,0,0,0,0,1,1,6,1,26,6,-1,-1,-1,-1,2,-1
201501ZD30636,1,1,0,18,0,8,0,0,0,0,1,1,6,1,30,6,-1,-1,-1,-1,-1,-1
201501ZD30636,2,9,0,7,0,8,0,0,0,0,4,1,6,3,-1,-1,-1,-1,-1,-1,-1,-1
201501ZD30637,1,9,0,18,0,0,0,0,0,0,1,1,6,2,21,5,1061,1,10,-1,1,-1
201501ZD30640,1,9,0,14,0,1,0,0,0,0,1,1,6,2,40,7,1598,1,2,-1,1,-1
201501ZD30640,2,5,0,18,0,2,0,0,0,0,1,1,6,1,28,6,675,1,3,-1,1,-1
201501ZD30641,1,11,0,4,0,1,0,0,0,0,0,1,1,1,44,7,6692,2,6,-1,1,-1
201501ZD30642,1,9,0,7,0,8,0,0,0,0,4,1,6,1,57,9,1598,1,2,-1,1,-1
201501ZD30643,1,9,0,3,0,1,0,0,0,0,2,1,6,1,29,6,-1,-1,-1,-1,1,-1
201501ZD30643,2,9,0,4,0,1,0,0,0,0,1,1,6,1,57,9,4197,1,8,-1,1,-1
201501ZD30644,1,3,0,17,0,1,0,0,0,0,0,1,1,1,30,6,124,1,7,-1,1,-1
201501ZD30646,1,3,0,13,0,8,0,0,0,0,1,1,6,1,43,7,125,1,6,-1,1,-1
201501ZD30646,2,9,0,9,0,8,0,0,0,0,3,1,6,1,56,9,1800,1,15,-1,-1,-1
201501ZD30648,1,9,0,9,0,2,0,0,0,0,1,1,6,2,53,8,1596,1,7,-1,1,-1
201501ZD30649,1,5,0,18,0,1,1,0,0,0,0,1,6,1,27,6,998,1,5,-1,1,-1
201501ZD30650,1,9,0,7,0,8,0,0,0,0,4,1,6,1,26,6,1149,1,8,-1,-1,-1
201501ZD30650,2,1,0,18,0,8,0,0,0,0,1,1,6,1,19,4,-1,-1,-1,-1,1,-1
201501ZD30651,1,9,0,18,0,1,0,10,1,2,1,1,6,1,22,5,1595,1,2,-1,1,-1
201501ZD30653,1,9,0,4,0,2,0,0,0,0,1,1,6,2,21,5,1242,1,11,-1,1,-1
201501ZD30653,2,9,0,3,0,2,0,0,0,0,2,1,6,1,31,6,1799,1,9,-1,1,-1
201501ZD30654,1,9,0,9,0,8,0,0,0,0,4,1,1,1,46,8,1242,1,12,-1,-1,-1
201501ZD30654,2,5,0,18,0,8,0,0,0,0,1,1,6,1,28,6,999,1,-1,-1,1,-1
201501ZD30656,1,9,0,10,0,8,0,0,0,0,2,1,6,1,39,7,1598,2,4,-1,1,-1
201501ZD30656,2,9,0,18,0,8,0,0,0,0,1,1,6,2,34,6,1198,1,11,-1,1,-1
201501ZD30658,1,9,0,18,0,8,0,0,0,0,3,1,6,2,43,7,1461,2,3,-1,1,-1
201501ZD30658,2,9,0,18,0,8,0,0,0,0,2,1,6,2,52,8,1298,1,12,-1,1,-1
201501ZD30659,1,9,0,18,0,1,0,0,0,0,1,1,1,1,28,6,2494,2,9,-1,-1,-1
201501ZD30660,1,9,0,18,0,1,0,4,0,0,1,1,6,2,68,10,1995,1,8,-1,1,-1
201501ZD30660,2,9,0,2,0,1,0,0,0,0,3,1,6,2,62,9,1794,1,11,-1,1,-1
201501ZD30661,1,9,0,11,0,1,0,0,0,0,0,1,6,1,29,6,1997,2,13,-1,1,-1
201501ZD30661,2,4,0,18,0,1,0,0,0,0,0,1,6,1,30,6,600,1,16,-1,-1,-1
201501ZD30662,1,21,0,7,0,8,0,0,0,0,4,1,1,1,37,7,6692,2,7,-1,3,-1
201501ZD30662,2,1,0,18,0,8,0,0,0,0,1,1,6,1,22,5,-1,-1,-1,-1,1,-1
201501ZD30663,1,9,0,18,0,0,0,0,0,0,2,1,6,1,57,9,1240,1,5,-1,1,-1
201501ZD30663,2,3,0,18,0,0,0,0,0,0,1,1,6,1,18,4,125,1,11,-1,1,-1
201501ZD30664,1,9,0,18,0,0,0,0,0,0,1,1,6,2,25,5,1390,1,9,-1,1,-1
201501ZD30664,2,9,0,18,0,0,0,0,0,0,1,1,6,2,24,5,1597,1,13,-1,1,-1
201501ZD30665,1,9,0,9,0,8,0,0,0,0,3,1,6,2,35,6,1997,2,4,-1,1,-1
201501ZD30665,2,9,0,18,0,8,0,0,0,0,1,1,6,2,23,5,1199,1,13,-1,1,-1
201501ZD30666,1,9,0,5,0,0,0,0,0,0,3,1,6,2,41,7,1995,2,-1,-1,1,-1
201501ZD30666,2,9,0,18,0,0,0,0,0,0,1,1,6,2,44,7,1998,1,10,-1,1,-1
201501ZD30667,1,9,0,17,0,8,0,0,0,0,1,1,6,2,53,8,4921,2,10,-1,1,-1
201501ZD30668,1,9,0,18,0,1,0,0,0,0,1,1,6,3,-1,-1,-1,-1,-1,-1,-1,-1
201501ZD30669,1,9,0,9,0,2,0,0,0,0,1,1,6,2,27,6,1242,1,-1,-1,1,-1
201501ZD30670,1,9,0,18,0,0,0,0,0,0,1,1,6,1,-1,-1,1968,2,8,-1,1,-1
201501ZD30670,2,90,0,18,0,0,0,0,0,0,4,1,6,2,79,11,-1,-1,-1,-1,1,-1
201501ZD30671,1,9,0,18,0,1,0,0,0,0,1,1,6,3,-1,-1,-1,-1,-1,-1,-1,-1
201501ZD30672,1,9,0,18,0,0,0,0,0,0,2,1,6,1,56,9,1998,1,12,-1,1,-1
201501ZD30672,2,9,0,18,0,0,0,0,0,0,1,1,6,1,-1,-1,-1,-1,-1,-1,-1,-1
201501ZD30673,1,9,0,9,0,8,0,0,0,0,1,1,6,2,33,6,1595,1,6,-1,1,-1
201501ZD30673,2,9,0,18,0,8,0,0,0,0,1,1,6,2,55,8,1587,1,8,-1,1,-1
201501ZD30675,1,1,0,18,0,8,0,0,0,0,3,1,6,1,55,8,-1,-1,-1,-1,1,-1
201501ZD30675,2,9,0,15,0,8,0,0,0,0,4,1,6,1,-1,-1,-1,-1,-1,-1,-1,-1
201501ZD30676,1,9,0,18,0,8,0,10,1,3,4,1,6,2,20,4,1229,1,9,-1,1,-1
201501ZD30678,1,9,0,10,0,1,0,0,0,0,4,1,6,2,33,6,1339,1,9,-1,1,-1
201501ZD30678,2,9,0,9,0,1,0,0,0,0,1,1,6,2,-1,-1,1390,1,12,-1,-1,-1
201501ZD30679,1,9,0,9,0,8,0,0,0,0,4,1,6,1,-1,-1,-1,-1,-1,-1,1,-1
201501ZD30679,2,9,0,18,0,8,0,0,0,0,1,1,6,2,-1,-1,1388,1,4,-1,1,-1
201501ZD30682,1,9,0,18,0,0,0,4,0,0,1,1,6,1,25,5,1396,1,10,-1,1,-1
201501ZD30682,2,9,0,2,0,0,0,0,0,0,2,1,6,3,-1,-1,1329,1,6,-1,-1,-1
201501ZD30683,1,11,0,18,0,0,0,0,0,0,4,1,1,1,45,7,3900,2,12,-1,1,-1
201501ZD30684,1,5,0,18,0,8,0,0,0,0,3,1,6,1,58,9,-1,-1,-1,-1,1,-1
201501ZD30685,1,9,0,2,0,2,0,0,0,0,4,1,6,1,35,6,1598,1,7,-1,1,-1
201501ZD30685,2,19,0,9,0,2,0,4,0,0,4,1,6,1,-1,-1,1998,2,12,-1,-1,-1
201501ZD30686,1,9,0,18,0,8,0,10,7,4,3,1,6,1,18,4,998,1,10,-1,1,-1
201501ZD30686,2,9,0,18,0,8,0,0,0,0,3,1,6,2,46,8,3498,1,9,-1,1,-1
201501ZD30688,1,9,0,18,0,8,0,0,0,0,3,1,6,2,18,4,1242,1,6,-1,1,-1
201501ZD30688,2,1,0,9,0,8,0,0,0,0,4,1,6,1,48,8,-1,-1,-1,-1,1,-1
201501ZD30689,1,1,0,18,0,8,0,0,0,0,1,1,6,2,42,7,-1,-1,-1,-1,1,-1
201501ZD30689,2,9,0,9,0,8,0,0,0,0,4,1,6,1,-1,-1,2199,2,-1,-1,1,-1
201501ZD30691,1,9,0,8,0,8,0,0,0,0,2,1,6,1,42,7,1998,1,12,-1,1,-1
201501ZD30691,2,9,0,18,0,8,0,0,0,0,1,1,6,2,50,8,-1,-1,-1,-1,1,-1
201501ZD30692,1,9,0,18,0,8,0,0,0,0,3,1,6,1,29,6,1997,1,2,-1,1,-1
201501ZD30692,2,9,0,15,0,8,0,0,0,0,4,1,6,1,36,7,-1,-1,-1,-1,1,-1
201501ZD30693,1,1,0,18,0,8,0,0,0,0,1,1,6,2,51,8,-1,-1,-1,-1,1,-1
201501ZD30693,2,9,0,18,0,8,0,0,0,0,1,1,6,1,30,6,1586,1,6,-1,1,-1
201501ZD30694,1,11,0,18,0,1,0,0,0,0,1,1,1,3,-1,-1,-1,-1,-1,-1,-1,-1
201501ZD30695,1,9,0,9,0,8,0,0,0,0,4,1,6,2,55,8,1386,1,5,-1,1,-1
201501ZD30695,2,3,0,18,0,8,0,0,0,0,1,1,6,1,25,5,125,1,4,-1,1,-1
201501ZD30696,1,11,0,4,0,0,0,0,0,0,0,1,1,1,65,9,-1,-1,-1,-1,1,-1
201501ZD30697,1,3,0,14,0,0,0,0,0,0,1,1,6,1,40,7,125,1,1,-1,1,-1
201501ZD30698,1,11,0,18,0,0,0,0,0,0,1,1,6,1,-1,-1,-1,-1,-1,-1,-1,-1
201501ZD30699,1,9,0,18,0,0,0,0,0,0,1,1,6,3,-1,-1,998,1,12,-1,-1,-1
201501ZD30700,1,19,0,18,0,0,0,0,0,0,2,1,6,1,24,5,1995,2,4,-1,1,-1
201501ZD30700,2,9,0,18,0,0,0,0,0,0,1,1,6,1,42,7,1796,1,16,-1,1,-1
201501ZD30702,1,3,0,6,0,8,0,0,0,0,3,1,6,1,26,6,124,1,-1,-1,-1,-1
201501ZD30702,2,20,0,18,0,8,0,0,0,0,1,1,6,1,29,6,-1,-1,-1,-1,1,-1
201501ZD30703,1,9,0,18,0,0,0,0,0,0,1,1,6,1,31,6,-1,-1,-1,-1,1,-1
201501ZD30703,2,19,0,5,0,0,0,0,0,0,3,1,6,1,22,5,1598,2,3,-1,1,-1
201501ZD30704,1,11,0,18,0,1,0,0,0,0,1,1,1,3,-1,-1,-1,-1,-1,-1,-1,-1
201501ZD30705,1,11,0,7,0,8,0,0,0,0,0,1,1,1,38,7,4461,2,-1,-1,1,-1
201501ZD30706,1,9,0,18,0,8,0,0,0,0,1,1,6,1,44,7,1895,1,15,-1,1,-1
201501ZD30706,2,9,0,4,0,8,0,0,0,0,2,1,6,1,32,6,1598,2,3,-1,1,-1
201501ZD30706,3,9,0,2,0,8,0,0,0,0,3,1,6,2,29,6,998,1,3,-1,-1,-1
201501ZD30707,1,9,0,4,0,0,0,0,0,0,2,1,6,1,64,9,1199,1,11,-1,1,-1