Accident_Index,Vehicle_Reference,Vehicle_Type,Towing_and_Articulation,Vehicle_Manoeuvre,Vehicle_Location-Restricted_Lane,Junction_Location,Skidding_and_Overturning,Hit_Object_in_Carriageway,Vehicle_Leaving_Carriageway,Hit_Object_off_Carriageway,1st_Point_of_Impact,Was_Vehicle_Left_Hand_Drive?,Journey_Purpose_of_Driver,Sex_of_Driver,Age_of_Driver,Age_Band_of_Driver,Engine_Capacity_(CC),Propulsion_Code,Age_of_Vehicle,Driver_IMD_Decile,Driver_Home_Area_Type,Vehicle_IMD_Decile
201501ZD30707,2,9,0,18,0,0,0,0,0,0,1,1,6,1,-1,-1,-1,-1,-1,-1,-1,-1
201501ZD30708,1,9,0,18,0,0,0,0,0,0,1,1,6,1,30,6,-1,-1,-1,-1,1,-1
201501ZD30708,2,19,0,4,0,0,0,0,0,0,2,1,6,1,46,8,2198,2,2,-1,1,-1
201501ZD30709,1,9,0,9,0,8,0,0,0,0,1,1,6,2,38,7,1896,2,7,-1,-1,-1
201501ZD30709,2,1,0,18,0,8,0,0,0,0,4,1,6,1,23,5,-1,-1,-1,-1,-1,-1
201501ZD30711,1,9,0,15,0,0,0,0,0,0,4,1,6,1,-1,-1,1796,1,6,-1,1,-1
201501ZD30711,2,11,0,5,0,0,0,0,0,0,3,1,1,1,55,8,-1,-1,-1,-1,1,-1
201501ZD30712,1,11,0,18,0,1,0,0,0,0,1,1,6,1,-1,-1,-1,-1,-1,-1,-1,-1
201501ZD30713,1,3,0,18,0,0,0,0,0,0,1,1,6,1,24,5,108,1,2,-1,1,-1
201501ZD30713,2,9,0,5,0,0,0,0,0,0,4,1,6,1,21,5,-1,-1,-1,-1,1,-1
201501ZD30714,1,9,0,9,0,8,0,0,0,0,1,1,6,1,28,6,1198,1,1,-1,1,-1
201501ZD30714,2,1,0,17,0,8,0,0,0,0,1,1,6,1,21,5,-1,-1,-1,-1,1,-1
201501ZD30715,1,9,0,18,0,8,0,0,0,0,1,1,1,1,44,7,1796,1,15,-1,1,-1
201501ZD30715,2,9,0,7,0,8,0,0,0,0,3,1,6,1,40,7,1390,1,13,-1,1,-1
201501ZD30717,1,3,0,18,0,8,0,0,0,0,1,1,1,1,23,5,125,1,4,-1,1,-1
201501ZD30717,2,9,0,18,0,8,0,0,0,0,3,1,6,3,-1,-1,-1,-1,-1,-1,-1,-1
201501ZD30719,1,9,0,4,0,8,0,0,0,0,2,1,6,1,33,6,-1,-1,-1,-1,-1,-1
201501ZD30719,2,9,0,18,0,8,0,0,0,0,1,1,6,1,55,8,-1,-1,-1,-1,1,-1
201501ZD30720,1,9,0,4,0,8,0,0,0,0,2,1,6,1,26,6,2993,2,2,-1,1,-1
201501ZD30720,2,9,0,18,0,8,0,0,0,0,1,1,6,1,29,6,-1,-1,-1,-1,1,-1
201501ZD30721,1,9,0,4,0,8,0,0,0,0,2,1,6,1,-1,-1,-1,-1,-1,-1,1,-1
201501ZD30721,2,9,0,18,0,8,0,0,0,0,1,1,6,1,21,5,1598,1,10,-1,1,-1
201501ZD30722,1,9,0,18,0,2,0,0,0,0,1,1,6,1,77,11,2435,1,19,-1,1,-1
201501ZD30722,2,9,0,3,0,1,0,0,0,0,3,1,6,1,-1,-1,2143,2,2,-1,1,-1
201501ZD30722,3,9,0,3,0,1,0,0,0,0,3,1,6,2,50,8,1968,1,9,-1,1,-1
201501ZD30722,4,9,0,3,0,1,0,0,0,0,1,1,6,2,32,6,1796,1,15,-1,-1,-1
201501ZD30722,5,9,0,3,0,1,0,0,0,0,1,1,6,2,-1,-1,-1,-1,-1,-1,-1,-1
201501ZD30723,1,9,0,9,0,8,0,0,0,0,4,1,6,1,-1,-1,2000,2,6,-1,-1,-1
201501ZD30723,2,9,0,18,0,8,0,0,0,0,1,1,6,2,55,8,1910,2,6,-1,1,-1
201501ZD30724,1,9,0,18,0,1,0,0,0,0,1,1,6,1,-1,-1,1364,1,8,-1,1,-1
201501ZD30724,2,1,0,18,0,1,0,0,0,0,2,1,6,1,29,6,-1,-1,-1,-1,-1,-1
201501ZD30725,1,9,0,4,0,8,0,0,0,0,2,1,6,1,35,6,1598,1,1,-1,1,-1
201501ZD30725,2,1,0,18,0,8,0,0,0,0,1,1,6,1,32,6,-1,-1,-1,-1,-1,-1
201501ZD30726,1,19,0,2,0,0,0,0,0,0,1,1,6,3,-1,-1,2402,2,8,-1,-1,-1
201501ZD30726,2,9,0,18,0,0,5,4,0,0,1,1,6,2,44,7,1589,1,17,-1,1,-1
201501ZD30727,1,9,0,10,0,2,0,0,0,0,3,1,6,2,29,6,1199,1,11,-1,1,-1
201501ZD30727,2,9,0,7,0,2,0,0,0,0,3,1,6,3,-1,-1,-1,-1,-1,-1,-1,-1
201501ZD30730,1,9,0,18,0,0,0,0,0,0,1,1,6,1,25,5,-1,-1,-1,-1,1,-1
201501ZD30731,1,9,0,9,0,8,0,0,0,0,1,1,6,1,41,7,1995,2,5,-1,2,-1
201501ZD30731,2,2,0,14,0,8,0,0,0,0,1,1,6,1,17,4,-1,-1,-1,-1,1,-1
201501ZD30732,1,9,0,9,0,8,0,0,0,0,1,1,6,2,27,6,1248,1,3,-1,1,-1
201501ZD30732,2,1,0,18,0,8,0,0,0,0,1,1,6,1,20,4,-1,-1,-1,-1,1,-1
201501ZD30733,1,9,0,18,0,8,0,4,0,0,3,1,6,2,22,5,1599,1,11,-1,-1,-1
201501ZD30733,2,9,0,2,0,8,0,0,0,0,3,1,6,1,-1,-1,1995,1,4,-1,1,-1
201501ZD30735,1,11,0,3,0,2,0,0,0,0,0,1,1,1,-1,-1,4500,2,-1,-1,-1,-1
201501ZD30736,1,9,0,18,0,0,0,0,0,0,1,1,6,1,21,5,1461,2,1,-1,1,-1
201501ZD30736,2,1,0,18,0,0,0,0,0,0,1,1,6,1,17,4,-1,-1,-1,-1,1,-1
201501ZD30738,1,9,0,18,0,0,0,0,0,0,3,1,6,1,36,7,-1,-1,-1,-1,1,-1
201501ZD30738,2,9,0,18,0,0,0,0,0,0,3,1,6,1,26,6,1968,2,10,-1,1,-1
201501ZD30739,1,9,0,18,0,8,0,0,0,0,4,1,6,1,25,5,1998,1,12,-1,1,-1
201501ZD30739,2,9,0,5,0,8,0,0,0,0,3,1,6,2,28,6,1398,1,3,-1,1,-1
201501ZD30740,1,9,0,9,0,8,0,0,0,0,1,1,6,1,55,8,1560,2,8,-1,1,-1
201501ZD30740,2,3,0,18,0,8,0,0,0,0,4,1,6,1,34,6,125,1,6,-1,1,-1
201501ZD30741,1,3,0,9,0,2,0,0,0,0,1,1,6,1,34,6,125,1,-1,-1,1,-1
201501ZD30742,1,9,0,18,0,2,0,0,0,0,1,1,6,2,23,5,1242,1,6,-1,1,-1
201501ZD30743,1,9,0,18,0,2,0,0,0,0,1,1,6,2,-1,-1,998,1,14,-1,-1,-1
201501ZD30744,1,9,0,10,0,8,0,0,0,0,2,1,6,1,50,8,1769,1,13,-1,1,-1
201501ZD30744,2,9,0,9,0,8,0,0,0,0,1,1,6,1,62,9,-1,-1,-1,-1,1,-1
201501ZD30745,1,11,0,2,0,0,0,0,0,0,2,1,6,3,-1,-1,6700,2,5,-1,-1,-1
201501ZD30745,2,9,0,18,0,0,0,0,0,0,1,1,6,1,30,6,-1,-1,-1,-1,1,-1
201501ZD30746,1,9,0,18,0,1,0,0,0,0,3,1,6,1,28,6,-1,-1,-1,-1,1,-1
201501ZD30746,2,9,0,3,0,2,0,0,0,0,3,1,6,1,41,7,2830,2,21,-1,1,-1
201501ZD30747,1,9,0,18,0,0,0,0,0,0,3,1,6,1,38,7,-1,-1,-1,-1,1,-1
201501ZD30750,1,3,0,18,0,8,0,0,0,0,3,1,6,1,49,8,125,1,1,-1,-1,-1
201501ZD30750,2,9,0,7,0,8,0,0,0,0,4,1,6,1,21,5,998,1,10,-1,1,-1
201501ZD30751,1,9,0,18,0,8,0,0,0,0,1,1,6,1,48,8,2354,1,12,-1,1,-1
201501ZD30751,2,9,0,18,0,8,0,0,0,0,1,1,6,1,29,6,1386,1,4,-1,-1,-1
201501ZD30752,1,5,0,14,0,8,0,0,0,0,4,1,6,1,29,6,649,1,9,-1,1,-1
201501ZD30752,2,9,0,9,0,8,0,0,0,0,1,1,6,1,31,6,1796,1,15,-1,1,-1
201501ZD30753,1,9,0,18,0,8,0,0,0,0,4,1,6,1,56,9,1956,2,3,-1,1,-1
201501ZD30753,2,9,0,18,0,8,0,0,0,0,1,1,6,3,-1,-1,1998,1,9,-1,-1,-1
201501ZD30754,1,11,0,4,0,1,0,0,0,0,0,1,1,1,50,8,6692,2,2,-1,1,-1
201501ZD30755,1,9,0,18,0,2,0,0,0,0,1,1,6,2,29,6,1598,1,14,-1,1,-1
201501ZD30756,1,9,0,18,0,1,0,0,0,0,4,1,6,2,33,6,1991,2,5,-1,1,-1
201501ZD30758,1,2,0,18,0,0,0,0,0,0,1,1,6,1,-1,-1,-1,-1,-1,-1,1,-1
201501ZD30758,2,9,0,5,0,0,0,0,0,0,3,1,6,1,-1,-1,1796,1,11,-1,-1,-1
201501ZD30759,1,9,0,12,0,0,0,0,0,0,3,1,6,1,57,9,1388,1,3,-1,1,-1
201501ZD30759,2,9,0,18,0,0,0,0,0,0,4,1,6,2,59,9,1598,1,10,-1,1,-1
201501ZD30761,1,3,0,18,0,0,0,0,0,0,2,1,6,1,29,6,125,1,2,-1,1,-1
201501ZD30761,2,19,0,13,0,0,0,0,0,0,1,1,6,1,-1,-1,-1,-1,-1,-1,-1,-1
201501ZD30762,1,9,0,9,0,8,0,0,0,0,3,1,6,1,55,8,1396,1,14,-1,1,-1
201501ZD30762,2,5,0,18,0,8,0,0,0,0,1,1,6,1,27,6,599,1,8,-1,1,-1
201501ZD30763,1,9,0,18,0,0,0,0,0,0,1,1,6,1,21,5,1988,1,14,-1,1,-1
201501ZD30763,2,9,0,6,0,0,0,0,0,0,3,1,6,2,28,6,1364,2,7,-1,1,-1
201501ZD30763,3,9,0,2,0,0,0,0,0,0,3,1,6,3,-1,-1,-1,-1,-1,-1,-1,-1
201501ZD30764,1,9,0,2,0,1,0,0,0,0,4,1,6,3,-1,-1,1388,1,11,-1,-1,-1
201501ZD30764,2,9,0,18,0,1,0,8,0,0,4,1,6,3,-1,-1,-1,-1,-1,-1,-1,-1
201501ZD30767,1,9,0,9,0,8,0,0,0,0,4,1,6,1,43,7,-1,-1,-1,-1,-1,-1
201501ZD30767,2,5,0,18,0,8,0,0,0,0,1,1,6,1,46,8,-1,-1,-1,-1,1,-1
201501ZD30768,1,19,0,18,0,2,0,0,0,0,1,1,6,1,34,6,-1,-1,-1,-1,1,-1
201501ZD30768,2,9,0,2,0,2,0,0,0,0,2,1,6,3,-1,-1,3200,1,13,-1,-1,-1
201501ZD30770,1,9,0,3,0,0,0,0,0,0,2,1,6,1,25,5,1498,1,7,-1,1,-1
201501ZD30770,2,19,0,18,0,0,0,0,0,0,1,1,6,1,56,9,1560,2,6,-1,1,-1
201501ZD30771,1,9,0,9,0,2,0,0,0,0,1,1,6,1,58,9,998,1,1,-1,1,-1
201501ZD30773,1,9,0,2,0,1,0,0,0,0,1,1,6,3,-1,-1,1796,1,10,-1,-1,-1
201501ZD30773,2,9,0,18,0,1,0,0,0,0,1,1,6,1,18,4,1679,1,15,-1,1,-1
201501ZD30774,1,19,0,18,0,1,0,0,0,0,4,1,6,1,26,6,2464,2,7,-1,1,-1
201501ZD30775,1,9,0,18,0,8,0,0,0,0,2,1,6,2,26,6,1596,1,13,-1,1,-1
201501ZD30775,2,9,0,18,0,8,0,0,0,0,1,1,6,2,-1,-1,1995,1,7,-1,-1,-1
201501ZD30776,1,9,0,18,0,8,0,0,0,0,1,1,6,1,64,9,-1,-1,-1,-1,1,-1
201501ZD30776,2,9,0,9,0,8,0,0,0,0,1,1,6,2,18,4,-1,-1,-1,-1,1,-1
201501ZD30777,1,9,0,9,0,8,0,0,0,0,3,1,6,2,26,6,998,1,10,-1,1,-1
201501ZD30777,2,9,0,18,0,8,0,0,0,0,1,1,6,1,65,9,-1,-1,-1,-1,1,-1
201501ZD30778,1,9,0,18,0,1,0,0,0,0,1,1,6,1,37,7,2259,1,15,-1,1,-1
201501ZD30780,1,1,0,7,0,8,0,0,0,0,3,1,6,1,29,6,-1,-1,-1,-1,1,-1
201501ZD30780,2,9,0,7,0,8,0,0,0,0,4,1,6,2,59,9,1598,1,9,-1,-1,-1
201501ZD30782,1,9,0,10,0,8,0,0,0,0,2,1,6,2,29,6,1332,1,17,-1,1,-1
201501ZD30782,2,3,0,18,0,8,0,0,0,0,1,1,6,1,21,5,-1,-1,-1,-1,1,-1
201501ZD30783,1,9,0,3,0,8,0,0,0,0,2,1,6,2,46,8,2148,2,10,-1,1,-1
201501ZD30783,2,9,0,4,0,8,0,0,0,0,2,1,6,2,34,6,1968,2,3,-1,1,-1
201501ZD30783,3,9,0,4,0,8,0,0,0,0,1,1,6,2,69,10,2496,1,7,-1,1,-1
201501ZD30785,1,9,0,18,0,0,0,0,0,0,3,1,6,2,49,8,-1,-1,-1,-1,1,-1
201501ZD30785,2,21,0,18,0,0,0,0,0,0,3,2,1,1,-1,-1,-1,-1,-1,-1,-1,-1
201501ZD30786,1,5,0,18,0,8,0,0,0,0,1,1,6,1,34,6,998,1,10,-1,-1,-1
201501ZD30786,2,9,0,9,0,8,0,0,0,0,1,1,6,3,-1,-1,-1,-1,-1,-1,-1,-1
201501ZD30789,1,3,0,18,0,0,0,0,0,0,1,1,6,1,18,4,124,1,-1,-1,1,-1
201501ZD30789,2,9,0,3,0,0,0,0,0,0,2,1,6,2,-1,-1,-1,-1,-1,-1,-1,-1
201501ZD30790,1,9,0,9,0,8,0,0,0,0,3,1,6,1,27,6,1398,1,-1,-1,1,-1
201501ZD30791,1,9,0,18,0,8,0,0,0,0,1,1,6,1,30,6,-1,-1,-1,-1,-1,-1
201501ZD30791,2,2,0,9,0,8,0,0,0,0,1,1,6,1,76,11,200,1,2,-1,-1,-1
201501ZD30792,1,9,0,3,0,0,0,0,0,0,2,1,6,2,36,7,1895,1,16,-1,-1,-1
201501ZD30792,2,9,0,4,0,0,0,0,0,0,1,1,6,2,72,10,999,1,1,-1,-1,-1
201501ZD30794,1,9,0,18,0,0,0,0,0,0,4,1,6,1,21,5,1390,1,11,-1,1,-1
201501ZD30794,2,9,0,5,0,0,0,0,0,0,3,1,6,2,-1,-1,1598,1,6,-1,-1,-1
201501ZD30796,1,9,0,18,0,8,0,0,0,0,4,1,6,2,59,9,-1,-1,-1,-1,1,-1
201501ZD30796,2,9,0,18,0,8,0,0,0,0,1,1,6,2,48,8,1968,2,-1,-1,1,-1
201501ZD30797,1,9,0,4,0,1,0,0,0,0,1,1,6,1,35,6,-1,-1,-1,-1,1,-1
201501ZD30797,2,9,0,3,0,1,0,0,0,0,2,1,6,1,51,8,1242,1,17,-1,1,-1
201501ZD30799,1,9,0,9,0,8,0,0,0,0,1,1,6,1,78,11,1796,1,10,-1,1,-1
201501ZD30799,2,1,0,15,0,8,0,0,0,0,1,1,6,1,66,10,-1,-1,-1,-1,1,-1
201501ZD30802,1,9,0,18,0,0,0,0,0,0,4,1,6,2,64,9,1400,1,11,-1,1,-1
201501ZD30803,1,1,0,18,0,8,0,0,0,0,1,1,6,1,17,4,-1,-1,-1,-1,1,-1
201501ZD30803,2,9,0,16,0,8,0,0,0,0,4,1,6,2,-1,-1,-1,-1,-1,-1,-1,-1
201501ZD30804,1,9,0,9,0,8,0,0,0,0,1,1,6,1,-1,-1,-1,-1,-1,-1,-1,-1
201501ZD30806,1,9,0,18,0,8,0,0,0,0,4,1,6,2,49,8,1898,1,13,-1,1,-1
201501ZD30806,2,9,0,9,0,8,0,0,0,0,3,1,6,2,28,6,998,1,3,-1,1,-1
201501ZD30807,1,19,0,3,0,2,0,0,0,0,2,1,6,1,42,7,-1,-1,-1,-1,1,-1
201501ZD30807,2,9,0,3,0,2,0,0,0,0,2,1,6,2,39,7,1679,1,15,-1,1,-1
201501ZD30807,3,9,0,18,0,2,0,0,0,0,1,1,6,1,34,6,-1,-1,-1,-1,1,-1
201501ZD30808,1,5,0,18,0,8,0,0,0,0,1,1,6,1,-1,-1,-1,-1,-1,-1,-1,-1
201501ZD30808,2,9,0,9,0,8,0,0,0,0,4,1,6,1,64,9,1769,1,13,-1,1,-1
201501ZD30809,1,9,0,4,0,2,0,0,0,0,2,1,6,1,34,6,-1,-1,-1,-1,1,-1
201501ZD30809,2,9,0,18,0,2,0,0,0,0,1,1,6,1,-1,-1,3497,1,18,-1,-1,-1
201501ZD30810,1,19,0,7,0,8,1,0,0,0,3,1,1,1,49,8,2198,2,1,-1,1,-1
201501ZD30810,2,11,0,18,0,8,0,0,0,0,4,1,1,1,46,8,6692,2,6,-1,1,-1
201501ZD30811,1,9,0,18,0,0,0,4,0,0,4,1,6,1,-1,-1,1390,1,6,-1,1,-1
201501ZD30811,2,9,0,2,0,0,0,0,0,0,3,1,6,1,51,8,2204,2,7,-1,1,-1
201501ZD30811,3,9,0,2,0,0,0,0,0,0,3,1,6,1,26,6,1248,2,3,-1,3,-1
201501ZD30812,1,9,0,18,0,8,0,0,0,0,4,1,6,1,50,8,2143,2,2,-1,1,-1
201501ZD30812,2,9,0,7,0,8,0,0,0,0,1,1,6,1,-1,-1,1997,1,1,-1,-1,-1
201501ZD30813,1,9,0,9,0,8,0,0,0,0,1,1,6,1,47,8,1998,1,12,-1,1,-1
201501ZD30813,2,1,0,1,0,8,0,0,0,0,1,1,6,2,29,6,-1,-1,-1,-1,1,-1
201501ZD30814,1,9,0,18,0,2,0,0,0,0,3,1,6,2,48,8,1769,1,14,-1,1,-1
201501ZD30816,1,9,0,18,0,2,0,0,0,0,1,1,6,1,72,10,-1,-1,-1,-1,1,-1
201501ZD30817,1,9,0,18,0,0,0,0,0,0,1,1,6,1,27,6,2143,2,4,-1,1,-1
201501ZD30817,2,9,0,18,0,0,0,0,0,0,1,1,6,2,61,9,1595,1,10,-1,1,-1
201501ZD30818,1,9,0,18,0,1,0,0,0,0,1,1,6,1,25,5,1596,1,10,-1,1,-1
201501ZD30818,2,9,0,18,0,2,0,0,0,0,1,1,6,1,32,6,1988,1,13,-1,1,-1
201501ZD30819,1,9,0,4,0,8,0,0,0,0,2,1,6,1,44,7,1956,2,-1,-1,1,-1
201501ZD30819,2,9,0,4,0,8,0,0,0,0,2,1,6,2,51,8,1598,1,16,-1,1,-1
201501ZD30819,3,9,0,18,0,8,0,0,0,0,1,1,6,1,-1,-1,-1,-1,-1,-1,1,-1
201501ZD30820,1,9,0,4,0,8,5,0,3,10,1,1,6,1,54,8,-1,-1,-1,-1,1,-1
201501ZD30820,2,9,0,18,0,8,0,0,0,0,4,1,6,1,-1,-1,1956,2,-1,-1,1,-1
201501ZD30821,1,9,0,18,0,0,0,0,0,0,1,1,6,2,46,8,1783,1,13,-1,1,-1
201501ZD30822,1,11,0,18,0,2,0,0,0,0,0,1,1,1,52,8,-1,-1,-1,-1,1,-1
201501ZD30823,1,9,0,18,0,8,0,0,0,0,1,1,3,2,60,9,-1,-1,-1,-1,1,-1
201501ZD30823,2,9,0,18,0,8,0,4,0,0,3,1,2,1,66,10,1997,1,6,-1,1,-1
201501ZD30824,1,20,0,18,0,0,0,0,0,0,1,1,1,1,67,10,-1,-1,-1,-1,-1,-1
201501ZD30826,1,11,0,4,0,0,0,0,0,0,0,1,1,1,55,8,6692,2,2,-1,3,-1
201501ZD30827,1,9,0,6,0,0,0,0,0,0,3,1,6,1,33,6,1997,2,-1,-1,1,-1
201501ZD30827,2,9,0,18,0,0,0,0,0,0,1,1,6,1,46,8,3456,8,7,-1,-1,-1
201501ZD30828,1,9,0,4,0,8,0,0,0,0,2,1,6,2,38,7,1596,1,8,-1,1,-1
201501ZD30828,2,9,0,18,0,8,0,0,0,0,1,1,6,1,-1,-1,1197,1,2,-1,-1,-1
201501ZD30829,1,9,0,9,0,8,0,0,0,0,3,1,6,1,32,6,1791,8,3,-1,1,-1
201501ZD30829,2,3,0,15,0,8,0,0,0,0,1,1,6,1,26,6,-1,-1,-1,-1,1,-1
201501ZD30830,1,9,0,1,0,0,0,0,0,0,2,1,6,2,88,11,1769,1,10,-1,1,-1
201501ZD30830,2,9,0,4,0,0,0,0,0,0,1,1,6,1,41,7,2987,2,1,-1,1,-1
201501ZD30831,1,9,0,9,0,8,0,0,0,0,4,1,6,1,58,9,1796,1,10,-1,1,-1
201501ZD30831,2,1,0,18,0,8,0,0,0,0,1,1,6,1,28,6,-1,-1,-1,-1,1,-1
201501ZD30832,1,9,0,9,0,8,0,0,0,0,3,1,6,1,41,7,1900,2,15,-1,1,-1
201501ZD30832,2,9,0,18,0,8,0,0,0,0,1,1,6,1,42,7,-1,-1,-1,-1,1,-1
201501ZD30833,1,9,0,7,0,8,0,0,0,0,3,1,6,2,68,10,1496,1,-1,-1,1,-1
201501ZD30833,2,1,0,18,0,8,0,0,0,0,1,1,6,1,24,5,-1,-1,-1,-1,-1,-1
201501ZD30834,1,9,0,18,0,2,0,0,0,0,1,1,6,1,-1,-1,-1,-1,-1,-1,-1,-1
201501ZD30837,1,9,0,7,0,8,0,0,0,0,3,1,6,1,35,6,2143,2,3,-1,1,-1
201501ZD30837,2,9,0,18,0,8,0,0,0,0,1,1,6,1,19,4,1794,1,12,-1,1,-1
201501ZD30839,1,9,0,4,0,0,0,0,0,0,2,1,6,1,24,5,1997,2,2,-1,1,-1
201501ZD30839,2,9,0,18,0,0,0,0,0,0,1,1,6,1,55,8,2776,2,9,-1,1,-1
201501ZD30839,3,9,0,4,0,0,0,0,0,0,2,1,6,2,55,8,1598,1,-1,-1,1,-1
201501ZD30840,1,9,0,18,0,1,0,0,0,0,1,1,6,1,45,7,1242,1,-1,-1,1,-1
201501ZD30840,2,9,0,4,0,1,0,0,0,0,2,1,6,1,25,5,1796,2,2,-1,1,-1
201501ZD30841,1,9,0,9,0,1,0,0,0,0,4,1,6,1,67,10,1997,2,11,-1,1,-1
201501ZD30841,2,1,0,18,0,1,0,0,0,0,1,1,6,1,28,6,-1,-1,-1,-1,1,-1
201501ZD30842,1,19,0,18,0,0,0,0,0,0,1,1,6,1,31,6,2143,2,3,-1,1,-1
201501ZD30842,2,9,0,18,0,0,0,0,0,0,1,1,6,1,27,6,-1,-1,-1,-1,1,-1
201501ZD30843,1,9,0,9,0,8,0,0,0,0,1,1,1,1,39,7,-1,-1,-1,-1,1,-1
201501ZD30843,2,3,0,18,0,8,0,0,0,0,1,1,6,1,24,5,-1,-1,-1,-1,-1,-1
201501ZD30844,1,9,0,9,0,8,0,0,0,0,1,1,6,2,31,6,1596,1,10,-1,1,-1
201501ZD30844,2,5,0,18,0,8,0,0,0,0,1,1,6,1,-1,-1,-1,-1,-1,-1,1,-1
201501ZD30845,1,19,0,2,0,0,0,0,0,0,2,1,6,3,-1,-1,-1,-1,-1,-1,-1,-1
201501ZD30845,2,4,0,18,0,0,0,4,0,0,1,1,6,1,23,5,-1,-1,-1,-1,1,-1
201501ZD30846,1,9,0,9,0,2,0,0,0,0,2,1,6,1,31,6,2926,2,13,-1,1,-1
201501ZD30846,2,3,0,14,0,2,0,0,0,0,1,1,6,1,20,4,125,1,7,-1,1,-1
201501ZD30847,1,9,0,16,0,0,0,0,0,0,1,1,6,2,23,5,1499,2,2,-1,1,-1
201501ZD30847,2,9,0,17,0,0,0,0,0,0,1,1,6,1,46,8,1995,2,4,-1,1,-1
201501ZD30848,1,9,0,2,0,0,0,0,0,0,2,1,6,2,36,7,1956,2,-1,-1,1,-1
201501ZD30848,2,9,0,14,0,0,0,4,0,0,1,1,6,1,20,4,1240,1,9,-1,1,-1
201501ZD30849,1,9,0,18,0,8,0,0,0,0,1,1,6,2,28,6,1796,1,14,-1,1,-1
201501ZD30849,2,9,0,18,0,8,0,0,0,0,1,1,6,2,-1,-1,-1,-1,-1,-1,-1,-1
201501ZD30850,1,11,0,18,0,2,0,0,0,0,3,1,1,1,45,7,6700,2,7,-1,-1,-1
201501ZD30851,1,9,0,1,0,0,0,0,0,0,2,1,6,2,44,7,1560,2,7,-1,1,-1
201501ZD30851,2,9,0,2,0,0,0,0,0,0,3,1,6,1,32,6,-1,-1,-1,-1,1,-1
201501ZD30852,1,9,0,9,0,8,0,0,0,0,1,1,6,2,46,8,-1,-1,-1,-1,-1,-1
201501ZD30852,2,5,0,18,0,8,0,0,0,0,1,1,6,1,26,6,-1,-1,-1,-1,1,-1
201501ZD30853,1,9,0,18,0,1,0,0,0,0,3,1,6,1,54,8,1769,1,10,-1,-1,-1
201501ZD30853,2,9,0,13,0,1,0,0,0,0,4,1,6,3,-1,-1,-1,-1,-1,-1,-1,-1
201501ZD30854,1,3,0,18,0,8,0,0,0,0,1,1,6,1,19,4,125,1,8,-1,1,-1
201501ZD30854,2,9,0,7,0,8,0,0,0,0,3,1,6,1,65,9,2000,2,4,-1,1,-1
201501ZD30855,1,19,0,7,0,1,0,10,4,1,4,1,6,1,41,7,1560,2,3,-1,1,-1
201501ZD30855,2,9,0,7,0,1,0,0,0,0,3,1,6,3,-1,-1,-1,-1,-1,-1,-1,-1
201501ZD30856,1,9,0,1,0,1,0,0,0,0,2,1,6,1,72,10,1896,2,13,-1,1,-1
201501ZD30858,1,9,0,5,0,1,0,0,0,0,1,1,6,2,43,7,1598,1,1,-1,1,-1
201501ZD30858,2,9,0,18,0,8,0,0,0,0,1,1,1,1,30,6,-1,-1,-1,-1,1,-1
201501ZD30859,1,9,0,7,0,8,0,0,0,0,2,1,6,2,22,5,973,1,13,-1,1,-1
201501ZD30859,2,19,0,18,0,8,0,0,0,0,1,1,6,1,-1,-1,-1,-1,-1,-1,-1,-1
201501ZD30860,1,11,0,3,0,1,0,0,0,0,4,1,1,1,44,7,-1,-1,-1,-1,-1,-1
201501ZD30862,1,11,0,9,0,2,0,0,0,0,0,1,1,1,-1,-1,5900,2,9,-1,-1,-1
201501ZD30863,1,9,0,3,0,1,0,0,0,0,2,1,6,2,30,6,1797,1,16,-1,1,-1
201501ZD30863,2,9,0,3,0,1,0,0,0,0,2,1,6,2,26,6,1242,1,7,-1,1,-1
201501ZD30863,3,9,0,18,0,1,0,0,0,0,1,1,6,1,61,9,1956,2,4,-1,1,-1
201501ZD30863,4,9,0,3,0,1,0,0,0,0,3,1,6,2,66,10,1596,1,11,-1,-1,-1
201501ZD30864,1,11,0,4,0,8,0,0,0,0,0,1,1,1,32,6,-1,-1,-1,-1,1,-1
201501ZD30865,1,4,0,18,0,8,0,0,0,0,1,1,6,1,69,10,108,1,2,-1,1,-1
201501ZD30865,2,9,0,9,0,8,0,0,0,0,0,1,6,3,-1,-1,2179,2,6,-1,-1,-1
201501ZD30866,1,9,0,18,3,0,0,0,0,0,4,1,6,1,90,11,1398,1,4,-1,1,-1
201501ZD30867,1,5,0,18,0,0,0,0,0,0,0,1,6,1,37,7,-1,-1,-1,-1,1,-1
201501ZD30867,2,11,0,5,0,0,0,0,0,0,0,1,6,3,-1,-1,-1,-1,-1,-1,-1,-1
201501ZD30868,1,9,0,9,0,2,0,0,0,0,1,1,6,1,-1,-1,2494,1,13,-1,1,-1
201501ZD30869,1,9,0,18,0,0,0,0,0,0,1,1,6,2,32,6,1242,1,2,-1,1,-1
201501ZD30869,2,9,0,2,0,0,0,0,0,0,2,1,6,1,31,6,1598,1,12,-1,-1,-1
201501ZD30869,3,19,0,2,0,0,0,0,0,0,1,1,6,1,27,6,2198,2,3,-1,1,-1
201501ZD30871,1,4,0,18,0,0,0,0,0,0,1,1,6,3,-1,-1,-1,-1,-1,-1,-1,-1
201501ZD30872,1,9,0,18,0,1,0,0,0,0,4,1,6,1,60,9,1799,1,18,-1,1,-1
201501ZD30874,1,9,0,18,0,1,0,0,0,0,1,1,3,2,39,7,1596,1,12,-1,1,-1
201501ZD30874,2,9,0,14,0,2,0,0,0,0,1,1,2,1,31,6,2143,2,-1,-1,1,-1
201501ZD30875,1,9,0,4,0,1,0,0,0,0,2,1,6,1,31,6,1598,1,2,-1,-1,-1
201501ZD30875,2,9,0,18,0,1,0,0,0,0,1,1,6,3,-1,-1,1896,2,12,-1,-1,-1
201501ZD30876,1,9,0,9,0,8,0,0,0,0,1,1,6,1,24,5,-1,-1,-1,-1,1,-1
201501ZD30876,2,1,0,18,0,8,0,0,0,0,1,1,6,1,30,6,-1,-1,-1,-1,1,-1
201501ZD30877,1,3,0,18,0,1,0,0,0,0,1,1,6,2,25,5,125,1,11,-1,1,-1
201501ZD30877,2,9,0,3,0,1,0,0,0,0,2,1,6,1,69,10,999,1,14,-1,1,-1
201501ZD30878,1,9,0,9,0,8,0,0,0,0,1,1,6,2,34,6,1598,1,12,-1,1,-1
201501ZD30878,2,1,0,18,0,8,0,0,0,0,1,1,6,1,32,6,-1,-1,-1,-1,-1,-1