Accident_Index,Vehicle_Reference,Vehicle_Type,Towing_and_Articulation,Vehicle_Manoeuvre,Vehicle_Location-Restricted_Lane,Junction_Location,Skidding_and_Overturning,Hit_Object_in_Carriageway,Vehicle_Leaving_Carriageway,Hit_Object_off_Carriageway,1st_Point_of_Impact,Was_Vehicle_Left_Hand_Drive?,Journey_Purpose_of_Driver,Sex_of_Driver,Age_of_Driver,Age_Band_of_Driver,Engine_Capacity_(CC),Propulsion_Code,Age_of_Vehicle,Driver_IMD_Decile,Driver_Home_Area_Type,Vehicle_IMD_Decile
201501ZD30879,1,9,0,18,0,0,0,0,0,0,1,1,6,2,-1,-1,1360,1,11,-1,-1,-1
201501ZD30880,1,9,0,9,0,8,0,0,0,0,1,1,6,2,40,7,1329,1,4,-1,1,-1
201501ZD30880,2,9,0,18,0,8,0,0,0,0,4,1,6,1,43,7,1995,2,4,-1,1,-1
201501ZD30882,1,9,0,9,0,8,0,0,0,0,2,1,6,1,48,8,1197,1,3,-1,1,-1
201501ZD30882,2,2,0,18,0,8,0,0,0,0,4,1,6,1,62,9,49,1,3,-1,1,-1
201501ZD30884,1,9,0,4,0,8,0,0,0,0,1,1,6,1,37,7,1396,1,10,-1,1,-1
201501ZD30884,2,9,0,4,0,8,0,0,0,0,1,1,6,1,29,6,-1,-1,-1,-1,1,-1
201501ZD30884,3,9,0,4,0,8,0,0,0,0,2,1,6,1,42,7,-1,-1,-1,-1,1,-1
201501ZD30885,1,9,0,18,0,8,0,0,0,0,1,1,6,1,66,10,1685,2,1,-1,1,-1
201501ZD30886,1,5,0,14,0,0,0,0,0,0,1,1,2,1,45,7,600,1,16,-1,1,-1
201501ZD30886,2,9,0,6,0,0,0,0,0,0,3,1,6,2,60,9,1461,2,4,-1,1,-1
201501ZD30887,1,9,0,9,0,8,0,0,0,0,4,1,6,1,27,6,-1,-1,-1,-1,-1,-1
201501ZD30887,2,9,0,6,0,8,0,0,0,0,3,1,6,2,-1,-1,998,1,5,-1,-1,-1
201501ZD30888,1,1,0,18,0,0,0,4,0,0,1,1,6,1,46,8,-1,-1,-1,-1,1,-1
201501ZD30888,2,8,0,2,0,0,0,0,0,0,2,1,6,1,46,8,1598,1,2,-1,-1,-1
201501ZD30889,1,3,0,18,0,0,0,0,0,0,1,1,6,1,19,4,124,1,1,-1,1,-1
201501ZD30890,1,3,0,18,0,8,0,0,0,0,1,1,1,1,57,9,49,1,8,-1,-1,-1
201501ZD30890,2,9,0,9,0,8,0,0,0,0,4,1,2,1,-1,-1,1999,1,9,-1,1,-1
201501ZD30891,1,9,0,18,0,0,0,0,0,0,1,1,6,2,36,7,1598,1,14,-1,1,-1
201501ZD30891,2,9,0,18,0,0,0,0,0,0,1,1,6,1,56,9,1390,1,5,-1,1,-1
201501ZD30892,1,9,0,18,0,0,0,10,1,2,4,1,6,1,26,6,1364,1,6,-1,1,-1
201501ZD30893,1,9,0,18,0,8,0,0,0,0,1,1,6,1,52,8,2393,1,16,-1,1,-1
201501ZD30893,2,9,0,18,0,8,0,0,0,0,3,1,6,1,22,5,1198,1,2,-1,-1,-1
201501ZD30893,3,9,0,2,0,8,0,0,0,0,3,1,6,1,63,9,1497,1,11,-1,1,-1
201501ZD30893,4,9,0,2,0,8,0,0,0,0,3,1,6,1,65,9,1968,2,10,-1,1,-1
201501ZD30895,1,9,0,18,0,0,0,0,0,0,4,1,6,2,46,8,2688,2,12,-1,1,-1
201501ZD30896,1,9,0,9,0,8,0,0,0,0,1,1,2,1,44,7,1198,1,3,-1,1,-1
201501ZD30896,2,5,0,14,0,8,0,0,0,0,4,1,6,1,31,6,-1,-1,-1,-1,1,-1
201501ZD30897,1,9,0,18,0,0,0,0,0,0,1,1,6,1,18,4,-1,-1,-1,-1,-1,-1
201501ZD30897,2,11,0,18,0,0,0,0,0,0,1,1,1,1,-1,-1,-1,-1,-1,-1,-1,-1
201501ZD30898,1,9,0,9,0,8,0,0,0,0,1,1,1,1,57,9,1896,2,6,-1,1,-1
201501ZD30899,1,9,0,3,0,0,0,0,0,0,2,1,6,2,44,7,1995,2,3,-1,1,-1
201501ZD30899,2,9,0,4,0,0,0,0,0,0,1,1,6,2,-1,-1,2179,2,3,-1,-1,-1
201501ZD30901,1,9,0,18,0,0,0,0,0,0,0,1,6,3,-1,-1,-1,-1,-1,-1,-1,-1
201501ZD30902,1,17,4,18,0,1,0,0,0,0,4,1,1,1,40,7,-1,-1,-1,-1,1,-1
201501ZD30902,2,9,0,18,0,1,0,0,0,0,3,1,2,2,44,7,-1,-1,-1,-1,1,-1
201501ZD30903,1,9,0,9,0,8,0,0,0,0,1,1,6,1,29,6,1948,1,12,-1,1,-1
201501ZD30903,2,9,0,18,0,8,0,0,0,0,4,1,6,1,33,6,2967,2,8,-1,-1,-1
201501ZD30904,1,19,0,9,0,8,0,0,0,0,4,1,6,1,-1,-1,1997,2,12,-1,-1,-1
201501ZD30904,2,1,0,18,0,8,0,0,0,0,1,1,6,1,16,4,-1,-1,-1,-1,1,-1
201501ZD30906,1,19,0,18,0,2,0,0,0,0,1,1,6,1,67,10,1868,2,16,-1,1,-1
201501ZD30907,1,9,0,18,0,1,0,0,0,0,4,1,6,2,19,4,-1,-1,-1,-1,1,-1
201501ZD30908,1,9,0,18,0,1,0,0,0,0,1,1,6,3,-1,-1,-1,-1,-1,-1,-1,-1
201501ZD30909,1,9,0,9,0,8,0,0,0,0,1,1,6,2,24,5,1598,1,10,-1,1,-1
201501ZD30909,2,9,0,18,0,8,0,0,0,0,1,1,6,2,48,8,1598,2,2,-1,1,-1
201501ZD30909,3,9,0,2,0,8,0,0,0,0,3,1,6,2,44,7,1896,2,11,-1,1,-1
201501ZD30910,1,9,0,9,0,8,0,0,0,0,1,1,6,1,33,6,1598,1,8,-1,1,-1
201501ZD30910,2,9,0,7,0,8,0,0,0,0,1,1,6,1,41,7,1968,2,4,-1,1,-1
201501ZD30913,1,19,0,18,0,1,0,0,0,0,3,1,6,1,34,6,2402,2,6,-1,-1,-1
201501ZD30913,2,9,0,18,0,2,0,0,0,0,3,1,6,1,48,8,-1,-1,-1,-1,1,-1
201501ZD30915,1,19,0,5,0,2,0,0,0,0,1,1,6,1,-1,-1,-1,-1,-1,-1,-1,-1
201501ZD30916,1,9,0,4,0,8,0,0,0,0,1,1,6,1,31,6,2204,2,5,-1,1,-1
201501ZD30916,2,9,0,4,0,8,0,0,0,0,2,1,6,2,30,6,1598,1,5,-1,1,-1
201501ZD30917,1,9,0,18,0,8,0,0,0,0,1,1,6,1,69,10,1299,1,13,-1,1,-1
201501ZD30919,1,3,0,9,0,8,1,0,0,0,1,1,6,1,30,6,125,1,16,-1,1,-1
201501ZD30919,2,19,0,18,0,8,0,0,0,0,3,1,6,3,-1,-1,1560,2,3,-1,1,-1
201501ZD30920,1,9,0,18,0,1,0,0,0,0,1,1,6,1,49,8,1699,1,10,-1,1,-1
201501ZD30920,2,9,0,18,0,2,0,0,0,0,2,1,6,2,33,6,1360,1,10,-1,1,-1
201501ZD30920,3,9,0,2,0,2,0,0,0,0,2,1,6,1,40,7,1600,1,11,-1,1,-1
201501ZD30920,4,9,0,6,0,1,0,0,0,0,1,1,6,1,38,7,1992,2,13,-1,1,-1
201501ZD30921,1,9,0,4,0,0,0,0,0,0,1,1,6,1,34,6,1386,1,5,-1,1,-1
201501ZD30921,2,9,0,4,0,0,0,0,0,0,2,1,6,2,31,6,1995,2,5,-1,1,-1
201501ZD30922,1,19,0,2,0,1,0,0,0,0,3,1,1,3,-1,-1,1996,2,5,-1,-1,-1
201501ZD30922,2,9,0,14,0,1,0,0,0,0,4,1,6,1,63,9,1686,2,7,-1,1,-1
201501ZD30923,1,9,0,9,0,8,0,0,0,0,2,1,6,2,46,8,-1,-1,-1,-1,1,-1
201501ZD30923,2,9,0,18,0,8,0,0,0,0,1,1,6,1,-1,-1,2496,2,11,-1,1,-1
201501ZD30924,1,9,0,18,0,0,0,4,0,0,1,1,6,1,36,7,1834,1,13,-1,1,-1
201501ZD30924,2,9,0,2,0,0,0,0,0,0,3,1,6,3,-1,-1,1997,2,13,-1,-1,-1
201501ZD30925,1,9,0,2,0,0,0,0,0,0,2,1,6,1,47,8,1598,1,2,-1,1,-1
201501ZD30925,2,9,0,18,0,0,0,0,0,0,1,1,6,3,-1,-1,-1,-1,-1,-1,-1,-1
201501ZD30926,1,9,0,9,0,8,0,0,0,0,4,1,6,2,36,7,1390,1,6,-1,1,-1
201501ZD30926,2,3,0,18,0,8,0,0,0,0,1,1,6,1,37,7,798,1,2,-1,1,-1
201501ZD30927,1,3,0,15,0,0,0,0,0,0,4,1,6,1,21,5,125,1,13,-1,1,-1
201501ZD30927,2,9,0,18,0,0,0,0,0,0,3,1,6,2,36,7,1587,1,10,-1,1,-1
201501ZD30928,1,3,0,18,0,8,0,0,0,0,1,1,6,2,30,6,-1,-1,-1,-1,1,-1
201501ZD30928,2,9,0,9,0,8,0,0,0,0,4,1,6,2,-1,-1,1995,1,9,-1,-1,-1
201501ZD30929,1,11,0,4,0,2,0,0,0,0,0,1,1,1,30,6,-1,2,6,-1,-1,-1
201501ZD30930,1,9,0,3,0,1,0,0,0,0,2,1,6,2,35,6,-1,-1,-1,-1,1,-1
201501ZD30930,2,9,0,5,0,1,0,0,0,0,1,1,6,3,-1,-1,-1,-1,-1,-1,-1,-1
201501ZD30931,1,9,0,7,0,8,0,0,0,0,2,1,6,2,-1,-1,1599,1,8,-1,-1,-1
201501ZD30931,2,9,0,7,0,8,0,0,0,0,1,1,6,1,33,6,3000,2,15,-1,1,-1
201501ZD30932,1,9,0,9,0,8,0,0,0,0,1,1,6,2,37,7,1598,1,9,-1,1,-1
201501ZD30933,1,9,0,3,0,1,0,0,0,0,2,1,6,2,58,9,1596,1,17,-1,1,-1
201501ZD30933,2,9,0,3,0,1,1,0,0,0,1,1,6,2,-1,-1,1598,1,6,-1,-1,-1
201501ZD30934,1,9,0,16,0,1,0,0,0,0,1,1,6,1,22,5,998,1,3,-1,1,-1
201501ZD30934,2,21,0,17,0,2,0,0,0,0,1,1,1,1,47,8,8970,2,7,-1,1,-1
201501ZD30935,1,9,0,1,0,0,0,0,0,0,2,1,6,2,42,7,3960,1,11,-1,1,-1
201501ZD30936,1,9,0,18,0,2,0,0,0,0,2,1,6,2,43,7,1796,1,12,-1,1,-1
201501ZD30936,2,9,0,18,0,2,0,0,0,0,1,1,6,3,-1,-1,1595,1,11,-1,-1,-1
201501ZD30937,1,9,0,3,0,1,0,0,0,0,2,1,6,1,48,8,1796,1,13,-1,1,-1
201501ZD30937,2,9,0,3,0,1,0,0,0,0,2,1,6,1,-1,-1,-1,-1,-1,-1,-1,-1
201501ZD30937,3,9,0,18,0,1,0,0,0,0,1,1,6,1,-1,-1,-1,-1,-1,-1,-1,-1
201501ZD30941,1,9,0,18,0,8,0,0,0,0,4,1,6,1,76,11,1598,1,9,-1,1,-1
201501ZD30942,1,9,0,18,0,0,0,0,0,0,3,1,6,1,37,7,-1,-1,-1,-1,1,-1
201501ZD30943,1,9,0,15,0,0,0,0,0,0,3,1,6,1,21,5,2793,1,20,-1,1,-1
201501ZD30943,2,9,0,18,0,0,0,0,0,0,3,1,6,1,42,7,1995,1,11,-1,1,-1
201501ZD30943,3,9,0,18,0,0,0,0,0,0,1,1,6,1,-1,-1,1388,1,3,-1,-1,-1
201501ZD30947,1,9,0,5,0,0,0,0,0,0,3,1,6,2,35,6,1598,1,6,-1,-1,-1
201501ZD30947,2,9,0,18,0,0,0,0,0,0,1,1,6,1,45,7,-1,-1,-1,-1,1,-1
201501ZD30948,1,5,0,14,0,0,0,0,0,0,1,1,6,1,48,8,599,1,2,-1,1,-1
201501ZD30949,1,9,0,9,0,8,0,10,7,10,4,1,6,2,45,7,3200,1,15,-1,1,-1
201501ZD30949,2,9,0,18,0,8,0,0,0,0,1,1,6,1,64,9,1998,7,8,-1,1,-1
201501ZD30950,1,3,0,18,0,0,0,0,0,0,4,1,6,1,21,5,109,1,1,-1,1,-1
201501ZD30951,1,19,0,10,0,8,0,0,0,0,4,1,6,1,24,5,-1,-1,-1,-1,-1,-1
201501ZD30951,2,5,0,7,0,8,0,0,0,0,3,1,6,1,-1,-1,-1,-1,-1,-1,-1,-1
201501ZD30952,1,9,0,9,0,8,0,0,0,0,3,1,6,2,65,9,1598,1,8,-1,1,-1
201501ZD30952,2,3,0,18,0,8,0,0,0,0,1,1,6,1,34,6,124,1,15,-1,1,-1
201501ZD30953,1,9,0,5,0,1,0,0,0,0,4,1,1,1,60,9,1598,2,2,-1,1,-1
201501ZD30955,1,9,0,4,0,8,0,0,0,0,2,1,6,1,53,8,2497,2,8,-1,1,-1
201501ZD30955,2,9,0,18,0,8,0,0,0,0,1,1,6,1,-1,-1,-1,-1,-1,-1,-1,-1
201501ZD30957,1,9,0,9,0,8,0,0,0,0,1,1,6,1,24,5,-1,-1,-1,-1,-1,-1
201501ZD30957,2,1,0,7,0,8,0,0,0,0,3,1,1,2,31,6,-1,-1,-1,-1,-1,-1
201501ZD30958,1,9,0,9,0,8,0,0,0,0,3,1,6,1,41,7,1686,2,4,-1,1,-1
201501ZD30958,2,1,0,18,0,8,0,0,0,0,1,1,6,1,21,5,-1,-1,-1,-1,-1,-1
201501ZD30960,1,9,0,4,0,8,0,0,0,0,2,1,6,2,46,8,1598,1,6,-1,1,-1
201501ZD30960,2,19,0,18,0,8,0,0,0,0,1,1,6,1,-1,-1,2198,2,1,-1,1,-1
201501ZD30961,1,3,0,18,0,0,0,0,0,0,1,1,6,1,20,4,109,1,2,-1,1,-1
201501ZD30961,2,9,0,6,0,0,0,0,0,0,3,1,6,1,28,6,-1,-1,-1,-1,1,-1
201501ZD30962,1,9,0,9,0,8,0,0,0,0,4,1,6,1,22,5,998,1,8,-1,1,-1
201501ZD30962,2,1,0,18,0,8,0,0,0,0,1,1,6,1,42,7,-1,-1,-1,-1,-1,-1
201501ZD30963,1,9,0,9,0,1,0,0,0,0,2,1,6,2,40,7,1598,1,8,-1,1,-1
201501ZD30963,2,1,0,18,0,1,0,0,0,0,1,1,6,1,34,6,-1,-1,-1,-1,1,-1
201501ZD30964,1,3,0,18,0,8,0,0,0,0,1,1,6,1,18,4,-1,-1,-1,-1,1,-1
201501ZD30964,2,9,0,18,0,8,0,0,0,0,3,1,6,1,39,7,1798,8,2,-1,1,-1
201501ZD30965,1,9,0,1,0,0,0,0,0,0,2,1,6,2,75,10,-1,-1,-1,-1,-1,-1
201501ZD30966,1,4,0,18,0,1,0,0,0,0,1,1,6,1,26,6,499,1,10,-1,1,-1
201501ZD30967,1,9,0,18,0,8,0,0,0,0,4,1,6,2,60,9,1596,1,1,-1,1,-1
201501ZD30967,2,9,0,9,0,8,0,0,0,0,1,1,6,2,63,9,1124,1,12,-1,1,-1
201501ZD30968,1,9,0,18,0,8,0,0,0,0,4,1,6,2,23,5,999,1,7,-1,1,-1
201501ZD30968,2,9,0,18,0,8,0,0,0,0,1,1,6,3,-1,-1,-1,-1,-1,-1,-1,-1
201501ZD30969,1,18,0,18,1,0,0,0,0,0,4,1,1,1,39,7,-1,-1,-1,-1,1,-1
201501ZD30969,2,19,0,1,0,0,0,0,0,0,2,1,1,1,22,5,1598,2,-1,-1,1,-1
201501ZD30970,1,9,0,18,0,8,0,4,0,0,1,1,6,1,-1,-1,1995,1,13,-1,-1,-1
201501ZD30970,2,9,0,18,0,8,0,4,0,0,1,1,6,1,-1,-1,998,1,7,-1,-1,-1
201501ZD30970,3,9,0,2,0,8,0,0,0,0,3,1,6,1,-1,-1,1984,1,8,-1,-1,-1
201501ZD30970,4,9,0,2,0,8,0,0,0,0,1,1,6,1,-1,-1,1598,1,4,-1,-1,-1
201501ZD30971,1,9,0,18,0,8,0,0,0,0,4,1,6,2,36,7,1598,1,8,-1,1,-1
201501ZD30972,1,9,0,18,0,0,0,0,0,0,3,1,6,1,68,10,1396,1,1,-1,1,-1
201501ZD30973,1,1,0,18,0,8,0,0,0,0,1,1,6,2,55,8,-1,-1,-1,-1,1,-1
201501ZD30973,2,9,0,7,0,8,0,0,0,0,4,1,6,2,-1,-1,1598,1,5,-1,-1,-1
201501ZD30974,1,9,0,18,0,0,0,12,0,0,4,1,6,2,38,7,1598,1,4,-1,1,-1
201501ZD30975,1,9,0,2,0,0,0,0,0,0,3,1,6,1,-1,-1,1229,1,4,-1,-1,-1
201501ZD30975,2,9,0,15,0,0,0,0,0,0,4,1,6,1,44,7,999,1,15,-1,1,-1
201501ZD30975,3,9,0,5,0,0,0,0,0,0,3,1,6,1,-1,-1,-1,-1,-1,-1,-1,-1
201501ZD30976,1,2,0,9,0,1,0,0,0,0,4,1,6,1,17,4,49,1,15,-1,1,-1
201501ZD30976,2,2,0,18,0,1,0,0,0,0,1,1,6,1,-1,-1,996,1,2,-1,1,-1
201501ZD30977,1,9,0,18,0,1,0,0,0,0,1,1,6,1,50,8,1591,1,-1,-1,1,-1
201501ZD30977,2,9,0,18,0,1,0,0,0,0,1,1,2,1,47,8,3498,1,7,-1,1,-1
201501ZD30978,1,9,0,18,0,8,0,0,0,0,1,1,6,1,55,8,2198,1,13,-1,1,-1
201501ZD30978,2,9,0,4,0,8,0,0,0,0,2,1,6,1,21,5,998,1,7,-1,1,-1
201501ZD30978,3,9,0,4,0,8,0,0,0,0,2,1,6,1,42,7,1598,1,8,-1,1,-1
201501ZD30978,4,9,0,18,0,8,0,0,0,0,3,1,6,1,21,5,-1,-1,-1,-1,1,-1
201501ZD30978,5,9,0,18,0,8,0,0,0,0,3,1,6,1,52,8,998,1,13,-1,1,-1
201501ZD30979,1,9,0,18,0,8,0,0,0,0,4,1,6,1,35,6,-1,-1,-1,-1,1,-1
201501ZD30979,2,9,0,7,0,8,0,0,0,0,3,1,6,1,34,6,-1,-1,-1,-1,1,-1
201501ZD30980,1,3,0,14,0,8,0,0,0,0,1,1,2,1,23,5,124,1,3,-1,1,-1
201501ZD30980,2,9,0,9,0,8,0,0,0,0,3,1,6,1,40,7,1339,1,8,-1,1,-1
201501ZD30981,1,3,0,18,0,8,0,0,0,0,3,1,6,1,21,5,-1,-1,-1,-1,-1,-1
201501ZD30982,1,9,0,9,0,8,0,0,0,0,3,1,6,2,38,7,-1,-1,-1,-1,1,-1
201501ZD30982,2,1,0,18,0,8,0,0,0,0,1,1,6,1,37,7,-1,-1,-1,-1,1,-1
201501ZD30983,1,9,0,18,0,8,0,0,0,0,1,1,6,1,-1,-1,-1,-1,-1,-1,1,-1
201501ZD30983,2,9,0,18,0,8,0,0,0,0,1,1,6,1,41,7,1086,1,5,-1,-1,-1
201501ZD30983,3,9,0,18,0,8,0,0,0,0,3,1,6,1,54,8,1968,2,2,-1,1,-1
201501ZD30984,1,1,0,18,0,1,0,0,0,0,3,1,6,1,57,9,-1,-1,-1,-1,-1,-1
201501ZD30984,2,9,0,7,0,1,0,0,0,0,1,1,6,3,-1,-1,-1,-1,-1,-1,-1,-1
201501ZD30985,1,3,0,18,0,0,0,0,0,0,1,1,1,1,17,4,-1,-1,-1,-1,1,-1
201501ZD30985,2,9,0,6,0,0,0,0,0,0,4,1,6,1,20,4,1199,1,14,-1,1,-1
201501ZD30987,1,19,0,18,0,2,0,0,0,0,4,1,1,3,-1,-1,-1,-1,-1,-1,-1,-1
201501ZD30989,1,3,0,18,0,0,0,0,0,0,2,1,6,1,21,5,124,1,4,-1,1,-1
201501ZD30989,2,9,0,18,0,0,0,0,0,0,1,1,6,2,51,8,2143,2,3,-1,1,-1
201501ZD30990,1,11,0,18,0,0,0,0,0,0,1,1,1,1,31,6,-1,-1,-1,-1,1,-1
201501ZD30990,2,9,0,5,0,0,0,0,0,0,3,1,6,1,31,6,998,1,16,-1,1,-1
201501ZD30991,1,9,0,18,0,8,0,0,0,0,1,1,6,2,53,8,1997,2,5,-1,1,-1
201501ZD30991,2,9,0,18,0,8,0,0,0,0,4,1,6,2,21,5,-1,-1,-1,-1,1,-1
201501ZD30992,1,9,0,2,0,8,0,10,0,0,4,1,6,2,57,9,-1,-1,-1,-1,1,-1
201501ZD30992,2,9,0,1,0,8,0,4,0,0,1,1,6,2,41,7,1769,1,12,-1,1,-1
201501ZD30994,1,3,0,7,0,1,0,0,0,0,2,1,6,1,21,5,109,1,1,-1,1,-1
201501ZD30994,2,9,0,7,0,1,0,0,0,0,1,1,6,1,-1,-1,1956,2,1,-1,-1,-1
201501ZD30997,1,9,0,7,0,1,0,0,0,0,1,1,6,1,38,7,4196,1,8,-1,1,-1
201501ZD30998,1,11,0,5,0,0,0,0,0,0,0,1,1,3,-1,-1,-1,-1,-1,-1,-1,-1
201501ZD31000,1,9,0,18,0,0,0,4,0,0,1,1,6,2,53,8,2494,1,17,-1,1,-1
201501ZD31000,2,9,0,2,0,0,0,0,0,0,3,1,6,3,-1,-1,-1,-1,-1,-1,-1,-1
201501ZD31001,1,9,0,9,0,8,0,0,0,0,1,1,6,2,-1,-1,-1,-1,-1,-1,-1,-1
201501ZD31001,2,9,0,18,0,8,0,0,0,0,1,1,6,1,-1,-1,-1,-1,-1,-1,-1,-1
201501ZD31002,1,9,0,18,0,8,0,0,0,0,3,1,6,2,28,6,1598,1,11,-1,1,-1
201501ZD31002,2,9,0,18,0,8,0,0,0,0,1,1,6,2,21,5,1596,1,13,-1,1,-1
201501ZD31003,1,9,0,9,0,8,0,0,0,0,1,1,6,2,-1,-1,1497,1,13,-1,-1,-1
201501ZD31003,2,9,0,18,0,1,0,0,0,0,3,1,6,2,33,6,1199,1,13,-1,1,-1
201501ZD31004,1,19,0,5,0,8,0,0,0,0,4,1,6,1,22,5,-1,-1,-1,-1,1,-1
201501ZD31004,2,1,0,18,0,8,0,0,0,0,1,1,6,2,38,7,-1,-1,-1,-1,1,-1
201501ZD31005,1,3,0,18,0,8,0,4,0,0,1,1,6,1,17,4,124,1,13,-1,1,-1
201501ZD31005,2,9,0,2,0,8,0,0,0,0,2,1,6,1,-1,-1,-1,-1,-1,-1,-1,-1
201501ZD31007,1,19,0,18,0,1,1,0,2,2,3,1,1,1,32,6,2402,2,10,-1,1,-1
201501ZD31007,2,9,0,18,0,1,0,0,0,0,1,1,6,2,52,8,1797,8,3,-1,-1,-1
201501ZD31008,1,9,0,9,0,1,0,0,0,0,3,1,6,2,36,7,2362,1,14,-1,1,-1
201501ZD31008,2,3,0,13,0,1,0,0,0,0,1,1,6,2,20,4,124,1,14,-1,1,-1
201501ZD31009,1,19,0,9,0,8,0,0,0,0,1,1,2,1,65,9,1996,2,6,-1,-1,-1
201501ZD31009,2,21,0,18,0,8,0,0,0,0,1,1,1,1,65,9,4461,2,4,-1,1,-1
201501ZD31010,1,3,0,13,0,8,0,0,0,0,1,1,6,1,22,5,125,1,9,-1,1,-1
201501ZD31010,2,9,0,6,0,8,0,0,0,0,3,1,6,1,25,5,1364,1,8,-1,1,-1
201501ZD31011,1,9,0,18,0,0,0,0,0,0,2,1,6,2,28,6,1596,1,12,-1,1,-1
201501ZD31011,2,9,0,18,0,0,0,0,0,0,1,1,6,2,41,7,1587,1,12,-1,1,-1
201501ZD31013,1,11,0,4,0,1,0,0,0,0,0,1,1,1,48,8,6370,2,3,-1,1,-1
201501ZD31014,1,19,0,18,0,1,0,0,0,0,1,1,1,1,40,7,-1,-1,-1,-1,1,-1
201501ZD31015,1,9,0,10,0,1,0,0,0,0,2,1,6,1,35,6,2698,2,6,-1,1,-1
201501ZD31015,2,19,0,18,0,1,0,0,0,0,1,1,1,1,47,8,4485,2,-1,-1,1,-1
201501ZD31016,1,9,0,9,0,1,0,0,0,0,4,1,6,2,53,8,1997,2,2,-1,-1,-1
201501ZD31017,1,3,0,18,0,8,0,0,0,0,3,1,6,1,29,6,-1,-1,-1,-1,1,-1
201501ZD31017,2,3,0,18,0,8,1,10,0,0,3,1,6,1,-1,-1,749,1,13,-1,1,-1
201501ZD31018,1,9,0,4,0,0,0,0,0,0,2,1,6,1,40,7,1984,1,8,-1,1,-1
201501ZD31018,2,9,0,18,0,0,0,0,0,0,1,1,6,2,35,6,1998,2,3,-1,1,-1
201501ZD31020,1,20,0,1,9,8,0,10,0,0,2,1,6,1,-1,-1,-1,-1,-1,-1,-1,-1
201501ZD31021,1,9,0,18,0,8,0,0,0,0,1,1,6,2,19,4,1149,1,5,-1,1,-1
201501ZD31021,2,9,0,9,0,8,0,0,0,0,3,1,6,1,-1,-1,1598,1,13,-1,-1,-1
201501ZD31022,1,9,0,18,0,1,0,0,0,0,4,1,6,1,25,5,2143,2,-1,-1,1,-1
201501ZD31023,1,9,0,18,0,0,0,0,0,0,3,1,6,1,26,6,1560,2,-1,-1,1,-1
201501ZD31023,2,9,0,18,0,0,0,0,0,0,3,1,6,1,57,9,-1,-1,-1,-1,1,-1
201501ZD31024,1,9,0,18,0,0,0,0,0,0,1,1,6,1,31,6,1995,2,10,-1,-1,-1
201501ZD31024,2,9,0,15,0,0,0,0,0,0,4,1,6,1,-1,-1,1995,2,12,-1,-1,-1
201501ZD31024,3,9,0,18,0,0,0,0,0,0,3,1,6,1,-1,-1,1995,2,12,-1,-1,-1
201501ZD31025,1,9,0,18,0,8,0,0,0,0,3,1,6,2,22,5,1360,1,9,-1,1,-1
201501ZD31025,2,9,0,18,0,8,0,0,0,0,1,1,6,2,31,6,1587,1,9,-1,1,-1
201501ZD31026,1,9,0,12,0,2,0,0,0,0,3,1,6,2,39,7,1995,2,2,-1,1,-1
201501ZD31026,2,5,0,13,0,2,0,0,0,0,4,1,6,1,53,8,803,1,4,-1,1,-1
201501ZD31027,1,9,0,7,0,2,0,0,0,0,1,1,6,3,-1,-1,-1,-1,-1,-1,-1,-1
201501ZD31028,1,9,0,3,0,1,0,0,0,0,2,1,6,1,49,8,1598,1,14,-1,1,-1
201501ZD31028,2,9,0,4,0,1,0,0,0,0,1,1,6,2,45,7,998,1,13,-1,1,-1
201501ZD31029,1,11,0,4,0,1,0,0,0,0,0,1,1,1,50,8,3900,2,12,-1,1,-1
201501ZD31031,1,1,0,18,0,8,0,0,0,0,1,1,6,1,27,6,-1,-1,-1,-1,1,-1
201501ZD31031,2,9,0,7,0,8,0,0,0,0,3,1,6,1,-1,-1,1794,1,12,-1,-1,-1
201501ZD31032,1,9,0,9,0,8,0,0,0,0,3,1,6,1,38,7,1988,1,12,-1,1,-1
201501ZD31032,2,3,0,14,0,8,0,0,0,0,1,1,6,1,27,6,-1,-1,-1,-1,3,-1
201501ZD31033,1,19,0,9,0,8,1,0,0,0,1,1,2,1,37,7,1686,2,12,-1,1,-1
201501ZD31033,2,3,0,18,0,8,1,0,0,0,3,1,2,1,19,4,-1,-1,-1,-1,1,-1
201501ZD31034,1,9,0,7,0,1,0,0,0,0,4,1,6,1,60,9,-1,-1,-1,-1,1,-1
201501ZD31036,1,9,0,9,0,8,0,0,0,0,4,1,6,2,52,8,1995,2,1,-1,1,-1
201501ZD31036,2,3,0,18,0,8,0,0,0,0,1,1,1,1,19,4,125,1,5,-1,1,-1
201501ZD31037,1,9,0,18,0,0,0,0,0,0,1,1,6,3,-1,-1,-1,-1,-1,-1,-1,-1
201501ZD31038,1,11,0,9,0,8,0,0,0,0,3,1,1,1,38,7,4500,2,3,-1,1,-1
201501ZD31038,2,19,0,13,0,8,0,0,0,0,4,1,6,1,31,6,1998,2,10,-1,1,-1
201501ZD31039,1,1,0,18,0,8,0,0,0,0,2,1,6,1,32,6,-1,-1,-1,-1,1,-1
201501ZD31039,2,9,0,7,0,8,0,0,0,0,1,1,6,3,-1,-1,-1,-1,-1,-1,-1,-1
201501ZD31040,1,9,0,18,0,0,0,0,0,0,1,1,6,2,54,8,1598,1,13,-1,1,-1
201501ZD31041,1,3,0,18,0,1,0,0,0,0,4,1,6,1,19,4,124,1,-1,-1,1,-1
201501ZD31041,2,9,0,7,0,1,0,0,0,0,3,1,6,3,-1,-1,-1,-1,-1,-1,-1,-1
201501ZD31042,1,3,0,18,0,8,0,0,0,0,1,1,6,1,38,7,125,1,1,-1,1,-1
201501ZD31042,2,9,0,9,0,8,0,0,0,0,4,1,6,2,-1,-1,-1,-1,-1,-1,-1,-1
201501ZD31043,1,11,0,18,0,1,0,0,0,0,1,1,1,1,63,9,4500,2,-1,-1,1,-1
201501ZD31044,1,9,0,7,0,2,0,0,0,0,4,1,6,1,-1,-1,1598,2,3,-1,-1,-1
201501ZD31045,1,9,0,3,0,0,0,0,0,0,2,1,6,2,44,7,-1,-1,-1,-1,1,-1
201501ZD31045,2,9,0,4,0,0,0,0,0,0,1,1,6,2,-1,-1,1332,1,17,-1,-1,-1
201501ZD31046,1,2,0,3,0,0,0,0,0,0,1,1,2,1,17,4,-1,-1,-1,-1,1,-1