Accident_Index,Vehicle_Reference,Vehicle_Type,Towing_and_Articulation,Vehicle_Manoeuvre,Vehicle_Location-Restricted_Lane,Junction_Location,Skidding_and_Overturning,Hit_Object_in_Carriageway,Vehicle_Leaving_Carriageway,Hit_Object_off_Carriageway,1st_Point_of_Impact,Was_Vehicle_Left_Hand_Drive?,Journey_Purpose_of_Driver,Sex_of_Driver,Age_of_Driver,Age_Band_of_Driver,Engine_Capacity_(CC),Propulsion_Code,Age_of_Vehicle,Driver_IMD_Decile,Driver_Home_Area_Type,Vehicle_IMD_Decile
201501ZD31046,2,19,0,1,0,0,0,0,0,0,2,1,1,1,55,8,4250,2,7,-1,2,-1
201501ZD31047,1,3,0,18,0,0,0,0,0,0,0,1,6,1,19,4,125,1,4,-1,1,-1
201501ZD31048,1,1,0,18,0,8,0,0,0,0,1,1,6,1,35,6,-1,-1,-1,-1,1,-1
201501ZD31048,2,9,0,9,0,8,0,0,0,0,4,1,6,1,-1,-1,1598,1,8,-1,-1,-1
201501ZD31049,1,9,0,18,0,1,0,0,0,0,4,1,6,2,26,6,1229,1,1,-1,1,-1
201501ZD31050,1,9,0,17,0,2,0,0,0,0,1,1,6,1,34,6,998,1,4,-1,1,-1
201501ZD31050,2,9,0,17,0,1,0,0,0,0,2,1,6,1,59,9,2143,2,1,-1,1,-1
201501ZD31051,1,9,0,7,0,8,0,0,0,0,4,1,6,1,30,6,1598,2,1,-1,1,-1
201501ZD31051,2,3,0,18,0,8,0,0,0,0,1,1,6,1,36,7,125,1,5,-1,1,-1
201501ZD31052,1,8,0,12,0,2,0,0,0,0,2,1,6,1,51,8,1997,2,4,-1,1,-1
201501ZD31052,2,9,0,18,0,2,0,0,0,0,1,1,6,1,29,6,-1,-1,-1,-1,1,-1
201501ZD31053,1,9,0,7,0,8,0,0,0,0,4,1,6,1,75,10,1498,1,8,-1,1,-1
201501ZD31053,2,1,0,15,0,8,0,10,1,10,1,1,6,1,38,7,-1,-1,-1,-1,1,-1
201501ZD31054,1,9,0,18,0,0,0,0,0,0,2,1,6,2,31,6,-1,-1,-1,-1,1,-1
201501ZD31054,2,9,0,18,0,0,0,0,0,0,1,1,6,2,-1,-1,1596,1,14,-1,-1,-1
201501ZD31055,1,9,0,18,0,1,0,0,0,0,1,1,2,1,45,7,2435,1,9,-1,2,-1
201501ZD31056,1,9,0,7,0,8,0,0,0,0,2,1,6,1,44,7,1968,2,11,-1,1,-1
201501ZD31056,2,11,0,9,0,8,0,0,0,0,1,1,1,1,26,6,3900,2,12,-1,1,-1
201501ZD31057,1,9,0,18,0,8,0,0,0,0,1,1,6,1,18,4,1753,2,8,-1,1,-1
201501ZD31057,2,9,0,9,0,8,0,0,0,0,3,1,6,2,28,6,1360,1,12,-1,-1,-1
201501ZD31058,1,9,0,18,0,1,0,0,0,0,1,1,6,1,29,6,1997,1,11,-1,1,-1
201501ZD31058,2,9,0,2,0,1,0,0,0,0,2,1,6,3,-1,-1,-1,-1,-1,-1,-1,-1
201501ZD31060,1,1,0,18,0,1,0,0,0,0,1,1,6,1,33,6,-1,-1,-1,-1,1,-1
201501ZD31060,2,9,0,9,0,1,0,0,0,0,4,1,6,1,-1,-1,1598,1,15,-1,-1,-1
201501ZD31061,1,9,0,1,0,1,0,0,0,0,3,1,6,1,-1,-1,1686,2,4,-1,-1,-1
201501ZD31062,1,9,0,9,0,8,0,0,0,0,4,1,6,1,19,4,1198,1,3,-1,1,-1
201501ZD31062,2,9,0,15,0,8,0,0,0,0,1,1,6,1,39,7,1797,8,4,-1,1,-1
201501ZD31064,1,9,0,4,0,1,0,0,0,0,1,1,6,2,26,6,-1,-1,-1,-1,1,-1
201501ZD31064,2,9,0,4,0,1,0,0,0,0,2,1,6,2,18,4,998,1,8,-1,1,-1
201501ZD31065,1,9,0,18,0,0,0,0,0,0,3,1,6,1,-1,-1,-1,-1,-1,-1,-1,-1
201501ZD31066,1,9,0,18,0,0,0,0,0,0,3,1,6,2,24,5,1396,1,10,-1,1,-1
201501ZD31066,2,9,0,18,0,0,0,0,0,0,3,1,6,1,-1,-1,1598,1,12,-1,-1,-1
201501ZD31068,1,9,0,18,0,8,0,0,0,0,1,1,3,2,51,8,1360,1,9,-1,1,-1
201501ZD31068,2,9,0,18,0,8,0,0,0,0,1,1,6,1,86,11,1198,1,1,-1,1,-1
201501ZD31068,3,9,0,2,0,8,0,0,0,0,2,1,6,1,38,7,1968,2,4,-1,1,-1
201501ZD31070,1,9,0,9,0,8,0,0,0,0,4,1,6,1,32,6,1598,1,8,-1,1,-1
201501ZD31070,2,9,0,18,0,8,0,0,0,0,3,1,6,1,40,7,1895,1,17,-1,-1,-1
201501ZD31073,1,9,0,9,0,8,0,0,0,0,1,1,6,2,24,5,1798,8,3,-1,1,-1
201501ZD31073,2,9,0,18,0,8,0,0,0,0,1,1,6,2,32,6,999,1,-1,-1,1,-1
201501ZD31074,1,9,0,7,0,2,0,0,0,0,1,1,6,2,49,8,-1,-1,-1,-1,1,-1
201501ZD31075,1,9,0,18,0,8,0,0,0,0,3,1,6,1,19,4,1299,1,7,-1,-1,-1
201501ZD31075,2,9,0,9,0,8,0,0,0,0,1,1,6,1,57,9,2720,2,9,-1,-1,-1
201501ZD31076,1,9,0,3,0,1,0,0,0,0,2,1,6,2,47,8,1364,1,6,-1,1,-1
201501ZD31076,2,9,0,4,0,1,0,0,0,0,1,1,6,1,51,8,1796,1,4,-1,-1,-1
201501ZD31077,1,9,0,1,0,8,0,0,0,0,2,1,6,1,24,5,2143,2,3,-1,1,-1
201501ZD31078,1,9,0,2,0,0,0,0,0,0,2,1,6,3,-1,-1,-1,-1,-1,-1,-1,-1
201501ZD31078,2,1,0,18,0,0,0,4,0,0,1,1,6,1,50,8,-1,-1,-1,-1,2,-1
201501ZD31080,1,9,0,18,0,8,0,0,0,0,1,1,6,1,52,8,1769,1,14,-1,1,-1
201501ZD31080,2,9,0,6,0,8,0,0,0,0,3,1,6,1,56,9,1598,1,2,-1,1,-1
201501ZD31084,1,9,0,18,0,8,0,0,0,0,3,1,6,2,21,5,1364,1,6,-1,1,-1
201501ZD31084,2,9,0,18,0,8,0,0,0,0,1,1,6,1,53,8,2470,2,23,-1,1,-1
201501ZD31085,1,9,0,18,0,0,0,0,0,0,1,1,6,2,37,7,3497,1,11,-1,1,-1
201501ZD31085,2,9,0,18,0,0,0,0,0,0,1,1,6,1,-1,-1,-1,-1,-1,-1,-1,-1
201501ZD31086,1,19,0,18,0,8,0,0,0,0,4,1,1,1,59,9,-1,-1,-1,-1,1,-1
201501ZD31087,1,19,0,9,0,8,0,0,0,0,3,1,1,1,42,7,2143,2,4,-1,1,-1
201501ZD31087,2,3,0,18,0,8,0,0,0,0,1,1,1,1,18,4,108,1,2,-1,1,-1
201501ZD31088,1,9,0,9,0,8,1,10,1,2,1,1,6,1,28,6,1686,2,9,-1,1,-1
201501ZD31089,1,9,0,3,0,0,0,0,0,0,2,1,6,2,53,8,1596,1,4,-1,1,-1
201501ZD31089,2,9,0,5,0,0,0,0,0,0,1,1,6,2,-1,-1,3311,8,9,-1,1,-1
201501ZD31090,1,3,0,18,0,8,0,0,0,0,1,1,6,1,45,7,-1,-1,-1,-1,1,-1
201501ZD31090,2,9,0,9,0,8,0,0,0,0,1,1,6,1,-1,-1,-1,-1,-1,-1,-1,-1
201501ZD31091,1,9,0,9,0,8,0,0,0,0,3,1,6,1,71,10,1968,2,8,-1,1,-1
201501ZD31091,2,2,0,14,0,8,0,0,0,0,1,1,6,1,17,4,-1,-1,-1,-1,1,-1
201501ZD31092,1,9,0,18,0,1,0,0,0,0,1,1,6,1,-1,-1,-1,-1,-1,-1,-1,-1
201501ZD31093,1,3,0,18,0,8,0,0,0,0,1,1,6,1,-1,-1,-1,-1,-1,-1,-1,-1
201501ZD31093,2,9,0,18,0,8,0,0,0,0,3,1,6,1,-1,-1,1968,2,5,-1,-1,-1
201501ZD31097,1,9,0,18,0,8,0,0,0,0,1,1,6,2,25,5,1598,1,9,-1,1,-1
201501ZD31097,2,9,0,18,0,8,0,0,0,0,3,1,6,2,55,8,-1,-1,-1,-1,-1,-1
201501ZD31098,1,9,0,9,0,8,0,0,0,0,1,1,6,2,38,7,2148,2,9,-1,1,-1
201501ZD31098,2,9,0,18,0,8,0,0,0,0,4,1,6,1,-1,-1,-1,-1,-1,-1,-1,-1
201501ZD31098,3,9,0,2,0,8,0,0,0,0,3,1,6,2,31,6,-1,-1,-1,-1,-1,-1
201501ZD31099,1,9,0,18,0,0,0,4,0,0,1,1,6,2,46,8,1794,1,11,-1,1,-1
201501ZD31099,2,9,0,2,0,0,0,0,0,0,2,1,6,3,-1,-1,1797,8,3,-1,-1,-1
201501ZD31101,1,9,0,9,0,8,0,0,0,0,1,1,6,1,24,5,1798,1,7,-1,1,-1
201501ZD31101,2,9,0,18,0,8,0,0,0,0,4,1,6,1,53,8,2000,2,4,-1,1,-1
201501ZD31102,1,9,0,7,0,8,0,0,0,0,1,1,6,1,81,11,1799,1,8,-1,1,-1
201501ZD31102,2,9,0,18,0,8,0,0,0,0,4,1,6,1,41,7,1998,1,13,-1,1,-1
201501ZD31105,1,9,0,18,0,8,0,0,0,0,1,1,6,3,-1,-1,-1,-1,-1,-1,-1,-1
201501ZD31107,1,9,0,1,0,8,0,0,0,0,2,1,6,2,19,4,1242,1,8,-1,1,-1
201501ZD31107,2,9,0,18,0,8,0,0,0,0,1,1,6,2,46,8,1596,1,12,-1,1,-1
201501ZD31108,1,9,0,18,0,0,0,0,0,0,1,1,6,2,54,8,1998,1,9,-1,1,-1
201501ZD31108,2,19,0,3,0,0,0,0,0,0,2,1,6,1,-1,-1,-1,-1,-1,-1,-1,-1
201501ZD31110,1,11,0,9,0,8,0,0,0,0,1,1,1,2,35,6,6871,2,6,-1,1,-1
201501ZD31110,2,9,0,18,0,8,0,0,0,0,3,1,6,2,25,5,998,1,5,-1,1,-1
201501ZD31111,1,9,0,9,0,2,0,0,0,0,1,1,6,1,71,10,1796,1,12,-1,1,-1
201501ZD31111,2,11,0,2,0,2,0,0,0,0,2,1,1,3,-1,-1,-1,-1,-1,-1,-1,-1
201501ZD31112,1,9,0,18,0,1,0,0,0,0,1,1,6,1,32,6,1997,2,14,-1,1,-1
201501ZD31113,1,9,0,18,0,8,0,0,0,0,1,1,6,2,42,7,1968,2,7,-1,1,-1
201501ZD31113,2,9,0,18,0,8,0,0,0,0,3,1,6,2,27,6,-1,-1,-1,-1,1,-1
201501ZD31114,1,9,0,3,0,8,0,0,0,0,2,1,6,1,41,7,1598,1,8,-1,-1,-1
201501ZD31114,2,9,0,3,0,8,0,0,0,0,2,1,6,1,57,9,-1,-1,-1,-1,-1,-1
201501ZD31114,3,21,0,18,0,8,0,0,0,0,1,1,1,1,40,7,-1,-1,-1,-1,2,-1
201501ZD31115,1,9,0,18,0,0,0,0,0,0,1,1,6,3,-1,-1,-1,-1,-1,-1,-1,-1
201501ZD31119,1,9,0,9,0,2,0,0,0,0,1,1,6,1,-1,-1,-1,-1,-1,-1,-1,-1
201501ZD31120,1,9,0,18,0,8,0,0,0,0,3,1,6,1,42,7,1798,8,-1,-1,1,-1
201501ZD31120,2,9,0,18,0,8,0,0,0,0,1,1,6,2,29,6,1796,1,9,-1,1,-1
201501ZD31121,1,9,0,18,0,8,0,0,0,0,3,1,6,1,43,7,1995,1,6,-1,1,-1
201501ZD31121,2,9,0,9,0,8,0,0,0,0,1,1,6,2,31,6,1598,1,8,-1,1,-1
201501ZD31122,1,9,0,18,0,2,0,0,0,0,1,1,6,2,21,5,1198,1,10,-1,1,-1
201501ZD31125,1,9,0,5,0,0,0,0,0,0,3,1,6,1,41,7,1995,2,7,-1,1,-1
201501ZD31126,1,9,0,6,0,2,0,0,0,0,2,1,6,1,26,6,2993,2,4,-1,1,-1
201501ZD31126,2,9,0,18,0,2,0,0,0,0,1,1,6,1,40,7,1598,1,10,-1,1,-1
201501ZD31127,1,5,0,18,0,0,0,0,0,0,3,1,6,1,26,6,745,1,-1,-1,1,-1
201501ZD31128,1,9,0,9,0,8,0,0,0,0,3,1,1,1,45,7,1997,2,5,-1,1,-1
201501ZD31128,2,1,0,16,0,8,0,0,0,0,1,1,2,1,48,8,-1,-1,-1,-1,1,-1
201501ZD31129,1,11,0,18,0,1,0,0,0,0,4,1,1,1,70,10,-1,-1,-1,-1,1,-1
201501ZD31129,2,9,0,12,0,1,0,0,0,0,3,1,6,1,26,6,1242,1,-1,-1,1,-1
201501ZD31130,1,1,0,18,0,1,0,0,0,0,1,1,6,1,30,6,-1,-1,-1,-1,1,-1
201501ZD31130,2,9,0,18,0,1,0,0,0,0,4,1,6,2,37,7,1598,1,9,-1,1,-1
201501ZD31131,1,9,0,18,0,0,0,0,0,0,4,1,6,2,46,8,1360,1,12,-1,1,-1
201501ZD31131,2,1,0,18,0,0,0,0,0,0,1,1,6,1,17,4,-1,-1,-1,-1,1,-1
201501ZD31132,1,9,0,3,0,0,0,0,0,0,2,1,6,1,54,8,1149,1,9,-1,1,-1
201501ZD31132,2,9,0,4,0,0,0,0,0,0,1,1,6,1,54,8,1761,1,15,-1,1,-1
201501ZD31134,1,3,0,4,0,1,0,0,0,0,0,1,6,1,22,5,109,1,1,-1,1,-1
201501ZD31134,2,9,0,4,0,1,0,0,0,0,0,1,6,3,-1,-1,-1,-1,-1,-1,-1,-1
201501ZD31136,1,9,0,18,0,0,0,0,0,0,1,1,6,1,52,8,-1,-1,-1,-1,1,-1
201501ZD31137,1,3,0,18,0,1,0,0,0,0,3,1,6,1,39,7,124,1,-1,-1,-1,-1
201501ZD31137,2,9,0,5,0,1,0,0,0,0,4,1,6,2,47,8,-1,-1,-1,-1,-1,-1
201501ZD31140,1,9,0,9,0,8,0,0,0,0,3,1,6,2,45,7,1997,1,9,-1,1,-1
201501ZD31140,2,9,0,18,0,8,0,0,0,0,1,1,6,1,51,8,1061,1,13,-1,1,-1
201501ZD31141,1,9,0,3,0,1,0,0,0,0,2,1,6,2,25,5,875,1,2,-1,1,-1
201501ZD31141,2,9,0,5,0,1,0,0,0,0,1,1,6,2,-1,-1,1396,1,6,-1,-1,-1
201501ZD31142,1,9,0,3,0,0,0,0,0,0,2,1,6,1,58,9,998,1,15,-1,1,-1
201501ZD31142,2,9,0,18,0,0,0,0,0,0,1,1,6,1,-1,-1,1781,1,16,-1,-1,-1
201501ZD31143,1,9,0,9,0,2,0,0,0,0,1,1,6,1,-1,-1,-1,-1,-1,-1,-1,-1
201501ZD31155,1,11,0,18,0,0,0,0,0,0,4,1,1,2,54,8,6700,2,7,-1,1,-1
201501ZD31158,1,3,0,18,0,8,0,0,0,0,1,1,6,1,29,6,-1,-1,-1,-1,1,-1
201501ZD31158,2,9,0,9,0,8,0,0,0,0,3,1,6,1,48,8,1240,1,12,-1,-1,-1
201501ZD39010,1,9,0,9,0,8,0,0,0,0,1,1,6,1,42,7,1598,1,5,-1,1,-1
201501ZD39010,2,9,0,18,0,8,0,0,0,0,1,1,6,1,-1,-1,1598,1,11,-1,1,-1
201501ZD39013,1,9,0,3,0,1,0,0,0,0,2,1,6,1,47,8,2993,2,5,-1,1,-1
201501ZD39013,2,9,0,4,0,1,0,0,0,0,1,1,6,1,-1,-1,1364,1,9,-1,-1,-1
201501ZD39064,1,9,0,18,0,1,0,0,0,0,1,1,6,1,66,10,1398,1,3,-1,1,-1
201501ZD39069,1,9,0,18,0,0,0,0,0,0,1,1,6,1,52,8,-1,-1,-1,-1,1,-1
201501ZD39076,1,9,0,18,0,0,0,0,0,0,1,1,6,1,-1,-1,1598,1,8,-1,-1,-1
201501ZD39079,1,9,0,7,0,8,0,0,0,0,4,1,6,2,20,4,-1,-1,-1,-1,1,-1
201501ZD39079,2,9,0,7,0,8,0,0,0,0,3,1,6,1,-1,-1,-1,-1,-1,-1,1,-1
201501ZD39153,1,9,0,18,0,1,0,0,0,0,1,1,6,1,-1,-1,1997,2,5,-1,-1,-1
201501ZD39162,1,19,0,16,0,1,0,0,0,0,1,1,6,1,48,8,1560,2,3,-1,1,-1
201501ZD39211,1,9,0,18,0,8,0,0,0,0,1,1,6,1,27,6,1969,2,-1,-1,1,-1
201501ZD39211,2,9,0,18,0,8,0,0,0,0,3,1,6,2,35,6,1396,1,15,-1,1,-1
201501ZD39241,1,9,0,4,0,1,0,0,0,0,2,1,6,1,53,8,1796,1,9,-1,1,-1
201501ZD39241,2,9,0,4,0,1,0,0,0,0,1,1,6,1,25,5,1339,1,13,-1,1,-1
201501ZD39264,1,9,0,18,0,0,0,0,0,0,1,1,6,1,30,6,1796,1,13,-1,1,-1
201501ZD39264,2,9,0,4,0,0,0,0,0,0,2,1,6,1,52,8,1998,1,8,-1,1,-1
201501ZD39264,3,9,0,4,0,0,0,0,0,0,2,1,6,2,26,6,1685,2,1,-1,3,-1
201501ZT80001,1,2,0,18,0,8,0,0,0,0,1,1,6,2,46,8,49,1,7,-1,1,-1
201501ZT80001,2,9,0,7,0,8,0,0,0,0,3,1,6,2,33,6,1596,1,11,-1,1,-1
201501ZT80002,1,9,0,18,0,8,0,0,0,0,1,1,6,2,45,7,1200,1,2,-1,1,-1
201501ZT80002,2,19,0,7,0,8,0,0,0,0,3,1,6,1,-1,-1,2198,2,8,-1,-1,-1
201501ZT80003,1,9,0,18,0,1,0,0,0,0,1,1,6,1,39,7,1590,1,16,-1,1,-1
201501ZT80004,1,9,0,4,0,8,0,0,0,0,1,1,1,1,32,6,1910,2,5,-1,1,-1
201501ZT80004,2,9,0,3,0,8,0,0,0,0,2,1,6,1,34,6,1753,2,6,-1,1,-1
201501ZT80005,1,9,0,4,0,1,0,0,0,0,2,1,6,2,28,6,1997,2,8,-1,-1,-1
201501ZT80005,2,9,0,4,0,1,0,0,0,0,1,1,6,1,22,5,1242,1,2,-1,1,-1
201501ZT80006,1,9,0,18,0,1,0,0,0,0,1,1,1,1,-1,-1,-1,-1,-1,-1,-1,-1
201501ZT80006,2,9,0,1,0,2,0,0,0,0,2,1,6,1,48,8,-1,-1,-1,-1,-1,-1
201501ZT80007,1,3,0,18,0,8,0,0,0,0,1,1,6,2,29,6,125,1,6,-1,-1,-1
201501ZT80007,2,9,0,18,0,8,0,0,0,0,1,1,6,1,18,4,-1,-1,-1,-1,-1,-1
201501ZT80008,1,9,0,18,0,2,0,10,1,2,1,1,6,2,78,11,1339,1,3,-1,1,-1
201501ZT80009,1,9,0,18,0,1,0,0,0,0,1,1,6,1,20,4,1197,1,1,-1,1,-1
201501ZT80009,2,9,0,18,0,2,0,0,0,0,1,1,6,1,28,6,1560,2,3,-1,-1,-1
201501ZT80014,1,9,0,4,0,1,0,0,0,0,1,1,6,1,52,8,2156,1,18,-1,1,-1
201501ZT80014,2,4,0,3,0,1,0,0,0,0,2,1,6,1,46,8,680,1,4,-1,1,-1
201501ZT80015,1,3,0,18,0,1,0,0,0,0,1,1,1,1,17,4,125,1,11,-1,1,-1
201501ZT80019,1,9,0,18,0,8,0,0,0,0,1,1,6,1,67,10,-1,-1,-1,-1,1,-1
201501ZT80019,2,9,0,18,0,8,0,10,1,4,3,1,6,1,78,11,-1,-1,-1,-1,1,-1
201501ZT80021,1,9,0,18,0,1,0,0,0,0,1,1,6,1,26,6,599,1,13,-1,1,-1
201501ZT80022,1,9,0,18,0,0,0,0,0,0,4,1,6,1,-1,-1,-1,-1,-1,-1,-1,-1
201501ZT80025,1,2,0,16,0,8,0,0,0,0,1,1,6,1,53,8,49,1,6,-1,1,-1
201501ZT80025,2,9,0,7,0,8,0,0,0,0,3,1,6,1,-1,-1,1339,1,8,-1,1,-1
201501ZT80028,1,9,0,9,0,8,0,0,0,0,4,1,6,2,35,6,1299,1,16,-1,1,-1
201501ZT80028,2,9,0,18,0,8,0,0,0,0,1,1,6,2,47,8,-1,-1,-1,-1,1,-1
201501ZT80030,1,9,0,18,0,8,0,10,1,4,1,1,6,2,74,10,998,1,15,-1,1,-1
201501ZT80032,1,9,0,18,0,8,5,10,1,2,4,1,6,1,24,5,-1,-1,-1,-1,-1,-1
201501ZT80033,1,9,0,3,0,1,0,0,0,0,2,1,6,1,50,8,-1,-1,-1,-1,1,-1
201501ZT80033,2,9,0,4,0,1,0,0,0,0,1,1,6,1,-1,-1,1595,1,12,-1,-1,-1
201501ZT80034,1,3,0,18,0,8,0,0,0,0,1,1,1,1,30,6,109,1,2,-1,1,-1
201501ZT80034,2,9,0,7,0,8,0,0,0,0,3,1,6,3,-1,-1,-1,-1,-1,-1,-1,-1
201501ZT80035,1,9,0,18,0,1,0,0,0,0,1,1,6,1,45,7,1797,8,4,-1,1,-1
201501ZT80038,1,4,0,18,0,1,0,0,0,0,2,1,6,1,57,9,125,1,3,-1,1,-1
201501ZT80038,2,9,0,13,0,1,0,0,0,0,1,1,6,3,-1,-1,-1,-1,-1,-1,-1,-1
201501ZT80039,1,9,0,7,0,8,0,0,0,0,1,1,6,2,32,6,-1,-1,-1,-1,1,-1
201501ZT80039,2,9,0,9,0,8,0,0,0,0,3,1,6,1,55,8,1956,2,2,-1,1,-1
201501ZT80040,1,9,0,4,0,1,0,0,0,0,1,1,6,1,19,4,1796,1,20,-1,1,-1
201501ZT80040,2,9,0,4,0,1,0,0,0,0,2,1,6,1,40,7,1968,2,5,-1,1,-1
201501ZT80041,1,9,0,3,0,1,0,0,0,0,2,1,6,2,32,6,1360,1,12,-1,1,-1
201501ZT80041,2,19,0,4,0,1,0,0,0,0,1,1,6,1,42,7,2151,2,12,-1,1,-1
201501ZT80042,1,9,0,18,0,1,0,0,0,0,1,1,1,1,58,9,2967,2,7,-1,1,-1
201501ZT80043,1,8,0,18,0,8,0,0,0,0,2,1,6,2,54,8,2664,2,16,-1,-1,-1
201501ZT80043,2,9,0,18,0,8,0,0,0,0,1,1,6,1,25,5,1598,1,10,-1,1,-1
201501ZT80044,1,11,0,4,0,1,0,0,0,0,0,1,1,1,49,8,6700,2,6,-1,-1,-1
201501ZT80045,1,19,0,18,0,1,0,0,0,0,1,1,1,1,44,7,1248,2,7,-1,3,-1
201501ZT80047,1,9,0,18,0,8,0,0,0,0,1,1,6,1,34,6,1596,1,4,-1,1,-1
201501ZT80047,2,9,0,9,0,8,0,0,0,0,3,1,6,2,24,5,-1,-1,-1,-1,1,-1
201501ZT80048,1,4,0,18,0,8,0,0,0,0,1,1,6,1,54,8,498,1,14,-1,1,-1
201501ZT80048,2,19,0,9,0,8,0,0,0,0,3,1,6,3,-1,-1,-1,-1,-1,-1,-1,-1
201501ZT80049,1,9,0,15,0,1,0,0,0,0,1,1,6,1,28,6,1596,1,11,-1,1,-1
201501ZT80049,2,9,0,11,0,1,0,0,0,0,2,1,6,2,53,8,1591,1,1,-1,1,-1
201501ZT80050,1,9,0,9,0,8,0,0,0,0,3,1,6,2,21,5,1390,1,7,-1,1,-1
201501ZT80050,2,9,0,18,0,8,0,0,0,0,1,1,6,1,61,9,1422,2,7,-1,-1,-1
201501ZT80053,1,1,0,9,0,8,0,0,0,0,4,1,6,1,35,6,-1,-1,-1,-1,1,-1
201501ZT80053,2,9,0,17,0,8,0,0,0,0,1,1,6,1,-1,-1,-1,-1,-1,-1,1,-1
201501ZT80056,1,9,0,18,0,8,0,0,0,0,1,1,6,1,32,6,1360,1,14,-1,-1,-1
201501ZT80056,2,9,0,9,0,8,0,0,0,0,3,1,6,2,20,4,998,1,7,-1,1,-1
201501ZT80058,1,9,0,18,0,8,0,0,0,0,1,1,6,1,19,4,1598,1,5,-1,1,-1
201501ZT80058,2,9,0,7,0,8,0,0,0,0,3,1,6,2,42,7,1229,1,10,-1,1,-1
201501ZT80059,1,9,0,18,0,1,0,0,0,0,1,1,6,1,25,5,-1,-1,-1,-1,1,-1
201501ZT80060,1,9,0,5,0,1,0,0,0,0,1,1,6,3,-1,-1,-1,-1,-1,-1,-1,-1
201501ZT80061,1,1,0,18,0,1,0,0,0,0,1,1,6,3,-1,-1,-1,-1,-1,-1,-1,-1
201501ZT80064,1,11,0,18,0,1,0,0,0,0,1,1,1,3,-1,-1,5100,2,1,-1,-1,-1
201501ZT80065,1,9,0,6,0,0,0,0,0,0,3,1,6,2,24,5,1242,1,3,-1,1,-1
201501ZT80065,2,5,0,18,0,0,0,0,0,0,1,1,6,1,32,6,600,1,10,-1,1,-1
201501ZT80066,1,9,0,18,0,1,0,0,0,0,1,1,6,2,49,8,-1,-1,-1,-1,1,-1
201501ZT80069,1,9,0,18,0,2,0,0,0,0,4,1,6,2,45,7,2495,2,12,-1,1,-1
201501ZT80069,2,9,0,2,0,2,0,0,0,0,3,1,6,1,59,9,1390,1,7,-1,-1,-1
201501ZT80070,1,1,0,18,0,1,0,0,0,0,2,1,6,1,35,6,-1,-1,-1,-1,1,-1
201501ZT80070,2,9,0,18,0,1,0,0,0,0,1,1,6,1,-1,-1,1360,1,14,-1,1,-1
201501ZT80071,1,9,0,18,0,2,0,0,0,0,1,1,1,1,35,6,1364,1,7,-1,1,-1
201501ZT80071,2,1,0,18,0,2,0,0,0,0,2,1,6,1,39,7,-1,-1,-1,-1,1,-1
201501ZT80072,1,9,0,18,0,1,0,10,1,2,1,1,6,1,25,5,1242,1,3,-1,1,-1
201501ZT80073,1,9,0,18,0,8,0,0,0,0,1,1,6,2,21,5,-1,-1,-1,-1,1,-1
201501ZT80073,2,9,0,7,0,8,0,0,0,0,3,1,6,1,22,5,1390,1,12,-1,1,-1
201501ZT80075,1,9,0,3,0,1,0,0,0,0,2,1,6,1,39,7,1896,2,5,-1,1,-1
201501ZT80075,2,5,0,4,0,1,0,0,0,0,1,1,6,1,27,6,599,1,16,-1,1,-1
201501ZT80077,1,19,0,9,0,8,0,0,0,0,4,1,6,1,38,7,2500,2,8,-1,-1,-1
201501ZT80077,2,5,0,18,0,8,0,0,0,0,1,1,6,1,60,9,-1,-1,-1,-1,3,-1
201501ZT80078,1,9,0,18,0,8,0,0,0,0,1,1,6,1,77,11,2184,2,11,-1,3,-1
201501ZT80078,2,9,0,7,0,8,0,0,0,0,3,1,6,2,42,7,2720,2,7,-1,1,-1
201501ZT80080,1,1,0,18,0,8,0,0,0,0,4,1,6,2,22,5,-1,-1,-1,-1,1,-1
201501ZT80080,2,9,0,18,0,8,0,0,0,0,1,1,6,1,51,8,1896,2,14,-1,-1,-1
201501ZT80082,1,9,0,1,0,1,0,4,0,0,2,1,6,2,46,8,1598,2,4,-1,1,-1
201501ZT80082,2,2,0,2,0,1,0,0,0,0,3,1,6,1,17,4,-1,-1,-1,-1,1,-1
201501ZT80083,1,9,0,18,0,8,0,0,0,0,1,1,1,1,44,7,2993,2,3,-1,1,-1
201501ZT80083,2,9,0,7,0,8,0,0,0,0,3,1,6,1,-1,-1,-1,-1,-1,-1,-1,-1
201501ZT80084,1,9,0,2,0,1,0,0,0,0,1,1,6,1,36,7,1796,1,13,-1,1,-1
201501ZT80084,2,17,0,1,0,2,0,0,0,0,2,1,6,1,-1,-1,-1,-1,-1,-1,-1,-1
201501ZT80086,1,3,0,18,0,8,0,0,0,0,1,1,6,1,28,6,125,1,3,-1,1,-1
201501ZT80086,2,9,0,9,0,8,0,0,0,0,4,1,6,1,22,5,1497,1,11,-1,1,-1
201501ZT80087,1,9,0,9,0,8,0,0,0,0,3,1,6,1,65,9,1461,2,4,-1,1,-1
201501ZT80087,2,9,0,18,0,8,0,0,0,0,1,1,6,1,18,4,-1,-1,-1,-1,1,-1
201501ZT80088,1,9,0,5,0,1,0,0,0,0,1,1,6,2,58,9,2398,1,17,-1,1,-1
201501ZT80088,2,9,0,2,4,1,0,0,0,0,2,1,6,1,-1,-1,2143,2,2,-1,-1,-1
201501ZT80089,1,9,0,9,0,8,0,0,0,0,3,1,6,1,19,4,1497,1,13,-1,-1,-1
201501ZT80089,2,1,0,18,0,8,0,0,0,0,1,1,6,1,24,5,-1,-1,-1,-1,1,-1
201501ZT80090,1,9,0,9,9,1,0,0,0,0,3,1,6,3,-1,-1,-1,-1,-1,-1,-1,-1
201501ZT80090,2,1,0,18,9,2,0,0,0,0,1,1,6,1,13,3,-1,-1,-1,-1,1,-1
201501ZT80091,1,2,0,18,0,2,0,0,0,0,1,1,6,3,-1,-1,-1,-1,-1,-1,-1,-1
201501ZT80092,1,9,0,2,0,0,0,0,0,0,1,1,6,2,25,5,1124,1,9,-1,1,-1
201501ZT80092,2,9,0,18,0,0,0,4,0,0,2,1,6,1,48,8,1598,1,10,-1,1,-1
201501ZT80093,1,11,0,3,0,1,0,0,0,0,2,1,1,3,-1,-1,-1,-1,-1,-1,-1,-1
201501ZT80093,2,20,0,4,0,1,0,0,0,0,1,1,1,1,-1,-1,-1,-1,-1,-1,1,-1
201501ZT80094,1,9,0,7,0,8,0,0,0,0,3,1,6,2,24,5,1240,1,10,-1,-1,-1