Accident_Index,Vehicle_Reference,Vehicle_Type,Towing_and_Articulation,Vehicle_Manoeuvre,Vehicle_Location-Restricted_Lane,Junction_Location,Skidding_and_Overturning,Hit_Object_in_Carriageway,Vehicle_Leaving_Carriageway,Hit_Object_off_Carriageway,1st_Point_of_Impact,Was_Vehicle_Left_Hand_Drive?,Journey_Purpose_of_Driver,Sex_of_Driver,Age_of_Driver,Age_Band_of_Driver,Engine_Capacity_(CC),Propulsion_Code,Age_of_Vehicle,Driver_IMD_Decile,Driver_Home_Area_Type,Vehicle_IMD_Decile
201501ZT80094,2,9,0,18,0,8,0,0,0,0,1,1,6,1,44,7,1124,1,13,-1,1,-1
201501ZT80095,1,9,0,18,0,1,0,0,0,0,1,1,6,3,-1,-1,-1,-1,-1,-1,-1,-1
201501ZT80096,1,9,0,4,0,1,0,0,0,0,2,1,6,1,39,7,1560,2,4,-1,1,-1
201501ZT80096,2,9,0,18,0,1,0,0,0,0,1,1,6,2,-1,-1,1796,1,2,-1,-1,-1
201501ZT80098,1,8,0,18,0,8,0,0,0,0,4,1,1,1,52,8,1896,2,10,-1,-1,-1
201501ZT80098,2,9,0,18,0,8,0,0,0,0,1,1,6,2,23,5,1400,1,15,-1,1,-1
201501ZT80099,1,8,0,18,0,8,0,0,0,0,1,1,1,1,-1,-1,2664,2,16,-1,1,-1
201501ZT80099,2,1,0,18,0,8,0,0,0,0,3,1,6,1,57,9,-1,-1,-1,-1,-1,-1
201501ZT80100,1,9,0,18,0,8,0,0,0,0,1,1,6,1,35,6,1968,2,6,-1,1,-1
201501ZT80100,2,9,0,18,0,8,0,0,0,0,3,1,6,2,45,7,2198,1,13,-1,-1,-1
201501ZT80101,1,2,0,18,0,1,0,0,0,0,2,1,6,1,16,4,49,1,10,-1,1,-1
201501ZT80101,2,9,0,18,0,1,0,0,0,0,1,1,6,3,-1,-1,-1,-1,-1,-1,-1,-1
201501ZT80102,1,9,0,18,0,1,0,0,0,0,1,1,6,1,27,6,1396,1,10,-1,1,-1
201501ZT80103,1,21,0,18,0,1,0,0,0,0,1,1,1,1,58,9,12900,2,5,-1,-1,-1
201501ZT80104,1,9,0,18,0,1,0,0,0,0,1,1,6,2,27,6,1248,1,3,-1,1,-1
201501ZT80104,2,9,0,5,0,1,0,0,0,0,3,1,6,2,38,7,-1,-1,-1,-1,1,-1
201501ZT80105,1,9,0,18,0,8,0,0,0,0,1,1,6,2,41,7,1600,1,17,-1,1,-1
201501ZT80105,2,9,0,9,0,8,0,0,0,0,4,1,6,1,38,7,1348,1,14,-1,1,-1
201501ZT80106,1,21,1,3,0,2,0,0,0,0,2,1,1,1,72,10,5480,2,9,-1,1,-1
201501ZT80106,2,9,0,3,0,2,0,0,0,0,2,1,1,2,25,5,-1,-1,-1,-1,1,-1
201501ZT80106,3,9,0,3,0,2,0,0,0,0,2,1,1,2,-1,-1,1242,1,6,-1,1,-1
201501ZT80106,4,9,0,4,0,2,0,0,0,0,1,1,6,2,-1,-1,1796,1,10,-1,-1,-1
201501ZT80109,1,9,0,9,0,8,0,0,0,0,3,1,6,2,54,8,1349,1,-1,-1,1,-1
201501ZT80109,2,5,0,18,0,8,0,0,0,0,1,1,6,1,36,7,805,1,5,-1,-1,-1
201501ZT80110,1,9,0,18,0,0,0,10,1,10,1,1,6,1,86,11,1598,1,12,-1,1,-1
201501ZT80113,1,9,0,18,0,1,0,0,0,0,1,1,6,3,-1,-1,-1,-1,-1,-1,-1,-1
201501ZT80114,1,9,0,18,0,1,0,0,0,0,1,1,6,1,72,10,-1,-1,-1,-1,2,-1
201501ZT80116,1,9,0,18,0,1,0,0,0,0,1,1,6,1,46,8,796,1,6,-1,1,-1
201501ZT80117,1,9,0,4,0,1,0,0,0,0,2,1,6,1,50,8,1364,1,8,-1,-1,-1
201501ZT80117,2,9,0,4,0,1,0,0,0,0,1,1,1,1,31,6,1364,1,9,-1,1,-1
201501ZT80118,1,9,0,4,0,1,0,0,0,0,2,1,6,2,27,6,1596,1,5,-1,1,-1
201501ZT80118,2,9,0,18,0,1,0,0,0,0,1,1,6,2,35,6,1998,1,12,-1,-1,-1
201501ZT80119,1,9,0,18,0,1,0,0,0,0,1,1,6,3,-1,-1,1998,1,20,-1,-1,-1
201501ZT80120,1,9,0,4,0,1,0,0,0,0,2,1,6,2,42,7,1686,2,-1,-1,1,-1
201501ZT80120,2,2,0,4,0,1,0,0,0,0,1,1,6,1,19,4,114,1,1,-1,1,-1
201501ZT80121,1,9,0,18,0,1,0,0,0,0,1,1,1,1,48,8,1968,2,6,-1,1,-1
201501ZT80122,1,9,0,4,0,0,0,0,0,0,2,1,6,1,-1,-1,1198,1,2,-1,1,-1
201501ZT80122,2,8,0,18,0,0,0,0,0,0,1,1,6,1,-1,-1,2402,2,10,-1,-1,-1
201501ZT80123,1,9,0,3,0,2,0,0,0,0,2,1,6,1,39,7,1497,8,7,-1,-1,-1
201501ZT80123,2,9,0,4,0,2,0,0,0,0,1,1,6,3,-1,-1,1968,2,7,-1,-1,-1
201501ZT80124,1,9,0,18,0,8,0,0,0,0,1,1,6,1,25,5,1999,1,-1,-1,-1,-1
201501ZT80124,2,9,0,7,0,8,0,0,0,0,3,1,6,1,-1,-1,1998,2,7,-1,1,-1
201501ZT80125,1,8,0,3,0,1,0,0,0,0,2,1,1,1,43,7,1686,2,4,-1,1,-1
201501ZT80125,2,9,0,3,0,1,0,0,0,0,2,1,6,1,33,6,1598,1,9,-1,1,-1
201501ZT80125,3,9,0,4,0,1,0,0,0,0,1,1,6,1,18,4,1229,1,10,-1,1,-1
201501ZT80125,4,9,0,3,0,1,0,0,0,0,2,1,6,2,67,10,1598,1,2,-1,1,-1
201501ZT80127,1,9,0,18,0,8,0,0,0,0,2,1,6,2,42,7,1597,1,17,-1,1,-1
201501ZT80127,2,9,0,3,0,8,0,0,0,0,1,1,6,1,39,7,1339,8,6,-1,1,-1
201501ZT80127,3,9,0,18,0,8,0,0,0,0,1,1,6,1,42,7,1598,1,13,-1,1,-1
201501ZT80130,1,11,0,4,0,1,0,0,0,0,0,1,1,1,53,8,6692,2,6,-1,1,-1
201501ZT80131,1,9,0,18,0,2,0,0,0,0,1,1,6,2,36,7,1364,1,9,-1,1,-1
201501ZT80132,1,8,0,18,0,1,0,0,0,0,1,1,1,1,43,7,2499,2,5,-1,1,-1
201501ZT80133,1,9,0,18,0,0,5,10,1,2,1,1,6,2,36,7,1781,1,11,-1,1,-1
201501ZT80134,1,9,0,18,0,1,0,0,0,0,1,1,6,1,21,5,1796,1,10,-1,1,-1
201501ZT80134,2,9,0,18,0,1,0,0,0,0,2,1,6,1,34,6,1598,2,3,-1,1,-1
201501ZT80135,1,9,0,18,0,1,0,0,0,0,1,1,6,2,30,6,1598,1,12,-1,1,-1
201501ZT80136,1,9,0,18,0,2,0,0,0,0,1,1,6,1,66,10,2967,1,15,-1,1,-1
201501ZT80137,1,9,0,7,0,8,0,0,0,0,3,1,1,1,56,9,-1,-1,-1,-1,-1,-1
201501ZT80137,2,1,0,18,0,8,0,0,0,0,1,1,6,1,47,8,-1,-1,-1,-1,1,-1
201501ZT80139,1,9,0,18,0,8,0,0,0,0,1,1,6,2,45,7,1598,1,1,-1,1,-1
201501ZT80139,2,1,0,9,0,8,0,0,0,0,3,1,6,1,-1,-1,-1,-1,-1,-1,-1,-1
201501ZT80140,1,9,0,18,0,8,0,0,0,0,4,1,6,2,68,10,1560,2,2,-1,1,-1
201501ZT80140,2,9,0,9,0,8,0,0,0,0,1,1,6,2,-1,-1,1796,1,8,-1,1,-1
201501ZT80141,1,9,0,18,0,1,0,0,0,0,1,1,6,2,37,7,1995,2,4,-1,1,-1
201501ZT80143,1,4,0,18,0,8,0,0,0,0,1,1,6,1,33,6,499,1,21,-1,1,-1
201501ZT80143,2,9,0,7,0,8,0,0,0,0,3,1,6,2,-1,-1,-1,-1,-1,-1,1,-1
201501ZT80145,1,11,0,7,0,1,0,0,0,0,0,1,1,1,47,8,3900,2,12,-1,1,-1
201501ZT80147,1,3,0,18,0,1,0,10,0,0,1,1,6,1,17,4,-1,-1,-1,-1,1,-1
201501ZT80148,1,11,0,18,0,1,0,0,0,0,1,1,1,1,57,9,6700,2,6,-1,1,-1
201501ZT80149,1,9,0,7,0,8,0,0,0,0,3,1,6,1,31,6,1796,1,11,-1,1,-1
201501ZT80149,2,9,0,18,0,8,0,0,0,0,1,1,6,2,35,6,1242,1,5,-1,1,-1
201501ZT80150,1,9,0,9,0,8,0,0,0,0,3,1,6,1,28,6,1781,1,14,-1,1,-1
201501ZT80150,2,5,0,13,0,8,0,0,0,0,1,1,6,1,23,5,125,1,4,-1,3,-1
201501ZT80151,1,9,0,5,0,1,0,0,0,0,1,1,6,2,27,6,1587,1,10,-1,-1,-1
201501ZT80152,1,9,0,3,0,1,0,0,0,0,2,1,6,1,48,8,1796,1,10,-1,-1,-1
201501ZT80152,2,9,0,4,0,1,0,0,0,0,1,1,6,2,67,10,1596,1,11,-1,1,-1
201501ZT80153,1,9,0,3,0,1,0,0,0,0,2,1,1,1,61,9,1753,2,6,-1,-1,-1
201501ZT80153,2,5,0,4,0,1,0,0,0,0,1,1,6,1,45,7,582,1,14,-1,-1,-1
201501ZT80154,1,9,0,4,0,1,0,0,0,0,1,1,6,1,33,6,1299,1,15,-1,1,-1
201501ZT80154,2,9,0,4,0,1,0,0,0,0,2,1,6,2,47,8,1595,1,1,-1,1,-1
201501ZT80155,1,9,0,18,0,1,0,0,0,0,1,1,6,3,-1,-1,-1,-1,-1,-1,-1,-1
201501ZT80156,1,9,0,7,0,8,0,0,0,0,3,1,6,2,28,6,1998,2,11,-1,1,-1
201501ZT80156,2,1,0,18,0,8,0,0,0,0,1,1,6,1,12,3,-1,-1,-1,-1,1,-1
201501ZT80157,1,9,0,4,0,1,0,0,0,0,2,1,6,1,18,4,1242,1,13,-1,1,-1
201501ZT80157,2,9,0,4,0,1,0,0,0,0,1,1,6,3,-1,-1,1870,2,13,-1,-1,-1
201501ZT80159,1,1,0,18,0,8,0,0,0,0,1,1,6,1,33,6,-1,-1,-1,-1,1,-1
201501ZT80161,1,9,0,1,0,8,0,10,3,10,2,1,1,1,37,7,-1,-1,-1,-1,1,-1
201501ZT80162,1,19,0,4,0,8,0,0,0,0,2,1,1,1,41,7,-1,-1,-1,-1,1,-1
201501ZT80162,2,9,0,4,0,8,0,0,0,0,1,1,6,2,58,9,1998,1,17,-1,1,-1
201501ZT80165,1,9,0,18,0,2,0,0,0,0,1,1,6,2,30,6,1997,1,10,-1,1,-1
201501ZT80166,1,9,0,7,0,8,0,0,0,0,4,1,6,2,-1,-1,973,1,12,-1,-1,-1
201501ZT80166,2,1,0,18,0,8,0,0,0,0,1,1,6,2,27,6,-1,-1,-1,-1,1,-1
201501ZT80167,1,5,0,4,0,2,0,0,0,0,2,1,6,1,45,7,1130,1,11,-1,-1,-1
201501ZT80167,2,9,0,4,0,2,0,0,0,0,1,1,6,1,-1,-1,1149,1,12,-1,1,-1
201501ZT80168,1,9,0,18,0,8,0,0,0,0,1,1,6,1,17,4,1199,1,14,-1,1,-1
201501ZT80168,2,9,0,9,0,8,0,0,0,0,4,1,6,1,32,6,1390,1,14,-1,1,-1
201501ZT80169,1,19,0,7,0,8,0,0,0,0,1,1,1,1,26,6,2198,2,1,-1,1,-1
201501ZT80169,2,9,0,18,0,8,0,4,0,0,1,1,6,1,41,7,2191,2,1,-1,-1,-1
201501ZT80169,3,9,0,2,0,2,0,0,0,0,3,1,6,2,44,7,1598,1,16,-1,-1,-1
201501ZT80170,1,9,0,18,0,8,0,0,0,0,1,1,6,2,21,5,998,1,1,-1,-1,-1
201501ZT80170,2,9,0,9,0,8,0,0,0,0,4,1,6,2,53,8,1598,2,5,-1,1,-1
201501ZT80171,1,9,0,3,0,1,0,0,0,0,4,1,6,1,43,7,2143,2,3,-1,1,-1
201501ZT80172,1,1,0,18,0,2,0,0,0,0,3,1,6,1,21,5,-1,-1,-1,-1,1,-1
201501ZT80172,2,9,0,13,0,2,0,0,0,0,1,1,6,3,-1,-1,-1,-1,-1,-1,-1,-1
201501ZT80173,1,9,0,18,0,1,0,0,0,0,1,1,1,2,70,10,-1,-1,-1,-1,-1,-1
201501ZT80175,1,9,0,18,0,8,0,0,0,0,1,1,6,2,-1,-1,1598,2,4,-1,-1,-1
201501ZT80175,2,1,0,7,0,8,0,0,0,0,3,1,6,2,11,3,-1,-1,-1,-1,1,-1
201501ZT80176,1,9,0,3,0,1,0,0,0,0,2,1,1,1,58,9,-1,-1,-1,-1,1,-1
201501ZT80176,2,9,0,4,0,1,0,0,0,0,1,1,6,1,40,7,1796,1,14,-1,1,-1
201501ZT80177,1,9,0,3,0,1,0,0,0,0,2,1,6,1,28,6,1061,1,10,-1,1,-1
201501ZT80177,2,9,0,4,0,1,0,0,0,0,1,1,6,1,68,10,1298,1,7,-1,1,-1
201501ZT80179,1,9,0,18,0,1,0,0,0,0,1,1,6,2,35,6,1968,2,1,-1,1,-1
201501ZT80180,1,9,0,3,0,1,0,0,0,0,2,1,6,2,28,6,1349,1,7,-1,1,-1
201501ZT80180,2,5,0,5,0,1,0,0,0,0,1,1,6,1,56,9,1170,1,6,-1,1,-1
201501ZT80181,1,9,0,18,0,8,0,0,0,0,1,1,6,1,83,11,1298,1,6,-1,1,-1
201501ZT80181,2,9,0,7,0,8,0,0,0,0,3,1,6,3,-1,-1,-1,-1,-1,-1,-1,-1
201501ZT80182,1,11,0,4,0,1,0,0,0,0,1,1,1,1,64,9,6700,2,6,-1,1,-1
201501ZT80183,1,9,0,18,0,8,0,0,0,0,1,1,6,1,40,7,1951,2,10,-1,1,-1
201501ZT80183,2,9,0,18,0,8,0,0,0,0,3,1,6,1,40,7,2290,1,15,-1,1,-1
201501ZT80184,1,9,0,18,0,8,0,0,0,0,1,1,6,1,-1,-1,-1,-1,-1,-1,-1,-1
201501ZT80184,2,9,0,9,0,8,0,0,0,0,4,1,6,2,45,7,1998,1,14,-1,1,-1
201501ZT80185,1,9,0,13,0,1,0,0,0,0,4,1,6,1,23,5,1998,1,12,-1,1,-1
201501ZT80185,2,21,0,18,0,1,0,0,0,0,3,1,1,1,45,7,6692,2,3,-1,1,-1
201501ZT80186,1,9,0,3,0,1,0,0,0,0,2,1,6,1,28,6,1988,1,12,-1,1,-1
201501ZT80186,2,9,0,4,0,1,0,0,0,0,1,1,6,1,-1,-1,-1,-1,-1,-1,2,-1
201501ZT80187,1,20,0,18,0,1,0,0,0,0,1,1,1,1,29,6,3920,2,9,-1,1,-1
201501ZT80187,2,8,0,18,0,2,0,0,0,0,1,1,1,2,53,8,1997,2,2,-1,1,-1
201501ZT80188,1,9,0,18,0,1,0,4,0,0,1,1,6,2,43,7,1591,1,8,-1,-1,-1
201501ZT80188,2,9,0,2,0,1,0,0,0,0,2,1,6,1,62,9,1248,2,9,-1,-1,-1
201501ZT80189,1,9,0,18,0,1,0,4,0,0,1,1,6,2,44,7,-1,-1,-1,-1,1,-1
201501ZT80189,2,9,0,2,0,1,0,0,0,0,2,1,6,2,41,7,1796,1,11,-1,1,-1
201501ZT80190,1,9,0,4,0,1,0,0,0,0,1,1,6,1,25,5,1198,1,-1,-1,1,-1
201501ZT80190,2,4,0,4,0,1,0,0,0,0,2,1,6,1,68,10,498,1,17,-1,1,-1
201501ZT80191,1,19,0,18,0,2,0,0,0,0,1,1,6,1,39,7,1995,2,8,-1,1,-1
201501ZT80191,2,1,0,18,0,1,0,0,0,0,1,1,6,1,17,4,-1,-1,-1,-1,-1,-1
201501ZT80192,1,9,0,18,0,1,0,0,0,0,1,1,6,2,22,5,1242,1,2,-1,1,-1
201501ZT80192,2,9,0,18,0,2,0,0,0,0,1,1,6,2,53,8,-1,-1,-1,-1,-1,-1
201501ZT80193,1,9,0,5,0,1,0,0,0,0,3,1,6,1,52,8,1799,1,11,-1,1,-1
201501ZT80193,2,1,0,13,0,1,0,0,0,0,1,1,6,1,38,7,-1,-1,-1,-1,1,-1
201501ZT80194,1,9,0,18,0,1,0,4,0,0,1,1,6,1,43,7,1896,2,9,-1,1,-1
201501ZT80194,2,9,0,2,0,1,0,0,0,0,2,1,6,3,-1,-1,-1,-1,-1,-1,-1,-1
201501ZT80195,1,19,0,18,0,1,0,0,0,0,1,1,6,3,-1,-1,-1,-1,-1,-1,-1,-1
201501ZT80197,1,9,0,18,0,2,0,0,0,0,1,1,6,1,86,11,1596,1,13,-1,1,-1
201501ZT80197,2,9,0,18,0,1,0,0,0,0,1,1,6,1,64,9,1995,2,1,-1,1,-1
201501ZT80198,1,9,0,4,0,1,0,0,0,0,1,1,6,2,71,10,1360,1,15,-1,1,-1
201501ZT80198,2,20,0,3,0,1,0,0,0,0,2,1,1,1,50,8,12777,2,1,-1,1,-1
201501ZT80198,3,19,0,3,0,1,0,0,0,0,2,1,1,1,47,8,2461,2,5,-1,1,-1
201501ZT80199,1,9,0,7,0,8,0,0,0,0,3,1,6,2,58,9,1495,1,15,-1,1,-1
201501ZT80199,2,1,0,18,0,8,0,0,0,0,1,1,6,1,42,7,-1,-1,-1,-1,-1,-1
201501ZT80202,1,9,0,18,0,1,0,0,0,0,1,1,6,3,-1,-1,-1,-1,-1,-1,-1,-1
201501ZT80203,1,9,0,9,0,8,0,0,0,0,3,1,6,2,35,6,1390,1,10,-1,1,-1
201501ZT80203,2,1,0,17,0,8,0,0,0,0,1,1,6,1,30,6,-1,-1,-1,-1,1,-1
201501ZT80205,1,9,0,18,0,1,0,0,0,0,1,1,6,2,33,6,2979,1,11,-1,1,-1
201501ZT80206,1,9,0,18,0,2,0,0,0,0,1,1,6,2,24,5,1199,1,12,-1,1,-1
201501ZT80206,2,9,0,18,0,1,0,0,0,0,1,1,6,2,-1,-1,1388,1,9,-1,1,-1
201501ZT80207,1,9,0,18,0,8,0,0,0,0,1,1,6,1,41,7,1998,1,10,-1,1,-1
201501ZT80207,2,3,0,7,0,8,0,0,0,0,3,1,1,1,17,4,124,1,5,-1,1,-1
201501ZT80208,1,9,0,18,0,1,0,0,0,0,1,1,6,2,57,9,1796,1,7,-1,1,-1
201501ZT80209,1,9,0,18,0,1,0,0,0,0,1,1,6,2,35,6,1598,1,3,-1,1,-1
201501ZT80211,1,11,0,3,0,2,0,0,0,0,1,1,6,1,26,6,4500,2,1,-1,1,-1
201501ZT80211,2,19,0,1,0,1,0,0,0,0,2,1,6,1,-1,-1,2198,2,9,-1,-1,-1
201501ZT80212,1,9,0,4,0,1,0,0,0,0,1,1,1,1,60,9,-1,-1,-1,-1,1,-1
201501ZT80212,2,9,0,3,0,1,0,0,0,0,2,1,6,1,37,7,1598,1,10,-1,1,-1
201501ZT80212,3,9,0,3,0,1,0,0,0,0,2,1,6,1,31,6,998,1,2,-1,-1,-1
201501ZT80214,1,9,0,14,0,1,0,0,0,0,1,1,6,2,37,7,1124,1,11,-1,1,-1
201501ZT80214,2,9,0,14,0,2,0,0,0,0,1,1,6,2,54,8,1360,1,15,-1,1,-1
201501ZT80215,1,11,0,4,0,1,0,0,0,0,0,1,1,1,63,9,7300,2,10,-1,-1,-1
201501ZT80217,1,9,0,9,0,8,0,0,0,0,4,1,6,1,43,7,1753,2,8,-1,-1,-1
201501ZT80217,2,9,0,18,0,8,0,0,0,0,1,1,6,2,28,6,1800,1,17,-1,1,-1
201501ZT80219,1,9,0,9,0,8,0,0,0,0,4,1,6,2,25,5,1796,1,6,-1,1,-1
201501ZT80219,2,9,0,18,0,8,0,0,0,0,1,1,6,1,-1,-1,1596,1,8,-1,-1,-1
201501ZT80220,1,1,0,14,0,1,0,8,0,0,1,1,6,1,47,8,-1,-1,-1,-1,1,-1
201501ZT80220,2,9,0,2,0,1,0,0,0,0,3,1,1,2,49,8,1198,1,2,-1,1,-1
201501ZT80221,1,9,0,18,0,2,0,0,0,0,1,1,6,1,51,8,1896,2,9,-1,1,-1
201501ZT80221,2,3,0,18,0,1,0,0,0,0,1,1,6,1,18,4,124,1,6,-1,1,-1
201501ZT80222,1,9,0,9,0,8,0,0,0,0,4,1,6,2,24,5,1560,2,7,-1,1,-1
201501ZT80222,2,1,0,18,0,8,0,0,0,0,1,1,6,1,48,8,-1,-1,-1,-1,1,-1
201501ZT80224,1,9,0,7,0,8,0,10,1,10,4,1,6,2,36,7,-1,-1,-1,-1,1,-1
201501ZT80225,1,9,0,18,0,2,0,0,0,0,2,1,6,1,22,5,-1,-1,-1,-1,2,-1
201501ZT80225,2,9,0,18,0,2,0,0,0,0,1,1,6,1,27,6,998,1,6,-1,1,-1
201501ZT80227,1,9,0,18,0,1,0,0,0,0,1,1,6,3,-1,-1,-1,-1,-1,-1,-1,-1
201501ZT80227,2,9,0,18,0,1,0,0,0,0,2,1,6,2,34,6,1984,1,12,-1,-1,-1
201501ZT80228,1,9,0,18,0,1,0,0,0,0,1,1,6,1,45,7,-1,-1,-1,-1,1,-1
201501ZT80229,1,9,0,18,0,0,5,0,0,0,1,1,6,2,17,4,998,1,11,-1,1,-1
201501ZT80229,2,9,0,18,0,0,0,0,0,0,2,1,6,1,56,9,1796,1,12,-1,1,-1
201501ZT80230,1,9,0,18,0,1,0,0,0,0,1,1,6,2,70,10,1999,1,6,-1,3,-1
201501ZT80230,2,21,0,18,0,1,0,0,0,0,2,1,6,1,44,7,-1,-1,-1,-1,1,-1
201501ZT80231,1,9,0,18,0,1,0,0,0,0,1,1,6,1,-1,-1,1396,1,3,-1,1,-1
201501ZT80232,1,3,0,18,0,0,0,0,0,0,1,1,6,1,22,5,124,1,6,-1,1,-1
201501ZT80233,1,19,0,18,0,1,0,0,0,0,1,1,6,3,-1,-1,-1,-1,-1,-1,-1,-1
201501ZT80234,1,9,0,18,0,1,0,7,0,0,1,1,6,1,25,5,-1,-1,-1,-1,1,-1
201501ZT80234,2,9,0,18,0,2,0,0,0,0,1,1,6,2,20,4,1198,1,4,-1,1,-1
201501ZT80235,1,9,0,18,0,1,0,0,0,0,1,1,6,1,37,7,1999,1,10,-1,1,-1
201501ZT80236,1,9,0,9,0,8,0,0,0,0,4,1,6,2,46,8,1587,1,12,-1,1,-1
201501ZT80236,2,2,0,18,0,8,0,0,0,0,1,1,6,1,29,6,124,1,12,-1,1,-1
201501ZT80238,1,9,0,3,0,1,0,0,0,0,2,1,6,1,45,7,-1,-1,-1,-1,1,-1
201501ZT80238,2,9,0,4,0,1,0,0,0,0,1,1,6,2,-1,-1,1388,1,13,-1,-1,-1
201501ZT80239,1,9,0,18,0,8,0,0,0,0,4,1,6,1,28,6,1198,1,12,-1,1,-1
201501ZT80239,2,9,0,18,0,8,0,0,0,0,1,1,6,2,50,8,1124,1,12,-1,1,-1
201501ZT80241,1,9,0,18,0,8,0,0,0,0,1,1,6,1,34,6,2987,2,1,-1,1,-1
201501ZT80241,2,9,0,9,0,8,0,0,0,0,4,1,6,2,35,6,1339,1,7,-1,1,-1
201501ZT80242,1,2,0,18,0,8,0,0,0,0,1,1,6,1,49,8,-1,-1,-1,-1,1,-1
201501ZT80242,2,9,0,7,0,8,0,0,0,0,3,1,6,1,59,9,2316,1,18,-1,1,-1
201501ZT80243,1,8,0,18,0,1,0,0,0,0,1,1,1,1,27,6,-1,-1,-1,-1,-1,-1
201501ZT80244,1,9,0,18,0,1,0,0,0,0,1,1,6,1,83,11,1389,1,18,-1,1,-1
201501ZT80245,1,9,0,18,0,1,0,0,0,0,1,1,6,3,-1,-1,-1,-1,-1,-1,-1,-1
201501ZT80246,1,21,0,11,0,1,0,0,0,0,4,1,1,1,48,8,12777,2,4,-1,1,-1
201501ZT80246,2,9,0,18,0,1,0,0,0,0,3,1,6,1,22,5,1368,1,6,-1,1,-1
201501ZT80247,1,19,0,18,0,1,0,0,0,0,2,1,6,1,28,6,2198,2,4,-1,1,-1
201501ZT80247,2,9,0,18,0,1,0,0,0,0,1,1,6,1,-1,-1,-1,-1,-1,-1,-1,-1
201501ZT80253,1,9,0,7,0,8,0,0,0,0,4,1,6,2,53,8,1560,2,6,-1,1,-1
201501ZT80253,2,1,0,18,0,8,0,0,0,0,1,1,6,1,18,4,-1,-1,-1,-1,1,-1
201501ZT80254,1,3,0,14,0,2,0,0,0,0,1,1,6,1,19,4,124,1,25,-1,1,-1
201501ZT80254,2,9,0,18,0,1,0,0,0,0,1,1,6,1,-1,-1,1598,1,10,-1,-1,-1
201501ZT80255,1,9,0,3,0,2,0,0,0,0,2,1,6,2,21,5,998,1,8,-1,1,-1
201501ZT80255,2,9,0,4,0,2,0,0,0,0,1,1,6,3,-1,-1,-1,-1,-1,-1,-1,-1
201501ZT80257,1,9,0,5,0,1,0,0,0,0,1,1,6,3,-1,-1,-1,-1,-1,-1,-1,-1
201501ZT80258,1,9,0,4,0,8,0,0,0,0,3,1,6,1,31,6,-1,-1,-1,-1,1,-1
201501ZT80258,2,9,0,11,0,8,0,0,0,0,4,1,6,1,-1,-1,1995,2,2,-1,-1,-1
201501ZT80259,1,2,0,18,0,1,0,0,0,0,2,1,6,1,16,4,-1,-1,-1,-1,1,-1
201501ZT80259,2,5,0,18,0,1,0,0,0,0,1,1,6,3,-1,-1,-1,-1,-1,-1,-1,-1
201501ZT80261,1,9,0,7,0,2,0,10,1,2,1,1,6,1,19,4,1598,1,9,-1,1,-1
201501ZT80262,1,9,0,3,0,1,0,0,0,0,2,1,6,2,31,6,1198,1,7,-1,1,-1
201501ZT80262,2,9,0,3,0,1,0,0,0,0,2,1,6,2,59,9,1390,1,16,-1,1,-1
201501ZT80262,3,9,0,18,0,1,0,0,0,0,1,1,6,1,36,7,1598,1,14,-1,1,-1
201501ZT80263,1,9,0,18,0,0,0,0,0,0,3,1,6,2,56,9,2148,2,14,-1,1,-1
201501ZT80263,2,1,0,18,0,0,0,0,0,0,3,1,6,2,22,5,-1,-1,-1,-1,-1,-1
201501ZT80264,1,9,0,18,0,1,0,0,0,0,1,1,6,2,27,6,1299,1,12,-1,1,-1
201501ZT80265,1,9,0,4,0,1,0,0,0,0,1,1,6,1,18,4,1242,1,15,-1,1,-1
201501ZT80265,2,9,0,3,0,1,0,0,0,0,2,1,6,1,24,5,-1,-1,-1,-1,1,-1
201501ZT80266,1,11,0,4,0,0,0,0,0,0,0,1,1,1,51,8,6370,2,3,-1,1,-1
201501ZT80267,1,9,0,9,0,8,0,0,0,0,1,1,6,3,-1,-1,-1,-1,-1,-1,-1,-1
201501ZT80267,2,1,0,18,0,8,0,0,0,0,1,1,6,1,13,3,-1,-1,-1,-1,1,-1
201501ZT80268,1,9,0,9,4,8,0,0,0,0,1,1,6,1,66,10,1998,1,18,-1,1,-1
201501ZT80268,2,1,0,18,4,8,0,0,0,0,3,1,6,2,60,9,-1,-1,-1,-1,1,-1
201501ZT80270,1,9,0,18,0,2,0,4,0,0,4,1,6,2,48,8,-1,-1,-1,-1,1,-1
201501ZT80270,2,9,0,2,0,2,0,0,0,0,3,1,6,3,-1,-1,1587,1,16,-1,-1,-1
201501ZT80271,1,9,0,3,0,1,0,0,0,0,2,1,6,2,47,8,1395,1,1,-1,1,-1
201501ZT80271,2,9,0,4,0,1,0,0,0,0,1,1,6,2,74,10,989,1,7,-1,-1,-1
201501ZT80272,1,19,0,18,0,1,0,10,1,10,1,1,1,1,27,6,2148,2,9,-1,1,-1
201501ZT80273,1,9,0,9,0,8,0,0,0,0,4,1,6,3,-1,-1,-1,-1,-1,-1,-1,-1
201501ZT80273,2,1,0,16,0,8,0,0,0,0,3,1,6,1,43,7,-1,-1,-1,-1,1,-1
201501ZT80274,1,9,0,3,0,0,0,0,0,0,2,1,6,2,48,8,1900,2,16,-1,1,-1
201501ZT80274,2,9,0,4,0,0,0,0,0,0,2,1,6,2,51,8,-1,-1,-1,-1,1,-1
201501ZT80274,3,19,0,18,0,0,0,0,0,0,1,1,6,1,55,8,1753,2,8,-1,1,-1
201501ZT80275,1,9,0,18,0,0,0,0,0,0,4,1,6,1,25,5,-1,-1,-1,-1,1,-1
201501ZT80276,1,9,0,18,0,1,0,0,0,0,1,1,6,1,65,9,2979,1,11,-1,1,-1
201501ZT80277,1,9,0,18,0,1,0,0,0,0,1,1,6,1,25,5,2148,2,6,-1,1,-1
201501ZT80277,2,9,0,3,0,1,0,0,0,0,2,1,6,1,54,8,2498,1,13,-1,1,-1
201501ZT80277,3,9,0,3,0,1,0,0,0,0,2,1,6,1,27,6,1998,1,10,-1,1,-1
201501ZT80278,1,9,0,18,0,1,0,0,0,0,1,1,6,2,23,5,996,1,1,-1,1,-1
201501ZT80279,1,9,0,18,0,1,0,0,0,0,1,1,6,1,24,5,1796,1,7,-1,1,-1