Accident_Index,Vehicle_Reference,Vehicle_Type,Towing_and_Articulation,Vehicle_Manoeuvre,Vehicle_Location-Restricted_Lane,Junction_Location,Skidding_and_Overturning,Hit_Object_in_Carriageway,Vehicle_Leaving_Carriageway,Hit_Object_off_Carriageway,1st_Point_of_Impact,Was_Vehicle_Left_Hand_Drive?,Journey_Purpose_of_Driver,Sex_of_Driver,Age_of_Driver,Age_Band_of_Driver,Engine_Capacity_(CC),Propulsion_Code,Age_of_Vehicle,Driver_IMD_Decile,Driver_Home_Area_Type,Vehicle_IMD_Decile
201501ZT80279,2,9,0,2,0,1,0,0,0,0,2,1,6,1,30,6,1598,1,12,-1,1,-1
201501ZT80280,1,9,0,4,0,1,0,0,0,0,1,1,6,2,30,6,1998,1,10,-1,1,-1
201501ZT80280,2,19,0,4,0,1,0,0,0,0,2,1,6,1,49,8,1968,2,5,-1,1,-1
201501ZT80281,1,9,0,18,0,0,0,10,7,2,1,1,6,1,37,7,1595,1,12,-1,1,-1
201501ZT80283,1,9,0,18,0,8,0,0,0,0,1,1,6,1,47,8,2967,2,8,-1,1,-1
201501ZT80283,2,1,0,18,0,8,0,0,0,0,4,1,6,2,27,6,-1,-1,-1,-1,1,-1
201501ZT80287,1,21,0,7,0,2,0,0,0,0,1,1,1,1,27,6,6693,2,2,-1,1,-1
201501ZT80288,1,9,0,10,0,8,0,0,0,0,2,1,6,2,34,6,1995,1,10,-1,1,-1
201501ZT80288,2,19,0,18,0,8,0,0,0,0,1,1,6,1,26,6,2402,2,6,-1,1,-1
201501ZT80289,1,9,0,18,0,8,0,0,0,0,4,1,6,2,46,8,1992,2,7,-1,1,-1
201501ZT80289,2,9,0,18,0,8,0,0,0,0,1,1,6,2,65,9,999,1,7,-1,1,-1
201501ZT80291,1,9,0,18,0,2,0,0,0,0,4,1,6,1,58,9,1870,2,12,-1,1,-1
201501ZT80293,1,5,0,13,0,1,0,0,0,0,4,1,6,1,34,6,-1,-1,-1,-1,1,-1
201501ZT80293,2,19,0,18,0,1,0,0,0,0,3,1,6,1,44,7,2151,2,11,-1,1,-1
201501ZT80294,1,9,0,7,0,8,0,0,0,0,4,1,6,2,-1,-1,-1,-1,-1,-1,-1,-1
201501ZT80294,2,1,0,18,0,8,0,0,0,0,1,1,6,2,14,3,-1,-1,-1,-1,-1,-1
201501ZT80297,1,9,0,9,0,8,0,0,0,0,4,1,6,1,40,7,1596,1,4,-1,1,-1
201501ZT80297,2,3,0,14,0,8,0,0,0,0,1,1,6,1,-1,-1,-1,-1,-1,-1,-1,-1
201501ZT80298,1,9,0,4,0,0,0,0,0,0,1,1,6,2,63,9,1240,1,11,-1,1,-1
201501ZT80298,2,9,0,4,0,0,0,0,0,0,1,1,6,2,40,7,-1,-1,-1,-1,1,-1
201501ZT80299,1,9,0,18,0,0,0,0,0,0,1,1,6,1,17,4,-1,-1,-1,-1,1,-1
201501ZT80299,2,9,0,18,0,0,0,0,0,0,2,1,6,1,-1,-1,998,1,6,-1,-1,-1
201501ZT80300,1,9,0,2,0,0,0,0,0,0,3,1,6,2,44,7,1388,1,5,-1,1,-1
201501ZT80300,2,1,0,18,0,0,0,8,0,0,1,1,6,1,55,8,-1,-1,-1,-1,1,-1
201501ZT80302,1,9,0,18,0,8,0,0,0,0,1,1,6,1,44,7,1390,1,8,-1,1,-1
201501ZT80302,2,9,0,9,0,8,0,0,0,0,1,1,6,1,46,8,1798,8,-1,-1,1,-1
201501ZT80303,1,9,0,18,0,8,0,0,0,0,1,1,6,1,73,10,1591,1,4,-1,1,-1
201501ZT80303,2,9,0,18,0,8,0,0,0,0,3,1,6,2,25,5,-1,-1,-1,-1,1,-1
201501ZT80305,1,3,0,18,0,0,0,0,0,0,0,1,6,1,45,7,124,1,3,-1,1,-1
201501ZT80306,1,9,0,3,0,1,0,0,0,0,2,1,6,1,46,8,1896,2,10,-1,1,-1
201501ZT80306,2,9,0,3,0,1,0,0,0,0,2,1,6,2,87,11,998,1,14,-1,1,-1
201501ZT80306,3,9,0,18,0,1,0,0,0,0,1,1,6,1,78,11,2290,1,12,-1,1,-1
201501ZT80307,1,3,0,18,0,8,0,0,0,0,0,1,6,1,38,7,124,1,5,-1,1,-1
201501ZT80307,2,9,0,18,0,8,0,0,0,0,0,1,6,1,-1,-1,1390,1,12,-1,1,-1
201501ZT80308,1,9,0,18,0,8,0,0,0,0,1,1,6,2,44,7,1968,2,8,-1,1,-1
201501ZT80308,2,9,0,18,0,8,0,0,0,0,4,1,6,1,-1,-1,1997,1,24,-1,-1,-1
201501ZT80309,1,11,0,7,0,8,0,0,0,0,0,1,1,1,35,6,-1,-1,-1,-1,1,-1
201501ZT80311,1,9,0,16,0,8,0,0,0,0,3,1,6,1,60,9,1120,2,2,-1,1,-1
201501ZT80311,2,9,0,9,0,8,0,0,0,0,1,1,6,1,51,8,2995,1,10,-1,1,-1
201501ZT80312,1,19,0,4,0,1,0,0,0,0,1,1,6,1,23,5,2198,2,8,-1,1,-1
201501ZT80312,2,9,0,3,0,1,0,0,0,0,2,1,6,1,31,6,1968,2,2,-1,1,-1
201501ZT80313,1,2,0,9,0,2,0,0,0,0,0,1,6,1,18,4,50,1,14,-1,1,-1
201501ZT80314,1,19,0,9,0,8,0,0,0,0,3,1,6,1,37,7,2477,2,18,-1,1,-1
201501ZT80314,2,19,0,9,0,8,0,0,0,0,3,1,6,1,65,9,-1,-1,-1,-1,1,-1
201501ZT80314,3,9,0,18,0,8,0,0,0,0,1,1,6,3,28,6,698,1,10,-1,1,-1
201501ZT80315,1,9,0,3,0,2,0,0,0,0,2,1,6,1,39,7,2143,2,2,-1,1,-1
201501ZT80315,2,3,0,4,0,2,0,0,0,0,1,1,6,2,48,8,124,1,5,-1,1,-1
201501ZT80316,1,9,0,18,0,0,0,0,0,0,4,1,6,2,35,6,-1,-1,-1,-1,1,-1
201501ZT80316,2,9,0,5,0,0,0,0,0,0,3,1,6,1,-1,-1,-1,-1,-1,-1,-1,-1
201501ZT80317,1,11,0,18,0,8,0,0,0,0,1,1,1,1,41,7,6700,2,4,-1,1,-1
201501ZT80317,2,9,0,7,0,8,0,0,0,0,3,1,6,1,18,4,1400,1,16,-1,1,-1
201501ZT80318,1,11,0,18,0,8,0,0,0,0,0,1,1,1,52,8,-1,-1,-1,-1,1,-1
201501ZT80318,2,9,0,9,0,8,0,0,0,0,0,1,6,3,-1,-1,-1,-1,-1,-1,-1,-1
201501ZT80319,1,9,0,9,0,8,0,0,0,0,1,1,6,2,36,7,1900,2,16,-1,-1,-1
201501ZT80319,2,9,0,14,0,8,0,0,0,0,3,1,6,1,79,11,1991,2,5,-1,1,-1
201501ZT80320,1,9,0,18,0,1,0,0,0,0,4,1,6,2,35,6,1596,1,13,-1,1,-1
201501ZT80321,1,9,0,18,0,1,0,0,0,0,1,1,6,1,53,8,1997,2,3,-1,1,-1
201501ZT80321,2,9,0,9,0,2,0,0,0,0,1,1,6,1,33,6,2143,2,-1,-1,1,-1
201501ZT80322,1,9,0,18,0,8,0,0,0,0,1,1,6,2,43,7,1499,2,2,-1,1,-1
201501ZT80322,2,3,0,9,0,8,0,0,0,0,1,1,6,1,24,5,125,1,-1,-1,1,-1
201501ZT80323,1,9,0,3,0,1,0,0,0,0,2,1,6,2,36,7,1997,2,12,-1,1,-1
201501ZT80323,2,9,0,18,0,1,0,0,0,0,1,1,6,2,21,5,1560,2,1,-1,1,-1
201501ZT80325,1,9,0,18,0,2,0,0,0,0,1,1,6,1,40,7,1299,1,14,-1,1,-1
201501ZT80326,1,9,0,9,0,8,0,0,0,0,3,1,6,1,32,6,1598,1,9,-1,1,-1
201501ZT80326,2,2,0,18,0,8,0,0,0,0,1,1,6,1,20,4,-1,-1,-1,-1,1,-1
201501ZT80327,1,9,0,18,0,0,0,0,0,0,1,1,6,1,23,5,1360,1,9,-1,1,-1
201501ZT80328,1,19,0,3,0,8,0,0,0,0,2,1,6,1,26,6,1968,2,5,-1,1,-1
201501ZT80328,2,9,0,18,0,8,0,0,0,0,1,1,6,1,40,7,2148,2,10,-1,1,-1
201501ZT80330,1,8,0,18,0,1,0,0,0,0,1,1,6,1,62,9,-1,-1,-1,-1,1,-1
201501ZT80331,1,9,0,18,0,8,0,0,0,0,1,1,6,2,21,5,-1,-1,-1,-1,1,-1
201501ZT80331,2,19,0,9,0,8,0,0,0,0,1,1,6,1,26,6,2198,2,1,-1,1,-1
201501ZT80332,1,9,0,18,0,8,0,0,0,0,1,1,6,1,59,9,-1,-1,-1,-1,3,-1
201501ZT80332,2,9,0,18,0,8,0,0,0,0,4,1,6,1,79,11,1396,1,15,-1,-1,-1
201501ZT80333,1,9,0,9,0,8,0,0,0,0,3,1,6,1,55,8,1984,1,10,-1,1,-1
201501ZT80333,2,3,0,18,0,8,0,0,0,0,1,1,6,1,34,6,108,1,2,-1,1,-1
201501ZT80335,1,9,0,18,0,8,0,0,0,0,1,1,6,1,26,6,-1,-1,-1,-1,1,-1
201501ZT80335,2,9,0,9,0,8,0,0,0,0,3,1,6,2,51,8,1598,1,2,-1,1,-1
201501ZT80336,1,9,0,18,0,8,0,0,0,0,4,1,6,2,48,8,1781,1,10,-1,1,-1
201501ZT80336,2,9,0,18,0,8,0,0,0,0,1,1,6,1,53,8,1997,2,1,-1,-1,-1
201501ZT80337,1,9,0,9,0,8,0,0,0,0,3,1,6,1,-1,-1,-1,-1,-1,-1,-1,-1
201501ZT80338,1,9,0,3,0,1,0,0,0,0,2,1,6,2,56,9,1149,1,11,-1,1,-1
201501ZT80338,2,9,0,5,0,1,0,0,0,0,1,1,6,2,-1,-1,-1,-1,-1,-1,1,-1
201501ZT80339,1,19,0,9,0,8,0,0,0,0,3,1,6,1,48,8,2143,2,1,-1,1,-1
201501ZT80339,2,1,0,18,0,8,0,0,0,0,1,1,6,1,41,7,-1,-1,-1,-1,1,-1
201501ZT80342,1,9,0,9,0,8,0,0,0,0,4,1,6,1,48,8,1199,2,1,-1,1,-1
201501ZT80342,2,3,0,18,0,8,0,0,0,0,1,1,6,1,50,8,125,1,-1,-1,1,-1
201501ZT80343,1,9,0,9,0,2,0,0,0,0,3,1,6,2,31,6,1598,1,12,-1,1,-1
201501ZT80344,1,9,0,9,0,8,0,0,0,0,3,1,6,1,41,7,1598,1,5,-1,1,-1
201501ZT80344,2,9,0,18,0,8,0,0,0,0,1,1,6,1,41,7,1896,2,12,-1,1,-1
201501ZT80345,1,19,0,5,0,0,0,0,0,0,3,1,6,1,23,5,-1,-1,-1,-1,1,-1
201501ZT80345,2,9,0,18,0,0,0,10,1,10,4,1,6,2,49,8,1781,1,14,-1,1,-1
201501ZT80346,1,3,0,14,0,8,0,0,0,0,1,1,6,1,19,4,124,1,6,-1,1,-1
201501ZT80346,2,9,0,9,0,8,0,0,0,0,3,1,6,2,21,5,1248,2,6,-1,1,-1
201501ZT80347,1,9,0,18,0,2,0,0,0,0,1,1,6,2,24,5,-1,-1,-1,-1,1,-1
201501ZT80347,2,9,0,4,0,2,0,0,0,0,2,1,6,1,24,5,1149,1,10,-1,1,-1
201501ZT80348,1,9,0,18,0,8,0,0,0,0,1,1,6,1,29,6,1242,1,4,-1,1,-1
201501ZT80348,2,9,0,9,0,8,0,0,0,0,3,1,6,2,46,8,-1,-1,-1,-1,1,-1
201501ZT80349,1,9,0,7,0,2,0,0,0,0,4,1,6,1,60,9,1364,1,1,-1,1,-1
201501ZT80350,1,3,0,18,0,8,0,0,0,0,0,1,6,1,17,4,125,1,4,-1,1,-1
201501ZT80350,2,9,0,1,0,8,0,0,0,0,0,1,6,1,-1,-1,-1,-1,-1,-1,1,-1
201501ZT80351,1,19,0,18,0,8,0,0,0,0,4,1,6,1,31,6,2143,2,3,-1,1,-1
201501ZT80351,2,9,0,9,0,8,0,0,0,0,1,1,6,2,64,9,1329,1,2,-1,1,-1
201501ZT80352,1,9,0,3,0,1,0,0,0,0,2,1,6,1,48,8,1560,2,3,-1,3,-1
201501ZT80352,2,19,0,4,0,1,0,0,0,0,1,1,6,1,23,5,-1,-1,-1,-1,1,-1
201501ZT80353,1,9,0,5,0,1,0,0,0,0,1,1,6,1,21,5,1796,1,1,-1,1,-1
201501ZT80353,2,9,0,3,0,1,0,0,0,0,2,1,6,1,20,4,1199,1,12,-1,-1,-1
201501ZT80355,1,9,0,18,0,8,0,0,0,0,3,1,6,2,41,7,-1,-1,-1,-1,1,-1
201501ZT80355,2,9,0,7,0,8,0,0,0,0,1,1,6,1,85,11,-1,-1,-1,-1,1,-1
201501ZT80356,1,9,0,18,0,0,0,0,0,0,3,1,6,2,26,6,1395,1,-1,-1,1,-1
201501ZT80356,2,9,0,18,0,0,0,0,0,0,3,1,6,2,-1,-1,-1,-1,-1,-1,-1,-1
201501ZT80357,1,9,0,18,0,8,0,0,0,0,1,1,6,2,20,4,1398,2,2,-1,1,-1
201501ZT80357,2,9,0,18,0,8,0,0,0,0,1,1,6,1,-1,-1,1124,1,10,-1,1,-1
201501ZT80358,1,3,0,18,0,1,0,0,0,0,0,1,6,1,43,7,124,1,3,-1,1,-1
201501ZT80360,1,9,0,18,0,1,0,0,0,0,4,1,6,1,40,7,1388,1,10,-1,1,-1
201501ZT80361,1,9,0,18,0,0,0,0,0,0,1,1,6,2,30,6,1596,1,11,-1,1,-1
201501ZT80362,1,11,0,18,0,1,0,0,0,0,4,1,1,3,-1,-1,-1,-1,-1,-1,-1,-1
201501ZT80363,1,19,0,9,0,8,0,0,0,0,3,1,6,1,43,7,1998,2,9,-1,1,-1
201501ZT80363,2,9,0,18,0,8,0,0,0,0,1,1,6,1,27,6,1240,1,11,-1,1,-1
201501ZT80364,1,9,0,9,0,8,0,0,0,0,1,1,6,2,69,10,1461,2,6,-1,1,-1
201501ZT80364,2,9,0,18,0,8,0,0,0,0,1,1,6,1,21,5,1248,2,10,-1,1,-1
201501ZT80365,1,11,0,18,0,0,0,0,0,0,4,1,1,3,-1,-1,-1,-1,-1,-1,-1,-1
201501ZT80367,1,9,0,18,0,8,0,0,0,0,1,1,6,1,37,7,2198,1,9,-1,1,-1
201501ZT80367,2,9,0,18,0,8,0,0,0,0,4,1,6,1,34,6,1390,1,14,-1,1,-1
201501ZT80368,1,9,0,9,0,8,0,0,0,0,4,1,6,1,31,6,1998,1,8,-1,1,-1
201501ZT80368,2,1,0,18,0,8,0,0,0,0,1,1,6,1,31,6,-1,-1,-1,-1,1,-1
201501ZT80369,1,9,0,9,0,8,0,0,0,0,4,1,6,2,30,6,1587,1,13,-1,1,-1
201501ZT80369,2,9,0,18,0,8,0,0,0,0,1,1,6,1,26,6,-1,-1,-1,-1,1,-1
201501ZT80370,1,9,0,9,0,8,0,0,0,0,1,1,6,2,41,7,-1,-1,-1,-1,1,-1
201501ZT80370,2,9,0,18,0,8,0,0,0,0,1,1,6,2,43,7,1598,2,1,-1,1,-1
201501ZT80371,1,9,0,18,0,0,0,0,0,0,4,1,6,2,30,6,1968,2,-1,-1,1,-1
201501ZT80371,2,9,0,5,0,0,0,0,0,0,3,1,6,1,84,11,1397,1,2,-1,1,-1
201501ZT80373,1,9,0,9,0,8,0,0,0,0,1,1,6,1,65,9,1396,1,4,-1,1,-1
201501ZT80374,1,9,0,9,0,8,0,0,0,0,3,1,6,2,42,7,1360,1,11,-1,1,-1
201501ZT80374,2,3,0,14,0,8,0,0,0,0,1,1,6,1,17,4,125,1,4,-1,1,-1
201501ZT80375,1,3,0,15,0,1,0,0,0,0,3,1,2,1,35,6,124,1,9,-1,1,-1
201501ZT80375,2,9,0,9,0,1,0,0,0,0,3,1,6,2,38,7,2967,2,4,-1,1,-1
201501ZT80376,1,3,0,4,0,1,0,0,0,0,0,1,1,1,43,7,125,1,1,-1,1,-1
201501ZT80377,1,9,0,18,0,8,0,0,0,0,1,1,6,2,66,10,1199,1,15,-1,1,-1
201501ZT80377,2,9,0,9,0,5,0,0,0,0,4,1,6,2,22,5,1339,1,7,-1,1,-1
201501ZT80378,1,9,0,18,0,1,0,0,0,0,1,1,6,2,25,5,1242,1,3,-1,1,-1
201501ZT80378,2,9,0,9,0,1,0,0,0,0,1,1,6,1,30,6,1299,1,15,-1,1,-1
201501ZT80379,1,9,0,18,0,2,0,0,0,0,1,1,6,2,39,7,4398,1,11,-1,1,-1
201501ZT80379,2,9,0,2,0,2,0,0,0,0,1,1,6,1,59,9,-1,-1,-1,-1,1,-1
201501ZT80382,1,9,0,18,0,1,0,0,0,0,1,1,6,2,20,4,1149,1,13,-1,1,-1
201501ZT80382,2,9,0,5,0,2,0,10,7,10,1,1,6,2,-1,-1,-1,-1,-1,-1,-1,-1
201501ZT80383,1,9,0,18,0,0,0,0,0,0,4,1,6,2,23,5,1390,1,7,-1,1,-1
201501ZT80384,1,9,0,18,0,1,0,0,0,0,4,1,6,1,80,11,1560,2,5,-1,1,-1
201501ZT80384,2,9,0,2,0,1,0,0,0,0,3,1,6,1,-1,-1,1896,2,10,-1,1,-1
201501ZT80386,1,9,0,1,0,8,0,0,0,0,2,1,6,1,30,6,899,1,-1,-1,1,-1
201501ZT80387,1,9,0,9,0,8,0,0,0,0,1,1,6,2,30,6,1229,1,3,-1,1,-1
201501ZT80388,1,9,0,9,0,8,0,0,0,0,1,1,6,2,62,9,1685,2,4,-1,1,-1
201501ZT80389,1,9,0,18,0,8,0,0,0,0,1,1,6,1,63,9,1968,2,7,-1,1,-1
201501ZT80389,2,9,0,18,0,8,0,0,0,0,1,1,6,2,72,10,1298,1,14,-1,1,-1
201501ZT80389,3,9,0,3,0,8,0,0,0,0,4,1,6,2,24,5,-1,-1,-1,-1,1,-1
201501ZT80390,1,4,0,13,0,8,0,0,0,0,1,1,6,1,17,4,124,1,16,-1,1,-1
201501ZT80390,2,9,0,9,0,8,0,0,0,0,3,1,6,2,51,8,998,1,1,-1,1,-1
201501ZT80392,1,20,0,18,0,0,0,10,0,0,4,1,6,1,44,7,2402,2,9,-1,1,-1
201501ZT80393,1,9,0,10,0,8,0,0,0,0,2,1,6,2,40,7,1769,1,13,-1,-1,-1
201501ZT80393,2,9,0,18,0,8,0,0,0,0,1,1,6,2,86,11,2435,1,10,-1,1,-1
201501ZT80395,1,9,0,18,0,1,0,0,0,0,1,1,6,1,60,9,1591,1,3,-1,-1,-1
201501ZT80396,1,9,0,18,0,1,0,0,0,0,1,1,6,2,37,7,1995,2,9,-1,1,-1
201501ZT80396,2,9,0,4,0,1,0,0,0,0,2,1,6,1,27,6,1242,1,8,-1,1,-1
201501ZT80399,1,9,0,4,0,1,0,0,0,0,1,1,6,1,21,5,1598,2,4,-1,1,-1
201501ZT80399,2,9,0,3,0,1,0,0,0,0,2,1,6,2,36,7,1896,2,18,-1,1,-1
201501ZT80400,1,9,0,9,0,8,0,0,0,0,0,1,6,2,26,6,1796,1,10,-1,1,-1
201501ZT80400,2,8,0,18,0,8,0,0,0,0,0,1,6,1,-1,-1,1598,1,2,-1,-1,-1
201501ZT80402,1,9,0,18,0,8,0,0,0,0,1,1,6,1,27,6,1984,1,13,-1,-1,-1
201501ZT80402,2,9,0,9,0,8,0,0,0,0,4,1,6,2,27,6,1598,1,6,-1,-1,-1
201501ZT80404,1,9,0,18,0,8,0,0,0,0,1,1,6,1,54,8,1341,1,13,-1,1,-1
201501ZT80404,2,9,0,18,0,8,0,0,0,0,3,1,6,1,44,7,2967,2,2,-1,1,-1
201501ZT80405,1,9,0,18,0,8,0,0,0,0,1,1,1,2,42,7,1598,1,14,-1,1,-1
201501ZT80405,2,9,0,18,0,8,0,0,0,0,4,1,2,2,48,8,1390,1,1,-1,1,-1
201501ZT80406,1,9,0,18,0,2,0,0,0,0,1,1,6,2,-1,-1,-1,-1,-1,-1,-1,-1
201501ZT80407,1,9,0,1,0,8,0,0,0,0,4,1,6,1,51,8,2000,1,18,-1,1,-1
201501ZT80407,2,9,0,18,0,8,0,0,0,0,1,1,6,2,39,7,1461,2,1,-1,1,-1
201501ZT80408,1,9,0,18,0,8,0,0,0,0,4,1,2,1,25,5,1798,8,3,-1,1,-1
201501ZT80408,2,9,0,2,0,8,0,0,0,0,2,1,6,1,25,5,1596,1,10,-1,1,-1
201501ZT80408,3,9,0,2,0,8,0,0,0,0,3,1,6,1,25,5,1598,1,10,-1,1,-1
201501ZT80409,1,9,0,18,0,0,5,0,0,0,0,1,6,1,31,6,-1,-1,-1,-1,1,-1
201501ZT80411,1,11,0,5,0,0,0,0,0,0,1,1,1,1,50,8,-1,-1,-1,-1,1,-1
201501ZT80415,1,9,0,9,0,8,0,0,0,0,4,1,6,2,26,6,1596,1,5,-1,1,-1
201501ZT80415,2,9,0,18,0,8,0,0,0,0,1,1,6,2,21,5,1596,1,13,-1,1,-1
201501ZT89004,1,9,0,18,0,8,0,0,0,0,1,1,6,2,21,5,-1,-1,-1,-1,1,-1
201501ZT89004,2,9,0,9,0,8,0,0,0,0,4,1,6,2,67,10,1086,1,9,-1,1,-1
201501ZT89029,1,9,0,1,0,8,0,0,0,0,2,1,1,1,48,8,1997,2,4,-1,1,-1
2015030000004,1,9,0,18,0,0,0,0,0,0,1,1,6,1,70,10,1461,2,2,-1,1,-1
2015030000005,1,9,0,16,0,4,1,0,0,0,1,1,6,1,26,6,-1,-1,-1,-1,1,-1
2015030000006,1,9,0,18,0,0,1,0,8,0,4,1,6,1,20,4,1598,1,10,-1,1,-1
2015030000007,1,9,0,18,0,0,0,0,0,0,1,1,6,2,48,8,-1,-1,-1,-1,1,-1
2015030000007,2,9,0,18,0,0,0,0,0,0,2,1,6,2,52,8,2179,2,-1,-1,1,-1
2015030000008,1,9,0,15,0,0,0,0,0,0,3,1,6,1,35,6,-1,-1,-1,-1,2,-1
2015030000008,2,9,0,16,0,0,0,0,0,0,3,1,6,1,41,7,2494,2,1,-1,1,-1
2015030000008,3,1,0,18,0,0,0,0,0,0,2,1,6,1,50,8,-1,-1,-1,-1,1,-1
2015030000009,1,4,0,18,0,1,1,0,0,0,1,1,6,1,61,9,-1,-1,-1,-1,1,-1
2015030000009,2,9,0,3,0,1,0,0,0,0,2,1,6,2,49,8,2231,2,3,-1,1,-1
2015030000014,1,9,0,13,0,8,0,0,0,0,1,1,6,1,32,6,1968,2,7,-1,1,-1
2015030000014,2,9,0,9,0,8,0,0,0,0,1,1,6,1,51,8,1560,2,5,-1,2,-1
2015030000018,1,9,0,18,0,0,2,0,0,10,1,1,6,1,22,5,-1,-1,-1,-1,1,-1
2015030000019,1,9,0,18,0,0,0,0,0,0,1,1,6,2,40,7,-1,-1,-1,-1,2,-1
2015030000021,1,9,0,18,0,0,0,0,1,10,1,1,6,1,57,9,2987,2,8,-1,-1,-1
2015030000025,1,9,0,18,0,0,1,0,0,0,1,1,6,1,22,5,-1,-1,-1,-1,2,-1
2015030000025,2,9,0,18,0,0,1,0,1,0,1,1,6,1,32,6,-1,-1,-1,-1,1,-1
2015030000025,3,9,0,18,0,0,0,0,0,0,0,1,6,1,82,11,1597,2,1,-1,2,-1
2015030000025,4,9,0,18,0,0,0,0,0,0,0,1,6,1,-1,-1,-1,-1,-1,-1,-1,-1
2015030000026,1,1,0,18,0,0,0,4,0,0,1,1,6,1,56,9,-1,-1,-1,-1,3,-1
2015030000026,2,9,0,2,0,0,0,0,0,0,2,1,6,1,-1,-1,1598,1,8,-1,3,-1
2015030000027,1,9,0,6,0,6,0,0,0,0,1,1,6,2,64,9,1968,2,1,-1,3,-1
2015030000027,2,9,0,18,0,1,0,10,7,0,4,1,6,1,44,7,-1,-1,-1,-1,1,-1
2015030000028,1,9,0,18,0,0,0,0,0,0,2,1,6,2,24,5,1397,1,8,-1,2,-1
2015030000028,2,9,0,9,0,0,0,0,0,0,2,1,6,1,36,7,1198,1,1,-1,1,-1
2015030000028,3,9,0,9,0,0,0,0,0,0,2,1,6,2,57,9,-1,-1,-1,-1,3,-1
2015030000033,1,9,0,4,0,0,0,0,0,0,1,1,6,2,18,4,1399,2,12,-1,2,-1
2015030000033,2,9,0,4,0,0,0,0,0,0,2,1,6,2,37,7,1339,1,6,-1,1,-1
2015030000034,1,9,0,18,0,0,5,0,1,0,1,1,1,1,73,10,2488,2,1,-1,1,-1
2015030000034,2,9,0,2,6,0,0,0,8,7,2,1,6,2,67,10,1461,2,9,-1,1,-1
2015030000035,1,9,0,18,0,2,0,0,0,0,1,1,6,2,26,6,-1,-1,-1,-1,1,-1
2015030000036,1,9,0,13,0,0,2,0,1,10,4,1,6,1,21,5,1796,1,11,-1,-1,-1
2015030000036,2,9,0,18,0,0,0,0,0,0,0,1,6,1,17,4,1124,1,14,-1,3,-1
2015030000036,3,9,0,18,0,0,0,0,0,0,0,1,6,1,40,7,1388,1,12,-1,3,-1
2015030000040,1,9,0,9,0,2,0,0,0,0,1,1,6,1,33,6,1364,1,5,-1,-1,-1
2015030000041,1,9,0,18,0,0,0,0,7,10,3,1,6,1,22,5,1197,1,2,-1,1,-1
2015030000042,1,9,0,18,0,0,1,0,6,0,4,1,6,1,30,6,-1,-1,-1,-1,1,-1
2015030000042,2,9,0,18,0,0,0,0,0,0,1,1,6,2,51,8,1998,1,12,-1,1,-1
2015030000043,1,9,0,5,0,4,0,0,0,0,1,1,6,2,36,7,1997,1,12,-1,1,-1
2015030000043,2,1,0,11,0,3,0,0,0,0,2,1,6,1,30,6,-1,-1,-1,-1,1,-1
2015030000044,1,21,1,18,0,0,5,0,0,0,3,1,6,1,55,8,11946,2,5,-1,2,-1
2015030000046,1,9,0,9,0,1,0,0,0,0,1,1,6,2,26,6,1798,1,11,-1,1,-1
2015030000046,2,3,0,18,0,1,0,0,0,0,1,1,6,1,18,4,125,1,2,-1,1,-1
2015030000048,1,19,0,18,0,0,2,0,0,0,3,1,6,1,40,7,2198,2,6,-1,1,-1
2015030000048,2,9,0,18,0,0,0,0,0,0,3,1,6,1,65,9,4163,1,11,-1,3,-1
2015030000049,1,9,0,9,0,1,0,0,0,0,1,1,6,1,31,6,1198,1,8,-1,1,-1
2015030000049,2,9,0,18,0,1,0,0,0,0,4,1,6,1,53,8,-1,-1,-1,-1,3,-1
2015030000050,1,9,0,4,0,0,0,0,0,0,1,1,6,3,-1,-1,998,1,3,-1,-1,-1
2015030000050,2,9,0,4,0,0,0,0,0,0,2,1,6,1,18,4,-1,-1,-1,-1,1,-1
2015030000059,1,21,0,18,0,0,5,0,0,0,4,1,1,1,36,7,12902,2,1,-1,-1,-1
2015030000061,1,9,0,18,0,8,0,0,0,0,3,1,6,1,88,11,1596,1,-1,-1,1,-1
2015030000061,2,9,0,18,0,8,0,0,0,0,1,1,6,1,27,6,-1,-1,-1,-1,1,-1
2015030000062,1,9,0,7,0,6,0,0,0,0,1,1,6,2,57,9,-1,-1,-1,-1,3,-1
2015030000062,2,9,0,18,0,1,0,0,7,0,1,1,6,1,38,7,1995,2,2,-1,1,-1
2015030000068,1,21,0,16,0,0,1,0,1,4,2,1,6,1,45,7,-1,-1,-1,-1,1,-1
2015030000068,2,21,1,18,0,0,0,0,0,0,1,1,6,1,63,9,12777,2,7,-1,1,-1
2015030000069,1,9,0,3,0,4,0,0,0,0,1,1,6,1,28,6,1798,1,11,-1,1,-1
2015030000069,2,9,0,3,0,4,0,0,0,0,2,1,6,1,36,7,1298,1,13,-1,3,-1
2015030000070,1,9,0,18,0,0,0,0,0,0,1,1,6,2,69,10,-1,-1,-1,-1,2,-1
2015030000071,1,9,0,13,0,0,1,0,0,0,4,1,6,1,21,5,1968,2,10,-1,1,-1
2015030000071,2,21,1,18,0,0,0,0,1,4,1,1,1,1,43,7,-1,-1,-1,-1,-1,-1
2015030000072,1,21,0,18,0,1,0,0,0,0,1,1,6,1,51,8,10824,2,12,-1,-1,-1
2015030000072,2,17,4,18,0,5,0,0,0,0,2,1,6,1,28,6,6728,2,3,-1,3,-1
2015030000072,3,21,1,18,0,1,0,0,0,0,1,1,6,1,59,9,12809,2,1,-1,2,-1
2015030000073,1,9,0,18,0,0,1,0,1,4,1,1,6,2,67,10,-1,-1,-1,-1,3,-1
2015030000075,1,9,0,4,0,0,1,0,1,2,1,1,6,1,39,7,1968,2,2,-1,3,-1
2015030000076,1,9,0,14,0,2,1,0,0,0,1,1,6,1,33,6,1956,2,6,-1,3,-1
2015030000076,2,9,0,2,0,6,1,0,7,9,1,1,6,1,45,7,1998,2,10,-1,1,-1