Accident_Index,Vehicle_Reference,Vehicle_Type,Towing_and_Articulation,Vehicle_Manoeuvre,Vehicle_Location-Restricted_Lane,Junction_Location,Skidding_and_Overturning,Hit_Object_in_Carriageway,Vehicle_Leaving_Carriageway,Hit_Object_off_Carriageway,1st_Point_of_Impact,Was_Vehicle_Left_Hand_Drive?,Journey_Purpose_of_Driver,Sex_of_Driver,Age_of_Driver,Age_Band_of_Driver,Engine_Capacity_(CC),Propulsion_Code,Age_of_Vehicle,Driver_IMD_Decile,Driver_Home_Area_Type,Vehicle_IMD_Decile
2015030000076,3,9,0,18,0,1,0,0,0,0,1,1,6,2,38,7,1398,1,7,-1,1,-1
2015030000077,1,9,0,17,0,0,1,0,7,10,1,1,6,2,24,5,1242,1,1,-1,3,-1
2015030000089,1,9,0,9,0,5,0,0,0,0,4,1,6,1,25,5,1598,1,14,-1,2,-1
2015030000090,1,10,0,4,0,0,5,0,0,0,4,1,3,1,40,7,2500,2,8,-1,1,-1
2015030000091,1,9,0,7,0,5,0,0,0,0,1,1,1,1,19,4,-1,-1,-1,-1,3,-1
2015030000091,2,1,0,18,0,1,0,0,0,0,1,1,6,1,54,8,-1,-1,-1,-1,1,-1
2015030000092,1,9,0,9,0,6,0,0,0,0,3,1,6,1,44,7,-1,-1,-1,-1,1,-1
2015030000092,2,9,0,18,0,8,0,0,0,0,1,1,6,1,31,6,1498,1,5,-1,1,-1
2015030000099,1,11,0,7,0,8,0,0,0,0,0,1,6,3,-1,-1,-1,-1,-1,-1,-1,-1
2015030000100,1,9,0,15,0,0,1,0,7,10,2,1,6,2,23,5,-1,-1,-1,-1,1,-1
2015030000100,2,9,0,18,0,0,0,0,0,0,0,1,6,2,30,6,1998,1,18,-1,3,-1
2015030000102,1,9,0,4,0,0,0,0,0,0,1,1,6,1,35,6,1422,2,10,-1,2,-1
2015030000102,2,9,0,4,0,0,0,0,0,0,1,1,6,2,40,7,1396,2,5,-1,1,-1
2015030000102,3,9,0,4,0,0,0,0,0,0,0,1,6,2,32,6,1242,1,12,-1,1,-1
2015030000103,1,19,0,18,0,0,0,0,0,10,1,1,6,1,35,6,-1,-1,-1,-1,1,-1
2015030000103,2,8,0,4,0,0,0,0,0,10,3,1,6,1,47,8,1896,2,5,-1,1,-1
2015030000103,3,8,0,2,0,0,0,0,0,0,1,1,6,1,50,8,1598,2,1,-1,3,-1
2015030000104,1,9,0,9,0,2,0,0,0,0,0,1,6,1,61,9,1956,2,3,-1,1,-1
2015030000105,1,9,0,16,0,0,0,0,7,0,3,1,6,1,18,4,-1,-1,-1,-1,3,-1
2015030000106,1,9,0,4,0,0,1,0,0,0,1,1,6,1,34,6,1896,2,8,-1,1,-1
2015030000106,2,9,0,18,0,0,0,0,0,0,2,1,6,1,32,6,-1,-1,-1,-1,3,-1
2015030000108,1,9,0,9,0,6,0,0,0,0,1,1,6,1,60,9,-1,-1,-1,-1,1,-1
2015030000108,2,9,0,18,0,8,0,0,0,0,1,1,6,1,48,8,-1,-1,-1,-1,1,-1
2015030000108,3,9,0,7,0,6,0,0,0,0,0,1,6,2,27,6,1968,2,5,-1,3,-1
2015030000109,1,9,0,18,0,0,5,0,0,0,1,1,6,1,38,7,1968,2,6,-1,1,-1
2015030000109,2,9,0,2,0,0,0,0,0,0,3,1,6,2,75,10,1560,2,2,-1,1,-1
2015030000111,1,19,0,18,0,0,2,0,0,0,0,1,6,1,57,9,2402,2,9,-1,1,-1
2015030000112,1,19,0,13,0,0,0,0,0,0,0,1,6,3,-1,-1,4764,2,2,-1,-1,-1
2015030000112,2,9,0,18,0,0,1,0,1,0,0,1,6,2,23,5,1398,2,12,-1,2,-1
2015030000113,1,9,0,17,0,0,1,0,0,10,1,1,6,2,42,7,1910,2,7,-1,1,-1
2015030000115,1,9,0,16,0,0,1,0,1,4,1,1,6,1,20,4,-1,-1,-1,-1,-1,-1
2015030000116,1,9,0,18,0,0,0,0,0,0,1,1,6,2,59,9,1493,2,8,-1,3,-1
2015030000116,2,11,0,3,0,0,0,0,0,0,0,1,6,1,47,8,4461,2,1,-1,1,-1
2015030000123,1,9,0,18,0,0,0,0,0,0,3,1,6,3,-1,-1,-1,-1,-1,-1,-1,-1
2015030000123,2,9,0,18,0,0,0,0,0,0,3,1,6,1,25,5,-1,-1,-1,-1,1,-1
2015030000131,1,9,0,18,0,0,0,0,0,0,1,1,6,1,76,11,999,1,4,-1,3,-1
2015030000131,2,20,0,4,0,0,0,0,0,0,2,1,1,1,37,7,12740,2,5,-1,1,-1
2015030000132,1,9,0,17,0,0,1,0,0,0,1,1,6,2,33,6,-1,-1,-1,-1,-1,-1
2015030000133,1,9,0,16,0,1,1,0,3,1,1,1,1,1,50,8,2967,2,1,-1,1,-1
2015030000133,2,9,0,16,0,1,1,0,3,1,1,1,1,1,53,8,1956,2,4,-1,-1,-1
2015030000133,3,9,0,16,0,1,1,0,3,1,1,1,1,1,52,8,1956,2,3,-1,1,-1
2015030000134,1,9,0,18,0,0,1,4,0,0,1,1,6,2,42,7,-1,-1,-1,-1,2,-1
2015030000134,2,9,0,18,0,0,0,0,0,0,1,1,6,1,51,8,-1,-1,-1,-1,1,-1
2015030000134,3,21,1,2,0,0,0,0,0,0,2,1,1,1,57,9,10837,2,3,-1,1,-1
2015030000142,1,9,0,18,0,0,1,0,0,0,4,1,6,2,68,10,-1,-1,-1,-1,1,-1
2015030000145,1,9,0,18,0,0,1,0,1,4,1,1,6,1,33,6,2494,8,-1,-1,1,-1
2015030000145,2,21,1,5,0,0,0,0,0,0,0,1,6,1,30,6,9200,2,4,-1,2,-1
2015030000147,1,9,0,16,0,0,1,0,7,4,2,1,6,1,18,4,1299,1,12,-1,2,-1
2015030000147,2,9,0,17,0,0,0,0,0,0,1,1,6,2,61,9,1386,1,3,-1,1,-1
2015030000148,1,9,0,18,0,0,0,0,0,0,0,1,6,3,-1,-1,-1,-1,-1,-1,-1,-1
2015030000148,2,9,0,18,0,0,2,0,8,10,1,1,6,1,28,6,-1,-1,-1,-1,3,-1
2015030000150,1,9,0,9,0,8,0,0,0,0,1,1,6,2,33,6,-1,-1,-1,-1,1,-1
2015030000150,2,9,0,18,0,1,0,0,1,0,1,1,6,1,22,5,1390,1,5,-1,1,-1
2015030000152,1,9,0,9,0,5,0,0,0,0,2,1,6,1,20,4,1149,1,12,-1,1,-1
2015030000152,2,2,0,18,0,1,0,0,0,0,1,1,2,1,47,8,-1,-1,-1,-1,1,-1
2015030000154,1,19,0,18,0,0,0,0,0,0,1,1,1,1,21,5,1560,2,6,-1,1,-1
2015030000154,2,9,0,10,0,0,0,0,0,0,2,1,6,2,53,8,-1,-1,-1,-1,1,-1
2015030000154,3,9,0,18,0,0,0,0,0,0,1,1,6,2,49,8,-1,-1,-1,-1,3,-1
2015030000155,1,9,0,16,0,0,1,0,0,0,1,1,6,1,62,9,1995,2,8,-1,2,-1
2015030000155,2,21,0,17,0,0,1,0,1,0,1,1,1,1,48,8,4462,2,1,-1,3,-1
2015030000155,3,9,0,16,0,0,0,0,1,0,0,1,1,1,49,8,-1,-1,-1,-1,3,-1
2015030000155,4,9,0,16,0,0,0,0,1,0,0,1,2,1,-1,-1,1968,2,3,-1,1,-1
2015030000155,5,9,0,16,0,0,0,0,0,0,0,1,2,1,22,5,1199,1,11,-1,2,-1
2015030000156,1,9,0,2,0,0,0,0,0,0,0,1,6,3,-1,-1,-1,-1,-1,-1,-1,-1
2015030000156,2,1,0,18,0,0,0,4,0,0,3,1,6,1,38,7,-1,-1,-1,-1,3,-1
2015030000157,1,9,0,18,0,0,5,0,7,10,1,1,6,1,19,4,-1,-1,-1,-1,3,-1
2015030000158,1,9,0,18,0,1,0,0,0,0,1,1,6,2,53,8,2494,1,14,-1,1,-1
2015030000158,2,9,0,3,0,1,0,0,0,0,2,1,6,1,36,7,2000,2,11,-1,1,-1
2015030000162,1,9,0,18,0,7,1,0,0,0,1,1,1,1,22,5,1364,1,11,-1,1,-1
2015030000162,2,19,0,17,0,8,0,0,0,0,4,1,2,1,27,6,2198,2,6,-1,1,-1
2015030000163,1,9,0,1,9,8,0,0,3,10,2,1,6,2,85,11,-1,-1,-1,-1,2,-1
2015030000164,1,9,0,9,0,1,0,0,0,0,4,1,6,1,84,11,1597,1,14,-1,3,-1
2015030000164,2,9,0,18,0,1,0,0,0,0,1,1,6,1,47,8,1991,2,11,-1,2,-1
2015030000165,1,9,0,15,0,0,0,0,0,0,2,2,6,1,46,8,-1,-1,-1,-1,3,-1
2015030000165,2,9,0,18,0,0,0,0,0,0,4,1,6,1,23,5,1896,2,12,-1,3,-1
2015030000168,1,9,0,18,0,0,1,0,5,6,1,1,6,1,57,9,1997,2,10,-1,3,-1
2015030000170,1,9,0,5,0,0,0,0,0,0,3,1,2,1,40,7,1968,2,10,-1,3,-1
2015030000170,2,3,0,18,0,0,2,0,0,0,1,1,2,1,18,4,124,1,12,-1,1,-1
2015030000176,1,9,0,18,0,1,0,0,0,0,0,1,6,3,-1,-1,-1,-1,-1,-1,-1,-1
2015030000176,2,9,0,9,0,1,0,0,0,0,0,1,6,1,51,8,-1,-1,-1,-1,-1,-1
2015030000177,1,9,0,4,0,0,1,0,0,0,1,1,6,2,55,8,-1,-1,-1,-1,2,-1
2015030000177,2,9,0,4,0,0,0,0,0,0,2,1,6,1,55,8,1896,2,9,-1,2,-1
2015030000178,1,9,0,18,0,0,1,10,1,10,1,1,1,1,51,8,1997,2,1,-1,1,-1
2015030000179,1,9,0,16,0,2,1,0,0,10,1,1,6,2,31,6,1349,1,6,-1,1,-1
2015030000180,1,17,4,18,0,0,5,0,1,10,4,1,1,1,42,7,-1,-1,-1,-1,3,-1
2015030000181,1,9,0,18,0,1,0,4,0,0,1,1,6,1,40,7,-1,-1,-1,-1,1,-1
2015030000181,2,9,0,2,0,1,0,0,0,0,1,1,6,1,-1,-1,1560,2,5,-1,1,-1
2015030000182,1,9,0,1,0,6,0,0,0,0,2,1,6,1,38,7,1896,2,18,-1,1,-1
2015030000182,2,9,0,2,0,1,0,0,0,0,2,1,1,2,18,4,1390,1,8,-1,3,-1
2015030000183,1,9,0,18,0,0,5,0,0,0,4,1,2,2,55,8,-1,-1,-1,-1,1,-1
2015030000189,1,9,0,18,0,0,0,0,0,0,1,1,6,2,23,5,1396,1,14,-1,1,-1
2015030000189,2,9,0,2,0,0,0,0,0,0,2,1,6,1,46,8,-1,-1,-1,-1,1,-1
2015030000191,1,9,0,9,0,2,0,0,0,0,0,1,6,1,-1,-1,-1,-1,-1,-1,-1,-1
2015030000199,1,21,1,18,0,0,0,0,0,0,0,1,6,3,-1,-1,-1,-1,-1,-1,-1,-1
2015030000199,2,9,0,18,0,0,0,0,0,0,1,1,1,1,59,9,1591,1,6,-1,1,-1
2015030000200,1,9,0,18,0,1,0,0,0,0,1,1,3,2,43,7,1968,2,6,-1,-1,-1
2015030000206,1,9,0,18,0,0,0,0,0,0,4,1,6,2,27,6,1796,1,11,-1,2,-1
2015030000208,1,9,0,18,0,0,0,0,0,0,1,1,6,3,-1,-1,-1,-1,-1,-1,-1,-1
2015030000208,2,1,0,2,6,0,0,0,0,0,0,1,6,1,18,4,-1,-1,-1,-1,1,-1
2015030000210,1,9,0,18,0,0,0,0,0,0,1,1,6,3,-1,-1,-1,-1,-1,-1,-1,-1
2015030000212,1,20,0,18,0,0,0,0,0,0,1,1,6,3,-1,-1,-1,-1,-1,-1,-1,-1
2015030000212,2,1,0,18,6,0,0,2,0,0,0,1,6,1,55,8,-1,-1,-1,-1,2,-1
2015030000216,1,9,0,18,9,0,0,4,7,10,1,1,6,1,39,7,1968,1,10,-1,2,-1
2015030000216,2,9,0,2,0,0,0,0,0,0,3,1,6,1,26,6,3999,1,7,-1,2,-1
2015030000217,1,9,0,1,0,0,0,0,0,0,0,1,6,1,45,7,1910,2,5,-1,1,-1
2015030000218,1,9,0,16,0,2,0,0,0,0,1,1,6,2,53,8,1388,1,13,-1,1,-1
2015030000219,1,9,0,18,0,0,2,0,2,1,1,1,6,1,55,8,-1,-1,-1,-1,1,-1
2015030000226,1,9,0,4,0,0,0,0,0,0,1,1,6,1,26,6,-1,-1,-1,-1,3,-1
2015030000226,2,9,0,3,0,0,0,0,0,0,2,1,6,2,21,5,-1,-1,-1,-1,2,-1
2015030000227,1,9,0,18,0,3,0,0,0,0,1,1,6,1,49,8,2179,2,4,-1,1,-1
2015030000228,1,9,0,18,0,0,0,0,0,0,4,1,6,3,-1,-1,-1,-1,-1,-1,-1,-1
2015030000232,1,9,0,17,0,0,1,0,1,4,1,1,6,2,63,9,1796,1,15,-1,2,-1
2015030000233,1,9,0,18,0,0,0,0,0,0,4,1,6,2,48,8,1868,2,11,-1,2,-1
2015030000233,2,9,0,18,0,0,0,0,0,0,1,1,6,1,44,7,1968,2,5,-1,3,-1
2015030000234,1,19,0,1,0,1,0,0,0,0,2,1,1,3,-1,-1,-1,-1,-1,-1,-1,-1
2015030000234,2,90,0,18,0,1,0,0,0,0,2,1,6,2,92,11,-1,-1,-1,-1,2,-1
2015030000235,1,9,0,18,0,8,0,0,0,0,3,1,6,2,59,9,-1,-1,-1,-1,3,-1
2015030000235,2,9,0,18,0,8,0,0,0,0,1,1,6,2,51,8,1598,1,1,-1,1,-1
2015030000236,1,9,0,9,0,8,0,0,0,0,3,1,6,1,32,6,1600,1,17,-1,1,-1
2015030000237,1,9,0,9,0,1,0,0,0,0,1,1,6,2,47,8,1596,1,2,-1,2,-1
2015030000238,1,9,0,9,0,6,0,0,0,0,1,1,1,2,57,9,1896,2,8,-1,1,-1
2015030000238,2,9,0,18,0,1,0,0,0,0,1,1,2,1,47,8,1582,2,4,-1,2,-1
2015030000238,3,9,0,18,0,1,0,0,0,0,1,1,6,1,68,10,1998,2,10,-1,1,-1
2015030000239,1,9,0,18,0,0,0,0,8,0,1,1,6,1,50,8,-1,-1,-1,-1,3,-1
2015030000240,1,90,0,18,0,0,2,0,0,10,1,1,6,1,39,7,-1,-1,-1,-1,1,-1
2015030000241,1,9,0,6,0,1,0,0,0,0,3,1,6,1,19,4,1598,1,8,-1,1,-1
2015030000241,2,9,0,18,0,1,0,0,0,0,1,1,6,1,20,4,1328,1,12,-1,1,-1
2015030000242,1,3,0,17,0,1,0,0,0,0,1,1,6,1,21,5,124,1,5,-1,-1,-1
2015030000242,2,9,0,7,0,1,0,0,0,0,1,1,6,2,35,6,-1,-1,-1,-1,1,-1
2015030000243,1,19,0,1,0,0,0,0,0,0,2,1,1,1,35,6,-1,-1,-1,-1,-1,-1
2015030000244,1,9,0,16,0,0,0,0,0,0,1,1,6,1,38,7,-1,-1,-1,-1,2,-1
2015030000244,2,10,0,17,0,0,0,0,0,0,1,1,6,1,39,7,2464,2,7,-1,1,-1
2015030000245,1,9,0,4,0,4,0,0,0,0,2,1,6,1,68,10,1461,2,1,-1,1,-1
2015030000245,2,90,0,5,0,5,0,0,0,0,1,1,6,1,42,7,-1,-1,-1,-1,1,-1
2015030000246,1,17,4,18,0,0,0,0,0,0,0,1,1,1,22,5,-1,2,4,-1,3,-1
2015030000246,2,3,0,18,0,0,1,0,0,0,0,1,6,2,55,8,124,1,3,-1,3,-1
2015030000257,1,9,0,18,0,1,0,0,0,0,1,1,6,1,24,5,1968,2,8,-1,2,-1
2015030000257,2,9,0,3,0,1,0,0,0,0,1,1,6,2,40,7,1390,1,4,-1,1,-1
2015030000277,1,9,0,18,0,0,1,0,0,0,1,1,2,1,22,5,-1,-1,-1,-1,3,-1
2015030000278,1,9,0,5,0,6,0,0,0,0,4,1,6,2,41,7,1598,1,11,-1,3,-1
2015030000278,2,3,0,18,0,1,0,0,0,0,4,1,6,1,20,4,125,1,1,-1,1,-1
2015030000279,1,9,0,18,0,8,0,0,0,0,3,1,6,2,71,10,1198,1,6,-1,2,-1
2015030000279,2,9,0,18,0,8,0,0,0,0,1,1,6,1,65,9,1598,1,9,-1,1,-1
2015030000281,1,9,0,18,0,3,0,0,0,0,1,1,6,2,37,7,1390,1,9,-1,3,-1
2015030000282,1,2,0,18,0,8,0,0,0,0,4,1,6,1,20,4,50,1,7,-1,1,-1
2015030000282,2,9,0,18,0,8,0,0,0,0,3,1,6,1,40,7,1896,2,11,-1,1,-1
2015030000283,1,9,0,17,0,0,1,0,1,2,1,1,6,1,18,4,1275,1,20,-1,1,-1
2015030000284,1,9,0,17,0,1,0,0,0,0,1,1,6,1,48,8,1871,2,11,-1,3,-1
2015030000284,2,9,0,10,0,1,0,0,0,0,2,1,6,2,38,7,1591,1,5,-1,1,-1
2015030000285,1,9,0,5,0,0,0,0,0,0,0,1,6,3,-1,-1,-1,-1,-1,-1,-1,-1
2015030000285,2,9,0,18,0,0,0,0,0,0,1,1,6,1,22,5,-1,-1,-1,-1,1,-1
2015030000285,3,9,0,18,0,0,0,0,0,0,2,1,6,1,67,10,1995,2,6,-1,-1,-1
2015030000285,4,9,0,18,0,0,0,0,0,0,2,1,6,1,23,5,1591,1,2,-1,1,-1
2015030000298,1,9,0,9,0,2,0,0,0,0,1,1,6,1,35,6,2198,1,11,-1,1,-1
2015030000301,1,9,0,17,0,0,1,0,0,0,1,1,2,1,23,5,1896,2,9,-1,3,-1
2015030000307,1,9,0,18,0,0,0,0,0,0,4,1,6,1,51,8,2979,1,12,-1,1,-1
2015030000307,2,9,0,2,0,0,0,0,0,0,0,1,6,1,80,11,1596,1,14,-1,1,-1
2015030000308,1,9,0,4,0,1,0,0,0,0,1,1,6,1,64,9,1590,1,12,-1,2,-1
2015030000308,2,9,0,3,0,1,0,0,0,0,2,1,6,1,68,10,-1,-1,-1,-1,1,-1
2015030000309,1,9,0,18,0,0,0,0,0,0,0,1,6,1,44,7,1560,2,1,-1,-1,-1
2015030000309,2,9,0,2,0,0,0,0,0,0,0,1,6,1,40,7,1560,2,4,-1,2,-1
2015030000310,1,9,0,18,0,1,0,8,0,0,3,1,6,3,-1,-1,-1,-1,-1,-1,-1,-1
2015030000310,2,8,0,2,0,1,0,0,0,0,3,1,1,2,46,8,1968,2,5,-1,2,-1
2015030000311,1,9,0,5,0,4,0,0,0,0,1,1,6,2,20,4,1000,1,15,-1,1,-1
2015030000311,2,9,0,4,0,4,0,0,0,0,2,1,6,1,43,7,1248,2,11,-1,3,-1
2015030000312,1,9,0,18,0,0,1,0,0,0,1,1,6,2,53,8,-1,-1,-1,-1,-1,-1
2015030000313,1,9,0,1,0,1,0,0,0,0,2,1,6,1,21,5,1998,1,-1,-1,2,-1
2015030000313,2,9,0,1,0,1,0,0,0,0,2,1,6,1,67,10,1398,1,3,-1,2,-1
2015030000314,1,9,0,17,0,0,1,0,0,0,3,1,6,1,18,4,998,1,1,-1,3,-1
2015030000315,1,9,0,5,0,8,0,0,0,0,4,1,6,1,56,9,1560,2,6,-1,1,-1
2015030000315,2,9,0,18,0,8,0,0,0,0,1,1,6,2,21,5,-1,-1,-1,-1,1,-1
2015030000316,1,9,0,18,0,4,0,0,0,0,1,1,6,1,33,6,-1,-1,-1,-1,3,-1
2015030000316,2,9,0,18,0,8,0,0,0,0,4,1,6,1,48,8,2148,2,12,-1,1,-1
2015030000317,1,9,0,9,0,1,0,0,0,0,1,1,6,2,25,5,1598,1,8,-1,1,-1
2015030000317,2,9,0,18,0,1,0,0,0,0,3,1,6,2,40,7,1968,2,9,-1,1,-1
2015030000319,1,9,0,18,0,0,0,0,0,0,1,1,6,1,41,7,-1,-1,-1,-1,3,-1
2015030000319,2,17,4,3,0,0,0,0,0,0,0,1,6,1,24,5,-1,-1,-1,-1,3,-1
2015030000339,1,9,0,13,0,0,0,0,0,0,1,1,6,1,20,4,-1,-1,-1,-1,2,-1
2015030000339,2,9,0,18,0,0,0,0,0,0,1,1,6,2,24,5,1997,1,12,-1,1,-1
2015030000344,1,9,0,9,0,7,0,0,0,0,3,1,1,1,47,8,-1,-1,-1,-1,3,-1
2015030000344,2,9,0,13,0,1,0,0,0,0,1,1,1,1,36,7,-1,-1,-1,-1,1,-1
2015030000346,1,9,0,18,0,0,2,0,0,0,1,1,6,1,18,4,1596,1,10,-1,3,-1
2015030000347,1,19,0,18,0,0,2,0,1,10,1,1,6,1,42,7,-1,-1,-1,-1,1,-1
2015030000348,1,9,5,18,0,0,0,0,0,0,1,1,6,1,66,10,-1,-1,-1,-1,-1,-1
2015030000348,2,90,5,18,0,0,0,0,0,0,0,1,6,1,40,7,-1,-1,-1,-1,-1,-1
2015030000348,3,90,0,18,0,0,0,0,0,0,1,1,6,1,47,8,-1,-1,-1,-1,3,-1
2015030000351,1,9,0,18,0,4,0,0,0,0,1,1,6,2,28,6,1149,1,11,-1,1,-1
2015030000351,2,9,0,18,0,4,0,0,0,0,1,1,6,1,43,7,999,1,9,-1,1,-1
2015030000352,1,9,0,18,0,8,0,0,0,0,1,1,6,2,20,4,1388,1,10,-1,2,-1
2015030000352,2,9,0,3,0,8,0,0,0,0,2,1,6,2,22,5,1360,1,7,-1,1,-1
2015030000358,1,9,0,8,0,2,0,0,0,0,1,1,6,1,53,8,1598,1,5,-1,1,-1
2015030000358,2,9,0,18,0,2,0,0,1,0,4,1,6,1,20,4,1390,1,1,-1,3,-1
2015030000359,1,8,0,1,0,0,0,0,0,0,0,1,6,1,25,5,1560,2,9,-1,2,-1
2015030000359,2,3,0,18,0,0,1,0,1,0,0,1,6,1,45,7,124,1,8,-1,1,-1
2015030000360,1,90,0,2,0,1,0,0,0,0,0,1,6,1,42,7,4461,2,7,-1,1,-1
2015030000367,1,9,0,18,0,7,5,0,2,10,1,1,6,1,54,8,-1,-1,-1,-1,1,-1
2015030000368,1,17,0,18,0,6,0,10,3,10,1,1,1,1,32,6,-1,-1,-1,-1,3,-1
2015030000368,2,9,0,18,0,1,0,0,0,0,3,1,6,1,61,9,1560,2,5,-1,2,-1
2015030000369,1,9,0,3,0,0,0,0,0,0,2,1,2,1,44,7,1968,2,4,-1,2,-1
2015030000369,2,9,0,3,0,0,0,0,0,0,1,1,6,1,20,4,1896,2,11,-1,2,-1
2015030000370,1,9,0,18,0,0,1,0,0,0,1,1,6,3,-1,-1,-1,-1,-1,-1,-1,-1
2015030000370,2,9,0,18,0,0,0,0,0,0,0,1,6,1,62,9,1686,2,2,-1,1,-1
2015030000371,1,9,0,18,0,1,2,0,8,10,3,1,6,1,47,8,2179,2,2,-1,1,-1
2015030000373,1,9,0,13,0,0,5,0,7,10,1,1,6,2,58,9,1591,1,1,-1,2,-1
2015030000373,2,17,4,9,0,0,0,0,0,0,3,1,6,1,24,5,6788,2,6,-1,3,-1
2015030000374,1,9,0,18,0,0,0,0,0,0,0,1,6,1,33,6,2792,1,6,-1,1,-1
2015030000375,1,9,0,18,0,8,0,0,0,0,1,1,6,1,54,8,1598,2,2,-1,1,-1
2015030000381,1,9,0,18,0,1,0,0,7,10,1,1,6,1,21,5,2143,2,4,-1,-1,-1
2015030000381,2,9,0,10,0,1,0,0,0,0,3,1,6,1,26,6,1197,1,1,-1,1,-1
2015030000382,1,9,0,4,0,1,0,0,0,0,1,1,6,1,61,9,1499,2,-1,-1,3,-1
2015030000387,1,9,0,18,0,1,0,0,0,0,1,1,6,1,18,4,1299,1,8,-1,3,-1
2015030000387,2,9,0,4,0,1,0,0,0,0,1,1,6,1,68,10,998,1,1,-1,2,-1
2015030000387,3,19,0,3,0,1,0,0,0,0,2,1,6,1,42,7,1560,2,4,-1,1,-1
2015030000397,1,8,0,9,0,5,0,0,0,0,2,1,1,2,47,8,1997,2,7,-1,3,-1
2015030000397,2,9,0,8,0,1,0,0,0,0,2,1,6,2,21,5,1242,1,2,-1,1,-1
2015030000401,1,9,0,13,0,1,0,0,1,9,1,1,6,1,19,4,2979,1,8,-1,1,-1
2015030000401,2,9,0,9,0,5,0,0,7,10,2,1,6,1,21,5,1149,1,8,-1,1,-1
2015030000402,1,9,0,7,0,6,0,0,0,0,1,1,6,1,55,8,1598,1,2,-1,2,-1
2015030000402,2,1,0,18,0,8,0,0,0,0,4,1,6,1,54,8,-1,-1,-1,-1,-1,-1
2015030000403,1,9,0,18,0,1,0,0,1,2,1,1,2,1,58,9,1242,1,4,-1,2,-1
2015030000404,1,5,0,18,0,0,0,0,0,0,1,1,2,1,40,7,998,1,13,-1,3,-1
2015030000404,2,9,0,3,0,0,0,0,0,0,2,1,2,1,46,8,1798,1,13,-1,1,-1
2015030000407,1,9,0,18,0,6,0,0,0,0,3,1,6,2,83,11,999,1,6,-1,1,-1
2015030000407,2,9,0,18,0,1,0,0,0,0,1,1,6,1,30,6,-1,-1,-1,-1,1,-1
2015030000408,1,9,0,5,0,6,0,0,0,0,1,1,2,2,26,6,1590,1,10,-1,2,-1
2015030000410,1,9,0,16,0,0,2,0,7,10,1,1,6,1,18,4,-1,-1,-1,-1,2,-1
2015030000411,1,9,0,4,0,1,1,0,0,0,1,1,2,1,20,4,1598,1,10,-1,1,-1
2015030000411,2,9,0,4,0,1,0,0,0,0,2,1,6,1,42,7,1599,1,10,-1,1,-1
2015030000412,1,9,0,18,0,2,0,0,0,0,1,1,6,2,-1,-1,-1,-1,-1,-1,-1,-1
2015030000415,1,9,0,7,0,5,0,0,0,0,1,1,6,2,30,6,-1,-1,-1,-1,1,-1
2015030000415,2,9,0,8,0,6,0,0,0,0,1,1,6,2,30,6,1560,2,3,-1,3,-1
2015030000416,1,9,0,18,0,6,0,0,0,10,1,1,6,2,35,6,1598,1,1,-1,1,-1
2015030000417,1,9,0,4,0,8,1,0,0,0,1,1,6,2,19,4,998,1,9,-1,3,-1
2015030000417,2,9,0,3,0,8,0,0,0,0,2,1,6,1,69,10,-1,-1,-1,-1,3,-1
2015030000417,3,9,0,3,0,8,0,0,0,0,2,1,6,2,50,8,-1,-1,-1,-1,2,-1
2015030000419,1,9,0,17,0,0,0,0,1,4,1,1,6,1,26,6,-1,-1,-1,-1,1,-1
2015030000420,1,9,0,17,0,0,0,0,1,0,0,1,6,2,65,9,1086,1,7,-1,3,-1
2015030000421,1,90,0,5,8,0,0,0,0,0,1,1,6,1,56,9,-1,-1,-1,-1,3,-1
2015030000421,2,9,0,18,0,0,0,0,0,0,4,1,6,1,20,4,1596,1,3,-1,1,-1
2015030000424,1,9,0,5,0,2,0,0,0,0,3,1,6,2,44,7,1360,1,5,-1,1,-1
2015030000424,2,9,0,18,0,1,0,0,0,0,1,1,2,1,19,4,-1,-1,-1,-1,-1,-1
2015030000425,1,9,0,9,0,6,0,0,0,0,4,1,2,2,45,7,-1,-1,-1,-1,1,-1
2015030000425,2,3,0,18,0,1,0,0,0,0,1,1,2,1,45,7,197,1,28,-1,1,-1
2015030000433,1,9,0,12,0,0,0,0,0,0,2,1,6,2,55,8,1997,2,1,-1,3,-1
2015030000433,2,5,0,13,0,0,0,0,0,0,1,1,6,1,22,5,487,1,10,-1,3,-1
2015030000434,1,5,0,4,0,4,0,0,0,0,1,1,6,1,56,9,1441,1,1,-1,1,-1
2015030000434,2,9,0,3,0,4,0,0,0,0,2,1,6,2,38,7,1753,2,7,-1,2,-1
2015030000435,1,1,0,18,0,1,0,0,0,0,1,1,6,1,25,5,-1,-1,-1,-1,-1,-1
2015030000435,2,9,0,3,0,1,0,0,0,0,3,1,6,1,59,9,1596,1,10,-1,1,-1
2015030000436,1,9,0,18,0,0,2,0,1,7,1,1,6,2,35,6,2324,1,14,-1,1,-1
2015030000437,1,9,0,18,0,3,1,0,0,0,2,1,6,1,30,6,1995,1,11,-1,3,-1
2015030000437,2,9,0,3,0,6,1,0,0,0,0,1,6,2,33,6,1798,1,8,-1,1,-1
2015030000438,1,9,0,18,0,0,1,0,5,6,1,1,6,1,30,6,2993,2,9,-1,1,-1