Accident_Index,Vehicle_Reference,Vehicle_Type,Towing_and_Articulation,Vehicle_Manoeuvre,Vehicle_Location-Restricted_Lane,Junction_Location,Skidding_and_Overturning,Hit_Object_in_Carriageway,Vehicle_Leaving_Carriageway,Hit_Object_off_Carriageway,1st_Point_of_Impact,Was_Vehicle_Left_Hand_Drive?,Journey_Purpose_of_Driver,Sex_of_Driver,Age_of_Driver,Age_Band_of_Driver,Engine_Capacity_(CC),Propulsion_Code,Age_of_Vehicle,Driver_IMD_Decile,Driver_Home_Area_Type,Vehicle_IMD_Decile
2015030000885,1,9,0,18,0,0,2,0,0,0,3,1,6,1,28,6,-1,-1,-1,-1,3,-1
2015030000886,1,9,0,12,0,7,0,0,0,0,3,1,6,2,25,5,1339,1,4,-1,3,-1
2015030000886,2,5,0,13,0,2,0,0,0,0,4,1,6,1,50,8,649,1,3,-1,1,-1
2015030000886,3,9,0,3,0,1,0,0,0,0,0,1,6,1,48,8,1598,2,3,-1,1,-1
2015030000887,1,3,0,18,0,8,0,0,0,0,1,1,6,2,-1,-1,-1,-1,-1,-1,-1,-1
2015030000888,1,9,0,18,0,0,5,0,0,0,1,1,6,2,22,5,1061,1,11,-1,1,-1
2015030000888,2,9,0,18,0,0,0,0,0,0,2,1,6,2,39,7,2993,2,7,-1,1,-1
2015030000897,1,9,0,18,0,0,0,0,1,4,1,1,6,2,23,5,1461,2,6,-1,1,-1
2015030000898,1,9,0,18,0,0,0,0,0,0,0,1,6,2,37,7,1198,1,3,-1,1,-1
2015030000898,2,1,0,18,0,0,0,0,0,0,1,1,6,1,5,1,-1,-1,-1,-1,1,-1
2015030000899,1,9,0,16,0,1,0,0,0,0,1,1,1,1,24,5,1896,2,5,-1,1,-1
2015030000899,2,9,0,17,0,1,0,0,0,0,1,1,6,1,55,8,1596,1,4,-1,1,-1
2015030000900,1,9,0,13,0,1,0,0,0,0,1,1,6,1,28,6,-1,-1,-1,-1,3,-1
2015030000900,2,19,0,9,0,1,0,0,1,0,3,1,1,1,31,6,2402,2,3,-1,1,-1
2015030000901,1,9,0,18,0,0,0,0,0,0,1,1,6,1,39,7,-1,-1,-1,-1,1,-1
2015030000901,2,9,0,10,0,0,0,0,0,0,1,1,6,1,39,7,-1,-1,-1,-1,3,-1
2015030000901,3,9,0,2,0,0,0,0,0,0,3,1,6,1,55,8,1388,1,2,-1,-1,-1
2015030000901,4,9,0,2,0,0,0,0,0,0,3,1,6,1,55,8,-1,-1,-1,-1,-1,-1
2015030000902,1,3,0,9,0,6,0,0,0,0,1,1,6,1,17,4,125,1,1,-1,3,-1
2015030000902,2,9,0,18,0,1,0,0,0,0,3,1,6,1,50,8,1997,2,7,-1,1,-1
2015030000903,1,9,0,18,0,0,0,0,0,0,2,1,6,1,33,6,1896,2,6,-1,3,-1
2015030000903,2,5,0,18,0,0,2,0,0,0,1,1,6,1,53,8,675,1,3,-1,2,-1
2015030000911,1,9,0,18,0,3,0,0,0,0,3,1,6,1,67,10,1598,1,7,-1,1,-1
2015030000911,2,9,0,18,0,3,0,0,0,0,3,1,6,1,36,7,-1,-1,-1,-1,3,-1
2015030000912,1,9,0,4,0,1,0,0,0,0,1,1,6,1,88,11,1998,1,9,-1,3,-1
2015030000912,2,9,0,18,0,1,0,0,0,0,4,1,6,2,45,7,1995,1,8,-1,3,-1
2015030000913,1,9,0,16,0,0,0,0,0,0,3,1,6,2,36,7,1997,2,7,-1,2,-1
2015030000913,2,9,0,17,0,0,0,0,1,0,3,1,6,2,52,8,1461,2,2,-1,2,-1
2015030000914,1,9,0,5,0,1,0,0,0,0,1,1,6,2,28,6,1339,1,4,-1,1,-1
2015030000914,2,1,0,18,0,1,0,0,0,0,1,1,6,1,54,8,-1,-1,-1,-1,1,-1
2015030000915,1,9,0,17,0,0,0,0,0,0,1,1,6,1,80,11,1560,2,1,-1,3,-1
2015030000915,2,9,0,16,0,0,0,0,0,0,1,1,6,2,46,8,1560,2,5,-1,1,-1
2015030000917,1,9,0,18,0,0,1,0,0,0,3,1,6,1,20,4,1229,1,7,-1,1,-1
2015030000917,2,9,0,18,0,0,0,0,0,0,1,1,6,1,71,10,1248,1,1,-1,1,-1
2015030000918,1,9,0,18,0,0,0,0,0,0,1,1,6,1,45,7,-1,-1,-1,-1,1,-1
2015030000918,2,9,0,4,0,0,0,0,0,0,1,1,6,1,53,8,1598,1,4,-1,1,-1
2015030000919,1,9,0,18,0,0,0,0,0,0,1,1,6,1,45,7,1587,1,9,-1,2,-1
2015030000924,1,9,0,18,0,0,0,0,0,0,1,1,6,2,49,8,-1,-1,-1,-1,1,-1
2015030000927,1,9,0,3,0,4,0,0,0,0,1,1,6,2,46,8,-1,-1,-1,-1,1,-1
2015030000927,2,9,0,18,0,4,0,0,0,0,2,1,6,2,30,6,998,1,4,-1,1,-1
2015030000933,1,9,0,1,0,2,0,0,0,0,2,1,6,1,50,8,1995,2,13,-1,2,-1
2015030000934,1,9,0,8,0,2,0,0,0,0,1,1,6,1,20,4,1086,1,12,-1,2,-1
2015030000942,1,9,0,16,0,0,0,0,7,4,1,1,6,1,74,10,-1,-1,-1,-1,3,-1
2015030000943,1,4,0,16,0,0,1,0,7,0,0,1,6,1,58,9,998,1,13,-1,1,-1
2015030000943,2,9,0,18,0,0,0,0,1,10,0,1,6,1,70,10,-1,-1,-1,-1,1,-1
2015030000945,1,9,0,9,0,5,0,0,0,0,3,1,6,2,39,7,1598,1,9,-1,1,-1
2015030000945,2,5,0,18,0,8,5,0,0,0,1,1,6,2,52,8,750,1,3,-1,1,-1
2015030000948,1,9,0,18,0,0,5,0,0,0,1,1,6,2,54,8,1598,2,-1,-1,-1,-1
2015030000950,1,9,0,8,0,1,0,0,0,0,1,1,6,1,30,6,-1,-1,-1,-1,1,-1
2015030000950,2,9,0,8,0,1,0,0,0,0,2,1,6,2,33,6,1595,1,9,-1,3,-1
2015030000953,1,9,0,14,0,1,0,0,0,0,1,1,6,1,61,9,-1,-1,-1,-1,1,-1
2015030000953,2,11,0,4,0,1,0,0,0,0,0,1,1,1,41,7,4461,2,1,-1,-1,-1
2015030000957,1,19,0,18,0,0,0,0,0,0,3,1,6,1,45,7,2402,2,10,-1,1,-1
2015030000959,1,19,0,1,0,8,0,0,0,0,2,1,6,3,-1,-1,-1,-1,-1,-1,-1,-1
2015030000959,2,4,0,3,0,8,5,0,0,0,1,1,6,1,57,9,998,1,9,-1,1,-1
2015030000963,1,21,1,18,0,0,0,0,0,0,3,1,6,1,48,8,12777,2,1,-1,1,-1
2015030000963,2,21,1,18,0,0,0,0,0,0,3,1,6,1,51,8,-1,-1,-1,-1,-1,-1
2015030000964,1,5,0,18,0,0,0,0,0,0,3,1,6,1,49,8,599,1,15,-1,1,-1
2015030000964,2,9,0,4,0,0,0,0,0,0,4,1,6,2,24,5,-1,-1,-1,-1,1,-1
2015030000965,1,9,0,18,0,1,0,0,0,0,1,1,6,1,64,9,1995,2,1,-1,1,-1
2015030000966,1,9,0,16,0,0,0,0,0,4,1,1,6,1,28,6,1995,1,4,-1,2,-1
2015030000967,1,9,0,1,0,0,0,0,0,0,2,1,1,2,34,6,1461,2,11,-1,2,-1
2015030000968,1,9,0,16,0,0,0,10,8,10,1,1,6,1,23,5,-1,-1,-1,-1,1,-1
2015030000969,1,4,0,18,0,6,0,0,0,0,4,1,6,1,24,5,124,1,16,-1,3,-1
2015030000969,2,19,0,18,0,8,0,0,0,0,3,1,6,1,44,7,-1,-1,-1,-1,1,-1
2015030000971,1,9,0,8,0,2,0,0,0,0,2,1,6,1,48,8,-1,-1,-1,-1,1,-1
2015030000971,2,19,0,8,0,1,0,0,0,0,2,1,6,1,66,10,-1,-1,-1,-1,3,-1
2015030000972,1,9,0,5,0,0,0,0,1,2,1,1,3,2,32,6,1396,1,10,-1,1,-1
2015030000974,1,9,0,2,0,1,0,0,0,0,0,1,6,1,57,9,1598,2,1,-1,1,-1
2015030000974,2,1,0,9,0,6,0,4,0,0,1,1,6,1,23,5,-1,-1,-1,-1,2,-1
2015030000975,1,9,4,17,0,0,0,0,0,0,1,1,6,1,55,8,2999,2,15,-1,-1,-1
2015030000975,2,9,0,16,0,0,0,0,0,0,1,1,6,1,45,7,1560,2,3,-1,3,-1
2015030000977,1,9,0,6,0,0,0,0,0,0,3,1,6,1,37,7,2993,2,1,-1,3,-1
2015030000977,2,5,0,18,0,0,0,0,0,0,0,1,6,1,26,6,749,1,6,-1,1,-1
2015030000978,1,9,0,18,0,2,0,0,0,0,4,1,6,2,64,9,1499,1,1,-1,3,-1
2015030000979,1,9,0,17,0,1,5,0,8,0,1,1,6,2,21,5,-1,-1,-1,-1,3,-1
2015030000981,1,9,0,18,0,1,0,0,0,0,1,1,6,1,20,4,1398,1,3,-1,2,-1
2015030000981,2,9,0,3,0,1,0,0,0,0,2,1,6,1,41,7,1910,2,9,-1,2,-1
2015030000981,3,9,0,3,0,1,0,0,0,0,2,1,6,1,48,8,1686,2,4,-1,3,-1
2015030000984,1,9,0,9,0,1,1,0,0,0,3,1,6,1,47,8,2204,2,7,-1,3,-1
2015030000984,2,5,0,13,0,1,0,0,7,0,1,1,6,1,68,10,-1,-1,-1,-1,2,-1
2015030000985,1,21,1,18,0,0,0,0,0,0,4,1,1,1,52,8,12740,2,1,-1,2,-1
2015030000985,2,9,0,18,0,0,0,0,0,0,1,1,6,1,80,11,5998,1,9,-1,1,-1
2015030000987,1,9,0,18,0,4,0,0,0,0,1,1,6,1,19,4,1119,1,13,-1,2,-1
2015030000987,2,9,0,18,0,4,0,0,0,0,4,1,6,1,50,8,1587,1,11,-1,2,-1
2015030000990,1,9,0,17,0,0,5,0,0,0,1,1,6,1,24,5,-1,-1,-1,-1,3,-1
2015030000991,1,9,0,18,0,0,0,0,0,0,0,1,6,3,-1,-1,-1,-1,-1,-1,-1,-1
2015030000991,2,16,5,18,0,0,5,0,1,0,0,1,6,2,52,8,-1,-1,-1,-1,2,-1
2015030000997,1,9,0,5,0,2,0,0,0,0,3,1,6,1,62,9,1339,1,3,-1,3,-1
2015030000997,2,9,0,18,0,8,0,0,7,2,4,1,6,2,58,9,1598,1,3,-1,1,-1
2015030001002,1,9,0,15,0,0,1,0,0,10,1,1,6,1,22,5,1753,2,11,-1,2,-1
2015030001004,1,9,0,18,0,8,0,0,0,0,4,1,6,3,-1,-1,1398,2,2,-1,-1,-1
2015030001004,2,1,0,18,0,8,0,0,0,0,3,1,6,1,17,4,-1,-1,-1,-1,1,-1
2015030001006,1,9,0,16,0,0,0,0,7,2,1,1,6,1,21,5,1229,1,2,-1,3,-1
2015030001007,1,1,0,18,0,0,0,0,0,0,1,1,6,3,-1,-1,-1,-1,-1,-1,-1,-1
2015030001008,1,9,0,4,0,0,0,0,0,0,1,1,6,2,47,8,2987,2,5,-1,2,-1
2015030001008,2,9,0,3,0,0,0,0,0,0,2,1,6,2,36,7,2993,2,4,-1,2,-1
2015030001009,1,9,0,16,0,0,1,0,0,0,1,1,1,1,33,6,-1,-1,-1,-1,2,-1
2015030001009,2,20,1,17,0,0,0,0,0,0,1,1,1,1,58,9,-1,-1,-1,-1,1,-1
2015030001010,1,9,0,12,0,0,0,0,4,6,3,1,6,1,77,11,1968,2,2,-1,1,-1
2015030001010,2,4,0,18,0,0,0,0,4,6,1,1,6,1,65,9,1130,1,14,-1,1,-1
2015030001011,1,9,0,9,0,6,0,0,0,0,4,1,6,1,28,6,1994,2,15,-1,1,-1
2015030001011,2,3,0,18,0,1,0,0,0,0,3,1,6,1,46,8,-1,-1,-1,-1,1,-1
2015030001012,1,9,0,18,0,0,1,0,1,9,1,1,6,2,19,4,2495,2,15,-1,1,-1
2015030001013,1,3,0,17,0,0,1,0,1,0,1,1,6,1,18,4,125,1,23,-1,2,-1
2015030001014,1,9,0,3,0,1,0,0,0,0,1,1,6,3,-1,-1,-1,-1,-1,-1,-1,-1
2015030001015,1,9,0,18,0,0,0,0,0,0,1,1,6,1,44,7,1390,1,16,-1,1,-1
2015030001033,1,9,0,9,0,5,0,0,0,0,2,1,6,3,-1,-1,1968,2,7,-1,-1,-1
2015030001033,2,2,0,18,0,6,0,0,0,0,1,1,4,1,17,4,49,1,7,-1,1,-1
2015030001036,1,9,0,18,0,4,0,9,7,0,4,1,6,1,35,6,1988,2,12,-1,1,-1
2015030001036,2,9,0,18,0,4,0,9,7,1,4,1,6,1,26,6,1799,1,7,-1,2,-1
2015030001037,1,9,0,17,0,0,0,0,0,0,4,1,2,1,23,5,1390,1,10,-1,2,-1
2015030001037,2,9,0,16,0,0,0,0,0,0,3,1,6,2,25,5,998,1,1,-1,-1,-1
2015030001038,1,19,0,17,0,0,0,0,0,0,1,1,6,1,27,6,2998,2,1,-1,1,-1
2015030001038,2,9,0,16,0,0,2,0,0,10,1,1,6,2,24,5,1598,1,5,-1,1,-1
2015030001039,1,9,0,5,0,1,0,0,1,0,3,1,6,1,82,11,1248,1,1,-1,-1,-1
2015030001039,2,9,0,18,0,6,0,0,0,0,1,1,6,2,23,5,1390,1,2,-1,2,-1
2015030001042,1,9,0,16,0,0,0,0,0,0,1,1,6,2,44,7,1229,1,3,-1,3,-1
2015030001042,2,9,0,17,0,0,0,0,1,0,3,1,6,2,67,10,-1,-1,-1,-1,1,-1
2015030001042,3,9,0,17,0,0,0,0,0,0,3,1,6,1,63,9,-1,-1,-1,-1,3,-1
2015030001045,1,9,0,2,0,0,0,0,0,0,3,1,6,1,24,5,1896,2,14,-1,1,-1
2015030001045,2,1,0,18,0,0,0,0,0,2,1,1,6,1,24,5,-1,-1,-1,-1,1,-1
2015030001046,1,9,0,17,0,2,2,0,1,10,1,1,6,1,17,4,-1,-1,-1,-1,3,-1
2015030001047,1,9,0,16,0,0,1,0,0,0,1,1,6,1,40,7,1560,2,3,-1,3,-1
2015030001047,2,9,0,17,0,0,0,0,0,0,1,1,6,2,39,7,1390,1,8,-1,3,-1
2015030001048,1,1,0,18,0,1,0,0,0,0,1,1,6,1,35,6,-1,-1,-1,-1,1,-1
2015030001049,1,9,0,18,0,1,0,0,0,0,3,1,6,3,-1,-1,-1,-1,-1,-1,-1,-1
2015030001050,1,9,0,9,0,8,0,0,0,0,1,1,6,2,39,7,1461,2,1,-1,1,-1
2015030001050,2,3,0,18,0,8,0,0,0,0,1,1,6,1,25,5,-1,-1,-1,-1,1,-1
2015030001051,1,9,0,16,0,0,0,0,7,10,3,1,6,1,18,4,1398,1,4,-1,3,-1
2015030001052,1,9,0,18,0,6,0,4,0,0,1,1,6,2,25,5,1390,1,8,-1,1,-1
2015030001052,2,9,0,18,0,8,0,4,0,0,1,1,6,1,55,8,999,1,1,-1,1,-1
2015030001052,3,9,0,2,0,8,0,0,0,0,1,1,6,1,30,6,1984,1,10,-1,1,-1
2015030001054,1,9,0,9,0,1,0,0,0,0,1,1,6,1,49,8,1124,1,13,-1,2,-1
2015030001054,2,9,0,16,0,1,0,0,0,0,4,1,6,2,78,11,999,1,1,-1,1,-1
2015030001056,1,9,0,18,0,0,0,0,0,0,0,1,6,3,30,6,-1,-1,-1,-1,-1,-1
2015030001056,2,9,0,18,0,0,2,0,0,0,0,1,6,2,24,5,1396,1,14,-1,3,-1
2015030001057,1,9,0,5,0,6,0,0,0,0,4,1,6,1,49,8,2440,2,22,-1,1,-1
2015030001057,2,9,0,5,0,6,0,0,0,0,4,1,1,1,62,9,1896,2,8,-1,1,-1
2015030001058,1,9,0,18,0,1,0,0,0,0,1,1,6,1,55,8,-1,-1,-1,-1,1,-1
2015030001058,2,9,0,10,0,5,0,0,0,0,2,1,6,2,29,6,1339,1,11,-1,2,-1
2015030001059,1,9,0,18,0,0,2,0,0,0,1,1,6,1,46,8,1598,1,13,-1,2,-1
2015030001060,1,9,0,16,0,0,0,0,0,0,1,1,1,1,33,6,1997,2,10,-1,3,-1
2015030001060,2,9,0,16,0,0,0,0,0,0,3,1,1,1,29,6,1248,2,5,-1,2,-1
2015030001061,1,90,4,14,0,0,0,0,0,0,3,1,6,1,49,8,-1,-1,-1,-1,3,-1
2015030001088,1,19,4,1,0,1,0,0,0,0,2,1,1,1,30,6,-1,-1,-1,-1,2,-1
2015030001088,2,9,0,3,0,1,0,0,0,0,1,1,6,2,30,6,2488,2,10,-1,2,-1
2015030001089,1,9,0,13,0,1,5,0,0,0,1,1,6,1,45,7,1398,2,13,-1,3,-1
2015030001089,2,9,0,9,0,1,0,0,0,0,3,1,6,2,28,6,1896,2,6,-1,3,-1
2015030001090,1,9,0,18,0,0,5,0,0,0,1,1,6,2,42,7,1497,1,14,-1,-1,-1
2015030001091,1,9,0,16,0,0,0,0,0,0,1,1,6,1,24,5,1398,2,9,-1,3,-1
2015030001092,1,9,0,18,0,0,1,0,0,0,1,1,6,1,77,11,1998,2,14,-1,3,-1
2015030001092,2,9,0,18,0,0,2,0,0,0,2,1,6,2,42,7,1896,2,10,-1,1,-1
2015030001093,1,9,0,17,0,0,0,0,1,10,1,1,6,1,77,11,1797,8,3,-1,3,-1
2015030001093,2,9,0,2,0,0,0,0,0,0,3,1,6,2,63,9,1600,1,17,-1,3,-1
2015030001097,1,9,0,18,0,1,0,0,0,0,1,1,6,2,25,5,1998,1,13,-1,1,-1
2015030001097,2,9,0,3,0,1,0,0,0,0,2,1,6,2,40,7,998,1,1,-1,3,-1
2015030001097,3,9,0,9,0,1,0,0,1,0,0,1,6,2,47,8,1397,1,6,-1,2,-1
2015030001098,1,9,0,1,0,0,0,0,0,0,2,1,6,1,31,6,1968,2,9,-1,1,-1
2015030001106,1,9,0,18,0,0,2,0,0,0,0,1,6,2,72,10,1124,1,15,-1,3,-1
2015030001107,1,9,0,5,0,2,0,0,0,0,4,1,6,1,81,11,1596,1,12,-1,1,-1
2015030001107,2,9,0,18,0,2,0,0,0,0,1,1,6,1,29,6,-1,-1,-1,-1,3,-1
2015030001108,1,19,0,17,0,1,0,0,7,4,1,1,1,1,26,6,2198,2,1,-1,1,-1
2015030001108,2,9,0,9,0,5,0,0,7,4,3,1,6,2,20,4,1398,1,-1,-1,3,-1
2015030001109,1,19,0,18,0,0,0,0,0,0,0,1,6,1,42,7,1867,2,15,-1,2,-1
2015030001109,2,9,0,18,0,0,0,0,0,0,0,1,6,2,39,7,1598,1,5,-1,1,-1
2015030001110,1,9,0,18,0,0,0,0,0,0,4,1,6,2,27,6,1198,1,3,-1,2,-1
2015030001112,1,9,0,1,0,0,0,0,0,0,2,1,6,1,30,6,1753,2,9,-1,1,-1
2015030001112,2,9,0,3,0,0,0,0,0,0,1,1,6,1,42,7,1124,1,14,-1,1,-1
2015030001113,1,5,0,18,0,1,0,0,0,0,1,1,6,1,64,9,800,1,4,-1,1,-1
2015030001113,2,9,0,9,0,5,0,0,0,0,3,1,6,2,67,10,2987,2,1,-1,3,-1
2015030001114,1,9,0,18,0,7,0,0,0,0,0,1,6,3,-1,-1,-1,-1,-1,-1,-1,-1
2015030001114,2,9,0,18,0,1,2,0,1,0,1,1,6,2,25,5,1910,2,8,-1,3,-1
2015030001118,1,9,0,18,0,0,2,0,1,7,1,1,6,1,31,6,2720,2,9,-1,1,-1
2015030001123,1,2,0,18,0,0,0,4,0,0,1,1,6,2,16,4,125,1,10,-1,1,-1
2015030001123,2,9,0,2,0,0,0,0,0,0,1,1,6,2,63,9,1968,2,1,-1,1,-1
2015030001123,3,9,0,2,0,0,0,0,0,0,1,1,6,2,62,9,-1,-1,-1,-1,2,-1
2015030001133,1,9,0,9,0,6,0,0,0,0,1,1,6,1,21,5,1461,2,2,-1,1,-1
2015030001133,2,9,0,9,0,8,0,0,0,0,1,1,6,2,78,11,1339,1,8,-1,1,-1
2015030001136,1,20,0,18,0,1,0,0,0,0,1,1,1,1,57,9,-1,-1,-1,-1,-1,-1
2015030001136,2,9,0,9,0,5,0,0,0,0,2,1,6,2,29,6,1229,1,10,-1,1,-1
2015030001137,1,9,0,18,0,0,1,0,0,0,1,1,6,2,23,5,1124,1,11,-1,3,-1
2015030001140,1,19,0,18,0,0,0,0,0,0,2,1,6,3,-1,-1,-1,-1,-1,-1,-1,-1
2015030001142,1,9,0,9,0,6,0,0,1,0,1,1,6,1,86,11,1339,1,6,-1,2,-1
2015030001142,2,9,0,17,0,8,0,0,7,0,4,1,1,1,50,8,1910,2,6,-1,1,-1
2015030001143,1,9,0,18,0,0,0,0,0,0,1,1,6,1,22,5,1995,2,6,-1,2,-1
2015030001143,2,9,0,18,0,0,0,0,0,0,2,1,6,1,60,9,1461,2,1,-1,2,-1
2015030001143,3,9,0,18,0,0,0,0,0,0,2,1,6,1,51,8,1596,1,2,-1,3,-1
2015030001144,1,9,0,18,0,0,0,0,1,10,1,1,6,1,57,9,1596,1,7,-1,1,-1
2015030001150,1,9,0,18,0,0,2,0,2,9,4,1,6,1,18,4,1248,2,5,-1,2,-1
2015030001151,1,9,0,4,0,1,0,0,0,0,1,1,6,1,82,11,1997,2,1,-1,1,-1
2015030001151,2,9,0,3,0,1,0,0,0,0,2,1,6,2,30,6,1388,1,13,-1,1,-1
2015030001156,1,9,0,9,0,8,0,0,0,0,1,1,6,1,81,11,2397,1,16,-1,3,-1
2015030001156,2,9,0,18,0,1,0,0,0,0,3,1,6,2,57,9,-1,-1,-1,-1,3,-1
2015030001157,1,9,0,3,0,1,0,0,0,0,1,1,6,1,45,7,1596,1,14,-1,1,-1
2015030001157,2,9,0,3,0,1,0,0,0,0,2,1,6,2,24,5,2000,2,8,-1,1,-1
2015030001161,1,9,0,17,0,2,1,0,1,4,1,1,6,2,18,4,1149,1,13,-1,1,-1
2015030001162,1,5,0,18,0,0,2,0,7,4,1,1,6,1,51,8,999,1,6,-1,1,-1
2015030001162,2,9,0,1,9,0,0,0,0,0,0,1,6,1,26,6,1560,2,10,-1,3,-1
2015030001163,1,9,0,18,0,0,0,0,0,0,1,1,6,3,-1,-1,-1,-1,-1,-1,-1,-1
2015030001163,2,9,0,3,0,0,0,0,0,0,2,1,6,2,51,8,973,1,14,-1,1,-1
2015030001164,1,1,0,18,0,0,0,4,7,0,1,1,6,1,38,7,-1,-1,-1,-1,1,-1
2015030001164,2,9,0,2,0,0,0,0,0,0,0,1,6,2,51,8,1493,2,8,-1,3,-1
2015030001165,1,9,0,18,0,1,0,0,0,0,0,1,6,3,-1,-1,-1,-1,-1,-1,-1,-1
2015030001165,2,9,0,18,0,1,0,0,0,0,0,1,6,2,27,6,1997,2,13,-1,1,-1
2015030001166,1,19,0,4,0,1,0,0,0,1,2,1,6,1,24,5,2287,2,2,-1,2,-1
2015030001166,2,9,0,3,0,1,0,0,0,0,0,1,6,2,30,6,1998,2,8,-1,2,-1
2015030001187,1,9,0,18,0,0,0,0,4,7,1,1,6,1,26,6,1242,1,7,-1,1,-1
2015030001188,1,5,0,13,0,0,0,0,0,0,3,1,6,1,49,8,1043,1,-1,-1,1,-1
2015030001188,2,9,0,16,0,0,0,0,0,0,1,1,6,2,66,10,1289,1,15,-1,1,-1
2015030001189,1,5,0,18,0,0,0,0,0,0,1,1,6,1,20,4,1000,1,18,-1,-1,-1
2015030001189,2,9,0,1,0,0,0,0,0,0,3,1,6,2,32,6,1685,2,1,-1,1,-1
2015030001198,1,9,0,18,0,0,0,6,0,10,1,1,6,2,50,8,-1,-1,-1,-1,1,-1
2015030001199,1,19,0,2,9,0,0,0,0,0,2,1,6,1,29,6,2198,2,5,-1,2,-1
2015030001199,2,1,0,16,0,0,0,0,0,0,1,1,6,1,43,7,-1,-1,-1,-1,2,-1
2015030001203,1,9,0,7,0,2,0,0,0,0,1,1,6,1,71,10,1794,1,12,-1,1,-1
2015030001203,2,9,0,17,0,1,0,0,0,0,4,1,6,1,48,8,1896,2,14,-1,3,-1
2015030001206,1,9,0,9,0,1,0,0,0,0,1,1,6,2,19,4,1240,1,10,-1,3,-1
2015030001206,2,9,0,18,0,1,0,0,0,0,2,1,6,2,50,8,1896,2,9,-1,3,-1
2015030001207,1,9,0,17,0,0,1,0,2,10,1,1,6,1,59,9,2499,2,12,-1,3,-1
2015030001207,2,9,0,18,0,0,0,0,0,0,0,1,6,2,34,6,1396,1,-1,-1,2,-1
2015030001208,1,9,0,16,0,1,0,0,0,0,1,1,6,1,19,4,1598,1,13,-1,3,-1
2015030001209,1,9,0,18,0,0,0,0,0,0,1,1,6,1,22,5,1396,1,13,-1,1,-1
2015030001211,1,9,0,18,0,0,0,0,0,0,4,1,6,3,30,6,2487,2,15,-1,-1,-1
2015030001211,2,9,0,2,9,0,0,0,0,0,4,1,6,2,19,4,2199,2,5,-1,2,-1
2015030001212,1,11,0,18,0,0,0,0,0,0,0,1,6,3,-1,-1,-1,-1,-1,-1,-1,-1
2015030001213,1,9,0,3,0,1,0,0,0,0,1,1,6,1,45,7,1390,1,14,-1,1,-1
2015030001213,2,9,0,3,0,1,0,0,0,0,2,1,6,2,26,6,1595,1,10,-1,1,-1
2015030001215,1,2,0,18,0,0,0,0,0,0,2,1,6,1,17,4,49,1,3,-1,1,-1
2015030001215,2,9,0,18,0,0,0,0,0,0,2,1,6,1,28,6,-1,-1,-1,-1,1,-1
2015030001216,1,9,0,18,0,4,1,10,0,0,1,1,6,2,20,4,1679,1,14,-1,1,-1
2015030001217,1,9,0,18,0,0,0,0,0,0,4,1,6,1,30,6,1560,2,7,-1,1,-1
2015030001217,2,1,0,18,0,0,0,0,0,10,3,1,6,1,20,4,-1,-1,-1,-1,1,-1
2015030001219,1,9,0,18,0,0,0,4,0,0,2,1,6,1,68,10,1995,2,5,-1,3,-1
2015030001219,2,9,0,2,0,0,0,0,0,0,0,1,6,1,64,9,1598,1,8,-1,3,-1
2015030001219,3,9,0,2,0,0,0,0,0,0,0,1,6,2,67,10,999,1,-1,-1,1,-1
2015030001226,1,90,0,18,0,0,0,0,0,0,4,1,6,1,25,5,-1,-1,-1,-1,1,-1
2015030001228,1,9,0,18,0,0,1,0,0,0,3,1,6,1,49,8,1995,2,8,-1,1,-1
2015030001228,2,9,0,18,0,0,1,0,0,0,4,1,6,1,30,6,1560,2,6,-1,1,-1
2015030001229,1,9,0,18,0,4,0,0,0,0,1,1,6,1,47,8,2967,2,7,-1,1,-1
2015030001229,2,9,0,18,0,8,0,0,0,0,4,1,6,1,19,4,-1,-1,-1,-1,1,-1
2015030001239,1,9,0,18,0,0,5,0,7,10,1,1,6,1,37,7,1749,1,14,-1,2,-1
2015030001240,1,19,0,4,0,0,0,0,0,0,1,1,1,1,30,6,-1,-1,-1,-1,1,-1
2015030001240,2,9,0,3,0,0,0,0,0,0,2,1,2,2,59,9,-1,-1,-1,-1,3,-1
2015030001241,1,9,0,6,0,0,0,0,0,0,1,1,6,1,77,11,1753,2,6,-1,2,-1
2015030001241,2,5,0,13,0,0,2,10,7,10,2,1,6,1,53,8,865,1,2,-1,2,-1
2015030001243,1,3,0,4,0,0,1,10,0,0,1,1,6,1,17,4,113,1,-1,-1,2,-1
2015030001244,1,9,0,5,0,8,0,0,0,0,0,1,6,1,21,5,1388,1,13,-1,1,-1
2015030001246,1,9,0,18,0,0,5,0,7,4,1,1,6,1,59,9,1399,2,3,-1,3,-1
2015030001247,1,9,0,18,0,0,0,0,0,0,1,1,6,1,65,9,1596,1,4,-1,3,-1
2015030001252,1,9,0,18,0,1,0,0,0,0,1,1,6,1,24,5,-1,-1,-1,-1,1,-1
2015030001252,2,4,0,10,0,1,0,0,0,0,4,1,6,1,55,8,487,1,11,-1,3,-1
2015030001253,1,9,0,9,0,1,0,0,0,0,1,1,6,2,18,4,998,1,12,-1,1,-1