Accident_Index,Vehicle_Reference,Vehicle_Type,Towing_and_Articulation,Vehicle_Manoeuvre,Vehicle_Location-Restricted_Lane,Junction_Location,Skidding_and_Overturning,Hit_Object_in_Carriageway,Vehicle_Leaving_Carriageway,Hit_Object_off_Carriageway,1st_Point_of_Impact,Was_Vehicle_Left_Hand_Drive?,Journey_Purpose_of_Driver,Sex_of_Driver,Age_of_Driver,Age_Band_of_Driver,Engine_Capacity_(CC),Propulsion_Code,Age_of_Vehicle,Driver_IMD_Decile,Driver_Home_Area_Type,Vehicle_IMD_Decile
2015030001253,2,9,0,18,0,1,0,0,0,0,1,1,6,1,34,6,2000,2,4,-1,1,-1
2015030001255,1,9,0,7,0,6,0,0,0,0,4,1,6,2,58,9,1995,2,10,-1,1,-1
2015030001255,2,1,0,18,0,2,0,0,0,0,2,1,6,2,38,7,-1,-1,-1,-1,1,-1
2015030001256,1,9,0,18,0,8,0,0,0,0,0,1,6,1,49,8,1896,2,16,-1,2,-1
2015030001258,1,3,0,16,0,0,0,0,0,4,3,1,6,1,52,8,599,1,11,-1,1,-1
2015030001258,2,11,0,18,0,0,0,0,0,0,3,1,1,1,47,8,9630,2,2,-1,1,-1
2015030001260,1,9,0,4,0,1,1,0,0,0,1,1,6,1,32,6,2171,1,11,-1,1,-1
2015030001260,2,9,0,3,0,1,0,0,0,0,2,1,6,1,43,7,1796,1,8,-1,1,-1
2015030001260,3,9,0,9,0,1,0,0,0,0,2,1,6,2,46,8,1461,2,1,-1,1,-1
2015030001261,1,21,0,16,0,0,0,0,0,0,3,1,6,3,30,6,-1,-1,-1,-1,-1,-1
2015030001261,2,21,0,17,0,0,0,0,0,0,4,1,6,1,44,7,5880,2,11,-1,1,-1
2015030001262,1,19,0,18,0,0,1,0,0,0,2,1,1,1,57,9,-1,-1,-1,-1,1,-1
2015030001262,2,9,0,5,0,0,0,0,0,0,2,1,6,1,58,9,2987,2,9,-1,1,-1
2015030001263,1,9,0,5,0,6,0,0,0,0,4,1,6,2,54,8,-1,-1,-1,-1,2,-1
2015030001263,2,3,0,18,0,1,0,0,0,0,4,1,6,1,32,6,124,1,8,-1,1,-1
2015030001294,1,9,0,9,0,5,0,0,0,0,0,1,6,1,73,10,1242,1,16,-1,1,-1
2015030001294,2,1,0,18,0,1,0,0,0,0,1,1,6,1,43,7,-1,-1,-1,-1,1,-1
2015030001295,1,9,0,17,0,1,0,0,1,10,1,1,6,2,58,9,1951,2,9,-1,3,-1
2015030001296,1,9,0,18,0,0,0,0,0,0,1,1,6,1,70,10,-1,-1,-1,-1,-1,-1
2015030001301,1,9,0,18,0,0,0,7,8,10,4,1,6,1,51,8,1868,2,15,-1,1,-1
2015030001301,2,9,0,2,0,0,0,0,0,0,3,1,6,1,55,8,-1,-1,-1,-1,1,-1
2015030001304,1,9,0,17,0,0,5,0,1,0,1,1,6,1,25,5,1360,1,13,-1,3,-1
2015030001304,2,21,1,16,0,0,1,0,1,0,1,1,1,1,47,8,12816,2,9,-1,-1,-1
2015030001305,1,19,0,16,0,0,0,0,0,0,1,1,6,1,29,6,1998,2,13,-1,1,-1
2015030001305,2,9,0,17,0,0,0,0,0,0,1,1,6,1,81,11,1242,1,10,-1,3,-1
2015030001307,1,9,0,4,0,0,0,0,0,0,0,1,6,1,72,10,1999,1,8,-1,3,-1
2015030001307,2,1,0,18,0,0,0,0,0,0,0,1,6,1,54,8,-1,-1,-1,-1,2,-1
2015030001308,1,9,0,18,0,1,0,0,0,0,0,1,6,3,-1,-1,1598,2,-1,-1,-1,-1
2015030001309,1,9,0,18,0,0,0,0,0,0,1,1,6,1,28,6,1390,1,4,-1,2,-1
2015030001309,2,9,0,3,0,0,0,0,0,0,1,1,6,1,45,7,1598,2,3,-1,3,-1
2015030001310,1,9,0,4,0,8,0,0,0,0,2,1,6,1,19,4,1229,1,2,-1,1,-1
2015030001310,2,9,0,18,0,8,0,0,0,0,1,1,6,1,35,6,-1,-1,-1,-1,1,-1
2015030001312,1,9,0,18,0,8,0,0,1,7,1,1,6,1,30,6,-1,-1,-1,-1,1,-1
2015030001313,1,9,0,18,0,1,0,0,0,0,1,1,6,1,38,7,-1,-1,-1,-1,2,-1
2015030001313,2,9,0,18,9,1,0,0,1,0,0,1,6,1,41,7,-1,-1,-1,-1,-1,-1
2015030001313,3,9,0,4,0,1,0,0,0,0,2,1,6,1,55,8,1248,1,5,-1,-1,-1
2015030001314,1,9,0,18,0,0,2,0,0,0,1,1,6,1,41,7,2477,2,16,-1,2,-1
2015030001315,1,1,0,18,0,0,0,0,0,0,0,1,6,2,46,8,-1,-1,-1,-1,1,-1
2015030001318,1,10,0,18,0,0,0,0,0,0,1,1,6,1,55,8,2402,2,8,-1,2,-1
2015030001318,2,9,0,3,0,0,0,0,0,0,2,1,6,2,23,5,998,1,5,-1,2,-1
2015030001322,1,9,0,18,0,1,0,0,0,0,1,1,6,1,27,6,1799,1,8,-1,1,-1
2015030001322,2,9,0,10,0,1,0,0,0,0,2,1,6,2,22,5,-1,-1,-1,-1,1,-1
2015030001322,3,1,0,18,0,1,0,0,0,0,1,1,6,1,31,6,-1,-1,-1,-1,3,-1
2015030001325,1,9,0,9,0,6,0,0,0,0,1,1,2,2,55,8,998,1,-1,-1,1,-1
2015030001325,2,9,0,18,0,1,0,0,0,0,1,1,2,1,40,7,1600,1,17,-1,1,-1
2015030001327,1,9,0,4,0,1,0,0,0,0,4,1,6,2,41,7,-1,-1,-1,-1,2,-1
2015030001329,1,9,0,18,0,8,0,0,0,0,1,1,6,2,18,4,1124,1,11,-1,2,-1
2015030001329,2,9,0,18,0,1,0,0,0,0,3,1,6,2,27,6,1753,2,7,-1,1,-1
2015030001330,1,1,0,16,0,1,1,0,0,0,1,1,6,1,13,3,-1,-1,-1,-1,-1,-1
2015030001330,2,21,0,17,0,2,0,0,0,0,3,1,1,1,51,8,4461,2,4,-1,1,-1
2015030001332,1,9,0,18,0,1,0,0,0,0,1,1,6,2,29,6,2204,2,9,-1,-1,-1
2015030001332,2,9,0,18,0,1,0,0,0,0,2,1,6,1,66,10,2987,2,8,-1,3,-1
2015030001332,3,9,0,4,0,1,0,0,0,0,2,1,6,2,23,5,1598,1,1,-1,1,-1
2015030001336,1,19,0,18,0,2,0,0,0,0,0,1,1,1,27,6,2287,2,2,-1,1,-1
2015030001344,1,9,0,9,0,1,0,0,0,0,3,1,6,1,24,5,-1,-1,-1,-1,3,-1
2015030001344,2,9,0,18,0,1,0,0,0,0,1,1,6,1,75,10,1598,1,-1,-1,-1,-1
2015030001346,1,9,0,18,0,0,0,0,7,0,0,1,6,2,51,8,2148,2,10,-1,1,-1
2015030001348,1,11,0,18,0,1,0,0,0,0,0,1,6,1,46,8,12000,2,8,-1,1,-1
2015030001348,2,1,0,18,0,1,0,0,0,0,0,1,6,1,71,10,-1,-1,-1,-1,2,-1
2015030001350,1,9,4,2,0,0,0,0,0,0,2,1,6,3,-1,-1,-1,-1,-1,-1,-1,-1
2015030001350,2,9,0,18,0,0,0,4,0,0,1,1,6,2,26,6,1300,1,15,-1,1,-1
2015030001351,1,9,0,9,0,2,0,0,0,0,1,1,6,1,22,5,2792,1,14,-1,2,-1
2015030001351,2,9,0,18,0,1,0,0,0,0,1,1,6,2,72,10,1598,1,-1,-1,2,-1
2015030001361,1,9,0,18,0,8,0,0,3,0,3,1,1,1,23,5,1995,2,1,-1,1,-1
2015030001361,2,9,0,18,0,8,0,0,3,0,2,1,6,1,49,8,1390,1,13,-1,-1,-1
2015030001362,1,9,0,18,0,0,0,0,0,0,1,1,6,2,21,5,-1,-1,-1,-1,3,-1
2015030001362,2,9,0,18,0,0,0,0,0,0,2,1,6,1,19,4,1597,1,11,-1,1,-1
2015030001367,1,9,0,16,0,0,0,4,0,0,3,1,6,2,93,11,1560,2,7,-1,2,-1
2015030001367,2,9,0,17,0,0,0,0,0,0,1,1,6,2,30,6,1299,1,11,-1,1,-1
2015030001367,3,9,0,2,0,0,0,0,0,0,4,1,6,1,51,8,-1,-1,-1,-1,1,-1
2015030001368,1,9,0,4,0,0,0,0,0,0,2,1,6,2,21,5,1149,1,9,-1,1,-1
2015030001368,2,9,0,4,0,0,0,0,0,0,2,1,6,2,33,6,1794,1,9,-1,1,-1
2015030001368,3,9,0,4,0,0,0,0,0,0,0,1,6,1,46,8,-1,-1,-1,-1,1,-1
2015030001369,1,5,0,16,0,0,1,0,0,0,1,1,6,1,55,8,996,1,12,-1,1,-1
2015030001369,2,9,0,17,0,0,0,0,0,0,3,1,6,1,77,11,2993,2,12,-1,3,-1
2015030001369,3,5,0,4,0,0,0,0,0,0,2,1,6,1,48,8,1255,1,5,-1,-1,-1
2015030001369,4,4,0,16,0,0,0,0,0,0,0,1,6,1,56,9,865,1,6,-1,1,-1
2015030001374,1,5,0,18,0,1,0,0,0,0,0,1,1,1,39,7,599,1,14,-1,3,-1
2015030001390,1,9,0,18,0,1,0,0,0,0,1,1,1,2,21,5,-1,-1,-1,-1,-1,-1
2015030001390,2,9,0,18,0,1,0,0,0,0,2,1,6,2,30,6,1998,1,-1,-1,-1,-1
2015030001395,1,19,0,18,0,0,0,0,1,9,1,1,6,1,20,4,1896,2,7,-1,1,-1
2015030001396,1,9,0,17,0,0,2,0,2,9,3,1,6,1,18,4,1229,1,10,-1,2,-1
2015030001396,2,5,0,18,0,0,0,0,0,0,4,1,6,1,27,6,750,1,6,-1,1,-1
2015030001397,1,9,0,9,0,0,0,0,0,0,4,1,6,2,38,7,1390,1,9,-1,1,-1
2015030001397,2,1,0,18,4,0,0,0,0,0,1,1,6,1,49,8,-1,-1,-1,-1,-1,-1
2015030001404,1,9,0,16,0,0,1,0,0,0,1,1,6,1,52,8,-1,-1,-1,-1,3,-1
2015030001404,2,9,0,17,0,0,0,0,0,0,3,1,6,2,20,4,1299,1,7,-1,3,-1
2015030001405,1,9,0,18,0,1,0,0,0,0,1,1,6,1,66,10,1995,2,2,-1,3,-1
2015030001406,1,4,0,13,0,4,0,0,1,2,4,1,6,1,24,5,600,1,13,-1,-1,-1
2015030001406,2,9,0,18,0,4,0,0,1,2,3,1,6,1,30,6,1461,2,8,-1,3,-1
2015030001408,1,9,0,17,0,1,2,0,1,4,1,1,6,1,19,4,998,1,6,-1,1,-1
2015030001409,1,9,0,17,0,0,0,0,0,0,2,1,6,1,20,4,1242,1,3,-1,1,-1
2015030001415,1,9,0,18,0,0,0,0,0,0,0,1,6,1,26,6,1910,2,7,-1,2,-1
2015030001416,1,9,0,18,9,6,0,0,0,0,1,1,6,1,78,11,1390,1,3,-1,3,-1
2015030001417,1,1,0,18,0,0,5,0,0,0,0,1,6,1,65,9,-1,-1,-1,-1,1,-1
2015030001418,1,9,0,18,0,0,0,0,0,0,1,1,6,2,23,5,-1,-1,-1,-1,2,-1
2015030001419,1,9,0,9,0,8,0,0,0,0,4,1,6,1,20,4,1199,1,16,-1,3,-1
2015030001419,2,9,0,18,0,8,0,0,0,0,1,1,6,2,63,9,1968,2,11,-1,3,-1
2015030001420,1,9,0,4,0,0,0,0,0,0,1,1,6,1,18,4,1398,2,12,-1,2,-1
2015030001420,2,9,0,4,0,0,0,0,0,0,2,1,6,2,35,6,1598,1,11,-1,2,-1
2015030001420,3,9,0,4,0,0,0,0,0,0,2,1,6,2,44,7,1398,2,7,-1,3,-1
2015030001421,1,9,0,9,0,1,0,0,0,0,4,1,6,2,64,9,1248,1,3,-1,2,-1
2015030001421,2,9,0,18,0,5,0,0,0,0,1,1,6,1,39,7,1560,2,2,-1,1,-1
2015030001433,1,19,0,18,0,1,0,0,0,0,2,1,1,1,61,9,-1,-1,-1,-1,2,-1
2015030001433,2,19,0,18,0,1,0,0,0,0,1,1,1,1,32,6,1995,2,1,-1,1,-1
2015030001433,3,9,0,18,0,1,0,0,0,0,1,1,6,1,-1,-1,2290,1,17,-1,2,-1
2015030001433,4,9,0,18,0,1,0,0,0,0,1,1,6,1,73,10,1796,1,11,-1,1,-1
2015030001434,1,1,0,18,0,0,5,12,0,0,0,1,6,2,57,9,-1,-1,-1,-1,3,-1
2015030001437,1,9,0,18,0,0,0,0,0,0,4,1,6,1,31,6,-1,-1,-1,-1,3,-1
2015030001437,2,1,0,18,0,0,0,0,0,0,3,1,6,1,47,8,-1,-1,-1,-1,3,-1
2015030001438,1,5,0,17,0,0,1,0,0,0,1,1,6,1,36,7,955,1,14,-1,3,-1
2015030001439,1,3,0,17,2,0,0,0,2,10,4,1,6,1,17,4,124,1,6,-1,2,-1
2015030001440,1,9,0,18,0,0,1,0,0,0,2,1,6,2,27,6,1997,1,-1,-1,2,-1
2015030001440,2,9,0,18,0,0,1,0,0,0,1,1,6,2,24,5,1991,1,13,-1,3,-1
2015030001440,3,9,0,18,0,0,1,0,0,0,1,1,6,2,33,6,1461,2,2,-1,2,-1
2015030001440,4,9,0,18,0,0,1,0,0,0,1,1,6,1,35,6,-1,-1,-1,-1,1,-1
2015030001442,1,19,0,1,0,1,0,0,0,0,2,1,1,1,30,6,2143,2,1,-1,1,-1
2015030001448,1,4,0,18,0,0,5,0,0,0,0,1,6,1,34,6,-1,-1,-1,-1,1,-1
2015030001452,1,1,0,16,0,0,5,0,0,10,1,1,6,1,20,4,-1,-1,-1,-1,1,-1
2015030001455,1,9,0,18,0,1,0,0,0,0,1,1,6,1,19,4,1390,1,16,-1,2,-1
2015030001455,2,4,0,9,0,1,0,0,0,0,2,1,6,1,50,8,125,1,8,-1,2,-1
2015030001456,1,9,0,2,0,0,0,0,0,0,0,1,6,3,20,4,-1,-1,-1,-1,-1,-1
2015030001456,2,11,0,18,0,0,0,0,0,0,0,1,1,1,30,6,4461,2,1,-1,1,-1
2015030001458,1,9,0,18,0,0,0,0,0,0,4,1,6,1,89,11,1299,1,14,-1,1,-1
2015030001458,2,9,0,2,0,0,0,0,0,0,3,1,6,1,50,8,1388,1,10,-1,-1,-1
2015030001458,3,9,0,2,0,0,0,0,0,0,3,1,6,2,40,7,1598,2,3,-1,1,-1
2015030001459,1,9,0,12,0,1,0,0,0,0,4,1,2,1,45,7,1364,1,-1,-1,-1,-1
2015030001459,2,9,0,18,0,1,0,0,0,0,3,1,3,2,44,7,998,1,3,-1,1,-1
2015030001462,1,9,0,18,0,4,1,0,7,1,1,1,6,1,58,9,1599,1,8,-1,-1,-1
2015030001464,1,20,0,18,0,0,0,0,0,0,2,1,6,1,48,8,5880,2,6,-1,3,-1
2015030001466,1,9,0,18,0,2,5,0,0,0,1,1,6,1,85,11,1149,1,4,-1,1,-1
2015030001466,2,9,0,7,0,6,0,0,0,0,1,1,6,2,44,7,1590,1,13,-1,1,-1
2015030001476,1,9,0,18,0,0,2,0,4,10,3,1,6,1,32,6,-1,-1,-1,-1,1,-1
2015030001477,1,9,0,18,0,1,0,0,0,0,1,1,6,2,27,6,1560,2,10,-1,1,-1
2015030001477,2,90,0,18,0,1,5,0,0,0,2,1,6,1,39,7,-1,-1,-1,-1,1,-1
2015030001478,1,9,0,18,0,0,0,0,0,0,4,1,6,1,30,6,-1,-1,-1,-1,2,-1
2015030001479,1,9,0,18,0,0,5,0,4,10,1,1,6,1,22,5,1796,2,2,-1,1,-1
2015030001487,1,9,0,14,0,0,0,0,0,0,4,1,2,1,48,8,1598,2,2,-1,2,-1
2015030001488,1,9,0,13,0,0,0,0,0,0,3,1,1,1,29,6,1598,2,-1,-1,2,-1
2015030001488,2,9,0,13,0,0,5,0,1,10,4,1,1,1,20,4,1896,2,14,-1,2,-1
2015030001488,3,9,0,18,0,0,0,0,0,0,3,1,1,1,34,6,-1,-1,-1,-1,1,-1
2015030001488,4,19,0,18,0,0,0,0,0,0,2,1,1,1,53,8,1248,2,5,-1,3,-1
2015030001489,1,1,0,18,0,0,0,0,0,0,0,1,6,1,42,7,-1,-1,-1,-1,1,-1
2015030001490,1,9,0,17,0,0,0,0,0,0,1,1,6,2,20,4,1299,1,8,-1,1,-1
2015030001490,2,9,0,3,0,0,0,0,0,0,2,1,6,1,18,4,1229,1,7,-1,1,-1
2015030001496,1,9,0,16,0,0,0,0,0,0,3,1,6,2,72,10,-1,-1,-1,-1,2,-1
2015030001496,2,9,0,17,0,0,0,0,0,0,3,1,1,1,42,7,1995,2,3,-1,1,-1
2015030001496,3,9,0,17,0,0,1,0,1,9,1,1,1,1,55,8,1870,2,3,-1,3,-1
2015030001497,1,9,0,7,0,6,0,0,0,0,1,1,6,1,-1,-1,1242,1,3,-1,1,-1
2015030001497,2,5,0,18,0,1,0,0,0,0,1,1,6,1,61,9,800,1,1,-1,3,-1
2015030001498,1,11,0,16,0,0,1,0,1,10,1,1,1,1,60,9,3900,2,10,-1,3,-1
2015030001498,2,9,0,17,0,0,5,0,2,10,1,1,6,2,38,7,1991,2,6,-1,2,-1
2015030001499,1,9,0,18,0,4,0,0,0,0,1,1,6,1,24,5,1198,1,3,-1,3,-1
2015030001499,2,9,0,18,0,4,0,0,0,0,2,1,6,1,74,10,1248,1,2,-1,3,-1
2015030001500,1,9,0,17,0,0,5,0,7,10,3,1,6,2,24,5,1587,1,11,-1,2,-1
2015030001501,1,9,0,5,0,1,0,0,0,0,4,1,6,2,28,6,1598,1,13,-1,3,-1
2015030001502,1,4,0,4,0,0,1,4,1,0,2,1,6,1,17,4,124,1,13,-1,2,-1
2015030001502,2,9,0,3,0,0,0,0,7,0,0,1,6,1,41,7,1598,1,7,-1,2,-1
2015030001503,1,9,0,9,0,1,0,0,0,0,1,1,6,1,19,4,1229,1,8,-1,2,-1
2015030001503,2,9,0,10,0,1,0,0,0,0,1,1,6,1,37,7,1968,2,6,-1,1,-1
2015030001504,1,9,0,18,0,1,0,0,0,0,4,1,6,2,29,6,1248,1,3,-1,2,-1
2015030001504,2,9,0,10,0,1,0,0,0,0,1,1,6,1,65,9,1248,2,9,-1,2,-1
2015030001505,1,9,0,12,0,1,0,0,0,0,3,1,6,2,49,8,1339,1,12,-1,1,-1
2015030001505,2,5,0,18,0,1,0,0,0,0,4,1,6,1,73,10,929,1,12,-1,1,-1
2015030001521,1,9,0,9,0,0,0,0,0,0,3,1,2,2,55,8,1753,2,13,-1,3,-1
2015030001521,2,9,0,18,0,0,0,0,0,0,1,1,2,1,50,8,2184,2,9,-1,3,-1
2015030001527,1,9,0,16,0,8,2,0,1,0,1,1,6,1,19,4,1596,1,4,-1,2,-1
2015030001527,2,9,0,4,0,8,0,0,1,0,1,1,6,1,60,9,998,1,1,-1,3,-1
2015030001528,1,9,0,18,9,0,0,0,0,0,4,1,6,3,-1,-1,-1,-1,-1,-1,-1,-1
2015030001532,1,9,0,13,0,0,0,0,0,0,1,1,6,1,21,5,1596,1,1,-1,-1,-1
2015030001532,2,9,0,16,0,0,0,0,0,0,1,1,6,2,17,4,1198,1,10,-1,2,-1
2015030001532,3,9,0,17,0,0,0,0,0,0,2,1,6,1,61,9,1499,2,-1,-1,2,-1
2015030001534,1,9,0,18,0,0,0,0,0,0,1,1,6,2,43,7,-1,-1,-1,-1,1,-1
2015030001534,2,9,0,3,0,0,0,0,0,0,2,1,6,1,18,4,-1,-1,-1,-1,2,-1
2015030001537,1,9,0,4,0,1,0,0,0,0,1,1,6,3,-1,-1,-1,-1,-1,-1,-1,-1
2015030001537,2,1,0,18,0,8,0,0,0,0,3,1,4,1,13,3,-1,-1,-1,-1,1,-1
2015030001538,1,9,0,18,0,8,0,0,0,0,4,1,6,1,50,8,-1,-1,-1,-1,3,-1
2015030001538,2,9,0,18,0,8,0,0,0,0,4,1,6,1,36,7,1997,2,7,-1,3,-1
2015030001541,1,9,0,18,0,0,0,0,0,0,1,1,1,1,40,7,1997,2,11,-1,1,-1
2015030001541,2,9,0,4,0,0,0,0,0,0,1,1,2,1,47,8,1968,2,-1,-1,3,-1
2015030001542,1,9,0,5,0,4,0,0,0,0,1,1,6,2,66,10,-1,-1,-1,-1,2,-1
2015030001542,2,1,0,9,0,3,0,0,0,0,4,1,6,1,34,6,-1,-1,-1,-1,1,-1
2015030001543,1,19,0,5,0,1,0,0,0,0,1,1,6,1,42,7,2402,2,13,-1,1,-1
2015030001543,2,9,0,5,0,1,0,0,0,0,2,1,6,2,45,7,1461,2,9,-1,2,-1
2015030001544,1,9,0,9,0,4,0,0,0,0,1,1,6,1,77,11,1461,2,1,-1,2,-1
2015030001544,2,9,0,4,0,4,0,0,0,0,4,1,6,2,35,6,1999,1,9,-1,1,-1
2015030001544,3,8,0,3,0,4,0,0,0,0,1,1,6,1,56,9,1598,2,3,-1,1,-1
2015030001545,1,20,0,18,0,0,0,0,0,0,4,1,6,2,-1,-1,-1,-1,-1,-1,-1,-1
2015030001546,1,9,0,4,0,0,0,0,0,0,2,1,6,1,64,9,1399,2,7,-1,2,-1
2015030001546,2,9,0,4,0,0,0,0,0,0,2,1,6,2,40,7,1997,2,11,-1,3,-1
2015030001546,3,9,0,4,0,0,0,0,0,0,2,1,6,2,38,7,1560,2,3,-1,3,-1
2015030001546,4,9,0,4,0,0,0,0,0,0,1,1,6,2,30,6,1796,1,12,-1,2,-1
2015030001553,1,9,0,4,0,0,0,0,0,0,1,1,6,2,26,6,1242,1,9,-1,2,-1
2015030001553,2,9,0,4,0,0,0,0,0,0,2,1,6,1,18,4,1124,1,13,-1,1,-1
2015030001554,1,9,0,7,0,5,0,0,3,0,1,1,6,2,18,4,1328,1,9,-1,1,-1
2015030001555,1,19,0,18,0,1,0,0,0,0,1,1,1,1,37,7,2402,2,5,-1,1,-1
2015030001555,2,9,0,10,0,8,0,0,0,0,2,1,2,2,74,10,1242,1,3,-1,3,-1
2015030001555,3,9,0,18,0,8,0,0,0,0,3,1,1,1,29,6,-1,-1,-1,-1,3,-1
2015030001556,1,9,0,4,0,1,0,0,0,0,1,1,6,2,18,4,1242,1,6,-1,2,-1
2015030001556,2,9,0,3,0,1,0,0,0,0,2,1,6,1,55,8,2400,2,-1,-1,-1,-1
2015030001560,1,4,0,18,0,0,1,11,0,0,0,1,6,3,-1,-1,-1,-1,-1,-1,-1,-1
2015030001561,1,1,0,18,0,0,0,4,0,0,1,1,6,1,52,8,-1,-1,-1,-1,3,-1
2015030001561,2,9,0,3,0,0,0,0,0,0,2,1,6,2,59,9,1461,2,10,-1,1,-1
2015030001562,1,4,0,18,0,1,0,0,0,0,1,1,6,3,-1,-1,-1,-1,-1,-1,-1,-1
2015030001562,2,9,0,18,0,1,0,0,0,0,4,1,6,1,26,6,1242,1,7,-1,-1,-1
2015030001563,1,2,0,18,0,0,0,0,0,0,1,1,6,1,16,4,49,1,7,-1,3,-1
2015030001563,2,9,0,18,0,0,0,0,0,0,1,1,6,1,19,4,1360,1,15,-1,2,-1
2015030001564,1,9,0,18,0,6,5,0,7,1,4,1,6,1,84,11,1598,2,3,-1,1,-1
2015030001564,2,9,0,18,0,1,0,0,0,0,1,1,6,2,27,6,998,1,3,-1,1,-1
2015030001565,1,9,0,16,0,0,2,0,1,4,4,1,6,1,22,5,1753,2,14,-1,1,-1
2015030001566,1,4,0,18,0,0,0,0,1,0,1,1,6,1,22,5,296,1,1,-1,1,-1
2015030001569,1,9,0,17,0,0,2,0,1,4,3,1,6,1,19,4,1398,2,6,-1,3,-1
2015030001570,1,9,0,9,0,8,0,0,0,0,0,1,6,1,56,9,1997,2,2,-1,3,-1
2015030001570,2,9,0,18,0,8,0,0,0,5,1,1,6,1,23,5,1995,2,8,-1,3,-1
2015030001573,1,9,0,13,0,0,1,0,0,0,1,1,6,1,24,5,1360,1,11,-1,2,-1
2015030001573,2,9,0,18,0,0,1,0,1,0,1,1,6,2,56,9,1149,1,11,-1,3,-1
2015030001573,3,9,0,18,0,0,1,0,0,0,0,1,6,1,59,9,2400,2,8,-1,3,-1
2015030001574,1,20,0,2,0,1,0,0,0,0,0,1,1,1,25,5,10518,2,6,-1,1,-1
2015030001574,2,11,0,18,0,1,0,0,0,0,1,1,1,1,53,8,8268,2,10,-1,1,-1
2015030001584,1,5,0,18,0,1,0,0,0,0,1,1,6,2,38,7,-1,-1,-1,-1,1,-1
2015030001584,2,5,0,18,0,1,0,0,0,0,1,1,6,1,47,8,1052,1,20,-1,1,-1
2015030001584,3,9,0,3,0,1,0,0,0,0,2,1,6,1,41,7,1461,2,-1,-1,-1,-1
2015030001586,1,5,0,16,0,0,0,0,0,0,4,1,6,1,37,7,646,1,10,-1,1,-1
2015030001586,2,9,0,17,0,0,0,0,0,0,3,1,6,2,87,11,1399,1,6,-1,2,-1
2015030001587,1,9,0,8,0,0,0,0,0,0,1,1,6,2,47,8,1994,2,11,-1,1,-1
2015030001587,2,1,0,18,4,0,0,0,0,0,4,1,6,1,64,9,-1,-1,-1,-1,1,-1
2015030001589,1,5,0,16,0,0,1,0,0,0,1,1,6,1,65,9,998,1,7,-1,1,-1
2015030001589,2,9,0,16,0,0,1,0,0,0,1,1,6,1,65,9,-1,-1,-1,-1,1,-1
2015030001591,1,3,0,18,0,0,0,0,7,0,3,1,6,1,17,4,100,1,13,-1,3,-1
2015030001593,1,4,0,18,6,0,5,0,0,0,1,1,6,1,50,8,998,1,1,-1,1,-1
2015030001593,2,9,0,18,0,0,0,0,0,0,3,1,6,1,60,9,2495,2,9,-1,3,-1
2015030001595,1,9,0,10,0,1,0,0,0,0,1,1,6,1,71,10,1461,2,1,-1,2,-1
2015030001595,2,9,0,18,0,1,0,0,7,10,1,1,6,1,69,10,1798,1,7,-1,3,-1
2015030001597,1,11,0,4,0,0,0,0,0,0,0,1,6,1,61,9,8268,2,9,-1,1,-1
2015030001603,1,21,1,18,0,8,5,0,0,2,0,1,6,1,44,7,12902,2,-1,-1,1,-1
2015030001606,1,21,1,9,0,0,0,0,0,0,4,1,6,1,42,7,-1,-1,-1,-1,1,-1
2015030001606,2,1,0,18,0,0,0,0,0,0,1,1,6,1,42,7,-1,-1,-1,-1,1,-1
2015030001608,1,3,0,18,0,1,0,11,0,10,1,1,6,1,56,9,124,1,3,-1,2,-1
2015030001609,1,9,0,4,0,0,0,0,0,0,1,1,6,1,68,10,2295,1,11,-1,1,-1
2015030001609,2,9,0,3,0,0,0,0,0,0,2,1,6,1,46,8,1242,1,1,-1,1,-1
2015030001610,1,9,0,12,0,0,0,0,0,0,3,1,6,1,24,5,1242,1,14,-1,1,-1
2015030001610,2,9,0,12,0,0,0,0,0,0,4,1,6,2,69,10,2231,2,1,-1,3,-1
2015030001614,1,9,0,11,0,0,0,4,0,0,1,1,6,2,84,11,1596,1,1,-1,3,-1
2015030001614,2,9,0,2,0,0,0,0,0,0,2,1,6,2,32,6,-1,-1,-1,-1,2,-1
2015030001621,1,9,0,18,0,1,0,0,0,0,1,1,6,1,-1,-1,1598,2,4,-1,3,-1
2015030001621,2,9,0,3,0,1,0,0,0,0,2,1,6,1,38,7,1598,1,6,-1,1,-1
2015030001621,3,9,0,4,0,1,0,0,0,0,0,1,6,3,-1,-1,998,1,2,-1,-1,-1
2015030001623,1,9,0,18,0,0,0,0,0,0,1,1,6,1,17,4,-1,-1,-1,-1,1,-1
2015030001623,2,90,0,4,0,0,0,0,0,0,2,1,6,1,29,6,-1,-1,-1,-1,2,-1
2015030001624,1,9,0,5,0,1,0,0,0,0,1,1,6,1,33,6,1198,1,12,-1,2,-1
2015030001624,2,9,0,18,0,1,0,0,0,0,1,1,6,2,20,4,999,1,15,-1,3,-1
2015030001626,1,3,0,18,0,0,0,11,0,0,1,1,6,2,58,9,124,1,8,-1,3,-1