Accident_Index,Vehicle_Reference,Vehicle_Type,Towing_and_Articulation,Vehicle_Manoeuvre,Vehicle_Location-Restricted_Lane,Junction_Location,Skidding_and_Overturning,Hit_Object_in_Carriageway,Vehicle_Leaving_Carriageway,Hit_Object_off_Carriageway,1st_Point_of_Impact,Was_Vehicle_Left_Hand_Drive?,Journey_Purpose_of_Driver,Sex_of_Driver,Age_of_Driver,Age_Band_of_Driver,Engine_Capacity_(CC),Propulsion_Code,Age_of_Vehicle,Driver_IMD_Decile,Driver_Home_Area_Type,Vehicle_IMD_Decile
2015030001629,1,9,0,18,0,0,0,0,0,0,4,1,1,2,32,6,1796,1,6,-1,3,-1
2015030001629,2,1,0,5,0,0,0,0,0,0,1,1,4,1,12,3,-1,-1,-1,-1,2,-1
2015030001630,1,9,0,18,0,1,0,0,0,0,1,1,6,1,24,5,-1,-1,-1,-1,1,-1
2015030001630,2,9,0,4,0,1,0,0,0,0,2,1,6,2,46,8,998,1,2,-1,1,-1
2015030001632,1,9,0,4,0,8,0,0,0,0,2,1,6,1,56,9,1896,2,11,-1,-1,-1
2015030001632,2,9,0,4,0,1,0,0,0,0,1,1,6,1,41,7,1498,1,9,-1,1,-1
2015030001645,1,9,0,5,0,1,0,0,0,0,3,1,6,1,30,6,1364,1,10,-1,1,-1
2015030001645,2,9,0,4,0,1,0,0,0,0,1,1,6,2,28,6,1968,2,5,-1,2,-1
2015030001655,1,20,0,16,0,0,0,0,0,0,1,1,6,1,47,8,-1,-1,-1,-1,3,-1
2015030001656,1,9,0,18,0,0,0,0,8,6,1,1,6,2,32,6,1598,1,12,-1,1,-1
2015030001657,1,9,0,16,0,0,0,0,0,0,1,1,6,1,29,6,-1,-1,-1,-1,1,-1
2015030001658,1,9,0,5,0,2,0,0,1,4,1,1,6,1,65,9,1497,1,10,-1,1,-1
2015030001661,1,9,0,18,0,0,2,0,7,0,1,1,6,2,87,11,1198,1,6,-1,2,-1
2015030001661,2,9,0,18,0,0,0,0,1,10,4,1,6,1,28,6,-1,-1,-1,-1,2,-1
2015030001662,1,11,0,18,0,0,0,0,0,0,4,1,6,1,55,8,3900,2,10,-1,2,-1
2015030001665,1,4,0,18,0,0,0,0,8,4,1,1,6,1,51,8,350,1,2,-1,1,-1
2015030001667,1,3,0,18,0,0,0,0,1,0,1,1,6,1,28,6,124,1,1,-1,3,-1
2015030001670,1,9,0,18,0,0,0,0,1,10,1,1,6,1,70,10,-1,-1,-1,-1,1,-1
2015030001671,1,9,0,7,0,1,0,0,0,0,1,1,6,2,49,8,1560,2,4,-1,1,-1
2015030001671,2,9,0,18,0,1,0,0,0,0,1,1,6,1,77,11,2184,2,11,-1,3,-1
2015030001676,1,9,0,9,0,5,0,0,0,0,1,1,6,3,-1,-1,-1,-1,-1,-1,-1,-1
2015030001676,2,3,0,18,0,1,0,0,0,0,1,1,6,2,49,8,49,1,-1,-1,1,-1
2015030001678,1,9,0,5,0,0,0,0,0,0,1,1,6,2,25,5,1199,1,12,-1,1,-1
2015030001679,1,9,0,18,0,0,0,4,0,0,1,1,6,1,60,9,2597,1,13,-1,1,-1
2015030001679,2,17,4,2,0,0,0,0,0,0,1,1,1,1,45,7,-1,2,12,-1,3,-1
2015030001680,1,9,0,18,0,1,0,0,0,0,1,1,6,1,32,6,1951,2,12,-1,1,-1
2015030001680,2,9,0,4,0,1,0,0,0,0,2,1,6,2,56,9,1997,1,11,-1,1,-1
2015030001681,1,9,0,1,0,1,0,0,1,10,0,1,6,2,69,10,1997,2,2,-1,3,-1
2015030001693,1,9,0,18,0,0,0,0,0,0,1,1,6,3,-1,-1,1360,1,9,-1,-1,-1
2015030001698,1,3,0,17,0,0,2,0,2,10,1,1,6,1,19,4,373,1,1,-1,2,-1
2015030001698,2,9,0,16,0,0,0,0,0,0,3,1,6,1,83,11,2143,2,2,-1,3,-1
2015030001699,1,9,0,1,0,0,0,11,0,0,2,1,6,1,75,10,1560,2,1,-1,1,-1
2015030001700,1,9,0,18,0,0,0,0,0,0,1,1,6,1,30,6,1332,1,5,-1,-1,-1
2015030001700,2,90,0,18,0,0,0,0,0,0,2,1,6,1,22,5,229,1,7,-1,1,-1
2015030001701,1,9,0,5,0,8,0,0,0,0,4,1,6,1,17,4,1388,1,11,-1,1,-1
2015030001702,1,9,0,18,0,1,0,0,0,0,1,1,6,2,56,9,3628,2,5,-1,3,-1
2015030001702,2,9,0,3,0,1,0,0,0,0,2,1,6,1,57,9,1796,1,1,-1,1,-1
2015030001703,1,9,0,9,0,1,0,0,0,0,1,1,6,2,24,5,1199,1,14,-1,1,-1
2015030001703,2,1,0,18,0,1,0,0,0,0,4,1,6,1,36,7,-1,-1,-1,-1,1,-1
2015030001704,1,5,0,18,0,0,0,0,0,0,3,1,6,1,42,7,749,1,16,-1,2,-1
2015030001704,2,9,0,18,0,0,0,0,0,0,3,1,6,2,48,8,1896,2,11,-1,1,-1
2015030001704,3,9,0,18,0,0,0,0,0,0,3,1,6,2,45,7,1968,2,4,-1,3,-1
2015030001705,1,9,0,5,0,2,0,0,0,0,1,1,6,1,36,7,1560,2,2,-1,1,-1
2015030001705,2,9,0,18,0,1,0,0,0,0,1,1,6,1,47,8,2400,2,2,-1,3,-1
2015030001719,1,9,0,17,0,0,0,0,0,0,3,1,6,2,21,5,1240,1,12,-1,3,-1
2015030001719,2,9,0,16,0,0,0,0,0,0,3,1,6,2,29,6,1399,2,3,-1,3,-1
2015030001720,1,9,0,5,0,8,0,0,0,0,3,1,6,2,41,7,-1,-1,-1,-1,1,-1
2015030001720,2,4,0,18,0,8,2,0,0,0,1,1,6,1,24,5,-1,-1,-1,-1,3,-1
2015030001724,1,9,0,18,0,8,0,0,0,0,1,1,1,2,23,5,1242,1,1,-1,1,-1
2015030001724,2,9,0,9,0,5,0,0,0,0,2,1,1,2,24,5,1598,1,8,-1,2,-1
2015030001726,1,9,0,18,0,0,0,0,0,0,4,1,6,3,-1,-1,998,1,17,-1,-1,-1
2015030001726,2,9,0,2,0,0,0,0,0,0,3,1,6,1,39,7,-1,-1,-1,-1,1,-1
2015030001727,1,9,0,18,0,0,0,0,0,0,1,1,6,1,17,4,1910,2,10,-1,3,-1
2015030001727,2,1,0,18,0,0,0,0,0,0,1,1,6,1,50,8,-1,-1,-1,-1,1,-1
2015030001728,1,5,0,16,0,0,0,0,7,0,4,1,6,1,44,7,-1,-1,-1,-1,1,-1
2015030001728,2,9,0,4,0,0,0,0,7,0,1,1,6,1,53,8,1560,2,1,-1,1,-1
2015030001729,1,9,0,9,0,2,0,0,0,0,1,1,6,2,-1,-1,1242,1,8,-1,1,-1
2015030001729,2,1,0,18,4,1,0,0,0,0,1,1,6,2,41,7,-1,-1,-1,-1,1,-1
2015030001730,1,9,0,5,0,1,0,0,0,0,1,1,6,1,51,8,1896,2,8,-1,1,-1
2015030001730,2,9,0,18,0,1,5,0,0,0,1,1,6,1,36,7,1598,1,4,-1,2,-1
2015030001750,1,9,0,18,0,1,1,0,0,0,4,1,6,1,24,5,2495,2,13,-1,1,-1
2015030001752,1,9,0,13,0,1,1,0,7,10,1,1,6,1,19,4,1999,1,10,-1,3,-1
2015030001752,2,9,0,9,0,1,0,0,7,10,3,1,6,1,17,4,1199,1,12,-1,3,-1
2015030001753,1,9,0,18,0,0,0,0,0,0,3,1,6,2,41,7,1560,2,4,-1,3,-1
2015030001760,1,9,0,16,0,0,0,0,0,0,1,1,6,1,74,10,1582,2,4,-1,3,-1
2015030001760,2,9,0,17,0,0,0,0,0,0,1,1,6,1,27,6,1896,2,10,-1,2,-1
2015030001761,1,4,0,18,0,1,0,0,4,2,1,1,2,1,20,4,498,1,16,-1,1,-1
2015030001762,1,9,0,18,0,6,0,0,0,0,1,1,6,2,75,10,1596,1,1,-1,2,-1
2015030001762,2,9,0,18,0,1,0,0,7,0,1,1,6,2,23,5,1390,1,10,-1,3,-1
2015030001763,1,9,0,18,0,0,1,0,0,0,1,1,6,2,40,7,1997,2,11,-1,3,-1
2015030001763,2,9,0,18,0,0,0,0,1,0,2,1,6,1,50,8,-1,-1,-1,-1,3,-1
2015030001764,1,9,0,5,0,0,0,0,0,0,3,1,6,1,-1,-1,1360,1,9,-1,1,-1
2015030001764,2,9,0,18,0,0,0,0,0,0,4,1,6,1,33,6,1598,1,7,-1,1,-1
2015030001765,1,9,0,16,0,0,5,10,1,10,4,1,6,2,23,5,1149,1,13,-1,1,-1
2015030001766,1,9,0,7,0,1,0,0,0,0,1,1,6,2,39,7,1999,1,-1,-1,-1,-1
2015030001766,2,1,0,18,0,8,0,0,0,0,4,1,6,2,47,8,-1,-1,-1,-1,1,-1
2015030001767,1,9,0,16,0,2,0,0,0,0,1,1,6,1,34,6,1229,1,8,-1,1,-1
2015030001767,2,9,0,18,0,1,0,0,0,0,1,1,6,1,49,8,1598,2,1,-1,1,-1
2015030001768,1,4,0,18,0,8,0,0,0,0,1,1,6,1,63,9,883,1,17,-1,1,-1
2015030001768,2,9,0,18,0,3,0,0,0,0,4,1,6,2,27,6,1368,1,11,-1,1,-1
2015030001769,1,9,0,16,0,0,0,0,0,0,0,1,6,3,-1,-1,-1,-1,-1,-1,-1,-1
2015030001769,2,4,0,17,0,0,0,0,0,0,0,1,6,1,18,4,124,1,9,-1,1,-1
2015030001770,1,9,0,5,0,1,0,0,0,0,1,1,6,1,45,7,3311,8,8,-1,1,-1
2015030001770,2,5,0,3,0,1,0,0,0,0,2,1,6,1,48,8,1255,1,6,-1,2,-1
2015030001771,1,9,0,9,0,6,1,0,0,0,1,1,6,2,62,9,1061,1,9,-1,1,-1
2015030001771,2,11,0,18,0,1,0,0,0,0,3,1,6,2,48,8,-1,-1,-1,-1,1,-1
2015030001776,1,9,0,18,0,6,0,0,0,0,4,1,6,1,25,5,1560,2,-1,-1,1,-1
2015030001776,2,2,0,18,0,1,0,0,0,0,1,1,6,1,16,4,49,1,10,-1,3,-1
2015030001777,1,9,0,5,0,6,0,0,0,0,1,1,6,2,48,8,1968,2,5,-1,3,-1
2015030001777,2,9,0,17,0,1,1,0,7,10,1,1,6,2,81,11,1461,2,6,-1,1,-1
2015030001778,1,9,0,1,0,0,0,0,0,0,2,1,6,3,-1,-1,-1,-1,-1,-1,-1,-1
2015030001779,1,5,0,18,0,0,0,0,1,0,1,1,6,1,32,6,-1,-1,-1,-1,1,-1
2015030001785,1,19,0,3,0,0,0,0,0,0,2,1,6,3,-1,-1,-1,-1,-1,-1,-1,-1
2015030001785,2,9,0,3,0,0,0,0,0,0,2,1,6,2,55,8,1598,2,3,-1,3,-1
2015030001785,3,9,0,3,0,0,0,0,0,0,2,1,6,3,-1,-1,-1,-1,-1,-1,-1,-1
2015030001800,1,9,0,5,9,0,0,0,0,0,0,1,6,1,25,5,2656,1,9,-1,1,-1
2015030001801,1,19,0,4,0,0,0,0,0,0,1,1,1,1,31,6,2143,2,1,-1,-1,-1
2015030001801,2,17,0,4,0,0,0,0,0,0,1,1,1,1,38,7,6788,2,3,-1,-1,-1
2015030001802,1,9,0,16,0,0,1,0,0,0,1,1,2,2,49,8,2402,2,8,-1,2,-1
2015030001802,2,9,0,17,0,0,0,0,0,0,1,1,2,1,59,9,1968,2,6,-1,3,-1
2015030001803,1,9,0,18,0,0,0,0,0,0,1,1,6,2,21,5,996,1,3,-1,1,-1
2015030001803,2,9,0,3,0,0,0,0,0,0,3,1,6,1,20,4,1461,2,1,-1,1,-1
2015030001804,1,9,0,18,0,1,0,0,0,0,1,1,1,1,34,6,1968,2,2,-1,1,-1
2015030001804,2,9,0,18,0,1,0,0,0,0,1,1,2,1,49,8,2183,2,5,-1,2,-1
2015030001805,1,9,0,18,0,0,0,0,0,0,1,1,6,2,17,4,1995,2,9,-1,1,-1
2015030001805,2,9,0,18,0,0,0,0,1,0,2,1,2,2,60,9,-1,-1,-1,-1,1,-1
2015030001806,1,5,0,16,0,0,2,0,0,0,4,1,6,1,26,6,-1,-1,-1,-1,-1,-1
2015030001808,1,9,0,18,0,0,0,0,7,10,1,1,6,1,18,4,-1,-1,-1,-1,3,-1
2015030001813,1,9,0,9,0,5,0,0,0,0,2,1,2,1,20,4,1968,2,8,-1,3,-1
2015030001813,2,3,0,13,0,1,0,0,0,0,1,1,1,1,46,8,-1,-1,-1,-1,-1,-1
2015030001817,1,9,0,14,0,0,0,0,0,0,1,1,6,1,46,8,1272,1,21,-1,1,-1
2015030001817,2,9,0,18,0,0,0,0,0,0,1,1,1,1,24,5,1598,2,2,-1,1,-1
2015030001818,1,9,0,16,0,0,1,0,0,0,1,1,6,1,23,5,1596,1,10,-1,3,-1
2015030001819,1,9,0,18,0,0,0,0,0,0,1,1,6,1,81,11,2435,1,14,-1,1,-1
2015030001819,2,9,0,3,0,0,0,0,0,0,2,1,1,2,25,5,1598,2,2,-1,1,-1
2015030001820,1,21,1,18,0,1,1,0,0,0,1,1,1,1,24,5,12809,2,2,-1,3,-1
2015030001820,2,9,0,4,0,1,0,0,0,0,2,1,6,1,31,6,1995,2,6,-1,1,-1
2015030001821,1,9,0,18,0,0,1,0,1,1,3,1,6,1,21,5,1587,1,17,-1,3,-1
2015030001822,1,9,0,18,0,1,0,0,1,10,1,1,6,1,23,5,1998,2,12,-1,2,-1
2015030001823,1,9,0,18,0,0,0,0,0,0,4,1,6,1,40,7,1997,2,13,-1,1,-1
2015030001831,1,9,0,5,0,1,0,0,0,0,1,1,6,2,70,10,1395,1,-1,-1,-1,-1
2015030001831,2,9,0,18,0,6,0,0,0,0,3,1,6,2,50,8,1796,1,14,-1,1,-1
2015030001832,1,9,0,7,0,8,0,0,0,0,0,1,6,2,30,6,1598,1,12,-1,1,-1
2015030001835,1,19,0,18,0,0,2,11,5,0,3,1,6,1,21,5,1995,2,1,-1,-1,-1
2015030001837,1,19,0,18,0,0,0,0,0,0,1,1,6,1,66,10,-1,-1,-1,-1,1,-1
2015030001838,1,1,0,18,0,8,5,0,0,0,1,1,6,1,12,3,-1,-1,-1,-1,1,-1
2015030001838,2,9,0,18,0,1,0,0,0,0,4,1,6,1,61,9,1598,2,4,-1,1,-1
2015030001839,1,9,0,18,0,1,0,4,0,0,1,1,6,2,27,6,1461,2,8,-1,2,-1
2015030001839,2,9,0,5,0,6,0,0,0,0,1,1,6,2,18,4,-1,-1,-1,-1,3,-1
2015030001839,3,9,0,2,0,1,0,0,0,0,3,1,6,2,44,7,1242,1,4,-1,2,-1
2015030001839,4,9,0,2,0,1,0,0,0,0,1,1,6,2,44,7,1390,1,11,-1,2,-1
2015030001840,1,5,0,18,0,0,0,0,0,10,3,1,6,1,29,6,520,1,9,-1,3,-1
2015030001842,1,9,0,16,0,0,2,0,1,10,1,1,6,2,38,7,1199,1,14,-1,1,-1
2015030001843,1,9,0,9,0,5,0,0,0,0,4,1,6,1,57,9,1242,1,4,-1,1,-1
2015030001843,2,9,0,18,0,1,0,0,0,0,1,1,6,1,65,9,1560,2,6,-1,1,-1
2015030001845,1,9,0,1,0,0,0,0,0,0,0,1,6,1,58,9,1796,1,14,-1,-1,-1
2015030001845,2,1,0,16,0,0,2,0,0,0,0,1,6,1,45,7,-1,-1,-1,-1,1,-1
2015030001847,1,19,0,9,0,5,0,0,7,0,1,1,1,1,51,8,2299,2,1,-1,3,-1
2015030001847,2,9,0,13,0,8,0,0,7,0,1,1,6,1,51,8,1588,1,15,-1,3,-1
2015030001850,1,9,0,18,0,8,0,10,7,10,1,1,6,1,30,6,1910,2,10,-1,2,-1
2015030001851,1,9,0,5,0,1,0,0,0,0,3,1,6,1,42,7,2979,1,12,-1,1,-1
2015030001851,2,1,0,18,0,1,0,0,0,0,3,1,6,1,37,7,-1,-1,-1,-1,3,-1
2015030001852,1,9,0,16,0,0,0,0,2,4,1,1,6,3,-1,-1,1360,1,15,-1,-1,-1
2015030001861,1,1,0,18,0,0,0,0,0,0,0,1,6,1,85,11,-1,-1,-1,-1,3,-1
2015030001862,1,9,0,9,0,8,0,0,0,0,1,1,1,1,34,6,1560,2,3,-1,3,-1
2015030001862,2,9,0,18,0,8,5,0,0,0,1,1,6,2,23,5,973,1,14,-1,1,-1
2015030001865,1,9,0,3,0,0,0,0,0,0,0,1,6,1,60,9,1956,2,3,-1,3,-1
2015030001865,2,9,0,2,0,0,0,0,0,0,2,1,6,1,-1,-1,1590,1,13,-1,3,-1
2015030001865,3,1,0,18,0,0,0,0,0,0,1,1,6,1,34,6,-1,-1,-1,-1,2,-1
2015030001868,1,9,0,18,0,4,0,0,0,0,3,1,6,1,24,5,1388,1,16,-1,1,-1
2015030001868,2,9,0,18,0,4,0,0,0,0,4,1,6,1,36,7,1984,1,13,-1,1,-1
2015030001870,1,9,0,5,0,1,0,0,0,0,1,1,6,2,23,5,1242,1,-1,-1,-1,-1
2015030001870,2,9,0,5,0,1,0,0,0,0,2,1,6,1,45,7,1995,1,10,-1,1,-1
2015030001871,1,9,0,17,0,0,1,0,0,0,1,1,6,2,69,10,1896,2,12,-1,3,-1
2015030001871,2,9,0,18,0,0,0,0,0,0,1,1,6,1,34,6,1198,1,11,-1,1,-1
2015030001872,1,9,0,17,0,0,1,0,7,2,1,1,6,1,26,6,2171,2,11,-1,2,-1
2015030001878,1,9,0,1,0,0,0,0,0,0,2,1,6,2,38,7,1368,1,7,-1,3,-1
2015030001880,1,9,0,7,0,6,0,0,0,0,1,1,6,1,56,9,2494,1,12,-1,1,-1
2015030001880,2,9,0,18,0,1,0,0,0,0,4,1,6,2,65,9,1329,1,4,-1,1,-1
2015030001882,1,9,0,18,0,0,0,0,0,0,4,1,2,1,32,6,1587,1,8,-1,2,-1
2015030001883,1,9,0,9,0,6,0,0,0,0,1,1,6,1,43,7,1997,2,11,-1,1,-1
2015030001883,2,9,0,4,0,5,0,0,0,0,1,1,6,2,20,4,2191,2,-1,-1,3,-1
2015030001884,1,19,0,4,0,1,0,0,0,0,0,1,6,1,60,9,1968,2,2,-1,2,-1
2015030001885,1,1,0,7,0,2,1,0,0,0,1,1,6,1,25,5,-1,-1,-1,-1,1,-1
2015030001885,2,9,0,18,0,1,0,0,0,0,4,1,2,2,36,7,1753,2,6,-1,1,-1
2015030001886,1,9,0,16,0,8,0,0,0,0,3,1,6,2,61,9,1242,1,4,-1,1,-1
2015030001887,1,19,0,18,0,8,0,0,0,0,1,1,6,1,43,7,2987,2,8,-1,3,-1
2015030001887,2,9,0,3,0,1,0,0,0,0,2,1,6,1,64,9,2400,2,6,-1,1,-1
2015030001888,1,9,0,17,0,0,2,0,0,0,0,1,6,1,19,4,-1,-1,-1,-1,3,-1
2015030001903,1,9,0,3,0,0,0,0,0,0,0,1,6,1,72,10,-1,1,104,-1,3,-1
2015030001904,1,5,0,13,0,0,0,0,5,6,3,1,6,2,59,9,599,1,4,-1,1,-1
2015030001905,1,4,0,18,0,2,0,4,0,0,1,1,6,1,32,6,-1,-1,-1,-1,1,-1
2015030001905,2,9,0,2,0,2,0,0,0,0,3,1,6,1,21,5,1395,1,1,-1,1,-1
2015030001906,1,9,0,18,0,8,0,0,0,0,1,1,6,1,21,5,1299,1,10,-1,3,-1
2015030001906,2,9,0,9,0,8,0,0,0,0,1,1,6,2,27,6,-1,-1,-1,-1,3,-1
2015030001907,1,9,0,13,0,1,0,0,0,0,1,1,6,1,89,11,1198,1,2,-1,2,-1
2015030001907,2,9,0,9,0,1,0,0,0,0,1,1,6,1,35,6,1968,2,5,-1,-1,-1
2015030001908,1,21,1,11,0,8,0,0,0,0,1,1,1,1,46,8,11967,2,10,-1,1,-1
2015030001908,2,9,0,18,0,8,0,0,0,0,3,1,6,2,41,7,1598,1,2,-1,-1,-1
2015030001909,1,9,0,12,0,1,0,0,6,0,2,1,6,1,43,7,1242,1,13,-1,1,-1
2015030001909,2,9,0,18,0,1,0,0,4,0,1,1,6,1,54,8,1560,2,8,-1,1,-1
2015030001910,1,9,0,18,0,0,0,0,0,0,3,1,6,3,-1,-1,-1,-1,-1,-1,-1,-1
2015030001910,2,9,0,2,0,0,0,0,0,0,3,1,6,2,35,6,1560,2,4,-1,1,-1
2015030001911,1,9,0,9,0,5,0,0,0,0,1,1,6,1,22,5,998,1,1,-1,3,-1
2015030001911,2,9,0,18,0,8,0,0,0,0,1,1,6,2,20,4,1000,1,15,-1,1,-1
2015030001912,1,9,0,5,0,3,0,0,0,0,3,1,6,1,40,7,1248,2,6,-1,2,-1
2015030001912,2,1,0,5,0,3,0,0,0,0,3,1,6,1,43,7,-1,-1,-1,-1,1,-1
2015030001913,1,9,0,4,0,1,0,0,1,10,1,1,6,1,47,8,1461,2,-1,-1,-1,-1
2015030001913,2,9,0,18,0,1,0,0,0,0,1,1,6,1,-1,-1,-1,-1,-1,-1,-1,-1
2015030001914,1,9,0,16,0,0,2,0,1,10,4,1,6,2,21,5,1461,2,7,-1,1,-1
2015030001915,1,9,0,17,0,0,1,0,7,4,4,1,6,1,34,6,1596,1,12,-1,1,-1
2015030001916,1,1,0,16,0,0,0,0,0,0,1,1,6,2,22,5,-1,-1,-1,-1,3,-1
2015030001916,2,19,0,4,0,0,0,0,0,0,1,1,1,1,42,7,1870,2,9,-1,3,-1
2015030001917,1,9,0,17,0,1,0,0,0,0,1,1,6,3,-1,-1,-1,-1,-1,-1,-1,-1
2015030001918,1,9,0,18,0,0,1,0,0,10,1,1,6,2,21,5,1296,1,7,-1,-1,-1
2015030001919,1,9,0,4,0,1,0,0,0,0,0,1,6,2,-1,-1,1968,2,3,-1,3,-1
2015030001919,2,9,0,4,0,1,0,0,0,0,2,1,6,1,33,6,2148,2,6,-1,3,-1
2015030001919,3,9,0,18,0,1,0,0,0,0,1,1,6,1,66,10,1686,2,9,-1,2,-1
2015030001938,1,9,0,18,0,1,0,0,0,0,2,1,6,2,33,6,-1,-1,-1,-1,1,-1
2015030001938,2,9,0,10,0,5,0,0,0,0,2,1,6,1,55,8,1984,1,7,-1,1,-1
2015030001939,1,9,0,1,0,0,0,0,0,0,0,1,6,2,45,7,1618,1,-1,-1,3,-1
2015030001939,2,11,0,17,0,0,0,0,0,0,0,1,1,1,55,8,9000,2,4,-1,1,-1
2015030001940,1,9,0,18,0,0,5,0,8,10,1,1,6,1,32,6,1596,1,10,-1,1,-1
2015030001941,1,9,0,9,0,5,0,0,0,0,1,1,2,2,51,8,996,1,2,-1,3,-1
2015030001941,2,9,0,18,0,8,0,0,0,0,1,1,6,1,18,4,1596,1,8,-1,2,-1
2015030001943,1,17,2,18,0,0,0,0,0,0,4,1,6,1,24,5,-1,-1,-1,-1,1,-1
2015030001943,2,90,0,18,0,0,0,0,0,0,4,1,6,2,62,9,-1,-1,-1,-1,3,-1
2015030001949,1,9,0,18,0,0,0,0,2,10,1,1,6,1,17,4,1598,2,6,-1,1,-1
2015030001949,2,9,0,18,0,0,0,0,0,0,0,1,6,1,46,8,2993,2,-1,-1,-1,-1
2015030001950,1,9,0,5,0,6,0,0,0,0,3,1,6,2,19,4,1299,1,13,-1,-1,-1
2015030001950,2,9,0,18,0,1,0,0,0,0,1,1,6,2,57,9,1198,1,4,-1,1,-1
2015030001956,1,9,0,18,0,0,0,0,0,0,3,1,6,2,22,5,1248,1,4,-1,1,-1
2015030001956,2,9,0,18,0,0,0,0,0,0,3,1,6,1,72,10,1199,1,13,-1,3,-1
2015030001965,1,9,0,16,0,0,2,0,0,0,1,1,6,2,24,5,1598,1,8,-1,2,-1
2015030001966,1,9,0,18,0,0,5,4,0,0,1,1,6,2,20,4,1686,2,1,-1,1,-1
2015030001966,2,9,0,2,9,0,0,0,0,0,3,1,6,2,-1,-1,1896,2,14,-1,1,-1
2015030001967,1,9,0,4,0,0,0,0,0,0,1,1,6,2,24,5,1242,1,4,-1,3,-1
2015030001967,2,9,0,3,0,0,0,0,0,0,2,1,6,2,21,5,1242,1,6,-1,2,-1
2015030001970,1,9,0,9,0,1,0,0,0,0,1,1,6,1,38,7,1799,1,8,-1,1,-1
2015030001970,2,9,0,18,0,1,0,0,0,0,3,1,6,2,60,9,-1,-1,-1,-1,3,-1
2015030001971,1,5,0,16,0,0,0,0,7,4,1,1,6,1,35,6,599,1,12,-1,1,-1
2015030001972,1,9,0,18,0,0,1,0,0,0,1,1,6,1,29,6,1560,2,-1,-1,1,-1
2015030001972,2,9,0,18,0,0,0,0,0,0,3,1,6,1,57,9,1598,2,-1,-1,3,-1
2015030001972,3,9,0,18,0,0,0,0,0,0,3,1,6,1,54,8,2993,2,-1,-1,1,-1
2015030001974,1,9,0,18,0,1,0,0,0,0,4,1,6,1,23,5,1998,1,14,-1,-1,-1
2015030001975,1,9,0,18,0,0,0,4,1,10,4,1,6,1,47,8,1242,1,2,-1,-1,-1
2015030001975,2,9,0,2,0,0,0,0,0,0,3,1,6,2,66,10,1328,1,9,-1,1,-1
2015030001976,1,9,0,18,0,0,1,0,1,9,1,1,6,1,54,8,1997,2,10,-1,3,-1
2015030001977,1,9,0,4,0,0,0,0,0,0,1,1,6,2,31,6,973,1,13,-1,3,-1
2015030001978,1,9,0,18,0,0,0,0,0,0,1,1,6,1,61,9,1398,2,5,-1,-1,-1
2015030001979,1,9,0,16,0,1,1,0,1,9,1,1,6,1,22,5,1422,2,8,-1,3,-1
2015030001983,1,9,0,1,0,1,0,0,0,0,2,1,6,1,18,4,1499,2,-1,-1,2,-1
2015030002004,1,9,0,13,0,0,0,0,0,0,4,1,6,1,61,9,1769,1,11,-1,3,-1
2015030002004,2,1,0,17,0,0,0,0,0,0,3,1,6,1,71,10,-1,-1,-1,-1,2,-1
2015030002005,1,17,0,18,0,1,0,0,0,0,1,1,1,1,58,9,4400,2,4,-1,3,-1
2015030002006,1,9,0,17,0,0,1,0,1,4,1,1,6,1,19,4,1590,1,13,-1,3,-1
2015030002007,1,9,0,17,0,0,2,0,7,9,1,1,6,1,36,7,1796,1,11,-1,3,-1
2015030002013,1,9,0,18,0,2,0,0,0,0,3,1,6,1,63,9,-1,-1,-1,-1,1,-1
2015030002014,1,11,0,16,0,0,0,0,0,0,0,1,6,1,53,8,-1,2,15,-1,3,-1
2015030002015,1,4,0,17,0,0,0,12,0,0,3,1,6,1,21,5,124,1,2,-1,2,-1
2015030002016,1,1,0,18,0,0,1,0,0,0,4,1,6,1,70,10,-1,-1,-1,-1,3,-1
2015030002017,1,1,0,18,0,0,0,0,0,0,1,1,6,1,30,6,-1,-1,-1,-1,-1,-1
2015030002017,2,9,0,3,0,0,0,0,0,0,2,1,6,2,28,6,-1,-1,-1,-1,1,-1
2015030002018,1,9,0,10,0,1,0,0,0,0,1,1,1,2,51,8,1397,1,5,-1,1,-1
2015030002018,2,20,0,18,0,1,0,0,0,0,1,1,1,1,69,10,9200,2,9,-1,1,-1
2015030002018,3,9,0,18,0,1,0,0,0,0,1,1,6,2,35,6,1296,1,8,-1,3,-1
2015030002020,1,9,0,18,0,0,0,0,0,0,1,1,6,1,67,10,2401,2,8,-1,2,-1
2015030002020,2,1,0,18,0,0,0,0,1,0,2,1,6,1,23,5,-1,-1,-1,-1,1,-1
2015030002022,1,9,0,18,0,0,2,10,7,10,1,1,6,1,20,4,1229,1,8,-1,3,-1
2015030002024,1,1,0,18,0,8,0,0,0,0,1,1,6,1,10,2,-1,-1,-1,-1,1,-1
2015030002024,2,9,0,18,0,8,0,0,0,0,2,1,6,2,53,8,1753,2,9,-1,1,-1
2015030002025,1,9,0,2,0,1,0,0,0,0,0,1,6,2,40,7,2143,2,3,-1,1,-1
2015030002025,2,9,0,18,0,1,0,4,7,10,1,1,6,1,74,10,998,1,13,-1,1,-1