Accident_Index,Vehicle_Reference,Vehicle_Type,Towing_and_Articulation,Vehicle_Manoeuvre,Vehicle_Location-Restricted_Lane,Junction_Location,Skidding_and_Overturning,Hit_Object_in_Carriageway,Vehicle_Leaving_Carriageway,Hit_Object_off_Carriageway,1st_Point_of_Impact,Was_Vehicle_Left_Hand_Drive?,Journey_Purpose_of_Driver,Sex_of_Driver,Age_of_Driver,Age_Band_of_Driver,Engine_Capacity_(CC),Propulsion_Code,Age_of_Vehicle,Driver_IMD_Decile,Driver_Home_Area_Type,Vehicle_IMD_Decile
2015030002026,1,9,0,16,0,2,0,0,0,0,1,1,6,2,55,8,2494,8,-1,-1,2,-1
2015030002026,2,9,0,17,0,2,0,0,0,0,1,1,6,1,26,6,1299,1,13,-1,-1,-1
2015030002027,1,9,0,7,0,1,0,0,0,0,1,1,6,1,37,7,1598,2,-1,-1,1,-1
2015030002027,2,1,0,18,0,1,0,0,0,0,1,1,6,1,5,1,-1,-1,-1,-1,1,-1
2015030002028,1,9,0,16,0,0,0,0,7,0,4,1,6,1,39,7,1590,1,17,-1,1,-1
2015030002028,2,9,0,17,0,0,0,0,0,0,1,1,6,1,18,4,1997,1,8,-1,1,-1
2015030002033,1,9,0,9,0,0,0,0,0,0,1,1,6,2,-1,-1,1781,1,13,-1,2,-1
2015030002033,2,9,0,18,0,0,0,0,0,0,1,1,6,1,39,7,1998,2,12,-1,1,-1
2015030002034,1,90,0,16,0,0,2,0,1,7,1,1,6,1,26,6,-1,-1,-1,-1,3,-1
2015030002035,1,3,0,18,0,0,5,0,1,7,1,1,6,1,20,4,124,1,7,-1,3,-1
2015030002036,1,90,0,18,0,0,0,0,0,0,4,1,6,3,-1,-1,-1,-1,-1,-1,-1,-1
2015030002037,1,9,0,16,0,0,5,0,7,10,3,1,6,1,86,11,998,1,1,-1,3,-1
2015030002038,1,9,0,18,0,0,1,0,0,0,1,1,6,1,75,10,1560,2,4,-1,2,-1
2015030002038,2,19,0,18,0,0,1,0,0,0,1,1,6,1,34,6,1998,2,10,-1,2,-1
2015030002038,3,9,0,18,0,0,0,0,0,0,0,1,6,1,50,8,2496,1,11,-1,1,-1
2015030002039,1,9,0,18,0,5,0,0,0,0,2,1,6,1,66,10,2967,2,1,-1,2,-1
2015030002039,2,9,0,18,0,1,0,0,0,0,1,1,6,2,34,6,1596,1,6,-1,1,-1
2015030002039,3,9,0,3,0,1,0,0,0,0,0,1,6,1,55,8,-1,-1,-1,-1,1,-1
2015030002041,1,21,0,18,0,0,0,0,0,0,3,1,6,1,50,8,12777,2,6,-1,3,-1
2015030002041,2,9,0,18,0,0,0,0,0,0,2,1,6,2,48,8,1242,1,10,-1,1,-1
2015030002042,1,9,0,7,0,6,0,0,0,0,1,1,6,2,75,10,1600,2,6,-1,-1,-1
2015030002042,2,9,0,17,0,1,0,0,0,0,4,1,6,1,38,7,1999,1,6,-1,1,-1
2015030002044,1,1,0,16,0,0,0,0,0,0,1,1,6,1,61,9,-1,-1,-1,-1,1,-1
2015030002044,2,9,0,3,0,0,0,0,0,0,1,1,6,2,56,9,1364,1,9,-1,3,-1
2015030002045,1,9,0,5,0,6,0,0,0,0,1,1,6,1,88,11,1386,1,11,-1,3,-1
2015030002045,2,9,0,18,0,1,0,0,0,0,2,1,6,2,57,9,1198,1,7,-1,1,-1
2015030002049,1,9,0,7,0,1,0,0,0,0,4,1,6,1,42,7,1596,1,16,-1,1,-1
2015030002049,2,1,0,18,0,1,0,0,0,0,1,1,6,1,31,6,-1,-1,-1,-1,3,-1
2015030002050,1,9,0,3,0,4,0,0,0,0,1,1,6,1,-1,-1,2204,2,9,-1,1,-1
2015030002050,2,9,0,4,0,4,0,0,0,0,2,1,6,1,30,6,2496,2,9,-1,1,-1
2015030002051,1,9,0,18,0,0,0,0,0,0,4,1,6,1,73,10,1596,1,12,-1,1,-1
2015030002051,2,9,0,2,0,0,0,0,0,0,4,1,6,1,-1,-1,1390,1,9,-1,1,-1
2015030002054,1,90,0,14,0,0,0,0,0,0,4,1,6,1,23,5,-1,-1,-1,-1,3,-1
2015030002054,2,20,0,3,0,0,0,0,0,0,0,1,6,1,43,7,-1,-1,-1,-1,1,-1
2015030002059,1,1,0,18,0,1,0,0,0,0,3,1,6,1,12,3,-1,-1,-1,-1,2,-1
2015030002059,2,9,0,18,0,1,1,0,0,0,1,1,6,2,45,7,-1,-1,-1,-1,1,-1
2015030002061,1,9,0,18,0,0,5,0,7,10,1,1,6,2,62,9,1248,2,2,-1,1,-1
2015030002063,1,9,0,18,0,8,0,0,1,7,1,2,6,1,21,5,-1,-1,-1,-1,-1,-1
2015030002063,2,9,0,3,0,8,0,0,0,0,2,1,6,1,68,10,1388,1,11,-1,2,-1
2015030002063,3,9,0,10,0,5,0,0,0,0,2,1,6,1,65,9,1997,2,1,-1,1,-1
2015030002064,1,9,0,9,0,5,1,0,1,4,1,1,6,1,19,4,1229,1,10,-1,-1,-1
2015030002064,2,9,0,18,0,8,1,0,1,4,1,1,6,1,26,6,1598,2,2,-1,3,-1
2015030002065,1,4,0,17,0,0,0,0,1,4,2,1,2,1,21,5,499,1,18,-1,3,-1
2015030002066,1,10,0,18,0,0,0,0,0,0,1,1,1,1,66,10,2198,2,1,-1,3,-1
2015030002066,2,19,0,18,0,0,0,0,0,0,1,1,1,1,50,8,2998,2,10,-1,2,-1
2015030002066,3,9,0,18,0,0,0,0,0,0,3,1,2,1,30,6,-1,-1,-1,-1,2,-1
2015030002067,1,9,0,9,0,6,0,0,0,0,1,1,6,1,25,5,-1,-1,-1,-1,2,-1
2015030002067,2,9,0,18,0,8,0,0,0,0,1,1,1,1,42,7,1995,2,5,-1,1,-1
2015030002068,1,9,0,18,0,0,0,0,0,0,2,1,6,2,32,6,1896,2,9,-1,1,-1
2015030002068,2,9,0,18,0,0,0,0,0,0,1,1,6,2,39,7,1991,2,8,-1,3,-1
2015030002068,3,9,0,18,0,0,0,0,0,0,1,1,2,1,65,9,-1,-1,-1,-1,1,-1
2015030002076,1,4,0,16,0,0,2,0,0,0,1,1,6,1,18,4,-1,-1,-1,-1,3,-1
2015030002076,2,5,0,17,0,0,5,0,0,0,1,1,6,1,54,8,1000,1,14,-1,3,-1
2015030002078,1,9,0,18,0,1,0,0,0,0,1,1,6,2,25,5,1248,2,8,-1,1,-1
2015030002078,2,9,0,3,0,1,0,0,0,0,2,1,6,1,50,8,998,1,-1,-1,1,-1
2015030002080,1,9,0,18,0,1,5,0,0,0,1,1,6,1,49,8,1956,2,3,-1,2,-1
2015030002080,2,21,1,18,0,7,0,0,0,0,2,1,6,1,39,7,-1,-1,-1,-1,-1,-1
2015030002080,3,9,0,18,0,1,1,0,0,0,3,1,6,1,43,7,2926,2,12,-1,3,-1
2015030002080,4,9,0,18,0,7,0,0,0,0,1,1,6,1,30,6,1796,1,8,-1,1,-1
2015030002082,1,9,0,13,0,0,2,0,7,10,1,1,6,1,20,4,1995,2,13,-1,1,-1
2015030002082,2,9,0,18,0,0,1,0,1,10,2,1,6,1,64,9,1956,2,-1,-1,3,-1
2015030002085,1,5,0,16,0,0,1,0,0,0,4,1,6,1,43,7,782,1,6,-1,3,-1
2015030002088,1,19,0,1,0,0,0,0,0,0,2,1,6,1,30,6,-1,-1,-1,-1,-1,-1
2015030002088,2,90,0,3,0,0,0,0,0,0,1,1,6,2,31,6,450,1,3,-1,3,-1
2015030002090,1,9,0,5,0,6,0,0,0,0,1,1,6,1,38,7,1968,2,-1,-1,1,-1
2015030002090,2,9,0,18,0,1,0,0,0,0,4,1,6,1,40,7,-1,-1,-1,-1,1,-1
2015030002091,1,9,0,5,0,0,0,0,0,0,4,1,6,2,36,7,1956,2,4,-1,1,-1
2015030002092,1,9,0,5,0,6,0,0,0,0,1,1,6,1,68,10,2184,2,8,-1,3,-1
2015030002092,2,9,0,5,0,6,0,0,0,0,1,1,6,1,48,8,2184,2,12,-1,3,-1
2015030002093,1,9,0,16,0,0,0,0,7,7,1,1,6,1,23,5,1395,1,2,-1,1,-1
2015030002093,2,9,0,17,0,0,0,0,0,0,3,1,6,1,45,7,3200,2,5,-1,2,-1
2015030002094,1,9,0,18,0,1,1,0,0,0,1,1,6,1,19,4,1124,1,15,-1,1,-1
2015030002094,2,9,0,3,0,1,0,0,0,0,2,1,6,1,41,7,1360,1,22,-1,2,-1
2015030002095,1,8,0,18,0,0,0,0,0,0,0,1,6,1,-1,-1,-1,-1,-1,-1,-1,-1
2015030002096,1,9,0,9,0,1,0,0,0,0,1,1,6,1,55,8,999,1,1,-1,-1,-1
2015030002096,2,9,0,9,0,8,0,0,0,0,3,1,6,2,27,6,1997,2,14,-1,1,-1
2015030002097,1,19,0,9,0,6,0,0,0,0,3,1,1,1,55,8,-1,-1,-1,-1,3,-1
2015030002097,2,9,0,18,0,1,0,0,0,0,1,1,6,2,32,6,1461,2,12,-1,3,-1
2015030002098,1,9,0,5,0,2,0,7,8,10,1,1,6,2,40,7,-1,-1,-1,-1,1,-1
2015030002099,1,9,0,5,0,0,0,0,0,0,1,1,6,1,25,5,1598,1,12,-1,2,-1
2015030002100,1,9,0,4,0,0,0,0,0,0,1,1,6,1,20,4,1560,2,9,-1,1,-1
2015030002100,2,9,0,4,0,0,0,0,0,0,2,1,6,2,40,7,1242,1,2,-1,1,-1
2015030002100,3,9,0,5,0,0,0,0,0,0,0,1,6,3,-1,-1,-1,-1,-1,-1,-1,-1
2015030002101,1,9,0,18,0,0,2,0,1,9,1,1,6,1,22,5,1998,1,14,-1,-1,-1
2015030002102,1,9,0,18,0,0,0,0,7,0,3,1,6,2,28,6,1300,1,17,-1,1,-1
2015030002120,1,21,1,18,0,0,0,0,0,0,1,1,1,1,34,6,12740,2,1,-1,-1,-1
2015030002120,2,9,4,18,0,0,2,0,1,0,2,1,1,1,76,11,2495,2,14,-1,3,-1
2015030002121,1,9,0,18,0,2,0,0,0,0,4,1,6,2,68,10,1968,2,1,-1,3,-1
2015030002126,1,9,4,4,0,0,0,0,0,0,1,1,1,3,-1,-1,2402,2,5,-1,-1,-1
2015030002126,2,9,0,4,0,0,0,0,0,0,1,1,6,2,20,4,1598,2,3,-1,3,-1
2015030002127,1,9,0,18,0,0,0,10,7,10,1,1,6,1,18,4,1598,2,3,-1,3,-1
2015030002127,2,9,0,18,0,0,0,0,0,0,2,1,6,2,24,5,1240,1,11,-1,1,-1
2015030002128,1,9,0,4,0,0,0,0,0,0,1,1,6,1,31,6,1896,2,11,-1,1,-1
2015030002128,2,9,0,4,0,0,0,0,0,0,2,1,6,1,54,8,1997,2,3,-1,1,-1
2015030002128,3,19,0,4,0,0,0,0,0,0,2,1,1,2,48,8,2143,2,1,-1,1,-1
2015030002129,1,9,0,1,0,1,0,2,0,0,2,1,6,2,51,8,1998,2,17,-1,2,-1
2015030002129,2,9,0,9,0,1,0,2,0,0,3,1,6,1,39,7,1870,2,11,-1,2,-1
2015030002130,1,9,0,4,0,2,0,0,0,0,1,1,6,1,42,7,1796,1,12,-1,1,-1
2015030002130,2,9,0,18,0,1,0,0,0,0,1,1,6,1,51,8,1798,1,7,-1,1,-1
2015030002131,1,9,0,18,0,0,1,0,0,0,1,1,6,1,45,7,2969,2,7,-1,1,-1
2015030002131,2,9,0,18,0,0,0,0,1,0,1,1,6,1,77,11,1397,1,7,-1,1,-1
2015030002132,1,9,0,1,0,0,0,0,0,0,2,1,6,1,21,5,1398,2,6,-1,-1,-1
2015030002133,1,9,0,18,0,0,1,0,0,0,1,1,6,1,17,4,1490,1,9,-1,3,-1
2015030002133,2,19,0,18,0,0,0,0,0,0,4,1,1,1,46,8,2402,2,3,-1,-1,-1
2015030002134,1,9,0,17,0,1,1,0,0,0,4,1,6,1,19,4,973,1,16,-1,-1,-1
2015030002134,2,9,0,18,0,1,0,0,0,0,4,1,6,2,57,9,1248,2,8,-1,2,-1
2015030002135,1,9,0,5,0,1,0,0,0,0,1,1,6,1,19,4,-1,-1,-1,-1,1,-1
2015030002135,2,9,0,3,0,1,0,0,0,0,0,1,6,2,60,9,-1,-1,-1,-1,1,-1
2015030002136,1,21,1,18,0,0,2,0,7,0,1,1,1,1,57,9,11967,2,3,-1,1,-1
2015030002137,1,21,1,18,0,0,0,0,0,0,3,1,1,1,51,8,10837,2,5,-1,1,-1
2015030002137,2,21,1,18,0,0,0,0,0,0,3,1,1,1,55,8,12740,2,3,-1,1,-1
2015030002137,3,9,0,18,0,0,0,0,0,0,1,1,6,1,67,10,1969,2,1,-1,3,-1
2015030002138,1,9,0,4,0,0,5,0,7,10,1,1,6,1,81,11,-1,-1,-1,-1,1,-1
2015030002139,1,9,0,18,0,0,0,0,0,0,1,1,6,2,40,7,1461,2,5,-1,3,-1
2015030002139,2,9,0,18,0,0,0,0,0,0,2,1,6,1,67,10,-1,-1,-1,-1,-1,-1
2015030002140,1,9,0,17,0,0,0,0,0,0,1,1,6,1,40,7,-1,-1,-1,-1,3,-1
2015030002140,2,1,0,16,0,0,0,0,0,0,1,1,6,1,22,5,-1,-1,-1,-1,2,-1
2015030002141,1,4,0,18,0,0,0,0,0,0,1,1,6,3,30,6,-1,-1,-1,-1,-1,-1
2015030002141,2,9,0,18,0,0,0,0,0,0,3,1,6,1,51,8,1598,2,4,-1,1,-1
2015030002142,1,9,0,16,0,0,1,10,0,10,3,1,6,2,28,6,1596,1,10,-1,1,-1
2015030002143,1,9,0,18,0,1,0,0,0,0,1,1,6,1,18,4,1242,1,4,-1,1,-1
2015030002143,2,90,0,18,0,1,0,0,0,0,3,1,6,2,43,7,-1,-1,-1,-1,3,-1
2015030002144,1,9,0,16,0,0,1,0,7,0,3,1,6,1,19,4,1396,1,12,-1,1,-1
2015030002144,2,9,0,17,0,0,0,0,0,0,4,1,6,1,59,9,2987,2,5,-1,1,-1
2015030002144,3,9,0,18,0,0,0,0,0,0,1,1,6,2,38,7,1461,2,1,-1,2,-1
2015030002160,1,9,0,9,0,1,0,0,0,0,3,1,6,2,43,7,1399,2,9,-1,1,-1
2015030002160,2,1,0,18,0,2,0,0,0,0,1,1,6,1,60,9,-1,-1,-1,-1,2,-1
2015030002179,1,9,4,18,0,0,4,0,1,0,3,1,1,1,62,9,2402,2,7,-1,3,-1
2015030002185,1,9,0,16,0,1,0,0,0,0,1,1,6,1,18,4,-1,-1,-1,-1,2,-1
2015030002185,2,9,0,4,0,1,0,0,0,0,2,1,6,2,24,5,998,1,2,-1,3,-1
2015030002186,1,9,0,9,0,4,0,0,0,0,3,1,6,1,55,8,-1,-1,-1,-1,2,-1
2015030002186,2,3,0,9,0,4,0,0,0,0,4,1,6,1,46,8,125,1,2,-1,1,-1
2015030002188,1,9,0,1,0,0,0,0,0,0,2,1,6,1,24,5,1242,1,15,-1,1,-1
2015030002188,2,9,0,18,0,0,0,0,0,0,3,1,6,1,22,5,1242,1,9,-1,1,-1
2015030002191,1,5,0,16,0,0,1,0,1,0,2,1,6,1,44,7,1215,1,3,-1,1,-1
2015030002192,1,9,0,18,0,1,0,0,0,0,1,1,1,1,45,7,1398,1,1,-1,-1,-1
2015030002192,2,9,0,18,0,1,0,0,0,0,3,1,6,2,58,9,1796,1,13,-1,1,-1
2015030002193,1,9,0,9,0,1,0,0,0,0,2,1,6,1,30,6,1339,1,11,-1,1,-1
2015030002193,2,1,0,18,0,1,0,0,0,0,1,1,6,2,47,8,-1,-1,-1,-1,1,-1
2015030002200,1,9,0,7,0,2,0,0,0,0,3,1,6,1,49,8,-1,-1,-1,-1,1,-1
2015030002200,2,9,0,18,0,1,0,0,0,0,4,1,6,2,20,4,1598,2,-1,-1,2,-1
2015030002220,1,9,0,18,0,0,5,0,8,6,1,1,6,1,52,8,1229,1,7,-1,1,-1
2015030002222,1,11,0,18,0,0,0,0,0,0,1,1,1,1,44,7,9200,2,7,-1,1,-1
2015030002222,2,3,0,18,0,0,0,0,1,0,2,1,6,1,45,7,125,1,2,-1,2,-1
2015030002232,1,9,0,18,0,0,0,0,0,0,1,1,6,1,72,10,1997,2,6,-1,3,-1
2015030002233,1,19,0,18,0,8,0,0,0,0,1,1,6,2,46,8,2143,2,1,-1,1,-1
2015030002233,2,9,0,10,0,5,0,0,0,0,2,1,6,1,60,9,1461,2,-1,-1,1,-1
2015030002235,1,9,0,5,0,1,0,0,0,0,1,1,6,1,68,10,1396,2,1,-1,1,-1
2015030002235,2,9,0,18,0,1,1,0,0,0,1,1,6,1,27,6,1198,1,8,-1,3,-1
2015030002240,1,1,0,16,0,0,1,0,7,0,0,1,6,1,51,8,-1,-1,-1,-1,3,-1
2015030002241,1,9,0,17,0,0,2,0,0,0,3,1,6,1,24,5,-1,-1,-1,-1,3,-1
2015030002244,1,9,0,18,0,0,0,0,0,0,3,1,6,1,65,9,-1,-1,-1,-1,-1,-1
2015030002252,1,9,0,14,0,0,0,4,0,0,1,1,6,1,33,6,1124,1,13,-1,1,-1
2015030002252,2,9,0,2,0,0,0,0,0,0,3,1,6,1,24,5,-1,-1,-1,-1,1,-1
2015030002256,1,9,0,4,0,1,0,0,0,0,1,1,6,1,32,6,1984,1,9,-1,1,-1
2015030002256,2,9,0,3,0,1,0,0,0,0,2,1,6,2,31,6,1895,1,15,-1,1,-1
2015030002256,3,9,0,3,0,1,0,0,0,0,2,1,6,1,57,9,1242,1,11,-1,1,-1
2015030002257,1,9,0,9,0,5,0,0,0,0,3,1,6,1,52,8,2926,2,15,-1,3,-1
2015030002257,2,11,0,15,0,8,0,0,7,0,1,1,6,1,61,9,7300,2,6,-1,3,-1
2015030002258,1,9,0,14,0,8,0,0,0,0,1,1,6,2,81,11,1497,1,13,-1,1,-1
2015030002258,2,1,0,18,0,8,0,0,0,0,1,1,6,1,28,6,-1,-1,-1,-1,1,-1
2015030002261,1,3,0,14,0,2,2,0,0,0,1,1,6,1,28,6,125,1,-1,-1,2,-1
2015030002261,2,9,0,18,0,2,0,0,0,0,1,1,6,1,54,8,1598,1,7,-1,2,-1
2015030002273,1,9,0,17,0,0,0,0,0,0,1,1,6,2,57,9,1242,1,12,-1,3,-1
2015030002273,2,9,0,16,0,0,0,0,0,0,1,1,6,2,73,10,1200,1,2,-1,3,-1
2015030002275,1,9,0,18,0,0,0,0,1,2,1,1,6,1,77,11,1596,1,3,-1,1,-1
2015030002276,1,9,0,16,0,3,0,0,0,0,0,1,6,3,-1,-1,-1,-1,-1,-1,-1,-1
2015030002276,2,9,0,16,0,3,0,0,0,0,2,1,6,1,34,6,2993,2,7,-1,1,-1
2015030002276,3,9,0,16,0,3,0,0,0,0,1,1,6,1,30,6,1896,2,7,-1,1,-1
2015030002277,1,9,0,18,0,0,0,0,0,0,1,1,1,1,46,8,-1,-1,-1,-1,1,-1
2015030002277,2,9,0,18,0,0,0,0,0,0,2,1,1,1,53,8,-1,-1,-1,-1,2,-1
2015030002284,1,9,0,5,0,0,0,0,0,0,1,1,6,1,77,11,1398,2,2,-1,1,-1
2015030002284,2,5,0,18,0,0,0,0,7,0,1,1,6,1,27,6,1352,1,4,-1,1,-1
2015030002284,3,9,0,2,0,0,0,0,0,0,1,1,6,1,40,7,1968,2,9,-1,-1,-1
2015030002285,1,9,0,18,0,1,0,0,0,0,1,1,6,2,62,9,1598,1,6,-1,1,-1
2015030002285,2,1,0,18,0,1,0,0,0,0,1,1,6,1,11,3,-1,-1,-1,-1,1,-1
2015030002286,1,9,0,4,0,0,0,0,0,0,0,1,6,2,22,5,1398,2,2,-1,1,-1
2015030002287,1,1,0,18,4,0,0,4,0,1,1,1,2,1,43,7,-1,-1,-1,-1,1,-1
2015030002287,2,19,0,2,4,0,0,0,0,0,2,1,2,1,62,9,-1,-1,-1,-1,-1,-1
2015030002288,1,19,0,17,0,0,1,0,1,10,1,1,1,1,40,7,2402,2,10,-1,3,-1
2015030002288,2,9,0,16,0,0,0,0,0,0,3,1,1,2,26,6,1997,2,-1,-1,1,-1
2015030002289,1,21,1,18,0,1,0,0,0,0,1,1,1,1,70,10,12419,2,2,-1,2,-1
2015030002289,2,9,0,3,0,1,0,0,0,0,2,1,6,2,65,9,2996,2,16,-1,3,-1
2015030002293,1,1,0,16,0,0,2,0,0,0,1,1,6,1,39,7,-1,-1,-1,-1,2,-1
2015030002293,2,9,0,17,0,0,0,0,0,0,1,1,6,2,77,11,1197,1,2,-1,3,-1
2015030002294,1,5,0,16,0,8,1,0,0,0,1,1,6,1,76,11,1157,1,13,-1,1,-1
2015030002294,2,1,0,7,0,5,0,0,0,0,2,1,6,1,61,9,-1,-1,-1,-1,3,-1
2015030002294,3,1,0,7,0,5,0,0,0,0,1,1,6,2,62,9,-1,-1,-1,-1,3,-1
2015030002295,1,4,0,16,0,0,0,0,1,0,1,1,6,1,52,8,499,1,27,-1,1,-1
2015030002295,2,9,0,17,0,0,0,0,0,0,4,1,6,1,53,8,1461,2,-1,-1,-1,-1
2015030002295,3,9,0,17,0,0,0,0,0,0,4,1,6,1,51,8,-1,-1,-1,-1,3,-1
2015030002296,1,9,0,9,0,1,0,0,0,0,1,1,6,1,75,10,1968,2,3,-1,3,-1
2015030002296,2,9,0,18,0,1,0,0,0,0,1,1,6,1,57,9,-1,-1,-1,-1,3,-1
2015030002297,1,5,0,16,0,1,1,0,0,0,4,1,6,1,46,8,1137,1,16,-1,2,-1
2015030002297,2,19,0,17,0,1,0,0,0,0,4,1,6,1,48,8,2402,2,9,-1,1,-1
2015030002298,1,9,0,10,0,1,0,0,0,0,1,1,6,3,-1,-1,-1,-1,-1,-1,-1,-1
2015030002298,2,1,0,10,0,8,0,0,0,0,4,1,6,1,18,4,-1,-1,-1,-1,1,-1
2015030002299,1,9,0,18,0,6,0,0,3,0,3,1,6,1,66,10,2143,2,-1,-1,-1,-1
2015030002299,2,9,0,18,0,8,0,0,0,0,1,1,6,1,58,9,1896,2,12,-1,1,-1
2015030002312,1,9,0,5,0,8,0,0,0,0,3,1,6,1,53,8,1398,2,2,-1,2,-1
2015030002312,2,1,0,18,0,1,1,0,0,0,1,1,6,1,19,4,-1,-1,-1,-1,2,-1
2015030002323,1,9,0,16,0,0,1,0,8,0,2,1,6,1,19,4,1586,1,8,-1,1,-1
2015030002323,2,90,4,17,0,0,0,0,0,0,1,1,1,1,39,7,-1,-1,-1,-1,1,-1
2015030002324,1,9,0,18,0,2,0,0,0,0,1,1,6,1,65,9,1240,1,10,-1,1,-1
2015030002325,1,9,0,5,0,0,0,0,0,0,3,1,6,2,47,8,1582,2,1,-1,3,-1
2015030002325,2,9,0,18,0,0,0,0,0,0,4,1,6,2,38,7,1796,1,3,-1,2,-1
2015030002326,1,9,0,16,0,0,2,0,1,0,1,1,6,1,22,5,2979,1,5,-1,1,-1
2015030002327,1,9,0,15,0,0,0,0,0,0,1,1,6,1,30,6,1497,1,14,-1,1,-1
2015030002327,2,2,0,18,0,0,0,0,0,0,2,1,6,1,53,8,-1,-1,-1,-1,3,-1
2015030002328,1,9,0,9,0,6,0,0,0,0,1,1,6,1,40,7,2401,2,12,-1,2,-1
2015030002328,2,9,0,18,0,1,0,0,0,0,3,1,6,2,45,7,998,1,9,-1,1,-1
2015030002328,3,9,0,18,0,1,0,0,0,0,3,1,6,1,34,6,1951,2,13,-1,-1,-1
2015030002329,1,9,0,5,0,0,0,0,0,0,1,1,6,2,21,5,1598,1,3,-1,1,-1
2015030002329,2,9,0,3,0,0,0,0,0,0,2,1,6,2,34,6,1560,2,4,-1,1,-1
2015030002334,1,9,0,9,0,0,0,0,0,0,3,1,6,1,51,8,1596,1,3,-1,1,-1
2015030002334,2,11,0,18,0,0,0,0,0,0,4,1,6,1,47,8,-1,2,16,-1,-1,-1
2015030002348,1,19,0,18,0,0,2,10,2,10,1,1,6,1,30,6,1997,2,9,-1,1,-1
2015030002348,2,9,0,18,0,0,0,0,1,0,3,1,6,1,27,6,1998,2,7,-1,1,-1
2015030002348,3,19,0,18,0,0,0,0,0,0,0,1,1,1,34,6,-1,-1,-1,-1,1,-1
2015030002349,1,21,0,18,0,0,1,0,0,0,1,1,1,1,61,9,12740,2,-1,-1,-1,-1
2015030002349,2,9,0,2,0,0,0,0,0,0,2,1,1,1,50,8,1499,2,1,-1,3,-1
2015030002351,1,9,0,5,0,8,0,0,0,0,4,1,6,2,79,11,1398,2,4,-1,3,-1
2015030002351,2,1,0,18,0,8,0,0,0,0,3,1,2,1,50,8,-1,-1,-1,-1,3,-1
2015030002352,1,90,0,16,0,0,2,0,1,0,4,1,1,1,24,5,-1,-1,-1,-1,1,-1
2015030002353,1,1,0,18,0,6,0,0,0,0,4,1,6,1,12,3,-1,-1,-1,-1,1,-1
2015030002353,2,9,0,18,0,2,0,0,0,0,1,1,6,2,40,7,1242,1,1,-1,1,-1
2015030002354,1,9,0,16,0,0,1,10,1,0,1,1,6,2,23,5,-1,-1,-1,-1,2,-1
2015030002362,1,9,0,5,0,4,0,0,0,0,1,1,6,1,26,6,1598,1,3,-1,1,-1
2015030002362,2,1,0,18,0,8,0,0,0,0,4,1,6,1,59,9,-1,-1,-1,-1,1,-1
2015030002365,1,21,0,18,0,0,5,11,0,0,1,1,6,1,38,7,6370,2,9,-1,1,-1
2015030002368,1,9,0,5,0,4,0,0,0,0,1,1,6,1,65,9,-1,-1,-1,-1,3,-1
2015030002368,2,19,0,3,0,1,0,0,0,0,2,1,1,1,42,7,1968,2,2,-1,-1,-1
2015030002369,1,9,0,9,0,6,0,0,0,0,3,1,6,2,24,5,1242,1,6,-1,1,-1
2015030002369,2,9,0,16,0,1,0,0,0,0,1,1,6,2,-1,-1,-1,-1,-1,-1,3,-1
2015030002372,1,9,0,18,0,0,0,0,0,0,1,1,6,1,58,9,1395,1,2,-1,3,-1
2015030002372,2,9,0,18,0,0,0,0,0,0,3,1,6,2,46,8,1598,2,3,-1,3,-1
2015030002373,1,9,0,18,0,1,0,0,0,0,1,1,6,1,39,7,1229,1,9,-1,-1,-1
2015030002373,2,9,0,2,0,1,0,0,0,0,1,1,6,2,30,6,1364,1,-1,-1,1,-1
2015030002374,1,9,0,18,0,0,2,12,1,4,4,1,6,2,20,4,1242,1,11,-1,1,-1
2015030002375,1,9,0,18,0,0,0,0,1,9,1,1,6,1,24,5,1781,1,14,-1,1,-1
2015030002378,1,9,0,18,0,1,0,0,0,0,1,1,6,1,29,6,1339,1,6,-1,3,-1
2015030002378,2,20,0,18,0,4,0,0,0,0,2,1,1,1,51,8,5193,2,2,-1,2,-1
2015030002381,1,9,0,17,0,0,0,0,2,10,1,1,6,1,27,6,1997,2,15,-1,1,-1
2015030002381,2,9,0,18,0,0,0,0,0,0,1,1,6,1,43,7,2993,2,-1,-1,1,-1
2015030002382,1,9,0,9,0,6,0,0,0,0,1,1,6,1,83,11,1596,1,2,-1,3,-1
2015030002382,2,1,0,18,0,1,0,0,0,0,4,1,6,1,55,8,-1,-1,-1,-1,2,-1
2015030002383,1,9,0,4,0,4,0,0,0,0,1,1,6,1,77,11,1596,1,11,-1,1,-1
2015030002383,2,9,0,9,0,3,0,0,0,0,4,1,6,1,29,6,1991,2,6,-1,1,-1
2015030002385,1,9,0,5,0,6,0,0,0,0,3,1,6,2,31,6,1242,1,14,-1,-1,-1
2015030002385,2,9,0,18,0,1,0,0,0,0,1,1,6,2,35,6,1587,1,10,-1,1,-1
2015030002387,1,9,0,18,0,0,0,0,0,0,4,1,6,2,59,9,1461,2,-1,-1,1,-1
2015030002388,1,1,0,18,0,1,0,0,0,0,1,1,6,1,14,3,-1,-1,-1,-1,1,-1