Accident_Index,Vehicle_Reference,Vehicle_Type,Towing_and_Articulation,Vehicle_Manoeuvre,Vehicle_Location-Restricted_Lane,Junction_Location,Skidding_and_Overturning,Hit_Object_in_Carriageway,Vehicle_Leaving_Carriageway,Hit_Object_off_Carriageway,1st_Point_of_Impact,Was_Vehicle_Left_Hand_Drive?,Journey_Purpose_of_Driver,Sex_of_Driver,Age_of_Driver,Age_Band_of_Driver,Engine_Capacity_(CC),Propulsion_Code,Age_of_Vehicle,Driver_IMD_Decile,Driver_Home_Area_Type,Vehicle_IMD_Decile
2015030002695,1,9,0,18,0,8,0,0,0,0,3,1,6,3,-1,-1,-1,-1,-1,-1,-1,-1
2015030002696,1,9,0,18,0,0,0,0,0,0,1,1,6,3,-1,-1,-1,-1,-1,-1,-1,-1
2015030002696,2,1,0,18,0,0,0,0,0,0,0,1,4,1,10,2,-1,-1,-1,-1,1,-1
2015030002697,1,9,0,18,0,0,0,0,0,0,1,1,6,2,17,4,1598,1,11,-1,3,-1
2015030002697,2,4,0,3,0,0,0,0,0,0,2,1,6,1,60,9,124,1,4,-1,1,-1
2015030002697,3,9,0,3,0,0,0,0,0,0,2,1,6,2,40,7,1149,1,1,-1,1,-1
2015030002697,4,9,0,3,0,0,0,0,0,0,2,1,6,1,42,7,1596,1,6,-1,1,-1
2015030002698,1,9,4,18,0,0,2,0,8,0,2,1,1,1,27,6,2402,2,7,-1,3,-1
2015030002698,2,11,0,18,0,0,0,0,0,0,1,1,6,1,31,6,11967,2,7,-1,1,-1
2015030002699,1,1,0,18,0,8,0,0,0,0,1,1,6,1,30,6,-1,-1,-1,-1,1,-1
2015030002699,2,20,0,9,0,5,0,0,0,0,4,1,1,1,50,8,-1,-1,-1,-1,1,-1
2015030002700,1,9,0,18,0,0,0,0,0,0,1,1,6,1,80,11,1198,1,4,-1,1,-1
2015030002700,2,9,0,2,0,0,0,0,0,0,2,1,6,2,26,6,1198,1,3,-1,1,-1
2015030002700,3,9,0,2,0,0,0,0,0,0,3,1,6,1,18,4,1781,1,10,-1,3,-1
2015030002702,1,9,0,17,0,0,0,0,0,0,1,1,6,1,31,6,1973,1,16,-1,-1,-1
2015030002703,1,9,0,18,0,2,0,0,0,0,1,1,6,3,-1,-1,-1,-1,-1,-1,-1,-1
2015030002703,2,1,0,18,0,2,0,0,0,0,2,1,6,1,17,4,-1,-1,-1,-1,2,-1
2015030002704,1,9,0,18,0,1,0,0,0,0,0,1,6,2,45,7,1896,2,8,-1,3,-1
2015030002704,2,9,0,3,0,1,0,0,0,0,2,1,6,2,55,8,1422,2,14,-1,3,-1
2015030002716,1,9,0,5,0,1,0,0,0,0,1,1,6,3,-1,-1,-1,-1,-1,-1,-1,-1
2015030002720,1,9,0,18,0,6,0,0,0,0,1,1,6,2,55,8,1560,2,1,-1,2,-1
2015030002720,2,9,0,18,0,8,0,0,0,0,1,1,6,1,46,8,1598,2,2,-1,2,-1
2015030002720,3,9,0,18,0,8,0,0,0,0,1,1,6,2,29,6,998,1,4,-1,2,-1
2015030002728,1,9,0,18,0,0,0,0,0,0,1,1,6,3,-1,-1,-1,-1,-1,-1,-1,-1
2015030002728,2,9,0,3,0,0,0,0,0,0,2,1,6,1,30,6,-1,-1,-1,-1,1,-1
2015030002729,1,9,0,5,0,1,0,0,0,0,1,1,6,2,73,10,1598,2,2,-1,3,-1
2015030002729,2,9,0,8,0,1,0,0,0,0,3,1,6,2,61,9,1422,2,1,-1,3,-1
2015030002729,3,1,0,18,0,1,0,0,0,0,1,1,6,1,29,6,-1,-1,-1,-1,1,-1
2015030002740,1,9,3,18,0,0,0,0,0,0,2,1,6,3,-1,-1,-1,-1,-1,-1,-1,-1
2015030002740,2,1,0,18,0,0,0,0,0,0,1,1,6,2,46,8,-1,-1,-1,-1,1,-1
2015030002742,1,9,0,16,0,0,1,0,7,10,1,1,6,2,29,6,1796,1,16,-1,3,-1
2015030002746,1,9,0,4,0,1,0,0,0,0,1,1,6,2,25,5,1596,1,11,-1,-1,-1
2015030002746,2,9,0,3,0,1,0,0,0,0,2,1,1,1,29,6,1798,1,12,-1,1,-1
2015030002748,1,9,0,16,0,0,5,0,1,0,1,1,6,1,36,7,1998,1,12,-1,3,-1
2015030002749,1,9,0,18,0,0,0,0,0,0,1,1,6,1,78,11,1868,2,11,-1,1,-1
2015030002749,2,9,0,18,0,0,0,0,0,0,1,1,6,1,65,9,1598,2,3,-1,3,-1
2015030002750,1,9,0,6,0,0,0,0,0,0,3,1,6,2,20,4,1299,1,13,-1,1,-1
2015030002750,2,9,0,18,0,0,1,0,0,0,0,1,1,1,24,5,1798,1,11,-1,1,-1
2015030002753,1,1,0,9,0,0,0,0,0,0,3,1,6,1,14,3,-1,-1,-1,-1,3,-1
2015030002753,2,9,0,13,0,0,0,0,0,0,4,1,6,1,37,7,-1,-1,-1,-1,3,-1
2015030002754,1,9,0,18,0,0,2,0,0,0,4,1,6,1,18,4,1328,1,6,-1,-1,-1
2015030002755,1,11,0,5,0,0,0,0,0,0,0,1,1,1,42,7,6871,2,6,-1,1,-1
2015030002755,2,9,0,4,0,0,0,0,0,0,0,1,6,1,46,8,1998,2,10,-1,3,-1
2015030002756,1,19,0,18,0,1,0,0,0,0,0,1,6,3,-1,-1,-1,-1,-1,-1,-1,-1
2015030002757,1,9,0,1,0,0,0,0,0,0,2,1,6,1,-1,-1,-1,-1,-1,-1,-1,-1
2015030002757,2,9,0,2,0,0,0,0,0,0,1,1,6,1,56,9,1991,2,7,-1,2,-1
2015030002760,1,9,0,9,0,6,0,0,0,0,1,1,6,2,55,8,1461,2,6,-1,2,-1
2015030002760,2,9,0,18,9,8,0,0,0,0,4,1,6,1,18,4,-1,-1,-1,-1,1,-1
2015030002763,1,9,0,18,0,1,0,0,0,0,1,1,6,1,50,8,-1,-1,-1,-1,-1,-1
2015030002763,2,9,0,4,0,1,0,0,0,0,2,1,6,2,22,5,-1,-1,-1,-1,3,-1
2015030002764,1,21,4,1,0,8,0,0,0,0,3,1,6,1,55,8,15607,2,3,-1,3,-1
2015030002764,2,19,0,18,0,8,0,0,1,0,1,1,6,1,53,8,2198,2,4,-1,3,-1
2015030002764,3,9,0,18,0,8,0,0,0,0,1,1,6,1,50,8,1598,2,1,-1,2,-1
2015030002765,1,9,0,5,0,5,0,0,0,0,1,1,6,1,57,9,1598,2,3,-1,1,-1
2015030002765,2,1,0,7,0,2,0,0,1,10,2,1,6,1,51,8,-1,-1,-1,-1,1,-1
2015030002771,1,90,0,15,0,1,0,0,0,0,1,1,6,1,33,6,-1,-1,-1,-1,1,-1
2015030002771,2,9,0,9,0,5,0,0,0,0,3,1,6,1,42,7,-1,-1,-1,-1,2,-1
2015030002772,1,19,0,2,0,0,0,0,0,0,2,1,6,1,56,9,2148,2,5,-1,3,-1
2015030002772,2,3,0,18,0,0,0,0,0,0,1,1,6,1,17,4,124,1,6,-1,1,-1
2015030002773,1,90,0,8,0,0,0,0,0,10,1,1,1,1,-1,-1,-1,-1,-1,-1,1,-1
2015030002774,1,9,0,4,0,1,0,0,0,0,1,1,6,2,26,6,1398,1,-1,-1,1,-1
2015030002775,1,20,1,1,0,0,0,0,0,0,4,1,6,2,39,7,-1,-1,-1,-1,1,-1
2015030002777,1,9,0,18,0,4,1,0,0,0,1,1,6,1,21,5,1360,1,5,-1,1,-1
2015030002777,2,1,0,9,0,3,0,0,0,0,4,1,2,1,46,8,-1,-1,-1,-1,1,-1
2015030002779,1,19,0,18,0,0,0,11,0,0,3,1,6,3,-1,-1,-1,-1,-1,-1,-1,-1
2015030002786,1,9,0,4,0,8,0,0,0,0,1,1,1,1,55,8,1686,2,10,-1,3,-1
2015030002786,2,9,0,3,0,8,0,0,0,0,2,1,1,1,46,8,1968,2,11,-1,1,-1
2015030002790,1,9,0,18,0,0,2,11,7,10,4,1,6,2,32,6,1364,2,4,-1,3,-1
2015030002791,1,4,0,17,0,0,1,0,0,0,0,1,2,1,51,8,125,1,-1,-1,3,-1
2015030002792,1,9,0,4,0,0,0,0,0,0,1,1,6,2,48,8,1796,1,3,-1,2,-1
2015030002792,2,9,0,3,0,0,0,0,0,0,2,1,6,2,29,6,1598,1,14,-1,1,-1
2015030002792,3,9,0,3,0,0,0,0,0,0,2,1,6,2,35,6,1199,1,12,-1,1,-1
2015030002793,1,9,0,18,0,0,0,0,0,0,1,1,6,1,18,4,1896,2,13,-1,2,-1
2015030002793,2,9,0,18,0,0,0,0,0,0,1,1,6,2,39,7,1399,2,12,-1,1,-1
2015030002794,1,9,0,18,0,4,1,0,0,0,1,1,6,1,25,5,1199,1,12,-1,2,-1
2015030002794,2,9,0,9,0,3,0,0,0,0,3,1,6,1,48,8,1298,1,12,-1,1,-1
2015030002795,1,9,0,16,0,0,0,0,0,0,1,1,6,1,69,10,1796,1,15,-1,2,-1
2015030002795,2,9,0,16,0,0,0,0,0,0,2,1,6,1,70,10,2171,1,11,-1,2,-1
2015030002801,1,9,0,3,0,0,0,0,0,0,2,1,6,1,42,7,-1,-1,-1,-1,2,-1
2015030002801,2,9,0,3,0,0,0,0,0,0,2,1,6,1,33,6,1956,2,4,-1,1,-1
2015030002801,3,9,0,18,0,0,2,0,0,0,1,1,6,2,43,7,1560,2,6,-1,2,-1
2015030002811,1,9,0,18,0,0,0,0,1,0,1,1,6,1,18,4,1149,1,12,-1,3,-1
2015030002811,2,21,0,18,0,0,0,0,1,4,1,1,1,1,38,7,-1,-1,-1,-1,-1,-1
2015030002813,1,9,0,18,0,8,0,0,0,0,1,1,6,1,31,6,-1,-1,-1,-1,-1,-1
2015030002813,2,9,0,9,0,6,0,0,0,0,1,1,6,2,40,7,1461,2,2,-1,1,-1
2015030002814,1,9,0,16,0,0,2,0,1,4,1,1,6,1,46,8,1328,1,12,-1,-1,-1
2015030002815,1,9,0,17,0,0,1,0,1,10,1,1,6,1,21,5,1399,1,7,-1,2,-1
2015030002817,1,9,0,18,0,1,0,0,0,0,4,1,1,2,19,4,998,1,3,-1,1,-1
2015030002820,1,9,0,18,0,0,0,0,7,10,1,1,6,1,86,11,1328,1,13,-1,3,-1
2015030002820,2,9,0,18,0,0,0,0,0,0,2,1,6,2,45,7,1242,1,14,-1,1,-1
2015030002821,1,9,0,17,0,0,1,0,1,10,4,1,6,1,83,11,1360,1,15,-1,3,-1
2015030002822,1,9,0,18,0,0,1,0,0,0,3,1,6,1,46,8,1994,2,16,-1,3,-1
2015030002822,2,21,0,2,0,0,0,0,0,0,1,1,6,1,56,9,5193,2,8,-1,1,-1
2015030002828,1,9,0,18,0,0,0,0,1,10,1,1,6,1,30,6,-1,-1,-1,-1,-1,-1
2015030002829,1,9,0,17,0,0,1,0,8,10,1,1,6,2,21,5,-1,-1,-1,-1,2,-1
2015030002830,1,9,0,18,0,2,1,0,0,0,1,1,6,1,23,5,-1,-1,-1,-1,1,-1
2015030002831,1,21,1,18,0,0,0,0,0,0,3,1,1,1,63,9,10518,2,9,-1,1,-1
2015030002831,2,21,1,18,0,0,0,0,0,0,3,1,1,1,49,8,10837,2,-1,-1,3,-1
2015030002833,1,9,0,18,0,1,0,0,0,0,4,1,6,2,25,5,1229,1,6,-1,2,-1
2015030002844,1,9,0,13,0,0,0,0,1,1,1,1,2,2,28,6,1839,1,10,-1,1,-1
2015030002845,1,2,0,16,0,1,2,0,0,0,1,1,6,1,16,4,49,1,-1,-1,3,-1
2015030002845,2,9,0,18,0,1,0,0,0,0,1,1,6,1,73,10,1560,2,2,-1,3,-1
2015030002847,1,3,0,18,0,1,0,4,0,0,1,1,6,2,17,4,-1,-1,-1,-1,1,-1
2015030002847,2,9,0,2,0,1,0,0,0,0,2,1,6,2,51,8,1599,1,14,-1,1,-1
2015030002848,1,9,0,7,0,6,0,0,0,0,1,1,6,1,-1,-1,-1,-1,-1,-1,3,-1
2015030002848,2,1,0,18,0,1,0,0,0,0,1,1,6,2,25,5,-1,-1,-1,-1,3,-1
2015030002849,1,2,0,18,0,1,0,0,0,0,0,1,6,1,18,4,-1,-1,-1,-1,1,-1
2015030002850,1,9,0,18,0,8,0,0,1,2,4,1,6,2,22,5,1240,1,6,-1,3,-1
2015030002850,2,9,0,18,0,8,0,0,0,0,1,1,6,1,55,8,-1,-1,-1,-1,1,-1
2015030002866,1,9,0,17,0,0,5,0,1,4,1,1,6,2,45,7,1598,1,9,-1,3,-1
2015030002868,1,9,0,18,0,4,0,0,0,0,1,1,2,1,44,7,1753,2,12,-1,-1,-1
2015030002868,2,9,0,18,0,8,0,0,0,0,1,1,6,2,57,9,1368,1,4,-1,3,-1
2015030002871,1,9,0,18,0,2,0,0,7,10,1,1,6,1,25,5,1527,2,14,-1,2,-1
2015030002871,2,9,0,18,0,1,0,0,0,0,1,1,6,1,25,5,-1,-1,-1,-1,2,-1
2015030002872,1,9,0,13,0,0,0,0,7,4,1,1,6,1,25,5,1896,2,12,-1,2,-1
2015030002872,2,9,0,16,0,0,0,0,0,0,0,1,6,1,26,6,1390,1,14,-1,2,-1
2015030002873,1,9,0,18,0,0,0,0,0,0,1,1,6,1,21,5,1395,1,1,-1,1,-1
2015030002874,1,9,0,5,0,0,0,0,0,0,4,1,6,1,-1,-1,1896,2,6,-1,-1,-1
2015030002875,1,9,0,16,0,0,2,0,7,10,3,1,6,1,18,4,999,1,15,-1,2,-1
2015030002876,1,8,0,9,0,6,0,0,0,0,4,1,1,1,57,9,1998,2,11,-1,1,-1
2015030002876,2,1,0,18,0,1,0,0,0,0,4,1,6,1,22,5,-1,-1,-1,-1,1,-1
2015030002877,1,9,0,18,0,0,0,0,4,2,3,1,6,1,47,8,1968,2,5,-1,3,-1
2015030002877,2,9,0,5,0,0,0,0,0,0,4,1,6,1,69,10,1229,1,9,-1,1,-1
2015030002878,1,9,0,18,0,0,0,0,0,0,1,1,6,2,84,11,1328,1,10,-1,3,-1
2015030002878,2,21,1,18,0,0,0,0,0,0,3,1,1,1,41,7,6174,2,10,-1,1,-1
2015030002878,3,9,0,18,0,0,0,0,0,0,3,1,6,1,60,9,1686,2,8,-1,1,-1
2015030002879,1,9,0,18,0,0,2,0,1,4,3,1,6,2,20,4,1399,2,6,-1,1,-1
2015030002880,1,9,0,18,0,4,0,0,3,1,1,1,6,1,23,5,1796,1,16,-1,1,-1
2015030002881,1,9,0,18,0,0,0,0,2,4,1,1,6,2,20,4,1397,1,6,-1,2,-1
2015030002882,1,9,0,18,0,0,1,0,1,9,1,1,2,2,56,9,1896,2,10,-1,3,-1
2015030002883,1,9,0,9,0,6,0,0,7,0,1,1,6,1,54,8,2967,2,7,-1,1,-1
2015030002883,2,9,0,18,0,1,0,0,7,0,1,1,6,1,46,8,1997,2,11,-1,2,-1
2015030002884,1,9,0,18,0,0,0,4,0,0,1,1,6,1,55,8,998,1,13,-1,1,-1
2015030002884,2,9,0,18,0,0,0,0,0,0,1,1,6,2,50,8,1910,2,8,-1,2,-1
2015030002884,3,9,0,2,0,0,0,0,0,0,3,1,1,2,-1,-1,2188,2,9,-1,1,-1
2015030002884,4,9,0,2,0,0,0,0,0,0,1,1,6,1,32,6,1598,1,6,-1,2,-1
2015030002885,1,9,0,17,0,0,0,0,0,0,1,1,6,1,81,11,1753,2,11,-1,3,-1
2015030002885,2,19,0,16,0,0,0,0,0,0,1,1,6,1,30,6,1753,2,9,-1,3,-1
2015030002885,3,9,0,16,0,0,0,0,0,0,1,1,6,2,46,8,1896,2,8,-1,3,-1
2015030002886,1,9,0,17,0,0,0,0,7,4,1,1,6,1,18,4,1242,1,12,-1,1,-1
2015030002887,1,9,0,18,0,3,0,0,0,0,1,1,6,1,87,11,1598,1,15,-1,1,-1
2015030002887,2,9,0,18,0,4,0,0,0,0,2,1,6,1,17,4,1149,1,12,-1,1,-1
2015030002888,1,4,0,18,0,0,1,0,0,0,4,1,6,1,28,6,124,1,14,-1,1,-1
2015030002888,2,9,0,18,0,0,1,0,0,0,1,1,6,1,20,4,1968,2,5,-1,1,-1
2015030002888,3,9,0,4,0,0,0,0,0,0,2,1,6,2,53,8,1956,2,3,-1,1,-1
2015030002889,1,9,0,4,0,1,0,0,0,0,1,1,6,1,23,5,1791,8,4,-1,1,-1
2015030002889,2,21,0,18,0,1,0,0,0,0,4,1,6,1,63,9,12740,2,1,-1,2,-1
2015030002890,1,9,0,4,0,0,0,0,0,0,1,1,6,2,20,4,1242,1,11,-1,3,-1
2015030002890,2,9,0,4,0,0,0,0,0,0,1,1,6,1,31,6,1598,2,5,-1,2,-1
2015030002890,3,9,0,4,0,0,0,0,0,0,1,1,6,1,62,9,-1,-1,-1,-1,2,-1
2015030002890,4,9,0,4,0,0,0,0,0,0,1,1,6,2,18,4,1199,1,12,-1,1,-1
2015030002890,5,9,0,4,0,0,0,0,0,0,1,1,6,2,42,7,1998,2,11,-1,1,-1
2015030002892,1,9,0,9,0,8,0,0,0,0,1,1,6,2,90,11,1396,1,13,-1,1,-1
2015030002892,2,9,0,18,0,1,0,0,0,0,1,1,6,2,44,7,2993,2,1,-1,2,-1
2015030002893,1,9,0,9,0,1,0,0,0,0,1,1,6,2,74,10,998,1,7,-1,2,-1
2015030002893,2,1,0,18,0,1,0,0,0,0,1,1,6,1,56,9,-1,-1,-1,-1,2,-1
2015030002894,1,9,0,18,0,0,0,0,0,0,4,1,6,2,21,5,1242,1,6,-1,3,-1
2015030002905,1,9,0,4,0,0,0,0,0,0,1,1,6,2,20,4,1198,1,3,-1,-1,-1
2015030002905,2,9,0,18,0,0,0,0,0,0,2,1,6,1,26,6,1582,2,-1,-1,-1,-1
2015030002906,1,11,0,18,0,2,0,0,0,0,1,1,1,3,-1,-1,9000,2,8,-1,-1,-1
2015030002907,1,8,0,9,0,6,0,0,0,0,3,1,6,3,-1,-1,-1,-1,-1,-1,-1,-1
2015030002907,2,1,0,18,0,8,0,0,0,0,1,1,6,1,40,7,-1,-1,-1,-1,2,-1
2015030002909,1,9,0,18,0,0,0,0,0,0,1,1,6,1,86,11,1108,1,7,-1,1,-1
2015030002909,2,9,0,2,0,0,0,0,0,0,4,1,6,2,47,8,1242,1,8,-1,1,-1
2015030002911,1,19,0,13,0,0,0,0,0,0,0,1,6,3,-1,-1,-1,-1,-1,-1,-1,-1
2015030002911,2,3,0,18,0,0,0,0,0,0,0,1,6,1,68,10,124,1,1,-1,3,-1
2015030002912,1,9,0,18,0,0,0,0,0,0,1,1,6,2,-1,-1,-1,-1,-1,-1,1,-1
2015030002912,2,9,0,4,0,0,0,0,0,0,2,1,6,2,27,6,1598,1,7,-1,1,-1
2015030002912,3,9,0,4,0,0,0,0,0,0,2,1,6,2,32,6,1560,2,4,-1,3,-1
2015030002912,4,9,0,3,0,0,0,0,0,0,2,1,6,1,42,7,-1,-1,-1,-1,1,-1
2015030002913,1,9,0,18,0,0,0,0,0,0,1,1,6,2,28,6,1753,2,13,-1,2,-1
2015030002914,1,9,0,18,0,8,0,4,0,0,1,1,6,2,43,7,1595,1,10,-1,1,-1
2015030002914,2,8,0,2,0,1,0,0,0,0,2,1,1,1,38,7,-1,-1,-1,-1,1,-1
2015030002916,1,9,0,4,0,1,0,0,0,0,1,1,6,3,-1,-1,1242,1,1,-1,-1,-1
2015030002916,2,9,0,4,0,1,0,0,0,0,2,1,6,1,31,6,1781,1,13,-1,3,-1
2015030002918,1,9,0,9,0,1,0,0,0,0,1,1,6,1,41,7,1198,1,4,-1,1,-1
2015030002918,2,9,0,18,0,1,0,0,0,0,1,1,6,1,21,5,-1,-1,-1,-1,1,-1
2015030002927,1,9,0,18,0,1,0,0,0,0,1,1,6,2,32,6,998,1,4,-1,1,-1
2015030002927,2,9,0,18,0,1,0,0,0,0,4,1,6,2,20,4,-1,-1,-1,-1,1,-1
2015030002931,1,9,0,18,0,1,0,0,0,0,1,1,6,1,72,10,1587,1,11,-1,1,-1
2015030002931,2,9,0,8,0,1,0,0,0,0,2,1,6,1,44,7,-1,-1,-1,-1,3,-1
2015030002933,1,9,0,18,0,0,1,0,0,0,1,1,6,1,23,5,1388,1,12,-1,1,-1
2015030002933,2,9,0,18,0,0,0,0,0,0,3,1,6,1,41,7,1560,2,1,-1,1,-1
2015030002933,3,9,0,18,0,0,0,0,1,0,1,1,6,1,64,9,1248,2,6,-1,1,-1
2015030002933,4,9,0,18,0,0,0,0,0,0,4,1,6,1,51,8,1685,2,1,-1,1,-1
2015030002935,1,9,0,13,0,8,0,0,0,0,3,1,2,1,37,7,-1,-1,-1,-1,2,-1
2015030002935,2,9,0,9,0,5,0,0,0,0,3,1,6,1,23,5,973,1,13,-1,1,-1
2015030002936,1,9,0,18,0,8,1,0,0,0,1,1,6,1,30,6,-1,-1,-1,-1,3,-1
2015030002936,2,9,0,18,0,8,2,10,7,9,1,1,6,1,38,7,1149,1,11,-1,2,-1
2015030002936,3,9,0,18,0,8,1,0,0,0,2,1,6,1,23,5,1984,1,11,-1,1,-1
2015030002938,1,9,0,1,0,0,0,0,0,0,2,1,1,1,46,8,-1,-1,-1,-1,1,-1
2015030002939,1,9,0,7,0,6,0,0,0,0,1,1,6,2,25,5,1560,2,4,-1,2,-1
2015030002939,2,9,0,18,0,8,0,0,0,0,4,1,6,2,36,7,1124,1,9,-1,3,-1
2015030002940,1,9,0,7,0,8,0,0,0,0,0,1,6,3,40,7,-1,-1,-1,-1,-1,-1
2015030002940,2,11,0,18,0,1,0,0,0,0,0,1,6,1,43,7,-1,-1,-1,-1,1,-1
2015030002941,1,9,0,13,0,8,0,0,0,0,1,1,6,1,29,6,1999,1,10,-1,2,-1
2015030002941,2,9,0,8,0,1,0,0,0,0,1,1,6,2,50,8,1198,1,1,-1,3,-1
2015030002942,1,9,0,18,0,2,0,0,0,0,1,1,6,2,60,9,1086,1,5,-1,1,-1
2015030002943,1,9,0,9,0,1,0,0,0,0,1,1,6,3,-1,-1,1997,2,15,-1,-1,-1
2015030002943,2,9,0,18,0,1,0,0,0,0,1,1,6,1,58,9,1896,2,13,-1,1,-1
2015030002946,1,9,0,18,0,1,0,0,0,0,1,1,6,1,25,5,1796,1,9,-1,3,-1
2015030002946,2,9,0,4,0,1,0,0,0,0,3,1,6,1,52,8,1598,2,3,-1,3,-1
2015030002947,1,21,1,18,6,0,5,0,1,10,1,1,6,1,28,6,12900,2,8,-1,1,-1
2015030002948,1,9,0,18,0,0,0,0,1,1,4,1,6,1,24,5,-1,-1,-1,-1,3,-1
2015030002949,1,21,4,18,0,0,0,5,0,0,2,1,1,1,36,7,10837,2,4,-1,1,-1
2015030002949,2,21,1,18,0,0,0,11,0,0,1,1,6,1,56,9,12777,2,-1,-1,3,-1
2015030002949,3,9,0,18,0,0,0,11,0,0,1,1,6,2,22,5,1598,2,4,-1,2,-1
2015030002951,1,9,0,16,0,0,2,0,1,10,1,1,6,2,20,4,1242,1,2,-1,2,-1
2015030002954,1,9,0,18,0,5,0,0,0,0,3,1,6,2,19,4,1995,2,11,-1,1,-1
2015030002955,1,9,0,18,0,0,0,0,0,0,3,1,6,2,59,9,3000,1,14,-1,2,-1
2015030002955,2,19,0,18,0,0,0,0,0,0,3,1,6,1,77,11,2402,2,12,-1,3,-1
2015030002956,1,9,0,18,0,0,0,0,0,0,3,1,6,3,-1,-1,-1,-1,-1,-1,-1,-1
2015030002956,2,3,0,7,0,0,0,0,0,0,3,1,6,1,18,4,125,1,2,-1,2,-1
2015030002958,1,9,0,7,0,5,0,0,0,0,1,1,6,1,75,10,1497,8,-1,-1,2,-1
2015030002958,2,9,0,1,0,1,0,0,0,0,1,1,6,1,22,5,1149,1,7,-1,3,-1
2015030002960,1,9,0,18,0,1,0,0,0,0,4,1,6,2,33,6,1248,1,4,-1,1,-1
2015030002961,1,9,0,18,0,0,0,0,2,10,4,1,6,1,19,4,1242,1,5,-1,3,-1
2015030002961,2,9,0,18,0,0,0,0,0,0,1,1,6,2,28,6,1197,1,5,-1,1,-1
2015030002961,3,9,0,18,0,0,0,0,0,0,1,1,6,1,71,10,1783,1,15,-1,2,-1
2015030002964,1,9,0,18,0,0,0,0,0,0,1,1,6,2,45,7,1360,1,8,-1,1,-1
2015030002965,1,9,0,18,0,0,0,0,0,0,1,1,6,2,32,6,1686,2,4,-1,1,-1
2015030002969,1,9,0,18,0,1,0,0,0,0,1,1,6,2,23,5,1389,1,12,-1,2,-1
2015030002969,2,9,0,4,0,1,0,0,0,0,2,1,6,1,36,7,1956,2,-1,-1,1,-1
2015030002970,1,9,0,9,0,6,0,0,0,0,0,1,6,3,-1,-1,-1,-1,-1,-1,-1,-1
2015030002970,2,90,0,18,0,1,5,0,0,0,0,1,6,1,-1,-1,-1,-1,-1,-1,2,-1
2015030002971,1,9,0,18,0,1,0,0,0,0,1,1,6,1,59,9,1248,1,5,-1,1,-1
2015030002971,2,9,0,18,0,1,0,0,0,0,3,1,6,2,49,8,1910,2,6,-1,1,-1
2015030002973,1,9,0,18,0,8,2,0,7,10,4,1,6,1,18,4,1198,1,1,-1,3,-1
2015030002973,2,19,0,18,0,8,1,0,0,10,1,1,6,1,45,7,-1,-1,-1,-1,1,-1
2015030002974,1,9,0,18,0,1,0,0,6,0,1,1,6,2,74,10,1598,1,7,-1,1,-1
2015030002974,2,19,0,9,0,6,0,0,0,0,1,1,6,1,32,6,2198,2,3,-1,2,-1
2015030002975,1,9,0,18,0,0,1,0,7,0,1,1,6,1,23,5,1984,1,16,-1,2,-1
2015030002975,2,9,0,18,0,0,0,0,0,0,0,1,6,1,64,9,1896,2,9,-1,3,-1
2015030002976,1,9,0,18,0,4,1,0,0,0,1,1,6,1,58,9,3200,2,11,-1,1,-1
2015030002976,2,9,0,3,0,4,0,0,0,0,1,1,6,2,18,4,1242,1,3,-1,1,-1
2015030002976,3,9,0,3,0,4,0,0,0,0,2,1,6,1,57,9,-1,-1,-1,-1,3,-1
2015030002977,1,9,0,5,0,6,0,0,0,0,2,1,6,2,22,5,1198,1,7,-1,1,-1
2015030002979,1,9,0,18,0,0,0,0,0,0,1,1,6,2,25,5,1299,1,12,-1,2,-1
2015030002979,2,9,0,18,0,0,0,0,0,0,2,1,6,1,53,8,1248,1,-1,-1,2,-1
2015030002987,1,9,0,18,0,6,0,0,0,0,1,1,6,1,28,6,-1,-1,-1,-1,3,-1
2015030002988,1,9,0,16,0,0,1,0,0,0,1,1,6,1,48,8,-1,-1,-1,-1,3,-1
2015030002990,1,9,0,18,0,1,0,0,0,0,1,1,6,3,-1,-1,-1,-1,-1,-1,-1,-1
2015030002990,2,9,0,18,0,1,0,0,0,0,2,1,6,1,23,5,2204,2,8,-1,1,-1
2015030002992,1,9,0,11,0,0,2,0,0,0,1,1,6,1,25,5,2231,2,3,-1,1,-1
2015030002994,1,9,0,9,0,6,0,0,0,0,3,1,6,2,19,4,1149,1,12,-1,1,-1
2015030002994,2,9,0,18,0,8,0,0,0,0,1,1,6,1,17,4,993,1,26,-1,1,-1
2015030002998,1,90,0,18,0,1,0,0,0,0,3,1,1,1,-1,-1,-1,-1,-1,-1,-1,-1
2015030002998,2,9,0,18,0,1,0,0,0,0,1,1,6,2,32,6,1242,1,11,-1,1,-1
2015030002999,1,9,0,9,0,1,0,0,0,0,1,1,6,2,41,7,1910,2,8,-1,1,-1
2015030002999,2,9,0,18,0,2,0,0,0,0,1,1,6,1,24,5,1497,1,10,-1,3,-1
2015030003000,1,9,0,18,0,7,0,0,0,0,1,1,6,1,-1,-1,1968,2,2,-1,-1,-1
2015030003000,2,9,0,4,0,7,0,0,0,0,2,1,6,2,42,7,-1,-1,-1,-1,1,-1
2015030003000,3,9,0,3,0,7,0,0,0,0,2,1,6,1,53,8,1598,2,3,-1,3,-1