Accident_Index,Vehicle_Reference,Vehicle_Type,Towing_and_Articulation,Vehicle_Manoeuvre,Vehicle_Location-Restricted_Lane,Junction_Location,Skidding_and_Overturning,Hit_Object_in_Carriageway,Vehicle_Leaving_Carriageway,Hit_Object_off_Carriageway,1st_Point_of_Impact,Was_Vehicle_Left_Hand_Drive?,Journey_Purpose_of_Driver,Sex_of_Driver,Age_of_Driver,Age_Band_of_Driver,Engine_Capacity_(CC),Propulsion_Code,Age_of_Vehicle,Driver_IMD_Decile,Driver_Home_Area_Type,Vehicle_IMD_Decile
2015030003003,1,19,0,9,0,8,0,0,0,0,4,1,1,1,57,9,-1,-1,-1,-1,1,-1
2015030003003,2,9,0,18,0,1,0,0,0,0,1,1,2,1,60,9,1390,1,9,-1,3,-1
2015030003004,1,9,0,17,0,0,2,0,2,4,1,1,6,1,32,6,1598,1,14,-1,1,-1
2015030003012,1,9,0,4,0,0,0,0,0,0,1,1,6,2,19,4,2199,2,3,-1,3,-1
2015030003012,2,9,0,18,0,0,0,0,0,0,2,1,6,2,61,9,1997,2,7,-1,-1,-1
2015030003013,1,9,0,18,0,0,2,0,0,0,1,1,6,2,23,5,1199,1,13,-1,1,-1
2015030003014,1,5,0,13,0,8,2,0,0,0,1,1,6,1,48,8,955,1,9,-1,2,-1
2015030003014,2,21,0,9,0,5,0,0,0,0,3,1,1,1,52,8,11705,2,16,-1,3,-1
2015030003019,1,9,0,7,0,2,0,0,0,0,1,1,6,2,25,5,1986,2,10,-1,2,-1
2015030003019,2,9,0,18,0,8,0,0,0,0,3,1,6,1,75,10,1995,1,7,-1,3,-1
2015030003021,1,9,0,4,0,0,1,0,0,0,1,1,6,1,18,4,1398,2,7,-1,2,-1
2015030003021,2,9,0,4,0,0,0,0,0,0,2,1,6,1,67,10,1896,2,7,-1,2,-1
2015030003023,1,9,0,18,0,0,0,0,0,0,1,1,6,1,41,7,1995,1,10,-1,1,-1
2015030003023,2,9,0,2,0,0,0,0,0,0,2,1,6,1,54,8,2499,1,3,-1,1,-1
2015030003023,3,9,0,2,0,0,0,0,0,0,2,1,6,1,31,6,1299,1,12,-1,1,-1
2015030003023,4,9,0,2,0,0,0,0,0,0,2,1,6,2,50,8,1686,2,2,-1,-1,-1
2015030003029,1,20,0,18,0,0,0,0,0,0,1,1,6,3,-1,-1,-1,-1,-1,-1,-1,-1
2015030003029,2,1,0,18,0,0,2,0,0,0,1,1,6,1,59,9,-1,-1,-1,-1,2,-1
2015030003030,1,20,0,18,0,0,5,0,1,1,1,1,6,1,43,7,-1,-1,-1,-1,1,-1
2015030003032,1,9,0,18,0,0,2,11,1,10,1,1,2,1,39,7,1796,1,11,-1,1,-1
2015030003033,1,9,0,18,0,0,0,10,1,0,1,1,6,1,46,8,6208,1,2,-1,3,-1
2015030003034,1,9,0,18,0,0,0,0,0,0,0,1,6,3,30,6,-1,-1,-1,-1,-1,-1
2015030003034,2,9,0,18,0,0,1,0,1,10,0,1,6,1,21,5,1560,2,8,-1,3,-1
2015030003035,1,9,0,18,0,0,0,0,0,0,1,1,6,1,52,8,1149,1,8,-1,1,-1
2015030003036,1,9,0,16,0,0,2,0,1,10,0,1,6,1,24,5,1753,2,12,-1,-1,-1
2015030003036,2,90,0,18,0,0,0,0,0,0,0,1,1,1,26,6,-1,-1,-1,-1,1,-1
2015030003037,1,9,0,16,0,0,5,0,7,10,1,1,2,1,23,5,1956,2,1,-1,1,-1
2015030003038,1,9,0,18,0,0,0,0,0,0,1,1,6,1,46,8,1341,1,10,-1,2,-1
2015030003038,2,9,0,18,0,0,0,0,0,0,1,1,6,1,77,11,2199,2,1,-1,3,-1
2015030003039,1,9,0,18,0,0,0,0,7,0,1,1,6,1,86,11,1588,1,13,-1,2,-1
2015030003039,2,9,0,18,0,0,0,0,0,0,1,1,6,1,51,8,2179,2,-1,-1,1,-1
2015030003040,1,9,0,18,0,2,0,0,0,0,4,1,3,1,45,7,1149,1,9,-1,2,-1
2015030003041,1,9,0,18,0,0,0,0,0,0,1,1,2,1,77,11,-1,-1,-1,-1,3,-1
2015030003041,2,9,0,18,0,0,0,0,0,0,1,1,6,2,36,7,1461,2,1,-1,1,-1
2015030003042,1,9,0,5,0,4,0,0,0,0,1,1,6,1,30,6,-1,-1,-1,-1,1,-1
2015030003042,2,9,0,5,0,4,0,0,0,0,2,1,6,2,68,10,1461,2,2,-1,1,-1
2015030003043,1,9,0,18,0,0,2,10,2,10,1,1,6,2,80,11,1461,2,1,-1,3,-1
2015030003047,1,9,0,4,0,1,0,0,1,1,1,1,6,2,58,9,1598,1,5,-1,3,-1
2015030003048,1,9,0,18,0,0,1,10,1,0,1,1,6,2,23,5,1229,1,5,-1,1,-1
2015030003049,1,9,0,4,0,8,0,0,0,0,2,1,6,2,29,6,998,1,4,-1,1,-1
2015030003049,2,9,0,4,0,8,0,0,0,0,1,1,6,2,33,6,1997,2,2,-1,1,-1
2015030003050,1,9,0,18,0,0,0,0,0,0,1,1,6,3,-1,-1,-1,-1,-1,-1,-1,-1
2015030003050,2,9,0,2,0,0,0,0,0,0,3,1,6,2,46,8,1598,1,-1,-1,1,-1
2015030003051,1,9,0,18,0,0,0,0,0,0,3,1,6,1,54,8,1597,2,2,-1,1,-1
2015030003051,2,9,0,13,0,0,0,0,0,0,4,1,6,1,58,9,-1,-1,-1,-1,3,-1
2015030003057,1,9,0,7,0,5,0,0,0,0,2,1,6,1,17,4,-1,-1,-1,-1,1,-1
2015030003057,2,9,0,7,0,5,0,0,0,0,2,1,6,2,36,7,1598,1,9,-1,1,-1
2015030003058,1,9,0,18,0,0,0,0,0,0,1,1,6,1,35,6,1799,1,7,-1,2,-1
2015030003058,2,1,0,18,0,0,0,0,0,0,0,1,6,1,48,8,-1,-1,-1,-1,3,-1
2015030003059,1,9,0,5,0,0,0,0,0,0,0,1,6,2,45,7,1596,1,13,-1,2,-1
2015030003062,1,9,0,18,0,0,0,0,0,0,1,1,6,1,49,8,1968,2,1,-1,3,-1
2015030003063,1,9,0,16,0,0,1,0,7,4,1,1,6,1,19,4,1493,1,17,-1,2,-1
2015030003063,2,9,0,18,0,0,0,0,0,0,0,1,1,1,40,7,2993,2,-1,-1,1,-1
2015030003064,1,9,0,5,0,4,0,0,0,0,1,1,6,2,26,6,1968,2,3,-1,3,-1
2015030003064,2,9,0,3,0,4,0,0,0,0,2,1,6,1,22,5,1360,1,11,-1,1,-1
2015030003065,1,1,0,18,0,1,0,0,0,0,1,1,6,1,59,9,-1,-1,-1,-1,1,-1
2015030003066,1,9,0,18,0,0,0,0,0,10,1,1,6,1,41,7,1149,1,3,-1,1,-1
2015030003074,1,19,0,5,0,5,0,0,0,0,1,1,6,1,35,6,-1,-1,-1,-1,1,-1
2015030003074,2,9,0,18,0,1,0,0,0,0,1,1,6,2,50,8,1997,2,11,-1,2,-1
2015030003075,1,9,0,1,8,2,0,0,0,0,2,1,6,1,41,7,1248,2,9,-1,2,-1
2015030003076,1,9,0,18,0,0,0,0,7,9,1,1,6,2,19,4,1900,2,11,-1,3,-1
2015030003077,1,9,0,10,0,1,0,0,0,0,1,1,6,1,70,10,1396,1,14,-1,2,-1
2015030003077,2,1,0,18,0,1,0,0,0,0,3,1,6,1,65,9,-1,-1,-1,-1,1,-1
2015030003079,1,9,0,9,0,1,0,0,0,0,3,1,6,1,60,9,1995,2,9,-1,2,-1
2015030003079,2,9,0,18,0,1,0,0,0,0,1,1,6,1,21,5,1396,2,2,-1,1,-1
2015030003080,1,9,0,9,0,6,0,0,0,0,0,1,6,3,-1,-1,-1,-1,-1,-1,-1,-1
2015030003080,2,9,0,18,0,1,0,0,1,0,3,1,6,1,34,6,1929,2,22,-1,2,-1
2015030003080,3,9,0,18,0,1,0,0,1,0,3,1,6,2,48,8,1560,2,4,-1,-1,-1
2015030003081,1,9,0,18,0,1,0,0,0,0,1,1,6,1,47,8,1390,1,8,-1,2,-1
2015030003081,2,19,0,4,0,1,0,0,0,0,2,1,6,1,26,6,2402,2,7,-1,1,-1
2015030003086,1,9,0,17,0,0,2,0,1,0,1,1,6,1,21,5,1390,1,4,-1,2,-1
2015030003087,1,4,0,18,0,0,5,0,0,0,1,1,6,1,17,4,124,1,8,-1,1,-1
2015030003087,2,9,0,4,0,0,0,0,0,0,2,1,6,1,60,9,-1,-1,-1,-1,1,-1
2015030003088,1,9,0,9,0,8,0,0,0,0,1,1,6,2,84,11,998,1,2,-1,1,-1
2015030003088,2,9,0,18,0,8,0,0,7,0,1,1,6,1,26,6,1560,2,2,-1,1,-1
2015030003090,1,9,0,16,0,0,0,0,0,0,1,1,6,1,38,7,-1,-1,-1,-1,2,-1
2015030003090,2,9,0,17,0,0,0,0,1,0,1,1,6,1,50,8,-1,-1,-1,-1,3,-1
2015030003090,3,9,0,18,0,0,0,0,0,0,0,1,1,2,27,6,1997,2,1,-1,1,-1
2015030003091,1,4,0,5,0,6,0,0,0,0,1,1,6,1,25,5,346,1,30,-1,1,-1
2015030003091,2,9,0,5,0,6,0,0,0,0,3,1,6,2,59,9,1596,1,11,-1,3,-1
2015030003094,1,9,0,18,0,0,0,0,0,0,1,1,6,2,-1,-1,-1,-1,-1,-1,-1,-1
2015030003095,1,9,0,18,0,1,0,0,0,0,1,1,6,1,47,8,1560,2,1,-1,1,-1
2015030003095,2,9,0,18,0,1,0,0,0,0,3,1,6,2,24,5,1461,2,8,-1,1,-1
2015030003096,1,9,0,18,0,0,0,0,0,0,1,1,6,2,32,6,1896,2,13,-1,3,-1
2015030003097,1,9,0,8,0,1,0,0,0,0,1,1,6,1,31,6,1461,2,10,-1,-1,-1
2015030003098,1,9,0,6,0,0,0,0,0,0,3,1,6,2,18,4,1995,2,1,-1,-1,-1
2015030003098,2,90,0,18,0,0,0,0,0,0,1,1,6,1,46,8,-1,-1,-1,-1,3,-1
2015030003099,1,9,0,17,0,0,2,0,2,10,1,1,6,3,-1,-1,1360,2,24,-1,-1,-1
2015030003100,1,9,0,4,0,0,0,0,0,0,4,1,6,1,50,8,998,1,5,-1,-1,-1
2015030003108,1,9,0,18,0,0,0,0,0,0,1,1,2,1,55,8,1248,1,6,-1,1,-1
2015030003108,2,9,0,3,0,0,0,0,0,0,2,1,6,2,67,10,1339,1,11,-1,2,-1
2015030003108,3,9,0,3,0,0,0,0,0,0,2,1,6,1,28,6,-1,-1,-1,-1,1,-1
2015030003109,1,9,0,5,0,0,0,0,0,0,2,1,6,1,46,8,1149,1,12,-1,1,-1
2015030003109,2,9,0,11,0,0,0,0,0,0,4,1,6,2,82,11,1396,1,11,-1,3,-1
2015030003110,1,9,0,18,0,0,1,0,0,0,1,1,6,2,20,4,1149,1,13,-1,3,-1
2015030003110,2,9,0,4,0,0,0,0,0,0,2,1,6,1,68,10,1360,1,9,-1,3,-1
2015030003118,1,9,0,18,0,0,0,0,0,0,1,1,6,1,23,5,1896,2,13,-1,3,-1
2015030003120,1,3,0,18,0,0,1,0,0,0,1,1,6,1,19,4,125,1,7,-1,1,-1
2015030003121,1,9,0,18,0,0,0,0,0,0,0,1,6,2,39,7,1240,1,8,-1,3,-1
2015030003122,1,9,0,18,0,0,0,0,0,4,1,1,6,1,45,7,1587,1,9,-1,2,-1
2015030003123,1,9,0,7,0,0,0,0,7,0,1,1,6,2,50,8,1198,1,12,-1,3,-1
2015030003123,2,9,0,18,0,0,0,0,0,0,1,1,6,2,59,9,1461,2,3,-1,2,-1
2015030003125,1,9,0,5,0,6,0,0,3,0,3,1,6,2,70,10,1242,1,3,-1,3,-1
2015030003125,2,9,0,18,0,1,0,0,4,0,1,1,6,1,29,6,-1,-1,-1,-1,3,-1
2015030003126,1,9,0,18,0,0,0,0,0,0,4,1,6,3,-1,-1,-1,-1,-1,-1,-1,-1
2015030003127,1,9,0,4,0,0,0,0,0,0,1,1,6,2,19,4,1199,1,11,-1,1,-1
2015030003127,2,21,0,4,0,0,0,0,0,0,2,1,6,1,36,7,10518,2,-1,-1,1,-1
2015030003128,1,20,0,18,0,0,0,0,0,0,3,1,1,3,-1,-1,-1,-1,-1,-1,-1,-1
2015030003128,2,9,0,18,0,0,0,0,0,0,3,1,6,1,21,5,1596,1,11,-1,3,-1
2015030003129,1,11,0,5,0,1,0,0,0,0,1,1,1,1,37,7,4250,2,11,-1,1,-1
2015030003131,1,19,0,18,0,0,0,0,0,0,1,1,1,1,18,4,1598,2,-1,-1,2,-1
2015030003131,2,9,0,18,0,0,0,0,0,0,1,1,6,2,48,8,998,1,5,-1,3,-1
2015030003133,1,9,0,9,0,1,0,0,0,0,3,1,6,1,25,5,1396,1,6,-1,1,-1
2015030003133,2,3,0,18,0,1,0,0,0,0,1,1,6,1,26,6,124,1,5,-1,1,-1
2015030003138,1,9,0,18,0,8,0,7,0,0,1,1,6,1,20,4,1910,2,9,-1,2,-1
2015030003138,2,8,0,18,0,8,0,10,3,10,4,1,6,1,38,7,1896,2,5,-1,2,-1
2015030003139,1,9,0,16,0,0,0,0,0,0,1,1,6,1,18,4,1248,2,6,-1,1,-1
2015030003139,2,9,0,17,0,0,0,0,1,0,1,1,6,1,23,5,1598,1,10,-1,3,-1
2015030003140,1,9,0,17,0,0,1,0,1,10,1,1,6,1,17,4,1229,1,5,-1,2,-1
2015030003141,1,8,0,5,0,4,0,0,0,0,3,1,1,1,48,8,1910,2,7,-1,1,-1
2015030003141,2,1,0,18,0,8,0,0,0,0,1,1,6,2,47,8,-1,-1,-1,-1,1,-1
2015030003142,1,4,0,9,0,4,0,0,0,0,1,1,6,1,30,6,781,1,15,-1,1,-1
2015030003142,2,9,0,8,0,4,0,0,0,0,2,1,6,2,23,5,1997,2,12,-1,-1,-1
2015030003143,1,19,0,2,0,1,0,0,0,0,0,1,1,1,26,6,2198,2,9,-1,1,-1
2015030003143,2,9,0,4,0,1,0,0,0,0,1,1,6,2,55,8,998,1,-1,-1,1,-1
2015030003144,1,9,0,16,0,0,5,0,0,10,2,1,6,2,44,7,1998,1,14,-1,3,-1
2015030003144,2,9,0,17,0,0,5,0,0,0,1,1,6,2,18,4,-1,-1,-1,-1,3,-1
2015030003146,1,9,0,9,0,3,0,0,0,0,0,1,6,3,-1,-1,-1,-1,-1,-1,-1,-1
2015030003146,2,11,0,18,0,4,0,0,0,0,0,1,1,1,47,8,4250,2,14,-1,3,-1
2015030003147,1,9,0,5,0,8,0,0,0,0,1,1,6,1,69,10,2401,2,10,-1,3,-1
2015030003147,2,8,0,9,0,8,0,0,0,0,2,1,1,1,32,6,1598,1,9,-1,1,-1
2015030003148,1,9,0,4,0,8,0,0,0,0,1,1,6,1,19,4,1197,1,-1,-1,2,-1
2015030003148,2,9,0,9,0,5,0,0,0,0,1,1,6,2,35,6,1242,1,3,-1,3,-1
2015030003149,1,9,0,9,0,2,0,0,0,0,1,1,6,1,76,11,1999,1,14,-1,1,-1
2015030003149,2,1,0,18,0,1,0,0,0,0,2,1,6,1,59,9,-1,-1,-1,-1,1,-1
2015030003150,1,9,0,9,0,1,0,0,0,0,4,1,6,1,71,10,1997,2,15,-1,1,-1
2015030003150,2,9,0,18,0,1,0,0,0,0,1,1,6,2,25,5,1997,2,14,-1,1,-1
2015030003151,1,9,0,7,0,1,2,0,7,10,1,1,6,1,29,6,1198,1,3,-1,-1,-1
2015030003152,1,9,0,18,0,0,5,0,0,0,1,1,6,1,26,6,993,1,15,-1,3,-1
2015030003152,2,9,0,18,0,0,0,0,0,0,1,1,6,3,-1,-1,-1,-1,-1,-1,-1,-1
2015030003152,3,9,0,18,0,0,0,0,7,10,1,1,6,1,-1,-1,1997,2,-1,-1,1,-1
2015030003164,1,9,0,18,0,0,1,0,0,0,1,1,6,1,48,8,4395,1,1,-1,3,-1
2015030003164,2,9,0,18,0,0,1,0,0,0,4,1,6,1,53,8,2143,2,-1,-1,3,-1
2015030003164,3,21,1,18,0,0,0,0,0,0,2,1,6,1,63,9,10837,2,2,-1,-1,-1
2015030003164,4,9,0,18,0,0,1,0,0,0,1,1,6,1,68,10,1399,1,6,-1,2,-1
2015030003164,5,9,0,18,0,0,1,0,7,0,4,1,6,2,41,7,2401,2,12,-1,2,-1
2015030003164,6,9,0,18,0,0,1,0,4,6,1,1,6,1,55,8,-1,-1,-1,-1,3,-1
2015030003164,7,9,0,18,0,0,1,0,0,0,2,1,6,1,62,9,1951,2,9,-1,3,-1
2015030003164,8,9,0,18,0,0,1,0,0,0,2,1,6,1,78,11,2204,2,8,-1,3,-1
2015030003164,9,9,0,18,0,0,1,0,0,0,2,1,6,2,27,6,1896,2,8,-1,1,-1
2015030003164,10,9,0,18,0,0,1,0,0,0,2,1,6,2,40,7,1422,2,10,-1,2,-1
2015030003165,1,9,0,18,0,0,0,1,4,10,1,1,6,1,31,6,1242,1,3,-1,1,-1
2015030003165,2,9,0,2,0,0,0,0,0,0,3,1,6,1,21,5,1598,1,-1,-1,1,-1
2015030003166,1,9,0,5,0,4,0,0,0,0,1,1,6,2,17,4,1595,1,14,-1,1,-1
2015030003166,2,9,0,7,0,3,0,0,0,0,4,1,6,1,26,6,1598,1,7,-1,1,-1
2015030003167,1,9,0,18,0,1,0,0,0,0,1,1,6,1,22,5,1242,1,13,-1,-1,-1
2015030003167,2,9,0,10,0,1,0,0,0,0,1,1,6,2,32,6,999,1,2,-1,1,-1
2015030003168,1,9,0,16,0,0,0,0,0,0,0,1,6,3,-1,-1,-1,-1,-1,-1,-1,-1
2015030003168,2,9,0,17,0,0,2,0,2,0,1,1,6,1,30,6,1995,1,10,-1,3,-1
2015030003169,1,9,0,4,0,1,0,0,0,0,1,1,6,1,39,7,1560,2,9,-1,1,-1
2015030003169,2,9,0,4,0,1,0,0,0,0,2,1,6,2,61,9,-1,-1,-1,-1,1,-1
2015030003173,1,4,0,18,0,1,0,0,0,0,0,1,6,3,-1,-1,-1,-1,-1,-1,-1,-1
2015030003173,2,9,0,18,0,1,5,0,1,1,1,1,6,1,30,6,998,1,10,-1,-1,-1
2015030003178,1,9,0,4,0,0,0,0,0,0,1,1,6,1,-1,-1,1794,1,8,-1,3,-1
2015030003178,2,9,0,3,0,0,0,0,0,0,2,1,6,2,26,6,1956,2,-1,-1,1,-1
2015030003179,1,9,0,13,0,0,0,0,0,0,1,1,6,1,21,5,1242,1,1,-1,1,-1
2015030003179,2,1,0,18,0,0,0,0,0,0,2,1,6,1,56,9,-1,-1,-1,-1,3,-1
2015030003180,1,9,0,17,0,0,0,0,7,4,4,1,6,2,21,5,1124,1,10,-1,2,-1
2015030003183,1,9,0,9,0,6,0,0,0,0,3,1,6,1,46,8,1149,1,12,-1,1,-1
2015030003183,2,9,0,18,0,1,0,0,0,0,3,1,6,2,18,4,1149,1,13,-1,1,-1
2015030003184,1,9,0,18,0,1,0,0,0,0,1,1,6,1,42,7,2231,2,7,-1,1,-1
2015030003186,1,9,0,18,0,0,1,0,0,0,1,1,6,1,64,9,2993,2,10,-1,1,-1
2015030003186,2,9,0,9,0,0,0,0,7,10,1,1,6,2,45,7,1399,2,5,-1,-1,-1
2015030003187,1,3,0,18,0,0,0,0,0,0,1,1,6,1,18,4,125,1,1,-1,3,-1
2015030003195,1,9,0,18,0,0,0,0,0,0,1,1,6,3,-1,-1,-1,-1,-1,-1,-1,-1
2015030003199,1,9,0,18,0,8,0,0,0,0,1,1,6,2,27,6,1197,1,-1,-1,3,-1
2015030003199,2,9,0,10,0,5,0,0,0,0,0,1,6,1,22,5,1968,2,5,-1,3,-1
2015030003200,1,9,0,18,0,0,0,0,0,0,4,1,6,2,50,8,999,1,-1,-1,1,-1
2015030003200,2,9,0,18,0,0,2,7,4,7,3,1,6,2,51,8,1108,1,12,-1,1,-1
2015030003201,1,9,0,18,0,0,0,0,1,9,1,1,6,2,39,7,1870,2,12,-1,3,-1
2015030003204,1,9,0,18,0,0,2,0,7,10,1,1,6,2,30,6,-1,-1,-1,-1,3,-1
2015030003205,1,9,0,18,0,1,0,0,0,0,4,1,1,1,53,8,2967,1,13,-1,1,-1
2015030003205,2,1,0,18,5,1,2,0,8,0,1,1,4,1,15,3,-1,-1,-1,-1,1,-1
2015030003214,1,9,0,18,0,1,0,0,7,0,1,1,6,1,44,7,1995,1,13,-1,1,-1
2015030003223,1,9,0,18,0,0,0,0,0,0,1,1,1,1,48,8,-1,-1,-1,-1,-1,-1
2015030003223,2,9,0,3,0,0,0,0,0,0,2,1,6,2,46,8,-1,-1,-1,-1,3,-1
2015030003227,1,3,0,17,0,0,0,0,1,0,1,1,2,1,19,4,125,1,-1,-1,-1,-1
2015030003228,1,9,0,5,0,6,0,0,0,0,1,1,6,1,72,10,1783,1,11,-1,2,-1
2015030003228,2,9,0,18,0,1,0,0,7,4,1,1,6,1,24,5,1397,1,15,-1,1,-1
2015030003229,1,9,0,9,0,5,0,0,0,0,1,1,2,1,19,4,-1,-1,-1,-1,-1,-1
2015030003231,1,19,0,5,0,0,0,0,0,0,1,1,6,1,41,7,3199,2,4,-1,1,-1
2015030003232,1,9,0,16,0,0,2,0,1,0,1,1,6,2,19,4,1124,1,13,-1,3,-1
201504ED15001,1,9,0,16,0,0,2,0,0,0,1,1,6,2,57,9,-1,-1,-1,-1,1,-1
201504ED15002,1,90,0,2,0,0,0,0,0,0,4,1,6,3,-1,-1,-1,-1,-1,-1,-1,-1
201504ED15002,2,90,0,18,0,0,0,0,0,0,3,1,1,1,35,6,-1,-1,-1,-1,1,-1
201504ED15003,1,9,0,17,0,0,2,0,7,7,1,1,6,2,35,6,1998,2,-1,-1,1,-1
201504ED15004,1,9,0,18,0,2,0,0,0,0,1,1,6,1,32,6,1461,2,9,-1,1,-1
201504ED15004,2,9,0,10,0,1,0,0,0,0,1,1,6,1,62,9,-1,-1,-1,-1,1,-1
201504ED15005,1,9,0,9,0,0,1,0,1,10,1,1,6,1,22,5,1199,2,2,-1,1,-1
201504ED15006,1,9,0,18,0,0,0,0,0,0,4,1,6,3,-1,-1,-1,-1,-1,-1,-1,-1
201504ED15007,1,9,0,18,0,6,0,0,0,0,3,1,6,2,50,8,1998,2,12,-1,1,-1
201504ED15007,2,3,0,18,0,8,0,0,0,0,1,1,6,1,21,5,124,1,2,-1,1,-1
201504ED15008,1,9,0,1,0,1,0,0,0,0,2,1,6,1,49,8,1598,2,2,-1,2,-1
201504ED15009,1,8,0,9,0,6,0,0,0,0,4,1,1,1,29,6,-1,-1,-1,-1,1,-1
201504ED15009,2,2,0,18,0,1,0,0,0,0,0,1,4,1,17,4,49,1,2,-1,-1,-1
201504ED15010,1,9,0,17,0,2,0,0,0,0,4,1,6,3,-1,-1,-1,-1,-1,-1,-1,-1
201504ED15011,1,1,0,18,0,1,0,0,0,0,0,1,2,1,43,7,-1,-1,-1,-1,1,-1
201504ED15012,1,9,0,5,0,1,0,0,0,0,0,1,6,1,35,6,-1,-1,-1,-1,1,-1
201504ED15013,1,9,0,4,0,8,0,0,0,0,1,1,6,1,44,7,1794,1,11,-1,1,-1
201504ED15014,1,9,0,10,0,1,0,0,0,0,2,1,6,2,23,5,996,1,4,-1,2,-1
201504ED15014,2,90,0,4,0,1,0,0,0,0,1,1,6,1,41,7,-1,-1,-1,-1,3,-1
201504ED15015,1,9,0,18,0,0,2,0,1,4,1,1,1,2,40,7,-1,-1,-1,-1,1,-1
201504ED15016,1,9,0,8,0,2,1,0,0,0,1,1,6,1,29,6,1298,2,13,-1,1,-1
201504ED15016,2,9,0,8,0,2,0,0,0,0,2,1,6,2,20,4,1242,1,10,-1,1,-1
201504ED15017,1,9,0,18,0,0,1,0,7,10,4,1,6,1,-1,-1,-1,-1,-1,-1,-1,-1
201504ED15017,2,9,0,18,0,0,0,0,1,10,1,1,6,1,68,10,-1,-1,-1,-1,1,-1
201504ED15018,1,9,0,18,0,0,1,0,0,0,4,1,6,1,43,7,1796,1,14,-1,-1,-1
201504ED15018,2,9,0,18,0,0,0,0,0,0,3,1,6,1,26,6,1400,2,15,-1,1,-1
201504ED15019,1,9,0,18,0,1,0,0,0,0,1,1,6,2,66,10,1332,1,18,-1,1,-1
201504ED15019,2,9,0,8,0,2,0,0,0,0,2,1,1,2,33,6,2179,2,7,-1,1,-1
201504ED15020,1,9,0,18,0,0,0,0,0,0,1,1,6,1,29,6,1995,2,5,-1,1,-1
201504ED15020,2,9,0,10,0,0,0,0,0,0,2,1,6,2,43,7,1240,1,10,-1,1,-1
201504ED15021,1,9,0,18,0,0,1,0,0,0,1,1,6,1,34,6,-1,-1,-1,-1,1,-1
201504ED15021,2,9,0,18,0,0,0,0,0,0,3,1,3,2,40,7,-1,-1,-1,-1,1,-1
201504ED15021,3,9,0,18,0,0,0,0,0,0,3,1,6,1,29,6,1199,1,16,-1,1,-1
201504ED15022,1,9,0,18,0,8,1,0,0,0,1,1,6,2,40,7,1461,2,1,-1,2,-1
201504ED15022,2,9,0,9,0,8,1,0,0,0,4,1,6,1,39,7,1242,1,1,-1,1,-1
201504ED15023,1,9,0,18,0,0,0,0,0,0,1,1,2,1,42,7,-1,-1,-1,-1,1,-1
201504ED15023,2,9,0,18,0,0,0,0,0,0,1,1,6,1,37,7,1398,1,13,-1,1,-1
201504ED15023,3,9,0,2,0,0,0,0,0,0,4,1,6,3,-1,-1,1461,2,11,-1,-1,-1
201504ED15023,4,9,0,2,0,0,0,0,0,0,4,1,6,3,-1,-1,1686,2,11,-1,-1,-1
201504ED15024,1,9,0,18,0,0,0,0,0,0,1,1,6,3,-1,-1,-1,-1,-1,-1,-1,-1
201504ED15025,1,90,0,4,0,1,0,0,0,0,2,1,1,1,54,8,-1,-1,-1,-1,1,-1
201504ED15025,2,9,0,3,0,1,0,0,0,0,0,1,6,1,51,8,1242,1,9,-1,1,-1
201504ED15026,1,9,0,3,0,0,0,0,0,0,2,1,6,1,35,6,1762,1,18,-1,1,-1
201504ED15026,2,9,0,4,0,0,0,0,0,0,1,1,6,1,41,7,1910,2,8,-1,1,-1
201504ED15027,1,9,0,18,0,0,1,0,0,0,1,1,6,2,24,5,1364,1,8,-1,1,-1
201504ED15028,1,9,0,5,0,0,0,0,0,0,3,1,6,1,26,6,-1,-1,-1,-1,1,-1
201504ED15028,2,8,0,13,0,0,0,0,0,0,4,1,6,1,46,8,2362,1,9,-1,-1,-1
201504ED15029,1,9,0,18,0,1,0,0,0,0,1,1,6,3,-1,-1,-1,-1,-1,-1,-1,-1
201504ED15030,1,19,0,7,0,1,0,0,0,0,1,1,1,1,24,5,1753,2,10,-1,1,-1
201504ED15030,2,1,0,18,0,2,0,0,0,0,2,1,2,1,46,8,-1,-1,-1,-1,1,-1
201504ED15031,1,9,0,18,0,0,2,0,0,0,1,1,6,3,-1,-1,-1,-1,-1,-1,-1,-1
201504ED15031,2,9,0,2,0,0,0,0,0,0,0,1,6,1,39,7,1388,1,7,-1,1,-1
201504ED15032,1,9,0,4,8,8,1,0,7,10,1,1,6,2,26,6,1149,1,7,-1,3,-1
201504ED15033,1,9,0,18,0,1,0,0,0,0,1,1,6,1,25,5,1997,2,16,-1,1,-1
201504ED15033,2,9,0,3,0,1,0,0,0,0,2,1,6,2,50,8,1349,1,5,-1,1,-1
201504ED15034,1,21,1,18,0,0,2,0,0,0,4,2,1,1,46,8,-1,-1,-1,-1,-1,-1
201504ED15035,1,9,0,9,0,6,0,0,0,0,1,1,6,1,30,6,-1,-1,-1,-1,-1,-1
201504ED15036,1,9,0,3,0,0,0,0,0,0,1,1,6,3,-1,-1,1968,2,4,-1,-1,-1
201504ED15036,2,9,0,2,0,0,0,0,0,0,1,1,6,3,-1,-1,2143,2,1,-1,-1,-1
201504ED15037,1,9,0,16,0,3,0,0,0,1,3,1,6,2,31,6,1587,1,8,-1,1,-1