Accident_Index,Vehicle_Reference,Vehicle_Type,Towing_and_Articulation,Vehicle_Manoeuvre,Vehicle_Location-Restricted_Lane,Junction_Location,Skidding_and_Overturning,Hit_Object_in_Carriageway,Vehicle_Leaving_Carriageway,Hit_Object_off_Carriageway,1st_Point_of_Impact,Was_Vehicle_Left_Hand_Drive?,Journey_Purpose_of_Driver,Sex_of_Driver,Age_of_Driver,Age_Band_of_Driver,Engine_Capacity_(CC),Propulsion_Code,Age_of_Vehicle,Driver_IMD_Decile,Driver_Home_Area_Type,Vehicle_IMD_Decile
201504ED15037,2,90,0,16,0,3,0,0,0,0,0,1,6,3,-1,-1,-1,-1,-1,-1,-1,-1
201504ED15038,1,9,0,9,0,6,0,0,0,0,3,1,6,2,49,8,2231,2,2,-1,1,-1
201504ED15038,2,11,0,18,0,8,0,0,0,0,4,1,1,1,41,7,6374,2,5,-1,1,-1
201504ED15039,1,1,0,18,0,1,1,0,0,0,1,1,6,1,16,4,-1,-1,-1,-1,-1,-1
201504ED15039,2,9,0,4,0,1,0,0,0,0,3,1,6,1,25,5,1896,2,14,-1,-1,-1
201504ED15040,1,19,0,5,0,8,0,0,0,0,1,1,1,1,50,8,2402,2,11,-1,1,-1
201504ED15040,2,9,0,4,0,8,0,0,0,0,2,1,6,2,73,10,998,1,17,-1,1,-1
201504ED15041,1,9,0,18,9,0,0,0,7,10,3,1,6,2,24,5,1598,1,13,-1,1,-1
201504ED15042,1,9,0,5,0,0,0,0,0,0,2,1,6,1,23,5,-1,-1,-1,-1,-1,-1
201504ED15042,2,9,0,4,0,0,0,0,0,0,1,1,1,1,41,7,-1,-1,-1,-1,2,-1
201504ED15043,1,9,0,16,0,0,2,0,7,0,1,1,6,1,26,6,-1,-1,-1,-1,1,-1
201504ED15044,1,9,0,18,0,2,0,0,0,0,1,1,6,3,-1,-1,-1,-1,-1,-1,-1,-1
201504ED15045,1,9,0,9,0,8,0,0,0,0,4,1,6,3,-1,-1,-1,-1,-1,-1,-1,-1
201504ED15045,2,1,0,18,0,8,1,0,0,0,1,1,6,1,49,8,-1,-1,-1,-1,3,-1
201504ED15046,1,5,0,18,0,0,1,0,0,0,1,1,6,1,46,8,1500,1,17,-1,1,-1
201504ED15046,2,9,0,18,0,0,0,0,1,10,1,1,6,1,68,10,-1,-1,-1,-1,1,-1
201504ED15047,1,9,0,18,0,0,0,0,0,0,1,1,6,1,34,6,1896,2,13,-1,1,-1
201504ED15047,2,1,0,18,4,0,0,0,0,0,2,1,6,1,50,8,-1,-1,-1,-1,1,-1
201504ED15048,1,9,0,5,0,0,0,0,0,0,1,1,6,1,73,10,1397,1,12,-1,1,-1
201504ED15048,2,90,0,18,0,0,0,0,0,0,4,1,6,2,82,11,-1,-1,-1,-1,1,-1
201504ED15049,1,19,0,9,0,5,0,0,0,0,1,1,1,1,35,6,1598,2,1,-1,1,-1
201504ED15050,1,9,0,18,0,4,0,0,0,0,3,1,6,1,59,9,1896,2,10,-1,1,-1
201504ED15050,2,9,0,18,0,4,0,0,0,0,1,1,6,1,24,5,1248,2,7,-1,1,-1
201504ED15051,1,9,0,7,0,6,0,0,0,0,3,1,6,1,59,9,1998,1,13,-1,1,-1
201504ED15051,2,1,0,18,0,8,0,0,0,0,2,1,6,1,57,9,-1,-1,-1,-1,1,-1
201504ED15052,1,9,0,18,0,1,0,0,0,0,4,1,6,2,49,8,1560,2,10,-1,1,-1
201504ED15052,2,1,0,17,0,8,0,0,0,0,3,1,6,1,60,9,-1,-1,-1,-1,2,-1
201504ED15053,1,9,0,5,0,3,0,0,0,0,1,1,6,2,83,11,999,1,13,-1,1,-1
201504ED15053,2,90,5,5,0,4,0,4,0,0,0,1,6,1,44,7,-1,-1,-1,-1,-1,-1
201504ED15053,3,9,0,2,0,2,0,0,0,0,2,1,6,3,-1,-1,1900,2,10,-1,-1,-1
201504ED15054,1,9,0,18,0,1,0,0,0,0,1,1,6,1,57,9,-1,-1,-1,-1,1,-1
201504ED15054,2,9,0,18,0,1,0,0,0,0,2,1,6,1,50,8,-1,-1,-1,-1,1,-1
201504ED15054,3,8,0,18,0,1,0,0,0,0,2,1,6,1,33,6,1896,2,12,-1,1,-1
201504ED15055,1,11,0,5,0,8,0,0,0,0,4,1,1,3,-1,-1,6374,2,5,-1,-1,-1
201504ED15056,1,9,0,5,0,8,0,0,0,0,1,1,1,1,44,7,1497,8,8,-1,1,-1
201504ED15056,2,9,0,18,0,8,0,0,0,0,3,1,6,2,31,6,-1,-1,-1,-1,1,-1
201504ED15057,1,9,0,18,0,0,0,0,0,0,1,1,6,1,36,7,1910,2,7,-1,1,-1
201504ED15059,1,9,0,18,0,7,0,0,0,0,1,1,2,1,25,5,1598,2,1,-1,1,-1
201504ED15059,2,9,0,18,0,8,0,0,0,0,2,1,6,1,26,6,1229,1,2,-1,1,-1
201504ED15059,3,11,0,18,0,8,0,0,0,0,1,1,1,1,51,8,9200,2,3,-1,3,-1
201504ED15060,1,9,0,4,0,0,0,0,0,0,1,1,6,2,29,6,1968,2,5,-1,1,-1
201504ED15060,2,90,0,4,0,0,0,0,0,0,2,1,6,2,38,7,-1,-1,-1,-1,1,-1
201504ED15061,1,9,0,4,0,1,1,0,0,0,1,1,6,2,33,6,1398,2,8,-1,1,-1
201504ED15061,2,9,0,3,0,1,0,0,0,0,2,1,2,2,54,8,1200,1,1,-1,1,-1
201504ED15062,1,9,0,18,0,0,1,0,0,0,2,1,6,2,30,6,1598,1,10,-1,1,-1
201504ED15062,2,9,0,10,0,0,0,0,0,0,1,1,1,1,28,6,1995,2,11,-1,1,-1
201504ED15063,1,9,0,4,0,1,0,0,0,0,1,1,6,1,37,7,1995,1,9,-1,1,-1
201504ED15063,2,8,0,3,0,1,0,0,0,0,2,1,1,1,45,7,2148,2,9,-1,1,-1
201504ED15064,1,9,0,17,0,8,0,0,8,10,1,1,6,1,28,6,1587,1,12,-1,1,-1
201504ED15065,1,9,0,7,0,4,0,0,0,0,1,1,6,3,-1,-1,1198,1,-1,-1,-1,-1
201504ED15065,2,9,0,9,0,4,0,0,0,0,1,1,6,2,17,4,-1,-1,-1,-1,1,-1
201504ED15065,3,9,0,18,0,1,0,0,0,0,3,1,6,1,66,10,1242,1,3,-1,1,-1
201504ED15066,1,9,0,18,0,0,2,0,0,0,1,1,6,2,22,5,1242,1,1,-1,1,-1
201504ED15066,2,9,0,2,0,0,0,0,0,0,2,1,6,3,-1,-1,998,1,1,-1,-1,-1
201504ED15066,3,9,0,2,0,0,0,0,0,0,1,1,6,3,-1,-1,1398,1,12,-1,-1,-1
201504ED15067,1,9,0,17,0,0,1,0,0,0,1,1,6,2,32,6,-1,-1,-1,-1,1,-1
201504ED15067,2,9,0,18,0,0,0,0,0,0,1,1,6,1,24,5,1986,2,10,-1,1,-1
201504ED15068,1,9,0,9,0,6,0,0,0,0,3,1,6,1,22,5,1242,1,11,-1,1,-1
201504ED15068,2,11,0,18,0,1,0,0,0,0,4,1,6,2,53,8,9600,2,16,-1,1,-1
201504ED15069,1,9,0,5,0,4,0,0,0,0,1,1,2,1,48,8,1398,1,2,-1,1,-1
201504ED15069,2,9,0,3,0,1,0,0,0,0,2,1,6,2,50,8,1796,1,15,-1,1,-1
201504ED15070,1,9,0,18,0,0,0,0,0,0,1,1,6,1,58,9,999,1,15,-1,1,-1
201504ED15071,1,9,0,13,0,0,0,0,0,0,0,1,6,3,-1,-1,-1,-1,-1,-1,-1,-1
201504ED15071,2,9,0,13,0,0,0,0,0,0,4,1,6,1,67,10,1896,2,13,-1,1,-1
201504ED15071,3,9,0,18,0,0,0,0,7,10,3,1,1,2,25,5,1399,2,6,-1,1,-1
201504ED15072,1,9,0,18,0,0,0,0,0,0,1,1,6,2,49,8,1997,2,10,-1,1,-1
201504ED15073,1,9,0,7,0,4,0,0,0,0,3,1,6,1,36,7,1461,2,12,-1,1,-1
201504ED15073,2,8,0,18,0,8,0,0,0,0,4,1,1,1,42,7,1997,2,7,-1,1,-1
201504ED15074,1,9,0,18,0,1,0,0,1,0,1,1,6,1,79,11,1390,1,6,-1,1,-1
201504ED15074,2,9,0,9,0,5,0,0,0,0,4,1,6,2,69,10,2497,2,16,-1,3,-1
201504ED15075,1,9,0,18,0,2,0,0,0,0,1,1,2,1,42,7,1997,2,9,-1,1,-1
201504ED15076,1,9,0,1,0,1,0,0,0,0,2,1,6,2,38,7,-1,-1,-1,-1,1,-1
201504ED15076,2,9,0,18,0,1,0,0,0,0,1,1,6,1,41,7,1560,2,4,-1,1,-1
201504ED15077,1,5,0,18,0,1,0,0,0,0,1,1,6,1,48,8,885,1,18,-1,1,-1
201504ED15077,2,19,0,9,0,6,0,0,0,0,1,1,1,1,38,7,1399,2,5,-1,1,-1
201504ED15078,1,11,0,18,0,4,0,0,0,0,1,1,1,1,42,7,9600,1,15,-1,1,-1
201504ED15078,2,9,0,4,0,4,0,0,0,0,2,1,6,1,55,8,1397,1,5,-1,1,-1
201504ED15079,1,9,0,3,0,1,0,0,0,0,1,1,6,1,34,6,1995,2,9,-1,1,-1
201504ED15079,2,9,0,3,0,1,0,0,0,0,2,1,6,1,24,5,-1,-1,-1,-1,1,-1
201504ED15080,1,9,0,18,0,0,1,0,1,7,1,1,6,1,50,8,2706,1,1,-1,2,-1
201504ED15081,1,9,0,18,0,0,0,0,0,0,1,1,6,2,60,9,1598,1,2,-1,1,-1
201504ED15083,1,1,0,18,0,8,0,0,0,0,1,1,6,1,16,4,-1,-1,-1,-1,1,-1
201504ED15083,2,9,0,18,0,4,0,0,0,0,1,1,6,1,45,7,1560,2,7,-1,1,-1
201504ED15084,1,3,0,18,0,2,0,0,0,0,1,1,6,1,19,4,-1,-1,-1,-1,1,-1
201504ED15084,2,9,0,18,0,2,0,0,0,0,3,1,2,2,55,8,1248,1,1,-1,1,-1
201504ED15085,1,9,0,18,0,0,1,0,0,6,1,1,2,1,30,6,1582,2,6,-1,1,-1
201504ED15086,1,9,0,18,0,8,0,10,6,1,1,1,2,2,26,6,1686,2,3,-1,1,-1
201504ED15087,1,9,0,3,0,1,0,0,0,0,2,1,6,3,-1,-1,-1,-1,-1,-1,-1,-1
201504ED15087,2,9,0,3,0,1,0,0,0,0,2,1,6,2,34,6,1984,1,15,-1,1,-1
201504ED15088,1,9,0,18,0,0,0,0,0,0,2,1,6,2,26,6,1598,1,13,-1,1,-1
201504ED15088,2,9,0,18,0,0,0,0,0,0,1,1,6,1,42,7,-1,-1,-1,-1,1,-1
201504ED15089,1,9,0,9,0,1,0,0,0,0,1,1,6,1,74,10,1396,1,12,-1,1,-1
201504ED15089,2,3,0,3,0,1,0,0,0,0,1,1,6,1,23,5,125,1,-1,-1,1,-1
201504ED15090,1,9,0,9,0,5,0,0,0,0,1,1,2,1,40,7,1461,2,9,-1,1,-1
201504ED15091,1,8,0,5,0,8,0,0,0,0,1,1,6,1,47,8,1896,2,12,-1,1,-1
201504ED15091,2,9,0,18,0,1,0,0,0,0,3,1,6,2,55,8,1398,2,13,-1,1,-1
201504ED15092,1,19,0,18,0,8,0,0,0,0,1,1,6,1,27,6,-1,-1,-1,-1,1,-1
201504ED15092,2,9,0,18,0,8,0,0,0,0,1,1,6,2,38,7,1242,1,10,-1,1,-1
201504ED15093,1,9,0,5,0,6,0,0,0,0,4,1,6,2,46,8,1781,1,8,-1,1,-1
201504ED15093,2,9,0,18,0,8,0,0,1,10,1,1,1,1,22,5,1560,2,1,-1,1,-1
201504ED15094,1,9,0,18,0,1,0,0,0,0,1,1,6,1,79,11,1339,1,12,-1,1,-1
201504ED15094,2,9,0,8,0,1,0,0,0,0,2,1,6,2,22,5,1600,1,15,-1,1,-1
201504ED15095,1,9,0,4,0,8,0,0,0,0,1,1,6,1,43,7,1360,1,12,-1,1,-1
201504ED15095,2,9,0,9,0,8,0,0,0,0,3,1,6,1,51,8,1560,2,1,-1,1,-1
201504ED15096,1,9,0,18,0,0,0,0,7,2,4,1,2,1,25,5,1968,2,10,-1,1,-1
201504ED15096,2,9,0,9,0,0,0,0,0,0,3,1,2,2,24,5,1598,1,6,-1,-1,-1
201504ED15097,1,9,0,18,0,2,0,0,0,0,4,1,6,2,24,5,1598,1,2,-1,1,-1
201504ED15098,1,9,0,18,0,2,1,0,0,0,3,1,2,2,43,7,1995,2,9,-1,1,-1
201504ED15099,1,9,0,18,0,0,1,0,1,10,1,1,6,1,26,6,1968,2,8,-1,1,-1
201504ED15100,1,9,0,18,0,8,0,0,0,0,1,1,6,1,54,8,-1,-1,-1,-1,1,-1
201504ED15100,2,9,0,4,0,8,0,0,0,0,2,1,1,1,59,9,1896,2,13,-1,1,-1
201504ED15101,1,1,0,18,9,1,0,0,0,0,1,1,6,1,19,4,-1,-1,-1,-1,1,-1
201504ED15101,2,9,0,3,0,6,0,0,0,0,4,1,6,1,55,8,1396,1,13,-1,1,-1
201504ED15102,1,9,0,1,0,0,0,0,0,0,4,1,6,1,26,6,1598,1,14,-1,-1,-1
201504ED15103,1,4,0,16,0,0,0,0,8,0,3,1,6,1,22,5,471,1,2,-1,1,-1
201504ED15104,1,9,0,9,0,6,0,0,0,0,4,1,6,1,66,10,3059,2,20,-1,1,-1
201504ED15104,2,9,0,18,0,8,0,0,0,0,3,1,6,1,25,5,1398,1,11,-1,1,-1
201504ED15105,1,9,0,9,0,4,0,0,0,0,1,1,6,1,23,5,1896,2,12,-1,1,-1
201504ED15105,2,3,0,18,0,4,0,0,0,0,4,1,6,1,17,4,-1,-1,-1,-1,1,-1
201504ED15106,1,9,0,5,0,4,0,0,0,0,1,1,6,2,19,4,1248,1,3,-1,1,-1
201504ED15106,2,3,0,5,0,4,0,0,0,0,2,1,6,1,30,6,124,1,1,-1,1,-1
201504ED15107,1,9,0,18,0,0,0,0,0,0,1,1,6,1,41,7,1686,2,8,-1,1,-1
201504ED15107,2,9,0,4,0,0,0,0,0,0,2,1,6,2,29,6,1598,1,13,-1,1,-1
201504ED15108,1,9,0,1,9,0,0,0,0,0,2,1,1,2,24,5,1296,1,8,-1,1,-1
201504ED15109,1,9,0,9,0,5,0,0,0,0,1,1,6,1,57,9,1587,1,15,-1,1,-1
201504ED15109,2,1,0,18,0,8,0,0,0,0,1,1,6,1,40,7,-1,-1,-1,-1,1,-1
201504ED15110,1,9,0,7,0,6,1,0,7,2,1,1,6,1,-1,-1,4163,1,4,-1,-1,-1
201504ED15111,1,9,0,9,0,6,0,0,0,0,3,1,6,1,28,6,1461,2,9,-1,1,-1
201504ED15111,2,8,0,18,0,8,0,0,0,0,1,1,1,1,39,7,1896,2,7,-1,1,-1
201504ED15112,1,9,0,9,0,8,0,0,0,1,4,1,6,1,78,11,1398,2,13,-1,1,-1
201504ED15112,2,9,0,18,0,1,0,0,0,0,1,1,6,1,20,4,1398,2,11,-1,1,-1
201504ED15113,1,8,0,1,0,0,0,0,0,0,2,1,1,1,38,7,1896,2,10,-1,1,-1
201504ED15114,1,9,0,18,0,8,0,0,0,0,1,1,6,1,37,7,1896,2,13,-1,1,-1
201504ED15115,1,11,0,5,0,0,0,0,0,0,1,1,3,1,63,9,9500,2,18,-1,1,-1
201504ED15116,1,8,0,14,0,0,0,0,0,0,1,1,1,1,36,7,1896,2,13,-1,-1,-1
201504ED15116,2,9,0,9,0,0,0,0,0,0,3,1,2,2,32,6,998,1,8,-1,2,-1
201504ED15117,1,9,0,17,0,0,0,0,0,0,1,1,6,1,90,11,1997,2,6,-1,1,-1
201504ED15118,1,9,0,18,0,0,0,0,0,0,1,1,2,2,23,5,1998,1,18,-1,1,-1
201504ED15118,2,9,0,18,0,0,0,0,0,0,2,1,6,1,33,6,1753,2,7,-1,1,-1
201504ED15119,1,9,0,18,0,1,0,0,0,0,0,1,6,3,-1,-1,-1,-1,-1,-1,-1,-1
201504ED15122,1,9,0,4,0,1,0,0,0,0,1,1,6,1,58,9,998,1,11,-1,1,-1
201504ED15122,2,9,0,4,0,1,0,0,0,0,2,1,6,1,24,5,1800,1,16,-1,1,-1
201504ED15123,1,9,0,17,0,8,0,0,0,0,1,1,6,1,57,9,1560,2,10,-1,1,-1
201504ED15123,2,9,0,18,0,8,0,0,0,0,1,1,1,2,47,8,1560,2,4,-1,2,-1
201504ED15124,1,3,0,7,0,1,0,0,0,0,0,1,6,1,19,4,124,1,23,-1,1,-1
201504ED15125,1,9,0,18,0,3,0,0,0,0,1,1,6,2,39,7,1497,8,9,-1,1,-1
201504ED15126,1,9,0,16,0,0,0,0,0,0,4,1,6,2,27,6,1587,1,12,-1,1,-1
201504ED15126,2,19,0,2,0,0,0,0,1,0,3,1,1,3,-1,-1,1995,2,7,-1,-1,-1
201504ED15127,1,9,0,9,0,5,0,0,0,0,3,1,6,1,34,6,-1,-1,-1,-1,1,-1
201504ED15127,2,3,0,9,0,5,0,0,0,0,4,1,6,1,30,6,124,1,1,-1,1,-1
201504ED15128,1,9,0,16,0,3,1,0,1,2,1,1,6,2,21,5,-1,-1,-1,-1,1,-1
201504ED15129,1,9,0,4,0,1,0,0,0,0,1,1,6,1,70,10,1596,1,2,-1,1,-1
201504ED15129,2,9,0,4,0,1,0,0,0,0,2,1,6,2,55,8,1360,1,9,-1,1,-1
201504ED15130,1,9,0,18,0,8,0,0,3,10,1,1,6,2,46,8,1560,2,9,-1,1,-1
201504ED15131,1,9,0,18,0,1,0,0,0,0,1,1,6,2,68,10,1560,2,9,-1,1,-1
201504ED15131,2,1,0,18,0,1,0,0,0,0,1,1,6,1,35,6,-1,-1,-1,-1,1,-1
201504ED15132,1,9,0,18,0,0,2,0,5,6,1,1,6,1,45,7,-1,-1,-1,-1,2,-1
201504ED15132,2,9,0,18,0,0,1,0,1,10,1,1,6,1,21,5,1995,2,5,-1,1,-1
201504ED15132,3,9,0,18,0,0,1,1,5,6,1,1,6,1,18,4,1229,1,9,-1,1,-1
201504ED15132,4,9,0,18,0,0,1,1,1,0,1,1,6,1,23,5,1242,1,5,-1,1,-1
201504ED15132,5,9,0,2,6,0,0,0,0,0,2,1,6,1,17,4,1198,1,4,-1,1,-1
201504ED15133,1,9,0,3,0,6,0,4,3,1,1,1,6,1,86,11,1242,1,1,-1,1,-1
201504ED15133,2,9,0,2,0,1,0,0,0,1,0,1,6,1,-1,-1,2148,2,10,-1,1,-1
201504ED15134,1,9,0,18,0,0,1,0,1,9,1,1,6,1,26,6,1242,1,2,-1,2,-1
201504ED15135,1,9,0,2,0,1,0,0,0,0,2,1,6,2,33,6,1329,1,1,-1,1,-1
201504ED15135,2,1,0,14,9,1,0,4,0,0,1,1,6,2,32,6,-1,-1,-1,-1,1,-1
201504ED15136,1,9,0,17,0,0,0,0,1,10,1,1,6,1,24,5,2993,2,5,-1,1,-1
201504ED15137,1,9,0,18,0,0,5,4,0,0,1,1,6,1,12,3,3960,6,19,-1,1,-1
201504ED15137,2,9,0,2,0,0,2,0,1,0,2,1,6,1,-1,-1,1598,2,2,-1,3,-1
201504ED15137,3,9,0,2,0,0,0,0,1,0,2,1,6,1,-1,-1,1896,2,12,-1,3,-1
201504ED15138,1,9,0,17,0,0,1,0,1,1,1,1,6,2,20,4,1328,1,10,-1,1,-1
201504ED15139,1,9,0,18,0,8,0,0,0,0,4,1,6,2,44,7,1968,2,3,-1,1,-1
201504ED15139,2,9,0,18,0,8,0,0,0,0,1,1,6,2,23,5,1229,1,3,-1,1,-1
201504ED15140,1,9,0,17,0,0,0,0,0,0,0,1,6,1,43,7,1900,2,15,-1,1,-1
201504ED15140,2,9,0,17,0,0,0,0,0,0,2,1,6,2,27,6,2204,2,11,-1,1,-1
201504ED15141,1,3,0,9,0,1,0,0,3,10,1,1,6,1,15,3,-1,-1,-1,-1,-1,-1
201504ED15142,1,9,0,4,0,1,0,0,0,0,1,1,6,1,46,8,1398,2,13,-1,1,-1
201504ED15142,2,9,0,4,0,1,0,0,0,0,2,1,6,2,57,9,1753,2,8,-1,1,-1
201504ED15143,1,9,0,18,0,1,0,0,0,0,1,1,6,3,-1,-1,-1,-1,-1,-1,-1,-1
201504ED15143,2,8,0,9,0,1,0,0,7,0,2,1,6,1,40,7,1910,2,10,-1,1,-1
201504ED15144,1,9,0,5,8,0,0,0,0,0,3,1,1,1,39,7,1896,2,5,-1,1,-1
201504ED15144,2,10,0,18,0,0,0,0,0,0,4,1,1,1,28,6,1998,2,9,-1,1,-1
201504ED15145,1,8,0,9,0,5,0,0,0,0,4,1,1,1,36,7,1997,2,12,-1,1,-1
201504ED15145,2,9,0,18,0,1,0,0,0,0,4,1,6,1,43,7,1896,2,11,-1,1,-1
201504ED15146,1,9,0,12,0,0,0,0,0,0,0,1,6,3,-1,-1,-1,-1,-1,-1,-1,-1
201504ED15146,2,9,0,18,0,0,0,0,5,0,1,1,6,2,20,4,1388,1,6,-1,1,-1
201504ED15147,1,9,0,9,0,8,0,0,0,0,1,1,6,1,20,4,1686,2,10,-1,2,-1
201504ED15147,2,1,0,18,0,1,0,0,0,0,3,1,6,1,54,8,-1,-1,-1,-1,1,-1
201504ED15148,1,9,0,18,0,6,0,0,0,0,3,1,6,1,37,7,-1,-1,-1,-1,1,-1
201504ED15149,1,9,0,18,0,1,0,0,0,0,1,1,6,1,89,11,1587,1,8,-1,1,-1
201504ED15149,2,9,0,2,0,1,0,0,0,0,2,1,6,3,-1,-1,1061,1,11,-1,-1,-1
201504ED15149,3,9,0,2,0,1,0,0,0,0,1,1,6,3,-1,-1,1598,1,11,-1,-1,-1
201504ED15150,1,9,0,18,0,0,0,0,0,0,3,1,6,1,26,6,-1,-1,-1,-1,1,-1
201504ED15150,2,9,0,5,0,0,0,0,0,0,1,1,6,2,24,5,1598,1,13,-1,1,-1
201504ED15151,1,1,0,4,0,0,0,0,0,10,3,1,6,1,47,8,-1,-1,-1,-1,1,-1
201504ED15152,1,9,0,18,0,0,0,4,0,0,1,1,6,2,48,8,-1,-1,-1,-1,1,-1
201504ED15152,2,8,0,18,0,0,0,0,0,0,4,1,6,1,43,7,1997,2,13,-1,1,-1
201504ED15152,3,9,0,2,0,0,0,0,0,0,2,1,6,1,-1,-1,1686,2,11,-1,1,-1
201504ED15153,1,9,0,6,0,1,0,0,0,0,3,1,6,1,83,11,1598,1,10,-1,3,-1
201504ED15153,2,9,0,18,0,1,0,0,0,0,1,1,6,1,86,11,1360,1,8,-1,1,-1
201504ED15154,1,9,0,18,0,1,0,0,0,0,4,1,6,3,-1,-1,-1,-1,-1,-1,-1,-1
201504ED15155,1,9,0,18,0,6,0,0,7,10,3,1,6,1,66,10,1596,1,8,-1,1,-1
201504ED15155,2,9,0,18,0,8,0,0,7,10,1,1,6,1,63,9,1598,1,4,-1,1,-1
201504ED15156,1,9,0,18,0,8,0,0,0,0,1,1,6,3,-1,-1,1587,1,16,-1,-1,-1
201504ED15156,2,9,0,18,0,8,0,0,0,0,1,1,6,1,55,8,1332,1,16,-1,1,-1
201504ED15158,1,3,0,6,0,0,0,10,0,0,1,1,6,2,20,4,124,1,4,-1,1,-1
201504ED15159,1,9,0,4,0,0,0,0,0,0,1,1,6,1,46,8,1598,1,12,-1,2,-1
201504ED15159,2,9,0,3,0,0,0,0,0,0,2,1,6,1,28,6,1390,1,8,-1,3,-1
201504ED15159,3,9,0,3,0,0,0,0,0,0,2,1,6,1,48,8,1198,1,3,-1,1,-1
201504ED15160,1,9,0,18,0,8,0,11,7,3,3,1,6,2,27,6,1598,1,10,-1,1,-1
201504ED15160,2,9,0,18,0,8,0,0,0,0,1,1,6,1,70,10,1248,2,11,-1,1,-1
201504ED15161,1,9,0,4,0,0,0,0,7,4,1,1,6,2,84,11,1388,1,4,-1,1,-1
201504ED15162,1,9,0,18,0,0,0,0,0,0,3,1,1,1,35,6,998,1,13,-1,1,-1
201504ED15163,1,9,0,18,0,0,0,0,0,0,1,1,6,2,52,8,1783,1,15,-1,1,-1
201504ED15163,2,8,0,3,0,0,0,0,0,0,2,1,6,1,41,7,1560,2,5,-1,1,-1
201504ED15164,1,2,0,8,0,8,0,0,0,0,3,1,2,1,66,10,50,1,4,-1,-1,-1
201504ED15164,2,21,0,9,0,5,0,0,0,0,4,1,1,1,46,8,12777,2,7,-1,1,-1
201504ED15165,1,9,0,18,0,8,0,0,1,10,1,1,6,1,62,9,1229,1,1,-1,1,-1
201504ED15166,1,9,0,18,0,0,0,0,0,0,4,1,6,1,67,10,-1,-1,-1,-1,1,-1
201504ED15166,2,9,0,2,0,0,0,0,0,0,4,1,6,2,24,5,1900,2,11,-1,1,-1
201504ED15167,1,9,0,12,0,0,0,0,0,0,3,1,6,1,66,10,1248,2,7,-1,1,-1
201504ED15167,2,9,0,18,0,0,0,0,0,0,1,1,3,2,27,6,1388,1,15,-1,1,-1
201504ED15168,1,9,0,18,0,0,0,0,0,0,1,1,2,1,32,6,2198,2,1,-1,1,-1
201504ED15168,2,9,0,18,0,0,0,0,0,0,2,1,6,2,54,8,1242,1,3,-1,3,-1
201504ED15169,1,9,0,9,0,6,0,0,0,0,1,1,2,1,22,5,1968,2,7,-1,1,-1
201504ED15169,2,9,0,18,0,1,0,0,0,2,3,1,6,1,56,9,998,1,7,-1,1,-1
201504ED15170,1,3,0,13,0,8,0,0,0,0,1,1,2,1,50,8,100,1,15,-1,1,-1
201504ED15170,2,9,0,9,0,8,0,0,0,0,3,1,2,2,46,8,1910,2,11,-1,1,-1
201504ED15171,1,9,0,18,0,8,0,0,0,0,1,1,6,2,74,10,1360,1,11,-1,1,-1
201504ED15171,2,9,0,9,0,4,0,0,0,0,1,1,6,1,39,7,1968,2,11,-1,-1,-1
201504ED15172,1,9,0,16,0,0,1,0,7,4,1,1,1,2,23,5,1229,1,7,-1,1,-1
201504ED15173,1,4,0,18,0,0,0,0,8,10,1,1,6,1,58,9,499,1,21,-1,1,-1
201504ED15174,1,9,0,18,0,0,0,4,0,0,1,1,4,2,18,4,1242,1,7,-1,1,-1
201504ED15174,2,19,0,2,0,0,0,0,0,0,2,1,6,3,-1,-1,-1,-1,-1,-1,-1,-1
201504ED15174,3,9,0,2,0,0,0,0,0,0,2,1,6,3,-1,-1,1997,2,14,-1,-1,-1
201504ED15175,1,90,0,18,0,1,0,0,0,0,1,1,6,1,30,6,-1,-1,-1,-1,1,-1
201504ED15175,2,9,0,10,0,1,0,0,0,0,2,1,6,2,20,4,1298,1,11,-1,1,-1
201504ED15176,1,1,0,18,0,8,0,0,0,0,1,1,4,1,13,3,-1,-1,-1,-1,1,-1
201504ED15176,2,9,0,18,0,3,0,0,0,0,3,1,3,2,45,7,1390,1,8,-1,1,-1
201504ED15177,1,9,0,1,0,0,0,0,0,0,3,1,2,1,32,6,1956,2,-1,-1,2,-1
201504ED15177,2,3,0,18,0,0,0,0,0,0,1,1,6,1,24,5,125,1,3,-1,1,-1
201504ED15178,1,9,0,9,0,5,0,0,0,0,1,1,6,1,45,7,1596,1,10,-1,1,-1
201504ED15178,2,9,0,18,0,8,0,0,0,0,1,1,6,2,43,7,1896,2,9,-1,1,-1
201504ED15179,1,9,0,1,0,8,0,0,0,0,2,1,6,1,22,5,1956,2,3,-1,1,-1
201504ED15179,2,9,0,18,0,8,0,0,0,0,1,1,6,1,28,6,1796,1,26,-1,1,-1
201504ED15180,1,9,0,18,0,8,0,0,0,0,4,1,6,2,35,6,1398,1,13,-1,1,-1
201504ED15180,2,9,0,18,0,8,0,0,0,0,1,1,6,2,24,5,993,1,12,-1,1,-1
201504ED15181,1,9,0,10,0,1,0,0,0,0,3,1,6,1,43,7,1896,2,12,-1,1,-1
201504ED15181,2,9,0,14,0,1,0,0,0,0,4,1,6,3,-1,-1,-1,-1,-1,-1,-1,-1
201504ED15182,1,9,0,1,6,0,0,0,0,0,1,1,6,2,47,8,2198,2,2,-1,1,-1
201504ED15182,2,9,0,2,6,0,0,0,0,0,2,1,6,1,29,6,1968,2,4,-1,1,-1
201504ED15183,1,9,0,18,0,1,1,0,0,0,4,1,6,1,29,6,1242,1,12,-1,1,-1