Accident_Index,Vehicle_Reference,Vehicle_Type,Towing_and_Articulation,Vehicle_Manoeuvre,Vehicle_Location-Restricted_Lane,Junction_Location,Skidding_and_Overturning,Hit_Object_in_Carriageway,Vehicle_Leaving_Carriageway,Hit_Object_off_Carriageway,1st_Point_of_Impact,Was_Vehicle_Left_Hand_Drive?,Journey_Purpose_of_Driver,Sex_of_Driver,Age_of_Driver,Age_Band_of_Driver,Engine_Capacity_(CC),Propulsion_Code,Age_of_Vehicle,Driver_IMD_Decile,Driver_Home_Area_Type,Vehicle_IMD_Decile
201504ED15183,2,9,0,18,0,1,0,0,0,0,1,1,1,1,49,8,1497,8,1,-1,1,-1
201504ED15184,1,9,0,17,0,0,0,0,0,0,1,1,6,2,40,7,1968,2,6,-1,1,-1
201504ED15184,2,1,0,16,0,0,0,0,0,0,1,1,6,1,41,7,-1,-1,-1,-1,1,-1
201504ED15186,1,9,0,1,0,6,0,0,0,0,2,1,6,1,29,6,2792,1,18,-1,-1,-1
201504ED15186,2,9,0,18,0,1,0,0,0,0,3,1,1,1,42,7,1896,2,8,-1,1,-1
201504ED15186,3,9,0,2,9,1,0,0,0,0,1,1,6,3,-1,-1,1149,1,6,-1,-1,-1
201504ED15189,1,9,0,18,0,2,0,0,0,0,1,1,6,3,-1,-1,2231,2,7,-1,-1,-1
201504ED15189,2,9,0,18,0,1,0,0,0,0,2,1,6,2,26,6,1997,1,11,-1,1,-1
201504ED15190,1,9,0,9,0,6,0,0,0,0,1,1,6,1,38,7,1298,1,11,-1,1,-1
201504ED15190,2,9,0,18,0,8,0,0,0,0,1,1,6,1,24,5,1995,2,2,-1,1,-1
201504ED15190,3,9,0,18,0,8,0,0,0,0,1,1,6,1,27,6,1995,2,1,-1,-1,-1
201504ED15190,4,9,0,2,0,1,0,0,0,0,3,1,6,1,60,9,1997,2,14,-1,1,-1
201504ED15190,5,9,0,2,0,1,0,0,0,0,3,1,6,1,40,7,2982,2,18,-1,1,-1
201504ED15191,1,9,0,18,0,0,0,0,0,0,1,1,2,1,68,10,2400,2,1,-1,2,-1
201504ED15191,2,21,1,18,0,0,0,0,0,0,1,1,1,1,40,7,12777,2,5,-1,1,-1
201504ED15192,1,9,0,4,0,0,0,0,0,0,4,1,2,2,35,6,1461,2,4,-1,-1,-1
201504ED15193,1,9,0,18,0,1,0,0,7,0,1,1,6,2,87,11,1149,1,6,-1,2,-1
201504ED15193,2,9,0,2,0,2,1,0,0,0,2,1,6,2,-1,-1,1968,2,5,-1,1,-1
201504ED15193,3,9,0,2,0,1,0,0,0,0,1,1,6,2,-1,-1,1242,1,8,-1,1,-1
201504ED15194,1,9,0,18,0,0,0,0,0,0,1,1,2,1,29,6,1560,2,10,-1,1,-1
201504ED15194,2,9,0,2,9,0,0,0,1,0,2,1,6,1,-1,-1,1598,1,8,-1,1,-1
201504ED15194,3,9,0,2,9,0,0,0,1,0,1,1,6,3,-1,-1,1956,2,5,-1,1,-1
201504ED15195,1,9,0,18,0,0,0,0,0,0,1,1,6,2,24,5,1968,2,11,-1,1,-1
201504ED15195,2,9,0,9,0,0,0,0,0,0,1,1,6,1,60,9,1997,1,11,-1,1,-1
201504ED15195,3,9,0,2,0,0,0,0,0,0,2,1,6,3,-1,-1,1796,1,9,-1,-1,-1
201504ED15196,1,9,0,18,0,0,0,0,0,0,4,1,1,1,36,7,1995,2,11,-1,1,-1
201504ED15196,2,1,0,18,0,0,0,0,0,0,1,1,2,1,41,7,-1,-1,-1,-1,-1,-1
201504ED15197,1,9,0,18,0,8,0,0,0,0,1,1,6,1,36,7,1968,2,-1,-1,-1,-1
201504ED15197,2,5,0,18,0,8,0,0,0,0,1,1,2,1,52,8,1170,1,-1,-1,-1,-1
201504ED15198,1,9,0,18,0,2,0,4,0,0,4,1,6,1,69,10,999,1,15,-1,1,-1
201504ED15198,2,9,0,2,0,2,0,0,0,0,3,1,6,1,63,9,1686,2,14,-1,1,-1
201504ED15198,3,9,0,2,0,2,0,0,0,0,4,1,6,2,34,6,998,1,12,-1,1,-1
201504ED15198,4,9,0,2,0,2,0,4,1,0,3,1,6,1,47,8,1296,1,8,-1,1,-1
201504ED15198,5,9,0,2,0,2,0,4,0,0,2,1,6,1,34,6,1968,2,7,-1,1,-1
201504ED15200,1,8,0,18,0,0,0,0,0,0,1,1,6,3,-1,-1,-1,-1,-1,-1,-1,-1
201504ED15200,2,1,0,18,0,0,0,0,0,0,4,1,6,2,5,1,-1,-1,-1,-1,1,-1
201504ED15201,1,8,0,18,0,1,0,0,0,0,4,1,1,1,40,7,1686,2,8,-1,1,-1
201504ED15201,2,9,0,9,0,1,0,0,0,0,3,1,6,1,39,7,2987,2,8,-1,1,-1
201504ED15201,3,9,0,18,0,1,0,0,1,0,4,1,6,1,30,6,2720,2,10,-1,-1,-1
201504ED15202,1,4,0,17,0,0,0,0,0,0,4,1,6,1,23,5,471,1,1,-1,1,-1
201504ED15203,1,9,0,18,0,0,0,0,0,0,0,1,6,3,-1,-1,-1,-1,-1,-1,-1,-1
201504ED15204,1,9,0,18,0,0,0,0,0,0,1,1,6,1,42,7,1587,1,10,-1,1,-1
201504ED15204,2,9,0,18,0,0,0,0,0,0,3,1,6,1,45,7,1124,1,13,-1,3,-1
201504ED15205,1,9,0,9,0,8,0,0,0,0,4,1,6,1,45,7,3199,1,17,-1,1,-1
201504ED15205,2,21,1,18,0,8,0,0,0,0,1,1,1,1,53,8,12419,2,4,-1,1,-1
201504ED15206,1,9,0,18,0,4,0,0,0,0,1,1,6,1,80,11,1997,2,7,-1,1,-1
201504ED15206,2,9,0,18,0,4,0,0,0,0,2,1,6,1,35,6,1397,1,12,-1,1,-1
201504ED15207,1,9,0,18,0,8,0,0,0,0,3,1,6,1,30,6,973,1,14,-1,1,-1
201504ED15208,1,8,0,18,0,8,0,0,0,0,1,1,1,1,36,7,1686,2,11,-1,1,-1
201504ED15209,1,9,0,4,0,0,0,0,0,0,1,1,6,3,-1,-1,1968,2,10,-1,-1,-1
201504ED15209,2,9,0,4,0,0,0,0,0,0,2,1,6,1,50,8,1598,1,13,-1,1,-1
201504ED15209,3,9,0,4,0,0,0,0,0,0,2,1,6,1,33,6,998,1,1,-1,1,-1
201504ED15210,1,9,0,18,0,1,0,0,0,0,1,1,6,2,36,7,1896,2,13,-1,-1,-1
201504ED15210,2,8,0,9,0,1,0,0,0,0,2,1,1,1,44,7,1497,8,8,-1,-1,-1
201504ED15211,1,9,0,18,0,0,0,0,0,0,4,1,6,2,31,6,1242,1,-1,-1,1,-1
201504ED15212,1,9,0,18,0,8,0,0,0,0,3,1,6,1,33,6,2198,1,13,-1,1,-1
201504ED15212,2,9,0,18,0,1,0,0,0,0,1,1,6,1,37,7,1896,2,12,-1,1,-1
201504ED15213,1,3,0,18,0,4,0,0,0,0,1,1,6,1,19,4,85,1,12,-1,1,-1
201504ED15213,2,9,0,5,0,4,0,0,0,0,2,1,6,1,53,8,2199,2,2,-1,3,-1
201504ED15214,1,9,0,4,0,8,0,0,0,0,1,1,2,1,45,7,1360,1,8,-1,2,-1
201504ED15214,2,9,0,3,0,2,0,0,0,0,2,1,2,2,57,9,1560,2,1,-1,1,-1
201504ED15214,3,9,0,3,0,2,0,0,0,0,2,1,2,2,39,7,1229,1,8,-1,1,-1
201504ED15215,1,9,0,18,0,2,0,0,0,0,1,1,6,2,44,7,1595,1,8,-1,1,-1
201504ED15216,1,1,0,18,0,8,0,0,0,0,1,1,6,1,31,6,-1,-1,-1,-1,1,-1
201504ED15216,2,9,0,9,0,8,0,0,0,0,3,1,6,1,36,7,2497,2,14,-1,1,-1
201504ED15217,1,9,0,18,0,0,2,0,7,9,1,1,6,1,35,6,973,1,14,-1,1,-1
201504ED15218,1,19,0,11,0,0,5,0,2,0,2,1,1,1,32,6,1248,2,7,-1,1,-1
201504ED15218,2,21,0,18,0,0,0,0,0,0,1,1,1,1,49,8,6692,2,3,-1,1,-1
201504ED15219,1,9,0,18,0,4,0,0,0,0,1,1,3,2,35,6,1798,1,10,-1,1,-1
201504ED15219,2,9,0,18,0,4,0,0,0,0,2,1,3,2,57,9,1390,1,14,-1,1,-1
201504ED15220,1,9,0,7,0,3,0,0,0,0,4,1,6,2,55,8,1198,1,5,-1,1,-1
201504ED15220,2,9,0,7,0,3,0,0,1,1,3,1,6,1,34,6,1968,2,8,-1,1,-1
201504ED15221,1,9,0,1,0,0,0,0,0,0,2,1,6,2,32,6,1364,2,9,-1,1,-1
201504ED15222,1,8,0,18,0,4,0,0,0,0,1,1,6,1,60,9,1896,2,13,-1,1,-1
201504ED15222,2,9,0,18,0,4,0,0,0,0,4,1,6,2,36,7,1368,1,11,-1,-1,-1
201504ED15223,1,9,0,7,0,0,0,0,0,0,1,1,6,1,36,7,2143,2,1,-1,1,-1
201504ED15223,2,9,0,17,0,0,0,0,0,0,1,1,6,1,19,4,998,1,12,-1,-1,-1
201504ED15224,1,9,0,4,0,6,0,0,0,0,0,1,2,1,35,6,1598,1,7,-1,1,-1
201504ED15225,1,9,0,16,0,0,0,0,7,9,1,1,6,1,23,5,1199,1,16,-1,1,-1
201504ED15226,1,19,0,18,0,8,0,0,0,0,1,1,1,1,54,8,-1,-1,-1,-1,1,-1
201504ED15226,2,9,0,18,0,8,5,7,8,6,4,1,2,1,55,8,1587,1,15,-1,1,-1
201504ED15227,1,9,0,9,0,6,0,0,0,0,1,1,6,1,37,7,1896,2,11,-1,1,-1
201504ED15228,1,9,0,18,0,4,0,0,0,0,1,1,6,1,34,6,1124,1,11,-1,1,-1
201504ED15228,2,9,0,18,0,4,0,0,0,0,2,1,6,1,31,6,1587,1,11,-1,1,-1
201504ED15229,1,9,0,18,0,0,0,0,0,0,1,1,6,2,39,7,1560,2,5,-1,3,-1
201504ED15230,1,19,0,9,0,1,0,0,0,0,4,1,1,1,65,9,2298,2,1,-1,-1,-1
201504ED15230,2,9,0,18,0,1,0,0,0,0,1,1,1,1,32,6,1968,2,3,-1,-1,-1
201504ED15231,1,1,0,18,0,1,0,0,0,1,1,1,6,1,9,2,-1,-1,-1,-1,-1,-1
201504ED15231,2,9,0,18,0,1,0,0,0,0,1,1,6,3,-1,-1,-1,-1,-1,-1,-1,-1
201504ED15232,1,8,0,18,0,1,0,0,0,0,4,1,1,1,57,9,1910,2,9,-1,1,-1
201504ED15233,1,9,0,9,0,8,0,0,0,0,1,1,6,2,-1,-1,-1,-1,-1,-1,-1,-1
201504ED15234,1,9,0,9,0,5,0,0,0,0,3,1,6,2,30,6,1461,2,1,-1,-1,-1
201504ED15234,2,9,0,4,0,1,0,0,0,0,1,1,6,1,35,6,1461,2,11,-1,1,-1
201504ED15235,1,9,0,18,0,8,0,0,0,0,1,1,6,2,40,7,1598,1,8,-1,1,-1
201504ED15235,2,5,0,7,0,8,0,0,0,0,4,1,6,1,31,6,652,1,11,-1,1,-1
201504ED15236,1,9,0,18,0,3,0,0,0,0,1,1,6,1,53,8,-1,-1,-1,-1,1,-1
201504ED15236,2,9,0,3,0,3,0,0,0,0,2,1,2,2,28,6,1240,1,9,-1,1,-1
201504ED15236,3,9,0,18,0,3,0,0,0,0,1,1,6,2,26,6,1299,1,10,-1,1,-1
201504ED15237,1,9,0,5,0,6,0,0,0,0,1,1,6,1,54,8,1560,2,2,-1,1,-1
201504ED15237,2,9,0,18,0,8,0,0,0,0,4,1,6,1,44,7,1998,2,12,-1,-1,-1
201504ED15238,1,9,0,18,0,1,0,0,0,0,1,1,6,1,-1,-1,-1,-1,-1,-1,-1,-1
201504ED15238,2,9,0,3,0,1,0,0,0,0,2,1,1,1,60,9,1596,1,4,-1,1,-1
201504ED15239,1,9,0,5,0,6,0,0,0,0,4,1,6,2,36,7,1598,2,4,-1,1,-1
201504ED15239,2,9,0,18,0,8,0,0,0,0,1,1,6,2,23,5,1560,2,6,-1,1,-1
201504ED15240,1,1,0,18,0,0,0,0,0,0,4,1,6,1,9,2,-1,-1,-1,-1,2,-1
201504ED15240,2,9,0,18,0,0,0,0,0,0,1,1,6,3,25,5,-1,-1,-1,-1,-1,-1
201504ED15241,1,9,0,16,0,1,0,0,8,2,3,1,6,2,80,11,998,1,4,-1,1,-1
201504ED15242,1,1,0,18,0,6,0,0,0,0,1,1,6,1,5,1,-1,-1,-1,-1,1,-1
201504ED15242,2,9,0,18,0,8,0,0,0,4,1,1,6,1,64,9,1497,8,7,-1,1,-1
201504ED15243,1,9,0,18,0,0,2,0,1,7,1,1,6,2,24,5,1198,1,5,-1,3,-1
201504ED15243,2,90,0,2,6,0,0,0,0,0,4,1,1,1,35,6,-1,-1,-1,-1,1,-1
201504ED15244,1,9,0,9,0,5,0,0,0,0,1,1,6,1,62,9,1560,2,5,-1,1,-1
201504ED15244,2,9,0,18,0,8,0,0,0,0,1,1,6,2,27,6,1341,1,16,-1,1,-1
201504ED15245,1,9,0,9,0,8,0,0,0,0,3,1,6,1,35,6,1896,2,12,-1,1,-1
201504ED15245,2,9,0,13,0,8,0,0,6,6,4,1,6,1,24,5,1896,2,10,-1,1,-1
201504ED15246,1,9,0,9,0,1,0,0,0,0,1,1,6,1,33,6,1686,2,10,-1,1,-1
201504ED15247,1,9,0,5,0,1,0,0,0,0,1,1,6,2,43,7,1998,1,12,-1,3,-1
201504ED15247,2,1,0,18,0,1,1,0,0,0,2,1,6,1,45,7,-1,-1,-1,-1,1,-1
201504ED15248,1,11,0,5,0,0,0,0,0,0,0,1,1,1,41,7,7300,2,3,-1,-1,-1
201504ED15249,1,9,0,5,0,1,0,0,0,0,2,1,6,2,43,7,1997,1,10,-1,1,-1
201504ED15249,2,90,0,5,0,1,0,0,0,0,0,1,1,1,47,8,-1,-1,-1,-1,1,-1
201504ED15250,1,9,0,18,0,0,0,0,0,0,1,1,6,1,31,6,1956,2,1,-1,1,-1
201504ED15250,2,9,0,4,0,0,0,0,0,0,2,1,3,2,40,7,1686,2,9,-1,1,-1
201504ED15251,1,9,0,3,0,1,0,0,0,0,1,1,6,1,22,5,1896,2,13,-1,1,-1
201504ED15251,2,9,0,3,0,1,0,0,0,0,2,1,6,1,40,7,1988,1,12,-1,1,-1
201504ED15252,1,9,0,18,0,8,0,0,0,0,2,1,2,1,31,6,1896,2,8,-1,-1,-1
201504ED15252,2,9,0,4,0,8,0,0,0,0,1,1,2,2,40,7,1896,2,7,-1,-1,-1
201504ED15253,1,3,0,18,0,6,0,0,0,0,1,1,6,1,17,4,124,1,16,-1,1,-1
201504ED15253,2,9,0,18,0,8,0,0,0,0,4,1,6,2,33,6,1364,1,6,-1,1,-1
201504ED15254,1,1,0,18,0,8,0,0,0,0,1,1,6,1,6,2,-1,-1,-1,-1,1,-1
201504ED15254,2,9,0,5,0,8,0,0,0,0,3,1,6,1,27,6,1900,2,11,-1,1,-1
201504ED15255,1,9,0,5,0,0,0,0,0,0,2,1,2,2,36,7,1596,1,5,-1,1,-1
201504ED15255,2,9,0,18,0,0,0,0,0,0,1,1,6,3,-1,-1,-1,-1,-1,-1,-1,-1
201504ED15256,1,9,0,5,0,8,0,0,0,0,1,1,6,2,68,10,998,1,12,-1,1,-1
201504ED15257,1,9,0,9,0,1,0,0,0,0,1,1,6,1,69,10,1242,1,3,-1,1,-1
201504ED15257,2,1,0,9,0,1,1,0,0,0,1,1,6,1,47,8,-1,-1,-1,-1,1,-1
201504ED15258,1,9,0,18,0,1,0,0,1,0,1,1,6,1,27,6,1900,2,16,-1,1,-1
201504ED15258,2,9,0,9,0,1,0,0,0,0,3,1,6,1,43,7,1198,1,-1,-1,1,-1
201504ED15259,1,11,0,18,0,0,0,0,1,10,1,1,1,1,62,9,9600,2,16,-1,1,-1
201504ED15259,2,9,0,2,0,0,0,0,1,0,3,1,6,1,42,7,1248,2,8,-1,1,-1
201504ED15259,3,9,0,2,0,0,0,0,1,0,4,1,6,1,-1,-1,1396,1,15,-1,1,-1
201504ED15259,4,9,0,2,0,0,0,0,0,0,1,1,6,1,-1,-1,1598,2,3,-1,1,-1
201504ED15260,1,9,0,18,0,8,0,0,0,0,1,1,6,2,38,7,1796,1,10,-1,1,-1
201504ED15261,1,9,0,5,0,1,0,0,0,0,1,1,6,3,-1,-1,-1,-1,-1,-1,-1,-1
201504ED15261,2,1,0,7,0,1,0,0,0,0,2,1,6,1,15,3,-1,-1,-1,-1,1,-1
201504ED15262,1,9,0,18,0,4,0,0,0,0,1,1,6,1,28,6,1390,1,13,-1,2,-1
201504ED15262,2,9,0,18,0,3,0,0,0,0,3,1,6,2,20,4,-1,-1,-1,-1,1,-1
201504ED15263,1,9,0,9,0,6,0,0,0,0,1,1,6,1,31,6,1461,2,11,-1,1,-1
201504ED15263,2,9,0,18,0,1,0,0,1,0,3,1,6,1,48,8,973,1,13,-1,1,-1
201504ED15264,1,3,0,4,0,1,0,0,0,0,0,1,6,1,43,7,124,1,10,-1,1,-1
201504ED15265,1,1,0,18,0,8,0,0,0,0,1,1,2,1,43,7,-1,-1,-1,-1,1,-1
201504ED15265,2,19,0,7,0,8,0,0,0,0,4,1,1,1,27,6,-1,-1,-1,-1,1,-1
201504ED15266,1,9,0,18,0,2,0,0,0,0,1,1,6,1,77,11,1364,1,5,-1,2,-1
201504ED15266,2,9,0,11,0,2,0,0,0,0,1,1,6,1,53,8,-1,-1,-1,-1,1,-1
201504ED15267,1,9,0,18,0,1,0,0,0,0,1,1,6,1,28,6,1596,1,13,-1,1,-1
201504ED15268,1,9,0,9,0,4,0,0,0,0,1,1,6,1,66,10,1998,2,10,-1,-1,-1
201504ED15268,2,3,0,18,0,4,0,0,0,0,4,1,6,1,22,5,107,1,-1,-1,1,-1
201504ED15269,1,9,0,17,0,0,0,0,7,10,3,1,6,2,87,11,996,1,5,-1,1,-1
201504ED15270,1,9,0,18,0,8,0,0,0,0,1,1,6,1,46,8,1896,2,14,-1,1,-1
201504ED15270,2,9,0,9,0,6,0,0,0,0,3,1,6,2,21,5,998,1,6,-1,1,-1
201504ED15271,1,8,0,8,0,2,0,0,0,0,1,1,6,2,54,8,1461,2,1,-1,1,-1
201504ED15271,2,5,0,8,0,2,0,0,0,0,0,1,6,1,57,9,680,1,6,-1,1,-1
201504ED15272,1,9,0,18,0,1,0,0,0,0,1,1,6,1,44,7,1968,2,1,-1,2,-1
201504ED15272,2,9,0,18,0,1,0,0,0,0,2,1,6,1,38,7,1360,1,8,-1,1,-1
201504ED15273,1,9,0,3,0,1,0,0,0,0,1,1,2,2,21,5,998,1,2,-1,1,-1
201504ED15273,2,9,0,18,0,1,0,0,0,0,1,1,6,1,34,6,2993,2,12,-1,1,-1
201504ED15274,1,9,0,18,0,0,0,0,0,0,4,1,6,1,72,10,1497,8,14,-1,1,-1
201504ED15274,2,9,0,2,9,0,0,0,0,0,4,1,6,3,-1,-1,-1,-1,-1,-1,-1,-1
201504ED15275,1,9,0,7,0,1,0,0,0,0,0,1,6,3,-1,-1,-1,-1,-1,-1,-1,-1
201504ED15275,2,1,0,7,0,1,0,0,0,0,0,1,6,1,27,6,-1,-1,-1,-1,1,-1
201504ED15276,1,11,0,5,0,0,0,0,0,0,1,1,2,1,47,8,3972,2,19,-1,1,-1
201504ED15277,1,9,0,3,0,1,0,0,0,0,1,1,6,2,19,4,1229,1,2,-1,-1,-1
201504ED15277,2,9,0,3,0,1,0,0,0,0,1,1,6,2,54,8,-1,-1,-1,-1,1,-1
201504ED15278,1,9,0,18,0,1,0,0,7,10,1,1,6,1,22,5,1242,1,12,-1,1,-1
201504ED15278,2,9,0,9,0,2,0,0,0,0,1,1,6,1,31,6,1968,2,5,-1,1,-1
201504ED15279,1,9,0,18,0,1,0,0,0,0,1,1,1,1,36,7,1995,2,9,-1,1,-1
201504ED15279,2,1,0,18,0,1,0,0,0,4,3,1,6,1,9,2,-1,-1,-1,-1,1,-1
201504ED15280,1,9,0,18,0,0,0,0,0,0,4,1,6,1,36,7,1995,2,9,-1,1,-1
201504ED15281,1,8,0,18,0,1,0,0,0,0,1,1,1,1,30,6,2231,2,7,-1,1,-1
201504ED15282,1,1,0,18,0,0,0,0,0,0,0,1,6,1,12,3,-1,-1,-1,-1,1,-1
201504ED15283,1,9,0,18,5,1,0,0,0,0,1,1,6,3,64,9,-1,-1,-1,-1,-1,-1
201504ED15284,1,9,0,5,0,1,0,0,0,0,1,1,2,1,26,6,-1,-1,-1,-1,1,-1
201504ED15284,2,9,0,3,0,1,0,0,0,0,2,1,2,2,27,6,1951,2,9,-1,1,-1
201504ED15285,1,9,0,17,0,0,1,0,0,0,1,1,6,1,26,6,1368,1,9,-1,1,-1
201504ED15285,2,9,0,18,0,0,0,0,0,0,1,1,6,2,57,9,1560,2,1,-1,1,-1
201504ED15286,1,9,0,18,0,0,1,0,2,10,1,1,6,1,18,4,1364,1,9,-1,1,-1
201504ED15287,1,90,0,18,0,6,0,0,0,0,1,1,6,2,19,4,-1,-1,-1,-1,1,-1
201504ED15287,2,9,0,18,0,8,0,0,0,0,3,1,1,2,34,6,1398,2,-1,-1,2,-1
201504ED15288,1,9,0,17,0,0,2,0,8,0,3,1,6,1,40,7,1364,1,8,-1,1,-1
201504ED15289,1,9,0,5,0,6,0,0,0,0,1,1,6,1,82,11,1598,1,16,-1,1,-1
201504ED15289,2,3,0,18,0,8,0,0,0,0,1,1,6,1,28,6,125,1,9,-1,1,-1
201504ED15290,1,9,0,2,0,1,0,0,0,0,0,1,1,1,54,8,-1,-1,-1,-1,-1,-1
201504ED15291,1,9,0,5,0,1,0,0,0,0,1,1,2,2,49,8,1560,2,2,-1,2,-1
201504ED15291,2,9,0,3,0,1,0,0,0,0,2,1,2,2,26,6,999,1,6,-1,1,-1
201504ED15292,1,9,0,18,0,0,0,0,0,0,3,1,6,1,35,6,3724,1,12,-1,1,-1
201504ED15293,1,9,0,18,0,8,5,0,0,0,1,1,6,1,78,11,1242,1,14,-1,1,-1
201504ED15293,2,9,0,2,0,8,0,0,0,0,2,1,6,3,-1,-1,1363,2,11,-1,-1,-1
201504ED15294,1,1,0,18,0,0,0,0,0,0,1,1,6,1,15,3,-1,-1,-1,-1,1,-1
201504ED15294,2,9,0,5,0,0,0,0,0,0,1,1,6,1,32,6,-1,-1,-1,-1,1,-1
201504ED15295,1,9,0,6,0,8,1,0,0,0,3,1,6,2,40,7,998,1,9,-1,-1,-1
201504ED15295,2,9,0,18,0,8,0,0,0,0,1,1,1,1,30,6,1560,2,3,-1,-1,-1
201504ED15295,3,9,0,2,0,1,0,0,0,0,4,1,6,3,-1,-1,1791,8,4,-1,-1,-1
201504ED15296,1,9,0,18,0,8,0,0,0,0,1,1,6,1,36,7,1895,1,15,-1,-1,-1
201504ED15296,2,9,0,18,0,8,0,0,0,0,4,1,6,2,36,7,1598,2,5,-1,1,-1
201504ED15296,3,9,0,18,0,1,0,0,0,0,0,1,1,3,47,8,2993,2,2,-1,1,-1
201504ED15297,1,1,0,9,0,5,0,0,0,0,1,1,6,1,48,8,-1,-1,-1,-1,1,-1
201504ED15297,2,4,0,17,0,8,0,0,0,0,1,1,2,1,20,4,487,1,10,-1,1,-1
201504ED15298,1,9,0,13,0,0,2,0,1,10,2,1,2,2,50,8,998,1,13,-1,1,-1
201504ED15299,1,3,0,18,0,0,0,0,0,0,0,1,6,3,-1,-1,-1,-1,-1,-1,-1,-1
201504ED15300,1,9,0,18,0,0,0,0,0,0,1,1,6,1,60,9,1360,1,9,-1,1,-1
201504ED15300,2,9,0,18,0,0,0,0,0,0,1,1,6,1,42,7,2143,2,-1,-1,1,-1
201504ED15301,1,8,0,9,0,5,0,0,0,0,4,1,1,1,66,10,2664,2,14,-1,1,-1
201504ED15301,2,1,0,17,0,8,0,0,0,0,1,1,6,1,54,8,-1,-1,-1,-1,1,-1
201504ED15302,1,5,0,18,0,0,1,0,1,0,0,1,6,1,54,8,-1,-1,-1,-1,-1,-1
201504ED15303,1,9,0,18,0,0,0,0,0,0,0,1,6,3,-1,-1,-1,-1,-1,-1,-1,-1
201504ED15303,2,9,0,16,0,0,0,0,7,10,1,1,6,1,23,5,1229,1,8,-1,1,-1
201504ED15304,1,8,0,18,0,1,0,0,0,0,1,1,1,1,46,8,-1,-1,-1,-1,1,-1
201504ED15306,1,9,0,18,0,0,1,0,1,10,1,1,6,2,20,4,1598,1,9,-1,1,-1
201504ED15307,1,9,0,9,0,8,0,0,0,0,1,1,6,2,29,6,2204,2,5,-1,1,-1
201504ED15307,2,9,0,18,0,8,0,0,0,0,1,1,6,1,30,6,1242,1,15,-1,1,-1
201504ED15308,1,9,0,17,0,0,1,0,1,7,1,1,1,2,23,5,1299,1,12,-1,1,-1
201504ED15311,1,9,0,18,0,3,0,0,0,0,1,1,6,1,82,11,1598,1,6,-1,1,-1
201504ED15311,2,1,0,7,0,3,0,0,0,0,1,1,6,1,39,7,-1,-1,-1,-1,1,-1
201504ED15312,1,9,0,9,0,2,0,0,0,0,4,1,6,1,56,9,1995,2,13,-1,1,-1
201504ED15312,2,9,0,18,0,1,0,0,0,0,1,1,6,1,23,5,-1,-1,-1,-1,1,-1
201504ED15313,1,9,0,12,0,7,0,0,0,0,3,1,6,3,-1,-1,-1,-1,-1,-1,-1,-1
201504ED15313,2,9,0,18,0,8,1,0,4,6,1,1,6,2,22,5,1560,2,9,-1,1,-1
201504ED15313,3,9,0,18,0,8,0,0,0,0,1,1,2,2,58,9,1242,1,3,-1,1,-1
201504ED15314,1,21,0,18,0,1,1,0,0,0,1,1,1,1,37,7,6870,2,2,-1,1,-1
201504ED15314,2,9,0,3,0,1,0,0,0,0,2,1,1,1,47,8,1598,1,7,-1,1,-1
201504ED15315,1,9,0,6,0,0,0,0,0,0,0,1,1,1,34,6,1910,2,7,-1,1,-1
201504ED15316,1,9,0,18,0,0,0,0,0,0,1,1,6,2,25,5,1229,1,9,-1,1,-1
201504ED15317,1,9,0,7,0,1,0,0,0,0,1,1,6,1,77,11,1582,2,1,-1,1,-1
201504ED15317,2,11,0,9,0,1,0,0,0,0,1,1,1,2,48,8,6700,2,7,-1,-1,-1
201504ED15317,3,9,0,18,0,1,0,0,0,0,3,1,6,2,53,8,1968,2,9,-1,1,-1
201504ED15318,1,9,0,5,0,1,0,0,0,0,1,1,6,1,22,5,-1,-1,-1,-1,-1,-1
201504ED15318,2,9,0,5,0,2,0,0,0,0,2,1,6,1,60,9,1796,1,13,-1,-1,-1
201504ED15319,1,9,0,18,0,0,0,0,1,0,1,1,1,3,-1,-1,1984,1,6,-1,-1,-1
201504ED15319,2,9,0,18,0,0,0,0,0,0,2,1,6,1,46,8,1995,2,12,-1,1,-1
201504ED15320,1,9,0,9,0,5,0,0,0,0,1,1,6,2,69,10,1329,1,1,-1,1,-1
201504ED15320,2,9,0,18,0,1,0,0,0,0,1,1,6,1,41,7,1896,2,12,-1,1,-1
201504ED15321,1,9,0,18,0,4,0,0,0,0,1,1,2,1,46,8,1995,1,13,-1,1,-1
201504ED15321,2,5,0,9,0,3,0,0,0,0,4,1,6,1,46,8,656,1,9,-1,2,-1
201504ED15322,1,9,0,16,0,0,2,0,1,0,4,1,6,2,31,6,1587,1,12,-1,1,-1
201504ED15323,1,9,0,5,0,1,1,0,3,4,3,1,6,2,22,5,1560,2,2,-1,1,-1
201504ED15324,1,9,0,18,0,0,0,0,0,0,3,1,2,1,32,6,1896,2,8,-1,1,-1
201504ED15324,2,21,1,18,0,0,0,0,0,0,4,1,1,1,65,9,12900,2,6,-1,1,-1
201504ED15325,1,9,0,5,0,2,0,0,0,0,1,1,6,1,47,8,2171,1,14,-1,1,-1
201504ED15326,1,9,0,5,0,0,0,0,0,0,1,1,6,1,47,8,1794,1,13,-1,1,-1
201504ED15326,2,9,0,3,0,0,0,0,0,0,2,1,6,2,34,6,1598,1,10,-1,1,-1
201504ED15327,1,9,0,9,0,8,0,9,0,0,1,1,6,1,20,4,1389,1,10,-1,1,-1
201504ED15327,2,9,0,18,0,8,0,0,0,0,0,1,6,3,-1,-1,-1,-1,-1,-1,-1,-1
201504ED15328,1,1,0,5,0,2,0,0,0,0,1,1,6,1,8,2,-1,-1,-1,-1,1,-1