Accident_Index,Vehicle_Reference,Vehicle_Type,Towing_and_Articulation,Vehicle_Manoeuvre,Vehicle_Location-Restricted_Lane,Junction_Location,Skidding_and_Overturning,Hit_Object_in_Carriageway,Vehicle_Leaving_Carriageway,Hit_Object_off_Carriageway,1st_Point_of_Impact,Was_Vehicle_Left_Hand_Drive?,Journey_Purpose_of_Driver,Sex_of_Driver,Age_of_Driver,Age_Band_of_Driver,Engine_Capacity_(CC),Propulsion_Code,Age_of_Vehicle,Driver_IMD_Decile,Driver_Home_Area_Type,Vehicle_IMD_Decile
201504ED15328,2,9,0,18,0,2,0,0,0,0,3,1,6,2,35,6,1598,1,11,-1,1,-1
201504ED15329,1,19,0,5,0,0,0,0,0,0,3,1,1,1,25,5,-1,-1,-1,-1,-1,-1
201504ED15329,2,8,0,18,0,0,0,0,0,0,1,1,1,1,52,8,1497,8,7,-1,1,-1
201504ED15331,1,5,0,4,0,1,1,0,0,0,0,1,6,1,60,9,735,1,44,-1,3,-1
201504ED15331,2,8,0,4,0,1,0,0,0,0,0,1,6,3,-1,-1,-1,-1,-1,-1,-1,-1
201504ED15332,1,9,0,18,0,1,0,0,0,0,1,1,6,1,22,5,1984,1,14,-1,1,-1
201504ED15332,2,9,0,4,0,1,0,0,0,0,2,1,6,1,43,7,1870,2,11,-1,1,-1
201504ED15333,1,3,0,4,0,1,1,0,0,0,0,1,1,1,45,7,96,1,7,-1,1,-1
201504ED15333,2,9,0,9,0,1,0,0,0,0,0,1,6,3,-1,-1,-1,-1,-1,-1,-1,-1
201504ED15334,1,9,0,18,0,0,0,0,0,0,1,1,6,2,23,5,1240,1,7,-1,1,-1
201504ED15334,2,9,0,18,0,0,0,0,0,0,1,1,6,3,-1,-1,2987,2,9,-1,-1,-1
201504ED15335,1,9,0,6,0,0,0,0,0,0,3,1,6,2,30,6,1598,2,4,-1,1,-1
201504ED15335,2,9,0,18,0,0,0,0,0,0,1,1,6,1,63,9,1598,1,3,-1,3,-1
201504ED15336,1,9,0,18,0,0,0,0,0,0,1,1,6,2,25,5,1390,1,12,-1,1,-1
201504ED15336,2,8,0,4,0,0,0,0,0,0,2,1,6,1,36,7,1686,2,3,-1,1,-1
201504ED15337,1,9,0,1,0,5,0,0,0,0,2,1,6,1,62,9,1596,1,10,-1,1,-1
201504ED15338,1,9,0,4,0,1,0,0,0,0,1,1,6,1,58,9,1868,2,13,-1,1,-1
201504ED15338,2,5,0,3,0,1,5,0,0,0,2,1,6,1,55,8,1050,1,5,-1,1,-1
201504ED15338,3,5,0,3,0,1,5,0,0,0,2,1,6,1,54,8,-1,-1,-1,-1,1,-1
201504ED15339,1,9,0,9,0,6,0,0,0,0,1,1,6,3,-1,-1,-1,-1,-1,-1,-1,-1
201504ED15339,2,1,0,18,0,1,0,0,0,0,3,1,6,1,39,7,-1,-1,-1,-1,1,-1
201504ED15340,1,90,0,5,0,0,0,0,0,0,4,1,1,1,38,7,-1,-1,-1,-1,1,-1
201504ED15341,1,9,0,18,0,1,0,0,0,0,1,1,2,2,29,6,1242,1,2,-1,1,-1
201504ED15342,1,9,0,18,0,8,1,10,0,0,1,1,6,1,32,6,2198,1,12,-1,1,-1
201504ED15342,2,9,0,18,0,8,1,10,1,0,1,1,1,3,39,7,2720,2,6,-1,2,-1
201504ED15343,1,9,0,18,0,0,0,0,0,0,3,1,6,1,29,6,1598,1,2,-1,1,-1
201504ED15344,1,9,0,18,0,8,0,0,0,0,1,1,6,2,43,7,1984,1,15,-1,1,-1
201504ED15344,2,9,0,4,0,8,0,0,0,0,2,1,6,1,71,10,1422,2,-1,-1,-1,-1
201504ED15344,3,9,0,18,0,8,0,0,0,0,2,1,6,2,41,7,1386,1,7,-1,1,-1
201504ED15344,4,9,0,18,0,8,0,0,0,0,1,1,6,2,32,6,1390,1,11,-1,1,-1
201504ED15345,1,9,0,3,0,1,0,0,0,0,1,1,6,1,37,7,1796,1,6,-1,1,-1
201504ED15346,1,1,0,18,0,2,0,0,0,0,1,1,6,1,9,2,-1,-1,-1,-1,1,-1
201504ED15346,2,9,0,18,0,1,0,0,0,0,1,1,6,1,32,6,1398,1,12,-1,-1,-1
201504ED15347,1,9,0,3,0,0,0,0,0,10,1,1,6,2,60,9,998,1,3,-1,1,-1
201504ED15348,1,9,0,18,0,4,0,0,0,0,0,1,6,3,64,9,-1,-1,-1,-1,-1,-1
201504ED15348,2,3,0,18,0,3,0,10,0,0,4,1,6,1,25,5,124,1,10,-1,1,-1
201504ED15349,1,9,0,14,0,0,0,0,0,0,0,1,3,2,34,6,1149,1,14,-1,1,-1
201504ED15350,1,4,0,18,0,8,1,0,0,0,0,1,6,1,60,9,250,1,1,-1,1,-1
201504ED15350,2,9,0,4,0,1,0,0,0,0,0,1,6,1,26,6,1598,2,5,-1,1,-1
201504ED15351,1,9,0,18,0,0,1,0,0,0,1,1,2,1,33,6,1896,2,12,-1,1,-1
201504ED15351,2,90,0,9,0,0,0,0,7,10,4,1,1,1,68,10,-1,-1,-1,-1,1,-1
201504ED15352,1,9,0,18,0,0,0,0,0,0,1,1,6,3,-1,-1,2143,2,1,-1,-1,-1
201504ED15352,2,9,0,4,0,0,0,0,7,10,2,1,6,1,49,8,1199,1,16,-1,1,-1
201504ED15353,1,9,0,18,0,0,0,0,0,0,1,1,6,1,19,4,1120,1,18,-1,3,-1
201504ED15353,2,9,0,18,0,0,0,0,0,0,2,1,6,1,68,10,1781,1,11,-1,3,-1
201504ED15354,1,19,0,4,0,1,0,0,0,0,1,1,6,3,-1,-1,1996,2,8,-1,-1,-1
201504ED15354,2,9,0,3,0,1,0,0,0,0,2,1,6,1,43,7,1870,2,11,-1,1,-1
201504ED15355,1,9,0,18,0,8,0,0,0,0,1,1,6,3,-1,-1,-1,-1,-1,-1,-1,-1
201504ED15355,2,1,0,18,0,6,0,0,0,0,1,1,6,1,26,6,-1,-1,-1,-1,1,-1
201504ED15356,1,19,0,9,0,2,0,0,0,0,1,1,6,2,49,8,1968,2,2,-1,1,-1
201504ED15356,2,9,0,18,0,1,0,0,0,0,1,1,6,1,68,10,2967,1,8,-1,3,-1
201504ED15357,1,9,0,7,0,0,0,0,0,0,0,1,2,2,51,8,1398,1,11,-1,-1,-1
201504ED15357,2,9,0,9,0,0,0,0,0,0,1,1,2,2,25,5,1229,1,-1,-1,1,-1
201504ED15358,1,9,0,13,0,0,0,0,0,0,0,1,6,3,-1,-1,-1,-1,-1,-1,-1,-1
201504ED15358,2,9,0,13,0,0,1,0,1,6,1,1,1,2,45,7,1206,1,5,-1,-1,-1
201504ED15359,1,9,0,16,0,0,0,0,8,10,1,1,6,1,21,5,1200,1,-1,-1,1,-1
201504ED15360,1,9,0,18,0,0,1,11,0,0,1,1,6,1,56,9,2143,2,1,-1,1,-1
201504ED15360,2,19,0,18,0,0,0,11,0,0,4,1,1,1,43,7,-1,-1,-1,-1,1,-1
201504ED15361,1,9,0,2,0,0,0,0,0,0,1,1,6,2,28,6,1781,1,10,-1,1,-1
201504ED15362,1,9,0,5,0,0,0,0,0,0,1,1,6,1,22,5,998,1,13,-1,1,-1
201504ED15363,1,9,0,5,0,7,0,0,0,0,1,1,6,1,28,6,1362,1,3,-1,-1,-1
201504ED15363,2,9,0,18,6,1,0,0,0,0,1,1,6,2,74,10,1124,1,15,-1,-1,-1
201504ED15364,1,9,0,18,0,6,0,0,0,0,1,1,6,1,53,8,1560,2,-1,-1,1,-1
201504ED15364,2,9,0,18,0,8,0,0,0,0,1,1,1,1,37,7,1910,2,7,-1,1,-1
201504ED15365,1,3,0,18,0,8,1,0,0,0,3,1,6,1,19,4,125,1,1,-1,1,-1
201504ED15366,1,9,0,16,0,0,0,0,1,4,3,1,6,1,20,4,1988,1,10,-1,1,-1
201504ED15367,1,9,0,5,0,1,1,0,0,0,1,1,6,1,39,7,1984,1,-1,-1,2,-1
201504ED15367,2,9,0,3,0,1,0,0,0,0,2,1,6,2,21,5,1368,1,1,-1,1,-1
201504ED15368,1,9,0,18,0,1,0,0,0,0,1,1,6,1,55,8,1896,2,11,-1,1,-1
201504ED15368,2,9,0,3,0,1,0,0,0,0,2,1,6,1,43,7,1700,2,11,-1,1,-1
201504ED15369,1,9,0,4,0,1,0,0,1,10,1,1,6,2,38,7,1242,1,15,-1,1,-1
201504ED15370,1,9,0,7,0,6,0,0,0,0,1,1,6,1,19,4,1149,1,15,-1,1,-1
201504ED15370,2,9,0,18,0,8,0,0,0,0,4,1,6,2,77,11,1598,1,10,-1,1,-1
201504ED15372,1,9,0,9,0,8,0,0,0,0,4,1,6,1,21,5,1598,2,1,-1,1,-1
201504ED15372,2,9,0,18,0,8,0,0,0,0,3,1,6,2,50,8,999,1,1,-1,1,-1
201504ED15373,1,9,0,18,0,1,0,0,0,0,1,1,6,2,38,7,1364,1,7,-1,1,-1
201504ED15374,1,9,0,18,0,8,0,0,0,0,4,1,6,2,67,10,1242,1,2,-1,1,-1
201504ED15374,2,9,0,18,0,1,0,0,0,0,1,1,6,1,32,6,2199,2,3,-1,1,-1
201504ED15374,3,9,0,4,0,1,0,0,0,0,1,1,6,2,39,7,-1,-1,-1,-1,3,-1
201504ED15375,1,9,0,9,0,1,0,0,0,0,1,1,6,2,75,10,1686,2,13,-1,3,-1
201504ED15375,2,9,0,18,0,1,1,0,0,0,4,1,2,2,29,6,1199,1,11,-1,1,-1
201504ED15376,1,9,0,13,0,8,0,0,0,0,1,1,6,1,25,5,3799,1,6,-1,1,-1
201504ED15376,2,9,0,9,0,8,0,0,0,0,3,1,6,1,19,4,1896,2,10,-1,1,-1
201504ED15377,1,9,0,5,0,1,1,0,0,0,1,1,6,1,22,5,1560,2,10,-1,1,-1
201504ED15377,2,9,0,4,0,1,0,0,0,0,2,1,6,1,49,8,2148,2,10,-1,1,-1
201504ED15377,3,9,0,4,0,1,0,0,0,0,2,1,6,2,54,8,1794,1,11,-1,1,-1
201504ED15378,1,9,0,18,0,0,0,11,0,0,4,1,6,2,43,7,1248,1,4,-1,1,-1
201504ED15379,1,9,0,18,0,8,0,0,0,0,0,1,6,2,24,5,1598,1,11,-1,1,-1
201504ED15380,1,8,0,1,0,0,0,7,0,0,2,1,6,1,50,8,1797,8,5,-1,1,-1
201504ED15381,1,9,0,18,0,4,0,0,0,0,1,1,6,1,48,8,-1,-1,-1,-1,1,-1
201504ED15381,2,9,0,9,0,8,0,0,0,0,3,1,6,2,28,6,998,1,6,-1,-1,-1
201504ED15382,1,9,0,18,0,1,0,0,0,0,1,1,6,2,51,8,1598,1,4,-1,1,-1
201504ED15382,2,8,0,3,0,1,0,0,0,0,2,1,6,1,-1,-1,1896,2,10,-1,1,-1
201504ED15383,1,9,0,18,0,8,0,0,1,0,3,1,6,2,67,10,2967,2,-1,-1,3,-1
201504ED15383,2,9,0,18,0,8,0,0,0,0,1,1,6,2,55,8,1598,2,3,-1,-1,-1
201504ED15384,1,9,0,18,0,4,0,0,0,0,3,1,6,1,70,10,1598,2,2,-1,1,-1
201504ED15384,2,9,0,11,0,3,1,0,0,0,4,1,2,1,46,8,2179,2,-1,-1,1,-1
201504ED15384,3,19,0,18,0,4,0,0,0,0,0,1,6,3,-1,-1,-1,-1,-1,-1,-1,-1
201504ED15385,1,9,0,9,0,1,0,0,0,0,3,1,6,2,79,11,1296,1,7,-1,1,-1
201504ED15385,2,9,0,18,0,6,0,0,0,0,1,1,6,1,38,7,1968,2,7,-1,1,-1
201504ED15386,1,9,0,18,0,1,0,0,0,0,2,1,2,1,25,5,1753,2,14,-1,1,-1
201504ED15386,2,19,0,4,0,1,0,0,0,0,0,1,2,2,61,9,-1,-1,-1,-1,1,-1
201504ED15387,1,9,0,2,0,0,0,0,0,0,0,1,6,1,48,8,1781,1,18,-1,1,-1
201504ED15387,2,3,0,18,0,0,0,0,0,0,1,1,2,1,19,4,125,1,2,-1,1,-1
201504ED15388,1,9,0,7,0,1,0,0,0,0,1,1,6,1,84,11,1582,2,6,-1,2,-1
201504ED15388,2,9,0,7,0,1,0,0,0,0,2,1,6,2,26,6,989,1,17,-1,1,-1
201504ED15389,1,9,0,1,0,4,0,0,0,0,2,1,6,1,23,5,1598,2,2,-1,1,-1
201504ED15389,2,9,0,18,0,8,0,0,0,0,4,1,6,2,74,10,1398,1,-1,-1,1,-1
201504ED15390,1,4,0,18,0,0,0,0,0,0,1,1,6,1,22,5,-1,-1,-1,-1,1,-1
201504ED15390,2,9,0,7,0,0,0,0,0,0,4,1,6,1,49,8,2204,2,6,-1,-1,-1
201504ED15391,1,9,0,5,0,1,0,0,0,0,1,1,6,1,51,8,1896,2,12,-1,1,-1
201504ED15391,2,9,0,18,0,8,0,0,1,2,1,1,6,1,19,4,1587,1,26,-1,1,-1
201504ED15392,1,19,0,9,0,2,0,0,0,0,3,1,1,1,32,6,1248,2,9,-1,1,-1
201504ED15393,1,9,0,16,0,8,0,0,0,0,4,1,6,1,70,10,2143,2,1,-1,2,-1
201504ED15393,2,90,0,2,0,8,0,0,0,0,0,1,6,3,-1,-1,-1,-1,-1,-1,-1,-1
201504ED15394,1,9,0,18,0,8,0,0,0,0,1,1,1,1,54,8,1753,2,8,-1,1,-1
201504ED15395,1,9,0,18,0,0,5,0,1,10,1,1,2,1,34,6,1798,1,10,-1,1,-1
201504ED15396,1,9,0,9,0,8,0,0,0,0,1,1,6,1,30,6,1896,2,7,-1,-1,-1
201504ED15396,2,9,0,18,0,8,0,0,0,0,3,1,6,2,19,4,1242,1,3,-1,1,-1
201504ED15397,1,9,0,5,0,6,0,0,0,0,3,1,6,1,45,7,796,1,12,-1,-1,-1
201504ED15397,2,1,0,18,0,1,0,0,0,0,1,1,6,1,46,8,-1,-1,-1,-1,-1,-1
201504ED15398,1,9,0,18,0,0,0,0,0,0,1,1,6,2,49,8,1242,1,5,-1,-1,-1
201504ED15399,1,19,0,1,0,1,0,0,0,0,2,1,6,3,-1,-1,2151,2,11,-1,-1,-1
201504ED15399,2,1,0,18,0,1,0,0,0,0,0,1,6,1,30,6,-1,-1,-1,-1,1,-1
201504ED15400,1,9,0,18,0,1,0,0,0,0,4,1,6,1,57,9,4398,1,16,-1,-1,-1
201504ED15400,2,9,0,5,0,1,0,0,0,0,1,1,6,1,52,8,1896,2,7,-1,-1,-1
201504ED15401,1,9,0,9,0,8,0,0,0,0,4,1,6,1,36,7,2231,2,9,-1,1,-1
201504ED15401,2,9,0,18,0,8,0,0,0,0,1,1,6,2,36,7,1242,1,9,-1,1,-1
201504ED15402,1,5,0,13,0,0,1,4,0,0,1,1,6,1,42,7,929,1,14,-1,1,-1
201504ED15402,2,9,0,2,0,0,0,0,0,0,2,1,6,3,-1,-1,1598,1,7,-1,-1,-1
201504ED15403,1,8,0,18,0,2,0,0,0,0,1,1,1,1,43,7,-1,-1,-1,-1,1,-1
201504ED15403,2,1,0,18,0,2,0,0,0,0,1,1,2,1,41,7,-1,-1,-1,-1,1,-1
201504ED15404,1,3,0,18,0,8,2,0,0,0,4,1,2,1,51,8,-1,-1,-1,-1,1,-1
201504ED15405,1,9,0,4,0,1,0,0,0,0,1,1,6,3,-1,-1,-1,-1,-1,-1,-1,-1
201504ED15405,2,9,0,5,0,1,0,0,0,0,2,1,6,2,20,4,1199,1,12,-1,2,-1
201504ED15406,1,9,0,18,0,8,0,0,1,10,4,1,6,1,22,5,1968,2,7,-1,1,-1
201504ED15407,1,9,0,17,0,8,0,0,0,0,3,1,6,3,-1,-1,1199,1,14,-1,-1,-1
201504ED15407,2,9,0,17,0,8,0,0,0,0,4,1,6,1,24,5,1398,2,2,-1,1,-1
201504ED15408,1,9,0,9,0,8,0,0,0,0,4,1,6,1,29,6,1753,2,10,-1,-1,-1
201504ED15409,1,9,0,18,0,0,0,0,0,0,1,1,6,1,22,5,1590,1,14,-1,1,-1
201504ED15409,2,9,0,18,0,0,0,0,0,0,2,1,6,1,19,4,998,1,5,-1,2,-1
201504ED15410,1,9,0,16,0,0,0,0,8,2,1,1,6,1,20,4,1984,1,-1,-1,2,-1
201504ED15411,1,8,0,18,0,4,0,0,0,0,1,1,6,1,56,9,998,1,10,-1,1,-1
201504ED15411,2,90,0,9,0,8,0,0,0,0,1,1,1,1,33,6,-1,-1,-1,-1,1,-1
201504ED15412,1,19,0,4,0,1,0,0,7,10,1,1,6,1,27,6,2198,2,-1,-1,1,-1
201504ED15412,2,9,0,4,0,1,0,0,7,0,2,1,1,1,40,7,2993,2,1,-1,1,-1
201504ED15412,3,9,0,4,0,1,0,0,0,0,1,1,1,1,48,8,2993,2,3,-1,-1,-1
201504ED15413,1,9,0,18,0,0,0,0,0,0,1,1,6,1,37,7,1968,2,9,-1,1,-1
201504ED15414,1,1,0,18,0,0,0,10,0,0,4,1,6,1,35,6,-1,-1,-1,-1,-1,-1
201504ED15415,1,9,0,9,0,6,0,0,0,0,4,1,6,1,57,9,1968,2,10,-1,1,-1
201504ED15415,2,9,0,18,0,8,0,0,0,0,1,1,6,1,62,9,1685,2,1,-1,1,-1
201504ED15416,1,9,0,5,0,1,0,0,0,0,1,1,6,1,38,7,2720,2,9,-1,1,-1
201504ED15416,2,9,0,3,0,1,0,0,0,0,2,1,6,2,31,6,2979,1,14,-1,1,-1
201504ED15417,1,9,0,9,0,5,0,0,0,0,1,1,2,1,33,6,1149,1,14,-1,1,-1
201504ED15418,1,9,0,1,0,0,0,0,0,0,3,1,6,2,49,8,2720,2,7,-1,3,-1
201504ED15419,1,9,0,9,0,8,0,0,0,0,4,1,6,1,27,6,2000,2,6,-1,1,-1
201504ED15419,2,5,0,16,0,8,2,0,0,0,1,1,6,1,50,8,1200,1,35,-1,1,-1
201504ED15420,1,9,0,7,0,6,0,0,0,0,1,1,6,3,-1,-1,-1,-1,-1,-1,-1,-1
201504ED15420,2,19,0,2,0,1,0,0,0,0,2,1,6,1,-1,-1,1598,2,-1,-1,-1,-1
201504ED15420,3,9,0,2,0,1,0,0,0,0,2,1,6,2,53,8,1242,1,13,-1,1,-1
201504ED15421,1,9,0,5,0,4,0,0,0,0,3,1,6,2,56,9,1896,2,13,-1,1,-1
201504ED15421,2,3,0,18,0,4,0,0,0,0,4,1,6,1,36,7,125,1,2,-1,1,-1
201504ED15422,1,9,0,18,0,0,2,0,1,10,3,1,6,2,26,6,1398,1,12,-1,1,-1
201504ED15423,1,9,3,5,0,0,0,0,0,0,4,1,6,1,67,10,2495,2,11,-1,1,-1
201504ED15424,1,19,0,1,0,1,0,0,0,0,2,1,6,3,-1,-1,-1,-1,-1,-1,-1,-1
201504ED15424,2,5,0,2,0,1,0,0,0,0,1,1,2,1,30,6,600,1,1,-1,1,-1
201504ED15425,1,9,0,5,0,6,0,0,0,0,1,1,6,2,55,8,1229,1,9,-1,3,-1
201504ED15425,2,9,0,18,0,8,0,0,0,0,3,1,6,1,25,5,1242,1,-1,-1,1,-1
201504ED15426,1,9,0,7,0,1,1,0,3,0,1,1,6,1,53,8,1598,1,13,-1,1,-1
201504ED15426,2,1,0,18,0,8,2,0,0,0,4,1,6,2,41,7,-1,-1,-1,-1,1,-1
201504ED15427,1,9,0,4,0,0,0,0,0,0,1,1,6,2,26,6,1598,2,2,-1,1,-1
201504ED15427,2,9,0,3,0,0,0,0,0,0,2,1,6,1,23,5,1198,1,10,-1,1,-1
201504ED15427,3,9,0,3,0,0,0,0,0,0,2,1,6,1,60,9,1995,2,7,-1,1,-1
201504ED15428,1,9,0,18,0,2,0,0,0,0,1,1,2,1,47,8,1956,2,-1,-1,1,-1
201504ED15428,2,9,0,2,0,2,0,0,0,0,2,1,6,2,25,5,1368,1,2,-1,1,-1
201504ED15430,1,9,0,17,0,1,0,0,7,0,0,1,6,1,35,6,1910,2,7,-1,1,-1
201504ED15431,1,5,0,18,0,0,0,0,0,0,1,1,6,1,47,8,749,1,19,-1,-1,-1
201504ED15432,1,10,0,18,0,8,0,7,0,0,1,1,1,1,33,6,2198,2,8,-1,1,-1
201504ED15433,1,9,0,4,0,1,0,0,0,0,1,1,6,1,37,7,1910,2,9,-1,1,-1
201504ED15433,2,9,0,18,0,1,0,0,0,0,1,1,6,1,55,8,1386,1,10,-1,1,-1
201504ED15434,1,9,0,9,0,8,0,0,0,0,4,1,3,2,46,8,2993,2,-1,-1,3,-1
201504ED15434,2,9,0,18,0,8,0,10,1,0,1,1,2,1,38,7,1398,2,5,-1,1,-1
201504ED15435,1,9,0,9,0,8,0,0,0,0,3,1,2,1,41,7,1781,1,11,-1,1,-1
201504ED15435,2,2,0,18,0,8,2,0,0,0,1,1,4,2,16,4,49,1,16,-1,1,-1
201504ED15436,1,9,0,5,0,4,0,0,1,0,1,1,6,1,48,8,2179,2,5,-1,1,-1
201504ED15436,2,9,0,5,0,4,0,0,0,0,2,1,6,2,43,7,1998,1,14,-1,1,-1
201504ED15437,1,9,0,9,0,8,0,0,0,0,1,1,6,2,48,8,1587,1,12,-1,1,-1
201504ED15438,1,9,0,18,0,0,0,0,0,0,1,1,6,2,29,6,1598,1,13,-1,1,-1
201504ED15438,2,9,0,2,0,0,0,0,0,0,2,1,6,3,-1,-1,1596,1,5,-1,-1,-1
201504ED15439,1,1,0,15,0,2,0,0,0,0,1,1,1,1,20,4,-1,-1,-1,-1,-1,-1
201504ED15439,2,9,0,7,0,2,0,0,0,0,4,1,6,1,58,9,1896,2,8,-1,1,-1
201504ED15440,1,8,0,5,0,1,0,0,0,0,1,1,1,1,36,7,1896,2,5,-1,1,-1
201504ED15440,2,9,0,3,0,1,0,0,0,0,2,1,6,1,30,6,1686,2,7,-1,1,-1
201504ED15441,1,1,0,5,0,0,0,0,0,0,2,1,6,2,9,2,-1,-1,-1,-1,-1,-1
201504ED15441,2,9,0,18,0,0,0,0,0,0,1,1,6,1,43,7,1398,2,8,-1,1,-1
201504ED15442,1,19,0,7,0,1,0,0,0,0,1,1,1,1,28,6,1560,2,2,-1,2,-1
201504ED15442,2,9,0,10,0,1,0,0,0,0,3,1,6,1,23,5,1332,1,17,-1,1,-1
201504ED15443,1,5,0,4,0,0,0,0,0,0,1,1,2,1,24,5,1157,1,8,-1,-1,-1
201504ED15443,2,9,0,4,0,0,0,0,0,0,0,1,6,1,57,9,1998,8,-1,-1,-1,-1
201504ED15443,3,9,0,4,0,0,0,0,0,0,2,1,6,2,51,8,1242,1,2,-1,3,-1
201504ED15444,1,4,0,18,0,8,2,0,0,0,1,1,6,1,31,6,249,1,7,-1,1,-1
201504ED15444,2,8,0,9,0,5,0,0,0,0,3,1,6,2,90,11,996,1,5,-1,-1,-1
201504ED15445,1,5,0,17,0,0,5,0,1,3,1,1,2,1,31,6,636,1,11,-1,1,-1
201504ED15446,1,9,0,18,0,0,0,0,0,0,4,1,6,1,78,11,875,1,1,-1,1,-1
201504ED15446,2,9,0,2,0,0,0,0,0,0,3,1,6,2,33,6,2148,2,7,-1,1,-1
201504ED15447,1,9,0,18,0,0,0,0,7,10,1,1,6,2,61,9,1229,1,2,-1,1,-1
201504ED15448,1,1,0,16,0,0,2,0,0,0,1,1,6,1,46,8,-1,-1,-1,-1,1,-1
201504ED15448,2,9,0,3,0,0,0,0,0,0,0,1,6,2,26,6,1242,1,1,-1,1,-1
201504ED15448,3,9,0,3,0,0,0,0,0,0,1,1,6,1,34,6,-1,-1,-1,-1,1,-1
201504ED15449,1,1,0,18,0,8,5,0,0,0,4,1,6,1,39,7,-1,-1,-1,-1,1,-1
201504ED15449,2,5,0,7,0,1,5,0,0,0,1,1,6,1,64,9,1670,1,9,-1,1,-1
201504ED15450,1,1,0,18,0,1,0,0,0,0,2,1,6,1,11,3,-1,-1,-1,-1,1,-1
201504ED15450,2,9,0,18,0,1,0,0,0,0,1,1,6,2,28,6,1149,1,11,-1,1,-1
201504ED15451,1,9,0,18,0,0,0,0,0,0,1,1,6,1,32,6,-1,-1,-1,-1,-1,-1
201504ED15452,1,9,0,4,0,8,0,0,0,0,1,1,6,2,21,5,1242,1,3,-1,3,-1
201504ED15452,2,9,0,4,0,8,0,0,0,0,2,1,6,1,38,7,1560,2,3,-1,1,-1
201504ED15453,1,9,0,18,0,8,0,0,0,0,1,1,6,1,22,5,998,1,9,-1,1,-1
201504ED15454,1,9,0,9,0,5,0,0,0,0,1,1,6,2,38,7,1896,2,10,-1,1,-1
201504ED15454,2,9,0,9,0,5,0,0,0,0,3,1,6,2,30,6,1197,1,-1,-1,1,-1
201504ED15455,1,9,0,3,0,1,0,0,0,0,1,1,2,2,30,6,998,1,3,-1,1,-1
201504ED15455,2,9,0,3,0,1,0,0,0,0,2,1,6,2,33,6,1910,2,5,-1,2,-1
201504ED15456,1,9,0,18,0,3,0,0,0,0,1,1,6,1,74,10,1198,1,9,-1,2,-1
201504ED15456,2,9,0,18,0,4,0,0,0,0,4,1,6,1,76,11,998,1,-1,-1,1,-1
201504ED15457,1,9,0,18,0,1,0,0,0,0,1,1,6,1,30,6,4511,1,11,-1,1,-1
201504ED15457,2,9,0,18,0,1,0,0,0,1,2,1,6,2,40,7,2488,2,10,-1,1,-1
201504ED15458,1,9,0,9,0,5,0,0,0,0,1,1,6,1,26,6,1248,2,6,-1,2,-1
201504ED15458,2,9,0,9,0,5,0,0,0,0,2,1,3,2,34,6,1794,1,12,-1,1,-1
201504ED15459,1,8,0,5,0,0,0,0,0,0,1,1,6,1,56,9,1968,2,8,-1,1,-1
201504ED15459,2,1,0,18,0,0,0,0,0,0,1,1,6,3,-1,-1,-1,-1,-1,-1,-1,-1
201504ED15460,1,9,0,17,0,8,0,0,0,0,4,1,6,2,24,5,1900,2,10,-1,1,-1
201504ED15460,2,9,0,5,0,6,0,0,0,0,1,1,6,1,41,7,1986,2,8,-1,1,-1
201504ED15461,1,9,0,5,0,1,0,0,0,0,4,1,6,2,32,6,1388,1,6,-1,1,-1
201504ED15461,2,9,0,18,0,1,0,0,0,0,3,1,6,1,40,7,1997,2,4,-1,1,-1
201504ED15463,1,1,0,18,0,8,5,0,0,0,3,1,6,1,9,2,-1,-1,-1,-1,1,-1
201504ED15463,2,9,0,18,0,8,0,0,0,0,1,1,6,1,38,7,2299,2,2,-1,1,-1
201504ED15464,1,9,0,9,0,8,0,0,0,0,1,1,6,1,29,6,2204,2,10,-1,1,-1
201504ED15464,2,5,0,18,0,8,0,0,0,0,1,1,6,1,48,8,649,1,11,-1,1,-1
201504ED15465,1,9,0,9,0,1,0,0,0,0,4,1,1,1,39,7,1389,1,13,-1,1,-1
201504ED15465,2,2,0,18,0,1,0,0,0,0,1,1,6,1,16,4,49,1,3,-1,3,-1
201504ED15466,1,8,0,5,0,0,0,0,0,0,0,1,1,3,-1,-1,-1,-1,-1,-1,-1,-1
201504ED15466,2,3,0,18,0,0,0,0,0,0,0,1,6,1,17,4,124,1,2,-1,1,-1
201504ED15467,1,9,0,18,0,0,0,0,0,0,3,1,6,2,62,9,1397,1,13,-1,1,-1
201504ED15468,1,2,0,18,0,0,0,0,0,0,0,1,6,1,23,5,-1,-1,-1,-1,1,-1
201504ED15469,1,9,0,18,0,1,1,0,0,0,1,1,6,3,-1,-1,1896,2,11,-1,-1,-1
201504ED15469,2,8,0,18,0,1,0,0,0,0,2,1,6,1,46,8,1753,2,7,-1,1,-1
201504ED15470,1,8,0,5,0,0,0,0,0,0,0,1,6,3,-1,-1,-1,-1,-1,-1,-1,-1
201504ED15471,1,9,0,4,0,8,0,0,0,0,4,1,2,1,56,9,2987,2,8,-1,1,-1
201504ED15472,1,9,0,4,0,0,1,0,0,0,1,1,2,2,39,7,1991,2,9,-1,1,-1
201504ED15472,2,9,0,4,0,0,0,0,0,0,2,1,6,2,23,5,1296,1,9,-1,1,-1
201504ED15473,1,1,0,18,0,8,2,0,7,0,1,1,6,1,41,7,-1,-1,-1,-1,1,-1
201504ED15473,2,9,0,9,0,5,0,0,0,0,3,1,6,1,30,6,-1,-1,-1,-1,1,-1
201504ED15474,1,9,0,18,0,0,0,0,0,0,1,1,6,1,31,6,1986,2,6,-1,-1,-1
201504ED15474,2,9,0,3,0,0,0,0,0,0,2,1,6,1,43,7,1398,1,4,-1,1,-1