Accident_Index,Vehicle_Reference,Vehicle_Type,Towing_and_Articulation,Vehicle_Manoeuvre,Vehicle_Location-Restricted_Lane,Junction_Location,Skidding_and_Overturning,Hit_Object_in_Carriageway,Vehicle_Leaving_Carriageway,Hit_Object_off_Carriageway,1st_Point_of_Impact,Was_Vehicle_Left_Hand_Drive?,Journey_Purpose_of_Driver,Sex_of_Driver,Age_of_Driver,Age_Band_of_Driver,Engine_Capacity_(CC),Propulsion_Code,Age_of_Vehicle,Driver_IMD_Decile,Driver_Home_Area_Type,Vehicle_IMD_Decile
201504EF15130,1,3,0,18,0,0,0,0,0,0,1,1,6,1,17,4,125,1,-1,-1,1,-1
201504EF15130,2,9,0,18,0,0,0,0,0,0,1,1,6,1,47,8,-1,3,1,-1,3,-1
201504EF15131,1,9,0,16,0,0,1,0,0,0,1,1,6,1,22,5,1997,1,11,-1,1,-1
201504EF15131,2,9,0,16,0,0,0,0,0,0,0,1,6,1,20,4,2496,1,9,-1,1,-1
201504EF15131,3,9,0,18,0,0,0,0,0,0,3,1,6,1,45,7,1598,1,8,-1,1,-1
201504EF15131,4,9,0,18,0,0,0,0,2,2,1,1,6,1,52,8,1598,1,8,-1,1,-1
201504EF15132,1,9,0,18,0,8,0,0,0,0,1,1,6,2,22,5,1360,1,8,-1,1,-1
201504EF15132,2,9,0,4,0,8,0,0,0,0,2,1,1,2,39,7,1968,2,2,-1,1,-1
201504EF15132,3,9,0,4,0,8,0,0,0,0,0,1,6,1,84,11,1598,1,2,-1,3,-1
201504EF15133,1,9,0,18,0,2,0,0,0,0,4,1,2,1,26,6,1360,1,9,-1,1,-1
201504EF15134,1,9,0,18,0,0,0,0,0,0,4,1,6,1,65,9,1984,2,4,-1,1,-1
201504EF15134,2,1,0,18,0,0,0,0,1,0,3,1,6,1,37,7,-1,-1,-1,-1,1,-1
201504EF15135,1,9,0,4,0,1,0,0,0,0,1,1,6,1,30,6,1341,1,10,-1,1,-1
201504EF15135,2,9,0,4,0,1,0,0,0,0,2,1,6,2,39,7,1328,1,10,-1,2,-1
201504EF15137,1,9,0,9,0,6,0,0,1,10,3,1,2,2,29,6,998,1,4,-1,1,-1
201504EF15137,2,19,0,2,0,1,0,0,0,0,0,1,6,1,33,6,2198,2,6,-1,1,-1
201504EF15137,3,2,0,13,0,1,0,0,0,0,1,1,2,2,60,9,49,1,2,-1,1,-1
201504EF15138,1,9,0,9,0,8,0,0,0,0,1,1,6,2,23,5,1390,1,14,-1,1,-1
201504EF15138,2,1,0,18,0,1,0,0,0,0,1,1,6,1,40,7,-1,-1,-1,-1,1,-1
201504EF15139,1,3,0,18,0,0,0,0,0,0,3,1,2,1,22,5,124,1,8,-1,1,-1
201504EF15140,1,9,0,5,0,1,0,0,0,0,3,1,6,1,31,6,1995,2,13,-1,1,-1
201504EF15140,2,9,0,18,0,1,0,0,0,0,4,1,6,2,44,7,1360,1,9,-1,1,-1
201504EF15141,1,9,0,4,0,0,0,0,0,0,1,1,1,1,36,7,2993,2,-1,-1,-1,-1
201504EF15141,2,9,0,2,0,0,0,8,0,0,1,1,6,1,23,5,1870,2,9,-1,1,-1
201504EF15141,3,9,0,2,0,0,0,0,0,0,4,1,1,1,43,7,2993,2,2,-1,-1,-1
201504EF15142,1,9,0,5,0,0,0,0,0,0,1,1,6,1,54,8,1995,2,10,-1,1,-1
201504EF15142,2,9,0,18,0,0,0,0,0,0,1,1,6,2,37,7,-1,-1,-1,-1,1,-1
201504EF15143,1,9,0,18,0,0,0,0,0,0,1,1,6,2,26,6,1229,1,4,-1,1,-1
201504EF15143,2,19,0,18,0,0,0,0,0,0,2,1,2,1,43,7,1598,2,1,-1,1,-1
201504EF15143,3,9,0,18,0,0,0,0,0,0,1,1,2,1,40,7,1686,2,5,-1,1,-1
201504EF15143,4,9,0,18,0,0,0,0,0,0,2,1,2,2,46,8,1582,2,3,-1,1,-1
201504EF15143,5,9,0,18,0,0,0,0,0,0,1,1,6,2,21,5,1995,1,5,-1,1,-1
201504EF15144,1,9,0,16,0,2,0,10,2,0,1,1,2,1,20,4,1596,1,4,-1,1,-1
201504EF15144,2,21,0,17,0,1,1,0,0,0,1,1,1,1,57,9,10518,2,7,-1,1,-1
201504EF15145,1,9,0,10,0,7,0,0,0,0,1,1,6,1,82,11,1388,1,6,-1,1,-1
201504EF15145,2,5,0,10,0,7,0,0,0,0,2,1,6,1,49,8,1100,1,19,-1,1,-1
201504EF15146,1,9,0,18,0,1,0,0,0,0,1,1,3,1,31,6,-1,-1,-1,-1,3,-1
201504EF15146,2,9,0,3,0,1,0,0,0,0,2,1,2,2,27,6,1600,1,3,-1,3,-1
201504EF15147,1,9,0,18,0,6,0,0,0,0,1,1,6,2,31,6,1598,1,15,-1,1,-1
201504EF15147,2,9,0,18,0,8,0,0,0,0,2,1,3,2,25,5,1240,1,9,-1,1,-1
201504EF15148,1,9,0,1,0,0,0,0,0,0,2,1,6,1,26,6,1956,2,1,-1,1,-1
201504EF15149,1,9,0,18,0,8,0,0,0,0,4,1,6,2,36,7,1999,1,8,-1,1,-1
201504EF15150,1,9,0,9,0,6,0,0,0,0,1,1,6,2,18,4,1242,1,7,-1,1,-1
201504EF15150,2,9,0,18,0,1,0,0,0,0,4,1,1,1,37,7,1598,2,4,-1,1,-1
201504EF15151,1,5,0,16,0,0,1,0,0,0,1,1,6,1,45,7,798,1,33,-1,2,-1
201504EF15151,2,9,0,17,0,0,0,0,0,0,1,1,6,1,27,6,2401,2,12,-1,1,-1
201504EF15152,1,9,0,1,0,0,0,0,3,10,2,1,6,1,54,8,1997,1,25,-1,1,-1
201504EF15153,1,9,0,18,0,4,0,0,0,0,1,1,1,1,42,7,1686,2,5,-1,1,-1
201504EF15153,2,9,0,18,0,4,0,0,0,0,4,1,6,1,22,5,1988,2,10,-1,1,-1
201504EF15154,1,9,0,9,0,8,0,0,0,0,1,1,6,1,71,10,1598,1,13,-1,1,-1
201504EF15154,2,3,0,18,0,8,0,0,0,0,1,1,6,1,29,6,125,1,1,-1,1,-1
201504EF15155,1,9,0,18,0,8,0,0,0,0,4,1,6,1,28,6,1149,1,5,-1,1,-1
201504EF15155,2,9,0,2,0,8,0,0,0,0,4,1,6,1,76,11,2401,2,10,-1,1,-1
201504EF15156,1,9,0,9,0,5,0,0,0,0,4,1,6,1,59,9,1499,2,-1,-1,1,-1
201504EF15156,2,9,0,18,0,8,0,0,0,0,1,1,6,2,42,7,1242,1,13,-1,1,-1
201504EF15157,1,2,0,13,0,8,0,0,0,0,1,1,6,1,16,4,-1,-1,-1,-1,1,-1
201504EF15157,2,9,0,9,0,8,0,0,0,0,3,1,6,2,20,4,998,1,15,-1,1,-1
201504EF15158,1,9,0,18,0,2,0,0,0,0,1,1,6,2,52,8,1197,1,2,-1,1,-1
201504EF15159,1,9,0,9,0,6,0,0,0,0,1,1,2,1,57,9,1910,2,10,-1,1,-1
201504EF15160,1,9,0,5,0,6,0,0,0,0,4,1,6,2,32,6,1997,2,4,-1,1,-1
201504EF15161,1,9,0,2,0,0,0,0,0,0,1,1,1,1,37,7,1248,2,4,-1,1,-1
201504EF15161,2,9,0,18,0,0,1,10,0,0,1,1,6,1,16,4,-1,-1,-1,-1,1,-1
201504EF15162,1,9,0,18,0,0,0,0,0,0,4,1,6,1,26,6,998,1,16,-1,1,-1
201504EF15163,1,9,0,17,0,8,2,0,7,10,1,1,6,1,24,5,1149,1,19,-1,1,-1
201504EF15164,1,9,0,9,0,1,0,0,0,0,3,1,1,1,47,8,1896,2,5,-1,1,-1
201504EF15164,2,5,0,18,0,1,1,0,0,0,1,1,6,1,57,9,1137,1,14,-1,1,-1
201504EF15165,1,9,0,18,0,0,0,0,0,0,3,1,2,2,27,6,1398,1,13,-1,1,-1
201504EF15166,1,9,0,18,0,0,0,0,0,0,1,1,1,1,51,8,2987,2,1,-1,1,-1
201504EF15166,2,9,0,3,0,0,0,0,0,0,2,1,1,1,48,8,1299,1,15,-1,1,-1
201504EF15167,1,20,0,1,0,0,0,0,0,0,2,1,1,1,59,9,-1,-1,-1,-1,1,-1
201504EF15168,1,9,0,3,0,4,0,0,0,0,1,1,6,3,-1,-1,973,1,14,-1,-1,-1
201504EF15168,2,9,0,3,0,4,0,0,0,0,2,1,6,1,75,10,1560,2,3,-1,1,-1
201504EF15169,1,9,0,12,0,8,0,0,0,0,1,1,2,2,25,5,1339,1,9,-1,1,-1
201504EF15169,2,9,0,12,0,8,0,0,0,0,2,1,2,2,24,5,1242,1,2,-1,1,-1
201504EF15170,1,9,0,18,0,0,0,0,0,0,1,1,2,1,54,8,1997,2,5,-1,1,-1
201504EF15170,2,9,0,4,0,0,0,0,0,0,2,1,2,1,56,9,-1,-1,-1,-1,-1,-1
201504EF15170,3,9,0,4,0,0,0,0,0,0,2,1,2,1,54,8,1364,1,5,-1,1,-1
201504EF15171,1,9,0,18,0,1,0,0,0,0,1,1,6,3,64,9,-1,-1,-1,-1,-1,-1
201504EF15172,1,9,0,5,0,1,0,0,0,0,1,1,6,2,27,6,1229,1,1,-1,3,-1
201504EF15172,2,9,0,7,0,1,0,0,0,0,1,1,6,2,72,10,1968,2,4,-1,1,-1
201504EF15173,1,19,0,7,0,1,0,0,0,0,1,1,1,1,33,6,2143,2,4,-1,1,-1
201504EF15173,2,1,0,18,0,8,0,0,0,0,3,1,6,1,17,4,-1,-1,-1,-1,1,-1
201504EF15174,1,4,0,17,0,0,0,0,0,2,1,1,6,3,-1,-1,-1,-1,-1,-1,-1,-1
201504EF15175,1,9,0,1,0,0,0,0,0,0,2,1,6,1,18,4,1198,1,5,-1,1,-1
201504EF15176,1,9,0,9,0,8,0,0,0,0,3,1,6,1,27,6,1229,1,9,-1,1,-1
201504EF15176,2,11,0,18,0,8,0,0,0,0,1,1,1,1,33,6,7300,2,12,-1,1,-1
201504EF15177,1,9,0,13,0,8,0,0,0,0,4,1,2,2,49,8,1984,1,6,-1,1,-1
201504EF15177,2,11,0,18,0,8,0,0,0,0,3,1,1,1,53,8,5883,2,13,-1,1,-1
201504EF15177,3,9,0,2,0,1,0,0,0,0,4,1,6,2,43,7,1753,2,13,-1,-1,-1
201504EF15177,4,11,0,2,0,1,0,0,0,0,3,1,1,1,63,9,9000,2,8,-1,1,-1
201504EF15177,5,9,0,2,0,1,0,0,0,0,4,1,6,2,28,6,1910,2,8,-1,-1,-1
201504EF15178,1,9,0,18,0,0,0,0,0,0,1,1,6,1,36,7,1329,1,5,-1,1,-1
201504EF15178,2,9,0,18,0,0,0,0,0,0,2,1,6,1,51,8,1299,1,10,-1,-1,-1
201504EF15179,1,19,0,17,0,0,0,0,0,0,3,1,6,1,44,7,1298,1,11,-1,1,-1
201504EF15179,2,9,0,17,0,0,0,0,0,0,1,1,6,2,56,9,1598,1,5,-1,1,-1
201504EF15180,1,9,0,7,0,2,0,0,1,10,1,1,6,2,24,5,1364,1,12,-1,1,-1
201504EF15181,1,9,0,9,0,1,0,0,0,0,1,1,6,1,40,7,4395,1,-1,-1,1,-1
201504EF15181,2,9,0,18,0,2,0,0,0,0,4,1,6,2,44,7,1560,2,5,-1,1,-1
201504EF15182,1,9,0,9,0,6,0,0,0,0,4,1,6,1,35,6,1360,1,10,-1,3,-1
201504EF15182,2,9,0,18,0,2,0,0,0,0,3,1,6,2,43,7,995,1,4,-1,1,-1
201504EF15183,1,9,0,18,0,1,0,0,0,0,1,1,6,1,74,10,2184,2,12,-1,1,-1
201504EF15184,1,21,1,7,0,3,0,0,0,0,1,1,1,1,30,6,10837,2,3,-1,1,-1
201504EF15184,2,9,0,7,0,3,0,0,0,0,4,1,6,1,47,8,1997,2,7,-1,1,-1
201504EF15185,1,9,0,2,0,8,0,0,0,0,2,1,6,2,31,6,2204,2,8,-1,1,-1
201504EF15185,2,9,0,5,0,8,0,0,0,0,1,1,6,2,27,6,1198,1,4,-1,1,-1
201504EF15186,1,9,0,9,0,6,0,0,0,0,3,1,1,1,36,7,-1,-1,-1,-1,1,-1
201504EF15186,2,9,0,18,0,1,0,0,0,0,1,1,2,1,25,5,1598,1,10,-1,1,-1
201504EF15187,1,9,0,17,0,4,0,0,0,0,1,1,6,1,85,11,1248,2,8,-1,1,-1
201504EF15187,2,9,0,16,0,4,0,0,0,0,1,1,6,1,31,6,2993,2,9,-1,-1,-1
201504EF15188,1,9,0,18,0,0,0,0,0,0,1,1,2,1,39,7,1896,2,13,-1,1,-1
201504EF15188,2,9,0,4,0,0,0,0,0,0,2,1,2,2,23,5,1299,1,15,-1,1,-1
201504EF15188,3,9,0,4,0,0,0,0,0,0,2,1,2,2,31,6,1397,1,5,-1,1,-1
201504EF15188,4,9,0,3,0,0,0,0,0,0,2,1,2,2,36,7,999,1,16,-1,1,-1
201504EF15189,1,9,0,4,0,1,0,10,0,0,1,1,1,1,36,7,1997,2,-1,-1,1,-1
201504EF15189,2,19,0,3,0,1,0,0,0,0,2,1,1,1,26,6,2402,2,5,-1,1,-1
201504EF15190,1,9,0,4,0,1,0,0,0,0,1,1,6,2,37,7,1600,1,4,-1,1,-1
201504EF15190,2,9,0,3,0,1,0,0,0,0,2,1,6,2,52,8,-1,-1,-1,-1,3,-1
201504EF15191,1,1,0,5,0,6,0,0,0,0,1,1,4,1,12,3,-1,-1,-1,-1,-1,-1
201504EF15191,2,9,0,18,0,1,0,0,0,0,2,1,1,1,47,8,1910,2,7,-1,1,-1
201504EF15192,1,9,0,18,0,1,0,0,0,0,4,1,6,2,40,7,1968,2,11,-1,1,-1
201504EF15192,2,1,0,18,4,1,0,0,0,0,3,1,6,1,35,6,-1,-1,-1,-1,-1,-1
201504EF15193,1,9,0,3,0,2,0,0,0,0,1,1,6,1,33,6,1686,2,2,-1,-1,-1
201504EF15193,2,9,0,18,0,2,0,0,0,0,2,1,6,1,25,5,2000,2,10,-1,-1,-1
201504EF15194,1,9,0,18,0,1,0,0,0,0,1,1,2,2,36,7,1560,2,2,-1,1,-1
201504EF15194,2,9,0,18,0,2,0,0,0,0,1,1,6,2,22,5,1490,1,9,-1,1,-1
201504EF15195,1,9,0,18,0,0,0,0,0,0,4,1,2,1,27,6,1399,2,5,-1,3,-1
201504EF15196,1,8,0,4,0,1,0,0,0,0,1,1,6,3,64,9,-1,-1,-1,-1,-1,-1
201504EF15196,2,1,0,18,0,2,0,0,0,0,1,1,4,1,10,2,-1,-1,-1,-1,1,-1
201504EF15197,1,9,0,18,0,0,0,4,0,0,1,1,6,2,34,6,2300,1,18,-1,1,-1
201504EF15197,2,9,0,2,0,0,0,0,0,0,1,1,6,3,-1,-1,-1,-1,-1,-1,-1,-1
201504EF15198,1,21,0,13,0,0,5,0,0,0,1,1,6,1,62,9,8970,2,17,-1,2,-1
201504EF15198,2,19,0,9,0,0,0,0,0,0,3,1,6,1,54,8,2402,2,11,-1,1,-1
201504EF15199,1,90,0,18,0,0,0,0,0,0,1,1,6,1,43,7,-1,-1,-1,-1,1,-1
201504EF15200,1,9,0,17,0,0,0,0,0,0,1,1,6,1,29,6,1229,1,6,-1,1,-1
201504EF15200,2,9,0,16,0,0,0,0,1,0,1,1,6,1,69,10,1798,1,5,-1,1,-1
201504EF15201,1,9,0,7,0,8,0,0,0,0,1,1,6,1,58,9,1968,2,3,-1,1,-1
201504EF15201,2,9,0,18,0,8,0,0,0,0,1,1,1,2,49,8,1399,2,12,-1,1,-1
201504EF15202,1,19,0,18,0,0,0,4,0,0,1,1,6,1,36,7,1998,2,11,-1,1,-1
201504EF15202,2,9,0,2,0,0,0,4,0,0,1,1,6,1,52,8,1587,1,12,-1,1,-1
201504EF15202,3,9,0,2,0,0,0,4,0,0,2,1,6,2,68,10,1598,1,3,-1,3,-1
201504EF15203,1,9,0,4,0,0,1,0,0,0,1,1,6,3,-1,-1,1956,2,6,-1,-1,-1
201504EF15203,2,9,0,18,0,0,0,0,0,0,2,1,6,1,36,7,1910,2,7,-1,1,-1
201504EF15204,1,3,0,18,9,0,0,0,1,2,1,1,6,1,18,4,125,1,-1,-1,3,-1
201504EF15205,1,9,0,18,0,8,0,0,7,0,1,1,6,1,77,11,1999,1,10,-1,2,-1
201504EF15205,2,9,0,9,0,8,0,0,0,0,4,1,6,1,32,6,1997,2,10,-1,1,-1
201504EF15205,3,9,0,18,0,1,0,0,0,0,3,1,6,2,25,5,1198,1,2,-1,1,-1
201504EF15206,1,9,0,7,0,1,0,0,0,0,3,1,6,2,67,10,1596,1,4,-1,1,-1
201504EF15206,2,1,0,5,0,1,0,0,0,0,1,1,6,1,50,8,-1,-1,-1,-1,1,-1
201504EF15207,1,11,0,4,0,1,0,0,0,0,1,1,1,1,50,8,7300,2,8,-1,1,-1
201504EF15207,2,9,0,9,0,2,0,0,0,0,1,1,2,2,26,6,1598,2,2,-1,1,-1
201504EF15208,1,9,0,18,0,1,0,0,0,0,2,1,6,1,29,6,1598,1,6,-1,1,-1
201504EF15208,2,9,0,18,0,1,0,0,0,0,1,1,6,2,26,6,1242,1,9,-1,1,-1
201504EF15209,1,3,0,13,0,8,1,0,0,0,1,1,6,1,20,4,124,1,4,-1,1,-1
201504EF15209,2,9,5,18,0,8,1,0,0,0,1,1,6,1,60,9,2495,2,19,-1,1,-1
201504EF15210,1,9,0,7,0,5,0,0,0,0,1,1,2,2,37,7,1596,1,10,-1,1,-1
201504EF15210,2,1,0,18,0,8,0,0,0,0,1,1,6,2,42,7,-1,-1,-1,-1,1,-1
201504EF15211,1,9,0,9,0,6,0,0,0,0,3,1,6,2,38,7,998,1,7,-1,1,-1
201504EF15211,2,1,0,18,0,8,0,0,0,0,1,1,6,1,29,6,-1,-1,-1,-1,1,-1
201504EF15212,1,9,0,17,0,0,1,0,7,9,1,1,6,1,26,6,2993,2,-1,-1,1,-1
201504EF15213,1,9,0,3,0,2,0,11,0,0,1,1,6,1,18,4,1242,1,9,-1,1,-1
201504EF15213,2,9,0,3,0,1,0,11,0,0,2,1,1,1,66,10,1896,2,7,-1,-1,-1
201504EF15214,1,9,0,9,0,6,0,0,0,0,3,1,6,1,43,7,1582,2,1,-1,1,-1
201504EF15214,2,5,0,18,0,8,0,0,0,0,1,1,6,1,58,9,649,1,8,-1,1,-1
201504EF15215,1,9,0,18,0,0,0,0,0,0,1,1,6,2,24,5,1349,1,4,-1,1,-1
201504EF15215,2,9,0,18,0,0,0,0,0,0,2,1,6,2,22,5,1149,1,2,-1,1,-1
201504EF15216,1,9,0,18,0,0,0,10,2,10,2,1,6,2,28,6,1997,2,12,-1,3,-1
201504EF15218,1,9,0,18,0,1,0,0,0,0,1,1,6,1,64,9,1910,2,7,-1,1,-1
201504EF15219,1,9,0,18,0,1,0,0,0,0,2,1,6,2,29,6,1364,1,1,-1,3,-1
201504EF15219,2,9,0,18,0,1,0,0,0,0,1,1,6,2,37,7,1560,2,-1,-1,1,-1
201504EF15220,1,90,0,18,0,0,0,0,0,0,0,1,1,1,37,7,-1,-1,-1,-1,1,-1
201504EF15221,1,9,0,17,0,8,1,0,0,0,4,1,6,1,26,6,1149,1,12,-1,1,-1
201504EF15221,2,9,0,18,0,8,0,0,0,0,1,1,6,1,56,9,1870,2,8,-1,2,-1
201504EF15222,1,9,0,18,0,0,0,0,0,0,1,1,2,2,40,7,1329,1,3,-1,1,-1
201504EF15222,2,9,0,18,0,0,0,0,0,0,1,1,2,2,41,7,1461,2,-1,-1,1,-1
201504EF15222,3,9,0,18,0,0,0,0,0,0,2,1,2,2,52,8,-1,-1,-1,-1,1,-1
201504EF15223,1,8,0,9,0,8,0,0,0,0,4,1,1,1,43,7,1910,2,7,-1,1,-1
201504EF15224,1,9,0,7,0,1,0,0,0,0,1,1,6,1,33,6,1086,1,11,-1,1,-1
201504EF15224,2,9,0,9,0,1,0,0,0,0,3,1,6,1,24,5,3999,1,3,-1,1,-1
201504EF15225,1,9,0,11,0,0,0,0,0,0,4,1,6,1,21,5,1364,1,8,-1,1,-1
201504EF15225,2,9,0,18,0,0,0,0,0,0,3,1,6,1,69,10,1995,2,1,-1,1,-1
201504EF15226,1,9,0,11,0,0,0,0,0,4,4,1,6,1,88,11,1388,1,6,-1,1,-1
201504EF15226,2,9,0,18,0,0,0,0,0,0,3,1,6,1,29,6,2000,2,10,-1,1,-1
201504EF15227,1,9,0,1,0,0,0,0,0,0,2,1,6,2,58,9,1149,1,14,-1,1,-1
201504EF15228,1,9,0,11,0,0,0,0,1,0,1,1,6,1,40,7,1598,1,5,-1,-1,-1
201504EF15228,2,9,0,18,0,0,0,0,0,0,1,1,6,1,34,6,1896,2,11,-1,-1,-1
201504EF15229,1,9,0,5,0,3,0,0,0,0,1,1,2,2,27,6,998,1,10,-1,1,-1
201504EF15229,2,21,0,9,0,3,0,0,0,0,4,1,1,1,56,9,12900,2,5,-1,1,-1
201504EF15230,1,9,0,18,0,0,0,0,0,0,3,1,6,3,-1,-1,-1,-1,-1,-1,-1,-1
201504EF15230,2,3,0,18,0,0,0,0,1,10,3,1,6,1,17,4,124,1,11,-1,1,-1
201504EF15230,3,3,0,18,0,0,0,0,1,10,3,1,6,1,18,4,124,1,9,-1,1,-1
201504EF15231,1,9,0,18,0,4,0,0,0,0,1,1,6,1,33,6,998,1,7,-1,-1,-1
201504EF15231,2,2,0,9,0,3,0,0,0,0,4,1,6,2,23,5,49,1,10,-1,1,-1
201504EF15232,1,9,0,1,0,0,0,0,0,0,2,1,6,1,50,8,1796,1,11,-1,1,-1
201504EF15233,1,9,0,5,0,1,0,0,0,0,1,1,6,1,35,6,1910,2,9,-1,1,-1
201504EF15233,2,9,0,4,0,1,0,0,0,0,1,1,6,1,35,6,1986,2,8,-1,1,-1
201504EF15234,1,9,0,17,0,0,1,0,7,1,2,1,6,1,20,4,1995,2,10,-1,1,-1
201504EF15235,1,9,0,7,0,1,0,0,0,0,4,1,1,2,35,6,2148,2,7,-1,1,-1
201504EF15235,2,1,0,18,4,1,0,0,0,0,1,1,1,1,24,5,-1,-1,-1,-1,-1,-1
201504EF15236,1,19,0,18,0,0,0,0,0,0,4,1,1,1,26,6,2402,2,7,-1,1,-1
201504EF15237,1,19,0,14,0,1,1,10,0,0,3,1,6,1,34,6,2151,2,11,-1,-1,-1
201504EF15237,2,5,0,18,0,2,1,10,1,0,3,1,6,1,54,8,849,1,15,-1,1,-1
201504EF15238,1,9,0,18,0,0,1,0,0,0,1,1,1,1,26,6,-1,-1,-1,-1,1,-1
201504EF15238,2,9,0,4,0,0,0,0,0,0,1,1,6,2,30,6,1995,2,1,-1,1,-1
201504EF15239,1,9,0,18,0,0,0,0,0,0,1,1,6,1,44,7,1896,2,6,-1,-1,-1
201504EF15239,2,9,0,3,0,0,0,0,0,10,2,1,6,1,33,6,-1,-1,-1,-1,2,-1
201504EF15240,1,1,0,9,0,6,0,0,0,0,4,1,6,1,9,2,-1,-1,-1,-1,1,-1
201504EF15240,2,9,0,18,0,1,1,0,0,0,1,1,6,1,34,6,1686,2,13,-1,1,-1
201504EF15240,3,9,0,2,9,1,0,0,0,0,0,1,6,1,51,8,1598,1,10,-1,1,-1
201504EF15241,1,9,0,11,0,0,0,0,0,0,0,1,2,1,45,7,2148,2,6,-1,1,-1
201504EF15241,2,21,1,18,0,0,0,0,0,0,2,1,1,1,53,8,10837,2,6,-1,-1,-1
201504EF15241,3,21,1,18,0,0,0,0,0,0,1,1,1,1,48,8,-1,2,1,-1,1,-1
201504EF15241,4,21,1,18,0,0,0,0,0,0,2,1,1,1,28,6,12777,2,-1,-1,3,-1
201504EF15241,5,21,1,18,0,0,0,0,0,0,1,1,1,1,42,7,11705,2,8,-1,1,-1
201504EF15242,1,9,0,9,0,8,0,0,0,0,3,1,2,1,43,7,-1,-1,-1,-1,1,-1
201504EF15242,2,9,0,18,0,8,0,0,0,0,1,1,2,1,30,6,1587,1,14,-1,1,-1
201504EF15243,1,9,0,9,0,6,0,0,0,0,0,1,6,1,61,9,2987,2,8,-1,1,-1
201504EF15243,2,11,0,18,0,1,0,0,0,0,0,1,1,1,56,9,9600,2,14,-1,1,-1
201504EF15244,1,9,0,5,0,6,0,0,0,0,3,1,6,2,22,5,1390,1,4,-1,1,-1
201504EF15244,2,9,0,4,0,1,0,0,0,0,4,1,6,2,55,8,1596,1,3,-1,1,-1
201504EF15245,1,19,0,5,0,6,0,0,7,0,3,1,1,1,29,6,2198,2,-1,-1,1,-1
201504EF15245,2,19,0,18,0,8,0,0,7,0,1,1,1,1,32,6,1753,2,2,-1,1,-1
201504EF15246,1,9,0,13,0,1,0,0,7,10,4,1,6,2,23,5,1248,2,10,-1,1,-1
201504EF15246,2,17,5,9,0,5,0,0,0,0,3,1,1,1,63,9,-1,2,22,-1,3,-1
201504EF15247,1,9,0,9,0,5,0,0,0,0,4,1,6,1,20,4,1390,1,10,-1,1,-1
201504EF15247,2,9,0,18,0,8,0,0,0,0,1,1,6,2,60,9,995,1,8,-1,1,-1
201504EF15248,1,11,0,5,0,2,0,0,0,0,0,1,1,1,61,9,7300,2,8,-1,1,-1
201504EF15248,2,9,0,18,0,1,0,0,0,0,0,1,6,3,-1,-1,-1,-1,-1,-1,-1,-1
201504EF15249,1,3,0,16,0,0,1,0,0,0,0,1,6,1,50,8,124,1,6,-1,1,-1
201504EF15249,2,9,0,17,0,0,0,0,0,0,0,1,6,2,44,7,1598,2,-1,-1,1,-1
201504EF15250,1,9,0,8,0,1,0,0,0,0,0,1,6,1,25,5,1968,2,10,-1,-1,-1
201504EF15250,2,1,0,18,0,1,5,0,0,0,0,1,6,2,51,8,-1,-1,-1,-1,2,-1
201504EF15251,1,9,0,9,0,8,0,0,0,0,1,1,6,1,30,6,1364,1,5,-1,1,-1
201504EF15251,2,8,0,18,0,8,0,0,0,0,1,1,1,1,64,9,-1,-1,-1,-1,1,-1
201504EF15252,1,11,0,18,0,0,0,0,0,0,1,1,1,3,-1,-1,-1,-1,-1,-1,-1,-1
201504EF15253,1,8,0,12,0,1,0,0,4,6,1,1,1,1,40,7,1896,2,8,-1,1,-1
201504EF15254,1,9,0,3,0,2,0,0,0,0,2,1,1,1,58,9,1910,2,8,-1,1,-1
201504EF15254,2,9,0,5,0,2,0,0,0,0,1,1,6,1,18,4,-1,-1,-1,-1,1,-1
201504EF15257,1,9,0,18,0,2,0,0,0,0,1,1,6,1,52,8,1598,1,15,-1,1,-1
201504EF15257,2,11,0,18,0,1,1,0,0,0,1,1,1,1,25,5,7300,2,8,-1,1,-1
201504EF15258,1,9,0,18,0,8,0,0,0,0,4,1,6,2,34,6,1796,1,10,-1,1,-1
201504EF15259,1,9,0,7,0,4,0,0,0,0,1,1,1,2,34,6,1398,1,4,-1,3,-1
201504EF15259,2,1,0,18,0,8,0,0,0,0,4,1,6,1,61,9,-1,-1,-1,-1,1,-1
201504EF15260,1,3,0,13,0,1,0,0,0,0,1,1,6,1,20,4,124,1,4,-1,1,-1
201504EF15260,2,8,0,6,0,1,0,0,0,0,3,1,1,1,38,7,1896,2,7,-1,1,-1
201504EF15261,1,9,0,18,0,1,0,0,0,0,1,1,6,3,-1,-1,-1,-1,-1,-1,-1,-1
201504EF15261,2,9,0,18,0,1,0,0,0,0,2,1,6,1,32,6,1396,1,12,-1,1,-1
201504EF15262,1,1,0,18,0,1,0,0,0,0,0,1,6,1,50,8,-1,-1,-1,-1,1,-1
201504EF15263,1,9,0,18,0,1,0,0,0,0,1,1,6,1,70,10,1598,1,15,-1,1,-1
201504EF15263,2,9,0,2,0,1,0,0,0,0,1,1,6,1,44,7,1968,2,1,-1,2,-1
201504EF15263,3,9,0,2,0,1,0,0,0,0,1,1,6,1,51,8,1598,1,5,-1,1,-1
201504EF15264,1,9,0,7,0,8,0,0,0,0,3,1,6,2,23,5,998,1,3,-1,1,-1
201504EF15264,2,9,0,18,0,8,0,0,0,0,4,1,6,2,73,10,1198,1,3,-1,-1,-1
201504EF15265,1,1,0,4,9,6,0,0,0,0,0,1,6,1,41,7,-1,-1,-1,-1,1,-1