Accident_Index,Vehicle_Reference,Vehicle_Type,Towing_and_Articulation,Vehicle_Manoeuvre,Vehicle_Location-Restricted_Lane,Junction_Location,Skidding_and_Overturning,Hit_Object_in_Carriageway,Vehicle_Leaving_Carriageway,Hit_Object_off_Carriageway,1st_Point_of_Impact,Was_Vehicle_Left_Hand_Drive?,Journey_Purpose_of_Driver,Sex_of_Driver,Age_of_Driver,Age_Band_of_Driver,Engine_Capacity_(CC),Propulsion_Code,Age_of_Vehicle,Driver_IMD_Decile,Driver_Home_Area_Type,Vehicle_IMD_Decile
201504EF15265,2,9,0,7,0,5,0,0,0,0,0,1,1,1,48,8,-1,-1,-1,-1,1,-1
201504EF15266,1,9,0,18,0,4,0,0,0,0,1,1,6,1,22,5,1328,1,4,-1,1,-1
201504EF15266,2,1,0,17,0,3,0,0,0,0,2,1,6,1,41,7,-1,-1,-1,-1,1,-1
201504EF15267,1,9,0,17,0,0,0,0,0,0,2,1,6,1,65,9,1248,2,7,-1,3,-1
201504EF15267,2,1,0,18,0,0,0,0,0,0,2,1,6,1,22,5,-1,-1,-1,-1,1,-1
201504EF15268,1,1,0,9,0,4,0,0,0,0,1,1,6,1,78,11,-1,-1,-1,-1,-1,-1
201504EF15268,2,9,0,7,0,4,0,0,0,0,1,1,6,2,48,8,1686,2,8,-1,3,-1
201504EF15269,1,9,0,13,0,0,2,0,1,10,1,1,1,1,49,8,1796,1,8,-1,1,-1
201504EF15270,1,9,0,14,0,1,1,0,0,0,3,1,2,1,30,6,1796,1,15,-1,1,-1
201504EF15271,1,9,0,4,0,1,0,0,0,0,0,1,6,1,22,5,1229,1,-1,-1,-1,-1
201504EF15271,2,1,0,18,0,1,0,0,0,0,1,1,6,1,11,3,-1,-1,-1,-1,-1,-1
201504EF15272,1,3,0,18,0,0,1,0,0,0,4,1,6,1,51,8,123,1,31,-1,1,-1
201504EF15273,1,9,0,16,0,0,2,0,8,10,1,1,6,3,-1,-1,2793,1,17,-1,-1,-1
201504EF15274,1,9,0,13,0,0,1,0,1,3,1,1,2,1,19,4,1968,2,4,-1,1,-1
201504EF15274,2,9,0,13,0,0,0,0,0,0,0,1,6,1,22,5,1896,2,13,-1,1,-1
201504EF15274,3,8,0,5,0,0,0,0,0,0,0,1,6,1,29,6,998,1,1,-1,1,-1
201504EF15274,4,9,0,18,0,0,0,0,0,0,0,1,6,1,32,6,1199,1,13,-1,2,-1
201504EF15275,1,9,0,10,0,0,0,0,7,0,3,1,6,1,44,7,1968,2,7,-1,1,-1
201504EF15275,2,9,0,14,0,0,0,0,7,0,1,1,2,1,22,5,2000,2,4,-1,1,-1
201504EF15276,1,9,0,18,0,4,0,0,0,0,1,1,6,1,26,6,1991,1,1,-1,-1,-1
201504EF15276,2,9,0,6,0,3,0,0,0,0,3,1,6,2,26,6,1598,1,8,-1,1,-1
201504EF15277,1,9,0,9,0,6,0,0,0,0,1,1,6,2,37,7,1596,1,13,-1,-1,-1
201504EF15277,2,9,0,18,0,8,0,0,0,0,3,1,6,2,34,6,1242,1,-1,-1,1,-1
201504EF15278,1,9,0,9,0,6,0,0,0,0,1,1,1,1,50,8,2148,2,7,-1,1,-1
201504EF15278,2,1,0,13,0,8,0,0,0,1,1,1,1,1,31,6,-1,-1,-1,-1,1,-1
201504EF15279,1,1,0,18,9,8,0,0,0,0,4,1,1,2,48,8,-1,-1,-1,-1,1,-1
201504EF15279,2,9,0,9,0,5,0,0,0,0,4,1,1,2,33,6,1390,2,10,-1,1,-1
201504EF15280,1,9,0,9,0,8,0,0,0,0,1,1,6,1,31,6,1984,1,13,-1,1,-1
201504EF15280,2,9,0,2,0,2,0,0,0,0,0,1,6,3,-1,-1,1398,2,13,-1,-1,-1
201504EF15280,3,1,0,18,0,8,0,0,0,0,1,1,6,2,4,1,-1,-1,-1,-1,3,-1
201504EF15281,1,9,0,18,0,2,0,0,0,0,3,1,2,2,28,6,1968,2,5,-1,-1,-1
201504EF15282,1,9,0,18,0,0,0,0,0,0,1,1,6,1,20,4,1560,2,8,-1,-1,-1
201504EF15283,1,11,0,18,0,0,0,0,0,0,1,1,3,1,66,10,9600,2,20,-1,1,-1
201504EF15284,1,9,0,18,0,0,0,0,0,0,0,1,6,3,-1,-1,-1,-1,-1,-1,-1,-1
201504EF15284,2,9,0,18,0,0,0,10,7,10,1,1,6,1,21,5,1761,1,14,-1,1,-1
201504EF15284,3,9,0,2,6,0,0,0,0,0,1,1,6,3,-1,-1,1995,2,7,-1,-1,-1
201504EF15285,1,9,0,18,0,0,5,0,0,0,1,1,6,2,71,10,1560,2,5,-1,1,-1
201504EF15285,2,9,0,2,0,0,0,0,0,0,2,1,6,3,-1,-1,1242,1,8,-1,-1,-1
201504EF15285,3,9,0,2,0,0,0,0,0,0,2,1,6,3,-1,-1,-1,-1,-1,-1,-1,-1
201504EF15285,4,9,0,2,0,0,0,0,0,0,1,1,6,3,-1,-1,1242,1,8,-1,-1,-1
201504EF15285,5,11,0,18,0,0,0,0,0,0,1,1,1,1,56,9,7300,2,10,-1,1,-1
201504EF15286,1,9,0,9,0,1,0,0,3,10,1,1,2,2,39,7,1296,1,8,-1,1,-1
201504EF15287,1,8,0,9,0,8,0,0,1,10,4,1,1,1,46,8,1910,2,7,-1,1,-1
201504EF15287,2,9,0,9,0,8,0,0,0,0,1,1,6,2,61,9,-1,-1,-1,-1,1,-1
201504EF15288,1,9,0,18,0,6,0,0,0,0,1,1,6,1,50,8,1984,1,2,-1,3,-1
201504EF15288,2,3,0,18,0,1,0,0,0,0,1,1,6,1,30,6,125,1,8,-1,1,-1
201504EF15289,1,9,0,11,0,3,0,0,0,0,4,1,1,1,25,5,1560,2,-1,-1,2,-1
201504EF15289,2,9,0,15,0,3,0,0,0,0,1,1,6,2,47,8,1242,1,2,-1,1,-1
201504EF15290,1,9,0,14,0,0,1,4,0,0,1,1,6,1,20,4,1995,2,2,-1,1,-1
201504EF15290,2,9,0,2,0,0,0,0,0,0,3,1,6,1,68,10,998,1,8,-1,1,-1
201504EF15290,3,9,0,2,0,0,0,0,0,0,2,1,6,1,56,9,1582,2,1,-1,1,-1
201504EF15290,4,9,0,2,0,0,0,0,0,0,2,1,6,2,59,9,1596,1,3,-1,1,-1
201504EF15291,1,9,0,9,0,8,0,0,0,0,4,1,6,3,-1,-1,-1,-1,-1,-1,-1,-1
201504EF15291,2,3,0,18,0,8,0,0,0,0,1,1,6,1,15,3,124,1,8,-1,1,-1
201504EF15292,1,9,0,18,0,8,0,0,0,0,4,1,6,2,37,7,1995,2,10,-1,1,-1
201504EF15293,1,9,0,18,0,2,0,4,0,0,4,1,3,2,31,6,998,1,2,-1,1,-1
201504EF15293,2,9,0,2,0,2,0,0,0,0,3,1,6,3,-1,-1,1799,1,8,-1,-1,-1
201504EF15293,3,9,0,18,0,1,0,0,0,0,3,1,1,2,24,5,1599,1,11,-1,1,-1
201504EF15294,1,9,0,3,0,1,0,0,0,0,1,1,6,1,35,6,1997,2,5,-1,1,-1
201504EF15294,2,9,0,3,0,1,0,0,0,0,1,1,6,2,47,8,-1,-1,-1,-1,1,-1
201504EF15296,1,9,0,9,0,8,0,0,0,0,3,1,2,1,24,5,1968,2,6,-1,1,-1
201504EF15296,2,1,0,18,0,1,0,0,0,0,1,1,2,1,22,5,-1,-1,-1,-1,1,-1
201504EF15297,1,9,0,18,0,0,0,0,0,0,4,1,6,2,27,6,1242,1,12,-1,1,-1
201504EF15297,2,21,1,12,0,0,0,0,0,0,3,1,1,1,57,9,16120,2,-1,-1,-1,-1
201504EF15298,1,8,0,18,0,0,0,0,5,0,3,1,1,1,44,7,1896,2,5,-1,1,-1
201504EF15299,1,9,0,3,0,0,0,0,0,0,1,1,6,1,41,7,1248,2,2,-1,3,-1
201504EF15299,2,9,0,3,0,0,0,0,0,0,2,1,6,2,55,8,1229,1,8,-1,1,-1
201504EF15300,1,9,0,9,0,1,0,0,0,0,1,1,1,1,65,9,1896,2,6,-1,1,-1
201504EF15300,2,9,0,18,0,1,1,0,0,0,1,1,2,2,29,6,1598,1,5,-1,-1,-1
201504EF15301,1,3,0,4,0,1,2,0,7,0,1,1,6,1,17,4,125,1,8,-1,1,-1
201504EF15301,2,9,0,2,0,1,0,0,0,0,4,1,6,3,-1,-1,1360,1,4,-1,-1,-1
201504EF15302,1,9,0,18,0,0,0,0,0,0,0,1,6,3,64,9,-1,-1,-1,-1,-1,-1
201504EF15303,1,9,0,18,0,0,0,0,0,0,1,1,6,3,-1,-1,-1,-1,-1,-1,-1,-1
201504EF15303,2,1,0,7,0,0,0,0,0,0,1,1,6,1,9,2,-1,-1,-1,-1,1,-1
201504EF15304,1,9,0,9,0,1,0,0,0,0,1,1,6,3,-1,-1,1753,2,9,-1,-1,-1
201504EF15304,2,9,0,18,0,1,0,0,0,0,1,1,1,1,32,6,1995,2,3,-1,1,-1
201504EF15305,1,19,0,18,0,0,0,0,0,0,1,1,6,1,28,6,1998,2,13,-1,1,-1
201504EF15305,2,9,0,18,0,0,0,0,0,0,2,1,6,1,67,10,1461,2,5,-1,1,-1
201504EF15305,3,9,0,18,0,0,0,0,0,0,2,1,6,1,26,6,1497,1,15,-1,1,-1
201504EF15306,1,9,0,18,0,0,0,0,0,0,0,1,6,1,38,7,1597,2,2,-1,1,-1
201504EF15307,1,9,0,18,0,1,1,0,0,10,1,1,6,3,-1,-1,-1,-1,-1,-1,-1,-1
201504EF15307,2,9,0,18,0,1,1,0,0,0,3,1,6,2,34,6,-1,-1,-1,-1,1,-1
201504EF15308,1,9,0,9,0,6,0,0,0,0,4,1,6,1,49,8,1598,1,13,-1,1,-1
201504EF15309,1,9,0,3,0,1,0,0,0,0,2,1,6,1,67,10,2198,2,3,-1,1,-1
201504EF15309,2,9,0,18,0,1,0,0,0,0,1,1,6,3,44,7,1995,2,2,-1,1,-1
201504EF15310,1,9,0,18,0,8,0,0,0,0,3,1,6,1,67,10,1686,2,2,-1,1,-1
201504EF15311,1,9,0,12,0,0,1,0,2,7,1,1,1,1,24,5,1686,2,8,-1,1,-1
201504EF15311,2,9,0,18,0,0,0,0,0,0,4,1,2,1,47,8,1598,2,3,-1,1,-1
201504EF15312,1,9,0,18,0,0,0,0,0,0,1,1,6,1,31,6,998,1,4,-1,3,-1
201504EF15312,2,5,0,18,0,0,5,0,0,0,1,1,2,1,34,6,600,1,3,-1,3,-1
201504EF15313,1,9,0,2,0,0,0,0,0,0,2,1,6,2,38,7,1242,1,-1,-1,-1,-1
201504EF15313,2,9,0,15,0,0,0,0,0,0,2,1,6,3,-1,-1,1198,1,3,-1,-1,-1
201504EF15314,1,9,0,2,6,0,0,0,0,0,0,1,6,1,70,10,1995,2,-1,-1,1,-1
201504EF15315,1,9,0,18,0,0,0,10,0,0,1,1,6,2,77,11,1398,2,9,-1,-1,-1
201504EF15315,2,9,0,2,0,0,0,0,0,0,2,1,6,3,-1,-1,998,1,6,-1,-1,-1
201504EF15316,1,9,0,16,0,0,0,0,0,0,3,1,6,2,30,6,1968,2,10,-1,1,-1
201504EF15316,2,9,0,17,0,0,0,0,0,0,3,1,6,2,48,8,1289,1,23,-1,1,-1
201504EF15317,1,9,0,18,0,1,0,0,0,0,1,1,1,1,66,10,2987,2,7,-1,2,-1
201504EF15317,2,9,0,3,0,1,0,0,0,0,2,1,1,3,-1,-1,2143,2,3,-1,-1,-1
201504EF15318,1,9,0,1,0,1,0,0,0,0,2,1,6,1,24,5,1149,1,8,-1,1,-1
201504EF15319,1,9,0,18,0,2,0,0,0,0,1,1,6,2,20,4,1240,1,10,-1,1,-1
201504EF15319,2,9,0,3,0,2,0,10,1,4,2,1,6,2,29,6,1229,1,1,-1,1,-1
201504EF15319,3,9,0,3,0,2,0,0,0,0,2,1,6,2,31,6,1598,1,8,-1,1,-1
201504EF15320,1,9,0,18,0,8,0,0,0,0,1,1,6,3,-1,-1,-1,-1,-1,-1,-1,-1
201504EF15321,1,10,0,18,0,0,0,0,0,0,0,1,1,2,54,8,2287,2,7,-1,1,-1
201504EF15322,1,9,0,9,0,8,0,0,0,0,1,1,6,2,43,7,1149,1,7,-1,1,-1
201504EF15322,2,9,0,18,0,8,0,7,0,0,3,1,6,1,37,7,2993,2,11,-1,1,-1
201504EF15323,1,9,0,9,0,8,0,0,0,0,3,1,6,1,24,5,1968,2,9,-1,1,-1
201504EF15323,2,8,0,18,0,8,0,0,0,0,1,1,1,1,29,6,1896,2,7,-1,1,-1
201504EF15324,1,9,0,17,0,0,0,10,7,4,1,1,6,1,21,5,1242,1,1,-1,1,-1
201504EF15325,1,9,0,1,0,8,0,0,0,0,2,1,6,2,33,6,1968,2,1,-1,1,-1
201504EF15326,1,9,0,18,0,0,0,0,0,0,1,1,6,2,42,7,1124,1,11,-1,1,-1
201504EF15326,2,9,0,2,0,0,0,0,0,0,4,1,6,3,-1,-1,2143,2,3,-1,-1,-1
201504EF15327,1,9,0,18,0,0,0,0,0,0,1,1,6,1,22,5,1299,1,12,-1,1,-1
201504EF15327,2,9,0,18,0,0,0,0,0,0,2,1,6,1,56,9,1896,2,8,-1,1,-1
201504EF15327,3,90,0,18,0,0,0,0,0,0,2,1,6,1,50,8,-1,-1,-1,-1,1,-1
201504EF15328,1,9,0,18,0,0,0,4,0,0,3,1,2,1,27,6,1598,1,4,-1,1,-1
201504EF15328,2,9,0,2,0,0,0,0,0,0,0,1,6,3,-1,-1,-1,-1,-1,-1,-1,-1
201504EF15329,1,9,0,5,0,0,0,0,0,0,1,1,6,2,59,9,1560,2,3,-1,1,-1
201504EF15329,2,5,0,18,0,0,5,0,0,0,1,1,6,1,30,6,599,1,10,-1,1,-1
201504EF15330,1,9,0,18,0,0,1,0,5,0,1,1,6,1,20,4,1998,2,9,-1,1,-1
201504EF15330,2,9,0,18,0,0,0,0,0,0,0,1,1,1,40,7,1560,2,1,-1,-1,-1
201504EF15330,3,8,0,18,0,0,0,4,0,0,1,1,1,1,48,8,2402,2,10,-1,-1,-1
201504EF15330,4,9,0,2,0,0,0,0,0,0,3,1,6,2,-1,-1,1329,1,1,-1,-1,-1
201504EF15331,1,9,0,18,0,1,0,0,0,0,1,1,1,2,21,5,1560,2,7,-1,1,-1
201504EF15331,2,9,0,9,0,1,0,0,0,0,2,1,1,2,49,8,1968,2,6,-1,3,-1
201504EF15332,1,9,0,9,0,8,0,0,0,0,1,1,6,1,50,8,1560,2,3,-1,1,-1
201504EF15332,2,9,0,18,0,8,0,10,1,0,4,1,6,1,27,6,1396,1,13,-1,1,-1
201504EF15333,1,9,0,4,0,1,0,0,0,0,1,1,6,2,24,5,998,1,11,-1,1,-1
201504EF15333,2,8,0,3,0,1,0,0,0,0,2,1,6,1,44,7,1598,2,3,-1,1,-1
201504EF15334,1,9,0,18,0,8,0,0,0,0,1,1,1,1,54,8,1968,2,4,-1,1,-1
201504EF15334,2,9,0,9,0,5,0,0,0,0,4,1,6,1,74,10,2204,2,8,-1,1,-1
201504EF15335,1,9,0,11,0,0,0,0,0,0,4,1,6,1,55,8,1997,2,10,-1,1,-1
201504EF15335,2,9,0,18,0,0,0,0,0,0,3,1,6,1,46,8,1560,2,4,-1,1,-1
201504EF15336,1,9,0,9,0,2,0,0,0,0,1,1,6,1,56,9,1995,2,8,-1,1,-1
201504EF15337,1,9,0,13,0,0,0,0,0,0,0,1,6,3,-1,-1,-1,-1,-1,-1,-1,-1
201504EF15337,2,9,0,18,0,0,0,4,0,0,3,1,1,2,27,6,1368,1,4,-1,1,-1
201504EF15337,3,9,0,2,0,0,0,0,0,0,2,1,6,3,-1,-1,-1,-1,-1,-1,-1,-1
201504EF15338,1,9,0,4,0,0,0,0,0,0,1,1,6,1,32,6,1998,2,8,-1,1,-1
201504EF15338,2,8,0,4,0,0,0,0,0,0,2,1,3,1,51,8,1997,2,10,-1,1,-1
201504EF15339,1,9,0,18,0,0,0,0,0,0,1,1,6,2,83,11,1242,1,3,-1,2,-1
201504EF15339,2,9,0,18,0,0,0,0,0,0,1,1,2,1,52,8,1999,1,5,-1,1,-1
201504EF15341,1,19,0,9,0,5,0,0,0,0,3,1,1,2,49,8,2151,2,13,-1,1,-1
201504EF15342,1,9,0,18,0,1,0,0,0,0,1,1,6,2,31,6,1364,1,10,-1,1,-1
201504EF15342,2,9,0,18,0,1,0,0,0,0,2,1,6,1,45,7,1896,2,11,-1,1,-1
201504EF15343,1,9,0,6,0,0,0,0,0,0,2,1,6,1,51,8,1598,1,5,-1,1,-1
201504EF15343,2,4,0,18,0,0,5,0,0,0,1,1,6,1,29,6,399,1,27,-1,-1,-1
201504EF15344,1,19,0,5,0,1,0,0,0,0,1,1,1,1,62,9,2446,2,16,-1,1,-1
201504EF15344,2,9,0,18,0,8,0,0,0,0,4,1,2,2,23,5,1198,1,5,-1,-1,-1
201504EF15345,1,9,0,18,0,0,2,0,0,6,1,1,6,1,40,7,973,1,13,-1,1,-1
201504EF15345,2,9,0,18,0,0,0,0,0,0,2,1,1,1,55,8,1997,1,1,-1,1,-1
201504EF15346,1,9,0,9,0,5,0,0,0,0,3,1,1,2,37,7,-1,-1,-1,-1,1,-1
201504EF15347,1,21,0,11,0,0,0,0,0,0,4,1,1,1,63,9,12600,2,16,-1,3,-1
201504EF15347,2,9,0,18,0,0,0,0,0,0,3,1,6,2,68,10,1364,1,5,-1,3,-1
201504EF15349,1,9,0,5,0,4,0,0,0,0,3,1,2,1,46,8,1968,2,1,-1,1,-1
201504EF15349,2,3,0,17,0,8,0,0,0,0,1,1,6,1,54,8,123,1,2,-1,1,-1
201504EF15350,1,9,0,9,0,6,0,0,0,0,1,1,6,1,64,9,1560,2,-1,-1,1,-1
201504EF15351,1,9,0,18,0,0,0,0,0,0,1,1,6,1,51,8,1998,2,10,-1,1,-1
201504EF15352,1,9,0,9,0,6,0,0,0,0,2,1,2,1,32,6,2000,2,10,-1,1,-1
201504EF15352,2,5,0,18,0,8,0,0,0,0,1,1,2,1,57,9,599,1,12,-1,-1,-1
201504EF15353,1,9,0,9,0,6,0,0,0,0,3,1,6,1,41,7,2148,2,8,-1,1,-1
201504EF15353,2,9,0,18,0,8,0,0,0,0,1,1,6,1,31,6,1297,1,27,-1,1,-1
201504EF15354,1,9,0,18,0,0,0,0,0,0,1,1,6,1,23,5,998,1,14,-1,1,-1
201504EF15354,2,8,0,18,0,0,0,0,0,0,2,1,1,1,72,10,2231,2,7,-1,1,-1
201504EF15355,1,9,0,4,0,1,0,0,0,0,1,1,2,1,30,6,1781,1,23,-1,1,-1
201504EF15356,1,9,0,4,0,0,0,4,0,0,1,1,6,2,27,6,999,1,-1,-1,1,-1
201504EF15356,2,9,0,3,0,0,0,4,0,0,0,1,6,2,45,7,1398,2,11,-1,3,-1
201504EF15356,3,90,0,3,0,0,0,0,0,0,0,1,1,1,53,8,-1,-1,-1,-1,-1,-1
201504EF15356,4,9,0,3,0,0,0,0,0,0,0,1,6,1,57,9,-1,-1,-1,-1,1,-1
201504EF15357,1,9,0,13,0,0,1,0,0,0,1,1,6,1,28,6,1794,1,12,-1,1,-1
201504EF15357,2,9,0,18,0,0,1,0,0,0,3,1,6,1,43,7,2000,1,18,-1,1,-1
201504EF15358,1,9,0,5,0,0,0,0,0,0,3,1,6,2,23,5,1390,1,1,-1,1,-1
201504EF15358,2,9,0,18,0,0,0,0,0,0,4,1,6,2,24,5,1598,1,2,-1,3,-1
201504EF15359,1,9,0,5,0,6,0,0,0,0,1,1,2,2,46,8,1389,1,15,-1,1,-1
201504EF15360,1,9,0,18,0,0,0,0,1,2,1,1,6,1,23,5,2987,2,5,-1,1,-1
201504EF15361,1,9,0,11,0,5,2,0,5,0,1,1,6,2,34,6,1198,1,8,-1,1,-1
201504EF15362,1,9,0,18,0,2,0,0,0,0,1,1,6,2,83,11,1598,1,16,-1,1,-1
201504EF15362,2,9,0,2,0,1,0,0,0,0,1,1,6,3,-1,-1,1364,1,8,-1,-1,-1
201504EF15362,3,9,0,2,0,1,0,0,0,0,1,1,6,3,-1,-1,1299,1,14,-1,-1,-1
201504EF15362,4,9,0,2,0,1,0,0,0,0,1,2,6,3,-1,-1,1799,1,11,-1,-1,-1
201504EF15362,5,9,0,2,0,1,0,0,0,0,1,1,6,3,-1,-1,1998,1,10,-1,-1,-1
201504EF15363,1,3,0,4,0,1,2,4,0,0,1,1,6,1,30,6,-1,-1,-1,-1,1,-1
201504EF15363,2,9,0,2,0,1,0,0,0,0,2,1,6,3,-1,-1,1246,1,9,-1,-1,-1
201504EF15364,1,9,0,18,0,1,0,0,0,0,1,1,2,1,24,5,1598,1,12,-1,1,-1
201504EF15365,1,9,0,17,0,0,0,0,0,0,1,1,6,3,-1,-1,-1,-1,-1,-1,-1,-1
201504EF15365,2,3,0,16,0,0,0,0,0,0,3,1,6,1,25,5,-1,-1,-1,-1,1,-1
201504EF15366,1,9,0,9,0,2,0,0,0,0,1,1,2,2,28,6,1598,1,-1,-1,1,-1
201504EF15366,2,9,0,18,0,8,0,0,0,0,3,1,6,1,24,5,1000,1,2,-1,1,-1
201504EF15367,1,9,0,13,0,0,1,0,1,2,1,1,2,2,22,5,1248,2,3,-1,1,-1
201504EF15368,1,9,0,9,0,8,0,0,0,0,1,1,6,1,20,4,998,1,1,-1,1,-1
201504EF15368,2,9,0,18,0,8,0,0,0,0,1,1,6,2,28,6,1229,1,6,-1,1,-1
201504EF15369,1,9,0,7,0,1,0,0,0,0,3,1,6,2,77,11,1198,1,5,-1,1,-1
201504EF15369,2,3,0,18,0,8,0,0,0,0,1,1,6,1,22,5,124,1,4,-1,1,-1
201504EF15370,1,9,0,8,0,4,0,0,0,0,1,1,6,1,23,5,1590,1,13,-1,1,-1
201504EF15370,2,9,0,8,0,4,0,0,0,0,2,1,6,1,34,6,1910,2,7,-1,1,-1
201504EF15371,1,9,0,18,0,0,0,0,5,0,3,1,6,1,47,8,3824,1,10,-1,2,-1
201504EF15372,1,9,0,18,0,1,0,0,0,0,0,1,6,3,-1,-1,-1,-1,-1,-1,-1,-1
201504EF15373,1,9,0,7,0,1,0,0,0,0,4,1,6,3,-1,-1,-1,-1,-1,-1,-1,-1
201504EF15373,2,1,0,18,0,1,0,0,0,0,1,1,2,1,27,6,-1,-1,-1,-1,1,-1
201504EF15374,1,9,0,9,0,8,0,0,0,0,3,1,6,1,64,9,1560,2,-1,-1,1,-1
201504EF15374,2,9,0,16,0,1,0,0,0,0,1,1,6,2,27,6,1595,1,12,-1,-1,-1
201504EF15375,1,1,0,18,0,1,0,0,0,0,1,1,6,1,33,6,-1,-1,-1,-1,-1,-1
201504EF15375,2,9,0,3,0,2,0,0,0,0,1,1,6,1,37,7,1968,2,5,-1,3,-1
201504EF15376,1,9,0,18,0,0,0,0,0,0,3,1,6,1,32,6,1390,1,4,-1,1,-1
201504EF15377,1,9,0,1,0,0,0,0,0,0,0,1,6,3,-1,-1,-1,-1,-1,-1,-1,-1
201504EF15378,1,9,0,18,0,0,0,0,0,0,1,1,6,2,55,8,3222,2,12,-1,1,-1
201504EF15378,2,9,0,18,0,0,0,10,1,4,1,1,6,1,55,8,1560,2,6,-1,1,-1
201504EF15380,1,9,0,18,0,8,0,0,0,0,1,1,6,3,-1,-1,-1,-1,-1,-1,-1,-1
201504EF15381,1,9,0,7,0,5,0,0,0,0,0,1,6,3,-1,-1,-1,-1,-1,-1,-1,-1
201504EF15382,1,9,0,18,0,8,0,0,1,4,1,1,6,2,41,7,1598,1,10,-1,1,-1
201504EF15382,2,10,0,18,0,1,0,0,7,2,4,1,6,1,32,6,-1,-1,-1,-1,1,-1
201504EF15383,1,9,0,9,0,6,0,0,0,0,3,1,6,2,68,10,1995,2,5,-1,2,-1
201504EF15383,2,5,0,18,0,8,5,0,0,0,1,1,6,1,34,6,599,1,17,-1,1,-1
201504EF15384,1,9,0,9,0,5,0,0,0,0,3,1,6,1,43,7,1796,7,8,-1,1,-1
201504EF15384,2,10,0,18,0,8,0,0,1,0,1,1,1,1,43,7,2198,2,8,-1,1,-1
201504EF15385,1,9,0,4,0,0,1,0,0,0,1,1,1,1,59,9,1951,2,14,-1,1,-1
201504EF15385,2,9,0,4,0,0,0,0,0,0,2,1,6,1,22,5,1598,2,-1,-1,1,-1
201504EF15386,1,11,0,18,0,0,0,0,0,0,0,1,1,1,53,8,7300,2,8,-1,1,-1
201504EF15387,1,9,0,18,0,2,0,0,0,0,1,1,6,2,49,8,998,1,14,-1,1,-1
201504EF15388,1,9,0,9,0,6,0,0,0,0,1,1,6,1,58,9,1499,2,-1,-1,1,-1
201504EF15389,1,9,0,18,0,8,1,0,0,0,1,1,6,1,20,4,1968,2,6,-1,1,-1
201504EF15390,1,9,0,9,0,6,0,0,0,0,2,1,6,1,29,6,1986,2,8,-1,3,-1
201504EF15390,2,5,0,18,0,8,2,0,0,0,1,1,6,1,53,8,1402,1,10,-1,-1,-1
201504EF15390,3,9,0,18,0,8,0,0,0,0,1,1,6,2,54,8,1870,2,8,-1,1,-1
201504EF15391,1,9,0,4,0,1,0,0,0,0,1,1,6,1,69,10,1995,2,-1,-1,1,-1
201504EF15391,2,1,0,18,0,1,0,0,0,0,4,1,6,1,28,6,-1,-1,-1,-1,1,-1
201504EF15392,1,9,0,2,0,2,0,0,0,0,3,1,1,1,50,8,1910,2,8,-1,1,-1
201504EF15392,2,1,0,18,0,8,0,4,0,0,1,1,6,1,51,8,-1,-1,-1,-1,-1,-1
201504EF15393,1,9,0,17,0,0,2,0,2,0,1,1,6,2,27,6,1360,1,4,-1,1,-1
201504EF15394,1,9,0,5,0,6,0,0,0,0,1,1,6,1,48,8,1199,1,11,-1,1,-1
201504EF15394,2,9,0,18,0,1,0,0,0,0,3,1,6,1,19,4,1242,1,15,-1,3,-1
201504EF15395,1,9,0,18,0,0,2,4,1,0,4,1,6,1,36,7,2982,2,-1,-1,3,-1
201504EF15395,2,9,0,2,0,0,0,0,0,0,0,1,6,1,-1,-1,1398,1,-1,-1,-1,-1
201504EF15396,1,9,0,9,0,1,0,0,0,0,1,1,6,2,21,5,998,1,1,-1,1,-1
201504EF15397,1,9,0,5,0,4,0,0,0,0,1,1,6,2,77,11,1397,1,6,-1,1,-1
201504EF15397,2,1,0,18,0,8,0,0,0,0,1,1,6,1,43,7,-1,-1,-1,-1,1,-1
201504EF15398,1,9,0,17,0,3,0,0,0,0,4,1,6,1,51,8,1796,1,15,-1,1,-1
201504EF15399,1,8,0,9,0,6,0,0,0,0,1,1,1,1,45,7,1896,2,6,-1,1,-1
201504EF15400,1,3,0,13,0,1,0,0,0,0,4,1,6,1,19,4,124,1,-1,-1,1,-1
201504EF15400,2,19,0,9,0,1,0,0,0,0,3,1,6,2,42,7,2402,2,12,-1,3,-1
201504EF15401,1,9,0,7,0,8,0,0,0,0,4,1,6,1,-1,-1,-1,-1,-1,-1,-1,-1
201504EF15402,1,1,0,18,0,8,0,0,0,0,1,1,1,1,32,6,-1,-1,-1,-1,1,-1
201504EF15402,2,9,0,5,0,1,0,0,0,0,4,1,1,1,27,6,998,1,10,-1,1,-1
201504EF15403,1,9,0,5,0,3,0,0,0,0,1,1,6,1,36,7,1968,2,10,-1,1,-1
201504EF15404,1,9,0,18,0,0,0,0,0,0,0,1,6,2,44,7,-1,-1,-1,-1,1,-1
201504EF15405,1,3,0,18,0,0,1,11,0,0,1,1,6,2,42,7,124,1,11,-1,1,-1
201504EF15406,1,9,0,4,0,1,0,0,0,0,4,1,6,2,35,6,1388,1,6,-1,1,-1
201504EF15406,2,9,0,2,0,1,0,0,0,0,0,1,6,2,41,7,-1,-1,-1,-1,-1,-1
201504EF15408,1,9,0,18,0,4,1,9,1,1,1,1,6,1,20,4,1390,1,11,-1,-1,-1
201504EG15001,1,9,0,9,0,6,0,0,0,0,1,1,2,1,47,8,1968,2,3,-1,3,-1
201504EG15001,2,9,0,18,0,8,0,0,1,10,1,1,2,1,54,8,1598,2,3,-1,-1,-1
201504EG15002,1,9,0,18,0,1,0,0,0,0,1,1,3,1,35,6,1398,1,14,-1,1,-1