Accident_Index,Vehicle_Reference,Vehicle_Type,Towing_and_Articulation,Vehicle_Manoeuvre,Vehicle_Location-Restricted_Lane,Junction_Location,Skidding_and_Overturning,Hit_Object_in_Carriageway,Vehicle_Leaving_Carriageway,Hit_Object_off_Carriageway,1st_Point_of_Impact,Was_Vehicle_Left_Hand_Drive?,Journey_Purpose_of_Driver,Sex_of_Driver,Age_of_Driver,Age_Band_of_Driver,Engine_Capacity_(CC),Propulsion_Code,Age_of_Vehicle,Driver_IMD_Decile,Driver_Home_Area_Type,Vehicle_IMD_Decile
201504SA15160,1,9,0,18,0,8,0,0,0,0,1,1,2,2,33,6,1199,2,4,-1,1,-1
201504SA15160,2,8,0,4,0,8,0,0,0,0,2,1,1,1,62,9,1497,8,9,-1,1,-1
201504SA15161,1,9,0,11,4,1,0,0,0,0,4,1,6,1,21,5,1149,1,8,-1,1,-1
201504SA15161,2,1,0,15,4,1,5,0,0,0,1,1,6,1,45,7,-1,-1,-1,-1,1,-1
201504SA15162,1,11,0,18,0,0,0,0,0,0,0,1,1,1,55,8,9000,2,6,-1,-1,-1
201504SA15162,2,9,0,18,0,0,0,0,0,0,0,1,6,3,-1,-1,-1,-1,-1,-1,-1,-1
201504SA15163,1,9,0,18,0,0,1,0,1,3,1,1,6,1,30,6,1598,1,10,-1,3,-1
201504SA15164,1,19,0,18,0,1,0,0,0,0,1,1,2,1,30,6,2198,2,2,-1,1,-1
201504SA15164,2,9,0,3,0,1,0,0,0,0,2,1,2,2,31,6,998,1,9,-1,1,-1
201504SA15165,1,9,0,18,0,1,0,0,0,0,2,1,6,1,38,7,1968,2,2,-1,-1,-1
201504SA15165,2,9,0,18,0,1,0,0,0,0,1,1,6,2,23,5,1242,1,4,-1,1,-1
201504SA15166,1,9,0,18,0,0,0,0,0,0,3,1,1,1,36,7,1461,2,1,-1,1,-1
201504SA15166,2,9,0,15,0,0,0,0,0,0,2,1,6,3,-1,-1,998,1,5,-1,-1,-1
201504SA15167,1,9,0,18,0,3,0,0,0,0,1,1,6,1,28,6,1597,1,11,-1,1,-1
201504SA15167,2,9,0,3,0,1,0,0,0,0,2,1,6,2,27,6,998,1,5,-1,1,-1
201504SA15168,1,9,0,18,0,1,0,0,0,0,1,1,1,2,49,8,1560,2,4,-1,1,-1
201504SA15168,2,9,0,18,0,8,0,0,1,10,4,1,6,2,64,9,1595,1,2,-1,1,-1
201504SA15169,1,9,0,12,0,0,0,0,0,0,3,1,6,2,35,6,1560,2,2,-1,1,-1
201504SA15169,2,21,1,18,0,0,0,0,0,0,4,1,1,1,61,9,-1,-1,-1,-1,-1,-1
201504SA15170,1,5,0,18,0,0,5,0,0,0,1,1,2,1,30,6,645,1,-1,-1,1,-1
201504SA15170,2,19,0,18,0,0,0,0,0,0,2,1,1,1,37,7,1598,2,4,-1,-1,-1
201504SA15171,1,9,0,18,0,0,1,10,0,6,3,1,6,2,33,6,1360,1,9,-1,1,-1
201504SA15172,1,3,0,17,9,1,0,0,0,0,1,1,6,2,30,6,124,1,10,-1,1,-1
201504SA15172,2,1,0,16,9,1,2,0,0,0,1,1,6,1,37,7,-1,-1,-1,-1,1,-1
201504SA15173,1,21,1,11,0,0,0,0,0,0,1,1,1,1,65,9,12777,2,6,-1,3,-1
201504SA15173,2,9,0,18,0,0,0,0,0,0,3,1,6,1,25,5,998,1,14,-1,1,-1
201504SA15174,1,21,1,11,0,0,0,0,0,0,1,1,1,1,56,9,-1,-1,-1,-1,1,-1
201504SA15174,2,9,0,18,0,0,1,0,0,0,3,1,6,2,18,4,1149,1,15,-1,1,-1
201504SA15175,1,9,0,6,0,0,0,0,0,0,3,1,6,1,63,9,1396,1,18,-1,1,-1
201504SA15175,2,5,0,18,0,0,2,0,0,0,1,1,6,1,26,6,899,1,15,-1,1,-1
201504SA15176,1,9,0,9,0,8,0,0,0,0,4,1,6,1,70,10,2204,2,9,-1,1,-1
201504SA15176,2,9,0,18,0,8,1,0,0,0,1,1,6,1,23,5,1497,1,14,-1,1,-1
201504SA15177,1,1,0,18,5,0,5,0,1,0,1,1,6,1,31,6,-1,-1,-1,-1,1,-1
201504SA15178,1,9,0,18,0,1,0,0,1,0,3,1,6,2,26,6,1685,2,1,-1,1,-1
201504SA15179,1,9,0,17,0,0,2,0,2,7,4,1,1,1,43,7,1398,1,15,-1,1,-1
201504SA15180,1,9,0,16,0,3,0,0,0,0,1,1,6,1,68,10,1998,1,10,-1,1,-1
201504SA15180,2,9,0,18,0,1,1,0,0,0,1,1,6,2,37,7,1998,2,-1,-1,1,-1
201504SA15181,1,90,0,5,0,6,5,0,0,0,1,1,6,1,52,8,-1,-1,-1,-1,-1,-1
201504SA15181,2,21,0,7,0,3,0,0,0,0,4,1,1,1,25,5,3920,2,8,-1,1,-1
201504SA15182,1,9,0,4,0,1,0,0,0,0,1,1,2,1,46,8,1900,2,10,-1,2,-1
201504SA15182,2,9,0,3,0,1,0,0,0,0,2,1,6,1,76,11,1968,2,1,-1,1,-1
201504SA15182,3,9,0,3,0,1,0,0,0,0,1,1,2,1,53,8,-1,-1,-1,-1,3,-1
201504SA15183,1,9,0,18,0,1,0,0,0,0,1,1,6,2,35,6,1560,2,6,-1,1,-1
201504SA15184,1,9,0,18,0,1,0,0,0,0,1,1,6,1,35,6,-1,-1,-1,-1,1,-1
201504SA15184,2,9,0,10,0,1,0,0,0,0,2,1,6,1,54,8,998,1,16,-1,1,-1
201504SA15185,1,9,0,5,0,2,0,0,0,0,1,1,1,1,17,4,-1,-1,-1,-1,1,-1
201504SA15185,2,9,0,18,0,2,0,0,0,0,4,1,6,2,24,5,1124,1,18,-1,1,-1
201504SA15186,1,9,0,18,0,8,0,0,0,0,1,1,6,2,47,8,1968,2,3,-1,1,-1
201504SA15186,2,1,0,18,0,8,0,0,0,0,1,1,6,1,12,3,-1,-1,-1,-1,1,-1
201504SA15187,1,1,0,9,0,6,0,0,0,0,3,1,6,2,15,3,-1,-1,-1,-1,1,-1
201504SA15187,2,9,0,18,0,8,0,0,0,0,1,1,2,1,50,8,1248,1,5,-1,1,-1
201504SA15188,1,9,0,9,0,6,0,0,0,0,3,1,1,1,49,8,1461,2,2,-1,1,-1
201504SA15188,2,4,0,18,0,8,0,0,0,0,3,1,1,1,55,8,249,1,7,-1,1,-1
201504SA15189,1,5,0,18,0,0,0,0,0,0,1,1,6,1,43,7,645,1,12,-1,1,-1
201504SA15189,2,9,0,18,0,0,0,0,0,0,1,1,6,1,79,11,1000,1,2,-1,1,-1
201504SA15190,1,9,0,9,0,1,0,0,0,0,1,1,6,2,76,11,1086,1,9,-1,1,-1
201504SA15190,2,9,0,18,0,1,0,0,0,0,3,1,6,1,60,9,1242,1,10,-1,1,-1
201504SA15191,1,9,0,18,0,2,0,0,0,0,3,1,6,1,58,9,1956,2,2,-1,1,-1
201504SA15191,2,9,0,18,0,8,1,0,0,0,3,1,6,2,70,10,1124,1,8,-1,3,-1
201504SA15192,1,9,0,9,0,8,0,0,0,0,1,1,1,1,42,7,1896,2,9,-1,1,-1
201504SA15192,2,1,0,7,0,8,0,0,0,0,1,1,6,1,6,2,-1,-1,-1,-1,-1,-1
201504SA15193,1,9,0,1,9,0,0,0,0,0,0,1,6,1,-1,-1,-1,-1,-1,-1,-1,-1
201504SA15194,1,9,0,18,0,0,0,0,0,0,4,1,1,1,38,7,1299,1,11,-1,1,-1
201504SA15195,1,9,0,18,0,0,0,0,0,0,1,1,6,1,52,8,1396,1,12,-1,-1,-1
201504SA15195,2,9,0,18,0,0,0,0,0,0,2,1,1,1,23,5,1796,1,12,-1,1,-1
201504SA15196,1,9,0,9,0,5,0,0,0,0,1,1,2,1,37,7,1199,1,12,-1,1,-1
201504SA15196,2,1,0,18,0,8,0,0,0,0,1,1,2,2,42,7,-1,-1,-1,-1,1,-1
201504SA15197,1,9,0,18,0,7,0,0,0,0,1,1,2,2,50,8,1796,1,9,-1,1,-1
201504SA15197,2,9,0,4,0,7,0,0,0,0,2,1,6,2,34,6,1086,1,11,-1,1,-1
201504SA15198,1,9,0,9,0,8,0,0,0,0,4,1,6,1,17,4,1461,2,2,-1,1,-1
201504SA15198,2,90,0,18,0,8,0,0,0,0,1,1,1,2,34,6,-1,-1,-1,-1,-1,-1
201504SA15199,1,9,0,18,0,0,0,0,0,0,1,1,6,1,47,8,2993,2,2,-1,1,-1
201504SA15199,2,9,0,4,0,0,0,0,0,0,2,1,6,1,22,5,1388,1,6,-1,1,-1
201504SA15199,3,9,0,4,0,0,0,0,0,0,2,1,6,2,31,6,1086,1,10,-1,1,-1
201504SA15199,4,9,0,4,0,0,0,0,0,0,2,1,6,1,45,7,1686,2,4,-1,1,-1
201504SA15200,1,1,0,9,0,8,0,0,0,0,1,1,6,1,37,7,-1,-1,-1,-1,1,-1
201504SA15200,2,9,0,16,0,8,0,0,0,0,4,1,6,1,36,7,2143,2,1,-1,1,-1
201504SA15201,1,9,0,4,0,2,0,0,0,0,1,1,6,1,66,10,1598,2,1,-1,-1,-1
201504SA15201,2,9,0,3,0,1,0,0,0,0,2,1,1,2,47,8,1595,1,9,-1,1,-1
201504SA15202,1,1,0,18,0,0,0,0,0,0,1,1,6,1,38,7,-1,-1,-1,-1,1,-1
201504SA15202,2,9,0,2,0,0,0,0,0,0,1,1,6,2,29,6,1461,2,2,-1,2,-1
201504SA15203,1,19,0,18,0,6,0,0,0,0,0,1,1,3,-1,-1,-1,-1,-1,-1,-1,-1
201504SA15203,2,3,0,9,0,5,1,0,0,0,0,1,6,1,18,4,-1,-1,-1,-1,1,-1
201504SA15204,1,8,0,18,0,0,0,0,0,0,1,1,1,1,44,7,2204,2,8,-1,1,-1
201504SA15205,1,9,0,18,0,1,0,0,0,0,1,1,6,2,74,10,1339,1,2,-1,1,-1
201504SA15205,2,9,0,2,0,1,0,0,0,0,2,1,6,2,34,6,1596,1,9,-1,1,-1
201504SA15206,1,9,0,9,0,8,0,0,0,0,1,1,6,2,69,10,1299,1,11,-1,1,-1
201504SA15206,2,9,0,18,0,8,0,0,0,0,1,1,6,2,18,4,973,1,14,-1,1,-1
201504SA15207,1,9,0,18,9,5,1,0,1,0,1,1,6,3,-1,-1,-1,-1,-1,-1,-1,-1
201504SA15207,2,1,0,18,9,5,1,0,0,2,1,1,6,1,31,6,-1,-1,-1,-1,-1,-1
201504SA15208,1,9,0,9,0,4,0,0,0,0,1,1,6,1,64,9,-1,-1,-1,-1,1,-1
201504SA15208,2,9,0,18,0,8,0,0,0,0,1,1,6,2,50,8,998,1,7,-1,1,-1
201504SA15209,1,9,0,4,0,1,0,0,0,0,1,1,6,1,-1,-1,1598,1,11,-1,-1,-1
201504SA15209,2,9,0,10,0,1,0,0,0,0,3,1,6,2,45,7,1598,1,1,-1,1,-1
201504SA15210,1,19,0,9,0,8,0,0,0,0,1,1,6,1,44,7,2402,2,11,-1,1,-1
201504SA15210,2,5,0,16,0,1,2,0,0,0,3,1,6,1,58,9,1043,1,-1,-1,1,-1
201504SA15211,1,9,0,18,0,2,0,0,0,0,4,1,6,1,19,4,1299,1,13,-1,1,-1
201504SA15211,2,9,0,18,0,1,0,0,0,0,1,1,6,2,59,9,1124,1,15,-1,1,-1
201504SA15212,1,9,0,4,0,0,0,0,0,0,1,1,6,2,24,5,1199,1,11,-1,1,-1
201504SA15212,2,9,0,4,0,0,0,0,0,0,2,1,6,1,57,9,2979,1,13,-1,1,-1
201504SA15212,3,9,0,4,0,0,0,0,0,0,2,1,6,1,64,9,1995,2,4,-1,1,-1
201504SA15213,1,9,0,18,0,0,2,0,1,4,3,1,6,1,29,6,1398,2,13,-1,1,-1
201504SA15214,1,9,0,6,0,7,0,0,0,0,3,1,2,1,53,8,1582,2,2,-1,1,-1
201504SA15214,2,1,0,18,0,8,0,0,0,0,4,1,2,1,45,7,-1,-1,-1,-1,1,-1
201504SA15215,1,9,0,18,0,0,0,0,0,0,1,1,1,1,51,8,999,1,1,-1,1,-1
201504SA15216,1,9,0,11,0,0,0,0,0,0,2,1,6,2,71,10,1329,1,1,-1,1,-1
201504SA15216,2,9,0,18,0,0,0,0,0,0,1,1,6,2,61,9,1396,1,7,-1,1,-1
201504SA15217,1,8,0,4,0,1,0,0,0,4,1,1,1,1,33,6,2664,2,15,-1,1,-1
201504SA15218,1,9,0,5,0,6,0,0,0,0,1,1,6,2,52,8,1997,1,2,-1,1,-1
201504SA15218,2,3,0,18,0,1,0,0,7,0,4,1,6,1,17,4,124,1,4,-1,1,-1
201504SA15219,1,9,0,18,0,4,0,0,0,0,3,1,1,1,47,8,1956,2,1,-1,1,-1
201504SA15219,2,9,0,18,0,8,0,0,0,0,4,1,2,2,43,7,1998,1,1,-1,2,-1
201504SA15220,1,9,0,4,0,1,0,0,0,0,1,1,6,1,48,8,2987,2,9,-1,3,-1
201504SA15220,2,9,0,4,0,1,0,0,0,0,2,1,2,1,60,9,1596,1,9,-1,1,-1
201504SA15221,1,3,0,18,0,1,1,0,0,0,1,1,1,1,32,6,125,1,14,-1,1,-1
201504SA15221,2,9,0,4,0,1,0,0,0,0,2,1,1,2,30,6,1991,2,6,-1,1,-1
201504SA15222,1,9,0,18,0,1,0,0,0,0,1,1,6,2,52,8,2179,2,1,-1,3,-1
201504SA15222,2,9,0,2,0,1,0,0,0,0,2,1,6,2,42,7,-1,-1,-1,-1,1,-1
201504SA15223,1,19,0,18,0,8,0,4,0,0,1,1,1,1,53,8,1753,2,2,-1,1,-1
201504SA15223,2,11,0,2,0,8,0,0,0,0,2,1,6,1,39,7,6696,2,1,-1,1,-1
201504SA15224,1,2,0,18,0,0,0,0,0,0,1,1,2,1,17,4,50,1,8,-1,1,-1
201504SA15225,1,11,0,4,0,8,0,0,0,0,0,1,1,1,48,8,9000,2,2,-1,1,-1
201504SA15226,1,9,0,9,0,1,0,0,0,0,1,1,1,1,52,8,1560,2,1,-1,3,-1
201504SA15226,2,9,0,3,0,1,0,0,0,0,2,1,6,1,46,8,1197,1,4,-1,1,-1
201504SA15227,1,9,0,18,0,0,0,0,0,0,3,1,6,1,55,8,1900,2,10,-1,1,-1
201504SA15229,1,9,0,12,0,0,0,0,0,0,0,1,6,1,56,9,1686,2,10,-1,1,-1
201504SA15229,2,11,0,18,0,0,0,0,0,0,0,1,1,1,53,8,3900,2,11,-1,1,-1
201504SA15230,1,9,0,18,0,1,0,0,7,10,1,1,6,1,28,6,1896,2,13,-1,1,-1
201504SA15230,2,9,0,18,0,1,0,0,0,0,1,1,6,1,43,7,1997,2,11,-1,1,-1
201504SA15230,3,9,0,18,0,1,0,0,0,0,1,1,6,1,-1,-1,1598,2,1,-1,-1,-1
201504SA15231,1,9,0,9,0,5,0,4,0,0,4,1,6,3,-1,-1,-1,-1,-1,-1,-1,-1
201504SA15232,1,9,0,18,0,1,1,0,0,0,3,1,6,1,23,5,1598,1,12,-1,1,-1
201504SA15232,2,1,0,18,0,1,0,0,0,0,1,1,6,1,16,4,-1,-1,-1,-1,1,-1
201504SA15233,1,9,0,18,0,8,0,0,0,0,3,1,6,2,26,6,1198,1,13,-1,1,-1
201504SA15233,2,9,0,9,0,8,0,0,0,0,1,1,6,2,22,5,1332,1,17,-1,1,-1
201504SA15234,1,19,0,5,5,1,5,0,0,0,4,1,6,3,-1,-1,-1,-1,-1,-1,-1,-1
201504SA15234,2,1,0,5,0,1,0,0,0,0,0,1,6,2,9,2,-1,-1,-1,-1,1,-1
201504SA15235,1,11,0,18,0,1,0,0,0,0,0,1,1,1,64,9,6871,2,15,-1,1,-1
201504SA15235,2,9,0,11,0,1,0,0,0,0,0,1,6,3,-1,-1,-1,-1,-1,-1,-1,-1
201504SA15236,1,19,0,6,0,0,0,0,0,0,3,1,6,1,38,7,2198,2,7,-1,1,-1
201504SA15236,2,9,0,18,0,0,0,0,0,0,1,2,6,1,24,5,-1,-1,-1,-1,1,-1
201504SA15237,1,9,0,5,0,4,0,0,0,0,1,1,6,2,31,6,899,1,16,-1,1,-1
201504SA15237,2,9,0,5,0,4,0,0,0,0,3,1,6,1,35,6,1984,1,-1,-1,-1,-1
201504SA15238,1,9,0,9,0,8,0,0,0,0,1,1,6,1,21,5,1390,1,12,-1,1,-1
201504SA15238,2,9,0,18,0,8,0,0,7,10,4,1,6,1,42,7,1390,1,17,-1,1,-1
201504SA15239,1,11,0,5,0,0,0,0,0,0,0,1,6,1,53,8,4760,2,2,-1,1,-1
201504SA15240,1,9,0,9,0,8,0,0,0,0,4,1,6,3,-1,-1,-1,-1,-1,-1,-1,-1
201504SA15241,1,90,0,4,0,3,0,0,0,0,2,1,3,2,33,6,-1,-1,-1,-1,2,-1
201504SA15241,2,90,0,4,0,3,0,0,0,0,1,1,3,2,52,8,-1,-1,-1,-1,1,-1
201504SA15242,1,9,0,18,0,3,0,0,0,0,2,1,1,1,21,5,1796,1,9,-1,1,-1
201504SA15242,2,9,0,12,0,3,0,0,0,0,3,1,1,1,51,8,2987,2,8,-1,1,-1
201504SA15243,1,19,0,18,0,0,1,0,0,0,1,1,6,1,32,6,2198,2,2,-1,1,-1
201504SA15243,2,9,0,4,0,0,0,0,0,0,2,1,2,2,32,6,1598,1,8,-1,2,-1
201504SA15244,1,1,0,18,0,0,0,0,1,0,1,1,6,1,17,4,-1,-1,-1,-1,1,-1
201504SA15244,2,9,0,18,0,0,0,0,0,0,1,1,6,1,41,7,1968,2,1,-1,1,-1
201504SA15245,1,9,0,18,0,0,0,0,0,0,2,1,6,1,38,7,1461,2,-1,-1,1,-1
201504SA15245,2,9,0,18,0,0,0,0,0,0,1,1,6,1,22,5,1798,1,10,-1,1,-1
201504SA15246,1,9,0,4,0,0,0,0,0,0,1,1,6,1,27,6,1398,1,-1,-1,2,-1
201504SA15246,2,9,0,4,0,0,0,0,0,0,2,1,6,1,24,5,1461,2,1,-1,1,-1
201504SA15247,1,9,0,18,0,4,0,0,0,0,3,1,6,1,68,10,1796,1,13,-1,1,-1
201504SA15247,2,9,0,18,0,3,0,0,0,0,1,1,6,1,50,8,1868,2,15,-1,1,-1
201504SA15248,1,9,0,7,0,4,0,0,0,0,3,1,1,1,65,9,1896,2,11,-1,1,-1
201504SA15248,2,3,0,18,0,8,0,0,0,0,4,1,6,1,37,7,125,1,-1,-1,1,-1
201504SA15249,1,9,0,5,0,8,0,0,0,0,1,1,2,1,42,7,1396,1,10,-1,1,-1
201504SA15249,2,90,0,18,0,8,0,0,0,0,4,1,2,1,39,7,-1,-1,-1,-1,1,-1
201504SA15250,1,9,0,3,0,1,0,0,0,0,2,1,6,1,35,6,2497,1,13,-1,1,-1
201504SA15250,2,9,0,4,0,4,1,0,0,0,1,1,6,1,19,4,973,1,15,-1,1,-1
201504SA15251,1,9,0,4,0,1,0,0,0,0,1,1,6,3,-1,-1,-1,-1,-1,-1,-1,-1
201504SA15251,2,9,0,3,0,1,0,0,0,0,2,1,6,2,44,7,1868,2,16,-1,3,-1
201504SA15252,1,19,0,1,0,8,0,0,0,0,3,1,1,1,36,7,2148,2,6,-1,1,-1
201504SA15253,1,9,0,18,0,0,0,0,0,0,0,1,1,1,58,9,3227,2,13,-1,1,-1
201504SA15254,1,9,0,18,0,0,0,0,0,0,4,1,3,2,39,7,1796,1,9,-1,1,-1
201504SA15255,1,9,0,18,0,1,0,0,0,0,1,1,6,1,22,5,1798,1,7,-1,2,-1
201504SA15255,2,19,0,18,0,1,0,0,0,0,2,1,1,1,64,9,1968,2,1,-1,1,-1
201504SA15256,1,9,0,18,0,0,0,0,0,0,3,1,3,2,45,7,1896,2,13,-1,1,-1
201504SA15257,1,9,0,4,0,0,0,0,0,0,1,1,2,1,43,7,1998,2,15,-1,1,-1
201504SA15257,2,9,0,4,0,0,0,0,0,0,2,1,2,2,31,6,1995,2,1,-1,1,-1
201504SA15258,1,1,0,18,0,8,0,0,0,0,0,1,6,1,64,9,-1,-1,-1,-1,-1,-1
201504SA15258,2,90,0,18,0,8,0,0,0,0,0,1,6,1,78,11,-1,-1,-1,-1,2,-1
201504SA15259,1,9,0,5,0,0,0,0,0,0,3,1,6,2,37,7,2993,2,-1,-1,1,-1
201504SA15260,1,9,0,18,0,4,0,0,0,0,1,1,1,2,45,7,1995,2,8,-1,3,-1
201504SA15260,2,2,0,18,0,4,0,0,0,0,3,1,2,1,17,4,49,1,8,-1,1,-1
201504SA15262,1,9,0,18,0,8,0,0,0,0,4,1,6,1,31,6,1364,1,8,-1,1,-1
201504SA15262,2,9,0,5,0,8,0,0,0,0,3,1,6,1,79,11,1991,2,6,-1,-1,-1
201504SA15263,1,9,0,18,0,0,0,0,0,0,4,1,2,2,37,7,1995,2,9,-1,1,-1
201504SA15264,1,9,0,18,0,1,0,0,0,0,1,1,1,1,48,8,-1,-1,-1,-1,1,-1
201504SA15264,2,9,0,3,0,1,0,0,0,0,2,1,1,1,50,8,1995,2,3,-1,-1,-1
201504SA15265,1,3,0,9,0,8,0,0,0,0,1,1,6,1,23,5,124,1,4,-1,1,-1
201504SA15265,2,9,0,5,0,8,0,0,0,0,1,1,6,1,20,4,2143,2,1,-1,1,-1
201504SA15266,1,20,0,11,0,4,0,0,0,0,4,1,1,1,55,8,4462,2,2,-1,1,-1
201504SA15266,2,9,0,18,0,4,0,0,0,0,3,1,6,1,61,9,1560,2,3,-1,1,-1
201504SA15267,1,9,0,9,0,8,0,0,0,0,3,1,6,1,62,9,1560,2,9,-1,1,-1
201504SA15267,2,1,0,18,0,8,0,0,0,0,3,1,6,1,59,9,-1,-1,-1,-1,1,-1
201504SA15268,1,19,0,18,0,1,0,0,0,0,1,1,1,1,45,7,2402,2,5,-1,1,-1
201504SA15268,2,9,0,2,0,1,0,0,0,0,2,1,2,2,50,8,1956,2,1,-1,-1,-1
201504SA15268,3,9,0,2,0,1,0,0,0,0,2,1,2,1,38,7,1390,1,7,-1,1,-1
201504SA15268,4,9,0,2,0,1,0,0,0,0,2,1,2,1,37,7,1896,2,9,-1,1,-1
201504SA15268,5,9,0,3,0,1,0,0,0,0,2,1,6,2,30,6,998,1,16,-1,1,-1
201504SA15269,1,9,0,9,0,6,0,0,0,0,1,1,1,1,38,7,-1,-1,-1,-1,1,-1
201504SA15269,2,9,0,18,0,8,0,0,0,0,4,1,6,2,18,4,1398,2,3,-1,3,-1
201504SA15270,1,9,0,4,0,0,1,0,0,0,1,1,2,1,30,6,1796,1,8,-1,1,-1
201504SA15270,2,9,0,4,0,0,0,0,0,0,2,1,2,1,30,6,1560,2,1,-1,2,-1
201504SA15270,3,9,0,3,0,0,0,0,0,0,2,1,1,1,40,7,1598,1,7,-1,2,-1
201504SA15271,1,1,0,18,0,8,0,0,0,0,1,1,4,1,14,3,-1,-1,-1,-1,1,-1
201504SA15271,2,8,0,4,0,1,0,0,0,0,4,1,1,1,42,7,2987,2,7,-1,1,-1
201504SA15272,1,9,0,18,0,0,0,4,0,0,3,1,2,2,46,8,1390,1,15,-1,2,-1
201504SA15272,2,9,0,2,0,0,0,0,0,0,3,1,6,1,-1,-1,1995,2,1,-1,1,-1
201504SA15272,3,9,0,2,0,0,0,0,0,0,2,1,6,1,-1,-1,1242,1,7,-1,1,-1
201504SA15273,1,9,0,9,0,5,0,0,0,0,0,1,6,2,32,6,1783,1,11,-1,3,-1
201504SA15273,2,9,0,18,0,1,0,0,0,0,1,1,6,2,54,8,4197,1,9,-1,1,-1
201504SA15274,1,9,0,4,0,1,0,0,0,0,1,1,6,2,59,9,1390,1,4,-1,1,-1
201504SA15274,2,9,0,3,0,1,0,0,0,0,2,1,6,2,47,8,1560,2,8,-1,2,-1
201504SA15275,1,9,0,3,0,0,0,0,0,0,1,1,6,1,27,6,-1,-1,-1,-1,-1,-1
201504SA15275,2,9,0,18,0,0,0,0,0,0,1,1,6,2,44,7,1200,1,12,-1,-1,-1
201504SA15276,1,1,0,18,0,0,0,0,0,0,3,1,4,1,12,3,-1,-1,-1,-1,1,-1
201504SA15276,2,9,0,18,0,0,0,0,0,0,1,1,6,2,25,5,1242,1,3,-1,1,-1
201504SA15277,1,1,0,5,0,6,0,0,0,0,0,1,2,1,32,6,-1,-1,-1,-1,1,-1
201504SA15277,2,1,0,18,0,6,0,0,0,0,0,1,1,1,61,9,-1,-1,-1,-1,1,-1
201504SA15278,1,3,0,16,0,1,2,11,0,1,1,1,6,1,23,5,124,1,4,-1,-1,-1
201504SA15278,2,9,0,16,0,1,0,0,0,0,0,1,6,1,63,9,1198,1,2,-1,-1,-1
201504SA15279,1,9,0,1,0,0,0,0,0,0,4,1,6,2,25,5,1388,1,12,-1,1,-1
201504SA15279,2,10,0,18,0,0,0,0,0,0,4,1,1,1,46,8,2464,2,7,-1,1,-1
201504SA15280,1,9,0,18,0,2,0,0,2,10,4,1,2,2,33,6,1397,1,4,-1,1,-1
201504SA15281,1,9,0,18,0,0,0,0,1,4,1,1,6,1,23,5,1984,1,4,-1,3,-1
201504SA15282,1,9,0,18,0,0,0,0,1,5,1,1,6,1,30,6,1198,1,12,-1,1,-1
201504SA15283,1,9,0,3,0,1,0,0,0,0,1,1,2,1,27,6,1968,2,6,-1,1,-1
201504SA15283,2,9,0,3,0,1,0,0,0,0,2,1,2,1,43,7,1560,2,2,-1,1,-1
201504SA15283,3,9,0,3,0,1,0,0,0,0,2,1,2,2,40,7,1995,2,2,-1,2,-1
201504SA15284,1,1,0,18,0,2,0,0,0,0,3,1,2,1,53,8,-1,-1,-1,-1,3,-1
201504SA15284,2,21,0,18,0,2,0,0,0,0,4,1,1,1,49,8,6370,2,6,-1,1,-1
201504SA15285,1,9,0,17,0,2,2,0,1,4,4,1,6,1,25,5,1989,1,16,-1,1,-1
201504SA15286,1,9,0,9,0,5,0,0,0,0,4,1,6,1,69,10,1995,2,4,-1,-1,-1
201504SA15286,2,19,0,18,0,8,0,0,0,0,1,1,1,1,29,6,1870,2,10,-1,1,-1
201504SA15287,1,9,0,9,0,8,0,0,0,0,1,1,6,1,18,4,1527,2,14,-1,1,-1
201504SA15287,2,8,0,18,0,8,1,0,7,1,4,1,1,1,49,8,1997,2,6,-1,1,-1
201504SA15288,1,9,0,7,0,1,1,0,1,0,1,1,6,2,83,11,1400,1,8,-1,3,-1
201504SA15288,2,9,0,18,0,1,0,0,0,0,3,1,6,2,74,10,1975,2,16,-1,3,-1
201504SA15289,1,9,0,18,0,0,0,0,0,0,1,1,6,3,-1,-1,-1,-1,-1,-1,-1,-1
201504SA15289,2,9,0,4,0,0,0,0,0,0,2,1,6,2,64,9,1386,1,12,-1,1,-1
201504SA15290,1,9,0,9,0,6,0,0,0,0,1,1,6,1,29,6,1968,2,4,-1,1,-1
201504SA15291,1,9,0,18,0,0,1,0,8,3,1,1,1,1,38,7,1398,1,15,-1,1,-1
201504SA15292,1,9,0,18,0,0,0,0,0,0,4,1,6,3,-1,-1,1956,2,2,-1,-1,-1
201504SA15292,2,9,0,2,0,0,0,0,0,0,4,1,6,2,37,7,1910,2,7,-1,1,-1
201504SA15293,1,21,0,18,0,0,1,0,1,10,0,1,1,1,66,10,4580,2,14,-1,1,-1
201504SA15293,2,9,0,18,0,0,0,0,0,0,2,1,6,1,83,11,1198,1,-1,-1,1,-1
201504SA15294,1,9,0,9,0,3,0,0,0,0,3,1,6,1,27,6,1968,2,4,-1,1,-1
201504SA15294,2,9,0,18,0,3,0,0,0,0,4,1,6,1,28,6,1398,1,-1,-1,1,-1
201504SA15295,1,9,0,18,0,1,0,0,0,0,1,1,6,1,52,8,2902,2,6,-1,1,-1
201504SA15295,2,9,0,18,0,2,0,0,0,0,3,1,6,1,89,11,1461,2,11,-1,-1,-1
201504SA15296,1,19,0,4,0,4,0,4,0,0,1,1,2,1,27,6,1686,2,11,-1,1,-1
201504SA15296,2,9,0,3,0,4,0,0,0,0,2,1,2,2,31,6,1461,2,2,-1,1,-1
201504SA15297,1,9,0,18,0,1,0,0,0,0,1,1,6,2,54,8,1598,1,8,-1,1,-1
201504SA15297,2,9,0,18,0,1,0,0,0,0,2,1,6,2,33,6,1339,1,6,-1,1,-1