Accident_Index,Vehicle_Reference,Vehicle_Type,Towing_and_Articulation,Vehicle_Manoeuvre,Vehicle_Location-Restricted_Lane,Junction_Location,Skidding_and_Overturning,Hit_Object_in_Carriageway,Vehicle_Leaving_Carriageway,Hit_Object_off_Carriageway,1st_Point_of_Impact,Was_Vehicle_Left_Hand_Drive?,Journey_Purpose_of_Driver,Sex_of_Driver,Age_of_Driver,Age_Band_of_Driver,Engine_Capacity_(CC),Propulsion_Code,Age_of_Vehicle,Driver_IMD_Decile,Driver_Home_Area_Type,Vehicle_IMD_Decile
201504SA15298,1,9,0,4,0,1,0,0,0,0,1,1,6,2,30,6,1242,1,13,-1,1,-1
201504SA15298,2,9,0,3,0,1,0,0,0,0,2,1,6,2,57,9,1360,1,4,-1,1,-1
201504SA15299,1,9,0,18,0,8,0,0,0,0,1,1,6,1,27,6,1598,2,4,-1,1,-1
201504SA15299,2,9,0,18,0,8,0,0,0,1,3,1,6,1,56,9,1598,1,9,-1,1,-1
201504SA15299,3,9,0,3,0,1,0,0,0,0,1,1,6,1,45,7,1968,2,3,-1,1,-1
201504SA15299,4,9,0,3,0,1,0,0,0,0,1,1,2,1,37,7,1598,2,5,-1,1,-1
201504SA15300,1,1,0,18,0,8,0,0,0,0,1,1,6,1,16,4,-1,-1,-1,-1,-1,-1
201504SA15300,2,9,0,18,0,1,0,0,0,0,4,1,6,1,44,7,1910,2,10,-1,1,-1
201504SA15301,1,1,0,9,0,6,5,0,0,0,3,1,6,1,16,4,-1,-1,-1,-1,1,-1
201504SA15301,2,9,0,18,0,1,1,0,0,0,1,1,2,1,35,6,1598,2,-1,-1,1,-1
201504SA15302,1,9,0,9,0,6,0,0,0,0,3,1,6,2,35,6,1598,1,12,-1,2,-1
201504SA15302,2,3,0,18,0,8,1,0,0,0,1,1,2,1,22,5,124,1,9,-1,1,-1
201504SA15303,1,9,0,4,0,0,0,0,0,0,1,1,6,1,41,7,1870,2,9,-1,1,-1
201504SA15303,2,9,0,18,0,0,0,0,0,0,2,1,6,1,21,5,2521,1,7,-1,1,-1
201504SA15303,3,9,0,4,0,0,0,0,0,0,2,1,6,2,24,5,998,1,9,-1,1,-1
201504SA15304,1,9,0,18,0,0,0,0,0,0,1,1,6,1,78,11,1560,2,1,-1,1,-1
201504SA15304,2,9,0,4,0,0,0,0,0,2,2,1,6,1,31,6,1598,1,5,-1,1,-1
201504SA15304,3,19,0,4,0,0,0,0,0,0,2,1,1,1,52,8,1560,2,-1,-1,1,-1
201504SA15305,1,9,0,4,0,0,0,0,0,0,1,1,1,1,20,4,-1,-1,-1,-1,1,-1
201504SA15305,2,9,0,4,0,0,0,0,0,0,2,1,1,2,47,8,1586,1,6,-1,2,-1
201504SA15306,1,9,0,4,0,1,0,0,0,0,1,1,6,1,28,6,1598,2,4,-1,1,-1
201504SA15306,2,9,0,3,0,1,0,0,0,0,2,1,6,2,38,7,1896,2,10,-1,1,-1
201504SA15306,3,9,0,3,0,1,0,0,0,0,2,1,6,2,46,8,1598,1,12,-1,1,-1
201504SA15306,4,9,0,10,0,8,0,0,0,0,2,1,6,2,43,7,1997,2,13,-1,1,-1
201504SA15307,1,9,0,5,0,4,0,0,0,0,1,1,6,2,28,6,1995,1,6,-1,1,-1
201504SA15307,2,9,0,5,0,4,0,0,0,0,2,1,6,1,17,4,998,1,11,-1,1,-1
201504SA15308,1,9,0,18,0,0,0,0,0,0,1,1,2,1,36,7,1240,1,9,-1,1,-1
201504SA15308,2,19,0,3,0,0,0,0,0,0,2,1,2,1,54,8,2151,2,12,-1,1,-1
201504SA15309,1,2,0,7,0,8,2,0,0,0,0,1,6,1,16,4,49,1,1,-1,2,-1
201504SA15309,2,9,0,18,0,1,0,0,0,0,2,1,6,3,-1,-1,-1,-1,-1,-1,-1,-1
201504SA15310,1,9,0,16,0,0,1,0,1,7,1,1,2,2,54,8,1299,1,10,-1,-1,-1
201504SA15311,1,8,0,6,0,0,0,0,0,0,3,1,1,1,56,9,1997,2,11,-1,1,-1
201504SA15312,1,9,0,18,0,0,0,0,0,0,1,1,6,1,52,8,998,1,5,-1,1,-1
201504SA15313,1,4,0,5,9,0,0,0,0,0,1,1,6,1,27,6,-1,-1,-1,-1,1,-1
201504SA15313,2,9,0,4,9,0,0,0,0,0,1,1,1,1,43,7,2993,2,2,-1,1,-1
201504SA15314,1,9,0,10,0,6,0,0,0,0,1,1,6,1,66,10,2461,2,6,-1,1,-1
201504SA15314,2,5,0,18,0,1,0,0,0,0,4,1,2,1,62,9,847,1,1,-1,1,-1
201504SA15315,1,9,0,18,0,8,0,0,0,0,1,1,6,2,17,4,1197,1,1,-1,3,-1
201504SA15315,2,9,0,4,0,8,0,0,0,0,2,1,6,1,28,6,1299,1,14,-1,1,-1
201504SA15315,3,9,0,4,0,8,0,0,0,0,2,1,6,1,60,9,2179,2,4,-1,3,-1
201504SA15316,1,3,0,18,0,1,0,0,0,1,1,1,6,1,18,4,124,1,6,-1,1,-1
201504SA15316,2,5,0,4,0,1,0,0,0,0,3,1,6,1,19,4,883,1,-1,-1,1,-1
201504SA15316,3,90,0,4,0,1,0,0,0,0,4,1,1,1,52,8,6692,2,2,-1,2,-1
201504SA15317,1,2,0,18,0,8,0,0,0,0,1,1,6,1,16,4,-1,-1,-1,-1,1,-1
201504SA15317,2,9,0,18,0,8,0,0,0,0,3,1,6,2,25,5,1396,1,13,-1,1,-1
201504SA15318,1,9,0,18,0,8,0,0,0,0,4,1,6,2,32,6,1242,1,13,-1,1,-1
201504SA15318,2,9,0,7,0,8,0,0,0,0,3,1,6,1,21,5,1697,1,15,-1,1,-1
201504SA15319,1,9,0,16,0,0,0,0,1,0,1,1,6,1,18,4,1229,1,10,-1,1,-1
201504SA15319,2,9,0,2,9,0,0,0,1,10,1,1,6,2,31,6,1229,1,10,-1,-1,-1
201504SA15320,1,9,0,9,0,1,0,0,0,0,1,1,2,2,21,5,998,1,8,-1,3,-1
201504SA15320,2,9,0,18,0,1,0,0,1,10,1,1,2,2,23,5,1598,2,3,-1,1,-1
201504SA15321,1,9,0,9,0,4,0,0,0,0,3,1,6,1,24,5,1598,1,1,-1,1,-1
201504SA15321,2,9,0,18,0,4,0,0,2,2,1,1,6,2,26,6,1242,1,3,-1,3,-1
201504SA15322,1,1,0,18,0,6,0,0,0,0,1,1,4,1,15,3,-1,-1,-1,-1,1,-1
201504SA15322,2,9,0,18,0,1,0,0,0,0,1,1,2,1,33,6,1360,1,12,-1,1,-1
201504SA15323,1,9,0,18,0,4,0,0,0,0,0,1,6,3,-1,-1,-1,-1,-1,-1,-1,-1
201504SA15323,2,9,0,18,0,3,0,0,0,0,2,1,6,2,55,8,1598,1,4,-1,1,-1
201504SA15323,3,9,0,18,0,3,0,0,0,0,1,1,6,1,33,6,-1,-1,-1,-1,1,-1
201504SA15324,1,9,0,18,0,1,0,0,0,0,2,1,6,1,67,10,1364,1,7,-1,1,-1
201504SA15324,2,9,0,18,0,1,0,0,0,0,1,1,6,2,36,7,1679,1,13,-1,3,-1
201504SA15325,1,19,0,17,0,4,0,0,1,1,3,1,1,1,45,7,1598,2,1,-1,1,-1
201504SA15325,2,9,0,9,0,3,0,0,0,0,1,1,1,1,41,7,998,1,3,-1,-1,-1
201504SA15326,1,4,0,18,0,1,0,0,0,0,4,1,6,1,51,8,-1,-1,-1,-1,1,-1
201504SA15326,2,9,0,9,0,1,0,0,0,0,3,1,6,2,25,5,1686,2,4,-1,1,-1
201504SA15327,1,9,0,4,0,1,0,0,0,0,1,1,1,1,43,7,-1,-1,-1,-1,1,-1
201504SA15328,1,9,0,18,0,0,0,0,0,0,1,1,6,2,18,4,999,1,-1,-1,1,-1
201504SA15328,2,9,0,2,0,0,0,0,0,0,2,1,6,2,27,6,1598,1,7,-1,1,-1
201504SA15329,1,9,0,18,0,0,0,4,0,0,1,1,6,1,23,5,1368,1,8,-1,-1,-1
201504SA15329,2,9,0,2,0,0,0,0,0,0,2,1,6,3,-1,-1,1598,1,2,-1,-1,-1
201504SA15329,3,9,0,2,0,0,0,0,0,0,1,1,6,3,-1,-1,1229,1,5,-1,-1,-1
201504SA15329,4,9,0,2,0,0,0,0,0,0,2,1,6,3,-1,-1,1199,1,15,-1,-1,-1
201504SA15330,1,9,0,18,0,8,0,0,0,0,1,1,6,1,68,10,1997,2,13,-1,1,-1
201504SA15330,2,9,0,18,0,8,0,0,0,0,4,1,6,2,41,7,1995,2,1,-1,1,-1
201504SA15330,3,9,0,18,0,8,0,0,0,0,4,1,6,1,66,10,998,1,9,-1,1,-1
201504SA15330,4,9,0,9,0,8,0,0,0,0,0,1,6,3,-1,-1,-1,-1,-1,-1,-1,-1
201504SA15331,1,3,0,9,0,8,0,0,0,0,1,1,6,1,60,9,125,1,1,-1,1,-1
201504SA15332,1,8,0,9,0,1,0,0,0,0,0,1,1,1,60,9,1598,2,2,-1,-1,-1
201504SA15332,2,1,0,18,0,1,0,0,0,0,1,1,6,2,20,4,-1,-1,-1,-1,2,-1
201504SA15333,1,4,0,18,0,3,0,0,0,0,3,1,2,1,26,6,498,1,24,-1,-1,-1
201504SA15334,1,9,0,9,0,6,0,0,3,0,3,1,6,1,40,7,1781,1,15,-1,1,-1
201504SA15334,2,9,0,18,0,1,1,0,7,0,4,1,1,1,41,7,-1,-1,-1,-1,1,-1
201504SA15335,1,9,0,1,0,0,0,0,0,0,3,1,6,1,22,5,1242,1,7,-1,1,-1
201504SA15335,2,9,0,2,0,0,0,0,0,0,3,1,6,2,51,8,1587,1,11,-1,1,-1
201504SA15335,3,9,0,2,0,0,0,0,0,0,3,1,6,2,22,5,1390,1,2,-1,1,-1
201504SA15336,1,9,0,3,0,1,0,0,0,0,4,1,1,1,22,5,1686,2,7,-1,1,-1
201504SA15336,2,3,0,14,0,1,0,0,0,0,1,1,6,1,17,4,124,1,3,-1,1,-1
201504SA15336,3,21,0,3,0,1,0,0,0,0,3,1,1,1,45,7,-1,-1,-1,-1,1,-1
201504SA15337,1,9,0,18,0,6,0,0,0,0,1,1,2,1,41,7,1199,1,12,-1,1,-1
201504SA15337,2,9,0,18,0,8,0,0,0,0,3,1,6,2,24,5,1198,1,9,-1,1,-1
201504SA15338,1,3,0,18,0,8,0,0,0,0,1,1,6,1,22,5,124,1,6,-1,1,-1
201504SA15338,2,9,0,9,0,8,0,0,0,0,3,1,6,1,63,9,1390,1,4,-1,1,-1
201504SA15339,1,9,0,5,0,0,0,0,0,0,0,1,6,1,25,5,1596,1,13,-1,1,-1
201504SA15340,1,9,0,18,0,0,0,0,0,0,1,1,6,1,47,8,1598,1,14,-1,1,-1
201504SA15341,1,9,0,18,0,3,0,0,0,0,3,1,6,1,32,6,2616,1,12,-1,1,-1
201504SA15342,1,9,0,18,0,1,0,0,0,0,4,1,6,1,36,7,1397,1,6,-1,1,-1
201504SA15343,1,5,0,16,0,0,5,0,8,10,1,1,6,1,56,9,-1,-1,-1,-1,1,-1
201504SA15344,1,9,0,3,0,0,0,0,0,0,1,1,6,1,82,11,1560,2,3,-1,1,-1
201504SA15344,2,9,0,5,0,0,0,0,0,0,0,1,6,1,46,8,2993,2,2,-1,3,-1
201504SA15345,1,9,0,9,0,8,0,0,0,0,1,1,6,2,80,11,1198,1,1,-1,1,-1
201504SA15345,2,9,0,18,0,8,0,0,0,0,1,1,6,1,48,8,1769,1,13,-1,1,-1
201504SA15346,1,9,0,18,0,2,0,0,0,0,4,1,6,2,52,8,1242,1,13,-1,1,-1
201504SA15347,1,9,0,9,0,1,0,0,0,0,1,1,6,2,57,9,4196,1,10,-1,3,-1
201504SA15347,2,5,0,18,0,1,0,0,0,0,1,1,6,1,51,8,805,1,3,-1,1,-1
201504SA15348,1,9,0,18,0,0,0,0,0,0,1,1,6,2,63,9,1499,2,2,-1,1,-1
201504SA15349,1,9,0,11,0,1,1,0,2,7,1,1,6,2,33,6,1997,2,6,-1,1,-1
201504SA15350,1,9,0,3,0,1,0,0,0,0,1,1,6,2,50,8,-1,-1,-1,-1,1,-1
201504SA15350,2,9,0,3,0,1,0,0,0,0,2,1,6,2,25,5,1995,2,6,-1,1,-1
201504SA15350,3,9,0,3,0,1,0,0,0,0,2,1,6,2,40,7,1798,1,10,-1,2,-1
201504SA15351,1,11,0,18,0,0,0,0,0,0,1,1,1,1,40,7,9000,2,2,-1,1,-1
201504SA15352,1,9,0,4,0,4,0,0,0,0,1,1,6,2,68,10,1250,1,10,-1,1,-1
201504SA15352,2,9,0,4,0,4,0,0,0,0,2,1,6,1,36,7,2199,2,2,-1,1,-1
201504SA15353,1,9,0,9,0,1,0,0,0,0,1,1,2,1,81,11,1360,1,12,-1,1,-1
201504SA15353,2,4,0,18,0,8,0,0,0,0,3,1,1,1,43,7,350,1,17,-1,1,-1
201504SA15354,1,9,0,9,6,6,0,0,0,0,3,1,6,3,-1,-1,-1,-1,-1,-1,-1,-1
201504SA15354,2,1,0,18,0,1,0,0,0,0,1,1,2,1,26,6,-1,-1,-1,-1,1,-1
201504SA15355,1,10,0,1,0,1,0,0,0,0,2,1,6,1,39,7,-1,-1,-1,-1,1,-1
201504SA15355,2,9,0,5,9,1,0,0,0,0,1,1,6,1,30,6,1781,1,12,-1,1,-1
201504SA15357,1,9,0,18,0,0,0,0,0,0,1,1,6,1,36,7,1796,1,13,-1,2,-1
201504SA15357,2,9,0,3,0,0,1,0,0,0,2,1,6,1,70,10,1598,2,1,-1,1,-1
201504SA15358,1,8,0,18,0,8,1,0,3,1,1,1,1,1,50,8,1597,7,3,-1,1,-1
201504SA15358,2,9,0,18,0,8,0,0,0,0,1,1,6,1,53,8,1995,2,13,-1,1,-1
201504SA15359,1,9,0,18,0,8,0,0,0,0,1,1,6,1,53,8,1896,2,15,-1,1,-1
201504SA15359,2,9,0,9,0,5,0,0,0,0,2,1,6,2,33,6,1598,1,12,-1,1,-1
201504SA15360,1,9,0,18,5,1,0,0,0,0,4,1,1,2,60,9,1248,2,9,-1,1,-1
201504SA15360,2,1,0,18,5,1,0,0,0,0,1,1,2,1,34,6,-1,-1,-1,-1,1,-1
201504SA15361,1,17,4,18,0,1,0,0,0,0,3,1,6,3,-1,-1,-1,-1,-1,-1,-1,-1
201504SA15361,2,1,0,18,0,2,0,0,0,0,3,1,6,1,53,8,-1,-1,-1,-1,1,-1
201504SA15362,1,9,0,5,0,0,0,0,0,0,1,1,6,1,72,10,1590,1,11,-1,1,-1
201504SA15362,2,9,0,4,0,0,0,0,0,0,2,1,1,1,24,5,1968,2,2,-1,1,-1
201504SA15363,1,9,0,18,0,0,0,0,0,0,1,1,6,1,33,6,-1,-1,-1,-1,1,-1
201504SA15363,2,9,0,4,0,0,0,0,0,0,2,1,1,1,31,6,1560,2,-1,-1,-1,-1
201504SA15364,1,2,0,18,0,0,0,10,1,0,4,1,6,1,17,4,49,1,4,-1,1,-1
201504SA15365,1,9,0,18,0,4,0,0,0,0,1,1,6,3,-1,-1,-1,-1,-1,-1,-1,-1
201504SA15365,2,1,0,18,0,3,0,0,0,0,4,1,6,1,19,4,-1,-1,-1,-1,1,-1
201504SA15366,1,9,0,18,0,0,0,0,0,0,4,1,1,1,34,6,2231,2,7,-1,1,-1
201504SA15367,1,1,0,18,0,8,5,0,0,0,1,1,6,1,13,3,-1,-1,-1,-1,-1,-1
201504SA15367,2,9,0,17,0,8,0,0,0,0,4,1,2,2,21,5,1198,1,9,-1,1,-1
201504SA15368,1,8,0,13,0,0,0,0,0,0,0,1,1,3,-1,-1,-1,-1,-1,-1,-1,-1
201504SA15368,2,9,0,17,0,0,1,0,1,9,0,1,2,2,43,7,1582,2,4,-1,2,-1
201504SA15369,1,9,0,18,0,8,0,0,0,0,1,1,6,1,67,10,1198,1,5,-1,1,-1
201504SA15369,2,9,0,18,0,8,0,0,0,0,4,1,2,2,19,4,998,1,8,-1,1,-1
201504SA15370,1,9,0,9,0,6,0,0,0,0,1,1,6,2,36,7,1598,1,7,-1,1,-1
201504SA15370,2,9,0,18,0,8,0,0,0,0,1,1,6,1,55,8,2987,2,1,-1,1,-1
201504SA15371,1,9,0,18,9,0,0,10,1,2,1,1,6,1,18,4,1229,1,4,-1,1,-1
201504SA15371,2,9,0,2,9,0,0,0,0,0,3,1,6,3,-1,-1,1248,1,3,-1,-1,-1
201504SA15371,3,9,0,2,9,0,0,0,0,0,3,1,6,3,-1,-1,-1,-1,-1,-1,-1,-1
201504SA15372,1,9,0,16,0,2,2,0,7,10,1,1,6,1,19,4,1229,1,1,-1,-1,-1
201504SA15373,1,9,0,9,0,3,0,0,0,0,3,1,6,1,82,11,998,1,7,-1,1,-1
201504SA15373,2,9,0,11,0,3,0,0,0,0,4,1,6,1,21,5,1242,1,1,-1,2,-1
201504SA15374,1,9,0,17,0,2,0,0,0,0,1,1,6,3,-1,-1,-1,-1,-1,-1,-1,-1
201504SA15374,2,9,0,17,0,2,0,0,0,0,2,1,6,2,21,5,1248,2,12,-1,2,-1
201504SA15375,1,9,0,18,0,2,0,0,0,0,3,1,6,1,72,10,1398,2,1,-1,2,-1
201504SA15377,1,9,0,18,0,0,0,0,0,0,1,1,6,1,18,4,1388,1,12,-1,1,-1
201504SA15377,2,9,0,3,0,0,0,0,0,0,2,1,6,2,70,10,1896,2,13,-1,1,-1
201504SA15378,1,9,0,18,0,0,0,0,0,0,2,1,6,1,44,7,1984,2,4,-1,1,-1
201504SA15378,2,9,0,18,0,0,0,0,0,0,1,1,6,2,23,5,1199,1,12,-1,2,-1
201504SA15378,3,9,0,18,0,0,0,0,0,0,1,1,6,2,41,7,1598,1,10,-1,1,-1
201504SA15378,4,9,0,18,0,0,0,0,0,0,1,1,6,1,26,6,1999,1,12,-1,1,-1
201504SA15378,5,9,0,18,0,0,0,0,0,0,1,1,6,1,21,5,1390,1,3,-1,1,-1
201504SA15379,1,9,0,18,0,0,0,0,0,0,1,1,6,1,35,6,2979,1,2,-1,1,-1
201504SA15379,2,9,0,18,0,0,0,0,0,0,2,1,6,1,37,7,1794,1,10,-1,1,-1
201504SA15380,1,9,0,18,0,0,0,0,0,0,1,1,1,1,19,4,1390,1,10,-1,2,-1
201504SA15380,2,9,0,18,0,0,0,10,1,10,3,1,6,1,53,8,1956,2,3,-1,1,-1
201504SA15380,3,9,0,18,0,0,0,0,0,0,1,1,6,1,38,7,1997,2,5,-1,1,-1
201504SA15381,1,9,0,5,0,4,0,0,0,0,1,1,6,1,22,5,1596,1,10,-1,1,-1
201504SA15381,2,9,0,18,0,8,0,0,0,0,4,1,6,1,33,6,1798,1,11,-1,1,-1
201504SA15382,1,9,0,18,0,5,0,0,0,0,3,1,6,2,56,9,1395,1,-1,-1,1,-1
201504SA15382,2,9,0,18,0,1,0,0,0,0,1,1,6,1,84,11,1497,1,11,-1,1,-1
201504SA15384,1,90,0,7,0,4,0,0,0,0,1,1,1,1,44,7,-1,-1,-1,-1,1,-1
201504SA15384,2,9,0,8,0,4,0,0,0,0,2,1,6,1,55,8,1910,2,7,-1,1,-1
201504SA15385,1,9,0,3,0,8,0,0,0,0,2,1,2,2,56,9,1398,1,4,-1,1,-1
201504SA15385,2,9,0,3,0,8,0,0,0,0,1,1,2,2,34,6,1242,1,7,-1,1,-1
201504SA15386,1,5,0,18,0,1,0,0,0,0,1,1,1,1,40,7,599,1,9,-1,-1,-1
201504SA15386,2,9,0,18,0,2,0,0,0,0,2,1,6,3,-1,-1,-1,-1,-1,-1,-1,-1
201504SA15387,1,9,0,5,0,1,0,0,0,0,1,1,6,2,57,9,1388,1,11,-1,1,-1
201504SA15387,2,9,0,4,0,4,0,0,0,0,2,1,6,2,58,9,1497,1,12,-1,1,-1
201504SA15388,1,9,0,18,0,1,0,0,0,0,1,1,6,2,38,7,1240,1,6,-1,1,-1
201504SA15388,2,9,0,9,0,5,0,0,0,0,2,1,6,1,22,5,998,1,2,-1,1,-1
201504SA15390,1,11,0,18,0,2,0,0,0,0,0,1,1,1,35,6,9000,2,8,-1,1,-1
201504SA15391,1,9,0,18,0,0,0,0,0,0,1,1,6,1,19,4,998,1,9,-1,1,-1
201504SA15391,2,9,0,3,0,0,0,0,0,0,2,1,6,2,27,6,1968,2,-1,-1,-1,-1
201504SA15391,3,9,0,3,0,0,0,0,0,0,2,1,6,2,64,9,2179,2,3,-1,1,-1
201504SA15392,1,9,0,18,0,7,0,0,0,0,1,1,6,1,23,5,1997,2,14,-1,1,-1
201504SA15392,2,9,0,18,0,2,0,0,0,0,2,1,6,1,53,8,1968,2,2,-1,1,-1
201504SA15393,1,9,0,18,0,8,0,0,0,0,4,1,1,1,52,8,1783,1,11,-1,1,-1
201504SA15394,1,11,0,18,0,0,0,0,0,0,1,1,1,1,59,9,4250,2,8,-1,1,-1
201504SA15395,1,9,0,18,0,0,0,0,0,0,1,1,2,2,19,4,1299,1,13,-1,1,-1
201504SA15395,2,9,0,18,0,0,0,0,0,0,2,1,6,2,69,10,1296,1,9,-1,1,-1
201504SA15396,1,1,0,9,0,1,0,0,0,0,3,1,6,2,71,10,-1,-1,-1,-1,3,-1
201504SA15396,2,11,0,18,0,1,0,0,0,0,1,1,1,1,62,9,8300,2,9,-1,1,-1
201504SA15396,3,1,0,18,0,1,0,0,0,0,0,1,6,2,46,8,-1,-1,-1,-1,3,-1
201504SA15397,1,9,0,18,0,4,0,0,0,0,1,1,6,1,58,9,1995,1,13,-1,1,-1
201504SA15397,2,9,0,3,0,1,0,0,0,0,2,1,6,2,25,5,1598,1,7,-1,1,-1
201504SA15398,1,9,0,12,0,0,0,0,1,4,3,1,6,2,34,6,1388,1,7,-1,1,-1
201504SA15398,2,9,0,18,0,0,0,0,0,0,4,1,6,1,32,6,2480,1,3,-1,1,-1
201504SA15398,3,9,0,18,0,0,0,0,0,0,1,1,6,1,31,6,1984,1,1,-1,1,-1
201504SA15399,1,9,0,18,0,1,0,0,0,0,1,1,6,2,21,5,1956,2,2,-1,1,-1
201504SA15399,2,9,0,9,0,1,0,0,0,0,2,1,6,1,57,9,1461,2,1,-1,1,-1
201504SA15400,1,9,0,5,0,1,0,0,0,0,0,1,6,1,22,5,1596,1,9,-1,1,-1
201504SA15401,1,1,0,18,0,1,0,0,0,0,1,1,2,1,22,5,-1,-1,-1,-1,1,-1
201504SA15401,2,9,0,7,0,5,0,0,0,0,4,1,6,3,-1,-1,-1,-1,-1,-1,-1,-1
201504SA15402,1,9,0,13,4,1,0,0,0,0,2,1,6,1,54,8,1596,1,7,-1,1,-1
201504SA15402,2,1,0,18,4,1,0,0,0,0,1,1,6,1,48,8,-1,-1,-1,-1,1,-1
201504SA15403,1,9,0,5,0,0,0,0,0,0,1,1,2,1,21,5,1198,1,6,-1,1,-1
201504SA15403,2,9,0,18,0,0,0,0,0,0,3,1,2,2,60,9,998,1,16,-1,1,-1
201504SA15403,3,9,0,18,0,0,0,0,0,0,1,1,6,1,55,8,1984,1,12,-1,1,-1
201504SA15404,1,9,0,7,0,8,0,0,0,0,3,1,6,1,67,10,1596,1,3,-1,1,-1
201504SA15404,2,9,0,18,0,8,0,0,0,0,1,1,6,1,21,5,1598,1,12,-1,1,-1
201504SA15405,1,9,0,12,0,0,2,0,1,7,3,1,1,1,26,6,-1,-1,-1,-1,1,-1
201504SA15405,2,9,0,18,0,0,0,0,0,0,4,1,1,1,37,7,1956,2,-1,-1,1,-1
201504SA15406,1,9,0,1,0,1,0,0,0,0,3,1,6,3,-1,-1,-1,-1,-1,-1,-1,-1
201504SA15406,2,5,0,3,0,1,0,0,0,0,4,1,2,1,59,9,1043,1,1,-1,1,-1
201504SA15407,1,9,0,5,0,6,0,0,1,0,1,1,6,1,68,10,1598,2,2,-1,-1,-1
201504SA15407,2,9,0,18,0,1,0,0,1,10,1,1,6,2,26,6,1339,1,12,-1,1,-1
201504SA15408,1,21,0,11,0,0,0,0,0,0,4,1,1,1,62,9,4461,2,3,-1,1,-1
201504SA15408,2,9,0,18,0,0,1,7,4,6,3,1,6,1,36,7,1398,1,12,-1,1,-1
201504SA15408,3,9,0,18,0,0,1,0,0,0,1,1,6,1,70,10,1753,2,13,-1,2,-1
201504SA15408,4,9,0,18,0,0,1,0,0,0,1,1,6,1,31,6,1870,2,14,-1,3,-1
201504SA15409,1,19,0,5,0,6,0,0,0,0,4,1,1,1,30,6,2198,2,7,-1,1,-1
201504SA15409,2,9,0,18,0,1,1,4,1,2,4,1,2,1,51,8,-1,-1,-1,-1,1,-1
201504SA15409,3,9,0,2,9,8,0,0,0,0,2,1,6,1,25,5,1398,1,-1,-1,1,-1
201504SA15409,4,9,0,2,9,8,0,0,0,0,3,1,6,2,40,7,2496,2,14,-1,1,-1
201504SA15410,1,9,0,9,0,1,0,0,0,0,1,1,6,2,19,4,1364,2,9,-1,3,-1
201504SA15410,2,9,0,13,0,1,0,0,0,0,1,1,6,2,40,7,1560,2,2,-1,2,-1
201504SA15410,3,9,0,7,0,1,0,0,0,0,0,1,6,3,-1,-1,-1,-1,-1,-1,-1,-1
201504SA15411,1,9,0,4,0,1,0,0,0,0,1,1,1,2,20,4,1364,2,5,-1,1,-1
201504SA15411,2,9,0,3,0,1,0,0,0,0,2,1,6,1,63,9,1596,1,12,-1,1,-1
201504SA15413,1,9,0,18,0,0,0,0,0,0,1,1,2,1,25,5,1422,2,12,-1,1,-1
201504SA15413,2,9,0,3,0,0,0,0,0,0,2,1,6,1,26,6,1397,1,5,-1,1,-1
201504SA15414,1,19,0,18,0,8,0,0,0,0,1,1,1,1,35,6,-1,-1,-1,-1,-1,-1
201504SA15414,2,9,0,18,0,8,0,0,7,1,4,1,6,2,59,9,1396,1,13,-1,1,-1
201504SA15415,1,9,3,18,0,0,5,0,0,0,0,1,6,2,64,9,1769,1,12,-1,1,-1
201504SA15416,1,9,0,11,0,2,1,0,1,6,1,1,6,1,34,6,2000,1,11,-1,-1,-1
201504SA15417,1,9,0,18,0,1,0,0,0,0,1,1,6,2,48,8,1995,2,1,-1,1,-1
201504SA15417,2,9,0,3,0,2,0,0,0,0,2,1,2,1,34,6,2993,2,1,-1,1,-1
201504SA15418,1,9,0,4,0,0,0,0,0,0,1,1,6,1,37,7,1753,2,13,-1,1,-1
201504SA15418,2,9,0,3,0,0,0,0,0,0,2,1,6,1,20,4,1560,2,-1,-1,1,-1
201504SA15419,1,9,0,9,0,6,0,0,0,0,3,1,6,1,49,8,1497,8,11,-1,1,-1
201504SA15419,2,2,0,18,0,1,0,0,0,0,1,1,6,1,16,4,49,1,8,-1,2,-1
201504SA15420,1,19,0,18,0,1,0,0,0,0,4,1,6,1,42,7,2300,2,12,-1,3,-1
201504SA15421,1,9,0,18,0,0,0,0,0,0,1,1,6,2,17,4,1199,1,13,-1,1,-1
201504SA15422,1,11,0,18,0,0,0,0,0,0,1,1,1,1,43,7,4250,2,9,-1,1,-1
201504SA15422,2,21,1,2,9,0,0,0,0,0,1,1,1,1,31,6,11967,2,2,-1,1,-1
201504SA15423,1,9,0,18,9,0,0,0,1,0,1,1,6,2,48,8,999,1,9,-1,1,-1
201504SA15424,1,9,0,4,0,0,0,0,0,0,1,1,6,1,74,10,1149,1,13,-1,1,-1
201504SA15425,1,5,0,13,0,1,0,0,7,10,4,1,6,1,26,6,997,1,11,-1,1,-1
201504SA15425,2,9,0,9,0,1,0,0,0,0,3,1,6,2,34,6,1396,2,-1,-1,1,-1
201504SA15426,1,5,0,18,0,8,5,0,0,0,3,1,6,1,69,10,885,1,19,-1,1,-1
201504SA15426,2,9,0,9,0,8,0,0,0,0,1,1,6,2,28,6,1124,1,14,-1,2,-1
201504SA15427,1,9,0,18,0,0,0,0,0,0,1,1,6,2,38,7,1997,2,12,-1,1,-1
201504SA15428,1,9,0,6,0,8,0,0,0,0,4,1,6,3,-1,-1,-1,-1,-1,-1,-1,-1
201504SA15428,2,1,0,18,0,1,0,0,0,0,1,1,6,1,36,7,-1,-1,-1,-1,1,-1
201504SA15429,1,3,0,18,0,1,1,0,0,0,1,1,1,2,22,5,124,1,14,-1,3,-1