Accident_Index,Vehicle_Reference,Vehicle_Type,Towing_and_Articulation,Vehicle_Manoeuvre,Vehicle_Location-Restricted_Lane,Junction_Location,Skidding_and_Overturning,Hit_Object_in_Carriageway,Vehicle_Leaving_Carriageway,Hit_Object_off_Carriageway,1st_Point_of_Impact,Was_Vehicle_Left_Hand_Drive?,Journey_Purpose_of_Driver,Sex_of_Driver,Age_of_Driver,Age_Band_of_Driver,Engine_Capacity_(CC),Propulsion_Code,Age_of_Vehicle,Driver_IMD_Decile,Driver_Home_Area_Type,Vehicle_IMD_Decile
201504SA15429,2,9,0,18,0,1,0,0,0,0,4,1,1,2,40,7,2400,2,2,-1,3,-1
201504SA15429,3,20,0,3,0,8,0,0,0,0,0,1,1,2,28,6,-1,-1,-1,-1,-1,-1
201504SA15430,1,1,0,18,0,8,0,0,0,0,1,1,2,1,19,4,-1,-1,-1,-1,1,-1
201504SA15430,2,9,0,9,0,8,0,0,0,0,1,1,2,1,35,6,1596,1,13,-1,1,-1
201504SA15430,3,9,0,3,0,1,0,0,0,0,3,1,2,2,28,6,1364,2,9,-1,1,-1
201504SA15431,1,9,0,6,0,1,0,0,0,0,1,1,6,2,29,6,1198,1,4,-1,1,-1
201504SA15431,2,1,0,18,0,1,0,0,0,0,1,1,6,1,30,6,-1,-1,-1,-1,1,-1
201504SA15432,1,8,0,18,0,1,0,0,0,0,1,1,1,1,57,9,1896,2,11,-1,1,-1
201504SA15433,1,9,0,18,0,8,0,0,2,7,4,1,1,2,47,8,1598,1,4,-1,1,-1
201504SA15435,1,9,0,15,0,0,0,0,0,0,1,1,6,1,78,11,2987,2,8,-1,1,-1
201504SA15435,2,9,0,15,0,0,0,0,0,0,2,1,6,1,86,11,1870,2,10,-1,1,-1
201504SA15436,1,9,0,5,0,1,0,0,0,0,1,1,6,1,17,4,1390,1,2,-1,1,-1
201504SA15436,2,9,0,18,0,1,0,0,0,0,3,1,6,1,47,8,1998,1,10,-1,1,-1
201504SA15437,1,9,0,18,0,1,0,0,0,0,1,1,6,2,21,5,1796,1,8,-1,1,-1
201504SA15437,2,9,0,3,0,1,0,0,0,0,2,1,6,2,52,8,1360,1,10,-1,-1,-1
201504SA15438,1,9,0,9,0,5,0,0,1,0,4,1,2,2,34,6,1299,1,13,-1,-1,-1
201504SA15438,2,9,0,18,0,8,0,0,0,0,1,1,2,1,32,6,1596,1,3,-1,1,-1
201504SA15439,1,9,0,18,0,0,0,0,0,0,1,1,6,2,23,5,1242,1,4,-1,1,-1
201504SA15439,2,9,0,18,0,0,0,0,0,0,2,1,6,2,53,8,1997,2,5,-1,1,-1
201504SA15439,3,9,0,18,0,0,0,0,0,0,2,1,6,1,23,5,1461,2,-1,-1,1,-1
201504SA15439,4,9,0,18,0,0,0,0,0,0,1,1,6,1,25,5,1596,1,10,-1,1,-1
201504SA15439,5,9,0,18,0,0,0,0,0,0,1,1,6,2,37,7,1390,1,9,-1,1,-1
201504SA15441,1,9,0,18,0,0,0,0,0,0,1,1,2,1,34,6,2993,2,3,-1,1,-1
201504SA15441,2,9,0,10,0,0,0,0,0,0,2,1,2,2,29,6,1364,1,9,-1,1,-1
201504SA15442,1,9,0,5,0,1,0,0,0,0,1,1,6,1,25,5,1560,2,10,-1,1,-1
201504SA15442,2,9,0,3,0,1,0,0,0,0,2,1,6,2,78,11,1199,1,13,-1,1,-1
201504SA15442,3,9,0,3,0,1,0,0,0,0,2,1,6,1,46,8,1390,1,8,-1,3,-1
201504SA15444,1,11,0,18,0,1,0,0,0,0,0,1,1,2,55,8,4760,2,2,-1,1,-1
201504SA15444,2,9,0,4,0,4,0,0,0,0,0,1,6,3,-1,-1,-1,-1,-1,-1,-1,-1
201504SA15445,1,9,0,18,7,0,5,0,7,4,1,1,6,1,63,9,2967,2,6,-1,-1,-1
201504SA15447,1,9,0,17,0,0,1,0,0,0,1,1,6,2,36,7,1560,2,-1,-1,1,-1
201504SA15447,2,9,0,17,0,0,0,0,0,0,2,1,1,1,50,8,1995,2,-1,-1,1,-1
201504SA15447,3,19,0,12,0,0,0,0,0,0,0,1,1,1,39,7,1870,2,11,-1,1,-1
201504SA15447,4,21,0,5,8,0,0,0,0,0,0,1,1,1,45,7,10518,2,7,-1,1,-1
201504SA15448,1,9,0,18,0,1,0,0,0,0,1,1,6,1,24,5,1598,1,11,-1,1,-1
201504SA15448,2,9,0,3,0,1,0,0,0,0,2,1,6,2,35,6,1248,2,8,-1,1,-1
201504SA15449,1,9,0,7,0,1,0,0,0,0,3,1,6,1,49,8,2143,2,1,-1,1,-1
201504SA15449,2,1,0,18,0,1,0,0,0,0,4,1,6,1,55,8,-1,-1,-1,-1,1,-1
201504SA15450,1,8,0,18,0,0,0,0,0,0,1,1,1,1,41,7,1896,2,11,-1,1,-1
201504SA15450,2,9,0,18,0,0,0,10,0,0,3,1,6,2,34,6,2494,2,-1,-1,1,-1
201504SA15451,1,8,0,9,0,8,0,0,0,0,4,1,1,1,52,8,2987,2,4,-1,1,-1
201504SA15451,2,5,0,18,0,8,0,0,0,0,1,1,6,1,52,8,645,1,4,-1,2,-1
201504SA15452,1,5,0,16,0,0,2,0,8,0,4,1,6,1,48,8,1402,1,13,-1,1,-1
201504SA15452,2,5,0,16,0,0,0,0,0,0,0,1,6,1,50,8,749,1,5,-1,1,-1
201504SA15452,3,5,0,16,0,0,0,0,0,0,0,1,6,1,45,7,599,1,15,-1,1,-1
201504SA15453,1,21,0,12,0,0,0,0,0,0,3,2,1,1,62,9,-1,-1,-1,-1,-1,-1
201504SA15453,2,9,0,18,0,0,1,0,1,0,2,1,6,1,71,10,1596,1,11,-1,1,-1
201504SA15454,1,9,0,5,0,1,0,0,0,0,1,1,6,2,19,4,1199,1,13,-1,1,-1
201504SA15454,2,5,0,5,0,4,0,0,0,0,2,1,6,1,35,6,998,1,6,-1,1,-1
201504SA15455,1,9,0,3,0,0,0,0,0,0,3,1,6,1,32,6,1998,1,23,-1,1,-1
201504SA15456,1,9,0,18,0,1,0,0,0,0,1,1,6,2,48,8,1388,1,12,-1,1,-1
201504SA15456,2,9,0,3,0,1,0,0,0,0,2,1,6,1,33,6,1108,1,14,-1,1,-1
201504SA15458,1,9,0,18,0,1,0,0,0,0,1,1,6,2,84,11,-1,-1,-1,-1,1,-1
201504SA15458,2,9,0,4,0,1,0,0,0,0,2,1,3,2,37,7,-1,-1,-1,-1,1,-1
201504SA15459,1,9,0,18,0,0,1,11,8,6,4,1,6,1,50,8,1598,1,2,-1,1,-1
201504SA15459,2,9,0,18,0,0,0,0,0,0,4,1,6,1,44,7,1896,2,9,-1,1,-1
201504SA15460,1,9,0,18,0,7,0,0,0,0,3,1,6,1,29,6,1868,2,16,-1,1,-1
201504SA15460,2,9,0,18,0,7,0,0,0,0,4,1,6,1,58,9,2198,2,8,-1,1,-1
201504SA15461,1,9,0,11,0,8,1,0,2,7,1,1,6,1,18,4,1242,1,14,-1,1,-1
201504SA15462,1,9,0,9,9,0,0,0,7,10,1,1,1,1,86,11,1796,1,6,-1,1,-1
201504SA15463,1,9,0,18,0,1,0,0,0,0,3,1,6,2,19,4,1242,1,6,-1,1,-1
201504SA15463,2,9,0,9,0,8,0,0,0,0,4,1,6,1,84,11,1769,1,12,-1,2,-1
201504SA15464,1,5,0,18,0,0,0,12,0,0,0,-1,-1,1,28,6,953,1,12,-1,2,-1
201504SA15465,1,9,0,18,0,0,0,0,0,0,1,1,2,2,54,8,1596,1,5,-1,-1,-1
201504SA15465,2,9,0,2,0,0,0,0,0,0,2,1,6,3,-1,-1,1797,8,5,-1,-1,-1
201504SA15465,3,9,0,18,0,0,0,0,0,0,1,1,2,2,42,7,1386,1,6,-1,1,-1
201504SA15466,1,9,0,18,0,0,0,0,0,0,1,1,2,1,34,6,1560,2,7,-1,1,-1
201504SA15466,2,90,0,18,0,0,0,0,0,0,4,1,6,2,76,11,-1,-1,-1,-1,1,-1
201504SA15467,1,9,0,9,0,8,0,0,0,0,3,1,2,1,29,6,1368,1,6,-1,1,-1
201504SA15467,2,1,0,18,0,8,5,0,0,0,2,1,2,2,57,9,-1,-1,-1,-1,1,-1
201504SA15468,1,9,0,1,0,0,0,0,0,0,2,1,6,2,36,7,1968,2,-1,-1,1,-1
201504SA15469,1,9,0,10,0,1,0,0,0,0,2,1,6,2,-1,-1,-1,-1,-1,-1,-1,-1
201504SA15470,1,9,0,18,0,8,0,0,0,0,1,1,2,2,25,5,998,1,7,-1,2,-1
201504SA15471,1,9,0,18,0,0,1,7,0,10,1,1,6,2,24,5,1586,1,6,-1,1,-1
201504SA15472,1,9,0,16,0,0,0,10,1,4,4,1,6,1,24,5,1596,1,-1,-1,1,-1
201504SA15473,1,9,0,7,4,0,0,0,0,0,3,1,1,2,27,6,1360,1,11,-1,1,-1
201504SA15473,2,1,0,16,0,0,0,0,0,0,4,1,6,2,35,6,-1,-1,-1,-1,1,-1
201504SA15474,1,9,0,5,0,6,0,0,0,0,4,1,6,1,74,10,1332,1,19,-1,1,-1
201504SA15474,2,3,0,18,0,1,1,0,0,0,1,1,2,1,51,8,124,1,16,-1,1,-1
201504SA15475,1,9,0,16,0,0,1,0,1,10,1,1,6,2,19,4,1149,1,8,-1,1,-1
201504SA15476,1,9,0,18,0,8,0,0,0,0,4,1,6,2,24,5,1328,1,7,-1,1,-1
201504SA15476,2,9,0,9,0,8,0,0,0,0,4,1,6,2,41,7,1753,2,7,-1,1,-1
201504SA15477,1,9,0,16,0,1,0,0,0,0,1,1,6,2,73,10,1390,1,3,-1,2,-1
201504SA15478,1,1,0,18,0,8,0,0,0,0,1,1,6,1,13,3,-1,-1,-1,-1,1,-1
201504SA15478,2,9,0,18,0,8,0,0,0,0,3,1,6,1,37,7,1910,2,7,-1,1,-1
201504SA15479,1,9,0,18,0,8,0,0,0,0,1,1,6,1,48,8,998,1,12,-1,1,-1
201504SA15480,1,9,0,9,0,5,0,0,0,0,1,1,6,1,32,6,1998,2,13,-1,1,-1
201504SA15480,2,9,0,18,0,8,0,0,0,0,3,1,6,1,25,5,1598,2,1,-1,1,-1
201504SA15481,1,90,0,18,0,0,0,0,0,0,1,1,1,1,47,8,-1,-1,-1,-1,1,-1
201504SA15481,2,9,0,18,0,0,0,0,0,0,2,1,2,2,48,8,1360,1,8,-1,1,-1
201504SA15481,3,9,0,18,0,0,0,0,0,0,2,1,6,1,46,8,1910,2,5,-1,1,-1
201504SA15482,1,9,0,17,0,6,0,0,0,0,3,1,2,1,25,5,2199,2,3,-1,-1,-1
201504SA15482,2,9,0,18,0,1,0,0,0,0,4,1,2,1,23,5,1995,2,2,-1,1,-1
201504SA15483,1,9,0,18,0,1,0,0,0,0,1,1,6,3,-1,-1,-1,-1,-1,-1,-1,-1
201504SA15484,1,9,0,9,0,6,0,0,0,0,1,1,6,1,57,9,2143,2,1,-1,1,-1
201504SA15484,2,9,0,18,0,1,0,0,0,0,1,1,6,1,56,9,1400,1,11,-1,1,-1
201504SA15485,1,9,0,9,0,8,0,0,0,0,1,1,6,2,24,5,1998,1,8,-1,1,-1
201504SA15485,2,4,0,14,0,1,0,0,0,0,0,1,6,1,28,6,-1,-1,-1,-1,1,-1
201504SA15487,1,21,2,18,0,2,0,0,0,0,3,1,1,1,27,6,12900,2,6,-1,1,-1
201504SA15487,2,9,0,2,0,1,0,0,0,0,3,1,1,1,38,7,1896,2,13,-1,1,-1
201504SA15488,1,9,0,18,0,0,0,0,0,0,1,1,2,2,44,7,1086,1,8,-1,-1,-1
201504SA15488,2,19,0,12,0,0,0,0,0,0,4,1,6,3,-1,-1,1995,2,2,-1,-1,-1
201504SA15489,1,9,0,12,0,0,0,0,0,0,1,1,2,2,26,6,1198,1,7,-1,1,-1
201504SA15489,2,9,0,3,0,0,0,0,0,0,2,1,2,2,34,6,1796,1,7,-1,1,-1
201504SA15490,1,9,0,18,0,8,0,0,3,10,1,1,6,2,39,7,1896,2,5,-1,1,-1
201504SA15490,2,9,0,18,0,1,0,0,0,0,3,1,2,1,54,8,1995,2,7,-1,1,-1
201504SA15492,1,9,0,5,0,6,0,0,0,0,1,1,6,1,56,9,1242,1,19,-1,1,-1
201504SA15492,2,9,0,18,0,8,0,0,0,0,4,1,3,2,39,7,1339,1,6,-1,1,-1
201504SA15493,1,9,0,18,0,6,1,0,0,0,1,1,6,2,53,8,3600,1,14,-1,1,-1
201504SA15493,2,9,0,18,0,2,0,0,1,1,1,1,6,1,58,9,998,1,9,-1,1,-1
201504SA15494,1,9,0,18,5,0,0,0,0,0,1,1,6,2,23,5,1199,1,14,-1,2,-1
201504SA15495,1,90,0,5,0,8,0,0,0,0,0,1,1,1,58,9,-1,-1,-1,-1,1,-1
201504SA15496,1,9,0,12,0,0,0,0,0,7,2,1,6,2,63,9,-1,-1,-1,-1,2,-1
201504SA15496,2,9,0,18,0,0,0,0,0,6,1,1,6,2,19,4,1242,1,5,-1,1,-1
201504SA15497,1,9,0,5,0,8,0,0,0,0,0,1,6,1,53,8,1984,1,7,-1,1,-1
201504SA15497,2,1,0,9,0,8,0,0,0,0,0,1,2,1,21,5,-1,-1,-1,-1,1,-1
201504SA15498,1,9,0,9,0,0,0,0,0,0,0,1,1,1,25,5,-1,-1,-1,-1,1,-1
201504SA15498,2,1,0,18,0,0,0,0,1,0,0,1,2,1,29,6,-1,-1,-1,-1,1,-1
201504SA15499,1,9,0,18,0,6,0,0,0,1,4,1,6,2,21,5,-1,-1,-1,-1,1,-1
201504SA15499,2,8,0,18,0,8,0,0,0,0,3,1,1,1,49,8,1997,2,12,-1,1,-1
201504SA15500,1,9,0,18,0,1,0,0,0,0,1,1,6,1,19,4,998,1,17,-1,1,-1
201504SA15500,2,9,0,9,0,1,0,0,0,0,3,1,6,1,35,6,1229,1,4,-1,3,-1
201504SA15501,1,9,0,18,0,0,0,0,0,0,4,1,6,3,-1,-1,-1,-1,-1,-1,-1,-1
201504SA15502,1,1,0,18,0,1,0,0,0,0,4,1,6,1,20,4,-1,-1,-1,-1,1,-1
201504SA15502,2,9,0,18,0,1,0,0,0,0,1,1,1,1,47,8,1896,2,11,-1,-1,-1
201504SA15503,1,9,0,4,0,1,0,0,0,0,2,1,6,1,64,9,1995,2,3,-1,1,-1
201504SA15503,2,9,0,4,0,1,0,0,0,0,2,1,6,1,24,5,1686,2,3,-1,1,-1
201504SA15503,3,9,0,4,0,1,0,0,0,0,2,1,6,2,53,8,1328,1,6,-1,1,-1
201504SA15503,4,9,0,18,0,1,1,0,0,0,1,1,6,3,25,5,1896,2,13,-1,1,-1
201504SA15504,1,9,0,1,0,6,0,0,0,0,2,1,6,1,43,7,2143,2,2,-1,1,-1
201504SA15505,1,9,0,18,0,0,0,0,0,0,1,1,1,1,23,5,1796,1,7,-1,1,-1
201504SA15505,2,9,0,4,0,0,0,0,0,0,2,1,6,1,28,6,1896,2,11,-1,1,-1
201504SA15505,3,9,0,4,0,0,0,0,0,0,2,1,6,2,27,6,1560,2,5,-1,1,-1
201504SA15505,4,9,0,4,0,0,0,0,0,0,2,1,6,1,46,8,1598,1,4,-1,1,-1
201504SA15506,1,9,0,18,0,0,0,0,0,0,1,1,6,2,67,10,1399,2,6,-1,2,-1
201504SA15506,2,19,0,18,0,0,0,0,0,0,1,1,2,1,69,10,1399,2,5,-1,1,-1
201504SA15507,1,9,0,4,0,0,0,0,0,0,1,1,6,1,81,11,1242,1,-1,-1,1,-1
201504SA15508,1,9,0,18,0,0,0,0,0,0,1,1,6,1,-1,-1,-1,-1,-1,-1,-1,-1
201504SA15509,1,19,0,18,0,0,0,0,0,0,4,1,1,2,40,7,1753,2,11,-1,-1,-1
201504SA15510,1,9,0,18,0,0,0,0,0,0,1,1,2,1,23,5,999,1,2,-1,1,-1
201504SA15511,1,9,0,9,0,5,0,0,0,0,3,1,6,1,53,8,1968,2,4,-1,1,-1
201504SA15512,1,9,0,18,0,0,0,0,0,0,1,1,6,3,-1,-1,-1,-1,-1,-1,-1,-1
201504SA15513,1,9,0,18,0,3,0,10,0,0,1,1,6,2,-1,-1,1995,2,10,-1,1,-1
201504SA15513,2,9,0,18,0,4,0,0,0,0,1,1,6,1,29,6,1910,2,8,-1,1,-1
201504SA15514,1,9,0,5,0,6,0,0,0,0,1,1,6,1,22,5,1995,1,6,-1,1,-1
201504SA15514,2,3,0,18,0,1,0,0,0,0,3,1,6,1,19,4,124,1,1,-1,1,-1
201504SA15515,1,9,0,18,0,2,1,0,3,10,1,1,6,1,18,4,1299,1,10,-1,1,-1
201504SA15515,2,9,0,18,0,1,1,0,0,0,3,1,6,1,28,6,1984,1,11,-1,1,-1
201504SA15516,1,9,0,12,0,7,1,0,0,0,3,1,6,3,-1,-1,-1,-1,-1,-1,-1,-1
201504SA15516,2,9,0,18,0,8,0,0,2,7,4,1,6,1,33,6,1598,1,7,-1,1,-1
201504SA15516,3,9,0,18,0,1,1,1,0,0,1,1,6,2,20,4,1242,1,2,-1,1,-1
201504SA15517,1,9,0,9,0,5,0,0,0,1,1,1,6,2,55,8,1796,2,1,-1,-1,-1
201504SA15518,1,9,0,9,0,1,0,0,0,0,1,1,6,1,30,6,1199,1,11,-1,1,-1
201504SA15518,2,1,0,18,0,1,0,0,0,0,3,1,6,2,27,6,-1,-1,-1,-1,-1,-1
201504SA15519,1,9,0,18,0,1,0,0,0,0,1,1,6,3,-1,-1,-1,-1,-1,-1,-1,-1
201504SA15520,1,19,0,13,0,0,0,0,0,0,3,1,1,1,54,8,2143,2,6,-1,3,-1
201504SA15520,2,9,0,4,0,0,0,0,0,10,1,1,6,2,27,6,1198,1,9,-1,2,-1
201504SA15521,1,9,0,18,0,1,0,0,0,0,1,1,6,3,-1,-1,-1,-1,-1,-1,-1,-1
201504SA15521,2,3,0,18,0,1,0,0,1,2,4,1,6,1,27,6,124,1,1,-1,1,-1
201504SA15522,1,9,0,18,0,2,0,0,0,0,1,1,6,1,66,10,2199,2,2,-1,1,-1
201504SA15523,1,9,0,16,0,0,0,0,0,0,1,1,6,1,22,5,1896,2,12,-1,3,-1
201504SA15523,2,17,4,4,0,0,0,0,0,0,1,1,1,1,66,10,4530,2,11,-1,3,-1
201504SA15524,1,9,0,18,0,8,0,0,0,0,3,1,6,1,25,5,1995,2,2,-1,1,-1
201504SA15524,2,1,0,18,0,8,0,0,0,0,3,1,6,1,20,4,-1,-1,-1,-1,1,-1
201504SA15525,1,9,0,4,0,0,0,0,0,0,1,1,2,2,58,9,1560,2,4,-1,1,-1
201504SA15525,2,9,0,3,0,0,0,0,0,0,2,1,2,1,41,7,1968,2,3,-1,1,-1
201504SA15525,3,9,0,3,0,0,0,0,0,0,2,1,2,2,30,6,1995,2,7,-1,1,-1
201504SA15526,1,9,0,18,0,6,0,0,0,0,1,1,2,2,34,6,1198,1,11,-1,1,-1
201504SA15526,2,19,0,18,0,8,1,0,0,0,3,1,1,1,43,7,1998,2,13,-1,1,-1
201504SA15527,1,9,0,17,0,0,0,0,0,0,1,1,6,2,55,8,1956,2,3,-1,1,-1
201504SA15527,2,9,0,3,0,0,0,0,0,0,1,1,6,1,33,6,998,1,8,-1,1,-1
201504SA15528,1,9,0,18,0,0,0,0,0,0,1,1,2,1,26,6,1598,2,-1,-1,1,-1
201504SA15528,2,9,0,18,0,0,0,0,0,0,2,1,1,2,27,6,1364,1,10,-1,1,-1
201504SA15529,1,19,0,1,9,0,0,0,7,10,2,1,2,1,64,9,2198,2,4,-1,2,-1
201504SA15530,1,9,0,9,0,6,0,0,0,0,1,1,6,1,23,5,1197,1,-1,-1,1,-1
201504SA15530,2,9,0,7,0,8,0,0,0,0,3,1,6,1,70,10,1328,1,4,-1,2,-1
201504SA15531,1,9,0,9,0,8,0,0,0,0,3,1,2,1,34,6,-1,-1,-1,-1,1,-1
201504SA15531,2,9,0,18,0,8,0,0,0,0,1,1,2,1,44,7,1598,1,12,-1,1,-1
201504SA15532,1,9,0,18,0,0,1,0,7,4,1,1,6,1,24,5,2457,1,10,-1,1,-1
201504SA15533,1,9,0,5,0,2,0,0,0,0,3,1,6,1,65,9,1329,1,6,-1,1,-1
201504SA15534,1,9,0,3,0,2,0,0,0,0,4,1,6,1,75,10,1197,1,-1,-1,1,-1
201504SA15535,1,9,0,18,0,1,0,0,0,0,0,1,6,2,55,8,1587,1,13,-1,1,-1
201504SA15536,1,9,0,16,0,7,5,0,5,0,1,1,6,2,30,6,1248,1,6,-1,1,-1
201504SA15537,1,9,0,14,0,0,0,0,0,0,1,1,6,3,-1,-1,-1,-1,-1,-1,-1,-1
201504SA15538,1,9,0,18,0,1,0,0,0,0,1,1,6,2,88,11,1086,1,7,-1,1,-1
201504SA15539,1,1,0,18,0,0,0,4,0,0,1,1,6,1,44,7,-1,-1,-1,-1,1,-1
201504SA15539,2,9,0,2,0,0,0,0,0,0,2,1,6,3,-1,-1,1587,1,14,-1,-1,-1
201504SA15540,1,9,0,5,0,6,0,0,0,0,1,1,2,1,43,7,1364,1,9,-1,1,-1
201504SA15540,2,1,0,18,0,8,0,0,0,0,4,1,2,1,30,6,-1,-1,-1,-1,1,-1
201504SA15541,1,9,0,4,0,1,1,0,0,0,1,1,6,3,-1,-1,1298,1,16,-1,-1,-1
201504SA15541,2,9,0,3,0,1,0,0,0,0,2,1,6,2,33,6,-1,-1,-1,-1,1,-1
201504SA15542,1,9,0,5,0,6,0,0,0,0,3,1,3,2,38,7,1395,1,2,-1,1,-1
201504SA15542,2,1,0,4,4,8,5,0,0,0,1,1,2,1,48,8,-1,-1,-1,-1,1,-1
201504SA15543,1,9,0,9,0,5,0,0,0,0,1,1,6,3,-1,-1,-1,-1,-1,-1,-1,-1
201504SA15544,1,9,0,18,0,0,0,0,0,0,1,1,2,1,27,6,998,1,9,-1,1,-1
201504SA15544,2,9,0,18,0,0,0,0,0,0,2,1,1,1,46,8,998,1,3,-1,1,-1
201504SA15545,1,9,0,3,0,0,0,0,0,0,2,1,2,2,22,5,1229,1,2,-1,1,-1
201504SA15545,2,9,0,3,0,0,0,0,0,0,2,1,2,2,40,7,1598,1,8,-1,1,-1
201504SA15545,3,9,0,3,0,0,0,0,0,0,2,1,6,1,47,8,1794,1,10,-1,1,-1
201504SA15545,4,9,0,3,0,0,0,0,1,0,2,1,6,1,32,6,1995,2,7,-1,1,-1
201504SA15545,5,21,1,5,0,0,0,0,0,0,0,1,1,3,-1,-1,-1,-1,-1,-1,-1,-1
201504SA15546,1,9,0,16,0,0,0,0,0,0,1,1,6,1,70,10,2997,1,21,-1,1,-1
201504SA15547,1,9,5,6,0,0,0,0,0,0,3,1,6,1,51,8,-1,-1,-1,-1,-1,-1
201504SA15547,2,9,0,9,0,0,0,0,0,0,1,1,6,2,24,5,1995,2,-1,-1,2,-1
201504SA15548,1,9,0,6,0,0,0,0,0,0,1,1,6,3,-1,-1,2143,2,1,-1,-1,-1
201504SA15549,1,9,0,18,0,0,0,0,0,0,1,1,1,1,41,7,-1,-1,-1,-1,1,-1
201504SA15550,1,9,0,5,4,7,0,0,0,0,1,1,6,2,49,8,1124,1,12,-1,1,-1
201504SA15550,2,1,0,18,4,7,0,0,0,0,3,1,4,1,13,3,-1,-1,-1,-1,-1,-1
201504SA15551,1,9,0,16,0,0,1,0,7,0,4,1,6,1,48,8,2198,1,9,-1,1,-1
201504SA15551,2,9,0,17,0,0,0,1,7,1,1,1,6,2,51,8,1398,2,9,-1,1,-1
201504SA15552,1,20,0,18,0,1,0,0,0,0,0,1,1,2,30,6,-1,-1,-1,-1,1,-1
201504SA15553,1,9,0,9,0,5,0,0,0,0,1,1,6,1,49,8,1587,1,14,-1,1,-1
201504SA15553,2,3,0,18,0,1,0,0,0,0,1,1,6,2,32,6,-1,-1,-1,-1,1,-1
201504SA15554,1,9,0,7,0,6,0,0,0,0,3,1,6,2,22,5,1240,1,7,-1,1,-1
201504SA15554,2,9,0,18,0,1,0,0,0,0,1,1,6,1,59,9,1997,2,4,-1,1,-1
201504SA15555,1,9,0,9,0,8,0,0,0,0,1,1,6,1,26,6,-1,-1,-1,-1,1,-1
201504SA15555,2,9,0,18,0,1,0,0,0,0,1,1,6,1,37,7,1497,8,8,-1,1,-1
201504SA15556,1,9,0,18,0,1,0,0,0,0,1,1,6,3,-1,-1,-1,-1,-1,-1,-1,-1
201504SA15557,1,5,0,18,0,8,1,0,0,0,1,1,2,1,33,6,675,1,3,-1,1,-1
201504SA15557,2,11,0,12,0,8,0,0,0,0,3,1,1,1,33,6,9000,2,2,-1,1,-1
201504SA15558,1,19,0,18,0,6,0,0,0,0,1,1,1,1,42,7,1598,2,7,-1,1,-1
201504SA15558,2,8,0,18,0,8,0,0,0,0,3,1,1,1,47,8,1997,2,12,-1,1,-1
201504SA15559,1,9,0,9,0,8,0,0,0,0,1,1,6,1,33,6,1986,2,7,-1,2,-1
201504SA15559,2,9,0,18,0,8,0,0,0,0,1,1,6,2,48,8,1997,2,2,-1,1,-1
201504SA15560,1,9,0,9,0,2,0,0,0,0,1,1,6,1,27,6,1600,1,15,-1,1,-1
201504SA15561,1,9,0,1,0,0,0,0,0,0,2,1,2,1,36,7,1951,2,13,-1,1,-1
201504SA15562,1,9,0,18,0,0,0,0,0,0,1,1,6,2,19,4,998,1,2,-1,1,-1
201504SA15562,2,9,0,18,0,0,0,0,0,0,2,1,6,2,50,8,-1,-1,-1,-1,1,-1
201504SA15563,1,9,0,5,0,1,0,0,0,0,4,1,6,1,18,4,1399,2,13,-1,3,-1
201504SA15564,1,9,0,3,0,0,0,0,0,0,1,1,1,1,59,9,-1,-1,-1,-1,1,-1
201504SA15565,1,9,0,18,0,0,0,0,0,0,2,1,6,3,-1,-1,-1,-1,-1,-1,-1,-1
201504SA15565,2,9,0,18,0,0,0,0,0,0,1,1,6,3,-1,-1,-1,-1,-1,-1,-1,-1
201504SA15565,3,9,0,18,0,0,0,0,0,0,1,1,6,3,-1,-1,-1,-1,-1,-1,-1,-1
201504SA15565,4,9,0,18,0,0,0,0,0,0,1,1,6,1,49,8,-1,-1,-1,-1,1,-1
201504SA15566,1,9,0,9,0,8,0,0,0,0,4,1,6,1,86,11,2497,1,14,-1,1,-1
201504SA15566,2,9,0,18,0,8,1,0,0,0,1,1,2,2,24,5,999,1,1,-1,1,-1
201504SA15567,1,9,0,5,0,0,0,0,0,0,1,1,6,3,-1,-1,-1,-1,-1,-1,-1,-1
201504SA15568,1,9,0,11,0,0,0,0,0,0,3,1,6,1,-1,-1,-1,-1,-1,-1,-1,-1
201504SA15568,2,2,0,18,0,0,0,0,0,0,1,1,6,1,16,4,50,1,4,-1,1,-1
201504SA15569,1,9,0,18,0,0,0,0,0,0,1,1,2,1,25,5,1399,2,5,-1,1,-1
201504SA15570,1,9,0,9,0,6,0,0,0,0,3,1,6,1,18,4,999,1,13,-1,1,-1
201504SA15570,2,9,0,12,0,3,0,0,0,0,4,1,6,1,21,5,1598,1,4,-1,1,-1
201504SA15572,1,2,0,18,0,1,0,0,0,0,4,1,6,1,18,4,49,1,11,-1,1,-1
201504SA15572,2,9,0,18,0,1,0,0,0,0,0,1,1,1,39,7,1582,2,4,-1,-1,-1
201504SA15573,1,9,4,18,0,0,3,0,0,0,0,1,1,1,33,6,-1,-1,-1,-1,1,-1
201504SA15573,2,20,0,18,0,0,1,0,0,0,0,1,1,1,47,8,2987,2,6,-1,-1,-1
201504SA15573,3,9,0,18,0,0,0,0,0,0,1,1,1,1,44,7,-1,-1,-1,-1,1,-1
201504SA15573,4,9,0,18,0,0,1,0,0,0,1,1,1,1,66,10,1560,2,7,-1,1,-1
201504SA15573,5,9,0,18,0,0,0,0,0,0,1,1,1,1,38,7,-1,-1,-1,-1,1,-1
201504SA15573,6,9,0,18,0,0,0,0,0,0,1,1,1,1,52,8,998,1,8,-1,1,-1
201504SA15573,7,9,0,18,0,0,0,0,0,0,1,1,1,1,56,9,-1,-1,-1,-1,3,-1
201504SA15573,8,9,0,18,0,0,0,0,0,0,1,1,1,1,28,6,1399,2,13,-1,1,-1
201504SA15575,1,9,0,18,0,4,1,0,3,1,1,1,6,1,30,6,1596,1,7,-1,1,-1