Accident_Index,Vehicle_Reference,Vehicle_Type,Towing_and_Articulation,Vehicle_Manoeuvre,Vehicle_Location-Restricted_Lane,Junction_Location,Skidding_and_Overturning,Hit_Object_in_Carriageway,Vehicle_Leaving_Carriageway,Hit_Object_off_Carriageway,1st_Point_of_Impact,Was_Vehicle_Left_Hand_Drive?,Journey_Purpose_of_Driver,Sex_of_Driver,Age_of_Driver,Age_Band_of_Driver,Engine_Capacity_(CC),Propulsion_Code,Age_of_Vehicle,Driver_IMD_Decile,Driver_Home_Area_Type,Vehicle_IMD_Decile
201504SA15576,1,9,0,3,0,0,0,0,0,0,1,1,6,1,71,10,1197,1,-1,-1,1,-1
201504SA15576,2,5,0,6,0,0,0,0,0,0,3,1,6,1,32,6,675,1,7,-1,1,-1
201504SA15577,1,9,0,4,0,8,0,0,0,0,1,1,6,3,-1,-1,-1,-1,-1,-1,-1,-1
201504SA15578,1,9,0,6,0,0,0,0,0,0,3,1,6,3,-1,-1,-1,-1,-1,-1,-1,-1
201504SA15578,2,5,0,14,0,0,0,0,0,0,1,1,6,1,25,5,750,1,15,-1,1,-1
201504SA15579,1,9,0,18,0,4,0,0,0,0,1,1,2,1,36,7,1598,2,1,-1,-1,-1
201504SA15579,2,9,0,18,0,4,0,0,0,0,3,1,2,1,25,5,1206,1,5,-1,1,-1
201504SA15580,1,9,0,1,0,0,0,0,0,0,2,1,6,3,-1,-1,1596,1,13,-1,-1,-1
201504SA15581,1,9,0,11,0,8,1,0,1,6,4,1,6,1,27,6,1995,2,8,-1,1,-1
201504SA15582,1,9,0,4,0,0,0,4,0,0,1,1,2,1,63,9,2143,2,-1,-1,1,-1
201504SA15582,2,5,0,4,0,0,0,0,0,0,2,1,6,1,48,8,800,1,-1,-1,1,-1
201504SA15583,1,9,0,18,0,0,0,0,0,0,1,1,6,1,40,7,1997,2,9,-1,1,-1
201504SA15584,1,9,0,9,0,1,0,0,0,0,3,1,2,1,67,10,2987,2,9,-1,1,-1
201504SA15584,2,9,0,3,0,2,0,0,0,0,3,1,2,1,24,5,1686,2,8,-1,1,-1
201504SA15585,1,9,0,18,0,5,0,0,0,0,1,1,6,1,51,8,1422,2,10,-1,1,-1
201504SA15586,1,9,0,8,0,1,0,0,0,0,3,1,6,2,46,8,-1,-1,-1,-1,1,-1
201504SA15586,2,1,0,18,0,1,0,0,0,0,1,1,6,1,70,10,-1,-1,-1,-1,1,-1
201504SA15587,1,9,0,18,0,0,1,0,0,0,1,1,6,2,21,5,2500,2,12,-1,1,-1
201504SA15587,2,9,0,18,0,0,0,0,0,0,1,1,6,2,48,8,1368,1,5,-1,1,-1
201504SA15587,3,9,0,18,0,0,0,0,0,0,2,1,6,2,23,5,1461,2,1,-1,1,-1
201504SA15588,1,9,0,9,0,8,0,0,0,0,3,1,6,2,18,4,1242,1,4,-1,1,-1
201504SA15588,2,9,0,18,0,1,0,0,0,1,1,1,6,2,70,10,1796,1,13,-1,1,-1
201504SA15589,1,9,0,11,0,7,0,0,0,0,1,2,2,1,26,6,-1,-1,-1,-1,1,-1
201504SA15589,2,9,0,4,0,1,0,0,0,0,2,1,6,2,53,8,1999,1,10,-1,1,-1
201504SA15589,3,9,0,3,0,1,0,0,0,0,2,1,2,2,27,6,1390,1,12,-1,1,-1
201504SA15590,1,9,0,16,0,0,2,0,8,10,3,1,6,2,42,7,1299,1,10,-1,3,-1
201504SA15591,1,9,0,4,0,0,0,0,0,0,1,1,2,1,19,4,1596,1,-1,-1,-1,-1
201504SA15591,2,9,0,4,0,0,0,0,0,0,2,1,2,2,23,5,998,1,8,-1,1,-1
201504SA15592,1,9,0,8,0,1,0,0,0,0,0,1,6,1,51,8,1360,1,8,-1,1,-1
201504SA15593,1,9,0,18,0,0,0,0,0,0,1,1,6,1,81,11,1493,2,4,-1,1,-1
201504SA15593,2,9,0,3,0,0,0,0,0,0,2,1,6,1,66,10,1242,1,15,-1,1,-1
201504SA15593,3,9,0,3,0,0,0,0,0,0,2,1,6,2,41,7,1753,2,13,-1,1,-1
201504SA15594,1,9,0,9,0,8,0,0,0,0,1,1,2,1,28,6,1389,1,13,-1,1,-1
201504SA15594,2,9,0,5,0,8,0,0,0,0,1,1,2,2,50,8,1596,1,12,-1,1,-1
201504SA15595,1,9,0,18,0,1,0,0,0,0,1,1,6,2,22,5,1197,1,-1,-1,1,-1
201504SA15595,2,9,0,3,0,1,0,0,0,0,4,1,6,1,43,7,-1,-1,-1,-1,1,-1
201504SA15596,1,9,0,18,0,1,0,0,0,0,1,1,6,2,81,11,1598,1,8,-1,1,-1
201504SA15596,2,9,0,2,0,1,0,0,0,0,2,1,6,3,-1,-1,1398,1,2,-1,-1,-1
201504SA15600,1,9,0,18,0,4,0,0,0,0,3,1,6,2,18,4,1368,1,5,-1,1,-1
201504SA15600,2,9,0,18,0,4,0,0,0,0,1,1,6,1,28,6,1527,2,14,-1,1,-1
201504SA15601,1,9,0,18,0,0,0,0,0,0,1,1,6,1,53,8,1242,1,12,-1,1,-1
201504SA15601,2,9,0,3,0,0,0,0,0,0,2,1,6,2,59,9,1398,1,2,-1,1,-1
201504SA15602,1,9,0,9,0,6,0,0,7,10,3,1,6,1,22,5,1596,1,16,-1,3,-1
201504SA15602,2,9,0,18,0,8,0,0,0,0,1,1,6,1,25,5,2143,2,4,-1,1,-1
201504SA15603,1,19,0,16,0,0,0,0,0,0,1,1,6,1,67,10,1560,2,6,-1,1,-1
201504SA15603,2,9,0,17,0,0,0,0,0,0,1,1,6,1,39,7,1596,1,14,-1,1,-1
201504SA15604,1,9,0,18,0,1,0,0,0,0,1,1,6,1,22,5,1686,2,9,-1,1,-1
201504SA15604,2,9,0,18,0,1,0,0,0,0,2,1,6,1,51,8,2967,2,3,-1,1,-1
201504SA15605,1,8,0,18,0,1,0,0,0,0,1,1,1,1,27,6,2148,2,6,-1,1,-1
201504SA15605,2,90,0,7,0,5,0,0,0,0,4,1,1,1,39,7,-1,-1,-1,-1,1,-1
201504SA15606,1,9,0,9,0,8,0,0,4,1,1,1,2,1,26,6,1497,1,11,-1,1,-1
201504SA15606,2,9,0,18,0,8,0,0,0,0,1,1,6,1,31,6,2497,2,8,-1,1,-1
201504SA15607,1,9,0,7,0,2,0,0,0,0,3,1,6,2,57,9,1390,1,4,-1,1,-1
201504SA15607,2,5,0,18,0,8,0,0,0,0,1,1,6,1,66,10,1250,1,16,-1,1,-1
201504SA15608,1,9,0,10,0,1,0,0,0,0,1,1,6,1,49,8,2953,2,12,-1,3,-1
201504SA15608,2,9,0,10,0,1,0,0,0,0,2,1,6,2,26,6,1896,2,6,-1,1,-1
201504SA15609,1,19,0,18,0,0,0,0,0,0,1,1,1,1,35,6,1968,2,1,-1,1,-1
201504SA15609,2,9,0,18,0,0,1,0,0,0,2,1,6,1,71,10,1796,1,22,-1,3,-1
201504SA15610,1,9,0,18,0,0,0,0,0,0,0,1,6,2,77,11,1248,1,-1,-1,1,-1
201504SA15610,2,9,0,18,0,0,0,0,0,0,1,1,6,1,24,5,-1,-1,-1,-1,3,-1
201504SA15610,3,9,0,18,0,0,0,0,1,0,2,1,1,1,36,7,-1,-1,-1,-1,-1,-1
201504SA15611,1,9,0,18,0,3,0,0,0,0,1,1,6,1,79,11,1299,1,11,-1,1,-1
201504SA15611,2,1,0,18,0,3,0,0,0,0,2,1,6,1,76,11,-1,-1,-1,-1,1,-1
201504SA15612,1,21,1,11,0,0,0,0,0,0,1,1,1,1,37,7,12740,2,5,-1,1,-1
201504SA15612,2,9,0,18,0,0,1,0,0,6,2,1,6,2,33,6,1364,1,7,-1,1,-1
201504SA15612,3,19,0,18,0,0,1,0,0,0,1,1,6,1,48,8,1399,2,7,-1,1,-1
201504SA15613,1,9,0,18,0,0,0,0,0,0,1,1,6,3,-1,-1,-1,-1,-1,-1,-1,-1
201504SA15613,2,1,0,18,0,0,0,0,0,0,2,1,6,1,50,8,-1,-1,-1,-1,1,-1
201504SA15614,1,9,0,5,0,6,0,0,0,0,1,1,6,1,52,8,1969,2,1,-1,1,-1
201504SA15614,2,9,0,4,0,1,0,0,0,0,4,1,2,1,28,6,-1,-1,-1,-1,1,-1
201504SA15615,1,9,0,9,0,5,0,0,0,0,1,1,6,3,-1,-1,-1,-1,-1,-1,-1,-1
201504SA15616,1,9,0,3,0,0,0,0,0,0,1,1,2,1,22,5,1560,2,7,-1,1,-1
201504SA15616,2,9,0,18,0,0,0,0,0,0,0,1,1,3,50,8,-1,-1,-1,-1,-1,-1
201504SA15617,1,9,0,7,0,5,0,0,0,0,1,1,6,1,-1,-1,2793,1,20,-1,-1,-1
201504SA15617,2,9,0,10,0,1,0,0,0,0,3,1,6,2,46,8,1199,1,12,-1,1,-1
201504SA15618,1,9,0,18,0,1,0,0,0,0,1,1,6,1,85,11,1997,1,9,-1,1,-1
201504SA15618,2,9,0,3,0,1,0,0,0,0,2,1,6,1,52,8,1364,2,3,-1,1,-1
201504SB15001,1,9,0,13,0,0,0,0,0,0,0,1,6,1,56,9,1197,1,5,-1,1,-1
201504SB15001,2,9,0,18,0,0,0,0,0,0,1,1,6,2,80,11,1560,2,1,-1,1,-1
201504SB15001,3,9,0,18,0,0,1,0,1,0,1,1,6,2,51,8,1587,1,21,-1,3,-1
201504SB15002,1,9,0,9,0,8,0,0,0,0,1,1,6,2,46,8,-1,-1,-1,-1,1,-1
201504SB15003,1,9,0,9,0,4,0,0,0,0,3,1,6,2,63,9,1364,1,7,-1,1,-1
201504SB15003,2,1,0,18,0,4,0,0,0,0,1,1,6,1,18,4,-1,-1,-1,-1,-1,-1
201504SB15004,1,9,0,18,0,0,0,0,1,0,1,1,6,1,81,11,1398,1,2,-1,-1,-1
201504SB15004,2,21,0,18,0,0,0,0,0,0,2,1,1,1,45,7,10837,2,1,-1,1,-1
201504SB15005,1,9,0,18,0,6,0,0,0,0,1,1,1,1,54,8,1596,1,11,-1,2,-1
201504SB15005,2,9,0,18,0,8,0,10,1,10,4,1,1,1,30,6,1998,2,9,-1,1,-1
201504SB15006,1,9,0,17,0,0,1,0,0,0,1,1,6,1,47,8,-1,-1,-1,-1,1,-1
201504SB15006,2,9,0,18,0,0,0,0,0,0,1,1,1,1,49,8,2616,1,11,-1,1,-1
201504SB15007,1,9,0,13,0,0,2,0,0,0,4,1,6,1,44,7,2497,2,8,-1,1,-1
201504SB15007,2,17,4,18,0,0,0,0,0,0,3,1,1,1,46,8,-1,2,5,-1,3,-1
201504SB15008,1,9,0,18,0,8,0,0,0,0,3,1,6,1,31,6,-1,-1,-1,-1,1,-1
201504SB15008,2,9,0,18,0,8,0,0,0,0,4,1,2,1,42,7,1560,2,8,-1,1,-1
201504SB15008,3,9,0,3,0,1,0,0,0,0,3,1,6,1,24,5,1995,2,3,-1,1,-1
201504SB15008,4,9,0,3,0,1,0,0,0,0,2,1,6,1,78,11,1390,1,3,-1,1,-1
201504SB15009,1,9,0,4,0,1,0,0,0,0,1,1,6,2,23,5,999,1,6,-1,2,-1
201504SB15009,2,9,0,3,0,4,0,0,0,0,2,1,6,2,34,6,1461,2,6,-1,1,-1
201504SB15010,1,9,0,18,0,2,0,0,0,0,1,1,6,3,-1,-1,-1,-1,-1,-1,-1,-1
201504SB15010,2,9,0,18,0,1,0,0,0,0,3,1,6,1,21,5,1389,1,11,-1,2,-1
201504SB15011,1,21,1,18,0,8,0,0,0,0,1,2,1,1,48,8,-1,-1,-1,-1,-1,-1
201504SB15011,2,9,0,9,0,8,0,0,0,0,3,1,6,1,65,9,-1,-1,-1,-1,3,-1
201504SB15012,1,9,0,17,0,0,0,0,0,0,1,1,6,1,29,6,1598,1,11,-1,1,-1
201504SB15013,1,9,0,16,0,0,0,0,1,4,1,1,6,1,29,6,1388,1,8,-1,1,-1
201504SB15014,1,9,0,17,0,2,1,0,7,4,1,1,6,2,21,5,1299,1,12,-1,3,-1
201504SB15015,1,9,0,18,0,0,2,0,1,0,4,1,6,1,23,5,-1,-1,-1,-1,1,-1
201504SB15016,1,20,0,18,0,8,0,0,0,0,4,1,1,1,59,9,4461,2,2,-1,1,-1
201504SB15017,1,9,0,18,0,0,2,10,1,0,3,1,6,2,52,8,-1,-1,-1,-1,3,-1
201504SB15018,1,9,0,18,0,1,0,0,0,0,1,1,6,2,41,7,1598,1,6,-1,1,-1
201504SB15018,2,9,0,3,0,1,0,0,0,0,2,1,6,2,51,8,1124,1,14,-1,-1,-1
201504SB15019,1,9,0,17,0,8,1,0,7,10,1,1,6,2,41,7,1896,2,7,-1,1,-1
201504SB15021,1,9,0,9,0,8,0,0,0,0,3,1,6,2,82,11,-1,-1,-1,-1,1,-1
201504SB15021,2,9,0,9,0,8,0,0,0,0,3,1,6,2,38,7,-1,-1,-1,-1,1,-1
201504SB15022,1,9,0,18,0,8,0,11,1,2,1,1,6,1,21,5,1686,2,3,-1,1,-1
201504SB15023,1,9,0,9,0,0,0,0,0,0,3,1,1,1,39,7,1956,2,2,-1,2,-1
201504SB15023,2,5,0,14,0,0,0,0,7,0,4,1,1,1,22,5,690,1,1,-1,1,-1
201504SB15024,1,9,0,18,0,0,2,0,2,10,1,1,2,2,22,5,-1,-1,-1,-1,1,-1
201504SB15025,1,9,0,16,0,0,5,0,7,9,1,1,1,2,29,6,-1,-1,-1,-1,1,-1
201504SB15026,1,9,0,5,0,8,0,0,0,0,1,1,2,2,36,7,2987,2,5,-1,2,-1
201504SB15026,2,5,0,18,0,8,1,0,0,0,3,1,2,1,23,5,798,1,4,-1,1,-1
201504SB15027,1,9,0,9,0,6,0,0,0,0,3,1,4,1,33,6,1997,2,7,-1,1,-1
201504SB15027,2,9,0,18,0,8,0,0,0,0,1,1,6,2,43,7,1206,1,5,-1,1,-1
201504SB15028,1,9,0,17,0,2,1,0,7,10,2,1,2,2,59,9,1596,1,8,-1,1,-1
201504SB15029,1,9,0,18,0,0,0,0,1,10,1,1,6,1,71,10,1299,1,9,-1,3,-1
201504SB15030,1,9,0,16,0,0,1,0,7,10,4,1,1,2,25,5,-1,-1,-1,-1,3,-1
201504SB15030,2,9,0,17,0,0,0,0,0,0,1,1,6,1,82,11,1582,2,-1,-1,2,-1
201504SB15031,1,9,0,4,0,4,0,0,0,0,1,1,6,1,39,7,1975,1,14,-1,1,-1
201504SB15031,2,9,0,4,0,4,0,0,0,0,2,1,6,2,20,4,1229,1,4,-1,1,-1
201504SB15032,1,9,0,13,0,0,0,0,0,0,4,1,6,3,-1,-1,-1,-1,-1,-1,-1,-1
201504SB15032,2,1,0,18,0,0,0,0,0,0,3,1,2,1,23,5,-1,-1,-1,-1,1,-1
201504SB15033,1,9,0,18,9,0,0,0,7,1,1,1,6,1,31,6,1229,1,8,-1,-1,-1
201504SB15034,1,19,0,11,0,0,1,7,8,0,1,1,1,1,25,5,1870,2,9,-1,1,-1
201504SB15034,2,9,0,18,0,0,1,7,0,0,2,1,1,2,25,5,1596,1,4,-1,1,-1
201504SB15035,1,9,0,18,0,0,0,0,4,6,1,1,6,1,29,6,1560,2,8,-1,1,-1
201504SB15035,2,9,0,18,0,0,0,0,0,0,1,1,6,2,58,9,1997,1,1,-1,1,-1
201504SB15036,1,9,0,18,0,6,0,0,0,0,1,1,6,1,85,11,1598,1,13,-1,1,-1
201504SB15036,2,9,0,18,0,8,0,0,0,0,4,1,6,2,86,11,-1,-1,-1,-1,3,-1
201504SB15037,1,9,0,18,0,0,0,0,0,0,1,1,6,1,31,6,1896,2,11,-1,1,-1
201504SB15037,2,21,4,2,0,0,0,0,0,0,2,1,6,1,44,7,-1,-1,-1,-1,1,-1
201504SB15039,1,9,0,4,0,1,0,0,0,0,1,1,6,1,23,5,973,1,13,-1,1,-1
201504SB15039,2,9,0,3,0,8,0,0,0,0,2,1,6,2,58,9,1242,1,3,-1,2,-1
201504SB15039,3,9,0,3,0,8,0,0,0,0,2,1,6,1,25,5,1900,2,9,-1,1,-1
201504SB15039,4,9,0,3,0,8,0,0,0,0,2,1,6,1,51,8,1497,1,12,-1,1,-1
201504SB15040,1,9,0,14,0,0,0,0,0,0,3,1,6,3,-1,-1,-1,-1,-1,-1,-1,-1
201504SB15040,2,1,0,18,0,0,0,0,1,0,3,1,1,1,52,8,-1,-1,-1,-1,3,-1
201504SB15041,1,3,0,5,0,6,1,0,0,0,3,1,2,1,19,4,125,1,1,-1,3,-1
201504SB15042,1,9,0,18,0,0,1,0,0,1,4,1,2,1,38,7,2204,2,11,-1,1,-1
201504SB15042,2,21,1,18,0,0,0,0,0,0,1,1,1,1,57,9,12580,2,10,-1,1,-1
201504SB15043,1,19,0,18,0,8,0,0,0,0,1,1,1,1,55,8,1598,2,3,-1,3,-1
201504SB15044,1,9,0,17,0,0,0,0,1,10,1,1,6,1,53,8,1598,1,6,-1,1,-1
201504SB15045,1,9,0,5,9,2,0,0,0,0,1,1,6,1,42,7,1229,1,7,-1,1,-1
201504SB15046,1,9,0,4,0,0,0,0,0,0,1,1,6,2,21,5,1124,1,9,-1,1,-1
201504SB15046,2,9,0,3,0,0,0,0,0,0,2,1,6,2,19,4,1242,1,1,-1,1,-1
201504SB15046,3,9,0,3,0,0,0,0,0,0,2,1,6,1,20,4,-1,-1,-1,-1,1,-1
201504SB15046,4,9,0,4,0,0,0,0,0,0,1,1,6,2,20,4,1242,1,1,-1,1,-1
201504SB15047,1,9,0,18,0,8,0,0,0,0,1,1,2,1,54,8,-1,-1,-1,-1,1,-1
201504SB15047,2,9,0,18,0,8,0,0,0,0,3,1,1,1,45,7,1248,2,9,-1,1,-1
201504SB15048,1,9,0,4,0,0,0,0,7,10,3,1,6,1,49,8,2268,2,1,-1,1,-1
201504SB15049,1,9,0,9,0,6,0,0,0,0,3,1,6,2,20,4,-1,-1,-1,-1,3,-1
201504SB15049,2,19,0,18,0,1,0,0,0,0,1,1,1,1,21,5,1560,2,4,-1,1,-1
201504SB15050,1,9,0,15,0,1,0,0,0,0,4,1,6,2,26,6,1388,1,14,-1,1,-1
201504SB15050,2,20,0,9,0,1,0,0,0,0,3,1,1,1,44,7,-1,-1,-1,-1,1,-1
201504SB15051,1,1,0,4,0,6,0,0,0,0,3,1,6,1,15,3,-1,-1,-1,-1,1,-1
201504SB15051,2,9,0,17,0,8,0,0,0,0,1,1,6,1,19,4,998,1,2,-1,1,-1
201504SB15052,1,9,0,18,0,1,0,0,0,0,1,1,3,2,36,7,1896,2,9,-1,2,-1
201504SB15052,2,9,0,4,0,1,0,0,0,0,2,1,6,1,51,8,1968,2,7,-1,1,-1
201504SB15053,1,5,0,12,0,0,2,0,0,0,1,1,6,1,33,6,996,1,18,-1,2,-1
201504SB15053,2,9,0,18,0,0,0,0,0,0,1,1,6,1,75,10,-1,-1,-1,-1,3,-1
201504SB15054,1,9,0,4,0,0,0,0,0,0,2,1,6,1,44,7,1896,2,10,-1,2,-1
201504SB15054,2,9,0,3,0,0,0,0,0,0,1,1,6,2,20,4,998,1,6,-1,2,-1
201504SB15055,1,19,0,13,0,8,0,0,0,0,1,1,1,1,56,9,-1,-1,-1,-1,1,-1
201504SB15055,2,9,0,18,0,8,0,0,0,0,1,1,6,1,49,8,2967,1,12,-1,1,-1
201504SB15056,1,9,0,9,0,8,0,0,0,0,1,1,6,1,79,11,2204,2,6,-1,2,-1
201504SB15056,2,9,0,18,0,8,0,0,0,0,1,1,6,1,66,10,-1,-1,-1,-1,1,-1
201504SB15057,1,9,0,14,0,0,0,0,0,0,4,1,6,2,51,8,1598,1,12,-1,1,-1
201504SB15058,1,9,0,18,0,1,0,0,0,0,1,1,6,1,70,10,1956,2,5,-1,1,-1
201504SB15058,2,90,0,18,0,2,0,0,0,0,1,1,6,1,44,7,-1,-1,-1,-1,1,-1
201504SB15059,1,11,0,9,0,8,0,0,0,0,4,1,1,1,49,8,4250,1,4,-1,2,-1
201504SB15059,2,5,0,18,0,1,5,0,0,0,1,1,6,1,36,7,999,1,8,-1,1,-1
201504SB15060,1,9,0,18,0,0,0,0,7,10,1,1,2,1,48,8,1988,1,14,-1,1,-1
201504SB15060,2,9,0,18,0,0,0,0,0,0,1,1,2,2,55,8,1685,2,1,-1,2,-1
201504SB15061,1,9,0,18,0,0,1,0,1,4,1,1,6,2,54,8,1299,1,16,-1,3,-1
201504SB15062,1,9,0,18,0,8,0,0,0,0,1,1,6,1,67,10,1985,1,14,-1,1,-1
201504SB15062,2,9,0,18,0,8,0,0,0,0,3,1,6,2,37,7,1391,1,17,-1,2,-1
201504SB15063,1,9,0,9,0,8,0,0,0,0,3,1,6,2,21,5,3200,2,9,-1,1,-1
201504SB15063,2,9,0,18,0,8,0,0,0,0,4,1,6,1,34,6,1587,1,9,-1,1,-1
201504SB15064,1,9,0,17,0,1,5,11,2,10,1,1,6,1,38,7,1995,2,12,-1,3,-1
201504SB15065,1,5,0,17,0,0,5,10,1,10,1,1,6,1,37,7,999,1,7,-1,1,-1
201504SB15066,1,9,0,18,0,0,0,0,0,0,4,1,6,1,26,6,1997,2,7,-1,1,-1
201504SB15068,1,5,0,18,0,8,2,10,0,0,1,1,6,1,45,7,750,1,5,-1,2,-1
201504SB15068,2,9,0,10,0,8,2,0,0,0,2,1,6,1,24,5,1229,1,7,-1,2,-1
201504SB15069,1,9,0,9,0,1,0,0,0,0,1,1,1,1,37,7,1560,2,3,-1,3,-1
201504SB15069,2,9,0,18,0,1,5,0,0,0,1,1,1,2,56,9,998,1,7,-1,1,-1
201504SB15070,1,9,0,9,0,0,0,0,0,0,1,1,6,1,47,8,1997,2,5,-1,1,-1
201504SB15070,2,9,0,18,0,0,0,0,0,0,1,1,6,1,22,5,1984,1,5,-1,1,-1
201504SB15071,1,9,0,18,0,0,0,0,0,0,1,1,6,2,44,7,1598,1,12,-1,1,-1
201504SB15071,2,9,0,18,0,0,0,0,0,0,2,1,6,2,52,8,1596,1,7,-1,-1,-1
201504SB15072,1,9,0,1,0,0,0,0,0,0,0,1,1,1,47,8,2494,2,11,-1,1,-1
201504SB15073,1,9,0,16,0,0,1,0,7,4,3,1,6,1,19,4,-1,-1,-1,-1,1,-1
201504SB15074,1,5,0,18,0,8,2,0,0,0,1,1,6,1,38,7,999,1,4,-1,1,-1
201504SB15074,2,9,0,3,0,4,0,0,0,0,3,1,6,2,48,8,1360,1,9,-1,1,-1
201504SB15076,1,21,5,18,0,0,2,10,1,2,1,1,1,1,26,6,5480,2,14,-1,1,-1
201504SB15076,2,9,0,4,0,0,0,10,1,0,1,1,6,2,42,7,1149,1,10,-1,1,-1
201504SB15077,1,2,0,18,9,0,2,0,1,2,1,1,6,1,23,5,-1,-1,-1,-1,1,-1
201504SB15078,1,9,0,9,0,6,0,0,0,0,3,1,6,2,42,7,1242,1,11,-1,2,-1
201504SB15078,2,3,0,18,0,1,0,0,0,0,1,1,6,1,21,5,125,1,3,-1,1,-1
201504SB15079,1,9,0,9,0,8,0,0,0,0,1,1,2,2,50,8,1560,2,2,-1,3,-1
201504SB15079,2,9,0,18,0,8,0,0,0,0,1,1,2,2,32,6,1596,1,8,-1,2,-1
201504SB15079,3,9,0,7,0,1,0,0,0,0,3,1,2,2,48,8,1598,1,1,-1,1,-1
201504SB15080,1,1,0,9,0,0,1,0,0,0,2,1,6,1,9,2,-1,-1,-1,-1,1,-1
201504SB15080,2,9,0,18,0,0,0,0,0,0,1,1,6,1,61,9,1242,1,2,-1,2,-1
201504SB15081,1,9,0,14,0,0,0,0,0,0,3,1,6,1,50,8,-1,-1,-1,-1,2,-1
201504SB15081,2,11,0,2,0,0,0,0,0,0,3,1,6,1,49,8,6696,2,1,-1,1,-1
201504SB15081,3,9,0,18,0,0,0,0,0,0,3,1,6,1,24,5,1956,2,5,-1,2,-1
201504SB15082,1,9,0,18,0,8,1,0,2,1,3,1,6,1,27,6,1905,2,17,-1,1,-1
201504SB15082,2,9,0,18,0,8,1,0,0,0,1,1,6,1,59,9,1798,1,5,-1,1,-1
201504SB15083,1,9,0,1,6,0,0,0,0,0,2,1,6,1,84,11,1596,1,13,-1,1,-1
201504SB15083,2,9,0,2,6,0,0,0,0,0,2,1,6,2,53,8,1461,2,3,-1,1,-1
201504SB15084,1,9,0,18,0,0,0,0,0,0,3,1,6,1,51,8,1998,1,10,-1,3,-1
201504SB15084,2,1,0,18,9,0,1,0,0,0,2,1,6,1,12,3,-1,-1,-1,-1,1,-1
201504SB15085,1,19,0,18,0,0,0,0,0,0,4,1,2,1,36,7,2198,2,5,-1,1,-1
201504SB15087,1,9,0,5,0,6,0,0,0,0,0,1,6,1,45,7,-1,-1,-1,-1,1,-1
201504SB15087,2,9,0,18,0,1,0,0,7,10,1,1,6,1,29,6,1560,2,6,-1,1,-1
201504SB15088,1,1,0,18,0,0,0,0,0,0,1,1,6,1,7,2,-1,-1,-1,-1,1,-1
201504SB15088,2,9,0,5,0,0,0,0,0,0,3,1,2,2,61,9,1956,2,1,-1,1,-1
201504SB15089,1,9,0,5,0,0,0,0,0,0,0,1,1,1,52,8,1753,2,7,-1,1,-1
201504SB15090,1,9,0,5,0,8,0,0,0,0,1,1,6,2,21,5,998,1,14,-1,1,-1
201504SB15090,2,9,0,18,0,8,0,0,0,0,1,1,6,2,23,5,1242,1,6,-1,2,-1
201504SB15091,1,3,0,17,0,0,2,0,0,0,3,1,6,1,18,4,124,1,9,-1,2,-1
201504SB15092,1,9,0,18,0,1,0,0,0,0,1,1,1,2,37,7,1598,2,3,-1,1,-1
201504SB15092,2,9,0,9,0,1,0,0,0,0,2,1,1,2,41,7,1108,1,6,-1,1,-1
201504SB15093,1,9,0,18,0,0,0,0,2,10,1,1,6,2,24,5,1796,1,7,-1,1,-1
201504SB15094,1,9,0,4,0,0,0,0,0,0,0,1,6,3,-1,-1,-1,-1,-1,-1,-1,-1
201504SB15094,2,1,0,4,0,0,0,0,0,0,1,1,6,1,44,7,-1,-1,-1,-1,3,-1
201504SB15095,1,9,0,16,0,0,1,0,7,9,1,1,6,1,26,6,1995,2,2,-1,-1,-1
201504SB15095,2,9,0,18,0,0,0,0,0,0,0,1,1,1,42,7,2993,2,2,-1,1,-1
201504SB15096,1,9,0,9,0,1,0,0,0,0,1,1,6,1,69,10,998,1,2,-1,2,-1
201504SB15096,2,1,0,18,0,8,5,0,0,0,3,1,1,1,50,8,-1,-1,-1,-1,2,-1
201504SB15097,1,17,0,17,0,2,0,12,0,0,3,1,1,1,74,10,-1,2,5,-1,3,-1
201504SB15097,2,5,0,17,0,7,5,0,0,0,3,1,6,1,45,7,998,1,90,-1,3,-1
201504SB15098,1,9,0,4,0,8,0,0,7,9,1,1,1,1,35,6,1582,2,2,-1,1,-1
201504SB15099,1,2,0,18,0,0,0,0,0,0,3,1,6,1,36,7,-1,-1,-1,-1,1,-1
201504SB15099,2,9,0,6,0,0,0,0,0,0,3,1,6,2,43,7,1329,1,2,-1,-1,-1
201504SB15100,1,21,0,13,0,0,0,0,0,0,4,1,1,1,55,8,6374,2,2,-1,2,-1
201504SB15100,2,21,1,18,0,0,0,0,0,0,3,1,1,1,56,9,11967,2,4,-1,1,-1
201504SB15101,1,9,0,17,0,0,1,10,7,4,1,1,6,2,23,5,1560,2,5,-1,1,-1
201504SB15102,1,9,0,16,0,0,1,10,7,4,1,1,6,1,22,5,1598,1,5,-1,2,-1
201504SB15103,1,9,0,1,0,8,0,0,0,0,3,2,6,1,21,5,-1,-1,-1,-1,1,-1
201504SB15103,2,3,0,18,0,8,0,0,7,0,1,1,6,1,18,4,124,1,4,-1,1,-1
201504SB15104,1,3,0,16,0,0,0,10,7,2,1,1,6,1,32,6,125,1,6,-1,1,-1
201504SB15105,1,9,0,18,0,0,0,0,0,0,1,1,6,3,-1,-1,1242,1,8,-1,-1,-1
201504SB15105,2,19,0,18,0,0,0,0,0,0,2,1,1,1,37,7,1753,2,7,-1,1,-1
201504SB15106,1,21,1,9,0,8,0,0,0,0,3,2,1,1,40,7,-1,-1,-1,-1,-1,-1
201504SB15106,2,9,0,18,0,8,0,0,0,0,3,1,6,2,20,4,796,1,11,-1,1,-1