Accident_Index,Vehicle_Reference,Vehicle_Type,Towing_and_Articulation,Vehicle_Manoeuvre,Vehicle_Location-Restricted_Lane,Junction_Location,Skidding_and_Overturning,Hit_Object_in_Carriageway,Vehicle_Leaving_Carriageway,Hit_Object_off_Carriageway,1st_Point_of_Impact,Was_Vehicle_Left_Hand_Drive?,Journey_Purpose_of_Driver,Sex_of_Driver,Age_of_Driver,Age_Band_of_Driver,Engine_Capacity_(CC),Propulsion_Code,Age_of_Vehicle,Driver_IMD_Decile,Driver_Home_Area_Type,Vehicle_IMD_Decile
201504SB15107,1,5,0,13,0,0,5,0,0,0,1,1,6,1,27,6,656,1,10,-1,1,-1
201504SB15107,2,9,0,16,0,0,0,0,0,0,1,1,6,1,46,8,1560,2,4,-1,1,-1
201504SB15107,3,9,0,18,0,0,0,0,0,0,3,1,6,1,33,6,1896,2,17,-1,3,-1
201504SB15107,4,9,0,18,0,0,0,0,0,0,4,1,6,1,32,6,-1,-1,-1,-1,1,-1
201504SB15108,1,19,0,18,0,8,0,0,0,0,1,1,1,1,57,9,1560,2,6,-1,-1,-1
201504SB15108,2,19,0,18,0,8,0,0,0,0,1,1,1,1,46,8,1598,2,2,-1,1,-1
201504SB15109,1,9,0,18,0,0,0,0,0,0,1,1,1,2,41,7,1753,2,7,-1,1,-1
201504SB15109,2,9,0,18,0,0,0,0,0,0,2,1,1,1,52,8,-1,-1,-1,-1,1,-1
201504SB15110,1,9,0,17,0,0,0,0,0,0,1,1,2,1,22,5,1299,1,15,-1,1,-1
201504SB15110,2,9,0,16,0,0,0,0,0,0,1,1,2,1,39,7,-1,-1,-1,-1,2,-1
201504SB15111,1,9,0,18,0,0,0,0,0,0,4,1,6,1,80,11,1598,1,5,-1,-1,-1
201504SB15111,2,1,0,18,0,0,0,0,0,0,4,1,6,1,22,5,-1,-1,-1,-1,1,-1
201504SB15112,1,9,0,18,0,8,0,0,0,0,3,1,6,2,85,11,-1,-1,-1,-1,-1,-1
201504SB15112,2,9,0,18,0,8,0,0,0,0,4,1,6,1,45,7,1995,1,13,-1,1,-1
201504SB15113,1,9,0,18,0,2,0,0,0,0,1,1,6,1,49,8,1398,2,1,-1,1,-1
201504SB15113,2,9,0,18,0,1,0,0,0,0,4,1,1,1,51,8,1997,2,1,-1,1,-1
201504SB15114,1,9,0,11,0,1,0,0,0,0,0,1,1,1,24,5,1296,1,9,-1,-1,-1
201504SB15114,2,9,0,18,0,8,0,0,2,0,0,1,1,2,21,5,1229,1,-1,-1,1,-1
201504SB15117,1,9,0,2,0,0,0,4,0,0,1,1,6,2,41,7,1493,1,15,-1,2,-1
201504SB15118,1,9,0,18,0,0,0,0,0,0,4,1,6,2,60,9,1560,2,1,-1,1,-1
201504SB15119,1,10,0,18,0,0,1,0,0,0,1,1,1,1,57,9,-1,-1,-1,-1,1,-1
201504SB15120,1,5,0,17,0,0,0,0,0,0,4,1,6,1,27,6,599,1,10,-1,2,-1
201504SB15121,1,9,0,9,0,8,0,0,0,0,2,1,6,1,51,8,1329,1,3,-1,3,-1
201504SB15121,2,9,0,18,0,1,0,0,1,10,1,1,6,1,30,6,2993,2,5,-1,3,-1
201504SB15122,1,9,0,3,0,6,0,0,0,0,1,1,1,1,43,7,1560,2,7,-1,2,-1
201504SB15122,2,1,0,18,0,8,0,0,0,0,3,1,1,1,27,6,-1,-1,-1,-1,1,-1
201504SB15123,1,9,0,18,0,4,0,0,0,0,1,1,6,1,30,6,1242,1,8,-1,1,-1
201504SB15123,2,90,0,9,0,4,0,0,0,0,3,1,1,1,18,4,-1,-1,-1,-1,1,-1
201504SB15124,1,9,0,13,0,2,0,0,0,0,4,1,6,3,-1,-1,-1,-1,-1,-1,-1,-1
201504SB15124,2,1,0,18,0,2,0,0,1,0,3,1,6,1,45,7,-1,-1,-1,-1,1,-1
201504SB15125,1,9,0,18,0,2,0,0,0,0,4,1,2,1,53,8,1796,1,9,-1,2,-1
201504SB15125,2,1,0,18,0,2,0,0,0,0,3,1,2,1,37,7,-1,-1,-1,-1,2,-1
201504SB15126,1,90,0,9,0,6,5,0,0,0,1,1,6,2,84,11,-1,-1,-1,-1,2,-1
201504SB15126,2,21,0,18,0,2,0,0,0,0,4,1,1,1,40,7,6871,2,2,-1,1,-1
201504SB15127,1,9,0,9,0,8,0,0,0,0,3,1,6,2,43,7,1390,1,15,-1,2,-1
201504SB15127,2,1,0,18,0,8,0,0,0,0,1,1,2,1,40,7,-1,-1,-1,-1,1,-1
201504SB15128,1,17,4,18,0,8,0,0,0,0,0,1,1,1,28,6,-1,2,3,-1,3,-1
201504SB15128,2,5,0,17,0,8,2,0,0,0,3,1,6,1,51,8,865,1,2,-1,1,-1
201504SB15128,3,5,0,17,0,8,2,0,0,0,3,1,6,1,67,10,750,1,37,-1,1,-1
201504SB15129,1,21,1,18,0,1,0,0,0,0,1,1,1,1,35,6,11705,2,9,-1,1,-1
201504SB15129,2,9,0,9,0,8,0,0,3,0,3,1,6,1,19,4,1149,1,12,-1,2,-1
201504SB15130,1,1,0,16,0,0,2,0,0,0,1,1,6,1,46,8,-1,-1,-1,-1,1,-1
201504SB15130,2,19,0,18,0,0,0,0,0,0,3,1,1,1,30,6,2402,2,12,-1,3,-1
201504SB15131,1,19,0,18,0,0,0,0,0,0,1,1,6,1,45,7,2198,2,3,-1,1,-1
201504SB15131,2,9,0,18,0,0,0,0,0,0,2,1,6,1,54,8,1968,2,2,-1,-1,-1
201504SB15132,1,9,0,18,0,1,1,10,0,0,3,1,6,1,45,7,2184,2,9,-1,1,-1
201504SB15133,1,9,0,18,0,1,0,0,0,0,1,1,1,1,43,7,1997,2,6,-1,1,-1
201504SB15133,2,1,0,18,0,1,5,0,0,0,1,1,6,1,21,5,-1,-1,-1,-1,1,-1
201504SB15134,1,9,0,10,0,1,0,0,0,0,0,1,6,2,48,8,1998,2,5,-1,3,-1
201504SB15135,1,20,0,18,0,0,0,0,1,3,1,1,1,1,34,6,4580,2,9,-1,1,-1
201504SB15136,1,9,0,18,0,0,0,11,7,4,4,1,2,2,23,5,998,1,6,-1,3,-1
201504SB15137,1,9,0,18,0,0,0,0,0,0,1,1,6,3,-1,-1,-1,-1,-1,-1,-1,-1
201504SB15137,2,2,0,18,0,0,2,0,0,0,1,1,6,1,46,8,49,1,6,-1,1,-1
201504SB15138,1,9,0,9,0,2,1,0,1,4,1,1,6,1,20,4,1388,1,10,-1,1,-1
201504SB15139,1,9,0,18,0,0,1,0,2,4,1,1,6,1,19,4,1386,1,8,-1,1,-1
201504SB15140,1,5,0,16,0,8,0,0,0,0,1,1,2,1,53,8,1187,1,6,-1,1,-1
201504SB15140,2,11,0,16,0,8,0,0,0,0,1,1,1,1,46,8,5900,2,8,-1,1,-1
201504SB15141,1,9,0,18,0,0,0,0,0,0,3,1,6,2,58,9,1498,1,4,-1,1,-1
201504SB15141,2,9,0,18,0,0,0,0,0,0,3,1,6,1,85,11,1596,1,3,-1,2,-1
201504SB15142,1,1,0,18,0,0,0,0,0,0,1,1,6,1,15,3,-1,-1,-1,-1,2,-1
201504SB15142,2,9,0,10,0,0,0,0,0,0,2,1,6,2,29,6,1560,2,1,-1,2,-1
201504SB15143,1,9,0,9,0,8,0,0,0,0,3,1,6,2,49,8,2398,1,17,-1,1,-1
201504SB15143,2,5,0,18,0,8,0,0,0,0,4,1,6,1,35,6,599,1,15,-1,1,-1
201504SB15144,1,9,0,7,0,2,0,0,0,0,3,1,6,1,23,5,1461,2,1,-1,1,-1
201504SB15144,2,3,0,18,0,8,0,0,0,0,4,1,6,1,17,4,124,1,4,-1,1,-1
201504SB15145,1,9,0,17,0,0,0,0,0,0,1,1,6,1,-1,-1,1798,1,11,-1,-1,-1
201504SB15145,2,9,0,17,0,0,0,0,2,0,3,1,6,2,35,6,1339,1,3,-1,1,-1
201504SB15146,1,9,0,18,0,1,0,0,0,0,1,1,6,3,-1,-1,-1,-1,-1,-1,-1,-1
201504SB15146,2,9,0,8,0,1,0,0,0,0,2,1,6,1,68,10,1364,1,8,-1,2,-1
201504SB15147,1,9,0,18,0,0,0,0,7,3,1,1,6,1,66,10,1560,2,5,-1,2,-1
201504SB15148,1,9,0,13,0,5,5,10,7,0,4,1,6,2,23,5,1242,1,14,-1,1,-1
201504SB15148,2,9,0,9,0,5,0,0,0,0,3,1,6,1,63,9,1560,2,3,-1,1,-1
201504SB15149,1,9,0,18,0,1,0,0,0,0,1,1,6,2,43,7,1587,1,12,-1,1,-1
201504SB15149,2,9,0,18,0,1,0,0,0,0,1,1,6,1,54,8,1362,1,3,-1,3,-1
201504SB15150,1,9,0,18,0,0,1,0,1,7,2,1,2,2,49,8,1198,1,12,-1,1,-1
201504SB15151,1,9,0,18,0,4,0,0,0,0,1,1,6,1,-1,-1,1398,2,13,-1,-1,-1
201504SB15151,2,9,0,17,0,4,0,0,0,0,1,1,6,2,23,5,1997,1,10,-1,3,-1
201504SB15151,3,9,0,17,0,4,0,0,0,0,0,1,6,2,39,7,1995,2,6,-1,3,-1
201504SB15152,1,9,0,17,0,1,0,0,1,0,1,1,2,1,62,9,1398,2,11,-1,1,-1
201504SB15153,1,9,0,17,0,1,0,0,1,0,1,1,6,2,48,8,1560,2,2,-1,1,-1
201504SB15153,2,9,0,2,0,2,0,0,0,0,1,1,6,2,26,6,1229,1,7,-1,1,-1
201504SB15154,1,9,0,18,0,5,0,0,0,0,4,1,6,1,55,8,1997,2,2,-1,1,-1
201504SB15155,1,9,0,9,0,8,1,0,1,2,4,1,6,1,31,6,1400,1,16,-1,1,-1
201504SB15156,1,9,0,18,0,4,0,0,0,0,1,1,6,1,49,8,1582,2,2,-1,1,-1
201504SB15156,2,9,0,18,0,4,0,0,0,0,2,1,6,2,36,7,2362,1,14,-1,1,-1
201504SB15157,1,3,0,18,0,0,0,0,0,0,4,1,6,2,21,5,125,1,1,-1,2,-1
201504SB15157,2,9,0,9,0,0,0,0,0,0,3,1,6,1,44,7,2698,2,7,-1,1,-1
201504SB15158,1,17,4,17,0,0,0,0,1,0,3,1,1,1,70,10,-1,2,4,-1,3,-1
201504SB15158,2,9,0,4,0,0,0,0,0,0,1,1,6,2,19,4,1299,1,12,-1,2,-1
201504SB15159,1,9,0,16,0,0,0,0,0,0,1,1,6,1,20,4,1360,1,4,-1,1,-1
201504SB15159,2,9,0,18,0,0,0,0,0,0,1,1,6,2,65,9,1329,1,4,-1,2,-1
201504SB15160,1,9,0,3,0,4,0,0,0,0,1,1,6,2,35,6,1598,1,11,-1,1,-1
201504SB15160,2,9,0,3,0,4,0,0,0,0,2,1,6,1,39,7,1598,1,11,-1,1,-1
201504SB15161,1,9,0,9,0,6,0,0,0,0,1,1,6,1,71,10,1582,2,3,-1,-1,-1
201504SB15161,2,9,0,18,0,8,0,0,0,0,4,1,6,2,49,8,1242,1,2,-1,1,-1
201504SB15162,1,9,0,18,0,8,0,0,0,0,1,1,6,1,31,6,1595,1,18,-1,2,-1
201504SB15162,2,9,0,18,0,8,0,0,0,0,1,1,6,1,65,9,1248,2,6,-1,1,-1
201504SB15163,1,9,0,13,0,0,0,0,0,0,4,1,6,3,-1,-1,-1,-1,-1,-1,-1,-1
201504SB15163,2,1,0,18,0,0,0,0,0,0,3,1,6,1,85,11,-1,-1,-1,-1,1,-1
201504SB15164,1,9,0,16,0,1,1,0,1,4,1,1,6,2,55,8,1398,1,14,-1,1,-1
201504SB15164,2,21,0,17,0,1,0,0,0,0,3,1,1,1,40,7,9200,2,11,-1,1,-1
201504SB15165,1,9,0,18,0,0,0,0,7,0,3,1,6,1,18,4,1560,2,1,-1,1,-1
201504SB15166,1,1,0,18,0,0,0,0,0,0,1,1,6,1,19,4,-1,-1,-1,-1,1,-1
201504SB15166,2,1,0,-1,0,0,0,0,0,0,2,1,6,1,19,4,-1,-1,-1,-1,1,-1
201504SB15167,1,9,0,17,0,7,0,0,0,0,1,1,2,1,46,8,1461,2,10,-1,1,-1
201504SB15167,2,9,0,16,0,7,0,0,0,0,1,1,2,1,23,5,1995,2,8,-1,1,-1
201504SB15168,1,9,0,18,0,0,2,0,7,0,1,1,1,1,41,7,1834,1,14,-1,1,-1
201504SB15169,1,9,0,5,0,8,0,0,0,0,3,1,6,1,81,11,1199,2,2,-1,3,-1
201504SB15169,2,9,0,18,0,6,0,0,7,10,1,1,6,1,28,6,1896,2,12,-1,1,-1
201504SB15170,1,9,0,15,0,0,0,0,0,0,1,1,6,1,34,6,2993,2,4,-1,3,-1
201504SB15170,2,9,0,2,0,0,0,10,0,0,2,1,6,2,76,11,998,1,5,-1,1,-1
201504SB15171,1,3,0,18,0,0,1,0,0,0,3,1,6,1,18,4,124,1,-1,-1,3,-1
201504SB15171,2,3,0,18,0,0,0,0,0,0,0,1,6,1,23,5,124,1,1,-1,3,-1
201504SB15171,3,3,0,18,0,0,0,0,0,0,0,1,6,1,18,4,124,1,1,-1,3,-1
201504SB15172,1,9,0,18,0,2,1,0,0,0,1,1,2,1,37,7,2143,2,2,-1,1,-1
201504SB15172,2,9,0,3,0,2,0,0,0,0,2,1,2,1,47,8,1599,1,12,-1,1,-1
201504SB15173,1,3,0,16,0,0,1,0,7,0,1,1,6,1,18,4,124,1,1,-1,1,-1
201504SB15173,2,9,0,18,0,0,0,0,0,0,1,1,6,2,67,10,1198,1,5,-1,3,-1
201504SB15174,1,9,0,4,0,1,0,0,0,0,1,1,6,2,23,5,1240,1,9,-1,1,-1
201504SB15174,2,9,0,3,0,1,0,0,0,0,2,1,6,2,22,5,998,1,13,-1,1,-1
201504SB15175,1,9,0,9,0,8,0,0,0,0,1,1,6,2,22,5,1229,1,7,-1,2,-1
201504SB15175,2,9,0,18,0,8,0,0,0,0,2,1,6,2,64,9,1991,2,11,-1,3,-1
201504SB15176,1,5,0,18,0,0,0,0,0,0,3,1,6,1,78,11,865,1,1,-1,2,-1
201504SB15177,1,9,0,18,0,1,0,0,0,0,1,1,6,2,-1,-1,1399,2,7,-1,1,-1
201504SB15177,2,1,0,18,0,1,0,0,0,0,1,1,6,1,19,4,-1,-1,-1,-1,3,-1
201504SB15178,1,90,0,13,0,0,0,0,0,0,1,1,6,3,-1,-1,-1,-1,-1,-1,-1,-1
201504SB15178,2,1,0,18,0,0,2,10,1,0,3,1,2,1,30,6,-1,-1,-1,-1,1,-1
201504SB15179,1,9,0,9,0,2,0,0,0,0,3,1,6,2,33,6,1598,1,14,-1,1,-1
201504SB15179,2,21,1,18,0,1,0,0,0,0,3,2,1,1,42,7,-1,-1,-1,-1,-1,-1
201504SB15180,1,90,0,18,0,0,0,0,0,0,4,1,6,3,-1,-1,-1,-1,-1,-1,-1,-1
201504SB15180,2,1,0,18,0,0,0,0,0,0,3,1,6,1,41,7,-1,-1,-1,-1,2,-1
201504SB15181,1,9,0,18,0,4,0,0,0,0,1,1,1,1,52,8,1582,2,5,-1,1,-1
201504SB15181,2,1,0,18,0,8,0,0,0,0,4,1,6,1,43,7,-1,-1,-1,-1,2,-1
201504SB15182,1,9,0,18,0,6,0,0,0,0,1,1,1,1,70,10,1586,1,5,-1,3,-1
201504SB15182,2,9,0,18,0,1,0,0,7,10,4,1,6,2,74,10,1560,2,2,-1,3,-1
201504SB15183,1,3,0,13,0,0,0,0,0,0,4,1,2,1,45,7,124,1,1,-1,-1,-1
201504SB15183,2,9,0,9,0,0,0,0,0,0,3,1,6,2,45,7,1461,2,2,-1,1,-1
201504SB15184,1,9,0,18,0,5,0,0,5,6,1,1,6,1,26,6,1299,1,14,-1,1,-1
201504SB15185,1,9,0,18,0,1,1,0,0,0,1,1,3,2,41,7,1896,2,19,-1,3,-1
201504SB15185,2,9,0,10,0,1,0,0,0,0,2,1,3,2,36,7,1461,2,3,-1,1,-1
201504SB15186,1,9,0,7,0,6,1,0,0,0,1,1,6,2,26,6,1299,1,13,-1,1,-1
201504SB15186,2,1,0,7,0,1,2,0,0,0,4,1,6,1,55,8,-1,-1,-1,-1,1,-1
201504SB15187,1,1,0,18,0,0,0,0,0,0,1,1,6,1,30,6,-1,-1,-1,-1,1,-1
201504SB15187,2,9,0,18,0,0,0,0,0,0,1,1,6,1,66,10,1998,2,11,-1,1,-1
201504SB15188,1,1,0,18,0,0,0,0,7,4,1,1,6,1,47,8,-1,-1,-1,-1,1,-1
201504SB15188,2,9,0,18,0,0,0,0,0,0,1,1,1,1,63,9,2671,1,17,-1,-1,-1
201504SB15189,1,9,0,9,0,6,0,0,0,0,3,1,1,2,54,8,-1,-1,-1,-1,3,-1
201504SB15189,2,9,0,18,0,8,0,0,0,0,1,1,6,1,54,8,4367,2,4,-1,1,-1
201504SB15191,1,9,0,5,0,4,0,0,0,0,3,1,6,1,88,11,1399,1,7,-1,1,-1
201504SB15191,2,9,0,5,0,4,0,0,0,0,1,1,6,1,40,7,2499,2,12,-1,1,-1
201504SB15192,1,9,0,7,0,2,0,0,0,0,1,1,6,2,50,8,1598,1,2,-1,3,-1
201504SB15193,1,9,0,18,0,1,0,0,0,0,1,1,6,1,35,6,1896,2,9,-1,1,-1
201504SB15193,2,9,0,10,0,1,0,0,0,0,1,1,6,1,23,5,1399,2,12,-1,1,-1
201504SB15193,3,9,0,18,0,8,0,0,0,0,0,1,6,2,38,7,1598,2,3,-1,1,-1
201504SB15194,1,9,0,9,0,6,0,0,0,0,1,1,6,2,80,11,1242,1,17,-1,3,-1
201504SB15194,2,9,0,18,0,1,0,0,0,0,1,1,6,1,29,6,2393,1,11,-1,1,-1
201504SB15195,1,9,0,9,0,6,0,0,0,0,1,1,6,2,54,8,2401,2,13,-1,1,-1
201504SB15195,2,9,0,18,0,8,0,0,0,0,4,1,6,2,46,8,1686,2,-1,-1,3,-1
201504SB15196,1,9,0,18,0,8,1,0,1,4,3,1,6,1,21,5,1596,1,10,-1,-1,-1
201504SB15197,1,9,0,18,0,3,0,0,0,0,4,1,1,1,36,7,1360,1,11,-1,1,-1
201504SB15197,2,9,0,18,0,3,0,0,1,1,3,1,1,1,41,7,1339,1,3,-1,1,-1
201504SB15198,1,9,0,10,0,1,0,0,0,0,4,1,6,3,-1,-1,-1,-1,-1,-1,-1,-1
201504SB15198,2,1,0,10,0,1,0,0,0,0,4,1,6,1,71,10,-1,-1,-1,-1,1,-1
201504SB15199,1,9,0,5,0,1,0,0,0,0,1,1,1,2,25,5,1598,2,1,-1,1,-1
201504SB15199,2,9,0,3,0,1,0,0,0,0,2,1,1,1,30,6,-1,-1,-1,-1,1,-1
201504SB15200,1,9,0,18,0,0,0,6,0,0,1,1,6,2,20,4,1364,1,9,-1,-1,-1
201504SB15200,2,9,0,4,0,0,0,0,0,0,1,1,6,2,31,6,1995,2,7,-1,1,-1
201504SB15201,1,9,0,18,0,8,5,0,0,0,1,1,6,2,38,7,1386,1,9,-1,1,-1
201504SB15201,2,9,0,5,0,8,0,0,0,0,1,1,6,2,37,7,2967,2,4,-1,3,-1
201504SB15201,3,9,0,3,0,1,0,0,0,0,3,1,6,1,57,9,1796,1,12,-1,1,-1
201504SB15202,1,9,0,18,0,6,0,0,0,0,1,1,6,1,57,9,1998,1,10,-1,1,-1
201504SB15202,2,5,0,18,0,8,0,0,1,10,1,1,6,1,68,10,-1,-1,-1,-1,1,-1
201504SB15203,1,9,0,5,0,2,0,0,0,0,1,1,6,2,33,6,1968,2,6,-1,1,-1
201504SB15203,2,9,0,3,0,2,0,0,0,0,2,1,6,1,23,5,2143,2,1,-1,-1,-1
201504SB15204,1,19,0,4,0,1,0,0,3,10,1,1,1,1,49,8,2143,2,5,-1,1,-1
201504SB15204,2,9,0,5,0,1,0,0,7,0,2,1,2,1,46,8,1998,2,9,-1,3,-1
201504SB15205,1,9,0,7,0,8,0,0,0,0,4,1,6,2,40,7,2000,2,10,-1,1,-1
201504SB15205,2,10,0,18,0,8,0,0,0,0,3,1,1,1,61,9,2461,2,6,-1,1,-1
201504SB15206,1,90,0,18,0,1,0,0,0,0,1,1,6,1,37,7,-1,-1,-1,-1,-1,-1
201504SB15206,2,9,0,9,0,1,0,0,0,0,3,1,6,1,41,7,1598,1,8,-1,2,-1
201504SB15207,1,19,0,9,0,6,1,10,0,0,4,1,6,3,-1,-1,2198,2,9,-1,-1,-1
201504SB15207,2,9,0,18,0,8,2,10,1,2,1,1,2,2,24,5,-1,-1,-1,-1,1,-1
201504SB15208,1,9,0,18,0,0,5,0,1,0,4,1,1,2,42,7,998,1,9,-1,1,-1
201504SB15209,1,9,0,18,0,0,1,0,7,4,1,1,1,1,61,9,1199,1,17,-1,2,-1
201504SB15210,1,9,0,18,0,8,0,11,0,0,1,1,1,2,50,8,2143,2,1,-1,2,-1
201504SB15211,1,9,0,18,0,0,0,0,1,10,1,1,1,1,20,4,1229,1,7,-1,2,-1
201504SB15211,2,21,4,18,0,0,1,0,0,0,1,1,1,1,43,7,12740,2,4,-1,1,-1
201504SB15212,1,9,0,18,0,8,0,0,0,0,4,1,6,3,-1,-1,-1,-1,-1,-1,-1,-1
201504SB15213,1,9,0,18,0,0,0,2,0,0,1,1,6,2,62,9,1242,1,11,-1,-1,-1
201504SB15214,1,9,0,18,0,0,0,0,0,0,0,1,6,3,-1,-1,-1,-1,-1,-1,-1,-1
201504SB15215,1,9,0,17,0,0,0,0,2,10,1,1,6,2,45,7,2143,2,1,-1,-1,-1
201504SB15216,1,9,0,5,0,0,0,0,0,0,0,1,6,2,64,9,1398,1,3,-1,1,-1
201504SB15216,2,1,0,18,0,0,0,0,0,0,0,1,6,1,60,9,-1,-1,-1,-1,1,-1
201504SB15216,3,1,0,17,0,0,0,0,0,0,0,1,6,1,41,7,-1,-1,-1,-1,1,-1
201504SB15217,1,9,0,18,0,0,0,0,0,0,1,1,6,1,34,6,1997,2,10,-1,1,-1
201504SB15217,2,9,0,2,0,0,0,0,0,0,2,1,6,2,46,8,1560,2,8,-1,1,-1
201504SB15218,1,9,0,7,0,1,0,0,0,0,1,1,6,1,50,8,1956,2,6,-1,3,-1
201504SB15218,2,5,0,18,0,1,5,0,0,0,4,1,6,1,59,9,1050,1,5,-1,1,-1
201504SB15219,1,9,0,9,0,1,0,0,0,0,3,1,1,2,22,5,998,1,8,-1,1,-1
201504SB15219,2,3,0,18,0,1,5,0,0,0,1,1,1,1,25,5,124,1,-1,-1,2,-1
201504SB15220,1,9,0,5,0,0,0,0,0,0,4,1,6,1,67,10,1997,2,17,-1,1,-1
201504SB15220,2,9,0,2,0,0,0,0,0,0,3,1,6,3,-1,-1,1968,2,1,-1,-1,-1
201504SB15221,1,1,0,18,0,0,0,0,0,0,1,1,6,1,58,9,-1,-1,-1,-1,-1,-1
201504SB15221,2,9,0,2,0,0,0,0,0,0,0,1,6,3,-1,-1,1598,1,14,-1,-1,-1
201504SB15222,1,9,0,18,0,8,0,0,0,0,1,2,6,1,26,6,-1,-1,-1,-1,1,-1
201504SB15222,2,19,0,9,0,8,0,0,0,0,1,1,1,1,42,7,2198,2,8,-1,2,-1
201504SB15223,1,90,0,7,0,6,0,0,0,0,1,1,1,1,24,5,-1,-1,-1,-1,1,-1
201504SB15223,2,1,0,18,0,2,0,0,0,0,2,1,6,1,61,9,-1,-1,-1,-1,1,-1
201504SB15224,1,9,0,5,0,4,0,0,0,0,1,1,6,2,80,11,1242,1,4,-1,1,-1
201504SB15224,2,9,0,9,0,4,0,0,0,0,4,1,6,1,22,5,1200,1,12,-1,3,-1
201504SB15225,1,9,0,5,0,6,0,0,0,0,4,1,6,2,51,8,2982,2,7,-1,2,-1
201504SB15225,2,9,0,18,0,8,0,0,0,0,1,1,6,1,74,10,2231,2,6,-1,-1,-1
201504SB15226,1,9,0,17,0,0,0,0,0,0,1,1,6,1,48,8,998,1,16,-1,1,-1
201504SB15226,2,9,0,4,0,0,0,0,0,0,1,1,6,1,64,9,1598,1,9,-1,1,-1
201504SB15227,1,1,0,9,0,0,0,0,0,0,2,1,1,2,14,3,-1,-1,-1,-1,1,-1
201504SB15227,2,8,0,18,0,0,0,0,0,0,1,1,6,3,64,9,-1,-1,-1,-1,-1,-1
201504SB15228,1,9,0,18,0,0,0,0,0,0,3,1,6,2,70,10,1490,1,5,-1,-1,-1
201504SB15228,2,17,0,18,0,0,0,0,0,0,3,1,1,1,39,7,-1,2,3,-1,3,-1
201504SB15228,3,9,0,18,0,0,0,0,0,0,1,1,6,2,57,9,1395,1,2,-1,-1,-1
201504SB15229,1,9,0,9,0,6,0,0,0,0,1,1,6,2,43,7,1461,2,1,-1,1,-1
201504SB15229,2,9,0,18,0,6,0,0,0,0,1,1,2,1,25,5,-1,-1,-1,-1,-1,-1
201504SB15230,1,9,0,9,0,6,0,0,0,0,1,1,6,2,22,5,1200,1,-1,-1,1,-1
201504SB15230,2,9,0,18,0,2,0,0,0,0,3,1,6,2,52,8,-1,-1,-1,-1,1,-1
201504SB15231,1,3,0,4,0,1,1,0,0,0,1,1,6,1,22,5,124,1,1,-1,2,-1
201504SB15231,2,9,0,3,0,1,0,0,0,0,2,1,6,1,26,6,1796,1,6,-1,2,-1
201504SB15232,1,9,0,9,0,6,0,0,0,0,3,1,6,1,40,7,1598,1,15,-1,-1,-1
201504SB15232,2,9,0,18,0,1,0,0,0,0,1,1,6,2,64,9,1339,1,9,-1,1,-1
201504SB15233,1,19,0,18,0,1,1,0,0,0,1,1,1,1,27,6,1968,2,2,-1,1,-1
201504SB15233,2,9,0,9,0,8,0,0,0,0,4,1,6,1,62,9,1560,2,3,-1,1,-1
201504SB15235,1,5,0,5,0,1,0,0,0,0,1,1,2,1,50,8,998,1,5,-1,1,-1
201504SB15235,2,90,0,3,0,1,0,0,0,0,2,1,2,1,45,7,-1,-1,-1,-1,2,-1
201504SB15236,1,9,0,18,0,1,0,0,0,0,1,1,6,1,24,5,2979,1,2,-1,2,-1
201504SB15236,2,9,0,10,0,8,0,0,0,0,4,1,6,1,51,8,1364,1,6,-1,1,-1
201504SB15236,3,9,0,10,0,8,0,0,0,0,4,1,6,2,48,8,1242,1,13,-1,-1,-1
201504SB15237,1,9,0,9,0,8,0,0,0,0,4,1,6,1,18,4,1229,1,7,-1,1,-1
201504SB15237,2,9,0,18,0,8,0,0,1,0,1,1,6,2,65,9,1397,1,13,-1,1,-1
201504SB15238,1,9,0,18,0,0,1,0,0,0,1,1,6,1,23,5,1988,2,12,-1,1,-1
201504SB15238,2,9,0,18,0,0,1,0,7,2,1,1,6,1,48,8,1560,2,1,-1,3,-1
201504SB15239,1,9,0,18,0,0,0,0,0,0,3,1,6,3,-1,-1,-1,-1,-1,-1,-1,-1
201504SB15239,2,9,0,18,0,0,0,0,0,0,3,1,2,2,56,9,1395,1,1,-1,3,-1
201504SB15240,1,9,0,3,0,0,0,4,0,0,1,1,6,1,36,7,1997,2,6,-1,1,-1
201504SB15240,2,9,0,18,0,0,0,0,0,0,1,1,1,1,21,5,-1,-1,-1,-1,1,-1
201504SB15240,3,9,0,2,0,0,0,0,0,0,2,1,6,2,-1,-1,1299,1,11,-1,1,-1
201504SB15241,1,9,0,16,0,1,0,0,0,0,1,1,6,2,56,9,998,1,1,-1,1,-1
201504SB15241,2,9,0,17,0,8,0,0,0,0,1,1,6,2,31,6,1461,2,2,-1,1,-1
201504SB15242,1,9,0,18,0,0,0,0,7,9,3,1,6,1,47,8,1560,2,4,-1,2,-1
201504SB15243,1,9,0,13,0,0,1,0,4,6,4,1,6,2,36,7,1968,2,1,-1,2,-1
201504SB15243,2,9,0,18,0,0,0,0,1,4,1,1,6,1,59,9,1998,2,8,-1,1,-1
201504SB15244,1,9,0,17,0,0,5,0,1,10,1,1,6,2,17,4,1229,1,7,-1,3,-1
201504SB15245,1,19,0,1,9,1,0,0,0,0,0,1,1,1,36,7,1968,2,2,-1,3,-1
201504SB15246,1,9,0,18,0,0,0,0,0,0,1,1,6,1,72,10,1997,1,3,-1,1,-1
201504SB15246,2,9,0,2,0,0,0,0,1,10,2,1,6,1,58,9,1598,1,3,-1,1,-1