Accident_Index,Vehicle_Reference,Vehicle_Type,Towing_and_Articulation,Vehicle_Manoeuvre,Vehicle_Location-Restricted_Lane,Junction_Location,Skidding_and_Overturning,Hit_Object_in_Carriageway,Vehicle_Leaving_Carriageway,Hit_Object_off_Carriageway,1st_Point_of_Impact,Was_Vehicle_Left_Hand_Drive?,Journey_Purpose_of_Driver,Sex_of_Driver,Age_of_Driver,Age_Band_of_Driver,Engine_Capacity_(CC),Propulsion_Code,Age_of_Vehicle,Driver_IMD_Decile,Driver_Home_Area_Type,Vehicle_IMD_Decile
201504SB15247,1,9,0,9,0,8,2,10,0,0,1,1,6,1,38,7,1360,1,8,-1,1,-1
201504SB15248,1,9,0,18,0,4,2,0,3,0,1,1,6,1,28,6,1798,1,7,-1,2,-1
201504SB15249,1,9,0,17,0,0,1,0,7,4,1,1,6,2,60,9,1997,2,12,-1,1,-1
201504SB15250,1,9,0,16,0,0,0,0,0,0,3,1,6,1,25,5,1968,2,5,-1,1,-1
201504SB15250,2,9,0,17,0,0,0,0,2,4,3,1,2,1,29,6,998,1,6,-1,3,-1
201504SB15251,1,9,0,18,0,0,1,0,1,10,4,1,2,1,43,7,-1,-1,-1,-1,1,-1
201504SB15251,2,9,0,18,0,0,0,0,1,9,3,1,2,1,64,9,999,1,-1,-1,1,-1
201504SB15252,1,21,0,18,0,0,0,0,0,0,0,1,1,1,27,6,12580,2,10,-1,3,-1
201504SB15252,2,9,0,18,0,0,0,0,0,0,1,1,6,1,25,5,1968,2,2,-1,1,-1
201504SB15253,1,90,0,2,0,0,0,0,0,0,0,1,1,1,51,8,-1,-1,-1,-1,1,-1
201504SB15253,2,9,0,18,0,0,0,0,0,0,0,1,6,3,-1,-1,1984,1,14,-1,-1,-1
201504SB15254,1,9,0,9,0,1,0,0,0,0,1,1,6,1,80,11,1229,1,4,-1,1,-1
201504SB15254,2,5,0,18,0,1,0,0,0,0,1,1,6,1,23,5,-1,-1,-1,-1,1,-1
201504SB15255,1,9,0,18,0,0,5,11,0,7,4,1,6,2,25,5,1598,1,13,-1,1,-1
201504SB15256,1,9,0,18,0,0,0,0,0,0,1,1,6,1,43,7,1560,2,3,-1,3,-1
201504SB15256,2,9,0,18,0,0,0,0,0,0,3,1,6,1,88,11,796,1,13,-1,3,-1
201504SB15256,3,9,0,18,0,0,0,0,0,0,1,1,6,2,67,10,1796,1,15,-1,-1,-1
201504SB15257,1,9,0,9,0,5,0,0,0,0,1,1,6,2,43,7,1242,1,11,-1,1,-1
201504SB15257,2,1,0,18,0,1,0,0,0,0,1,1,6,1,22,5,-1,-1,-1,-1,-1,-1
201504SB15258,1,9,0,7,0,6,0,0,0,0,0,1,6,2,72,10,1242,1,9,-1,3,-1
201504SB15258,2,3,0,18,0,8,0,0,0,0,0,1,6,1,20,4,125,1,-1,-1,-1,-1
201504SB15259,1,9,0,18,0,0,0,0,0,0,1,1,6,1,39,7,1968,2,8,-1,1,-1
201504SB15259,2,19,0,4,0,0,0,0,0,0,2,1,6,1,22,5,1598,2,2,-1,3,-1
201504SB15259,3,19,0,4,0,0,0,0,0,0,0,1,6,1,51,8,2402,2,4,-1,1,-1
201504SB15259,4,19,0,4,0,0,0,0,0,0,2,1,6,1,62,9,1560,2,2,-1,1,-1
201504SB15260,1,9,0,1,0,2,0,0,0,0,0,1,3,1,72,10,1998,1,8,-1,3,-1
201504SB15261,1,9,0,1,0,0,0,0,0,3,3,1,2,1,20,4,1199,1,11,-1,1,-1
201504SB15261,2,11,0,18,0,0,0,0,0,0,1,1,1,1,42,7,6696,2,1,-1,1,-1
201504SB15262,1,19,0,5,0,6,0,0,0,0,1,1,1,1,60,9,1998,2,9,-1,3,-1
201504SB15262,2,9,0,18,0,8,0,0,0,0,3,1,6,2,51,8,1242,1,1,-1,2,-1
201504SB15263,1,19,0,5,0,1,0,0,0,0,1,1,2,1,37,7,1995,2,2,-1,1,-1
201504SB15263,2,9,0,3,0,1,0,0,0,0,2,1,6,1,40,7,1240,1,10,-1,1,-1
201504SB15264,1,9,0,18,0,0,0,0,1,3,1,1,6,1,19,4,-1,-1,-1,-1,2,-1
201504SB15265,1,9,0,18,0,0,0,0,0,0,1,1,6,2,76,11,1364,1,1,-1,2,-1
201504SB15265,2,9,0,10,0,0,0,0,0,0,2,1,6,2,34,6,1242,1,8,-1,3,-1
201504SB15266,1,9,0,18,0,8,0,0,0,0,3,1,6,2,23,5,1968,2,4,-1,2,-1
201504SB15266,2,20,0,18,0,8,1,0,0,0,1,1,1,1,34,6,3920,2,4,-1,1,-1
201504SB15267,1,9,0,17,0,0,0,0,0,0,1,1,6,2,23,5,1395,1,-1,-1,-1,-1
201504SB15267,2,9,0,17,0,0,0,0,0,0,2,1,6,1,24,5,1328,1,6,-1,1,-1
201504SB15268,1,9,0,16,0,0,0,4,0,0,1,1,6,2,30,6,1686,2,13,-1,1,-1
201504SB15268,2,9,0,2,0,0,0,0,0,0,2,1,6,2,83,11,1396,1,10,-1,-1,-1
201504SB15269,1,9,0,5,0,8,0,0,0,0,4,1,2,1,26,6,-1,-1,-1,-1,2,-1
201504SB15269,2,3,0,18,0,8,0,0,0,0,1,1,2,2,52,8,124,1,1,-1,1,-1
201504SB15270,1,9,0,5,0,4,0,0,0,0,1,1,2,1,26,6,1390,1,13,-1,1,-1
201504SB15270,2,1,0,18,0,3,0,0,0,0,4,1,2,1,47,8,-1,-1,-1,-1,1,-1
201504SB15271,1,9,0,5,0,6,0,0,0,0,2,1,6,1,22,5,1242,1,2,-1,1,-1
201504SB15271,2,9,0,18,0,8,0,0,0,0,1,1,6,1,76,11,1988,2,10,-1,1,-1
201504SB15272,1,9,0,18,0,1,0,0,0,0,1,1,6,2,76,11,1399,1,7,-1,1,-1
201504SB15272,2,9,0,10,0,1,0,0,0,0,2,1,6,1,53,8,1364,1,5,-1,1,-1
201504SB15273,1,9,0,5,0,1,0,0,0,0,1,1,6,3,-1,-1,-1,-1,-1,-1,-1,-1
201504SB15273,2,9,0,5,0,1,0,0,0,0,2,1,6,1,55,8,-1,-1,-1,-1,1,-1
201504SC15001,1,9,0,4,0,0,0,0,0,0,4,1,6,2,47,8,1598,2,2,-1,1,-1
201504SC15002,1,9,0,3,0,1,0,0,0,0,4,1,2,2,25,5,1598,2,3,-1,1,-1
201504SC15002,2,1,0,3,0,1,0,0,0,0,3,1,6,1,54,8,-1,-1,-1,-1,1,-1
201504SC15003,1,9,0,18,0,1,0,0,0,0,1,1,6,1,40,7,1368,1,7,-1,2,-1
201504SC15003,2,9,0,18,0,1,0,0,0,0,1,1,6,1,52,8,1956,2,4,-1,2,-1
201504SC15004,1,9,0,7,0,6,0,0,0,0,3,1,2,1,35,6,1679,1,14,-1,1,-1
201504SC15004,2,1,0,18,0,8,5,0,0,0,1,1,2,1,45,7,-1,-1,-1,-1,1,-1
201504SC15005,1,9,0,18,0,0,0,0,0,0,1,1,2,2,25,5,1995,2,4,-1,1,-1
201504SC15005,2,9,0,4,0,0,0,0,0,0,2,1,2,1,31,6,1956,2,4,-1,1,-1
201504SC15005,3,9,0,18,0,0,0,0,0,0,1,1,2,2,26,6,1461,2,1,-1,1,-1
201504SC15005,4,9,0,18,0,0,0,0,0,0,1,1,2,2,48,8,3199,1,13,-1,1,-1
201504SC15006,1,9,0,9,0,8,0,0,0,0,1,1,6,1,50,8,-1,-1,-1,-1,1,-1
201504SC15007,1,8,0,18,0,0,0,0,0,0,2,1,1,1,70,10,1968,2,4,-1,1,-1
201504SC15007,2,9,0,18,0,0,0,0,0,0,1,1,1,2,24,5,1910,2,9,-1,1,-1
201504SC15009,1,2,0,18,0,1,0,0,0,0,1,1,6,1,27,6,49,1,1,-1,1,-1
201504SC15009,2,9,0,3,0,1,0,0,0,0,2,1,6,1,57,9,1390,1,2,-1,1,-1
201504SC15010,1,9,0,18,0,0,1,0,0,0,1,1,1,1,50,8,-1,-1,-1,-1,2,-1
201504SC15010,2,9,0,18,0,0,0,0,0,0,2,1,1,1,53,8,1246,1,9,-1,2,-1
201504SC15010,3,9,0,18,0,0,0,0,0,0,2,1,1,1,56,9,2143,12,1,-1,1,-1
201504SC15011,1,9,0,4,0,4,0,0,0,0,1,1,2,1,43,7,-1,-1,-1,-1,1,-1
201504SC15011,2,9,0,4,0,4,0,0,0,0,2,1,6,2,22,5,1388,1,11,-1,1,-1
201504SC15012,1,9,0,4,0,1,0,0,0,0,1,1,6,2,34,6,1349,1,11,-1,1,-1
201504SC15012,2,9,0,3,0,1,0,0,0,0,2,1,6,2,31,6,1956,2,5,-1,2,-1
201504SC15013,1,9,0,18,0,0,0,0,0,0,1,1,2,1,33,6,1997,2,14,-1,1,-1
201504SC15013,2,1,0,18,0,0,5,0,0,0,3,1,6,1,17,4,-1,-1,-1,-1,1,-1
201504SC15014,1,9,0,4,0,0,0,0,0,0,1,1,2,1,24,5,1229,1,11,-1,1,-1
201504SC15014,2,9,0,4,0,0,0,0,0,0,2,1,2,2,54,8,1399,2,4,-1,1,-1
201504SC15014,3,19,0,4,0,0,0,0,0,0,2,1,6,3,-1,-1,-1,-1,-1,-1,-1,-1
201504SC15014,4,9,0,4,0,0,0,0,0,0,1,1,2,1,46,8,2191,2,1,-1,2,-1
201504SC15015,1,9,0,18,0,0,1,0,0,0,1,1,6,1,22,5,-1,-1,-1,-1,1,-1
201504SC15015,2,9,0,18,0,0,0,0,0,0,2,1,1,1,27,6,1968,2,3,-1,1,-1
201504SC15015,3,9,0,18,0,0,0,0,0,0,2,1,1,1,57,9,1968,2,1,-1,1,-1
201504SC15016,1,9,0,17,0,8,0,0,0,0,1,1,6,1,26,6,-1,-1,-1,-1,3,-1
201504SC15016,2,9,0,18,0,8,0,0,0,0,1,1,6,1,63,9,1199,1,13,-1,1,-1
201504SC15017,1,9,0,9,0,8,0,0,0,0,1,1,6,2,30,6,1199,1,15,-1,1,-1
201504SC15017,2,3,0,17,0,8,2,0,0,0,1,1,6,1,35,6,125,1,3,-1,1,-1
201504SC15018,1,9,0,9,0,0,0,0,0,0,1,1,6,1,23,5,1389,1,10,-1,1,-1
201504SC15018,2,1,0,18,0,0,0,0,0,0,1,1,1,1,29,6,-1,-1,-1,-1,1,-1
201504SC15019,1,9,0,18,0,0,0,0,0,0,1,1,6,1,29,6,1796,1,8,-1,1,-1
201504SC15020,1,9,0,18,0,1,0,0,0,0,0,1,6,2,47,8,1198,1,8,-1,2,-1
201504SC15020,2,3,0,18,0,1,0,0,0,0,0,1,6,1,18,4,125,1,1,-1,2,-1
201504SC15020,3,9,0,9,0,2,0,0,0,0,0,1,6,3,-1,-1,-1,-1,-1,-1,-1,-1
201504SC15021,1,9,0,9,0,1,0,0,0,0,3,1,2,1,34,6,1242,1,5,-1,1,-1
201504SC15021,2,19,0,18,0,1,0,0,0,0,1,1,2,1,21,5,2464,2,7,-1,1,-1
201504SC15022,1,21,1,18,0,0,0,0,0,0,1,1,1,1,39,7,12882,2,3,-1,1,-1
201504SC15022,2,21,1,18,0,0,0,0,0,0,2,1,1,2,31,6,11705,2,7,-1,3,-1
201504SC15023,1,9,0,4,0,0,0,0,0,0,1,1,6,1,36,7,1999,1,5,-1,1,-1
201504SC15023,2,9,0,4,0,0,0,0,0,0,2,1,6,1,77,11,1329,1,1,-1,1,-1
201504SC15023,3,9,0,4,0,0,0,0,0,0,2,1,6,2,27,6,998,1,7,-1,1,-1
201504SC15023,4,9,0,4,0,0,0,0,0,0,3,1,6,2,21,5,1198,1,12,-1,1,-1
201504SC15024,1,3,0,17,0,1,0,10,7,10,1,1,6,1,17,4,124,1,1,-1,1,-1
201504SC15025,1,9,0,18,0,8,2,0,7,1,3,1,6,2,24,5,1796,1,10,-1,1,-1
201504SC15026,1,3,0,9,0,3,0,0,0,0,1,1,2,2,49,8,125,1,13,-1,1,-1
201504SC15027,1,9,0,16,0,2,0,0,0,0,1,1,6,2,40,7,1198,1,3,-1,1,-1
201504SC15028,1,9,0,18,0,0,2,0,8,10,1,1,3,2,42,7,1124,1,14,-1,2,-1
201504SC15029,1,9,0,1,0,0,0,0,0,0,2,1,6,1,71,10,1968,2,1,-1,2,-1
201504SC15030,1,19,0,9,0,5,0,0,0,0,3,1,2,1,48,8,2151,2,12,-1,1,-1
201504SC15030,2,11,0,18,0,8,0,0,0,0,1,1,1,1,36,7,3900,2,10,-1,1,-1
201504SC15030,3,9,0,3,0,2,0,0,0,0,1,1,2,2,42,7,1390,1,13,-1,1,-1
201504SC15031,1,8,0,5,0,0,0,0,0,0,0,1,1,3,-1,-1,-1,-1,-1,-1,-1,-1
201504SC15032,1,9,0,18,0,6,0,0,0,0,4,1,6,2,26,6,1560,2,2,-1,1,-1
201504SC15032,2,9,0,18,0,8,0,0,0,0,1,1,6,2,20,4,998,1,2,-1,1,-1
201504SC15033,1,9,0,18,0,0,0,0,5,6,3,1,6,1,74,10,4395,1,1,-1,2,-1
201504SC15034,1,20,0,5,0,1,0,0,0,0,1,1,1,1,64,9,4250,2,13,-1,1,-1
201504SC15034,2,9,0,4,0,1,0,0,0,0,2,1,6,2,58,9,1461,2,1,-1,1,-1
201504SC15035,1,9,0,8,0,1,0,0,0,0,2,1,2,1,35,6,1299,1,12,-1,-1,-1
201504SC15035,2,9,0,4,0,1,0,0,0,0,1,1,2,1,30,6,1396,1,11,-1,1,-1
201504SC15036,1,9,0,18,0,1,0,0,0,0,2,1,6,3,-1,-1,-1,-1,-1,-1,-1,-1
201504SC15037,1,9,0,18,0,1,0,0,0,0,3,1,6,1,32,6,2946,1,11,-1,1,-1
201504SC15038,1,90,0,4,0,6,1,0,0,0,1,1,1,1,32,6,-1,-1,-1,-1,1,-1
201504SC15038,2,9,0,18,0,8,0,0,1,1,4,1,2,2,48,8,1229,1,4,-1,-1,-1
201504SC15039,1,9,0,18,0,0,0,0,0,0,1,1,6,2,54,8,1398,1,1,-1,1,-1
201504SC15039,2,9,0,18,0,0,0,0,0,0,2,1,6,2,24,5,-1,-1,-1,-1,1,-1
201504SC15039,3,9,0,18,0,0,0,0,0,0,2,1,6,1,69,10,1229,1,1,-1,1,-1
201504SC15040,1,20,0,18,0,8,0,0,1,1,1,1,1,1,59,9,4580,2,6,-1,1,-1
201504SC15041,1,9,0,18,0,0,0,0,0,0,3,1,6,1,65,9,1968,2,4,-1,1,-1
201504SC15042,1,9,0,9,0,0,0,0,0,0,0,1,6,1,31,6,1997,2,11,-1,1,-1
201504SC15042,2,4,0,18,0,0,0,0,0,0,1,1,6,1,18,4,-1,-1,-1,-1,-1,-1
201504SC15043,1,9,0,16,0,8,5,0,8,4,1,1,6,1,17,4,1198,1,5,-1,1,-1
201504SC15044,1,9,0,10,0,1,0,0,0,0,0,1,2,1,44,7,1461,2,11,-1,1,-1
201504SC15044,2,9,0,3,0,1,0,0,0,0,1,1,2,1,63,9,-1,-1,-1,-1,1,-1
201504SC15044,3,9,0,4,0,1,1,0,1,4,1,1,2,2,21,5,1248,2,7,-1,1,-1
201504SC15045,1,9,0,9,0,5,0,0,0,0,4,1,1,2,54,8,-1,-1,-1,-1,1,-1
201504SC15045,2,9,0,18,0,1,0,0,0,0,1,1,1,1,54,8,-1,-1,-1,-1,1,-1
201504SC15046,1,9,0,4,9,1,0,0,0,0,0,1,6,2,51,8,1422,2,8,-1,3,-1
201504SC15047,1,9,0,18,0,0,1,0,5,6,3,1,6,1,46,8,-1,-1,-1,-1,-1,-1
201504SC15048,1,9,0,18,0,0,0,0,0,0,1,1,6,1,85,11,1299,1,13,-1,2,-1
201504SC15049,1,9,0,18,0,0,0,0,0,0,3,1,3,2,40,7,1275,1,19,-1,1,-1
201504SC15050,1,9,0,5,0,1,0,0,0,0,1,1,6,1,38,7,1461,2,5,-1,2,-1
201504SC15051,1,9,0,13,0,0,0,0,0,0,2,1,6,3,-1,-1,-1,-1,-1,-1,-1,-1
201504SC15051,2,9,0,18,0,0,5,4,0,0,2,1,6,2,25,5,-1,-1,-1,-1,-1,-1
201504SC15051,3,9,0,2,0,0,0,4,0,0,3,1,6,3,-1,-1,-1,-1,-1,-1,-1,-1
201504SC15051,4,9,0,2,0,0,0,0,0,0,2,1,6,3,-1,-1,1896,2,7,-1,-1,-1
201504SC15052,1,21,1,11,0,0,0,0,0,0,2,1,6,3,-1,-1,-1,-1,-1,-1,-1,-1
201504SC15052,2,9,0,18,0,0,1,0,2,7,1,1,2,1,39,7,-1,-1,-1,-1,1,-1
201504SC15054,1,9,0,18,0,0,0,0,0,0,4,1,6,1,18,4,1229,1,4,-1,1,-1
201504SC15055,1,9,0,18,0,4,0,0,0,0,4,1,6,1,63,9,2143,2,5,-1,1,-1
201504SC15055,2,9,0,7,0,4,0,0,0,0,1,1,6,1,24,5,1399,2,7,-1,1,-1
201504SC15056,1,9,0,1,0,6,0,0,0,0,2,1,6,1,88,11,1596,1,14,-1,1,-1
201504SC15056,2,9,0,3,0,1,0,0,0,0,4,1,6,1,27,6,-1,-1,-1,-1,1,-1
201504SC15057,1,8,0,17,0,0,0,0,0,0,4,1,6,1,48,8,1598,2,2,-1,1,-1
201504SC15057,2,1,0,17,0,0,0,0,0,0,3,1,6,1,50,8,-1,-1,-1,-1,1,-1
201504SC15058,1,9,0,9,0,6,0,0,0,0,0,1,6,3,-1,-1,-1,-1,-1,-1,-1,-1
201504SC15058,2,1,0,17,0,1,0,0,0,0,0,1,6,1,38,7,-1,-1,-1,-1,-1,-1
201504SC15059,1,9,0,5,0,1,0,0,0,0,1,1,6,1,31,6,1900,2,16,-1,1,-1
201504SC15059,2,1,0,18,0,8,0,0,0,0,1,1,6,1,65,9,-1,-1,-1,-1,1,-1
201504SC15060,1,3,0,16,0,0,2,0,0,0,1,1,4,1,17,4,125,1,14,-1,1,-1
201504SC15060,2,9,0,17,0,0,0,0,0,0,1,1,1,1,41,7,1796,1,6,-1,1,-1
201504SC15061,1,9,0,18,0,1,0,10,0,1,1,1,6,1,77,11,1328,1,11,-1,1,-1
201504SC15062,1,9,0,18,0,0,0,0,0,0,1,1,6,1,30,6,1598,2,1,-1,-1,-1
201504SC15062,2,9,0,18,0,0,0,0,0,6,2,1,6,1,44,7,-1,-1,-1,-1,1,-1
201504SC15063,1,9,0,5,0,6,0,0,0,0,1,1,1,2,20,4,998,1,4,-1,1,-1
201504SC15064,1,19,0,18,0,0,5,0,1,7,4,1,1,1,22,5,2143,2,5,-1,1,-1
201504SC15065,1,9,0,17,0,0,0,10,0,0,1,1,3,1,17,4,-1,-1,-1,-1,1,-1
201504SC15065,2,9,0,18,0,0,0,0,0,0,1,1,6,1,49,8,1998,1,10,-1,1,-1
201504SC15065,3,9,0,18,0,0,0,0,0,0,1,1,6,2,44,7,998,1,4,-1,2,-1
201504SC15066,1,5,0,18,0,1,0,0,0,0,1,1,1,1,25,5,599,1,17,-1,2,-1
201504SC15067,1,8,0,7,0,3,0,0,0,0,4,1,6,1,45,7,-1,3,2,-1,1,-1
201504SC15067,2,1,0,18,0,8,0,0,0,0,1,1,6,1,41,7,-1,-1,-1,-1,1,-1
201504SC15068,1,9,0,18,0,0,0,0,0,0,3,2,6,1,29,6,-1,-1,-1,-1,-1,-1
201504SC15068,2,9,0,18,0,0,0,0,0,10,3,1,6,1,80,11,1149,1,9,-1,2,-1
201504SC15069,1,10,0,9,0,6,0,0,0,0,3,1,1,1,67,10,-1,-1,-1,-1,3,-1
201504SC15069,2,9,0,18,0,1,0,0,0,0,1,1,1,1,49,8,-1,-1,-1,-1,1,-1
201504SC15070,1,9,0,18,0,0,0,0,0,0,4,1,6,1,38,7,1596,1,10,-1,1,-1
201504SC15071,1,9,0,9,0,1,0,11,0,1,1,1,6,2,18,4,998,1,12,-1,1,-1
201504SC15072,1,9,0,18,0,0,0,0,0,0,1,1,1,1,51,8,-1,-1,-1,-1,1,-1
201504SC15072,2,9,0,18,0,0,0,0,0,6,1,1,6,2,48,8,-1,-1,-1,-1,-1,-1
201504SC15073,1,9,0,5,0,1,0,0,0,0,2,1,6,2,42,7,1461,2,3,-1,2,-1
201504SC15073,2,9,0,5,0,1,0,0,0,0,1,1,6,1,44,7,1998,1,-1,-1,2,-1
201504SC15074,1,2,0,13,0,8,0,0,0,0,1,1,6,1,20,4,49,1,4,-1,2,-1
201504SC15074,2,9,0,9,0,1,0,0,0,0,3,1,3,1,37,7,1124,1,7,-1,1,-1
201504SC15075,1,9,0,10,0,1,0,0,0,0,1,1,6,2,23,5,1199,1,15,-1,1,-1
201504SC15075,2,9,0,18,0,1,0,0,0,0,1,1,6,2,23,5,1229,1,9,-1,1,-1
201504SC15076,1,9,0,18,0,0,2,0,7,9,1,1,2,2,24,5,-1,-1,-1,-1,2,-1
201504SC15077,1,9,0,18,0,0,0,0,8,0,1,1,6,3,-1,-1,1796,1,15,-1,-1,-1
201504SC15077,2,9,0,18,0,0,0,0,7,0,1,1,1,1,55,8,-1,-1,-1,-1,1,-1
201504SC15078,1,9,0,18,0,0,0,0,0,0,1,1,6,1,35,6,1329,1,1,-1,1,-1
201504SC15078,2,1,0,18,0,0,5,0,0,0,1,1,2,1,17,4,-1,-1,-1,-1,-1,-1
201504SC15079,1,9,0,1,9,0,0,0,0,0,4,1,6,1,32,6,1229,1,5,-1,1,-1
201504SC15079,2,1,0,18,0,0,0,0,0,0,1,1,6,1,24,5,-1,-1,-1,-1,1,-1
201504SC15080,1,5,0,4,0,1,1,0,1,0,1,1,6,1,57,9,535,1,22,-1,1,-1
201504SC15080,2,5,0,4,0,1,0,0,0,0,2,1,6,1,52,8,599,1,23,-1,1,-1
201504SC15081,1,9,0,9,0,1,0,0,0,0,4,1,6,1,64,9,1560,2,2,-1,1,-1
201504SC15081,2,9,0,18,0,1,0,0,0,0,4,1,6,1,22,5,1390,1,8,-1,1,-1
201504SC15082,1,9,0,18,0,0,0,0,1,0,3,1,6,1,27,6,1895,1,15,-1,3,-1
201504SC15082,2,9,0,18,0,0,0,0,0,0,3,1,6,1,50,8,1197,1,2,-1,1,-1
201504SC15083,1,9,0,3,0,1,0,0,0,0,1,1,6,2,24,5,1598,1,5,-1,1,-1
201504SC15084,1,9,0,1,0,0,0,0,0,0,3,1,1,2,40,7,1995,2,4,-1,1,-1
201504SC15084,2,9,0,14,0,0,0,0,0,0,4,1,6,2,76,11,998,1,9,-1,1,-1
201504SC15085,1,2,0,18,0,0,2,4,0,0,1,1,2,1,22,5,49,1,14,-1,3,-1
201504SC15085,2,19,0,2,0,0,0,0,0,0,2,1,1,1,55,8,1997,2,14,-1,1,-1
201504SC15086,1,9,0,13,0,8,0,0,0,0,1,1,6,3,-1,-1,-1,-1,-1,-1,-1,-1
201504SC15086,2,9,0,18,0,8,0,0,0,0,1,1,6,3,-1,-1,-1,-1,-1,-1,-1,-1
201504SC15086,3,1,0,7,0,8,5,0,0,0,3,1,6,1,11,3,-1,-1,-1,-1,2,-1
201504SC15087,1,21,1,12,0,0,0,0,0,0,3,1,1,1,28,6,10824,2,9,-1,1,-1
201504SC15087,2,9,0,18,0,0,0,0,0,0,3,1,2,1,27,6,-1,-1,-1,-1,1,-1
201504SC15088,1,9,0,4,0,0,0,0,0,0,2,1,6,1,45,7,1968,2,4,-1,1,-1
201504SC15088,2,90,0,18,0,0,0,0,0,0,1,1,6,2,46,8,2686,2,9,-1,1,-1
201504SC15089,1,3,0,18,0,0,0,0,0,0,1,1,6,1,23,5,124,1,1,-1,1,-1
201504SC15089,2,9,0,11,0,0,0,0,0,0,2,1,6,1,26,6,3498,1,11,-1,1,-1
201504SC15090,1,9,0,18,0,8,0,0,0,0,3,1,6,2,27,6,1124,1,10,-1,2,-1
201504SC15090,2,9,0,10,0,1,0,0,0,0,4,1,6,2,46,8,1686,2,2,-1,1,-1
201504SC15091,1,9,0,4,0,0,0,0,0,0,4,1,6,1,25,5,1229,1,2,-1,1,-1
201504SC15091,2,1,0,18,4,0,0,0,0,0,1,1,6,1,28,6,-1,-1,-1,-1,1,-1
201504SC15092,1,9,0,5,0,4,0,0,0,0,1,1,1,1,23,5,1595,1,5,-1,1,-1
201504SC15092,2,1,0,9,0,8,0,0,0,0,4,1,6,1,15,3,-1,-1,-1,-1,1,-1
201504SC15093,1,9,0,18,0,0,0,0,0,0,1,1,6,2,32,6,1753,2,11,-1,1,-1
201504SC15093,2,9,0,3,0,0,0,0,0,0,1,1,6,2,45,7,1499,2,2,-1,1,-1
201504SC15093,3,9,0,3,0,0,0,0,0,0,1,1,6,1,36,7,1396,1,10,-1,1,-1
201504SC15094,1,3,0,18,0,0,2,0,1,0,1,1,6,1,22,5,125,1,6,-1,3,-1
201504SC15095,1,9,0,6,0,0,0,0,0,0,1,1,1,1,34,6,1995,2,11,-1,1,-1
201504SC15095,2,4,0,14,0,0,0,0,0,0,1,1,6,1,22,5,264,1,11,-1,1,-1
201504SC15096,1,9,0,16,0,0,1,10,1,4,2,1,6,2,17,4,1299,1,12,-1,3,-1
201504SC15097,1,5,0,16,0,8,0,0,0,0,1,1,6,1,40,7,599,1,15,-1,1,-1
201504SC15097,2,9,0,4,0,8,0,0,0,0,1,1,6,2,41,7,1600,1,14,-1,2,-1
201504SC15098,1,9,0,5,0,6,0,0,0,0,3,1,2,2,18,4,998,1,7,-1,3,-1
201504SC15098,2,9,0,18,0,1,0,0,0,0,1,1,2,2,38,7,1997,2,5,-1,2,-1
201504SC15099,1,9,0,9,0,2,0,0,0,0,1,1,6,2,48,8,1324,1,13,-1,1,-1
201504SC15099,2,11,0,18,0,8,0,0,0,0,1,1,1,2,47,8,9000,2,6,-1,1,-1
201504SC15100,1,9,0,18,0,8,0,10,0,7,3,1,6,2,65,9,1398,1,-1,-1,1,-1
201504SC15100,2,9,0,18,0,8,0,0,0,0,3,1,6,2,34,6,1587,1,12,-1,2,-1
201504SC15101,1,9,0,16,0,0,0,0,0,0,0,1,6,3,-1,-1,-1,-1,-1,-1,-1,-1
201504SC15101,2,9,0,17,0,0,1,0,1,10,1,1,6,1,48,8,1997,2,13,-1,1,-1
201504SC15102,1,9,0,16,0,1,2,0,0,10,4,1,6,1,19,4,1229,1,1,-1,-1,-1
201504SC15103,1,9,0,18,0,8,0,0,0,0,1,1,6,1,17,4,998,1,7,-1,1,-1
201504SC15103,2,9,0,18,0,8,0,0,1,10,1,1,6,1,35,6,1896,1,19,-1,1,-1
201504SC15104,1,9,0,12,0,0,0,0,0,0,1,1,6,1,26,6,1390,1,3,-1,3,-1
201504SC15104,2,9,0,17,0,0,0,0,0,0,4,1,1,1,48,8,2993,2,2,-1,-1,-1
201504SC15104,3,9,0,17,0,0,0,0,0,0,4,1,1,1,36,7,2993,2,2,-1,-1,-1
201504SC15105,1,9,0,1,0,0,0,0,1,0,2,1,6,1,-1,-1,-1,-1,-1,-1,-1,-1
201504SC15106,1,9,0,18,0,0,0,0,2,7,1,1,6,1,26,6,1242,1,11,-1,1,-1
201504SC15107,1,9,0,8,0,1,0,0,0,0,1,1,6,2,45,7,1596,1,14,-1,1,-1
201504SC15107,2,9,0,8,0,1,0,0,0,0,2,1,6,2,57,9,998,1,6,-1,1,-1
201504SC15108,1,9,0,16,0,7,0,0,0,7,3,1,6,2,56,9,1560,2,4,-1,1,-1
201504SC15108,2,9,0,18,0,1,0,0,2,7,4,1,6,2,59,9,898,1,1,-1,1,-1
201504SC15109,1,9,0,18,0,0,0,0,2,10,1,1,6,2,18,4,1199,1,1,-1,3,-1
201504SC15110,1,9,0,3,0,0,0,0,0,0,2,1,6,2,62,9,1248,1,4,-1,1,-1
201504SC15110,2,9,0,10,0,0,0,0,0,0,0,1,6,2,52,8,-1,-1,-1,-1,1,-1
201504SC15111,1,9,0,16,0,0,0,10,0,3,1,1,6,1,21,5,1587,1,15,-1,1,-1
201504SC15111,2,9,0,18,0,0,0,0,0,0,1,1,6,1,23,5,-1,-1,-1,-1,3,-1
201504SC15112,1,21,0,18,0,1,0,0,0,0,0,1,6,3,-1,-1,-1,-1,-1,-1,-1,-1
201504SC15112,2,1,0,18,0,1,2,0,0,0,0,1,2,1,44,7,-1,-1,-1,-1,1,-1