Accident_Index,Vehicle_Reference,Vehicle_Type,Towing_and_Articulation,Vehicle_Manoeuvre,Vehicle_Location-Restricted_Lane,Junction_Location,Skidding_and_Overturning,Hit_Object_in_Carriageway,Vehicle_Leaving_Carriageway,Hit_Object_off_Carriageway,1st_Point_of_Impact,Was_Vehicle_Left_Hand_Drive?,Journey_Purpose_of_Driver,Sex_of_Driver,Age_of_Driver,Age_Band_of_Driver,Engine_Capacity_(CC),Propulsion_Code,Age_of_Vehicle,Driver_IMD_Decile,Driver_Home_Area_Type,Vehicle_IMD_Decile
201504SC15113,1,90,0,18,0,0,0,0,0,0,4,1,6,3,-1,-1,-1,-1,-1,-1,-1,-1
201504SC15113,2,1,0,18,0,0,0,0,0,0,3,1,6,1,25,5,-1,-1,-1,-1,1,-1
201504SC15114,1,9,0,2,0,2,0,0,0,0,3,1,6,1,-1,-1,1995,2,-1,-1,-1,-1
201504SC15114,2,1,0,18,0,2,0,0,0,0,1,1,6,1,49,8,-1,-1,-1,-1,1,-1
201504SC15115,1,9,0,18,0,0,1,0,7,4,1,1,6,1,24,5,1199,1,15,-1,1,-1
201504SC15115,2,9,0,18,0,0,0,0,0,0,1,1,6,1,48,8,2401,2,13,-1,-1,-1
201504SC15116,1,9,0,18,0,0,0,0,1,10,1,1,6,1,19,4,1242,1,15,-1,1,-1
201504SC15116,2,9,0,18,0,0,0,0,0,0,0,1,1,1,42,7,2400,2,-1,-1,-1,-1
201504SC15116,3,9,0,18,0,0,0,0,0,0,1,1,6,1,50,8,1998,2,12,-1,2,-1
201504SC15117,1,9,0,2,0,1,0,0,0,0,0,1,6,2,47,8,998,1,5,-1,1,-1
201504SC15117,2,9,0,18,0,6,0,0,0,0,1,1,6,1,47,8,1560,2,1,-1,1,-1
201504SC15118,1,9,0,9,0,6,0,0,0,0,1,1,1,1,48,8,1200,1,2,-1,1,-1
201504SC15118,2,3,0,14,0,1,0,0,0,0,4,1,1,1,18,4,-1,-1,-1,-1,1,-1
201504SC15119,1,9,0,1,0,0,0,0,0,0,2,1,6,2,23,5,1248,2,7,-1,3,-1
201504SC15120,1,9,0,18,0,4,0,0,0,0,3,1,2,2,33,6,1783,1,14,-1,1,-1
201504SC15120,2,10,0,18,0,3,0,0,0,0,4,1,1,1,53,8,-1,-1,-1,-1,2,-1
201504SC15121,1,5,0,17,0,0,0,0,0,0,1,1,6,1,54,8,998,1,11,-1,1,-1
201504SC15121,2,9,0,10,0,0,0,0,0,0,2,1,2,2,20,4,1149,1,15,-1,1,-1
201504SC15122,1,8,0,9,0,2,0,0,0,0,3,1,1,1,42,7,1997,2,12,-1,1,-1
201504SC15123,1,5,0,18,0,0,0,0,1,0,4,1,6,1,67,10,583,1,20,-1,2,-1
201504SC15124,1,9,0,18,0,1,0,0,0,0,1,1,2,1,62,9,1149,1,2,-1,1,-1
201504SC15124,2,9,0,4,0,1,0,0,0,0,2,1,6,2,82,11,995,1,7,-1,1,-1
201504SC15125,1,8,0,18,0,8,0,0,0,0,1,1,1,1,51,8,1422,2,7,-1,1,-1
201504SC15125,2,9,0,18,0,8,0,0,0,0,4,1,2,2,28,6,1328,1,6,-1,2,-1
201504SC15126,1,9,0,4,0,1,0,0,0,0,1,1,6,2,56,9,1198,1,8,-1,1,-1
201504SC15126,2,19,0,3,0,1,0,0,0,0,2,1,1,1,58,9,2198,2,6,-1,1,-1
201504SC15127,1,9,0,15,0,1,1,0,0,0,1,1,6,2,61,9,1229,1,2,-1,1,-1
201504SC15127,2,9,0,3,0,1,0,0,0,0,2,1,6,2,56,9,1781,1,14,-1,1,-1
201504SC15127,3,9,0,18,0,8,0,0,0,0,3,1,6,1,44,7,1560,2,9,-1,1,-1
201504SC15128,1,9,0,9,0,1,0,0,0,0,0,1,6,1,55,8,2521,1,12,-1,1,-1
201504SC15128,2,3,0,18,0,1,0,0,0,0,0,1,6,1,18,4,124,1,12,-1,1,-1
201504SC15129,1,9,0,4,0,1,0,0,0,0,1,1,6,2,25,5,1124,1,8,-1,1,-1
201504SC15129,2,9,0,3,0,1,0,0,0,0,2,1,2,1,41,7,1896,2,8,-1,3,-1
201504SC15130,1,90,0,18,0,1,0,0,1,0,1,1,6,1,71,10,2987,2,6,-1,1,-1
201504SC15130,2,9,0,18,0,1,0,10,0,0,2,1,1,1,47,8,1229,1,6,-1,1,-1
201504SC15131,1,9,0,5,0,4,0,0,0,0,1,1,1,2,67,10,1997,2,2,-1,1,-1
201504SC15131,2,1,0,18,9,1,0,0,0,0,0,1,6,1,52,8,-1,-1,-1,-1,1,-1
201504SC15132,1,5,0,17,0,8,5,0,1,2,4,1,6,1,24,5,749,1,21,-1,1,-1
201504SC15133,1,19,0,18,0,4,0,0,0,0,1,1,1,1,33,6,2148,2,9,-1,1,-1
201504SC15133,2,9,0,18,0,4,0,0,0,0,2,1,1,1,31,6,1796,1,4,-1,1,-1
201504SC15134,1,2,0,17,0,2,0,10,1,2,1,1,6,1,31,6,49,1,15,-1,1,-1
201504SC15135,1,9,0,18,0,8,0,0,0,0,1,1,2,1,67,10,1995,2,9,-1,1,-1
201504SC15135,2,9,0,18,0,8,0,0,0,0,3,1,6,2,60,9,1242,1,2,-1,1,-1
201504SC15136,1,9,0,9,0,6,0,10,7,10,3,1,6,1,71,10,1390,1,6,-1,1,-1
201504SC15136,2,9,0,18,0,1,0,10,7,10,1,1,6,1,46,8,-1,-1,-1,-1,-1,-1
201504SC15137,1,9,0,18,0,1,0,0,0,0,1,1,6,2,41,7,1984,1,9,-1,1,-1
201504SC15138,1,9,0,9,0,6,0,0,0,0,3,1,6,1,73,10,1998,2,2,-1,-1,-1
201504SC15138,2,5,0,18,0,1,0,0,0,0,1,1,6,1,33,6,599,1,13,-1,2,-1
201504SC15139,1,9,0,7,0,6,0,0,0,0,1,1,1,2,46,8,1984,2,3,-1,1,-1
201504SC15139,2,1,0,18,0,1,0,0,0,0,4,1,1,1,49,8,-1,-1,-1,-1,1,-1
201504SC15140,1,3,0,9,0,6,0,0,0,0,2,1,6,1,18,4,124,1,-1,-1,1,-1
201504SC15140,2,9,0,18,0,1,1,0,0,0,1,1,6,1,19,4,1229,1,1,-1,1,-1
201504SC15141,1,9,0,9,0,1,0,0,0,0,4,1,6,1,66,10,1390,1,13,-1,1,-1
201504SC15141,2,3,0,18,0,1,2,0,0,0,1,1,6,1,20,4,124,1,1,-1,1,-1
201504SC15143,1,9,0,9,0,8,0,0,0,0,4,1,2,1,45,7,1798,1,12,-1,1,-1
201504SC15143,2,1,0,18,0,1,0,0,0,0,1,1,2,1,48,8,-1,-1,-1,-1,1,-1
201504SC15144,1,9,0,18,0,3,0,0,0,0,1,1,6,1,76,11,2685,2,12,-1,-1,-1
201504SC15144,2,9,0,18,0,3,0,0,0,0,1,1,6,1,57,9,1086,1,12,-1,1,-1
201504SC15145,1,9,0,18,0,3,0,0,0,0,1,1,6,1,63,9,2500,2,17,-1,1,-1
201504SC15145,2,1,0,7,0,8,1,0,0,0,2,1,6,1,23,5,-1,-1,-1,-1,1,-1
201504SC15146,1,9,0,18,0,1,0,0,0,0,1,1,1,1,30,6,1598,2,4,-1,1,-1
201504SC15146,2,9,0,18,0,1,0,0,0,0,2,1,1,1,28,6,1591,1,7,-1,2,-1
201504SC15147,1,9,0,5,0,3,0,0,0,0,4,1,2,2,41,7,1685,2,1,-1,-1,-1
201504SC15147,2,1,0,18,0,3,0,0,0,0,2,1,6,1,40,7,-1,-1,-1,-1,-1,-1
201504SC15148,1,9,0,8,0,6,0,0,0,0,1,1,6,2,71,10,1587,1,9,-1,-1,-1
201504SC15148,2,9,0,18,0,2,0,0,0,0,2,1,6,1,24,5,998,1,15,-1,-1,-1
201504SC15149,1,9,0,9,0,1,0,0,0,0,1,1,6,2,23,5,1461,2,5,-1,1,-1
201504SC15149,2,9,0,18,0,1,0,0,0,0,1,1,6,2,61,9,1587,1,11,-1,1,-1
201504SC15150,1,9,0,18,9,6,0,10,1,4,1,1,6,1,46,8,1975,1,9,-1,1,-1
201504SC15151,1,9,0,18,0,2,0,0,0,0,1,1,6,1,84,11,1199,1,12,-1,1,-1
201504SC15152,1,9,0,7,0,3,0,0,0,0,1,1,2,1,23,5,1988,1,14,-1,2,-1
201504SC15152,2,8,0,4,0,4,0,0,0,0,3,1,1,1,30,6,1998,2,5,-1,1,-1
201504SC15153,1,3,0,18,0,1,2,0,0,0,0,1,6,1,18,4,124,1,7,-1,1,-1
201504SC15154,1,9,0,11,0,0,0,0,0,0,0,1,6,3,-1,-1,-1,-1,-1,-1,-1,-1
201504SC15154,2,9,0,18,0,0,1,0,5,6,1,1,2,1,19,4,1248,2,7,-1,1,-1
201504SC15155,1,9,0,4,0,0,0,0,0,0,1,1,2,1,45,7,1685,2,-1,-1,3,-1
201504SC15155,2,9,0,3,0,0,0,0,0,0,2,1,6,2,23,5,1995,2,4,-1,3,-1
201504SC15155,3,9,0,3,0,0,0,0,0,0,2,1,2,1,46,8,1995,2,1,-1,1,-1
201504SC15156,1,9,0,18,0,0,0,0,0,0,1,1,6,1,27,6,2720,2,10,-1,2,-1
201504SC15156,2,9,0,18,0,0,0,0,0,0,1,1,6,2,60,9,1390,1,2,-1,2,-1
201504SC15157,1,5,0,14,0,0,0,0,0,0,1,1,2,1,27,6,1157,1,10,-1,2,-1
201504SC15157,2,9,0,9,0,0,0,0,0,0,3,1,6,2,42,7,1149,1,7,-1,3,-1
201504SC15158,1,9,0,18,0,4,0,0,0,0,0,1,6,3,-1,-1,-1,-1,-1,-1,-1,-1
201504SC15158,2,9,0,9,0,4,1,0,0,0,0,1,6,1,27,6,999,1,-1,-1,1,-1
201504SC15159,1,9,0,3,0,1,0,0,0,0,1,1,6,2,26,6,1598,1,8,-1,1,-1
201504SC15159,2,9,0,3,0,4,0,0,0,0,2,1,6,2,18,4,1299,1,14,-1,1,-1
201504SC15160,1,9,0,18,0,0,0,0,0,0,0,1,4,1,23,5,1991,2,9,-1,1,-1
201504SC15161,1,9,0,18,0,0,0,0,0,0,1,1,2,2,33,6,-1,-1,-1,-1,1,-1
201504SC15161,2,9,0,2,0,0,0,0,0,0,2,1,1,1,65,9,1910,2,7,-1,1,-1
201504SC15162,1,90,0,18,0,1,0,0,0,0,2,1,1,1,24,5,-1,-1,-1,-1,1,-1
201504SC15162,2,9,0,5,0,1,0,0,0,0,2,1,6,1,25,5,1242,1,8,-1,1,-1
201504SC15162,3,9,0,18,0,2,0,0,0,0,4,1,6,1,45,7,1995,2,5,-1,2,-1
201504SC15163,1,9,0,1,0,8,0,0,0,0,2,1,6,1,45,7,1229,1,7,-1,1,-1
201504SC15164,1,9,0,3,0,1,1,0,1,0,2,1,6,1,20,4,899,1,1,-1,1,-1
201504SC15164,2,9,0,4,0,1,0,0,0,0,1,1,6,3,-1,-1,1599,1,11,-1,-1,-1
201504SC15165,1,9,0,16,0,0,5,7,0,0,1,1,6,1,69,10,1997,1,6,-1,1,-1
201504SC15166,1,9,0,4,0,4,0,0,0,0,0,1,6,3,-1,-1,-1,-1,-1,-1,-1,-1
201504SC15166,2,1,0,18,0,3,0,10,0,0,0,1,6,1,50,8,-1,-1,-1,-1,1,-1
201504SC15167,1,9,0,5,0,4,0,0,0,0,3,1,6,1,32,6,1910,2,9,-1,1,-1
201504SC15167,2,9,0,18,0,3,0,0,0,0,1,1,1,2,17,4,1368,1,7,-1,1,-1
201504SC15168,1,9,0,18,0,0,0,0,0,0,3,1,6,1,20,4,1390,1,18,-1,1,-1
201504SC15168,2,3,0,18,0,0,0,0,0,0,1,1,6,1,18,4,125,1,2,-1,1,-1
201504SC15169,1,9,0,18,0,4,0,0,0,0,1,1,6,1,52,8,1390,1,5,-1,2,-1
201504SC15169,2,9,5,9,0,8,0,0,0,0,4,1,6,2,17,4,1299,1,11,-1,2,-1
201504SC15169,3,9,0,8,0,1,0,0,0,0,3,1,6,1,66,10,1560,2,-1,-1,2,-1
201504SC15170,1,9,0,18,0,0,0,0,0,0,1,1,2,1,37,7,1598,2,3,-1,1,-1
201504SC15170,2,9,0,18,0,0,0,0,0,0,2,1,2,2,48,8,4196,1,10,-1,3,-1
201504SC15171,1,9,0,9,0,2,0,0,0,0,1,1,6,2,24,5,1896,2,11,-1,1,-1
201504SC15171,2,9,0,18,0,1,0,0,0,0,3,1,6,1,63,9,1598,1,5,-1,1,-1
201504SC15171,3,9,0,2,0,1,0,0,0,0,0,1,6,3,-1,-1,-1,-1,-1,-1,-1,-1
201504SC15172,1,90,0,18,0,6,0,0,0,0,0,1,6,1,24,5,-1,-1,-1,-1,1,-1
201504SC15172,2,9,0,18,0,6,1,0,0,0,1,1,6,1,43,7,1796,1,5,-1,1,-1
201504SC15173,1,9,0,18,0,6,0,0,0,0,0,1,6,1,50,8,2698,2,6,-1,2,-1
201504SC15173,2,5,0,18,0,6,2,0,1,0,0,1,6,1,36,7,599,1,10,-1,1,-1
201504SC15174,1,9,0,7,0,0,1,0,1,0,0,1,6,2,56,9,998,1,5,-1,1,-1
201504SC15175,1,9,0,9,0,0,0,0,0,0,3,1,6,1,44,7,1997,2,10,-1,1,-1
201504SC15175,2,3,0,9,0,0,0,0,0,0,3,1,6,1,48,8,125,1,1,-1,1,-1
201504SC15176,1,9,0,18,0,0,0,0,0,0,0,1,1,1,70,10,3996,1,17,-1,2,-1
201504SC15176,2,9,0,18,0,0,0,0,0,0,4,1,1,1,52,8,1995,2,2,-1,1,-1
201504SC15176,3,9,0,18,0,0,0,0,0,0,4,1,1,1,31,6,1997,2,-1,-1,2,-1
201504SC15176,4,9,0,18,0,0,0,0,2,7,4,1,1,2,42,7,2400,2,3,-1,1,-1
201504SC15176,5,21,1,18,0,0,0,0,0,0,4,2,1,1,49,8,-1,-1,-1,-1,-1,-1
201504SC15176,6,9,0,18,0,0,0,0,0,0,2,1,1,1,66,10,2706,1,-1,-1,1,-1
201504SC15176,7,9,0,18,0,0,0,0,0,0,1,1,1,1,46,8,5439,1,11,-1,1,-1
201504SC15177,1,1,0,18,0,0,0,0,0,0,4,1,6,1,12,3,-1,-1,-1,-1,1,-1
201504SC15177,2,9,0,4,0,0,0,0,0,0,1,1,6,2,76,11,-1,-1,-1,-1,1,-1
201504SC15178,1,21,0,2,0,0,0,0,0,0,3,1,1,1,44,7,5880,2,9,-1,1,-1
201504SC15178,2,1,0,18,0,0,0,0,0,0,0,1,6,1,27,6,-1,-1,-1,-1,-1,-1
201504SC15179,1,9,0,7,0,8,0,0,0,0,1,1,6,1,24,5,1686,2,13,-1,1,-1
201504SC15179,2,1,0,18,0,1,0,0,0,0,4,1,6,2,61,9,-1,-1,-1,-1,1,-1
201504SC15180,1,3,0,18,0,0,0,0,0,0,0,1,6,1,42,7,124,1,5,-1,1,-1
201504SC15181,1,1,0,18,4,0,0,0,1,0,0,1,6,2,55,8,-1,-1,-1,-1,2,-1
201504SC15181,2,21,1,13,0,0,0,0,0,0,0,2,6,3,-1,-1,-1,-1,-1,-1,-1,-1
201504SC15183,1,9,0,18,0,4,0,0,0,0,1,1,6,2,26,6,1587,1,16,-1,1,-1
201504SC15183,2,9,0,18,0,3,0,0,0,0,4,1,2,1,34,6,1998,2,8,-1,1,-1
201504SC15184,1,9,0,6,0,0,0,0,0,0,3,1,6,1,80,11,-1,-1,-1,-1,1,-1
201504SC15184,2,1,0,18,0,0,0,0,0,0,1,1,6,1,29,6,-1,-1,-1,-1,1,-1
201504SC15185,1,9,0,18,0,0,0,4,0,0,1,1,6,1,27,6,1368,1,6,-1,1,-1
201504SC15185,2,9,0,2,0,0,0,0,1,0,2,1,6,3,-1,-1,1339,1,-1,-1,-1,-1
201504SC15186,1,9,0,17,0,0,5,0,1,1,1,1,6,1,39,7,1598,1,12,-1,1,-1
201504SC15187,1,9,0,18,0,0,0,0,0,0,1,1,6,1,21,5,1198,1,10,-1,1,-1
201504SC15187,2,9,0,18,0,0,0,0,0,0,2,1,6,1,54,8,1242,1,1,-1,1,-1
201504SC15187,3,9,0,18,0,0,0,0,0,0,2,1,6,1,34,6,1200,1,1,-1,-1,-1
201504SC15188,1,1,0,18,4,0,2,4,0,0,1,1,2,1,61,9,-1,-1,-1,-1,1,-1
201504SC15188,2,17,5,2,4,0,0,0,0,0,2,1,6,3,-1,-1,-1,-1,-1,-1,1,-1
201504SC15189,1,9,0,18,0,0,1,0,2,0,1,1,2,1,23,5,1598,1,1,-1,1,-1
201504SC15189,2,9,0,18,0,0,0,0,0,0,4,1,2,1,61,9,1560,2,5,-1,1,-1
201504SC15190,1,9,0,18,0,0,0,0,0,0,1,1,6,1,76,11,1198,1,3,-1,1,-1
201504SC15191,1,3,0,9,0,0,1,0,1,0,1,1,6,1,26,6,-1,-1,-1,-1,1,-1
201504SC15192,1,9,0,18,0,0,0,0,0,0,1,1,6,2,22,5,1388,1,7,-1,1,-1
201504SC15192,2,9,0,3,0,0,0,0,0,0,2,1,6,1,56,9,1798,1,3,-1,1,-1
201504SC15193,1,9,0,5,9,1,0,0,0,0,0,1,6,1,67,10,999,1,2,-1,2,-1
201504SC15194,1,9,0,18,0,6,0,0,0,0,1,1,6,2,29,6,1124,1,15,-1,1,-1
201504SC15194,2,9,0,18,0,8,1,0,0,0,4,1,6,2,48,8,1995,2,5,-1,1,-1
201504SC15194,3,9,0,2,0,1,0,0,0,0,4,1,6,1,52,8,1749,1,14,-1,-1,-1
201504SC15196,1,9,0,9,0,3,0,0,7,10,1,1,2,2,24,5,1149,1,4,-1,3,-1
201504SC15197,1,11,0,4,0,0,0,0,0,10,1,1,1,1,50,8,4250,2,7,-1,2,-1
201504SC15198,1,9,0,18,0,1,0,0,0,0,1,1,6,1,65,9,1246,1,9,-1,1,-1
201504SC15198,2,9,0,3,0,1,0,0,0,0,2,1,6,2,40,7,1968,2,9,-1,1,-1
201504SC15198,3,9,0,9,0,8,0,0,0,0,2,1,6,2,36,7,1598,1,3,-1,1,-1
201504SC15199,1,3,0,18,0,4,1,0,0,0,1,1,2,1,22,5,124,1,1,-1,1,-1
201504SC15199,2,9,0,5,0,4,0,0,0,0,2,1,6,1,55,8,1390,2,14,-1,1,-1
201504SC15200,1,21,1,1,7,0,0,0,0,0,2,1,6,1,59,9,-1,-1,-1,-1,-1,-1
201504SC15200,2,21,1,2,6,0,0,0,0,0,2,1,6,3,57,9,-1,-1,-1,-1,-1,-1
201504SC15201,1,21,0,18,0,8,0,0,0,0,3,1,1,1,52,8,4500,2,1,-1,1,-1
201504SC15202,1,9,0,18,0,0,0,0,7,0,1,1,6,1,94,11,1461,2,7,-1,1,-1
201504SC15202,2,9,4,2,0,0,0,10,0,0,1,1,6,1,-1,-1,1461,2,1,-1,1,-1
201504SC15202,3,9,0,2,0,0,0,0,0,0,1,1,6,2,-1,-1,1560,2,2,-1,1,-1
201504SC15203,1,21,0,5,9,0,0,0,1,10,1,1,6,1,73,10,-1,-1,-1,-1,2,-1
201504SC15204,1,9,0,18,0,3,1,4,0,0,1,1,6,1,-1,-1,1995,2,12,-1,1,-1
201504SC15204,2,9,0,2,0,1,0,0,0,0,3,1,6,3,-1,-1,-1,-1,-1,-1,-1,-1
201504SC15204,3,9,0,3,0,1,0,0,0,0,3,1,6,3,-1,-1,-1,-1,-1,-1,-1,-1
201504SC15205,1,11,0,12,0,0,0,0,0,0,1,1,6,1,46,8,-1,-1,-1,-1,1,-1
201504SC15205,2,9,0,18,0,0,0,0,0,0,2,1,6,1,17,4,1198,1,3,-1,1,-1
201504SC15206,1,9,0,7,0,6,0,0,0,0,3,1,2,1,37,7,1560,2,-1,-1,-1,-1
201504SC15206,2,1,0,18,0,8,0,0,0,0,1,1,6,1,51,8,-1,-1,-1,-1,1,-1
201504SC15207,1,9,0,6,0,1,0,0,0,0,3,1,6,1,60,9,1997,2,3,-1,-1,-1
201504SC15207,2,5,0,18,0,1,0,0,0,0,4,1,6,1,45,7,1198,1,3,-1,2,-1
201504SC15208,1,9,0,9,0,5,0,0,7,0,4,1,6,1,62,9,2400,2,6,-1,3,-1
201504SC15208,2,5,0,18,0,8,2,0,0,0,1,1,6,1,21,5,998,1,6,-1,2,-1
201504SC15209,1,9,0,18,0,0,1,10,2,10,3,1,6,1,25,5,1995,2,12,-1,1,-1
201504SC15209,2,9,0,18,0,0,0,0,0,0,1,1,1,1,52,8,1598,2,1,-1,1,-1
201504SC15210,1,9,0,18,0,8,0,0,0,0,4,1,6,1,23,5,998,1,9,-1,1,-1
201504SC15210,2,9,0,18,0,8,0,0,0,0,1,1,6,2,43,7,1229,1,2,-1,1,-1
201504SC15211,1,9,0,17,0,0,1,0,1,0,1,1,1,1,26,6,1560,2,1,-1,-1,-1
201504SC15211,2,9,0,16,0,0,1,0,0,0,3,1,6,2,43,7,1968,2,1,-1,3,-1
201504SC15212,1,9,0,18,0,0,0,0,0,0,1,1,6,2,33,6,1753,2,11,-1,1,-1
201504SC15212,2,9,0,3,0,0,0,0,0,0,4,1,6,1,42,7,1149,1,7,-1,1,-1
201504SC15212,3,9,0,3,0,0,0,0,0,0,2,1,1,1,32,6,1582,2,1,-1,1,-1
201504SC15213,1,19,0,9,0,8,0,0,0,0,4,1,6,1,48,8,1968,2,5,-1,1,-1
201504SC15213,2,3,0,18,0,1,0,0,0,0,1,1,6,1,24,5,124,1,3,-1,1,-1
201504SC15214,1,11,0,4,0,1,0,0,0,0,0,1,6,1,57,9,9000,2,6,-1,-1,-1
201504SC15215,1,9,0,18,0,1,0,0,0,0,1,1,6,2,69,10,1086,1,9,-1,1,-1
201504SC15215,2,21,1,18,0,1,0,0,0,0,3,2,1,2,49,8,12130,2,10,-1,-1,-1
201504SC15216,1,19,0,18,0,1,0,0,0,0,1,1,1,1,50,8,2198,2,2,-1,1,-1
201504SC15216,2,9,0,3,0,1,0,0,0,0,2,1,1,2,40,7,1199,1,12,-1,1,-1
201504SC15217,1,9,0,7,0,6,0,0,0,0,4,1,6,2,18,4,1398,1,-1,-1,2,-1
201504SC15217,2,3,0,18,0,1,0,0,0,0,1,1,6,1,19,4,125,1,2,-1,1,-1
201504SC15218,1,3,0,4,0,4,1,0,1,7,4,1,2,2,24,5,124,1,4,-1,-1,-1
201504SC15219,1,9,0,18,0,0,1,10,1,4,1,1,2,2,31,6,1999,1,12,-1,1,-1
201504SC15220,1,3,0,4,0,1,1,0,0,0,1,1,1,1,35,6,124,1,6,-1,1,-1
201504SC15220,2,9,0,3,0,1,0,0,0,0,2,1,2,2,50,8,1984,1,3,-1,3,-1
201504SC15221,1,9,0,3,0,1,0,0,0,0,1,1,2,1,58,9,1995,2,3,-1,3,-1
201504SC15221,2,19,0,3,0,1,0,0,0,0,2,1,1,1,51,8,2402,2,13,-1,1,-1
201504SC15222,1,9,0,3,1,3,0,0,0,0,4,1,6,1,-1,-1,-1,-1,-1,-1,-1,-1
201504SC15222,2,1,0,18,4,1,0,0,0,0,1,1,2,1,25,5,-1,-1,-1,-1,1,-1
201504SC15224,1,1,0,6,0,2,0,0,0,0,1,1,6,1,36,7,-1,-1,-1,-1,-1,-1
201504SC15224,2,9,0,4,0,1,0,0,0,0,1,1,2,1,29,6,1598,1,7,-1,1,-1
201504SC15225,1,9,0,18,0,1,0,0,0,0,2,1,6,1,44,7,1560,2,8,-1,1,-1
201504SC15225,2,9,0,10,0,1,0,0,0,0,2,1,2,1,17,4,1395,1,-1,-1,1,-1
201504SC15226,1,9,0,7,0,7,0,0,0,0,1,1,6,1,35,6,1560,2,5,-1,1,-1
201504SC15226,2,9,0,18,0,1,0,0,0,0,4,1,6,2,17,4,998,1,6,-1,2,-1
201504SC15227,1,9,0,4,0,1,0,0,0,0,1,1,6,2,47,8,1796,1,14,-1,1,-1
201504SC15227,2,9,0,4,0,1,0,0,0,0,2,1,6,2,33,6,1560,2,5,-1,1,-1
201504SC15228,1,9,0,18,0,1,0,0,0,0,1,1,6,1,48,8,1997,1,25,-1,3,-1
201504SC15229,1,3,0,17,0,0,0,0,1,9,4,1,6,1,19,4,124,1,-1,-1,1,-1
201504SC15230,1,3,0,17,0,0,0,0,0,0,0,1,6,1,22,5,-1,-1,-1,-1,1,-1
201504SC15231,1,19,0,5,0,1,0,0,0,0,1,1,1,1,27,6,1868,2,16,-1,1,-1
201504SC15231,2,9,0,18,0,1,0,0,0,0,0,1,6,3,-1,-1,-1,-1,-1,-1,-1,-1
201504SC15231,3,9,0,3,0,4,0,0,0,0,2,1,6,1,42,7,2979,1,7,-1,-1,-1
201504SC15232,1,9,0,5,0,4,0,0,0,0,4,1,6,1,17,4,1896,2,14,-1,1,-1
201504SC15232,2,9,0,5,0,4,0,0,0,0,3,1,6,2,39,7,1896,2,8,-1,1,-1
201504SC15233,1,9,0,9,0,4,0,0,0,0,1,1,1,2,35,6,1799,1,9,-1,1,-1
201504SC15233,2,9,0,9,0,4,0,0,0,0,4,1,6,2,40,7,1364,1,7,-1,-1,-1
201504SC15234,1,9,0,1,9,8,0,0,0,0,3,1,6,1,27,6,1299,1,12,-1,1,-1
201504SC15235,1,9,0,11,0,0,1,0,1,1,4,1,6,2,47,8,1368,1,11,-1,1,-1
201504SC15235,2,19,0,18,0,0,2,0,1,4,1,1,6,1,33,6,2402,2,14,-1,1,-1
201504SC15236,1,9,0,18,0,0,0,0,7,10,1,1,6,2,21,5,1149,1,11,-1,1,-1
201504SC15237,1,9,0,18,0,0,1,0,2,2,3,1,6,2,46,8,2982,2,18,-1,-1,-1
201504SC15238,1,9,0,16,0,0,0,0,8,10,3,1,6,1,33,6,-1,-1,-1,-1,1,-1
201504SC15239,1,19,0,18,0,0,0,0,0,0,4,1,6,2,28,6,2464,2,7,-1,3,-1
201504SC15240,1,9,0,16,0,0,0,10,4,2,4,1,6,2,18,4,2231,2,9,-1,1,-1
201504SC15241,1,19,0,4,0,0,0,0,0,0,1,1,1,1,37,7,2143,2,1,-1,1,-1
201504SC15241,2,9,0,3,0,0,0,0,0,0,2,1,1,2,27,6,1198,1,3,-1,2,-1
201504SC15243,1,1,0,18,0,0,0,0,0,0,1,1,6,1,49,8,-1,-1,-1,-1,-1,-1
201504SC15243,2,9,0,18,0,0,0,0,0,0,1,1,6,1,71,10,1998,2,7,-1,1,-1
201504SC15244,1,9,0,18,0,4,0,0,0,0,3,1,1,1,30,6,2987,2,7,-1,1,-1
201504SC15244,2,5,0,18,0,8,5,0,0,0,1,1,2,1,53,8,996,1,14,-1,1,-1
201504SC15245,1,9,0,18,0,0,0,0,0,0,1,1,1,1,47,8,-1,-1,-1,-1,1,-1
201504SC15245,2,3,0,4,0,0,0,0,0,0,2,1,2,1,30,6,125,1,-1,-1,1,-1
201504SC15246,1,3,0,18,0,1,0,0,0,0,1,1,6,1,43,7,124,1,9,-1,1,-1
201504SC15246,2,9,0,9,0,1,0,0,0,0,1,1,1,1,24,5,1896,2,16,-1,1,-1
201504SC15247,1,8,0,4,0,0,0,0,0,0,2,1,6,3,-1,-1,-1,-1,-1,-1,-1,-1
201504SC15247,2,1,0,4,0,0,0,0,0,0,2,1,2,1,35,6,-1,-1,-1,-1,-1,-1
201504SC15248,1,9,0,18,0,0,0,0,0,0,1,1,6,2,22,5,1388,1,10,-1,1,-1
201504SC15248,2,9,0,7,0,0,0,0,0,0,2,1,6,2,46,8,1149,1,10,-1,3,-1
201504SC15249,1,9,0,18,0,0,1,0,0,0,1,1,2,1,25,5,-1,-1,-1,-1,1,-1
201504SC15249,2,9,0,3,0,0,0,0,0,0,2,1,6,2,48,8,1587,1,11,-1,1,-1
201504SC15249,3,9,0,3,0,0,0,0,0,0,2,1,6,1,43,7,2979,1,10,-1,1,-1
201504SC15250,1,9,0,9,0,8,0,0,0,0,1,1,2,1,29,6,1582,2,4,-1,-1,-1
201504SC15250,2,9,0,18,0,8,0,0,0,0,1,1,6,2,28,6,1598,1,5,-1,-1,-1
201504SC15251,1,3,0,18,0,8,0,0,0,0,1,1,6,1,25,5,125,1,3,-1,1,-1
201504SC15251,2,9,0,5,0,8,0,0,0,0,3,1,6,2,40,7,1596,1,7,-1,1,-1