Accident_Index,Vehicle_Reference,Vehicle_Type,Towing_and_Articulation,Vehicle_Manoeuvre,Vehicle_Location-Restricted_Lane,Junction_Location,Skidding_and_Overturning,Hit_Object_in_Carriageway,Vehicle_Leaving_Carriageway,Hit_Object_off_Carriageway,1st_Point_of_Impact,Was_Vehicle_Left_Hand_Drive?,Journey_Purpose_of_Driver,Sex_of_Driver,Age_of_Driver,Age_Band_of_Driver,Engine_Capacity_(CC),Propulsion_Code,Age_of_Vehicle,Driver_IMD_Decile,Driver_Home_Area_Type,Vehicle_IMD_Decile
201504SC15252,1,5,0,18,0,0,0,0,0,0,3,1,6,1,54,8,918,1,19,-1,1,-1
201504SC15253,1,9,0,8,0,1,0,0,0,0,1,1,2,2,39,7,1995,2,6,-1,3,-1
201504SC15253,2,9,0,8,0,1,0,0,0,0,2,1,2,2,53,8,1299,1,8,-1,2,-1
201504SC15254,1,9,0,18,0,0,1,0,1,0,2,1,2,2,44,7,1796,1,2,-1,1,-1
201504SC15255,1,9,0,18,0,1,1,4,0,0,1,1,6,3,-1,-1,1896,2,13,-1,-1,-1
201504SC15255,2,9,0,3,0,1,0,0,0,0,3,1,6,1,40,7,-1,-1,-1,-1,1,-1
201504SC15255,3,9,0,3,0,1,0,0,0,0,3,1,1,1,32,6,1598,2,1,-1,1,-1
201504SC15256,1,9,0,4,0,0,0,0,0,0,1,1,6,1,62,9,1386,1,5,-1,1,-1
201504SC15256,2,9,0,3,0,0,0,0,0,0,2,1,6,2,17,4,1360,1,8,-1,1,-1
201504SC15256,3,9,0,3,0,0,0,0,0,0,2,1,6,1,62,9,2488,7,11,-1,1,-1
201504SC15257,1,9,0,16,0,0,0,0,0,0,3,1,6,1,47,8,1896,2,14,-1,-1,-1
201504SC15257,2,90,0,18,0,0,0,0,1,0,0,1,1,1,51,8,-1,-1,-1,-1,-1,-1
201504SC15257,3,90,0,18,0,0,0,0,0,0,3,1,1,1,38,7,-1,-1,-1,-1,2,-1
201504SC15257,4,9,0,18,0,0,0,0,0,0,3,1,1,1,57,9,1900,2,8,-1,1,-1
201504SC15257,5,9,0,4,0,0,0,0,0,0,3,1,1,1,30,6,-1,-1,-1,-1,3,-1
201504SC15257,6,90,0,3,0,0,0,0,0,0,3,1,2,1,49,8,-1,-1,-1,-1,3,-1
201504SC15257,7,90,0,18,0,0,0,0,0,0,1,1,1,1,24,5,-1,-1,-1,-1,3,-1
201504SC15258,1,9,0,18,0,0,0,0,1,7,3,1,2,2,20,4,2495,2,11,-1,3,-1
201504SC15258,2,9,0,18,0,0,0,0,0,0,4,1,2,1,41,7,2179,2,-1,-1,1,-1
201504SC15259,1,9,0,16,0,1,0,0,0,0,1,1,1,1,34,6,-1,-1,-1,-1,1,-1
201504SC15259,2,9,0,17,0,1,0,0,0,0,1,1,2,1,53,8,-1,3,1,-1,2,-1
201504SC15260,1,9,0,18,0,0,0,0,0,0,1,1,6,1,74,10,1596,1,1,-1,-1,-1
201504SC15260,2,9,0,18,0,0,0,0,0,0,1,1,6,1,52,8,1956,2,2,-1,2,-1
201504SC15260,3,9,0,4,0,0,0,0,0,0,3,1,6,2,35,6,1598,1,8,-1,1,-1
201504SC15260,4,9,0,2,0,0,0,0,0,0,3,1,6,3,-1,-1,998,1,-1,-1,-1,-1
201504SC15260,5,9,0,2,0,0,0,0,0,0,0,1,6,1,80,11,1596,1,12,-1,-1,-1
201504SC15261,1,9,0,12,0,0,0,0,0,0,0,1,6,3,-1,-1,-1,-1,-1,-1,-1,-1
201504SC15261,2,9,0,18,0,0,1,0,5,6,1,1,1,1,45,7,2290,1,14,-1,1,-1
201504SC15262,1,9,0,18,0,0,0,11,0,0,1,1,2,1,23,5,1596,1,9,-1,1,-1
201504SC15262,2,9,0,18,0,0,0,0,0,0,1,1,2,1,47,8,1968,2,1,-1,1,-1
201504SC15262,3,9,0,18,0,0,0,0,0,0,1,1,2,2,27,6,1598,2,4,-1,1,-1
201504SC15262,4,9,0,18,0,0,0,0,0,0,1,1,2,1,74,10,1998,1,10,-1,1,-1
201504SC15263,1,9,0,5,0,6,0,0,3,0,3,1,6,1,72,10,1595,1,8,-1,1,-1
201504SC15263,2,9,0,18,0,1,0,0,7,0,1,1,2,2,36,7,1339,1,7,-1,1,-1
201504SC15264,1,9,0,16,0,8,0,0,0,0,1,1,6,1,18,4,1198,1,8,-1,-1,-1
201504SC15264,2,9,0,18,0,1,0,0,0,0,1,1,6,1,51,8,2979,1,11,-1,2,-1
201504SC15265,1,9,0,15,0,0,0,0,0,0,4,1,6,1,57,9,-1,-1,-1,-1,1,-1
201504SC15265,2,9,0,18,0,0,0,0,0,0,1,1,6,2,23,5,1598,1,14,-1,3,-1
201504SC15266,1,2,0,13,0,0,5,0,0,0,1,1,4,1,16,4,-1,-1,-1,-1,2,-1
201504SC15266,2,9,0,10,0,0,0,0,0,0,3,1,3,2,30,6,1390,1,9,-1,1,-1
201504SC15267,1,1,0,18,0,6,0,0,0,0,3,1,6,1,16,4,-1,-1,-1,-1,1,-1
201504SC15267,2,9,0,7,0,3,0,0,0,0,1,1,6,3,-1,-1,-1,-1,-1,-1,-1,-1
201504SC15268,1,9,0,18,0,8,1,0,0,0,1,1,4,1,17,4,1390,1,7,-1,1,-1
201504SC15268,2,19,0,18,0,8,2,0,0,0,2,1,1,1,38,7,2402,2,4,-1,1,-1
201504SC15268,3,9,0,18,0,8,0,0,0,0,1,1,6,1,75,10,2148,2,6,-1,2,-1
201504SC15269,1,9,0,16,0,0,1,0,7,0,3,1,6,1,18,4,1398,1,14,-1,1,-1
201504SC15269,2,9,0,17,0,0,0,0,0,0,3,1,2,1,42,7,1995,2,6,-1,1,-1
201504SC15270,1,9,0,4,0,8,0,0,0,0,1,1,6,2,91,11,998,1,13,-1,2,-1
201504SC15270,2,9,0,4,0,8,0,0,0,0,2,1,6,2,25,5,-1,-1,-1,-1,1,-1
201504SC15271,1,9,0,9,0,8,0,0,0,0,1,1,6,2,71,10,1497,1,11,-1,1,-1
201504SC15271,2,9,0,9,0,8,0,0,0,0,2,1,2,2,48,8,1399,2,12,-1,-1,-1
201504SC15272,1,9,0,18,0,0,0,0,4,6,1,1,1,1,52,8,1560,2,-1,-1,-1,-1
201504SC15273,1,9,0,9,0,0,0,0,0,0,1,1,3,2,31,6,1910,2,6,-1,-1,-1
201504SC15274,1,9,0,7,0,8,0,0,0,0,3,1,6,2,56,9,1198,1,10,-1,-1,-1
201504SC15274,2,1,0,18,0,8,0,0,0,0,1,1,6,1,65,9,-1,-1,-1,-1,1,-1
201504SC15275,1,9,0,7,0,0,0,0,0,0,4,1,6,2,24,5,1199,2,3,-1,1,-1
201504SC15275,2,1,0,18,0,0,0,0,0,0,1,1,6,1,53,8,-1,-1,-1,-1,1,-1
201504SC15277,1,9,0,17,0,0,2,0,1,1,1,1,6,2,46,8,1240,1,7,-1,2,-1
201504SC15278,1,9,0,18,0,4,0,0,0,0,4,1,6,1,50,8,1199,1,12,-1,1,-1
201504SC15278,2,9,0,18,0,3,0,0,0,0,1,1,6,2,49,8,1240,1,7,-1,1,-1
201504SC15279,1,9,0,18,0,0,0,0,0,0,0,1,6,3,-1,-1,-1,-1,-1,-1,-1,-1
201504SC15280,1,9,0,11,0,1,0,0,0,0,0,1,6,3,-1,-1,-1,-1,-1,-1,-1,-1
201504SC15280,2,9,0,16,0,1,1,0,1,9,1,1,6,2,60,9,-1,-1,-1,-1,1,-1
201504SC15281,1,9,0,9,0,6,0,0,0,0,1,1,6,1,32,6,1781,1,25,-1,3,-1
201504SC15281,2,9,0,18,0,1,0,0,7,10,1,1,2,1,44,7,1598,1,11,-1,1,-1
201504SC15282,1,9,0,18,0,0,1,0,4,6,1,1,2,1,33,6,1582,2,3,-1,2,-1
201504SC15283,1,1,0,18,0,8,0,0,0,0,1,1,6,1,16,4,-1,-1,-1,-1,1,-1
201504SC15283,2,9,0,18,0,8,0,0,0,0,1,1,6,1,17,4,1242,1,7,-1,1,-1
201504SC15284,1,21,1,18,0,0,0,0,0,0,1,1,1,1,50,8,11946,2,2,-1,-1,-1
201504SC15284,2,21,1,18,0,0,0,0,0,0,2,1,1,1,76,11,12580,2,13,-1,-1,-1
201504SC15285,1,21,1,9,0,8,0,0,0,0,3,1,6,3,-1,-1,-1,-1,-1,-1,-1,-1
201504SC15286,1,9,0,16,0,0,1,0,7,10,4,1,6,1,29,6,1769,1,14,-1,1,-1
201504SC15287,1,19,0,2,9,8,0,0,0,0,3,1,1,1,26,6,1997,2,12,-1,1,-1
201504SC15287,2,1,0,14,0,8,0,8,0,0,1,1,6,1,40,7,-1,-1,-1,-1,1,-1
201504SC15288,1,9,0,5,0,2,0,0,0,0,3,1,1,1,56,9,1997,2,10,-1,1,-1
201504SC15288,2,9,0,18,0,1,0,0,7,4,1,1,6,2,30,6,2720,2,8,-1,3,-1
201504SC15289,1,9,0,5,0,4,0,0,0,0,3,1,6,2,60,9,1597,2,1,-1,1,-1
201504SC15289,2,1,0,18,0,8,5,0,0,0,4,1,1,1,57,9,-1,-1,-1,-1,1,-1
201504SC15290,1,9,0,18,0,1,0,0,0,0,1,1,6,1,71,10,998,1,1,-1,1,-1
201504SC15290,2,9,0,3,0,1,0,0,0,0,2,1,6,2,28,6,1968,2,9,-1,1,-1
201504SC15291,1,9,0,16,0,0,2,0,2,4,1,1,2,1,23,5,1596,1,13,-1,-1,-1
201504SC15292,1,9,0,18,0,0,0,0,0,0,1,1,6,1,73,10,1997,2,6,-1,1,-1
201504SC15292,2,9,0,18,0,0,1,0,0,6,2,1,6,2,46,8,2496,1,9,-1,1,-1
201504SC15294,1,9,0,18,0,0,0,0,0,0,1,1,6,2,53,8,1834,1,17,-1,2,-1
201504SC15294,2,21,1,18,0,0,0,0,1,9,1,1,1,1,35,6,12902,2,-1,-1,1,-1
201504SC15295,1,9,0,18,0,0,0,0,2,7,1,1,2,2,20,4,1242,1,7,-1,2,-1
201504SC15296,1,9,0,16,0,0,1,10,2,10,1,1,6,1,21,5,2477,2,14,-1,1,-1
201504SC15297,1,9,0,5,0,4,0,0,0,0,1,1,6,1,64,9,-1,-1,-1,-1,1,-1
201504SC15297,2,9,0,18,0,3,0,0,0,0,2,1,6,1,33,6,1995,2,12,-1,1,-1
201504SC15297,3,9,0,18,0,8,0,0,0,0,2,1,6,1,45,7,1598,2,-1,-1,3,-1
201504SC15298,1,9,0,9,0,5,0,0,0,0,1,1,6,1,38,7,1975,1,12,-1,1,-1
201504SC15298,2,3,0,18,0,8,5,0,0,0,0,1,6,1,20,4,124,1,2,-1,1,-1
201504SC15300,1,9,0,4,0,0,0,0,0,0,1,1,6,2,29,6,-1,-1,-1,-1,1,-1
201504SC15300,2,9,0,3,0,0,0,0,0,0,2,1,6,1,35,6,1598,2,5,-1,2,-1
201504SC15300,3,9,0,3,0,0,0,0,0,0,2,1,6,1,48,8,998,1,9,-1,1,-1
201504SC15301,1,9,0,18,0,4,0,0,0,0,1,1,6,1,72,10,2987,2,8,-1,3,-1
201504SC15301,2,9,0,7,4,7,0,0,0,0,1,1,6,1,80,11,1596,1,6,-1,1,-1
201504SC15302,1,9,0,18,0,0,0,0,0,0,1,1,6,1,27,6,1988,1,15,-1,1,-1
201504SC15303,1,9,0,18,9,0,0,0,1,0,1,1,2,1,39,7,1242,1,1,-1,2,-1
201504SC15304,1,9,0,18,0,0,0,0,4,6,1,1,6,1,45,7,1997,2,7,-1,-1,-1
201504SC15304,2,21,1,18,0,0,0,0,0,0,2,1,1,3,-1,-1,11946,2,3,-1,-1,-1
201504SC15305,1,9,0,4,0,1,0,0,0,0,1,1,6,1,22,5,999,1,1,-1,1,-1
201504SC15305,2,9,0,4,0,1,0,0,0,0,2,1,6,2,25,5,1242,1,13,-1,1,-1
201504SC15306,1,21,1,18,0,0,0,0,0,1,4,1,1,1,57,9,12902,2,1,-1,2,-1
201504SC15307,1,9,0,5,0,4,0,0,0,0,1,1,2,1,39,7,1796,1,6,-1,1,-1
201504SC15307,2,9,0,18,0,8,0,0,0,0,1,1,6,2,33,6,998,1,16,-1,1,-1
201504SC15308,1,9,0,18,0,5,0,0,0,0,1,1,6,2,42,7,1587,1,11,-1,-1,-1
201504SC15309,1,9,0,18,0,8,0,0,0,0,1,1,1,2,42,7,1000,1,-1,-1,1,-1
201504SC15309,2,9,0,18,0,8,0,0,0,0,1,1,1,2,74,10,1896,2,10,-1,2,-1
201504SC15310,1,9,0,18,0,3,0,0,0,0,1,1,6,3,-1,-1,2435,1,13,-1,-1,-1
201504SC15310,2,9,0,18,0,3,0,10,0,0,1,1,6,1,19,4,1686,2,8,-1,1,-1
201504SC15311,1,9,0,18,0,0,0,0,0,0,1,1,6,3,-1,-1,1781,1,14,-1,-1,-1
201504SC15311,2,9,0,2,0,0,0,0,0,0,2,1,6,1,43,7,1398,1,13,-1,1,-1
201504SC15312,1,9,0,9,0,1,0,0,0,0,1,1,6,2,21,5,-1,-1,-1,-1,1,-1
201504SC15312,2,9,0,18,0,1,0,0,0,0,1,1,6,2,72,10,1242,1,12,-1,3,-1
201504SC15313,1,3,0,3,0,1,0,0,0,0,1,1,2,1,36,7,-1,-1,-1,-1,1,-1
201504SC15313,2,9,0,18,0,1,0,0,0,0,1,1,6,1,23,5,-1,-1,-1,-1,1,-1
201504SC15314,1,9,0,17,0,0,0,0,0,0,1,1,2,1,72,10,-1,-1,-1,-1,1,-1
201504SC15315,1,9,0,4,0,0,0,0,0,0,1,1,2,1,39,7,1560,2,1,-1,1,-1
201504SC15315,2,9,0,4,0,0,0,0,0,0,2,1,6,2,32,6,1398,1,-1,-1,1,-1
201504SC15315,3,9,0,4,0,0,0,0,0,0,2,1,2,1,44,7,-1,-1,-1,-1,1,-1
201504SC15315,4,9,0,4,0,0,0,0,0,0,2,1,2,1,44,7,2143,2,-1,-1,1,-1
201504SC15316,1,19,0,5,0,4,0,0,0,0,3,1,6,3,-1,-1,1248,2,4,-1,-1,-1
201504SC15316,2,1,0,9,0,3,0,0,0,0,1,1,6,1,57,9,-1,-1,-1,-1,1,-1
201504SC15317,1,9,0,18,0,0,1,0,0,0,1,1,6,1,72,10,1242,1,3,-1,1,-1
201504SC15317,2,9,0,4,0,0,0,0,0,0,2,1,6,1,36,7,1896,2,14,-1,1,-1
201504SC15317,3,9,0,4,0,0,0,0,0,0,2,1,6,1,61,9,2179,2,2,-1,1,-1
201504SC15318,1,3,0,4,0,0,1,0,0,0,0,1,6,1,18,4,125,1,11,-1,1,-1
201504SC15318,2,9,0,5,0,0,0,0,0,0,1,1,6,3,-1,-1,-1,-1,-1,-1,-1,-1
201504SC15319,1,9,0,18,0,4,0,0,0,0,4,1,6,1,67,10,1968,2,2,-1,1,-1
201504SC15319,2,1,0,9,0,8,0,0,1,0,2,1,6,1,36,7,-1,-1,-1,-1,1,-1
201504SC15320,1,9,0,18,0,1,0,0,0,0,1,1,6,2,49,8,2148,2,10,-1,1,-1
201504SC15321,1,9,0,9,0,2,0,0,0,0,3,1,6,1,69,10,1600,2,6,-1,1,-1
201504SC15322,1,9,0,18,0,0,0,0,8,2,1,1,6,2,23,5,1598,1,3,-1,1,-1
201504SC15323,1,9,0,9,0,6,0,0,0,0,1,1,1,1,53,8,1461,2,5,-1,1,-1
201504SC15323,2,9,0,18,0,2,0,0,0,0,4,1,6,2,23,5,1299,1,15,-1,2,-1
201504SC15324,1,9,0,18,0,0,1,0,4,6,1,1,6,1,41,7,1560,2,2,-1,3,-1
201504SC15324,2,21,1,18,0,0,0,0,0,0,3,1,2,1,55,8,10677,2,1,-1,1,-1
201504SC15325,1,9,0,7,0,4,0,0,0,0,3,1,2,2,50,8,2231,2,7,-1,3,-1
201504SC15325,2,1,0,18,0,8,0,0,0,0,1,1,6,2,45,7,-1,-1,-1,-1,1,-1
201504SC15326,1,9,0,11,0,0,1,0,2,6,1,1,6,1,38,7,2993,2,4,-1,1,-1
201504SC15327,1,9,0,9,0,8,0,0,0,0,1,1,1,1,25,5,-1,-1,-1,-1,1,-1
201504SC15327,2,9,0,9,0,8,0,0,0,0,1,1,2,1,23,5,1995,1,3,-1,1,-1
201504SC15328,1,9,0,18,0,0,0,0,0,0,1,1,6,2,72,10,1995,2,4,-1,1,-1
201504SC15328,2,9,0,18,0,0,0,0,0,0,2,1,6,2,46,8,1598,1,9,-1,1,-1
201504SC15329,1,9,0,18,0,8,0,0,0,0,1,1,1,1,24,5,1598,2,-1,-1,1,-1
201504SC15329,2,9,0,10,0,8,0,0,0,0,4,1,6,1,63,9,1198,1,10,-1,1,-1
201504SC15330,1,9,0,14,0,2,0,0,0,0,4,1,6,3,-1,-1,-1,-1,-1,-1,-1,-1
201504SC15331,1,9,0,18,0,0,0,0,0,0,1,1,6,2,28,6,1396,1,11,-1,1,-1
201504SC15331,2,9,0,18,0,0,0,0,0,0,2,1,6,1,20,4,1586,1,4,-1,1,-1
201504SC15331,3,9,0,18,0,0,0,0,0,0,2,1,6,2,35,6,1582,2,3,-1,1,-1
201504SC15332,1,19,0,12,0,0,0,0,0,0,3,1,1,1,19,4,1598,2,-1,-1,1,-1
201504SC15332,2,5,0,18,0,0,2,0,1,0,4,1,1,1,62,9,1170,1,8,-1,1,-1
201504SC15333,1,10,0,18,0,0,0,7,8,6,1,1,1,1,32,6,-1,-1,-1,-1,1,-1
201504SC15334,1,9,0,18,0,4,0,0,0,0,1,1,2,1,29,6,2198,1,13,-1,1,-1
201504SC15334,2,9,0,18,0,3,0,0,0,0,4,1,2,1,54,8,1796,1,4,-1,1,-1
201504SC15335,1,9,0,18,0,2,0,11,7,4,1,1,6,2,87,11,998,1,6,-1,-1,-1
201504SC15336,1,9,0,4,0,0,0,0,0,0,1,1,6,1,57,9,1560,2,10,-1,1,-1
201504SC15336,2,9,0,3,0,0,0,0,0,0,2,1,2,2,47,8,2179,2,7,-1,2,-1
201504SC15336,3,9,0,3,0,0,0,0,0,0,2,1,2,2,24,5,1360,1,4,-1,1,-1
201504SC15337,1,9,0,18,0,1,0,0,0,0,3,1,2,1,48,8,1994,1,11,-1,-1,-1
201504SC15338,1,9,0,13,0,0,0,0,5,6,4,1,6,2,56,9,1461,2,9,-1,3,-1
201504SC15338,2,9,0,13,0,0,0,0,0,0,3,1,1,1,19,4,1086,1,11,-1,1,-1
201504SC15339,1,9,0,18,0,1,0,0,0,0,1,1,6,2,52,8,1995,2,14,-1,2,-1
201504SC15339,2,9,0,10,0,1,0,0,0,0,2,1,6,1,27,6,1242,1,1,-1,1,-1
201504SC15339,3,9,0,10,0,1,0,0,0,0,2,1,6,1,48,8,1997,2,13,-1,-1,-1
201504SC15340,1,9,0,4,0,1,0,0,0,0,1,1,6,1,58,9,2495,2,11,-1,2,-1
201504SC15340,2,9,0,3,0,1,1,0,0,0,1,1,6,1,50,8,1149,1,12,-1,1,-1
201504SC15340,3,9,0,3,0,3,0,0,0,0,2,1,6,1,57,9,1868,2,16,-1,1,-1
201504SC15341,1,5,0,13,0,1,1,7,0,0,3,1,2,1,38,7,998,1,9,-1,1,-1
201504SC15342,1,9,0,5,0,1,0,0,0,0,1,1,6,2,30,6,1598,1,9,-1,-1,-1
201504SC15343,1,9,0,18,0,8,0,0,0,0,1,1,6,1,54,8,-1,-1,-1,-1,1,-1
201504SC15343,2,9,0,9,0,8,0,0,0,0,1,1,6,1,27,6,1398,1,-1,-1,1,-1
201504SC15344,1,9,0,18,0,0,0,0,1,7,1,1,6,1,31,6,5204,1,3,-1,-1,-1
201504SC15345,1,3,0,4,0,1,2,0,0,0,1,1,6,1,22,5,-1,-1,-1,-1,1,-1
201504SC15345,2,9,0,3,0,8,0,0,0,0,2,1,6,1,64,9,1769,1,9,-1,3,-1
201504SC15346,1,1,0,18,9,1,0,0,0,0,4,1,2,1,42,7,-1,-1,-1,-1,1,-1
201504SC15346,2,9,0,9,0,1,0,0,0,0,4,1,6,3,64,9,-1,-1,-1,-1,-1,-1
201504SC15347,1,9,0,18,0,0,2,0,0,6,1,1,1,1,43,7,2993,2,2,-1,-1,-1
201504SC15348,1,9,0,18,0,1,0,0,0,0,1,1,6,2,29,6,1399,2,4,-1,1,-1
201504SC15348,2,19,0,3,0,1,0,0,0,0,2,1,1,1,63,9,2143,2,1,-1,1,-1
201504SC15349,1,9,0,1,9,2,0,0,0,0,2,1,6,1,77,11,3248,1,18,-1,1,-1
201504SC15349,2,9,0,2,9,1,0,0,0,0,2,1,6,1,35,6,1197,1,5,-1,1,-1
201504SC15350,1,3,0,18,0,0,0,0,0,0,1,1,2,1,22,5,124,1,20,-1,1,-1
201504SC15351,1,19,0,18,0,0,0,0,0,0,1,1,1,1,56,9,1248,2,-1,-1,1,-1
201504SC15351,2,9,0,2,0,0,0,0,1,10,2,1,6,3,-1,-1,1198,1,9,-1,-1,-1
201504SC15352,1,9,0,18,0,1,0,0,0,0,1,1,6,2,63,9,1364,1,7,-1,2,-1
201504SC15352,2,9,0,3,0,1,0,0,0,0,2,1,6,1,45,7,999,1,6,-1,2,-1
201504SC15352,3,9,0,3,0,1,0,0,0,0,2,1,6,2,53,8,1598,1,9,-1,3,-1
201504SC15353,1,9,0,18,0,3,0,0,0,0,4,1,6,1,61,9,1988,1,14,-1,-1,-1
201504SC15353,2,9,0,5,0,8,0,0,0,0,4,1,6,1,52,8,1598,1,3,-1,1,-1
201504WA15001,1,9,0,5,0,2,0,0,0,0,3,1,1,1,47,8,1753,2,7,-1,1,-1
201504WA15001,2,9,0,18,0,2,0,0,0,0,1,1,6,1,63,9,1199,2,3,-1,1,-1
201504WA15002,1,9,0,18,0,2,1,0,0,0,1,1,6,1,28,6,1895,1,15,-1,1,-1
201504WA15002,2,9,0,4,0,7,0,0,0,0,3,1,1,1,53,8,1896,2,10,-1,1,-1
201504WA15003,1,9,0,18,0,6,0,0,0,10,3,1,6,2,53,8,-1,-1,-1,-1,-1,-1
201504WA15003,2,9,0,18,0,8,0,0,0,0,1,1,6,1,60,9,998,1,13,-1,-1,-1
201504WA15004,1,2,0,18,0,0,1,0,0,0,3,1,6,1,20,4,49,1,10,-1,1,-1
201504WA15004,2,9,0,2,0,0,0,0,0,0,1,1,6,3,-1,-1,1587,1,12,-1,-1,-1
201504WA15005,1,9,0,9,0,1,0,0,0,0,3,1,6,1,82,11,-1,-1,-1,-1,1,-1
201504WA15006,1,9,0,18,0,1,0,0,0,0,1,1,6,1,27,6,-1,-1,-1,-1,1,-1
201504WA15006,2,9,0,18,0,1,0,0,0,0,2,1,6,1,36,7,1975,1,6,-1,1,-1
201504WA15007,1,9,0,7,0,6,0,0,0,0,1,1,2,1,27,6,2976,1,13,-1,1,-1
201504WA15007,2,1,0,18,0,8,0,0,0,0,1,1,2,1,64,9,-1,-1,-1,-1,1,-1
201504WA15008,1,9,0,9,6,8,0,0,0,0,1,1,6,2,28,6,1124,1,15,-1,1,-1
201504WA15008,2,9,0,18,0,8,0,0,0,0,1,1,6,1,28,6,1984,2,6,-1,1,-1
201504WA15009,1,11,0,1,9,7,0,0,0,0,2,1,1,2,39,7,12000,2,9,-1,3,-1
201504WA15010,1,2,0,18,0,1,0,0,0,0,1,1,6,1,18,4,-1,-1,-1,-1,1,-1
201504WA15010,2,9,0,18,0,1,0,0,0,0,2,1,6,2,66,10,1560,2,3,-1,1,-1
201504WA15011,1,9,0,18,5,8,0,0,0,0,1,1,6,1,31,6,1390,1,10,-1,1,-1
201504WA15011,2,1,0,18,5,8,0,0,0,0,1,1,6,1,28,6,-1,-1,-1,-1,3,-1
201504WA15012,1,10,0,9,0,5,0,0,3,2,3,1,1,1,47,8,1998,2,9,-1,1,-1
201504WA15012,2,9,0,18,0,8,1,0,0,0,1,1,2,1,51,8,1560,2,9,-1,1,-1
201504WA15013,1,9,0,9,0,1,0,0,0,0,1,1,6,2,23,5,998,1,3,-1,1,-1
201504WA15013,2,3,0,18,0,1,5,0,0,0,1,1,6,1,36,7,125,1,6,-1,1,-1
201504WA15014,1,90,0,9,0,2,0,0,0,0,1,1,2,1,29,6,-1,-1,-1,-1,1,-1
201504WA15015,1,9,0,18,0,0,0,0,0,0,1,1,2,1,46,8,-1,-1,-1,-1,1,-1
201504WA15015,2,9,0,4,0,0,0,0,0,0,2,1,2,1,19,4,1686,2,1,-1,1,-1
201504WA15015,3,9,0,18,0,0,0,0,0,0,0,1,2,2,50,8,1229,1,9,-1,1,-1
201504WA15015,4,9,0,2,0,0,0,0,0,0,0,1,6,3,-1,-1,1896,2,11,-1,-1,-1
201504WA15016,1,9,0,18,0,1,0,0,0,0,1,1,6,1,23,5,1995,2,3,-1,1,-1
201504WA15016,2,1,0,18,0,1,0,0,0,0,2,1,6,1,77,11,-1,-1,-1,-1,1,-1
201504WA15017,1,8,0,9,0,6,0,0,0,0,3,1,1,1,56,9,1596,1,7,-1,1,-1
201504WA15017,2,3,0,18,0,8,5,0,0,0,1,1,2,1,38,7,124,1,6,-1,1,-1
201504WA15018,1,9,0,9,0,5,0,0,0,0,1,1,6,1,22,5,4163,1,8,-1,3,-1
201504WA15018,2,9,0,18,0,1,0,0,0,0,1,1,6,1,60,9,-1,-1,-1,-1,1,-1
201504WA15019,1,9,0,18,0,8,0,0,0,0,4,1,6,3,-1,-1,-1,-1,-1,-1,-1,-1
201504WA15020,1,3,0,18,0,0,1,0,0,0,3,1,2,1,31,6,125,1,1,-1,1,-1
201504WA15021,1,9,0,17,0,0,1,0,7,4,1,1,2,1,17,4,998,1,7,-1,1,-1
201504WA15022,1,9,0,18,0,1,0,0,0,0,3,1,6,1,72,10,1390,1,18,-1,1,-1
201504WA15022,2,2,0,5,0,1,0,0,0,0,1,1,6,1,16,4,50,1,12,-1,1,-1
201504WA15023,1,90,0,18,0,6,0,0,0,0,4,1,6,1,55,8,-1,-1,-1,-1,1,-1
201504WA15023,2,9,0,7,0,3,0,0,0,0,1,1,6,2,54,8,1396,1,11,-1,1,-1
201504WA15024,1,9,0,9,0,3,1,0,0,0,1,1,2,2,26,6,1390,1,14,-1,1,-1
201504WA15025,1,9,0,18,0,8,1,0,1,2,1,1,2,1,21,5,-1,-1,-1,-1,1,-1
201504WA15025,2,9,0,7,0,4,0,0,0,0,0,1,6,3,-1,-1,-1,-1,-1,-1,-1,-1
201504WA15026,1,9,0,18,0,1,0,0,0,0,1,1,1,1,52,8,2179,2,2,-1,-1,-1
201504WA15026,2,5,0,18,0,1,0,0,0,0,2,1,1,1,62,9,-1,-1,-1,-1,1,-1
201504WA15027,1,9,0,18,0,0,0,0,0,0,1,1,6,2,80,11,-1,-1,-1,-1,1,-1
201504WA15027,2,9,0,2,0,0,0,0,0,0,2,1,6,1,69,10,1461,2,2,-1,1,-1
201504WA15028,1,90,0,18,0,6,0,0,0,0,4,1,6,3,-1,-1,-1,-1,-1,-1,-1,-1
201504WA15028,2,2,0,18,0,8,2,0,0,0,4,1,6,1,24,5,49,1,2,-1,1,-1
201504WA15029,1,9,0,3,0,1,0,0,0,0,1,1,6,1,53,8,1368,1,6,-1,1,-1
201504WA15029,2,9,0,18,0,1,0,0,0,0,1,1,6,1,33,6,1395,1,1,-1,1,-1
201504WA15030,1,19,0,5,0,6,0,0,0,0,1,1,1,1,-1,-1,-1,-1,-1,-1,-1,-1
201504WA15030,2,1,0,18,0,1,0,0,0,0,1,1,2,1,39,7,-1,-1,-1,-1,1,-1
201504WA15031,1,9,0,18,0,1,0,0,0,0,1,1,6,2,53,8,1229,1,3,-1,1,-1
201504WA15032,1,9,0,18,0,1,0,0,0,0,1,1,2,1,22,5,-1,-1,-1,-1,1,-1
201504WA15032,2,9,0,4,0,1,0,0,0,0,2,1,2,1,37,7,-1,-1,-1,-1,1,-1
201504WA15033,1,19,0,3,0,4,0,0,0,0,1,1,1,1,66,10,1997,2,8,-1,1,-1
201504WA15033,2,9,0,3,0,4,0,0,0,0,2,1,2,2,60,9,1984,1,11,-1,1,-1
201504WA15034,1,10,0,4,0,1,1,0,0,0,1,1,6,1,28,6,2400,2,12,-1,2,-1
201504WA15034,2,9,0,3,0,1,0,0,0,0,2,1,6,1,51,8,1598,1,13,-1,1,-1