Accident_Index,Vehicle_Reference,Vehicle_Type,Towing_and_Articulation,Vehicle_Manoeuvre,Vehicle_Location-Restricted_Lane,Junction_Location,Skidding_and_Overturning,Hit_Object_in_Carriageway,Vehicle_Leaving_Carriageway,Hit_Object_off_Carriageway,1st_Point_of_Impact,Was_Vehicle_Left_Hand_Drive?,Journey_Purpose_of_Driver,Sex_of_Driver,Age_of_Driver,Age_Band_of_Driver,Engine_Capacity_(CC),Propulsion_Code,Age_of_Vehicle,Driver_IMD_Decile,Driver_Home_Area_Type,Vehicle_IMD_Decile
201504WA15035,1,3,0,5,0,4,0,0,0,0,0,1,6,1,45,7,124,1,6,-1,1,-1
201504WA15035,2,9,0,17,0,8,0,0,0,0,0,1,6,1,51,8,1995,2,8,-1,1,-1
201504WA15036,1,9,0,7,0,7,0,0,0,0,1,1,3,2,36,7,1596,1,3,-1,1,-1
201504WA15036,2,1,0,18,0,8,0,0,0,0,2,1,2,2,44,7,-1,-1,-1,-1,1,-1
201504WA15037,1,9,0,18,0,0,0,0,0,0,4,1,3,2,35,6,1242,1,1,-1,1,-1
201504WA15038,1,9,0,18,0,6,0,0,0,0,1,1,6,2,47,8,3628,2,8,-1,3,-1
201504WA15038,2,9,0,18,0,8,0,0,0,0,4,1,6,1,78,11,-1,-1,-1,-1,2,-1
201504WA15039,1,9,0,5,0,8,0,0,0,0,1,1,1,1,48,8,1753,2,7,-1,-1,-1
201504WA15039,2,9,0,9,0,8,0,0,0,0,1,1,6,1,37,7,998,1,14,-1,1,-1
201504WA15040,1,9,0,18,0,0,0,0,0,0,1,1,6,3,-1,-1,-1,-1,-1,-1,-1,-1
201504WA15041,1,9,0,18,0,0,0,0,0,0,4,1,6,1,26,6,1229,1,7,-1,-1,-1
201504WA15042,1,9,0,18,0,0,0,0,0,0,1,1,6,2,67,10,-1,-1,-1,-1,1,-1
201504WA15042,2,9,0,2,0,0,0,0,0,0,2,1,6,2,75,10,1398,1,14,-1,1,-1
201504WA15042,3,9,0,2,0,0,0,0,0,0,2,1,6,1,62,9,-1,-1,-1,-1,1,-1
201504WA15042,4,9,0,2,0,0,0,0,0,0,2,1,6,2,45,7,1985,1,13,-1,-1,-1
201504WA15043,1,9,0,18,0,6,0,0,0,0,1,1,6,2,42,7,998,1,1,-1,1,-1
201504WA15043,2,90,0,5,0,6,0,0,0,0,1,1,6,1,51,8,-1,-1,-1,-1,1,-1
201504WA15044,1,3,0,18,0,1,0,0,0,0,1,1,2,1,46,8,125,1,1,-1,1,-1
201504WA15044,2,9,0,9,0,6,0,0,0,0,3,1,2,1,27,6,1229,1,9,-1,1,-1
201504WA15045,1,9,0,5,0,1,0,0,0,0,1,1,6,2,52,8,1597,1,15,-1,3,-1
201504WA15045,2,9,0,3,0,1,0,0,0,0,2,1,6,2,50,8,1360,1,11,-1,3,-1
201504WA15045,3,9,0,3,0,1,0,0,0,0,2,1,6,1,73,10,1398,1,1,-1,1,-1
201504WA15046,1,9,0,18,0,1,1,0,0,0,1,1,6,1,34,6,2324,1,13,-1,1,-1
201504WA15046,2,9,0,10,0,5,1,0,0,0,2,1,6,1,19,4,1242,1,2,-1,1,-1
201504WA15047,1,9,0,5,9,0,0,0,0,0,3,1,6,2,42,7,1685,2,1,-1,1,-1
201504WA15047,2,21,0,2,0,0,0,0,0,0,0,1,1,1,57,9,4500,2,8,-1,1,-1
201504WA15048,1,9,0,11,0,8,1,7,0,0,1,1,6,1,29,6,1398,1,10,-1,1,-1
201504WA15049,1,9,0,18,0,5,0,0,0,0,1,1,6,1,39,7,1596,1,9,-1,1,-1
201504WA15049,2,9,0,18,0,5,0,0,0,0,2,1,6,2,44,7,1686,2,9,-1,1,-1
201504WA15049,3,9,0,18,0,5,0,0,0,0,2,1,6,1,33,6,1390,1,14,-1,-1,-1
201504WA15050,1,9,0,5,9,0,0,0,0,0,1,1,3,1,29,6,1753,2,6,-1,-1,-1
201504WA15052,1,9,0,1,9,0,0,0,1,10,2,1,6,2,85,11,1390,1,2,-1,2,-1
201504WA15053,1,9,0,18,0,8,0,0,1,0,1,1,6,2,19,4,1242,1,3,-1,1,-1
201504WA15053,2,8,0,18,0,8,0,0,0,0,1,1,1,1,47,8,2664,2,14,-1,-1,-1
201504WA15054,1,9,0,16,0,0,0,0,0,0,3,1,6,1,49,8,1560,2,1,-1,1,-1
201504WA15054,2,19,0,17,0,0,0,0,0,0,3,1,1,1,43,7,2198,2,8,-1,1,-1
201504WA15055,1,9,0,9,0,5,0,0,0,0,1,1,1,2,55,8,1560,2,6,-1,1,-1
201504WA15056,1,9,0,18,0,1,0,0,0,0,1,1,6,2,31,6,2204,2,7,-1,1,-1
201504WA15056,2,19,0,3,0,1,0,0,0,0,2,1,6,1,26,6,1399,2,6,-1,1,-1
201504WA15057,1,9,0,3,0,1,0,0,0,0,2,1,6,2,19,4,1390,1,1,-1,-1,-1
201504WA15057,2,9,0,3,0,1,0,0,0,0,1,1,6,1,19,4,998,1,9,-1,1,-1
201504WA15058,1,9,0,16,0,0,2,10,1,4,1,1,2,2,28,6,-1,-1,-1,-1,-1,-1
201504WA15059,1,9,0,9,0,8,0,0,0,0,4,1,6,2,58,9,1997,2,8,-1,2,-1
201504WA15059,2,9,0,18,0,8,0,0,0,0,1,1,1,2,62,9,1560,2,4,-1,1,-1
201504WA15060,1,20,0,18,0,8,0,0,0,0,1,1,1,1,45,7,4250,2,14,-1,1,-1
201504WA15060,2,9,0,18,0,1,0,0,0,0,2,1,6,1,70,10,2461,2,10,-1,3,-1
201504WA15061,1,9,0,7,0,3,0,0,0,0,4,1,6,1,45,7,1973,1,17,-1,1,-1
201504WA15062,1,9,0,9,0,5,0,0,0,0,1,1,6,1,68,10,1995,2,1,-1,2,-1
201504WA15062,2,9,0,4,0,1,0,0,1,0,1,1,6,2,81,11,-1,-1,-1,-1,1,-1
201504WA15063,1,9,0,7,0,2,0,0,0,0,4,1,6,3,-1,-1,-1,-1,-1,-1,-1,-1
201504WA15064,1,9,0,4,0,1,0,0,0,0,1,1,6,2,42,7,1597,2,1,-1,1,-1
201504WA15064,2,9,0,7,0,2,0,0,0,0,2,1,6,1,70,10,1598,1,4,-1,1,-1
201504WA15065,1,3,0,18,0,0,1,0,1,0,4,1,2,2,54,8,124,1,9,-1,1,-1
201504WA15066,1,9,0,18,0,0,0,0,0,0,1,1,6,1,-1,-1,-1,-1,-1,-1,-1,-1
201504WA15067,1,9,0,4,0,2,1,0,0,0,1,1,6,1,20,4,1397,1,5,-1,1,-1
201504WA15067,2,9,0,3,0,2,0,0,0,0,2,1,2,2,45,7,1398,2,10,-1,1,-1
201504WA15068,1,9,0,18,0,0,0,0,0,0,4,1,6,2,26,6,1587,1,8,-1,1,-1
201504WA15069,1,9,0,1,0,0,0,0,0,0,1,1,6,2,23,5,1149,1,12,-1,1,-1
201504WA15070,1,9,0,7,0,8,0,0,0,0,1,1,6,2,19,4,1598,2,4,-1,-1,-1
201504WA15070,2,9,0,18,0,1,0,0,0,0,1,1,6,1,36,7,-1,-1,-1,-1,1,-1
201504WA15071,1,1,0,18,0,8,0,0,0,0,0,1,6,1,37,7,-1,-1,-1,-1,-1,-1
201504WA15071,2,9,0,10,0,2,0,0,0,0,0,1,6,1,44,7,1598,1,6,-1,1,-1
201504WA15072,1,5,0,18,0,8,0,0,1,0,1,1,6,1,33,6,900,1,17,-1,1,-1
201504WA15072,2,9,4,10,0,8,0,0,0,0,2,1,1,1,21,5,2494,2,11,-1,3,-1
201504WA15073,1,9,0,14,0,0,0,0,0,0,1,1,6,2,40,7,1560,2,2,-1,1,-1
201504WA15074,1,9,0,9,0,8,0,0,0,0,1,1,6,1,52,8,1398,2,12,-1,1,-1
201504WA15075,1,9,0,18,0,1,0,0,0,0,1,1,6,2,77,11,1595,1,12,-1,-1,-1
201504WA15075,2,9,0,4,0,1,0,0,0,0,2,1,6,1,64,9,1124,1,7,-1,1,-1
201504WA15075,3,9,0,4,0,1,0,0,0,0,2,1,6,2,34,6,1390,1,3,-1,1,-1
201504WA15076,1,8,0,9,0,5,0,0,0,0,1,1,1,1,52,8,1769,1,10,-1,1,-1
201504WA15077,1,9,0,18,0,1,0,0,0,0,1,1,6,1,83,11,-1,-1,-1,-1,1,-1
201504WA15077,2,9,0,3,0,1,0,0,0,0,2,1,6,1,78,11,1560,2,2,-1,2,-1
201504WA15077,3,90,0,3,0,1,0,0,0,0,2,1,6,1,79,11,-1,-1,-1,-1,1,-1
201504WA15078,1,9,0,2,0,0,0,0,0,0,3,1,6,1,23,5,1598,1,11,-1,1,-1
201504WA15078,2,1,0,14,0,0,0,8,0,0,1,1,6,2,22,5,-1,-1,-1,-1,1,-1
201504WA15079,1,9,0,5,0,6,0,0,0,0,3,1,6,2,38,7,1198,1,4,-1,1,-1
201504WA15079,2,9,0,18,0,1,0,0,0,0,1,1,6,1,34,6,1896,2,8,-1,3,-1
201504WA15080,1,9,0,9,0,8,0,0,0,0,1,1,6,2,61,9,2993,2,5,-1,2,-1
201504WA15080,2,1,0,18,4,8,0,0,0,0,3,1,2,1,30,6,-1,-1,-1,-1,1,-1
201504WA15081,1,9,0,16,0,0,0,0,1,0,0,1,1,1,51,8,1388,1,8,-1,1,-1
201504WA15082,1,9,0,18,0,0,1,0,0,0,1,1,6,1,24,5,1587,1,12,-1,1,-1
201504WA15082,2,9,0,3,0,0,0,0,0,0,2,1,2,1,50,8,1598,2,1,-1,1,-1
201504WA15082,3,9,0,3,0,0,0,0,0,0,2,1,6,2,27,6,1598,1,8,-1,-1,-1
201504WA15083,1,9,0,7,0,2,0,0,0,2,3,1,6,2,67,10,1598,1,12,-1,1,-1
201504WA15083,2,9,0,18,0,1,0,0,0,0,4,1,6,1,33,6,-1,-1,-1,-1,1,-1
201504WA15084,1,9,0,18,0,0,0,0,0,0,4,1,6,2,81,11,1388,1,11,-1,1,-1
201504WA15085,1,9,0,9,0,0,0,0,0,0,3,1,6,1,24,5,2143,2,1,-1,1,-1
201504WA15085,2,9,0,18,0,0,0,0,0,0,1,1,6,1,60,9,998,1,1,-1,1,-1
201504WA15086,1,1,0,18,4,0,2,0,1,0,1,1,2,1,20,4,-1,-1,-1,-1,1,-1
201504WA15086,2,9,0,2,4,0,0,0,0,0,2,1,6,1,61,9,1956,2,1,-1,1,-1
201504WA15087,1,9,0,18,0,8,0,0,0,0,4,1,6,2,41,7,1242,1,1,-1,-1,-1
201504WA15087,2,9,0,18,0,8,0,0,1,10,1,1,6,1,28,6,1242,1,9,-1,1,-1
201504WA15089,1,90,0,18,0,2,0,0,0,0,1,1,1,1,54,8,-1,-1,-1,-1,1,-1
201504WA15089,2,9,0,18,0,2,0,0,0,0,3,1,6,2,34,6,1397,1,7,-1,2,-1
201504WA15090,1,9,0,9,0,5,0,0,0,0,1,1,2,1,49,8,1598,1,3,-1,1,-1
201504WA15091,1,9,0,12,0,0,0,0,0,0,3,1,6,3,-1,-1,-1,-1,-1,-1,-1,-1
201504WA15091,2,3,0,18,0,0,1,0,4,4,4,1,6,1,29,6,-1,-1,-1,-1,1,-1
201504WA15092,1,9,0,18,0,0,1,11,1,10,1,1,6,1,18,4,1299,1,18,-1,-1,-1
201504WA15092,2,9,0,17,0,0,1,10,1,10,1,1,6,1,19,4,1360,1,12,-1,1,-1
201504WA15093,1,9,0,18,0,1,0,0,0,0,1,1,6,3,-1,-1,-1,-1,-1,-1,-1,-1
201504WA15094,1,9,0,3,0,1,0,0,0,0,1,1,6,2,27,6,1686,2,4,-1,1,-1
201504WA15094,2,9,0,3,0,1,0,0,0,0,2,1,6,2,52,8,1242,1,11,-1,1,-1
201504WA15095,1,9,0,18,0,0,0,0,0,0,1,1,1,2,24,5,1388,1,6,-1,1,-1
201504WA15095,2,9,0,3,0,0,0,0,0,0,2,1,6,1,86,11,-1,-1,-1,-1,1,-1
201504WA15096,1,1,0,18,0,3,0,0,0,0,4,1,2,1,27,6,-1,-1,-1,-1,1,-1
201504WA15096,2,8,0,18,0,3,0,0,0,0,3,1,1,1,-1,-1,-1,-1,-1,-1,-1,-1
201504WA15097,1,9,0,18,0,8,0,0,0,0,1,1,6,1,30,6,1461,2,2,-1,1,-1
201504WA15097,2,9,0,18,0,8,0,0,0,0,3,1,6,1,26,6,-1,-1,-1,-1,1,-1
201504WA15097,3,9,0,3,0,8,0,0,0,0,2,1,1,1,37,7,1598,1,1,-1,1,-1
201504WA15097,4,9,0,18,0,1,0,0,0,0,2,1,6,1,74,10,1968,2,10,-1,1,-1
201504WA15098,1,8,0,17,0,0,0,0,0,0,0,1,6,1,53,8,-1,-1,-1,-1,1,-1
201504WA15099,1,9,0,9,0,8,0,0,0,0,1,1,6,1,32,6,1497,1,12,-1,1,-1
201504WA15099,2,8,0,18,0,8,0,0,0,0,4,1,6,1,45,7,1956,2,4,-1,1,-1
201504WA15100,1,9,0,18,0,0,1,0,1,4,1,1,6,2,45,7,-1,-1,-1,-1,1,-1
201504WA15101,1,9,0,18,0,0,0,0,0,0,1,1,6,2,46,8,1598,2,1,-1,1,-1
201504WA15101,2,9,0,2,0,0,0,0,0,0,2,1,6,1,29,6,1461,2,8,-1,1,-1
201504WA15102,1,9,0,18,0,6,0,0,0,0,1,1,6,3,-1,-1,-1,-1,-1,-1,-1,-1
201504WA15102,2,1,0,18,0,1,0,0,0,0,1,1,6,1,72,10,-1,-1,-1,-1,1,-1
201504WA15103,1,9,0,1,9,0,0,0,0,0,4,1,6,1,71,10,1985,1,13,-1,1,-1
201504WA15104,1,9,4,16,0,0,5,0,7,10,1,1,6,1,27,6,2926,2,12,-1,3,-1
201504WA15104,2,9,0,2,9,0,0,0,0,0,1,1,6,3,-1,-1,1299,1,12,-1,-1,-1
201504WA15106,1,9,0,18,0,0,0,0,0,0,4,1,6,2,-1,-1,-1,-1,-1,-1,-1,-1
201504WA15107,1,9,0,11,0,0,0,0,0,0,1,1,6,1,19,4,973,1,13,-1,1,-1
201504WA15107,2,9,0,18,0,0,0,0,0,0,2,1,6,1,61,9,1995,2,3,-1,2,-1
201504WA15107,3,9,0,18,0,0,0,0,0,0,2,1,6,1,24,5,1200,1,2,-1,2,-1
201504WA15108,1,11,0,4,0,0,0,0,0,0,0,1,1,1,42,7,-1,-1,-1,-1,2,-1
201504WA15109,1,9,0,4,0,0,1,0,0,0,1,1,6,1,47,8,989,1,12,-1,1,-1
201504WA15109,2,9,5,4,0,0,0,0,0,0,1,1,6,1,26,6,1199,2,3,-1,1,-1
201504WA15110,1,9,0,18,0,2,0,0,0,0,1,1,6,1,17,4,-1,-1,-1,-1,1,-1
201504WA15110,2,9,0,18,0,2,0,0,0,0,3,1,6,1,60,9,1749,1,11,-1,-1,-1
201504WA15111,1,8,0,4,0,1,0,0,0,0,1,1,1,1,46,8,2198,7,11,-1,1,-1
201504WA15111,2,8,0,8,0,1,0,0,0,0,2,1,1,1,52,8,1798,1,9,-1,1,-1
201504WA15112,1,9,0,2,0,1,0,0,0,0,1,1,3,2,35,6,1598,1,11,-1,1,-1
201504WA15112,2,9,0,1,0,1,0,0,0,0,2,1,3,2,44,7,1753,2,9,-1,1,-1
201504WA15113,1,9,0,2,0,2,0,0,0,0,4,1,3,2,31,6,1968,2,8,-1,1,-1
201504WA15113,2,9,0,18,0,1,0,0,0,0,1,1,1,1,18,4,1364,1,7,-1,1,-1
201504WA15114,1,9,0,1,0,0,0,0,0,0,2,1,2,1,41,7,-1,-1,-1,-1,1,-1
201504WA15114,2,9,0,2,0,0,0,0,0,0,1,1,3,1,46,8,1998,1,15,-1,1,-1
201504WA15115,1,5,0,5,0,2,2,4,0,0,1,1,2,1,20,4,599,1,18,-1,1,-1
201504WA15115,2,9,0,2,0,2,0,0,0,0,3,1,6,3,-1,-1,1198,1,2,-1,-1,-1
201504WA15116,1,9,0,9,0,4,0,0,0,0,1,1,6,1,66,10,1329,1,5,-1,1,-1
201504WA15116,2,9,0,18,0,3,0,0,0,0,4,1,6,1,25,5,1596,1,6,-1,1,-1
201504WA15117,1,8,0,18,0,3,0,0,0,0,1,1,6,2,19,4,1240,1,10,-1,1,-1
201504WA15117,2,8,0,18,0,3,0,0,0,0,2,1,1,1,42,7,1798,1,8,-1,1,-1
201504WA15118,1,9,0,16,0,7,0,9,6,10,1,1,6,2,23,5,1390,1,14,-1,1,-1
201504WA15118,2,9,0,18,0,3,0,0,0,0,4,1,6,1,30,6,1598,1,17,-1,1,-1
201504WA15119,1,11,0,3,0,1,0,0,0,0,1,1,1,1,50,8,8300,2,15,-1,1,-1
201504WA15120,1,9,0,1,0,0,0,0,0,0,2,1,6,1,18,4,1242,1,8,-1,1,-1
201504WA15121,1,9,0,5,0,8,0,0,0,0,3,1,6,3,-1,-1,-1,-1,-1,-1,-1,-1
201504WA15121,2,9,0,18,0,1,0,0,0,0,4,1,2,2,62,9,1298,1,12,-1,-1,-1
201504WA15122,1,21,0,18,0,4,0,0,8,2,1,1,1,1,48,8,12130,2,15,-1,1,-1
201504WA15122,2,9,0,3,0,4,0,0,1,0,3,1,6,2,68,10,1242,1,12,-1,1,-1
201504WA15122,3,9,0,3,0,1,0,0,0,0,4,1,6,1,65,9,1997,2,5,-1,1,-1
201504WA15122,4,9,0,5,0,1,0,0,0,0,1,1,6,2,58,9,998,1,1,-1,1,-1
201504WA15123,1,9,0,17,0,0,0,0,2,10,4,1,1,2,50,8,-1,-1,-1,-1,1,-1
201504WA15124,1,9,0,18,0,0,1,0,4,6,2,1,6,2,28,6,1149,1,10,-1,1,-1
201504WA15125,1,9,0,9,0,6,0,0,0,0,1,1,6,1,18,4,1198,1,12,-1,1,-1
201504WA15126,1,9,0,18,0,0,0,0,0,0,0,1,6,3,-1,-1,-1,-1,-1,-1,-1,-1
201504WA15126,2,9,0,18,0,0,0,0,4,6,1,1,1,2,28,6,998,1,2,-1,1,-1
201504WA15127,1,9,0,9,0,8,0,0,0,0,1,1,6,1,82,11,1329,1,6,-1,1,-1
201504WA15127,2,9,0,18,0,8,0,0,0,0,4,1,6,1,36,7,875,1,1,-1,1,-1
201504WA15128,1,9,0,18,9,8,0,0,7,10,1,1,6,2,58,9,1968,2,5,-1,1,-1
201504WA15129,1,9,0,18,0,8,1,0,0,0,1,1,6,1,65,9,-1,-1,-1,-1,2,-1
201504WA15129,2,9,0,18,0,8,1,0,1,5,2,1,6,2,60,9,1199,1,2,-1,1,-1
201504WA15129,3,9,0,2,0,1,1,0,0,0,2,1,6,2,44,7,1596,1,4,-1,1,-1
201504WA15130,1,9,0,6,0,0,0,0,0,0,3,1,6,1,42,7,1686,2,13,-1,1,-1
201504WA15130,2,2,0,13,0,0,0,0,0,0,1,1,6,2,18,4,49,1,7,-1,1,-1
201504WA15131,1,9,0,18,0,0,0,0,0,0,1,1,6,1,49,8,1598,1,2,-1,1,-1
201504WA15131,2,9,0,18,0,0,0,0,0,0,2,1,6,1,44,7,1968,2,1,-1,1,-1
201504WA15131,3,9,0,18,0,0,0,0,0,0,2,1,6,2,32,6,1398,2,3,-1,2,-1
201504WA15133,1,9,0,9,0,8,0,0,0,0,1,1,2,1,29,6,-1,-1,-1,-1,1,-1
201504WA15133,2,9,0,18,0,8,0,0,0,0,1,1,2,2,25,5,-1,-1,-1,-1,1,-1
201504WA15134,1,5,0,17,0,6,1,0,0,0,1,1,2,1,36,7,992,1,11,-1,1,-1
201504WA15135,1,9,0,4,0,3,0,0,0,0,1,1,6,2,32,6,1461,2,3,-1,1,-1
201504WA15135,2,9,0,4,0,3,0,0,0,0,1,1,6,1,47,8,2000,1,15,-1,1,-1
201504WA15136,1,9,0,18,0,0,0,0,1,2,1,1,6,2,30,6,-1,-1,-1,-1,1,-1
201504WA15137,1,3,0,18,0,0,5,0,1,0,4,1,6,1,32,6,124,1,3,-1,1,-1
201504WA15138,1,9,0,18,0,0,0,0,0,0,1,1,6,1,44,7,1796,1,11,-1,1,-1
201504WA15138,2,9,0,2,0,0,0,0,7,0,1,1,6,1,47,8,2435,1,17,-1,1,-1
201504WA15139,1,9,0,18,0,2,0,0,0,0,4,1,6,1,64,9,998,1,3,-1,1,-1
201504WA15140,1,9,0,9,0,8,0,0,0,0,1,1,6,1,46,8,1598,1,2,-1,1,-1
201504WA15140,2,1,0,18,4,8,0,0,0,0,1,1,2,1,55,8,-1,-1,-1,-1,1,-1
201504WA15141,1,9,0,18,0,4,0,0,0,0,1,1,6,1,66,10,-1,-1,-1,-1,1,-1
201504WA15141,2,3,0,18,0,4,5,0,0,0,2,1,6,2,34,6,-1,-1,-1,-1,1,-1
201504WA15142,1,9,0,3,0,1,0,0,0,0,1,1,6,2,56,9,1794,1,9,-1,1,-1
201504WA15142,2,9,0,3,0,1,0,0,0,0,2,1,1,1,48,8,2993,2,3,-1,3,-1
201504WA15143,1,9,0,3,0,1,0,0,0,0,2,1,6,2,44,7,1299,1,13,-1,2,-1
201504WA15143,2,9,0,3,0,1,0,0,0,0,1,1,6,3,-1,-1,-1,-1,-1,-1,-1,-1
201504WA15144,1,9,0,18,0,2,0,0,0,0,3,1,6,1,75,10,1598,1,13,-1,1,-1
201504WA15145,1,2,0,9,0,8,0,0,0,0,4,1,2,1,61,9,49,1,6,-1,1,-1
201504WA15145,2,9,0,18,0,8,0,0,0,0,1,1,6,1,56,9,1149,1,11,-1,1,-1
201504WA15146,1,1,0,18,5,8,0,0,0,0,1,1,6,1,39,7,-1,-1,-1,-1,-1,-1
201504WA15146,2,9,0,9,0,8,0,0,0,0,1,1,6,1,39,7,1149,1,14,-1,-1,-1
201504WA15147,1,19,0,18,0,0,0,0,1,1,1,1,6,1,30,6,1461,2,2,-1,1,-1
201504WA15148,1,9,0,2,0,2,0,0,0,0,0,1,6,2,74,10,1582,2,1,-1,3,-1
201504WA15148,2,9,0,18,0,2,0,0,0,0,1,1,6,2,57,9,1781,1,13,-1,1,-1
201504WA15149,1,9,0,18,0,0,0,0,0,0,1,1,1,1,47,8,1364,2,2,-1,1,-1
201504WA15149,2,9,0,2,0,0,0,0,0,0,1,1,6,3,-1,-1,-1,-1,-1,-1,-1,-1
201504WA15150,1,9,0,12,0,0,0,0,0,0,2,1,6,1,72,10,1951,2,13,-1,1,-1
201504WA15150,2,9,0,18,0,0,0,0,0,0,1,1,1,1,34,6,1248,2,5,-1,1,-1
201504WA15151,1,9,0,18,0,0,0,0,0,0,1,1,6,2,39,7,1956,2,2,-1,1,-1
201504WA15151,2,9,0,2,9,0,0,0,1,10,2,1,6,2,41,7,-1,-1,-1,-1,1,-1
201504WA15152,1,9,0,18,0,8,0,0,0,0,1,1,6,3,-1,-1,998,1,1,-1,-1,-1
201504WA15152,2,1,0,18,0,8,0,0,0,0,1,1,2,1,54,8,-1,-1,-1,-1,1,-1
201504WA15153,1,9,0,18,0,6,0,0,0,0,1,1,1,1,28,6,3246,1,13,-1,1,-1
201504WA15153,2,9,0,18,0,8,0,0,0,0,4,1,2,1,28,6,1390,1,9,-1,3,-1
201504WA15154,1,9,0,18,0,0,0,12,0,0,1,1,6,2,55,8,1242,1,5,-1,1,-1
201504WA15154,2,9,0,3,0,0,0,0,0,0,3,1,6,2,37,7,1598,1,5,-1,1,-1
201504WA15155,1,9,0,7,0,8,0,0,0,0,2,1,6,3,-1,-1,-1,-1,-1,-1,-1,-1
201504WA15155,2,1,0,7,0,8,0,0,0,0,1,1,1,1,23,5,-1,-1,-1,-1,1,-1
201504WA15156,1,9,0,7,0,8,0,0,0,0,4,1,6,2,76,11,1590,1,13,-1,2,-1
201504WA15156,2,9,0,15,0,8,0,0,0,0,1,1,6,1,39,7,1997,2,11,-1,1,-1
201504WA15157,1,9,0,18,0,1,0,0,0,0,1,1,1,1,38,7,-1,-1,-1,-1,1,-1
201504WA15157,2,9,0,2,0,1,0,0,0,0,2,1,6,2,38,7,-1,-1,-1,-1,1,-1
201504WA15158,1,9,0,3,0,4,0,0,0,0,0,1,2,2,49,8,1968,2,1,-1,1,-1
201504WA15158,2,9,0,18,0,4,0,0,0,0,1,1,6,1,-1,-1,-1,-1,-1,-1,-1,-1
201504WA15159,1,9,0,18,0,1,0,0,0,0,1,1,2,2,23,5,1149,1,9,-1,1,-1
201504WA15159,2,8,0,3,0,1,0,0,0,0,2,1,1,1,53,8,1598,2,3,-1,1,-1
201504WA15160,1,9,0,18,0,2,0,0,0,0,1,1,2,1,50,8,998,1,1,-1,1,-1
201504WA15161,1,9,0,18,0,0,2,0,1,10,4,1,6,1,26,6,1242,1,12,-1,-1,-1
201504WA15161,2,9,0,2,9,0,0,0,0,0,3,1,6,1,67,10,1794,1,10,-1,1,-1
201504WA15162,1,9,0,18,0,0,0,0,0,0,4,1,6,3,-1,-1,-1,-1,-1,-1,-1,-1
201504WA15163,1,1,0,18,0,8,0,0,0,0,1,1,2,1,43,7,-1,-1,-1,-1,1,-1
201504WA15163,2,9,0,7,0,5,0,0,0,0,4,1,2,2,23,5,1388,1,8,-1,1,-1
201504WA15164,1,9,0,10,0,1,0,0,0,0,1,2,6,1,47,8,-1,-1,-1,-1,3,-1
201504WA15164,2,9,0,18,0,1,0,0,0,0,4,1,6,2,32,6,1796,1,6,-1,1,-1
201504WA15165,1,9,0,7,0,8,0,0,0,0,3,1,1,2,25,5,1995,2,1,-1,1,-1
201504WA15165,2,1,0,18,4,8,1,0,0,0,1,1,1,2,38,7,-1,-1,-1,-1,1,-1
201504WA15166,1,9,0,18,0,0,0,0,0,0,1,1,6,1,20,4,998,1,6,-1,1,-1
201504WA15167,1,9,0,12,0,0,0,0,0,0,1,1,6,1,46,8,2967,1,14,-1,1,-1
201504WA15167,2,9,0,4,0,0,0,0,0,0,2,1,6,1,49,8,1604,1,7,-1,1,-1
201504WA15167,3,9,0,4,0,0,0,0,0,0,2,1,6,1,27,6,998,1,6,-1,1,-1
201504WA15167,4,9,0,4,0,0,0,0,0,0,2,1,6,3,-1,-1,-1,-1,-1,-1,-1,-1
201504WA15168,1,9,0,9,4,1,0,0,0,0,3,1,6,3,-1,-1,-1,-1,-1,-1,-1,-1
201504WA15168,2,1,0,18,4,1,0,0,0,0,4,1,6,1,45,7,-1,-1,-1,-1,1,-1
201504WA15169,1,9,0,18,4,4,0,0,0,0,4,1,2,1,59,9,1900,2,15,-1,1,-1
201504WA15169,2,1,0,18,0,8,0,0,0,0,1,1,2,1,40,7,-1,-1,-1,-1,2,-1
201504WA15170,1,9,0,9,0,6,0,0,0,0,3,1,6,2,60,9,1598,1,9,-1,3,-1
201504WA15170,2,9,0,18,0,8,0,0,0,0,1,1,6,2,36,7,1997,2,15,-1,1,-1
201504WA15171,1,8,0,16,0,1,0,0,0,0,1,1,2,1,52,8,1364,2,1,-1,1,-1
201504WA15172,1,3,0,18,0,1,1,0,0,0,1,1,6,1,22,5,125,1,1,-1,3,-1
201504WA15172,2,9,0,9,0,8,0,0,0,0,1,1,6,1,63,9,2987,2,6,-1,-1,-1
201504WA15173,1,9,0,18,0,0,0,0,0,0,1,1,6,1,34,6,1242,1,1,-1,1,-1
201504WA15174,1,9,0,18,0,1,0,0,0,0,3,1,6,2,50,8,1198,1,1,-1,-1,-1
201504WA15175,1,9,0,9,0,5,0,0,0,0,1,1,6,1,19,4,1198,1,11,-1,1,-1
201504WA15175,2,2,0,18,0,8,0,0,0,0,1,1,6,2,17,4,49,1,3,-1,1,-1
201504WA15176,1,9,0,18,0,0,0,10,8,10,3,1,6,2,76,11,1248,1,2,-1,2,-1
201504WA15177,1,9,0,18,0,0,0,0,0,0,4,1,6,1,27,6,1560,2,1,-1,1,-1
201504WA15177,2,9,0,18,0,0,0,0,0,0,3,1,1,1,39,7,2993,2,2,-1,-1,-1
201504WA15177,3,9,0,18,0,0,0,0,0,0,0,1,1,1,33,6,2993,2,2,-1,-1,-1
201504WA15177,4,9,0,18,0,0,0,0,0,0,1,1,1,1,42,7,2993,2,2,-1,-1,-1
201504WA15178,1,9,0,9,0,6,0,0,0,0,1,1,6,1,52,8,2180,2,20,-1,1,-1
201504WA15178,2,9,0,18,0,1,0,0,0,0,4,1,6,1,70,10,1242,1,3,-1,3,-1