Accident_Index,Vehicle_Reference,Vehicle_Type,Towing_and_Articulation,Vehicle_Manoeuvre,Vehicle_Location-Restricted_Lane,Junction_Location,Skidding_and_Overturning,Hit_Object_in_Carriageway,Vehicle_Leaving_Carriageway,Hit_Object_off_Carriageway,1st_Point_of_Impact,Was_Vehicle_Left_Hand_Drive?,Journey_Purpose_of_Driver,Sex_of_Driver,Age_of_Driver,Age_Band_of_Driver,Engine_Capacity_(CC),Propulsion_Code,Age_of_Vehicle,Driver_IMD_Decile,Driver_Home_Area_Type,Vehicle_IMD_Decile
201504WA15179,1,9,0,16,0,8,1,0,7,4,2,1,6,2,42,7,1998,1,10,-1,3,-1
201504WA15180,1,8,0,5,0,1,0,10,0,0,0,1,3,1,-1,-1,1997,2,5,-1,1,-1
201504WA15181,1,9,0,18,0,8,0,0,0,0,1,1,6,1,20,4,998,1,3,-1,1,-1
201504WA15181,2,9,0,9,0,8,0,0,0,0,3,1,6,1,90,11,1339,1,6,-1,1,-1
201504WA15182,1,1,0,18,0,6,0,0,0,0,1,1,6,1,11,3,-1,-1,-1,-1,1,-1
201504WA15182,2,9,0,18,0,8,0,0,1,0,4,1,2,2,52,8,-1,-1,-1,-1,1,-1
201504WA15183,1,10,0,18,0,1,0,0,0,0,4,1,1,1,44,7,2402,2,6,-1,1,-1
201504WA15184,1,5,0,13,0,2,0,0,0,0,1,1,6,1,56,9,1298,1,9,-1,1,-1
201504WA15184,2,9,0,9,0,5,0,0,0,0,3,1,6,2,18,4,1198,1,-1,-1,1,-1
201504WA15185,1,19,0,18,0,6,0,0,0,0,4,1,1,1,26,6,1598,2,4,-1,2,-1
201504WA15185,2,9,0,18,0,1,0,0,0,0,1,1,6,2,51,8,1399,2,11,-1,1,-1
201504WA15186,1,9,0,18,0,8,0,0,0,0,1,1,6,1,29,6,-1,-1,-1,-1,1,-1
201504WA15187,1,9,0,9,0,8,0,0,0,0,1,1,6,1,24,5,1461,2,1,-1,1,-1
201504WA15187,2,9,0,18,0,8,0,0,0,0,3,1,2,1,33,6,1796,1,11,-1,1,-1
201504WA15188,1,9,0,9,0,8,0,0,0,0,4,1,6,2,29,6,1149,1,1,-1,1,-1
201504WA15188,2,9,0,18,0,8,0,0,0,0,1,1,6,1,48,8,-1,-1,-1,-1,1,-1
201504WA15189,1,9,0,7,0,6,0,0,0,0,1,1,6,2,53,8,1968,2,5,-1,1,-1
201504WA15189,2,1,0,18,0,8,0,0,0,0,2,1,6,1,50,8,-1,-1,-1,-1,1,-1
201504WA15190,1,9,0,14,0,0,0,0,0,0,3,1,6,1,26,6,1560,2,4,-1,-1,-1
201504WA15190,2,9,0,18,0,0,0,0,0,0,0,1,6,3,-1,-1,-1,-1,-1,-1,-1,-1
201504WA15190,3,3,0,13,0,0,0,0,0,0,1,1,6,1,23,5,125,1,-1,-1,-1,-1
201504WA15191,1,19,0,18,0,8,0,0,0,0,1,1,6,1,74,10,2402,2,11,-1,1,-1
201504WA15191,2,9,0,10,0,8,0,0,0,0,2,1,6,2,41,7,1910,2,8,-1,1,-1
201504WA15192,1,9,0,5,0,1,0,0,0,0,1,1,6,1,-1,-1,1895,1,16,-1,1,-1
201504WA15192,2,1,0,17,0,1,0,0,0,0,1,1,6,1,35,6,-1,-1,-1,-1,1,-1
201504WA15193,1,19,0,7,0,8,0,0,0,0,1,1,1,1,28,6,2143,2,5,-1,-1,-1
201504WA15193,2,3,0,18,0,8,2,0,0,0,3,1,6,1,21,5,125,1,6,-1,1,-1
201504WA15193,3,9,0,3,0,1,0,0,0,0,3,1,2,1,50,8,2179,2,6,-1,3,-1
201504WA15194,1,9,0,8,0,8,0,0,0,0,1,1,6,1,60,9,1598,1,14,-1,1,-1
201504WA15194,2,9,0,10,0,8,0,0,0,0,2,1,1,1,41,7,1560,2,8,-1,1,-1
201504WA15195,1,8,0,5,5,8,0,0,0,0,1,1,1,1,63,9,1997,2,4,-1,1,-1
201504WA15196,1,9,0,18,0,0,0,0,0,0,4,1,6,3,-1,-1,-1,-1,-1,-1,-1,-1
201504WA15196,2,9,0,2,0,0,0,0,0,0,3,1,6,1,25,5,1596,1,9,-1,1,-1
201504WA15197,1,21,0,18,0,0,1,0,0,0,1,1,1,1,49,8,12900,2,8,-1,1,-1
201504WA15197,2,21,0,3,0,0,0,0,0,0,2,1,1,1,33,6,12580,2,9,-1,1,-1
201504WA15197,3,9,0,3,0,0,0,0,0,0,2,1,1,1,41,7,1956,2,1,-1,1,-1
201504WA15198,1,9,0,18,0,8,0,0,0,0,1,1,6,2,27,6,-1,-1,-1,-1,1,-1
201504WA15198,2,19,0,2,0,8,0,0,0,0,2,1,6,2,-1,-1,-1,-1,-1,-1,-1,-1
201504WA15199,1,9,0,18,0,0,0,0,0,0,1,1,6,2,33,6,1598,1,3,-1,1,-1
201504WA15200,1,11,0,4,0,0,0,0,0,0,4,1,1,1,64,9,-1,-1,-1,-1,-1,-1
201504WA15201,1,9,0,6,0,0,0,0,0,0,1,1,6,1,30,6,1149,1,13,-1,1,-1
201504WA15201,2,9,0,18,0,0,0,0,0,0,1,1,6,2,22,5,1364,1,1,-1,1,-1
201504WA15202,1,9,0,18,0,0,0,4,0,0,1,1,6,1,71,10,1997,1,20,-1,1,-1
201504WA15202,2,9,0,2,0,0,0,0,0,0,2,1,6,1,55,8,1753,2,7,-1,1,-1
201504WA15203,1,9,0,9,0,6,0,0,0,0,1,1,6,1,57,9,1597,1,17,-1,1,-1
201504WA15203,2,2,0,9,0,5,0,0,0,0,3,1,6,1,20,4,49,1,-1,-1,1,-1
201504WA15204,1,9,0,9,0,6,0,0,0,0,4,1,6,2,29,6,1242,1,1,-1,1,-1
201504WA15204,2,9,0,18,0,1,0,0,0,0,1,1,6,1,32,6,1598,2,2,-1,1,-1
201504WA15205,1,8,0,18,0,0,0,0,0,0,1,1,1,1,-1,-1,1753,2,7,-1,1,-1
201504WA15205,2,1,0,18,0,0,0,0,0,0,2,1,1,1,33,6,-1,-1,-1,-1,1,-1
201504WA15206,1,1,0,18,0,2,0,4,0,0,1,1,6,1,44,7,-1,-1,-1,-1,-1,-1
201504WA15206,2,9,0,2,0,1,0,0,0,0,0,1,6,1,25,5,1796,1,11,-1,-1,-1
201504WA15207,1,90,0,18,9,1,0,0,0,0,1,1,6,1,46,8,-1,-1,-1,-1,-1,-1
201504WA15208,1,3,0,13,0,0,1,0,0,0,4,1,6,1,27,6,125,1,12,-1,1,-1
201504WA15208,2,9,0,12,0,0,0,0,0,0,3,1,6,2,78,11,1896,2,13,-1,1,-1
201504WA15209,1,9,0,5,0,6,0,0,0,0,4,1,3,2,46,8,1956,2,5,-1,1,-1
201504WA15209,2,1,0,18,0,8,0,0,0,0,1,1,4,1,15,3,-1,-1,-1,-1,1,-1
201504WA15211,1,9,0,5,0,1,0,0,0,0,4,1,6,1,65,9,1242,1,3,-1,1,-1
201504WA15211,2,1,0,9,0,1,0,0,0,0,3,1,6,2,50,8,-1,-1,-1,-1,1,-1
201504WA15212,1,9,0,18,0,0,0,0,1,0,1,1,6,1,49,8,1997,1,9,-1,1,-1
201504WA15212,2,9,0,2,0,0,0,0,0,10,4,1,6,1,62,9,1339,1,5,-1,1,-1
201504WA15212,3,9,0,2,0,0,0,0,0,0,4,1,6,1,67,10,1997,1,-1,-1,1,-1
201504WA15214,1,1,0,18,9,8,0,0,0,0,4,1,6,1,23,5,-1,-1,-1,-1,1,-1
201504WA15214,2,9,0,9,0,2,0,0,0,0,1,1,2,1,35,6,-1,-1,-1,-1,1,-1
201504WA15215,1,3,0,10,0,2,0,0,0,0,1,1,2,2,26,6,125,1,3,-1,1,-1
201504WA15215,2,9,0,15,0,1,0,0,0,0,4,1,2,1,33,6,1461,2,8,-1,1,-1
201504WA15216,1,3,0,1,9,0,0,0,0,0,2,1,2,1,60,9,-1,-1,-1,-1,1,-1
201504WA15217,1,9,0,18,0,0,0,0,0,0,1,1,2,2,90,11,1388,1,11,-1,1,-1
201504WA15217,2,9,0,2,0,0,0,0,0,0,2,1,6,3,-1,-1,1587,1,10,-1,-1,-1
201504WA15217,3,9,0,2,0,0,0,0,0,0,2,1,6,3,-1,-1,998,1,1,-1,-1,-1
201504WA15218,1,9,0,9,0,8,0,0,0,0,3,1,6,1,29,6,1560,2,1,-1,-1,-1
201504WA15218,2,9,0,18,0,8,0,0,0,0,1,1,2,1,56,9,1461,2,-1,-1,1,-1
201504WA15219,1,9,0,3,0,1,0,0,0,0,1,1,6,2,46,8,1198,1,3,-1,1,-1
201504WA15219,2,9,0,18,0,1,0,0,0,0,1,1,1,1,40,7,1560,2,6,-1,1,-1
201504WA15220,1,90,0,4,0,1,0,0,0,0,4,1,6,3,-1,-1,-1,-1,-1,-1,-1,-1
201504WA15220,2,1,0,6,0,6,0,0,1,0,3,1,6,1,22,5,-1,-1,-1,-1,1,-1
201504WA15221,1,19,0,18,0,0,5,0,1,7,4,1,1,1,23,5,2287,2,7,-1,1,-1
201504WA15222,1,9,0,18,0,1,0,0,0,0,0,1,6,3,-1,-1,-1,-1,-1,-1,-1,-1
201504WA15223,1,9,0,18,0,0,0,0,0,0,1,1,6,2,43,7,1896,2,8,-1,1,-1
201504WA15223,2,9,0,1,0,0,0,0,0,0,2,1,1,1,42,7,1968,2,1,-1,3,-1
201504WA15223,3,9,0,2,0,0,0,0,0,0,3,1,6,1,26,6,1461,2,6,-1,1,-1
201504WA15224,1,9,0,18,0,8,0,0,0,0,4,1,6,1,46,8,1956,2,2,-1,1,-1
201504WA15224,2,9,0,9,0,8,0,0,0,0,1,1,6,2,67,10,1995,2,10,-1,1,-1
201504WA15225,1,9,0,18,9,8,0,0,3,4,1,1,6,2,47,8,1242,1,11,-1,1,-1
201504WA15226,1,9,0,7,0,8,0,0,0,0,4,1,6,1,60,9,1390,1,4,-1,3,-1
201504WA15226,2,1,0,18,0,8,0,0,0,0,3,1,6,1,29,6,-1,-1,-1,-1,1,-1
201504WA15227,1,9,0,18,0,0,0,0,0,0,1,1,6,1,31,6,1598,1,7,-1,1,-1
201504WA15227,2,19,0,3,0,0,0,0,0,0,2,1,1,1,51,8,2198,2,2,-1,-1,-1
201504WA15228,1,9,0,18,0,8,0,0,1,0,4,1,1,1,60,9,1998,2,11,-1,1,-1
201504WA15228,2,9,0,18,0,8,0,0,1,0,4,1,6,2,17,4,998,1,8,-1,-1,-1
201504WA15228,3,9,0,2,0,2,0,0,0,0,4,1,6,1,-1,-1,1796,1,9,-1,1,-1
201504WA15229,1,9,0,9,0,1,0,0,0,0,1,1,6,2,84,11,1590,1,14,-1,1,-1
201504WA15229,2,9,0,18,0,1,0,0,0,0,1,1,6,2,21,5,1199,1,12,-1,1,-1
201504WA15230,1,9,0,3,0,8,0,0,0,0,1,1,6,1,45,7,1998,1,11,-1,1,-1
201504WA15230,2,9,0,4,0,8,0,0,0,0,2,1,6,2,45,7,1998,1,12,-1,1,-1
201504WA15231,1,9,0,9,0,1,0,0,0,0,3,1,6,1,27,6,2143,2,4,-1,3,-1
201504WA15231,2,11,0,18,0,1,0,0,0,0,4,1,1,1,51,8,8268,2,11,-1,1,-1
201504WA15232,1,19,0,1,9,0,0,0,0,0,2,1,1,1,45,7,2187,2,12,-1,1,-1
201504WA15233,1,3,0,18,0,0,0,0,0,0,1,1,6,1,59,9,125,1,2,-1,3,-1
201504WA15233,2,9,0,18,0,0,0,0,0,0,2,1,6,2,54,8,1995,2,2,-1,3,-1
201504WA15234,1,9,0,15,0,8,1,0,0,0,1,1,6,1,25,5,450,1,9,-1,1,-1
201504WA15234,2,9,0,9,0,8,0,0,0,0,4,1,6,2,46,8,1598,1,8,-1,1,-1
201504WA15235,1,2,0,18,0,1,5,0,0,0,4,1,6,1,16,4,49,1,12,-1,1,-1
201504WA15236,1,9,0,18,0,0,0,0,0,0,1,1,2,1,28,6,1997,2,13,-1,1,-1
201504WA15236,2,9,0,18,0,0,0,0,0,0,2,1,1,1,42,7,1560,2,1,-1,2,-1
201504WA15237,1,9,0,18,0,1,0,0,0,0,1,1,1,2,29,6,1596,1,13,-1,1,-1
201504WA15237,2,9,0,4,0,1,0,0,0,0,2,1,6,1,39,7,2148,2,10,-1,1,-1
201504WA15238,1,9,0,18,0,1,0,0,0,0,1,1,6,1,26,6,2720,2,10,-1,1,-1
201504WA15238,2,9,0,4,0,1,0,0,0,0,2,1,6,1,65,9,1584,1,14,-1,1,-1
201504WA15239,1,5,0,18,0,1,2,0,1,0,1,1,6,1,34,6,599,1,17,-1,2,-1
201504WA15239,2,9,0,4,0,1,0,0,0,0,2,1,2,2,43,7,1390,1,3,-1,1,-1
201504WA15239,3,9,4,18,0,1,0,0,0,0,3,1,6,2,46,8,1397,1,6,-1,1,-1
201504WA15240,1,9,0,2,0,0,0,0,0,0,3,1,6,2,44,7,1685,2,3,-1,1,-1
201504WA15240,2,1,0,13,0,0,0,4,0,0,1,1,6,1,41,7,-1,-1,-1,-1,-1,-1
201504WA15241,1,9,0,18,0,0,0,0,0,0,3,1,6,1,59,9,1242,1,13,-1,1,-1
201504WA15242,1,9,0,18,0,0,0,0,0,0,0,1,6,2,49,8,1360,1,12,-1,2,-1
201504WA15242,2,1,0,18,9,0,0,0,0,0,4,1,6,2,10,2,-1,-1,-1,-1,1,-1
201504WA15243,1,9,0,8,0,0,0,0,0,0,1,1,6,1,35,6,1368,1,8,-1,-1,-1
201504WA15243,2,3,0,7,0,0,2,0,0,0,1,1,6,1,29,6,124,1,6,-1,1,-1
201504WA15244,1,9,0,6,0,0,0,0,0,0,1,1,1,1,44,7,998,1,13,-1,-1,-1
201504WA15244,2,19,0,18,0,0,0,0,0,0,1,1,1,1,41,7,1560,2,8,-1,-1,-1
201504WA15245,1,9,0,18,0,0,5,10,7,10,1,1,6,2,63,9,1328,1,11,-1,1,-1
201504WA15246,1,9,0,13,0,2,1,0,0,0,1,1,6,3,-1,-1,1995,2,10,-1,-1,-1
201504WA15246,2,19,0,18,0,1,0,0,0,0,3,1,1,1,46,8,2461,2,15,-1,1,-1
201504WA15247,1,1,0,14,0,0,0,0,0,0,3,1,6,1,15,3,-1,-1,-1,-1,1,-1
201504WA15247,2,9,0,18,0,0,0,0,0,0,1,1,6,1,46,8,1391,1,14,-1,1,-1
201504WA15248,1,9,0,18,0,1,0,10,0,0,1,1,6,1,30,6,1598,1,-1,-1,1,-1
201504WA15248,2,9,0,4,0,1,0,0,0,0,2,1,6,1,68,10,1242,1,7,-1,1,-1
201504WA15248,3,9,0,4,0,1,0,0,0,0,2,1,6,1,44,7,1596,1,5,-1,1,-1
201504WA15249,1,9,0,1,0,8,0,0,0,0,2,1,6,1,31,6,1560,2,3,-1,-1,-1
201504WA15250,1,3,0,18,0,8,2,0,0,0,4,1,1,1,30,6,125,1,1,-1,1,-1
201504WA15250,2,9,0,18,0,8,0,0,0,0,3,1,6,2,27,6,1240,1,12,-1,1,-1
201504WA15251,1,5,0,16,0,0,0,12,0,0,1,1,6,1,53,8,-1,-1,-1,-1,-1,-1
201504WA15251,2,9,5,16,0,0,0,12,0,0,1,1,6,1,54,8,1248,2,4,-1,1,-1
201504WA15252,1,3,0,18,0,0,0,0,1,3,1,1,6,1,64,9,125,1,12,-1,1,-1
201504WA15253,1,17,4,17,0,0,5,0,0,0,3,1,1,1,21,5,-1,2,8,-1,3,-1
201504WA15253,2,9,0,16,0,0,0,0,0,0,4,1,6,1,34,6,2979,1,1,-1,1,-1
201504WA15254,1,1,0,18,4,0,0,0,0,0,1,1,6,1,61,9,-1,-1,-1,-1,1,-1
201504WA15254,2,9,0,2,4,0,0,0,0,0,2,1,6,2,52,8,1997,2,12,-1,1,-1
201504WA15255,1,3,0,18,0,0,1,0,0,0,1,1,6,3,-1,-1,-1,-1,-1,-1,-1,-1
201504WA15256,1,9,0,18,0,0,0,0,0,0,0,1,6,3,-1,-1,-1,-1,-1,-1,-1,-1
201504WA15256,2,9,0,18,0,0,5,0,1,2,1,1,6,1,37,7,1798,1,6,-1,1,-1
201504WA15257,1,9,0,18,0,2,0,0,0,0,1,1,6,1,66,10,1910,2,7,-1,1,-1
201504WA15257,2,9,0,18,0,1,0,0,0,0,2,1,6,1,65,9,-1,-1,-1,-1,1,-1
201504WA15258,1,90,0,18,0,1,0,0,0,0,1,1,6,1,48,8,-1,-1,-1,-1,-1,-1
201504WA15258,2,9,0,10,0,8,0,0,0,0,2,1,6,2,48,8,1248,1,2,-1,1,-1
201504WA15259,1,8,0,18,0,0,1,4,0,0,1,1,1,1,42,7,1797,8,-1,-1,1,-1
201504WA15259,2,9,0,2,0,0,0,0,0,0,1,1,6,1,-1,-1,998,1,9,-1,-1,-1
201504WA15259,3,9,0,2,0,0,0,0,0,0,3,1,6,1,-1,-1,1398,1,-1,-1,1,-1
201504WA15259,4,9,0,2,0,0,0,0,0,0,3,1,6,2,-1,-1,1997,2,-1,-1,1,-1
201504WA15260,1,9,0,16,0,0,0,0,7,0,3,1,6,2,20,4,999,1,13,-1,1,-1
201504WA15261,1,9,0,18,0,8,1,0,1,4,1,1,6,1,22,5,1599,1,12,-1,1,-1
201504WA15262,1,9,0,7,0,8,0,0,0,0,0,1,2,2,24,5,998,1,14,-1,1,-1
201504WA15262,2,1,0,18,4,8,0,0,0,0,4,1,2,1,48,8,-1,-1,-1,-1,1,-1
201504WA15263,1,9,0,18,0,1,0,0,0,0,1,1,6,1,77,11,1834,1,18,-1,-1,-1
201504WA15263,2,9,0,4,0,2,0,0,0,0,1,1,6,1,31,6,1398,2,7,-1,1,-1
201504WA15264,1,9,0,6,0,0,0,0,0,0,1,1,6,1,64,9,-1,-1,-1,-1,-1,-1
201504WA15264,2,1,0,18,0,0,0,0,0,0,1,1,6,1,21,5,-1,-1,-1,-1,1,-1
201504WA15265,1,8,0,18,0,1,0,0,0,0,1,1,6,3,-1,-1,-1,-1,-1,-1,-1,-1
201504WA15266,1,9,0,18,0,2,0,0,0,0,1,1,6,2,79,11,1596,1,1,-1,1,-1
201504WA15267,1,9,0,6,0,8,0,0,0,0,3,1,2,2,38,7,1399,2,3,-1,1,-1
201504WA15267,2,3,0,14,0,8,0,0,0,0,4,1,2,1,37,7,125,1,1,-1,1,-1
201504WA15268,1,8,0,18,0,1,0,0,0,0,4,1,1,1,69,10,1910,2,8,-1,2,-1
201504WA15269,1,9,0,18,0,1,0,0,0,0,1,1,6,2,42,7,1686,2,7,-1,1,-1
201504WA15269,2,9,0,4,0,1,0,0,0,0,2,1,6,2,54,8,1598,1,7,-1,1,-1
201504WA15270,1,9,0,18,0,8,0,0,0,0,1,1,2,1,23,5,1598,1,1,-1,1,-1
201504WA15270,2,9,0,18,0,8,0,0,0,0,3,1,2,2,45,7,1995,2,8,-1,1,-1
201504WA15271,1,9,0,18,9,0,0,0,0,0,0,1,6,1,49,8,1390,1,15,-1,1,-1
201504WA15272,1,9,0,4,0,5,0,0,0,10,1,1,6,1,91,11,1248,1,3,-1,1,-1
201504WA15273,1,4,0,16,0,8,0,0,0,0,1,1,6,3,-1,-1,-1,-1,-1,-1,-1,-1
201504WA15274,1,11,0,4,0,0,0,0,0,0,1,1,1,1,26,6,6370,2,-1,-1,1,-1
201504WA15275,1,9,0,18,0,0,0,0,0,0,1,1,2,2,24,5,1596,1,14,-1,1,-1
201504WA15275,2,9,0,18,0,0,0,0,0,0,1,1,6,2,42,7,1749,1,13,-1,1,-1
201504WA15276,1,9,0,5,0,0,0,0,0,0,4,1,6,1,57,9,1598,2,3,-1,1,-1
201504WA15277,1,9,0,18,0,1,0,0,0,0,1,1,6,1,58,9,-1,-1,-1,-1,1,-1
201504WA15277,2,9,0,3,0,1,0,0,0,0,2,1,6,2,39,7,1997,2,8,-1,3,-1
201504WA15278,1,1,0,18,0,0,0,0,0,0,4,1,6,1,9,2,-1,-1,-1,-1,1,-1
201504WA15278,2,9,0,7,0,0,0,0,0,0,3,1,6,1,26,6,998,1,12,-1,3,-1
201504WA15279,1,9,0,6,0,0,0,0,0,0,1,1,6,1,34,6,1242,1,15,-1,1,-1
201504WA15279,2,9,0,18,0,0,0,0,0,0,1,1,6,2,50,8,1896,2,13,-1,3,-1
201504WA15280,1,1,0,18,0,8,0,0,0,0,1,1,2,1,40,7,-1,-1,-1,-1,-1,-1
201504WA15280,2,9,0,5,0,1,0,0,0,0,1,1,6,1,67,10,1796,1,15,-1,-1,-1
201504WA15281,1,1,0,18,0,8,0,0,0,0,4,1,6,1,20,4,-1,-1,-1,-1,1,-1
201504WA15281,2,9,0,5,0,6,0,0,0,0,1,1,6,2,47,8,998,1,1,-1,1,-1
201504WA15282,1,9,0,7,0,6,0,0,0,0,1,1,6,2,48,8,1248,2,-1,-1,1,-1
201504WA15282,2,1,0,18,0,8,0,0,0,0,2,1,6,1,58,9,-1,-1,-1,-1,1,-1
201504WA15283,1,9,0,9,0,5,0,0,0,0,1,1,6,1,54,8,2378,1,11,-1,1,-1
201504WA15283,2,9,0,17,0,8,0,0,0,0,1,1,6,2,36,7,1399,2,6,-1,1,-1
201504WA15284,1,9,0,18,0,6,0,0,0,0,1,1,6,1,39,7,1910,2,9,-1,1,-1
201504WA15284,2,9,0,18,0,8,0,0,0,0,4,1,6,1,45,7,2143,2,-1,-1,3,-1
201504WA15285,1,9,0,3,0,1,0,0,0,0,2,1,6,1,21,5,1242,1,14,-1,1,-1
201504WA15285,2,9,0,4,0,1,0,0,0,0,1,1,6,2,57,9,1686,2,12,-1,1,-1
201504WA15286,1,9,0,9,0,6,0,0,1,0,1,1,6,1,27,6,1497,8,-1,-1,1,-1
201504WA15286,2,9,0,18,0,8,0,0,1,0,1,1,6,2,19,4,1398,1,-1,-1,1,-1
201504WA15286,3,9,0,2,9,2,0,0,0,0,1,1,6,2,48,8,1685,2,2,-1,1,-1
201504WA15287,1,8,0,7,0,1,0,0,0,0,4,1,1,3,64,9,-1,-1,-1,-1,-1,-1
201504WA15287,2,1,0,5,4,1,0,0,0,0,1,1,1,1,27,6,-1,-1,-1,-1,1,-1
201504WA15288,1,9,0,18,0,1,0,0,7,10,1,1,6,1,28,6,1149,1,14,-1,1,-1
201504WA15289,1,9,0,5,0,6,0,0,0,0,1,1,6,1,34,6,1598,1,13,-1,1,-1
201504WA15289,2,9,0,3,0,8,0,0,0,0,4,1,6,1,19,4,-1,-1,-1,-1,1,-1
201504WA15289,3,9,0,18,0,1,0,0,0,0,0,1,6,2,27,6,1149,1,11,-1,1,-1
201504WA15290,1,9,0,9,0,5,0,0,0,0,1,1,1,1,42,7,1598,1,6,-1,1,-1
201504WA15291,1,9,0,16,0,1,0,0,0,0,3,1,6,1,75,10,2720,2,8,-1,3,-1
201504WA15291,2,9,0,17,0,2,0,0,0,0,3,1,6,2,79,11,1397,1,14,-1,1,-1
201504WA15292,1,8,0,15,0,1,0,0,0,0,4,1,1,1,45,7,2664,2,10,-1,1,-1
201504WA15292,2,1,0,15,0,1,0,0,0,0,3,1,6,1,42,7,-1,-1,-1,-1,1,-1
201504WA15293,1,9,0,18,0,0,0,4,1,10,1,1,6,1,23,5,1360,1,12,-1,2,-1
201504WA15293,2,9,0,2,0,0,0,0,0,0,2,1,6,2,50,8,1388,1,9,-1,1,-1
201504WA15294,1,2,0,18,0,0,0,0,1,0,4,1,6,3,64,9,-1,-1,-1,-1,-1,-1
201504WA15295,1,11,0,9,0,8,0,0,0,0,0,1,1,1,59,9,-1,2,14,-1,1,-1
201504WA15296,1,9,0,18,0,0,0,0,2,0,4,1,6,3,-1,-1,-1,-1,-1,-1,-1,-1
201504WA15297,1,3,0,13,0,0,1,0,0,0,1,1,6,1,36,7,124,1,1,-1,1,-1
201504WA15298,1,9,0,15,0,1,0,0,0,0,1,1,2,2,44,7,1242,1,-1,-1,1,-1
201504WA15298,2,1,0,18,0,6,0,0,0,0,1,1,6,2,12,3,-1,-1,-1,-1,1,-1
201504WA15299,1,90,0,4,0,4,0,0,0,0,1,1,1,1,-1,-1,-1,-1,-1,-1,2,-1
201504WA15299,2,9,0,4,0,4,0,0,0,0,2,1,2,2,51,8,1995,2,5,-1,2,-1
201504WA15300,1,9,0,9,0,1,0,0,0,0,1,1,6,1,24,5,1197,1,4,-1,1,-1
201504WA15300,2,9,0,18,0,1,0,0,0,0,1,1,6,2,27,6,1499,2,-1,-1,1,-1
201504WA15301,1,9,0,18,0,6,0,0,0,0,1,1,6,2,81,11,1298,1,3,-1,1,-1
201504WA15301,2,9,0,18,0,1,0,0,0,0,3,1,6,1,48,8,1969,2,-1,-1,1,-1
201504WA15302,1,19,0,5,8,0,0,0,0,0,3,1,6,1,52,8,1870,2,12,-1,2,-1
201504WA15302,2,9,0,18,0,0,0,0,0,0,1,1,6,2,67,10,2143,2,-1,-1,3,-1
201504WA15302,3,9,0,2,6,0,0,0,0,0,3,1,6,1,34,6,1896,2,6,-1,1,-1
201504WA15303,1,9,0,9,0,8,0,0,0,0,1,1,6,2,37,7,1399,1,9,-1,1,-1
201504WA15303,2,9,0,18,0,1,0,0,0,0,4,1,6,1,70,10,1388,1,13,-1,-1,-1
201504WA15303,3,19,0,3,0,1,0,0,0,0,0,1,6,3,-1,-1,-1,-1,-1,-1,-1,-1
201504WA15304,1,9,0,5,0,4,0,0,0,0,3,1,1,2,50,8,1599,1,9,-1,-1,-1
201504WA15304,2,9,0,17,0,8,1,0,0,0,1,1,6,1,22,5,1910,2,12,-1,1,-1
201504WA15305,1,9,0,18,0,0,0,0,0,0,1,1,6,2,57,9,2477,2,10,-1,3,-1
201504WA15305,2,9,0,4,0,0,0,0,0,0,2,1,6,1,62,9,5462,1,8,-1,1,-1
201504WA15305,3,9,0,4,0,0,0,0,0,0,2,1,6,1,41,7,1498,1,-1,-1,1,-1
201504WA15306,1,11,0,18,0,0,0,0,0,0,4,1,6,1,55,8,5900,2,16,-1,1,-1
201504WA15306,2,1,0,18,0,0,0,0,0,0,3,1,6,1,15,3,-1,-1,-1,-1,1,-1
201504WA15307,1,9,0,18,0,0,0,0,0,0,1,1,6,2,21,5,1560,2,6,-1,1,-1
201504WA15307,2,9,0,10,0,0,0,10,7,0,2,1,6,2,55,8,1360,1,12,-1,1,-1
201504WA15308,1,9,0,9,0,8,2,7,3,10,1,1,6,1,18,4,1388,1,12,-1,1,-1
201504WA15309,1,9,0,9,0,6,0,0,0,0,4,1,1,2,44,7,1598,1,15,-1,3,-1
201504WA15309,2,9,0,18,0,1,0,0,1,10,1,1,6,1,43,7,1397,1,2,-1,1,-1
201504WA15310,1,9,0,18,0,0,0,0,0,0,1,1,6,2,28,6,1242,1,-1,-1,1,-1
201504WA15310,2,9,0,4,0,0,0,0,0,0,2,1,6,2,57,9,1586,1,11,-1,1,-1
201504WA15310,3,9,0,4,0,0,0,0,0,0,2,1,6,1,63,9,4197,1,10,-1,1,-1
201504WA15310,4,9,0,4,0,0,0,0,0,0,2,1,6,1,36,7,2720,2,10,-1,1,-1
201504WA15311,1,9,0,9,0,8,0,0,1,1,3,1,2,1,40,7,1598,2,2,-1,1,-1
201504WA15311,2,5,0,18,0,3,0,0,3,0,4,1,6,1,61,9,1585,1,5,-1,1,-1
201504WA15312,1,9,0,18,0,0,2,0,0,10,1,1,6,1,18,4,1242,1,10,-1,1,-1
201504WA15313,1,9,0,11,0,8,2,7,8,2,1,1,6,1,22,5,1598,1,14,-1,1,-1
201504WA15313,2,9,0,18,0,6,0,0,0,0,0,1,1,1,61,9,-1,-1,-1,-1,1,-1
201504WA15314,1,9,0,1,8,6,0,0,0,0,0,1,6,3,-1,-1,-1,-1,-1,-1,-1,-1
201504WA15314,2,11,0,4,0,1,0,0,0,0,0,1,6,1,52,8,8268,2,11,-1,1,-1
201504WA15315,1,9,0,18,0,1,0,0,0,0,1,1,6,1,31,6,1386,1,3,-1,1,-1
201504WA15315,2,9,0,3,0,1,0,0,0,0,2,1,6,1,64,9,1198,1,1,-1,1,-1
201504WA15316,1,9,0,1,0,0,0,0,0,0,2,1,1,1,62,9,-1,-1,-1,-1,1,-1