Accident_Index,Vehicle_Reference,Vehicle_Type,Towing_and_Articulation,Vehicle_Manoeuvre,Vehicle_Location-Restricted_Lane,Junction_Location,Skidding_and_Overturning,Hit_Object_in_Carriageway,Vehicle_Leaving_Carriageway,Hit_Object_off_Carriageway,1st_Point_of_Impact,Was_Vehicle_Left_Hand_Drive?,Journey_Purpose_of_Driver,Sex_of_Driver,Age_of_Driver,Age_Band_of_Driver,Engine_Capacity_(CC),Propulsion_Code,Age_of_Vehicle,Driver_IMD_Decile,Driver_Home_Area_Type,Vehicle_IMD_Decile
201504WA15316,2,9,0,2,0,0,0,0,0,0,3,1,6,2,61,9,1560,2,4,-1,1,-1
201504WA15317,1,9,0,18,0,0,1,0,0,0,1,1,6,1,61,9,2143,2,-1,-1,1,-1
201504WA15317,2,9,0,5,0,0,0,0,0,0,3,1,6,2,27,6,1956,2,6,-1,1,-1
201504WA15318,1,11,0,5,0,0,0,0,0,0,0,1,1,2,55,8,-1,-1,-1,-1,1,-1
201504WA15319,1,1,0,18,9,6,0,4,0,0,4,1,6,2,16,4,-1,-1,-1,-1,-1,-1
201504WA15319,2,9,0,4,0,1,0,0,0,0,0,1,6,1,44,7,1997,2,9,-1,1,-1
201504WA15320,1,9,0,6,0,0,0,0,0,0,0,1,6,3,-1,-1,-1,-1,-1,-1,-1,-1
201504WA15320,2,11,0,18,0,0,0,0,0,0,0,1,1,1,50,8,4250,2,4,-1,1,-1
201504WA15321,1,9,0,18,0,5,0,0,0,0,4,1,6,1,26,6,1984,1,8,-1,1,-1
201504WA15321,2,1,0,18,0,8,0,0,0,0,1,1,6,2,59,9,-1,-1,-1,-1,1,-1
201504WA15323,1,9,0,5,0,6,0,0,0,0,1,1,6,1,66,10,3498,1,7,-1,1,-1
201504WA15323,2,9,0,18,0,8,0,0,1,1,3,1,2,1,23,5,1598,1,-1,-1,1,-1
201504WA15324,1,9,0,9,0,6,0,0,0,0,3,1,2,1,28,6,1395,1,1,-1,2,-1
201504WA15324,2,1,0,18,0,8,0,0,0,0,1,1,2,1,55,8,-1,-1,-1,-1,1,-1
201504WA15325,1,8,0,9,0,8,0,0,0,0,1,1,1,2,38,7,-1,3,-1,-1,1,-1
201504WA15325,2,9,0,18,0,8,0,0,0,0,1,1,2,1,62,9,998,1,12,-1,1,-1
201504WA15326,1,9,0,5,0,6,0,0,0,0,1,1,6,1,44,7,1240,1,11,-1,1,-1
201504WA15326,2,9,0,18,0,8,0,0,0,0,4,1,6,2,42,7,1587,1,13,-1,1,-1
201504WA15327,1,9,0,5,0,0,0,0,0,0,1,1,6,1,60,9,1497,8,3,-1,1,-1
201504WA15327,2,1,0,18,0,0,0,0,0,0,4,1,6,2,25,5,-1,-1,-1,-1,1,-1
201504WA15329,1,9,0,18,0,8,0,0,0,0,1,1,6,2,53,8,1995,2,7,-1,1,-1
201504WA15329,2,9,0,18,0,8,0,0,0,0,1,1,6,1,35,6,1896,2,8,-1,1,-1
201504WA15329,3,9,0,18,0,8,0,0,0,0,1,1,6,2,51,8,1299,1,15,-1,1,-1
201504WA15330,1,9,0,18,0,2,0,0,0,0,4,1,6,1,41,7,1762,1,16,-1,1,-1
201504WA15330,2,9,0,18,0,1,0,0,0,0,1,1,2,2,42,7,1390,1,14,-1,1,-1
201504WA15331,1,9,0,18,0,0,0,0,0,0,1,1,1,1,50,8,1797,8,-1,-1,-1,-1
201504WA15332,1,9,0,5,0,8,0,0,0,0,3,1,6,1,23,5,1896,2,15,-1,1,-1
201504WA15332,2,1,0,18,0,8,0,0,3,0,1,1,6,1,20,4,-1,-1,-1,-1,1,-1
201504WA15333,1,9,0,12,0,0,0,0,0,0,1,1,2,2,40,7,1499,1,-1,-1,1,-1
201504WA15333,2,9,0,4,0,0,0,0,0,0,2,1,2,1,44,7,2143,2,-1,-1,2,-1
201504WA15334,1,9,0,4,0,0,1,0,0,0,1,1,2,1,32,6,2143,2,6,-1,1,-1
201504WA15334,2,9,0,4,0,0,0,0,0,0,2,1,6,2,28,6,1896,2,12,-1,1,-1
201504WA15334,3,9,0,4,0,0,0,0,0,0,2,1,6,1,48,8,1988,1,13,-1,1,-1
201504WA15335,1,9,0,18,0,0,0,0,1,10,1,1,6,1,44,7,1591,1,-1,-1,1,-1
201504WA15336,1,9,0,4,0,1,0,0,0,0,1,1,6,1,31,6,1798,1,6,-1,1,-1
201504WA15336,2,9,0,4,0,1,0,0,0,0,2,1,6,2,33,6,2979,1,13,-1,1,-1
201504WA15337,1,9,0,18,0,1,0,0,0,0,1,1,6,2,58,9,1242,1,8,-1,1,-1
201504WA15338,1,4,0,18,0,2,1,0,0,0,3,1,6,1,52,8,163,1,4,-1,1,-1
201504WA15339,1,9,0,18,0,1,0,0,0,0,1,1,6,3,61,9,1328,1,10,-1,2,-1
201504WA15339,2,9,0,3,0,1,0,0,0,0,2,1,6,1,60,9,1753,2,6,-1,1,-1
201504WA15340,1,9,0,18,0,1,0,0,0,0,1,1,6,1,36,7,1794,1,10,-1,1,-1
201504WA15340,2,9,0,4,0,1,0,0,0,0,2,1,6,2,28,6,1396,1,13,-1,1,-1
201504WA15341,1,9,0,18,0,6,0,0,0,0,1,1,6,1,-1,-1,-1,-1,-1,-1,-1,-1
201504WA15341,2,9,0,18,0,8,0,0,0,0,3,1,6,1,33,6,1199,1,12,-1,-1,-1
201504WA15342,1,19,0,18,0,6,0,0,7,10,1,1,1,1,22,5,-1,-1,-1,-1,2,-1
201504WA15342,2,9,0,18,0,8,0,0,1,10,3,1,6,2,28,6,1995,2,1,-1,1,-1
201504WA15343,1,9,0,18,0,0,5,0,1,10,1,1,6,2,19,4,1598,2,4,-1,3,-1
201504WA15344,1,1,0,18,0,0,0,0,0,0,1,1,6,1,52,8,-1,-1,-1,-1,3,-1
201504WA15344,2,9,0,2,0,0,0,0,0,0,4,1,6,1,46,8,1753,2,10,-1,1,-1
201504WA15345,1,8,0,18,0,0,0,0,0,0,3,1,6,1,-1,-1,-1,-1,-1,-1,-1,-1
201504WA15346,1,9,0,4,0,1,0,0,0,0,1,1,6,1,54,8,2497,2,10,-1,2,-1
201504WA15346,2,9,0,4,0,1,0,0,0,0,1,1,6,1,78,11,1560,2,8,-1,-1,-1
201504WA15346,3,9,0,4,0,1,0,0,0,0,3,1,6,2,37,7,1800,1,17,-1,1,-1
201504WA15347,1,9,0,18,0,6,1,0,0,0,1,1,6,1,18,4,998,1,9,-1,2,-1
201504WA15347,2,9,0,18,0,8,1,0,0,0,3,1,6,1,71,10,998,1,3,-1,1,-1
201504WA15348,1,9,0,18,0,6,0,0,0,0,4,1,6,1,23,5,1560,2,11,-1,1,-1
201504WA15348,2,9,0,18,0,1,0,0,0,0,1,1,6,1,56,9,2979,6,15,-1,1,-1
201504WA15349,1,9,0,15,0,1,0,0,0,0,1,1,6,1,40,7,1590,1,1,-1,-1,-1
201504WA15349,2,1,0,18,0,8,0,0,0,0,4,1,6,1,48,8,-1,-1,-1,-1,-1,-1
201504WA15350,1,9,0,16,0,1,0,0,0,0,1,1,1,1,66,10,2500,1,26,-1,3,-1
201504WA15350,2,9,0,17,0,1,0,0,0,0,1,1,1,2,50,8,-1,-1,-1,-1,1,-1
201504WA15351,1,19,0,18,0,1,0,0,0,0,1,1,1,1,44,7,1998,2,11,-1,2,-1
201504WA15351,2,9,0,10,0,1,0,0,7,1,2,1,6,1,79,11,1797,8,5,-1,1,-1
201504WA15351,3,1,0,18,0,1,0,0,1,1,1,1,6,1,58,9,-1,-1,-1,-1,1,-1
201504WA15352,1,1,0,14,0,0,0,0,0,0,2,1,1,1,56,9,-1,-1,-1,-1,1,-1
201504WA15352,2,19,0,2,0,0,0,0,0,0,0,1,6,3,-1,-1,-1,-1,-1,-1,-1,-1
201504WA15352,3,9,0,18,0,0,0,0,0,0,0,1,6,3,-1,-1,-1,-1,-1,-1,-1,-1
201504WA15353,1,9,0,5,0,1,0,0,0,0,3,1,6,2,33,6,1598,1,4,-1,1,-1
201504WA15353,2,9,0,18,0,1,0,0,0,0,1,1,6,1,28,6,1598,1,8,-1,1,-1
201504WA15354,1,9,0,9,0,8,0,0,0,0,4,1,2,1,50,8,1956,2,6,-1,1,-1
201504WA15354,2,3,0,18,0,8,0,0,0,0,1,1,6,1,18,4,124,1,1,-1,1,-1
201504WA15355,1,9,0,5,0,6,0,0,7,4,3,1,6,2,49,8,1390,1,13,-1,1,-1
201504WA15355,2,9,0,18,0,1,0,0,7,5,1,1,6,1,27,6,1328,1,10,-1,1,-1
201504WA15356,1,9,0,18,0,8,0,0,0,0,1,1,6,1,85,11,1598,1,9,-1,1,-1
201504WA15356,2,90,0,9,0,8,0,0,0,0,4,1,1,1,30,6,-1,-1,-1,-1,1,-1
201504WA15357,1,9,0,18,0,8,0,0,0,0,1,1,6,3,-1,-1,-1,-1,-1,-1,-1,-1
201504WA15358,1,9,0,5,0,6,0,0,0,0,1,1,6,2,33,6,1560,2,9,-1,1,-1
201504WA15358,2,9,0,18,0,8,0,0,0,0,4,1,6,1,69,10,1997,1,1,-1,1,-1
201504WA15359,1,18,0,18,0,0,0,0,0,0,1,1,1,1,51,8,-1,-1,-1,-1,1,-1
201504WA15362,1,9,0,18,0,0,0,0,0,0,1,1,6,1,20,4,1229,1,1,-1,1,-1
201504WA15362,2,9,0,18,0,0,0,0,0,0,2,1,6,2,48,8,1461,2,2,-1,1,-1
201504WA15363,1,9,0,18,0,0,0,0,0,0,4,1,6,1,47,8,2993,2,5,-1,1,-1
201504WA15364,1,9,0,9,0,6,0,0,0,0,1,1,6,1,77,11,2497,2,16,-1,1,-1
201504WA15364,2,5,0,18,0,1,0,0,7,2,4,1,1,1,30,6,998,1,9,-1,1,-1
201504WA15365,1,1,0,18,0,2,0,0,0,0,4,1,6,2,21,5,-1,-1,-1,-1,1,-1
201504WA15365,2,9,0,9,0,2,0,0,0,0,4,1,6,2,57,9,3199,1,14,-1,1,-1
201504WA15366,1,9,0,18,0,0,0,0,0,0,1,1,6,1,20,4,1149,1,13,-1,1,-1
201504WA15367,1,9,0,18,9,1,0,0,0,0,1,1,6,3,-1,-1,-1,-1,-1,-1,-1,-1
201504WA15367,2,1,0,18,9,1,2,0,0,0,2,1,6,1,12,3,-1,-1,-1,-1,1,-1
201504WA15368,1,9,0,9,0,5,0,0,0,0,4,1,2,2,53,8,1796,1,13,-1,1,-1
201504WA15368,2,1,0,18,0,8,0,0,0,0,1,1,6,1,50,8,-1,-1,-1,-1,1,-1
201504WA15369,1,9,0,4,0,8,0,0,0,0,1,1,6,1,71,10,2099,1,12,-1,1,-1
201504WA15369,2,9,0,3,0,8,0,0,0,0,2,1,6,1,44,7,1560,2,8,-1,1,-1
201504WA15369,3,9,0,3,0,8,0,0,0,0,2,1,6,2,36,7,1398,1,1,-1,1,-1
201504WA15370,1,1,0,17,0,6,0,0,0,0,1,1,1,1,31,6,-1,-1,-1,-1,1,-1
201504WA15370,2,9,0,18,0,8,0,0,0,0,4,1,6,3,-1,-1,-1,-1,-1,-1,-1,-1
201504WA15371,1,9,0,18,0,0,0,8,0,0,4,1,1,1,48,8,-1,-1,-1,-1,1,-1
201504WA15371,2,9,0,2,0,0,0,0,0,0,3,1,6,1,23,5,1995,2,-1,-1,1,-1
201504WA15372,1,9,0,7,0,6,0,0,0,0,0,1,6,1,19,4,1984,1,6,-1,1,-1
201504WA15372,2,3,0,18,0,8,0,0,0,0,1,1,2,1,19,4,125,1,-1,-1,1,-1
201504WA15372,3,9,0,4,0,8,0,0,0,0,2,1,6,2,50,8,1149,1,12,-1,1,-1
201504WA15373,1,9,0,4,0,0,0,0,0,0,1,1,6,1,56,9,1560,2,1,-1,1,-1
201504WA15373,2,9,0,3,0,0,0,0,0,0,2,1,6,2,68,10,1598,1,1,-1,1,-1
201504WA15374,1,9,0,18,0,0,0,4,0,0,1,1,6,1,21,5,1781,1,13,-1,1,-1
201504WA15374,2,9,0,2,4,0,0,0,1,0,2,1,6,3,-1,-1,1995,2,15,-1,-1,-1
201504WA15375,1,9,0,18,0,0,0,0,0,0,3,1,6,3,-1,-1,1364,2,5,-1,-1,-1
201504WA15376,1,11,0,4,0,1,0,0,0,0,4,1,6,1,62,9,8268,2,12,-1,-1,-1
201504WA15377,1,9,0,18,0,1,0,0,0,0,2,1,6,1,17,4,998,1,9,-1,1,-1
201504WA15377,2,9,0,3,0,1,0,0,0,0,2,1,6,1,46,8,1360,1,13,-1,1,-1
201504WA15378,1,9,0,18,0,0,0,0,0,0,1,1,6,2,42,7,1968,2,2,-1,1,-1
201504WA15378,2,9,0,3,0,0,0,0,0,0,2,1,6,2,28,6,1124,1,14,-1,1,-1
201504WA15378,3,9,0,3,0,0,0,0,0,0,2,1,6,3,-1,-1,-1,-1,-1,-1,-1,-1
201504WA15379,1,9,0,12,0,1,0,0,0,0,3,1,6,2,39,7,1598,1,10,-1,1,-1
201504WA15379,2,9,0,18,0,1,0,0,0,0,4,1,6,2,26,6,-1,-1,-1,-1,1,-1
201504WA15380,1,9,0,5,0,8,0,0,0,0,1,1,2,1,28,6,2204,2,8,-1,1,-1
201504WA15380,2,5,0,14,0,8,0,0,0,0,4,1,1,1,19,4,599,1,18,-1,1,-1
201504WA15380,3,9,0,3,0,8,0,0,0,0,0,1,6,3,-1,-1,-1,-1,-1,-1,-1,-1
201504WA15381,1,9,0,18,0,0,0,0,0,0,2,1,6,1,83,11,1985,1,11,-1,1,-1
201504WA15381,2,9,0,18,0,0,0,0,0,0,2,1,6,1,22,5,1598,2,1,-1,1,-1
201504WA15382,1,11,0,18,0,0,0,0,0,0,1,1,1,1,35,6,9000,2,2,-1,1,-1
201504WA15382,2,9,0,2,0,0,0,0,1,0,1,1,6,3,-1,-1,1596,1,3,-1,-1,-1
201504WA15383,1,9,0,18,0,2,0,0,1,0,1,1,6,1,24,5,1781,1,13,-1,1,-1
201504WA15384,1,9,0,18,0,0,0,0,0,0,1,1,2,2,38,7,1598,1,12,-1,1,-1
201504WA15384,2,9,0,18,0,0,0,0,0,0,2,1,2,1,56,9,998,1,8,-1,3,-1
201504WA15384,3,9,0,4,0,0,0,0,0,0,2,1,2,2,49,8,-1,-1,-1,-1,-1,-1
201504WA15385,1,9,0,18,0,1,0,0,0,0,1,1,1,3,-1,-1,-1,-1,-1,-1,-1,-1
201504WA15386,1,9,0,18,7,1,0,0,7,0,1,1,6,1,80,11,1396,1,8,-1,-1,-1
201504WA15386,2,9,0,18,0,2,0,0,0,0,1,1,6,2,24,5,1242,1,-1,-1,1,-1
201504WA15387,1,9,0,9,0,4,0,0,0,0,1,1,6,1,67,10,1870,2,11,-1,1,-1
201504WA15387,2,9,0,18,0,4,0,0,0,0,1,1,6,2,35,6,1360,1,10,-1,1,-1
201504WA15388,1,9,0,17,0,0,5,4,0,0,1,1,6,1,22,5,1390,1,7,-1,2,-1
201504WA15388,2,9,0,2,4,0,0,0,0,0,3,1,6,3,-1,-1,1389,1,18,-1,-1,-1
201504WA15389,1,9,0,18,0,0,0,0,0,0,1,1,6,2,28,6,1590,1,12,-1,1,-1
201504WA15389,2,9,0,4,0,0,0,0,0,0,2,1,6,2,59,9,1242,1,2,-1,1,-1
201504WA15391,1,9,0,4,0,0,0,0,0,0,1,1,6,2,59,9,1600,1,10,-1,1,-1
201504WA15391,2,9,0,3,0,0,0,0,0,0,2,1,6,2,51,8,1896,2,14,-1,1,-1
201504WA15392,1,9,0,6,0,0,0,0,0,0,3,1,6,2,45,7,1560,2,7,-1,1,-1
201504WA15392,2,9,0,13,0,0,0,0,0,0,1,1,6,2,38,7,1968,2,5,-1,3,-1
201504WA15393,1,9,0,5,0,8,0,0,0,0,1,1,6,1,85,11,1388,1,3,-1,3,-1
201504WA15393,2,9,0,18,0,8,0,0,0,0,1,1,6,2,71,10,1229,1,9,-1,1,-1
201504WA15394,1,8,0,18,0,0,0,0,0,0,4,1,1,1,62,9,1997,2,7,-1,1,-1
201504WA15395,1,3,0,18,0,0,0,0,0,0,1,1,4,1,19,4,124,1,9,-1,1,-1
201504WA15396,1,9,0,9,0,8,0,0,0,0,1,1,6,1,47,8,1461,2,1,-1,1,-1
201504WA15397,1,9,0,4,0,0,0,0,0,0,1,1,6,1,86,11,1598,2,4,-1,1,-1
201504WA15397,2,9,0,4,0,0,0,0,0,0,2,1,6,1,69,10,1398,2,1,-1,1,-1
201504WA15397,3,9,0,4,0,0,0,0,0,0,2,1,6,2,59,9,1242,1,7,-1,1,-1
201504WA15399,1,9,0,18,0,0,0,0,0,0,4,1,6,1,29,6,1598,1,10,-1,1,-1
201504WA15400,1,9,0,5,0,1,0,0,0,0,4,1,2,2,48,8,1242,1,1,-1,-1,-1
201504WA15401,1,9,0,18,0,0,2,0,1,0,1,1,6,1,40,7,-1,-1,-1,-1,1,-1
201504WA15401,2,9,0,2,0,0,1,0,1,10,3,1,6,2,-1,-1,1388,1,12,-1,1,-1
201504WA15401,3,9,0,2,0,0,0,0,0,0,2,1,6,1,-1,-1,998,1,14,-1,-1,-1
201504WA15401,4,9,0,2,0,0,0,0,0,0,2,1,6,1,-1,-1,1596,1,-1,-1,1,-1
201504WA15402,1,9,0,9,0,6,0,0,0,0,1,1,6,2,36,7,998,1,1,-1,1,-1
201504WA15402,2,9,0,18,0,8,0,0,0,0,1,1,6,2,50,8,1461,2,5,-1,-1,-1
201504WA15403,1,9,0,9,0,1,0,0,0,0,1,1,2,1,24,5,-1,-1,-1,-1,1,-1
201504WA15403,2,9,0,18,0,8,0,0,0,0,1,1,6,2,48,8,1240,1,8,-1,1,-1
201504WA15404,1,9,0,5,0,2,0,0,0,0,1,1,2,1,53,8,1796,1,5,-1,1,-1
201504WA15405,1,9,0,5,0,0,0,0,0,0,1,1,6,3,-1,-1,-1,-1,-1,-1,-1,-1
201504WA15406,1,8,0,7,0,1,0,0,0,0,1,1,1,1,20,4,1797,8,-1,-1,1,-1
201504WA15406,2,9,0,18,0,8,0,0,0,0,4,1,1,1,34,6,1349,1,1,-1,1,-1
201504WA15407,1,9,0,8,0,8,1,1,0,0,0,1,6,2,38,7,1870,2,12,-1,1,-1
201504WA15407,2,9,0,3,0,8,0,0,0,0,2,1,2,1,60,9,2143,2,2,-1,1,-1
201504WA15407,3,9,0,3,0,8,0,0,0,0,2,1,2,2,61,9,1598,1,1,-1,-1,-1
201504WA15408,1,9,0,5,0,8,0,0,0,0,4,1,6,1,20,4,1399,2,9,-1,1,-1
201504WA15408,2,9,0,18,0,1,0,0,0,0,1,1,6,1,30,6,2198,2,11,-1,1,-1
201504WA15409,1,9,0,18,0,0,0,0,0,0,1,1,6,2,26,6,1246,1,7,-1,1,-1
201504WA15409,2,9,0,3,0,0,0,0,0,0,2,1,6,2,20,4,1896,2,9,-1,-1,-1
201504WA15409,3,9,0,3,0,0,0,0,0,0,2,1,6,1,39,7,1956,2,6,-1,1,-1
201504WA15410,1,9,0,4,0,1,0,0,0,0,1,1,6,1,29,6,1598,1,8,-1,1,-1
201504WA15410,2,9,0,10,0,1,0,0,0,0,2,1,6,2,47,8,1596,1,9,-1,1,-1
201504WA15411,1,9,0,4,0,1,0,0,0,0,1,1,6,1,48,8,1299,1,11,-1,1,-1
201504WA15411,2,9,0,4,0,1,0,0,0,0,2,1,6,1,38,7,1596,1,14,-1,1,-1
201504WA15411,3,9,0,4,0,1,0,0,0,0,2,1,6,3,-1,-1,-1,-1,-1,-1,-1,-1
201504WA15411,4,9,0,3,0,1,0,0,0,0,0,1,6,3,-1,-1,-1,-1,-1,-1,-1,-1
201504WA15412,1,3,0,18,0,1,1,0,0,0,0,1,2,1,18,4,125,1,-1,-1,1,-1
201504WA15413,1,9,0,18,0,0,0,0,0,0,1,1,2,1,24,5,998,1,6,-1,1,-1
201504WA15414,1,19,0,18,0,6,0,0,0,0,1,1,1,1,52,8,1998,2,13,-1,1,-1
201504WA15414,2,9,0,18,0,6,0,0,0,0,2,1,2,2,47,8,1296,1,7,-1,1,-1
201504WA15415,1,9,0,18,0,0,0,0,0,0,1,1,6,2,45,7,1229,1,8,-1,1,-1
201504WA15416,1,9,0,4,0,4,0,0,0,0,1,1,2,1,38,7,1997,2,8,-1,1,-1
201504WA15416,2,9,0,3,0,4,0,0,0,0,2,1,6,2,48,8,1686,2,10,-1,2,-1
201504WA15417,1,9,0,18,0,0,0,0,0,0,1,1,1,2,26,6,-1,-1,-1,-1,1,-1
201504WA15417,2,9,0,18,0,0,0,0,0,0,2,1,1,2,44,7,1997,1,5,-1,1,-1
201504WA15418,1,9,0,10,0,8,0,0,0,0,1,1,6,1,47,8,2496,2,11,-1,1,-1
201504WA15418,2,9,0,18,0,1,0,0,0,0,1,1,2,1,62,9,1769,1,10,-1,1,-1
201504WA15419,1,9,0,5,0,1,0,0,0,0,1,1,6,2,56,9,1596,1,9,-1,1,-1
201504WA15419,2,9,0,4,0,1,0,0,0,0,2,1,6,2,63,9,1299,1,14,-1,1,-1
201504WA15420,1,9,0,9,0,1,0,0,0,0,4,1,6,1,48,8,1598,2,1,-1,1,-1
201504WA15420,2,1,0,18,0,1,0,0,0,0,1,1,6,1,43,7,-1,-1,-1,-1,1,-1
201504WA15421,1,9,0,9,0,1,0,0,0,0,4,1,6,1,63,9,1910,2,9,-1,1,-1
201504WA15422,1,90,0,18,0,8,0,0,0,0,1,1,6,1,36,7,-1,-1,-1,-1,-1,-1
201504WA15422,2,9,0,3,0,8,0,0,0,0,2,1,6,2,36,7,1587,1,10,-1,1,-1
201504WA15423,1,2,0,18,0,2,0,0,0,0,3,1,6,1,20,4,49,1,-1,-1,1,-1
201504WA15423,2,9,0,18,0,2,0,0,0,0,4,1,6,1,59,9,1198,1,-1,-1,1,-1
201504WA15424,1,9,0,18,0,0,0,0,0,0,1,1,2,2,34,6,1229,1,1,-1,1,-1
201504WA15424,2,9,0,3,0,0,0,0,0,0,2,1,6,1,31,6,2993,2,11,-1,3,-1
201504WA15425,1,9,0,9,0,8,0,0,0,0,3,1,6,1,22,5,-1,-1,-1,-1,1,-1
201504WA15425,2,9,0,18,0,1,0,0,0,0,4,1,6,2,51,8,1242,1,1,-1,2,-1
201504WA15425,3,9,0,18,0,1,0,0,0,0,1,1,6,1,37,7,1753,2,5,-1,2,-1
201504WA15426,1,10,0,5,0,8,0,0,0,0,1,1,3,1,54,8,-1,-1,-1,-1,1,-1
201504WA15428,1,9,0,17,0,0,0,0,1,10,1,1,6,1,18,4,973,1,13,-1,1,-1
201504WA15429,1,9,0,18,0,0,0,0,0,0,0,1,6,3,-1,-1,-1,-1,-1,-1,-1,-1
201504WA15430,1,9,0,18,0,0,0,0,0,0,1,1,6,3,64,9,1598,1,7,-1,-1,-1
201504WA15430,2,9,0,4,0,0,0,0,0,0,2,1,1,2,22,5,998,1,12,-1,2,-1
201504WA15430,3,9,0,4,0,0,0,0,0,0,2,1,6,3,64,9,-1,-1,-1,-1,-1,-1
201504WA15431,1,8,0,5,6,0,0,0,0,0,0,1,1,2,49,8,1998,2,10,-1,1,-1
201504WA15432,1,90,0,4,0,1,0,0,0,0,4,1,6,1,60,9,-1,-1,-1,-1,1,-1
201504WA15433,1,9,0,18,0,8,0,8,2,1,1,1,6,1,38,7,1368,1,6,-1,1,-1
201504WA15434,1,9,0,18,0,0,0,0,7,10,4,1,6,1,17,4,998,1,7,-1,1,-1
201504WA15435,1,9,0,18,0,1,0,0,0,0,1,1,2,2,30,6,1395,1,-1,-1,-1,-1
201504WA15436,1,3,0,18,0,1,0,0,0,0,1,1,6,2,19,4,125,1,-1,-1,1,-1
201504WA15436,2,9,0,9,0,8,0,0,0,0,1,1,1,2,55,8,2171,1,12,-1,1,-1
201504WA15437,1,9,0,5,0,1,0,0,0,0,1,1,6,2,35,6,1390,1,11,-1,1,-1
201504WA15438,1,9,0,18,0,3,0,0,0,0,4,1,6,3,-1,-1,-1,-1,-1,-1,-1,-1
201504WA15439,1,9,0,4,0,4,0,0,0,0,2,1,6,1,47,8,1796,1,14,-1,1,-1
201504WA15439,2,9,0,4,0,1,0,0,0,1,1,1,6,2,60,9,1329,1,3,-1,1,-1
201504WA15440,1,9,0,17,0,0,1,0,7,0,1,1,6,1,35,6,1598,1,9,-1,1,-1
201504WA15440,2,8,0,17,0,0,0,0,0,0,1,1,1,1,51,8,1242,1,7,-1,1,-1
201504WA15440,3,9,0,2,0,0,0,0,0,0,3,1,6,3,-1,-1,998,1,-1,-1,-1,-1
201504WA15440,4,9,0,2,0,0,0,0,0,0,1,1,6,3,-1,-1,1124,1,13,-1,-1,-1
201504WA15440,5,9,0,2,0,0,0,0,0,0,1,1,6,3,-1,-1,-1,-1,-1,-1,-1,-1
201504WA15441,1,8,0,18,0,8,0,0,0,0,1,1,1,1,59,9,2664,2,16,-1,1,-1
201504WA15441,2,9,0,18,0,8,0,0,0,0,4,1,6,1,28,6,1399,1,9,-1,1,-1
201504WA15441,3,9,0,2,0,2,0,0,0,0,2,1,6,3,-1,-1,1956,2,-1,-1,-1,-1
201504WA15441,4,9,0,2,0,2,0,0,0,0,4,1,6,3,-1,-1,1149,1,11,-1,-1,-1
201504WA15442,1,9,0,5,0,8,0,0,0,0,1,1,2,2,43,7,1587,1,13,-1,1,-1
201504WA15442,2,9,0,18,0,8,0,0,0,0,1,1,6,1,63,9,1598,2,1,-1,-1,-1
201504WA15443,1,9,0,18,0,1,0,0,0,0,4,1,6,1,23,5,1242,1,15,-1,1,-1
201504WA15444,1,9,0,18,0,0,1,0,0,0,1,1,2,1,19,4,1368,1,3,-1,2,-1
201504WA15444,2,9,0,18,0,0,0,0,1,10,1,1,6,2,52,8,1497,8,1,-1,3,-1
201504WA15445,1,9,0,18,0,0,0,0,0,0,1,1,6,1,18,4,1149,1,5,-1,1,-1
201504WA15446,1,9,0,18,0,4,2,9,0,0,1,1,6,1,34,6,1248,2,7,-1,-1,-1
201504WA15447,1,9,0,18,0,8,0,0,1,7,3,1,2,2,63,9,1198,1,12,-1,1,-1
201504WA15447,2,9,0,9,0,8,0,0,0,0,1,1,6,1,21,5,1242,1,9,-1,1,-1
201504WA15448,1,9,0,1,0,1,0,0,0,0,2,1,6,2,18,4,-1,-1,-1,-1,1,-1
201504WA15448,2,9,0,4,0,1,0,0,0,0,1,1,6,2,29,6,1242,1,9,-1,1,-1
201504WA15449,1,3,0,13,0,0,5,0,0,0,3,1,6,1,22,5,124,1,14,-1,1,-1
201504WA15449,2,9,0,18,0,0,0,0,0,0,3,1,6,1,41,7,1956,2,4,-1,1,-1
201504WA15450,1,9,0,9,0,8,0,0,0,0,3,1,6,1,81,11,1339,1,4,-1,1,-1
201504WA15450,2,9,0,18,0,1,0,0,0,0,1,1,6,1,23,5,1598,1,11,-1,1,-1
201504WA15451,1,9,0,7,0,8,0,0,0,0,0,1,6,1,40,7,1798,1,7,-1,1,-1
201504WA15451,2,1,0,18,0,8,0,0,0,0,0,1,2,1,54,8,-1,-1,-1,-1,1,-1
201504WA15452,1,9,0,18,0,0,0,0,0,0,1,1,6,1,80,11,1997,2,15,-1,2,-1
201504WA15452,2,9,0,10,0,0,0,0,0,0,2,1,6,1,23,5,1796,1,15,-1,1,-1
201504WA15453,1,9,0,16,0,0,1,0,1,4,3,1,1,1,22,5,1149,1,4,-1,-1,-1
201504WA15454,1,9,0,9,0,0,0,0,0,0,1,1,6,2,57,9,1598,1,13,-1,1,-1
201504WA15454,2,9,0,18,0,0,0,0,0,0,4,1,6,1,19,4,1686,2,10,-1,1,-1
201504WA15455,1,9,0,4,0,1,0,0,0,0,1,1,6,1,17,4,1229,1,7,-1,1,-1
201504WA15455,2,8,0,3,0,1,0,0,0,0,2,1,1,1,43,7,2664,2,17,-1,-1,-1
201504WA15456,1,9,0,5,0,8,0,0,0,0,1,1,1,1,37,7,1124,1,13,-1,1,-1
201504WA15456,2,9,0,18,0,8,0,0,0,0,3,1,1,2,25,5,1149,1,11,-1,1,-1
201504WA15457,1,9,0,18,0,0,0,0,0,0,1,1,6,2,21,5,1299,1,13,-1,1,-1
201504WA15458,1,18,1,18,0,0,0,0,0,0,1,1,1,1,64,9,-1,-1,-1,-1,-1,-1