Accident_Index,Vehicle_Reference,Vehicle_Type,Towing_and_Articulation,Vehicle_Manoeuvre,Vehicle_Location-Restricted_Lane,Junction_Location,Skidding_and_Overturning,Hit_Object_in_Carriageway,Vehicle_Leaving_Carriageway,Hit_Object_off_Carriageway,1st_Point_of_Impact,Was_Vehicle_Left_Hand_Drive?,Journey_Purpose_of_Driver,Sex_of_Driver,Age_of_Driver,Age_Band_of_Driver,Engine_Capacity_(CC),Propulsion_Code,Age_of_Vehicle,Driver_IMD_Decile,Driver_Home_Area_Type,Vehicle_IMD_Decile
201504WA15459,1,9,0,9,0,7,0,0,0,0,1,1,1,1,63,9,-1,-1,-1,-1,1,-1
201504WA15459,2,1,0,18,0,1,0,0,0,0,4,1,6,1,80,11,-1,-1,-1,-1,1,-1
201504WA15460,1,9,0,9,0,8,0,0,0,0,4,1,2,1,42,7,998,1,11,-1,1,-1
201504WA15460,2,9,0,18,0,8,0,0,0,0,1,1,6,2,58,9,1968,2,2,-1,3,-1
201504WA15461,1,9,0,9,0,1,0,0,0,0,1,1,6,1,68,10,1798,1,5,-1,1,-1
201504WA15462,1,9,0,4,0,1,0,0,0,0,1,1,6,1,38,7,1895,1,15,-1,1,-1
201504WA15462,2,9,0,3,0,1,0,0,0,0,2,1,6,2,40,7,1591,1,2,-1,1,-1
201504WA15463,1,9,0,18,0,8,0,0,0,0,4,1,6,1,47,8,2143,2,-1,-1,1,-1
201504WA15464,1,9,0,18,0,1,0,0,0,0,1,1,6,1,18,4,998,1,6,-1,1,-1
201504WA15464,2,9,0,3,0,1,0,0,0,0,2,1,6,1,24,5,1595,1,8,-1,1,-1
201504WA15465,1,9,0,9,0,8,0,0,0,0,4,1,6,1,46,8,1242,1,11,-1,1,-1
201504WA15465,2,9,0,18,0,8,0,0,0,0,1,1,6,2,18,4,1197,1,-1,-1,1,-1
201504WA15466,1,9,0,9,0,6,0,0,0,0,1,1,6,1,48,8,998,1,16,-1,1,-1
201504WA15467,1,9,0,7,0,6,0,0,0,0,1,1,6,1,37,7,1997,2,13,-1,3,-1
201504WA15467,2,9,0,18,0,2,0,0,7,0,4,1,6,2,88,11,1968,2,6,-1,1,-1
201504WA15467,3,9,0,18,1,1,0,0,0,10,1,1,6,1,24,5,1199,1,13,-1,1,-1
201504WA15468,1,19,0,18,0,0,0,0,0,0,4,1,1,1,46,8,1995,2,2,-1,-1,-1
201504WA15468,2,1,0,2,0,0,2,0,1,0,2,1,6,1,20,4,-1,-1,-1,-1,1,-1
201504WA15469,1,9,0,18,0,8,0,0,0,0,1,1,2,2,52,8,996,1,6,-1,1,-1
201504WA15469,2,9,0,5,0,8,0,0,0,0,4,1,6,1,20,4,1596,1,4,-1,1,-1
201504WA15470,1,9,0,18,0,0,1,0,0,0,1,1,6,2,41,7,1490,1,7,-1,1,-1
201504WA15470,2,9,0,18,0,0,0,0,0,0,2,1,1,1,31,6,1968,2,2,-1,1,-1
201504WA15470,3,9,0,4,0,0,0,0,0,0,2,1,1,2,53,8,-1,-1,-1,-1,1,-1
201504WA15470,4,9,0,4,0,0,0,0,0,0,1,1,6,1,55,8,1999,1,3,-1,1,-1
201504WA15470,5,19,0,18,0,0,0,0,0,0,0,1,1,1,42,7,2461,2,6,-1,1,-1
201504WA15471,1,9,0,9,0,8,0,0,0,0,1,1,6,1,44,7,-1,-1,-1,-1,1,-1
201504WA15471,2,1,0,18,0,8,0,0,0,0,3,1,2,2,18,4,-1,-1,-1,-1,1,-1
201504WA15472,1,9,0,9,0,8,0,0,0,0,3,1,6,1,36,7,1796,1,9,-1,1,-1
201504WA15472,2,1,0,18,0,8,2,0,0,0,1,1,6,1,31,6,-1,-1,-1,-1,1,-1
201504WA15474,1,9,0,18,0,1,0,0,0,0,2,1,6,2,21,5,2000,1,15,-1,1,-1
201504WA15474,2,9,0,18,0,1,0,0,0,0,2,1,6,3,-1,-1,-1,-1,-1,-1,-1,-1
201504WA15474,3,9,0,18,0,1,0,0,0,0,0,1,6,3,-1,-1,-1,-1,-1,-1,-1,-1
201504WA15475,1,9,0,18,0,0,0,0,0,0,0,1,6,1,20,4,1368,1,5,-1,1,-1
201504WA15475,2,19,0,18,0,0,0,0,0,0,1,1,1,1,38,7,-1,-1,-1,-1,1,-1
201504WA15476,1,9,0,9,0,8,0,0,0,0,1,1,6,2,39,7,1560,2,1,-1,1,-1
201504WA15476,2,1,0,18,0,1,0,0,1,0,3,1,6,2,39,7,-1,-1,-1,-1,1,-1
201504WA15477,1,9,0,9,0,8,0,0,0,0,4,1,6,3,-1,-1,-1,-1,-1,-1,-1,-1
201504WA15477,2,2,0,9,0,1,0,0,0,0,4,1,6,1,40,7,49,1,3,-1,1,-1
201504WA15478,1,90,0,9,0,6,0,0,0,0,1,1,1,1,53,8,-1,-1,-1,-1,-1,-1
201504WA15478,2,90,0,17,0,1,0,0,0,0,1,1,1,1,41,7,-1,-1,-1,-1,1,-1
201504WA15479,1,9,0,5,0,6,0,0,0,0,1,1,2,1,30,6,1797,8,4,-1,1,-1
201504WA15479,2,9,0,9,0,1,0,0,0,0,3,1,3,2,47,8,898,1,2,-1,1,-1
201504WA15480,1,9,0,4,0,0,1,0,0,0,1,1,2,1,55,8,1699,1,10,-1,1,-1
201504WA15481,1,9,0,5,0,2,0,0,0,0,2,1,6,1,53,8,1461,2,-1,-1,1,-1
201504WA15481,2,1,0,13,0,2,5,0,0,0,1,1,6,1,49,8,-1,-1,-1,-1,1,-1
201504WA15482,1,9,0,18,0,8,0,0,0,0,1,1,2,2,36,7,1149,1,7,-1,1,-1
201504WA15482,2,9,0,18,0,8,0,0,0,0,2,1,6,2,25,5,1596,1,8,-1,1,-1
201504WA15483,1,9,0,18,0,6,0,0,0,0,1,1,6,2,62,9,998,1,1,-1,1,-1
201504WA15483,2,9,0,18,0,8,0,0,0,0,1,1,6,1,71,10,1364,1,-1,-1,1,-1
201504WA15484,1,9,0,18,0,1,0,0,0,0,0,1,6,3,-1,-1,-1,-1,-1,-1,-1,-1
201504WA15485,1,9,0,5,0,4,0,0,0,0,1,1,6,1,55,8,-1,-1,-1,-1,1,-1
201504WA15485,2,9,0,3,0,4,0,0,0,0,0,1,2,1,31,6,1598,1,5,-1,1,-1
201504WA15486,1,9,0,4,2,0,0,0,0,0,1,1,6,2,54,8,998,1,9,-1,1,-1
201504WA15487,1,9,0,9,0,2,0,0,0,0,1,1,6,1,37,7,1299,1,12,-1,1,-1
201504WA15488,1,9,0,1,0,0,0,0,0,0,2,1,6,2,78,11,1248,1,3,-1,-1,-1
201504WA15488,2,9,0,2,0,0,0,0,0,0,2,1,1,1,43,7,2143,2,2,-1,3,-1
201504WA15489,1,3,0,17,0,1,0,0,0,0,1,1,6,1,46,8,-1,-1,-1,-1,-1,-1
201504WA15489,2,9,0,4,0,1,0,0,0,0,2,1,6,1,32,6,1910,2,10,-1,1,-1
201504WA15490,1,9,0,9,0,5,0,0,0,0,0,1,6,2,67,10,1386,1,7,-1,2,-1
201504WA15490,2,9,0,17,0,8,0,0,1,10,1,1,6,1,20,4,1598,1,10,-1,-1,-1
201504WA15491,1,9,0,18,0,8,0,0,1,1,1,1,6,2,62,9,1499,2,-1,-1,1,-1
201504WA15491,2,9,0,9,0,8,0,0,0,0,4,1,6,2,24,5,1198,1,10,-1,1,-1
201504WA15492,1,9,0,3,0,0,0,0,0,0,1,1,2,2,47,8,999,1,-1,-1,1,-1
201504WA15492,2,9,0,3,0,0,0,0,0,0,1,1,6,1,37,7,-1,-1,-1,-1,1,-1
201504WA15493,1,9,0,18,0,8,0,0,0,0,1,1,6,1,86,11,1997,1,12,-1,1,-1
201504WA15494,1,9,0,16,0,0,1,0,7,10,1,1,6,1,28,6,1596,1,9,-1,3,-1
201504WA15495,1,9,0,18,0,1,0,0,0,0,1,1,2,1,41,7,1390,1,12,-1,1,-1
201504WA15496,1,9,0,18,0,2,0,0,7,10,1,1,6,2,31,6,1910,2,10,-1,1,-1
201504WA15496,2,9,0,18,0,1,0,0,0,0,3,1,6,2,29,6,1199,1,14,-1,1,-1
201504WA15497,1,9,0,18,0,1,0,0,0,0,1,1,6,3,-1,-1,-1,-1,-1,-1,-1,-1
201504WA15497,2,1,0,18,0,2,0,0,0,0,2,1,6,1,15,3,-1,-1,-1,-1,1,-1
201504WA15498,1,9,0,9,9,8,0,0,1,1,1,1,6,1,84,11,1248,1,2,-1,1,-1
201504WA15499,1,9,0,18,0,4,5,9,3,10,1,1,6,1,53,8,1461,2,-1,-1,1,-1
201504WA15499,2,9,0,18,0,1,0,0,0,0,0,1,1,1,46,8,2993,2,1,-1,-1,-1
201504WA15500,1,9,0,18,0,0,0,0,0,0,0,1,6,3,-1,-1,-1,-1,-1,-1,-1,-1
201504WA15501,1,9,0,18,0,8,0,0,0,0,1,1,6,1,27,6,1995,2,2,-1,1,-1
201504WA15501,2,9,0,18,0,8,0,0,0,0,3,1,6,2,48,8,1598,1,3,-1,1,-1
201504WA15502,1,9,0,12,0,4,0,0,0,0,4,1,1,1,47,8,1995,2,5,-1,1,-1
201504WA15502,2,9,0,18,0,4,0,0,0,0,3,1,1,2,51,8,1242,1,1,-1,2,-1
201504WA15503,1,9,0,9,0,2,0,0,0,0,3,1,6,1,21,5,1229,1,2,-1,1,-1
201504WA15504,1,9,0,8,0,1,0,0,0,0,1,1,6,2,80,11,1124,1,13,-1,1,-1
201504WA15504,2,1,0,18,0,1,0,0,0,0,1,1,6,1,52,8,-1,-1,-1,-1,1,-1
201504WA15505,1,2,0,4,0,1,0,0,0,0,3,1,6,1,41,7,49,1,6,-1,1,-1
201504WA15505,2,9,0,18,0,1,0,0,0,0,0,1,6,1,50,8,1998,1,19,-1,1,-1
201504WA15505,3,9,0,18,0,8,0,0,0,0,0,1,1,1,31,6,-1,-1,-1,-1,-1,-1
201504WA15506,1,9,0,18,0,8,0,0,0,0,3,1,6,2,53,8,1339,1,11,-1,1,-1
201504WA15506,2,9,0,18,0,1,0,0,0,0,1,1,6,1,19,4,2495,2,12,-1,1,-1
201504WA15507,1,9,0,4,0,1,0,0,0,0,1,1,6,1,20,4,-1,-1,-1,-1,1,-1
201504WA15507,2,9,0,3,0,2,0,0,0,0,2,1,6,2,23,5,1124,1,9,-1,1,-1
201504WA15508,1,9,0,4,9,0,0,0,1,0,1,1,1,1,48,8,2993,2,3,-1,-1,-1
201504WA15509,1,9,0,5,9,0,0,0,0,0,1,1,6,1,23,5,1560,2,1,-1,1,-1
201504WA15509,2,9,0,18,0,0,0,0,0,0,1,1,6,1,22,5,1587,1,31,-1,1,-1
201504WA15509,3,9,0,2,0,0,0,0,0,0,2,1,6,1,54,8,1998,2,11,-1,1,-1
201504WA15509,4,9,0,2,0,0,0,0,0,0,3,1,6,2,23,5,1400,1,16,-1,1,-1
201504WA15510,1,9,0,18,0,6,0,0,0,0,4,1,6,2,85,11,1389,1,13,-1,1,-1
201504WA15510,2,9,0,18,0,8,0,0,0,0,3,1,1,1,52,8,1560,2,8,-1,1,-1
201504WA15511,1,9,0,9,0,6,0,0,0,0,0,1,2,2,25,5,1299,1,10,-1,1,-1
201504WA15511,2,2,0,18,0,8,0,0,0,0,3,1,4,1,16,4,49,1,-1,-1,1,-1
201504WA15512,1,9,0,7,0,6,0,0,0,0,1,1,6,2,70,10,1398,1,11,-1,1,-1
201504WA15512,2,1,0,18,0,8,0,0,0,0,4,1,2,2,33,6,-1,-1,-1,-1,1,-1
201504WA15513,1,9,0,9,0,4,0,0,0,0,1,1,2,2,24,5,1598,1,5,-1,1,-1
201504WA15513,2,11,0,18,0,4,0,0,0,0,3,1,1,1,45,7,4250,2,9,-1,1,-1
201504WA15514,1,9,0,9,0,0,0,0,0,0,3,1,6,1,72,10,1796,1,14,-1,2,-1
201504WA15514,2,8,0,18,0,0,0,0,0,0,1,1,1,1,59,9,1997,2,12,-1,1,-1
201504WA15515,1,3,0,4,0,8,1,4,0,0,3,1,2,1,45,7,124,1,4,-1,1,-1
201504WA15515,2,9,0,2,0,8,0,0,0,0,2,1,6,3,-1,-1,1587,1,9,-1,1,-1
201504WA15516,1,9,0,7,0,2,0,0,0,0,1,1,6,1,69,10,1364,1,-1,-1,1,-1
201504WA15517,1,9,0,9,0,6,0,0,0,0,1,1,6,1,28,6,2000,2,9,-1,1,-1
201504WA15517,2,9,0,18,0,8,0,0,0,0,4,1,6,1,69,10,1796,1,14,-1,1,-1
201504WA15518,1,9,0,18,0,0,0,0,7,10,1,1,6,2,48,8,1999,2,-1,-1,1,-1
201504WA15518,2,9,0,18,0,0,0,0,7,10,3,1,6,2,48,8,1399,2,8,-1,1,-1
201504WA15519,1,9,0,18,0,8,0,0,0,0,1,1,6,3,-1,-1,-1,-1,-1,-1,-1,-1
201504WA15520,1,9,0,18,0,2,0,0,0,0,3,1,6,2,24,5,1870,2,9,-1,1,-1
201504WA15520,2,9,0,18,0,1,0,0,0,0,1,1,6,1,54,8,-1,-1,-1,-1,1,-1
201504WA15521,1,90,0,9,0,1,0,0,0,0,4,1,6,1,21,5,-1,-1,-1,-1,1,-1
201504WA15521,2,2,0,18,0,1,0,0,0,0,4,1,6,1,20,4,49,1,-1,-1,1,-1
201504WA15522,1,9,0,7,0,2,0,0,0,0,2,1,6,2,64,9,1497,8,2,-1,1,-1
201504WA15522,2,1,0,18,0,1,0,0,0,0,1,1,6,1,25,5,-1,-1,-1,-1,1,-1
201504WA15523,1,9,0,9,0,8,0,0,1,0,4,1,6,1,21,5,1360,1,9,-1,3,-1
201504WA15523,2,9,0,18,0,8,0,0,0,0,1,1,6,2,57,9,1685,2,2,-1,1,-1
201504WA15524,1,21,0,18,0,5,0,0,0,0,1,1,1,1,45,7,-1,2,11,-1,1,-1
201504WA15524,2,9,0,10,0,5,0,0,0,0,2,1,6,2,59,9,1124,1,9,-1,1,-1
201504WA15525,1,9,0,18,0,8,1,0,1,2,3,1,6,1,29,6,1998,2,11,-1,1,-1
201504WA15526,1,8,0,9,0,3,0,0,0,0,1,1,1,1,49,8,1997,2,12,-1,1,-1
201504WA15527,1,9,0,18,0,0,0,0,0,0,1,1,6,1,38,7,1598,1,14,-1,1,-1
201504WA15528,1,9,0,5,0,1,0,0,0,0,3,1,6,1,55,8,1598,1,8,-1,1,-1
201504WA15529,1,9,0,18,0,1,0,0,0,0,1,1,6,1,21,5,998,1,15,-1,1,-1
201504WA15529,2,9,0,4,0,1,0,0,0,0,2,1,6,1,31,6,1242,1,-1,-1,1,-1
201504WA15530,1,9,0,18,0,2,0,0,1,10,1,1,6,1,86,11,1339,1,1,-1,1,-1
201504WA15531,1,9,0,18,0,2,0,0,0,0,4,1,6,1,18,4,998,1,3,-1,1,-1
201504WA15531,2,9,0,18,0,8,0,0,0,0,1,1,6,2,28,6,1796,1,11,-1,1,-1
201504WA15531,3,9,0,2,0,1,0,0,0,0,2,1,6,3,-1,-1,1794,1,14,-1,-1,-1
201504WA15532,1,9,0,7,0,8,0,0,0,0,1,1,6,1,18,4,998,1,23,-1,1,-1
201504WA15532,2,8,0,18,0,1,0,0,0,0,1,1,6,1,66,10,1753,2,7,-1,1,-1
201504WA15533,1,9,0,9,0,8,0,0,0,0,3,1,6,2,50,8,1796,1,10,-1,1,-1
201504WA15533,2,9,0,18,0,8,0,0,0,0,1,1,6,1,64,9,1995,2,2,-1,3,-1
201504WA15534,1,9,0,5,0,2,0,0,0,0,3,1,6,1,18,4,1198,1,2,-1,1,-1
201504WA15534,2,5,0,16,0,1,0,0,0,0,1,1,6,1,39,7,599,1,15,-1,1,-1
201504WA15535,1,9,0,9,0,8,0,0,0,0,1,1,6,1,50,8,1360,1,11,-1,1,-1
201504WA15535,2,9,0,18,0,8,0,0,0,0,1,1,6,1,67,10,-1,-1,-1,-1,1,-1
201504WA15536,1,9,0,9,0,8,0,0,0,0,1,1,6,3,-1,-1,-1,-1,-1,-1,-1,-1
201504WA15536,2,5,0,18,0,8,2,0,0,0,0,1,2,1,56,9,554,1,23,-1,1,-1
201504WA15537,1,9,0,4,0,1,0,0,0,0,1,1,6,1,45,7,1388,1,12,-1,1,-1
201504WA15537,2,90,0,10,0,1,0,0,0,0,2,1,1,1,42,7,-1,-1,-1,-1,3,-1
201504WA15538,1,9,0,3,0,0,0,0,0,0,1,1,6,1,72,10,-1,-1,-1,-1,1,-1
201504WA15539,1,2,0,13,0,1,0,0,0,0,1,1,2,1,16,4,49,1,1,-1,1,-1
201504WA15539,2,9,0,3,0,8,0,0,0,0,3,1,2,1,25,5,1229,1,2,-1,1,-1
201504WA15540,1,9,0,18,0,8,0,0,7,0,4,1,6,2,52,8,1753,2,17,-1,1,-1
201504WA15540,2,9,0,18,0,8,0,0,0,0,1,1,1,1,39,7,1598,1,12,-1,1,-1
201504WA15541,1,9,0,18,0,0,0,0,0,0,1,1,6,2,51,8,1997,2,11,-1,1,-1
201504WA15541,2,9,0,4,0,0,0,0,0,0,2,1,6,2,23,5,1240,1,10,-1,1,-1
201504WA15541,3,9,0,3,0,0,0,0,0,0,2,1,6,1,49,8,1398,1,4,-1,1,-1
201504WA15542,1,9,0,18,0,0,5,0,1,10,1,1,6,1,30,6,998,1,12,-1,1,-1
201504WA15543,1,9,0,1,0,0,0,0,0,0,4,1,6,1,31,6,1686,2,1,-1,1,-1
201504WA15543,2,1,0,18,0,0,0,0,0,0,1,1,6,2,9,2,-1,-1,-1,-1,1,-1
201504WB15001,1,9,0,18,0,0,0,4,0,0,1,1,6,2,58,9,-1,-1,-1,-1,1,-1
201504WB15001,2,9,0,2,0,0,0,0,0,0,2,1,6,2,-1,-1,2204,2,8,-1,1,-1
201504WB15002,1,9,0,7,0,6,0,0,0,0,1,1,6,1,55,8,1798,1,11,-1,2,-1
201504WB15002,2,1,0,18,0,2,0,0,0,0,2,1,2,1,49,8,-1,-1,-1,-1,2,-1
201504WB15003,1,9,0,9,0,5,0,0,0,0,1,1,6,2,37,7,998,1,15,-1,1,-1
201504WB15004,1,9,0,16,0,1,0,0,0,0,1,1,6,1,33,6,1896,2,13,-1,1,-1
201504WB15004,2,9,0,3,0,1,0,0,0,0,2,1,6,2,25,5,-1,-1,-1,-1,2,-1
201504WB15005,1,9,0,18,0,0,0,0,0,0,1,1,6,1,19,4,1248,1,5,-1,1,-1
201504WB15005,2,9,0,3,0,0,0,0,0,0,2,1,2,2,33,6,1422,2,6,-1,3,-1
201504WB15006,1,3,0,18,0,5,0,0,0,0,3,1,6,3,-1,-1,-1,-1,-1,-1,-1,-1
201504WB15006,2,1,0,18,0,5,0,0,0,0,3,1,2,1,27,6,-1,-1,-1,-1,1,-1
201504WB15007,1,9,0,18,0,6,0,0,0,0,3,1,6,1,71,10,1796,1,14,-1,3,-1
201504WB15007,2,90,0,18,0,8,0,0,0,0,1,1,6,2,30,6,-1,-1,-1,-1,3,-1
201504WB15008,1,8,0,18,0,1,1,0,0,0,1,1,1,1,52,8,1910,2,8,-1,1,-1
201504WB15009,1,3,0,4,0,0,1,0,0,0,0,1,1,1,22,5,124,1,9,-1,3,-1
201504WB15010,1,9,0,18,0,0,1,0,1,10,1,1,6,1,59,9,1799,1,8,-1,1,-1
201504WB15010,2,9,0,18,0,0,1,0,7,10,1,1,6,2,56,9,-1,-1,-1,-1,3,-1
201504WB15011,1,9,0,17,0,0,1,0,0,0,1,1,2,1,21,5,-1,-1,-1,-1,1,-1
201504WB15011,2,9,0,16,0,0,0,0,1,0,4,1,1,1,74,10,1910,2,11,-1,3,-1
201504WB15012,1,9,0,18,0,0,0,0,0,0,4,1,6,2,22,5,-1,-1,-1,-1,-1,-1
201504WB15012,2,1,0,18,0,0,0,0,0,0,1,1,6,1,46,8,-1,-1,-1,-1,-1,-1
201504WB15013,1,8,0,4,0,1,0,0,0,0,1,1,6,1,71,10,1896,2,8,-1,-1,-1
201504WB15013,2,9,0,3,0,1,0,0,0,0,2,1,6,1,47,8,2993,2,4,-1,1,-1
201504WB15014,1,21,1,11,0,0,0,0,0,0,4,1,1,1,57,9,12900,2,3,-1,1,-1
201504WB15014,2,9,0,18,0,0,1,0,5,6,3,1,6,1,63,9,-1,-1,-1,-1,1,-1
201504WB15015,1,9,0,18,0,0,0,0,0,0,1,1,1,1,43,7,2099,2,8,-1,1,-1
201504WB15015,2,9,0,18,0,0,0,0,5,6,2,1,1,1,48,8,1997,2,1,-1,1,-1
201504WB15016,1,9,0,4,0,0,0,0,0,0,1,1,1,1,28,6,1896,2,10,-1,1,-1
201504WB15016,2,9,0,4,0,0,0,0,0,0,2,1,6,1,43,7,-1,-1,-1,-1,1,-1
201504WB15016,3,9,0,4,0,0,0,0,0,0,2,1,6,1,60,9,1995,1,8,-1,1,-1
201504WB15017,1,9,0,9,0,8,0,0,0,0,1,1,6,1,67,10,1796,1,2,-1,3,-1
201504WB15018,1,9,0,9,0,5,0,0,0,0,1,1,6,2,73,10,1329,1,5,-1,1,-1
201504WB15018,2,9,0,18,0,8,0,0,0,0,1,1,6,1,53,8,-1,-1,-1,-1,-1,-1
201504WB15019,1,9,0,17,0,0,2,0,1,10,1,1,6,1,65,9,1988,2,12,-1,2,-1
201504WB15020,1,9,0,9,0,6,0,0,0,0,1,1,6,2,32,6,1596,1,6,-1,3,-1
201504WB15020,2,1,0,18,0,1,0,0,0,0,1,1,6,1,63,9,-1,-1,-1,-1,2,-1
201504WB15021,1,9,0,17,0,0,1,1,0,0,1,1,2,2,27,6,2959,2,10,-1,2,-1
201504WB15021,2,3,0,3,0,0,1,0,0,0,4,1,2,1,39,7,124,1,7,-1,2,-1
201504WB15022,1,9,0,4,0,6,0,0,1,0,1,1,6,2,70,10,1390,1,10,-1,1,-1
201504WB15022,2,9,0,18,0,8,0,0,1,0,3,1,6,1,49,8,1598,1,3,-1,-1,-1
201504WB15023,1,9,0,17,0,0,0,0,7,4,4,1,6,1,26,6,-1,-1,-1,-1,2,-1
201504WB15023,2,20,0,16,0,0,0,0,0,0,0,1,1,1,64,9,-1,-1,-1,-1,-1,-1
201504WB15024,1,9,0,16,0,0,1,0,1,4,1,1,6,2,35,6,1796,1,8,-1,2,-1
201504WB15025,1,9,0,9,0,8,0,0,0,0,1,1,6,1,21,5,1229,1,2,-1,1,-1
201504WB15025,2,9,0,18,0,8,0,0,0,0,1,1,6,2,33,6,1753,2,12,-1,1,-1
201504WB15026,1,11,0,14,0,0,0,0,0,0,1,1,1,1,22,5,6871,2,15,-1,1,-1
201504WB15026,2,9,0,5,0,0,0,0,0,0,3,1,6,1,75,10,2499,2,15,-1,1,-1
201504WB15028,1,90,0,18,0,0,0,0,0,0,3,1,6,3,-1,-1,-1,-1,-1,-1,-1,-1
201504WB15029,1,9,0,5,0,0,0,0,0,0,1,1,1,3,-1,-1,1968,2,6,-1,-1,-1
201504WB15029,2,9,0,2,0,0,0,0,0,0,0,1,6,1,68,10,2204,2,10,-1,2,-1
201504WB15030,1,9,0,17,0,0,5,0,0,10,4,1,1,1,18,4,-1,-1,-1,-1,1,-1
201504WB15031,1,9,0,18,0,0,0,0,0,0,1,1,6,2,-1,-1,-1,-1,-1,-1,-1,-1
201504WB15032,1,9,0,18,0,8,0,0,0,0,1,1,6,2,44,7,2972,1,15,-1,-1,-1
201504WB15033,1,5,0,18,0,1,5,0,0,0,1,1,6,1,25,5,600,1,14,-1,1,-1
201504WB15033,2,9,0,5,0,2,0,0,0,0,1,1,6,2,25,5,1956,2,2,-1,1,-1
201504WB15034,1,8,0,3,0,1,0,0,0,0,1,1,6,1,40,7,1910,2,6,-1,1,-1
201504WB15034,2,9,0,3,0,1,0,0,0,0,2,1,6,2,49,8,1900,2,15,-1,2,-1
201504WB15035,1,9,0,9,0,1,0,0,0,0,3,1,6,1,28,6,1149,1,7,-1,1,-1
201504WB15035,2,1,0,18,0,2,0,0,0,0,1,1,6,1,52,8,-1,-1,-1,-1,3,-1
201504WB15036,1,9,0,18,0,4,0,0,0,0,3,1,2,1,42,7,1753,2,6,-1,1,-1
201504WB15036,2,1,0,18,0,3,0,0,0,0,1,1,2,1,58,9,-1,-1,-1,-1,1,-1
201504WB15037,1,5,0,18,0,0,2,0,0,0,0,1,6,1,31,6,645,1,11,-1,1,-1
201504WB15038,1,9,0,9,0,0,2,0,8,0,1,1,6,1,86,11,-1,-1,-1,-1,3,-1
201504WB15039,1,9,0,7,0,3,1,0,2,6,1,1,6,2,23,5,-1,-1,-1,-1,1,-1
201504WB15040,1,9,0,13,0,0,0,0,0,0,1,1,6,1,30,6,1229,1,9,-1,2,-1
201504WB15040,2,9,0,18,0,0,0,0,0,0,2,1,2,2,41,7,-1,-1,-1,-1,1,-1
201504WB15041,1,9,0,9,0,5,1,0,0,0,1,1,6,1,22,5,1360,1,13,-1,1,-1
201504WB15041,2,9,0,18,0,8,1,10,1,10,1,1,1,2,32,6,1248,2,6,-1,-1,-1
201504WB15042,1,9,0,16,0,0,1,0,0,0,3,1,6,2,38,7,1149,1,5,-1,1,-1
201504WB15042,2,9,0,18,0,0,0,10,0,0,3,1,6,2,46,8,1199,1,12,-1,1,-1
201504WB15042,3,9,0,18,0,0,1,10,2,9,3,1,6,2,45,7,1968,2,1,-1,3,-1
201504WB15043,1,9,0,18,0,0,1,10,7,0,1,1,6,1,19,4,-1,-1,-1,-1,1,-1
201504WB15046,1,19,0,18,0,0,1,0,0,0,1,1,1,1,26,6,-1,-1,-1,-1,1,-1
201504WB15046,2,9,0,3,0,0,0,0,0,0,2,1,6,1,39,7,-1,-1,-1,-1,2,-1
201504WB15046,3,9,0,3,0,0,0,0,0,0,2,1,6,1,38,7,-1,-1,-1,-1,1,-1
201504WB15046,4,9,0,3,0,0,0,0,0,0,2,1,6,1,60,9,1968,2,1,-1,1,-1
201504WB15046,5,9,0,3,0,0,0,0,0,0,2,1,6,1,41,7,1596,1,1,-1,-1,-1
201504WB15046,6,9,0,3,0,0,0,0,0,0,2,1,6,2,54,8,1991,2,6,-1,3,-1
201504WB15046,7,9,0,3,0,0,0,0,0,0,2,1,6,2,54,8,1329,1,3,-1,1,-1
201504WB15047,1,9,0,18,0,0,2,11,2,10,0,1,6,1,58,9,-1,-1,-1,-1,-1,-1
201504WB15048,1,90,0,7,0,8,0,0,0,0,1,1,6,1,62,9,-1,-1,-1,-1,1,-1
201504WB15048,2,9,0,18,0,8,0,0,0,0,1,1,6,2,26,6,1995,1,11,-1,1,-1
201504WB15049,1,11,0,18,0,2,0,0,0,0,3,2,1,1,38,7,4580,2,7,-1,1,-1
201504WB15049,2,9,0,18,0,2,0,0,0,0,1,1,6,1,79,11,1197,1,2,-1,1,-1
201504WB15050,1,9,0,9,0,8,0,0,0,0,4,1,6,2,27,6,2993,2,3,-1,1,-1
201504WB15051,1,9,0,17,0,0,0,0,1,2,1,1,6,1,75,10,1598,2,2,-1,2,-1
201504WB15052,1,9,0,18,0,8,0,0,7,10,1,1,6,2,18,4,-1,-1,-1,-1,1,-1
201504WB15052,2,17,0,9,0,8,0,0,0,0,3,1,1,1,16,4,-1,-1,-1,-1,3,-1
201504WB15053,1,9,0,18,0,8,0,0,0,0,1,1,6,1,20,4,-1,-1,-1,-1,2,-1
201504WB15053,2,9,0,9,0,8,0,0,0,0,4,1,6,1,17,4,998,1,5,-1,1,-1
201504WB15054,1,9,0,4,0,1,0,0,0,0,1,1,6,2,30,6,1349,1,5,-1,1,-1
201504WB15054,2,9,0,4,0,1,0,0,0,0,2,1,6,2,63,9,2000,2,4,-1,2,-1
201504WB15055,1,9,0,17,0,0,1,0,1,4,1,1,6,1,21,5,2499,2,13,-1,1,-1
201504WB15056,1,9,0,18,0,1,0,0,0,0,1,1,6,2,76,11,1198,1,1,-1,1,-1
201504WB15056,2,9,0,18,0,1,0,0,0,0,2,1,6,1,69,10,-1,-1,-1,-1,1,-1
201504WB15056,3,9,0,18,0,1,0,0,0,0,2,1,6,2,52,8,1596,1,11,-1,1,-1
201504WB15057,1,9,0,18,0,1,0,0,0,0,1,1,6,1,27,6,1968,2,7,-1,1,-1
201504WB15057,2,5,0,18,0,1,0,0,0,0,2,1,6,1,40,7,636,1,10,-1,1,-1