Accident_Index,Vehicle_Reference,Vehicle_Type,Towing_and_Articulation,Vehicle_Manoeuvre,Vehicle_Location-Restricted_Lane,Junction_Location,Skidding_and_Overturning,Hit_Object_in_Carriageway,Vehicle_Leaving_Carriageway,Hit_Object_off_Carriageway,1st_Point_of_Impact,Was_Vehicle_Left_Hand_Drive?,Journey_Purpose_of_Driver,Sex_of_Driver,Age_of_Driver,Age_Band_of_Driver,Engine_Capacity_(CC),Propulsion_Code,Age_of_Vehicle,Driver_IMD_Decile,Driver_Home_Area_Type,Vehicle_IMD_Decile
201504WB15058,1,9,0,9,0,6,0,0,0,0,3,1,6,2,63,9,1339,1,8,-1,2,-1
201504WB15059,1,1,0,18,0,0,0,0,0,0,3,1,6,1,81,11,-1,-1,-1,-1,1,-1
201504WB15059,2,8,0,18,0,0,0,0,0,0,4,1,1,1,46,8,1968,2,11,-1,1,-1
201504WB15060,1,3,0,18,0,0,5,0,0,0,4,1,6,2,23,5,108,1,3,-1,1,-1
201504WB15060,2,21,1,18,0,0,0,0,0,0,3,1,1,1,46,8,-1,-1,-1,-1,-1,-1
201504WB15061,1,9,0,18,0,0,2,0,1,9,1,1,6,1,24,5,1598,1,4,-1,3,-1
201504WB15062,1,9,0,18,0,6,0,0,0,0,1,1,6,1,59,9,1396,1,13,-1,1,-1
201504WB15062,2,9,0,2,0,1,0,0,0,0,4,1,6,1,51,8,1390,1,11,-1,1,-1
201504WB15063,1,3,0,4,0,2,5,0,0,0,4,1,6,2,19,4,114,1,-1,-1,1,-1
201504WB15064,1,9,0,18,0,0,0,0,0,0,1,1,6,2,43,7,1461,2,5,-1,2,-1
201504WB15064,2,9,0,18,0,0,0,0,1,0,1,1,6,1,71,10,1560,2,8,-1,1,-1
201504WB15065,1,9,0,17,0,0,1,0,2,10,4,1,6,1,66,10,1834,1,14,-1,1,-1
201504WB15067,1,9,0,18,0,0,0,0,0,0,1,1,6,1,25,5,1753,2,8,-1,1,-1
201504WB15067,2,9,0,4,0,0,0,0,0,0,2,1,6,1,59,9,1968,2,11,-1,1,-1
201504WB15068,1,9,0,18,0,1,0,0,0,0,1,1,6,3,-1,-1,-1,-1,-1,-1,-1,-1
201504WB15068,2,1,0,16,0,1,0,0,0,0,2,1,1,1,24,5,-1,-1,-1,-1,1,-1
201504WB15069,1,9,0,18,0,0,0,0,0,0,1,1,6,1,33,6,-1,-1,-1,-1,1,-1
201504WB15069,2,9,0,4,0,0,0,0,0,0,2,1,3,2,45,7,1398,1,4,-1,1,-1
201504WB15070,1,9,0,9,0,8,0,0,7,0,4,1,2,2,28,6,-1,-1,-1,-1,1,-1
201504WB15070,2,9,0,18,0,8,0,0,0,0,1,1,6,1,34,6,1995,2,8,-1,1,-1
201504WB15071,1,9,0,13,0,0,0,0,0,0,1,1,1,1,49,8,-1,-1,-1,-1,1,-1
201504WB15071,2,21,1,16,0,0,0,0,0,0,3,1,1,1,49,8,12740,2,1,-1,3,-1
201504WB15071,3,9,0,17,0,0,0,0,1,0,1,1,6,1,62,9,1596,1,10,-1,2,-1
201504WB15074,1,9,0,18,0,0,0,0,0,0,1,1,6,2,35,6,1360,1,4,-1,2,-1
201504WB15075,1,9,0,18,0,4,0,0,0,0,1,1,2,2,47,8,1364,1,6,-1,1,-1
201504WB15075,2,1,0,9,0,4,0,0,0,0,1,1,2,1,40,7,-1,-1,-1,-1,1,-1
201504WB15076,1,9,0,18,0,8,0,0,3,0,1,1,6,1,21,5,1984,1,9,-1,1,-1
201504WB15076,2,9,0,18,0,2,0,0,7,10,4,1,6,1,54,8,-1,-1,-1,-1,1,-1
201504WB15077,1,9,0,13,0,0,0,0,0,0,4,1,6,1,74,10,1560,2,9,-1,3,-1
201504WB15077,2,1,0,18,0,0,0,0,0,0,3,1,6,1,58,9,-1,-1,-1,-1,3,-1
201504WB15078,1,9,0,18,0,0,0,0,0,0,1,1,6,3,-1,-1,-1,-1,-1,-1,-1,-1
201504WB15078,2,90,0,5,0,0,0,0,0,0,4,1,6,2,68,10,-1,3,-1,-1,1,-1
201504WB15079,1,9,0,18,0,0,1,0,4,6,1,1,6,1,31,6,2204,2,7,-1,-1,-1
201504WB15079,2,19,0,18,0,0,0,1,0,0,4,1,2,1,40,7,1995,2,7,-1,1,-1
201504WB15079,3,9,0,18,0,0,1,1,0,0,1,1,2,1,39,7,1798,1,3,-1,3,-1
201504WB15080,1,9,0,18,0,0,0,0,0,0,0,1,6,3,-1,-1,-1,-1,-1,-1,-1,-1
201504WB15080,2,9,0,16,0,0,5,0,8,4,0,1,2,2,20,4,-1,-1,-1,-1,2,-1
201504WB15081,1,9,0,18,0,8,0,0,0,0,1,1,6,1,55,8,1956,2,1,-1,1,-1
201504WB15081,2,9,0,18,0,1,0,0,0,0,3,1,6,1,28,6,1587,1,12,-1,1,-1
201504WB15081,3,9,0,2,0,1,0,0,0,0,3,1,6,1,56,9,1794,1,10,-1,-1,-1
201504WB15083,1,9,0,18,0,0,0,0,0,0,1,1,6,1,17,4,-1,-1,-1,-1,1,-1
201504WB15083,2,9,0,2,0,0,0,0,1,2,2,1,6,2,57,9,1747,1,14,-1,1,-1
201504WB15084,1,9,4,4,0,2,0,0,0,0,1,1,1,1,20,4,2495,2,9,-1,2,-1
201504WB15084,2,9,0,4,0,1,0,0,0,0,2,1,6,1,32,6,2979,1,11,-1,1,-1
201504WB15085,1,9,0,3,0,2,0,0,0,0,2,1,6,1,34,6,1560,2,2,-1,1,-1
201504WB15085,2,9,0,9,0,2,0,0,0,0,1,1,6,1,60,9,-1,-1,-1,-1,1,-1
201504WB15086,1,1,0,18,5,0,0,0,0,0,1,1,6,3,-1,-1,-1,-1,-1,-1,-1,-1
201504WB15087,1,9,0,18,0,0,1,0,0,0,1,2,6,2,25,5,-1,-1,-1,-1,-1,-1
201504WB15087,2,9,0,18,0,0,1,0,0,0,1,1,6,2,59,9,-1,-1,-1,-1,2,-1
201504WB15088,1,1,0,9,0,1,2,0,0,0,1,1,6,1,61,9,-1,-1,-1,-1,3,-1
201504WB15088,2,9,0,7,0,5,0,0,0,0,1,1,6,1,39,7,1798,1,2,-1,1,-1
201504WB15089,1,9,0,9,0,8,0,0,0,0,0,1,6,2,72,10,1596,1,8,-1,1,-1
201504WB15089,2,11,0,5,0,8,0,0,0,0,0,1,6,1,28,6,6700,2,4,-1,1,-1
201504WB15090,1,9,0,5,0,6,0,0,0,0,3,1,6,1,19,4,1339,1,2,-1,1,-1
201504WB15090,2,1,0,18,0,8,0,0,0,0,1,1,6,1,19,4,-1,-1,-1,-1,-1,-1
201504WB15091,1,9,0,4,0,8,1,0,0,0,1,1,6,2,23,5,1598,2,3,-1,1,-1
201504WB15091,2,21,0,4,0,8,0,0,0,0,2,1,1,1,61,9,7698,2,1,-1,1,-1
201504WB15092,1,9,0,9,0,5,0,0,0,0,4,1,6,1,37,7,1587,1,10,-1,3,-1
201504WB15092,2,21,0,18,0,8,0,0,0,0,1,1,1,1,46,8,10837,2,9,-1,3,-1
201504WB15094,1,21,0,9,0,6,0,0,0,0,3,1,1,1,61,9,11021,2,11,-1,1,-1
201504WB15094,2,9,0,18,0,1,0,0,0,0,1,1,6,1,45,7,1896,2,13,-1,3,-1
201504WB15095,1,9,0,7,0,1,0,0,0,0,1,1,6,2,53,8,1998,1,11,-1,-1,-1
201504WB15095,2,1,0,18,0,1,0,0,0,0,2,1,6,1,59,9,-1,-1,-1,-1,2,-1
201504WB15096,1,9,0,18,0,8,0,0,0,0,1,1,6,2,20,4,1242,1,6,-1,2,-1
201504WB15096,2,9,0,18,0,8,0,0,0,0,1,1,6,1,23,5,1560,2,4,-1,1,-1
201504WB15097,1,9,0,9,0,6,0,0,0,0,1,1,6,1,77,11,1299,1,10,-1,3,-1
201504WB15097,2,9,0,18,0,8,0,0,0,0,1,1,6,2,35,6,1753,2,8,-1,1,-1
201504WB15098,1,9,0,15,0,1,1,0,8,4,1,1,6,2,53,8,-1,-1,-1,-1,1,-1
201504WB15098,2,9,0,9,0,8,0,0,0,0,3,1,6,1,23,5,1596,1,10,-1,1,-1
201504WB15099,1,1,0,12,0,8,0,0,0,0,4,1,2,1,23,5,-1,-1,-1,-1,1,-1
201504WB15099,2,9,0,18,0,8,0,0,0,0,4,1,6,2,48,8,1598,1,11,-1,2,-1
201504WB15102,1,9,0,7,0,8,0,0,0,0,1,1,6,1,20,4,-1,-1,-1,-1,1,-1
201504WB15102,2,8,0,18,0,1,0,0,0,0,1,1,1,1,46,8,1968,2,8,-1,1,-1
201504WB15103,1,3,0,4,0,1,1,0,0,0,3,1,1,2,17,4,124,1,15,-1,2,-1
201504WB15104,1,9,0,18,0,0,1,0,2,9,4,1,6,1,17,4,-1,-1,-1,-1,2,-1
201504WB15105,1,3,0,17,0,1,1,0,2,2,1,1,6,1,22,5,125,1,4,-1,1,-1
201504WB15106,1,9,0,9,0,6,0,0,0,0,1,1,6,1,79,11,1399,2,11,-1,3,-1
201504WB15106,2,3,0,18,0,1,1,0,0,0,1,1,6,1,20,4,124,1,5,-1,1,-1
201504WB15107,1,9,0,17,0,0,2,0,1,10,1,1,6,1,28,6,-1,-1,-1,-1,1,-1
201504WB15108,1,9,0,13,0,8,0,0,1,10,1,1,6,1,29,6,1242,1,1,-1,1,-1
201504WB15108,2,9,0,9,0,5,0,0,0,0,3,1,6,1,51,8,1995,1,9,-1,1,-1
201504WB15109,1,9,0,18,0,8,0,0,0,0,1,1,6,2,27,6,1582,2,5,-1,1,-1
201504WB15109,2,9,0,4,0,8,0,0,0,0,2,1,6,1,-1,-1,-1,-1,-1,-1,-1,-1
201504WB15110,1,9,0,18,0,0,1,0,1,10,1,1,6,1,20,4,1398,2,13,-1,1,-1
201504WB15110,2,9,0,18,0,0,0,0,0,0,2,1,6,1,41,7,2488,2,9,-1,1,-1
201504WB15110,3,21,0,18,0,0,1,0,7,10,1,1,1,1,54,8,-1,2,11,-1,1,-1
201504WB15110,4,9,0,18,0,0,1,0,1,10,3,1,1,1,33,6,-1,-1,-1,-1,1,-1
201504WB15111,1,9,0,4,0,0,0,0,0,0,1,1,6,1,23,5,1994,1,14,-1,3,-1
201504WB15111,2,9,0,9,0,0,0,0,0,0,2,1,6,2,45,7,1796,1,12,-1,2,-1
201504WB15112,1,9,0,18,0,0,0,11,7,2,1,1,6,2,77,11,1339,1,11,-1,1,-1
201504WB15113,1,9,0,18,0,0,2,12,8,10,3,1,6,1,48,8,1389,1,21,-1,2,-1
201504WB15114,1,9,0,18,0,0,0,0,0,0,2,1,2,1,24,5,1560,2,6,-1,1,-1
201504WB15114,2,90,0,18,0,0,0,0,0,0,3,1,1,1,32,6,2970,2,2,-1,1,-1
201504WB15115,1,3,0,13,0,0,0,0,0,0,1,1,6,1,18,4,124,1,2,-1,1,-1
201504WB15116,1,9,0,18,0,0,1,0,5,6,3,1,1,1,38,7,-1,-1,-1,-1,1,-1
201504WB15117,1,5,0,18,0,2,1,0,0,0,0,1,6,1,63,9,998,1,5,-1,2,-1
201504WB15118,1,9,0,17,0,4,0,0,1,0,1,1,6,2,29,6,1798,1,8,-1,1,-1
201504WB15118,2,9,0,17,0,8,0,0,1,0,4,1,6,2,65,9,-1,-1,-1,-1,1,-1
201504WB15119,1,1,0,7,0,0,2,0,7,0,3,1,6,1,20,4,-1,-1,-1,-1,1,-1
201504WB15120,1,11,0,18,0,0,0,0,0,0,1,1,6,1,36,7,4580,2,5,-1,1,-1
201504WB15121,1,90,0,18,0,0,0,0,0,0,1,1,6,1,77,11,-1,-1,-1,-1,2,-1
201504WB15121,2,9,0,3,0,0,0,0,0,0,2,1,6,1,52,8,2401,2,13,-1,3,-1
201504WB15122,1,9,0,9,0,1,0,0,0,0,1,1,6,1,17,4,-1,-1,-1,-1,1,-1
201504WB15122,2,3,0,18,0,1,0,0,0,0,1,1,6,1,18,4,124,1,3,-1,1,-1
201504WB15122,3,9,0,3,0,1,0,0,0,0,3,1,6,1,37,7,1956,2,2,-1,1,-1
201504WB15123,1,9,0,18,0,0,0,0,0,0,4,1,6,1,32,6,1390,1,11,-1,1,-1
201504WB15124,1,1,0,18,0,0,0,0,0,0,0,1,2,1,37,7,-1,-1,-1,-1,2,-1
201504WB15125,1,9,0,9,0,8,0,0,0,0,1,1,6,1,23,5,1149,1,12,-1,1,-1
201504WB15125,2,9,0,18,0,8,0,0,0,0,1,1,6,2,50,8,1599,1,7,-1,2,-1
201504WB15126,1,9,0,5,0,1,0,0,0,0,1,1,6,1,19,4,1360,1,9,-1,3,-1
201504WB15127,1,9,0,4,0,0,0,0,0,0,1,1,6,2,48,8,1986,2,9,-1,1,-1
201504WB15127,2,9,0,4,0,0,0,0,0,0,2,1,6,2,64,9,1368,1,7,-1,1,-1
201504WB15128,1,9,0,4,0,1,0,0,0,0,1,1,6,2,33,6,1781,1,12,-1,1,-1
201504WB15128,2,9,0,3,0,1,0,0,0,0,2,1,2,2,23,5,1242,1,2,-1,1,-1
201504WB15129,1,9,5,9,0,6,0,0,0,0,3,1,6,2,63,9,2926,2,12,-1,1,-1
201504WB15129,2,9,0,17,0,1,0,0,0,0,4,1,6,1,66,10,1339,1,6,-1,1,-1
201504WB15130,1,9,0,5,0,6,0,0,0,0,3,1,6,1,27,6,973,1,16,-1,2,-1
201504WB15130,2,9,0,18,0,1,0,0,0,0,1,1,6,2,19,4,-1,-1,-1,-1,3,-1
201504WB15131,1,90,0,3,0,0,0,0,0,0,1,1,6,2,38,7,-1,-1,-1,-1,1,-1
201504WB15131,2,90,0,3,0,0,0,0,0,0,2,1,6,1,51,8,-1,-1,-1,-1,1,-1
201504WB15132,1,8,0,18,0,0,0,0,0,0,0,1,1,1,45,7,1997,2,10,-1,1,-1
201504WB15133,1,9,0,5,0,2,0,0,0,0,2,1,6,1,80,11,1229,1,2,-1,3,-1
201504WB15133,2,9,0,18,0,8,0,0,0,0,1,1,6,2,37,7,1489,1,18,-1,3,-1
201504WB15133,3,9,0,10,0,1,0,0,0,0,0,1,6,3,-1,-1,-1,-1,-1,-1,-1,-1
201504WB15134,1,9,0,14,0,0,0,0,0,0,1,1,6,2,20,4,1598,1,11,-1,1,-1
201504WB15134,2,9,0,14,0,0,0,0,0,0,1,1,6,1,45,7,1397,1,6,-1,1,-1
201504WB15134,3,9,0,3,0,0,0,0,0,0,2,1,6,1,39,7,1995,2,-1,-1,1,-1
201504WB15135,1,9,0,18,0,8,0,0,0,0,1,1,6,2,48,8,1396,1,6,-1,1,-1
201504WB15135,2,9,0,18,0,8,0,0,0,0,2,1,6,1,47,8,2435,1,11,-1,1,-1
201504WB15135,3,9,0,18,0,8,0,11,0,0,2,1,6,2,59,9,1900,2,11,-1,1,-1
201504WB15136,1,9,0,9,0,8,0,0,0,0,1,1,6,1,61,9,1596,1,9,-1,1,-1
201504WB15136,2,9,0,16,0,8,0,0,0,0,1,1,6,2,37,7,1248,1,3,-1,-1,-1
201504WB15137,1,9,0,9,0,0,0,0,0,0,0,1,6,1,32,6,1396,1,1,-1,1,-1
201504WB15137,2,9,0,18,0,0,0,0,0,0,0,1,6,1,24,5,1560,2,4,-1,2,-1
201504WB15138,1,5,0,18,0,0,2,0,0,0,0,1,6,1,59,9,647,1,16,-1,1,-1
201504WB15139,1,9,0,9,0,8,0,0,0,0,1,1,6,1,52,8,1956,2,1,-1,3,-1
201504WB15139,2,1,0,18,0,8,0,0,0,0,1,1,2,1,49,8,-1,-1,-1,-1,1,-1
201504WB15140,1,9,0,9,0,2,0,0,0,0,1,1,6,1,88,11,1329,1,-1,-1,1,-1
201504WB15140,2,9,0,18,0,1,0,0,0,0,4,1,6,2,33,6,1598,1,10,-1,1,-1
201504WB15141,1,9,0,17,0,0,5,10,1,4,1,1,6,1,19,4,1242,1,6,-1,-1,-1
201504WB15142,1,9,0,17,0,0,0,0,1,10,3,1,6,1,17,4,1124,1,10,-1,2,-1
201504WB15143,1,9,0,11,7,0,0,0,1,4,1,1,6,1,75,10,1388,1,10,-1,1,-1
201504WB15144,1,9,0,3,0,1,0,0,0,0,1,1,2,1,22,5,1360,1,16,-1,1,-1
201504WB15144,2,9,0,3,0,1,0,0,0,0,2,1,6,2,47,8,1197,1,1,-1,1,-1
201504WB15145,1,9,0,18,0,1,0,0,7,10,3,1,6,1,33,6,2198,1,10,-1,2,-1
201504WB15146,1,9,0,9,0,8,0,0,0,0,1,1,6,1,29,6,1781,1,17,-1,1,-1
201504WB15146,2,9,0,18,0,1,0,0,0,0,3,1,6,1,34,6,1461,2,4,-1,1,-1
201504WB15147,1,9,0,4,0,0,0,0,0,0,1,1,6,2,74,10,1339,1,3,-1,1,-1
201504WB15147,2,19,0,4,0,0,0,0,0,0,2,1,6,1,47,8,2496,2,19,-1,1,-1
201504WB15148,1,9,0,9,0,8,0,0,0,0,1,1,6,1,46,8,1124,1,12,-1,-1,-1
201504WB15148,2,5,0,5,0,8,0,0,0,0,4,1,6,1,32,6,996,1,15,-1,1,-1
201504WB15149,1,8,0,16,0,8,0,0,0,0,1,1,1,1,41,7,1560,2,7,-1,1,-1
201504WB15149,2,19,0,17,0,8,0,0,0,0,1,1,1,1,31,6,1248,2,4,-1,1,-1
201504WB15150,1,9,0,18,0,1,0,0,1,10,1,1,6,1,19,4,1988,1,14,-1,-1,-1
201504WB15150,2,9,0,18,0,1,0,0,0,0,2,1,6,1,44,7,1396,1,6,-1,1,-1
201504WB15151,1,9,0,18,0,0,0,0,0,0,2,1,6,2,65,9,1198,1,2,-1,1,-1
201504WB15152,1,21,1,16,0,0,0,0,0,0,3,1,6,3,-1,-1,-1,-1,-1,-1,-1,-1
201504WB15152,2,5,0,17,0,0,0,0,1,0,0,1,6,1,49,8,929,1,14,-1,1,-1
201504WB15152,3,5,0,17,0,0,2,0,1,9,1,1,6,1,51,8,1195,1,6,-1,2,-1
201504WB15153,1,9,0,18,0,8,0,0,0,0,0,1,6,1,72,10,1587,1,13,-1,2,-1
201504WB15153,2,9,0,18,0,1,0,0,3,10,1,1,2,1,43,7,1995,2,7,-1,1,-1
201504WB15154,1,9,0,18,0,0,5,0,1,0,1,1,6,2,20,4,1199,1,14,-1,1,-1
201504WB15156,1,9,0,18,0,1,0,0,0,0,0,1,6,1,18,4,1124,1,15,-1,3,-1
201504WB15156,2,9,0,9,0,6,0,0,0,0,2,1,6,2,33,6,999,1,1,-1,1,-1
201504WB15158,1,9,0,18,0,1,2,0,0,0,1,1,6,2,24,5,-1,-1,-1,-1,1,-1
201504WB15159,1,9,0,18,0,0,1,0,2,10,1,1,6,1,18,4,1199,1,11,-1,-1,-1
201504WB15160,1,9,0,16,0,0,0,0,7,0,1,1,2,1,24,5,1598,1,10,-1,1,-1
201504WB15160,2,11,0,16,0,0,0,0,0,0,3,1,1,1,61,9,-1,2,16,-1,1,-1
201504WB15161,1,9,0,18,0,0,0,0,0,0,1,1,6,2,67,10,1587,1,11,-1,1,-1
201504WB15161,2,9,0,3,0,0,0,0,0,0,2,1,6,2,56,9,1598,1,12,-1,1,-1
201504WB15161,3,9,0,3,0,0,0,0,0,0,2,1,6,1,24,5,1388,1,13,-1,1,-1
201504WB15161,4,9,0,3,0,0,0,0,0,0,2,1,6,1,27,6,1399,2,11,-1,1,-1
201504WB15162,1,9,0,9,0,8,0,0,1,2,1,1,6,1,29,6,1584,1,8,-1,1,-1
201504WB15163,1,90,0,5,0,1,0,0,0,0,0,1,1,3,-1,-1,-1,-1,-1,-1,-1,-1
201504WB15163,2,11,0,4,2,1,0,0,0,0,0,1,1,1,27,6,-1,-1,-1,-1,1,-1
201504WB15164,1,9,0,5,0,6,0,0,0,0,1,1,6,2,82,11,1997,2,16,-1,1,-1
201504WB15164,2,1,0,18,0,1,0,0,0,0,1,1,6,1,33,6,-1,-1,-1,-1,3,-1
201504WB15165,1,9,0,7,0,2,0,0,0,0,1,1,6,3,-1,-1,-1,-1,-1,-1,-1,-1
201504WB15165,2,1,0,7,0,2,0,0,0,0,2,1,1,2,19,4,-1,-1,-1,-1,1,-1
201504WB15166,1,9,0,16,0,0,5,0,7,9,1,1,6,1,22,5,1242,1,14,-1,3,-1
201504WB15167,1,8,0,18,0,5,0,0,0,0,0,1,1,1,64,9,1560,2,7,-1,1,-1
201504WB15167,2,9,0,7,0,2,0,0,0,0,0,1,6,3,-1,-1,-1,-1,-1,-1,-1,-1
201504WB15168,1,9,0,13,0,1,0,0,0,0,1,1,6,1,75,10,1997,1,10,-1,2,-1
201504WB15168,2,1,0,9,0,5,0,0,0,0,2,1,2,1,52,8,-1,-1,-1,-1,1,-1
201504WB15169,1,9,0,5,0,0,0,0,0,0,3,1,6,3,64,9,1796,1,6,-1,-1,-1
201504WB15169,2,1,0,15,0,0,0,0,0,0,4,1,6,1,42,7,-1,-1,-1,-1,1,-1
201504WB15170,1,9,0,18,0,0,5,10,0,2,1,1,6,2,75,10,1328,1,11,-1,2,-1
201504WB15171,1,3,0,13,0,8,5,4,0,0,1,1,6,1,61,9,99,1,34,-1,1,-1
201504WB15171,2,17,4,18,0,8,0,0,0,0,0,1,1,1,71,10,-1,-1,-1,-1,3,-1
201504WB15171,3,9,0,2,0,8,1,0,0,0,2,1,6,3,-1,-1,1198,1,13,-1,-1,-1
201504WB15172,1,9,0,18,0,8,0,0,0,0,1,1,6,2,56,9,1598,1,13,-1,1,-1
201504WB15172,2,9,0,10,0,8,0,0,0,0,1,1,1,1,26,6,1753,2,6,-1,3,-1
201504WB15173,1,9,0,17,0,0,2,0,1,10,4,1,6,2,29,6,1997,2,13,-1,-1,-1
201504WB15174,1,9,0,18,0,0,1,0,0,0,1,1,6,1,59,9,1896,2,12,-1,1,-1
201504WB15174,2,9,0,2,0,0,0,0,7,0,2,1,6,1,23,5,-1,-1,-1,-1,-1,-1
201504WB15175,1,9,0,16,0,0,0,0,1,9,1,1,6,1,30,6,1339,1,1,-1,1,-1
201504WB15175,2,9,0,17,0,0,1,0,0,0,1,1,6,1,31,6,-1,-1,-1,-1,1,-1
201504WB15176,1,9,0,16,0,0,1,0,0,4,1,1,2,1,18,4,1390,1,14,-1,1,-1
201504WB15177,1,19,0,18,0,0,5,0,6,6,3,1,6,1,20,4,2402,2,14,-1,1,-1
201504WB15178,1,9,0,17,0,0,2,0,7,4,1,1,2,1,24,5,1597,1,20,-1,3,-1
201504WB15179,1,9,0,17,0,3,1,0,1,4,1,1,6,3,-1,-1,2000,2,4,-1,-1,-1
201504WB15180,1,9,0,10,0,6,0,0,0,0,4,1,1,2,33,6,1396,1,14,-1,3,-1
201504WB15180,2,3,0,18,0,1,0,0,0,0,1,1,1,1,20,4,124,1,13,-1,1,-1
201504WB15181,1,5,0,17,0,0,0,4,0,0,1,1,6,1,26,6,599,1,9,-1,2,-1
201504WB15181,2,9,0,2,0,0,0,0,0,0,2,1,6,3,-1,-1,1229,1,10,-1,-1,-1
201504WB15182,1,5,0,18,0,0,2,4,0,0,1,1,6,1,29,6,599,1,14,-1,-1,-1
201504WB15182,2,9,0,14,0,0,0,0,0,0,1,1,6,1,86,11,2987,2,9,-1,1,-1
201504WB15182,3,9,0,2,0,0,0,0,0,0,1,1,6,2,43,7,998,1,24,-1,2,-1
201504WB15183,1,9,0,16,0,0,1,0,7,10,1,1,6,1,17,4,1299,1,15,-1,1,-1
201504WB15184,1,9,0,11,0,0,0,0,0,0,0,1,6,1,60,9,-1,-1,-1,-1,2,-1
201504WB15184,2,9,0,18,0,0,0,0,0,0,4,1,6,1,55,8,1560,2,3,-1,1,-1
201504WB15184,3,9,0,18,0,0,0,0,0,7,3,1,6,1,35,6,2495,2,15,-1,1,-1
201504WB15185,1,9,0,9,0,5,0,0,0,0,3,1,6,1,83,11,1591,1,1,-1,1,-1
201504WB15185,2,3,0,18,0,1,0,0,0,0,4,1,6,1,18,4,124,1,1,-1,1,-1
201504WB15186,1,9,0,5,0,6,0,0,7,10,1,1,6,2,75,10,1196,1,19,-1,1,-1
201504WB15186,2,9,0,18,0,8,0,0,0,0,1,1,6,2,45,7,-1,-1,-1,-1,1,-1
201504WB15187,1,9,0,16,0,0,1,0,8,0,1,1,6,2,34,6,3200,2,9,-1,1,-1
201504WB15187,2,9,0,18,0,0,0,0,2,10,3,1,6,1,27,6,1956,2,1,-1,2,-1
201504WB15188,1,9,0,17,0,0,1,0,2,10,1,1,6,1,22,5,1590,1,11,-1,1,-1
201504WB15189,1,9,0,18,0,0,1,0,1,10,1,1,6,1,22,5,1968,2,1,-1,-1,-1
201504WB15190,1,9,0,18,0,0,0,0,0,0,4,1,6,1,83,11,1783,1,14,-1,1,-1
201504WB15191,1,9,0,4,0,1,0,0,0,0,1,1,1,2,39,7,1499,2,1,-1,1,-1
201504WB15191,2,9,0,5,0,6,0,0,0,0,1,1,3,2,48,8,1560,2,1,-1,-1,-1
201504WB15192,1,9,0,3,0,0,0,0,0,0,4,1,6,3,-1,-1,-1,-1,-1,-1,-1,-1
201504WB15192,2,3,0,3,0,0,0,0,0,0,4,1,1,1,43,7,-1,-1,-1,-1,1,-1
201504WB15193,1,9,0,9,0,5,0,0,1,0,4,1,6,1,26,6,998,1,15,-1,3,-1
201504WB15193,2,9,0,18,0,8,1,0,0,0,1,1,6,1,29,6,-1,-1,-1,-1,1,-1
201504WB15194,1,21,5,9,0,5,0,0,0,0,4,1,1,1,48,8,10677,2,-1,-1,1,-1
201504WB15194,2,9,0,2,0,1,0,0,0,0,2,2,3,1,73,10,-1,-1,-1,-1,2,-1
201504WB15195,1,90,3,18,0,0,3,0,1,7,1,1,6,1,61,9,-1,-1,-1,-1,1,-1
201504WB15196,1,19,0,18,0,1,0,0,0,0,1,1,6,1,25,5,2400,2,11,-1,1,-1
201504WB15196,2,9,0,3,0,1,0,0,0,0,2,1,6,2,28,6,1242,1,12,-1,1,-1
201504WB15197,1,1,0,18,0,1,2,0,0,0,1,1,2,1,35,6,-1,-1,-1,-1,1,-1
201504WB15197,2,9,0,7,0,5,0,0,0,0,2,1,6,1,56,9,1149,1,4,-1,1,-1
201504WB15198,1,9,0,5,0,8,0,0,0,0,3,1,6,1,81,11,1769,1,11,-1,1,-1
201504WB15198,2,9,0,18,0,8,0,0,0,0,1,1,6,1,43,7,1399,2,12,-1,3,-1
201504WB15199,1,19,0,18,0,8,0,0,0,0,1,1,1,2,45,7,-1,-1,-1,-1,1,-1
201504WB15199,2,9,0,18,0,2,0,0,0,0,4,1,6,1,67,10,1598,2,1,-1,3,-1
201504WB15200,1,9,0,18,0,6,0,0,0,1,4,1,6,1,48,8,1896,2,12,-1,-1,-1
201504WB15200,2,9,0,18,0,8,0,0,0,0,1,1,6,2,27,6,1360,1,16,-1,1,-1
201504WB15201,1,5,0,13,0,0,0,0,0,0,4,1,6,1,43,7,659,1,3,-1,1,-1
201504WB15201,2,1,0,9,0,0,0,0,0,0,3,1,6,1,46,8,-1,-1,-1,-1,3,-1
201504WB15201,3,5,0,13,0,0,0,0,0,0,0,1,6,2,40,7,953,1,6,-1,1,-1
201504WB15202,1,21,1,17,0,8,0,0,0,0,3,1,1,1,47,8,12900,2,1,-1,-1,-1
201504WB15202,2,5,0,17,0,8,0,0,0,0,4,1,6,1,63,9,999,1,4,-1,1,-1
201504WB15203,1,8,0,7,4,5,0,0,0,0,4,1,1,1,64,9,-1,-1,-1,-1,-1,-1
201504WB15203,2,8,0,18,4,8,0,0,0,0,3,1,2,1,30,6,-1,-1,-1,-1,1,-1
201504WB15204,1,19,0,18,0,8,1,0,0,0,1,1,6,1,55,8,1896,2,6,-1,2,-1
201504WB15204,2,9,0,5,0,8,0,0,0,0,3,1,6,1,26,6,-1,-1,-1,-1,1,-1
201504WB15205,1,9,0,9,0,6,0,0,0,0,1,1,6,2,42,7,2993,2,5,-1,3,-1
201504WB15205,2,9,0,18,0,8,0,0,7,10,1,1,6,2,22,5,1598,1,6,-1,2,-1
201504WB15206,1,9,0,18,0,0,0,0,0,0,0,1,6,2,26,6,1364,2,8,-1,2,-1