Accident_Index,Vehicle_Reference,Vehicle_Type,Towing_and_Articulation,Vehicle_Manoeuvre,Vehicle_Location-Restricted_Lane,Junction_Location,Skidding_and_Overturning,Hit_Object_in_Carriageway,Vehicle_Leaving_Carriageway,Hit_Object_off_Carriageway,1st_Point_of_Impact,Was_Vehicle_Left_Hand_Drive?,Journey_Purpose_of_Driver,Sex_of_Driver,Age_of_Driver,Age_Band_of_Driver,Engine_Capacity_(CC),Propulsion_Code,Age_of_Vehicle,Driver_IMD_Decile,Driver_Home_Area_Type,Vehicle_IMD_Decile
201504WB15206,2,9,0,18,0,0,0,0,0,0,0,1,6,2,38,7,-1,-1,-1,-1,3,-1
201504WB15207,1,9,0,4,0,1,0,0,0,0,1,1,6,3,-1,-1,-1,-1,-1,-1,-1,-1
201504WB15208,1,19,0,18,0,1,1,0,0,0,1,1,6,3,-1,-1,-1,-1,-1,-1,-1,-1
201504WB15208,2,9,0,18,0,1,0,0,0,0,2,1,6,1,79,11,1461,2,5,-1,1,-1
201504WB15209,1,5,0,18,0,0,0,0,0,0,0,1,6,1,52,8,1157,1,9,-1,1,-1
201504WB15210,1,9,0,18,0,0,1,11,1,0,1,1,6,2,53,8,1299,1,10,-1,1,-1
201504WB15211,1,9,0,18,0,0,1,0,1,4,1,1,6,1,17,4,1399,2,9,-1,3,-1
201504WB15211,2,9,0,18,0,0,1,0,1,4,2,1,6,1,26,6,1995,2,9,-1,1,-1
201504WB15211,3,21,0,18,0,0,1,0,0,0,1,1,1,1,46,8,4500,2,-1,-1,1,-1
201504WB15212,1,8,0,5,0,6,0,0,0,0,1,1,6,1,36,7,1798,1,6,-1,2,-1
201504WB15212,2,1,0,18,0,1,0,0,0,0,4,1,2,2,45,7,-1,-1,-1,-1,2,-1
201504WB15213,1,9,0,18,0,0,0,0,0,0,1,1,2,1,46,8,1360,1,12,-1,1,-1
201504WB15213,2,9,0,18,0,0,0,0,0,0,3,1,2,2,30,6,1595,1,8,-1,1,-1
201504WB15214,1,9,0,18,0,2,0,0,0,0,1,1,6,1,63,9,2435,1,14,-1,1,-1
201504WB15214,2,1,0,18,0,1,0,0,0,0,1,1,6,2,71,10,-1,-1,-1,-1,1,-1
201504WB15215,1,9,0,1,9,0,0,0,0,0,2,1,6,2,38,7,1596,1,8,-1,1,-1
201504WB15216,1,9,0,18,0,8,0,0,0,0,1,1,6,1,48,8,1990,1,8,-1,1,-1
201504WB15216,2,9,0,18,0,8,0,0,0,0,3,1,6,1,35,6,1968,2,-1,-1,3,-1
201504WB15217,1,9,0,16,0,0,0,0,7,10,1,1,6,2,79,11,-1,-1,-1,-1,-1,-1
201504WB15219,1,9,0,13,0,0,0,0,0,0,4,1,6,2,45,7,2435,1,13,-1,1,-1
201504WB15219,2,9,0,18,0,0,0,0,0,0,1,1,6,1,25,5,1850,1,16,-1,1,-1
201504WB15220,1,90,0,9,0,5,0,0,0,0,0,1,6,3,-1,-1,-1,-1,-1,-1,-1,-1
201504WB15220,2,3,0,18,0,8,1,0,0,0,4,1,2,1,22,5,124,1,6,-1,1,-1
201504WB15221,1,8,0,17,0,0,5,0,1,9,1,1,1,1,72,10,1910,2,10,-1,1,-1
201504WB15222,1,9,0,18,0,4,0,0,0,0,0,1,6,3,-1,-1,-1,-1,-1,-1,-1,-1
201504WB15222,2,9,0,9,0,8,0,0,0,0,2,1,6,2,53,8,1124,1,13,-1,1,-1
201504WB15222,3,9,0,9,0,8,0,0,0,0,1,1,1,2,40,7,1598,2,2,-1,1,-1
201504WB15223,1,5,0,16,0,0,2,0,7,0,1,1,6,1,42,7,998,1,12,-1,3,-1
201504WB15224,1,9,0,18,0,0,0,0,0,0,1,1,6,1,46,8,1560,2,9,-1,1,-1
201504WB15224,2,9,0,18,0,0,0,0,0,0,2,1,6,1,25,5,1596,1,10,-1,1,-1
201504WB15225,1,9,0,18,0,1,0,0,0,10,1,1,6,2,20,4,1598,1,12,-1,2,-1
201504WB15226,1,9,0,18,0,8,0,0,0,0,3,1,6,1,40,7,1797,8,4,-1,1,-1
201504WB15226,2,9,0,18,0,8,0,0,0,0,1,1,1,1,54,8,1798,1,2,-1,1,-1
201504WB15227,1,3,0,17,0,0,0,0,1,9,1,1,6,1,18,4,125,1,-1,-1,2,-1
201504WB15227,2,9,0,16,0,0,0,0,0,0,0,1,6,1,24,5,1149,1,5,-1,2,-1
201504WB15228,1,9,0,3,0,1,0,0,0,0,1,1,6,3,-1,-1,-1,-1,-1,-1,-1,-1
201504WB15228,2,9,0,7,0,2,0,0,0,0,3,1,6,1,70,10,1997,2,11,-1,1,-1
201504WB15229,1,8,0,18,0,8,0,0,0,0,1,1,1,1,50,8,1896,2,8,-1,1,-1
201504WB15229,2,9,0,18,0,1,0,0,0,0,2,1,6,1,27,6,1995,2,7,-1,1,-1
201504WB15230,1,9,0,18,0,0,0,0,0,0,1,1,6,2,75,10,1497,1,11,-1,1,-1
201504WB15231,1,9,0,5,0,0,0,0,0,0,1,1,1,1,45,7,-1,-1,-1,-1,1,-1
201504WB15231,2,9,0,18,0,0,0,0,0,0,3,1,6,2,47,8,1461,2,7,-1,1,-1
201504WB15233,1,9,0,18,0,0,0,0,0,0,4,1,6,3,-1,-1,-1,-1,-1,-1,-1,-1
201504WB15233,2,1,0,18,0,0,0,0,0,0,3,1,6,2,47,8,-1,-1,-1,-1,3,-1
201504WB15234,1,9,0,18,0,8,1,0,0,0,1,1,2,1,29,6,1248,2,6,-1,1,-1
201504WB15234,2,9,0,18,0,8,1,0,0,0,3,1,2,2,30,6,1248,2,4,-1,1,-1
201504WB15235,1,9,0,18,0,1,1,0,0,0,1,1,2,1,35,6,1598,1,7,-1,2,-1
201504WB15235,2,9,0,18,0,1,2,0,0,0,3,1,6,1,74,10,1398,1,3,-1,1,-1
201504WB15236,1,11,0,4,0,8,0,0,0,0,1,1,1,1,55,8,6871,2,15,-1,1,-1
201504WB15237,1,1,0,4,0,0,0,0,7,10,1,1,6,1,24,5,-1,-1,-1,-1,1,-1
201504WB15238,1,9,0,16,0,0,1,0,1,10,3,1,6,1,27,6,1598,1,24,-1,1,-1
201504WB15239,1,9,0,18,0,1,0,0,0,0,1,1,6,2,75,10,1396,1,11,-1,2,-1
201504WB15240,1,3,0,18,0,8,0,0,0,0,1,1,6,1,25,5,124,1,10,-1,1,-1
201504WB15240,2,9,0,18,0,8,0,0,0,0,3,1,6,2,29,6,1199,1,11,-1,1,-1
201504WB15241,1,19,0,18,0,1,1,0,0,0,1,1,1,1,38,7,2953,2,11,-1,1,-1
201504WB15241,2,9,0,4,0,1,0,0,0,0,2,1,6,1,51,8,2987,2,8,-1,-1,-1
201504WB15242,1,9,0,18,0,1,0,0,0,0,4,1,6,1,19,4,998,1,10,-1,2,-1
201504WB15243,1,9,0,18,0,6,0,0,0,0,4,1,6,1,75,10,1591,1,3,-1,1,-1
201504WB15243,2,2,0,18,0,8,0,0,0,0,1,1,6,1,16,4,49,1,13,-1,1,-1
201504WB15244,1,9,0,18,0,0,0,0,0,0,1,1,6,1,18,4,1299,1,14,-1,3,-1
201504WB15244,2,9,0,3,0,0,0,0,0,0,1,1,6,1,52,8,1364,2,5,-1,3,-1
201504WB15245,1,9,0,10,0,8,0,0,0,0,4,1,3,2,24,5,1390,1,11,-1,1,-1
201504WB15245,2,9,0,18,0,8,1,4,0,0,2,1,6,1,19,4,-1,-1,-1,-1,1,-1
201504WB15246,1,9,0,18,0,1,0,0,0,0,1,1,6,2,32,6,-1,-1,-1,-1,-1,-1
201504WB15246,2,9,0,7,0,1,0,0,0,0,2,1,6,2,66,10,999,1,3,-1,3,-1
201504WB15247,1,1,0,18,0,0,0,11,0,0,1,1,1,2,53,8,-1,-1,-1,-1,1,-1
201504WB15248,1,9,0,18,0,0,1,0,7,0,1,1,6,2,25,5,1796,1,12,-1,1,-1
201504WB15249,1,90,0,9,0,2,0,0,0,0,3,1,6,1,73,10,-1,-1,-1,-1,1,-1
201504WB15249,2,3,0,14,0,2,0,0,7,0,4,1,6,1,49,8,125,1,51,-1,1,-1
201504WB15251,1,8,0,18,0,8,1,0,0,0,3,1,1,1,-1,-1,1896,2,7,-1,2,-1
201504WB15251,2,9,0,8,0,1,0,0,0,0,1,1,1,2,38,7,1560,2,2,-1,2,-1
201504WB15252,1,9,0,18,0,0,0,0,0,0,1,1,6,1,77,11,1598,1,8,-1,1,-1
201504WB15252,2,9,0,10,0,0,0,0,0,0,2,1,6,2,43,7,1242,1,9,-1,3,-1
201504WB15253,1,1,0,17,0,0,1,12,0,0,1,1,6,1,47,8,-1,-1,-1,-1,1,-1
201504WB15254,1,1,0,18,0,0,0,0,0,0,1,1,6,1,21,5,-1,-1,-1,-1,1,-1
201504WB15254,2,9,0,18,0,0,0,0,0,0,4,1,6,1,57,9,1796,1,9,-1,1,-1
201504WB15255,1,9,0,9,0,5,0,0,0,0,1,1,6,1,20,4,1560,2,2,-1,2,-1
201504WB15255,2,1,0,18,4,1,0,0,0,0,0,1,2,1,55,8,-1,-1,-1,-1,2,-1
201504WB15256,1,9,0,18,0,4,0,0,0,0,1,1,6,2,36,7,1796,1,1,-1,1,-1
201504WB15256,2,9,0,18,0,3,0,0,0,0,4,1,3,2,33,6,1360,1,14,-1,1,-1
201504WB15257,1,9,0,17,0,0,0,0,0,0,1,1,6,2,46,8,-1,-1,-1,-1,2,-1
201504WB15257,2,9,0,17,0,0,0,0,1,0,1,1,6,1,54,8,1796,1,13,-1,1,-1
201504WB15258,1,3,0,18,0,0,1,0,0,0,0,1,6,1,17,4,125,1,9,-1,2,-1
201504WB15259,1,9,0,2,0,2,0,0,0,0,3,1,1,1,49,8,-1,-1,-1,-1,1,-1
201504WB15259,2,1,0,14,0,1,5,0,0,0,1,1,6,1,49,8,-1,-1,-1,-1,-1,-1
201504WB15260,1,9,0,18,0,0,5,4,0,0,1,1,2,1,25,5,1349,1,5,-1,-1,-1
201504WB15260,2,9,0,2,0,0,0,0,0,0,2,1,6,3,-1,-1,1149,1,14,-1,-1,-1
201504WB15261,1,17,4,1,0,5,0,0,0,0,0,1,1,1,20,4,-1,2,7,-1,3,-1
201504WB15261,2,3,0,18,0,1,0,0,0,0,0,1,6,2,42,7,124,1,15,-1,3,-1
201504WB15262,1,1,0,16,5,8,0,0,0,0,1,1,2,1,45,7,-1,-1,-1,-1,-1,-1
201504WB15263,1,19,0,18,0,0,0,0,0,0,1,1,1,1,61,9,1968,2,1,-1,1,-1
201504WB15263,2,21,1,18,0,0,0,0,0,0,2,1,1,1,53,8,11700,2,7,-1,-1,-1
201504WB15264,1,20,0,4,0,0,0,0,0,0,1,1,1,1,63,9,5193,2,7,-1,2,-1
201504WB15264,2,19,0,4,0,0,0,0,0,0,2,1,6,3,-1,-1,2402,2,11,-1,-1,-1
201504WB15264,3,9,0,4,0,0,0,0,0,0,2,1,6,2,55,8,1197,1,1,-1,1,-1
201504WB15264,4,9,0,4,0,0,0,0,0,0,2,1,6,2,34,6,2926,2,10,-1,1,-1
201504WB15266,1,1,0,18,0,0,5,0,1,0,0,1,6,1,57,9,-1,-1,-1,-1,2,-1
201504WB15267,1,9,0,17,0,0,2,0,7,10,1,1,6,1,17,4,1388,1,12,-1,3,-1
201504WB15267,2,9,0,17,0,0,0,0,0,0,3,1,6,2,28,6,1560,2,5,-1,1,-1
201504WB15268,1,5,0,17,0,0,0,0,1,0,3,1,6,1,64,9,1450,1,11,-1,3,-1
201504WB15268,2,9,0,16,0,0,0,0,0,0,3,1,2,1,20,4,998,1,5,-1,1,-1
201504WB15269,1,19,0,9,0,6,0,0,0,0,1,1,1,1,39,7,2198,2,5,-1,1,-1
201504WB15269,2,21,0,18,0,8,0,0,0,0,4,1,1,1,52,8,12900,2,7,-1,2,-1
201504WB15270,1,9,0,18,0,8,0,0,0,0,1,1,6,2,54,8,1910,2,10,-1,1,-1
201504WB15270,2,9,4,18,0,8,0,0,0,0,1,1,6,1,57,9,1956,2,2,-1,1,-1
201504WB15271,1,9,0,18,0,0,0,0,0,0,1,1,6,1,66,10,1998,1,11,-1,1,-1
201504WB15271,2,9,0,3,0,0,0,0,0,0,2,1,6,1,44,7,1198,1,1,-1,1,-1
201504WB15272,1,9,0,9,0,5,0,0,0,0,3,1,6,2,90,11,1149,1,11,-1,1,-1
201504WB15272,2,5,0,14,0,1,0,0,0,0,4,1,6,1,44,7,998,1,9,-1,1,-1
201504WB15273,1,9,0,18,0,2,0,0,0,0,3,1,6,1,35,6,2000,2,10,-1,1,-1
201504WB15274,1,9,0,5,0,6,0,0,0,0,3,1,6,2,82,11,1560,2,1,-1,1,-1
201504WB15274,2,9,0,18,0,8,0,0,0,0,1,1,6,2,29,6,1560,2,2,-1,-1,-1
201504WB15275,1,9,0,16,0,0,0,0,0,0,1,1,6,1,18,4,1360,1,12,-1,1,-1
201504WB15275,2,9,0,17,0,0,0,0,0,0,1,1,2,2,23,5,1242,1,3,-1,3,-1
201504WB15276,1,9,0,6,8,0,0,0,0,0,3,1,6,2,79,11,1298,1,6,-1,3,-1
201504WB15276,2,9,0,18,0,0,0,0,0,0,1,1,6,1,67,10,2720,2,10,-1,3,-1
201504WB15277,1,3,0,18,0,8,0,0,0,0,1,1,6,1,18,4,125,1,6,-1,1,-1
201504WB15277,2,9,0,18,0,8,0,0,0,0,2,1,2,1,33,6,-1,-1,-1,-1,-1,-1
201504WB15278,1,9,0,18,0,0,0,0,0,0,4,1,6,3,-1,-1,-1,-1,-1,-1,-1,-1
201504WB15279,1,11,0,18,0,0,0,0,0,4,1,1,1,1,26,6,6871,2,15,-1,1,-1
201504WB15281,1,9,0,18,0,0,0,0,7,0,4,1,6,1,25,5,1596,1,15,-1,3,-1
201504WB15281,2,9,0,18,0,0,0,0,0,0,1,1,2,2,23,5,1900,2,9,-1,1,-1
201504WB15282,1,9,0,18,0,0,1,0,1,10,1,1,6,1,21,5,1997,2,7,-1,1,-1
201504WB15283,1,5,0,16,0,0,0,0,0,0,3,1,6,3,-1,-1,-1,-1,-1,-1,-1,-1
201504WB15283,2,9,0,17,0,0,0,0,0,0,3,1,6,1,34,6,3239,1,18,-1,1,-1
201504WB15283,3,9,0,17,0,0,0,0,0,0,3,1,6,2,53,8,-1,-1,-1,-1,-1,-1
201504WB15284,1,5,0,13,0,8,5,10,7,10,1,1,6,1,44,7,1285,1,-1,-1,2,-1
201504WB15284,2,8,0,9,0,8,2,10,7,10,3,1,6,1,18,4,1124,1,13,-1,3,-1
201504WB15286,1,9,0,1,0,0,0,0,0,0,4,1,6,3,-1,-1,-1,-1,-1,-1,-1,-1
201504WB15287,1,1,0,9,0,8,5,0,0,0,1,1,6,1,55,8,-1,-1,-1,-1,1,-1
201504WB15287,2,3,0,18,0,8,5,0,0,0,1,1,6,1,53,8,124,1,3,-1,-1,-1
201504WB15288,1,9,0,3,0,1,0,0,0,0,1,1,6,2,48,8,1973,1,16,-1,3,-1
201504WB15288,2,9,0,3,0,1,0,0,0,0,2,1,6,2,27,6,999,1,1,-1,1,-1
201504WB15289,1,9,0,18,0,0,0,0,0,0,1,1,6,3,-1,-1,-1,-1,-1,-1,-1,-1
201504WB15289,2,1,0,18,0,0,0,0,0,0,3,1,6,1,38,7,-1,-1,-1,-1,-1,-1
201504WB15291,1,90,0,17,0,0,0,0,1,0,3,2,6,1,59,9,-1,-1,-1,-1,-1,-1
201504WB15291,2,9,0,16,0,0,1,0,0,0,3,1,6,1,23,5,1242,1,14,-1,1,-1
201504WB15292,1,9,0,17,0,0,0,0,1,2,1,1,6,1,34,6,1796,1,10,-1,1,-1
201504WB15293,1,9,0,1,9,6,0,0,0,0,2,1,6,2,35,6,1991,2,8,-1,3,-1
201504WB15294,1,9,0,9,0,0,0,0,0,0,3,1,6,2,80,11,1968,2,8,-1,-1,-1
201504WB15294,2,1,0,9,0,0,0,0,0,0,2,1,6,2,77,11,-1,-1,-1,-1,3,-1
201504WB15295,1,9,4,18,0,0,3,0,2,0,4,1,6,1,66,10,2495,2,21,-1,2,-1
201504WB15296,1,9,0,18,0,0,0,4,0,2,1,1,6,1,17,4,1390,1,9,-1,3,-1
201504WB15296,2,9,0,2,0,0,0,0,0,0,2,1,6,3,-1,-1,1299,1,12,-1,-1,-1
201504WB15297,1,9,0,4,0,1,0,0,0,0,4,1,6,1,81,11,1560,2,3,-1,1,-1
201504WB15298,1,9,0,18,0,0,0,0,0,0,0,1,6,3,-1,-1,-1,-1,-1,-1,-1,-1
201504WB15298,2,19,0,18,0,0,0,0,1,0,1,1,6,1,27,6,2463,2,9,-1,-1,-1
201504WB15299,1,9,0,16,0,0,2,0,1,4,1,1,6,1,20,4,1753,2,11,-1,3,-1
201504WB15299,2,9,0,18,0,0,0,0,0,0,0,1,6,1,20,4,1360,1,16,-1,3,-1
201504WB15300,1,8,0,14,0,8,0,0,0,0,1,1,1,1,40,7,1995,2,2,-1,1,-1
201504WB15300,2,9,0,12,0,8,0,0,0,0,3,1,6,1,32,6,-1,-1,-1,-1,1,-1
201504WB15301,1,9,0,18,0,8,0,0,0,0,4,1,6,1,35,6,1753,2,13,-1,-1,-1
201504WB15301,2,11,0,18,0,8,0,0,0,0,3,1,1,2,42,7,6700,2,3,-1,-1,-1
201504WB15302,1,19,0,9,0,6,0,0,0,0,3,1,1,1,22,5,1560,2,-1,-1,1,-1
201504WB15302,2,19,0,18,0,1,0,0,0,0,1,1,1,1,48,8,2198,2,1,-1,-1,-1
201504WB15303,1,9,0,18,0,0,0,0,0,0,1,1,6,1,35,6,1969,2,1,-1,3,-1
201504WB15303,2,8,0,4,0,0,0,0,0,0,1,1,1,1,32,6,1598,2,1,-1,1,-1
201504WB15304,1,9,0,18,0,0,0,0,0,0,1,1,6,2,47,8,1986,2,9,-1,1,-1
201504WB15304,2,9,0,18,0,0,0,0,0,0,4,1,6,1,66,10,1999,1,9,-1,1,-1
201504WB15304,3,9,0,18,0,0,0,0,0,0,1,1,6,1,23,5,999,1,3,-1,1,-1
201504WB15305,1,1,0,9,0,0,0,0,0,0,3,1,6,1,74,10,-1,-1,-1,-1,-1,-1
201504WB15305,2,11,0,18,0,0,0,0,0,0,4,1,1,1,64,9,9600,2,18,-1,1,-1
201504WB15306,1,9,0,14,0,0,0,0,0,0,4,1,6,3,-1,-1,-1,-1,-1,-1,-1,-1
201504WB15307,1,9,0,18,0,0,0,0,0,0,1,1,6,2,54,8,1587,1,22,-1,1,-1
201504WB15307,2,9,0,18,0,0,0,0,4,6,2,1,6,1,68,10,1997,2,1,-1,2,-1
201504WB15308,1,9,0,18,0,1,0,0,0,0,4,1,6,1,37,7,1895,1,16,-1,1,-1
201504WB15308,2,1,0,9,9,1,0,0,0,0,1,1,6,1,8,2,-1,-1,-1,-1,-1,-1
201504WB15309,1,90,0,5,0,1,0,0,0,0,1,1,1,1,28,6,-1,-1,-1,-1,1,-1
201504WB15310,1,9,0,7,0,8,1,0,7,4,1,1,6,2,26,6,4163,1,6,-1,1,-1
201504WB15311,1,11,0,9,0,5,0,0,0,0,0,1,6,1,28,6,4580,2,5,-1,1,-1
201504WB15312,1,9,0,18,0,0,0,0,4,6,1,1,6,2,37,7,1388,1,7,-1,1,-1
201504WB15312,2,9,0,3,0,0,0,0,0,0,4,1,6,1,23,5,1896,2,12,-1,3,-1
201504WB15312,3,9,0,3,0,0,0,0,0,0,2,1,6,1,74,10,1242,1,1,-1,1,-1
201504WB15312,4,9,0,3,0,0,0,0,0,0,3,1,6,1,55,8,1984,1,10,-1,1,-1
201504WB15312,5,9,0,3,0,0,0,0,0,0,2,1,6,2,60,9,1598,1,5,-1,1,-1
201504WB15313,1,9,0,18,0,0,0,0,0,0,1,1,6,2,79,11,1124,1,10,-1,2,-1
201504WB15313,2,9,0,2,0,0,0,0,0,0,2,1,6,3,-1,-1,1968,2,2,-1,-1,-1
201504WB15314,1,19,0,18,0,8,0,0,0,0,1,1,1,1,24,5,1399,2,4,-1,1,-1
201504WB15314,2,9,0,4,0,5,0,0,0,0,2,1,6,2,52,8,1360,1,11,-1,1,-1
201504WB15316,1,9,0,5,0,8,0,0,0,0,1,1,6,3,-1,-1,-1,-1,-1,-1,-1,-1
201504WB15317,1,1,0,18,0,6,0,0,0,0,1,1,6,1,13,3,-1,-1,-1,-1,3,-1
201504WB15317,2,9,0,18,0,1,0,0,0,0,4,1,6,2,52,8,2902,2,12,-1,2,-1
201504WB15318,1,9,0,18,0,0,0,0,0,0,1,1,2,2,28,6,1598,1,9,-1,1,-1
201504WB15318,2,21,1,18,0,0,0,0,0,0,2,1,1,1,48,8,-1,-1,-1,-1,1,-1
201504WB15319,1,9,0,18,0,0,0,0,1,2,1,1,6,1,25,5,1364,1,8,-1,1,-1
201504WB15320,1,9,0,9,0,8,0,0,0,0,1,1,6,2,24,5,998,1,9,-1,1,-1
201504WB15320,2,9,0,18,0,8,0,0,0,0,3,1,6,2,37,7,1199,1,13,-1,1,-1
201504WB15320,3,9,0,2,0,1,0,0,0,0,2,1,6,1,-1,-1,1997,1,10,-1,-1,-1
201504WB15321,1,21,0,18,0,0,0,7,1,7,1,1,1,1,49,8,6700,2,1,-1,1,-1
201504WB15321,2,21,0,18,0,0,0,7,1,7,1,1,1,1,40,7,4250,2,4,-1,2,-1
201504WB15322,1,9,0,16,0,0,5,0,7,4,1,1,6,2,41,7,1360,1,10,-1,-1,-1
201504WB15323,1,9,0,4,0,0,0,0,0,0,3,1,3,2,25,5,1364,1,6,-1,1,-1
201504WB15324,1,9,0,2,0,0,0,0,0,0,3,1,6,1,54,8,993,1,13,-1,3,-1
201504WB15324,2,1,0,18,0,0,0,4,0,0,1,1,2,1,50,8,-1,-1,-1,-1,1,-1
201504WB15325,1,9,0,9,0,1,0,0,0,0,3,1,6,1,19,4,1199,1,13,-1,2,-1
201504WB15325,2,9,0,18,0,1,0,0,0,0,1,1,2,2,24,5,1995,2,4,-1,1,-1
201504WB15326,1,90,0,18,0,0,0,0,0,0,4,1,6,3,-1,-1,-1,-1,-1,-1,-1,-1
201504WB15327,1,9,0,17,0,8,2,0,7,10,4,1,2,1,18,4,1124,1,8,-1,2,-1
201504WB15327,2,9,0,18,0,8,0,0,0,0,0,1,6,1,42,7,2993,2,3,-1,3,-1
201504WB15328,1,1,0,18,0,1,0,0,0,0,0,1,6,1,54,8,-1,-1,-1,-1,2,-1
201504WB15329,1,5,0,16,0,0,1,0,7,0,4,1,6,1,58,9,1078,1,5,-1,1,-1
201504WB15329,2,5,0,16,0,0,0,0,0,0,0,1,1,1,37,7,998,1,8,-1,1,-1
201504WB15330,1,9,0,16,0,1,2,0,7,10,4,1,6,1,24,5,1896,2,12,-1,1,-1
201504WB15331,1,9,0,18,0,1,0,0,0,0,1,1,6,1,34,6,1596,1,14,-1,1,-1
201504WB15331,2,9,0,3,0,2,0,0,0,0,2,1,6,1,49,8,1242,1,6,-1,-1,-1
201504WB15332,1,9,0,16,0,0,0,0,7,4,1,1,6,1,22,5,1242,1,14,-1,1,-1
201504WB15332,2,9,0,17,0,0,0,0,1,2,3,1,6,1,52,8,1997,2,1,-1,1,-1
201504WB15334,1,9,0,18,0,0,1,0,0,0,1,1,1,2,51,8,1396,1,15,-1,2,-1
201504WB15334,2,19,0,18,0,0,0,0,0,0,1,1,1,1,28,6,2198,2,7,-1,1,-1
201504WB15335,1,9,0,4,0,0,1,0,0,0,1,1,6,2,20,4,1198,1,8,-1,1,-1
201504WB15335,2,21,0,4,0,0,0,0,0,0,3,1,1,1,37,7,12419,2,3,-1,2,-1
201504WB15335,3,9,0,4,0,0,0,0,0,0,2,1,1,1,35,6,1360,1,6,-1,-1,-1
201504WB15336,1,9,0,18,0,8,0,0,0,0,4,1,6,2,43,7,1997,1,8,-1,1,-1
201504WB15336,2,8,0,18,0,8,0,0,0,0,1,1,1,1,47,8,-1,-1,-1,-1,1,-1
201504WB15337,1,8,0,18,0,2,0,0,0,0,1,1,1,1,49,8,1582,2,3,-1,1,-1
201504WB15338,1,1,0,18,5,1,0,0,0,0,2,1,6,1,11,3,-1,-1,-1,-1,-1,-1
201504WB15338,2,9,0,4,0,1,0,0,0,0,1,1,6,3,64,9,-1,-1,-1,-1,-1,-1
201504WB15339,1,9,0,4,0,0,0,0,0,0,1,1,6,1,27,6,-1,-1,-1,-1,-1,-1
201504WB15339,2,9,0,3,1,0,0,0,0,0,2,1,6,2,30,6,1348,1,14,-1,1,-1
201504WB15345,1,9,0,17,0,0,1,0,1,10,1,1,6,1,29,6,1389,1,11,-1,3,-1
201504WB15346,1,9,0,5,0,6,0,0,0,0,1,1,6,2,64,9,1332,1,4,-1,2,-1
201504WB15346,2,19,0,5,0,6,0,0,0,0,1,1,1,1,36,7,2977,2,13,-1,1,-1
201504WB15347,1,9,0,18,0,8,0,0,0,0,1,1,6,2,34,6,-1,-1,-1,-1,1,-1
201504WB15347,2,9,0,18,0,8,0,0,0,0,1,1,6,1,18,4,1200,1,3,-1,1,-1
201504WB15348,1,9,0,4,0,0,0,0,0,0,1,1,6,1,71,10,1995,2,3,-1,1,-1
201504WB15348,2,9,0,4,0,0,0,0,0,0,2,1,6,2,53,8,998,1,4,-1,1,-1
201504WB15348,3,9,0,4,0,0,0,0,0,0,2,1,1,2,29,6,1598,1,2,-1,-1,-1
201504WB15349,1,1,0,5,0,0,0,0,0,0,2,1,6,1,53,8,-1,-1,-1,-1,-1,-1
201504WB15349,2,9,0,18,0,0,0,0,0,0,1,1,6,3,-1,-1,-1,-1,-1,-1,-1,-1
201504WB15350,1,9,0,4,0,0,0,0,0,0,2,1,6,1,24,5,1198,1,1,-1,3,-1
201504WB15350,2,9,0,4,0,0,1,0,0,0,1,1,6,1,25,5,1900,2,16,-1,1,-1
201504WB15351,1,9,0,18,0,0,0,0,0,0,4,1,6,1,65,9,1560,2,5,-1,1,-1
201504WB15352,1,9,0,16,0,0,1,0,0,2,1,1,6,1,24,5,1753,2,6,-1,1,-1
201504WB15353,1,9,0,18,0,0,0,7,0,0,1,1,6,1,78,11,1995,2,12,-1,2,-1
201504WB15354,1,9,0,18,0,0,0,0,0,0,3,1,6,3,-1,-1,-1,-1,-1,-1,-1,-1
201504WB15354,2,1,0,13,0,0,1,0,0,0,4,1,2,2,46,8,-1,-1,-1,-1,1,-1
201504WB15355,1,11,0,18,0,1,0,0,0,0,0,1,1,1,43,7,6700,2,3,-1,1,-1
201504WB15356,1,9,0,7,0,8,0,0,0,0,3,1,6,1,22,5,1997,2,15,-1,1,-1
201504WB15356,2,9,0,18,0,1,0,0,0,0,1,1,6,2,22,5,1240,1,11,-1,1,-1
201504WB15357,1,9,0,18,0,0,0,0,0,0,1,1,6,1,40,7,1910,2,9,-1,1,-1
201504WB15357,2,9,0,18,0,0,0,0,0,0,2,1,6,1,34,6,1390,1,11,-1,1,-1
201504WB15359,1,9,0,7,0,8,0,0,0,0,1,1,6,2,17,4,1242,1,13,-1,1,-1
201504WB15359,2,9,0,18,0,1,0,0,0,0,1,1,6,2,45,7,1679,1,14,-1,1,-1
201504WB15360,1,20,0,18,0,0,0,0,0,0,1,1,1,1,42,7,-1,2,14,-1,2,-1
201504WB15360,2,90,0,18,0,0,0,0,0,0,2,1,6,1,59,9,-1,-1,-1,-1,1,-1
201504WB15360,3,9,0,18,0,0,0,0,0,0,2,1,6,1,46,8,1560,2,3,-1,3,-1
201504WB15361,1,8,0,18,2,1,0,0,0,0,1,1,6,1,-1,-1,-1,-1,-1,-1,-1,-1
201504WB15361,2,1,0,9,2,3,0,0,0,0,1,1,6,1,48,8,-1,-1,-1,-1,1,-1
201504WB15362,1,19,0,18,0,0,1,0,0,0,1,1,6,1,18,4,2198,2,2,-1,1,-1
201504WB15362,2,9,0,4,0,0,1,0,0,0,2,1,6,2,57,9,1560,2,7,-1,-1,-1
201504WB15362,3,9,0,4,0,0,0,0,0,0,2,1,6,2,39,7,1199,1,-1,-1,1,-1
201504WB15363,1,9,0,16,0,0,0,0,7,10,1,1,6,1,34,6,1796,1,8,-1,1,-1