Accident_Index,Vehicle_Reference,Vehicle_Type,Towing_and_Articulation,Vehicle_Manoeuvre,Vehicle_Location-Restricted_Lane,Junction_Location,Skidding_and_Overturning,Hit_Object_in_Carriageway,Vehicle_Leaving_Carriageway,Hit_Object_off_Carriageway,1st_Point_of_Impact,Was_Vehicle_Left_Hand_Drive?,Journey_Purpose_of_Driver,Sex_of_Driver,Age_of_Driver,Age_Band_of_Driver,Engine_Capacity_(CC),Propulsion_Code,Age_of_Vehicle,Driver_IMD_Decile,Driver_Home_Area_Type,Vehicle_IMD_Decile
201504WD15032,2,2,0,18,0,1,0,0,0,0,1,1,6,1,73,10,-1,-1,-1,-1,-1,-1
201504WD15033,1,9,0,18,0,1,0,0,0,0,1,1,6,2,18,4,1328,1,9,-1,1,-1
201504WD15035,1,9,0,18,0,1,0,0,1,10,1,1,6,1,20,4,3199,1,15,-1,1,-1
201504WD15035,2,9,0,18,0,1,0,0,0,0,0,1,6,3,-1,-1,-1,-1,-1,-1,-1,-1
201504WD15036,1,5,0,4,0,1,1,0,0,0,0,1,2,1,58,9,647,1,15,-1,1,-1
201504WD15037,1,9,0,3,0,4,0,0,0,0,1,1,1,2,19,4,995,1,5,-1,1,-1
201504WD15037,2,9,0,3,0,4,0,0,0,0,2,1,1,2,55,8,1798,1,4,-1,-1,-1
201504WD15038,1,9,0,5,0,1,0,0,0,0,4,1,6,2,79,11,998,1,4,-1,1,-1
201504WD15038,2,5,0,18,0,1,2,0,0,0,1,1,6,1,26,6,599,1,12,-1,1,-1
201504WD15039,1,5,0,13,0,8,1,0,0,0,1,1,6,1,66,10,750,1,18,-1,2,-1
201504WD15039,2,9,0,9,0,5,2,0,0,0,3,1,6,2,43,7,1242,1,11,-1,2,-1
201504WD15040,1,9,0,1,6,5,0,0,0,0,2,1,6,2,45,7,1587,1,18,-1,2,-1
201504WD15041,1,11,0,9,0,6,0,0,0,0,1,1,1,1,35,6,6700,2,7,-1,1,-1
201504WD15041,2,9,0,9,0,8,0,0,0,0,3,1,6,1,23,5,1998,1,11,-1,1,-1
201504WD15042,1,9,0,18,0,8,0,0,0,0,1,1,6,2,24,5,1149,1,14,-1,1,-1
201504WD15042,2,9,0,9,0,5,0,0,0,0,4,1,1,2,50,8,1399,2,4,-1,1,-1
201504WD15043,1,9,0,9,0,8,0,0,0,0,1,1,6,2,33,6,1997,2,10,-1,1,-1
201504WD15043,2,3,0,18,0,8,0,0,0,0,1,1,6,1,28,6,124,1,1,-1,1,-1
201504WD15044,1,9,0,16,0,2,2,0,7,9,1,1,6,1,19,4,1998,1,12,-1,1,-1
201504WD15045,1,9,0,18,0,0,0,0,0,0,1,1,6,2,71,10,1242,1,12,-1,1,-1
201504WD15045,2,1,0,18,0,0,0,0,0,0,3,1,6,1,18,4,-1,-1,-1,-1,-1,-1
201504WD15046,1,9,0,18,0,4,0,0,0,0,1,1,6,1,65,9,1587,1,13,-1,1,-1
201504WD15046,2,1,0,18,0,8,0,0,0,0,4,1,6,1,40,7,-1,-1,-1,-1,1,-1
201504WD15047,1,9,0,18,0,0,0,0,8,2,1,1,6,1,19,4,-1,-1,-1,-1,2,-1
201504WD15048,1,1,0,5,0,3,0,0,0,0,1,1,2,1,29,6,-1,-1,-1,-1,1,-1
201504WD15048,2,9,0,5,0,3,0,0,0,0,1,1,1,1,40,7,-1,-1,-1,-1,1,-1
201504WD15049,1,19,0,9,0,0,0,0,0,0,1,1,1,1,39,7,2198,2,-1,-1,1,-1
201504WD15050,1,8,0,1,3,0,0,0,0,0,2,1,6,1,30,6,1560,2,8,-1,1,-1
201504WD15051,1,5,0,18,0,2,0,0,0,0,4,1,2,1,41,7,-1,-1,-1,-1,1,-1
201504WD15052,1,8,0,5,0,1,0,0,0,0,1,1,1,1,72,10,1896,2,9,-1,1,-1
201504WD15052,2,1,0,9,0,1,0,0,0,0,4,1,1,2,46,8,-1,-1,-1,-1,1,-1
201504WD15053,1,1,0,18,0,1,0,0,0,0,1,1,6,1,49,8,-1,-1,-1,-1,1,-1
201504WD15053,2,9,0,9,0,8,0,0,0,0,3,1,6,2,33,6,1240,1,9,-1,1,-1
201504WD15054,1,9,0,9,0,1,0,0,0,0,4,1,6,1,36,7,-1,-1,-1,-1,1,-1
201504WD15054,2,9,0,18,0,1,0,0,0,0,1,1,6,1,53,8,1461,2,2,-1,1,-1
201504WD15055,1,9,0,14,0,8,0,0,0,0,1,1,2,1,30,6,-1,-1,-1,-1,1,-1
201504WD15055,2,9,0,7,0,8,0,0,0,0,3,1,1,2,30,6,-1,-1,-1,-1,1,-1
201504WD15056,1,9,0,4,0,1,1,0,1,0,1,1,6,1,35,6,1910,2,8,-1,1,-1
201504WD15056,2,9,0,4,0,1,2,0,0,0,2,1,6,2,40,7,1997,1,5,-1,1,-1
201504WD15056,3,9,0,3,0,1,0,0,0,0,2,1,6,2,60,9,1598,1,2,-1,-1,-1
201504WD15057,1,9,0,17,0,8,0,0,0,0,1,1,6,2,29,6,1598,1,6,-1,1,-1
201504WD15057,2,9,0,16,0,8,0,0,0,0,1,1,6,2,29,6,1242,1,1,-1,1,-1
201504WD15058,1,9,0,5,0,0,0,0,0,0,1,1,6,2,45,7,1399,2,3,-1,1,-1
201504WD15058,2,9,0,14,0,0,0,0,0,0,1,1,6,1,58,9,1242,1,13,-1,1,-1
201504WD15059,1,9,0,13,0,0,0,0,1,9,1,1,6,1,73,10,1560,2,5,-1,2,-1
201504WD15059,2,11,0,18,0,0,0,0,0,0,1,1,1,1,60,9,8268,2,11,-1,1,-1
201504WD15059,3,9,0,18,0,0,0,0,0,0,1,1,6,1,23,5,1905,2,19,-1,3,-1
201504WD15060,1,9,0,18,0,2,0,0,0,0,1,1,6,2,20,4,1149,1,15,-1,1,-1
201504WD15060,2,9,0,18,0,1,0,0,0,0,1,1,6,2,27,6,1591,1,2,-1,1,-1
201504WD15061,1,9,0,9,0,8,0,0,0,0,3,1,6,2,49,8,1587,1,12,-1,1,-1
201504WD15061,2,3,0,18,0,8,2,0,0,0,1,1,2,1,25,5,124,1,6,-1,1,-1
201504WD15062,1,9,0,3,0,1,0,0,0,0,1,1,6,2,75,10,1086,1,9,-1,1,-1
201504WD15062,2,9,0,3,0,1,0,0,0,0,2,1,6,1,62,9,1796,6,14,-1,1,-1
201504WD15062,3,9,0,3,0,1,0,0,0,0,2,1,6,1,22,5,1598,1,4,-1,1,-1
201504WD15063,1,90,0,18,0,0,0,0,0,0,1,1,1,1,29,6,2299,2,2,-1,1,-1
201504WD15063,2,9,0,4,0,0,0,0,0,0,2,1,6,2,37,7,1360,1,15,-1,1,-1
201504WD15063,3,9,0,4,0,0,0,0,0,0,2,1,6,1,76,11,1149,1,2,-1,1,-1
201504WD15064,1,9,0,18,0,0,0,0,0,0,1,1,6,1,50,8,1686,2,3,-1,1,-1
201504WD15065,1,90,0,18,0,1,0,0,0,0,1,1,6,3,-1,-1,-1,-1,-1,-1,-1,-1
201504WD15066,1,9,0,9,0,8,0,0,0,0,1,1,6,2,49,8,1341,1,15,-1,1,-1
201504WD15066,2,9,0,18,0,8,0,0,0,0,3,1,2,1,65,9,1349,1,4,-1,1,-1
201504WD15067,1,9,0,18,0,0,0,0,1,0,4,1,6,1,19,4,1596,1,6,-1,1,-1
201504WD15068,1,9,0,18,0,2,0,0,0,0,3,1,6,1,74,10,1998,1,17,-1,1,-1
201504WD15068,2,9,0,18,0,1,0,0,0,0,3,1,6,1,27,6,1398,2,12,-1,1,-1
201504WD15069,1,9,0,18,0,4,0,0,0,0,1,1,6,1,24,5,-1,-1,-1,-1,3,-1
201504WD15069,2,9,0,18,0,3,1,0,0,0,4,1,6,2,42,7,1598,1,4,-1,1,-1
201504WD15070,1,9,0,9,0,5,0,0,0,0,4,1,6,2,50,8,1587,1,15,-1,1,-1
201504WD15070,2,9,0,18,0,1,0,0,0,0,1,1,2,2,34,6,1590,1,12,-1,1,-1
201504WD15071,1,9,0,5,0,4,0,0,0,0,4,1,6,3,-1,-1,1997,2,5,-1,-1,-1
201504WD15071,2,1,0,5,0,4,0,0,0,0,1,1,6,2,38,7,-1,-1,-1,-1,1,-1
201504WD15072,1,9,0,9,0,6,0,0,0,0,4,1,6,2,29,6,1968,2,11,-1,1,-1
201504WD15072,2,3,0,18,0,1,0,0,0,0,1,1,6,1,62,9,102,1,8,-1,1,-1
201504WD15073,1,5,0,3,0,1,0,0,0,0,1,1,6,1,45,7,1170,1,10,-1,1,-1
201504WD15073,2,90,0,3,0,1,0,0,0,0,2,1,6,1,50,8,-1,-1,-1,-1,1,-1
201504WD15074,1,10,0,9,0,8,0,0,0,0,0,1,1,3,-1,-1,-1,-1,-1,-1,-1,-1
201504WD15074,2,1,0,10,0,1,0,0,0,0,0,1,2,1,48,8,-1,-1,-1,-1,1,-1
201504WD15075,1,9,0,1,0,1,0,0,0,0,2,1,1,2,62,9,1596,1,9,-1,1,-1
201504WD15075,2,9,0,3,0,1,0,0,0,0,1,1,1,1,39,7,2979,1,1,-1,1,-1
201504WD15076,1,9,0,9,0,8,0,0,0,0,3,1,6,1,29,6,1198,1,1,-1,1,-1
201504WD15076,2,3,0,18,0,8,0,0,0,0,4,1,6,1,17,4,124,1,3,-1,1,-1
201504WD15077,1,9,0,5,0,0,0,0,0,0,1,1,6,2,33,6,1598,1,3,-1,1,-1
201504WD15077,2,9,0,18,0,0,0,0,0,0,1,1,6,2,41,7,1995,2,13,-1,1,-1
201504WD15078,1,9,0,1,8,0,0,0,0,0,2,1,1,1,32,6,2902,2,10,-1,1,-1
201504WD15079,1,9,0,18,0,0,0,0,0,0,1,1,3,2,55,8,1388,1,12,-1,1,-1
201504WD15080,1,1,0,9,0,8,0,0,0,0,1,1,6,1,11,3,-1,-1,-1,-1,1,-1
201504WD15080,2,9,0,4,0,1,0,0,0,0,1,1,6,2,67,10,1398,1,4,-1,1,-1
201504WD15081,1,9,0,9,0,5,0,0,0,0,1,1,6,2,61,9,2497,1,8,-1,1,-1
201504WD15081,2,2,0,18,0,2,5,0,0,0,1,1,4,1,16,4,49,1,7,-1,1,-1
201504WD15082,1,9,0,17,0,0,1,0,1,10,2,1,6,1,18,4,1596,1,5,-1,1,-1
201504WD15083,1,9,0,1,0,1,0,0,0,0,3,1,6,2,36,7,1956,2,1,-1,1,-1
201504WD15084,1,9,0,5,0,0,0,0,0,0,1,1,6,2,17,4,1995,2,1,-1,-1,-1
201504WD15084,2,9,0,15,0,0,0,0,0,0,4,1,6,1,33,6,2171,2,12,-1,-1,-1
201504WD15085,1,9,0,16,0,8,1,0,7,10,1,1,6,1,18,4,1299,1,7,-1,1,-1
201504WD15086,1,9,0,18,0,1,0,0,0,0,2,1,2,2,57,9,1396,1,4,-1,1,-1
201504WD15086,2,9,0,3,0,1,0,0,0,0,2,1,2,1,51,8,2179,2,2,-1,1,-1
201504WD15087,1,9,0,18,0,6,0,0,0,0,3,1,6,2,27,6,-1,3,1,-1,1,-1
201504WD15087,2,3,0,18,0,1,0,0,0,0,3,1,6,1,23,5,124,1,10,-1,1,-1
201504WD15088,1,9,0,4,0,1,0,0,0,0,1,1,6,2,27,6,1769,1,10,-1,1,-1
201504WD15088,2,9,0,3,0,2,0,0,0,0,2,1,6,1,18,4,998,1,13,-1,1,-1
201504WD15088,3,9,0,3,0,2,0,0,0,0,2,1,6,2,36,7,998,1,1,-1,1,-1
201504WD15089,1,9,0,5,0,1,0,0,0,0,3,1,6,3,-1,-1,-1,-1,-1,-1,-1,-1
201504WD15089,2,1,0,17,0,1,0,0,0,0,1,1,6,1,32,6,-1,-1,-1,-1,1,-1
201504WD15090,1,19,0,4,0,6,0,0,0,0,1,1,2,1,51,8,1560,2,-1,-1,1,-1
201504WD15091,1,1,0,18,0,6,0,0,0,0,1,1,6,1,3,1,-1,-1,-1,-1,1,-1
201504WD15091,2,9,0,18,0,1,0,0,0,0,3,1,6,2,64,9,-1,-1,-1,-1,-1,-1
201504WD15092,1,9,0,18,0,4,0,0,0,0,3,1,6,1,67,10,3150,2,18,-1,1,-1
201504WD15092,2,1,0,18,0,3,0,0,0,0,1,1,6,1,58,9,-1,-1,-1,-1,1,-1
201504WD15093,1,9,0,16,0,0,1,0,8,0,1,1,1,1,44,7,1753,2,8,-1,1,-1
201504WD15093,2,9,0,5,0,0,1,0,0,0,1,1,6,2,31,6,1248,2,7,-1,1,-1
201504WD15094,1,9,0,9,0,5,0,0,0,0,1,1,6,1,79,11,1968,2,7,-1,1,-1
201504WD15095,1,9,0,18,0,1,0,0,0,0,0,1,6,3,-1,-1,-1,-1,-1,-1,-1,-1
201504WD15095,2,11,0,18,0,1,0,0,0,0,0,1,1,1,61,9,4580,2,6,-1,1,-1
201504WD15096,1,9,0,5,0,6,0,0,0,0,4,1,6,2,69,10,1390,1,10,-1,2,-1
201504WD15096,2,9,0,7,0,2,0,0,0,0,1,1,2,1,47,8,-1,-1,-1,-1,1,-1
201504WD15097,1,90,0,5,0,1,0,0,0,0,1,1,1,1,30,6,-1,-1,-1,-1,1,-1
201504WD15097,2,9,0,3,0,1,0,0,0,0,2,1,2,1,43,7,999,1,14,-1,1,-1
201504WD15098,1,9,0,18,0,0,0,0,0,0,3,1,6,2,34,6,1753,2,8,-1,1,-1
201504WD15099,1,9,0,18,0,4,0,0,0,0,1,1,2,1,44,7,-1,-1,-1,-1,1,-1
201504WD15099,2,9,0,3,0,4,0,0,0,0,2,1,6,2,35,6,1149,1,6,-1,1,-1
201504WD15100,1,9,0,5,8,0,0,0,0,0,0,1,6,1,-1,-1,-1,-1,-1,-1,-1,-1
201504WD15100,2,9,0,18,0,0,0,0,0,0,0,1,6,1,58,9,1598,1,13,-1,1,-1
201504WD15101,1,5,0,18,0,8,0,0,0,2,1,1,2,1,34,6,-1,-1,-1,-1,1,-1
201504WD15101,2,9,0,6,0,8,0,0,0,0,3,1,2,1,53,8,1200,1,2,-1,1,-1
201504WD15102,1,9,0,16,0,0,0,0,1,4,1,1,6,1,25,5,1587,1,11,-1,1,-1
201504WD15103,1,9,0,1,0,1,0,0,0,0,2,1,6,1,71,10,1840,1,15,-1,2,-1
201504WD15104,1,9,0,18,0,1,0,0,0,0,1,1,6,2,89,11,1229,1,5,-1,-1,-1
201504WD15104,2,9,0,4,0,1,0,0,0,0,2,1,6,2,27,6,1798,1,2,-1,1,-1
201504WD15105,1,9,0,18,1,8,0,0,8,0,4,1,6,2,79,11,1364,1,5,-1,1,-1
201504WD15105,2,18,0,18,1,8,0,0,0,0,4,1,1,1,63,9,-1,-1,-1,-1,1,-1
201504WD15106,1,8,0,18,0,0,1,0,0,0,1,1,1,1,51,8,2664,2,17,-1,1,-1
201504WD15107,1,9,0,3,0,0,0,0,0,0,1,1,1,2,26,6,1242,1,-1,-1,1,-1
201504WD15107,2,9,0,3,0,0,0,0,0,0,2,1,1,2,54,8,1349,1,3,-1,-1,-1
201504WD15107,3,9,0,3,0,0,0,0,0,0,2,1,1,2,47,8,1587,1,12,-1,1,-1
201504WD15108,1,9,0,9,0,8,0,0,0,0,1,1,6,2,23,5,1364,1,9,-1,1,-1
201504WD15108,2,1,0,18,0,8,0,0,0,0,4,1,6,2,66,10,-1,-1,-1,-1,1,-1
201504WD15109,1,9,0,1,0,0,0,0,0,0,3,1,1,2,35,6,1587,1,13,-1,1,-1
201504WD15110,1,9,0,4,0,0,0,0,0,0,0,1,6,3,-1,-1,-1,-1,-1,-1,-1,-1
201504WD15110,2,5,0,18,0,0,1,0,0,0,0,1,6,1,58,9,1137,1,14,-1,1,-1
201504WD15111,1,9,0,9,0,8,0,0,0,0,1,1,6,2,35,6,998,1,2,-1,1,-1
201504WD15111,2,9,0,18,0,1,0,0,0,0,4,1,6,2,40,7,1598,1,2,-1,1,-1
201504WD15112,1,3,0,4,0,0,0,0,0,0,0,1,2,1,37,7,124,1,8,-1,1,-1
201504WD15114,1,9,0,16,0,8,0,0,7,1,1,1,6,2,18,4,1199,1,11,-1,1,-1
201504WD15115,1,9,0,7,0,8,0,0,0,0,4,1,6,3,-1,-1,-1,-1,-1,-1,-1,-1
201504WD15115,2,1,0,18,0,8,0,0,0,0,3,1,6,2,62,9,-1,-1,-1,-1,1,-1
201504WD15116,1,9,0,1,0,0,0,0,0,0,2,1,6,1,22,5,1299,1,14,-1,2,-1
201504WD15117,1,9,0,18,0,3,0,0,0,0,1,1,6,1,94,11,1596,1,12,-1,2,-1
201504WD15117,2,9,0,3,0,3,0,0,0,0,2,1,2,2,33,6,1596,1,9,-1,1,-1
201504WD15118,1,9,0,18,0,8,0,0,0,0,1,1,6,2,76,11,1339,1,12,-1,1,-1
201504WD15118,2,9,0,18,0,8,0,0,0,0,3,1,6,1,22,5,1242,1,12,-1,1,-1
201504WD15119,1,9,0,2,0,0,0,0,0,0,3,1,6,1,78,11,1495,1,6,-1,1,-1
201504WD15119,2,19,0,18,0,0,0,0,0,0,4,1,6,1,43,7,1998,2,9,-1,1,-1
201504WD15120,1,9,0,9,0,6,0,0,0,0,1,1,2,2,21,5,1242,1,1,-1,3,-1
201504WD15120,2,3,0,18,0,1,0,0,0,0,1,1,2,1,42,7,125,1,1,-1,1,-1
201504WD15121,1,90,0,4,0,0,0,0,0,0,1,1,1,1,35,6,-1,-1,-1,-1,1,-1
201504WD15121,2,9,0,3,0,0,0,0,0,0,2,1,6,1,60,9,1386,1,8,-1,2,-1
201504WD15122,1,9,0,9,0,1,0,0,0,0,4,1,1,1,26,6,999,1,-1,-1,-1,-1
201504WD15122,2,9,0,18,0,1,0,0,0,0,1,1,6,2,63,9,1242,1,4,-1,1,-1
201504WD15123,1,9,0,5,0,0,0,0,0,0,0,1,1,1,59,9,1997,2,4,-1,1,-1
201504WD15124,1,19,0,1,0,0,0,0,0,0,2,1,1,1,64,9,2143,2,3,-1,-1,-1
201504WD15124,2,9,0,2,0,0,0,0,0,0,1,1,6,2,22,5,1598,1,6,-1,1,-1
201504WD15125,1,9,0,1,9,0,0,0,0,0,3,1,6,2,75,10,998,1,-1,-1,1,-1
201504WD15126,1,9,0,5,0,2,0,0,0,0,4,1,6,3,-1,-1,-1,-1,-1,-1,-1,-1
201504WD15126,2,1,5,5,0,2,0,0,0,0,3,1,6,1,28,6,-1,-1,-1,-1,1,-1
201504WD15127,1,9,0,17,0,0,0,0,0,0,1,1,6,2,49,8,998,1,1,-1,1,-1
201504WD15127,2,1,0,18,0,0,0,0,0,0,1,1,6,1,15,3,-1,-1,-1,-1,1,-1
201504WD15128,1,90,0,5,0,8,0,0,0,0,3,1,6,1,35,6,-1,-1,-1,-1,1,-1
201504WD15128,2,3,0,18,0,8,1,0,0,0,1,1,6,1,20,4,124,1,2,-1,1,-1
201504WD15129,1,9,0,18,0,0,0,11,0,0,1,1,6,1,40,7,1149,1,3,-1,1,-1
201504WD15130,1,9,0,5,0,6,0,0,0,0,1,1,2,1,39,7,1598,1,8,-1,1,-1
201504WD15130,2,9,0,18,0,8,0,0,0,0,1,1,2,2,22,5,1598,2,1,-1,3,-1
201504WD15131,1,9,0,15,0,0,0,0,0,0,4,1,2,1,28,6,2495,2,16,-1,1,-1
201504WD15131,2,9,0,2,0,0,0,0,0,0,0,1,6,2,26,6,1995,1,5,-1,1,-1
201504WD15131,3,9,0,2,0,0,0,0,0,0,0,1,6,1,60,9,1248,2,8,-1,1,-1
201504WD15132,1,8,0,7,9,8,0,0,7,10,1,1,1,1,47,8,1997,2,12,-1,1,-1
201504WD15133,1,9,0,1,0,1,0,0,0,0,2,1,6,3,-1,-1,-1,-1,-1,-1,-1,-1
201504WD15134,1,9,0,18,0,0,1,0,1,3,1,1,6,1,19,4,1781,1,18,-1,2,-1
201504WD15135,1,9,0,6,0,3,0,0,0,0,3,1,6,2,47,8,998,1,10,-1,1,-1
201504WD15135,2,9,0,13,0,3,1,0,0,0,1,1,6,1,40,7,-1,-1,-1,-1,3,-1
201504WD15136,1,9,0,17,0,0,0,0,0,0,0,1,6,3,-1,-1,-1,-1,-1,-1,-1,-1
201504WD15136,2,9,0,16,0,0,0,0,1,0,0,1,6,2,40,7,1598,1,5,-1,1,-1
201504WD15137,1,9,0,18,0,0,0,0,0,0,1,1,6,2,21,5,1398,2,7,-1,3,-1
201504WD15137,2,90,0,3,0,0,0,0,0,0,2,1,6,1,55,8,-1,-1,-1,-1,1,-1
201504WD15138,1,9,0,18,0,1,0,0,0,0,1,1,6,1,18,4,1229,1,2,-1,3,-1
201504WD15138,2,9,0,3,0,1,0,0,0,0,2,1,6,1,21,5,996,1,4,-1,1,-1
201504WD15138,3,9,0,10,0,1,0,0,0,0,2,1,6,2,24,5,1598,1,6,-1,1,-1
201504WD15139,1,9,0,18,0,8,0,0,0,0,3,1,1,1,-1,-1,1997,2,13,-1,1,-1
201504WD15139,2,9,0,18,0,1,0,0,0,0,1,1,6,1,60,9,1086,1,11,-1,1,-1
201504WD15140,1,9,0,4,0,2,0,0,0,0,2,1,6,2,41,7,1242,1,6,-1,1,-1
201504WD15140,2,9,0,4,0,2,0,0,0,1,1,1,6,2,23,5,1242,1,6,-1,1,-1
201504WD15140,3,9,0,4,0,2,0,0,0,0,2,1,6,1,66,10,1598,1,11,-1,1,-1
201504WD15141,1,9,0,9,0,8,0,0,0,0,4,1,6,2,73,10,1598,1,14,-1,-1,-1
201504WD15141,2,9,0,18,0,1,0,0,1,10,1,1,6,1,26,6,2521,1,9,-1,-1,-1
201504WD15142,1,9,0,18,0,1,0,0,0,0,1,1,6,2,21,5,1398,2,7,-1,3,-1
201504WD15142,2,9,0,10,0,1,0,0,0,0,2,1,6,2,37,7,1229,1,9,-1,2,-1
201504WD15145,1,9,0,7,0,5,0,0,0,0,1,1,6,1,77,11,2204,2,8,-1,2,-1
201504WD15145,2,1,0,17,0,8,0,0,0,0,3,1,6,1,71,10,-1,-1,-1,-1,3,-1
201504WD15146,1,9,0,18,0,1,0,0,0,0,1,1,6,1,36,7,1997,2,6,-1,1,-1
201504WD15146,2,9,0,3,0,1,0,0,0,0,2,1,6,1,35,6,1591,1,6,-1,1,-1
201504WD15147,1,9,0,18,0,0,0,0,0,0,1,1,6,3,-1,-1,999,1,3,-1,-1,-1
201504WD15147,2,9,0,3,0,0,0,0,0,0,2,1,6,2,26,6,1242,1,4,-1,1,-1
201504WD15148,1,9,0,18,0,0,0,0,0,0,1,1,6,3,-1,-1,-1,-1,-1,-1,-1,-1
201504WD15149,1,1,0,5,0,4,0,0,0,0,3,1,6,1,48,8,-1,-1,-1,-1,-1,-1
201504WD15149,2,9,0,5,0,4,0,0,0,0,4,1,1,1,49,8,1997,2,-1,-1,-1,-1
201504WD15150,1,9,0,4,0,1,0,0,0,0,1,1,6,1,25,5,1997,2,15,-1,1,-1
201504WD15150,2,9,0,3,0,1,0,0,0,0,2,1,6,2,20,4,1198,1,3,-1,1,-1
201504WD15151,1,9,0,5,0,2,0,0,0,0,1,1,6,2,22,5,1388,1,11,-1,-1,-1
201504WD15151,2,9,0,18,0,1,1,0,0,0,1,1,6,1,50,8,1995,2,7,-1,-1,-1
201504WD15152,1,9,0,1,0,0,0,0,0,0,2,1,6,2,36,7,1364,1,9,-1,1,-1
201504WD15152,2,9,0,18,0,0,0,0,0,0,0,1,6,2,78,11,-1,-1,-1,-1,1,-1
201504WD15153,1,9,0,18,0,1,0,0,1,10,1,1,6,2,31,6,1242,1,3,-1,3,-1
201504WD15153,2,9,0,9,0,1,0,0,0,0,4,1,6,1,39,7,1198,1,-1,-1,1,-1
201504WD15154,1,9,0,18,0,4,0,0,0,0,1,1,6,1,80,11,1796,1,7,-1,1,-1
201504WD15154,2,5,0,18,0,8,0,0,0,0,4,1,6,1,30,6,656,1,7,-1,1,-1
201504WD15155,1,9,0,5,0,6,0,0,0,0,1,1,6,2,23,5,1988,1,9,-1,1,-1
201504WD15155,2,9,0,18,0,1,0,0,0,0,3,1,6,1,53,8,1753,2,13,-1,3,-1
201504WD15156,1,9,0,1,0,0,0,0,0,0,4,1,6,1,57,9,1248,2,4,-1,1,-1
201504WD15157,1,9,0,18,0,1,0,0,7,0,1,1,6,1,21,5,998,1,1,-1,1,-1
201504WD15157,2,9,0,9,0,8,0,0,0,0,3,1,6,2,76,11,1595,1,2,-1,1,-1
201504WD15158,1,9,0,3,0,1,0,0,0,0,1,1,6,2,22,5,999,1,1,-1,1,-1
201504WD15158,2,9,0,10,0,1,0,0,0,0,2,1,6,1,20,4,1398,1,1,-1,1,-1
201504WD15159,1,9,0,16,0,0,0,0,0,0,1,1,6,1,67,10,1242,1,2,-1,2,-1
201504WD15159,2,9,0,17,0,0,0,0,0,0,3,1,6,2,60,9,1998,1,11,-1,3,-1
201504WD15160,1,9,0,4,0,1,0,0,0,0,1,1,6,1,28,6,1910,2,10,-1,1,-1
201504WD15160,2,9,0,3,0,1,0,0,0,0,2,1,6,1,43,7,1596,1,7,-1,1,-1
201504WD15161,1,9,0,5,0,4,0,0,0,0,1,1,1,1,19,4,1596,1,15,-1,2,-1
201504WD15161,2,1,0,18,0,3,0,0,0,0,2,1,6,1,-1,-1,-1,-1,-1,-1,1,-1
201504WD15162,1,9,0,1,0,1,0,0,0,0,2,1,2,1,25,5,1124,1,14,-1,1,-1
201504WD15162,2,9,0,8,0,1,0,0,0,0,1,1,6,2,44,7,1685,2,3,-1,1,-1
201504WD15163,1,9,0,7,0,1,0,0,0,0,1,1,6,1,26,6,1328,1,10,-1,1,-1
201504WD15163,2,9,0,7,0,4,0,0,0,0,2,1,6,1,83,11,1339,1,1,-1,2,-1
201504WD15164,1,9,0,9,0,1,0,0,0,0,1,1,2,1,34,6,1329,1,6,-1,2,-1
201504WD15164,2,4,0,18,0,1,0,0,0,1,1,1,6,1,53,8,-1,-1,-1,-1,3,-1
201504WD15164,3,9,0,4,0,1,0,0,0,0,0,1,6,1,47,8,-1,-1,-1,-1,2,-1
201504WD15165,1,90,0,18,0,1,0,0,0,0,1,1,1,1,51,8,-1,-1,-1,-1,1,-1
201504WD15165,2,9,0,4,0,1,0,0,0,0,2,1,6,1,56,9,1497,1,9,-1,1,-1
201504WD15165,3,9,0,10,0,1,0,0,0,0,2,1,6,2,67,10,796,1,13,-1,1,-1
201504WD15166,1,5,0,5,0,4,2,0,0,0,3,1,6,1,75,10,1000,1,27,-1,-1,-1
201504WD15166,2,5,0,5,0,4,2,0,0,0,3,1,6,1,71,10,-1,-1,-1,-1,-1,-1
201504WD15167,1,9,0,18,0,0,0,0,0,0,1,1,1,1,67,10,1900,2,10,-1,1,-1
201504WD15167,2,9,0,2,0,0,0,0,0,0,2,1,6,3,-1,-1,1242,1,5,-1,-1,-1
201504WD15167,3,9,0,2,0,0,0,0,0,0,2,1,6,3,-1,-1,1998,2,-1,-1,-1,-1
201504WD15167,4,9,0,2,9,0,0,0,0,0,4,1,6,3,-1,-1,3311,8,10,-1,-1,-1
201504WD15168,1,9,0,18,0,0,0,0,0,0,1,1,6,1,79,11,1242,1,5,-1,-1,-1
201504WD15168,2,9,0,2,0,0,0,0,2,10,2,1,6,3,-1,-1,1599,1,10,-1,-1,-1
201504WD15169,1,1,0,18,0,1,0,0,0,0,1,1,6,2,7,2,-1,-1,-1,-1,1,-1
201504WD15169,2,9,0,4,0,1,0,0,0,0,1,1,6,2,25,5,1229,1,5,-1,1,-1
201504WD15170,1,9,0,1,0,0,0,0,0,0,2,1,6,2,64,9,1797,8,6,-1,1,-1
201504WD15171,1,9,0,4,0,0,0,0,0,0,1,1,6,2,30,6,1242,1,12,-1,1,-1
201504WD15171,2,9,0,4,0,0,0,0,0,0,2,1,6,1,53,8,1587,1,10,-1,1,-1
201504WD15171,3,9,0,4,0,0,0,0,0,0,2,1,6,1,41,7,1968,2,1,-1,1,-1
201504WD15172,1,9,0,1,0,0,0,0,0,0,2,1,1,1,43,7,1560,2,-1,-1,2,-1
201504WD15172,2,3,0,18,0,0,0,0,0,0,3,1,6,1,18,4,125,1,3,-1,1,-1
201504WD15173,1,9,0,18,0,0,0,0,0,0,4,1,1,2,25,5,1242,1,3,-1,1,-1