Accident_Index,Vehicle_Reference,Vehicle_Type,Towing_and_Articulation,Vehicle_Manoeuvre,Vehicle_Location-Restricted_Lane,Junction_Location,Skidding_and_Overturning,Hit_Object_in_Carriageway,Vehicle_Leaving_Carriageway,Hit_Object_off_Carriageway,1st_Point_of_Impact,Was_Vehicle_Left_Hand_Drive?,Journey_Purpose_of_Driver,Sex_of_Driver,Age_of_Driver,Age_Band_of_Driver,Engine_Capacity_(CC),Propulsion_Code,Age_of_Vehicle,Driver_IMD_Decile,Driver_Home_Area_Type,Vehicle_IMD_Decile
201504WD15174,1,9,0,5,0,4,0,0,0,0,4,1,6,2,75,10,1988,1,12,-1,1,-1
201504WD15174,2,1,0,5,0,4,0,0,0,0,3,1,6,1,53,8,-1,-1,-1,-1,1,-1
201504WD15175,1,9,0,4,0,1,0,0,0,0,3,1,2,1,41,7,1248,2,7,-1,1,-1
201504WD15175,2,8,0,4,0,2,0,0,0,0,4,1,1,1,34,6,-1,-1,-1,-1,1,-1
201504WD15176,1,9,0,9,0,6,0,0,0,0,3,1,2,1,20,4,1199,1,13,-1,1,-1
201504WD15176,2,9,0,18,0,8,0,0,0,0,1,1,3,2,29,6,1391,1,14,-1,1,-1
201504WD15177,1,9,0,5,0,4,0,0,0,0,1,1,6,2,57,9,998,1,7,-1,1,-1
201504WD15177,2,9,0,9,0,3,0,0,0,1,1,1,1,2,29,6,1242,1,7,-1,1,-1
201504WD15178,1,9,0,18,0,8,1,0,0,0,1,1,2,1,21,5,1896,2,13,-1,-1,-1
201504WD15178,2,9,0,18,0,8,1,0,1,1,1,1,6,1,70,10,1396,1,5,-1,-1,-1
201504WD15180,1,10,0,18,0,8,0,0,7,2,1,1,1,1,59,9,-1,-1,-1,-1,1,-1
201504WD15180,2,9,0,18,0,8,0,0,0,0,3,1,6,1,49,8,1398,1,3,-1,3,-1
201504WD15180,3,9,0,18,0,8,0,0,0,0,1,1,6,2,45,7,1591,1,3,-1,1,-1
201504WD15181,1,9,0,14,0,0,0,0,0,0,1,1,6,2,47,8,1997,1,10,-1,1,-1
201504WD15181,2,9,0,4,0,0,0,0,0,0,2,1,6,2,52,8,-1,-1,-1,-1,1,-1
201504WD15182,1,9,0,18,0,0,1,0,1,0,1,1,6,1,23,5,1998,1,7,-1,1,-1
201504WD15182,2,9,0,3,0,0,0,0,0,0,2,1,6,1,65,9,1995,1,12,-1,1,-1
201504WD15182,3,9,0,18,0,0,0,4,0,0,3,1,6,1,47,8,1984,1,14,-1,1,-1
201504WD15182,4,9,0,2,0,0,0,0,0,0,3,1,6,3,-1,-1,1332,1,10,-1,-1,-1
201504WD15183,1,9,0,18,0,0,0,0,0,0,3,1,6,3,-1,-1,-1,-1,-1,-1,-1,-1
201504WD15184,1,19,0,18,0,0,1,0,1,0,1,1,1,1,50,8,2198,2,2,-1,2,-1
201504WD15184,2,9,0,3,0,0,0,0,0,0,2,1,6,2,30,6,-1,-1,-1,-1,-1,-1
201504WD15184,3,9,0,3,0,0,0,0,0,0,2,1,1,1,42,7,1560,2,3,-1,-1,-1
201504WD15185,1,9,0,15,0,8,0,0,0,0,1,1,2,2,43,7,999,1,6,-1,-1,-1
201504WD15185,2,9,0,5,0,6,0,0,0,0,1,1,2,2,20,4,1240,1,5,-1,-1,-1
201504WD15185,3,9,0,10,0,1,0,0,0,0,0,1,6,3,-1,-1,-1,-1,-1,-1,-1,-1
201504WD15186,1,9,0,2,0,0,0,0,0,0,2,1,2,1,63,9,1997,2,6,-1,1,-1
201504WD15187,1,9,0,7,0,0,1,0,1,10,1,1,6,1,22,5,1796,1,12,-1,1,-1
201504WD15188,1,9,0,4,0,1,0,0,0,0,1,1,6,1,64,9,1198,1,1,-1,-1,-1
201504WD15188,2,9,0,8,0,1,0,0,0,0,2,1,6,1,44,7,1598,1,16,-1,1,-1
201504WD15189,1,9,0,18,0,2,0,0,0,0,1,1,6,3,-1,-1,-1,-1,-1,-1,-1,-1
201504WD15190,1,9,0,17,0,0,1,0,1,10,3,1,6,2,50,8,1242,1,15,-1,-1,-1
201504WD15191,1,90,0,16,0,0,0,0,0,0,1,1,6,2,23,5,-1,-1,-1,-1,1,-1
201504WD15191,2,90,0,17,0,0,0,0,0,0,1,1,1,1,45,7,-1,-1,-1,-1,1,-1
201504WD15192,1,9,0,18,0,0,0,0,0,0,0,1,1,1,63,9,2148,2,13,-1,1,-1
201504WD15193,1,9,0,5,0,1,0,0,0,0,3,1,6,1,80,11,-1,-1,-1,-1,1,-1
201504WD15193,2,11,0,18,0,8,0,0,0,0,1,1,6,1,45,7,9200,2,13,-1,-1,-1
201504WD15194,1,9,0,9,0,6,0,0,0,0,1,1,6,1,47,8,1195,1,18,-1,-1,-1
201504WD15194,2,5,0,18,0,1,0,0,0,0,4,1,6,1,28,6,600,1,13,-1,1,-1
201504WD15195,1,9,0,6,0,1,0,0,0,0,3,1,6,2,39,7,898,1,1,-1,1,-1
201504WD15195,2,4,0,18,0,8,0,0,0,0,1,1,6,1,21,5,471,1,1,-1,1,-1
201504WD15196,1,9,0,5,0,4,0,0,0,0,1,1,2,2,41,7,1598,1,9,-1,1,-1
201504WD15196,2,9,0,5,0,4,0,0,0,0,2,1,2,2,55,8,1399,2,7,-1,1,-1
201504WD15197,1,9,0,5,0,0,0,0,0,0,0,1,6,1,80,11,1997,2,9,-1,1,-1
201504WD15197,2,3,0,18,0,0,0,0,0,0,3,1,6,1,51,8,125,1,9,-1,1,-1
201504WD15198,1,1,0,9,0,5,0,0,0,0,3,1,6,1,61,9,-1,-1,-1,-1,1,-1
201504WD15198,2,1,0,13,0,1,0,0,0,0,4,1,6,1,46,8,-1,-1,-1,-1,-1,-1
201504WD15199,1,9,0,18,0,3,0,0,0,0,4,1,6,3,-1,-1,-1,-1,-1,-1,-1,-1
201504WD15200,1,9,0,9,0,6,0,0,0,0,1,1,2,1,45,7,1986,2,10,-1,1,-1
201504WD15200,2,9,0,18,0,8,0,0,7,10,4,1,6,1,-1,-1,1360,1,17,-1,1,-1
201504WD15201,1,9,0,9,0,8,0,0,0,0,1,1,6,2,32,6,1598,1,8,-1,-1,-1
201504WD15202,1,3,0,9,0,2,1,0,0,0,3,1,6,1,24,5,124,1,3,-1,-1,-1
201504WD15202,2,10,0,18,0,1,0,0,0,0,1,1,6,2,71,10,-1,-1,-1,-1,2,-1
201504WD15203,1,9,0,18,0,0,0,0,0,0,0,1,6,3,-1,-1,-1,-1,-1,-1,-1,-1
201504WD15204,1,9,0,18,0,0,5,4,0,0,1,1,6,1,19,4,1461,2,12,-1,1,-1
201504WD15204,2,9,0,2,0,0,0,0,0,0,2,1,6,3,-1,-1,1240,1,10,-1,-1,-1
201504WD15205,1,9,0,9,0,2,0,4,0,0,1,1,6,1,18,4,-1,-1,-1,-1,1,-1
201504WD15205,2,9,0,2,0,1,0,0,0,0,3,1,6,3,-1,-1,1596,1,15,-1,-1,-1
201504WD15205,3,9,0,18,0,1,0,0,0,0,1,1,6,2,21,5,1596,1,12,-1,1,-1
201504WD15206,1,9,0,5,0,2,0,0,0,0,1,1,1,1,54,8,-1,-1,-1,-1,1,-1
201504WD15206,2,1,0,18,0,1,0,0,0,0,1,1,6,1,50,8,-1,-1,-1,-1,1,-1
201504WD15207,1,90,0,18,0,0,0,0,7,0,1,1,6,1,21,5,-1,-1,-1,-1,1,-1
201504WD15207,2,9,0,2,0,0,0,0,0,0,2,1,6,3,-1,-1,-1,-1,-1,-1,-1,-1
201504WD15207,3,9,0,2,0,0,0,0,0,0,2,1,6,3,-1,-1,-1,-1,-1,-1,-1,-1
201504WD15208,1,19,0,2,0,0,0,0,0,0,3,1,1,1,54,8,1998,2,10,-1,1,-1
201504WD15208,2,1,0,18,0,0,0,0,0,0,1,1,1,2,49,8,-1,-1,-1,-1,1,-1
201504WD15209,1,3,0,18,0,0,2,10,0,0,1,1,6,1,17,4,124,1,-1,-1,3,-1
201504WD15210,1,9,0,18,0,1,0,0,0,0,1,1,6,1,22,5,998,1,9,-1,1,-1
201504WD15210,2,9,0,18,0,1,0,0,0,0,4,1,6,2,31,6,1582,2,8,-1,1,-1
201504WD15211,1,9,0,1,0,1,0,0,0,0,2,1,2,2,26,6,1560,2,6,-1,1,-1
201504WD15211,2,90,0,2,0,2,0,0,0,0,2,1,6,1,53,8,-1,-1,-1,-1,1,-1
201504WD15212,1,9,0,7,0,3,0,0,0,0,4,1,2,1,25,5,1396,1,12,-1,-1,-1
201504WD15212,2,1,0,18,0,8,0,0,0,0,1,1,2,1,30,6,-1,-1,-1,-1,2,-1
201504WD15213,1,9,0,5,0,4,0,0,0,0,3,1,6,2,52,8,1995,2,-1,-1,1,-1
201504WD15213,2,1,0,18,0,8,0,0,0,0,1,1,1,1,58,9,-1,-1,-1,-1,1,-1
201504WD15214,1,9,0,5,0,2,0,0,0,0,1,1,6,1,68,10,1997,1,8,-1,1,-1
201504WD15214,2,2,0,18,0,1,1,0,0,0,1,1,1,1,17,4,49,1,4,-1,1,-1
201504WD15215,1,9,0,18,0,0,0,0,1,2,1,1,6,1,23,5,1993,1,-1,-1,1,-1
201504WD15216,1,9,0,18,0,6,0,0,0,0,1,1,6,2,28,6,1398,2,13,-1,1,-1
201504WD15216,2,11,0,18,0,1,0,0,1,10,1,1,1,1,55,8,5900,2,11,-1,-1,-1
201504WD15216,3,9,0,9,0,1,0,0,7,10,1,1,6,1,68,10,1598,1,3,-1,1,-1
201504WD15217,1,9,0,6,0,0,0,0,0,0,1,1,2,1,55,8,2993,2,2,-1,3,-1
201504WD15217,2,9,0,18,0,0,0,0,1,0,1,1,2,2,39,7,1598,1,11,-1,3,-1
201504WD15218,1,9,0,18,0,0,0,0,7,4,1,1,6,2,57,9,1275,1,17,-1,1,-1
201504WD15218,2,21,0,4,0,0,0,0,0,0,2,1,1,1,55,8,12740,2,3,-1,1,-1
201504WD15219,1,9,0,18,0,8,0,0,0,0,3,1,6,2,86,11,1329,1,4,-1,1,-1
201504WD15219,2,9,0,18,0,8,0,0,0,0,1,1,6,1,21,5,1461,2,-1,-1,1,-1
201504WD15220,1,9,0,7,0,5,0,7,0,0,1,1,6,1,76,11,1689,2,13,-1,1,-1
201504WD15221,1,9,0,7,0,8,0,0,3,6,1,1,6,2,87,11,998,1,14,-1,1,-1
201504WD15222,1,9,0,1,0,0,0,0,0,0,2,1,1,1,-1,-1,-1,-1,-1,-1,-1,-1
201504WD15222,2,9,0,2,0,0,0,0,0,0,1,1,6,2,44,7,1490,1,6,-1,1,-1
201504WD15223,1,11,0,18,0,0,0,0,0,0,3,1,1,1,-1,-1,-1,-1,-1,-1,-1,-1
201504WD15224,1,9,0,4,0,1,0,0,0,0,1,1,6,1,76,11,998,1,2,-1,1,-1
201504WD15224,2,9,0,2,0,1,0,0,0,0,2,1,6,1,34,6,1896,2,11,-1,3,-1
201504WD15225,1,9,0,18,0,0,0,4,0,0,1,1,6,2,65,9,1399,1,10,-1,1,-1
201504WD15225,2,9,0,2,0,0,0,4,1,0,2,1,6,1,-1,-1,1598,1,7,-1,-1,-1
201504WD15225,3,9,0,2,0,0,0,0,0,0,2,1,6,3,-1,-1,1968,2,2,-1,-1,-1
201504WD15226,1,1,0,18,0,2,0,0,0,0,2,1,4,1,12,3,-1,-1,-1,-1,1,-1
201504WD15226,2,9,0,18,0,2,0,0,0,0,1,1,6,2,71,10,1339,8,3,-1,1,-1
201504WD15227,1,9,0,3,0,1,0,0,0,0,1,1,1,1,31,6,1591,1,-1,-1,1,-1
201504WD15227,2,9,0,3,0,1,0,0,0,0,2,1,6,2,70,10,999,1,1,-1,2,-1
201504WD15228,1,9,0,15,0,0,0,0,0,0,4,1,6,1,81,11,1242,1,7,-1,1,-1
201504WD15228,2,1,0,18,0,0,0,0,0,0,3,1,6,1,48,8,-1,-1,-1,-1,1,-1
201504WD15229,1,9,0,13,0,0,0,0,0,0,2,1,6,2,36,7,1798,1,7,-1,1,-1
201504WD15229,2,1,0,14,0,0,0,0,0,0,1,1,1,1,15,3,-1,-1,-1,-1,1,-1
201504WD15230,1,2,0,4,0,1,0,0,0,0,1,1,6,1,16,4,49,1,3,-1,1,-1
201504WD15230,2,9,0,3,0,1,0,0,0,0,2,1,6,2,34,6,1995,2,1,-1,1,-1
201504WD15231,1,9,0,18,0,7,0,0,0,0,1,1,2,1,28,6,1896,2,14,-1,-1,-1
201504WD15231,2,1,0,18,0,1,0,0,0,0,4,1,6,1,28,6,-1,-1,-1,-1,-1,-1
201504WD15232,1,9,0,5,0,1,0,0,0,0,1,1,6,2,31,6,1995,1,12,-1,1,-1
201504WD15232,2,9,0,4,0,1,0,0,0,0,2,1,6,2,29,6,1364,2,-1,-1,1,-1
201504WD15233,1,9,0,1,0,0,0,0,0,0,2,1,6,3,-1,-1,2993,2,10,-1,-1,-1
201504WD15234,1,9,0,18,1,8,0,2,0,1,1,1,6,1,39,7,1242,1,8,-1,1,-1
201504WD15234,2,9,0,17,0,8,0,0,0,1,3,1,2,1,36,7,1598,1,10,-1,1,-1
201504WD15235,1,1,0,5,0,1,0,0,0,0,1,1,4,1,13,3,-1,-1,-1,-1,1,-1
201504WD15235,2,9,0,5,0,1,0,0,0,0,1,1,3,2,42,7,2143,2,3,-1,1,-1
201504WD15236,1,9,0,18,0,8,0,0,0,0,1,1,1,1,39,7,1332,1,17,-1,1,-1
201504WD15236,2,1,0,18,0,8,0,0,0,0,1,1,6,1,19,4,-1,-1,-1,-1,1,-1
201504WD15237,1,9,0,18,0,1,0,0,0,0,1,1,6,1,21,5,-1,-1,-1,-1,2,-1
201504WD15237,2,19,0,9,0,8,0,0,0,0,4,1,1,1,51,8,-1,-1,-1,-1,-1,-1
201504WD15238,1,8,0,18,0,0,0,0,0,0,2,1,1,1,60,9,2521,1,8,-1,-1,-1
201504WD15239,1,9,0,18,0,0,1,4,0,0,1,1,6,2,21,5,999,1,3,-1,1,-1
201504WD15239,2,9,0,2,0,0,0,0,0,0,0,1,6,3,-1,-1,2143,2,-1,-1,-1,-1
201504WD15239,3,9,0,2,0,0,0,0,0,0,3,1,6,3,-1,-1,3200,2,12,-1,-1,-1
2015051500004,1,9,0,18,0,8,0,0,0,0,0,1,6,3,-1,-1,-1,-1,-1,-1,-1,-1
2015051500004,2,1,0,18,0,8,0,0,0,0,0,1,6,2,39,7,-1,-1,-1,-1,1,-1
2015051500005,1,8,0,18,0,1,5,0,5,4,3,1,2,1,54,8,-1,-1,-1,-1,1,-1
2015051500006,1,9,0,18,0,0,0,0,0,0,0,1,6,2,54,8,1124,1,10,-1,1,-1
2015051500007,1,9,0,18,0,1,0,0,0,0,1,1,6,3,-1,-1,1242,1,8,-1,-1,-1
2015051500007,2,9,0,7,0,5,0,0,0,0,1,1,6,1,22,5,2790,1,8,-1,1,-1
2015051500013,1,9,0,5,0,1,0,0,0,0,1,1,6,1,25,5,1796,1,13,-1,1,-1
2015051500013,2,1,0,18,0,8,0,0,0,0,4,1,2,1,43,7,-1,-1,-1,-1,1,-1
2015051500015,1,9,0,9,0,1,0,0,0,0,1,1,2,1,22,5,-1,-1,-1,-1,1,-1
2015051500015,2,9,0,18,0,1,0,0,0,0,3,1,6,1,20,4,1598,1,3,-1,1,-1
2015051500020,1,9,0,18,0,8,1,0,0,0,3,1,6,1,23,5,2143,2,1,-1,1,-1
2015051500020,2,9,0,9,0,8,0,0,0,0,1,1,6,2,44,7,1598,1,6,-1,1,-1
2015051500022,1,9,0,7,0,6,0,0,0,0,3,1,6,1,80,11,1364,1,7,-1,1,-1
2015051500022,2,9,0,18,0,1,0,0,0,0,1,1,1,1,54,8,1582,2,3,-1,1,-1
2015051500023,1,9,0,7,0,8,0,0,0,0,1,1,6,1,51,8,1956,2,4,-1,1,-1
2015051500025,1,8,0,9,0,5,1,0,0,0,2,1,1,1,57,9,1896,2,7,-1,1,-1
2015051500025,2,9,0,18,0,1,0,0,0,0,1,1,2,1,59,9,1598,1,10,-1,1,-1
2015051500027,1,9,0,18,0,0,0,0,0,0,4,1,6,1,27,6,1753,2,6,-1,1,-1
2015051500028,1,9,0,18,0,1,0,0,0,0,1,1,6,2,23,5,1199,1,2,-1,1,-1
2015051500029,1,9,0,18,0,4,0,0,0,0,3,1,6,2,38,7,1197,1,3,-1,1,-1
2015051500029,2,2,0,18,0,8,0,0,0,0,4,1,6,1,16,4,50,1,1,-1,-1,-1
2015051500031,1,5,0,18,0,4,0,0,0,0,3,1,6,1,47,8,675,1,1,-1,1,-1
2015051500032,1,9,0,7,0,6,0,0,0,0,3,1,6,1,77,11,998,1,17,-1,1,-1
2015051500032,2,9,0,18,0,1,0,0,0,0,1,1,6,1,34,6,1560,2,2,-1,1,-1
2015051500033,1,9,0,18,0,0,0,0,4,0,1,1,6,1,23,5,1968,2,9,-1,1,-1
2015051500033,2,9,0,18,0,0,1,0,1,2,2,1,6,1,54,8,-1,-1,-1,-1,2,-1
2015051500034,1,9,0,13,0,0,1,10,1,11,4,1,6,1,20,4,1995,2,7,-1,1,-1
2015051500034,2,9,0,18,0,0,0,0,0,0,3,1,6,2,55,8,1360,1,14,-1,1,-1
2015051500035,1,9,0,9,0,1,0,0,0,0,3,1,2,2,30,6,1124,1,5,-1,1,-1
2015051500035,2,1,0,18,0,1,0,0,0,0,1,1,2,1,26,6,-1,-1,-1,-1,1,-1
2015051500037,1,9,0,9,0,6,0,0,0,0,3,1,6,1,78,11,1598,1,4,-1,1,-1
2015051500037,2,1,0,18,0,8,0,0,0,0,1,1,2,1,39,7,-1,-1,-1,-1,1,-1
2015051500039,1,9,0,3,0,0,0,0,0,0,1,1,6,2,24,5,1686,2,2,-1,1,-1
2015051500039,2,1,0,3,0,0,0,0,0,0,3,1,3,1,51,8,-1,-1,-1,-1,1,-1
2015051500040,1,9,0,18,0,0,0,0,0,0,1,1,6,2,55,8,1461,2,5,-1,1,-1
2015051500040,2,9,0,3,0,0,0,0,0,0,2,1,6,2,33,6,1498,1,8,-1,1,-1
2015051500041,1,9,0,13,0,1,0,0,0,0,1,1,6,3,-1,-1,2319,1,16,-1,-1,-1
2015051500041,2,9,0,14,0,1,0,0,0,0,4,1,6,1,19,4,1229,1,5,-1,1,-1
2015051500041,3,11,0,2,0,1,0,0,0,0,3,1,1,1,47,8,5900,2,8,-1,1,-1
2015051500042,1,8,0,18,0,0,0,0,0,0,1,1,1,1,33,6,1753,2,7,-1,1,-1
2015051500042,2,9,0,4,0,0,0,0,0,0,2,1,6,2,51,8,998,1,2,-1,1,-1
2015051500043,1,9,0,10,0,8,0,0,0,0,1,1,2,1,43,7,2351,1,12,-1,1,-1
2015051500043,2,3,0,18,0,8,1,0,0,0,1,1,2,1,23,5,124,1,1,-1,1,-1
2015051500045,1,9,0,18,0,1,1,0,0,0,1,1,6,1,18,4,-1,-1,-1,-1,3,-1
2015051500045,2,8,0,4,0,1,0,0,0,0,2,1,1,1,51,8,1560,2,5,-1,1,-1
2015051500046,1,9,0,18,0,0,0,0,0,0,1,1,6,3,-1,-1,-1,-1,-1,-1,-1,-1
2015051500046,2,1,0,18,0,0,0,0,0,0,2,1,6,1,28,6,-1,-1,-1,-1,1,-1
2015051500047,1,9,0,4,0,1,0,0,0,0,2,1,6,1,53,8,1598,2,1,-1,1,-1
2015051500047,2,9,0,4,0,1,0,0,0,0,2,1,6,1,54,8,-1,-1,-1,-1,1,-1
2015051500049,1,9,0,18,0,2,0,0,0,0,3,1,6,2,17,4,1242,1,8,-1,1,-1
2015051500049,2,1,0,5,0,1,0,0,0,0,1,1,6,1,14,3,-1,-1,-1,-1,1,-1
2015051500050,1,9,0,7,0,6,0,0,0,0,1,1,2,1,29,6,2184,2,6,-1,1,-1
2015051500050,2,1,0,18,0,2,0,0,0,0,4,1,2,1,54,8,-1,-1,-1,-1,1,-1
2015051500052,1,3,0,18,0,8,0,0,0,0,1,1,2,1,19,4,124,1,3,-1,1,-1
2015051500052,2,9,0,18,0,8,0,0,0,0,4,1,6,1,58,9,1364,1,8,-1,1,-1
2015051500053,1,9,0,18,0,2,0,4,0,0,1,1,1,1,46,8,-1,-1,-1,-1,1,-1
2015051500053,2,19,0,2,0,2,0,0,0,0,2,1,1,1,50,8,2402,2,5,-1,1,-1
2015051500056,1,9,0,18,0,4,0,0,0,0,1,1,6,2,46,8,1598,1,2,-1,1,-1
2015051500056,2,9,0,18,0,8,0,0,0,0,1,1,6,1,43,7,1997,2,1,-1,1,-1
2015051500058,1,9,0,14,0,0,0,0,0,0,1,1,6,2,30,6,1242,1,7,-1,1,-1
2015051500059,1,2,0,9,0,1,1,0,0,0,3,1,6,1,62,9,49,1,1,-1,1,-1
2015051500060,1,9,0,18,0,4,0,0,0,0,1,1,6,2,73,10,998,1,9,-1,1,-1
2015051500060,2,1,0,16,0,3,0,0,0,0,4,1,6,1,53,8,-1,-1,-1,-1,1,-1
2015051500064,1,11,0,18,0,1,0,0,0,0,3,1,1,1,57,9,6696,2,1,-1,-1,-1
2015051500067,1,9,0,5,0,1,0,0,0,0,3,1,2,1,34,6,1248,2,3,-1,1,-1
2015051500067,2,9,0,18,0,1,0,0,0,0,1,1,6,1,25,5,1753,2,9,-1,1,-1
2015051500068,1,9,0,10,0,1,0,0,0,0,4,1,1,2,46,8,1360,1,12,-1,1,-1
2015051500068,2,9,0,18,0,1,0,0,0,0,3,1,6,1,50,8,1461,2,3,-1,1,-1
2015051500069,1,9,0,7,0,4,0,0,0,0,1,1,1,2,27,6,1582,2,2,-1,-1,-1
2015051500069,2,1,0,18,0,8,0,0,0,0,4,1,2,1,51,8,-1,-1,-1,-1,1,-1
2015051500070,1,9,0,18,0,8,0,0,7,1,1,1,6,2,50,8,-1,-1,-1,-1,1,-1
2015051500070,2,9,0,9,0,8,0,0,0,0,3,1,6,2,40,7,1390,1,15,-1,1,-1
2015051500071,1,11,0,18,0,0,0,0,0,0,1,1,1,1,46,8,6700,2,5,-1,2,-1
2015051500072,1,9,0,18,0,0,0,0,0,0,1,1,2,1,58,9,1753,2,12,-1,1,-1
2015051500073,1,9,0,16,0,2,1,0,2,11,3,1,6,1,26,6,-1,-1,-1,-1,1,-1
2015051500073,2,9,0,18,0,1,0,0,0,0,3,1,6,1,22,5,973,1,13,-1,1,-1
2015051500074,1,9,0,9,0,8,0,0,0,0,3,1,2,1,24,5,1396,1,11,-1,1,-1
2015051500074,2,3,0,18,0,8,1,0,0,0,1,1,2,1,23,5,124,1,3,-1,1,-1
2015051500075,1,9,0,18,0,8,0,0,0,0,1,1,6,1,-1,-1,1598,2,1,-1,-1,-1
2015051500075,2,9,0,5,0,6,0,0,7,11,3,1,6,1,23,5,-1,-1,-1,-1,1,-1
2015051500076,1,9,0,18,0,8,0,0,1,1,1,1,6,1,22,5,-1,-1,-1,-1,1,-1
2015051500076,2,9,0,18,0,8,0,0,0,0,4,1,2,1,46,8,1997,2,11,-1,1,-1
2015051500079,1,3,0,9,0,8,0,0,0,0,1,1,6,1,17,4,124,1,-1,-1,1,-1
2015051500079,2,9,0,18,0,8,0,0,0,0,1,1,6,1,25,5,1461,2,2,-1,1,-1
2015051500081,1,9,0,4,0,1,0,0,0,0,1,1,6,1,21,5,1360,1,9,-1,1,-1
2015051500081,2,9,0,18,0,1,0,0,1,0,3,1,6,1,71,10,1560,2,3,-1,1,-1
2015051500085,1,11,0,14,0,1,0,0,0,0,1,1,1,1,63,9,-1,2,14,-1,-1,-1
2015051500086,1,9,0,5,0,0,0,0,0,0,1,1,6,1,24,5,998,1,7,-1,1,-1
2015051500087,1,9,0,6,0,0,0,0,0,0,3,1,6,2,48,8,998,1,3,-1,1,-1
2015051500087,2,9,0,18,0,0,1,0,0,0,1,1,2,1,49,8,-1,-1,-1,-1,1,-1
2015051500088,1,9,0,18,0,0,0,0,0,0,1,1,6,1,74,10,1240,1,12,-1,1,-1
2015051500089,1,9,0,18,0,1,1,0,0,0,1,1,6,1,31,6,1598,1,11,-1,1,-1
2015051500089,2,9,0,9,0,1,0,0,0,0,2,1,6,1,34,6,1997,2,4,-1,-1,-1
2015051500091,1,9,0,9,0,5,0,0,0,0,4,1,6,1,48,8,1995,2,5,-1,1,-1
2015051500091,2,9,0,18,0,8,0,0,0,0,1,1,6,2,18,4,998,1,5,-1,3,-1
2015051500091,3,19,0,3,0,1,0,0,0,0,0,1,6,3,-1,-1,-1,-1,-1,-1,-1,-1
2015051500092,1,19,0,18,0,1,0,10,0,0,1,1,6,1,24,5,1248,2,7,-1,1,-1
2015051500093,1,9,0,18,0,1,0,0,0,0,0,1,1,1,28,6,1582,2,2,-1,1,-1
2015051500093,2,9,0,18,0,3,1,7,8,1,1,1,6,1,20,4,1781,1,14,-1,1,-1
2015051500093,3,9,0,2,0,2,0,0,0,0,2,1,6,3,-1,-1,1896,2,7,-1,-1,-1
2015051500096,1,9,0,18,0,0,0,0,0,0,0,1,1,1,34,6,1582,2,3,-1,-1,-1
2015051500096,2,9,0,18,0,0,0,0,0,0,1,1,6,1,22,5,1997,2,11,-1,1,-1
2015051500096,3,9,0,2,0,0,0,0,0,0,2,1,6,1,25,5,1364,1,9,-1,1,-1
2015051500097,1,9,0,9,0,8,0,0,0,0,1,1,6,2,66,10,1399,1,9,-1,1,-1
2015051500097,2,1,0,18,0,8,0,0,0,0,2,1,6,1,67,10,-1,-1,-1,-1,1,-1
2015051500098,1,1,0,18,0,0,0,0,0,0,1,1,2,1,43,7,-1,-1,-1,-1,1,-1
2015051500098,2,9,0,5,0,0,0,0,0,0,1,1,6,1,66,10,1149,1,1,-1,1,-1
2015051500099,1,9,0,18,0,0,0,0,0,0,1,1,3,1,52,8,1797,8,1,-1,1,-1
2015051500100,1,9,0,18,0,1,0,0,0,0,0,1,1,1,28,6,1995,2,3,-1,1,-1
2015051500100,2,9,0,18,0,8,0,0,0,0,1,1,6,1,22,5,1390,1,3,-1,1,-1
2015051500100,3,9,0,8,0,8,0,0,0,0,4,1,6,2,41,7,1397,1,7,-1,1,-1
2015051500100,4,9,0,9,0,6,0,4,0,0,4,1,6,2,46,8,1596,1,5,-1,1,-1
2015051500100,5,9,0,2,0,1,0,0,0,0,3,1,6,3,-1,-1,1596,1,-1,-1,-1,-1
2015051500101,1,9,0,18,0,1,1,0,0,0,4,1,6,1,48,8,1582,2,3,-1,1,-1
2015051500103,1,3,0,17,0,0,0,10,0,0,4,1,2,1,30,6,125,1,-1,-1,1,-1
2015051500104,1,9,0,1,0,0,0,0,0,0,2,1,6,1,26,6,2521,1,7,-1,1,-1
2015051500109,1,9,0,7,0,8,0,0,0,0,3,1,2,2,51,8,1560,2,8,-1,1,-1
2015051500109,2,9,0,18,0,8,0,0,0,0,4,1,1,1,51,8,1956,2,4,-1,1,-1
2015051500110,1,9,0,18,0,1,0,0,0,0,1,1,6,1,35,6,1596,1,12,-1,1,-1
2015051500110,2,1,0,18,0,1,0,0,0,0,4,1,2,1,41,7,-1,-1,-1,-1,1,-1
2015051500111,1,9,0,7,0,6,0,0,0,0,1,1,1,1,35,6,1997,1,17,-1,1,-1
2015051500111,2,1,0,18,0,6,0,0,0,0,1,1,6,1,60,9,-1,-1,-1,-1,1,-1
2015051500116,1,9,0,18,0,0,0,0,0,0,4,1,2,2,25,5,1242,1,9,-1,1,-1
2015051500117,1,9,0,9,0,8,0,0,0,0,3,1,6,2,51,8,-1,-1,-1,-1,1,-1
2015051500117,2,3,0,18,0,1,0,0,0,0,1,1,6,1,44,7,200,1,4,-1,1,-1
2015051500118,1,9,0,18,0,2,0,0,0,0,2,1,6,1,23,5,-1,-1,-1,-1,1,-1
2015051500118,2,21,1,18,0,2,0,0,0,0,1,1,1,1,62,9,12900,2,7,-1,1,-1
2015051500119,1,9,0,1,0,0,0,0,0,0,2,1,1,1,53,8,1686,2,2,-1,1,-1
2015051500119,2,1,0,18,0,0,0,0,0,0,3,1,2,2,42,7,-1,-1,-1,-1,1,-1