Accident_Index,Vehicle_Reference,Vehicle_Type,Towing_and_Articulation,Vehicle_Manoeuvre,Vehicle_Location-Restricted_Lane,Junction_Location,Skidding_and_Overturning,Hit_Object_in_Carriageway,Vehicle_Leaving_Carriageway,Hit_Object_off_Carriageway,1st_Point_of_Impact,Was_Vehicle_Left_Hand_Drive?,Journey_Purpose_of_Driver,Sex_of_Driver,Age_of_Driver,Age_Band_of_Driver,Engine_Capacity_(CC),Propulsion_Code,Age_of_Vehicle,Driver_IMD_Decile,Driver_Home_Area_Type,Vehicle_IMD_Decile
2015051500351,2,9,0,2,0,0,0,0,0,0,4,1,6,2,33,6,1582,2,5,-1,1,-1
2015051500353,1,9,0,4,0,1,0,0,0,0,1,1,6,2,48,8,1997,2,4,-1,1,-1
2015051500353,2,9,0,3,0,1,0,0,0,0,2,1,6,1,36,7,1686,2,3,-1,1,-1
2015051500354,1,9,0,15,0,1,0,0,0,0,1,1,6,1,52,8,-1,-1,-1,-1,1,-1
2015051500354,2,3,0,3,0,1,0,0,0,0,2,1,6,1,18,4,124,1,1,-1,1,-1
2015051500355,1,9,0,18,0,8,0,0,0,0,4,1,6,3,-1,-1,-1,-1,-1,-1,-1,-1
2015051500355,2,1,0,18,0,8,0,0,0,0,3,1,6,1,32,6,-1,-1,-1,-1,1,-1
2015051500356,1,9,0,18,0,0,5,7,1,2,1,1,6,1,30,6,1796,1,4,-1,1,-1
2015051500357,1,9,0,9,0,1,0,0,0,0,1,1,6,2,22,5,1242,1,4,-1,1,-1
2015051500357,2,9,0,10,0,1,0,0,0,0,2,1,6,2,40,7,1997,2,3,-1,1,-1
2015051500358,1,9,0,9,0,8,0,0,0,0,4,1,6,2,82,11,-1,-1,-1,-1,1,-1
2015051500358,2,9,0,18,0,1,0,0,0,0,1,1,6,1,23,5,1349,1,6,-1,1,-1
2015051500359,1,9,0,9,0,8,0,0,0,0,1,1,2,2,65,9,1390,1,7,-1,1,-1
2015051500359,2,1,0,18,0,8,0,0,0,0,1,1,2,1,48,8,-1,-1,-1,-1,1,-1
2015051500360,1,9,0,18,0,1,0,0,0,0,1,1,6,1,79,11,1240,1,6,-1,1,-1
2015051500360,2,5,0,18,0,1,0,0,0,0,2,1,6,1,50,8,916,1,18,-1,1,-1
2015051500361,1,9,0,1,0,0,0,0,0,0,2,1,6,3,-1,-1,-1,-1,-1,-1,-1,-1
2015051500362,1,9,0,9,0,2,0,0,0,0,1,1,6,1,51,8,1560,2,2,-1,1,-1
2015051500363,1,9,0,11,0,0,1,0,0,0,1,1,2,1,54,8,1997,2,7,-1,1,-1
2015051500363,2,9,0,18,0,0,0,0,0,0,3,1,2,1,41,7,-1,-1,-1,-1,1,-1
2015051500364,1,9,0,9,0,5,0,0,0,0,1,1,3,1,55,8,1296,1,9,-1,1,-1
2015051500364,2,1,0,18,0,8,0,0,0,0,3,1,6,2,20,4,-1,-1,-1,-1,1,-1
2015051500367,1,9,0,13,0,8,0,0,0,0,4,1,1,1,44,7,1995,2,1,-1,1,-1
2015051500367,2,9,0,9,0,1,0,0,0,0,3,1,6,1,47,8,1364,1,5,-1,1,-1
2015051500368,1,9,0,7,0,1,0,0,0,0,4,1,2,1,41,7,1598,2,1,-1,1,-1
2015051500368,2,1,0,18,0,1,0,0,0,0,1,1,2,1,26,6,-1,-1,-1,-1,1,-1
2015051500369,1,9,0,18,0,8,0,0,0,0,4,1,2,1,56,9,2143,2,3,-1,1,-1
2015051500369,2,9,0,18,0,8,0,0,0,0,1,1,2,1,46,8,2496,1,12,-1,1,-1
2015051500370,1,9,0,18,0,1,0,0,0,0,1,1,1,1,23,5,1896,2,8,-1,1,-1
2015051500370,2,9,0,10,0,1,0,0,0,0,2,1,6,1,20,4,1461,2,11,-1,1,-1
2015051500374,1,1,0,5,0,8,0,0,0,0,1,1,6,2,44,7,-1,-1,-1,-1,1,-1
2015051500374,2,9,0,18,0,8,0,0,0,0,4,1,6,2,27,6,1598,1,10,-1,1,-1
2015051500376,1,9,0,18,0,1,1,0,7,2,1,1,6,1,45,7,1596,1,9,-1,1,-1
2015051500376,2,9,0,2,0,1,0,0,0,0,1,1,6,3,-1,-1,1598,1,3,-1,-1,-1
2015051500377,1,8,0,18,0,0,0,0,0,0,4,1,1,1,59,9,1997,2,7,-1,1,-1
2015051500377,2,9,0,2,0,0,0,0,0,0,0,2,3,2,34,6,1753,2,5,-1,1,-1
2015051500378,1,8,0,18,0,1,0,0,0,0,1,1,1,1,25,5,1598,1,7,-1,1,-1
2015051500378,2,9,0,3,0,1,0,0,0,0,2,1,2,1,65,9,1997,12,3,-1,1,-1
2015051500379,1,3,0,18,0,1,0,0,0,0,1,1,2,2,24,5,125,1,1,-1,1,-1
2015051500379,2,9,0,3,0,1,0,0,0,0,2,1,2,1,26,6,1198,1,4,-1,1,-1
2015051500380,1,9,0,18,0,0,0,0,0,0,1,1,6,3,-1,-1,2400,2,5,-1,-1,-1
2015051500380,2,9,0,3,0,0,0,0,0,0,2,1,6,2,42,7,1596,1,10,-1,1,-1
2015051500381,1,9,0,18,0,1,0,0,0,0,1,1,6,3,-1,-1,-1,-1,-1,-1,-1,-1
2015051500382,1,1,0,18,0,0,0,0,0,0,1,1,2,2,39,7,-1,-1,-1,-1,1,-1
2015051500382,2,9,0,5,0,0,0,0,0,0,1,1,6,2,26,6,1275,1,17,-1,1,-1
2015051500383,1,9,0,18,0,1,1,0,0,0,1,1,6,2,45,7,1560,2,4,-1,2,-1
2015051500383,2,9,0,18,0,1,0,0,0,0,1,1,2,2,24,5,-1,-1,-1,-1,1,-1
2015051500384,1,9,0,18,0,0,0,0,0,0,1,1,6,2,79,11,1388,1,6,-1,1,-1
2015051500384,2,9,0,18,0,0,0,0,0,0,2,1,6,1,48,8,1598,1,2,-1,1,-1
2015051500385,1,9,0,13,0,0,0,0,0,0,4,1,6,2,34,6,1598,1,8,-1,1,-1
2015051500385,2,9,0,18,0,0,0,0,0,0,3,1,6,2,21,5,1299,1,13,-1,1,-1
2015051500386,1,9,0,18,0,4,0,0,0,0,3,1,6,1,34,6,1596,1,14,-1,1,-1
2015051500386,2,1,0,18,0,3,0,0,0,0,1,1,6,1,44,7,-1,-1,-1,-1,1,-1
2015051500387,1,19,0,18,0,0,0,0,0,0,4,1,1,1,49,8,2287,2,2,-1,1,-1
2015051500388,1,19,0,18,0,0,0,0,0,0,1,1,6,1,-1,-1,1399,2,7,-1,-1,-1
2015051500388,2,9,0,3,0,0,0,0,0,0,2,1,6,1,74,10,1910,2,8,-1,2,-1
2015051500390,1,9,0,18,0,0,2,4,0,0,1,1,6,1,23,5,1124,1,16,-1,1,-1
2015051500390,2,9,0,2,0,0,0,0,0,0,2,1,6,3,-1,-1,1994,2,5,-1,-1,-1
2015051500392,1,9,0,9,0,8,0,0,0,0,4,1,2,1,32,6,1461,2,5,-1,1,-1
2015051500392,2,5,0,18,0,8,0,0,0,0,1,1,2,1,36,7,675,1,6,-1,1,-1
2015051500393,1,9,0,5,0,0,0,0,7,2,1,1,6,2,67,10,-1,-1,-1,-1,1,-1
2015051500394,1,9,0,9,0,8,0,0,0,0,4,1,6,2,43,7,1498,1,10,-1,1,-1
2015051500394,2,9,0,18,0,1,0,0,0,0,1,1,1,1,55,8,1896,2,9,-1,1,-1
2015051500395,1,9,0,18,0,0,1,0,7,2,4,1,6,2,63,9,1388,1,4,-1,1,-1
2015051500395,2,9,0,3,0,0,0,0,0,0,3,1,6,1,45,7,2179,2,2,-1,1,-1
2015051500396,1,8,0,9,0,5,0,0,0,0,3,1,6,3,-1,-1,-1,-1,-1,-1,-1,-1
2015051500397,1,9,0,18,0,0,0,0,0,0,4,1,6,1,50,8,1995,2,11,-1,1,-1
2015051500398,1,9,0,9,0,8,0,0,0,0,0,1,6,1,30,6,-1,-1,-1,-1,1,-1
2015051500398,2,9,0,18,0,1,0,0,0,0,1,1,1,1,61,9,1968,2,4,-1,1,-1
2015051500399,1,9,0,18,0,6,0,0,0,0,1,1,6,2,66,10,998,1,1,-1,1,-1
2015051500400,1,9,0,18,0,0,1,0,7,4,1,1,1,1,35,6,1582,2,2,-1,1,-1
2015051500401,1,9,0,5,0,6,0,0,0,0,3,1,6,1,50,8,1798,1,11,-1,1,-1
2015051500402,1,19,0,9,0,2,0,0,0,0,4,1,1,1,67,10,1753,2,11,-1,1,-1
2015051500402,2,9,0,18,0,2,0,0,0,0,1,1,6,1,21,5,1596,1,14,-1,1,-1
2015051500404,1,9,0,9,0,2,0,0,0,0,4,1,6,2,63,9,1598,1,8,-1,1,-1
2015051500405,1,9,0,18,0,0,0,0,0,0,4,1,6,3,-1,-1,-1,-1,-1,-1,-1,-1
2015051500406,1,21,1,18,0,0,0,0,0,0,4,1,1,1,48,8,12777,2,4,-1,1,-1
2015051500406,2,9,0,18,0,0,0,0,4,0,3,1,1,1,50,8,1910,2,9,-1,1,-1
2015051500406,3,9,0,18,0,0,0,0,0,0,1,1,6,1,32,6,1560,2,3,-1,1,-1
2015051500408,1,9,0,4,0,1,0,0,0,0,1,1,6,2,41,7,1956,2,5,-1,1,-1
2015051500408,2,9,0,4,0,1,0,0,0,0,2,1,2,2,46,8,1197,1,4,-1,1,-1
2015051500408,3,3,0,4,0,1,0,0,0,0,2,1,2,1,36,7,125,1,1,-1,1,-1
2015051500409,1,9,0,18,0,1,0,0,0,0,1,1,6,1,41,7,1560,2,6,-1,1,-1
2015051500409,2,1,0,18,0,8,0,0,0,0,3,1,6,1,14,3,-1,-1,-1,-1,1,-1
2015051500410,1,9,0,18,0,1,0,0,0,0,3,1,6,1,54,8,1995,2,6,-1,1,-1
2015051500412,1,19,0,18,0,0,0,0,0,0,0,1,6,3,-1,-1,-1,-1,-1,-1,-1,-1
2015051500414,1,9,0,18,0,3,0,0,0,0,4,1,6,2,34,6,3700,1,13,-1,1,-1
2015051500414,2,9,0,18,0,1,0,0,0,0,1,1,2,2,55,8,1798,1,11,-1,1,-1
2015051500415,1,9,0,18,0,0,0,0,0,0,0,1,1,1,27,6,1753,2,4,-1,-1,-1
2015051500415,2,9,0,18,0,0,1,0,1,4,1,1,6,1,29,6,1796,1,6,-1,1,-1
2015051500416,1,9,0,18,0,4,0,0,0,0,0,1,1,1,42,7,2993,2,3,-1,-1,-1
2015051500416,2,9,0,18,0,4,0,0,0,0,0,1,1,1,29,6,2993,2,2,-1,-1,-1
2015051500416,3,9,0,18,0,4,1,0,1,7,1,1,6,1,15,3,-1,-1,-1,-1,1,-1
2015051500417,1,9,0,17,0,0,2,0,0,0,1,1,6,2,18,4,1598,1,10,-1,1,-1
2015051500418,1,9,0,5,0,4,0,0,0,0,3,1,3,2,43,7,1390,1,1,-1,1,-1
2015051500418,2,1,0,18,0,8,0,0,0,0,4,1,6,1,61,9,-1,-1,-1,-1,1,-1
2015051500419,1,3,0,13,0,1,0,0,0,0,1,1,6,1,20,4,124,1,6,-1,1,-1
2015051500419,2,9,0,9,0,1,0,0,0,0,1,1,6,1,32,6,1956,2,3,-1,1,-1
2015051500420,1,9,0,18,0,1,0,0,0,0,1,1,1,1,39,7,-1,-1,-1,-1,-1,-1
2015051500420,2,19,0,6,0,1,0,0,0,0,2,1,1,1,53,8,1753,2,7,-1,1,-1
2015051500421,1,9,0,18,0,0,1,0,1,7,3,1,6,1,32,6,-1,-1,-1,-1,1,-1
2015051500421,2,9,0,11,0,0,5,0,5,7,4,1,2,2,41,7,998,1,7,-1,1,-1
2015051500424,1,9,0,1,0,0,0,0,0,0,2,1,6,2,51,8,2400,2,5,-1,1,-1
2015051500425,1,9,0,18,0,1,0,0,0,0,1,1,2,1,34,6,1800,1,16,-1,1,-1
2015051500425,2,9,0,3,0,1,0,0,0,0,2,1,2,2,35,6,1870,2,5,-1,1,-1
2015051500426,1,9,0,7,0,6,0,0,0,0,1,1,1,1,22,5,-1,-1,-1,-1,1,-1
2015051500428,1,19,0,5,0,8,0,0,0,0,1,1,1,1,48,8,1998,2,12,-1,1,-1
2015051500428,2,9,0,3,0,8,0,0,0,0,2,1,6,2,52,8,1086,1,6,-1,1,-1
2015051500429,1,9,0,18,0,1,0,0,0,0,1,1,6,1,38,7,-1,-1,-1,-1,1,-1
2015051500429,2,9,0,18,0,1,0,0,0,0,2,1,6,1,53,8,1198,1,5,-1,1,-1
2015051500429,3,9,0,2,0,2,0,0,0,0,2,1,6,3,-1,-1,1685,2,2,-1,-1,-1
2015051500429,4,9,0,2,0,2,0,0,0,0,2,1,6,3,-1,-1,1360,1,7,-1,-1,-1
2015051500429,5,9,0,2,0,2,0,0,0,0,4,1,6,3,-1,-1,1753,2,9,-1,-1,-1
2015051500429,6,9,0,2,0,2,0,0,0,0,2,1,6,3,-1,-1,1461,2,3,-1,-1,-1
2015051500431,1,9,0,18,0,1,0,0,0,0,1,1,6,2,26,6,1198,1,5,-1,1,-1
2015051500431,2,9,0,18,0,2,0,0,0,0,1,1,6,2,49,8,1198,1,3,-1,1,-1
2015051500432,1,3,0,18,0,1,0,0,0,0,1,1,6,1,23,5,124,1,18,-1,1,-1
2015051500432,2,8,0,3,0,1,0,0,0,0,2,1,1,1,32,6,1997,2,9,-1,1,-1
2015051500432,3,9,0,2,0,1,0,0,0,0,3,1,6,3,-1,-1,1229,1,10,-1,-1,-1
2015051500433,1,9,0,4,0,0,0,0,0,0,1,1,6,1,66,10,1598,1,16,-1,1,-1
2015051500434,1,8,0,7,0,6,0,0,0,0,1,1,1,1,40,7,1598,2,2,-1,1,-1
2015051500434,2,9,0,18,0,8,1,0,7,10,4,1,6,1,24,5,-1,-1,-1,-1,1,-1
2015051500435,1,8,0,9,0,1,0,0,0,0,4,1,1,1,53,8,2664,2,16,-1,1,-1
2015051500435,2,9,0,18,0,2,0,0,0,0,1,1,6,2,21,5,1242,1,2,-1,1,-1
2015051500436,1,8,0,18,0,1,0,0,0,0,4,1,1,1,54,8,1995,2,10,-1,1,-1
2015051500437,1,9,0,18,0,0,2,0,1,11,1,1,6,1,48,8,-1,-1,-1,-1,1,-1
2015051500438,1,9,0,18,0,1,0,0,0,0,1,1,1,1,22,5,1968,2,-1,-1,1,-1
2015051500438,2,9,0,2,0,1,0,0,0,0,2,1,1,2,23,5,1968,2,-1,-1,1,-1
2015051500439,1,9,0,17,0,0,2,10,1,2,4,1,6,1,26,6,-1,-1,-1,-1,1,-1
2015051500440,1,8,0,18,0,0,0,4,1,3,1,1,1,1,26,6,-1,-1,-1,-1,1,-1
2015051500440,2,9,0,2,0,0,1,0,1,11,2,1,6,3,-1,-1,1299,1,10,-1,-1,-1
2015051500441,1,9,0,18,0,0,1,0,0,0,1,1,6,1,56,9,-1,-1,-1,-1,1,-1
2015051500441,2,21,1,18,0,0,0,0,0,0,2,2,1,1,46,8,-1,-1,-1,-1,1,-1
2015051500442,1,9,0,6,0,0,0,0,0,0,3,1,6,1,46,8,1497,1,14,-1,1,-1
2015051500442,2,5,0,18,0,0,1,4,0,0,1,1,6,1,39,7,478,1,2,-1,1,-1
2015051500442,3,9,0,2,0,0,0,0,0,0,2,1,6,3,-1,-1,1995,2,11,-1,-1,-1
2015051500443,1,9,0,18,0,1,0,7,0,0,1,1,6,2,27,6,1461,2,1,-1,1,-1
2015051500444,1,9,0,18,0,1,0,0,0,0,1,1,6,1,22,5,1910,2,9,-1,1,-1
2015051500444,2,9,0,3,0,1,0,0,0,0,2,1,2,1,32,6,1896,2,14,-1,1,-1
2015051500445,1,9,0,5,0,0,0,0,0,0,1,1,6,1,57,9,1398,1,1,-1,1,-1
2015051500446,1,9,0,16,0,0,5,0,0,0,3,1,2,1,31,6,-1,-1,-1,-1,1,-1
2015051500448,1,9,0,5,0,2,0,0,0,0,4,1,6,2,62,9,2143,2,2,-1,-1,-1
2015051500448,2,9,0,18,0,1,0,0,0,0,1,1,6,1,25,5,1598,1,16,-1,1,-1
2015051500450,1,9,0,7,0,3,0,0,0,0,2,1,6,2,26,6,973,1,12,-1,1,-1
2015051500450,2,9,0,18,0,8,0,0,0,0,1,1,6,3,-1,-1,-1,-1,-1,-1,-1,-1
2015051500451,1,9,0,9,0,8,0,0,1,0,1,1,6,1,24,5,1242,1,9,-1,1,-1
2015051500451,2,8,0,18,0,8,0,0,1,11,1,1,6,1,22,5,1229,1,4,-1,1,-1
2015051500453,1,1,0,18,0,0,0,0,0,0,1,1,6,1,46,8,-1,-1,-1,-1,1,-1
2015051500454,1,9,0,17,0,4,0,0,0,0,1,1,2,1,21,5,1596,1,4,-1,1,-1
2015051500454,2,1,0,18,0,8,0,0,0,0,2,1,6,1,57,9,-1,-1,-1,-1,1,-1
2015051500455,1,9,0,18,0,0,0,0,0,0,2,1,6,1,33,6,1753,2,7,-1,1,-1
2015051500455,2,9,0,4,0,0,0,0,0,0,2,1,6,3,-1,-1,1199,1,12,-1,-1,-1
2015051500456,1,2,0,1,0,5,0,0,0,0,2,1,6,3,-1,-1,-1,-1,-1,-1,-1,-1
2015051500457,1,9,0,9,0,8,0,0,0,0,4,1,6,1,45,7,-1,-1,-1,-1,1,-1
2015051500457,2,11,0,18,0,1,0,0,0,0,1,1,1,1,57,9,6696,2,1,-1,1,-1
2015051500458,1,9,0,1,0,0,0,0,0,0,3,1,6,1,-1,-1,1968,2,4,-1,-1,-1
2015051500459,1,19,0,18,0,0,0,0,0,0,4,1,6,3,-1,-1,-1,-1,-1,-1,-1,-1
2015051500460,1,19,0,18,0,0,0,0,0,0,4,1,1,1,28,6,1968,2,2,-1,1,-1
2015051500461,1,9,0,9,0,8,0,0,0,0,3,1,3,2,36,7,1796,1,10,-1,1,-1
2015051500462,1,9,0,18,0,0,0,0,0,0,1,1,6,1,31,6,1796,1,4,-1,1,-1
2015051500462,2,9,0,18,0,0,0,0,0,0,4,1,6,1,55,8,1798,2,1,-1,1,-1
2015051500462,3,9,0,18,0,0,0,0,0,0,2,1,1,1,54,8,1968,2,5,-1,2,-1
2015051500462,4,9,0,18,0,0,0,0,0,0,2,1,1,2,48,8,-1,-1,-1,-1,1,-1
2015051500462,5,9,0,18,0,0,0,0,0,0,2,1,1,1,44,7,-1,-1,-1,-1,1,-1
2015051500462,6,9,0,18,0,0,0,0,0,0,2,1,1,1,20,4,1398,1,1,-1,1,-1
2015051500462,7,9,0,18,0,0,0,0,0,0,2,1,1,2,41,7,1329,1,2,-1,1,-1
2015051500463,1,9,0,4,0,0,0,0,0,0,4,1,6,1,55,8,1686,2,10,-1,1,-1
2015051500464,1,9,0,6,0,2,0,0,0,0,0,1,6,1,27,6,1984,1,14,-1,1,-1
2015051500464,2,5,0,18,0,2,1,0,0,0,4,1,6,1,33,6,942,1,6,-1,1,-1
2015051500466,1,9,0,18,0,1,0,0,0,0,1,1,6,2,45,7,998,1,3,-1,1,-1
2015051500466,2,19,0,18,0,1,0,0,0,0,4,1,6,1,55,8,-1,-1,-1,-1,1,-1
2015051500467,1,9,0,11,0,0,0,0,0,0,3,1,6,1,32,6,2000,1,5,-1,1,-1
2015051500467,2,5,0,18,0,0,0,0,0,0,1,1,6,1,40,7,645,1,7,-1,1,-1
2015051500468,1,9,0,18,0,1,0,0,0,0,3,1,6,2,19,4,-1,-1,-1,-1,1,-1
2015051500468,2,9,0,18,0,1,0,0,6,6,4,1,2,2,22,5,1388,1,10,-1,1,-1
2015051500469,1,9,0,9,0,1,0,0,0,0,4,1,6,2,68,10,1560,2,6,-1,1,-1
2015051500469,2,4,0,18,0,1,0,0,0,0,1,1,6,1,17,4,-1,-1,-1,-1,1,-1
2015051500470,1,9,0,7,0,8,0,0,0,0,4,1,6,3,-1,-1,-1,-1,-1,-1,-1,-1
2015051500470,2,1,0,5,0,8,0,0,0,0,3,1,2,1,19,4,-1,-1,-1,-1,1,-1
2015051500471,1,9,0,5,0,6,0,0,0,0,3,1,6,2,48,8,1794,1,8,-1,1,-1
2015051500471,2,9,0,18,0,1,0,0,0,0,1,1,6,2,22,5,999,1,2,-1,1,-1
2015051500472,1,9,0,18,0,0,0,0,0,0,1,1,6,1,19,4,1229,1,1,-1,1,-1
2015051500472,2,9,0,2,0,0,0,0,0,0,2,1,6,3,-1,-1,1598,1,3,-1,-1,-1
2015051500472,3,9,0,2,0,0,0,0,0,0,2,1,6,3,-1,-1,1797,8,1,-1,-1,-1
2015051500474,1,9,0,1,0,0,0,0,0,0,2,1,6,1,51,8,1560,2,5,-1,1,-1
2015051500476,1,9,0,18,0,1,0,0,0,0,1,1,6,2,73,10,1560,2,2,-1,1,-1
2015051500476,2,9,0,18,0,1,0,0,0,0,1,1,6,1,63,9,1968,2,7,-1,1,-1
2015051500479,1,19,0,1,0,0,0,0,1,2,2,1,1,1,48,8,2198,2,4,-1,1,-1
2015051500481,1,9,0,1,0,0,0,0,0,0,1,1,1,1,53,8,-1,-1,-1,-1,1,-1
2015051500482,1,9,0,16,0,1,0,0,0,0,1,1,1,1,31,6,1560,2,6,-1,1,-1
2015051500483,1,4,0,18,0,2,0,0,0,0,1,1,6,1,-1,-1,-1,-1,-1,-1,-1,-1
2015051500483,2,9,0,18,0,1,0,0,0,0,3,1,2,2,52,8,1598,1,8,-1,1,-1
2015051500486,1,9,0,9,0,1,0,0,0,0,1,1,6,1,69,10,1998,1,12,-1,1,-1
2015051500486,2,9,0,18,0,1,0,0,0,0,1,1,6,2,45,7,1600,1,8,-1,3,-1
2015051500487,1,9,0,9,0,1,0,0,0,0,1,1,6,1,25,5,1242,1,2,-1,1,-1
2015051500487,2,9,0,18,0,1,0,0,0,0,3,1,6,2,57,9,1242,1,12,-1,1,-1
2015051500487,3,21,0,10,0,1,0,0,0,0,3,1,1,1,46,8,-1,-1,-1,-1,1,-1
2015051500488,1,9,0,18,0,8,1,0,0,0,3,1,1,1,39,7,-1,-1,-1,-1,1,-1
2015051500488,2,9,0,5,0,8,0,0,0,0,1,1,1,1,27,6,-1,-1,-1,-1,2,-1
2015051500490,1,9,0,18,0,0,0,0,0,0,4,1,6,2,50,8,1753,2,10,-1,1,-1
2015051500491,1,9,0,7,0,8,0,0,0,0,4,1,6,1,23,5,1995,2,6,-1,1,-1
2015051500494,1,3,0,18,0,0,0,0,0,0,1,1,6,3,-1,-1,-1,-1,-1,-1,-1,-1
2015051500495,1,9,0,18,0,1,0,0,0,0,1,1,6,2,29,6,1596,1,8,-1,1,-1
2015051500496,1,11,0,18,0,1,0,0,0,0,1,1,1,1,52,8,6696,2,2,-1,1,-1
2015051500498,1,9,0,18,0,6,0,0,0,0,3,1,1,1,62,9,2143,2,5,-1,1,-1
2015051500498,2,9,0,18,0,1,0,0,0,0,1,1,6,1,33,6,1753,2,8,-1,1,-1
2015051500499,1,9,0,18,0,0,0,0,1,11,1,1,2,2,23,5,-1,-1,-1,-1,1,-1
2015051500500,1,9,0,5,0,0,0,0,0,0,1,1,6,3,-1,-1,1896,2,14,-1,-1,-1
2015051500501,1,9,0,18,0,0,0,0,0,0,1,1,6,1,27,6,1896,2,9,-1,1,-1
2015051500502,1,9,0,18,0,1,0,0,0,0,4,1,6,2,49,8,1124,1,7,-1,1,-1
2015051500503,1,8,0,18,0,0,0,0,0,0,1,1,1,1,43,7,2402,2,13,-1,1,-1
2015051500503,2,8,0,18,0,0,0,0,0,0,2,1,1,1,36,7,-1,-1,-1,-1,1,-1
2015051500505,1,9,0,18,0,8,0,0,0,0,1,1,6,1,30,6,1968,2,2,-1,1,-1
2015051500505,2,8,0,9,0,8,0,0,0,0,1,1,1,1,57,9,1997,2,4,-1,1,-1
2015051500506,1,9,0,18,0,6,0,0,0,0,1,1,6,1,28,6,1598,2,2,-1,1,-1
2015051500506,2,9,0,18,0,8,0,0,0,0,1,1,6,1,36,7,1461,2,5,-1,1,-1
2015051500507,1,9,0,7,0,5,0,0,0,0,4,1,6,1,51,8,2495,2,24,-1,3,-1
2015051500507,2,1,0,18,0,1,0,0,0,0,3,1,6,2,22,5,-1,-1,-1,-1,1,-1
2015051500508,1,9,0,15,0,1,0,0,0,0,3,1,6,1,34,6,1197,1,1,-1,1,-1
2015051500508,2,9,0,18,0,1,0,0,0,0,4,1,6,1,63,9,1997,2,10,-1,1,-1
2015051500508,3,9,0,10,0,1,0,0,1,10,3,1,6,1,42,7,1753,2,14,-1,1,-1
2015051500509,1,11,0,18,0,0,0,0,0,0,1,1,1,1,40,7,9000,2,10,-1,1,-1
2015051500509,2,9,0,3,0,0,0,0,0,0,2,1,6,2,39,7,1598,1,7,-1,1,-1
2015051500509,3,9,0,3,0,0,0,0,0,0,2,1,6,2,25,5,1390,1,5,-1,2,-1
2015051500509,4,9,0,3,0,0,0,0,0,0,2,1,6,1,47,8,1685,2,1,-1,1,-1
2015051500512,1,9,0,18,0,2,0,0,0,0,0,1,1,1,37,7,1968,2,2,-1,-1,-1
2015051500512,2,9,0,18,0,8,2,0,1,2,1,1,6,1,30,6,2979,1,11,-1,1,-1
2015051500512,3,9,0,9,0,6,1,0,0,0,1,1,6,1,32,6,-1,-1,-1,-1,1,-1
2015051500514,1,9,0,5,0,4,0,0,0,0,1,1,1,2,54,8,1997,2,11,-1,1,-1
2015051500514,2,1,0,5,0,3,0,0,0,0,1,1,6,1,52,8,-1,-1,-1,-1,1,-1
2015051500515,1,9,0,17,0,7,1,0,7,2,4,1,2,1,31,6,-1,-1,-1,-1,1,-1
2015051500517,1,9,0,9,0,1,0,0,0,0,1,1,1,1,43,7,1582,2,2,-1,-1,-1
2015051500517,2,9,0,18,0,1,0,0,0,0,1,1,6,2,20,4,1390,1,10,-1,1,-1
2015051500518,1,9,0,18,0,0,0,0,0,0,4,1,6,3,-1,-1,-1,-1,-1,-1,-1,-1
2015051500518,2,1,0,18,0,0,0,0,0,0,4,1,6,1,13,3,-1,-1,-1,-1,1,-1
2015051500519,1,9,0,18,0,1,0,0,4,6,4,1,1,1,37,7,1582,2,3,-1,-1,-1
2015051500519,2,9,0,18,0,1,0,0,0,0,1,1,6,1,74,10,1390,1,10,-1,1,-1
2015051500520,1,9,0,17,0,0,1,0,1,4,1,1,6,2,25,5,-1,-1,-1,-1,1,-1
2015051500520,2,9,0,16,0,0,0,0,7,10,1,1,6,2,24,5,1368,1,1,-1,3,-1
2015051500522,1,19,0,2,0,0,0,0,0,0,2,1,6,1,37,7,-1,-1,-1,-1,1,-1
2015051500524,1,21,1,18,0,0,0,0,0,0,4,1,1,1,49,8,12419,2,3,-1,-1,-1
2015051500524,2,9,0,18,0,0,0,0,0,0,3,1,6,1,46,8,-1,-1,-1,-1,1,-1
2015051500525,1,3,0,18,0,8,0,0,0,0,1,1,6,1,20,4,124,1,6,-1,1,-1
2015051500525,2,9,0,18,0,8,0,0,0,0,3,1,6,1,35,6,-1,-1,-1,-1,1,-1
2015051500526,1,9,0,18,0,4,0,0,0,0,1,1,6,1,22,5,1999,1,7,-1,1,-1
2015051500526,2,1,0,18,0,1,0,0,0,0,1,1,6,2,19,4,-1,-1,-1,-1,1,-1
2015051500527,1,9,0,7,0,4,0,0,0,0,1,1,6,1,50,8,1910,2,9,-1,1,-1
2015051500527,2,9,0,8,0,4,0,0,0,0,2,1,2,1,59,9,1299,1,10,-1,1,-1
2015051500528,1,9,0,18,0,1,0,0,0,0,1,1,2,1,26,6,1984,1,4,-1,1,-1
2015051500528,2,9,0,18,0,1,0,0,0,0,2,1,2,1,37,7,2143,2,2,-1,1,-1
2015051500528,3,9,0,18,0,1,0,0,0,0,2,1,6,1,74,10,1997,2,6,-1,1,-1
2015051500529,1,9,0,18,0,8,0,0,0,0,3,1,6,2,43,7,1242,1,4,-1,1,-1
2015051500529,2,5,0,9,0,8,0,0,0,0,3,1,2,1,49,8,645,1,11,-1,1,-1