Accident_Index,Vehicle_Reference,Vehicle_Type,Towing_and_Articulation,Vehicle_Manoeuvre,Vehicle_Location-Restricted_Lane,Junction_Location,Skidding_and_Overturning,Hit_Object_in_Carriageway,Vehicle_Leaving_Carriageway,Hit_Object_off_Carriageway,1st_Point_of_Impact,Was_Vehicle_Left_Hand_Drive?,Journey_Purpose_of_Driver,Sex_of_Driver,Age_of_Driver,Age_Band_of_Driver,Engine_Capacity_(CC),Propulsion_Code,Age_of_Vehicle,Driver_IMD_Decile,Driver_Home_Area_Type,Vehicle_IMD_Decile
2015051500530,1,9,0,9,0,8,0,0,0,0,0,1,6,2,26,6,998,1,4,-1,1,-1
2015051500530,2,1,0,18,0,8,0,0,0,0,1,1,3,1,43,7,-1,-1,-1,-1,1,-1
2015051500531,1,22,0,18,0,6,5,0,0,0,3,1,6,2,93,11,-1,-1,-1,-1,1,-1
2015051500531,2,9,0,18,0,2,0,0,0,0,1,1,6,2,30,6,998,1,7,-1,1,-1
2015051500532,1,9,0,5,0,0,0,0,0,0,1,1,6,1,26,6,1242,1,5,-1,1,-1
2015051500532,2,9,0,18,0,0,0,0,0,0,1,1,1,1,62,9,1956,2,4,-1,1,-1
2015051500533,1,9,0,9,0,1,0,0,0,0,3,1,6,2,51,8,-1,-1,-1,-1,1,-1
2015051500533,2,8,0,5,0,1,0,0,0,0,3,1,1,1,55,8,1910,2,10,-1,1,-1
2015051500534,1,9,0,5,0,1,1,0,0,0,4,1,6,2,28,6,1364,1,6,-1,1,-1
2015051500534,2,9,0,18,0,1,5,0,0,0,3,1,6,1,59,9,1598,1,-1,-1,1,-1
2015051500534,3,9,0,2,0,1,0,0,0,0,3,1,6,3,-1,-1,-1,-1,-1,-1,-1,-1
2015051500535,1,9,0,18,0,1,0,0,0,0,1,1,2,1,54,8,1997,2,1,-1,1,-1
2015051500535,2,9,0,18,0,1,0,0,0,0,1,1,6,2,35,6,-1,-1,-1,-1,1,-1
2015051500537,1,9,0,18,0,0,1,0,1,4,4,1,2,1,50,8,3201,1,19,-1,1,-1
2015051500539,1,9,0,18,0,4,0,0,0,0,1,1,6,2,64,9,1497,8,1,-1,1,-1
2015051500539,2,2,0,3,0,1,0,0,0,0,2,1,6,1,19,4,49,1,2,-1,1,-1
2015051500540,1,1,0,18,0,0,0,0,0,0,1,1,6,1,29,6,-1,-1,-1,-1,1,-1
2015051500540,2,9,0,18,0,0,0,0,0,0,4,1,6,1,69,10,1596,1,1,-1,1,-1
2015051500541,1,9,0,18,0,0,0,0,0,0,3,1,1,1,44,7,998,1,20,-1,1,-1
2015051500542,1,9,0,4,0,0,0,0,0,0,1,1,6,2,35,6,1242,1,5,-1,1,-1
2015051500542,2,9,0,4,0,0,0,0,1,5,2,1,6,2,52,8,-1,-1,-1,-1,1,-1
2015051500543,1,9,0,18,0,0,0,0,0,0,1,1,6,1,84,11,1596,1,9,-1,1,-1
2015051500544,1,9,0,18,0,0,0,0,0,0,1,1,6,2,27,6,1596,1,10,-1,1,-1
2015051500544,2,9,0,3,0,0,0,0,0,0,2,1,2,2,50,8,1596,1,5,-1,1,-1
2015051500546,1,9,0,18,0,8,0,0,0,0,3,1,6,1,81,11,1560,2,2,-1,1,-1
2015051500546,2,9,0,18,0,8,1,0,1,10,1,1,6,2,48,8,1686,2,4,-1,1,-1
2015051500547,1,9,0,18,0,6,0,0,0,0,1,1,6,1,19,4,998,1,9,-1,1,-1
2015051500547,2,9,0,18,0,8,0,0,0,0,1,1,6,1,71,10,-1,-1,-1,-1,1,-1
2015051500548,1,9,0,9,0,1,0,0,0,0,1,1,2,2,37,7,-1,-1,-1,-1,1,-1
2015051500548,2,9,0,18,0,1,0,0,1,0,1,1,6,1,42,7,-1,-1,-1,-1,1,-1
2015051500549,1,9,0,16,0,0,2,0,7,11,1,2,6,1,46,8,-1,-1,-1,-1,1,-1
2015051500550,1,9,0,17,0,2,1,0,1,10,1,1,6,1,28,6,1332,1,19,-1,1,-1
2015051500550,2,9,0,2,0,2,0,0,0,0,4,1,6,3,-1,-1,1390,1,7,-1,-1,-1
2015051500550,3,9,0,2,0,2,0,0,0,0,4,1,6,3,-1,-1,1396,1,11,-1,-1,-1
2015051500551,1,9,0,18,0,0,0,10,7,1,1,1,6,2,70,10,-1,-1,-1,-1,1,-1
2015051500552,1,3,0,18,0,0,1,0,0,0,1,1,6,1,23,5,124,1,18,-1,1,-1
2015051500552,2,9,0,6,0,0,0,0,0,0,1,1,6,1,67,10,1242,1,15,-1,-1,-1
2015051500554,1,9,0,10,0,1,0,0,0,0,1,1,2,2,24,5,1339,1,12,-1,1,-1
2015051500554,2,9,0,10,0,1,0,0,0,0,2,1,2,2,30,6,1997,2,11,-1,3,-1
2015051500555,1,3,0,18,0,0,1,0,0,0,1,1,1,1,28,6,125,1,1,-1,1,-1
2015051500556,1,9,0,18,0,8,0,1,0,0,3,1,6,3,-1,-1,-1,-1,-1,-1,-1,-1
2015051500556,2,9,0,18,0,8,0,0,0,0,3,1,6,1,45,7,1339,1,1,-1,1,-1
2015051500556,3,9,0,18,0,8,0,1,0,0,1,1,6,1,33,6,1582,2,2,-1,1,-1
2015051500557,1,11,0,9,0,5,0,0,0,0,1,1,1,2,47,8,3900,2,11,-1,1,-1
2015051500560,1,9,0,9,0,5,0,0,0,0,4,1,6,1,39,7,1761,1,15,-1,1,-1
2015051500561,1,9,0,18,0,2,0,0,0,0,3,1,6,1,48,8,1598,1,2,-1,1,-1
2015051500561,2,22,0,18,0,6,0,0,0,0,1,1,6,1,58,9,-1,-1,-1,-1,1,-1
2015051500562,1,9,0,15,0,0,0,0,0,0,4,2,6,2,28,6,1995,2,2,-1,1,-1
2015051500563,1,8,0,18,0,2,0,0,0,0,4,1,1,1,58,9,1992,2,10,-1,1,-1
2015051500565,1,9,0,5,0,6,0,0,0,0,1,1,6,3,-1,-1,1995,2,2,-1,-1,-1
2015051500565,2,9,0,4,0,6,0,0,0,0,2,1,2,2,32,6,1242,1,1,-1,1,-1
2015051500565,3,9,0,5,0,6,0,0,0,0,2,1,6,3,-1,-1,2985,2,8,-1,-1,-1
2015051500566,1,9,0,9,0,8,0,0,0,0,4,1,6,1,50,8,1388,1,12,-1,1,-1
2015051500566,2,9,0,18,0,8,0,0,0,0,1,1,6,2,43,7,1198,1,5,-1,1,-1
2015051500567,1,9,0,18,0,1,0,0,0,0,1,1,6,1,53,8,1598,1,3,-1,1,-1
2015051500567,2,9,0,7,0,1,0,0,0,0,2,1,6,1,21,5,998,1,10,-1,1,-1
2015051500568,1,9,0,18,0,0,0,0,0,0,1,1,6,1,20,4,-1,-1,-1,-1,1,-1
2015051500568,2,9,0,18,0,0,0,0,0,0,1,1,6,1,57,9,-1,-1,-1,-1,1,-1
2015051500569,1,9,0,18,0,2,0,0,0,0,1,1,3,2,52,8,1390,1,7,-1,1,-1
2015051500570,1,19,0,18,0,1,0,0,0,0,1,1,1,1,67,10,2143,2,3,-1,1,-1
2015051500570,2,9,0,3,0,1,0,0,0,0,2,1,1,2,46,8,1149,1,4,-1,1,-1
2015051500571,1,9,0,18,0,2,0,0,0,0,1,1,6,1,75,10,-1,-1,-1,-1,1,-1
2015051500571,2,9,0,2,0,1,0,0,1,11,2,1,6,1,54,8,1999,1,1,-1,1,-1
2015051500572,1,9,0,7,0,1,0,0,0,0,1,1,2,2,20,4,2148,2,6,-1,1,-1
2015051500572,2,9,0,9,0,1,0,0,0,0,2,1,3,2,28,6,1910,2,7,-1,1,-1
2015051500573,1,9,0,7,0,8,0,0,0,0,1,1,6,1,77,11,998,1,3,-1,1,-1
2015051500573,2,9,0,18,0,8,0,0,0,0,3,1,6,2,31,6,1329,1,1,-1,1,-1
2015051500574,1,9,0,5,0,6,1,0,0,0,1,1,6,2,58,9,1242,1,2,-1,1,-1
2015051500574,2,9,0,18,0,1,1,0,0,0,4,1,6,2,23,5,1242,1,3,-1,1,-1
2015051500575,1,9,0,18,0,8,0,0,0,0,1,1,6,1,26,6,1997,2,10,-1,1,-1
2015051500575,2,9,0,18,0,8,0,0,0,0,1,1,2,2,54,8,-1,-1,-1,-1,1,-1
2015051500576,1,9,0,9,0,8,0,0,0,0,1,1,6,2,18,4,-1,-1,-1,-1,1,-1
2015051500576,2,9,0,18,0,8,0,0,0,0,1,1,6,2,43,7,2179,2,8,-1,2,-1
2015051500577,1,9,0,18,0,0,0,0,0,0,1,1,2,1,50,8,1997,2,2,-1,1,-1
2015051500577,2,9,0,4,0,0,0,0,0,0,2,1,6,2,29,6,1399,2,5,-1,1,-1
2015051500577,3,19,0,4,0,0,0,0,0,0,2,1,1,1,21,5,1560,2,2,-1,1,-1
2015051500577,4,9,0,4,0,0,0,0,0,0,2,1,2,2,25,5,1595,2,5,-1,1,-1
2015051500578,1,9,0,9,0,8,0,0,0,0,1,1,2,1,41,7,1753,2,13,-1,1,-1
2015051500578,2,9,0,9,0,8,0,0,0,0,2,1,6,1,50,8,1997,2,6,-1,1,-1
2015051500580,1,9,0,18,0,0,0,0,1,4,1,1,6,2,50,8,-1,-1,-1,-1,1,-1
2015051500581,1,11,0,18,0,0,0,0,2,7,1,1,1,1,50,8,4500,2,6,-1,1,-1
2015051500583,1,4,0,18,0,1,0,0,0,0,1,1,6,1,34,6,1255,1,1,-1,1,-1
2015051500583,2,9,0,9,0,1,0,0,0,0,1,1,6,1,45,7,1198,1,1,-1,1,-1
2015051500584,1,9,0,9,0,8,0,0,0,0,1,1,6,1,19,4,1242,1,1,-1,1,-1
2015051500584,2,9,0,18,0,8,0,0,0,0,1,1,6,1,40,7,1995,2,9,-1,1,-1
2015051500585,1,9,0,9,0,8,0,0,0,0,1,1,2,2,37,7,1242,1,7,-1,1,-1
2015051500585,2,9,0,18,0,1,0,0,0,0,1,1,6,1,74,10,1560,2,8,-1,1,-1
2015051500587,1,9,0,9,0,8,0,7,7,10,1,1,6,2,39,7,998,1,8,-1,1,-1
2015051500588,1,9,0,1,0,0,0,0,0,0,2,1,6,2,30,6,1796,1,12,-1,1,-1
2015051500588,2,9,0,2,0,0,0,0,0,0,1,1,6,1,36,7,1796,1,4,-1,1,-1
2015051500590,1,8,0,9,0,1,0,0,0,0,1,1,1,1,32,6,1896,2,6,-1,1,-1
2015051500590,2,9,0,10,0,1,0,0,0,0,3,1,6,1,38,7,-1,-1,-1,-1,1,-1
2015051500591,1,9,0,17,0,0,0,0,1,2,1,1,2,1,34,6,-1,-1,-1,-1,1,-1
2015051500592,1,9,0,18,0,0,0,0,0,0,1,1,6,1,61,9,1598,2,3,-1,1,-1
2015051500593,1,9,0,18,0,0,0,0,0,0,4,2,6,1,-1,-1,-1,-1,-1,-1,-1,-1
2015051500594,1,9,0,9,0,1,0,0,0,0,1,1,6,2,52,8,1995,1,7,-1,1,-1
2015051500594,2,9,0,18,0,1,0,0,0,0,1,1,6,1,36,7,-1,-1,-1,-1,1,-1
2015051500595,1,4,0,18,0,1,1,0,0,0,1,1,6,1,37,7,125,1,2,-1,1,-1
2015051500595,2,9,0,5,0,1,0,0,0,0,3,1,1,1,19,4,1598,1,1,-1,1,-1
2015051500597,1,9,0,18,0,0,5,10,2,11,1,1,6,1,25,5,1242,1,9,-1,1,-1
2015051500598,1,4,0,18,0,8,0,0,0,0,1,1,6,1,18,4,-1,-1,-1,-1,1,-1
2015051500598,2,9,0,18,0,8,0,0,2,11,3,1,6,1,24,5,1200,1,2,-1,1,-1
2015051500603,1,9,0,4,0,0,0,0,0,0,1,1,6,2,32,6,1997,2,1,-1,1,-1
2015051500603,2,21,1,3,0,0,0,0,0,0,2,1,1,1,52,8,12740,2,2,-1,1,-1
2015051500604,1,9,0,18,0,6,0,0,0,0,1,1,1,1,46,8,-1,-1,-1,-1,-1,-1
2015051500604,2,19,0,18,0,1,0,0,0,0,4,1,6,1,28,6,1598,2,5,-1,1,-1
2015051500605,1,9,0,18,0,3,0,0,0,0,0,1,1,1,46,8,2993,2,1,-1,-1,-1
2015051500605,2,9,0,18,0,7,0,0,0,0,1,1,6,3,-1,-1,1598,2,1,-1,-1,-1
2015051500605,3,9,0,18,0,7,0,0,0,0,1,1,6,1,32,6,1598,1,6,-1,1,-1
2015051500607,1,9,0,18,0,0,1,0,0,0,1,1,2,1,20,4,-1,-1,-1,-1,1,-1
2015051500607,2,21,0,3,0,0,0,0,0,0,2,1,1,1,68,10,12580,2,10,-1,1,-1
2015051500608,1,19,0,9,0,8,0,0,0,0,1,1,6,1,31,6,2198,2,2,-1,1,-1
2015051500608,2,9,0,18,0,8,0,0,0,0,1,1,6,1,65,9,1242,1,1,-1,1,-1
2015051500610,1,11,0,5,0,1,0,0,0,0,0,1,1,1,47,8,5883,2,14,-1,1,-1
2015051500611,1,19,0,7,0,1,0,0,0,0,1,1,6,3,-1,-1,-1,-1,-1,-1,-1,-1
2015051500611,2,1,0,18,0,8,0,0,0,0,4,1,2,2,42,7,-1,-1,-1,-1,1,-1
2015051500612,1,9,0,5,0,1,0,0,0,0,1,1,6,2,56,9,1248,1,-1,-1,1,-1
2015051500612,2,3,0,18,0,8,0,0,0,0,1,1,6,1,37,7,125,1,2,-1,1,-1
2015051500613,1,5,0,18,0,1,1,11,0,0,4,1,6,1,70,10,649,1,1,-1,1,-1
2015051500615,1,4,0,18,0,1,1,0,0,0,1,1,6,1,25,5,398,1,25,-1,1,-1
2015051500615,2,19,0,3,0,1,0,0,0,0,3,1,2,1,27,6,2198,2,5,-1,2,-1
2015051500616,1,9,0,9,0,8,1,0,0,0,4,1,1,1,24,5,1360,1,13,-1,1,-1
2015051500616,2,9,0,18,0,8,0,0,0,0,1,1,6,2,60,9,1329,1,5,-1,3,-1
2015051500618,1,9,0,18,0,1,0,0,0,0,1,1,6,3,-1,-1,-1,-1,-1,-1,-1,-1
2015051500618,2,1,0,18,0,1,0,0,0,0,1,1,6,1,21,5,-1,-1,-1,-1,1,-1
2015051500619,1,11,0,4,0,0,0,0,0,0,0,1,1,1,36,7,6700,2,6,-1,1,-1
2015051500621,1,9,0,18,0,0,0,0,0,0,1,1,2,2,35,6,1229,1,1,-1,1,-1
2015051500621,2,9,0,18,0,0,0,0,0,0,2,1,2,2,49,8,1248,2,11,-1,1,-1
2015051500622,1,9,0,14,0,0,0,0,0,0,4,1,1,1,56,9,1398,2,1,-1,1,-1
2015051500624,1,8,0,9,0,2,0,0,0,0,1,1,1,1,68,10,1598,1,5,-1,1,-1
2015051500625,1,8,0,18,0,0,0,0,0,0,1,1,1,1,56,9,2402,2,12,-1,1,-1
2015051500626,1,9,0,18,0,0,0,0,0,0,1,1,6,1,78,11,1598,1,8,-1,1,-1
2015051500627,1,9,0,18,0,1,0,0,0,0,1,1,2,1,45,7,1586,1,9,-1,1,-1
2015051500627,2,9,0,4,0,1,0,0,0,0,2,1,2,1,39,7,1998,1,8,-1,1,-1
2015051500627,3,9,0,4,0,1,0,0,0,0,2,1,2,2,56,9,1086,1,5,-1,1,-1
2015051500627,4,9,0,10,0,1,0,0,0,0,2,1,2,2,40,7,2143,2,1,-1,1,-1
2015051500629,1,8,0,18,0,1,0,0,0,0,4,1,6,1,37,7,1896,2,12,-1,1,-1
2015051500629,2,1,0,18,0,1,0,0,0,0,1,1,6,1,25,5,-1,-1,-1,-1,1,-1
2015051500630,1,9,0,18,0,0,0,0,0,0,1,1,6,1,21,5,1598,1,1,-1,1,-1
2015051500630,2,19,0,2,0,0,0,0,0,0,3,1,6,3,-1,-1,1997,2,10,-1,-1,-1
2015051500631,1,9,0,4,0,1,0,0,0,0,1,1,6,2,81,11,1198,1,1,-1,1,-1
2015051500632,1,9,0,7,0,1,0,0,0,0,1,1,6,1,67,10,998,1,13,-1,1,-1
2015051500632,2,1,0,18,0,1,0,0,0,0,4,1,6,1,63,9,-1,-1,-1,-1,1,-1
2015051500633,1,9,0,18,0,0,0,0,0,0,1,1,1,1,19,4,1242,1,1,-1,1,-1
2015051500633,2,9,0,3,0,0,0,0,0,0,2,1,6,2,49,8,1149,1,8,-1,1,-1
2015051500633,3,9,0,10,0,0,0,0,0,0,2,1,6,2,24,5,1149,1,5,-1,1,-1
2015051500634,1,9,0,9,0,8,0,0,0,0,1,1,6,1,65,9,1560,2,8,-1,1,-1
2015051500634,2,9,0,18,0,8,0,0,0,0,1,1,6,1,37,7,1229,1,10,-1,1,-1
2015051500636,1,20,0,18,0,0,0,0,0,0,4,1,1,1,56,9,5193,2,8,-1,1,-1
2015051500639,1,8,0,5,0,0,0,0,0,0,4,1,1,1,35,6,2402,2,10,-1,1,-1
2015051500641,1,9,0,18,0,1,0,0,7,1,1,1,6,1,31,6,1896,2,13,-1,1,-1
2015051500641,2,9,0,17,0,1,0,0,0,0,3,1,6,1,35,6,1242,1,2,-1,1,-1
2015051500642,1,9,0,18,0,1,0,0,0,0,1,1,6,2,40,7,1242,1,11,-1,1,-1
2015051500642,2,9,0,18,0,1,0,0,0,0,2,1,6,1,34,6,2993,2,1,-1,1,-1
2015051500642,3,9,0,10,0,1,0,0,0,0,2,1,6,1,68,10,1596,1,-1,-1,1,-1
2015051500643,1,9,0,9,0,8,0,0,0,0,1,1,3,2,38,7,1360,1,11,-1,1,-1
2015051500643,2,4,0,18,0,1,0,0,0,0,1,1,2,2,55,8,248,1,2,-1,1,-1
2015051500644,1,9,0,18,0,4,0,0,0,0,3,1,6,2,78,11,-1,-1,-1,-1,1,-1
2015051500644,2,9,0,18,0,8,0,0,0,0,1,1,6,1,55,8,1596,1,1,-1,1,-1
2015051500645,1,9,0,18,0,0,0,0,0,0,4,1,6,1,62,9,1997,2,9,-1,1,-1
2015051500646,1,9,0,18,0,1,0,0,0,0,1,1,6,3,-1,-1,-1,-1,-1,-1,-1,-1
2015051500647,1,9,0,1,0,1,0,0,0,0,2,1,6,3,-1,-1,-1,-1,-1,-1,-1,-1
2015051500648,1,2,0,18,0,8,0,10,1,2,1,1,6,1,18,4,-1,-1,-1,-1,1,-1
2015051500648,2,9,0,18,0,1,0,0,0,0,0,1,6,3,-1,-1,-1,-1,-1,-1,-1,-1
2015051500649,1,9,0,5,0,0,0,0,0,0,1,1,6,1,56,9,1597,1,12,-1,1,-1
2015051500650,1,9,0,18,0,0,0,0,0,0,1,1,6,2,24,5,1124,1,14,-1,1,-1
2015051500650,2,9,0,18,0,0,0,0,0,0,1,1,2,1,49,8,-1,-1,-1,-1,1,-1
2015051500651,1,97,0,18,0,0,1,0,0,0,3,1,6,1,17,4,-1,-1,-1,-1,1,-1
2015051500652,1,9,0,18,0,0,0,0,0,0,1,1,6,1,22,5,2400,2,5,-1,1,-1
2015051500652,2,8,0,11,0,0,0,0,0,0,2,1,1,1,52,8,2499,2,7,-1,1,-1
2015051500653,1,8,0,5,0,8,0,0,0,0,1,1,1,1,50,8,2499,2,4,-1,1,-1
2015051500653,2,9,0,18,0,8,5,0,0,0,4,1,6,2,26,6,1086,1,6,-1,1,-1
2015051500655,1,9,0,5,0,0,0,0,0,0,3,1,1,1,45,7,998,1,9,-1,1,-1
2015051500655,2,3,0,18,0,0,0,0,0,0,1,1,6,1,19,4,124,1,5,-1,1,-1
2015051500656,1,1,0,18,0,0,0,0,0,0,1,1,6,1,18,4,-1,-1,-1,-1,1,-1
2015051500656,2,9,0,18,0,0,0,0,0,0,1,1,6,2,19,4,1242,1,9,-1,1,-1
2015051500659,1,9,0,7,0,6,0,0,0,0,1,2,6,2,18,4,-1,-1,-1,-1,-1,-1
2015051500659,2,11,0,16,0,2,0,0,0,0,4,1,1,1,51,8,6871,2,6,-1,1,-1
2015051500659,3,9,0,2,0,1,0,0,0,0,4,1,6,3,-1,-1,1968,2,6,-1,-1,-1
2015051500660,1,9,0,13,0,0,0,0,0,0,1,1,6,3,-1,-1,-1,-1,-1,-1,-1,-1
2015051500661,1,9,0,5,0,4,0,0,0,0,1,1,6,2,47,8,1598,1,9,-1,1,-1
2015051500661,2,1,0,18,0,8,0,0,0,0,4,1,6,1,59,9,-1,-1,-1,-1,1,-1
2015051500662,1,9,0,18,0,6,0,0,0,0,1,1,1,1,50,8,1988,1,12,-1,1,-1
2015051500662,2,9,0,14,0,1,0,4,0,0,3,1,2,2,37,7,1329,1,6,-1,1,-1
2015051500662,3,11,0,18,0,2,0,0,0,0,2,1,1,1,50,8,6871,2,6,-1,1,-1
2015051500663,1,9,0,4,0,1,0,0,0,0,1,1,1,2,47,8,1461,2,2,-1,1,-1
2015051500663,2,11,0,9,0,8,0,0,0,0,1,1,1,1,56,9,4250,2,15,-1,1,-1
2015051500664,1,9,0,18,0,0,0,0,0,0,1,1,6,1,28,6,1560,2,3,-1,1,-1
2015051500664,2,9,0,18,0,0,0,0,0,0,2,1,6,2,62,9,1896,2,8,-1,1,-1
2015051500664,3,9,0,18,0,0,0,0,0,0,2,1,6,2,41,7,2393,1,10,-1,3,-1
2015051500665,1,11,0,18,0,0,0,0,0,0,4,1,1,1,45,7,-1,2,14,-1,1,-1
2015051500666,1,9,0,18,0,0,2,0,1,10,1,1,6,1,51,8,2204,2,7,-1,1,-1
2015051500666,2,21,0,18,0,0,0,0,0,0,2,1,1,1,48,8,5861,2,15,-1,1,-1
2015051500666,3,19,0,18,0,0,0,11,0,0,2,1,1,1,34,6,2198,2,1,-1,1,-1
2015051500667,1,9,0,18,0,0,0,0,0,0,4,1,6,3,-1,-1,-1,-1,-1,-1,-1,-1
2015051500668,1,9,0,18,0,1,0,0,0,0,1,1,6,3,-1,-1,-1,-1,-1,-1,-1,-1
2015051500669,1,19,0,4,0,1,0,0,0,0,1,1,1,1,26,6,2402,2,14,-1,3,-1
2015051500669,2,9,0,2,0,1,0,0,0,0,2,1,1,1,46,8,1229,1,1,-1,1,-1
2015051500670,1,9,0,5,0,8,0,0,0,0,1,1,6,1,38,7,1598,2,3,-1,1,-1
2015051500670,2,8,0,18,0,8,0,0,0,0,1,1,1,1,70,10,2664,2,14,-1,1,-1
2015051500675,1,5,0,18,0,8,0,0,1,2,1,1,6,1,19,4,499,1,20,-1,1,-1
2015051500675,2,9,0,3,0,8,0,0,0,0,1,1,6,1,19,4,1360,1,7,-1,1,-1
2015051500676,1,9,0,18,0,8,0,0,0,0,3,1,6,2,42,7,1497,8,14,-1,1,-1
2015051500676,2,11,0,18,0,8,0,0,0,0,1,1,1,1,46,8,6696,2,1,-1,1,-1
2015051500680,1,9,0,18,0,0,0,0,0,0,1,1,6,2,42,7,1364,1,10,-1,1,-1
2015051500681,1,4,0,4,0,0,0,0,0,0,1,1,6,1,28,6,400,1,26,-1,1,-1
2015051500684,1,9,0,9,0,8,0,0,0,0,1,1,1,1,45,7,1753,2,11,-1,1,-1
2015051500684,2,9,0,18,0,8,0,0,0,0,1,1,2,2,26,6,-1,-1,-1,-1,1,-1
2015051500686,1,9,0,18,0,2,0,0,1,0,1,1,6,3,-1,-1,-1,-1,-1,-1,-1,-1
2015051500687,1,9,0,9,0,8,0,0,0,0,3,1,6,2,47,8,999,1,1,-1,1,-1
2015051500687,2,98,0,18,0,8,0,0,0,0,1,1,6,1,25,5,1968,2,2,-1,1,-1
2015051500689,2,9,0,18,0,0,0,0,0,0,3,1,6,2,35,6,1461,2,5,-1,1,-1
2015051500690,1,9,0,9,0,8,0,0,0,0,1,1,6,2,36,7,2198,2,10,-1,1,-1
2015051500691,1,9,0,3,0,1,0,0,0,0,3,1,6,2,22,5,1796,2,2,-1,1,-1
2015051500691,2,5,0,14,0,1,0,0,0,0,1,1,6,1,47,8,656,1,2,-1,2,-1
2015051500693,1,21,1,12,0,0,0,0,0,0,3,1,1,1,53,8,12900,2,7,-1,1,-1
2015051500693,2,9,0,18,0,0,1,0,5,6,4,1,6,2,23,5,998,1,11,-1,3,-1
2015051500694,1,9,0,4,0,0,0,0,0,0,1,1,3,2,38,7,1242,1,2,-1,2,-1
2015051500694,2,19,0,5,0,0,0,0,0,0,2,1,6,1,64,9,2499,2,15,-1,1,-1
2015051500694,3,9,0,3,0,0,0,0,0,0,2,1,2,2,26,6,1995,1,12,-1,1,-1
2015051500695,1,5,0,18,0,0,0,0,0,0,1,1,6,3,-1,-1,750,1,9,-1,-1,-1
2015051500695,2,9,0,4,0,0,0,0,0,0,2,1,6,1,41,7,1796,1,15,-1,1,-1
2015051500696,1,8,0,18,0,0,0,0,0,0,3,1,1,1,37,7,2402,2,10,-1,1,-1
2015051500697,1,9,0,18,0,8,0,0,0,0,1,1,6,1,45,7,1360,1,5,-1,1,-1
2015051500697,2,1,0,18,0,8,0,0,0,0,1,1,6,1,45,7,-1,-1,-1,-1,1,-1
2015051500699,1,9,0,18,0,0,0,0,0,0,4,1,6,2,62,9,1997,1,5,-1,1,-1
2015051500700,1,9,0,18,0,1,0,0,0,0,1,1,6,1,38,7,-1,-1,-1,-1,1,-1
2015051500700,2,1,0,18,0,1,0,0,0,0,3,1,6,1,43,7,-1,-1,-1,-1,1,-1
2015051500702,1,19,0,18,0,8,1,0,0,0,1,1,1,1,29,6,1598,2,1,-1,1,-1
2015051500702,2,9,0,9,0,8,0,0,0,0,3,1,6,2,54,8,1598,2,3,-1,1,-1
2015051500703,1,9,0,18,0,0,0,0,0,0,3,1,6,1,30,6,1368,1,6,-1,1,-1
2015051500703,2,1,0,18,0,0,0,0,0,0,1,1,4,1,9,2,-1,-1,-1,-1,1,-1
2015051500704,1,9,0,7,0,8,0,0,0,0,4,1,6,3,-1,-1,-1,-1,-1,-1,-1,-1
2015051500705,2,8,0,18,0,0,0,0,0,0,3,1,1,1,36,7,1900,2,10,-1,1,-1
2015051500706,1,20,1,18,0,0,3,0,1,1,1,1,1,1,59,9,-1,-1,-1,-1,1,-1
2015051500707,1,9,0,18,0,1,0,0,0,0,0,1,6,1,33,6,2993,2,4,-1,-1,-1
2015051500707,2,9,0,18,0,1,0,0,0,0,0,1,1,2,28,6,1582,2,2,-1,-1,-1
2015051500707,3,9,0,18,0,1,0,4,0,0,1,1,6,3,-1,-1,-1,-1,-1,-1,-1,-1
2015051500707,4,19,0,2,0,1,0,0,0,0,0,1,6,3,-1,-1,-1,-1,-1,-1,-1,-1
2015051500707,5,8,0,3,0,1,0,0,0,0,3,1,1,1,54,8,1910,2,8,-1,1,-1
2015051500708,1,9,0,7,0,3,0,0,0,0,4,1,6,2,47,8,1560,2,3,-1,1,-1
2015051500708,2,1,0,18,0,8,0,0,0,0,4,1,6,1,24,5,-1,-1,-1,-1,1,-1
2015051500711,1,9,0,4,0,1,0,0,0,0,1,1,1,2,43,7,1560,2,3,-1,1,-1
2015051500711,2,9,0,4,0,1,0,0,0,0,2,1,1,2,41,7,1596,1,13,-1,1,-1
2015051500711,3,9,0,4,0,1,0,0,0,0,2,1,1,2,32,6,1461,2,1,-1,1,-1
2015051500712,1,9,0,9,0,5,0,0,0,0,3,1,6,2,21,5,898,1,1,-1,1,-1
2015051500712,2,9,0,4,0,1,0,0,0,0,3,1,6,2,49,8,1198,1,3,-1,1,-1
2015051500713,1,1,0,9,0,2,0,0,0,0,4,1,6,1,41,7,-1,-1,-1,-1,1,-1
2015051500713,2,9,0,18,0,2,0,0,0,0,1,1,6,1,49,8,1399,2,5,-1,1,-1
2015051500714,1,9,0,5,0,4,0,0,0,0,2,2,6,1,22,5,1560,2,3,-1,1,-1
2015051500714,2,9,0,5,0,4,0,0,0,0,1,1,2,1,38,7,2204,2,6,-1,1,-1
2015051500715,1,9,0,18,0,1,0,0,0,0,3,1,6,1,42,7,1582,2,2,-1,-1,-1
2015051500715,2,9,0,18,0,1,0,0,1,1,1,1,6,1,31,6,1968,2,1,-1,1,-1