Accident_Index,Vehicle_Reference,Vehicle_Type,Towing_and_Articulation,Vehicle_Manoeuvre,Vehicle_Location-Restricted_Lane,Junction_Location,Skidding_and_Overturning,Hit_Object_in_Carriageway,Vehicle_Leaving_Carriageway,Hit_Object_off_Carriageway,1st_Point_of_Impact,Was_Vehicle_Left_Hand_Drive?,Journey_Purpose_of_Driver,Sex_of_Driver,Age_of_Driver,Age_Band_of_Driver,Engine_Capacity_(CC),Propulsion_Code,Age_of_Vehicle,Driver_IMD_Decile,Driver_Home_Area_Type,Vehicle_IMD_Decile
2015051500893,1,9,0,18,0,0,0,0,0,0,1,1,6,1,22,5,1596,1,5,-1,1,-1
2015051500893,2,9,0,18,0,0,0,0,1,4,2,1,6,1,41,7,1984,1,4,-1,1,-1
2015051500894,1,9,0,7,0,2,0,0,0,0,1,1,2,1,53,8,1299,1,15,-1,1,-1
2015051500894,2,1,0,18,0,1,0,0,0,0,1,1,6,2,42,7,-1,-1,-1,-1,1,-1
2015051500895,1,9,0,10,0,1,0,0,0,0,1,1,6,1,90,11,1598,1,5,-1,1,-1
2015051500895,2,10,0,18,0,1,0,0,0,0,4,1,1,1,57,9,-1,-1,-1,-1,-1,-1
2015051500896,1,9,0,1,0,0,0,0,0,0,1,1,6,1,43,7,1598,1,3,-1,1,-1
2015051500896,2,11,0,4,0,0,0,0,0,0,1,1,6,1,43,7,-1,2,15,-1,1,-1
2015051500897,1,9,0,7,0,1,0,0,0,0,2,1,6,1,45,7,1997,2,2,-1,1,-1
2015051500898,1,9,0,9,0,1,1,0,7,11,1,1,6,1,20,4,1242,1,11,-1,1,-1
2015051500898,2,9,0,18,0,1,1,0,0,0,1,1,6,1,24,5,1968,2,1,-1,1,-1
2015051500900,1,9,0,5,0,4,0,0,0,0,1,1,6,1,62,9,1598,1,15,-1,1,-1
2015051500900,2,1,0,18,0,3,0,0,0,0,4,1,2,2,27,6,-1,-1,-1,-1,1,-1
2015051500901,1,9,0,18,0,0,0,0,0,0,1,1,6,1,-1,-1,-1,-1,-1,-1,-1,-1
2015051500901,2,9,0,2,0,0,0,0,0,0,2,1,6,2,22,5,1229,1,1,-1,1,-1
2015051500903,1,9,0,16,0,1,1,0,0,0,3,1,6,1,19,4,1988,1,13,-1,1,-1
2015051500903,2,11,0,17,0,1,0,0,0,0,1,1,1,1,51,8,-1,2,15,-1,1,-1
2015051500904,1,9,0,18,0,0,0,0,0,0,4,1,1,1,25,5,999,1,1,-1,1,-1
2015051500906,1,9,0,18,0,8,0,0,7,2,3,1,6,2,67,10,1995,2,7,-1,1,-1
2015051500906,2,9,0,18,0,8,1,0,0,0,1,1,2,2,49,8,-1,3,3,-1,1,-1
2015051500906,3,9,0,3,0,2,0,0,0,0,1,1,6,2,59,9,973,1,14,-1,1,-1
2015051500907,1,9,0,5,0,1,0,0,0,0,1,1,6,1,32,6,1596,1,10,-1,1,-1
2015051500907,2,9,0,5,0,1,0,0,0,0,1,1,6,1,25,5,1240,1,11,-1,1,-1
2015051500909,1,9,0,18,0,0,0,0,0,0,4,1,2,2,22,5,1229,1,1,-1,1,-1
2015051500909,2,1,0,18,0,0,0,0,0,0,1,1,6,1,8,2,-1,-1,-1,-1,1,-1
2015051500910,1,9,0,18,0,0,5,0,1,0,1,1,6,2,23,5,1229,1,9,-1,1,-1
2015051500912,1,9,0,9,0,8,1,0,0,0,1,1,6,2,80,11,1360,1,6,-1,1,-1
2015051500912,2,9,0,18,0,6,0,0,0,0,3,1,6,1,75,10,2435,1,15,-1,1,-1
2015051500913,1,9,0,18,0,0,0,0,0,0,1,1,6,1,18,4,1364,1,8,-1,1,-1
2015051500913,2,8,0,4,0,0,0,0,0,0,1,1,1,1,45,7,1910,2,7,-1,1,-1
2015051500913,3,9,0,18,0,0,0,0,0,0,2,1,6,1,22,5,1560,2,2,-1,1,-1
2015051500913,4,9,0,3,0,0,0,0,0,0,2,1,6,1,28,6,1149,1,1,-1,1,-1
2015051500916,2,9,0,18,0,1,0,0,0,0,1,2,6,3,-1,-1,-1,-1,-1,-1,-1,-1
2015051500921,1,9,0,18,0,0,0,4,0,0,1,1,6,2,22,5,1598,1,9,-1,1,-1
2015051500921,2,9,0,2,0,0,0,0,0,0,2,1,6,3,-1,-1,1968,2,6,-1,-1,-1
2015051500921,3,9,0,2,0,0,0,0,0,0,1,1,6,3,-1,-1,1339,1,6,-1,-1,-1
2015051500922,1,9,0,18,0,1,0,0,0,0,1,1,6,1,19,4,998,1,-1,-1,1,-1
2015051500922,2,9,0,8,0,1,0,0,0,0,0,1,6,2,44,7,1596,1,12,-1,1,-1
2015051500923,1,9,0,4,0,0,0,0,0,0,1,1,6,2,59,9,1596,1,3,-1,1,-1
2015051500923,2,9,0,4,0,0,0,0,0,0,2,1,6,1,71,10,998,1,3,-1,1,-1
2015051500923,3,9,0,4,0,0,0,0,0,0,2,1,6,2,23,5,998,1,2,-1,1,-1
2015051500924,1,19,0,18,0,2,0,0,0,0,1,1,6,1,20,4,1753,2,6,-1,1,-1
2015051500924,2,9,0,3,0,2,0,0,0,0,2,1,3,2,32,6,1242,1,6,-1,1,-1
2015051500925,1,9,0,6,0,0,0,0,0,0,1,1,6,1,73,10,1396,1,17,-1,1,-1
2015051500925,2,97,0,18,0,0,0,0,0,0,1,1,6,1,25,5,50,1,7,-1,1,-1
2015051500926,1,9,0,9,0,1,0,0,0,0,3,1,2,1,46,8,2494,1,16,-1,1,-1
2015051500926,2,5,0,10,0,1,0,0,0,0,4,1,2,1,49,8,998,1,12,-1,1,-1
2015051500927,1,9,0,9,0,8,0,0,0,0,1,1,6,1,29,6,1242,1,13,-1,1,-1
2015051500928,1,9,0,17,0,1,0,0,0,0,1,1,6,1,71,10,1461,2,6,-1,1,-1
2015051500928,2,9,0,18,0,1,0,0,0,0,0,1,6,1,64,9,1598,1,8,-1,1,-1
2015051500929,1,9,0,1,0,1,0,0,0,0,2,1,6,2,31,6,1299,1,12,-1,1,-1
2015051500930,1,5,0,16,0,0,1,0,5,6,1,1,6,1,29,6,750,1,2,-1,1,-1
2015051500933,1,9,0,15,0,0,1,0,1,6,1,1,2,1,26,6,1796,1,13,-1,1,-1
2015051500933,2,9,0,18,0,0,0,0,0,0,0,1,2,1,20,4,1248,1,1,-1,1,-1
2015051500934,1,9,0,18,0,1,0,0,0,0,4,1,2,2,30,6,1299,1,14,-1,1,-1
2015051500934,2,1,0,9,0,1,0,0,0,0,3,1,6,1,34,6,-1,-1,-1,-1,1,-1
2015051500936,1,9,0,1,0,6,0,4,0,0,2,1,6,3,-1,-1,1994,1,15,-1,-1,-1
2015051500936,2,9,0,2,0,1,0,0,0,0,4,1,6,3,-1,-1,1968,2,4,-1,-1,-1
2015051500936,3,9,0,3,0,1,0,0,0,0,1,1,6,2,43,7,1995,2,11,-1,1,-1
2015051500936,4,9,0,2,0,1,0,0,0,0,4,1,6,2,49,8,2987,2,4,-1,2,-1
2015051500937,1,9,0,18,0,4,0,0,0,0,3,1,6,1,27,6,1242,1,2,-1,1,-1
2015051500937,2,1,0,18,0,3,0,0,0,0,4,1,6,1,34,6,-1,-1,-1,-1,1,-1
2015051500938,1,19,0,12,0,0,0,0,0,0,3,1,1,1,43,7,2143,2,4,-1,3,-1
2015051500938,2,9,0,18,0,0,0,0,0,0,4,1,6,2,61,9,1197,1,3,-1,1,-1
2015051500939,1,9,0,18,0,1,0,0,0,0,3,1,6,1,49,8,1596,1,9,-1,1,-1
2015051500941,1,9,0,4,0,1,0,0,0,0,1,1,6,2,69,10,1689,2,13,-1,1,-1
2015051500941,2,9,0,10,0,1,0,0,0,0,2,1,2,1,49,8,1461,2,1,-1,1,-1
2015051500942,1,9,0,4,0,1,0,0,0,0,1,2,6,2,28,6,1242,1,3,-1,1,-1
2015051500942,2,9,0,3,0,1,0,0,0,0,2,2,6,2,38,7,1995,2,9,-1,1,-1
2015051500943,1,8,0,18,0,0,1,0,0,0,1,1,1,1,33,6,2402,2,11,-1,1,-1
2015051500944,1,9,0,18,0,0,0,0,0,0,4,1,6,2,21,5,1242,1,4,-1,2,-1
2015051500944,2,1,0,18,0,0,0,0,0,0,3,1,6,1,41,7,-1,-1,-1,-1,1,-1
2015051500947,1,9,0,1,0,0,0,0,0,0,2,1,6,1,73,10,1582,2,2,-1,1,-1
2015051500949,1,9,0,7,0,1,0,0,0,0,2,1,6,2,73,10,1299,1,10,-1,1,-1
2015051500949,2,1,0,18,0,1,0,0,0,0,1,1,6,1,39,7,-1,-1,-1,-1,2,-1
2015051500950,1,9,0,9,0,1,0,0,0,0,1,1,6,2,21,5,1598,1,9,-1,1,-1
2015051500950,2,9,0,18,0,1,0,0,0,0,3,1,2,2,38,7,999,1,-1,-1,1,-1
2015051500952,1,9,0,9,0,2,0,0,0,0,1,1,2,1,62,9,1364,1,9,-1,1,-1
2015051500952,2,9,0,18,0,1,0,0,0,0,3,1,2,2,21,5,1598,1,14,-1,1,-1
2015051500953,1,9,0,5,0,6,0,0,0,0,1,1,6,1,39,7,1598,1,14,-1,1,-1
2015051500953,2,5,0,18,0,1,0,0,0,0,4,1,6,1,58,9,1052,1,15,-1,1,-1
2015051500956,1,9,0,18,0,1,0,0,0,0,1,1,6,1,25,5,1896,2,8,-1,1,-1
2015051500956,2,9,0,7,0,5,0,0,0,0,2,1,6,2,27,6,1328,1,5,-1,1,-1
2015051500957,1,9,0,18,0,0,0,0,0,0,4,1,1,2,34,6,1798,1,13,-1,1,-1
2015051500958,1,11,0,18,0,0,0,0,0,0,3,1,6,3,-1,-1,-1,-1,-1,-1,-1,-1
2015051500960,1,11,0,18,0,0,0,0,0,0,1,1,1,1,51,8,-1,-1,-1,-1,-1,-1
2015051500963,1,9,0,4,0,1,0,0,0,0,1,1,6,1,44,7,1968,2,3,-1,1,-1
2015051500963,2,9,0,4,0,1,0,0,0,0,2,1,6,2,23,5,1368,1,5,-1,1,-1
2015051500964,1,9,0,18,0,0,0,0,0,0,1,1,6,3,-1,-1,1560,2,1,-1,-1,-1
2015051500964,2,9,0,3,0,0,0,0,0,0,2,1,6,2,29,6,1560,2,1,-1,1,-1
2015051500965,1,9,0,18,0,0,0,0,0,0,1,1,6,3,-1,-1,-1,-1,-1,-1,-1,-1
2015051500966,1,8,0,9,0,2,0,0,0,0,1,1,6,1,62,9,2499,2,5,-1,1,-1
2015051500967,1,9,0,18,0,1,0,0,0,0,1,1,6,1,35,6,1995,2,-1,-1,1,-1
2015051500967,2,9,0,18,0,1,0,0,0,0,2,1,6,1,53,8,1968,2,2,-1,1,-1
2015051500967,3,9,0,18,0,1,0,0,0,0,2,1,6,2,32,6,1796,2,3,-1,1,-1
2015051500969,1,9,0,7,0,8,0,0,0,0,4,1,6,1,50,8,1248,2,7,-1,1,-1
2015051500970,1,8,0,18,0,0,0,0,0,0,3,1,1,3,-1,-1,-1,-1,-1,-1,-1,-1
2015051500971,1,9,0,9,0,8,0,0,1,10,3,1,6,2,34,6,1560,2,3,-1,1,-1
2015051500971,2,9,0,18,0,8,0,0,0,0,1,1,6,1,37,7,2497,1,14,-1,1,-1
2015051500972,1,8,0,18,0,0,0,0,0,0,0,1,1,1,62,9,2664,2,14,-1,1,-1
2015051500973,1,9,0,16,0,8,0,0,0,0,1,1,6,1,20,4,1598,2,2,-1,1,-1
2015051500973,2,9,0,7,0,1,0,0,0,0,1,1,6,1,67,10,1598,1,2,-1,1,-1
2015051500974,1,9,0,18,0,0,0,0,1,11,1,1,6,2,25,5,-1,-1,-1,-1,1,-1
2015051500974,2,9,0,18,0,0,0,0,0,0,0,1,6,3,-1,-1,-1,-1,-1,-1,-1,-1
2015051500975,1,9,0,18,0,8,1,0,0,0,1,1,6,2,35,6,1242,1,14,-1,1,-1
2015051500975,2,9,0,18,0,8,0,0,0,0,3,1,6,2,56,9,1685,2,2,-1,1,-1
2015051500978,1,19,0,18,0,2,0,0,0,0,4,1,2,1,52,8,2198,2,3,-1,1,-1
2015051500978,2,1,0,18,0,2,0,0,1,0,2,1,2,1,47,8,-1,-1,-1,-1,1,-1
2015051500979,1,9,0,18,0,0,0,0,0,0,1,1,6,1,34,6,2143,2,1,-1,1,-1
2015051500979,2,9,0,18,0,0,0,0,0,0,2,1,6,1,30,6,1598,1,5,-1,2,-1
2015051500984,1,9,0,18,0,1,0,0,0,0,1,1,2,2,27,6,1364,1,7,-1,1,-1
2015051500984,2,9,0,4,0,1,0,0,0,0,2,1,2,2,29,6,1598,1,1,-1,1,-1
2015051500985,1,9,0,13,0,1,1,0,7,11,1,1,6,3,-1,-1,1781,1,15,-1,-1,-1
2015051500985,2,9,0,9,0,8,1,0,0,0,3,1,6,1,82,11,1339,1,3,-1,1,-1
2015051500986,1,9,0,9,0,6,1,0,0,0,1,1,6,1,16,4,2143,2,1,-1,1,-1
2015051500986,2,9,0,18,0,8,0,0,0,0,1,1,6,1,31,6,1399,2,12,-1,1,-1
2015051500988,1,98,0,18,0,0,0,0,0,0,4,1,1,1,49,8,10837,2,2,-1,1,-1
2015051500988,2,1,0,18,0,0,0,0,0,0,3,1,6,1,82,11,-1,-1,-1,-1,1,-1
2015051500989,1,1,0,5,0,0,0,0,0,0,0,1,6,1,12,3,-1,-1,-1,-1,1,-1
2015051500989,2,9,0,18,0,0,0,0,0,0,4,1,2,1,63,9,1998,1,21,-1,1,-1
2015051500990,1,19,0,18,0,0,0,0,0,0,1,1,6,1,58,9,2198,2,2,-1,1,-1
2015051500990,2,9,0,4,0,0,0,0,0,0,2,1,6,2,61,9,1598,1,5,-1,1,-1
2015051500990,3,9,0,4,0,0,0,0,0,0,2,1,6,1,52,8,1461,2,3,-1,1,-1
2015051500991,1,9,0,13,0,1,0,0,0,0,1,1,6,3,-1,-1,2494,1,16,-1,-1,-1
2015051500991,2,8,0,4,0,1,1,0,1,7,2,1,1,1,38,7,1968,2,6,-1,1,-1
2015051500992,1,9,0,18,0,0,0,0,0,0,3,1,6,1,55,8,1686,2,3,-1,1,-1
2015051500993,1,9,0,18,0,0,0,0,0,0,4,1,6,2,24,5,1390,1,1,-1,1,-1
2015051500994,1,9,0,18,0,0,0,0,0,0,3,1,6,1,26,6,1968,2,1,-1,1,-1
2015051500995,1,9,0,18,0,8,0,0,0,0,1,1,6,2,70,10,1248,1,4,-1,1,-1
2015051500995,2,1,0,9,0,4,0,0,0,0,3,1,6,2,43,7,-1,-1,-1,-1,1,-1
2015051500996,1,9,0,18,0,0,0,0,0,0,1,1,6,2,23,5,1388,1,8,-1,1,-1
2015051500998,1,8,0,1,0,0,0,0,0,0,2,1,6,1,23,5,1753,2,8,-1,1,-1
2015051500999,1,9,0,18,0,0,0,0,0,0,1,1,6,1,40,7,1999,1,10,-1,1,-1
2015051500999,2,8,0,18,0,0,0,4,0,0,2,1,1,1,45,7,1686,2,10,-1,1,-1
2015051500999,3,9,0,2,0,0,0,0,0,0,3,1,6,2,26,6,998,1,3,-1,1,-1
2015051501001,1,9,0,16,0,0,0,10,1,3,1,1,6,1,27,6,1991,1,1,-1,1,-1
2015051501002,1,9,0,18,0,0,0,0,0,0,4,1,6,3,-1,-1,-1,-1,-1,-1,-1,-1
2015051501005,1,9,0,1,0,0,0,0,0,0,1,1,6,3,-1,-1,1956,2,1,-1,-1,-1
2015051501005,2,9,0,2,0,0,0,0,0,0,2,1,6,3,-1,-1,1229,1,2,-1,-1,-1
2015051501006,1,9,0,7,0,5,2,0,0,0,3,1,6,1,43,7,1149,1,14,-1,1,-1
2015051501007,1,9,0,9,0,8,0,0,0,0,3,1,6,1,22,5,1198,1,4,-1,1,-1
2015051501007,2,9,0,18,0,1,0,0,0,0,1,1,2,1,53,8,1598,1,15,-1,1,-1
2015051501008,1,9,0,4,0,1,0,0,0,0,1,1,6,1,20,4,1596,1,12,-1,3,-1
2015051501008,2,9,0,3,0,1,0,0,0,0,2,1,1,1,53,8,1686,2,3,-1,1,-1
2015051501009,1,9,0,18,0,0,0,0,0,0,1,1,6,3,-1,-1,1242,1,7,-1,-1,-1
2015051501010,1,10,0,12,0,0,0,0,0,0,2,1,1,2,37,7,2198,2,1,-1,1,-1
2015051501010,2,5,0,3,0,0,1,0,0,0,1,1,6,1,50,8,998,1,7,-1,1,-1
2015051501011,1,19,0,18,0,1,1,0,0,0,1,1,2,1,27,6,1753,2,12,-1,1,-1
2015051501011,2,9,0,5,0,6,0,0,0,0,3,1,6,2,37,7,1560,2,6,-1,1,-1
2015051501012,1,9,0,18,0,8,0,0,0,0,1,1,2,1,33,6,1461,2,1,-1,1,-1
2015051501014,1,9,0,18,0,0,0,0,0,0,1,1,1,2,37,7,1998,1,10,-1,1,-1
2015051501014,2,19,0,2,0,0,0,0,0,0,2,1,1,1,24,5,1896,2,9,-1,1,-1
2015051501015,1,9,0,11,0,8,0,0,0,0,0,1,6,3,-1,-1,1149,1,2,-1,-1,-1
2015051501015,2,11,0,18,0,8,0,0,0,0,0,1,1,1,52,8,6700,2,8,-1,1,-1
2015051501016,1,19,0,14,0,0,0,0,0,0,1,1,6,3,-1,-1,-1,-1,-1,-1,-1,-1
2015051501017,1,9,0,18,0,0,0,0,4,6,3,1,6,2,46,8,-1,-1,-1,-1,1,-1
2015051501018,1,1,0,18,0,1,0,0,0,0,4,1,6,1,7,2,-1,-1,-1,-1,1,-1
2015051501018,2,8,0,18,0,1,0,0,0,0,1,1,6,1,27,6,1995,2,12,-1,1,-1
2015051501019,1,9,0,9,0,1,0,0,0,0,2,1,6,1,66,10,1198,1,2,-1,1,-1
2015051501019,2,9,0,18,0,1,0,0,0,0,1,1,1,1,28,6,1753,2,8,-1,1,-1
2015051501020,1,9,0,18,0,8,0,0,0,0,1,1,6,3,-1,-1,1994,1,10,-1,-1,-1
2015051501020,2,3,0,9,0,8,0,0,0,0,4,1,2,1,18,4,124,1,4,-1,1,-1
2015051501021,1,8,0,18,0,8,0,0,0,0,1,1,1,1,47,8,2402,2,12,-1,1,-1
2015051501022,1,9,0,9,0,2,0,0,0,0,1,1,6,2,26,6,1596,1,2,-1,1,-1
2015051501022,2,9,0,18,0,1,0,0,0,0,3,1,6,1,80,11,1598,1,1,-1,1,-1
2015051501023,1,9,0,4,0,1,0,0,0,0,1,1,6,1,30,6,1596,1,12,-1,3,-1
2015051501023,2,9,0,4,0,1,0,0,0,0,2,1,6,2,29,6,2143,2,4,-1,1,-1
2015051501024,1,1,0,18,0,0,0,0,0,0,1,1,6,1,28,6,-1,-1,-1,-1,1,-1
2015051501024,2,8,0,18,0,0,0,0,0,0,1,1,2,1,64,9,1896,2,13,-1,1,-1
2015051501025,1,9,0,18,0,3,2,7,3,11,1,1,6,1,27,6,1598,1,11,-1,1,-1
2015051501028,1,9,0,7,0,0,0,0,0,0,4,1,6,2,53,8,875,1,2,-1,1,-1
2015051501028,2,1,0,18,0,0,0,0,0,0,1,1,6,1,44,7,-1,-1,-1,-1,1,-1
2015051501030,1,19,0,18,0,0,0,0,0,0,1,1,6,1,27,6,2198,2,6,-1,1,-1
2015051501031,1,9,0,18,0,1,0,0,0,0,1,1,6,1,20,4,1598,1,6,-1,1,-1
2015051501031,2,9,0,10,0,1,0,0,0,0,3,1,6,1,49,8,2179,2,5,-1,1,-1
2015051501031,3,9,0,2,0,1,0,0,0,0,3,1,6,1,48,8,1364,1,4,-1,1,-1
2015051501031,4,9,0,2,0,1,0,0,0,0,3,1,6,1,58,9,1242,1,2,-1,1,-1
2015051501033,1,9,0,18,0,0,0,0,0,0,1,1,6,1,45,7,1896,2,9,-1,1,-1
2015051501033,2,9,0,4,0,0,0,0,0,0,2,1,6,1,45,7,1997,2,9,-1,1,-1
2015051501034,1,9,0,18,0,0,0,0,0,0,1,1,6,1,32,6,2720,2,7,-1,1,-1
2015051501035,1,9,0,18,0,2,0,0,0,0,1,1,6,1,27,6,2143,2,5,-1,1,-1
2015051501035,2,9,0,9,0,1,0,0,0,0,1,1,1,2,26,6,1242,1,6,-1,1,-1
2015051501036,1,8,0,18,0,8,0,0,0,0,4,1,1,1,39,7,2499,2,5,-1,1,-1
2015051501037,1,9,0,18,0,0,0,0,0,0,1,1,6,3,-1,-1,-1,-1,-1,-1,-1,-1
2015051501038,1,9,0,9,0,1,0,0,0,0,4,1,6,1,70,10,1686,2,15,-1,1,-1
2015051501038,2,8,0,18,0,1,0,0,0,0,1,1,1,1,29,6,2499,2,7,-1,1,-1
2015051501039,1,9,0,9,0,1,0,0,0,0,1,1,6,2,47,8,2902,2,9,-1,1,-1
2015051501039,2,4,0,4,0,1,0,0,0,0,4,1,6,1,42,7,124,1,2,-1,1,-1
2015051501040,1,9,0,18,0,1,0,0,0,0,1,1,6,1,-1,-1,-1,-1,-1,-1,-1,-1
2015051501040,2,9,0,18,0,1,0,0,0,0,1,1,6,1,49,8,1560,2,1,-1,1,-1
2015051501040,3,9,0,7,0,6,0,0,0,0,1,1,6,1,61,9,1596,1,2,-1,1,-1
2015051501041,1,9,0,9,0,1,0,0,0,0,1,1,6,2,71,10,998,1,10,-1,1,-1
2015051501041,2,5,0,18,0,1,0,0,0,0,1,1,6,1,33,6,998,1,8,-1,1,-1
2015051501042,1,9,0,9,0,6,0,0,0,0,3,1,6,1,71,10,1762,1,15,-1,1,-1
2015051501042,2,4,0,18,0,8,1,0,0,0,1,1,6,1,27,6,124,1,5,-1,1,-1
2015051501043,1,9,0,18,0,1,0,0,0,0,1,1,6,2,31,6,-1,-1,-1,-1,1,-1
2015051501043,2,9,0,9,0,1,0,0,0,0,2,1,6,1,47,8,1242,1,14,-1,-1,-1
2015051501046,1,5,0,18,0,8,1,0,0,0,1,1,6,1,23,5,645,1,5,-1,1,-1
2015051501046,2,8,0,4,0,1,0,0,0,0,3,1,1,1,60,9,1870,2,8,-1,1,-1
2015051501047,1,9,0,18,0,0,0,0,0,0,1,1,6,3,-1,-1,-1,-1,-1,-1,-1,-1
2015051501048,1,11,0,17,0,0,0,0,0,0,3,1,1,1,48,8,-1,2,14,-1,1,-1
2015051501052,1,9,0,18,0,0,0,0,0,0,2,1,6,2,34,6,1598,1,8,-1,1,-1
2015051501053,1,9,0,16,0,0,0,0,0,0,3,1,6,3,-1,-1,-1,-1,-1,-1,-1,-1
2015051501053,2,5,0,17,0,0,0,0,0,0,3,1,6,1,56,9,1340,1,24,-1,1,-1
2015051501054,1,8,0,18,0,1,0,0,0,0,3,1,1,1,22,5,1753,2,10,-1,1,-1
2015051501054,2,19,4,4,0,1,0,0,0,0,4,1,1,1,64,9,2402,2,4,-1,1,-1
2015051501054,3,9,0,4,0,1,0,0,0,0,2,1,6,1,41,7,1598,1,2,-1,1,-1
2015051501057,1,9,0,18,0,0,0,0,0,0,1,1,6,3,-1,-1,-1,-1,-1,-1,-1,-1
2015051501059,1,9,0,9,0,8,1,0,7,11,4,1,6,1,29,6,1956,2,1,-1,1,-1
2015051501059,2,9,0,18,0,8,1,0,7,11,1,1,6,1,44,7,1753,2,12,-1,1,-1
2015051501060,1,9,0,18,0,0,0,0,0,0,1,1,6,3,-1,-1,-1,-1,-1,-1,-1,-1
2015051501060,2,5,0,18,0,0,1,0,0,0,1,1,2,1,59,9,1063,1,17,-1,1,-1
2015051501061,1,9,0,5,0,0,0,0,0,0,1,1,1,1,36,7,1560,2,7,-1,1,-1
2015051501062,1,9,0,9,0,8,0,0,1,11,1,1,6,1,82,11,1360,1,11,-1,1,-1
2015051501062,2,9,0,18,0,8,0,0,0,0,1,1,6,2,44,7,2179,2,3,-1,1,-1
2015051501063,1,9,0,18,0,0,0,0,0,0,1,1,2,2,45,7,1242,1,3,-1,1,-1
2015051501063,2,8,0,18,0,0,0,0,0,0,2,1,1,2,53,8,1753,2,9,-1,1,-1
2015051501063,3,9,0,18,0,0,0,0,0,0,2,1,2,2,55,8,1461,2,6,-1,1,-1
2015051501064,2,8,0,18,0,0,0,0,0,0,0,2,1,1,55,8,2499,2,5,-1,1,-1
2015051501065,1,9,0,1,0,0,0,0,0,0,0,1,6,2,34,6,-1,-1,-1,-1,1,-1
2015051501066,1,9,0,18,0,0,0,0,0,0,4,1,2,2,23,5,1200,1,-1,-1,1,-1
2015051501067,1,9,0,17,0,0,0,0,1,4,1,1,6,2,91,11,1364,1,7,-1,3,-1
2015051501068,1,9,0,18,0,0,0,0,0,0,4,1,6,3,-1,-1,-1,-1,-1,-1,-1,-1
2015051501069,1,9,0,3,0,1,0,0,0,0,1,1,6,3,-1,-1,1242,1,3,-1,-1,-1
2015051501069,2,9,0,3,0,1,0,0,0,0,2,1,2,1,24,5,1248,2,5,-1,1,-1
2015051501070,1,9,0,1,0,1,0,0,0,0,2,1,6,3,-1,-1,-1,-1,-1,-1,-1,-1
2015051501071,1,9,0,5,0,2,0,0,0,0,1,1,6,1,72,10,1956,2,1,-1,1,-1
2015051501072,1,9,0,18,0,0,0,0,0,0,4,1,6,3,-1,-1,-1,-1,-1,-1,-1,-1
2015051501073,1,9,0,6,0,0,0,0,0,0,1,1,6,1,32,6,1229,1,1,-1,1,-1
2015051501073,2,1,0,13,0,0,0,0,0,0,1,1,6,1,18,4,-1,-1,-1,-1,1,-1
2015051501074,1,19,0,18,0,0,0,0,0,0,1,1,1,1,48,8,1868,2,12,-1,1,-1
2015051501074,2,9,0,3,0,0,0,0,0,0,2,1,6,2,29,6,1560,2,10,-1,1,-1
2015051501075,1,9,0,18,0,1,0,0,0,0,4,1,6,2,65,9,1598,2,1,-1,3,-1
2015051501075,2,1,0,18,0,1,0,0,0,0,1,1,6,1,43,7,-1,-1,-1,-1,1,-1
2015051501076,1,9,0,12,0,6,1,0,0,0,3,1,6,2,29,6,1596,1,9,-1,1,-1
2015051501076,2,9,0,18,0,1,5,0,6,0,4,1,6,1,24,5,1596,1,8,-1,1,-1
2015051501077,1,9,0,18,0,1,0,0,0,0,1,1,6,1,27,6,1364,1,8,-1,1,-1
2015051501077,2,9,0,18,0,2,0,0,0,0,1,1,6,1,55,8,-1,-1,-1,-1,1,-1
2015051501078,1,9,0,18,0,0,0,0,0,0,1,1,2,1,32,6,2179,2,2,-1,1,-1
2015051501078,2,9,0,3,0,0,0,0,0,0,2,1,2,2,34,6,1299,1,17,-1,1,-1
2015051501079,1,9,0,16,0,0,5,0,7,9,3,1,6,1,35,6,1587,1,11,-1,1,-1
2015051501080,1,9,0,18,0,0,2,0,1,0,1,1,6,2,22,5,-1,-1,-1,-1,1,-1
2015051501081,1,9,0,5,0,8,1,0,0,0,4,1,6,1,17,4,1197,1,2,-1,1,-1
2015051501081,2,9,0,18,0,8,1,0,0,0,1,1,6,1,33,6,1956,2,5,-1,1,-1
2015051501083,1,11,0,5,0,0,0,0,0,0,0,1,1,1,64,9,4760,2,2,-1,1,-1
2015051501084,1,9,0,18,0,0,0,0,0,0,1,1,6,2,42,7,1753,2,7,-1,1,-1
2015051501085,1,9,0,9,0,6,0,0,0,0,0,1,1,3,-1,-1,-1,-1,-1,-1,-1,-1
2015051501085,2,9,0,18,0,1,0,0,0,0,1,1,6,3,-1,-1,-1,-1,-1,-1,-1,-1
2015051501085,3,9,0,18,0,1,0,0,0,0,2,1,6,2,23,5,1242,1,12,-1,1,-1
2015051501085,4,9,0,18,0,1,0,0,0,0,2,1,6,2,44,7,1242,1,19,-1,1,-1
2015051501085,5,9,0,18,0,1,0,0,0,0,2,1,6,1,24,5,1360,1,10,-1,1,-1
2015051501086,1,9,0,18,0,8,5,0,0,0,4,1,1,1,31,6,1582,2,1,-1,1,-1
2015051501086,2,9,0,9,0,5,0,0,0,0,1,1,6,2,20,4,1399,2,4,-1,1,-1