Accident_Index,Vehicle_Reference,Vehicle_Type,Towing_and_Articulation,Vehicle_Manoeuvre,Vehicle_Location-Restricted_Lane,Junction_Location,Skidding_and_Overturning,Hit_Object_in_Carriageway,Vehicle_Leaving_Carriageway,Hit_Object_off_Carriageway,1st_Point_of_Impact,Was_Vehicle_Left_Hand_Drive?,Journey_Purpose_of_Driver,Sex_of_Driver,Age_of_Driver,Age_Band_of_Driver,Engine_Capacity_(CC),Propulsion_Code,Age_of_Vehicle,Driver_IMD_Decile,Driver_Home_Area_Type,Vehicle_IMD_Decile
2015051501088,1,9,0,5,0,1,0,0,0,0,1,1,6,1,55,8,1229,1,2,-1,1,-1
2015051501088,2,9,0,18,0,1,0,0,0,0,3,1,6,2,31,6,1596,1,9,-1,1,-1
2015051501089,1,9,0,16,0,0,1,0,7,0,1,1,6,3,-1,-1,1753,2,12,-1,-1,-1
2015051501090,1,9,0,16,0,0,2,0,0,0,3,1,1,1,25,5,-1,-1,-1,-1,1,-1
2015051501090,2,9,0,16,0,0,0,0,0,0,4,1,6,1,35,6,1968,2,6,-1,1,-1
2015051501091,1,21,1,18,0,3,5,0,0,0,4,1,1,1,29,6,12809,2,1,-1,1,-1
2015051501092,1,9,0,18,0,2,0,0,0,0,3,1,2,2,22,5,1368,1,5,-1,1,-1
2015051501093,1,19,0,18,0,0,1,0,0,0,1,1,1,1,58,9,2402,2,4,-1,1,-1
2015051501093,2,9,0,3,0,0,0,0,0,0,2,1,6,2,77,11,-1,-1,-1,-1,1,-1
2015051501094,1,9,0,4,0,0,0,0,0,0,1,1,6,1,44,7,1870,2,10,-1,1,-1
2015051501094,2,9,0,4,0,0,0,0,0,0,2,1,1,1,44,7,-1,-1,-1,-1,1,-1
2015051501094,3,9,0,4,0,0,0,0,0,0,2,1,6,2,30,6,1796,1,7,-1,1,-1
2015051501095,1,9,0,5,0,4,0,0,0,0,1,1,2,2,32,6,1461,2,8,-1,1,-1
2015051501095,2,1,0,18,0,8,0,0,0,0,4,1,6,1,37,7,-1,-1,-1,-1,3,-1
2015051501097,1,9,0,5,0,2,0,0,0,0,1,1,6,1,25,5,1461,2,1,-1,1,-1
2015051501099,1,3,0,4,0,0,1,0,0,0,4,1,6,1,20,4,125,1,-1,-1,1,-1
2015051501100,1,9,0,4,0,0,0,0,0,0,1,1,6,1,47,8,1995,2,3,-1,1,-1
2015051501100,2,9,0,18,0,0,0,0,0,0,2,1,6,1,52,8,1910,2,7,-1,3,-1
2015051501102,1,1,0,18,0,0,0,0,0,0,1,1,6,1,40,7,-1,-1,-1,-1,1,-1
2015051501103,1,19,0,7,0,1,0,0,1,0,4,1,6,3,-1,-1,2151,2,11,-1,-1,-1
2015051501105,1,9,0,4,0,0,0,0,0,0,2,1,6,3,-1,-1,-1,-1,-1,-1,-1,-1
2015051501105,2,3,0,18,0,0,0,4,0,0,1,1,6,1,32,6,124,1,11,-1,1,-1
2015051501105,3,9,0,2,0,0,0,0,0,0,3,1,6,3,-1,-1,1396,1,18,-1,-1,-1
2015051501106,1,9,0,3,0,1,0,0,0,0,1,1,1,2,31,6,1582,2,3,-1,-1,-1
2015051501106,2,9,0,3,0,1,0,4,1,11,1,1,6,3,-1,-1,1599,1,13,-1,-1,-1
2015051501106,3,9,0,2,0,2,0,0,0,0,4,1,6,3,-1,-1,1390,1,9,-1,-1,-1
2015051501107,1,9,0,7,0,8,0,0,0,0,1,1,6,1,51,8,1388,1,13,-1,1,-1
2015051501107,2,1,0,18,0,2,0,0,0,0,2,1,6,1,37,7,-1,-1,-1,-1,1,-1
2015051501108,1,9,0,5,0,7,0,0,0,0,4,1,6,1,64,9,1497,1,12,-1,1,-1
2015051501108,2,9,0,18,0,8,0,0,0,0,1,1,6,1,65,9,1000,1,15,-1,1,-1
2015051501109,1,19,0,18,0,8,0,0,0,0,1,1,6,1,59,9,1753,2,6,-1,1,-1
2015051501109,2,9,0,18,0,8,1,0,0,0,1,1,2,2,49,8,1299,1,7,-1,1,-1
2015051501110,1,8,0,4,0,1,0,0,0,0,1,1,1,1,44,7,1968,2,6,-1,1,-1
2015051501110,2,9,0,3,0,1,0,0,0,0,2,1,6,2,67,10,1998,1,12,-1,1,-1
2015051501110,3,9,0,3,0,1,0,0,0,0,2,1,6,2,37,7,1242,1,7,-1,1,-1
2015051501113,1,5,0,5,0,0,1,0,1,0,3,1,6,1,49,8,749,1,8,-1,1,-1
2015051501114,1,9,0,18,0,0,0,0,0,0,0,1,1,1,29,6,1582,2,1,-1,-1,-1
2015051501114,2,9,0,18,0,0,0,0,0,0,1,1,6,1,24,5,1984,1,8,-1,1,-1
2015051501114,3,9,0,18,0,0,0,0,0,0,2,1,6,1,81,11,998,1,14,-1,1,-1
2015051501115,1,9,0,18,0,1,1,0,1,11,1,1,6,1,28,6,-1,-1,-1,-1,1,-1
2015051501116,1,97,0,18,0,1,0,0,0,0,1,1,6,1,17,4,-1,-1,-1,-1,1,-1
2015051501116,2,9,0,4,0,1,0,0,0,0,4,1,6,1,24,5,1364,1,5,-1,1,-1
2015051501118,1,1,0,18,0,0,0,0,0,0,1,1,6,1,20,4,-1,-1,-1,-1,1,-1
2015051501119,1,11,0,5,0,0,0,0,0,0,0,1,1,1,37,7,9000,2,6,-1,1,-1
2015051501120,1,9,0,1,0,0,0,0,0,0,2,1,1,1,37,7,1686,2,8,-1,1,-1
2015051501120,2,1,0,4,0,0,0,0,0,0,4,1,6,1,12,3,-1,-1,-1,-1,1,-1
2015051501121,1,19,0,5,0,0,0,0,0,0,3,1,6,3,-1,-1,-1,-1,-1,-1,-1,-1
2015051501122,1,9,0,18,0,0,0,0,0,0,1,1,6,2,42,7,1956,2,-1,-1,1,-1
2015051501122,2,9,0,3,0,0,0,0,0,0,2,1,6,2,28,6,1229,1,8,-1,1,-1
2015051501123,1,9,0,9,0,1,0,0,0,0,4,1,6,1,83,11,1242,1,4,-1,1,-1
2015051501123,2,9,0,18,0,1,0,0,0,0,1,1,6,2,27,6,999,1,6,-1,1,-1
2015051501124,1,9,0,18,0,1,0,0,5,1,4,1,6,1,56,9,2099,1,12,-1,1,-1
2015051501124,2,8,0,9,0,1,0,0,4,1,3,1,1,1,28,6,1995,2,-1,-1,3,-1
2015051501125,1,1,0,14,0,0,0,0,0,0,1,1,1,1,50,8,-1,-1,-1,-1,1,-1
2015051501125,2,9,0,18,0,0,0,0,0,0,1,1,2,1,33,6,1596,1,7,-1,1,-1
2015051501125,3,19,0,3,0,0,0,0,0,0,2,1,1,1,66,10,2198,2,1,-1,1,-1
2015051501126,1,9,0,9,0,1,0,0,0,0,1,1,6,2,82,11,1246,1,8,-1,1,-1
2015051501126,2,9,0,18,0,1,0,11,1,11,1,1,6,2,56,9,1596,1,12,-1,1,-1
2015051501127,1,5,0,13,0,0,1,7,1,10,1,1,6,1,69,10,299,1,1,-1,1,-1
2015051501127,2,9,0,18,0,0,0,0,0,0,1,1,6,2,37,7,1360,1,8,-1,1,-1
2015051501129,1,9,0,18,0,0,1,0,0,0,1,1,6,1,26,6,1796,1,14,-1,1,-1
2015051501129,2,9,0,2,0,0,0,0,0,0,2,1,6,1,23,5,1242,1,2,-1,1,-1
2015051501130,1,19,0,18,0,8,0,0,0,0,1,1,6,1,56,9,2198,2,6,-1,1,-1
2015051501130,2,9,0,18,0,8,0,0,0,0,4,1,6,1,20,4,899,1,1,-1,1,-1
2015051501131,1,9,0,6,0,0,0,0,0,0,3,1,6,1,59,9,1999,1,7,-1,1,-1
2015051501131,2,3,0,18,0,0,0,0,0,0,1,1,6,1,18,4,124,1,10,-1,1,-1
2015051501132,1,9,0,3,0,1,0,0,0,0,1,1,6,1,43,7,1598,1,6,-1,1,-1
2015051501132,2,9,0,3,0,1,0,0,0,0,2,1,6,1,36,7,1560,2,7,-1,1,-1
2015051501133,1,19,0,18,0,0,0,0,0,0,1,1,6,1,26,6,1560,2,3,-1,1,-1
2015051501133,2,9,0,3,0,0,0,0,0,0,2,1,6,1,46,8,1242,1,15,-1,1,-1
2015051501133,3,9,0,3,0,0,0,0,0,0,2,1,6,1,59,9,1398,1,4,-1,1,-1
2015051501135,1,9,0,4,0,1,0,0,0,0,1,1,6,2,22,5,1992,2,8,-1,1,-1
2015051501135,2,9,0,9,0,1,0,0,0,0,2,1,3,2,47,8,1781,1,17,-1,1,-1
2015051501137,1,9,0,18,0,0,0,0,0,0,1,1,3,2,50,8,2993,2,7,-1,1,-1
2015051501137,2,1,0,18,0,0,0,0,0,0,4,1,2,1,30,6,-1,-1,-1,-1,1,-1
2015051501138,1,9,0,18,0,8,1,0,1,0,3,1,1,2,50,8,1598,1,8,-1,1,-1
2015051501138,2,11,0,18,0,8,0,7,0,0,1,1,1,1,54,8,9000,2,6,-1,1,-1
2015051501139,1,19,0,18,0,0,0,0,0,0,4,1,1,1,62,9,2198,2,7,-1,-1,-1
2015051501140,1,9,0,18,0,0,0,0,0,0,4,1,2,2,23,5,1229,1,9,-1,1,-1
2015051501141,2,9,0,18,0,1,0,0,0,0,4,1,6,3,-1,-1,-1,-1,-1,-1,-1,-1
2015051501142,1,19,0,18,0,0,0,0,0,0,4,1,6,2,33,6,2143,2,5,-1,1,-1
2015051501145,1,9,0,18,0,0,0,0,0,0,3,1,6,1,23,5,1995,2,8,-1,1,-1
2015051501146,1,9,0,18,0,1,0,0,0,0,1,1,2,2,37,7,1399,2,6,-1,1,-1
2015051501146,2,9,0,10,0,1,0,0,0,0,2,1,6,2,58,9,1400,1,9,-1,1,-1
2015051501147,1,9,0,9,0,1,0,0,0,0,1,1,6,2,44,7,1995,2,3,-1,1,-1
2015051501147,2,9,0,9,0,8,0,0,0,0,3,1,2,2,44,7,1596,1,14,-1,1,-1
2015051501148,1,8,0,18,0,0,0,0,0,0,4,1,6,1,18,4,1198,1,8,-1,1,-1
2015051501149,1,1,0,5,0,1,0,0,0,0,1,1,6,1,22,5,-1,-1,-1,-1,1,-1
2015051501149,2,9,0,4,0,1,0,0,0,0,1,1,2,2,35,6,998,1,11,-1,1,-1
2015051501152,1,3,0,18,0,1,1,0,0,0,4,1,2,2,52,8,125,1,2,-1,1,-1
2015051501153,1,9,0,3,0,1,0,0,0,0,1,1,6,1,28,6,-1,-1,-1,-1,1,-1
2015051501153,2,9,0,3,0,1,0,0,0,0,2,1,6,1,45,7,1995,2,8,-1,1,-1
2015051501155,1,9,0,18,0,8,0,0,0,0,1,1,6,1,26,6,1598,1,5,-1,1,-1
2015051501156,1,3,0,18,0,8,0,0,0,0,1,1,6,1,17,4,-1,-1,-1,-1,1,-1
2015051501156,2,9,0,18,0,8,0,0,0,0,3,1,6,1,26,6,1248,2,3,-1,1,-1
2015051501157,1,9,0,17,0,0,0,10,1,7,1,1,2,1,31,6,1390,1,10,-1,1,-1
2015051501158,1,9,0,18,0,8,0,0,4,0,4,1,6,1,34,6,1968,2,1,-1,3,-1
2015051501158,2,9,0,18,0,8,0,0,0,0,1,1,2,1,25,5,1998,1,3,-1,3,-1
2015051501159,1,9,0,18,0,0,0,0,0,0,4,1,6,3,-1,-1,2953,1,6,-1,-1,-1
2015051501159,2,9,0,18,0,0,0,0,7,4,3,1,6,1,25,5,2401,2,12,-1,1,-1
2015051501160,1,9,0,3,0,1,0,0,0,0,3,1,6,1,35,6,1796,1,16,-1,1,-1
2015051501160,2,1,0,18,0,1,0,0,0,0,1,1,6,1,32,6,-1,-1,-1,-1,1,-1
2015051501161,1,9,0,18,0,1,0,0,0,0,2,1,6,1,42,7,-1,-1,-1,-1,1,-1
2015051501161,2,3,0,18,0,1,0,0,0,0,4,1,6,1,17,4,124,1,11,-1,1,-1
2015051501163,1,9,0,18,0,1,0,0,7,0,4,1,6,1,62,9,1796,1,11,-1,1,-1
2015051501164,1,9,0,9,0,2,0,0,0,0,1,1,6,2,28,6,1796,2,3,-1,1,-1
2015051501165,1,9,0,18,0,0,1,4,0,0,1,1,6,2,60,9,2179,2,9,-1,1,-1
2015051501165,2,9,0,2,0,0,0,0,0,0,1,1,6,3,-1,-1,1997,2,7,-1,-1,-1
2015051501165,3,9,0,2,0,0,0,0,0,0,1,1,6,3,-1,-1,1242,1,1,-1,-1,-1
2015051501168,1,9,0,3,0,0,0,0,0,0,1,1,2,2,35,6,1198,1,1,-1,1,-1
2015051501168,2,9,0,3,0,0,0,0,0,0,1,1,2,1,30,6,1587,1,12,-1,1,-1
2015051501168,3,9,0,3,0,0,0,0,0,0,1,1,2,1,60,9,1560,2,6,-1,1,-1
2015051501168,4,9,0,3,0,0,0,0,0,0,1,1,2,1,29,6,1388,1,12,-1,1,-1
2015051501168,5,9,0,3,0,0,0,0,0,0,2,1,2,1,57,9,1896,2,4,-1,1,-1
2015051501170,1,9,0,7,0,1,0,0,0,0,1,1,6,3,-1,-1,-1,-1,-1,-1,-1,-1
2015051501170,2,9,0,7,0,1,0,0,0,0,2,1,6,1,23,5,-1,-1,-1,-1,1,-1
2015051501172,1,9,0,3,0,1,0,0,0,0,3,1,6,1,38,7,1598,2,5,-1,1,-1
2015051501172,2,9,0,18,0,1,0,0,0,0,3,1,6,2,31,6,1242,1,-1,-1,1,-1
2015051501173,1,9,0,18,0,1,0,0,0,0,1,1,6,3,-1,-1,-1,-1,-1,-1,-1,-1
2015051501174,1,9,0,5,0,6,0,0,0,0,4,1,2,1,40,7,1560,2,11,-1,1,-1
2015051501174,2,9,0,18,0,1,0,0,0,0,1,1,6,2,62,9,1796,1,14,-1,1,-1
2015051501174,3,9,0,3,0,1,0,0,0,0,1,1,2,1,41,7,1240,1,10,-1,1,-1
2015051501175,1,8,0,18,0,1,0,0,2,11,1,1,1,1,38,7,2499,2,8,-1,1,-1
2015051501176,1,2,0,18,0,0,0,0,0,0,0,1,6,3,-1,-1,-1,-1,-1,-1,-1,-1
2015051501179,1,9,0,5,0,1,0,0,0,0,4,1,6,3,-1,-1,1796,1,4,-1,-1,-1
2015051501180,1,9,0,4,0,0,0,0,0,0,0,1,6,2,32,6,1796,1,12,-1,1,-1
2015051501180,2,1,0,4,0,0,0,0,0,0,0,1,6,1,23,5,-1,-1,-1,-1,1,-1
2015051501181,1,9,0,4,0,1,0,0,0,0,2,1,6,2,42,7,1598,1,4,-1,1,-1
2015051501181,2,9,0,3,0,4,0,0,0,0,1,1,6,1,38,7,1896,2,12,-1,1,-1
2015051501183,1,4,0,9,0,1,0,0,0,0,1,1,6,3,-1,-1,-1,-1,-1,-1,-1,-1
2015051501183,2,1,0,9,0,1,0,0,0,0,3,1,1,1,23,5,-1,-1,-1,-1,-1,-1
2015051501184,1,9,0,18,0,0,0,0,0,0,1,1,6,1,40,7,1796,1,15,-1,1,-1
2015051501184,2,9,0,3,0,0,0,0,0,0,2,1,6,2,21,5,1229,1,1,-1,1,-1
2015051501184,3,9,0,2,0,0,0,0,0,0,2,2,6,3,-1,-1,2497,2,12,-1,-1,-1
2015051501185,1,9,0,15,0,0,1,10,1,4,3,1,6,1,34,6,2400,2,4,-1,1,-1
2015051501185,2,9,0,18,0,0,1,10,4,2,4,1,6,1,46,8,1956,2,1,-1,1,-1
2015051501187,1,9,0,18,0,0,1,0,7,11,1,1,6,1,27,6,1598,1,8,-1,1,-1
2015051501188,1,9,0,18,0,0,0,0,0,0,1,1,6,1,19,4,1560,2,1,-1,1,-1
2015051501188,2,8,0,3,0,0,0,0,0,0,2,1,1,1,51,8,2402,2,12,-1,1,-1
2015051501188,3,8,0,3,0,0,0,0,0,0,2,1,1,1,56,9,2402,2,13,-1,1,-1
2015051501189,1,9,0,18,0,0,5,0,8,11,1,1,2,2,61,9,1229,1,3,-1,1,-1
2015051501190,1,9,0,5,0,0,0,0,0,0,2,1,6,3,-1,-1,-1,-1,-1,-1,-1,-1
2015051501190,2,9,0,2,0,0,0,0,0,0,1,1,6,2,29,6,1399,2,10,-1,1,-1
2015051501191,1,9,0,6,0,0,0,0,0,0,3,1,6,1,30,6,1686,2,2,-1,1,-1
2015051501191,2,9,0,18,0,0,0,0,0,0,3,1,6,1,21,5,998,1,-1,-1,1,-1
2015051501192,1,9,0,9,0,8,0,0,0,0,4,1,6,1,32,6,1242,1,6,-1,1,-1
2015051501192,2,5,0,15,0,1,0,0,0,0,1,1,6,1,28,6,749,1,4,-1,1,-1
2015051501193,1,9,0,5,0,0,0,0,7,10,1,1,6,2,46,8,1598,1,7,-1,1,-1
2015051501194,1,19,0,18,0,0,0,11,0,0,0,1,6,3,-1,-1,-1,-1,-1,-1,-1,-1
2015051501194,2,9,0,18,0,0,0,0,0,0,1,1,6,2,33,6,1242,1,1,-1,1,-1
2015051501194,3,9,0,18,0,0,0,0,0,0,1,1,6,1,38,7,1956,2,3,-1,1,-1
2015051501195,1,3,0,3,0,1,0,0,0,0,4,1,2,1,23,5,124,1,9,-1,1,-1
2015051501195,2,9,0,10,0,6,0,0,0,0,1,1,6,1,70,10,1598,1,3,-1,1,-1
2015051501196,1,9,0,3,0,0,0,0,0,0,2,2,6,3,-1,-1,-1,-1,-1,-1,-1,-1
2015051501197,1,3,0,18,0,0,1,0,0,0,1,1,2,1,18,4,124,1,16,-1,1,-1
2015051501198,1,9,0,7,0,8,0,0,0,0,3,1,6,2,55,8,1229,1,7,-1,1,-1
2015051501198,2,1,0,18,0,1,0,0,0,0,1,1,6,1,31,6,-1,-1,-1,-1,1,-1
2015051501199,1,9,0,3,0,1,0,0,0,0,3,1,2,1,62,9,1498,1,9,-1,1,-1
2015051501199,2,3,0,18,0,1,0,0,0,0,1,1,6,1,21,5,124,1,6,-1,1,-1
2015051501200,1,9,0,9,0,8,0,0,0,0,0,1,6,1,21,5,998,1,5,-1,1,-1
2015051501200,2,1,0,18,0,8,1,0,0,0,0,1,2,1,52,8,-1,-1,-1,-1,1,-1
2015051501201,1,9,0,16,0,4,0,0,0,0,3,1,6,1,52,8,1398,2,1,-1,1,-1
2015051501201,2,1,0,9,0,3,0,0,0,0,1,1,6,1,40,7,-1,-1,-1,-1,1,-1
2015051501202,1,9,0,9,0,0,0,0,0,0,3,1,6,1,63,9,1598,2,1,-1,1,-1
2015051501202,2,3,0,18,0,0,0,0,0,0,4,1,6,1,20,4,124,1,7,-1,1,-1
2015051501203,1,19,0,2,0,2,0,0,0,0,0,1,1,1,35,6,3920,2,9,-1,1,-1
2015051501203,2,9,0,18,0,1,2,0,6,6,1,1,6,1,53,8,1596,1,14,-1,1,-1
2015051501204,1,9,0,3,0,8,0,0,0,0,4,1,6,1,32,6,1997,2,12,-1,1,-1
2015051501204,2,3,0,18,0,1,0,0,0,0,1,1,2,1,27,6,125,1,2,-1,1,-1
2015051501205,1,5,0,18,0,0,0,0,0,0,3,1,6,1,62,9,1043,1,1,-1,1,-1
2015051501206,1,11,0,18,0,0,0,0,0,0,1,1,1,1,58,9,6696,2,2,-1,1,-1
2015051501207,1,8,0,18,0,0,0,0,0,0,0,1,1,1,46,8,1910,2,8,-1,1,-1
2015051501210,1,9,0,6,0,1,0,0,0,0,3,1,6,1,28,6,1896,2,11,-1,1,-1
2015051501210,2,5,0,10,0,1,1,0,0,0,0,1,2,1,48,8,750,1,8,-1,1,-1
2015051501211,1,9,0,18,0,1,0,0,0,0,1,1,6,1,68,10,1991,2,9,-1,1,-1
2015051501214,1,9,0,18,0,6,0,0,0,0,1,1,6,2,57,9,2179,2,1,-1,3,-1
2015051501214,2,9,0,18,0,1,0,0,1,11,3,1,6,1,71,10,1590,1,10,-1,1,-1
2015051501215,1,9,0,9,0,8,0,0,0,0,1,1,6,2,73,10,1240,1,7,-1,1,-1
2015051501215,2,9,0,18,0,8,0,0,0,0,1,1,6,2,67,10,1242,1,9,-1,1,-1
2015051501216,1,1,0,18,0,0,1,4,0,0,1,1,6,1,60,9,-1,-1,-1,-1,1,-1
2015051501216,2,8,0,2,0,0,0,0,0,0,1,1,1,3,-1,-1,2148,2,7,-1,-1,-1
2015051501217,1,9,0,17,0,0,1,0,1,4,1,1,6,2,20,4,1390,1,9,-1,1,-1
2015051501218,1,9,0,9,0,1,0,0,0,0,3,1,6,1,20,4,1229,1,10,-1,2,-1
2015051501218,2,5,0,18,0,1,1,0,0,0,1,1,2,1,56,9,599,1,18,-1,1,-1
2015051501220,1,9,0,2,0,0,0,0,0,0,1,1,6,2,43,7,1242,1,2,-1,1,-1
2015051501220,2,9,0,1,0,0,0,0,0,0,0,1,6,1,43,7,1598,1,2,-1,1,-1
2015051501221,1,9,0,5,0,1,0,0,0,0,1,1,6,2,52,8,1598,1,2,-1,1,-1
2015051501221,2,9,0,18,0,1,5,0,0,0,4,1,6,1,53,8,1596,1,9,-1,1,-1
2015051501222,1,9,0,5,0,8,0,0,0,0,1,1,6,1,29,6,2993,2,3,-1,1,-1
2015051501222,2,3,0,9,0,8,0,0,0,0,1,1,2,1,50,8,125,1,4,-1,1,-1
2015051501225,1,3,0,18,0,0,0,0,0,0,1,1,2,1,31,6,124,1,1,-1,1,-1
2015051501227,1,9,0,18,0,3,0,0,0,0,3,1,6,2,69,10,999,1,1,-1,1,-1
2015051501228,1,9,0,9,0,8,0,0,0,0,4,1,2,1,23,5,1956,2,1,-1,1,-1
2015051501228,2,9,0,18,0,8,0,0,0,0,1,1,6,2,27,6,1124,1,7,-1,1,-1
2015051501229,1,9,0,16,0,0,1,0,7,7,4,1,6,1,18,4,1389,1,15,-1,2,-1
2015051501229,2,11,0,18,0,0,0,0,0,0,1,1,1,1,63,9,3900,2,11,-1,1,-1
2015051501230,1,9,0,5,0,1,0,0,1,11,3,1,6,2,63,9,1198,1,-1,-1,1,-1
2015051501230,2,9,0,18,0,8,0,0,0,0,1,1,6,1,31,6,-1,-1,-1,-1,1,-1
2015051501231,1,9,0,18,0,0,0,0,0,0,1,1,2,2,39,7,1461,2,1,-1,1,-1
2015051501231,2,9,0,18,0,0,0,0,0,0,1,1,6,1,45,7,1598,1,15,-1,1,-1
2015051501232,1,21,0,7,0,8,0,0,0,0,1,1,6,1,44,7,6870,2,3,-1,2,-1
2015051501232,2,11,0,7,0,8,0,0,0,0,1,1,1,1,42,7,5900,2,9,-1,1,-1
2015051501233,1,9,0,18,0,6,0,0,0,0,4,1,2,2,48,8,1599,1,10,-1,1,-1
2015051501233,2,9,0,9,0,6,0,0,0,0,1,1,2,2,50,8,1229,1,5,-1,1,-1
2015051501234,1,9,0,18,0,0,0,0,0,0,1,1,6,1,45,7,1796,1,10,-1,1,-1
2015051501235,1,2,0,18,0,0,0,0,0,0,1,1,6,3,-1,-1,-1,-1,-1,-1,-1,-1
2015051501239,1,9,0,17,0,0,0,0,2,2,4,1,2,2,20,4,1229,1,-1,-1,1,-1
2015051501239,2,9,0,16,0,0,0,0,0,0,3,1,6,2,26,6,1598,2,1,-1,1,-1
2015051501240,1,19,0,3,0,1,0,0,0,0,1,1,1,1,39,7,2300,2,10,-1,1,-1
2015051501240,2,9,0,3,0,1,0,0,0,0,2,1,2,2,36,7,1596,1,7,-1,1,-1
2015051501241,1,9,0,9,0,6,1,0,1,2,4,1,6,1,-1,-1,1388,1,13,-1,-1,-1
2015051501241,2,9,0,9,0,6,0,0,0,0,0,1,1,1,35,6,2993,2,2,-1,-1,-1
2015051501242,1,9,0,14,0,0,0,0,0,0,1,1,6,1,39,7,1984,1,6,-1,1,-1
2015051501242,2,9,0,18,0,0,0,0,0,0,1,1,6,2,18,4,1560,2,1,-1,2,-1
2015051501243,1,11,0,4,0,0,0,0,0,0,0,1,6,1,49,8,6696,2,-1,-1,1,-1
2015051501244,1,9,0,18,0,1,0,0,0,0,1,1,6,3,-1,-1,1686,2,7,-1,-1,-1
2015051501245,1,9,0,5,0,1,0,0,0,0,2,1,3,2,32,6,1598,1,10,-1,1,-1
2015051501246,1,9,0,18,0,8,0,0,7,11,1,1,6,1,22,5,1598,1,2,-1,1,-1
2015051501246,2,9,0,18,0,8,0,0,0,0,3,1,6,1,31,6,2993,2,9,-1,1,-1
2015051501246,3,9,0,18,0,2,0,0,0,0,0,1,6,1,21,5,1560,2,1,-1,1,-1
2015051501247,1,9,0,18,0,0,0,0,0,0,2,1,6,2,25,5,1248,2,4,-1,1,-1
2015051501247,2,9,0,18,0,0,0,0,0,0,1,1,6,1,48,8,1461,2,1,-1,1,-1
2015051501248,1,9,0,12,0,0,0,0,0,0,3,1,6,1,56,9,1968,2,5,-1,-1,-1
2015051501248,2,9,0,18,0,0,0,0,0,0,4,1,6,1,25,5,1910,2,9,-1,1,-1
2015051501250,1,9,0,9,0,8,0,0,0,0,0,1,6,3,-1,-1,-1,-1,-1,-1,-1,-1
2015051501250,2,9,0,9,0,8,0,0,0,0,4,1,6,1,22,5,2521,1,6,-1,2,-1
2015051501251,1,9,0,1,0,0,0,0,0,0,2,1,6,3,-1,-1,-1,-1,-1,-1,-1,-1
2015051501256,1,9,0,9,0,6,0,0,0,0,1,1,6,1,56,9,1598,1,2,-1,1,-1
2015051501256,2,9,0,10,0,1,0,0,0,0,3,1,6,1,71,10,1686,2,2,-1,1,-1
2015051501257,1,8,0,18,0,0,0,4,0,0,1,1,6,1,28,6,2499,2,7,-1,1,-1
2015051501257,2,19,0,2,0,0,0,0,0,0,2,1,1,1,35,6,6692,2,4,-1,1,-1
2015051501259,1,9,0,18,0,0,0,0,1,0,1,1,6,1,53,8,1596,1,13,-1,1,-1
2015051501260,1,11,0,4,0,1,0,0,0,0,1,1,1,1,22,5,9360,2,4,-1,1,-1
2015051501260,2,9,0,4,0,1,0,0,0,0,2,1,6,1,52,8,1998,1,14,-1,1,-1
2015051501261,1,9,0,18,0,0,0,0,0,0,4,1,6,2,54,8,1399,2,11,-1,1,-1
2015051501262,1,9,0,18,0,1,0,0,0,0,1,1,2,2,53,8,1685,2,2,-1,1,-1
2015051501262,2,9,0,8,0,1,0,0,0,0,2,1,2,2,50,8,1598,1,7,-1,1,-1
2015051501263,1,9,0,3,0,1,0,0,0,0,1,1,2,1,23,5,1299,1,14,-1,1,-1
2015051501263,2,9,0,3,0,1,0,0,0,0,2,1,2,1,31,6,1328,1,7,-1,1,-1
2015051501266,1,9,0,18,0,0,0,0,0,0,1,1,6,3,-1,-1,-1,-1,-1,-1,-1,-1
2015051501267,1,19,0,18,0,0,0,0,0,0,4,1,6,1,46,8,2402,2,5,-1,1,-1
2015051501268,1,9,0,15,0,0,0,0,0,0,2,1,6,1,34,6,1753,2,8,-1,1,-1
2015051501268,2,8,0,13,0,0,0,0,0,0,1,1,1,1,56,9,2402,2,12,-1,1,-1
2015051501269,1,9,0,5,0,1,0,0,0,0,1,1,6,2,25,5,1242,1,6,-1,1,-1
2015051501270,1,9,0,9,0,6,0,0,0,0,1,1,6,3,-1,-1,1388,1,12,-1,-1,-1
2015051501270,2,9,0,18,0,8,0,0,0,0,3,1,6,1,20,4,1461,2,-1,-1,1,-1
2015051501271,1,9,0,9,0,8,1,0,0,0,4,1,6,1,79,11,1598,2,3,-1,2,-1
2015051501271,2,9,0,18,0,8,1,0,1,0,1,1,6,1,39,7,1910,2,7,-1,2,-1
2015051501272,1,9,0,18,0,1,0,0,0,0,1,1,6,1,24,5,1364,1,6,-1,1,-1
2015051501272,2,19,0,4,0,1,0,0,0,0,2,1,1,1,31,6,2198,2,1,-1,1,-1
2015051501272,3,9,0,4,0,1,0,0,0,0,2,1,6,1,22,5,1598,1,1,-1,1,-1
2015051501273,1,9,0,1,0,1,0,0,0,0,0,1,6,3,-1,-1,-1,-1,-1,-1,-1,-1
2015051501274,1,9,0,7,0,6,0,0,0,0,1,1,2,1,42,7,1797,8,4,-1,1,-1