Accident_Index,Vehicle_Reference,Vehicle_Type,Towing_and_Articulation,Vehicle_Manoeuvre,Vehicle_Location-Restricted_Lane,Junction_Location,Skidding_and_Overturning,Hit_Object_in_Carriageway,Vehicle_Leaving_Carriageway,Hit_Object_off_Carriageway,1st_Point_of_Impact,Was_Vehicle_Left_Hand_Drive?,Journey_Purpose_of_Driver,Sex_of_Driver,Age_of_Driver,Age_Band_of_Driver,Engine_Capacity_(CC),Propulsion_Code,Age_of_Vehicle,Driver_IMD_Decile,Driver_Home_Area_Type,Vehicle_IMD_Decile
2015051501274,2,1,0,18,0,8,0,0,0,0,2,1,6,1,51,8,-1,-1,-1,-1,1,-1
2015051501276,1,9,0,18,0,0,0,0,0,0,1,1,6,1,18,4,1329,1,1,-1,1,-1
2015051501277,1,9,0,5,0,4,0,0,0,0,0,1,6,3,-1,-1,-1,-1,-1,-1,-1,-1
2015051501277,2,5,0,11,0,3,0,0,0,0,0,1,2,1,48,8,800,1,3,-1,2,-1
2015051501280,1,1,0,4,0,1,0,0,0,0,0,1,1,1,51,8,-1,-1,-1,-1,-1,-1
2015051501280,2,1,0,4,0,1,0,0,0,0,0,1,1,3,-1,-1,-1,-1,-1,-1,-1,-1
2015051501281,1,9,0,9,0,8,0,0,0,0,4,1,6,1,82,11,1240,1,6,-1,1,-1
2015051501281,2,9,0,5,0,2,0,0,0,0,1,1,2,2,33,6,1598,2,4,-1,1,-1
2015051501281,3,9,0,18,0,2,0,0,0,0,4,1,2,2,35,6,1598,2,1,-1,1,-1
2015051501282,1,9,0,7,0,6,0,0,0,0,2,1,6,3,-1,-1,-1,-1,-1,-1,-1,-1
2015051501282,2,1,0,18,0,1,0,0,0,0,1,1,2,2,21,5,-1,-1,-1,-1,1,-1
2015051501283,1,9,0,18,0,6,0,0,0,0,4,1,6,2,21,5,1388,1,12,-1,1,-1
2015051501283,2,1,0,18,0,1,0,0,0,0,4,1,6,1,33,6,-1,-1,-1,-1,1,-1
2015051501284,1,21,1,12,0,0,0,0,0,0,0,1,6,3,-1,-1,10837,2,3,-1,-1,-1
2015051501284,2,9,0,18,0,0,1,0,1,11,2,1,2,2,27,6,1242,1,12,-1,1,-1
2015051501285,1,9,0,9,0,8,0,0,0,0,4,1,6,2,74,10,1582,2,4,-1,1,-1
2015051501285,2,2,0,18,0,8,0,0,0,0,1,1,2,2,41,7,50,1,7,-1,1,-1
2015051501286,1,9,0,9,0,5,0,0,0,0,2,1,6,2,36,7,2000,2,5,-1,1,-1
2015051501286,2,2,0,18,0,1,0,0,0,0,1,1,6,1,20,4,125,1,3,-1,1,-1
2015051501288,1,9,0,4,0,1,0,0,0,0,1,1,6,3,-1,-1,2401,1,11,-1,-1,-1
2015051501288,2,9,0,3,0,1,0,0,0,0,2,1,2,1,47,8,1781,1,12,-1,1,-1
2015051501289,1,9,0,18,0,0,0,0,0,0,1,1,6,1,44,7,1598,2,2,-1,-1,-1
2015051501289,2,9,0,18,0,0,0,0,0,0,0,1,6,3,-1,-1,1753,2,9,-1,-1,-1
2015051501289,3,9,0,2,0,0,0,0,0,0,4,1,6,3,-1,-1,1604,1,7,-1,-1,-1
2015051501290,1,9,0,3,0,1,0,0,0,0,1,1,6,2,52,8,2488,1,11,-1,1,-1
2015051501291,1,9,0,7,0,1,0,0,0,0,2,1,6,3,-1,-1,-1,-1,-1,-1,-1,-1
2015051501292,1,9,0,18,0,0,0,0,0,0,4,1,2,1,25,5,1995,2,5,-1,1,-1
2015051501293,1,9,0,5,0,6,0,0,0,0,1,1,6,2,25,5,1242,1,5,-1,1,-1
2015051501293,2,4,0,18,0,1,0,0,0,0,4,1,6,1,32,6,249,1,6,-1,1,-1
2015051501296,1,9,0,18,0,0,0,0,0,0,1,1,2,1,50,8,1240,1,12,-1,1,-1
2015051501296,2,9,0,18,0,0,0,0,0,0,2,1,2,2,24,5,998,1,8,-1,1,-1
2015051501299,1,9,0,18,0,8,0,0,0,0,1,2,6,3,-1,-1,-1,-1,-1,-1,-1,-1
2015051501300,1,9,0,4,0,0,0,0,0,0,2,1,6,1,20,4,1598,1,4,-1,1,-1
2015051501300,2,9,0,18,0,0,0,0,0,0,1,1,6,1,18,4,1086,1,11,-1,1,-1
2015051501300,3,9,0,18,0,0,0,0,0,0,1,1,6,1,27,6,1995,2,9,-1,1,-1
2015051501301,1,9,0,3,0,1,0,0,0,0,2,1,6,1,33,6,1395,1,-1,-1,1,-1
2015051501301,2,9,0,3,0,1,0,0,0,0,2,1,2,2,66,10,1329,1,6,-1,1,-1
2015051501302,1,9,0,5,0,6,0,0,7,0,3,1,6,2,23,5,1124,1,13,-1,1,-1
2015051501302,2,9,0,18,0,8,0,0,0,0,1,1,2,1,44,7,1560,2,6,-1,1,-1
2015051501303,1,8,0,11,0,0,0,0,0,0,4,1,6,1,49,8,2499,2,1,-1,1,-1
2015051501303,2,8,0,5,0,0,0,10,0,0,4,1,6,1,61,9,1149,1,7,-1,1,-1
2015051501305,1,9,0,18,0,1,0,0,1,1,1,1,6,1,50,8,1995,2,6,-1,1,-1
2015051501306,1,9,0,1,0,0,0,0,0,0,2,1,6,1,52,8,1968,2,3,-1,1,-1
2015051501307,1,9,0,16,0,0,2,4,7,0,4,1,2,2,25,5,1753,2,13,-1,1,-1
2015051501307,2,9,0,2,0,0,0,0,0,0,3,1,6,3,-1,-1,1360,1,13,-1,-1,-1
2015051501307,3,9,0,2,0,0,0,0,0,0,1,1,6,3,-1,-1,1390,1,3,-1,-1,-1
2015051501308,1,9,0,1,0,0,0,0,0,0,2,1,6,2,54,8,1587,1,12,-1,1,-1
2015051501309,1,90,0,4,0,0,0,0,0,0,0,1,1,1,53,8,2143,2,4,-1,1,-1
2015051501310,1,1,0,12,0,2,0,0,0,0,1,1,2,2,22,5,-1,-1,-1,-1,1,-1
2015051501310,2,9,0,18,0,2,0,0,0,0,4,1,6,1,61,9,1956,2,4,-1,1,-1
2015051501311,1,19,0,7,0,5,0,0,0,0,1,1,6,1,-1,-1,1560,2,2,-1,-1,-1
2015051501311,2,8,0,18,0,1,0,0,0,0,1,1,1,1,29,6,1896,2,7,-1,1,-1
2015051501312,1,9,0,11,0,0,0,0,0,0,4,1,6,3,-1,-1,-1,-1,-1,-1,-1,-1
2015051501312,2,1,0,18,0,0,0,0,0,0,2,1,6,1,36,7,-1,-1,-1,-1,1,-1
2015051501313,1,9,0,18,0,6,0,0,0,0,1,1,6,2,56,9,1560,2,1,-1,1,-1
2015051501313,2,10,0,18,0,1,0,0,6,0,4,1,1,1,68,10,-1,-1,-1,-1,1,-1
2015051501314,1,9,0,18,0,0,0,0,0,0,1,1,6,1,29,6,1781,1,24,-1,1,-1
2015051501314,2,1,0,18,0,0,0,0,0,0,3,1,6,1,48,8,-1,-1,-1,-1,1,-1
2015051501315,1,9,0,18,0,0,0,0,7,10,1,1,6,2,85,11,1240,1,5,-1,1,-1
2015051501316,1,4,0,16,0,2,0,0,7,2,1,1,6,1,18,4,-1,-1,-1,-1,1,-1
2015051501317,1,9,0,17,0,0,2,0,5,10,1,1,6,1,21,5,1360,1,10,-1,1,-1
2015051501318,1,9,0,2,0,0,0,0,0,0,3,1,6,1,32,6,-1,-1,-1,-1,1,-1
2015051501318,2,1,0,18,0,0,0,8,0,0,1,1,1,2,54,8,-1,-1,-1,-1,1,-1
2015051501319,1,8,0,9,0,8,0,0,0,0,4,1,6,1,53,8,1560,2,5,-1,1,-1
2015051501320,1,9,0,18,0,2,0,0,0,0,3,1,2,1,40,7,1242,1,7,-1,1,-1
2015051501321,1,9,0,13,0,3,0,0,0,0,4,1,6,1,33,6,1798,1,10,-1,1,-1
2015051501321,2,9,0,18,0,3,0,0,0,0,3,1,6,2,72,10,1242,1,9,-1,1,-1
2015051501323,1,9,0,9,0,6,0,0,6,0,3,1,1,2,48,8,1299,1,11,-1,1,-1
2015051501323,2,9,0,18,0,1,0,0,0,0,1,1,6,2,32,6,1390,1,14,-1,1,-1
2015051501324,1,9,0,18,0,8,1,0,1,11,1,1,6,2,26,6,998,1,15,-1,1,-1
2015051501325,1,9,0,1,0,0,0,0,0,0,1,1,6,3,-1,-1,1590,1,11,-1,-1,-1
2015051501325,2,9,0,4,0,0,0,0,0,0,1,1,6,1,27,6,1598,2,1,-1,1,-1
2015051501326,1,9,0,3,0,1,0,0,0,0,2,1,6,1,19,4,1560,2,1,-1,1,-1
2015051501326,2,9,0,4,0,1,0,0,0,0,1,1,6,1,51,8,1999,1,14,-1,3,-1
2015051501327,1,9,0,16,0,0,1,0,1,2,1,1,1,2,37,7,1339,1,13,-1,1,-1
2015051501328,1,9,0,9,0,5,0,0,0,0,1,2,6,1,40,7,-1,-1,-1,-1,1,-1
2015051501328,2,1,0,18,0,8,0,0,0,0,1,1,6,1,23,5,-1,-1,-1,-1,1,-1
2015051501330,1,9,0,3,0,1,0,0,0,0,2,1,6,2,20,4,1149,1,7,-1,1,-1
2015051501330,2,9,0,4,0,1,0,0,0,0,1,1,6,1,32,6,1587,1,14,-1,1,-1
2015051501331,1,2,0,18,0,0,0,4,0,0,1,1,6,1,18,4,124,1,4,-1,1,-1
2015051501331,2,9,0,2,0,0,0,0,0,0,1,1,6,3,-1,-1,1149,1,13,-1,-1,-1
2015051501332,1,9,0,2,0,0,0,0,0,0,3,1,6,3,-1,-1,1590,1,12,-1,-1,-1
2015051501333,1,9,0,18,0,0,0,0,0,0,3,1,6,1,24,5,1461,2,2,-1,1,-1
2015051501334,1,9,0,18,0,1,0,0,0,0,1,1,6,1,76,11,1995,2,6,-1,1,-1
2015051501334,2,9,0,18,0,1,0,0,0,0,3,1,1,1,40,7,-1,-1,-1,-1,3,-1
2015051501334,3,21,4,9,0,8,0,0,0,0,0,1,1,1,47,8,12740,2,4,-1,1,-1
2015051501335,1,9,0,3,0,1,0,0,0,0,0,1,1,1,43,7,1582,2,4,-1,-1,-1
2015051501335,2,9,0,3,0,8,0,0,0,0,1,1,6,2,39,7,1388,1,14,-1,1,-1
2015051501335,3,9,0,18,0,8,0,0,0,0,1,1,6,2,59,9,1598,1,8,-1,1,-1
2015051501336,1,9,0,18,0,1,0,0,0,0,1,1,6,1,38,7,1798,1,4,-1,1,-1
2015051501336,2,9,0,9,0,1,0,0,0,0,1,1,6,3,-1,-1,1997,2,1,-1,-1,-1
2015051501337,1,9,0,1,0,0,0,0,0,0,2,1,6,1,45,7,1995,2,8,-1,1,-1
2015051501338,1,9,0,18,0,0,0,0,0,0,1,1,2,1,21,5,1242,1,17,-1,1,-1
2015051501338,2,11,0,18,0,0,0,0,0,0,1,1,1,1,52,8,4461,2,2,-1,1,-1
2015051501339,1,1,0,18,0,0,0,0,0,0,1,1,2,1,31,6,-1,-1,-1,-1,1,-1
2015051501339,2,8,0,2,0,0,0,0,0,0,2,1,1,1,64,9,1997,2,4,-1,1,-1
2015051501340,1,11,0,18,0,0,0,0,0,0,0,1,1,1,54,8,-1,-1,-1,-1,1,-1
2015051501341,1,8,0,18,0,0,0,0,0,0,1,1,1,1,37,7,1896,2,6,-1,1,-1
2015051501342,1,9,0,5,0,1,0,0,0,0,1,1,2,1,38,7,1995,2,1,-1,1,-1
2015051501342,2,19,0,4,0,1,0,0,0,0,1,1,2,1,53,8,1968,2,4,-1,1,-1
2015051501343,1,9,0,5,0,6,0,0,0,0,1,2,6,3,-1,-1,-1,-1,-1,-1,-1,-1
2015051501344,1,11,0,18,0,0,0,0,0,0,1,1,1,1,41,7,3900,2,9,-1,1,-1
2015051501344,2,9,0,18,0,0,0,0,0,0,2,1,6,1,48,8,2198,1,13,-1,1,-1
2015051501345,1,9,0,1,0,1,0,0,7,0,2,1,6,3,-1,-1,998,1,10,-1,-1,-1
2015051501346,1,9,0,9,0,1,0,0,0,0,1,1,6,1,25,5,1199,1,13,-1,1,-1
2015051501346,2,5,0,18,0,1,0,0,0,0,1,1,6,1,39,7,954,1,12,-1,1,-1
2015051501347,1,9,0,18,0,0,0,0,0,0,4,1,2,1,59,9,2987,2,3,-1,1,-1
2015051501348,1,2,0,17,0,8,1,0,0,0,0,1,6,1,16,4,49,1,11,-1,1,-1
2015051501349,1,9,0,18,0,0,0,0,0,0,1,1,6,3,-1,-1,-1,-1,-1,-1,-1,-1
2015051501350,1,4,0,13,0,1,0,0,0,0,1,1,6,1,27,6,998,1,10,-1,1,-1
2015051501350,2,9,0,9,0,1,0,0,0,0,3,1,6,2,24,5,1242,1,4,-1,1,-1
2015051501351,1,9,0,4,0,4,0,0,0,0,1,1,6,2,48,8,1124,1,12,-1,1,-1
2015051501352,1,9,0,9,0,2,0,0,0,0,1,1,6,1,75,10,1422,2,7,-1,1,-1
2015051501352,2,1,0,18,0,1,0,0,0,0,3,1,6,1,63,9,-1,-1,-1,-1,1,-1
2015051501354,1,9,0,5,0,6,0,0,0,0,1,1,6,1,44,7,1997,2,1,-1,1,-1
2015051501354,2,5,0,18,0,8,1,0,0,0,1,1,2,1,48,8,1052,1,14,-1,1,-1
2015051501355,1,9,0,18,0,0,0,0,0,0,4,1,6,3,-1,-1,-1,-1,-1,-1,-1,-1
2015051501355,2,1,0,18,0,0,0,0,0,0,3,1,2,1,26,6,-1,-1,-1,-1,1,-1
2015051501356,1,9,0,16,0,3,0,0,0,0,1,1,6,3,-1,-1,-1,-1,-1,-1,-1,-1
2015051501357,1,5,0,18,0,1,0,0,0,0,1,1,6,3,-1,-1,600,1,21,-1,-1,-1
2015051501357,2,9,0,9,0,1,0,0,0,0,4,1,6,1,26,6,1229,1,5,-1,1,-1
2015051501358,1,9,0,18,0,1,0,0,0,0,1,1,1,2,51,8,1870,2,12,-1,1,-1
2015051501358,2,9,0,5,0,1,0,0,0,0,2,1,6,1,42,7,1598,1,1,-1,1,-1
2015051501359,1,9,0,9,0,8,0,0,0,0,1,1,3,2,35,6,1229,1,7,-1,1,-1
2015051501359,2,1,0,10,0,1,0,0,0,0,1,1,2,1,42,7,-1,-1,-1,-1,1,-1
2015051501360,1,9,0,18,0,0,0,0,0,0,1,1,6,1,24,5,2204,2,6,-1,1,-1
2015051501361,1,9,0,18,0,1,0,0,0,0,1,1,6,2,34,6,1390,1,13,-1,1,-1
2015051501362,1,4,0,1,0,0,0,0,0,0,1,1,6,1,48,8,398,1,9,-1,1,-1
2015051501363,1,11,0,5,0,1,0,0,0,0,0,1,6,3,-1,-1,6871,2,6,-1,-1,-1
2015051501363,2,9,0,7,0,5,0,0,0,0,0,1,6,1,41,7,1560,2,-1,-1,3,-1
2015051501364,1,9,0,16,0,1,0,0,2,11,4,1,6,1,46,8,1598,1,5,-1,2,-1
2015051501365,1,9,0,4,0,1,0,0,0,0,1,1,6,2,35,6,3311,8,9,-1,1,-1
2015051501365,2,1,0,18,0,8,0,0,0,0,4,1,3,1,16,4,-1,-1,-1,-1,1,-1
2015051501366,1,19,0,18,0,0,0,0,0,0,1,1,1,1,42,7,2198,2,4,-1,1,-1
2015051501367,1,11,0,2,0,0,0,0,0,0,0,1,1,1,33,6,4461,2,2,-1,1,-1
2015051501368,1,9,0,18,0,0,0,0,0,0,1,1,6,2,18,4,998,1,6,-1,1,-1
2015051501368,2,9,0,18,0,0,0,0,1,11,1,1,6,2,42,7,1388,1,13,-1,1,-1
2015051501369,1,2,0,9,0,8,0,0,0,0,1,1,6,1,22,5,125,1,2,-1,1,-1
2015051501369,2,9,0,18,0,8,0,0,0,0,1,1,6,1,64,9,1999,1,5,-1,1,-1
2015051501370,1,9,0,18,0,1,0,0,0,0,1,1,6,2,47,8,1968,2,1,-1,1,-1
2015051501370,2,9,0,3,0,1,0,0,0,0,2,1,6,1,39,7,3498,7,10,-1,1,-1
2015051501371,1,9,0,18,0,0,0,0,0,0,1,1,6,1,28,6,1199,1,14,-1,1,-1
2015051501371,2,9,0,18,0,0,0,0,0,0,2,1,6,1,75,10,999,1,1,-1,1,-1
2015051501371,3,11,0,2,0,0,0,0,0,0,2,1,1,1,49,8,6700,2,6,-1,1,-1
2015051501372,1,9,0,9,0,5,0,0,0,0,1,1,6,1,17,4,1390,1,11,-1,3,-1
2015051501372,2,9,0,18,0,8,0,0,0,0,3,1,6,1,47,8,1910,2,9,-1,1,-1
2015051501373,1,9,0,7,0,6,0,0,0,0,2,1,6,1,57,9,1798,8,3,-1,1,-1
2015051501373,2,5,0,16,0,1,0,10,1,10,1,1,6,1,53,8,996,1,14,-1,1,-1
2015051501374,1,8,0,5,0,8,0,0,0,0,1,1,1,1,31,6,1798,1,8,-1,1,-1
2015051501374,2,1,0,17,0,8,0,0,0,0,4,1,6,1,68,10,-1,-1,-1,-1,1,-1
2015051501375,1,9,0,18,0,6,0,0,0,0,4,1,6,3,-1,-1,-1,-1,-1,-1,-1,-1
2015051501375,2,9,0,18,0,8,0,0,0,0,1,1,6,2,27,6,998,1,6,-1,1,-1
2015051501376,1,9,0,18,0,0,0,0,0,0,1,1,6,2,54,8,1242,1,9,-1,1,-1
2015051501377,1,19,0,9,0,8,0,0,0,0,1,1,1,1,23,5,1753,2,9,-1,1,-1
2015051501377,2,9,0,18,0,8,0,0,1,0,1,1,6,1,54,8,1299,1,14,-1,1,-1
2015051501378,1,8,0,1,0,0,0,0,0,0,2,1,1,1,52,8,1910,2,6,-1,1,-1
2015051501378,2,8,0,2,0,0,0,0,0,0,4,1,1,1,32,6,2402,2,9,-1,1,-1
2015051501380,1,19,0,9,0,1,0,0,0,0,1,1,1,1,55,8,2148,2,8,-1,1,-1
2015051501380,2,1,0,18,0,8,0,0,0,0,1,1,2,1,48,8,-1,-1,-1,-1,-1,-1
2015051501381,1,9,0,12,0,0,0,0,0,0,3,1,1,1,34,6,2401,2,11,-1,1,-1
2015051501381,2,9,0,18,0,0,0,0,0,0,4,1,6,1,23,5,1596,1,10,-1,1,-1
2015051501382,1,8,0,2,0,0,0,0,0,0,3,2,1,1,34,6,1598,2,3,-1,1,-1
2015051501382,2,1,0,4,0,0,0,0,0,0,1,1,6,1,43,7,-1,-1,-1,-1,1,-1
2015051501383,1,9,0,9,0,8,0,0,0,0,1,1,6,1,74,10,1596,1,11,-1,1,-1
2015051501383,2,9,0,18,0,8,0,0,0,0,1,1,6,1,20,4,1299,1,15,-1,3,-1
2015051501384,1,9,0,2,0,1,0,0,0,0,3,1,6,3,-1,-1,1596,1,13,-1,-1,-1
2015051501384,2,1,0,14,0,2,0,8,0,0,1,1,6,2,72,10,-1,-1,-1,-1,1,-1
2015051501386,1,1,0,18,0,6,0,0,0,0,1,1,6,1,22,5,-1,-1,-1,-1,2,-1
2015051501386,2,9,0,18,0,1,0,0,0,0,1,1,2,2,28,6,1364,1,2,-1,2,-1
2015051501387,1,19,0,13,0,0,0,0,0,0,4,1,1,1,44,7,2198,2,3,-1,1,-1
2015051501387,2,1,0,18,0,0,0,0,0,0,0,1,6,1,19,4,-1,-1,-1,-1,1,-1
2015051501388,1,8,0,6,0,0,0,0,0,0,3,1,1,1,33,6,1910,2,7,-1,1,-1
2015051501388,2,9,0,18,0,0,0,0,0,0,4,1,6,1,39,7,2902,2,7,-1,1,-1
2015051501389,1,9,0,4,0,0,0,0,0,0,1,1,6,2,44,7,1995,2,2,-1,1,-1
2015051501389,2,9,0,3,0,0,0,0,0,0,2,1,2,1,28,6,1560,2,1,-1,1,-1
2015051501389,3,90,0,3,0,0,0,0,0,0,2,1,6,1,-1,-1,-1,-1,-1,-1,-1,-1
2015051501390,1,8,0,1,0,0,0,0,0,0,3,1,6,1,22,5,1560,2,4,-1,1,-1
2015051501390,2,9,0,3,0,0,0,0,0,0,4,1,6,2,37,7,1596,1,11,-1,1,-1
2015051501392,1,9,0,18,0,1,0,0,0,0,1,1,6,1,47,8,1240,1,8,-1,1,-1
2015051501392,2,9,0,18,0,1,0,0,0,0,4,1,6,2,24,5,1598,2,3,-1,1,-1
2015051501393,1,9,0,9,0,8,0,0,0,0,1,1,6,1,89,11,1198,1,12,-1,1,-1
2015051501393,2,9,0,18,0,8,0,0,0,0,1,1,6,2,36,7,1598,1,5,-1,1,-1
2015051501394,1,9,0,18,0,0,0,0,0,0,4,1,1,1,38,7,2993,2,3,-1,-1,-1
2015051501394,2,1,0,12,0,0,0,0,0,0,1,1,6,1,59,9,-1,-1,-1,-1,1,-1
2015051501395,1,19,0,18,0,0,1,0,5,6,1,1,1,1,30,6,2402,2,7,-1,1,-1
2015051501395,2,9,0,18,0,0,0,0,0,0,2,1,6,2,34,6,1360,1,9,-1,1,-1
2015051501395,3,9,0,18,0,0,0,0,0,0,2,1,6,1,55,8,1598,2,3,-1,1,-1
2015051501396,1,9,0,9,0,0,0,0,0,0,3,1,6,1,83,11,1997,1,15,-1,1,-1
2015051501396,2,9,0,18,0,0,0,0,0,0,1,1,6,2,19,4,1389,1,12,-1,1,-1
2015051501397,1,9,0,5,0,8,0,0,0,0,1,1,1,1,65,9,1896,2,7,-1,2,-1
2015051501397,2,9,0,18,0,8,0,0,0,0,1,1,6,1,25,5,1910,2,10,-1,1,-1
2015051501398,1,9,0,18,0,6,0,0,0,0,1,1,6,1,37,7,1560,2,3,-1,1,-1
2015051501398,2,3,0,18,0,8,0,0,0,0,1,1,6,1,23,5,124,1,27,-1,1,-1
2015051501399,1,9,0,16,0,1,1,0,7,4,3,1,6,2,51,8,1398,1,15,-1,1,-1
2015051501399,2,9,0,9,0,6,0,0,0,0,1,1,6,2,43,7,1798,1,8,-1,1,-1
2015051501401,1,1,0,18,0,1,0,0,0,0,1,1,6,1,12,3,-1,-1,-1,-1,1,-1
2015051501401,2,9,0,18,0,1,0,0,0,0,4,1,6,2,38,7,1679,1,17,-1,1,-1
2015051501402,1,8,0,1,0,0,0,0,0,0,2,1,1,1,64,9,1896,2,7,-1,1,-1
2015051501403,1,9,0,18,0,8,0,0,1,0,4,1,6,1,19,4,1598,1,2,-1,1,-1
2015051501403,2,9,0,18,0,8,1,0,2,1,3,1,6,2,45,7,998,1,16,-1,1,-1
2015051501405,1,9,0,18,0,0,0,0,0,0,1,2,6,1,26,6,1242,1,7,-1,1,-1
2015051501405,2,9,0,2,0,0,0,0,0,0,0,1,6,3,-1,-1,998,1,3,-1,-1,-1
2015051501406,1,11,0,18,0,0,0,0,0,0,0,1,6,1,37,7,6700,2,6,-1,1,-1
2015051501406,2,2,0,18,0,0,0,0,0,0,0,1,6,3,-1,-1,-1,-1,-1,-1,-1,-1
2015051501407,1,9,0,4,0,0,0,0,0,0,4,1,6,1,46,8,1398,1,2,-1,2,-1
2015051501407,2,1,0,5,0,0,0,0,0,0,1,1,6,1,8,2,-1,-1,-1,-1,2,-1
2015051501408,1,9,0,18,0,0,0,0,0,0,4,1,1,1,39,7,1995,2,14,-1,1,-1
2015051501409,1,9,0,16,0,1,1,4,0,0,1,1,6,3,-1,-1,1596,1,15,-1,-1,-1
2015051501409,2,19,0,2,0,1,0,0,0,0,2,1,6,3,-1,-1,2464,2,8,-1,-1,-1
2015051501409,3,9,0,2,0,1,0,0,0,0,2,1,6,3,-1,-1,1598,2,1,-1,-1,-1
2015051501410,1,9,0,5,0,1,0,0,0,0,1,1,2,1,31,6,1598,1,9,-1,1,-1
2015051501410,2,5,0,5,0,1,0,0,0,0,2,1,1,1,54,8,1137,1,16,-1,1,-1
2015051501410,3,5,0,5,0,1,0,0,0,0,2,1,6,1,33,6,599,1,14,-1,3,-1
2015051501411,1,19,0,18,0,0,0,0,0,0,1,1,1,1,71,10,2148,2,10,-1,1,-1
2015051501411,2,9,0,4,0,0,0,0,0,0,2,1,6,2,44,7,998,1,10,-1,1,-1
2015051501411,3,9,0,4,0,0,0,0,0,0,2,1,6,1,45,7,1968,2,4,-1,1,-1
2015051501413,1,9,0,18,0,1,0,0,0,0,2,1,6,1,50,8,2497,2,24,-1,1,-1
2015051501413,2,9,0,18,0,1,0,0,0,0,1,1,6,1,40,7,1997,2,3,-1,1,-1
2015051501414,1,9,0,18,0,0,0,0,0,0,4,1,6,1,56,9,1560,2,1,-1,1,-1
2015051501414,2,1,0,18,0,0,0,0,0,0,3,1,2,1,38,7,-1,-1,-1,-1,1,-1
2015051501415,1,8,0,18,0,1,0,0,0,0,3,1,1,1,39,7,2499,2,-1,-1,1,-1
2015051501416,1,9,0,4,0,0,0,0,0,0,4,1,6,2,47,8,1299,1,11,-1,1,-1
2015051501417,1,9,0,5,0,0,0,0,0,0,1,1,2,1,37,7,1997,2,4,-1,1,-1
2015051501417,2,9,0,5,0,0,0,0,0,0,2,1,6,1,31,6,1798,1,10,-1,1,-1
2015051501418,1,9,0,3,0,1,0,0,0,0,2,1,2,1,47,8,1998,8,-1,-1,1,-1
2015051501418,2,19,0,18,0,1,0,0,0,0,1,1,2,1,42,7,1587,1,5,-1,1,-1
2015051501418,3,19,0,18,0,1,0,0,0,0,1,1,2,1,22,5,1753,2,2,-1,1,-1
2015051501419,1,9,0,18,0,1,0,0,0,0,3,1,6,3,-1,-1,-1,-1,-1,-1,-1,-1
2015051501419,2,1,0,4,0,1,0,0,0,0,1,1,6,1,13,3,-1,-1,-1,-1,1,-1
2015051501420,1,9,0,18,0,0,0,0,0,0,1,1,6,3,-1,-1,-1,-1,-1,-1,-1,-1
2015051501420,2,1,0,18,0,0,0,0,0,0,2,1,2,1,19,4,-1,-1,-1,-1,1,-1
2015051501421,1,9,0,14,0,0,0,0,0,0,3,1,6,1,50,8,1956,2,6,-1,2,-1
2015051501421,2,9,0,2,0,0,0,0,0,0,3,1,6,3,-1,-1,2179,2,7,-1,-1,-1
2015051501423,1,9,0,18,0,0,0,0,0,0,1,1,6,2,33,6,1360,1,8,-1,-1,-1
2015051501424,1,3,0,14,0,1,0,0,0,0,1,1,2,1,51,8,125,1,3,-1,1,-1
2015051501424,2,9,0,2,0,1,0,0,0,0,0,1,6,3,-1,-1,1242,1,7,-1,-1,-1
2015051501425,1,9,0,9,0,2,0,0,0,0,3,1,6,3,-1,-1,-1,-1,-1,-1,-1,-1
2015051501425,2,1,0,18,0,1,1,0,0,0,1,1,2,1,35,6,-1,-1,-1,-1,1,-1
2015051501426,1,19,0,16,0,8,0,0,0,0,1,1,6,1,45,7,1560,2,2,-1,1,-1
2015051501426,2,9,0,3,0,8,0,0,0,0,2,1,6,2,25,5,1461,2,8,-1,1,-1
2015051501427,1,9,0,11,0,5,0,0,0,0,4,1,6,1,28,6,1596,1,5,-1,1,-1
2015051501427,2,1,0,18,0,5,0,0,0,0,3,1,6,1,38,7,-1,-1,-1,-1,1,-1
2015051501428,1,9,0,3,0,1,0,0,0,0,1,1,6,1,49,8,1595,1,13,-1,1,-1
2015051501428,2,9,0,18,0,1,0,0,0,0,3,1,6,1,82,11,1390,1,6,-1,1,-1
2015051501429,1,9,0,3,0,1,0,0,0,0,1,1,6,2,50,8,5000,1,4,-1,1,-1
2015051501429,2,9,0,18,0,1,0,0,0,0,4,1,6,2,64,9,1299,1,7,-1,1,-1
2015051501430,1,9,0,18,0,1,0,0,1,11,1,1,1,1,23,5,-1,-1,-1,-1,1,-1
2015051501430,2,19,0,18,0,1,0,0,0,0,1,1,6,1,35,6,2299,2,2,-1,1,-1
2015051501431,1,9,0,18,0,8,0,0,0,0,0,1,1,1,37,7,1582,2,2,-1,-1,-1
2015051501431,2,9,0,9,0,8,0,0,7,10,1,1,6,1,33,6,1242,1,13,-1,1,-1
2015051501432,1,9,0,5,0,0,0,0,0,0,1,1,2,2,44,7,1796,1,4,-1,-1,-1
2015051501432,2,9,0,18,0,0,0,0,0,0,1,1,2,2,58,9,1397,1,14,-1,2,-1
2015051501433,1,9,0,5,0,0,0,0,0,0,0,1,6,2,61,9,1124,1,10,-1,1,-1