Accident_Index,Vehicle_Reference,Vehicle_Type,Towing_and_Articulation,Vehicle_Manoeuvre,Vehicle_Location-Restricted_Lane,Junction_Location,Skidding_and_Overturning,Hit_Object_in_Carriageway,Vehicle_Leaving_Carriageway,Hit_Object_off_Carriageway,1st_Point_of_Impact,Was_Vehicle_Left_Hand_Drive?,Journey_Purpose_of_Driver,Sex_of_Driver,Age_of_Driver,Age_Band_of_Driver,Engine_Capacity_(CC),Propulsion_Code,Age_of_Vehicle,Driver_IMD_Decile,Driver_Home_Area_Type,Vehicle_IMD_Decile
2015051501434,1,9,0,18,0,0,0,0,0,0,0,1,1,1,36,7,1582,2,2,-1,-1,-1
2015051501434,2,9,0,17,0,0,1,0,7,9,4,1,6,1,23,5,1988,1,15,-1,1,-1
2015051501435,1,9,0,2,0,0,0,0,0,0,2,1,6,1,50,8,4196,1,28,-1,1,-1
2015051501435,2,19,0,18,0,0,0,0,0,0,1,1,6,1,28,6,2402,2,4,-1,1,-1
2015051501436,1,9,0,18,0,1,0,0,0,0,1,1,6,1,78,11,2179,2,-1,-1,1,-1
2015051501437,1,9,0,9,0,6,0,0,0,0,1,1,6,1,65,9,1587,1,13,-1,1,-1
2015051501437,2,9,0,10,0,8,0,0,0,0,3,1,6,2,64,9,2179,2,2,-1,1,-1
2015051501439,1,21,1,18,0,0,1,0,0,0,1,1,1,1,48,8,12777,2,8,-1,1,-1
2015051501439,2,9,0,18,0,0,0,0,0,0,3,1,6,2,51,8,1596,1,11,-1,1,-1
2015051501440,1,9,0,18,0,1,0,0,0,0,3,1,6,3,-1,-1,-1,-1,-1,-1,-1,-1
2015051501440,2,1,0,18,0,1,0,0,0,0,3,1,6,1,42,7,-1,-1,-1,-1,1,-1
2015051501441,1,9,0,3,0,1,0,0,0,0,2,1,6,1,69,10,1240,1,6,-1,1,-1
2015051501441,2,9,0,4,0,1,0,0,0,0,1,1,6,1,77,11,1999,1,10,-1,1,-1
2015051501442,1,1,0,17,0,8,0,0,0,0,3,1,2,1,54,8,-1,-1,-1,-1,1,-1
2015051501442,2,9,0,7,0,8,0,0,0,0,4,1,6,1,52,8,1956,2,4,-1,1,-1
2015051501443,1,9,0,5,0,1,0,0,0,0,1,1,3,2,39,7,1896,2,6,-1,1,-1
2015051501443,2,9,0,5,0,1,0,0,0,0,2,1,3,2,40,7,1329,1,2,-1,1,-1
2015051501444,1,4,0,18,0,1,0,0,0,0,4,1,6,1,19,4,450,1,-1,-1,1,-1
2015051501444,2,8,0,18,0,2,0,0,0,0,1,1,1,1,27,6,1753,2,5,-1,1,-1
2015051501445,1,9,0,18,0,1,0,0,0,0,1,1,2,1,22,5,1198,1,3,-1,1,-1
2015051501446,2,3,0,5,0,1,0,0,0,0,2,1,6,2,28,6,-1,-1,-1,-1,1,-1
2015051501447,1,9,0,18,0,1,0,0,0,0,1,1,6,2,40,7,1364,1,8,-1,1,-1
2015051501447,2,9,0,3,0,1,0,0,0,0,2,1,2,2,51,8,1995,2,9,-1,1,-1
2015051501448,1,1,0,4,0,1,0,0,0,0,1,1,6,1,21,5,-1,-1,-1,-1,1,-1
2015051501448,2,9,0,4,0,1,0,0,0,0,1,1,6,2,35,6,1400,1,11,-1,1,-1
2015051501449,1,9,0,18,0,0,2,4,0,0,1,1,6,2,29,6,1997,1,11,-1,1,-1
2015051501449,2,9,0,2,0,0,0,0,0,0,1,1,6,3,-1,-1,1242,1,3,-1,-1,-1
2015051501450,1,9,0,18,0,1,0,0,0,0,1,1,6,2,50,8,1242,1,7,-1,1,-1
2015051501450,2,9,0,3,0,1,0,0,0,0,2,1,6,1,63,9,1796,1,6,-1,1,-1
2015051501450,3,9,0,3,0,1,0,0,0,0,2,1,6,1,34,6,1598,2,3,-1,1,-1
2015051501450,4,9,0,9,0,1,0,0,0,0,2,1,6,1,64,9,1242,1,3,-1,1,-1
2015051501451,1,19,0,18,0,0,0,0,0,0,1,1,1,1,48,8,6370,2,2,-1,1,-1
2015051501451,2,9,0,18,0,0,0,0,0,0,2,1,6,1,56,9,2477,2,11,-1,1,-1
2015051501452,1,98,1,18,0,2,0,0,0,0,1,1,1,1,52,8,12777,2,2,-1,-1,-1
2015051501453,1,9,0,5,0,8,0,0,0,0,3,1,6,1,20,4,1490,1,6,-1,1,-1
2015051501453,2,9,0,18,0,8,0,0,0,0,1,1,6,1,40,7,1596,1,10,-1,1,-1
2015051501453,3,8,0,5,0,8,0,0,0,0,1,1,1,2,29,6,1997,2,8,-1,1,-1
2015051501454,1,9,0,18,0,0,1,0,1,11,1,1,6,1,30,6,1989,1,15,-1,1,-1
2015051501455,1,3,0,18,0,1,0,0,0,0,4,1,6,1,27,6,125,1,1,-1,1,-1
2015051501455,2,19,0,6,0,1,0,0,0,0,1,1,2,1,71,10,2400,2,13,-1,1,-1
2015051501456,1,9,0,18,0,1,0,0,0,0,1,1,6,2,84,11,998,1,13,-1,1,-1
2015051501457,1,9,0,4,0,0,0,0,0,0,3,1,6,1,52,8,1598,1,1,-1,1,-1
2015051501458,1,9,0,4,0,1,0,0,0,0,1,1,6,2,71,10,1598,1,3,-1,1,-1
2015051501458,2,9,0,3,0,1,0,0,0,0,2,1,6,1,73,10,1991,2,7,-1,1,-1
2015051501459,1,9,0,9,0,6,1,0,1,10,4,1,6,1,57,9,1999,1,11,-1,1,-1
2015051501459,2,9,0,18,0,8,1,0,1,7,1,1,6,1,22,5,-1,-1,-1,-1,1,-1
2015051501460,1,2,0,18,0,0,0,0,0,0,1,1,6,1,17,4,-1,-1,-1,-1,1,-1
2015051501460,2,1,0,18,0,0,0,0,0,0,1,1,1,1,32,6,-1,-1,-1,-1,1,-1
2015051501461,1,9,0,18,0,0,0,0,0,0,1,1,6,1,-1,-1,-1,-1,-1,-1,-1,-1
2015051501462,1,9,0,5,0,0,0,0,0,0,4,1,1,2,37,7,1149,1,4,-1,1,-1
2015051501462,2,1,0,18,0,0,0,0,0,0,3,1,1,1,25,5,-1,-1,-1,-1,1,-1
2015051501463,1,9,0,18,0,2,0,0,0,0,1,1,2,1,44,7,1997,2,11,-1,1,-1
2015051501463,2,8,0,10,0,2,0,0,0,0,2,1,1,1,33,6,1560,2,8,-1,1,-1
2015051501464,1,9,0,5,0,8,0,0,0,0,1,1,6,1,36,7,1997,2,14,-1,1,-1
2015051501464,2,1,0,18,0,1,0,0,0,0,3,1,6,1,29,6,-1,-1,-1,-1,1,-1
2015051501465,1,9,0,3,0,0,0,0,0,0,1,1,6,3,-1,-1,1242,1,10,-1,-1,-1
2015051501465,2,9,0,2,0,0,0,0,0,0,1,1,6,3,-1,-1,1753,2,11,-1,-1,-1
2015051501465,3,9,0,2,0,0,0,0,0,0,1,1,6,3,-1,-1,1199,1,17,-1,-1,-1
2015051501466,1,9,0,18,0,0,0,0,0,0,1,1,6,3,-1,-1,-1,-1,-1,-1,-1,-1
2015051501466,2,9,0,18,0,0,0,0,0,0,1,1,6,1,50,8,1242,1,6,-1,1,-1
2015051501467,1,9,0,1,0,8,0,0,0,0,2,1,6,1,75,10,1596,1,14,-1,1,-1
2015051501467,2,9,0,8,0,2,0,0,0,0,1,1,3,2,25,5,1596,1,2,-1,1,-1
2015051501467,3,9,0,2,0,1,0,0,0,0,2,1,6,3,-1,-1,1968,2,5,-1,-1,-1
2015051501469,1,9,0,9,0,1,0,0,0,0,0,1,6,2,42,7,1896,2,12,-1,1,-1
2015051501469,2,1,0,18,0,1,0,0,0,0,0,1,6,1,29,6,-1,-1,-1,-1,1,-1
2015051501470,1,3,0,18,0,0,0,10,0,0,1,1,6,1,17,4,124,1,8,-1,1,-1
2015051501471,1,3,0,18,0,0,0,0,0,0,1,1,6,1,19,4,124,1,4,-1,1,-1
2015051501472,1,20,4,18,0,4,0,0,0,0,4,1,1,1,47,8,2198,2,1,-1,1,-1
2015051501472,2,1,0,10,0,4,0,0,0,0,3,1,6,1,45,7,-1,-1,-1,-1,-1,-1
2015051501473,1,9,0,9,0,8,0,0,0,0,4,1,6,1,34,6,-1,-1,-1,-1,1,-1
2015051501473,2,9,0,18,0,8,0,0,0,0,1,1,2,1,48,8,2204,2,9,-1,1,-1
2015051501474,1,9,0,18,0,1,0,0,0,0,0,1,1,1,41,7,1582,2,4,-1,-1,-1
2015051501474,2,9,0,9,0,3,0,0,0,0,3,1,6,3,-1,-1,1388,1,11,-1,-1,-1
2015051501474,3,11,0,8,0,1,0,0,0,0,1,1,1,1,43,7,6700,2,6,-1,1,-1
2015051501475,1,19,0,18,0,1,0,0,0,0,4,1,2,1,52,8,2402,2,15,-1,1,-1
2015051501475,2,1,0,18,0,1,0,0,0,0,1,1,6,1,16,4,-1,-1,-1,-1,1,-1
2015051501476,1,9,0,5,0,8,0,10,0,0,4,1,2,2,28,6,998,1,9,-1,1,-1
2015051501476,2,9,0,9,0,8,0,0,0,0,0,1,6,3,-1,-1,-1,-1,-1,-1,-1,-1
2015051501477,1,9,0,1,0,0,0,0,0,0,2,1,6,3,-1,-1,-1,-1,-1,-1,-1,-1
2015051501478,1,9,0,2,0,0,0,0,0,0,4,1,3,3,-1,-1,1242,1,12,-1,-1,-1
2015051501478,2,1,0,18,0,0,0,0,0,0,3,1,1,1,37,7,-1,-1,-1,-1,1,-1
2015051501480,1,9,0,5,0,2,0,0,0,0,3,1,6,3,-1,-1,1798,1,12,-1,-1,-1
2015051501480,2,9,0,5,0,1,0,0,0,0,3,1,1,1,28,6,1910,2,9,-1,1,-1
2015051501481,1,9,0,5,0,2,0,0,0,0,1,1,6,2,46,8,1242,1,7,-1,1,-1
2015051501482,1,9,0,18,0,8,0,0,0,0,1,1,6,1,27,6,1686,2,9,-1,1,-1
2015051501482,2,9,0,10,0,1,0,0,0,0,2,1,6,2,29,6,1299,1,13,-1,1,-1
2015051501483,1,9,0,18,0,0,0,0,0,0,1,1,6,1,34,6,2401,2,8,-1,1,-1
2015051501483,2,9,0,3,0,0,0,0,0,0,3,1,2,1,50,8,1997,2,6,-1,1,-1
2015051501483,3,9,0,3,0,0,0,0,0,0,2,1,2,1,24,5,1299,1,13,-1,1,-1
2015051501484,1,4,0,13,0,6,1,0,3,0,1,1,6,1,23,5,125,1,4,-1,3,-1
2015051501484,2,9,0,7,0,5,0,0,1,0,2,1,6,1,35,6,1995,2,12,-1,1,-1
2015051501485,1,9,0,18,0,0,0,0,0,0,4,1,6,3,-1,-1,-1,-1,-1,-1,-1,-1
2015051501486,1,9,0,18,0,1,0,0,0,0,4,1,6,3,-1,-1,1242,1,1,-1,-1,-1
2015051501488,1,9,0,1,0,0,0,0,0,0,2,1,6,1,43,7,1968,2,2,-1,1,-1
2015051501488,2,22,0,18,0,0,5,0,0,0,4,1,6,2,77,11,-1,-1,-1,-1,1,-1
2015051501489,1,9,0,9,0,8,0,0,0,0,3,1,6,2,65,9,1422,2,6,-1,1,-1
2015051501489,2,9,0,18,0,8,0,0,0,0,1,1,1,1,21,5,1498,1,-1,-1,2,-1
2015051501490,1,9,0,18,0,2,0,0,0,0,1,1,6,2,34,6,1364,2,8,-1,1,-1
2015051501491,1,9,0,7,0,5,0,0,0,0,4,1,6,1,38,7,1968,2,6,-1,1,-1
2015051501491,2,1,0,5,0,1,0,0,0,0,3,1,6,2,17,4,-1,-1,-1,-1,1,-1
2015051501492,1,9,0,9,0,8,0,0,0,0,1,1,6,1,89,11,1386,1,10,-1,1,-1
2015051501492,2,19,0,17,0,8,0,0,0,0,1,1,1,1,41,7,1686,2,13,-1,1,-1
2015051501494,1,19,0,5,0,6,0,0,0,0,3,1,1,1,59,9,2402,2,7,-1,1,-1
2015051501494,2,5,0,18,0,1,1,0,0,0,4,1,6,1,33,6,599,1,7,-1,1,-1
2015051501495,1,9,0,2,0,0,0,0,1,0,3,1,2,2,40,7,1198,1,7,-1,1,-1
2015051501498,1,3,0,18,0,1,0,0,0,0,1,1,6,2,22,5,124,1,10,-1,1,-1
2015051501498,2,8,0,9,0,1,0,0,0,0,2,1,6,1,33,6,2183,2,5,-1,1,-1
2015051501499,1,9,0,15,0,1,0,0,1,0,3,1,6,3,-1,-1,-1,-1,-1,-1,-1,-1
2015051501499,2,9,0,18,0,1,0,0,0,0,4,1,6,2,25,5,1242,1,3,-1,1,-1
2015051501500,1,9,0,18,0,6,0,4,0,0,1,1,6,3,-1,-1,-1,-1,-1,-1,-1,-1
2015051501500,2,9,0,2,0,1,0,0,0,0,1,1,6,3,-1,-1,1560,2,4,-1,-1,-1
2015051501501,1,1,0,18,0,0,0,4,0,0,1,1,6,1,32,6,-1,-1,-1,-1,1,-1
2015051501501,2,8,0,2,0,0,0,0,0,0,2,1,3,3,-1,-1,1997,2,7,-1,-1,-1
2015051501502,1,9,0,14,0,0,0,0,0,0,1,1,6,1,25,5,1598,2,2,-1,1,-1
2015051501503,1,9,0,5,0,8,0,0,0,0,1,1,6,3,-1,-1,-1,-1,-1,-1,-1,-1
2015051501503,2,1,0,18,0,6,0,0,0,0,3,1,6,1,16,4,-1,-1,-1,-1,1,-1
2015051501504,1,9,0,1,0,2,0,0,0,0,2,1,6,2,39,7,4163,1,2,-1,1,-1
2015051501505,1,9,0,1,0,0,0,0,0,0,2,1,6,1,20,4,1390,1,6,-1,1,-1
2015051501505,2,9,0,18,0,0,0,0,0,0,2,1,6,1,38,7,1198,1,4,-1,1,-1
2015051501506,1,9,0,18,0,1,0,0,0,0,1,1,6,2,51,8,1124,1,11,-1,1,-1
2015051501507,1,9,0,18,0,0,0,0,0,0,1,1,6,2,29,6,1796,1,15,-1,1,-1
2015051501507,2,9,0,10,0,0,0,0,0,0,2,1,6,2,41,7,-1,-1,-1,-1,1,-1
2015051501508,1,9,0,12,0,0,0,0,0,0,2,1,6,2,31,6,1198,1,1,-1,1,-1
2015051501508,2,90,0,18,0,0,0,0,0,0,1,1,1,1,50,8,2987,2,3,-1,1,-1
2015051501509,1,11,0,5,0,2,0,0,0,0,0,1,1,1,54,8,6700,2,6,-1,1,-1
2015051501510,1,1,0,18,0,1,0,0,0,0,3,1,6,1,12,3,-1,-1,-1,-1,1,-1
2015051501510,2,9,0,10,0,1,0,0,0,0,1,1,6,2,41,7,1591,1,1,-1,1,-1
2015051501511,1,9,0,6,0,0,1,0,7,11,2,1,6,1,73,10,1199,1,12,-1,1,-1
2015051501511,2,9,0,18,0,0,0,0,0,0,1,1,6,1,24,5,2979,1,8,-1,1,-1
2015051501512,1,4,0,18,0,1,0,0,1,0,1,1,6,1,34,6,100,1,13,-1,1,-1
2015051501514,1,9,0,9,0,8,0,0,0,0,3,1,6,1,24,5,1390,1,13,-1,1,-1
2015051501514,2,9,0,18,0,8,0,0,0,0,4,1,6,1,28,6,1686,2,1,-1,1,-1
2015051501515,1,9,0,9,0,8,0,0,0,0,1,1,6,1,46,8,1753,2,11,-1,1,-1
2015051501515,2,1,0,18,0,8,0,0,0,0,1,1,6,1,30,6,-1,-1,-1,-1,1,-1
2015051501516,1,1,0,18,0,0,0,0,0,0,1,1,6,1,7,2,-1,-1,-1,-1,1,-1
2015051501516,2,9,0,18,0,0,0,0,0,0,1,1,6,1,56,9,1598,1,14,-1,1,-1
2015051501517,1,9,0,18,0,8,0,0,0,0,3,1,1,1,49,8,1968,2,2,-1,1,-1
2015051501517,2,9,0,18,0,8,0,0,0,0,4,1,6,2,25,5,1560,2,-1,-1,1,-1
2015051501518,1,9,0,18,0,2,1,4,0,0,1,1,2,2,64,9,1598,2,2,-1,1,-1
2015051501519,1,9,0,18,0,8,0,0,0,0,4,1,6,2,59,9,1198,1,10,-1,1,-1
2015051501519,2,9,0,5,0,6,0,0,0,0,1,1,6,1,29,6,1968,2,-1,-1,1,-1
2015051501520,1,9,0,7,0,6,0,0,1,2,1,1,6,1,18,4,1149,1,12,-1,1,-1
2015051501521,1,9,0,18,0,1,0,0,0,0,1,1,6,1,23,5,1560,2,1,-1,1,-1
2015051501521,2,9,0,4,0,1,0,0,0,0,2,1,6,2,34,6,1498,1,4,-1,1,-1
2015051501521,3,9,0,4,0,1,0,0,0,0,2,1,6,1,42,7,998,1,22,-1,1,-1
2015051501522,1,9,0,5,0,6,0,0,0,0,1,1,6,1,83,11,1388,1,12,-1,1,-1
2015051501522,2,9,0,18,0,8,0,0,0,0,4,1,6,1,71,10,1587,1,11,-1,1,-1
2015051501523,1,9,0,3,0,1,0,0,0,0,1,1,6,1,22,5,1850,1,16,-1,1,-1
2015051501523,2,9,0,3,0,1,0,0,0,0,2,1,6,1,62,9,-1,-1,-1,-1,1,-1
2015051501524,1,19,0,18,0,0,0,0,7,5,3,1,1,1,48,8,1248,2,5,-1,1,-1
2015051501525,1,19,0,6,0,2,0,0,0,0,3,1,1,1,63,9,2148,2,10,-1,1,-1
2015051501525,2,9,0,18,0,2,0,0,0,0,1,1,6,1,50,8,1798,1,8,-1,1,-1
2015051501526,1,9,0,18,0,0,0,0,0,0,1,1,6,1,67,10,1968,2,-1,-1,1,-1
2015051501526,2,9,0,18,0,0,0,0,0,0,1,1,6,2,54,8,1984,1,7,-1,-1,-1
2015051501526,3,9,0,18,0,0,0,0,0,0,1,1,6,2,44,7,1461,2,1,-1,1,-1
2015051501528,1,8,0,18,0,1,0,0,0,0,1,1,1,1,38,7,1497,8,8,-1,1,-1
2015051501528,2,9,0,18,0,2,0,0,0,0,1,1,6,2,18,4,1590,1,13,-1,1,-1
2015051501529,1,9,0,18,0,1,0,0,0,0,3,1,1,1,45,7,1997,2,3,-1,-1,-1
2015051501529,2,9,0,18,0,1,1,0,0,0,0,1,1,1,45,7,2400,2,1,-1,-1,-1
2015051501529,3,9,0,18,0,1,1,0,0,0,1,1,6,1,-1,-1,2685,2,13,-1,-1,-1
2015051501530,1,9,0,9,0,1,0,0,0,0,1,1,6,2,22,5,998,1,5,-1,1,-1
2015051501531,1,11,0,18,0,0,0,0,0,0,1,1,1,1,33,6,5883,2,14,-1,1,-1
2015051501532,1,9,0,18,0,0,0,0,0,0,1,1,1,2,43,7,1198,1,10,-1,1,-1
2015051501533,1,9,0,5,0,1,0,0,0,0,4,1,6,2,75,10,1229,1,10,-1,1,-1
2015051501533,2,9,0,18,0,1,0,0,0,0,3,1,2,2,30,6,1199,2,4,-1,1,-1
2015051501534,1,19,0,4,0,0,0,0,0,0,1,1,1,1,23,5,2287,2,6,-1,1,-1
2015051501534,2,9,0,4,0,0,0,0,0,0,2,1,6,2,48,8,1242,1,2,-1,1,-1
2015051501535,1,9,0,18,0,1,0,0,0,0,1,1,6,1,25,5,1560,2,1,-1,1,-1
2015051501535,2,9,0,5,0,1,0,0,0,0,3,1,6,1,32,6,1388,1,7,-1,1,-1
2015051501536,1,9,0,5,0,6,0,0,0,0,1,1,1,1,30,6,1796,1,13,-1,1,-1
2015051501536,2,9,0,18,0,8,0,0,0,0,4,1,1,2,61,9,1248,2,7,-1,1,-1
2015051501537,1,9,0,18,0,8,0,0,0,0,3,1,6,3,-1,-1,-1,-1,-1,-1,-1,-1
2015051501537,2,3,0,5,0,2,0,0,0,0,3,1,1,1,25,5,124,1,1,-1,1,-1
2015051501538,1,1,0,4,0,1,0,0,0,0,2,1,6,1,32,6,-1,-1,-1,-1,1,-1
2015051501538,2,9,0,4,0,1,0,0,0,0,1,2,6,2,38,7,1598,1,11,-1,1,-1
2015051501539,1,5,0,16,0,3,1,0,7,0,1,1,6,1,57,9,1199,1,10,-1,1,-1
2015051501539,2,21,0,5,0,1,0,0,0,0,1,1,1,1,43,7,3920,2,6,-1,1,-1
2015051501539,3,5,0,18,0,3,0,0,0,0,0,1,6,1,58,9,997,1,9,-1,1,-1
2015051501540,1,9,0,18,0,0,0,0,0,0,1,1,6,1,26,6,1686,2,4,-1,1,-1
2015051501541,1,9,0,18,0,0,0,0,0,0,0,1,1,1,30,6,2993,2,2,-1,-1,-1
2015051501541,2,9,0,18,0,0,0,0,0,0,3,1,2,2,27,6,998,1,1,-1,1,-1
2015051501541,3,9,0,18,0,0,0,0,0,0,4,1,2,1,37,7,-1,-1,-1,-1,2,-1
2015051501542,1,9,0,18,0,0,1,0,0,0,1,1,6,1,65,9,2179,2,7,-1,3,-1
2015051501542,2,19,0,2,0,0,0,0,0,0,1,1,2,1,36,7,1870,2,9,-1,1,-1
2015051501542,3,19,0,2,0,0,0,0,0,0,1,1,1,3,-1,-1,1248,2,4,-1,-1,-1
2015051501543,1,9,0,4,0,1,0,0,0,0,4,1,1,1,30,6,1968,2,2,-1,-1,-1
2015051501543,2,9,0,4,0,1,0,0,3,10,1,1,6,3,-1,-1,1969,2,-1,-1,-1,-1
2015051501544,1,3,0,18,0,0,1,0,0,0,1,1,2,1,24,5,124,1,1,-1,1,-1
2015051501544,2,9,0,18,0,0,0,0,0,0,2,1,2,2,45,7,1798,1,14,-1,1,-1
2015051501546,1,9,0,18,0,0,0,0,7,2,1,1,6,2,28,6,1349,1,13,-1,1,-1
2015051501547,1,3,0,18,0,1,0,0,0,0,1,1,6,1,17,4,125,1,2,-1,1,-1
2015051501548,1,9,0,18,0,0,0,0,0,0,1,1,6,3,-1,-1,-1,-1,-1,-1,-1,-1
2015051501549,1,11,0,18,0,1,0,0,0,0,0,1,1,1,34,6,6700,2,6,-1,-1,-1
2015051501550,1,3,0,18,0,2,0,0,0,0,1,1,6,1,20,4,124,1,1,-1,1,-1
2015051501550,2,19,0,18,0,1,0,0,0,0,3,1,1,1,37,7,2179,2,12,-1,1,-1
2015051501551,1,9,0,4,0,0,0,0,0,0,1,1,2,1,19,4,1248,1,4,-1,1,-1
2015051501552,1,19,0,17,0,0,2,10,7,0,1,1,2,1,34,6,1996,2,4,-1,1,-1
2015051501553,1,9,0,18,0,0,0,0,7,9,1,1,6,1,49,8,1998,2,10,-1,1,-1
2015051501554,1,9,0,15,0,1,0,0,0,0,1,1,1,1,42,7,1582,2,2,-1,-1,-1
2015051501554,2,19,0,9,0,1,1,0,0,0,3,1,1,1,28,6,1686,2,8,-1,1,-1
2015051501555,1,9,0,14,0,0,2,4,0,0,1,1,6,2,66,10,1397,1,6,-1,1,-1
2015051501555,2,9,0,2,0,0,0,0,0,0,1,1,6,3,-1,-1,1598,1,11,-1,-1,-1
2015051501556,1,9,0,2,0,0,0,0,0,0,3,1,6,1,43,7,1240,1,7,-1,1,-1
2015051501556,2,19,0,1,0,0,0,4,0,0,2,1,6,2,30,6,-1,-1,-1,-1,1,-1
2015051501557,1,9,0,18,0,0,0,0,0,0,0,1,1,1,39,7,2792,1,8,-1,1,-1
2015051501557,2,9,0,18,0,0,0,0,0,0,1,1,6,1,22,5,2495,1,14,-1,1,-1
2015051501557,3,9,0,18,0,0,0,0,0,0,4,1,6,3,-1,-1,1364,1,6,-1,-1,-1
2015051501557,4,9,0,2,0,0,0,0,0,0,3,2,6,3,-1,-1,1587,1,11,-1,-1,-1
2015051501557,5,9,0,2,0,0,0,0,0,0,3,1,6,3,-1,-1,1242,1,13,-1,-1,-1
2015051501557,6,9,0,2,0,0,0,0,0,0,1,1,6,3,-1,-1,1596,1,8,-1,-1,-1
2015051501558,1,9,0,15,0,0,0,0,0,0,4,1,6,1,78,11,1598,1,3,-1,1,-1
2015051501558,2,1,0,18,0,0,0,0,0,0,4,1,4,1,13,3,-1,-1,-1,-1,1,-1
2015051501559,1,9,0,9,0,8,0,0,0,0,1,1,6,1,30,6,1598,1,4,-1,1,-1
2015051501560,1,9,0,4,0,0,0,0,0,0,1,1,6,1,52,8,1988,1,13,-1,1,-1
2015051501560,2,9,0,4,0,0,0,0,0,0,2,1,6,2,77,11,1398,1,14,-1,1,-1
2015051501560,3,9,0,4,0,0,0,0,0,0,2,1,2,1,35,6,1896,2,13,-1,1,-1
2015051501561,1,9,0,18,0,8,0,0,0,0,1,1,6,1,66,10,1396,1,14,-1,1,-1
2015051501562,1,9,0,9,0,8,0,0,0,0,4,1,6,2,55,8,1242,1,1,-1,1,-1
2015051501562,2,11,0,18,0,8,0,0,0,0,1,1,1,1,39,7,6696,2,-1,-1,1,-1
2015051501563,1,9,0,5,0,0,0,0,0,0,1,1,6,2,41,7,1461,2,1,-1,1,-1
2015051501563,2,9,0,4,0,0,0,0,0,0,2,1,6,1,30,6,1795,1,15,-1,1,-1
2015051501564,1,9,0,18,0,0,0,0,0,0,1,1,6,2,49,8,1349,1,4,-1,1,-1
2015051501565,1,9,0,9,0,2,0,0,0,0,1,1,6,1,69,10,1796,1,15,-1,1,-1
2015051501565,2,9,0,18,0,2,0,0,0,0,3,1,6,2,18,4,1242,1,10,-1,1,-1
2015051501566,1,9,0,1,0,0,0,0,0,0,2,1,6,1,50,8,1749,1,11,-1,1,-1
2015051501567,1,9,0,4,0,8,0,0,0,0,1,1,6,2,27,6,-1,-1,-1,-1,1,-1
2015051501568,1,9,0,4,0,3,0,0,0,0,2,1,6,2,31,6,998,1,1,-1,1,-1
2015051501568,2,9,0,18,0,1,0,0,0,0,1,1,6,3,-1,-1,-1,-1,-1,-1,-1,-1
2015051501569,1,9,0,18,0,0,0,0,1,0,1,1,6,3,-1,-1,-1,-1,-1,-1,-1,-1
2015051501571,1,9,0,18,0,8,0,0,0,0,4,1,6,1,29,6,1968,2,4,-1,1,-1
2015051501571,2,9,0,18,0,8,0,0,0,0,1,1,6,2,44,7,1242,1,6,-1,1,-1
2015051501573,1,9,0,17,0,0,1,0,4,2,4,1,6,1,23,5,1497,1,13,-1,1,-1
2015051501574,1,9,0,9,0,6,0,0,0,0,1,1,2,1,33,6,1956,2,-1,-1,1,-1
2015051501574,2,3,0,9,0,8,0,0,0,0,3,1,2,1,21,5,124,1,1,-1,1,-1
2015051501575,1,9,0,18,0,4,0,0,0,0,0,1,1,1,34,6,2993,2,5,-1,-1,-1
2015051501575,2,9,0,18,0,4,0,0,6,11,1,1,6,3,-1,-1,2995,1,4,-1,-1,-1
2015051501576,1,9,0,18,0,1,0,0,0,0,3,1,2,1,59,9,1560,2,3,-1,1,-1
2015051501577,1,9,0,7,0,8,0,0,0,0,4,1,6,1,57,9,1598,2,2,-1,1,-1
2015051501577,2,1,0,18,0,1,0,0,0,0,1,1,6,1,49,8,-1,-1,-1,-1,1,-1
2015051501577,3,19,0,2,0,1,0,0,0,0,0,1,6,3,-1,-1,2402,2,7,-1,-1,-1
2015051501578,1,9,0,18,0,0,0,0,0,0,1,1,6,3,-1,-1,2979,1,14,-1,-1,-1
2015051501578,2,19,0,10,0,0,5,0,1,11,2,1,2,1,27,6,1753,2,8,-1,1,-1
2015051501579,1,9,0,16,0,4,0,0,0,0,1,1,6,1,38,7,1596,1,9,-1,1,-1
2015051501579,2,5,0,8,0,4,0,0,0,0,2,1,6,1,52,8,1300,1,-1,-1,1,-1
2015051501580,1,19,0,1,0,0,0,0,0,0,2,1,6,3,-1,-1,2143,2,4,-1,-1,-1
2015051501580,2,9,0,2,0,0,0,0,0,0,1,1,1,2,32,6,1582,2,2,-1,-1,-1
2015051501581,1,8,0,7,0,3,0,0,0,0,2,1,1,1,65,9,2664,2,16,-1,1,-1
2015051501581,2,9,0,7,0,3,0,0,0,0,1,1,6,1,30,6,1988,1,15,-1,1,-1
2015051501582,1,9,0,18,0,8,0,0,0,0,3,1,6,1,55,8,2143,2,2,-1,1,-1
2015051501582,2,9,0,18,0,1,0,0,0,0,1,1,6,2,20,4,1240,1,6,-1,1,-1
2015051501583,1,9,0,18,0,0,0,0,0,0,1,1,6,1,63,9,1956,2,1,-1,1,-1
2015051501584,1,1,0,18,0,6,0,0,0,0,1,1,6,1,12,3,-1,-1,-1,-1,1,-1