Accident_Index,Vehicle_Reference,Vehicle_Type,Towing_and_Articulation,Vehicle_Manoeuvre,Vehicle_Location-Restricted_Lane,Junction_Location,Skidding_and_Overturning,Hit_Object_in_Carriageway,Vehicle_Leaving_Carriageway,Hit_Object_off_Carriageway,1st_Point_of_Impact,Was_Vehicle_Left_Hand_Drive?,Journey_Purpose_of_Driver,Sex_of_Driver,Age_of_Driver,Age_Band_of_Driver,Engine_Capacity_(CC),Propulsion_Code,Age_of_Vehicle,Driver_IMD_Decile,Driver_Home_Area_Type,Vehicle_IMD_Decile
2015051501584,2,9,0,18,0,1,0,0,0,0,1,1,6,2,19,4,1397,1,8,-1,1,-1
2015051501585,1,9,0,3,0,1,0,0,0,0,2,1,6,1,36,7,1998,1,9,-1,1,-1
2015051501585,2,9,0,18,0,1,0,0,0,0,1,1,6,2,39,7,1596,1,7,-1,1,-1
2015051501586,1,9,0,18,0,1,0,0,0,0,1,1,6,1,70,10,1560,2,8,-1,1,-1
2015051501586,2,1,0,9,0,1,0,0,0,0,2,1,6,1,18,4,-1,-1,-1,-1,1,-1
2015051501587,1,98,4,18,0,1,0,0,0,0,1,1,1,1,29,6,-1,-1,-1,-1,1,-1
2015051501587,2,9,0,4,0,1,0,0,0,0,4,2,2,2,37,7,-1,-1,-1,-1,1,-1
2015051501588,1,9,0,18,0,0,0,0,0,0,4,1,6,2,31,6,998,1,12,-1,1,-1
2015051501588,2,10,0,5,0,0,0,0,0,0,3,1,6,1,55,8,2500,2,10,-1,1,-1
2015051501589,1,19,0,18,0,6,0,0,0,0,1,1,1,1,32,6,2198,2,1,-1,1,-1
2015051501589,2,5,0,18,0,2,0,0,0,0,4,1,6,1,51,8,999,1,-1,-1,1,-1
2015051501590,1,9,0,2,0,0,0,0,0,0,1,1,1,3,-1,-1,1582,2,3,-1,-1,-1
2015051501590,2,3,0,18,0,0,1,4,0,0,1,1,6,1,18,4,125,1,1,-1,1,-1
2015051501591,1,9,0,18,0,5,0,0,0,0,1,1,6,2,65,9,1086,1,6,-1,1,-1
2015051501591,2,1,0,18,0,1,0,0,0,0,2,1,6,1,52,8,-1,-1,-1,-1,1,-1
2015051501592,1,9,0,18,0,1,0,0,0,0,1,1,6,3,-1,-1,-1,-1,-1,-1,-1,-1
2015051501593,1,9,0,9,0,5,0,0,0,0,3,1,6,2,55,8,1797,8,-1,-1,1,-1
2015051501593,2,5,0,14,0,1,0,0,0,0,1,1,6,1,32,6,955,1,15,-1,1,-1
2015051501594,1,9,0,18,0,2,0,0,0,0,3,1,2,2,23,5,1685,2,1,-1,1,-1
2015051501595,1,9,0,18,0,0,0,0,0,0,4,1,6,3,-1,-1,-1,-1,-1,-1,-1,-1
2015051501595,2,1,0,18,0,0,0,0,1,7,3,1,2,1,32,6,-1,-1,-1,-1,1,-1
2015051501596,1,10,0,1,0,0,0,0,0,0,2,1,1,3,-1,-1,-1,-1,-1,-1,-1,-1
2015051501597,1,9,0,9,0,8,0,0,0,0,1,1,2,1,29,6,998,1,-1,-1,1,-1
2015051501597,2,9,0,18,0,8,0,0,0,0,1,1,2,1,54,8,1988,1,16,-1,1,-1
2015051501598,1,19,0,18,0,0,0,0,0,0,4,1,1,1,45,7,1686,2,11,-1,3,-1
2015051501599,1,9,0,4,0,1,0,0,0,0,1,1,6,1,63,9,1229,1,4,-1,1,-1
2015051501599,2,9,0,4,0,1,0,0,0,0,2,1,6,1,28,6,1998,2,7,-1,1,-1
2015051501600,1,8,0,1,0,0,0,0,0,0,2,1,6,3,-1,-1,-1,-1,-1,-1,-1,-1
2015051501601,1,9,0,18,0,0,0,0,0,0,1,1,6,1,18,4,1242,1,5,-1,1,-1
2015051501601,2,9,0,6,0,0,0,0,0,0,3,1,6,1,64,9,1198,1,5,-1,3,-1
2015051501602,1,8,0,7,0,6,0,0,0,0,1,1,1,1,34,6,1896,2,10,-1,1,-1
2015051501602,2,1,0,18,0,8,0,0,0,0,1,1,2,2,44,7,-1,-1,-1,-1,1,-1
2015051501603,1,9,0,16,0,0,0,0,1,2,3,1,2,1,24,5,1242,1,13,-1,1,-1
2015051501604,1,9,0,5,0,0,0,0,0,0,1,1,6,2,57,9,1229,1,3,-1,1,-1
2015051501604,2,19,0,18,0,0,0,0,0,0,3,1,6,1,85,11,-1,-1,-1,-1,1,-1
2015051501605,1,19,0,1,0,2,0,0,0,0,2,1,6,1,22,5,1998,2,15,-1,1,-1
2015051501605,2,9,0,2,0,2,0,0,0,0,1,1,6,3,-1,-1,1910,2,10,-1,-1,-1
2015051501606,1,9,0,18,0,0,1,0,2,1,1,1,6,1,19,4,973,1,13,-1,1,-1
2015051501606,2,9,0,18,0,0,0,0,0,0,4,1,6,2,30,6,2204,2,6,-1,1,-1
2015051501607,1,2,0,9,0,8,0,0,0,0,3,1,6,1,16,4,49,1,10,-1,1,-1
2015051501607,2,3,0,13,0,8,0,0,0,0,4,1,6,1,19,4,123,1,30,-1,1,-1
2015051501608,1,9,0,9,0,6,0,0,0,0,1,1,6,2,73,10,1599,1,11,-1,1,-1
2015051501608,2,9,0,18,0,1,0,0,0,0,1,1,6,1,24,5,1997,2,12,-1,1,-1
2015051501609,1,21,0,4,0,0,0,0,0,0,1,1,1,1,33,6,12900,2,6,-1,1,-1
2015051501609,2,9,0,4,0,0,0,0,0,0,2,1,6,1,52,8,2495,2,11,-1,2,-1
2015051501609,3,9,0,4,0,0,0,0,0,0,2,1,6,2,57,9,1968,2,5,-1,1,-1
2015051501609,4,9,0,4,0,0,0,0,0,0,2,1,6,2,22,5,1242,1,5,-1,1,-1
2015051501609,5,9,0,4,0,0,0,0,0,0,2,1,6,2,55,8,1124,1,11,-1,1,-1
2015051501610,1,9,0,5,0,1,0,0,0,0,1,1,6,2,27,6,1598,1,9,-1,1,-1
2015051501610,2,9,0,3,0,1,0,0,0,0,2,1,6,1,43,7,2720,2,6,-1,1,-1
2015051501612,1,9,0,4,0,0,0,0,0,0,4,1,6,1,58,9,3200,6,14,-1,1,-1
2015051501613,1,9,0,16,0,0,0,0,0,0,4,1,6,3,-1,-1,-1,-1,-1,-1,-1,-1
2015051501613,2,1,0,16,0,0,0,0,0,0,3,1,6,1,48,8,-1,-1,-1,-1,1,-1
2015051501614,1,1,0,9,0,8,0,0,7,0,1,1,6,1,29,6,-1,-1,-1,-1,1,-1
2015051501614,2,9,0,18,0,8,1,0,0,0,1,1,6,1,69,10,2435,1,16,-1,1,-1
2015051501615,1,8,0,18,0,0,0,0,1,1,1,1,6,1,24,5,1753,2,9,-1,1,-1
2015051501616,1,9,0,9,0,1,0,0,0,0,1,1,6,2,33,6,1598,1,8,-1,1,-1
2015051501616,2,9,0,18,0,1,0,0,0,0,1,1,6,1,24,5,1388,1,12,-1,1,-1
2015051501617,1,9,0,9,0,8,0,0,0,0,0,1,6,3,-1,-1,-1,-1,-1,-1,-1,-1
2015051501617,2,9,0,18,0,8,0,0,0,0,1,1,6,2,25,5,1968,2,4,-1,1,-1
2015051501617,3,9,0,18,0,8,0,0,0,0,2,1,6,2,26,6,2179,2,-1,-1,1,-1
2015051501619,1,9,0,18,0,0,0,10,0,0,1,1,6,1,-1,-1,2261,1,9,-1,-1,-1
2015051501619,2,9,0,18,0,0,0,0,0,0,1,1,6,1,34,6,1596,1,5,-1,1,-1
2015051501620,1,9,0,18,0,2,0,0,0,0,3,1,6,2,38,7,1598,2,2,-1,1,-1
2015051501620,2,9,0,18,0,2,0,0,0,0,1,1,6,1,36,7,1560,2,1,-1,1,-1
2015051501621,1,9,0,18,0,0,0,0,0,0,3,1,6,2,69,10,1398,1,5,-1,1,-1
2015051501621,2,9,0,18,0,0,0,0,0,0,3,1,6,3,-1,-1,-1,-1,-1,-1,-1,-1
2015051501622,1,9,0,1,0,1,0,0,0,0,2,1,1,1,25,5,1910,2,7,-1,1,-1
2015051501623,1,9,0,18,0,8,0,0,0,0,3,1,6,1,43,7,1995,2,11,-1,1,-1
2015051501623,2,3,0,18,0,1,0,0,0,0,1,1,6,1,73,10,125,1,8,-1,1,-1
2015051501624,1,9,0,18,0,1,0,0,0,0,1,1,6,1,30,6,1498,1,8,-1,1,-1
2015051501624,2,9,0,3,0,1,0,0,0,0,2,1,6,2,20,4,1242,1,2,-1,1,-1
2015051501624,3,9,0,5,0,1,0,0,0,0,2,1,6,2,35,6,1988,1,13,-1,-1,-1
2015051501625,1,9,0,9,0,8,0,0,0,0,3,1,6,2,32,6,1242,1,5,-1,1,-1
2015051501625,2,9,0,18,0,8,0,0,0,0,3,1,6,2,24,5,1242,1,2,-1,1,-1
2015051501626,1,19,0,5,0,8,0,0,0,0,3,1,1,1,43,7,1998,2,12,-1,1,-1
2015051501626,2,1,0,18,0,1,0,0,0,0,1,1,6,1,43,7,-1,-1,-1,-1,1,-1
2015051501627,1,17,4,16,0,0,1,0,7,0,1,1,6,1,45,7,4400,2,4,-1,3,-1
2015051501627,2,9,0,17,0,0,0,0,1,0,1,1,6,2,69,10,996,1,1,-1,1,-1
2015051501628,1,9,0,7,0,5,0,0,0,0,1,1,6,1,92,11,1582,2,1,-1,-1,-1
2015051501628,2,1,0,18,0,7,0,0,0,0,3,1,6,1,13,3,-1,-1,-1,-1,-1,-1
2015051501629,1,1,0,18,0,8,0,0,0,0,1,1,6,1,13,3,-1,-1,-1,-1,1,-1
2015051501629,2,10,0,18,0,8,0,0,0,0,4,1,1,1,44,7,2198,2,2,-1,1,-1
2015051501630,1,3,0,17,0,8,0,0,1,10,1,1,6,1,31,6,125,1,1,-1,1,-1
2015051501631,1,9,0,18,0,0,0,0,0,0,1,1,6,1,49,8,1796,1,3,-1,1,-1
2015051501632,1,9,0,16,0,0,0,0,0,0,4,1,6,2,30,6,1390,1,10,-1,1,-1
2015051501633,1,9,0,18,0,1,0,0,1,11,1,1,2,1,71,10,1998,1,18,-1,1,-1
2015051501634,1,9,0,18,0,0,0,0,0,0,1,1,6,2,27,6,1197,1,1,-1,1,-1
2015051501635,1,9,0,18,0,1,0,0,0,0,1,1,1,1,43,7,1582,2,4,-1,-1,-1
2015051501635,2,1,0,9,0,6,0,0,0,0,3,1,6,1,24,5,-1,-1,-1,-1,1,-1
2015051501636,1,9,0,9,0,8,0,0,0,0,4,1,6,2,23,5,1598,2,4,-1,2,-1
2015051501636,2,9,0,18,0,8,0,0,0,0,1,1,6,1,75,10,1299,1,18,-1,1,-1
2015051501637,1,9,0,18,0,0,0,0,0,0,1,1,2,2,27,6,998,1,2,-1,1,-1
2015051501637,2,1,0,17,0,0,0,0,0,0,2,1,6,2,44,7,-1,-1,-1,-1,1,-1
2015051501638,1,9,0,18,0,0,0,0,7,11,1,1,6,1,27,6,-1,-1,-1,-1,1,-1
2015051501639,1,9,0,18,0,8,0,0,0,0,3,1,2,2,25,5,1870,2,9,-1,1,-1
2015051501639,2,9,0,18,0,8,0,0,0,0,1,1,2,1,37,7,1995,1,6,-1,1,-1
2015051501640,1,1,0,12,0,8,0,0,0,0,1,1,6,1,55,8,-1,-1,-1,-1,1,-1
2015051501640,2,9,0,7,0,8,0,0,0,0,4,1,1,1,41,7,1998,2,7,-1,1,-1
2015051501641,1,9,0,2,0,0,0,0,0,0,1,1,6,2,60,9,1796,1,14,-1,1,-1
2015051501641,2,19,0,2,0,0,0,0,0,0,1,1,6,3,-1,-1,1997,2,13,-1,-1,-1
2015051501642,1,9,0,18,0,6,0,0,0,0,1,1,6,1,53,8,1796,1,8,-1,1,-1
2015051501642,2,1,0,18,0,2,0,0,0,0,2,1,6,1,40,7,-1,-1,-1,-1,1,-1
2015051501643,1,19,0,18,0,8,5,0,0,0,4,1,6,1,33,6,1461,2,9,-1,1,-1
2015051501643,2,9,0,9,0,6,0,0,0,0,1,1,6,1,32,6,1248,2,2,-1,1,-1
2015051501644,1,9,0,5,0,8,0,0,0,0,4,1,2,1,45,7,2198,2,7,-1,1,-1
2015051501644,2,9,0,18,0,8,0,0,0,0,1,1,2,2,27,6,1242,1,1,-1,1,-1
2015051501645,1,9,0,7,0,3,0,0,0,0,4,1,6,2,21,5,1968,2,6,-1,1,-1
2015051501645,2,9,0,7,0,3,0,10,1,0,3,1,6,1,20,4,1390,1,12,-1,1,-1
2015051501647,1,10,0,1,0,1,0,0,0,0,2,1,6,1,49,8,2402,2,14,-1,1,-1
2015051501647,2,5,0,18,0,1,0,0,0,0,1,1,6,1,72,10,738,1,16,-1,2,-1
2015051501648,1,1,0,18,0,1,0,0,0,0,1,1,6,1,34,6,-1,-1,-1,-1,1,-1
2015051501648,2,9,0,9,0,2,0,0,0,0,4,1,4,2,32,6,998,1,4,-1,1,-1
2015051501649,1,9,0,9,0,3,0,0,0,0,1,1,6,1,57,9,1685,2,-1,-1,1,-1
2015051501649,2,9,0,7,0,3,0,0,0,0,1,1,2,2,33,6,1396,2,-1,-1,1,-1
2015051501650,1,9,0,9,0,2,0,0,0,0,3,1,6,2,35,6,1596,1,12,-1,1,-1
2015051501650,2,1,0,18,0,1,0,0,0,0,1,1,6,1,70,10,-1,-1,-1,-1,1,-1
2015051501651,1,9,0,7,0,1,0,0,0,0,1,1,6,2,42,7,998,1,7,-1,1,-1
2015051501651,2,1,0,18,0,1,0,0,0,0,1,1,6,1,23,5,-1,-1,-1,-1,1,-1
2015051501652,1,5,0,15,0,0,0,0,0,0,1,1,2,1,23,5,600,1,1,-1,1,-1
2015051501652,2,9,0,15,0,0,0,0,0,0,4,1,6,1,22,5,1388,1,10,-1,1,-1
2015051501653,1,9,0,18,0,0,0,0,0,0,1,1,3,1,26,6,1242,1,2,-1,1,-1
2015051501653,2,9,0,3,0,0,0,0,0,0,2,1,2,1,32,6,1560,2,7,-1,1,-1
2015051501654,1,98,0,17,0,8,0,0,0,0,3,1,1,1,39,7,2998,2,-1,-1,1,-1
2015051501655,1,1,0,18,0,0,0,0,0,0,1,1,6,1,54,8,-1,-1,-1,-1,1,-1
2015051501655,2,19,0,2,0,0,0,0,0,0,3,1,1,1,25,5,1995,2,8,-1,1,-1
2015051501656,1,9,0,18,0,8,1,0,0,0,1,1,2,1,56,9,1587,1,13,-1,1,-1
2015051501656,2,9,0,9,0,8,0,0,0,0,4,1,6,1,54,8,1968,2,5,-1,1,-1
2015051501656,3,9,0,10,0,1,0,0,0,0,1,1,6,1,28,6,1248,2,-1,-1,1,-1
2015051501657,1,9,0,18,0,8,0,0,1,2,3,1,2,1,58,9,1995,1,4,-1,1,-1
2015051501657,2,9,0,9,0,8,0,0,0,0,1,1,6,2,40,7,1968,2,3,-1,1,-1
2015051501658,1,9,0,18,0,1,0,0,0,0,1,1,2,2,24,5,1968,2,1,-1,1,-1
2015051501658,2,9,0,3,0,1,0,0,0,0,2,1,6,2,49,8,1360,1,9,-1,1,-1
2015051501658,3,9,0,3,0,1,0,0,0,0,2,1,6,1,47,8,1968,2,1,-1,1,-1
2015051501659,1,9,0,18,0,1,5,10,0,0,4,1,6,1,65,9,1998,2,9,-1,1,-1
2015051501659,2,9,0,2,0,1,0,0,0,0,2,1,6,3,-1,-1,1197,1,1,-1,-1,-1
2015051501660,1,9,0,3,0,1,0,0,0,0,1,1,1,2,29,6,1956,2,2,-1,1,-1
2015051501660,2,9,0,3,0,1,0,0,0,0,2,1,6,2,35,6,1997,2,14,-1,1,-1
2015051501661,1,9,0,18,0,1,0,0,0,0,1,1,6,2,34,6,1995,2,1,-1,1,-1
2015051501661,2,9,0,3,0,1,0,0,0,0,2,1,6,1,24,5,-1,-1,-1,-1,1,-1
2015051501662,1,9,0,7,0,6,0,0,0,0,1,1,6,2,25,5,1242,1,1,-1,1,-1
2015051501662,2,9,0,3,0,2,0,0,0,0,2,1,6,1,60,9,999,1,2,-1,1,-1
2015051501663,1,9,0,18,0,0,0,0,0,0,1,1,6,2,25,5,998,1,13,-1,1,-1
2015051501663,2,5,0,18,0,0,1,0,0,0,1,1,2,1,42,7,998,1,4,-1,1,-1
2015051501664,1,1,0,18,0,1,0,0,0,0,1,1,6,1,14,3,-1,-1,-1,-1,1,-1
2015051501664,2,9,0,18,0,1,0,0,0,0,4,1,2,2,55,8,1229,1,7,-1,1,-1
2015051501665,1,9,0,18,0,0,1,0,0,0,1,1,1,2,18,4,1248,2,9,-1,1,-1
2015051501665,2,9,0,18,0,0,1,0,0,0,1,1,6,1,83,11,1995,2,1,-1,1,-1
2015051501665,3,9,0,2,0,0,0,0,0,0,2,1,6,3,-1,-1,1396,1,14,-1,-1,-1
2015051501666,1,9,0,18,0,1,0,0,0,0,1,1,6,1,77,11,1398,1,-1,-1,-1,-1
2015051501666,2,1,0,18,0,1,0,0,0,0,2,1,2,1,59,9,-1,-1,-1,-1,1,-1
2015051501667,1,9,0,18,0,2,0,0,0,0,1,1,1,1,45,7,-1,-1,-1,-1,1,-1
2015051501667,2,9,0,9,0,1,0,0,0,0,4,1,6,1,56,9,1598,2,2,-1,1,-1
2015051501668,1,9,0,16,0,1,0,0,0,0,1,2,6,2,29,6,998,1,15,-1,1,-1
2015051501668,2,1,0,18,0,1,0,0,0,0,1,1,6,1,49,8,-1,-1,-1,-1,1,-1
2015051501669,1,9,0,17,0,1,5,0,0,0,1,1,6,2,48,8,1596,1,8,-1,2,-1
2015051501670,1,9,0,18,0,2,1,0,4,7,1,1,6,1,30,6,1598,1,15,-1,1,-1
2015051501670,2,9,0,18,0,2,0,0,0,0,3,1,6,2,49,8,1229,1,7,-1,1,-1
2015051501670,3,9,0,18,0,2,0,1,1,0,4,1,6,2,41,7,2143,2,1,-1,1,-1
2015051501671,1,9,0,9,0,1,0,0,0,0,1,1,6,1,92,11,1360,1,14,-1,1,-1
2015051501671,2,9,0,18,0,1,0,0,0,0,1,1,6,2,74,10,1368,1,8,-1,1,-1
2015051501672,1,9,0,7,0,5,0,0,0,0,4,1,6,3,-1,-1,-1,-1,-1,-1,-1,-1
2015051501672,2,1,0,18,0,1,0,0,0,0,3,1,6,1,29,6,-1,-1,-1,-1,1,-1
2015051501673,1,9,0,7,0,7,0,0,0,0,1,1,6,2,26,6,1229,1,2,-1,1,-1
2015051501673,2,1,0,5,0,1,0,0,0,0,4,1,6,1,12,3,-1,-1,-1,-1,1,-1
2015051501674,1,9,0,5,0,1,0,0,0,0,1,1,6,1,51,8,1198,1,-1,-1,1,-1
2015051501674,2,1,0,18,0,1,0,0,0,0,4,1,6,1,69,10,-1,-1,-1,-1,1,-1
2015051501675,1,9,0,18,0,3,0,0,0,0,1,1,6,1,34,6,1596,1,4,-1,1,-1
2015051501676,1,9,0,18,0,1,5,4,0,0,1,1,6,1,67,10,1796,1,15,-1,1,-1
2015051501676,2,9,0,2,0,1,0,0,0,0,4,1,6,3,-1,-1,1968,2,10,-1,-1,-1
2015051501676,3,9,0,2,0,2,0,0,0,0,4,1,6,3,-1,-1,1995,2,-1,-1,-1,-1
2015051501677,1,9,0,9,0,8,0,0,0,0,0,1,6,3,-1,-1,-1,-1,-1,-1,-1,-1
2015051501677,2,1,0,18,0,8,0,0,0,0,0,1,6,1,59,9,-1,-1,-1,-1,1,-1
2015051501678,1,8,0,6,0,0,0,7,0,0,1,1,1,3,-1,-1,2499,2,7,-1,-1,-1
2015051501679,1,19,0,6,0,0,0,0,0,0,3,1,1,1,28,6,1598,2,1,-1,1,-1
2015051501679,2,9,0,18,0,0,0,0,0,0,1,1,2,1,43,7,1896,2,13,-1,2,-1
2015051501680,1,9,0,18,0,8,0,0,0,0,1,1,6,1,44,7,1596,1,6,-1,1,-1
2015051501680,2,9,0,3,0,8,0,0,0,0,2,1,6,2,34,6,1398,2,4,-1,1,-1
2015051501681,1,9,0,9,0,8,0,0,0,0,4,1,1,1,29,6,1560,2,5,-1,1,-1
2015051501681,2,1,0,17,0,1,0,0,0,0,1,1,6,1,33,6,-1,-1,-1,-1,1,-1
2015051501682,1,9,0,9,0,8,0,0,1,1,4,1,6,1,30,6,6208,1,3,-1,1,-1
2015051501682,2,9,0,18,0,1,0,0,0,0,1,1,3,2,51,8,1895,1,16,-1,1,-1
2015051501683,1,9,0,18,0,8,0,0,0,0,3,1,6,2,53,8,1870,2,11,-1,1,-1
2015051501683,2,11,0,18,0,8,0,0,0,0,1,1,1,1,23,5,6700,2,4,-1,1,-1
2015051501684,1,9,0,18,0,1,0,0,0,0,1,1,6,2,80,11,998,1,7,-1,1,-1
2015051501685,1,9,0,5,0,7,0,0,0,0,3,1,6,2,40,7,998,1,13,-1,1,-1
2015051501685,2,2,0,18,0,8,0,0,0,0,1,1,1,1,31,6,115,1,-1,-1,1,-1
2015051501686,1,19,0,18,0,1,0,0,0,0,1,1,1,1,49,8,2143,2,3,-1,1,-1
2015051501686,2,9,0,4,0,1,0,0,0,0,2,1,6,2,48,8,1390,1,13,-1,1,-1
2015051501686,3,9,0,4,0,1,0,0,0,0,0,1,1,1,34,6,1582,2,4,-1,-1,-1
2015051501687,1,9,0,18,0,0,0,0,0,0,0,1,6,3,-1,-1,-1,-1,-1,-1,-1,-1
2015051501687,2,1,0,18,0,0,1,0,0,0,0,1,2,1,20,4,-1,-1,-1,-1,1,-1
2015051501688,1,9,0,18,0,8,0,0,0,0,1,1,6,1,41,7,1794,1,11,-1,1,-1
2015051501688,2,3,0,18,0,8,0,0,7,0,4,1,6,1,23,5,125,1,-1,-1,1,-1
2015051501689,1,19,0,18,0,0,0,0,0,0,4,1,1,1,61,9,2198,2,1,-1,1,-1
2015051501690,1,9,0,6,0,6,0,0,0,0,1,1,6,3,-1,-1,-1,-1,-1,-1,-1,-1
2015051501690,2,9,0,18,0,1,0,0,0,0,4,1,2,1,47,8,1998,2,7,-1,1,-1
2015051501692,1,9,0,1,0,0,0,0,0,0,2,1,6,2,21,5,1598,1,3,-1,1,-1
2015051501693,1,9,0,14,0,0,0,0,0,0,1,1,3,2,42,7,1298,1,12,-1,1,-1
2015051501694,1,19,0,1,0,0,0,0,0,0,2,1,1,1,52,8,2402,2,5,-1,1,-1
2015051501695,1,1,0,18,0,0,0,8,0,0,0,1,6,1,52,8,-1,-1,-1,-1,1,-1
2015051501695,2,9,0,2,0,0,0,0,0,0,4,1,6,1,31,6,1948,1,16,-1,1,-1
2015051501696,1,9,0,9,0,6,0,0,0,0,1,1,2,2,40,7,1349,1,3,-1,1,-1
2015051501696,2,9,0,18,0,8,0,0,0,0,4,1,2,1,27,6,2497,2,10,-1,1,-1
2015051501697,1,9,0,5,0,6,0,0,0,0,1,1,6,2,67,10,1242,1,3,-1,1,-1
2015051501697,2,9,0,18,0,1,0,0,0,0,1,1,6,1,77,11,1598,1,13,-1,1,-1
2015051501698,1,11,0,3,0,1,0,0,0,0,1,1,1,3,-1,-1,-1,-1,-1,-1,-1,-1
2015051501699,1,19,0,18,0,0,0,0,0,0,4,1,6,1,64,9,5193,2,8,-1,1,-1
2015051501700,1,9,0,9,0,1,0,0,0,0,1,1,2,1,22,5,2295,1,16,-1,1,-1
2015051501700,2,9,0,17,0,1,0,0,0,0,3,1,2,2,53,8,1598,1,8,-1,1,-1
2015051501701,1,9,0,9,0,5,0,0,0,0,1,1,6,2,28,6,1598,2,1,-1,1,-1
2015051501701,2,2,0,18,0,6,0,0,0,0,2,1,6,1,54,8,124,1,9,-1,1,-1
2015051501702,1,9,0,1,0,0,0,0,0,0,2,1,6,1,71,10,1896,2,8,-1,1,-1
2015051501703,1,9,0,18,0,1,0,0,0,0,4,1,1,1,37,7,1582,2,3,-1,-1,-1
2015051501703,2,9,0,18,0,8,0,0,0,0,3,1,2,1,49,8,1753,2,8,-1,1,-1
2015051501704,1,19,0,15,0,0,0,0,0,0,4,1,2,1,45,7,2461,2,15,-1,1,-1
2015051501705,1,9,0,18,0,8,0,0,6,11,1,1,6,3,-1,-1,1242,1,1,-1,-1,-1
2015051501705,2,8,0,5,0,8,0,0,0,0,1,1,1,1,24,5,1896,2,9,-1,1,-1
2015051501706,1,9,0,17,0,1,0,0,0,0,3,1,1,2,35,6,1582,2,2,-1,-1,-1
2015051501706,2,9,0,16,0,8,0,0,0,0,1,1,6,2,31,6,998,1,3,-1,1,-1
2015051501707,1,9,0,5,0,4,0,0,0,0,1,1,6,1,36,7,1796,1,10,-1,1,-1
2015051501707,2,9,0,3,0,4,0,0,0,0,2,1,6,2,44,7,973,1,12,-1,1,-1
2015051501708,1,9,0,7,0,3,0,0,0,0,4,1,2,3,-1,-1,-1,-1,-1,-1,-1,-1
2015051501708,2,1,0,18,0,8,0,0,0,0,3,1,2,1,53,8,-1,-1,-1,-1,1,-1
2015051501709,1,9,0,18,0,0,0,0,0,0,4,1,6,2,26,6,1198,1,12,-1,1,-1
2015051501709,2,9,0,13,0,0,0,0,0,0,4,1,6,2,20,4,1229,1,8,-1,1,-1
2015051501710,1,9,0,5,0,0,0,0,0,0,0,1,6,3,-1,-1,-1,-1,-1,-1,-1,-1
2015051501711,1,20,0,14,0,0,0,0,0,0,3,1,1,1,43,7,-1,-1,-1,-1,1,-1
2015051501711,2,19,0,15,0,0,0,4,0,0,3,1,2,1,42,7,-1,-1,-1,-1,1,-1
2015051501711,3,9,0,18,0,0,0,0,0,0,0,1,2,1,43,7,-1,-1,-1,-1,1,-1
2015051501711,4,9,0,2,0,0,0,0,0,0,4,1,6,3,-1,-1,1364,1,9,-1,-1,-1
2015051501711,5,9,0,2,0,0,0,0,0,0,3,1,6,3,-1,-1,1596,1,11,-1,-1,-1
2015051501712,1,9,0,18,0,0,0,0,0,0,4,1,6,1,69,10,1299,1,14,-1,1,-1
2015051501712,2,9,0,14,0,0,0,0,0,0,3,1,6,2,49,8,1997,2,12,-1,1,-1
2015051501712,3,21,0,14,0,0,0,0,0,0,3,1,2,1,47,8,8500,2,21,-1,1,-1
2015051501713,1,9,0,15,0,0,0,0,0,0,4,1,6,1,43,7,-1,-1,-1,-1,1,-1
2015051501713,2,1,0,18,0,0,0,0,0,0,4,1,6,3,-1,-1,-1,-1,-1,-1,-1,-1
2015051501714,1,9,0,9,0,1,0,0,0,0,1,1,6,1,66,10,1560,2,10,-1,1,-1
2015051501714,2,1,0,18,0,1,0,0,0,0,3,1,2,1,37,7,-1,-1,-1,-1,1,-1
2015051501715,1,19,0,11,0,0,1,0,0,0,1,1,2,1,32,6,1870,2,9,-1,1,-1
2015051501715,2,9,0,4,0,0,1,0,0,0,2,1,6,1,28,6,1149,1,2,-1,1,-1
2015051501715,3,9,0,4,0,0,1,0,0,0,2,1,6,2,39,7,1397,1,5,-1,1,-1
2015051501715,4,9,0,4,0,0,1,10,1,4,2,1,6,1,23,5,1686,2,2,-1,1,-1
2015051501715,5,9,0,3,0,0,0,0,0,0,2,1,6,2,45,7,1798,1,1,-1,1,-1
2015051501716,1,1,0,12,0,1,0,0,0,0,3,1,4,1,13,3,-1,-1,-1,-1,1,-1
2015051501716,2,9,0,18,0,1,0,0,0,0,4,1,3,2,45,7,995,1,11,-1,1,-1
2015051501717,1,8,0,5,0,6,0,0,0,0,4,1,1,1,57,9,2664,2,14,-1,1,-1
2015051501717,2,1,0,18,0,1,0,0,0,0,1,1,6,1,42,7,-1,-1,-1,-1,2,-1
2015051501719,1,9,0,18,0,0,0,0,0,0,4,1,6,2,22,5,998,1,14,-1,1,-1
2015051501720,1,3,0,16,0,0,1,0,0,0,1,1,6,1,20,4,125,1,2,-1,1,-1
2015051501720,2,8,0,17,0,0,0,0,0,0,1,1,1,2,41,7,1956,2,4,-1,1,-1
2015051501721,1,8,0,5,0,0,0,0,0,0,0,1,1,1,27,6,1910,2,7,-1,1,-1
2015051501722,1,9,0,18,0,8,0,0,0,0,1,1,6,1,30,6,1968,2,5,-1,1,-1