Accident_Index,Vehicle_Reference,Vehicle_Type,Towing_and_Articulation,Vehicle_Manoeuvre,Vehicle_Location-Restricted_Lane,Junction_Location,Skidding_and_Overturning,Hit_Object_in_Carriageway,Vehicle_Leaving_Carriageway,Hit_Object_off_Carriageway,1st_Point_of_Impact,Was_Vehicle_Left_Hand_Drive?,Journey_Purpose_of_Driver,Sex_of_Driver,Age_of_Driver,Age_Band_of_Driver,Engine_Capacity_(CC),Propulsion_Code,Age_of_Vehicle,Driver_IMD_Decile,Driver_Home_Area_Type,Vehicle_IMD_Decile
2015051502003,2,9,0,3,0,1,0,0,0,0,4,1,6,3,-1,-1,-1,-1,-1,-1,-1,-1
2015051502004,1,9,0,4,0,2,0,0,0,0,2,1,1,1,44,7,2400,2,1,-1,-1,-1
2015051502004,2,9,0,18,0,2,1,0,2,11,1,1,6,1,25,5,2979,1,13,-1,1,-1
2015051502005,1,9,0,17,0,2,0,4,1,2,1,1,6,1,34,6,1995,2,11,-1,1,-1
2015051502005,2,9,0,2,0,1,0,0,0,0,1,1,6,2,60,9,1108,1,5,-1,1,-1
2015051502006,1,9,0,18,0,3,0,0,0,0,4,1,2,1,39,7,1598,1,12,-1,1,-1
2015051502007,1,19,0,18,0,8,0,0,0,0,4,1,6,3,-1,-1,2402,2,14,-1,-1,-1
2015051502007,2,9,0,18,0,8,0,0,0,0,1,1,2,1,29,6,1598,1,8,-1,1,-1
2015051502008,1,1,0,18,0,6,0,0,0,0,1,1,6,1,49,8,-1,-1,-1,-1,1,-1
2015051502008,2,9,0,4,0,1,0,0,0,0,4,1,6,2,30,6,1995,2,9,-1,1,-1
2015051502009,1,19,0,9,0,1,0,0,0,0,1,1,6,1,51,8,1995,2,8,-1,-1,-1
2015051502009,2,9,0,18,0,1,0,0,0,0,4,1,6,1,65,9,1598,1,7,-1,1,-1
2015051502010,1,9,0,1,0,0,0,0,0,0,2,1,6,2,28,6,1364,1,10,-1,1,-1
2015051502011,1,9,0,7,0,6,0,0,0,0,0,1,6,3,-1,-1,-1,-1,-1,-1,-1,-1
2015051502011,2,2,0,18,0,1,1,0,0,0,0,1,6,1,52,8,-1,-1,-1,-1,1,-1
2015051502012,1,9,0,4,0,1,0,0,0,0,1,1,1,1,34,6,1582,2,2,-1,-1,-1
2015051502012,2,9,0,18,0,8,0,0,0,0,4,1,6,1,31,6,1560,2,3,-1,1,-1
2015051502013,1,9,0,18,0,0,0,0,0,0,1,1,6,1,68,10,2979,8,3,-1,1,-1
2015051502014,1,1,0,18,0,6,0,0,0,0,3,1,2,1,34,6,-1,-1,-1,-1,1,-1
2015051502014,2,9,0,18,0,3,0,0,0,0,1,1,1,3,-1,-1,1596,1,11,-1,-1,-1
2015051502016,1,9,0,18,0,8,0,0,0,0,3,1,6,3,-1,-1,-1,-1,-1,-1,-1,-1
2015051502016,2,1,0,18,0,1,0,0,0,0,1,1,6,1,14,3,-1,-1,-1,-1,1,-1
2015051502017,1,8,0,7,0,1,0,0,0,0,1,1,6,3,-1,-1,-1,-1,-1,-1,-1,-1
2015051502017,2,3,0,7,0,5,1,0,0,0,2,1,2,1,18,4,98,1,10,-1,1,-1
2015051502018,1,4,0,18,0,0,0,0,0,0,1,1,6,3,-1,-1,-1,-1,-1,-1,-1,-1
2015051502019,1,19,0,10,0,1,0,0,0,0,4,1,1,1,38,7,1998,2,10,-1,1,-1
2015051502019,2,9,0,16,0,1,1,0,0,0,1,1,6,3,-1,-1,1396,1,13,-1,-1,-1
2015051502020,1,3,0,18,0,0,0,0,0,0,1,1,2,1,53,8,125,1,5,-1,1,-1
2015051502020,2,9,0,18,0,0,0,0,0,0,2,1,6,2,33,6,998,1,7,-1,1,-1
2015051502021,1,19,0,5,0,0,0,0,0,0,4,1,1,1,21,5,1998,2,12,-1,1,-1
2015051502021,2,3,0,16,0,0,0,10,1,0,3,1,6,1,17,4,125,1,1,-1,1,-1
2015051502022,1,9,0,9,0,8,0,0,0,0,4,1,6,2,20,4,2987,2,-1,-1,1,-1
2015051502022,2,9,0,18,0,8,1,0,0,0,1,1,6,1,41,7,1400,1,13,-1,1,-1
2015051502023,1,9,0,18,0,0,0,0,0,0,1,1,6,1,27,6,1910,2,7,-1,1,-1
2015051502023,2,9,0,3,0,0,1,0,0,0,2,1,6,1,60,9,1598,1,7,-1,1,-1
2015051502024,1,19,0,18,0,0,0,0,0,0,1,1,6,3,-1,-1,1968,2,5,-1,-1,-1
2015051502024,2,9,0,18,0,0,0,0,0,0,2,1,6,2,40,7,1598,1,9,-1,1,-1
2015051502025,1,9,0,9,0,1,0,0,0,0,3,1,6,1,29,6,1596,1,5,-1,1,-1
2015051502025,2,3,0,18,0,1,1,0,0,0,1,1,2,1,43,7,124,1,3,-1,1,-1
2015051502026,1,9,0,13,0,0,0,0,7,11,1,1,6,2,22,5,1242,1,7,-1,2,-1
2015051502027,1,9,0,18,0,0,0,0,0,0,1,1,6,1,49,8,1598,2,2,-1,1,-1
2015051502027,2,9,0,18,0,0,0,0,0,0,3,1,2,1,22,5,1197,1,-1,-1,1,-1
2015051502027,3,19,0,2,0,0,0,0,0,0,3,1,6,3,-1,-1,1870,2,10,-1,-1,-1
2015051502028,1,9,0,9,0,5,1,0,1,7,4,1,6,1,18,4,1149,1,14,-1,1,-1
2015051502029,1,9,0,5,0,1,1,10,1,1,1,1,6,2,23,5,1368,1,7,-1,-1,-1
2015051502029,2,9,0,5,0,1,0,0,0,0,0,1,6,3,-1,-1,1242,1,-1,-1,-1,-1
2015051502030,1,9,0,16,0,7,1,0,1,2,3,1,2,1,33,6,1299,1,13,-1,1,-1
2015051502031,1,9,0,6,0,0,0,0,0,0,4,1,6,2,25,5,1149,1,1,-1,1,-1
2015051502031,2,9,0,18,0,0,0,0,0,0,1,1,6,1,22,5,1998,1,11,-1,1,-1
2015051502032,1,2,0,18,0,1,0,0,0,0,3,1,6,1,16,4,49,1,7,-1,1,-1
2015051502032,2,9,0,9,0,1,0,0,0,0,3,1,6,1,47,8,1753,2,7,-1,1,-1
2015051502033,1,9,0,18,0,4,0,0,0,0,1,1,1,1,25,5,1956,2,-1,-1,1,-1
2015051502033,2,1,0,18,0,8,0,0,0,0,1,1,6,1,22,5,-1,-1,-1,-1,1,-1
2015051502034,1,9,0,9,0,1,0,0,1,0,1,1,6,1,59,9,1991,1,12,-1,1,-1
2015051502034,2,9,0,18,0,8,0,0,0,0,1,1,6,1,28,6,1560,2,11,-1,1,-1
2015051502036,1,9,0,18,0,0,0,0,0,0,1,1,6,3,-1,-1,-1,-1,-1,-1,-1,-1
2015051502037,1,9,0,18,0,1,0,0,0,0,2,1,6,1,31,6,996,1,4,-1,1,-1
2015051502037,2,9,0,3,0,1,0,0,0,0,2,1,6,1,46,8,1769,1,11,-1,1,-1
2015051502038,1,8,0,9,0,6,0,0,0,0,0,1,1,1,23,5,1753,2,7,-1,1,-1
2015051502038,2,19,0,18,0,1,0,0,0,0,2,1,6,1,79,11,2402,2,12,-1,1,-1
2015051502038,3,11,0,18,0,1,0,0,0,0,1,1,1,1,57,9,7300,2,12,-1,1,-1
2015051502039,1,19,0,18,0,0,0,0,0,0,1,2,6,1,57,9,1686,2,10,-1,1,-1
2015051502040,1,9,0,17,0,1,0,4,0,0,1,1,6,1,66,10,1149,1,4,-1,1,-1
2015051502040,2,9,0,3,0,1,0,0,0,0,2,1,6,2,47,8,1587,1,9,-1,1,-1
2015051502042,1,9,0,4,0,1,0,0,0,0,0,1,1,1,34,6,2993,2,5,-1,-1,-1
2015051502042,2,9,0,18,0,1,0,0,0,0,4,1,6,1,20,4,1968,2,-1,-1,1,-1
2015051502042,3,9,0,4,0,1,0,0,0,0,3,1,6,1,38,7,1497,1,10,-1,1,-1
2015051502042,4,9,0,4,0,1,0,0,1,10,3,1,6,1,59,9,1986,2,10,-1,1,-1
2015051502042,5,9,0,4,0,1,0,0,0,0,4,1,6,2,24,5,1242,1,2,-1,1,-1
2015051502042,6,9,0,4,0,1,0,0,0,0,3,1,6,2,37,7,1595,1,8,-1,-1,-1
2015051502042,7,9,0,4,0,1,0,0,0,0,3,1,6,2,28,6,1560,2,7,-1,1,-1
2015051502042,8,9,0,4,0,1,0,0,0,0,3,1,6,1,36,7,2143,2,1,-1,1,-1
2015051502042,9,9,0,4,0,1,0,0,0,0,4,1,6,1,45,7,1595,1,15,-1,1,-1
2015051502043,1,9,0,18,0,0,0,0,0,0,3,1,6,1,54,8,1396,1,13,-1,1,-1
2015051502044,1,9,0,9,0,8,0,0,0,0,1,1,6,1,62,9,1796,1,7,-1,1,-1
2015051502044,2,1,0,18,0,8,0,0,0,0,1,1,6,1,60,9,-1,-1,-1,-1,1,-1
2015051502045,1,9,0,18,0,0,0,0,4,0,1,1,6,1,27,6,-1,-1,-1,-1,1,-1
2015051502045,2,9,0,4,0,0,0,4,1,0,2,1,6,1,37,7,1997,2,-1,-1,1,-1
2015051502045,3,9,0,2,0,0,0,0,0,0,2,1,6,3,-1,-1,1149,1,10,-1,-1,-1
2015051502046,1,9,0,9,0,8,0,0,0,0,1,1,6,1,27,6,1598,1,18,-1,1,-1
2015051502046,2,9,0,18,0,1,0,0,0,0,1,1,6,2,36,7,1388,1,10,-1,1,-1
2015051502047,1,9,0,7,0,6,0,0,0,0,1,1,6,2,31,6,2198,1,12,-1,1,-1
2015051502047,2,9,0,3,0,1,0,0,0,0,2,1,6,2,36,7,2143,2,2,-1,1,-1
2015051502048,1,9,0,2,0,0,0,0,0,0,2,1,6,2,28,6,1388,1,10,-1,1,-1
2015051502048,2,9,0,18,0,0,0,0,0,0,1,1,6,2,71,10,1598,1,13,-1,1,-1
2015051502049,1,9,0,18,0,0,1,4,0,0,1,1,6,2,54,8,998,1,17,-1,1,-1
2015051502049,2,9,0,18,0,0,0,0,0,0,1,1,6,1,67,10,1598,1,8,-1,1,-1
2015051502049,3,9,0,2,0,0,0,0,0,0,4,1,6,3,-1,-1,2902,2,11,-1,-1,-1
2015051502050,1,9,0,16,0,0,2,0,1,10,1,1,2,2,19,4,1149,1,11,-1,1,-1
2015051502051,1,9,0,5,0,1,0,0,0,0,2,1,6,1,65,9,998,1,2,-1,1,-1
2015051502051,2,9,0,4,0,1,0,0,0,0,1,1,6,3,-1,-1,-1,-1,-1,-1,-1,-1
2015051502052,1,9,0,2,0,0,0,0,0,0,3,1,6,1,35,6,1461,2,2,-1,1,-1
2015051502052,2,1,0,18,0,0,0,0,0,0,4,1,6,1,50,8,-1,-1,-1,-1,-1,-1
2015051502053,1,98,0,18,0,0,0,0,0,0,1,1,1,1,37,7,12600,2,11,-1,1,-1
2015051502053,2,9,0,18,0,0,0,0,0,0,3,1,6,1,49,8,1461,2,2,-1,1,-1
2015051502054,1,9,0,5,0,0,0,0,0,0,3,1,6,2,68,10,1248,1,1,-1,1,-1
2015051502056,1,9,0,18,0,2,0,0,0,0,1,1,1,1,72,10,2143,2,-1,-1,1,-1
2015051502057,1,9,0,18,0,1,1,0,0,0,1,1,6,1,26,6,1910,2,8,-1,1,-1
2015051502057,2,9,0,3,0,1,0,0,0,0,2,1,6,1,31,6,1598,1,7,-1,1,-1
2015051502057,3,9,0,3,0,1,0,0,0,0,4,1,6,2,49,8,1198,1,12,-1,1,-1
2015051502057,4,9,0,3,0,1,0,0,0,0,2,1,6,1,22,5,1686,2,9,-1,1,-1
2015051502058,1,9,0,18,0,1,1,10,0,0,1,1,2,1,32,6,1242,1,14,-1,1,-1
2015051502058,2,1,0,3,0,1,0,0,0,0,4,1,2,2,31,6,-1,-1,-1,-1,2,-1
2015051502059,1,1,0,18,0,6,0,0,0,0,1,1,6,1,8,2,-1,-1,-1,-1,1,-1
2015051502059,2,9,0,18,0,8,0,0,0,0,2,1,6,1,81,11,1896,2,11,-1,1,-1
2015051502060,1,9,0,5,0,0,0,0,0,0,1,1,6,1,30,6,1560,2,6,-1,1,-1
2015051502060,2,1,0,5,0,0,0,0,0,0,2,1,6,2,6,2,-1,-1,-1,-1,1,-1
2015051502061,1,9,0,1,0,0,0,0,0,0,2,1,6,3,-1,-1,-1,-1,-1,-1,-1,-1
2015051502062,1,19,0,18,0,0,0,0,0,0,1,1,6,3,-1,-1,-1,-1,-1,-1,-1,-1
2015051502062,2,1,0,18,0,0,0,0,0,0,1,1,6,1,22,5,-1,-1,-1,-1,1,-1
2015051502063,1,19,0,1,0,0,0,0,0,0,2,1,6,1,37,7,-1,-1,-1,-1,1,-1
2015051502064,1,98,1,18,0,3,5,10,5,6,4,1,1,1,52,8,12777,2,8,-1,2,-1
2015051502065,1,19,0,18,0,8,0,0,0,0,3,1,1,1,29,6,2198,2,5,-1,1,-1
2015051502066,1,8,0,7,0,3,0,0,0,0,4,1,1,1,65,9,1753,2,7,-1,1,-1
2015051502066,2,1,0,18,0,8,0,0,0,0,2,1,2,2,23,5,-1,-1,-1,-1,1,-1
2015051502067,1,9,0,18,0,8,0,0,0,0,0,1,6,2,51,8,1596,1,4,-1,1,-1
2015051502067,2,9,0,18,0,8,0,0,0,0,1,1,6,2,57,9,1397,1,8,-1,1,-1
2015051502068,1,9,0,4,0,1,0,0,0,0,1,1,6,2,42,7,1200,1,3,-1,2,-1
2015051502069,1,9,0,1,0,0,0,0,0,0,2,1,6,1,52,8,1753,2,13,-1,1,-1
2015051502069,2,9,0,2,0,0,0,0,0,0,2,1,6,2,38,7,1198,1,7,-1,1,-1
2015051502070,1,9,0,1,0,0,0,0,0,0,2,1,6,3,-1,-1,-1,-1,-1,-1,-1,-1
2015051502070,2,9,0,3,0,0,0,0,0,0,1,1,6,2,30,6,1399,2,10,-1,1,-1
2015051502071,1,9,0,18,0,1,0,0,0,0,1,1,6,1,48,8,1968,2,1,-1,1,-1
2015051502071,2,9,0,9,0,5,0,0,0,0,1,1,6,2,31,6,1242,1,11,-1,1,-1
2015051502072,1,1,0,9,0,1,0,0,1,0,4,1,6,1,17,4,-1,-1,-1,-1,1,-1
2015051502072,2,9,0,18,0,2,0,0,0,0,1,1,2,1,30,6,1598,2,3,-1,1,-1
2015051502073,1,9,0,18,0,2,0,0,3,0,3,1,6,2,32,6,1461,2,5,-1,1,-1
2015051502073,2,8,0,18,0,1,0,0,0,0,1,1,1,1,55,8,1995,2,6,-1,1,-1
2015051502074,1,9,0,9,0,5,0,0,0,0,4,1,6,1,22,5,1798,1,-1,-1,1,-1
2015051502074,2,1,0,18,0,8,0,0,0,0,1,1,6,1,70,10,-1,-1,-1,-1,1,-1
2015051502075,1,9,4,5,0,0,0,0,0,0,0,1,6,3,-1,-1,-1,-1,-1,-1,-1,-1
2015051502076,1,9,0,18,0,0,5,0,0,0,1,1,6,1,33,6,1199,1,14,-1,1,-1
2015051502076,2,9,0,2,0,0,0,0,0,0,4,1,6,3,-1,-1,1497,1,11,-1,-1,-1
2015051502077,1,9,0,18,0,1,0,0,0,0,1,1,6,1,58,9,-1,-1,-1,-1,1,-1
2015051502077,2,9,0,18,0,1,0,0,0,0,1,1,6,1,42,7,1753,2,7,-1,1,-1
2015051502078,1,9,0,3,0,0,0,0,0,0,1,1,6,1,45,7,1598,1,6,-1,1,-1
2015051502078,2,9,0,3,0,0,0,0,0,0,2,1,6,2,40,7,1595,1,6,-1,1,-1
2015051502079,1,9,0,4,0,0,0,0,0,0,1,1,6,2,79,11,1796,1,9,-1,1,-1
2015051502080,1,9,0,3,0,0,0,0,0,0,1,1,6,1,48,8,1910,2,8,-1,1,-1
2015051502081,1,9,0,18,0,1,0,0,1,4,1,1,6,2,53,8,1360,1,11,-1,1,-1
2015051502083,1,9,0,18,0,0,0,0,0,0,1,1,6,3,-1,-1,-1,-1,-1,-1,-1,-1
2015051502084,1,9,0,5,0,1,0,0,0,0,1,1,1,1,31,6,2143,2,-1,-1,1,-1
2015051502085,1,9,0,1,0,0,0,0,0,0,3,1,6,2,28,6,898,1,1,-1,1,-1
2015051502085,2,5,0,18,0,0,1,0,0,0,1,1,6,1,51,8,1853,1,14,-1,1,-1
2015051502086,1,9,0,18,0,0,5,4,0,0,3,1,6,1,85,11,2148,2,6,-1,1,-1
2015051502086,2,9,0,2,0,0,0,0,0,0,2,1,6,3,-1,-1,1598,1,9,-1,-1,-1
2015051502087,1,9,0,18,0,1,0,0,0,0,1,1,2,1,24,5,1596,1,11,-1,1,-1
2015051502087,2,5,0,3,0,1,0,0,0,0,2,1,2,1,65,9,599,1,2,-1,1,-1
2015051502088,1,9,0,18,0,4,0,0,7,2,1,1,6,1,26,6,1999,1,8,-1,1,-1
2015051502089,1,1,0,18,0,0,0,0,0,0,1,1,6,1,28,6,-1,-1,-1,-1,1,-1
2015051502089,2,8,0,18,0,0,0,0,0,0,4,1,1,1,29,6,1997,2,7,-1,1,-1
2015051502090,1,9,0,5,0,0,0,0,0,0,1,1,6,1,58,9,2231,2,9,-1,1,-1
2015051502090,2,9,0,14,0,0,0,0,0,0,1,1,6,3,-1,-1,1596,1,7,-1,-1,-1
2015051502093,1,9,0,18,0,1,2,0,1,1,1,1,2,1,27,6,1149,1,11,-1,1,-1
2015051502094,1,9,0,18,0,2,0,0,0,0,1,1,6,3,-1,-1,-1,-1,-1,-1,-1,-1
2015051502094,2,1,0,18,0,2,0,0,0,0,4,1,2,1,38,7,-1,-1,-1,-1,1,-1
2015051502095,1,9,0,9,0,1,0,0,0,0,3,1,6,1,45,7,1896,2,12,-1,1,-1
2015051502095,2,19,0,18,0,1,0,0,0,0,1,1,6,1,38,7,1968,2,11,-1,1,-1
2015051502096,1,9,0,18,0,5,0,0,1,0,1,1,6,3,-1,-1,1796,1,12,-1,-1,-1
2015051502096,2,9,0,3,0,5,0,0,1,0,2,1,6,2,48,8,1598,1,7,-1,1,-1
2015051502097,1,9,0,9,0,6,0,0,0,0,3,1,2,2,25,5,1242,1,11,-1,1,-1
2015051502097,2,1,0,18,0,1,1,0,0,0,1,1,2,1,33,6,-1,-1,-1,-1,1,-1
2015051502098,2,9,0,18,0,0,0,0,0,0,1,1,6,3,-1,-1,-1,-1,-1,-1,-1,-1
2015051502099,1,9,0,3,0,0,0,0,0,0,1,1,2,2,66,10,1149,1,12,-1,2,-1
2015051502099,2,9,0,3,0,0,0,0,0,0,0,1,6,2,40,7,1598,1,13,-1,1,-1
2015051502100,1,19,0,1,0,0,0,4,0,0,2,1,6,3,-1,-1,-1,-1,-1,-1,-1,-1
2015051502100,2,9,0,2,0,0,0,0,0,0,1,1,6,1,41,7,1388,1,15,-1,1,-1
2015051502101,1,9,0,9,0,6,0,0,0,0,1,1,6,2,36,7,1998,8,-1,-1,1,-1
2015051502102,1,9,0,7,0,1,0,0,0,0,1,1,6,1,30,6,1686,2,3,-1,1,-1
2015051502102,2,1,0,7,0,2,0,0,0,0,1,1,2,1,53,8,-1,-1,-1,-1,1,-1
2015051502103,1,9,0,12,0,0,0,0,0,0,3,1,6,1,39,7,1956,2,2,-1,1,-1
2015051502103,2,9,0,18,0,0,0,0,7,2,4,1,6,1,30,6,1956,2,3,-1,1,-1
2015051502104,1,9,0,5,0,1,0,0,6,0,1,1,6,1,52,8,1956,2,3,-1,1,-1
2015051502104,2,9,0,18,0,1,1,11,5,2,1,1,6,2,47,8,1390,1,7,-1,1,-1
2015051502105,1,9,0,9,0,6,1,10,1,6,3,1,6,1,31,6,1870,2,11,-1,1,-1
2015051502105,2,9,0,18,0,8,0,0,4,6,4,1,6,1,62,9,2688,2,12,-1,3,-1
2015051502106,1,9,0,6,0,0,0,0,0,0,3,1,6,2,25,5,998,1,4,-1,1,-1
2015051502106,2,9,0,18,0,0,0,0,0,0,1,1,6,1,24,5,1596,1,15,-1,1,-1
2015051502107,1,5,0,18,0,0,0,0,0,0,1,1,2,1,25,5,599,1,7,-1,1,-1
2015051502108,1,97,0,18,0,1,1,0,0,0,0,1,6,1,42,7,-1,-1,-1,-1,1,-1
2015051502110,1,9,0,4,0,5,1,7,1,9,2,1,2,1,54,8,998,1,2,-1,1,-1
2015051502110,2,21,1,18,0,8,0,0,0,0,1,1,1,1,56,9,11967,2,1,-1,1,-1
2015051502111,1,9,0,5,0,0,0,0,0,0,1,1,6,1,17,4,1242,1,11,-1,3,-1
2015051502111,2,9,0,18,0,0,0,0,0,0,1,1,6,2,23,5,1229,1,-1,-1,1,-1
2015051502112,1,9,0,18,0,0,0,4,0,0,1,1,1,2,37,7,1242,1,9,-1,1,-1
2015051502112,2,9,0,2,0,0,0,0,0,0,2,1,6,3,-1,-1,1560,2,3,-1,-1,-1
2015051502113,1,9,0,1,0,1,0,0,7,0,2,1,6,2,42,7,1108,1,11,-1,1,-1
2015051502114,1,9,0,18,0,0,0,0,0,0,4,1,6,2,67,10,1198,1,2,-1,1,-1
2015051502114,2,2,0,18,0,0,0,0,0,0,3,1,1,1,23,5,124,1,1,-1,1,-1
2015051502115,1,8,0,18,0,0,0,0,0,0,0,1,1,1,49,8,1997,2,6,-1,1,-1
2015051502116,1,11,0,7,0,8,0,0,0,0,0,1,1,1,23,5,6700,2,3,-1,1,-1
2015051502117,1,9,0,18,0,0,0,0,0,0,3,1,6,2,54,8,1360,1,8,-1,1,-1
2015051502118,1,9,0,18,0,0,0,0,0,0,1,1,6,3,-1,-1,2143,2,-1,-1,-1,-1
2015051502119,1,9,0,9,0,8,0,0,0,0,3,1,6,2,49,8,2143,2,1,-1,1,-1
2015051502119,2,9,0,18,0,8,0,0,1,7,4,1,6,2,59,9,1229,1,7,-1,1,-1
2015051502120,1,9,0,18,0,1,0,0,7,2,4,1,6,2,39,7,1794,1,12,-1,1,-1
2015051502120,2,8,0,2,0,2,0,0,0,0,4,1,6,1,26,6,1364,2,-1,-1,1,-1
2015051502121,1,9,0,14,0,1,0,0,0,0,1,1,6,2,24,5,1198,1,7,-1,1,-1
2015051502122,1,9,0,18,0,8,1,0,0,0,1,1,2,1,29,6,1120,2,3,-1,1,-1
2015051502122,2,9,0,18,0,8,1,0,0,0,3,1,2,1,25,5,1461,2,2,-1,1,-1
2015051502123,1,9,0,18,0,1,0,0,0,0,1,1,6,1,67,10,1560,2,5,-1,1,-1
2015051502123,2,4,0,18,0,1,0,0,0,0,1,1,6,1,55,8,-1,-1,-1,-1,1,-1
2015051502123,3,9,0,18,0,1,0,0,0,0,2,1,6,1,46,8,1781,1,13,-1,1,-1
2015051502124,1,9,0,18,0,0,1,10,1,2,4,1,6,1,21,5,1686,2,4,-1,1,-1
2015051502125,1,9,0,17,0,0,1,0,1,11,1,1,6,1,40,7,1753,2,12,-1,1,-1
2015051502126,1,9,0,18,0,6,0,0,0,0,1,1,6,1,31,6,1968,2,-1,-1,1,-1
2015051502126,2,9,0,18,0,8,0,0,0,0,4,1,6,1,72,10,1497,8,-1,-1,1,-1
2015051502127,1,5,0,18,0,8,0,0,0,0,1,1,6,1,57,9,903,1,6,-1,1,-1
2015051502127,2,9,0,10,0,1,0,0,0,0,1,1,6,1,33,6,1686,2,3,-1,1,-1
2015051502128,1,9,0,9,0,5,0,0,0,0,1,1,6,2,24,5,1598,1,7,-1,1,-1
2015051502128,2,9,0,18,0,8,0,0,0,0,1,1,6,2,56,9,1343,1,11,-1,1,-1
2015051502129,1,9,0,18,0,1,0,0,0,0,1,1,6,2,36,7,1799,1,7,-1,1,-1
2015051502129,2,9,0,9,0,8,0,0,0,0,1,1,6,1,22,5,1242,1,2,-1,1,-1
2015051502130,1,19,0,18,0,1,0,0,0,0,0,2,1,2,52,8,1753,2,6,-1,1,-1
2015051502130,2,8,0,9,0,1,0,0,0,0,0,1,1,1,37,7,1560,2,1,-1,1,-1
2015051502131,1,9,0,18,0,0,0,0,0,0,4,1,6,1,49,8,1686,2,13,-1,1,-1
2015051502131,2,1,0,9,0,0,0,0,0,0,3,1,4,1,8,2,-1,-1,-1,-1,1,-1
2015051502132,1,9,0,18,0,0,0,0,0,0,1,1,6,1,23,5,1398,1,4,-1,1,-1
2015051502132,2,9,0,3,0,0,0,0,0,0,2,1,1,1,37,7,1998,2,8,-1,1,-1
2015051502132,3,9,0,3,0,0,0,0,0,0,2,1,6,1,29,6,1968,2,12,-1,1,-1
2015051502133,1,9,0,1,0,0,0,0,0,0,0,1,6,3,-1,-1,-1,-1,-1,-1,-1,-1
2015051502133,2,3,0,18,0,0,0,0,0,0,0,1,6,1,21,5,124,1,2,-1,1,-1
2015051502134,1,9,0,3,0,0,0,0,0,0,1,1,6,1,21,5,1596,1,2,-1,1,-1
2015051502134,2,9,0,3,0,0,0,0,0,0,2,1,6,2,33,6,1197,1,1,-1,1,-1
2015051502135,1,9,0,7,0,8,0,0,0,0,1,1,2,2,39,7,1995,2,-1,-1,1,-1
2015051502135,2,5,0,18,0,8,0,0,0,0,4,1,2,1,42,7,599,1,7,-1,1,-1
2015051502136,1,9,0,18,0,2,0,0,0,0,1,1,6,3,-1,-1,-1,-1,-1,-1,-1,-1
2015051502137,1,9,0,5,0,0,0,0,0,0,1,1,6,2,35,6,1390,1,10,-1,1,-1
2015051502137,2,1,0,18,0,0,0,0,0,0,4,1,6,2,58,9,-1,-1,-1,-1,1,-1
2015051502138,1,9,0,16,0,3,0,0,0,0,3,1,6,1,60,9,4196,1,12,-1,1,-1
2015051502139,1,19,0,1,0,0,0,0,0,0,2,1,1,1,42,7,2998,2,2,-1,1,-1
2015051502139,2,9,0,4,0,0,0,0,0,0,1,1,6,2,60,9,1598,1,3,-1,1,-1
2015051502140,1,9,0,14,0,0,0,0,0,0,0,1,1,1,45,7,1582,2,2,-1,-1,-1
2015051502140,2,5,0,4,0,0,1,10,7,11,1,1,6,1,20,4,599,1,16,-1,1,-1
2015051502140,3,21,0,4,0,0,0,0,0,0,2,1,1,1,57,9,4250,2,4,-1,1,-1
2015051502141,1,9,0,5,0,8,0,0,0,0,1,1,6,2,28,6,1796,1,8,-1,1,-1
2015051502141,2,1,0,18,0,1,0,0,0,0,4,1,6,1,24,5,-1,-1,-1,-1,1,-1
2015051502142,1,19,0,15,0,1,0,0,0,0,1,1,1,1,35,6,2402,2,6,-1,1,-1
2015051502142,2,9,0,18,0,2,0,0,0,0,1,1,2,2,25,5,1461,2,10,-1,1,-1
2015051502143,1,9,0,18,0,0,0,0,0,0,1,1,6,1,42,7,998,1,1,-1,1,-1
2015051502144,1,1,0,18,0,0,0,0,0,0,1,1,6,1,17,4,-1,-1,-1,-1,1,-1
2015051502144,2,9,0,8,0,0,0,0,0,0,1,1,2,1,50,8,1598,2,1,-1,1,-1
2015051502145,1,9,0,18,0,0,0,0,0,0,3,1,6,1,62,9,998,1,6,-1,-1,-1
2015051502146,1,5,0,18,0,1,0,0,1,2,1,1,2,1,54,8,1352,1,4,-1,1,-1
2015051502146,2,9,0,4,0,5,0,0,0,0,0,1,6,2,34,6,2184,2,10,-1,1,-1
2015051502147,1,9,0,9,0,6,0,0,0,0,1,1,6,2,75,10,1242,1,1,-1,1,-1
2015051502147,2,9,0,18,0,1,0,0,0,0,4,1,6,2,70,10,1242,1,11,-1,1,-1
2015051502148,1,1,0,18,0,0,0,0,0,0,2,1,6,1,13,3,-1,-1,-1,-1,3,-1
2015051502148,2,9,0,18,0,0,0,0,0,0,1,1,6,2,48,8,2204,2,9,-1,3,-1
2015051502149,1,1,0,18,0,0,0,0,0,0,1,1,6,2,5,1,-1,-1,-1,-1,1,-1
2015051502149,2,9,0,18,0,0,0,0,0,0,1,1,6,2,43,7,1299,1,10,-1,1,-1
2015051502150,1,9,0,13,0,0,0,0,0,0,4,1,6,3,-1,-1,-1,-1,-1,-1,-1,-1
2015051502150,2,1,0,18,0,0,0,0,0,0,3,1,1,1,20,4,-1,-1,-1,-1,1,-1