Accident_Index,Vehicle_Reference,Vehicle_Type,Towing_and_Articulation,Vehicle_Manoeuvre,Vehicle_Location-Restricted_Lane,Junction_Location,Skidding_and_Overturning,Hit_Object_in_Carriageway,Vehicle_Leaving_Carriageway,Hit_Object_off_Carriageway,1st_Point_of_Impact,Was_Vehicle_Left_Hand_Drive?,Journey_Purpose_of_Driver,Sex_of_Driver,Age_of_Driver,Age_Band_of_Driver,Engine_Capacity_(CC),Propulsion_Code,Age_of_Vehicle,Driver_IMD_Decile,Driver_Home_Area_Type,Vehicle_IMD_Decile
2015051502151,1,9,0,3,0,1,0,0,0,0,4,1,6,1,20,4,1248,2,12,-1,1,-1
2015051502151,2,19,0,2,0,2,0,0,0,0,4,1,6,3,-1,-1,2402,2,10,-1,-1,-1
2015051502153,1,9,0,9,0,1,0,0,0,0,1,1,2,2,37,7,1296,1,8,-1,1,-1
2015051502153,2,9,0,18,0,1,0,0,0,0,4,1,2,2,25,5,1242,1,9,-1,1,-1
2015051502154,1,9,0,12,0,8,0,0,0,0,3,1,6,2,30,6,1598,1,2,-1,1,-1
2015051502154,2,5,0,18,0,8,0,0,0,0,4,1,2,1,23,5,645,1,1,-1,1,-1
2015051502156,1,9,0,15,0,0,0,0,0,0,1,1,6,2,85,11,1242,1,2,-1,1,-1
2015051502156,2,9,0,2,0,0,0,0,0,0,3,1,6,3,-1,-1,1149,1,11,-1,-1,-1
2015051502157,1,9,0,18,0,8,0,0,1,0,4,1,6,1,76,11,1398,1,10,-1,1,-1
2015051502157,2,9,0,9,0,8,0,0,0,0,1,1,2,2,53,8,1798,1,12,-1,1,-1
2015051502158,1,9,0,18,0,8,0,0,0,0,4,1,6,2,84,11,1388,1,3,-1,1,-1
2015051502158,2,9,0,18,0,8,0,0,0,0,1,1,6,1,18,4,1061,1,11,-1,1,-1
2015051502158,3,9,0,10,0,1,0,0,0,0,1,1,6,1,53,8,1896,2,12,-1,1,-1
2015051502159,1,9,0,2,0,0,0,0,0,0,0,1,6,3,-1,-1,-1,-1,-1,-1,-1,-1
2015051502159,2,1,0,14,0,0,0,0,0,0,1,1,1,1,29,6,-1,-1,-1,-1,-1,-1
2015051502160,1,9,0,18,0,1,0,0,0,0,1,1,6,2,23,5,1229,1,5,-1,1,-1
2015051502161,1,9,0,15,0,0,0,0,0,0,1,1,6,3,-1,-1,1749,1,12,-1,-1,-1
2015051502161,2,9,0,3,0,0,0,0,0,0,2,1,6,1,35,6,1149,1,12,-1,1,-1
2015051502162,1,9,0,7,0,8,0,0,0,0,4,1,2,1,23,5,1364,1,10,-1,1,-1
2015051502162,2,1,0,18,0,8,0,0,0,0,3,1,2,1,31,6,-1,-1,-1,-1,1,-1
2015051502163,1,9,0,18,0,0,0,0,7,4,1,1,6,1,21,5,1242,1,8,-1,1,-1
2015051502164,1,9,0,18,0,1,0,0,0,0,1,1,2,1,43,7,1995,2,15,-1,1,-1
2015051502164,2,9,0,18,0,1,0,0,0,0,1,1,2,1,41,7,1388,1,12,-1,1,-1
2015051502165,1,9,0,18,0,0,0,0,7,2,1,2,2,1,18,4,1389,1,11,-1,1,-1
2015051502166,1,9,0,18,0,0,0,0,0,0,1,1,6,3,-1,-1,-1,-1,-1,-1,-1,-1
2015051502167,1,9,0,9,0,1,0,0,0,0,1,1,2,1,64,9,2179,2,2,-1,1,-1
2015051502167,2,9,0,18,0,1,0,0,0,0,4,1,6,2,39,7,1910,2,8,-1,1,-1
2015051502168,1,9,0,18,0,0,0,0,0,0,3,1,6,1,49,8,1598,1,11,-1,2,-1
2015051502169,1,9,0,9,0,2,0,0,0,0,3,1,6,2,20,4,1560,2,1,-1,1,-1
2015051502169,2,9,0,18,0,1,0,0,0,0,1,1,2,1,25,5,2171,2,13,-1,1,-1
2015051502170,1,9,0,5,0,2,0,0,0,0,1,1,6,1,60,9,1363,2,11,-1,1,-1
2015051502170,2,3,0,18,0,8,0,0,0,0,4,1,6,1,80,11,192,1,-1,-1,1,-1
2015051502171,1,5,0,13,0,1,0,0,7,11,4,1,6,1,55,8,599,1,10,-1,1,-1
2015051502171,2,10,0,9,0,1,0,0,0,0,3,1,1,1,64,9,-1,-1,-1,-1,-1,-1
2015051502172,1,9,0,18,0,2,5,0,1,0,3,1,2,2,48,8,1229,1,5,-1,1,-1
2015051502172,2,9,0,5,0,2,0,0,0,0,2,1,6,1,29,6,2143,2,-1,-1,1,-1
2015051502173,1,9,0,16,0,0,1,0,1,5,1,1,1,1,37,7,1560,2,8,-1,1,-1
2015051502173,2,9,0,2,0,0,0,0,0,0,1,1,6,3,-1,-1,1242,1,7,-1,-1,-1
2015051502174,1,5,0,18,0,0,0,0,1,11,1,1,6,1,18,4,955,1,16,-1,1,-1
2015051502174,2,9,0,2,0,0,0,0,0,0,4,1,6,3,-1,-1,1596,1,4,-1,-1,-1
2015051502174,3,9,0,2,0,0,0,0,0,0,3,1,6,3,-1,-1,1242,1,-1,-1,-1,-1
2015051502175,1,9,0,18,0,0,1,0,0,0,1,1,6,1,27,6,1968,2,7,-1,1,-1
2015051502175,2,9,0,18,0,0,0,0,0,0,1,1,6,2,18,4,1461,2,9,-1,1,-1
2015051502176,1,9,0,5,0,0,0,0,0,0,1,1,6,1,49,8,1560,2,4,-1,1,-1
2015051502178,1,9,0,1,0,0,0,0,0,0,0,1,6,2,47,8,1560,2,4,-1,1,-1
2015051502179,1,5,0,18,0,0,0,0,0,0,1,1,6,3,-1,-1,-1,-1,-1,-1,-1,-1
2015051502179,2,1,0,18,0,0,0,0,0,0,1,1,6,1,20,4,-1,-1,-1,-1,1,-1
2015051502180,1,9,0,18,0,0,0,0,0,0,1,1,6,1,33,6,998,1,-1,-1,1,-1
2015051502181,1,9,0,18,0,0,5,4,0,0,1,1,6,2,28,6,1995,2,11,-1,1,-1
2015051502181,2,9,0,2,0,0,0,0,0,0,2,1,6,3,-1,-1,1560,2,9,-1,-1,-1
2015051502181,3,9,0,2,0,0,0,0,0,0,2,1,6,3,-1,-1,1794,1,10,-1,-1,-1
2015051502182,1,1,0,18,0,0,0,0,0,0,1,1,2,2,36,7,-1,-1,-1,-1,1,-1
2015051502182,2,9,0,4,0,0,0,0,0,0,3,1,1,1,26,6,1998,2,8,-1,1,-1
2015051502183,1,11,0,4,0,1,0,0,0,0,0,1,1,1,57,9,5883,2,13,-1,1,-1
2015051502185,1,3,0,18,0,1,0,0,0,0,4,1,2,1,28,6,124,1,5,-1,1,-1
2015051502185,2,9,0,5,0,1,0,0,0,0,1,1,6,1,62,9,1560,2,2,-1,1,-1
2015051502187,1,3,0,18,0,8,0,0,1,0,1,1,6,1,17,4,124,1,1,-1,1,-1
2015051502187,2,8,0,18,0,8,0,0,0,0,4,1,1,1,24,5,1896,2,8,-1,1,-1
2015051502188,1,19,0,4,0,0,0,0,0,0,1,1,1,1,28,6,2987,2,4,-1,-1,-1
2015051502188,2,4,0,6,0,0,0,0,0,0,1,1,6,1,25,5,-1,-1,-1,-1,1,-1
2015051502189,1,9,0,5,0,0,0,0,0,0,4,1,6,3,-1,-1,1995,1,7,-1,-1,-1
2015051502190,1,9,0,5,0,6,0,0,0,0,1,1,2,2,22,5,1229,1,3,-1,1,-1
2015051502190,2,3,0,18,0,8,0,0,0,0,1,1,6,1,45,7,124,1,-1,-1,1,-1
2015051502191,1,11,0,4,0,0,0,0,0,0,0,1,1,1,49,8,6700,2,5,-1,1,-1
2015051502193,1,20,1,18,0,0,0,0,0,0,0,1,6,3,-1,-1,-1,-1,-1,-1,-1,-1
2015051502193,2,9,0,18,0,0,0,0,1,7,4,1,6,2,56,9,1910,2,9,-1,1,-1
2015051502197,1,19,0,18,0,0,0,0,0,0,1,1,1,1,28,6,2148,2,8,-1,1,-1
2015051502197,2,9,0,3,0,0,0,0,0,0,2,1,6,1,69,10,1461,2,-1,-1,1,-1
2015051502197,3,9,0,3,0,0,0,0,0,0,2,1,6,1,48,8,1560,2,6,-1,1,-1
2015051502198,1,5,0,18,0,0,0,0,0,0,0,1,6,1,52,8,649,1,5,-1,1,-1
2015051502199,1,9,0,18,0,0,0,0,0,0,4,1,6,3,-1,-1,-1,-1,-1,-1,-1,-1
2015051502200,1,9,0,18,0,0,0,0,0,0,1,1,6,2,30,6,1599,1,10,-1,1,-1
2015051502200,2,9,0,18,0,0,0,0,1,0,3,1,6,1,54,8,1364,1,9,-1,1,-1
2015051502201,1,9,0,16,0,3,0,0,0,0,1,1,6,1,51,8,-1,-1,-1,-1,1,-1
2015051502202,1,9,0,18,0,0,0,0,0,0,2,1,6,1,35,6,1769,1,10,-1,1,-1
2015051502202,2,9,0,18,0,0,0,0,0,0,1,1,6,3,-1,-1,1242,1,10,-1,-1,-1
2015051502203,1,9,0,18,0,6,1,0,1,4,3,1,2,2,54,8,1896,2,12,-1,1,-1
2015051502204,1,9,0,18,0,0,0,0,7,11,4,1,6,1,52,8,1796,1,6,-1,1,-1
2015051502204,2,9,0,2,0,0,0,0,0,0,3,1,6,3,-1,-1,1398,1,5,-1,-1,-1
2015051502204,3,9,0,2,0,0,0,0,0,0,3,1,6,3,-1,-1,1910,2,10,-1,-1,-1
2015051502206,1,9,0,10,0,1,0,0,0,0,4,1,6,1,39,7,1498,1,8,-1,1,-1
2015051502206,2,9,0,18,0,1,0,0,0,0,4,1,2,1,68,10,998,1,10,-1,1,-1
2015051502207,1,1,0,18,0,0,0,0,0,0,3,1,6,1,38,7,-1,-1,-1,-1,1,-1
2015051502207,2,9,0,5,0,0,0,0,0,0,1,1,2,2,49,8,1197,1,3,-1,1,-1
2015051502208,1,19,0,18,0,0,0,0,0,0,1,1,6,3,-1,-1,2402,2,13,-1,-1,-1
2015051502208,2,9,0,18,0,0,0,0,0,0,2,1,6,1,58,9,1499,2,-1,-1,1,-1
2015051502209,1,1,0,18,0,1,0,0,0,0,1,1,6,1,52,8,-1,-1,-1,-1,1,-1
2015051502209,2,9,0,18,0,1,0,0,0,0,4,1,6,1,46,8,1596,1,13,-1,1,-1
2015051502210,1,9,0,1,0,6,0,0,0,0,2,1,6,1,29,6,1956,2,-1,-1,1,-1
2015051502212,1,4,0,7,0,4,0,0,0,0,1,1,6,1,28,6,-1,-1,-1,-1,1,-1
2015051502212,2,4,0,7,0,4,0,0,0,0,1,1,6,1,22,5,-1,-1,-1,-1,1,-1
2015051502212,3,9,0,9,0,4,0,0,0,0,1,1,2,1,41,7,-1,-1,-1,-1,-1,-1
2015051502213,1,9,0,18,0,0,0,0,0,0,1,1,6,1,42,7,1587,1,13,-1,1,-1
2015051502213,2,9,0,18,0,0,0,0,0,0,2,1,6,1,72,10,1329,1,-1,-1,1,-1
2015051502214,1,9,0,9,0,6,0,0,0,0,1,1,6,1,67,10,1685,2,-1,-1,1,-1
2015051502214,2,9,0,18,0,8,0,0,0,0,4,1,6,2,38,7,1150,1,7,-1,1,-1
2015051502215,1,9,0,18,0,0,0,0,0,0,1,1,1,2,50,8,1398,2,13,-1,1,-1
2015051502215,2,9,0,2,0,0,0,0,0,0,3,1,6,1,57,9,1956,2,6,-1,1,-1
2015051502216,1,9,0,9,0,8,0,0,0,0,4,1,2,1,57,9,1397,1,6,-1,1,-1
2015051502216,2,3,0,18,0,8,0,0,0,0,1,1,2,2,44,7,125,1,1,-1,1,-1
2015051502217,1,9,0,18,0,8,0,0,0,0,3,1,1,1,42,7,1995,2,3,-1,1,-1
2015051502217,2,1,0,18,0,8,0,0,0,0,4,1,6,1,56,9,-1,-1,-1,-1,1,-1
2015051502218,1,9,0,18,0,0,0,0,0,0,1,1,2,2,53,8,1242,1,8,-1,2,-1
2015051502219,1,9,0,18,0,0,0,0,0,0,1,1,6,3,-1,-1,1560,2,9,-1,-1,-1
2015051502219,2,1,0,18,0,0,0,0,0,0,1,1,6,1,38,7,-1,-1,-1,-1,1,-1
2015051502220,1,19,0,1,0,0,0,0,0,0,2,1,1,1,22,5,1968,2,2,-1,1,-1
2015051502221,1,9,0,16,0,1,0,0,0,0,1,1,6,1,20,4,1968,2,7,-1,1,-1
2015051502222,1,9,0,4,0,0,0,0,0,0,4,1,2,2,30,6,1896,2,11,-1,1,-1
2015051502223,1,9,0,18,0,0,0,0,0,0,1,1,6,1,30,6,1596,1,10,-1,1,-1
2015051502223,2,9,0,18,0,0,0,0,0,0,1,1,6,2,44,7,1398,1,5,-1,1,-1
2015051502223,3,9,0,10,0,0,0,0,0,0,2,1,6,1,28,6,1994,1,8,-1,1,-1
2015051502223,4,9,0,10,0,0,0,0,0,0,2,1,6,1,32,6,1242,1,9,-1,1,-1
2015051502224,1,19,0,1,0,1,0,0,0,0,2,1,6,1,51,8,1998,2,12,-1,1,-1
2015051502224,2,8,0,3,0,1,0,0,0,0,1,1,1,1,62,9,-1,-1,-1,-1,1,-1
2015051502225,1,9,0,17,0,0,0,0,0,0,1,1,2,1,35,6,1988,1,11,-1,1,-1
2015051502226,1,9,0,4,0,3,0,0,0,0,1,1,3,2,24,5,1390,1,11,-1,1,-1
2015051502226,2,9,0,3,0,3,0,0,0,0,2,1,3,1,48,8,1598,1,16,-1,1,-1
2015051502227,1,9,0,18,0,0,0,0,0,0,4,1,6,1,40,7,2099,2,8,-1,1,-1
2015051502227,2,1,0,18,0,0,0,0,0,0,1,1,6,1,15,3,-1,-1,-1,-1,1,-1
2015051502228,1,9,0,18,0,1,0,0,0,0,1,1,6,2,35,6,1753,2,7,-1,-1,-1
2015051502228,2,8,0,3,0,1,0,0,0,0,2,1,6,1,35,6,2499,2,8,-1,1,-1
2015051502228,3,9,0,4,0,1,0,0,0,0,2,1,2,2,61,9,1956,2,1,-1,1,-1
2015051502229,1,8,0,18,0,3,0,0,0,0,3,1,1,1,60,9,1753,2,8,-1,1,-1
2015051502229,2,3,0,18,0,3,0,0,0,0,4,1,2,1,51,8,124,1,2,-1,1,-1
2015051502230,1,9,0,18,0,8,0,0,0,0,1,1,6,2,65,9,1299,1,11,-1,1,-1
2015051502230,2,9,0,18,0,8,0,0,0,0,3,1,6,2,44,7,1596,1,6,-1,1,-1
2015051502232,1,9,0,9,0,8,0,0,0,0,1,1,6,2,50,8,1388,1,13,-1,1,-1
2015051502232,2,9,0,18,0,8,0,0,0,0,3,1,6,1,43,7,1995,2,11,-1,1,-1
2015051502234,1,1,0,18,0,8,0,0,0,0,1,1,6,1,12,3,-1,-1,-1,-1,1,-1
2015051502234,2,9,0,18,0,1,0,0,0,0,3,1,2,1,40,7,1598,2,2,-1,1,-1
2015051502235,2,9,0,18,0,1,0,0,0,0,1,1,6,1,24,5,998,1,-1,-1,1,-1
2015051502236,1,8,0,18,0,0,0,0,0,0,1,1,6,1,31,6,1997,2,7,-1,1,-1
2015051502236,2,9,0,3,0,0,0,0,0,0,2,1,6,2,43,7,1461,2,10,-1,1,-1
2015051502236,3,9,0,3,0,0,0,0,0,0,2,1,6,1,45,7,1560,2,-1,-1,1,-1
2015051502237,1,9,0,10,0,1,0,0,0,0,3,1,6,1,22,5,1582,2,-1,-1,1,-1
2015051502237,2,3,0,18,0,1,1,0,0,0,1,1,2,1,57,9,124,1,7,-1,1,-1
2015051502238,1,9,0,18,0,1,0,0,0,0,1,1,2,1,28,6,-1,-1,-1,-1,1,-1
2015051502239,1,9,0,9,0,8,0,0,0,0,3,1,6,1,67,10,1591,1,2,-1,1,-1
2015051502239,2,1,0,18,0,8,0,0,0,0,0,1,1,1,55,8,-1,-1,-1,-1,1,-1
2015051502240,1,8,0,18,0,0,0,0,0,0,3,1,1,1,41,7,1753,2,9,-1,1,-1
2015051502241,1,9,0,18,0,0,0,0,0,0,0,1,6,1,46,8,1386,1,9,-1,1,-1
2015051502242,1,9,0,18,0,0,0,0,0,0,4,1,2,2,78,11,1596,1,11,-1,1,-1
2015051502243,1,19,0,18,0,1,0,0,0,0,1,1,6,1,56,9,1870,2,8,-1,1,-1
2015051502243,2,9,0,18,0,1,0,0,0,0,3,1,6,2,21,5,1242,1,-1,-1,1,-1
2015051502244,1,9,0,1,0,1,0,0,0,0,2,1,6,2,40,7,1395,1,-1,-1,1,-1
2015051502244,2,9,0,4,0,1,0,0,0,0,1,1,3,2,45,7,1339,1,3,-1,1,-1
2015051502245,2,1,0,18,0,1,0,0,0,0,2,1,2,1,58,9,-1,-1,-1,-1,1,-1
2015051502248,1,9,0,5,0,2,0,0,0,0,4,1,3,1,71,10,1461,2,-1,-1,1,-1
2015051502249,1,9,0,18,0,0,0,0,0,0,4,1,6,1,46,8,1686,2,2,-1,1,-1
2015051502250,1,9,0,18,0,0,0,0,0,0,4,1,6,3,-1,-1,2987,2,4,-1,-1,-1
2015051502251,1,8,0,9,0,8,0,0,0,0,3,1,1,1,41,7,1910,2,7,-1,1,-1
2015051502252,1,9,0,18,0,0,0,0,0,0,0,1,1,1,30,6,-1,-1,-1,-1,1,-1
2015051502252,2,9,0,18,0,0,0,0,0,0,4,1,6,1,36,7,-1,-1,-1,-1,1,-1
2015051502252,3,11,0,18,0,0,0,0,0,0,3,1,1,1,58,9,6700,2,6,-1,1,-1
2015051502252,4,19,0,18,0,0,0,0,0,0,3,1,1,1,55,8,1870,2,12,-1,1,-1
2015051502253,1,5,0,18,0,8,0,0,0,0,1,1,1,1,43,7,1170,1,4,-1,-1,-1
2015051502253,2,9,0,18,0,8,0,0,0,0,4,1,6,2,42,7,2685,2,12,-1,1,-1
2015051502253,3,9,0,18,0,8,0,0,0,0,1,1,6,1,32,6,2993,2,5,-1,1,-1
2015051502254,1,9,0,16,0,0,1,0,0,0,1,1,6,3,-1,-1,1686,2,3,-1,-1,-1
2015051502254,2,9,0,3,0,0,0,0,0,0,1,1,6,2,30,6,1910,2,9,-1,1,-1
2015051502254,3,9,0,3,0,0,0,0,0,0,2,1,6,2,78,11,999,1,15,-1,1,-1
2015051502254,4,9,0,17,0,0,0,0,0,0,4,1,6,2,35,6,1560,2,2,-1,1,-1
2015051502255,1,9,0,1,0,0,0,0,0,0,2,1,6,3,-1,-1,2979,1,-1,-1,-1,-1
2015051502255,2,9,0,2,0,0,0,0,0,0,1,1,6,3,-1,-1,1599,1,11,-1,-1,-1
2015051502256,1,9,0,18,0,1,0,0,0,0,0,1,1,2,38,7,1582,2,2,-1,-1,-1
2015051502256,2,19,0,7,0,8,0,0,0,0,1,1,6,1,29,6,1753,2,11,-1,1,-1
2015051502256,3,9,0,7,0,8,1,0,0,0,2,1,6,1,36,7,1896,2,6,-1,2,-1
2015051502257,1,9,0,18,0,8,0,0,3,0,1,1,6,2,51,8,1753,2,12,-1,2,-1
2015051502257,2,9,0,18,0,8,0,0,7,11,4,1,6,1,42,7,1598,1,7,-1,1,-1
2015051502258,1,9,0,16,0,0,0,0,0,0,3,1,6,1,68,10,1796,1,13,-1,1,-1
2015051502258,2,9,0,17,0,0,0,0,0,0,3,1,6,1,61,9,1997,2,5,-1,1,-1
2015051502258,3,9,0,18,0,0,0,0,0,0,1,1,6,1,20,4,1896,2,14,-1,1,-1
2015051502258,4,9,0,2,0,0,0,0,0,0,3,1,6,3,-1,-1,1242,1,1,-1,-1,-1
2015051502259,1,8,0,9,0,5,0,0,0,0,3,1,1,1,42,7,1956,2,4,-1,1,-1
2015051502259,2,8,0,18,0,1,0,0,0,0,1,1,1,1,29,6,1910,2,8,-1,1,-1
2015051502260,1,9,0,18,0,0,0,0,0,0,3,1,6,1,31,6,1796,1,11,-1,1,-1
2015051502261,1,9,0,14,0,0,0,0,0,0,1,1,6,2,40,7,998,1,3,-1,1,-1
2015051502262,1,9,0,18,0,1,0,0,0,0,1,1,6,2,40,7,1956,2,1,-1,1,-1
2015051502262,2,9,0,3,0,1,0,0,0,0,2,1,6,2,19,4,1560,2,4,-1,1,-1
2015051502263,1,98,1,6,0,1,0,0,0,0,0,1,6,3,-1,-1,-1,-1,-1,-1,-1,-1
2015051502263,2,5,0,18,0,1,1,0,0,0,3,1,2,1,26,6,883,1,7,-1,1,-1
2015051502264,1,19,0,9,0,8,0,0,0,0,1,1,1,1,64,9,1870,2,9,-1,1,-1
2015051502264,2,9,0,18,0,8,0,0,0,0,1,1,6,2,56,9,1599,1,10,-1,1,-1
2015051502265,1,9,0,18,0,0,1,0,0,0,1,1,6,1,36,7,1461,2,2,-1,1,-1
2015051502265,2,9,0,3,0,0,0,0,0,0,2,1,6,1,32,6,1753,2,11,-1,1,-1
2015051502265,3,9,0,3,0,0,0,0,0,0,2,1,6,2,36,7,1200,1,1,-1,1,-1
2015051502266,1,9,0,9,0,8,0,0,0,0,1,1,6,1,68,10,1299,1,14,-1,1,-1
2015051502266,2,9,0,17,0,8,0,0,0,0,3,1,6,2,56,9,998,1,3,-1,1,-1
2015051502267,1,9,0,18,0,2,0,0,0,0,1,1,1,1,46,8,-1,-1,-1,-1,-1,-1
2015051502267,2,9,0,6,0,6,1,0,0,0,2,1,1,2,48,8,1598,1,3,-1,1,-1
2015051502268,1,9,0,5,0,0,0,0,0,0,0,1,6,3,-1,-1,-1,-1,-1,-1,-1,-1
2015051502268,2,9,0,18,0,0,1,0,0,0,1,1,6,1,24,5,1598,1,15,-1,1,-1
2015051502268,3,9,0,18,0,0,0,0,0,0,2,1,6,1,24,5,998,1,4,-1,1,-1
2015051502269,1,9,0,18,0,0,0,0,0,0,4,1,2,2,21,5,1461,2,1,-1,1,-1
2015051502270,1,8,0,18,0,2,0,0,0,0,1,1,3,1,44,7,1686,2,9,-1,1,-1
2015051502270,2,9,0,5,0,2,0,0,0,0,3,1,6,2,32,6,1388,1,11,-1,1,-1
2015051502272,1,9,0,18,0,8,0,0,0,0,3,1,6,1,27,6,1242,1,8,-1,1,-1
2015051502273,1,9,0,1,0,0,0,0,0,0,2,1,6,3,-1,-1,-1,-1,-1,-1,-1,-1
2015051502274,1,9,0,18,0,0,0,0,0,0,1,1,6,3,-1,-1,-1,-1,-1,-1,-1,-1
2015051502275,1,9,0,2,0,0,0,0,0,0,3,1,6,1,40,7,998,1,9,-1,1,-1
2015051502275,2,9,0,18,0,0,0,0,0,0,4,1,2,2,31,6,1198,1,2,-1,1,-1
2015051502276,1,9,0,18,0,8,0,0,0,0,4,1,1,2,53,8,1686,2,5,-1,1,-1
2015051502276,2,1,0,18,0,8,0,0,0,0,1,1,2,1,61,9,-1,-1,-1,-1,1,-1
2015051502277,1,9,0,5,0,0,0,0,0,0,3,1,6,2,21,5,999,1,-1,-1,1,-1
2015051502277,2,1,0,18,0,0,0,0,0,0,1,1,6,2,42,7,-1,-1,-1,-1,1,-1
2015051502278,1,9,0,9,0,8,0,0,0,0,1,1,6,1,51,8,1349,1,4,-1,1,-1
2015051502278,2,9,0,18,0,8,0,0,0,0,1,1,6,1,28,6,1968,2,-1,-1,1,-1
2015051502280,1,8,0,18,0,1,0,0,0,0,1,1,1,1,67,10,1997,2,7,-1,1,-1
2015051502281,1,9,0,16,0,0,0,0,0,0,1,1,2,1,47,8,1995,2,2,-1,1,-1
2015051502281,2,9,0,17,0,0,0,0,0,0,1,1,2,2,50,8,1242,1,1,-1,1,-1
2015051502282,1,9,0,18,0,6,0,0,0,0,1,1,6,1,-1,-1,1242,1,12,-1,-1,-1
2015051502282,2,9,0,8,0,6,0,0,0,0,2,1,6,1,59,9,1461,2,1,-1,1,-1
2015051502283,1,9,0,18,0,0,0,0,0,0,4,1,6,1,27,6,1149,1,10,-1,1,-1
2015051502284,1,9,0,3,0,5,0,0,0,0,1,1,1,2,38,7,1499,2,2,-1,1,-1
2015051502284,2,9,0,3,0,5,0,0,0,0,2,1,1,1,25,5,1422,2,-1,-1,1,-1
2015051502284,3,9,0,3,0,5,0,0,1,0,2,1,6,3,-1,-1,1299,1,11,-1,-1,-1
2015051502284,4,9,0,3,0,5,0,0,0,0,2,1,6,2,24,5,998,1,8,-1,3,-1
2015051502285,1,9,0,18,0,1,0,0,0,0,1,1,6,1,45,7,1794,1,12,-1,1,-1
2015051502285,2,9,0,9,0,1,0,0,0,0,2,1,6,1,29,6,1995,2,3,-1,-1,-1
2015051502286,1,9,0,9,0,5,0,0,0,0,1,1,6,1,46,8,-1,-1,-1,-1,1,-1
2015051502286,2,1,0,18,0,8,0,0,0,0,1,1,2,1,30,6,-1,-1,-1,-1,1,-1
2015051502286,3,9,0,10,0,1,0,0,0,0,3,1,2,1,27,6,1595,1,14,-1,1,-1
2015051502287,1,9,0,9,0,8,0,0,0,0,1,1,2,2,34,6,1595,1,8,-1,1,-1
2015051502287,2,1,0,18,0,8,0,0,0,0,1,1,2,2,24,5,-1,-1,-1,-1,1,-1
2015051502288,1,9,0,9,0,1,0,0,0,0,1,1,6,2,42,7,1149,1,11,-1,1,-1
2015051502288,2,9,0,18,0,1,0,0,0,0,4,1,6,1,35,6,1248,2,7,-1,1,-1
2015051502289,1,9,0,4,0,0,1,0,0,0,1,1,2,2,48,8,1248,2,4,-1,1,-1
2015051502289,2,9,0,4,0,0,0,0,0,0,2,1,2,2,50,8,1364,1,6,-1,1,-1
2015051502290,1,9,0,7,0,5,0,0,0,0,4,1,6,1,56,9,2179,2,2,-1,1,-1
2015051502290,2,5,0,18,0,1,0,0,0,0,3,1,2,1,47,8,600,1,20,-1,1,-1
2015051502290,3,19,0,8,0,1,0,0,0,0,1,1,1,1,47,8,2402,2,13,-1,1,-1
2015051502291,1,9,0,18,0,1,0,0,0,0,1,1,6,1,51,8,1399,2,10,-1,1,-1
2015051502291,2,9,0,9,0,1,0,0,0,0,2,1,6,1,42,7,1968,2,5,-1,1,-1
2015051502292,1,20,1,18,0,0,0,0,0,0,1,1,1,1,50,8,-1,-1,-1,-1,1,-1
2015051502292,2,9,0,18,0,0,0,0,0,0,0,1,6,2,25,5,1329,1,2,-1,1,-1
2015051502293,1,9,0,18,0,0,0,0,0,0,1,1,2,2,33,6,1596,1,12,-1,1,-1
2015051502293,2,1,0,18,0,0,0,0,0,0,4,1,4,1,14,3,-1,-1,-1,-1,1,-1
2015051502294,1,9,0,18,0,0,0,0,0,0,0,1,6,3,-1,-1,-1,-1,-1,-1,-1,-1
2015051502294,2,1,0,18,0,0,0,0,0,0,0,1,6,1,17,4,-1,-1,-1,-1,1,-1
2015051502295,1,9,0,18,0,6,0,0,0,0,1,1,6,1,64,9,1997,2,14,-1,1,-1
2015051502295,2,9,0,18,0,2,0,0,0,0,4,1,6,1,63,9,796,1,16,-1,3,-1
2015051502295,3,9,0,18,0,2,0,0,0,0,3,1,6,1,26,6,-1,-1,-1,-1,1,-1
2015051502296,1,9,0,18,0,1,0,0,0,0,2,1,6,1,54,8,1896,2,12,-1,1,-1
2015051502296,2,8,0,5,0,1,0,0,0,0,1,1,1,1,37,7,1995,2,10,-1,-1,-1
2015051502297,1,3,0,14,0,8,0,0,0,0,1,1,6,1,26,6,125,1,2,-1,1,-1
2015051502297,2,9,0,10,0,5,0,0,0,0,3,1,6,2,64,9,1596,1,11,-1,1,-1
2015051502298,1,9,0,5,0,2,0,0,0,0,4,1,6,2,81,11,1598,1,10,-1,1,-1
2015051502298,2,19,0,18,0,1,0,0,0,0,1,1,1,1,60,9,2198,2,8,-1,1,-1
2015051502299,1,8,0,18,0,1,0,11,1,1,1,1,1,1,35,6,1997,2,7,-1,1,-1
2015051502300,1,9,0,9,0,5,0,0,0,0,4,1,2,2,61,9,1591,1,6,-1,1,-1
2015051502300,2,1,0,18,0,1,0,0,0,0,1,1,6,2,51,8,-1,-1,-1,-1,1,-1
2015051502301,1,21,1,5,0,0,0,0,0,0,0,1,1,1,58,9,12809,2,-1,-1,1,-1