Accident_Index,Vehicle_Reference,Vehicle_Type,Towing_and_Articulation,Vehicle_Manoeuvre,Vehicle_Location-Restricted_Lane,Junction_Location,Skidding_and_Overturning,Hit_Object_in_Carriageway,Vehicle_Leaving_Carriageway,Hit_Object_off_Carriageway,1st_Point_of_Impact,Was_Vehicle_Left_Hand_Drive?,Journey_Purpose_of_Driver,Sex_of_Driver,Age_of_Driver,Age_Band_of_Driver,Engine_Capacity_(CC),Propulsion_Code,Age_of_Vehicle,Driver_IMD_Decile,Driver_Home_Area_Type,Vehicle_IMD_Decile
2015051502301,2,3,0,18,0,0,0,0,0,0,1,1,6,1,19,4,124,1,-1,-1,1,-1
2015051502301,3,9,0,18,0,0,0,0,0,0,2,1,6,2,60,9,1242,1,10,-1,2,-1
2015051502302,1,9,0,18,0,6,0,0,0,0,1,1,6,3,-1,-1,1360,1,13,-1,-1,-1
2015051502302,2,9,0,18,0,1,0,0,0,0,1,1,6,2,63,9,1398,1,2,-1,1,-1
2015051502302,3,9,0,18,0,1,0,0,0,0,1,1,6,1,52,8,1242,1,14,-1,1,-1
2015051502303,1,1,0,18,0,1,0,0,0,0,1,1,3,1,12,3,-1,-1,-1,-1,1,-1
2015051502303,2,9,0,10,0,1,0,0,0,0,4,1,6,2,34,6,1587,1,8,-1,1,-1
2015051502304,1,9,0,7,0,1,0,0,0,0,4,1,6,3,-1,-1,1598,2,4,-1,-1,-1
2015051502304,2,1,0,18,0,1,0,0,0,0,3,1,2,1,25,5,-1,-1,-1,-1,1,-1
2015051502305,1,9,0,18,0,8,0,0,1,11,1,1,6,1,20,4,1149,1,13,-1,1,-1
2015051502305,2,19,0,18,0,8,0,0,1,11,1,1,6,1,45,7,1998,2,10,-1,1,-1
2015051502306,1,9,0,2,0,1,0,0,0,0,3,1,6,1,55,8,1598,1,10,-1,1,-1
2015051502306,2,1,0,18,0,1,0,8,0,0,1,1,2,1,47,8,-1,-1,-1,-1,1,-1
2015051502306,3,19,0,18,0,1,0,0,0,0,1,1,6,1,60,9,2188,2,13,-1,1,-1
2015051502307,1,1,0,18,0,0,0,0,0,0,1,1,6,1,35,6,-1,-1,-1,-1,1,-1
2015051502307,2,9,0,2,0,0,0,0,0,0,2,1,6,3,-1,-1,1461,2,10,-1,-1,-1
2015051502308,1,9,0,1,0,0,0,0,0,0,2,1,6,2,32,6,1689,2,14,-1,1,-1
2015051502308,2,9,0,5,0,0,0,0,0,0,1,1,6,1,54,8,1997,2,7,-1,1,-1
2015051502309,1,9,0,9,0,8,5,0,0,0,4,1,6,2,48,8,1229,1,3,-1,1,-1
2015051502309,2,9,0,18,0,8,0,0,0,0,1,1,6,1,61,9,1896,2,10,-1,1,-1
2015051502310,1,3,0,15,0,1,0,0,0,0,1,1,6,1,29,6,124,1,2,-1,1,-1
2015051502310,2,8,0,9,0,8,0,0,0,0,4,1,6,1,40,7,1997,2,7,-1,1,-1
2015051502311,1,9,0,18,0,8,0,0,0,0,1,1,6,1,25,5,1598,2,5,-1,1,-1
2015051502311,2,9,0,5,0,6,0,0,0,0,3,1,6,1,77,11,1799,1,17,-1,1,-1
2015051502312,1,9,0,7,0,6,0,0,0,0,3,1,6,1,52,8,1595,1,15,-1,1,-1
2015051502312,2,9,0,18,0,1,0,0,0,0,1,1,6,1,25,5,1198,1,4,-1,1,-1
2015051502313,1,9,0,18,0,4,0,9,0,0,1,1,6,2,63,9,1242,1,-1,-1,1,-1
2015051502314,1,19,0,18,0,0,0,0,0,0,1,1,2,1,41,7,1995,2,7,-1,1,-1
2015051502314,2,19,0,4,0,0,0,0,1,11,2,1,6,1,64,9,1248,2,7,-1,1,-1
2015051502315,1,8,0,18,0,8,0,0,0,0,1,1,6,2,27,6,999,1,8,-1,1,-1
2015051502315,2,8,0,18,0,8,0,0,0,0,3,1,1,1,41,7,1598,2,2,-1,1,-1
2015051502316,1,5,0,17,0,0,0,0,1,9,4,1,6,1,27,6,883,1,5,-1,1,-1
2015051502317,1,19,0,18,0,7,2,0,4,1,1,1,1,1,33,6,1248,2,5,-1,1,-1
2015051502318,1,9,0,18,0,8,0,0,0,0,1,1,6,2,18,4,998,1,7,-1,1,-1
2015051502318,2,9,0,18,0,8,0,0,0,0,4,1,1,1,71,10,1296,1,7,-1,1,-1
2015051502320,1,9,0,18,0,0,5,0,0,0,1,1,6,2,89,11,1364,1,7,-1,1,-1
2015051502320,2,9,0,2,0,0,0,0,0,0,2,1,6,3,-1,-1,1591,1,-1,-1,-1,-1
2015051502320,3,8,0,2,0,0,0,0,0,0,1,1,6,3,-1,-1,2402,2,13,-1,-1,-1
2015051502321,1,9,0,16,0,0,1,0,7,0,1,1,6,1,21,5,1328,1,6,-1,1,-1
2015051502322,1,9,0,18,0,8,0,0,0,0,4,1,6,2,29,6,1997,2,10,-1,1,-1
2015051502322,2,9,0,18,0,1,0,0,0,0,1,1,6,2,51,8,1242,1,1,-1,1,-1
2015051502322,3,9,0,3,0,1,0,0,0,0,1,1,6,2,31,6,1796,1,7,-1,1,-1
2015051502323,1,19,0,9,0,1,0,0,0,0,4,1,1,1,57,9,2198,2,-1,-1,1,-1
2015051502323,2,9,0,18,0,1,1,0,0,0,3,1,2,2,26,6,1398,1,2,-1,1,-1
2015051502323,3,9,0,3,0,1,0,0,0,0,1,1,1,1,48,8,1796,1,2,-1,1,-1
2015051502324,1,21,1,18,0,1,0,0,0,0,1,1,1,1,58,9,15928,2,4,-1,1,-1
2015051502324,2,19,0,3,0,1,0,0,0,0,2,1,1,1,59,9,2402,2,8,-1,1,-1
2015051502324,3,9,0,3,0,1,0,0,0,0,2,1,1,1,54,8,-1,-1,-1,-1,1,-1
2015051502325,1,9,0,5,0,0,0,0,0,0,1,1,6,2,23,5,1242,1,-1,-1,1,-1
2015051502325,2,9,0,5,0,0,0,0,0,0,2,1,6,2,47,8,1229,1,2,-1,1,-1
2015051502326,1,9,0,18,0,1,0,0,0,0,1,1,6,1,54,8,1956,2,5,-1,1,-1
2015051502326,2,1,0,18,0,1,0,0,0,0,1,1,6,1,25,5,-1,-1,-1,-1,1,-1
2015051502327,1,9,0,15,0,0,0,0,0,0,1,1,6,2,21,5,1422,2,-1,-1,1,-1
2015051502327,2,21,0,7,0,0,0,0,0,0,4,1,1,1,30,6,6871,2,10,-1,1,-1
2015051502328,1,9,0,18,0,0,0,0,0,0,1,1,6,2,63,9,1386,1,10,-1,1,-1
2015051502328,2,1,0,18,0,0,0,0,0,0,4,1,6,1,19,4,-1,-1,-1,-1,1,-1
2015051502329,1,9,0,18,0,0,0,0,0,0,1,1,6,1,43,7,2776,2,9,-1,1,-1
2015051502330,1,9,0,18,0,0,0,0,0,0,2,1,6,2,32,6,-1,-1,-1,-1,1,-1
2015051502331,1,9,0,7,0,2,0,0,0,0,1,1,2,1,60,9,2401,2,7,-1,1,-1
2015051502331,2,1,0,18,0,1,0,0,0,0,4,1,2,1,30,6,-1,-1,-1,-1,1,-1
2015051502332,1,9,0,18,0,0,5,0,0,0,1,1,6,2,18,4,1242,1,-1,-1,1,-1
2015051502332,2,8,0,2,0,0,0,0,0,0,1,1,6,3,-1,-1,1910,2,7,-1,-1,-1
2015051502333,1,9,0,18,0,0,0,0,1,11,1,1,6,2,56,9,1395,1,-1,-1,1,-1
2015051502334,1,9,0,18,0,1,0,0,0,0,1,1,6,1,26,6,1956,2,4,-1,1,-1
2015051502334,2,9,0,3,0,1,0,0,0,0,2,1,6,2,44,7,1229,1,10,-1,1,-1
2015051502334,3,9,0,3,0,1,0,0,0,0,2,1,6,2,41,7,1461,2,1,-1,1,-1
2015051502335,1,11,0,5,0,0,0,0,0,0,4,1,1,3,-1,-1,-1,-1,-1,-1,-1,-1
2015051502336,1,9,0,18,0,0,0,0,0,0,1,1,6,2,24,5,1596,1,10,-1,1,-1
2015051502336,2,19,0,18,0,0,0,0,0,0,1,1,2,1,46,8,2151,2,12,-1,1,-1
2015051502337,1,9,0,13,0,1,0,0,0,0,3,1,6,1,49,8,1598,1,8,-1,1,-1
2015051502337,2,8,0,9,0,1,0,0,0,0,3,1,1,1,37,7,2402,2,10,-1,1,-1
2015051502338,1,1,0,9,0,5,0,0,0,0,1,1,4,1,11,3,-1,-1,-1,-1,1,-1
2015051502338,2,9,0,18,0,8,0,0,0,0,1,1,6,1,20,4,1242,1,9,-1,3,-1
2015051502339,1,9,0,5,0,0,0,0,0,0,3,1,6,3,-1,-1,999,1,-1,-1,-1,-1
2015051502339,2,5,0,18,0,0,0,0,0,0,1,1,6,1,69,10,805,1,1,-1,1,-1
2015051502340,1,9,0,18,0,1,0,0,0,0,0,1,1,1,39,7,2993,2,3,-1,1,-1
2015051502340,2,9,0,18,0,2,1,7,8,7,2,1,6,1,19,4,2319,1,14,-1,1,-1
2015051502341,1,9,0,7,0,1,0,0,0,0,1,1,2,2,31,6,1498,1,-1,-1,1,-1
2015051502341,2,1,0,18,0,1,0,0,0,0,4,1,2,1,27,6,-1,-1,-1,-1,1,-1
2015051502343,1,9,0,18,0,0,0,0,0,0,3,1,6,3,-1,-1,1364,1,9,-1,-1,-1
2015051502343,2,9,0,18,0,0,0,0,0,0,4,1,6,1,39,7,1398,1,4,-1,1,-1
2015051502344,1,9,0,18,0,0,0,0,0,0,1,1,6,1,45,7,1995,1,13,-1,1,-1
2015051502344,2,9,0,18,0,0,0,0,0,0,4,1,6,1,36,7,1968,2,7,-1,1,-1
2015051502345,1,9,0,16,0,1,0,0,0,0,1,1,6,2,20,4,996,1,2,-1,1,-1
2015051502345,2,9,0,9,0,5,0,0,0,0,2,1,2,1,37,7,1596,1,9,-1,1,-1
2015051502347,1,9,0,18,0,2,0,4,0,0,4,1,6,1,79,11,2179,2,-1,-1,1,-1
2015051502347,2,19,0,2,0,3,0,0,0,0,2,2,6,3,-1,-1,1560,2,1,-1,-1,-1
2015051502348,1,9,0,9,0,6,0,0,0,0,4,1,6,1,20,4,1984,1,11,-1,1,-1
2015051502348,2,9,0,18,0,5,0,0,0,0,1,1,6,2,50,8,998,1,9,-1,1,-1
2015051502349,1,9,0,9,0,8,0,0,0,0,4,1,6,1,82,11,1997,1,2,-1,2,-1
2015051502349,2,5,0,18,0,8,0,0,0,0,1,1,2,1,45,7,748,1,19,-1,1,-1
2015051502350,1,9,0,18,0,1,0,0,7,2,1,1,6,1,50,8,1242,1,11,-1,1,-1
2015051502350,2,19,0,5,0,1,0,0,0,0,3,1,6,3,-1,-1,1560,2,1,-1,-1,-1
2015051502351,1,9,0,18,0,0,0,0,0,0,1,1,2,2,50,8,1598,1,8,-1,1,-1
2015051502352,1,9,0,18,0,8,1,10,3,7,1,1,6,1,28,6,2393,1,13,-1,1,-1
2015051502353,1,9,0,18,0,8,0,0,0,0,1,1,6,1,28,6,1560,2,4,-1,1,-1
2015051502353,2,9,0,18,0,8,5,0,0,0,3,1,6,2,26,6,999,1,1,-1,1,-1
2015051502354,1,9,0,18,0,0,0,0,0,0,1,2,6,3,-1,-1,-1,-1,-1,-1,-1,-1
2015051502355,1,9,0,10,0,1,0,0,0,0,2,1,3,2,67,10,1988,2,10,-1,1,-1
2015051502355,2,9,0,4,0,1,0,0,0,0,1,1,6,1,88,11,1124,1,14,-1,1,-1
2015051502356,1,9,0,4,0,0,0,0,0,0,4,1,6,2,42,7,1598,1,5,-1,1,-1
2015051502357,1,9,0,18,0,8,0,0,0,0,1,1,6,1,66,10,1242,1,14,-1,1,-1
2015051502357,2,9,0,18,0,8,0,0,0,0,3,1,6,2,49,8,1598,1,6,-1,1,-1
2015051502358,1,9,0,18,0,1,2,0,0,0,1,1,6,2,78,11,998,1,6,-1,2,-1
2015051502358,2,9,0,18,0,1,1,0,0,0,1,1,6,2,62,9,1242,1,3,-1,1,-1
2015051502358,3,8,0,3,0,1,0,0,0,0,1,1,1,1,54,8,2402,2,10,-1,1,-1
2015051502360,1,9,0,18,0,8,0,0,0,0,1,1,6,1,26,6,1596,1,6,-1,1,-1
2015051502360,2,9,0,18,0,8,0,0,0,0,1,1,2,1,51,8,1956,2,-1,-1,1,-1
2015051502361,1,1,0,18,0,0,0,0,0,0,1,1,6,1,12,3,-1,-1,-1,-1,-1,-1
2015051502361,2,9,0,18,0,0,0,0,0,0,4,1,6,2,27,6,1399,2,4,-1,1,-1
2015051502362,1,9,0,9,0,1,0,0,0,0,4,1,2,1,37,7,1560,2,3,-1,1,-1
2015051502362,2,8,0,18,0,1,0,0,0,0,1,1,1,1,49,8,1910,2,10,-1,1,-1
2015051502363,1,19,0,9,0,8,0,0,0,0,4,1,1,1,48,8,1995,2,1,-1,1,-1
2015051502363,2,11,0,17,0,8,0,0,0,0,1,1,1,1,58,9,4250,2,4,-1,1,-1
2015051502364,1,9,0,9,0,1,0,0,0,0,4,1,6,1,87,11,1386,1,8,-1,1,-1
2015051502364,2,9,0,18,0,1,0,0,0,0,1,1,2,2,31,6,1596,1,6,-1,1,-1
2015051502365,1,9,0,2,0,0,0,0,0,0,3,1,6,1,48,8,1896,2,7,-1,1,-1
2015051502365,2,9,0,1,0,0,0,0,0,0,3,1,6,3,-1,-1,1596,1,4,-1,-1,-1
2015051502367,1,9,0,18,0,1,0,0,0,0,1,1,6,1,21,5,1798,1,11,-1,1,-1
2015051502367,2,9,0,4,0,1,0,0,0,0,2,1,2,2,28,6,1598,1,3,-1,1,-1
2015051502368,1,9,0,18,0,8,0,0,0,0,3,1,1,1,30,6,1582,2,4,-1,1,-1
2015051502368,2,9,0,18,0,6,0,0,0,0,1,1,6,1,36,7,1989,1,16,-1,1,-1
2015051502369,1,9,0,1,0,1,0,0,0,0,2,1,6,1,30,6,1968,2,-1,-1,1,-1
2015051502370,1,9,0,18,0,1,0,0,0,0,1,1,6,3,-1,-1,-1,-1,-1,-1,-1,-1
2015051502370,2,3,0,7,0,5,0,0,0,0,2,1,6,1,28,6,125,1,9,-1,1,-1
2015051502371,1,9,0,5,0,2,0,0,0,0,1,1,6,1,50,8,1796,1,11,-1,1,-1
2015051502371,2,8,0,18,0,1,0,0,0,0,4,1,1,1,22,5,1686,2,8,-1,1,-1
2015051502372,1,9,0,9,0,8,0,0,4,6,4,1,6,1,89,11,1388,1,12,-1,1,-1
2015051502372,2,9,0,18,0,8,0,0,0,0,1,1,6,1,43,7,-1,3,-1,-1,1,-1
2015051502374,1,9,0,4,0,0,0,0,0,0,1,1,2,3,-1,-1,-1,-1,-1,-1,-1,-1
2015051502374,2,1,0,4,0,0,0,0,0,0,1,1,2,1,20,4,-1,-1,-1,-1,1,-1
2015051502375,1,9,0,18,0,0,0,0,0,0,1,1,6,1,50,8,1242,1,6,-1,1,-1
2015051502375,2,9,0,18,0,0,0,0,0,0,2,1,6,3,-1,-1,-1,-1,-1,-1,-1,-1
2015051502375,3,9,0,18,0,0,0,0,0,0,2,1,6,3,-1,-1,-1,-1,-1,-1,-1,-1
2015051502376,1,1,0,18,0,0,0,0,0,0,1,1,6,1,20,4,-1,-1,-1,-1,1,-1
2015051502376,2,9,0,18,0,0,0,0,0,0,1,1,6,1,39,7,1796,1,12,-1,1,-1
2015051502377,1,9,0,18,0,0,0,0,0,0,3,1,6,2,34,6,998,1,15,-1,1,-1
2015051502378,1,9,0,18,0,8,0,0,0,0,1,1,6,2,39,7,1124,1,13,-1,1,-1
2015051502378,2,9,0,18,0,8,0,0,0,0,4,1,6,2,19,4,1596,1,9,-1,1,-1
2015051502379,1,9,0,18,0,0,0,0,0,0,1,1,1,1,32,6,1582,2,3,-1,-1,-1
2015051502379,2,9,0,18,0,0,0,0,0,0,1,1,6,3,-1,-1,-1,-1,-1,-1,-1,-1
2015051502380,1,1,0,7,0,1,0,0,0,0,3,1,6,1,14,3,-1,-1,-1,-1,1,-1
2015051502380,2,9,0,18,0,2,1,0,0,0,1,1,6,2,42,7,1796,1,2,-1,1,-1
2015051502381,1,9,0,18,0,0,0,0,0,0,1,1,6,1,44,7,2198,2,10,-1,1,-1
2015051502381,2,9,0,2,0,0,0,0,1,11,2,1,6,3,-1,-1,1149,1,12,-1,-1,-1
2015051502382,1,9,0,18,0,0,0,0,0,0,0,1,1,1,35,6,2993,2,4,-1,-1,-1
2015051502382,2,9,0,18,0,0,0,0,0,0,0,1,1,1,38,7,2400,2,2,-1,-1,-1
2015051502382,3,9,0,18,0,0,0,0,4,0,1,1,6,3,-1,-1,-1,-1,-1,-1,-1,-1
2015051502383,1,9,0,18,0,0,1,11,1,1,1,1,6,1,30,6,1598,1,10,-1,1,-1
2015051502383,2,9,0,18,0,0,0,11,0,0,1,1,6,1,72,10,1794,1,12,-1,1,-1
2015051502384,1,9,0,2,0,0,0,0,0,0,2,1,6,3,-1,-1,3498,1,16,-1,-1,-1
2015051502384,2,9,0,18,0,0,1,4,0,0,1,1,6,1,33,6,1390,1,4,-1,1,-1
2015051502385,1,9,0,5,0,4,0,0,0,0,1,1,2,2,22,5,998,1,9,-1,1,-1
2015051502385,2,1,0,18,0,8,0,0,0,0,4,1,4,1,11,3,-1,-1,-1,-1,1,-1
2015051502386,1,9,0,18,0,8,0,0,0,0,4,1,6,1,44,7,1560,2,-1,-1,1,-1
2015051502386,2,1,0,18,0,8,0,0,0,0,1,1,2,1,21,5,-1,-1,-1,-1,1,-1
2015051502387,1,9,0,8,0,1,0,0,0,0,2,2,6,2,20,4,-1,-1,-1,-1,1,-1
2015051502387,2,9,0,7,0,1,0,0,0,0,1,2,6,1,25,5,1799,1,9,-1,1,-1
2015051502388,1,9,0,18,0,1,0,0,0,0,1,2,6,3,-1,-1,3125,2,14,-1,-1,-1
2015051502388,2,9,0,7,0,2,0,0,0,0,2,1,6,2,48,8,1868,2,14,-1,1,-1
2015051502389,1,9,0,18,0,0,0,0,0,0,1,1,6,1,19,4,1242,1,2,-1,1,-1
2015051502389,2,9,0,18,0,0,0,0,0,0,2,1,6,2,25,5,999,1,-1,-1,1,-1
2015051502390,1,9,0,18,0,1,0,0,0,0,1,1,6,2,80,11,1498,1,5,-1,1,-1
2015051502390,2,19,0,4,0,1,0,0,0,0,2,1,6,1,46,8,2402,2,10,-1,1,-1
2015051502390,3,9,0,10,0,1,0,0,0,0,2,1,6,2,40,7,1598,1,6,-1,1,-1
2015051502391,1,9,0,14,0,0,0,4,0,0,1,1,6,2,26,6,1587,1,9,-1,3,-1
2015051502391,2,9,0,2,0,0,0,0,0,0,2,1,6,3,-1,-1,1997,2,2,-1,-1,-1
2015051502392,1,9,0,9,0,1,0,0,0,0,1,1,2,1,30,6,1149,1,8,-1,1,-1
2015051502392,2,1,0,18,0,1,0,0,0,0,1,1,6,1,17,4,-1,-1,-1,-1,1,-1
2015051502393,1,5,0,13,0,0,0,0,7,11,1,1,6,1,51,8,1050,1,-1,-1,1,-1
2015051502393,2,9,0,9,0,0,0,0,0,0,3,1,6,2,57,9,1997,1,2,-1,-1,-1
2015051502394,1,9,0,18,0,8,0,0,0,0,3,1,2,2,34,6,1598,1,16,-1,1,-1
2015051502395,1,9,0,18,0,0,0,0,0,0,1,1,6,2,76,11,1390,1,7,-1,1,-1
2015051502396,1,9,0,1,0,6,0,0,0,0,2,1,6,1,45,7,1995,2,3,-1,1,-1
2015051502397,1,3,0,18,0,1,1,0,0,0,3,1,6,1,31,6,124,1,3,-1,1,-1
2015051502398,1,9,0,17,0,0,1,0,1,11,1,1,6,1,40,7,2000,2,15,-1,1,-1
2015051502399,1,9,0,18,0,8,0,0,0,0,1,1,6,1,23,5,1968,2,4,-1,1,-1
2015051502399,2,9,0,18,0,8,0,0,0,0,1,1,1,1,56,9,1753,2,8,-1,1,-1
2015051502400,1,9,0,4,0,1,0,0,0,0,0,1,1,1,33,6,1582,2,3,-1,1,-1
2015051502402,1,9,0,18,0,0,0,0,0,0,1,1,2,2,46,8,1229,1,8,-1,1,-1
2015051502403,1,9,0,17,0,0,1,0,7,9,3,1,6,3,-1,-1,1968,2,3,-1,-1,-1
2015051502403,2,19,0,18,0,0,0,0,1,9,3,1,1,1,52,8,1995,2,2,-1,1,-1
2015051502403,3,9,0,18,0,0,0,0,1,9,1,1,6,1,39,7,1329,1,5,-1,1,-1
2015051502404,1,9,0,18,0,0,0,0,7,0,1,1,6,2,41,7,1596,1,10,-1,1,-1
2015051502405,1,9,0,9,0,2,0,0,0,0,1,1,6,2,71,10,1398,1,10,-1,1,-1
2015051502405,2,9,0,9,0,1,0,0,0,0,1,1,6,1,38,7,1560,2,6,-1,1,-1
2015051502406,1,9,0,9,0,8,0,0,1,2,1,1,6,2,28,6,-1,-1,-1,-1,1,-1
2015051502406,2,9,0,18,0,8,0,0,1,0,1,1,6,2,45,7,-1,-1,-1,-1,1,-1
2015051502407,1,1,0,18,0,1,0,0,0,0,4,1,6,1,25,5,-1,-1,-1,-1,1,-1
2015051502407,2,19,4,18,0,1,1,0,0,0,1,1,2,1,42,7,1968,2,2,-1,1,-1
2015051502408,1,9,0,18,0,0,0,0,0,0,1,1,2,1,47,8,1560,2,7,-1,2,-1
2015051502408,2,9,0,18,0,0,0,0,0,0,2,1,2,1,29,6,1560,2,3,-1,1,-1
2015051502409,1,9,0,18,0,0,2,0,4,10,1,1,6,2,38,7,1229,1,3,-1,1,-1
2015051502410,1,9,0,11,0,1,0,0,0,0,1,1,6,3,-1,-1,2401,1,10,-1,-1,-1
2015051502410,2,9,0,3,0,3,0,0,0,0,2,1,6,1,38,7,1389,1,14,-1,3,-1
2015051502411,1,9,0,4,0,0,0,0,0,0,0,1,1,1,31,6,2993,2,2,-1,-1,-1
2015051502411,2,9,0,18,0,0,0,0,1,10,1,1,6,3,-1,-1,1242,1,1,-1,-1,-1
2015051502411,3,9,0,4,0,0,0,0,0,0,0,1,1,1,33,6,2993,2,3,-1,-1,-1
2015051502412,1,9,0,18,0,0,0,0,0,0,1,1,3,2,40,7,1395,8,-1,-1,1,-1
2015051502412,2,9,0,3,0,0,0,0,0,0,2,1,6,2,60,9,1461,2,6,-1,1,-1
2015051502413,1,9,0,18,0,2,0,0,0,0,1,1,2,1,48,8,1560,2,6,-1,1,-1
2015051502413,2,9,0,7,0,2,0,0,0,0,4,1,6,1,24,5,2143,2,4,-1,2,-1
2015051502414,1,8,0,18,0,6,0,0,0,0,0,1,1,1,61,9,2402,2,13,-1,1,-1
2015051502415,1,5,0,18,0,8,0,0,0,0,1,1,6,3,-1,-1,599,1,18,-1,-1,-1
2015051502415,2,9,0,9,0,8,0,0,0,0,1,1,3,2,47,8,1968,2,9,-1,1,-1
2015051502416,1,9,0,18,0,0,0,0,0,0,3,1,1,1,25,5,1995,2,10,-1,1,-1
2015051502416,2,9,0,18,0,0,1,0,0,0,1,1,6,1,36,7,1968,2,1,-1,1,-1
2015051502418,1,9,0,3,0,1,0,0,0,0,1,1,6,1,23,5,1248,2,-1,-1,1,-1
2015051502418,2,1,0,3,0,1,0,0,0,0,3,1,2,1,35,6,-1,-1,-1,-1,1,-1
2015051502419,1,19,0,18,0,1,0,0,0,0,1,1,2,1,39,7,-1,-1,-1,-1,1,-1
2015051502419,2,9,0,3,0,1,0,0,0,0,2,1,6,2,36,7,1360,1,8,-1,1,-1
2015051502419,3,9,0,3,0,1,0,0,0,0,2,1,2,2,22,5,1242,1,4,-1,1,-1
2015051502420,1,9,0,1,0,0,0,0,0,0,2,2,6,1,68,10,1598,1,6,-1,1,-1
2015051502421,1,9,0,9,0,8,0,0,0,0,1,1,6,1,47,8,1968,2,9,-1,1,-1
2015051502421,2,9,0,18,0,8,0,0,0,0,4,1,6,2,28,6,2183,2,5,-1,1,-1
2015051502422,1,9,0,13,0,0,1,0,0,0,1,1,6,1,29,6,1968,2,7,-1,1,-1
2015051502422,2,9,0,18,0,0,0,0,0,0,3,1,6,2,43,7,1242,1,2,-1,1,-1
2015051502423,1,9,0,18,0,8,0,0,0,0,1,1,2,2,55,8,1390,1,2,-1,1,-1
2015051502423,2,9,0,18,0,8,0,0,0,0,1,1,6,1,59,9,1595,1,2,-1,1,-1
2015051502424,1,9,0,18,0,0,1,0,8,10,1,1,1,1,18,4,1390,1,14,-1,1,-1
2015051502425,1,9,0,18,0,8,0,0,0,0,1,1,6,2,61,9,1968,2,4,-1,1,-1
2015051502425,2,9,0,9,0,8,0,0,0,0,2,1,6,1,27,6,1598,1,9,-1,1,-1
2015051502426,1,2,0,17,0,0,0,0,0,0,1,1,6,1,20,4,125,1,-1,-1,1,-1
2015051502426,2,9,0,2,0,0,0,0,0,0,3,1,6,3,-1,-1,1969,2,1,-1,-1,-1
2015051502427,1,9,0,9,0,8,0,0,0,0,1,1,1,2,34,6,2993,2,5,-1,1,-1
2015051502427,2,19,0,18,0,8,0,0,1,0,1,1,2,1,61,9,1560,2,5,-1,1,-1
2015051502428,1,19,0,18,0,0,0,0,0,0,1,1,6,1,29,6,1461,2,5,-1,1,-1
2015051502428,2,9,0,18,0,0,0,0,0,0,2,1,6,1,47,8,1995,2,14,-1,1,-1
2015051502429,1,9,0,18,0,0,0,0,0,0,1,1,6,2,29,6,1995,2,8,-1,1,-1
2015051502429,2,9,0,18,0,0,0,0,0,0,2,1,6,1,78,11,1598,1,14,-1,3,-1
2015051502429,3,9,0,18,0,0,0,0,0,0,2,1,6,2,21,5,1198,1,5,-1,3,-1
2015051502430,1,9,0,18,0,0,0,0,0,0,1,1,6,1,39,7,1998,2,7,-1,1,-1
2015051502430,2,9,0,2,0,0,0,0,0,0,2,1,6,3,-1,-1,1997,2,5,-1,-1,-1
2015051502431,1,9,0,5,0,8,0,0,0,0,3,1,6,1,40,7,1598,1,12,-1,1,-1
2015051502431,2,9,0,18,0,1,0,0,0,0,1,1,6,2,30,6,1598,1,11,-1,1,-1
2015051502432,1,9,0,18,0,0,0,0,0,0,1,2,6,1,24,5,1596,1,8,-1,1,-1
2015051502433,1,9,0,9,0,8,0,0,0,0,1,1,6,1,21,5,1796,1,13,-1,-1,-1
2015051502433,2,9,0,18,0,8,0,0,0,0,3,2,6,2,42,7,1149,1,14,-1,1,-1
2015051502434,1,9,0,18,0,0,0,0,1,7,1,1,6,3,-1,-1,-1,-1,-1,-1,-1,-1
2015051502435,1,5,0,9,0,5,0,0,0,0,4,1,6,1,75,10,748,1,7,-1,1,-1
2015051502436,1,19,0,9,0,1,2,0,0,0,4,1,1,1,50,8,2143,2,2,-1,1,-1
2015051502436,2,9,0,18,0,1,0,0,0,0,1,1,6,1,27,6,1598,1,10,-1,1,-1
2015051502437,1,9,0,9,0,3,0,0,1,0,1,1,6,1,28,6,998,1,-1,-1,1,-1
2015051502437,2,9,0,7,0,3,1,0,2,7,3,1,6,2,45,7,1598,1,2,-1,1,-1
2015051502438,1,9,0,3,0,1,0,0,0,0,2,1,6,1,31,6,1598,1,10,-1,1,-1
2015051502438,2,9,0,3,0,1,0,0,0,0,2,1,6,2,46,8,1956,2,1,-1,1,-1
2015051502439,1,9,0,9,0,6,0,0,0,0,3,1,6,2,59,9,1198,1,10,-1,-1,-1
2015051502439,2,9,0,18,0,1,0,0,0,0,1,1,2,1,45,7,2495,2,21,-1,1,-1
2015051502440,1,9,0,9,0,8,0,0,0,0,4,1,6,1,21,5,999,1,-1,-1,1,-1
2015051502440,2,5,0,18,0,8,0,0,0,0,1,1,6,1,23,5,649,1,2,-1,1,-1
2015051502441,1,9,0,12,0,0,0,0,0,0,3,1,6,1,81,11,1242,1,9,-1,1,-1
2015051502441,2,9,0,17,0,0,0,0,0,0,4,1,6,2,34,6,1685,2,3,-1,1,-1
2015051502442,1,9,0,5,0,0,0,0,0,0,4,1,6,2,49,8,1997,2,5,-1,1,-1