Accident_Index,Vehicle_Reference,Vehicle_Type,Towing_and_Articulation,Vehicle_Manoeuvre,Vehicle_Location-Restricted_Lane,Junction_Location,Skidding_and_Overturning,Hit_Object_in_Carriageway,Vehicle_Leaving_Carriageway,Hit_Object_off_Carriageway,1st_Point_of_Impact,Was_Vehicle_Left_Hand_Drive?,Journey_Purpose_of_Driver,Sex_of_Driver,Age_of_Driver,Age_Band_of_Driver,Engine_Capacity_(CC),Propulsion_Code,Age_of_Vehicle,Driver_IMD_Decile,Driver_Home_Area_Type,Vehicle_IMD_Decile
2015051502442,2,9,0,18,0,0,0,0,0,0,3,1,1,1,57,9,-1,-1,-1,-1,1,-1
2015051502443,1,9,0,18,0,8,0,0,0,0,1,1,6,1,45,7,1995,2,2,-1,1,-1
2015051502443,2,9,0,18,0,8,5,10,1,7,4,1,6,1,37,7,2000,1,6,-1,1,-1
2015051502444,1,9,0,18,0,1,0,0,0,0,1,1,6,2,50,8,898,1,-1,-1,1,-1
2015051502445,1,11,0,18,0,0,0,0,0,0,1,1,1,1,62,9,6696,2,-1,-1,1,-1
2015051502446,1,1,0,18,0,0,0,0,0,0,1,1,6,1,51,8,-1,-1,-1,-1,1,-1
2015051502446,2,9,0,18,0,0,1,0,0,0,1,1,6,1,18,4,-1,-1,-1,-1,1,-1
2015051502447,1,9,0,9,0,6,0,0,0,0,1,1,6,3,-1,-1,-1,-1,-1,-1,-1,-1
2015051502447,2,9,0,18,0,2,0,0,0,0,3,1,6,2,29,6,1498,1,7,-1,1,-1
2015051502448,1,9,0,13,0,4,0,0,0,0,0,1,2,1,19,4,1686,2,14,-1,1,-1
2015051502448,2,9,0,3,0,4,0,0,0,0,0,1,6,1,64,9,1968,2,-1,-1,-1,-1
2015051502449,1,9,0,18,0,4,0,0,0,0,3,1,6,2,70,10,1364,2,4,-1,2,-1
2015051502449,2,3,0,18,0,8,0,0,0,0,1,1,6,1,19,4,125,1,3,-1,1,-1
2015051502451,1,9,0,9,0,1,0,0,0,0,1,1,6,3,-1,-1,-1,-1,-1,-1,-1,-1
2015051502452,1,9,0,18,0,2,0,0,0,0,1,1,2,2,38,7,1242,1,1,-1,1,-1
2015051502452,2,9,0,18,0,1,0,0,0,0,1,1,6,1,56,9,1242,1,-1,-1,1,-1
2015051502453,1,9,0,4,0,1,0,4,0,0,1,1,6,1,22,5,1149,1,12,-1,1,-1
2015051502453,2,9,0,3,0,1,0,0,0,0,2,1,6,2,37,7,1248,2,6,-1,1,-1
2015051502454,1,9,0,18,0,0,0,0,0,0,4,1,6,1,47,8,1598,1,11,-1,1,-1
2015051502455,1,9,0,5,0,0,0,0,0,0,1,1,6,1,61,9,1499,2,1,-1,1,-1
2015051502456,1,9,0,18,0,0,0,0,0,0,1,1,6,1,26,6,1896,2,7,-1,1,-1
2015051502457,1,11,0,4,0,0,0,0,0,0,1,1,1,3,-1,-1,-1,-1,-1,-1,-1,-1
2015051502458,1,9,0,18,0,0,0,0,0,0,4,1,6,1,26,6,1596,1,2,-1,1,-1
2015051502458,2,9,0,5,0,0,0,0,0,0,1,1,6,1,77,11,1388,1,12,-1,1,-1
2015051502459,1,11,0,18,0,0,0,0,0,0,4,1,1,1,59,9,6696,2,-1,-1,1,-1
2015051502460,1,9,0,3,0,1,0,0,0,0,1,1,6,2,86,11,1242,1,9,-1,1,-1
2015051502460,2,9,0,3,0,1,0,0,0,0,2,1,2,2,42,7,1229,1,1,-1,1,-1
2015051502460,3,19,0,3,0,1,0,0,0,0,2,1,1,1,57,9,1461,2,5,-1,1,-1
2015051502461,1,9,0,18,0,0,0,0,0,0,1,1,1,1,62,9,1797,8,2,-1,2,-1
2015051502462,1,9,0,18,0,8,0,0,0,0,1,1,6,1,40,7,1896,2,14,-1,1,-1
2015051502462,2,9,0,10,0,8,0,0,0,0,4,1,6,1,29,6,-1,-1,-1,-1,1,-1
2015051502463,1,9,0,7,0,8,0,0,0,0,4,1,6,1,62,9,1397,1,13,-1,1,-1
2015051502463,2,1,0,7,0,8,0,0,0,0,3,1,2,1,41,7,-1,-1,-1,-1,1,-1
2015051502465,1,9,0,18,0,0,0,0,0,0,0,1,6,3,-1,-1,-1,-1,-1,-1,-1,-1
2015051502466,1,5,0,15,0,1,0,0,7,11,1,1,6,1,78,11,599,1,15,-1,1,-1
2015051502466,2,9,0,9,0,1,0,0,0,0,3,1,6,1,63,9,2143,2,2,-1,1,-1
2015051502467,1,9,0,18,0,0,0,0,0,0,1,2,6,1,30,6,998,1,3,-1,1,-1
2015051502468,1,9,0,5,0,1,0,0,0,0,1,1,6,1,67,10,1796,1,11,-1,1,-1
2015051502468,2,9,0,18,0,1,0,0,0,0,0,1,2,1,44,7,1995,2,7,-1,1,-1
2015051502469,1,9,0,18,0,2,0,0,0,0,1,1,6,1,40,7,2000,2,5,-1,1,-1
2015051502470,1,9,0,18,0,1,0,0,0,0,1,1,1,1,35,6,1956,2,2,-1,1,-1
2015051502470,2,1,0,18,0,1,0,0,0,0,4,1,6,2,18,4,-1,-1,-1,-1,1,-1
2015051502471,1,9,0,16,0,2,0,0,0,0,1,1,6,1,57,9,1399,2,7,-1,1,-1
2015051502472,1,9,0,9,0,1,0,0,0,0,1,1,6,1,61,9,1364,1,5,-1,1,-1
2015051502472,2,9,0,15,0,1,0,0,0,0,1,1,6,2,33,6,1560,2,11,-1,1,-1
2015051502473,1,9,0,9,0,8,0,0,0,0,0,1,6,3,-1,-1,-1,-1,-1,-1,-1,-1
2015051502473,2,11,0,5,0,1,0,0,0,0,0,1,1,1,66,10,4250,2,6,-1,1,-1
2015051502474,1,9,0,1,0,0,0,0,0,0,2,2,6,2,45,7,1795,1,12,-1,1,-1
2015051502475,1,98,1,18,0,8,0,0,0,0,1,1,1,3,-1,-1,12900,2,6,-1,-1,-1
2015051502475,2,9,0,18,0,2,0,0,0,0,3,1,2,2,42,7,998,1,7,-1,1,-1
2015051502476,1,9,0,3,0,0,0,0,0,0,2,1,6,2,46,8,1248,2,7,-1,1,-1
2015051502476,2,9,0,4,0,0,0,0,0,0,2,1,6,1,18,4,1198,1,5,-1,1,-1
2015051502476,3,9,0,4,0,0,0,0,0,0,2,1,6,2,34,6,1242,1,7,-1,1,-1
2015051502476,4,9,0,18,0,0,0,0,0,0,1,1,6,2,53,8,1242,1,12,-1,1,-1
2015051502477,1,9,0,18,0,1,0,7,7,7,1,1,6,1,26,6,1968,2,9,-1,1,-1
2015051502477,2,9,0,18,0,1,0,0,0,0,1,1,6,1,32,6,1461,2,6,-1,1,-1
2015051502477,3,8,0,18,0,1,0,0,0,0,1,1,1,1,59,9,2664,2,17,-1,1,-1
2015051502478,1,9,0,18,0,1,0,0,0,0,1,2,6,1,-1,-1,1997,2,3,-1,-1,-1
2015051502478,2,9,0,18,0,2,0,0,0,0,2,2,6,2,40,7,1242,1,6,-1,1,-1
2015051502479,1,11,0,11,0,0,0,0,0,0,4,1,6,3,-1,-1,-1,-1,-1,-1,-1,-1
2015051502479,2,11,0,18,0,0,0,0,0,0,3,1,1,1,46,8,5900,2,9,-1,1,-1
2015051502480,1,9,0,9,0,1,0,0,7,11,3,1,6,1,33,6,1992,2,7,-1,1,-1
2015051502480,2,9,0,18,0,1,0,0,0,0,4,1,6,2,35,6,1997,2,6,-1,1,-1
2015051502481,1,9,0,18,0,6,5,0,0,0,4,1,6,1,31,6,1598,1,12,-1,1,-1
2015051502481,2,8,0,18,0,1,0,0,0,0,1,1,1,1,40,7,1910,2,9,-1,1,-1
2015051502481,3,8,0,8,0,1,0,0,0,0,3,1,1,1,56,9,2664,2,14,-1,1,-1
2015051502482,1,9,0,18,0,1,0,0,0,0,1,1,1,1,36,7,1299,1,7,-1,1,-1
2015051502482,2,9,0,18,0,1,0,0,0,0,2,1,2,1,33,6,1988,2,10,-1,1,-1
2015051502483,1,9,0,9,0,8,0,0,0,0,1,1,6,2,20,4,996,1,6,-1,1,-1
2015051502483,2,9,0,18,0,8,0,0,7,10,4,1,2,1,28,6,998,1,2,-1,1,-1
2015051502484,1,21,1,6,0,0,0,0,0,0,3,1,1,1,57,9,12740,2,4,-1,1,-1
2015051502484,2,19,0,18,0,0,0,0,1,0,4,1,1,1,46,8,2461,2,4,-1,1,-1
2015051502485,1,9,0,18,0,0,0,0,0,0,3,1,2,2,22,5,998,1,2,-1,1,-1
2015051502485,2,8,0,18,0,0,0,0,0,0,1,1,2,1,42,7,2664,2,14,-1,1,-1
2015051502486,1,9,0,7,0,2,0,0,0,0,1,1,2,1,54,8,1229,1,8,-1,1,-1
2015051502486,2,1,0,18,0,2,0,0,0,0,4,1,2,1,31,6,-1,-1,-1,-1,1,-1
2015051502487,1,9,0,7,0,8,0,0,1,10,3,1,6,1,40,7,1686,2,1,-1,1,-1
2015051502487,2,11,0,18,0,8,0,0,0,0,4,1,1,1,36,7,9600,2,14,-1,1,-1
2015051502488,1,3,0,18,0,2,0,0,0,0,1,1,2,1,18,4,124,1,-1,-1,1,-1
2015051502488,2,9,0,18,0,1,0,0,0,0,4,1,6,2,37,7,1560,2,8,-1,1,-1
2015051502489,1,4,0,18,0,0,0,0,0,0,2,1,6,1,20,4,125,1,-1,-1,1,-1
2015051502490,1,9,0,5,0,2,0,0,0,0,3,1,6,2,36,7,1242,1,4,-1,1,-1
2015051502490,2,9,0,18,0,2,0,0,0,0,1,1,6,2,26,6,1686,2,9,-1,1,-1
2015051502491,1,9,0,4,0,1,0,0,0,0,1,1,6,2,23,5,998,1,1,-1,1,-1
2015051502491,2,8,0,4,0,1,0,0,0,0,2,1,1,1,48,8,1598,2,2,-1,1,-1
2015051502492,1,9,0,9,0,2,0,0,0,0,3,1,6,1,73,10,1895,1,16,-1,1,-1
2015051502492,2,9,0,18,0,1,0,0,0,0,4,1,6,1,20,4,1995,2,4,-1,2,-1
2015051502493,1,9,0,18,0,8,1,0,1,0,4,1,6,1,20,4,1461,2,2,-1,1,-1
2015051502493,2,9,0,17,0,8,0,0,0,0,1,1,6,2,31,6,1124,1,11,-1,1,-1
2015051502494,1,3,0,18,0,1,0,0,0,0,3,1,6,3,-1,-1,102,1,-1,-1,-1,-1
2015051502494,2,1,0,18,0,1,0,0,0,0,1,1,6,2,10,2,-1,-1,-1,-1,1,-1
2015051502495,1,9,0,18,0,1,0,0,0,0,1,1,6,2,43,7,998,1,1,-1,1,-1
2015051502495,2,22,0,18,0,1,0,0,0,0,3,1,6,2,54,8,-1,-1,-1,-1,1,-1
2015051502496,1,9,0,9,0,8,0,0,0,0,1,1,6,2,24,5,1299,1,13,-1,1,-1
2015051502496,2,9,0,18,0,8,0,0,0,0,1,1,6,1,73,10,1560,2,9,-1,1,-1
2015051502497,1,1,0,9,0,8,0,0,0,0,3,1,6,1,29,6,-1,-1,-1,-1,1,-1
2015051502497,2,9,0,18,0,8,0,0,0,0,4,1,6,1,33,6,1796,1,2,-1,1,-1
2015051502498,1,9,0,18,0,0,0,0,0,0,1,1,1,2,32,6,1995,2,10,-1,1,-1
2015051502498,2,9,0,3,0,0,0,0,0,0,2,1,1,2,62,9,1390,1,5,-1,1,-1
2015051502498,3,9,0,3,0,0,0,0,0,0,2,1,1,1,38,7,1598,1,2,-1,1,-1
2015051502498,4,9,0,3,0,0,0,0,0,0,2,1,1,1,36,7,1995,2,1,-1,1,-1
2015051502499,1,9,0,18,0,0,0,0,0,0,1,1,6,1,41,7,1560,2,1,-1,1,-1
2015051502499,2,9,0,4,0,0,0,0,0,0,2,1,6,1,42,7,1461,2,-1,-1,1,-1
2015051502499,3,9,0,3,0,0,0,0,0,0,2,1,6,1,80,11,1388,1,2,-1,1,-1
2015051502500,1,90,0,18,0,0,0,0,0,0,3,1,6,1,25,5,-1,-1,-1,-1,1,-1
2015051502500,2,9,0,18,0,0,0,0,0,0,1,1,1,1,35,6,2993,2,3,-1,-1,-1
2015051502500,3,9,0,18,0,0,0,0,0,0,0,1,1,1,42,7,2993,2,3,-1,-1,-1
2015051502500,4,9,0,18,0,0,0,0,0,0,0,1,1,3,-1,-1,2993,2,2,-1,-1,-1
2015051502500,5,9,0,18,0,0,0,0,0,0,0,1,1,1,43,7,2993,2,4,-1,-1,-1
2015051502500,6,9,0,18,0,0,0,0,0,0,0,1,1,1,35,6,2993,2,5,-1,-1,-1
2015051502501,1,8,0,9,0,8,0,0,0,0,1,1,1,1,27,6,1997,2,5,-1,1,-1
2015051502501,2,9,0,18,0,8,0,0,0,0,1,1,6,2,48,8,2378,1,10,-1,1,-1
2015051502502,1,5,0,18,0,0,1,0,0,0,1,1,6,1,19,4,599,1,7,-1,1,-1
2015051502502,2,1,0,18,0,0,0,0,0,0,3,1,2,2,60,9,-1,-1,-1,-1,1,-1
2015051502503,1,9,0,4,0,0,0,0,0,0,4,1,2,1,70,10,1398,1,1,-1,1,-1
2015051502504,1,9,0,18,0,0,0,0,0,0,2,1,6,2,59,9,1242,1,11,-1,1,-1
2015051502504,2,1,0,18,0,0,0,0,0,0,3,1,6,2,34,6,-1,-1,-1,-1,1,-1
2015051502505,1,9,0,18,0,1,0,0,0,0,1,1,6,2,30,6,1343,1,12,-1,1,-1
2015051502505,2,9,0,18,0,1,0,0,0,0,3,1,6,2,51,8,1798,1,11,-1,1,-1
2015051502506,1,9,0,18,0,0,0,0,0,0,1,1,2,1,36,7,1995,2,5,-1,1,-1
2015051502507,1,19,0,18,0,0,0,0,0,0,1,1,1,1,23,5,2198,2,2,-1,1,-1
2015051502507,2,8,0,3,0,0,0,0,0,0,2,1,6,1,41,7,2402,2,10,-1,1,-1
2015051502507,3,9,0,3,0,0,0,0,0,0,2,1,6,2,49,8,1984,2,4,-1,1,-1
2015051502508,1,9,0,18,0,0,0,0,0,0,4,1,6,1,19,4,1229,1,1,-1,1,-1
2015051502508,2,9,0,18,0,0,0,0,0,0,1,1,6,1,44,7,1497,1,14,-1,1,-1
2015051502510,1,19,0,9,0,1,0,0,0,0,1,1,2,2,55,8,2402,2,14,-1,1,-1
2015051502510,2,9,0,18,0,1,0,0,0,0,3,1,6,2,65,9,1560,2,3,-1,1,-1
2015051502511,1,9,0,9,0,5,0,0,0,0,1,1,6,1,86,11,1761,1,18,-1,-1,-1
2015051502511,2,1,0,18,0,8,0,0,0,0,1,1,6,1,40,7,-1,-1,-1,-1,1,-1
2015051502511,3,9,0,8,0,1,0,0,0,0,3,1,6,1,76,11,1988,1,12,-1,1,-1
2015051502512,2,9,0,18,0,0,0,0,0,0,4,2,6,2,75,10,1364,1,7,-1,1,-1
2015051502513,1,9,0,18,0,1,0,0,0,0,1,1,2,1,30,6,2198,2,9,-1,1,-1
2015051502513,2,9,0,9,0,2,0,0,0,0,1,1,3,2,46,8,1386,1,5,-1,1,-1
2015051502514,1,9,0,18,0,0,0,0,0,0,1,1,6,1,75,10,1598,1,2,-1,1,-1
2015051502515,1,9,0,18,0,0,0,0,0,0,1,1,6,1,23,5,1598,1,7,-1,1,-1
2015051502515,2,1,0,5,0,0,0,0,0,0,4,1,6,1,32,6,-1,-1,-1,-1,1,-1
2015051502516,1,9,0,18,0,0,0,0,0,0,1,1,1,1,48,8,1997,2,1,-1,1,-1
2015051502516,2,9,0,3,0,0,0,0,0,0,2,1,6,1,41,7,1998,1,10,-1,1,-1
2015051502517,1,8,0,5,0,8,0,0,0,0,1,1,1,1,48,8,1997,2,8,-1,1,-1
2015051502517,2,9,0,18,0,8,5,0,0,0,4,1,2,1,33,6,-1,-1,-1,-1,1,-1
2015051502518,1,9,0,9,0,8,0,0,0,0,1,1,6,1,56,9,1388,1,6,-1,1,-1
2015051502518,2,9,0,18,0,8,0,0,0,0,1,1,6,1,56,9,1461,2,1,-1,1,-1
2015051502519,1,9,0,18,0,0,0,0,0,0,1,1,6,1,52,8,1956,2,6,-1,1,-1
2015051502519,2,9,0,2,0,0,0,0,0,0,2,1,6,1,23,5,999,1,-1,-1,1,-1
2015051502519,3,9,0,2,0,0,0,0,0,0,3,1,6,3,-1,-1,1997,2,4,-1,-1,-1
2015051502520,1,19,0,4,0,0,0,0,0,0,0,1,1,1,36,7,1753,2,6,-1,-1,-1
2015051502521,1,11,0,12,0,0,0,0,0,0,0,1,1,1,62,9,-1,2,14,-1,1,-1
2015051502521,2,3,0,18,0,0,1,0,0,0,0,1,2,1,28,6,124,1,6,-1,1,-1
2015051502522,1,9,0,5,0,6,0,0,0,0,1,1,6,3,-1,-1,-1,-1,-1,-1,-1,-1
2015051502522,2,1,0,18,0,1,0,0,0,0,3,1,6,1,16,4,-1,-1,-1,-1,1,-1
2015051502523,1,9,0,18,0,5,0,0,1,3,3,1,6,1,19,4,1396,1,11,-1,1,-1
2015051502523,2,9,0,18,0,6,0,0,0,0,1,1,6,2,33,6,1339,1,6,-1,1,-1
2015051502524,1,9,0,18,0,1,1,0,0,0,1,1,1,2,25,5,1386,1,12,-1,1,-1
2015051502524,2,8,0,4,0,1,0,0,0,0,2,1,1,1,42,7,2499,2,5,-1,1,-1
2015051502525,1,9,0,5,0,8,1,0,0,0,1,1,6,1,49,8,1598,1,10,-1,1,-1
2015051502525,2,9,0,18,0,8,0,11,0,0,1,1,6,1,26,6,1598,2,4,-1,1,-1
2015051502526,1,9,0,18,0,1,0,0,0,0,1,1,2,2,38,7,1598,1,6,-1,1,-1
2015051502526,2,9,0,3,0,2,0,0,0,0,2,1,6,1,25,5,1997,1,-1,-1,1,-1
2015051502529,1,9,0,7,0,6,0,0,0,0,1,1,2,2,69,10,1595,1,-1,-1,1,-1
2015051502529,2,1,0,18,0,2,0,0,0,0,2,1,2,1,49,8,-1,-1,-1,-1,1,-1
2015051502530,1,9,0,18,0,0,0,0,0,0,4,1,2,1,45,7,1364,2,8,-1,1,-1
2015051502531,1,9,0,18,0,1,1,0,0,0,1,1,2,1,20,4,1242,1,7,-1,1,-1
2015051502531,2,9,0,3,0,1,0,0,0,0,2,1,1,2,25,5,998,1,-1,-1,1,-1
2015051502531,3,9,0,3,0,1,0,0,0,0,2,1,2,2,37,7,1360,1,14,-1,1,-1
2015051502532,1,9,0,18,0,0,1,0,0,0,1,1,1,2,21,5,998,1,5,-1,1,-1
2015051502532,2,9,0,4,0,0,0,0,0,0,2,1,2,1,36,7,1685,2,2,-1,1,-1
2015051502532,3,9,0,4,0,0,0,0,0,0,3,1,1,1,31,6,1229,1,7,-1,1,-1
2015051502533,1,9,0,5,0,2,0,4,0,0,1,1,2,2,53,8,1196,1,19,-1,1,-1
2015051502533,2,9,0,18,0,1,0,4,0,0,1,1,6,1,23,5,1242,1,13,-1,1,-1
2015051502534,1,9,0,9,0,6,0,0,0,0,3,1,6,1,28,6,1598,2,1,-1,1,-1
2015051502534,2,9,0,18,0,1,0,0,0,0,1,1,6,2,50,8,998,1,-1,-1,1,-1
2015051502536,1,1,0,12,0,0,0,0,0,0,3,1,1,1,40,7,-1,-1,-1,-1,1,-1
2015051502536,2,9,0,18,0,0,0,0,0,0,4,1,2,2,48,8,2993,2,1,-1,1,-1
2015051502537,1,9,0,18,0,3,0,0,0,0,1,1,1,2,40,7,1560,2,2,-1,1,-1
2015051502537,2,3,0,18,0,4,0,0,0,0,1,1,6,1,20,4,125,1,2,-1,1,-1
2015051502538,1,1,0,18,0,1,0,0,0,0,1,1,6,1,23,5,-1,-1,-1,-1,1,-1
2015051502538,2,9,0,4,0,1,0,0,0,0,1,1,6,1,26,6,1390,1,12,-1,1,-1
2015051502539,1,9,0,5,0,0,0,0,0,0,4,1,6,2,32,6,1796,1,8,-1,1,-1
2015051502540,1,19,0,7,0,8,0,0,0,0,4,1,2,1,47,8,1870,2,14,-1,1,-1
2015051502540,2,1,0,7,0,8,0,0,0,0,1,1,6,1,33,6,-1,-1,-1,-1,1,-1
2015051502541,1,9,0,18,0,1,0,0,0,0,1,1,6,3,-1,-1,1840,1,17,-1,-1,-1
2015051502541,2,9,0,4,0,1,0,0,0,0,2,1,6,1,49,8,1686,2,4,-1,1,-1
2015051502542,1,9,0,18,0,1,0,0,0,0,1,1,6,1,19,4,1240,1,11,-1,3,-1
2015051502542,2,9,0,18,0,1,0,0,0,0,2,1,6,1,28,6,1461,2,3,-1,1,-1
2015051502542,3,9,0,9,0,1,0,0,0,0,2,1,6,1,71,10,1988,2,11,-1,1,-1
2015051502543,1,11,0,4,0,2,0,0,0,0,4,1,1,1,57,9,6696,2,-1,-1,-1,-1
2015051502544,1,9,0,12,0,0,0,0,0,0,3,1,6,1,25,5,1968,2,-1,-1,1,-1
2015051502544,2,9,0,18,0,0,5,0,0,0,4,1,6,2,24,5,1229,1,1,-1,1,-1
2015051502544,3,8,0,18,0,0,0,0,0,0,2,1,1,1,49,8,1968,2,6,-1,1,-1
2015051502545,1,4,0,5,0,8,0,0,0,0,4,1,2,1,18,4,124,1,1,-1,1,-1
2015051502545,2,9,0,18,0,8,0,0,0,0,3,1,6,1,42,7,2979,1,1,-1,1,-1
2015051502546,1,9,0,18,0,0,0,0,0,0,1,1,6,2,32,6,2993,2,3,-1,1,-1
2015051502546,2,9,0,18,0,0,0,0,1,0,2,1,6,2,20,4,1229,1,-1,-1,1,-1
2015051502547,1,9,0,15,0,2,2,4,0,0,1,1,6,1,80,11,1388,1,13,-1,1,-1
2015051502547,2,9,0,2,0,2,0,0,1,0,2,1,6,3,-1,-1,1242,1,5,-1,-1,-1
2015051502548,1,9,0,16,0,0,1,0,0,0,1,2,6,1,18,4,-1,-1,-1,-1,1,-1
2015051502548,2,9,0,17,0,0,0,0,1,0,1,1,6,2,49,8,1242,1,9,-1,1,-1
2015051502549,1,22,0,5,0,0,5,4,0,0,3,1,6,1,81,11,-1,-1,-1,-1,1,-1
2015051502549,2,9,0,2,0,0,0,0,0,0,1,1,6,3,-1,-1,1242,1,1,-1,-1,-1
2015051502549,3,9,0,2,0,0,0,0,0,0,1,1,6,3,-1,-1,1248,2,6,-1,-1,-1
2015051502551,1,9,0,10,0,8,0,0,0,0,2,1,6,1,54,8,1753,2,6,-1,1,-1
2015051502551,2,9,0,5,0,8,0,0,0,0,2,1,6,1,52,8,999,1,1,-1,1,-1
2015051502554,1,9,0,18,0,5,2,0,6,6,1,1,6,1,19,4,998,1,15,-1,2,-1
2015051502556,1,9,0,7,0,4,0,0,0,0,3,1,6,1,20,4,998,1,1,-1,2,-1
2015051502556,2,9,0,9,0,3,0,0,0,0,1,1,6,2,31,6,1595,1,2,-1,1,-1
2015051502557,1,9,0,3,0,1,0,0,0,0,2,1,6,1,26,6,1560,2,3,-1,1,-1
2015051502557,2,9,0,3,0,1,0,0,0,0,1,1,6,3,-1,-1,1560,2,1,-1,-1,-1
2015051502558,1,9,0,18,0,8,0,0,0,0,1,1,2,2,31,6,1400,1,17,-1,1,-1
2015051502559,1,9,0,18,0,6,0,0,0,0,1,1,6,2,19,4,999,1,1,-1,1,-1
2015051502559,2,9,0,18,0,8,0,0,0,0,4,1,6,2,44,7,1197,1,-1,-1,1,-1
2015051502560,1,9,0,12,0,0,0,0,0,0,3,1,6,1,72,10,1968,2,6,-1,1,-1
2015051502560,2,9,0,18,0,0,0,0,0,0,4,1,6,1,48,8,3246,1,11,-1,1,-1
2015051502561,1,9,0,1,0,0,0,0,0,0,2,1,6,2,82,11,998,1,-1,-1,-1,-1
2015051502561,2,9,0,2,0,0,0,0,0,0,1,1,6,3,-1,-1,1390,1,10,-1,-1,-1
2015051502561,3,9,0,2,0,0,0,0,0,0,1,1,6,3,-1,-1,1199,1,14,-1,-1,-1
2015051502563,1,9,0,18,0,0,0,0,0,0,1,1,6,1,43,7,1598,2,-1,-1,1,-1
2015051502564,1,9,0,18,0,0,0,0,0,0,4,1,6,1,32,6,1956,2,1,-1,1,-1
2015051502566,1,1,0,18,0,0,0,0,0,0,1,1,6,1,44,7,-1,-1,-1,-1,1,-1
2015051502566,2,9,0,2,0,0,0,0,0,0,1,1,6,3,-1,-1,1390,1,11,-1,-1,-1
2015051502567,1,9,0,4,0,1,0,0,0,0,1,1,6,2,40,7,1868,2,16,-1,1,-1
2015051502567,2,9,0,3,0,1,0,0,0,0,2,1,6,1,70,10,1124,1,10,-1,1,-1
2015051502567,3,9,0,3,0,1,0,0,0,0,2,1,6,2,70,10,1839,1,11,-1,1,-1
2015051502567,4,9,0,3,0,1,0,0,0,0,2,1,6,1,29,6,-1,-1,-1,-1,1,-1
2015051502568,1,9,0,18,0,6,0,0,0,0,1,1,6,2,19,4,998,1,-1,-1,1,-1
2015051502568,2,9,0,18,0,8,0,0,7,0,4,1,6,1,53,8,1499,2,-1,-1,1,-1
2015051502569,1,9,0,4,0,0,0,0,0,0,3,1,6,1,27,6,1598,1,7,-1,3,-1
2015051502569,2,1,0,18,0,0,0,0,0,0,3,1,1,1,48,8,-1,-1,-1,-1,1,-1
2015051502573,1,3,0,18,0,0,0,0,0,0,1,1,6,1,31,6,101,1,13,-1,1,-1
2015051502573,2,9,0,18,0,0,0,0,0,0,1,1,6,2,30,6,1998,1,14,-1,1,-1
2015051502579,1,9,0,9,0,0,0,0,0,0,4,1,2,2,25,5,1299,1,12,-1,1,-1
2015051502579,2,5,0,18,0,0,0,0,0,0,1,1,2,1,39,7,999,1,2,-1,1,-1
2015051502580,1,19,0,18,0,1,0,0,0,0,1,1,6,1,21,5,1248,2,4,-1,1,-1
2015051502582,1,9,0,3,0,1,0,0,0,0,1,1,6,3,-1,-1,-1,-1,-1,-1,-1,-1
2015051502582,2,9,0,8,0,1,0,0,0,0,2,1,2,2,57,9,1560,2,3,-1,1,-1
2015051502583,1,9,0,18,0,1,0,0,0,0,1,1,6,1,-1,-1,2319,1,18,-1,-1,-1
2015051502583,2,9,0,9,0,1,0,0,7,1,4,1,6,2,33,6,1242,1,3,-1,1,-1
2015051502584,1,9,0,1,0,0,0,0,0,0,2,1,6,2,30,6,1596,1,13,-1,1,-1
2015051502584,2,9,0,18,0,0,0,0,0,0,1,1,6,1,27,6,2698,2,7,-1,1,-1
2015051502585,1,3,0,18,0,0,0,0,0,0,1,1,2,1,55,8,124,1,1,-1,1,-1
2015051502586,1,9,0,18,0,0,0,4,0,0,4,1,6,1,21,5,1242,1,8,-1,1,-1
2015051502586,2,9,0,2,0,0,0,0,0,0,3,1,6,3,-1,-1,1753,2,5,-1,-1,-1
2015051502589,1,9,0,18,0,0,0,0,0,0,1,1,6,3,-1,-1,-1,-1,-1,-1,-1,-1
2015051502594,1,9,0,4,0,0,0,0,0,0,0,1,6,3,-1,-1,-1,-1,-1,-1,-1,-1
2015051502594,2,3,0,18,0,0,0,0,0,0,0,1,6,1,22,5,124,1,3,-1,1,-1
2015051502599,1,9,0,1,0,0,0,0,0,0,2,1,6,2,22,5,1242,1,-1,-1,1,-1
2015051502599,2,8,0,2,0,0,0,0,0,0,3,1,1,1,46,8,1700,2,5,-1,1,-1
2015051502600,1,9,0,18,0,8,0,0,0,0,1,1,6,3,-1,-1,-1,-1,-1,-1,-1,-1
2015051502600,2,9,0,18,0,1,0,0,0,0,2,1,2,1,55,8,1598,1,1,-1,1,-1
2015051502602,1,9,0,18,0,8,0,0,0,0,1,1,6,1,54,8,1997,2,11,-1,1,-1
2015051502602,2,9,0,18,0,8,0,0,1,1,1,1,6,1,41,7,1360,1,9,-1,1,-1
2015051502602,3,8,0,18,0,8,0,0,0,0,1,1,1,1,57,9,1896,2,6,-1,1,-1
2015051502603,1,9,0,5,0,8,0,0,0,0,1,1,1,1,43,7,1753,2,7,-1,1,-1
2015051502603,2,9,0,18,0,8,0,0,0,0,1,1,6,2,58,9,998,1,-1,-1,1,-1