Accident_Index,Vehicle_Reference,Vehicle_Type,Towing_and_Articulation,Vehicle_Manoeuvre,Vehicle_Location-Restricted_Lane,Junction_Location,Skidding_and_Overturning,Hit_Object_in_Carriageway,Vehicle_Leaving_Carriageway,Hit_Object_off_Carriageway,1st_Point_of_Impact,Was_Vehicle_Left_Hand_Drive?,Journey_Purpose_of_Driver,Sex_of_Driver,Age_of_Driver,Age_Band_of_Driver,Engine_Capacity_(CC),Propulsion_Code,Age_of_Vehicle,Driver_IMD_Decile,Driver_Home_Area_Type,Vehicle_IMD_Decile
2015051502604,1,8,0,5,0,1,0,0,0,0,1,1,1,1,38,7,1997,2,6,-1,1,-1
2015051502604,2,1,0,5,0,6,0,0,0,0,4,1,6,2,49,8,-1,-1,-1,-1,1,-1
2015051502605,1,9,0,1,0,0,0,0,0,0,2,2,1,3,-1,-1,-1,-1,-1,-1,-1,-1
2015051502607,1,9,0,5,0,1,0,0,0,0,1,1,6,1,18,4,1390,1,14,-1,3,-1
2015051502607,2,9,0,18,0,1,0,0,0,0,3,1,6,1,56,9,-1,-1,-1,-1,1,-1
2015051502608,2,9,0,4,0,1,0,0,0,0,2,1,1,1,28,6,1753,2,6,-1,-1,-1
2015051502608,3,9,0,18,0,1,1,0,0,0,1,1,6,1,35,6,1364,1,7,-1,1,-1
2015051502609,1,4,0,18,0,0,0,0,0,0,1,1,6,3,-1,-1,-1,-1,-1,-1,-1,-1
2015051502609,2,9,0,4,0,0,0,0,0,0,2,1,6,2,36,7,1560,2,-1,-1,1,-1
2015051502610,1,9,0,9,0,8,0,0,0,0,4,1,6,2,23,5,1229,1,3,-1,1,-1
2015051502610,2,5,0,5,0,1,0,0,0,0,1,1,6,1,21,5,899,1,15,-1,1,-1
2015051502611,1,9,0,16,0,0,1,0,0,0,1,1,6,2,50,8,2180,2,20,-1,1,-1
2015051502611,2,9,0,16,0,0,0,0,1,0,1,1,6,2,64,9,-1,-1,-1,-1,1,-1
2015051502613,1,9,0,18,0,0,0,0,0,0,1,1,6,2,46,8,1368,1,5,-1,1,-1
2015051502613,2,9,0,18,0,0,0,0,0,0,2,1,6,1,76,11,1596,1,2,-1,1,-1
2015051502613,3,8,0,18,0,0,0,0,0,0,2,1,1,1,33,6,1753,2,10,-1,1,-1
2015051502613,4,9,0,18,0,0,0,0,0,0,2,1,6,2,70,10,1796,1,11,-1,-1,-1
2015051502614,1,9,0,18,0,0,0,0,0,0,3,1,2,1,34,6,1598,1,11,-1,1,-1
2015051502615,1,9,0,15,0,0,0,0,0,0,1,1,6,2,29,6,1590,1,11,-1,1,-1
2015051502617,1,9,0,18,0,0,0,0,0,0,1,1,6,1,50,8,1781,1,15,-1,2,-1
2015051502618,1,9,0,18,0,8,0,0,0,0,1,1,6,1,71,10,1198,1,5,-1,1,-1
2015051502618,2,9,0,18,0,8,0,0,0,0,1,1,6,1,63,9,1499,2,-1,-1,1,-1
2015051502618,3,9,0,18,0,8,0,0,0,0,3,1,6,1,24,5,1248,2,7,-1,1,-1
2015051502619,1,9,0,18,0,0,0,0,0,0,1,1,6,1,54,8,1596,1,13,-1,1,-1
2015051502619,2,8,0,18,0,0,0,0,0,0,1,1,1,1,55,8,2499,2,6,-1,1,-1
2015051502620,1,11,0,18,0,0,0,0,0,0,0,1,1,1,61,9,-1,2,10,-1,1,-1
2015051502621,1,9,0,18,0,1,0,0,0,0,4,1,6,1,29,6,1587,1,16,-1,1,-1
2015051502621,2,9,0,18,0,1,0,0,0,0,1,1,6,2,44,7,1910,2,8,-1,1,-1
2015051502621,3,9,0,2,0,1,0,0,0,0,3,1,6,1,28,6,-1,-1,-1,-1,3,-1
2015051502624,1,9,0,12,0,0,0,0,0,0,3,1,6,1,34,6,1349,1,4,-1,1,-1
2015051502624,2,9,0,18,0,0,0,0,0,0,4,1,6,1,51,8,1600,1,23,-1,1,-1
2015051502628,1,9,0,18,0,0,0,0,0,0,1,1,6,1,44,7,3199,1,19,-1,1,-1
2015051502628,2,9,0,18,0,0,0,0,0,0,1,1,6,2,56,9,1968,2,4,-1,1,-1
2015051502630,1,9,0,5,0,0,0,0,0,0,4,2,6,3,-1,-1,-1,-1,-1,-1,-1,-1
2015051502632,1,9,0,3,0,0,0,0,0,0,2,1,6,2,42,7,1999,1,8,-1,1,-1
2015051502632,2,9,0,4,0,0,0,0,0,0,1,1,1,2,42,7,1596,1,5,-1,1,-1
2015051502637,1,3,0,18,0,0,1,0,0,0,3,1,6,1,22,5,124,1,-1,-1,1,-1
2015051502639,1,8,0,18,0,0,0,0,0,0,1,1,1,1,58,9,2664,2,15,-1,1,-1
2015051502639,2,9,0,5,0,0,0,0,0,0,3,1,6,2,31,6,1596,1,8,-1,1,-1
2015051502640,1,10,0,7,0,6,0,0,0,0,3,1,1,1,45,7,-1,-1,-1,-1,1,-1
2015051502640,2,1,0,18,0,1,0,0,0,0,1,1,6,2,28,6,-1,-1,-1,-1,-1,-1
2015051502646,1,19,0,17,0,1,0,0,0,0,1,1,1,1,42,7,2198,2,5,-1,1,-1
2015051502646,2,1,0,18,0,1,1,4,0,0,1,1,6,1,24,5,-1,-1,-1,-1,1,-1
2015051502648,1,9,0,3,0,1,0,0,0,0,1,1,6,1,73,10,1998,1,-1,-1,2,-1
2015051502648,2,9,0,3,0,1,0,0,0,0,1,1,6,1,30,6,1598,1,2,-1,2,-1
2015051502648,3,90,0,4,0,1,0,0,0,0,0,1,6,1,27,6,2999,2,4,-1,-1,-1
2015051502649,1,9,0,5,0,0,0,0,0,0,3,1,6,1,27,6,1796,1,12,-1,1,-1
2015051502649,2,3,0,18,0,0,0,0,0,0,4,1,2,1,56,9,125,1,-1,-1,1,-1
2015051502650,1,1,0,18,0,1,0,0,0,0,4,1,6,1,18,4,-1,-1,-1,-1,1,-1
2015051502650,2,9,0,3,0,2,0,0,0,0,1,1,2,1,32,6,1596,1,7,-1,1,-1
2015051502652,1,9,0,18,0,0,0,0,0,0,4,1,6,1,74,10,1896,2,9,-1,1,-1
2015051502652,2,1,0,18,0,0,0,0,0,0,3,1,6,1,59,9,-1,-1,-1,-1,1,-1
2015051502655,1,9,0,5,0,4,0,0,0,0,1,1,2,1,70,10,1796,1,15,-1,1,-1
2015051502655,2,9,0,5,0,4,0,0,0,0,2,1,6,2,31,6,1587,1,9,-1,1,-1
2015051502656,1,3,0,18,0,1,1,0,0,0,3,1,6,1,46,8,124,1,-1,-1,1,-1
2015051502656,2,3,0,18,0,1,1,0,0,0,4,1,6,1,34,6,124,1,12,-1,1,-1
2015051502656,3,9,0,18,0,1,0,0,0,0,2,1,1,1,47,8,1499,2,1,-1,1,-1
2015051502656,4,8,0,18,0,1,0,0,0,0,1,1,1,1,53,8,1997,2,5,-1,1,-1
2015051502657,1,9,0,9,0,8,0,0,0,0,1,1,6,1,22,5,1390,1,10,-1,1,-1
2015051502657,2,9,0,18,0,8,0,0,0,0,1,1,6,2,29,6,1896,2,12,-1,1,-1
2015051502661,1,9,0,18,0,1,0,0,0,0,1,1,2,2,19,4,1299,1,11,-1,1,-1
2015051502661,2,8,0,10,0,1,0,0,0,0,2,1,1,1,48,8,1997,2,6,-1,1,-1
2015051502664,1,9,0,18,0,4,0,0,0,0,3,1,6,2,59,9,1587,1,7,-1,1,-1
2015051502664,2,1,0,9,0,8,0,0,0,0,4,1,6,1,36,7,-1,-1,-1,-1,1,-1
2015051502667,1,1,0,18,0,1,0,0,0,0,1,1,1,1,54,8,-1,-1,-1,-1,1,-1
2015051502667,2,9,0,18,0,4,0,0,0,0,1,1,6,3,-1,-1,-1,-1,-1,-1,-1,-1
2015051502668,1,9,0,16,0,0,1,0,0,0,3,1,1,1,23,5,1349,1,10,-1,1,-1
2015051502668,2,9,0,17,0,0,0,0,0,0,3,1,6,2,41,7,2231,2,8,-1,1,-1
2015051502670,1,1,0,18,0,0,0,0,0,0,1,1,6,1,10,2,-1,-1,-1,-1,1,-1
2015051502670,2,9,0,16,0,0,0,0,0,0,4,1,6,2,82,11,1242,1,14,-1,1,-1
2015051502671,1,9,0,9,0,1,0,0,0,0,1,1,6,1,21,5,1995,2,9,-1,1,-1
2015051502671,2,9,0,18,0,1,0,0,1,1,3,1,6,1,24,5,2521,1,8,-1,1,-1
2015051502672,1,9,0,1,0,0,0,0,0,0,2,1,6,2,36,7,1328,1,13,-1,1,-1
2015051502673,1,9,0,18,0,8,0,0,0,0,4,1,2,1,25,5,1596,1,11,-1,1,-1
2015051502673,2,8,0,18,0,8,0,0,0,0,1,1,1,1,41,7,1896,2,8,-1,1,-1
2015051502673,3,9,0,2,0,1,0,0,0,0,3,1,6,3,-1,-1,1799,1,8,-1,-1,-1
2015051502674,1,9,0,18,0,0,0,0,1,7,3,1,6,1,23,5,998,1,10,-1,1,-1
2015051502676,1,9,0,18,0,1,0,0,0,0,1,1,6,1,34,6,-1,-1,-1,-1,1,-1
2015051502676,2,9,0,18,0,1,0,0,0,0,2,1,6,2,36,7,1598,1,10,-1,1,-1
2015051502679,1,9,0,15,0,3,0,0,0,0,4,1,6,2,29,6,998,1,5,-1,1,-1
2015051502679,2,3,0,18,0,3,0,0,0,0,3,1,1,1,27,6,124,1,-1,-1,1,-1
2015051502681,1,9,0,6,0,2,0,0,0,0,3,1,6,1,83,11,1796,1,13,-1,1,-1
2015051502681,2,9,0,18,0,2,0,0,0,0,1,1,6,2,21,5,1198,1,3,-1,1,-1
2015051502686,1,9,0,2,0,1,0,0,0,0,0,1,1,1,33,6,-1,-1,-1,-1,1,-1
2015051502689,1,9,0,7,0,1,0,0,0,0,1,1,1,1,31,6,1596,1,9,-1,1,-1
2015051502689,2,1,0,18,0,1,0,0,0,0,1,1,2,1,30,6,-1,-1,-1,-1,1,-1
2015051502691,1,9,0,1,0,0,0,0,0,0,1,1,6,3,-1,-1,-1,-1,-1,-1,-1,-1
2015051502696,1,9,0,18,0,1,0,0,0,0,2,1,6,1,52,8,2926,2,11,-1,1,-1
2015051502696,2,19,0,4,0,1,0,0,0,0,1,1,1,1,35,6,2143,2,1,-1,2,-1
2015051502697,1,9,0,18,0,0,0,0,0,0,1,1,6,2,74,10,999,1,3,-1,1,-1
2015051502697,2,9,0,3,0,0,0,0,0,0,1,1,6,2,80,11,1229,1,2,-1,1,-1
2015051502697,3,9,0,2,0,0,0,0,0,0,3,1,6,1,41,7,1560,2,9,-1,1,-1
2015051502697,4,9,0,2,0,0,0,0,0,0,2,1,6,3,-1,-1,1299,1,13,-1,-1,-1
2015051502698,1,9,0,9,0,8,0,0,0,0,4,1,2,1,58,9,1598,1,7,-1,1,-1
2015051502698,2,9,0,18,0,8,0,0,0,0,1,1,6,1,62,9,2496,7,13,-1,-1,-1
2015051502706,1,9,0,18,0,8,0,0,0,0,1,1,2,2,40,7,998,1,2,-1,1,-1
2015051502706,2,1,0,18,0,8,0,0,0,0,4,1,2,1,30,6,-1,-1,-1,-1,1,-1
2015051502707,1,9,0,18,0,0,0,0,0,0,4,1,6,1,28,6,1388,1,11,-1,1,-1
2015051502708,1,9,0,18,0,8,0,0,0,0,4,1,6,2,74,10,1360,1,5,-1,1,-1
2015051502708,2,9,0,5,0,8,0,0,0,0,1,1,6,1,19,4,1560,2,2,-1,1,-1
2015051502711,1,4,0,18,0,1,0,10,1,11,1,1,6,1,28,6,449,1,7,-1,1,-1
2015051502715,2,9,0,18,0,0,0,0,0,0,4,1,6,2,25,5,1149,1,14,-1,1,-1
2015051502716,1,5,0,13,0,0,1,0,5,2,1,1,6,1,33,6,918,1,17,-1,1,-1
2015051502717,1,9,0,18,0,1,0,0,0,0,1,1,6,3,-1,-1,-1,-1,-1,-1,-1,-1
2015051502717,2,9,0,3,0,1,0,0,0,0,2,1,6,2,18,4,1108,1,6,-1,1,-1
2015051502718,1,19,0,18,0,0,0,0,0,0,3,1,2,1,24,5,1560,2,1,-1,1,-1
2015051502719,1,9,0,9,0,5,0,0,0,0,1,1,6,3,-1,-1,-1,-1,-1,-1,-1,-1
2015051502720,1,3,0,18,0,2,1,0,0,0,1,1,2,1,27,6,124,1,-1,-1,1,-1
2015051502720,2,9,0,18,0,2,0,0,0,0,2,1,6,2,60,9,1299,1,19,-1,1,-1
2015051502721,1,9,0,18,0,0,0,0,1,2,1,1,6,1,84,11,1364,1,7,-1,1,-1
2015051502725,1,9,0,14,0,0,0,0,0,0,1,1,6,2,20,4,1390,1,5,-1,1,-1
2015051502726,1,9,0,9,0,8,0,0,0,0,4,1,1,2,19,4,999,1,-1,-1,1,-1
2015051502726,2,3,0,18,0,8,0,0,0,0,1,1,6,1,20,4,124,1,-1,-1,1,-1
2015051502728,1,3,0,18,0,6,1,0,0,0,2,1,6,1,24,5,125,1,7,-1,1,-1
2015051502735,1,9,0,5,0,8,0,0,0,0,3,1,6,1,38,7,1390,1,12,-1,1,-1
2015051502735,2,9,0,18,0,8,0,0,0,0,1,1,6,2,58,9,998,1,8,-1,1,-1
2015051502736,1,1,0,5,0,0,0,0,0,0,0,1,6,3,-1,-1,-1,-1,-1,-1,-1,-1
2015051502736,2,3,0,18,0,0,0,0,0,0,0,1,6,1,61,9,897,1,9,-1,1,-1
2015051502737,1,19,5,1,0,1,0,0,0,0,2,1,6,3,-1,-1,-1,-1,-1,-1,-1,-1
2015051502737,2,1,0,3,0,1,0,0,0,0,1,1,2,2,58,9,-1,-1,-1,-1,1,-1
2015051502738,1,9,0,9,0,1,0,11,2,7,1,1,2,2,32,6,1596,1,5,-1,1,-1
2015051502738,2,9,0,18,0,2,0,7,1,7,3,1,6,1,21,5,1896,2,8,-1,1,-1
2015051502739,1,8,0,3,0,0,0,0,0,0,4,1,1,3,-1,-1,-1,-1,-1,-1,-1,-1
2015051502740,1,4,0,18,0,1,0,0,0,0,1,1,6,1,12,3,-1,-1,-1,-1,1,-1
2015051502740,2,9,0,18,0,1,0,0,0,0,1,1,6,2,40,7,1995,2,3,-1,1,-1
2015051502741,1,8,0,18,0,3,0,0,0,0,3,1,1,1,40,7,1997,2,6,-1,1,-1
2015051502741,2,1,0,18,0,3,0,0,0,0,3,1,2,1,23,5,-1,-1,-1,-1,1,-1
2015051502743,1,9,0,4,0,0,0,0,0,0,1,1,6,1,-1,-1,1968,2,11,-1,-1,-1
2015051502743,2,9,0,2,0,0,0,0,0,0,2,1,6,3,-1,-1,1242,1,11,-1,-1,-1
2015051502744,1,19,0,9,0,1,0,0,0,0,4,1,2,1,62,9,1896,2,7,-1,1,-1
2015051502744,2,3,0,18,0,1,0,0,1,0,1,1,2,1,28,6,124,1,1,-1,1,-1
2015051502745,1,9,0,16,0,1,1,0,1,11,1,1,2,2,24,5,1368,1,6,-1,1,-1
2015051502746,1,9,0,16,0,0,1,0,0,0,1,2,2,2,24,5,1388,1,12,-1,1,-1
2015051502746,2,19,0,2,0,0,0,0,0,0,1,1,6,3,-1,-1,1560,2,-1,-1,-1,-1
2015051502747,1,9,0,9,0,6,0,0,0,0,1,1,2,1,59,9,1598,1,9,-1,1,-1
2015051502748,1,9,0,1,0,0,0,0,0,0,0,1,6,1,25,5,1996,1,19,-1,1,-1
2015051502749,1,9,0,18,0,1,0,0,0,0,1,1,6,2,79,11,1850,1,15,-1,3,-1
2015051502749,2,9,0,18,0,1,0,0,0,0,3,1,6,1,54,8,1596,1,4,-1,1,-1
2015051502750,1,9,0,18,0,0,0,0,0,0,1,1,6,1,27,6,1389,1,18,-1,1,-1
2015051502750,2,9,0,4,0,0,0,0,0,0,2,1,2,2,40,7,1598,1,1,-1,1,-1
2015051502750,3,19,0,18,0,0,0,0,0,0,1,1,1,1,41,7,2198,2,2,-1,1,-1
2015051502754,1,9,0,4,0,0,0,0,0,0,1,1,2,2,19,4,998,1,8,-1,1,-1
2015051502758,1,9,0,18,0,8,0,0,0,0,4,1,6,2,48,8,1198,1,1,-1,1,-1
2015051502758,2,1,0,18,0,1,0,0,0,0,1,1,6,1,15,3,-1,-1,-1,-1,1,-1
2015051502760,1,9,0,18,0,2,0,4,0,0,1,1,6,1,77,11,1339,1,7,-1,1,-1
2015051502760,2,19,0,2,0,1,0,0,0,0,2,1,1,1,47,8,1968,2,2,-1,-1,-1
2015051502768,1,9,0,18,0,0,0,0,0,0,1,1,6,3,-1,-1,1242,1,12,-1,-1,-1
2015051502768,2,9,0,2,0,0,0,0,0,0,2,1,6,3,-1,-1,1598,1,11,-1,-1,-1
2015051502768,3,9,0,4,0,0,0,0,0,0,1,1,6,1,44,7,1997,2,13,-1,1,-1
2015051502768,4,9,0,2,0,0,0,0,0,0,2,1,6,3,-1,-1,-1,-1,-1,-1,-1,-1
2015051502769,1,9,0,18,0,0,0,0,0,0,4,1,6,1,41,7,1997,2,1,-1,1,-1
2015051502770,1,9,0,18,0,0,0,0,0,0,4,1,6,1,-1,-1,-1,-1,-1,-1,-1,-1
2015051502772,1,9,0,4,0,1,0,0,0,0,3,1,6,2,46,8,2231,2,2,-1,1,-1
2015051502773,1,9,0,18,0,8,0,0,4,10,1,1,2,1,27,6,1560,2,2,-1,1,-1
2015051502774,1,9,0,2,0,0,0,8,0,0,0,1,6,2,52,8,1598,1,10,-1,2,-1
2015051502774,2,1,0,14,0,0,0,0,0,0,1,1,6,1,34,6,-1,-1,-1,-1,1,-1
2015051502775,1,8,0,16,0,3,0,0,0,0,1,1,1,1,25,5,1598,2,2,-1,1,-1
2015051502776,1,9,0,18,0,0,1,0,0,0,1,1,2,2,45,7,1397,1,15,-1,1,-1
2015051502778,1,4,0,18,0,1,0,0,1,0,1,1,6,3,-1,-1,548,1,36,-1,-1,-1
2015051502778,2,9,0,7,0,1,0,0,0,0,4,1,2,1,28,6,1769,1,12,-1,1,-1
2015051502780,1,9,0,18,0,0,0,11,5,6,1,1,2,2,24,5,1398,1,1,-1,1,-1
2015051502780,2,9,0,18,0,0,0,11,0,0,1,1,6,1,34,6,1948,1,11,-1,1,-1
2015051502780,3,8,0,15,0,0,0,0,5,6,1,1,1,1,57,9,-1,-1,-1,-1,1,-1
2015051502780,4,9,0,18,0,0,0,11,5,6,1,1,2,2,23,5,1398,1,3,-1,1,-1
2015051502781,1,9,0,18,0,1,0,0,0,0,4,1,2,1,40,7,1598,1,5,-1,1,-1
2015051502781,2,1,0,18,0,2,0,0,0,0,1,1,6,1,20,4,-1,-1,-1,-1,1,-1
2015051502782,1,9,0,18,0,1,0,0,0,0,4,1,6,3,-1,-1,-1,-1,-1,-1,-1,-1
2015051502786,1,9,0,9,0,8,0,0,0,0,3,1,6,1,23,5,1596,1,10,-1,1,-1
2015051502786,2,9,0,18,0,8,0,0,4,2,1,1,6,1,34,6,1956,2,5,-1,1,-1
2015051502787,1,9,0,18,0,8,0,0,7,0,1,1,6,1,-1,-1,-1,-1,-1,-1,-1,-1
2015051502788,1,9,0,18,0,0,0,0,0,0,1,1,6,1,-1,-1,1753,2,6,-1,-1,-1
2015051502788,2,19,0,3,0,0,0,0,0,0,2,1,1,1,33,6,-1,-1,-1,-1,1,-1
2015051502789,1,9,0,18,0,4,1,0,0,0,1,1,6,2,35,6,999,1,4,-1,1,-1
2015051502789,2,9,0,7,0,8,0,0,0,0,2,1,6,2,49,8,1246,1,10,-1,1,-1
2015051502790,1,9,0,5,0,0,0,0,0,0,0,1,6,1,44,7,1997,2,7,-1,1,-1
2015051502791,1,8,0,18,0,0,0,0,0,0,4,1,1,1,54,8,1598,2,2,-1,2,-1
2015051502793,1,9,0,9,0,6,0,0,0,0,3,1,2,1,35,6,1398,1,3,-1,1,-1
2015051502793,2,3,0,18,0,1,1,0,0,0,1,1,2,1,19,4,124,1,5,-1,1,-1
2015051502794,1,9,0,18,0,0,0,0,0,0,1,1,6,2,35,6,1197,1,-1,-1,1,-1
2015051502794,2,9,0,2,0,0,0,0,0,0,2,1,6,1,27,6,1560,2,-1,-1,1,-1
2015051502794,3,9,0,2,0,0,0,0,0,0,2,1,6,2,24,5,1364,2,7,-1,1,-1
2015051502796,1,9,0,18,0,1,0,0,0,0,1,1,6,1,69,10,1769,1,10,-1,1,-1
2015051502796,2,9,0,3,0,7,0,0,0,0,2,1,6,2,22,5,1598,2,1,-1,1,-1
2015051502797,1,9,0,7,0,8,0,0,0,0,3,1,6,1,64,9,1590,1,17,-1,1,-1
2015051502797,2,9,0,18,0,8,0,0,0,0,1,1,2,2,46,8,1598,1,2,-1,1,-1
2015051502797,3,9,0,2,0,1,0,0,0,0,3,1,6,3,-1,-1,1396,1,11,-1,-1,-1
2015051502798,1,9,0,18,0,8,0,0,0,0,1,1,1,1,46,8,1686,2,6,-1,1,-1
2015051502798,2,9,0,18,0,8,0,0,0,0,4,1,6,2,38,7,1596,1,11,-1,1,-1
2015051502799,1,9,0,18,0,0,0,0,0,0,1,1,6,2,55,8,1598,1,4,-1,1,-1
2015051502799,2,9,0,3,0,0,0,0,0,0,2,1,6,1,29,6,-1,-1,-1,-1,1,-1
2015051502800,1,9,0,10,0,1,0,0,0,0,3,1,2,1,51,8,1796,1,12,-1,1,-1
2015051502800,2,9,0,18,0,1,0,0,0,0,1,1,2,1,60,9,1587,1,16,-1,1,-1
2015051502801,1,9,0,10,0,4,0,0,0,0,1,1,2,3,-1,-1,1388,1,13,-1,-1,-1
2015051502801,2,9,0,4,0,3,0,0,0,0,2,1,6,1,49,8,1999,1,10,-1,1,-1
2015051502802,1,19,0,18,0,0,0,0,0,0,1,2,6,1,41,7,-1,-1,-1,-1,1,-1
2015051502804,1,9,0,9,0,1,0,0,0,0,3,1,6,2,78,11,1396,1,12,-1,1,-1
2015051502804,2,9,0,18,0,1,0,0,0,0,1,1,6,1,45,7,1124,1,12,-1,1,-1
2015051502805,1,9,0,18,0,1,0,0,0,0,1,1,2,2,26,6,1229,1,2,-1,1,-1
2015051502805,2,1,0,18,0,1,0,0,0,0,3,1,2,1,51,8,-1,-1,-1,-1,1,-1
2015051502806,1,9,0,4,0,0,0,0,0,0,0,1,1,1,34,6,2993,2,5,-1,-1,-1
2015051502806,2,9,0,18,0,0,1,0,1,11,3,1,6,1,15,3,1753,2,6,-1,1,-1
2015051502807,1,9,0,18,0,1,1,0,0,0,4,1,6,2,41,7,1560,2,8,-1,1,-1
2015051502807,2,11,0,5,0,1,0,0,0,0,1,1,1,1,59,9,-1,-1,-1,-1,-1,-1
2015051502809,1,9,0,3,0,0,0,0,0,0,2,1,6,2,38,7,1896,2,12,-1,1,-1
2015051502813,1,9,0,18,0,0,0,0,0,0,3,1,6,1,54,8,1997,2,5,-1,1,-1
2015051502814,1,1,0,18,0,8,0,0,0,0,1,1,6,1,23,5,-1,-1,-1,-1,1,-1
2015051502814,2,9,0,18,0,8,0,0,0,0,3,1,6,1,34,6,1686,2,10,-1,1,-1
2015051502816,1,9,0,18,0,0,0,0,0,0,1,1,2,1,35,6,1598,1,2,-1,1,-1
2015051502818,1,9,0,9,0,6,0,0,0,0,1,1,6,3,-1,-1,1998,2,10,-1,-1,-1
2015051502819,1,9,0,18,0,1,0,0,0,0,1,1,6,1,33,6,-1,-1,-1,-1,1,-1
2015051502819,2,9,0,3,0,1,0,0,0,0,2,1,6,2,34,6,1598,1,12,-1,1,-1
2015051502820,1,9,0,18,0,0,0,7,1,10,1,1,6,2,24,5,1598,1,6,-1,1,-1
2015051502821,1,3,0,16,0,0,1,0,0,0,0,1,2,1,50,8,124,1,4,-1,1,-1
2015051502822,1,9,0,18,0,0,0,0,0,0,1,1,2,2,18,4,998,1,8,-1,1,-1
2015051502822,2,9,0,18,0,0,0,0,0,0,2,1,6,1,44,7,1198,1,1,-1,1,-1
2015051502832,1,9,0,4,0,0,0,0,0,0,1,1,2,2,19,4,1242,1,5,-1,1,-1
2015051502832,2,9,0,4,0,0,0,0,0,0,2,1,2,2,59,9,1396,2,1,-1,2,-1
2015051502832,3,9,0,4,0,0,0,0,0,0,2,1,2,1,41,7,1598,2,-1,-1,1,-1
2015051502833,1,9,0,18,0,0,1,0,0,0,1,1,6,2,80,11,1389,1,10,-1,2,-1
2015051502833,2,9,0,3,0,0,0,0,0,0,2,1,3,2,42,7,1386,1,8,-1,2,-1
2015051502833,3,19,0,3,0,0,0,0,0,0,2,1,1,1,52,8,1995,2,2,-1,1,-1
2015051502834,1,9,0,5,0,0,0,0,0,0,1,1,6,1,36,7,2967,2,7,-1,1,-1
2015051502836,1,9,0,5,0,2,0,0,0,0,2,1,6,1,76,11,-1,-1,-1,-1,1,-1
2015051502836,2,9,0,5,0,2,0,0,0,0,1,1,6,2,49,8,973,1,13,-1,1,-1
2015051502837,1,8,0,18,0,1,0,0,0,0,1,1,1,1,53,8,1896,2,6,-1,1,-1
2015051502837,2,9,0,10,0,1,0,0,0,0,4,1,6,1,65,9,1596,1,-1,-1,1,-1
2015051502838,1,4,0,18,0,8,0,0,0,0,1,1,6,1,20,4,-1,-1,-1,-1,1,-1
2015051502838,2,19,0,9,0,5,0,0,0,0,3,1,1,1,49,8,1995,2,9,-1,1,-1
2015051502839,1,9,0,4,0,1,0,0,0,0,1,1,6,3,-1,-1,1390,1,11,-1,-1,-1
2015051502839,2,9,0,4,0,1,0,0,0,0,2,1,6,1,40,7,1560,2,2,-1,1,-1
2015051502843,2,11,0,18,0,1,0,0,0,0,3,1,1,1,55,8,6700,2,4,-1,2,-1
2015051502844,1,9,0,18,0,0,5,4,0,0,1,1,6,1,28,6,1596,1,1,-1,1,-1
2015051502844,2,9,0,2,0,0,0,0,0,0,3,1,6,3,-1,-1,1499,2,1,-1,-1,-1
2015051502844,3,9,0,2,0,0,0,0,0,0,3,1,6,3,-1,-1,1999,1,13,-1,-1,-1
2015051502844,4,9,0,2,0,0,0,0,0,0,3,1,6,3,-1,-1,1598,1,13,-1,-1,-1
2015051502846,1,9,0,9,0,2,0,0,0,0,1,1,6,2,49,8,1796,1,7,-1,1,-1
2015051502847,1,9,0,18,0,0,0,0,0,0,0,1,1,1,49,8,2993,2,4,-1,-1,-1
2015051502847,2,9,0,18,0,0,0,0,0,0,0,1,1,1,34,6,2993,2,5,-1,-1,-1
2015051502847,3,9,0,18,0,0,0,0,0,0,0,1,1,1,38,7,2993,2,3,-1,-1,-1
2015051502847,4,9,0,18,0,0,0,4,0,0,1,1,6,3,-1,-1,4163,1,4,-1,-1,-1
2015051502847,5,9,0,3,0,0,0,0,0,0,4,1,6,1,37,7,1984,1,13,-1,1,-1
2015051502847,6,9,0,3,0,0,0,0,0,0,4,1,6,1,45,7,1399,2,4,-1,1,-1
2015051502847,7,9,0,3,0,0,0,0,0,0,2,1,6,1,64,9,1388,1,10,-1,1,-1
2015051502847,8,8,0,3,0,0,0,0,0,0,3,1,1,1,35,6,1997,2,7,-1,1,-1
2015051502847,9,10,0,3,0,0,0,0,0,0,3,1,1,1,52,8,-1,-1,-1,-1,1,-1
2015051502847,10,9,0,3,0,0,0,0,0,0,3,1,6,2,47,8,1461,2,4,-1,1,-1
2015051502847,11,9,0,2,0,0,0,0,0,0,4,1,6,3,-1,-1,2400,2,-1,-1,-1,-1
2015051502847,12,9,0,3,0,0,0,0,0,0,4,1,6,2,28,6,1198,1,7,-1,1,-1
2015051502849,1,9,0,9,0,2,0,0,0,0,3,1,6,1,88,11,1396,1,11,-1,1,-1
2015051502849,2,19,0,18,0,1,0,0,0,0,1,1,1,1,57,9,1753,2,2,-1,1,-1
2015051502851,1,9,0,9,0,1,0,0,0,0,1,1,6,1,61,9,1995,2,2,-1,1,-1
2015051502851,2,9,0,18,0,1,0,0,0,0,1,1,6,2,81,11,1368,1,7,-1,1,-1