Accident_Index,Vehicle_Reference,Vehicle_Type,Towing_and_Articulation,Vehicle_Manoeuvre,Vehicle_Location-Restricted_Lane,Junction_Location,Skidding_and_Overturning,Hit_Object_in_Carriageway,Vehicle_Leaving_Carriageway,Hit_Object_off_Carriageway,1st_Point_of_Impact,Was_Vehicle_Left_Hand_Drive?,Journey_Purpose_of_Driver,Sex_of_Driver,Age_of_Driver,Age_Band_of_Driver,Engine_Capacity_(CC),Propulsion_Code,Age_of_Vehicle,Driver_IMD_Decile,Driver_Home_Area_Type,Vehicle_IMD_Decile
2015051503342,1,9,0,9,0,2,1,0,0,0,3,1,2,2,28,6,1242,1,11,-1,1,-1
2015051503342,2,1,0,18,0,1,0,0,0,0,1,1,2,1,26,6,-1,-1,-1,-1,1,-1
2015051503343,1,9,0,5,0,4,0,0,0,0,3,2,6,1,72,10,1753,2,8,-1,1,-1
2015051503343,2,1,0,9,0,8,0,0,0,0,1,1,6,2,56,9,-1,-1,-1,-1,1,-1
2015051503344,1,1,0,18,0,6,0,0,0,0,1,1,6,1,16,4,-1,-1,-1,-1,1,-1
2015051503344,2,9,0,18,0,8,0,0,0,0,1,1,6,2,23,5,1598,1,8,-1,1,-1
2015051503345,1,9,0,7,0,1,0,0,0,0,1,1,6,1,39,7,2967,2,1,-1,1,-1
2015051503345,2,9,0,18,0,1,0,0,0,0,3,1,6,1,37,7,2497,1,13,-1,1,-1
2015051503348,1,9,0,7,0,6,0,0,0,0,1,1,2,1,28,6,2261,1,4,-1,1,-1
2015051503348,2,1,0,18,0,8,0,0,0,0,4,1,2,1,52,8,-1,-1,-1,-1,1,-1
2015051503349,1,9,0,18,0,8,0,0,0,0,3,1,6,2,31,6,1397,1,11,-1,1,-1
2015051503349,2,9,0,18,0,8,0,0,0,0,1,1,6,1,23,5,-1,-1,-1,-1,1,-1
2015051503349,3,9,0,17,0,8,0,0,0,0,1,1,1,1,54,8,-1,-1,-1,-1,1,-1
2015051503350,1,9,0,18,0,0,0,0,0,0,1,1,6,3,-1,-1,-1,-1,-1,-1,-1,-1
2015051503350,2,9,0,18,0,0,0,0,0,0,2,1,6,2,55,8,1397,1,7,-1,1,-1
2015051503351,1,8,0,5,0,1,0,0,0,0,1,1,1,1,62,9,1910,2,7,-1,1,-1
2015051503352,1,21,1,11,0,0,0,0,0,0,1,1,1,2,59,9,12809,2,1,-1,3,-1
2015051503352,2,9,0,18,0,0,1,0,0,0,3,1,2,2,43,7,1242,1,-1,-1,1,-1
2015051503354,1,3,0,18,0,0,1,0,0,0,0,1,6,1,40,7,80,1,20,-1,1,-1
2015051503354,2,19,0,2,0,0,0,0,0,0,2,1,6,3,-1,-1,2402,2,12,-1,-1,-1
2015051503356,1,8,0,18,0,0,0,0,0,0,1,1,3,1,30,6,1686,2,8,-1,1,-1
2015051503357,1,9,0,9,0,1,0,0,0,0,3,1,6,3,-1,-1,-1,-1,-1,-1,-1,-1
2015051503357,2,1,0,4,0,1,0,0,0,0,3,1,6,1,24,5,-1,-1,-1,-1,1,-1
2015051503358,1,9,0,9,0,0,0,0,0,0,3,2,6,1,61,9,1349,1,5,-1,1,-1
2015051503358,2,3,0,15,0,0,0,0,0,0,1,1,6,1,28,6,125,1,-1,-1,1,-1
2015051503360,1,1,0,18,0,1,0,0,0,0,0,1,6,1,31,6,-1,-1,-1,-1,1,-1
2015051503362,1,9,0,18,0,0,0,4,1,0,1,1,1,3,-1,-1,1968,2,7,-1,-1,-1
2015051503362,2,9,0,2,0,0,0,0,0,0,2,1,6,3,-1,-1,-1,-1,-1,-1,-1,-1
2015051503363,1,9,0,1,0,0,0,0,0,0,2,1,6,1,47,8,1796,1,17,-1,1,-1
2015051503365,1,9,0,18,0,0,0,0,0,0,1,1,6,2,45,7,2967,2,6,-1,1,-1
2015051503365,2,9,0,4,0,0,0,0,1,11,2,1,6,2,36,7,1587,1,13,-1,1,-1
2015051503365,3,19,0,3,0,0,0,0,0,0,2,1,1,1,65,9,1868,2,14,-1,1,-1
2015051503366,1,11,0,18,0,0,0,11,0,0,0,1,1,1,38,7,6700,2,6,-1,1,-1
2015051503368,1,9,0,18,0,1,0,0,0,0,1,2,6,1,29,6,1598,2,2,-1,1,-1
2015051503368,2,9,0,10,0,1,0,0,0,0,2,1,6,2,61,9,1461,2,4,-1,1,-1
2015051503369,1,9,0,9,0,1,0,0,0,0,4,1,6,1,78,11,2319,6,18,-1,1,-1
2015051503369,2,1,0,18,0,1,0,0,0,0,1,1,2,1,43,7,-1,-1,-1,-1,1,-1
2015051503371,1,9,0,9,0,5,0,0,0,0,1,1,6,1,-1,-1,1956,2,-1,-1,-1,-1
2015051503371,2,1,0,18,0,1,0,0,0,0,3,1,6,1,51,8,-1,-1,-1,-1,1,-1
2015051503373,2,2,0,18,0,0,0,0,0,0,1,1,2,1,28,6,49,1,13,-1,2,-1
2015051503375,1,9,0,9,0,1,0,0,0,0,4,1,6,3,-1,-1,-1,-1,-1,-1,-1,-1
2015051503375,2,1,0,17,0,1,0,0,0,0,1,1,6,1,39,7,-1,-1,-1,-1,1,-1
2015051503376,1,9,0,12,0,0,0,0,1,1,3,1,6,1,65,9,2148,2,12,-1,1,-1
2015051503376,2,9,0,18,0,0,0,0,0,0,4,1,6,2,45,7,1984,1,11,-1,1,-1
2015051503376,3,9,0,2,0,0,0,0,0,0,2,1,6,3,-1,-1,1149,1,7,-1,-1,-1
2015051503382,1,9,0,1,0,0,0,10,0,0,2,1,6,2,33,6,-1,-1,-1,-1,1,-1
2015051503383,1,8,0,18,0,0,0,0,0,0,1,1,1,1,-1,-1,-1,-1,-1,-1,-1,-1
2015051503384,1,9,0,18,0,1,0,0,0,0,1,1,6,3,-1,-1,1584,1,8,-1,-1,-1
2015051503384,2,9,0,18,0,1,0,0,0,0,1,1,6,2,37,7,1399,2,3,-1,1,-1
2015051503385,1,9,0,9,0,8,0,0,0,0,1,1,6,1,39,7,1598,1,11,-1,1,-1
2015051503385,2,5,0,18,0,8,1,0,0,0,3,1,6,1,47,8,600,1,13,-1,1,-1
2015051503387,1,9,0,18,0,1,0,0,0,0,1,1,6,1,27,6,1596,1,4,-1,1,-1
2015051503388,1,9,0,5,0,0,0,0,0,0,1,1,6,1,25,5,1388,1,6,-1,1,-1
2015051503389,1,9,0,9,0,8,0,0,0,0,4,1,6,2,21,5,1390,1,9,-1,1,-1
2015051503389,2,9,0,18,0,1,0,0,0,0,1,1,2,2,55,8,2148,2,8,-1,1,-1
2015051503390,1,8,0,5,0,0,0,0,0,0,0,1,1,1,26,6,1997,2,5,-1,1,-1
2015051503391,1,9,0,9,0,1,0,0,0,0,1,1,6,3,-1,-1,-1,-1,-1,-1,-1,-1
2015051503391,2,1,0,18,0,1,0,0,0,0,1,1,6,1,41,7,-1,-1,-1,-1,1,-1
2015051503393,1,9,0,14,0,0,0,0,0,0,3,1,6,3,-1,-1,1753,2,6,-1,-1,-1
2015051503393,2,9,0,3,0,0,0,0,0,0,3,1,6,1,37,7,1997,2,-1,-1,1,-1
2015051503395,1,9,0,18,0,0,0,0,0,0,1,1,6,1,64,9,1910,2,8,-1,1,-1
2015051503398,1,9,0,18,0,1,0,0,0,0,1,1,6,1,18,4,-1,-1,-1,-1,1,-1
2015051503398,2,9,0,3,0,1,0,0,0,0,2,1,6,1,23,5,1560,2,-1,-1,1,-1
2015051503398,3,9,0,4,0,1,0,0,0,0,2,1,6,1,29,6,1560,2,-1,-1,1,-1
2015051503401,1,9,0,4,0,1,0,0,0,0,0,1,6,1,38,7,2993,2,3,-1,-1,-1
2015051503401,2,9,0,18,0,8,1,0,7,7,1,1,6,1,18,4,1598,1,3,-1,1,-1
2015051503401,3,9,0,18,0,8,1,0,1,1,4,1,6,1,46,8,1968,2,5,-1,1,-1
2015051503406,1,3,0,17,0,0,1,0,1,1,1,1,6,1,32,6,124,1,8,-1,1,-1
2015051503408,1,9,0,10,0,1,0,0,0,0,4,1,6,1,25,5,1995,2,7,-1,1,-1
2015051503408,2,3,0,18,0,1,0,0,0,0,1,1,6,1,21,5,124,1,8,-1,1,-1
2015051503409,1,9,0,9,0,8,0,0,0,0,4,1,6,1,23,5,1582,2,6,-1,1,-1
2015051503409,2,9,0,18,0,8,0,0,0,0,1,1,6,1,52,8,2179,2,8,-1,1,-1
2015051503411,1,9,0,18,0,2,0,0,0,0,1,1,6,1,70,10,1896,2,12,-1,1,-1
2015051503412,1,9,0,5,0,1,0,0,0,0,1,1,6,2,24,5,1598,1,9,-1,1,-1
2015051503412,2,9,0,4,0,1,0,0,0,0,2,1,6,1,28,6,1995,2,2,-1,3,-1
2015051503413,1,9,0,18,0,0,0,0,0,0,3,1,6,1,37,7,1995,2,4,-1,1,-1
2015051503413,2,11,0,18,0,0,1,0,7,9,3,1,1,1,44,7,4250,2,11,-1,1,-1
2015051503414,1,9,0,18,0,0,0,0,0,0,4,1,6,2,76,11,1299,1,10,-1,1,-1
2015051503414,2,19,0,2,0,0,0,0,0,0,4,1,6,3,-1,-1,1995,2,2,-1,-1,-1
2015051503416,1,8,0,9,0,2,0,0,0,0,3,1,1,1,36,7,2664,2,14,-1,1,-1
2015051503416,2,3,0,18,0,1,0,0,0,0,1,1,2,1,24,5,124,1,8,-1,1,-1
2015051503417,1,8,0,9,0,1,0,0,0,0,1,1,1,1,43,7,1997,2,5,-1,1,-1
2015051503417,2,9,0,9,0,1,0,0,0,0,3,1,6,2,41,7,1242,1,1,-1,1,-1
2015051503418,1,9,0,18,0,8,0,0,0,0,1,1,2,2,65,9,1229,1,6,-1,1,-1
2015051503418,2,9,0,18,0,8,0,0,0,0,3,1,2,2,30,6,-1,-1,-1,-1,1,-1
2015051503418,3,9,0,18,0,8,0,0,0,0,3,1,2,1,21,5,1461,2,-1,-1,1,-1
2015051503419,1,17,0,18,0,8,0,0,0,0,4,1,1,1,45,7,-1,-1,-1,-1,1,-1
2015051503419,2,9,0,18,0,8,0,0,0,0,3,1,6,2,32,6,1956,2,5,-1,1,-1
2015051503420,1,9,0,1,0,0,0,0,0,0,2,1,6,1,73,10,998,1,11,-1,1,-1
2015051503422,1,9,0,18,0,2,0,0,0,0,1,1,6,2,34,6,1229,1,-1,-1,1,-1
2015051503424,1,9,0,9,0,2,0,0,0,0,3,1,6,2,26,6,1587,1,12,-1,1,-1
2015051503424,2,3,0,4,0,1,0,0,0,0,1,1,6,1,26,6,124,1,-1,-1,1,-1
2015051503426,2,9,0,7,0,1,0,0,0,0,2,1,6,1,76,11,1386,1,9,-1,1,-1
2015051503428,1,9,0,9,0,8,0,0,0,0,1,1,6,1,35,6,1242,1,1,-1,1,-1
2015051503428,2,8,0,18,0,8,0,0,0,0,1,1,1,1,39,7,1997,2,5,-1,1,-1
2015051503429,1,9,0,12,0,7,0,0,0,0,1,1,6,1,30,6,1598,1,4,-1,1,-1
2015051503429,2,1,0,18,0,8,0,0,0,0,2,1,6,1,13,3,-1,-1,-1,-1,1,-1
2015051503430,1,9,0,7,0,8,0,0,0,0,1,1,6,2,52,8,1994,2,14,-1,1,-1
2015051503430,2,9,0,4,0,1,0,0,0,0,3,1,6,1,42,7,1461,2,4,-1,1,-1
2015051503435,1,9,0,10,0,0,0,0,0,0,4,1,3,2,50,8,1242,1,-1,-1,1,-1
2015051503436,1,9,0,5,0,0,0,0,0,0,3,1,6,2,74,10,998,1,1,-1,1,-1
2015051503436,2,9,0,5,0,0,0,0,0,0,4,1,6,1,18,4,1461,2,1,-1,1,-1
2015051503436,3,9,0,2,0,0,0,0,0,0,3,1,6,3,-1,-1,1461,2,-1,-1,-1,-1
2015051503437,1,9,0,18,0,6,0,0,0,0,1,1,6,3,-1,-1,1997,2,12,-1,-1,-1
2015051503437,2,8,0,18,0,8,0,0,0,0,1,1,1,1,47,8,2402,2,9,-1,1,-1
2015051503439,1,9,0,3,0,0,0,0,0,0,2,1,6,1,25,5,1968,2,7,-1,1,-1
2015051503439,2,9,0,18,0,0,0,0,0,0,1,1,6,1,25,5,2000,1,11,-1,1,-1
2015051503440,1,9,0,13,0,0,0,0,0,0,3,1,6,1,43,7,1896,2,5,-1,1,-1
2015051503440,2,3,0,18,0,0,0,0,0,0,3,1,6,1,17,4,124,1,-1,-1,2,-1
2015051503440,3,9,0,18,0,0,0,0,0,0,0,1,6,2,38,7,1560,2,7,-1,1,-1
2015051503442,1,9,0,18,0,1,0,0,0,0,1,1,6,1,69,10,1587,1,8,-1,1,-1
2015051503444,1,19,0,18,0,0,0,0,0,0,4,1,6,1,21,5,1598,2,-1,-1,1,-1
2015051503446,1,9,0,18,0,0,0,0,2,7,4,1,6,2,30,6,1798,2,5,-1,1,-1
2015051503447,1,8,0,6,0,0,0,0,0,0,1,1,1,1,53,8,2402,2,14,-1,1,-1
2015051503447,2,1,0,18,0,0,0,0,0,0,1,1,2,1,24,5,-1,-1,-1,-1,1,-1
2015051503448,1,9,0,18,0,0,0,0,0,0,1,1,6,1,26,6,1388,1,14,-1,1,-1
2015051503448,2,9,0,3,0,0,0,0,0,0,2,1,6,1,61,9,1560,2,3,-1,1,-1
2015051503450,1,9,0,6,0,0,0,0,0,0,0,1,6,1,21,5,1349,1,4,-1,1,-1
2015051503450,2,11,0,18,0,0,0,0,0,0,0,1,1,1,53,8,6696,2,-1,-1,1,-1
2015051503451,1,9,0,9,0,8,5,0,0,0,4,1,6,2,28,6,1582,2,4,-1,1,-1
2015051503451,2,9,0,4,0,1,0,0,0,0,1,1,6,1,43,7,1242,1,1,-1,1,-1
2015051503452,1,9,0,18,0,1,0,0,1,7,1,1,6,1,23,5,1995,1,7,-1,1,-1
2015051503460,1,8,0,18,0,0,0,0,1,0,1,1,6,3,-1,-1,-1,-1,-1,-1,-1,-1
2015051503461,1,9,0,4,0,0,0,0,0,0,1,1,6,3,-1,-1,-1,-1,-1,-1,-1,-1
2015051503461,2,9,0,4,0,0,0,0,0,0,2,1,1,3,-1,-1,1560,2,4,-1,-1,-1
2015051503461,3,9,0,18,0,0,0,0,0,0,2,1,6,2,59,9,1248,2,2,-1,1,-1
2015051503461,4,9,0,4,0,0,0,0,0,0,2,1,6,2,28,6,1596,1,9,-1,1,-1
2015051503461,5,9,0,18,0,0,0,0,0,0,2,1,6,2,47,8,-1,3,-1,-1,1,-1
2015051503462,1,11,0,18,0,1,0,0,0,0,1,1,1,1,61,9,4760,2,2,-1,1,-1
2015051503462,2,11,0,18,0,1,0,0,0,0,3,1,1,1,29,6,6700,2,5,-1,1,-1
2015051503463,1,9,4,18,0,0,0,0,0,0,1,1,6,1,30,6,1796,1,13,-1,1,-1
2015051503463,2,9,0,3,0,0,0,0,0,0,2,1,6,2,27,6,1339,8,5,-1,1,-1
2015051503464,1,9,0,9,0,4,0,0,0,0,3,1,2,2,48,8,1598,2,2,-1,1,-1
2015051503464,2,1,0,18,0,3,0,0,0,0,1,1,6,1,22,5,-1,-1,-1,-1,1,-1
2015051503465,1,9,0,18,0,0,0,0,0,0,1,1,6,1,67,10,1896,2,19,-1,1,-1
2015051503466,1,1,0,18,0,6,0,0,0,0,1,1,6,1,15,3,-1,-1,-1,-1,1,-1
2015051503466,2,9,0,18,0,2,0,0,0,0,3,1,6,1,56,9,1596,1,-1,-1,1,-1
2015051503468,1,5,0,18,0,0,0,0,0,0,1,1,6,1,54,8,599,1,3,-1,1,-1
2015051503469,1,3,0,18,0,0,0,0,0,0,0,1,6,3,-1,-1,125,1,-1,-1,-1,-1
2015051503469,2,9,0,18,0,0,0,0,0,0,1,1,6,1,33,6,-1,-1,-1,-1,1,-1
2015051503469,3,9,0,2,0,0,0,0,0,0,1,1,6,3,-1,-1,1149,1,15,-1,-1,-1
2015051503472,1,9,0,5,0,1,0,0,0,0,4,1,6,1,62,9,1999,2,-1,-1,1,-1
2015051503474,1,9,0,9,0,8,0,0,0,0,4,1,6,3,-1,-1,1198,1,1,-1,-1,-1
2015051503474,2,9,0,18,0,8,0,0,0,0,1,1,6,2,28,6,1995,2,-1,-1,1,-1
2015051503476,1,9,0,5,0,0,0,0,0,0,1,1,6,1,31,6,1968,2,5,-1,1,-1
2015051503477,1,9,0,18,0,1,0,0,0,0,4,1,6,1,62,9,2000,2,8,-1,1,-1
2015051503479,1,9,0,9,0,8,0,0,0,0,3,1,6,1,31,6,1685,2,-1,-1,1,-1
2015051503479,2,3,0,18,0,1,0,0,0,0,1,1,2,1,25,5,124,1,1,-1,1,-1
2015051503480,1,1,0,18,0,4,0,0,0,0,4,1,6,1,76,11,-1,-1,-1,-1,1,-1
2015051503480,2,9,0,18,0,4,0,0,0,0,1,1,6,1,21,5,995,1,10,-1,1,-1
2015051503482,1,9,0,12,0,1,0,0,0,0,0,1,6,1,23,5,1796,1,9,-1,1,-1
2015051503482,2,5,0,3,0,1,0,0,0,0,1,1,2,1,64,9,583,1,25,-1,1,-1
2015051503483,1,9,0,18,0,0,0,0,0,0,3,1,2,1,50,8,2497,1,8,-1,1,-1
2015051503484,1,9,0,18,0,2,0,0,0,0,1,1,6,1,52,8,1596,1,9,-1,1,-1
2015051503488,1,9,0,18,0,8,0,0,0,0,4,1,6,1,50,8,1997,2,-1,-1,3,-1
2015051503488,2,9,0,5,0,4,0,0,0,0,1,1,6,1,60,9,-1,-1,-1,-1,2,-1
2015051503489,1,9,0,7,0,2,1,0,2,11,1,1,6,1,30,6,2979,1,12,-1,1,-1
2015051503490,1,9,0,18,0,8,0,0,0,0,1,1,6,1,-1,-1,1299,1,14,-1,-1,-1
2015051503490,2,9,0,18,0,8,0,0,0,0,1,1,2,2,44,7,1360,1,14,-1,1,-1
2015051503491,1,9,0,18,0,2,0,0,0,0,1,1,6,1,23,5,1242,1,7,-1,1,-1
2015051503491,2,9,0,18,0,2,0,0,0,0,1,1,6,2,46,8,1910,2,9,-1,1,-1
2015051503492,1,11,0,18,0,0,0,0,0,0,1,1,1,1,54,8,3900,2,9,-1,1,-1
2015051503492,2,9,0,3,0,0,0,0,0,0,2,1,6,1,43,7,1560,2,5,-1,1,-1
2015051503492,3,9,0,18,0,0,0,0,0,0,1,1,6,2,40,7,1229,1,1,-1,1,-1
2015051503495,1,9,0,18,0,8,0,0,0,0,1,1,6,2,25,5,1397,1,6,-1,1,-1
2015051503495,2,9,0,18,0,8,0,0,0,0,3,1,6,2,67,10,1248,1,1,-1,1,-1
2015051503496,1,9,0,18,0,1,1,0,7,11,1,1,6,1,45,7,3189,1,11,-1,1,-1
2015051503496,2,9,0,7,0,6,0,0,0,0,3,1,6,2,29,6,1197,1,3,-1,1,-1
2015051503496,3,9,0,2,0,2,0,0,0,0,2,1,6,3,-1,-1,1298,1,15,-1,-1,-1
2015051503498,1,9,0,18,0,2,0,0,0,0,1,1,6,2,55,8,1242,1,7,-1,1,-1
2015051503498,2,9,0,2,0,1,0,0,0,0,2,1,6,1,21,5,1595,1,8,-1,3,-1
2015051503500,1,9,0,15,0,1,0,0,0,0,1,1,6,3,-1,-1,-1,-1,-1,-1,-1,-1
2015051503501,1,9,0,4,0,1,0,0,0,0,4,1,1,1,31,6,2400,2,4,-1,-1,-1
2015051503501,2,19,0,1,0,1,0,4,0,0,2,1,6,3,-1,-1,2179,2,10,-1,-1,-1
2015051503501,3,9,0,4,0,1,0,0,0,0,3,2,6,1,41,7,-1,-1,-1,-1,-1,-1
2015051503502,1,9,0,18,0,0,0,0,0,0,1,1,6,1,48,8,1596,1,11,-1,1,-1
2015051503502,2,9,0,3,0,0,0,0,0,0,2,1,6,1,69,10,1197,1,-1,-1,2,-1
2015051503502,3,19,0,3,0,0,0,0,0,0,0,1,2,1,23,5,1998,2,14,-1,1,-1
2015051503504,1,5,0,4,0,1,0,0,0,0,0,1,6,2,52,8,899,1,18,-1,1,-1
2015051503504,2,19,0,9,0,1,0,0,0,0,0,1,1,1,36,7,2987,2,7,-1,-1,-1
2015051503505,1,8,0,2,0,0,0,0,0,0,1,1,1,1,29,6,1896,2,9,-1,1,-1
2015051503510,1,9,0,18,0,0,0,0,0,0,4,1,6,2,38,7,1296,1,9,-1,1,-1
2015051503511,1,9,0,9,0,2,0,0,0,0,1,1,6,1,43,7,998,1,6,-1,1,-1
2015051503512,1,9,0,18,0,8,5,0,1,7,1,1,6,2,18,4,1242,1,2,-1,1,-1
2015051503513,1,9,0,9,0,6,0,0,0,0,0,1,6,3,-1,-1,-1,-1,-1,-1,-1,-1
2015051503513,2,9,0,18,0,1,1,0,2,7,1,1,6,1,47,8,1242,1,14,-1,-1,-1
2015051503516,1,8,0,9,0,5,0,0,0,0,1,1,6,1,45,7,1910,2,9,-1,1,-1
2015051503516,2,1,0,4,0,6,0,0,0,0,1,1,2,1,39,7,-1,-1,-1,-1,1,-1
2015051503518,1,9,0,18,0,0,0,0,0,0,1,1,6,2,23,5,1242,1,-1,-1,1,-1
2015051503518,2,9,0,18,0,0,0,0,0,0,1,1,6,1,21,5,2000,2,12,-1,1,-1
2015051600001,1,9,0,18,0,1,1,0,0,0,1,1,2,1,47,8,1997,2,8,-1,1,-1
2015051600002,1,3,0,18,0,8,0,0,0,0,1,1,6,1,21,5,125,1,1,-1,1,-1
2015051600002,2,9,0,18,0,8,0,0,0,0,4,1,6,1,68,10,1598,1,13,-1,1,-1
2015051600003,1,9,0,18,0,0,1,0,0,0,1,1,6,1,32,6,2000,1,8,-1,1,-1
2015051600003,2,9,0,18,0,0,0,0,0,0,1,1,6,1,34,6,1198,1,13,-1,1,-1
2015051600004,1,9,0,18,0,0,0,0,0,0,1,1,6,1,51,8,1360,1,13,-1,1,-1
2015051600006,1,9,0,9,0,8,0,0,0,0,1,1,6,1,26,6,1229,1,4,-1,1,-1
2015051600006,2,9,0,18,0,8,0,0,0,0,3,1,6,2,19,4,1299,1,10,-1,1,-1
2015051600008,1,5,0,18,0,4,1,0,0,0,4,1,6,1,27,6,988,1,11,-1,1,-1
2015051600013,1,9,0,18,0,0,0,0,0,0,1,1,6,3,-1,-1,-1,-1,-1,-1,-1,-1
2015051600016,1,19,0,18,0,0,1,0,0,0,1,1,1,1,40,7,2500,2,10,-1,1,-1
2015051600016,2,9,0,4,0,0,1,0,0,0,2,1,1,1,21,5,1997,2,15,-1,1,-1
2015051600016,3,9,0,4,0,0,1,0,0,0,2,1,1,1,37,7,1896,2,13,-1,1,-1
2015051600024,1,19,0,18,0,0,0,0,0,0,1,1,6,1,26,6,1968,2,-1,-1,1,-1
2015051600024,2,19,0,18,0,0,0,0,0,0,2,1,2,1,44,7,-1,-1,-1,-1,1,-1
2015051600043,1,9,0,8,0,1,0,0,0,0,1,1,1,1,50,8,1896,2,6,-1,-1,-1
2015051600043,2,9,0,8,0,1,0,0,0,0,2,1,6,2,48,8,1596,1,7,-1,1,-1
2015051600050,1,9,0,18,0,0,5,0,2,7,3,1,6,2,23,5,1248,1,5,-1,1,-1
2015051600068,1,9,0,9,0,5,0,0,0,0,4,1,2,2,28,6,998,1,1,-1,1,-1
2015051600068,2,5,0,18,0,8,0,0,0,0,1,1,6,1,31,6,645,1,7,-1,3,-1
2015051600081,1,19,0,7,0,4,0,0,0,0,1,1,6,3,-1,-1,2198,2,7,-1,-1,-1
2015051600081,2,9,0,7,0,4,0,0,0,0,2,1,6,1,21,5,1242,1,10,-1,1,-1
2015051600087,1,9,0,18,0,0,0,0,0,0,1,1,6,1,36,7,2902,2,12,-1,1,-1
2015051600087,2,9,0,18,0,0,0,0,0,0,2,1,6,2,46,8,1200,1,1,-1,1,-1
2015051600089,1,9,0,18,0,0,0,0,0,0,4,1,6,3,-1,-1,-1,-1,-1,-1,-1,-1
2015051600141,1,9,0,18,0,0,0,0,1,0,1,1,6,1,27,6,-1,-1,-1,-1,1,-1
2015051600143,1,9,0,12,0,0,0,0,0,0,0,1,6,3,-1,-1,-1,-1,-1,-1,-1,-1
2015051600143,2,9,0,18,0,0,0,0,1,0,3,1,6,2,59,9,1149,1,11,-1,1,-1
2015051600162,1,9,0,18,0,0,0,0,0,0,1,1,6,1,28,6,1560,2,10,-1,1,-1
2015051600162,2,11,0,18,0,0,0,0,0,0,1,1,1,1,57,9,5883,2,11,-1,1,-1
2015051600164,1,19,0,1,0,1,0,0,0,0,2,1,6,3,-1,-1,2198,2,3,-1,-1,-1
2015051600164,2,9,0,3,0,1,0,0,0,0,1,1,6,1,35,6,1995,2,1,-1,1,-1
2015051600179,1,9,0,4,0,1,0,0,0,0,0,1,1,1,36,7,2993,2,2,-1,-1,-1
2015051600179,2,9,0,4,0,1,0,10,7,0,1,1,6,3,-1,-1,1956,2,3,-1,-1,-1
2015051600179,3,9,0,18,0,8,0,0,0,0,4,1,6,1,60,9,1591,1,1,-1,1,-1
2015051600235,1,9,0,5,0,0,0,0,0,0,1,1,3,1,31,6,2685,2,10,-1,-1,-1
2015051600276,1,9,0,1,0,6,0,0,0,0,2,1,6,1,-1,-1,1242,1,7,-1,-1,-1
2015051600347,1,8,0,18,0,0,0,0,0,0,4,1,6,3,-1,-1,-1,-1,-1,-1,-1,-1
2015051600357,1,9,0,7,0,1,0,0,0,0,0,1,6,3,-1,-1,-1,-1,-1,-1,-1,-1
2015051600357,2,8,0,18,0,1,0,0,0,0,0,1,1,1,48,8,2402,2,13,-1,1,-1
2015051600480,1,9,0,18,0,0,0,0,0,0,3,1,6,3,-1,-1,-1,-1,-1,-1,-1,-1
2015051600480,2,9,0,18,0,0,0,0,0,0,3,1,6,2,34,6,1497,1,12,-1,1,-1
2015051600480,3,9,0,18,0,0,0,0,0,0,1,1,6,1,38,7,1598,1,11,-1,3,-1
2015051600480,4,9,0,18,0,0,0,0,0,0,4,1,6,1,26,6,1686,2,2,-1,1,-1
2015051600480,5,9,0,18,0,0,0,0,0,0,1,1,1,1,35,6,2000,2,9,-1,1,-1
2015051600480,6,9,0,18,0,0,5,0,1,9,3,1,6,1,38,7,1968,2,-1,-1,1,-1
2015051600572,1,9,0,4,0,0,0,0,0,0,1,1,1,2,37,7,1248,2,1,-1,1,-1
2015051600572,2,9,0,4,0,0,0,0,0,0,2,1,2,1,39,7,1796,1,8,-1,1,-1
2015051600572,3,9,0,4,0,0,0,0,0,0,2,1,2,2,21,5,1229,1,4,-1,1,-1
2015051600572,4,9,0,4,0,0,0,0,0,0,2,1,2,1,47,8,1598,1,9,-1,3,-1
2015051600592,1,9,0,18,0,0,0,0,0,0,1,1,6,1,51,8,1998,2,9,-1,1,-1
2015051600592,2,9,0,2,0,0,0,0,0,0,2,1,6,2,32,6,1956,2,1,-1,1,-1
2015051600603,1,9,0,3,0,1,0,0,0,0,2,1,6,2,24,5,1242,1,8,-1,1,-1
2015051600603,2,9,0,3,0,1,0,0,0,0,0,1,6,2,24,5,1596,1,1,-1,1,-1
2015051600654,1,9,0,18,0,0,0,0,0,0,3,1,6,1,36,7,1598,1,-1,-1,1,-1
2015051600654,2,4,0,18,0,0,0,0,0,0,4,1,2,1,19,4,115,1,-1,-1,1,-1
2015051600766,1,9,0,18,0,8,0,0,0,0,4,1,6,1,20,4,-1,-1,-1,-1,1,-1
2015051600766,2,9,0,18,0,8,0,0,0,0,1,1,6,1,30,6,998,1,13,-1,1,-1
2015051600803,1,97,0,7,0,1,0,0,0,0,0,1,6,1,-1,-1,-1,-1,-1,-1,-1,-1
2015051600837,1,19,0,18,0,0,0,0,0,0,1,1,6,3,-1,-1,1461,2,4,-1,-1,-1
2015051600837,2,9,0,18,0,0,0,0,0,0,2,1,6,1,61,9,1686,2,3,-1,1,-1
2015051600873,1,9,0,18,0,1,0,0,0,0,1,1,6,2,19,4,1198,1,1,-1,1,-1