Accident_Index,Vehicle_Reference,Vehicle_Type,Towing_and_Articulation,Vehicle_Manoeuvre,Vehicle_Location-Restricted_Lane,Junction_Location,Skidding_and_Overturning,Hit_Object_in_Carriageway,Vehicle_Leaving_Carriageway,Hit_Object_off_Carriageway,1st_Point_of_Impact,Was_Vehicle_Left_Hand_Drive?,Journey_Purpose_of_Driver,Sex_of_Driver,Age_of_Driver,Age_Band_of_Driver,Engine_Capacity_(CC),Propulsion_Code,Age_of_Vehicle,Driver_IMD_Decile,Driver_Home_Area_Type,Vehicle_IMD_Decile
2015051600873,2,9,0,18,0,1,1,0,0,0,4,1,6,2,31,6,1395,1,1,-1,1,-1
2015051600959,1,4,0,18,0,0,1,0,0,0,1,1,6,1,-1,-1,124,1,9,-1,-1,-1
2015051600959,2,19,0,2,0,0,0,0,0,0,1,1,6,1,26,6,1560,2,-1,-1,1,-1
2015051601065,1,19,0,18,0,4,0,0,0,0,1,1,1,2,46,8,2402,2,11,-1,1,-1
2015051601065,2,3,0,9,0,8,0,0,0,0,4,1,2,1,26,6,124,1,2,-1,1,-1
2015051601086,1,1,0,5,0,1,0,0,0,0,3,1,6,1,13,3,-1,-1,-1,-1,1,-1
2015051601086,2,9,0,4,0,1,0,0,0,0,1,1,1,1,50,8,1997,2,5,-1,1,-1
2015051601238,1,9,0,9,0,8,0,0,0,0,1,1,6,2,33,6,1598,1,8,-1,1,-1
2015051601282,1,21,0,5,0,6,0,0,0,0,2,1,1,1,43,7,-1,-1,-1,-1,1,-1
2015051601282,2,8,0,13,0,1,1,0,0,0,1,1,1,1,44,7,2148,2,6,-1,-1,-1
201506A000079,1,9,0,6,0,0,0,0,0,0,3,1,1,1,64,9,1753,2,8,-1,1,-1
201506A000079,2,3,0,18,0,0,0,0,0,0,1,1,2,1,35,6,108,1,2,-1,1,-1
201506A000115,1,19,0,9,0,8,0,0,1,0,3,1,1,1,55,8,1996,2,1,-1,1,-1
201506A000115,2,9,0,18,0,8,0,0,0,0,1,1,6,2,21,5,1329,1,3,-1,1,-1
201506A000115,3,9,0,8,0,1,0,0,0,0,3,1,6,2,40,7,1598,1,7,-1,1,-1
201506A000187,1,9,0,9,4,8,0,0,0,0,1,1,6,1,30,6,998,1,12,-1,1,-1
201506A000187,2,1,0,18,4,8,0,0,0,0,1,1,1,1,36,7,-1,-1,-1,-1,1,-1
201506A000215,1,9,0,9,0,1,0,0,0,0,3,1,2,2,25,5,1968,2,7,-1,1,-1
201506A000215,2,4,0,18,0,1,0,0,0,0,4,1,2,1,41,7,1050,1,6,-1,1,-1
201506A000223,1,11,0,18,2,1,0,0,0,0,0,1,1,1,46,8,6700,2,1,-1,1,-1
201506A000311,1,9,0,18,0,1,0,0,0,0,4,1,1,1,53,8,-1,-1,-1,-1,1,-1
201506A000311,2,1,0,18,0,1,0,0,1,0,3,1,2,1,46,8,-1,-1,-1,-1,1,-1
201506A000351,1,9,0,18,0,8,0,0,0,0,1,1,6,1,32,6,998,1,6,-1,1,-1
201506A000365,1,9,0,18,0,1,0,0,0,0,1,1,6,1,24,5,1398,1,12,-1,1,-1
201506A000365,2,9,0,18,0,1,0,0,0,0,2,1,6,1,46,8,-1,-1,-1,-1,1,-1
201506A000422,1,9,0,18,0,8,0,0,0,0,4,1,6,2,77,11,-1,-1,-1,-1,1,-1
201506A000422,2,90,0,18,0,8,0,0,0,0,1,1,1,1,38,7,9365,2,6,-1,1,-1
201506A000437,1,9,0,9,0,8,0,0,0,0,1,1,6,1,42,7,1386,1,8,-1,1,-1
201506A000437,2,9,0,18,0,8,0,0,7,0,1,1,6,1,35,6,1998,1,10,-1,1,-1
201506A000470,1,3,0,18,9,8,1,0,0,0,1,1,6,1,30,6,108,1,5,-1,-1,-1
201506A000470,2,9,0,9,0,8,0,0,0,0,4,1,6,1,47,8,1398,1,-1,-1,1,-1
201506A000562,1,3,0,9,0,8,0,0,0,0,1,1,2,1,19,4,125,1,10,-1,-1,-1
201506A000562,2,9,0,18,0,8,0,0,0,0,3,1,2,2,30,6,1398,1,4,-1,1,-1
201506A000581,1,9,0,18,0,6,0,0,0,0,1,1,6,1,21,5,1149,1,10,-1,1,-1
201506A000581,2,9,0,18,0,8,0,0,0,0,3,1,6,2,46,8,1461,2,2,-1,1,-1
201506A000607,1,9,0,18,0,2,1,0,0,0,1,1,6,1,26,6,1598,2,4,-1,1,-1
201506A000613,1,9,0,6,0,0,0,0,0,0,1,1,6,2,24,5,1598,2,2,-1,1,-1
201506A000613,2,9,0,18,0,0,1,0,0,0,1,1,6,3,-1,-1,-1,-1,-1,-1,-1,-1
201506A000613,3,9,0,2,0,0,0,0,0,0,2,1,6,2,67,10,1584,1,8,-1,1,-1
201506A000655,1,11,0,18,0,1,0,7,0,7,4,1,1,2,30,6,-1,-1,-1,-1,-1,-1
201506A000672,1,5,0,18,0,8,2,0,7,0,4,1,6,1,29,6,821,1,2,-1,1,-1
201506A000672,2,9,0,18,0,8,0,0,0,0,3,1,6,1,48,8,-1,-1,-1,-1,3,-1
201506A000672,3,19,0,2,0,8,0,0,0,0,0,1,6,1,30,6,2143,2,1,-1,1,-1
201506A000717,1,3,0,18,0,2,0,0,1,10,1,1,1,1,14,3,108,1,2,-1,1,-1
201506A000767,1,9,0,18,0,0,0,0,0,0,4,1,6,1,31,6,1968,2,6,-1,1,-1
201506A000855,1,9,0,18,0,1,0,0,0,0,3,1,6,2,28,6,1995,2,7,-1,1,-1
201506A000859,1,9,0,9,0,8,0,0,0,0,4,1,6,2,27,6,1497,8,8,-1,1,-1
201506A000859,2,1,0,18,0,8,0,0,0,0,1,1,6,1,5,1,-1,-1,-1,-1,1,-1
201506A000914,1,9,0,9,0,8,0,0,0,0,1,1,6,1,34,6,1998,2,4,-1,1,-1
201506A000914,2,9,0,18,0,8,0,0,0,0,1,1,2,1,24,5,-1,-1,-1,-1,1,-1
201506A000929,1,10,0,18,0,2,0,0,0,0,4,1,1,1,49,8,2198,2,5,-1,1,-1
201506A000955,1,1,0,18,0,8,0,0,0,0,1,1,2,1,30,6,-1,-1,-1,-1,1,-1
201506A000955,2,9,0,9,0,8,0,0,0,0,4,1,6,2,57,9,1198,1,12,-1,1,-1
201506A000957,1,9,0,9,0,8,0,0,0,0,4,1,6,1,26,6,1997,2,12,-1,1,-1
201506A000957,2,9,0,18,0,8,0,0,1,0,1,1,6,1,39,7,1598,1,6,-1,1,-1
201506A000962,1,9,0,18,0,8,0,0,0,0,1,1,6,2,22,5,1598,1,3,-1,1,-1
201506A000962,2,9,0,18,0,8,0,0,0,0,1,1,6,2,49,8,1798,1,10,-1,1,-1
201506A000997,1,8,0,18,0,0,0,0,0,0,1,1,1,1,41,7,1686,2,5,-1,1,-1
201506A001037,1,9,0,9,0,6,0,0,0,0,1,1,6,1,30,6,1598,2,3,-1,-1,-1
201506A001037,2,9,0,18,0,8,1,4,0,0,4,1,6,1,25,5,1399,2,8,-1,1,-1
201506A001037,3,9,0,2,9,1,0,0,0,0,4,1,6,1,30,6,2993,2,10,-1,-1,-1
201506A001058,1,9,0,7,0,8,0,0,0,0,1,1,6,1,28,6,1248,1,-1,-1,1,-1
201506A001058,2,9,0,18,0,8,0,0,0,0,1,1,6,1,74,10,1769,1,12,-1,1,-1
201506A001064,1,9,0,9,0,6,0,0,0,0,1,1,6,2,21,5,1596,1,10,-1,1,-1
201506A001064,2,9,0,18,0,8,0,0,0,0,1,1,6,1,20,4,1595,1,22,-1,1,-1
201506A001064,3,9,0,18,0,8,0,0,0,0,1,1,6,2,36,7,796,1,15,-1,1,-1
201506A001067,1,9,0,18,0,8,0,0,0,0,1,1,6,2,52,8,1995,1,10,-1,1,-1
201506A001067,2,9,0,18,0,8,0,0,0,0,4,1,6,1,47,8,1796,1,16,-1,1,-1
201506A001069,1,9,0,18,0,0,0,0,0,0,3,1,6,1,18,4,1988,1,12,-1,1,-1
201506A001069,2,9,0,12,0,0,0,0,0,0,4,1,6,2,30,6,998,1,-1,-1,1,-1
201506A001069,3,11,0,18,0,0,0,0,0,0,3,1,1,1,53,8,10838,2,2,-1,1,-1
201506A001081,1,9,0,18,0,8,0,0,0,0,4,1,6,2,51,8,1339,1,11,-1,1,-1
201506A001081,2,1,0,18,0,8,0,0,0,0,3,1,1,1,48,8,-1,-1,-1,-1,1,-1
201506A001122,1,1,0,18,0,8,0,0,0,0,4,1,6,1,23,5,-1,-1,-1,-1,1,-1
201506A001122,2,9,0,18,0,1,0,0,0,0,1,1,6,1,35,6,2204,2,11,-1,1,-1
201506A001166,1,11,0,18,0,1,0,0,0,0,4,1,1,1,33,6,4500,2,7,-1,1,-1
201506A001282,1,9,0,18,0,1,0,0,0,0,1,1,1,1,26,6,1388,1,15,-1,1,-1
201506A001379,1,9,0,9,0,8,0,0,0,0,1,1,6,2,42,7,1242,1,6,-1,1,-1
201506A001379,2,4,0,18,0,8,0,0,0,0,1,1,6,1,22,5,125,1,15,-1,1,-1
201506A001392,1,9,0,10,0,1,0,0,0,0,4,1,6,2,29,6,1598,1,6,-1,1,-1
201506A001392,2,1,0,18,0,8,0,0,0,0,1,1,6,1,8,2,-1,-1,-1,-1,1,-1
201506A001439,1,9,0,7,0,1,1,0,0,0,3,1,6,1,32,6,1781,1,21,-1,-1,-1
201506A001439,2,9,0,2,0,1,0,0,0,0,3,1,1,1,62,9,1896,2,6,-1,1,-1
201506A001442,1,8,0,18,0,0,0,0,0,0,1,1,1,2,61,9,1364,2,1,-1,1,-1
201506A001556,1,9,0,9,0,8,0,0,0,0,1,1,6,1,67,10,1596,1,5,-1,1,-1
201506A001556,2,9,0,18,0,8,0,0,1,10,3,1,2,1,22,5,1398,1,5,-1,-1,-1
201506A001569,1,9,0,18,0,1,0,0,0,0,1,1,6,3,-1,-1,-1,-1,-1,-1,-1,-1
201506A001622,1,11,0,18,0,0,0,0,0,0,1,1,6,1,48,8,6700,2,3,-1,1,-1
201506A001625,1,9,0,7,0,5,0,0,0,0,4,1,2,1,42,7,3950,6,23,-1,1,-1
201506A001706,1,9,0,9,0,6,0,0,0,0,3,1,6,1,73,10,2143,2,3,-1,-1,-1
201506A001706,2,5,0,18,0,8,0,0,0,0,1,1,6,1,53,8,599,1,23,-1,1,-1
201506A001712,1,9,0,9,0,2,0,0,0,0,1,1,6,3,-1,-1,-1,-1,-1,-1,-1,-1
201506A001714,1,8,0,18,0,2,0,0,0,0,1,1,6,1,30,6,1997,2,1,-1,1,-1
201506A001714,2,19,0,18,0,1,0,0,0,0,1,1,6,1,49,8,-1,-1,-1,-1,1,-1
201506A001721,1,9,0,6,0,0,0,0,0,0,3,1,6,1,35,6,1995,2,8,-1,1,-1
201506A001721,2,9,0,18,0,0,0,0,0,0,1,1,6,1,38,7,-1,-1,-1,-1,1,-1
201506A001732,1,9,0,4,0,0,0,0,0,0,1,1,6,2,48,8,998,1,8,-1,-1,-1
201506A001734,1,9,0,18,0,8,0,0,0,0,1,1,6,2,25,5,1995,2,9,-1,1,-1
201506A001734,2,3,0,18,0,8,0,0,0,0,4,1,6,1,20,4,-1,-1,-1,-1,1,-1
201506A001966,1,9,0,18,0,8,0,0,0,0,4,1,6,2,80,11,1598,1,9,-1,3,-1
201506A001966,2,9,0,18,0,8,0,0,0,0,1,1,6,2,29,6,1242,1,12,-1,1,-1
201506A002046,1,5,0,16,0,0,0,0,4,6,1,1,6,1,55,8,1157,1,10,-1,1,-1
201506A002129,1,9,0,18,0,1,0,0,0,0,1,1,6,1,19,4,1560,2,1,-1,1,-1
201506A002162,1,9,0,18,0,0,0,0,0,0,1,1,6,1,47,8,1956,2,1,-1,1,-1
201506A002162,2,9,0,18,0,0,0,0,0,0,2,1,6,1,59,9,1560,2,4,-1,1,-1
201506A002169,1,9,0,7,0,6,0,0,0,0,1,1,6,2,26,6,1240,1,10,-1,1,-1
201506A002169,2,1,0,18,0,8,5,0,0,0,1,1,6,1,43,7,-1,-1,-1,-1,1,-1
201506A002208,1,9,0,18,0,0,0,0,0,0,4,1,6,3,-1,-1,-1,-1,-1,-1,-1,-1
201506A002227,1,8,0,9,0,8,0,0,0,0,3,1,1,1,64,9,1390,1,8,-1,1,-1
201506A002280,1,9,0,18,0,8,0,0,0,0,1,1,6,2,54,8,1956,2,1,-1,1,-1
201506A002300,1,9,0,18,0,0,0,0,0,0,1,1,6,3,-1,-1,-1,-1,-1,-1,-1,-1
201506A002363,1,8,0,6,0,0,0,0,0,0,3,1,6,1,43,7,2499,2,6,-1,-1,-1
201506A002363,2,3,0,18,0,0,0,0,0,0,1,1,6,1,49,8,124,1,3,-1,1,-1
201506A002379,1,5,0,18,0,0,0,0,0,0,3,1,1,1,65,9,1261,1,-1,-1,2,-1
201506A002389,1,9,0,9,0,8,0,0,0,0,1,1,6,1,24,5,1360,1,3,-1,1,-1
201506A002389,2,1,0,18,0,8,0,0,0,0,1,1,6,1,29,6,-1,-1,-1,-1,-1,-1
201506A002397,1,9,0,9,8,8,0,0,0,0,1,1,6,1,30,6,-1,-1,-1,-1,-1,-1
201506A002397,2,1,0,18,0,8,0,0,0,0,1,1,6,2,22,5,-1,-1,-1,-1,1,-1
201506A002416,1,9,0,18,0,2,0,0,0,0,4,1,6,2,33,6,1242,1,12,-1,1,-1
201506A002446,1,1,0,18,0,8,0,0,0,0,1,1,6,1,16,4,-1,-1,-1,-1,1,-1
201506A002446,2,9,0,18,0,8,0,0,0,0,3,1,6,1,30,6,-1,-1,-1,-1,-1,-1
201506A002470,1,9,0,9,0,8,0,0,0,0,1,1,6,1,21,5,1598,1,9,-1,1,-1
201506A002470,2,9,0,18,0,8,0,0,0,0,3,1,6,1,25,5,1339,1,10,-1,1,-1
201506A002477,1,9,0,18,0,8,0,0,0,0,2,1,6,1,34,6,1299,1,12,-1,1,-1
201506A002477,2,9,0,18,0,8,0,0,0,0,1,1,6,2,33,6,1995,1,8,-1,1,-1
201506A002497,1,9,0,18,0,8,0,0,0,0,1,1,6,1,26,6,1398,1,1,-1,1,-1
201506A002497,2,9,0,18,0,8,0,0,0,0,3,1,6,1,56,9,1995,2,2,-1,1,-1
201506A002686,1,9,0,9,0,8,0,0,0,0,1,1,1,1,24,5,1364,1,7,-1,1,-1
201506A002686,2,9,0,18,0,8,0,0,0,0,1,1,6,2,33,6,1870,2,13,-1,1,-1
201506A002716,1,9,0,9,0,8,0,0,0,0,1,1,6,1,37,7,1997,12,-1,-1,-1,-1
201506A002716,2,9,0,18,0,8,0,0,0,0,1,1,6,2,22,5,1598,1,11,-1,1,-1
201506A002744,1,9,0,9,0,2,0,0,0,0,3,1,6,2,55,8,1388,1,12,-1,1,-1
201506A002744,2,8,0,2,0,2,0,0,0,0,0,1,1,1,60,9,1560,2,3,-1,1,-1
201506A002779,1,9,0,9,0,6,0,0,0,0,1,1,2,1,56,9,1984,1,16,-1,-1,-1
201506A002779,2,9,0,17,0,8,0,0,7,0,4,1,2,2,25,5,1229,1,8,-1,1,-1
201506A002788,1,9,0,9,0,8,0,0,0,0,1,1,1,1,35,6,998,1,15,-1,1,-1
201506A002788,2,9,0,18,0,8,0,0,0,0,1,1,6,1,39,7,1299,1,14,-1,1,-1
201506A002805,1,19,0,5,0,1,0,0,0,0,1,2,6,3,-1,-1,-1,-1,-1,-1,-1,-1
201506A002864,1,9,0,18,0,8,0,0,0,0,1,1,6,2,33,6,-1,-1,-1,-1,1,-1
201506A002864,2,9,0,9,0,8,0,0,0,0,3,1,6,1,57,9,1998,2,6,-1,1,-1
201506A002871,1,9,0,7,0,5,0,0,0,0,1,1,6,1,66,10,-1,-1,-1,-1,1,-1
201506A002871,2,1,0,18,0,8,0,0,0,0,2,1,6,2,22,5,-1,-1,-1,-1,1,-1
201506A002872,1,9,0,4,0,0,0,0,0,0,1,1,3,1,40,7,1396,1,4,-1,1,-1
201506A002916,1,9,0,11,0,1,0,0,0,0,4,1,6,1,23,5,1461,2,1,-1,1,-1
201506A002916,2,8,0,18,0,1,0,0,0,0,3,1,6,1,33,6,2402,2,9,-1,1,-1
201506A002916,3,9,0,18,0,1,0,0,0,0,2,1,6,2,29,6,998,1,-1,-1,1,-1
201506A002932,1,5,0,13,0,8,0,0,0,0,1,1,6,1,50,8,892,1,16,-1,1,-1
201506A002932,2,9,0,9,0,8,0,0,0,0,3,1,1,1,34,6,1968,2,5,-1,1,-1
201506A002987,1,9,0,18,0,5,0,0,0,0,4,1,6,1,30,6,-1,-1,-1,-1,-1,-1
201506A003072,1,9,0,18,0,2,0,0,0,0,3,1,1,1,30,6,1995,2,1,-1,-1,-1
201506A003073,1,9,0,18,0,0,0,0,0,0,1,1,2,2,41,7,998,1,12,-1,-1,-1
201506A003073,2,9,0,3,0,0,0,0,0,0,0,1,2,1,51,8,998,1,6,-1,1,-1
201506A003073,3,1,0,18,0,0,0,0,0,0,1,1,4,2,10,2,-1,-1,-1,-1,1,-1
201506A003077,1,9,0,18,0,0,0,0,0,0,1,1,6,2,37,7,1794,1,11,-1,1,-1
201506A003084,1,9,0,18,9,8,0,0,1,0,4,1,6,1,23,5,1199,1,14,-1,1,-1
201506A003091,1,9,0,5,0,0,0,0,0,0,4,1,6,1,75,10,1560,2,2,-1,1,-1
201506A003094,1,9,0,18,0,2,0,0,0,0,1,1,6,1,-1,-1,1360,1,11,-1,-1,-1
201506A003094,2,9,0,18,0,1,0,0,0,0,1,1,6,2,25,5,1242,1,8,-1,1,-1
201506A003129,1,9,0,18,0,1,0,0,0,0,1,1,6,2,30,6,998,1,7,-1,-1,-1
201506A003129,2,9,0,3,0,1,0,0,0,0,2,1,6,1,35,6,505,1,12,-1,1,-1
201506A003129,3,9,0,3,0,1,0,0,0,0,2,1,6,1,27,6,1781,1,13,-1,1,-1
201506A003129,4,9,0,3,0,1,0,0,0,0,2,1,6,1,56,9,-1,-1,-1,-1,1,-1
201506A003163,1,9,0,9,0,8,0,0,0,0,1,1,6,2,53,8,1840,1,14,-1,1,-1
201506A003163,2,9,0,18,0,8,0,0,0,0,1,1,6,2,36,7,998,1,-1,-1,1,-1
201506A003218,1,9,0,16,0,1,0,0,0,0,1,1,6,3,-1,-1,1968,2,1,-1,-1,-1
201506A003218,2,9,0,17,0,2,0,0,0,0,1,1,6,1,42,7,4163,1,7,-1,1,-1
201506A003265,1,9,0,18,0,8,0,0,0,0,3,1,6,3,-1,-1,-1,-1,-1,-1,-1,-1
201506A003265,2,9,0,18,0,8,0,0,0,0,3,1,6,1,55,8,1796,1,19,-1,1,-1
201506A003353,1,9,0,18,0,8,0,0,0,0,1,1,6,2,19,4,1598,1,8,-1,1,-1
201506A003353,2,9,0,18,0,8,0,0,0,0,1,1,6,1,34,6,1598,1,3,-1,1,-1
201506A003367,1,9,0,9,0,5,0,0,0,0,1,1,1,1,20,4,1956,2,4,-1,3,-1
201506A003367,2,19,0,18,0,8,0,0,0,0,4,1,6,1,24,5,1998,2,13,-1,1,-1
201506A003368,1,9,0,9,0,6,0,0,0,0,2,1,1,1,60,9,1995,2,9,-1,1,-1
201506A003368,2,2,0,18,0,8,1,0,0,0,1,1,2,1,21,5,49,1,3,-1,1,-1
201506A003374,1,9,0,9,0,8,0,0,0,0,4,1,2,1,49,8,1910,2,8,-1,1,-1
201506A003374,2,1,0,18,0,8,0,0,0,0,3,1,2,1,34,6,-1,-1,-1,-1,1,-1
201506A003465,1,9,0,9,4,5,0,0,0,0,0,1,1,1,27,6,1360,1,5,-1,-1,-1
201506A003465,2,1,0,18,4,8,0,0,0,0,0,1,1,1,28,6,-1,-1,-1,-1,1,-1
201506A003468,1,9,0,7,0,6,0,0,1,0,1,1,6,1,30,6,2143,2,1,-1,-1,-1
201506A003470,1,1,0,18,0,8,0,0,0,0,1,1,6,1,59,9,-1,-1,-1,-1,1,-1
201506A003470,2,19,0,9,0,8,0,0,0,0,4,1,1,1,42,7,1995,2,6,-1,1,-1
201506A003486,1,19,0,18,0,0,1,0,0,0,1,1,6,1,26,6,2496,2,20,-1,1,-1
201506A003500,1,9,0,18,0,0,0,0,0,0,3,1,6,1,30,6,-1,-1,-1,-1,-1,-1
201506A003500,2,1,0,18,0,0,0,0,0,0,1,1,6,2,13,3,-1,-1,-1,-1,1,-1
201506A003505,1,9,0,9,0,5,0,0,0,0,1,1,2,2,36,7,998,1,9,-1,1,-1
201506A003505,2,9,0,18,0,8,0,0,1,0,3,1,2,1,25,5,1197,1,-1,-1,1,-1
201506A003522,1,8,0,18,0,0,0,0,0,0,1,1,1,1,25,5,-1,-1,-1,-1,1,-1
201506A003582,1,9,0,9,0,8,0,0,0,0,2,1,2,1,31,6,1299,1,12,-1,1,-1
201506A003582,2,1,0,18,0,8,0,0,0,0,4,1,2,1,35,6,-1,-1,-1,-1,1,-1
201506A003610,1,9,0,2,0,1,0,0,0,0,4,1,6,2,29,6,1995,2,-1,-1,1,-1
201506A003610,2,1,0,15,0,1,0,0,0,0,1,1,2,1,39,7,-1,-1,-1,-1,1,-1
201506A003617,1,9,0,9,0,6,0,0,0,0,1,1,6,1,32,6,1968,2,3,-1,1,-1
201506A003617,2,1,0,18,0,8,0,0,0,0,3,1,6,2,30,6,-1,-1,-1,-1,1,-1
201506A003623,1,9,0,9,0,8,0,0,0,0,1,1,1,1,46,8,-1,-1,-1,-1,1,-1
201506A003689,1,11,0,5,0,1,0,0,0,0,1,1,1,1,60,9,-1,3,1,-1,1,-1
201506A003689,2,9,0,18,0,1,0,0,0,0,2,1,2,2,53,8,1299,1,12,-1,1,-1
201506A003723,1,9,0,6,8,0,0,0,0,0,3,1,6,1,37,7,1197,1,2,-1,1,-1
201506A003723,2,9,0,18,0,0,0,0,0,0,1,1,6,1,26,6,998,1,17,-1,1,-1
201506A003737,1,9,0,9,0,8,0,0,0,0,4,1,2,1,48,8,1584,1,8,-1,1,-1
201506A003737,2,1,0,18,0,8,0,0,0,0,1,1,2,1,37,7,-1,-1,-1,-1,-1,-1
201506A003851,1,9,0,1,0,0,0,0,0,0,2,1,6,1,41,7,1896,2,7,-1,1,-1
201506A003851,2,9,0,18,0,0,0,0,0,0,0,1,1,1,33,6,1248,2,6,-1,-1,-1
201506A003851,3,9,0,18,0,0,0,0,0,0,1,1,6,2,25,5,999,1,-1,-1,1,-1
201506A003851,4,90,0,18,0,0,0,0,0,0,1,1,1,1,43,7,-1,-1,-1,-1,1,-1
201506A003851,5,9,0,18,0,0,0,0,0,0,0,1,6,3,-1,-1,-1,-1,-1,-1,-1,-1
201506A003867,1,9,0,18,0,0,2,0,1,1,1,1,3,3,-1,-1,1390,1,2,-1,-1,-1
201506A003867,2,9,0,18,0,0,0,0,0,0,2,1,6,2,29,6,1796,1,7,-1,1,-1
201506A003867,3,9,0,18,0,0,0,0,0,0,1,1,6,1,48,8,1397,1,14,-1,1,-1
201506A003946,1,9,0,9,0,8,0,0,0,0,1,1,1,1,22,5,1299,1,12,-1,1,-1
201506A003946,2,9,0,18,0,8,0,0,3,0,1,1,1,1,36,7,1956,2,3,-1,3,-1
201506A004006,1,1,0,15,0,8,0,0,0,0,1,1,1,2,21,5,-1,-1,-1,-1,1,-1
201506A004043,1,9,0,6,0,2,0,0,0,0,2,1,6,1,30,6,1598,1,1,-1,-1,-1
201506A004043,2,4,0,18,0,2,0,0,0,0,2,1,6,1,45,7,577,1,13,-1,1,-1
201506A004064,1,11,0,18,0,1,0,0,0,0,4,1,1,1,30,6,-1,-1,-1,-1,-1,-1
201506A004064,2,1,0,18,4,1,0,0,0,0,3,1,2,1,45,7,-1,-1,-1,-1,1,-1
201506A004110,1,9,0,9,0,8,0,7,0,1,4,1,2,2,30,6,998,1,-1,-1,1,-1
201506A004110,2,9,0,18,0,8,0,0,0,0,1,1,6,2,46,8,1598,1,11,-1,1,-1
201506A004204,1,9,0,18,0,0,0,0,0,0,1,1,1,3,30,6,-1,-1,-1,-1,-1,-1
201506A004205,1,9,0,17,0,0,0,0,0,0,1,1,6,1,39,7,1198,1,8,-1,1,-1
201506A004239,1,9,0,18,0,1,0,0,0,0,1,1,6,1,25,5,-1,-1,-1,-1,1,-1
201506A004242,1,9,0,9,0,5,0,0,0,0,1,1,6,1,48,8,1390,1,9,-1,1,-1
201506A004242,2,3,0,18,0,8,0,0,0,0,1,1,6,1,25,5,124,1,6,-1,1,-1
201506A004253,1,9,0,4,0,1,0,0,0,0,1,1,6,2,48,8,1985,1,14,-1,1,-1
201506A004261,1,9,0,18,0,0,0,0,0,0,4,1,6,1,38,7,2497,2,4,-1,-1,-1
201506A004261,2,9,0,18,0,0,0,0,0,0,4,1,6,1,21,5,-1,-1,-1,-1,1,-1
201506A004282,1,9,0,3,0,0,0,0,0,0,1,2,1,1,23,5,-1,-1,-1,-1,1,-1
201506A004282,2,1,0,18,0,0,0,0,0,0,2,1,1,1,37,7,-1,-1,-1,-1,1,-1
201506A004318,1,9,0,18,0,8,1,0,0,0,1,1,6,1,40,7,1968,2,1,-1,1,-1
201506A004318,2,9,0,9,0,8,0,0,7,0,4,1,6,1,34,6,1995,1,11,-1,1,-1
201506A004363,1,9,0,18,0,2,0,0,0,0,1,1,6,1,30,6,-1,-1,-1,-1,-1,-1
201506A004551,1,9,0,18,0,1,0,0,0,0,1,1,1,2,67,10,1242,1,5,-1,1,-1
201506A004551,2,9,0,4,0,1,0,0,0,0,2,1,1,2,47,8,1896,2,6,-1,-1,-1
201506A004558,1,9,0,9,0,8,0,0,0,0,4,1,6,1,22,5,1956,2,-1,-1,1,-1
201506A004558,2,3,0,18,0,8,2,0,0,0,1,1,6,1,22,5,124,1,3,-1,1,-1
201506A004602,1,1,0,18,0,8,0,0,0,0,3,1,2,1,30,6,-1,-1,-1,-1,1,-1
201506A004602,2,9,0,9,0,8,0,0,0,0,1,1,6,2,21,5,1149,1,8,-1,1,-1
201506A004626,1,9,0,7,0,6,1,10,6,0,1,1,6,3,-1,-1,-1,-1,-1,-1,-1,-1
201506A004626,2,8,0,18,0,1,0,0,0,0,4,1,1,1,50,8,1896,2,7,-1,1,-1
201506A004629,1,9,0,7,0,6,0,0,0,0,3,1,6,1,33,6,1995,2,12,-1,1,-1
201506A004629,2,9,0,18,0,8,0,0,0,0,1,1,6,1,23,5,1364,1,8,-1,1,-1
201506A004657,1,8,0,7,0,2,0,0,0,0,1,1,1,1,42,7,1753,2,6,-1,1,-1
201506A004671,1,9,0,18,0,8,0,0,0,0,0,1,6,1,30,6,-1,-1,-1,-1,-1,-1
201506A004671,2,2,0,18,0,8,0,0,0,0,0,1,6,1,17,4,49,1,10,-1,1,-1
201506A004671,3,2,0,18,0,8,0,0,0,0,0,1,6,1,16,4,49,1,4,-1,1,-1
201506A004691,1,90,0,12,0,8,0,0,0,0,3,1,6,1,36,7,-1,-1,-1,-1,1,-1
201506A004691,2,10,0,18,0,8,0,0,0,0,3,1,6,1,60,9,-1,-1,-1,-1,1,-1
201506A004708,1,21,0,11,0,1,0,0,0,0,1,1,1,1,58,9,6870,2,8,-1,2,-1
201506A004708,2,9,0,18,0,1,1,0,0,0,2,1,2,2,31,6,1598,1,11,-1,1,-1
201506A004714,1,9,0,18,0,2,0,0,0,0,4,1,6,3,-1,-1,-1,-1,-1,-1,-1,-1
201506A004734,1,9,0,18,0,2,0,0,0,0,3,1,6,1,57,9,1364,1,7,-1,1,-1
201506A004752,1,5,0,18,0,1,1,10,0,10,3,1,6,1,28,6,600,1,1,-1,1,-1
201506A004792,1,9,0,18,0,0,1,10,4,2,4,1,6,1,19,4,1396,1,14,-1,1,-1
201506A004792,2,9,0,2,0,0,0,0,0,0,0,1,6,2,30,6,1598,1,4,-1,-1,-1
201506A004796,1,9,0,18,0,8,0,0,0,0,1,1,6,1,20,4,1242,1,1,-1,1,-1