Accident_Index,Vehicle_Reference,Vehicle_Type,Towing_and_Articulation,Vehicle_Manoeuvre,Vehicle_Location-Restricted_Lane,Junction_Location,Skidding_and_Overturning,Hit_Object_in_Carriageway,Vehicle_Leaving_Carriageway,Hit_Object_off_Carriageway,1st_Point_of_Impact,Was_Vehicle_Left_Hand_Drive?,Journey_Purpose_of_Driver,Sex_of_Driver,Age_of_Driver,Age_Band_of_Driver,Engine_Capacity_(CC),Propulsion_Code,Age_of_Vehicle,Driver_IMD_Decile,Driver_Home_Area_Type,Vehicle_IMD_Decile
201506A004814,1,9,0,7,0,2,0,0,8,10,1,1,1,1,29,6,1242,1,12,-1,1,-1
201506A004841,1,9,0,9,0,8,0,0,0,0,1,1,1,1,31,6,1968,2,5,-1,1,-1
201506A004841,2,3,0,18,0,8,0,0,0,0,1,1,6,1,25,5,124,1,8,-1,1,-1
201506A004855,1,9,0,18,0,0,0,0,0,0,3,1,6,2,23,5,1599,1,8,-1,1,-1
201506A004963,1,9,0,18,0,8,1,0,0,0,1,1,6,1,44,7,1910,2,7,-1,1,-1
201506A004963,2,9,0,9,0,8,0,0,0,0,1,1,6,1,54,8,1995,2,3,-1,-1,-1
201506A004963,3,9,0,2,0,2,0,0,0,0,3,1,6,3,-1,-1,4511,1,9,-1,-1,-1
201506A004997,1,1,0,18,0,2,0,0,0,0,1,1,6,1,48,8,-1,-1,-1,-1,1,-1
201506A004997,2,9,0,2,0,2,0,0,0,0,2,1,6,3,-1,-1,1596,1,10,-1,-1,-1
201506A005014,1,19,0,9,0,8,0,0,0,0,1,1,1,1,52,8,2198,2,4,-1,-1,-1
201506A005014,2,1,0,18,0,8,0,0,0,0,3,1,2,1,34,6,-1,-1,-1,-1,1,-1
201506A005021,1,9,0,7,0,6,0,0,0,0,1,1,6,1,43,7,1124,1,5,-1,1,-1
201506A005021,2,1,0,18,0,8,0,0,0,0,4,1,2,1,42,7,-1,-1,-1,-1,1,-1
201506A005036,1,9,0,18,0,8,0,0,0,0,4,1,1,1,59,9,1896,2,6,-1,1,-1
201506A005056,1,9,0,7,0,2,0,0,0,0,1,1,1,1,47,8,1910,2,7,-1,1,-1
201506A005158,1,1,0,18,0,8,0,0,0,0,1,1,6,1,47,8,-1,-1,-1,-1,1,-1
201506A005158,2,9,0,18,0,8,0,0,0,0,4,1,6,1,21,5,1461,2,12,-1,1,-1
201506A005166,1,9,0,18,0,1,0,0,0,0,1,1,6,1,30,6,-1,-1,-1,-1,-1,-1
201506A005166,2,9,0,10,0,1,0,0,0,0,2,1,6,1,30,6,1248,2,3,-1,-1,-1
201506A005166,3,9,0,10,0,1,0,0,0,0,2,1,6,2,32,6,-1,-1,-1,-1,1,-1
201506A005167,1,9,0,4,0,1,0,0,0,0,1,1,6,1,51,8,1242,1,10,-1,1,-1
201506A005167,2,8,0,4,0,1,0,0,0,0,2,1,1,1,43,7,1598,2,1,-1,1,-1
201506A005254,1,9,0,9,0,2,1,7,3,10,1,1,6,1,22,5,1199,1,13,-1,1,-1
201506A005269,1,9,0,12,0,0,0,0,0,0,3,1,1,1,41,7,1598,2,2,-1,-1,-1
201506A005269,2,9,0,18,0,0,0,0,0,0,4,1,6,2,39,7,1560,2,-1,-1,-1,-1
201506A005299,1,9,0,16,0,1,1,0,7,1,1,1,6,1,18,4,1229,1,4,-1,-1,-1
201506A005350,1,9,0,9,0,8,0,0,0,0,3,1,6,1,35,6,1390,1,2,-1,1,-1
201506A005350,2,5,0,13,0,8,0,0,0,0,4,1,2,1,57,9,645,1,-1,-1,1,-1
201506A005444,1,9,0,18,0,8,0,0,0,0,1,1,6,2,22,5,1086,1,9,-1,1,-1
201506A005444,2,9,0,18,0,8,0,0,0,0,3,1,6,1,26,6,1242,1,6,-1,1,-1
201506A005486,1,3,0,18,0,0,0,0,0,0,4,1,2,1,22,5,125,1,-1,-1,1,-1
201506A005486,2,20,0,18,0,0,0,0,0,0,0,1,1,1,32,6,6700,2,1,-1,1,-1
201506A005527,1,9,0,5,0,8,0,0,0,0,3,1,6,2,30,6,1242,1,15,-1,1,-1
201506A005527,2,9,0,18,0,8,0,0,0,0,1,1,2,1,49,8,1956,2,5,-1,1,-1
201506A005572,1,19,0,13,0,0,0,0,0,0,4,1,6,3,-1,-1,-1,-1,-1,-1,-1,-1
201506A005572,2,1,0,18,0,0,0,0,0,0,4,1,2,1,53,8,-1,-1,-1,-1,1,-1
201506A005573,1,19,0,18,0,0,0,0,0,0,1,1,6,1,30,6,2198,2,1,-1,-1,-1
201506A005577,1,9,0,18,0,8,0,0,0,0,1,1,1,1,30,6,-1,-1,-1,-1,-1,-1
201506A005579,1,9,0,18,0,2,0,0,0,0,1,1,6,2,44,7,1339,1,12,-1,-1,-1
201506A005579,2,1,0,5,0,2,0,0,0,0,1,1,6,2,7,2,-1,-1,-1,-1,1,-1
201506A005597,1,9,0,18,0,8,0,0,1,10,1,1,6,1,32,6,1364,2,8,-1,1,-1
201506A005597,2,9,0,18,0,8,0,0,1,10,1,1,6,1,25,5,6208,1,2,-1,1,-1
201506A005650,1,9,0,18,0,3,0,0,0,0,0,1,6,1,30,6,-1,-1,-1,-1,-1,-1
201506A005650,2,11,0,18,0,3,0,0,0,0,0,1,1,1,45,7,-1,-1,-1,-1,1,-1
201506A005676,1,9,0,18,0,1,1,0,0,0,1,1,6,1,32,6,-1,-1,-1,-1,1,-1
201506A005676,2,9,0,18,0,1,0,0,0,0,2,1,6,1,52,8,5998,1,9,-1,1,-1
201506A005687,1,9,0,9,0,5,0,0,0,0,1,1,6,2,22,5,1984,1,-1,-1,1,-1
201506A005687,2,9,0,18,0,8,0,0,0,0,1,1,6,1,27,6,1968,2,9,-1,1,-1
201506A005687,3,9,0,18,0,8,0,0,0,0,1,1,6,1,53,8,1242,1,9,-1,1,-1
201506A005695,1,8,0,18,0,1,0,0,0,0,4,1,1,1,30,6,-1,-1,-1,-1,-1,-1
201506A005697,1,9,0,18,0,2,0,0,0,0,1,1,6,1,38,7,1229,1,7,-1,1,-1
201506A005699,1,9,0,9,0,8,0,0,0,0,1,1,6,2,33,6,1598,1,8,-1,1,-1
201506A005703,1,9,0,18,0,0,1,0,1,0,1,1,6,1,21,5,998,1,1,-1,1,-1
201506A005703,2,19,0,2,9,0,0,0,0,0,2,1,6,3,-1,-1,2298,2,3,-1,-1,-1
201506A005703,3,9,0,2,9,0,0,0,0,0,3,1,6,2,30,6,1995,2,6,-1,-1,-1
201506A005703,4,9,0,2,9,0,0,0,0,0,2,1,6,2,30,6,1229,1,2,-1,-1,-1
201506A005723,1,4,0,18,0,0,0,0,0,0,1,1,6,1,33,6,373,1,-1,-1,1,-1
201506A005794,1,9,0,18,0,1,0,0,0,0,1,1,6,1,21,5,1598,1,10,-1,1,-1
201506A005794,2,8,0,18,0,2,0,0,0,0,2,1,1,1,40,7,1797,8,5,-1,1,-1
201506A005820,1,9,0,2,0,0,0,0,0,0,3,1,6,1,32,6,1968,2,6,-1,1,-1
201506A005820,2,1,0,18,4,0,0,0,0,0,1,1,1,1,40,7,-1,-1,-1,-1,1,-1
201506A005845,1,9,0,18,0,0,0,0,0,0,1,1,1,2,21,5,998,1,1,-1,1,-1
201506A005845,2,9,0,18,0,0,0,0,0,0,3,1,1,2,37,7,1149,1,15,-1,1,-1
201506A005845,3,9,0,18,0,0,0,0,0,0,4,1,1,2,30,6,1229,1,6,-1,1,-1
201506A005845,4,19,0,18,0,0,0,0,0,0,2,1,1,1,52,8,2143,2,2,-1,1,-1
201506A006050,1,9,0,18,0,1,0,0,0,0,1,1,6,1,30,6,1753,2,7,-1,-1,-1
201506A006050,2,9,0,3,0,1,0,0,0,0,2,1,6,1,65,9,1686,2,13,-1,1,-1
201506A006069,1,9,0,9,0,8,0,0,0,0,1,1,2,1,54,8,2200,1,15,-1,1,-1
201506A006069,2,3,0,13,0,8,0,0,0,0,1,1,1,1,19,4,124,1,6,-1,1,-1
201506A006072,1,9,0,4,0,1,0,0,0,0,1,1,6,1,30,6,1582,2,2,-1,-1,-1
201506A006072,2,9,0,3,0,1,0,0,0,0,2,1,6,2,37,7,1149,1,8,-1,1,-1
201506A006072,3,9,0,3,0,1,0,0,0,0,0,1,6,2,63,9,-1,-1,-1,-1,1,-1
201506A006073,1,9,0,18,0,8,0,0,0,0,0,1,6,2,26,6,1999,1,6,-1,-1,-1
201506A006073,2,5,0,18,0,8,1,0,0,0,0,1,2,1,48,8,1462,1,-1,-1,1,-1
201506A006191,1,19,0,9,0,8,0,0,0,0,1,1,1,2,39,7,1896,2,5,-1,1,-1
201506A006345,1,9,0,18,0,2,0,0,0,0,1,1,2,1,20,4,1461,2,7,-1,1,-1
201506A006460,1,11,0,5,0,1,0,0,0,0,0,1,6,1,68,10,4461,2,2,-1,1,-1
201506A006460,2,9,0,5,0,1,0,0,0,0,0,1,6,3,-1,-1,-1,-1,-1,-1,-1,-1
201506A006562,1,9,0,18,0,1,0,0,0,0,1,1,2,2,50,8,1124,1,10,-1,-1,-1
201506A006599,1,8,0,3,0,1,0,0,0,0,2,1,1,1,37,7,1896,2,5,-1,1,-1
201506A006599,2,9,0,3,0,1,0,0,0,0,1,1,6,1,30,6,-1,-1,-1,-1,-1,-1
201506A006608,1,9,0,7,0,8,0,0,0,0,4,1,2,2,59,9,2000,2,10,-1,1,-1
201506A006608,2,1,0,18,0,8,0,0,0,0,1,1,2,1,26,6,-1,-1,-1,-1,1,-1
201506A006656,1,9,0,18,0,4,0,0,0,0,1,1,6,1,30,6,2495,2,17,-1,-1,-1
201506A006656,2,1,0,18,0,1,0,0,0,0,3,1,1,1,29,6,-1,-1,-1,-1,1,-1
201506A006679,1,90,0,18,0,0,0,0,1,0,1,1,6,1,19,4,234,1,11,-1,1,-1
201506A006679,2,3,0,18,0,0,0,0,0,0,1,1,6,1,18,4,-1,-1,-1,-1,1,-1
201506A006737,1,9,0,16,0,1,0,0,4,1,3,1,6,1,34,6,2993,2,3,-1,-1,-1
201506A006819,1,1,0,9,0,8,0,0,0,0,3,1,6,1,25,5,-1,-1,-1,-1,1,-1
201506A006819,2,3,0,18,0,8,0,0,0,0,4,1,6,1,25,5,124,1,3,-1,1,-1
201506A006822,1,3,0,13,0,2,5,0,7,0,4,1,6,1,21,5,-1,-1,-1,-1,1,-1
201506A006822,2,8,0,6,0,2,0,0,0,0,3,1,1,1,58,9,1598,2,2,-1,1,-1
201506A006849,1,3,0,18,0,0,0,0,0,0,1,1,2,1,22,5,108,1,6,-1,-1,-1
201506A006853,1,1,0,18,0,1,0,0,0,0,1,1,1,1,21,5,-1,-1,-1,-1,1,-1
201506A006853,2,9,0,5,0,2,0,0,0,0,1,1,6,2,30,6,-1,-1,-1,-1,-1,-1
201506A006862,1,9,0,5,0,1,0,0,0,0,4,1,6,2,61,9,1598,1,2,-1,1,-1
201506A006862,2,1,0,1,9,1,0,0,0,0,2,1,6,1,5,1,-1,-1,-1,-1,1,-1
201506A006876,1,9,0,9,0,6,0,0,0,0,1,1,6,3,-1,-1,-1,-1,-1,-1,-1,-1
201506A006939,1,9,0,9,0,2,0,0,0,0,1,1,2,1,29,6,1599,1,13,-1,1,-1
201506A006939,2,9,0,18,0,2,0,0,0,0,1,1,3,2,52,8,1206,1,5,-1,1,-1
201506A006944,1,19,0,5,0,2,0,0,0,0,1,1,1,1,42,7,2198,2,-1,-1,1,-1
201506A007110,1,8,0,7,0,8,0,0,0,0,1,1,1,1,20,4,1598,2,4,-1,1,-1
201506A007110,2,8,0,18,0,8,0,0,1,2,1,1,1,1,22,5,2499,2,6,-1,1,-1
201506A007145,1,9,0,6,0,2,0,0,0,0,4,1,6,2,24,5,1587,1,10,-1,1,-1
201506A007145,2,5,0,18,0,2,0,0,0,0,1,1,6,1,24,5,-1,-1,-1,-1,1,-1
201506A007145,3,9,0,2,0,2,0,0,0,0,1,1,6,1,30,6,1910,2,7,-1,1,-1
201506A007152,1,9,0,7,1,6,0,0,0,0,1,1,1,1,25,5,1598,2,4,-1,1,-1
201506A007152,2,1,0,18,4,8,0,0,0,0,4,1,2,1,51,8,-1,-1,-1,-1,1,-1
201506A007177,1,9,0,18,0,1,0,0,0,0,1,1,1,1,70,10,1390,1,6,-1,-1,-1
201506A007186,1,9,0,10,0,1,0,0,0,0,4,1,6,1,30,6,-1,-1,-1,-1,-1,-1
201506A007189,1,9,0,9,0,8,0,0,0,0,1,1,2,1,23,5,1390,1,4,-1,1,-1
201506A007189,2,8,0,18,0,8,0,0,0,0,1,1,1,1,35,6,1998,2,5,-1,1,-1
201506A007479,1,9,0,18,0,0,0,0,0,0,1,1,6,1,22,5,2497,2,10,-1,-1,-1
201506A007505,1,9,0,18,0,8,0,0,0,0,4,1,6,1,33,6,1560,2,10,-1,1,-1
201506A007505,2,1,0,18,0,8,0,0,0,0,1,1,6,1,25,5,-1,-1,-1,-1,1,-1
201506A007522,1,11,0,18,0,0,0,0,0,0,4,1,1,2,44,7,4461,2,2,-1,1,-1
201506A007528,1,8,0,7,0,6,0,0,0,0,1,1,1,1,34,6,1686,2,5,-1,1,-1
201506A007528,2,1,0,18,0,8,0,0,0,0,4,1,2,1,30,6,-1,-1,-1,-1,-1,-1
201506A007548,1,9,0,7,0,2,0,0,0,0,1,1,6,1,30,6,-1,-1,-1,-1,-1,-1
201506A007562,1,11,0,18,0,1,0,0,0,0,1,1,6,1,55,8,-1,-1,-1,-1,2,-1
201506A007562,2,10,0,18,0,1,0,0,0,0,3,1,6,1,30,6,-1,-1,-1,-1,-1,-1
201506A007562,3,10,0,18,0,1,0,0,0,0,4,1,6,2,26,6,-1,-1,-1,-1,1,-1
201506A007666,1,9,0,9,0,8,0,0,0,0,3,1,6,1,54,8,1951,2,10,-1,1,-1
201506A007666,2,9,0,18,0,8,0,0,0,0,1,1,6,2,37,7,1598,1,14,-1,1,-1
201506A007710,1,19,0,5,0,8,0,0,7,1,4,1,1,1,41,7,2198,2,-1,-1,1,-1
201506A007710,2,9,0,18,0,8,0,0,0,0,1,1,6,1,48,8,998,1,8,-1,1,-1
201506A007765,1,9,0,18,0,8,0,0,0,0,1,1,6,1,27,6,1198,1,9,-1,1,-1
201506A007765,2,9,0,18,0,8,0,0,0,0,1,1,6,1,32,6,1596,1,9,-1,1,-1
201506A007771,1,1,0,18,4,2,0,0,0,0,0,1,6,1,44,7,-1,-1,-1,-1,1,-1
201506A007771,2,11,0,2,4,2,0,0,0,0,0,1,1,1,43,7,6700,2,8,-1,1,-1
201506A007778,1,9,0,7,0,8,0,0,0,0,1,1,6,3,-1,-1,-1,-1,-1,-1,-1,-1
201506A007778,2,9,0,18,0,8,0,0,0,0,0,1,6,3,-1,-1,-1,-1,-1,-1,-1,-1
201506A007778,3,10,0,9,0,8,0,0,0,0,0,1,2,1,53,8,2370,2,19,-1,1,-1
201506A007778,4,3,0,18,0,8,0,0,0,0,1,1,6,1,26,6,124,1,6,-1,1,-1
201506A007892,1,1,0,18,0,1,0,0,0,0,1,1,6,2,14,3,-1,-1,-1,-1,1,-1
201506A007892,2,9,0,7,0,8,0,0,0,0,4,1,6,1,46,8,1600,1,11,-1,1,-1
201506A007894,1,9,0,9,0,8,0,0,1,2,1,1,6,2,27,6,1390,1,6,-1,1,-1
201506A007916,1,1,0,18,0,6,0,0,0,0,1,1,6,1,14,3,-1,-1,-1,-1,1,-1
201506A007916,2,9,0,18,0,8,0,0,0,0,3,1,6,3,-1,-1,-1,-1,-1,-1,-1,-1
201506A007920,1,9,0,18,0,8,1,0,2,10,1,1,6,1,-1,-1,1497,1,13,-1,-1,-1
201506A007964,1,9,0,9,0,6,0,0,0,0,1,1,6,2,63,9,1240,1,6,-1,1,-1
201506A007964,2,9,0,18,0,8,0,0,0,0,1,1,6,1,26,6,1388,1,12,-1,1,-1
201506A008072,1,9,0,18,0,2,0,0,0,0,1,1,6,3,-1,-1,-1,-1,-1,-1,-1,-1
201506A008087,1,8,0,7,0,8,0,0,0,0,1,1,1,1,36,7,1956,2,2,-1,1,-1
201506A008087,2,1,0,17,0,8,0,0,0,0,4,1,6,1,50,8,-1,-1,-1,-1,1,-1
201506A008088,1,9,0,18,0,1,0,0,0,0,1,1,2,1,33,6,1598,1,14,-1,-1,-1
201506A008089,1,18,5,18,1,0,0,0,0,0,1,1,1,1,54,8,-1,-1,-1,-1,1,-1
201506A008135,1,9,0,18,0,8,0,0,3,10,1,1,6,1,27,6,1198,1,10,-1,-1,-1
201506A008185,1,9,0,18,0,2,0,0,1,4,1,1,6,1,24,5,2148,2,7,-1,1,-1
201506A008185,2,9,0,18,0,2,0,0,0,0,4,1,1,1,46,8,1896,2,7,-1,1,-1
201506A008237,1,9,0,9,0,5,0,0,0,0,4,1,6,1,46,8,1329,1,6,-1,1,-1
201506A008237,2,9,0,18,0,8,0,0,0,0,1,1,6,1,50,8,1968,2,1,-1,2,-1
201506A008250,1,9,0,18,0,1,0,10,0,0,1,1,1,1,36,7,898,1,1,-1,-1,-1
201506A008250,2,9,0,2,0,1,0,0,0,0,1,1,6,1,60,9,-1,-1,-1,-1,1,-1
201506A008257,1,11,0,9,0,8,0,0,0,0,4,1,1,1,41,7,12000,2,7,-1,1,-1
201506A008259,1,9,0,1,0,0,0,0,0,0,3,1,3,2,28,6,1395,1,-1,-1,1,-1
201506A008259,2,9,0,18,0,0,0,0,0,0,1,1,3,1,25,5,1339,1,6,-1,1,-1
201506A008259,3,9,0,2,0,0,0,0,0,0,1,1,6,1,27,6,998,1,12,-1,1,-1
201506A008259,4,9,0,2,0,0,0,0,0,0,1,1,6,1,27,6,1798,1,2,-1,1,-1
201506A008260,1,9,0,18,0,1,0,0,0,0,4,1,6,2,32,6,998,1,12,-1,1,-1
201506A008263,1,9,0,9,0,8,0,0,0,0,4,1,6,1,30,6,-1,-1,-1,-1,-1,-1
201506A008264,1,3,0,9,0,8,1,0,0,0,0,1,6,1,52,8,125,1,2,-1,1,-1
201506A008275,1,9,0,4,1,1,0,0,0,0,1,1,6,1,30,6,1296,1,7,-1,-1,-1
201506A008275,2,9,0,3,0,1,0,0,0,0,2,1,6,1,38,7,1995,2,4,-1,1,-1
201506A008294,1,19,0,18,0,1,0,0,0,0,1,1,6,1,30,6,1461,2,-1,-1,-1,-1
201506A008294,2,9,0,18,0,1,0,0,0,0,3,1,1,1,23,5,-1,-1,-1,-1,1,-1
201506A008299,1,9,0,18,0,0,0,0,0,0,1,1,6,1,24,5,1984,1,7,-1,1,-1
201506A008299,2,9,0,18,0,0,0,0,0,0,0,1,6,2,25,5,1390,1,11,-1,1,-1
201506A008312,1,9,0,18,0,1,0,0,0,0,1,1,1,1,45,7,1796,1,11,-1,1,-1
201506A008316,1,9,0,18,0,0,0,0,0,0,0,1,6,1,24,5,1332,1,17,-1,1,-1
201506A008319,1,9,0,17,0,0,0,0,0,0,1,1,6,3,-1,-1,1686,2,6,-1,-1,-1
201506A008319,2,9,0,16,0,0,0,0,0,0,1,1,6,1,26,6,1390,1,13,-1,1,-1
201506A008324,1,9,0,18,0,8,0,0,0,0,1,1,6,1,24,5,998,1,-1,-1,1,-1
201506A008324,2,9,0,18,0,8,0,0,0,0,3,1,6,1,35,6,2231,2,7,-1,1,-1
201506A008336,1,9,0,18,0,0,0,0,0,0,4,1,6,2,31,6,1390,1,8,-1,1,-1
201506A008344,1,9,0,18,0,8,0,0,0,0,1,1,1,1,80,11,1120,2,3,-1,1,-1
201506A008344,2,9,0,18,0,8,0,0,0,0,3,1,1,2,53,8,-1,-1,-1,-1,1,-1
201506A008344,3,9,0,18,0,8,0,0,0,0,1,1,1,2,54,8,1200,1,-1,-1,1,-1
201506A008348,1,9,0,18,0,8,0,0,0,0,1,1,6,1,57,9,3999,1,4,-1,1,-1
201506A008348,2,5,0,18,0,8,0,0,0,0,1,1,6,1,35,6,1170,1,2,-1,1,-1
201506A008354,1,9,0,5,0,8,0,0,0,0,3,1,6,1,41,7,1747,1,15,-1,1,-1
201506A008354,2,1,0,18,0,8,0,0,0,0,4,1,6,1,20,4,-1,-1,-1,-1,1,-1
201506A008364,1,9,0,4,0,1,0,0,0,0,2,1,6,2,27,6,1595,1,2,-1,1,-1
201506A008364,2,9,0,3,0,1,0,0,0,0,1,1,6,2,35,6,1896,2,13,-1,1,-1
201506A008384,1,9,0,18,0,8,0,0,0,0,3,1,6,2,31,6,1984,1,4,-1,1,-1
201506A008384,2,3,0,18,0,8,0,0,0,0,1,1,1,1,17,4,125,1,-1,-1,1,-1
201506A008388,1,9,0,7,0,6,0,0,0,0,0,1,6,1,30,6,-1,-1,-1,-1,-1,-1
201506A008388,2,4,0,18,0,1,0,0,0,0,0,1,6,3,23,5,398,1,8,-1,1,-1
201506A008601,1,9,0,18,0,6,0,0,0,0,4,1,2,1,46,8,1796,1,8,-1,1,-1
201506A008601,2,9,0,18,0,8,0,0,0,0,1,1,2,2,24,5,1598,1,9,-1,1,-1
201506A008612,1,9,0,18,0,2,0,0,0,0,1,1,6,1,47,8,1686,2,12,-1,1,-1
201506A008612,2,8,0,4,0,2,0,0,0,0,2,1,1,1,55,8,1560,2,7,-1,1,-1
201506A008695,1,19,0,9,0,8,5,0,0,1,4,1,1,1,44,7,2287,2,8,-1,1,-1
201506A008695,2,9,0,18,0,8,0,0,0,0,1,1,6,1,31,6,1968,2,2,-1,1,-1
201506A008696,1,9,0,18,0,8,1,0,0,0,1,1,6,1,49,8,1910,2,8,-1,1,-1
201506A008696,2,9,0,9,0,8,0,0,0,0,1,1,6,1,39,7,1596,1,10,-1,1,-1
201506A008885,1,9,0,18,0,1,0,0,0,0,1,1,6,2,30,6,-1,-1,-1,-1,-1,-1
201506A008932,1,9,0,9,0,6,0,0,0,0,1,1,6,3,-1,-1,-1,-1,-1,-1,-1,-1
201506A008932,2,3,0,18,0,8,0,0,0,0,1,1,1,1,26,6,124,1,1,-1,1,-1
201506A008947,1,1,0,18,0,8,0,0,0,0,1,1,1,1,40,7,-1,-1,-1,-1,1,-1
201506A008947,2,9,0,9,0,8,0,0,0,0,4,1,1,1,39,7,-1,-1,-1,-1,1,-1
201506A008954,1,9,0,18,0,8,0,0,0,0,4,1,6,1,79,11,1299,1,13,-1,1,-1
201506A008954,2,9,0,18,0,8,0,0,0,0,1,1,6,1,49,8,1995,2,8,-1,1,-1
201506A009008,1,9,0,18,0,8,0,0,0,0,1,1,6,2,53,8,1397,1,12,-1,1,-1
201506A009008,2,9,0,18,0,8,0,0,0,2,3,1,6,2,22,5,-1,-1,-1,-1,-1,-1
201506A009116,1,9,0,18,0,8,0,0,0,0,1,1,6,2,56,9,1600,1,16,-1,1,-1
201506A009200,1,9,0,18,0,8,0,0,0,0,1,1,6,1,49,8,2685,2,12,-1,1,-1
201506A009200,2,9,0,9,0,5,0,0,0,0,2,1,6,2,53,8,1198,1,1,-1,1,-1
201506A009207,1,9,0,18,0,8,0,0,0,0,1,1,6,1,26,6,1900,2,16,-1,1,-1
201506A009207,2,8,0,18,0,8,0,0,0,0,3,1,1,1,43,7,1968,2,7,-1,1,-1
201506A009207,3,8,0,2,0,8,0,0,0,0,2,1,6,1,30,6,1896,2,7,-1,1,-1
201506A009207,4,8,0,2,0,8,0,0,0,0,2,1,6,1,30,6,1896,2,5,-1,1,-1
201506A009208,1,4,0,18,0,8,0,0,0,0,1,1,6,1,21,5,-1,-1,-1,-1,1,-1
201506A009208,2,9,0,9,0,8,0,0,0,0,1,1,6,1,56,9,1997,2,2,-1,1,-1
201506A009255,1,9,0,18,0,8,0,0,0,0,1,1,6,2,39,7,1398,1,4,-1,1,-1
201506A009255,2,9,0,18,0,8,0,0,0,0,3,1,6,1,50,8,998,1,12,-1,1,-1
201506A009299,1,9,0,7,0,8,0,0,0,0,1,1,6,1,39,7,1560,2,-1,-1,1,-1
201506A009299,2,9,0,18,0,8,0,0,0,0,1,1,1,2,58,9,1242,1,-1,-1,1,-1
201506A009338,1,11,0,18,0,8,0,0,0,0,1,1,1,1,36,7,6700,2,6,-1,1,-1
201506A009407,1,9,0,18,0,8,0,0,0,0,1,1,1,1,21,5,998,1,14,-1,1,-1
201506A009407,2,9,0,9,0,6,0,0,0,0,3,1,6,1,34,6,1560,2,3,-1,1,-1
201506A009408,1,9,0,9,0,8,0,0,0,0,3,1,1,1,42,7,1797,8,2,-1,1,-1
201506A009408,2,9,0,18,0,8,0,0,3,7,3,1,1,1,42,7,-1,-1,-1,-1,1,-1
201506A009450,1,9,0,9,0,8,0,0,0,0,1,1,1,1,49,8,-1,-1,-1,-1,1,-1
201506A009450,2,8,0,18,0,8,0,0,0,0,4,1,1,1,49,8,1794,1,13,-1,1,-1
201506A009472,1,9,0,7,0,8,0,0,0,0,4,1,6,1,36,7,1246,1,9,-1,1,-1
201506A009472,2,1,0,18,0,8,0,0,0,0,1,1,6,1,54,8,-1,-1,-1,-1,1,-1
201506A009480,1,8,0,18,0,0,0,0,0,0,4,1,1,1,45,7,1998,1,16,-1,1,-1
201506A009589,1,11,0,9,0,8,0,0,0,0,1,1,1,1,56,9,7300,2,10,-1,1,-1
201506A009590,1,9,0,7,0,6,0,0,0,0,4,1,6,2,23,5,1398,2,-1,-1,1,-1
201506A009730,1,9,0,9,0,8,0,0,0,0,1,1,6,1,18,4,998,1,12,-1,1,-1
201506A009733,1,9,0,18,0,1,0,0,0,0,1,1,6,1,73,10,989,1,13,-1,1,-1
201506A009734,1,9,0,18,0,8,0,0,0,0,1,1,1,1,61,9,1870,2,11,-1,1,-1
201506A009734,2,9,0,18,0,8,0,0,0,0,0,1,1,2,58,9,1395,1,-1,-1,1,-1
201506A009747,1,9,0,18,0,1,1,0,1,0,1,1,1,1,30,6,1396,2,2,-1,-1,-1
201506A009747,2,9,0,4,0,1,0,0,0,0,2,1,2,2,38,7,1560,2,1,-1,1,-1
201506A009767,1,9,0,9,0,8,1,0,0,0,3,1,2,1,41,7,1998,2,14,-1,1,-1
201506A009767,2,2,0,18,0,8,1,0,0,0,1,1,1,1,19,4,124,1,-1,-1,1,-1
201506A009771,1,9,0,5,0,1,0,0,0,0,1,1,6,1,73,10,2231,2,8,-1,1,-1
201506A009771,2,9,0,18,0,8,0,0,0,0,4,1,6,2,45,7,1598,1,3,-1,1,-1
201506A009801,1,9,0,14,0,8,0,0,0,0,1,1,6,1,32,6,2993,2,2,-1,1,-1
201506A009801,2,19,0,9,0,8,0,0,0,0,4,1,1,1,66,10,1399,2,5,-1,1,-1
201506A009820,1,9,0,18,0,0,0,0,0,0,1,1,6,1,55,8,1896,2,14,-1,1,-1
201506A009826,1,9,0,13,0,0,0,0,0,0,4,1,6,3,-1,-1,1199,1,12,-1,-1,-1
201506A009826,2,9,0,18,0,0,0,0,0,0,3,1,6,1,36,7,-1,-1,-1,-1,1,-1
201506A009826,3,9,0,2,0,0,0,0,0,0,1,1,6,1,30,6,-1,-1,-1,-1,-1,-1
201506A009826,4,90,0,2,0,0,0,0,0,0,1,1,6,1,30,6,2198,2,4,-1,-1,-1
201506A009833,1,9,0,7,0,7,0,0,0,0,1,1,1,1,39,7,1797,8,1,-1,1,-1
201506A009833,2,1,0,18,0,2,0,0,0,0,2,1,6,1,25,5,-1,-1,-1,-1,1,-1
201506A009855,1,90,0,6,0,8,0,0,0,0,2,1,1,1,51,8,-1,-1,-1,-1,-1,-1
201506A009877,1,9,0,18,0,8,0,0,0,0,4,1,6,2,19,4,1596,1,8,-1,1,-1
201506A009877,2,3,0,18,0,8,0,0,0,0,1,1,6,1,21,5,108,1,-1,-1,-1,-1