Accident_Index,Vehicle_Reference,Vehicle_Type,Towing_and_Articulation,Vehicle_Manoeuvre,Vehicle_Location-Restricted_Lane,Junction_Location,Skidding_and_Overturning,Hit_Object_in_Carriageway,Vehicle_Leaving_Carriageway,Hit_Object_off_Carriageway,1st_Point_of_Impact,Was_Vehicle_Left_Hand_Drive?,Journey_Purpose_of_Driver,Sex_of_Driver,Age_of_Driver,Age_Band_of_Driver,Engine_Capacity_(CC),Propulsion_Code,Age_of_Vehicle,Driver_IMD_Decile,Driver_Home_Area_Type,Vehicle_IMD_Decile
201506N009834,1,8,0,9,0,6,0,0,7,0,3,1,1,1,51,8,1794,1,9,-1,1,-1
201506N009834,2,8,0,18,0,8,0,0,0,0,1,1,1,1,62,9,1794,1,7,-1,1,-1
201506N009901,1,9,0,18,0,1,0,0,0,0,1,1,6,3,-1,-1,-1,-1,-1,-1,-1,-1
201506N009901,2,9,0,18,0,1,0,0,0,0,2,1,6,2,52,8,1781,1,10,-1,1,-1
201506N009943,1,9,0,9,0,8,0,0,0,0,1,1,6,2,50,8,1149,1,13,-1,2,-1
201506N009943,2,9,0,18,0,2,0,0,0,0,1,1,6,2,66,10,1360,1,10,-1,1,-1
201506N009980,1,8,0,1,7,6,0,0,0,0,4,1,6,1,30,6,-1,-1,-1,-1,-1,-1
201506N009980,2,9,0,18,0,8,0,0,0,0,0,1,6,1,56,9,1781,1,13,-1,1,-1
201506N038086,1,1,0,7,0,8,0,0,0,0,1,1,1,1,21,5,-1,-1,-1,-1,1,-1
201506N038086,2,9,0,3,0,8,0,0,0,0,3,1,1,2,33,6,1397,1,3,-1,1,-1
201506N096126,1,9,0,5,0,8,0,0,0,0,3,1,6,2,45,7,1399,1,8,-1,1,-1
201506N096126,2,9,0,18,0,8,0,0,0,0,1,1,6,2,41,7,1124,1,14,-1,1,-1
201506N096133,1,3,0,18,0,8,0,0,0,0,1,1,6,2,17,4,124,1,1,-1,1,-1
201506N096133,2,19,0,2,0,8,0,4,0,0,2,1,2,1,55,8,2496,2,16,-1,1,-1
201506N096134,1,9,0,18,0,0,0,0,0,0,4,1,6,3,-1,-1,-1,-1,-1,-1,-1,-1
201506N096149,1,9,0,18,0,1,0,0,0,0,1,1,6,2,19,4,1242,1,1,-1,1,-1
201506N096165,1,9,0,18,0,1,0,0,0,0,2,1,6,1,22,5,1388,1,6,-1,1,-1
201506N096165,2,9,0,3,0,1,0,0,0,0,1,1,6,1,37,7,1797,8,4,-1,1,-1
201506N096189,1,9,0,18,0,4,0,0,0,0,1,1,6,1,63,9,1598,1,11,-1,1,-1
201506N096321,1,9,0,9,0,2,0,0,0,0,1,1,6,2,30,6,1796,1,8,-1,-1,-1
201506N096535,1,3,0,18,0,2,1,0,0,0,1,1,2,1,20,4,125,1,4,-1,1,-1
201506N096658,1,9,0,18,0,0,0,4,0,0,4,1,6,1,24,5,-1,-1,-1,-1,-1,-1
201506N096658,2,9,0,2,0,0,0,0,0,0,3,1,6,3,-1,-1,1968,2,2,-1,-1,-1
201506N096658,3,19,0,2,0,0,0,0,0,0,2,1,6,3,-1,-1,2148,2,7,-1,-1,-1
201506N096774,1,9,0,9,0,6,0,0,0,0,2,1,6,2,23,5,1198,1,5,-1,1,-1
201506N096774,2,9,0,18,0,8,0,0,0,0,1,1,6,2,73,10,-1,-1,-1,-1,1,-1
201506N096853,1,9,0,18,0,1,0,0,0,0,3,1,3,2,37,7,2400,2,3,-1,1,-1
201506N097021,1,8,0,9,0,5,0,0,0,0,0,1,6,3,-1,-1,-1,-1,-1,-1,-1,-1
201506N097021,2,11,0,18,0,8,0,0,0,0,0,1,1,2,53,8,6370,2,15,-1,1,-1
201506N097066,1,19,0,9,0,8,0,0,0,0,1,1,1,1,41,7,1996,2,4,-1,1,-1
201506N097365,1,9,0,18,0,0,0,0,0,0,3,1,6,1,18,4,973,1,13,-1,1,-1
201506N097365,2,9,0,18,0,0,0,0,0,0,3,1,6,1,25,5,-1,-1,-1,-1,-1,-1
201506N097477,1,9,0,18,0,0,0,0,0,0,4,1,1,1,26,6,1796,2,3,-1,1,-1
201506N097477,2,9,0,2,0,0,0,0,0,0,4,1,6,1,30,6,1995,2,5,-1,1,-1
201506N097641,1,9,0,9,0,5,0,0,0,0,4,1,6,1,66,10,3628,2,7,-1,1,-1
201506N097641,2,1,0,18,0,8,0,0,0,0,1,1,6,1,25,5,-1,-1,-1,-1,1,-1
201506N097860,1,19,0,1,0,8,0,0,0,0,2,1,1,1,52,8,2143,2,1,-1,1,-1
201506N097898,1,2,0,5,0,6,0,0,0,0,3,1,6,2,22,5,49,1,15,-1,1,-1
201506N097898,2,9,0,18,0,8,0,0,0,0,1,1,6,1,19,4,1390,1,8,-1,1,-1
201506N097924,1,9,0,3,0,8,0,0,0,0,1,1,6,2,72,10,1329,1,4,-1,-1,-1
201506N097924,2,3,0,17,0,8,0,0,0,0,4,1,6,1,36,7,125,1,1,-1,1,-1
201506N098075,1,19,0,18,0,2,0,0,0,0,1,1,6,1,39,7,2148,2,9,-1,1,-1
201506N098075,2,9,0,18,0,2,0,0,0,0,2,1,6,1,27,6,2987,2,9,-1,1,-1
201506N098082,1,4,0,16,0,1,0,0,0,0,1,1,6,1,25,5,899,1,15,-1,1,-1
201506N098082,2,9,0,17,0,2,0,0,0,0,1,1,6,2,28,6,1582,2,1,-1,1,-1
201506N098438,1,9,0,7,0,1,0,0,0,0,1,1,6,2,28,6,1341,1,11,-1,1,-1
201506N098438,2,11,0,18,2,8,0,0,0,0,1,1,1,1,49,8,9000,2,10,-1,1,-1
201506N098476,1,9,0,9,0,8,0,0,0,0,1,1,6,2,41,7,4164,2,21,-1,1,-1
201506N098476,2,9,0,18,0,8,0,0,0,0,1,1,6,2,22,5,-1,-1,-1,-1,1,-1
201506N098511,1,9,0,18,0,0,0,0,0,0,3,1,2,1,42,7,-1,-1,-1,-1,1,-1
201506N098564,1,9,0,9,0,8,0,0,0,0,1,1,6,2,21,5,1086,1,9,-1,1,-1
201506N098573,1,9,0,18,0,8,0,0,0,0,1,1,6,2,30,6,998,1,21,-1,-1,-1
201506N098573,2,9,0,18,0,8,0,0,0,0,3,1,6,1,28,6,1598,1,8,-1,1,-1
201506N098688,1,9,0,8,0,0,0,0,0,0,1,1,2,2,35,6,1598,1,6,-1,1,-1
201506N098688,2,1,0,18,0,0,0,0,0,0,4,1,6,1,70,10,-1,-1,-1,-1,1,-1
201506N098775,1,9,0,18,0,0,0,0,0,0,1,1,6,1,85,11,1986,1,6,-1,1,-1
201506N098783,1,4,0,18,0,0,2,0,0,0,1,1,6,1,31,6,-1,-1,-1,-1,1,-1
201506N099146,1,3,0,4,0,8,1,0,0,0,1,1,1,1,21,5,124,1,6,-1,1,-1
201506N099146,2,9,0,4,0,6,0,0,0,0,3,1,1,1,23,5,2198,1,11,-1,1,-1
201506N099146,3,9,0,2,0,1,0,0,0,0,0,1,6,3,-1,-1,4554,1,20,-1,-1,-1
201506N099155,1,9,0,18,0,0,0,0,0,0,1,1,6,1,74,10,3059,2,17,-1,1,-1
201506N099325,1,1,0,4,0,8,0,0,0,0,1,1,6,1,13,3,-1,-1,-1,-1,1,-1
201506N099325,2,9,0,9,0,8,0,0,0,0,4,1,6,3,-1,-1,-1,-1,-1,-1,-1,-1
201506N099436,1,9,0,5,0,4,0,0,0,0,0,1,6,3,-1,-1,-1,-1,-1,-1,-1,-1
201506N099436,2,9,0,17,0,3,0,0,0,0,1,1,6,1,29,6,1995,2,11,-1,1,-1
201506N099436,3,9,0,17,0,3,0,0,0,0,2,1,6,2,19,4,1242,1,2,-1,1,-1
201506N099436,4,9,0,17,0,3,0,0,0,0,3,1,6,1,55,8,1795,1,16,-1,1,-1
201506N099572,1,9,0,1,0,1,0,0,0,0,3,1,6,1,35,6,1781,1,19,-1,1,-1
201506N099572,2,9,0,1,0,2,0,0,0,0,3,1,1,1,41,7,1396,2,1,-1,-1,-1
201506N099686,1,9,0,18,0,2,0,0,0,0,1,1,6,2,56,9,1796,2,2,-1,-1,-1
201506N099686,2,8,0,2,0,2,0,0,0,0,2,1,2,1,24,5,1995,2,3,-1,1,-1
201506N099788,1,9,0,15,0,8,1,0,1,10,1,1,2,1,22,5,1685,2,2,-1,3,-1
201506N099788,2,9,0,11,0,8,0,0,0,0,4,1,2,1,32,6,1461,2,1,-1,1,-1
201506N099788,3,9,0,18,0,1,0,0,0,0,4,1,6,1,25,5,1199,1,15,-1,1,-1
201506N099925,1,9,0,18,0,8,0,0,0,0,1,1,6,2,45,7,1461,2,1,-1,-1,-1
201506N099925,2,9,0,18,0,8,0,0,0,0,1,1,6,2,44,7,-1,-1,-1,-1,1,-1
201506N099925,3,9,0,10,0,2,0,0,0,0,3,1,6,1,45,7,1686,2,10,-1,1,-1
201506N099927,1,9,0,7,0,2,0,0,0,0,1,1,2,1,67,10,1796,1,4,-1,1,-1
201506N099927,2,9,0,18,0,2,0,0,0,0,1,1,6,1,24,5,1149,1,8,-1,1,-1
201506NA05814,1,1,0,18,0,8,0,0,0,0,1,1,1,1,28,6,-1,-1,-1,-1,1,-1
201506NA05814,2,90,0,7,0,8,0,0,0,0,4,1,1,1,42,7,-1,-1,-1,-1,1,-1
201506NF99530,1,9,0,18,0,4,0,0,0,0,1,1,6,1,30,6,1896,2,13,-1,2,-1
201506NF99530,2,9,0,3,0,4,0,0,0,0,2,1,6,1,81,11,2198,2,7,-1,-1,-1
201506NF99530,3,9,0,3,0,4,0,0,0,0,2,1,6,2,33,6,1390,1,4,-1,1,-1
201506NP07387,1,9,0,17,0,4,0,0,0,0,1,1,6,1,69,10,1598,1,2,-1,1,-1
201506NP07387,2,1,0,18,0,8,0,0,0,0,4,1,6,1,31,6,-1,-1,-1,-1,1,-1
201506P000010,1,9,0,18,0,8,0,0,0,0,4,1,6,1,42,7,2143,2,1,-1,1,-1
201506P000010,2,1,0,18,0,8,0,0,0,0,1,1,6,1,14,3,-1,-1,-1,-1,1,-1
201506P000014,1,9,0,7,0,1,0,0,0,0,0,1,6,3,-1,-1,-1,-1,-1,-1,-1,-1
201506P000014,2,9,0,18,0,2,0,0,1,10,1,1,6,1,18,4,998,1,7,-1,1,-1
201506P000089,1,9,0,18,0,0,0,0,0,0,1,1,6,2,28,6,1299,1,14,-1,1,-1
201506P000090,1,9,0,18,0,0,0,0,0,0,1,1,6,1,26,6,1198,1,2,-1,1,-1
201506P000159,1,8,0,18,0,8,0,0,0,0,1,1,1,1,41,7,-1,-1,-1,-1,-1,-1
201506P000159,2,9,0,9,0,8,0,0,0,0,3,1,6,2,47,8,998,1,3,-1,1,-1
201506P000467,1,9,0,7,0,5,0,0,0,0,2,1,6,1,62,9,1198,1,1,-1,1,-1
201506P000467,2,1,0,18,0,8,0,0,0,0,1,1,2,2,30,6,-1,-1,-1,-1,1,-1
201506P000491,1,19,0,9,0,6,0,0,0,0,2,1,2,1,44,7,2198,2,5,-1,1,-1
201506P000491,2,9,0,18,0,8,0,0,1,10,1,1,1,1,50,8,1995,2,13,-1,1,-1
201506P000496,1,9,0,16,0,0,0,0,0,0,1,1,6,1,28,6,1596,1,14,-1,1,-1
201506P000496,2,21,0,17,0,0,0,0,0,0,1,1,1,1,39,7,5880,2,17,-1,1,-1
201506P000561,1,9,0,18,0,0,0,0,0,0,4,1,6,2,62,9,1364,1,12,-1,1,-1
201506P000577,1,9,0,9,0,8,0,0,0,0,4,1,6,2,33,6,-1,-1,-1,-1,1,-1
201506P000577,2,19,0,18,0,8,0,0,0,0,1,1,1,1,30,6,1560,2,1,-1,1,-1
201506P000679,1,9,0,18,0,1,0,0,0,0,1,1,6,1,29,6,1596,1,9,-1,1,-1
201506P000679,2,9,0,18,0,1,0,0,0,0,1,1,6,2,28,6,1956,2,1,-1,1,-1
201506P000679,3,9,0,2,0,1,0,0,0,0,1,1,1,1,77,11,1781,1,13,-1,1,-1
201506P000694,1,9,0,18,0,6,0,0,3,10,1,1,6,1,27,6,1968,2,10,-1,1,-1
201506P000857,1,1,0,18,0,1,0,0,0,0,1,1,6,1,58,9,-1,-1,-1,-1,1,-1
201506P000857,2,9,0,7,0,1,0,0,0,0,2,1,6,2,36,7,1560,2,6,-1,1,-1
201506P000860,1,9,0,9,0,8,0,0,0,0,1,1,6,1,24,5,1598,1,15,-1,1,-1
201506P000860,2,4,0,18,0,8,0,0,0,0,1,1,6,1,22,5,124,1,5,-1,2,-1
201506P000934,1,90,0,18,0,1,0,0,0,0,1,1,1,1,45,7,-1,-1,-1,-1,-1,-1
201506P000934,2,9,0,9,0,8,0,0,0,0,3,1,6,1,71,10,998,1,-1,-1,1,-1
201506P000954,1,90,0,17,0,0,0,0,0,0,3,1,6,1,58,9,1063,1,24,-1,1,-1
201506P000954,2,9,0,16,0,0,0,0,0,0,1,1,6,1,21,5,1896,2,9,-1,1,-1
201506P001004,1,9,0,13,0,0,0,0,0,0,4,1,6,3,-1,-1,-1,-1,-1,-1,-1,-1
201506P001004,2,9,0,18,0,0,0,0,0,0,3,1,6,1,25,5,-1,-1,-1,-1,1,-1
201506P001004,3,9,0,18,0,0,0,0,0,0,3,1,6,1,21,5,1229,1,5,-1,-1,-1
201506P001014,1,9,0,16,0,8,1,0,7,10,1,1,6,1,27,6,1332,1,19,-1,1,-1
201506P001154,1,9,0,7,0,6,0,0,0,0,3,1,6,1,80,11,1246,1,7,-1,1,-1
201506P001154,2,9,0,18,0,8,0,0,0,0,1,1,6,2,49,8,-1,-1,-1,-1,1,-1
201506P001200,1,9,0,18,0,0,0,0,0,0,0,1,6,3,-1,-1,-1,-1,-1,-1,-1,-1
201506P001200,2,9,0,18,0,0,0,0,0,0,2,1,6,1,66,10,1998,1,10,-1,1,-1
201506P001200,3,9,0,18,0,0,0,0,0,0,1,1,6,2,30,6,1498,1,9,-1,1,-1
201506P001488,1,9,0,14,0,0,0,0,0,0,1,1,2,2,32,6,1364,1,9,-1,1,-1
201506P001640,1,9,0,18,0,2,0,0,0,0,1,1,6,1,41,7,1229,1,11,-1,1,-1
201506P001640,2,9,0,2,0,2,0,0,0,0,2,1,6,1,30,6,2179,2,5,-1,1,-1
201506P001713,1,9,0,16,0,2,0,0,7,10,1,1,6,2,54,8,-1,-1,-1,-1,1,-1
201506P001785,1,8,0,18,0,2,0,0,0,0,1,1,1,1,52,8,1896,2,12,-1,1,-1
201506P001785,2,9,0,18,0,1,0,0,0,0,1,1,1,2,31,6,1798,1,1,-1,1,-1
201506P001785,3,9,0,2,0,2,0,0,0,0,3,1,1,3,-1,-1,1598,1,9,-1,-1,-1
201506P001792,1,9,0,9,0,8,0,0,0,0,1,1,6,2,26,6,1956,2,1,-1,1,-1
201506P001792,2,1,0,15,0,8,0,0,0,0,4,1,6,1,47,8,-1,-1,-1,-1,1,-1
201506P001823,1,9,0,18,0,0,0,0,0,0,1,1,6,2,38,7,1199,2,4,-1,1,-1
201506P001823,2,9,0,2,0,0,0,4,0,0,2,1,6,2,30,6,-1,-1,-1,-1,-1,-1
201506P001956,1,9,0,18,9,8,1,0,3,10,1,1,6,1,30,6,1995,2,9,-1,-1,-1
201506P001957,1,9,0,9,0,8,0,0,0,0,1,1,6,3,-1,-1,1149,1,7,-1,-1,-1
201506P001957,2,8,0,18,0,8,0,0,0,0,1,1,6,1,63,9,1995,2,13,-1,1,-1
201506P001957,3,9,0,2,0,1,0,0,0,0,4,1,6,3,-1,-1,1299,1,10,-1,-1,-1
201506P002016,1,11,0,4,0,0,0,0,0,0,0,1,6,1,30,6,-1,-1,-1,-1,-1,-1
201506P002029,1,9,0,7,0,8,0,0,0,0,1,1,2,2,68,10,429,1,12,-1,1,-1
201506P002029,2,1,0,18,0,2,0,0,0,0,2,1,2,1,42,7,-1,-1,-1,-1,1,-1
201506P002120,1,9,0,18,0,8,0,0,0,0,1,1,6,2,25,5,1896,2,14,-1,1,-1
201506P002120,2,9,0,18,0,8,0,0,0,0,1,1,6,1,53,8,1762,1,15,-1,1,-1
201506P002155,1,9,0,5,0,8,0,0,0,0,3,1,6,2,48,8,1582,2,6,-1,1,-1
201506P002155,2,9,0,9,0,8,0,0,0,0,1,1,6,2,36,7,2148,2,10,-1,1,-1
201506P002203,1,9,0,18,0,0,0,0,0,0,1,1,6,2,40,7,1242,1,6,-1,1,-1
201506P002213,1,9,0,18,0,1,0,0,0,0,1,1,6,1,36,7,1699,1,7,-1,1,-1
201506P002213,2,9,0,18,0,1,0,0,0,0,2,1,6,2,48,8,1798,1,3,-1,1,-1
201506P002237,1,9,0,18,0,0,1,4,0,0,1,1,1,1,23,5,-1,-1,-1,-1,1,-1
201506P002237,2,9,0,2,0,0,0,0,0,0,2,1,6,3,-1,-1,1587,1,9,-1,-1,-1
201506P002237,3,9,0,2,0,0,0,0,0,0,2,1,6,3,-1,-1,1968,2,1,-1,-1,-1
201506P002237,4,9,0,2,0,0,0,0,0,0,3,1,6,3,-1,-1,1229,1,8,-1,-1,-1
201506P002285,1,21,0,18,0,8,0,0,0,0,0,1,6,1,30,6,-1,-1,-1,-1,-1,-1
201506P002357,1,9,0,9,0,6,0,0,0,0,3,1,3,2,55,8,1149,1,13,-1,1,-1
201506P002357,2,5,0,18,0,8,1,0,0,0,1,1,1,1,29,6,1783,1,8,-1,1,-1
201506P002488,1,9,0,18,0,8,0,0,0,0,1,1,6,1,20,4,1390,1,11,-1,1,-1
201506P002488,2,9,0,5,0,8,0,0,0,0,3,1,6,2,73,10,1086,1,7,-1,1,-1
201506P002512,1,9,0,18,0,0,0,0,0,3,3,1,6,1,40,7,-1,-1,-1,-1,1,-1
201506P002512,2,9,0,18,0,0,0,0,0,0,3,1,6,2,40,7,-1,-1,-1,-1,-1,-1
201506P002512,3,9,0,18,0,0,0,0,0,0,1,1,6,1,30,6,5000,1,5,-1,1,-1
201506P002516,1,8,0,5,0,0,0,0,0,0,4,2,1,1,44,7,-1,-1,-1,-1,1,-1
201506P002653,1,9,0,18,0,8,0,0,0,0,1,1,1,1,30,6,2993,2,6,-1,1,-1
201506P002653,2,9,0,9,0,8,0,0,0,0,3,1,1,2,23,5,1598,1,4,-1,1,-1
201506P002747,1,9,0,16,0,0,1,0,0,0,1,1,6,1,18,4,1299,1,13,-1,1,-1
201506P002747,2,9,0,17,0,0,0,0,0,0,1,1,6,2,49,8,1798,8,3,-1,2,-1
201506P002827,1,21,0,1,0,1,0,0,0,0,2,1,1,1,29,6,5193,2,4,-1,-1,-1
201506P002958,1,9,0,4,0,8,0,0,0,0,1,1,6,1,43,7,1951,2,11,-1,1,-1
201506P002958,2,9,0,4,0,8,0,0,0,0,2,1,6,2,46,8,1598,1,11,-1,1,-1
201506P002958,3,9,0,4,0,8,0,0,0,0,2,1,6,2,30,6,998,1,7,-1,1,-1
201506P002958,4,9,0,4,0,8,0,0,0,0,2,1,6,1,30,6,2231,2,8,-1,-1,-1
201506P002968,1,9,0,18,0,8,0,0,0,0,1,1,6,2,25,5,998,1,15,-1,1,-1
201506P002988,1,9,0,18,0,1,0,0,0,0,1,1,6,2,18,4,1229,1,3,-1,1,-1
201506P002988,2,9,0,3,0,1,0,0,0,0,2,1,6,2,49,8,1795,1,17,-1,1,-1
201506P002988,3,9,0,3,0,1,0,0,0,0,2,1,6,1,31,6,1560,2,-1,-1,1,-1
201506P002988,4,19,0,10,0,1,0,0,0,0,2,1,6,1,47,8,-1,-1,-1,-1,1,-1
201506P002993,1,5,0,16,0,8,1,0,0,0,1,1,6,1,56,9,1164,1,10,-1,1,-1
201506P002993,2,9,0,18,0,8,1,0,0,0,1,1,6,2,35,6,1997,2,12,-1,1,-1
201506P003031,1,1,0,18,0,8,0,0,0,0,3,1,6,2,20,4,-1,-1,-1,-1,1,-1
201506P003031,2,9,0,9,0,8,0,0,0,0,1,1,6,2,30,6,-1,-1,-1,-1,-1,-1
201506P003051,1,9,0,5,9,2,0,10,1,10,1,1,6,2,34,6,-1,-1,-1,-1,1,-1
201506P003090,1,9,0,16,0,8,0,0,0,0,2,1,1,2,30,6,-1,-1,-1,-1,-1,-1
201506P003090,2,3,0,10,0,5,0,0,0,0,2,1,1,1,20,4,125,1,3,-1,1,-1
201506P003100,1,9,0,18,0,0,0,0,0,0,1,1,2,1,46,8,1598,1,8,-1,1,-1
201506P003100,2,8,0,4,0,0,0,0,0,0,2,1,1,1,24,5,1896,2,10,-1,1,-1
201506P003103,1,9,0,18,0,8,0,0,0,0,1,1,6,1,30,6,1149,1,12,-1,-1,-1
201506P003103,2,9,0,9,0,8,0,0,0,0,1,1,6,1,26,6,1910,2,8,-1,3,-1
201506P003267,1,9,0,9,0,5,0,0,0,0,1,1,6,1,30,6,1343,1,10,-1,-1,-1
201506P003267,2,1,0,18,0,8,0,0,0,0,3,1,6,1,16,4,-1,-1,-1,-1,1,-1
201506P003291,1,9,0,7,0,8,0,0,0,0,3,1,6,2,46,8,1497,1,14,-1,1,-1
201506P003291,2,9,0,18,0,8,0,0,0,0,4,1,6,1,60,9,1997,2,3,-1,1,-1
201506P003323,1,9,0,18,0,1,0,0,0,0,1,1,6,1,23,5,1910,2,8,-1,1,-1
201506P003323,2,9,0,18,0,2,0,0,0,0,1,1,6,1,22,5,1199,1,12,-1,1,-1
201506P003419,1,9,0,15,0,1,0,0,0,0,4,1,6,1,46,8,1968,2,9,-1,1,-1
201506P003419,2,1,0,18,0,1,0,0,0,0,3,1,6,1,46,8,-1,-1,-1,-1,1,-1
201506P003419,3,1,0,18,0,1,0,0,0,0,0,1,6,1,51,8,-1,-1,-1,-1,3,-1
201506P003518,1,9,0,18,0,0,0,0,0,0,1,1,1,1,38,7,1240,1,9,-1,1,-1
201506P003518,2,9,0,2,0,0,0,0,0,0,2,1,6,1,30,6,1560,2,7,-1,-1,-1
201506P003571,1,9,0,18,0,8,0,0,0,0,1,1,6,2,33,6,1242,1,3,-1,-1,-1
201506P003606,1,9,0,9,0,8,0,0,0,0,3,1,6,1,25,5,1753,2,11,-1,1,-1
201506P003606,2,3,0,18,0,8,0,0,0,0,1,1,2,1,21,5,124,1,1,-1,-1,-1
201506P003615,1,9,0,18,0,8,0,0,0,0,1,1,1,2,31,6,1598,1,13,-1,1,-1
201506P003615,2,9,0,18,0,8,0,0,0,0,2,1,1,2,20,4,1200,1,1,-1,-1,-1
201506P003803,1,9,0,18,0,0,0,0,0,0,4,1,2,2,33,6,1988,1,12,-1,1,-1
201506P003803,2,9,0,18,0,0,0,0,0,0,3,1,1,3,30,6,2000,2,10,-1,-1,-1
201506P003842,1,8,0,18,0,0,0,0,0,0,4,1,6,1,62,9,2460,2,7,-1,1,-1
201506P003882,1,9,0,18,0,0,0,0,0,0,1,1,6,1,30,6,1796,1,12,-1,-1,-1
201506P003882,2,9,0,3,0,0,0,0,0,0,2,1,2,2,61,9,1598,1,1,-1,1,-1
201506P003882,3,9,0,3,0,0,0,0,0,0,2,1,2,2,43,7,1461,2,3,-1,1,-1
201506P003882,4,9,0,3,0,0,0,0,0,0,2,1,2,1,33,6,1242,1,9,-1,1,-1
201506P003960,1,9,0,5,0,0,0,0,0,0,4,1,6,1,30,6,-1,-1,-1,-1,-1,-1
201506P004028,1,9,0,18,0,2,0,0,0,0,1,1,6,2,50,8,996,1,3,-1,1,-1
201506P004255,1,8,0,18,0,1,0,0,0,0,1,1,1,1,43,7,-1,-1,-1,-1,-1,-1
201506P004255,2,9,0,18,0,1,0,0,0,0,2,1,6,2,52,8,1896,2,12,-1,-1,-1
201506P004311,1,9,0,18,0,8,0,0,0,0,3,1,6,1,61,9,1986,2,9,-1,1,-1
201506P004311,2,9,0,9,0,8,0,0,0,0,4,1,6,2,51,8,1560,2,6,-1,1,-1
201506P004403,1,9,0,18,0,0,0,0,0,0,1,1,6,1,32,6,1999,1,13,-1,1,-1
201506P004410,1,9,0,18,0,0,1,10,2,2,3,1,6,3,-1,-1,3500,1,12,-1,-1,-1
201506P004442,1,9,0,9,0,5,0,0,0,0,4,1,6,2,64,9,1149,1,4,-1,3,-1
201506P004442,2,1,0,18,0,8,0,0,0,0,1,1,6,2,38,7,-1,-1,-1,-1,1,-1
201506P004456,1,21,0,18,0,8,0,0,0,0,3,1,6,1,22,5,-1,-1,-1,-1,1,-1
201506P004456,2,9,0,18,0,8,0,0,0,0,3,1,1,1,46,8,1598,1,17,-1,-1,-1
201506P004520,1,9,0,18,0,0,1,0,0,0,1,1,6,1,18,4,1149,1,12,-1,-1,-1
201506P004520,2,9,0,12,0,0,0,0,0,0,0,1,6,2,48,8,1968,2,4,-1,1,-1
201506P004566,1,9,0,18,0,0,0,0,0,0,1,1,6,2,18,4,1368,1,5,-1,1,-1
201506P004566,2,9,0,2,0,0,0,0,0,0,2,1,6,3,-1,-1,998,1,15,-1,-1,-1
201506P004584,1,3,0,9,6,6,0,0,0,3,3,1,1,1,82,11,89,1,22,-1,-1,-1
201506P004584,2,3,0,18,0,8,0,0,0,0,1,1,1,1,23,5,125,1,2,-1,-1,-1
201506P004599,1,9,0,4,0,0,0,0,0,0,0,1,6,1,25,5,1240,1,9,-1,1,-1
201506P004599,2,9,0,18,0,0,0,0,1,0,1,1,1,1,37,7,-1,-1,-1,-1,1,-1
201506P004728,1,9,0,9,0,8,0,0,0,7,1,1,6,1,91,11,4546,1,18,-1,1,-1
201506P004728,2,9,0,18,0,8,0,0,0,0,3,1,6,1,45,7,-1,-1,-1,-1,1,-1
201506P004740,1,3,0,7,0,2,2,0,0,0,1,1,6,1,22,5,125,1,15,-1,1,-1
201506P004740,2,8,0,18,0,1,0,0,0,0,1,1,1,1,63,9,1762,1,15,-1,1,-1
201506P004784,1,9,0,18,0,1,0,0,0,0,1,1,6,1,63,9,1798,1,11,-1,1,-1
201506P004794,1,9,0,18,0,2,0,0,0,0,1,1,6,1,30,6,-1,-1,-1,-1,-1,-1
201506P004794,2,9,0,4,0,2,0,0,0,0,2,1,6,2,22,5,1229,1,5,-1,1,-1
201506P004794,3,19,0,3,0,2,0,0,0,0,2,1,6,1,23,5,-1,-1,-1,-1,1,-1
201506P004794,4,9,0,3,0,2,0,0,0,0,2,1,6,2,36,7,1242,1,-1,-1,1,-1
201506P004868,1,9,0,9,0,8,0,0,0,0,1,1,6,2,47,8,1497,1,10,-1,1,-1
201506P004868,2,5,0,18,0,8,0,0,0,0,1,1,6,1,35,6,748,1,21,-1,1,-1
201506P004878,1,9,0,18,0,8,0,0,0,0,1,1,6,1,33,6,1360,1,4,-1,1,-1
201506P004878,2,9,0,9,0,8,0,0,0,0,2,1,6,1,26,6,998,1,2,-1,1,-1
201506P004931,1,8,0,6,0,0,0,0,0,0,3,1,1,1,27,6,1762,1,15,-1,1,-1
201506P004931,2,3,0,18,0,0,0,0,0,0,1,1,6,1,52,8,124,1,6,-1,1,-1
201506P005404,1,8,0,5,0,6,0,0,0,0,1,1,1,1,40,7,1497,8,9,-1,-1,-1
201506P005404,2,1,0,10,0,8,0,0,0,0,2,1,6,1,63,9,-1,-1,-1,-1,1,-1
201506P005414,1,9,0,18,0,1,1,0,0,0,1,1,6,1,18,4,1896,2,12,-1,1,-1
201506P005414,2,19,0,3,0,1,0,0,0,0,2,1,6,1,50,8,2198,2,5,-1,1,-1
201506P005414,3,9,0,3,0,1,0,0,0,0,3,1,6,1,37,7,998,1,13,-1,1,-1
201506P005414,4,9,0,3,0,1,0,0,0,0,3,1,6,1,44,7,998,1,-1,-1,1,-1
201506P005414,5,9,0,3,0,1,0,0,0,0,4,1,6,2,63,9,1598,1,14,-1,1,-1
201506P005431,1,9,0,7,0,1,0,0,0,0,1,1,1,1,54,8,-1,-1,-1,-1,1,-1