Accident_Index,Vehicle_Reference,Vehicle_Type,Towing_and_Articulation,Vehicle_Manoeuvre,Vehicle_Location-Restricted_Lane,Junction_Location,Skidding_and_Overturning,Hit_Object_in_Carriageway,Vehicle_Leaving_Carriageway,Hit_Object_off_Carriageway,1st_Point_of_Impact,Was_Vehicle_Left_Hand_Drive?,Journey_Purpose_of_Driver,Sex_of_Driver,Age_of_Driver,Age_Band_of_Driver,Engine_Capacity_(CC),Propulsion_Code,Age_of_Vehicle,Driver_IMD_Decile,Driver_Home_Area_Type,Vehicle_IMD_Decile
201506P005560,1,9,0,18,0,8,0,0,0,0,1,1,6,2,35,6,2995,1,12,-1,1,-1
201506P005560,2,9,0,18,0,8,0,0,0,0,1,1,6,1,67,10,999,1,-1,-1,1,-1
201506P005651,1,19,0,9,0,8,0,0,0,0,0,1,2,1,45,7,1686,2,11,-1,1,-1
201506P005651,2,5,0,18,0,8,2,0,0,0,1,1,6,1,22,5,645,1,1,-1,1,-1
201506P005655,1,9,0,3,0,1,0,0,0,0,1,1,6,2,40,7,1242,1,1,-1,1,-1
201506P005655,2,9,0,3,0,1,0,0,0,0,2,1,6,1,30,6,1596,1,12,-1,1,-1
201506P005655,3,9,0,3,0,1,0,0,0,0,2,1,6,1,50,8,1797,8,2,-1,1,-1
201506P005674,1,9,0,18,0,2,0,0,0,0,4,1,6,2,40,7,998,1,13,-1,1,-1
201506P005720,1,9,0,18,0,0,0,0,0,0,1,1,6,1,24,5,2616,1,9,-1,1,-1
201506P005769,1,9,0,9,0,8,0,0,0,0,1,1,6,2,58,9,1498,1,6,-1,1,-1
201506P005769,2,9,0,18,0,8,0,0,0,0,3,1,6,1,34,6,3246,1,12,-1,1,-1
201506P005769,3,9,0,2,0,8,0,0,0,0,4,1,6,1,75,10,1598,1,4,-1,1,-1
201506P005776,1,9,0,16,0,2,0,0,0,0,1,1,2,2,19,4,998,1,6,-1,1,-1
201506P005776,2,19,0,4,0,1,0,0,0,0,1,1,2,1,49,8,-1,-1,-1,-1,1,-1
201506P005917,1,9,0,18,0,2,0,0,0,0,1,1,2,3,-1,-1,1995,2,10,-1,-1,-1
201506P005917,2,9,0,18,0,1,0,0,0,0,1,1,6,1,37,7,-1,-1,-1,-1,1,-1
201506P006006,1,9,0,9,0,8,0,0,0,0,3,1,2,2,45,7,1956,2,4,-1,1,-1
201506P006006,2,4,0,18,0,8,0,0,0,0,4,1,2,1,51,8,400,1,35,-1,3,-1
201506P006118,1,3,0,18,0,8,0,0,0,0,4,1,2,1,30,6,124,1,2,-1,1,-1
201506P006118,2,9,0,9,0,8,0,0,0,0,4,1,2,2,28,6,1299,1,7,-1,1,-1
201506P006121,1,9,0,18,0,0,0,0,0,0,1,1,6,1,58,9,1396,1,5,-1,1,-1
201506P006243,1,9,0,9,0,8,0,0,0,0,3,1,6,2,60,9,1598,1,4,-1,1,-1
201506P006243,2,3,0,13,0,8,0,0,7,0,1,1,2,1,24,5,124,1,1,-1,1,-1
201506P006337,1,9,0,9,0,8,0,0,0,0,1,1,6,2,68,10,1197,1,-1,-1,1,-1
201506P006337,2,1,0,18,0,8,0,0,0,0,1,1,6,2,27,6,-1,-1,-1,-1,1,-1
201506P006355,1,9,0,18,0,0,0,0,0,0,3,1,6,1,84,11,1598,1,11,-1,1,-1
201506P006355,2,9,0,18,0,0,0,0,0,0,3,1,6,1,63,9,1398,1,11,-1,1,-1
201506P006355,3,9,0,18,0,0,0,0,0,0,2,1,6,2,41,7,1956,2,3,-1,1,-1
201506P006625,1,90,0,18,0,0,0,0,0,0,1,1,1,1,50,8,-1,-1,-1,-1,-1,-1
201506P006673,1,9,0,9,0,8,0,0,0,0,4,1,1,2,51,8,1686,2,6,-1,1,-1
201506P006673,2,9,0,18,0,8,0,0,0,0,1,1,1,2,25,5,1332,1,17,-1,1,-1
201506P006684,1,9,0,18,7,0,0,0,0,0,1,1,6,2,31,6,1968,2,4,-1,1,-1
201506P006684,2,9,0,2,6,0,0,0,0,0,2,1,6,2,50,8,1997,2,13,-1,1,-1
201506P006684,3,9,0,2,6,0,0,0,0,0,2,1,6,1,47,8,1896,2,18,-1,1,-1
201506P006736,1,9,0,9,0,8,0,0,0,0,3,1,6,1,48,8,1339,1,8,-1,1,-1
201506P006736,2,3,0,18,0,8,0,0,0,0,1,1,6,1,26,6,125,1,2,-1,1,-1
201506P006828,1,9,0,18,0,0,0,0,0,0,1,1,2,1,32,6,1794,1,14,-1,1,-1
201506P006828,2,9,0,4,0,0,0,0,0,0,2,1,3,1,20,4,1997,2,13,-1,1,-1
201506P006831,1,9,0,5,0,0,0,0,0,0,3,1,2,2,57,9,1339,1,13,-1,1,-1
201506P007087,1,9,0,18,0,1,0,0,0,0,1,1,6,1,28,6,1329,1,6,-1,1,-1
201506P007175,1,9,0,7,0,6,0,0,0,0,1,1,6,3,-1,-1,1339,1,8,-1,-1,-1
201506P007175,2,1,0,17,0,8,0,0,0,0,2,1,6,2,30,6,-1,-1,-1,-1,-1,-1
201506P007269,1,9,0,9,0,8,1,0,1,7,1,1,6,1,30,6,1968,2,10,-1,-1,-1
201506P007269,2,9,0,9,0,8,0,0,0,0,0,1,1,1,30,6,-1,-1,-1,-1,-1,-1
201506P007377,1,9,0,14,0,1,0,0,0,0,1,1,3,1,46,8,1686,2,2,-1,1,-1
201506P007484,1,9,0,5,0,1,0,0,0,0,1,1,6,1,30,6,-1,-1,-1,-1,-1,-1
201506P007524,1,4,0,13,0,0,0,0,0,0,1,1,6,1,22,5,124,1,13,-1,1,-1
201506P007524,2,9,0,2,0,0,0,0,0,0,2,1,2,1,31,6,1995,2,4,-1,1,-1
201506P007529,1,9,0,18,0,0,0,0,0,0,1,1,6,2,23,5,-1,-1,-1,-1,1,-1
201506P007529,2,9,0,3,0,0,0,0,0,0,2,1,6,2,31,6,1242,1,9,-1,1,-1
201506P007529,3,9,0,3,0,0,0,0,0,0,2,1,6,2,32,6,1999,1,8,-1,-1,-1
201506P007561,1,9,0,9,0,8,5,0,0,0,4,1,6,2,45,7,1799,1,7,-1,1,-1
201506P007561,2,9,0,18,0,8,0,0,0,0,1,1,6,1,21,5,1248,2,8,-1,1,-1
201506P007648,1,9,0,18,0,1,0,0,0,0,1,1,6,1,47,8,2926,2,13,-1,1,-1
201506P007648,2,9,0,18,0,1,0,0,0,0,2,1,6,1,62,9,1124,1,9,-1,1,-1
201506P007679,1,9,0,18,0,1,0,7,0,10,1,1,6,1,31,6,1396,2,3,-1,1,-1
201506P008019,1,9,0,9,0,8,0,0,0,0,1,1,6,1,21,5,1390,1,5,-1,1,-1
201506P008019,2,9,0,18,0,8,0,0,0,0,1,1,6,1,35,6,1398,2,11,-1,1,-1
201506P008053,1,19,0,9,0,8,0,0,0,0,1,1,6,1,30,6,-1,-1,-1,-1,-1,-1
201506P008053,2,1,0,18,0,1,0,0,0,0,3,1,1,1,30,6,-1,-1,-1,-1,1,-1
201506P008081,1,9,0,18,0,0,0,0,0,0,4,1,6,1,44,7,2993,2,2,-1,3,-1
201506P008081,2,9,0,18,0,0,0,0,0,0,3,1,6,1,37,7,1390,2,12,-1,1,-1
201506P008081,3,9,0,3,0,0,0,0,0,0,4,1,6,2,18,4,1598,1,7,-1,1,-1
201506P008350,1,3,0,18,0,0,2,0,0,0,1,1,2,1,39,7,124,1,-1,-1,1,-1
201506P008373,1,9,0,9,0,8,0,0,0,0,4,1,6,3,58,9,1229,1,1,-1,1,-1
201506P008373,2,3,0,18,0,8,0,0,0,0,1,1,2,1,20,4,125,1,6,-1,1,-1
201506P008539,1,9,0,18,0,8,0,0,0,0,3,1,6,1,30,6,1198,1,11,-1,1,-1
201506P008539,2,9,0,18,0,8,0,0,0,0,1,1,6,1,20,4,1896,2,8,-1,-1,-1
201506P008629,1,19,0,18,0,0,0,0,0,0,1,1,1,1,39,7,2198,2,1,-1,1,-1
201506P008658,1,9,0,18,0,1,5,0,7,10,1,1,6,1,77,11,1398,1,2,-1,-1,-1
201506P008670,1,9,0,18,0,0,1,0,2,0,4,1,6,1,22,5,1896,2,13,-1,3,-1
201506P008684,1,9,0,9,0,8,0,0,0,0,4,1,6,2,21,5,998,1,11,-1,-1,-1
201506P008684,2,9,0,18,0,8,0,0,0,0,1,1,6,2,77,11,1388,1,3,-1,1,-1
201506P008693,1,9,0,9,0,6,0,0,0,0,1,1,6,2,27,6,1896,2,10,-1,1,-1
201506P008693,2,9,0,18,0,8,0,0,0,0,4,1,6,1,39,7,1999,1,7,-1,1,-1
201506P008708,1,9,0,9,0,8,0,0,0,0,1,1,6,2,49,8,2685,2,12,-1,1,-1
201506P008708,2,9,0,18,0,8,0,0,0,7,3,1,6,1,63,9,1995,2,13,-1,1,-1
201506P008710,1,9,0,4,0,0,0,0,0,0,3,1,2,2,53,8,1596,1,11,-1,1,-1
201506P008898,1,9,0,18,0,0,0,0,0,0,1,1,6,2,45,7,1796,1,11,-1,1,-1
201506P008900,1,9,0,9,0,8,0,0,0,0,1,1,6,1,25,5,1299,1,12,-1,-1,-1
201506P008900,2,5,0,18,0,8,0,0,0,0,1,1,2,1,48,8,1151,1,6,-1,2,-1
201506P008928,1,9,0,9,0,2,0,0,0,0,1,1,6,1,36,7,1396,1,14,-1,-1,-1
201506P008944,1,9,0,18,0,0,0,0,0,0,1,1,6,2,18,4,998,1,4,-1,1,-1
201506P008946,1,9,0,9,0,8,0,7,0,0,1,1,6,2,39,7,1896,2,7,-1,1,-1
201506P008946,2,9,0,18,0,8,5,7,0,0,3,1,6,1,63,9,1991,2,9,-1,1,-1
201506P008975,1,9,0,4,0,2,0,0,0,0,1,1,6,2,24,5,1364,1,8,-1,1,-1
201506P008975,2,9,0,4,0,2,0,0,0,0,2,1,6,2,65,9,1598,1,7,-1,1,-1
201506P008975,3,9,0,4,0,2,0,0,0,0,2,1,6,2,56,9,1242,1,-1,-1,1,-1
201506P008976,1,9,0,18,0,0,1,0,7,4,4,1,2,1,50,8,1493,2,6,-1,1,-1
201506P008976,2,9,0,18,0,0,0,0,0,0,0,1,6,1,54,8,1997,1,9,-1,1,-1
201506P008976,3,9,0,18,0,0,0,0,0,0,0,1,6,2,61,9,998,1,2,-1,1,-1
201506P008987,1,9,0,9,0,8,0,0,0,0,1,1,2,1,32,6,1242,1,4,-1,1,-1
201506P008987,2,9,0,18,0,8,0,0,0,0,1,1,6,1,27,6,1896,2,6,-1,-1,-1
201506P008987,3,21,4,10,0,8,0,0,0,0,1,1,1,1,52,8,11705,2,7,-1,-1,-1
201506P009222,1,8,0,18,0,1,0,0,0,0,1,1,1,1,29,6,1998,1,17,-1,-1,-1
201506P009223,1,9,0,9,0,6,0,0,0,0,1,1,3,2,31,6,1587,1,10,-1,1,-1
201506P009258,1,9,0,18,0,8,1,0,1,4,1,1,2,1,30,6,1328,1,7,-1,-1,-1
201506P009385,1,9,0,18,0,0,0,0,0,0,1,1,6,3,-1,-1,-1,-1,-1,-1,-1,-1
201506P009397,1,9,0,18,0,0,0,0,0,0,1,1,6,1,65,9,1560,2,5,-1,1,-1
201506P009810,1,9,0,18,0,1,0,0,0,0,1,1,6,1,25,5,1598,1,12,-1,1,-1
201506P009810,2,9,0,10,0,1,0,0,0,0,2,1,6,1,44,7,1896,2,6,-1,1,-1
201506P009848,1,9,0,9,0,8,0,0,0,0,1,1,6,1,35,6,1598,2,4,-1,1,-1
201506P009848,2,5,0,18,0,8,0,0,0,0,1,1,6,1,27,6,636,1,-1,-1,1,-1
201506P009848,3,19,0,2,0,8,0,0,0,0,0,1,6,1,21,5,2402,2,7,-1,1,-1
201506P009864,1,8,0,7,0,8,0,0,0,0,2,1,6,1,30,6,1590,1,12,-1,-1,-1
201506P009864,2,1,0,18,0,8,0,0,0,0,1,1,6,1,42,7,-1,-1,-1,-1,1,-1
201506P009913,1,9,0,5,0,0,0,0,0,0,3,1,1,1,58,9,1968,2,10,-1,-1,-1
201506P010041,1,9,0,18,0,1,0,0,0,0,1,1,6,1,28,6,1339,1,4,-1,1,-1
201506P010041,2,9,0,3,0,1,0,0,0,0,2,1,6,1,44,7,1896,2,12,-1,1,-1
201506P010292,1,9,0,3,0,8,1,0,0,0,1,1,6,2,61,9,1199,1,16,-1,1,-1
201506P010292,2,9,0,3,0,8,1,0,1,10,4,1,6,1,32,6,1896,2,8,-1,1,-1
201506P010446,1,3,0,18,0,2,5,0,0,0,1,1,2,1,24,5,125,1,-1,-1,1,-1
201506P010446,2,8,0,2,0,2,0,0,0,0,0,1,1,3,-1,-1,-1,-1,-1,-1,-1,-1
201506P010446,3,8,0,2,0,2,0,0,0,0,0,1,1,3,-1,-1,-1,-1,-1,-1,-1,-1
201506P010600,1,9,0,18,0,8,0,0,0,0,3,1,1,1,33,6,-1,-1,-1,-1,1,-1
201506P010600,2,9,0,18,0,8,0,0,0,0,1,1,6,1,62,9,1598,1,2,-1,1,-1
201506P095479,1,8,0,18,0,8,5,0,0,0,1,1,6,1,35,6,-1,-1,-1,-1,1,-1
201506P095479,2,3,0,18,0,8,0,0,0,0,3,1,6,1,45,7,124,1,5,-1,1,-1
201506P095479,3,9,0,18,0,8,0,0,0,0,1,1,6,1,52,8,-1,-1,-1,-1,1,-1
201506P095823,1,9,0,18,0,6,0,0,0,0,1,1,6,1,31,6,1598,1,12,-1,1,-1
201506P095823,2,9,0,18,0,8,1,0,1,0,4,1,2,1,30,6,-1,-1,-1,-1,1,-1
201506P095953,1,9,0,9,0,8,0,0,0,0,0,1,6,1,30,6,1124,1,12,-1,-1,-1
201506P095953,2,9,0,18,0,8,0,0,0,0,0,1,6,2,43,7,1461,2,1,-1,1,-1
201506P096243,1,9,0,7,0,6,0,0,0,0,3,1,6,2,20,4,-1,-1,-1,-1,-1,-1
201506P096243,2,9,0,18,0,8,1,0,0,0,1,1,6,1,27,6,2198,1,12,-1,1,-1
201506P096245,1,9,0,9,0,8,5,0,0,0,4,1,6,1,31,6,-1,-1,-1,-1,1,-1
201506P096245,2,8,0,18,0,8,0,0,0,0,1,1,1,1,37,7,1896,2,10,-1,1,-1
201506P096272,1,9,0,18,0,8,0,0,0,0,1,1,2,1,25,5,1910,2,7,-1,1,-1
201506P096272,2,9,0,18,0,8,0,0,0,0,1,1,2,1,43,7,1796,1,4,-1,1,-1
201506P096447,1,9,0,18,0,1,0,0,7,10,1,1,6,1,76,11,1796,1,14,-1,1,-1
201506P096447,2,9,0,18,0,2,0,0,0,0,1,1,6,2,44,7,-1,-1,-1,-1,1,-1
201506P096447,3,9,0,18,0,2,0,0,0,0,1,1,6,1,29,6,-1,-1,-1,-1,1,-1
201506P096455,1,9,0,17,0,8,0,0,1,10,1,1,6,1,19,4,1199,2,4,-1,1,-1
201506P096468,1,9,0,9,0,8,0,0,0,0,4,1,6,2,22,5,-1,-1,-1,-1,2,-1
201506P096468,2,9,0,18,0,8,0,0,0,0,1,1,6,1,27,6,1910,2,9,-1,1,-1
201506P096489,1,8,0,18,0,0,0,0,0,0,4,1,1,1,51,8,-1,-1,-1,-1,1,-1
201506P096528,1,3,0,14,0,0,0,0,0,0,1,1,2,1,20,4,125,1,8,-1,3,-1
201506P096600,1,9,0,18,0,1,0,0,0,0,1,1,6,3,30,6,-1,-1,-1,-1,-1,-1
201506P096605,1,9,0,18,0,8,1,0,0,0,1,1,1,1,23,5,998,1,14,-1,1,-1
201506P096605,2,9,0,10,0,6,0,0,0,0,3,1,6,1,33,6,1997,2,7,-1,1,-1
201506P096611,1,8,0,16,0,3,0,10,0,1,2,1,1,1,49,8,1796,1,10,-1,1,-1
201506P096611,2,8,0,18,0,4,0,0,0,0,1,1,1,1,44,7,1762,1,15,-1,1,-1
201506P096677,1,90,0,18,0,2,0,10,0,10,1,1,1,1,58,9,-1,-1,-1,-1,1,-1
201506P096778,1,9,0,18,0,0,0,0,0,0,1,1,2,1,58,9,1598,1,1,-1,1,-1
201506P096781,1,9,0,18,0,1,0,0,0,0,4,1,2,1,27,6,1997,1,1,-1,1,-1
201506P096783,1,9,0,18,0,8,0,0,0,0,1,1,6,2,74,10,1686,2,3,-1,-1,-1
201506P096920,1,9,0,18,0,0,1,7,0,10,1,1,6,1,19,4,-1,-1,-1,-1,1,-1
201506P096920,2,9,0,18,0,0,0,0,0,0,0,1,6,1,18,4,1299,1,14,-1,1,-1
201506P096920,3,9,0,18,0,0,0,0,0,0,0,1,6,1,21,5,1229,1,3,-1,1,-1
201506P096920,4,9,0,2,0,0,0,0,0,0,4,1,6,1,24,5,1242,1,14,-1,1,-1
201506P097064,1,9,0,18,0,1,1,0,0,0,1,1,6,2,28,6,1686,2,8,-1,-1,-1
201506P097064,2,10,0,8,0,1,0,0,0,0,2,1,6,1,31,6,-1,-1,-1,-1,1,-1
201506P097115,1,9,0,18,0,1,0,0,0,0,4,1,6,2,24,5,1199,1,14,-1,1,-1
201506P097118,1,11,0,4,0,0,0,0,0,0,0,1,1,1,53,8,9360,2,6,-1,1,-1
201506P097118,2,11,0,14,0,0,0,0,0,0,1,1,1,1,69,10,-1,-1,-1,-1,1,-1
201506P097136,1,9,0,9,0,4,0,0,0,0,1,1,6,2,21,5,-1,-1,-1,-1,1,-1
201506P097136,2,9,0,18,0,4,0,0,0,0,1,1,6,1,28,6,2000,1,10,-1,1,-1
201506P097186,1,9,0,9,0,6,1,0,0,0,0,1,6,1,37,7,1995,2,9,-1,1,-1
201506P097186,2,9,0,3,0,2,0,0,0,0,0,1,6,2,37,7,1781,1,11,-1,-1,-1
201506P097256,1,9,0,18,0,8,0,0,1,10,1,1,6,2,38,7,-1,-1,-1,-1,1,-1
201506P097256,2,9,0,18,0,8,0,0,0,0,1,1,6,1,43,7,-1,-1,-1,-1,1,-1
201506P097296,1,9,0,9,0,6,0,0,0,0,1,1,6,3,-1,-1,-1,-1,-1,-1,-1,-1
201506P097296,2,1,0,18,0,8,0,0,0,0,4,1,3,1,16,4,-1,-1,-1,-1,1,-1
201506P097331,1,9,0,17,0,8,0,0,0,1,1,1,6,1,37,7,1998,1,10,-1,1,-1
201506P097363,1,9,0,18,0,1,0,0,0,0,1,1,6,1,20,4,1686,2,5,-1,-1,-1
201506P097363,2,9,0,3,0,1,0,0,0,0,2,1,1,2,24,5,1396,2,1,-1,-1,-1
201506P097467,1,9,0,4,0,1,1,0,0,0,1,1,6,2,32,6,1753,2,12,-1,1,-1
201506P097467,2,9,0,4,0,1,0,0,0,0,2,1,6,1,25,5,-1,-1,-1,-1,-1,-1
201506P097467,3,9,0,18,0,1,0,0,0,0,0,1,6,3,-1,-1,-1,-1,-1,-1,-1,-1
201506P097493,1,9,0,1,0,2,0,0,0,0,2,1,6,1,64,9,1299,1,11,-1,1,-1
201506P097508,1,9,0,3,0,1,0,0,0,0,1,1,6,2,30,6,-1,-1,-1,-1,-1,-1
201506P097512,1,9,0,18,0,0,2,0,0,0,1,1,6,2,83,11,-1,-1,-1,-1,1,-1
201506P097512,2,9,0,2,0,0,0,0,1,10,3,1,6,2,22,5,1395,1,1,-1,1,-1
201506P097578,1,9,0,9,0,8,0,0,0,0,1,1,6,2,45,7,1242,1,8,-1,1,-1
201506P097578,2,9,0,18,0,8,0,0,0,10,3,1,6,1,49,8,1995,2,2,-1,-1,-1
201506P097609,1,9,0,18,0,1,0,0,0,0,1,1,6,1,51,8,-1,-1,-1,-1,1,-1
201506P097609,2,9,0,7,0,5,0,0,0,0,3,1,6,1,28,6,998,1,8,-1,1,-1
201506P097609,3,8,0,18,0,1,0,0,0,0,3,1,6,1,26,6,1762,1,16,-1,1,-1
201506P097766,1,9,0,18,0,1,0,0,0,0,1,1,1,2,48,8,1798,1,7,-1,1,-1
201506P097766,2,1,0,17,0,1,0,0,0,0,1,1,6,1,20,4,-1,-1,-1,-1,-1,-1
201506P097789,1,9,0,9,0,6,0,0,0,0,1,1,6,1,21,5,1398,1,1,-1,1,-1
201506P097789,2,3,0,18,0,8,2,4,0,0,4,1,6,1,48,8,124,1,7,-1,1,-1
201506P097789,3,9,0,2,0,2,0,0,0,0,1,1,6,3,-1,-1,1199,1,12,-1,-1,-1
201506P097808,1,9,0,18,0,4,0,0,0,0,1,1,2,2,30,6,1149,1,12,-1,1,-1
201506P097808,2,9,0,18,0,4,0,0,0,0,2,1,6,1,68,10,-1,-1,-1,-1,1,-1
201506P097808,3,9,0,7,0,4,0,0,0,0,2,1,6,3,30,6,-1,-1,-1,-1,-1,-1
201506P097823,1,9,0,18,0,8,0,0,0,0,1,1,6,1,30,6,-1,-1,-1,-1,-1,-1
201506P097823,2,9,0,18,0,8,0,0,0,0,2,1,6,2,25,5,1910,2,7,-1,1,-1
201506P097839,1,9,0,3,0,1,0,0,0,0,1,1,6,2,44,7,1364,1,7,-1,-1,-1
201506P097839,2,9,0,18,0,1,0,0,0,0,2,1,6,2,20,4,1248,2,3,-1,1,-1
201506P097915,1,9,0,18,0,0,0,0,0,0,1,1,6,2,50,8,1328,1,9,-1,1,-1
201506P098055,1,9,0,18,0,1,0,0,0,0,3,1,6,1,33,6,1700,2,12,-1,1,-1
201506P098124,1,9,0,9,0,8,0,0,0,0,1,1,6,2,24,5,1360,1,9,-1,3,-1
201506P098124,2,8,0,18,0,8,0,0,0,0,1,1,1,1,62,9,-1,-1,-1,-1,1,-1
201506P098180,1,9,0,18,0,0,0,0,0,0,1,1,2,2,28,6,1850,1,15,-1,1,-1
201506P098181,1,9,0,18,0,2,0,0,0,0,4,1,6,2,31,6,1086,1,7,-1,1,-1
201506P098188,1,9,0,18,0,2,0,0,0,0,1,1,6,1,26,6,1368,1,6,-1,2,-1
201506P098188,2,9,0,18,0,2,0,0,0,0,2,1,6,2,27,6,1497,8,3,-1,1,-1
201506P098188,3,9,0,18,0,2,0,0,0,0,2,1,6,1,50,8,-1,-1,-1,-1,1,-1
201506P098188,4,9,0,18,0,2,0,0,0,0,2,1,6,2,34,6,1991,2,8,-1,1,-1
201506P098216,1,19,0,18,0,0,0,0,0,0,3,1,6,1,30,6,-1,-1,-1,-1,-1,-1
201506P098216,2,9,0,18,0,0,0,0,0,0,3,1,1,2,44,7,1995,2,4,-1,1,-1
201506P098229,1,19,0,9,0,8,0,0,0,0,0,1,2,1,28,6,2402,2,9,-1,1,-1
201506P098229,2,8,0,18,0,8,0,0,0,0,0,1,1,1,30,6,1597,1,6,-1,1,-1
201506P098282,1,4,0,18,0,1,0,0,0,0,1,1,6,1,18,4,-1,-1,-1,-1,1,-1
201506P098282,2,9,0,9,0,1,0,0,0,0,2,1,6,1,26,6,-1,-1,-1,-1,1,-1
201506P098289,1,9,0,18,0,0,0,0,0,0,1,1,6,1,65,9,1984,2,4,-1,1,-1
201506P098299,1,9,0,18,0,0,0,0,0,0,1,1,1,1,27,6,2993,2,11,-1,1,-1
201506P098299,2,9,0,4,0,0,0,0,0,0,2,1,6,2,49,8,1596,1,1,-1,1,-1
201506P098316,1,9,0,9,0,4,1,0,0,0,1,1,6,1,30,6,1299,1,13,-1,-1,-1
201506P098316,2,9,0,17,0,4,0,0,0,0,1,1,6,2,48,8,1398,1,10,-1,1,-1
201506P098522,1,19,0,1,0,2,0,0,0,0,2,1,6,1,25,5,2402,2,5,-1,-1,-1
201506P098522,2,9,0,3,0,2,5,10,0,0,4,1,1,1,37,7,2993,2,2,-1,1,-1
201506P098522,3,9,0,3,0,2,0,0,0,0,0,1,1,1,30,6,1396,2,1,-1,1,-1
201506P098523,1,9,0,14,0,0,0,0,0,0,4,1,6,1,66,10,1499,2,1,-1,1,-1
201506P098529,1,9,0,9,0,5,0,0,0,0,2,1,6,1,28,6,1984,1,8,-1,1,-1
201506P098529,2,1,0,18,0,8,0,0,0,0,1,1,6,1,52,8,-1,-1,-1,-1,1,-1
201506P098545,1,19,0,18,0,0,0,0,7,0,1,1,6,1,25,5,2402,2,5,-1,1,-1
201506P098545,2,9,0,18,0,0,0,0,0,0,1,1,6,2,35,6,1398,2,2,-1,1,-1
201506P098587,1,9,0,18,0,1,0,0,0,0,1,1,6,1,40,7,1995,2,12,-1,1,-1
201506P098587,2,9,0,10,0,1,0,0,0,0,2,1,6,2,35,6,1596,1,3,-1,1,-1
201506P098662,1,9,0,17,0,0,2,0,0,0,3,1,6,1,24,5,1596,1,14,-1,1,-1
201506P098845,1,9,0,18,0,2,0,0,0,0,1,1,2,2,29,6,1328,1,8,-1,1,-1
201506P098858,1,9,0,17,0,2,0,0,0,0,1,1,6,2,29,6,998,1,7,-1,1,-1
201506P098938,1,9,0,16,0,8,1,0,0,0,1,1,6,1,23,5,3199,1,8,-1,1,-1
201506P098938,2,9,0,17,0,8,0,0,0,0,1,1,6,2,48,8,-1,-1,-1,-1,1,-1
201506P099185,1,9,0,17,0,0,0,4,0,0,1,1,2,1,30,6,-1,-1,-1,-1,1,-1
201506P099185,2,9,0,2,0,0,0,0,0,0,2,1,3,2,41,7,1587,1,13,-1,1,-1
201506P099249,1,9,0,18,0,0,0,0,0,0,1,1,1,1,46,8,1797,8,4,-1,1,-1
201506P099378,1,9,0,4,0,4,0,0,0,0,1,1,6,1,88,11,1360,1,12,-1,3,-1
201506P099378,2,9,0,18,0,8,0,0,1,10,4,1,6,2,23,5,1242,1,2,-1,1,-1
201506P099409,1,9,0,17,0,8,0,0,0,0,1,1,6,1,30,6,2993,2,10,-1,-1,-1
201506P099409,2,9,0,6,0,8,0,0,0,0,3,1,1,1,43,7,-1,-1,-1,-1,1,-1
201506P099413,1,9,0,4,0,2,0,0,0,0,0,1,6,1,18,4,1598,1,19,-1,1,-1
201506P099413,2,9,0,4,0,2,0,0,0,0,4,1,1,1,37,7,2993,2,3,-1,-1,-1
201506P099509,1,9,0,9,0,5,0,0,0,0,4,1,1,1,49,8,998,1,14,-1,1,-1
201506P099509,2,1,0,18,0,8,0,0,0,0,1,1,1,1,22,5,-1,-1,-1,-1,1,-1
201506P099567,1,9,0,9,0,4,0,0,7,7,1,1,6,1,24,5,1399,2,5,-1,1,-1
201506P099567,2,9,0,18,0,4,0,0,1,7,1,1,6,1,41,7,1686,2,5,-1,1,-1
201506P099592,1,9,0,16,0,0,0,0,0,0,1,1,6,1,37,7,2993,2,1,-1,-1,-1
201506P099592,2,9,0,2,6,0,0,0,0,0,3,1,6,3,-1,-1,-1,-1,-1,-1,-1,-1
201506P099592,3,9,0,2,6,0,0,0,0,0,3,1,6,3,-1,-1,-1,-1,-1,-1,-1,-1
201506P099592,4,9,0,2,6,0,0,0,0,0,2,1,6,3,-1,-1,1296,1,9,-1,-1,-1
201506P099701,1,9,0,7,0,1,0,0,0,0,0,1,2,2,30,6,-1,-1,-1,-1,-1,-1
201506P099701,2,11,0,18,0,1,0,0,0,0,0,1,1,1,48,8,5883,2,13,-1,1,-1
201506P099715,1,19,0,18,0,0,0,0,7,10,1,1,6,1,18,4,1461,2,10,-1,1,-1
201506P099724,1,9,0,15,0,1,0,0,1,0,1,1,6,1,26,6,1399,2,4,-1,1,-1
201506P099724,2,9,0,7,0,1,0,0,0,0,4,1,6,2,62,9,1299,1,12,-1,1,-1
201506P099834,1,19,0,18,0,0,0,0,0,0,1,1,1,1,19,4,2461,2,7,-1,2,-1
201506P099840,1,9,0,7,0,2,0,0,0,0,1,1,6,2,42,7,1997,2,11,-1,1,-1
201506P099910,1,3,0,18,0,0,1,0,0,0,1,1,6,1,30,6,-1,-1,-1,-1,-1,-1
201506P099916,1,9,0,17,9,0,0,0,7,0,1,1,6,1,76,11,1339,1,11,-1,1,-1
201506P099952,1,9,0,18,0,1,0,0,0,0,2,1,6,2,28,6,1490,1,8,-1,1,-1