Accident_Index,Vehicle_Reference,Vehicle_Type,Towing_and_Articulation,Vehicle_Manoeuvre,Vehicle_Location-Restricted_Lane,Junction_Location,Skidding_and_Overturning,Hit_Object_in_Carriageway,Vehicle_Leaving_Carriageway,Hit_Object_off_Carriageway,1st_Point_of_Impact,Was_Vehicle_Left_Hand_Drive?,Journey_Purpose_of_Driver,Sex_of_Driver,Age_of_Driver,Age_Band_of_Driver,Engine_Capacity_(CC),Propulsion_Code,Age_of_Vehicle,Driver_IMD_Decile,Driver_Home_Area_Type,Vehicle_IMD_Decile
201506P099952,2,1,0,18,0,1,0,0,0,0,4,1,6,1,13,3,-1,-1,-1,-1,1,-1
201506P099991,1,9,0,9,0,5,0,0,0,0,1,1,6,1,81,11,1200,1,-1,-1,1,-1
201506P099991,2,9,0,18,0,8,0,0,0,0,1,1,6,1,45,7,1389,1,18,-1,1,-1
201506PA06909,1,9,0,18,0,1,0,0,7,2,1,1,6,1,29,6,2497,1,9,-1,1,-1
201506PA06909,2,9,0,18,0,1,0,0,0,0,3,1,6,1,53,8,2987,2,6,-1,1,-1
201506PA06909,3,9,0,18,0,1,0,0,0,0,2,1,6,2,45,7,1461,2,2,-1,2,-1
201506PA06909,4,9,0,18,0,8,0,0,0,0,4,1,6,1,59,9,-1,-1,-1,-1,1,-1
201506Q000073,1,9,0,9,0,8,0,0,0,0,4,1,6,2,43,7,1360,1,8,-1,1,-1
201506Q000073,2,19,0,18,0,8,0,0,0,0,1,1,1,1,19,4,1753,2,10,-1,1,-1
201506Q000130,1,8,0,18,0,8,0,0,0,0,1,1,6,1,69,10,1896,2,10,-1,1,-1
201506Q000130,2,1,0,18,0,8,0,0,0,0,3,1,6,1,4,1,-1,-1,-1,-1,-1,-1
201506Q000197,1,1,0,4,0,1,0,0,0,0,2,1,6,1,51,8,-1,-1,-1,-1,-1,-1
201506Q000197,2,9,0,4,0,1,0,0,0,0,1,1,6,2,30,6,1798,1,8,-1,1,-1
201506Q000207,1,9,0,9,0,1,0,0,0,0,1,1,6,2,70,10,1229,1,7,-1,1,-1
201506Q000207,2,9,0,18,0,1,0,0,0,0,1,1,6,1,47,8,1896,2,13,-1,1,-1
201506Q000273,1,9,0,18,0,8,2,0,7,10,1,1,6,1,53,8,998,1,7,-1,3,-1
201506Q000359,1,3,0,18,0,1,1,0,0,0,1,1,2,1,36,7,125,1,2,-1,1,-1
201506Q000359,2,9,0,3,0,1,0,0,0,0,2,1,2,2,43,7,-1,-1,-1,-1,1,-1
201506Q000411,1,9,0,18,0,1,0,0,0,0,1,1,1,1,26,6,-1,-1,-1,-1,1,-1
201506Q000411,2,11,0,2,0,1,0,0,0,0,0,1,6,1,60,9,9360,2,7,-1,1,-1
201506Q000423,1,9,0,18,0,0,0,0,0,0,1,1,6,2,34,6,2993,2,7,-1,1,-1
201506Q000442,1,9,0,18,0,2,0,0,0,0,1,1,2,1,26,6,998,1,-1,-1,1,-1
201506Q000442,2,9,0,3,0,2,0,0,0,0,2,1,2,2,30,6,1587,1,9,-1,1,-1
201506Q000444,1,9,0,18,0,0,0,0,0,0,0,1,6,2,36,7,1396,1,14,-1,1,-1
201506Q000517,1,9,0,18,0,8,0,0,0,0,1,1,6,2,20,4,1998,1,14,-1,1,-1
201506Q000517,2,9,0,18,0,8,0,0,0,0,1,1,6,2,19,4,1240,1,8,-1,1,-1
201506Q000608,1,9,0,18,0,8,0,0,0,0,1,1,2,1,21,5,1248,2,7,-1,1,-1
201506Q000608,2,19,0,3,0,8,0,0,0,0,2,1,2,1,31,6,1870,2,10,-1,1,-1
201506Q000614,1,9,0,18,0,8,0,0,0,0,3,1,6,1,23,5,1560,2,1,-1,1,-1
201506Q000614,2,5,0,17,0,8,0,0,0,0,1,1,6,1,40,7,649,1,4,-1,1,-1
201506Q000711,1,19,0,9,0,8,0,0,0,0,1,1,6,1,26,6,1995,2,3,-1,1,-1
201506Q000711,2,1,0,18,0,8,0,0,0,0,1,1,6,1,23,5,-1,-1,-1,-1,1,-1
201506Q000743,1,9,0,3,0,8,0,0,0,0,4,1,1,1,45,7,1461,2,-1,-1,1,-1
201506Q000743,2,9,0,5,0,8,0,0,0,0,1,1,6,1,42,7,1497,1,11,-1,1,-1
201506Q000863,1,9,0,16,0,0,5,0,8,7,3,1,6,1,24,5,1995,2,4,-1,-1,-1
201506Q000941,1,19,0,18,0,0,0,0,7,10,3,1,6,1,27,6,2198,2,5,-1,1,-1
201506Q001005,1,9,0,2,0,0,0,0,0,0,3,1,6,2,22,5,-1,-1,-1,-1,1,-1
201506Q001005,2,9,0,18,0,0,0,4,0,0,1,1,2,1,25,5,1368,1,4,-1,1,-1
201506Q001005,3,9,0,18,0,0,0,0,0,0,1,1,2,2,47,8,1560,2,4,-1,1,-1
201506Q001012,1,9,0,7,0,8,0,0,0,0,4,1,6,2,20,4,1242,1,2,-1,1,-1
201506Q001012,2,1,0,18,0,8,0,0,0,0,1,1,6,1,45,7,-1,-1,-1,-1,1,-1
201506Q001054,1,9,0,18,0,2,0,0,0,0,1,1,6,1,61,9,1596,1,3,-1,1,-1
201506Q001140,1,8,0,12,0,8,0,0,0,0,3,1,1,1,48,8,1956,2,5,-1,1,-1
201506Q001140,2,2,0,18,0,8,0,0,0,0,1,1,6,1,18,4,49,1,16,-1,1,-1
201506Q001141,1,9,0,18,0,1,0,0,0,0,3,1,6,1,64,9,1242,1,11,-1,1,-1
201506Q001141,2,9,0,18,0,2,0,0,0,0,3,1,6,2,31,6,999,1,1,-1,1,-1
201506Q001141,3,9,0,2,0,1,0,0,0,0,2,1,6,3,-1,-1,1995,2,12,-1,-1,-1
201506Q001141,4,9,0,2,0,1,0,0,0,0,2,1,6,3,-1,-1,1997,2,10,-1,-1,-1
201506Q001141,5,9,0,2,0,1,0,0,0,0,1,1,6,3,-1,-1,1299,1,13,-1,-1,-1
201506Q001178,1,9,0,9,0,6,0,0,0,0,3,1,6,2,20,4,1229,1,1,-1,1,-1
201506Q001178,2,9,0,9,0,8,0,0,0,0,2,1,6,2,27,6,2199,2,4,-1,1,-1
201506Q001296,1,9,0,9,0,5,0,0,0,0,1,1,6,2,85,11,1590,1,14,-1,1,-1
201506Q001300,1,9,0,18,0,1,0,0,0,0,1,1,6,2,24,5,1229,1,7,-1,-1,-1
201506Q001301,1,9,0,12,0,0,5,0,0,0,3,1,6,2,38,7,1299,1,13,-1,1,-1
201506Q001301,2,21,0,18,0,0,0,0,0,0,4,1,1,1,42,7,12900,2,6,-1,1,-1
201506Q001464,1,9,0,13,0,0,1,0,0,0,1,1,6,1,25,5,1796,1,16,-1,-1,-1
201506Q001464,2,9,0,16,0,0,0,0,0,0,1,1,6,1,77,11,1598,1,15,-1,1,-1
201506Q001464,3,19,0,17,0,0,0,0,0,0,0,1,1,1,55,8,2198,2,3,-1,1,-1
201506Q001477,1,9,0,16,0,0,1,0,2,10,1,1,6,1,20,4,1390,1,15,-1,1,-1
201506Q001487,1,1,0,18,0,6,0,0,0,0,3,1,1,1,15,3,-1,-1,-1,-1,-1,-1
201506Q001487,2,9,0,18,0,1,0,0,0,0,1,1,1,1,57,9,1397,1,14,-1,1,-1
201506Q001553,1,21,1,18,0,0,0,0,0,0,1,1,1,1,50,8,11967,2,1,-1,1,-1
201506Q001568,1,9,0,16,0,0,0,0,0,0,1,1,1,1,50,8,-1,3,1,-1,-1,-1
201506Q001603,1,9,0,18,0,1,0,0,0,0,1,1,6,1,39,7,1598,1,9,-1,1,-1
201506Q001603,2,9,0,4,0,1,0,0,0,0,2,1,2,2,27,6,1598,2,-1,-1,1,-1
201506Q001663,1,9,0,18,0,1,0,0,0,10,1,1,6,1,69,10,1498,1,2,-1,-1,-1
201506Q001663,2,9,0,2,0,1,0,0,0,0,4,1,6,1,73,10,1749,1,14,-1,-1,-1
201506Q001740,1,4,0,18,0,8,0,0,0,0,1,1,1,1,45,7,124,1,5,-1,1,-1
201506Q001740,2,9,0,18,0,8,0,0,0,1,2,1,1,1,44,7,1686,2,13,-1,1,-1
201506Q001781,1,9,0,18,0,2,0,0,0,0,1,1,6,1,74,10,1968,2,2,-1,2,-1
201506Q001781,2,9,0,18,0,2,0,0,0,0,1,1,2,1,51,8,1598,2,1,-1,1,-1
201506Q001783,1,9,0,1,0,1,0,0,0,1,2,1,6,2,31,6,1598,1,6,-1,1,-1
201506Q001783,2,9,0,18,0,1,0,0,0,0,1,1,6,2,31,6,-1,-1,-1,-1,1,-1
201506Q001786,1,1,0,18,0,0,0,0,0,0,1,1,6,1,12,3,-1,-1,-1,-1,1,-1
201506Q001786,2,9,0,2,0,0,0,0,0,2,2,1,6,1,38,7,-1,-1,-1,-1,1,-1
201506Q001786,3,9,0,18,0,0,0,0,0,0,1,1,6,2,59,9,1988,2,8,-1,1,-1
201506Q001973,1,9,0,9,0,8,0,0,7,0,1,1,6,1,51,8,1598,2,1,-1,1,-1
201506Q001973,2,9,0,18,0,8,0,0,7,10,2,1,6,1,45,7,1994,2,14,-1,1,-1
201506Q002026,1,9,0,18,0,8,0,0,0,0,1,1,6,1,22,5,2143,2,3,-1,1,-1
201506Q002026,2,9,0,18,0,8,5,0,0,0,4,1,2,2,55,8,2495,2,12,-1,2,-1
201506Q002045,1,9,0,9,0,0,0,0,0,0,4,1,6,1,54,8,5998,1,3,-1,2,-1
201506Q002045,2,5,0,18,0,0,0,0,0,0,1,1,6,1,43,7,937,1,18,-1,2,-1
201506Q002074,1,9,0,18,0,4,0,0,0,0,1,1,6,1,30,6,1560,2,3,-1,1,-1
201506Q002074,2,9,0,18,0,4,0,0,0,0,2,1,6,2,73,10,1390,1,14,-1,1,-1
201506Q002108,1,9,0,18,0,1,1,0,0,0,1,1,6,2,46,8,1240,1,10,-1,1,-1
201506Q002147,1,9,0,9,0,8,0,0,0,0,1,1,6,2,25,5,1398,1,-1,-1,1,-1
201506Q002147,2,9,0,18,0,8,0,0,7,10,3,1,6,2,23,5,1242,1,2,-1,-1,-1
201506Q002147,3,9,0,2,0,2,0,0,0,0,4,1,6,1,39,7,1596,1,2,-1,1,-1
201506Q002156,1,9,0,9,0,8,0,0,0,0,3,1,6,1,44,7,4398,1,11,-1,1,-1
201506Q002156,2,4,0,18,0,8,0,0,0,0,1,1,6,1,45,7,278,1,-1,-1,1,-1
201506Q002167,1,9,0,18,0,8,0,0,0,0,1,1,6,1,46,8,1995,1,12,-1,-1,-1
201506Q002167,2,1,0,9,0,8,0,0,0,0,4,1,6,1,17,4,-1,-1,-1,-1,1,-1
201506Q002171,1,9,0,4,0,0,1,0,0,0,4,1,6,1,22,5,1598,2,2,-1,1,-1
201506Q002173,1,19,0,18,0,1,0,0,0,0,1,1,6,1,52,8,1998,2,12,-1,1,-1
201506Q002173,2,9,0,4,0,1,0,0,0,0,2,1,6,1,55,8,1598,1,13,-1,1,-1
201506Q002174,1,9,0,9,0,8,0,0,0,0,1,1,6,3,-1,-1,-1,-1,-1,-1,-1,-1
201506Q002194,1,9,0,18,0,8,0,0,0,0,1,1,6,1,48,8,1995,2,14,-1,1,-1
201506Q002194,2,19,0,18,0,8,0,0,0,0,2,1,6,1,20,4,2151,2,12,-1,1,-1
201506Q002194,3,9,0,3,0,8,0,0,0,0,2,1,1,2,31,6,1396,2,1,-1,-1,-1
201506Q002197,1,9,0,18,0,8,0,0,0,0,4,1,6,1,31,6,1686,2,3,-1,1,-1
201506Q002198,1,9,0,18,0,8,1,0,0,0,1,1,6,2,32,6,1796,1,12,-1,1,-1
201506Q002198,2,9,0,9,0,6,0,0,0,0,3,1,6,1,43,7,-1,-1,-1,-1,1,-1
201506Q002230,1,9,0,9,0,8,0,0,0,0,1,1,6,2,32,6,1299,1,11,-1,1,-1
201506Q002230,2,9,0,18,0,8,0,0,0,0,1,1,6,1,24,5,2521,1,8,-1,1,-1
201506Q002265,1,9,0,18,0,1,0,0,0,0,1,1,6,1,27,6,999,1,1,-1,1,-1
201506Q002265,2,8,0,18,0,1,0,0,1,0,2,1,6,1,28,6,1998,2,7,-1,1,-1
201506Q002353,1,9,0,18,0,0,0,0,0,0,1,1,1,1,32,6,3799,1,6,-1,1,-1
201506Q002353,2,9,0,18,0,0,0,0,1,10,2,1,1,1,32,6,1991,2,7,-1,1,-1
201506Q002365,1,9,0,13,0,8,0,0,7,10,1,1,2,1,49,8,1781,1,11,-1,-1,-1
201506Q002365,2,9,0,9,0,5,0,0,0,0,3,1,2,1,39,7,1388,1,10,-1,1,-1
201506Q002365,3,9,0,2,0,2,0,0,0,0,1,1,6,3,-1,-1,1560,2,4,-1,-1,-1
201506Q002365,4,9,0,2,0,1,0,0,0,0,2,1,6,3,-1,-1,1242,1,4,-1,-1,-1
201506Q002400,1,9,0,18,0,1,0,0,0,0,3,1,6,1,25,5,-1,-1,-1,-1,1,-1
201506Q002400,2,1,0,18,0,1,0,0,0,0,4,1,6,3,-1,-1,-1,-1,-1,-1,-1,-1
201506Q002405,1,3,0,18,0,8,0,0,0,0,4,1,1,1,23,5,125,1,3,-1,1,-1
201506Q002405,2,9,0,9,0,5,0,0,0,0,3,1,1,2,51,8,1560,2,4,-1,1,-1
201506Q002430,1,9,0,17,0,0,0,4,0,0,1,1,6,2,21,5,1299,1,9,-1,1,-1
201506Q002430,2,9,0,2,0,0,0,0,1,2,2,1,6,1,30,6,1242,1,14,-1,3,-1
201506Q002439,1,9,0,9,0,6,0,0,0,0,1,1,1,1,43,7,1797,8,5,-1,1,-1
201506Q002448,1,9,0,7,0,8,0,0,0,0,4,1,6,2,30,6,-1,-1,-1,-1,1,-1
201506Q002448,2,1,0,18,0,8,5,0,0,0,3,1,6,1,73,10,-1,-1,-1,-1,3,-1
201506Q002551,1,9,0,18,0,0,0,0,0,0,1,1,1,1,28,6,1783,1,19,-1,1,-1
201506Q002551,2,9,0,2,0,0,0,0,0,0,2,1,1,2,53,8,996,1,2,-1,1,-1
201506Q002552,1,9,0,9,0,8,0,0,0,0,4,1,6,2,41,7,1598,1,7,-1,1,-1
201506Q002552,2,5,0,18,0,8,0,0,0,0,1,1,6,1,29,6,696,1,4,-1,1,-1
201506Q002568,1,9,0,18,0,0,0,0,0,0,4,1,6,1,20,4,1388,1,12,-1,1,-1
201506Q002645,1,9,0,9,0,8,0,0,0,0,1,1,6,1,21,5,1329,1,1,-1,1,-1
201506Q002645,2,9,0,18,0,8,0,0,0,0,1,1,6,2,42,7,1900,2,16,-1,1,-1
201506Q002758,1,9,0,9,0,8,0,0,0,0,1,1,6,2,74,10,996,1,4,-1,1,-1
201506Q002758,2,9,0,18,0,8,0,0,0,0,3,1,6,1,36,7,1360,1,8,-1,1,-1
201506Q002934,1,2,0,18,0,8,0,0,0,0,1,1,6,1,22,5,-1,-1,-1,-1,1,-1
201506Q002934,2,9,0,18,0,8,0,0,0,0,4,1,6,1,37,7,1461,2,2,-1,1,-1
201506Q002966,1,9,0,18,0,0,0,0,0,0,3,1,6,1,42,7,-1,-1,-1,-1,1,-1
201506Q003010,1,9,0,18,0,0,0,0,0,0,1,1,2,1,48,8,1598,1,11,-1,1,-1
201506Q003082,1,21,1,18,0,8,0,0,0,0,0,1,1,1,46,8,10677,2,1,-1,1,-1
201506Q003082,2,3,0,18,0,8,0,0,0,0,1,1,1,2,40,7,125,1,2,-1,1,-1
201506Q003085,1,9,0,18,0,0,0,0,0,0,1,1,6,2,30,6,1299,1,13,-1,1,-1
201506Q003092,1,5,0,18,0,8,2,7,0,1,1,1,1,1,26,6,953,1,11,-1,1,-1
201506Q003092,2,9,0,9,0,5,0,0,0,0,3,1,1,2,54,8,1396,1,1,-1,1,-1
201506Q003101,1,9,0,18,0,0,0,0,0,0,3,1,6,1,30,6,1497,8,8,-1,1,-1
201506Q003124,1,9,0,18,0,0,0,0,0,0,3,1,6,1,23,5,998,1,15,-1,1,-1
201506Q003127,1,9,0,7,0,5,0,0,0,0,0,1,6,1,21,5,1596,1,7,-1,1,-1
201506Q003287,1,9,0,4,0,4,0,0,0,0,2,1,6,1,30,6,1686,2,7,-1,-1,-1
201506Q003287,2,9,0,4,0,4,0,0,0,0,1,1,6,1,26,6,998,1,15,-1,1,-1
201506Q003287,3,9,0,4,0,4,0,0,0,0,2,1,6,2,30,6,-1,-1,-1,-1,-1,-1
201506Q003298,1,9,0,5,0,8,0,0,0,0,1,1,6,1,48,8,-1,-1,-1,-1,1,-1
201506Q003298,2,1,0,18,0,8,0,0,0,0,4,1,6,1,34,6,-1,-1,-1,-1,1,-1
201506Q003452,1,9,0,18,0,0,0,0,0,0,4,1,1,1,67,10,1998,2,3,-1,1,-1
201506Q003481,1,9,0,7,0,6,0,0,0,0,1,1,6,1,81,11,1388,1,1,-1,1,-1
201506Q003481,2,9,0,18,0,8,0,0,0,0,4,1,6,2,31,6,1396,1,5,-1,1,-1
201506Q003484,1,9,0,18,0,0,0,0,0,0,1,1,6,2,40,7,1000,1,1,-1,1,-1
201506Q003498,1,9,0,9,0,8,0,0,0,0,0,1,6,3,-1,-1,-1,-1,-1,-1,-1,-1
201506Q003498,2,9,0,18,0,8,0,0,0,0,2,1,6,1,65,9,1598,1,12,-1,1,-1
201506Q003498,3,9,0,18,0,8,0,0,0,0,1,1,6,1,22,5,1397,1,13,-1,-1,-1
201506Q003613,1,9,0,18,0,0,0,0,0,0,4,1,6,2,24,5,998,1,13,-1,1,-1
201506Q003619,1,9,0,11,0,0,0,0,0,0,0,1,6,3,-1,-1,-1,-1,-1,-1,-1,-1
201506Q003619,2,9,0,18,0,0,0,7,1,7,1,1,6,2,47,8,1242,1,7,-1,1,-1
201506Q003744,1,9,0,1,0,0,0,0,0,0,2,1,6,1,30,6,1587,1,13,-1,-1,-1
201506Q003805,1,9,0,18,0,8,0,0,0,0,1,1,1,1,24,5,1198,1,6,-1,1,-1
201506Q003805,2,9,0,9,0,8,0,0,0,0,3,1,2,2,43,7,-1,-1,-1,-1,-1,-1
201506Q003853,1,9,0,11,0,1,0,0,0,0,4,1,6,1,30,6,1197,1,-1,-1,1,-1
201506Q003853,2,9,0,18,0,1,0,0,0,0,3,1,1,2,31,6,1686,2,-1,-1,1,-1
201506Q003886,1,9,0,5,0,8,0,0,0,0,1,1,6,2,43,7,1896,2,11,-1,1,-1
201506Q003975,1,9,0,18,0,0,0,0,0,0,4,1,6,2,49,8,1796,1,10,-1,1,-1
201506Q004025,1,1,0,9,0,6,0,0,0,0,1,1,6,1,16,4,-1,-1,-1,-1,-1,-1
201506Q004025,2,20,0,18,0,8,0,0,0,0,4,1,6,1,23,5,2198,2,1,-1,1,-1
201506Q004169,1,9,0,9,0,8,0,0,0,0,4,1,6,2,40,7,1499,2,1,-1,1,-1
201506Q004169,2,5,0,18,0,8,0,0,0,0,1,1,6,1,23,5,656,1,8,-1,1,-1
201506Q004238,1,9,0,5,0,0,0,0,0,0,1,1,6,1,41,7,1242,1,3,-1,-1,-1
201506Q004308,1,9,0,4,0,0,0,0,0,0,1,1,6,1,36,7,1390,1,20,-1,1,-1
201506Q004443,1,5,0,13,0,0,0,0,1,2,1,1,6,1,23,5,675,1,6,-1,1,-1
201506Q004443,2,9,0,18,0,0,0,0,0,0,0,1,6,1,46,8,1560,2,-1,-1,-1,-1
201506Q004462,1,1,0,9,0,8,0,0,0,0,3,1,6,1,67,10,-1,-1,-1,-1,1,-1
201506Q004462,2,9,0,18,0,8,0,0,0,0,4,1,6,1,26,6,-1,-1,-1,-1,1,-1
201506Q004465,1,9,0,18,0,8,0,0,0,0,1,1,6,3,-1,-1,-1,-1,-1,-1,-1,-1
201506Q004465,2,1,0,18,0,8,0,0,0,0,1,1,6,1,37,7,-1,-1,-1,-1,1,-1
201506Q004561,1,9,0,18,0,8,0,0,0,0,1,1,6,1,46,8,1389,1,14,-1,1,-1
201506Q004561,2,9,0,2,0,8,0,0,0,0,1,1,6,3,-1,-1,1796,1,9,-1,-1,-1
201506Q004561,3,1,0,9,0,6,0,0,0,0,4,1,6,1,10,2,-1,-1,-1,-1,1,-1
201506Q004588,1,1,0,18,0,0,0,0,0,0,1,1,1,1,41,7,-1,-1,-1,-1,1,-1
201506Q004659,1,9,0,18,0,8,0,10,0,0,1,1,6,1,19,4,2521,1,8,-1,1,-1
201506Q004659,2,9,0,9,0,6,0,10,0,0,3,1,6,1,40,7,-1,-1,-1,-1,1,-1
201506Q004669,1,9,0,18,0,1,0,0,0,0,1,1,6,1,32,6,1968,2,10,-1,1,-1
201506Q004749,1,9,0,18,0,8,0,0,0,0,4,1,6,1,30,6,-1,-1,-1,-1,-1,-1
201506Q004789,1,9,0,9,0,5,0,0,0,0,3,1,6,1,41,7,1896,2,10,-1,-1,-1
201506Q004789,2,9,0,10,0,6,0,0,0,0,3,1,6,1,27,6,1198,1,4,-1,-1,-1
201506Q004807,1,9,0,9,0,8,0,0,0,0,2,1,6,2,25,5,999,1,10,-1,1,-1
201506Q004807,2,4,0,18,0,8,0,0,0,0,1,1,6,1,64,9,918,1,16,-1,1,-1
201506Q004820,1,8,0,18,0,8,0,0,0,0,3,1,1,1,29,6,1797,8,5,-1,1,-1
201506Q004820,2,9,0,18,0,8,1,0,0,0,1,1,6,1,23,5,1388,1,6,-1,-1,-1
201506Q004837,1,5,0,18,3,8,1,0,1,2,1,1,6,1,25,5,1052,1,21,-1,1,-1
201506Q004837,2,9,0,18,0,8,0,0,0,0,4,1,6,1,29,6,-1,-1,-1,-1,-1,-1
201506Q004837,3,1,0,18,9,8,0,0,0,0,1,1,6,1,50,8,-1,-1,-1,-1,1,-1
201506Q004895,1,19,0,18,0,1,0,0,0,0,1,1,1,1,46,8,2198,2,9,-1,1,-1
201506Q004895,2,19,0,18,0,1,0,0,0,0,2,1,1,1,30,6,2143,2,1,-1,1,-1
201506Q004901,1,9,0,18,0,1,0,0,0,0,1,1,6,1,41,7,1753,2,8,-1,-1,-1
201506Q004901,2,9,0,18,0,1,0,0,0,0,2,1,6,1,42,7,1598,1,3,-1,1,-1
201506Q004906,1,21,1,11,0,0,0,0,0,0,4,1,1,1,50,8,12902,2,2,-1,-1,-1
201506Q004906,2,9,0,18,0,0,0,0,4,6,3,1,6,1,48,8,1587,1,13,-1,1,-1
201506Q004964,1,9,0,9,0,8,0,0,0,0,2,1,1,2,32,6,1229,1,2,-1,-1,-1
201506Q004964,2,3,0,18,0,8,0,0,0,0,1,1,1,1,21,5,125,1,2,-1,1,-1
201506Q005335,1,9,0,18,0,3,0,0,0,0,1,1,6,1,30,6,1388,1,12,-1,-1,-1
201506Q005555,1,9,0,1,0,1,0,0,0,0,2,1,6,3,-1,-1,1896,2,14,-1,-1,-1
201506Q005555,2,9,0,2,0,1,0,0,0,0,1,1,6,1,46,8,1398,1,2,-1,1,-1
201506Q005639,1,9,0,18,0,8,0,0,0,0,1,1,6,1,26,6,998,1,7,-1,1,-1
201506Q005639,2,9,0,9,0,8,0,0,0,0,4,1,6,2,22,5,1242,1,6,-1,1,-1
201506Q005652,1,9,0,18,0,8,0,0,0,0,4,1,6,1,24,5,1999,1,7,-1,1,-1
201506Q005652,2,9,0,9,0,6,0,0,0,0,1,1,6,1,23,5,1598,1,-1,-1,1,-1
201506Q005659,1,9,0,18,0,0,0,0,0,0,1,1,6,1,19,4,1999,1,12,-1,1,-1
201506Q005683,1,9,0,18,0,1,0,0,0,0,3,1,6,2,29,6,1198,1,4,-1,1,-1
201506Q005726,1,21,0,18,0,2,0,0,0,0,2,1,1,1,44,7,5900,2,12,-1,1,-1
201506Q005766,1,9,0,9,0,6,0,0,0,0,1,1,1,1,50,8,-1,-1,-1,-1,1,-1
201506Q005766,2,5,0,18,0,8,0,0,0,0,3,1,2,1,38,7,649,1,8,-1,1,-1
201506Q005778,1,9,0,18,0,2,0,0,0,0,1,1,6,1,30,6,-1,-1,-1,-1,-1,-1
201506Q005796,1,9,0,18,0,0,0,0,0,0,1,1,3,2,51,8,1200,1,2,-1,1,-1
201506Q005953,1,9,0,18,0,2,0,0,0,0,1,1,2,1,44,7,1796,1,7,-1,1,-1
201506Q006063,1,9,0,7,0,8,0,0,0,0,4,1,6,1,32,6,1390,1,9,-1,1,-1
201506Q006063,2,1,0,18,0,8,5,0,0,0,1,1,6,1,30,6,-1,-1,-1,-1,1,-1
201506Q006111,1,9,0,18,0,0,0,0,0,0,1,1,6,1,23,5,1896,2,12,-1,1,-1
201506Q006111,2,9,0,18,0,0,0,0,0,0,2,1,6,2,47,8,1124,1,10,-1,1,-1
201506Q006111,3,9,0,18,0,0,0,0,0,0,1,1,6,1,39,7,4367,2,-1,-1,1,-1
201506Q006124,1,9,0,18,0,8,1,10,7,1,4,1,2,2,26,6,1242,1,3,-1,1,-1
201506Q006124,2,9,0,9,0,6,0,0,0,0,0,1,6,2,24,5,973,1,12,-1,-1,-1
201506Q006165,1,3,0,18,0,8,0,0,0,0,1,1,6,1,26,6,124,1,-1,-1,1,-1
201506Q006165,2,9,0,9,0,6,0,0,0,0,3,1,6,1,27,6,2792,1,18,-1,1,-1
201506Q006182,1,8,0,18,0,1,0,0,0,0,3,1,1,1,38,7,1998,2,5,-1,1,-1
201506Q006456,1,9,0,18,0,8,0,0,0,0,3,1,6,2,23,5,1984,1,14,-1,1,-1
201506Q006456,2,1,0,18,0,8,0,0,0,0,1,1,6,1,33,6,-1,-1,-1,-1,1,-1
201506Q006623,1,9,0,18,0,0,1,0,7,10,1,1,6,1,20,4,1896,2,13,-1,1,-1
201506Q006665,1,9,0,1,0,1,0,0,0,0,2,1,6,1,34,6,1590,1,13,-1,1,-1
201506Q006739,1,3,0,18,0,8,0,0,0,0,1,1,6,1,22,5,49,1,-1,-1,1,-1
201506Q006739,2,8,0,18,0,8,0,0,0,0,3,1,1,1,48,8,1910,2,7,-1,-1,-1
201506Q006777,1,9,0,18,0,4,0,0,0,0,3,1,6,1,30,6,-1,-1,-1,-1,-1,-1
201506Q006777,2,9,0,18,0,8,0,0,0,0,4,1,6,1,79,11,998,1,5,-1,1,-1
201506Q006804,1,9,0,9,0,8,0,0,0,0,2,1,6,1,33,6,1198,1,9,-1,1,-1
201506Q006804,2,9,0,18,0,8,0,0,0,0,1,1,6,1,20,4,1398,1,2,-1,1,-1
201506Q006804,3,9,0,2,0,2,0,0,0,0,2,1,3,2,44,7,1599,1,11,-1,1,-1
201506Q006859,1,9,0,18,0,0,0,0,0,0,1,1,6,1,30,6,2777,2,7,-1,-1,-1
201506Q006859,2,1,0,2,0,0,0,0,0,0,2,1,6,1,12,3,-1,-1,-1,-1,3,-1
201506Q006912,1,9,0,18,0,0,0,0,0,0,1,1,3,2,23,5,998,1,1,-1,1,-1
201506Q006912,2,9,0,2,0,0,0,0,0,0,2,1,6,3,-1,-1,1968,2,-1,-1,-1,-1
201506Q006915,1,9,0,18,0,8,0,0,0,0,1,1,6,1,33,6,2148,2,7,-1,1,-1
201506Q006915,2,9,0,18,0,8,0,0,0,0,2,1,6,2,18,4,998,1,1,-1,1,-1
201506Q006915,3,9,0,18,0,8,0,0,0,0,0,1,1,1,37,7,1968,2,-1,-1,-1,-1
201506Q006940,1,9,0,18,9,2,0,0,0,0,4,1,6,1,68,10,2799,1,18,-1,1,-1
201506Q006954,1,9,0,5,0,8,0,0,0,0,4,1,6,2,28,6,1590,1,12,-1,1,-1
201506Q006954,2,9,0,18,0,8,0,0,0,0,1,1,6,1,29,6,1796,1,11,-1,1,-1
201506Q006954,3,9,0,3,0,1,0,0,0,0,1,1,6,2,42,7,1762,1,15,-1,1,-1
201506Q006962,1,9,0,18,0,0,0,0,0,0,1,1,2,2,30,6,1364,1,7,-1,2,-1
201506Q007111,1,9,0,9,0,2,0,0,0,0,0,1,6,1,26,6,1229,1,5,-1,1,-1
201506Q007254,1,9,0,18,0,1,0,0,0,0,1,1,6,2,26,6,1995,2,9,-1,1,-1
201506Q007254,2,9,0,4,0,1,0,0,0,0,2,1,6,1,34,6,1896,2,11,-1,1,-1