Accident_Index,Vehicle_Reference,Vehicle_Type,Towing_and_Articulation,Vehicle_Manoeuvre,Vehicle_Location-Restricted_Lane,Junction_Location,Skidding_and_Overturning,Hit_Object_in_Carriageway,Vehicle_Leaving_Carriageway,Hit_Object_off_Carriageway,1st_Point_of_Impact,Was_Vehicle_Left_Hand_Drive?,Journey_Purpose_of_Driver,Sex_of_Driver,Age_of_Driver,Age_Band_of_Driver,Engine_Capacity_(CC),Propulsion_Code,Age_of_Vehicle,Driver_IMD_Decile,Driver_Home_Area_Type,Vehicle_IMD_Decile
201506Q007265,1,9,0,15,0,0,0,0,0,0,1,1,6,1,20,4,1598,1,6,-1,1,-1
201506Q007306,1,9,0,9,0,8,0,0,0,0,1,1,1,2,30,6,1995,2,5,-1,1,-1
201506Q007306,2,5,0,18,0,8,0,0,0,0,1,1,1,1,48,8,1170,1,5,-1,-1,-1
201506Q007424,1,9,0,18,0,0,0,0,0,0,1,1,6,1,45,7,1461,2,11,-1,1,-1
201506Q007472,1,9,0,9,0,8,0,0,0,0,1,1,6,1,66,10,1686,2,2,-1,1,-1
201506Q007472,2,9,0,18,0,8,0,0,0,0,3,1,6,2,23,5,998,1,11,-1,1,-1
201506Q007550,1,9,0,9,0,5,0,0,0,0,1,1,6,1,61,9,2435,1,15,-1,1,-1
201506Q007550,2,9,0,18,0,1,0,0,0,0,1,1,6,1,24,5,-1,-1,-1,-1,1,-1
201506Q007781,1,9,0,18,0,8,0,0,0,0,1,1,6,2,49,8,1399,2,3,-1,1,-1
201506Q007857,1,9,0,18,0,0,0,4,0,0,1,1,3,1,40,7,1339,1,12,-1,1,-1
201506Q007857,2,19,0,2,0,0,0,0,0,0,1,1,1,1,37,7,2402,2,5,-1,1,-1
201506Q007858,1,9,0,9,0,6,0,0,0,0,1,1,2,2,33,6,1560,2,1,-1,1,-1
201506Q007858,2,2,0,18,0,8,0,0,0,0,1,1,2,1,30,6,49,1,2,-1,1,-1
201506Q007879,1,19,0,16,0,4,0,0,0,0,1,1,1,1,30,6,2198,2,7,-1,1,-1
201506Q007879,2,9,0,16,0,4,0,0,0,0,2,1,6,2,38,7,1422,2,5,-1,2,-1
201506Q007906,1,9,0,18,0,0,0,0,0,0,1,1,6,1,28,6,1995,2,5,-1,1,-1
201506Q007906,2,9,0,4,0,0,0,0,0,0,2,1,6,2,21,5,1461,2,2,-1,1,-1
201506Q007914,1,9,0,9,0,6,0,0,0,0,3,1,6,1,26,6,1956,2,-1,-1,1,-1
201506Q007914,2,9,0,18,0,8,0,0,0,0,1,1,6,1,52,8,2261,1,9,-1,1,-1
201506Q007914,3,9,0,2,0,1,0,0,0,0,3,1,6,1,30,6,1753,2,12,-1,-1,-1
201506Q007914,4,9,0,2,0,1,0,0,0,0,3,1,6,1,30,6,-1,-1,-1,-1,-1,-1
201506Q008035,1,9,0,9,0,6,0,0,0,0,4,1,6,1,27,6,1396,1,13,-1,1,-1
201506Q008035,2,3,0,18,0,8,1,0,0,0,1,1,2,1,20,4,124,1,5,-1,1,-1
201506Q008065,1,19,0,18,0,1,0,0,0,0,1,1,1,1,27,6,1753,2,8,-1,1,-1
201506Q008145,1,9,0,7,0,8,0,0,0,0,1,1,6,2,-1,-1,1596,1,11,-1,-1,-1
201506Q008145,2,9,0,18,0,8,0,0,0,0,4,1,6,1,65,9,-1,-1,-1,-1,1,-1
201506Q008245,1,9,0,18,0,0,0,0,0,0,1,1,6,1,34,6,1968,2,4,-1,1,-1
201506Q008245,2,9,0,3,0,0,0,0,0,0,2,1,6,1,52,8,1399,2,11,-1,1,-1
201506Q008245,3,9,0,3,0,0,0,0,0,0,2,1,6,2,53,8,1198,1,1,-1,1,-1
201506Q008270,1,9,0,18,0,2,0,0,0,0,1,1,6,1,18,4,-1,-1,-1,-1,1,-1
201506Q008272,1,9,0,17,0,8,0,0,0,0,1,1,6,1,35,6,2143,2,1,-1,1,-1
201506Q008272,2,9,0,9,0,8,0,0,0,0,3,1,6,2,19,4,1995,2,5,-1,1,-1
201506Q008280,1,9,0,7,0,8,0,0,0,0,0,1,6,2,25,5,1197,1,-1,-1,1,-1
201506Q008280,2,2,0,18,0,1,1,0,0,0,0,1,6,2,17,4,49,1,1,-1,1,-1
201506Q008308,1,9,0,7,0,1,0,0,0,0,1,1,6,1,37,7,-1,-1,-1,-1,1,-1
201506Q008309,1,9,0,9,0,8,0,0,0,0,1,1,6,2,35,6,1596,1,3,-1,1,-1
201506Q008309,2,9,0,18,0,8,0,0,0,0,1,1,6,1,29,6,1596,1,6,-1,1,-1
201506Q008326,1,9,0,18,0,0,0,0,0,0,1,1,6,1,32,6,-1,3,-1,-1,1,-1
201506Q008368,1,9,0,18,0,1,0,0,0,0,1,1,6,1,43,7,1598,1,9,-1,1,-1
201506Q008415,1,8,0,6,0,8,0,0,0,0,1,1,1,1,37,7,1796,1,7,-1,1,-1
201506Q008689,1,9,0,18,0,8,0,0,0,0,1,1,6,1,28,6,1199,1,11,-1,1,-1
201506Q008689,2,9,0,18,0,8,0,0,0,0,3,1,6,1,72,10,2993,2,-1,-1,1,-1
201506Q008689,3,9,0,2,0,2,0,0,0,0,4,1,6,1,30,6,1781,1,14,-1,-1,-1
201506Q008699,1,9,0,18,0,1,0,0,0,0,1,1,6,1,25,5,1198,1,11,-1,1,-1
201506Q008760,1,9,0,18,0,8,1,0,0,0,1,1,6,1,25,5,1339,1,13,-1,1,-1
201506Q008911,1,9,0,18,0,1,0,0,0,0,1,1,6,2,41,7,-1,-1,-1,-1,1,-1
201506Q008911,2,9,0,3,0,1,0,0,0,0,2,1,6,1,46,8,796,1,14,-1,1,-1
201506Q008998,1,9,0,18,0,2,0,0,0,0,1,1,6,2,48,8,1149,1,8,-1,1,-1
201506Q009000,1,9,0,18,0,0,0,10,0,0,1,1,6,1,22,5,1598,1,4,-1,1,-1
201506Q009218,1,9,0,6,0,0,0,0,0,0,3,1,3,1,46,8,1769,1,14,-1,1,-1
201506Q009218,2,1,0,18,0,0,0,0,0,0,1,1,2,1,44,7,-1,-1,-1,-1,1,-1
201506Q009295,1,9,0,18,0,8,1,0,0,0,1,1,6,1,26,6,1582,2,-1,-1,1,-1
201506Q009295,2,9,0,5,0,8,0,10,7,4,3,1,6,1,42,7,1242,1,3,-1,1,-1
201506Q009333,1,3,0,18,0,0,0,0,0,0,1,1,6,1,35,6,124,1,6,-1,1,-1
201506Q009333,2,9,0,2,0,0,0,0,0,0,2,1,6,2,30,6,1328,1,8,-1,1,-1
201506Q009380,1,9,0,4,0,1,0,0,0,0,1,1,6,1,48,8,1560,2,6,-1,1,-1
201506Q009418,1,9,0,3,0,1,0,0,0,0,2,1,6,2,35,6,1149,1,10,-1,1,-1
201506Q009418,2,19,0,4,0,1,0,0,0,0,1,1,1,1,32,6,2143,2,3,-1,1,-1
201506Q009419,1,11,0,18,3,0,0,0,0,0,0,1,1,1,42,7,6700,2,3,-1,1,-1
201506Q009437,1,9,0,18,0,8,0,0,0,0,4,1,6,1,23,5,1461,2,3,-1,1,-1
201506Q009437,2,9,0,4,0,8,0,0,0,0,3,1,1,1,40,7,1796,1,2,-1,1,-1
201506Q009522,1,9,0,18,0,8,0,0,0,0,3,1,6,3,30,6,1596,1,5,-1,-1,-1
201506Q009522,2,9,0,9,0,8,0,0,0,0,4,1,6,2,35,6,1598,1,10,-1,1,-1
201506Q009737,1,9,0,16,0,0,0,0,0,0,1,1,6,1,60,9,1968,2,6,-1,1,-1
201506Q009737,2,9,0,17,0,0,0,0,1,9,1,1,6,2,30,6,1598,1,5,-1,1,-1
201506Q009764,1,9,0,5,0,8,0,0,0,0,1,1,2,1,54,8,1598,2,1,-1,2,-1
201506Q009764,2,1,0,18,0,8,0,0,0,0,4,1,6,1,62,9,-1,-1,-1,-1,1,-1
201506Q009794,1,9,0,9,0,6,0,0,0,0,1,1,1,1,28,6,2179,2,8,-1,1,-1
201506Q009794,2,3,0,18,0,8,1,0,0,0,1,1,1,1,32,6,108,1,-1,-1,1,-1
201506Q009802,1,9,0,9,0,5,0,0,0,0,1,1,6,2,38,7,2099,1,13,-1,1,-1
201506Q009802,2,19,0,18,0,8,0,0,0,0,1,1,6,1,65,9,1686,2,14,-1,3,-1
201506Q009806,1,9,0,2,6,0,0,0,0,0,3,1,6,1,50,8,2231,2,9,-1,1,-1
201506Q009806,2,11,0,18,0,0,0,0,0,0,4,1,1,1,30,6,6700,2,3,-1,-1,-1
201506Q009807,1,9,0,9,0,8,0,0,0,0,4,1,6,3,-1,-1,-1,-1,-1,-1,-1,-1
201506Q009807,2,1,0,18,0,8,0,0,0,0,1,1,2,1,32,6,-1,-1,-1,-1,1,-1
201506Q009827,1,9,0,18,0,8,0,0,0,0,1,1,2,2,58,9,1248,1,5,-1,-1,-1
201506Q009827,2,9,0,18,0,8,0,0,0,0,4,1,6,2,45,7,-1,-1,-1,-1,1,-1
201506Q009884,1,9,0,16,0,0,0,0,0,0,1,1,6,2,29,6,1124,1,7,-1,1,-1
201506Q009884,2,19,0,2,0,0,0,0,0,0,1,1,1,1,27,6,1598,2,1,-1,-1,-1
201506Q009886,1,9,0,18,0,8,2,0,1,10,1,1,6,2,35,6,1242,1,9,-1,1,-1
201506Q009898,1,90,0,18,0,8,0,0,0,0,1,1,1,1,30,6,2987,2,3,-1,-1,-1
201506Q009898,2,9,0,18,0,8,0,0,0,0,1,1,6,1,64,9,2179,2,-1,-1,1,-1
201506Q009936,1,18,0,18,1,2,0,0,0,0,4,1,1,1,33,6,-1,-1,-1,-1,1,-1
201506Q009977,1,9,0,18,0,0,0,0,0,0,4,1,6,1,30,6,-1,-1,-1,-1,-1,-1
201506Q009982,1,9,0,18,0,8,0,0,0,0,4,1,6,3,-1,-1,-1,-1,-1,-1,-1,-1
201506Q009982,2,1,0,18,0,8,0,0,0,0,3,1,6,1,14,3,-1,-1,-1,-1,1,-1
201506Q010087,1,9,0,1,0,0,0,0,0,0,1,1,6,1,38,7,1298,1,12,-1,1,-1
201506Q010087,2,3,0,18,0,0,0,0,0,0,1,1,6,1,47,8,125,1,4,-1,1,-1
201506Q010386,1,9,0,18,0,0,0,0,0,0,1,1,6,1,18,4,2993,2,-1,-1,1,-1
201506Q010386,2,9,0,6,0,0,0,0,0,0,3,1,6,1,33,6,1995,2,3,-1,1,-1
201506Q010386,3,9,0,2,0,0,0,0,0,0,1,1,6,3,-1,-1,1968,2,5,-1,-1,-1
201506Q010386,4,9,0,2,0,0,0,0,0,0,1,1,6,3,-1,-1,1242,1,3,-1,-1,-1
201506Q010386,5,9,0,2,0,0,0,0,0,0,1,1,6,3,-1,-1,1248,1,1,-1,-1,-1
201506Q010442,1,9,0,7,0,4,0,0,0,0,1,1,6,2,77,11,1242,1,1,-1,1,-1
201506Q010442,2,9,0,7,0,4,0,0,0,0,2,1,6,1,40,7,2000,2,12,-1,1,-1
201506Q011259,1,9,0,9,0,8,0,0,0,0,1,1,6,2,71,10,1242,1,2,-1,1,-1
201506Q011259,2,1,0,17,0,8,0,0,0,0,3,1,6,1,59,9,-1,-1,-1,-1,1,-1
201506Q096019,1,9,0,16,0,0,0,10,7,1,1,1,6,1,33,6,1364,1,9,-1,1,-1
201506Q096019,2,9,0,16,0,0,0,0,0,0,0,1,1,1,48,8,2993,2,4,-1,1,-1
201506Q096028,1,9,0,17,0,0,0,0,1,2,1,1,6,1,24,5,-1,-1,-1,-1,1,-1
201506Q096168,1,9,0,5,0,8,0,0,0,0,1,1,6,1,32,6,1497,8,10,-1,1,-1
201506Q096168,2,9,0,18,0,8,0,0,0,0,3,1,6,2,30,6,1796,1,7,-1,1,-1
201506Q096174,1,9,0,18,0,0,5,0,7,0,1,1,6,2,79,11,-1,-1,-1,-1,1,-1
201506Q096174,2,9,0,2,0,0,0,0,0,0,2,1,6,2,27,6,1598,2,3,-1,-1,-1
201506Q096195,1,9,0,18,0,4,0,0,1,0,1,1,1,1,48,8,1995,2,9,-1,1,-1
201506Q096195,2,9,0,18,0,4,0,0,1,0,4,1,6,1,19,4,1229,1,6,-1,1,-1
201506Q096231,1,9,0,18,0,2,0,0,0,0,1,1,3,1,41,7,1339,1,11,-1,1,-1
201506Q096258,1,9,0,18,0,8,0,0,3,0,1,1,6,1,30,6,1896,2,12,-1,-1,-1
201506Q096258,2,90,0,18,0,8,0,0,7,0,2,1,6,1,28,6,-1,-1,-1,-1,1,-1
201506Q096271,1,9,0,18,0,1,0,10,0,0,4,1,6,1,54,8,1910,2,8,-1,1,-1
201506Q096307,1,90,0,16,0,0,1,0,1,10,4,1,6,1,74,10,-1,-1,-1,-1,1,-1
201506Q096340,1,9,0,18,0,8,0,0,0,0,1,1,6,1,61,9,1461,2,2,-1,1,-1
201506Q096346,1,9,0,4,0,1,1,10,7,10,1,1,6,1,44,7,1998,1,1,-1,1,-1
201506Q096346,2,9,0,3,0,1,0,0,0,0,2,1,6,1,37,7,998,1,3,-1,1,-1
201506Q096466,1,9,0,17,0,0,1,0,1,2,1,1,6,1,22,5,1560,2,1,-1,1,-1
201506Q096466,2,9,0,17,0,0,0,0,1,2,2,1,6,2,23,5,-1,-1,-1,-1,1,-1
201506Q096513,1,9,0,9,0,8,0,0,0,0,1,1,6,1,30,6,-1,-1,-1,-1,-1,-1
201506Q096541,1,9,0,10,0,1,0,0,0,0,1,1,6,1,49,8,1999,1,12,-1,1,-1
201506Q096541,2,9,0,10,0,1,0,0,0,0,2,1,6,2,50,8,1560,2,3,-1,-1,-1
201506Q096541,3,9,0,10,0,1,0,0,0,0,2,1,6,2,41,7,-1,-1,-1,-1,1,-1
201506Q096541,4,9,0,18,0,1,0,0,0,0,2,1,6,2,56,9,2967,2,3,-1,1,-1
201506Q096552,1,9,0,5,0,6,0,0,0,0,1,1,6,1,42,7,1798,1,10,-1,1,-1
201506Q096552,2,9,0,18,0,8,0,0,0,0,1,1,6,1,25,5,1984,1,7,-1,1,-1
201506Q096552,3,9,0,2,0,8,0,0,0,0,4,1,6,3,-1,-1,-1,-1,-1,-1,-1,-1
201506Q096552,4,9,0,2,0,8,0,0,0,0,2,1,6,3,-1,-1,1343,1,10,-1,-1,-1
201506Q096554,1,9,0,9,0,8,0,0,0,0,1,1,6,1,35,6,1598,2,1,-1,1,-1
201506Q096554,2,5,0,18,0,8,0,0,0,0,1,1,6,1,64,9,599,1,13,-1,1,-1
201506Q096587,1,9,0,18,0,0,0,0,0,0,1,1,6,1,34,6,1598,2,1,-1,1,-1
201506Q096835,1,9,0,7,0,5,0,0,0,0,4,1,6,2,30,6,1896,2,10,-1,-1,-1
201506Q096835,2,1,0,18,0,8,0,0,0,0,1,1,6,1,67,10,-1,-1,-1,-1,1,-1
201506Q096860,1,9,0,18,0,8,0,0,0,0,1,1,6,3,30,6,-1,-1,-1,-1,-1,-1
201506Q096860,2,1,0,18,0,8,0,0,0,0,3,1,6,1,33,6,-1,-1,-1,-1,1,-1
201506Q096862,1,9,0,18,0,8,0,0,0,0,1,1,6,2,37,7,1198,1,8,-1,1,-1
201506Q096862,2,9,0,18,0,8,0,0,0,0,1,1,6,2,42,7,1498,1,10,-1,1,-1
201506Q097013,1,19,0,4,0,6,1,0,0,0,1,1,6,1,36,7,1998,2,13,-1,1,-1
201506Q097013,2,9,0,18,0,8,0,0,0,0,3,1,6,1,53,8,-1,-1,-1,-1,1,-1
201506Q097035,1,8,0,18,0,8,0,0,0,0,1,1,1,1,30,6,1896,2,5,-1,1,-1
201506Q097035,2,9,0,18,0,8,0,0,7,1,4,1,6,2,24,5,2179,2,1,-1,1,-1
201506Q097044,1,9,0,18,0,8,0,0,0,0,1,1,6,2,43,7,1368,1,4,-1,2,-1
201506Q097044,2,9,0,9,0,8,0,0,0,0,3,1,6,1,19,4,1242,1,1,-1,1,-1
201506Q097067,1,9,0,18,0,8,1,0,0,0,1,1,6,1,51,8,1995,2,2,-1,1,-1
201506Q097067,2,9,0,18,0,8,0,0,1,10,4,1,6,2,57,9,1560,2,2,-1,1,-1
201506Q097267,1,9,0,9,0,6,0,0,0,0,1,1,6,2,21,5,998,1,12,-1,1,-1
201506Q097267,2,9,0,18,0,1,0,0,0,0,1,1,6,2,29,6,1598,1,8,-1,1,-1
201506Q097309,1,9,0,9,0,3,0,0,0,0,3,1,6,2,27,6,1368,1,6,-1,1,-1
201506Q097317,1,9,0,16,0,0,0,0,7,2,1,1,6,1,25,5,-1,-1,-1,-1,1,-1
201506Q097333,1,9,0,18,0,0,0,0,0,0,1,1,6,1,35,6,1998,2,12,-1,1,-1
201506Q097333,2,9,0,14,0,0,0,4,0,0,3,1,6,1,19,4,1461,2,1,-1,1,-1
201506Q097333,3,9,0,2,0,0,0,0,0,0,3,1,6,1,22,5,1998,1,9,-1,1,-1
201506Q097336,1,9,0,9,0,6,0,0,0,0,3,1,6,1,35,6,1995,2,12,-1,1,-1
201506Q097336,2,1,0,18,0,8,0,0,0,0,1,1,2,1,28,6,-1,-1,-1,-1,1,-1
201506Q097338,1,8,0,4,0,0,0,0,0,0,1,1,3,1,44,7,1988,1,13,-1,1,-1
201506Q097433,1,9,0,9,0,5,0,0,0,0,2,1,6,1,67,10,1497,1,10,-1,1,-1
201506Q097433,2,1,0,10,0,1,0,0,0,0,4,1,2,1,42,7,-1,-1,-1,-1,1,-1
201506Q097447,1,9,0,4,0,0,0,0,0,0,1,1,6,2,73,10,796,1,15,-1,-1,-1
201506Q097447,2,9,0,4,0,0,0,0,0,0,2,1,6,1,53,8,998,1,12,-1,1,-1
201506Q097461,1,9,0,18,0,0,0,0,0,0,1,1,6,2,20,4,1199,1,1,-1,1,-1
201506Q097461,2,9,0,4,0,0,0,0,0,0,2,1,6,2,58,9,1229,1,10,-1,1,-1
201506Q097548,1,9,0,13,0,8,0,0,0,0,4,1,6,1,26,6,1500,1,23,-1,1,-1
201506Q097548,2,8,0,9,0,8,0,0,0,0,3,1,1,1,28,6,1598,1,7,-1,1,-1
201506Q097551,1,9,0,17,0,8,0,0,0,0,1,1,1,1,23,5,1910,2,10,-1,1,-1
201506Q097551,2,1,0,9,0,8,0,0,0,0,4,1,6,1,53,8,-1,-1,-1,-1,1,-1
201506Q097563,1,9,0,7,0,8,0,0,0,0,3,1,6,1,46,8,1796,1,9,-1,1,-1
201506Q097571,1,19,0,18,0,8,0,0,0,0,1,1,6,1,50,8,1248,2,7,-1,2,-1
201506Q097589,1,9,0,18,0,0,0,0,0,0,2,1,6,1,30,6,-1,-1,-1,-1,-1,-1
201506Q097647,1,8,0,9,0,1,0,0,0,0,0,1,1,1,30,6,1896,2,7,-1,1,-1
201506Q097663,1,8,0,1,0,1,0,0,0,0,3,1,1,1,30,6,-1,-1,-1,-1,-1,-1
201506Q097664,1,9,0,9,0,5,0,0,0,0,1,1,1,1,42,7,1896,2,7,-1,1,-1
201506Q097769,1,9,0,18,0,8,0,0,0,0,4,1,1,1,39,7,1582,2,3,-1,-1,-1
201506Q097769,2,9,0,18,0,8,0,0,0,0,1,1,2,1,26,6,1968,2,4,-1,1,-1
201506Q097824,1,9,0,18,0,8,0,0,0,0,3,1,6,1,33,6,1995,2,6,-1,3,-1
201506Q097824,2,9,0,9,0,8,0,0,0,0,1,1,3,2,29,6,1598,1,9,-1,1,-1
201506Q097832,1,9,0,17,0,0,0,0,7,10,3,1,6,1,26,6,1896,2,9,-1,1,-1
201506Q097893,1,9,0,18,0,0,0,0,0,0,1,1,6,2,75,10,1590,1,22,-1,1,-1
201506Q098020,1,5,0,4,0,0,2,0,0,0,3,1,6,1,29,6,599,1,15,-1,-1,-1
201506Q098020,2,9,0,14,0,0,0,0,0,0,1,1,6,2,38,7,2987,2,8,-1,1,-1
201506Q098040,1,9,0,18,0,4,0,0,0,0,2,1,2,1,63,9,973,1,14,-1,1,-1
201506Q098040,2,4,0,18,0,8,0,0,0,0,1,1,2,1,61,9,599,1,6,-1,1,-1
201506Q098061,1,9,0,9,0,6,0,0,0,0,1,1,6,1,46,8,1360,1,4,-1,1,-1
201506Q098061,2,1,0,18,0,8,0,0,0,0,4,1,6,1,42,7,-1,-1,-1,-1,1,-1
201506Q098085,1,21,1,9,0,8,0,0,0,0,3,1,1,1,45,7,12900,2,1,-1,1,-1
201506Q098088,1,9,0,18,0,0,0,0,0,0,1,1,6,1,24,5,1390,1,1,-1,3,-1
201506Q098088,2,9,0,18,0,0,0,0,0,0,2,1,6,1,55,8,1598,1,9,-1,1,-1
201506Q098088,3,9,0,18,0,0,0,0,0,0,3,1,6,1,22,5,2148,2,8,-1,1,-1
201506Q098146,1,8,0,9,0,5,0,0,0,0,1,1,1,1,38,7,-1,-1,-1,-1,1,-1
201506Q098155,1,9,0,18,0,0,0,0,0,0,3,1,6,1,16,4,1339,1,11,-1,1,-1
201506Q098155,2,9,0,18,0,0,0,0,0,0,0,1,1,1,30,6,1582,2,3,-1,-1,-1
201506Q098155,3,9,0,18,0,0,0,0,0,0,0,1,1,1,30,6,1560,2,4,-1,-1,-1
201506Q098155,4,9,0,2,0,0,0,0,0,0,4,1,6,3,-1,-1,1995,2,9,-1,-1,-1
201506Q098155,5,9,0,2,0,0,0,0,0,0,4,1,6,3,-1,-1,998,1,13,-1,-1,-1
201506Q098170,1,9,0,18,0,8,0,0,0,0,4,1,6,1,30,6,-1,-1,-1,-1,-1,-1
201506Q098170,2,9,0,9,0,8,0,0,0,0,4,1,6,2,42,7,1968,2,2,-1,3,-1
201506Q098171,1,11,0,18,2,2,0,0,0,0,4,1,1,1,39,7,6700,2,3,-1,1,-1
201506Q098176,1,9,0,12,0,1,0,0,0,0,1,1,6,1,19,4,1895,1,15,-1,1,-1
201506Q098176,2,8,0,18,0,1,0,0,0,0,1,1,1,1,38,7,1986,2,5,-1,1,-1
201506Q098215,1,9,0,18,0,8,0,0,0,0,2,1,6,1,24,5,3200,1,9,-1,-1,-1
201506Q098215,2,9,0,4,0,8,0,0,0,0,1,1,6,1,28,6,1995,2,9,-1,1,-1
201506Q098322,1,9,0,18,0,0,0,0,0,0,3,1,6,1,64,9,2231,2,7,-1,1,-1
201506Q098338,1,9,0,18,0,1,0,0,0,0,1,1,6,1,28,6,1956,2,1,-1,1,-1
201506Q098338,2,9,0,4,0,1,0,0,0,0,2,1,6,2,25,5,1229,1,2,-1,1,-1
201506Q098364,1,9,0,16,0,1,5,10,1,10,1,1,6,1,22,5,1596,1,5,-1,1,-1
201506Q098380,1,8,0,7,0,3,0,0,0,0,4,1,1,1,46,8,1794,1,7,-1,1,-1
201506Q098424,1,9,0,18,0,0,0,0,0,0,1,1,6,1,37,7,-1,-1,-1,-1,1,-1
201506Q098473,1,19,0,18,0,8,0,0,0,0,1,1,6,1,30,6,2402,2,10,-1,-1,-1
201506Q098473,2,9,0,9,0,8,0,0,0,0,1,1,6,2,51,8,1870,2,5,-1,1,-1
201506Q098473,3,9,0,2,0,2,0,0,0,0,3,1,6,2,38,7,1796,1,8,-1,-1,-1
201506Q098473,4,9,0,2,0,2,0,0,0,0,4,1,6,1,45,7,1598,2,1,-1,-1,-1
201506Q098473,5,9,0,2,0,2,0,0,0,0,1,1,6,1,66,10,1399,2,8,-1,-1,-1
201506Q098473,6,9,0,2,0,2,0,0,0,0,1,1,6,2,50,8,1199,1,11,-1,-1,-1
201506Q098473,7,9,0,2,0,2,0,0,0,0,1,1,6,2,56,9,1349,1,6,-1,-1,-1
201506Q098515,1,11,0,5,0,0,0,0,0,0,0,1,1,1,39,7,-1,-1,-1,-1,1,-1
201506Q098526,1,8,0,18,0,1,0,0,0,0,1,1,6,1,48,8,-1,-1,-1,-1,1,-1
201506Q098526,2,8,0,7,0,5,0,0,0,0,2,1,6,1,31,6,1896,2,7,-1,1,-1
201506Q098546,1,9,0,9,0,6,0,0,0,0,3,1,6,1,22,5,1997,1,13,-1,1,-1
201506Q098546,2,9,0,18,0,6,0,0,0,0,3,1,6,1,26,6,2993,2,7,-1,1,-1
201506Q098572,1,9,0,18,0,1,0,0,0,0,1,1,1,1,33,6,1560,2,9,-1,1,-1
201506Q098661,1,9,0,9,0,8,0,0,0,0,1,1,6,1,17,4,1560,2,8,-1,1,-1
201506Q098661,2,9,0,18,0,8,0,0,0,0,1,1,6,2,28,6,1461,2,12,-1,1,-1
201506Q098671,1,9,0,18,0,4,0,7,3,10,1,1,6,2,33,6,1798,1,7,-1,1,-1
201506Q098671,2,9,0,18,0,4,0,0,0,0,1,1,6,2,75,10,1598,1,8,-1,1,-1
201506Q098676,1,9,0,9,0,5,0,0,0,0,1,1,6,1,30,6,-1,-1,-1,-1,-1,-1
201506Q098676,2,1,0,18,0,2,0,0,0,0,2,1,6,1,15,3,-1,-1,-1,-1,1,-1
201506Q098695,1,9,0,18,0,0,1,0,1,10,1,1,2,1,51,8,1998,1,10,-1,3,-1
201506Q098696,1,3,0,13,0,8,0,0,7,10,1,1,6,1,22,5,124,1,4,-1,1,-1
201506Q098696,2,9,0,9,0,8,0,0,0,0,3,1,6,1,23,5,1390,1,1,-1,1,-1
201506Q098776,1,9,0,18,0,0,0,0,0,0,0,1,6,2,30,6,-1,-1,-1,-1,-1,-1
201506Q098776,2,9,0,18,0,0,5,0,7,10,1,1,2,1,39,7,2148,2,10,-1,1,-1
201506Q098791,1,9,0,18,0,1,0,0,0,0,1,1,6,1,79,11,1240,1,5,-1,1,-1
201506Q098791,2,9,0,18,0,1,0,0,0,0,2,1,6,2,48,8,998,1,6,-1,1,-1
201506Q098791,3,9,0,10,0,8,0,0,0,0,2,1,2,2,50,8,1753,2,8,-1,1,-1
201506Q098802,1,9,0,18,0,1,0,0,0,0,1,1,6,1,38,7,1995,2,8,-1,2,-1
201506Q098802,2,9,0,7,0,1,0,0,1,10,2,1,6,2,73,10,1596,1,13,-1,3,-1
201506Q098835,1,9,0,18,0,8,0,0,0,0,1,1,6,1,42,7,1198,1,5,-1,1,-1
201506Q098869,1,19,0,1,0,0,0,0,0,0,2,1,1,1,23,5,2148,2,6,-1,1,-1
201506Q098873,1,9,0,7,0,1,0,0,0,0,0,1,6,3,-1,-1,-1,-1,-1,-1,-1,-1
201506Q098873,2,11,0,18,2,1,0,0,0,0,0,1,1,1,59,9,6700,2,7,-1,1,-1
201506Q098997,1,1,0,18,0,8,0,0,0,0,4,1,3,1,16,4,-1,-1,-1,-1,1,-1
201506Q098997,2,9,0,9,0,5,0,0,0,0,3,1,6,2,40,7,1242,1,2,-1,1,-1
201506Q099086,1,9,0,17,0,0,0,0,0,0,3,1,6,1,55,8,1560,2,2,-1,1,-1
201506Q099086,2,9,0,13,0,0,1,0,0,0,4,1,2,2,51,8,1998,1,11,-1,1,-1
201506Q099086,3,9,0,17,0,0,5,0,2,0,2,1,6,1,62,9,1388,1,11,-1,3,-1
201506Q099092,1,8,0,18,0,8,0,0,0,0,1,1,1,1,48,8,1896,2,7,-1,1,-1
201506Q099092,2,9,0,9,0,6,0,0,0,0,1,1,6,1,67,10,1973,1,17,-1,1,-1
201506Q099104,1,9,0,18,0,1,1,0,7,10,1,1,6,3,-1,-1,1598,2,2,-1,-1,-1
201506Q099104,2,9,0,18,0,1,0,0,0,0,1,1,6,2,55,8,1995,1,6,-1,1,-1
201506Q099291,1,9,0,18,0,2,1,0,0,0,4,1,6,1,23,5,-1,-1,-1,-1,-1,-1
201506Q099291,2,9,0,9,0,6,0,0,0,0,3,1,6,1,24,5,1368,1,5,-1,1,-1
201506Q099294,1,10,0,18,0,0,0,0,1,10,1,1,1,1,56,9,2198,2,1,-1,1,-1
201506Q099388,1,9,0,18,0,8,0,0,0,0,1,1,6,1,17,4,1461,2,1,-1,1,-1
201506Q099388,2,9,0,9,0,8,0,0,0,0,3,1,6,1,30,6,2477,2,13,-1,1,-1
201506Q099404,1,9,0,18,0,2,0,0,0,0,1,1,6,2,36,7,1596,1,9,-1,1,-1
201506Q099427,1,9,0,9,0,5,0,0,0,0,1,1,1,1,32,6,1149,1,12,-1,-1,-1
201506Q099427,2,3,0,18,0,8,0,0,0,0,1,1,2,1,23,5,-1,-1,-1,-1,-1,-1