Accident_Index,Vehicle_Reference,Vehicle_Type,Towing_and_Articulation,Vehicle_Manoeuvre,Vehicle_Location-Restricted_Lane,Junction_Location,Skidding_and_Overturning,Hit_Object_in_Carriageway,Vehicle_Leaving_Carriageway,Hit_Object_off_Carriageway,1st_Point_of_Impact,Was_Vehicle_Left_Hand_Drive?,Journey_Purpose_of_Driver,Sex_of_Driver,Age_of_Driver,Age_Band_of_Driver,Engine_Capacity_(CC),Propulsion_Code,Age_of_Vehicle,Driver_IMD_Decile,Driver_Home_Area_Type,Vehicle_IMD_Decile
201506Q099442,1,5,0,13,0,0,1,0,1,0,1,1,6,1,23,5,1000,1,13,-1,1,-1
201506Q099466,1,9,0,14,0,0,0,0,0,0,1,1,2,2,45,7,998,1,14,-1,1,-1
201506Q099466,2,9,0,18,0,0,0,0,0,0,1,1,1,1,31,6,-1,-1,-1,-1,1,-1
201506Q099466,3,9,0,18,0,0,0,0,0,0,1,1,2,2,54,8,1596,1,3,-1,1,-1
201506Q099498,1,9,0,7,0,1,0,0,0,0,0,1,6,1,27,6,1461,2,11,-1,1,-1
201506Q099527,1,9,0,1,0,1,0,0,0,0,2,1,6,3,-1,-1,-1,-1,-1,-1,-1,-1
201506Q099527,2,9,0,2,0,1,0,0,0,0,1,1,6,2,30,6,1685,2,2,-1,-1,-1
201506Q099778,1,9,0,18,0,0,0,0,0,0,1,1,6,1,30,6,1689,2,13,-1,-1,-1
201506Q099778,2,10,0,18,0,0,5,0,0,0,1,1,1,1,30,6,2402,2,13,-1,1,-1
201506Q099842,1,9,0,1,0,1,0,0,0,0,2,1,6,1,30,6,998,1,16,-1,-1,-1
201506Q099843,1,9,0,18,0,2,0,0,0,0,1,1,6,1,30,6,1199,1,11,-1,-1,-1
201506Q099843,2,8,0,18,0,2,0,0,0,0,2,1,1,1,63,9,1995,2,8,-1,1,-1
201506Q099908,1,9,0,18,0,0,1,0,0,0,1,1,6,2,34,6,1596,1,16,-1,1,-1
201506Q099914,1,90,0,18,0,1,0,10,0,0,1,1,6,1,25,5,686,1,8,-1,1,-1
201506Q099969,1,9,0,7,0,8,0,0,0,0,1,1,2,1,30,6,998,1,4,-1,1,-1
201506Q099969,2,9,0,18,0,8,0,0,7,0,4,1,6,1,45,7,-1,-1,-1,-1,1,-1
201506QP00072,1,9,0,9,0,5,0,0,0,0,4,1,2,2,76,11,2204,2,10,-1,1,-1
201506QP00072,2,1,0,18,4,8,0,0,0,0,1,1,6,1,25,5,-1,-1,-1,-1,1,-1
201506QP00072,3,9,0,8,0,8,0,0,0,0,3,1,6,1,69,10,1896,2,14,-1,1,-1
201506QP97896,1,9,0,7,0,8,0,0,0,0,4,1,2,1,49,8,1796,1,13,-1,1,-1
201506QP97896,2,1,0,18,0,8,0,0,0,0,1,1,2,1,34,6,-1,-1,-1,-1,1,-1
201506X000279,1,9,0,18,0,0,0,0,0,0,1,1,6,2,27,6,1968,2,3,-1,1,-1
201506X000279,2,9,0,18,0,0,0,0,0,0,2,1,6,1,34,6,1998,2,7,-1,1,-1
201506X000280,1,9,0,12,0,7,0,0,0,0,1,1,2,1,21,5,1124,1,7,-1,1,-1
201506X000280,2,9,0,12,0,7,0,0,0,0,2,1,6,2,51,8,2231,2,1,-1,1,-1
201506X000357,1,9,0,12,0,0,2,10,0,0,4,1,2,1,24,5,1000,1,15,-1,1,-1
201506X000357,2,9,0,17,0,0,0,0,0,0,3,1,2,1,45,7,1999,1,8,-1,1,-1
201506X000361,1,5,0,12,0,0,0,0,0,0,3,1,6,1,62,9,-1,-1,-1,-1,1,-1
201506X000361,2,9,0,18,0,0,0,0,0,0,4,1,6,1,26,6,1364,1,4,-1,1,-1
201506X000369,1,9,0,18,0,0,0,0,0,0,1,1,6,1,71,10,1560,2,1,-1,-1,-1
201506X000369,2,9,0,4,0,0,0,0,0,0,2,1,1,1,53,8,1598,2,1,-1,1,-1
201506X000369,3,19,4,3,0,0,0,0,0,0,2,1,1,1,25,5,2143,2,2,-1,1,-1
201506X000416,1,19,0,18,0,0,1,0,0,0,1,1,6,1,40,7,2143,2,1,-1,1,-1
201506X000416,2,9,0,3,0,0,0,0,0,0,2,1,6,2,26,6,1461,2,3,-1,-1,-1
201506X000433,1,9,0,16,0,0,0,0,0,0,1,1,6,2,32,6,2180,2,20,-1,1,-1
201506X000433,2,9,0,16,0,0,0,0,0,0,2,1,6,1,58,9,2295,1,13,-1,1,-1
201506X000492,1,9,0,18,0,0,1,0,2,6,1,1,6,2,30,6,1461,2,6,-1,1,-1
201506X000492,2,9,0,18,0,0,0,0,0,0,1,1,6,1,28,6,3168,1,9,-1,1,-1
201506X000698,1,9,0,18,0,0,0,0,0,0,1,1,2,1,48,8,1560,2,3,-1,1,-1
201506X000698,2,9,0,3,0,0,0,0,0,0,2,1,2,2,57,9,1998,1,-1,-1,1,-1
201506X000739,1,9,0,18,0,1,0,0,0,0,1,1,6,2,40,7,1598,1,7,-1,1,-1
201506X000739,2,9,0,3,0,1,0,0,0,0,2,1,6,1,26,6,1598,2,-1,-1,1,-1
201506X000984,1,9,0,18,0,0,1,0,0,6,3,1,1,1,42,7,2993,2,3,-1,-1,-1
201506X001128,1,21,1,11,0,0,0,0,0,0,1,1,1,1,37,7,15607,2,9,-1,-1,-1
201506X001128,2,9,0,18,0,0,1,0,2,7,2,1,2,1,34,6,1422,2,7,-1,1,-1
201506X001148,1,21,0,18,0,0,0,0,4,6,3,1,1,1,55,8,12740,2,-1,-1,1,-1
201506X001148,2,21,0,18,0,0,0,0,0,0,4,1,1,1,27,6,9200,2,10,-1,1,-1
201506X001148,3,21,0,18,0,0,0,0,0,0,0,1,1,1,49,8,12809,2,-1,-1,1,-1
201506X001158,1,9,0,18,0,0,5,0,0,0,1,1,6,1,50,8,-1,-1,-1,-1,1,-1
201506X001158,2,21,1,18,0,0,0,0,0,0,3,1,6,1,55,8,12777,2,7,-1,1,-1
201506X001197,1,9,0,18,0,0,0,0,0,0,0,1,6,3,-1,-1,-1,-1,-1,-1,-1,-1
201506X001197,2,9,0,18,0,0,0,0,0,0,1,1,6,1,33,6,1968,2,9,-1,-1,-1
201506X001197,3,9,0,18,0,0,0,0,0,0,2,1,6,1,52,8,1997,1,24,-1,1,-1
201506X001272,1,9,0,18,0,0,0,0,0,0,1,1,6,1,22,5,1995,2,12,-1,1,-1
201506X001272,2,9,0,4,0,0,0,0,0,0,2,1,6,1,22,5,1600,2,5,-1,1,-1
201506X001272,3,9,0,4,0,0,0,0,0,0,2,1,6,2,25,5,1685,2,4,-1,1,-1
201506X001272,4,9,0,4,0,0,0,0,0,0,2,1,1,1,55,8,-1,-1,-1,-1,1,-1
201506X001272,5,9,0,4,0,0,0,0,0,0,1,1,6,2,22,5,1329,1,3,-1,2,-1
201506X001285,1,9,0,5,0,4,0,0,0,0,1,1,2,1,54,8,875,1,4,-1,1,-1
201506X001285,2,8,0,3,0,4,0,0,0,0,2,1,1,1,47,8,1968,2,11,-1,1,-1
201506X001316,1,9,0,18,0,0,0,0,0,0,1,1,1,2,43,7,1598,1,5,-1,1,-1
201506X001316,2,9,0,4,0,0,0,0,0,0,2,1,1,2,45,7,1995,1,10,-1,1,-1
201506X001338,1,9,0,18,0,0,0,0,2,0,1,1,1,1,54,8,1199,1,14,-1,1,-1
201506X001338,2,9,0,4,0,0,0,0,0,0,1,1,6,2,61,9,1560,2,10,-1,1,-1
201506X001338,3,9,0,4,0,0,0,0,0,0,2,1,1,1,44,7,1598,2,-1,-1,1,-1
201506X001355,1,9,0,18,0,0,0,0,0,0,1,1,6,2,58,9,1591,1,1,-1,1,-1
201506X001355,2,9,0,4,0,0,0,0,0,0,2,1,6,1,47,8,1995,2,6,-1,3,-1
201506X001465,1,21,1,11,0,0,0,0,0,0,4,1,1,1,47,8,10837,2,2,-1,-1,-1
201506X001465,2,9,0,18,0,0,1,10,0,0,3,1,6,2,21,5,998,1,14,-1,3,-1
201506X001564,1,9,0,18,0,0,1,0,0,0,1,1,6,1,47,8,1343,1,10,-1,1,-1
201506X001564,2,9,0,18,0,0,0,0,0,0,2,1,6,2,53,8,999,1,1,-1,1,-1
201506X001564,3,9,0,18,0,0,0,0,0,0,2,1,6,2,24,5,998,1,15,-1,1,-1
201506X001672,1,9,0,4,0,0,0,0,0,0,1,1,6,1,20,4,1149,1,11,-1,1,-1
201506X001672,2,9,0,3,0,0,0,0,0,0,2,1,6,2,39,7,1229,1,3,-1,1,-1
201506X001672,3,9,0,3,0,0,0,0,0,0,2,1,6,2,21,5,998,1,5,-1,1,-1
201506X001696,1,9,0,12,0,0,5,0,0,0,1,1,6,2,27,6,1242,1,-1,-1,1,-1
201506X001696,2,9,0,4,0,0,0,0,0,0,2,1,6,1,53,8,1910,2,8,-1,1,-1
201506X001699,1,9,0,11,0,0,1,0,1,7,1,1,6,1,28,6,1399,2,4,-1,1,-1
201506X001699,2,9,0,18,0,0,0,0,4,6,2,1,6,1,35,6,1596,1,15,-1,1,-1
201506X001699,3,21,1,18,0,0,0,0,0,0,4,1,1,1,41,7,-1,-1,-1,-1,1,-1
201506X001708,1,9,0,18,0,0,0,0,5,6,1,1,2,2,55,8,1396,1,6,-1,1,-1
201506X001903,1,21,1,18,0,0,2,0,6,6,1,1,1,1,37,7,15607,2,4,-1,1,-1
201506X001903,2,19,0,18,0,0,5,0,0,0,1,1,1,1,30,6,1968,2,2,-1,1,-1
201506X001903,3,21,1,18,0,0,0,0,0,0,3,1,1,1,50,8,12900,2,8,-1,1,-1
201506X001903,4,21,1,18,0,0,1,0,0,0,3,1,1,1,57,9,12419,2,5,-1,2,-1
201506X001903,5,9,0,18,0,0,1,0,0,0,1,1,1,1,39,7,1997,2,3,-1,1,-1
201506X001903,6,9,0,18,0,0,1,0,0,0,1,1,1,1,42,7,1968,2,3,-1,3,-1
201506X001903,7,9,0,18,0,0,0,0,0,0,1,1,1,1,53,8,1968,2,2,-1,1,-1
201506X001903,8,19,0,18,0,0,1,0,0,0,3,1,1,1,29,6,1968,2,1,-1,1,-1
201506X001903,9,9,0,18,0,0,0,0,0,0,1,1,1,2,56,9,3189,1,12,-1,3,-1
201506X001903,10,19,0,18,0,0,1,0,0,0,1,1,1,1,48,8,2402,2,9,-1,1,-1
201506X002140,1,20,0,18,0,0,0,0,0,0,1,1,1,1,53,8,4764,2,7,-1,1,-1
201506X002140,2,9,0,4,7,0,0,0,0,0,3,1,6,2,74,10,999,1,3,-1,1,-1
201506X002140,3,9,0,4,0,0,0,0,0,0,2,1,2,2,23,5,998,1,3,-1,1,-1
201506X002140,4,9,0,4,0,0,0,0,0,0,2,1,6,1,46,8,2982,2,4,-1,1,-1
201506X002200,1,9,0,4,0,0,1,4,0,0,1,1,6,1,58,9,1396,1,17,-1,1,-1
201506X002200,2,9,0,4,0,0,1,0,0,0,2,1,6,2,46,8,1968,2,6,-1,1,-1
201506X002211,1,19,0,4,0,0,0,0,0,0,1,1,1,1,58,9,-1,-1,-1,-1,1,-1
201506X002211,2,9,0,4,0,0,0,0,0,0,2,1,1,1,57,9,2143,2,-1,-1,-1,-1
201506X002211,3,9,0,4,0,0,0,0,0,0,2,1,1,1,50,8,-1,-1,-1,-1,1,-1
201506X002211,4,21,1,4,0,0,0,0,0,0,2,1,6,3,-1,-1,-1,-1,-1,-1,-1,-1
201506X002214,1,21,1,18,0,0,0,0,0,0,4,1,1,1,52,8,12900,2,7,-1,1,-1
201506X002214,2,9,0,18,0,0,0,0,0,0,3,1,6,1,52,8,-1,-1,-1,-1,1,-1
201506X002219,1,21,0,11,0,0,0,0,0,0,4,1,1,1,65,9,12777,2,8,-1,-1,-1
201506X002219,2,9,0,18,0,0,0,0,0,0,0,1,6,2,57,9,1598,1,2,-1,1,-1
201506X002235,1,9,0,17,0,0,1,0,7,0,1,1,2,1,27,6,2926,2,13,-1,1,-1
201506X002248,1,9,0,18,0,0,0,0,0,0,1,1,6,1,45,7,1248,2,3,-1,1,-1
201506X002248,2,9,0,18,0,0,0,0,0,0,2,1,6,1,26,6,1997,2,13,-1,1,-1
201506X002248,3,19,0,4,0,0,0,0,0,0,2,1,6,1,22,5,1995,2,4,-1,1,-1
201506X002248,4,9,0,18,0,0,0,0,0,0,0,1,6,1,62,9,1399,2,11,-1,1,-1
201506X002248,5,9,0,4,0,0,0,0,0,0,2,1,6,1,45,7,1995,2,2,-1,1,-1
201506X002352,1,9,0,3,0,0,0,0,0,0,1,1,6,2,53,8,998,1,3,-1,1,-1
201506X002352,2,9,0,18,0,0,0,0,0,0,0,1,1,1,35,6,-1,-1,-1,-1,1,-1
201506X002381,1,9,0,1,0,1,0,0,0,0,2,1,6,3,30,6,1398,1,2,-1,-1,-1
201506X002557,1,21,1,11,0,0,0,0,0,0,4,1,1,1,58,9,10837,2,1,-1,1,-1
201506X002557,2,9,0,18,0,0,0,0,0,0,3,1,6,1,75,10,-1,-1,-1,-1,1,-1
201506X002585,1,19,0,18,0,0,1,0,0,0,1,1,1,1,32,6,2488,2,1,-1,1,-1
201506X002585,2,21,1,18,0,0,1,0,0,0,0,1,1,1,52,8,-1,-1,-1,-1,-1,-1
201506X002718,1,19,0,18,0,2,1,0,0,0,1,1,1,1,22,5,1686,2,11,-1,1,-1
201506X002718,2,9,0,4,0,2,0,0,0,0,2,1,2,1,46,8,2198,1,14,-1,1,-1
201506X002809,1,9,0,18,6,0,0,4,1,0,1,1,6,1,21,5,998,1,13,-1,2,-1
201506X002809,2,9,0,2,6,0,0,0,0,0,4,1,6,1,35,6,2993,2,5,-1,3,-1
201506X002809,3,21,1,2,6,0,0,0,0,0,2,1,1,1,44,7,6370,2,14,-1,-1,-1
201506X002909,1,9,0,18,0,0,0,0,0,0,2,1,6,2,50,8,2902,2,11,-1,1,-1
201506X002909,2,9,0,18,0,0,0,0,0,0,1,1,6,1,39,7,1242,1,7,-1,1,-1
201506X002909,3,9,0,18,0,0,0,0,0,0,1,1,6,2,40,7,1388,1,11,-1,1,-1
201506X002938,1,9,0,11,0,0,0,0,0,0,4,1,6,1,30,6,-1,-1,-1,-1,-1,-1
201506X002938,2,4,0,18,0,0,0,0,0,0,4,1,1,1,21,5,-1,-1,-1,-1,1,-1
201506X002989,1,9,0,18,0,0,0,0,0,0,0,1,6,3,-1,-1,-1,-1,-1,-1,-1,-1
201506X002989,2,9,0,18,0,0,2,0,5,6,3,1,6,1,38,7,-1,-1,-1,-1,1,-1
201506X003089,1,5,0,4,0,0,1,0,0,0,1,1,2,2,48,8,645,1,4,-1,-1,-1
201506X003089,2,21,0,4,0,0,0,0,0,0,3,1,1,1,54,8,-1,-1,-1,-1,-1,-1
201506X003152,1,9,0,18,0,0,0,0,1,7,2,1,6,1,31,6,1995,2,4,-1,2,-1
201506X003152,2,21,1,18,0,0,3,0,0,0,1,1,1,2,47,8,10308,2,10,-1,1,-1
201506X003266,1,9,0,18,0,0,0,0,0,0,1,1,1,1,45,7,1956,2,2,-1,1,-1
201506X003266,2,9,0,18,0,0,0,0,0,0,2,1,1,1,22,5,1390,1,2,-1,1,-1
201506X003266,3,9,0,18,0,0,0,0,0,0,2,1,1,1,45,7,998,1,2,-1,1,-1
201506X003356,1,9,0,11,0,0,0,0,0,0,4,1,1,1,31,6,1598,1,10,-1,1,-1
201506X003356,2,9,0,18,0,0,0,0,0,0,3,1,1,2,39,7,996,1,2,-1,1,-1
201506X003439,1,9,0,18,0,0,0,0,0,0,3,1,1,2,55,8,1968,2,-1,-1,1,-1
201506X003439,2,21,0,18,0,0,0,0,0,0,4,1,1,1,51,8,5880,2,10,-1,1,-1
201506X003603,1,21,0,18,0,0,0,0,0,0,1,1,1,1,49,8,10518,2,6,-1,1,-1
201506X003603,2,9,0,3,0,0,0,0,0,0,2,1,2,1,35,6,1368,1,6,-1,1,-1
201506X003603,3,9,0,3,0,0,0,0,7,0,2,1,2,1,44,7,-1,-1,-1,-1,1,-1
201506X003603,4,9,0,3,0,0,0,0,0,0,2,1,2,2,57,9,1560,2,3,-1,1,-1
201506X003603,5,21,0,3,0,0,0,0,0,0,2,1,1,1,34,6,9186,2,2,-1,1,-1
201506X003796,1,5,0,15,0,0,0,0,0,0,0,1,6,3,-1,-1,-1,-1,-1,-1,-1,-1
201506X003796,2,9,0,11,0,0,0,0,2,7,4,1,6,2,25,5,1753,2,8,-1,1,-1
201506X003796,3,9,0,18,0,0,0,0,0,0,1,1,6,1,31,6,2967,2,1,-1,1,-1
201506X003802,1,9,0,4,0,0,0,0,0,0,1,1,6,1,44,7,1229,1,1,-1,1,-1
201506X003802,2,9,0,4,0,0,0,0,0,0,2,1,6,1,23,5,1389,1,10,-1,1,-1
201506X003802,3,9,0,4,0,0,0,0,0,0,2,1,6,2,35,6,1596,1,5,-1,1,-1
201506X003804,1,4,0,18,0,0,5,0,0,0,3,1,6,1,53,8,471,1,-1,-1,1,-1
201506X004109,1,9,0,18,0,0,0,0,0,0,0,1,6,3,-1,-1,-1,-1,-1,-1,-1,-1
201506X004109,2,9,0,18,0,0,0,0,0,7,3,1,6,1,38,7,1598,2,3,-1,1,-1
201506X004202,1,9,0,12,0,8,0,0,0,0,0,1,6,2,47,8,1598,2,2,-1,2,-1
201506X004202,2,9,0,18,0,8,0,0,0,0,1,1,6,1,37,7,2616,1,9,-1,1,-1
201506X004202,3,9,0,18,0,8,0,0,0,0,1,1,6,1,32,6,1799,1,8,-1,1,-1
201506X004213,1,9,0,18,0,0,0,0,0,0,1,1,6,2,22,5,1390,1,13,-1,1,-1
201506X004213,2,9,0,18,0,0,0,0,0,0,2,1,6,1,30,6,1956,2,2,-1,1,-1
201506X004327,1,5,0,13,0,0,0,0,0,0,1,1,6,1,60,9,-1,-1,-1,-1,1,-1
201506X004327,2,9,0,18,0,0,0,0,0,6,2,1,6,1,44,7,1598,1,5,-1,1,-1
201506X004459,1,19,0,18,0,0,0,0,0,0,1,1,1,1,25,5,2198,2,1,-1,1,-1
201506X004459,2,9,0,18,0,0,1,0,0,6,2,1,6,2,25,5,1490,1,8,-1,1,-1
201506X004568,1,9,0,11,0,0,0,0,0,0,2,1,6,2,32,6,1405,1,12,-1,1,-1
201506X004568,2,21,0,18,0,0,0,0,0,0,1,1,1,1,48,8,6700,2,-1,-1,1,-1
201506X004603,1,9,0,12,0,0,0,0,0,0,3,1,2,2,29,6,1364,1,6,-1,1,-1
201506X004603,2,5,0,18,0,0,0,0,0,0,1,1,2,1,39,7,1255,1,8,-1,1,-1
201506X004603,3,9,0,3,0,0,0,0,0,0,0,1,2,1,29,6,1968,2,9,-1,-1,-1
201506X004637,1,9,0,18,0,0,0,0,1,0,1,1,6,1,37,7,1388,1,13,-1,1,-1
201506X004637,2,9,0,18,0,0,0,0,1,0,2,1,6,2,59,9,998,1,4,-1,-1,-1
201506X004787,1,9,0,18,0,5,0,0,0,0,1,1,6,1,55,8,2199,2,5,-1,3,-1
201506X004787,2,9,0,18,0,5,0,0,0,6,2,1,6,1,23,5,1229,1,7,-1,1,-1
201506X004787,3,21,0,18,0,5,0,0,0,0,3,1,6,1,25,5,11946,2,7,-1,1,-1
201506X004787,4,9,0,18,0,5,0,0,0,0,4,1,6,1,31,6,2457,1,9,-1,-1,-1
201506X004844,1,9,0,12,0,0,0,0,5,6,3,1,6,1,24,5,1240,1,7,-1,1,-1
201506X004844,2,9,0,18,0,0,0,0,0,0,3,1,6,2,39,7,1363,2,10,-1,1,-1
201506X004861,1,9,0,18,0,0,0,0,4,0,1,1,6,1,61,9,2199,2,3,-1,1,-1
201506X004861,2,9,0,4,0,0,0,0,0,0,2,1,6,2,29,6,1242,1,6,-1,1,-1
201506X004861,3,9,0,4,0,0,0,0,0,0,2,1,6,1,49,8,-1,-1,-1,-1,-1,-1
201506X004866,1,9,0,18,0,0,0,0,0,0,1,1,6,2,52,8,1995,2,7,-1,2,-1
201506X004866,2,9,0,18,0,0,0,0,0,0,2,1,6,1,44,7,1598,2,3,-1,-1,-1
201506X004867,1,9,0,18,0,0,0,0,0,0,4,1,6,1,55,8,1995,2,1,-1,1,-1
201506X004867,2,21,0,11,0,0,0,0,0,0,2,1,1,1,31,6,12777,2,1,-1,-1,-1
201506X004986,1,19,0,11,0,0,0,0,0,0,4,1,6,3,-1,-1,2198,2,-1,-1,-1,-1
201506X004986,2,5,0,18,0,0,0,0,0,0,3,1,6,1,32,6,599,1,6,-1,1,-1
201506X005115,1,21,0,18,0,0,0,0,0,0,1,1,6,1,29,6,4580,2,1,-1,1,-1
201506X005115,2,10,0,18,0,0,0,0,0,0,1,1,6,1,68,10,-1,-1,-1,-1,-1,-1
201506X005115,3,9,0,18,0,0,0,0,0,0,2,1,6,2,27,6,1242,1,13,-1,1,-1
201506X005115,4,9,0,18,0,0,0,0,0,0,2,1,6,2,32,6,1560,2,1,-1,1,-1
201506X005145,1,9,0,11,0,0,0,0,0,0,1,1,6,1,28,6,1968,2,8,-1,1,-1
201506X005145,2,9,0,18,0,0,0,0,0,6,2,1,6,2,68,10,1999,1,9,-1,1,-1
201506X005393,1,9,0,13,0,0,0,0,0,0,1,1,6,1,19,4,1242,1,9,-1,1,-1
201506X005393,2,19,0,18,0,0,0,0,0,0,3,1,1,2,50,8,-1,-1,-1,-1,-1,-1
201506X005457,1,9,0,18,0,0,0,0,0,0,1,1,6,1,51,8,1968,2,-1,-1,1,-1
201506X005457,2,9,0,18,0,0,0,0,0,0,2,1,6,2,37,7,2231,2,7,-1,1,-1
201506X005662,1,9,0,18,0,0,0,0,0,0,1,1,6,1,45,7,1598,1,2,-1,1,-1
201506X005662,2,9,0,18,0,0,2,0,1,0,2,1,6,1,44,7,1388,1,12,-1,1,-1
201506X005795,1,9,0,4,0,0,0,0,0,2,1,1,6,1,33,6,1396,1,4,-1,1,-1
201506X005795,2,9,0,4,0,0,0,0,0,0,1,1,1,1,51,8,2993,2,4,-1,-1,-1
201506X005795,3,9,0,4,0,0,0,0,0,0,1,1,1,1,49,8,2993,2,1,-1,-1,-1
201506X005795,4,9,0,4,0,0,0,0,0,0,1,1,1,1,42,7,2993,2,1,-1,-1,-1
201506X005929,1,9,0,18,0,0,0,0,0,0,3,1,6,3,-1,-1,-1,-1,-1,-1,-1,-1
201506X005929,2,9,0,18,0,0,2,0,1,10,4,1,6,2,23,5,1396,1,12,-1,1,-1
201506X006067,1,10,0,5,0,4,0,0,0,0,1,1,4,1,41,7,-1,-1,-1,-1,1,-1
201506X006067,2,9,0,3,0,8,0,0,0,0,4,1,1,1,49,8,1339,1,6,-1,1,-1
201506X006238,1,9,0,18,0,0,0,0,0,0,1,1,6,1,44,7,1598,2,2,-1,1,-1
201506X006238,2,9,0,18,0,0,0,0,0,0,2,1,6,1,28,6,698,1,10,-1,1,-1
201506X006305,1,9,0,18,0,0,0,0,0,0,1,1,1,1,34,6,1560,2,1,-1,1,-1
201506X006305,2,9,0,18,0,0,0,0,0,0,2,1,1,2,22,5,1229,1,9,-1,1,-1
201506X006305,3,9,0,18,0,0,0,0,0,0,2,1,1,2,23,5,1108,1,5,-1,-1,-1
201506X006306,1,9,0,18,0,8,0,0,0,0,2,1,6,1,30,6,1997,2,12,-1,1,-1
201506X006306,2,9,0,4,0,5,0,0,0,0,2,1,6,1,27,6,1995,2,2,-1,1,-1
201506X006330,1,9,0,18,0,0,0,0,0,0,1,1,6,2,24,5,-1,-1,-1,-1,1,-1
201506X006330,2,9,0,18,0,0,0,0,0,0,2,1,6,1,54,8,1360,1,12,-1,1,-1
201506X006584,1,9,0,18,0,0,0,0,0,0,1,1,2,1,40,7,-1,-1,-1,-1,1,-1
201506X006584,2,9,0,18,0,0,0,0,0,0,2,1,1,1,55,8,1995,2,2,-1,1,-1
201506X006787,1,21,1,18,0,8,0,0,0,0,4,1,1,1,37,7,12777,2,-1,-1,3,-1
201506X006787,2,9,0,18,0,8,1,0,0,7,3,1,6,1,63,9,-1,-1,-1,-1,1,-1
201506X006789,1,9,0,11,0,0,0,0,0,0,1,1,6,2,35,6,1969,2,1,-1,1,-1
201506X006789,2,9,0,18,0,0,0,0,0,0,2,1,6,2,21,5,998,1,3,-1,1,-1
201506X006919,1,9,0,18,0,0,0,0,0,0,3,1,1,1,36,7,-1,-1,-1,-1,1,-1
201506X006919,2,9,0,18,0,0,0,0,0,0,0,1,1,1,36,7,1956,2,5,-1,1,-1
201506X006919,3,9,0,18,0,0,0,0,0,0,0,1,1,1,37,7,2993,2,2,-1,1,-1
201506X006946,1,19,0,18,0,5,1,0,0,0,1,1,1,1,41,7,1995,2,1,-1,1,-1
201506X006946,2,9,0,18,0,1,0,0,0,0,2,1,2,2,35,6,1399,1,12,-1,1,-1
201506X007151,1,9,0,18,0,8,1,0,0,0,1,1,2,2,27,6,1395,1,1,-1,1,-1
201506X007151,2,9,0,18,0,8,1,0,0,0,1,1,2,1,76,11,-1,-1,-1,-1,1,-1
201506X007151,3,9,0,18,0,8,0,0,0,0,1,1,2,1,47,8,1998,2,10,-1,1,-1
201506X007151,4,9,0,18,0,8,1,0,0,0,1,1,2,1,54,8,1390,1,3,-1,1,-1
201506X007151,5,19,0,18,0,8,0,0,0,0,1,2,1,1,44,7,-1,-1,-1,-1,-1,-1
201506X007230,1,9,0,4,0,0,0,0,0,0,1,1,6,1,45,7,1984,1,9,-1,1,-1
201506X007230,2,9,0,4,0,0,0,0,0,0,2,1,6,2,51,8,1995,2,8,-1,1,-1
201506X007230,3,9,0,4,0,0,0,0,0,0,2,1,6,2,33,6,1968,2,4,-1,1,-1
201506X007287,1,9,0,18,0,0,0,4,5,6,3,1,2,1,35,6,1242,1,12,-1,1,-1
201506X007287,2,9,0,2,6,0,0,0,0,0,3,1,1,1,44,7,2993,2,4,-1,-1,-1
201506X007287,3,9,0,2,6,0,0,0,0,0,2,2,6,1,21,5,-1,-1,-1,-1,1,-1
201506X007403,1,9,0,13,0,0,0,0,0,0,0,1,6,3,-1,-1,-1,-1,-1,-1,-1,-1
201506X007403,2,21,1,18,0,0,3,0,0,0,3,1,1,1,37,7,12902,2,2,-1,1,-1
201506X007403,3,9,0,18,0,0,0,0,0,0,4,1,6,1,50,8,1968,2,-1,-1,1,-1
201506X007403,4,21,1,18,0,0,0,0,0,0,1,1,1,1,32,6,12882,2,3,-1,1,-1
201506X007442,1,9,0,18,0,0,0,0,0,0,0,1,6,3,-1,-1,-1,-1,-1,-1,-1,-1
201506X007442,2,9,0,18,0,0,0,0,0,0,2,1,6,1,46,8,1796,1,4,-1,1,-1
201506X007442,3,9,0,18,0,0,0,0,0,0,1,1,6,2,50,8,-1,-1,-1,-1,1,-1
201506X007626,1,9,0,18,0,2,1,0,1,0,1,1,2,1,25,5,1388,1,10,-1,1,-1
201506X007626,2,9,0,18,0,1,0,0,0,0,1,1,2,1,57,9,1591,1,-1,-1,1,-1
201506X007659,1,9,0,18,0,0,5,0,0,0,1,1,6,1,77,11,1339,1,6,-1,3,-1
201506X007659,2,9,0,18,0,0,1,0,0,0,2,1,2,2,30,6,1390,1,11,-1,1,-1
201506X007659,3,19,0,18,0,0,0,0,0,0,3,1,2,1,30,6,1560,2,5,-1,1,-1
201506X007777,1,9,0,18,0,6,0,0,4,6,1,1,6,2,64,9,1497,8,8,-1,1,-1
201506X007777,2,21,1,18,0,8,0,0,0,0,1,1,1,1,46,8,-1,2,1,-1,1,-1
201506X007777,3,9,0,18,0,8,0,0,0,0,1,1,6,2,20,4,1598,2,3,-1,1,-1
201506X007868,1,9,0,18,0,0,0,0,0,0,1,1,1,1,49,8,1968,2,1,-1,3,-1