Accident_Index,Vehicle_Reference,Vehicle_Type,Towing_and_Articulation,Vehicle_Manoeuvre,Vehicle_Location-Restricted_Lane,Junction_Location,Skidding_and_Overturning,Hit_Object_in_Carriageway,Vehicle_Leaving_Carriageway,Hit_Object_off_Carriageway,1st_Point_of_Impact,Was_Vehicle_Left_Hand_Drive?,Journey_Purpose_of_Driver,Sex_of_Driver,Age_of_Driver,Age_Band_of_Driver,Engine_Capacity_(CC),Propulsion_Code,Age_of_Vehicle,Driver_IMD_Decile,Driver_Home_Area_Type,Vehicle_IMD_Decile
201506X007868,2,9,0,12,0,0,0,0,0,0,2,1,2,1,37,7,1598,1,9,-1,1,-1
201506X008078,1,9,0,18,0,0,0,0,0,0,1,1,6,1,33,6,1896,2,11,-1,-1,-1
201506X008078,2,9,0,4,0,0,0,0,0,0,1,1,6,2,25,5,1598,2,1,-1,1,-1
201506X008078,3,9,0,4,0,0,0,0,0,0,1,1,6,1,37,7,1461,2,-1,-1,1,-1
201506X008078,4,9,0,4,0,0,0,0,0,0,1,1,6,1,44,7,1995,2,2,-1,1,-1
201506X008078,5,9,0,4,0,0,0,0,0,0,2,1,6,2,47,8,999,1,3,-1,1,-1
201506X008226,1,9,0,18,0,0,1,7,0,0,1,1,6,1,33,6,1398,2,8,-1,1,-1
201506X008226,2,9,0,18,0,0,0,0,0,0,1,1,6,1,67,10,2496,1,9,-1,1,-1
201506X008226,3,9,0,18,0,0,0,0,0,0,3,1,6,1,62,9,1997,2,2,-1,1,-1
201506X008358,1,9,0,18,0,0,1,7,0,6,1,1,6,2,39,7,1598,1,10,-1,1,-1
201506X008655,1,21,1,18,0,0,0,0,0,0,1,1,1,1,42,7,11946,2,2,-1,1,-1
201506X008655,2,9,0,2,0,0,0,0,0,0,3,1,1,1,56,9,1229,1,1,-1,1,-1
201506X008655,3,9,0,18,0,0,0,0,0,0,2,1,6,2,57,9,998,1,-1,-1,1,-1
201506X008655,4,21,1,18,0,0,0,0,0,0,1,1,1,1,52,8,12902,2,2,-1,1,-1
201506X008949,1,19,0,4,0,0,0,0,0,0,1,1,1,1,28,6,1968,2,1,-1,2,-1
201506X008949,2,10,0,4,0,0,0,0,0,0,1,1,1,1,26,6,-1,-1,-1,-1,1,-1
201506X008949,3,10,0,4,0,0,0,0,0,0,2,1,1,1,30,6,-1,-1,-1,-1,1,-1
201506X009336,1,9,0,18,0,0,0,0,0,0,1,1,6,1,24,5,1995,2,1,-1,1,-1
201506X009336,2,9,0,18,0,0,0,0,0,0,2,1,6,2,25,5,1242,1,-1,-1,-1,-1
201506X009364,1,21,1,11,0,0,0,0,0,0,3,2,1,1,55,8,-1,-1,-1,-1,1,-1
201506X009364,2,9,0,18,0,0,0,0,1,7,4,1,6,1,29,6,1598,1,10,-1,1,-1
201506X009405,1,9,0,18,0,7,0,0,0,0,2,1,6,1,77,11,1686,2,2,-1,1,-1
201506X009405,2,9,0,3,0,7,0,0,0,0,1,1,2,2,33,6,1595,1,5,-1,1,-1
201506X009405,3,9,0,3,0,7,0,0,0,0,2,1,1,1,57,9,1598,2,1,-1,1,-1
201506X009477,1,9,0,4,0,0,1,0,0,0,1,1,6,1,21,5,1242,1,4,-1,1,-1
201506X009477,2,9,0,4,0,0,0,0,0,0,2,1,6,1,43,7,1242,1,-1,-1,1,-1
201506X009477,3,9,0,4,0,0,1,0,0,0,1,1,6,1,75,10,1388,1,13,-1,1,-1
201506X009622,1,9,0,4,0,0,0,0,0,0,1,1,6,2,36,7,1388,1,12,-1,1,-1
201506X009622,2,9,0,4,0,0,0,0,0,0,2,1,6,2,54,8,1956,2,3,-1,-1,-1
201506X009657,1,9,0,4,0,0,0,0,0,0,1,1,6,1,28,6,1240,1,5,-1,1,-1
201506X009657,2,9,0,4,0,0,0,0,0,0,2,1,6,1,42,7,1781,1,11,-1,1,-1
201506X009836,1,9,0,18,0,7,1,0,4,6,1,1,6,1,30,6,-1,-1,-1,-1,-1,-1
201506X009836,2,9,0,18,0,6,1,0,4,6,1,1,6,1,30,6,-1,-1,-1,-1,-1,-1
201506X010204,1,9,0,18,0,0,0,0,0,0,1,1,6,1,31,6,-1,-1,-1,-1,1,-1
201506X010204,2,9,0,18,0,0,0,0,0,0,1,1,6,1,20,4,1390,1,2,-1,1,-1
201506X010204,3,9,0,18,0,0,0,0,0,0,2,1,6,1,30,6,-1,-1,-1,-1,1,-1
201506X010213,1,9,0,18,0,0,0,0,0,0,3,1,2,1,25,5,1968,2,2,-1,1,-1
201506X010213,2,21,0,18,0,0,0,0,0,0,4,1,1,1,61,9,12777,2,6,-1,1,-1
201506X010213,3,9,0,18,0,0,0,0,0,0,1,1,6,1,57,9,1598,2,1,-1,1,-1
201506X010233,1,9,0,18,0,0,0,0,0,0,1,1,6,1,19,4,1598,2,-1,-1,1,-1
201506X010233,2,9,0,18,0,0,0,0,0,0,2,1,6,1,51,8,2400,2,1,-1,1,-1
201506X010591,1,9,0,18,0,0,0,0,0,0,1,1,6,2,25,5,1598,1,8,-1,1,-1
201506X010591,2,9,0,18,0,0,0,0,0,0,1,1,6,2,47,8,1997,2,5,-1,3,-1
201506X010591,3,9,0,18,0,0,0,0,0,0,4,1,6,1,31,6,1910,2,10,-1,1,-1
201506X010591,4,19,0,18,0,0,0,0,0,0,1,1,6,1,46,8,2198,2,5,-1,-1,-1
201506X010967,1,21,1,18,0,0,0,0,0,0,1,1,1,1,57,9,10518,2,2,-1,1,-1
201506X010967,2,9,0,18,0,0,0,0,0,0,2,1,2,1,28,6,1390,1,12,-1,1,-1
201506X011122,1,10,0,18,0,4,1,0,1,7,4,1,1,1,27,6,-1,-1,-1,-1,1,-1
201506X095916,1,9,0,18,0,0,1,0,2,7,1,1,6,2,32,6,-1,-1,-1,-1,1,-1
201506X095916,2,21,1,18,0,0,0,0,0,0,1,1,1,2,55,8,11705,2,3,-1,1,-1
201506X095916,3,8,0,18,0,0,0,0,0,0,4,1,2,1,39,7,1910,2,8,-1,1,-1
201506X095929,1,9,0,12,0,0,0,0,0,0,3,1,2,1,53,8,1299,1,7,-1,1,-1
201506X095929,2,3,0,13,0,0,0,0,0,0,4,1,2,1,26,6,124,1,5,-1,1,-1
201506X095929,3,9,0,18,0,0,0,0,0,0,2,1,2,1,56,9,1398,1,4,-1,1,-1
201506X096021,1,9,0,18,0,0,0,0,0,0,3,1,6,2,20,4,1299,1,11,-1,1,-1
201506X096021,2,9,0,4,0,0,0,0,0,0,4,1,6,2,18,4,998,1,8,-1,1,-1
201506X096021,3,9,0,4,0,0,0,0,0,0,2,1,6,1,39,7,2993,2,3,-1,3,-1
201506X096033,1,9,0,18,0,0,0,0,7,0,0,1,6,1,22,5,1984,1,8,-1,1,-1
201506X096033,2,9,0,18,0,0,0,0,0,0,1,1,1,1,45,7,-1,-1,-1,-1,1,-1
201506X096034,1,9,0,18,0,0,1,4,0,0,1,1,6,1,20,4,1796,1,13,-1,-1,-1
201506X096034,2,9,0,18,0,0,0,0,0,0,0,1,1,1,44,7,2993,2,2,-1,-1,-1
201506X096034,3,19,0,3,0,0,0,0,0,0,2,1,1,1,30,6,2143,2,2,-1,-1,-1
201506X096034,4,9,0,3,0,0,0,0,0,0,4,1,6,2,46,8,1242,1,3,-1,-1,-1
201506X096034,5,9,0,3,0,0,0,0,0,0,3,1,6,2,48,8,-1,-1,-1,-1,1,-1
201506X096034,6,21,0,3,0,0,0,0,0,0,2,1,1,1,59,9,10518,2,8,-1,2,-1
201506X096111,1,9,0,18,0,0,1,7,4,6,3,1,6,1,46,8,2143,2,2,-1,1,-1
201506X096138,1,9,0,18,0,0,0,0,0,0,2,1,6,2,23,5,-1,-1,-1,-1,1,-1
201506X096138,2,9,0,18,0,0,5,0,0,0,1,1,6,1,30,6,-1,-1,-1,-1,1,-1
201506X096144,1,21,4,18,0,0,0,0,0,0,3,1,1,1,50,8,-1,-1,-1,-1,-1,-1
201506X096144,2,9,0,18,0,0,0,0,0,0,4,1,3,2,47,8,1360,1,5,-1,-1,-1
201506X096212,1,9,0,12,0,0,1,0,1,4,3,1,2,1,50,8,2018,2,19,-1,1,-1
201506X096212,2,9,0,13,0,0,1,0,7,0,4,1,6,2,24,5,1229,1,4,-1,-1,-1
201506X096226,1,9,0,16,0,8,0,0,0,0,1,1,6,3,-1,-1,-1,-1,-1,-1,-1,-1
201506X096226,2,9,0,16,0,8,0,0,0,0,2,1,6,2,26,6,1998,1,8,-1,1,-1
201506X096277,1,9,0,18,0,0,2,0,0,0,1,1,6,1,28,6,-1,-1,-1,-1,1,-1
201506X096277,2,9,0,18,0,0,0,0,0,0,2,1,6,2,36,7,1461,2,1,-1,1,-1
201506X096332,1,9,0,18,0,0,0,0,0,0,1,1,6,1,24,5,1386,1,9,-1,1,-1
201506X096332,2,9,0,18,0,0,0,0,0,0,2,1,6,1,51,8,2982,2,12,-1,1,-1
201506X096424,1,9,0,18,0,0,0,0,0,0,1,1,6,1,41,7,-1,-1,-1,-1,2,-1
201506X096424,2,9,0,3,0,0,0,0,0,0,2,1,6,2,27,6,1598,2,2,-1,1,-1
201506X096424,3,9,0,3,0,0,0,0,0,0,2,1,6,1,27,6,1997,2,2,-1,1,-1
201506X096475,1,9,0,18,0,0,0,0,0,0,1,1,6,1,25,5,1762,1,15,-1,-1,-1
201506X096475,2,9,0,18,0,0,0,0,0,0,2,1,6,2,28,6,1596,1,4,-1,1,-1
201506X096475,3,9,0,18,0,0,0,0,0,0,3,1,6,1,53,8,-1,-1,-1,-1,1,-1
201506X096514,1,9,0,16,0,0,0,0,4,0,1,1,6,2,23,5,-1,-1,-1,-1,1,-1
201506X096514,2,9,0,16,0,0,0,0,0,0,2,1,6,2,40,7,1339,1,6,-1,1,-1
201506X096514,3,9,0,16,0,0,0,0,0,0,2,1,6,1,40,7,1995,2,11,-1,1,-1
201506X096546,1,9,0,18,0,0,0,0,0,0,1,1,6,2,18,4,1299,1,13,-1,1,-1
201506X096546,2,9,0,18,0,0,0,0,0,0,2,1,6,1,47,8,-1,-1,-1,-1,1,-1
201506X096562,1,9,0,13,0,0,0,0,0,0,2,1,1,1,34,6,-1,-1,-1,-1,1,-1
201506X096562,2,21,1,18,0,0,0,0,0,0,1,1,2,1,54,8,12777,2,8,-1,1,-1
201506X096628,1,9,0,18,0,8,0,0,0,0,1,1,6,1,38,7,-1,-1,-1,-1,1,-1
201506X096628,2,9,0,4,0,8,0,0,0,0,1,1,6,1,21,5,1229,1,1,-1,-1,-1
201506X096628,3,9,0,4,0,8,0,0,0,0,1,1,6,2,39,7,-1,-1,-1,-1,1,-1
201506X096628,4,9,0,4,0,8,0,0,0,0,1,1,6,2,25,5,1968,2,10,-1,1,-1
201506X096762,1,9,0,18,0,0,0,0,0,0,1,1,6,1,30,6,2967,2,1,-1,1,-1
201506X096762,2,9,0,18,0,0,0,0,0,0,2,1,6,2,30,6,1497,8,9,-1,1,-1
201506X097041,1,9,0,17,0,0,1,0,1,0,1,1,2,2,35,6,2000,2,11,-1,1,-1
201506X097041,2,21,0,2,8,0,0,0,0,0,2,1,1,1,50,8,-1,-1,-1,-1,2,-1
201506X097058,1,9,0,18,0,0,0,0,0,0,1,1,1,1,51,8,-1,-1,-1,-1,3,-1
201506X097058,2,9,0,18,0,0,0,0,0,0,2,1,1,1,39,7,1248,2,4,-1,1,-1
201506X097060,1,9,0,12,0,0,0,0,0,0,4,1,6,2,56,9,1124,1,7,-1,1,-1
201506X097060,2,9,0,18,0,0,0,0,0,0,2,1,6,1,50,8,1560,2,-1,-1,1,-1
201506X097080,1,9,0,18,0,0,0,0,0,6,1,1,6,1,31,6,1398,1,2,-1,1,-1
201506X097090,1,9,0,18,0,0,0,0,0,0,1,1,6,1,32,6,-1,-1,-1,-1,1,-1
201506X097090,2,9,0,18,0,0,0,0,0,0,2,1,6,1,39,7,-1,-1,-1,-1,1,-1
201506X097090,3,9,0,18,0,0,0,0,0,0,2,1,6,1,24,5,2000,2,6,-1,1,-1
201506X097090,4,9,0,18,0,0,0,0,0,0,3,1,6,1,40,7,1995,2,1,-1,1,-1
201506X097099,1,9,0,18,0,0,0,0,0,0,1,1,6,2,51,8,1984,1,5,-1,1,-1
201506X097099,2,9,0,18,0,0,0,0,0,0,1,1,6,2,27,6,998,1,1,-1,1,-1
201506X097310,1,21,1,18,0,0,0,0,0,0,1,1,1,1,38,7,12900,2,3,-1,2,-1
201506X097310,2,9,0,4,0,0,0,0,0,0,2,1,6,1,48,8,-1,-1,-1,-1,1,-1
201506X097310,3,9,0,4,0,0,0,0,0,0,2,1,6,1,45,7,1560,2,2,-1,1,-1
201506X097310,4,9,0,4,0,0,0,0,0,0,2,1,6,1,54,8,1798,1,1,-1,3,-1
201506X097401,1,9,0,18,0,0,0,0,0,0,1,1,6,1,22,5,-1,-1,-1,-1,1,-1
201506X097401,2,9,0,18,0,0,0,0,0,0,2,1,1,1,30,6,2179,2,6,-1,1,-1
201506X097401,3,9,0,18,0,0,0,0,0,0,2,1,6,1,59,9,1749,1,10,-1,1,-1
201506X097455,1,21,0,11,0,0,0,0,0,0,4,1,1,1,54,8,11967,2,5,-1,1,-1
201506X097455,2,9,0,18,0,0,0,0,0,0,3,1,6,2,30,6,1968,2,4,-1,1,-1
201506X097496,1,9,0,18,0,0,1,0,4,6,1,1,6,1,35,6,1910,2,10,-1,1,-1
201506X097496,2,9,0,18,0,0,0,0,0,0,3,1,1,1,53,8,1968,2,3,-1,1,-1
201506X097597,1,9,0,18,0,0,0,0,1,7,4,1,2,1,30,6,-1,-1,-1,-1,1,-1
201506X097785,1,9,0,18,0,0,0,0,2,6,1,1,2,2,34,6,1248,2,7,-1,1,-1
201506X097887,1,21,1,18,0,0,0,0,0,0,3,1,1,1,49,8,-1,-1,-1,-1,-1,-1
201506X097887,2,9,0,18,0,0,0,0,0,10,2,1,1,2,28,6,1364,1,6,-1,1,-1
201506X097887,3,21,1,18,0,0,0,0,0,0,2,2,1,1,34,6,-1,-1,-1,-1,-1,-1
201506X097887,4,21,1,18,0,0,0,0,0,0,1,1,1,1,46,8,12740,2,2,-1,-1,-1
201506X097921,1,9,0,12,0,0,0,0,0,0,0,1,6,3,-1,-1,2204,2,9,-1,-1,-1
201506X097921,2,9,0,18,0,0,0,0,0,0,0,1,6,1,29,6,1598,1,2,-1,-1,-1
201506X097921,3,9,0,18,0,0,0,0,0,0,2,1,6,2,48,8,-1,-1,-1,-1,-1,-1
201506X097921,4,21,0,18,0,0,0,0,0,0,1,1,1,1,53,8,12740,2,1,-1,1,-1
201506X098068,1,21,1,18,0,0,0,0,0,0,1,1,1,1,62,9,10837,2,1,-1,2,-1
201506X098068,2,9,0,18,0,0,0,0,0,6,2,1,6,2,51,8,-1,-1,-1,-1,1,-1
201506X098068,3,9,0,18,0,0,0,0,0,0,1,1,6,1,46,8,1970,1,10,-1,1,-1
201506X098099,1,21,0,18,0,0,0,0,0,0,1,1,1,1,50,8,11116,2,11,-1,1,-1
201506X098099,2,9,0,4,0,0,0,0,0,0,2,1,6,2,35,6,1596,1,1,-1,1,-1
201506X098099,3,21,1,4,0,0,0,0,0,0,2,1,1,1,49,8,12902,2,2,-1,1,-1
201506X098108,1,9,0,18,0,0,0,0,0,0,3,1,6,3,-1,-1,-1,-1,-1,-1,-1,-1
201506X098108,2,9,0,18,0,0,0,0,0,0,4,1,6,1,58,9,1198,1,1,-1,1,-1
201506X098113,1,21,1,18,0,0,0,0,0,0,4,1,1,1,48,8,10518,2,8,-1,1,-1
201506X098113,2,9,0,18,0,0,1,0,4,6,3,2,6,1,71,10,-1,-1,-1,-1,-1,-1
201506X098174,1,9,0,13,0,0,0,0,1,0,1,1,6,1,23,5,1596,1,14,-1,1,-1
201506X098174,2,9,0,18,0,0,0,10,0,6,2,1,6,1,64,9,1995,2,2,-1,1,-1
201506X098182,1,9,0,18,0,0,0,0,0,0,1,1,6,1,31,6,2143,2,3,-1,1,-1
201506X098182,2,9,0,18,0,0,0,0,0,0,2,1,6,1,41,7,1461,2,2,-1,1,-1
201506X098182,3,9,0,18,0,0,0,0,0,0,2,1,6,1,38,7,1560,2,-1,-1,3,-1
201506X098301,1,9,0,4,0,0,0,0,0,0,1,1,2,1,60,9,1896,2,9,-1,1,-1
201506X098301,2,9,0,4,0,0,1,0,0,0,1,1,2,1,17,4,973,1,13,-1,1,-1
201506X098301,3,9,0,4,0,0,0,0,0,0,1,1,2,1,24,5,-1,-1,-1,-1,1,-1
201506X098301,4,9,0,4,0,0,0,0,0,0,2,1,2,2,36,7,1976,1,5,-1,2,-1
201506X098406,1,9,0,12,0,0,0,0,0,0,0,1,6,1,76,11,1598,2,6,-1,2,-1
201506X098406,2,9,0,11,0,0,0,0,0,6,1,1,6,2,27,6,1587,1,11,-1,1,-1
201506X098408,1,9,0,18,0,0,0,0,0,0,1,1,6,1,38,7,1896,2,11,-1,1,-1
201506X098408,2,9,0,4,0,0,0,0,0,0,2,1,6,1,57,9,1798,1,7,-1,1,-1
201506X098427,1,9,0,18,0,0,0,0,0,0,2,1,1,1,41,7,998,1,2,-1,1,-1
201506X098427,2,9,0,18,0,0,0,0,0,0,2,1,6,1,30,6,1968,2,1,-1,1,-1
201506X098427,3,9,0,18,0,0,0,0,0,0,2,1,6,2,31,6,2000,2,5,-1,1,-1
201506X098449,1,21,1,18,0,8,0,0,0,0,4,2,1,1,49,8,-1,-1,-1,-1,-1,-1
201506X098449,2,9,0,18,0,8,0,0,0,0,4,1,6,2,58,9,1198,1,3,-1,1,-1
201506X098514,1,9,0,18,0,0,1,0,4,6,1,1,6,2,21,5,1870,2,10,-1,1,-1
201506X098543,1,9,0,4,0,0,0,0,0,0,2,1,6,1,25,5,2099,1,13,-1,-1,-1
201506X098543,2,9,0,18,0,0,0,0,0,0,1,1,1,2,68,10,-1,-1,-1,-1,1,-1
201506X098543,3,9,0,18,0,0,1,0,0,0,1,1,6,1,41,7,-1,-1,-1,-1,1,-1
201506X098794,1,21,1,11,0,0,0,0,0,0,4,1,1,1,54,8,10518,2,8,-1,1,-1
201506X098794,2,9,0,12,0,0,0,0,0,6,3,1,1,2,41,7,1560,2,1,-1,1,-1
201506X098803,1,9,0,18,0,0,1,0,1,6,1,1,1,2,38,7,-1,-1,-1,-1,1,-1
201506X098830,1,9,0,18,0,0,0,0,1,9,4,1,6,2,26,6,1560,2,8,-1,1,-1
201506X098830,2,9,0,18,0,0,0,0,5,6,2,1,6,1,76,11,1296,1,7,-1,1,-1
201506X098864,1,21,0,18,0,0,0,0,0,0,1,2,1,1,45,7,-1,-1,-1,-1,-1,-1
201506X098864,2,9,0,11,0,0,0,0,1,7,2,1,6,2,52,8,1332,1,16,-1,-1,-1
201506X098893,1,21,4,11,0,0,0,0,0,0,1,1,1,1,43,7,12900,2,6,-1,1,-1
201506X098893,2,9,0,18,0,0,0,0,0,0,3,1,6,2,20,4,1461,2,11,-1,1,-1
201506X099015,1,11,0,4,0,0,0,0,0,0,1,1,1,1,54,8,14618,2,13,-1,1,-1
201506X099015,2,9,0,4,0,0,0,0,0,0,2,1,6,1,62,9,2143,2,1,-1,2,-1
201506X099015,3,9,0,4,0,0,0,0,0,0,2,1,6,1,49,8,1951,2,11,-1,1,-1
201506X099015,4,9,0,4,0,0,0,0,0,0,2,1,6,1,39,7,1995,2,11,-1,1,-1
201506X099238,1,9,0,18,0,0,0,0,0,0,1,1,6,1,25,5,2993,2,12,-1,1,-1
201506X099238,2,9,0,18,0,0,0,0,0,0,2,1,6,2,43,7,1242,1,2,-1,1,-1
201506X099268,1,9,0,18,0,0,0,0,0,0,1,1,6,1,38,7,1198,1,8,-1,-1,-1
201506X099268,2,9,0,18,0,0,0,0,0,0,2,1,6,1,49,8,1597,2,1,-1,-1,-1
201506X099297,1,20,0,18,0,0,0,0,0,0,1,1,1,1,26,6,3920,2,6,-1,1,-1
201506X099297,2,9,0,3,0,0,0,0,0,0,2,1,2,1,26,6,1686,2,2,-1,1,-1
201506X099297,3,9,0,3,0,0,0,0,0,0,2,1,1,1,27,6,998,1,14,-1,-1,-1
201506X099298,1,9,0,18,0,0,1,0,0,7,1,1,6,1,41,7,-1,-1,-1,-1,1,-1
201506X099298,2,9,0,18,0,0,0,0,0,7,2,1,6,1,51,8,1995,2,5,-1,1,-1
201506X099298,3,9,0,18,0,0,1,0,0,7,1,1,6,1,27,6,-1,-1,-1,-1,1,-1
201506X099304,1,9,0,18,0,0,0,0,0,6,4,1,6,1,32,6,-1,-1,-1,-1,1,-1
201506X099348,1,9,0,18,0,0,0,0,0,0,1,1,6,2,23,5,599,1,15,-1,1,-1
201506X099348,2,19,0,18,0,0,0,0,1,0,2,1,1,1,44,7,1905,2,15,-1,3,-1
201506X099589,1,9,0,18,0,0,5,0,1,0,3,1,6,2,39,7,1598,1,7,-1,1,-1
201506X099620,1,9,0,18,0,0,1,0,5,6,1,1,1,2,31,6,1398,1,13,-1,1,-1
201506X099620,2,9,0,18,0,0,0,0,0,0,1,1,1,1,51,8,-1,-1,-1,-1,1,-1
201506X099620,3,9,0,18,0,0,0,0,0,0,2,1,1,1,35,6,-1,-1,-1,-1,1,-1
201506X099631,1,9,0,18,0,0,0,0,0,0,1,1,6,2,58,9,1995,2,3,-1,1,-1
201506X099631,2,9,0,4,0,0,0,0,0,0,2,1,6,2,25,5,998,1,6,-1,1,-1
201506X099643,1,19,0,18,0,0,0,0,0,0,1,1,1,1,30,6,1560,2,-1,-1,-1,-1
201506X099663,1,90,2,18,0,0,0,0,0,0,1,2,1,1,30,6,-1,-1,-1,-1,-1,-1
201506X099663,2,9,0,4,0,0,0,0,0,0,2,1,6,1,57,9,1339,1,9,-1,1,-1
201506X099782,1,9,0,18,0,0,0,0,0,0,1,1,6,2,18,4,1240,1,8,-1,1,-1
201506X099782,2,9,0,18,0,0,0,0,0,0,2,1,6,2,61,9,-1,-1,-1,-1,1,-1
201506X099782,3,9,0,18,0,0,0,0,0,0,1,1,6,2,17,4,998,1,9,-1,1,-1
201506X099782,4,9,0,18,0,0,0,0,0,0,2,1,6,1,59,9,1995,2,3,-1,3,-1
201506X099832,1,21,1,18,0,0,1,0,0,0,1,1,1,1,50,8,12419,2,4,-1,1,-1
201506X099832,2,9,0,18,0,0,1,0,0,0,2,1,6,1,41,7,1896,2,11,-1,1,-1
201506X099877,1,19,0,18,0,8,0,0,0,0,1,1,1,1,33,6,-1,-1,-1,-1,1,-1
201506X099877,2,9,0,18,0,8,0,0,0,0,2,1,2,1,36,7,1396,1,12,-1,1,-1
201506X099877,3,21,0,18,0,4,0,0,0,0,0,1,1,1,51,8,-1,-1,-1,-1,1,-1
201506X099900,1,9,0,18,0,0,0,0,0,0,1,1,6,1,41,7,1995,2,1,-1,3,-1
201506X099900,2,9,0,18,0,0,0,0,0,0,2,1,6,1,65,9,1395,1,1,-1,1,-1
201506X099957,1,19,0,12,0,0,0,0,0,0,2,1,6,3,-1,-1,-1,-1,-1,-1,-1,-1
201506X099957,2,9,0,18,0,0,1,7,0,0,1,1,6,2,21,5,1364,1,9,-1,1,-1
201506X099992,1,9,0,18,0,0,1,10,8,7,3,1,2,1,45,7,1368,1,1,-1,1,-1
201506X099992,2,21,1,18,0,0,0,0,0,0,4,1,1,1,53,8,12902,2,1,-1,1,-1
201506X099992,3,9,0,18,0,0,0,0,0,0,1,1,6,1,48,8,1968,2,2,-1,1,-1
201506XF02201,1,9,0,12,0,0,0,0,0,0,1,1,6,2,28,6,993,1,13,-1,1,-1
201506XF02201,2,21,0,11,0,0,0,0,0,0,4,1,6,1,48,8,-1,-1,-1,-1,1,-1
201506XF02201,3,9,0,18,0,0,0,0,0,0,1,1,6,1,69,10,999,1,14,-1,1,-1
201506XF08257,1,19,0,3,0,0,0,0,0,0,1,1,1,1,51,8,2148,2,9,-1,1,-1
201506XF08257,2,9,0,3,0,0,0,0,0,0,1,1,6,2,61,9,1329,1,6,-1,1,-1
201506XF08257,3,21,0,18,0,0,0,0,0,0,2,1,1,1,31,6,12900,2,5,-1,3,-1
201506XG10049,1,9,0,18,0,1,0,0,0,7,1,1,6,1,63,9,1461,2,2,-1,1,-1
201506XG10049,2,19,0,3,0,1,0,0,0,0,2,1,6,1,59,9,-1,-1,-1,-1,1,-1
201506XG10049,3,9,0,3,0,1,0,0,0,0,2,1,6,1,39,7,1997,2,11,-1,1,-1
201506XG99831,1,21,1,18,0,0,0,0,0,0,1,1,1,1,47,8,12777,2,2,-1,1,-1
201506XG99831,2,9,0,18,0,0,0,0,0,0,2,1,6,2,40,7,1753,2,9,-1,1,-1
201506XJ04650,1,9,0,18,0,0,1,0,4,6,1,1,6,2,35,6,1242,1,8,-1,1,-1
201506XJ04650,2,9,0,18,0,0,0,0,0,0,3,1,2,2,23,5,1000,1,15,-1,1,-1
201506XJ98204,1,20,0,18,0,1,0,0,0,0,2,1,1,1,40,7,-1,-1,-1,-1,-1,-1
201506XJ98204,2,9,0,7,0,1,0,0,0,0,1,1,1,2,29,6,1388,1,4,-1,1,-1
201506XJ99702,1,9,0,4,0,0,0,0,0,0,1,1,1,2,28,6,-1,-1,-1,-1,1,-1
201506XJ99702,2,19,0,3,0,0,0,0,0,0,1,1,1,1,41,7,2143,2,3,-1,1,-1
201506XJ99702,3,21,1,3,0,0,0,0,0,0,2,1,1,1,30,6,10837,2,5,-1,-1,-1
201506XJ99702,4,9,0,4,0,0,0,0,0,0,1,1,1,1,33,6,1560,2,4,-1,1,-1
201506XK01694,1,9,0,18,0,0,0,0,0,0,1,1,6,1,81,11,998,1,8,-1,1,-1
201506XK01694,2,9,0,4,0,0,0,0,0,0,2,1,2,1,56,9,-1,-1,-1,-1,1,-1
201506XK01694,3,9,0,4,0,0,0,0,0,0,2,1,6,1,57,9,1598,2,3,-1,1,-1
201506XK08233,1,9,0,18,0,0,0,0,0,0,1,1,1,1,34,6,-1,-1,-1,-1,1,-1
201506XK08233,2,9,0,4,0,0,0,0,0,0,2,1,1,1,51,8,1461,2,-1,-1,1,-1
201506XM01280,1,9,0,18,0,0,0,0,7,7,3,1,1,2,53,8,2143,2,1,-1,1,-1
201506XM01385,1,9,0,16,0,5,2,0,5,7,1,1,6,2,29,6,2143,2,3,-1,1,-1
201506XN96904,1,21,0,18,0,0,0,0,0,0,3,2,6,1,45,7,-1,-1,-1,-1,-1,-1
201506XN96904,2,9,0,18,0,0,0,0,0,0,4,1,6,1,33,6,998,1,12,-1,1,-1
201506XP06450,1,9,0,18,0,7,0,0,0,0,1,1,1,1,42,7,1560,2,-1,-1,-1,-1
201506XP06450,2,9,0,18,0,7,0,0,0,0,2,1,6,1,29,6,1229,1,2,-1,1,-1
201506XP06450,3,9,0,18,0,7,0,0,0,0,1,1,6,1,29,6,1560,2,3,-1,1,-1
201506XP06450,4,9,0,4,0,7,0,0,0,0,2,1,6,2,23,5,1968,2,6,-1,1,-1
201506XP08305,1,9,0,18,0,0,0,0,0,0,1,1,2,2,53,8,1587,1,12,-1,1,-1
201506XP08305,2,9,0,18,0,0,0,0,0,0,2,1,6,1,39,7,1997,2,10,-1,1,-1
201506XP96607,1,9,0,3,0,1,0,0,0,0,1,1,2,1,58,9,1360,1,14,-1,1,-1
201506XP96607,2,9,0,3,0,7,0,0,0,0,2,1,6,1,52,8,1840,1,17,-1,1,-1
201506XP96634,1,19,4,18,0,0,3,7,0,6,3,1,1,1,39,7,2198,2,8,-1,1,-1
201506XP96634,2,9,0,18,0,0,0,7,0,6,1,1,6,1,55,8,-1,-1,-1,-1,1,-1