Accident_Index,Vehicle_Reference,Vehicle_Type,Towing_and_Articulation,Vehicle_Manoeuvre,Vehicle_Location-Restricted_Lane,Junction_Location,Skidding_and_Overturning,Hit_Object_in_Carriageway,Vehicle_Leaving_Carriageway,Hit_Object_off_Carriageway,1st_Point_of_Impact,Was_Vehicle_Left_Hand_Drive?,Journey_Purpose_of_Driver,Sex_of_Driver,Age_of_Driver,Age_Band_of_Driver,Engine_Capacity_(CC),Propulsion_Code,Age_of_Vehicle,Driver_IMD_Decile,Driver_Home_Area_Type,Vehicle_IMD_Decile
201506XP96634,3,9,0,18,0,0,0,0,0,0,1,1,6,2,66,10,1248,1,3,-1,1,-1
201506XP98137,1,9,0,17,0,0,1,0,5,6,1,1,6,1,44,7,1598,1,7,-1,1,-1
201506XP98137,2,9,0,17,0,0,1,0,5,6,1,1,6,1,47,8,1246,1,9,-1,2,-1
201506XP98373,1,9,0,18,0,0,1,0,1,2,1,1,6,1,74,10,1896,2,14,-1,1,-1
201506XP98373,2,9,0,18,0,0,0,0,0,0,4,1,6,1,44,7,2000,2,6,-1,3,-1
201506XP98550,1,9,0,2,6,0,0,0,0,0,0,1,2,2,27,6,-1,-1,-1,-1,1,-1
201506XP98550,2,9,0,18,0,0,0,0,0,0,1,1,2,1,57,9,-1,-1,-1,-1,1,-1
201506XP98550,3,9,0,4,0,0,0,0,0,0,2,1,6,1,44,7,-1,-1,-1,-1,-1,-1
201506XP98729,1,9,0,18,0,0,1,0,2,7,1,1,6,2,28,6,1598,1,8,-1,-1,-1
2015075001380,1,9,0,9,0,8,1,0,1,2,4,1,6,1,41,7,2993,2,3,-1,3,-1
2015075001445,1,9,0,4,0,0,0,0,0,0,2,2,6,2,31,6,-1,-1,-1,-1,1,-1
2015075001445,2,9,0,4,0,0,0,0,0,0,0,2,6,2,53,8,1240,1,10,-1,1,-1
2015075001464,1,9,0,18,0,0,0,0,0,0,1,1,6,1,23,5,1598,2,1,-1,1,-1
2015075001464,2,9,0,18,0,0,0,0,0,0,2,1,6,1,64,9,1968,2,3,-1,1,-1
2015075001537,1,5,0,17,0,8,2,10,1,4,3,1,6,1,22,5,599,1,5,-1,1,-1
2015075001557,1,5,0,9,0,6,1,0,0,0,3,1,6,1,36,7,998,1,9,-1,1,-1
2015075001628,1,3,0,13,0,1,0,0,0,0,1,1,6,1,23,5,124,1,6,-1,1,-1
2015075001628,2,9,0,9,0,8,0,0,0,0,3,1,6,1,34,6,1910,2,6,-1,1,-1
2015075001998,1,9,0,1,0,0,0,0,0,0,0,1,6,2,57,9,1242,1,5,-1,1,-1
2015075002169,1,9,0,18,0,0,1,0,1,11,2,1,6,1,54,8,-1,-1,-1,-1,3,-1
2015075003085,1,19,0,18,0,8,0,0,0,0,1,1,6,1,53,8,1995,2,6,-1,1,-1
2015075003085,2,1,0,18,0,8,0,0,0,0,2,1,6,1,53,8,-1,-1,-1,-1,1,-1
2015075003124,1,19,0,18,0,0,1,0,0,0,1,1,6,1,36,7,2198,2,7,-1,1,-1
2015075003124,2,9,0,18,0,0,1,0,4,6,2,1,6,1,44,7,1388,1,10,-1,1,-1
2015075003124,3,9,0,18,0,0,1,0,0,0,2,1,6,1,51,8,-1,-1,-1,-1,1,-1
2015075003124,4,9,0,18,0,0,0,0,0,0,2,1,6,2,50,8,1368,1,6,-1,3,-1
2015075003128,1,9,0,18,0,0,1,0,0,0,1,1,6,1,22,5,1242,1,1,-1,1,-1
2015075003128,2,9,0,4,0,0,0,0,0,0,2,1,6,2,43,7,1461,2,6,-1,1,-1
2015075003128,3,9,0,4,0,0,0,0,0,0,2,1,6,1,22,5,1598,1,10,-1,1,-1
2015075003298,1,9,0,18,0,0,0,0,0,0,1,1,6,1,80,11,1968,2,9,-1,1,-1
2015075003298,2,9,0,18,0,0,0,0,1,0,1,1,6,1,18,4,-1,-1,-1,-1,3,-1
2015075003298,3,9,0,18,0,0,0,0,0,0,1,1,6,1,54,8,1986,2,6,-1,1,-1
2015075003656,1,11,0,5,0,1,0,0,0,0,1,1,1,2,55,8,-1,2,16,-1,1,-1
2015075003668,1,9,0,7,0,6,0,0,0,0,2,1,2,1,35,6,-1,-1,-1,-1,1,-1
2015075003668,2,1,0,18,4,1,5,0,0,0,2,1,2,1,49,8,-1,-1,-1,-1,1,-1
2015075003704,1,9,0,18,0,0,0,0,0,0,1,1,6,2,35,6,1299,1,7,-1,1,-1
2015075003704,2,9,0,18,0,0,0,0,0,0,2,1,6,1,55,8,1997,2,5,-1,1,-1
2015075003739,1,9,0,18,0,8,0,0,0,0,1,1,6,1,28,6,1598,1,8,-1,1,-1
2015075003739,2,9,0,10,0,8,0,0,0,0,2,1,6,2,40,7,1339,1,5,-1,1,-1
2015075003833,1,9,0,18,0,0,0,0,0,0,1,1,6,1,21,5,998,1,8,-1,2,-1
2015075004277,1,1,0,18,0,0,0,0,0,0,1,1,6,1,73,10,-1,-1,-1,-1,1,-1
2015075004277,2,9,0,2,0,0,0,0,0,0,2,1,6,1,35,6,1995,2,7,-1,1,-1
2015075004585,1,9,0,4,0,1,0,0,0,0,1,1,2,1,42,7,2191,2,2,-1,1,-1
2015075004585,2,9,0,4,0,1,0,0,0,0,2,1,2,2,35,6,1149,1,1,-1,1,-1
2015075004586,1,19,0,18,0,8,1,0,0,0,1,1,1,1,54,8,2198,2,3,-1,1,-1
2015075004633,1,9,0,18,0,8,0,0,0,0,2,1,1,1,46,8,996,1,6,-1,1,-1
2015075004633,2,9,0,18,0,8,1,0,0,0,1,1,1,1,37,7,1398,1,5,-1,1,-1
2015075004633,3,9,0,18,0,8,1,0,0,0,1,1,1,2,36,7,1968,2,5,-1,1,-1
2015075004633,4,9,0,18,0,8,1,0,0,0,1,1,1,1,24,5,1461,2,1,-1,1,-1
2015075004633,5,9,0,18,0,8,1,0,0,0,1,1,1,1,54,8,1995,2,2,-1,1,-1
2015075004633,6,9,0,18,0,8,1,0,0,0,2,1,1,2,37,7,1956,2,1,-1,1,-1
2015075004633,7,9,0,18,0,8,1,0,0,0,1,1,1,1,23,5,-1,-1,-1,-1,1,-1
2015075004633,8,9,0,18,0,8,1,0,0,0,1,1,1,1,28,6,1598,2,3,-1,1,-1
2015075004660,1,9,0,9,0,1,0,0,0,0,1,1,6,2,60,9,-1,-1,-1,-1,1,-1
2015075004660,2,9,0,18,0,1,0,0,1,0,1,1,6,2,80,11,1995,2,-1,-1,3,-1
2015075004685,1,9,0,9,0,8,0,0,0,0,1,1,6,2,80,11,1199,1,11,-1,3,-1
2015075004685,2,9,0,18,0,8,0,0,0,0,3,1,6,2,67,10,1686,2,4,-1,1,-1
2015075004740,1,9,0,18,0,4,0,0,0,0,1,1,6,1,-1,-1,1598,1,10,-1,2,-1
2015075004740,2,9,0,18,0,8,0,0,0,0,4,1,6,2,43,7,1461,2,2,-1,1,-1
2015075004791,1,20,0,9,0,8,0,0,0,0,4,1,1,1,47,8,4485,2,1,-1,1,-1
2015075004791,2,9,0,18,0,8,0,0,0,0,1,1,6,1,64,9,-1,-1,-1,-1,3,-1
2015075005082,1,3,0,18,0,1,0,0,0,0,1,1,6,1,20,4,-1,-1,-1,-1,1,-1
2015075005082,2,9,0,10,0,1,0,0,0,0,3,1,6,1,-1,-1,-1,-1,-1,-1,-1,-1
2015075005103,1,9,0,9,0,2,0,0,0,0,1,1,6,2,66,10,1242,1,1,-1,1,-1
2015075005103,2,9,0,18,0,1,0,0,0,0,4,1,6,1,23,5,1560,2,10,-1,1,-1
2015075005244,1,11,0,18,0,8,0,0,0,0,3,1,1,2,-1,-1,7300,2,6,-1,1,-1
2015075005244,2,9,0,18,0,8,0,0,0,0,4,1,2,2,26,6,1149,1,1,-1,1,-1
2015075005332,1,9,0,4,0,1,1,0,0,0,1,1,6,1,54,8,1149,1,14,-1,1,-1
2015075005332,2,9,0,4,0,1,0,0,0,0,2,1,6,2,-1,-1,1397,1,14,-1,1,-1
2015075005468,1,9,0,9,0,6,0,0,0,0,3,1,2,2,47,8,2179,2,2,-1,2,-1
2015075005468,2,3,0,18,0,8,0,0,0,0,1,1,2,1,34,6,125,1,1,-1,1,-1
2015075005970,1,9,0,14,0,0,0,0,0,0,1,2,6,1,72,10,1242,1,13,-1,1,-1
2015075005970,2,9,0,2,0,0,0,0,0,10,2,2,3,2,36,7,1796,1,3,-1,1,-1
2015075005995,1,9,0,5,0,1,0,0,0,0,1,1,1,2,57,9,1753,2,6,-1,1,-1
2015075005995,2,9,0,3,0,1,0,0,0,0,2,1,6,1,57,9,1491,1,35,-1,1,-1
2015075006989,1,9,0,18,0,4,0,0,0,0,1,1,6,2,52,8,1349,1,6,-1,3,-1
2015075006989,2,9,0,4,0,4,0,0,0,0,2,1,6,1,60,9,1086,1,11,-1,1,-1
2015075007052,1,9,0,18,0,2,0,0,0,0,1,1,6,1,87,11,1299,1,9,-1,-1,-1
2015075007242,1,9,0,18,0,8,1,0,8,11,1,1,6,2,29,6,1910,2,9,-1,1,-1
2015075007242,2,9,0,2,9,1,0,0,0,0,0,1,6,3,-1,-1,2231,2,8,-1,-1,-1
2015075007242,3,9,0,2,9,1,0,0,0,0,0,1,6,3,-1,-1,1968,2,1,-1,-1,-1
2015075007309,1,19,0,9,0,2,0,0,0,0,1,1,2,1,36,7,1598,2,1,-1,1,-1
2015075007309,2,3,0,18,0,2,0,0,0,0,1,1,2,1,58,9,-1,-1,-1,-1,1,-1
2015075007340,1,9,0,18,0,0,0,0,0,0,1,1,1,1,63,9,1896,2,12,-1,1,-1
2015075007444,1,21,1,18,0,0,0,0,0,0,4,1,1,1,63,9,12419,2,1,-1,1,-1
2015075007444,2,9,0,15,0,0,0,0,0,1,3,1,6,2,48,8,-1,-1,-1,-1,1,-1
2015075007731,1,9,0,18,0,8,1,0,2,11,1,1,6,2,53,8,-1,-1,-1,-1,1,-1
2015075007787,1,9,0,18,0,8,0,0,0,0,1,1,2,2,26,6,1386,1,9,-1,2,-1
2015075007901,1,9,0,7,0,3,0,0,0,0,4,1,2,1,70,10,1839,1,12,-1,1,-1
2015075007901,2,9,0,7,0,3,0,0,0,0,3,1,2,2,58,9,1598,1,12,-1,1,-1
2015075007956,1,9,0,9,0,8,0,0,0,0,1,1,6,1,32,6,1396,1,14,-1,1,-1
2015075007956,2,9,0,18,0,8,0,0,0,0,3,1,6,1,43,7,1390,1,10,-1,1,-1
2015075008126,1,5,0,16,0,0,0,0,0,0,3,1,2,1,53,8,1157,1,10,-1,1,-1
2015075008395,1,9,0,18,0,0,0,11,5,6,2,1,6,1,53,8,-1,-1,-1,-1,1,-1
2015075008395,2,21,1,18,0,0,0,0,0,0,1,1,1,1,54,8,12777,2,7,-1,1,-1
2015075008395,3,9,0,18,0,0,0,0,5,6,4,1,2,1,35,6,1596,1,14,-1,1,-1
2015075008430,1,9,0,18,0,0,1,0,2,7,3,1,2,1,44,7,3999,1,2,-1,-1,-1
2015075008430,2,9,0,18,0,0,0,0,2,7,0,1,2,1,28,6,1560,2,5,-1,1,-1
2015075008436,1,21,1,16,0,0,1,0,0,0,4,1,1,1,69,10,12777,2,4,-1,2,-1
2015075008436,2,9,0,18,0,0,0,0,0,0,3,1,6,2,42,7,1398,2,3,-1,1,-1
2015075008614,1,9,0,4,0,0,0,0,0,0,4,1,6,2,-1,-1,-1,-1,-1,-1,-1,-1
2015075008614,2,1,0,18,0,0,0,0,0,0,3,1,6,1,6,2,-1,-1,-1,-1,1,-1
2015075008743,1,5,0,18,0,0,0,11,0,0,4,1,6,1,58,9,1170,1,9,-1,1,-1
2015075009062,1,21,1,13,0,0,0,0,0,0,0,1,6,3,-1,-1,-1,-1,-1,-1,-1,-1
2015075009062,2,1,0,18,0,0,0,0,0,0,0,1,6,1,31,6,-1,-1,-1,-1,2,-1
2015075009700,1,9,0,16,0,0,0,0,0,0,1,1,6,2,75,10,1242,1,4,-1,1,-1
2015075009700,2,9,0,18,0,0,0,0,0,0,1,1,6,1,77,11,2198,1,11,-1,2,-1
2015075009830,1,9,0,16,0,0,1,0,7,9,1,1,6,1,24,5,1399,2,12,-1,1,-1
2015075009972,1,9,0,17,0,1,2,0,7,11,1,1,6,2,22,5,-1,-1,-1,-1,1,-1
2015075010142,1,9,0,18,0,0,0,0,0,0,4,1,2,2,38,7,1995,2,1,-1,1,-1
2015075010142,2,9,0,2,0,0,0,0,0,0,0,1,1,1,43,7,1598,2,1,-1,1,-1
2015075010308,1,9,0,18,0,0,1,0,1,11,3,1,6,1,20,4,-1,-1,-1,-1,2,-1
2015075010364,1,11,0,9,0,8,0,0,0,0,3,1,1,1,38,7,-1,-1,-1,-1,1,-1
2015075010364,2,9,0,18,0,8,0,0,0,0,1,1,6,1,17,4,-1,-1,-1,-1,3,-1
2015075010381,1,21,1,16,0,3,5,0,4,6,3,1,1,1,34,6,11967,2,11,-1,1,-1
2015075010491,1,9,0,17,0,0,0,0,0,0,3,1,6,2,85,11,-1,-1,-1,-1,2,-1
2015075010491,2,21,1,16,0,0,0,0,1,1,3,2,1,1,34,6,-1,-1,-1,-1,-1,-1
2015075010770,1,9,0,14,0,1,0,4,0,0,1,1,6,1,82,11,-1,-1,-1,-1,1,-1
2015075010770,2,9,0,2,0,1,0,0,0,0,1,1,6,2,68,10,1400,1,9,-1,1,-1
2015075011356,1,9,0,18,9,0,0,4,0,0,3,1,6,1,21,5,1596,1,14,-1,2,-1
2015075011356,2,9,0,2,0,0,0,0,0,0,4,1,6,3,-1,-1,1598,1,9,-1,-1,-1
2015075011356,3,9,0,2,0,0,0,0,0,0,4,1,6,3,-1,-1,1997,2,8,-1,-1,-1
2015075011356,4,9,0,2,0,0,0,0,0,0,4,1,6,3,-1,-1,1896,2,12,-1,-1,-1
2015075011356,5,9,0,4,9,0,0,0,0,0,3,1,1,1,-1,-1,2993,2,5,-1,-1,-1
2015075011411,1,9,0,4,0,1,0,0,0,0,2,1,2,2,-1,-1,1995,2,1,-1,-1,-1
2015075011411,2,9,0,4,0,1,0,0,0,0,1,1,6,2,21,5,1149,1,10,-1,1,-1
2015075011444,1,11,0,13,0,0,0,0,0,0,1,1,1,1,57,9,7300,2,9,-1,1,-1
2015075011444,2,1,0,18,0,0,0,0,1,1,2,1,2,1,58,9,-1,-1,-1,-1,1,-1
2015075011450,1,9,0,3,0,1,0,0,0,0,2,1,2,2,39,7,1198,1,2,-1,-1,-1
2015075011450,2,9,0,3,0,1,0,0,0,0,2,1,2,1,33,6,2179,2,4,-1,-1,-1
2015075011450,3,9,0,18,0,1,0,0,0,0,2,1,2,1,17,4,-1,-1,-1,-1,-1,-1
2015075011501,1,9,0,18,0,1,1,0,0,0,1,1,2,1,25,5,1598,1,5,-1,1,-1
2015075011501,2,9,0,18,0,1,0,0,0,0,2,1,1,1,37,7,1995,2,2,-1,1,-1
2015075011575,1,4,0,18,0,2,0,0,4,0,3,1,2,1,23,5,499,1,13,-1,1,-1
2015075011575,2,9,0,18,0,2,0,0,0,0,0,1,2,1,35,6,1781,1,14,-1,1,-1
2015075011631,1,9,0,16,0,8,0,0,0,0,1,1,2,1,52,8,-1,-1,-1,-1,1,-1
2015075011631,2,9,0,16,0,8,1,0,0,0,2,1,2,1,46,8,1968,2,1,-1,1,-1
2015075011806,1,9,0,7,0,6,1,0,7,2,3,1,2,1,21,5,1198,1,10,-1,1,-1
2015075012013,1,21,1,11,0,0,0,0,0,0,4,1,1,1,57,9,12777,2,8,-1,1,-1
2015075012013,2,19,0,18,0,0,1,7,0,0,3,1,2,1,30,6,-1,-1,-1,-1,1,-1
2015075012013,3,9,0,18,0,0,1,0,0,0,3,1,2,1,45,7,1596,1,7,-1,1,-1
2015075012187,1,9,0,18,0,0,0,0,0,0,1,1,6,2,-1,-1,-1,-1,-1,-1,-1,-1
2015075012420,1,9,0,9,0,6,0,0,0,0,3,1,6,2,42,7,-1,-1,-1,-1,1,-1
2015075012420,2,19,0,18,0,1,0,0,0,0,2,1,6,1,61,9,1560,2,6,-1,1,-1
2015075012420,3,21,1,18,0,1,0,0,0,0,0,1,1,1,38,7,10837,2,3,-1,1,-1
2015075012446,1,9,0,18,0,0,0,0,0,0,0,1,6,2,69,10,1497,1,10,-1,3,-1
2015075012446,2,4,0,18,0,0,0,0,0,0,0,1,6,1,55,8,883,1,13,-1,1,-1
2015075012576,1,9,0,18,0,0,0,0,0,0,1,1,1,1,25,5,-1,-1,-1,-1,1,-1
2015075012576,2,19,0,3,0,0,0,0,0,0,2,1,6,1,64,9,-1,-1,-1,-1,1,-1
2015075012608,1,9,0,2,0,0,0,0,0,0,3,1,6,1,68,10,-1,-1,-1,-1,1,-1
2015075012608,2,1,0,18,0,0,0,0,0,0,1,1,6,1,24,5,-1,-1,-1,-1,2,-1
2015075012773,1,9,0,18,0,0,0,0,0,0,1,1,6,1,56,9,1229,1,9,-1,1,-1
2015075012881,1,1,0,18,0,0,2,0,0,0,1,1,6,1,36,7,-1,-1,-1,-1,1,-1
2015075012881,2,9,0,2,0,0,0,0,0,0,2,1,6,3,-1,-1,1998,1,16,-1,-1,-1
2015075013035,1,19,0,18,0,0,0,0,0,0,2,1,1,1,38,7,2198,2,1,-1,1,-1
2015075013035,2,19,0,18,0,0,0,0,0,0,1,1,1,1,39,7,2198,2,1,-1,-1,-1
2015075013083,1,9,0,4,0,1,0,0,0,0,1,1,6,1,38,7,1956,2,1,-1,-1,-1
2015075013083,2,9,0,4,0,1,0,0,0,0,2,1,6,2,65,9,1400,1,15,-1,-1,-1
2015075013083,3,9,0,10,0,1,0,0,0,0,2,1,6,2,58,9,1339,1,5,-1,1,-1
2015075013135,1,19,0,3,0,2,0,0,0,0,2,1,1,1,55,8,2402,2,9,-1,2,-1
2015075013280,1,1,0,18,0,2,0,0,0,0,1,1,6,1,52,8,-1,-1,-1,-1,1,-1
2015075013280,2,9,0,2,0,2,0,0,0,0,2,1,6,2,67,10,-1,-1,-1,-1,1,-1
2015075013406,1,19,0,13,0,0,0,0,7,0,0,1,1,2,42,7,1995,2,2,-1,1,-1
2015075013406,2,9,0,18,6,0,1,4,1,0,1,1,2,1,78,11,2500,6,17,-1,3,-1
2015075013406,3,19,0,2,6,0,0,0,0,0,2,1,1,1,-1,-1,2148,2,7,-1,-1,-1
2015075013564,1,9,0,18,0,8,0,0,0,0,1,1,6,1,44,7,998,1,4,-1,1,-1
2015075013595,1,9,0,18,0,0,1,0,0,0,1,1,2,1,48,8,1598,1,3,-1,3,-1
2015075013595,2,9,0,18,0,0,0,0,0,7,2,1,2,1,42,7,1598,2,3,-1,1,-1
2015075013595,3,9,0,18,0,0,0,0,0,0,1,1,2,2,48,8,1699,1,8,-1,1,-1
2015075013595,4,9,0,18,0,0,0,0,0,0,2,1,2,1,38,7,1686,2,1,-1,1,-1
2015075013595,5,21,1,18,0,0,0,0,0,0,3,1,1,1,46,8,12902,2,2,-1,-1,-1
2015075013982,1,2,0,4,0,1,1,0,0,0,0,1,6,1,18,4,124,1,21,-1,1,-1
2015075014112,1,9,0,18,0,0,0,0,0,0,1,1,1,1,60,9,2494,2,12,-1,3,-1
2015075014112,2,19,0,3,0,0,0,0,0,0,2,1,1,1,52,8,2143,2,1,-1,-1,-1
2015075014231,1,9,0,18,0,0,1,0,1,4,2,1,6,2,37,7,-1,-1,-1,-1,1,-1
2015075014418,1,9,0,1,9,6,0,0,0,0,2,1,2,1,23,5,1796,1,8,-1,1,-1
2015075014462,1,19,0,12,0,0,1,0,0,0,3,1,1,1,66,10,2402,2,4,-1,-1,-1
2015075014462,2,19,0,18,0,0,1,0,0,0,1,1,1,1,67,10,1998,2,11,-1,1,-1
2015075014462,3,9,0,18,0,0,1,0,1,11,3,1,2,1,42,7,-1,-1,-1,-1,2,-1
2015075014534,1,19,0,18,0,0,0,0,0,0,1,1,1,1,46,8,1998,2,13,-1,1,-1
2015075014534,2,9,0,4,0,0,0,0,0,0,2,1,1,1,43,7,1968,2,3,-1,2,-1
2015075014534,3,9,0,4,0,0,0,0,0,0,2,1,6,1,38,7,-1,-1,-1,-1,1,-1
2015075014841,1,9,0,17,0,0,2,0,2,10,1,1,6,1,20,4,1400,1,15,-1,1,-1
2015075015111,1,9,0,7,0,5,1,0,1,4,1,1,6,1,52,8,1598,1,14,-1,1,-1
2015075015126,1,9,0,9,0,1,0,0,7,10,3,1,6,2,58,9,2967,2,8,-1,1,-1
2015075015126,2,19,0,18,0,1,0,0,0,0,0,1,1,1,38,7,2198,2,6,-1,-1,-1
2015075015131,1,9,0,17,0,0,1,0,1,2,0,1,2,1,28,6,-1,-1,-1,-1,1,-1
2015075015131,2,9,0,16,0,0,0,0,0,0,0,1,6,1,23,5,1968,2,11,-1,1,-1
2015075015260,1,9,0,13,0,0,0,7,0,0,4,1,6,3,43,7,-1,-1,-1,-1,1,-1
2015075015260,2,9,0,18,0,0,0,0,0,0,3,1,6,2,49,8,-1,-1,-1,-1,3,-1
2015075015278,1,9,0,18,0,8,0,0,1,10,3,1,6,1,28,6,-1,-1,-1,-1,1,-1
2015075015278,2,9,0,18,0,8,0,0,0,0,1,1,6,1,52,8,-1,-1,-1,-1,1,-1
2015075015376,1,19,0,3,0,0,0,0,0,0,2,1,6,1,43,7,2287,2,3,-1,1,-1
2015075015376,2,9,0,3,0,0,0,0,0,0,2,1,6,1,38,7,2000,1,9,-1,1,-1
2015075015376,3,9,0,12,0,0,0,0,0,0,2,1,6,1,40,7,-1,-1,-1,-1,1,-1
2015075015376,4,9,0,18,0,0,1,0,0,0,1,1,6,2,43,7,1560,2,1,-1,1,-1
2015075015378,1,9,0,18,0,1,0,0,0,0,1,1,6,1,-1,-1,-1,-1,-1,-1,-1,-1
2015075015378,2,9,0,4,0,1,0,0,0,0,2,1,6,1,33,6,1956,2,2,-1,1,-1
2015075015629,1,9,0,9,0,6,0,0,0,0,4,1,6,2,61,9,2179,2,3,-1,1,-1
2015075015629,2,3,0,17,0,8,0,0,0,0,2,1,6,2,19,4,124,1,13,-1,1,-1
2015075016024,1,9,0,4,0,6,1,0,0,0,1,1,1,1,35,6,1998,2,6,-1,1,-1
2015075016024,2,9,0,18,0,8,0,0,0,0,4,1,6,1,70,10,-1,-1,-1,-1,1,-1
2015075016040,1,9,0,17,0,0,2,0,1,0,1,1,6,2,36,7,-1,-1,-1,-1,1,-1
2015075016046,1,9,0,17,0,0,1,0,7,11,1,1,6,1,33,6,1596,1,11,-1,1,-1
2015075016297,1,9,0,3,0,1,0,0,0,0,1,1,6,1,83,11,1150,1,7,-1,2,-1
2015075016297,2,9,0,3,0,1,0,0,0,0,2,1,6,2,49,8,1242,1,8,-1,1,-1
2015075016297,3,9,0,4,0,1,0,0,0,0,2,1,6,1,62,9,1149,1,2,-1,1,-1
2015075016426,1,9,0,16,0,0,1,0,0,0,4,1,6,1,22,5,1997,1,12,-1,1,-1
2015075016426,2,9,0,18,0,0,0,0,0,0,1,1,6,1,78,11,1968,2,1,-1,1,-1
2015075016475,1,3,0,18,0,8,1,0,0,0,0,1,6,1,36,7,125,1,9,-1,1,-1
2015075016492,1,9,0,5,9,6,0,0,0,0,4,1,6,1,-1,-1,-1,-1,-1,-1,-1,-1
2015075016771,1,9,0,9,0,5,0,0,0,0,1,1,6,1,77,11,1598,2,4,-1,1,-1
2015075016771,2,9,0,18,0,8,0,0,0,0,1,1,6,1,47,8,-1,-1,-1,-1,1,-1
2015075016799,1,9,0,9,0,6,0,0,0,0,3,1,1,1,48,8,-1,-1,-1,-1,1,-1
2015075016799,2,5,0,18,0,1,0,0,0,0,1,1,2,1,46,8,883,1,6,-1,1,-1
2015075016901,1,9,0,7,0,1,0,0,0,0,1,1,2,1,43,7,1794,1,10,-1,1,-1
2015075016901,2,1,0,18,0,8,0,0,0,0,4,1,2,1,49,8,-1,-1,-1,-1,-1,-1
2015075016916,1,19,0,9,0,6,0,0,0,0,3,1,1,1,57,9,1686,2,12,-1,1,-1
2015075016916,2,19,0,18,0,8,0,0,0,0,1,1,1,2,30,6,1598,2,2,-1,1,-1
2015075017008,1,1,0,18,0,0,0,0,0,0,1,1,6,1,31,6,-1,-1,-1,-1,1,-1
2015075017008,2,9,0,18,0,0,0,0,0,0,3,1,6,1,68,10,1388,1,1,-1,1,-1
2015075017199,1,8,0,18,0,0,0,0,0,0,1,1,1,1,51,8,-1,-1,-1,-1,1,-1
2015075017199,2,9,0,4,0,0,0,0,0,0,2,1,1,1,56,9,-1,-1,-1,-1,-1,-1
2015075017199,3,9,0,4,0,0,0,0,0,0,2,1,2,1,54,8,-1,-1,-1,-1,1,-1
2015075017216,1,9,0,15,0,0,5,0,1,4,3,1,1,1,52,8,1248,2,6,-1,1,-1
2015075017216,2,9,0,16,0,0,0,0,0,0,4,1,6,1,44,7,3999,1,5,-1,3,-1
2015075017388,1,9,0,9,0,6,0,0,0,0,3,1,1,1,64,9,1499,2,1,-1,2,-1
2015075017388,2,5,0,18,0,1,0,0,7,11,1,1,6,1,20,4,600,1,21,-1,3,-1
2015075017709,1,9,0,5,0,4,0,0,0,0,1,1,2,1,48,8,1796,1,2,-1,1,-1
2015075017709,2,1,0,18,0,3,0,0,0,0,4,1,2,1,45,7,-1,-1,-1,-1,1,-1
2015075017754,1,9,0,10,0,1,0,0,0,0,1,1,3,2,30,6,1997,1,12,-1,1,-1
2015075017754,2,9,0,18,0,1,0,0,0,0,1,1,3,1,21,5,1668,1,13,-1,2,-1
2015075017889,1,98,0,18,0,1,0,0,0,0,4,1,1,1,52,8,-1,-1,-1,-1,1,-1
2015075017934,1,11,0,9,0,8,0,0,0,0,3,1,1,1,62,9,8270,2,20,-1,1,-1
2015075017934,2,9,0,3,0,2,0,0,0,0,3,1,3,1,38,7,1796,1,12,-1,1,-1
2015075017941,1,9,0,15,0,0,2,4,0,0,1,1,6,2,70,10,-1,-1,-1,-1,3,-1
2015075017941,2,9,0,2,0,0,0,0,0,0,1,1,1,2,-1,-1,1198,1,4,-1,1,-1
2015075017953,1,9,0,10,0,5,0,0,0,0,4,1,6,1,74,10,-1,-1,-1,-1,1,-1
2015075017953,2,9,0,18,0,1,0,0,0,0,1,1,6,2,45,7,1686,2,2,-1,1,-1
2015075017959,1,9,0,18,0,1,0,0,0,0,1,1,6,2,36,7,1360,1,10,-1,1,-1
2015075017959,2,9,0,10,0,1,0,0,0,0,2,1,6,1,72,10,1461,2,3,-1,1,-1
2015075018191,1,9,0,14,0,0,0,0,0,0,1,2,6,2,40,7,1896,2,11,-1,1,-1
2015075018191,2,9,0,3,0,0,0,0,0,0,3,2,6,1,35,6,998,1,5,-1,1,-1
2015075018268,1,9,0,18,0,0,0,0,0,0,1,1,2,2,18,4,-1,-1,-1,-1,1,-1
2015075018313,1,9,0,3,0,4,0,0,0,0,0,1,6,3,-1,-1,1797,8,3,-1,1,-1
2015075018313,2,11,0,3,0,4,0,0,0,0,0,1,1,1,-1,-1,-1,-1,-1,-1,-1,-1
2015075018467,1,9,0,18,0,0,0,0,7,4,1,1,6,1,36,7,1360,1,19,-1,1,-1
2015075018655,1,20,0,18,0,1,0,0,2,10,1,2,1,1,35,6,-1,-1,-1,-1,1,-1
2015075018655,2,9,0,9,0,1,0,0,0,0,2,1,3,2,52,8,2143,2,1,-1,1,-1
2015075018671,1,9,0,18,0,0,1,0,0,0,1,1,2,1,32,6,1587,1,17,-1,1,-1
2015075018671,2,9,0,18,0,0,1,0,0,0,1,1,6,1,24,5,-1,-1,-1,-1,1,-1
2015075018671,3,19,0,18,0,0,0,0,0,0,2,1,1,1,47,8,-1,-1,-1,-1,1,-1