Accident_Index,Vehicle_Reference,Vehicle_Type,Towing_and_Articulation,Vehicle_Manoeuvre,Vehicle_Location-Restricted_Lane,Junction_Location,Skidding_and_Overturning,Hit_Object_in_Carriageway,Vehicle_Leaving_Carriageway,Hit_Object_off_Carriageway,1st_Point_of_Impact,Was_Vehicle_Left_Hand_Drive?,Journey_Purpose_of_Driver,Sex_of_Driver,Age_of_Driver,Age_Band_of_Driver,Engine_Capacity_(CC),Propulsion_Code,Age_of_Vehicle,Driver_IMD_Decile,Driver_Home_Area_Type,Vehicle_IMD_Decile
2015075040191,1,9,0,18,0,6,0,0,0,0,3,1,6,1,82,11,4196,1,12,-1,1,-1
2015075040191,2,11,0,18,0,1,1,0,0,0,1,1,1,1,56,9,9600,2,20,-1,1,-1
2015075040842,1,9,0,18,0,2,0,0,0,0,1,1,1,1,52,8,-1,-1,-1,-1,1,-1
2015075040842,2,9,0,2,0,2,0,0,0,0,2,1,2,1,61,9,1149,1,4,-1,2,-1
2015075040978,1,9,0,1,9,0,0,0,0,0,2,1,6,1,72,10,1590,1,12,-1,3,-1
2015075041004,1,20,0,18,0,1,0,4,0,0,1,1,6,1,74,10,-1,-1,-1,-1,1,-1
2015075041356,1,9,0,9,0,8,0,0,0,0,4,1,6,2,47,8,-1,-1,-1,-1,1,-1
2015075041356,2,2,0,18,0,1,0,0,0,0,1,1,6,1,16,4,50,1,10,-1,1,-1
2015075041377,1,9,0,9,0,8,0,0,0,0,1,1,6,2,39,7,1753,2,13,-1,1,-1
2015075041377,2,9,0,18,0,8,0,0,0,0,1,1,6,1,23,5,-1,-1,-1,-1,-1,-1
2015075041456,1,9,0,16,0,2,0,0,7,4,1,1,6,1,52,8,-1,-1,-1,-1,1,-1
2015075041591,1,9,0,5,0,0,0,0,0,0,4,1,6,1,-1,-1,3222,2,12,-1,-1,-1
2015075042162,1,9,0,18,0,0,1,0,1,11,1,1,2,1,46,8,1386,1,5,-1,1,-1
2015075042162,2,9,0,10,0,0,0,0,0,0,0,1,2,2,20,4,1149,1,6,-1,3,-1
2015075042167,1,9,0,9,0,8,0,0,0,0,4,1,6,1,50,8,1995,2,3,-1,1,-1
2015075042167,2,9,0,18,0,1,0,0,0,0,1,1,6,2,26,6,1360,1,15,-1,2,-1
2015075042558,1,9,0,6,0,0,0,0,0,0,3,1,6,1,62,9,1997,2,2,-1,1,-1
2015075042558,2,3,0,18,0,0,0,0,0,0,1,1,6,1,17,4,-1,-1,-1,-1,1,-1
2015075042669,1,9,0,16,6,0,2,10,7,11,4,1,6,1,25,5,1242,1,9,-1,1,-1
2015075042870,1,9,0,1,0,0,0,11,7,11,2,1,6,2,81,11,998,1,6,-1,1,-1
2015075042943,1,9,0,18,0,0,0,0,0,0,1,1,6,2,30,6,-1,-1,-1,-1,1,-1
2015075043066,1,9,0,4,0,0,0,0,0,0,2,2,6,2,32,6,1910,2,8,-1,1,-1
2015075043066,2,9,0,4,0,0,0,0,0,0,1,2,6,2,31,6,1598,1,11,-1,1,-1
2015075043069,1,9,0,4,0,1,1,4,0,0,2,1,6,1,27,6,1800,1,17,-1,3,-1
2015075043069,2,9,0,2,0,1,0,4,0,0,1,1,6,1,42,7,1997,2,11,-1,1,-1
2015075043069,3,9,0,2,0,1,0,0,0,0,2,1,1,1,43,7,-1,-1,-1,-1,1,-1
2015075043128,1,19,0,4,0,1,1,0,0,0,1,1,1,1,38,7,2198,2,1,-1,3,-1
2015075043128,2,9,0,3,0,1,0,0,0,0,2,1,6,1,42,7,1598,2,1,-1,1,-1
2015075043128,3,9,0,3,0,1,0,0,0,0,2,1,6,2,56,9,1242,1,1,-1,1,-1
2015075043644,1,9,0,18,0,0,5,0,0,0,1,1,6,1,19,4,1149,1,11,-1,2,-1
2015075043691,1,9,0,17,0,1,0,0,2,7,4,1,6,1,36,7,2143,2,5,-1,1,-1
2015075044245,1,9,0,18,0,0,2,10,1,11,4,1,6,1,41,7,1993,1,-1,-1,-1,-1
2015075044841,1,9,0,9,0,5,0,0,0,0,4,1,6,2,41,7,1596,1,11,-1,3,-1
2015075044841,2,19,0,5,0,8,0,0,0,0,1,1,1,1,42,7,1248,2,7,-1,1,-1
2015075044843,1,19,0,4,0,1,0,0,0,0,1,1,1,1,64,9,2148,2,8,-1,1,-1
2015075044843,2,9,0,3,0,1,0,0,0,0,2,1,6,1,55,8,2179,2,8,-1,3,-1
2015075044843,3,9,0,3,0,1,0,0,0,0,2,1,1,2,39,7,2494,8,-1,-1,3,-1
2015075045102,1,8,0,5,0,1,0,0,0,0,0,1,1,1,57,9,2685,2,12,-1,1,-1
2015075045132,1,9,0,18,9,2,0,0,3,10,1,1,6,2,82,11,-1,-1,-1,-1,1,-1
2015075045485,1,9,0,9,0,6,0,0,0,0,3,1,2,1,19,4,1199,1,12,-1,1,-1
2015075045485,2,9,0,18,0,1,0,0,0,0,1,1,2,1,23,5,1388,1,12,-1,1,-1
2015075045531,1,9,0,16,0,0,1,0,1,11,1,1,2,1,35,6,-1,-1,-1,-1,1,-1
2015075045531,2,21,1,18,0,0,1,0,7,7,1,1,1,1,60,9,12740,2,3,-1,1,-1
2015075045663,1,9,0,1,0,1,0,0,0,0,2,1,2,2,42,7,2401,2,11,-1,1,-1
2015075045823,1,9,0,3,0,4,0,0,0,0,1,1,6,2,-1,-1,-1,-1,-1,-1,-1,-1
2015075045823,2,9,0,3,0,4,0,0,0,0,2,1,6,2,21,5,1598,1,9,-1,1,-1
2015075045907,1,9,0,18,0,0,1,0,5,7,1,1,6,1,20,4,-1,-1,-1,-1,1,-1
2015075045907,2,19,0,18,0,0,0,0,1,0,2,1,1,1,44,7,1968,2,3,-1,1,-1
2015075046270,1,9,0,10,0,6,0,0,0,0,1,1,6,1,46,8,-1,-1,-1,-1,1,-1
2015075046270,2,9,0,18,0,8,0,0,0,0,4,1,6,1,57,9,-1,-1,-1,-1,2,-1
2015075046754,1,9,0,16,0,2,1,0,7,9,4,1,1,1,20,4,1368,1,5,-1,1,-1
2015075046754,2,9,0,17,0,1,0,0,0,0,1,1,1,1,56,9,-1,-1,-1,-1,1,-1
2015075046796,1,9,0,4,0,0,0,0,0,0,2,1,1,1,36,7,1968,2,2,-1,1,-1
2015075046796,2,9,0,4,0,0,0,0,0,0,1,1,6,1,24,5,1796,2,1,-1,3,-1
2015075046834,1,9,0,15,0,0,0,0,0,0,4,1,6,2,33,6,1796,1,15,-1,1,-1
2015075046847,1,9,0,9,0,4,0,0,0,0,1,1,1,1,50,8,2231,2,6,-1,1,-1
2015075046847,2,1,0,9,0,8,0,0,0,0,2,1,6,1,43,7,-1,-1,-1,-1,1,-1
2015075047347,1,2,0,9,0,1,0,0,0,0,4,1,6,1,17,4,49,1,3,-1,1,-1
2015075047347,2,19,0,17,0,1,0,0,0,0,1,1,6,1,49,8,2148,2,14,-1,1,-1
2015075047730,1,9,0,16,0,0,1,0,2,4,2,1,2,2,24,5,-1,-1,-1,-1,1,-1
2015075047730,2,9,0,4,0,0,0,0,0,0,2,1,2,1,50,8,1560,2,2,-1,1,-1
2015075047730,3,9,0,4,0,0,0,0,0,0,1,1,2,1,37,7,1796,1,6,-1,1,-1
2015075047843,1,9,0,4,0,2,0,0,0,0,1,1,6,2,22,5,1598,1,13,-1,1,-1
2015075047843,2,9,0,3,0,2,0,0,0,0,2,1,6,2,34,6,1499,2,-1,-1,1,-1
2015075047843,3,9,0,3,0,2,0,0,0,0,2,1,6,1,64,9,2993,2,8,-1,3,-1
2015075047849,1,19,0,4,0,1,0,0,0,0,2,1,1,1,26,6,1560,2,3,-1,1,-1
2015075047849,2,9,0,4,0,1,0,0,0,0,1,1,1,1,28,6,1998,1,13,-1,2,-1
2015075048034,1,9,0,7,0,2,0,0,0,0,2,1,6,2,46,8,1124,1,13,-1,1,-1
2015075048034,2,9,0,7,0,2,0,0,0,0,1,1,6,1,47,8,2494,1,16,-1,1,-1
2015075048346,1,9,0,18,0,2,1,0,0,0,1,1,6,1,19,4,1248,2,4,-1,1,-1
2015075048382,1,19,0,18,0,2,0,0,0,0,3,1,1,1,67,10,2198,2,8,-1,1,-1
2015075048382,2,4,0,18,0,1,0,0,0,0,4,1,1,1,22,5,471,1,1,-1,1,-1
2015075048764,1,9,0,18,0,8,0,0,0,0,1,1,2,1,26,6,1390,1,7,-1,1,-1
2015075048764,2,1,0,18,0,4,0,0,0,0,4,1,2,1,19,4,-1,-1,-1,-1,1,-1
2015075048775,1,10,0,18,0,0,0,0,0,0,1,2,1,1,28,6,-1,-1,-1,-1,-1,-1
2015075048775,2,21,1,18,0,0,0,0,0,0,1,1,1,1,53,8,12419,2,4,-1,2,-1
2015075048792,1,9,0,18,0,8,0,0,0,0,1,1,2,1,24,5,1968,2,5,-1,1,-1
2015075048792,2,9,0,18,0,8,0,0,0,0,3,1,6,1,39,7,1588,1,16,-1,1,-1
2015075048815,1,9,0,5,0,6,0,0,0,0,1,1,6,1,29,6,1956,2,-1,-1,1,-1
2015075048815,2,3,0,7,9,1,0,0,0,0,4,1,2,1,26,6,124,1,5,-1,1,-1
2015075048817,1,9,0,9,0,5,0,0,0,0,3,1,6,1,-1,-1,1398,1,1,-1,1,-1
2015075048817,2,1,0,3,0,6,0,0,0,0,1,1,2,1,40,7,-1,-1,-1,-1,1,-1
2015075048929,1,9,0,18,0,0,0,0,0,0,1,1,6,2,21,5,1242,1,11,-1,1,-1
2015075048929,2,9,0,18,0,0,0,0,0,0,2,1,6,2,57,9,1794,1,11,-1,1,-1
2015075048932,1,9,0,18,0,8,0,0,0,0,1,1,6,1,77,11,1339,1,11,-1,1,-1
2015075048932,2,9,0,4,0,8,0,0,0,0,2,1,6,1,37,7,1560,2,8,-1,1,-1
2015075049239,1,9,0,14,0,1,1,0,7,10,1,1,6,2,44,7,1390,1,1,-1,1,-1
2015075049239,2,9,0,18,0,1,0,0,0,0,3,2,6,2,25,5,-1,-1,-1,-1,3,-1
2015075049261,1,9,0,12,0,0,0,0,0,0,2,1,6,3,-1,-1,-1,-1,-1,-1,-1,-1
2015075049261,2,11,0,3,0,0,0,0,0,0,1,1,1,1,53,8,-1,-1,-1,-1,1,-1
2015075049262,1,9,0,18,0,0,1,0,0,0,1,1,6,1,19,4,-1,-1,-1,-1,1,-1
2015075049262,2,9,0,4,0,0,0,0,0,0,2,1,6,1,33,6,1956,2,2,-1,1,-1
2015075049262,3,19,0,3,0,0,0,0,0,0,2,1,1,1,23,5,-1,-1,-1,-1,1,-1
2015075049262,4,9,0,3,0,0,0,0,0,0,2,1,2,1,37,7,1968,2,1,-1,2,-1
2015075049306,1,9,0,18,0,0,0,0,0,0,1,1,6,2,82,11,998,1,5,-1,1,-1
2015075049306,2,19,0,3,0,0,0,0,0,0,2,1,2,1,36,7,2198,2,2,-1,1,-1
2015075049389,1,9,0,18,0,1,0,0,0,0,1,1,2,1,47,8,1560,2,1,-1,1,-1
2015075049389,2,9,0,18,0,1,0,0,0,0,2,1,6,1,47,8,1995,2,9,-1,1,-1
2015075049903,1,9,0,12,0,1,0,0,0,0,4,1,1,2,24,5,-1,-1,-1,-1,1,-1
2015075049903,2,9,0,18,0,8,0,0,0,0,1,1,6,1,23,5,1398,2,6,-1,1,-1
2015075049970,1,9,0,9,0,1,0,0,0,0,3,1,2,2,17,4,998,1,4,-1,1,-1
2015075049970,2,9,0,18,0,1,0,0,0,0,1,1,2,1,28,6,-1,-1,-1,-1,1,-1
2015075050025,1,9,0,18,0,0,1,0,0,6,4,1,6,1,36,7,-1,-1,-1,-1,1,-1
2015075050025,2,21,0,18,0,0,0,0,0,0,3,1,1,1,61,9,10837,2,2,-1,1,-1
2015075050083,1,3,0,17,0,0,5,0,1,2,1,1,6,1,20,4,125,1,6,-1,1,-1
2015075050263,1,9,0,4,0,2,0,0,0,0,1,1,1,1,23,5,1582,2,3,-1,1,-1
2015075050463,1,11,0,18,0,0,0,0,0,0,0,1,1,1,39,7,6700,2,6,-1,1,-1
2015075050596,1,9,0,18,0,0,0,0,0,0,4,1,6,3,-1,-1,-1,-1,-1,-1,-1,-1
2015075050596,2,9,0,18,0,0,0,0,0,0,0,1,6,3,-1,-1,-1,-1,-1,-1,-1,-1
2015075050638,1,1,0,18,0,0,0,0,0,0,3,1,6,1,45,7,-1,-1,-1,-1,1,-1
2015075050638,2,9,0,1,0,0,0,0,0,0,2,1,6,1,-1,-1,-1,-1,-1,-1,-1,-1
2015075050685,1,9,0,18,0,0,0,0,8,11,1,1,6,1,17,4,-1,-1,-1,-1,3,-1
2015075050770,1,9,0,7,0,5,0,0,7,11,1,1,1,2,38,7,1753,2,5,-1,1,-1
2015075050993,1,9,0,9,0,8,0,0,0,0,1,1,6,2,47,8,1753,2,5,-1,1,-1
2015075050993,2,9,0,18,0,8,0,0,0,0,1,1,6,1,44,7,-1,-1,-1,-1,2,-1
2015075051048,1,9,0,18,0,0,0,0,0,0,1,1,6,2,19,4,1242,1,4,-1,1,-1
2015075051048,2,9,0,18,0,0,0,0,0,0,2,1,6,2,55,8,1198,1,10,-1,3,-1
2015075051048,3,9,0,18,0,0,0,0,0,0,2,1,6,2,25,5,1995,2,11,-1,1,-1
2015075051048,4,9,0,18,0,0,0,0,0,0,2,1,6,1,26,6,1998,1,10,-1,1,-1
2015075051132,1,9,0,18,0,0,0,0,0,0,4,1,1,1,40,7,-1,-1,-1,-1,1,-1
2015075051236,1,9,0,13,0,8,1,10,3,0,4,1,6,1,25,5,1248,1,6,-1,1,-1
2015075051236,2,9,0,18,0,8,1,10,3,0,3,1,6,2,46,8,1598,1,10,-1,1,-1
2015075051236,3,9,0,10,0,1,0,0,0,0,1,1,6,2,35,6,1390,1,11,-1,1,-1
2015075051256,1,9,0,9,0,6,0,0,0,0,3,1,6,2,-1,-1,1796,1,7,-1,1,-1
2015075051256,2,9,0,18,0,8,0,0,0,0,1,1,6,1,32,6,1199,1,14,-1,1,-1
2015075051262,1,3,0,17,0,0,2,10,0,7,4,1,6,1,34,6,124,1,14,-1,1,-1
2015075051292,1,9,0,18,0,0,1,0,4,0,4,1,6,1,52,8,1598,1,7,-1,1,-1
2015075051292,2,9,0,18,0,0,1,0,0,0,3,1,6,1,21,5,-1,-1,-1,-1,1,-1
2015075051292,3,9,0,18,0,0,2,0,4,0,4,1,6,2,63,9,1248,1,3,-1,1,-1
2015075051292,4,9,0,18,0,0,1,0,0,0,1,1,6,1,26,6,1242,1,9,-1,1,-1
2015075051314,1,9,0,4,0,1,0,0,0,0,1,1,6,1,40,7,1124,1,16,-1,1,-1
2015075051574,1,9,0,9,0,8,0,0,0,0,1,1,2,2,35,6,1598,2,4,-1,1,-1
2015075051574,2,9,0,18,0,8,0,10,1,2,3,1,6,1,54,8,2457,1,2,-1,1,-1
2015075051679,1,98,0,16,0,8,0,0,0,0,4,1,1,1,24,5,1560,2,2,-1,1,-1
2015075051679,2,1,0,16,0,8,0,0,0,0,4,1,1,2,42,7,-1,-1,-1,-1,1,-1
2015075051714,1,20,0,18,0,0,0,0,0,0,4,1,6,3,-1,-1,-1,-1,-1,-1,-1,-1
2015075051714,2,1,0,18,0,0,0,0,0,0,3,1,6,1,30,6,-1,-1,-1,-1,2,-1
2015075051798,1,19,0,4,0,0,0,0,7,0,3,1,1,1,58,9,2198,2,1,-1,1,-1
2015075051798,2,9,0,13,0,0,0,0,7,0,1,1,6,1,42,7,-1,-1,-1,-1,1,-1
2015075051828,1,21,5,7,0,1,0,0,0,0,1,1,1,1,50,8,4580,2,2,-1,1,-1
2015075052224,1,9,0,18,0,7,2,7,2,2,4,1,2,1,41,7,4497,1,2,-1,3,-1
2015075052224,2,21,1,18,0,7,0,0,0,0,3,1,6,3,-1,-1,-1,-1,-1,-1,-1,-1
2015075052224,3,9,0,18,0,7,0,0,0,0,4,1,2,2,35,6,1329,1,6,-1,1,-1
2015075052281,1,9,0,9,0,6,0,0,0,0,3,1,6,2,19,4,1242,1,2,-1,1,-1
2015075052500,1,9,0,18,0,0,1,7,4,6,1,1,6,1,26,6,1968,2,3,-1,1,-1
2015075052500,2,9,0,18,0,0,0,0,0,0,0,1,6,2,57,9,2204,2,7,-1,1,-1
2015075052502,1,9,0,18,0,0,0,0,0,0,1,1,6,2,70,10,1497,8,-1,-1,-1,-1
2015075052502,2,9,0,2,0,0,0,0,0,0,3,1,6,3,-1,-1,-1,-1,-1,-1,-1,-1
2015075052502,3,19,0,2,0,0,0,0,0,0,3,1,6,3,-1,-1,2402,2,11,-1,-1,-1
2015075052600,1,9,0,18,0,2,0,0,0,0,4,1,6,1,39,7,1995,1,6,-1,1,-1
2015075052607,1,9,0,11,0,0,0,0,0,0,4,1,6,1,30,6,1956,2,2,-1,1,-1
2015075052607,2,4,0,15,0,0,5,0,0,0,3,1,6,1,28,6,599,1,17,-1,1,-1
2015075053244,1,9,0,13,0,6,0,0,0,0,1,1,6,1,68,10,1199,1,11,-1,1,-1
2015075053244,2,1,0,18,0,8,0,0,0,0,4,1,6,1,42,7,-1,-1,-1,-1,1,-1
2015075053280,1,9,0,7,0,1,0,0,0,0,4,1,6,1,39,7,-1,-1,-1,-1,1,-1
2015075053280,2,1,0,18,0,1,0,0,0,0,1,1,2,1,20,4,-1,-1,-1,-1,1,-1
2015075053748,1,3,0,18,0,1,1,0,0,0,1,1,4,1,17,4,-1,-1,-1,-1,3,-1
2015075053748,2,9,0,5,0,6,0,0,0,0,3,1,6,2,36,7,1390,1,2,-1,1,-1
2015075053851,1,9,0,18,0,1,0,0,7,11,1,1,6,1,73,10,2180,2,21,-1,3,-1
2015075053918,1,21,1,12,0,0,0,0,0,0,0,1,1,3,-1,-1,-1,-1,-1,-1,-1,-1
2015075053918,2,9,0,18,0,0,0,0,5,0,3,1,1,2,19,4,1339,1,12,-1,1,-1
2015075053918,3,9,0,18,0,0,0,0,5,0,4,1,1,1,47,8,-1,-1,-1,-1,1,-1
2015075054243,1,9,0,18,0,1,0,0,0,0,1,1,6,2,-1,-1,-1,-1,-1,-1,-1,-1
2015075054243,2,9,0,10,0,1,0,0,0,0,2,1,1,2,41,7,1796,1,12,-1,1,-1
2015075054401,1,9,0,18,0,2,0,0,0,0,1,1,1,1,-1,-1,1997,2,5,-1,1,-1
2015075054416,1,10,0,18,0,0,0,0,0,0,1,1,6,1,51,8,2198,2,1,-1,1,-1
2015075054416,2,9,0,18,0,0,0,0,0,0,2,1,6,1,48,8,1995,2,2,-1,3,-1
2015075054416,3,9,0,18,0,0,0,0,0,0,2,1,6,1,54,8,-1,-1,-1,-1,1,-1
2015075054503,1,9,0,18,0,6,0,0,0,0,1,1,6,1,18,4,999,1,2,-1,3,-1
2015075054503,2,9,0,18,0,1,0,0,0,0,3,1,6,2,46,8,1997,2,9,-1,1,-1
2015075054538,1,9,0,16,0,0,2,0,1,11,4,1,6,1,19,4,1998,1,13,-1,1,-1
2015075054829,1,9,0,18,0,1,0,0,0,0,1,1,1,2,20,4,1560,2,2,-1,1,-1
2015075054830,1,9,0,18,0,1,1,0,4,1,1,1,2,2,18,4,-1,-1,-1,-1,1,-1
2015075054906,1,9,0,4,0,1,0,0,0,0,1,1,1,2,31,6,973,1,14,-1,1,-1
2015075054906,2,9,0,3,0,1,0,0,0,0,2,1,1,1,27,6,1242,1,8,-1,1,-1
2015075055227,1,9,0,9,0,6,0,0,0,0,1,1,6,1,21,5,1995,2,3,-1,3,-1
2015075055227,2,9,0,9,0,1,0,0,0,0,1,1,6,1,90,11,1240,1,11,-1,2,-1
2015075055612,1,9,0,9,0,8,0,0,0,0,1,1,6,1,17,4,1560,2,-1,-1,1,-1
2015075055612,2,9,0,18,0,8,0,0,0,0,3,1,6,1,43,7,-1,-1,-1,-1,-1,-1
2015075055816,1,9,0,18,0,0,0,0,2,7,1,1,6,1,24,5,2000,2,11,-1,1,-1
2015075055816,2,9,0,18,0,0,0,7,0,0,1,1,1,1,62,9,1910,2,7,-1,3,-1
2015075055816,3,9,0,18,0,0,0,7,0,0,1,1,6,1,23,5,973,1,13,-1,1,-1
2015075056111,1,5,0,17,0,0,0,0,1,0,1,1,6,1,20,4,656,1,8,-1,1,-1
2015075056172,1,9,0,16,0,0,0,0,0,0,1,1,1,1,50,8,2143,2,3,-1,1,-1
2015075056172,2,21,1,2,0,0,0,0,0,0,2,1,1,1,42,7,11967,2,2,-1,1,-1
2015075056461,1,9,0,18,0,1,0,0,0,0,1,1,2,1,35,6,1598,2,2,-1,1,-1
2015075056461,2,9,0,10,0,1,0,0,0,0,2,1,1,2,24,5,-1,-1,-1,-1,1,-1
2015075056461,3,9,0,10,0,1,0,0,0,0,2,1,6,2,32,6,1461,2,3,-1,1,-1
2015075056620,1,9,0,18,0,1,0,0,7,11,4,1,6,1,37,7,-1,-1,-1,-1,1,-1
2015075056620,2,9,0,9,0,1,0,0,0,0,3,1,1,1,36,7,-1,-1,-1,-1,-1,-1
2015075056643,1,11,0,18,0,8,0,0,0,0,0,1,1,1,64,9,-1,-1,-1,-1,-1,-1
2015075056651,1,9,0,9,0,5,0,0,0,0,1,1,6,1,35,6,1461,2,4,-1,1,-1
2015075056651,2,1,0,18,0,8,5,0,0,0,2,1,6,1,15,3,-1,-1,-1,-1,2,-1
2015075056651,3,9,0,8,0,1,0,0,0,0,3,1,6,2,44,7,1198,1,5,-1,3,-1
2015075057201,1,5,0,18,0,1,0,0,0,0,1,1,6,1,68,10,1085,1,14,-1,3,-1
2015075057364,1,90,0,18,9,0,0,0,0,0,1,1,6,1,18,4,-1,-1,-1,-1,-1,-1
2015075057364,2,9,0,18,0,0,0,0,0,0,3,1,1,2,66,10,1598,2,3,-1,1,-1
2015075057365,1,9,0,1,8,0,0,0,0,0,2,1,6,2,37,7,1956,2,4,-1,-1,-1
2015075057365,2,9,0,3,0,0,0,0,0,0,1,1,6,1,59,9,1587,1,15,-1,1,-1
2015075057437,1,9,0,9,0,6,1,0,0,0,1,1,6,1,20,4,2494,1,15,-1,1,-1
2015075057437,2,9,0,3,0,1,0,0,0,0,1,1,6,2,46,8,2765,2,18,-1,1,-1
2015075057685,1,9,0,16,0,0,0,0,0,0,0,1,6,1,77,11,1360,1,13,-1,1,-1
2015075057685,2,9,0,17,0,0,0,10,0,0,4,1,6,1,64,9,2179,2,4,-1,1,-1
2015075057700,1,9,0,5,0,1,0,0,0,0,4,1,6,1,51,8,1461,2,3,-1,2,-1
2015075057700,2,1,0,5,0,1,0,0,0,0,1,1,6,1,28,6,-1,-1,-1,-1,1,-1
2015075057909,1,9,0,5,0,6,0,0,0,0,1,1,6,2,53,8,1398,2,7,-1,1,-1
2015075057909,2,3,0,18,0,8,0,0,7,0,4,1,6,1,20,4,124,1,4,-1,3,-1
2015075058452,1,3,0,17,0,2,0,0,1,4,4,1,6,2,28,6,125,1,5,-1,2,-1
2015075058625,1,9,0,18,0,2,0,0,0,0,4,1,6,1,70,10,1896,2,8,-1,1,-1
2015075058682,1,3,0,18,0,1,2,0,0,0,0,1,1,1,55,8,125,1,1,-1,2,-1
2015075058682,2,9,0,9,0,1,0,0,0,0,0,2,6,1,-1,-1,998,1,11,-1,2,-1
2015075059048,1,9,0,18,0,1,1,0,0,0,1,1,2,2,27,6,-1,-1,-1,-1,-1,-1
2015075059048,2,21,1,9,0,8,0,0,0,0,4,2,1,1,22,5,-1,-1,-1,-1,-1,-1
2015075059067,1,3,0,17,0,1,0,0,0,0,3,1,2,1,23,5,125,1,7,-1,1,-1
2015075059067,2,9,0,5,0,1,0,0,0,0,1,1,2,2,22,5,-1,-1,-1,-1,3,-1
2015075059079,1,9,0,3,0,0,0,0,0,0,2,1,2,2,56,9,1242,1,6,-1,2,-1
2015075059079,2,21,1,4,0,0,0,0,0,0,1,2,1,1,47,8,11946,2,5,-1,1,-1
2015075059116,1,21,0,9,0,6,0,0,0,0,1,1,1,1,53,8,11946,2,9,-1,-1,-1
2015075059116,2,1,0,18,0,8,5,0,0,0,4,1,2,1,52,8,-1,-1,-1,-1,1,-1
2015075059125,1,9,0,18,0,0,1,0,0,0,1,1,1,1,41,7,2926,2,14,-1,1,-1
2015075059125,2,9,0,10,0,0,0,0,0,0,2,1,1,2,23,5,-1,-1,-1,-1,3,-1
2015075059133,1,9,0,18,0,1,0,0,0,0,1,1,1,1,43,7,1796,1,10,-1,1,-1
2015075059605,1,19,0,18,0,1,0,0,0,0,1,1,1,1,27,6,2198,2,6,-1,1,-1
2015075059605,2,9,0,3,0,1,0,0,0,0,2,1,6,2,59,9,998,1,1,-1,1,-1
2015075059605,3,9,0,3,0,1,0,0,0,0,2,1,6,1,44,7,1896,2,7,-1,1,-1
2015075059665,1,9,0,10,0,1,0,0,0,0,2,1,6,2,20,4,1796,1,11,-1,1,-1
2015075059665,2,19,0,4,0,1,0,0,0,0,1,1,6,1,-1,-1,2299,2,1,-1,1,-1
2015075059696,1,9,0,16,0,0,2,0,7,11,1,1,6,2,36,7,1149,1,5,-1,1,-1
2015075059775,1,9,0,18,0,1,0,0,0,0,3,1,6,1,38,7,1597,1,14,-1,1,-1
2015075059891,1,9,0,6,0,8,0,0,0,0,0,1,6,1,-1,-1,-1,-1,-1,-1,-1,-1
2015075059891,2,1,0,18,0,8,0,10,0,0,0,1,6,1,17,4,-1,-1,-1,-1,1,-1
2015075059987,1,9,0,18,0,8,0,0,0,0,1,1,1,1,48,8,1997,2,2,-1,1,-1
2015075059987,2,9,0,18,0,8,0,0,7,10,4,1,6,1,51,8,1198,1,3,-1,2,-1
2015075060112,1,19,0,18,0,1,0,0,0,0,1,1,1,1,39,7,2143,2,4,-1,2,-1
2015075060112,2,8,0,9,0,1,0,0,7,0,2,1,1,1,51,8,-1,-1,-1,-1,1,-1
2015075060145,1,9,0,5,0,0,0,0,0,0,2,1,2,2,19,4,1242,1,10,-1,3,-1
2015075060145,2,2,0,18,0,0,0,0,0,0,1,1,4,1,16,4,-1,-1,-1,-1,1,-1
2015075060271,1,3,0,17,0,0,1,0,0,0,0,1,2,1,20,4,124,1,2,-1,1,-1
2015075060757,1,19,0,9,0,8,0,0,0,0,4,1,6,1,46,8,1997,2,2,-1,1,-1
2015075060757,2,9,0,18,0,1,1,0,0,0,1,1,6,1,19,4,1596,1,5,-1,3,-1
2015075060757,3,9,0,3,0,1,0,0,0,0,3,1,6,2,71,10,1329,1,1,-1,1,-1
2015075060767,1,9,4,18,0,0,1,0,0,0,1,1,6,1,67,10,1769,2,20,-1,1,-1
2015075060767,2,9,0,4,0,0,0,0,0,0,2,1,6,2,25,5,1364,1,8,-1,3,-1
2015075060770,1,1,0,18,9,8,0,0,0,0,1,1,6,1,31,6,-1,-1,-1,-1,1,-1
2015075060770,2,9,0,9,0,8,0,0,0,0,4,1,6,2,37,7,1490,1,9,-1,1,-1
2015075060893,1,1,0,9,0,6,5,0,0,0,1,1,6,1,23,5,-1,-1,-1,-1,1,-1
2015075060893,2,9,0,18,0,2,1,0,0,0,3,1,6,2,40,7,-1,-1,-1,-1,1,-1
2015075060893,3,9,0,18,0,1,1,0,0,0,1,1,6,1,33,6,-1,-1,-1,-1,1,-1
2015075061214,1,9,0,13,0,1,0,0,0,0,4,1,6,2,80,11,998,1,6,-1,1,-1
2015075061214,2,1,0,18,0,1,0,0,0,0,3,1,6,1,58,9,-1,-1,-1,-1,1,-1
2015075061549,1,20,0,18,0,4,0,0,0,0,4,1,1,1,40,7,-1,-1,-1,-1,1,-1
2015075061672,1,9,0,7,0,6,0,0,0,0,1,1,6,2,-1,-1,1968,2,5,-1,-1,-1
2015075061672,2,1,0,18,9,6,5,0,0,0,3,1,6,1,42,7,-1,-1,-1,-1,1,-1