Accident_Index,Vehicle_Reference,Vehicle_Type,Towing_and_Articulation,Vehicle_Manoeuvre,Vehicle_Location-Restricted_Lane,Junction_Location,Skidding_and_Overturning,Hit_Object_in_Carriageway,Vehicle_Leaving_Carriageway,Hit_Object_off_Carriageway,1st_Point_of_Impact,Was_Vehicle_Left_Hand_Drive?,Journey_Purpose_of_Driver,Sex_of_Driver,Age_of_Driver,Age_Band_of_Driver,Engine_Capacity_(CC),Propulsion_Code,Age_of_Vehicle,Driver_IMD_Decile,Driver_Home_Area_Type,Vehicle_IMD_Decile
2015075061720,1,9,0,17,0,0,5,10,2,10,4,1,6,1,80,11,999,1,15,-1,2,-1
2015075062060,1,9,0,16,0,0,0,0,1,0,1,1,2,2,24,5,998,1,10,-1,1,-1
2015075062142,1,9,0,18,0,4,0,0,0,0,3,1,6,1,29,6,1997,2,7,-1,1,-1
2015075062142,2,1,0,9,0,8,5,0,0,0,4,1,2,2,38,7,-1,-1,-1,-1,1,-1
2015075062336,1,9,0,9,0,6,0,0,0,0,1,1,6,1,-1,-1,-1,-1,-1,-1,-1,-1
2015075062336,2,9,0,18,0,8,0,0,0,0,1,1,3,2,35,6,1596,1,9,-1,1,-1
2015075062677,1,19,0,9,0,6,0,0,0,0,3,1,1,1,27,6,2198,2,1,-1,-1,-1
2015075062677,2,9,0,18,0,8,0,0,0,0,1,1,6,1,32,6,2597,1,12,-1,1,-1
2015075062707,1,9,0,18,0,0,1,4,0,0,1,1,2,2,23,5,1390,1,4,-1,1,-1
2015075062707,2,9,0,3,0,0,0,4,0,0,2,1,2,1,51,8,1995,2,2,-1,1,-1
2015075062707,3,9,0,3,0,0,0,0,0,0,2,1,2,2,50,8,2148,2,11,-1,1,-1
2015075063411,1,19,0,18,0,1,0,0,0,0,3,1,1,1,45,7,2402,2,13,-1,1,-1
2015075063494,1,9,0,18,0,0,5,0,0,0,3,1,6,1,18,4,999,1,14,-1,1,-1
2015075063494,2,9,0,18,0,0,0,0,0,0,0,1,6,3,-1,-1,-1,-1,-1,-1,-1,-1
2015075063640,1,9,0,18,0,0,0,0,0,0,1,1,6,1,30,6,1988,1,18,-1,1,-1
2015075063640,2,9,0,3,0,0,0,0,0,0,2,1,6,2,23,5,1598,1,3,-1,1,-1
2015075063956,1,9,0,18,0,0,0,0,0,0,1,1,6,1,33,6,1596,1,3,-1,1,-1
2015075064003,1,10,0,18,0,0,2,0,8,0,4,1,6,2,20,4,-1,-1,-1,-1,1,-1
2015075064344,1,9,0,16,0,8,0,7,7,11,1,1,6,1,34,6,2987,2,5,-1,1,-1
2015075064602,1,9,0,18,0,1,0,0,7,0,4,1,1,1,69,10,-1,-1,-1,-1,1,-1
2015075064602,2,9,0,9,0,1,0,0,0,0,2,1,6,2,77,11,1242,1,7,-1,1,-1
2015075064602,3,9,0,18,0,1,0,0,0,0,3,1,6,1,68,10,1360,1,15,-1,1,-1
2015075064641,1,9,0,18,0,0,0,0,0,0,3,1,6,1,35,6,1596,1,2,-1,1,-1
2015075064858,1,3,0,16,0,0,0,0,2,11,1,1,6,1,18,4,125,1,-1,-1,1,-1
2015075065124,1,9,0,18,0,1,0,0,0,0,1,1,6,1,31,6,1498,1,5,-1,1,-1
2015075065334,1,9,0,18,0,0,1,0,8,4,1,1,6,1,34,6,1461,2,8,-1,1,-1
2015075065501,1,9,0,17,0,0,2,0,7,4,1,1,6,2,58,9,1769,1,12,-1,1,-1
2015075065712,1,9,0,18,0,1,0,0,0,0,1,1,6,1,30,6,1796,1,3,-1,1,-1
2015075065712,2,9,0,4,0,1,0,0,0,0,2,1,6,1,48,8,1995,2,4,-1,-1,-1
2015075065712,3,9,0,4,0,1,0,0,0,0,2,1,6,1,54,8,2993,2,5,-1,3,-1
2015075065774,1,1,0,18,0,0,0,0,0,0,3,1,6,1,8,2,-1,-1,-1,-1,1,-1
2015075065774,2,9,0,18,0,0,0,0,0,0,3,1,6,1,54,8,1997,2,7,-1,1,-1
2015075065774,3,9,0,2,0,0,0,0,0,0,2,1,6,2,-1,-1,1956,2,1,-1,1,-1
2015075065799,1,9,0,4,0,0,1,0,0,0,1,1,6,1,62,9,1781,1,10,-1,1,-1
2015075065799,2,9,0,4,0,0,0,0,0,0,2,1,6,1,49,8,1896,2,14,-1,1,-1
2015075065813,1,1,0,15,0,0,0,0,0,0,3,1,6,1,-1,-1,-1,-1,-1,-1,-1,-1
2015075065813,2,9,0,4,0,0,0,0,0,0,0,1,6,3,-1,-1,-1,-1,-1,-1,-1,-1
2015075065957,1,9,0,18,0,0,1,0,0,0,1,1,6,1,70,10,2999,2,16,-1,3,-1
2015075065957,2,9,0,3,0,0,0,0,0,0,2,1,6,1,49,8,1598,2,1,-1,1,-1
2015075065957,3,9,0,3,0,0,0,0,0,0,2,1,6,1,27,6,1560,2,8,-1,1,-1
2015075066198,1,9,0,18,0,1,1,0,7,2,4,1,6,1,-1,-1,4367,2,1,-1,-1,-1
2015075066198,2,9,0,18,0,1,1,0,0,0,1,1,6,1,33,6,2993,2,3,-1,1,-1
2015075066514,1,9,0,18,0,0,1,0,0,0,2,1,2,1,28,6,2993,2,2,-1,-1,-1
2015075066514,2,9,0,18,0,0,0,0,0,0,0,1,2,1,50,8,2993,2,2,-1,-1,-1
2015075066676,1,2,0,18,0,0,2,4,1,0,1,1,6,1,15,3,49,1,7,-1,1,-1
2015075066676,2,9,0,2,0,0,0,0,0,0,4,1,6,3,-1,-1,1986,2,6,-1,-1,-1
2015075066676,3,2,0,2,0,0,0,0,0,0,1,1,6,3,-1,-1,-1,-1,-1,-1,-1,-1
2015075066910,1,19,0,18,0,1,0,0,0,0,1,1,6,1,54,8,-1,-1,-1,-1,3,-1
2015075066910,2,9,0,18,0,6,0,0,0,0,2,1,6,1,66,10,1997,2,10,-1,1,-1
2015075067235,1,3,0,15,0,7,0,0,0,0,0,1,1,1,51,8,125,1,13,-1,1,-1
2015075067267,1,9,0,4,0,0,0,0,0,0,2,1,6,2,26,6,-1,-1,-1,-1,1,-1
2015075067267,2,9,0,18,0,0,0,0,0,0,1,1,1,1,24,5,1896,2,7,-1,1,-1
2015075067573,1,9,0,3,0,1,0,0,0,0,4,1,6,1,-1,-1,-1,-1,-1,-1,-1,-1
2015075067573,2,1,0,15,0,1,0,0,0,0,1,1,6,1,38,7,-1,-1,-1,-1,1,-1
2015075067834,1,9,0,13,0,1,0,0,0,0,4,1,6,2,86,11,-1,-1,-1,-1,3,-1
2015075067834,2,1,0,18,0,1,0,0,0,0,3,1,6,1,71,10,-1,-1,-1,-1,1,-1
2015075067835,1,21,1,13,0,0,0,0,0,0,4,1,1,1,57,9,-1,2,14,-1,1,-1
2015075067835,2,9,0,18,0,0,0,0,0,0,3,1,1,1,28,6,-1,-1,-1,-1,1,-1
2015075067862,1,9,0,18,0,3,1,0,0,0,1,1,6,2,18,4,998,1,2,-1,2,-1
2015075067862,2,9,0,4,0,3,0,0,0,0,0,1,6,1,27,6,-1,-1,-1,-1,2,-1
2015075067862,3,9,0,4,0,3,0,0,0,0,0,1,6,3,-1,-1,-1,-1,-1,-1,-1,-1
2015075067879,1,9,0,18,0,0,1,0,1,0,2,1,1,2,26,6,899,1,2,-1,1,-1
2015075067879,2,9,0,18,0,0,0,0,0,0,2,1,6,1,43,7,2993,2,1,-1,3,-1
2015075067988,1,9,0,1,0,6,0,0,0,0,2,1,6,2,51,8,1798,1,7,-1,1,-1
2015075067988,2,5,0,18,0,8,0,0,0,0,1,1,2,1,27,6,883,1,11,-1,1,-1
2015075068054,1,9,0,18,0,1,0,0,0,0,1,1,6,2,32,6,1997,1,8,-1,1,-1
2015075068054,2,9,0,18,0,1,0,0,0,0,2,1,6,2,37,7,2204,2,6,-1,1,-1
2015075068277,1,11,0,18,0,4,0,0,0,0,1,1,1,1,44,7,4250,2,9,-1,1,-1
2015075068277,2,9,0,3,0,4,0,0,0,0,2,1,1,1,33,6,1560,2,5,-1,1,-1
2015075068277,3,9,0,3,0,4,0,0,0,0,2,1,1,1,25,5,1598,1,11,-1,1,-1
2015075068341,1,9,0,18,0,8,0,0,0,0,1,1,6,1,27,6,1242,1,16,-1,1,-1
2015075068482,1,9,0,5,0,6,0,0,0,0,1,1,6,1,38,7,1998,1,18,-1,3,-1
2015075068482,2,19,0,18,0,8,0,0,7,0,4,1,6,1,24,5,-1,-1,-1,-1,1,-1
2015075068798,1,9,0,18,0,4,0,0,0,0,1,1,6,2,79,11,-1,-1,-1,-1,2,-1
2015075068798,2,19,0,18,0,3,0,0,0,0,1,1,2,1,36,7,1461,2,3,-1,1,-1
2015075068978,1,9,0,18,0,8,0,0,0,0,4,1,6,1,56,9,2972,1,16,-1,1,-1
2015075068978,2,9,0,18,0,8,0,0,0,0,1,1,6,1,55,8,1796,1,6,-1,1,-1
2015075069275,1,9,0,18,0,0,0,0,0,0,1,1,1,1,37,7,1997,2,11,-1,1,-1
2015075069561,1,9,0,18,0,1,0,0,0,0,1,1,6,1,26,6,2521,1,7,-1,1,-1
2015075069561,2,9,0,17,0,1,5,0,7,11,4,1,6,2,38,7,1598,1,3,-1,1,-1
2015075069658,1,9,0,18,0,0,1,0,0,0,1,1,6,2,44,7,998,1,3,-1,1,-1
2015075069699,1,9,0,18,0,0,2,0,2,7,4,2,6,1,81,11,-1,-1,-1,-1,1,-1
2015075069699,2,21,1,18,0,0,0,0,0,0,3,1,1,1,47,8,-1,-1,-1,-1,-1,-1
2015075069786,1,9,0,18,0,1,1,0,0,0,1,1,6,1,62,9,2191,2,1,-1,1,-1
2015075069786,2,9,0,3,0,1,0,0,0,0,2,1,6,1,65,9,1997,2,8,-1,1,-1
2015075069786,3,9,0,9,0,1,0,0,0,0,2,1,6,2,36,7,1995,2,4,-1,3,-1
2015075069964,1,9,0,16,0,0,2,0,7,9,3,1,6,1,20,4,1598,1,9,-1,1,-1
2015075069980,1,9,0,9,0,2,0,0,0,0,3,1,6,1,26,6,1998,2,11,-1,1,-1
2015075070026,1,9,0,18,0,0,0,0,0,0,3,1,6,1,-1,-1,-1,-1,-1,-1,-1,-1
2015075070026,2,9,0,18,0,0,0,0,1,0,3,1,3,2,46,8,1364,1,8,-1,2,-1
2015075070188,1,9,0,11,0,0,0,0,0,0,3,1,2,1,34,6,1995,2,9,-1,1,-1
2015075070188,2,9,0,12,0,0,0,0,0,0,4,1,2,1,57,9,1086,1,9,-1,2,-1
2015075070188,3,21,1,18,0,0,0,0,0,0,3,1,1,1,29,6,9364,2,12,-1,-1,-1
2015075070473,1,9,0,16,0,8,1,0,1,4,1,1,6,1,23,5,1968,2,7,-1,1,-1
2015075070484,1,9,0,6,0,0,0,0,1,0,3,1,6,2,52,8,1388,1,8,-1,1,-1
2015075070484,2,9,0,18,0,0,0,0,0,0,1,1,1,1,43,7,1390,1,5,-1,1,-1
2015075070630,1,1,0,18,0,0,0,0,0,0,1,1,1,1,23,5,-1,-1,-1,-1,2,-1
2015075070630,2,9,0,18,0,0,0,0,0,0,3,1,6,1,32,6,1390,1,2,-1,1,-1
2015075070791,1,3,0,18,0,1,0,0,0,0,1,1,6,1,21,5,124,1,3,-1,1,-1
2015075070791,2,9,0,9,0,1,0,0,0,0,1,1,6,1,40,7,2499,2,11,-1,1,-1
2015075070797,1,9,0,18,0,1,0,0,1,11,1,1,2,1,28,6,1984,1,4,-1,1,-1
2015075070797,2,9,0,9,0,6,0,0,7,10,3,1,6,1,67,10,2967,2,4,-1,1,-1
2015075070885,1,9,0,9,0,1,0,0,0,0,1,1,2,1,30,6,1910,2,7,-1,3,-1
2015075071374,1,21,1,14,0,0,0,4,0,0,1,1,1,1,28,6,12777,2,2,-1,1,-1
2015075071374,2,19,0,2,0,0,0,0,0,0,2,1,6,1,49,8,2198,2,3,-1,-1,-1
2015075072173,1,9,0,3,0,2,0,0,0,0,2,1,6,1,28,6,1400,1,11,-1,1,-1
2015075072173,2,9,0,4,0,2,0,0,0,0,1,1,6,2,31,6,1761,1,15,-1,1,-1
2015075072555,1,9,0,3,0,1,0,0,0,0,1,1,6,1,-1,-1,1956,2,2,-1,-1,-1
2015075072555,2,9,0,3,0,1,0,0,0,0,2,1,6,2,41,7,1997,2,4,-1,1,-1
2015075072562,1,9,0,2,0,2,0,0,0,0,2,1,6,1,-1,-1,2671,1,16,-1,1,-1
2015075072562,2,9,0,18,0,2,0,0,1,2,4,1,6,2,42,7,998,1,9,-1,1,-1
2015075072679,1,9,0,18,0,0,0,0,1,2,1,1,6,1,44,7,1998,1,12,-1,1,-1
2015075072725,1,9,0,9,0,6,0,0,0,0,3,1,6,2,46,8,1198,1,13,-1,3,-1
2015075072725,2,9,0,18,0,1,0,0,0,0,1,1,6,1,63,9,2184,2,10,-1,1,-1
2015075072761,1,9,0,18,0,8,0,0,0,0,3,1,6,2,75,10,-1,-1,-1,-1,2,-1
2015075072761,2,5,0,18,0,8,0,0,0,0,1,1,6,1,34,6,599,1,10,-1,1,-1
2015075072816,1,9,0,9,0,6,0,0,0,0,3,1,6,1,70,10,1997,2,1,-1,1,-1
2015075072816,2,5,0,18,0,1,1,0,1,10,1,1,6,1,57,9,599,1,10,-1,1,-1
2015075072896,1,9,0,18,0,0,0,0,0,0,0,1,1,1,18,4,1124,1,13,-1,1,-1
2015075072896,2,9,0,18,0,0,0,0,0,0,0,1,1,2,48,8,1149,1,12,-1,1,-1
2015075073110,1,9,0,18,0,0,0,0,0,0,1,1,6,3,-1,-1,-1,-1,-1,-1,-1,-1
2015075073110,2,1,0,18,0,0,0,0,0,0,2,1,6,1,39,7,-1,-1,-1,-1,-1,-1
2015075073519,1,9,0,10,0,1,0,0,0,0,3,1,6,2,82,11,1329,1,6,-1,1,-1
2015075073519,2,9,0,18,0,8,0,0,0,0,4,1,1,2,30,6,1360,1,13,-1,1,-1
2015075073755,1,19,0,18,0,2,0,0,0,0,0,1,1,1,28,6,1598,2,1,-1,-1,-1
2015075073755,2,9,0,18,0,1,0,0,0,0,0,1,1,1,40,7,1388,1,6,-1,1,-1
2015075073944,1,9,0,18,0,0,0,0,0,0,4,1,6,2,51,8,1390,1,14,-1,1,-1
2015075074380,1,3,0,18,0,0,2,0,0,0,0,1,6,1,44,7,125,1,2,-1,1,-1
2015075074421,1,9,0,18,0,0,1,0,0,0,1,1,1,1,36,7,-1,-1,-1,-1,1,-1
2015075074421,2,9,0,18,0,0,0,0,0,0,2,1,1,2,28,6,1598,2,4,-1,1,-1
2015075074770,1,9,0,4,0,1,0,0,0,0,3,1,2,1,54,8,2967,2,2,-1,1,-1
2015075075302,1,9,0,9,0,8,0,0,0,0,1,1,1,1,68,10,1896,2,12,-1,2,-1
2015075075302,2,1,0,18,0,8,0,0,0,0,3,1,1,1,51,8,-1,-1,-1,-1,1,-1
2015075075336,1,9,0,18,0,0,1,0,0,0,1,1,3,1,18,4,2402,2,8,-1,2,-1
2015075075336,2,9,0,3,0,0,0,0,0,0,2,1,3,2,45,7,1995,2,-1,-1,2,-1
2015075075413,1,9,0,18,0,0,0,0,0,0,1,1,6,1,39,7,1997,1,12,-1,1,-1
2015075075413,2,9,0,18,0,0,0,0,0,0,2,1,6,2,24,5,1299,1,13,-1,1,-1
2015075075413,3,9,0,18,0,0,0,0,0,0,2,1,6,1,23,5,1598,1,11,-1,1,-1
2015075075413,4,9,0,18,0,0,0,0,0,0,2,1,6,1,-1,-1,2993,2,4,-1,1,-1
2015075075429,1,9,0,1,9,0,0,0,0,0,2,1,6,1,-1,-1,-1,-1,-1,-1,-1,-1
2015075075530,1,9,0,18,0,0,0,0,0,0,1,1,6,2,24,5,-1,-1,-1,-1,1,-1
2015075075530,2,9,0,18,0,0,0,0,0,0,1,1,6,2,48,8,1560,2,1,-1,1,-1
2015075075530,3,9,0,18,0,0,0,0,0,0,2,1,6,1,65,9,1388,1,8,-1,1,-1
2015075075539,1,9,0,9,0,5,0,0,0,0,1,1,6,1,65,9,1997,2,2,-1,1,-1
2015075075539,2,9,0,18,0,1,0,0,0,0,1,1,6,2,54,8,1597,2,1,-1,1,-1
2015075075944,1,9,0,4,0,0,1,0,0,0,1,1,6,1,40,7,-1,-1,-1,-1,1,-1
2015075075944,2,9,0,3,0,0,0,0,0,0,2,1,6,1,41,7,2143,2,4,-1,3,-1
2015075076075,1,9,0,18,0,0,5,0,1,0,1,1,6,1,47,8,1685,2,2,-1,1,-1
2015075076075,2,9,0,3,0,0,0,0,0,0,3,1,6,1,46,8,1999,1,6,-1,1,-1
2015075076377,1,9,0,4,0,0,1,0,0,0,1,1,1,1,53,8,1461,2,1,-1,1,-1
2015075076377,2,9,0,3,0,0,0,0,0,0,2,1,1,1,57,9,1598,2,3,-1,1,-1
2015075076711,1,9,0,6,0,1,0,0,0,0,4,1,1,2,45,7,1968,2,5,-1,3,-1
2015075076711,2,5,0,9,0,1,0,0,0,0,1,1,1,1,46,8,996,1,13,-1,1,-1
2015075076791,1,19,0,4,0,1,0,0,0,0,1,1,1,1,44,7,2198,2,-1,-1,3,-1
2015075076791,2,9,0,3,0,1,0,0,0,0,2,1,6,2,31,6,1796,1,8,-1,1,-1
2015075076791,3,9,0,3,0,1,0,0,0,0,2,1,6,2,49,8,1968,2,1,-1,1,-1
2015075076880,1,9,0,3,0,1,0,0,0,0,4,1,6,2,54,8,1995,2,11,-1,1,-1
2015075076880,2,1,0,15,4,1,0,0,0,0,1,1,6,2,45,7,-1,-1,-1,-1,-1,-1
2015075076941,1,90,0,18,0,8,0,0,0,0,1,1,6,1,14,3,-1,-1,-1,-1,1,-1
2015075076941,2,3,0,18,0,8,0,0,0,0,3,1,6,1,19,4,124,1,-1,-1,1,-1
2015075077160,1,9,0,18,0,8,0,0,0,0,1,1,6,2,30,6,-1,-1,-1,-1,1,-1
2015075077160,2,9,0,2,0,8,0,0,0,0,2,1,6,3,-1,-1,1461,2,4,-1,-1,-1
2015075077483,1,9,0,18,0,0,0,0,0,0,1,1,6,1,27,6,1364,1,9,-1,-1,-1
2015075077483,2,9,0,4,0,0,0,0,0,0,2,1,6,1,56,9,1896,2,8,-1,2,-1
2015075077798,1,9,0,13,0,1,0,0,0,0,1,1,6,3,-1,-1,-1,-1,-1,-1,-1,-1
2015075077798,2,1,0,18,0,1,0,0,0,0,3,1,6,1,52,8,-1,-1,-1,-1,2,-1
2015075077899,1,9,0,18,9,8,0,0,7,11,1,1,6,1,52,8,999,1,7,-1,1,-1
2015075077933,1,9,0,17,0,0,1,0,1,11,4,1,3,2,49,8,1998,8,1,-1,3,-1
2015075077988,1,9,0,18,0,1,0,0,0,0,1,1,6,1,23,5,1149,1,14,-1,1,-1
2015075077988,2,9,0,3,0,1,0,0,0,0,2,1,6,2,44,7,2188,2,10,-1,3,-1
2015075078020,1,9,0,6,0,0,0,0,0,0,0,1,6,2,28,6,-1,-1,-1,-1,1,-1
2015075078020,2,2,0,18,0,0,1,0,0,0,0,1,2,1,16,4,49,1,11,-1,1,-1
2015075078026,1,9,0,4,0,0,0,0,0,0,1,1,6,2,54,8,1360,1,8,-1,1,-1
2015075078026,2,9,0,4,0,0,0,0,0,0,2,1,6,2,59,9,1399,2,12,-1,1,-1
2015075078041,1,9,0,18,0,0,2,10,2,4,2,2,6,1,18,4,1149,1,7,-1,1,-1
2015075078041,2,17,0,18,0,0,0,0,0,0,0,2,6,3,-1,-1,-1,-1,-1,-1,-1,-1
2015075078576,1,9,0,18,0,0,0,0,0,0,1,1,6,1,52,8,999,1,-1,-1,1,-1
2015075078659,1,19,0,18,0,0,0,0,0,0,1,1,6,1,50,8,1686,2,14,-1,1,-1
2015075078659,2,5,0,18,0,0,0,0,0,0,2,1,6,1,65,9,781,1,17,-1,1,-1
2015075078772,1,9,0,9,0,5,0,0,0,0,0,1,6,1,66,10,-1,-1,-1,-1,-1,-1
2015075078772,2,5,0,16,0,1,1,0,7,11,1,1,2,1,29,6,1157,1,15,-1,1,-1
2015075078809,1,9,0,5,0,3,0,0,0,0,2,1,6,1,41,7,1598,1,3,-1,1,-1
2015075078809,2,9,0,5,0,3,0,0,0,0,1,1,6,1,39,7,-1,-1,-1,-1,1,-1
2015075078881,1,9,0,18,0,0,0,0,0,0,1,1,6,2,-1,-1,1198,1,-1,-1,1,-1
2015075079037,1,9,0,16,0,0,1,0,1,4,2,1,6,1,21,5,1997,1,14,-1,1,-1
2015075079078,1,9,0,18,0,1,0,0,0,0,0,1,6,3,-1,-1,-1,-1,-1,-1,-1,-1
2015075079078,2,1,0,18,0,1,0,0,0,0,1,1,6,1,39,7,-1,-1,-1,-1,1,-1
2015075079297,1,9,0,5,0,2,0,0,0,0,3,1,6,3,-1,-1,-1,-1,-1,-1,-1,-1
2015075079297,2,2,0,18,0,1,0,0,0,0,1,1,2,2,51,8,50,1,9,-1,1,-1
2015075079347,1,9,0,7,0,0,1,10,2,2,3,1,2,1,42,7,1995,2,9,-1,1,-1
2015075079846,1,9,0,7,0,6,0,0,0,0,0,1,6,1,-1,-1,1560,2,1,-1,1,-1
2015075079846,2,9,0,18,0,8,1,0,0,0,0,1,6,2,50,8,1991,1,1,-1,1,-1
2015075079951,1,9,0,18,0,1,0,0,0,0,1,1,6,2,57,9,-1,-1,-1,-1,1,-1
2015075079951,2,9,0,4,0,1,0,0,0,0,2,1,6,1,22,5,1275,1,23,-1,2,-1
2015075079974,1,9,0,9,0,6,0,0,0,0,1,1,6,1,41,7,1124,1,15,-1,1,-1
2015075079974,2,9,0,18,0,1,0,0,0,0,4,1,6,2,39,7,1995,2,1,-1,1,-1
2015075080018,1,19,0,16,0,0,1,0,0,0,1,1,6,1,36,7,1995,2,5,-1,1,-1
2015075080018,2,9,0,18,0,0,0,0,0,0,1,1,6,1,54,8,1685,2,2,-1,3,-1
2015075080963,1,9,0,16,0,1,0,0,0,0,3,1,6,1,-1,-1,-1,-1,-1,-1,-1,-1
2015075080969,1,9,0,9,0,6,0,0,0,0,3,1,6,1,22,5,1596,1,4,-1,1,-1
2015075080969,2,1,0,18,0,8,0,0,0,0,1,1,6,1,50,8,-1,-1,-1,-1,1,-1
2015075081007,1,9,0,18,0,1,0,0,0,0,1,1,6,2,35,6,1396,1,6,-1,1,-1
2015075081007,2,9,0,5,0,1,0,0,0,0,2,1,6,1,28,6,2179,2,7,-1,1,-1
2015075081100,1,1,0,18,9,0,0,0,0,0,3,1,6,1,15,3,-1,-1,-1,-1,1,-1
2015075081100,2,9,0,18,0,0,0,0,0,0,4,1,6,2,39,7,2179,2,7,-1,1,-1
2015075081376,1,9,0,18,0,0,1,0,8,7,3,1,6,1,28,6,-1,-1,-1,-1,1,-1
2015075081605,1,9,0,18,0,0,0,0,0,0,1,1,6,1,38,7,2926,2,10,-1,1,-1
2015075081605,2,9,0,3,0,0,0,0,0,0,2,1,6,2,33,6,1364,1,6,-1,2,-1
2015075081605,3,19,0,3,0,0,0,0,0,0,2,1,1,1,32,6,1560,2,1,-1,3,-1
2015075082601,1,9,0,18,0,4,0,0,0,0,1,1,6,1,43,7,1998,2,14,-1,-1,-1
2015075082601,2,9,0,9,0,3,0,0,0,0,4,1,6,2,29,6,1796,1,8,-1,1,-1
2015075082602,1,9,0,18,0,1,0,0,0,0,2,1,6,2,55,8,1596,1,13,-1,1,-1
2015075082602,2,9,0,18,0,1,0,0,0,0,2,1,4,1,18,4,999,1,1,-1,1,-1
2015075082602,3,9,0,18,0,1,0,0,0,0,1,1,4,1,18,4,-1,-1,-1,-1,3,-1
2015075082604,1,9,0,18,0,1,0,0,0,0,1,1,2,2,55,8,998,1,7,-1,1,-1
2015075082627,1,9,0,5,0,8,0,0,0,0,1,1,1,2,33,6,1461,2,7,-1,1,-1
2015075082627,2,9,0,3,0,8,0,0,0,0,2,1,6,2,33,6,1596,1,9,-1,1,-1
2015075082821,1,9,0,18,0,0,0,0,0,0,4,1,6,2,63,9,1598,1,8,-1,1,-1
2015075082821,2,1,0,18,0,0,0,0,0,0,3,1,6,1,42,7,-1,-1,-1,-1,1,-1
2015075082970,1,9,0,18,0,0,0,0,0,0,1,1,6,1,50,8,-1,-1,-1,-1,1,-1
2015075082970,2,9,0,12,0,0,0,0,0,0,0,1,6,1,24,5,1587,1,9,-1,1,-1
2015075082970,3,9,0,18,0,0,0,0,0,0,2,1,6,2,32,6,2993,2,3,-1,1,-1
2015075083053,1,9,0,5,0,0,0,0,0,0,1,1,6,1,18,4,1368,1,7,-1,1,-1
2015075083053,2,9,0,3,0,0,0,0,0,0,2,1,6,1,34,6,1124,1,17,-1,3,-1
2015075083053,3,9,0,3,0,0,0,0,0,0,2,1,6,1,44,7,1329,1,3,-1,1,-1
2015075083080,1,9,0,18,0,0,0,0,1,4,1,1,1,1,38,7,1360,1,9,-1,1,-1
2015075083323,1,9,0,7,0,8,0,0,0,0,3,1,6,2,38,7,1956,2,3,-1,1,-1
2015075083323,2,1,0,18,0,1,0,0,0,0,1,1,6,1,17,4,-1,-1,-1,-1,2,-1
2015075083387,1,1,0,18,0,2,0,0,0,0,0,1,6,1,61,9,-1,-1,-1,-1,1,-1
2015075083916,1,9,0,7,0,4,0,0,0,0,1,1,2,1,35,6,3226,2,14,-1,1,-1
2015075083916,2,1,0,18,0,8,5,0,0,0,4,1,2,1,34,6,-1,-1,-1,-1,1,-1
2015075084114,1,9,0,18,0,1,1,0,0,0,1,1,2,1,26,6,-1,-1,-1,-1,1,-1
2015075084114,2,9,0,10,0,1,0,0,0,0,0,1,6,2,35,6,1796,1,12,-1,1,-1
2015075084184,1,9,0,18,0,0,0,0,0,0,1,1,1,2,30,6,1596,1,4,-1,-1,-1
2015075084184,2,9,0,18,0,0,0,0,0,0,2,1,1,1,26,6,1328,1,13,-1,1,-1
2015075084184,3,9,0,18,0,0,0,0,0,0,2,1,1,1,27,6,899,1,15,-1,1,-1
2015075084434,1,9,0,1,0,0,0,0,0,0,2,1,6,2,57,9,1598,1,6,-1,-1,-1
2015075084859,1,9,0,3,0,0,0,0,0,0,2,1,6,1,38,7,1956,2,2,-1,-1,-1
2015075084859,2,9,0,18,0,0,0,0,0,0,1,1,6,1,20,4,-1,-1,-1,-1,-1,-1
2015075085296,1,9,0,9,0,6,0,0,0,0,1,1,6,1,48,8,1560,2,3,-1,1,-1
2015075085296,2,9,0,18,0,6,0,0,0,0,3,1,6,1,38,7,2979,1,1,-1,3,-1
2015075085476,1,9,0,10,0,1,0,0,0,0,1,1,6,2,32,6,1360,1,5,-1,1,-1
2015075085476,2,9,0,18,0,1,0,0,0,0,4,1,6,1,22,5,1229,1,1,-1,1,-1
2015075085476,3,19,0,10,0,1,0,0,0,0,3,1,1,1,22,5,2143,2,3,-1,1,-1
2015075086065,1,9,0,16,0,0,0,0,0,0,1,1,6,3,-1,-1,-1,-1,-1,-1,-1,-1
2015075086065,2,19,0,17,0,0,0,0,1,10,3,1,1,1,23,5,1968,2,2,-1,1,-1
2015075086075,1,9,0,3,0,1,0,0,0,0,0,1,6,1,69,10,1390,1,4,-1,-1,-1
2015075086075,2,9,0,4,0,1,0,0,0,0,1,1,6,2,19,4,1995,2,5,-1,1,-1
2015075086075,3,9,0,4,0,1,0,0,0,0,1,1,6,1,23,5,1995,2,7,-1,1,-1
2015075086075,4,9,0,4,0,1,0,0,0,0,1,1,6,2,52,8,1598,1,3,-1,1,-1
2015075086094,1,9,0,4,0,4,0,0,0,0,1,1,6,1,-1,-1,2199,2,4,-1,-1,-1
2015075086094,2,9,0,4,0,4,0,0,0,0,2,1,6,2,31,6,1796,1,2,-1,1,-1
2015075086207,1,9,0,9,0,8,0,0,0,0,1,1,6,2,20,4,1598,1,9,-1,1,-1