Accident_Index,Vehicle_Reference,Vehicle_Type,Towing_and_Articulation,Vehicle_Manoeuvre,Vehicle_Location-Restricted_Lane,Junction_Location,Skidding_and_Overturning,Hit_Object_in_Carriageway,Vehicle_Leaving_Carriageway,Hit_Object_off_Carriageway,1st_Point_of_Impact,Was_Vehicle_Left_Hand_Drive?,Journey_Purpose_of_Driver,Sex_of_Driver,Age_of_Driver,Age_Band_of_Driver,Engine_Capacity_(CC),Propulsion_Code,Age_of_Vehicle,Driver_IMD_Decile,Driver_Home_Area_Type,Vehicle_IMD_Decile
2015075086207,2,9,0,18,0,8,0,0,0,0,1,1,6,1,20,4,1229,1,9,-1,3,-1
2015075086217,1,9,0,5,0,8,0,0,0,0,3,1,6,1,53,8,1910,2,7,-1,1,-1
2015075086274,1,9,0,4,9,1,0,0,0,0,1,1,6,3,-1,-1,-1,-1,-1,-1,-1,-1
2015075086321,1,9,0,18,0,8,0,0,0,0,3,1,6,1,35,6,1229,1,6,-1,1,-1
2015075086321,2,1,0,18,0,8,0,0,0,0,1,1,6,1,11,3,-1,-1,-1,-1,1,-1
2015075086486,1,9,0,7,0,3,0,0,0,0,1,1,6,1,34,6,1229,1,8,-1,1,-1
2015075086486,2,9,0,3,0,2,0,0,0,0,2,1,1,1,45,7,1248,2,6,-1,-1,-1
2015075086490,1,9,0,18,0,0,0,0,0,0,1,1,6,1,78,11,-1,-1,-1,-1,1,-1
2015075086490,2,9,0,18,0,0,0,0,0,0,2,1,6,1,34,6,1229,1,4,-1,-1,-1
2015075086643,1,9,0,18,0,0,0,0,0,0,4,1,6,3,-1,-1,-1,-1,-1,-1,-1,-1
2015075086753,1,5,0,16,0,0,1,0,7,9,4,1,6,1,35,6,599,1,7,-1,1,-1
2015075086765,1,9,0,18,0,4,1,9,3,0,1,1,6,1,22,5,-1,-1,-1,-1,1,-1
2015075087240,1,9,0,18,0,0,0,0,7,4,1,1,6,1,38,7,2143,2,1,-1,1,-1
2015075087386,1,9,0,14,0,1,1,0,0,0,4,1,6,1,40,7,1598,1,19,-1,1,-1
2015075087541,1,9,0,18,0,1,0,0,0,0,0,1,6,2,37,7,1242,1,1,-1,1,-1
2015075087541,2,9,0,3,0,1,0,0,0,0,0,1,1,2,31,6,1582,2,3,-1,1,-1
2015075087640,1,9,0,12,0,5,0,0,0,0,3,2,6,1,25,5,-1,-1,-1,-1,-1,-1
2015075087640,2,21,1,18,0,5,0,0,0,0,4,1,1,1,31,6,11705,2,3,-1,1,-1
2015075087728,1,19,0,11,0,0,0,0,0,0,0,1,2,1,32,6,1870,2,11,-1,1,-1
2015075087728,2,5,0,18,0,0,1,0,0,0,0,1,2,1,50,8,996,1,11,-1,1,-1
2015075087780,1,9,0,18,0,0,1,10,0,4,1,1,6,2,29,6,1997,1,14,-1,1,-1
2015075087795,1,9,0,7,0,4,0,0,0,0,1,1,6,2,72,10,2967,1,14,-1,1,-1
2015075087795,2,9,0,18,0,8,0,0,0,0,4,1,6,2,32,6,1364,1,6,-1,1,-1
2015075088344,1,9,0,16,0,1,1,4,7,0,1,1,6,1,19,4,-1,-1,-1,-1,1,-1
2015075088344,2,9,0,2,0,2,0,0,0,0,1,1,6,1,22,5,2231,2,5,-1,1,-1
2015075088387,1,9,0,5,0,0,0,0,0,0,1,1,3,2,-1,-1,1598,1,6,-1,1,-1
2015075088842,1,9,0,18,0,0,0,0,0,0,1,1,2,1,26,6,1796,1,14,-1,1,-1
2015075088842,2,21,0,4,0,0,1,0,0,0,0,1,1,1,27,6,10518,2,4,-1,1,-1
2015075088842,3,11,0,18,0,0,0,0,1,0,1,1,1,1,47,8,4250,2,10,-1,1,-1
2015075088863,1,9,0,5,0,6,0,0,0,0,1,1,6,2,59,9,1149,1,4,-1,1,-1
2015075088863,2,1,0,18,0,8,0,0,0,0,4,1,2,2,21,5,-1,-1,-1,-1,1,-1
2015075088879,1,9,0,4,0,0,0,0,0,0,2,1,1,2,48,8,-1,-1,-1,-1,-1,-1
2015075088879,2,9,0,4,0,0,1,0,0,0,1,1,1,1,23,5,1299,1,14,-1,1,-1
2015075089183,1,9,0,1,0,2,0,0,0,0,2,1,1,1,51,8,1998,1,5,-1,3,-1
2015075089184,1,9,0,18,0,2,1,0,0,0,1,1,1,1,34,6,-1,-1,-1,-1,1,-1
2015075089184,2,9,0,17,0,2,0,0,0,0,2,1,6,2,43,7,1229,1,2,-1,1,-1
2015075089184,3,9,0,17,0,2,0,0,0,0,2,1,6,1,74,10,1560,2,6,-1,1,-1
2015075089374,1,19,0,18,0,0,1,0,0,0,1,1,6,1,-1,-1,1753,2,8,-1,1,-1
2015075089374,2,9,0,18,0,0,0,0,0,0,2,1,6,1,55,8,2179,2,5,-1,1,-1
2015075089752,1,9,0,1,0,2,0,0,0,0,2,1,6,2,20,4,-1,-1,-1,-1,1,-1
2015075089752,2,19,0,5,0,6,0,0,0,0,1,1,6,1,28,6,2198,2,7,-1,1,-1
2015075090234,1,9,0,10,0,8,0,0,0,0,3,1,6,1,33,6,1968,2,4,-1,1,-1
2015075090234,2,3,0,18,0,1,1,0,0,0,1,1,6,1,17,4,-1,-1,-1,-1,1,-1
2015075090693,1,9,0,3,0,1,0,0,0,0,2,1,6,2,39,7,998,1,9,-1,1,-1
2015075090693,2,9,0,4,0,1,0,0,0,0,1,1,6,2,23,5,1242,1,2,-1,1,-1
2015075090709,1,9,0,18,0,0,0,0,1,11,1,1,6,1,90,11,1998,1,11,-1,1,-1
2015075090709,2,9,0,3,0,0,0,0,0,0,1,1,2,1,25,5,-1,-1,-1,-1,1,-1
2015075090732,1,9,0,5,9,0,0,0,0,0,1,1,6,3,54,8,2993,2,8,-1,3,-1
2015075091088,1,9,0,5,0,6,1,0,0,0,3,1,2,1,46,8,1364,1,6,-1,1,-1
2015075091088,2,3,0,18,0,8,2,0,0,0,1,1,2,1,17,4,-1,-1,-1,-1,2,-1
2015075091091,1,9,0,18,0,0,0,0,0,0,1,1,1,1,50,8,-1,-1,-1,-1,1,-1
2015075091093,1,1,0,14,0,2,0,0,0,0,1,1,6,1,79,11,-1,-1,-1,-1,1,-1
2015075091093,2,19,0,2,0,2,0,0,0,0,3,1,1,1,47,8,1248,2,8,-1,1,-1
2015075091115,1,9,0,18,0,0,0,0,0,0,1,1,6,2,25,5,1598,1,12,-1,-1,-1
2015075091115,2,9,0,15,0,0,0,0,0,0,1,1,6,2,32,6,1796,1,9,-1,1,-1
2015075091457,1,9,0,11,0,0,0,0,0,0,0,1,6,1,-1,-1,1596,1,9,-1,-1,-1
2015075091457,2,9,0,11,0,0,0,0,0,0,2,1,1,1,40,7,1598,2,-1,-1,1,-1
2015075091457,3,21,0,18,0,0,0,0,0,0,1,1,1,1,-1,-1,6374,2,2,-1,-1,-1
2015075091616,1,9,0,16,0,0,0,0,0,0,1,1,6,1,63,9,1596,1,1,-1,3,-1
2015075091616,2,9,0,18,0,0,0,0,0,0,1,1,2,1,45,7,-1,-1,-1,-1,1,-1
2015075091709,1,9,0,9,0,6,0,0,0,0,1,1,2,1,54,8,1461,2,5,-1,1,-1
2015075091709,2,9,0,18,0,1,0,0,7,0,4,1,2,1,36,7,1896,2,7,-1,1,-1
2015075091781,1,9,0,9,0,6,0,0,7,0,4,1,6,1,-1,-1,2996,1,6,-1,1,-1
2015075091781,2,1,0,18,0,1,0,0,1,0,1,1,1,1,39,7,-1,-1,-1,-1,-1,-1
2015075092267,1,9,0,18,0,0,5,10,1,1,1,1,6,1,29,6,1753,2,12,-1,1,-1
2015075092361,1,9,0,18,0,0,0,0,0,0,1,1,6,2,64,9,1587,1,9,-1,3,-1
2015075092361,2,9,0,18,0,0,0,0,0,0,2,1,6,3,-1,-1,-1,-1,-1,-1,-1,-1
2015075092618,1,9,0,18,0,0,0,0,0,0,1,1,6,1,30,6,3498,1,7,-1,1,-1
2015075093094,1,9,0,16,0,0,2,0,7,11,4,1,6,1,19,4,1000,1,15,-1,3,-1
2015075093274,1,9,0,18,0,2,0,0,0,0,1,1,6,2,23,5,1399,2,9,-1,2,-1
2015075093274,2,9,0,3,0,2,0,0,0,0,2,1,6,2,45,7,1995,2,13,-1,1,-1
2015075093336,1,9,0,18,0,0,1,0,5,6,3,1,6,2,47,8,1341,1,13,-1,1,-1
2015075093447,1,9,0,9,0,1,0,0,0,0,1,1,6,1,25,5,1997,2,10,-1,1,-1
2015075093447,2,9,0,10,0,1,0,0,0,0,3,1,6,1,77,11,-1,-1,-1,-1,2,-1
2015075093664,1,19,0,9,0,1,5,7,0,1,0,1,1,1,30,6,2298,2,1,-1,1,-1
2015075093664,2,9,0,18,0,1,0,0,0,0,1,1,6,1,72,10,1598,1,5,-1,1,-1
2015075093690,1,3,0,18,0,3,0,0,1,0,1,1,6,1,19,4,124,1,-1,-1,1,-1
2015075094512,1,9,0,18,0,0,1,0,7,4,3,1,6,1,25,5,1595,1,17,-1,-1,-1
2015075094630,1,9,0,13,0,0,0,0,0,0,1,1,6,1,20,4,2987,2,1,-1,3,-1
2015075094630,2,9,4,17,0,0,0,0,0,0,2,1,6,2,49,8,1968,2,5,-1,3,-1
2015075094854,1,9,0,18,0,2,0,0,0,0,4,1,6,2,26,6,1229,1,7,-1,1,-1
2015075094896,1,9,0,9,0,5,0,0,0,0,1,1,6,1,24,5,1995,2,6,-1,1,-1
2015075094896,2,9,0,18,0,1,0,0,0,0,1,1,1,1,34,6,1910,2,8,-1,1,-1
2015075095219,1,9,0,18,0,1,0,0,0,0,1,1,6,1,30,6,1598,1,-1,-1,1,-1
2015075095219,2,9,0,17,0,1,0,0,0,0,4,1,2,2,62,9,1364,2,12,-1,2,-1
2015075095254,1,9,0,4,0,0,0,0,0,0,2,1,6,1,21,5,1596,1,14,-1,1,-1
2015075095254,2,9,0,18,0,0,0,0,0,0,1,1,6,2,42,7,2000,2,4,-1,1,-1
2015075095254,3,9,0,18,0,0,0,0,0,0,1,1,6,2,27,6,1997,2,5,-1,1,-1
2015075095254,4,9,0,18,0,0,0,0,0,0,2,1,6,1,36,7,1998,2,7,-1,-1,-1
2015075095254,5,9,0,18,0,0,0,0,0,0,4,1,6,1,61,9,1998,8,-1,-1,1,-1
2015075095360,1,1,0,18,0,1,5,10,0,0,0,1,6,1,59,9,-1,-1,-1,-1,1,-1
2015075095376,1,9,0,18,0,1,0,0,0,0,1,1,6,2,32,6,1753,2,12,-1,3,-1
2015075095376,2,9,0,4,0,1,0,0,0,0,2,1,6,2,49,8,1499,1,1,-1,1,-1
2015075095430,1,1,0,17,0,0,0,0,2,11,1,1,6,1,52,8,-1,-1,-1,-1,1,-1
2015075095456,1,9,0,3,0,0,0,0,0,0,2,1,6,1,27,6,1896,2,10,-1,1,-1
2015075095456,2,19,0,3,0,0,0,0,0,0,2,1,6,1,36,7,2198,2,8,-1,1,-1
2015075095456,3,9,0,4,0,0,0,0,0,0,1,1,6,2,18,4,1242,1,8,-1,1,-1
2015075095514,1,9,0,18,0,0,0,0,1,0,1,1,6,1,32,6,1598,1,9,-1,1,-1
2015075095514,2,19,0,4,0,0,0,0,0,0,3,1,6,1,23,5,-1,-1,-1,-1,1,-1
2015075095514,3,9,0,18,0,0,0,0,1,10,3,1,6,1,47,8,1796,1,8,-1,3,-1
2015075095646,1,1,0,18,0,6,5,0,0,0,2,1,6,1,10,2,-1,-1,-1,-1,1,-1
2015075095646,2,9,0,18,0,8,1,0,0,0,3,1,6,1,28,6,1895,1,16,-1,1,-1
2015075095888,1,9,0,18,0,0,0,0,0,0,1,1,6,3,-1,-1,-1,-1,-1,-1,-1,-1
2015075095888,2,9,0,2,0,0,0,0,0,0,3,1,6,1,47,8,1149,1,17,-1,-1,-1
2015075095916,1,9,0,18,0,0,5,10,0,0,1,1,2,2,28,6,1199,1,11,-1,3,-1
2015075096272,1,9,0,2,0,0,0,2,0,0,2,1,6,2,72,10,1248,1,2,-1,1,-1
2015075096272,2,9,0,14,0,0,0,2,0,0,1,1,6,1,39,7,1753,2,11,-1,1,-1
2015075096586,1,9,0,6,0,8,0,0,0,0,3,1,6,2,28,6,1329,1,3,-1,1,-1
2015075096586,2,9,0,18,0,8,0,0,0,0,1,1,6,2,46,8,1587,1,14,-1,1,-1
2015075096673,1,9,0,7,0,8,0,0,7,1,1,1,6,1,79,11,1198,1,5,-1,1,-1
2015075096673,2,2,0,3,0,8,0,0,0,0,2,1,6,1,18,4,49,1,2,-1,3,-1
2015075096735,1,9,0,4,0,0,0,0,0,0,2,1,6,2,33,6,1968,2,1,-1,1,-1
2015075096735,2,9,0,18,0,0,0,0,0,6,1,1,6,2,22,5,1242,1,9,-1,1,-1
2015075096780,1,11,0,17,0,6,0,0,0,0,1,1,1,1,-1,-1,7300,2,6,-1,1,-1
2015075096781,1,9,0,16,0,0,1,0,7,9,1,1,1,1,22,5,1798,1,6,-1,3,-1
2015075096781,2,9,0,17,0,0,2,0,0,0,1,1,1,1,58,9,1968,2,5,-1,1,-1
2015075096781,3,9,0,16,0,0,0,0,1,9,3,1,6,1,48,8,1598,1,9,-1,1,-1
2015075096876,1,9,0,18,0,1,0,0,0,0,1,1,6,1,-1,-1,-1,-1,-1,-1,-1,-1
2015075096891,1,4,0,18,0,0,0,0,0,0,1,1,6,1,24,5,-1,-1,-1,-1,-1,-1
2015075096891,2,9,0,18,0,0,0,0,0,0,4,1,6,1,55,8,998,1,5,-1,-1,-1
2015075097235,1,9,0,18,0,0,0,0,1,0,1,1,1,2,61,9,998,1,9,-1,1,-1
2015075097235,2,9,0,2,0,0,0,0,0,0,2,1,6,2,58,9,1598,1,5,-1,1,-1
2015075097533,1,9,0,6,0,0,0,0,0,0,3,1,6,2,51,8,1248,2,2,-1,1,-1
2015075097533,2,3,0,18,0,0,0,0,0,0,1,1,6,1,21,5,124,1,9,-1,1,-1
2015075097542,1,9,0,2,9,0,0,0,0,0,4,1,6,1,28,6,-1,-1,-1,-1,2,-1
2015075097612,1,9,0,18,0,0,0,0,0,0,1,1,6,2,30,6,1995,1,8,-1,2,-1
2015075097612,2,9,0,18,0,0,0,0,0,0,2,1,6,1,38,7,-1,-1,-1,-1,1,-1
2015075097612,3,9,0,18,0,0,0,0,0,0,2,1,6,2,47,8,1995,2,1,-1,3,-1
2015075097624,1,9,0,18,0,0,0,0,0,0,1,1,6,2,41,7,998,1,15,-1,1,-1
2015075097624,2,19,0,2,0,0,0,0,0,0,0,1,1,1,45,7,2874,2,18,-1,1,-1
2015075097852,1,9,0,2,0,0,0,0,0,0,1,1,6,2,39,7,1796,1,6,-1,1,-1
2015075097852,2,9,0,3,0,0,0,0,0,0,2,1,6,1,43,7,1461,2,1,-1,1,-1
2015075097852,3,9,0,14,0,0,0,0,0,0,0,1,6,2,-1,-1,1998,1,11,-1,-1,-1
2015075098059,1,9,3,9,0,8,0,0,0,0,4,1,6,3,-1,-1,-1,-1,-1,-1,-1,-1
2015075098059,2,1,0,18,0,8,0,0,0,0,1,1,6,1,35,6,-1,-1,-1,-1,1,-1
2015075098476,1,19,0,9,0,8,0,0,0,0,1,1,1,1,45,7,2143,2,3,-1,1,-1
2015075098476,2,9,0,18,0,8,0,0,0,0,1,1,6,2,77,11,1339,1,11,-1,1,-1
2015075098476,3,9,0,18,0,1,0,0,0,0,1,1,6,2,32,6,1390,1,12,-1,1,-1
2015075098502,1,9,0,9,0,6,0,0,1,0,1,2,1,1,19,4,1560,2,6,-1,1,-1
2015075098502,2,9,0,18,0,1,0,0,0,0,1,2,6,2,46,8,1560,2,8,-1,2,-1
2015075098940,1,9,0,18,0,0,0,0,0,0,1,1,6,1,18,4,1398,1,5,-1,1,-1
2015075098995,1,9,0,5,0,0,0,0,0,0,1,1,6,1,39,7,1582,2,-1,-1,-1,-1
2015075098995,2,5,0,18,0,0,1,0,0,0,1,1,6,1,55,8,1340,1,5,-1,1,-1
2015075099025,1,1,0,12,0,1,0,0,0,0,1,1,6,1,24,5,-1,-1,-1,-1,1,-1
2015075099025,2,8,0,18,0,1,0,0,0,0,1,1,1,1,34,6,1753,2,8,-1,1,-1
2015075099036,1,5,0,16,0,0,0,0,8,7,3,1,6,1,22,5,600,1,18,-1,2,-1
2015075099381,1,9,0,9,0,8,0,0,0,0,1,1,1,2,56,9,1587,1,11,-1,1,-1
2015075099381,2,9,0,18,0,8,0,0,1,0,1,1,6,1,57,9,1560,2,8,-1,2,-1
2015075099381,3,9,0,18,0,8,0,0,0,0,1,1,1,1,49,8,1461,2,3,-1,1,-1
2015075099381,4,19,0,18,0,8,0,0,0,0,1,1,1,1,68,10,1560,2,-1,-1,1,-1
2015075099584,1,20,0,13,0,1,0,0,0,0,4,1,1,1,39,7,-1,-1,-1,-1,1,-1
2015075099584,2,1,0,18,0,1,0,0,1,0,3,1,6,1,21,5,-1,-1,-1,-1,1,-1
2015075099584,3,1,0,18,0,1,0,0,0,0,3,1,6,1,28,6,-1,-1,-1,-1,-1,-1
2015075099672,1,21,1,18,0,1,0,0,0,0,1,1,1,1,36,7,11705,2,7,-1,1,-1
2015075099672,2,9,0,4,0,1,0,0,0,0,2,1,6,2,34,6,1995,2,12,-1,3,-1
2015075099844,1,9,0,18,0,0,0,0,0,0,1,1,6,1,54,8,1686,2,2,-1,1,-1
2015075099893,1,9,0,18,0,8,0,0,0,0,1,2,6,1,24,5,-1,-1,-1,-1,1,-1
2015075099893,2,9,0,4,0,8,0,0,0,0,2,1,6,2,40,7,1968,2,4,-1,1,-1
2015075099893,3,9,0,4,0,8,0,0,0,0,2,1,1,1,47,8,-1,-1,-1,-1,1,-1
2015075099938,1,19,0,4,0,1,0,11,0,0,1,1,1,1,-1,-1,1598,2,-1,-1,-1,-1
2015075099938,2,9,0,4,0,1,0,11,0,0,2,1,6,2,29,6,-1,-1,-1,-1,1,-1
2015075099938,3,19,0,4,0,1,0,11,0,0,2,1,1,1,-1,-1,2198,2,2,-1,-1,-1
2015075100076,1,9,0,18,0,2,0,0,0,0,4,1,6,3,-1,-1,-1,-1,-1,-1,-1,-1
2015075100076,2,1,0,18,0,2,0,0,0,0,4,1,6,2,14,3,-1,-1,-1,-1,1,-1
2015075100085,1,9,0,11,0,2,0,0,0,0,1,1,6,1,54,8,1995,2,1,-1,1,-1
2015075100085,2,9,0,11,0,2,0,0,0,0,2,1,6,2,25,5,1596,1,2,-1,1,-1
2015075100137,1,9,0,16,0,0,1,0,7,4,1,1,6,1,69,10,1248,1,2,-1,1,-1
2015075100617,1,9,0,6,0,0,0,0,0,0,4,1,6,1,51,8,2184,2,9,-1,1,-1
2015075100617,2,9,0,4,0,0,0,0,0,0,1,1,1,1,29,6,1995,2,4,-1,1,-1
2015075100753,1,9,0,9,0,1,0,0,0,0,3,1,6,2,52,8,2204,2,7,-1,3,-1
2015075100753,2,9,0,18,0,1,0,0,0,0,1,1,6,2,49,8,1598,2,2,-1,2,-1
2015075100956,1,9,0,18,0,0,0,0,0,0,4,1,6,3,-1,-1,1796,1,7,-1,1,-1
2015075100956,2,9,0,2,0,0,0,0,0,0,3,1,6,1,48,8,996,1,1,-1,1,-1
2015075100976,1,9,0,17,0,0,0,0,1,4,1,1,6,1,66,10,1796,1,10,-1,2,-1
2015075100984,1,9,0,5,0,1,0,0,0,0,1,1,6,1,18,4,1242,1,7,-1,1,-1
2015075100984,2,9,0,7,0,5,0,0,0,0,4,1,6,2,34,6,1360,1,4,-1,1,-1
2015075101697,1,9,0,16,0,0,1,0,1,11,3,1,6,2,22,5,1598,1,13,-1,3,-1
2015075101741,1,9,0,10,0,1,0,0,0,0,1,1,6,1,55,8,-1,-1,-1,-1,1,-1
2015075101741,2,9,0,18,0,1,0,0,0,0,2,1,6,1,44,7,1968,2,1,-1,1,-1
2015075101985,1,9,0,18,0,0,1,0,0,0,1,1,6,1,23,5,1796,1,7,-1,1,-1
2015075101985,2,9,0,3,0,0,0,0,0,0,2,1,6,1,54,8,1598,2,-1,-1,1,-1
2015075101985,3,19,0,3,0,0,0,0,0,0,2,1,6,1,34,6,1560,2,2,-1,1,-1
2015075101985,4,9,0,3,0,0,0,0,0,0,2,1,6,1,31,6,1968,2,6,-1,-1,-1
2015075102045,1,9,0,17,0,0,1,0,1,4,1,1,6,1,22,5,1299,1,12,-1,1,-1
2015075102284,1,9,0,16,0,0,2,0,7,10,3,1,6,1,22,5,2494,2,11,-1,-1,-1
2015075102792,1,9,0,5,0,0,0,4,0,0,1,1,6,1,-1,-1,1988,1,13,-1,2,-1
2015075102792,2,9,0,18,0,0,0,0,0,0,4,1,6,2,26,6,1197,1,1,-1,1,-1
2015075102792,3,9,0,2,0,0,0,0,0,0,4,1,6,2,-1,-1,1299,1,8,-1,1,-1
2015075102857,1,9,0,18,2,0,0,0,0,0,4,1,1,1,54,8,1968,2,2,-1,1,-1
2015075103101,1,9,0,9,0,6,0,0,0,0,3,1,1,1,52,8,2179,2,4,-1,1,-1
2015075103101,2,9,0,18,0,8,0,0,0,0,1,1,2,2,41,7,998,1,4,-1,2,-1
2015075103451,1,9,0,18,0,4,0,0,0,0,0,1,6,1,-1,-1,-1,-1,-1,-1,1,-1
2015075103451,2,9,0,18,0,8,0,0,0,0,0,1,1,1,38,7,1995,2,14,-1,1,-1
2015075103458,1,9,0,9,0,8,0,0,0,0,3,1,6,1,21,5,1124,1,12,-1,1,-1
2015075103458,2,9,0,18,0,8,0,0,0,0,1,1,6,2,45,7,1968,2,1,-1,1,-1
2015075103498,1,9,0,18,0,0,0,0,0,0,1,1,1,2,55,8,-1,-1,-1,-1,1,-1
2015075103498,2,9,0,3,0,0,0,0,0,0,2,1,1,1,26,6,1598,1,6,-1,1,-1
2015075103637,1,9,0,18,0,0,0,0,0,0,1,1,6,1,59,9,1242,1,2,-1,1,-1
2015075103637,2,9,0,18,0,0,0,0,0,0,0,1,6,1,47,8,1984,1,14,-1,3,-1
2015075103637,3,9,0,18,0,0,0,0,0,0,2,1,6,2,39,7,2231,2,9,-1,1,-1
2015075103637,4,11,0,18,0,0,0,0,0,0,0,1,6,1,54,8,7300,2,6,-1,1,-1
2015075103735,1,9,0,5,0,4,0,0,0,0,1,1,6,2,33,6,1390,1,10,-1,2,-1
2015075103927,1,9,0,5,0,6,1,0,0,0,1,1,1,1,24,5,-1,-1,-1,-1,1,-1
2015075103927,2,1,0,18,0,8,5,0,0,0,1,1,2,1,59,9,-1,-1,-1,-1,1,-1
2015075103945,1,9,0,1,0,8,0,0,0,0,2,1,2,1,49,8,1896,2,11,-1,1,-1
2015075104046,1,9,0,4,0,0,0,0,0,0,2,1,2,2,33,6,1968,2,6,-1,2,-1
2015075104046,2,9,0,4,0,0,0,0,0,0,1,1,2,2,44,7,1242,1,14,-1,1,-1
2015075104046,3,9,0,4,0,0,0,0,0,0,1,1,2,2,48,8,1984,1,7,-1,3,-1
2015075104046,4,9,0,4,0,0,0,0,0,0,1,1,2,2,63,9,-1,-1,-1,-1,1,-1
2015075104046,5,9,0,4,0,0,0,0,0,0,1,1,2,1,52,8,1997,2,-1,-1,1,-1
2015075104102,1,9,0,9,0,1,0,0,0,0,1,1,6,2,33,6,1997,2,2,-1,2,-1
2015075104102,2,9,0,18,0,1,0,0,0,0,1,1,6,2,73,10,1242,1,6,-1,2,-1
2015075104102,3,9,0,10,0,1,0,0,0,0,3,1,6,1,43,7,1396,1,13,-1,2,-1
2015075104493,1,21,1,18,0,0,0,6,0,0,3,1,1,1,58,9,12777,2,2,-1,-1,-1
2015075104567,1,9,0,18,0,0,0,0,0,0,1,1,2,1,22,5,2000,2,4,-1,1,-1
2015075104567,2,9,0,4,0,0,0,0,7,6,2,1,2,1,50,8,1596,1,13,-1,1,-1
2015075104625,1,9,0,9,0,8,0,0,0,0,1,1,6,3,-1,-1,1598,2,2,-1,-1,-1
2015075104625,2,1,0,18,0,8,0,0,0,0,3,1,6,1,32,6,-1,-1,-1,-1,1,-1
2015075104895,1,9,0,15,0,1,0,0,0,0,1,1,6,1,85,11,999,1,14,-1,1,-1
2015075104895,2,9,0,9,0,2,0,0,0,0,2,1,2,1,23,5,1984,1,8,-1,1,-1
2015075104895,3,9,0,10,0,2,0,0,0,0,1,1,6,1,48,8,-1,-1,-1,-1,1,-1
2015075104895,4,9,0,18,0,1,0,0,0,0,1,1,6,2,37,7,1995,2,3,-1,1,-1
2015075105035,1,9,0,1,0,6,0,0,0,0,2,1,6,2,35,6,1149,1,3,-1,1,-1
2015075105035,2,9,0,18,0,1,0,0,0,0,3,1,6,2,53,8,1388,1,11,-1,1,-1
2015075105204,1,9,0,5,0,1,0,0,0,0,0,1,6,2,45,7,1149,1,12,-1,1,-1
2015075105204,2,9,0,18,0,1,0,0,0,0,1,1,6,1,-1,-1,4398,7,11,-1,1,-1
2015075105204,3,9,0,18,0,1,0,0,0,0,2,1,6,1,43,7,1598,1,6,-1,1,-1
2015075105288,1,9,0,18,0,8,1,0,0,0,3,1,6,1,22,5,2993,2,10,-1,1,-1
2015075105750,1,3,0,9,0,8,0,10,1,5,4,1,2,1,20,4,124,1,7,-1,1,-1
2015075105847,1,9,0,9,0,6,0,0,0,0,1,1,6,1,53,8,1390,1,13,-1,1,-1
2015075105847,2,3,0,18,0,2,0,0,0,0,3,1,6,1,21,5,124,1,-1,-1,1,-1
2015075106302,1,9,0,18,0,0,1,0,7,11,1,1,6,1,20,4,1997,2,14,-1,2,-1
2015075106568,1,9,0,18,0,4,0,0,0,0,1,1,2,2,50,8,1598,1,5,-1,1,-1
2015075106568,2,1,0,18,0,8,0,0,0,0,4,1,2,1,23,5,-1,-1,-1,-1,1,-1
2015075106863,1,1,0,3,0,2,0,0,0,0,2,1,6,1,17,4,-1,-1,-1,-1,3,-1
2015075106883,1,9,0,18,0,0,0,0,0,0,1,1,6,1,82,11,1299,1,10,-1,1,-1
2015075106924,1,19,0,18,0,0,0,0,0,0,1,1,1,1,54,8,1560,2,3,-1,1,-1
2015075106924,2,9,0,4,0,0,0,0,0,0,2,1,6,1,49,8,-1,-1,-1,-1,1,-1
2015075106924,3,9,0,4,0,0,0,0,0,0,2,1,1,1,27,6,1910,2,13,-1,1,-1
2015075106924,4,19,0,4,0,0,0,0,0,0,2,1,1,2,28,6,1560,2,3,-1,1,-1
2015075106924,5,9,0,4,0,0,0,0,0,0,2,1,6,2,37,7,1598,1,6,-1,1,-1
2015075106972,1,9,0,4,0,6,0,0,0,0,1,1,6,1,-1,-1,1598,2,4,-1,3,-1
2015075106972,2,9,0,5,0,6,0,0,0,0,2,1,6,1,31,6,1598,1,12,-1,1,-1
2015075107026,1,9,0,5,9,6,0,0,0,0,1,1,6,2,-1,-1,1905,2,17,-1,1,-1
2015075107026,2,1,0,18,9,8,0,0,0,0,3,1,6,1,23,5,-1,-1,-1,-1,1,-1
2015075107090,1,9,0,9,0,6,0,0,0,0,1,1,6,1,62,9,1968,2,2,-1,3,-1
2015075107090,2,9,0,18,0,8,0,4,7,0,3,1,6,2,23,5,1388,1,7,-1,3,-1
2015075107090,3,9,0,2,0,8,0,0,0,0,3,1,6,2,28,6,998,1,10,-1,1,-1
2015075107090,4,9,0,2,0,8,0,0,0,0,4,1,6,2,27,6,1242,1,8,-1,1,-1
2015075107162,1,9,0,10,0,1,0,0,0,0,2,1,6,1,19,4,1560,2,1,-1,1,-1
2015075107162,2,9,0,3,0,1,0,0,0,0,2,1,2,1,46,8,1797,8,1,-1,-1,-1
2015075107162,3,9,0,3,0,1,0,0,0,0,2,1,2,1,51,8,1794,1,12,-1,1,-1
2015075107162,4,9,0,3,0,1,0,0,0,0,1,1,6,1,29,6,1910,2,6,-1,2,-1