Accident_Index,Vehicle_Reference,Vehicle_Type,Towing_and_Articulation,Vehicle_Manoeuvre,Vehicle_Location-Restricted_Lane,Junction_Location,Skidding_and_Overturning,Hit_Object_in_Carriageway,Vehicle_Leaving_Carriageway,Hit_Object_off_Carriageway,1st_Point_of_Impact,Was_Vehicle_Left_Hand_Drive?,Journey_Purpose_of_Driver,Sex_of_Driver,Age_of_Driver,Age_Band_of_Driver,Engine_Capacity_(CC),Propulsion_Code,Age_of_Vehicle,Driver_IMD_Decile,Driver_Home_Area_Type,Vehicle_IMD_Decile
2015075107411,1,9,0,9,0,6,0,0,0,0,1,1,6,1,58,9,1988,2,11,-1,1,-1
2015075107411,2,9,0,9,0,6,0,0,0,0,2,1,6,1,41,7,2400,2,1,-1,1,-1
2015075107696,1,9,0,18,0,0,2,0,0,4,0,1,2,1,28,6,1598,1,9,-1,3,-1
2015075107992,1,9,0,18,0,1,0,0,0,1,1,1,6,1,84,11,1198,1,2,-1,1,-1
2015075107992,2,9,0,18,0,1,0,0,0,0,4,1,6,1,52,8,-1,-1,-1,-1,1,-1
2015075108101,1,9,0,9,0,8,0,0,0,0,3,1,6,1,29,6,5998,1,8,-1,1,-1
2015075108101,2,1,0,18,0,1,2,0,0,0,1,1,6,1,42,7,-1,-1,-1,-1,1,-1
2015075108415,1,9,0,18,0,1,0,0,0,0,1,1,6,1,19,4,1598,1,6,-1,1,-1
2015075108445,1,9,0,7,0,5,0,0,0,0,3,1,6,1,36,7,1229,1,2,-1,1,-1
2015075108445,2,1,0,18,0,8,0,0,0,0,4,1,2,1,52,8,-1,-1,-1,-1,-1,-1
2015075108720,1,9,0,18,0,8,0,10,3,1,1,1,6,1,22,5,1598,1,8,-1,1,-1
2015075108829,1,17,0,9,0,5,0,0,0,0,3,1,1,1,-1,-1,-1,-1,-1,-1,3,-1
2015075108829,2,1,0,13,0,1,0,0,0,0,1,1,6,1,36,7,-1,-1,-1,-1,3,-1
2015075108959,1,9,0,18,0,2,0,0,0,0,1,1,6,1,23,5,1968,2,6,-1,1,-1
2015075108959,2,1,0,5,0,2,0,0,0,0,2,1,6,1,30,6,-1,-1,-1,-1,1,-1
2015075109030,1,9,0,18,0,0,0,0,0,0,1,1,6,2,72,10,1240,1,10,-1,1,-1
2015075109030,2,9,0,2,0,0,0,0,0,0,3,1,6,1,28,6,1998,1,11,-1,1,-1
2015075109030,3,9,0,2,0,0,0,0,0,0,2,1,6,1,29,6,-1,-1,-1,-1,3,-1
2015075109030,4,9,0,2,0,0,0,0,0,0,2,1,6,2,30,6,1229,1,7,-1,1,-1
2015075109268,1,9,0,4,0,1,0,0,0,0,1,1,6,2,24,5,1398,1,4,-1,1,-1
2015075109268,2,9,0,4,0,1,0,0,0,0,2,1,6,1,29,6,1995,1,8,-1,1,-1
2015075109395,1,9,0,18,0,8,0,0,0,0,1,1,6,1,51,8,1995,2,3,-1,1,-1
2015075109395,2,9,0,3,0,4,0,0,0,0,2,1,6,1,33,6,2460,2,10,-1,1,-1
2015075109944,1,9,4,18,0,0,1,0,0,0,1,1,6,1,42,7,1796,1,13,-1,1,-1
2015075109944,2,9,0,3,0,0,0,0,0,0,2,1,6,1,29,6,1794,1,14,-1,2,-1
2015075109944,3,9,0,3,0,0,0,0,0,0,2,1,6,1,59,9,1798,1,12,-1,2,-1
2015075110008,1,9,0,18,0,6,0,0,0,0,1,1,6,2,51,8,2148,2,10,-1,1,-1
2015075110008,2,1,0,18,0,8,0,0,0,0,1,1,6,1,54,8,-1,-1,-1,-1,1,-1
2015075110088,1,9,0,7,4,5,0,0,0,0,1,1,6,1,-1,-1,1398,2,5,-1,2,-1
2015075110088,2,1,0,18,4,8,0,0,0,0,4,1,6,1,38,7,-1,-1,-1,-1,1,-1
2015075110109,1,9,0,4,0,1,0,0,0,0,1,1,6,1,18,4,1198,1,5,-1,1,-1
2015075110109,2,9,0,4,0,1,0,0,0,0,0,1,6,1,56,9,1910,2,14,-1,1,-1
2015075110219,1,9,0,18,0,6,0,0,0,0,1,1,6,1,61,9,1997,1,2,-1,3,-1
2015075110219,2,9,0,18,0,8,0,0,0,0,4,1,6,1,29,6,1796,1,11,-1,1,-1
2015075110258,1,9,0,9,0,2,0,0,0,0,1,1,6,2,24,5,1598,1,10,-1,1,-1
2015075110258,2,9,0,18,0,1,5,0,0,0,4,1,2,1,24,5,1198,1,8,-1,1,-1
2015075110336,1,9,0,9,0,1,0,0,0,0,3,1,6,1,46,8,1997,1,13,-1,1,-1
2015075110336,2,1,0,18,0,1,0,0,0,0,1,1,6,1,16,4,-1,-1,-1,-1,1,-1
2015075110682,1,9,0,18,0,1,0,0,0,0,1,1,3,2,17,4,1198,1,6,-1,3,-1
2015075110682,2,9,0,18,0,1,0,0,1,10,1,1,3,2,52,8,1242,1,2,-1,1,-1
2015075110689,1,1,0,18,0,1,0,0,0,0,1,1,1,1,39,7,-1,-1,-1,-1,3,-1
2015075110689,2,19,0,18,0,1,0,0,0,0,3,1,1,1,52,8,1461,2,2,-1,1,-1
2015075110736,1,9,0,9,0,1,0,0,0,0,0,1,2,1,27,6,1560,2,7,-1,1,-1
2015075110828,1,9,0,18,0,1,0,0,0,0,1,1,4,1,18,4,998,1,7,-1,1,-1
2015075110974,1,9,0,1,0,0,0,0,0,0,2,1,6,2,76,11,1086,1,6,-1,1,-1
2015075110974,2,9,0,2,0,0,0,0,0,0,3,1,6,1,55,8,1396,1,15,-1,1,-1
2015075111251,1,1,0,18,0,6,0,0,0,0,1,1,6,1,11,3,-1,-1,-1,-1,1,-1
2015075111251,2,9,0,18,0,1,0,0,0,0,3,1,2,1,57,9,1999,1,14,-1,1,-1
2015075111312,1,9,0,13,0,2,0,0,0,0,4,1,6,3,-1,-1,-1,-1,-1,-1,-1,-1
2015075111312,2,5,0,18,0,2,2,0,0,0,3,1,6,1,73,10,980,1,23,-1,3,-1
2015075111346,1,9,0,3,0,1,0,0,0,0,1,1,2,1,39,7,1461,2,13,-1,1,-1
2015075111346,2,9,0,3,0,1,0,0,0,0,2,1,2,1,35,6,1686,2,14,-1,1,-1
2015075111360,1,9,0,9,0,5,0,0,0,0,1,1,6,2,78,11,1390,1,11,-1,1,-1
2015075111360,2,1,0,18,0,8,5,0,0,0,1,1,2,1,48,8,-1,-1,-1,-1,1,-1
2015075111367,1,5,0,17,0,0,0,0,1,10,1,1,6,1,54,8,1000,1,12,-1,1,-1
2015075111467,1,9,0,16,0,0,2,0,8,11,1,1,6,1,25,5,1149,1,13,-1,1,-1
2015075111830,1,1,0,12,0,2,0,0,0,0,3,1,2,1,24,5,-1,-1,-1,-1,1,-1
2015075111830,2,9,0,15,0,2,0,0,0,0,4,1,2,2,48,8,-1,-1,-1,-1,1,-1
2015075111839,1,19,0,18,0,6,0,0,0,0,0,1,3,1,49,8,1998,2,9,-1,1,-1
2015075111889,1,2,0,18,0,8,5,0,0,0,1,1,2,1,27,6,49,1,4,-1,-1,-1
2015075111889,2,9,0,6,0,8,0,0,0,0,3,1,2,2,50,8,1598,1,9,-1,1,-1
2015075111898,1,5,0,5,0,2,5,0,0,0,0,1,2,1,29,6,998,1,9,-1,1,-1
2015075112052,1,9,0,4,0,1,0,11,0,0,1,1,6,2,39,7,1995,2,2,-1,1,-1
2015075112069,1,9,0,4,0,0,0,0,0,0,4,1,1,2,48,8,1997,2,2,-1,1,-1
2015075112160,1,3,0,18,0,8,0,0,0,0,1,1,6,1,20,4,125,1,-1,-1,1,-1
2015075112160,2,9,0,18,0,8,0,0,0,0,1,1,6,2,45,7,1391,1,20,-1,1,-1
2015075112470,1,20,0,13,0,0,0,0,0,0,0,1,6,1,-1,-1,-1,-1,-1,-1,-1,-1
2015075112470,2,16,0,18,0,0,0,0,0,0,0,1,1,2,20,4,-1,-1,-1,-1,1,-1
2015075112476,1,97,0,7,0,3,0,0,0,0,1,1,6,1,20,4,689,1,1,-1,1,-1
2015075112476,2,1,0,18,0,8,0,0,0,0,1,1,6,2,47,8,-1,-1,-1,-1,1,-1
2015075112733,1,9,0,18,0,8,0,0,0,0,1,1,6,3,-1,-1,-1,-1,-1,-1,-1,-1
2015075113036,1,9,0,4,0,0,0,0,0,0,1,1,2,2,29,6,1499,1,9,-1,1,-1
2015075113036,2,9,0,3,0,0,0,0,0,0,2,1,2,2,26,6,1242,1,2,-1,1,-1
2015075113204,1,9,0,18,0,1,0,0,0,0,1,1,2,1,53,8,1360,1,10,-1,1,-1
2015075113204,2,9,0,18,0,1,0,0,0,0,2,1,6,1,49,8,1870,2,11,-1,1,-1
2015075113204,3,21,0,9,0,8,0,0,0,0,0,1,1,1,-1,-1,-1,-1,-1,-1,-1,-1
2015075113213,1,9,0,14,0,0,0,0,0,0,1,1,6,2,80,11,1400,1,9,-1,3,-1
2015075113213,2,9,0,3,0,0,0,0,0,0,3,1,2,1,21,5,-1,-1,-1,-1,3,-1
2015075113214,1,1,0,18,0,2,5,0,0,0,0,1,6,1,40,7,-1,-1,-1,-1,2,-1
2015075113345,1,21,0,18,0,1,0,0,0,0,1,1,1,1,54,8,4462,2,1,-1,1,-1
2015075113345,2,9,0,3,0,1,0,0,0,0,2,1,6,2,45,7,1598,1,6,-1,1,-1
2015075113345,3,20,0,3,0,1,0,0,0,0,2,1,1,1,66,10,-1,-1,-1,-1,1,-1
2015075113347,1,9,0,18,0,0,0,0,0,0,4,1,1,1,-1,-1,1582,2,2,-1,-1,-1
2015075113417,1,9,0,11,0,0,1,0,5,6,1,1,2,1,22,5,1364,1,6,-1,1,-1
2015075113518,1,21,1,7,0,5,0,0,0,0,3,2,1,1,44,7,-1,-1,-1,-1,-1,-1
2015075113518,2,3,0,16,0,1,2,0,0,0,1,1,6,1,19,4,124,1,-1,-1,1,-1
2015075114257,1,9,0,18,0,0,1,0,5,6,1,1,2,1,41,7,-1,-1,-1,-1,-1,-1
2015075114257,2,9,0,18,0,0,0,0,0,0,1,1,1,1,28,6,1499,2,-1,-1,1,-1
2015075114257,3,19,0,18,0,0,0,0,0,0,1,1,1,1,31,6,2298,2,3,-1,1,-1
2015075114347,1,9,0,4,0,0,1,0,0,0,1,1,6,1,77,11,1341,1,10,-1,1,-1
2015075114347,2,9,0,4,0,0,0,0,0,0,2,1,6,1,68,10,2400,2,3,-1,1,-1
2015075114347,3,9,0,18,0,0,0,0,0,0,2,1,6,1,61,9,2996,1,9,-1,1,-1
2015075114634,1,9,0,18,0,1,0,0,0,0,1,1,6,1,-1,-1,1968,2,6,-1,-1,-1
2015075114634,2,4,0,7,0,1,0,0,0,0,2,1,6,1,43,7,125,1,12,-1,-1,-1
2015075114746,1,20,0,7,0,5,0,0,1,0,0,1,1,1,44,7,-1,-1,-1,-1,1,-1
2015075114812,1,9,0,4,0,0,0,0,0,0,2,1,6,1,50,8,1395,1,1,-1,-1,-1
2015075114812,2,9,0,4,0,0,0,0,0,0,2,1,6,1,53,8,1598,2,2,-1,1,-1
2015075114812,3,9,0,4,0,0,0,0,0,0,2,1,6,1,55,8,1685,2,-1,-1,1,-1
2015075114812,4,19,0,4,0,0,0,0,0,0,1,1,2,1,27,6,2198,2,3,-1,1,-1
2015075114946,1,9,4,4,0,0,0,0,0,0,1,1,6,1,68,10,2800,2,20,-1,1,-1
2015075114946,2,9,0,2,0,0,0,0,0,0,2,1,6,1,26,6,1560,2,-1,-1,1,-1
2015075115619,1,9,0,18,0,0,0,0,1,0,1,1,6,1,34,6,2982,2,2,-1,3,-1
2015075115619,2,9,0,2,0,0,0,4,0,0,2,1,6,1,51,8,1984,1,11,-1,1,-1
2015075115715,1,9,0,14,0,1,0,0,0,0,3,1,6,1,21,5,1364,1,8,-1,1,-1
2015075115715,2,9,0,3,0,1,0,0,0,0,3,1,6,2,59,9,1796,1,4,-1,-1,-1
2015075115715,3,9,0,3,0,1,0,0,0,0,3,1,6,1,58,9,999,1,14,-1,1,-1
2015075115755,1,9,0,9,0,6,0,0,0,0,3,1,6,2,77,11,-1,-1,-1,-1,1,-1
2015075115755,2,1,0,17,0,1,0,0,0,0,1,1,6,1,28,6,-1,-1,-1,-1,1,-1
2015075115755,3,1,0,17,0,1,0,0,0,0,1,1,6,1,27,6,-1,-1,-1,-1,1,-1
2015075116010,1,9,0,7,0,5,0,0,0,0,1,1,6,1,53,8,1560,2,1,-1,1,-1
2015075116010,2,9,0,15,0,1,0,10,1,0,1,1,6,1,34,6,1900,2,11,-1,1,-1
2015075116341,1,9,0,18,0,0,0,0,0,0,1,1,6,1,44,7,-1,-1,-1,-1,3,-1
2015075116341,2,1,0,18,0,0,0,0,0,0,2,1,6,2,-1,-1,-1,-1,-1,-1,3,-1
2015075116585,1,19,0,15,0,0,0,0,0,0,4,1,6,1,53,8,2148,2,6,-1,1,-1
2015075116585,2,1,0,18,0,0,0,0,1,10,3,1,6,1,47,8,-1,-1,-1,-1,1,-1
2015075116664,1,9,0,10,0,5,0,0,0,0,1,1,6,1,63,9,1388,1,8,-1,1,-1
2015075116664,2,1,0,18,0,1,0,0,0,0,2,1,6,1,66,10,-1,-1,-1,-1,2,-1
2015075116664,3,9,0,18,0,1,0,0,0,0,0,1,6,3,-1,-1,-1,-1,-1,-1,-1,-1
2015075116744,1,5,0,17,0,0,2,0,0,0,1,1,6,1,41,7,998,1,17,-1,1,-1
2015075116744,2,9,0,3,0,0,0,0,0,0,2,1,6,2,67,10,1596,1,3,-1,3,-1
2015075116826,1,9,0,9,0,1,0,0,0,0,0,1,6,3,-1,-1,998,1,2,-1,2,-1
2015075116826,2,5,0,18,0,1,1,0,1,0,0,1,6,1,32,6,675,1,2,-1,1,-1
2015075116894,1,9,0,3,0,4,0,0,0,10,1,1,6,1,80,11,1104,1,-1,-1,1,-1
2015075116894,2,21,1,18,0,8,0,0,0,0,4,2,1,1,24,5,-1,-1,-1,-1,-1,-1
2015075116942,1,9,0,5,9,1,0,0,0,0,1,1,6,1,46,8,2435,1,14,-1,1,-1
2015075116945,1,9,0,16,0,0,0,0,8,7,3,1,6,1,34,6,1984,1,6,-1,1,-1
2015075117433,1,9,0,9,0,4,0,0,0,0,1,1,2,1,50,8,2967,2,4,-1,1,-1
2015075117433,2,1,0,18,0,8,5,0,0,0,4,1,6,1,22,5,-1,-1,-1,-1,1,-1
2015075117469,1,9,0,18,0,8,0,0,0,0,1,1,2,1,33,6,1997,2,5,-1,1,-1
2015075117701,1,21,1,18,0,1,0,0,0,0,3,2,1,1,38,7,-1,-1,-1,-1,-1,-1
2015075117701,2,9,0,18,0,1,0,0,5,6,4,1,6,2,34,6,1997,2,10,-1,1,-1
2015075117774,1,9,0,3,0,1,0,0,0,0,1,1,1,2,24,5,1229,1,2,-1,1,-1
2015075117774,2,9,0,3,0,1,0,0,0,0,2,1,2,2,49,8,1587,1,9,-1,1,-1
2015075117792,1,5,0,18,0,8,0,11,0,0,1,1,2,1,54,8,1000,1,31,-1,1,-1
2015075118419,1,9,0,7,0,1,0,0,0,0,0,1,6,3,-1,-1,-1,-1,-1,-1,-1,-1
2015075118419,2,4,0,18,0,8,2,0,0,0,0,1,1,1,19,4,124,1,2,-1,1,-1
2015075119029,1,9,0,18,0,0,0,0,0,0,1,1,6,1,-1,-1,1390,1,12,-1,-1,-1
2015075119029,2,9,0,18,0,0,0,0,0,0,1,1,6,2,20,4,1560,2,6,-1,-1,-1
2015075119040,1,9,0,16,0,1,0,4,0,0,1,1,6,1,30,6,2792,1,12,-1,1,-1
2015075119040,2,9,0,4,0,1,0,0,0,0,2,1,6,1,44,7,998,1,-1,-1,1,-1
2015075119479,1,9,0,5,0,1,0,0,0,0,1,1,6,1,50,8,1998,1,12,-1,1,-1
2015075119479,2,1,0,18,0,8,0,0,0,0,4,1,1,1,46,8,-1,-1,-1,-1,-1,-1
2015075119482,1,3,0,18,0,1,0,0,1,0,4,1,2,1,19,4,124,1,2,-1,3,-1
2015075119737,1,9,0,9,0,1,0,0,0,0,0,1,1,2,22,5,1999,1,7,-1,1,-1
2015075119737,2,9,0,18,0,1,0,0,1,10,4,1,6,1,27,6,1229,1,10,-1,1,-1
2015075119861,1,9,0,17,0,0,1,0,7,4,1,1,6,1,18,4,1242,1,2,-1,3,-1
2015075119888,1,9,0,18,0,1,0,0,0,0,1,1,6,2,-1,-1,-1,-1,-1,-1,-1,-1
2015075119888,2,2,0,8,0,1,0,0,0,0,2,1,2,2,20,4,49,1,1,-1,1,-1
2015075119964,1,9,0,18,0,0,0,0,0,0,1,1,6,1,-1,-1,-1,-1,-1,-1,-1,-1
2015075119964,2,19,0,2,0,0,0,0,0,0,1,1,1,1,58,9,2151,2,14,-1,1,-1
2015075120147,1,9,0,7,0,5,0,0,0,0,3,1,2,2,50,8,2204,2,9,-1,1,-1
2015075120147,2,1,0,18,0,1,0,0,0,0,1,1,2,1,24,5,-1,-1,-1,-1,1,-1
2015075120348,1,9,0,3,0,1,0,0,0,0,1,1,6,1,35,6,2198,1,9,-1,1,-1
2015075120348,2,9,0,3,0,1,0,0,0,0,2,1,6,1,32,6,1596,1,10,-1,-1,-1
2015075120610,1,9,0,5,0,7,0,0,0,0,4,1,6,1,19,4,1686,2,4,-1,1,-1
2015075120610,2,1,0,18,0,8,0,0,0,0,1,1,2,1,37,7,-1,-1,-1,-1,1,-1
2015075120851,1,9,4,18,0,0,3,0,1,9,1,1,6,1,67,10,2487,2,15,-1,3,-1
2015075120857,1,5,0,16,0,0,0,0,0,0,4,1,6,1,58,9,1340,1,7,-1,3,-1
2015075120857,2,9,0,17,0,0,0,0,0,0,3,1,1,1,39,7,-1,-1,-1,-1,1,-1
2015075121015,1,5,0,18,0,1,1,0,0,0,3,1,2,1,40,7,1125,2,6,-1,1,-1
2015075121048,1,9,0,18,0,1,0,0,0,0,1,1,6,2,76,11,1198,1,8,-1,2,-1
2015075121048,2,9,0,18,0,1,0,0,0,0,2,1,6,1,37,7,1997,2,6,-1,1,-1
2015075121048,3,19,0,18,0,1,0,0,0,0,2,1,1,1,43,7,1968,2,2,-1,-1,-1
2015075121907,1,9,0,6,0,0,0,0,0,0,3,1,1,1,38,7,-1,-1,-1,-1,1,-1
2015075121907,2,9,0,18,0,0,5,0,0,0,4,1,1,1,25,5,1149,1,7,-1,3,-1
2015075121933,1,19,0,9,0,1,0,0,0,0,1,1,1,1,22,5,2198,2,3,-1,1,-1
2015075121933,2,9,0,18,0,1,0,0,0,0,3,1,6,2,27,6,1598,1,3,-1,1,-1
2015075121941,1,5,0,18,0,1,0,0,0,0,1,1,6,1,26,6,1000,1,7,-1,1,-1
2015075121941,2,19,0,9,0,1,0,0,0,0,4,1,1,2,61,9,1248,2,6,-1,1,-1
2015075122292,1,9,0,18,0,1,0,0,0,0,1,1,6,2,42,7,1360,1,6,-1,1,-1
2015075122292,2,9,0,18,0,1,0,0,0,0,2,1,6,2,56,9,1000,1,2,-1,1,-1
2015075122292,3,9,0,18,0,1,0,0,0,0,1,1,6,1,51,8,1598,1,6,-1,1,-1
2015075122292,4,9,0,18,0,1,0,0,0,0,2,1,6,2,68,10,-1,-1,-1,-1,1,-1
2015075122321,1,9,0,9,0,8,5,10,8,11,1,1,6,2,43,7,1598,1,4,-1,1,-1
2015075122345,1,9,0,18,0,0,1,0,7,0,1,1,6,2,22,5,998,1,3,-1,1,-1
2015075122456,1,5,0,13,0,0,1,0,7,10,1,1,6,1,40,7,599,1,12,-1,1,-1
2015075122456,2,9,0,18,0,0,0,0,0,0,1,1,6,2,57,9,1598,2,1,-1,1,-1
2015075122468,1,9,0,18,0,8,0,0,0,0,1,1,6,1,44,7,2179,2,6,-1,1,-1
2015075122468,2,9,0,18,0,8,0,0,0,0,2,1,6,2,26,6,1197,1,1,-1,1,-1
2015075122468,3,9,0,18,0,8,0,0,0,0,2,1,6,1,38,7,1991,2,8,-1,1,-1
2015075122913,1,9,0,18,9,8,0,10,3,11,1,1,6,1,24,5,1229,1,7,-1,1,-1
2015075123055,1,9,0,18,0,6,0,0,0,0,4,1,6,2,39,7,1995,2,1,-1,2,-1
2015075123055,2,9,0,18,0,8,0,0,0,0,1,1,6,1,52,8,1753,2,7,-1,2,-1
2015075123275,1,9,0,18,0,4,1,0,1,10,1,1,6,2,24,5,1299,1,12,-1,1,-1
2015075123275,2,9,0,18,0,8,0,0,7,10,4,1,6,2,62,9,1364,1,5,-1,1,-1
2015075123343,1,9,0,4,0,0,0,0,0,0,1,1,6,2,63,9,1597,2,1,-1,1,-1
2015075123510,1,9,0,16,0,0,0,0,8,4,1,1,6,1,26,6,1598,1,11,-1,1,-1
2015075124033,1,9,0,13,0,0,0,0,0,0,4,1,6,3,-1,-1,-1,-1,-1,-1,-1,-1
2015075124033,2,1,0,18,0,0,0,0,0,0,3,1,2,1,25,5,-1,-1,-1,-1,1,-1
2015075124094,1,1,0,16,0,0,0,0,0,0,0,1,6,1,43,7,-1,-1,-1,-1,1,-1
2015075124136,1,19,0,1,0,0,0,0,0,0,2,1,6,1,-1,-1,1968,2,11,-1,1,-1
2015075124136,2,9,0,4,0,0,0,0,0,0,1,1,1,2,43,7,1124,1,11,-1,1,-1
2015075124211,1,9,0,3,0,0,0,0,0,0,2,1,6,1,53,8,1242,1,2,-1,1,-1
2015075124211,2,9,0,4,0,0,0,0,0,0,1,1,6,2,22,5,1242,1,5,-1,1,-1
2015075124211,3,22,0,18,0,0,0,0,0,0,0,1,6,1,-1,-1,-1,-1,-1,-1,-1,-1
2015075124991,1,11,0,2,0,8,0,0,0,0,0,1,1,1,48,8,7300,2,10,-1,1,-1
2015075124991,2,9,0,14,0,8,0,0,0,0,1,1,6,1,72,10,1796,1,8,-1,1,-1
2015075125049,1,3,0,3,0,2,0,0,0,0,1,1,6,1,60,9,125,1,50,-1,1,-1
2015075125049,2,9,0,3,0,2,0,0,0,0,2,1,6,1,31,6,1753,2,6,-1,1,-1
2015075125359,1,1,0,18,0,0,0,0,0,0,3,1,6,1,43,7,-1,-1,-1,-1,1,-1
2015075125368,1,5,0,17,0,0,1,0,1,4,4,1,6,1,50,8,599,1,15,-1,1,-1
2015075125508,1,9,0,5,0,1,0,0,0,0,3,1,6,2,35,6,1997,1,11,-1,1,-1
2015075125508,2,3,0,18,0,1,0,0,7,10,1,1,6,1,18,4,124,1,1,-1,1,-1
2015075125715,1,9,0,18,0,4,0,9,2,10,4,1,6,1,54,8,1995,2,9,-1,1,-1
2015075125821,1,9,0,18,0,0,0,0,0,0,1,1,3,2,19,4,1229,1,7,-1,1,-1
2015075125821,2,9,0,18,0,0,0,0,0,0,2,1,6,2,29,6,1199,1,15,-1,1,-1
2015075126002,1,9,0,18,0,0,0,0,0,0,1,1,6,1,19,4,1229,1,7,-1,1,-1
2015075126002,2,9,0,18,0,0,0,0,0,0,0,1,1,1,37,7,2993,2,3,-1,1,-1
2015075126298,1,9,0,18,0,0,0,0,0,0,4,1,6,1,71,10,1995,2,2,-1,3,-1
2015075126924,1,9,0,7,0,0,0,0,0,0,1,1,6,2,24,5,1997,1,13,-1,1,-1
2015075126924,2,19,0,18,0,0,0,0,0,0,1,1,1,1,52,8,2148,2,7,-1,1,-1
2015075127056,1,11,0,4,0,2,0,0,0,0,0,1,1,1,52,8,4250,2,5,-1,3,-1
2015075127276,1,8,0,5,0,6,0,0,0,0,1,1,1,1,51,8,1997,2,6,-1,1,-1
2015075127369,1,9,0,18,0,0,0,0,0,0,1,1,6,1,69,10,1956,2,3,-1,1,-1
2015075127369,2,21,1,18,0,0,1,0,1,9,1,1,1,1,24,5,-1,-1,-1,-1,-1,-1
2015075127463,1,1,0,12,0,1,0,0,0,0,3,1,4,1,15,3,-1,-1,-1,-1,-1,-1
2015075127463,2,9,0,18,0,1,0,0,0,0,1,1,2,2,29,6,1995,2,4,-1,1,-1
2015075127502,1,9,0,7,0,6,0,0,0,0,1,1,6,1,81,11,2993,2,1,-1,1,-1
2015075127502,2,9,0,18,0,8,0,0,0,0,4,1,6,2,41,7,-1,-1,-1,-1,1,-1
2015075127515,1,9,0,4,0,4,0,0,0,0,2,1,6,2,35,6,998,1,15,-1,1,-1
2015075127515,2,2,0,4,0,4,1,0,0,0,1,1,6,2,20,4,49,1,4,-1,1,-1
2015075127521,1,3,0,4,0,1,2,0,0,0,1,1,6,1,21,5,125,1,1,-1,1,-1
2015075127521,2,9,0,4,0,1,0,0,0,0,2,1,6,2,57,9,1596,1,9,-1,3,-1
2015075127549,1,9,0,16,0,0,0,0,0,0,0,1,1,1,26,6,1598,1,11,-1,1,-1
2015075127549,2,1,0,17,0,0,1,0,0,0,0,1,1,1,16,4,-1,-1,-1,-1,1,-1
2015075127944,1,9,0,18,0,0,0,0,0,0,1,1,1,1,22,5,-1,-1,-1,-1,1,-1
2015075127944,2,9,0,2,0,0,0,0,0,0,1,1,6,1,36,7,1796,1,7,-1,1,-1
2015075127950,1,19,0,18,0,0,0,0,0,0,1,1,1,1,36,7,2151,2,11,-1,1,-1
2015075127950,2,21,1,18,0,0,0,0,0,0,2,1,1,1,50,8,10518,2,8,-1,1,-1
2015075128015,1,9,0,18,0,1,0,0,0,0,1,1,1,2,28,6,1796,1,11,-1,1,-1
2015075128015,2,9,0,18,0,1,0,0,0,0,2,1,1,1,42,7,1968,2,-1,-1,1,-1
2015075128015,3,9,0,9,0,1,0,0,0,0,0,1,6,3,-1,-1,-1,-1,-1,-1,-1,-1
2015075128500,1,9,0,2,0,2,0,0,0,0,3,1,6,1,34,6,2688,2,10,-1,1,-1
2015075128500,2,1,0,14,0,2,0,8,0,0,1,1,6,2,28,6,-1,-1,-1,-1,1,-1
2015075128699,1,9,0,4,0,8,0,0,0,0,1,1,6,1,44,7,1896,2,9,-1,1,-1
2015075128699,2,9,0,18,0,8,0,0,0,0,1,1,6,2,48,8,1582,2,5,-1,1,-1
2015075128699,3,9,0,18,0,8,0,0,0,0,2,1,6,2,46,8,1597,1,10,-1,3,-1
2015075129547,1,21,1,4,0,0,0,0,0,0,1,1,1,1,47,8,10677,2,1,-1,1,-1
2015075129547,2,9,0,3,0,0,0,0,0,0,2,1,6,2,51,8,2143,2,2,-1,3,-1
2015075129547,3,9,0,3,0,0,0,0,0,0,2,1,6,2,20,4,1870,2,9,-1,1,-1
2015075129627,1,1,0,18,0,0,0,0,0,0,1,1,4,1,10,2,-1,-1,-1,-1,1,-1
2015075129627,2,9,0,18,0,0,0,0,0,0,3,1,6,2,32,6,1197,1,2,-1,1,-1
2015075129758,1,9,0,11,0,0,2,0,1,11,3,1,6,1,32,6,1998,2,11,-1,1,-1
2015075130072,1,9,0,18,0,0,0,0,0,0,1,1,6,1,34,6,-1,-1,-1,-1,1,-1
2015075130072,2,9,0,18,0,0,0,0,0,0,2,1,6,2,27,6,1242,1,4,-1,1,-1
2015075130791,1,1,0,18,0,0,0,0,0,0,1,1,6,1,54,8,-1,-1,-1,-1,1,-1
2015075130791,2,9,0,2,0,0,0,0,0,0,2,1,6,2,60,9,3498,1,5,-1,3,-1
2015075130809,1,9,0,18,0,6,0,0,0,0,4,1,6,1,54,8,1995,2,4,-1,3,-1
2015075130809,2,1,0,18,0,8,0,0,0,0,1,1,6,1,60,9,-1,-1,-1,-1,1,-1
2015075130876,1,9,0,9,0,1,0,0,0,0,4,1,6,2,78,11,1149,1,8,-1,1,-1
2015075130876,2,9,0,18,0,1,0,0,0,0,1,1,6,2,39,7,4398,7,12,-1,3,-1
2015075130895,1,1,0,18,0,0,0,0,0,0,0,1,6,2,40,7,-1,-1,-1,-1,-1,-1
2015075130895,2,9,0,18,0,0,0,0,0,0,0,1,6,1,61,9,1995,2,10,-1,3,-1