Accident_Index,Vehicle_Reference,Vehicle_Type,Towing_and_Articulation,Vehicle_Manoeuvre,Vehicle_Location-Restricted_Lane,Junction_Location,Skidding_and_Overturning,Hit_Object_in_Carriageway,Vehicle_Leaving_Carriageway,Hit_Object_off_Carriageway,1st_Point_of_Impact,Was_Vehicle_Left_Hand_Drive?,Journey_Purpose_of_Driver,Sex_of_Driver,Age_of_Driver,Age_Band_of_Driver,Engine_Capacity_(CC),Propulsion_Code,Age_of_Vehicle,Driver_IMD_Decile,Driver_Home_Area_Type,Vehicle_IMD_Decile
2015075131515,1,9,0,15,0,0,0,0,0,0,3,1,6,2,59,9,3982,1,20,-1,3,-1
2015075131515,2,1,0,18,0,0,0,0,0,0,4,1,6,1,68,10,-1,-1,-1,-1,1,-1
2015075131694,1,19,0,16,0,1,0,0,7,11,1,1,2,1,60,9,-1,-1,-1,-1,1,-1
2015075131694,2,9,0,17,0,2,0,0,1,0,3,1,6,1,44,7,1910,2,6,-1,1,-1
2015075131702,1,1,0,18,0,1,0,0,0,0,1,1,6,2,42,7,-1,-1,-1,-1,2,-1
2015075131702,2,9,0,10,0,5,0,0,0,0,4,1,6,2,31,6,1560,2,8,-1,1,-1
2015075131713,1,9,0,4,0,1,0,0,0,0,1,1,6,1,41,7,1796,1,6,-1,3,-1
2015075131713,2,9,0,3,0,1,0,0,0,0,2,1,6,1,33,6,1984,1,8,-1,3,-1
2015075131785,1,9,4,18,0,0,5,0,0,0,0,1,6,2,48,8,2495,2,12,-1,3,-1
2015075132319,1,9,0,18,0,1,0,0,0,0,2,1,2,1,46,8,2979,1,11,-1,1,-1
2015075132319,2,9,0,11,0,1,0,0,0,0,1,1,3,1,44,7,2402,2,4,-1,1,-1
2015075132367,1,9,0,4,0,0,1,0,1,11,1,1,6,2,47,8,1242,1,11,-1,1,-1
2015075132822,1,22,0,18,9,1,0,0,0,0,3,1,3,2,44,7,-1,-1,-1,-1,1,-1
2015075132822,2,9,0,1,9,6,0,0,0,0,3,1,6,1,58,9,2179,2,3,-1,1,-1
2015075132863,1,19,0,18,0,0,0,0,0,0,1,1,1,1,43,7,1968,2,2,-1,1,-1
2015075133054,1,9,0,18,0,5,1,0,2,6,1,1,6,1,19,4,1242,1,5,-1,1,-1
2015075133396,1,9,0,4,0,7,0,0,0,0,1,1,2,1,41,7,1796,1,11,-1,1,-1
2015075133396,2,9,0,4,0,7,0,0,0,0,2,1,2,1,51,8,1995,2,9,-1,1,-1
2015075133621,1,3,0,16,0,0,0,0,7,10,1,1,6,1,27,6,125,1,1,-1,1,-1
2015075133621,2,19,0,17,0,0,0,0,0,0,1,1,1,1,32,6,2143,2,6,-1,1,-1
2015075133672,1,9,0,18,0,0,0,0,0,0,1,1,6,1,22,5,1390,1,6,-1,1,-1
2015075133672,2,9,0,4,0,0,0,0,0,0,2,1,6,1,41,7,-1,-1,-1,-1,1,-1
2015075134005,1,9,0,9,0,8,0,0,0,0,4,1,6,1,-1,-1,1870,2,12,-1,-1,-1
2015075134005,2,9,0,18,0,8,0,0,0,0,1,1,2,1,45,7,1896,2,14,-1,1,-1
2015075134005,3,9,0,4,0,8,0,0,0,0,1,1,2,1,46,8,1242,1,15,-1,1,-1
2015075134005,4,9,0,4,0,8,0,0,0,0,1,1,2,1,58,9,1229,1,1,-1,1,-1
2015075134532,1,9,0,1,0,6,0,0,0,0,2,1,2,2,36,7,1242,1,16,-1,1,-1
2015075134532,2,3,0,18,0,1,0,0,0,0,1,1,2,1,61,9,124,1,10,-1,-1,-1
2015075134551,1,9,0,9,0,6,0,0,0,0,4,1,2,2,59,9,1799,1,4,-1,1,-1
2015075134551,2,9,0,18,0,1,1,0,2,0,1,1,2,1,50,8,2996,1,3,-1,2,-1
2015075134551,3,9,0,18,0,1,0,0,0,0,3,1,2,1,27,6,1360,1,9,-1,1,-1
2015075134551,4,9,0,18,0,1,0,0,0,0,3,1,2,1,25,5,1968,2,7,-1,1,-1
2015075134551,5,9,0,18,0,1,0,0,0,0,3,1,2,1,29,6,998,1,12,-1,1,-1
2015075134620,1,9,4,7,0,8,0,0,0,0,0,1,6,1,43,7,2500,2,29,-1,1,-1
2015075134620,2,9,0,3,0,1,0,0,0,0,1,1,6,1,65,9,1896,2,11,-1,3,-1
2015075134697,1,9,0,16,0,1,0,0,0,0,1,1,6,2,70,10,1398,1,3,-1,1,-1
2015075134697,2,9,0,9,0,8,0,0,0,0,3,1,6,1,80,11,1596,1,4,-1,1,-1
2015075134834,1,9,0,7,0,1,0,0,0,0,0,2,6,2,32,6,1598,2,3,-1,1,-1
2015075134834,2,1,0,18,0,1,2,0,0,0,4,1,6,1,34,6,-1,-1,-1,-1,1,-1
2015075134994,1,9,0,18,0,0,0,0,2,11,4,1,6,2,50,8,1390,1,12,-1,1,-1
2015075135028,1,9,0,18,0,8,0,0,0,0,1,1,6,1,78,11,1360,1,8,-1,1,-1
2015075135108,1,9,0,7,0,6,0,0,0,0,1,1,6,2,40,7,1242,1,13,-1,1,-1
2015075135149,1,9,0,5,0,4,0,0,0,0,1,1,2,1,35,6,1968,2,6,-1,1,-1
2015075135149,2,3,0,8,0,4,0,0,0,0,2,1,2,2,18,4,125,1,-1,-1,1,-1
2015075135237,1,5,0,17,0,0,0,0,0,11,1,1,6,1,63,9,900,1,16,-1,3,-1
2015075135267,1,9,0,17,0,0,2,0,1,0,4,1,6,1,19,4,1988,1,12,-1,1,-1
2015075135280,1,1,0,18,0,6,0,0,0,0,4,1,6,1,15,3,-1,-1,-1,-1,1,-1
2015075135280,2,8,0,18,0,8,0,0,0,0,1,1,1,1,-1,-1,-1,-1,-1,-1,-1,-1
2015075135611,1,9,0,5,0,8,0,0,0,0,3,1,6,1,68,10,1796,1,5,-1,1,-1
2015075135611,2,9,0,18,0,8,0,0,0,0,1,1,2,1,55,8,1198,1,2,-1,3,-1
2015075135864,1,19,0,18,9,0,0,0,0,0,4,1,1,1,61,9,2143,2,6,-1,1,-1
2015075136288,1,9,0,8,0,5,0,0,0,0,3,1,6,3,-1,-1,-1,-1,-1,-1,-1,-1
2015075136288,2,1,0,9,0,1,0,0,0,0,4,1,1,2,41,7,-1,-1,-1,-1,1,-1
2015075136418,1,9,0,9,0,6,0,0,0,0,1,1,6,1,26,6,1149,1,10,-1,2,-1
2015075136418,2,1,0,18,0,1,0,0,0,0,1,1,2,1,31,6,-1,-1,-1,-1,1,-1
2015075136429,1,9,0,9,0,4,0,0,0,0,2,1,6,2,30,6,1560,2,3,-1,2,-1
2015075136429,2,9,0,18,0,4,0,0,0,0,1,1,6,1,34,6,1461,2,13,-1,2,-1
2015075136464,1,9,0,18,0,0,0,0,0,0,1,1,6,1,20,4,1997,1,10,-1,1,-1
2015075136464,2,9,0,5,0,0,0,0,0,0,2,1,1,1,61,9,2902,2,7,-1,1,-1
2015075136762,1,9,0,18,0,0,0,0,0,0,1,1,1,1,23,5,998,1,7,-1,1,-1
2015075136941,1,9,0,7,0,4,0,0,0,0,1,1,6,1,-1,-1,1968,2,5,-1,1,-1
2015075136941,2,9,0,7,0,4,0,0,0,0,2,1,2,2,44,7,1199,1,11,-1,1,-1
2015075136959,1,9,0,4,0,0,0,0,0,0,1,1,6,2,28,6,1248,1,3,-1,1,-1
2015075136959,2,9,0,4,0,0,0,0,0,0,2,1,6,2,54,8,1560,2,2,-1,1,-1
2015075137050,1,9,0,18,0,0,0,0,0,0,1,1,6,2,24,5,1560,2,-1,-1,1,-1
2015075137050,2,9,0,4,0,0,0,0,0,0,2,1,6,1,52,8,1896,2,10,-1,1,-1
2015075137050,3,9,0,4,0,0,0,0,0,0,2,1,6,1,43,7,998,1,2,-1,1,-1
2015075137084,1,9,0,1,0,5,0,0,0,0,2,1,6,1,43,7,2143,2,1,-1,1,-1
2015075137092,1,9,0,4,0,0,0,0,0,0,2,1,6,1,46,8,1781,1,13,-1,3,-1
2015075137092,2,9,0,4,0,0,0,0,0,0,1,1,1,2,46,8,1396,2,1,-1,-1,-1
2015075137231,1,9,0,18,0,0,0,0,0,0,2,1,3,2,33,6,1997,1,13,-1,1,-1
2015075137231,2,9,0,18,0,0,0,0,0,0,2,1,3,2,42,7,1997,2,4,-1,1,-1
2015075137231,3,9,0,3,0,0,0,0,0,0,0,1,6,2,45,7,1995,2,12,-1,3,-1
2015075137315,1,1,0,17,0,8,0,0,0,0,0,1,1,1,30,6,-1,-1,-1,-1,1,-1
2015075137315,2,9,0,15,0,8,0,0,0,0,0,1,6,1,-1,-1,-1,-1,-1,-1,-1,-1
2015075137332,1,9,0,5,0,1,0,0,0,0,1,1,6,1,33,6,1598,1,8,-1,1,-1
2015075137332,2,9,0,17,0,2,0,0,0,0,1,1,6,2,34,6,1275,1,15,-1,1,-1
2015075137411,1,9,0,18,0,8,0,0,3,0,1,1,2,1,23,5,998,1,3,-1,1,-1
2015075137411,2,9,0,3,0,8,0,0,0,0,1,1,6,1,19,4,1199,1,13,-1,1,-1
2015075138148,1,19,0,18,0,0,0,0,0,0,1,1,6,1,63,9,2461,2,13,-1,2,-1
2015075138148,2,9,0,4,0,0,0,0,0,0,2,1,6,2,42,7,998,1,2,-1,2,-1
2015075138222,1,9,0,18,0,0,1,0,0,0,1,1,6,1,20,4,2982,2,2,-1,3,-1
2015075138222,2,9,0,3,0,0,0,0,0,0,2,1,6,2,72,10,1396,1,15,-1,1,-1
2015075138222,3,21,1,4,0,0,0,0,0,0,2,1,1,1,42,7,12902,2,1,-1,1,-1
2015075138222,4,9,0,18,0,0,0,0,1,10,4,1,6,1,-1,-1,-1,-1,-1,-1,-1,-1
2015075138239,1,9,0,18,0,0,0,0,7,4,1,1,6,1,62,9,1995,2,1,-1,-1,-1
2015075138320,1,9,0,4,0,0,0,0,0,0,1,1,6,1,63,9,1968,2,6,-1,1,-1
2015075138320,2,9,0,4,0,0,0,0,0,0,2,1,6,1,25,5,1895,1,16,-1,1,-1
2015075138329,1,9,0,18,0,1,0,0,0,0,1,2,6,2,23,5,1390,1,9,-1,1,-1
2015075138329,2,9,0,4,0,1,0,0,0,0,2,2,6,1,45,7,998,1,19,-1,1,-1
2015075138329,3,9,0,10,0,1,0,0,0,0,1,2,6,1,38,7,1598,1,13,-1,3,-1
2015075138394,1,9,0,18,0,0,0,4,0,0,4,1,6,2,47,8,1390,1,5,-1,2,-1
2015075138394,2,9,0,2,9,0,0,0,0,0,3,1,6,3,-1,-1,2967,2,5,-1,-1,-1
2015075138394,3,9,0,2,0,0,0,0,0,0,2,1,2,2,47,8,1560,2,7,-1,3,-1
2015075138403,1,9,0,4,0,0,0,0,0,0,1,1,6,2,73,10,1360,1,7,-1,1,-1
2015075138403,2,9,0,4,0,0,0,0,0,0,2,1,6,2,63,9,2179,2,2,-1,2,-1
2015075139226,1,9,0,18,0,1,0,0,0,0,1,1,6,1,-1,-1,-1,-1,-1,-1,-1,-1
2015075139226,2,1,0,18,0,2,0,0,0,0,1,1,6,1,29,6,-1,-1,-1,-1,1,-1
2015075139252,1,9,0,18,0,8,1,0,0,0,1,1,6,2,37,7,1997,2,12,-1,1,-1
2015075139252,2,9,0,10,0,5,0,0,0,0,2,1,6,1,66,10,2979,1,1,-1,1,-1
2015075139416,1,9,0,17,0,0,1,0,1,3,1,1,6,2,20,4,1332,1,10,-1,3,-1
2015075139911,1,9,0,18,0,8,0,0,0,0,3,1,1,1,51,8,2521,1,7,-1,3,-1
2015075139911,2,9,0,18,0,8,0,0,0,0,1,1,1,1,46,8,1956,2,3,-1,1,-1
2015075139950,1,5,0,7,0,3,0,0,0,0,4,1,1,1,34,6,1298,1,7,-1,1,-1
2015075140049,1,3,0,18,0,8,2,0,0,0,3,1,2,1,23,5,49,1,-1,-1,1,-1
2015075140078,1,9,0,18,0,7,0,0,0,0,1,1,6,2,-1,-1,-1,-1,-1,-1,-1,-1
2015075140078,2,9,0,3,0,7,0,0,0,0,2,1,1,2,25,5,1242,1,12,-1,1,-1
2015075140144,1,9,0,17,0,0,1,0,7,11,4,1,6,1,70,10,1753,2,14,-1,1,-1
2015075140144,2,19,0,16,0,0,0,0,0,0,1,1,1,1,60,9,2298,2,3,-1,1,-1
2015075140163,1,9,0,12,0,0,0,0,0,0,3,1,3,2,35,6,2180,2,21,-1,1,-1
2015075140163,2,19,0,18,0,0,0,0,0,0,4,1,2,1,31,6,1868,2,11,-1,1,-1
2015075140223,1,9,0,17,0,0,0,0,0,10,4,1,6,2,80,11,995,1,9,-1,-1,-1
2015075140515,1,9,0,5,0,6,0,0,0,0,2,1,6,2,57,9,1368,1,-1,-1,1,-1
2015075140515,2,9,0,4,0,8,0,0,0,0,1,1,6,1,45,7,2199,2,3,-1,3,-1
2015075140534,1,9,0,9,0,8,0,0,0,0,3,1,6,2,51,8,1242,1,5,-1,3,-1
2015075140534,2,9,0,18,0,1,1,0,0,0,1,1,6,2,17,4,1388,1,13,-1,1,-1
2015075140540,1,1,0,7,0,1,0,0,0,0,1,1,6,1,40,7,-1,-1,-1,-1,-1,-1
2015075140574,1,9,0,1,0,0,0,0,0,0,2,1,6,2,48,8,1560,2,3,-1,1,-1
2015075140850,1,9,0,15,0,1,0,0,0,0,3,2,2,1,44,7,-1,-1,-1,-1,1,-1
2015075140850,2,8,0,18,0,1,0,0,0,10,3,2,1,1,29,6,2148,2,7,-1,1,-1
2015075140850,3,9,0,2,0,1,0,0,0,0,3,2,6,3,-1,-1,-1,-1,-1,-1,-1,-1
2015075140850,4,9,0,2,0,1,0,0,0,0,2,2,6,3,-1,-1,2720,2,10,-1,-1,-1
2015075140850,5,9,0,2,9,1,0,0,0,0,1,2,6,3,-1,-1,-1,-1,-1,-1,-1,-1
2015075140850,6,9,0,2,9,1,0,0,0,0,1,2,6,3,-1,-1,1600,2,4,-1,-1,-1
2015075140929,1,2,0,18,0,0,0,0,0,0,1,1,6,1,16,4,49,1,15,-1,1,-1
2015075140935,1,9,0,18,0,0,0,0,0,0,1,1,1,1,44,7,1461,2,1,-1,3,-1
2015075140935,2,19,0,18,0,0,0,0,0,0,1,1,1,1,48,8,-1,-1,-1,-1,1,-1
2015075140994,1,9,0,16,0,0,0,0,0,0,3,1,2,1,19,4,2495,2,20,-1,3,-1
2015075140994,2,9,0,17,0,0,0,0,0,0,3,1,3,2,49,8,1997,2,-1,-1,2,-1
2015075141125,1,9,0,7,0,3,0,0,0,0,4,1,6,2,71,10,1560,2,7,-1,1,-1
2015075141125,2,1,0,16,0,8,0,0,0,0,4,1,6,1,54,8,-1,-1,-1,-1,1,-1
2015075141209,1,9,0,9,0,1,0,0,0,0,1,1,6,3,-1,-1,-1,-1,-1,-1,-1,-1
2015075141209,2,5,0,18,0,1,0,0,0,0,3,1,2,1,39,7,891,1,22,-1,3,-1
2015075141470,1,9,0,1,0,8,0,0,0,0,2,1,2,1,34,6,998,1,13,-1,1,-1
2015075141470,2,9,0,17,0,1,0,0,0,0,1,1,6,2,56,9,1229,1,1,-1,2,-1
2015075141497,1,9,0,9,0,1,0,0,0,0,0,1,6,1,56,9,1994,1,8,-1,3,-1
2015075141497,2,9,0,18,0,1,1,10,1,4,1,1,6,2,22,5,1598,1,11,-1,1,-1
2015075141896,1,3,0,4,0,1,0,0,0,0,4,1,1,1,21,5,125,1,3,-1,1,-1
2015075141956,1,9,0,4,0,0,1,0,0,0,1,1,1,1,24,5,1349,1,5,-1,1,-1
2015075141956,2,9,0,4,0,0,1,0,0,0,1,1,1,2,23,5,1242,1,9,-1,3,-1
2015075141956,3,9,0,4,0,0,0,0,0,0,2,1,1,1,37,7,1124,1,15,-1,1,-1
2015075142443,1,9,0,7,0,0,0,0,0,0,4,1,6,2,37,7,1360,1,13,-1,1,-1
2015075142443,2,1,0,18,9,0,0,0,0,0,1,1,6,2,47,8,-1,-1,-1,-1,1,-1
2015075142472,1,3,0,18,9,0,0,0,0,0,1,1,6,1,-1,-1,-1,-1,-1,-1,-1,-1
2015075142656,1,9,0,18,0,8,0,0,0,0,4,1,6,2,25,5,2402,2,6,-1,1,-1
2015075142656,2,1,0,18,9,1,0,0,0,0,1,1,6,2,6,2,-1,-1,-1,-1,1,-1
2015075142690,1,9,0,3,0,0,0,0,0,0,1,1,1,1,34,6,1995,2,9,-1,1,-1
2015075142964,1,9,0,18,0,1,0,0,1,0,1,1,2,2,39,7,1242,1,11,-1,1,-1
2015075142964,2,19,0,7,0,5,0,0,1,0,4,1,2,1,30,6,1560,2,2,-1,1,-1
2015075142980,1,9,0,5,0,0,0,0,0,0,1,1,3,2,59,9,1598,1,1,-1,1,-1
2015075143011,1,9,0,18,0,8,0,0,0,0,1,1,6,2,-1,-1,-1,-1,-1,-1,-1,-1
2015075143011,2,9,0,3,0,8,0,0,0,0,2,1,6,2,47,8,1199,2,-1,-1,1,-1
2015075143132,1,9,0,18,0,0,0,0,0,6,1,1,6,1,64,9,1596,1,8,-1,1,-1
2015075143132,2,9,0,4,0,0,0,0,0,0,3,1,6,1,58,9,3628,2,8,-1,1,-1
2015075143132,3,9,0,4,0,0,0,0,0,0,3,1,6,1,-1,-1,1798,1,6,-1,1,-1
2015075143180,1,9,0,18,0,1,0,0,0,0,4,1,6,2,18,4,1242,1,6,-1,1,-1
2015075143180,2,19,0,2,0,1,0,0,0,0,0,1,6,3,-1,-1,-1,-1,-1,-1,-1,-1
2015075143449,1,9,0,14,0,0,0,0,0,0,3,1,6,1,52,8,1896,2,12,-1,1,-1
2015075143449,2,11,0,2,0,0,0,0,0,0,0,1,1,3,-1,-1,-1,-1,-1,-1,-1,-1
2015075143467,1,9,0,18,0,0,0,0,0,0,1,2,6,2,-1,-1,-1,-1,-1,-1,-1,-1
2015075143600,1,9,0,18,0,1,0,0,0,0,1,1,6,1,20,4,1368,1,8,-1,1,-1
2015075143618,1,97,0,18,0,0,5,0,0,0,1,1,6,1,19,4,-1,-1,-1,-1,1,-1
2015075143618,2,9,0,18,0,0,0,0,0,0,4,1,6,1,46,8,-1,-1,-1,-1,1,-1
2015075143618,3,9,0,2,0,0,0,0,0,0,4,1,6,1,-1,-1,1560,2,8,-1,-1,-1
2015075143618,4,9,0,2,0,0,0,0,0,0,3,1,6,1,-1,-1,1998,2,11,-1,-1,-1
2015075143766,1,9,0,9,0,0,0,0,0,0,2,1,6,3,-1,-1,-1,-1,-1,-1,-1,-1
2015075143766,2,1,0,18,0,0,0,0,0,0,1,1,2,1,19,4,-1,-1,-1,-1,-1,-1
2015075143797,1,5,0,18,0,1,2,0,0,0,0,1,6,1,26,6,649,1,4,-1,2,-1
2015075143797,2,9,0,9,0,6,0,0,0,0,0,1,6,3,-1,-1,-1,-1,-1,-1,-1,-1
2015075144077,1,19,0,18,0,3,0,0,0,0,4,1,2,1,28,6,1998,1,14,-1,1,-1
2015075144077,2,9,0,18,0,4,0,0,0,0,3,1,2,1,52,8,1796,1,-1,-1,-1,-1
2015075144607,1,9,0,6,8,0,0,0,3,0,3,1,6,1,36,7,1197,1,1,-1,1,-1
2015075144607,2,9,0,18,0,0,0,0,7,0,1,1,6,2,42,7,1598,2,4,-1,1,-1
2015075144643,1,9,0,9,0,5,0,0,0,0,4,1,6,1,44,7,2261,1,7,-1,3,-1
2015075144643,2,9,0,18,0,8,0,0,0,0,1,1,6,1,43,7,2497,1,11,-1,2,-1
2015075144643,3,9,0,10,0,6,0,0,0,0,3,1,2,1,46,8,-1,-1,-1,-1,1,-1
2015075144643,4,20,0,18,0,8,0,0,0,0,3,1,1,1,39,7,9186,2,1,-1,1,-1
2015075144707,1,9,0,18,0,1,1,0,0,0,1,1,6,1,37,7,2204,2,11,-1,1,-1
2015075144707,2,9,0,7,0,6,0,0,0,0,1,1,6,1,33,6,1198,1,8,-1,3,-1
2015075144707,3,9,0,2,9,1,0,0,0,0,1,1,6,1,27,6,1994,2,12,-1,1,-1
2015075144735,1,9,0,18,0,0,0,0,0,0,1,1,6,1,46,8,1995,2,12,-1,1,-1
2015075144735,2,9,0,18,0,0,0,0,0,4,1,1,6,2,49,8,1595,1,8,-1,3,-1
2015075144840,1,9,0,12,0,0,0,0,0,0,3,1,6,1,-1,-1,1796,1,15,-1,-1,-1
2015075144840,2,4,0,18,0,0,0,0,0,0,4,1,6,1,66,10,263,1,-1,-1,1,-1
2015075145123,1,9,0,9,0,8,0,10,2,0,4,1,6,1,19,4,998,1,1,-1,1,-1
2015075145264,1,9,0,18,0,0,1,0,0,7,1,1,6,1,51,8,1598,1,8,-1,1,-1
2015075145264,2,9,0,18,0,0,1,0,0,7,2,1,6,1,40,7,1560,2,6,-1,1,-1
2015075145421,1,9,0,10,0,8,0,0,0,0,0,1,6,2,23,5,1229,1,11,-1,1,-1
2015075145421,2,1,0,18,0,8,0,0,0,0,0,1,6,1,46,8,-1,-1,-1,-1,1,-1
2015075145531,1,9,0,18,0,0,0,0,0,0,3,1,6,1,92,11,1582,2,1,-1,1,-1
2015075145597,1,9,0,5,0,8,0,0,0,0,1,1,6,1,42,7,1349,1,6,-1,1,-1
2015075145597,2,9,0,18,0,1,0,0,0,0,1,1,6,2,29,6,1796,1,12,-1,1,-1
2015075145660,1,1,0,7,0,5,0,0,0,0,0,1,6,1,14,3,-1,-1,-1,-1,1,-1
2015075145660,2,9,0,17,0,8,0,0,0,0,0,1,6,1,32,6,-1,-1,-1,-1,1,-1
2015075145670,1,9,0,5,0,0,0,0,0,0,1,1,2,2,-1,-1,998,1,13,-1,1,-1
2015075145670,2,9,0,3,0,0,0,0,0,0,2,1,2,2,56,9,1396,1,20,-1,1,-1
2015075145698,1,9,0,3,0,4,0,0,0,0,1,1,6,1,38,7,1998,2,1,-1,3,-1
2015075145698,2,9,0,3,0,4,0,0,0,0,2,1,6,2,31,6,1242,1,10,-1,1,-1
2015075145704,1,19,0,5,0,1,0,0,0,0,3,1,6,1,24,5,1753,2,12,-1,1,-1
2015075145704,2,5,0,16,0,1,1,0,7,0,1,1,6,1,26,6,636,1,11,-1,1,-1
2015075146193,1,9,0,17,0,0,2,10,2,7,4,1,6,1,22,5,1998,1,13,-1,1,-1
2015075146380,1,9,0,17,0,0,2,0,2,4,4,1,6,1,19,4,1399,2,12,-1,1,-1
2015075146538,1,9,0,1,0,6,0,0,0,0,2,1,6,1,27,6,1598,2,2,-1,1,-1
2015075146538,2,9,0,3,0,1,0,0,0,0,4,1,6,2,18,4,1149,1,13,-1,3,-1
2015075146913,1,9,0,18,0,8,0,10,7,1,4,1,6,2,18,4,998,1,5,-1,1,-1
2015075146913,2,19,0,18,0,8,0,0,0,0,1,1,6,1,61,9,2300,2,15,-1,1,-1
2015075147042,1,9,0,17,0,0,0,0,1,10,1,1,6,1,64,9,3724,1,12,-1,1,-1
2015075147530,1,21,1,18,0,2,0,0,0,0,1,1,1,1,53,8,12900,2,4,-1,2,-1
2015075147530,2,9,0,18,0,2,0,0,0,0,2,1,6,1,29,6,2497,2,18,-1,2,-1
2015075147722,1,9,0,18,0,0,0,0,0,0,1,1,6,1,70,10,1600,1,11,-1,1,-1
2015075147722,2,9,0,3,0,0,0,0,0,0,2,1,6,2,45,7,1242,1,-1,-1,1,-1
2015075148114,1,9,0,18,0,0,0,0,0,0,0,1,1,1,33,6,1896,2,8,-1,1,-1
2015075148114,2,19,0,2,0,0,0,0,0,0,0,1,1,1,-1,-1,-1,-1,-1,-1,-1,-1
2015075148155,1,9,0,7,0,1,0,0,0,0,1,1,1,1,32,6,-1,-1,-1,-1,1,-1
2015075148155,2,1,0,18,0,2,0,0,0,0,2,1,1,1,44,7,-1,-1,-1,-1,1,-1
2015075148431,1,9,0,2,0,0,0,4,0,0,1,1,6,2,58,9,1199,1,12,-1,3,-1
2015075148431,2,9,0,2,0,0,0,0,0,0,1,1,6,2,58,9,1968,2,3,-1,1,-1
2015075148529,1,9,0,18,0,6,0,0,0,0,1,1,6,2,37,7,1796,1,9,-1,1,-1
2015075148529,2,9,0,18,0,1,0,0,0,0,4,1,6,2,44,7,1461,2,6,-1,2,-1
2015075148550,1,11,0,5,2,0,0,0,0,0,0,1,1,1,64,9,3900,2,10,-1,1,-1
2015075148550,2,9,0,5,2,0,0,0,0,0,0,1,6,2,23,5,1598,1,8,-1,3,-1
2015075148569,1,9,0,7,0,8,0,0,0,0,3,1,6,1,-1,-1,1997,1,3,-1,1,-1
2015075148569,2,9,0,9,0,8,0,0,0,0,4,1,2,2,28,6,1242,1,1,-1,1,-1
2015075148679,1,9,0,18,0,0,0,0,0,0,1,1,6,1,52,8,1229,1,1,-1,1,-1
2015075148679,2,9,0,2,0,0,0,0,0,0,1,1,6,3,-1,-1,1386,1,7,-1,-1,-1
2015075148679,3,9,0,2,0,0,0,0,0,0,1,1,6,3,-1,-1,1995,2,11,-1,-1,-1
2015075148759,1,9,0,17,0,0,0,0,1,4,1,1,6,1,47,8,1896,2,14,-1,1,-1
2015075148928,1,9,0,18,0,6,0,0,0,0,1,2,6,1,32,6,1995,2,1,-1,1,-1
2015075148928,2,9,0,9,0,1,0,0,0,0,1,2,6,2,43,7,1598,1,11,-1,1,-1
2015075149314,1,9,0,18,0,0,0,0,1,1,1,1,1,1,60,9,1999,1,4,-1,1,-1
2015075149616,1,9,0,18,0,0,0,0,0,0,1,1,6,1,56,9,1329,1,6,-1,1,-1
2015075149616,2,9,0,18,0,0,0,0,0,0,1,1,6,1,60,9,1998,1,11,-1,3,-1
2015075149780,1,9,0,18,0,0,0,0,0,0,4,1,2,2,29,6,1242,1,15,-1,1,-1
2015075149780,2,19,0,2,0,0,0,0,0,0,0,1,6,3,-1,-1,-1,-1,-1,-1,-1,-1
2015075149800,1,9,0,9,0,8,0,0,0,0,1,1,1,2,45,7,1598,1,1,-1,1,-1
2015075149800,2,8,0,18,0,1,0,0,1,0,3,1,1,1,55,8,2664,2,15,-1,1,-1
2015075149871,1,9,0,3,0,0,0,0,0,0,2,1,2,2,27,6,1686,2,3,-1,-1,-1
2015075149871,2,9,0,3,0,0,0,0,0,0,2,1,6,1,21,5,1242,1,1,-1,1,-1
2015075149871,3,9,0,4,0,0,0,0,0,0,1,1,6,2,34,6,1086,1,5,-1,1,-1
2015075149871,4,9,0,4,0,0,0,0,0,0,1,1,6,2,42,7,1998,2,2,-1,1,-1
2015075149871,5,19,0,4,0,0,0,0,0,0,1,1,1,1,22,5,1995,2,5,-1,1,-1
2015075149938,1,9,0,5,0,1,0,0,0,0,1,1,6,1,69,10,1598,1,15,-1,1,-1
2015075150363,1,9,0,18,0,3,1,0,0,0,1,1,1,2,20,4,1598,1,11,-1,1,-1
2015075150363,2,9,0,18,0,4,0,0,0,0,1,1,1,1,51,8,2199,2,2,-1,1,-1
2015075150432,1,9,0,17,0,0,0,0,1,10,1,1,2,2,25,5,1199,1,11,-1,2,-1
2015075150547,1,9,0,18,0,1,0,0,0,0,1,1,6,2,-1,-1,1991,1,20,-1,1,-1
2015075150547,2,9,0,9,0,8,0,0,0,0,4,1,6,1,39,7,1364,1,1,-1,1,-1
2015075150680,1,9,0,6,0,8,0,0,0,0,0,1,6,1,23,5,1149,1,9,-1,1,-1
2015075150680,2,3,0,18,0,8,1,0,0,0,0,1,6,1,19,4,124,1,1,-1,1,-1
2015075150704,1,9,0,3,0,0,0,0,4,1,2,1,6,1,27,6,1360,1,11,-1,1,-1
2015075150704,2,9,0,18,0,0,1,0,0,0,1,1,6,1,56,9,1796,1,13,-1,1,-1
2015075150866,1,9,0,15,0,0,0,0,0,0,4,2,6,2,47,8,1499,2,1,-1,1,-1