Accident_Index,Vehicle_Reference,Vehicle_Type,Towing_and_Articulation,Vehicle_Manoeuvre,Vehicle_Location-Restricted_Lane,Junction_Location,Skidding_and_Overturning,Hit_Object_in_Carriageway,Vehicle_Leaving_Carriageway,Hit_Object_off_Carriageway,1st_Point_of_Impact,Was_Vehicle_Left_Hand_Drive?,Journey_Purpose_of_Driver,Sex_of_Driver,Age_of_Driver,Age_Band_of_Driver,Engine_Capacity_(CC),Propulsion_Code,Age_of_Vehicle,Driver_IMD_Decile,Driver_Home_Area_Type,Vehicle_IMD_Decile
2015075245370,1,9,0,2,0,0,0,0,0,0,1,1,6,2,86,11,1390,1,11,-1,1,-1
2015075245370,2,1,0,18,0,0,0,0,0,0,1,1,6,1,21,5,-1,-1,-1,-1,1,-1
2015075245482,1,9,0,16,0,3,1,0,0,0,1,1,6,1,37,7,3200,1,12,-1,1,-1
2015075245482,2,9,0,18,0,1,0,0,0,0,1,1,6,2,79,11,1591,1,1,-1,1,-1
2015075245547,1,9,0,13,0,0,0,0,0,0,4,1,6,3,-1,-1,-1,-1,-1,-1,-1,-1
2015075245547,2,1,0,18,0,0,0,0,0,0,3,1,6,1,18,4,-1,-1,-1,-1,1,-1
2015075245594,1,9,0,3,0,1,0,0,0,0,2,1,2,1,30,6,1206,1,6,-1,-1,-1
2015075245594,2,8,0,5,0,1,0,0,0,0,1,1,1,1,26,6,1497,8,8,-1,1,-1
2015075245621,1,19,0,18,0,2,0,0,0,0,3,1,2,1,35,6,1753,2,9,-1,1,-1
2015075245621,2,19,0,18,0,1,0,0,0,0,3,1,2,1,48,8,-1,-1,-1,-1,1,-1
2015075245686,1,9,0,9,0,8,0,0,0,0,1,1,6,1,32,6,1360,1,14,-1,2,-1
2015075245686,2,19,0,18,0,8,0,0,0,0,1,1,6,1,59,9,1968,2,-1,-1,1,-1
2015075245700,1,9,0,5,0,6,0,0,0,0,1,1,6,2,42,7,2000,1,7,-1,2,-1
2015075245700,2,1,0,18,0,1,5,0,0,0,4,1,6,1,36,7,-1,-1,-1,-1,1,-1
2015075246147,1,9,0,18,0,0,0,0,0,0,1,1,1,1,44,7,1686,2,3,-1,1,-1
2015075246147,2,22,0,18,0,0,0,0,0,0,3,1,6,1,87,11,-1,-1,-1,-1,2,-1
2015075246212,1,9,0,6,0,0,0,0,0,0,1,1,6,2,22,5,973,1,14,-1,3,-1
2015075246212,2,1,0,14,0,0,0,0,0,0,1,1,6,1,22,5,-1,-1,-1,-1,1,-1
2015075246220,1,9,0,14,0,0,5,0,0,0,4,1,6,2,46,8,1598,1,3,-1,1,-1
2015075246220,2,9,0,2,0,0,0,0,0,0,3,1,6,3,-1,-1,1598,1,14,-1,-1,-1
2015075246670,1,9,0,18,0,0,0,0,0,0,4,1,6,1,67,10,2204,2,7,-1,1,-1
2015075246685,1,9,0,18,0,1,0,0,0,0,2,1,6,2,-1,-1,1360,1,11,-1,-1,-1
2015075246685,2,8,0,18,0,1,0,0,0,0,1,1,1,1,36,7,1248,2,5,-1,1,-1
2015075247000,1,9,0,18,0,0,1,0,8,11,1,1,6,2,20,4,1598,2,-1,-1,1,-1
2015075247000,2,21,0,4,0,0,0,0,0,0,1,1,1,1,55,8,-1,-1,-1,-1,2,-1
2015075247033,1,1,0,18,0,0,0,0,0,0,1,1,6,1,32,6,-1,-1,-1,-1,1,-1
2015075247033,2,9,0,18,0,0,0,0,0,0,1,1,6,3,-1,-1,-1,-1,-1,-1,-1,-1
2015075247124,1,9,0,16,0,0,1,10,7,2,3,1,6,1,19,4,1388,1,6,-1,1,-1
2015075247257,1,9,0,18,0,0,0,0,0,0,1,1,6,2,47,8,1242,1,-1,-1,1,-1
2015075247257,2,9,0,18,0,0,0,0,0,0,1,1,2,2,23,5,1388,1,10,-1,1,-1
2015075247257,3,9,0,18,0,0,0,0,0,0,1,1,6,2,32,6,2000,2,4,-1,1,-1
2015075247291,1,21,1,12,0,0,0,0,0,0,3,2,1,1,50,8,-1,-1,-1,-1,-1,-1
2015075247291,2,9,0,18,0,0,2,0,1,10,4,1,6,1,55,8,1596,1,11,-1,1,-1
2015075247367,1,9,0,18,0,0,0,0,0,0,1,1,6,1,24,5,-1,-1,-1,-1,1,-1
2015075247367,2,9,3,18,0,0,0,0,0,0,3,1,6,1,65,9,1995,2,1,-1,-1,-1
2015075247367,3,9,0,18,0,0,0,0,0,0,1,1,6,2,27,6,1242,1,3,-1,1,-1
2015075247412,1,9,0,18,0,0,0,1,0,0,1,1,6,1,31,6,1968,2,1,-1,1,-1
2015075247412,2,9,0,18,0,0,0,0,0,0,2,1,6,1,44,7,2179,2,5,-1,1,-1
2015075247412,3,9,0,18,0,0,0,0,0,0,2,1,6,2,48,8,2698,2,8,-1,1,-1
2015075247554,1,9,0,9,0,1,0,0,0,0,4,1,6,2,72,10,1368,1,-1,-1,3,-1
2015075247554,2,3,0,5,0,1,1,0,0,0,1,1,2,1,19,4,125,1,1,-1,1,-1
2015075247659,1,9,0,4,0,0,1,0,0,0,1,1,6,1,35,6,1242,1,9,-1,1,-1
2015075247659,2,9,0,18,0,0,0,0,0,0,3,1,6,1,45,7,1896,2,14,-1,1,-1
2015075247659,3,9,0,4,0,0,0,0,0,0,4,1,6,1,32,6,1991,2,7,-1,1,-1
2015075247659,4,9,0,4,0,0,0,0,0,0,4,1,6,1,33,6,1968,2,-1,-1,1,-1
2015075247659,5,9,0,4,0,0,0,0,0,0,4,1,6,1,46,8,1242,1,15,-1,1,-1
2015075247772,1,19,0,4,0,0,0,0,0,0,1,1,1,1,17,4,2402,2,15,-1,1,-1
2015075247772,2,9,0,4,0,0,0,0,0,0,2,1,6,2,55,8,1398,1,1,-1,1,-1
2015075247794,1,9,0,10,0,1,0,0,0,0,2,1,6,2,23,5,1242,1,9,-1,1,-1
2015075247794,2,9,0,18,0,1,0,0,0,0,1,1,6,2,24,5,1242,1,8,-1,1,-1
2015075247833,1,19,0,6,0,1,0,0,0,0,3,1,6,1,-1,-1,1686,2,11,-1,-1,-1
2015075247833,2,9,0,18,0,1,0,0,0,0,4,1,6,1,21,5,998,1,8,-1,1,-1
2015075247898,1,3,0,18,0,0,0,0,0,0,4,1,1,1,19,4,125,1,-1,-1,1,-1
2015075247898,2,9,0,2,0,0,0,0,0,0,4,1,6,3,-1,-1,1998,2,10,-1,-1,-1
2015075248346,1,9,0,9,0,4,0,0,0,0,1,1,2,1,32,6,1956,2,6,-1,1,-1
2015075248346,2,1,0,18,0,8,0,0,0,0,4,1,2,1,58,9,-1,-1,-1,-1,1,-1
2015075248535,1,19,0,17,0,0,0,0,0,0,1,1,6,1,-1,-1,1248,2,2,-1,-1,-1
2015075248535,2,9,0,3,0,0,0,0,0,0,2,1,6,1,27,6,1598,1,2,-1,1,-1
2015075248535,3,9,0,3,0,0,0,0,0,0,2,1,6,2,57,9,1968,2,5,-1,1,-1
2015075249157,1,9,0,10,0,1,0,0,0,0,1,1,6,2,35,6,1753,2,8,-1,3,-1
2015075249157,2,9,0,18,0,8,0,0,0,0,1,1,6,2,27,6,1781,1,14,-1,2,-1
2015075249428,1,19,0,17,0,0,0,10,2,11,4,1,6,1,33,6,-1,-1,-1,-1,-1,-1
2015075249671,1,9,0,11,7,5,5,10,0,0,1,1,6,2,42,7,1598,1,3,-1,1,-1
2015075249830,1,9,0,18,0,1,1,0,0,0,1,1,6,2,37,7,1796,1,10,-1,1,-1
2015075249830,2,9,0,3,0,1,0,0,0,0,2,1,6,1,25,5,998,1,-1,-1,1,-1
2015075249868,1,9,0,18,0,0,1,0,4,0,4,1,6,2,39,7,1149,1,7,-1,1,-1
2015075249911,1,9,0,17,0,0,2,0,1,4,1,1,6,2,18,4,1399,2,6,-1,1,-1
2015075249927,1,9,0,18,0,1,0,0,7,0,1,1,6,2,58,9,1422,2,10,-1,1,-1
2015075249927,2,9,0,2,0,2,0,0,0,0,1,1,6,1,44,7,1896,2,14,-1,1,-1
2015075250387,1,9,0,5,0,1,0,0,0,0,2,1,2,1,51,8,1242,1,17,-1,1,-1
2015075250387,2,9,0,5,0,1,0,0,0,0,1,1,2,1,40,7,1560,2,1,-1,1,-1
2015075250503,1,9,0,18,0,1,0,0,0,0,4,1,6,3,-1,-1,-1,-1,-1,-1,-1,-1
2015075250627,1,19,0,18,0,0,1,0,4,6,1,1,1,1,68,10,1998,2,14,-1,1,-1
2015075250627,2,9,0,4,0,0,0,0,4,6,2,1,6,2,32,6,1560,2,2,-1,1,-1
2015075250627,3,9,0,4,0,0,0,0,0,0,3,1,6,1,43,7,2300,1,16,-1,1,-1
2015075250627,4,9,0,4,0,0,0,0,0,0,3,1,6,1,31,6,1995,2,8,-1,1,-1
2015075250627,5,9,0,3,0,0,0,0,0,0,3,1,6,1,36,7,1596,1,4,-1,1,-1
2015075250639,1,9,0,5,0,8,0,0,0,0,1,1,6,1,71,10,1299,1,13,-1,3,-1
2015075250639,2,9,0,18,0,8,1,10,1,9,3,1,6,2,53,8,2967,1,13,-1,3,-1
2015075250674,1,1,0,18,0,0,0,0,0,11,4,1,6,1,65,9,-1,-1,-1,-1,1,-1
2015075250696,1,19,0,18,0,0,0,0,0,0,0,1,6,1,-1,-1,1686,2,10,-1,-1,-1
2015075250696,2,1,0,18,0,0,0,0,0,0,0,1,6,1,55,8,-1,-1,-1,-1,1,-1
2015075250903,1,19,0,7,0,8,0,0,0,0,1,1,2,1,54,8,1560,2,4,-1,1,-1
2015075250903,2,1,0,18,0,1,0,0,0,0,3,1,2,1,40,7,-1,-1,-1,-1,1,-1
2015075251152,1,9,0,18,0,8,0,0,0,0,3,1,6,2,25,5,1997,1,13,-1,1,-1
2015075251152,2,3,0,18,0,1,0,0,0,0,1,1,6,1,22,5,125,1,-1,-1,1,-1
2015075251542,1,90,0,5,0,1,0,0,0,0,1,1,1,1,32,6,-1,3,-1,-1,1,-1
2015075251542,2,19,0,16,0,1,0,0,0,0,1,1,1,1,59,9,2402,2,14,-1,1,-1
2015075251589,1,9,0,7,0,2,0,0,0,0,1,1,2,1,28,6,1124,1,8,-1,3,-1
2015075251589,2,1,0,18,0,2,0,0,0,0,4,1,2,1,57,9,-1,-1,-1,-1,1,-1
2015075251633,1,9,0,7,0,6,0,0,0,0,1,1,2,1,60,9,4008,1,17,-1,3,-1
2015075251633,2,1,0,18,0,2,0,0,0,0,4,1,6,2,42,7,-1,-1,-1,-1,1,-1
2015075251806,1,4,0,18,0,1,1,0,0,0,0,1,2,1,56,9,459,1,11,-1,1,-1
2015075251967,1,9,0,1,0,2,0,0,0,0,2,1,1,1,66,10,-1,-1,-1,-1,1,-1
2015075251967,2,9,0,18,0,8,0,0,0,0,1,1,1,1,48,8,999,1,2,-1,1,-1
2015075252327,1,1,0,18,0,0,0,0,0,0,4,1,6,1,26,6,-1,-1,-1,-1,1,-1
2015075252327,2,9,0,2,0,0,0,0,0,0,3,1,6,1,56,9,1598,1,3,-1,3,-1
2015075252724,1,9,0,18,0,1,0,0,0,0,1,1,2,2,26,6,998,1,-1,-1,1,-1
2015075252724,2,19,0,3,0,2,0,0,0,0,2,1,1,1,46,8,2998,2,-1,-1,3,-1
2015075252849,1,9,0,9,0,6,0,0,0,0,3,1,6,1,25,5,1995,2,8,-1,1,-1
2015075252849,2,3,0,16,0,3,1,0,0,0,1,1,6,1,17,4,124,1,3,-1,1,-1
2015075252852,1,9,0,5,0,8,0,0,0,0,4,1,6,2,61,9,2204,2,6,-1,2,-1
2015075252852,2,9,0,18,0,8,0,0,0,0,1,1,6,1,76,11,998,1,15,-1,1,-1
2015075253047,1,9,0,18,0,1,0,0,0,0,1,1,6,1,31,6,2995,1,13,-1,1,-1
2015075253047,2,19,0,3,0,1,0,0,0,0,2,1,1,1,49,8,1968,2,1,-1,1,-1
2015075253047,3,98,1,3,0,1,0,0,0,0,2,1,1,1,41,7,-1,-1,-1,-1,1,-1
2015075253050,1,9,0,18,0,1,0,0,0,0,1,1,6,1,-1,-1,-1,-1,-1,-1,-1,-1
2015075253050,2,9,0,3,0,1,0,0,0,0,2,1,6,1,35,6,1248,2,5,-1,1,-1
2015075253064,1,9,0,18,0,1,0,0,0,0,1,1,6,1,67,10,1999,1,6,-1,2,-1
2015075253092,1,9,0,9,0,4,0,0,0,0,1,1,2,1,44,7,1360,1,16,-1,2,-1
2015075253092,2,1,0,18,0,8,0,0,0,0,4,1,2,1,59,9,-1,-1,-1,-1,1,-1
2015075253198,1,19,0,16,0,0,1,0,0,0,1,1,1,1,53,8,2402,2,7,-1,3,-1
2015075253198,2,9,0,18,0,0,1,0,0,0,1,1,1,1,35,6,1598,2,2,-1,1,-1
2015075253239,1,9,0,18,0,8,0,0,0,0,1,1,6,1,-1,-1,1895,1,16,-1,1,-1
2015075253239,2,9,0,4,0,8,0,0,0,0,2,1,6,1,30,6,1497,1,11,-1,1,-1
2015075253348,1,9,0,18,0,0,1,0,0,0,1,1,6,2,20,4,1124,1,12,-1,3,-1
2015075253348,2,9,0,4,0,0,0,0,0,0,2,1,6,2,60,9,1596,1,6,-1,2,-1
2015075253348,3,19,0,18,0,0,1,0,0,0,1,1,6,1,33,6,1560,2,6,-1,1,-1
2015075253348,4,9,0,4,0,0,0,0,0,0,2,1,6,1,41,7,2993,2,4,-1,1,-1
2015075253505,1,9,0,5,0,1,0,0,0,0,0,1,6,2,27,6,1560,2,4,-1,1,-1
2015075253505,2,5,0,18,0,1,0,0,0,0,0,1,6,2,59,9,535,1,20,-1,1,-1
2015075253938,1,9,0,18,0,1,0,0,0,0,1,1,6,1,56,9,1299,1,10,-1,2,-1
2015075253938,2,9,0,10,0,1,0,0,0,0,1,1,6,1,61,9,1582,2,2,-1,1,-1
2015075254030,1,21,0,18,0,0,0,0,0,0,1,1,1,1,22,5,-1,-1,-1,-1,1,-1
2015075254030,2,9,0,18,0,0,0,0,0,0,2,1,6,2,53,8,1461,2,7,-1,1,-1
2015075254095,1,1,0,18,0,0,0,0,0,0,3,1,6,1,14,3,-1,-1,-1,-1,1,-1
2015075254095,2,19,0,18,0,0,0,0,0,0,4,1,6,1,30,6,2402,2,9,-1,1,-1
2015075254390,1,9,0,11,0,3,0,0,0,0,4,1,6,1,78,11,1242,1,10,-1,2,-1
2015075254390,2,9,0,17,0,3,1,0,2,2,3,1,6,2,36,7,1242,1,6,-1,1,-1
2015075254408,1,9,0,11,0,8,0,0,0,0,4,1,6,2,-1,-1,2993,2,6,-1,2,-1
2015075254408,2,9,0,18,0,8,0,0,0,0,3,1,6,2,56,9,1499,1,7,-1,1,-1
2015075254565,1,9,0,9,0,8,0,0,0,0,1,1,6,2,34,6,1896,2,17,-1,1,-1
2015075254565,2,3,0,18,0,8,0,0,0,0,1,1,6,1,28,6,102,1,8,-1,1,-1
2015075254642,1,5,0,16,0,0,0,0,7,11,3,1,6,1,78,11,999,1,-1,-1,3,-1
2015075255005,1,8,0,18,0,1,0,0,0,0,3,1,1,1,57,9,1910,2,9,-1,1,-1
2015075255005,2,20,0,4,0,1,1,0,7,4,1,1,1,1,61,9,-1,-1,-1,-1,1,-1
2015075255042,1,21,0,13,0,0,0,0,0,0,4,1,6,3,-1,-1,-1,-1,-1,-1,-1,-1
2015075255042,2,1,0,18,0,0,1,0,0,0,3,1,6,1,71,10,-1,-1,-1,-1,1,-1
2015075255072,1,9,0,4,0,2,0,0,0,0,0,1,6,2,47,8,2000,2,6,-1,1,-1
2015075255072,2,9,0,18,0,1,0,0,0,0,1,1,6,2,48,8,1598,1,7,-1,1,-1
2015075255072,3,9,0,18,0,1,0,0,0,0,1,1,6,1,44,7,1390,1,5,-1,1,-1
2015075255162,1,19,0,18,0,1,0,0,0,0,1,2,1,1,45,7,1996,2,4,-1,2,-1
2015075255162,2,9,0,18,0,6,0,0,0,0,4,2,6,3,-1,-1,1988,1,14,-1,-1,-1
2015075255196,1,9,0,17,0,8,0,0,0,0,3,1,6,2,64,9,1398,1,5,-1,1,-1
2015075255196,2,9,0,17,0,8,0,0,0,0,1,1,6,2,51,8,3200,2,11,-1,1,-1
2015075255273,1,9,0,11,0,0,0,0,4,6,1,1,6,1,18,4,1124,1,15,-1,3,-1
2015075255273,2,9,0,18,0,0,0,0,0,0,2,1,6,1,74,10,1560,2,5,-1,1,-1
2015075255595,1,9,0,18,0,1,0,0,0,0,1,1,6,2,-1,-1,2204,2,8,-1,1,-1
2015075255595,2,9,0,3,0,1,0,0,0,0,2,1,6,1,39,7,1685,2,4,-1,1,-1
2015075255617,1,9,0,18,0,0,0,0,0,0,1,1,2,2,64,9,1242,1,4,-1,1,-1
2015075255617,2,9,0,4,0,0,0,0,0,0,2,1,2,2,22,5,1399,2,3,-1,1,-1
2015075255617,3,9,0,4,0,0,0,0,0,0,2,1,2,1,32,6,1968,2,4,-1,1,-1
2015075255898,1,1,0,9,0,6,0,0,0,0,3,1,6,1,71,10,-1,-1,-1,-1,1,-1
2015075255898,2,3,0,18,0,8,2,0,0,0,1,1,6,1,19,4,124,1,1,-1,1,-1
2015075256092,1,2,0,18,0,0,1,4,0,0,1,1,6,1,23,5,49,1,10,-1,1,-1
2015075256092,2,9,0,2,0,0,0,0,0,0,4,1,6,2,41,7,2191,2,-1,-1,1,-1
2015075256268,1,9,0,18,0,0,0,0,0,0,1,1,1,1,31,6,-1,-1,-1,-1,-1,-1
2015075256268,2,21,1,18,0,0,0,0,0,0,2,1,1,1,24,5,11967,2,2,-1,1,-1
2015075256778,1,1,0,18,0,2,0,0,0,0,1,1,6,1,15,3,-1,-1,-1,-1,3,-1
2015075256778,2,9,0,2,0,2,0,0,0,0,3,1,6,2,53,8,998,1,4,-1,2,-1
2015075256778,3,9,0,2,0,2,0,0,0,0,3,1,6,1,55,8,1995,2,11,-1,2,-1
2015075256779,1,9,0,5,0,6,0,0,0,0,4,1,6,1,50,8,1870,2,9,-1,3,-1
2015075256779,2,5,0,18,0,1,0,0,0,0,1,1,6,1,43,7,599,1,14,-1,1,-1
2015075256779,3,9,0,3,0,8,0,0,0,0,3,1,6,2,19,4,1149,1,-1,-1,3,-1
2015075256807,1,9,0,18,0,0,0,0,0,0,3,1,6,2,20,4,1242,1,1,-1,1,-1
2015075257610,1,3,0,18,0,0,2,0,0,0,0,1,1,1,18,4,125,1,-1,-1,1,-1
2015075257647,1,9,0,13,0,4,0,0,0,0,4,1,6,3,-1,-1,-1,-1,-1,-1,-1,-1
2015075257647,2,1,0,4,0,4,0,0,0,0,3,1,6,1,57,9,-1,-1,-1,-1,1,-1
2015075257766,1,1,0,4,0,1,5,0,0,0,1,1,6,2,50,8,-1,-1,-1,-1,1,-1
2015075258131,1,9,0,18,0,1,5,0,0,0,1,1,6,1,18,4,1390,1,-1,-1,3,-1
2015075258131,2,9,0,10,0,1,0,0,0,0,2,1,6,2,26,6,1198,1,8,-1,1,-1
2015075258381,1,9,0,16,0,0,1,0,7,3,1,1,6,2,25,5,998,1,7,-1,1,-1
2015075258692,1,9,0,18,0,8,0,0,0,0,3,1,2,1,28,6,1149,1,13,-1,1,-1
2015075258692,2,9,0,18,0,3,0,0,0,0,1,1,6,1,-1,-1,1968,2,10,-1,3,-1
2015075259012,1,9,0,9,0,8,1,0,0,0,1,1,6,1,50,8,1796,1,10,-1,1,-1
2015075259012,2,9,0,17,0,8,0,0,0,0,3,1,6,1,19,4,1390,1,14,-1,1,-1
2015075259132,1,9,0,9,0,2,0,0,0,0,3,1,6,1,71,10,1398,1,1,-1,3,-1
2015075259132,2,9,0,18,0,1,0,0,0,0,1,1,6,1,26,6,2401,2,14,-1,1,-1
2015075259152,1,9,0,18,0,0,0,0,2,0,3,1,6,2,18,4,1242,1,5,-1,3,-1
2015075259152,2,9,0,18,0,0,0,0,0,0,3,1,6,2,55,8,1686,2,10,-1,1,-1
2015075259152,3,9,0,18,0,0,0,0,0,0,1,1,6,1,64,9,1968,2,9,-1,1,-1
2015075259205,1,9,0,18,0,0,2,0,1,0,3,1,2,1,29,6,2835,2,16,-1,1,-1
2015075259205,2,9,0,18,0,0,0,0,0,0,1,1,6,1,67,10,1997,2,2,-1,1,-1
2015075260042,1,17,4,16,0,1,1,0,0,0,1,1,1,1,25,5,-1,2,4,-1,-1,-1
2015075260042,2,9,0,10,0,1,0,0,0,0,2,1,6,2,48,8,1582,2,4,-1,1,-1
2015075260042,3,20,0,16,0,1,0,0,0,0,1,1,1,1,48,8,4485,2,1,-1,1,-1
2015075260231,1,9,0,16,0,0,2,0,1,11,4,1,6,1,28,6,1587,1,10,-1,1,-1
2015075260237,1,19,0,1,0,0,0,0,0,0,4,1,1,1,55,8,2143,2,2,-1,1,-1
2015075260484,1,9,0,4,0,8,0,0,0,0,0,1,6,1,65,9,1753,2,9,-1,1,-1
2015075260484,2,1,0,18,0,8,0,0,0,0,0,1,6,1,48,8,-1,-1,-1,-1,1,-1
2015075260487,1,9,0,18,0,0,0,4,0,0,1,1,6,2,78,11,1368,1,7,-1,3,-1
2015075260487,2,9,0,2,0,0,0,0,0,0,3,1,6,2,47,8,2496,2,12,-1,2,-1
2015075260785,1,9,0,18,0,1,0,0,0,0,1,1,1,1,23,5,-1,-1,-1,-1,1,-1
2015075260785,2,11,0,18,2,1,0,0,0,0,4,1,1,1,47,8,6700,2,5,-1,1,-1
2015075260795,1,1,0,18,9,1,0,0,0,0,1,1,1,2,23,5,-1,-1,-1,-1,2,-1
2015075260795,2,9,0,4,0,1,0,0,0,0,4,1,1,2,26,6,1968,2,2,-1,2,-1
2015075260814,1,9,0,6,0,0,0,0,0,0,3,1,2,1,48,8,1596,1,15,-1,1,-1
2015075260814,2,3,0,18,0,0,0,0,0,0,1,1,2,1,25,5,-1,-1,-1,-1,1,-1
2015075260879,1,21,1,17,0,0,0,0,0,0,1,1,1,1,28,6,10837,2,4,-1,1,-1
2015075260879,2,9,0,16,0,0,1,0,0,0,1,1,6,2,32,6,1390,1,6,-1,1,-1
2015075260990,1,9,0,11,0,8,0,0,0,0,0,1,6,1,-1,-1,1986,2,9,-1,2,-1
2015075260990,2,9,0,4,0,8,0,0,0,0,0,1,6,1,61,9,1997,2,6,-1,1,-1
2015075261101,1,19,0,18,0,8,1,0,0,0,1,1,1,1,59,9,1868,2,11,-1,3,-1
2015075261101,2,9,0,9,0,8,0,0,2,0,4,1,1,2,21,5,998,1,2,-1,1,-1
2015075261187,1,9,0,1,0,1,0,0,0,0,2,1,6,1,64,9,1560,2,-1,-1,1,-1
2015075261187,2,9,0,2,0,1,0,0,0,0,3,1,6,2,81,11,1198,1,6,-1,1,-1
2015075261187,3,9,0,2,0,1,0,0,0,0,1,1,6,2,36,7,1997,1,5,-1,1,-1
2015075261187,4,9,0,18,0,1,0,0,0,0,1,1,6,1,48,8,1240,1,7,-1,1,-1
2015075261355,1,9,0,9,0,8,0,0,0,0,1,1,6,2,55,8,1242,1,8,-1,1,-1
2015075261355,2,5,0,18,0,8,0,0,0,0,1,1,6,1,40,7,-1,-1,-1,-1,1,-1
2015075261439,1,9,0,9,0,6,0,0,0,0,1,1,6,1,-1,-1,1390,1,14,-1,-1,-1
2015075261439,2,9,0,18,0,1,0,10,0,0,3,1,1,2,44,7,1596,1,1,-1,1,-1
2015075261829,1,9,0,16,0,0,1,0,7,3,3,1,1,1,22,5,1587,1,13,-1,1,-1
2015075261829,2,9,0,18,0,0,0,0,0,0,3,1,1,2,43,7,1997,2,6,-1,1,-1
2015075261868,1,9,0,18,0,1,0,0,0,0,4,1,6,2,22,5,1598,1,1,-1,1,-1
2015075261873,1,2,0,9,0,8,0,0,0,0,4,1,1,1,45,7,108,1,1,-1,1,-1
2015075261873,2,9,0,18,0,1,0,0,0,0,1,1,2,1,46,8,1587,1,14,-1,1,-1
2015075261873,3,9,0,10,0,1,0,0,0,0,1,1,2,1,24,5,1995,2,-1,-1,1,-1
2015075261901,1,21,1,12,0,0,0,0,0,0,3,2,6,3,-1,-1,-1,-1,-1,-1,-1,-1
2015075261901,2,9,0,18,0,0,1,0,2,7,4,1,1,2,27,6,998,1,1,-1,1,-1
2015075262142,1,9,0,18,0,0,0,0,0,0,1,1,6,1,26,6,1896,2,10,-1,1,-1
2015075262142,2,9,0,4,0,0,0,0,0,0,2,1,6,2,39,7,1997,2,11,-1,1,-1
2015075262590,1,90,0,18,0,0,1,0,0,0,4,1,6,1,28,6,-1,-1,-1,-1,1,-1
2015075262590,2,9,0,2,0,0,0,0,0,0,3,1,6,2,28,6,1998,2,11,-1,1,-1
2015075262680,1,4,0,18,0,0,2,0,1,11,1,1,6,1,19,4,471,1,-1,-1,1,-1
2015075262687,1,9,0,9,0,8,0,0,0,0,1,1,6,1,41,7,2500,2,13,-1,1,-1
2015075263065,1,9,0,16,0,0,0,0,0,0,4,1,6,2,60,9,1242,1,7,-1,1,-1
2015075263117,1,21,1,18,0,0,0,4,0,0,1,1,1,1,46,8,6693,2,2,-1,1,-1
2015075263117,2,19,0,2,0,0,0,0,0,0,2,1,1,1,41,7,2402,2,4,-1,1,-1
2015075263117,3,9,0,2,0,0,0,0,0,11,2,1,6,1,81,11,1997,2,11,-1,1,-1
2015075263188,1,9,0,2,0,1,0,0,0,0,3,1,6,2,28,6,1242,1,5,-1,1,-1
2015075263188,2,22,0,18,0,1,2,0,0,0,4,1,6,1,82,11,-1,-1,-1,-1,1,-1
2015075263401,1,9,0,5,0,0,0,0,0,0,3,1,6,2,44,7,1685,2,-1,-1,2,-1
2015075263487,1,9,0,13,0,1,0,0,0,0,4,1,6,3,-1,-1,-1,-1,-1,-1,-1,-1
2015075263487,2,5,0,4,0,1,0,0,0,0,3,1,2,1,46,8,999,1,5,-1,2,-1
2015075263549,1,9,0,9,0,1,0,0,0,0,1,1,6,2,50,8,1796,1,-1,-1,1,-1
2015075263549,2,11,0,18,0,1,0,0,0,0,4,1,1,1,58,9,4250,2,16,-1,1,-1
2015075263889,1,9,0,18,0,0,5,0,7,3,1,1,6,1,21,5,1149,1,13,-1,1,-1
2015075263889,2,9,0,2,9,0,0,0,0,0,1,1,6,3,-1,-1,1968,2,3,-1,3,-1
2015075264081,1,9,0,16,9,0,1,10,1,4,2,1,6,1,27,6,3498,1,11,-1,1,-1
2015075264464,1,9,0,18,0,0,0,0,0,0,1,1,6,2,29,6,1360,1,11,-1,1,-1
2015075264464,2,9,0,4,0,0,0,0,0,0,2,1,6,1,50,8,1995,2,3,-1,1,-1
2015075264512,1,9,0,9,0,8,0,0,0,0,1,1,6,1,80,11,1753,2,11,-1,1,-1
2015075264512,2,9,0,18,0,8,0,0,0,0,4,1,6,1,25,5,1998,1,10,-1,1,-1
2015075264666,1,9,0,16,0,2,1,0,7,0,1,1,6,1,38,7,2088,2,19,-1,1,-1
2015075264666,2,9,0,17,0,1,0,0,1,0,1,1,6,1,60,9,1995,2,3,-1,2,-1
2015075264850,1,9,0,9,0,4,0,0,0,0,1,1,6,1,48,8,1796,1,10,-1,1,-1
2015075264850,2,9,0,18,0,4,0,0,0,0,4,1,6,1,20,4,1229,1,7,-1,1,-1
2015075265073,1,9,0,1,0,2,0,0,0,0,2,1,6,1,43,7,2979,1,-1,-1,1,-1
2015075265105,1,9,0,18,0,0,1,0,0,6,1,1,6,1,25,5,1984,1,-1,-1,1,-1
2015075265105,2,9,0,18,0,0,1,0,1,6,2,1,6,1,52,8,1968,2,6,-1,1,-1
2015075265370,1,9,0,9,0,8,1,10,1,0,4,1,6,2,26,6,1229,1,9,-1,1,-1