Accident_Index,Vehicle_Reference,Vehicle_Type,Towing_and_Articulation,Vehicle_Manoeuvre,Vehicle_Location-Restricted_Lane,Junction_Location,Skidding_and_Overturning,Hit_Object_in_Carriageway,Vehicle_Leaving_Carriageway,Hit_Object_off_Carriageway,1st_Point_of_Impact,Was_Vehicle_Left_Hand_Drive?,Journey_Purpose_of_Driver,Sex_of_Driver,Age_of_Driver,Age_Band_of_Driver,Engine_Capacity_(CC),Propulsion_Code,Age_of_Vehicle,Driver_IMD_Decile,Driver_Home_Area_Type,Vehicle_IMD_Decile
2015075265431,1,9,0,18,0,1,0,0,0,0,1,1,6,1,44,7,1991,2,9,-1,1,-1
2015075265431,2,9,0,4,0,1,0,0,0,0,2,1,6,1,30,6,-1,-1,-1,-1,1,-1
2015075265514,1,9,0,6,0,0,0,0,0,0,3,1,6,1,54,8,1995,2,11,-1,1,-1
2015075265514,2,9,0,18,0,0,0,0,0,0,1,1,6,2,20,4,1596,1,8,-1,1,-1
2015075265560,1,3,0,18,0,8,0,0,0,0,1,1,6,1,29,6,125,1,14,-1,1,-1
2015075265560,2,9,5,9,0,1,0,0,0,0,4,1,6,2,34,6,899,1,1,-1,1,-1
2015075265948,1,9,0,18,0,0,0,0,1,4,1,1,6,1,29,6,1598,1,9,-1,1,-1
2015075266000,1,9,0,5,0,2,0,0,0,0,1,1,1,2,52,8,-1,-1,-1,-1,3,-1
2015075266000,2,1,0,18,0,1,5,0,0,0,1,1,2,1,54,8,-1,-1,-1,-1,1,-1
2015075266009,1,9,0,18,0,0,0,0,0,0,4,1,2,2,42,7,1598,1,9,-1,1,-1
2015075266041,1,9,0,18,0,0,0,0,0,0,1,1,1,2,45,7,1242,1,5,-1,2,-1
2015075266041,2,9,0,4,0,0,0,0,0,0,3,1,1,1,52,8,1999,1,7,-1,1,-1
2015075266441,1,9,0,18,0,1,0,0,0,0,1,1,6,2,32,6,1596,1,4,-1,1,-1
2015075266441,2,9,0,18,0,1,0,0,7,4,4,1,6,2,40,7,1496,2,-1,-1,1,-1
2015075266498,1,9,0,15,0,1,0,4,0,0,1,1,6,1,78,11,1590,1,15,-1,1,-1
2015075266498,2,9,4,2,0,1,0,0,0,0,2,1,1,1,49,8,2477,2,18,-1,1,-1
2015075266734,1,3,0,15,0,1,0,10,1,0,3,1,2,1,24,5,124,1,6,-1,1,-1
2015075266734,2,9,0,15,0,1,0,0,0,0,4,1,2,1,24,5,1984,1,14,-1,1,-1
2015075266797,1,9,0,9,0,8,0,0,0,0,1,1,6,1,-1,-1,1398,1,5,-1,3,-1
2015075266797,2,1,0,18,0,8,0,0,0,0,3,1,6,1,33,6,-1,-1,-1,-1,1,-1
2015075266841,1,9,0,13,0,0,0,0,0,0,3,1,2,1,33,6,1398,2,11,-1,1,-1
2015075266841,2,9,0,18,0,0,0,0,1,10,3,1,6,1,21,5,1149,1,-1,-1,3,-1
2015075266841,3,9,0,18,0,0,0,0,0,0,3,1,2,2,28,6,998,1,1,-1,1,-1
2015075267002,1,21,1,18,0,1,0,0,0,7,4,1,1,1,58,9,10518,2,7,-1,1,-1
2015075267065,1,19,0,6,0,0,0,0,0,0,3,1,1,1,42,7,2287,2,6,-1,1,-1
2015075267065,2,5,0,18,0,0,0,0,0,0,1,1,2,1,26,6,636,1,12,-1,1,-1
2015075267079,1,9,0,7,0,8,0,0,0,0,1,1,1,2,25,5,-1,-1,-1,-1,1,-1
2015075267079,2,9,0,17,0,1,0,0,0,0,4,1,1,1,23,5,1560,2,2,-1,3,-1
2015075267636,1,9,0,17,0,1,0,0,0,0,3,1,6,2,32,6,1910,2,10,-1,2,-1
2015075267636,2,9,0,16,0,2,0,0,0,0,3,1,6,2,18,4,1242,1,11,-1,1,-1
2015075267735,1,9,0,9,0,8,0,0,0,0,1,1,6,1,77,11,1360,1,8,-1,1,-1
2015075267735,2,1,0,10,0,5,0,0,0,0,3,1,2,1,59,9,-1,-1,-1,-1,1,-1
2015075268093,1,9,0,18,0,1,0,0,0,0,1,1,2,2,41,7,1798,1,10,-1,1,-1
2015075268093,2,9,0,3,0,1,0,0,0,0,2,1,2,1,45,7,1229,1,2,-1,1,-1
2015075268093,3,9,0,3,0,1,0,0,0,0,2,1,2,2,23,5,998,1,1,-1,1,-1
2015075268555,1,9,0,18,0,0,0,0,0,0,1,1,1,1,61,9,1956,2,3,-1,1,-1
2015075268555,2,9,0,4,0,0,0,0,0,0,2,1,6,2,86,11,1390,1,12,-1,1,-1
2015075268555,3,9,0,4,0,0,0,0,0,0,2,1,6,1,75,10,1364,1,9,-1,1,-1
2015075268559,1,9,0,9,0,5,0,0,0,0,1,1,6,2,18,4,1422,2,9,-1,1,-1
2015075268559,2,9,0,18,0,1,0,0,0,0,1,1,6,1,62,9,1248,1,-1,-1,2,-1
2015075268731,1,9,0,18,0,6,0,0,0,0,1,1,6,3,-1,-1,1994,1,16,-1,-1,-1
2015075268731,2,9,0,18,0,1,0,0,7,11,1,1,6,1,68,10,1984,1,3,-1,3,-1
2015075268788,1,9,0,9,0,6,0,0,0,0,1,1,2,1,34,6,1149,1,10,-1,1,-1
2015075268788,2,5,0,18,0,1,0,0,0,0,1,1,6,1,62,9,748,1,11,-1,1,-1
2015075269204,1,9,0,16,0,0,1,0,7,3,1,1,2,1,45,7,2995,1,6,-1,1,-1
2015075269482,1,9,0,9,0,8,0,0,0,0,1,1,6,2,51,8,1997,2,-1,-1,2,-1
2015075269482,2,1,0,18,0,8,0,0,0,0,1,1,6,1,43,7,-1,-1,-1,-1,1,-1
2015075269498,1,9,0,4,0,1,5,4,0,0,1,1,6,2,77,11,1242,1,9,-1,3,-1
2015075269498,2,9,0,2,0,2,0,4,0,0,1,1,6,3,-1,-1,1242,1,12,-1,-1,-1
2015075269498,3,9,0,2,0,2,0,4,0,0,1,1,6,3,-1,-1,1388,1,15,-1,-1,-1
2015075269524,1,9,0,18,0,0,0,0,0,0,1,1,6,2,41,7,2179,2,-1,-1,2,-1
2015075269524,2,5,0,18,0,0,0,0,0,0,2,1,6,2,28,6,599,1,16,-1,2,-1
2015075269806,1,9,0,1,0,2,0,0,0,0,1,1,6,1,39,7,-1,-1,-1,-1,2,-1
2015075269806,2,9,0,18,0,1,0,0,0,0,3,1,6,1,52,8,1685,2,1,-1,1,-1
2015075269914,1,1,0,18,0,8,0,0,0,0,4,1,2,1,28,6,-1,-1,-1,-1,1,-1
2015075269914,2,9,0,18,0,4,0,0,0,0,3,1,2,2,25,5,1398,1,1,-1,1,-1
2015075269945,1,9,0,18,0,0,0,0,0,0,4,1,2,1,30,6,1329,1,5,-1,1,-1
2015075269945,2,9,0,18,0,0,0,0,0,0,4,1,6,1,53,8,-1,-1,-1,-1,1,-1
2015075269945,3,9,0,18,0,0,0,0,1,10,1,1,6,2,59,9,2401,2,10,-1,1,-1
2015075269945,4,9,0,18,0,0,0,0,0,0,1,1,6,2,34,6,1200,1,1,-1,1,-1
2015075269947,1,19,0,4,0,1,0,0,0,0,1,1,1,1,-1,-1,2143,2,3,-1,-1,-1
2015075269947,2,9,0,3,0,1,0,0,0,0,0,1,6,2,42,7,1910,2,12,-1,1,-1
2015075269996,1,9,0,9,0,8,0,0,0,0,1,1,6,1,53,8,1896,2,13,-1,1,-1
2015075269996,2,5,0,18,0,8,0,0,0,0,1,1,6,1,56,9,1352,1,8,-1,1,-1
2015075270459,1,9,0,18,0,1,0,0,0,0,1,1,6,2,39,7,1149,1,2,-1,1,-1
2015075270459,2,9,0,3,0,1,0,0,0,0,2,1,2,2,56,9,996,1,5,-1,1,-1
2015075270523,1,3,0,18,0,1,0,0,7,1,4,1,2,1,26,6,124,1,1,-1,2,-1
2015075270523,2,19,0,9,0,8,0,0,7,1,3,1,1,1,30,6,1598,2,1,-1,1,-1
2015075270603,1,9,0,18,0,0,0,0,0,0,3,1,6,3,-1,-1,-1,-1,-1,-1,-1,-1
2015075270603,2,9,0,18,0,0,0,0,0,0,3,1,6,1,40,7,1598,1,6,-1,3,-1
2015075270776,1,9,0,18,0,1,0,0,0,0,0,1,6,1,79,11,2982,2,18,-1,1,-1
2015075270822,1,9,0,7,0,8,0,0,0,0,1,1,6,2,-1,-1,1398,2,10,-1,1,-1
2015075270842,1,9,0,18,0,0,0,0,0,0,1,1,6,1,-1,-1,1995,2,7,-1,-1,-1
2015075270842,2,9,0,4,0,0,0,0,0,0,2,1,6,2,34,6,1582,2,-1,-1,3,-1
2015075270917,1,1,0,18,0,0,0,0,0,0,3,1,4,1,14,3,-1,-1,-1,-1,1,-1
2015075270917,2,9,0,4,0,0,0,0,0,0,1,1,2,2,64,9,1364,1,7,-1,1,-1
2015075270951,1,9,0,5,0,0,0,0,0,0,1,1,6,2,38,7,1149,1,1,-1,1,-1
2015075271257,1,9,0,18,9,0,0,0,1,0,4,1,6,2,-1,-1,-1,-1,-1,-1,-1,-1
2015075271268,1,9,0,5,0,4,0,0,0,0,1,1,6,1,64,9,1956,2,4,-1,1,-1
2015075271268,2,9,0,4,0,4,0,0,0,0,2,1,6,1,71,10,1796,1,10,-1,2,-1
2015075271678,1,9,0,18,0,0,0,0,7,4,1,1,6,1,29,6,1242,1,13,-1,1,-1
2015075271678,2,9,0,18,0,0,0,0,0,0,1,1,6,1,57,9,1997,1,6,-1,1,-1
2015075271702,1,20,0,5,0,4,0,0,0,0,1,1,1,1,55,8,-1,2,13,-1,1,-1
2015075271702,2,9,0,18,0,4,0,0,0,0,4,1,6,1,73,10,1598,1,3,-1,1,-1
2015075271706,1,9,0,4,0,0,0,0,0,0,1,1,6,2,57,9,1997,1,13,-1,1,-1
2015075271706,2,9,0,4,0,0,0,0,0,0,1,1,6,1,54,8,1598,1,14,-1,1,-1
2015075271706,3,9,0,4,0,0,0,0,0,0,2,1,6,1,57,9,1798,2,-1,-1,3,-1
2015075271706,4,9,0,4,0,0,0,0,0,0,2,1,6,1,46,8,1995,2,2,-1,1,-1
2015075271706,5,9,0,11,0,0,0,0,0,0,4,1,6,1,49,8,1968,2,-1,-1,1,-1
2015075271706,6,21,1,18,0,0,0,0,0,0,3,1,1,1,52,8,12809,2,3,-1,3,-1
2015075271782,1,9,0,1,0,0,0,0,0,0,2,1,6,1,-1,-1,1395,1,1,-1,1,-1
2015075271878,1,9,0,16,0,0,0,0,0,0,1,1,6,1,58,9,1598,1,14,-1,2,-1
2015075271878,2,9,0,17,0,0,0,0,1,0,1,1,2,1,45,7,1595,1,12,-1,2,-1
2015075271908,1,3,0,4,0,0,0,0,0,0,4,1,6,1,56,9,125,1,6,-1,1,-1
2015075272088,1,9,0,18,0,1,0,0,0,0,1,1,6,1,-1,-1,1328,1,7,-1,-1,-1
2015075272088,2,9,0,3,0,1,0,0,0,0,2,1,6,2,57,9,1388,1,10,-1,1,-1
2015075272196,1,9,0,13,0,0,0,0,0,0,1,1,6,1,63,9,1796,1,10,-1,2,-1
2015075272196,2,1,0,18,0,0,0,0,1,0,2,1,6,1,13,3,-1,-1,-1,-1,3,-1
2015075272869,1,9,0,10,0,8,0,0,0,0,2,1,6,2,65,9,998,1,11,-1,1,-1
2015075272869,2,9,0,4,0,8,0,0,0,0,1,1,6,1,88,11,1364,2,8,-1,3,-1
2015075273750,1,90,0,18,0,0,0,0,0,0,1,1,1,1,50,8,-1,-1,-1,-1,1,-1
2015075273750,2,9,0,3,0,0,0,0,0,0,2,1,3,2,44,7,1896,2,13,-1,3,-1
2015075273892,1,19,0,1,0,0,0,0,0,0,2,1,1,1,26,6,1995,2,2,-1,1,-1
2015075274073,1,19,0,12,0,8,0,0,0,0,3,1,6,2,47,8,1870,2,11,-1,2,-1
2015075274073,2,9,0,18,0,8,0,0,0,0,4,1,6,2,65,9,1388,1,3,-1,1,-1
2015075274172,1,9,0,9,0,8,0,0,0,0,1,1,6,2,54,8,1391,1,18,-1,1,-1
2015075274172,2,9,0,18,0,1,0,0,0,0,4,1,3,1,49,8,1997,2,2,-1,1,-1
2015075274184,1,9,0,18,0,0,0,0,0,0,1,1,6,2,50,8,1399,2,8,-1,3,-1
2015075274184,2,90,0,18,0,0,1,10,0,0,1,1,6,1,71,10,2287,2,3,-1,3,-1
2015075274184,3,9,0,18,0,0,0,0,0,0,3,1,2,1,57,9,2179,2,1,-1,1,-1
2015075274184,4,9,0,18,0,0,0,0,0,0,3,1,2,1,27,6,1995,1,9,-1,2,-1
2015075274311,1,3,0,17,0,8,1,0,0,0,3,1,2,1,24,5,125,1,6,-1,1,-1
2015075274452,1,2,0,18,0,8,0,0,0,0,1,1,6,1,16,4,49,1,12,-1,1,-1
2015075274452,2,9,0,9,0,8,0,0,0,0,1,1,6,2,29,6,1398,1,4,-1,1,-1
2015075274555,1,19,0,18,0,0,0,0,0,0,1,1,1,1,41,7,2198,2,4,-1,1,-1
2015075274597,1,9,0,16,0,0,5,0,8,0,1,1,2,2,18,4,1242,1,12,-1,2,-1
2015075274617,1,3,0,9,0,3,1,0,0,0,0,1,6,1,62,9,-1,-1,-1,-1,1,-1
2015075274681,1,9,0,9,0,1,0,0,0,0,2,1,2,1,54,8,1242,1,9,-1,1,-1
2015075274681,2,3,0,4,0,1,0,0,0,0,1,1,2,1,27,6,124,1,24,-1,2,-1
2015075275085,1,9,0,13,0,0,1,0,0,0,1,1,2,1,35,6,1339,1,11,-1,1,-1
2015075275085,2,5,0,18,0,0,0,0,0,0,1,1,2,1,40,7,675,1,1,-1,1,-1
2015075275361,1,9,0,9,0,8,0,0,0,0,0,1,6,2,-1,-1,-1,-1,-1,-1,-1,-1
2015075275361,2,5,0,18,0,1,1,0,0,0,0,1,1,1,23,5,599,1,14,-1,1,-1
2015075275384,1,19,0,3,0,0,0,0,0,0,2,1,1,1,22,5,1560,2,1,-1,1,-1
2015075275384,2,9,0,18,0,0,0,0,0,0,1,1,6,2,30,6,1229,1,4,-1,1,-1
2015075275882,1,9,0,7,0,6,0,0,0,0,3,1,6,1,43,7,1798,2,12,-1,2,-1
2015075275882,2,1,0,18,0,1,0,0,0,0,4,1,6,2,18,4,-1,-1,-1,-1,3,-1
2015075275934,1,9,0,17,0,1,1,0,0,0,1,1,6,1,22,5,1488,2,22,-1,1,-1
2015075275934,2,9,0,16,0,2,0,0,0,0,1,1,6,1,48,8,1199,1,16,-1,2,-1
2015075275947,1,21,1,18,0,0,0,0,0,0,0,1,1,1,67,10,12419,2,2,-1,2,-1
2015075275947,2,9,0,18,0,0,0,0,0,0,0,1,6,2,29,6,1997,2,2,-1,1,-1
2015075276084,1,21,1,12,0,0,0,0,0,0,3,2,1,1,55,8,-1,-1,-1,-1,-1,-1
2015075276084,2,9,0,18,0,0,0,0,0,0,4,1,1,2,51,8,2143,2,1,-1,1,-1
2015075276265,1,3,0,18,0,8,1,0,0,0,1,1,6,1,21,5,124,1,-1,-1,1,-1
2015075276265,2,9,0,5,0,1,0,0,0,0,3,1,6,1,40,7,1956,2,1,-1,1,-1
2015075276383,1,9,0,4,0,1,1,0,0,0,1,1,6,1,34,6,1997,2,11,-1,1,-1
2015075276383,2,9,0,4,0,1,0,0,0,0,1,1,6,2,35,6,1368,1,9,-1,1,-1
2015075276408,1,9,0,12,0,0,0,0,1,0,3,1,6,1,55,8,1329,1,6,-1,1,-1
2015075276408,2,9,0,18,0,0,0,0,4,0,4,1,6,1,54,8,4235,1,47,-1,-1,-1
2015075276550,1,8,0,18,0,2,0,0,0,0,1,1,1,1,42,7,1896,2,10,-1,1,-1
2015075276846,1,9,0,18,0,0,0,0,0,0,1,1,1,1,23,5,998,1,13,-1,1,-1
2015075276846,2,9,0,3,0,0,0,0,0,0,2,1,1,2,25,5,973,1,15,-1,1,-1
2015075276887,1,1,0,14,0,1,1,0,0,0,1,1,2,1,46,8,-1,-1,-1,-1,1,-1
2015075276887,2,9,0,9,0,6,0,0,0,0,1,1,6,2,36,7,1596,1,2,-1,1,-1
2015075277146,1,9,0,18,0,2,0,0,0,0,1,1,6,1,27,6,2987,2,5,-1,1,-1
2015075277146,2,9,0,4,0,2,0,0,0,0,2,1,6,2,61,9,998,1,11,-1,1,-1
2015075277276,1,9,0,15,0,1,0,4,0,0,1,1,6,1,23,5,-1,-1,-1,-1,-1,-1
2015075277276,2,9,0,2,0,1,0,0,0,0,2,1,3,2,27,6,1242,1,9,-1,-1,-1
2015075277434,1,9,0,18,0,6,0,0,1,11,3,1,6,2,76,11,1248,1,5,-1,2,-1
2015075277434,2,9,0,18,0,8,1,0,0,0,1,1,6,1,67,10,1598,1,8,-1,1,-1
2015075277628,1,9,0,4,0,0,0,0,0,0,2,1,2,2,43,7,1598,2,3,-1,1,-1
2015075277628,2,9,0,18,0,0,0,0,0,0,1,1,2,1,47,8,1995,2,-1,-1,1,-1
2015075277628,3,20,0,18,0,0,1,0,0,0,1,1,1,1,52,8,12902,2,2,-1,1,-1
2015075277747,1,3,0,7,0,3,0,0,0,0,1,1,1,1,28,6,124,1,4,-1,1,-1
2015075278006,1,9,0,18,0,1,0,0,0,11,1,1,1,2,26,6,1398,1,3,-1,1,-1
2015075278006,2,9,0,9,0,8,0,0,0,0,3,1,6,1,74,10,1598,1,2,-1,1,-1
2015075278543,1,9,0,18,0,1,0,0,0,0,1,1,6,2,69,10,1995,2,2,-1,-1,-1
2015075278543,2,9,0,18,0,1,0,0,0,0,2,1,6,1,27,6,1596,1,6,-1,-1,-1
2015075278627,1,9,0,11,0,8,0,0,0,0,4,1,6,2,-1,-1,1997,2,6,-1,2,-1
2015075278627,2,3,0,18,0,8,0,0,0,0,3,1,6,1,22,5,-1,-1,-1,-1,1,-1
2015075279327,1,9,0,5,9,8,0,0,0,0,4,1,6,2,-1,-1,-1,-1,-1,-1,-1,-1
2015075279327,2,1,0,18,9,8,0,0,0,0,1,1,6,1,20,4,-1,-1,-1,-1,1,-1
2015075279538,1,4,0,4,0,4,1,0,3,7,1,1,6,1,76,11,171,1,5,-1,1,-1
2015075279656,1,9,0,17,8,0,2,0,7,11,1,1,2,2,28,6,1598,1,7,-1,3,-1
2015075279668,1,9,0,18,0,0,0,0,4,6,1,1,6,1,23,5,1997,1,13,-1,1,-1
2015075279885,1,4,0,17,0,1,1,0,0,0,3,1,6,1,33,6,124,1,15,-1,-1,-1
2015075280535,1,9,0,7,0,3,0,0,0,0,1,1,6,1,22,5,1199,1,14,-1,1,-1
2015075280535,2,9,0,7,0,3,0,0,0,0,2,1,6,1,21,5,2993,2,9,-1,1,-1
2015075280692,1,3,0,7,0,8,0,0,0,0,2,1,6,1,18,4,125,1,-1,-1,1,-1
2015075280692,2,3,0,18,0,1,0,0,0,0,1,1,6,1,21,5,125,1,-1,-1,1,-1
2015075280860,1,9,0,18,0,0,0,0,0,0,0,1,6,3,-1,-1,-1,-1,-1,-1,-1,-1
2015075280860,2,9,0,18,0,0,1,10,1,10,1,1,6,1,19,4,1198,1,7,-1,1,-1
2015075281134,1,19,0,18,0,0,0,0,0,0,1,1,1,1,33,6,2143,2,-1,-1,1,-1
2015075281134,2,9,0,4,0,0,0,0,0,0,3,1,2,1,54,8,1968,2,8,-1,2,-1
2015075281134,3,21,1,4,0,0,0,0,0,0,2,1,1,1,44,7,12777,2,2,-1,1,-1
2015075281367,1,9,0,17,0,7,1,0,1,7,1,1,6,1,19,4,1390,1,4,-1,1,-1
2015075281367,2,19,0,16,0,7,0,0,0,0,3,1,1,1,46,8,2402,2,11,-1,1,-1
2015075281425,1,1,0,18,9,1,5,8,0,0,1,1,6,2,57,9,-1,-1,-1,-1,3,-1
2015075281425,2,9,0,2,0,1,0,0,0,0,4,1,3,2,48,8,1995,2,9,-1,1,-1
2015075281554,1,19,0,18,0,1,0,0,0,0,1,1,1,1,47,8,2299,2,3,-1,1,-1
2015075281906,1,9,0,18,0,0,1,0,7,9,1,1,6,1,34,6,2521,1,8,-1,1,-1
2015075281906,2,9,0,18,0,0,0,0,0,0,2,1,6,2,24,5,1598,2,4,-1,1,-1
2015075282108,1,9,0,17,0,2,5,10,1,9,4,1,6,2,19,4,1596,1,13,-1,1,-1
2015075282149,1,2,0,18,0,0,0,12,0,0,1,1,2,2,55,8,124,1,5,-1,-1,-1
2015075282186,1,9,0,18,0,0,1,0,0,0,1,1,2,2,49,8,1598,2,5,-1,1,-1
2015075282186,2,9,0,4,0,0,0,0,0,0,2,1,2,2,57,9,1396,2,3,-1,1,-1
2015075282186,3,21,1,4,0,0,0,0,0,0,1,1,1,1,53,8,12740,2,5,-1,1,-1
2015075282340,1,9,0,11,0,0,5,0,0,0,3,1,6,2,51,8,1124,1,13,-1,1,-1
2015075282340,2,9,0,18,0,0,0,0,0,0,4,1,1,1,39,7,1339,1,8,-1,1,-1
2015075282584,1,9,0,18,0,8,0,0,0,0,1,1,6,2,19,4,1242,1,4,-1,3,-1
2015075282584,2,9,0,18,0,8,0,0,0,0,0,1,1,1,36,7,1596,1,8,-1,1,-1
2015075282832,1,9,0,18,0,0,0,0,0,0,1,1,6,1,31,6,1590,1,11,-1,1,-1
2015075282832,2,9,0,18,0,0,0,0,0,0,2,1,6,1,23,5,1595,2,5,-1,1,-1
2015075282941,1,9,0,9,0,8,0,0,0,0,1,1,6,2,-1,-1,3996,1,16,-1,1,-1
2015075282941,2,1,0,18,0,8,0,0,0,0,3,1,6,1,42,7,-1,-1,-1,-1,1,-1
2015075283004,1,9,0,9,0,8,0,0,0,0,1,1,6,1,26,6,1461,2,11,-1,1,-1
2015075283004,2,9,0,18,0,8,0,0,0,0,4,1,2,1,37,7,-1,-1,-1,-1,1,-1
2015075283195,1,21,1,18,0,0,1,0,0,0,1,2,1,1,48,8,-1,-1,-1,-1,-1,-1
2015075283195,2,9,0,18,0,0,0,0,0,0,1,1,1,1,64,9,1299,1,16,-1,1,-1
2015075283198,1,9,0,5,0,6,0,0,0,0,1,1,6,1,49,8,2993,2,5,-1,1,-1
2015075283198,2,1,0,18,0,1,0,0,0,0,1,1,6,1,44,7,-1,-1,-1,-1,1,-1
2015075283277,1,9,0,9,0,6,0,0,0,0,3,1,2,2,46,8,1796,1,11,-1,1,-1
2015075283277,2,9,0,18,0,1,0,0,0,0,1,1,2,1,27,6,-1,-1,-1,-1,3,-1
2015075283650,1,9,0,9,0,6,0,0,1,0,3,1,6,1,72,10,1870,2,12,-1,-1,-1
2015075283650,2,9,0,18,0,1,1,0,0,0,1,1,6,2,37,7,1598,1,8,-1,1,-1
2015075283773,1,9,0,18,0,0,0,0,0,0,0,1,6,1,-1,-1,2268,2,2,-1,1,-1
2015075283773,2,19,0,4,0,0,0,0,0,0,0,1,6,1,35,6,1870,2,9,-1,1,-1
2015075283981,1,9,0,9,0,6,0,0,0,0,1,1,6,1,19,4,1229,1,7,-1,1,-1
2015075283981,2,9,0,18,0,1,0,0,0,0,3,1,6,2,22,5,1242,1,9,-1,1,-1
2015075284040,1,9,0,16,0,0,1,0,1,10,1,1,6,1,19,4,1596,1,8,-1,1,-1
2015075284101,1,9,0,18,0,2,0,0,0,0,1,1,6,1,30,6,1598,1,12,-1,1,-1
2015075284101,2,9,0,18,0,2,0,0,0,0,2,1,1,1,29,6,1997,2,7,-1,1,-1
2015075284454,1,9,0,2,6,0,0,0,0,0,2,1,6,1,21,5,1796,1,13,-1,1,-1
2015075284454,2,9,0,18,7,0,0,4,1,7,1,1,6,2,33,6,998,1,2,-1,3,-1
2015075284780,1,9,0,18,0,0,0,0,0,0,3,1,6,3,-1,-1,-1,-1,-1,-1,-1,-1
2015075284780,2,1,0,18,9,0,0,0,0,0,1,1,1,1,16,4,-1,-1,-1,-1,1,-1
2015075284803,1,9,0,13,0,1,1,0,0,0,1,1,2,1,22,5,998,1,2,-1,1,-1
2015075284803,2,9,0,9,0,8,1,0,1,0,1,1,2,1,62,9,1598,1,6,-1,1,-1
2015075285047,1,9,0,9,0,6,0,0,0,0,1,1,6,1,30,6,1598,1,12,-1,1,-1
2015075285047,2,9,0,18,0,6,0,0,0,0,4,1,6,2,-1,-1,-1,-1,-1,-1,1,-1
2015075285650,1,19,0,16,0,0,0,0,0,0,3,1,6,1,45,7,1900,2,14,-1,1,-1
2015075286119,1,9,0,18,0,8,0,0,0,0,2,1,1,2,23,5,1796,1,11,-1,1,-1
2015075286119,2,1,0,9,0,8,0,0,0,0,1,1,6,1,14,3,-1,-1,-1,-1,1,-1
2015075286604,1,9,0,7,0,6,0,0,0,0,1,1,6,1,60,9,996,1,2,-1,2,-1
2015075286604,2,1,0,18,0,8,0,0,0,0,4,1,6,2,36,7,-1,-1,-1,-1,2,-1
2015075286605,1,98,0,9,0,8,0,0,0,0,1,1,1,1,36,7,6700,2,1,-1,1,-1
2015075286605,2,1,0,18,0,8,1,0,1,0,1,1,6,1,25,5,-1,-1,-1,-1,1,-1
2015075286736,1,9,0,9,0,5,0,0,0,0,4,1,6,2,83,11,2494,1,14,-1,2,-1
2015075286736,2,5,0,18,0,8,1,0,0,0,1,1,6,1,51,8,599,1,16,-1,1,-1
2015075286826,1,3,0,4,0,1,0,0,0,0,3,1,6,1,73,10,124,1,-1,-1,3,-1
2015075287249,1,9,0,13,0,0,0,0,0,0,0,1,6,3,-1,-1,-1,-1,-1,-1,-1,-1
2015075287249,2,9,0,18,0,0,2,10,1,3,4,1,6,1,18,4,1596,1,6,-1,1,-1
2015075287249,3,21,1,18,0,0,0,0,0,0,0,1,6,3,-1,-1,-1,-1,-1,-1,-1,-1
2015075287710,1,9,0,18,0,0,5,0,7,10,1,1,6,2,42,7,1587,1,10,-1,1,-1
2015075287831,1,9,0,11,0,0,0,0,0,0,1,1,6,1,41,7,1896,2,8,-1,1,-1
2015075287831,2,9,0,18,0,0,0,0,0,0,2,1,6,1,47,8,1598,1,7,-1,1,-1
2015075288008,1,9,0,18,0,1,0,0,0,0,1,1,6,1,25,5,-1,-1,-1,-1,1,-1
2015075288008,2,9,0,3,0,1,0,0,0,0,2,1,6,1,37,7,2967,2,5,-1,1,-1
2015075288008,3,9,0,3,0,1,0,0,0,0,2,1,2,2,21,5,1242,1,7,-1,1,-1
2015075288025,1,9,0,4,0,0,0,0,0,0,2,1,6,1,38,7,1997,2,4,-1,1,-1
2015075288025,2,9,0,4,0,0,0,0,0,0,1,1,6,1,22,5,1461,2,8,-1,1,-1
2015075288059,1,19,0,18,0,0,0,0,1,2,1,1,6,1,44,7,1560,2,-1,-1,1,-1
2015075288135,1,9,0,18,0,0,0,0,0,0,3,1,6,3,-1,-1,-1,-1,-1,-1,-1,-1
2015075288860,1,9,0,4,0,0,0,0,0,0,2,1,6,1,24,5,1968,2,9,-1,1,-1
2015075288860,2,9,0,4,0,0,0,0,0,0,2,1,1,1,41,7,1598,2,1,-1,3,-1
2015075288860,3,9,0,18,0,0,0,0,0,0,1,1,1,1,49,8,1560,2,3,-1,-1,-1
2015075289648,1,9,0,18,0,0,0,0,1,11,1,1,6,2,68,10,1339,1,8,-1,1,-1
2015075289766,1,21,1,18,0,0,1,0,0,0,1,1,1,1,44,7,12419,2,-1,-1,1,-1
2015075289766,2,21,0,18,0,0,1,0,1,0,2,1,1,1,62,9,6370,2,9,-1,-1,-1
2015075289871,1,19,0,18,0,1,0,0,0,0,1,1,6,1,-1,-1,1560,2,1,-1,-1,-1
2015075289871,2,9,0,3,0,1,0,0,0,0,2,1,2,2,38,7,1242,1,10,-1,1,-1
2015075289872,1,9,0,18,0,8,0,0,0,0,4,1,2,2,58,9,1461,2,2,-1,1,-1
2015075289917,1,9,0,9,0,6,0,0,0,0,1,1,6,2,79,11,1598,1,10,-1,2,-1