Accident_Index,Vehicle_Reference,Vehicle_Type,Towing_and_Articulation,Vehicle_Manoeuvre,Vehicle_Location-Restricted_Lane,Junction_Location,Skidding_and_Overturning,Hit_Object_in_Carriageway,Vehicle_Leaving_Carriageway,Hit_Object_off_Carriageway,1st_Point_of_Impact,Was_Vehicle_Left_Hand_Drive?,Journey_Purpose_of_Driver,Sex_of_Driver,Age_of_Driver,Age_Band_of_Driver,Engine_Capacity_(CC),Propulsion_Code,Age_of_Vehicle,Driver_IMD_Decile,Driver_Home_Area_Type,Vehicle_IMD_Decile
2015075289917,2,9,0,9,0,6,0,0,0,0,1,1,6,2,56,9,998,1,13,-1,1,-1
2015075289970,1,19,0,4,0,0,0,0,0,0,1,1,6,1,30,6,2198,2,2,-1,1,-1
2015075289970,2,9,0,4,0,0,0,0,0,0,2,1,6,2,26,6,1390,1,3,-1,1,-1
2015075290122,1,8,0,18,0,0,0,0,0,0,0,1,6,1,-1,-1,-1,-1,-1,-1,-1,-1
2015075290533,1,9,0,7,0,0,0,0,0,0,1,1,6,2,-1,-1,-1,-1,-1,-1,-1,-1
2015075290554,1,9,0,7,0,8,0,0,0,0,1,1,6,1,32,6,1596,1,15,-1,1,-1
2015075290554,2,19,0,18,0,1,0,0,0,0,4,1,2,1,35,6,2198,2,1,-1,3,-1
2015075290762,1,3,0,7,0,4,2,0,1,0,0,1,1,1,41,7,125,1,11,-1,1,-1
2015075291175,1,19,0,17,0,8,0,0,1,4,4,1,1,1,53,8,1995,2,7,-1,1,-1
2015075291612,1,9,0,18,0,0,0,0,0,0,3,1,6,2,83,11,1598,1,5,-1,1,-1
2015075291612,2,1,0,18,0,0,0,0,0,0,1,1,6,2,9,2,-1,-1,-1,-1,1,-1
2015075291613,1,9,0,10,0,5,0,0,0,0,2,1,3,2,34,6,1968,2,3,-1,1,-1
2015075291613,2,19,0,18,0,1,0,0,0,0,1,1,2,1,75,10,1997,2,10,-1,1,-1
2015075291686,1,9,0,5,0,3,0,0,0,0,2,1,6,2,24,5,1390,1,9,-1,1,-1
2015075291686,2,9,0,18,0,8,1,0,0,0,1,1,6,1,23,5,998,1,13,-1,1,-1
2015075291715,1,9,0,5,0,4,0,0,0,0,1,1,6,1,34,6,1598,1,8,-1,1,-1
2015075291715,2,3,0,9,0,8,5,0,0,0,4,1,6,2,41,7,125,1,-1,-1,1,-1
2015075291757,1,9,0,10,0,1,0,0,0,0,1,1,6,1,-1,-1,-1,-1,-1,-1,-1,-1
2015075291757,2,9,0,10,0,1,0,0,0,0,2,1,6,2,55,8,1242,1,13,-1,1,-1
2015075291850,1,9,0,9,0,8,0,0,0,0,1,1,6,2,30,6,1598,1,7,-1,1,-1
2015075291917,1,9,0,18,0,0,0,0,0,0,4,1,6,1,65,9,2993,2,2,-1,1,-1
2015075292115,1,9,0,18,0,0,1,0,5,0,1,1,6,2,25,5,1242,1,7,-1,1,-1
2015075292206,1,9,0,18,0,0,0,0,0,0,1,1,2,2,34,6,1753,2,8,-1,1,-1
2015075292206,2,11,0,18,0,0,0,0,0,0,1,1,1,1,53,8,4250,2,16,-1,2,-1
2015075292206,3,10,0,18,0,0,0,0,0,0,0,1,1,1,73,10,-1,-1,-1,-1,1,-1
2015075292218,1,9,0,5,0,0,0,0,0,0,1,1,2,2,32,6,996,1,6,-1,1,-1
2015075292318,1,9,0,18,0,1,0,0,0,0,1,1,6,1,73,10,1973,1,17,-1,1,-1
2015075292527,1,9,0,5,0,8,0,0,1,10,1,1,6,2,43,7,998,1,3,-1,1,-1
2015075292527,2,9,0,16,0,1,0,0,0,0,1,1,6,1,51,8,2987,2,3,-1,1,-1
2015075292641,1,90,0,9,0,6,0,0,0,0,1,1,6,2,43,7,-1,-1,-1,-1,1,-1
2015075292641,2,9,0,18,0,8,0,0,0,0,3,1,6,2,47,8,1149,1,3,-1,1,-1
2015075292673,1,9,0,7,0,5,0,0,0,0,1,1,2,2,17,4,998,1,1,-1,1,-1
2015075292673,2,1,0,18,0,1,1,0,0,0,2,1,4,1,11,3,-1,-1,-1,-1,1,-1
2015075292916,1,9,0,11,4,0,0,0,0,0,4,1,6,3,-1,-1,-1,-1,-1,-1,-1,-1
2015075292916,2,1,0,18,4,0,0,0,0,0,1,1,6,1,42,7,-1,-1,-1,-1,1,-1
2015075293415,1,9,0,9,0,6,0,0,0,0,1,1,3,2,34,6,1896,2,17,-1,1,-1
2015075293490,1,9,0,4,0,1,0,0,0,0,1,1,6,2,39,7,2231,2,8,-1,1,-1
2015075293490,2,9,0,3,0,1,0,0,0,0,2,1,6,1,71,10,2354,1,8,-1,1,-1
2015075293490,3,9,0,3,0,1,0,0,0,0,2,1,6,1,80,11,1560,2,3,-1,1,-1
2015075293540,1,1,0,9,0,1,0,0,0,0,1,1,4,1,11,3,-1,-1,-1,-1,1,-1
2015075293540,2,9,0,18,0,2,0,0,0,0,3,1,1,1,31,6,-1,-1,-1,-1,1,-1
2015075293551,1,9,0,18,0,0,0,0,0,0,1,1,6,1,50,8,1229,1,4,-1,1,-1
2015075293551,2,19,0,18,0,0,0,0,0,0,2,2,1,1,40,7,-1,-1,-1,-1,-1,-1
2015075293551,3,9,0,18,0,0,0,0,0,0,2,1,6,1,-1,-1,-1,-1,-1,-1,-1,-1
2015075293674,1,9,0,9,0,8,0,0,0,0,3,1,6,2,29,6,1242,1,4,-1,1,-1
2015075293674,2,4,0,18,0,1,0,0,0,0,1,1,6,1,53,8,500,1,-1,-1,1,-1
2015075293731,1,9,0,12,0,0,0,0,0,0,1,1,6,1,43,7,1248,2,3,-1,1,-1
2015075293731,2,9,0,18,0,0,0,0,0,0,2,1,2,1,36,7,1587,1,8,-1,1,-1
2015075293731,3,21,1,18,0,0,1,0,0,0,1,1,1,1,47,8,10518,2,5,-1,1,-1
2015075293788,1,9,0,14,0,2,5,4,0,0,4,1,6,2,77,11,1229,1,2,-1,1,-1
2015075293788,2,9,0,2,0,2,1,0,0,0,4,1,6,3,-1,-1,2902,2,13,-1,1,-1
2015075293912,1,9,0,18,0,2,0,0,0,0,3,1,2,1,39,7,1242,1,11,-1,2,-1
2015075293912,2,9,0,18,0,1,0,0,0,0,3,1,2,1,27,6,1596,1,14,-1,3,-1
2015075293912,3,9,0,18,0,1,0,0,0,0,1,1,6,1,32,6,1840,1,13,-1,1,-1
2015075293974,1,5,0,13,0,0,2,7,0,0,4,1,2,1,51,8,893,1,22,-1,1,-1
2015075293974,2,21,1,18,0,0,0,10,1,5,4,1,1,1,55,8,12882,2,5,-1,1,-1
2015075294573,1,9,0,18,0,2,0,0,0,0,1,1,6,1,22,5,-1,-1,-1,-1,1,-1
2015075294573,2,11,0,4,0,1,0,0,0,0,1,1,1,1,48,8,3900,2,8,-1,1,-1
2015075294573,3,9,0,2,9,1,0,0,0,0,2,1,6,1,66,10,1997,2,14,-1,1,-1
2015075294631,1,9,0,9,0,5,0,0,0,0,1,1,6,2,43,7,1560,2,3,-1,2,-1
2015075294631,2,1,0,10,0,6,0,0,0,0,4,1,2,1,41,7,-1,-1,-1,-1,1,-1
2015075294860,1,9,0,5,0,8,0,0,0,0,4,1,6,1,82,11,1999,1,6,-1,3,-1
2015075294860,2,1,0,18,0,8,0,0,0,0,1,1,6,1,40,7,-1,-1,-1,-1,-1,-1
2015075294961,1,9,0,9,0,8,0,0,0,0,1,1,6,1,79,11,1329,1,3,-1,3,-1
2015075294961,2,1,0,18,0,1,0,0,0,0,3,1,6,2,44,7,-1,-1,-1,-1,1,-1
2015075295048,1,9,0,3,0,0,0,0,0,0,2,1,6,2,30,6,1242,1,-1,-1,1,-1
2015075295048,2,9,0,3,0,0,0,0,0,0,2,1,6,2,33,6,1229,1,8,-1,1,-1
2015075295048,3,9,0,3,0,0,0,0,0,0,2,1,6,2,62,9,1998,2,-1,-1,-1,-1
2015075295048,4,9,0,18,0,0,1,0,0,0,1,1,6,1,21,5,1199,1,13,-1,1,-1
2015075295056,1,9,0,4,0,8,0,0,0,0,1,1,6,1,30,6,995,1,11,-1,2,-1
2015075295056,2,9,0,4,0,8,0,0,0,0,2,1,6,1,23,5,1242,1,-1,-1,2,-1
2015075295116,1,9,0,18,0,1,0,0,0,0,1,1,2,2,37,7,1968,2,1,-1,1,-1
2015075295116,2,9,0,10,0,5,0,0,0,0,2,1,6,1,40,7,2958,2,12,-1,1,-1
2015075295160,1,9,0,18,0,8,0,0,7,11,4,1,6,2,34,6,998,1,2,-1,1,-1
2015075295160,2,9,0,18,0,1,0,0,0,0,1,1,6,1,41,7,1910,2,8,-1,1,-1
2015075295818,1,5,0,17,0,2,0,10,7,0,4,1,6,1,37,7,-1,-1,-1,-1,1,-1
2015075295861,1,9,0,18,0,8,0,0,0,0,4,1,6,1,-1,-1,-1,-1,-1,-1,-1,-1
2015075295911,1,9,0,13,0,1,0,0,0,0,1,1,6,1,66,10,2184,2,11,-1,3,-1
2015075295911,2,17,4,9,0,8,0,0,0,0,3,1,1,1,20,4,6788,2,3,-1,3,-1
2015075296137,1,9,0,16,0,0,0,0,0,0,3,1,6,1,29,6,1968,2,4,-1,1,-1
2015075296137,2,9,0,2,0,0,0,0,7,0,3,1,6,3,-1,-1,1968,2,11,-1,-1,-1
2015075296146,1,5,0,18,0,2,1,0,0,0,0,1,6,1,32,6,600,1,13,-1,2,-1
2015075296146,2,9,0,4,0,1,0,0,0,0,0,1,6,2,-1,-1,-1,-1,-1,-1,-1,-1
2015075296163,1,3,0,16,0,0,0,0,7,0,1,1,6,2,18,4,124,1,24,-1,1,-1
2015075296641,1,21,1,9,0,8,0,0,0,0,3,2,1,1,60,9,-1,-1,-1,-1,-1,-1
2015075296641,2,9,0,18,0,3,0,0,4,0,4,1,2,2,59,9,1596,1,5,-1,1,-1
2015075296691,1,9,0,7,0,8,0,0,0,0,2,1,6,3,-1,-1,1560,2,8,-1,-1,-1
2015075296691,2,1,0,18,0,1,0,0,0,0,1,1,6,2,39,7,-1,-1,-1,-1,1,-1
2015075296719,1,21,1,16,0,0,0,0,0,0,1,2,1,1,58,9,-1,-1,-1,-1,-1,-1
2015075296719,2,9,0,17,0,0,1,0,0,0,1,1,1,1,40,7,-1,-1,-1,-1,1,-1
2015075296763,1,3,0,18,0,3,1,0,0,0,0,1,2,1,30,6,124,1,3,-1,1,-1
2015075296796,1,9,0,9,0,8,0,0,0,0,1,1,6,2,20,4,1596,1,1,-1,1,-1
2015075296796,2,10,0,18,0,1,0,0,0,0,1,1,1,1,57,9,-1,-1,-1,-1,1,-1
2015075296796,3,9,0,8,0,1,0,0,0,0,3,1,6,2,27,6,1591,1,8,-1,1,-1
2015075297107,1,90,0,18,0,0,5,0,1,10,4,1,6,1,74,10,-1,-1,-1,-1,-1,-1
2015075297111,1,9,0,18,0,1,0,0,0,0,2,1,6,1,-1,-1,-1,-1,-1,-1,-1,-1
2015075297111,2,9,0,3,0,1,0,0,0,0,1,1,1,1,-1,-1,-1,-1,-1,-1,1,-1
2015075297132,1,9,0,18,0,1,0,0,0,0,4,1,3,2,38,7,1985,1,15,-1,1,-1
2015075297700,1,3,0,4,0,1,1,0,0,0,4,1,2,1,18,4,125,1,-1,-1,1,-1
2015075297795,1,9,0,18,0,8,0,0,0,0,1,1,6,2,27,6,1968,2,5,-1,1,-1
2015075297795,2,9,0,3,0,8,0,0,0,0,2,1,6,2,41,7,1339,1,1,-1,1,-1
2015075297957,1,21,1,13,0,0,0,0,0,0,4,1,1,1,54,8,-1,2,11,-1,1,-1
2015075297957,2,1,0,18,0,0,1,0,0,0,3,1,6,1,43,7,-1,-1,-1,-1,2,-1
2015075297976,1,19,0,1,0,8,0,0,0,0,2,1,1,1,26,6,2143,2,5,-1,1,-1
2015075298126,1,9,0,16,0,0,0,0,0,0,4,1,6,2,45,7,1951,2,13,-1,1,-1
2015075298182,1,19,0,4,0,1,0,0,0,0,0,1,3,2,50,8,1868,2,12,-1,1,-1
2015075298182,2,1,0,18,9,1,0,0,0,0,4,1,1,1,21,5,-1,-1,-1,-1,1,-1
2015075298803,1,9,0,12,0,0,0,0,0,0,1,1,6,3,-1,-1,-1,-1,-1,-1,-1,-1
2015075298803,2,1,0,18,0,0,0,0,0,0,2,1,2,1,29,6,-1,-1,-1,-1,1,-1
2015075298872,1,9,0,17,0,0,1,0,8,0,3,1,6,1,17,4,1368,1,6,-1,1,-1
2015075298872,2,9,0,16,0,0,0,0,0,0,1,1,6,1,56,9,1995,1,11,-1,2,-1
2015075298872,3,9,0,16,0,0,0,0,0,0,1,1,6,2,23,5,1200,1,-1,-1,2,-1
2015075298935,1,19,0,7,0,8,0,0,0,0,1,1,1,1,52,8,1560,2,1,-1,1,-1
2015075298935,2,9,0,18,0,8,0,0,0,0,1,1,6,2,30,6,1248,1,3,-1,2,-1
2015075299494,1,9,0,11,0,0,0,0,0,0,4,1,6,1,60,9,1197,1,2,-1,1,-1
2015075299494,2,1,0,18,0,0,0,0,0,0,3,1,6,1,52,8,-1,-1,-1,-1,2,-1
2015075299529,1,9,0,18,0,0,0,0,0,0,0,1,6,3,-1,-1,-1,-1,-1,-1,-1,-1
2015075299529,2,9,0,18,0,0,1,11,1,10,1,1,2,1,27,6,1796,1,14,-1,1,-1
2015075299591,1,9,0,9,0,8,0,0,0,0,0,1,6,1,18,4,1390,1,11,-1,1,-1
2015075299955,1,9,0,18,0,1,0,0,0,0,1,1,6,1,-1,-1,-1,-1,-1,-1,-1,-1
2015075299955,2,9,0,18,0,8,0,0,0,0,3,1,2,2,35,6,1596,1,11,-1,1,-1
2015075299998,1,9,0,18,0,2,0,0,0,0,4,1,2,2,50,8,1388,1,3,-1,1,-1
2015075300023,1,9,0,18,0,1,0,0,0,0,1,1,6,1,65,9,1240,1,12,-1,1,-1
2015075300080,1,9,0,4,0,3,0,0,0,0,2,1,6,1,28,6,-1,-1,-1,-1,1,-1
2015075300080,2,9,0,18,0,3,0,0,0,0,1,1,6,2,30,6,1388,1,12,-1,1,-1
2015075300278,1,19,0,18,0,0,5,0,1,10,1,1,1,1,58,9,1560,2,5,-1,1,-1
2015075300402,1,8,0,18,0,1,0,0,0,0,1,1,1,1,59,9,1596,1,6,-1,1,-1
2015075300402,2,9,0,4,0,1,0,0,0,0,2,1,6,2,44,7,1598,1,7,-1,1,-1
2015075300402,3,9,0,4,0,1,0,0,0,0,2,1,6,1,24,5,1598,2,2,-1,1,-1
2015075300501,1,9,0,7,0,8,0,0,0,0,3,1,3,1,-1,-1,-1,-1,-1,-1,-1,-1
2015075300917,1,9,0,18,0,8,0,0,0,0,1,1,6,3,-1,-1,-1,-1,-1,-1,-1,-1
2015075301075,1,9,0,9,0,6,0,0,0,0,3,1,2,1,64,9,1797,8,1,-1,1,-1
2015075301075,2,5,0,18,0,1,0,0,0,0,1,1,2,1,60,9,805,1,7,-1,3,-1
2015075301105,1,9,0,18,0,1,0,0,0,0,1,1,6,2,39,7,1598,1,10,-1,1,-1
2015075301105,2,9,0,8,0,1,0,0,0,0,2,1,6,2,56,9,1461,2,1,-1,1,-1
2015075301141,1,9,0,9,0,8,0,0,0,0,1,1,6,2,52,8,1199,1,11,-1,1,-1
2015075301141,2,9,0,18,0,1,0,0,0,0,1,1,3,2,31,6,1999,1,8,-1,1,-1
2015075301242,1,9,0,13,0,1,0,0,0,0,1,1,6,1,35,6,1598,2,4,-1,1,-1
2015075301242,2,4,0,9,0,5,0,0,0,0,3,1,6,1,26,6,125,1,3,-1,1,-1
2015075301523,1,9,0,5,9,0,0,0,0,0,1,1,6,1,-1,-1,-1,-1,-1,-1,-1,-1
2015075301547,1,9,0,9,0,8,0,0,0,0,3,1,6,1,35,6,1896,2,14,-1,1,-1
2015075301547,2,1,0,18,0,1,0,0,0,0,1,1,6,1,25,5,-1,-1,-1,-1,1,-1
2015075301604,1,19,0,4,0,0,0,0,0,0,1,1,2,1,17,4,1686,2,5,-1,1,-1
2015075301604,2,9,0,3,0,0,0,0,0,0,2,1,6,2,38,7,1242,1,1,-1,1,-1
2015075301614,1,9,0,9,0,8,0,0,0,0,4,1,6,1,-1,-1,1587,1,12,-1,1,-1
2015075301614,2,1,0,18,0,1,0,0,0,0,1,1,6,1,36,7,-1,-1,-1,-1,1,-1
2015075301719,1,5,0,4,0,1,0,0,0,0,2,1,6,1,43,7,600,1,15,-1,1,-1
2015075301719,2,9,0,18,0,1,0,0,0,0,1,1,6,1,40,7,1598,1,14,-1,1,-1
2015075301848,1,21,1,12,0,8,0,0,0,0,3,2,1,1,37,7,-1,-1,-1,-1,-1,-1
2015075301848,2,9,0,18,0,8,0,0,1,0,4,1,6,1,55,8,1968,2,5,-1,3,-1
2015075301848,3,9,0,18,0,7,0,0,1,0,3,1,6,2,57,9,2987,2,4,-1,2,-1
2015075302026,1,9,0,16,0,0,0,0,7,10,1,1,6,1,21,5,1753,2,11,-1,1,-1
2015075302400,1,9,0,18,0,0,1,0,2,7,1,1,6,1,54,8,2401,2,13,-1,3,-1
2015075302599,1,19,0,18,0,0,0,0,0,0,4,1,6,1,26,6,1753,2,13,-1,1,-1
2015075302599,2,21,0,18,0,0,0,0,0,0,4,1,1,1,52,8,4580,2,2,-1,1,-1
2015075302833,1,9,0,18,0,0,2,0,7,4,1,1,6,1,47,8,-1,-1,-1,-1,3,-1
2015075303049,1,9,0,9,0,5,0,0,0,0,1,1,6,2,38,7,1598,2,6,-1,1,-1
2015075303049,2,1,0,9,0,6,0,0,0,0,1,1,2,2,44,7,-1,-1,-1,-1,1,-1
2015075303219,1,9,0,16,0,0,2,0,1,11,1,1,2,1,28,6,993,1,12,-1,3,-1
2015075303240,1,9,0,18,9,0,0,0,1,0,4,1,6,3,-1,-1,-1,-1,-1,-1,-1,-1
2015075303695,1,9,0,18,0,0,0,0,0,0,1,1,6,2,22,5,1299,1,13,-1,1,-1
2015075303695,2,9,0,4,0,0,0,0,0,0,2,1,6,1,47,8,1997,2,4,-1,1,-1
2015075303695,3,9,0,4,0,0,0,0,0,0,2,1,6,1,61,9,998,1,1,-1,1,-1
2015075303695,4,9,0,4,0,0,0,0,0,0,2,1,6,2,79,11,1149,1,9,-1,1,-1
2015075303753,1,9,0,15,0,1,0,4,0,0,1,1,6,1,-1,-1,1389,1,16,-1,-1,-1
2015075303753,2,9,0,2,0,1,0,0,0,0,1,1,6,1,-1,-1,1587,1,11,-1,1,-1
2015075303753,3,9,0,2,0,1,0,0,0,0,2,1,6,2,-1,-1,1999,1,8,-1,1,-1
2015075303753,4,9,0,2,0,1,0,4,0,0,2,1,6,2,30,6,875,1,3,-1,1,-1
2015075303753,5,9,0,2,0,1,0,0,0,0,1,1,6,1,-1,-1,999,1,15,-1,1,-1
2015075303880,1,1,0,18,0,8,1,0,0,0,1,1,6,1,27,6,-1,-1,-1,-1,1,-1
2015075303880,2,9,0,5,0,4,0,0,0,0,1,1,6,1,19,4,999,1,1,-1,1,-1
2015075303896,1,9,0,3,0,0,0,0,0,0,2,1,6,1,36,7,1796,1,13,-1,1,-1
2015075303896,2,9,0,3,0,0,0,0,0,0,2,1,6,1,48,8,1995,2,3,-1,2,-1
2015075303896,3,9,0,4,0,0,1,0,0,0,1,1,6,1,41,7,1124,1,11,-1,1,-1
2015075304303,1,9,0,18,0,0,2,0,8,11,3,1,6,1,17,4,1229,1,3,-1,1,-1
2015075304421,1,9,0,18,0,0,0,4,0,0,1,1,6,1,-1,-1,1968,2,6,-1,-1,-1
2015075304421,2,9,0,2,0,0,0,0,0,0,2,1,6,1,28,6,1997,1,7,-1,1,-1
2015075304456,1,9,0,9,0,8,0,0,0,0,4,1,2,2,44,7,1686,2,4,-1,1,-1
2015075304456,2,9,0,18,0,8,0,0,0,0,1,1,2,2,29,6,1242,1,3,-1,2,-1
2015075304525,1,9,0,9,0,2,0,0,0,0,1,1,2,1,23,5,1396,1,11,-1,1,-1
2015075304649,1,9,0,4,0,0,0,0,0,0,2,1,6,1,69,10,1242,1,2,-1,3,-1
2015075304649,2,9,0,4,0,0,0,0,0,0,2,1,6,1,80,11,1798,1,5,-1,1,-1
2015075304649,3,9,0,18,0,0,0,0,0,0,1,1,6,1,26,6,1596,1,10,-1,1,-1
2015075304649,4,9,0,18,0,0,0,0,0,0,1,1,6,1,30,6,1999,1,8,-1,1,-1
2015075304738,1,9,0,9,0,8,0,0,0,0,1,1,2,1,20,4,1149,1,5,-1,1,-1
2015075304738,2,1,0,18,0,8,0,0,0,0,4,1,6,2,77,11,-1,-1,-1,-1,1,-1
2015075304995,1,9,0,18,0,0,0,0,0,0,1,1,6,2,52,8,4134,2,2,-1,3,-1
2015075304995,2,9,0,18,0,0,0,0,7,11,1,1,2,2,56,9,1995,2,3,-1,1,-1
2015075304995,3,9,0,18,0,0,0,0,0,0,1,1,6,1,22,5,1390,1,8,-1,1,-1
2015075306051,1,9,0,11,0,0,0,0,0,0,4,1,2,1,25,5,1061,1,10,-1,1,-1
2015075306051,2,5,0,15,0,0,0,0,0,0,3,1,2,1,30,6,600,1,10,-1,1,-1
2015075306515,1,9,0,18,0,0,0,0,0,0,1,1,2,1,37,7,1560,2,4,-1,1,-1
2015075306515,2,9,0,18,0,0,0,0,0,0,2,1,2,2,36,7,1956,2,4,-1,1,-1
2015075306515,3,9,0,18,0,0,0,0,0,0,2,1,1,1,43,7,2143,2,-1,-1,3,-1
2015075306515,4,9,0,4,0,0,0,0,0,0,2,1,1,1,50,8,2143,2,3,-1,3,-1
2015075306767,1,9,0,17,0,1,0,0,7,10,4,1,6,1,70,10,1395,1,1,-1,3,-1
2015075306767,2,1,0,16,0,2,0,0,0,0,1,1,6,1,54,8,-1,-1,-1,-1,2,-1
2015075307512,1,9,0,13,0,0,0,0,0,0,1,1,1,1,25,5,-1,-1,-1,-1,1,-1
2015075307512,2,19,0,18,0,0,0,0,0,0,1,1,6,1,54,8,1968,2,4,-1,2,-1
2015075307534,1,9,0,18,0,1,0,0,0,0,1,1,6,1,19,4,1198,1,2,-1,1,-1
2015075307534,2,9,0,4,0,8,0,0,0,0,2,1,6,1,30,6,1560,2,11,-1,1,-1
2015075307640,1,9,0,17,0,0,0,0,0,0,1,1,6,1,24,5,-1,-1,-1,-1,1,-1
2015075307640,2,90,0,2,0,0,0,0,0,0,2,1,1,1,52,8,7142,2,7,-1,1,-1
2015075307963,1,9,0,3,0,1,0,0,0,0,2,1,1,2,23,5,1598,1,9,-1,1,-1
2015075307963,2,9,0,18,0,1,0,0,0,0,1,1,6,1,-1,-1,1598,1,14,-1,-1,-1
2015075308076,1,3,0,18,0,1,0,0,0,0,1,1,2,1,20,4,124,1,8,-1,1,-1
2015075308076,2,19,0,3,0,1,0,0,0,0,2,1,1,1,35,6,2402,2,6,-1,1,-1
2015075308664,1,1,0,18,0,0,0,0,0,0,3,1,4,1,13,3,-1,-1,-1,-1,1,-1
2015075308664,2,9,0,18,0,0,0,0,0,0,1,1,3,2,35,6,1560,2,8,-1,1,-1
2015075308713,1,9,0,18,0,0,0,0,0,0,4,1,6,1,-1,-1,-1,-1,-1,-1,-1,-1
2015075308889,1,9,0,13,0,1,0,0,0,0,1,1,6,1,-1,-1,2792,1,5,-1,1,-1
2015075308889,2,9,0,9,0,8,0,0,0,0,3,1,6,2,30,6,1461,2,9,-1,1,-1
2015075308920,1,9,0,4,0,0,0,0,0,0,0,2,6,1,-1,-1,1968,2,3,-1,1,-1
2015075308920,2,5,0,4,0,0,0,0,0,0,0,1,6,1,50,8,-1,-1,-1,-1,1,-1
2015075309104,1,9,0,18,0,4,0,0,0,0,1,1,6,1,72,10,1598,1,8,-1,1,-1
2015075309104,2,9,0,18,0,8,0,0,0,0,4,1,1,1,50,8,1896,2,7,-1,2,-1
2015075309551,1,9,0,18,0,8,0,0,2,10,1,1,6,1,57,9,1461,2,10,-1,1,-1
2015075309585,1,8,0,18,0,0,0,0,0,0,4,1,1,1,41,7,1968,2,8,-1,1,-1
2015075309858,1,9,0,5,0,1,0,0,0,0,3,1,2,2,45,7,1398,1,3,-1,1,-1
2015075310013,1,9,0,18,0,3,0,0,0,0,3,1,6,1,42,7,1596,1,10,-1,1,-1
2015075310832,1,9,0,18,0,8,0,0,0,0,1,1,6,2,28,6,1598,1,10,-1,1,-1
2015075310832,2,1,0,18,0,8,0,0,0,0,4,1,6,1,44,7,-1,-1,-1,-1,2,-1
2015075311133,1,9,0,18,0,0,0,0,0,0,3,1,6,1,-1,-1,-1,-1,-1,-1,-1,-1
2015075311133,2,1,0,18,0,0,0,0,0,0,3,1,2,1,47,8,-1,-1,-1,-1,1,-1
2015075311309,1,5,0,18,0,0,1,0,0,0,3,1,6,1,49,8,1237,1,-1,-1,3,-1
2015075311433,1,9,0,18,0,1,0,0,0,0,1,1,6,1,20,4,1388,1,8,-1,1,-1
2015075311433,2,9,0,18,0,4,0,0,0,0,2,1,6,2,28,6,1368,1,6,-1,1,-1
2015075311493,1,9,0,3,0,8,0,0,0,0,2,1,6,2,37,7,1149,1,9,-1,1,-1
2015075311493,2,9,0,18,0,8,0,0,0,0,1,1,6,1,29,6,1796,1,11,-1,1,-1
2015075311668,1,9,0,9,0,8,2,0,1,10,4,1,6,2,17,4,1240,1,12,-1,2,-1
2015075311892,1,9,0,18,0,0,0,0,0,0,1,1,6,1,24,5,1598,2,2,-1,1,-1
2015075311892,2,1,0,18,0,0,0,0,0,0,2,1,2,2,44,7,-1,-1,-1,-1,1,-1
2015075311938,1,9,0,17,0,0,0,0,0,0,3,1,1,1,33,6,-1,-1,-1,-1,1,-1
2015075312095,1,9,0,15,0,1,0,0,0,0,1,1,6,1,71,10,1386,1,3,-1,1,-1
2015075312095,2,22,0,18,0,1,0,0,0,0,2,1,6,1,66,10,-1,-1,-1,-1,1,-1
2015075312101,1,9,0,5,0,4,0,0,0,0,1,1,6,1,-1,-1,1598,1,9,-1,-1,-1
2015075312101,2,9,0,18,0,8,0,0,0,0,4,1,2,2,34,6,1242,1,-1,-1,-1,-1
2015075312129,1,5,0,18,0,0,1,0,0,0,4,1,6,1,25,5,998,1,8,-1,1,-1
2015075312143,1,11,0,4,0,8,0,0,0,0,1,1,1,1,41,7,6700,2,7,-1,1,-1
2015075312373,1,9,0,17,0,8,0,0,0,0,3,1,6,2,29,6,1596,1,10,-1,1,-1
2015075312373,2,9,0,11,0,8,0,0,0,0,4,1,6,1,57,9,1749,1,14,-1,1,-1
2015075312410,1,9,0,9,0,8,0,0,0,0,1,1,6,1,34,6,1395,1,1,-1,1,-1
2015075312410,2,9,0,18,0,8,0,0,0,0,4,1,6,1,72,10,2204,2,6,-1,1,-1
2015075312653,1,3,0,13,0,1,0,0,0,0,1,1,6,1,17,4,124,1,-1,-1,1,-1
2015075312653,2,9,0,9,0,8,0,0,0,0,3,1,2,2,34,6,1596,1,10,-1,1,-1
2015075312664,1,9,0,5,0,8,0,0,0,0,1,1,6,1,47,8,1364,1,9,-1,1,-1
2015075312664,2,1,0,18,0,8,0,0,0,0,4,1,6,1,70,10,-1,-1,-1,-1,1,-1
2015075312944,1,9,0,7,0,3,0,0,0,0,1,1,2,1,57,9,1956,2,3,-1,1,-1
2015075313015,1,9,0,18,0,1,0,0,1,11,4,1,2,2,21,5,1242,1,5,-1,1,-1
2015075313085,1,9,0,18,0,0,1,4,0,0,1,1,6,2,81,11,1329,1,2,-1,1,-1
2015075313085,2,9,0,2,0,0,0,0,0,0,2,1,6,2,58,9,4367,2,4,-1,1,-1
2015075313085,3,9,0,18,0,0,0,0,0,0,1,1,6,2,21,5,1199,1,13,-1,1,-1
2015075313273,1,9,0,18,0,1,0,0,0,0,1,1,1,2,26,6,1242,1,5,-1,1,-1