Accident_Index,Vehicle_Reference,Vehicle_Type,Towing_and_Articulation,Vehicle_Manoeuvre,Vehicle_Location-Restricted_Lane,Junction_Location,Skidding_and_Overturning,Hit_Object_in_Carriageway,Vehicle_Leaving_Carriageway,Hit_Object_off_Carriageway,1st_Point_of_Impact,Was_Vehicle_Left_Hand_Drive?,Journey_Purpose_of_Driver,Sex_of_Driver,Age_of_Driver,Age_Band_of_Driver,Engine_Capacity_(CC),Propulsion_Code,Age_of_Vehicle,Driver_IMD_Decile,Driver_Home_Area_Type,Vehicle_IMD_Decile
2015075313273,2,9,0,4,0,1,0,0,0,0,2,1,1,2,34,6,1997,2,5,-1,1,-1
2015075313309,1,2,0,18,0,0,1,0,0,0,1,1,6,1,16,4,50,1,4,-1,1,-1
2015075313309,2,9,0,4,0,0,0,0,0,0,2,1,6,1,35,6,1968,2,3,-1,1,-1
2015075313535,1,21,1,18,0,0,5,0,2,0,2,1,1,1,56,9,12777,2,8,-1,1,-1
2015075313535,2,9,0,18,0,0,0,0,0,0,1,1,1,1,43,7,-1,-1,-1,-1,1,-1
2015075313556,1,21,0,9,0,6,0,0,0,0,4,1,1,1,58,9,12882,2,9,-1,1,-1
2015075313556,2,3,0,18,0,6,1,0,0,0,1,1,2,1,42,7,124,1,-1,-1,1,-1
2015075313874,1,21,1,18,0,0,0,0,0,0,1,1,1,1,28,6,11705,2,15,-1,1,-1
2015075313874,2,9,0,4,0,0,5,0,0,0,2,1,6,1,24,5,2495,2,22,-1,1,-1
2015075313997,1,9,0,17,0,0,0,0,8,11,3,1,6,1,24,5,1596,1,10,-1,1,-1
2015075314233,1,9,0,17,0,0,1,0,1,9,3,1,2,2,60,9,2967,1,16,-1,3,-1
2015075314351,1,1,0,7,0,8,0,0,0,0,1,1,6,2,23,5,-1,-1,-1,-1,1,-1
2015075314351,2,9,0,18,0,8,0,0,0,0,4,1,6,2,20,4,1149,1,13,-1,2,-1
2015075314451,1,9,0,9,0,1,0,0,7,1,4,1,6,2,52,8,1339,1,-1,-1,1,-1
2015075314451,2,9,0,7,0,1,0,0,1,0,3,1,6,2,57,9,1597,2,2,-1,1,-1
2015075314500,1,9,0,18,0,0,2,0,1,0,1,1,6,1,21,5,1364,1,8,-1,1,-1
2015075314550,1,9,0,16,0,0,1,0,7,0,1,1,2,1,31,6,1998,1,17,-1,1,-1
2015075314550,2,9,0,17,0,0,0,0,1,0,1,1,2,1,18,4,1149,1,12,-1,1,-1
2015075314580,1,9,0,4,0,6,0,0,3,10,1,1,6,1,89,11,1590,1,12,-1,1,-1
2015075314600,1,9,0,14,0,8,0,0,0,0,1,1,6,2,37,7,1956,2,1,-1,1,-1
2015075314696,1,9,0,4,0,0,0,0,0,0,1,1,6,1,64,9,1598,1,10,-1,1,-1
2015075314696,2,9,0,5,0,0,0,0,0,0,2,1,6,2,67,10,1598,2,4,-1,2,-1
2015075315121,1,9,0,4,0,0,0,0,0,0,1,1,6,2,34,6,1339,1,12,-1,2,-1
2015075315121,2,9,0,3,0,0,0,0,0,0,2,1,6,1,20,4,1560,2,5,-1,3,-1
2015075315310,1,9,0,9,0,8,0,0,0,0,1,1,2,1,49,8,1997,2,4,-1,1,-1
2015075315310,2,9,0,9,0,8,0,0,0,0,3,1,2,1,31,6,2143,2,2,-1,2,-1
2015075315530,1,9,0,18,0,0,0,0,0,0,1,1,2,1,62,9,2987,2,7,-1,1,-1
2015075315530,2,9,0,4,0,0,0,0,0,0,2,1,6,2,44,7,1461,2,7,-1,1,-1
2015075315621,1,9,0,16,0,0,1,0,1,0,1,1,2,1,18,4,1599,1,11,-1,3,-1
2015075315621,2,9,0,17,0,0,0,0,1,0,3,1,2,2,44,7,1242,1,3,-1,2,-1
2015075315804,1,9,0,3,0,0,0,0,0,0,2,1,6,1,37,7,1999,1,8,-1,1,-1
2015075315804,2,9,0,4,0,0,0,0,0,0,1,1,6,2,44,7,1240,1,8,-1,1,-1
2015075315804,3,9,0,4,0,0,0,0,0,0,1,1,6,1,21,5,999,1,3,-1,2,-1
2015075315896,1,1,0,18,0,1,0,0,0,0,1,1,6,1,10,2,-1,-1,-1,-1,1,-1
2015075315896,2,9,0,18,0,1,0,0,0,0,4,1,6,1,58,9,998,1,2,-1,2,-1
2015075315948,1,3,0,17,0,2,1,10,1,0,0,1,6,1,21,5,125,1,-1,-1,1,-1
2015075316463,1,9,0,18,0,4,0,0,0,0,1,1,1,1,52,8,-1,-1,-1,-1,1,-1
2015075316463,2,1,0,18,0,8,0,0,0,0,2,1,1,1,38,7,-1,-1,-1,-1,1,-1
2015075316892,1,9,0,4,0,0,0,0,0,0,1,1,6,1,29,6,1997,2,15,-1,1,-1
2015075316892,2,9,0,4,0,0,0,0,0,0,2,1,6,1,44,7,1997,12,2,-1,1,-1
2015075317629,1,9,0,5,0,0,0,0,0,0,1,1,6,2,44,7,1994,1,12,-1,1,-1
2015075317629,2,9,0,3,0,0,0,0,0,0,2,1,6,2,25,5,1991,2,6,-1,1,-1
2015075317700,1,5,0,16,0,0,0,0,0,0,0,1,6,1,52,8,903,1,7,-1,2,-1
2015075317733,1,9,0,4,0,0,0,0,0,0,2,1,6,2,22,5,1995,2,3,-1,3,-1
2015075317733,2,9,0,18,0,0,1,0,0,0,1,1,6,2,59,9,1598,1,1,-1,1,-1
2015075317733,3,9,0,18,0,0,1,0,0,0,1,1,6,1,46,8,2996,1,7,-1,1,-1
2015075317733,4,9,0,18,0,0,1,0,0,0,1,1,6,1,49,8,1686,2,4,-1,1,-1
2015075317784,1,9,0,18,0,0,0,0,0,0,1,1,6,1,52,8,1598,2,-1,-1,1,-1
2015075318485,1,9,0,18,0,0,2,0,1,6,1,1,6,1,37,7,2204,2,9,-1,1,-1
2015075318525,1,9,0,18,0,0,0,0,1,4,1,1,6,2,36,7,1149,1,14,-1,3,-1
2015075318932,1,9,0,5,0,4,0,0,0,0,4,1,6,2,21,5,1229,1,1,-1,2,-1
2015075318932,2,1,0,18,0,4,0,0,0,0,2,1,6,1,73,10,-1,-1,-1,-1,1,-1
2015075319265,1,9,0,18,0,0,0,0,1,7,1,1,6,2,20,4,998,1,9,-1,1,-1
2015075319391,1,9,0,4,0,0,0,0,0,0,1,1,2,1,42,7,1753,2,8,-1,1,-1
2015075319391,2,9,0,4,0,0,0,0,0,0,2,1,2,1,28,6,2993,2,2,-1,1,-1
2015075319391,3,9,0,4,0,0,0,0,0,0,2,1,2,1,52,8,1997,2,5,-1,1,-1
2015075319391,4,19,0,4,0,0,0,0,0,0,2,1,2,1,45,7,2198,2,3,-1,1,-1
2015075319395,1,19,0,3,0,0,0,0,0,0,2,1,2,1,49,8,2494,2,7,-1,1,-1
2015075319395,2,19,0,4,0,0,0,0,0,0,2,1,2,1,32,6,1248,2,8,-1,1,-1
2015075319395,3,19,4,18,0,0,0,0,0,0,1,1,1,1,25,5,2402,2,8,-1,1,-1
2015075319428,1,9,0,11,0,0,0,0,0,0,4,1,2,1,28,6,1984,1,10,-1,1,-1
2015075319428,2,9,0,18,0,0,0,0,0,0,3,1,6,1,46,8,1968,2,3,-1,1,-1
2015075319534,1,9,0,2,0,1,0,0,0,0,2,1,3,2,49,8,999,1,2,-1,3,-1
2015075319534,2,9,0,5,0,1,0,0,0,0,1,1,6,2,-1,-1,1598,2,1,-1,-1,-1
2015075319555,1,9,0,18,0,1,0,0,0,0,1,1,6,2,40,7,1339,1,4,-1,1,-1
2015075319555,2,9,0,4,0,1,0,0,0,0,2,1,6,2,22,5,1199,2,2,-1,1,-1
2015075319806,1,9,4,4,0,0,0,0,0,0,1,1,1,1,-1,-1,2402,2,4,-1,-1,-1
2015075319806,2,9,0,3,0,0,0,0,0,0,2,1,2,1,45,7,1995,1,6,-1,1,-1
2015075319806,3,19,0,3,0,0,0,0,0,0,2,1,2,1,42,7,2496,2,17,-1,1,-1
2015075319806,4,9,0,3,0,0,0,0,0,0,2,1,2,1,-1,-1,-1,-1,-1,-1,-1,-1
2015075319838,1,9,0,9,0,8,0,0,0,0,1,1,6,1,74,10,1328,1,13,-1,1,-1
2015075319838,2,1,0,18,0,8,1,0,0,0,1,1,6,1,42,7,-1,-1,-1,-1,1,-1
2015075320000,1,9,0,9,0,8,0,0,0,0,4,1,6,2,25,5,1560,2,3,-1,1,-1
2015075320000,2,9,0,18,0,8,0,0,0,0,1,1,6,1,21,5,1499,2,-1,-1,1,-1
2015075320490,1,9,0,18,0,0,1,0,0,0,1,1,2,1,50,8,1596,1,14,-1,1,-1
2015075320562,1,19,0,18,0,0,0,0,0,0,1,1,1,1,44,7,1753,2,2,-1,1,-1
2015075320562,2,9,0,4,0,0,0,0,0,0,2,1,6,1,54,8,2993,2,2,-1,1,-1
2015075320669,1,9,0,18,0,0,0,0,5,6,3,1,2,2,23,5,1299,1,14,-1,1,-1
2015075320683,1,9,0,13,0,0,0,0,0,0,0,1,6,1,41,7,1956,2,1,-1,2,-1
2015075320683,2,9,0,18,0,0,1,0,1,10,0,1,6,1,34,6,1896,2,18,-1,1,-1
2015075320683,3,9,0,18,0,0,0,0,0,0,0,1,6,1,52,8,1332,1,22,-1,1,-1
2015075320683,4,11,0,18,0,0,0,0,0,0,0,1,1,3,-1,-1,-1,-1,-1,-1,-1,-1
2015075320824,1,9,0,5,0,0,0,0,0,0,4,1,6,1,-1,-1,1461,2,2,-1,1,-1
2015075321155,1,1,0,18,0,8,5,0,0,0,1,1,6,2,39,7,-1,-1,-1,-1,1,-1
2015075321155,2,9,0,18,0,8,0,0,0,0,1,1,6,1,32,6,999,1,1,-1,1,-1
2015075321433,1,9,0,18,0,0,2,0,1,7,4,1,2,1,25,5,1598,1,11,-1,1,-1
2015075321486,1,3,0,17,0,3,1,0,0,0,0,1,1,1,32,6,125,1,-1,-1,1,-1
2015075321498,1,9,0,12,0,0,0,0,0,0,3,1,6,1,34,6,1598,1,11,-1,1,-1
2015075321498,2,21,1,18,0,0,0,0,0,0,1,1,1,1,35,6,7146,2,4,-1,1,-1
2015075321567,1,3,0,16,0,1,1,0,0,0,1,1,1,1,25,5,125,1,6,-1,1,-1
2015075321567,2,9,0,10,0,6,0,0,0,0,1,1,6,1,69,10,3628,2,6,-1,3,-1
2015075321783,1,19,0,18,0,0,0,4,0,0,1,2,1,1,52,8,2299,2,-1,-1,1,-1
2015075321783,2,9,0,2,0,0,0,0,1,0,2,2,6,1,57,9,1240,1,6,-1,1,-1
2015075321962,1,9,0,18,0,0,0,0,0,0,1,1,6,2,-1,-1,-1,-1,-1,-1,-1,-1
2015075321962,2,1,0,18,0,0,0,0,0,0,1,1,2,2,25,5,-1,-1,-1,-1,1,-1
2015075322035,1,21,1,18,0,0,0,0,0,0,1,1,1,1,53,8,12777,2,4,-1,1,-1
2015075322035,2,9,0,18,0,0,0,0,0,0,2,1,6,1,44,7,1665,2,17,-1,1,-1
2015075322036,1,9,0,11,0,0,0,0,0,0,4,1,2,1,58,9,1560,2,5,-1,1,-1
2015075322036,2,4,0,13,0,0,1,0,1,0,1,1,2,1,25,5,124,1,5,-1,1,-1
2015075322182,1,9,0,18,0,0,1,0,5,6,3,1,6,2,34,6,1598,1,9,-1,-1,-1
2015075322507,1,9,0,16,0,0,1,0,0,0,1,1,1,2,31,6,1299,1,12,-1,1,-1
2015075322507,2,9,0,17,0,0,0,0,7,0,1,1,1,1,23,5,1995,1,7,-1,1,-1
2015075322507,3,9,0,17,0,0,0,0,0,0,1,1,1,2,30,6,1600,2,6,-1,1,-1
2015075322528,1,9,0,18,0,1,0,4,7,11,1,1,2,1,25,5,2204,2,10,-1,1,-1
2015075322528,2,9,0,18,0,1,0,4,0,0,4,1,2,2,36,7,1399,2,4,-1,1,-1
2015075322528,3,9,0,2,0,1,0,0,0,0,2,1,6,3,-1,-1,1360,1,12,-1,-1,-1
2015075322528,4,9,0,2,0,1,0,0,0,0,2,1,6,3,-1,-1,1598,2,4,-1,-1,-1
2015075322529,1,5,0,18,0,0,1,0,7,0,4,1,6,1,39,7,647,1,21,-1,1,-1
2015075322936,1,9,0,12,0,7,0,0,0,0,3,1,2,1,29,6,1395,1,1,-1,1,-1
2015075322936,2,20,0,18,0,8,0,0,0,0,4,1,1,1,45,7,9200,2,10,-1,2,-1
2015075322936,3,9,0,18,0,1,0,0,8,0,3,1,6,1,42,7,1997,2,7,-1,1,-1
2015075322972,1,9,0,18,0,0,0,0,0,0,1,1,2,1,54,8,1598,2,-1,-1,1,-1
2015075322972,2,19,0,4,0,0,0,0,0,0,2,1,2,1,30,6,1248,2,6,-1,1,-1
2015075323144,1,19,0,18,0,0,0,0,0,0,1,1,2,1,55,8,1461,2,4,-1,1,-1
2015075323144,2,17,0,18,0,0,0,0,0,0,1,1,1,1,49,8,-1,2,5,-1,3,-1
2015075323153,1,9,0,18,0,0,0,0,8,6,3,1,2,2,24,5,1461,2,1,-1,1,-1
2015075323169,1,9,0,9,0,6,0,0,0,0,3,1,6,2,35,6,1753,2,13,-1,1,-1
2015075323169,2,5,0,18,0,8,0,0,0,0,1,1,6,1,46,8,650,1,15,-1,1,-1
2015075323216,1,19,0,4,0,0,0,0,0,0,1,1,1,1,23,5,1560,2,3,-1,1,-1
2015075323216,2,19,0,4,0,0,0,0,0,0,2,1,1,1,31,6,2143,2,2,-1,1,-1
2015075323262,1,9,0,9,0,6,0,0,0,0,3,1,2,1,64,9,1591,1,-1,-1,1,-1
2015075323262,2,1,0,18,0,1,0,0,0,0,1,1,2,1,22,5,-1,-1,-1,-1,1,-1
2015075323407,1,9,0,18,0,0,0,0,0,0,1,1,6,1,28,6,1995,2,2,-1,1,-1
2015075323407,2,9,0,18,0,0,0,0,0,0,2,1,6,1,65,9,5998,1,9,-1,3,-1
2015075323561,1,9,0,5,0,4,0,0,0,0,3,1,1,2,60,9,2198,1,14,-1,1,-1
2015075323561,2,1,0,18,0,8,0,0,0,0,4,1,1,1,30,6,-1,-1,-1,-1,1,-1
2015075323588,1,9,0,9,0,8,0,0,3,11,1,1,6,1,17,4,1149,1,13,-1,1,-1
2015075323588,2,19,0,18,0,1,1,0,7,11,1,1,1,1,30,6,2287,2,8,-1,1,-1
2015075323666,1,21,1,12,0,0,0,0,0,0,3,2,1,1,32,6,-1,-1,-1,-1,-1,-1
2015075323666,2,9,0,18,0,0,2,0,1,0,4,1,6,2,52,8,1895,1,14,-1,1,-1
2015075323719,1,9,0,5,8,0,0,0,0,0,3,1,6,1,65,9,1968,2,1,-1,1,-1
2015075323719,2,3,0,15,0,0,0,0,0,0,1,1,6,1,32,6,124,1,-1,-1,1,-1
2015075323813,1,9,0,18,0,0,0,0,0,0,1,1,6,2,83,11,1809,1,21,-1,3,-1
2015075323813,2,9,0,3,0,0,0,0,0,0,2,1,2,1,52,8,2148,2,10,-1,2,-1
2015075323859,1,11,0,5,0,0,0,0,0,0,0,1,1,1,-1,-1,7300,2,6,-1,-1,-1
2015075324130,1,9,0,18,0,0,0,0,0,0,1,1,6,1,28,6,1905,2,17,-1,3,-1
2015075324130,2,9,0,4,0,0,0,0,0,0,2,1,6,1,22,5,1560,2,9,-1,1,-1
2015075324130,3,9,0,4,0,0,0,0,0,0,2,1,6,1,64,9,2993,2,11,-1,3,-1
2015075324141,1,9,0,18,0,8,0,0,0,0,1,1,6,1,51,8,1598,1,2,-1,3,-1
2015075324141,2,9,0,9,0,8,0,0,0,0,1,1,6,1,72,10,1798,1,2,-1,2,-1
2015075324160,1,9,0,18,0,0,1,0,5,0,1,1,2,2,53,8,1998,1,10,-1,1,-1
2015075324372,1,9,0,18,0,0,0,0,0,0,1,1,6,1,28,6,998,1,6,-1,1,-1
2015075324372,2,9,0,18,0,0,0,0,0,0,1,1,6,2,34,6,1896,2,7,-1,-1,-1
2015075324372,3,9,0,18,0,0,0,0,0,0,2,1,6,1,25,5,1197,1,2,-1,1,-1
2015075324573,1,9,0,11,0,8,0,0,0,0,4,1,6,3,-1,-1,-1,-1,-1,-1,-1,-1
2015075324573,2,9,0,18,0,8,0,0,0,0,3,1,2,1,41,7,1299,1,13,-1,1,-1
2015075325151,1,9,0,18,0,2,0,0,0,0,1,1,6,1,-1,-1,998,1,1,-1,1,-1
2015075325162,1,8,0,4,0,1,0,0,0,0,4,1,1,1,39,7,1910,2,8,-1,1,-1
2015075325205,1,9,0,9,0,8,0,0,0,0,1,1,6,2,24,5,1995,2,3,-1,1,-1
2015075325205,2,9,0,18,0,8,0,0,0,0,4,1,6,2,26,6,1998,1,7,-1,1,-1
2015075325745,1,9,0,17,0,8,1,0,1,2,1,1,6,1,32,6,1868,2,15,-1,1,-1
2015075326210,1,8,0,16,0,0,0,0,0,0,0,1,1,1,-1,-1,-1,-1,-1,-1,-1,-1
2015075326246,1,9,0,13,0,0,0,0,0,0,1,1,2,2,51,8,2497,1,14,-1,1,-1
2015075326246,2,9,0,18,0,0,0,0,0,0,1,1,2,1,29,6,1560,2,4,-1,1,-1
2015075326345,1,3,0,5,0,3,1,10,1,0,0,1,6,1,42,7,125,1,3,-1,1,-1
2015075326386,1,9,0,18,0,0,1,0,0,0,1,1,6,1,23,5,1242,1,-1,-1,1,-1
2015075326386,2,9,0,4,0,0,0,0,0,0,0,1,6,1,41,7,1997,2,12,-1,1,-1
2015075326386,3,9,0,4,0,0,0,0,0,0,2,1,6,1,30,6,1596,1,7,-1,1,-1
2015075326386,4,9,0,4,0,0,0,0,0,0,2,1,6,1,50,8,1398,1,-1,-1,1,-1
2015075326400,1,9,0,4,0,0,0,0,0,0,1,1,6,2,50,8,1598,2,4,-1,3,-1
2015075326632,1,9,0,9,0,8,0,0,0,0,1,1,2,1,42,7,-1,-1,-1,-1,1,-1
2015075326632,2,1,0,18,0,8,0,0,0,0,3,1,6,1,59,9,-1,-1,-1,-1,1,-1
2015075326655,1,90,0,17,0,0,5,0,1,10,1,1,6,1,44,7,1172,1,15,-1,1,-1
2015075326751,1,9,0,18,0,0,0,0,0,0,1,1,1,1,34,6,1896,2,14,-1,1,-1
2015075326769,1,9,0,15,0,0,0,0,0,0,1,1,6,2,39,7,2204,2,7,-1,1,-1
2015075326769,2,9,0,2,0,0,0,0,0,0,3,1,6,2,-1,-1,1598,1,8,-1,1,-1
2015075327192,1,9,0,7,0,5,0,0,7,0,1,1,2,1,32,6,1595,1,17,-1,1,-1
2015075327610,1,9,0,9,0,8,0,0,0,0,1,1,2,1,54,8,1598,1,16,-1,1,-1
2015075327610,2,9,0,18,0,8,0,0,0,0,4,1,2,2,21,5,1248,2,7,-1,1,-1
2015075327646,1,9,0,9,0,8,5,0,0,0,4,1,6,1,68,10,1997,1,1,-1,3,-1
2015075327646,2,9,0,18,0,8,0,0,0,0,1,1,1,1,62,9,1997,2,4,-1,1,-1
2015075327827,1,9,0,4,0,0,0,0,0,0,2,1,2,1,53,8,1198,1,4,-1,1,-1
2015075327827,2,9,0,4,0,0,0,0,0,0,1,1,2,1,50,8,1794,1,15,-1,1,-1
2015075327864,1,9,0,9,0,0,0,0,0,0,4,1,6,1,23,5,1199,1,12,-1,1,-1
2015075327864,2,3,0,14,0,0,0,0,0,0,1,1,6,1,27,6,124,1,3,-1,1,-1
2015075328103,1,9,0,4,0,0,0,0,0,0,2,1,6,1,18,4,1796,1,8,-1,3,-1
2015075328103,2,9,0,4,0,0,0,0,0,0,1,1,6,1,17,4,1900,2,8,-1,1,-1
2015075328185,1,19,0,7,0,1,0,0,0,0,1,1,1,1,-1,-1,-1,-1,-1,-1,-1,-1
2015075328185,2,5,0,18,0,1,0,0,0,0,3,1,2,1,49,8,1052,1,17,-1,3,-1
2015075328945,1,9,0,4,0,0,0,0,0,0,1,1,2,2,17,4,998,1,7,-1,1,-1
2015075328945,2,9,0,4,0,0,0,0,0,0,2,1,2,1,29,6,1242,1,11,-1,1,-1
2015075328945,3,9,0,4,0,0,0,0,0,0,2,1,2,1,34,6,2143,2,1,-1,1,-1
2015075328945,4,9,0,11,0,0,0,0,0,0,4,1,2,1,47,8,-1,-1,-1,-1,-1,-1
2015075328945,5,9,0,4,0,0,0,0,0,0,3,1,2,2,66,10,1997,1,3,-1,3,-1
2015075328983,1,9,0,5,0,4,0,0,0,0,3,1,6,2,52,8,1870,2,7,-1,1,-1
2015075328983,2,2,0,9,0,8,0,0,0,0,1,1,6,1,16,4,-1,-1,-1,-1,1,-1
2015075329015,1,9,0,17,0,1,0,0,0,0,1,1,6,1,-1,-1,-1,-1,-1,-1,-1,-1
2015075329015,2,1,0,9,0,6,0,0,0,0,3,1,2,2,24,5,-1,-1,-1,-1,1,-1
2015075329091,1,19,0,4,0,2,0,0,0,0,4,1,1,1,42,7,1995,2,2,-1,3,-1
2015075329288,1,9,0,18,0,0,0,0,0,0,1,1,6,3,48,8,1242,1,12,-1,1,-1
2015075329288,2,11,0,18,0,0,0,0,1,11,1,1,1,1,38,7,4250,2,3,-1,-1,-1
2015075329312,1,9,0,18,0,0,0,0,0,0,2,1,3,2,32,6,1596,1,11,-1,1,-1
2015075329312,2,9,0,18,0,0,0,0,0,0,1,1,6,2,52,8,998,1,6,-1,1,-1
2015075329376,1,8,0,17,0,0,1,0,1,11,1,1,6,1,64,9,1910,2,7,-1,1,-1
2015075329394,1,21,1,17,0,0,0,0,0,0,3,1,1,1,44,7,11705,2,14,-1,1,-1
2015075329394,2,21,1,18,0,0,0,0,0,0,3,1,1,1,-1,-1,-1,-1,-1,-1,-1,-1
2015075329887,1,19,0,1,0,1,0,0,0,0,0,1,6,1,-1,-1,-1,-1,-1,-1,-1,-1
2015075330013,1,9,0,4,0,1,0,0,0,0,1,1,6,1,76,11,1997,1,1,-1,3,-1
2015075330105,1,9,0,18,0,1,0,0,0,0,1,1,6,1,-1,-1,1598,1,8,-1,-1,-1
2015075330105,2,9,0,4,0,1,0,0,0,0,2,1,1,2,23,5,1398,1,-1,-1,1,-1
2015075330204,1,9,0,18,0,2,0,0,0,0,1,2,6,1,66,10,998,1,1,-1,1,-1
2015075330204,2,9,0,7,0,6,0,0,1,0,2,2,6,1,24,5,1149,1,14,-1,1,-1
2015075330339,1,9,0,13,0,0,0,0,0,0,1,1,6,3,-1,-1,-1,-1,-1,-1,-1,-1
2015075330339,2,4,0,18,0,0,0,0,0,0,1,1,2,1,21,5,499,1,11,-1,1,-1
2015075330464,1,9,0,5,0,1,0,0,0,0,1,1,1,1,58,9,1560,2,3,-1,3,-1
2015075330464,2,2,0,3,0,1,0,0,0,0,2,1,1,1,35,6,49,1,4,-1,1,-1
2015075330466,1,9,0,16,0,0,1,0,0,0,1,1,2,1,58,9,1997,2,7,-1,1,-1
2015075330484,1,21,1,18,0,0,0,0,0,0,4,1,2,1,64,9,12809,2,2,-1,1,-1
2015075330484,2,9,0,18,0,0,0,0,1,7,3,1,1,1,40,7,1461,2,3,-1,1,-1
2015075330962,1,9,0,10,0,1,0,0,0,0,1,1,6,2,77,11,1329,1,1,-1,1,-1
2015075330962,2,19,0,18,0,1,0,0,0,0,1,1,2,2,44,7,2477,2,9,-1,3,-1
2015075331017,1,9,0,9,0,8,0,0,0,0,1,1,6,2,94,11,1598,1,7,-1,1,-1
2015075331017,2,8,0,18,0,8,0,0,1,1,1,1,1,1,47,8,1998,2,10,-1,2,-1
2015075331107,1,9,0,18,0,0,0,0,0,0,3,1,2,1,49,8,1591,1,6,-1,1,-1
2015075331107,2,9,0,18,0,0,0,0,0,0,3,1,6,2,37,7,1229,1,1,-1,1,-1
2015075331107,3,9,0,18,0,0,0,0,0,0,1,1,6,1,47,8,2198,2,3,-1,3,-1
2015075331107,4,9,0,18,0,0,0,0,0,0,1,1,2,2,27,6,1360,1,12,-1,1,-1
2015075331248,1,9,0,10,0,8,0,0,0,0,4,1,6,1,69,10,4300,1,15,-1,1,-1
2015075331248,2,9,0,16,0,8,0,0,0,0,1,1,2,2,50,8,1968,2,6,-1,1,-1
2015075331900,1,3,0,7,0,3,0,0,0,0,4,1,1,2,24,5,124,1,15,-1,1,-1
2015075331968,1,4,0,18,0,8,1,0,0,0,1,1,2,1,24,5,125,1,-1,-1,3,-1
2015075331968,2,9,0,18,0,4,0,0,0,0,3,1,6,2,-1,-1,1149,1,8,-1,2,-1
2015075332055,1,9,0,12,0,3,0,0,0,0,2,1,6,2,-1,-1,1596,1,-1,-1,1,-1
2015075332055,2,9,0,18,0,3,0,0,0,0,1,1,2,1,40,7,1968,2,5,-1,1,-1
2015075332306,1,9,0,18,0,0,0,0,0,0,2,1,6,1,71,10,2148,2,14,-1,3,-1
2015075332306,2,9,0,18,0,0,0,0,0,0,1,1,6,1,25,5,1910,2,9,-1,3,-1
2015075332306,3,9,0,18,0,0,0,0,0,0,1,1,6,1,29,6,1360,1,12,-1,1,-1
2015075332418,1,9,0,18,0,0,0,0,0,0,1,1,6,3,-1,-1,-1,-1,-1,-1,-1,-1
2015075332675,1,9,0,18,0,1,0,0,0,0,3,1,6,2,21,5,-1,-1,-1,-1,1,-1
2015075333118,1,3,0,7,0,3,1,0,0,0,3,1,2,1,50,8,124,1,9,-1,1,-1
2015075333511,1,3,0,16,0,0,1,0,0,0,0,1,2,1,22,5,124,1,9,-1,1,-1
2015075333511,2,9,0,17,0,0,0,0,0,0,1,1,6,2,23,5,1995,2,9,-1,1,-1
2015075333663,1,9,0,18,0,0,2,0,1,10,1,1,6,2,51,8,1834,1,10,-1,2,-1
2015075333791,1,9,0,7,0,6,0,0,0,0,1,1,6,1,35,6,1461,2,2,-1,1,-1
2015075333791,2,1,0,18,0,8,0,0,0,0,4,1,6,1,57,9,-1,-1,-1,-1,1,-1
2015075334038,1,9,0,9,0,0,1,0,1,4,4,2,6,1,21,5,1968,2,11,-1,1,-1
2015075334377,1,9,0,18,0,1,2,0,0,0,0,1,6,1,22,5,1360,1,13,-1,1,-1
2015075334593,1,9,0,18,0,0,0,11,0,0,1,1,6,2,79,11,1199,1,16,-1,1,-1
2015075334621,1,9,0,5,0,4,0,0,0,0,3,1,6,2,70,10,998,1,1,-1,1,-1
2015075334621,2,4,0,18,0,3,1,0,0,0,1,1,6,1,18,4,124,1,5,-1,1,-1
2015075334623,1,9,0,16,0,0,1,0,0,0,1,1,6,2,18,4,1299,1,11,-1,1,-1
2015075334623,2,9,0,18,0,0,0,0,0,0,1,1,6,2,26,6,1229,1,8,-1,1,-1
2015075334656,1,9,0,18,0,6,0,0,0,0,1,1,6,1,21,5,-1,-1,-1,-1,1,-1
2015075334656,2,9,0,18,0,8,0,0,0,0,4,1,6,2,42,7,1560,2,1,-1,1,-1
2015075334740,1,9,0,18,0,0,0,0,1,0,1,1,2,2,20,4,998,1,-1,-1,3,-1
2015075334740,2,9,0,2,0,0,0,4,0,0,2,1,6,1,44,7,1984,1,2,-1,1,-1
2015075334939,1,9,0,18,0,0,1,0,1,10,1,1,6,1,23,5,1396,1,13,-1,1,-1
2015075335018,1,9,0,17,0,0,0,10,2,7,1,1,2,1,35,6,1896,2,11,-1,1,-1
2015075335049,1,9,0,18,0,0,1,0,0,0,1,1,6,2,28,6,1587,1,14,-1,1,-1
2015075335049,2,98,1,18,0,0,0,0,0,0,1,1,1,1,60,9,12900,2,8,-1,-1,-1
2015075335415,1,9,0,3,0,1,0,0,0,0,1,1,6,2,-1,-1,1229,1,10,-1,-1,-1
2015075335415,2,9,0,18,0,1,0,0,0,0,2,1,6,2,35,6,998,1,8,-1,1,-1