Accident_Index,Vehicle_Reference,Vehicle_Type,Towing_and_Articulation,Vehicle_Manoeuvre,Vehicle_Location-Restricted_Lane,Junction_Location,Skidding_and_Overturning,Hit_Object_in_Carriageway,Vehicle_Leaving_Carriageway,Hit_Object_off_Carriageway,1st_Point_of_Impact,Was_Vehicle_Left_Hand_Drive?,Journey_Purpose_of_Driver,Sex_of_Driver,Age_of_Driver,Age_Band_of_Driver,Engine_Capacity_(CC),Propulsion_Code,Age_of_Vehicle,Driver_IMD_Decile,Driver_Home_Area_Type,Vehicle_IMD_Decile
2015075335627,1,9,0,15,0,0,0,4,0,0,1,1,6,1,93,11,1242,1,7,-1,1,-1
2015075335627,2,9,0,2,9,0,0,0,0,0,2,1,6,2,52,8,1596,1,14,-1,-1,-1
2015075335731,1,9,0,5,0,0,0,0,0,0,3,1,6,2,42,7,1995,1,2,-1,1,-1
2015075336232,1,9,0,7,0,4,0,10,1,1,1,1,2,1,64,9,1248,2,1,-1,1,-1
2015075336232,2,9,0,18,0,3,0,0,0,0,4,1,1,1,33,6,-1,-1,-1,-1,1,-1
2015075336374,1,9,0,9,0,8,0,0,0,0,1,1,6,2,73,10,1339,1,9,-1,3,-1
2015075336374,2,9,0,18,0,8,0,10,0,0,3,1,6,2,41,7,2231,2,9,-1,3,-1
2015075336480,1,1,0,18,0,0,0,0,0,0,1,1,6,1,68,10,-1,-1,-1,-1,1,-1
2015075336480,2,9,0,2,0,0,0,0,0,0,0,1,6,1,73,10,-1,-1,-1,-1,3,-1
2015075336569,1,9,0,18,0,1,0,0,0,0,1,1,6,1,83,11,2362,1,12,-1,1,-1
2015075336569,2,9,0,8,0,1,0,0,0,0,2,1,6,2,35,6,1870,2,10,-1,1,-1
2015075336633,1,9,0,5,0,8,0,0,0,0,1,1,2,2,-1,-1,1229,1,10,-1,1,-1
2015075336633,2,1,0,18,9,8,0,0,0,0,4,1,4,1,15,3,-1,-1,-1,-1,1,-1
2015075336804,1,9,0,6,0,8,0,0,0,0,3,1,1,1,38,7,998,1,14,-1,1,-1
2015075336879,1,9,0,18,0,0,0,0,0,0,1,1,6,2,45,7,2999,2,15,-1,1,-1
2015075336879,2,9,0,2,0,0,0,0,0,0,2,1,6,3,-1,-1,-1,-1,-1,-1,3,-1
2015075337022,1,9,0,18,0,1,0,0,0,0,1,1,6,2,-1,-1,998,1,1,-1,1,-1
2015075337022,2,9,0,8,0,1,0,0,0,0,2,1,6,2,40,7,1229,1,11,-1,1,-1
2015075337565,1,9,0,18,0,8,0,0,0,0,1,1,6,1,-1,-1,-1,-1,-1,-1,-1,-1
2015075337565,2,11,0,5,0,8,0,0,0,0,4,1,3,1,-1,-1,-1,-1,-1,-1,-1,-1
2015075337827,1,9,0,18,0,0,1,0,0,0,1,1,1,1,51,8,1242,1,12,-1,1,-1
2015075337827,2,9,0,3,0,0,0,0,0,0,2,1,2,2,30,6,1349,1,10,-1,1,-1
2015075337827,3,9,0,3,0,0,0,0,0,0,2,1,3,2,35,6,1896,2,14,-1,1,-1
2015075337936,1,9,0,9,0,6,0,0,0,0,3,1,6,1,60,9,1598,2,1,-1,1,-1
2015075337936,2,1,0,18,0,1,0,0,0,0,1,1,2,1,40,7,-1,-1,-1,-1,1,-1
2015075337961,1,1,0,9,0,6,0,0,0,0,3,1,6,1,24,5,-1,-1,-1,-1,1,-1
2015075337961,2,9,0,18,0,1,0,0,0,0,1,1,6,1,69,10,1560,2,3,-1,1,-1
2015075338011,1,9,0,16,0,8,0,0,0,0,1,1,6,2,41,7,1598,1,6,-1,1,-1
2015075338011,2,9,0,16,0,8,0,0,0,0,4,1,6,1,60,9,998,1,3,-1,1,-1
2015075338246,1,9,0,18,0,2,1,0,2,4,1,1,2,1,27,6,1995,1,12,-1,1,-1
2015075338363,1,9,0,4,0,4,0,0,0,0,1,1,3,2,50,8,1995,2,1,-1,1,-1
2015075338363,2,9,0,4,0,4,0,0,0,0,2,1,1,1,43,7,1598,2,5,-1,1,-1
2015075338405,1,9,0,18,0,3,0,0,0,6,4,1,4,2,18,4,1242,1,2,-1,3,-1
2015075338405,2,20,0,18,0,4,0,0,0,0,1,1,1,1,53,8,2402,2,4,-1,1,-1
2015075338456,1,19,0,7,0,6,0,0,0,0,1,1,6,1,-1,-1,-1,-1,-1,-1,-1,-1
2015075338456,2,1,0,18,0,8,0,0,0,0,3,1,1,2,28,6,-1,-1,-1,-1,1,-1
2015075338493,1,9,0,18,0,2,0,0,0,0,1,1,6,2,83,11,1396,1,13,-1,1,-1
2015075338493,2,9,0,2,0,2,0,0,0,0,3,1,6,3,-1,-1,1686,2,13,-1,-1,-1
2015075338493,3,9,0,2,0,2,0,0,0,0,3,1,6,3,-1,-1,1598,1,2,-1,-1,-1
2015075338577,1,9,0,5,0,2,0,0,0,0,4,1,6,1,64,9,1399,2,11,-1,1,-1
2015075338577,2,5,0,18,0,2,0,0,0,0,3,1,6,1,42,7,745,1,8,-1,3,-1
2015075338582,1,9,0,3,0,0,0,0,0,0,2,1,6,1,50,8,1582,2,3,-1,1,-1
2015075338582,2,9,0,3,0,0,0,0,0,0,2,1,6,1,55,8,1995,2,1,-1,3,-1
2015075338582,3,9,0,18,0,0,1,0,0,0,1,1,6,1,35,6,-1,-1,-1,-1,1,-1
2015075338681,1,9,0,9,0,8,0,0,0,0,1,1,6,1,-1,-1,1984,1,13,-1,1,-1
2015075338681,2,4,0,18,0,8,0,0,0,0,3,1,2,1,33,6,649,1,1,-1,1,-1
2015075338819,1,9,0,18,0,1,0,0,0,0,1,1,1,1,38,7,4367,2,1,-1,1,-1
2015075338819,2,9,0,10,0,8,0,0,0,0,2,1,6,2,50,8,1999,1,4,-1,3,-1
2015075338936,1,9,0,7,0,1,0,0,0,0,2,1,6,2,53,8,1499,2,-1,-1,1,-1
2015075338936,2,9,0,18,0,1,0,0,1,0,1,1,6,3,-1,-1,-1,-1,-1,-1,-1,-1
2015075339040,1,9,0,4,0,0,0,0,0,0,2,1,2,1,40,7,2143,2,1,-1,-1,-1
2015075339040,2,21,1,18,0,0,0,0,0,0,1,2,1,1,35,6,-1,-1,-1,-1,-1,-1
2015075339141,1,9,0,18,0,4,0,0,0,0,3,1,2,2,25,5,1997,2,13,-1,1,-1
2015075339141,2,21,0,18,0,4,0,0,0,0,4,1,1,1,-1,-1,12580,2,10,-1,3,-1
2015075339457,1,9,0,4,0,1,0,0,0,0,1,1,1,2,27,6,1229,1,4,-1,3,-1
2015075339457,2,9,0,4,0,1,0,0,0,0,2,1,2,2,25,5,1395,1,-1,-1,2,-1
2015075339457,3,9,0,4,0,1,0,0,0,0,2,1,1,1,-1,-1,1910,2,7,-1,1,-1
2015075339612,1,9,0,5,0,8,0,0,0,0,3,1,6,2,30,6,1587,1,10,-1,1,-1
2015075339612,2,9,0,3,0,8,0,0,0,0,4,1,6,2,27,6,1995,2,11,-1,1,-1
2015075339634,1,9,0,9,0,1,0,0,0,0,4,1,6,2,38,7,1343,1,12,-1,1,-1
2015075339634,2,9,0,18,9,1,0,0,0,0,1,1,6,2,78,11,1905,2,17,-1,-1,-1
2015075339655,1,9,0,18,0,0,1,0,4,0,1,1,6,1,29,6,1299,1,14,-1,2,-1
2015075339655,2,9,0,18,0,0,0,0,4,0,2,1,6,1,82,11,1248,1,2,-1,1,-1
2015075339676,1,9,0,18,0,0,0,0,0,0,1,1,6,1,34,6,1995,2,7,-1,1,-1
2015075339676,2,19,0,3,0,0,0,0,0,0,2,1,2,1,34,6,1598,2,-1,-1,3,-1
2015075339752,1,9,0,18,0,8,0,0,0,0,0,1,6,3,-1,-1,-1,-1,-1,-1,-1,-1
2015075339752,2,11,0,18,0,8,0,0,0,0,0,1,1,1,68,10,6692,2,4,-1,1,-1
2015075339800,1,19,0,4,0,0,1,0,0,0,1,1,1,1,37,7,2299,2,2,-1,3,-1
2015075339800,2,9,0,3,0,0,0,0,5,6,2,1,6,2,63,9,1339,1,3,-1,3,-1
2015075339800,3,9,0,3,0,0,0,0,0,0,2,1,2,1,27,6,1390,1,7,-1,1,-1
2015075339812,1,9,0,18,0,0,1,0,0,0,1,1,6,2,22,5,2393,1,13,-1,1,-1
2015075339812,2,9,0,4,0,0,0,0,0,0,2,1,6,1,50,8,1991,8,-1,-1,2,-1
2015075339812,3,9,0,4,0,0,0,0,0,0,2,1,6,2,40,7,1590,1,3,-1,1,-1
2015075339817,1,2,0,18,0,0,0,0,0,0,1,1,1,2,22,5,100,1,14,-1,1,-1
2015075339817,2,9,0,5,0,0,0,0,0,0,1,1,2,2,24,5,999,1,-1,-1,1,-1
2015075339835,1,9,0,4,0,0,0,0,0,0,2,1,6,1,35,6,1798,8,-1,-1,1,-1
2015075339835,2,9,0,4,0,0,0,0,0,0,2,1,6,2,24,5,1596,1,7,-1,1,-1
2015075339835,3,9,0,4,0,0,0,0,0,0,2,1,6,2,54,8,1596,1,7,-1,1,-1
2015075339835,4,19,0,18,0,0,1,0,0,0,1,1,1,1,26,6,2800,2,13,-1,1,-1
2015075340408,1,9,0,18,0,0,2,0,7,3,3,1,6,1,18,4,1461,2,8,-1,3,-1
2015075340582,1,9,0,15,0,0,0,0,7,11,1,1,1,1,45,7,1968,2,8,-1,1,-1
2015075340582,2,9,0,17,0,0,0,0,0,0,1,1,1,1,23,5,973,1,17,-1,1,-1
2015075340743,1,9,0,18,0,1,0,0,0,0,1,1,6,1,24,5,-1,-1,-1,-1,1,-1
2015075340743,2,9,0,3,0,1,0,0,0,0,2,1,6,2,19,4,1149,1,10,-1,1,-1
2015075341038,1,9,0,9,0,8,0,0,0,0,1,1,6,2,-1,-1,-1,-1,-1,-1,-1,-1
2015075341038,2,1,0,18,0,1,0,0,0,0,1,1,2,1,73,10,-1,-1,-1,-1,1,-1
2015075341430,1,9,0,18,0,0,2,0,8,4,3,1,6,1,26,6,1956,2,4,-1,3,-1
2015075341430,2,8,0,18,0,0,0,0,0,0,1,1,1,1,49,8,1975,1,10,-1,1,-1
2015075341472,1,9,0,17,0,0,0,0,7,11,1,1,6,1,21,5,1299,1,14,-1,-1,-1
2015075341557,1,9,0,18,0,0,0,0,1,4,1,1,6,1,31,6,1242,1,14,-1,1,-1
2015075341683,1,9,0,7,0,6,0,0,0,0,1,1,6,1,34,6,2183,2,5,-1,1,-1
2015075341683,2,9,0,18,0,1,0,4,0,0,4,1,6,2,23,5,1388,1,11,-1,1,-1
2015075341683,3,9,0,2,0,2,0,0,0,0,3,1,6,2,28,6,1560,2,8,-1,1,-1
2015075341815,1,3,0,9,0,1,0,0,1,0,3,1,6,2,27,6,124,1,2,-1,-1,-1
2015075342185,1,5,0,4,6,0,1,0,0,0,1,1,6,1,53,8,-1,-1,-1,-1,3,-1
2015075342185,2,9,0,4,6,0,0,0,0,0,0,1,1,1,55,8,2993,2,2,-1,1,-1
2015075342749,1,19,0,18,0,1,1,0,0,0,1,1,1,1,21,5,2298,2,2,-1,1,-1
2015075342749,2,9,0,7,0,1,1,0,1,10,2,1,6,1,46,8,1995,2,8,-1,1,-1
2015075342865,1,1,0,10,0,0,0,0,0,0,3,1,1,1,43,7,-1,-1,-1,-1,3,-1
2015075342865,2,9,0,14,0,0,0,0,0,0,4,1,6,2,-1,-1,-1,-1,-1,-1,-1,-1
2015075343301,1,9,0,9,0,5,0,0,0,0,1,1,6,2,40,7,1560,2,1,-1,1,-1
2015075343310,1,9,0,9,0,8,0,0,0,0,4,1,6,1,76,11,2461,2,17,-1,1,-1
2015075343310,2,1,0,18,0,8,0,0,0,0,1,1,2,1,22,5,-1,-1,-1,-1,1,-1
2015075343926,1,9,0,13,0,0,0,0,0,0,1,1,6,1,73,10,1242,1,11,-1,1,-1
2015075343926,2,1,0,18,0,0,0,0,0,0,3,1,6,1,27,6,-1,-1,-1,-1,1,-1
2015075344635,1,9,0,17,0,0,1,0,4,6,1,1,6,2,20,4,998,1,3,-1,1,-1
2015075344700,1,3,0,16,0,8,0,0,0,0,1,1,1,1,31,6,125,1,-1,-1,1,-1
2015075344700,2,9,0,5,0,8,0,0,0,0,3,1,1,1,25,5,1242,1,7,-1,2,-1
2015075344985,1,9,0,9,0,8,0,0,0,0,1,1,6,2,71,10,993,1,16,-1,1,-1
2015075344985,2,9,0,18,0,8,0,0,0,0,1,1,1,1,51,8,1582,2,6,-1,1,-1
2015075345212,1,9,0,18,0,1,0,0,1,1,1,1,6,2,24,5,973,1,14,-1,3,-1
2015075345212,2,9,0,5,0,6,0,0,0,0,1,1,1,1,64,9,1951,2,11,-1,2,-1
2015075345222,1,9,0,17,0,0,2,0,8,10,3,1,1,1,30,6,1582,2,2,-1,1,-1
2015075345475,1,9,0,7,0,8,0,0,0,0,0,1,6,1,55,8,-1,-1,-1,-1,1,-1
2015075345475,2,2,0,18,0,1,1,0,0,0,0,1,1,1,22,5,49,1,3,-1,1,-1
2015075345868,1,9,0,18,0,8,0,0,0,0,1,1,2,2,27,6,1560,2,-1,-1,1,-1
2015075345868,2,1,0,18,0,8,0,0,0,0,3,1,2,1,20,4,-1,-1,-1,-1,1,-1
2015075346064,1,9,0,18,0,0,0,0,0,0,1,1,6,1,48,8,1995,2,3,-1,1,-1
2015075346064,2,9,0,3,0,0,0,0,0,6,4,1,6,1,39,7,1997,2,11,-1,1,-1
2015075346064,3,9,0,3,0,0,0,0,0,6,2,1,6,1,42,7,1997,2,-1,-1,1,-1
2015075346261,1,19,0,11,0,0,0,0,0,0,0,1,6,1,30,6,2287,2,1,-1,1,-1
2015075346261,2,9,0,18,0,0,2,10,2,7,1,1,6,2,31,6,1398,2,12,-1,1,-1
2015075346420,1,9,0,7,0,6,0,0,0,0,3,1,6,1,54,8,-1,-1,-1,-1,1,-1
2015075346420,2,1,0,18,0,8,0,0,0,0,1,1,2,1,42,7,-1,-1,-1,-1,1,-1
2015075346492,1,3,0,18,0,0,0,4,0,0,1,1,2,1,19,4,125,1,4,-1,1,-1
2015075346492,2,19,0,2,0,0,0,0,0,0,2,1,1,1,35,6,2402,2,7,-1,1,-1
2015075346514,1,9,0,16,0,0,1,0,0,0,1,1,2,2,49,8,1149,1,8,-1,1,-1
2015075346514,2,9,0,17,0,0,0,0,0,0,1,1,2,1,43,7,-1,-1,-1,-1,2,-1
2015075346514,3,9,0,16,0,0,1,0,0,0,4,1,2,2,24,5,1390,1,2,-1,1,-1
2015075346565,1,9,0,13,0,3,0,0,0,0,4,1,6,1,34,6,1896,2,14,-1,1,-1
2015075346565,2,1,0,18,0,8,1,0,0,0,3,1,6,2,23,5,-1,-1,-1,-1,2,-1
2015075346650,1,9,0,4,0,0,1,0,0,0,1,1,6,2,-1,-1,1198,1,9,-1,1,-1
2015075346650,2,9,0,3,0,0,0,0,0,0,2,1,6,2,35,6,1198,1,8,-1,1,-1
2015075346904,1,9,0,13,0,0,1,0,0,0,4,1,2,2,25,5,1598,1,8,-1,-1,-1
2015075346904,2,21,1,18,0,0,0,10,0,0,3,1,1,1,-1,-1,11946,2,4,-1,-1,-1
2015075346904,3,21,1,18,0,0,0,10,0,0,3,1,1,1,-1,-1,12809,2,-1,-1,1,-1
2015075346904,4,21,1,18,0,0,0,10,0,0,3,1,1,1,-1,-1,12740,2,3,-1,3,-1
2015075346911,1,9,0,18,0,0,5,0,1,11,4,1,2,2,24,5,1598,1,18,-1,2,-1
2015075347134,1,9,0,3,0,1,0,0,0,0,2,1,1,1,45,7,1560,2,3,-1,2,-1
2015075347134,2,8,0,4,0,1,1,0,0,0,1,1,6,1,38,7,1796,1,9,-1,1,-1
2015075347135,1,19,0,18,0,0,0,0,0,0,3,1,1,1,33,6,1870,2,12,-1,1,-1
2015075347196,1,9,0,4,0,0,0,0,0,0,2,1,6,2,44,7,1496,2,-1,-1,1,-1
2015075347196,2,9,0,4,0,0,0,0,0,0,2,1,6,1,45,7,1956,2,2,-1,2,-1
2015075347196,3,9,0,4,0,0,1,0,0,0,1,1,6,2,48,8,1794,1,11,-1,2,-1
2015075347196,4,9,0,18,0,0,0,0,0,0,1,1,6,2,51,8,1995,1,14,-1,1,-1
2015075347196,5,19,0,4,0,0,0,0,0,0,2,1,6,1,42,7,1995,2,8,-1,3,-1
2015075347196,6,9,0,4,0,0,0,0,0,0,1,1,6,1,64,9,1598,2,4,-1,1,-1
2015075347227,1,9,0,18,0,0,1,0,0,0,1,1,6,1,35,6,-1,-1,-1,-1,1,-1
2015075347227,2,9,0,4,0,0,1,0,0,0,1,1,6,1,21,5,1896,2,14,-1,1,-1
2015075347227,3,9,0,4,0,0,1,0,0,0,2,1,6,1,38,7,2172,2,11,-1,1,-1
2015075347227,4,9,0,4,0,0,0,0,0,0,2,1,6,1,19,4,1461,2,10,-1,1,-1
2015075347234,1,19,0,4,0,8,0,0,0,0,1,1,6,1,32,6,2143,2,1,-1,1,-1
2015075347234,2,9,0,4,0,8,0,0,0,0,2,1,6,2,45,7,1968,2,1,-1,1,-1
2015075347234,3,9,0,4,0,8,0,0,0,0,2,1,6,1,39,7,1332,1,18,-1,1,-1
2015075347234,4,9,0,4,0,8,0,0,0,0,2,1,6,2,59,9,1596,1,4,-1,1,-1
2015075347241,1,9,0,5,0,0,0,0,0,0,4,1,6,1,-1,-1,3456,8,5,-1,1,-1
2015075347448,1,3,0,7,9,3,1,11,1,0,2,1,2,1,28,6,-1,-1,-1,-1,1,-1
2015075347482,1,9,0,5,0,8,0,0,0,0,1,1,6,1,72,10,3628,2,7,-1,1,-1
2015075347482,2,90,0,18,0,8,0,0,0,0,4,1,6,1,49,8,493,1,2,-1,1,-1
2015075347507,1,9,0,10,0,5,0,0,0,0,1,2,2,2,47,8,1229,1,7,-1,1,-1
2015075347507,2,9,0,18,0,2,0,0,0,0,3,2,6,2,61,9,1388,1,4,-1,1,-1
2015075347569,1,1,0,18,0,1,2,0,0,0,1,1,6,1,21,5,-1,-1,-1,-1,1,-1
2015075347569,2,9,0,18,0,1,0,0,0,0,3,1,6,1,51,8,1997,2,10,-1,1,-1
2015075347718,1,9,0,1,0,0,0,0,1,10,4,1,6,1,40,7,1560,2,2,-1,1,-1
2015075347718,2,9,0,18,0,0,1,0,0,0,1,1,6,1,90,11,1299,1,10,-1,3,-1
2015075348146,1,9,0,16,0,1,1,0,0,0,1,1,2,1,27,6,1997,2,10,-1,1,-1
2015075348146,2,9,0,17,0,2,0,0,0,0,1,1,2,1,60,9,1900,2,10,-1,1,-1
2015075348166,1,9,0,9,0,6,0,0,0,0,1,1,2,1,18,4,998,1,5,-1,1,-1
2015075348166,2,9,0,5,9,6,0,10,1,2,3,1,6,2,37,7,1388,1,3,-1,1,-1
2015075348288,1,9,0,18,0,0,1,0,0,0,1,1,6,1,34,6,1242,1,2,-1,1,-1
2015075348288,2,9,0,18,0,0,1,0,0,0,2,1,6,1,60,9,1968,2,1,-1,1,-1
2015075348288,3,9,0,18,0,0,0,0,0,0,2,1,6,2,24,5,1560,2,2,-1,3,-1
2015075348288,4,9,0,18,0,0,0,0,0,0,2,1,6,1,41,7,1560,2,-1,-1,1,-1
2015075348304,1,9,0,18,0,0,0,0,0,0,1,1,6,1,29,6,973,1,13,-1,1,-1
2015075348304,2,9,0,4,0,0,0,0,0,0,2,1,6,1,34,6,3199,1,10,-1,3,-1
2015075348342,1,11,0,4,2,2,0,0,0,0,1,1,1,1,43,7,3900,2,9,-1,1,-1
2015075348342,2,1,0,18,0,8,0,0,0,0,3,1,6,1,21,5,-1,-1,-1,-1,1,-1
2015075348558,1,9,0,12,0,2,0,0,0,0,3,1,6,2,24,5,1753,2,12,-1,1,-1
2015075348558,2,5,0,14,0,2,0,0,0,0,4,1,6,1,49,8,1340,1,18,-1,1,-1
2015075348701,1,9,0,18,0,0,1,0,1,10,4,1,6,1,28,6,1997,2,15,-1,1,-1
2015075348834,1,8,0,18,0,0,0,8,0,0,1,1,1,3,-1,-1,-1,-1,-1,-1,-1,-1
2015075348834,2,9,0,2,0,0,0,0,0,0,4,1,6,1,23,5,1242,1,13,-1,1,-1
2015075349080,1,9,0,16,0,0,0,0,2,10,1,1,2,1,26,6,1596,1,12,-1,2,-1
2015075349508,1,9,0,18,0,0,0,0,0,0,1,1,6,2,27,6,1368,1,6,-1,1,-1
2015075349508,2,9,0,4,0,0,0,0,0,0,2,1,6,1,25,5,2179,2,4,-1,1,-1
2015075349696,1,9,0,18,0,0,2,10,7,4,1,1,6,1,18,4,2198,1,13,-1,1,-1
2015075350065,1,9,0,9,0,8,0,0,0,0,3,1,2,1,46,8,1124,1,8,-1,2,-1
2015075350065,2,3,0,18,0,1,0,0,0,0,1,1,2,1,43,7,124,1,10,-1,1,-1
2015075350079,1,1,0,9,0,5,2,0,0,0,3,1,2,1,27,6,-1,-1,-1,-1,1,-1
2015075350079,2,21,1,18,0,8,0,0,0,0,4,1,1,1,46,8,12419,2,2,-1,1,-1
2015075350114,1,9,0,18,0,0,0,10,0,0,3,1,2,1,42,7,1598,1,5,-1,1,-1
2015075350114,2,11,0,18,0,0,0,0,0,0,3,1,1,1,57,9,4250,2,6,-1,1,-1
2015075350232,1,9,0,1,0,1,0,0,0,0,2,1,6,1,35,6,1598,2,-1,-1,1,-1
2015075350232,2,22,0,18,0,2,0,0,0,0,3,1,6,2,67,10,-1,-1,-1,-1,1,-1
2015075350360,1,19,0,18,0,6,0,0,0,0,1,1,1,1,50,8,1686,2,13,-1,1,-1
2015075350360,2,9,0,18,0,1,0,0,2,1,3,1,6,1,43,7,1896,2,14,-1,3,-1
2015075350585,1,9,0,17,0,0,5,0,0,0,1,1,6,1,17,4,1560,2,10,-1,1,-1
2015075350753,1,97,0,18,9,0,0,0,0,0,1,1,6,3,-1,-1,-1,-1,-1,-1,-1,-1
2015075351166,1,9,0,5,0,0,0,0,0,0,4,2,6,1,65,9,1197,1,4,-1,2,-1
2015075351166,2,9,0,11,0,0,0,0,0,0,4,2,6,1,44,7,1461,2,2,-1,1,-1
2015075351215,1,9,0,18,0,1,0,0,0,0,1,1,2,2,-1,-1,1968,2,7,-1,1,-1
2015075351215,2,9,0,10,0,1,0,0,0,0,2,1,2,2,31,6,1598,1,5,-1,-1,-1
2015075351361,1,9,0,18,0,8,0,0,0,0,1,1,1,2,29,6,1149,1,7,-1,1,-1
2015075351361,2,1,0,9,0,8,0,0,0,0,1,1,4,1,17,4,-1,-1,-1,-1,1,-1
2015075351478,1,9,0,5,8,0,0,0,0,0,3,1,1,1,37,7,1997,2,-1,-1,1,-1
2015075351478,2,90,0,18,0,0,0,0,0,0,4,1,1,1,54,8,2143,2,4,-1,2,-1
2015075351582,1,19,0,4,0,0,0,0,0,0,1,1,1,1,57,9,1968,2,2,-1,1,-1
2015075351582,2,9,0,4,0,0,1,0,5,6,2,1,6,2,59,9,1248,1,2,-1,1,-1
2015075351582,3,21,1,18,0,0,0,0,0,0,1,1,1,1,55,8,12900,2,6,-1,1,-1
2015075351639,1,9,0,9,0,8,0,0,0,0,0,1,2,1,29,6,1796,1,7,-1,1,-1
2015075351647,1,9,0,18,0,1,0,0,0,0,4,1,6,2,22,5,1198,1,-1,-1,1,-1
2015075351647,2,9,0,4,0,1,0,0,0,0,1,1,6,1,-1,-1,1796,1,14,-1,-1,-1
2015075352071,1,19,0,12,0,8,0,0,0,0,4,1,6,1,-1,-1,2143,2,2,-1,1,-1
2015075352071,2,5,0,18,0,8,0,0,0,0,2,1,1,1,25,5,600,1,17,-1,1,-1
2015075352137,1,9,0,18,0,0,0,10,1,2,1,1,6,1,23,5,1364,1,7,-1,1,-1
2015075352254,1,9,0,4,0,0,0,0,0,0,1,1,6,2,-1,-1,-1,-1,-1,-1,1,-1
2015075352254,2,9,0,3,0,0,0,0,0,0,2,1,6,2,33,6,1598,1,11,-1,1,-1
2015075352377,1,9,0,5,0,6,0,0,0,0,4,1,6,2,52,8,1339,1,5,-1,1,-1
2015075352377,2,9,0,18,0,1,0,0,0,0,1,1,6,1,63,9,1795,1,15,-1,1,-1
2015075352383,1,3,0,16,0,0,1,0,0,0,3,1,6,1,45,7,125,1,30,-1,1,-1
2015075352385,1,9,0,4,0,4,1,0,0,0,1,1,6,1,17,4,1360,1,18,-1,1,-1
2015075352385,2,9,0,4,0,4,0,0,0,0,2,1,2,2,21,5,1242,1,2,-1,1,-1
2015075352522,1,9,0,13,0,0,0,0,0,0,0,1,6,3,-1,-1,-1,-1,-1,-1,-1,-1
2015075352522,2,17,0,18,0,0,0,0,0,0,0,1,1,1,59,9,-1,2,23,-1,3,-1
2015075352522,3,9,0,18,0,0,0,0,0,0,4,1,2,1,88,11,1390,1,1,-1,2,-1
2015075352522,4,9,0,18,0,0,1,0,2,10,3,1,2,1,36,7,1598,1,4,-1,1,-1
2015075352794,1,9,0,18,0,8,0,0,0,0,4,1,6,2,25,5,1388,1,10,-1,2,-1
2015075352794,2,9,0,18,0,8,0,0,0,0,1,1,6,1,62,9,1560,2,8,-1,1,-1
2015075352794,3,9,0,2,0,2,0,0,0,0,2,1,6,2,-1,-1,1798,1,7,-1,1,-1
2015075352848,1,9,0,18,0,0,0,0,0,0,1,1,6,1,79,11,1197,1,1,-1,1,-1
2015075352848,2,9,0,2,0,0,0,0,0,0,2,1,2,1,40,7,1798,1,14,-1,1,-1
2015075352939,1,9,0,18,0,4,0,0,0,0,1,1,2,2,18,4,1299,1,14,-1,1,-1
2015075352939,2,3,0,18,0,8,0,0,0,0,4,1,6,1,23,5,124,1,3,-1,1,-1
2015075353148,1,9,0,11,0,4,0,0,0,0,4,1,6,1,76,11,1399,2,8,-1,1,-1
2015075353148,2,1,0,18,0,4,0,0,0,0,3,1,2,2,42,7,-1,-1,-1,-1,1,-1
2015075353537,1,2,0,18,0,1,1,0,0,0,3,1,6,1,49,8,49,1,5,-1,1,-1
2015075353537,2,9,0,5,0,6,0,0,0,0,0,1,6,2,-1,-1,-1,-1,-1,-1,-1,-1
2015075353594,1,9,0,18,0,0,0,0,1,7,1,1,6,1,49,8,1598,1,12,-1,1,-1
2015075353708,1,9,0,18,0,0,1,0,0,0,1,1,6,2,29,6,1364,1,8,-1,1,-1
2015075353708,2,9,0,4,0,0,0,0,0,0,2,1,2,1,34,6,1968,2,-1,-1,1,-1
2015075353773,1,9,0,18,0,0,1,0,0,0,1,1,1,1,-1,-1,2993,2,1,-1,-1,-1
2015075353773,2,9,0,3,0,0,0,0,0,0,2,1,3,2,43,7,1596,1,8,-1,1,-1
2015075353795,1,9,0,18,0,0,0,0,7,10,1,1,6,1,-1,-1,-1,-1,-1,-1,1,-1
2015075354054,1,9,0,7,9,0,0,0,0,0,0,1,6,2,61,9,1364,1,10,-1,1,-1
2015075354054,2,1,0,18,9,0,0,0,0,0,0,1,1,1,35,6,-1,-1,-1,-1,1,-1
2015075354158,1,9,0,17,0,0,0,0,1,11,1,1,6,1,24,5,1389,1,17,-1,1,-1
2015075354158,2,19,0,17,0,0,0,0,0,0,0,1,1,1,27,6,2198,2,6,-1,1,-1
2015075354235,1,9,0,17,0,0,0,10,1,0,1,1,2,2,28,6,1582,2,9,-1,1,-1
2015075354424,1,9,0,5,0,7,0,0,0,0,1,1,6,1,23,5,1956,2,3,-1,1,-1
2015075354424,2,21,1,18,0,8,0,0,0,0,4,1,1,1,39,7,-1,-1,-1,-1,-1,-1
2015075354768,1,19,0,18,0,1,0,0,0,0,1,1,1,1,29,6,2151,2,13,-1,1,-1
2015075354850,1,3,0,18,0,0,1,0,0,0,0,1,2,2,20,4,125,1,1,-1,1,-1
2015075354865,1,9,0,18,0,0,1,0,0,0,1,1,1,1,54,8,1995,2,-1,-1,1,-1