Accident_Index,Vehicle_Reference,Vehicle_Type,Towing_and_Articulation,Vehicle_Manoeuvre,Vehicle_Location-Restricted_Lane,Junction_Location,Skidding_and_Overturning,Hit_Object_in_Carriageway,Vehicle_Leaving_Carriageway,Hit_Object_off_Carriageway,1st_Point_of_Impact,Was_Vehicle_Left_Hand_Drive?,Journey_Purpose_of_Driver,Sex_of_Driver,Age_of_Driver,Age_Band_of_Driver,Engine_Capacity_(CC),Propulsion_Code,Age_of_Vehicle,Driver_IMD_Decile,Driver_Home_Area_Type,Vehicle_IMD_Decile
2015075354865,2,9,0,4,0,0,0,0,5,0,2,1,6,2,27,6,998,1,1,-1,1,-1
2015075354865,3,9,0,3,0,0,0,0,0,0,2,1,1,1,30,6,1997,2,3,-1,1,-1
2015075354906,1,9,0,16,0,0,1,0,0,0,1,1,6,1,32,6,1796,1,12,-1,1,-1
2015075354906,2,9,0,18,0,0,0,0,0,0,1,1,2,1,47,8,1587,1,12,-1,1,-1
2015075354930,1,9,0,18,0,0,0,0,0,0,1,1,1,1,36,7,1493,1,16,-1,1,-1
2015075354930,2,9,0,18,0,0,0,0,0,0,2,1,1,2,32,6,1560,2,7,-1,1,-1
2015075355232,1,9,0,18,0,4,0,0,0,0,4,1,6,1,33,6,1598,1,6,-1,1,-1
2015075355232,2,1,0,18,0,8,5,0,0,0,1,1,2,2,54,8,-1,-1,-1,-1,1,-1
2015075355343,1,9,0,17,0,0,0,0,7,10,1,1,2,1,21,5,998,1,3,-1,3,-1
2015075355476,1,9,0,18,0,0,0,4,0,0,1,1,2,1,26,6,998,1,14,-1,1,-1
2015075355476,2,9,0,2,0,0,0,4,0,0,2,1,6,3,-1,-1,1560,2,6,-1,-1,-1
2015075355476,3,9,0,2,0,0,0,0,0,0,2,1,6,3,-1,-1,1998,2,10,-1,-1,-1
2015075355675,1,9,0,9,0,6,0,0,0,0,0,1,6,1,49,8,796,1,14,-1,1,-1
2015075355722,1,9,0,16,0,0,1,0,1,4,1,1,6,1,29,6,1596,1,5,-1,2,-1
2015075355757,1,9,0,18,0,0,0,0,1,11,1,1,6,2,25,5,1388,1,12,-1,1,-1
2015075355924,1,2,0,3,0,0,1,0,0,0,0,1,1,1,22,5,49,1,3,-1,1,-1
2015075355924,2,9,0,12,0,0,0,0,0,0,0,1,6,3,-1,-1,-1,-1,-1,-1,-1,-1
2015075355943,1,3,0,11,0,3,0,0,0,0,0,1,1,1,25,5,108,1,1,-1,1,-1
2015075356085,1,2,0,9,0,0,1,0,0,0,0,1,1,1,19,4,49,1,3,-1,1,-1
2015075356536,1,9,0,18,0,0,0,0,7,4,4,1,6,1,28,6,998,1,8,-1,-1,-1
2015075356743,1,9,0,9,0,2,0,0,0,0,1,1,6,1,31,6,1299,1,12,-1,1,-1
2015075356743,2,9,0,18,0,1,0,0,0,0,4,1,6,2,38,7,1390,1,13,-1,1,-1
2015075357386,1,9,0,7,0,8,0,0,0,0,3,1,6,2,24,5,1368,1,5,-1,1,-1
2015075357386,2,1,0,18,0,1,0,0,0,0,1,1,2,1,42,7,-1,-1,-1,-1,1,-1
2015075357390,1,9,0,18,0,1,0,0,0,0,3,1,6,3,-1,-1,-1,-1,-1,-1,-1,-1
2015075357405,1,9,0,9,0,5,0,0,0,0,1,1,2,1,18,4,1149,1,14,-1,1,-1
2015075357405,2,1,0,14,0,1,0,0,0,0,3,1,2,1,36,7,-1,-1,-1,-1,1,-1
2015075357428,1,9,0,18,0,0,0,0,0,0,2,1,2,1,28,6,1968,2,2,-1,1,-1
2015075357428,2,9,0,18,0,0,1,0,0,0,1,1,2,2,49,8,1339,8,7,-1,1,-1
2015075357727,1,2,0,4,0,0,1,0,0,0,1,1,2,1,18,4,124,1,7,-1,1,-1
2015075357727,2,9,0,9,0,0,0,0,0,0,2,1,6,2,-1,-1,1560,2,8,-1,1,-1
2015075357976,1,9,0,7,9,1,0,0,1,1,1,1,6,2,90,11,1275,1,16,-1,1,-1
2015075358282,1,9,0,18,0,8,1,0,7,4,1,2,6,1,25,5,-1,-1,-1,-1,1,-1
2015075358282,2,9,0,9,0,6,0,0,0,0,1,1,6,1,32,6,1364,1,11,-1,1,-1
2015075358330,1,9,0,18,0,0,1,0,1,2,1,1,6,1,20,4,1798,1,4,-1,1,-1
2015075358486,1,9,0,18,0,0,2,0,7,2,1,1,2,1,40,7,1796,1,12,-1,1,-1
2015075358517,1,19,0,18,0,4,0,0,0,0,3,1,1,1,46,8,1461,2,2,-1,1,-1
2015075358517,2,1,0,18,0,8,0,0,0,0,1,1,2,2,52,8,-1,-1,-1,-1,1,-1
2015075358669,1,3,0,18,0,3,0,0,0,0,4,1,6,1,17,4,125,1,-1,-1,3,-1
2015075358669,2,9,0,18,0,4,0,0,0,0,1,1,6,2,65,9,998,1,6,-1,1,-1
2015075358738,1,9,0,1,0,4,0,0,0,0,2,1,6,2,70,10,1390,1,11,-1,1,-1
2015075358738,2,9,0,3,0,1,0,0,0,0,1,1,1,2,35,6,1598,1,5,-1,2,-1
2015075358930,1,9,0,5,0,1,0,0,0,0,3,1,6,1,-1,-1,1395,1,1,-1,1,-1
2015075358930,2,9,0,18,0,1,0,0,0,0,1,1,6,2,30,6,996,1,3,-1,1,-1
2015075359117,1,9,0,18,0,0,0,0,0,0,1,1,2,1,22,5,1461,2,2,-1,1,-1
2015075359117,2,21,4,18,0,0,0,0,0,0,3,1,1,1,56,9,12419,2,2,-1,2,-1
2015075359245,1,9,0,4,0,0,0,0,0,0,1,1,6,1,29,6,1461,2,3,-1,1,-1
2015075359245,2,9,0,4,0,0,0,0,0,0,2,1,1,2,27,6,1596,1,3,-1,1,-1
2015075359270,1,9,0,18,0,0,0,0,0,0,1,1,6,1,-1,-1,-1,-1,-1,-1,-1,-1
2015075359479,1,19,0,18,0,0,0,4,7,0,1,1,1,1,25,5,1499,2,2,-1,1,-1
2015075359479,2,9,0,2,0,0,0,0,1,0,1,1,6,1,-1,-1,1461,2,10,-1,-1,-1
2015075359945,1,9,0,18,0,2,0,0,0,0,1,1,6,1,85,11,1296,1,7,-1,1,-1
2015075360138,1,9,0,18,0,8,0,0,0,0,3,1,6,2,51,8,1560,2,-1,-1,1,-1
2015075360138,2,9,0,18,0,8,0,0,7,0,4,1,2,2,54,8,1364,1,9,-1,1,-1
2015075360139,1,9,0,18,0,0,1,0,0,0,1,1,6,1,19,4,1395,1,-1,-1,1,-1
2015075360139,2,9,0,4,0,0,0,0,0,0,2,1,6,1,28,6,1896,2,9,-1,1,-1
2015075360205,1,9,0,18,0,1,0,0,0,0,3,1,6,1,68,10,1984,2,3,-1,2,-1
2015075360205,2,8,0,10,0,1,0,0,0,0,3,1,1,2,31,6,1998,2,10,-1,1,-1
2015075360336,1,9,0,13,0,0,1,0,1,0,1,1,6,1,34,6,1590,1,11,-1,2,-1
2015075360336,2,9,0,18,0,0,0,0,1,7,1,1,6,2,57,9,1796,1,9,-1,1,-1
2015075360638,1,9,0,18,0,0,0,0,0,0,1,1,1,1,49,8,1422,2,7,-1,2,-1
2015075361073,1,9,0,16,0,0,0,0,0,0,1,1,6,1,17,4,1199,1,12,-1,-1,-1
2015075361073,2,19,0,17,0,0,0,0,0,0,1,1,6,1,34,6,2148,2,7,-1,-1,-1
2015075361074,1,19,0,1,0,0,0,0,0,0,2,1,6,1,-1,-1,2461,2,10,-1,1,-1
2015075361074,2,9,0,18,0,0,0,0,0,0,1,1,6,2,31,6,2143,2,-1,-1,1,-1
2015075361281,1,9,0,18,0,0,0,0,0,0,1,1,6,1,37,7,1461,2,1,-1,3,-1
2015075361311,1,9,0,18,0,0,0,0,0,0,4,1,6,3,-1,-1,-1,-1,-1,-1,-1,-1
2015075361336,1,9,0,4,0,2,0,0,0,0,1,1,2,2,49,8,1994,1,11,-1,1,-1
2015075361336,2,9,0,4,0,2,0,0,0,0,2,1,6,1,73,10,1968,2,3,-1,3,-1
2015075361435,1,9,0,18,0,4,0,0,0,0,1,1,6,1,27,6,-1,-1,-1,-1,1,-1
2015075361435,2,1,0,9,0,4,0,0,0,0,4,1,1,1,29,6,-1,-1,-1,-1,1,-1
2015075361455,1,9,0,18,0,0,0,0,0,0,1,1,6,2,51,8,1461,2,1,-1,1,-1
2015075361466,1,1,0,18,0,8,0,0,0,0,4,1,2,1,24,5,-1,-1,-1,-1,1,-1
2015075361466,2,9,0,5,0,8,0,0,0,0,3,1,6,1,62,9,1461,2,4,-1,1,-1
2015075361493,1,9,0,18,0,8,0,0,0,0,1,1,6,2,-1,-1,-1,-1,-1,-1,-1,-1
2015075361777,1,9,0,9,0,8,0,0,0,0,4,1,2,2,33,6,1598,1,6,-1,1,-1
2015075361777,2,5,0,18,0,8,0,0,0,0,1,1,2,1,50,8,600,1,17,-1,1,-1
2015075361867,1,9,0,18,0,0,0,0,0,0,1,1,1,2,61,9,1242,1,12,-1,2,-1
2015075361875,1,19,0,18,0,3,0,0,0,0,0,1,6,3,-1,-1,-1,-1,-1,-1,-1,-1
2015075361875,2,9,0,18,0,3,0,10,6,2,1,1,6,1,44,7,1598,2,3,-1,1,-1
2015075361875,3,9,0,18,0,1,0,0,0,0,1,1,6,2,44,7,1999,1,7,-1,1,-1
2015075361905,1,9,0,7,0,0,0,0,0,0,4,1,6,1,64,9,2231,2,2,-1,1,-1
2015075361905,2,22,0,3,9,0,0,0,0,0,3,1,6,1,84,11,-1,-1,-1,-1,1,-1
2015075361909,1,9,0,10,0,0,0,0,0,0,2,1,2,1,36,7,2597,1,11,-1,2,-1
2015075361909,2,19,0,18,0,0,1,0,1,0,1,1,1,1,-1,-1,2287,2,4,-1,1,-1
2015075361931,1,9,0,11,0,0,0,0,1,7,4,1,6,1,36,7,1388,1,12,-1,1,-1
2015075361931,2,21,1,18,0,0,0,0,0,0,3,2,1,1,-1,-1,-1,-1,-1,-1,-1,-1
2015075362370,1,9,0,14,0,0,0,0,0,0,4,1,6,1,89,11,1796,1,8,-1,1,-1
2015075362370,2,9,0,2,0,0,0,0,0,0,3,1,3,2,38,7,1390,1,15,-1,1,-1
2015075362657,1,9,0,5,0,2,0,0,0,0,0,1,6,1,-1,-1,-1,-1,-1,-1,-1,-1
2015075362719,1,9,0,18,0,8,0,0,7,0,4,1,2,2,28,6,1242,1,9,-1,1,-1
2015075362719,2,9,0,18,0,8,0,0,0,0,1,1,2,1,34,6,1598,1,11,-1,1,-1
2015075363336,1,9,4,18,0,2,0,0,0,0,1,1,6,1,-1,-1,2993,2,6,-1,-1,-1
2015075363336,2,9,0,3,0,2,0,0,0,0,2,1,6,2,65,9,1198,1,7,-1,1,-1
2015075363482,1,9,0,9,0,8,0,0,0,0,1,1,6,1,67,10,1991,2,9,-1,1,-1
2015075363482,2,9,0,18,0,8,1,0,0,0,1,1,6,1,21,5,1198,1,10,-1,1,-1
2015075363482,3,9,0,18,0,8,0,0,0,0,3,1,6,2,45,7,1968,2,1,-1,2,-1
2015075363485,1,9,0,4,0,1,0,0,0,0,1,1,6,1,-1,-1,-1,-1,-1,-1,-1,-1
2015075363485,2,9,0,3,0,1,0,0,0,0,2,1,1,2,19,4,998,1,4,-1,1,-1
2015075363721,1,19,0,11,0,0,2,0,0,0,4,1,1,1,49,8,2143,2,1,-1,1,-1
2015075363721,2,9,0,18,0,0,0,0,0,0,3,1,6,1,43,7,1984,1,16,-1,1,-1
2015075363954,1,9,0,18,0,0,0,0,0,0,1,1,6,1,63,9,1598,1,1,-1,2,-1
2015075364639,1,5,0,18,0,0,0,0,0,0,1,1,6,1,27,6,599,1,9,-1,1,-1
2015075364647,1,9,0,18,0,0,0,12,0,0,1,1,6,1,22,5,2792,1,18,-1,3,-1
2015075364652,1,9,0,5,0,1,0,0,0,0,2,1,6,2,47,8,1598,1,7,-1,2,-1
2015075364652,2,9,0,18,0,1,0,0,0,0,1,1,6,3,-1,-1,-1,-1,-1,-1,-1,-1
2015075364790,1,9,0,18,9,4,0,0,0,0,0,1,6,3,-1,-1,-1,-1,-1,-1,-1,-1
2015075365030,1,3,0,18,0,8,1,0,0,0,1,1,1,1,28,6,124,1,1,-1,3,-1
2015075365030,2,9,0,18,0,8,0,0,0,0,4,1,1,2,46,8,2179,2,1,-1,1,-1
2015075365167,1,9,0,18,0,0,0,0,0,0,4,1,6,3,-1,-1,-1,-1,-1,-1,-1,-1
2015075365167,2,9,0,4,0,0,0,0,0,0,2,1,6,1,47,8,1896,2,11,-1,1,-1
2015075365167,3,9,0,4,0,0,0,0,0,0,2,1,1,1,53,8,2143,2,5,-1,1,-1
2015075365167,4,9,0,4,0,0,0,0,4,6,1,1,1,2,42,7,1995,2,1,-1,1,-1
2015075365167,5,9,0,18,0,0,1,0,0,0,1,1,1,1,52,8,1797,8,1,-1,1,-1
2015075365167,6,9,0,18,0,0,0,0,0,0,3,1,1,1,59,9,1197,1,-1,-1,1,-1
2015075365167,7,9,0,18,0,0,0,0,0,0,2,1,6,1,65,9,1248,2,6,-1,1,-1
2015075365167,8,19,0,18,0,0,0,0,0,0,1,1,1,1,33,6,1998,2,9,-1,1,-1
2015075365433,1,9,0,1,9,1,0,0,0,0,2,1,3,1,40,7,1998,1,10,-1,1,-1
2015075365837,1,9,0,9,0,6,0,0,3,10,3,1,6,1,72,10,1598,1,4,-1,2,-1
2015075365837,2,9,0,18,0,1,0,0,0,0,3,1,6,1,52,8,998,1,2,-1,1,-1
2015075366685,1,9,0,18,0,0,0,0,0,0,3,1,6,2,50,8,1598,1,10,-1,1,-1
2015075366685,2,3,0,14,0,0,0,0,0,0,3,1,6,1,59,9,124,1,8,-1,1,-1
2015075366873,1,9,0,16,0,0,0,0,0,0,1,1,6,1,83,11,1598,1,8,-1,2,-1
2015075366873,2,9,0,17,0,0,0,0,0,0,1,1,6,1,46,8,1997,2,14,-1,1,-1
2015075366917,1,90,0,18,0,3,0,0,0,0,4,1,2,1,31,6,493,1,4,-1,1,-1
2015075366934,1,1,0,18,0,8,0,0,0,0,0,1,6,3,-1,-1,-1,-1,-1,-1,-1,-1
2015075366934,2,9,0,18,0,8,1,0,8,4,1,1,1,2,20,4,1598,1,8,-1,3,-1
2015075367001,1,9,0,9,0,5,1,0,0,0,1,1,6,1,33,6,1956,2,4,-1,1,-1
2015075367001,2,9,0,18,0,8,1,0,0,0,1,1,6,1,20,4,1390,1,10,-1,1,-1
2015075367122,1,19,0,6,0,0,0,0,0,0,3,1,1,1,58,9,1598,2,-1,-1,1,-1
2015075367122,2,5,0,18,0,0,0,0,0,0,1,1,6,2,34,6,656,1,10,-1,1,-1
2015075367364,1,9,0,18,0,1,0,0,0,0,4,1,1,1,59,9,2993,2,-1,-1,1,-1
2015075367364,2,1,0,18,0,1,0,0,0,0,3,1,1,1,22,5,-1,-1,-1,-1,1,-1
2015075367654,1,3,0,13,0,0,0,0,0,0,4,1,2,1,24,5,124,1,-1,-1,1,-1
2015075367654,2,9,0,9,0,0,0,0,0,0,3,1,2,2,47,8,1995,2,5,-1,1,-1
2015075367956,1,19,0,18,0,1,0,0,0,0,1,1,1,1,54,8,2198,2,7,-1,1,-1
2015075367956,2,9,0,18,0,1,0,0,0,0,2,1,1,2,24,5,1461,2,1,-1,1,-1
2015075368014,1,9,0,9,0,1,0,0,0,0,1,1,2,2,20,4,1149,1,14,-1,3,-1
2015075368014,2,9,0,18,0,1,0,0,0,0,1,1,6,2,47,8,1242,1,9,-1,1,-1
2015075368075,1,9,0,18,0,8,0,0,0,0,1,1,6,2,45,7,1399,2,5,-1,1,-1
2015075368075,2,19,0,18,0,8,0,0,0,0,2,1,1,1,45,7,2148,2,7,-1,1,-1
2015075368206,1,9,0,18,0,6,0,0,0,11,3,1,6,1,18,4,1388,1,7,-1,3,-1
2015075368206,2,9,0,18,0,8,0,0,0,0,1,1,6,1,29,6,-1,-1,-1,-1,3,-1
2015075368481,1,9,0,9,0,8,0,0,0,0,3,1,1,2,50,8,1686,2,8,-1,1,-1
2015075368488,1,9,0,7,0,4,0,0,0,0,1,1,2,2,27,6,1399,2,9,-1,-1,-1
2015075368488,2,3,0,9,0,3,5,0,0,0,1,1,2,1,25,5,124,1,4,-1,-1,-1
2015075368513,1,21,0,18,0,0,0,0,0,0,4,1,1,1,49,8,12900,2,3,-1,-1,-1
2015075368592,1,9,0,18,0,0,0,0,0,0,1,1,6,2,18,4,1299,1,13,-1,1,-1
2015075368592,2,17,0,18,0,0,0,0,0,0,2,1,1,1,33,6,1826,2,7,-1,1,-1
2015075368842,1,9,0,5,0,2,0,0,0,0,1,1,6,1,28,6,1560,2,1,-1,3,-1
2015075368842,2,19,0,13,0,1,0,0,0,0,1,1,1,1,62,9,1995,2,3,-1,1,-1
2015075368907,1,9,0,9,0,6,0,0,0,0,3,1,6,1,42,7,1599,1,11,-1,1,-1
2015075368907,2,9,0,18,0,1,0,0,0,0,1,1,3,2,43,7,1796,1,8,-1,1,-1
2015075368953,1,19,0,18,0,1,0,0,0,0,1,1,1,1,-1,-1,1753,2,9,-1,-1,-1
2015075368953,2,9,0,5,0,4,0,0,0,0,2,1,6,1,32,6,1199,1,13,-1,1,-1
2015075368992,1,9,0,18,0,1,0,0,0,0,1,1,6,1,-1,-1,-1,-1,-1,-1,-1,-1
2015075369084,1,9,0,18,0,1,0,0,0,0,1,1,2,1,21,5,1968,2,1,-1,1,-1
2015075369084,2,9,0,18,0,1,0,0,0,0,3,1,2,1,31,6,1560,2,9,-1,3,-1
2015075369084,3,9,0,18,0,1,0,0,0,0,1,1,3,2,60,9,1389,1,11,-1,3,-1
2015075369084,4,9,0,18,0,1,0,0,0,0,2,1,2,1,42,7,1896,2,15,-1,3,-1
2015075369112,1,20,1,12,0,0,0,0,0,0,1,2,1,1,33,6,-1,-1,-1,-1,-1,-1
2015075369112,2,9,0,13,0,0,0,0,4,6,2,1,6,2,70,10,1598,1,8,-1,1,-1
2015075369123,1,9,0,18,0,2,0,0,0,0,1,1,3,2,45,7,1591,1,1,-1,2,-1
2015075369196,1,9,0,17,0,0,1,0,0,4,1,1,1,1,32,6,-1,-1,-1,-1,-1,-1
2015075369270,1,9,0,3,0,0,0,0,0,0,1,1,6,2,57,9,1686,2,12,-1,1,-1
2015075369270,2,9,0,3,0,0,0,0,0,0,2,1,6,2,29,6,1461,2,2,-1,3,-1
2015075369270,3,9,0,3,0,0,0,0,0,0,2,1,6,1,32,6,1598,1,7,-1,1,-1
2015075369270,4,9,0,18,0,0,0,0,0,0,2,1,1,1,39,7,1499,2,2,-1,1,-1
2015075369408,1,9,0,9,0,0,0,0,1,11,1,1,6,1,30,6,1560,2,1,-1,1,-1
2015075369503,1,9,0,18,0,0,2,10,7,1,3,1,6,1,37,7,1896,2,8,-1,1,-1
2015075369503,2,19,0,13,0,0,0,0,0,0,4,1,6,1,41,7,1968,2,-1,-1,1,-1
2015075369528,1,9,0,18,0,0,0,10,7,11,1,1,2,1,25,5,1997,1,14,-1,1,-1
2015075369747,1,5,0,18,0,8,0,0,0,0,1,1,6,1,73,10,599,1,5,-1,1,-1
2015075369747,2,20,1,18,0,8,0,0,0,0,4,1,6,3,-1,-1,-1,-1,-1,-1,-1,-1
2015075370174,1,5,0,13,0,8,0,0,0,0,1,1,6,1,23,5,645,1,12,-1,1,-1
2015075370174,2,9,0,9,0,8,0,0,0,0,3,1,6,2,48,8,1242,1,5,-1,1,-1
2015075370187,1,9,0,18,0,0,0,0,0,0,3,1,6,2,56,9,1242,1,2,-1,1,-1
2015075370223,1,19,0,6,0,6,0,0,0,0,3,1,1,1,42,7,1968,2,1,-1,1,-1
2015075370223,2,9,0,18,0,1,0,0,0,0,1,1,2,2,32,6,2000,1,21,-1,1,-1
2015075370779,1,9,0,6,0,0,0,0,0,0,3,1,6,1,41,7,1968,2,7,-1,3,-1
2015075370779,2,9,0,18,0,0,0,0,0,0,1,1,1,1,45,7,1499,2,-1,-1,1,-1
2015075371297,1,9,0,16,0,0,1,0,7,7,1,1,6,2,42,7,1149,1,14,-1,1,-1
2015075371336,1,9,0,18,0,1,0,0,0,0,1,1,2,1,65,9,-1,-1,-1,-1,1,-1
2015075371336,2,9,0,9,0,6,0,0,0,0,3,1,6,2,26,6,1299,1,11,-1,1,-1
2015075371344,1,11,0,18,2,0,0,0,0,0,1,1,1,1,56,9,3900,2,9,-1,1,-1
2015075371396,1,9,0,18,0,4,0,0,0,0,1,1,6,2,28,6,1496,1,-1,-1,1,-1
2015075371396,2,9,0,3,0,4,0,0,0,0,2,1,6,1,68,10,1997,2,6,-1,1,-1
2015075371525,1,9,0,9,0,6,0,10,0,0,4,1,6,1,30,6,1753,2,8,-1,1,-1
2015075372061,1,9,0,18,0,8,0,0,0,0,1,1,6,2,42,7,1796,1,1,-1,1,-1
2015075372061,2,9,0,18,0,8,0,0,0,11,2,1,6,1,44,7,3456,8,5,-1,2,-1
2015075372264,1,9,0,4,0,0,0,0,0,0,1,1,6,2,69,10,2000,2,6,-1,1,-1
2015075372264,2,9,0,3,0,0,0,0,0,0,2,1,6,2,26,6,1120,2,3,-1,1,-1
2015075372617,1,5,0,18,0,1,2,0,0,0,3,1,1,1,33,6,745,1,7,-1,1,-1
2015075372840,1,9,0,11,0,0,0,0,0,0,1,1,6,1,29,6,1248,2,6,-1,1,-1
2015075372918,1,21,1,4,0,8,1,0,0,0,1,1,1,1,27,6,12777,2,7,-1,1,-1
2015075372918,2,9,0,18,0,8,0,0,1,4,3,1,2,1,59,9,1686,2,12,-1,3,-1
2015075372918,3,9,0,18,0,8,0,0,1,4,1,1,6,1,37,7,1598,1,2,-1,1,-1
2015075373222,1,8,0,13,0,1,0,10,0,0,4,1,1,1,46,8,1598,2,6,-1,1,-1
2015075373222,2,1,0,18,4,1,0,0,0,0,3,1,2,1,56,9,-1,-1,-1,-1,1,-1
2015075373291,1,11,0,18,3,0,0,0,0,0,1,1,1,1,47,8,-1,-1,-1,-1,1,-1
2015075373370,1,9,0,18,0,8,0,0,0,0,1,1,6,1,35,6,1360,1,10,-1,1,-1
2015075373370,2,9,0,9,0,6,0,0,0,0,3,1,6,1,73,10,1796,1,7,-1,1,-1
2015075374146,1,9,0,5,9,0,0,0,0,0,1,1,6,3,-1,-1,-1,-1,-1,-1,-1,-1
2015075374153,1,1,0,18,0,0,0,0,0,0,1,1,2,1,27,6,-1,-1,-1,-1,1,-1
2015075374153,2,9,0,17,0,0,0,0,0,0,3,1,1,1,34,6,1686,2,2,-1,1,-1
2015075374173,1,1,0,18,9,1,0,0,0,0,0,1,6,1,53,8,-1,-1,-1,-1,1,-1
2015075374220,1,9,0,18,0,0,0,0,0,0,1,1,6,1,48,8,1994,2,12,-1,1,-1
2015075374256,1,19,0,18,0,0,0,0,0,0,4,1,6,1,-1,-1,1995,2,5,-1,-1,-1
2015075374264,1,9,0,6,0,0,0,0,0,0,1,1,2,2,52,8,1197,1,4,-1,1,-1
2015075374264,2,9,0,18,0,0,0,0,0,0,4,1,2,2,39,7,2148,2,9,-1,1,-1
2015075374282,1,5,0,18,0,1,0,0,0,0,0,1,2,1,35,6,599,1,15,-1,1,-1
2015075374282,2,9,0,5,0,1,0,0,0,0,0,1,2,1,23,5,1398,1,-1,-1,2,-1
2015075374298,1,9,0,18,0,1,0,0,0,0,1,1,6,1,33,6,1596,1,13,-1,1,-1
2015075374298,2,9,0,7,0,1,0,0,0,0,1,1,6,1,18,4,998,1,12,-1,1,-1
2015075374698,1,9,0,18,0,1,0,0,0,0,1,1,1,2,44,7,1600,1,16,-1,1,-1
2015075374698,2,19,0,10,0,1,0,0,0,0,1,1,1,1,35,6,1997,2,13,-1,1,-1
2015075375019,1,9,0,9,0,1,0,0,0,0,1,1,6,2,27,6,1999,1,7,-1,3,-1
2015075375019,2,98,0,18,0,8,5,0,0,0,4,1,6,1,59,9,1868,2,12,-1,2,-1
2015075375106,1,9,0,11,0,0,0,0,0,0,1,1,6,1,33,6,-1,-1,-1,-1,1,-1
2015075375106,2,21,1,18,0,0,0,0,0,0,2,1,1,1,50,8,-1,-1,-1,-1,1,-1
2015075375193,1,9,0,18,0,1,0,0,0,0,4,1,2,2,42,7,1968,2,-1,-1,1,-1
2015075375232,1,9,0,18,0,0,0,0,7,10,1,1,6,2,22,5,1198,1,9,-1,3,-1
2015075375232,2,9,0,18,0,0,0,0,0,0,1,1,6,1,70,10,1240,1,6,-1,1,-1
2015075375263,1,9,0,9,0,8,0,0,0,0,4,1,2,2,41,7,998,1,3,-1,3,-1
2015075375263,2,1,0,18,0,8,0,0,0,0,3,1,2,1,53,8,-1,-1,-1,-1,1,-1
2015075375266,1,9,0,18,0,0,0,0,0,0,1,1,6,1,87,11,1248,2,1,-1,1,-1
2015075375266,2,9,0,3,0,0,0,0,0,0,2,1,1,2,56,9,1560,2,3,-1,3,-1
2015075375266,3,9,0,3,0,0,0,0,0,0,2,1,1,1,54,8,1995,2,5,-1,1,-1
2015075375354,1,9,0,9,0,6,0,0,0,0,1,1,2,2,66,10,1388,1,11,-1,1,-1
2015075375356,1,9,0,18,0,0,0,0,0,0,1,1,6,1,20,4,1328,1,5,-1,1,-1
2015075375356,2,9,0,18,0,0,0,0,0,0,2,1,6,2,33,6,998,1,5,-1,2,-1
2015075375500,1,3,0,18,0,4,0,10,0,0,1,1,6,1,18,4,124,1,7,-1,1,-1
2015075375765,1,19,0,18,0,0,0,0,0,0,1,1,2,1,41,7,1461,2,7,-1,1,-1
2015075375765,2,21,1,3,0,0,0,0,0,0,2,1,1,1,48,8,12777,2,2,-1,-1,-1
2015075376052,1,9,0,9,0,8,0,0,0,0,1,1,6,2,33,6,1796,2,1,-1,1,-1
2015075376052,2,2,0,18,0,8,0,0,0,0,3,1,4,1,16,4,50,1,3,-1,2,-1
2015075376146,1,19,0,5,0,8,0,0,0,0,4,1,1,1,33,6,2402,2,8,-1,1,-1
2015075376146,2,9,0,18,0,8,0,0,0,0,1,1,6,2,18,4,1124,1,12,-1,1,-1
2015075376280,1,9,0,3,0,0,0,0,0,0,2,1,6,1,57,9,1968,2,7,-1,1,-1
2015075376280,2,9,0,3,0,0,0,0,0,0,2,1,6,1,24,5,1896,2,10,-1,1,-1
2015075376280,3,9,0,3,0,0,0,0,0,0,2,1,6,2,62,9,1968,2,2,-1,3,-1
2015075376280,4,9,0,3,0,0,0,0,0,0,2,1,6,2,78,11,1461,2,6,-1,-1,-1
2015075376280,5,19,0,4,0,0,1,0,0,0,1,1,1,1,24,5,1998,2,12,-1,1,-1
2015075376372,1,9,0,18,0,0,1,0,0,0,1,1,6,1,18,4,1124,1,13,-1,1,-1
2015075376372,2,9,0,18,0,0,0,0,0,0,1,1,6,1,47,8,2231,2,4,-1,1,-1
2015075376421,1,9,0,4,0,0,0,0,0,0,1,1,6,2,71,10,1999,1,8,-1,1,-1
2015075376421,2,9,0,3,0,0,0,0,0,0,2,1,6,1,32,6,1598,1,4,-1,1,-1
2015075376785,1,9,0,18,0,0,1,10,8,11,1,1,6,1,25,5,1596,1,15,-1,1,-1
2015075377051,1,9,0,18,0,1,0,0,0,0,1,1,6,2,48,8,1598,1,7,-1,1,-1
2015075377051,2,9,0,3,0,1,0,0,0,0,2,1,6,1,37,7,1299,1,13,-1,1,-1
2015075377074,1,9,0,18,0,8,0,0,0,0,1,1,6,2,25,5,1798,1,12,-1,1,-1
2015075377074,2,19,0,5,0,8,0,0,0,0,3,1,2,1,80,11,2179,2,10,-1,3,-1