Accident_Index,Vehicle_Reference,Vehicle_Type,Towing_and_Articulation,Vehicle_Manoeuvre,Vehicle_Location-Restricted_Lane,Junction_Location,Skidding_and_Overturning,Hit_Object_in_Carriageway,Vehicle_Leaving_Carriageway,Hit_Object_off_Carriageway,1st_Point_of_Impact,Was_Vehicle_Left_Hand_Drive?,Journey_Purpose_of_Driver,Sex_of_Driver,Age_of_Driver,Age_Band_of_Driver,Engine_Capacity_(CC),Propulsion_Code,Age_of_Vehicle,Driver_IMD_Decile,Driver_Home_Area_Type,Vehicle_IMD_Decile
2015100055115,1,9,0,18,0,0,2,0,7,4,1,1,6,1,25,5,998,1,1,-1,1,-1
2015100055215,1,11,0,4,0,1,0,0,0,0,0,1,1,1,45,7,4250,2,3,-1,-1,-1
2015100055315,1,21,1,18,0,0,3,0,8,7,4,1,1,1,50,8,12777,2,4,-1,1,-1
2015100055415,1,9,0,5,0,4,0,0,0,0,1,1,1,1,56,9,1956,2,5,-1,1,-1
2015100055415,2,1,0,9,0,8,0,0,0,0,4,1,6,1,52,8,-1,-1,-1,-1,1,-1
2015100055515,1,9,0,16,0,0,0,0,0,0,1,1,6,2,53,8,1799,1,8,-1,1,-1
2015100055515,2,9,0,3,0,0,0,0,0,0,2,1,6,2,62,9,1198,1,1,-1,1,-1
2015100055715,1,9,0,18,0,1,0,0,0,0,1,1,6,1,19,4,1149,1,11,-1,1,-1
2015100055715,2,9,0,3,0,1,0,0,0,0,2,1,6,2,34,6,1984,1,9,-1,2,-1
2015100055715,3,9,0,3,0,1,0,0,0,0,2,1,6,1,44,7,1998,1,5,-1,-1,-1
2015100055815,1,9,0,6,0,0,0,0,0,0,0,1,1,1,27,6,1248,2,9,-1,1,-1
2015100055815,2,3,0,18,0,0,1,0,0,0,1,1,6,1,29,6,125,1,8,-1,-1,-1
2015100055915,1,9,0,18,0,1,0,0,0,0,1,1,2,1,49,8,-1,-1,-1,-1,3,-1
2015100055915,2,9,0,4,0,1,0,0,0,0,2,1,6,2,54,8,1390,1,5,-1,2,-1
2015100055915,3,9,0,18,0,1,0,0,5,6,4,1,6,2,55,8,1397,1,5,-1,1,-1
2015100056015,1,8,0,18,0,0,0,0,0,0,1,1,1,1,52,8,1968,2,4,-1,1,-1
2015100056015,2,9,0,4,0,0,0,0,0,0,2,1,2,1,39,7,1753,2,8,-1,-1,-1
2015100056215,1,9,0,17,0,0,0,0,7,0,4,1,1,1,46,8,1587,1,13,-1,2,-1
2015100056215,2,9,0,16,0,0,0,0,0,0,1,1,6,2,54,8,1596,1,1,-1,1,-1
2015100056315,1,3,0,18,0,4,1,0,0,0,3,1,6,1,45,7,125,1,11,-1,1,-1
2015100056415,1,9,0,4,0,0,0,0,0,0,1,1,6,2,42,7,1248,2,5,-1,-1,-1
2015100056415,2,9,0,3,0,0,0,0,0,0,2,1,6,2,48,8,1995,2,1,-1,3,-1
2015100056415,3,9,0,3,0,0,0,0,0,0,3,1,6,1,71,10,1560,2,9,-1,1,-1
2015100057015,1,9,0,9,0,5,0,0,0,0,1,1,2,2,28,6,1390,1,9,-1,1,-1
2015100057015,2,9,0,16,0,8,0,0,0,0,1,1,2,1,47,8,1386,1,7,-1,1,-1
2015100057215,1,9,0,9,0,6,0,0,0,0,1,1,6,1,27,6,1995,2,4,-1,1,-1
2015100057215,2,9,0,18,0,8,0,0,0,0,3,1,2,1,33,6,1368,1,8,-1,1,-1
2015100057215,3,9,0,18,0,1,0,0,0,0,3,1,6,1,20,4,1895,1,14,-1,1,-1
2015100057415,1,9,0,18,2,8,0,0,0,0,3,1,6,1,25,5,1596,1,11,-1,1,-1
2015100057415,2,5,0,9,0,8,0,0,0,0,4,1,6,1,28,6,649,1,8,-1,1,-1
2015100057615,1,9,0,18,0,0,0,0,0,0,1,1,2,1,28,6,1997,2,6,-1,1,-1
2015100057615,2,9,0,4,0,0,0,0,0,0,2,1,6,1,64,9,-1,-1,-1,-1,1,-1
2015100057615,3,19,0,4,0,0,0,0,0,0,2,1,6,1,49,8,2198,2,8,-1,3,-1
2015100057615,4,9,0,4,0,0,0,0,0,0,2,1,6,2,47,8,998,1,2,-1,1,-1
2015100057815,1,9,0,8,0,1,0,0,0,0,1,1,6,2,27,6,1390,1,3,-1,-1,-1
2015100058015,1,9,0,17,0,8,2,0,1,11,1,1,1,1,26,6,1995,1,13,-1,1,-1
2015100058215,1,9,0,18,0,0,0,0,0,0,1,1,6,2,19,4,1198,1,4,-1,1,-1
2015100058215,2,9,0,3,0,0,0,0,0,0,2,1,6,2,59,9,1398,2,8,-1,1,-1
2015100058315,1,9,0,9,0,6,1,0,0,0,3,1,6,1,76,11,1461,2,2,-1,-1,-1
2015100058315,2,9,0,18,0,1,0,0,0,0,1,1,6,1,43,7,1968,2,3,-1,1,-1
2015100059615,1,9,0,7,0,6,0,0,0,0,1,1,6,1,25,5,-1,-1,-1,-1,1,-1
2015100059615,2,9,0,18,0,1,0,0,0,0,1,1,6,2,51,8,1229,1,3,-1,1,-1
2015100059615,3,9,0,2,0,2,0,0,0,0,4,1,6,1,31,6,-1,-1,-1,-1,1,-1
2015100059615,4,19,0,2,0,2,0,0,0,0,3,1,6,1,30,6,2402,2,14,-1,1,-1
2015100059615,5,9,0,2,0,2,0,0,0,0,3,1,6,2,52,8,-1,-1,-1,-1,1,-1
2015100059715,1,20,0,13,0,0,0,0,0,0,4,1,6,1,-1,-1,12777,2,3,-1,-1,-1
2015100059715,2,16,0,18,0,0,0,0,0,0,2,1,6,2,23,5,-1,-1,-1,-1,1,-1
2015100059915,1,9,0,1,0,8,0,0,0,0,2,1,1,1,75,10,1360,1,12,-1,1,-1
2015100060115,1,19,0,18,0,8,0,0,0,0,1,1,6,3,-1,-1,1753,2,15,-1,-1,-1
2015100060115,2,9,0,18,0,8,0,0,0,0,4,1,2,2,41,7,1598,2,-1,-1,1,-1
2015100060615,1,9,0,16,0,0,0,0,0,0,1,1,6,2,67,10,999,1,5,-1,1,-1
2015100060615,2,9,0,2,0,0,0,0,0,0,1,1,6,2,50,8,-1,-1,-1,-1,1,-1
2015100061615,1,9,0,18,0,1,0,0,0,0,1,1,1,1,41,7,2150,1,14,-1,1,-1
2015100061615,2,9,0,3,0,1,0,0,0,0,2,1,6,2,66,10,1749,1,11,-1,3,-1
2015100062315,1,9,0,7,0,6,0,0,0,0,1,1,6,3,-1,-1,-1,-1,-1,-1,-1,-1
2015100062315,2,3,0,18,0,1,2,0,0,0,1,1,1,1,41,7,125,1,3,-1,-1,-1
2015100062415,1,9,0,18,0,8,0,0,0,0,1,1,1,1,60,9,-1,-1,-1,-1,1,-1
2015100062415,2,9,0,18,0,8,0,0,0,0,3,1,6,1,69,10,1396,1,8,-1,1,-1
2015100062515,1,9,0,1,0,0,0,0,0,0,2,1,6,1,21,5,1242,1,13,-1,1,-1
2015100062515,2,9,0,2,0,0,0,0,0,0,3,1,6,1,20,4,1388,1,10,-1,1,-1
2015100062615,1,9,0,13,0,0,1,0,4,6,3,1,6,1,19,4,-1,-1,-1,-1,1,-1
2015100062815,1,9,0,9,0,8,0,0,0,0,4,1,6,1,30,6,-1,-1,-1,-1,2,-1
2015100062815,2,9,0,18,0,8,0,0,0,0,1,1,6,1,25,5,-1,-1,-1,-1,1,-1
2015100062915,1,9,0,18,0,0,0,0,0,0,1,1,2,1,29,6,1968,2,8,-1,1,-1
2015100062915,2,9,0,3,0,0,0,0,0,0,2,1,2,1,42,7,998,1,4,-1,1,-1
2015100062915,3,9,0,3,0,0,0,0,0,0,2,1,2,1,52,8,1968,2,2,-1,2,-1
2015100063215,1,9,0,6,0,0,0,0,0,0,3,1,6,1,30,6,1986,2,10,-1,1,-1
2015100063215,2,3,0,18,0,0,0,0,0,0,1,1,2,1,53,8,124,1,8,-1,1,-1
2015100063515,1,9,0,18,0,1,0,0,0,0,1,1,6,1,39,7,1598,2,1,-1,2,-1
2015100063515,2,19,0,4,0,1,0,0,0,0,2,1,6,1,62,9,1753,2,7,-1,1,-1
2015100063515,3,9,0,10,0,1,0,0,0,0,2,1,6,1,48,8,1995,2,10,-1,2,-1
2015100063815,1,9,0,7,0,4,1,0,0,0,4,1,6,1,54,8,1560,2,7,-1,1,-1
2015100063815,2,9,0,7,0,4,0,0,0,0,3,1,6,2,34,6,1896,2,9,-1,1,-1
2015100064015,1,9,0,12,0,0,0,0,0,0,3,1,2,2,39,7,1997,2,5,-1,1,-1
2015100064015,2,19,0,18,0,0,0,0,0,0,4,1,2,1,37,7,1997,2,1,-1,1,-1
2015100064015,3,9,0,3,0,0,0,0,0,0,0,1,6,2,44,7,-1,-1,-1,-1,2,-1
2015100064115,1,9,0,3,0,0,0,0,0,0,1,1,6,1,21,5,1896,2,10,-1,2,-1
2015100064115,2,9,0,3,0,0,0,0,0,0,2,1,6,1,50,8,1596,1,5,-1,1,-1
2015100064115,3,9,0,3,0,0,0,0,0,0,2,1,6,1,34,6,-1,-1,-1,-1,1,-1
2015100064515,1,9,0,18,0,7,0,0,0,0,1,1,1,1,36,7,1360,1,9,-1,1,-1
2015100064515,2,9,0,4,0,7,0,0,0,0,2,1,2,2,38,7,1242,1,1,-1,1,-1
2015100064815,1,9,0,18,0,1,1,0,0,0,1,1,6,1,32,6,-1,-1,-1,-1,1,-1
2015100064815,2,9,0,18,0,2,0,0,0,0,3,1,6,1,43,7,1895,1,14,-1,1,-1
2015100064915,1,9,0,18,0,0,0,0,0,0,1,1,6,1,58,9,-1,-1,-1,-1,1,-1
2015100065015,1,9,0,18,0,1,0,0,0,0,0,1,6,3,-1,-1,-1,-1,-1,-1,-1,-1
2015100065015,2,9,0,18,0,1,2,10,1,1,2,1,6,1,42,7,-1,-1,-1,-1,3,-1
2015100065115,1,9,0,16,0,0,1,0,7,4,1,1,6,2,40,7,1298,1,9,-1,3,-1
2015100065115,2,9,0,17,0,0,0,0,0,0,1,1,1,1,50,8,-1,-1,-1,-1,3,-1
2015100065315,1,5,0,13,0,0,0,0,0,0,1,1,6,1,35,6,-1,-1,-1,-1,2,-1
2015100065315,2,9,0,18,0,0,0,0,0,0,1,1,6,2,59,9,998,1,13,-1,3,-1
2015100065515,1,9,0,18,0,8,5,4,0,0,1,1,6,2,25,5,-1,-1,-1,-1,1,-1
2015100065515,2,9,0,2,0,8,0,10,0,0,3,1,6,2,29,6,1399,2,5,-1,1,-1
2015100065615,1,9,0,18,0,8,0,0,0,0,1,1,6,1,61,9,1769,1,9,-1,1,-1
2015100065615,2,9,0,9,0,6,0,0,0,0,4,1,6,1,20,4,1493,2,8,-1,1,-1
2015100065715,1,1,0,18,0,8,0,0,0,0,1,1,6,1,38,7,-1,-1,-1,-1,2,-1
2015100065715,2,9,0,18,0,8,0,0,0,0,4,1,6,1,34,6,1582,2,1,-1,1,-1
2015100065815,1,9,0,18,0,1,0,0,0,0,4,1,2,2,41,7,1686,2,13,-1,1,-1
2015100065915,1,9,0,18,0,8,0,0,0,0,1,1,2,1,45,7,1560,2,8,-1,3,-1
2015100065915,2,9,0,18,0,8,0,0,0,0,4,1,2,1,41,7,-1,-1,-1,-1,1,-1
2015100066415,1,9,0,5,9,0,0,0,0,0,1,1,6,3,-1,-1,-1,-1,-1,-1,-1,-1
2015100066515,1,9,0,13,0,0,0,0,0,0,1,1,1,2,48,8,1598,2,1,-1,1,-1
2015100066515,2,19,0,18,0,0,0,0,0,0,2,1,1,1,26,6,2143,2,5,-1,1,-1
2015100066615,1,9,0,18,0,0,0,0,0,0,1,1,6,1,44,7,1910,2,10,-1,1,-1
2015100066915,1,9,0,18,0,1,0,0,0,0,1,1,6,1,46,8,1997,2,1,-1,-1,-1
2015100066915,2,9,0,4,0,1,0,0,0,0,2,1,6,2,49,8,1598,1,8,-1,1,-1
2015100067515,1,9,0,5,0,8,0,0,1,0,3,1,6,1,52,8,1956,2,3,-1,1,-1
2015100067515,2,9,0,18,0,8,0,0,0,0,4,1,6,2,54,8,1461,2,2,-1,2,-1
2015100067715,1,1,0,18,0,0,0,0,0,0,1,1,2,1,45,7,-1,-1,-1,-1,1,-1
2015100067815,1,9,0,9,0,6,0,0,0,0,1,1,2,1,30,6,1596,1,10,-1,1,-1
2015100067815,2,9,0,18,0,8,0,0,0,0,1,1,2,2,46,8,1461,2,3,-1,1,-1
2015100068115,1,11,0,4,2,0,0,0,0,0,1,1,1,1,49,8,6700,2,5,-1,2,-1
2015100068315,1,9,0,7,0,8,0,0,0,0,1,1,6,2,37,7,1560,2,1,-1,1,-1
2015100068415,1,9,0,18,0,0,0,0,0,0,1,1,1,1,48,8,1422,2,10,-1,1,-1
2015100068415,2,9,0,18,0,0,0,0,0,0,2,1,1,2,34,6,1229,1,7,-1,1,-1
2015100069015,1,9,0,4,0,1,0,0,0,0,1,1,2,2,56,9,-1,-1,-1,-1,1,-1
2015100069015,2,9,0,18,0,1,0,0,0,0,0,1,1,1,33,6,-1,-1,-1,-1,-1,-1
2015100069215,1,11,0,4,0,0,0,0,0,0,0,1,1,1,51,8,5900,2,9,-1,1,-1
2015100070215,1,9,0,18,0,8,0,0,0,0,1,1,6,1,29,6,-1,-1,-1,-1,1,-1
2015100070215,2,9,0,18,0,8,0,0,0,0,1,1,6,1,28,6,1794,1,7,-1,1,-1
2015100070315,1,11,0,3,0,2,0,0,0,0,0,1,1,1,52,8,3900,2,10,-1,1,-1
2015100070515,1,1,0,18,0,8,0,0,0,0,1,1,6,1,24,5,-1,-1,-1,-1,1,-1
2015100070515,2,9,0,7,0,5,0,0,0,0,4,1,6,1,17,4,-1,-1,-1,-1,1,-1
2015100070615,1,9,0,18,0,0,0,0,0,0,1,1,6,3,-1,-1,-1,-1,-1,-1,-1,-1
2015100071315,1,9,0,18,0,0,0,0,0,0,1,1,2,1,39,7,2143,2,1,-1,1,-1
2015100071315,2,9,0,4,0,0,0,0,0,0,2,1,2,2,26,6,980,1,23,-1,1,-1
2015100071415,1,9,0,18,0,1,0,0,0,0,1,1,6,1,28,6,1598,1,14,-1,1,-1
2015100071415,2,9,0,3,0,1,0,0,0,0,2,1,3,2,47,8,1995,2,3,-1,1,-1
2015100071615,1,9,0,9,0,5,0,0,0,0,3,1,1,1,50,8,2231,2,6,-1,1,-1
2015100071615,2,1,0,14,0,8,0,0,0,0,1,1,6,1,34,6,-1,-1,-1,-1,-1,-1
2015100071915,1,9,0,5,0,0,0,0,0,0,3,1,6,2,36,7,-1,-1,-1,-1,-1,-1
2015100071915,2,9,0,18,0,0,0,0,0,0,4,1,6,2,62,9,998,1,2,-1,-1,-1
2015100071915,3,9,0,2,0,0,0,0,0,0,1,1,6,1,54,8,1499,1,-1,-1,1,-1
2015100072015,1,9,0,14,0,2,0,0,0,0,1,1,1,1,65,9,1390,1,5,-1,1,-1
2015100072015,2,9,0,18,0,1,0,0,1,0,1,1,6,2,34,6,1461,2,-1,-1,1,-1
2015100072215,1,9,0,18,0,1,1,0,0,0,1,1,6,2,19,4,1242,1,3,-1,1,-1
2015100072215,2,9,0,3,0,1,0,0,0,0,2,1,6,2,56,9,1461,2,3,-1,1,-1
2015100072215,3,9,0,3,0,1,0,0,0,0,2,1,6,1,29,6,-1,-1,-1,-1,1,-1
2015100072315,1,9,0,18,0,0,1,0,0,0,1,1,6,2,22,5,998,1,3,-1,2,-1
2015100072315,2,9,0,18,0,0,0,0,0,0,2,1,6,2,34,6,1968,2,1,-1,2,-1
2015100072415,1,8,0,18,0,1,0,0,0,0,1,1,1,1,39,7,1910,2,8,-1,1,-1
2015100072415,2,9,0,3,0,1,0,0,0,0,2,1,6,1,20,4,1242,1,5,-1,1,-1
2015100072415,3,9,0,2,0,1,0,0,0,0,0,1,6,1,41,7,1753,2,6,-1,1,-1
2015100072815,1,9,0,18,0,0,0,0,0,0,1,1,2,1,27,6,1796,1,8,-1,1,-1
2015100072815,2,9,0,3,0,0,0,0,4,0,2,1,6,2,54,8,1596,1,6,-1,1,-1
2015100073315,1,21,0,12,0,8,0,0,0,0,0,1,6,3,-1,-1,-1,-1,-1,-1,-1,-1
2015100073315,2,9,0,18,0,8,1,10,5,6,1,1,2,2,28,6,1596,1,11,-1,1,-1
2015100073515,1,9,0,18,0,0,0,0,0,0,1,1,1,2,45,7,-1,-1,-1,-1,1,-1
2015100073815,1,9,0,18,0,1,0,0,0,1,1,1,6,1,79,11,996,1,1,-1,3,-1
2015100074015,1,9,0,9,0,8,0,0,7,0,3,1,6,2,39,7,899,1,1,-1,1,-1
2015100074015,2,9,0,18,0,8,0,0,0,0,1,1,1,1,47,8,-1,-1,-1,-1,1,-1
2015100074215,1,9,0,7,0,6,0,0,0,0,0,1,6,3,-1,-1,-1,-1,-1,-1,-1,-1
2015100074215,2,11,0,7,0,6,0,0,0,0,0,1,1,1,54,8,-1,-1,-1,-1,1,-1
2015100074615,1,9,0,18,0,1,0,0,0,0,1,1,6,2,58,9,1968,2,12,-1,-1,-1
2015100074615,2,9,0,3,0,1,0,0,0,0,2,1,6,2,21,5,-1,-1,-1,-1,1,-1
2015100074615,3,9,0,3,0,1,0,0,0,0,2,1,6,2,54,8,2204,2,9,-1,2,-1
2015100074715,1,9,0,9,0,5,2,0,0,0,1,1,6,1,25,5,-1,-1,-1,-1,1,-1
2015100074715,2,9,0,3,0,8,0,0,0,0,1,1,2,2,47,8,1990,1,12,-1,1,-1
2015100074915,1,9,0,18,0,2,0,0,0,0,1,1,6,1,-1,-1,1560,2,10,-1,1,-1
2015100074915,2,1,0,18,0,2,0,0,0,0,4,1,6,1,16,4,-1,-1,-1,-1,1,-1
2015100075015,1,9,0,18,0,1,0,0,0,0,1,1,6,1,42,7,799,2,4,-1,1,-1
2015100075015,2,9,0,11,0,1,0,0,0,0,4,1,6,1,25,5,1896,2,9,-1,1,-1
2015100075615,1,19,0,18,0,8,0,0,0,0,1,1,1,1,47,8,1753,2,8,-1,2,-1
2015100075615,2,3,0,18,0,8,0,0,0,0,2,1,2,2,25,5,-1,-1,-1,-1,1,-1
2015100075715,1,9,0,6,0,0,0,0,0,0,3,1,6,3,-1,-1,1984,2,9,-1,-1,-1
2015100075715,2,9,0,18,0,0,0,0,0,0,4,1,1,1,39,7,1896,2,7,-1,1,-1
2015100075815,1,9,0,18,0,0,0,0,1,4,1,1,3,2,38,7,-1,-1,-1,-1,3,-1
2015100075915,1,9,0,5,0,0,0,0,7,0,4,1,6,1,65,9,1248,2,6,-1,1,-1
2015100076015,1,9,0,18,0,0,1,0,2,7,1,1,6,2,51,8,1461,2,6,-1,1,-1
2015100076115,1,9,0,9,0,8,0,0,0,0,1,1,6,2,53,8,1596,1,1,-1,1,-1
2015100076115,2,9,0,18,0,8,0,0,0,0,4,1,6,1,34,6,-1,-1,-1,-1,1,-1
2015100076215,1,9,0,18,0,1,0,0,0,0,1,1,6,2,53,8,1499,2,2,-1,1,-1
2015100076315,1,9,0,18,0,8,0,0,0,0,1,1,2,1,36,7,1896,2,10,-1,1,-1
2015100076415,1,1,0,18,0,0,0,10,1,0,4,1,2,1,31,6,-1,-1,-1,-1,1,-1
2015100076615,1,9,0,9,0,8,0,0,0,0,4,1,6,1,57,9,1582,2,2,-1,1,-1
2015100076615,2,9,0,2,0,2,0,0,0,0,1,1,2,2,33,6,1994,2,12,-1,1,-1
2015100076615,3,19,0,18,0,8,0,0,0,0,1,1,1,1,57,9,2402,2,9,-1,1,-1
2015100076815,1,9,0,18,0,0,0,0,0,0,3,1,6,1,78,11,1149,1,9,-1,1,-1
2015100076915,1,19,0,7,0,6,0,0,0,0,4,1,1,1,27,6,-1,-1,-1,-1,1,-1
2015100076915,2,9,0,7,0,6,0,0,0,0,3,1,6,2,34,6,1390,1,12,-1,1,-1
2015100077215,1,9,0,18,0,5,0,0,1,1,1,1,6,2,32,6,1984,1,4,-1,1,-1
2015100077315,1,9,0,11,0,0,0,0,0,0,2,1,6,1,26,6,1560,2,3,-1,1,-1
2015100077315,2,9,0,18,0,0,0,0,0,0,1,1,1,1,28,6,3311,8,8,-1,1,-1
2015100077515,1,9,0,7,0,4,0,0,0,0,1,1,6,3,-1,-1,-1,-1,-1,-1,-1,-1
2015100077515,2,1,0,3,0,4,0,0,0,0,1,1,1,1,23,5,-1,-1,-1,-1,1,-1
2015100077615,1,11,0,10,0,1,0,0,0,0,0,1,6,1,39,7,9360,2,2,-1,-1,-1
2015100077815,1,9,0,18,0,0,1,10,5,7,1,1,6,1,31,6,-1,-1,-1,-1,1,-1
2015100077815,2,9,0,18,0,0,0,0,0,0,2,1,6,1,40,7,2720,2,9,-1,1,-1
2015100077815,3,9,0,18,0,0,0,0,0,0,1,1,6,2,46,8,1868,2,13,-1,1,-1
2015100078015,1,9,0,18,0,1,0,0,0,0,1,1,6,3,-1,-1,-1,-1,-1,-1,-1,-1
2015100078315,1,9,0,18,0,0,0,0,0,0,1,1,6,1,22,5,1968,2,10,-1,1,-1
2015100078315,2,9,0,3,0,0,0,0,0,0,2,1,6,2,61,9,1198,1,5,-1,1,-1
2015100078315,3,9,0,3,0,0,0,0,0,0,2,1,6,1,30,6,-1,-1,-1,-1,1,-1
2015100078515,1,9,0,11,0,8,0,0,0,0,3,1,6,2,52,8,999,1,-1,-1,1,-1
2015100078515,2,9,0,18,0,8,0,0,0,0,1,1,6,2,48,8,1386,1,9,-1,1,-1
2015100078815,1,9,0,9,0,6,0,0,0,0,1,1,6,1,47,8,-1,-1,-1,-1,2,-1
2015100078815,2,11,0,18,0,8,0,0,3,0,1,1,1,1,49,8,4500,2,4,-1,-1,-1
2015100079115,1,5,0,18,0,8,1,0,0,0,0,1,1,1,23,5,781,1,16,-1,1,-1
2015100079115,2,9,0,9,0,8,0,0,0,0,0,1,1,1,75,10,1386,1,9,-1,1,-1
2015100079515,1,11,0,4,3,0,0,0,0,0,4,1,1,1,57,9,4461,2,1,-1,1,-1
2015100080015,1,2,0,18,0,8,1,0,7,0,1,1,6,1,23,5,49,1,11,-1,1,-1
2015100080015,2,9,0,18,0,8,0,0,0,0,0,1,1,1,51,8,2967,2,1,-1,-1,-1
2015100080115,1,9,0,18,0,1,0,0,0,0,1,1,6,2,29,6,1389,1,10,-1,1,-1
2015100080115,2,9,0,3,0,1,0,0,0,0,2,1,6,1,51,8,999,1,2,-1,1,-1
2015100080115,3,9,0,3,0,1,0,0,0,0,2,1,6,1,41,7,2987,2,9,-1,1,-1
2015100080115,4,19,0,9,0,1,0,0,0,0,2,1,6,3,-1,-1,2402,2,11,-1,-1,-1
2015100080215,1,9,0,5,0,1,0,0,0,0,1,1,6,2,37,7,1598,1,2,-1,1,-1
2015100080215,2,9,0,3,0,1,0,0,0,0,2,1,6,2,45,7,-1,-1,-1,-1,1,-1
2015100080315,1,19,4,16,0,0,4,0,0,0,3,1,1,1,30,6,2402,2,4,-1,1,-1
2015100080315,2,9,0,17,0,0,0,10,1,0,4,1,2,1,49,8,1598,1,3,-1,1,-1
2015100080415,1,9,0,9,0,6,0,0,0,0,3,1,2,1,18,4,1242,1,8,-1,1,-1
2015100080415,2,9,0,18,0,8,0,0,0,0,1,1,3,2,18,4,1598,2,2,-1,1,-1
2015100080615,1,19,0,16,0,0,0,0,1,4,4,1,6,1,23,5,1560,2,3,-1,1,-1
2015100080615,2,9,0,18,0,0,0,0,0,0,1,1,6,1,23,5,1390,1,9,-1,1,-1
2015100080815,1,9,0,18,0,1,0,0,0,0,1,1,6,2,32,6,1753,2,7,-1,1,-1
2015100081015,1,9,0,11,0,1,0,0,0,0,1,1,6,1,40,7,1997,2,5,-1,1,-1
2015100081015,2,9,0,3,0,1,0,0,7,1,3,1,6,1,31,6,1395,1,1,-1,-1,-1
2015100081915,1,9,0,18,0,1,0,0,0,0,1,1,1,1,35,6,-1,-1,-1,-1,-1,-1
2015100081915,2,9,0,3,0,1,0,0,0,0,2,1,6,1,18,4,-1,-1,-1,-1,-1,-1
2015100082515,1,9,0,18,0,0,0,0,0,0,0,1,6,3,-1,-1,-1,-1,-1,-1,-1,-1
2015100082515,2,1,0,18,0,0,0,0,0,11,4,1,6,1,26,6,-1,-1,-1,-1,-1,-1
2015100082615,1,9,0,18,0,1,0,0,0,0,1,1,6,1,61,9,-1,-1,-1,-1,3,-1
2015100082615,2,9,0,10,0,1,0,0,0,0,2,1,6,1,57,9,1461,2,2,-1,1,-1
2015100082715,1,9,0,5,0,6,0,0,0,0,4,1,6,1,49,8,-1,-1,-1,-1,1,-1
2015100082715,2,9,0,18,0,8,0,0,1,9,1,1,6,1,55,8,-1,-1,-1,-1,1,-1
2015100082915,1,9,0,18,0,0,0,0,0,0,1,1,6,1,46,8,1398,1,4,-1,1,-1
2015100083015,1,9,0,9,0,6,0,0,0,0,3,1,6,1,72,10,1390,1,12,-1,1,-1
2015100083015,2,19,0,18,0,8,0,0,0,0,1,1,6,1,58,9,1998,2,11,-1,2,-1
2015100083215,1,9,0,18,0,0,1,0,0,0,1,1,2,1,40,7,1398,2,13,-1,1,-1
2015100083215,2,9,0,3,0,0,0,0,0,0,2,1,6,1,21,5,1200,1,12,-1,3,-1
2015100083215,3,9,0,3,0,0,0,0,0,0,2,1,1,1,57,9,1956,2,-1,-1,1,-1
2015100083515,1,9,0,18,0,0,5,4,0,0,1,1,6,2,52,8,1598,1,5,-1,1,-1
2015100083515,2,9,0,2,0,0,0,0,0,0,1,1,6,2,42,7,2993,2,5,-1,1,-1
2015100083515,3,9,0,2,0,0,0,0,0,0,2,1,6,1,30,6,1598,1,1,-1,1,-1
2015100083615,1,9,0,5,0,0,0,0,0,0,0,1,6,3,-1,-1,-1,-1,-1,-1,-1,-1
2015100083615,2,9,0,18,0,0,0,0,0,0,1,1,6,2,18,4,1598,1,8,-1,1,-1
2015100083615,3,9,0,3,0,0,0,0,0,0,2,1,6,1,27,6,1149,1,7,-1,1,-1
2015100083715,1,9,0,17,0,1,0,0,0,0,1,1,6,1,35,6,998,1,1,-1,1,-1
2015100083715,2,1,0,18,0,8,0,0,0,0,1,1,6,1,16,4,-1,-1,-1,-1,1,-1
2015100083915,1,11,0,18,0,2,0,0,0,0,1,1,1,1,58,9,6700,2,7,-1,1,-1
2015100084115,1,9,0,4,0,0,0,0,0,0,0,1,6,2,51,8,1587,1,9,-1,1,-1
2015100084315,1,11,0,18,0,3,0,0,0,0,3,1,1,1,68,10,-1,-1,-1,-1,1,-1
2015100084315,2,9,0,18,0,3,0,0,0,0,4,1,6,1,23,5,1461,2,4,-1,-1,-1
2015100084415,1,9,0,18,0,0,0,0,0,0,1,1,6,3,-1,-1,-1,-1,-1,-1,-1,-1
2015100084815,1,11,0,4,0,0,0,0,0,0,0,1,1,2,45,7,4500,2,4,-1,1,-1
2015100085315,1,9,0,9,0,3,0,0,0,0,1,1,1,2,49,8,1229,1,1,-1,1,-1
2015100085315,2,1,0,18,0,1,0,0,0,0,1,1,6,1,49,8,-1,-1,-1,-1,1,-1
2015100085515,1,9,0,18,0,0,0,0,1,11,1,1,6,1,56,9,1992,2,10,-1,3,-1
2015100085615,1,9,0,13,0,0,0,0,0,0,0,1,6,3,-1,-1,-1,-1,-1,-1,-1,-1
2015100085615,2,9,0,18,0,0,0,0,0,0,0,1,6,2,41,7,998,1,1,-1,-1,-1
2015100085615,3,9,0,18,0,0,0,0,1,9,2,1,6,2,28,6,-1,-1,-1,-1,2,-1
2015100085615,4,9,0,18,0,0,0,0,0,0,1,1,6,1,70,10,-1,-1,-1,-1,2,-1
2015100085715,1,9,0,5,0,1,0,0,0,0,1,1,6,3,-1,-1,-1,-1,-1,-1,-1,-1
2015100085815,1,9,0,18,0,0,2,0,2,11,4,1,6,1,19,4,1686,2,10,-1,2,-1
2015100085915,1,9,0,13,0,0,0,0,0,0,1,1,6,1,43,7,1984,1,12,-1,1,-1