Accident_Index,Vehicle_Reference,Vehicle_Type,Towing_and_Articulation,Vehicle_Manoeuvre,Vehicle_Location-Restricted_Lane,Junction_Location,Skidding_and_Overturning,Hit_Object_in_Carriageway,Vehicle_Leaving_Carriageway,Hit_Object_off_Carriageway,1st_Point_of_Impact,Was_Vehicle_Left_Hand_Drive?,Journey_Purpose_of_Driver,Sex_of_Driver,Age_of_Driver,Age_Band_of_Driver,Engine_Capacity_(CC),Propulsion_Code,Age_of_Vehicle,Driver_IMD_Decile,Driver_Home_Area_Type,Vehicle_IMD_Decile
2015100155615,2,9,0,3,0,1,0,0,0,0,2,1,6,2,48,8,1796,1,2,-1,1,-1
2015100156015,1,9,0,18,0,1,0,0,0,0,1,1,6,1,57,9,1242,1,8,-1,1,-1
2015100156015,2,9,0,3,0,1,0,0,0,0,2,1,2,2,37,7,1598,1,8,-1,3,-1
2015100156115,1,9,0,9,0,6,0,0,0,0,3,1,2,2,53,8,1896,2,13,-1,2,-1
2015100156115,2,3,0,18,0,8,1,0,0,0,1,1,2,1,18,4,198,1,9,-1,1,-1
2015100156215,1,9,0,18,0,0,0,6,2,11,4,1,6,2,26,6,2143,2,1,-1,1,-1
2015100156415,1,9,0,1,0,2,0,0,0,0,2,1,6,1,84,11,1364,1,1,-1,3,-1
2015100156415,2,9,0,3,0,1,0,0,0,0,1,1,6,2,52,8,1598,1,16,-1,2,-1
2015100156615,1,11,0,5,2,2,0,0,0,0,0,1,1,1,32,6,4760,2,3,-1,1,-1
2015100156715,1,11,0,4,0,8,0,0,0,0,0,1,1,1,50,8,4500,2,3,-1,-1,-1
2015100156815,1,9,0,14,0,0,0,0,0,0,1,1,6,2,47,8,1995,2,7,-1,1,-1
2015100156815,2,9,0,3,0,0,0,0,0,0,1,1,6,1,24,5,1229,1,2,-1,1,-1
2015100157815,1,9,0,9,0,6,0,0,0,0,1,1,6,2,17,4,1598,1,3,-1,1,-1
2015100157815,2,9,0,18,0,1,0,0,0,0,3,1,6,1,76,11,1388,1,1,-1,1,-1
2015100158115,1,9,0,9,0,6,0,0,0,0,4,1,6,2,70,10,-1,-1,-1,-1,2,-1
2015100158115,2,11,0,18,0,1,2,0,0,0,3,1,1,1,-1,-1,9360,2,1,-1,-1,-1
2015100158215,1,9,0,9,0,6,0,0,1,0,3,1,2,1,21,5,1360,1,10,-1,1,-1
2015100158215,2,11,0,18,0,8,0,0,0,0,1,1,1,1,36,7,6700,2,4,-1,1,-1
2015100158515,1,19,0,18,0,0,0,0,0,0,1,1,1,1,42,7,1995,2,1,-1,1,-1
2015100158715,1,11,0,5,0,0,0,0,0,0,2,1,1,1,57,9,9000,5,1,-1,1,-1
2015100158915,1,9,0,18,0,8,1,0,0,0,4,1,6,3,-1,-1,2993,2,7,-1,-1,-1
2015100158915,2,9,0,18,0,8,0,0,0,4,3,1,6,1,52,8,1598,1,4,-1,-1,-1
2015100159115,1,9,0,5,0,1,0,0,0,0,1,1,1,1,51,8,1422,2,10,-1,3,-1
2015100159115,2,9,0,3,0,1,0,0,0,0,2,1,1,2,32,6,1461,2,5,-1,2,-1
2015100159315,1,9,0,18,0,1,0,0,0,0,1,1,6,2,27,6,1598,2,2,-1,1,-1
2015100159315,2,9,0,3,0,1,0,0,0,0,2,1,6,2,34,6,-1,-1,-1,-1,1,-1
2015100159615,1,9,0,16,0,0,0,0,8,1,3,1,6,2,27,6,1598,1,2,-1,1,-1
2015100159615,2,19,0,17,0,0,1,0,8,0,3,1,2,1,58,9,1560,2,6,-1,1,-1
2015100159915,1,9,0,18,0,1,0,0,0,0,2,1,6,3,-1,-1,-1,-1,-1,-1,-1,-1
2015100159915,2,9,0,9,0,6,0,0,0,0,1,1,6,1,31,6,1149,1,11,-1,1,-1
2015100160015,1,11,0,4,0,1,0,0,0,0,0,1,1,1,56,9,-1,-1,-1,-1,1,-1
2015100160015,2,9,0,18,0,1,0,0,0,0,0,1,6,3,-1,-1,-1,-1,-1,-1,-1,-1
2015100160415,1,9,0,5,0,6,0,0,0,0,1,1,6,1,81,11,1108,1,19,-1,3,-1
2015100160415,2,9,0,18,0,8,0,5,1,1,4,1,6,2,23,5,-1,-1,-1,-1,1,-1
2015100160615,1,9,0,9,0,6,0,0,0,0,1,1,6,2,20,4,999,1,1,-1,1,-1
2015100160615,2,9,0,18,0,8,0,0,1,0,4,1,6,1,80,11,1560,2,1,-1,1,-1
2015100160915,1,9,0,9,0,5,0,0,0,0,1,1,6,2,66,10,1598,1,14,-1,3,-1
2015100160915,2,9,0,18,0,8,0,0,0,0,1,1,6,2,28,6,1388,1,4,-1,1,-1
2015100161015,1,9,0,18,0,0,0,0,0,0,2,1,6,1,75,10,1796,1,2,-1,1,-1
2015100161015,2,9,0,18,0,0,0,0,7,6,1,1,1,1,28,6,-1,-1,-1,-1,1,-1
2015100161415,1,8,0,18,0,0,0,0,0,0,4,1,1,3,-1,-1,-1,-1,-1,-1,-1,-1
2015100161415,2,1,0,18,0,0,0,0,0,0,3,1,6,1,33,6,-1,-1,-1,-1,1,-1
2015100161715,1,1,0,18,0,8,0,0,0,0,1,1,2,1,23,5,-1,-1,-1,-1,1,-1
2015100161715,2,9,0,18,0,8,0,0,0,0,3,1,2,2,23,5,1229,1,2,-1,1,-1
2015100162215,1,9,0,18,0,4,0,0,0,0,1,1,6,2,-1,-1,1560,2,-1,-1,2,-1
2015100162215,2,9,0,9,0,8,0,0,0,0,2,1,2,1,36,7,-1,-1,-1,-1,1,-1
2015100162415,1,9,0,18,0,1,0,0,0,0,1,1,6,1,19,4,1229,1,2,-1,1,-1
2015100162415,2,19,0,3,0,1,0,0,0,0,2,1,6,1,48,8,-1,-1,-1,-1,2,-1
2015100162715,1,9,0,18,0,8,0,10,1,0,4,1,6,3,-1,-1,1896,2,10,-1,-1,-1
2015100162715,2,19,0,9,0,6,0,0,0,0,2,1,6,1,63,9,2499,2,5,-1,3,-1
2015100162915,1,9,0,9,0,5,0,0,0,0,4,1,6,2,49,8,1598,1,6,-1,1,-1
2015100163615,1,9,0,18,0,1,0,0,0,0,1,1,6,1,24,5,1896,2,12,-1,1,-1
2015100163615,2,9,0,3,0,1,0,0,0,0,2,1,1,1,58,9,1598,2,2,-1,1,-1
2015100163715,1,9,0,9,0,1,0,0,0,0,3,1,1,2,26,6,-1,-1,-1,-1,1,-1
2015100163715,2,1,0,18,0,1,0,0,0,0,4,1,6,1,53,8,-1,-1,-1,-1,-1,-1
2015100164115,1,9,0,1,9,1,0,0,1,10,2,1,6,1,80,11,1905,2,17,-1,1,-1
2015100164215,1,9,0,18,0,8,0,0,0,0,1,1,6,3,-1,-1,-1,-1,-1,-1,-1,-1
2015100164215,2,1,0,18,0,8,0,0,0,0,4,1,6,1,56,9,-1,-1,-1,-1,1,-1
2015100164315,1,9,0,18,0,1,0,0,0,0,1,1,6,2,27,6,1686,2,4,-1,2,-1
2015100164315,2,9,0,3,0,1,0,0,0,0,2,1,6,2,28,6,1124,1,10,-1,1,-1
2015100164415,1,11,0,4,0,0,0,0,0,0,0,1,1,1,50,8,4500,2,4,-1,1,-1
2015100164615,1,9,0,4,0,1,0,0,0,0,1,1,6,1,45,7,1587,1,10,-1,1,-1
2015100164715,1,9,0,18,0,0,5,2,0,0,4,1,6,2,36,7,1461,2,5,-1,3,-1
2015100164815,1,9,0,18,0,1,0,0,0,0,1,1,6,3,-1,-1,1360,1,9,-1,-1,-1
2015100164815,2,9,0,3,0,1,0,0,0,0,2,1,6,1,38,7,1896,2,11,-1,-1,-1
2015100164915,1,9,0,4,0,0,1,0,0,0,1,1,6,1,47,8,1598,2,3,-1,2,-1
2015100164915,2,9,0,4,0,0,0,0,0,0,2,1,6,2,33,6,1598,1,7,-1,1,-1
2015100165015,1,9,0,14,0,2,0,0,0,0,3,1,6,2,46,8,2401,2,10,-1,1,-1
2015100165015,2,9,0,14,0,1,0,0,0,0,3,1,6,2,46,8,1686,2,1,-1,2,-1
2015100165115,1,9,0,18,0,2,0,0,0,0,1,1,1,2,56,9,1896,2,8,-1,1,-1
2015100165215,1,9,0,18,0,0,1,0,0,0,1,1,2,1,33,6,1968,2,-1,-1,-1,-1
2015100165215,2,9,0,4,0,0,0,0,0,0,2,1,6,1,79,11,998,1,3,-1,1,-1
2015100165215,3,9,0,4,0,0,0,0,0,0,2,1,6,1,47,8,993,1,14,-1,1,-1
2015100165215,4,9,0,4,0,0,0,0,0,0,2,1,1,2,58,9,1242,1,2,-1,1,-1
2015100165315,1,11,0,18,0,8,0,0,0,0,1,1,1,1,32,6,2461,2,11,-1,1,-1
2015100165315,2,19,0,18,0,8,0,0,0,0,4,1,1,1,39,7,2143,2,4,-1,1,-1
2015100165515,1,9,0,9,0,5,0,0,0,0,1,1,2,1,51,8,1896,2,13,-1,2,-1
2015100165515,2,1,0,18,0,8,0,0,0,0,1,1,2,1,39,7,-1,-1,-1,-1,1,-1
2015100165615,1,9,0,10,0,8,0,0,8,0,3,1,1,2,18,4,-1,-1,-1,-1,-1,-1
2015100165615,2,9,0,18,0,8,0,0,0,0,3,1,1,1,26,6,-1,-1,-1,-1,-1,-1
2015100165615,3,9,0,18,0,1,0,0,0,0,3,1,1,2,29,6,998,1,2,-1,1,-1
2015100165615,4,19,0,2,0,1,0,0,0,0,3,1,1,1,43,7,2198,2,7,-1,-1,-1
2015100165715,1,9,0,18,0,6,0,0,0,0,3,1,6,2,51,8,1240,1,11,-1,1,-1
2015100165715,2,9,0,18,0,1,0,0,0,0,1,1,6,1,24,5,1229,1,3,-1,1,-1
2015100166215,1,9,0,18,0,1,0,0,0,0,3,1,6,2,22,5,1364,1,2,-1,1,-1
2015100166315,1,9,0,18,0,0,0,0,0,0,4,1,6,3,-1,-1,-1,-1,-1,-1,-1,-1
2015100166515,1,9,0,9,0,8,0,0,0,0,1,1,6,2,42,7,995,1,10,-1,1,-1
2015100166515,2,1,0,18,0,1,0,0,0,0,1,1,1,1,38,7,-1,-1,-1,-1,1,-1
2015100166615,1,9,0,18,0,1,0,0,0,0,1,1,6,1,29,6,1896,2,13,-1,3,-1
2015100166615,2,9,0,8,0,1,0,0,0,0,2,1,6,1,53,8,1686,2,4,-1,3,-1
2015100167015,1,9,0,11,0,0,1,0,1,4,3,1,2,1,26,6,-1,-1,-1,-1,3,-1
2015100167015,2,21,0,18,0,0,0,0,7,4,3,1,1,1,34,6,-1,-1,-1,-1,1,-1
2015100167315,1,9,0,18,0,0,0,0,0,0,1,1,6,1,64,9,1229,1,1,-1,1,-1
2015100167315,2,9,0,3,0,0,0,0,0,0,2,1,3,2,40,7,1360,1,12,-1,1,-1
2015100167715,1,9,0,18,0,0,0,4,0,1,0,1,6,1,93,11,1398,1,2,-1,1,-1
2015100167715,2,9,0,2,0,0,0,0,0,0,2,1,2,1,53,8,998,1,1,-1,1,-1
2015100168015,1,8,0,9,0,6,0,0,0,0,1,1,6,1,64,9,-1,-1,-1,-1,1,-1
2015100168015,2,9,0,18,0,8,0,0,0,0,4,1,1,1,53,8,1240,1,6,-1,-1,-1
2015100168115,1,9,0,4,0,0,0,0,0,0,1,1,6,1,-1,-1,1798,1,8,-1,-1,-1
2015100168115,2,19,0,3,0,0,0,0,0,0,2,1,1,1,23,5,1248,2,1,-1,1,-1
2015100168515,1,9,0,9,0,5,0,0,0,0,1,1,1,1,57,9,-1,-1,-1,-1,3,-1
2015100168515,2,9,0,18,0,8,0,0,0,0,1,1,1,2,58,9,1242,1,2,-1,1,-1
2015100169315,1,9,0,1,0,2,0,0,0,0,3,1,6,1,44,7,1587,1,14,-1,1,-1
2015100169315,2,9,0,18,0,1,0,0,0,0,4,1,6,1,23,5,1149,1,14,-1,1,-1
2015100169515,1,19,0,9,0,6,0,0,0,0,1,1,1,1,61,9,1248,2,1,-1,1,-1
2015100169515,2,5,0,18,0,1,0,0,0,0,1,1,6,1,41,7,798,1,8,-1,1,-1
2015100169615,1,9,0,9,0,5,0,0,0,0,4,1,6,1,72,10,1796,1,11,-1,1,-1
2015100169615,2,9,0,18,0,8,0,0,0,0,1,1,6,1,28,6,1798,1,8,-1,2,-1
2015100169715,1,9,0,13,0,1,5,10,7,0,4,1,1,1,59,9,-1,-1,-1,-1,1,-1
2015100169715,2,21,0,9,0,5,0,0,0,0,3,1,1,1,48,8,12740,2,2,-1,1,-1
2015100169815,1,9,0,9,0,6,0,0,0,0,0,1,6,2,-1,-1,1364,2,10,-1,1,-1
2015100169815,2,9,0,18,0,1,0,0,0,0,0,1,6,2,46,8,-1,-1,-1,-1,1,-1
2015100170015,1,9,0,18,0,1,0,0,0,0,1,1,6,1,33,6,1598,1,13,-1,1,-1
2015100170015,2,9,0,4,0,1,0,0,0,0,2,1,6,1,53,8,1398,1,11,-1,1,-1
2015100170115,1,9,0,4,0,1,0,0,0,0,1,1,1,1,31,6,1398,1,11,-1,1,-1
2015100170915,1,1,0,18,0,1,0,0,0,0,4,1,6,1,15,3,-1,-1,-1,-1,-1,-1
2015100170915,2,9,0,18,0,1,0,0,0,0,4,1,6,2,19,4,998,1,9,-1,1,-1
2015100171815,1,9,0,18,0,0,0,0,0,0,1,1,6,3,-1,-1,1995,1,6,-1,-1,-1
2015100171815,2,9,0,3,0,0,0,0,0,0,2,1,2,1,22,5,999,1,2,-1,3,-1
2015100172215,1,1,0,18,0,0,0,0,0,0,1,1,6,1,16,4,-1,-1,-1,-1,1,-1
2015100172215,2,9,0,18,0,0,0,0,0,0,1,1,6,2,46,8,1685,2,4,-1,-1,-1
2015100172415,1,9,0,18,0,1,0,0,0,0,1,1,6,2,-1,-1,1596,1,16,-1,2,-1
2015100172415,2,9,0,8,0,1,0,0,0,0,2,1,6,1,45,7,1560,2,3,-1,1,-1
2015100172915,1,9,0,18,0,8,0,0,0,0,0,1,6,1,22,5,-1,-1,-1,-1,-1,-1
2015100172915,2,9,0,18,0,8,0,0,0,0,2,1,6,2,38,7,1560,2,7,-1,1,-1
2015100172915,3,9,0,18,0,8,0,0,0,0,1,1,6,2,19,4,1360,1,9,-1,1,-1
2015100172915,4,9,0,18,0,8,0,0,0,0,0,1,1,1,52,8,2993,2,3,-1,-1,-1
2015100173215,1,9,0,5,0,1,0,0,0,0,1,1,6,1,53,8,1968,2,4,-1,1,-1
2015100173215,2,9,0,3,0,1,0,0,0,0,2,1,6,2,65,9,998,1,10,-1,1,-1
2015100173415,1,9,0,9,0,5,0,0,0,0,1,1,6,1,33,6,1956,2,5,-1,1,-1
2015100173615,1,11,0,7,0,5,0,0,0,0,1,1,1,1,45,7,3900,2,12,-1,1,-1
2015100173715,1,9,0,18,0,0,0,0,0,0,1,1,6,1,48,8,1686,2,2,-1,1,-1
2015100173915,1,9,0,18,0,0,1,10,1,4,4,1,2,1,28,6,-1,-1,-1,-1,1,-1
2015100174015,1,9,0,9,0,2,0,0,0,0,1,1,6,2,42,7,1360,1,5,-1,1,-1
2015100174015,2,11,0,4,0,1,0,0,0,0,3,1,1,1,28,6,9000,2,10,-1,1,-1
2015100174115,1,9,0,18,0,0,0,0,0,0,1,1,6,1,39,7,-1,-1,-1,-1,2,-1
2015100174115,2,9,0,3,0,0,0,0,1,0,2,1,6,1,48,8,-1,-1,-1,-1,1,-1
2015100174315,1,9,0,7,0,8,0,0,0,0,1,1,6,1,22,5,1784,1,8,-1,1,-1
2015100174315,2,9,0,9,0,8,0,0,0,0,1,1,6,1,67,10,1794,1,9,-1,1,-1
2015100174815,1,9,0,18,0,8,0,0,0,0,0,1,6,1,26,6,1597,1,11,-1,1,-1
2015100174815,2,3,0,18,0,8,0,0,0,0,0,1,6,1,28,6,124,1,2,-1,1,-1
2015100175015,1,11,0,4,0,1,0,0,0,0,0,1,1,1,34,6,7300,2,15,-1,-1,-1
2015100175115,1,9,0,6,0,0,0,0,0,0,3,1,6,2,44,7,1229,1,4,-1,1,-1
2015100175115,2,9,0,18,0,0,0,0,0,0,1,1,6,2,28,6,1896,2,8,-1,1,-1
2015100176415,1,5,0,13,0,0,0,0,0,0,4,1,6,1,40,7,600,1,15,-1,1,-1
2015100176815,1,9,0,18,0,0,0,0,0,0,1,1,1,1,41,7,1896,2,11,-1,1,-1
2015100176815,2,9,0,18,0,0,0,0,0,0,1,1,1,2,45,7,1968,2,5,-1,1,-1
2015100176815,3,9,0,4,0,0,0,0,0,0,2,1,1,2,51,8,2179,2,6,-1,1,-1
2015100177115,1,9,0,18,0,8,0,0,0,0,1,1,6,2,20,4,1388,1,11,-1,1,-1
2015100177115,2,9,0,9,0,5,0,0,0,0,4,1,6,2,19,4,1240,1,10,-1,1,-1
2015100177415,1,9,0,18,0,0,2,10,1,11,1,1,6,1,19,4,998,1,2,-1,2,-1
2015100177815,1,9,0,17,0,0,0,0,0,0,1,1,6,1,44,7,1493,1,17,-1,1,-1
2015100177815,2,9,0,16,0,0,0,0,0,0,1,1,6,1,34,6,1587,1,8,-1,2,-1
2015100178115,1,9,0,18,0,0,2,10,1,10,4,1,2,1,51,8,1598,2,2,-1,1,-1
2015100178215,1,9,0,18,0,1,0,0,0,0,1,1,6,1,66,10,1686,2,7,-1,-1,-1
2015100178515,1,9,0,18,0,1,0,0,0,0,1,1,6,2,64,9,1398,1,5,-1,3,-1
2015100178515,2,9,0,7,0,1,0,0,0,0,2,1,1,2,50,8,2993,2,1,-1,-1,-1
2015100178715,1,9,0,18,0,8,1,0,0,6,1,1,2,2,28,6,2401,2,12,-1,1,-1
2015100178715,2,9,0,12,0,7,0,0,0,0,0,1,6,3,-1,-1,-1,-1,-1,-1,-1,-1
2015100178815,1,9,0,18,0,8,0,0,0,0,3,1,6,1,56,9,1995,2,3,-1,2,-1
2015100178815,2,3,0,18,0,8,0,0,0,0,4,1,6,1,43,7,124,1,3,-1,1,-1
2015100178915,1,8,0,18,0,0,0,0,0,0,4,1,1,1,31,6,1910,2,9,-1,1,-1
2015100179015,1,9,0,18,0,0,1,0,0,0,1,1,6,1,51,8,998,1,1,-1,2,-1
2015100179015,2,9,0,3,0,0,0,0,0,0,2,1,6,2,50,8,1198,1,1,-1,1,-1
2015100179015,3,9,0,3,0,0,0,0,0,0,2,1,6,2,38,7,1998,2,6,-1,1,-1
2015100179315,1,11,0,2,0,0,0,0,0,0,0,1,1,1,55,8,6700,2,4,-1,1,-1
2015100179715,1,9,0,18,9,0,0,0,0,0,4,1,6,3,-1,-1,998,1,15,-1,-1,-1
2015100179815,1,9,0,18,0,0,0,0,0,0,1,1,6,2,23,5,1596,1,3,-1,1,-1
2015100179815,2,9,0,12,0,0,0,0,0,0,2,1,6,1,38,7,1896,2,8,-1,1,-1
2015100179815,3,9,0,18,0,0,0,0,0,0,2,1,6,1,43,7,998,1,2,-1,-1,-1
2015100180415,1,9,0,18,0,0,1,0,5,2,3,1,6,3,-1,-1,1998,1,5,-1,-1,-1
2015100180415,2,9,0,18,0,0,0,1,0,0,1,1,6,1,70,10,2776,2,8,-1,2,-1
2015100180415,3,9,0,18,0,0,0,0,0,0,4,1,6,1,53,8,1956,2,1,-1,2,-1
2015100180515,1,9,0,9,0,5,0,0,0,0,3,1,6,1,51,8,1794,1,9,-1,-1,-1
2015100180615,1,9,0,18,0,0,5,0,1,4,1,1,6,2,19,4,1399,2,10,-1,1,-1
2015100180715,1,9,0,1,0,8,0,0,0,0,2,1,6,1,57,9,1461,2,3,-1,1,-1
2015100180715,2,9,0,1,0,8,0,0,0,0,2,1,6,1,62,9,1598,1,9,-1,1,-1
2015100180815,1,9,0,7,0,2,0,0,0,0,1,1,2,2,24,5,1124,1,10,-1,1,-1
2015100180915,1,9,0,17,0,0,0,0,1,1,1,1,6,1,30,6,1390,1,4,-1,1,-1
2015100181015,1,5,0,16,0,0,5,0,0,0,1,1,6,1,45,7,599,1,2,-1,1,-1
2015100181015,2,5,0,17,0,0,5,0,0,0,1,1,6,1,51,8,1050,1,4,-1,1,-1
2015100181115,1,9,0,18,0,2,0,0,0,0,4,1,6,2,50,8,1395,1,1,-1,1,-1
2015100181215,1,9,0,4,0,1,0,0,0,0,1,1,2,1,41,7,1560,2,4,-1,2,-1
2015100181215,2,9,0,3,0,1,0,0,0,0,2,1,6,2,35,6,1796,1,3,-1,1,-1
2015100181315,1,9,0,18,0,0,0,0,0,0,1,1,6,1,17,4,1229,1,4,-1,1,-1
2015100181315,2,9,0,18,0,0,0,0,0,0,2,1,6,1,48,8,1799,1,7,-1,-1,-1
2015100181315,3,9,0,18,0,0,0,0,0,0,0,1,6,3,-1,-1,-1,-1,-1,-1,-1,-1
2015100182215,1,8,0,1,0,0,0,0,0,11,2,1,1,1,51,8,1686,2,7,-1,1,-1
2015100182315,1,9,0,18,0,0,0,4,0,0,1,1,6,2,20,4,-1,-1,-1,-1,1,-1
2015100182315,2,9,0,2,0,0,0,0,0,0,2,1,6,1,20,4,1368,1,5,-1,1,-1
2015100182415,1,9,0,18,0,0,0,0,0,0,1,1,6,3,-1,-1,2148,2,6,-1,-1,-1
2015100182715,1,9,0,7,0,3,0,0,0,0,1,1,6,2,83,11,1240,1,8,-1,1,-1
2015100182715,2,9,0,3,0,2,0,0,0,0,2,1,6,1,29,6,1598,2,2,-1,2,-1
2015100182815,1,9,0,6,0,0,0,0,0,0,3,1,6,1,32,6,1229,1,3,-1,1,-1
2015100182815,2,1,0,18,0,0,0,0,0,0,1,1,1,1,29,6,-1,-1,-1,-1,1,-1
2015100183615,1,19,0,9,0,8,0,0,0,0,1,1,1,1,40,7,1997,2,14,-1,-1,-1
2015100183615,2,9,0,18,0,8,0,0,0,0,1,1,2,2,40,7,1461,2,3,-1,1,-1
2015100184015,1,19,0,13,0,0,0,0,0,0,4,1,1,1,34,6,2143,2,1,-1,1,-1
2015100184015,2,1,0,18,0,0,0,0,1,0,3,1,6,1,72,10,-1,-1,-1,-1,1,-1
2015100184115,1,9,0,18,0,8,0,0,0,0,1,1,6,1,22,5,998,1,3,-1,1,-1
2015100184115,2,11,0,9,0,5,0,0,0,0,3,1,1,1,34,6,9600,2,15,-1,1,-1
2015100184215,1,9,0,18,9,8,1,0,2,0,1,1,6,1,29,6,1796,1,13,-1,1,-1
2015100184215,2,9,0,18,0,8,0,0,0,0,0,1,6,1,28,6,1796,1,11,-1,1,-1
2015100184315,1,9,0,9,0,6,0,0,0,0,1,1,6,2,46,8,1584,1,10,-1,1,-1
2015100184315,2,5,0,18,0,8,1,0,7,0,4,1,6,1,52,8,1352,1,8,-1,1,-1
2015100184515,1,9,0,18,0,1,0,0,0,0,4,1,6,2,21,5,1390,1,9,-1,1,-1
2015100184615,1,9,0,18,0,8,0,0,0,0,1,1,6,2,87,11,-1,-1,-1,-1,1,-1
2015100184615,2,1,0,18,0,8,5,0,0,0,4,1,6,1,69,10,-1,-1,-1,-1,-1,-1
2015100184715,1,9,0,18,0,1,0,0,0,0,1,1,2,1,32,6,1197,1,1,-1,1,-1
2015100184715,2,1,0,18,0,1,0,0,0,0,2,1,6,1,46,8,-1,-1,-1,-1,1,-1
2015100184815,1,9,0,4,0,0,0,0,0,0,3,1,6,2,27,6,1598,1,2,-1,1,-1
2015100185015,1,9,0,18,0,0,0,0,4,6,1,1,6,1,25,5,-1,-1,-1,-1,1,-1
2015100185015,2,9,0,18,0,0,0,0,0,0,0,1,6,3,-1,-1,-1,-1,-1,-1,-1,-1
2015100185115,1,9,0,18,0,0,0,0,0,0,1,1,6,2,48,8,1242,1,4,-1,1,-1
2015100185115,2,9,0,3,0,0,0,0,0,0,2,1,6,2,39,7,1461,2,11,-1,1,-1
2015100185815,1,9,0,18,0,1,0,0,0,0,1,1,6,1,23,5,1248,2,4,-1,1,-1
2015100185815,2,9,0,3,0,1,0,0,0,0,2,1,6,2,67,10,1968,2,2,-1,-1,-1
2015100186415,1,9,0,18,0,0,0,0,0,0,1,1,6,1,46,8,2204,2,8,-1,-1,-1
2015100186415,2,19,0,18,0,0,0,0,0,0,2,1,6,2,-1,-1,2198,2,4,-1,-1,-1
2015100186415,3,9,0,4,0,0,0,0,0,0,1,1,6,1,25,5,1956,2,2,-1,1,-1
2015100186715,1,11,0,5,2,1,0,0,0,0,0,1,1,1,50,8,6370,2,7,-1,1,-1
2015100187315,1,9,0,18,0,0,0,0,0,0,1,1,6,1,55,8,1398,2,4,-1,1,-1
2015100187315,2,9,0,18,0,0,0,0,0,0,2,1,6,2,29,6,1242,1,1,-1,1,-1
2015100187615,1,9,0,5,0,1,0,0,0,0,1,1,2,2,19,4,1390,1,1,-1,2,-1
2015100187615,2,9,0,4,0,1,0,0,0,0,2,1,6,2,48,8,1242,1,4,-1,2,-1
2015100187915,1,19,0,18,0,0,0,0,0,0,2,1,1,1,42,7,2460,2,7,-1,1,-1
2015100187915,2,8,0,18,0,0,0,0,0,0,3,1,1,1,21,5,1797,8,-1,-1,-1,-1
2015100188015,1,9,0,9,0,1,0,0,0,0,1,1,6,2,-1,-1,1461,2,13,-1,1,-1
2015100188015,2,1,0,18,0,1,0,0,0,0,1,1,1,1,52,8,-1,-1,-1,-1,2,-1
2015100189215,1,9,0,18,0,1,0,0,0,0,1,1,6,1,-1,-1,1870,2,12,-1,-1,-1
2015100189215,2,9,0,3,0,1,0,0,0,0,2,1,1,1,30,6,1956,2,5,-1,-1,-1
2015100189615,1,9,0,9,0,6,0,0,0,0,3,1,6,2,-1,-1,1598,2,2,-1,1,-1
2015100189615,2,2,0,18,0,1,0,0,0,0,1,1,2,1,16,4,49,1,11,-1,1,-1
2015100189815,1,9,0,14,0,0,0,0,0,0,4,1,6,1,88,11,1596,1,9,-1,3,-1
2015100189815,2,11,0,3,0,0,0,0,0,0,3,1,1,1,35,6,9000,2,10,-1,2,-1
2015100189915,1,9,0,18,0,1,0,0,0,0,1,1,6,3,-1,-1,-1,-1,-1,-1,-1,-1
2015100189915,2,9,0,3,0,1,0,0,0,0,2,1,6,2,22,5,998,1,12,-1,1,-1
2015100192115,1,9,0,18,0,0,2,0,7,0,1,1,6,1,30,6,1998,1,10,-1,1,-1
2015100192215,1,9,0,4,0,4,0,0,0,0,1,1,1,2,-1,-1,1796,1,6,-1,-1,-1
2015100192215,2,9,0,3,0,1,0,0,0,0,2,1,6,1,42,7,1900,2,9,-1,1,-1
2015100192315,1,9,0,18,0,0,0,0,0,0,1,1,6,1,61,9,1388,1,14,-1,1,-1
2015100192415,1,9,0,13,0,0,5,0,7,0,3,1,6,1,21,5,1686,2,13,-1,-1,-1
2015100192615,1,9,0,18,0,0,5,10,7,0,4,1,2,2,17,4,998,1,5,-1,1,-1
2015100192815,1,9,0,18,0,1,0,0,0,0,1,1,6,3,-1,-1,-1,-1,-1,-1,-1,-1
2015100192815,2,1,0,18,0,1,0,0,0,0,2,1,6,1,54,8,-1,-1,-1,-1,1,-1
2015100192915,1,9,0,1,0,2,0,0,0,0,2,1,1,3,-1,-1,2198,2,10,-1,-1,-1
2015100193015,1,9,0,18,0,2,0,0,0,0,1,1,6,3,-1,-1,1597,1,17,-1,-1,-1
2015100193115,1,9,0,18,0,0,0,0,0,0,1,1,2,1,43,7,2494,2,2,-1,-1,-1
2015100193115,2,9,0,18,0,0,0,0,1,0,1,1,6,1,50,8,-1,-1,-1,-1,2,-1
2015100193315,1,9,0,9,0,8,0,0,0,0,1,1,2,1,33,6,2979,1,12,-1,1,-1
2015100193315,2,1,0,18,0,3,0,0,0,0,4,1,2,1,48,8,-1,-1,-1,-1,1,-1
2015100193515,1,9,0,9,0,6,0,0,0,0,3,1,6,2,27,6,1149,1,15,-1,1,-1
2015100193515,2,9,0,18,0,1,0,0,0,0,1,1,6,1,77,11,1198,1,1,-1,1,-1