Accident_Index,Vehicle_Reference,Vehicle_Type,Towing_and_Articulation,Vehicle_Manoeuvre,Vehicle_Location-Restricted_Lane,Junction_Location,Skidding_and_Overturning,Hit_Object_in_Carriageway,Vehicle_Leaving_Carriageway,Hit_Object_off_Carriageway,1st_Point_of_Impact,Was_Vehicle_Left_Hand_Drive?,Journey_Purpose_of_Driver,Sex_of_Driver,Age_of_Driver,Age_Band_of_Driver,Engine_Capacity_(CC),Propulsion_Code,Age_of_Vehicle,Driver_IMD_Decile,Driver_Home_Area_Type,Vehicle_IMD_Decile
2015100227915,1,9,0,18,0,0,0,0,0,0,1,1,6,2,61,9,1598,1,6,-1,1,-1
2015100227915,2,9,0,18,0,0,0,0,0,0,4,1,2,1,32,6,1360,1,12,-1,1,-1
2015100227915,3,9,0,3,0,0,0,0,4,6,1,1,6,2,42,7,1798,1,5,-1,1,-1
2015100228015,1,9,0,18,0,2,0,0,0,0,0,1,6,3,-1,-1,1397,1,8,-1,-1,-1
2015100228015,2,11,0,18,0,2,0,0,0,0,0,1,6,1,41,7,9000,2,14,-1,1,-1
2015100228215,1,9,0,18,0,6,0,0,1,0,1,1,6,1,42,7,1796,1,12,-1,1,-1
2015100228215,2,5,0,18,0,8,0,0,7,0,4,1,6,1,66,10,1584,1,8,-1,1,-1
2015100228415,1,5,0,18,0,3,1,0,0,0,1,1,6,1,31,6,1649,1,4,-1,2,-1
2015100228415,2,10,0,17,0,8,0,0,0,0,3,1,6,1,34,6,-1,-1,-1,-1,2,-1
2015100228615,1,9,0,5,0,4,0,0,0,0,1,1,6,1,55,8,998,1,2,-1,2,-1
2015100228615,2,1,0,18,0,8,0,0,0,0,2,1,6,1,53,8,-1,-1,-1,-1,2,-1
2015100228715,1,11,0,18,0,2,0,0,0,0,4,1,1,1,44,7,6871,2,12,-1,1,-1
2015100228915,1,9,0,7,0,6,0,0,0,0,1,1,6,2,50,8,2179,2,1,-1,1,-1
2015100229215,1,9,0,4,0,0,0,0,0,0,1,1,6,3,-1,-1,-1,-1,-1,-1,-1,-1
2015100229215,2,19,0,3,0,0,0,0,0,0,2,1,1,1,24,5,1560,2,3,-1,1,-1
2015100229515,1,9,0,5,0,3,0,0,0,0,1,1,1,2,34,6,1242,1,4,-1,1,-1
2015100229515,2,9,0,5,0,3,0,0,0,0,1,1,1,1,46,8,1339,1,9,-1,1,-1
2015100229515,3,9,0,5,0,3,0,0,0,0,0,1,1,1,36,7,1686,2,3,-1,1,-1
2015100229815,1,9,0,18,0,1,0,0,0,0,1,1,6,2,18,4,1587,1,13,-1,-1,-1
2015100229815,2,9,0,3,0,1,0,0,0,0,2,1,2,1,34,6,1796,1,8,-1,1,-1
2015100230315,1,9,0,5,0,4,0,0,0,0,1,1,6,2,74,10,1461,2,2,-1,1,-1
2015100230315,2,9,0,5,0,4,0,0,0,0,2,1,6,2,47,8,1586,1,10,-1,-1,-1
2015100230415,1,9,0,17,0,0,1,0,0,7,1,1,6,2,37,7,1360,1,8,-1,1,-1
2015100230415,2,9,0,16,0,0,0,0,0,0,1,1,6,1,41,7,1968,2,6,-1,1,-1
2015100230715,1,9,0,18,0,8,0,0,0,0,1,1,6,2,63,9,-1,-1,-1,-1,1,-1
2015100230715,2,1,0,18,0,8,0,0,0,0,1,1,6,1,36,7,-1,-1,-1,-1,1,-1
2015100231015,1,9,0,9,0,5,0,0,0,0,1,1,6,1,67,10,1240,1,9,-1,1,-1
2015100231015,2,9,0,18,0,8,0,0,0,0,1,1,2,1,49,8,-1,3,1,-1,1,-1
2015100231415,1,9,0,18,0,0,0,0,0,0,4,1,1,1,59,9,-1,-1,-1,-1,1,-1
2015100231615,1,9,0,18,0,2,0,7,0,0,1,1,1,1,43,7,1198,1,2,-1,1,-1
2015100231715,1,19,0,18,0,8,0,0,8,11,4,1,2,1,32,6,1753,2,11,-1,1,-1
2015100231715,2,9,0,18,0,8,0,0,1,0,3,1,2,2,48,8,1598,1,7,-1,1,-1
2015100231915,1,1,0,18,0,0,0,0,0,0,1,1,6,2,32,6,-1,-1,-1,-1,1,-1
2015100231915,2,9,0,17,0,0,0,0,0,0,4,1,6,2,46,8,1998,1,2,-1,1,-1
2015100232315,1,9,0,9,0,5,0,0,0,0,0,1,2,3,-1,-1,-1,-1,-1,-1,-1,-1
2015100232315,2,9,0,9,0,5,0,0,0,0,1,1,2,1,45,7,1968,2,1,-1,1,-1
2015100232315,3,3,0,18,0,8,0,0,0,0,1,1,2,1,23,5,124,1,6,-1,1,-1
2015100232415,1,9,0,7,0,6,0,0,0,0,1,1,1,2,40,7,1598,2,3,-1,1,-1
2015100232415,2,1,0,18,0,8,0,0,0,0,3,1,6,1,49,8,-1,-1,-1,-1,1,-1
2015100232515,1,19,0,9,0,5,0,0,0,0,1,1,2,1,34,6,2402,2,9,-1,1,-1
2015100232515,2,3,0,18,0,8,0,0,0,0,1,1,2,1,49,8,125,1,6,-1,1,-1
2015100232615,1,9,0,18,0,2,0,0,0,0,1,1,2,2,51,8,1461,2,-1,-1,1,-1
2015100232615,2,9,0,3,0,2,0,0,0,0,2,1,2,1,24,5,1198,1,10,-1,1,-1
2015100232615,3,9,0,3,0,2,0,0,0,0,2,1,2,2,46,8,1598,1,2,-1,1,-1
2015100232715,1,9,0,13,0,0,0,0,0,0,0,1,6,3,-1,-1,-1,-1,-1,-1,-1,-1
2015100232715,2,9,0,16,0,0,1,0,1,11,3,1,6,1,47,8,2000,2,6,-1,1,-1
2015100232715,3,9,0,17,0,0,0,0,0,10,1,1,1,1,47,8,-1,-1,-1,-1,3,-1
2015100232715,4,21,1,16,0,0,0,0,0,0,2,1,1,1,50,8,16123,2,10,-1,1,-1
2015100232815,1,9,0,18,0,0,0,0,0,0,1,1,6,1,35,6,1560,2,4,-1,1,-1
2015100232815,2,9,0,4,0,0,0,0,0,0,2,1,6,2,59,9,1248,2,4,-1,3,-1
2015100232915,1,9,0,7,0,6,0,0,7,11,3,1,6,2,43,7,998,1,6,-1,-1,-1
2015100232915,2,9,0,18,0,8,0,0,0,0,1,1,6,1,35,6,-1,-1,-1,-1,2,-1
2015100233015,1,9,0,18,0,8,0,0,1,0,1,1,1,1,-1,-1,2993,2,1,-1,-1,-1
2015100233015,2,9,0,18,0,8,2,0,7,0,4,1,1,1,50,8,1598,2,-1,-1,1,-1
2015100233115,1,9,0,18,0,1,0,0,0,0,1,1,6,1,59,9,1598,1,10,-1,1,-1
2015100233115,2,4,0,18,0,1,0,0,0,0,1,1,2,1,57,9,244,1,8,-1,1,-1
2015100233115,3,9,0,18,0,1,0,0,0,0,0,1,1,1,42,7,1753,2,4,-1,1,-1
2015100233815,1,9,0,18,0,8,0,0,0,0,1,1,6,1,23,5,1686,2,11,-1,1,-1
2015100233815,2,9,0,18,0,8,0,0,0,0,4,1,6,1,58,9,1364,1,9,-1,-1,-1
2015100234215,1,9,0,18,0,8,0,0,0,0,3,1,6,1,67,10,2231,2,5,-1,1,-1
2015100234215,2,1,0,18,0,8,0,0,0,0,1,1,6,1,21,5,-1,-1,-1,-1,-1,-1
2015100234515,1,11,0,4,0,1,0,0,0,0,0,1,1,1,48,8,3900,2,9,-1,1,-1
2015100234615,1,5,0,16,0,0,2,0,0,0,3,1,6,1,35,6,599,1,18,-1,-1,-1
2015100234615,2,9,0,17,0,0,0,0,0,0,1,1,6,1,72,10,1997,2,13,-1,1,-1
2015100234915,1,9,0,18,0,1,0,0,0,0,1,1,6,2,80,11,1339,1,7,-1,1,-1
2015100234915,2,9,0,10,0,1,0,0,7,0,2,1,6,2,46,8,1968,2,1,-1,1,-1
2015100235415,1,9,0,18,0,8,0,0,0,0,1,1,6,3,-1,-1,-1,-1,-1,-1,-1,-1
2015100235415,2,1,0,18,0,8,0,0,0,0,3,1,2,1,25,5,-1,-1,-1,-1,1,-1
2015100235515,1,9,0,4,0,1,0,0,0,0,1,1,6,1,41,7,1242,1,3,-1,1,-1
2015100235515,2,9,0,3,0,1,0,0,0,0,2,1,6,1,36,7,1968,2,5,-1,1,-1
2015100235615,1,9,0,4,0,3,0,0,0,0,1,1,6,1,52,8,2393,1,10,-1,1,-1
2015100235615,2,9,0,3,0,3,0,0,0,0,2,1,6,1,40,7,1598,1,9,-1,1,-1
2015100235815,1,19,0,18,0,0,0,0,0,0,1,1,2,1,34,6,1968,2,3,-1,1,-1
2015100235815,2,9,0,18,0,0,0,0,0,0,2,1,2,2,24,5,1198,1,4,-1,1,-1
2015100235815,3,9,0,11,0,0,0,0,0,0,0,1,2,3,-1,-1,-1,-1,-1,-1,1,-1
2015100236015,1,9,0,18,0,0,0,0,0,0,1,1,6,1,52,8,-1,-1,-1,-1,1,-1
2015100236015,2,5,0,18,0,0,0,0,0,0,1,1,6,1,25,5,599,1,8,-1,1,-1
2015100236515,1,9,0,4,0,1,0,0,0,0,1,1,6,1,21,5,1896,2,9,-1,1,-1
2015100236515,2,9,0,3,0,1,0,0,0,0,2,1,6,2,28,6,1461,2,3,-1,1,-1
2015100237015,1,9,0,1,0,0,0,0,0,0,2,1,6,1,77,11,1389,1,12,-1,1,-1
2015100237315,1,9,0,18,0,2,0,0,0,0,1,1,6,2,55,8,1242,1,2,-1,3,-1
2015100237315,2,1,0,18,0,2,0,0,1,0,1,1,6,1,35,6,-1,-1,-1,-1,1,-1
2015100237815,1,9,0,18,0,0,0,0,0,0,1,1,6,2,22,5,1242,1,2,-1,1,-1
2015100237815,2,9,0,3,0,0,0,0,0,0,2,1,6,2,46,8,1299,1,13,-1,2,-1
2015100238115,1,9,0,18,0,8,0,0,0,0,1,1,2,2,24,5,1198,1,3,-1,2,-1
2015100238115,2,9,0,9,0,8,0,0,0,0,3,1,6,1,51,8,1590,1,14,-1,1,-1
2015100238215,1,9,0,18,0,0,0,0,0,0,1,1,6,2,18,4,998,1,5,-1,2,-1
2015100238215,2,9,0,3,0,0,0,0,0,0,2,1,6,1,57,9,1968,2,1,-1,3,-1
2015100238615,1,9,0,18,0,0,0,0,0,0,1,1,1,1,29,6,-1,-1,-1,-1,1,-1
2015100238615,2,9,0,3,0,0,0,0,0,0,2,1,6,1,67,10,1229,1,7,-1,1,-1
2015100238815,1,11,0,18,0,0,0,0,0,0,0,1,1,1,-1,-1,5900,2,10,-1,-1,-1
2015100239115,1,9,0,16,0,0,0,0,1,11,1,1,1,1,53,8,1329,1,3,-1,1,-1
2015100239215,1,9,0,5,0,6,0,0,0,0,3,1,1,2,24,5,1197,1,1,-1,-1,-1
2015100239215,2,9,0,16,0,8,0,0,0,0,1,1,1,2,26,6,1598,1,16,-1,-1,-1
2015100239615,1,9,0,18,0,0,0,0,0,0,2,1,6,1,46,8,1997,2,10,-1,-1,-1
2015100239615,2,9,0,3,0,0,0,0,0,0,2,1,1,2,53,8,1242,1,7,-1,1,-1
2015100240215,1,21,1,18,0,1,0,0,0,0,1,1,1,1,51,8,12777,2,7,-1,1,-1
2015100240215,2,9,0,10,0,1,0,0,0,0,2,1,6,2,25,5,1149,1,7,-1,1,-1
2015100240215,3,9,0,8,0,1,0,0,0,0,3,1,2,2,58,9,1240,1,9,-1,1,-1
2015100240415,1,9,0,6,0,5,0,0,0,0,4,1,3,1,46,8,1461,2,1,-1,1,-1
2015100240415,2,1,0,18,0,8,0,0,0,0,1,1,1,1,40,7,-1,-1,-1,-1,1,-1
2015100240715,1,9,0,18,0,8,0,0,2,0,1,1,6,2,54,8,1560,2,7,-1,1,-1
2015100240715,2,9,0,3,0,8,0,0,0,0,2,1,6,1,28,6,1598,2,2,-1,1,-1
2015100240915,1,9,0,9,0,6,0,0,0,0,2,1,6,3,-1,-1,-1,-1,-1,-1,-1,-1
2015100241415,1,9,0,9,0,5,0,0,0,0,1,1,6,1,-1,-1,-1,-1,-1,-1,1,-1
2015100241415,2,9,0,18,0,8,0,0,0,0,3,1,2,1,24,5,-1,-1,-1,-1,1,-1
2015100241615,1,19,0,18,0,0,0,0,1,10,1,1,2,1,63,9,2402,2,9,-1,-1,-1
2015100241915,1,9,0,18,0,0,0,0,0,0,1,1,6,1,31,6,1248,2,10,-1,1,-1
2015100241915,2,9,0,3,0,0,0,0,0,0,2,1,6,1,42,7,1149,1,9,-1,1,-1
2015100242115,1,9,0,9,0,5,0,0,0,0,1,1,6,1,30,6,1149,1,12,-1,1,-1
2015100242115,2,9,0,18,0,8,0,0,0,0,3,1,6,1,28,6,1461,2,8,-1,1,-1
2015100242115,3,9,0,2,0,8,0,0,0,0,0,1,6,1,31,6,1686,2,11,-1,1,-1
2015100242315,1,9,0,18,5,2,0,0,1,0,1,1,6,1,25,5,1560,2,2,-1,1,-1
2015100242715,1,9,0,18,0,1,0,0,0,0,1,1,6,3,-1,-1,1388,1,12,-1,-1,-1
2015100242715,2,9,0,3,0,1,0,0,0,0,2,1,6,1,30,6,1796,1,11,-1,1,-1
2015100242915,1,9,0,1,0,0,0,0,0,0,2,1,6,2,41,7,1341,1,12,-1,-1,-1
2015100242915,2,9,0,18,0,0,0,0,0,0,1,1,6,1,44,7,1781,1,20,-1,1,-1
2015100243315,1,11,0,18,0,0,0,0,0,0,0,1,1,1,35,6,9000,2,8,-1,1,-1
2015100243615,1,9,0,1,0,1,0,0,0,0,2,1,6,1,30,6,1896,2,12,-1,1,-1
2015100243615,2,9,0,3,0,1,0,0,0,0,1,1,6,1,30,6,1997,2,10,-1,1,-1
2015100243915,1,9,0,12,0,1,1,0,1,4,1,1,2,1,26,6,1242,1,8,-1,1,-1
2015100243915,2,9,0,18,0,1,5,0,0,0,2,1,2,1,28,6,1149,1,10,-1,1,-1
2015100244115,1,9,0,18,0,1,0,10,2,10,1,1,1,1,31,6,1796,1,9,-1,1,-1
2015100244115,2,9,0,3,0,1,0,0,0,10,4,1,6,1,25,5,-1,-1,-1,-1,1,-1
2015100244215,1,9,0,9,0,2,0,0,0,0,3,1,6,2,66,10,1360,1,4,-1,1,-1
2015100244215,2,9,0,18,0,1,0,0,0,0,1,1,1,1,37,7,2231,2,5,-1,1,-1
2015100244315,1,9,0,9,0,8,0,0,0,0,1,1,6,2,22,5,1198,1,3,-1,1,-1
2015100244315,2,9,0,18,0,8,1,0,0,0,1,1,6,1,39,7,1598,1,11,-1,1,-1
2015100244415,1,9,0,6,0,0,0,0,0,0,3,1,6,1,22,5,1598,1,10,-1,1,-1
2015100244415,2,3,0,13,0,0,0,0,0,0,4,1,6,1,52,8,125,1,1,-1,-1,-1
2015100244515,1,5,0,18,0,0,2,0,4,6,1,1,2,1,46,8,998,1,8,-1,-1,-1
2015100244915,1,9,0,12,0,0,0,0,0,0,2,1,6,1,46,8,1910,2,8,-1,1,-1
2015100244915,2,5,0,13,0,0,2,0,0,0,4,1,6,1,30,6,-1,-1,-1,-1,1,-1
2015100245015,1,9,0,18,0,1,0,0,0,0,1,1,6,3,-1,-1,-1,-1,-1,-1,-1,-1
2015100245015,2,9,0,3,0,1,0,0,0,0,2,1,6,2,26,6,1086,1,6,-1,1,-1
2015100245315,1,19,0,18,0,8,0,0,0,0,3,1,6,1,38,7,1248,2,1,-1,1,-1
2015100245315,2,9,0,18,0,1,0,0,0,0,1,1,6,1,24,5,2993,2,9,-1,1,-1
2015100245415,1,11,0,9,0,8,0,0,0,0,0,1,1,1,36,7,6370,2,2,-1,1,-1
2015100245515,1,9,0,18,0,1,0,0,0,0,0,1,6,1,24,5,1229,1,11,-1,-1,-1
2015100245515,2,9,0,2,0,1,0,0,0,0,2,1,6,1,58,9,-1,-1,-1,-1,-1,-1
2015100246015,1,11,0,5,0,0,0,0,0,0,0,1,1,1,23,5,4500,2,4,-1,-1,-1
2015100246215,1,9,0,12,0,0,0,0,0,0,3,1,6,2,-1,-1,1598,2,2,-1,1,-1
2015100246215,2,9,0,18,0,0,0,0,0,0,4,1,6,1,40,7,1560,2,5,-1,-1,-1
2015100246315,1,9,0,5,0,4,0,0,0,0,1,1,6,1,39,7,1598,1,12,-1,1,-1
2015100246315,2,1,0,5,0,4,0,0,0,0,1,1,6,1,52,8,-1,-1,-1,-1,-1,-1
2015100246415,1,11,0,18,0,0,0,0,0,0,1,1,1,1,60,9,-1,2,15,-1,1,-1
2015100246515,1,9,0,9,0,2,0,0,1,10,4,1,6,2,83,11,1390,1,12,-1,1,-1
2015100247015,1,9,0,9,0,2,0,0,0,0,1,1,6,1,37,7,1598,1,1,-1,1,-1
2015100247015,2,9,0,18,0,1,0,0,0,0,1,1,2,1,44,7,1999,1,10,-1,1,-1
2015100247015,3,9,0,2,0,2,0,0,0,0,3,1,2,3,-1,-1,2401,2,12,-1,1,-1
2015100247615,1,8,0,1,0,0,0,0,0,0,2,1,1,1,51,8,1461,2,4,-1,1,-1
2015100247915,1,9,0,4,0,0,0,11,0,0,2,1,6,1,24,5,998,1,1,-1,1,-1
2015100247915,2,9,0,18,0,0,0,0,0,0,1,1,6,2,36,7,1461,2,4,-1,1,-1
2015100247915,3,9,0,4,0,0,0,0,0,0,2,1,6,1,36,7,-1,-1,-1,-1,2,-1
2015100247915,4,9,0,18,0,0,0,0,0,0,1,1,6,1,18,4,1198,1,3,-1,1,-1
2015100248615,1,9,0,9,0,8,0,0,0,0,1,1,6,2,33,6,1364,1,10,-1,2,-1
2015100248615,2,5,0,18,0,1,0,0,0,0,4,1,6,1,24,5,670,1,3,-1,1,-1
2015100248715,1,9,0,4,0,1,0,0,0,0,1,1,6,1,37,7,1968,2,6,-1,1,-1
2015100248715,2,9,0,3,0,1,0,0,0,0,2,1,6,2,42,7,1399,1,11,-1,1,-1
2015100249015,1,9,0,4,0,1,0,0,0,0,2,1,6,1,53,8,1229,1,10,-1,-1,-1
2015100249015,2,1,0,18,0,1,0,0,0,0,1,1,6,1,30,6,-1,-1,-1,-1,-1,-1
2015100249315,1,17,4,13,0,0,0,0,0,0,4,1,6,1,52,8,6788,2,-1,-1,3,-1
2015100249315,2,1,0,18,0,0,0,0,0,0,3,1,6,1,43,7,-1,-1,-1,-1,1,-1
2015100249415,1,9,0,18,0,2,0,0,0,0,3,1,6,1,54,8,1560,2,2,-1,1,-1
2015100249515,1,9,0,6,0,6,0,0,0,0,3,1,6,1,64,9,1368,1,2,-1,1,-1
2015100249515,2,1,0,18,0,8,0,0,0,0,4,1,6,1,34,6,-1,-1,-1,-1,1,-1
2015100249615,1,9,0,18,0,0,0,0,0,0,1,1,6,1,63,9,1598,1,3,-1,2,-1
2015100249815,1,9,0,18,0,0,0,0,0,0,1,1,6,1,53,8,2792,7,11,-1,2,-1
2015100249815,2,9,0,4,0,0,0,0,0,0,2,1,6,1,21,5,1398,1,2,-1,1,-1
2015100249915,1,9,0,16,0,0,0,0,7,11,0,1,6,1,25,5,1896,2,13,-1,1,-1
2015100249915,2,9,0,17,0,0,0,0,1,0,1,1,6,1,70,10,1499,2,-1,-1,1,-1
2015100250015,1,9,0,7,0,5,0,0,0,0,3,1,6,1,46,8,2993,2,-1,-1,1,-1
2015100250015,2,3,0,18,0,8,0,0,0,0,1,1,6,1,61,9,-1,-1,-1,-1,1,-1
2015100250115,1,9,0,17,0,0,0,0,1,9,1,1,6,2,75,10,999,1,4,-1,2,-1
2015100250715,1,9,0,18,0,1,0,0,0,0,1,1,2,1,37,7,-1,-1,-1,-1,2,-1
2015100250715,2,9,0,3,0,1,0,0,0,0,2,1,6,1,60,9,1242,1,3,-1,1,-1
2015100250715,3,9,0,3,0,1,0,0,0,0,2,1,6,1,21,5,1149,1,10,-1,1,-1
2015100250715,4,9,0,3,0,1,0,0,0,0,2,1,6,1,21,5,1149,1,4,-1,1,-1
2015100250815,1,9,0,18,0,1,0,0,0,0,1,1,2,1,21,5,1242,1,9,-1,1,-1
2015100250815,2,9,0,3,0,1,0,0,0,0,2,1,6,2,25,5,1390,1,3,-1,2,-1
2015100250915,1,9,0,18,0,0,2,0,7,0,1,1,6,1,76,11,1461,2,3,-1,1,-1
2015100251815,1,9,0,18,0,8,0,0,0,0,1,1,6,2,-1,-1,1360,1,13,-1,1,-1
2015100251815,2,9,0,18,0,8,0,0,0,0,2,1,2,1,34,6,1598,1,1,-1,1,-1
2015100252015,1,9,0,18,0,3,0,0,0,0,4,1,6,3,-1,-1,-1,-1,-1,-1,-1,-1
2015100252015,2,9,0,17,0,8,0,0,0,0,3,1,3,2,32,6,998,1,12,-1,1,-1
2015100252115,1,9,0,5,0,6,1,0,0,0,1,1,6,1,62,9,1995,1,14,-1,2,-1
2015100252115,2,2,0,18,0,8,0,0,0,0,1,1,6,1,17,4,49,1,3,-1,3,-1
2015100252315,1,11,0,3,6,1,0,0,0,0,0,1,1,1,52,8,-1,2,15,-1,2,-1
2015100252415,1,9,0,18,0,1,0,0,0,0,1,1,6,1,34,6,1781,1,14,-1,-1,-1
2015100252415,2,9,0,2,0,1,0,0,0,0,2,1,6,1,-1,-1,1229,1,2,-1,1,-1
2015100252615,1,9,0,18,0,0,0,0,0,0,1,1,6,2,75,10,1328,1,10,-1,1,-1
2015100252615,2,21,0,18,0,0,0,0,1,0,3,1,1,1,47,8,4461,2,7,-1,1,-1
2015100252815,1,11,0,18,0,0,0,0,0,0,0,1,1,1,44,7,4461,2,2,-1,1,-1
2015100253015,1,21,0,18,0,8,0,0,0,0,0,1,1,1,28,6,12740,2,5,-1,1,-1
2015100253015,2,16,0,18,0,8,0,0,0,0,0,1,6,2,45,7,-1,-1,-1,-1,2,-1
2015100253715,1,19,0,5,0,1,0,0,0,0,1,1,6,1,-1,-1,2402,2,15,-1,1,-1
2015100253915,1,9,0,18,0,8,0,0,0,0,3,1,6,2,40,7,2268,2,1,-1,1,-1
2015100253915,2,9,0,18,0,8,0,0,0,0,1,1,1,1,18,4,1364,1,8,-1,1,-1
2015100254315,1,9,0,18,9,1,0,0,1,0,1,1,6,3,-1,-1,-1,-1,-1,-1,-1,-1
2015100254715,1,9,0,18,0,1,0,0,0,0,1,1,2,1,29,6,1364,1,9,-1,1,-1
2015100254715,2,9,0,10,0,1,0,0,0,0,2,1,2,1,58,9,1461,2,1,-1,1,-1
2015100255115,1,9,0,17,0,0,2,10,8,11,1,1,6,2,24,5,996,1,5,-1,1,-1
2015100255215,1,9,0,3,0,0,1,0,0,0,2,1,1,1,32,6,1968,2,5,-1,1,-1
2015100255215,2,9,0,4,0,0,0,0,0,0,1,1,6,2,59,9,-1,-1,-1,-1,3,-1
2015100255215,3,9,0,4,0,0,0,0,0,0,1,1,6,1,59,9,-1,-1,-1,-1,1,-1
2015100255315,1,9,0,18,0,8,0,0,0,0,1,1,1,1,19,4,1389,1,12,-1,1,-1
2015100255315,2,9,0,18,0,8,0,0,0,0,4,1,3,1,44,7,1998,2,7,-1,1,-1
2015100255915,1,9,0,9,0,6,0,0,0,0,3,1,6,2,49,8,1968,2,4,-1,-1,-1
2015100255915,2,9,0,18,0,8,0,0,0,0,4,1,6,1,37,7,1598,1,7,-1,2,-1
2015100256115,1,9,0,13,0,0,0,0,0,0,4,1,6,1,36,7,1595,1,10,-1,1,-1
2015100256115,2,9,0,18,0,0,0,0,0,0,3,1,1,1,47,8,1956,2,6,-1,1,-1
2015100256415,1,9,0,1,0,1,0,0,0,0,2,1,6,2,41,7,1997,1,13,-1,1,-1
2015100256415,2,9,0,3,0,1,0,0,0,0,1,1,3,2,34,6,1598,1,12,-1,1,-1
2015100256615,1,9,0,9,0,5,0,0,0,0,1,1,2,2,17,4,999,1,2,-1,1,-1
2015100256615,2,9,0,18,0,8,0,0,0,0,1,1,2,2,50,8,1339,1,12,-1,1,-1
2015100256715,1,9,0,18,0,0,0,0,0,0,4,1,6,3,-1,-1,-1,-1,-1,-1,-1,-1
2015100256815,1,1,0,18,0,6,0,0,0,0,1,1,6,1,23,5,-1,-1,-1,-1,-1,-1
2015100256815,2,9,0,14,0,8,0,0,0,0,4,1,6,2,55,8,1398,1,2,-1,-1,-1
2015100257115,1,9,0,17,0,0,1,0,1,4,1,1,6,1,18,4,1242,1,14,-1,1,-1
2015100257215,1,9,0,18,0,4,0,0,0,0,1,1,6,2,33,6,1598,1,13,-1,2,-1
2015100257215,2,9,0,5,0,4,0,0,0,0,2,1,1,1,41,7,1596,1,2,-1,1,-1
2015100257315,1,1,0,18,0,6,0,0,0,0,1,1,6,1,9,2,-1,-1,-1,-1,1,-1
2015100257315,2,9,0,18,0,8,0,0,0,0,4,1,6,1,17,4,1388,1,12,-1,2,-1
2015100257515,1,9,0,18,0,1,0,0,0,0,1,1,6,1,20,4,1229,1,9,-1,1,-1
2015100257515,2,9,0,3,0,1,0,0,0,0,2,1,6,1,44,7,1968,2,3,-1,1,-1
2015100257515,3,19,0,1,0,5,0,0,0,0,0,1,1,1,33,6,-1,-1,-1,-1,-1,-1
2015100257615,1,9,0,9,0,5,0,0,0,0,4,1,6,1,68,10,2497,2,6,-1,3,-1
2015100257615,2,9,0,17,0,8,0,0,0,0,1,1,2,1,22,5,1956,2,5,-1,2,-1
2015100257815,1,9,0,16,0,0,0,0,7,11,1,1,6,1,66,10,1586,1,2,-1,1,-1
2015100257815,2,9,0,17,0,0,0,0,1,10,1,1,6,1,29,6,1198,1,8,-1,2,-1
2015100258015,1,9,0,18,0,0,1,0,0,0,1,1,2,1,22,5,1686,2,16,-1,1,-1
2015100258015,2,9,0,3,0,0,0,0,0,0,2,1,1,1,57,9,1598,2,1,-1,1,-1
2015100258315,1,9,0,18,0,1,1,10,3,2,1,1,6,1,18,4,1197,1,3,-1,1,-1
2015100258415,1,9,0,18,0,0,0,0,0,0,1,1,6,2,31,6,-1,-1,-1,-1,2,-1
2015100258415,2,19,0,18,0,0,0,0,0,0,2,1,2,1,44,7,2198,2,6,-1,2,-1
2015100258415,3,9,0,18,0,0,0,0,0,0,3,1,2,2,50,8,1390,1,2,-1,2,-1
2015100258415,4,9,0,18,0,0,0,0,0,0,3,1,2,1,44,7,2191,2,1,-1,1,-1
2015100258515,1,9,0,18,0,2,0,4,0,0,4,1,6,1,78,11,1199,1,15,-1,1,-1
2015100258515,2,9,0,2,2,2,0,0,1,0,3,1,6,1,17,4,1124,1,9,-1,1,-1
2015100258515,3,9,0,2,0,2,0,0,0,0,3,1,6,2,41,7,1242,1,4,-1,1,-1
2015100258715,1,9,0,9,0,6,0,0,0,0,4,1,6,3,-1,-1,-1,-1,-1,-1,-1,-1
2015100258715,2,9,0,16,0,8,0,0,0,0,1,1,2,2,52,8,1398,1,1,-1,1,-1
2015100259115,1,9,0,18,0,0,0,0,0,0,3,1,6,2,45,7,1397,1,4,-1,1,-1
2015100259315,1,9,0,18,0,0,0,0,0,0,3,1,6,3,-1,-1,-1,-1,-1,-1,-1,-1
2015100259415,1,9,0,7,0,6,0,0,0,0,3,1,6,2,46,8,1560,2,3,-1,3,-1
2015100259415,2,9,0,18,0,8,0,0,0,0,1,1,6,1,41,7,-1,-1,-1,-1,3,-1
2015100259615,1,9,0,18,0,1,0,0,0,0,1,1,2,1,31,6,1348,1,13,-1,1,-1
2015100259615,2,9,0,3,0,1,0,0,0,0,2,1,6,2,34,6,1896,2,11,-1,1,-1
2015100259915,1,11,0,5,0,0,0,0,0,0,0,1,6,2,44,7,-1,-1,-1,-1,1,-1
2015100260115,1,9,0,7,0,8,0,0,0,0,1,1,6,3,-1,-1,2401,2,10,-1,-1,-1
2015100260115,2,9,0,18,0,8,1,0,0,0,3,1,6,2,33,6,998,1,3,-1,1,-1
2015100260615,1,9,0,18,0,0,0,0,0,0,1,1,1,2,28,6,1149,1,12,-1,1,-1
2015100261015,1,9,0,7,0,5,0,0,0,0,1,1,6,2,52,8,1560,2,7,-1,1,-1