Accident_Index,Vehicle_Reference,Vehicle_Type,Towing_and_Articulation,Vehicle_Manoeuvre,Vehicle_Location-Restricted_Lane,Junction_Location,Skidding_and_Overturning,Hit_Object_in_Carriageway,Vehicle_Leaving_Carriageway,Hit_Object_off_Carriageway,1st_Point_of_Impact,Was_Vehicle_Left_Hand_Drive?,Journey_Purpose_of_Driver,Sex_of_Driver,Age_of_Driver,Age_Band_of_Driver,Engine_Capacity_(CC),Propulsion_Code,Age_of_Vehicle,Driver_IMD_Decile,Driver_Home_Area_Type,Vehicle_IMD_Decile
2015100261115,1,9,0,18,0,0,1,10,1,7,1,1,1,1,44,7,2148,2,11,-1,1,-1
2015100261115,2,9,0,4,0,0,0,0,0,0,2,1,6,1,47,8,-1,-1,-1,-1,3,-1
2015100261615,1,9,0,18,0,0,0,0,0,0,1,1,6,1,79,11,1896,2,8,-1,1,-1
2015100261615,2,9,0,18,0,0,0,0,0,0,2,1,6,2,51,8,1242,1,9,-1,1,-1
2015100261915,1,9,0,1,0,0,0,0,0,0,2,1,6,1,38,7,1596,1,14,-1,1,-1
2015100262115,1,9,0,4,0,1,0,0,0,0,1,1,2,2,39,7,1587,1,12,-1,1,-1
2015100262315,1,11,0,9,0,5,0,0,0,0,0,1,6,1,61,9,9000,2,8,-1,1,-1
2015100262715,1,11,0,18,0,0,0,0,0,0,1,1,1,1,-1,-1,9000,2,8,-1,-1,-1
2015100262815,1,9,0,9,0,6,0,0,0,0,1,2,6,1,83,11,1598,1,7,-1,2,-1
2015100262815,2,1,0,18,0,8,0,0,0,0,3,1,6,1,47,8,-1,-1,-1,-1,2,-1
2015100263215,1,3,0,16,0,0,1,0,0,0,1,1,6,1,21,5,125,1,1,-1,-1,-1
2015100263215,2,9,0,17,0,0,0,0,0,0,3,1,6,1,52,8,1984,1,11,-1,1,-1
2015100263315,1,9,0,18,0,0,0,0,0,0,1,1,6,1,25,5,1956,2,5,-1,1,-1
2015100263315,2,9,0,3,0,0,0,0,0,0,2,1,6,2,43,7,1598,1,1,-1,1,-1
2015100263515,1,1,0,18,0,8,0,0,0,0,1,1,4,1,12,3,-1,-1,-1,-1,1,-1
2015100263515,2,9,0,18,0,8,0,0,0,0,4,1,3,2,29,6,2183,2,4,-1,1,-1
2015100263615,1,9,0,9,0,6,0,0,0,0,1,1,6,1,33,6,1242,1,8,-1,1,-1
2015100263615,2,9,0,18,0,8,0,0,0,0,1,1,6,1,77,11,1599,1,8,-1,1,-1
2015100263715,1,9,0,18,0,2,0,0,0,0,1,1,6,2,23,5,1242,1,7,-1,-1,-1
2015100263715,2,19,0,3,0,2,0,0,0,0,2,1,1,1,38,7,2463,2,9,-1,-1,-1
2015100263815,1,1,0,18,0,1,0,0,0,0,1,1,6,1,28,6,-1,-1,-1,-1,1,-1
2015100263815,2,8,0,18,0,1,0,0,0,0,1,1,1,1,37,7,-1,-1,-1,-1,1,-1
2015100264115,1,9,0,5,0,4,0,0,0,0,1,1,6,1,79,11,998,1,-1,-1,2,-1
2015100264115,2,9,0,9,0,8,0,0,0,0,4,1,6,2,64,9,1242,1,2,-1,1,-1
2015100264215,1,9,0,1,0,2,0,7,0,0,2,1,6,1,44,7,1997,2,6,-1,1,-1
2015100264515,1,1,0,18,0,1,0,0,0,0,1,1,4,1,11,3,-1,-1,-1,-1,1,-1
2015100264515,2,19,0,18,0,1,0,0,0,0,4,1,1,1,46,8,1753,2,10,-1,1,-1
2015100264715,1,1,0,18,0,8,0,0,0,0,3,1,6,1,19,4,-1,-1,-1,-1,1,-1
2015100264715,2,9,0,18,0,6,0,0,0,0,1,1,6,1,52,8,1998,2,11,-1,1,-1
2015100264815,1,9,0,11,0,8,0,0,0,0,1,1,2,1,49,8,1398,1,-1,-1,1,-1
2015100264815,2,9,0,9,0,6,0,0,0,0,4,1,2,2,29,6,1360,1,8,-1,1,-1
2015100264915,1,1,0,18,0,0,0,0,0,0,4,1,6,1,6,2,-1,-1,-1,-1,1,-1
2015100264915,2,9,0,16,0,0,0,0,0,0,1,1,1,1,62,9,1595,1,4,-1,1,-1
2015100265215,1,9,0,18,0,1,0,0,0,0,1,1,6,1,52,8,-1,-1,-1,-1,1,-1
2015100265215,2,9,0,3,0,1,0,0,0,0,2,1,6,2,21,5,1390,2,13,-1,1,-1
2015100265515,1,9,0,17,0,0,0,0,0,2,1,1,6,2,39,7,1560,2,2,-1,1,-1
2015100265515,2,9,0,18,0,0,0,0,0,0,3,1,6,2,31,6,1560,2,6,-1,1,-1
2015100265515,3,19,0,2,0,0,0,0,0,0,2,1,6,1,40,7,-1,-1,-1,-1,1,-1
2015100265815,1,9,0,7,0,2,0,0,0,0,1,1,1,1,61,9,1390,1,11,-1,-1,-1
2015100266215,1,9,0,17,0,0,0,0,0,0,3,1,6,1,38,7,-1,-1,-1,-1,1,-1
2015100266215,2,19,0,16,0,0,0,0,0,0,3,1,6,1,28,6,2148,2,6,-1,2,-1
2015100266315,1,9,0,18,0,8,0,0,0,0,3,1,6,1,22,5,1368,1,4,-1,-1,-1
2015100266415,1,9,0,18,0,1,0,0,0,0,3,1,6,1,56,9,1390,1,10,-1,1,-1
2015100266815,1,8,0,5,0,1,0,0,0,0,0,1,1,3,-1,-1,-1,-1,-1,-1,-1,-1
2015100267015,1,9,0,9,0,6,0,0,0,0,4,1,6,1,22,5,1956,2,2,-1,1,-1
2015100267015,2,9,0,18,0,1,0,0,0,0,3,1,1,2,52,8,1339,1,9,-1,1,-1
2015100267415,1,8,0,9,0,6,0,0,0,0,1,1,1,1,49,8,1598,2,6,-1,1,-1
2015100267415,2,9,0,9,0,6,0,0,0,0,2,1,6,1,56,9,1997,2,12,-1,-1,-1
2015100267615,1,9,0,18,0,1,0,0,0,0,1,1,6,1,-1,-1,1497,1,10,-1,-1,-1
2015100267615,2,1,0,3,0,1,0,0,0,0,2,1,2,1,39,7,-1,-1,-1,-1,1,-1
2015100267715,1,9,0,7,0,5,0,0,0,0,1,1,6,2,28,6,2685,2,12,-1,-1,-1
2015100267715,2,9,0,18,0,8,0,0,0,0,4,1,6,1,68,10,1598,1,8,-1,1,-1
2015100268015,1,11,0,4,0,0,0,0,0,0,0,1,1,1,54,8,4250,2,7,-1,1,-1
2015100268015,2,9,0,2,0,0,0,0,0,0,0,1,6,1,44,7,1956,2,1,-1,-1,-1
2015100268115,1,2,0,18,0,0,0,4,0,0,1,1,6,1,20,4,-1,-1,-1,-1,1,-1
2015100268115,2,9,0,2,0,0,0,0,0,0,1,1,6,1,-1,-1,1794,1,10,-1,1,-1
2015100268615,1,9,0,1,0,2,0,0,0,0,2,1,6,3,-1,-1,-1,-1,-1,-1,-1,-1
2015100268615,2,9,0,3,0,1,0,0,0,0,1,1,2,2,46,8,998,1,3,-1,1,-1
2015100268815,1,9,0,18,0,1,0,0,0,0,1,1,6,1,27,6,1596,1,12,-1,3,-1
2015100268815,2,3,0,7,0,5,0,0,0,0,2,1,6,1,35,6,125,1,2,-1,1,-1
2015100269215,1,19,0,18,0,0,1,0,0,0,1,1,1,1,23,5,1248,2,2,-1,-1,-1
2015100269215,2,9,0,18,0,0,1,0,1,7,2,1,6,2,73,10,748,1,-1,-1,1,-1
2015100269915,1,9,0,18,0,0,0,0,0,0,1,1,6,1,73,10,1390,2,10,-1,1,-1
2015100270015,1,9,0,16,0,0,0,0,7,7,1,1,6,1,75,10,1686,2,4,-1,1,-1
2015100270215,1,9,0,16,0,0,0,0,0,0,1,1,6,1,17,4,1149,1,14,-1,1,-1
2015100270215,2,11,0,18,0,0,0,0,0,0,1,1,1,1,54,8,3900,2,13,-1,1,-1
2015100270315,1,9,0,18,0,8,5,0,8,11,1,1,6,1,23,5,1587,1,10,-1,1,-1
2015100270315,2,9,0,9,0,6,0,0,0,0,1,1,6,1,36,7,1910,2,8,-1,1,-1
2015100270315,3,9,0,2,0,1,0,0,0,0,1,1,6,1,-1,-1,1598,2,6,-1,1,-1
2015100270515,1,9,0,17,0,0,0,0,7,11,1,1,2,1,27,6,1596,1,5,-1,2,-1
2015100270715,1,9,0,18,0,8,0,0,0,0,1,1,6,1,57,9,995,1,2,-1,1,-1
2015100270815,1,9,0,18,0,1,0,0,0,0,1,1,6,1,23,5,1968,2,4,-1,1,-1
2015100270815,2,9,0,10,0,1,0,0,0,0,2,1,6,2,26,6,1896,2,11,-1,1,-1
2015100270915,1,9,3,18,0,0,3,0,7,0,1,1,6,1,57,9,2099,7,12,-1,1,-1
2015100270915,2,9,0,18,0,0,0,0,1,0,1,1,6,1,55,8,1398,1,-1,-1,2,-1
2015100271015,1,9,0,14,0,0,0,0,0,0,4,1,6,2,24,5,2993,2,5,-1,1,-1
2015100271015,2,9,0,2,0,0,0,0,0,0,3,1,6,3,-1,-1,-1,-1,-1,-1,1,-1
2015100271315,1,9,0,18,0,0,0,0,0,0,3,1,6,1,-1,-1,1600,1,15,-1,1,-1
2015100271315,2,4,0,18,0,0,0,0,0,0,4,1,6,1,37,7,397,1,15,-1,1,-1
2015100271315,3,9,0,2,0,0,0,0,0,0,0,1,1,1,-1,-1,2993,2,1,-1,-1,-1
2015100271715,1,9,0,18,0,0,0,0,0,0,1,1,1,1,39,7,-1,-1,-1,-1,1,-1
2015100271715,2,1,0,18,0,0,0,0,0,0,1,1,6,2,12,3,-1,-1,-1,-1,1,-1
2015100271915,1,11,0,5,2,1,0,0,0,0,0,1,1,2,21,5,9360,2,4,-1,1,-1
2015100272215,1,9,0,18,0,0,0,0,0,0,1,1,6,1,24,5,-1,-1,-1,-1,1,-1
2015100272315,1,9,0,18,0,1,0,0,0,0,1,1,2,1,24,5,1461,2,9,-1,2,-1
2015100272315,2,9,0,3,0,1,0,0,0,0,2,1,6,2,66,10,1399,1,4,-1,1,-1
2015100272915,1,9,0,2,0,0,0,0,0,0,3,1,6,1,30,6,1910,2,9,-1,1,-1
2015100272915,2,1,0,18,0,0,0,0,0,0,4,1,6,1,46,8,-1,-1,-1,-1,1,-1
2015100273315,1,9,0,3,0,1,0,0,0,0,2,1,2,1,39,7,1794,1,10,-1,1,-1
2015100273315,2,9,0,18,0,1,0,0,0,0,1,1,2,2,57,9,1364,1,1,-1,1,-1
2015100273415,1,9,0,7,0,5,0,0,0,0,4,1,1,1,50,8,-1,-1,-1,-1,1,-1
2015100273415,2,1,0,18,0,8,0,0,0,0,1,1,6,1,18,4,-1,-1,-1,-1,1,-1
2015100273615,1,9,0,9,0,5,0,0,0,0,4,1,6,1,79,11,1399,2,6,-1,2,-1
2015100273615,2,9,0,18,0,8,0,0,0,0,1,1,6,2,56,9,1968,2,2,-1,3,-1
2015100273715,1,9,0,18,0,1,0,0,0,0,1,1,6,1,49,8,1582,2,5,-1,1,-1
2015100273715,2,9,0,3,0,1,0,0,0,0,2,1,6,2,46,8,998,1,7,-1,1,-1
2015100273815,1,9,0,18,0,2,0,0,0,0,1,1,6,1,36,7,1986,2,10,-1,1,-1
2015100273815,2,9,0,18,0,1,0,0,0,0,1,1,6,1,41,7,2401,2,11,-1,1,-1
2015100274015,1,9,0,18,0,8,0,0,0,0,3,1,6,1,20,4,1229,1,8,-1,1,-1
2015100274015,2,1,0,18,0,8,2,0,0,0,4,1,4,1,15,3,-1,-1,-1,-1,1,-1
2015100274115,1,19,0,18,0,8,0,0,0,0,3,1,1,1,23,5,-1,-1,-1,-1,-1,-1
2015100274115,2,9,0,18,0,8,5,0,0,0,4,1,6,1,43,7,-1,-1,-1,-1,1,-1
2015100274515,1,9,0,9,0,5,0,0,0,0,3,1,1,1,23,5,-1,-1,-1,-1,2,-1
2015100274515,2,5,0,14,0,8,0,0,0,0,1,1,6,1,44,7,1050,1,8,-1,1,-1
2015100274715,1,9,0,7,0,6,0,0,0,0,1,1,6,1,30,6,1388,1,11,-1,1,-1
2015100274715,2,9,0,18,0,1,0,0,0,0,1,1,6,3,-1,-1,1896,2,9,-1,1,-1
2015100274815,1,9,0,9,0,6,0,0,0,0,3,1,2,2,18,4,973,1,13,-1,1,-1
2015100274815,2,9,0,18,0,8,0,0,0,0,1,1,2,1,34,6,1995,2,14,-1,-1,-1
2015100274915,1,3,0,7,0,3,1,0,0,0,4,1,2,1,19,4,124,1,1,-1,1,-1
2015100275315,1,9,0,18,0,8,0,0,0,0,3,1,6,1,37,7,-1,-1,-1,-1,-1,-1
2015100275315,2,9,0,18,0,8,0,0,0,0,1,1,1,1,43,7,-1,-1,-1,-1,1,-1
2015100275715,1,9,0,10,0,8,0,0,0,0,3,2,6,1,57,9,-1,-1,-1,-1,-1,-1
2015100275715,2,9,0,18,0,8,0,0,0,0,4,1,6,1,42,7,1560,2,2,-1,1,-1
2015100275915,1,9,0,5,0,0,0,0,0,0,1,1,6,1,42,7,-1,-1,-1,-1,1,-1
2015100275915,2,9,0,18,0,0,0,0,0,0,1,1,6,2,43,7,1360,1,8,-1,-1,-1
2015100276215,1,9,0,9,0,5,0,0,0,0,1,1,2,1,30,6,1248,2,3,-1,1,-1
2015100276215,2,1,0,18,0,8,0,0,0,0,1,1,2,1,43,7,-1,-1,-1,-1,1,-1
2015100276315,1,9,0,18,0,0,1,0,5,6,1,1,2,1,48,8,1910,2,8,-1,1,-1
2015100276415,1,3,0,13,0,8,0,0,7,10,1,1,6,1,18,4,124,1,1,-1,-1,-1
2015100276415,2,9,0,9,0,5,0,0,7,10,3,1,6,2,65,9,1339,1,11,-1,3,-1
2015100276515,1,9,0,7,0,6,0,0,0,0,1,1,6,1,72,10,1199,1,13,-1,1,-1
2015100276515,2,9,0,18,0,8,0,0,0,0,4,1,6,2,37,7,-1,-1,-1,-1,1,-1
2015100276615,1,9,0,5,0,1,0,0,0,0,1,1,6,2,33,6,2231,2,2,-1,3,-1
2015100276615,2,9,0,8,0,1,0,0,0,0,2,1,6,2,45,7,1339,1,12,-1,1,-1
2015100276915,1,9,0,4,0,0,0,0,0,0,1,1,6,1,36,7,1896,2,15,-1,1,-1
2015100276915,2,9,0,4,0,0,0,0,0,0,2,1,6,2,67,10,1582,2,1,-1,1,-1
2015100277115,1,9,0,1,0,0,0,0,0,0,4,1,6,2,-1,-1,-1,-1,-1,-1,-1,-1
2015100277215,1,9,0,9,0,8,0,0,0,0,1,1,6,3,-1,-1,-1,-1,-1,-1,-1,-1
2015100277215,2,1,0,9,0,8,0,0,0,0,3,1,6,1,35,6,-1,-1,-1,-1,1,-1
2015100277415,1,9,0,18,0,1,0,0,0,0,1,1,6,2,27,6,1240,1,12,-1,1,-1
2015100277415,2,9,0,10,0,1,0,0,0,0,2,1,6,2,55,8,1598,1,7,-1,1,-1
2015100277515,1,9,0,1,0,0,0,0,0,0,2,1,6,1,42,7,2497,2,10,-1,1,-1
2015100278215,1,5,0,13,0,1,0,0,7,0,4,1,6,1,72,10,996,1,12,-1,2,-1
2015100278215,2,9,0,9,0,5,0,0,0,0,3,1,6,2,35,6,2143,2,-1,-1,2,-1
2015100278315,1,9,0,18,0,8,0,0,0,0,1,1,6,1,25,5,1956,2,6,-1,1,-1
2015100278315,2,9,0,18,0,8,0,0,0,0,4,1,6,2,71,10,1398,1,-1,-1,-1,-1
2015100278815,1,9,0,9,0,6,0,0,0,0,3,1,6,2,38,7,1498,1,8,-1,3,-1
2015100278815,2,9,0,18,0,8,0,0,0,0,1,1,6,1,88,11,1248,1,5,-1,2,-1
2015100279115,1,9,0,18,0,1,0,0,0,0,1,1,6,1,30,6,1968,2,6,-1,1,-1
2015100279115,2,9,0,3,0,1,0,0,0,0,2,1,2,1,48,8,1995,2,3,-1,1,-1
2015100279215,1,9,0,18,0,8,0,0,0,0,1,1,2,1,40,7,1587,1,11,-1,1,-1
2015100279215,2,1,0,18,0,8,0,0,0,0,2,1,2,1,49,8,-1,-1,-1,-1,1,-1
2015100279615,1,9,0,5,0,0,0,0,0,0,1,1,6,2,21,5,998,1,4,-1,1,-1
2015100279615,2,9,0,3,0,0,0,0,0,0,2,1,6,2,22,5,1242,1,12,-1,2,-1
2015100280015,1,9,3,4,0,0,0,0,0,0,0,1,6,1,55,8,2499,1,4,-1,1,-1
2015100280015,2,16,0,18,0,0,0,0,0,0,0,1,1,2,28,6,-1,-1,-1,-1,3,-1
2015100280115,1,9,0,18,0,1,0,0,0,0,1,1,6,1,65,9,1368,1,6,-1,2,-1
2015100280115,2,9,0,4,0,1,0,0,0,0,2,1,6,1,50,8,1398,2,11,-1,-1,-1
2015100280815,1,8,0,1,0,0,0,0,0,0,2,1,3,2,-1,-1,1910,2,9,-1,1,-1
2015100280815,2,9,0,2,0,0,0,0,0,0,2,1,2,2,26,6,1598,1,6,-1,1,-1
2015100281015,1,19,0,7,0,5,0,0,0,0,2,1,6,3,-1,-1,-1,-1,-1,-1,-1,-1
2015100281215,1,9,0,18,0,8,0,0,0,0,4,1,6,1,27,6,1242,1,15,-1,2,-1
2015100281215,2,9,0,18,0,8,0,0,0,0,1,1,6,2,55,8,-1,-1,-1,-1,1,-1
2015100281215,3,19,0,18,0,1,0,0,0,0,1,1,1,1,36,7,2198,2,7,-1,1,-1
2015100281615,1,9,0,5,0,8,0,0,0,0,1,1,6,2,-1,-1,1248,2,5,-1,1,-1
2015100281615,2,9,0,18,0,8,0,0,0,0,4,1,6,1,32,6,4999,1,12,-1,1,-1
2015100281815,1,19,0,18,0,1,0,0,0,0,1,1,1,1,-1,-1,2198,2,8,-1,1,-1
2015100281815,2,9,0,3,0,1,0,0,0,0,2,1,6,1,48,8,1798,1,7,-1,1,-1
2015100281815,3,9,0,3,0,1,0,0,0,0,2,1,6,2,48,8,1364,1,6,-1,2,-1
2015100282015,1,11,0,5,0,2,0,0,0,0,0,1,1,1,38,7,4500,2,4,-1,-1,-1
2015100282215,1,19,0,5,0,1,0,0,0,0,3,1,6,1,58,9,1560,2,1,-1,1,-1
2015100282215,2,9,0,14,0,1,0,0,0,0,4,1,6,2,27,6,1242,1,1,-1,1,-1
2015100282715,1,9,0,18,0,8,0,0,0,0,1,1,6,2,26,6,1198,1,2,-1,1,-1
2015100283215,1,9,0,1,0,0,0,0,0,0,2,1,6,3,-1,-1,-1,-1,-1,-1,-1,-1
2015100283415,1,9,0,9,0,5,0,0,0,0,3,1,6,1,26,6,1242,1,2,-1,1,-1
2015100283915,1,11,0,18,0,0,0,0,0,0,4,1,1,1,51,8,9000,5,1,-1,1,-1
2015100284015,1,9,0,9,0,6,0,0,0,0,1,1,6,2,47,8,1995,2,8,-1,1,-1
2015100284015,2,9,0,18,0,1,0,0,0,0,1,1,6,2,58,9,1229,1,2,-1,-1,-1
2015100284315,1,11,0,5,0,1,0,0,0,0,0,1,1,1,58,9,6370,2,7,-1,1,-1
2015100284515,1,19,0,1,0,0,0,0,0,0,2,1,6,1,38,7,2402,2,12,-1,1,-1
2015100284515,2,9,0,2,0,0,0,0,0,0,1,1,6,2,40,7,1798,1,9,-1,-1,-1
2015100284815,1,9,0,7,0,3,0,0,0,0,4,1,6,2,72,10,1229,1,8,-1,1,-1
2015100284815,2,1,0,18,0,8,0,0,0,0,3,1,6,1,58,9,-1,-1,-1,-1,1,-1
2015100284915,1,19,0,18,0,1,0,0,0,0,1,1,1,1,44,7,1995,2,6,-1,1,-1
2015100284915,2,9,0,10,0,1,0,0,0,0,2,1,1,1,33,6,1248,2,2,-1,-1,-1
2015100285315,1,9,0,18,0,0,0,0,0,0,1,1,6,2,36,7,1984,1,12,-1,1,-1
2015100285315,2,9,0,4,0,0,0,0,0,0,2,1,6,1,30,6,1598,1,3,-1,1,-1
2015100285315,3,19,0,4,0,0,0,0,0,0,2,1,6,1,49,8,1968,2,4,-1,1,-1
2015100285415,1,9,0,17,0,0,2,10,1,0,4,1,6,2,42,7,1910,2,10,-1,1,-1
2015100285615,1,9,0,18,0,1,0,0,0,0,1,1,1,1,31,6,1910,2,8,-1,1,-1
2015100285815,1,9,0,18,0,0,0,0,1,0,1,1,2,1,56,9,996,1,2,-1,1,-1
2015100285815,2,11,0,18,0,0,0,0,0,0,4,1,1,1,58,9,-1,2,15,-1,1,-1
2015100286115,1,19,0,18,0,0,1,0,7,0,1,1,2,1,41,7,1998,2,11,-1,1,-1
2015100286115,2,9,0,3,0,0,0,0,0,0,2,1,2,2,46,8,998,1,1,-1,1,-1
2015100286115,3,9,0,3,0,0,0,0,0,0,2,1,2,2,23,5,1984,1,15,-1,2,-1
2015100286415,1,9,0,18,0,1,0,0,0,0,1,1,6,1,-1,-1,1998,2,11,-1,2,-1
2015100286415,2,9,0,3,0,1,0,0,0,0,2,1,1,1,42,7,1598,1,14,-1,1,-1
2015100286615,1,9,0,18,0,1,0,0,0,0,1,1,6,1,39,7,1368,1,5,-1,1,-1
2015100286615,2,9,0,3,0,1,0,0,0,0,2,1,6,2,61,9,1596,1,9,-1,1,-1
2015100287115,1,9,0,9,0,6,0,0,0,0,1,1,6,2,71,10,1596,1,3,-1,1,-1
2015100287115,2,9,0,18,0,8,0,0,7,0,1,1,2,1,21,5,1984,1,8,-1,1,-1
2015100287315,1,9,0,18,0,8,0,0,0,0,1,1,6,3,-1,-1,1229,1,9,-1,-1,-1
2015100287315,2,9,0,18,0,8,0,0,0,0,1,1,1,1,35,6,1598,2,1,-1,-1,-1
2015100287315,3,9,0,2,0,2,0,0,0,0,1,1,6,3,-1,-1,899,1,1,-1,-1,-1
2015100287415,1,9,0,18,0,0,1,0,0,0,1,1,6,1,23,5,1995,2,7,-1,1,-1
2015100287415,2,9,0,4,0,0,1,0,4,6,2,1,6,1,69,10,1997,1,13,-1,1,-1
2015100287615,1,9,0,18,0,0,0,0,0,0,1,1,6,2,23,5,1951,2,10,-1,3,-1
2015100287615,2,5,0,18,0,0,0,0,1,0,1,1,6,1,50,8,1200,1,18,-1,1,-1
2015100287615,3,5,0,18,0,0,0,0,1,0,1,1,6,1,47,8,942,1,6,-1,1,-1
2015100287715,1,21,1,18,0,3,0,0,0,0,4,1,1,1,58,9,12900,2,5,-1,1,-1
2015100287715,2,9,0,18,0,3,0,0,0,0,3,1,6,2,35,6,1560,2,2,-1,1,-1
2015100287915,1,9,0,9,0,6,0,0,0,0,1,1,6,3,-1,-1,1461,2,10,-1,-1,-1
2015100287915,2,9,0,17,0,8,0,0,0,0,4,1,6,1,24,5,1596,1,10,-1,1,-1
2015100288115,1,11,0,7,0,6,0,0,0,0,4,1,1,1,49,8,6871,2,12,-1,1,-1
2015100288315,1,9,0,9,0,5,0,0,0,0,1,1,6,1,-1,-1,1390,1,18,-1,-1,-1
2015100288315,2,1,0,18,0,8,0,0,0,0,1,1,2,1,54,8,-1,-1,-1,-1,-1,-1
2015100288515,1,9,0,9,0,5,0,0,0,0,0,1,6,1,38,7,1598,1,5,-1,1,-1
2015100288515,2,1,0,18,0,8,0,0,0,0,0,1,6,1,48,8,-1,-1,-1,-1,-1,-1
2015100288915,1,9,0,9,0,6,0,0,0,0,3,1,6,1,74,10,1910,2,7,-1,2,-1
2015100288915,2,9,4,18,0,8,1,0,0,0,1,1,1,1,40,7,2198,2,2,-1,2,-1
2015100289715,1,9,0,17,0,0,0,0,0,0,3,1,6,1,-1,-1,1461,2,5,-1,3,-1
2015100289715,2,9,0,16,0,0,0,0,0,0,3,1,2,1,30,6,-1,-1,-1,-1,2,-1
2015100290215,1,1,0,18,0,8,0,0,0,0,1,1,6,1,8,2,-1,-1,-1,-1,1,-1
2015100290215,2,9,0,18,0,8,0,0,0,0,3,1,6,2,31,6,1560,2,10,-1,1,-1
2015100290315,1,90,0,18,0,1,0,0,0,0,1,2,1,1,52,8,5880,2,11,-1,2,-1
2015100290315,2,9,0,3,0,1,0,0,0,0,4,1,6,1,56,9,1240,1,9,-1,2,-1
2015100290915,1,9,0,18,0,1,0,0,0,0,1,1,1,1,58,9,1560,2,1,-1,1,-1
2015100291015,1,9,0,17,0,8,0,0,0,0,1,1,6,1,27,6,2179,2,7,-1,1,-1
2015100291015,2,9,0,16,0,8,0,4,0,0,1,1,6,1,42,7,-1,-1,-1,-1,1,-1
2015100291015,3,9,0,2,0,8,0,0,0,0,2,1,6,3,-1,-1,1596,1,14,-1,-1,-1
2015100291215,1,9,0,5,0,1,0,0,0,0,1,1,6,1,48,8,1242,1,2,-1,1,-1
2015100291215,2,1,0,5,0,1,0,0,0,0,2,1,6,2,25,5,-1,-1,-1,-1,-1,-1
2015100291515,1,1,0,18,9,8,0,0,0,0,1,1,6,2,41,7,-1,-1,-1,-1,-1,-1
2015100291515,2,9,0,9,0,6,0,0,0,0,1,1,6,3,-1,-1,-1,-1,-1,-1,-1,-1
2015100293115,1,11,0,18,0,1,0,0,0,0,0,1,6,1,44,7,9600,2,15,-1,1,-1
2015100293515,1,9,0,9,0,5,0,0,0,0,3,1,6,1,82,11,-1,3,1,-1,2,-1
2015100293515,2,9,0,18,0,8,0,0,0,0,1,1,6,2,52,8,1560,2,11,-1,2,-1
2015100293715,1,9,0,1,0,0,0,0,0,0,2,1,6,1,28,6,1896,2,9,-1,1,-1
2015100293715,2,9,0,2,0,0,0,0,0,0,3,1,6,2,49,8,898,1,1,-1,1,-1
2015100293815,1,9,0,18,0,8,0,0,0,0,3,1,6,2,69,10,1398,2,6,-1,1,-1
2015100293815,2,9,0,18,0,8,0,0,0,0,4,1,6,1,46,8,1685,2,2,-1,1,-1
2015100293915,1,21,0,4,0,1,0,0,0,0,1,1,1,1,53,8,12740,2,2,-1,1,-1
2015100293915,2,9,0,18,0,1,0,0,0,0,2,1,6,2,36,7,1360,1,6,-1,2,-1
2015100294015,1,9,0,3,0,0,0,0,0,0,0,1,6,3,-1,-1,-1,-1,-1,-1,-1,-1
2015100294015,2,9,0,3,0,0,0,0,0,0,2,1,1,2,33,6,-1,-1,-1,-1,3,-1
2015100294015,3,9,0,4,0,0,0,0,0,0,1,1,6,1,46,8,1753,2,10,-1,3,-1
2015100294715,1,9,0,3,0,0,0,0,0,0,4,1,6,2,28,6,1900,2,10,-1,-1,-1
2015100294715,2,9,0,18,0,0,1,0,0,0,3,1,6,2,75,10,998,1,7,-1,1,-1
2015100295015,1,9,0,16,0,0,0,0,0,0,4,1,6,2,19,4,1149,1,13,-1,1,-1
2015100295115,1,1,0,18,0,1,0,0,0,0,1,1,2,1,21,5,-1,-1,-1,-1,-1,-1
2015100295115,2,8,0,7,0,5,0,0,0,0,4,1,1,1,57,9,1560,2,3,-1,1,-1
2015100295315,1,9,0,10,0,0,0,0,0,0,2,1,1,3,-1,-1,1896,2,5,-1,-1,-1
2015100295315,2,19,0,2,0,0,0,0,0,0,1,1,6,3,-1,-1,-1,-1,-1,-1,-1,-1
2015100295615,1,19,0,18,0,2,0,7,7,0,1,1,6,1,23,5,-1,-1,-1,-1,1,-1
2015100295715,1,3,0,16,0,2,1,0,0,0,1,1,2,1,25,5,125,1,7,-1,1,-1
2015100295815,1,9,0,2,0,2,0,0,0,0,3,1,6,2,47,8,1598,2,3,-1,1,-1
2015100295815,2,1,0,18,0,2,0,0,0,0,1,1,2,1,43,7,-1,-1,-1,-1,1,-1
2015100295915,1,19,0,7,0,5,1,0,1,11,2,1,2,1,33,6,1461,2,9,-1,1,-1
2015100296015,1,9,0,18,0,0,1,0,7,4,4,1,6,2,28,6,-1,-1,-1,-1,2,-1
2015100296015,2,9,0,18,0,0,0,0,0,0,4,1,6,2,50,8,1968,2,-1,-1,2,-1
2015100296015,3,19,0,2,0,0,0,0,0,0,3,1,6,1,56,9,2461,2,9,-1,1,-1
2015100296115,1,9,0,4,0,1,0,0,0,0,4,1,6,2,27,6,2143,2,2,-1,1,-1
2015100296115,2,11,0,4,0,1,0,0,0,0,3,2,6,1,-1,-1,-1,-1,-1,-1,-1,-1