Accident_Index,Vehicle_Reference,Vehicle_Type,Towing_and_Articulation,Vehicle_Manoeuvre,Vehicle_Location-Restricted_Lane,Junction_Location,Skidding_and_Overturning,Hit_Object_in_Carriageway,Vehicle_Leaving_Carriageway,Hit_Object_off_Carriageway,1st_Point_of_Impact,Was_Vehicle_Left_Hand_Drive?,Journey_Purpose_of_Driver,Sex_of_Driver,Age_of_Driver,Age_Band_of_Driver,Engine_Capacity_(CC),Propulsion_Code,Age_of_Vehicle,Driver_IMD_Decile,Driver_Home_Area_Type,Vehicle_IMD_Decile
2015100296215,1,9,0,18,0,0,0,0,1,11,1,1,6,2,19,4,1242,1,2,-1,1,-1
2015100296715,1,9,0,18,0,1,1,0,0,0,1,1,6,1,67,10,-1,-1,-1,-1,3,-1
2015100296715,2,9,0,4,0,1,0,0,0,0,2,1,6,2,38,7,1461,2,1,-1,-1,-1
2015100297015,1,19,0,5,0,1,0,0,0,0,1,1,6,1,60,9,2198,2,3,-1,1,-1
2015100297015,2,9,0,3,0,1,0,0,0,0,2,1,6,2,29,6,-1,-1,-1,-1,1,-1
2015100297115,1,9,0,1,0,1,0,0,0,0,2,1,2,2,41,7,2143,2,1,-1,3,-1
2015100297615,1,9,0,16,0,1,1,10,7,0,4,1,2,1,32,6,1368,1,8,-1,2,-1
2015100297815,1,9,0,18,0,0,1,0,0,0,1,1,6,2,37,7,1596,1,7,-1,2,-1
2015100298615,1,9,0,18,0,4,0,0,0,0,1,1,6,2,44,7,1198,1,3,-1,-1,-1
2015100298615,2,9,0,9,0,8,0,0,0,0,4,1,1,1,35,6,2143,2,2,-1,2,-1
2015100299215,1,11,0,4,0,0,0,0,0,0,0,1,1,1,48,8,6370,2,7,-1,-1,-1
2015100299315,1,9,0,1,0,1,0,0,0,0,1,1,6,1,46,8,1685,2,3,-1,1,-1
2015100299315,2,9,0,18,0,1,5,0,2,4,1,1,6,2,36,7,1360,1,7,-1,1,-1
2015100299415,1,11,0,4,0,0,0,0,0,0,4,1,1,1,37,7,-1,-1,-1,-1,1,-1
2015100299615,1,9,0,4,0,1,0,0,0,0,1,1,6,1,71,10,1248,1,3,-1,1,-1
2015100299615,2,8,0,3,0,1,0,0,0,0,2,1,1,1,39,7,1390,1,11,-1,1,-1
2015100299715,1,9,0,9,0,6,0,0,0,0,3,1,6,3,-1,-1,1149,1,14,-1,-1,-1
2015100299715,2,9,0,18,0,8,0,0,0,0,1,1,1,2,24,5,1240,1,8,-1,1,-1
2015100299815,1,11,0,18,0,8,0,0,0,0,1,1,1,1,59,9,-1,2,15,-1,1,-1
2015100299815,2,9,0,7,0,5,0,0,0,0,2,1,6,2,46,8,1598,1,-1,-1,1,-1
2015100300115,1,20,0,5,0,1,0,0,0,0,1,1,1,1,39,7,-1,-1,-1,-1,1,-1
2015100300115,2,9,0,3,0,1,0,0,0,0,2,1,1,2,22,5,-1,-1,-1,-1,1,-1
2015100300515,1,9,0,18,0,0,0,0,0,0,1,1,2,1,22,5,1988,1,14,-1,1,-1
2015100300515,2,9,0,3,0,0,0,0,0,0,2,1,6,2,63,9,1596,1,7,-1,2,-1
2015100300515,3,9,0,3,0,0,0,0,0,0,2,1,6,2,50,8,1560,2,2,-1,1,-1
2015100300615,1,9,0,9,0,6,0,0,0,0,1,1,6,2,31,6,1598,1,10,-1,1,-1
2015100300615,2,9,0,18,0,8,0,0,0,0,4,1,6,1,20,4,1781,1,17,-1,2,-1
2015100301015,1,9,0,18,0,0,0,0,7,7,1,1,6,1,73,10,2987,2,3,-1,3,-1
2015100301015,2,21,1,18,0,0,0,0,0,0,2,1,1,1,46,8,12740,2,3,-1,1,-1
2015100301315,1,9,0,18,0,0,0,0,0,0,1,1,2,1,20,4,1149,1,6,-1,1,-1
2015100301315,2,9,0,3,0,0,0,0,0,0,2,1,2,2,54,8,2231,2,1,-1,1,-1
2015100301415,1,5,0,17,0,0,2,0,1,0,4,1,6,1,36,7,-1,-1,-1,-1,1,-1
2015100301415,2,9,0,16,0,0,0,0,0,0,0,1,6,3,-1,-1,-1,-1,-1,-1,-1,-1
2015100301515,1,9,0,9,0,5,0,0,0,0,4,1,1,3,-1,-1,-1,-1,-1,-1,-1,-1
2015100301515,2,9,0,18,0,8,0,0,0,0,1,1,1,1,38,7,1968,2,1,-1,1,-1
2015100301715,1,9,0,7,0,6,0,0,0,0,1,1,6,2,44,7,1598,1,13,-1,1,-1
2015100301915,1,9,0,16,0,0,1,0,1,2,1,1,6,1,23,5,1299,1,15,-1,-1,-1
2015100302015,1,9,0,18,0,1,0,0,0,0,1,1,6,3,-1,-1,-1,-1,-1,-1,-1,-1
2015100302015,2,9,0,3,0,1,0,0,0,0,2,1,3,2,37,7,1598,1,12,-1,1,-1
2015100302215,1,9,0,18,0,1,0,0,0,0,3,1,6,1,22,5,1968,2,6,-1,1,-1
2015100302615,1,1,0,18,0,8,0,0,0,0,4,1,6,2,31,6,-1,-1,-1,-1,1,-1
2015100302615,2,9,0,9,0,4,0,0,0,0,1,1,1,1,30,6,1598,2,1,-1,-1,-1
2015100303115,1,9,0,7,0,6,0,0,0,0,1,1,6,3,-1,-1,-1,-1,-1,-1,-1,-1
2015100303515,1,11,0,4,0,1,0,0,0,0,0,1,1,1,53,8,9600,2,17,-1,-1,-1
2015100304015,1,9,0,5,0,6,0,0,0,0,1,1,6,1,29,6,1951,2,12,-1,1,-1
2015100304015,2,9,0,18,0,8,0,0,0,0,3,1,6,1,44,7,1560,2,8,-1,1,-1
2015100304915,1,9,0,9,0,1,0,0,0,0,4,1,6,1,42,7,-1,-1,-1,-1,1,-1
2015100304915,2,1,0,18,9,8,0,0,0,0,1,1,6,1,43,7,-1,-1,-1,-1,1,-1
2015100305115,1,9,0,16,0,1,5,0,1,11,1,1,6,2,17,4,1461,2,12,-1,2,-1
2015100305715,1,9,0,9,0,8,0,0,0,0,1,1,6,1,26,6,1360,1,11,-1,1,-1
2015100305715,2,1,0,18,0,8,0,0,0,0,1,1,6,1,23,5,-1,-1,-1,-1,1,-1
2015100306815,1,9,0,18,0,8,0,0,0,0,1,1,6,1,61,9,-1,-1,-1,-1,1,-1
2015100306815,2,9,0,18,0,8,0,0,0,0,4,1,6,2,28,6,1598,1,8,-1,1,-1
2015100307015,1,9,0,18,0,0,0,0,0,0,1,1,6,1,65,9,2993,2,4,-1,1,-1
2015100307115,1,9,0,13,0,0,0,0,0,0,4,1,6,3,-1,-1,-1,-1,-1,-1,-1,-1
2015100307115,2,3,0,18,0,0,2,0,0,0,3,1,2,1,18,4,-1,-1,-1,-1,-1,-1
2015100307315,1,9,0,5,0,2,0,0,0,0,1,1,6,2,22,5,1242,1,3,-1,1,-1
2015100307315,2,9,0,18,0,1,0,0,0,0,4,1,6,2,54,8,1998,1,18,-1,1,-1
2015100307815,1,9,0,18,0,8,0,0,0,0,1,1,6,1,24,5,1995,1,6,-1,1,-1
2015100307815,2,9,0,9,0,6,0,0,0,0,1,1,6,1,41,7,998,1,5,-1,1,-1
2015100308115,1,19,0,18,0,0,0,0,0,0,1,1,1,3,-1,-1,-1,-1,-1,-1,-1,-1
2015100308115,2,9,0,4,0,0,0,0,0,0,2,1,6,2,27,6,1000,1,-1,-1,1,-1
2015100308715,1,2,0,18,0,0,0,0,1,4,1,1,6,2,16,4,49,1,7,-1,3,-1
2015100308815,1,9,0,18,0,8,0,0,0,0,1,1,1,1,24,5,1997,2,7,-1,1,-1
2015100308815,2,1,0,9,0,8,0,0,0,0,1,1,1,1,50,8,-1,-1,-1,-1,1,-1
2015100308915,1,9,0,18,0,8,0,0,0,0,1,1,1,1,59,9,1997,2,8,-1,1,-1
2015100308915,2,9,0,9,0,5,0,0,0,0,1,1,6,2,24,5,1598,1,14,-1,1,-1
2015100309115,1,9,0,18,0,0,0,0,0,0,1,1,6,1,43,7,1998,2,9,-1,1,-1
2015100309115,2,9,0,4,0,0,0,0,0,0,2,1,2,1,47,8,-1,-1,-1,-1,1,-1
2015100309115,3,9,0,4,0,0,0,0,0,0,2,1,2,1,41,7,1061,1,9,-1,1,-1
2015100309815,1,11,0,4,0,0,0,0,0,0,0,1,1,1,47,8,6700,2,4,-1,1,-1
2015100310215,1,9,0,18,0,1,0,0,0,0,1,1,6,3,-1,-1,-1,-1,-1,-1,-1,-1
2015100310215,2,9,0,3,0,1,0,0,0,0,2,1,6,1,52,8,1398,1,14,-1,-1,-1
2015100310215,3,9,0,3,0,1,0,0,0,0,2,1,1,2,36,7,1461,2,5,-1,-1,-1
2015100310315,1,9,0,18,0,0,0,0,0,0,3,1,6,1,26,6,1461,2,1,-1,1,-1
2015100310815,1,9,0,18,0,0,0,0,0,0,1,1,6,1,21,5,998,1,5,-1,1,-1
2015100310815,2,9,0,3,0,0,0,0,0,0,2,1,2,1,36,7,1968,2,2,-1,1,-1
2015100311115,1,9,0,12,0,7,0,0,0,0,0,1,6,1,23,5,1998,1,11,-1,2,-1
2015100311115,2,3,0,18,0,8,5,0,0,0,0,1,6,1,19,4,125,1,-1,-1,-1,-1
2015100311215,1,9,0,18,0,0,1,10,4,6,1,1,6,2,29,6,1360,1,17,-1,1,-1
2015100311315,1,9,0,5,0,0,0,0,0,0,3,1,1,2,35,6,1598,2,1,-1,-1,-1
2015100311515,1,9,0,18,0,1,0,0,7,3,1,1,6,1,29,6,-1,-1,-1,-1,2,-1
2015100312415,1,9,0,18,0,2,0,0,0,0,1,1,6,1,62,9,1796,1,12,-1,1,-1
2015100312515,1,1,0,18,0,0,0,0,0,0,1,1,6,1,7,2,-1,-1,-1,-1,1,-1
2015100312515,2,9,0,18,0,0,0,0,0,0,1,1,6,1,61,9,1896,2,8,-1,1,-1
2015100312815,1,9,0,18,0,0,1,0,1,7,1,1,2,2,25,5,1388,1,11,-1,1,-1
2015100313015,1,9,0,18,0,1,1,10,0,0,1,1,6,1,33,6,-1,-1,-1,-1,1,-1
2015100313215,1,8,0,5,0,1,0,0,0,0,1,1,1,1,49,8,1896,2,12,-1,1,-1
2015100313215,2,1,0,18,9,1,0,0,0,0,3,1,6,2,6,2,-1,-1,-1,-1,1,-1
2015100313215,3,1,0,18,9,1,0,0,0,0,3,1,6,1,9,2,-1,-1,-1,-1,1,-1
2015100313315,1,9,0,18,0,0,0,0,1,0,1,1,1,1,21,5,-1,-1,-1,-1,1,-1
2015100313315,2,5,0,4,0,0,0,0,0,0,2,1,6,1,57,9,583,1,21,-1,1,-1
2015100313315,3,9,0,4,0,0,0,0,0,0,2,1,6,1,-1,-1,1497,1,14,-1,3,-1
2015100313815,1,9,0,18,0,0,0,0,0,0,4,1,3,2,32,6,1560,2,6,-1,1,-1
2015100314615,1,9,0,7,0,8,0,0,0,0,3,1,2,1,25,5,1600,2,5,-1,1,-1
2015100314615,2,9,0,18,0,8,0,0,0,0,4,1,6,2,19,4,1299,1,11,-1,1,-1
2015100315115,1,9,0,6,0,0,0,0,0,0,3,1,6,2,-1,-1,1968,2,10,-1,-1,-1
2015100315115,2,9,0,18,0,0,0,0,0,0,1,1,6,2,25,5,-1,-1,-1,-1,1,-1
2015100315315,1,9,0,7,0,5,0,0,0,0,1,1,2,2,36,7,998,1,2,-1,1,-1
2015100315315,2,19,0,7,0,5,0,0,0,0,2,1,6,1,66,10,-1,-1,-1,-1,1,-1
2015100315315,3,9,0,7,0,5,0,0,0,0,2,1,6,2,21,5,1242,1,2,-1,1,-1
2015100315515,1,9,0,18,0,8,0,10,3,1,1,1,6,2,36,7,1242,1,5,-1,1,-1
2015100315615,1,19,0,18,0,0,0,0,0,0,2,1,1,1,33,6,2148,2,10,-1,1,-1
2015100315715,1,9,0,18,0,8,0,0,0,0,1,1,6,2,21,5,-1,-1,-1,-1,1,-1
2015100315715,2,9,0,18,0,8,0,0,0,11,1,1,6,2,45,7,1390,1,9,-1,1,-1
2015100315815,1,9,0,4,0,1,0,0,0,0,1,1,6,1,40,7,2830,2,20,-1,1,-1
2015100315815,2,9,0,5,0,1,0,0,0,0,2,1,6,1,64,9,1798,8,-1,-1,1,-1
2015100315915,1,9,0,18,0,0,0,0,0,0,1,1,6,3,-1,-1,-1,-1,-1,-1,-1,-1
2015100315915,2,1,0,18,0,0,5,0,0,0,2,1,6,1,25,5,-1,-1,-1,-1,1,-1
2015100316015,1,9,0,18,0,1,0,0,0,0,4,1,1,2,27,6,1598,2,3,-1,1,-1
2015100316015,2,1,0,18,0,6,0,0,0,0,2,1,1,1,20,4,-1,-1,-1,-1,1,-1
2015100316615,1,9,0,9,0,6,0,0,0,0,3,1,1,1,39,7,1364,1,10,-1,2,-1
2015100316615,2,1,0,18,0,8,0,0,0,0,1,1,1,1,54,8,-1,-1,-1,-1,1,-1
2015100316815,1,9,0,4,0,1,0,0,0,0,1,1,2,2,53,8,1995,2,-1,-1,2,-1
2015100316815,2,9,0,3,0,1,0,0,0,0,2,1,2,1,34,6,1796,1,12,-1,2,-1
2015100317015,1,9,0,18,0,1,0,0,0,0,1,1,2,2,47,8,1198,1,7,-1,1,-1
2015100317015,2,9,0,8,0,1,0,0,0,0,2,1,2,2,54,8,1360,1,4,-1,1,-1
2015100317115,1,9,0,18,0,1,0,0,0,0,1,1,6,1,51,8,1461,2,-1,-1,1,-1
2015100317115,2,9,0,4,0,1,0,0,0,0,2,1,6,1,59,9,1198,1,-1,-1,-1,-1
2015100317415,1,9,0,4,0,0,0,0,0,0,3,1,3,2,34,6,1240,1,10,-1,1,-1
2015100318115,1,21,5,18,0,1,0,0,0,0,4,1,6,1,49,8,11967,2,2,-1,1,-1
2015100318115,2,9,0,18,0,1,0,0,0,0,3,1,1,2,23,5,1198,1,1,-1,1,-1
2015100318515,1,19,0,5,0,1,0,0,0,0,4,1,1,1,59,9,-1,-1,-1,-1,1,-1
2015100318515,2,1,0,3,0,1,0,0,0,4,3,1,1,1,30,6,-1,-1,-1,-1,1,-1
2015100318715,1,11,0,7,0,3,0,0,0,0,0,1,1,1,45,7,9600,2,15,-1,1,-1
2015100318915,1,9,0,18,0,1,0,0,0,0,1,1,6,1,55,8,1596,1,10,-1,1,-1
2015100318915,2,1,0,18,0,1,0,0,0,0,4,1,6,1,18,4,-1,-1,-1,-1,1,-1
2015100319115,1,9,0,6,0,0,0,0,0,0,4,1,6,1,34,6,1497,1,11,-1,1,-1
2015100319115,2,9,0,18,0,0,0,0,0,0,1,1,6,1,26,6,1596,1,15,-1,1,-1
2015100319315,1,3,0,13,0,1,0,0,0,0,1,1,2,1,23,5,125,1,1,-1,1,-1
2015100319315,2,9,0,10,0,1,0,0,0,0,3,1,6,1,42,7,1560,2,2,-1,1,-1
2015100321015,1,5,0,18,0,0,0,0,1,10,1,1,6,1,71,10,865,1,6,-1,2,-1
2015100321415,1,9,0,18,0,1,0,0,0,0,1,1,6,2,42,7,998,1,15,-1,1,-1
2015100321415,2,9,0,9,0,6,0,0,0,0,1,1,6,2,68,10,1339,1,5,-1,1,-1
2015100321615,1,9,0,18,0,0,0,0,0,0,4,1,6,3,-1,-1,1598,1,-1,-1,-1,-1
2015100321915,1,9,0,18,0,1,0,0,0,0,1,1,2,1,50,8,1794,1,15,-1,1,-1
2015100321915,2,9,0,8,0,1,0,0,0,0,2,1,2,1,52,8,1198,1,1,-1,2,-1
2015100322315,1,8,0,5,0,0,0,0,0,0,1,1,1,1,62,9,1686,2,3,-1,1,-1
2015100322315,2,1,0,18,0,0,0,0,0,0,1,1,6,1,15,3,-1,-1,-1,-1,-1,-1
2015100323515,1,9,0,6,0,8,0,0,0,0,3,1,6,1,25,5,1242,1,9,-1,3,-1
2015100323515,2,11,0,18,0,8,0,0,0,0,1,1,1,1,55,8,6700,2,7,-1,1,-1
2015100323615,1,9,0,18,0,8,0,0,0,0,1,1,2,1,35,6,1598,1,1,-1,1,-1
2015100323615,2,1,0,18,0,8,0,0,0,0,4,1,6,1,48,8,-1,-1,-1,-1,1,-1
2015100323815,1,9,0,1,0,0,0,0,0,3,2,1,1,1,52,8,1248,2,1,-1,-1,-1
2015100324115,1,9,0,18,0,1,0,0,0,0,1,1,6,1,-1,-1,1910,2,9,-1,1,-1
2015100324115,2,9,0,3,0,1,0,0,0,0,2,1,6,1,26,6,1995,2,8,-1,1,-1
2015100324415,1,1,0,18,0,8,0,0,0,0,1,1,6,1,54,8,-1,-1,-1,-1,1,-1
2015100324415,2,9,0,9,0,5,0,0,0,0,1,1,3,2,27,6,1461,2,7,-1,1,-1
2015100324615,1,9,0,6,0,8,0,0,0,0,3,1,2,2,46,8,998,1,2,-1,1,-1
2015100324615,2,9,0,18,0,8,0,0,0,0,1,1,6,1,35,6,1560,2,2,-1,1,-1
2015100324715,1,9,0,18,0,8,0,0,0,0,1,1,6,3,-1,-1,-1,-1,-1,-1,-1,-1
2015100324715,2,9,0,7,0,8,0,0,0,0,2,1,6,2,38,7,1997,2,9,-1,1,-1
2015100324915,1,9,0,18,0,3,0,0,0,0,0,1,6,3,-1,-1,-1,-1,-1,-1,-1,-1
2015100325115,1,9,0,4,0,0,1,0,0,0,1,1,2,1,53,8,1686,2,13,-1,1,-1
2015100325115,2,9,0,4,0,0,0,0,0,0,2,1,2,1,36,7,2496,2,11,-1,2,-1
2015100325115,3,9,0,4,0,0,1,0,0,0,1,1,2,1,30,6,1896,2,12,-1,2,-1
2015100325215,1,11,0,18,0,1,0,0,0,0,1,1,1,1,53,8,3900,2,9,-1,1,-1
2015100325315,1,9,0,5,0,4,0,0,0,0,4,1,1,1,37,7,-1,-1,-1,-1,1,-1
2015100325315,2,9,0,5,0,4,0,10,0,10,3,1,2,2,48,8,1968,2,6,-1,1,-1
2015100325415,1,9,0,9,0,6,0,0,0,0,1,1,6,1,35,6,1781,1,25,-1,3,-1
2015100325415,2,9,0,18,0,8,0,0,7,0,1,1,6,1,32,6,1560,2,-1,-1,1,-1
2015100325515,1,9,0,7,0,6,0,0,0,0,1,1,1,1,67,10,-1,-1,-1,-1,1,-1
2015100325515,2,9,0,18,0,1,0,0,0,0,4,1,6,2,71,10,998,1,6,-1,-1,-1
2015100325715,1,9,0,18,0,0,0,0,0,0,1,1,6,1,18,4,1198,1,10,-1,1,-1
2015100325715,2,9,0,18,0,0,0,0,0,0,2,1,2,2,50,8,1299,1,12,-1,1,-1
2015100325815,1,19,0,18,0,0,0,0,0,0,3,1,1,1,35,6,2402,2,9,-1,1,-1
2015100326115,1,9,0,9,0,6,0,0,0,0,1,1,6,2,30,6,1339,1,6,-1,1,-1
2015100326115,2,1,0,7,0,6,0,0,0,0,3,1,6,1,43,7,-1,-1,-1,-1,1,-1
2015100326215,1,9,0,18,0,8,0,0,0,0,1,1,6,2,47,8,1598,1,5,-1,1,-1
2015100326215,2,9,0,18,0,8,0,0,0,0,4,1,6,2,52,8,998,1,2,-1,1,-1
2015100326215,3,9,0,18,0,8,0,0,0,0,0,1,6,2,34,6,1968,2,1,-1,1,-1
2015100326515,1,9,0,18,0,0,0,0,0,0,1,1,1,1,27,6,-1,-1,-1,-1,1,-1
2015100326515,2,9,0,18,0,0,0,0,0,0,2,1,6,1,74,10,1598,1,14,-1,1,-1
2015100326615,1,9,0,18,0,1,0,0,0,0,1,1,6,2,40,7,1461,2,9,-1,1,-1
2015100326615,2,9,0,18,0,1,0,0,0,0,2,1,1,1,41,7,2435,7,11,-1,1,-1
2015100326615,3,9,0,18,0,1,0,0,0,0,2,1,2,1,42,7,2199,2,2,-1,1,-1
2015100327215,1,9,0,18,0,1,0,0,0,0,1,1,3,2,34,6,1461,2,6,-1,1,-1
2015100327415,1,4,0,14,0,0,0,0,0,0,4,1,6,1,16,4,449,1,7,-1,1,-1
2015100327415,2,9,0,6,0,0,0,0,0,0,3,1,1,1,53,8,1598,2,1,-1,1,-1
2015100327415,3,9,0,2,0,0,0,0,0,0,1,1,6,1,-1,-1,2987,2,3,-1,1,-1
2015100327515,1,9,0,9,0,5,0,0,7,1,4,1,6,1,20,4,1240,1,10,-1,-1,-1
2015100327515,2,9,0,18,0,8,1,0,0,0,1,1,6,1,19,4,1910,2,9,-1,1,-1
2015100327915,1,9,0,13,0,0,0,0,0,0,0,1,6,3,-1,-1,-1,-1,-1,-1,-1,-1
2015100327915,2,11,0,18,0,0,0,0,0,0,0,1,6,1,49,8,-1,-1,-1,-1,-1,-1
2015100328115,1,19,0,9,0,6,0,0,0,0,1,1,1,1,44,7,2496,2,20,-1,1,-1
2015100328115,2,9,0,18,0,8,0,0,0,0,4,1,1,2,22,5,1242,1,3,-1,1,-1
2015100328215,1,19,0,18,0,1,1,0,0,0,1,1,6,1,46,8,1560,2,4,-1,2,-1
2015100328215,2,9,0,10,0,1,0,0,0,0,2,1,6,1,36,7,1796,1,11,-1,2,-1
2015100328715,1,9,0,18,0,0,0,0,0,0,1,1,6,1,37,7,2184,2,12,-1,1,-1
2015100328715,2,9,0,12,0,0,5,0,0,0,2,1,6,2,71,10,995,1,10,-1,-1,-1
2015100328915,1,1,0,18,9,0,0,0,0,0,3,1,6,1,21,5,-1,-1,-1,-1,-1,-1
2015100328915,2,9,0,18,0,0,0,0,0,0,1,1,6,1,54,8,1560,2,1,-1,3,-1
2015100329115,1,9,0,18,0,0,0,0,0,0,0,1,6,3,-1,-1,-1,-1,-1,-1,-1,-1
2015100329115,2,9,0,18,0,0,1,4,0,0,4,1,6,2,57,9,1296,1,9,-1,1,-1
2015100329115,3,9,0,2,0,0,0,0,0,0,3,1,6,3,-1,-1,1990,1,8,-1,1,-1
2015100329215,1,9,0,9,0,8,5,0,0,10,4,1,1,2,31,6,1595,1,8,-1,1,-1
2015100329315,1,9,0,18,0,1,0,0,2,0,1,1,6,1,20,4,1199,1,10,-1,1,-1
2015100329515,1,1,0,9,0,6,0,0,0,0,3,1,4,1,14,3,-1,-1,-1,-1,-1,-1
2015100329515,2,9,0,18,0,8,0,0,0,0,1,1,6,2,33,6,998,1,1,-1,-1,-1
2015100329715,1,9,0,14,0,1,0,0,0,0,4,1,6,1,19,4,1995,2,10,-1,1,-1
2015100329715,2,9,0,2,0,1,0,0,0,0,3,1,6,1,56,9,1591,1,2,-1,1,-1
2015100331015,1,9,0,7,0,5,0,0,0,0,4,1,6,1,58,9,1595,1,10,-1,1,-1
2015100331015,2,1,0,15,0,8,0,0,0,0,1,1,6,1,50,8,-1,-1,-1,-1,1,-1
2015100331215,1,19,0,14,0,0,0,0,0,0,4,1,1,1,58,9,2287,2,8,-1,3,-1
2015100331215,2,9,0,2,0,0,0,0,0,0,0,1,6,3,-1,-1,-1,-1,-1,-1,3,-1
2015100331215,3,9,0,2,0,0,0,0,0,0,0,1,1,1,63,9,1956,2,1,-1,1,-1
2015100331415,1,9,0,9,0,5,0,0,0,0,1,1,6,1,51,8,1298,1,15,-1,1,-1
2015100331415,2,5,0,18,0,1,5,0,1,1,1,1,6,1,22,5,599,1,14,-1,1,-1
2015100331615,1,9,0,18,0,2,0,0,0,0,4,1,2,2,35,6,1995,2,2,-1,1,-1
2015100331715,1,9,0,13,0,0,0,0,0,0,4,1,6,1,73,10,-1,-1,-1,-1,3,-1
2015100331715,2,1,0,18,0,0,0,0,7,0,3,1,6,1,67,10,-1,-1,-1,-1,1,-1
2015100331715,3,1,0,18,0,0,0,0,0,0,0,1,6,1,38,7,-1,-1,-1,-1,1,-1
2015100331815,1,9,5,18,0,0,0,0,0,0,2,1,6,1,23,5,1229,1,2,-1,3,-1
2015100331815,2,1,0,18,0,0,5,0,1,10,1,1,1,1,16,4,-1,-1,-1,-1,3,-1
2015100331915,1,9,0,18,0,1,0,0,0,0,1,1,6,1,22,5,-1,-1,-1,-1,1,-1
2015100331915,2,9,0,3,0,1,0,0,0,0,2,1,6,2,30,6,1364,1,7,-1,1,-1
2015100331915,3,9,0,3,0,1,0,0,0,0,2,1,6,1,33,6,1405,1,11,-1,1,-1
2015100331915,4,9,0,3,0,1,0,0,0,0,2,1,6,2,48,8,1596,1,11,-1,1,-1
2015100332015,1,9,0,9,0,5,0,0,0,0,4,1,6,1,87,11,1870,2,8,-1,3,-1
2015100332015,2,5,0,18,0,8,0,0,0,0,1,1,6,1,31,6,1000,1,10,-1,1,-1
2015100332215,1,9,0,18,0,0,0,0,0,0,4,1,6,2,64,9,1896,2,7,-1,1,-1
2015100332415,1,9,0,18,0,8,2,0,0,2,1,1,6,1,23,5,2143,2,1,-1,1,-1
2015100332615,1,9,0,18,0,1,0,0,0,0,1,1,6,2,33,6,-1,-1,-1,-1,1,-1
2015100332615,2,1,0,18,0,1,0,0,0,0,3,1,6,1,40,7,-1,-1,-1,-1,1,-1
2015100332715,1,9,0,1,0,0,0,0,0,0,2,1,6,1,25,5,998,1,5,-1,1,-1
2015100333415,1,9,0,18,0,8,0,10,7,0,1,1,6,2,19,4,1900,2,10,-1,1,-1
2015100333415,2,9,0,18,0,8,0,7,0,0,1,1,1,1,23,5,1968,2,5,-1,1,-1
2015100333515,1,9,0,18,0,0,0,0,0,0,1,1,1,2,52,8,1242,1,13,-1,1,-1
2015100333515,2,1,0,18,0,0,0,0,0,0,1,1,6,1,11,3,-1,-1,-1,-1,1,-1
2015100333915,1,9,0,18,0,0,0,0,0,0,1,1,1,2,57,9,1242,1,4,-1,1,-1
2015100334115,1,9,0,9,0,6,0,0,0,0,3,1,6,3,-1,-1,-1,-1,-1,-1,-1,-1
2015100334215,1,9,0,9,0,6,0,0,0,0,1,1,6,2,40,7,1968,2,1,-1,-1,-1
2015100334215,2,9,0,1,0,6,0,0,0,0,2,1,6,1,-1,-1,1598,1,4,-1,1,-1
2015100334315,1,9,0,5,0,1,0,0,0,0,1,1,6,2,57,9,-1,-1,-1,-1,2,-1
2015100334315,2,9,0,3,0,1,0,0,0,0,2,1,6,2,27,6,1149,1,12,-1,1,-1
2015100334715,1,9,0,5,0,1,0,0,0,0,2,1,6,3,-1,-1,-1,-1,-1,-1,-1,-1
2015100335015,1,9,0,7,0,5,0,0,0,0,1,1,2,2,54,8,1299,1,9,-1,-1,-1
2015100335015,2,1,0,18,0,8,0,0,0,0,1,1,2,1,40,7,-1,-1,-1,-1,1,-1
2015100335915,1,5,0,16,0,0,0,0,7,0,3,1,6,1,36,7,-1,-1,-1,-1,-1,-1
2015100335915,2,9,0,17,0,0,0,0,0,0,3,1,6,1,64,9,1560,2,1,-1,2,-1
2015100336415,1,9,0,18,0,0,0,0,0,0,1,1,6,3,-1,-1,1956,2,-1,-1,-1,-1
2015100336415,2,9,0,18,0,0,0,0,0,0,2,1,6,2,44,7,1360,1,16,-1,1,-1
2015100336515,1,9,0,5,0,1,0,0,0,0,1,1,6,2,23,5,1328,1,7,-1,1,-1
2015100336515,2,9,0,3,0,1,0,0,0,0,2,1,6,1,33,6,1598,1,5,-1,1,-1
2015100336915,1,9,0,12,0,0,0,0,0,0,3,1,2,1,38,7,1896,2,9,-1,3,-1
2015100336915,2,9,0,18,0,0,0,0,0,0,4,1,2,1,29,6,998,1,4,-1,1,-1
2015100337015,1,19,0,11,0,0,0,0,0,0,4,1,2,1,37,7,2198,2,2,-1,1,-1
2015100337015,2,9,0,18,0,0,0,0,0,0,3,1,2,1,44,7,1461,2,-1,-1,1,-1
2015100337615,1,9,0,18,0,1,0,0,0,0,1,1,6,2,27,6,1124,1,10,-1,1,-1
2015100337615,2,9,0,3,0,1,0,0,0,0,2,1,6,1,44,7,1999,1,5,-1,1,-1
2015100337815,1,11,0,1,0,1,0,0,0,0,2,1,1,1,36,7,9000,2,11,-1,1,-1
2015100337815,2,9,0,3,0,1,0,0,0,0,1,1,2,2,27,6,1595,1,9,-1,1,-1
2015100337915,1,9,0,18,0,1,0,0,0,0,1,1,6,3,-1,-1,2967,2,2,-1,-1,-1