Accident_Index,Vehicle_Reference,Vehicle_Type,Towing_and_Articulation,Vehicle_Manoeuvre,Vehicle_Location-Restricted_Lane,Junction_Location,Skidding_and_Overturning,Hit_Object_in_Carriageway,Vehicle_Leaving_Carriageway,Hit_Object_off_Carriageway,1st_Point_of_Impact,Was_Vehicle_Left_Hand_Drive?,Journey_Purpose_of_Driver,Sex_of_Driver,Age_of_Driver,Age_Band_of_Driver,Engine_Capacity_(CC),Propulsion_Code,Age_of_Vehicle,Driver_IMD_Decile,Driver_Home_Area_Type,Vehicle_IMD_Decile
2015100337915,2,9,0,3,0,1,0,0,0,0,2,1,1,1,24,5,1896,2,12,-1,1,-1
2015100338715,1,9,0,9,0,6,0,0,0,0,1,1,6,2,34,6,998,1,5,-1,2,-1
2015100338715,2,3,0,18,0,8,0,0,0,0,4,1,6,1,32,6,124,1,4,-1,2,-1
2015100339015,1,9,0,18,0,1,0,0,0,0,1,1,6,1,31,6,1968,2,11,-1,1,-1
2015100339015,2,9,0,7,0,5,0,0,0,0,2,1,6,2,52,8,1590,1,10,-1,1,-1
2015100339115,1,17,4,18,0,0,0,0,0,0,0,1,6,3,-1,-1,-1,-1,-1,-1,-1,-1
2015100339115,2,1,0,18,0,0,0,0,1,9,4,1,6,1,45,7,-1,-1,-1,-1,3,-1
2015100339215,1,9,0,7,0,5,0,0,0,0,4,1,1,1,36,7,1968,2,2,-1,1,-1
2015100339215,2,1,0,18,0,8,1,0,0,0,1,1,4,1,12,3,-1,-1,-1,-1,-1,-1
2015100339315,1,9,0,18,0,8,0,0,0,0,1,1,6,1,31,6,1968,2,11,-1,1,-1
2015100339315,2,9,0,18,0,8,1,0,0,0,3,1,2,2,34,6,1242,1,9,-1,1,-1
2015100339415,1,2,0,9,0,4,0,0,0,0,1,1,6,1,20,4,49,1,6,-1,1,-1
2015100339415,2,9,0,2,0,2,0,0,0,0,3,1,6,2,-1,-1,1560,2,8,-1,1,-1
2015100339615,1,9,0,18,0,8,0,0,0,0,0,1,6,1,85,11,1997,1,9,-1,1,-1
2015100339615,2,9,0,18,0,8,0,0,0,0,1,1,6,2,56,9,2993,2,11,-1,1,-1
2015100339715,1,9,0,5,0,0,0,0,0,0,3,1,6,1,59,9,1598,1,3,-1,1,-1
2015100339715,2,9,0,18,0,0,0,0,0,0,4,1,2,2,29,6,1596,1,13,-1,1,-1
2015100340015,1,8,0,18,0,1,0,0,0,0,4,1,1,3,-1,-1,-1,-1,-1,-1,-1,-1
2015100340915,1,90,0,13,0,1,0,0,7,0,1,1,1,2,40,7,2148,2,6,-1,1,-1
2015100340915,2,9,0,9,0,5,0,0,7,0,3,1,3,2,48,8,1596,1,4,-1,1,-1
2015100341515,1,1,0,18,0,0,0,0,0,0,3,1,6,1,18,4,-1,-1,-1,-1,1,-1
2015100341515,2,9,0,18,0,0,0,0,0,0,4,1,6,1,40,7,1998,1,10,-1,1,-1
2015100341815,1,9,0,18,0,1,0,0,0,0,1,1,3,1,37,7,1900,2,9,-1,1,-1
2015100341815,2,9,0,3,0,1,1,0,0,0,2,1,2,2,21,5,1240,1,10,-1,-1,-1
2015100341815,3,9,0,10,0,1,1,0,0,0,2,1,2,2,36,7,1598,1,4,-1,1,-1
2015100342015,1,5,0,18,0,8,5,0,0,0,1,1,2,1,53,8,1552,1,8,-1,1,-1
2015100342015,2,9,0,18,0,8,0,0,0,0,2,1,1,1,58,9,-1,-1,-1,-1,1,-1
2015100342715,1,9,0,18,0,8,0,0,0,0,1,1,2,1,25,5,1596,1,13,-1,1,-1
2015100342715,2,9,0,4,0,8,0,0,0,0,2,1,2,1,26,6,1600,2,5,-1,1,-1
2015100342815,1,9,0,6,0,8,0,0,0,0,4,1,6,2,32,6,1598,1,4,-1,1,-1
2015100342815,2,3,0,18,0,8,0,0,0,0,1,1,6,1,18,4,-1,-1,-1,-1,1,-1
2015100343415,1,9,0,18,0,1,0,0,0,0,1,1,1,1,32,6,-1,-1,-1,-1,1,-1
2015100343415,2,9,0,3,0,1,0,0,0,0,2,1,6,2,22,5,1598,1,8,-1,1,-1
2015100343815,1,21,1,5,0,4,0,0,0,0,1,1,1,1,31,6,12419,2,1,-1,-1,-1
2015100343815,2,9,0,5,0,4,0,0,0,0,2,1,3,2,32,6,1968,2,2,-1,1,-1
2015100344115,1,5,0,13,0,8,1,0,0,0,4,1,6,1,23,5,599,1,19,-1,1,-1
2015100344115,2,19,0,9,0,5,0,0,0,0,3,1,1,1,42,7,1968,2,2,-1,1,-1
2015100344215,1,3,0,12,0,0,0,0,0,0,3,1,6,1,42,7,125,1,10,-1,1,-1
2015100344215,2,9,0,18,0,0,0,0,0,0,4,1,1,1,54,8,1461,2,4,-1,-1,-1
2015100344415,1,9,0,18,0,1,0,0,0,0,1,1,6,2,53,8,1498,1,3,-1,1,-1
2015100344415,2,1,0,18,0,1,0,0,0,0,3,1,6,1,57,9,-1,-1,-1,-1,1,-1
2015100344515,1,9,0,18,0,8,0,0,0,0,1,1,6,1,31,6,1753,2,7,-1,1,-1
2015100344515,2,9,0,18,0,8,0,0,0,0,2,1,6,2,46,8,1896,2,12,-1,2,-1
2015100344615,1,1,0,18,0,8,0,0,0,0,1,1,6,1,24,5,-1,-1,-1,-1,-1,-1
2015100344615,2,9,0,18,0,8,0,0,0,0,4,1,6,2,22,5,1796,1,6,-1,1,-1
2015100344815,1,20,0,18,0,0,0,0,0,0,1,1,1,1,29,6,2998,2,2,-1,1,-1
2015100344815,2,9,0,3,0,0,0,0,0,0,2,1,6,1,45,7,1598,1,8,-1,1,-1
2015100344815,3,9,0,3,0,0,0,0,0,0,2,1,6,1,43,7,1560,2,8,-1,1,-1
2015100345015,1,9,0,14,0,1,0,0,0,0,4,1,6,1,51,8,1242,1,8,-1,1,-1
2015100345115,1,9,0,13,0,1,0,0,0,0,4,1,6,1,21,5,1229,1,3,-1,1,-1
2015100345115,2,9,0,18,0,1,0,0,0,0,3,1,6,2,37,7,1597,1,10,-1,1,-1
2015100345615,1,9,0,18,0,0,0,4,0,0,1,1,6,1,32,6,1398,1,11,-1,1,-1
2015100345615,2,90,0,2,0,0,0,4,0,0,2,1,6,3,-1,-1,-1,-1,-1,-1,1,-1
2015100345615,3,9,0,2,0,0,0,4,0,0,1,1,6,3,-1,-1,2616,1,10,-1,1,-1
2015100345615,4,9,0,2,0,0,0,4,0,0,2,1,6,3,-1,-1,1461,2,6,-1,1,-1
2015100345615,5,9,0,2,0,0,0,4,0,0,2,1,6,3,-1,-1,1364,1,2,-1,1,-1
2015100347015,1,9,0,18,0,0,0,0,0,0,1,1,6,3,-1,-1,-1,-1,-1,-1,-1,-1
2015100347215,1,9,0,18,0,8,1,0,0,1,4,1,6,1,34,6,1984,2,2,-1,1,-1
2015100347215,2,9,0,18,0,8,0,0,0,0,1,1,1,1,55,8,1560,2,2,-1,1,-1
2015100347515,1,1,0,5,9,0,0,0,0,0,1,1,6,2,25,5,-1,-1,-1,-1,-1,-1
2015100347515,2,5,0,5,0,0,0,0,0,0,1,1,2,1,57,9,400,1,18,-1,-1,-1
2015100348115,1,9,0,5,0,0,0,0,0,0,1,1,6,2,35,6,898,1,2,-1,-1,-1
2015100348115,2,9,0,3,0,0,0,0,0,0,2,1,1,1,45,7,-1,-1,-1,-1,1,-1
2015100348615,1,11,0,5,0,1,0,0,0,0,0,1,6,1,56,9,-1,2,6,-1,1,-1
2015100348815,1,9,0,11,0,0,0,0,0,0,4,1,6,1,26,6,-1,-1,-1,-1,2,-1
2015100348815,2,5,0,18,0,0,0,0,0,0,4,1,6,1,38,7,535,1,21,-1,1,-1
2015100349015,1,9,0,18,0,1,0,0,1,0,1,1,6,2,22,5,1560,2,1,-1,3,-1
2015100349015,2,9,0,3,0,1,0,0,0,0,2,1,6,2,38,7,1798,1,20,-1,1,-1
2015100349015,3,9,0,10,0,1,0,0,0,0,2,1,6,1,48,8,2993,2,1,-1,1,-1
2015100349015,4,9,0,4,0,1,0,0,0,0,0,1,6,1,64,9,1686,2,2,-1,2,-1
2015100349415,1,9,0,18,0,8,0,0,0,0,0,1,6,3,-1,-1,-1,-1,-1,-1,-1,-1
2015100349415,2,11,0,18,0,8,0,0,0,0,0,1,6,3,-1,-1,-1,-1,-1,-1,-1,-1
2015100349515,1,9,0,18,0,1,0,4,0,0,1,1,6,1,41,7,1995,2,-1,-1,1,-1
2015100349515,2,19,0,2,6,1,0,0,0,0,2,1,1,1,35,6,1598,2,-1,-1,1,-1
2015100349615,1,9,0,18,0,1,0,0,0,0,1,1,6,1,36,7,1896,2,10,-1,1,-1
2015100349615,2,9,0,3,0,1,0,0,0,0,2,1,6,2,42,7,1339,1,3,-1,2,-1
2015100349615,3,9,0,3,0,1,0,0,0,0,2,1,6,1,61,9,1598,2,1,-1,3,-1
2015100350115,1,9,0,18,0,0,1,4,1,0,1,1,6,1,25,5,1796,1,13,-1,-1,-1
2015100350115,2,19,0,2,0,0,0,0,0,0,2,1,6,1,-1,-1,2402,2,6,-1,-1,-1
2015100350115,3,9,0,2,0,0,0,0,0,0,2,1,6,3,-1,-1,1242,1,9,-1,-1,-1
2015100350515,1,9,0,1,0,0,0,0,0,0,2,1,6,1,42,7,1598,1,5,-1,1,-1
2015100352015,1,9,0,18,0,1,0,0,0,0,1,1,6,2,57,9,1951,2,12,-1,3,-1
2015100352015,2,9,0,3,0,1,0,0,0,0,2,1,6,1,57,9,-1,-1,-1,-1,3,-1
2015100352115,1,9,0,18,0,1,0,0,0,0,4,1,6,3,-1,-1,-1,-1,-1,-1,-1,-1
2015100352415,1,1,0,9,0,5,0,0,0,0,3,1,6,3,-1,-1,-1,-1,-1,-1,-1,-1
2015100352415,2,9,0,3,0,1,0,0,0,0,3,1,1,1,55,8,2143,2,1,-1,-1,-1
2015100352515,1,9,0,9,0,6,0,0,0,0,1,1,6,1,61,9,1560,2,2,-1,1,-1
2015100352515,2,9,0,18,0,8,0,0,0,0,1,1,1,1,41,7,1798,1,4,-1,-1,-1
2015100353115,1,9,0,17,0,0,1,0,7,4,1,1,6,1,21,5,1753,2,12,-1,2,-1
2015100353615,1,9,0,18,0,3,2,10,0,0,4,1,6,1,18,4,1149,1,13,-1,1,-1
2015100354115,1,9,0,18,0,0,0,0,0,0,4,1,6,1,43,7,1956,2,6,-1,1,-1
2015100354215,1,9,0,18,0,1,0,0,0,0,3,1,6,1,20,4,1124,1,9,-1,-1,-1
2015100354715,1,9,0,18,0,8,0,0,0,0,3,1,2,1,55,8,1598,2,3,-1,1,-1
2015100354715,2,4,0,18,0,3,1,0,0,0,4,1,6,1,46,8,598,1,18,-1,1,-1
2015100354815,1,9,0,18,0,1,0,0,0,0,1,1,6,1,-1,-1,1968,2,6,-1,1,-1
2015100354815,2,9,0,3,0,1,0,0,0,0,2,1,6,2,49,8,-1,-1,-1,-1,-1,-1
2015100354915,1,9,0,7,0,8,0,0,0,0,3,1,6,1,53,8,1997,2,7,-1,1,-1
2015100354915,2,11,0,17,0,8,0,0,0,0,4,1,1,1,50,8,3900,2,11,-1,1,-1
2015100355115,1,9,0,14,0,0,0,0,0,0,4,1,6,3,-1,-1,-1,-1,-1,-1,-1,-1
2015100355115,2,20,0,2,0,0,0,0,0,0,0,1,1,3,-1,-1,-1,-1,-1,-1,-1,-1
2015100355315,1,9,0,18,0,1,0,0,0,0,1,1,6,1,48,8,2184,2,11,-1,1,-1
2015100355315,2,9,0,10,0,1,0,0,0,0,2,1,6,2,46,8,1242,1,12,-1,1,-1
2015100355415,1,9,0,18,0,0,2,0,0,0,1,1,6,2,78,11,1242,1,14,-1,1,-1
2015100355415,2,9,0,2,0,0,0,0,0,0,1,1,6,2,53,8,1998,1,12,-1,1,-1
2015100355415,3,9,0,2,0,0,0,0,0,0,4,1,6,1,44,7,2979,1,10,-1,1,-1
2015100355615,1,9,0,4,0,0,0,0,0,0,1,1,6,1,28,6,-1,-1,-1,-1,1,-1
2015100355915,1,9,0,4,0,1,0,0,0,0,1,1,6,2,67,10,973,1,15,-1,1,-1
2015100355915,2,9,0,3,0,1,0,0,0,0,2,1,1,2,54,8,1364,1,7,-1,1,-1
2015100356115,1,19,0,5,0,6,0,0,0,0,3,1,1,1,30,6,1461,2,2,-1,1,-1
2015100356115,2,9,0,18,0,8,0,0,0,0,1,1,6,2,57,9,1995,2,14,-1,1,-1
2015100356215,1,9,0,13,0,1,2,0,7,11,4,1,6,1,26,6,-1,-1,-1,-1,1,-1
2015100356215,2,9,0,9,0,1,0,0,0,0,3,1,6,2,76,11,1598,2,4,-1,1,-1
2015100356415,1,21,0,2,0,1,0,0,0,0,0,1,6,3,-1,-1,-1,-1,-1,-1,-1,-1
2015100356415,2,1,0,18,0,8,0,0,0,0,1,1,1,1,52,8,-1,-1,-1,-1,1,-1
2015100357315,1,9,0,18,0,1,0,0,0,0,0,1,6,1,18,4,-1,-1,-1,-1,-1,-1
2015100357315,2,3,0,15,0,1,2,0,0,0,1,1,6,1,18,4,124,1,14,-1,1,-1
2015100357315,3,9,0,10,0,1,0,0,0,0,1,1,6,1,22,5,1781,1,15,-1,-1,-1
2015100357415,1,9,0,7,0,6,0,0,0,0,1,1,6,1,45,7,-1,-1,-1,-1,-1,-1
2015100357415,2,9,0,18,0,1,0,0,0,0,4,1,1,1,32,6,1390,1,14,-1,-1,-1
2015100357615,1,9,0,18,0,8,0,0,0,0,1,1,6,1,67,10,1329,1,3,-1,1,-1
2015100357615,2,9,0,18,0,8,0,0,0,0,2,1,6,2,25,5,1240,1,10,-1,1,-1
2015100357715,1,9,0,18,0,0,0,0,0,0,1,1,6,1,54,8,1299,1,8,-1,1,-1
2015100357715,2,9,0,3,0,0,0,0,0,0,2,1,6,1,37,7,2776,2,7,-1,1,-1
2015100357815,1,9,0,18,0,7,0,0,0,0,1,1,6,2,20,4,973,1,14,-1,1,-1
2015100357815,2,9,0,3,0,7,0,0,0,0,2,1,6,2,33,6,998,1,1,-1,1,-1
2015100358115,1,90,0,18,0,2,0,0,0,0,4,1,6,1,30,6,-1,4,105,-1,1,-1
2015100358415,1,9,0,18,0,8,1,0,0,7,4,1,6,1,21,5,1997,2,16,-1,-1,-1
2015100358415,2,9,0,18,0,6,0,0,0,0,1,1,6,1,31,6,2776,2,-1,-1,1,-1
2015100358415,3,9,0,18,0,1,0,0,0,0,0,1,1,1,47,8,2993,2,3,-1,-1,-1
2015100358615,1,9,0,18,0,8,0,0,0,0,3,1,1,1,24,5,1781,1,11,-1,1,-1
2015100358615,2,9,0,18,0,8,0,0,0,0,1,1,1,1,30,6,-1,-1,-1,-1,1,-1
2015100358715,1,9,0,18,0,1,0,0,0,0,4,1,6,1,32,6,1896,2,5,-1,1,-1
2015100359015,1,11,0,5,0,0,0,0,0,0,0,1,1,1,34,6,9360,2,1,-1,1,-1
2015100359415,1,9,0,18,0,0,0,0,0,0,1,1,6,1,31,6,1461,2,6,-1,1,-1
2015100359415,2,9,0,3,0,0,0,0,0,0,2,1,2,1,46,8,1997,2,8,-1,1,-1
2015100359415,3,8,0,3,0,0,0,0,0,0,2,1,1,1,47,8,-1,-1,-1,-1,1,-1
2015100359515,1,1,0,18,0,0,0,0,0,0,3,1,6,1,18,4,-1,-1,-1,-1,-1,-1
2015100359515,2,9,0,18,0,0,0,0,0,0,1,1,6,1,19,4,999,1,14,-1,1,-1
2015100360115,1,9,0,5,0,1,0,0,0,0,1,1,1,1,40,7,1349,1,6,-1,1,-1
2015100360115,2,1,0,9,0,8,0,0,0,0,4,1,1,1,24,5,-1,-1,-1,-1,1,-1
2015100360915,1,9,0,2,0,0,0,0,0,0,2,1,6,1,51,8,1596,1,11,-1,1,-1
2015100360915,2,9,0,18,0,0,0,0,0,0,1,1,6,1,56,9,1242,1,1,-1,2,-1
2015100361215,1,9,0,7,0,3,0,0,0,0,0,1,6,3,-1,-1,-1,-1,-1,-1,-1,-1
2015100361215,2,3,0,17,0,8,1,10,1,0,4,1,6,1,18,4,125,1,9,-1,2,-1
2015100361315,1,1,0,16,0,0,0,0,0,0,1,1,2,2,33,6,-1,-1,-1,-1,1,-1
2015100361315,2,9,0,17,0,0,0,0,0,0,3,1,6,1,40,7,1598,2,1,-1,1,-1
2015100361615,1,19,0,18,0,0,0,0,0,0,1,1,2,1,18,4,1560,2,1,-1,1,-1
2015100361615,2,19,0,3,0,0,0,0,0,0,2,1,2,1,20,4,2198,2,-1,-1,3,-1
2015100361615,3,9,0,3,0,0,0,0,0,0,2,1,2,2,47,8,1998,1,-1,-1,3,-1
2015100361615,4,9,0,3,0,0,0,0,0,0,2,1,6,2,25,5,1248,1,4,-1,2,-1
2015100361915,1,9,0,4,0,1,0,0,0,0,1,1,6,1,-1,-1,-1,-1,-1,-1,1,-1
2015100361915,2,9,0,3,0,1,0,0,0,0,2,1,1,2,28,6,1240,1,8,-1,1,-1
2015100362315,1,9,0,18,0,2,0,0,8,0,4,1,6,1,20,4,1229,1,3,-1,2,-1
2015100362315,2,9,0,2,0,2,0,0,0,0,1,1,6,3,-1,-1,2199,2,4,-1,2,-1
2015100362315,3,9,0,2,0,2,0,0,0,0,1,1,6,3,-1,-1,2967,2,4,-1,2,-1
2015100362315,4,9,0,2,0,2,0,0,0,0,1,1,6,3,-1,-1,1997,2,5,-1,2,-1
2015100362615,1,9,0,6,0,0,0,0,0,0,4,1,6,3,-1,-1,-1,-1,-1,-1,-1,-1
2015100362615,2,9,0,18,0,0,0,0,0,0,4,1,1,2,44,7,1248,1,4,-1,1,-1
2015100362815,1,9,0,5,0,1,0,0,0,0,1,1,6,2,21,5,1199,1,1,-1,1,-1
2015100362815,2,9,0,3,0,1,0,0,0,0,2,1,6,1,41,7,1686,2,10,-1,1,-1
2015100362915,1,1,0,18,0,8,0,0,0,0,1,1,6,1,32,6,-1,-1,-1,-1,1,-1
2015100362915,2,9,0,18,0,8,0,0,0,0,4,1,6,1,72,10,1360,1,5,-1,1,-1
2015100363115,1,9,0,18,7,0,0,0,0,0,3,1,6,2,87,11,1391,1,14,-1,1,-1
2015100363115,2,9,0,2,6,0,0,0,0,0,2,1,6,1,65,9,1997,2,10,-1,1,-1
2015100363215,1,9,0,18,0,1,0,0,3,11,1,1,6,2,24,5,1397,1,6,-1,1,-1
2015100363415,1,9,0,7,0,8,0,0,0,0,3,1,6,1,34,6,1390,1,1,-1,1,-1
2015100363415,2,5,0,18,0,1,1,0,0,0,1,1,6,1,33,6,600,1,15,-1,3,-1
2015100363615,1,21,0,16,0,0,2,10,1,9,4,1,1,1,53,8,3920,2,4,-1,1,-1
2015100364115,1,8,0,14,0,0,0,0,0,0,1,1,1,1,27,6,1598,2,3,-1,-1,-1
2015100364115,2,10,0,2,0,0,0,0,0,0,0,1,1,1,42,7,-1,-1,-1,-1,-1,-1
2015100364415,1,9,0,18,0,1,0,0,0,0,1,1,6,1,81,11,1598,1,8,-1,3,-1
2015100364415,2,19,0,9,0,6,0,0,0,0,3,1,6,1,47,8,1896,2,6,-1,2,-1
2015100364515,1,8,0,4,0,1,0,0,0,0,2,1,1,1,40,7,-1,-1,-1,-1,1,-1
2015100364515,2,9,0,11,0,1,0,0,0,0,1,1,6,3,-1,-1,-1,-1,-1,-1,-1,-1
2015100364915,1,9,0,9,0,6,0,0,0,0,0,1,6,1,35,6,1242,1,1,-1,1,-1
2015100364915,2,9,0,7,0,6,1,0,0,11,1,1,6,1,27,6,1896,2,12,-1,1,-1
2015100365015,1,9,0,18,0,7,0,0,0,0,3,1,6,1,23,5,2143,2,4,-1,1,-1
2015100365015,2,9,0,18,0,2,0,0,0,7,1,1,6,1,64,9,1598,1,15,-1,-1,-1
2015100365115,1,9,0,9,0,5,0,0,0,0,1,1,6,1,17,4,1197,1,4,-1,1,-1
2015100365115,2,1,0,18,4,8,0,0,0,0,2,1,1,1,34,6,-1,-1,-1,-1,2,-1
2015100365215,1,19,0,8,0,1,0,0,0,0,2,1,1,1,46,8,4250,2,10,-1,1,-1
2015100365215,2,9,0,8,0,1,0,0,0,0,1,1,2,2,53,8,1598,1,6,-1,2,-1
2015100365315,1,9,0,18,0,8,2,0,7,7,4,1,2,1,59,9,1398,2,11,-1,1,-1
2015100365315,2,90,0,18,0,8,0,0,0,0,1,1,1,1,69,10,4000,2,3,-1,-1,-1
2015100365415,1,9,0,18,0,0,2,0,8,11,1,1,6,1,23,5,1149,1,12,-1,1,-1
2015100365715,1,9,0,5,0,1,0,0,0,0,1,1,6,2,21,5,998,1,3,-1,1,-1
2015100365715,2,1,0,18,0,8,0,0,0,0,1,1,6,1,12,3,-1,-1,-1,-1,1,-1
2015100366215,1,9,0,7,0,6,0,0,0,0,1,1,1,1,38,7,1598,2,1,-1,-1,-1
2015100366215,2,9,0,18,0,8,0,0,0,0,4,1,1,1,36,7,1598,2,4,-1,1,-1
2015100366515,1,9,0,18,0,0,0,0,0,0,4,1,6,2,35,6,1229,1,5,-1,1,-1
2015100366515,2,1,0,18,4,0,0,0,0,0,3,1,2,1,54,8,-1,-1,-1,-1,1,-1
2015100366715,1,90,0,17,0,1,0,0,0,0,3,2,6,1,59,9,-1,-1,-1,-1,-1,-1
2015100366715,2,9,0,18,0,1,0,0,0,0,4,1,6,2,35,6,1968,2,2,-1,-1,-1
2015100366815,1,9,0,18,0,0,0,0,0,0,1,1,6,1,20,4,1242,1,11,-1,1,-1
2015100366815,2,9,0,4,0,0,0,0,0,0,2,1,6,1,74,10,1398,1,1,-1,1,-1
2015100366915,1,9,0,4,0,1,0,0,0,0,1,1,6,2,35,6,973,1,12,-1,1,-1
2015100366915,2,9,0,4,0,1,0,0,0,0,2,1,6,1,70,10,1248,1,3,-1,1,-1
2015100367115,1,9,0,18,0,0,0,0,0,0,3,1,1,1,53,8,-1,3,2,-1,2,-1
2015100367115,2,19,0,2,0,0,0,0,0,0,0,1,6,3,-1,-1,2299,2,1,-1,-1,-1
2015100367415,1,9,0,18,0,8,0,0,0,0,1,1,6,2,27,6,1900,2,9,-1,1,-1
2015100367415,2,21,0,18,0,8,0,0,0,0,2,1,1,1,31,6,5480,2,9,-1,-1,-1
2015100368215,1,9,0,18,0,2,0,0,0,0,1,1,1,2,29,6,998,1,15,-1,-1,-1
2015100368215,2,9,0,3,0,2,0,0,0,0,2,1,6,1,60,9,1595,1,8,-1,-1,-1
2015100368415,1,9,0,7,0,5,0,0,0,0,3,1,2,1,20,4,1229,1,1,-1,1,-1
2015100368415,2,3,0,15,0,8,0,0,0,0,4,1,2,1,25,5,124,1,10,-1,1,-1
2015100368615,1,9,0,9,0,5,0,0,0,0,3,1,6,1,47,8,1796,1,4,-1,1,-1
2015100368615,2,5,0,13,0,8,0,0,0,0,4,1,6,1,67,10,883,1,12,-1,1,-1
2015100369015,1,9,0,17,0,1,0,0,0,0,3,1,1,2,32,6,2976,1,12,-1,2,-1
2015100369015,2,9,0,16,0,2,0,0,0,0,3,1,1,1,27,6,1229,1,10,-1,2,-1
2015100369115,1,9,0,9,0,5,0,0,0,0,1,1,6,2,25,5,-1,-1,-1,-1,-1,-1
2015100369115,2,9,0,7,0,6,0,0,0,0,1,1,6,1,60,9,1299,1,16,-1,2,-1
2015100369615,1,3,0,9,0,5,0,0,0,0,1,1,6,2,17,4,49,1,12,-1,1,-1
2015100369615,2,97,0,9,0,5,0,0,0,0,2,1,6,1,47,8,498,1,-1,-1,1,-1
2015100369715,1,9,0,10,0,8,0,0,0,0,4,1,6,2,28,6,1461,2,-1,-1,1,-1
2015100369715,2,9,0,18,0,1,0,0,0,0,1,1,2,2,51,8,998,1,5,-1,1,-1
2015100369915,1,3,0,5,0,4,1,0,0,0,3,1,2,1,46,8,124,1,4,-1,2,-1
2015100370215,1,9,0,17,0,0,1,0,7,4,4,1,6,1,67,10,1328,1,8,-1,3,-1
2015100370415,1,5,0,4,0,1,0,0,1,0,1,1,6,1,63,9,1584,1,7,-1,2,-1
2015100370415,2,9,0,3,0,1,0,0,0,0,2,1,6,1,28,6,1799,1,9,-1,1,-1
2015100371015,1,9,0,18,0,0,0,0,0,0,1,1,6,1,63,9,2179,2,1,-1,1,-1
2015100371015,2,9,0,3,0,0,0,0,0,0,2,1,6,2,32,6,1242,1,2,-1,1,-1
2015100371115,1,9,0,18,0,0,0,0,7,11,1,1,6,1,74,10,1995,2,10,-1,2,-1
2015100371415,1,9,0,9,0,6,0,0,0,0,4,1,6,2,41,7,1896,2,10,-1,1,-1
2015100371515,1,9,0,18,0,0,0,0,1,10,1,1,6,1,63,9,1796,1,18,-1,1,-1
2015100371615,1,19,0,18,0,8,0,0,0,0,1,1,1,1,48,8,1896,2,6,-1,1,-1
2015100371715,1,9,0,18,0,1,0,0,0,0,1,1,6,1,68,10,1995,2,2,-1,3,-1
2015100371715,2,9,0,10,0,1,0,0,0,0,2,1,6,2,47,8,1999,2,-1,-1,3,-1
2015100372115,1,1,0,18,0,1,0,0,0,0,4,1,6,1,12,3,-1,-1,-1,-1,1,-1
2015100372115,2,9,0,18,0,2,0,0,0,0,1,1,2,2,49,8,1598,1,7,-1,1,-1
2015100372815,1,9,0,18,0,0,0,0,0,0,1,1,6,3,-1,-1,1396,1,14,-1,-1,-1
2015100372815,2,9,0,3,0,0,0,0,0,0,2,1,2,2,25,5,1198,1,3,-1,1,-1
2015100373015,1,9,0,18,0,0,5,0,2,4,1,1,6,1,19,4,1588,1,10,-1,1,-1
2015100373015,2,9,0,2,0,0,0,0,0,0,2,1,6,1,46,8,1560,2,2,-1,1,-1
2015100373815,1,9,0,18,0,0,0,0,0,0,1,1,6,2,30,6,2521,1,7,-1,-1,-1
2015100373815,2,9,0,2,0,0,0,0,1,0,1,1,6,3,-1,-1,1896,2,17,-1,-1,-1
2015100373815,3,9,0,2,0,0,0,0,0,0,2,1,6,2,31,6,1910,2,8,-1,-1,-1
2015100373915,1,9,0,18,0,0,0,0,0,0,1,1,2,2,21,5,1360,1,8,-1,1,-1
2015100373915,2,9,0,3,0,0,0,0,0,0,2,1,6,2,49,8,1968,2,2,-1,1,-1
2015100373915,3,9,0,3,0,0,0,0,0,0,0,1,6,1,57,9,1560,2,3,-1,1,-1
2015100374215,1,9,0,18,0,8,0,0,0,0,1,1,6,1,34,6,1398,1,1,-1,1,-1
2015100374215,2,9,0,9,0,6,0,0,0,0,3,1,6,1,30,6,1395,1,1,-1,1,-1
2015100374315,1,9,0,18,0,0,0,0,7,11,1,1,6,1,76,11,1798,1,13,-1,1,-1
2015100374415,1,9,0,18,0,0,0,0,0,0,1,1,6,2,56,9,1198,1,11,-1,1,-1
2015100374515,1,8,0,18,0,8,0,0,0,0,1,1,1,1,49,8,1896,2,14,-1,1,-1
2015100374515,2,9,0,9,0,5,0,0,0,0,4,1,6,2,18,4,998,1,3,-1,1,-1
2015100374615,1,19,0,18,0,8,0,0,0,0,1,1,1,1,72,10,2198,2,1,-1,1,-1
2015100374815,1,9,0,18,0,1,0,0,0,0,1,1,6,1,20,4,1896,2,8,-1,1,-1
2015100374815,2,3,0,3,0,1,0,0,0,0,2,1,6,1,30,6,124,1,15,-1,1,-1
2015100375015,1,9,0,7,0,6,0,10,1,0,1,1,1,1,67,10,-1,-1,-1,-1,1,-1
2015100375215,1,9,0,16,0,0,0,0,7,0,1,1,6,1,55,8,998,1,2,-1,1,-1
2015100375315,1,21,1,18,0,1,0,0,0,0,1,2,1,1,44,7,-1,-1,-1,-1,-1,-1
2015100375315,2,9,0,3,0,1,0,0,0,0,2,1,6,1,65,9,2179,2,1,-1,3,-1
2015100375415,1,5,0,18,0,3,0,10,0,10,1,1,6,1,21,5,471,1,1,-1,1,-1