Accident_Index,Vehicle_Reference,Vehicle_Type,Towing_and_Articulation,Vehicle_Manoeuvre,Vehicle_Location-Restricted_Lane,Junction_Location,Skidding_and_Overturning,Hit_Object_in_Carriageway,Vehicle_Leaving_Carriageway,Hit_Object_off_Carriageway,1st_Point_of_Impact,Was_Vehicle_Left_Hand_Drive?,Journey_Purpose_of_Driver,Sex_of_Driver,Age_of_Driver,Age_Band_of_Driver,Engine_Capacity_(CC),Propulsion_Code,Age_of_Vehicle,Driver_IMD_Decile,Driver_Home_Area_Type,Vehicle_IMD_Decile
2015100375515,1,19,0,4,0,0,0,0,0,0,2,1,1,1,48,8,6370,2,9,-1,1,-1
2015100375615,1,9,0,4,0,6,1,0,1,0,1,1,1,2,19,4,2143,2,-1,-1,3,-1
2015100375615,2,9,0,18,0,8,0,0,0,0,4,1,6,1,57,9,2720,2,9,-1,1,-1
2015100376115,1,9,0,18,0,1,0,0,0,0,1,1,6,3,-1,-1,-1,-1,-1,-1,-1,-1
2015100376115,2,9,0,3,0,1,0,0,0,0,2,1,6,2,32,6,1587,1,12,-1,1,-1
2015100376215,1,9,0,9,0,6,0,0,0,0,3,1,6,1,86,11,1240,1,9,-1,1,-1
2015100376215,2,9,0,18,0,8,0,0,0,0,4,1,6,1,72,10,1396,1,6,-1,1,-1
2015100376315,1,9,0,18,0,1,0,0,0,0,1,1,2,2,20,4,973,1,13,-1,3,-1
2015100376315,2,9,0,7,0,5,0,0,0,0,2,1,6,2,31,6,1229,1,10,-1,1,-1
2015100376615,1,8,0,1,0,0,0,0,0,0,2,1,1,3,-1,-1,-1,-1,-1,-1,-1,-1
2015100377015,1,9,0,7,0,5,1,0,0,0,4,1,6,1,21,5,1124,1,12,-1,1,-1
2015100377015,2,5,0,3,0,1,0,0,0,0,3,1,6,1,67,10,1170,1,11,-1,1,-1
2015100377115,1,9,0,9,0,1,0,0,0,0,1,1,6,2,17,4,1124,1,8,-1,1,-1
2015100377115,2,1,0,18,0,1,0,0,0,0,1,1,6,2,48,8,-1,-1,-1,-1,1,-1
2015100377215,1,1,0,18,0,8,0,0,0,0,4,1,6,1,16,4,-1,-1,-1,-1,1,-1
2015100377215,2,9,0,18,0,8,0,0,0,0,1,1,6,1,50,8,1248,2,7,-1,2,-1
2015100377415,1,9,0,18,0,1,0,0,1,0,1,1,6,3,-1,-1,-1,-1,-1,-1,-1,-1
2015100377415,2,1,0,18,0,1,0,0,0,0,2,1,6,1,20,4,-1,-1,-1,-1,1,-1
2015100377515,1,9,0,18,0,0,5,0,0,0,1,1,6,1,40,7,2000,2,11,-1,1,-1
2015100377615,1,9,0,18,0,1,0,0,0,0,1,1,1,2,50,8,-1,-1,-1,-1,-1,-1
2015100377615,2,9,0,3,0,1,0,0,0,0,2,1,6,2,48,8,1840,1,12,-1,-1,-1
2015100377715,1,9,0,18,0,8,0,0,0,0,4,1,6,1,38,7,1794,1,12,-1,1,-1
2015100377915,1,9,0,9,0,5,0,0,0,0,1,1,1,1,39,7,1560,2,4,-1,1,-1
2015100377915,2,1,0,18,0,8,0,0,0,0,1,1,6,2,29,6,-1,-1,-1,-1,1,-1
2015100378215,1,9,0,9,0,6,0,0,0,0,1,1,2,1,20,4,1388,1,12,-1,1,-1
2015100378215,2,9,0,18,0,1,0,0,0,0,2,1,2,1,30,6,998,1,7,-1,1,-1
2015100378215,3,9,0,3,0,1,0,0,0,0,3,1,2,2,28,6,1398,2,7,-1,1,-1
2015100378215,4,2,0,18,0,1,0,0,0,0,0,1,6,3,-1,-1,-1,-1,-1,-1,-1,-1
2015100378415,1,9,0,17,0,0,1,0,8,3,1,1,2,1,19,4,1199,1,12,-1,1,-1
2015100378415,2,9,0,2,0,0,0,0,0,0,2,1,6,1,32,6,1968,2,3,-1,1,-1
2015100378415,3,5,0,17,0,0,0,0,2,4,1,1,6,1,20,4,600,1,13,-1,-1,-1
2015100379015,1,9,0,7,0,1,1,10,1,2,1,1,6,1,40,7,-1,-1,-1,-1,1,-1
2015100379115,1,9,0,11,0,8,0,0,0,0,1,1,6,3,-1,-1,-1,-1,-1,-1,-1,-1
2015100379115,2,9,0,18,0,8,0,0,0,0,1,1,6,1,39,7,1587,1,13,-1,1,-1
2015100379415,1,11,0,2,0,3,0,0,0,0,0,1,1,1,39,7,-1,2,14,-1,1,-1
2015100379815,1,11,0,5,0,0,0,0,0,0,0,1,1,1,24,5,4500,2,4,-1,1,-1
2015100380015,1,9,0,7,0,6,0,0,0,0,3,1,6,3,-1,-1,1388,1,13,-1,-1,-1
2015100380015,2,9,0,18,0,8,0,0,0,0,1,1,1,1,51,8,1560,2,1,-1,1,-1
2015100380115,1,9,0,9,0,6,0,0,0,2,1,1,6,1,67,10,1870,2,11,-1,1,-1
2015100380115,2,9,0,18,0,1,0,0,0,0,1,1,1,1,48,8,2993,2,-1,-1,1,-1
2015100380215,1,9,0,16,0,0,0,0,0,0,1,1,1,1,45,7,1995,2,5,-1,1,-1
2015100380215,2,9,0,17,0,0,0,0,0,0,1,1,6,1,41,7,-1,-1,-1,-1,1,-1
2015100380515,1,9,0,18,0,1,0,0,0,0,3,1,1,1,47,8,2698,2,7,-1,1,-1
2015100380515,2,9,0,18,0,1,0,0,8,6,4,1,1,2,37,7,1968,2,4,-1,1,-1
2015100380815,1,8,0,9,0,5,0,0,0,0,1,1,1,1,45,7,1240,1,5,-1,1,-1
2015100380815,2,5,0,18,0,8,0,0,0,0,1,1,2,1,52,8,1854,1,4,-1,2,-1
2015100380915,1,9,0,18,0,0,1,0,1,1,1,1,1,2,31,6,1896,2,14,-1,1,-1
2015100381015,1,9,0,1,0,1,0,0,0,0,2,1,6,1,46,8,-1,-1,-1,-1,3,-1
2015100381115,1,4,0,18,0,0,0,0,0,0,1,1,6,1,23,5,249,1,2,-1,1,-1
2015100381115,2,9,0,18,0,0,0,0,0,0,2,2,6,1,-1,-1,-1,-1,-1,-1,-1,-1
2015100381215,1,5,0,16,0,0,1,0,7,11,1,1,6,1,32,6,748,1,3,-1,3,-1
2015100381315,1,9,0,4,0,1,1,0,3,0,4,1,1,1,21,5,1596,1,14,-1,2,-1
2015100381315,2,9,0,18,0,8,0,0,0,0,1,1,6,2,49,8,1242,1,1,-1,3,-1
2015100381415,1,9,0,18,0,1,0,0,0,0,1,1,3,1,44,7,1390,1,13,-1,2,-1
2015100381715,1,9,0,4,0,0,0,0,0,0,2,1,6,2,22,5,1397,1,15,-1,3,-1
2015100381715,2,9,0,18,0,0,1,0,0,0,1,1,6,2,18,4,1390,1,10,-1,2,-1
2015100381715,3,21,0,18,0,0,0,0,0,0,0,1,1,1,-1,-1,-1,-1,-1,-1,-1,-1
2015100382215,1,11,0,18,0,1,0,0,0,0,0,1,1,1,50,8,6692,2,3,-1,1,-1
2015100382415,1,9,0,16,0,0,0,0,0,0,1,1,6,1,-1,-1,1796,1,10,-1,1,-1
2015100382415,2,9,0,17,0,0,0,0,0,0,1,1,6,1,25,5,1910,2,6,-1,1,-1
2015100382515,1,3,0,4,0,0,2,0,0,0,3,1,6,1,28,6,125,1,4,-1,1,-1
2015100382915,1,11,0,13,0,0,0,0,0,0,4,1,6,1,-1,-1,3900,2,12,-1,3,-1
2015100382915,2,1,0,18,0,0,0,0,0,0,3,1,6,1,28,6,-1,-1,-1,-1,2,-1
2015100383015,1,9,0,7,0,3,0,0,0,0,1,1,6,1,23,5,1398,2,13,-1,1,-1
2015100383015,2,9,0,10,0,1,0,0,0,0,1,1,6,2,42,7,1956,2,5,-1,1,-1
2015100383515,1,9,0,18,0,2,0,0,3,3,1,1,6,2,48,8,-1,-1,-1,-1,1,-1
2015100384015,1,9,0,18,0,1,0,0,0,0,1,1,6,3,-1,-1,1781,1,15,-1,-1,-1
2015100384015,2,9,0,10,0,6,0,0,0,0,3,1,6,1,23,5,1398,1,-1,-1,1,-1
2015100384115,1,10,0,18,0,1,0,0,0,0,0,1,1,1,61,9,2999,2,4,-1,1,-1
2015100384215,1,9,0,18,0,1,0,0,0,0,1,1,6,1,-1,-1,-1,-1,-1,-1,1,-1
2015100384215,2,9,0,3,0,1,0,0,0,0,2,1,6,1,27,6,1242,1,-1,-1,1,-1
2015100384615,1,19,0,18,0,0,0,0,0,0,1,1,6,1,-1,-1,1968,2,1,-1,1,-1
2015100384615,2,9,0,18,0,0,0,0,0,0,2,1,6,2,33,6,-1,-1,-1,-1,1,-1
2015100385115,1,9,0,18,0,1,0,0,0,0,1,1,6,3,-1,-1,-1,-1,-1,-1,-1,-1
2015100385215,1,9,0,7,0,3,0,0,0,0,4,1,2,1,24,5,1598,2,5,-1,1,-1
2015100385215,2,1,0,18,0,8,0,0,0,0,3,1,6,1,35,6,-1,-1,-1,-1,-1,-1
2015100385315,1,9,0,4,0,0,0,0,0,0,4,1,6,1,53,8,1968,2,4,-1,-1,-1
2015100385415,1,9,0,18,0,0,0,0,0,0,4,1,2,1,21,5,1229,1,8,-1,1,-1
2015100385415,2,1,0,18,0,0,0,0,0,0,1,1,6,1,10,2,-1,-1,-1,-1,1,-1
2015100386015,1,9,0,18,0,8,0,0,0,0,3,1,1,1,29,6,1896,2,14,-1,1,-1
2015100386015,2,9,0,18,0,8,0,0,0,0,1,1,1,1,51,8,1598,2,2,-1,1,-1
2015100386815,1,9,0,18,0,1,0,0,0,0,1,1,6,2,18,4,1248,1,6,-1,-1,-1
2015100386815,2,9,0,3,0,1,0,0,0,0,2,1,6,1,53,8,1390,1,6,-1,-1,-1
2015100386915,1,9,0,18,0,1,0,0,0,0,1,1,6,2,24,5,1242,1,2,-1,1,-1
2015100386915,2,9,0,18,0,1,0,0,0,0,2,1,6,1,64,9,-1,3,-1,-1,1,-1
2015100387215,1,5,0,9,0,6,1,0,0,0,0,1,2,1,62,9,1450,1,11,-1,1,-1
2015100387315,1,9,0,4,0,4,0,0,0,0,1,1,6,2,59,9,-1,-1,-1,-1,1,-1
2015100387315,2,9,0,5,0,4,0,0,0,0,2,1,6,1,52,8,1598,1,-1,-1,1,-1
2015100387415,1,9,0,18,0,1,0,0,0,0,1,1,6,1,60,9,1799,1,6,-1,1,-1
2015100387415,2,9,0,4,0,1,0,0,0,0,2,1,6,2,27,6,1461,2,-1,-1,1,-1
2015100387415,3,9,0,4,0,1,0,0,0,0,2,1,6,1,28,6,1560,2,10,-1,1,-1
2015100387415,4,9,0,4,0,1,0,0,0,0,0,1,6,1,-1,-1,-1,-1,-1,-1,-1,-1
2015100387615,1,9,0,18,0,0,0,0,1,7,1,1,6,1,68,10,1560,2,2,-1,1,-1
2015100387715,1,9,0,18,0,8,0,0,0,0,3,1,6,2,28,6,1360,1,6,-1,1,-1
2015100387715,2,9,0,18,0,8,0,0,0,0,1,1,6,2,19,4,1595,1,2,-1,1,-1
2015100387815,1,9,0,18,0,0,0,0,0,0,4,1,6,1,22,5,1995,1,7,-1,1,-1
2015100388015,1,9,0,18,0,0,0,0,0,0,1,1,2,2,20,4,1242,1,2,-1,1,-1
2015100388015,2,9,0,4,0,0,0,0,0,0,2,1,2,2,46,8,1364,1,6,-1,3,-1
2015100388215,1,9,0,18,0,8,0,0,0,0,1,1,2,2,43,7,1198,1,3,-1,1,-1
2015100388215,2,1,0,18,0,8,0,0,1,0,4,1,2,1,32,6,-1,-1,-1,-1,1,-1
2015100388315,1,9,0,14,0,1,0,0,0,0,1,1,6,3,-1,-1,-1,-1,-1,-1,-1,-1
2015100388415,1,9,0,18,0,0,0,0,0,0,1,1,2,1,20,4,1199,1,14,-1,1,-1
2015100388415,2,9,0,4,0,0,0,0,0,0,2,1,6,2,31,6,1896,2,9,-1,1,-1
2015100388515,1,9,0,18,0,1,0,0,0,0,1,1,6,2,25,5,1198,1,5,-1,1,-1
2015100388515,2,9,0,3,0,4,0,0,0,0,2,1,6,2,24,5,-1,-1,-1,-1,1,-1
2015100388615,1,9,0,18,0,4,0,0,0,0,1,1,6,1,52,8,1360,1,12,-1,1,-1
2015100388615,2,9,0,18,0,8,0,0,0,0,4,1,6,2,65,9,1242,1,3,-1,1,-1
2015100388815,1,9,0,9,0,4,0,0,0,0,1,1,6,2,29,6,1349,1,7,-1,1,-1
2015100388815,2,3,0,9,0,4,0,0,0,0,2,1,6,2,45,7,124,1,16,-1,1,-1
2015100388915,1,9,0,2,0,0,0,0,0,0,3,1,6,1,20,4,1598,1,-1,-1,2,-1
2015100388915,2,1,0,18,0,0,0,0,0,0,1,1,2,1,44,7,-1,-1,-1,-1,1,-1
2015100389015,1,9,0,18,0,8,0,0,0,0,1,1,1,1,34,6,1896,2,10,-1,1,-1
2015100389015,2,9,0,18,0,4,0,0,0,0,3,1,1,1,60,9,1753,2,8,-1,2,-1
2015100389215,1,9,0,18,0,0,0,0,0,0,1,1,6,1,82,11,1596,1,3,-1,1,-1
2015100389215,2,9,0,3,0,0,0,0,0,0,2,1,6,1,69,10,2231,2,9,-1,3,-1
2015100389515,1,9,0,9,0,4,0,0,0,0,0,1,6,1,55,8,1497,1,13,-1,2,-1
2015100389515,2,3,0,18,0,8,5,0,0,0,3,1,6,1,29,6,124,1,3,-1,2,-1
2015100390015,1,9,0,11,0,1,0,0,0,0,4,1,6,1,-1,-1,1999,1,12,-1,-1,-1
2015100390015,2,11,0,18,0,1,0,0,0,0,3,1,1,1,55,8,-1,-1,-1,-1,1,-1
2015100390115,1,9,0,18,0,1,0,0,0,0,1,1,1,1,56,9,1798,8,2,-1,1,-1
2015100390115,2,1,0,18,0,6,0,0,0,0,1,1,6,1,9,2,-1,-1,-1,-1,1,-1
2015100390215,1,9,0,18,0,0,0,0,5,6,1,1,6,1,25,5,2498,1,16,-1,2,-1
2015100390315,1,9,0,18,0,1,0,0,0,0,1,1,6,1,83,11,1896,2,13,-1,3,-1
2015100390315,2,21,0,18,0,4,0,0,0,0,4,1,1,1,47,8,12740,2,-1,-1,1,-1
2015100390515,1,9,0,18,0,0,0,0,0,0,1,1,6,1,25,5,1360,1,15,-1,-1,-1
2015100390515,2,8,0,3,0,0,0,0,0,0,2,1,1,1,43,7,2685,2,12,-1,2,-1
2015100390715,1,9,0,18,0,0,0,0,0,0,3,1,6,2,54,8,1560,2,2,-1,1,-1
2015100390715,2,1,0,18,0,0,0,0,0,0,1,1,6,2,6,2,-1,-1,-1,-1,1,-1
2015100391815,1,1,0,18,0,0,0,0,0,0,3,1,6,1,55,8,-1,-1,-1,-1,2,-1
2015100391815,2,9,0,18,0,0,0,0,0,0,4,1,2,1,49,8,1598,2,3,-1,2,-1
2015100392015,1,11,0,18,0,0,0,0,0,0,4,1,1,1,58,9,6370,2,8,-1,1,-1
2015100392115,1,9,0,18,0,1,0,0,0,0,1,1,6,3,-1,-1,-1,-1,-1,-1,-1,-1
2015100392115,2,9,0,3,0,1,0,0,0,0,2,1,6,2,30,6,1769,1,13,-1,1,-1
2015100392215,1,9,0,18,0,1,0,0,0,0,1,1,6,1,70,10,1398,1,3,-1,1,-1
2015100392215,2,9,0,3,0,1,0,0,0,0,2,1,6,2,19,4,998,1,7,-1,1,-1
2015100392215,3,9,0,3,0,1,0,0,0,0,2,1,6,1,74,10,1229,1,3,-1,1,-1
2015100392215,4,9,0,2,0,1,0,0,0,0,4,1,6,2,-1,-1,1595,1,9,-1,2,-1
2015100392315,1,11,0,13,0,0,0,0,0,0,1,1,1,1,52,8,-1,-1,-1,-1,1,-1
2015100392315,2,1,0,18,0,0,0,0,0,0,2,1,6,1,59,9,-1,-1,-1,-1,1,-1
2015100392615,1,8,0,18,0,0,0,0,0,0,1,1,1,3,-1,-1,-1,-1,-1,-1,-1,-1
2015100392915,1,9,0,16,0,0,1,0,0,0,3,1,6,1,22,5,4163,1,4,-1,1,-1
2015100392915,2,9,0,17,0,0,0,0,0,0,3,1,6,2,27,6,1248,1,5,-1,1,-1
2015100392915,3,9,0,17,0,0,0,0,0,0,3,1,6,1,51,8,1560,2,9,-1,2,-1
2015100393015,1,9,0,18,0,8,0,0,0,0,1,1,6,1,74,10,998,1,6,-1,1,-1
2015100393015,2,1,0,18,0,8,0,0,0,0,1,1,6,1,76,11,-1,-1,-1,-1,-1,-1
2015100393215,1,8,0,3,0,1,0,0,0,0,2,1,1,1,48,8,1910,2,7,-1,1,-1
2015100393215,2,9,0,8,0,1,0,0,0,0,2,1,1,1,31,6,1995,1,9,-1,1,-1
2015100393315,1,9,0,7,0,3,0,0,0,0,4,1,6,1,42,7,1896,2,11,-1,1,-1
2015100393315,2,1,0,18,0,8,0,0,0,0,3,1,6,1,35,6,-1,-1,-1,-1,-1,-1
2015100393515,1,5,0,17,0,1,2,0,1,1,1,1,6,1,38,7,749,1,8,-1,1,-1
2015100393715,1,9,0,12,0,0,0,0,0,0,3,1,6,2,59,9,1240,1,9,-1,1,-1
2015100393715,2,21,0,18,0,0,0,0,0,0,4,1,1,1,62,9,12777,2,9,-1,-1,-1
2015100393715,3,20,0,2,0,0,0,0,0,0,0,1,6,1,-1,-1,3920,2,12,-1,-1,-1
2015100393715,4,9,0,18,0,0,0,0,0,0,1,1,6,1,49,8,1956,2,2,-1,1,-1
2015100394015,1,9,0,9,0,4,0,0,0,0,1,1,1,2,52,8,1398,1,1,-1,1,-1
2015100394015,2,1,0,18,0,8,5,0,0,0,4,1,6,1,74,10,-1,-1,-1,-1,1,-1
2015100394215,1,9,0,18,0,1,0,0,0,0,1,1,6,1,18,4,998,1,7,-1,3,-1
2015100394415,1,9,0,7,0,8,0,0,0,0,3,1,6,1,40,7,1968,2,1,-1,1,-1
2015100394415,2,9,0,18,0,1,0,0,0,0,3,1,6,1,35,6,1896,2,8,-1,1,-1
2015100394415,3,9,0,2,0,1,0,0,0,0,1,1,6,2,-1,-1,-1,-1,-1,-1,1,-1
2015100394815,1,9,0,18,0,0,0,10,1,4,4,1,6,2,33,6,1390,1,4,-1,1,-1
2015100394915,1,9,0,5,0,4,0,0,0,0,1,1,1,1,41,7,2143,2,3,-1,-1,-1
2015100394915,2,1,0,17,0,8,0,0,0,0,4,1,2,1,45,7,-1,-1,-1,-1,1,-1
2015100395115,1,9,0,18,0,0,0,0,0,0,3,1,6,1,27,6,1560,2,6,-1,1,-1
2015100395115,2,19,0,2,0,0,0,0,0,0,0,1,6,3,-1,-1,2198,2,4,-1,-1,-1
2015100395215,1,9,0,7,0,6,0,0,0,0,3,1,6,2,27,6,1975,1,10,-1,3,-1
2015100395215,2,4,0,18,0,8,0,0,0,0,1,1,6,1,75,10,225,1,18,-1,-1,-1
2015100395815,1,19,0,18,0,0,0,0,7,11,1,1,1,1,48,8,2402,2,9,-1,1,-1
2015100396115,1,9,0,18,0,0,0,0,0,0,1,1,6,1,22,5,1984,1,13,-1,1,-1
2015100396115,2,9,0,3,0,0,0,0,0,0,2,1,6,2,39,7,1360,1,12,-1,1,-1
2015100396615,1,9,0,11,0,1,0,0,0,0,4,1,6,1,-1,-1,-1,-1,-1,-1,1,-1
2015100396615,2,1,0,18,0,1,0,0,0,0,3,1,6,1,37,7,-1,-1,-1,-1,1,-1
2015100397115,1,5,0,18,0,1,5,0,0,0,3,1,2,1,30,6,599,1,12,-1,1,-1
2015100397115,2,9,0,10,0,1,0,0,0,0,3,1,2,1,51,8,-1,-1,-1,-1,1,-1
2015100397515,1,5,0,4,0,1,0,0,0,0,0,1,6,1,59,9,-1,-1,-1,-1,-1,-1
2015100397715,1,1,0,18,0,0,0,0,0,0,0,1,6,1,11,3,-1,-1,-1,-1,1,-1
2015100398015,1,9,0,17,0,0,2,0,8,0,3,1,6,1,19,4,1248,2,9,-1,1,-1
2015100398215,1,19,0,5,0,1,0,0,0,0,2,1,1,1,38,7,4250,2,9,-1,1,-1
2015100398315,1,9,0,9,0,6,0,0,0,2,1,1,6,2,42,7,1461,2,4,-1,2,-1
2015100398815,1,9,0,4,0,0,0,0,0,0,1,1,2,2,29,6,1968,2,1,-1,1,-1
2015100398815,2,9,0,4,0,0,0,0,0,0,2,1,2,2,28,6,1587,1,7,-1,1,-1
2015100398815,3,9,0,18,0,0,0,0,0,0,1,1,6,1,53,8,998,1,12,-1,1,-1
2015100399015,1,9,0,9,0,8,1,0,0,0,1,1,2,1,51,8,-1,-1,-1,-1,1,-1
2015100399015,2,9,0,18,0,8,0,0,0,1,1,1,6,1,24,5,1590,1,13,-1,-1,-1
2015100399415,1,9,0,18,0,8,0,0,0,0,1,1,2,1,23,5,2143,2,4,-1,1,-1
2015100399415,2,1,0,18,0,8,0,0,0,0,1,1,6,1,13,3,-1,-1,-1,-1,1,-1
2015100399415,3,1,0,18,0,8,0,0,0,0,1,1,6,1,13,3,-1,-1,-1,-1,1,-1
2015100399515,1,11,0,4,0,1,1,0,0,0,0,1,1,1,25,5,9000,5,1,-1,1,-1
2015100399615,1,19,0,18,0,4,0,0,0,0,1,1,6,1,49,8,1995,2,8,-1,1,-1
2015100399615,2,9,0,18,0,8,0,0,0,7,4,1,6,2,48,8,1198,1,12,-1,1,-1
2015100399715,1,11,0,4,0,1,0,0,0,0,0,1,1,1,37,7,9600,2,15,-1,1,-1
2015100400115,1,9,0,17,0,0,0,0,0,0,0,1,6,3,-1,-1,-1,-1,-1,-1,-1,-1
2015100400115,2,3,0,16,0,0,2,0,1,0,4,1,6,1,17,4,124,1,2,-1,2,-1
2015100400215,1,9,0,1,0,6,0,0,0,0,2,1,2,2,48,8,1229,1,1,-1,1,-1
2015100400415,1,9,0,16,0,0,1,10,1,7,3,1,6,2,43,7,1248,1,6,-1,1,-1
2015100400615,1,3,0,16,0,8,0,0,0,0,1,1,6,1,29,6,-1,-1,-1,-1,-1,-1
2015100400615,2,9,0,9,0,5,0,0,0,0,3,1,1,1,33,6,-1,-1,-1,-1,1,-1
2015100400915,1,9,0,18,0,8,0,0,0,0,1,1,6,2,53,8,1598,2,2,-1,1,-1
2015100400915,2,9,0,9,0,8,0,0,0,0,3,1,6,2,54,8,1896,2,6,-1,1,-1
2015100401015,1,11,0,9,0,8,0,0,0,0,0,1,1,1,40,7,4500,2,4,-1,1,-1
2015100401115,1,9,0,18,0,0,0,0,0,0,1,1,6,2,-1,-1,899,1,1,-1,1,-1
2015100401415,1,9,0,18,0,0,0,0,0,0,2,1,6,1,46,8,998,1,7,-1,1,-1
2015100401415,2,9,0,3,0,0,0,0,0,0,2,1,2,2,22,5,1388,1,4,-1,1,-1
2015100401415,3,9,0,3,0,0,0,0,0,0,2,1,6,2,47,8,2199,2,6,-1,3,-1
2015100401515,1,3,0,4,0,1,0,0,0,0,0,1,6,1,28,6,125,1,10,-1,1,-1
2015100402015,1,5,0,18,0,2,1,0,0,0,4,1,6,1,54,8,955,1,13,-1,1,-1
2015100402315,1,9,0,18,0,8,0,0,0,11,4,1,6,2,55,8,1461,2,6,-1,2,-1
2015100402315,2,9,0,18,0,8,0,0,0,0,1,1,6,2,33,6,1968,2,3,-1,1,-1
2015100403015,1,9,0,11,0,2,0,0,0,0,4,1,1,2,31,6,-1,-1,-1,-1,1,-1
2015100403015,2,9,0,18,0,2,0,0,0,0,3,1,3,1,34,6,1598,1,4,-1,1,-1
2015100403115,1,9,0,18,0,8,0,0,0,0,4,1,6,1,32,6,1461,2,8,-1,1,-1
2015100403115,2,9,0,18,0,8,0,0,0,0,1,1,6,1,27,6,1968,2,4,-1,1,-1
2015100403315,1,9,0,16,0,0,2,0,7,11,1,1,6,1,28,6,1596,1,15,-1,3,-1
2015100403615,1,11,0,5,0,1,0,0,0,0,1,1,1,1,-1,-1,6700,2,7,-1,1,-1
2015100403615,2,9,0,5,0,1,0,0,0,0,2,1,6,1,40,7,1199,1,14,-1,1,-1
2015100403815,1,1,0,18,9,1,0,0,0,0,4,1,6,1,14,3,-1,-1,-1,-1,1,-1
2015100403815,2,9,0,8,0,1,0,0,0,0,4,1,6,2,37,7,1390,1,4,-1,1,-1
2015100403915,1,9,0,18,0,0,0,0,0,0,3,1,6,1,57,9,1991,1,12,-1,1,-1
2015100404315,1,9,0,18,0,8,0,0,0,0,3,1,6,1,70,10,1422,2,12,-1,1,-1
2015100404315,2,9,0,18,0,8,0,0,0,0,4,1,6,2,33,6,1497,1,11,-1,-1,-1
2015100405015,1,9,0,18,0,1,0,0,0,0,1,1,6,1,80,11,1769,1,11,-1,2,-1
2015100405015,2,9,0,3,0,1,0,0,0,0,2,1,1,2,25,5,1242,1,9,-1,3,-1
2015100405115,1,9,0,4,0,1,0,0,0,0,1,1,2,1,19,4,-1,-1,-1,-1,1,-1
2015100405115,2,9,0,3,0,1,0,0,0,0,2,1,2,2,51,8,898,1,1,-1,1,-1
2015100405215,1,9,0,5,0,8,0,0,0,0,1,1,6,1,27,6,1200,1,2,-1,1,-1
2015100405215,2,1,0,18,0,8,0,0,0,0,2,1,6,1,46,8,-1,-1,-1,-1,-1,-1
2015100405315,1,1,0,18,0,0,0,0,0,0,4,1,6,1,19,4,-1,-1,-1,-1,1,-1
2015100405315,2,9,0,18,0,0,0,0,0,0,1,1,2,1,20,4,1896,2,14,-1,1,-1
2015100405415,1,11,0,4,0,1,0,0,0,0,0,1,1,1,60,9,9360,2,1,-1,1,-1
2015100405515,1,1,0,18,0,0,0,0,0,0,1,1,6,1,26,6,-1,-1,-1,-1,-1,-1
2015100405515,2,9,0,18,0,0,0,0,0,0,4,1,6,2,36,7,998,1,4,-1,1,-1
2015100405715,1,11,0,18,0,1,0,0,0,0,1,1,1,1,51,8,9000,2,13,-1,1,-1
2015100405915,1,9,0,18,0,8,0,0,0,0,1,1,6,1,55,8,-1,-1,-1,-1,1,-1
2015100405915,2,1,0,18,0,8,0,0,0,0,4,1,2,1,41,7,-1,-1,-1,-1,2,-1
2015100406315,1,9,0,18,0,8,0,0,0,0,4,1,6,2,72,10,1229,1,9,-1,1,-1
2015100406315,2,9,0,18,0,8,0,0,0,0,3,1,6,1,40,7,1794,1,10,-1,1,-1
2015100406415,1,9,0,5,0,1,0,0,0,0,3,1,6,1,30,6,1598,1,8,-1,1,-1
2015100406415,2,9,0,2,0,1,0,0,0,0,0,1,6,3,-1,-1,1229,1,1,-1,1,-1
2015100406815,1,9,0,18,0,8,1,0,1,7,1,1,6,2,20,4,1396,1,13,-1,1,-1
2015100407015,1,9,0,18,0,0,0,0,0,0,4,1,2,2,54,8,1240,1,7,-1,1,-1
2015100407315,1,9,0,18,0,0,0,0,0,0,1,1,1,1,44,7,2400,2,1,-1,1,-1
2015100407315,2,11,0,2,0,0,0,0,0,0,0,1,1,1,73,10,11967,2,11,-1,1,-1
2015100407915,1,9,0,18,0,8,0,0,0,0,1,1,6,2,65,9,1796,2,2,-1,1,-1
2015100407915,2,9,0,18,0,8,0,0,0,0,2,1,2,2,32,6,998,1,13,-1,1,-1
2015100408015,1,9,0,9,0,6,0,0,0,0,1,1,1,2,50,8,1242,1,1,-1,1,-1
2015100408015,2,9,0,18,0,1,0,0,0,0,1,1,6,2,78,11,998,1,13,-1,1,-1
2015100408215,1,19,0,18,0,0,1,0,0,0,1,1,1,1,34,6,2402,2,10,-1,1,-1
2015100408215,2,9,0,18,0,0,0,0,0,0,2,1,6,1,60,9,1896,2,13,-1,1,-1
2015100408215,3,9,0,18,0,0,0,0,0,0,4,1,6,1,31,6,1686,2,5,-1,1,-1
2015100408415,1,9,0,18,0,0,5,7,0,0,1,1,6,2,28,6,1242,1,1,-1,2,-1
2015100408515,1,5,0,18,0,0,0,12,1,9,1,1,6,1,57,9,-1,-1,-1,-1,-1,-1
2015100410115,1,9,0,18,0,8,1,0,0,0,1,1,6,2,62,9,1560,2,-1,-1,1,-1