Accident_Index,Vehicle_Reference,Vehicle_Type,Towing_and_Articulation,Vehicle_Manoeuvre,Vehicle_Location-Restricted_Lane,Junction_Location,Skidding_and_Overturning,Hit_Object_in_Carriageway,Vehicle_Leaving_Carriageway,Hit_Object_off_Carriageway,1st_Point_of_Impact,Was_Vehicle_Left_Hand_Drive?,Journey_Purpose_of_Driver,Sex_of_Driver,Age_of_Driver,Age_Band_of_Driver,Engine_Capacity_(CC),Propulsion_Code,Age_of_Vehicle,Driver_IMD_Decile,Driver_Home_Area_Type,Vehicle_IMD_Decile
2015100410115,2,1,0,18,0,8,0,0,0,0,1,1,6,1,49,8,-1,-1,-1,-1,1,-1
2015100410415,1,3,0,18,0,0,0,10,0,11,1,1,6,1,16,4,124,1,12,-1,-1,-1
2015100410515,1,11,0,18,0,1,0,0,0,0,1,1,1,1,-1,-1,6871,2,11,-1,-1,-1
2015100410515,2,5,0,3,0,1,0,0,0,0,2,1,2,1,17,4,125,1,9,-1,1,-1
2015100410815,1,19,0,16,0,0,0,0,0,0,1,1,6,1,48,8,2198,2,-1,-1,1,-1
2015100410815,2,9,0,3,0,0,0,0,0,0,2,1,6,2,56,9,1395,1,1,-1,1,-1
2015100410815,3,9,0,3,0,0,0,0,0,0,2,1,6,2,43,7,1598,1,4,-1,2,-1
2015100410815,4,9,0,3,0,0,0,0,0,0,2,1,6,1,25,5,2171,1,13,-1,1,-1
2015100411215,1,9,0,18,0,1,0,0,3,7,1,1,6,1,19,4,1598,1,13,-1,3,-1
2015100411515,1,9,0,12,0,8,0,0,0,0,2,1,2,1,35,6,2170,2,10,-1,1,-1
2015100411515,2,9,0,18,0,8,0,0,0,0,1,1,2,1,23,5,1229,1,3,-1,1,-1
2015100411615,1,9,0,7,0,4,1,0,7,4,1,1,6,2,68,10,1560,2,8,-1,1,-1
2015100411715,1,9,0,6,0,0,0,0,0,0,3,1,6,2,28,6,1598,2,1,-1,1,-1
2015100411715,2,5,0,18,0,0,0,0,0,0,1,1,6,1,46,8,1157,1,14,-1,1,-1
2015100411915,1,11,0,4,0,0,0,0,0,0,0,1,6,1,35,6,4500,2,4,-1,1,-1
2015100412115,1,9,0,7,0,1,0,0,0,0,1,1,6,2,33,6,996,1,3,-1,-1,-1
2015100412115,2,9,0,7,0,1,0,0,0,0,2,1,6,2,27,6,998,1,7,-1,-1,-1
2015100412115,3,9,0,7,0,1,0,0,0,0,2,1,6,2,42,7,1560,2,2,-1,1,-1
2015100413115,1,9,0,4,0,1,0,0,0,0,1,1,1,1,18,4,998,1,27,-1,-1,-1
2015100413115,2,9,0,3,0,1,0,0,0,0,2,1,6,1,46,8,1868,2,16,-1,3,-1
2015100413115,3,9,0,3,0,1,0,0,0,0,2,1,6,1,25,5,1596,1,-1,-1,1,-1
2015100413115,4,9,0,4,0,1,0,0,0,0,2,1,6,2,42,7,1560,2,2,-1,1,-1
2015100413515,1,9,0,9,0,8,0,0,0,0,1,1,6,2,79,11,999,1,8,-1,1,-1
2015100413515,2,9,0,18,0,8,0,0,0,0,1,1,6,1,38,7,1896,2,8,-1,-1,-1
2015100413615,1,9,0,1,0,1,0,0,0,0,0,1,6,3,-1,-1,-1,-1,-1,-1,-1,-1
2015100413615,2,1,0,3,0,1,0,0,0,0,3,1,6,2,53,8,-1,-1,-1,-1,2,-1
2015100413715,1,19,0,9,0,5,0,0,0,0,4,2,6,1,63,9,-1,-1,-1,-1,2,-1
2015100413715,2,3,0,16,0,8,0,0,0,0,1,1,6,1,18,4,125,1,1,-1,3,-1
2015100413815,1,9,0,17,0,0,5,0,1,0,1,1,6,1,29,6,1998,1,11,-1,1,-1
2015100413915,1,9,0,18,0,0,0,0,0,0,1,1,6,2,22,5,1596,1,20,-1,1,-1
2015100413915,2,9,0,18,0,0,0,0,0,0,2,1,6,2,50,8,998,1,2,-1,2,-1
2015100414115,1,9,0,11,0,1,0,0,0,0,4,1,6,2,20,4,2000,1,15,-1,1,-1
2015100414115,2,1,0,12,0,1,0,0,0,0,3,1,6,1,36,7,-1,-1,-1,-1,1,-1
2015100414615,1,9,0,9,0,6,0,0,0,0,3,1,6,1,53,8,1849,2,1,-1,1,-1
2015100414615,2,1,0,18,0,8,0,0,0,0,3,1,1,1,31,6,-1,-1,-1,-1,1,-1
2015100415615,1,9,0,18,0,8,0,0,0,0,1,1,1,1,44,7,1998,1,2,-1,1,-1
2015100415615,2,9,0,18,0,8,0,0,0,0,4,1,6,2,55,8,1199,1,11,-1,1,-1
2015100415915,1,9,0,18,0,0,0,0,0,0,1,1,1,1,38,7,1587,1,13,-1,2,-1
2015100415915,2,9,0,4,0,0,0,0,0,0,2,1,1,2,53,8,1399,2,5,-1,2,-1
2015100416015,1,21,0,18,0,0,0,0,0,0,1,1,1,1,-1,-1,12809,2,2,-1,-1,-1
2015100416015,2,9,0,11,0,0,0,0,0,0,2,1,6,2,24,5,1299,1,12,-1,1,-1
2015100416215,1,9,0,3,0,0,0,0,0,0,0,1,2,2,-1,-1,1598,1,6,-1,1,-1
2015100416215,2,9,0,18,0,0,0,0,0,0,4,1,2,2,42,7,1896,2,11,-1,1,-1
2015100416215,3,9,0,18,0,0,0,0,0,0,1,1,1,1,43,7,1753,2,8,-1,1,-1
2015100417115,1,9,0,18,0,0,0,0,0,0,4,1,6,1,53,8,1685,2,2,-1,1,-1
2015100417615,1,9,0,18,0,2,0,0,0,0,2,1,1,1,-1,-1,1461,2,6,-1,1,-1
2015100417615,2,9,0,16,0,2,0,0,0,0,2,1,1,1,42,7,1598,1,3,-1,-1,-1
2015100417715,1,9,0,9,2,6,0,0,0,0,0,1,6,3,-1,-1,-1,-1,-1,-1,-1,-1
2015100417715,2,11,0,18,2,2,0,0,0,0,0,1,1,1,45,7,-1,-1,-1,-1,1,-1
2015100417815,1,9,0,9,0,6,0,0,0,0,1,1,6,1,55,8,1396,1,12,-1,1,-1
2015100417815,2,1,0,18,0,8,5,0,0,0,2,1,2,1,34,6,-1,-1,-1,-1,2,-1
2015100418015,1,9,0,18,0,8,5,0,0,0,1,1,6,3,-1,-1,-1,-1,-1,-1,-1,-1
2015100418015,2,1,0,18,0,8,5,0,0,0,2,1,1,2,22,5,-1,-1,-1,-1,1,-1
2015100418515,1,9,0,1,0,8,0,0,0,0,3,1,6,1,24,5,1199,1,13,-1,1,-1
2015100418915,1,1,0,18,0,8,0,0,0,0,1,1,6,1,35,6,-1,-1,-1,-1,1,-1
2015100419015,1,8,0,18,0,1,0,0,0,0,4,1,1,3,-1,-1,-1,-1,-1,-1,-1,-1
2015100419115,1,11,0,18,0,8,0,0,0,0,0,1,1,3,-1,-1,-1,-1,-1,-1,-1,-1
2015100419115,2,1,0,18,0,8,0,0,0,0,0,1,6,1,30,6,-1,-1,-1,-1,1,-1
2015100419315,1,9,0,18,0,0,0,0,0,0,1,1,6,2,28,6,996,1,-1,-1,-1,-1
2015100419315,2,9,0,4,0,0,0,0,0,0,2,1,6,2,20,4,1199,1,13,-1,2,-1
2015100419315,3,9,0,4,0,0,0,0,0,0,2,1,6,1,49,8,1598,1,1,-1,-1,-1
2015100419615,1,1,0,18,0,8,0,0,0,0,3,1,2,1,24,5,-1,-1,-1,-1,1,-1
2015100419615,2,9,0,10,0,6,0,0,0,0,1,1,6,2,36,7,1560,2,2,-1,-1,-1
2015100419815,1,9,0,18,0,0,0,0,0,0,0,1,6,3,-1,-1,-1,-1,-1,-1,-1,-1
2015100419815,2,19,0,18,0,0,0,0,0,0,1,1,6,1,17,4,1560,2,2,-1,1,-1
2015100419815,3,9,0,2,0,0,0,0,0,0,3,1,6,3,-1,-1,-1,-1,-1,-1,1,-1
2015100420015,1,9,0,9,0,4,0,0,0,0,1,1,6,1,86,11,1598,1,2,-1,-1,-1
2015100420015,2,1,0,18,0,8,0,0,0,0,4,1,1,1,44,7,-1,-1,-1,-1,-1,-1
2015100420215,1,1,0,18,0,0,5,0,0,0,3,1,6,1,18,4,-1,-1,-1,-1,-1,-1
2015100420215,2,19,0,18,0,0,0,0,0,0,4,1,1,1,54,8,-1,-1,-1,-1,1,-1
2015100420515,1,19,0,9,0,6,0,0,0,0,1,1,6,3,-1,-1,-1,-1,-1,-1,-1,-1
2015100420515,2,1,0,18,0,8,0,0,0,0,4,1,2,1,36,7,-1,-1,-1,-1,-1,-1
2015100420615,1,9,0,5,0,1,0,0,0,0,1,1,6,2,30,6,998,1,1,-1,1,-1
2015100420615,2,9,0,4,0,1,0,0,0,0,2,1,6,2,50,8,1360,1,11,-1,-1,-1
2015100420715,1,19,0,7,0,6,1,0,0,0,1,1,6,1,39,7,2464,2,7,-1,1,-1
2015100420715,2,9,0,7,0,6,0,0,7,11,2,1,6,1,24,5,1242,1,1,-1,1,-1
2015100420815,1,9,0,18,0,2,0,0,0,0,3,1,6,1,21,5,-1,-1,-1,-1,-1,-1
2015100420815,2,1,0,18,0,2,0,0,0,0,1,1,6,2,72,10,-1,-1,-1,-1,-1,-1
2015100421215,1,9,0,18,0,1,0,0,0,0,1,1,1,1,53,8,-1,-1,-1,-1,-1,-1
2015100421215,2,9,0,3,0,1,0,0,0,0,2,1,6,2,42,7,1798,1,11,-1,1,-1
2015100422215,1,9,0,18,0,8,0,0,0,0,1,1,6,3,-1,-1,998,1,12,-1,-1,-1
2015100422215,2,9,0,3,0,8,0,0,0,0,2,1,6,1,72,10,1339,1,1,-1,1,-1
2015100422315,1,9,0,12,0,0,5,0,7,0,1,1,6,1,45,7,1242,1,12,-1,1,-1
2015100422315,2,9,0,18,0,0,0,0,0,0,1,1,6,1,38,7,2231,2,7,-1,1,-1
2015100422515,1,9,0,4,0,0,0,0,0,0,0,1,6,1,78,11,1596,1,6,-1,3,-1
2015100422515,2,11,0,11,0,0,0,0,0,0,0,1,1,1,60,9,6871,2,9,-1,1,-1
2015100422715,1,9,0,18,0,1,0,0,0,0,1,1,6,1,29,6,2231,2,10,-1,1,-1
2015100422715,2,9,0,3,0,1,0,0,0,0,2,1,6,1,25,5,2000,2,9,-1,1,-1
2015100423115,1,8,0,18,0,1,1,0,0,0,1,1,1,1,28,6,1896,2,7,-1,1,-1
2015100423115,2,19,0,3,0,1,0,0,0,0,2,1,6,1,56,9,2998,2,2,-1,1,-1
2015100423215,1,9,0,9,0,8,0,0,0,0,4,1,2,2,24,5,1149,1,6,-1,1,-1
2015100423215,2,1,0,18,0,8,0,0,0,0,1,1,2,1,36,7,-1,-1,-1,-1,1,-1
2015100423315,1,19,0,18,0,0,0,0,0,0,1,1,1,2,54,8,-1,-1,-1,-1,3,-1
2015100423315,2,9,0,18,0,0,0,0,0,0,2,1,1,1,46,8,1956,2,4,-1,1,-1
2015100423515,1,9,0,18,0,8,0,0,0,0,1,1,6,1,18,4,1461,2,1,-1,1,-1
2015100423515,2,9,0,18,0,8,0,0,0,3,3,1,6,1,71,10,1997,2,14,-1,-1,-1
2015100423715,1,9,0,18,0,0,0,0,0,0,1,1,6,1,51,8,1968,2,2,-1,1,-1
2015100423715,2,9,0,18,0,0,0,0,0,0,2,1,6,1,64,9,-1,-1,-1,-1,1,-1
2015100423715,3,9,0,3,0,0,0,0,0,0,0,1,6,1,37,7,1968,2,6,-1,1,-1
2015100424215,1,9,0,4,0,1,0,0,0,0,1,1,6,1,72,10,1951,2,12,-1,-1,-1
2015100424215,2,9,0,8,0,1,0,0,0,0,2,1,6,2,22,5,1968,2,5,-1,2,-1
2015100424515,1,3,0,16,0,8,0,0,0,0,1,1,6,1,26,6,292,1,17,-1,1,-1
2015100424515,2,9,0,9,0,6,0,0,0,0,3,1,6,1,36,7,1968,2,7,-1,-1,-1
2015100424715,1,9,0,18,0,0,0,0,0,0,1,1,6,1,27,6,-1,-1,-1,-1,1,-1
2015100424815,1,20,0,18,0,0,5,0,0,0,3,1,1,1,26,6,-1,-1,-1,-1,1,-1
2015100425115,1,9,0,18,0,0,0,0,7,0,4,1,6,1,52,8,1298,1,13,-1,3,-1
2015100425115,2,19,0,18,0,0,0,0,1,0,3,1,6,1,28,6,1995,2,8,-1,1,-1
2015100425115,3,9,0,18,0,0,0,0,1,0,1,1,6,2,35,6,1796,1,14,-1,-1,-1
2015100425315,1,9,0,13,0,1,0,0,0,0,4,1,6,1,46,8,-1,-1,-1,-1,1,-1
2015100425315,2,9,0,18,0,1,0,0,0,0,3,1,1,1,38,7,1896,2,7,-1,1,-1
2015100425415,1,9,0,18,0,0,0,0,0,0,1,1,6,3,-1,-1,-1,-1,-1,-1,-1,-1
2015100425515,1,1,0,18,0,8,0,0,0,0,1,1,6,1,27,6,-1,-1,-1,-1,1,-1
2015100425515,2,9,0,5,0,1,0,0,0,0,3,1,6,2,43,7,1598,1,13,-1,1,-1
2015100425615,1,8,0,1,0,8,0,0,0,0,2,1,1,1,47,8,1997,2,4,-1,1,-1
2015100425715,1,11,0,5,0,1,0,0,0,0,3,1,1,1,26,6,6700,2,7,-1,1,-1
2015100425715,2,9,0,10,0,1,0,0,6,0,4,1,1,1,30,6,1997,2,-1,-1,1,-1
2015100425815,1,9,0,6,0,0,0,0,0,0,3,1,6,1,33,6,1997,2,-1,-1,-1,-1
2015100425815,2,9,0,18,0,0,0,0,0,0,1,1,6,1,65,9,1596,1,12,-1,1,-1
2015100425915,1,3,0,18,0,1,0,0,0,0,1,1,6,1,17,4,125,1,-1,-1,1,-1
2015100426015,1,9,0,17,0,0,0,0,0,0,1,1,6,1,30,6,1896,2,11,-1,2,-1
2015100426115,1,11,0,7,0,8,0,0,0,0,0,1,1,1,49,8,9360,2,1,-1,1,-1
2015100426215,1,9,0,18,0,0,0,0,4,2,4,1,6,1,46,8,2457,1,9,-1,2,-1
2015100426215,2,9,0,18,0,0,0,0,0,0,3,1,1,1,28,6,1598,1,-1,-1,1,-1
2015100426215,3,20,0,3,0,0,0,0,0,0,2,1,1,1,69,10,6174,2,15,-1,1,-1
2015100426315,1,9,0,9,0,6,0,0,0,0,4,1,6,2,47,8,1596,1,14,-1,2,-1
2015100426315,2,1,0,18,0,8,0,0,0,0,1,1,6,1,46,8,-1,-1,-1,-1,2,-1
2015100426615,1,19,0,1,9,0,0,0,0,0,2,1,6,3,-1,-1,-1,-1,-1,-1,-1,-1
2015100426615,2,1,0,18,9,0,0,0,0,0,4,1,6,1,49,8,-1,-1,-1,-1,1,-1
2015100427415,1,1,0,18,0,0,0,0,0,0,3,1,6,1,36,7,-1,-1,-1,-1,-1,-1
2015100427415,2,9,0,18,0,0,0,0,0,0,1,1,1,1,28,6,2401,2,13,-1,-1,-1
2015100427615,1,9,0,18,0,1,0,0,0,0,1,1,6,1,56,9,1796,1,13,-1,1,-1
2015100427615,2,9,0,4,0,1,0,0,0,0,2,1,6,2,65,9,998,1,-1,-1,1,-1
2015100427715,1,9,0,12,0,0,0,0,0,0,1,1,6,2,49,8,1560,2,1,-1,1,-1
2015100427715,2,1,0,18,0,0,0,0,0,0,3,1,6,1,50,8,-1,-1,-1,-1,1,-1
2015100427915,1,21,1,18,0,8,0,0,0,0,1,1,1,1,47,8,12900,2,6,-1,1,-1
2015100427915,2,9,0,3,0,8,0,0,0,0,2,1,2,2,50,8,1968,2,3,-1,1,-1
2015100430015,1,19,0,18,0,0,1,0,0,0,1,1,1,1,48,8,-1,-1,-1,-1,1,-1
2015100430015,2,9,0,3,0,0,0,0,0,0,2,1,6,1,40,7,2993,2,7,-1,1,-1
2015100430015,3,9,0,3,0,0,0,0,0,0,2,1,6,1,-1,-1,1149,1,6,-1,1,-1
2015100430015,4,9,0,3,0,0,0,0,0,0,2,1,6,1,68,10,2143,2,2,-1,-1,-1
2015100430115,1,1,0,9,0,6,0,0,0,0,1,1,6,1,59,9,-1,-1,-1,-1,2,-1
2015100430115,2,9,0,18,0,8,0,0,0,0,1,1,6,2,60,9,1497,8,1,-1,-1,-1
2015100430615,1,9,0,18,0,3,5,10,1,1,1,1,6,1,36,7,1461,2,11,-1,1,-1
2015100430715,1,9,0,4,0,1,1,0,0,0,1,1,2,1,22,5,998,1,18,-1,-1,-1
2015100430715,2,9,0,3,0,1,0,0,0,0,2,1,2,1,21,5,-1,-1,-1,-1,-1,-1
2015100430715,3,9,0,3,0,1,0,0,0,0,2,1,2,1,20,4,1124,1,10,-1,-1,-1
2015100431015,1,19,0,7,0,8,0,10,0,0,1,1,6,1,18,4,1753,2,9,-1,1,-1
2015100431015,2,9,0,3,0,8,0,0,0,0,2,1,6,1,35,6,1896,2,7,-1,1,-1
2015100431015,3,9,0,18,0,1,0,0,0,0,1,1,6,2,62,9,1598,1,10,-1,1,-1
2015100431115,1,9,0,4,0,0,0,0,0,0,1,1,6,2,31,6,1595,1,6,-1,1,-1
2015100431315,1,5,0,17,0,2,0,0,1,0,4,1,2,1,59,9,1250,1,13,-1,2,-1
2015100431315,2,19,0,2,0,1,0,0,0,0,0,1,1,1,29,6,2198,2,1,-1,1,-1
2015100431315,3,90,0,14,0,1,0,0,0,0,0,2,6,1,39,7,-1,-1,-1,-1,-1,-1
2015100431715,1,9,0,4,0,0,0,0,0,0,1,1,6,1,24,5,1685,2,2,-1,1,-1
2015100431715,2,9,0,3,0,0,0,0,0,0,2,1,6,2,45,7,1910,2,10,-1,-1,-1
2015100431915,1,9,0,18,0,4,0,0,0,0,1,1,6,2,40,7,1984,1,7,-1,1,-1
2015100431915,2,9,0,18,0,4,0,0,0,0,4,1,6,1,38,7,1560,2,2,-1,1,-1
2015100432115,1,1,0,18,0,0,0,0,0,0,1,1,6,1,16,4,-1,-1,-1,-1,1,-1
2015100432115,2,9,0,18,0,0,0,0,0,0,1,1,6,2,25,5,1229,1,8,-1,1,-1
2015100432315,1,9,0,13,0,1,0,10,0,0,4,1,1,1,30,6,1686,2,1,-1,-1,-1
2015100432315,2,9,0,9,0,1,0,0,0,0,3,1,6,1,47,8,2184,2,10,-1,1,-1
2015100432415,1,9,0,18,0,1,0,0,0,0,1,1,6,3,-1,-1,-1,-1,-1,-1,-1,-1
2015100432815,1,9,0,18,0,1,0,0,0,0,1,1,2,1,41,7,1796,1,1,-1,2,-1
2015100432815,2,9,0,3,0,1,0,0,0,0,2,1,6,1,45,7,1796,1,7,-1,-1,-1
2015100432915,1,9,0,5,0,0,0,6,0,10,1,1,6,2,33,6,1299,1,10,-1,1,-1
2015100432915,2,9,0,5,0,0,0,0,0,0,2,1,6,2,17,4,1198,1,6,-1,3,-1
2015100433015,1,9,0,9,0,5,0,0,0,0,1,1,6,2,51,8,1970,1,15,-1,2,-1
2015100433015,2,9,0,18,0,8,0,0,0,0,1,1,6,1,21,5,1242,1,9,-1,1,-1
2015100433015,3,19,0,10,0,1,0,0,0,0,3,1,6,1,41,7,1998,2,12,-1,1,-1
2015100433215,1,9,0,18,0,2,5,0,0,0,1,1,6,2,68,10,1388,1,3,-1,1,-1
2015100433215,2,19,0,2,0,2,0,0,0,0,2,1,6,3,-1,-1,1499,2,-1,-1,1,-1
2015100433215,3,9,0,2,0,2,0,0,0,0,2,1,6,3,-1,-1,1596,1,8,-1,1,-1
2015100433215,4,9,0,2,0,2,0,0,0,0,2,1,6,3,-1,-1,1598,1,5,-1,1,-1
2015100433315,1,3,0,18,0,2,0,0,0,0,1,1,6,1,46,8,124,1,6,-1,1,-1
2015100433315,2,9,0,2,0,2,0,0,0,0,1,1,6,3,-1,-1,1461,2,1,-1,1,-1
2015100433515,1,9,0,18,0,8,0,0,0,0,1,1,6,1,25,5,998,1,1,-1,1,-1
2015100433515,2,1,0,18,0,8,0,0,0,0,4,1,6,1,53,8,-1,-1,-1,-1,-1,-1
2015100433615,1,9,0,18,0,8,2,0,0,0,4,1,6,1,21,5,1149,1,12,-1,1,-1
2015100433915,1,9,0,18,0,0,0,0,0,0,4,1,6,1,41,7,1999,1,2,-1,1,-1
2015100433915,2,1,0,18,0,0,0,0,0,0,2,1,6,1,11,3,-1,-1,-1,-1,1,-1
2015100434215,1,9,0,7,0,3,0,0,0,0,2,1,6,3,-1,-1,-1,-1,-1,-1,-1,-1
2015100434215,2,1,0,17,0,8,0,0,0,0,1,1,6,1,55,8,-1,-1,-1,-1,-1,-1
2015100434315,1,9,0,18,0,1,0,0,0,0,1,1,6,1,23,5,1461,2,1,-1,1,-1
2015100434315,2,9,0,3,0,1,0,0,0,0,2,1,6,2,26,6,1388,1,3,-1,1,-1
2015100434415,1,9,0,16,0,0,0,0,0,0,1,1,6,1,34,6,1998,1,16,-1,1,-1
2015100434615,1,19,0,18,0,1,0,0,0,0,1,1,1,1,48,8,2148,2,8,-1,2,-1
2015100434615,2,9,0,9,0,5,1,0,0,0,3,1,6,1,34,6,1968,2,1,-1,-1,-1
2015100434715,1,9,0,18,0,1,0,0,0,0,1,1,2,1,55,8,1968,2,2,-1,-1,-1
2015100434715,2,9,0,10,0,1,0,0,0,0,2,1,3,2,33,6,1229,1,2,-1,1,-1
2015100434915,1,9,0,18,0,1,0,0,0,0,4,1,6,1,24,5,1560,2,4,-1,1,-1
2015100435815,1,9,0,9,0,6,0,0,0,0,3,2,6,1,33,6,-1,-1,-1,-1,1,-1
2015100435815,2,9,0,18,0,8,0,0,0,0,1,1,6,1,35,6,1497,1,13,-1,1,-1
2015100436315,1,19,0,18,0,0,0,0,0,0,1,1,1,1,42,7,2402,2,11,-1,1,-1
2015100436315,2,9,0,3,0,0,0,0,0,0,2,1,6,1,43,7,3200,2,4,-1,1,-1
2015100436415,1,9,0,9,0,5,0,0,0,0,3,1,6,3,-1,-1,-1,-1,-1,-1,-1,-1
2015100436415,2,1,0,18,0,8,0,0,0,0,1,1,6,1,36,7,-1,-1,-1,-1,1,-1
2015100436515,1,9,0,16,0,0,1,4,0,0,3,1,6,1,33,6,1149,1,13,-1,1,-1
2015100436515,2,9,0,2,0,0,0,0,0,0,4,1,6,2,-1,-1,1598,1,12,-1,1,-1
2015100436615,1,9,0,12,0,0,0,0,0,0,3,1,6,1,21,5,998,1,3,-1,1,-1
2015100436615,2,3,0,18,0,0,0,0,0,0,1,1,6,1,26,6,125,1,1,-1,1,-1
2015100436715,1,9,0,18,0,8,0,0,0,0,1,1,2,2,19,4,-1,-1,-1,-1,1,-1
2015100436715,2,8,0,18,0,8,0,10,0,6,4,1,1,1,29,6,1598,2,3,-1,1,-1
2015100436815,1,9,0,17,0,0,1,0,1,9,1,1,1,1,28,6,1598,1,7,-1,1,-1
2015100437015,1,9,0,12,0,0,0,0,0,0,2,1,6,1,42,7,2148,2,9,-1,1,-1
2015100437015,2,2,0,18,0,0,1,0,0,0,1,1,2,1,16,4,49,1,1,-1,1,-1
2015100437115,1,9,0,4,0,1,0,0,0,0,1,1,6,1,84,11,1994,2,16,-1,1,-1
2015100437115,2,9,0,3,0,1,0,0,0,0,2,1,6,1,53,8,1396,1,3,-1,1,-1
2015100437215,1,9,0,15,0,0,0,0,0,0,2,1,6,1,42,7,4163,1,3,-1,-1,-1
2015100437215,2,9,0,18,0,0,0,0,0,0,1,1,6,2,38,7,1560,2,-1,-1,1,-1
2015100437415,1,9,0,18,0,2,0,0,0,0,1,1,6,3,-1,-1,-1,-1,-1,-1,-1,-1
2015100437515,1,9,0,5,0,0,0,0,0,0,1,1,6,1,40,7,1598,2,2,-1,1,-1
2015100437515,2,9,0,18,0,0,0,0,0,0,4,1,6,1,51,8,-1,-1,-1,-1,1,-1
2015100438115,1,9,0,18,0,0,0,10,2,2,1,1,2,2,35,6,1341,1,10,-1,1,-1
2015100438315,1,9,0,5,0,4,0,0,0,0,1,1,6,2,19,4,1229,1,1,-1,1,-1
2015100438315,2,9,0,4,0,4,0,0,0,0,2,1,6,2,63,9,1364,1,10,-1,1,-1
2015100438415,1,9,0,18,0,1,0,0,0,0,1,1,6,2,-1,-1,1910,2,7,-1,1,-1
2015100438415,2,9,0,3,0,1,0,0,0,0,2,1,6,2,20,4,1242,1,1,-1,1,-1
2015100438515,1,9,0,18,0,0,0,0,0,0,1,1,6,1,61,9,-1,-1,-1,-1,1,-1
2015100438615,1,9,0,18,0,0,0,0,0,0,3,1,6,1,46,8,1598,1,7,-1,-1,-1
2015100438615,2,9,0,18,0,0,0,0,0,0,4,1,6,1,49,8,1997,2,12,-1,1,-1
2015100438715,1,9,0,18,0,0,5,0,0,0,1,1,1,1,61,9,1598,2,2,-1,1,-1
2015100438715,2,9,0,2,0,0,0,0,0,0,2,1,6,2,58,9,1956,2,2,-1,1,-1
2015100438815,1,9,0,18,0,0,0,0,0,0,1,1,6,1,22,5,-1,3,1,-1,1,-1
2015100438815,2,9,0,3,0,0,0,0,0,0,2,1,6,2,60,9,1329,1,5,-1,1,-1
2015100438815,3,9,0,3,0,0,0,0,0,0,2,1,6,1,44,7,-1,-1,-1,-1,1,-1
2015100438915,1,9,0,11,0,8,0,0,0,0,4,1,6,1,30,6,1400,1,15,-1,1,-1
2015100438915,2,9,0,18,0,8,0,0,0,0,3,1,1,1,41,7,2149,2,8,-1,1,-1
2015100439315,1,9,0,18,0,1,0,0,0,0,1,1,6,1,25,5,1582,2,6,-1,1,-1
2015100439315,2,9,0,10,0,1,0,0,0,0,2,1,6,1,29,6,4608,1,8,-1,1,-1
2015100439315,3,8,0,10,0,1,0,0,0,0,2,1,1,1,46,8,-1,-1,-1,-1,1,-1
2015100439915,1,9,0,9,0,6,0,0,0,0,1,1,6,1,17,4,999,1,14,-1,-1,-1
2015100439915,2,9,0,18,0,8,0,0,7,0,4,1,1,1,38,7,-1,-1,-1,-1,3,-1
2015100440515,1,9,0,18,0,0,1,0,1,9,4,1,6,1,18,4,1390,1,13,-1,3,-1
2015100440515,2,9,0,18,0,0,5,0,1,9,2,1,6,2,25,5,1364,2,-1,-1,1,-1
2015100440715,1,9,0,18,0,0,0,0,0,0,1,1,6,3,-1,-1,1461,2,6,-1,-1,-1
2015100440815,1,9,0,9,0,6,0,0,0,0,1,1,6,2,27,6,1124,1,12,-1,2,-1
2015100440815,2,9,0,18,0,8,0,0,0,0,1,1,6,2,79,11,1796,1,6,-1,3,-1
2015100441315,1,8,0,18,0,1,0,0,0,0,4,1,1,1,42,7,1968,2,6,-1,1,-1
2015100441615,1,9,0,18,0,0,0,0,0,0,1,1,6,3,-1,-1,-1,-1,-1,-1,-1,-1
2015100441615,2,19,0,3,0,0,0,0,0,0,2,1,1,1,33,6,1499,2,-1,-1,1,-1
2015100441815,1,9,0,18,0,1,1,10,2,11,1,1,6,1,22,5,1560,2,11,-1,1,-1
2015100441815,2,9,0,4,8,1,0,0,0,0,1,1,6,1,40,7,1364,2,7,-1,1,-1
2015100441815,3,9,0,2,0,2,0,0,0,0,1,1,6,1,-1,-1,1242,1,10,-1,2,-1
2015100441815,4,9,0,2,0,2,0,0,0,0,1,1,6,2,30,6,1198,1,-1,-1,1,-1
2015100441915,1,9,0,18,0,1,0,0,0,0,1,1,6,1,64,9,1582,2,7,-1,2,-1
2015100442015,1,9,0,16,0,0,1,0,0,0,1,1,2,2,58,9,1399,2,5,-1,1,-1
2015100442215,1,9,0,13,0,0,0,0,0,0,2,1,1,3,-1,-1,-1,-1,-1,-1,-1,-1
2015100442215,2,11,0,18,0,0,0,0,0,0,1,1,1,1,45,7,9000,2,8,-1,2,-1
2015100442915,1,19,0,18,0,1,0,0,0,0,1,1,6,1,37,7,2874,2,17,-1,1,-1
2015100442915,2,9,0,18,0,1,0,0,0,0,1,1,6,1,-1,-1,1753,2,5,-1,2,-1
2015100442915,3,9,0,3,0,1,0,0,0,0,2,1,1,2,28,6,1598,2,5,-1,2,-1
2015100443015,1,9,0,17,0,0,0,0,0,11,1,1,2,1,46,8,-1,-1,-1,-1,3,-1
2015100443115,1,9,0,18,0,1,0,0,0,0,1,1,6,2,47,8,1461,2,4,-1,2,-1