Accident_Index,Vehicle_Reference,Vehicle_Type,Towing_and_Articulation,Vehicle_Manoeuvre,Vehicle_Location-Restricted_Lane,Junction_Location,Skidding_and_Overturning,Hit_Object_in_Carriageway,Vehicle_Leaving_Carriageway,Hit_Object_off_Carriageway,1st_Point_of_Impact,Was_Vehicle_Left_Hand_Drive?,Journey_Purpose_of_Driver,Sex_of_Driver,Age_of_Driver,Age_Band_of_Driver,Engine_Capacity_(CC),Propulsion_Code,Age_of_Vehicle,Driver_IMD_Decile,Driver_Home_Area_Type,Vehicle_IMD_Decile
2015100479215,1,19,0,16,0,0,1,0,5,6,3,1,6,1,52,8,2151,2,12,-1,1,-1
2015100479215,2,9,0,4,0,0,0,0,0,0,3,1,6,1,40,7,1796,1,11,-1,1,-1
2015100479215,3,9,0,16,0,0,1,0,0,0,1,1,6,1,43,7,-1,-1,-1,-1,1,-1
2015100479215,4,9,0,4,0,0,0,0,0,0,2,1,6,2,39,7,1364,2,1,-1,1,-1
2015100479215,5,9,0,4,0,0,0,0,0,0,2,1,6,1,43,7,1997,2,6,-1,2,-1
2015100479315,1,9,0,9,0,8,0,0,0,0,3,1,6,2,29,6,1598,1,5,-1,1,-1
2015100479315,2,1,0,9,0,8,0,0,0,0,4,1,6,1,79,11,-1,-1,-1,-1,1,-1
2015100479615,1,19,0,18,0,0,0,0,0,0,1,1,1,1,42,7,6692,2,5,-1,-1,-1
2015100479615,2,9,0,4,0,0,0,0,0,0,2,1,6,2,77,11,1597,1,-1,-1,3,-1
2015100479715,1,9,0,17,0,0,0,0,0,0,1,1,6,2,77,11,4196,1,9,-1,3,-1
2015100479715,2,9,0,16,0,0,0,0,1,11,1,1,6,1,78,11,1364,1,7,-1,2,-1
2015100479915,1,1,0,18,0,8,0,0,0,0,1,1,2,1,40,7,-1,-1,-1,-1,1,-1
2015100479915,2,9,0,18,0,8,0,0,0,0,2,1,2,1,49,8,2993,2,8,-1,1,-1
2015100480215,1,1,0,17,0,8,0,0,0,0,4,1,2,1,40,7,-1,-1,-1,-1,1,-1
2015100480215,2,9,0,9,0,6,0,0,0,0,1,1,6,1,69,10,1970,1,18,-1,1,-1
2015100480315,1,9,0,18,0,1,0,0,0,0,1,1,6,1,30,6,1968,2,11,-1,-1,-1
2015100480315,2,9,0,3,0,1,0,0,0,0,2,1,6,2,67,10,1229,1,1,-1,1,-1
2015100480415,1,11,0,18,0,0,0,0,0,0,2,1,1,3,-1,-1,-1,-1,-1,-1,-1,-1
2015100480815,1,9,0,18,0,0,1,0,0,0,1,1,6,1,30,6,1360,1,13,-1,1,-1
2015100480815,2,9,0,3,0,0,0,0,0,0,2,1,6,1,30,6,1596,1,10,-1,1,-1
2015100480915,1,11,0,4,0,1,0,0,0,0,0,1,1,1,50,8,9600,2,15,-1,1,-1
2015100481115,1,9,0,18,0,8,1,10,2,0,3,1,1,2,37,7,1390,1,12,-1,2,-1
2015100481315,1,3,0,13,0,2,0,0,0,0,1,1,1,1,26,6,124,1,2,-1,1,-1
2015100481315,2,9,0,9,0,2,0,0,0,0,3,1,1,2,60,9,1198,1,2,-1,-1,-1
2015100481415,1,11,0,3,0,0,0,0,0,0,0,1,1,1,51,8,-1,2,14,-1,-1,-1
2015100481715,1,3,0,18,0,0,1,0,0,0,0,1,6,1,42,7,125,1,3,-1,1,-1
2015100481815,1,9,0,18,0,8,0,0,0,0,1,1,6,1,36,7,1199,1,11,-1,1,-1
2015100481815,2,11,0,18,0,8,0,0,0,0,1,1,1,1,32,6,-1,-1,-1,-1,1,-1
2015100482015,1,9,0,18,0,1,0,0,0,0,1,1,6,1,54,8,1968,2,3,-1,1,-1
2015100482015,2,9,0,3,0,1,0,0,0,0,2,1,6,1,66,10,1339,1,10,-1,1,-1
2015100482115,1,9,0,18,0,0,5,0,0,0,1,1,6,1,77,11,1796,1,11,-1,1,-1
2015100482115,2,9,0,2,0,0,0,0,0,0,2,1,6,2,-1,-1,1299,1,10,-1,1,-1
2015100482115,3,9,0,2,0,0,0,0,0,0,2,1,6,1,-1,-1,1397,1,4,-1,1,-1
2015100482215,1,9,0,18,0,1,0,0,0,0,1,1,6,1,44,7,1796,1,6,-1,1,-1
2015100482215,2,9,0,3,0,1,0,0,0,0,2,1,2,2,44,7,1399,2,7,-1,1,-1
2015100482315,1,9,0,18,0,1,0,0,0,0,1,1,1,2,25,5,1149,1,7,-1,-1,-1
2015100482315,2,5,0,18,0,8,0,0,0,0,2,1,2,1,31,6,998,1,17,-1,-1,-1
2015100483115,1,9,0,18,0,8,0,0,0,0,1,1,6,1,40,7,-1,-1,-1,-1,1,-1
2015100483115,2,9,0,9,0,8,0,0,0,0,1,1,6,1,62,9,-1,-1,-1,-1,1,-1
2015100483415,1,9,0,18,0,0,0,0,0,0,1,1,2,1,35,6,1997,2,-1,-1,-1,-1
2015100483415,2,9,0,3,0,0,0,0,0,0,2,1,2,2,48,8,1242,1,5,-1,3,-1
2015100483415,3,9,0,3,0,0,0,0,0,0,2,1,2,2,42,7,1595,1,2,-1,2,-1
2015100483515,1,9,0,7,0,3,0,0,0,0,1,1,6,1,36,7,1998,1,17,-1,1,-1
2015100483515,2,1,0,18,0,6,0,0,0,0,1,1,6,1,13,3,-1,-1,-1,-1,1,-1
2015100483615,1,3,0,18,0,1,0,0,0,0,1,1,6,1,27,6,124,1,11,-1,1,-1
2015100483615,2,9,0,9,0,5,0,0,0,0,2,1,6,2,33,6,1798,1,12,-1,1,-1
2015100483815,1,9,0,18,0,8,0,0,0,0,1,1,6,1,51,8,2993,2,-1,-1,1,-1
2015100483815,2,1,0,18,0,8,0,0,0,0,1,1,6,1,15,3,-1,-1,-1,-1,1,-1
2015100484215,1,9,0,18,0,0,0,0,0,0,1,1,6,2,41,7,-1,-1,-1,-1,3,-1
2015100484215,2,9,0,3,0,0,0,0,0,0,2,1,1,1,51,8,-1,-1,-1,-1,1,-1
2015100484215,3,9,0,3,0,0,0,0,0,0,2,1,6,3,-1,-1,-1,-1,-1,-1,1,-1
2015100484415,1,9,0,7,0,5,0,0,0,0,4,1,6,1,28,6,1199,1,12,-1,1,-1
2015100484415,2,1,0,18,0,8,0,0,0,0,1,1,6,1,54,8,-1,-1,-1,-1,1,-1
2015100484515,1,9,0,18,0,6,0,0,0,0,1,1,6,1,68,10,1400,1,15,-1,1,-1
2015100484515,2,9,0,18,0,8,0,0,3,2,3,1,6,1,58,9,1598,1,2,-1,2,-1
2015100485815,1,9,0,9,0,6,0,0,0,0,1,1,6,2,34,6,1398,1,3,-1,1,-1
2015100485815,2,9,0,4,0,8,0,0,0,0,3,1,6,2,45,7,-1,-1,-1,-1,1,-1
2015100486115,1,9,0,18,0,8,0,0,0,0,4,1,6,2,28,6,-1,-1,-1,-1,-1,-1
2015100486115,2,9,0,18,0,8,0,0,0,0,1,1,6,1,23,5,1995,2,8,-1,-1,-1
2015100486315,1,90,0,18,0,0,0,0,6,0,1,1,6,2,21,5,-1,-1,-1,-1,1,-1
2015100486315,2,9,0,4,0,0,0,0,0,0,1,1,6,1,25,5,1461,2,-1,-1,1,-1
2015100486715,1,9,0,7,0,5,0,0,0,0,0,1,6,2,27,6,1229,1,9,-1,1,-1
2015100486815,1,9,0,11,0,0,1,0,0,11,1,1,2,2,35,6,998,1,7,-1,3,-1
2015100486915,1,9,0,16,0,3,1,10,2,9,4,1,1,2,20,4,1298,1,14,-1,3,-1
2015100487115,1,9,0,17,0,0,0,6,2,0,1,1,6,1,23,5,1984,1,13,-1,1,-1
2015100487215,1,9,0,17,0,0,5,0,1,11,1,1,6,1,21,5,1600,1,11,-1,1,-1
2015100487315,1,3,0,18,0,0,5,0,1,9,4,1,1,1,23,5,124,1,-1,-1,2,-1
2015100487815,1,9,0,3,0,1,0,0,0,0,2,1,6,2,68,10,1197,1,2,-1,1,-1
2015100487815,2,9,0,18,0,1,0,0,0,0,1,1,6,1,-1,-1,-1,-1,-1,-1,1,-1
2015100487915,1,9,0,18,0,0,1,0,0,0,1,1,6,3,-1,-1,-1,-1,-1,-1,-1,-1
2015100487915,2,9,0,4,0,0,0,0,0,0,2,1,6,1,46,8,2179,2,4,-1,2,-1
2015100488415,1,9,0,4,0,1,0,0,0,0,1,1,6,2,-1,-1,-1,-1,-1,-1,1,-1
2015100488415,2,9,0,18,0,1,0,0,0,0,2,1,6,2,18,4,-1,-1,-1,-1,1,-1
2015100488515,1,9,0,5,0,1,0,0,0,0,1,1,6,3,-1,-1,-1,-1,-1,-1,-1,-1
2015100488515,2,9,0,3,0,1,0,0,0,0,2,1,2,1,32,6,2401,2,12,-1,1,-1
2015100488715,1,1,0,18,0,6,0,0,0,0,1,1,6,1,11,3,-1,-1,-1,-1,1,-1
2015100488715,2,9,0,18,0,1,0,0,0,0,3,1,6,2,29,6,1587,1,10,-1,1,-1
2015100488815,1,9,0,9,0,8,0,0,1,0,1,1,6,1,59,9,1753,2,13,-1,1,-1
2015100488815,2,9,0,18,0,8,0,0,7,1,1,1,2,1,51,8,1686,2,8,-1,-1,-1
2015100488915,1,19,0,18,0,0,0,0,0,0,1,1,6,1,52,8,-1,-1,-1,-1,1,-1
2015100488915,2,9,0,4,0,0,0,0,0,0,2,1,6,2,38,7,-1,-1,-1,-1,1,-1
2015100488915,3,9,0,12,0,0,0,0,0,0,0,1,6,3,-1,-1,-1,-1,-1,-1,-1,-1
2015100489015,1,9,0,18,0,8,0,0,0,0,3,1,6,2,51,8,1461,2,1,-1,1,-1
2015100489015,2,9,0,18,0,8,0,0,0,0,1,1,6,1,39,7,1388,1,10,-1,-1,-1
2015100489415,1,9,0,18,0,1,0,0,0,0,1,1,6,2,32,6,1398,2,13,-1,1,-1
2015100489915,1,4,0,16,0,0,1,0,0,0,1,1,6,1,33,6,125,1,-1,-1,2,-1
2015100490315,1,9,0,18,0,4,0,0,0,0,0,1,6,3,-1,-1,-1,-1,-1,-1,-1,-1
2015100490315,2,19,0,18,0,4,0,0,0,0,0,1,2,1,51,8,1995,2,1,-1,1,-1
2015100490515,1,9,4,16,0,0,0,0,0,0,3,1,6,3,-1,-1,-1,-1,-1,-1,-1,-1
2015100490515,2,9,0,17,0,0,0,0,0,0,3,1,2,2,19,4,1240,1,6,-1,1,-1
2015100490915,1,9,0,18,0,0,0,0,0,0,1,1,6,1,20,4,1596,1,5,-1,1,-1
2015100490915,2,9,0,4,0,0,0,0,0,0,2,1,6,2,59,9,1086,1,9,-1,1,-1
2015100491115,1,9,0,18,0,8,0,0,0,0,0,1,6,1,43,7,1396,1,2,-1,1,-1
2015100491115,2,1,0,18,0,8,0,0,0,0,0,1,6,1,48,8,-1,-1,-1,-1,1,-1
2015100491315,1,4,0,7,0,2,0,4,0,0,1,1,6,1,65,9,499,1,15,-1,1,-1
2015100491315,2,9,0,2,0,2,0,0,0,0,2,1,6,2,26,6,1388,1,11,-1,1,-1
2015100491415,1,9,0,9,0,6,0,0,0,0,3,1,1,1,24,5,1229,1,2,-1,1,-1
2015100491415,2,9,0,18,0,8,0,0,0,0,1,1,1,2,51,8,1349,1,3,-1,1,-1
2015100491515,1,9,0,9,0,5,0,0,0,0,4,1,6,1,30,6,1997,2,14,-1,1,-1
2015100491515,2,9,0,18,0,8,1,0,0,0,1,1,6,2,70,10,1240,1,5,-1,1,-1
2015100492015,1,17,4,18,0,2,0,0,0,2,0,1,1,1,16,4,-1,2,7,-1,3,-1
2015100492015,2,16,0,18,0,1,0,0,0,0,0,1,6,2,15,3,-1,-1,-1,-1,3,-1
2015100492115,1,3,0,14,0,8,0,7,0,0,1,1,6,1,19,4,-1,-1,-1,-1,2,-1
2015100492215,1,9,0,18,0,0,0,0,0,0,1,1,6,1,61,9,1796,1,8,-1,1,-1
2015100492215,2,9,0,4,0,0,0,0,0,0,2,1,6,1,38,7,1997,2,10,-1,1,-1
2015100492815,1,11,0,18,0,0,0,0,0,0,4,1,1,1,48,8,-1,2,6,-1,1,-1
2015100493115,1,9,0,6,0,0,0,0,0,0,3,1,6,1,47,8,1910,2,9,-1,1,-1
2015100493115,2,5,0,13,0,0,5,0,0,0,4,1,6,1,50,8,1084,1,20,-1,2,-1
2015100493215,1,9,0,4,0,1,0,0,0,0,1,1,6,3,-1,-1,-1,-1,-1,-1,-1,-1
2015100493215,2,9,0,3,0,1,0,0,0,0,2,1,2,1,20,4,1390,1,7,-1,1,-1
2015100493315,1,9,0,18,0,8,1,0,0,0,1,1,6,1,19,4,1396,1,15,-1,1,-1
2015100493315,2,9,0,9,0,6,0,0,0,0,4,1,6,1,44,7,1388,1,8,-1,1,-1
2015100493415,1,9,0,18,0,0,0,0,0,11,1,1,6,1,30,6,1995,2,11,-1,-1,-1
2015100493715,1,9,0,18,0,1,0,0,0,0,3,1,6,3,-1,-1,-1,-1,-1,-1,-1,-1
2015100493815,1,9,0,18,0,3,1,0,0,0,3,1,6,1,29,6,1199,1,12,-1,1,-1
2015100493815,2,9,0,2,0,3,0,0,0,0,4,1,6,2,62,9,1332,1,7,-1,1,-1
2015100494115,1,9,0,18,0,1,0,0,0,0,4,1,6,1,59,9,1598,1,10,-1,1,-1
2015100494215,1,9,0,18,0,3,0,10,0,7,1,1,6,1,21,5,1896,2,12,-1,-1,-1
2015100494415,1,9,0,18,0,8,0,0,0,0,1,1,1,1,19,4,1368,1,9,-1,1,-1
2015100494415,2,9,0,18,0,8,0,0,0,0,2,1,6,2,22,5,1598,2,1,-1,1,-1
2015100494615,1,9,0,4,0,1,0,0,0,0,4,1,6,2,26,6,1242,1,1,-1,2,-1
2015100494615,2,1,0,18,9,6,0,0,0,0,1,1,6,2,13,3,-1,-1,-1,-1,-1,-1
2015100494915,1,9,0,5,0,2,0,0,0,0,4,1,3,1,35,6,1896,2,5,-1,1,-1
2015100494915,2,1,0,18,0,2,0,0,0,0,1,1,6,1,40,7,-1,-1,-1,-1,1,-1
2015100495215,1,9,0,18,0,0,0,0,0,0,1,1,6,3,-1,-1,-1,-1,-1,-1,-1,-1
2015100495215,2,9,0,18,0,0,0,0,0,0,2,1,6,1,47,8,1976,1,5,-1,1,-1
2015100496015,1,9,0,18,0,0,0,0,1,1,1,1,6,1,24,5,1388,1,3,-1,1,-1
2015100496115,1,9,0,9,0,8,0,0,0,0,4,1,6,2,49,8,1389,1,13,-1,1,-1
2015100496115,2,3,0,18,0,1,0,0,0,0,1,1,6,1,19,4,125,1,1,-1,-1,-1
2015100496215,1,9,0,9,0,5,0,0,0,0,4,1,1,2,47,8,2143,2,3,-1,1,-1
2015100496215,2,3,0,18,0,8,0,0,0,0,1,1,6,1,47,8,114,1,-1,-1,1,-1
2015100496715,1,9,0,9,0,6,0,0,0,0,3,1,6,1,48,8,1896,2,14,-1,1,-1
2015100496715,2,9,0,18,0,8,0,0,0,0,3,1,1,1,38,7,2231,2,2,-1,-1,-1
2015100496715,3,9,0,18,0,2,0,0,0,0,0,1,1,2,49,8,-1,-1,-1,-1,-1,-1
2015100496815,1,19,0,1,0,0,0,0,0,0,3,2,1,1,48,8,-1,-1,-1,-1,1,-1
2015100497115,1,9,0,16,0,0,0,0,0,0,1,1,6,2,48,8,2184,2,5,-1,3,-1
2015100497115,2,1,0,17,0,0,0,0,0,0,1,1,6,1,55,8,-1,-1,-1,-1,3,-1
2015100497715,1,9,0,9,0,5,0,0,0,0,1,1,6,2,70,10,1390,1,10,-1,1,-1
2015100497715,2,9,0,18,0,2,0,0,0,0,2,1,6,1,45,7,2488,2,6,-1,1,-1
2015100497915,1,9,0,10,0,8,0,0,0,0,1,1,2,1,48,8,1198,1,1,-1,1,-1
2015100497915,2,5,0,18,0,8,5,0,0,0,1,1,6,1,32,6,599,1,3,-1,1,-1
2015100498515,1,9,0,7,0,2,0,0,1,10,1,1,6,1,36,7,973,1,13,-1,-1,-1
2015100499215,1,9,0,18,0,1,0,0,0,0,4,1,6,3,-1,-1,-1,-1,-1,-1,-1,-1
2015100499215,2,1,0,18,0,1,0,0,0,0,3,1,2,1,61,9,-1,-1,-1,-1,1,-1
2015100499315,1,9,0,18,0,0,0,0,0,0,1,1,6,2,44,7,1461,2,1,-1,1,-1
2015100499415,1,1,0,18,0,0,0,0,0,0,1,1,6,1,37,7,-1,-1,-1,-1,-1,-1
2015100499415,2,19,0,8,0,0,0,0,0,0,4,1,1,1,42,7,2198,2,4,-1,1,-1
2015100499415,3,9,0,2,0,0,0,0,0,0,4,1,1,1,-1,-1,1598,1,11,-1,1,-1
2015100499515,1,9,0,18,0,8,0,0,0,0,4,1,6,1,86,11,1197,1,3,-1,1,-1
2015100499515,2,9,0,18,0,8,0,0,0,0,1,1,6,1,35,6,1896,2,6,-1,1,-1
2015100499915,1,9,0,18,0,1,0,0,0,0,1,1,6,1,18,4,1248,2,-1,-1,1,-1
2015100499915,2,9,0,10,0,1,0,0,0,0,2,1,6,2,57,9,999,1,1,-1,1,-1
2015100500115,1,9,0,18,0,8,0,0,0,0,1,1,6,2,25,5,999,1,1,-1,-1,-1
2015100500115,2,1,0,18,0,8,0,0,0,0,1,1,6,2,28,6,-1,-1,-1,-1,1,-1
2015100500215,1,9,0,17,0,0,0,0,0,0,1,1,6,2,45,7,1598,1,8,-1,1,-1
2015100500215,2,9,0,16,0,0,0,0,0,0,1,1,6,1,45,7,2148,2,13,-1,1,-1
2015100500515,1,19,0,18,0,2,0,0,0,0,1,1,1,1,53,8,2198,2,-1,-1,-1,-1
2015100500515,2,9,0,4,0,2,0,12,0,0,2,1,6,1,22,5,1598,1,3,-1,1,-1
2015100500715,1,2,0,9,0,2,1,0,7,0,1,1,6,1,57,9,125,1,-1,-1,1,-1
2015100500815,1,9,0,5,0,1,0,0,0,0,1,1,6,2,19,4,1339,1,2,-1,2,-1
2015100500815,2,9,0,3,0,1,0,0,0,0,2,1,6,1,37,7,1461,2,1,-1,1,-1
2015100501315,1,19,0,18,0,0,0,0,0,0,0,1,1,1,26,6,2298,2,5,-1,1,-1
2015100501315,2,9,0,18,0,0,0,0,0,0,1,1,6,1,38,7,1590,1,12,-1,1,-1
2015100501515,1,9,0,18,0,1,0,0,0,0,1,1,6,3,-1,-1,-1,-1,-1,-1,-1,-1
2015100501515,2,9,0,7,0,6,0,0,0,0,2,1,6,2,19,4,1199,1,15,-1,-1,-1
2015100501715,1,1,0,18,9,1,0,0,0,0,1,1,6,2,10,2,-1,-1,-1,-1,1,-1
2015100501715,2,9,0,18,0,1,0,0,0,0,4,1,6,2,-1,-1,1598,1,7,-1,1,-1
2015100502015,1,9,0,5,0,1,0,0,0,0,1,1,6,1,30,6,1995,2,1,-1,1,-1
2015100502015,2,9,0,3,0,1,0,0,0,0,2,1,6,1,26,6,1332,1,19,-1,1,-1
2015100502215,1,9,0,18,0,0,0,0,0,0,4,1,6,1,44,7,1798,1,11,-1,1,-1
2015100502515,1,9,0,9,0,6,0,0,0,0,1,1,6,2,85,11,1390,1,10,-1,1,-1
2015100502515,2,9,0,18,0,8,0,0,0,0,1,1,6,2,19,4,1242,1,4,-1,1,-1
2015100502815,1,9,0,18,0,0,0,0,0,0,1,1,6,2,52,8,1560,2,2,-1,-1,-1
2015100502815,2,9,0,4,0,0,0,0,0,0,2,1,6,2,30,6,1762,1,15,-1,3,-1
2015100502815,3,9,0,2,0,0,0,0,0,0,0,1,6,3,-1,-1,-1,-1,-1,-1,-1,-1
2015100502915,1,5,0,17,0,8,1,11,1,0,3,1,6,1,52,8,779,1,1,-1,1,-1
2015100503115,1,5,0,12,0,0,0,2,0,0,1,1,2,1,52,8,645,1,13,-1,1,-1
2015100503215,1,9,0,18,0,8,0,7,0,0,1,1,6,1,23,5,1199,1,15,-1,1,-1
2015100503215,2,9,0,9,0,8,0,0,0,0,1,1,6,1,21,5,1995,2,2,-1,1,-1
2015100503315,1,9,0,18,0,2,0,0,0,0,1,1,6,3,-1,-1,-1,-1,-1,-1,-1,-1
2015100503315,2,1,0,18,0,2,0,6,0,11,2,1,6,1,13,3,-1,-1,-1,-1,1,-1
2015100503415,1,90,0,1,0,0,0,0,0,0,2,1,6,1,43,7,2198,2,6,-1,3,-1
2015100503415,2,5,0,3,0,0,0,0,0,0,1,1,6,1,57,9,1137,1,16,-1,2,-1
2015100503915,1,9,0,16,0,0,0,0,0,0,4,1,6,3,-1,-1,-1,-1,-1,-1,-1,-1
2015100504315,1,9,0,9,0,6,0,0,1,4,1,1,1,1,51,8,1560,2,4,-1,3,-1
2015100504315,2,9,0,18,0,8,0,0,7,2,3,1,6,1,65,9,1598,1,5,-1,2,-1
2015100504515,1,9,0,18,0,8,0,0,0,0,1,1,6,3,-1,-1,1997,1,14,-1,-1,-1
2015100504515,2,9,0,18,0,8,0,0,0,0,3,1,6,1,54,8,2830,2,18,-1,1,-1
2015100504515,3,9,0,18,0,1,0,0,0,0,0,1,1,1,36,7,1968,2,6,-1,-1,-1
2015100504915,1,9,0,9,0,5,0,0,0,0,3,1,6,1,50,8,1198,1,8,-1,1,-1
2015100504915,2,9,0,18,0,8,0,0,0,0,4,1,6,1,-1,-1,1956,2,5,-1,1,-1
2015100505015,1,9,0,18,0,1,0,0,0,0,1,1,6,2,39,7,1997,2,9,-1,1,-1
2015100505015,2,9,0,3,0,1,0,0,0,0,2,1,1,1,-1,-1,1390,1,2,-1,-1,-1
2015100505115,1,9,0,7,0,5,0,0,0,0,1,1,1,2,28,6,1598,1,7,-1,1,-1
2015100505115,2,9,0,7,0,5,0,0,0,0,2,1,2,1,46,8,1560,2,3,-1,2,-1
2015100505215,1,9,0,18,0,0,0,0,0,0,1,1,2,1,62,9,1686,2,1,-1,1,-1
2015100505415,1,8,0,18,0,0,0,11,0,0,1,1,1,1,33,6,1360,1,6,-1,1,-1
2015100505515,1,9,0,16,0,0,1,10,7,4,3,1,6,1,18,4,1242,1,15,-1,1,-1
2015100505515,2,9,0,16,0,0,0,0,0,0,0,1,1,1,34,6,2993,2,3,-1,-1,-1
2015100505615,1,5,0,7,0,5,0,0,0,0,0,1,6,1,20,4,649,1,7,-1,2,-1
2015100505615,2,11,0,10,0,1,0,0,0,0,0,1,1,1,43,7,-1,-1,-1,-1,1,-1
2015100506015,1,9,0,18,0,1,0,0,0,0,1,1,6,3,-1,-1,-1,-1,-1,-1,-1,-1
2015100506015,2,9,0,18,0,1,0,0,0,0,2,1,6,2,41,7,1198,1,1,-1,1,-1
2015100506115,1,3,0,18,0,8,0,0,0,0,1,1,6,1,18,4,124,1,3,-1,1,-1
2015100506115,2,9,0,18,0,8,0,0,0,0,2,1,6,2,31,6,1461,2,1,-1,1,-1
2015100506115,3,9,0,4,0,4,0,0,0,0,0,1,1,1,-1,-1,2993,2,1,-1,-1,-1
2015100506215,1,9,0,5,0,6,0,0,0,0,3,1,6,2,67,10,1686,2,1,-1,-1,-1
2015100506215,2,9,0,18,0,8,0,0,7,0,1,1,6,1,64,9,1995,2,4,-1,3,-1
2015100506315,1,9,0,9,0,6,0,0,0,0,0,1,6,1,25,5,1560,2,5,-1,1,-1
2015100506315,2,20,0,18,0,1,2,0,7,11,1,1,6,1,47,8,-1,-1,-1,-1,1,-1
2015100506415,1,9,0,9,0,6,0,0,0,0,1,1,1,1,-1,-1,1598,2,3,-1,1,-1
2015100506415,2,9,0,18,0,8,1,0,8,11,1,1,2,2,32,6,1798,1,8,-1,1,-1
2015100506915,1,9,0,16,0,1,0,0,0,0,1,1,2,2,32,6,998,1,3,-1,1,-1
2015100506915,2,9,0,17,0,8,0,0,0,0,1,1,6,1,50,8,1896,2,7,-1,1,-1
2015100507015,1,9,0,18,0,0,0,0,0,0,4,1,6,2,39,7,1686,2,5,-1,1,-1
2015100507115,1,9,0,18,0,2,0,0,0,0,3,1,6,1,48,8,1596,1,1,-1,1,-1
2015100507215,1,9,0,18,0,8,0,0,0,0,3,1,6,2,37,7,1461,2,-1,-1,1,-1
2015100507215,2,9,0,9,0,8,0,0,0,0,4,1,6,1,26,6,1596,1,10,-1,-1,-1
2015100507315,1,19,0,18,0,0,0,0,0,0,1,1,1,1,28,6,2402,2,6,-1,2,-1
2015100507315,2,9,0,4,0,0,0,0,0,0,2,1,6,1,38,7,1998,1,11,-1,3,-1
2015100507615,1,9,0,18,0,1,0,0,0,0,1,1,6,2,70,10,1248,2,10,-1,1,-1
2015100507615,2,9,0,4,0,1,0,0,0,0,2,1,6,2,49,8,1242,1,8,-1,1,-1
2015100507815,1,9,0,18,0,0,0,0,0,0,1,1,6,2,75,10,-1,-1,-1,-1,1,-1
2015100507815,2,9,0,2,0,0,0,0,0,0,1,1,6,1,54,8,1796,1,12,-1,1,-1
2015100507815,3,9,0,2,0,0,0,0,0,0,1,1,6,1,45,7,2999,2,12,-1,1,-1
2015100507815,4,9,0,2,0,0,0,0,0,0,1,1,6,2,21,5,1360,1,9,-1,1,-1
2015100507915,1,9,0,9,0,5,0,0,0,0,3,1,6,1,51,8,1896,2,8,-1,2,-1
2015100507915,2,5,0,13,0,8,0,0,0,0,4,1,6,1,37,7,998,1,13,-1,2,-1
2015100508015,1,9,0,18,0,8,0,0,0,0,1,1,1,1,58,9,1796,1,1,-1,1,-1
2015100508015,2,1,0,18,0,8,0,0,0,0,1,1,1,1,36,7,-1,-1,-1,-1,1,-1
2015100508215,1,9,0,4,0,1,0,0,0,0,1,1,6,1,-1,-1,2000,1,11,-1,1,-1
2015100508215,2,9,0,3,0,1,0,0,0,0,2,1,2,1,30,6,1968,2,3,-1,-1,-1
2015100508915,1,9,0,18,0,0,0,0,1,0,1,1,6,3,-1,-1,2799,1,13,-1,-1,-1
2015100509115,1,9,0,4,0,1,0,0,0,0,1,1,1,2,51,8,999,1,1,-1,1,-1
2015100509115,2,9,0,3,0,1,0,0,0,0,2,1,6,2,68,10,1596,1,8,-1,1,-1
2015100509115,3,9,0,3,0,1,0,0,0,0,2,1,6,1,55,8,1999,2,13,-1,1,-1
2015100509715,1,1,0,15,0,0,0,0,0,0,3,1,6,1,27,6,-1,-1,-1,-1,-1,-1
2015100509715,2,9,0,4,0,0,0,0,0,0,4,1,6,2,42,7,1560,2,1,-1,1,-1
2015100510415,1,9,0,4,0,2,0,0,0,0,1,1,6,1,18,4,1198,1,6,-1,1,-1
2015100510415,2,9,0,3,0,2,0,0,0,0,2,1,6,2,60,9,1086,1,7,-1,1,-1
2015100510515,1,11,0,5,0,0,0,0,0,0,1,1,1,1,41,7,9000,5,1,-1,1,-1
2015100510815,1,9,0,18,0,0,0,0,0,0,1,1,6,2,81,11,998,1,7,-1,1,-1
2015100510815,2,9,0,3,0,0,0,0,0,0,2,1,6,1,28,6,2993,2,9,-1,1,-1
2015100510915,1,19,0,18,0,0,0,0,0,0,0,1,2,1,51,8,1560,2,3,-1,-1,-1
2015100510915,2,9,0,4,0,0,0,0,0,0,2,1,2,1,49,8,1896,2,13,-1,2,-1
2015100510915,3,9,0,4,0,0,0,0,0,0,2,1,2,1,34,6,1582,2,6,-1,1,-1
2015100511115,1,19,0,18,0,0,0,0,0,0,1,1,6,1,17,4,1870,2,11,-1,1,-1
2015100511115,2,9,0,18,0,0,0,0,0,0,2,1,6,2,30,6,1753,2,12,-1,1,-1
2015100511215,1,9,0,18,0,8,0,0,0,0,1,1,6,1,25,5,1995,2,10,-1,1,-1
2015100511215,2,9,0,18,0,8,0,7,1,0,1,1,1,1,45,7,1997,2,7,-1,1,-1
2015100511315,1,9,0,18,0,0,0,0,0,0,1,1,1,2,42,7,998,1,5,-1,1,-1
2015100511415,1,21,0,18,0,0,0,0,0,0,1,1,1,1,22,5,12900,2,3,-1,1,-1
2015100511415,2,9,0,18,0,0,0,0,0,0,2,1,6,2,20,4,1399,2,4,-1,2,-1