Accident_Index,Vehicle_Reference,Vehicle_Type,Towing_and_Articulation,Vehicle_Manoeuvre,Vehicle_Location-Restricted_Lane,Junction_Location,Skidding_and_Overturning,Hit_Object_in_Carriageway,Vehicle_Leaving_Carriageway,Hit_Object_off_Carriageway,1st_Point_of_Impact,Was_Vehicle_Left_Hand_Drive?,Journey_Purpose_of_Driver,Sex_of_Driver,Age_of_Driver,Age_Band_of_Driver,Engine_Capacity_(CC),Propulsion_Code,Age_of_Vehicle,Driver_IMD_Decile,Driver_Home_Area_Type,Vehicle_IMD_Decile
2015100511415,3,9,0,18,0,0,0,0,0,0,2,1,6,2,42,7,1461,2,2,-1,1,-1
2015100511415,4,9,0,18,0,0,0,0,0,0,2,1,6,1,65,9,1968,2,2,-1,1,-1
2015100511815,1,9,0,18,0,1,0,0,0,0,1,1,2,1,18,4,1198,1,8,-1,1,-1
2015100512015,1,9,0,6,0,1,1,0,0,0,3,1,1,1,31,6,2400,2,2,-1,-1,-1
2015100512015,2,9,0,18,0,1,1,0,1,0,3,1,6,1,70,10,1332,1,19,-1,1,-1
2015100513215,1,11,0,18,0,8,0,0,0,0,0,1,1,1,36,7,9360,2,4,-1,1,-1
2015100513215,2,9,0,9,0,8,0,0,0,0,0,1,6,3,-1,-1,-1,-1,-1,-1,-1,-1
2015100513315,1,9,0,18,0,8,0,0,0,0,0,1,6,1,52,8,-1,-1,-1,-1,1,-1
2015100513315,2,3,0,18,0,4,0,0,0,0,0,1,6,1,28,6,124,1,14,-1,1,-1
2015100513515,1,9,0,7,0,6,0,0,0,0,3,1,6,1,84,11,1397,1,6,-1,1,-1
2015100513515,2,1,0,17,0,8,0,0,0,0,1,1,6,1,27,6,-1,-1,-1,-1,1,-1
2015100513615,1,9,0,14,0,0,0,0,0,0,3,1,6,3,-1,-1,-1,-1,-1,-1,-1,-1
2015100513615,2,9,0,3,0,0,0,0,0,0,3,1,6,2,53,8,1560,2,8,-1,1,-1
2015100513815,1,9,0,18,0,1,0,0,0,0,1,1,6,1,80,11,1461,2,5,-1,1,-1
2015100513815,2,19,0,2,0,1,0,0,0,0,1,1,6,1,51,8,-1,-1,-1,-1,1,-1
2015100513815,3,9,0,2,0,1,0,0,0,0,2,1,6,1,35,6,1995,2,3,-1,1,-1
2015100513915,1,9,0,9,0,8,0,0,0,0,1,1,6,1,84,11,-1,-1,-1,-1,1,-1
2015100513915,2,1,0,18,0,1,0,0,0,0,1,1,6,1,41,7,-1,-1,-1,-1,1,-1
2015100514415,1,9,0,18,0,0,0,0,0,0,1,1,6,1,45,7,1587,1,8,-1,1,-1
2015100514415,2,9,0,18,0,0,1,0,0,0,1,1,6,1,19,4,1796,1,6,-1,1,-1
2015100514815,1,9,0,17,0,0,1,10,1,0,1,1,6,1,25,5,1493,1,16,-1,1,-1
2015100515015,1,9,0,18,0,0,0,10,1,0,1,1,6,1,22,5,1781,1,15,-1,-1,-1
2015100515015,2,9,0,4,0,0,0,0,0,0,2,1,6,1,17,4,1968,2,3,-1,1,-1
2015100515015,3,9,0,4,0,0,0,0,0,0,2,1,6,1,23,5,1560,2,-1,-1,1,-1
2015100515015,4,9,0,4,0,0,0,0,0,0,2,1,6,2,25,5,998,1,4,-1,1,-1
2015100515315,1,9,0,18,0,8,0,0,0,0,1,1,1,2,32,6,1794,1,11,-1,1,-1
2015100515315,2,9,0,18,0,8,0,0,0,0,3,1,1,2,37,7,1968,2,-1,-1,1,-1
2015100515615,1,9,0,18,0,1,0,0,0,0,1,1,6,1,78,11,1498,1,8,-1,-1,-1
2015100515615,2,9,0,3,0,1,0,0,0,0,2,1,6,2,34,6,1598,1,1,-1,1,-1
2015100516515,1,5,0,4,0,0,0,0,0,0,2,1,6,1,53,8,1000,1,7,-1,1,-1
2015100516515,2,1,0,18,0,0,0,0,0,0,1,1,6,1,43,7,-1,-1,-1,-1,1,-1
2015100516815,1,9,0,18,0,8,0,0,0,0,1,1,6,1,29,6,1388,1,9,-1,1,-1
2015100516815,2,9,0,9,0,8,0,0,0,0,4,1,2,1,24,5,1199,1,11,-1,1,-1
2015100517715,1,9,0,18,0,8,0,0,0,0,4,1,6,1,22,5,1998,1,11,-1,-1,-1
2015100517915,1,9,0,18,0,4,0,0,0,0,3,1,6,1,81,11,898,1,2,-1,1,-1
2015100517915,2,9,0,9,0,8,0,0,0,0,1,1,1,2,25,5,2521,1,6,-1,-1,-1
2015100518215,1,9,0,11,0,1,0,0,0,0,1,1,6,1,35,6,1781,1,13,-1,1,-1
2015100518215,2,19,0,4,0,1,0,0,0,0,2,1,6,1,52,8,-1,-1,-1,-1,1,-1
2015100518315,1,9,0,18,0,8,5,7,4,1,1,1,1,1,29,6,1686,2,1,-1,-1,-1
2015100518315,2,9,0,5,0,8,0,0,0,0,3,1,6,2,56,9,1618,1,2,-1,1,-1
2015100518615,1,11,0,4,0,0,0,0,0,0,0,1,1,1,29,6,-1,-1,-1,-1,1,-1
2015100518715,1,9,0,18,0,0,0,0,0,0,4,1,6,2,32,6,1598,1,5,-1,-1,-1
2015100518915,1,9,0,18,0,1,0,0,0,0,1,1,6,3,-1,-1,-1,-1,-1,-1,-1,-1
2015100518915,2,9,0,3,0,1,0,0,0,0,2,1,1,1,35,6,-1,-1,-1,-1,1,-1
2015100518915,3,9,0,3,0,1,0,0,0,0,2,1,6,2,60,9,1560,2,4,-1,1,-1
2015100518915,4,9,0,3,0,1,0,0,0,0,2,1,1,1,57,9,1598,2,3,-1,1,-1
2015100518915,5,9,0,3,0,1,0,0,0,0,2,1,6,1,59,9,2143,2,2,-1,1,-1
2015100519115,1,3,0,9,0,6,0,0,0,0,3,1,6,1,19,4,124,1,10,-1,1,-1
2015100519115,2,19,0,18,0,1,0,0,0,0,1,1,6,1,35,6,1598,7,11,-1,1,-1
2015100519215,1,9,0,12,0,7,0,0,0,6,3,1,6,1,65,9,1560,2,1,-1,2,-1
2015100519215,2,21,0,18,0,8,0,0,0,0,1,1,1,1,46,8,12740,2,2,-1,1,-1
2015100519415,1,9,0,4,0,1,0,0,0,0,1,1,6,1,21,5,1598,2,3,-1,3,-1
2015100519415,2,9,0,4,0,1,0,0,0,0,2,1,6,2,24,5,1490,1,7,-1,2,-1
2015100519415,3,9,0,4,0,1,0,0,0,0,2,1,6,1,37,7,1998,2,11,-1,1,-1
2015100519615,1,9,0,18,0,0,0,0,0,0,1,1,6,1,56,9,1997,2,4,-1,1,-1
2015100519615,2,9,0,4,0,0,0,0,0,0,1,1,6,1,38,7,1951,2,12,-1,1,-1
2015100519615,3,9,0,4,0,0,0,0,0,0,1,1,6,1,71,10,1587,1,11,-1,2,-1
2015100519615,4,9,0,4,0,0,0,0,0,0,2,1,6,2,30,6,1199,1,11,-1,1,-1
2015100519715,1,11,0,2,0,0,0,0,0,0,0,1,1,1,47,8,6370,2,7,-1,1,-1
2015100519915,1,11,0,2,0,2,0,0,0,0,0,1,1,1,47,8,3900,2,9,-1,1,-1
2015100520015,1,9,0,7,0,6,1,0,0,0,3,1,2,2,24,5,1197,1,1,-1,2,-1
2015100520015,2,9,0,18,0,8,1,0,0,0,1,1,6,2,27,6,1596,1,7,-1,1,-1
2015100520515,1,9,0,18,0,1,0,0,0,0,1,1,6,2,56,9,1200,1,2,-1,1,-1
2015100520515,2,9,0,3,0,1,0,0,0,0,2,1,6,1,33,6,1329,1,1,-1,2,-1
2015100520615,1,19,0,18,0,1,0,0,0,0,1,1,1,1,68,10,-1,-1,-1,-1,-1,-1
2015100520615,2,19,0,3,0,1,0,0,0,0,2,1,1,1,55,8,1598,2,-1,-1,1,-1
2015100520715,1,9,0,9,0,5,0,0,0,0,1,1,1,2,41,7,1596,1,5,-1,1,-1
2015100520715,2,1,0,18,0,8,0,0,0,0,1,1,1,1,22,5,-1,-1,-1,-1,1,-1
2015100521115,1,9,0,18,0,1,0,0,0,0,1,1,1,1,59,9,998,1,4,-1,-1,-1
2015100521115,2,1,0,9,0,1,1,0,0,0,1,1,1,1,43,7,-1,-1,-1,-1,1,-1
2015100521415,1,19,0,18,0,1,0,0,0,0,1,1,6,1,35,6,1560,2,3,-1,1,-1
2015100521415,2,9,0,8,0,1,0,0,0,0,2,1,6,2,46,8,1587,1,5,-1,1,-1
2015100521715,1,11,0,2,0,0,0,0,0,0,0,1,1,1,55,8,9360,2,1,-1,-1,-1
2015100522115,1,9,0,5,0,3,0,11,0,10,1,1,1,1,46,8,1968,2,4,-1,1,-1
2015100522215,1,9,0,18,0,0,0,0,0,0,1,1,6,2,47,8,1461,2,-1,-1,3,-1
2015100522215,2,9,0,4,0,0,0,0,0,0,2,1,6,2,48,8,2148,2,11,-1,1,-1
2015100522215,3,9,0,4,0,0,0,0,0,0,2,1,6,1,76,11,1298,1,15,-1,1,-1
2015100522315,1,11,0,18,0,0,0,0,0,0,1,1,1,1,48,8,9600,2,15,-1,1,-1
2015100522315,2,1,0,18,9,0,0,0,0,0,1,1,6,1,14,3,-1,-1,-1,-1,-1,-1
2015100522515,1,9,0,16,0,0,2,0,1,4,1,1,6,2,25,5,-1,-1,-1,-1,3,-1
2015100523015,1,9,0,9,0,6,0,0,0,0,3,1,1,2,60,9,998,1,6,-1,1,-1
2015100523015,2,9,0,18,0,8,0,0,7,0,1,1,6,1,84,11,1299,1,14,-1,1,-1
2015100523115,1,9,0,1,0,0,0,0,0,0,2,1,6,2,23,5,1390,1,3,-1,1,-1
2015100523215,1,9,0,18,0,0,5,0,8,11,1,1,6,1,39,7,1796,1,9,-1,-1,-1
2015100523215,2,9,0,18,0,0,0,0,1,11,2,1,6,1,48,8,-1,-1,-1,-1,1,-1
2015100523315,1,1,0,18,0,0,0,0,0,0,1,1,2,1,52,8,-1,-1,-1,-1,3,-1
2015100523315,2,9,0,3,0,0,0,0,0,0,4,1,2,2,47,8,2143,2,1,-1,2,-1
2015100523415,1,9,0,10,0,6,0,0,0,0,1,1,1,1,45,7,1598,1,9,-1,1,-1
2015100523415,2,1,0,18,0,8,0,0,0,0,1,1,2,1,32,6,-1,-1,-1,-1,1,-1
2015100523615,1,9,0,18,0,0,0,0,0,0,1,1,6,2,52,8,998,1,-1,-1,-1,-1
2015100523615,2,9,0,18,0,0,0,0,0,0,1,1,6,1,48,8,1995,2,8,-1,3,-1
2015100523715,1,9,0,18,0,3,0,0,0,0,1,1,2,1,21,5,1598,1,2,-1,1,-1
2015100523815,1,9,0,9,0,8,0,0,0,0,1,1,6,1,85,11,1390,1,6,-1,1,-1
2015100523815,2,5,0,18,0,8,0,0,0,0,1,1,6,1,65,9,865,1,2,-1,1,-1
2015100523915,1,9,0,18,0,0,0,0,0,0,1,1,6,3,-1,-1,-1,-1,-1,-1,-1,-1
2015100523915,2,1,0,18,0,0,0,0,1,0,2,1,6,1,21,5,-1,-1,-1,-1,1,-1
2015100524015,1,9,0,18,0,0,0,0,0,0,1,1,6,3,-1,-1,-1,-1,-1,-1,-1,-1
2015100524115,1,9,0,9,0,1,0,0,0,0,0,1,6,2,57,9,1587,1,8,-1,1,-1
2015100524115,2,9,0,18,0,1,0,0,0,0,1,1,6,2,18,4,999,1,13,-1,1,-1
2015100524115,3,9,0,18,0,1,0,0,0,0,2,1,6,1,21,5,1968,2,5,-1,1,-1
2015100524115,4,9,0,18,0,1,0,0,0,0,1,1,6,2,21,5,1242,1,14,-1,1,-1
2015100524215,1,9,0,18,0,0,0,0,0,0,1,1,2,1,30,6,1956,2,1,-1,2,-1
2015100524515,1,19,0,1,0,0,0,0,0,0,2,1,1,1,26,6,1560,2,2,-1,1,-1
2015100524515,2,9,0,3,0,0,0,0,0,0,1,1,6,1,29,6,1598,1,9,-1,1,-1
2015100524715,1,4,0,18,0,1,1,0,0,0,1,1,6,1,-1,-1,249,1,20,-1,1,-1
2015100524715,2,5,0,8,0,1,0,0,0,0,2,1,6,2,52,8,1164,1,11,-1,1,-1
2015100524815,1,9,0,18,0,1,1,0,0,0,1,1,6,1,30,6,1596,1,14,-1,-1,-1
2015100524815,2,9,0,3,0,1,0,0,0,0,2,1,6,2,26,6,1997,1,8,-1,1,-1
2015100525115,1,9,0,18,0,0,0,0,0,0,4,1,6,1,57,9,1798,1,8,-1,1,-1
2015100525515,1,9,0,16,0,0,1,0,0,3,1,1,6,2,41,7,1596,1,11,-1,2,-1
2015100525615,1,9,0,18,0,0,1,0,0,0,1,1,2,2,22,5,1229,1,4,-1,1,-1
2015100525615,2,9,0,3,0,0,0,0,0,0,2,1,2,2,49,8,1461,2,3,-1,2,-1
2015100525615,3,9,0,3,0,0,0,0,0,0,2,1,6,1,46,8,1461,2,2,-1,1,-1
2015100525915,1,9,0,18,0,1,0,0,0,0,1,1,1,1,60,9,2000,1,8,-1,-1,-1
2015100525915,2,9,0,10,0,1,0,0,0,0,2,1,6,1,41,7,1598,1,11,-1,-1,-1
2015100525915,3,9,0,10,0,1,0,0,0,0,2,1,6,2,60,9,2179,2,5,-1,1,-1
2015100526115,1,9,0,18,0,8,0,0,0,0,1,1,2,2,32,6,-1,-1,-1,-1,1,-1
2015100526115,2,1,0,18,0,8,0,0,0,0,4,1,6,2,18,4,-1,-1,-1,-1,1,-1
2015100526315,1,9,0,18,0,0,0,0,0,0,1,1,6,1,43,7,1799,1,8,-1,1,-1
2015100526315,2,19,0,3,0,0,0,0,0,0,2,1,6,1,55,8,2500,2,6,-1,1,-1
2015100526415,1,3,0,17,0,0,1,0,0,0,4,1,2,1,19,4,124,1,2,-1,1,-1
2015100526615,1,11,0,18,0,1,0,0,0,0,1,1,1,1,56,9,4250,2,7,-1,1,-1
2015100526715,1,9,0,5,0,4,0,0,7,7,3,1,6,2,23,5,1198,1,7,-1,1,-1
2015100526715,2,9,0,18,0,8,0,0,0,0,1,1,6,2,30,6,1998,1,10,-1,1,-1
2015100526915,1,4,0,18,0,1,0,0,0,0,2,1,6,1,30,6,125,1,-1,-1,1,-1
2015100527415,1,9,0,18,0,0,0,0,0,0,3,1,1,1,55,8,1896,2,13,-1,1,-1
2015100527415,2,9,0,18,0,0,0,0,0,0,1,1,1,1,33,6,1968,2,10,-1,1,-1
2015100527715,1,9,3,18,0,0,0,0,0,0,1,1,6,1,63,9,1991,2,5,-1,3,-1
2015100527715,2,9,0,18,0,0,0,0,0,0,1,1,6,2,39,7,1685,2,2,-1,1,-1
2015100527815,1,9,0,13,0,1,0,0,0,0,4,1,6,3,-1,-1,-1,-1,-1,-1,-1,-1
2015100527815,2,1,0,18,0,1,0,0,0,0,2,1,2,1,17,4,-1,-1,-1,-1,1,-1
2015100528215,1,9,0,18,0,1,0,0,0,0,1,1,6,2,23,5,1198,1,3,-1,2,-1
2015100528215,2,9,0,3,0,1,0,0,0,0,2,1,6,2,23,5,1390,1,5,-1,2,-1
2015100528315,1,3,0,17,0,0,1,0,1,2,1,1,6,1,25,5,124,1,1,-1,1,-1
2015100528415,1,9,0,4,0,0,0,0,0,0,1,1,6,2,-1,-1,1364,1,-1,-1,2,-1
2015100528415,2,9,0,3,0,0,0,0,0,0,2,1,6,1,33,6,1560,2,-1,-1,1,-1
2015100528515,1,9,0,1,0,0,0,0,0,0,2,1,6,3,-1,-1,1596,1,14,-1,-1,-1
2015100528515,2,9,0,3,0,0,0,0,0,0,1,1,2,1,27,6,1560,2,4,-1,1,-1
2015100528715,1,3,0,16,0,1,2,0,0,0,4,1,6,1,18,4,124,1,9,-1,1,-1
2015100528915,1,9,0,18,0,0,0,0,1,0,1,1,6,1,53,8,1968,2,3,-1,2,-1
2015100528915,2,19,0,2,0,0,0,0,1,0,2,1,6,1,46,8,2402,2,4,-1,2,-1
2015100529215,1,9,0,15,0,8,1,0,3,1,4,1,6,3,-1,-1,1149,1,11,-1,-1,-1
2015100529215,2,9,0,9,0,8,1,0,3,0,4,1,6,1,30,6,1896,2,12,-1,-1,-1
2015100530115,1,1,0,18,0,8,0,0,0,0,1,1,1,2,32,6,-1,-1,-1,-1,1,-1
2015100530115,2,9,0,18,0,8,0,0,0,0,1,1,6,3,-1,-1,-1,-1,-1,-1,-1,-1
2015100530415,1,9,0,18,0,8,0,0,0,0,1,1,6,1,26,6,1242,1,13,-1,3,-1
2015100530415,2,9,0,18,0,8,0,0,0,0,1,1,6,1,36,7,1896,2,11,-1,1,-1
2015100530415,3,9,0,9,0,6,0,0,0,0,3,1,2,2,40,7,1200,1,1,-1,1,-1
2015100530615,1,11,0,2,0,0,0,0,0,0,0,1,1,3,-1,-1,-1,-1,-1,-1,-1,-1
2015100530815,1,9,0,18,0,0,0,0,1,11,1,1,6,1,80,11,1560,2,1,-1,2,-1
2015100530915,1,9,0,1,0,6,0,0,0,0,4,1,6,2,59,9,1598,1,2,-1,1,-1
2015100530915,2,1,0,16,0,8,0,0,0,0,1,1,6,1,49,8,-1,-1,-1,-1,-1,-1
2015100531415,1,11,0,5,0,1,0,0,0,0,0,1,1,1,40,7,6692,2,6,-1,1,-1
2015100531415,2,9,0,7,0,8,0,0,0,0,0,1,6,3,-1,-1,-1,-1,-1,-1,1,-1
2015100531815,1,9,0,18,0,8,0,0,0,0,4,1,2,2,48,8,1560,2,3,-1,2,-1
2015100531815,2,1,0,18,0,8,0,0,0,0,1,1,6,2,61,9,-1,-1,-1,-1,-1,-1
2015100531915,1,9,0,16,0,0,0,0,0,0,1,1,6,1,66,10,2495,2,12,-1,3,-1
2015100531915,2,9,0,17,0,0,0,0,0,0,1,1,6,2,58,9,1197,1,5,-1,3,-1
2015100532015,1,9,0,16,0,0,1,0,1,4,3,1,2,2,33,6,1328,1,5,-1,3,-1
2015100532115,1,9,0,18,0,3,0,0,0,0,4,1,6,1,24,5,1995,2,10,-1,1,-1
2015100532115,2,9,0,18,0,2,0,0,0,0,1,1,6,1,24,5,1686,2,9,-1,1,-1
2015100532515,1,21,0,9,0,5,0,0,0,0,3,1,1,1,46,8,-1,-1,-1,-1,1,-1
2015100532615,1,9,0,18,0,1,0,0,0,0,1,1,6,1,33,6,1397,1,3,-1,1,-1
2015100532615,2,9,0,3,0,1,0,0,0,0,2,1,6,2,48,8,1499,1,-1,-1,-1,-1
2015100532915,1,9,0,18,0,1,0,0,0,0,1,1,3,2,29,6,1299,1,10,-1,1,-1
2015100532915,2,9,0,3,0,1,0,0,0,0,2,1,3,2,27,6,2179,2,2,-1,1,-1
2015100533215,1,1,0,18,0,1,0,0,0,0,1,1,1,1,28,6,-1,-1,-1,-1,1,-1
2015100533215,2,9,0,5,0,1,0,0,0,0,4,1,6,1,51,8,1242,1,6,-1,1,-1
2015100534015,1,11,0,4,0,1,0,0,0,0,0,1,1,1,43,7,-1,-1,-1,-1,1,-1
2015100534515,1,9,0,18,0,3,0,0,0,0,1,1,1,1,64,9,1998,2,5,-1,1,-1
2015100535015,1,9,0,17,0,0,0,0,0,0,3,1,6,2,54,8,1560,2,1,-1,1,-1
2015100535015,2,9,0,16,0,0,0,0,0,0,3,1,6,1,21,5,1396,1,12,-1,1,-1
2015100535115,1,9,0,18,0,1,0,0,0,0,1,1,6,1,31,6,1796,1,11,-1,1,-1
2015100535115,2,9,0,4,0,1,0,0,0,0,2,1,6,2,28,6,1560,2,6,-1,1,-1
2015100535215,1,9,0,5,0,1,0,0,0,0,1,1,6,1,46,8,1596,1,6,-1,1,-1
2015100535215,2,9,0,8,0,1,0,0,0,0,2,1,2,1,46,8,1388,1,11,-1,1,-1
2015100535615,1,9,0,3,0,0,0,0,0,0,1,1,6,1,30,6,1590,1,12,-1,1,-1
2015100535615,2,9,0,3,0,0,0,0,0,0,2,1,1,2,39,7,1968,2,3,-1,1,-1
2015100535715,1,3,0,18,0,8,0,0,0,0,1,1,6,3,-1,-1,-1,-1,-1,-1,-1,-1
2015100535715,2,1,0,18,0,8,0,0,0,0,3,1,6,1,24,5,-1,-1,-1,-1,1,-1
2015100536215,1,9,0,18,0,1,0,0,0,0,1,1,6,2,18,4,1198,1,10,-1,1,-1
2015100536215,2,9,0,10,0,1,0,0,0,0,2,1,6,1,60,9,1398,2,13,-1,1,-1
2015100536515,1,9,0,18,0,0,0,0,0,0,1,1,1,2,31,6,1598,2,1,-1,-1,-1
2015100536515,2,9,0,4,0,0,0,0,0,0,2,1,1,1,39,7,1896,2,10,-1,1,-1
2015100536715,1,9,0,13,0,0,0,0,0,0,1,1,6,1,40,7,1796,1,13,-1,1,-1
2015100536715,2,9,0,18,0,0,0,0,5,6,2,1,6,1,57,9,1956,2,-1,-1,1,-1
2015100536815,1,9,0,16,0,0,0,0,7,4,1,1,6,1,47,8,1956,2,1,-1,-1,-1
2015100537015,1,9,0,9,0,5,0,0,0,0,1,1,6,1,-1,-1,2987,2,8,-1,1,-1
2015100537015,2,1,0,18,0,8,0,0,0,0,4,1,6,1,24,5,-1,-1,-1,-1,1,-1
2015100537215,1,9,0,9,0,6,0,0,0,0,4,1,6,1,53,8,1364,1,7,-1,1,-1
2015100537215,2,9,0,18,0,8,0,0,0,0,1,1,6,1,79,11,1399,2,11,-1,-1,-1
2015100538315,1,9,0,18,0,0,0,0,0,0,0,1,6,1,67,10,1956,2,-1,-1,2,-1
2015100538315,2,19,0,18,0,0,0,0,0,0,2,1,6,1,56,9,-1,-1,-1,-1,-1,-1
2015100538415,1,9,0,9,0,5,0,0,0,0,4,1,6,1,45,7,1596,1,1,-1,-1,-1
2015100538415,2,9,0,18,0,8,0,0,1,11,1,1,6,2,34,6,1242,1,6,-1,-1,-1
2015100538515,1,9,0,18,0,0,2,0,8,9,3,1,6,1,19,4,1229,1,4,-1,2,-1
2015100538815,1,9,0,18,0,0,0,0,0,0,1,1,1,2,50,8,1229,1,6,-1,2,-1
2015100538815,2,9,0,18,0,0,0,0,0,0,1,1,6,1,82,11,1598,1,8,-1,2,-1
2015100539115,1,9,0,18,0,0,0,0,0,0,0,1,6,1,68,10,2231,2,6,-1,1,-1
2015100539115,2,11,0,18,0,0,0,0,0,0,0,1,1,1,60,9,-1,-1,-1,-1,1,-1
2015100539215,1,19,0,18,0,8,0,0,0,0,1,1,6,1,30,6,2402,2,4,-1,1,-1
2015100539215,2,9,0,18,0,8,0,0,0,0,3,1,6,1,19,4,1397,1,13,-1,1,-1
2015100539315,1,5,0,17,0,0,0,0,1,0,1,1,6,1,26,6,-1,-1,-1,-1,1,-1
2015100539315,2,5,0,17,0,0,0,0,7,0,1,1,6,1,29,6,803,1,4,-1,1,-1
2015100539415,1,8,0,9,0,8,0,0,0,0,1,1,1,1,25,5,1896,2,11,-1,1,-1
2015100539415,2,9,0,18,0,8,0,0,0,0,4,1,6,1,40,7,999,1,14,-1,1,-1
2015100540315,1,9,0,18,0,6,1,0,1,11,4,1,6,1,21,5,1596,1,10,-1,1,-1
2015100540315,2,9,0,18,0,8,0,0,0,0,1,1,6,2,73,10,1242,1,12,-1,1,-1
2015100540515,1,9,0,4,0,1,0,0,0,0,1,1,6,1,23,5,1240,1,10,-1,1,-1
2015100540515,2,9,0,3,0,1,0,0,0,0,2,1,6,2,58,9,4196,1,13,-1,1,-1
2015100540915,1,9,0,16,0,0,2,0,2,0,3,1,6,1,24,5,1598,1,8,-1,1,-1
2015100541515,1,9,0,9,0,6,0,0,0,0,1,1,6,1,18,4,1149,1,11,-1,1,-1
2015100541515,2,1,0,18,0,8,0,0,0,0,1,1,6,1,29,6,-1,-1,-1,-1,1,-1
2015100541715,1,9,0,7,0,6,0,0,0,0,1,1,1,1,47,8,1390,1,9,-1,1,-1
2015100541715,2,1,0,18,0,1,0,0,0,0,4,1,6,1,62,9,-1,-1,-1,-1,1,-1
2015100542115,1,11,0,17,0,0,0,0,0,0,4,1,1,3,-1,-1,-1,-1,-1,-1,-1,-1
2015100542215,1,9,0,18,0,8,0,0,3,11,1,1,6,1,46,8,1600,1,15,-1,1,-1
2015100542415,1,9,0,18,0,0,0,10,1,4,3,1,2,1,40,7,2198,1,12,-1,-1,-1
2015100542815,1,11,0,18,0,8,1,0,0,0,1,1,1,1,32,6,6700,2,7,-1,-1,-1
2015100542815,2,9,0,18,0,8,0,0,0,0,2,1,2,2,28,6,1390,1,12,-1,1,-1
2015100543115,1,11,0,2,0,0,0,0,0,0,0,1,1,1,48,8,6700,2,6,-1,1,-1
2015100543315,1,9,0,10,0,1,0,0,0,0,1,1,6,2,32,6,-1,-1,-1,-1,-1,-1
2015100543315,2,1,0,18,0,1,0,0,0,0,1,1,2,1,47,8,-1,-1,-1,-1,1,-1
2015100543515,1,11,0,18,0,0,0,0,0,0,3,1,1,1,47,8,6700,2,7,-1,1,-1
2015100544115,1,9,0,18,0,1,0,0,0,0,1,1,6,1,59,9,-1,-1,-1,-1,1,-1
2015100544115,2,9,0,3,0,1,0,0,0,0,2,1,6,2,32,6,1598,1,9,-1,-1,-1
2015100544515,1,3,0,9,0,6,0,0,0,0,1,1,6,1,17,4,-1,-1,-1,-1,1,-1
2015100544515,2,21,0,18,0,8,0,0,7,0,4,1,1,1,52,8,4461,2,5,-1,3,-1
2015100544615,1,9,0,9,0,1,0,0,0,0,1,1,3,2,44,7,1598,1,13,-1,1,-1
2015100544615,2,1,0,18,0,1,0,0,0,0,1,1,4,1,9,2,-1,-1,-1,-1,1,-1
2015100544715,1,9,0,9,0,4,0,0,0,0,3,1,6,2,46,8,1596,1,-1,-1,1,-1
2015100544715,2,9,0,18,0,3,0,0,1,0,3,1,6,1,58,9,1386,1,3,-1,1,-1
2015100545715,1,9,0,18,0,1,0,0,0,0,1,1,6,2,-1,-1,1461,2,11,-1,1,-1
2015100545715,2,9,0,18,0,8,0,0,0,0,2,1,6,2,45,7,1598,1,2,-1,1,-1
2015100546315,1,9,0,18,0,1,0,0,0,0,1,1,2,2,57,9,1461,2,4,-1,1,-1
2015100546315,2,9,0,3,0,1,0,0,0,0,2,1,2,1,57,9,1598,1,1,-1,1,-1
2015100546415,1,9,0,14,0,0,0,0,0,0,4,1,6,1,17,4,1242,1,4,-1,-1,-1
2015100546415,2,19,0,2,0,0,0,0,0,0,0,1,1,3,-1,-1,-1,-1,-1,-1,-1,-1
2015100546515,1,19,0,9,0,6,0,0,0,0,3,1,6,1,30,6,2402,2,13,-1,-1,-1
2015100546515,2,9,0,18,0,8,0,0,0,0,1,1,6,1,53,8,1995,2,12,-1,1,-1
2015100546815,1,11,0,18,0,0,0,0,0,0,1,1,1,1,47,8,6700,2,3,-1,3,-1
2015100547115,1,9,0,3,0,8,0,0,0,0,1,2,1,1,28,6,1595,1,10,-1,1,-1
2015100547115,2,9,0,3,0,8,0,0,0,0,2,2,1,2,34,6,999,1,1,-1,-1,-1
2015100547215,1,9,0,18,0,1,0,0,0,0,1,1,6,2,33,6,1596,1,12,-1,1,-1
2015100547215,2,9,0,3,0,1,0,0,0,0,2,1,3,1,22,5,1389,1,20,-1,1,-1
2015100547315,1,9,0,18,0,0,0,0,0,0,1,1,1,1,41,7,1461,2,3,-1,1,-1
2015100547315,2,9,0,18,0,0,0,0,0,0,2,1,6,2,33,6,-1,-1,-1,-1,1,-1
2015100547815,1,9,0,11,0,2,0,0,0,0,0,1,6,3,-1,-1,-1,-1,-1,-1,-1,-1
2015100547815,2,11,0,18,0,2,0,0,0,0,0,1,1,1,57,9,4461,2,1,-1,1,-1
2015100548015,1,19,0,18,0,0,0,0,1,4,3,1,1,1,33,6,2198,2,3,-1,1,-1
2015100548015,2,9,0,18,0,0,0,0,0,0,3,1,6,1,34,6,2231,2,7,-1,1,-1
2015100548315,1,9,0,9,0,8,0,0,0,0,3,1,6,1,84,11,1199,1,14,-1,1,-1