Accident_Index,Vehicle_Reference,Vehicle_Type,Towing_and_Articulation,Vehicle_Manoeuvre,Vehicle_Location-Restricted_Lane,Junction_Location,Skidding_and_Overturning,Hit_Object_in_Carriageway,Vehicle_Leaving_Carriageway,Hit_Object_off_Carriageway,1st_Point_of_Impact,Was_Vehicle_Left_Hand_Drive?,Journey_Purpose_of_Driver,Sex_of_Driver,Age_of_Driver,Age_Band_of_Driver,Engine_Capacity_(CC),Propulsion_Code,Age_of_Vehicle,Driver_IMD_Decile,Driver_Home_Area_Type,Vehicle_IMD_Decile
2015100548315,2,1,0,5,0,8,0,0,0,0,1,1,2,1,27,6,-1,-1,-1,-1,1,-1
2015100548515,1,90,0,18,0,2,0,0,0,0,1,1,1,1,41,7,6693,2,2,-1,2,-1
2015100548715,1,9,0,17,0,0,2,0,0,0,1,1,6,1,24,5,-1,-1,-1,-1,1,-1
2015100548715,2,9,0,2,0,0,1,0,7,0,1,1,6,1,67,10,1198,1,6,-1,1,-1
2015100548815,1,9,0,1,9,0,0,0,0,3,3,1,6,3,-1,-1,1586,1,3,-1,1,-1
2015100548815,2,9,0,2,0,0,0,0,0,0,4,1,6,3,-1,-1,1560,2,1,-1,1,-1
2015100549315,1,9,0,18,0,8,0,0,0,0,1,1,6,1,20,4,998,1,4,-1,1,-1
2015100549315,2,9,0,7,0,8,0,0,0,0,1,1,6,2,27,6,1461,2,8,-1,1,-1
2015100549615,1,11,0,18,0,8,0,0,0,0,4,1,1,1,44,7,9000,2,10,-1,1,-1
2015100549615,2,9,0,10,0,8,0,0,0,0,1,1,6,2,24,5,-1,-1,-1,-1,1,-1
2015100549915,1,9,0,18,0,0,0,0,0,0,1,1,6,3,-1,-1,2494,1,13,-1,-1,-1
2015100549915,2,9,0,3,0,0,0,0,0,0,2,1,1,2,21,5,1242,1,3,-1,1,-1
2015100550015,1,9,0,18,0,0,0,0,0,0,1,1,6,1,35,6,1997,2,3,-1,1,-1
2015100550015,2,9,0,3,0,0,0,0,0,0,2,1,6,1,35,6,1599,1,8,-1,1,-1
2015100550115,1,9,0,18,0,8,0,0,0,0,1,1,6,1,52,8,1796,1,10,-1,-1,-1
2015100550115,2,9,0,18,0,8,0,0,0,0,1,1,6,2,65,9,1248,1,5,-1,2,-1
2015100550215,1,11,0,9,0,5,0,0,0,0,1,1,1,1,45,7,6871,2,11,-1,1,-1
2015100550315,1,9,0,3,0,1,0,0,0,0,2,1,2,2,43,7,-1,-1,-1,-1,1,-1
2015100550315,2,19,0,18,0,1,0,0,0,0,1,1,6,1,26,6,2198,2,8,-1,1,-1
2015100550615,1,19,0,18,0,0,0,0,0,0,1,1,1,1,-1,-1,4461,2,5,-1,-1,-1
2015100550615,2,9,0,4,0,0,0,0,0,0,2,1,1,2,49,8,1598,1,4,-1,2,-1
2015100550615,3,9,0,4,0,0,0,0,0,0,2,1,6,1,42,7,1753,2,9,-1,1,-1
2015100550615,4,9,0,4,0,0,0,0,0,0,2,1,6,2,53,8,1685,2,3,-1,1,-1
2015100550715,1,9,0,18,0,2,0,0,0,0,1,1,6,1,39,7,1399,2,9,-1,1,-1
2015100550815,1,3,0,18,0,3,0,0,0,0,1,1,6,1,22,5,125,1,7,-1,1,-1
2015100550815,2,11,0,18,0,1,0,0,0,0,1,1,1,2,59,9,-1,2,6,-1,1,-1
2015100550915,1,9,0,18,0,0,0,0,0,0,4,1,3,2,33,6,1339,1,11,-1,1,-1
2015100551015,1,9,0,18,0,0,0,0,0,0,2,1,6,1,52,8,2401,2,12,-1,1,-1
2015100551015,2,9,0,3,0,0,0,0,0,0,2,1,6,1,58,9,-1,-1,-1,-1,1,-1
2015100551015,3,9,0,3,0,0,0,0,0,0,2,1,6,2,29,6,1248,2,6,-1,1,-1
2015100551015,4,9,0,2,0,0,0,0,0,0,0,1,6,2,43,7,1248,2,2,-1,2,-1
2015100551015,5,9,0,2,0,0,0,0,0,0,0,1,6,1,73,10,998,1,7,-1,1,-1
2015100551315,1,9,0,7,0,6,0,0,0,0,1,1,6,1,58,9,1242,1,2,-1,1,-1
2015100551315,2,3,0,18,0,8,0,0,0,0,1,1,6,1,25,5,125,1,3,-1,1,-1
2015100551315,3,9,0,18,0,8,0,0,0,0,2,1,6,1,42,7,1390,1,6,-1,1,-1
2015100551515,1,1,0,18,0,8,0,0,0,0,1,1,6,1,30,6,-1,-1,-1,-1,1,-1
2015100551515,2,9,0,9,0,8,0,0,0,0,4,1,6,2,55,8,998,1,2,-1,-1,-1
2015100552015,1,9,0,18,0,2,0,0,0,0,1,1,6,2,70,10,998,1,13,-1,1,-1
2015100552015,2,9,0,18,0,2,0,0,0,0,2,1,6,1,52,8,-1,-1,-1,-1,1,-1
2015100552815,1,90,0,16,0,2,0,0,0,0,0,1,6,1,72,10,2287,2,-1,-1,1,-1
2015100552915,1,9,0,4,0,0,0,0,0,0,1,1,2,2,28,6,1995,2,3,-1,2,-1
2015100552915,2,9,0,5,0,0,0,0,0,0,2,1,2,2,39,7,998,1,1,-1,1,-1
2015100553115,1,9,0,5,0,1,0,0,0,0,1,1,6,1,52,8,-1,-1,-1,-1,1,-1
2015100553115,2,9,0,5,0,1,0,0,0,0,2,1,6,1,-1,-1,1598,2,-1,-1,-1,-1
2015100553215,1,9,0,7,0,4,0,0,0,0,3,1,6,2,68,10,1686,2,4,-1,2,-1
2015100553215,2,1,0,18,0,8,0,0,0,0,1,1,1,1,37,7,-1,-1,-1,-1,-1,-1
2015100553315,1,9,0,1,0,0,0,7,0,0,2,1,6,1,35,6,1242,1,-1,-1,-1,-1
2015100553315,2,9,0,18,0,0,0,0,0,1,0,1,1,1,34,6,1598,2,1,-1,-1,-1
2015100553315,3,9,0,2,0,0,0,0,0,0,3,1,6,1,38,7,1984,1,14,-1,1,-1
2015100553415,1,9,0,18,0,8,0,0,0,0,1,1,6,3,-1,-1,-1,-1,-1,-1,-1,-1
2015100553415,2,1,0,18,0,8,0,0,0,0,4,1,2,2,31,6,-1,-1,-1,-1,1,-1
2015100553515,1,9,0,18,0,0,0,0,0,0,1,1,6,1,63,9,1198,1,8,-1,1,-1
2015100553515,2,9,0,18,0,0,0,0,0,0,2,1,6,2,54,8,1582,2,3,-1,1,-1
2015100553715,1,9,0,16,0,0,0,10,7,5,1,1,6,1,20,4,1364,1,-1,-1,1,-1
2015100553915,1,19,0,5,0,0,1,0,0,0,1,1,1,1,43,7,2143,2,5,-1,1,-1
2015100553915,2,9,0,3,0,0,0,0,0,0,2,1,6,2,67,10,1199,1,16,-1,1,-1
2015100554015,1,9,0,9,0,8,0,0,0,0,1,1,6,2,-1,-1,1598,1,8,-1,1,-1
2015100554015,2,9,0,18,0,8,1,10,0,0,3,1,6,2,36,7,999,1,11,-1,1,-1
2015100554315,1,9,0,18,0,8,0,0,0,0,4,1,2,1,33,6,1910,2,7,-1,1,-1
2015100554315,2,3,0,9,0,5,0,0,0,0,2,1,2,1,21,5,49,1,6,-1,1,-1
2015100554415,1,9,0,18,0,8,0,0,0,0,3,1,6,1,45,7,-1,-1,-1,-1,1,-1
2015100554415,2,9,0,9,0,8,0,0,0,0,1,1,6,1,47,8,2319,1,14,-1,1,-1
2015100554515,1,9,0,18,0,0,2,0,0,0,3,1,6,1,21,5,1560,2,2,-1,1,-1
2015100554515,2,9,0,18,0,0,0,0,0,0,1,1,6,1,54,8,1956,2,-1,-1,1,-1
2015100555015,1,19,0,18,0,1,0,0,0,0,1,1,6,3,-1,-1,2198,2,6,-1,-1,-1
2015100555015,2,9,0,4,0,1,0,0,0,0,2,1,6,2,40,7,1560,2,1,-1,2,-1
2015100555615,1,9,0,5,0,1,0,0,0,0,1,1,6,3,-1,-1,-1,-1,-1,-1,-1,-1
2015100555615,2,19,0,3,0,1,0,0,0,0,2,1,1,1,43,7,1753,2,7,-1,1,-1
2015100555915,1,9,0,5,0,8,0,0,0,0,1,1,6,2,68,10,1229,1,6,-1,1,-1
2015100555915,2,4,0,4,0,8,0,0,0,0,2,1,6,1,26,6,599,1,13,-1,-1,-1
2015100556015,1,19,0,18,0,8,0,0,0,0,3,1,6,1,44,7,1753,2,10,-1,1,-1
2015100556015,2,3,0,9,0,8,0,0,0,0,4,1,6,1,52,8,125,1,13,-1,1,-1
2015100556215,1,9,0,17,3,0,0,0,1,0,1,1,6,1,40,7,1994,1,13,-1,1,-1
2015100556215,2,9,0,17,0,0,0,11,0,0,1,1,2,1,47,8,-1,-1,-1,-1,3,-1
2015100556615,1,9,0,7,0,6,0,0,0,0,1,2,6,1,39,7,5000,1,24,-1,-1,-1
2015100556615,2,9,0,18,0,8,0,0,0,0,4,1,6,2,23,5,1995,2,8,-1,-1,-1
2015100556715,1,9,0,18,0,0,1,10,7,4,4,1,6,1,26,6,1242,1,11,-1,1,-1
2015100556815,1,9,0,12,0,7,0,0,0,0,0,1,6,3,-1,-1,-1,-1,-1,-1,-1,-1
2015100556815,2,9,0,18,0,8,1,0,1,4,3,1,2,1,42,7,-1,-1,-1,-1,1,-1
2015100556915,1,9,0,4,0,0,0,0,0,0,1,1,6,3,-1,-1,1910,2,11,-1,-1,-1
2015100556915,2,9,0,3,0,0,0,0,0,0,2,1,6,1,28,6,1995,1,4,-1,2,-1
2015100557015,1,9,0,12,0,0,0,0,0,0,3,1,6,1,70,10,1329,1,1,-1,1,-1
2015100557015,2,9,0,18,0,0,0,0,0,0,4,1,6,1,23,5,3628,2,7,-1,1,-1
2015100557415,1,9,0,16,0,0,1,0,0,0,3,1,6,1,18,4,1368,1,-1,-1,2,-1
2015100557415,2,9,0,17,0,0,0,0,0,0,3,1,6,2,58,9,998,1,12,-1,-1,-1
2015100557915,1,5,0,16,0,0,1,0,0,0,1,1,6,1,20,4,675,1,6,-1,1,-1
2015100557915,2,9,0,18,0,0,0,0,0,0,3,1,6,1,25,5,1596,1,8,-1,1,-1
2015100558115,1,9,3,18,0,0,1,0,7,0,3,1,6,1,85,11,1995,2,-1,-1,3,-1
2015100558215,1,9,0,18,0,0,0,0,1,9,1,1,6,2,32,6,973,1,12,-1,2,-1
2015100558315,1,9,0,18,0,2,5,0,0,0,1,1,2,2,55,8,1242,1,1,-1,1,-1
2015100558315,2,9,0,3,0,2,0,0,0,0,2,1,6,2,24,5,1560,2,2,-1,2,-1
2015100558315,3,9,0,4,0,1,0,0,0,0,1,1,6,1,37,7,1968,2,8,-1,1,-1
2015100558615,1,9,0,18,0,1,0,0,0,0,1,1,6,3,-1,-1,-1,-1,-1,-1,-1,-1
2015100558615,2,9,0,3,0,1,0,0,0,0,2,1,6,2,45,7,1248,1,2,-1,1,-1
2015100558815,1,9,0,18,0,2,1,0,0,0,1,1,6,2,61,9,1560,2,-1,-1,1,-1
2015100559215,1,11,0,5,0,0,0,0,0,0,0,1,1,1,28,6,7300,2,13,-1,1,-1
2015100559415,1,9,0,18,0,1,0,0,0,0,1,1,6,2,24,5,1400,2,9,-1,-1,-1
2015100559515,1,9,0,18,0,0,0,0,0,0,1,1,6,1,20,4,1598,1,11,-1,1,-1
2015100559815,1,19,0,9,0,6,0,0,0,0,1,1,1,1,47,8,2198,2,8,-1,2,-1
2015100559815,2,10,0,3,0,8,0,0,0,0,1,1,1,1,36,7,-1,-1,-1,-1,-1,-1
2015100560015,1,9,0,18,0,8,0,0,0,0,1,1,6,1,62,9,1560,2,10,-1,1,-1
2015100560015,2,3,0,18,0,8,5,0,0,0,4,1,6,1,19,4,125,1,5,-1,1,-1
2015100560115,1,19,0,5,0,4,0,0,0,0,0,1,6,1,28,6,2198,2,6,-1,1,-1
2015100560115,2,3,0,9,0,3,1,0,0,0,0,1,6,1,20,4,125,1,1,-1,-1,-1
2015100560215,1,9,0,4,0,0,1,0,0,0,1,1,2,1,25,5,1299,1,13,-1,1,-1
2015100560215,2,9,0,4,0,0,0,0,0,0,1,1,2,2,46,8,1968,2,5,-1,1,-1
2015100560315,1,19,0,9,0,8,0,0,0,0,1,1,6,1,69,10,2402,2,5,-1,1,-1
2015100560315,2,9,0,18,0,1,0,0,0,0,1,1,6,1,57,9,1598,2,3,-1,1,-1
2015100560415,1,9,0,18,0,8,0,0,0,0,1,1,6,2,46,8,1796,1,11,-1,1,-1
2015100560415,2,9,0,18,0,8,0,0,0,0,3,1,6,2,30,6,1461,2,1,-1,-1,-1
2015100560515,1,11,0,3,0,0,0,0,0,6,0,1,1,1,51,8,-1,2,15,-1,1,-1
2015100560615,1,9,0,9,0,6,0,0,0,0,1,1,6,1,55,8,1149,1,3,-1,3,-1
2015100560615,2,3,0,18,0,8,0,0,0,0,4,1,6,1,52,8,124,1,6,-1,2,-1
2015100561015,1,9,0,18,0,0,0,0,0,0,3,1,3,1,31,6,2148,2,13,-1,1,-1
2015100561115,1,9,0,18,0,0,0,0,0,0,1,1,6,2,43,7,1956,2,-1,-1,2,-1
2015100561215,1,21,0,18,0,0,0,0,0,0,1,1,1,1,54,8,7698,2,-1,-1,2,-1
2015100561215,2,19,4,2,0,0,0,0,0,0,2,1,1,1,51,8,2402,2,6,-1,-1,-1
2015100561215,3,21,5,2,0,0,0,0,0,0,2,1,1,1,48,8,4116,2,11,-1,1,-1
2015100561315,1,19,0,18,0,0,0,0,0,0,4,1,1,1,50,8,1968,2,1,-1,1,-1
2015100561615,1,9,0,18,0,2,0,0,0,0,1,1,6,1,46,8,1995,2,11,-1,-1,-1
2015100561615,2,19,0,18,0,1,0,0,0,0,1,1,6,1,45,7,1753,2,11,-1,-1,-1
2015100561715,1,9,0,18,0,8,1,0,2,11,3,1,2,2,41,7,998,1,2,-1,1,-1
2015100561715,2,9,0,9,0,5,0,0,0,0,1,1,2,1,58,9,1560,2,3,-1,1,-1
2015100561815,1,1,0,18,0,8,0,0,0,0,1,1,6,3,-1,-1,-1,-1,-1,-1,-1,-1
2015100561815,2,9,0,18,0,8,0,0,0,0,1,1,6,1,26,6,2283,2,17,-1,1,-1
2015100561915,1,9,0,4,0,0,0,0,0,0,1,2,6,1,63,9,1896,2,10,-1,1,-1
2015100561915,2,9,0,4,0,0,0,0,0,0,2,2,6,2,30,6,1560,2,10,-1,1,-1
2015100561915,3,9,0,4,0,0,0,0,0,0,2,2,6,2,23,5,-1,-1,-1,-1,2,-1
2015100562015,1,9,0,16,0,1,0,0,7,0,1,1,6,3,-1,-1,1997,2,12,-1,-1,-1
2015100562015,2,9,0,17,0,1,0,0,0,0,1,1,6,1,46,8,1560,2,5,-1,1,-1
2015100562115,1,9,0,18,0,0,0,0,0,0,1,1,6,1,33,6,1598,2,3,-1,1,-1
2015100562115,2,9,0,18,0,0,0,0,0,0,2,1,6,1,45,7,1360,1,4,-1,1,-1
2015100562115,3,9,0,18,0,0,0,0,0,0,2,1,6,2,55,8,1229,1,2,-1,1,-1
2015100562315,1,9,0,18,0,2,0,0,0,0,3,1,6,2,25,5,1498,1,5,-1,1,-1
2015100562315,2,19,0,18,0,1,0,0,0,0,1,1,1,1,46,8,2198,2,-1,-1,1,-1
2015100562915,1,3,0,18,0,8,0,0,0,0,4,1,6,1,23,5,125,1,7,-1,1,-1
2015100562915,2,9,4,9,0,8,0,0,0,0,4,1,6,1,68,10,1396,1,11,-1,-1,-1
2015100563115,1,9,0,8,0,1,0,0,0,0,3,1,6,2,62,9,1590,1,11,-1,-1,-1
2015100563115,2,1,0,18,0,1,0,0,0,0,1,1,6,1,8,2,-1,-1,-1,-1,-1,-1
2015100563315,1,9,0,18,0,8,0,0,7,0,4,1,6,1,62,9,1995,2,11,-1,-1,-1
2015100563315,2,19,0,18,0,8,0,0,1,1,1,1,1,3,-1,-1,2198,2,1,-1,-1,-1
2015100563515,1,3,0,9,0,6,0,0,0,0,1,1,6,3,-1,-1,125,1,11,-1,-1,-1
2015100563515,2,9,0,18,0,8,0,0,0,0,3,1,6,2,19,4,1199,1,15,-1,-1,-1
2015100563815,1,9,0,18,0,1,0,0,0,0,1,1,6,2,-1,-1,-1,-1,-1,-1,-1,-1
2015100563815,2,1,0,18,0,1,0,0,0,0,1,1,6,1,15,3,-1,-1,-1,-1,1,-1
2015100564515,1,9,0,5,0,0,0,0,3,0,3,1,6,2,-1,-1,1560,2,1,-1,1,-1
2015100564515,2,9,0,18,0,0,0,0,0,0,1,1,6,1,58,9,1390,1,2,-1,1,-1
2015100564715,1,5,0,18,0,1,0,0,0,0,1,1,6,1,54,8,-1,-1,-1,-1,1,-1
2015100564715,2,9,0,3,0,1,0,0,0,0,2,1,6,1,33,6,1997,2,4,-1,1,-1
2015100564815,1,9,0,16,0,0,0,0,1,3,1,1,6,1,69,10,-1,-1,-1,-1,1,-1
2015100565015,1,9,0,7,0,3,0,0,0,0,1,1,6,2,62,9,1242,1,2,-1,2,-1
2015100565015,2,1,0,18,0,6,0,0,0,0,1,1,6,1,22,5,-1,-1,-1,-1,1,-1
2015100565715,1,9,0,4,0,0,0,0,0,0,1,1,6,1,49,8,-1,-1,-1,-1,1,-1
2015100565715,2,9,0,4,0,0,0,0,0,0,2,1,6,1,29,6,1560,2,8,-1,-1,-1
2015100565915,1,9,0,5,0,0,0,0,0,0,1,1,6,1,-1,-1,1896,2,13,-1,1,-1
2015100565915,2,9,0,5,0,0,0,0,0,0,2,1,6,1,24,5,1968,2,6,-1,1,-1
2015100566115,1,9,0,18,0,8,0,0,0,0,1,1,6,3,-1,-1,-1,-1,-1,-1,-1,-1
2015100566115,2,1,0,18,0,8,0,0,0,0,1,1,6,2,29,6,-1,-1,-1,-1,1,-1
2015100566215,1,9,0,18,0,3,0,0,0,0,3,1,6,2,17,4,1299,1,7,-1,-1,-1
2015100566215,2,9,0,7,0,4,0,0,0,0,1,1,6,1,62,9,1560,2,-1,-1,-1,-1
2015100566415,1,9,0,13,0,1,2,0,5,6,3,1,6,1,70,10,1870,2,11,-1,-1,-1
2015100566615,1,9,0,9,0,6,0,0,0,0,1,1,6,1,35,6,998,1,1,-1,2,-1
2015100566615,2,9,0,18,0,8,0,0,0,0,4,1,6,2,27,6,998,1,11,-1,1,-1
2015100566715,1,9,0,17,0,0,2,0,2,9,4,1,1,1,18,4,1995,2,10,-1,1,-1
2015100567115,1,21,1,18,0,2,5,0,7,0,3,1,1,1,33,6,12777,2,1,-1,1,-1
2015100567215,1,9,0,9,0,5,0,0,7,0,1,1,6,2,19,4,1229,1,8,-1,1,-1
2015100567215,2,9,0,18,0,8,0,0,0,0,1,1,6,2,46,8,1995,2,4,-1,1,-1
2015100567315,1,9,0,18,0,1,0,0,0,0,1,1,2,1,46,8,1796,1,9,-1,1,-1
2015100567315,2,9,0,18,0,1,0,0,0,0,1,1,2,2,53,8,-1,-1,-1,-1,1,-1
2015100567315,3,21,1,7,0,6,0,0,0,0,3,1,1,1,70,10,-1,-1,-1,-1,-1,-1
2015100567615,1,9,0,5,0,8,1,0,1,11,3,1,6,2,19,4,1360,1,11,-1,1,-1
2015100567615,2,9,0,18,0,8,1,0,1,11,1,1,6,2,19,4,1242,1,3,-1,1,-1
2015100567715,1,9,0,10,0,8,0,0,0,0,0,1,6,3,-1,-1,-1,-1,-1,-1,-1,-1
2015100567715,2,9,0,18,0,8,1,0,0,0,0,1,2,1,20,4,-1,-1,-1,-1,1,-1
2015100567915,1,9,0,5,0,1,0,0,0,0,1,1,6,1,21,5,1197,1,-1,-1,1,-1
2015100567915,2,9,0,3,0,1,0,0,0,0,2,1,6,1,45,7,1596,1,9,-1,1,-1
2015100568215,1,9,0,18,0,1,0,0,0,0,1,1,6,1,26,6,2148,2,7,-1,1,-1
2015100568215,2,9,0,3,0,2,0,0,0,0,2,1,6,3,-1,-1,1389,1,13,-1,-1,-1
2015100568315,1,9,0,18,0,2,0,0,0,0,3,1,6,1,31,6,1951,2,11,-1,-1,-1
2015100568615,1,19,0,4,0,1,0,0,0,0,1,1,1,1,44,7,1968,2,1,-1,-1,-1
2015100568615,2,9,0,3,0,1,0,0,0,0,2,1,6,2,47,8,-1,-1,-1,-1,-1,-1
2015100568715,1,9,0,16,0,2,0,0,1,10,1,1,6,2,24,5,1248,2,5,-1,2,-1
2015100568815,1,9,0,4,0,1,0,0,0,0,0,1,6,3,-1,-1,-1,-1,-1,-1,-1,-1
2015100568815,2,11,0,18,0,1,0,0,0,0,0,1,1,1,52,8,6871,2,12,-1,-1,-1
2015100569315,1,9,0,18,0,0,0,0,0,0,3,1,6,2,26,6,1598,1,10,-1,1,-1
2015100569415,1,3,0,18,0,0,0,0,0,0,1,1,6,3,-1,-1,-1,-1,-1,-1,-1,-1
2015100570015,1,11,0,5,0,0,0,0,0,0,0,1,6,1,44,7,7300,2,13,-1,-1,-1
2015100570115,1,19,0,18,0,1,0,0,0,0,1,1,6,3,-1,-1,-1,-1,-1,-1,-1,-1
2015100570115,2,9,0,3,0,1,0,0,0,0,2,1,2,2,30,6,1598,1,7,-1,1,-1
2015100570515,1,20,1,16,0,0,0,0,0,0,1,2,1,1,39,7,-1,-1,-1,-1,-1,-1
2015100570515,2,9,0,17,0,0,1,0,0,0,1,1,6,1,29,6,1364,1,11,-1,1,-1
2015100570915,1,9,0,9,0,5,0,0,0,0,1,1,6,1,18,4,1598,2,4,-1,1,-1
2015100570915,2,3,0,18,0,8,0,0,0,0,1,1,6,1,47,8,124,1,25,-1,-1,-1
2015100571315,1,90,0,18,0,0,0,0,0,0,1,1,1,1,59,9,2999,2,4,-1,1,-1
2015100571315,2,9,0,18,0,0,0,0,0,0,4,1,6,1,29,6,-1,-1,-1,-1,-1,-1
2015100571615,1,9,0,4,0,1,0,0,0,0,1,1,6,2,34,6,1299,1,11,-1,1,-1
2015100571615,2,9,0,18,0,1,0,0,0,0,2,1,6,1,63,9,1995,2,2,-1,1,-1
2015100572115,1,11,0,18,0,0,0,0,0,0,4,1,1,1,47,8,4500,2,4,-1,1,-1
2015100572415,1,9,0,4,0,8,0,0,0,0,1,1,6,3,-1,-1,-1,-1,-1,-1,-1,-1
2015100572415,2,1,0,9,0,8,0,0,0,0,2,1,1,1,30,6,-1,-1,-1,-1,-1,-1
2015100572615,1,9,0,18,0,0,0,0,0,0,1,1,1,1,57,9,-1,-1,-1,-1,1,-1
2015100572615,2,9,0,2,0,0,0,0,0,0,2,1,1,1,29,6,-1,-1,-1,-1,1,-1
2015100572815,1,9,0,1,0,0,0,0,0,0,2,1,6,3,-1,-1,-1,-1,-1,-1,-1,-1
2015100572815,2,2,0,18,0,0,0,0,0,0,3,1,6,1,16,4,49,1,-1,-1,-1,-1
2015100573415,1,9,0,5,9,0,0,0,0,0,1,1,6,3,-1,-1,-1,-1,-1,-1,-1,-1
2015100573515,1,9,0,18,0,1,0,0,0,0,1,1,6,1,26,6,1753,2,8,-1,1,-1
2015100573515,2,9,0,4,0,1,0,0,0,0,2,1,1,2,50,8,1596,1,8,-1,1,-1
2015100573515,3,9,0,3,0,1,0,0,0,0,0,1,6,3,-1,-1,-1,-1,-1,-1,-1,-1
2015100573615,1,19,0,5,0,1,0,0,0,0,2,1,6,3,-1,-1,-1,-1,-1,-1,-1,-1
2015100573615,2,1,0,5,0,1,0,0,0,0,1,1,6,1,37,7,-1,-1,-1,-1,1,-1
2015100573815,1,9,0,18,0,1,0,0,0,0,1,1,6,2,19,4,1390,1,4,-1,1,-1
2015100573815,2,9,0,3,0,1,0,0,0,0,2,1,6,2,53,8,602,1,26,-1,1,-1
2015100573815,3,9,0,3,0,1,0,0,0,0,2,1,6,1,37,7,1596,1,12,-1,1,-1
2015100573915,1,19,0,18,0,0,0,0,0,0,4,1,1,1,51,8,1870,2,12,-1,-1,-1
2015100574015,1,9,0,18,0,0,2,0,1,11,1,1,6,2,29,6,1124,1,13,-1,2,-1
2015100574215,1,9,0,1,0,0,0,0,0,0,2,1,6,3,-1,-1,-1,-1,-1,-1,-1,-1
2015100574715,1,9,0,18,0,8,1,0,0,0,1,1,1,1,36,7,1997,1,14,-1,1,-1
2015100574715,2,9,0,9,0,6,1,0,0,0,3,1,6,2,22,5,1242,1,3,-1,1,-1
2015100575115,1,9,0,9,0,5,0,0,0,0,4,1,6,2,35,6,1596,1,12,-1,1,-1
2015100575115,2,9,0,18,0,8,0,0,0,0,1,1,6,2,33,6,2993,2,9,-1,1,-1
2015100575215,1,11,0,5,0,1,0,0,0,0,1,1,1,1,26,6,6700,2,4,-1,1,-1
2015100575215,2,9,0,3,0,1,0,0,0,0,2,1,2,1,38,7,-1,-1,-1,-1,3,-1
2015100575315,1,9,0,18,0,1,0,0,0,0,1,1,2,1,-1,-1,2401,2,11,-1,3,-1
2015100575315,2,9,0,3,0,1,0,0,0,0,2,1,2,2,46,8,1396,2,22,-1,1,-1
2015100575415,1,90,0,11,0,8,0,0,0,0,1,1,1,1,50,8,9364,2,10,-1,1,-1
2015100575415,2,9,0,18,0,8,0,0,0,0,3,1,3,1,25,5,1339,1,1,-1,1,-1
2015100575515,1,9,0,18,0,1,0,0,0,0,1,1,6,1,58,9,1988,2,11,-1,1,-1
2015100575515,2,9,0,3,0,1,0,0,0,0,2,1,1,1,54,8,1984,2,4,-1,3,-1
2015100576215,1,9,0,16,0,1,0,0,1,0,1,1,6,3,-1,-1,-1,-1,-1,-1,-1,-1
2015100576315,1,9,0,18,0,1,1,0,0,0,1,1,6,1,19,4,2402,2,6,-1,3,-1
2015100576315,2,9,0,3,0,1,0,0,0,0,2,1,6,1,54,8,1997,2,6,-1,3,-1
2015100576315,3,9,0,3,0,1,0,0,0,0,2,1,6,2,50,8,2400,2,2,-1,3,-1
2015100576915,1,9,0,18,0,0,1,0,0,0,1,1,1,1,50,8,-1,-1,-1,-1,1,-1
2015100576915,2,9,0,18,0,0,1,0,0,0,1,1,1,1,37,7,1686,2,5,-1,1,-1
2015100576915,3,19,0,3,0,0,0,0,0,0,2,1,1,1,44,7,2148,2,9,-1,1,-1
2015100576915,4,9,0,3,0,0,0,0,0,0,2,1,1,2,25,5,1596,1,11,-1,1,-1
2015100577515,1,9,0,18,0,1,0,0,0,0,1,1,2,2,28,6,1896,2,12,-1,1,-1
2015100578015,1,9,0,13,0,0,0,0,0,0,0,1,6,3,-1,-1,-1,-1,-1,-1,-1,-1
2015100578015,2,11,0,5,0,0,0,0,0,0,0,1,6,1,64,9,6700,2,8,-1,1,-1
2015100578215,1,19,0,9,0,5,0,0,0,0,4,1,1,1,29,6,2287,2,3,-1,1,-1
2015100578215,2,9,0,18,0,8,0,0,0,0,1,1,6,2,31,6,1896,2,9,-1,1,-1
2015100578215,3,9,0,10,0,1,0,0,0,0,1,1,6,2,24,5,1896,2,18,-1,1,-1
2015100578615,1,1,0,18,0,6,0,0,0,0,1,1,4,1,10,2,-1,-1,-1,-1,-1,-1
2015100578615,2,9,0,18,0,8,0,0,0,0,3,1,2,1,26,6,1796,1,10,-1,2,-1
2015100579015,1,9,0,18,0,0,0,0,0,0,1,1,6,3,-1,-1,-1,-1,-1,-1,-1,-1
2015100579115,1,9,0,18,0,0,0,0,0,0,1,1,2,1,56,9,1339,1,13,-1,1,-1
2015100579115,2,9,0,3,0,0,0,0,0,0,2,1,2,2,46,8,1598,2,3,-1,3,-1
2015100579315,1,9,0,5,0,6,0,0,0,0,1,1,6,2,28,6,1598,1,10,-1,1,-1
2015100579515,1,3,0,18,0,1,1,0,0,0,0,1,6,1,37,7,125,1,8,-1,1,-1
2015100579815,1,9,0,18,0,1,0,0,0,0,4,1,2,1,37,7,1997,2,8,-1,1,-1
2015100580115,1,9,0,1,0,1,0,0,0,0,2,1,6,1,21,5,1497,1,14,-1,1,-1
2015100580315,1,9,0,4,0,1,0,0,0,0,1,1,6,1,27,6,2993,2,7,-1,-1,-1