Accident_Index,Vehicle_Reference,Vehicle_Type,Towing_and_Articulation,Vehicle_Manoeuvre,Vehicle_Location-Restricted_Lane,Junction_Location,Skidding_and_Overturning,Hit_Object_in_Carriageway,Vehicle_Leaving_Carriageway,Hit_Object_off_Carriageway,1st_Point_of_Impact,Was_Vehicle_Left_Hand_Drive?,Journey_Purpose_of_Driver,Sex_of_Driver,Age_of_Driver,Age_Band_of_Driver,Engine_Capacity_(CC),Propulsion_Code,Age_of_Vehicle,Driver_IMD_Decile,Driver_Home_Area_Type,Vehicle_IMD_Decile
2015100580315,2,9,0,3,0,1,0,0,0,0,2,1,1,2,50,8,1242,1,1,-1,1,-1
2015100580415,1,9,0,18,0,1,0,0,0,0,3,1,3,1,19,4,1242,1,3,-1,2,-1
2015100580615,1,19,0,18,0,0,0,0,0,0,1,1,6,1,46,8,-1,-1,-1,-1,1,-1
2015100580615,2,9,0,18,0,0,0,0,0,0,2,1,6,1,22,5,1149,1,2,-1,1,-1
2015100580715,1,9,0,9,0,5,0,0,0,0,4,1,6,2,36,7,1968,2,5,-1,1,-1
2015100580715,2,9,0,18,0,8,0,0,0,0,1,1,6,2,21,5,1390,1,3,-1,1,-1
2015100580815,1,9,0,5,0,2,0,0,0,0,0,1,3,2,38,7,1596,1,9,-1,1,-1
2015100580815,2,9,0,18,0,2,0,0,0,0,0,1,1,1,61,9,3984,1,5,-1,1,-1
2015100581015,1,9,0,9,0,8,0,0,0,0,1,1,6,1,17,4,-1,-1,-1,-1,1,-1
2015100581015,2,9,0,18,0,8,0,0,7,11,4,1,6,1,19,4,998,1,2,-1,1,-1
2015100581215,1,11,0,18,2,0,0,0,0,11,1,1,1,1,46,8,9360,2,1,-1,1,-1
2015100581515,1,9,0,18,0,1,0,0,0,0,1,1,6,2,55,8,1686,2,-1,-1,1,-1
2015100581515,2,9,0,3,0,1,0,0,0,0,2,1,6,1,63,9,-1,-1,-1,-1,1,-1
2015100581615,1,9,0,18,0,0,0,0,0,0,1,1,6,1,88,11,1998,1,17,-1,3,-1
2015100581615,2,9,0,3,0,0,0,0,0,0,2,1,6,1,26,6,998,1,5,-1,1,-1
2015100581615,3,9,0,3,0,0,0,0,0,0,2,1,6,2,39,7,4163,1,-1,-1,3,-1
2015100581615,4,9,0,3,0,0,0,0,0,0,2,1,6,1,60,9,1796,1,11,-1,3,-1
2015100582015,1,9,0,7,0,8,0,0,0,0,1,1,1,2,42,7,2967,2,8,-1,2,-1
2015100582015,2,1,0,9,0,8,0,0,0,0,1,1,1,1,39,7,-1,-1,-1,-1,1,-1
2015100582215,1,9,0,18,0,1,0,0,0,0,1,1,2,1,50,8,-1,-1,-1,-1,3,-1
2015100582215,2,9,0,4,0,1,0,0,0,0,2,1,6,1,27,6,1461,2,4,-1,1,-1
2015100582415,1,9,0,18,0,0,0,0,0,0,1,1,1,1,19,4,1390,1,3,-1,3,-1
2015100582415,2,9,0,3,0,0,0,0,0,0,2,1,1,2,26,6,1598,1,1,-1,2,-1
2015100582815,1,19,0,9,0,6,0,0,0,0,1,1,6,1,38,7,2198,2,5,-1,1,-1
2015100582815,2,9,0,17,0,8,0,0,0,0,4,1,6,1,62,9,1997,2,1,-1,1,-1
2015100582915,1,9,0,9,0,6,0,0,0,0,3,1,1,1,30,6,1896,2,11,-1,1,-1
2015100582915,2,90,0,18,0,8,0,0,0,0,1,1,1,1,61,9,-1,-1,-1,-1,2,-1
2015100583215,1,9,0,18,0,8,0,0,0,0,4,1,6,2,49,8,1995,2,2,-1,1,-1
2015100583215,2,5,0,4,0,8,0,0,0,0,0,1,6,1,30,6,599,1,11,-1,2,-1
2015100583715,1,9,0,18,0,2,0,0,0,0,1,1,6,2,19,4,1796,1,10,-1,1,-1
2015100583715,2,9,0,12,0,2,0,0,0,0,3,1,6,1,24,5,1796,2,2,-1,1,-1
2015100583715,3,9,0,2,0,2,0,0,0,0,3,1,6,3,-1,-1,1390,1,1,-1,1,-1
2015100583915,1,9,0,13,0,8,0,0,7,0,1,1,6,1,63,9,1997,2,11,-1,1,-1
2015100583915,2,17,0,9,0,5,0,0,0,0,3,1,1,1,52,8,-1,2,8,-1,3,-1
2015100584015,1,11,0,5,0,1,0,0,0,0,0,1,1,1,59,9,6700,2,7,-1,-1,-1
2015100584115,1,19,0,5,0,1,0,0,0,0,1,1,1,1,22,5,-1,-1,-1,-1,1,-1
2015100584115,2,9,0,3,0,1,0,0,0,0,2,1,6,2,40,7,1598,1,9,-1,1,-1
2015100584215,1,9,0,17,0,1,0,0,8,0,1,1,6,1,26,6,1910,2,7,-1,-1,-1
2015100584315,1,11,0,2,0,0,0,0,0,0,0,1,1,1,37,7,6692,2,3,-1,-1,-1
2015100584415,1,11,0,18,0,2,0,0,0,0,1,1,1,1,57,9,6700,2,4,-1,1,-1
2015100584515,1,9,0,5,0,1,0,0,0,0,1,1,6,1,66,10,1493,1,18,-1,2,-1
2015100584515,2,1,0,3,0,1,0,0,0,0,2,1,6,1,73,10,-1,-1,-1,-1,1,-1
2015100584615,1,9,0,18,0,0,0,0,0,0,1,1,6,1,33,6,2993,2,1,-1,1,-1
2015100584615,2,9,0,2,0,0,0,0,0,0,0,1,6,3,-1,-1,998,1,2,-1,1,-1
2015100584915,1,9,0,7,0,3,0,0,0,0,1,1,3,3,-1,-1,-1,-1,-1,-1,-1,-1
2015100585115,1,9,0,18,0,8,0,0,0,0,1,1,6,1,30,6,1900,2,17,-1,-1,-1
2015100585115,2,9,0,9,0,5,0,0,0,0,1,1,2,2,30,6,1242,1,8,-1,-1,-1
2015100585215,1,9,0,9,0,6,0,0,0,0,1,1,6,1,-1,-1,1596,1,2,-1,2,-1
2015100585215,2,9,0,10,0,1,0,0,0,0,3,1,3,2,37,7,1995,2,8,-1,2,-1
2015100585415,1,9,0,5,0,1,0,0,0,0,1,1,1,1,32,6,1910,2,12,-1,1,-1
2015100585415,2,5,0,5,0,1,0,0,0,0,2,1,1,1,52,8,1084,1,19,-1,1,-1
2015100585715,1,9,0,9,0,5,0,0,0,0,1,1,6,3,-1,-1,1397,1,14,-1,-1,-1
2015100585715,2,9,0,2,0,2,0,0,0,0,1,1,6,1,30,6,2496,2,8,-1,-1,-1
2015100586215,1,11,0,18,0,1,0,0,0,0,0,1,1,1,46,8,6800,2,6,-1,1,-1
2015100586315,1,9,0,18,0,2,0,0,0,0,1,1,6,1,67,10,1596,1,10,-1,-1,-1
2015100586415,1,19,0,9,0,8,0,0,0,0,1,1,1,1,38,7,2198,2,3,-1,1,-1
2015100586415,2,1,0,18,0,8,0,0,0,0,2,1,2,2,46,8,-1,-1,-1,-1,1,-1
2015100587015,1,1,0,9,0,6,0,0,0,0,1,1,4,1,13,3,-1,-1,-1,-1,-1,-1
2015100587015,2,9,0,18,0,8,0,0,0,0,1,1,3,2,43,7,1560,2,2,-1,-1,-1
2015100587115,1,21,0,18,0,1,0,0,0,0,1,1,1,1,46,8,-1,-1,-1,-1,-1,-1
2015100587115,2,9,0,3,0,1,0,0,0,0,2,1,6,2,32,6,-1,-1,-1,-1,1,-1
2015100587415,1,5,0,18,0,0,0,2,0,1,1,1,6,1,44,7,781,1,18,-1,1,-1
2015100587515,1,9,0,18,0,0,0,0,0,0,1,1,6,2,68,10,-1,-1,-1,-1,1,-1
2015100587515,2,8,0,3,0,0,0,0,0,0,2,1,6,1,68,10,1896,2,6,-1,-1,-1
2015100587915,1,21,1,18,0,1,0,0,0,0,1,1,1,1,52,8,12777,2,5,-1,1,-1
2015100587915,2,9,0,4,0,1,0,0,0,0,2,1,2,1,18,4,1397,1,12,-1,-1,-1
2015100588215,1,9,0,9,0,5,0,0,0,0,0,1,6,1,19,4,998,1,7,-1,1,-1
2015100588215,2,1,0,18,0,8,0,0,0,0,0,1,1,2,24,5,-1,-1,-1,-1,-1,-1
2015100588315,1,9,0,5,0,1,0,0,0,0,1,1,6,1,19,4,1199,1,15,-1,1,-1
2015100588315,2,9,0,3,0,1,0,0,0,0,2,1,6,2,29,6,1398,1,4,-1,1,-1
2015100588415,1,9,0,5,0,4,0,0,0,0,4,1,6,1,61,9,1910,2,9,-1,1,-1
2015100588415,2,1,0,18,0,8,0,0,0,0,1,1,6,1,40,7,-1,-1,-1,-1,2,-1
2015100588515,1,9,0,18,0,8,0,0,0,1,1,1,6,1,50,8,1997,2,4,-1,1,-1
2015100588515,2,9,0,18,0,8,0,0,0,0,1,1,6,1,61,9,2959,1,20,-1,1,-1
2015100588515,3,9,0,18,0,8,0,0,0,0,2,1,6,1,40,7,-1,-1,-1,-1,1,-1
2015100588615,1,9,0,18,0,0,0,0,0,0,1,1,6,1,80,11,2720,2,6,-1,2,-1
2015100588615,2,9,0,4,0,0,0,0,0,0,2,1,6,1,62,9,1395,1,1,-1,1,-1
2015100588615,3,9,0,3,0,0,0,0,0,0,2,1,6,1,30,6,1984,1,12,-1,1,-1
2015100588715,1,9,0,9,0,8,0,0,0,0,1,1,6,1,42,7,1984,2,4,-1,1,-1
2015100588715,2,9,0,18,0,8,0,0,0,0,1,1,6,1,60,9,1560,2,-1,-1,-1,-1
2015100588715,3,9,0,9,0,8,0,0,0,0,3,1,6,1,20,4,1198,1,12,-1,2,-1
2015100588815,1,9,0,7,0,4,0,0,0,0,1,1,6,1,69,10,1587,1,14,-1,1,-1
2015100588815,2,9,0,18,0,8,0,0,0,0,4,1,1,2,30,6,1984,1,13,-1,1,-1
2015100588915,1,1,0,18,0,0,0,0,0,0,1,1,6,1,15,3,-1,-1,-1,-1,1,-1
2015100588915,2,9,0,3,0,0,0,0,0,0,2,1,6,1,43,7,1968,2,2,-1,1,-1
2015100589015,1,9,0,18,0,1,0,0,0,0,1,1,6,1,21,5,1796,1,7,-1,1,-1
2015100589015,2,9,0,5,0,1,0,0,0,0,2,1,2,2,39,7,1598,1,13,-1,1,-1
2015100589115,1,9,0,18,0,0,0,0,0,0,1,1,6,1,-1,-1,1997,2,3,-1,1,-1
2015100589115,2,9,0,3,0,0,0,0,0,0,2,1,2,2,44,7,1995,2,6,-1,2,-1
2015100589115,3,9,0,3,0,0,0,0,0,0,2,1,6,3,-1,-1,-1,-1,-1,-1,-1,-1
2015100589215,1,9,0,1,0,2,0,0,0,0,2,1,6,3,-1,-1,1796,1,8,-1,-1,-1
2015100589215,2,9,0,2,0,1,0,0,0,0,3,1,1,2,39,7,2204,2,5,-1,1,-1
2015100589715,1,9,0,5,0,4,0,0,0,0,1,1,6,3,-1,-1,-1,-1,-1,-1,-1,-1
2015100589715,2,9,0,5,0,4,0,0,0,0,2,1,2,2,50,8,1689,2,14,-1,1,-1
2015100590015,1,9,0,18,0,1,0,0,0,0,1,1,6,2,47,8,1598,1,11,-1,1,-1
2015100590015,2,1,0,18,9,6,0,0,0,0,1,1,1,1,16,4,-1,-1,-1,-1,-1,-1
2015100590315,1,21,0,9,0,6,0,0,0,0,4,1,1,1,-1,-1,12900,2,5,-1,-1,-1
2015100590415,1,9,0,18,0,0,0,0,0,0,1,1,6,1,54,8,-1,-1,-1,-1,2,-1
2015100590415,2,9,0,3,0,0,0,0,0,0,2,1,6,2,22,5,1198,1,-1,-1,1,-1
2015100590515,1,9,0,18,0,0,0,0,0,0,1,1,6,1,18,4,1242,1,8,-1,3,-1
2015100590515,2,9,0,3,0,0,0,0,0,0,2,1,2,1,35,6,1560,2,3,-1,1,-1
2015100590715,1,9,0,7,0,8,0,0,7,0,1,1,2,1,52,8,998,1,14,-1,1,-1
2015100590715,2,9,0,18,0,8,1,0,1,5,4,1,2,1,42,7,1679,1,14,-1,3,-1
2015100591015,1,9,0,1,0,8,0,0,0,0,2,1,6,3,-1,-1,-1,-1,-1,-1,-1,-1
2015100591015,2,1,0,3,0,8,0,0,0,0,3,1,6,1,12,3,-1,-1,-1,-1,1,-1
2015100591815,1,19,0,18,0,0,0,0,0,0,4,1,6,1,40,7,2143,2,1,-1,3,-1
2015100592215,1,9,0,11,0,0,1,0,1,11,2,1,6,1,33,6,1242,1,13,-1,1,-1
2015100592215,2,19,0,18,0,0,0,0,0,0,1,1,1,1,51,8,2143,2,1,-1,-1,-1
2015100592615,1,1,0,7,0,8,0,0,0,0,1,1,6,1,14,3,-1,-1,-1,-1,1,-1
2015100592615,2,9,0,3,0,8,0,0,0,0,3,1,6,2,34,6,1598,2,1,-1,1,-1
2015100592815,1,19,0,9,0,5,0,0,0,0,1,1,6,1,23,5,1753,2,9,-1,1,-1
2015100592815,2,9,0,2,0,1,0,0,0,0,4,1,6,2,59,9,998,1,8,-1,1,-1
2015100592815,3,9,0,2,0,1,0,0,0,0,2,1,6,1,23,5,1686,2,5,-1,1,-1
2015100592815,4,9,0,3,0,1,0,0,0,0,1,1,6,2,28,6,1349,1,7,-1,1,-1
2015100593115,1,11,0,4,0,0,0,0,0,0,0,1,1,1,42,7,9000,2,10,-1,1,-1
2015100593215,1,9,0,18,0,0,0,0,0,0,1,1,6,2,25,5,1598,1,9,-1,1,-1
2015100593215,2,9,0,3,0,0,0,0,0,0,2,1,6,1,20,4,1198,1,4,-1,1,-1
2015100593415,1,9,0,18,0,1,0,0,0,0,1,1,6,1,-1,-1,2926,2,12,-1,-1,-1
2015100593415,2,9,0,3,0,1,0,0,0,0,2,1,1,2,28,6,1968,2,-1,-1,1,-1
2015100593415,3,9,0,4,0,1,0,0,0,0,2,1,6,1,40,7,-1,-1,-1,-1,3,-1
2015100593615,1,21,1,11,0,8,0,0,0,0,4,1,1,1,47,8,12777,2,4,-1,1,-1
2015100593615,2,9,0,18,0,8,0,0,0,0,3,1,2,2,20,4,1199,2,3,-1,1,-1
2015100593715,1,9,0,9,0,6,0,0,0,0,3,1,6,1,62,9,1587,1,9,-1,1,-1
2015100593715,2,1,0,18,0,8,0,0,0,0,1,1,6,2,59,9,-1,-1,-1,-1,1,-1
2015100593915,1,9,0,8,0,5,0,0,0,0,1,1,6,3,-1,-1,-1,-1,-1,-1,-1,-1
2015100594115,1,9,0,18,0,0,0,0,0,0,1,1,2,1,63,9,1686,2,2,-1,2,-1
2015100594115,2,9,0,18,0,0,0,0,1,0,4,1,2,2,54,8,1360,1,15,-1,1,-1
2015100594315,1,9,0,18,0,0,0,0,0,0,2,1,2,2,42,7,1997,2,1,-1,1,-1
2015100594315,2,9,0,18,0,0,0,0,0,0,1,1,6,3,-1,-1,-1,-1,-1,-1,-1,-1
2015100594415,1,9,0,18,0,0,0,0,0,0,1,1,6,2,78,11,1248,1,3,-1,1,-1
2015100594415,2,9,0,3,0,0,0,0,0,0,2,1,6,1,71,10,1364,1,10,-1,1,-1
2015100594515,1,9,0,9,0,5,0,0,7,0,4,1,6,2,28,6,1461,2,6,-1,1,-1
2015100594515,2,9,0,18,0,8,0,0,0,0,1,1,6,1,28,6,1910,2,10,-1,1,-1
2015100594615,1,9,0,7,0,6,0,0,0,0,1,1,6,2,23,5,1242,1,12,-1,1,-1
2015100594615,2,9,0,18,0,8,0,0,7,0,4,1,6,1,56,9,1560,2,2,-1,1,-1
2015100594715,1,9,0,18,0,0,0,0,0,0,4,1,6,2,64,9,1149,1,13,-1,-1,-1
2015100594815,1,9,0,18,0,2,0,0,0,0,1,1,6,2,87,11,1587,1,8,-1,1,-1
2015100595115,1,9,0,18,0,1,0,0,0,0,1,1,6,3,-1,-1,1299,1,12,-1,-1,-1
2015100595115,2,9,0,3,0,1,0,0,0,0,2,1,1,2,45,7,1246,1,9,-1,3,-1
2015100595315,1,9,0,9,0,5,0,0,0,0,1,1,1,1,-1,-1,2993,2,6,-1,3,-1
2015100595315,2,1,0,18,0,8,0,0,1,0,1,1,6,1,39,7,-1,-1,-1,-1,-1,-1
2015100595415,1,19,0,5,0,0,0,0,0,0,4,1,1,1,58,9,-1,-1,-1,-1,1,-1
2015100595415,2,5,0,17,0,0,0,0,7,11,1,1,6,1,35,6,599,1,17,-1,3,-1
2015100595615,1,9,0,16,0,0,0,0,0,0,3,1,6,2,34,6,1968,2,1,-1,-1,-1
2015100595615,2,9,0,17,0,0,0,0,0,0,3,1,6,1,77,11,1398,2,8,-1,1,-1
2015100595915,1,11,0,17,0,0,0,0,0,0,3,1,1,1,48,8,-1,-1,-1,-1,-1,-1
2015100595915,2,11,0,16,0,0,0,0,0,0,3,1,1,1,55,8,6700,2,7,-1,-1,-1
2015100596315,1,9,0,1,0,0,0,0,0,0,2,1,6,2,38,7,-1,-1,-1,-1,1,-1
2015100596915,1,9,0,18,0,0,0,0,0,0,1,1,6,1,30,6,1596,1,6,-1,1,-1
2015100596915,2,9,0,3,0,0,0,0,0,0,2,1,6,2,31,6,1598,1,5,-1,1,-1
2015100597715,1,11,0,5,0,2,0,0,0,0,0,1,1,1,60,9,3900,2,10,-1,1,-1
2015100598115,1,20,0,18,0,8,0,0,0,0,2,1,1,1,37,7,-1,-1,-1,-1,1,-1
2015100598115,2,9,0,4,0,8,0,0,0,0,1,1,2,2,21,5,998,1,11,-1,1,-1
2015100598115,3,19,0,3,0,8,0,0,0,0,2,1,1,1,58,9,2198,2,-1,-1,2,-1
2015100598515,1,9,0,1,0,0,0,0,0,0,2,1,1,1,36,7,1598,2,1,-1,-1,-1
2015100598615,1,11,0,5,0,1,0,0,0,0,0,1,1,2,56,9,9000,5,1,-1,1,-1
2015100599015,1,9,0,18,0,8,0,0,0,0,1,1,6,1,-1,-1,1753,2,11,-1,1,-1
2015100599015,2,9,0,9,0,8,0,0,0,0,3,1,6,2,20,4,1229,1,9,-1,1,-1
2015100599315,1,11,0,18,0,4,0,0,0,0,1,1,1,1,35,6,3900,2,11,-1,1,-1
2015100599315,2,20,1,4,0,4,0,0,0,0,2,1,1,1,-1,-1,6692,2,6,-1,1,-1
2015100599515,1,19,0,11,0,0,0,0,0,0,0,1,6,1,29,6,2402,2,12,-1,1,-1
2015100599515,2,9,0,18,0,0,0,0,0,0,1,1,6,2,18,4,1240,1,5,-1,1,-1
2015100599515,3,9,0,18,0,0,0,0,0,0,2,1,6,1,41,7,1968,2,1,-1,1,-1
2015100600015,1,9,0,17,0,8,0,0,1,11,1,1,6,1,48,8,1229,1,10,-1,1,-1
2015100600215,1,9,0,1,0,0,0,0,0,0,2,1,6,3,-1,-1,-1,-1,-1,-1,-1,-1
2015100600415,1,9,0,9,0,5,0,0,0,0,4,1,1,1,55,8,1997,1,3,-1,-1,-1
2015100600415,2,1,0,18,0,8,0,0,0,0,1,1,1,1,52,8,-1,-1,-1,-1,1,-1
2015100600815,1,9,0,18,0,1,0,0,0,0,1,1,6,2,-1,-1,1753,2,7,-1,1,-1
2015100600815,2,9,0,3,0,1,0,0,0,0,2,1,6,1,68,10,1398,1,5,-1,1,-1
2015100600915,1,4,0,18,0,8,0,11,0,0,1,1,2,1,35,6,400,1,29,-1,-1,-1
2015100600915,2,9,0,18,0,8,0,0,0,0,0,1,1,1,-1,-1,1598,2,-1,-1,-1,-1
2015100601115,1,9,0,18,0,0,0,0,0,0,1,1,6,1,27,6,-1,-1,-1,-1,1,-1
2015100601115,2,9,0,18,0,0,0,0,0,0,1,1,6,2,25,5,1149,1,13,-1,1,-1
2015100601215,1,9,0,18,0,0,1,0,1,4,1,1,6,1,32,6,1242,1,11,-1,-1,-1
2015100601415,1,19,0,18,0,0,0,0,0,0,1,1,1,1,-1,-1,2198,2,5,-1,-1,-1
2015100601415,2,9,0,4,0,0,0,0,0,0,2,1,1,1,43,7,1968,2,8,-1,2,-1
2015100601415,3,9,0,4,0,0,0,0,0,0,2,1,6,1,89,11,1198,1,11,-1,1,-1
2015100601515,1,9,0,18,0,1,0,0,0,0,1,1,1,1,31,6,1968,2,8,-1,1,-1
2015100601515,2,9,0,3,0,1,0,0,0,0,2,1,1,1,36,7,1997,2,8,-1,1,-1
2015100601615,1,9,0,18,0,4,0,0,0,0,3,1,1,2,52,8,999,1,-1,-1,1,-1
2015100601615,2,1,0,17,0,8,0,0,0,0,1,1,1,1,38,7,-1,-1,-1,-1,1,-1
2015100601715,1,9,0,18,0,8,0,0,3,1,4,1,6,1,24,5,1598,1,2,-1,1,-1
2015100601715,2,9,0,18,0,8,0,0,0,0,1,1,6,1,29,6,1796,1,13,-1,1,-1
2015100601915,1,2,0,4,0,2,0,0,0,0,1,1,6,1,20,4,49,1,15,-1,1,-1
2015100601915,2,9,0,3,0,2,0,0,0,0,2,1,1,2,50,8,-1,-1,-1,-1,1,-1
2015100602215,1,1,0,18,0,8,0,0,0,0,1,1,6,1,15,3,-1,-1,-1,-1,-1,-1
2015100602215,2,9,0,18,0,8,0,0,0,0,4,1,6,2,47,8,1498,1,5,-1,-1,-1
2015100602515,1,11,0,4,0,0,0,0,0,0,0,1,1,1,47,8,-1,-1,-1,-1,1,-1
2015100602615,1,9,0,16,0,0,0,0,0,0,1,1,6,3,-1,-1,-1,-1,-1,-1,-1,-1
2015100602615,2,9,0,17,0,0,0,0,0,0,3,1,6,1,47,8,1560,2,2,-1,1,-1
2015100602715,1,9,0,17,0,2,5,0,2,10,1,1,6,1,39,7,1896,2,9,-1,3,-1
2015100603415,1,9,0,18,0,8,0,0,0,0,1,1,6,1,55,8,1896,2,13,-1,1,-1
2015100603415,2,9,0,18,0,8,0,0,0,0,2,1,6,1,31,6,1968,2,3,-1,1,-1
2015100603415,3,9,0,18,0,8,0,0,0,0,2,1,6,2,32,6,1124,1,14,-1,1,-1
2015100603515,1,9,0,18,0,0,0,0,0,0,1,1,6,1,20,4,1390,1,9,-1,3,-1
2015100603515,2,9,0,18,0,0,0,0,0,0,2,1,6,1,20,4,1595,1,7,-1,1,-1
2015100603615,1,9,0,5,0,4,0,0,0,0,1,1,6,1,70,10,1586,1,10,-1,3,-1
2015100603615,2,2,0,18,0,8,0,0,0,0,4,1,6,2,17,4,49,1,1,-1,2,-1
2015100603715,1,4,0,18,0,8,0,0,4,10,4,1,6,1,68,10,234,1,15,-1,1,-1
2015100604215,1,9,0,11,0,3,2,10,0,0,4,1,6,2,76,11,1397,1,13,-1,1,-1
2015100604215,2,9,0,18,0,3,0,0,0,0,3,1,6,1,29,6,1997,2,2,-1,1,-1
2015100604315,1,9,0,9,0,6,0,0,0,0,3,1,6,1,38,7,998,1,-1,-1,-1,-1
2015100604315,2,2,0,18,0,8,0,0,0,0,1,1,6,1,16,4,49,1,11,-1,1,-1
2015100604515,1,9,0,4,0,1,0,0,0,0,1,1,6,1,51,8,1560,2,-1,-1,2,-1
2015100604515,2,9,0,8,0,1,0,0,0,0,2,1,6,2,49,8,1997,2,4,-1,2,-1
2015100604615,1,9,0,9,0,5,0,0,0,0,4,1,6,1,73,10,1598,1,4,-1,1,-1
2015100604615,2,9,0,18,0,8,0,0,0,0,1,1,6,1,23,5,1199,1,13,-1,3,-1
2015100604915,1,19,0,18,0,2,0,0,0,0,1,1,1,1,30,6,2148,2,7,-1,1,-1
2015100604915,2,19,0,4,0,2,0,0,0,0,2,1,1,1,58,9,1968,2,-1,-1,-1,-1
2015100604915,3,9,0,4,0,2,0,0,0,0,2,1,6,2,35,6,1400,1,8,-1,1,-1
2015100604915,4,9,0,3,0,2,0,0,0,0,2,1,6,1,60,9,1364,1,10,-1,1,-1
2015100605215,1,19,0,16,0,0,1,0,0,0,1,1,2,1,33,6,1868,2,10,-1,3,-1
2015100605215,2,5,0,17,0,0,0,0,0,0,3,1,6,1,61,9,-1,-1,-1,-1,2,-1
2015100605415,1,9,0,18,0,1,0,0,0,0,1,1,2,2,30,6,1968,2,1,-1,1,-1
2015100605415,2,9,0,3,0,1,0,0,0,0,2,1,6,1,17,4,1200,1,2,-1,1,-1
2015100605715,1,9,0,18,0,0,5,6,1,7,1,1,2,1,22,5,1587,1,7,-1,1,-1
2015100606415,1,9,0,18,0,8,5,0,0,0,1,1,6,2,35,6,1499,1,-1,-1,1,-1
2015100606415,2,9,4,2,0,8,0,0,0,0,2,1,6,1,74,10,2771,2,19,-1,1,-1
2015100606515,1,9,0,9,0,8,0,0,0,0,1,1,6,3,-1,-1,1800,1,16,-1,-1,-1
2015100606515,2,9,0,18,0,8,0,0,0,0,1,1,6,1,71,10,1997,2,6,-1,1,-1
2015100606715,1,9,0,5,0,4,0,0,0,0,1,1,6,1,55,8,-1,-1,-1,-1,-1,-1
2015100606715,2,1,0,17,0,8,5,0,0,0,4,1,6,2,70,10,-1,-1,-1,-1,2,-1
2015100606915,1,9,0,9,0,5,0,0,0,0,1,1,6,1,66,10,1598,2,2,-1,2,-1
2015100606915,2,9,0,18,0,8,0,0,0,0,1,1,6,1,28,6,1998,2,10,-1,1,-1
2015100607015,1,11,0,18,0,0,0,0,0,0,1,1,1,1,53,8,6700,2,7,-1,1,-1
2015100607115,1,9,0,9,0,6,0,0,7,11,3,1,6,1,56,9,1364,1,-1,-1,-1,-1
2015100607115,2,9,0,18,0,8,0,0,0,0,1,1,6,2,53,8,1560,2,7,-1,3,-1
2015100607215,1,3,0,18,0,0,0,0,1,10,4,1,6,1,68,10,124,1,3,-1,3,-1
2015100607415,1,9,0,18,0,4,0,0,0,0,1,1,6,1,18,4,999,1,12,-1,1,-1
2015100607415,2,9,0,18,0,8,0,0,0,0,4,1,6,1,41,7,1560,2,9,-1,-1,-1
2015100607615,1,9,0,18,0,1,0,0,0,0,1,1,6,2,17,4,973,1,14,-1,1,-1
2015100607715,1,9,0,9,0,5,0,0,0,0,4,1,1,1,27,6,999,1,-1,-1,1,-1
2015100607715,2,9,0,18,0,8,0,0,0,0,1,1,6,1,26,6,1598,1,13,-1,1,-1
2015100607815,1,1,0,18,0,8,0,0,0,0,1,1,6,1,29,6,-1,-1,-1,-1,1,-1
2015100607815,2,9,0,18,0,8,0,0,0,0,4,1,6,1,31,6,1956,2,-1,-1,1,-1
2015100607915,1,19,0,4,0,0,1,0,0,0,1,1,6,1,32,6,2198,2,8,-1,1,-1
2015100607915,2,9,0,3,0,0,0,0,0,0,2,1,6,2,41,7,1995,2,1,-1,2,-1
2015100608015,1,9,0,18,0,2,0,0,1,11,4,1,6,1,18,4,1360,1,10,-1,-1,-1
2015100608215,1,9,0,17,0,0,0,0,2,0,3,1,6,2,22,5,1242,1,11,-1,1,-1
2015100608415,1,9,0,18,0,0,0,0,0,0,1,1,6,1,-1,-1,-1,-1,-1,-1,1,-1
2015100608915,1,9,0,1,0,0,0,0,7,10,2,1,6,2,88,11,1240,1,11,-1,1,-1
2015100608915,2,9,0,2,0,0,0,0,0,0,0,1,6,1,61,9,1956,2,1,-1,2,-1
2015100609215,1,9,0,18,0,8,5,0,0,7,1,1,6,1,47,8,995,1,11,-1,1,-1
2015100609315,1,8,0,2,0,0,0,0,0,0,3,1,1,1,27,6,1968,2,7,-1,1,-1
2015100609315,2,1,0,18,0,0,0,0,0,0,1,1,1,1,34,6,-1,-1,-1,-1,1,-1
2015100610515,1,19,0,9,0,6,0,0,0,0,4,1,6,1,30,6,1399,2,6,-1,-1,-1
2015100610615,1,9,0,18,0,1,1,0,0,0,1,1,2,2,35,6,2179,2,8,-1,3,-1
2015100611015,1,9,0,13,0,1,0,0,0,0,4,1,6,3,-1,-1,-1,-1,-1,-1,-1,-1
2015100611015,2,90,0,17,0,1,0,0,0,0,3,1,6,1,22,5,-1,-1,-1,-1,2,-1
2015100611315,1,3,0,18,0,0,5,10,0,0,1,1,6,1,24,5,125,1,10,-1,1,-1
2015100612015,1,9,0,9,0,5,1,0,0,0,1,1,2,1,44,7,-1,-1,-1,-1,1,-1
2015100612215,1,9,0,18,0,0,2,0,7,11,2,1,6,2,36,7,1422,2,14,-1,3,-1
2015100613015,1,9,0,9,0,6,0,0,0,0,1,1,6,1,19,4,1984,1,-1,-1,1,-1