Accident_Index,Vehicle_Reference,Vehicle_Type,Towing_and_Articulation,Vehicle_Manoeuvre,Vehicle_Location-Restricted_Lane,Junction_Location,Skidding_and_Overturning,Hit_Object_in_Carriageway,Vehicle_Leaving_Carriageway,Hit_Object_off_Carriageway,1st_Point_of_Impact,Was_Vehicle_Left_Hand_Drive?,Journey_Purpose_of_Driver,Sex_of_Driver,Age_of_Driver,Age_Band_of_Driver,Engine_Capacity_(CC),Propulsion_Code,Age_of_Vehicle,Driver_IMD_Decile,Driver_Home_Area_Type,Vehicle_IMD_Decile
2015100645615,1,9,0,9,0,8,0,0,0,0,1,1,6,2,42,7,1798,1,2,-1,1,-1
2015100645615,2,9,0,18,0,8,0,0,0,0,3,1,6,2,49,8,1598,1,5,-1,1,-1
2015100645915,1,9,0,18,0,0,0,0,0,0,3,1,2,2,39,7,1560,2,5,-1,1,-1
2015100646315,1,9,0,9,0,5,0,0,0,0,4,1,1,1,32,6,-1,-1,-1,-1,1,-1
2015100646315,2,9,0,7,0,5,0,0,0,0,1,1,1,2,47,8,1598,1,11,-1,1,-1
2015100646615,1,9,0,7,0,5,0,0,0,0,1,1,6,1,-1,-1,1796,1,8,-1,1,-1
2015100646615,2,1,0,18,0,8,0,0,0,0,1,1,6,2,52,8,-1,-1,-1,-1,-1,-1
2015100647015,1,9,0,11,0,1,0,0,0,0,2,1,6,2,19,4,1198,1,1,-1,1,-1
2015100647015,2,11,0,18,0,1,0,0,0,0,1,1,1,1,34,6,6700,2,5,-1,2,-1
2015100647215,1,9,0,11,0,0,0,0,0,0,1,1,6,1,30,6,1896,2,13,-1,1,-1
2015100647215,2,9,0,18,0,0,0,0,1,0,2,1,6,2,52,8,1997,2,7,-1,1,-1
2015100647315,1,9,0,4,0,1,0,0,0,0,1,1,6,1,64,9,2720,2,10,-1,-1,-1
2015100647315,2,9,0,3,0,1,0,0,0,0,2,1,6,2,58,9,1461,2,1,-1,1,-1
2015100647415,1,11,0,2,0,0,0,0,0,0,4,1,1,1,60,9,9000,5,1,-1,1,-1
2015100647615,1,9,0,18,0,0,0,0,0,0,1,1,2,2,38,7,1598,1,14,-1,-1,-1
2015100647615,2,21,1,4,0,0,0,0,0,0,2,1,1,1,42,7,12419,2,2,-1,1,-1
2015100647715,1,9,0,18,0,8,5,0,1,0,3,1,6,1,24,5,1896,2,18,-1,1,-1
2015100648115,1,1,0,18,0,1,0,0,0,0,4,1,1,1,33,6,-1,-1,-1,-1,1,-1
2015100648115,2,9,0,4,0,1,0,0,0,0,1,1,6,1,38,7,-1,-1,-1,-1,-1,-1
2015100648315,1,9,0,18,0,2,0,0,0,0,4,1,1,1,63,9,1984,1,1,-1,-1,-1
2015100648415,1,9,0,18,0,2,5,7,0,2,1,1,6,1,29,6,1598,2,3,-1,1,-1
2015100648615,1,9,0,18,0,0,0,0,7,2,4,1,2,1,26,6,1896,2,14,-1,1,-1
2015100648615,2,21,0,18,0,0,0,0,0,0,2,1,1,1,40,7,7201,2,1,-1,1,-1
2015100648615,3,9,0,18,0,0,0,0,0,0,1,1,2,1,50,8,-1,-1,-1,-1,1,-1
2015100648915,1,9,0,18,0,0,0,0,0,0,3,1,6,1,59,9,-1,-1,-1,-1,1,-1
2015100649015,1,9,0,11,0,1,0,0,0,0,0,1,6,2,60,9,1598,1,8,-1,1,-1
2015100649015,2,9,0,18,0,1,0,0,1,0,4,1,6,2,59,9,1560,2,-1,-1,1,-1
2015100649315,1,9,0,16,0,1,0,0,0,0,1,1,6,1,49,8,2148,2,9,-1,2,-1
2015100649315,2,9,0,10,0,1,0,0,0,0,2,1,6,1,72,10,1461,2,2,-1,1,-1
2015100649315,3,19,0,17,0,1,0,0,0,0,3,1,1,1,50,8,4461,2,7,-1,1,-1
2015100649615,1,11,0,5,0,0,0,0,0,0,0,1,6,1,46,8,9000,5,1,-1,1,-1
2015100649815,1,9,0,5,0,1,0,0,0,0,4,1,1,2,74,10,1796,1,10,-1,1,-1
2015100649815,2,21,0,18,0,1,0,0,0,0,3,1,1,1,53,8,10518,2,7,-1,1,-1
2015100649815,3,9,0,2,0,2,0,0,0,0,3,1,6,1,77,11,1388,1,13,-1,1,-1
2015100649915,1,9,0,9,0,5,1,0,0,11,3,1,6,2,19,4,1242,1,5,-1,2,-1
2015100650015,1,9,0,4,0,1,0,0,0,0,1,1,6,1,27,6,1499,2,-1,-1,1,-1
2015100650215,1,19,0,1,0,0,0,0,0,0,2,1,1,1,60,9,1461,2,2,-1,2,-1
2015100650415,1,9,0,5,0,0,0,0,0,0,2,1,1,1,68,10,1248,2,8,-1,3,-1
2015100650615,1,9,0,16,0,0,2,0,2,4,1,1,6,1,21,5,1149,1,11,-1,-1,-1
2015100650715,1,9,0,18,0,1,0,0,0,0,1,1,6,1,51,8,-1,-1,-1,-1,1,-1
2015100650715,2,9,0,3,0,1,0,0,0,0,2,1,6,1,20,4,1200,1,2,-1,-1,-1
2015100650815,1,9,0,18,0,2,0,0,0,0,1,1,6,3,-1,-1,-1,-1,-1,-1,-1,-1
2015100651415,1,9,0,4,0,0,0,0,0,0,4,1,3,2,42,7,-1,-1,-1,-1,1,-1
2015100651615,1,9,0,18,0,0,0,0,0,0,0,1,6,3,-1,-1,-1,-1,-1,-1,-1,-1
2015100651615,2,5,0,18,0,0,0,0,0,0,4,1,2,1,36,7,-1,-1,-1,-1,-1,-1
2015100651815,1,9,0,18,0,2,0,0,0,0,1,1,6,3,-1,-1,1461,2,5,-1,-1,-1
2015100652015,1,19,0,10,0,1,0,0,0,0,1,1,6,1,51,8,1998,2,12,-1,1,-1
2015100652015,2,9,0,10,0,1,0,0,0,0,2,1,6,1,36,7,1242,1,16,-1,1,-1
2015100652315,1,11,0,18,0,1,0,0,0,0,1,1,1,1,52,8,9000,2,8,-1,-1,-1
2015100652515,1,9,0,4,0,0,0,0,0,0,1,1,6,1,18,4,1229,1,5,-1,1,-1
2015100652515,2,9,0,4,0,0,0,0,0,0,2,1,6,2,26,6,1198,1,2,-1,1,-1
2015100652615,1,9,0,9,0,6,0,0,0,0,1,1,6,2,36,7,1796,1,15,-1,1,-1
2015100652615,2,3,0,9,0,5,0,0,0,0,3,1,2,1,46,8,-1,-1,-1,-1,1,-1
2015100652715,1,9,0,5,0,8,0,0,0,11,3,1,2,1,-1,-1,-1,-1,-1,-1,1,-1
2015100652715,2,9,0,18,0,8,0,0,0,11,4,1,2,2,37,7,1910,2,9,-1,1,-1
2015100652915,1,9,0,9,0,5,0,0,0,0,1,1,6,1,62,9,1590,1,11,-1,1,-1
2015100652915,2,4,0,18,0,8,0,0,0,0,1,1,6,1,26,6,599,1,15,-1,1,-1
2015100653015,1,10,0,18,0,2,0,0,0,0,4,1,6,1,42,7,2100,2,11,-1,1,-1
2015100653215,1,9,0,17,0,1,1,0,1,3,1,1,6,2,19,4,-1,-1,-1,-1,3,-1
2015100653415,1,8,0,9,0,8,0,0,0,0,1,1,1,1,30,6,1685,2,1,-1,1,-1
2015100653415,2,1,0,18,0,8,0,0,0,0,4,1,2,1,21,5,-1,-1,-1,-1,-1,-1
2015100653615,1,9,0,6,0,0,0,0,0,0,2,1,6,2,24,5,1598,2,4,-1,1,-1
2015100653615,2,3,0,18,0,0,5,0,0,0,1,1,6,1,32,6,-1,-1,-1,-1,1,-1
2015100653715,1,9,0,9,0,6,0,0,0,0,1,1,6,2,59,9,1108,1,8,-1,2,-1
2015100653715,2,3,0,18,0,8,0,0,0,0,3,1,2,1,18,4,-1,-1,-1,-1,1,-1
2015100653915,1,9,0,18,0,1,0,0,0,0,1,1,6,3,-1,-1,-1,-1,-1,-1,-1,-1
2015100653915,2,9,0,3,0,1,0,0,0,0,2,1,2,1,24,5,1229,1,8,-1,1,-1
2015100654015,1,9,0,16,0,0,1,0,0,0,4,1,6,2,26,6,1390,1,4,-1,2,-1
2015100654015,2,20,0,17,0,0,0,0,0,0,3,1,6,1,62,9,2287,2,7,-1,-1,-1
2015100654115,1,9,0,18,0,1,0,10,0,0,1,1,6,3,-1,-1,1461,2,-1,-1,-1,-1
2015100654115,2,9,0,2,0,1,0,0,0,0,3,1,6,1,76,11,1596,1,7,-1,1,-1
2015100655015,1,9,0,11,0,1,0,0,0,0,1,1,6,1,23,5,1998,1,6,-1,1,-1
2015100655015,2,9,0,4,0,1,0,0,0,0,2,1,6,1,20,4,1995,1,4,-1,1,-1
2015100655015,3,19,0,4,0,1,0,0,0,0,2,1,6,1,37,7,1598,2,3,-1,-1,-1
2015100655215,1,19,0,5,0,1,0,0,0,0,1,1,1,1,34,6,1560,2,-1,-1,1,-1
2015100655215,2,19,0,3,0,1,0,0,0,0,2,1,1,1,58,9,2198,2,5,-1,2,-1
2015100655415,1,9,0,18,0,0,0,0,0,0,1,1,6,1,34,6,1590,1,10,-1,1,-1
2015100655415,2,9,0,4,0,0,0,0,0,0,2,1,6,2,41,7,1242,1,-1,-1,1,-1
2015100655415,3,9,0,4,0,0,0,0,0,0,2,1,6,2,46,8,2400,2,-1,-1,1,-1
2015100655515,1,9,0,18,0,0,0,0,0,0,4,1,2,1,48,8,-1,-1,-1,-1,1,-1
2015100656115,1,9,0,18,0,1,0,0,0,0,1,1,6,3,-1,-1,993,1,14,-1,-1,-1
2015100656115,2,9,0,3,0,1,0,0,0,0,2,1,6,2,32,6,1997,2,11,-1,2,-1
2015100656415,1,9,0,5,0,0,0,0,0,0,1,1,1,1,46,8,1896,2,10,-1,1,-1
2015100656415,2,9,0,3,0,0,0,0,0,0,2,1,6,2,64,9,998,1,13,-1,1,-1
2015100656415,3,9,0,3,0,0,0,0,0,0,2,1,6,1,61,9,1560,2,7,-1,1,-1
2015100657215,1,11,0,18,0,1,0,0,0,0,4,1,1,1,57,9,6871,2,6,-1,1,-1
2015100658015,1,3,0,17,0,0,1,0,0,0,4,1,1,1,24,5,-1,-1,-1,-1,2,-1
2015100659015,1,1,0,17,0,0,0,6,1,10,1,1,6,1,30,6,-1,-1,-1,-1,1,-1
2015100659215,1,9,0,16,0,1,2,0,7,0,3,1,1,2,35,6,1328,1,4,-1,3,-1
2015100659315,1,9,0,9,0,6,0,0,0,0,1,1,6,1,30,6,-1,-1,-1,-1,1,-1
2015100659315,2,3,0,18,0,8,1,0,0,0,1,1,6,1,17,4,125,1,9,-1,1,-1
2015100659415,1,21,0,18,0,1,0,0,0,0,1,1,1,1,25,5,-1,-1,-1,-1,1,-1
2015100659415,2,20,0,4,0,1,0,0,0,0,2,1,6,1,50,8,2402,2,9,-1,1,-1
2015100659815,1,9,0,18,0,1,0,0,0,0,1,1,6,1,24,5,2993,2,7,-1,1,-1
2015100659815,2,9,0,3,0,1,0,0,0,0,2,1,1,1,59,9,1984,2,2,-1,1,-1
2015100660015,1,9,0,18,0,4,0,0,0,0,3,1,6,1,73,10,1598,1,16,-1,1,-1
2015100660015,2,19,0,18,0,4,0,0,0,0,1,1,2,1,46,8,1560,2,4,-1,1,-1
2015100660115,1,9,0,18,0,1,0,0,0,0,1,1,2,2,57,9,-1,-1,-1,-1,1,-1
2015100660115,2,9,0,4,0,1,0,0,0,0,2,1,6,2,65,9,1386,1,2,-1,1,-1
2015100660915,1,9,0,18,0,4,0,0,0,0,1,1,6,1,58,9,1999,1,9,-1,-1,-1
2015100660915,2,1,0,18,0,8,0,0,0,0,4,1,6,1,35,6,-1,-1,-1,-1,1,-1
2015100661215,1,9,0,11,0,1,1,10,1,0,1,1,6,3,-1,-1,1587,1,12,-1,-1,-1
2015100661215,2,9,0,18,0,1,1,10,8,10,2,1,2,1,38,7,1390,1,15,-1,1,-1
2015100661615,1,9,0,18,0,8,0,0,0,0,1,1,6,1,23,5,1149,1,13,-1,1,-1
2015100661715,1,9,0,17,0,0,2,0,1,4,1,1,6,2,20,4,1896,2,11,-1,1,-1
2015100662115,1,9,0,1,0,0,0,0,0,0,2,1,6,1,25,5,1796,1,6,-1,1,-1
2015100662315,1,9,0,18,0,8,0,0,0,0,3,1,6,2,38,7,1997,1,11,-1,1,-1
2015100662515,1,9,0,11,0,1,0,0,0,0,4,1,6,3,-1,-1,-1,-1,-1,-1,-1,-1
2015100662515,2,11,0,18,0,1,0,0,0,0,3,1,1,1,50,8,9000,2,11,-1,1,-1
2015100662715,1,9,0,18,0,0,0,0,0,0,1,1,2,2,35,6,1956,2,-1,-1,2,-1
2015100662715,2,1,0,18,0,0,0,0,0,0,1,1,2,1,39,7,-1,-1,-1,-1,1,-1
2015100663115,1,9,0,13,0,0,0,0,0,0,4,1,6,3,-1,-1,-1,-1,-1,-1,-1,-1
2015100663115,2,1,0,18,0,0,0,10,0,0,3,1,2,1,32,6,-1,-1,-1,-1,1,-1
2015100663415,1,9,0,9,0,6,0,0,0,0,1,1,1,1,44,7,1995,1,14,-1,1,-1
2015100663415,2,1,0,9,0,5,0,0,0,0,2,1,6,2,36,7,-1,-1,-1,-1,3,-1
2015100663515,1,9,0,18,0,1,0,0,7,0,1,1,6,1,60,9,998,1,8,-1,-1,-1
2015100663515,2,9,0,3,0,1,0,0,0,0,2,1,1,1,29,6,1995,2,-1,-1,-1,-1
2015100663615,1,19,0,17,0,0,1,0,0,0,1,1,1,1,48,8,1598,2,1,-1,2,-1
2015100663615,2,9,0,16,0,0,1,0,0,0,1,1,1,1,37,7,2953,2,11,-1,2,-1
2015100663715,1,1,0,18,0,0,0,0,0,0,1,1,6,3,-1,-1,-1,-1,-1,-1,-1,-1
2015100664015,1,5,0,15,0,0,0,0,0,11,4,1,6,1,54,8,640,1,23,-1,1,-1
2015100664115,1,9,0,16,0,0,0,0,7,9,3,1,6,2,22,5,1197,1,-1,-1,2,-1
2015100664215,1,9,0,18,0,8,0,0,0,0,1,1,6,1,21,5,998,1,1,-1,-1,-1
2015100664215,2,9,0,18,0,8,0,0,0,0,1,1,6,2,44,7,1598,1,6,-1,-1,-1
2015100664415,1,9,0,18,0,0,0,4,0,0,1,1,6,1,59,9,973,1,13,-1,1,-1
2015100664415,2,9,0,2,0,0,0,0,0,11,3,1,6,3,-1,-1,998,1,4,-1,1,-1
2015100664515,1,19,0,17,0,0,2,0,7,4,4,1,1,1,26,6,2143,2,3,-1,1,-1
2015100664615,1,9,0,11,0,0,0,0,0,0,2,1,2,1,22,5,1596,1,3,-1,1,-1
2015100664615,2,9,0,18,0,0,0,0,0,0,1,1,2,2,33,6,1998,1,7,-1,1,-1
2015100664615,3,9,0,4,0,0,0,0,0,0,4,1,2,2,38,7,1248,2,9,-1,1,-1
2015100664715,1,9,0,9,0,5,0,0,0,0,4,1,6,2,45,7,1461,2,6,-1,1,-1
2015100664715,2,5,0,18,0,8,1,0,0,0,1,1,6,1,56,9,865,1,9,-1,2,-1
2015100664715,3,5,0,18,0,1,1,0,1,0,1,1,6,1,39,7,599,1,13,-1,1,-1
2015100664815,1,9,0,9,0,6,0,0,7,0,1,1,2,1,67,10,1995,1,1,-1,3,-1
2015100664815,2,9,0,9,0,6,0,0,7,11,4,1,2,2,53,8,998,1,9,-1,1,-1
2015100664915,1,21,5,11,0,1,0,0,0,0,4,1,1,1,50,8,12130,2,19,-1,1,-1
2015100664915,2,9,0,18,0,1,0,0,1,0,3,1,6,2,32,6,1598,2,2,-1,1,-1
2015100665015,1,1,0,18,0,8,0,0,0,0,3,1,6,1,26,6,-1,-1,-1,-1,1,-1
2015100665015,2,19,0,18,0,8,0,0,0,0,1,1,6,1,24,5,-1,-1,-1,-1,1,-1
2015100665815,1,9,0,5,0,2,0,0,0,0,3,1,2,2,64,9,998,1,12,-1,1,-1
2015100666115,1,9,0,4,0,0,0,0,0,1,0,1,6,3,-1,-1,-1,-1,-1,-1,-1,-1
2015100666515,1,19,0,1,0,8,0,0,0,0,0,1,6,3,-1,-1,-1,-1,-1,-1,-1,-1
2015100667415,1,9,0,18,0,8,0,0,0,0,1,1,6,1,64,9,1560,2,1,-1,1,-1
2015100667415,2,9,0,2,0,8,0,0,0,0,2,1,6,2,50,8,1296,1,8,-1,2,-1
2015100668015,1,9,0,5,0,0,0,0,0,0,3,1,6,1,56,9,1994,2,12,-1,-1,-1
2015100668015,2,9,0,18,0,0,0,0,0,0,4,1,6,1,41,7,1997,2,9,-1,1,-1
2015100668115,1,9,0,9,0,6,0,0,0,0,1,1,6,2,22,5,1598,1,2,-1,1,-1
2015100668115,2,9,0,18,0,8,0,0,0,0,4,1,6,2,63,9,998,1,14,-1,1,-1
2015100668215,1,9,0,18,0,1,0,0,0,0,1,1,2,2,24,5,998,1,7,-1,2,-1
2015100668215,2,9,0,3,0,1,0,0,0,0,2,1,6,2,48,8,1598,1,10,-1,2,-1
2015100668315,1,19,0,9,0,6,0,0,0,0,3,1,6,1,70,10,2143,2,3,-1,-1,-1
2015100668315,2,9,0,18,0,8,0,0,0,0,1,1,6,2,23,5,1796,1,12,-1,3,-1
2015100668615,1,9,0,5,0,0,0,0,0,0,1,1,6,3,-1,-1,1560,2,9,-1,-1,-1
2015100668715,1,9,0,9,0,6,0,0,0,0,0,1,6,3,-1,-1,1796,1,5,-1,-1,-1
2015100668715,2,11,0,18,0,8,0,0,0,0,0,1,1,1,49,8,3900,2,10,-1,1,-1
2015100669815,1,9,0,5,0,0,0,0,0,0,0,1,6,3,-1,-1,-1,-1,-1,-1,-1,-1
2015100669815,2,3,0,18,0,0,0,0,0,0,4,1,6,1,35,6,125,1,3,-1,-1,-1
2015100670015,1,5,0,18,0,0,0,0,0,0,1,1,6,1,46,8,650,1,18,-1,-1,-1
2015100670215,1,9,0,18,0,1,0,0,0,0,1,1,6,2,36,7,1781,1,10,-1,1,-1
2015100670215,2,9,0,4,0,1,0,0,0,0,2,1,2,2,24,5,1496,2,1,-1,1,-1
2015100670515,1,19,0,18,0,0,0,0,0,0,1,1,6,1,24,5,2148,2,6,-1,1,-1
2015100670515,2,9,0,18,0,0,0,0,0,0,2,1,6,2,57,9,998,1,9,-1,-1,-1
2015100670515,3,9,0,18,0,0,0,0,0,0,3,1,6,1,-1,-1,-1,-1,-1,-1,2,-1
2015100670515,4,19,0,18,0,0,0,0,0,0,2,1,6,1,51,8,-1,-1,-1,-1,1,-1
2015100670515,5,9,0,18,0,0,0,0,0,0,2,1,6,1,28,6,999,1,1,-1,1,-1
2015100671015,1,9,0,18,0,0,1,0,0,7,1,1,6,1,32,6,1587,1,10,-1,1,-1
2015100671315,1,9,0,18,0,1,0,0,0,0,1,1,6,1,39,7,2993,2,8,-1,1,-1
2015100671315,2,9,0,3,0,1,0,0,0,0,2,1,6,1,52,8,998,1,5,-1,1,-1
2015100671315,3,9,0,3,0,1,0,0,0,0,2,1,6,1,46,8,1995,2,7,-1,-1,-1
2015100671315,4,9,0,3,0,1,0,0,0,0,2,1,6,2,77,11,-1,-1,-1,-1,1,-1
2015100671715,1,9,0,1,0,1,0,0,0,0,2,1,6,2,53,8,2204,2,9,-1,3,-1
2015100671815,1,20,0,7,0,6,0,0,0,0,1,1,2,1,33,6,-1,2,12,-1,-1,-1
2015100671815,2,9,0,9,0,5,0,0,0,0,3,1,6,2,49,8,1198,1,7,-1,-1,-1
2015100672215,1,9,0,12,0,1,0,0,0,0,2,1,6,2,82,11,1339,1,12,-1,1,-1
2015100672215,2,5,0,18,0,1,2,0,4,0,1,1,6,1,23,5,645,1,16,-1,3,-1
2015100673515,1,9,0,10,0,1,0,0,0,0,1,1,6,2,33,6,1587,1,8,-1,1,-1
2015100673515,2,9,0,9,0,6,0,0,0,0,1,1,6,1,51,8,1896,2,13,-1,1,-1
2015100673615,1,9,0,18,0,0,0,0,0,0,1,1,6,1,27,6,1389,1,15,-1,2,-1
2015100673615,2,9,0,18,0,0,0,0,0,0,2,1,6,1,40,7,1461,2,1,-1,1,-1
2015100673715,1,9,0,18,0,6,0,0,0,0,1,1,6,1,18,4,1332,1,9,-1,3,-1
2015100673715,2,9,0,18,0,8,0,0,0,0,4,1,6,1,56,9,1596,1,10,-1,1,-1
2015100673915,1,21,0,18,0,0,0,0,0,0,3,1,1,3,-1,-1,-1,-1,-1,-1,-1,-1
2015100673915,2,9,0,18,0,0,0,0,0,0,3,1,6,2,61,9,1399,2,6,-1,1,-1
2015100674015,1,3,0,18,0,1,0,0,0,0,3,1,6,1,25,5,125,1,9,-1,1,-1
2015100674015,2,9,0,9,0,6,0,0,0,0,1,1,6,2,29,6,1386,1,5,-1,1,-1
2015100674215,1,9,0,18,0,1,0,0,0,0,4,1,6,2,30,6,1229,1,6,-1,1,-1
2015100674815,1,9,0,18,0,0,0,0,0,0,1,1,1,1,52,8,1910,2,7,-1,2,-1
2015100674815,2,9,0,3,0,0,0,0,0,0,2,1,2,1,37,7,1995,2,9,-1,1,-1
2015100675115,1,9,0,7,0,8,0,0,0,0,1,1,6,1,44,7,-1,-1,-1,-1,1,-1
2015100675115,2,9,0,9,0,8,0,0,0,0,1,1,6,1,21,5,1197,1,4,-1,1,-1
2015100675315,1,8,0,1,0,1,0,0,0,0,3,1,6,1,28,6,1968,2,-1,-1,1,-1
2015100675815,1,9,0,18,0,0,0,0,7,11,1,1,6,1,24,5,1392,1,19,-1,-1,-1
2015100675815,2,9,0,2,0,0,0,0,0,0,2,1,6,3,-1,-1,1596,1,9,-1,-1,-1
2015100676015,1,1,0,9,0,8,5,0,0,0,3,1,2,1,55,8,-1,-1,-1,-1,1,-1
2015100676015,2,9,0,7,0,3,0,0,0,0,4,1,2,2,54,8,1598,1,1,-1,1,-1
2015100676515,1,9,0,18,0,0,0,0,0,0,1,1,6,2,36,7,1968,2,8,-1,1,-1
2015100677115,1,9,0,18,0,8,0,0,0,0,1,1,6,3,-1,-1,1390,1,5,-1,-1,-1
2015100677115,2,9,0,2,0,8,0,0,0,0,2,1,6,1,53,8,1995,2,9,-1,1,-1
2015100677215,1,9,0,18,0,0,1,0,1,4,1,1,1,1,22,5,1149,1,13,-1,2,-1
2015100677315,1,9,0,5,0,0,0,0,3,0,1,1,6,3,-1,-1,-1,-1,-1,-1,-1,-1
2015100677615,1,9,0,9,0,5,0,0,0,0,1,1,6,2,30,6,1198,1,4,-1,1,-1
2015100677615,2,9,0,18,0,8,0,0,0,0,1,1,6,1,81,11,998,1,11,-1,1,-1
2015100677715,1,9,0,4,0,0,1,0,0,0,1,1,6,1,71,10,1400,1,10,-1,1,-1
2015100677715,2,9,0,3,0,0,0,0,0,0,2,1,6,2,48,8,2401,2,12,-1,1,-1
2015100678215,1,9,0,18,0,1,0,0,0,0,1,1,3,2,29,6,1396,1,14,-1,1,-1
2015100678715,1,11,0,5,0,0,0,0,0,0,0,1,1,1,48,8,6700,2,4,-1,-1,-1
2015100678915,1,11,0,7,0,6,0,0,0,0,4,1,1,1,63,9,4461,2,2,-1,1,-1
2015100679215,1,9,0,1,0,0,0,0,0,0,2,1,6,1,23,5,1399,2,13,-1,1,-1
2015100679215,2,9,0,3,0,0,0,0,0,0,1,1,6,1,22,5,1781,1,11,-1,-1,-1
2015100679315,1,9,0,17,0,0,2,0,0,0,4,1,6,1,18,4,999,1,11,-1,3,-1
2015100679515,1,9,0,18,0,0,2,10,8,11,1,1,6,2,33,6,1560,2,11,-1,1,-1
2015100679715,1,9,0,18,0,1,0,0,0,0,3,1,1,1,-1,-1,2199,2,4,-1,-1,-1
2015100679915,1,9,0,18,0,0,0,0,0,0,1,1,6,1,21,5,1364,1,1,-1,1,-1
2015100679915,2,9,0,4,0,0,0,0,0,0,2,1,6,1,22,5,-1,-1,-1,-1,1,-1
2015100680215,1,9,0,18,0,0,0,0,0,0,4,1,1,1,56,9,1597,2,-1,-1,1,-1
2015100680315,1,21,0,17,0,8,0,0,0,0,1,1,6,2,43,7,7698,2,-1,-1,1,-1
2015100680315,2,9,0,17,0,4,0,0,0,0,3,1,6,1,33,6,993,1,12,-1,1,-1
2015100680615,1,9,0,5,0,2,0,0,0,0,1,1,6,2,35,6,1242,1,2,-1,-1,-1
2015100681215,1,9,0,5,0,8,0,0,0,0,0,1,6,3,-1,-1,-1,-1,-1,-1,-1,-1
2015100681215,2,3,0,5,0,8,0,0,0,0,0,1,2,1,31,6,102,1,9,-1,1,-1
2015100681515,1,11,0,4,0,1,0,0,0,0,0,1,1,1,36,7,8970,2,12,-1,1,-1
2015100681715,1,9,0,17,0,0,0,0,0,0,1,1,6,1,-1,-1,1796,1,13,-1,1,-1
2015100681715,2,9,0,17,0,0,0,0,0,0,2,1,6,1,29,6,1582,2,3,-1,1,-1
2015100681915,1,9,0,18,0,1,0,0,0,0,1,1,6,2,19,4,1242,1,6,-1,1,-1
2015100681915,2,9,0,3,0,1,0,0,0,0,1,1,1,1,44,7,2231,2,5,-1,1,-1
2015100682215,1,9,0,18,0,3,0,0,0,0,1,1,2,1,34,6,1598,1,4,-1,1,-1
2015100683315,1,11,0,5,0,1,0,0,0,0,0,1,1,1,-1,-1,-1,-1,-1,-1,1,-1
2015100683315,2,9,0,13,0,1,0,0,0,0,0,1,6,1,33,6,-1,-1,-1,-1,1,-1
2015100683415,1,20,0,18,0,1,0,0,0,0,1,1,6,3,-1,-1,-1,-1,-1,-1,-1,-1
2015100683815,1,9,0,18,0,1,0,0,0,0,1,1,6,1,29,6,1995,1,10,-1,1,-1
2015100683815,2,9,0,10,0,5,0,0,0,0,2,1,6,1,30,6,1968,2,-1,-1,1,-1
2015100684015,1,9,0,9,0,5,1,0,0,0,1,1,6,1,23,5,1461,2,6,-1,-1,-1
2015100684015,2,9,0,18,0,8,0,0,0,0,1,1,6,2,47,8,998,1,11,-1,-1,-1
2015100684415,1,5,0,4,0,1,0,0,0,0,1,1,2,1,28,6,649,1,6,-1,2,-1
2015100684615,1,9,0,4,0,8,0,0,0,0,1,1,6,2,33,6,1199,1,12,-1,1,-1
2015100684615,2,9,0,18,0,8,0,0,1,9,3,1,6,1,51,8,1248,2,4,-1,1,-1
2015100684715,1,5,0,4,0,0,1,0,0,0,4,1,6,1,38,7,650,1,7,-1,2,-1
2015100684815,1,1,0,5,0,8,0,0,0,0,1,1,6,1,20,4,-1,-1,-1,-1,1,-1
2015100684815,2,9,0,18,0,8,0,0,0,0,1,1,2,2,43,7,1398,1,2,-1,-1,-1
2015100685215,1,9,0,18,0,1,1,0,0,0,1,1,2,1,27,6,998,1,2,-1,1,-1
2015100685215,2,9,0,3,0,1,0,0,0,0,2,1,2,1,37,7,2183,2,4,-1,1,-1
2015100685315,1,9,0,9,0,8,0,0,0,0,1,1,6,2,24,5,1329,1,6,-1,1,-1
2015100685315,2,8,0,18,0,8,0,0,0,0,1,1,1,1,42,7,1968,2,5,-1,-1,-1
2015100685615,1,21,0,18,0,0,0,0,0,0,1,1,1,2,36,7,7790,2,7,-1,1,-1
2015100685615,2,9,0,18,0,0,0,0,0,0,2,1,2,1,44,7,1596,1,13,-1,1,-1
2015100686115,1,9,0,18,0,1,0,0,0,0,1,1,6,2,20,4,1242,1,3,-1,1,-1
2015100686115,2,9,0,3,0,1,0,0,0,0,2,1,6,2,20,4,1248,2,3,-1,-1,-1
2015100686715,1,9,0,18,0,2,0,0,0,0,1,1,6,2,24,5,1998,1,7,-1,2,-1
2015100686715,2,9,0,4,0,2,0,0,0,0,2,1,6,2,42,7,1995,2,13,-1,2,-1
2015100686815,1,11,0,16,0,4,0,0,0,0,0,1,1,1,56,9,9600,2,15,-1,1,-1
2015100687315,1,9,0,9,0,5,0,0,0,0,1,1,6,2,27,6,1596,1,7,-1,1,-1
2015100687315,2,9,0,18,0,1,0,0,0,0,1,1,6,1,59,9,1389,1,13,-1,1,-1
2015100687415,1,9,0,5,0,0,0,0,0,0,1,1,6,1,68,10,1956,2,-1,-1,1,-1