Accident_Index,Vehicle_Reference,Vehicle_Type,Towing_and_Articulation,Vehicle_Manoeuvre,Vehicle_Location-Restricted_Lane,Junction_Location,Skidding_and_Overturning,Hit_Object_in_Carriageway,Vehicle_Leaving_Carriageway,Hit_Object_off_Carriageway,1st_Point_of_Impact,Was_Vehicle_Left_Hand_Drive?,Journey_Purpose_of_Driver,Sex_of_Driver,Age_of_Driver,Age_Band_of_Driver,Engine_Capacity_(CC),Propulsion_Code,Age_of_Vehicle,Driver_IMD_Decile,Driver_Home_Area_Type,Vehicle_IMD_Decile
2015100794815,1,9,0,18,0,1,0,0,0,0,1,1,6,2,29,6,1598,1,9,-1,1,-1
2015100794815,2,9,0,4,0,1,0,0,0,0,2,1,6,1,66,10,1200,1,2,-1,1,-1
2015100794815,3,19,0,9,0,2,0,0,0,0,0,1,1,2,46,8,-1,-1,-1,-1,1,-1
2015100794915,1,9,0,11,0,0,0,0,0,0,4,1,1,1,21,5,1229,1,7,-1,1,-1
2015100794915,2,9,0,18,0,0,0,0,1,1,3,1,6,1,66,10,1997,2,10,-1,1,-1
2015100795215,1,9,0,9,0,6,0,0,0,0,0,1,6,3,-1,-1,-1,-1,-1,-1,-1,-1
2015100795215,2,9,0,18,0,1,1,0,8,2,1,1,6,1,21,5,1968,2,-1,-1,1,-1
2015100795315,1,19,0,18,0,0,0,0,0,0,1,1,2,1,62,9,2464,2,9,-1,1,-1
2015100795315,2,9,0,3,0,0,0,0,0,0,2,1,2,1,29,6,1586,1,6,-1,1,-1
2015100795315,3,9,0,3,0,0,0,0,0,0,2,1,2,1,25,5,1496,2,-1,-1,2,-1
2015100795315,4,9,0,3,0,0,0,0,0,0,2,1,2,2,-1,-1,1796,1,3,-1,1,-1
2015100795515,1,9,0,18,0,8,0,0,0,0,1,1,6,3,-1,-1,1560,2,4,-1,-1,-1
2015100795515,2,9,0,9,0,8,0,0,0,0,4,1,6,1,35,6,1248,1,4,-1,1,-1
2015100795715,1,9,0,18,0,0,0,0,0,0,4,1,6,1,18,4,1242,1,8,-1,1,-1
2015100795915,1,9,0,18,0,1,1,0,0,0,1,1,6,1,51,8,1198,1,3,-1,1,-1
2015100795915,2,9,0,3,0,1,0,0,0,0,2,1,6,2,60,9,1461,2,-1,-1,3,-1
2015100796515,1,9,0,1,0,5,0,0,0,0,2,1,6,1,47,8,1968,2,4,-1,3,-1
2015100796515,2,9,0,3,0,1,0,0,0,0,1,1,6,2,59,9,1686,2,10,-1,1,-1
2015100796715,1,9,0,17,0,0,0,0,1,11,1,1,6,1,19,4,998,1,5,-1,1,-1
2015100796715,2,9,0,16,0,0,0,0,0,0,3,1,6,2,31,6,1984,1,5,-1,1,-1
2015100796915,1,9,0,7,0,6,0,0,0,0,1,1,1,2,34,6,999,1,1,-1,3,-1
2015100796915,2,9,0,17,0,8,0,0,0,0,4,1,2,2,51,8,1596,1,2,-1,1,-1
2015100796915,3,21,0,2,0,2,0,0,0,0,0,1,1,1,28,6,5480,2,13,-1,2,-1
2015100797315,1,9,0,18,0,8,0,0,0,0,3,1,6,2,52,8,1199,1,15,-1,1,-1
2015100797715,1,9,0,18,0,8,0,0,7,0,3,1,6,2,66,10,2687,1,9,-1,1,-1
2015100797715,2,9,0,18,0,3,0,10,1,9,4,1,6,1,48,8,1598,1,6,-1,1,-1
2015100797915,1,9,0,18,0,0,0,0,0,0,4,1,6,1,44,7,1995,2,2,-1,3,-1
2015100798415,1,9,0,5,0,1,0,0,0,0,1,1,6,1,50,8,1598,1,9,-1,1,-1
2015100798415,2,9,0,3,0,1,0,0,0,0,2,1,6,2,46,8,1598,1,2,-1,-1,-1
2015100798615,1,9,0,18,0,0,1,0,7,7,1,1,2,2,60,9,1242,1,3,-1,2,-1
2015100798715,1,9,0,18,0,8,0,0,0,0,1,1,6,1,26,6,1997,1,11,-1,2,-1
2015100798715,2,9,0,18,0,8,0,0,0,0,4,1,6,1,18,4,1149,1,9,-1,1,-1
2015100799015,1,9,0,9,0,6,0,0,0,0,1,1,3,2,49,8,-1,-1,-1,-1,1,-1
2015100799015,2,1,0,18,0,8,0,0,0,0,1,1,1,1,34,6,-1,-1,-1,-1,1,-1
2015100799315,1,9,0,18,0,1,0,0,0,0,1,1,6,1,55,8,2184,2,12,-1,1,-1
2015100799315,2,9,0,4,0,1,0,0,0,0,2,1,6,2,53,8,998,1,2,-1,1,-1
2015100799515,1,9,0,18,0,1,0,0,0,0,1,1,6,1,33,6,1986,2,8,-1,1,-1
2015100800015,1,9,0,18,0,8,0,0,0,0,1,1,6,2,56,9,1910,2,7,-1,1,-1
2015100800015,2,1,0,18,0,8,0,0,0,0,1,1,6,1,33,6,-1,-1,-1,-1,1,-1
2015100800315,1,9,0,18,0,0,0,0,0,0,4,1,6,3,-1,-1,-1,-1,-1,-1,-1,-1
2015100801015,1,19,0,15,0,1,0,0,0,0,4,1,6,1,-1,-1,1996,2,4,-1,1,-1
2015100801015,2,1,0,18,0,1,0,0,0,0,3,1,2,1,44,7,-1,-1,-1,-1,1,-1
2015100801115,1,11,0,5,0,0,0,0,0,0,0,1,1,2,55,8,9000,5,1,-1,1,-1
2015100801315,1,9,0,18,0,8,0,0,0,0,1,1,6,2,32,6,1386,1,6,-1,1,-1
2015100801315,2,9,0,9,0,8,0,0,0,0,1,1,6,1,28,6,1461,2,1,-1,1,-1
2015100801415,1,9,0,18,0,0,0,0,0,0,3,1,6,1,36,7,1968,2,7,-1,1,-1
2015100801415,2,9,0,18,0,0,1,0,0,0,3,1,2,1,25,5,1598,1,10,-1,1,-1
2015100801615,1,9,0,4,0,1,0,0,0,0,1,1,6,2,33,6,2000,1,15,-1,1,-1
2015100801615,2,9,0,10,0,1,0,0,0,0,2,1,6,1,38,7,2143,2,6,-1,3,-1
2015100801715,1,1,0,18,6,6,0,0,0,0,1,1,6,1,12,3,-1,-1,-1,-1,1,-1
2015100801715,2,9,0,18,0,3,0,0,0,0,1,1,6,2,49,8,1596,1,6,-1,1,-1
2015100801815,1,9,0,9,0,6,0,0,0,0,1,1,6,2,55,8,1490,1,9,-1,1,-1
2015100802015,1,9,0,18,0,8,0,0,3,0,1,1,6,2,42,7,998,1,14,-1,1,-1
2015100802015,2,9,0,18,0,8,0,0,7,11,1,1,6,1,60,9,1598,2,3,-1,-1,-1
2015100802215,1,9,0,18,0,1,0,0,0,0,1,1,6,3,-1,-1,-1,-1,-1,-1,-1,-1
2015100802215,2,9,0,3,0,1,0,0,0,0,2,1,1,1,34,6,1328,1,7,-1,1,-1
2015100802315,1,9,0,18,0,8,0,0,0,0,3,1,6,3,-1,-1,1396,1,15,-1,-1,-1
2015100802315,2,9,0,18,0,8,0,0,0,0,1,1,1,1,41,7,1910,2,8,-1,1,-1
2015100802715,1,9,0,18,0,6,0,0,0,0,1,1,6,1,19,4,1199,1,11,-1,-1,-1
2015100802715,2,9,0,7,0,5,0,0,0,0,3,1,6,1,25,5,1248,2,1,-1,-1,-1
2015100803715,1,19,0,4,0,1,0,0,0,0,1,1,1,1,60,9,-1,-1,-1,-1,1,-1
2015100803715,2,9,0,2,0,1,0,0,0,0,2,1,6,1,41,7,1870,2,10,-1,1,-1
2015100803815,1,3,0,18,0,8,0,0,0,0,1,1,6,1,37,7,124,1,12,-1,1,-1
2015100804415,1,9,0,6,0,8,0,0,0,0,3,1,6,1,56,9,1995,2,2,-1,1,-1
2015100804415,2,9,0,18,0,8,1,0,0,0,1,1,6,1,23,5,1956,2,-1,-1,1,-1
2015100804415,3,9,0,2,0,2,0,0,0,0,3,1,6,1,60,9,1596,1,9,-1,1,-1
2015100804615,1,9,0,4,0,1,0,0,0,0,1,1,6,1,27,6,1896,2,13,-1,1,-1
2015100804615,2,9,0,3,0,1,0,0,0,0,2,1,6,2,60,9,1395,1,-1,-1,1,-1
2015100805015,1,9,0,18,0,8,0,0,0,0,1,1,6,3,-1,-1,-1,-1,-1,-1,-1,-1
2015100805015,2,9,0,18,0,8,0,0,0,0,4,1,1,1,24,5,1149,1,12,-1,1,-1
2015100805615,1,9,0,2,0,1,0,0,0,0,0,1,1,1,25,5,1584,1,9,-1,1,-1
2015100805615,2,9,0,18,0,1,1,10,1,0,1,1,6,1,47,8,1388,1,10,-1,1,-1
2015100806215,1,9,0,9,0,4,0,0,0,0,1,1,6,1,69,10,2401,2,12,-1,1,-1
2015100806215,2,9,0,18,0,8,1,0,0,0,4,1,1,1,65,9,2199,2,6,-1,2,-1
2015100806315,1,9,0,18,0,1,0,0,0,0,1,1,1,2,24,5,1496,2,-1,-1,1,-1
2015100806315,2,9,0,3,0,1,0,0,0,0,2,1,6,2,38,7,-1,-1,-1,-1,2,-1
2015100806515,1,9,0,18,0,0,0,0,0,0,1,1,6,1,26,6,1390,1,11,-1,1,-1
2015100806715,1,9,0,16,0,0,2,10,0,0,1,1,2,2,44,7,998,1,10,-1,2,-1
2015100807215,1,9,0,1,0,6,0,0,0,0,2,1,6,2,67,10,-1,-1,-1,-1,1,-1
2015100807215,2,22,0,18,0,8,0,0,0,0,1,1,6,3,-1,-1,-1,-1,-1,-1,1,-1
2015100807415,1,9,0,9,0,6,0,0,0,0,1,1,6,1,-1,-1,2171,1,12,-1,2,-1
2015100807415,2,9,0,18,0,1,0,0,0,0,1,1,1,1,26,6,1796,1,8,-1,1,-1
2015100808215,1,9,0,18,0,0,0,0,0,0,1,1,6,1,31,6,1995,2,13,-1,1,-1
2015100808215,2,9,0,4,0,0,0,0,0,0,2,1,6,1,27,6,1587,1,7,-1,1,-1
2015100808315,1,9,0,5,0,0,0,0,0,0,1,1,6,1,23,5,1124,1,10,-1,1,-1
2015100808415,1,9,0,9,0,6,0,0,0,0,3,1,1,1,42,7,898,1,-1,-1,1,-1
2015100808415,2,9,0,18,0,8,0,0,1,0,1,1,6,1,77,11,1988,1,15,-1,2,-1
2015100808515,1,9,0,5,0,1,0,0,0,0,1,1,6,1,46,8,2993,2,5,-1,1,-1
2015100808515,2,9,0,3,0,1,0,0,0,0,2,1,6,1,34,6,1686,2,2,-1,1,-1
2015100809015,1,9,0,18,0,1,0,0,0,0,1,1,6,1,59,9,-1,-1,-1,-1,2,-1
2015100809415,1,9,0,5,0,2,0,0,0,0,1,1,6,1,78,11,1461,2,-1,-1,1,-1
2015100810015,1,19,0,18,0,1,0,0,0,0,1,1,1,1,36,7,2143,2,2,-1,1,-1
2015100810015,2,9,0,3,0,1,0,0,0,0,2,1,1,1,31,6,1956,2,-1,-1,-1,-1
2015100810115,1,21,0,9,0,5,0,0,0,0,1,1,1,1,39,7,12580,2,9,-1,2,-1
2015100810115,2,2,0,18,0,8,0,0,0,0,1,1,6,2,22,5,49,1,4,-1,1,-1
2015100810215,1,9,0,18,0,0,2,0,8,4,1,1,6,1,25,5,1229,1,10,-1,-1,-1
2015100810315,1,3,0,18,0,0,1,11,1,0,1,1,6,1,52,8,125,1,1,-1,1,-1
2015100810415,1,9,0,18,0,0,0,0,0,0,1,1,6,1,20,4,1595,1,13,-1,2,-1
2015100810415,2,9,0,18,0,0,0,0,0,0,1,1,6,1,19,4,799,2,5,-1,1,-1
2015100810515,1,9,0,18,0,0,1,0,1,4,1,1,6,2,35,6,1149,1,8,-1,2,-1
2015100810615,1,9,0,18,0,8,0,0,0,0,4,1,6,1,17,4,973,1,14,-1,2,-1
2015100810615,2,9,0,18,0,8,0,0,0,0,1,1,6,1,76,11,998,1,-1,-1,2,-1
2015100810815,1,9,0,16,0,0,1,0,7,0,1,1,6,1,17,4,1796,1,12,-1,1,-1
2015100810915,1,9,0,18,0,8,0,0,0,0,1,1,6,2,29,6,1686,2,3,-1,1,-1
2015100810915,2,9,0,18,0,8,0,4,1,11,4,1,6,1,26,6,-1,-1,-1,-1,1,-1
2015100810915,3,9,0,2,0,2,0,4,1,0,1,1,6,1,48,8,1995,1,13,-1,1,-1
2015100810915,4,9,0,2,0,2,0,0,0,0,1,1,6,1,38,7,1399,1,7,-1,1,-1
2015100811215,1,9,0,18,0,0,0,0,0,0,1,1,6,2,26,6,1598,1,3,-1,1,-1
2015100811215,2,9,0,18,0,0,0,0,0,0,1,1,6,1,27,6,1398,1,2,-1,1,-1
2015100811215,3,9,0,4,0,0,0,0,0,0,2,1,6,1,47,8,3628,2,8,-1,1,-1
2015100811215,4,9,0,4,0,0,0,0,0,0,2,1,6,1,29,6,1995,2,-1,-1,1,-1
2015100811315,1,9,0,18,0,0,0,0,0,0,1,1,6,1,46,8,1596,1,12,-1,1,-1
2015100811315,2,9,0,18,0,0,0,0,0,0,1,1,1,1,50,8,1870,2,9,-1,1,-1
2015100811915,1,9,0,18,0,0,0,0,0,0,1,1,6,1,22,5,1490,1,7,-1,1,-1
2015100812215,1,19,0,18,0,0,0,0,0,0,1,1,6,1,46,8,2198,2,7,-1,1,-1
2015100812215,2,9,0,18,0,0,0,0,0,0,1,1,6,1,38,7,1560,2,4,-1,1,-1
2015100812415,1,9,0,18,0,2,0,0,0,10,1,1,6,1,22,5,1998,2,10,-1,1,-1
2015100812415,2,5,0,7,0,6,0,0,0,0,2,1,6,1,31,6,124,1,1,-1,1,-1
2015100812415,3,9,0,18,0,2,0,0,0,0,0,1,1,1,51,8,1248,2,1,-1,-1,-1
2015100812715,1,21,0,11,0,1,0,0,0,0,1,1,1,1,68,10,9200,2,6,-1,3,-1
2015100812715,2,9,0,17,0,1,0,0,0,0,3,1,2,1,36,7,1598,1,7,-1,1,-1
2015100812815,1,9,0,12,0,6,0,0,0,0,3,1,6,1,-1,-1,1956,2,3,-1,-1,-1
2015100812815,2,9,0,18,0,1,0,0,0,0,4,1,6,1,50,8,1995,2,7,-1,-1,-1
2015100813115,1,9,0,18,0,1,0,0,0,0,1,1,6,3,-1,-1,-1,-1,-1,-1,-1,-1
2015100813115,2,9,0,3,0,1,0,0,0,0,2,1,6,2,22,5,-1,-1,-1,-1,1,-1
2015100813315,1,9,0,9,0,6,0,0,0,0,1,1,6,2,26,6,1598,1,1,-1,1,-1
2015100813315,2,3,0,18,0,1,0,0,0,0,1,1,6,1,26,6,124,1,13,-1,1,-1
2015100813715,1,9,0,18,0,0,1,0,0,0,1,1,6,1,76,11,1461,2,1,-1,1,-1
2015100813715,2,1,0,12,0,0,0,0,0,0,1,1,6,1,74,10,-1,-1,-1,-1,1,-1
2015100813815,1,19,0,2,0,1,0,0,0,0,0,1,6,1,53,8,1995,2,1,-1,1,-1
2015100813815,2,11,0,6,0,1,0,0,0,0,0,1,1,1,51,8,-1,2,15,-1,1,-1
2015100814015,1,8,0,17,0,8,1,0,0,0,1,1,1,1,38,7,1910,2,7,-1,1,-1
2015100814215,1,9,0,18,0,1,0,0,0,0,1,1,6,3,-1,-1,-1,-1,-1,-1,-1,-1
2015100814215,2,9,0,3,0,1,0,0,0,0,2,1,6,1,46,8,2460,2,9,-1,1,-1
2015100814515,1,9,0,18,0,0,0,0,0,0,4,1,1,1,47,8,1598,2,2,-1,1,-1
2015100815015,1,9,0,16,0,0,0,0,0,0,1,1,6,3,-1,-1,-1,-1,-1,-1,-1,-1
2015100815015,2,1,0,17,0,0,0,0,0,0,1,1,1,1,24,5,-1,-1,-1,-1,1,-1
2015100815515,1,9,0,18,0,0,0,0,0,0,1,1,6,3,-1,-1,-1,-1,-1,-1,-1,-1
2015100816015,1,9,0,18,0,0,0,0,0,0,4,1,1,1,55,8,1598,2,2,-1,1,-1
2015100816815,1,9,0,4,0,0,1,0,0,0,1,1,6,2,23,5,-1,-1,-1,-1,-1,-1
2015100816815,2,9,0,3,0,0,0,0,0,0,2,2,6,1,50,8,-1,-1,-1,-1,3,-1
2015100817215,1,9,0,11,0,0,0,0,0,0,4,1,6,2,21,5,998,1,8,-1,1,-1
2015100817215,2,11,0,18,0,0,0,0,0,0,3,1,2,1,50,8,6692,2,6,-1,-1,-1
2015100817215,3,9,0,18,0,0,0,0,0,0,4,1,6,2,61,9,1995,2,8,-1,1,-1
2015100817615,1,9,0,18,0,2,1,10,1,2,1,1,6,1,18,4,1360,1,13,-1,-1,-1
2015100817715,1,9,0,18,0,0,0,0,0,0,1,1,6,2,79,11,1598,1,11,-1,1,-1
2015100817715,2,9,0,18,0,0,0,0,0,0,1,1,6,1,36,7,-1,-1,-1,-1,1,-1
2015100818215,1,9,0,18,0,4,0,0,0,0,3,1,6,1,-1,-1,1997,2,6,-1,-1,-1
2015100818215,2,1,0,9,0,8,0,0,0,0,1,1,2,1,44,7,-1,-1,-1,-1,-1,-1
2015100818315,1,9,0,9,0,5,0,0,0,0,4,1,1,1,29,6,1968,2,3,-1,1,-1
2015100818315,2,9,0,18,0,8,0,0,0,0,1,1,2,1,23,5,1242,1,4,-1,-1,-1
2015100818615,1,5,0,18,0,0,0,10,4,6,4,1,6,1,44,7,750,1,1,-1,2,-1
2015100818615,2,5,0,18,0,0,5,0,0,0,2,1,6,1,29,6,599,1,16,-1,1,-1
2015100819615,1,11,0,18,0,2,0,0,0,0,0,1,1,1,46,8,4500,2,4,-1,1,-1
2015100819715,1,9,0,18,0,0,1,0,0,0,1,1,1,2,22,5,1398,1,-1,-1,-1,-1
2015100819715,2,9,0,3,0,0,0,0,0,0,2,1,1,1,22,5,1956,2,-1,-1,1,-1
2015100820115,1,9,0,18,0,1,1,0,0,0,1,1,6,2,25,5,998,1,-1,-1,1,-1
2015100820115,2,9,0,3,0,1,0,0,0,0,2,1,1,1,47,8,1560,2,4,-1,1,-1
2015100820215,1,11,0,18,0,8,0,0,0,0,0,1,6,1,57,9,4500,2,4,-1,1,-1
2015100820715,1,9,0,9,0,5,0,0,0,0,1,1,6,1,18,4,1124,1,14,-1,1,-1
2015100820715,2,9,0,18,0,8,0,0,0,0,1,1,6,1,31,6,1910,2,8,-1,2,-1
2015100820815,1,9,0,18,0,0,0,0,0,0,1,1,6,1,40,7,1596,1,10,-1,1,-1
2015100820815,2,9,0,3,0,0,0,0,0,0,2,1,6,2,59,9,1150,1,9,-1,1,-1
2015100820815,3,9,0,3,0,0,0,0,0,0,4,1,6,1,21,5,1995,1,8,-1,1,-1
2015100821315,1,9,0,4,0,0,0,0,0,0,1,1,6,2,42,7,1200,1,1,-1,1,-1
2015100821315,2,9,0,4,0,0,0,0,0,0,2,1,6,1,72,10,1796,2,2,-1,1,-1
2015100821415,1,3,0,4,0,4,1,0,0,0,0,1,6,1,54,8,124,1,11,-1,1,-1
2015100821615,1,9,0,9,0,5,0,0,0,0,4,1,6,1,44,7,1360,1,6,-1,3,-1
2015100821615,2,8,0,18,0,8,1,0,0,0,1,1,1,1,29,6,1968,2,-1,-1,-1,-1
2015100822115,1,9,0,9,0,4,0,0,0,0,1,1,6,2,49,8,1399,2,6,-1,1,-1
2015100822115,2,9,0,18,0,8,0,0,0,0,4,1,1,1,53,8,1598,2,3,-1,1,-1
2015100822815,1,9,0,18,0,1,1,0,1,2,1,1,1,2,51,8,1198,1,10,-1,1,-1
2015100823315,1,9,0,18,0,2,0,0,0,0,4,1,6,3,-1,-1,-1,-1,-1,-1,-1,-1
2015100823315,2,1,0,18,0,2,0,0,0,0,3,1,1,1,32,6,-1,-1,-1,-1,1,-1
2015100823815,1,9,0,11,0,0,0,0,0,0,1,1,6,1,75,10,1969,2,1,-1,-1,-1
2015100823815,2,9,0,18,0,0,0,0,0,0,3,1,1,1,57,9,1968,2,5,-1,1,-1
2015100824415,1,9,0,18,0,0,0,0,4,6,2,1,6,1,26,6,1422,2,12,-1,3,-1
2015100824515,1,19,0,12,0,0,0,0,0,0,3,1,1,1,29,6,1968,2,2,-1,1,-1
2015100824515,2,5,0,18,0,0,0,0,4,0,4,1,2,1,35,6,806,1,2,-1,1,-1
2015100825515,1,9,0,18,0,0,0,0,0,0,1,1,2,1,19,4,-1,-1,-1,-1,1,-1
2015100825515,2,9,0,4,0,0,0,0,0,0,2,1,6,2,37,7,1686,2,3,-1,1,-1
2015100825715,1,9,0,9,0,6,0,0,0,0,3,1,6,1,42,7,1796,1,14,-1,1,-1
2015100825715,2,3,0,18,0,8,0,0,0,0,1,1,2,1,20,4,125,1,3,-1,1,-1
2015100826115,1,9,0,18,0,0,1,0,2,11,4,1,6,1,38,7,1596,1,10,-1,1,-1
2015100826315,1,8,0,18,0,0,0,0,0,0,0,1,1,1,42,7,1596,1,10,-1,1,-1
2015100826615,1,9,0,18,0,1,0,0,0,0,0,1,6,3,-1,-1,-1,-1,-1,-1,-1,-1
2015100826615,2,11,1,18,0,1,0,0,0,0,0,1,3,1,61,9,14500,2,19,-1,1,-1
2015100827015,1,1,0,18,0,8,5,0,0,0,1,1,6,1,35,6,-1,-1,-1,-1,1,-1
2015100827015,2,9,0,9,0,5,0,0,0,0,4,1,6,1,62,9,1968,2,-1,-1,1,-1
2015100827515,1,90,0,18,0,1,0,0,0,0,0,1,6,3,-1,-1,-1,-1,-1,-1,-1,-1
2015100827515,2,9,0,3,0,1,0,0,0,0,2,1,6,2,18,4,1200,1,-1,-1,1,-1
2015100827515,3,9,0,18,0,1,0,0,0,0,1,1,6,1,28,6,1870,2,9,-1,1,-1
2015100827615,1,8,0,9,0,5,0,0,0,0,3,1,1,1,35,6,1896,2,15,-1,-1,-1
2015100827915,1,9,0,5,0,8,0,0,0,0,1,1,2,2,56,9,1598,1,6,-1,1,-1
2015100827915,2,1,0,18,0,8,0,0,0,0,4,1,2,1,39,7,-1,-1,-1,-1,1,-1
2015100828015,1,9,0,18,0,0,0,0,0,0,1,1,1,2,38,7,2967,2,1,-1,1,-1
2015100828115,1,9,0,1,0,1,0,0,0,0,2,1,6,3,-1,-1,1598,2,-1,-1,-1,-1
2015100828715,1,9,0,16,0,0,0,0,7,0,1,1,6,1,27,6,1149,1,14,-1,3,-1
2015100828715,2,19,0,17,0,0,0,0,1,0,1,1,6,1,59,9,2198,2,3,-1,2,-1
2015100829215,1,9,0,18,0,8,1,10,1,11,1,1,6,2,35,6,1242,1,12,-1,1,-1
2015100829515,1,11,0,7,0,5,0,0,0,0,0,1,1,1,50,8,6700,2,4,-1,1,-1
2015100829915,1,9,0,18,0,1,0,0,0,0,1,1,6,1,36,7,1396,1,13,-1,1,-1
2015100829915,2,9,0,3,0,1,0,0,0,0,2,1,6,1,24,5,1968,2,1,-1,1,-1
2015100830015,1,9,0,7,0,6,0,0,0,0,1,1,6,2,43,7,-1,-1,-1,-1,1,-1
2015100830015,2,1,0,18,0,8,0,0,0,0,1,1,6,1,70,10,-1,-1,-1,-1,1,-1
2015100830215,1,9,0,18,0,8,0,0,0,0,1,1,6,1,50,8,1783,1,13,-1,1,-1
2015100830215,2,1,0,18,0,8,0,0,0,0,4,1,6,1,44,7,-1,-1,-1,-1,1,-1
2015100830315,1,9,0,9,0,6,0,0,0,0,1,1,6,2,68,10,999,1,1,-1,1,-1
2015100830315,2,9,0,9,0,5,0,0,0,0,3,1,6,2,59,9,1198,1,2,-1,2,-1
2015100830515,1,9,0,6,0,0,0,0,0,0,3,1,1,1,56,9,-1,-1,-1,-1,1,-1
2015100830515,2,9,0,18,0,0,1,0,0,0,1,1,1,2,21,5,1499,2,-1,-1,1,-1
2015100830915,1,11,0,4,0,0,0,0,0,0,4,1,1,1,60,9,4500,2,4,-1,1,-1
2015100831415,1,9,0,18,0,8,0,0,1,0,1,1,1,1,46,8,1968,2,6,-1,1,-1
2015100831415,2,9,0,18,0,8,0,0,2,11,1,1,1,2,38,7,1596,1,8,-1,1,-1
2015100831415,3,9,0,2,0,8,0,0,0,0,2,1,6,2,31,6,1598,2,2,-1,1,-1
2015100832215,1,9,0,9,0,6,0,0,0,0,0,1,6,2,75,10,1497,1,9,-1,1,-1
2015100832215,2,9,0,18,0,1,0,0,1,0,1,1,6,1,59,9,2204,2,10,-1,1,-1
2015100832215,3,9,0,3,0,1,0,0,0,0,1,1,2,2,51,8,1834,1,10,-1,2,-1
2015100832215,4,19,0,3,0,1,0,0,0,0,1,1,2,1,43,7,1560,2,-1,-1,1,-1
2015100832715,1,9,0,9,0,5,0,0,0,0,0,1,6,3,-1,-1,-1,-1,-1,-1,-1,-1
2015100832715,2,11,0,17,0,1,0,0,0,0,0,1,6,1,56,9,6370,2,5,-1,-1,-1
2015100833015,1,9,0,5,0,6,0,10,3,2,1,1,1,1,50,8,2494,1,14,-1,-1,-1
2015100833015,2,9,0,18,0,8,0,0,0,0,1,1,3,1,73,10,1149,1,6,-1,2,-1
2015100834015,1,11,0,18,2,0,0,0,0,0,1,1,1,1,32,6,9000,2,8,-1,1,-1
2015100834115,1,9,0,9,0,5,1,0,1,0,3,1,6,2,56,9,1390,1,6,-1,2,-1
2015100834115,2,9,0,18,0,8,0,0,0,0,3,1,6,2,63,9,1968,2,7,-1,3,-1
2015100834315,1,9,0,18,0,4,0,0,0,0,1,1,6,2,37,7,1598,1,5,-1,1,-1
2015100834315,2,1,0,9,0,8,2,0,0,0,4,1,1,1,29,6,-1,-1,-1,-1,1,-1
2015100834415,1,1,0,18,0,0,0,0,0,0,1,1,6,1,46,8,-1,-1,-1,-1,1,-1
2015100834515,1,9,0,18,0,0,0,0,0,0,4,1,6,2,44,7,1689,2,14,-1,1,-1
2015100835715,1,9,0,13,0,0,0,0,0,0,0,1,6,1,54,8,1461,2,2,-1,1,-1
2015100835715,2,5,0,13,0,0,0,0,0,0,0,1,6,1,51,8,998,1,11,-1,1,-1
2015100836015,1,9,0,4,0,1,1,0,0,0,1,1,2,2,18,4,1240,1,12,-1,1,-1
2015100836015,2,9,0,3,0,1,0,0,0,0,2,1,6,1,56,9,1495,1,15,-1,1,-1
2015100836015,3,9,0,10,0,1,0,0,0,0,2,1,3,2,43,7,1998,1,10,-1,1,-1
2015100836215,1,9,0,18,0,0,0,0,0,0,4,1,6,2,85,11,1198,1,12,-1,1,-1
2015100836215,2,9,0,2,0,0,0,0,0,0,3,1,6,3,-1,-1,1598,1,12,-1,1,-1
2015100837315,1,11,0,5,0,0,0,0,0,0,0,1,1,1,47,8,-1,-1,-1,-1,1,-1
2015100837915,1,9,0,18,0,8,0,0,1,2,1,1,6,1,21,5,1995,1,7,-1,3,-1
2015100837915,2,9,0,10,0,1,0,0,0,0,3,1,1,1,54,8,1560,2,6,-1,1,-1
2015100838215,1,9,0,9,0,5,0,0,0,0,1,1,1,1,58,9,1997,2,8,-1,1,-1
2015100838415,1,9,0,7,0,5,0,0,1,10,1,1,6,2,61,9,2494,1,11,-1,1,-1
2015100838415,2,9,0,10,0,1,0,0,0,0,3,1,6,2,46,8,1956,2,-1,-1,-1,-1
2015100838515,1,9,0,18,0,3,0,0,0,0,3,1,6,2,20,4,1490,1,8,-1,1,-1
2015100838515,2,9,0,9,0,4,0,0,0,0,1,1,6,2,36,7,1199,2,4,-1,1,-1
2015100838615,1,9,0,18,0,0,0,0,0,0,1,1,6,1,54,8,1390,1,12,-1,1,-1
2015100838715,1,3,0,11,0,1,0,0,0,0,4,1,6,1,18,4,124,1,15,-1,-1,-1
2015100838715,2,5,0,18,0,1,0,0,0,0,3,1,6,1,43,7,645,1,12,-1,1,-1
2015100838815,1,9,0,18,0,0,2,0,1,0,4,1,6,1,46,8,2993,2,1,-1,1,-1
2015100838915,1,9,0,18,0,0,0,0,0,0,1,1,2,1,50,8,1149,1,5,-1,1,-1
2015100838915,2,9,0,3,0,0,0,0,0,0,2,1,2,1,49,8,1951,2,10,-1,1,-1
2015100839615,1,9,0,12,0,1,0,0,0,0,0,1,6,3,-1,-1,-1,-1,-1,-1,-1,-1
2015100839615,2,11,0,18,0,1,0,0,0,0,2,1,1,1,-1,-1,9600,2,15,-1,-1,-1