Accident_Index,Vehicle_Reference,Vehicle_Type,Towing_and_Articulation,Vehicle_Manoeuvre,Vehicle_Location-Restricted_Lane,Junction_Location,Skidding_and_Overturning,Hit_Object_in_Carriageway,Vehicle_Leaving_Carriageway,Hit_Object_off_Carriageway,1st_Point_of_Impact,Was_Vehicle_Left_Hand_Drive?,Journey_Purpose_of_Driver,Sex_of_Driver,Age_of_Driver,Age_Band_of_Driver,Engine_Capacity_(CC),Propulsion_Code,Age_of_Vehicle,Driver_IMD_Decile,Driver_Home_Area_Type,Vehicle_IMD_Decile
2015100839615,3,9,0,18,0,1,0,0,0,0,1,1,2,1,29,6,1198,1,5,-1,-1,-1
2015100840015,1,8,0,11,0,0,0,0,0,0,2,1,6,3,-1,-1,-1,-1,-1,-1,-1,-1
2015100840015,2,1,0,18,0,0,1,0,0,0,1,1,6,1,24,5,-1,-1,-1,-1,-1,-1
2015100840615,1,9,0,18,0,1,2,4,0,0,1,1,6,2,25,5,1149,1,10,-1,-1,-1
2015100840615,2,9,0,2,0,1,0,0,0,0,2,1,6,2,-1,-1,1598,1,14,-1,1,-1
2015100840915,1,9,0,18,0,0,0,0,0,0,1,1,1,2,47,8,1360,1,11,-1,1,-1
2015100840915,2,19,0,2,0,0,0,0,0,0,2,1,6,1,43,7,2477,2,9,-1,1,-1
2015100841315,1,9,0,9,0,5,0,0,0,0,1,1,6,1,31,6,1388,1,10,-1,1,-1
2015100841315,2,9,0,18,0,8,0,0,0,0,1,1,6,2,34,6,-1,-1,-1,-1,1,-1
2015100841515,1,9,0,18,0,0,0,0,0,0,1,1,6,1,51,8,-1,-1,-1,-1,2,-1
2015100841515,2,9,0,4,0,0,0,0,1,0,2,1,6,1,19,4,1229,1,4,-1,2,-1
2015100841515,3,9,0,2,0,0,0,0,0,0,0,1,6,2,27,6,1995,2,9,-1,3,-1
2015100841515,4,9,0,3,0,0,0,0,0,0,0,1,6,1,74,10,1360,1,5,-1,2,-1
2015100841615,1,8,0,18,0,0,0,0,0,0,3,1,1,1,38,7,1686,2,5,-1,1,-1
2015100841715,1,11,0,18,0,0,0,0,0,0,0,1,1,2,52,8,4500,2,4,-1,-1,-1
2015100842115,1,9,0,18,0,8,0,0,0,0,0,1,6,3,-1,-1,-1,-1,-1,-1,-1,-1
2015100842115,2,11,0,18,0,8,0,0,0,0,0,1,1,1,29,6,-1,2,14,-1,-1,-1
2015100842315,1,9,0,9,0,6,0,0,0,0,1,1,6,3,-1,-1,-1,-1,-1,-1,-1,-1
2015100842315,2,3,0,18,0,1,0,0,0,0,1,1,6,1,63,9,124,1,12,-1,1,-1
2015100842615,1,9,0,17,0,1,0,0,0,0,1,1,1,1,31,6,2143,2,2,-1,-1,-1
2015100842615,2,9,0,10,0,1,0,0,0,0,1,1,6,2,28,6,1242,1,13,-1,1,-1
201511ND00035,1,9,0,16,0,0,0,0,0,0,0,1,6,3,-1,-1,1299,1,8,-1,-1,-1
201511ND00035,2,9,0,17,0,0,5,0,1,4,4,1,1,2,18,4,1299,1,8,-1,1,-1
201511ND00675,1,9,0,12,0,0,0,0,0,0,3,1,1,2,30,6,1560,2,8,-1,1,-1
201511ND00675,2,8,0,13,0,0,0,0,7,0,4,1,3,2,25,5,1896,2,12,-1,3,-1
201511ND00705,1,9,0,7,0,8,0,0,0,0,1,1,6,3,-1,-1,-1,-1,-1,-1,-1,-1
201511ND00705,2,9,0,18,0,8,0,0,0,0,4,1,6,1,22,5,1984,1,1,-1,1,-1
201511ND00745,1,9,0,9,0,8,0,0,0,0,0,1,6,1,31,6,1396,1,12,-1,2,-1
201511ND00745,2,9,0,7,0,8,0,0,0,0,0,1,6,2,26,6,1598,1,8,-1,2,-1
201511ND00915,1,9,0,18,0,0,0,0,7,11,1,1,6,1,19,4,-1,-1,-1,-1,2,-1
201511ND01215,1,9,0,9,0,8,0,0,0,0,0,1,6,3,49,8,2231,2,9,-1,2,-1
201511ND01215,2,9,0,18,0,1,0,10,1,0,0,1,6,2,33,6,1461,2,11,-1,1,-1
201511ND01235,1,9,0,18,0,8,0,0,0,0,0,1,6,3,-1,-1,-1,-1,-1,-1,-1,-1
201511ND01235,2,11,0,3,0,8,0,0,0,0,0,1,1,1,-1,-1,4760,2,3,-1,2,-1
201511ND01265,1,9,0,3,0,1,0,0,0,0,1,1,2,2,-1,-1,1598,1,4,-1,2,-1
201511ND01265,2,9,0,3,0,1,0,0,0,0,2,1,2,1,33,6,1229,1,9,-1,3,-1
201511ND01275,1,9,0,18,0,0,0,0,0,0,1,1,1,1,19,4,1229,1,6,-1,2,-1
201511ND01275,2,9,0,3,0,0,0,0,0,0,2,1,6,1,65,9,1242,1,2,-1,2,-1
201511ND01275,3,9,0,3,0,0,0,0,0,0,2,1,6,1,43,7,1910,2,7,-1,1,-1
201511ND01365,1,9,0,11,0,4,0,0,0,0,0,1,6,2,-1,-1,1995,2,3,-1,1,-1
201511ND01365,2,9,0,17,0,4,0,10,0,0,0,1,6,1,47,8,1796,1,13,-1,1,-1
201511ND01415,1,9,0,18,0,8,1,0,0,0,1,1,1,1,48,8,1560,2,7,-1,2,-1
201511ND01415,2,9,0,18,0,8,0,0,0,0,1,1,1,2,20,4,1368,1,5,-1,2,-1
201511ND01425,1,9,0,15,0,1,0,0,0,0,1,1,6,2,40,7,-1,-1,-1,-1,2,-1
201511ND01425,2,9,0,9,0,2,0,0,0,0,1,1,6,2,70,10,1396,1,4,-1,2,-1
201511ND01535,1,9,0,18,0,0,0,0,0,0,1,1,6,2,25,5,1390,1,10,-1,1,-1
201511ND01535,2,9,0,2,0,0,0,0,0,0,2,1,6,3,60,9,-1,-1,-1,-1,2,-1
201511ND01975,1,9,0,18,0,4,0,0,0,0,1,1,6,2,19,4,1388,1,12,-1,2,-1
201511ND01975,2,9,0,9,0,8,0,0,0,0,3,1,6,1,38,7,-1,-1,-1,-1,3,-1
201511ND02115,1,9,0,18,9,0,0,0,1,0,4,1,6,3,47,8,1984,1,6,-1,2,-1
201511ND02185,1,9,0,17,0,0,1,0,7,0,1,1,1,1,25,5,-1,-1,-1,-1,-1,-1
201511ND02185,2,19,0,2,9,0,0,0,0,0,2,1,1,3,-1,-1,-1,-1,-1,-1,-1,-1
201511ND02295,1,9,0,7,0,1,0,0,0,0,1,1,6,3,-1,-1,-1,-1,-1,-1,-1,-1
201511ND02295,2,9,0,18,0,3,0,0,0,0,4,1,1,2,23,5,1242,1,8,-1,2,-1
201511ND02425,1,9,0,3,0,1,0,0,0,0,1,1,6,3,23,5,1461,2,8,-1,2,-1
201511ND02425,2,9,0,18,0,1,0,0,0,0,2,1,1,1,33,6,4799,1,9,-1,1,-1
201511ND02435,1,11,0,18,0,8,0,0,0,0,0,1,1,1,28,6,4760,2,3,-1,1,-1
201511ND03235,1,9,0,18,0,0,0,0,2,4,1,1,6,1,77,11,-1,-1,-1,-1,1,-1
201511ND03445,1,9,0,17,0,0,1,0,0,0,4,1,1,2,27,6,-1,-1,-1,-1,-1,-1
201511ND03445,2,19,0,18,0,0,0,0,0,0,3,1,1,1,53,8,2198,2,6,-1,1,-1
201511ND03685,1,9,0,17,0,2,0,0,0,0,1,1,6,2,22,5,1124,1,18,-1,2,-1
201511ND03685,2,9,0,18,0,1,0,0,0,0,1,1,6,2,75,10,-1,-1,-1,-1,1,-1
201511ND03695,1,9,0,9,0,8,0,0,0,0,1,1,1,1,37,7,1199,1,12,-1,2,-1
201511ND03695,2,1,0,18,0,8,0,0,0,0,1,1,6,2,31,6,-1,-1,-1,-1,1,-1
201511ND03855,1,19,0,11,0,0,0,0,0,0,4,1,6,1,68,10,1868,2,12,-1,1,-1
201511ND03855,2,1,0,18,0,0,0,0,0,0,2,1,6,2,21,5,-1,-1,-1,-1,1,-1
201511ND04105,1,9,0,12,0,2,0,0,0,0,4,1,6,2,79,11,1364,1,8,-1,1,-1
201511ND04105,2,9,0,18,0,2,0,0,1,7,3,1,1,1,29,6,-1,-1,-1,-1,1,-1
201511ND04165,1,9,0,18,0,1,0,0,0,0,1,1,6,3,-1,-1,-1,-1,-1,-1,-1,-1
201511ND04165,2,9,0,18,0,1,0,0,0,0,1,1,6,2,57,9,-1,-1,-1,-1,2,-1
201511ND04265,1,9,0,18,0,2,0,0,0,0,3,1,6,2,45,7,1598,2,4,-1,2,-1
201511ND04355,1,9,0,18,0,0,5,0,1,11,1,1,6,1,19,4,-1,-1,-1,-1,1,-1
201511ND04665,1,9,0,4,0,4,0,0,0,0,1,1,6,1,40,7,-1,-1,-1,-1,1,-1
201511ND04665,2,9,0,3,0,4,0,0,0,0,2,1,6,2,37,7,1598,1,10,-1,1,-1
201511ND04815,1,9,0,16,0,0,0,0,7,4,1,1,6,1,40,7,1998,1,10,-1,2,-1
201511ND04845,1,9,0,18,0,0,0,0,0,0,1,1,2,2,46,8,1598,1,1,-1,2,-1
201511ND04845,2,9,0,18,0,0,0,0,0,0,2,1,6,2,23,5,1124,1,10,-1,2,-1
201511ND04895,1,9,0,16,0,7,0,0,0,0,4,1,6,1,49,8,1360,1,12,-1,1,-1
201511ND04895,2,9,0,4,0,7,0,0,0,0,3,1,6,2,31,6,898,1,1,-1,2,-1
201511ND04925,1,9,0,18,0,1,0,0,0,0,1,1,2,1,53,8,1998,2,9,-1,1,-1
201511ND04925,2,9,0,3,0,1,0,0,0,0,2,1,2,1,49,8,1461,2,2,-1,1,-1
201511ND05155,1,97,0,18,0,1,1,0,0,0,1,1,6,1,34,6,-1,-1,-1,-1,1,-1
201511ND05155,2,9,0,10,0,8,0,0,0,0,2,1,6,2,33,6,1396,1,6,-1,2,-1
201511ND05375,1,11,0,3,0,1,0,0,0,0,0,1,1,1,50,8,7300,2,15,-1,3,-1
201511ND05545,1,1,0,18,0,8,0,0,0,0,0,1,6,1,25,5,-1,-1,-1,-1,2,-1
201511ND05545,2,9,0,18,0,3,0,0,0,0,1,1,1,2,31,6,1598,1,10,-1,2,-1
201511ND05575,1,19,0,18,0,0,0,0,0,6,3,1,2,1,57,9,-1,-1,-1,-1,1,-1
201511ND05885,1,9,0,18,0,0,0,0,0,0,2,1,2,1,36,7,1368,1,6,-1,2,-1
201511ND05885,2,9,0,18,0,0,0,0,0,0,1,1,2,2,23,5,1390,1,5,-1,-1,-1
201511ND05945,1,9,0,18,0,0,0,0,1,11,1,1,6,2,19,4,1229,1,8,-1,2,-1
201511ND05955,1,9,0,18,0,0,0,0,0,0,1,1,6,2,31,6,-1,-1,-1,-1,2,-1
201511ND05955,2,9,0,18,0,0,0,0,0,0,2,1,6,2,33,6,1396,1,6,-1,2,-1
201511ND05965,1,9,0,18,0,0,1,0,0,0,1,1,6,2,32,6,-1,-1,-1,-1,3,-1
201511ND05965,2,9,0,18,0,0,0,0,0,0,2,1,6,1,25,5,1390,1,5,-1,2,-1
201511ND06035,1,9,0,18,0,0,0,0,7,10,4,1,6,1,26,6,1596,1,16,-1,1,-1
201511ND06075,1,9,0,5,0,4,0,0,0,0,3,1,6,1,63,9,1242,1,-1,-1,3,-1
201511ND06075,2,1,0,18,0,4,0,0,0,0,1,1,6,1,45,7,-1,-1,-1,-1,2,-1
201511ND06495,1,9,0,12,0,0,0,0,0,0,3,1,6,1,47,8,1995,2,4,-1,1,-1
201511ND06495,2,9,0,13,0,0,0,0,4,6,1,1,6,1,48,8,1910,2,7,-1,1,-1
201511ND06555,1,11,0,18,0,0,0,0,0,0,0,1,1,1,66,10,6700,2,4,-1,1,-1
201511ND06565,1,9,0,18,0,3,0,0,1,7,4,1,6,1,21,5,-1,-1,-1,-1,2,-1
201511ND06575,1,9,0,18,0,0,0,0,0,0,3,1,6,1,33,6,1995,2,9,-1,1,-1
201511ND06775,1,9,0,11,0,8,0,0,0,0,4,1,6,1,56,9,1896,2,7,-1,2,-1
201511ND06775,2,9,0,18,0,8,0,0,0,0,3,1,6,2,37,7,1896,2,8,-1,2,-1
201511ND06905,1,9,0,18,0,2,0,0,0,0,3,1,6,1,20,4,1995,2,6,-1,1,-1
201511ND07015,1,9,0,18,0,8,0,0,0,0,1,1,6,2,70,10,1388,1,7,-1,3,-1
201511ND07015,2,9,0,18,0,8,0,0,0,0,2,1,6,2,35,6,1796,1,7,-1,1,-1
201511ND07185,1,9,0,18,0,0,0,0,0,0,4,1,6,2,41,7,1586,1,6,-1,2,-1
201511ND07245,1,9,0,18,0,0,0,0,0,0,1,1,2,1,42,7,1753,2,5,-1,2,-1
201511ND07245,2,9,0,18,0,0,0,0,0,0,1,1,2,1,54,8,1229,1,3,-1,2,-1
201511ND07455,1,9,0,9,0,8,0,0,1,11,4,1,6,2,27,6,1242,1,-1,-1,3,-1
201511ND07455,2,9,0,18,0,8,0,0,0,0,1,1,6,1,48,8,1968,2,2,-1,1,-1
201511ND07605,1,8,0,6,0,0,0,0,0,0,3,1,1,1,33,6,1896,2,9,-1,1,-1
201511ND07605,2,3,0,18,0,0,0,0,0,0,1,1,2,2,28,6,124,1,1,-1,2,-1
201511ND07965,1,9,0,18,0,0,2,0,4,6,1,1,6,1,31,6,2993,2,5,-1,2,-1
201511ND08135,1,9,0,1,0,1,0,10,0,0,2,1,6,2,62,9,1328,1,10,-1,2,-1
201511ND08255,1,9,0,16,0,3,1,0,7,4,1,1,6,2,17,4,1248,2,6,-1,1,-1
201511ND08295,1,9,0,18,0,0,0,0,0,0,1,1,6,1,25,5,1399,1,8,-1,1,-1
201511ND08325,1,19,0,18,0,0,0,0,0,0,4,1,1,1,53,8,1753,2,4,-1,1,-1
201511ND08365,1,1,0,18,0,0,0,0,0,0,2,1,6,1,13,3,-1,-1,-1,-1,2,-1
201511ND08365,2,9,0,18,0,0,0,0,0,0,1,1,1,1,51,8,1798,1,10,-1,2,-1
201511ND08405,1,9,0,18,0,8,0,0,0,0,1,1,6,1,33,6,1910,2,10,-1,2,-1
201511ND08405,2,9,0,18,0,8,0,0,0,0,4,1,2,2,58,9,1499,2,1,-1,3,-1
201511ND08655,1,9,0,18,0,0,1,0,0,0,4,1,6,1,-1,-1,-1,-1,-1,-1,3,-1
201511ND08655,2,9,0,18,0,0,0,0,0,0,1,1,6,2,34,6,1229,1,1,-1,1,-1
201511ND08685,1,9,0,18,0,1,0,0,0,0,1,1,6,1,61,9,898,1,-1,-1,2,-1
201511ND09025,1,9,0,18,0,2,0,0,0,0,1,1,2,1,19,4,1348,1,15,-1,2,-1
201511ND09025,2,9,0,18,0,2,0,0,0,0,2,1,6,2,22,5,1061,1,10,-1,3,-1
201511ND09025,3,19,0,18,0,2,0,0,0,0,2,1,6,1,36,7,-1,-1,-1,-1,2,-1
201511ND09065,1,9,0,18,0,0,0,10,0,0,1,1,6,1,29,6,2143,2,5,-1,2,-1
201511ND09065,2,9,0,18,0,0,0,0,0,0,1,1,6,1,65,9,2400,2,1,-1,2,-1
201511ND09075,1,9,0,18,0,1,0,0,0,0,1,1,6,2,45,7,1598,1,3,-1,2,-1
201511ND09075,2,9,0,3,0,1,0,0,0,0,2,1,6,2,38,7,998,1,3,-1,1,-1
201511ND09085,1,17,0,9,0,6,0,0,0,0,4,1,1,1,52,8,4000,2,2,-1,2,-1
201511ND09085,2,9,0,18,0,8,0,0,0,0,1,1,2,2,43,7,3189,1,8,-1,1,-1
201511ND09115,1,11,0,2,0,8,0,0,0,0,0,1,1,1,66,10,6692,2,6,-1,1,-1
201511ND09205,1,97,0,18,0,0,0,2,0,0,1,1,6,2,32,6,49,1,2,-1,1,-1
201511ND09215,1,9,0,1,0,0,0,0,0,0,2,1,6,3,56,9,1956,2,1,-1,3,-1
201511ND09215,2,9,0,2,0,0,0,0,0,0,2,1,6,2,58,9,1984,1,9,-1,1,-1
201511ND09385,1,9,0,18,0,4,0,0,0,0,1,1,2,2,65,9,1200,1,3,-1,2,-1
201511ND09385,2,1,0,18,0,8,0,0,0,0,4,1,2,1,44,7,-1,-1,-1,-1,1,-1
201511ND09445,1,9,0,9,0,8,0,0,0,0,3,1,6,2,42,7,1968,2,3,-1,1,-1
201511ND09445,2,9,0,18,0,8,0,0,0,0,4,1,6,2,42,7,1398,2,9,-1,2,-1
201511ND09485,1,9,0,5,0,0,1,4,7,0,3,1,1,1,36,7,1461,2,-1,-1,1,-1
201511ND09485,2,9,0,18,0,0,0,0,0,0,2,1,6,1,39,7,1910,2,7,-1,2,-1
201511ND09485,3,9,0,2,0,0,0,0,0,0,3,1,6,1,69,10,1586,1,1,-1,2,-1
201511ND09485,4,9,0,2,0,0,0,0,0,0,4,1,6,2,28,6,1461,2,7,-1,2,-1
201511ND09785,1,9,0,11,0,3,0,0,0,0,4,1,6,1,72,10,4163,1,11,-1,3,-1
201511ND09785,2,9,0,18,0,8,0,0,2,4,1,1,6,2,66,10,1398,1,3,-1,2,-1
201511ND09805,1,9,0,9,0,8,0,0,0,0,4,1,6,1,23,5,1598,1,10,-1,1,-1
201511ND09805,2,9,0,5,0,8,0,0,0,0,1,1,6,1,39,7,1997,1,3,-1,1,-1
201511ND09855,1,9,0,9,0,6,0,0,0,0,1,1,6,1,44,7,1595,1,9,-1,2,-1
201511ND09855,2,5,0,18,0,1,0,0,0,0,4,1,6,1,47,8,-1,-1,-1,-1,1,-1
201511ND09885,1,21,1,18,0,0,1,0,0,0,1,1,1,1,29,6,-1,-1,-1,-1,-1,-1
201511ND10175,1,9,0,18,0,0,0,0,0,0,1,1,6,1,22,5,-1,-1,-1,-1,3,-1
201511ND10175,2,9,0,2,0,0,0,0,0,0,2,1,2,2,53,8,1198,1,1,-1,2,-1
201511ND10235,1,9,0,18,0,1,0,0,0,0,1,1,6,1,-1,-1,-1,-1,-1,-1,3,-1
201511ND10235,2,19,0,7,0,1,0,0,0,0,2,1,1,1,41,7,2143,2,4,-1,1,-1
201511ND10535,1,11,0,9,0,8,0,0,0,0,0,1,1,2,-1,-1,-1,-1,-1,-1,-1,-1
201511ND10805,1,3,0,18,0,1,0,0,0,0,1,1,6,1,54,8,124,1,2,-1,2,-1
201511ND10805,2,17,4,9,0,1,0,0,0,0,3,1,1,1,26,6,-1,2,9,-1,2,-1
201511ND10825,1,9,0,18,0,0,0,0,0,0,4,1,6,1,63,9,1124,1,14,-1,1,-1
201511ND10825,2,1,0,18,0,0,0,0,0,0,2,1,6,1,51,8,-1,-1,-1,-1,1,-1
201511ND10895,1,9,0,18,0,1,0,0,0,0,3,1,6,1,33,6,1896,2,11,-1,2,-1
201511ND10895,2,9,0,18,0,1,0,0,0,0,3,1,6,1,59,9,2402,2,7,-1,2,-1
201511ND10965,1,9,0,18,0,1,0,0,0,0,1,1,1,1,33,6,1229,1,2,-1,2,-1
201511ND11005,1,9,0,18,0,8,0,0,0,0,1,1,1,1,42,7,1796,1,6,-1,1,-1
201511ND11005,2,9,0,9,0,8,0,0,0,0,3,1,1,1,47,8,1493,1,18,-1,2,-1
201511ND11025,1,5,0,15,2,1,1,0,0,0,1,1,1,1,45,7,919,1,12,-1,2,-1
201511ND11025,2,9,0,7,0,1,0,0,0,0,4,1,6,2,38,7,1461,2,-1,-1,2,-1
201511ND11265,1,1,0,18,0,2,0,0,0,0,1,1,6,1,25,5,-1,-1,-1,-1,1,-1
201511ND11265,2,9,0,18,0,2,0,0,0,0,2,1,6,1,48,8,2179,2,7,-1,1,-1
201511ND11345,1,9,0,18,0,1,0,0,0,0,1,1,6,1,50,8,1598,1,10,-1,1,-1
201511ND11345,2,9,0,18,0,1,0,0,0,0,2,1,6,1,51,8,1956,2,1,-1,2,-1
201511ND11545,1,11,0,16,0,0,0,0,0,0,1,1,1,1,33,6,4500,2,5,-1,1,-1
201511ND11545,2,5,0,17,0,0,0,0,0,0,1,1,1,1,56,9,1084,1,21,-1,2,-1
201511ND11555,1,19,0,18,0,0,0,2,0,0,1,1,1,1,49,8,-1,-1,-1,-1,2,-1
201511ND11575,1,9,0,16,0,0,1,0,0,0,1,1,6,1,41,7,-1,-1,-1,-1,2,-1
201511ND11575,2,9,0,17,0,0,1,0,0,0,1,1,6,2,45,7,2401,2,12,-1,3,-1
201511ND12025,1,9,0,9,0,1,0,0,0,0,1,1,6,2,57,9,1968,2,8,-1,2,-1
201511ND12025,2,3,0,13,0,1,0,0,0,0,1,1,6,1,34,6,750,1,3,-1,1,-1
201511ND12235,1,9,0,18,0,6,0,0,3,4,4,1,6,1,22,5,1896,2,15,-1,2,-1
201511ND12675,1,9,0,9,0,6,0,0,0,0,3,1,6,2,63,9,1995,1,4,-1,3,-1
201511ND12675,2,9,0,18,0,8,0,0,0,0,1,1,2,1,41,7,2993,2,4,-1,3,-1
201511ND12725,1,9,0,9,0,8,0,0,0,0,1,1,6,2,69,10,1086,1,4,-1,2,-1
201511ND12725,2,19,0,18,0,8,0,0,0,0,1,1,1,1,49,8,2402,2,4,-1,2,-1
201511ND12745,1,9,0,18,0,8,0,0,0,0,1,1,6,2,40,7,1753,2,9,-1,1,-1
201511ND12745,2,9,0,3,0,8,0,0,0,0,2,1,6,1,30,6,1595,1,14,-1,1,-1
201511ND12745,3,9,0,3,0,8,0,0,0,0,2,1,6,2,27,6,1248,2,11,-1,1,-1
201511ND12755,1,9,0,16,0,0,0,0,0,0,3,1,6,1,29,6,1896,2,9,-1,2,-1
201511ND12755,2,9,0,17,0,0,0,0,0,0,3,1,3,1,28,6,1598,2,4,-1,1,-1
201511ND12765,1,9,0,18,0,0,0,0,0,0,4,1,6,2,29,6,1995,2,1,-1,1,-1
201511ND12905,1,9,0,18,0,1,0,0,0,0,4,1,6,3,-1,-1,-1,-1,-1,-1,-1,-1
201511ND12965,1,9,0,7,0,1,0,0,0,0,1,1,6,1,-1,-1,1461,2,5,-1,2,-1
201511ND12965,2,97,0,7,0,1,0,0,0,0,2,1,1,2,22,5,49,1,1,-1,2,-1
201511ND12975,1,9,0,18,0,0,0,0,0,0,1,1,6,1,-1,-1,1968,2,1,-1,1,-1
201511ND12975,2,9,0,4,0,0,0,0,0,0,2,1,6,1,23,5,1240,1,12,-1,2,-1
201511ND13015,1,19,0,9,0,8,0,0,0,0,3,2,6,1,49,8,-1,-1,-1,-1,-1,-1
201511ND13015,2,9,0,9,0,8,0,0,0,0,4,1,1,2,19,4,1618,1,2,-1,3,-1
201511ND13035,1,9,0,9,0,6,0,0,0,0,3,1,6,1,73,10,1498,1,-1,-1,1,-1
201511ND13035,2,9,0,18,0,1,1,0,0,0,1,1,6,2,23,5,1497,1,12,-1,1,-1
201511ND13555,1,9,0,18,0,0,0,0,1,0,1,1,6,2,49,8,1388,1,8,-1,2,-1
201511ND13555,2,9,0,3,0,0,0,0,0,0,2,1,6,1,30,6,1968,2,11,-1,1,-1
201511ND13555,3,9,0,3,0,0,0,0,0,0,2,1,6,1,65,9,1997,2,8,-1,3,-1
201511ND13575,1,8,0,18,0,1,0,0,0,0,1,1,1,1,33,6,1968,2,2,-1,1,-1
201511ND13635,1,1,0,18,0,8,0,0,0,0,1,1,6,1,25,5,-1,-1,-1,-1,-1,-1
201511ND13635,2,9,0,7,0,8,0,0,0,0,4,1,2,1,34,6,1896,2,9,-1,2,-1
201511ND13745,1,9,0,7,0,4,0,0,0,0,3,1,6,1,29,6,1560,2,3,-1,2,-1
201511ND13745,2,9,0,9,0,4,0,0,0,0,4,1,6,1,62,9,2099,2,8,-1,1,-1
201511ND13765,1,9,0,18,4,0,0,0,0,0,1,1,2,1,-1,-1,1995,2,7,-1,2,-1
201511ND13765,2,1,0,18,4,0,0,0,0,0,2,1,2,1,29,6,-1,-1,-1,-1,3,-1
201511ND13855,1,19,0,18,0,1,0,0,0,0,1,1,1,1,46,8,2287,2,4,-1,1,-1
201511ND13855,2,9,0,3,0,1,0,0,0,0,2,1,6,1,41,7,1896,2,11,-1,2,-1
201511ND13855,3,9,0,3,0,1,0,0,0,0,2,1,6,1,58,9,1396,1,1,-1,3,-1
201511ND14015,1,9,0,9,0,8,0,0,0,0,3,1,6,1,18,4,1124,1,12,-1,1,-1
201511ND14015,2,19,0,18,0,8,0,0,0,0,1,1,6,1,57,9,1998,2,9,-1,1,-1
201511ND14455,1,9,0,4,0,0,0,0,0,0,2,1,6,1,40,7,-1,-1,-1,-1,1,-1
201511ND14455,2,3,0,18,0,0,0,0,0,0,1,1,2,1,26,6,124,1,11,-1,2,-1
201511ND14495,1,9,0,18,0,1,0,0,1,11,1,1,6,1,33,6,1229,1,6,-1,2,-1
201511ND14495,2,9,0,6,0,8,0,0,0,0,2,1,2,2,23,5,1596,1,12,-1,2,-1
201511ND14675,1,5,0,7,0,8,0,0,0,0,1,1,6,1,50,8,1000,1,6,-1,2,-1
201511ND14675,2,9,0,9,0,8,0,0,0,0,1,1,6,2,27,6,1598,1,3,-1,3,-1
201511ND14705,1,9,0,13,0,8,0,0,0,0,0,1,6,2,-1,-1,1596,1,9,-1,-1,-1
201511ND14705,2,11,0,18,0,8,0,0,0,0,0,1,1,1,60,9,4250,2,1,-1,2,-1
201511ND14735,1,9,0,4,0,0,0,0,0,0,2,1,6,1,85,11,1798,1,10,-1,1,-1
201511ND14735,2,5,0,11,0,0,0,0,0,0,1,1,6,1,42,7,996,1,12,-1,1,-1
201511ND14905,1,9,0,18,0,0,0,10,5,4,1,1,2,2,21,5,1399,2,6,-1,1,-1
201511ND14935,1,19,0,16,0,3,1,0,0,0,1,1,1,1,33,6,1995,2,7,-1,1,-1
201511ND14935,2,9,0,18,0,1,0,0,0,0,1,1,6,2,23,5,1242,1,12,-1,2,-1
201511ND14985,1,19,0,16,0,0,1,0,2,4,1,1,2,1,30,6,1995,2,5,-1,2,-1
201511ND14995,1,9,0,18,0,0,2,0,7,0,3,1,6,2,32,6,1242,1,8,-1,2,-1
201511ND15005,1,9,0,4,0,1,0,0,0,0,1,1,6,1,34,6,2902,2,11,-1,2,-1
201511ND15005,2,9,0,3,0,1,0,0,0,0,2,1,6,1,62,9,1598,1,14,-1,1,-1
201511ND15005,3,9,0,3,0,1,0,0,0,0,2,1,6,1,55,8,1598,2,4,-1,2,-1
201511ND15025,1,9,0,18,0,8,0,0,0,0,4,1,2,2,25,5,998,1,13,-1,1,-1
201511ND15035,1,9,0,18,0,0,2,0,7,0,1,1,6,1,41,7,1242,1,10,-1,2,-1
201511ND15145,1,9,0,18,0,1,0,0,0,0,1,1,6,2,-1,-1,-1,-1,-1,-1,-1,-1
201511ND15145,2,1,0,18,0,8,0,0,0,0,3,1,6,1,12,3,-1,-1,-1,-1,2,-1
201511ND15255,1,9,0,18,0,8,2,9,7,1,1,1,6,1,34,6,1975,1,11,-1,1,-1
201511ND15345,1,20,0,18,0,0,0,0,0,0,1,1,1,1,40,7,9200,2,6,-1,1,-1
201511ND15345,2,19,0,4,0,0,0,0,0,0,2,1,1,1,33,6,2400,2,12,-1,3,-1
201511ND15355,1,19,0,18,0,1,0,0,0,0,1,1,6,1,43,7,2198,2,2,-1,1,-1
201511ND15355,2,9,0,3,0,1,0,0,0,0,2,1,6,1,39,7,1796,1,13,-1,1,-1
201511ND15945,1,9,0,18,0,4,0,0,0,0,1,1,6,2,34,6,1596,1,10,-1,1,-1
201511ND15945,2,1,0,18,0,8,0,0,0,0,4,1,2,1,31,6,-1,-1,-1,-1,2,-1
201511ND16045,1,9,0,16,0,0,0,0,7,0,4,1,6,1,27,6,1360,1,12,-1,3,-1
201511ND16045,2,19,0,17,0,0,0,0,0,0,1,1,1,1,50,8,1995,2,3,-1,1,-1
201511ND16575,1,1,0,18,0,0,0,0,0,0,3,1,6,1,13,3,-1,-1,-1,-1,2,-1
201511ND16575,2,9,0,18,0,0,0,0,0,0,1,1,6,1,67,10,-1,-1,-1,-1,3,-1
201511ND16625,1,9,0,7,0,1,0,0,0,0,0,1,1,3,-1,-1,-1,-1,-1,-1,-1,-1
201511ND16625,2,5,0,18,2,1,2,0,0,0,0,1,6,1,53,8,-1,-1,-1,-1,1,-1
201511ND16765,1,9,0,18,0,8,0,7,0,0,1,1,6,1,33,6,1398,2,11,-1,2,-1
201511ND16915,1,9,0,5,0,1,0,0,0,0,4,1,6,2,31,6,1896,2,8,-1,1,-1