Accident_Index,Vehicle_Reference,Vehicle_Type,Towing_and_Articulation,Vehicle_Manoeuvre,Vehicle_Location-Restricted_Lane,Junction_Location,Skidding_and_Overturning,Hit_Object_in_Carriageway,Vehicle_Leaving_Carriageway,Hit_Object_off_Carriageway,1st_Point_of_Impact,Was_Vehicle_Left_Hand_Drive?,Journey_Purpose_of_Driver,Sex_of_Driver,Age_of_Driver,Age_Band_of_Driver,Engine_Capacity_(CC),Propulsion_Code,Age_of_Vehicle,Driver_IMD_Decile,Driver_Home_Area_Type,Vehicle_IMD_Decile
201511ND17035,1,9,0,18,0,0,0,0,0,0,1,1,6,1,30,6,1910,2,10,-1,1,-1
201511ND17035,2,9,0,18,0,0,0,0,0,0,2,1,6,2,34,6,2967,2,1,-1,1,-1
201511ND17035,3,11,0,13,0,0,0,0,0,0,0,1,6,1,48,8,4249,2,-1,-1,3,-1
201511ND17055,1,9,0,12,0,4,0,10,3,4,1,1,6,2,31,6,998,1,1,-1,1,-1
201511ND17055,2,9,0,13,0,4,0,10,3,0,1,1,6,1,58,9,1968,2,4,-1,2,-1
201511ND17065,1,9,0,9,0,6,0,0,0,0,3,1,6,2,26,6,1956,2,5,-1,2,-1
201511ND17065,2,9,0,18,0,1,0,0,0,0,1,1,6,2,41,7,1995,1,9,-1,1,-1
201511ND17235,1,9,0,13,0,1,0,0,0,0,1,1,6,3,40,7,1799,1,19,-1,2,-1
201511ND17235,2,9,0,10,0,1,0,0,7,11,2,1,1,1,56,9,-1,-1,-1,-1,2,-1
201511ND17455,1,9,0,18,0,1,0,0,0,0,1,1,2,2,23,5,1242,1,6,-1,3,-1
201511ND17465,1,8,0,18,0,1,0,0,0,0,1,1,1,1,63,9,1753,2,7,-1,3,-1
201511ND17465,2,1,0,18,0,2,0,0,0,0,1,1,2,1,25,5,-1,-1,-1,-1,1,-1
201511ND17485,1,9,0,18,0,0,2,0,1,0,0,1,1,1,47,8,-1,-1,-1,-1,1,-1
201511ND17555,1,9,0,18,0,1,0,0,0,0,3,1,6,3,-1,-1,-1,-1,-1,-1,-1,-1
201511ND17555,2,1,0,18,0,2,0,0,0,0,3,1,6,1,14,3,-1,-1,-1,-1,1,-1
201511ND17585,1,17,0,9,0,2,0,0,0,0,1,1,1,1,54,8,6728,2,4,-1,2,-1
201511ND17585,2,5,0,18,0,1,0,0,7,0,1,1,6,1,40,7,998,1,13,-1,2,-1
201511ND17605,1,9,0,16,9,2,0,0,1,0,1,1,6,1,-1,-1,-1,-1,-1,-1,-1,-1
201511ND17815,1,5,0,18,0,0,0,0,0,0,1,1,6,1,21,5,649,1,18,-1,3,-1
201511ND17815,2,9,0,18,0,0,0,0,0,0,2,1,6,1,56,9,1560,2,3,-1,1,-1
201511ND17815,3,9,0,18,0,0,0,11,0,0,4,1,6,1,22,5,1596,1,8,-1,2,-1
201511ND17915,1,9,0,18,0,8,0,0,0,0,4,1,6,1,18,4,1900,2,8,-1,1,-1
201511ND17915,2,9,0,9,0,8,0,0,0,0,1,1,6,1,19,4,1240,1,10,-1,3,-1
201511ND18045,1,9,0,7,0,8,0,0,0,0,1,1,6,1,23,5,1870,2,12,-1,1,-1
201511ND18045,2,9,0,18,0,8,0,4,0,0,3,1,6,2,82,11,1198,1,12,-1,1,-1
201511ND18045,3,9,0,2,0,8,0,0,0,0,3,1,6,1,-1,-1,-1,-1,-1,-1,1,-1
201511ND18315,1,11,0,18,0,1,0,0,0,0,1,1,1,2,29,6,-1,2,21,-1,2,-1
201511ND18315,2,9,0,3,0,1,0,0,0,0,2,1,6,1,53,8,1199,2,1,-1,3,-1
201511ND18535,1,9,0,9,0,8,0,0,0,0,0,1,6,2,30,6,1364,1,8,-1,1,-1
201511ND18535,2,5,0,18,0,1,1,0,0,0,0,1,6,1,64,9,1100,1,26,-1,3,-1
201511ND18555,1,19,0,18,0,1,0,0,0,0,1,1,2,1,37,7,1998,2,10,-1,2,-1
201511ND18555,2,9,0,4,0,1,0,0,0,0,2,1,6,1,18,4,1229,1,10,-1,2,-1
201511ND18765,1,5,0,17,0,8,1,10,1,0,3,1,6,1,35,6,750,1,-1,-1,2,-1
201511ND18795,1,9,0,18,0,2,0,0,0,0,1,1,6,1,51,8,1242,1,5,-1,2,-1
201511ND19195,1,19,0,18,0,0,0,0,0,0,3,1,6,1,67,10,1753,2,3,-1,2,-1
201511ND19205,1,9,0,11,0,1,0,0,0,0,4,1,2,2,53,8,1229,1,4,-1,2,-1
201511ND19205,2,9,0,18,0,1,0,0,0,0,3,1,6,2,31,6,998,1,1,-1,1,-1
201511ND19395,1,9,0,6,0,0,0,0,0,0,1,1,2,1,50,8,1124,1,8,-1,2,-1
201511ND19395,2,9,0,18,0,0,0,0,0,0,1,1,1,1,54,8,1124,1,13,-1,1,-1
201511ND19555,1,9,0,18,0,0,0,0,0,0,1,1,6,1,-1,-1,-1,-1,-1,-1,2,-1
201511ND19555,2,9,0,3,0,0,0,0,0,0,2,1,1,2,39,7,1242,1,1,-1,1,-1
201511ND19705,1,9,0,18,0,0,0,0,0,0,1,1,6,1,30,6,1910,2,10,-1,1,-1
201511ND19705,2,9,0,18,0,0,0,0,0,0,2,1,6,2,34,6,2967,2,1,-1,1,-1
201511ND19705,3,11,0,18,0,0,0,0,0,0,0,1,1,1,48,8,4249,2,-1,-1,3,-1
201511ND19795,1,9,0,18,0,1,0,0,0,0,1,1,6,1,40,7,1896,2,8,-1,1,-1
201511ND20195,1,9,0,9,0,1,0,0,0,0,0,1,6,3,-1,-1,-1,-1,-1,-1,-1,-1
201511ND20195,2,11,0,18,0,1,0,0,0,0,0,1,1,2,38,7,6692,2,3,-1,1,-1
201511ND20595,1,9,0,18,0,1,0,0,0,0,1,1,6,1,31,6,-1,-1,-1,-1,2,-1
201511ND20595,2,19,0,3,0,1,0,0,0,0,2,1,6,1,51,8,1399,2,5,-1,1,-1
201511ND21135,1,9,0,14,0,0,0,0,0,0,1,1,6,2,38,7,1149,1,13,-1,2,-1
201511ND21145,1,9,0,17,0,2,1,0,1,1,1,1,6,1,32,6,1242,1,9,-1,1,-1
201511ND21615,1,9,0,16,0,8,1,10,7,11,4,1,2,1,26,6,1998,1,11,-1,1,-1
201511ND21655,1,19,0,18,0,0,0,0,0,0,3,1,2,1,41,7,2402,2,5,-1,3,-1
201511ND21975,1,9,0,9,0,8,0,0,0,0,4,1,6,2,53,8,998,1,-1,-1,3,-1
201511ND21975,2,1,0,18,0,8,0,0,0,0,1,1,2,1,40,7,-1,-1,-1,-1,-1,-1
201511ND22185,1,9,0,9,0,8,0,0,0,0,3,1,6,1,31,6,1364,1,5,-1,1,-1
201511ND22185,2,21,0,18,0,8,0,0,0,0,1,1,1,1,43,7,-1,-1,-1,-1,2,-1
201511ND22185,3,9,0,8,0,8,0,0,0,0,3,1,6,1,47,8,1461,2,-1,-1,1,-1
201511ND22225,1,9,0,17,0,0,0,0,0,0,1,1,2,1,59,9,1598,1,2,-1,3,-1
201511ND22225,2,9,0,16,0,0,0,0,1,0,1,1,6,2,59,9,1364,1,6,-1,1,-1
201511ND22235,1,19,0,18,0,0,0,0,0,0,0,1,6,3,-1,-1,-1,-1,-1,-1,-1,-1
201511ND22235,2,1,0,18,0,0,1,0,0,0,0,1,6,1,58,9,-1,-1,-1,-1,1,-1
201511ND22645,1,9,0,18,0,0,0,0,0,0,1,1,6,1,48,8,1753,2,11,-1,2,-1
201511ND22645,2,9,0,18,0,0,0,0,0,0,2,1,6,1,46,8,1870,2,10,-1,2,-1
201511ND22715,1,9,0,18,0,2,0,0,0,0,1,1,6,1,24,5,1910,2,9,-1,2,-1
201511ND22715,2,9,0,3,0,2,0,0,0,0,2,1,6,1,32,6,2184,2,5,-1,1,-1
201511ND22885,1,9,0,18,0,8,0,0,0,0,1,1,6,1,37,7,1910,2,10,-1,2,-1
201511ND22885,2,9,0,7,0,8,0,0,0,0,2,1,6,1,34,6,1490,1,9,-1,3,-1
201511ND23065,1,9,0,18,0,4,0,0,0,0,1,1,2,2,36,7,1968,2,3,-1,-1,-1
201511ND23065,2,1,0,18,0,8,0,0,0,0,4,1,6,1,25,5,-1,-1,-1,-1,1,-1
201511ND23335,1,11,0,13,0,8,1,0,0,0,1,1,6,1,45,7,6370,2,7,-1,1,-1
201511ND23335,2,90,0,9,0,8,0,0,0,0,1,1,6,1,81,11,-1,-1,-1,-1,1,-1
201511ND23435,1,9,0,18,0,0,0,0,0,0,1,1,6,1,35,6,1796,1,8,-1,1,-1
201511ND23435,2,9,0,18,0,0,0,0,0,0,2,1,6,1,51,8,1598,1,7,-1,2,-1
201511ND23505,1,9,0,18,0,0,0,0,0,0,4,1,6,1,43,7,1395,1,1,-1,2,-1
201511ND23585,1,1,0,18,0,8,0,0,0,0,1,1,6,1,31,6,-1,-1,-1,-1,1,-1
201511ND23585,2,9,0,9,0,8,0,0,0,0,4,1,6,2,26,6,1240,1,6,-1,1,-1
201511ND23585,3,11,0,3,0,1,0,0,0,0,1,1,1,1,51,8,6692,2,3,-1,2,-1
201511ND23665,1,11,0,18,0,4,0,0,0,0,0,1,6,1,45,7,7300,2,15,-1,2,-1
201511ND23755,1,9,0,5,0,0,0,0,0,0,1,1,6,1,24,5,973,1,13,-1,2,-1
201511ND23755,2,9,0,2,0,0,0,0,0,0,1,1,6,2,-1,-1,1248,2,3,-1,1,-1
201511ND23875,1,9,0,4,0,0,0,0,0,0,1,1,6,3,-1,-1,1956,2,2,-1,-1,-1
201511ND23875,2,9,0,4,0,0,0,0,0,0,2,1,6,1,28,6,-1,-1,-1,-1,1,-1
201511ND24085,1,9,0,18,0,0,0,0,0,0,3,1,6,1,53,8,1229,1,10,-1,2,-1
201511ND24085,2,9,0,18,0,0,0,0,0,0,3,1,6,2,26,6,1229,1,-1,-1,1,-1
201511ND24225,1,9,0,18,0,1,0,0,0,0,4,1,2,1,44,7,1199,1,13,-1,2,-1
201511ND24485,1,9,0,18,0,0,0,0,1,2,1,1,6,1,48,8,1910,2,10,-1,3,-1
201511ND24525,1,9,0,18,0,2,0,12,0,0,1,1,6,1,33,6,1781,1,12,-1,2,-1
201511ND24535,1,9,0,9,0,8,0,0,0,0,4,1,1,2,31,6,1229,1,-1,-1,2,-1
201511ND24535,2,4,0,14,0,8,0,0,0,0,1,1,1,1,53,8,124,1,12,-1,1,-1
201511ND24655,1,11,0,5,0,0,0,0,0,0,1,1,1,1,52,8,4249,2,-1,-1,1,-1
201511ND24705,1,9,0,9,0,8,0,0,0,0,1,1,6,1,45,7,-1,-1,-1,-1,2,-1
201511ND24705,2,3,0,18,0,8,0,0,0,0,4,1,2,1,25,5,125,1,6,-1,2,-1
201511ND24735,1,9,0,9,0,8,0,0,0,0,1,1,6,1,42,7,1598,1,5,-1,2,-1
201511ND24735,2,1,0,18,0,8,0,0,0,0,1,1,6,1,81,11,-1,-1,-1,-1,1,-1
201511ND25235,1,9,0,9,0,1,0,0,0,0,1,1,6,2,89,11,998,1,2,-1,2,-1
201511ND25235,2,1,0,18,0,1,0,0,0,0,1,1,6,1,60,9,-1,-1,-1,-1,3,-1
201511ND25335,1,9,0,18,0,4,0,0,0,0,1,1,2,2,48,8,1984,2,2,-1,1,-1
201511ND25335,2,1,0,18,0,8,1,0,0,0,1,1,2,1,29,6,-1,-1,-1,-1,2,-1
201511ND25455,1,9,0,7,0,8,0,0,0,0,4,1,6,2,34,6,1995,2,3,-1,2,-1
201511ND25875,1,20,0,4,0,8,0,0,0,0,1,1,6,1,-1,-1,-1,-1,-1,-1,-1,-1
201511ND25875,2,9,0,3,0,8,0,0,0,0,2,1,6,1,31,6,1598,2,1,-1,2,-1
201511ND26295,1,9,0,18,0,1,0,0,0,0,1,1,6,2,20,4,1149,1,9,-1,2,-1
201511ND26295,2,9,0,3,0,1,0,0,0,0,2,1,6,2,44,7,1399,2,6,-1,2,-1
201511ND26655,1,9,0,18,0,4,0,0,0,0,1,1,6,2,40,7,1896,2,5,-1,2,-1
201511ND26655,2,9,0,18,0,4,0,0,0,0,2,1,6,2,52,8,996,1,3,-1,2,-1
201511ND26805,1,9,0,4,0,1,1,0,0,0,4,2,6,1,-1,-1,-1,-1,-1,-1,-1,-1
201511ND26805,2,9,0,10,0,1,0,0,0,0,2,1,6,2,49,8,1596,1,8,-1,1,-1
201511ND27235,1,9,0,18,0,0,0,10,0,0,1,1,1,2,41,7,-1,-1,-1,-1,3,-1
201511ND27755,1,9,0,14,0,0,0,0,0,0,4,1,6,2,24,5,1461,2,8,-1,2,-1
201511NE00265,1,5,0,18,0,0,0,0,0,0,1,1,2,1,69,10,-1,-1,-1,-1,1,-1
201511NE00265,2,9,0,4,0,0,5,0,0,0,2,1,6,1,51,8,-1,-1,-1,-1,3,-1
201511NE00545,1,9,0,18,0,1,0,0,0,0,1,1,6,3,-1,-1,-1,-1,-1,-1,-1,-1
201511NE00655,1,9,0,18,0,0,0,10,7,11,1,1,6,1,29,6,1997,2,7,-1,2,-1
201511NE00655,2,9,0,18,0,0,0,0,0,0,1,1,6,1,64,9,1896,2,7,-1,1,-1
201511NE01345,1,1,0,18,0,6,0,0,0,0,3,1,6,1,16,4,-1,-1,-1,-1,1,-1
201511NE01345,2,9,0,9,0,3,0,0,0,0,1,1,6,1,39,7,1753,2,9,-1,2,-1
201511NE01645,1,9,0,18,0,4,5,9,1,1,1,1,2,1,26,6,-1,-1,-1,-1,1,-1
201511NE01995,1,9,0,18,0,0,0,0,0,0,1,1,6,1,39,7,1910,2,9,-1,2,-1
201511NE01995,2,9,0,18,0,0,0,0,0,0,1,1,6,2,54,8,1242,1,5,-1,1,-1
201511NE02025,1,9,0,9,0,6,0,0,0,0,4,1,6,3,79,11,1120,1,20,-1,2,-1
201511NE02025,2,9,0,18,0,8,1,0,0,0,3,1,6,1,29,6,1560,2,10,-1,1,-1
201511NE02125,1,9,0,17,0,1,0,0,0,0,1,1,6,2,24,5,1995,2,9,-1,1,-1
201511NE02125,2,9,0,16,0,2,0,0,1,0,1,1,6,1,30,6,1998,1,7,-1,3,-1
201511NE02175,1,8,0,18,0,0,0,4,7,11,1,1,6,1,30,6,-1,-1,-1,-1,1,-1
201511NE02175,2,9,0,2,0,0,0,0,1,0,2,1,6,1,81,11,-1,-1,-1,-1,1,-1
201511NE02205,1,9,0,9,8,1,0,0,0,0,3,1,6,2,22,5,1120,2,4,-1,1,-1
201511NE02205,2,9,0,18,0,1,0,0,0,0,1,1,6,1,39,7,3175,1,11,-1,2,-1
201511NE02485,1,9,0,18,0,0,0,0,0,0,1,1,6,1,77,11,1388,1,13,-1,1,-1
201511NE02485,2,9,0,4,0,0,0,0,0,0,2,1,6,1,46,8,1399,2,7,-1,1,-1
201511NE03175,1,9,0,18,0,2,0,0,0,0,1,1,6,1,27,6,1560,2,6,-1,2,-1
201511NE04015,1,97,0,18,0,1,0,0,0,0,1,1,6,1,25,5,-1,-1,-1,-1,2,-1
201511NE04015,2,9,0,18,0,1,0,0,0,0,4,1,2,1,52,8,1363,2,13,-1,2,-1
201511NE04245,1,9,0,9,0,8,0,0,0,0,1,1,4,1,19,4,1149,1,14,-1,2,-1
201511NE04245,2,9,0,18,0,8,0,0,0,0,1,1,2,2,27,6,1598,1,12,-1,2,-1
201511NE04535,1,21,1,9,0,8,0,0,0,0,1,2,1,1,-1,-1,-1,-1,-1,-1,-1,-1
201511NE04535,2,9,0,18,0,1,0,0,1,7,3,1,6,1,34,6,1995,2,4,-1,2,-1
201511NE04605,1,9,0,9,0,8,0,0,0,0,1,1,6,1,75,10,-1,-1,-1,-1,1,-1
201511NE04605,2,9,0,18,0,1,0,0,1,9,1,1,6,1,25,5,-1,-1,-1,-1,1,-1
201511NE04685,1,9,0,18,0,0,0,0,1,11,1,1,6,2,28,6,1896,2,12,-1,2,-1
201511NE04705,1,19,0,18,0,0,0,0,0,0,1,1,6,1,28,6,-1,-1,-1,-1,1,-1
201511NE04705,2,9,0,18,0,0,0,0,0,0,2,1,6,1,20,4,1686,2,8,-1,2,-1
201511NE04935,1,9,0,18,0,1,1,0,0,0,1,1,1,1,50,8,-1,-1,-1,-1,1,-1
201511NE04935,2,9,0,18,0,1,0,0,0,0,2,1,1,2,42,7,1388,1,7,-1,1,-1
201511NE05135,1,19,0,18,0,1,0,0,0,0,1,1,6,1,19,4,2198,2,6,-1,2,-1
201511NE05135,2,9,0,3,0,1,0,0,0,0,2,1,6,2,33,6,1910,2,5,-1,2,-1
201511NE05195,1,9,0,18,0,0,0,0,0,0,1,1,6,2,28,6,1229,1,5,-1,3,-1
201511NE05195,2,9,0,3,0,0,0,0,0,0,2,1,6,2,32,6,-1,-1,-1,-1,3,-1
201511NE05195,3,9,0,3,0,0,0,0,0,0,2,1,6,1,47,8,1598,2,1,-1,1,-1
201511NE05395,1,8,0,2,0,0,0,0,0,0,3,1,6,1,35,6,1598,2,3,-1,1,-1
201511NE05465,1,9,0,18,0,8,0,0,0,0,1,1,1,1,19,4,1974,2,16,-1,1,-1
201511NE05465,2,9,0,9,0,8,0,0,0,0,4,1,2,1,50,8,-1,-1,-1,-1,1,-1
201511NE05925,1,9,0,7,0,8,0,7,0,1,1,1,6,3,-1,-1,-1,-1,-1,-1,-1,-1
201511NE05925,2,9,0,7,0,8,0,0,0,0,4,1,1,1,-1,-1,2993,2,2,-1,-1,-1
201511NE06205,1,9,0,18,0,0,0,0,0,0,1,1,6,1,77,11,1598,1,15,-1,1,-1
201511NE06285,1,9,0,9,0,1,0,0,0,0,4,1,6,1,43,7,1461,2,5,-1,1,-1
201511NE06285,2,9,0,18,0,1,0,0,0,0,1,1,6,1,52,8,1199,1,13,-1,1,-1
201511NE06795,1,9,0,18,0,1,0,0,0,0,1,1,2,2,57,9,1997,2,2,-1,1,-1
201511NE06795,2,9,0,4,0,1,0,0,0,0,2,1,2,2,31,6,1388,1,13,-1,1,-1
201511NE06795,3,9,0,4,0,1,0,0,0,0,2,1,2,1,41,7,1870,2,14,-1,1,-1
201511NE06795,4,9,0,4,0,1,0,0,0,0,2,1,6,2,51,8,1339,1,1,-1,1,-1
201511NE07715,1,9,0,18,0,2,0,0,0,0,1,1,6,1,48,8,2835,2,18,-1,1,-1
201511NE07715,2,9,0,4,0,2,0,0,0,0,2,1,6,1,22,5,1896,2,9,-1,1,-1
201511NE08455,1,9,0,18,0,2,1,0,7,7,1,1,6,3,30,6,1360,1,12,-1,1,-1
201511NE08985,1,9,0,18,0,0,0,0,0,0,1,1,6,1,33,6,-1,-1,-1,-1,1,-1
201511NE08985,2,21,0,18,0,0,0,0,0,0,2,1,6,1,46,8,12740,2,2,-1,1,-1
201511NE09265,1,9,0,18,0,0,0,0,0,0,1,1,6,1,43,7,1199,2,5,-1,1,-1
201511NE09265,2,9,0,4,0,0,5,0,1,0,2,1,6,2,60,9,1299,1,8,-1,2,-1
201511NE09265,3,9,0,18,0,0,0,0,0,0,2,1,6,1,30,6,1496,2,1,-1,1,-1
201511NE09585,1,9,0,18,0,4,0,0,0,0,2,1,1,2,48,8,1991,2,7,-1,1,-1
201511NE09585,2,1,0,18,0,8,0,0,0,0,1,1,6,1,48,8,-1,-1,-1,-1,1,-1
201511NE09695,1,21,0,18,0,1,0,0,7,4,1,1,1,1,47,8,6871,2,1,-1,1,-1
201511NE10345,1,9,0,18,0,8,0,0,0,0,4,1,6,2,39,7,1598,1,5,-1,2,-1
201511NE10915,1,9,0,3,0,6,0,0,0,0,1,1,6,1,54,8,1596,1,2,-1,2,-1
201511NE10915,2,9,0,18,0,1,0,0,0,0,1,1,6,2,19,4,1560,2,5,-1,1,-1
201511NE11915,1,9,0,5,0,6,0,0,0,0,3,1,6,2,30,6,1242,1,10,-1,1,-1
201511NE11915,2,1,0,18,0,8,0,0,0,0,1,1,6,1,46,8,-1,-1,-1,-1,1,-1
201511NE12695,1,9,0,18,0,1,0,0,0,0,4,1,6,3,-1,-1,1299,1,11,-1,-1,-1
201511NE12695,2,1,0,18,0,1,5,0,0,0,3,1,6,1,76,11,-1,-1,-1,-1,2,-1
201511NE12895,1,9,0,18,0,1,0,0,0,0,1,1,6,1,18,4,1598,2,3,-1,1,-1
201511NE12895,2,9,0,3,0,1,0,0,0,0,2,1,6,2,48,8,2967,2,4,-1,2,-1
201511NE12955,1,9,0,9,0,8,0,0,0,0,4,1,6,3,-1,-1,-1,-1,-1,-1,-1,-1
201511NE12955,2,9,0,18,0,8,0,0,7,3,1,1,6,1,29,6,1896,2,13,-1,2,-1
201511NE13465,1,9,0,9,0,8,0,0,0,0,1,1,6,1,29,6,1596,1,6,-1,1,-1
201511NE13465,2,9,0,18,0,8,0,0,0,0,1,1,6,2,41,7,1686,2,5,-1,1,-1
201511NE13885,1,9,0,18,0,1,0,0,0,0,1,1,6,1,20,4,1149,1,11,-1,1,-1
201511NE13885,2,9,0,3,0,1,0,0,0,0,2,1,6,2,17,4,1390,1,-1,-1,3,-1
201511NE14565,1,9,0,18,0,0,0,0,0,0,1,1,6,2,28,6,-1,-1,-1,-1,1,-1
201511NE14565,2,9,0,4,0,0,0,0,0,0,2,1,2,1,56,9,1461,2,2,-1,3,-1
201511NE14765,1,9,0,18,0,0,5,0,7,3,1,1,6,1,30,6,1598,1,13,-1,1,-1
201511NE15365,1,9,0,18,0,0,0,4,0,0,1,1,6,1,29,6,1781,1,14,-1,1,-1
201511NE15365,2,9,0,2,0,0,0,0,0,0,2,1,6,1,-1,-1,1598,1,-1,-1,-1,-1
201511NE15615,1,9,0,18,0,1,0,4,0,0,3,1,6,3,23,5,1598,1,10,-1,2,-1
201511NE15615,2,8,0,18,0,2,0,0,0,0,1,1,1,1,57,9,1991,2,5,-1,1,-1
201511NE15615,3,9,0,2,0,2,0,0,0,0,3,1,6,2,-1,-1,1360,1,9,-1,-1,-1
201511NE16035,1,9,0,9,0,1,0,0,1,11,1,1,6,1,38,7,1390,1,14,-1,1,-1
201511NE16035,2,9,0,9,0,1,0,0,0,0,0,1,1,1,-1,-1,2993,2,2,-1,-1,-1
201511NE16115,1,9,0,14,0,1,0,0,0,0,4,1,6,2,45,7,1248,2,3,-1,1,-1
201511NE16115,2,9,0,9,0,1,0,0,0,0,1,1,2,1,45,7,1390,1,15,-1,1,-1
201511NE16265,1,9,0,9,0,1,0,0,0,0,1,1,2,1,56,9,1198,1,6,-1,2,-1
201511NE16265,2,9,0,18,0,1,0,0,1,0,1,1,6,1,25,5,2457,1,9,-1,2,-1
201511NE16335,1,9,0,5,0,0,0,0,7,11,3,1,6,2,69,10,1598,1,16,-1,-1,-1
201511NE16935,1,9,0,18,0,1,0,0,0,0,1,1,6,1,26,6,1984,1,14,-1,1,-1
201511NE16935,2,9,0,18,0,1,0,0,0,0,2,1,6,2,23,5,1149,1,11,-1,2,-1
201511NE17565,1,90,0,18,0,1,0,0,0,0,1,1,6,3,-1,-1,-1,-1,-1,-1,-1,-1
201511NE17565,2,9,0,18,0,1,0,0,0,0,2,1,6,1,68,10,1390,1,-1,-1,2,-1
201511NE17955,1,9,0,7,0,8,0,0,0,0,1,1,6,1,48,8,1388,1,9,-1,2,-1
201511NE17955,2,9,0,18,0,8,0,0,0,0,4,1,6,1,17,4,998,1,7,-1,1,-1
201511NE18165,1,1,0,18,0,8,0,0,0,0,1,1,6,1,10,2,-1,-1,-1,-1,2,-1
201511NE18165,2,11,0,18,0,8,0,0,0,0,4,1,1,1,27,6,4461,2,-1,-1,2,-1
201511NE18425,1,1,0,18,0,0,0,0,0,0,3,1,6,1,54,8,-1,-1,-1,-1,1,-1
201511NE18695,1,9,0,9,0,1,0,0,0,0,0,1,6,1,57,9,1910,2,8,-1,3,-1
201511NE18695,2,3,0,18,0,1,0,4,0,0,1,1,6,1,21,5,124,1,7,-1,1,-1
201511NE18695,3,9,0,2,0,2,0,0,0,0,2,1,6,1,51,8,-1,-1,-1,-1,2,-1
201511NE18755,1,9,0,18,0,1,0,0,0,0,3,1,1,1,31,6,1398,2,9,-1,2,-1
201511NE18755,2,1,0,9,0,6,0,0,0,0,1,1,6,1,45,7,-1,-1,-1,-1,3,-1
201511NE19005,1,10,0,18,0,3,0,0,0,0,4,1,1,1,42,7,-1,-1,-1,-1,2,-1
201511NE19915,1,9,0,16,0,0,0,7,1,4,1,1,1,1,46,8,1598,1,5,-1,1,-1
201511NE19955,1,9,0,18,0,0,5,0,0,0,4,1,6,1,18,4,1149,1,12,-1,1,-1
201511NE20815,1,9,0,5,0,1,0,0,0,0,3,1,6,1,41,7,1896,2,8,-1,2,-1
201511NE20815,2,2,0,18,0,1,0,0,7,0,1,1,6,1,29,6,124,1,4,-1,1,-1
201511NE20815,3,9,0,18,0,2,0,0,0,0,3,1,6,1,52,8,1781,1,16,-1,3,-1
201511NE20915,1,9,0,4,0,1,0,0,0,0,1,1,6,2,-1,-1,2993,2,7,-1,1,-1
201511NE20915,2,9,0,8,0,1,0,0,0,0,2,1,6,1,55,8,1360,1,6,-1,-1,-1
201511NE20935,1,9,0,7,0,8,0,0,0,0,1,1,6,1,59,9,1685,2,4,-1,1,-1
201511NE20935,2,9,0,18,0,8,0,0,1,0,4,1,6,2,24,5,1124,1,12,-1,1,-1
201511NE21425,1,9,0,18,0,8,0,0,3,0,1,1,6,1,30,6,2496,2,11,-1,1,-1
201511NE21425,2,8,0,18,0,8,0,0,7,0,4,1,1,1,71,10,1598,2,2,-1,2,-1
201511NE21445,1,19,0,18,0,2,0,0,0,0,3,1,6,3,-1,-1,1753,2,9,-1,-1,-1
201511NE21445,2,9,0,18,0,1,0,0,0,0,3,1,6,1,40,7,1686,2,5,-1,2,-1
201511NE21545,1,9,0,18,0,0,2,0,1,4,1,1,6,1,31,6,1390,1,11,-1,2,-1
201511NE21865,1,9,0,9,0,2,0,0,0,0,1,1,2,2,54,8,1796,1,9,-1,2,-1
201511NE21865,2,1,0,4,0,1,0,0,0,0,1,1,6,1,25,5,-1,-1,-1,-1,2,-1
201511NE22875,1,9,0,18,0,4,0,0,0,0,1,1,6,2,26,6,1560,2,9,-1,1,-1
201511NE22875,2,9,0,9,0,8,0,0,0,0,4,1,6,1,50,8,1598,1,13,-1,1,-1
201511NE23015,1,9,0,9,0,1,0,0,0,0,1,1,6,1,25,5,1360,1,12,-1,2,-1
201511NE23015,2,3,0,18,0,1,0,0,7,0,1,1,6,1,21,5,125,1,9,-1,2,-1
201511NE23045,1,9,0,18,0,4,0,0,0,0,1,1,6,1,45,7,1248,1,2,-1,2,-1
201511NE23045,2,3,0,18,0,8,5,0,0,0,4,1,2,1,20,4,124,1,7,-1,3,-1
201511NE23115,1,9,0,9,0,8,0,0,0,0,0,1,6,3,-1,-1,-1,-1,-1,-1,-1,-1
201511NE23115,2,11,0,9,0,8,0,0,0,0,0,1,6,1,31,6,9000,2,13,-1,1,-1
201511NE23465,1,9,0,18,0,0,0,7,0,0,1,1,6,1,75,10,1896,2,9,-1,3,-1
201511NE23765,1,9,0,18,0,1,1,0,0,0,1,1,6,1,30,6,1299,1,18,-1,1,-1
201511NE23765,2,9,0,3,0,1,0,0,0,0,2,1,6,1,47,8,1968,2,6,-1,2,-1
201511NE24715,1,9,0,18,0,0,0,0,0,0,4,1,6,1,33,6,3189,1,9,-1,1,-1
201511NE24765,1,9,0,18,0,0,0,10,1,2,1,1,6,1,22,5,1598,1,8,-1,3,-1
201511NE25065,1,9,0,18,0,1,0,0,0,0,1,1,6,1,27,6,1956,2,2,-1,1,-1
201511NE25065,2,9,0,18,0,2,0,0,0,0,1,1,6,1,61,9,998,1,9,-1,1,-1
201511NE25515,1,9,0,18,0,0,0,0,0,0,1,1,6,2,30,6,1968,2,10,-1,1,-1
201511NE25515,2,9,0,18,0,0,0,0,0,0,2,1,6,1,35,6,1956,2,4,-1,1,-1
201511NE25515,3,9,0,18,0,0,0,0,0,0,2,1,6,1,39,7,1398,1,4,-1,1,-1
201511NE25795,1,9,0,18,0,0,0,0,0,0,1,1,6,1,44,7,1995,2,9,-1,2,-1