Accident_Index,Vehicle_Reference,Vehicle_Type,Towing_and_Articulation,Vehicle_Manoeuvre,Vehicle_Location-Restricted_Lane,Junction_Location,Skidding_and_Overturning,Hit_Object_in_Carriageway,Vehicle_Leaving_Carriageway,Hit_Object_off_Carriageway,1st_Point_of_Impact,Was_Vehicle_Left_Hand_Drive?,Journey_Purpose_of_Driver,Sex_of_Driver,Age_of_Driver,Age_Band_of_Driver,Engine_Capacity_(CC),Propulsion_Code,Age_of_Vehicle,Driver_IMD_Decile,Driver_Home_Area_Type,Vehicle_IMD_Decile
201511NG27805,1,9,0,18,0,8,0,0,0,0,3,1,6,1,80,11,1198,1,3,-1,1,-1
201511NG27805,2,9,0,18,0,8,0,0,0,0,1,1,6,1,62,9,1968,2,1,-1,1,-1
201511NH02215,1,9,0,18,0,0,0,0,0,0,1,1,6,3,-1,-1,-1,-1,-1,-1,-1,-1
201511NH02275,1,9,0,8,0,1,0,0,0,0,1,1,6,1,69,10,1240,1,9,-1,2,-1
201511NH02275,2,9,0,8,0,1,0,0,0,0,2,1,6,2,46,8,2993,2,10,-1,2,-1
201511NH02495,1,9,0,18,0,0,1,0,0,0,1,1,6,3,-1,-1,1598,1,9,-1,-1,-1
201511NH02495,2,9,0,18,0,0,0,0,0,0,2,1,3,2,48,8,1560,2,6,-1,3,-1
201511NH03205,1,9,0,3,0,1,0,0,0,0,1,1,6,2,77,11,998,1,6,-1,1,-1
201511NH03205,2,9,0,10,0,1,0,0,0,0,2,1,6,2,27,6,998,1,5,-1,1,-1
201511NH03625,1,11,0,5,0,0,0,0,0,0,0,1,6,1,51,8,6370,2,7,-1,1,-1
201511NH03755,1,9,0,9,0,5,0,0,0,0,4,1,6,3,-1,-1,2993,2,5,-1,-1,-1
201511NH03755,2,9,0,18,0,1,0,0,0,0,3,1,6,1,65,9,-1,-1,-1,-1,1,-1
201511NH03945,1,9,0,18,0,0,0,0,0,0,1,1,6,1,21,5,-1,-1,-1,-1,1,-1
201511NH03945,2,1,0,18,0,0,0,0,0,0,1,1,6,1,19,4,-1,-1,-1,-1,1,-1
201511NH04835,1,9,0,18,0,0,0,0,0,0,3,1,6,3,-1,-1,-1,-1,-1,-1,-1,-1
201511NH05085,1,9,0,5,0,1,0,0,0,0,1,1,6,3,-1,-1,-1,-1,-1,-1,-1,-1
201511NH05085,2,9,0,10,0,1,0,0,0,0,2,1,6,2,37,7,1389,1,17,-1,3,-1
201511NH05145,1,9,0,13,0,0,5,0,1,1,4,1,6,1,29,6,1997,2,14,-1,1,-1
201511NH05145,2,9,0,18,0,0,0,0,0,0,0,1,6,3,-1,-1,-1,-1,-1,-1,-1,-1
201511NH06395,1,9,0,7,0,4,0,0,0,0,0,1,6,2,55,8,1298,1,13,-1,1,-1
201511NH06955,1,8,0,9,0,6,0,0,0,0,3,1,1,1,22,5,1248,2,7,-1,1,-1
201511NH06955,2,9,0,18,0,1,0,0,0,0,1,1,6,2,64,9,1461,2,11,-1,1,-1
201511NH07045,1,4,0,16,0,0,1,0,0,0,3,1,6,1,23,5,125,1,1,-1,2,-1
201511NH07045,2,9,0,18,0,0,0,0,0,0,3,1,6,1,59,9,1995,2,3,-1,1,-1
201511NH07105,1,9,0,18,0,2,5,0,0,0,1,1,2,1,30,6,1498,1,7,-1,2,-1
201511NH07105,2,9,0,18,0,1,0,0,0,0,1,1,2,1,53,8,1796,1,16,-1,2,-1
201511NH07975,1,9,0,9,0,8,0,0,0,0,1,1,6,1,87,11,1560,2,7,-1,1,-1
201511NH07975,2,5,0,18,0,8,0,0,0,0,1,1,2,1,33,6,675,1,3,-1,1,-1
201511NH07985,1,1,0,18,0,0,0,0,0,0,0,1,6,2,45,7,-1,-1,-1,-1,3,-1
201511NH07995,1,9,0,9,0,8,0,0,0,0,3,1,3,2,34,6,1598,1,1,-1,1,-1
201511NH07995,2,3,0,18,0,8,0,0,0,0,1,1,2,1,17,4,125,1,1,-1,1,-1
201511NH08035,1,11,0,9,0,8,0,0,0,0,1,1,1,1,40,7,4250,2,2,-1,1,-1
201511NH08035,2,9,0,9,0,8,0,0,0,0,3,1,6,2,40,7,1997,2,-1,-1,1,-1
201511NH08055,1,9,0,18,0,1,0,0,0,0,1,1,6,1,27,6,1796,1,4,-1,1,-1
201511NH08165,1,19,0,18,0,1,0,0,0,0,1,1,1,1,22,5,2402,2,6,-1,2,-1
201511NH08165,2,9,0,8,0,1,0,0,0,0,2,1,6,1,68,10,1582,2,4,-1,3,-1
201511NH08375,1,9,0,18,0,1,0,0,0,0,1,1,6,1,39,7,1368,1,11,-1,1,-1
201511NH08375,2,9,0,10,0,1,0,0,0,0,2,1,6,1,34,6,1896,2,14,-1,1,-1
201511NH08375,3,9,0,10,0,1,0,0,0,0,2,1,6,2,40,7,1149,1,4,-1,1,-1
201511NH08705,1,19,0,5,0,4,0,0,0,0,1,1,2,1,49,8,2402,2,15,-1,1,-1
201511NH08705,2,9,0,5,0,4,0,0,0,0,2,1,6,2,48,8,1149,1,2,-1,1,-1
201511NH08735,1,9,0,8,0,1,0,0,0,0,1,1,6,3,-1,-1,-1,-1,-1,-1,-1,-1
201511NH08735,2,3,0,18,0,1,0,0,0,0,1,1,2,1,20,4,124,1,9,-1,2,-1
201511NH08785,1,1,0,18,0,0,0,0,0,0,1,1,6,1,10,2,-1,-1,-1,-1,3,-1
201511NH08785,2,9,0,18,0,0,0,0,0,0,1,1,6,1,47,8,1598,1,2,-1,3,-1
201511NH08905,1,9,0,9,0,1,0,0,0,0,4,1,6,1,51,8,1086,1,9,-1,1,-1
201511NH08905,2,9,0,18,0,1,0,0,0,0,1,1,6,1,28,6,1360,1,9,-1,1,-1
201511NH09575,1,9,0,18,0,0,0,0,0,0,1,1,2,2,19,4,999,1,2,-1,1,-1
201511NH09575,2,9,0,3,0,0,0,0,0,0,2,1,6,1,63,9,1229,1,-1,-1,1,-1
201511NH10155,1,1,0,18,0,0,0,0,0,0,4,1,6,1,8,2,-1,-1,-1,-1,1,-1
201511NH10155,2,9,0,18,0,0,0,0,0,0,1,1,6,1,34,6,1905,2,16,-1,1,-1
201511NH10195,1,9,0,18,0,0,0,0,0,0,1,1,6,1,32,6,1896,2,13,-1,1,-1
201511NH10195,2,9,0,2,0,0,0,0,1,0,2,1,6,2,-1,-1,1360,1,5,-1,1,-1
201511NH10195,3,9,0,2,0,0,0,0,0,0,2,1,6,2,-1,-1,1598,1,9,-1,1,-1
201511NH10195,4,9,0,2,0,0,0,0,0,0,2,1,6,1,-1,-1,1461,2,1,-1,1,-1
201511NH10195,5,9,0,2,0,0,0,0,0,0,2,1,6,1,-1,-1,1686,2,11,-1,1,-1
201511NH10625,1,9,0,13,0,1,2,0,1,2,1,1,6,1,18,4,1598,1,11,-1,1,-1
201511NH11185,1,9,0,18,0,0,0,0,0,0,0,1,6,3,-1,-1,-1,-1,-1,-1,-1,-1
201511NH11305,1,9,0,5,0,2,0,0,0,0,0,1,6,2,52,8,1560,2,10,-1,1,-1
201511NH12175,1,90,0,18,9,0,1,0,7,2,3,1,6,1,30,6,-1,-1,-1,-1,1,-1
201511NH12665,1,10,0,18,0,8,0,0,0,0,1,1,1,1,58,9,2998,2,4,-1,1,-1
201511NH12665,2,9,0,4,0,8,0,0,0,0,2,1,6,1,41,7,1685,2,-1,-1,2,-1
201511NH12915,1,9,0,2,0,8,0,0,0,0,2,1,1,2,41,7,1248,2,2,-1,1,-1
201511NH13265,1,9,0,18,0,0,0,0,0,0,4,1,2,1,22,5,1149,1,10,-1,1,-1
201511NH13625,1,9,0,18,0,0,0,0,0,0,3,1,6,1,62,9,-1,-1,-1,-1,2,-1
201511NH14205,1,11,0,4,0,1,0,0,0,0,0,1,1,1,38,7,-1,-1,-1,-1,1,-1
201511NH14205,2,9,0,10,0,1,0,0,0,0,0,1,1,1,-1,-1,1390,1,8,-1,-1,-1
201511NH15075,1,19,0,18,0,1,0,0,0,0,1,1,6,1,21,5,2464,2,8,-1,1,-1
201511NH15075,2,9,0,3,0,1,0,0,0,0,2,1,6,2,49,8,998,1,6,-1,2,-1
201511NH15785,1,9,0,18,0,0,0,0,0,0,0,1,6,1,67,10,1794,1,12,-1,1,-1
201511NH16145,1,9,0,18,0,4,0,0,0,0,1,1,6,3,-1,-1,-1,-1,-1,-1,-1,-1
201511NH16145,2,9,0,3,0,4,0,0,0,0,2,1,6,1,57,9,1910,2,11,-1,1,-1
201511NH16145,3,9,0,3,0,4,0,0,0,0,2,1,6,2,58,9,1248,2,8,-1,2,-1
201511NH16465,1,9,0,18,0,2,0,4,0,0,1,1,6,1,23,5,1364,1,11,-1,1,-1
201511NH16465,2,9,0,2,6,2,0,0,0,0,2,1,6,1,-1,-1,-1,-1,-1,-1,-1,-1
201511NH16465,3,9,0,2,6,2,0,0,0,0,2,1,6,1,-1,-1,1753,2,8,-1,-1,-1
201511NH16465,4,9,0,2,6,2,0,0,0,0,2,1,6,1,-1,-1,1598,1,4,-1,-1,-1
201511NH16465,5,9,0,2,6,2,0,0,0,0,2,1,6,2,-1,-1,1598,1,10,-1,-1,-1
201511NH16525,1,9,0,18,0,4,0,0,0,0,3,1,6,3,-1,-1,-1,-1,-1,-1,-1,-1
201511NH16525,2,4,0,18,0,8,5,0,0,0,1,1,6,1,19,4,-1,-1,-1,-1,1,-1
201511NH16595,1,9,0,18,0,1,0,0,0,0,1,1,6,1,60,9,1149,1,4,-1,1,-1
201511NH16595,2,9,0,3,0,1,0,0,0,0,2,1,6,1,49,8,1968,2,-1,-1,1,-1
201511NH16595,3,9,0,3,0,1,0,0,0,0,2,1,6,2,-1,-1,1248,1,2,-1,1,-1
201511NH16615,1,11,0,2,0,0,0,0,0,0,1,1,1,1,45,7,6370,2,7,-1,1,-1
201511NH16775,1,90,0,18,0,6,5,0,0,0,4,1,1,1,21,5,2198,2,1,-1,1,-1
201511NH16775,2,9,0,18,0,1,0,0,0,0,1,1,6,1,31,6,1995,2,11,-1,1,-1
201511NH17715,1,9,0,9,0,8,0,0,0,0,1,1,6,1,51,8,1229,1,4,-1,1,-1
201511NH17715,2,3,0,18,0,8,0,0,0,0,4,1,6,1,19,4,125,1,1,-1,3,-1
201511NH17925,1,3,0,18,0,8,0,0,0,0,1,1,6,2,34,6,102,1,9,-1,1,-1
201511NH17925,2,9,0,18,0,8,0,0,0,0,1,1,6,3,-1,-1,-1,-1,-1,-1,-1,-1
201511NH18005,1,19,0,9,0,8,0,0,0,0,3,1,6,1,53,8,-1,-1,-1,-1,1,-1
201511NH18005,2,5,0,14,0,8,1,0,0,0,1,1,6,1,43,7,800,1,25,-1,1,-1
201511NH18675,1,9,0,18,0,2,0,0,0,0,4,1,6,1,20,4,1686,2,9,-1,1,-1
201511NH18675,2,9,0,7,0,2,0,0,0,0,1,1,6,1,36,7,1598,1,7,-1,1,-1
201511NH18705,1,9,0,18,0,4,0,0,0,0,4,1,6,3,-1,-1,1870,2,10,-1,-1,-1
201511NH18705,2,2,0,18,0,4,0,0,0,0,3,1,6,1,17,4,50,1,3,-1,1,-1
201511NH19035,1,5,0,18,0,1,0,0,0,0,1,1,6,1,26,6,-1,-1,-1,-1,1,-1
201511NH19035,2,9,0,3,0,1,0,0,0,0,2,1,6,2,-1,-1,1240,1,12,-1,1,-1
201511NH19035,3,9,0,9,0,5,0,0,0,0,0,1,6,3,-1,-1,-1,-1,-1,-1,-1,-1
201511NH19525,1,9,0,9,0,1,0,0,0,0,4,1,6,2,21,5,1149,1,12,-1,2,-1
201511NH19525,2,9,0,18,0,1,0,0,0,0,1,1,6,2,37,7,1461,2,5,-1,3,-1
201511NH20185,1,9,0,18,0,1,0,0,0,0,1,1,6,3,62,9,-1,-1,-1,-1,1,-1
201511NH20185,2,9,0,3,0,1,0,0,0,0,2,1,2,2,66,10,998,1,15,-1,2,-1
201511NH20805,1,19,0,9,0,1,0,0,0,0,2,1,1,1,62,9,2402,2,7,-1,1,-1
201511NH20805,2,9,0,18,0,1,0,0,0,0,1,1,1,1,19,4,1968,2,1,-1,3,-1
201511NH21825,1,9,0,9,0,8,0,0,0,0,1,1,6,2,64,9,1248,1,4,-1,2,-1
201511NH22305,1,9,0,17,0,0,1,0,7,11,1,1,6,1,33,6,1364,1,9,-1,2,-1
201511NH22975,1,9,0,5,0,2,0,0,0,0,3,1,6,2,27,6,1242,1,3,-1,1,-1
201511NH23535,1,9,0,5,0,1,0,0,0,0,1,1,3,2,48,8,1240,1,11,-1,1,-1
201511NH23535,2,9,0,3,0,1,0,0,0,0,2,1,6,1,37,7,998,1,1,-1,1,-1
201511NH23975,1,9,0,14,0,0,0,0,0,0,1,1,6,1,58,9,998,1,-1,-1,1,-1
201511NH24055,1,9,0,9,0,1,0,0,0,0,1,1,6,2,53,8,1390,1,8,-1,2,-1
201511NH24055,2,11,0,18,0,1,0,0,0,0,1,1,1,1,37,7,4461,2,-1,-1,1,-1
201511NH24865,1,3,0,18,0,1,0,0,0,0,1,1,6,1,32,6,125,1,10,-1,1,-1
201511NH25135,1,9,0,18,0,0,0,0,0,0,1,1,1,1,33,6,1686,2,11,-1,1,-1
201511NH25345,1,9,0,9,0,8,0,0,0,0,1,1,6,2,61,9,1560,2,-1,-1,2,-1
201511NH25345,2,3,0,18,0,8,0,0,0,0,4,1,6,1,20,4,124,1,1,-1,1,-1
201511NH25365,1,9,0,18,0,8,0,0,0,0,1,1,6,2,18,4,998,1,11,-1,1,-1
201511NH25365,2,9,0,18,0,8,0,0,0,0,4,1,6,2,39,7,-1,-1,-1,-1,2,-1
201511NH25925,1,9,0,18,0,8,0,0,0,0,3,1,6,3,-1,-1,-1,-1,-1,-1,-1,-1
201511NH25925,2,9,0,18,0,8,1,0,0,0,1,1,6,1,31,6,1998,8,-1,-1,3,-1
201511NH26355,1,9,0,11,0,0,0,0,0,0,1,1,6,1,25,5,1596,1,11,-1,3,-1
201511NH26355,2,21,0,18,0,0,0,0,0,0,2,1,1,1,36,7,12130,2,10,-1,1,-1
201511NH26845,1,4,0,14,0,8,0,0,0,0,1,1,6,1,19,4,-1,-1,-1,-1,1,-1
201511NH26845,2,9,0,9,0,8,0,0,0,0,1,1,6,1,44,7,1497,1,10,-1,1,-1
201511NH27775,1,9,0,9,0,8,0,0,0,0,1,1,6,1,49,8,1968,2,7,-1,1,-1
201511NH27775,2,1,0,18,0,8,0,0,0,0,1,1,6,1,49,8,-1,-1,-1,-1,2,-1
201511NI00445,1,9,0,18,0,2,1,0,0,0,1,1,1,1,25,5,1598,1,9,-1,1,-1
201511NI00565,1,9,0,18,0,1,1,0,0,0,1,1,6,1,46,8,-1,-1,-1,-1,1,-1
201511NI00565,2,9,0,18,0,2,0,0,0,0,1,1,6,1,21,5,-1,-1,-1,-1,1,-1
201511NI01315,1,9,0,4,0,1,1,0,0,0,1,1,6,1,32,6,1995,2,2,-1,3,-1
201511NI01315,2,9,0,4,0,1,1,0,0,0,2,1,6,2,53,8,1598,1,3,-1,1,-1
201511NI01325,1,9,0,16,0,3,1,0,0,0,2,1,6,2,47,8,1328,1,3,-1,1,-1
201511NI01325,2,9,0,17,0,8,0,0,0,0,1,1,6,1,19,4,-1,-1,-1,-1,3,-1
201511NI01395,1,9,0,18,0,8,0,0,0,0,1,1,1,1,53,8,1910,2,7,-1,1,-1
201511NI01395,2,9,0,18,0,8,0,0,0,0,4,1,1,1,53,8,-1,-1,-1,-1,2,-1
201511NI01485,1,8,0,18,0,0,0,0,7,11,1,1,1,1,66,10,-1,-1,-1,-1,-1,-1
201511NI01485,2,9,0,18,0,0,0,0,0,0,1,1,6,2,35,6,2720,2,9,-1,3,-1
201511NI01855,1,9,0,4,0,0,2,4,0,0,1,1,2,1,23,5,1598,2,2,-1,1,-1
201511NI01855,2,9,0,2,0,0,0,0,0,0,2,1,6,2,-1,-1,-1,-1,-1,-1,1,-1
201511NI01855,3,9,0,18,0,0,0,0,0,0,1,1,1,1,59,9,1598,2,2,-1,1,-1
201511NI02195,1,9,0,18,0,1,0,0,0,0,1,1,6,1,68,10,2204,2,10,-1,3,-1
201511NI02195,2,9,0,10,0,8,0,0,1,11,2,1,1,2,34,6,-1,-1,-1,-1,2,-1
201511NI02255,1,9,0,18,0,0,1,0,0,0,1,1,6,2,38,7,1399,2,13,-1,2,-1
201511NI02255,2,9,0,18,0,0,1,0,0,0,1,1,6,2,63,9,1339,1,7,-1,2,-1
201511NI03545,1,9,0,18,0,8,0,0,0,0,1,1,6,1,46,8,2191,2,2,-1,1,-1
201511NI03545,2,8,0,18,0,8,0,0,0,0,1,1,1,1,51,8,1910,2,9,-1,1,-1
201511NI03675,1,9,0,9,0,8,0,0,0,0,1,1,6,3,-1,-1,-1,-1,-1,-1,-1,-1
201511NI03675,2,9,0,18,0,8,0,0,0,0,4,1,6,1,29,6,2000,2,11,-1,3,-1
201511NI03705,1,9,0,16,0,0,0,0,0,0,1,1,6,1,29,6,2295,1,13,-1,1,-1
201511NI03705,2,9,0,17,0,0,0,0,1,0,1,1,2,1,30,6,1951,2,13,-1,2,-1
201511NI03795,1,9,0,17,0,0,1,0,1,11,4,1,6,1,19,4,1896,2,10,-1,2,-1
201511NI03825,1,19,0,18,0,0,0,0,7,2,1,1,1,1,48,8,-1,-1,-1,-1,1,-1
201511NI03925,1,9,0,18,0,0,0,0,0,0,1,1,6,3,-1,-1,-1,-1,-1,-1,-1,-1
201511NI03925,2,9,0,3,0,0,0,0,0,0,2,1,6,1,54,8,1061,1,12,-1,1,-1
201511NI04005,1,9,0,18,0,8,0,0,0,0,3,1,6,1,44,7,2488,2,2,-1,2,-1
201511NI04005,2,1,0,18,0,8,0,0,0,0,1,1,6,1,52,8,-1,-1,-1,-1,1,-1
201511NI05245,1,9,0,18,0,8,0,0,0,0,1,1,6,2,58,9,-1,-1,-1,-1,2,-1
201511NI05245,2,9,0,7,0,8,0,0,0,0,4,1,6,1,64,9,1598,1,13,-1,1,-1
201511NI05365,1,9,0,18,0,0,0,0,0,0,1,1,6,2,45,7,1995,2,9,-1,1,-1
201511NI05365,2,9,0,4,0,0,0,0,0,0,2,1,6,2,49,8,3199,1,16,-1,1,-1
201511NI06405,1,9,0,7,0,5,0,0,0,0,4,1,6,2,68,10,1598,2,5,-1,3,-1
201511NI06405,2,1,0,18,0,1,0,0,0,0,1,1,6,1,39,7,-1,-1,-1,-1,1,-1
201511NI06615,1,1,0,18,0,0,0,0,0,0,1,1,6,1,6,2,-1,-1,-1,-1,3,-1
201511NI06615,2,9,0,18,0,0,0,0,0,0,4,1,6,1,34,6,1798,1,7,-1,3,-1
201511NI06675,1,19,0,18,0,0,0,10,0,0,1,1,1,1,48,8,-1,-1,-1,-1,2,-1
201511NI06675,2,1,0,18,0,0,0,0,0,0,1,1,6,2,11,3,-1,-1,-1,-1,2,-1
201511NI06865,1,9,0,18,0,0,0,0,0,0,3,1,6,1,76,11,2148,2,7,-1,3,-1
201511NI06865,2,11,0,18,0,0,0,0,0,0,3,1,1,2,30,6,9000,2,8,-1,2,-1
201511NI07515,1,9,0,5,0,1,0,0,0,0,1,1,6,2,34,6,1242,1,8,-1,1,-1
201511NI07515,2,9,0,18,0,1,0,0,0,0,4,1,6,1,60,9,1968,2,8,-1,2,-1
201511NI07705,1,9,0,18,0,0,0,0,0,0,1,1,2,1,20,4,1587,1,11,-1,1,-1
201511NI07705,2,9,0,4,0,0,0,0,0,0,2,1,2,2,19,4,1242,1,1,-1,1,-1
201511NI08015,1,9,0,9,0,8,0,0,0,0,3,1,6,1,18,4,1390,1,6,-1,2,-1
201511NI08015,2,5,0,18,0,8,1,0,7,9,4,1,6,1,39,7,1150,1,2,-1,2,-1
201511NI08205,1,19,0,18,0,0,0,0,0,0,4,1,6,1,23,5,1248,2,4,-1,2,-1
201511NI08395,1,9,0,9,0,8,0,0,7,4,3,1,6,2,46,8,998,1,7,-1,1,-1
201511NI08395,2,9,0,18,0,8,0,0,7,4,1,1,6,2,23,5,998,1,2,-1,2,-1
201511NI08745,1,9,0,18,0,0,0,0,0,11,1,1,6,1,18,4,1199,1,11,-1,2,-1
201511NI08765,1,9,0,18,0,1,0,0,0,0,1,1,2,2,19,4,998,1,4,-1,3,-1
201511NI08765,2,9,0,9,0,1,0,0,0,0,2,1,2,2,45,7,1598,1,12,-1,2,-1
201511NI08775,1,9,0,16,0,0,0,0,0,0,1,1,1,1,23,5,-1,-1,-1,-1,3,-1
201511NI08775,2,20,0,16,0,0,0,0,0,0,2,1,1,1,54,8,-1,-1,-1,-1,1,-1
201511NI09345,1,9,0,18,0,2,0,0,0,0,1,1,6,1,50,8,1296,1,8,-1,1,-1
201511NI09555,1,9,0,18,0,2,0,0,0,0,1,1,6,2,56,9,1596,1,9,-1,1,-1
201511NI10165,1,9,0,16,0,0,2,0,7,4,1,1,6,2,34,6,1686,2,9,-1,1,-1
201511NI10165,2,9,0,18,0,0,0,0,0,0,4,1,6,1,32,6,-1,-1,-1,-1,1,-1
201511NI10485,1,9,0,18,0,0,0,0,0,0,1,1,1,1,49,8,1995,2,-1,-1,1,-1
201511NI10485,2,9,0,15,0,0,0,4,0,0,1,1,6,1,31,6,1598,1,9,-1,2,-1
201511NI10485,3,9,0,2,0,0,0,4,0,0,3,1,6,1,-1,-1,1796,1,13,-1,-1,-1
201511NI10485,4,9,0,2,0,0,0,0,0,0,2,1,6,2,-1,-1,1596,1,4,-1,-1,-1
201511NI10545,1,9,0,18,0,0,0,0,1,0,1,1,6,1,19,4,999,1,3,-1,1,-1
201511NI10545,2,9,0,18,0,0,0,0,1,0,1,1,6,1,68,10,1997,2,9,-1,3,-1
201511NI10975,1,19,0,18,0,8,0,0,0,0,4,1,1,1,46,8,1996,2,1,-1,3,-1
201511NI10975,2,9,0,18,0,8,0,0,0,0,1,1,6,2,33,6,1124,1,8,-1,1,-1
201511NI11215,1,5,0,16,0,0,1,0,7,10,3,1,6,1,29,6,-1,-1,-1,-1,-1,-1
201511NI11245,1,9,0,18,0,0,0,0,0,0,1,1,6,2,44,7,1248,1,1,-1,1,-1
201511NI11245,2,9,0,3,0,0,0,0,0,0,2,1,6,2,35,6,1910,2,10,-1,3,-1
201511NI11245,3,9,0,3,0,0,0,0,0,0,2,1,6,2,48,8,1198,1,4,-1,1,-1
201511NI11295,1,9,0,18,0,0,5,0,7,10,1,1,2,2,21,5,1149,1,12,-1,1,-1
201511NI11505,1,9,0,18,0,1,0,10,0,10,4,1,6,1,23,5,1248,2,11,-1,2,-1
201511NI12005,1,3,0,16,0,0,1,0,0,0,1,1,1,1,27,6,125,1,2,-1,1,-1
201511NI12005,2,9,0,17,0,0,0,0,0,0,1,1,6,1,43,7,1951,2,12,-1,1,-1
201511NI12205,1,17,4,18,0,2,0,0,0,0,0,1,6,2,47,8,-1,-1,-1,-1,3,-1
201511NI12205,2,16,0,18,0,2,0,0,0,0,0,1,6,2,47,8,-1,-1,-1,-1,3,-1
201511NI12805,1,9,0,18,0,0,0,0,0,0,1,1,6,1,17,4,1248,2,11,-1,1,-1
201511NI12845,1,9,0,18,0,0,1,0,0,0,1,1,6,2,19,4,998,1,8,-1,2,-1
201511NI12845,2,9,0,3,0,0,0,0,0,0,2,1,1,1,23,5,1582,2,-1,-1,1,-1
201511NI12845,3,9,0,3,0,0,0,0,0,0,2,1,6,2,18,4,1242,1,5,-1,1,-1
201511NI12865,1,9,0,18,0,1,5,0,7,10,1,1,6,1,24,5,-1,-1,-1,-1,3,-1
201511NI12875,1,9,0,18,0,0,1,0,1,4,1,1,6,2,33,6,1999,1,9,-1,2,-1
201511NI13385,1,19,0,18,0,8,0,0,0,0,3,1,6,3,-1,-1,-1,-1,-1,-1,-1,-1
201511NI13385,2,9,0,9,0,8,0,0,0,0,1,1,2,2,25,5,973,1,12,-1,2,-1
201511NI13585,1,11,0,2,0,1,0,0,0,0,4,1,1,1,32,6,8970,2,12,-1,3,-1
201511NI13595,1,9,0,9,0,6,5,0,3,4,1,1,6,2,62,9,1998,1,10,-1,2,-1
201511NI13595,2,9,0,18,0,8,0,0,0,0,1,1,6,2,49,8,1527,2,16,-1,3,-1
201511NI14725,1,9,0,16,0,0,0,0,7,0,1,1,6,1,37,7,1397,1,14,-1,2,-1
201511NI14725,2,9,0,17,0,0,0,0,0,0,1,1,6,1,20,4,1199,2,5,-1,3,-1
201511NI14925,1,9,0,17,0,0,0,0,0,0,4,1,6,2,32,6,1997,1,14,-1,1,-1
201511NI14925,2,9,0,16,0,0,0,0,0,0,1,1,6,2,55,8,1991,2,13,-1,1,-1
201511NI14945,1,9,0,9,0,8,0,0,0,0,1,1,6,1,50,8,1984,1,14,-1,2,-1
201511NI14945,2,9,0,18,0,8,0,0,0,0,1,1,6,2,32,6,1910,2,9,-1,2,-1
201511NI15195,1,9,0,18,0,0,0,0,0,0,1,1,6,1,72,10,1560,2,9,-1,2,-1
201511NI15215,1,11,0,2,0,0,0,0,0,0,0,1,1,1,46,8,8970,2,12,-1,3,-1
201511NI16515,1,5,0,13,0,0,2,7,0,0,1,1,2,1,53,8,1255,1,5,-1,1,-1
201511NI17655,1,9,0,18,0,8,0,0,0,0,4,1,6,1,18,4,1598,2,4,-1,1,-1
201511NI17655,2,9,0,18,0,8,0,0,0,0,1,1,6,2,65,9,1360,1,11,-1,2,-1
201511NI17755,1,5,0,16,0,0,0,0,7,9,1,1,6,1,30,6,656,1,6,-1,3,-1
201511NI18155,1,9,0,16,0,0,1,0,0,0,3,1,6,2,58,9,1120,2,3,-1,3,-1
201511NI18155,2,9,0,17,0,0,1,0,1,0,3,1,6,2,45,7,1598,2,-1,-1,1,-1
201511NI18235,1,9,0,18,0,8,0,0,7,9,1,1,6,2,69,10,998,1,11,-1,2,-1
201511NI18235,2,9,0,18,0,8,2,0,0,0,3,1,6,2,52,8,1796,1,13,-1,1,-1
201511NI18235,3,9,0,18,0,8,0,0,0,0,4,1,6,2,25,5,1560,2,9,-1,1,-1
201511NI18855,1,9,0,18,0,1,1,0,1,0,1,1,6,1,20,4,1389,1,17,-1,1,-1
201511NI18855,2,9,0,9,0,6,0,0,7,0,4,1,6,1,69,10,1895,1,16,-1,2,-1
201511NI18855,3,9,0,18,0,2,0,0,0,0,0,1,6,1,19,4,1389,1,17,-1,2,-1
201511NI18865,1,9,0,16,0,8,2,10,2,2,4,1,6,1,26,6,1398,2,13,-1,1,-1
201511NI18925,1,90,0,18,0,0,0,0,0,0,3,1,1,1,23,5,2799,2,15,-1,1,-1
201511NI18925,2,1,0,18,0,0,0,0,0,0,1,1,6,1,57,9,-1,-1,-1,-1,2,-1
201511NI19085,1,9,0,18,0,1,1,0,0,0,1,1,6,1,62,9,-1,-1,-1,-1,1,-1
201511NI19085,2,9,0,3,0,1,0,0,0,0,2,1,6,2,28,6,1199,2,4,-1,3,-1
201511NI19085,3,9,0,3,0,1,0,0,0,0,2,1,6,2,63,9,-1,-1,-1,-1,1,-1
201511NI19685,1,9,0,6,0,1,0,0,0,0,0,1,1,3,-1,-1,-1,-1,-1,-1,-1,-1
201511NI19685,2,1,0,18,0,1,1,0,0,0,0,1,2,1,51,8,-1,-1,-1,-1,2,-1
201511NI19785,1,9,0,18,0,0,0,0,0,0,0,1,6,3,-1,-1,-1,-1,-1,-1,-1,-1
201511NI19785,2,1,0,18,0,0,0,0,0,0,0,1,6,1,12,3,-1,-1,-1,-1,2,-1
201511NI19985,1,2,0,9,0,6,0,0,0,0,3,1,6,2,16,4,49,1,10,-1,3,-1
201511NI19985,2,5,0,18,0,1,0,0,0,0,1,1,6,1,58,9,-1,-1,-1,-1,3,-1
201511NI20305,1,9,0,16,0,0,1,0,0,0,3,1,1,2,44,7,1242,1,9,-1,2,-1
201511NI20305,2,9,0,17,0,0,0,0,0,0,4,1,1,1,55,8,2982,2,3,-1,2,-1
201511NI20305,3,9,0,18,0,0,0,0,0,0,1,1,1,1,35,6,1997,2,15,-1,2,-1
201511NI20585,1,9,0,18,0,0,1,0,7,11,1,1,6,1,19,4,1242,1,8,-1,2,-1
201511NI20585,2,9,0,18,0,0,0,0,0,0,3,1,2,1,37,7,1198,1,1,-1,2,-1