Accident_Index,Vehicle_Reference,Vehicle_Type,Towing_and_Articulation,Vehicle_Manoeuvre,Vehicle_Location-Restricted_Lane,Junction_Location,Skidding_and_Overturning,Hit_Object_in_Carriageway,Vehicle_Leaving_Carriageway,Hit_Object_off_Carriageway,1st_Point_of_Impact,Was_Vehicle_Left_Hand_Drive?,Journey_Purpose_of_Driver,Sex_of_Driver,Age_of_Driver,Age_Band_of_Driver,Engine_Capacity_(CC),Propulsion_Code,Age_of_Vehicle,Driver_IMD_Decile,Driver_Home_Area_Type,Vehicle_IMD_Decile
201511SB19965,2,19,0,14,0,0,0,1,1,10,1,1,1,1,41,7,1995,2,3,-1,1,-1
201511SB19965,3,9,0,2,0,0,0,0,0,0,0,1,6,2,63,9,996,1,5,-1,-1,-1
201511SB20145,1,4,0,18,0,0,2,0,1,0,4,1,6,1,20,4,-1,-1,-1,-1,1,-1
201511SB20605,1,9,0,18,0,8,1,0,1,11,1,1,6,2,54,8,-1,-1,-1,-1,3,-1
201511SB20675,1,9,0,5,0,1,0,0,0,0,1,1,6,1,72,10,1248,1,1,-1,3,-1
201511SB20735,1,9,0,5,0,8,0,0,0,0,4,1,1,1,46,8,2993,2,2,-1,1,-1
201511SB21245,1,9,0,18,0,8,0,0,0,0,1,1,1,2,38,7,1197,1,1,-1,3,-1
201511SB21245,2,9,0,10,0,8,0,0,0,0,2,1,6,1,44,7,1598,2,1,-1,3,-1
201511SB21455,1,9,0,14,0,1,0,0,0,0,4,1,6,3,-1,-1,-1,-1,-1,-1,-1,-1
201511SB23745,1,9,0,18,0,0,0,0,0,0,1,1,6,3,-1,-1,-1,-1,-1,-1,-1,-1
201511SB24045,1,9,0,18,0,1,0,0,0,0,4,1,6,2,43,7,1242,1,4,-1,3,-1
201511SB24045,2,9,0,18,0,1,0,0,0,0,1,1,2,1,27,6,1700,2,24,-1,2,-1
201511SB24775,1,19,0,18,0,0,5,0,0,0,0,1,1,1,37,7,2299,2,1,-1,1,-1
201511SB25385,1,19,0,18,0,2,1,0,0,0,1,1,1,1,22,5,-1,-1,-1,-1,1,-1
201511SB25385,2,9,0,3,0,2,0,0,0,0,2,1,6,2,36,7,1598,1,6,-1,2,-1
201511SB27275,1,9,0,15,0,0,1,0,7,10,1,1,6,1,22,5,1598,1,13,-1,2,-1
201511SB27275,2,9,0,18,0,0,0,0,0,0,1,1,6,1,19,4,1995,2,6,-1,3,-1
201511SC00875,1,9,0,17,0,0,2,0,0,4,0,1,6,2,70,10,-1,-1,-1,-1,3,-1
201511SC03455,1,9,0,18,0,0,0,0,0,0,1,1,6,2,50,8,1398,2,7,-1,2,-1
201511SC03455,2,3,0,18,0,0,0,0,0,0,1,1,6,1,17,4,124,1,2,-1,2,-1
201511SC05615,1,9,0,6,0,6,5,0,1,11,4,1,6,1,78,11,1390,1,4,-1,1,-1
201511SC05615,2,9,0,18,0,8,0,0,0,0,1,1,1,1,61,9,1997,12,2,-1,3,-1
201511SC05935,1,9,0,7,0,2,0,0,0,0,1,1,6,2,53,8,1761,1,15,-1,2,-1
201511SC05935,2,9,0,18,0,1,0,0,0,0,1,1,1,2,47,8,1968,2,1,-1,3,-1
201511SC06215,1,9,0,18,0,0,0,0,8,11,1,1,6,1,62,9,-1,-1,-1,-1,1,-1
201511SC06215,2,9,0,18,0,0,0,0,0,0,3,1,6,1,52,8,-1,-1,-1,-1,3,-1
201511SC06215,3,9,0,18,0,0,0,0,0,0,3,1,6,1,24,5,1398,1,1,-1,2,-1
201511SC06545,1,9,0,18,0,8,0,4,0,0,4,1,6,2,71,10,-1,-1,-1,-1,3,-1
201511SC06545,2,9,0,2,0,8,0,0,1,0,2,1,1,1,58,9,2495,2,11,-1,3,-1
201511SC06595,1,19,0,9,0,6,0,0,0,0,3,1,6,1,23,5,1560,2,1,-1,3,-1
201511SC06595,2,9,0,18,0,8,0,0,0,0,1,1,6,1,78,11,1399,2,9,-1,2,-1
201511SC06695,1,9,0,9,0,8,0,0,0,0,1,1,2,2,57,9,-1,-1,-1,-1,3,-1
201511SC06695,2,1,0,18,0,8,0,0,0,0,4,1,6,1,45,7,-1,-1,-1,-1,1,-1
201511SC06805,1,5,0,13,0,1,0,0,0,0,1,1,6,1,62,9,1170,1,1,-1,2,-1
201511SC06805,2,9,4,9,0,1,0,0,0,0,3,1,6,1,20,4,2982,2,2,-1,3,-1
201511SC07175,1,9,0,18,0,0,5,0,1,11,3,1,6,1,33,6,1998,2,9,-1,2,-1
201511SC07925,1,5,0,18,0,0,1,0,7,11,4,1,6,1,29,6,999,1,8,-1,3,-1
201511SC08145,1,9,0,16,0,8,0,0,7,11,1,1,6,1,87,11,2179,2,6,-1,3,-1
201511SC08435,1,9,0,17,0,0,5,0,1,11,4,1,2,2,56,9,1991,2,10,-1,3,-1
201511SC08715,1,19,0,13,0,0,0,0,0,0,0,1,6,1,31,6,1560,2,4,-1,1,-1
201511SC08715,2,9,0,18,0,0,0,0,0,0,2,1,6,2,55,8,1991,2,8,-1,3,-1
201511SC08715,3,9,0,18,0,0,0,0,1,0,1,1,6,1,43,7,2993,2,4,-1,3,-1
201511SC09755,1,9,0,9,0,1,0,0,0,0,0,1,6,1,54,8,2188,2,11,-1,1,-1
201511SC09755,2,1,0,18,0,1,1,0,0,0,1,1,6,1,60,9,-1,-1,-1,-1,1,-1
201511SC09755,3,9,0,3,0,1,0,0,0,0,3,1,6,1,18,4,1390,1,12,-1,2,-1
201511SC09915,1,9,0,18,0,0,0,0,0,0,1,1,6,2,56,9,1339,1,1,-1,1,-1
201511SC09915,2,19,0,18,0,0,0,0,0,0,1,1,6,1,54,8,-1,-1,-1,-1,3,-1
201511SC09915,3,19,0,18,0,0,0,0,0,0,1,1,6,1,56,9,1248,2,5,-1,1,-1
201511SC09945,1,9,0,17,0,1,2,0,1,11,1,1,1,2,25,5,1388,1,9,-1,2,-1
201511SC10205,1,9,0,16,0,1,2,10,1,4,1,1,6,1,17,4,1994,1,13,-1,2,-1
201511SC10795,1,19,0,13,0,0,0,0,0,0,3,1,1,1,50,8,2874,2,16,-1,1,-1
201511SC10795,2,19,0,3,0,0,0,0,0,0,0,1,1,1,44,7,2463,2,10,-1,3,-1
201511SC10795,3,9,0,18,0,0,0,0,0,0,3,1,6,1,32,6,1386,1,4,-1,1,-1
201511SC11995,1,9,0,9,7,2,0,0,0,0,4,1,6,2,20,4,1149,1,3,-1,1,-1
201511SC11995,2,19,0,18,0,1,0,0,0,0,1,1,6,1,70,10,1598,2,1,-1,2,-1
201511SC12995,1,9,0,7,0,8,0,0,0,0,2,1,6,1,80,11,999,1,3,-1,1,-1
201511SC12995,2,9,3,18,0,8,0,0,0,0,1,1,6,1,56,9,1995,2,3,-1,1,-1
201511SC13615,1,19,0,18,0,8,0,0,0,0,1,1,1,1,50,8,1560,2,2,-1,1,-1
201511SC13615,2,19,0,18,0,8,5,0,0,0,4,1,1,2,47,8,1598,2,3,-1,1,-1
201511SC13615,3,19,0,18,0,8,0,0,0,0,1,1,1,1,54,8,2198,2,1,-1,2,-1
201511SC14135,1,5,0,16,0,0,0,0,7,9,1,1,6,1,40,7,599,1,2,-1,1,-1
201511SC14955,1,9,0,17,0,0,1,0,7,9,1,1,6,1,20,4,1461,2,6,-1,2,-1
201511SC17445,1,9,0,18,0,0,5,0,0,0,0,1,6,2,27,6,1995,1,13,-1,1,-1
201511SC17495,1,21,4,16,0,0,0,0,1,11,3,1,1,1,42,7,-1,-1,-1,-1,3,-1
201511SC17495,2,9,0,17,0,0,1,0,0,0,3,1,2,1,41,7,-1,-1,-1,-1,2,-1
201511SC17725,1,5,0,17,0,0,0,0,1,0,0,1,6,1,48,8,599,1,20,-1,1,-1
201511SC17875,1,9,0,18,0,0,0,0,7,0,1,1,6,1,84,11,1753,2,7,-1,2,-1
201511SC17875,2,9,0,18,0,0,0,0,0,0,1,1,6,1,49,8,1396,1,6,-1,1,-1
201511SC19215,1,5,0,17,0,0,0,0,1,0,1,1,6,1,46,8,649,1,12,-1,1,-1
201511SC19215,2,9,0,18,0,0,0,0,0,0,3,1,6,1,51,8,2295,1,10,-1,1,-1
201511SC19975,1,4,0,13,0,0,2,11,1,0,4,1,6,3,52,8,999,1,-1,-1,1,-1
201511SC19975,2,4,0,18,0,0,2,0,1,11,3,1,6,1,39,7,1261,1,11,-1,3,-1
201511SC20225,1,9,0,18,0,8,0,0,0,0,4,1,6,2,34,6,1587,1,11,-1,2,-1
201511SC20225,2,9,0,18,0,8,0,0,0,0,3,1,6,1,73,10,1586,1,11,-1,2,-1
201511SC22005,1,21,1,9,0,8,0,0,0,0,3,1,1,1,58,9,12900,2,1,-1,-1,-1
201511SC22005,2,9,0,18,0,8,0,0,0,0,1,1,6,1,51,8,3628,2,5,-1,1,-1
201511SC23345,1,9,0,18,0,8,0,0,0,0,1,1,6,2,23,5,1399,2,5,-1,3,-1
201511SC23345,2,9,0,10,0,8,0,0,0,0,2,1,6,2,46,8,1461,2,3,-1,3,-1
201511SC24195,1,21,1,9,0,6,0,0,0,0,3,1,1,1,35,6,12419,2,-1,-1,3,-1
201511SC24195,2,19,0,18,0,1,0,0,0,0,1,1,1,1,67,10,2143,2,4,-1,1,-1
201511SC24365,1,9,0,1,0,1,0,0,0,0,2,1,6,1,69,10,1753,2,11,-1,3,-1
201511SC25155,1,9,0,18,0,8,0,4,0,0,1,1,6,2,47,8,1242,1,9,-1,2,-1
201511SC25155,2,9,0,2,0,8,0,4,1,0,2,1,6,1,71,10,1560,2,1,-1,1,-1
201511SC25155,3,9,0,2,0,8,0,0,0,0,2,1,6,1,42,7,1560,2,4,-1,3,-1
201511SC25265,1,9,0,10,0,1,0,0,1,0,3,1,3,2,50,8,1198,1,9,-1,3,-1
201511SC25265,2,9,0,14,0,1,0,0,0,11,1,1,2,1,31,6,1598,2,5,-1,2,-1
201511SC25915,1,9,0,18,0,0,1,0,7,11,1,1,6,1,57,9,2184,2,10,-1,1,-1
201511SC25965,1,9,0,18,0,0,1,0,7,3,4,1,6,1,27,6,1396,1,11,-1,3,-1
201511SC25965,2,9,0,18,0,0,1,0,0,0,4,1,2,1,61,9,2495,2,9,-1,3,-1
201511SC26145,1,19,0,4,0,0,0,0,0,0,1,1,6,1,38,7,1598,2,-1,-1,-1,-1
201511SC26145,2,9,0,18,0,0,0,0,0,0,2,1,6,2,54,8,1388,1,4,-1,1,-1
201511SJ00095,1,19,0,2,0,2,0,0,0,11,1,1,1,2,46,8,2402,2,6,-1,1,-1
201511SJ00195,1,9,0,9,0,8,0,0,0,0,1,1,6,1,64,9,-1,-1,-1,-1,1,-1
201511SJ00195,2,9,0,9,0,8,0,0,0,0,1,1,6,1,53,8,2179,2,8,-1,3,-1
201511SJ00235,1,9,0,18,0,8,0,0,0,0,1,1,6,2,72,10,-1,-1,-1,-1,2,-1
201511SJ00235,2,9,0,9,0,8,0,0,1,11,4,1,6,1,55,8,-1,-1,-1,-1,2,-1
201511SJ00395,1,9,0,18,0,1,0,0,0,0,1,1,2,2,41,7,1598,1,13,-1,1,-1
201511SJ00395,2,9,0,3,0,1,0,0,0,0,2,1,1,1,19,4,1461,2,7,-1,1,-1
201511SJ00425,1,9,0,9,0,8,0,0,0,0,3,1,6,2,17,4,998,1,8,-1,3,-1
201511SJ00425,2,9,0,18,0,8,0,0,0,0,1,1,6,1,19,4,-1,-1,-1,-1,1,-1
201511SJ01005,1,9,0,18,0,1,0,0,0,0,1,1,6,3,-1,-1,-1,-1,-1,-1,-1,-1
201511SJ01005,2,9,0,18,0,1,0,0,0,0,2,1,1,1,47,8,1242,1,5,-1,1,-1
201511SJ01155,1,9,0,18,0,1,0,0,0,0,1,1,6,2,-1,-1,-1,-1,-1,-1,1,-1
201511SJ01155,2,9,0,3,0,1,0,0,0,0,2,1,6,1,39,7,2148,2,10,-1,1,-1
201511SJ01255,1,19,0,9,0,8,0,0,0,0,1,1,1,1,44,7,-1,-1,-1,-1,1,-1
201511SJ01255,2,1,0,18,0,8,0,0,0,0,1,1,2,1,49,8,-1,-1,-1,-1,1,-1
201511SJ01285,1,9,0,9,0,8,0,0,0,0,3,1,6,2,17,4,1360,1,9,-1,1,-1
201511SJ01285,2,8,0,18,0,8,0,0,0,0,1,2,1,1,62,9,-1,-1,-1,-1,1,-1
201511SJ01295,1,19,0,18,0,2,0,0,0,0,4,1,6,1,47,8,2198,2,4,-1,-1,-1
201511SJ01305,1,11,0,4,1,1,1,0,0,0,1,1,1,1,-1,-1,4250,2,7,-1,1,-1
201511SJ01305,2,9,0,4,1,1,0,0,0,0,2,1,6,1,56,9,1798,1,12,-1,1,-1
201511SJ01405,1,9,0,18,0,8,0,0,0,0,1,1,6,1,31,6,1896,2,16,-1,3,-1
201511SJ01405,2,9,0,9,0,8,0,0,0,0,2,1,1,1,73,10,2495,2,20,-1,1,-1
201511SJ01445,1,9,0,10,0,1,0,0,0,0,3,1,6,2,-1,-1,1596,1,5,-1,1,-1
201511SJ01445,2,2,0,18,0,1,0,0,0,0,1,1,2,1,17,4,49,1,1,-1,1,-1
201511SJ01515,1,11,0,2,0,0,0,0,0,0,0,1,1,1,61,9,-1,2,16,-1,1,-1
201511SJ01525,1,9,0,4,0,4,0,0,0,0,1,1,1,1,38,7,1798,1,8,-1,1,-1
201511SJ01595,1,9,0,18,0,0,0,0,0,0,1,1,6,1,45,7,1896,2,16,-1,1,-1
201511SJ01595,2,9,0,18,0,0,0,0,0,0,2,1,6,2,32,6,-1,-1,-1,-1,1,-1
201511SJ01625,1,9,0,18,0,0,1,4,1,0,1,1,3,2,33,6,1596,1,9,-1,1,-1
201511SJ01625,2,9,0,2,0,0,0,4,0,0,2,1,6,2,-1,-1,1360,1,8,-1,1,-1
201511SJ01625,3,9,0,2,0,0,0,0,0,0,2,1,6,3,-1,-1,1598,1,10,-1,1,-1
201511SJ01845,1,9,0,18,0,0,0,0,0,0,1,1,6,2,24,5,1242,1,8,-1,1,-1
201511SJ01985,1,11,0,5,0,2,0,0,0,0,0,1,1,1,64,9,6700,2,2,-1,1,-1
201511SJ02135,1,9,0,1,0,0,0,0,0,0,2,1,6,1,-1,-1,-1,-1,-1,-1,1,-1
201511SJ02135,2,9,0,4,0,0,0,0,0,0,1,1,6,2,19,4,-1,-1,-1,-1,1,-1
201511SJ02165,1,9,0,18,0,0,0,6,1,10,1,1,6,1,27,6,2000,1,9,-1,3,-1
201511SJ02305,1,9,0,18,0,0,1,0,4,6,3,1,6,2,39,7,1360,1,3,-1,1,-1
201511SJ02325,1,9,0,18,0,0,5,0,1,11,1,1,6,2,18,4,-1,-1,-1,-1,-1,-1
201511SJ02445,1,11,0,18,0,0,0,0,0,0,0,1,1,1,27,6,12816,5,2,-1,-1,-1
201511SJ02465,1,9,0,18,0,0,0,0,0,0,1,1,6,2,35,6,1560,2,-1,-1,3,-1
201511SJ02465,2,9,0,18,0,0,0,0,0,0,2,1,6,2,40,7,1149,1,5,-1,1,-1
201511SJ02465,3,9,0,18,0,0,0,0,0,0,2,1,6,2,27,6,-1,-1,-1,-1,3,-1
201511SJ02465,4,9,0,18,0,0,0,0,0,0,1,1,6,1,40,7,1124,1,13,-1,1,-1
201511SJ02635,1,9,0,9,0,8,0,0,0,0,1,1,6,3,-1,-1,-1,-1,-1,-1,-1,-1
201511SJ02635,2,3,0,3,0,8,0,0,0,0,4,1,2,1,36,7,124,1,1,-1,1,-1
201511SJ02795,1,8,0,18,0,1,0,0,0,0,1,1,1,1,39,7,1896,2,11,-1,1,-1
201511SJ02795,2,9,0,3,0,1,0,0,0,0,2,1,6,2,42,7,1968,2,9,-1,1,-1
201511SJ02825,1,9,0,9,0,6,0,0,0,0,3,1,6,1,41,7,1386,1,9,-1,2,-1
201511SJ02825,2,9,0,18,0,8,0,0,1,10,1,1,6,1,21,5,1461,2,5,-1,1,-1
201511SJ02885,1,9,0,18,0,8,0,0,0,0,4,1,6,1,45,7,1248,1,4,-1,2,-1
201511SJ02885,2,8,0,18,0,8,0,0,0,0,1,1,1,1,51,8,1560,2,5,-1,1,-1
201511SJ03145,1,9,0,18,0,8,0,0,0,0,1,1,6,1,25,5,1242,1,1,-1,1,-1
201511SJ03145,2,9,0,10,0,8,0,0,0,0,2,1,6,1,49,8,1995,2,2,-1,1,-1
201511SJ03195,1,11,0,18,0,8,0,0,0,0,1,1,1,1,49,8,12816,5,2,-1,1,-1
201511SJ03255,1,9,0,9,0,1,0,0,0,0,4,1,6,1,34,6,1360,1,12,-1,3,-1
201511SJ03255,2,9,0,18,0,8,0,0,0,0,1,1,6,1,48,8,-1,-1,-1,-1,3,-1
201511SJ03515,1,9,0,16,0,8,2,0,7,0,1,1,6,1,45,7,-1,-1,-1,-1,1,-1
201511SJ03515,2,9,0,2,6,8,0,0,0,0,3,1,6,2,57,9,1360,1,9,-1,3,-1
201511SJ03515,3,19,0,2,6,8,0,0,0,0,3,1,6,1,62,9,1753,2,9,-1,3,-1
201511SJ03715,1,9,0,18,0,2,1,0,0,0,1,1,2,1,22,5,1984,1,14,-1,1,-1
201511SJ03715,2,9,0,3,0,2,0,0,0,0,2,1,2,1,38,7,-1,-1,-1,-1,1,-1
201511SJ03715,3,9,0,3,0,2,0,0,0,0,2,1,2,1,18,4,1560,2,2,-1,1,-1
201511SJ03905,1,11,0,3,0,0,0,0,0,0,3,1,1,1,-1,-1,-1,-1,-1,-1,1,-1
201511SJ03985,1,9,0,18,0,1,0,7,0,0,1,1,6,2,53,8,1242,1,9,-1,1,-1
201511SJ03985,2,19,0,3,0,1,0,7,0,0,2,1,6,1,43,7,2148,2,8,-1,1,-1
201511SJ04345,1,9,0,9,0,3,0,0,0,0,1,1,2,1,39,7,1598,1,10,-1,2,-1
201511SJ04365,1,19,0,18,0,0,0,0,0,0,2,1,1,1,43,7,2402,2,4,-1,1,-1
201511SJ04365,2,9,0,18,0,0,0,0,0,0,3,1,1,2,27,6,-1,-1,-1,-1,1,-1
201511SJ04625,1,1,0,18,0,8,0,0,0,0,1,1,4,2,14,3,-1,-1,-1,-1,1,-1
201511SJ04625,2,9,0,7,0,8,0,0,0,0,4,1,2,2,29,6,1956,2,5,-1,1,-1
201511SJ04715,1,9,0,18,0,0,0,0,0,0,1,1,6,1,26,6,1686,2,4,-1,1,-1
201511SJ04825,1,9,0,18,0,0,0,0,0,0,1,1,6,3,-1,-1,-1,-1,-1,-1,-1,-1
201511SJ04955,1,9,0,13,0,1,0,0,1,11,1,1,6,1,39,7,-1,-1,-1,-1,1,-1
201511SJ04955,2,9,0,9,0,1,0,0,0,0,2,1,6,2,39,7,1248,1,3,-1,1,-1
201511SJ04995,1,9,0,18,0,1,0,0,0,0,1,1,6,1,-1,-1,1560,2,1,-1,1,-1
201511SJ04995,2,9,0,10,0,8,0,0,0,0,2,1,6,2,49,8,1198,1,5,-1,1,-1
201511SJ05445,1,90,0,9,0,8,0,0,0,0,1,1,1,1,46,8,-1,-1,-1,-1,1,-1
201511SJ05445,2,9,0,18,0,8,0,0,0,0,1,1,2,1,47,8,-1,-1,-1,-1,1,-1
201511SJ05455,1,9,0,18,4,8,0,0,0,0,3,1,6,1,85,11,1995,1,7,-1,3,-1
201511SJ05455,2,5,0,18,8,4,0,0,0,0,1,1,6,1,58,9,599,1,5,-1,3,-1
201511SJ05985,1,11,0,18,0,8,0,0,0,0,0,1,1,1,44,7,6700,2,6,-1,1,-1
201511SJ05995,1,9,0,18,0,0,0,0,0,0,1,1,6,3,-1,-1,-1,-1,-1,-1,-1,-1
201511SJ05995,2,1,0,18,0,0,0,0,0,0,3,1,6,1,31,6,-1,-1,-1,-1,1,-1
201511SJ06005,1,9,0,18,0,4,0,0,0,0,1,1,6,1,62,9,-1,-1,-1,-1,1,-1
201511SJ06005,2,9,0,18,0,3,0,0,0,0,4,1,6,1,26,6,-1,-1,-1,-1,2,-1
201511SJ06025,1,11,0,2,2,0,0,0,0,0,0,1,1,1,33,6,5883,2,15,-1,2,-1
201511SJ06065,1,9,0,18,0,4,0,0,0,0,1,1,6,2,40,7,-1,-1,-1,-1,1,-1
201511SJ06065,2,1,0,18,0,3,0,0,0,0,2,1,1,1,54,8,-1,-1,-1,-1,3,-1
201511SJ06125,1,9,0,18,0,0,5,7,5,6,1,1,6,1,34,6,-1,-1,-1,-1,1,-1
201511SJ06125,2,9,0,18,0,0,0,0,0,0,3,1,6,2,61,9,998,1,1,-1,1,-1
201511SJ06175,1,9,0,4,0,1,1,0,1,0,1,1,6,3,-1,-1,2457,1,14,-1,-1,-1
201511SJ06175,2,9,0,3,0,1,0,0,0,0,2,1,6,2,50,8,1598,1,2,-1,2,-1
201511SJ06195,1,9,0,18,0,8,0,0,0,0,1,1,6,1,19,4,-1,-1,-1,-1,1,-1
201511SJ06195,2,9,0,9,0,8,0,0,7,11,2,1,6,1,27,6,1596,1,14,-1,1,-1
201511SJ06255,1,9,0,18,0,0,0,7,0,0,1,1,6,1,22,5,1995,2,8,-1,1,-1
201511SJ06255,2,9,0,18,0,0,0,0,0,0,1,1,6,2,38,7,-1,-1,-1,-1,1,-1
201511SJ06455,1,9,0,18,0,4,0,0,3,1,1,1,6,2,68,10,1360,1,13,-1,3,-1
201511SJ06455,2,9,0,18,0,8,0,0,3,1,4,1,6,2,65,9,1598,1,8,-1,1,-1
201511SJ06705,1,11,0,2,0,0,0,0,0,0,0,1,1,1,58,9,4250,2,14,-1,1,-1
201511SJ06715,1,9,0,18,0,8,0,0,0,0,1,1,6,1,20,4,1596,1,9,-1,1,-1
201511SJ06715,2,9,0,9,0,8,0,0,1,2,1,1,6,1,52,8,1339,1,13,-1,1,-1
201511SJ06835,1,9,0,9,0,8,0,0,0,0,1,1,6,1,80,11,1149,1,13,-1,1,-1
201511SJ06835,2,9,0,9,0,8,0,0,0,0,3,1,6,1,74,10,1995,2,1,-1,1,-1
201511SJ07545,1,9,0,18,0,2,0,0,0,0,1,1,2,1,39,7,-1,-1,-1,-1,1,-1
201511SJ07545,2,9,0,3,0,2,0,0,0,0,2,1,2,1,40,7,1956,2,3,-1,1,-1
201511SJ07625,1,9,0,18,0,8,0,0,0,0,1,1,6,1,37,7,1390,1,8,-1,3,-1
201511SJ07625,2,9,0,18,0,8,0,0,0,0,1,1,2,2,35,6,1595,1,7,-1,1,-1
201511SJ07845,1,19,0,7,0,8,2,0,1,4,3,1,1,1,33,6,-1,-1,-1,-1,1,-1
201511SJ08005,1,5,0,18,0,0,0,0,0,0,1,1,6,1,54,8,865,1,7,-1,1,-1
201511SJ08065,1,3,0,15,0,8,0,0,0,0,1,1,6,1,29,6,125,1,7,-1,1,-1
201511SJ08065,2,9,0,7,0,8,0,0,0,0,3,1,6,1,46,8,2401,2,12,-1,1,-1
201511SJ08075,1,19,0,7,0,1,0,0,0,0,2,1,6,3,-1,-1,2402,2,6,-1,-1,-1
201511SJ08075,2,1,0,18,0,1,0,0,0,0,1,1,6,1,55,8,-1,-1,-1,-1,3,-1
201511SJ08085,1,9,0,18,0,1,0,0,0,0,1,1,6,1,-1,-1,1753,2,7,-1,1,-1
201511SJ08085,2,1,0,18,0,2,0,0,0,0,1,1,6,2,30,6,-1,-1,-1,-1,1,-1
201511SJ08095,1,9,0,18,0,0,1,0,0,0,1,1,1,1,32,6,-1,-1,-1,-1,3,-1
201511SJ08095,2,9,0,18,0,0,0,0,0,0,1,1,6,2,51,8,1149,1,11,-1,3,-1
201511SJ08125,1,9,0,18,0,1,0,7,0,0,1,1,6,1,48,8,1124,1,11,-1,1,-1
201511SJ08175,1,9,0,7,0,8,0,0,0,0,1,1,6,1,71,10,1560,2,8,-1,1,-1
201511SJ08175,2,9,0,4,0,8,0,0,0,0,4,1,6,2,38,7,1390,1,10,-1,3,-1
201511SJ08675,1,9,0,3,0,1,0,0,0,0,1,1,2,3,-1,-1,-1,-1,-1,-1,-1,-1
201511SJ08675,2,9,0,3,0,1,0,0,0,0,2,1,2,2,19,4,1242,1,2,-1,1,-1
201511SJ08795,1,1,0,18,0,1,0,4,0,0,1,1,6,1,11,3,-1,-1,-1,-1,1,-1
201511SJ08795,2,9,0,3,0,1,0,0,0,0,3,1,2,1,24,5,2143,2,4,-1,1,-1
201511SJ08805,1,9,0,3,0,1,0,0,0,0,1,1,6,1,23,5,-1,-1,-1,-1,1,-1
201511SJ08805,2,19,0,3,0,1,0,0,0,0,2,1,6,1,19,4,-1,-1,-1,-1,1,-1
201511SJ08945,1,9,0,3,0,1,0,0,0,0,1,1,6,1,34,6,2993,2,7,-1,1,-1
201511SJ08945,2,9,0,3,0,1,0,0,0,0,2,1,6,1,20,4,1299,1,12,-1,-1,-1
201511SJ09145,1,9,0,18,0,0,0,0,0,0,4,1,6,2,42,7,1229,1,6,-1,1,-1
201511SJ09155,1,9,0,18,0,8,0,0,0,0,1,1,6,3,-1,-1,1997,2,6,-1,-1,-1
201511SJ09155,2,9,0,18,0,8,0,0,0,0,4,1,6,2,23,5,1299,1,7,-1,1,-1
201511SJ09165,1,9,0,18,0,0,0,0,0,0,4,1,6,3,-1,-1,-1,-1,-1,-1,-1,-1
201511SJ09185,1,11,0,2,0,2,0,0,0,0,0,1,1,1,58,9,5883,2,15,-1,1,-1
201511SJ09425,1,9,0,13,0,0,1,0,1,1,4,1,6,1,21,5,-1,-1,-1,-1,1,-1
201511SJ09425,2,9,0,18,0,0,0,0,0,0,3,1,6,1,75,10,1242,1,7,-1,2,-1
201511SJ09505,1,9,0,6,0,0,0,0,0,0,3,1,1,2,21,5,1968,2,4,-1,1,-1
201511SJ09505,2,4,0,18,0,0,0,0,0,0,1,1,1,1,43,7,-1,-1,-1,-1,1,-1
201511SJ09795,1,9,0,13,0,0,0,0,0,0,1,1,6,1,32,6,1896,2,15,-1,2,-1
201511SJ09795,2,9,0,18,0,0,1,0,0,0,3,1,2,1,45,7,1596,1,11,-1,1,-1
201511SJ09795,3,9,0,18,0,0,0,0,0,0,1,1,4,2,44,7,1984,1,1,-1,1,-1
201511SJ09825,1,9,0,18,0,1,0,0,0,0,4,1,6,2,79,11,1296,1,9,-1,2,-1
201511SJ09845,1,9,0,18,0,1,0,0,0,0,1,1,6,1,37,7,1910,2,9,-1,1,-1
201511SJ09845,2,21,0,18,0,1,0,0,0,0,2,1,1,1,21,5,-1,-1,-1,-1,1,-1
201511SJ09925,1,11,0,18,0,0,0,0,0,0,0,1,1,1,43,7,12816,5,2,-1,1,-1
201511SJ09935,1,9,0,9,0,1,0,0,0,0,4,1,6,1,26,6,1299,1,11,-1,1,-1
201511SJ09935,2,8,0,18,0,1,0,0,0,0,1,1,2,1,63,9,1598,2,2,-1,1,-1
201511SJ09935,3,9,0,10,0,1,0,0,0,0,1,1,6,1,72,10,1560,2,4,-1,1,-1
201511SJ09955,1,1,0,18,0,8,0,0,0,0,1,1,6,2,41,7,-1,-1,-1,-1,1,-1
201511SJ09955,2,9,0,18,0,1,0,0,0,0,1,1,6,1,57,9,1560,2,9,-1,1,-1
201511SJ10285,1,9,4,13,0,0,0,0,0,0,4,1,1,1,46,8,-1,-1,-1,-1,3,-1
201511SJ10285,2,1,0,18,0,0,0,0,0,0,3,1,6,1,68,10,-1,-1,-1,-1,1,-1
201511SJ10295,1,4,0,18,0,2,0,0,0,0,0,1,6,1,36,7,249,1,-1,-1,1,-1
201511SJ10305,1,90,0,9,0,6,0,0,0,0,1,1,6,1,9,2,-1,-1,-1,-1,1,-1
201511SJ10305,2,9,0,18,0,2,0,0,0,0,1,1,6,1,39,7,1995,2,10,-1,1,-1
201511SJ10365,1,9,0,14,0,0,0,0,0,0,4,1,6,3,-1,-1,-1,-1,-1,-1,-1,-1
201511SJ10365,2,1,0,18,0,0,0,0,0,0,3,1,6,1,34,6,-1,-1,-1,-1,1,-1
201511SJ10405,1,9,0,16,0,0,0,0,1,0,1,1,6,1,19,4,1390,1,1,-1,2,-1
201511SJ10405,2,19,0,17,0,0,0,0,1,1,1,1,6,1,37,7,1560,2,4,-1,2,-1
201511SJ10585,1,11,0,4,0,1,0,0,0,0,0,1,1,1,22,5,12816,5,4,-1,1,-1
201511SJ10595,1,19,0,9,0,8,0,0,0,0,3,1,1,1,44,7,1753,2,10,-1,1,-1
201511SJ10595,2,9,0,18,0,8,0,0,0,0,1,1,6,2,34,6,1242,1,12,-1,1,-1
201511SJ10605,1,9,0,1,9,0,0,0,0,0,2,1,6,1,28,6,1796,1,11,-1,1,-1