Accident_Index,Vehicle_Reference,Vehicle_Type,Towing_and_Articulation,Vehicle_Manoeuvre,Vehicle_Location-Restricted_Lane,Junction_Location,Skidding_and_Overturning,Hit_Object_in_Carriageway,Vehicle_Leaving_Carriageway,Hit_Object_off_Carriageway,1st_Point_of_Impact,Was_Vehicle_Left_Hand_Drive?,Journey_Purpose_of_Driver,Sex_of_Driver,Age_of_Driver,Age_Band_of_Driver,Engine_Capacity_(CC),Propulsion_Code,Age_of_Vehicle,Driver_IMD_Decile,Driver_Home_Area_Type,Vehicle_IMD_Decile
201511SJ10665,1,9,0,9,0,8,0,0,0,0,1,1,6,2,17,4,1198,1,2,-1,2,-1
201511SJ10665,2,9,0,18,0,8,0,0,0,0,3,1,6,2,53,8,1998,2,8,-1,1,-1
201511SJ10875,1,3,0,18,0,0,0,0,1,0,4,1,2,1,39,7,124,1,-1,-1,1,-1
201511SJ10935,1,9,0,18,0,0,0,0,0,0,1,1,6,2,48,8,1388,1,13,-1,2,-1
201511SJ10935,2,9,0,18,0,0,0,0,0,0,2,1,6,2,31,6,1997,2,10,-1,2,-1
201511SJ10995,1,19,0,9,0,6,0,0,0,0,1,1,6,3,-1,-1,1753,2,11,-1,-1,-1
201511SJ10995,2,9,0,18,0,1,0,0,0,0,1,1,2,1,27,6,998,1,11,-1,1,-1
201511SJ11195,1,19,0,13,0,2,0,0,0,0,4,1,6,3,-1,-1,-1,-1,-1,-1,-1,-1
201511SJ11195,2,1,0,18,0,2,0,0,0,0,3,1,6,1,54,8,-1,-1,-1,-1,1,-1
201511SJ11205,1,5,0,18,0,0,1,0,1,10,1,1,6,1,57,9,1050,1,2,-1,1,-1
201511SJ11275,1,9,0,9,0,1,0,0,0,0,1,1,6,1,81,11,1598,1,9,-1,1,-1
201511SJ11275,2,9,0,18,0,1,0,0,0,0,1,1,6,2,26,6,1796,1,11,-1,1,-1
201511SJ11525,1,9,0,18,0,0,5,0,1,4,1,1,6,1,32,6,1598,2,2,-1,1,-1
201511SJ11535,1,9,0,18,0,0,0,0,0,0,1,1,6,1,39,7,1968,2,-1,-1,2,-1
201511SJ11535,2,9,0,3,0,0,0,0,0,0,2,1,6,1,59,9,1086,1,7,-1,1,-1
201511SJ11565,1,9,0,7,0,6,0,0,0,0,3,1,6,1,65,9,1951,2,13,-1,1,-1
201511SJ11565,2,9,0,18,0,8,0,0,7,0,1,1,6,2,52,8,1296,1,7,-1,1,-1
201511SJ11585,1,9,0,9,0,6,0,0,0,0,3,1,6,1,17,4,1229,1,1,-1,1,-1
201511SJ11585,2,9,0,18,0,8,0,0,1,1,1,1,6,2,37,7,1598,1,10,-1,3,-1
201511SJ11885,1,9,0,1,0,2,0,4,0,0,2,1,6,3,-1,-1,1995,2,11,-1,-1,-1
201511SJ11885,2,9,0,2,0,2,0,0,0,0,3,1,6,2,31,6,1229,1,3,-1,1,-1
201511SJ12075,1,21,1,18,0,0,0,0,0,0,1,1,1,1,47,8,15928,2,13,-1,-1,-1
201511SJ12075,2,9,0,18,0,0,0,0,0,0,2,1,6,1,46,8,1686,2,1,-1,2,-1
201511SJ12165,1,9,0,18,0,0,0,0,0,0,1,1,6,1,53,8,-1,-1,-1,-1,1,-1
201511SJ12225,1,9,0,1,0,1,0,0,0,0,2,1,6,1,30,6,1956,2,4,-1,1,-1
201511SJ12785,1,1,0,18,0,8,0,0,0,0,4,1,6,2,11,3,-1,-1,-1,-1,1,-1
201511SJ12785,2,9,0,18,0,8,0,0,0,0,1,1,6,2,26,6,1587,1,12,-1,1,-1
201511SJ12815,1,9,0,18,0,0,0,0,0,0,4,1,6,1,73,10,2499,1,7,-1,3,-1
201511SJ12835,1,9,0,18,0,2,0,0,0,0,4,1,6,1,21,5,1598,1,11,-1,1,-1
201511SJ12855,1,9,0,7,0,6,0,0,0,0,1,1,2,1,44,7,2969,2,10,-1,1,-1
201511SJ12855,2,1,0,18,0,8,0,0,0,0,1,1,6,1,13,3,-1,-1,-1,-1,1,-1
201511SJ12945,1,9,0,18,0,0,0,0,0,0,1,1,6,1,-1,-1,1956,2,-1,-1,1,-1
201511SJ12945,2,9,0,3,0,0,0,0,0,0,2,1,6,1,26,6,-1,-1,-1,-1,1,-1
201511SJ13025,1,11,0,18,0,4,0,0,0,0,0,1,1,1,43,7,12816,5,2,-1,1,-1
201511SJ14345,1,9,0,18,0,0,0,0,0,0,2,1,6,3,-1,-1,2987,2,1,-1,-1,-1
201511SJ14345,2,19,0,18,0,0,0,0,0,0,1,1,1,1,50,8,2402,2,13,-1,1,-1
201511SJ14665,1,1,0,18,0,8,0,0,0,0,1,1,6,1,7,2,-1,-1,-1,-1,2,-1
201511SJ14665,2,9,0,18,0,8,0,0,0,0,4,1,2,2,42,7,1368,1,5,-1,2,-1
201511SJ15085,1,9,0,9,0,8,0,0,0,0,3,1,6,1,26,6,2143,2,-1,-1,1,-1
201511SJ15085,2,9,0,9,0,8,0,0,0,0,1,1,6,1,54,8,1796,1,14,-1,1,-1
201511SJ15105,1,9,0,9,0,8,0,0,0,0,1,1,6,3,-1,-1,-1,-1,-1,-1,-1,-1
201511SJ15105,2,9,0,9,0,8,0,0,0,0,3,1,6,1,31,6,1596,1,11,-1,1,-1
201511SJ15385,1,11,0,18,0,1,0,0,0,0,1,1,1,1,45,7,9000,2,10,-1,1,-1
201511SJ15385,2,8,0,7,0,8,0,0,0,0,2,1,1,1,60,9,1598,2,2,-1,1,-1
201511SJ15435,1,11,0,5,0,0,0,0,0,0,0,1,1,1,-1,-1,6700,2,2,-1,1,-1
201511SJ15725,1,9,0,14,0,0,0,0,0,0,1,1,6,1,25,5,1956,2,3,-1,1,-1
201511SJ15755,1,11,0,4,7,8,0,0,0,0,0,1,1,2,56,9,4250,2,6,-1,1,-1
201511SJ15905,1,9,0,9,0,2,0,0,0,0,3,1,6,2,58,9,1386,1,3,-1,1,-1
201511SJ15905,2,9,0,18,0,1,0,0,0,0,1,1,6,1,44,7,2387,2,9,-1,1,-1
201511SJ15965,1,19,0,9,0,1,0,0,0,0,1,1,6,1,45,7,1867,2,15,-1,1,-1
201511SJ16105,1,3,0,18,0,0,0,0,0,0,1,1,6,1,29,6,124,1,3,-1,1,-1
201511SJ16105,2,9,0,3,0,0,0,0,0,0,2,1,6,1,22,5,1968,2,4,-1,1,-1
201511SJ16285,1,5,0,18,0,1,0,0,0,0,1,1,6,1,51,8,599,1,11,-1,3,-1
201511SJ16285,2,90,0,9,0,1,0,0,0,0,0,1,6,1,35,6,-1,2,3,-1,3,-1
201511SJ16315,1,1,0,18,0,1,0,0,0,0,1,1,6,1,11,3,-1,-1,-1,-1,1,-1
201511SJ16315,2,9,0,18,0,1,0,0,0,0,1,1,6,1,17,4,1229,1,7,-1,1,-1
201511SJ16345,1,9,0,18,0,0,0,0,0,0,2,1,6,2,45,7,1398,1,4,-1,1,-1
201511SJ16345,2,9,0,18,0,0,0,0,0,0,0,1,6,2,42,7,1149,1,10,-1,1,-1
201511SJ16585,1,9,0,7,0,6,0,0,0,0,3,1,6,2,49,8,1390,1,12,-1,2,-1
201511SJ16585,2,19,0,18,0,1,0,0,0,0,4,1,6,1,28,6,1753,2,11,-1,1,-1
201511SJ17525,1,9,0,9,0,6,0,0,0,0,3,1,1,2,31,6,1364,1,9,-1,1,-1
201511SJ17525,2,9,0,18,0,8,0,0,0,0,1,1,6,3,-1,-1,-1,-1,-1,-1,-1,-1
201511SJ17595,1,9,0,18,0,1,0,0,0,0,1,1,6,2,-1,-1,1910,2,8,-1,1,-1
201511SJ17595,2,9,0,3,0,1,0,0,0,0,2,1,6,1,57,9,1339,1,9,-1,3,-1
201511SJ17645,1,9,0,1,0,0,1,0,7,11,1,1,1,1,23,5,1997,2,14,-1,1,-1
201511SJ17645,2,19,0,2,0,0,0,0,0,0,1,1,1,1,41,7,1997,2,10,-1,1,-1
201511SJ17885,1,9,0,18,0,0,1,0,5,6,1,1,6,2,49,8,2993,2,5,-1,1,-1
201511SJ17885,2,21,1,18,0,0,1,0,0,0,2,1,1,1,59,9,10837,2,-1,-1,-1,-1
201511SJ17885,3,9,0,18,0,0,1,0,0,0,1,1,6,1,25,5,1968,2,6,-1,1,-1
201511SJ17885,4,9,0,18,0,0,1,0,0,0,1,1,6,1,40,7,2993,2,3,-1,1,-1
201511SJ17895,1,9,0,18,0,1,0,0,0,0,1,1,6,3,-1,-1,1497,1,14,-1,-1,-1
201511SJ17895,2,9,0,3,0,1,0,0,0,0,2,1,6,1,40,7,-1,-1,-1,-1,1,-1
201511SJ18115,1,1,0,18,0,1,0,0,0,0,3,1,1,1,27,6,-1,-1,-1,-1,1,-1
201511SJ18115,2,9,0,18,0,1,0,0,0,0,4,1,1,1,30,6,1229,1,6,-1,1,-1
201511SJ18145,1,9,0,18,0,1,0,0,0,0,1,1,6,3,-1,-1,1895,1,16,-1,-1,-1
201511SJ18145,2,9,0,10,0,1,0,0,0,0,2,1,6,1,20,4,1149,1,14,-1,1,-1
201511SJ18185,1,1,0,18,0,8,0,0,0,0,3,1,6,1,34,6,-1,-1,-1,-1,1,-1
201511SJ18185,2,9,0,18,0,8,0,0,0,0,1,1,1,1,58,9,-1,-1,-1,-1,1,-1
201511SJ18565,1,9,0,18,0,0,0,0,0,0,3,1,6,2,38,7,1124,1,5,-1,2,-1
201511SJ18565,2,9,0,12,0,0,0,0,0,0,4,1,6,1,19,4,1968,2,10,-1,1,-1
201511SJ18735,1,1,0,18,0,1,1,10,0,0,1,1,2,1,47,8,-1,-1,-1,-1,1,-1
201511SJ18735,2,9,0,18,0,1,0,0,0,0,1,1,1,2,51,8,1242,1,4,-1,1,-1
201511SJ18745,1,9,0,18,0,8,0,0,0,0,1,1,6,1,81,11,995,1,8,-1,1,-1
201511SJ18745,2,1,0,18,0,8,0,0,0,0,1,1,6,2,34,6,-1,-1,-1,-1,1,-1
201511SJ18815,1,9,0,9,0,6,0,0,0,0,3,1,6,1,31,6,1997,2,1,-1,1,-1
201511SJ18905,1,9,0,18,0,1,0,0,0,0,1,1,6,1,30,6,-1,-1,-1,-1,1,-1
201511SJ18905,2,9,0,3,0,1,0,0,0,0,1,1,6,2,44,7,996,1,6,-1,1,-1
201511SJ18905,3,9,0,10,0,1,0,0,0,0,2,1,1,2,30,6,1368,1,4,-1,1,-1
201511SJ18935,1,11,0,2,0,0,0,0,0,0,0,1,1,1,50,8,12816,5,2,-1,2,-1
201511SJ18995,1,-1,0,8,0,2,0,0,0,0,1,1,6,3,-1,-1,-1,-1,-1,-1,-1,-1
201511SJ19045,1,9,0,18,0,4,1,0,0,0,0,1,6,3,-1,-1,1910,2,13,-1,-1,-1
201511SJ19045,2,11,0,18,0,8,0,0,0,0,0,1,1,1,39,7,4250,2,6,-1,1,-1
201511SJ19165,1,9,0,18,0,0,0,0,0,0,0,1,6,3,-1,-1,-1,-1,-1,-1,-1,-1
201511SJ19185,1,9,0,18,0,3,0,0,0,0,1,1,2,2,23,5,1242,1,8,-1,1,-1
201511SJ19435,1,19,0,6,0,0,0,0,0,0,3,1,6,1,39,7,2494,2,10,-1,1,-1
201511SJ19435,2,9,0,18,0,0,0,0,0,0,1,1,6,1,17,4,1248,2,7,-1,1,-1
201511SJ19825,1,9,0,18,0,4,0,0,0,0,3,1,6,2,51,8,1298,1,7,-1,1,-1
201511SJ19825,2,9,0,18,0,8,0,0,0,0,1,1,6,1,23,5,1390,1,10,-1,1,-1
201511SJ19905,1,9,0,18,0,0,0,0,0,0,1,1,6,3,-1,-1,-1,-1,-1,-1,-1,-1
201511SJ19905,2,9,0,2,0,0,0,0,0,0,2,1,6,2,19,4,973,1,12,-1,1,-1
201511SJ19945,1,9,0,18,0,0,0,7,1,11,1,1,6,1,32,6,1598,2,1,-1,1,-1
201511SJ20205,1,20,0,16,0,2,1,0,1,7,4,1,1,1,19,4,-1,-1,-1,-1,1,-1
201511SJ20235,1,9,0,18,0,1,0,0,0,0,1,1,2,1,23,5,1596,1,6,-1,1,-1
201511SJ20235,2,9,0,3,0,1,0,0,0,0,2,1,2,2,36,7,1242,1,11,-1,1,-1
201511SJ20255,1,1,0,14,0,0,0,0,0,0,3,1,6,2,11,3,-1,-1,-1,-1,1,-1
201511SJ20255,2,9,0,14,0,0,0,0,0,0,4,1,6,2,37,7,1598,2,-1,-1,1,-1
201511SJ20295,1,5,0,7,0,0,0,12,0,0,1,1,2,1,29,6,-1,-1,-1,-1,1,-1
201511SJ20315,1,9,0,18,0,1,0,0,0,0,4,1,6,2,45,7,1685,2,1,-1,1,-1
201511SJ20315,2,9,0,3,0,1,0,0,0,0,1,1,6,2,-1,-1,1598,1,9,-1,1,-1
201511SJ20315,3,9,0,18,0,1,0,0,0,0,1,1,6,2,58,9,1968,2,7,-1,3,-1
201511SJ20965,1,9,0,7,0,8,1,0,0,0,1,1,6,1,23,5,1997,2,12,-1,1,-1
201511SJ20965,2,9,0,10,0,8,0,0,0,0,1,1,6,1,47,8,1998,2,9,-1,1,-1
201511SJ21185,1,9,0,9,0,8,0,0,0,0,1,1,1,1,49,8,1598,1,14,-1,1,-1
201511SJ21185,2,1,0,18,0,8,0,0,0,0,1,1,6,2,36,7,-1,-1,-1,-1,1,-1
201511SJ21305,1,9,0,18,0,2,0,0,0,0,1,1,6,1,40,7,1896,2,12,-1,1,-1
201511SJ21785,1,9,0,18,0,8,0,0,0,0,1,1,6,3,-1,-1,1242,1,14,-1,-1,-1
201511SJ21785,2,9,0,18,0,8,0,0,7,10,4,1,6,1,38,7,1997,2,11,-1,1,-1
201511SJ21795,1,19,0,18,0,8,0,0,0,0,2,1,6,1,35,6,2198,2,7,-1,1,-1
201511SJ21795,2,9,0,18,0,8,0,0,0,0,1,1,6,1,35,6,998,1,-1,-1,1,-1
201511SJ21795,3,9,0,18,0,8,0,0,0,0,1,1,1,3,-1,-1,-1,-1,-1,-1,-1,-1
201511SJ21805,1,9,0,18,0,0,0,0,4,6,3,1,6,1,21,5,1781,1,15,-1,-1,-1
201511SJ21915,1,9,0,9,0,2,0,0,0,0,3,1,3,2,27,6,1598,2,2,-1,1,-1
201511SJ21915,2,5,0,18,0,1,0,0,0,0,1,1,6,1,45,7,645,1,16,-1,1,-1
201511SJ21955,1,9,0,18,0,0,0,0,7,0,1,1,2,1,49,8,1242,1,6,-1,1,-1
201511SJ21955,2,9,0,18,0,0,0,0,1,4,1,1,2,1,43,7,998,1,3,-1,1,-1
201511SJ22055,1,9,0,5,0,8,0,0,0,0,3,1,6,2,25,5,1598,1,13,-1,1,-1
201511SJ22055,2,21,0,18,0,8,0,0,0,0,1,1,1,1,39,7,-1,-1,-1,-1,1,-1
201511SJ22075,1,9,0,17,0,0,0,0,2,4,1,1,6,2,21,5,1198,1,4,-1,2,-1
201511SJ22175,1,9,0,7,0,0,0,0,0,0,1,1,1,1,23,5,1686,2,1,-1,-1,-1
201511SJ22175,2,1,0,18,0,0,0,0,0,0,1,1,6,1,18,4,-1,-1,-1,-1,1,-1
201511SJ22215,1,9,0,4,0,1,0,0,0,0,1,1,6,1,22,5,1248,2,2,-1,1,-1
201511SJ22215,2,9,0,3,0,1,0,0,0,0,2,1,6,2,39,7,1498,1,8,-1,3,-1
201511SJ22625,1,9,0,5,0,2,0,0,0,0,3,1,6,1,30,6,-1,-1,-1,-1,1,-1
201511SJ22625,2,9,0,18,0,2,0,0,0,0,4,1,6,1,30,6,1598,1,12,-1,1,-1
201511SJ22625,3,9,0,2,0,2,0,0,0,0,4,1,6,2,-1,-1,1968,2,9,-1,-1,-1
201511SJ22655,1,9,0,16,0,0,0,0,0,0,0,1,6,3,-1,-1,-1,-1,-1,-1,-1,-1
201511SJ22655,2,9,0,17,0,0,2,0,1,4,0,1,6,2,19,4,1248,2,3,-1,1,-1
201511SJ22905,1,9,0,9,0,8,0,0,1,0,4,1,6,1,17,4,1124,1,11,-1,1,-1
201511SJ22905,2,9,0,18,0,8,0,0,1,0,4,1,1,1,49,8,1685,2,3,-1,2,-1
201511SJ22995,1,10,0,18,0,0,0,0,0,0,1,1,1,3,26,6,-1,-1,-1,-1,1,-1
201511SJ23655,1,9,0,18,0,0,0,0,4,6,1,1,2,1,23,5,2143,2,-1,-1,1,-1
201511SJ23705,1,19,0,1,0,2,0,0,0,0,2,1,6,3,28,6,1598,2,4,-1,1,-1
201511SJ23705,2,8,0,18,0,2,0,0,0,0,1,1,1,1,32,6,1686,2,5,-1,1,-1
201511SJ23825,1,9,0,12,0,0,0,0,0,0,2,1,2,2,36,7,1984,1,13,-1,3,-1
201511SJ23825,2,9,0,18,0,0,0,0,0,0,1,1,2,2,19,4,1242,1,8,-1,1,-1
201511SJ23905,1,9,0,7,0,8,0,0,0,0,1,1,6,1,50,8,-1,-1,-1,-1,3,-1
201511SJ23905,2,1,0,18,0,8,0,0,0,0,4,1,6,1,50,8,-1,-1,-1,-1,1,-1
201511SJ24005,1,19,0,18,0,1,0,0,0,0,1,1,6,1,35,6,-1,-1,-1,-1,1,-1
201511SJ24005,2,9,0,3,0,1,0,0,0,0,2,1,6,1,27,6,2000,2,5,-1,2,-1
201511SJ24135,1,9,0,10,0,8,0,0,0,0,1,1,2,1,22,5,1248,2,8,-1,1,-1
201511SJ24135,2,9,0,18,0,8,0,0,0,0,4,1,6,2,34,6,1896,2,10,-1,1,-1
201511SJ24175,1,9,0,18,0,3,0,0,0,0,1,1,6,1,17,4,1198,1,9,-1,1,-1
201511SJ24175,2,9,0,18,0,4,0,0,0,0,3,1,6,2,18,4,1229,1,-1,-1,1,-1
201511SJ24175,3,9,0,2,0,1,0,0,0,0,1,1,6,2,51,8,1598,1,10,-1,1,-1
201511SJ24205,1,9,0,18,0,8,0,0,0,0,3,1,6,1,-1,-1,1396,2,-1,-1,-1,-1
201511SJ24245,1,1,0,18,0,1,0,0,0,0,2,1,6,1,15,3,-1,-1,-1,-1,1,-1
201511SJ24245,2,9,0,9,0,1,0,0,0,0,1,1,6,3,-1,-1,998,1,5,-1,-1,-1
201511SJ24265,1,9,0,7,0,2,0,0,0,0,1,1,6,1,46,8,1968,2,-1,-1,3,-1
201511SJ24265,2,5,0,18,0,1,0,0,0,0,1,1,6,1,30,6,599,1,18,-1,1,-1
201511SJ24315,1,9,0,18,0,2,0,0,0,0,1,1,6,2,24,5,2143,2,-1,-1,1,-1
201511SJ24315,2,9,0,18,0,1,0,0,0,0,1,1,6,1,60,9,-1,-1,-1,-1,1,-1
201511SJ24315,3,9,0,18,0,1,1,7,0,7,3,1,6,1,40,7,1598,1,10,-1,1,-1
201511SJ24475,1,9,0,18,0,0,0,0,0,0,1,1,1,1,37,7,2231,2,3,-1,1,-1
201511SJ24475,2,9,0,18,0,0,0,0,0,0,2,1,1,1,50,8,-1,-1,-1,-1,3,-1
201511SJ24495,1,19,0,18,0,0,0,0,0,0,0,1,6,3,-1,-1,2496,2,16,-1,-1,-1
201511SJ24495,2,11,0,18,0,0,0,0,0,0,0,1,1,1,28,6,12816,5,4,-1,1,-1
201511SJ24505,1,9,0,18,0,0,0,4,0,0,1,1,6,2,20,4,-1,-1,-1,-1,1,-1
201511SJ24505,2,9,0,3,0,0,0,4,1,0,2,1,6,1,55,8,2191,2,1,-1,1,-1
201511SJ24505,3,9,0,3,0,0,0,4,0,0,2,1,6,1,37,7,2179,2,3,-1,2,-1
201511SJ24505,4,9,0,3,0,0,0,4,0,0,2,1,6,1,72,10,1995,2,1,-1,1,-1
201511SJ24745,1,9,0,9,0,8,0,0,0,0,4,1,6,1,79,11,1686,2,2,-1,1,-1
201511SJ24745,2,9,0,18,0,8,0,0,0,0,1,1,1,2,46,8,875,1,3,-1,3,-1
201511SJ24755,1,9,0,18,0,0,1,0,1,11,1,1,6,2,30,6,-1,-1,-1,-1,1,-1
201511SJ25015,1,1,0,9,0,0,0,0,0,0,1,1,6,1,15,3,-1,-1,-1,-1,1,-1
201511SJ25015,2,9,0,18,0,0,0,0,0,0,3,1,6,3,-1,-1,-1,-1,-1,-1,-1,-1
201511SJ25165,1,9,0,9,0,6,0,0,0,0,1,1,6,2,-1,-1,-1,-1,-1,-1,-1,-1
201511SJ25175,1,9,0,4,0,1,0,0,0,0,1,1,6,1,43,7,-1,-1,-1,-1,1,-1
201511SJ25175,2,9,0,3,0,1,0,0,0,0,2,1,6,2,24,5,1598,2,1,-1,1,-1
201511SJ25185,1,9,0,18,9,0,0,0,1,4,4,1,6,1,41,7,1396,1,14,-1,-1,-1
201511SJ25185,2,9,0,18,9,0,0,0,0,0,0,1,6,1,32,6,1248,2,3,-1,1,-1
201511SJ25305,1,9,0,18,0,1,0,0,0,0,1,1,6,1,-1,-1,1499,2,1,-1,1,-1
201511SJ25415,1,9,0,18,0,2,0,0,0,0,1,1,6,1,-1,-1,-1,-1,-1,-1,-1,-1
201511SJ25445,1,19,0,18,0,8,0,0,0,0,1,1,6,1,19,4,1560,2,3,-1,1,-1
201511SJ25445,2,9,0,4,0,8,0,0,0,0,2,1,6,1,33,6,1587,1,8,-1,1,-1
201511SJ25445,3,90,0,13,0,8,0,0,0,0,0,1,6,3,23,5,-1,-1,-1,-1,-1,-1
201511SJ25525,1,3,0,18,0,8,0,0,0,0,1,1,6,1,21,5,124,1,5,-1,1,-1
201511SJ25525,2,9,0,10,0,8,0,0,0,0,1,1,6,1,33,6,1360,1,10,-1,1,-1
201511SJ25675,1,19,0,18,0,0,0,0,0,0,1,1,6,3,-1,-1,1686,2,13,-1,-1,-1
201511SJ25675,2,9,0,3,0,0,0,0,0,0,2,1,6,1,64,9,1124,1,14,-1,1,-1
201511SJ25695,1,9,0,13,0,8,0,0,0,0,4,1,6,3,-1,-1,1390,1,11,-1,-1,-1
201511SJ25695,2,1,0,9,0,8,1,0,0,0,3,1,2,2,34,6,-1,-1,-1,-1,1,-1
201511SJ26235,1,3,0,18,0,8,0,0,1,0,1,1,6,1,29,6,660,1,10,-1,1,-1
201511SJ26235,2,9,0,9,0,8,0,0,0,0,2,1,2,2,50,8,998,1,12,-1,1,-1
201511SJ26325,1,1,0,18,0,8,0,0,0,0,3,1,4,1,12,3,-1,-1,-1,-1,1,-1
201511SJ26325,2,9,0,18,0,8,0,0,0,0,1,1,1,2,86,11,998,1,8,-1,1,-1
201511SJ26475,1,9,0,18,0,8,0,0,0,0,1,1,6,3,-1,-1,-1,-1,-1,-1,-1,-1
201511SJ26475,2,1,0,18,0,8,0,0,0,0,1,1,2,2,38,7,-1,-1,-1,-1,1,-1
201511SJ26735,1,19,0,18,0,0,1,0,0,0,1,1,1,1,49,8,1753,2,5,-1,2,-1
201511SJ26735,2,9,0,18,0,0,0,0,0,0,2,1,6,1,23,5,1229,1,1,-1,3,-1
201511SJ26755,1,9,0,18,0,1,0,0,0,0,1,1,6,3,-1,-1,-1,-1,-1,-1,-1,-1
201511SJ26755,2,1,0,18,0,1,0,0,0,0,2,1,1,1,23,5,-1,-1,-1,-1,1,-1
201511SJ27035,1,11,0,4,0,0,0,0,0,0,0,1,1,1,36,7,6700,2,4,-1,1,-1
201511SJ27045,1,9,0,4,0,0,0,0,0,0,1,1,6,1,41,7,1497,1,14,-1,3,-1
201511SJ27045,2,9,0,3,0,0,0,0,0,0,2,1,1,2,31,6,1396,1,1,-1,1,-1
201511SJ27255,1,9,0,7,0,6,0,0,0,0,1,1,6,1,69,10,1396,1,10,-1,1,-1
201511SJ27255,2,11,0,18,0,8,0,0,0,0,4,1,1,1,26,6,6700,2,2,-1,1,-1
201511SJ27405,1,11,0,9,0,3,0,0,0,0,0,1,1,1,50,8,6700,2,6,-1,2,-1
201511SJ27795,1,9,0,13,0,1,0,0,0,0,4,1,6,1,62,9,1560,2,3,-1,1,-1
201511SJ27795,2,5,0,18,0,1,0,0,0,0,3,1,6,1,58,9,956,1,18,-1,1,-1
201511SK00135,1,9,0,9,0,8,0,0,0,0,1,1,6,2,27,6,-1,-1,-1,-1,2,-1
201511SK00135,2,9,0,18,0,8,0,0,0,0,3,1,1,1,46,8,2993,2,6,-1,1,-1
201511SK00135,3,19,0,10,0,1,0,0,0,0,1,1,1,1,23,5,1753,2,4,-1,1,-1
201511SK00645,1,9,0,16,0,0,0,0,7,11,1,1,6,1,25,5,1896,2,13,-1,1,-1
201511SK01335,1,9,0,18,0,0,2,0,1,0,4,1,6,1,76,11,1998,1,8,-1,2,-1
201511SK01505,1,9,0,13,0,8,0,0,0,0,1,1,6,3,-1,-1,-1,-1,-1,-1,-1,-1
201511SK01505,2,11,0,9,0,8,0,0,0,0,3,1,1,1,49,8,6700,2,6,-1,2,-1
201511SK01825,1,9,0,9,0,1,0,0,0,0,1,1,6,1,18,4,1364,1,8,-1,1,-1
201511SK01825,2,9,0,10,0,1,0,0,0,0,3,1,1,1,31,6,1360,1,12,-1,1,-1
201511SK01905,1,9,0,18,0,0,1,0,0,0,1,1,6,1,54,8,-1,-1,-1,-1,1,-1
201511SK01905,2,9,0,3,0,0,0,0,0,0,2,1,6,2,41,7,-1,-1,-1,-1,1,-1
201511SK01905,3,9,0,3,0,0,0,0,0,0,2,1,6,1,65,9,1560,2,1,-1,1,-1
201511SK03465,1,9,0,9,0,8,0,0,0,0,3,1,6,1,46,8,1596,1,10,-1,1,-1
201511SK03465,2,2,0,18,0,8,0,0,0,0,1,1,6,1,17,4,50,1,4,-1,1,-1
201511SK03595,1,5,0,11,0,3,0,0,0,0,4,1,6,1,34,6,659,1,8,-1,1,-1
201511SK03595,2,9,0,18,0,3,0,0,0,0,3,1,6,2,50,8,1200,1,-1,-1,3,-1
201511SK04675,1,9,0,18,0,0,0,0,0,0,1,1,6,1,68,10,1586,1,8,-1,1,-1
201511SK04675,2,9,0,3,0,0,0,0,0,0,2,1,1,1,25,5,1968,2,1,-1,3,-1
201511SK05095,1,9,0,18,0,8,0,0,0,0,1,1,6,2,59,9,1248,1,3,-1,2,-1
201511SK05095,2,1,0,18,0,8,0,0,0,0,1,1,6,1,54,8,-1,-1,-1,-1,1,-1
201511SK05415,1,9,0,9,0,5,0,0,0,0,4,1,2,2,46,8,-1,-1,-1,-1,2,-1
201511SK05415,2,9,0,18,0,8,0,0,7,0,1,1,2,1,42,7,-1,-1,-1,-1,1,-1
201511SK05415,3,9,0,10,0,1,0,0,0,0,1,1,6,2,40,7,2199,2,4,-1,2,-1
201511SK05525,1,9,0,18,0,4,0,0,0,0,1,1,6,1,70,10,1997,2,13,-1,1,-1
201511SK05525,2,1,0,18,0,4,0,0,0,0,2,1,6,2,52,8,-1,-1,-1,-1,1,-1
201511SK05555,1,9,0,9,0,1,0,0,0,0,3,1,6,1,74,10,1968,2,8,-1,1,-1
201511SK05555,2,9,0,18,0,1,0,0,0,0,1,1,6,1,67,10,1586,1,8,-1,1,-1
201511SK05665,1,-1,0,18,0,0,0,0,0,0,0,1,6,3,-1,-1,-1,-1,-1,-1,-1,-1
201511SK05665,2,11,0,18,0,0,0,0,0,0,0,1,1,3,41,7,6700,2,6,-1,2,-1
201511SK05905,1,9,0,9,0,8,0,0,0,0,1,1,1,2,19,4,1229,1,1,-1,1,-1
201511SK05905,2,9,0,18,0,8,0,0,0,0,3,1,2,1,32,6,1896,2,6,-1,1,-1
201511SK06155,1,19,0,17,0,0,0,4,0,0,1,1,1,1,59,9,-1,-1,-1,-1,1,-1
201511SK06155,2,9,0,2,0,0,0,0,0,0,3,1,1,1,-1,-1,1995,2,5,-1,1,-1
201511SK06225,1,9,0,6,0,0,0,0,0,0,3,1,1,1,46,8,1896,2,9,-1,1,-1
201511SK06225,2,9,0,18,0,0,0,0,7,4,1,1,6,1,26,6,2987,2,8,-1,1,-1
201511SK06225,3,21,1,2,6,0,0,0,0,0,3,1,6,1,-1,-1,-1,-1,-1,-1,-1,-1
201511SK06975,1,9,0,18,0,1,0,0,0,0,1,1,2,1,48,8,1796,1,13,-1,1,-1
201511SK07025,1,19,4,18,0,0,1,4,0,0,1,1,1,1,44,7,-1,-1,-1,-1,2,-1
201511SK07025,2,98,1,2,6,0,0,0,1,0,2,1,1,1,59,9,-1,2,13,-1,1,-1
201511SK07535,1,19,0,18,0,0,0,0,0,0,1,1,1,1,46,8,1995,2,6,-1,1,-1
201511SK07535,2,9,0,18,0,0,0,0,0,0,2,1,6,1,77,11,1193,1,2,-1,1,-1
201511SK08105,1,9,0,9,0,8,0,0,0,0,1,1,6,3,-1,-1,1242,1,13,-1,-1,-1
201511SK08105,2,3,0,18,0,8,1,0,0,0,3,1,2,1,28,6,124,1,8,-1,1,-1