Accident_Index,Vehicle_Reference,Vehicle_Type,Towing_and_Articulation,Vehicle_Manoeuvre,Vehicle_Location-Restricted_Lane,Junction_Location,Skidding_and_Overturning,Hit_Object_in_Carriageway,Vehicle_Leaving_Carriageway,Hit_Object_off_Carriageway,1st_Point_of_Impact,Was_Vehicle_Left_Hand_Drive?,Journey_Purpose_of_Driver,Sex_of_Driver,Age_of_Driver,Age_Band_of_Driver,Engine_Capacity_(CC),Propulsion_Code,Age_of_Vehicle,Driver_IMD_Decile,Driver_Home_Area_Type,Vehicle_IMD_Decile
201511SK08185,1,9,0,9,0,1,0,0,0,0,1,1,2,1,65,9,1560,2,6,-1,1,-1
201511SK08185,2,5,0,10,0,1,0,0,0,0,2,1,2,1,48,8,599,1,14,-1,1,-1
201511SK08865,1,9,0,18,0,0,0,0,0,0,1,1,6,1,31,6,1995,1,5,-1,1,-1
201511SK08865,2,9,0,18,0,0,0,0,0,0,2,1,6,1,27,6,1360,1,6,-1,1,-1
201511SK09195,1,4,0,16,0,8,1,0,1,0,1,1,6,1,24,5,398,1,8,-1,3,-1
201511SK09335,1,9,0,18,0,0,0,0,0,0,1,1,6,1,49,8,1968,2,4,-1,1,-1
201511SK09335,2,9,0,3,0,0,0,0,0,0,2,1,6,2,36,7,1994,2,13,-1,1,-1
201511SK09335,3,9,0,3,0,0,0,0,0,0,2,1,6,1,32,6,-1,-1,-1,-1,3,-1
201511SK09895,1,1,0,18,0,0,0,0,0,0,3,1,6,1,21,5,-1,-1,-1,-1,1,-1
201511SK09895,2,97,0,18,0,0,0,0,0,0,1,1,6,3,-1,-1,-1,-1,-1,-1,-1,-1
201511SK10495,1,9,0,1,0,1,0,0,0,0,2,1,6,1,36,7,1595,1,13,-1,1,-1
201511SK10575,1,11,0,9,0,8,0,0,0,0,1,1,1,1,47,8,6692,2,3,-1,1,-1
201511SK10575,2,1,0,18,0,8,0,0,0,0,3,1,6,1,39,7,-1,-1,-1,-1,1,-1
201511SK10755,1,9,0,9,0,5,0,0,0,0,1,1,6,1,20,4,1198,1,12,-1,1,-1
201511SK10755,2,9,0,18,0,8,0,0,0,0,1,1,6,2,64,9,1242,1,2,-1,2,-1
201511SK11095,1,21,0,18,0,2,0,0,0,0,0,1,6,3,-1,-1,-1,-1,-1,-1,-1,-1
201511SK11095,2,1,0,18,0,2,0,10,0,0,1,1,6,1,52,8,-1,-1,-1,-1,1,-1
201511SK11515,1,19,0,18,0,8,0,0,0,0,0,1,6,1,21,5,2148,2,10,-1,3,-1
201511SK11515,2,5,0,18,0,8,0,0,1,11,3,1,6,1,56,9,1450,1,11,-1,1,-1
201511SK11825,1,4,0,18,0,2,0,0,0,0,1,1,2,1,20,4,398,1,12,-1,1,-1
201511SK11875,1,19,0,18,0,4,0,0,0,0,1,1,1,1,-1,-1,-1,-1,-1,-1,2,-1
201511SK11875,2,1,0,18,0,8,0,0,0,0,2,1,6,1,67,10,-1,-1,-1,-1,2,-1
201511SK11935,1,9,0,6,0,0,0,0,0,0,3,1,6,1,34,6,2993,2,1,-1,1,-1
201511SK11935,2,9,0,18,0,0,0,0,0,0,1,1,6,1,60,9,1991,2,6,-1,1,-1
201511SK11985,1,4,0,18,0,1,1,0,0,0,4,1,6,1,37,7,-1,-1,-1,-1,1,-1
201511SK11985,2,9,0,18,0,1,0,0,0,0,0,1,1,1,-1,-1,-1,-1,-1,-1,-1,-1
201511SK12045,1,9,0,18,0,1,0,0,0,0,1,1,6,1,27,6,1149,1,12,-1,2,-1
201511SK12045,2,9,0,3,0,1,0,0,0,0,2,1,6,2,24,5,1560,2,7,-1,1,-1
201511SK12615,1,9,0,18,0,0,0,0,7,0,1,1,6,1,30,6,1998,1,10,-1,1,-1
201511SK12615,2,9,0,18,0,0,0,0,7,0,1,1,2,2,21,5,1390,1,4,-1,3,-1
201511SK12705,1,9,0,18,0,0,0,0,0,0,3,1,2,2,52,8,1686,2,12,-1,1,-1
201511SK12885,1,2,0,18,0,0,0,0,0,0,1,1,6,1,69,10,125,1,-1,-1,2,-1
201511SK12885,2,19,0,3,0,0,0,0,0,0,2,1,1,1,52,8,2143,2,1,-1,1,-1
201511SK13005,1,9,0,9,0,5,0,0,0,0,4,1,6,2,44,7,898,1,-1,-1,1,-1
201511SK13005,2,9,0,18,0,1,0,0,0,0,1,1,6,2,36,7,1349,1,2,-1,2,-1
201511SK13665,1,9,0,18,0,0,5,0,1,11,1,1,6,2,59,9,1686,2,9,-1,2,-1
201511SK13675,1,9,0,9,0,8,0,0,0,0,4,1,2,1,44,7,1388,1,13,-1,3,-1
201511SK13675,2,9,0,18,0,8,0,0,0,0,1,1,2,2,34,6,1598,2,2,-1,-1,-1
201511SK13675,3,9,0,10,0,1,0,0,0,0,3,1,2,1,36,7,1999,1,2,-1,2,-1
201511SK13935,1,9,0,9,0,8,0,0,0,0,1,1,6,1,19,4,1590,1,10,-1,1,-1
201511SK13935,2,9,0,18,0,8,0,0,0,0,1,1,2,1,47,8,1686,2,13,-1,1,-1
201511SK15805,1,9,0,18,0,0,0,0,0,0,0,1,6,1,31,6,2967,2,7,-1,1,-1
201511SK15805,2,9,0,18,0,0,5,0,1,11,4,1,6,1,25,5,-1,-1,-1,-1,1,-1
201511SK15895,1,9,0,9,0,6,0,0,0,0,1,1,6,1,17,4,1248,2,2,-1,2,-1
201511SK15895,2,9,0,18,0,1,0,0,0,0,3,1,6,1,31,6,1998,1,10,-1,1,-1
201511SK15985,1,9,0,18,0,3,0,4,0,0,1,1,6,1,65,9,1968,2,-1,-1,1,-1
201511SK15985,2,9,0,18,0,3,1,0,1,2,3,1,6,1,18,4,1149,1,7,-1,1,-1
201511SK15985,3,9,0,2,0,3,0,0,0,0,2,1,1,1,47,8,1499,2,-1,-1,2,-1
201511SK15995,1,9,0,18,0,0,0,0,0,0,1,1,6,1,36,7,2148,2,11,-1,1,-1
201511SK15995,2,9,0,18,0,0,0,0,0,0,2,1,6,2,31,6,1461,2,-1,-1,2,-1
201511SK16275,1,9,0,9,0,0,0,0,0,0,4,1,6,1,67,10,1798,2,4,-1,2,-1
201511SK16945,1,9,0,9,0,1,0,0,0,0,3,1,6,1,22,5,1968,2,8,-1,3,-1
201511SK16945,2,9,0,13,0,1,0,0,0,0,4,1,1,1,25,5,1149,1,11,-1,2,-1
201511SK17205,1,9,0,18,0,1,0,0,0,0,1,1,6,2,41,7,1199,1,13,-1,2,-1
201511SK17205,2,9,0,9,0,1,0,0,0,0,1,1,6,2,52,8,1242,1,-1,-1,3,-1
201511SK17505,1,21,0,7,0,8,0,0,0,0,1,1,1,1,57,9,6370,2,9,-1,1,-1
201511SK17505,2,9,0,18,0,8,0,0,0,0,4,1,6,1,63,9,1328,1,8,-1,3,-1
201511SK17615,1,9,0,17,0,2,0,0,0,0,1,1,6,1,49,8,1229,1,4,-1,1,-1
201511SK17615,2,1,0,18,0,1,0,0,0,0,4,1,6,1,15,3,-1,-1,-1,-1,1,-1
201511SK17745,1,9,0,9,0,8,0,0,0,0,1,1,1,1,50,8,1364,2,3,-1,1,-1
201511SK17745,2,9,0,18,0,8,0,0,0,0,1,1,6,1,44,7,1598,1,12,-1,2,-1
201511SK17745,3,9,0,10,0,1,0,0,0,0,3,1,6,1,61,9,1956,2,3,-1,2,-1
201511SK17745,4,9,0,10,0,8,0,0,0,0,3,1,6,2,34,6,1200,1,1,-1,1,-1
201511SK17965,1,9,0,9,0,8,0,0,0,0,3,1,6,2,31,6,1149,1,13,-1,1,-1
201511SK17965,2,1,0,18,0,8,1,0,0,0,1,1,1,1,41,7,-1,-1,-1,-1,1,-1
201511SK18775,1,9,0,9,0,1,0,0,0,0,4,1,6,2,29,6,1332,1,10,-1,2,-1
201511SK18775,2,9,0,18,0,1,0,0,0,0,1,1,6,1,39,7,1596,1,4,-1,2,-1
201511SK19135,1,9,0,12,0,8,0,0,7,7,1,1,2,1,49,8,1984,1,15,-1,1,-1
201511SK19135,2,9,0,18,0,8,0,0,7,2,1,1,2,1,27,6,1396,1,24,-1,1,-1
201511SK19425,1,9,0,9,0,1,0,0,0,0,1,1,6,1,60,9,2199,2,3,-1,2,-1
201511SK19425,2,9,0,18,0,1,0,0,0,0,1,1,6,1,29,6,1997,2,5,-1,2,-1
201511SK19425,3,19,0,3,0,1,0,0,0,0,1,1,1,1,57,9,1248,2,6,-1,2,-1
201511SK19895,1,5,0,4,0,1,1,0,0,0,1,1,6,1,49,8,839,1,2,-1,3,-1
201511SK19895,2,9,0,4,0,1,0,0,0,0,2,1,6,1,48,8,1596,1,5,-1,1,-1
201511SK19895,3,9,0,9,0,8,0,0,0,0,0,1,1,1,-1,-1,2993,2,2,-1,1,-1
201511SK20615,1,9,0,9,0,8,0,0,0,0,4,1,6,1,73,10,1596,1,6,-1,2,-1
201511SK20615,2,9,0,18,0,8,0,0,7,0,1,1,1,2,45,7,998,1,1,-1,1,-1
201511SK20875,1,19,0,18,0,0,0,0,0,0,1,1,6,1,39,7,1686,2,10,-1,2,-1
201511SK20875,2,9,0,18,0,0,0,0,1,0,1,1,6,1,61,9,2497,2,20,-1,1,-1
201511SK20875,3,9,0,18,0,0,0,0,0,0,3,1,6,1,49,8,2995,8,2,-1,1,-1
201511SK20945,1,9,0,9,0,8,0,0,0,0,0,1,6,2,47,8,1598,1,9,-1,1,-1
201511SK20945,2,9,0,18,0,8,0,10,1,0,0,1,1,1,30,6,-1,-1,-1,-1,1,-1
201511SK21095,1,9,0,15,0,1,1,4,0,0,3,1,6,1,26,6,1389,1,13,-1,2,-1
201511SK21095,2,9,0,18,0,2,0,0,0,0,3,1,6,1,72,10,1388,1,2,-1,1,-1
201511SK21095,3,98,0,2,0,1,0,0,0,0,1,1,1,1,55,8,-1,-1,-1,-1,3,-1
201511SK21115,1,9,0,18,0,8,0,0,0,0,4,1,1,2,40,7,1679,1,14,-1,3,-1
201511SK21235,1,9,0,9,0,8,0,0,0,0,1,1,6,1,19,4,1896,2,14,-1,1,-1
201511SK21235,2,9,0,18,0,8,0,9,0,0,1,1,6,2,26,6,1242,1,1,-1,1,-1
201511SK21275,1,9,0,9,0,8,0,0,0,0,1,1,6,1,82,11,1598,1,13,-1,2,-1
201511SK21275,2,9,0,18,0,8,0,0,0,0,1,1,1,1,54,8,1995,2,3,-1,1,-1
201511SK21275,3,9,0,18,0,8,0,0,0,0,1,1,2,1,59,9,1997,2,13,-1,2,-1
201511SK21285,1,9,0,18,0,2,0,0,0,0,3,1,6,2,61,9,998,1,3,-1,2,-1
201511SK21315,1,9,0,9,0,8,0,0,0,0,1,1,6,1,40,7,1598,1,10,-1,1,-1
201511SK21315,2,2,0,18,0,8,0,0,0,0,3,1,6,1,22,5,49,1,6,-1,1,-1
201511SK22615,1,1,0,18,0,0,0,0,0,0,1,1,6,1,14,3,-1,-1,-1,-1,2,-1
201511SK22615,2,9,0,18,0,0,0,0,0,0,4,1,6,1,60,9,1968,2,2,-1,2,-1
201511SK22685,1,9,0,18,0,8,1,0,0,0,1,1,6,2,61,9,1560,2,4,-1,1,-1
201511SK22685,2,9,0,7,0,8,0,0,1,2,2,1,1,1,32,6,2191,2,2,-1,3,-1
201511SK22825,1,9,0,18,0,0,0,0,7,5,1,1,2,2,25,5,1206,1,6,-1,2,-1
201511SK23915,1,9,0,7,0,2,0,0,0,0,1,1,6,1,19,4,1242,1,-1,-1,1,-1
201511SK23915,2,9,0,18,0,1,0,0,0,0,1,1,6,1,27,6,1388,1,12,-1,3,-1
201511SK23995,1,19,0,18,0,0,1,0,1,10,2,1,1,1,52,8,2151,2,12,-1,1,-1
201511SK24165,1,9,0,18,0,1,0,0,0,0,1,1,6,1,26,6,1895,1,14,-1,1,-1
201511SK24165,2,9,0,9,0,1,0,0,0,0,1,1,1,1,50,8,1587,1,13,-1,1,-1
201511SK24975,1,19,0,18,0,1,0,0,0,0,1,1,6,3,-1,-1,-1,-1,-1,-1,-1,-1
201511SK24975,2,9,0,10,0,1,0,0,0,0,2,1,6,1,48,8,1598,2,-1,-1,2,-1
201511SK26205,1,19,0,5,0,8,0,0,0,0,0,1,6,1,53,8,2198,2,4,-1,3,-1
201511SK26205,2,11,0,18,0,8,0,0,0,0,0,1,1,1,44,7,6700,2,4,-1,1,-1
201511SK26435,1,1,0,18,0,0,0,0,0,0,1,1,6,1,14,3,-1,-1,-1,-1,1,-1
201511SK26435,2,9,0,18,0,0,0,0,0,0,3,1,6,1,71,10,1298,1,12,-1,1,-1
201511SK26795,1,9,0,18,0,0,1,0,0,0,1,1,6,1,27,6,998,1,2,-1,3,-1
201511SK26795,2,9,0,18,0,0,0,0,0,0,2,1,6,1,42,7,1796,1,9,-1,2,-1
201511SK27115,1,19,0,18,0,1,0,0,0,0,1,1,1,1,18,4,2143,2,4,-1,1,-1
201511SK27115,2,9,0,3,0,1,0,0,0,0,2,1,6,1,36,7,1598,1,10,-1,1,-1
201511SL00165,1,11,0,18,0,1,0,0,0,0,3,1,1,2,39,7,4500,2,5,-1,1,-1
201511SL00685,1,9,0,18,0,8,1,0,0,0,1,1,6,1,-1,-1,1596,1,8,-1,1,-1
201511SL00685,2,9,0,9,0,8,0,0,0,0,2,1,6,1,26,6,1995,2,8,-1,3,-1
201511SL01605,1,4,0,18,0,0,5,0,0,0,1,1,6,1,27,6,124,1,7,-1,1,-1
201511SL01605,2,9,0,3,0,0,0,0,0,0,2,1,6,1,18,4,1360,1,9,-1,1,-1
201511SL02455,1,9,0,9,0,0,0,0,0,0,0,1,6,3,-1,-1,-1,-1,-1,-1,-1,-1
201511SL02455,2,11,0,18,0,0,0,0,0,0,0,1,1,1,58,9,-1,-1,-1,-1,1,-1
201511SL04145,1,19,0,18,0,0,0,0,0,0,1,1,6,1,54,8,-1,-1,-1,-1,1,-1
201511SL04145,2,9,0,3,0,0,0,0,0,0,2,1,6,2,22,5,1242,1,2,-1,2,-1
201511SL04445,1,9,0,18,0,1,0,0,0,0,1,1,2,1,22,5,1896,2,10,-1,2,-1
201511SL04445,2,9,0,3,0,1,0,0,0,0,2,1,2,1,44,7,1198,1,11,-1,1,-1
201511SL04445,3,9,0,3,0,1,0,0,0,0,2,1,2,1,43,7,1968,2,7,-1,1,-1
201511SL04585,1,9,0,15,0,0,1,0,1,0,1,1,1,1,33,6,-1,-1,-1,-1,1,-1
201511SL04655,1,9,0,5,0,6,0,0,0,0,1,1,6,1,20,4,-1,-1,-1,-1,2,-1
201511SL04655,2,9,0,18,0,1,0,0,7,11,1,1,1,1,59,9,-1,-1,-1,-1,1,-1
201511SL08235,1,2,0,18,9,0,0,0,0,11,1,1,6,2,27,6,-1,-1,-1,-1,2,-1
201511SL09765,1,9,0,5,0,6,0,0,0,0,3,1,6,2,29,6,1598,1,14,-1,1,-1
201511SL09765,2,5,0,18,0,8,0,0,0,0,1,1,6,1,58,9,1202,1,1,-1,1,-1
201511SL10185,1,9,0,18,0,3,0,0,0,0,4,1,6,2,79,11,1299,1,7,-1,2,-1
201511SL10185,2,9,0,18,0,3,0,0,0,0,1,1,1,2,30,6,1598,1,4,-1,2,-1
201511SL10555,1,19,0,18,0,0,0,0,0,0,1,1,6,1,44,7,2402,2,12,-1,3,-1
201511SL10555,2,9,0,2,0,0,0,0,0,0,2,1,1,1,61,9,1896,2,10,-1,1,-1
201511SL10745,1,9,0,18,0,3,5,7,0,0,1,1,6,1,91,11,1388,1,6,-1,2,-1
201511SL10905,1,5,0,13,0,0,0,0,7,4,1,1,6,1,55,8,865,1,3,-1,1,-1
201511SL10905,2,9,0,18,0,0,0,0,0,0,0,1,6,1,44,7,1956,2,2,-1,1,-1
201511SL11255,1,9,0,18,0,8,1,9,0,0,1,1,6,1,20,4,1364,1,-1,-1,1,-1
201511SL11255,2,9,0,2,0,2,0,0,0,0,1,1,6,1,54,8,1398,2,1,-1,1,-1
201511SL11615,1,9,0,18,0,0,0,0,0,0,1,1,6,2,29,6,2926,2,13,-1,2,-1
201511SL11965,1,9,0,9,0,6,0,0,0,0,3,1,6,2,77,11,1399,1,9,-1,1,-1
201511SL11965,2,9,0,18,0,1,0,0,0,0,1,1,2,1,33,6,1781,1,13,-1,1,-1
201511SL12735,1,9,0,9,0,4,0,0,0,0,3,1,6,2,45,7,2179,2,7,-1,1,-1
201511SL12735,2,9,0,9,0,4,0,0,0,0,4,1,6,2,49,8,1798,1,15,-1,3,-1
201511SL12825,1,9,0,9,0,8,0,0,0,0,1,1,6,1,73,10,1560,2,2,-1,1,-1
201511SL12825,2,9,0,18,0,8,0,0,0,0,3,1,6,1,44,7,2143,2,-1,-1,1,-1
201511SL13605,1,9,0,9,0,8,0,0,0,0,1,1,6,2,43,7,1598,1,13,-1,1,-1
201511SL13605,2,1,0,18,0,8,0,0,0,0,2,1,6,1,44,7,-1,-1,-1,-1,1,-1
201511SL13865,1,97,0,18,0,8,0,0,0,0,1,1,6,1,21,5,-1,-1,-1,-1,1,-1
201511SL13865,2,9,0,18,0,8,0,0,0,0,3,1,6,1,27,6,1598,1,12,-1,1,-1
201511SL14445,1,9,0,18,0,0,0,0,0,0,1,1,6,3,-1,-1,-1,-1,-1,-1,-1,-1
201511SL14635,1,9,0,16,0,0,0,0,7,11,3,1,6,1,28,6,1870,2,11,-1,1,-1
201511SL14635,2,19,0,2,0,0,0,0,0,0,1,1,6,3,-1,-1,1753,2,2,-1,-1,-1
201511SL14635,3,9,0,2,0,0,0,0,0,0,4,1,6,1,-1,-1,1999,1,6,-1,-1,-1
201511SL15735,1,9,0,18,0,0,0,0,0,0,4,1,6,3,-1,-1,-1,-1,-1,-1,-1,-1
201511SL15735,2,1,0,18,0,0,0,0,0,0,3,1,6,1,23,5,-1,-1,-1,-1,2,-1
201511SL15765,1,1,0,18,0,1,0,0,0,0,4,1,6,1,15,3,-1,-1,-1,-1,1,-1
201511SL15765,2,9,0,18,0,1,0,0,0,0,1,1,6,1,66,10,1461,2,1,-1,1,-1
201511SL16135,1,9,0,9,0,6,0,0,0,0,3,1,6,2,40,7,1461,2,1,-1,2,-1
201511SL16135,2,5,0,18,0,1,0,0,0,0,1,1,6,1,53,8,1255,1,8,-1,2,-1
201511SL16475,1,21,0,9,0,6,0,0,0,0,0,1,1,3,39,7,12900,2,3,-1,1,-1
201511SL16475,2,9,0,18,0,1,0,0,0,0,0,1,6,2,33,6,1951,2,10,-1,1,-1
201511SL16495,1,9,0,1,0,0,0,0,0,0,2,1,6,3,-1,-1,-1,-1,-1,-1,-1,-1
201511SL16495,2,9,4,3,0,0,0,0,0,0,1,1,1,2,49,8,2495,2,14,-1,3,-1
201511SL16505,1,9,0,18,0,1,0,0,0,0,1,1,6,1,40,7,1850,1,13,-1,2,-1
201511SL16505,2,9,0,3,0,1,0,0,0,0,2,1,6,2,19,4,998,1,2,-1,3,-1
201511SL16795,1,9,0,7,0,6,0,0,0,0,3,1,6,2,35,6,-1,-1,-1,-1,1,-1
201511SL16795,2,9,0,18,0,1,0,0,0,0,1,1,6,1,37,7,1242,1,7,-1,2,-1
201511SL16795,3,9,0,2,0,1,0,0,0,0,3,1,6,2,-1,-1,-1,-1,-1,-1,-1,-1
201511SL16795,4,19,0,2,0,1,0,0,0,0,0,1,6,1,-1,-1,-1,-1,-1,-1,-1,-1
201511SL18035,1,9,0,18,0,2,0,0,0,0,1,1,6,2,73,10,995,1,11,-1,1,-1
201511SL18035,2,8,0,18,0,1,0,10,1,11,3,1,1,1,38,7,1596,1,4,-1,1,-1
201511SL18205,1,5,0,16,0,0,0,0,1,10,1,1,2,1,45,7,645,1,2,-1,1,-1
201511SL18205,2,9,0,17,0,0,1,0,7,10,1,1,2,2,60,9,1600,2,4,-1,2,-1
201511SL18655,1,9,0,18,0,4,0,0,0,0,1,1,6,1,44,7,2400,2,-1,-1,2,-1
201511SL18655,2,9,0,18,0,8,0,0,0,0,2,1,6,2,30,6,1598,1,14,-1,-1,-1
201511SL18685,1,9,0,18,0,1,0,0,0,0,1,1,6,2,26,6,1400,1,8,-1,1,-1
201511SL18685,2,9,0,18,0,1,0,0,0,0,2,1,6,1,43,7,1388,1,11,-1,3,-1
201511SL19105,1,9,0,18,0,1,0,0,0,0,1,1,6,1,58,9,-1,-1,-1,-1,3,-1
201511SL19105,2,19,0,3,0,1,0,0,0,0,2,1,6,1,69,10,-1,-1,-1,-1,1,-1
201511SL19805,1,19,0,18,0,1,0,10,1,2,1,1,1,1,25,5,1560,2,4,-1,-1,-1
201511SL19935,1,9,0,18,0,0,0,0,0,0,1,1,6,1,30,6,2148,2,9,-1,1,-1
201511SL19935,2,9,0,3,0,0,0,0,0,0,2,1,1,2,53,8,-1,-1,-1,-1,1,-1
201511SL19935,3,9,0,3,0,0,0,0,0,0,2,1,6,1,-1,-1,1248,2,10,-1,2,-1
201511SL20155,1,9,0,18,0,0,0,0,0,0,1,1,6,1,81,11,2435,1,11,-1,-1,-1
201511SL20155,2,9,0,18,0,0,0,0,0,0,2,1,6,1,59,9,1560,2,1,-1,1,-1
201511SL20795,1,9,0,18,0,8,0,0,0,0,1,1,1,2,-1,-1,1248,2,3,-1,1,-1
201511SL20795,2,9,0,18,0,8,0,0,0,0,4,1,6,2,44,7,1956,2,-1,-1,1,-1
201511SL20865,1,11,0,9,0,8,0,0,0,0,0,1,1,1,50,8,6700,2,2,-1,1,-1
201511SL21575,1,9,0,18,0,8,0,0,0,0,3,1,2,2,66,10,1985,1,14,-1,3,-1
201511SL21575,2,5,0,18,0,8,0,0,0,0,1,1,6,1,53,8,321,1,-1,-1,2,-1
201511SL21815,1,9,0,18,0,0,5,7,0,0,1,1,6,1,21,5,1198,1,10,-1,1,-1
201511SL22195,1,9,0,14,0,0,0,0,0,0,4,1,6,1,67,10,1586,1,2,-1,1,-1
201511SL23925,1,9,0,18,0,1,0,0,0,0,1,1,6,1,30,6,1390,1,11,-1,1,-1
201511SL24025,1,11,0,18,0,0,0,5,0,0,1,1,1,1,30,6,-1,2,14,-1,2,-1
201511SL24385,1,9,0,18,0,0,0,0,0,0,1,1,6,1,45,7,1598,2,3,-1,1,-1
201511SL25995,1,9,0,18,0,0,0,0,4,0,3,1,2,2,46,8,1240,1,9,-1,3,-1
201511SL25995,2,9,0,18,0,0,0,0,0,0,4,1,2,1,31,6,1986,2,8,-1,1,-1
201511SL26085,1,9,0,18,0,0,0,0,0,0,1,1,2,1,58,9,1242,1,6,-1,2,-1
201511SL27525,1,9,0,18,0,0,0,0,0,0,1,1,6,3,-1,-1,-1,-1,-1,-1,-1,-1
201511SL27525,2,9,0,2,0,0,0,0,0,0,3,1,6,1,40,7,1364,1,-1,-1,1,-1
201511SL27725,1,9,0,1,0,0,0,0,0,0,2,1,1,1,33,6,-1,-1,-1,-1,1,-1
2015120000243,1,9,0,18,0,3,1,10,1,7,1,1,6,1,23,5,2300,1,15,-1,1,-1
2015120000305,1,9,0,17,0,8,2,0,1,11,4,1,6,1,74,10,-1,-1,-1,-1,3,-1
2015120000308,1,9,0,5,0,8,0,0,0,0,1,1,6,1,63,9,1598,1,7,-1,1,-1
2015120000308,2,1,0,18,0,8,0,0,0,0,4,1,6,1,51,8,-1,-1,-1,-1,1,-1
2015120000308,3,1,0,18,0,8,0,0,0,0,4,1,6,1,28,6,-1,-1,-1,-1,1,-1
2015120000359,1,9,0,5,0,6,0,0,0,0,4,1,6,1,26,6,2720,2,8,-1,2,-1
2015120000359,2,9,0,18,0,8,0,0,0,0,1,1,6,2,33,6,1461,2,11,-1,3,-1
2015120000388,1,9,0,17,0,0,1,0,1,3,3,1,6,1,20,4,-1,-1,-1,-1,3,-1
2015120000440,1,9,0,2,0,0,0,0,0,0,3,1,6,2,23,5,1598,1,6,-1,1,-1
2015120000440,2,9,0,14,0,0,0,0,0,0,4,1,6,1,88,11,1086,1,6,-1,1,-1
2015120000845,1,1,0,18,0,0,0,4,0,0,4,1,6,1,64,9,-1,-1,-1,-1,2,-1
2015120000845,2,9,0,2,0,0,0,0,0,0,0,1,6,2,19,4,1198,1,5,-1,-1,-1
2015120000855,1,19,0,9,0,8,0,0,0,0,1,1,6,1,61,9,1998,2,11,-1,1,-1
2015120000890,1,9,0,9,0,8,0,0,0,0,4,1,6,1,80,11,1398,1,3,-1,3,-1
2015120000890,2,9,0,18,0,1,1,0,1,9,1,1,6,1,77,11,-1,-1,-1,-1,3,-1
2015120001027,1,9,0,18,0,6,0,0,0,0,1,1,6,2,48,8,1390,1,11,-1,1,-1
2015120001027,2,3,0,18,0,8,0,0,0,0,0,1,6,1,17,4,124,1,6,-1,3,-1
2015120001053,1,3,0,18,0,0,0,0,7,7,1,1,6,1,20,4,-1,-1,-1,-1,-1,-1
2015120001147,1,9,0,18,0,0,0,12,0,0,1,1,6,1,56,9,-1,-1,-1,-1,1,-1
2015120001376,1,1,0,18,9,1,0,0,0,0,1,1,6,1,36,7,-1,-1,-1,-1,3,-1
2015120001376,2,9,0,7,0,8,0,0,0,0,3,1,6,1,37,7,1596,1,6,-1,3,-1
2015120001437,1,9,0,7,0,8,0,0,0,0,1,1,6,1,47,8,1248,1,6,-1,2,-1
2015120001437,2,9,0,18,0,8,0,0,0,0,4,1,6,2,32,6,998,1,6,-1,3,-1
2015120001566,1,9,0,18,0,0,0,0,1,4,1,1,6,2,19,4,1229,1,7,-1,2,-1
2015120001826,1,9,0,18,0,0,5,0,1,10,4,1,6,1,70,10,-1,-1,-1,-1,2,-1
2015120002005,1,9,0,18,0,0,0,0,0,0,1,1,6,1,37,7,1360,1,10,-1,1,-1
2015120002005,2,1,0,18,9,0,0,0,0,0,1,1,6,1,32,6,-1,-1,-1,-1,1,-1
2015120002063,1,9,0,4,0,0,1,0,4,6,1,1,6,1,31,6,-1,-1,-1,-1,1,-1
2015120002063,2,9,0,4,0,0,0,0,0,0,1,1,6,2,53,8,1612,1,2,-1,1,-1
2015120002063,3,9,0,4,0,0,0,0,4,6,2,1,6,2,26,6,-1,-1,-1,-1,1,-1
2015120002076,1,9,0,18,0,0,0,0,0,0,1,1,6,1,88,11,1388,1,5,-1,1,-1
2015120002076,2,9,0,4,0,0,0,0,0,0,2,1,2,1,44,7,1956,2,3,-1,1,-1
2015120002277,1,9,0,13,0,0,0,0,0,0,1,1,6,1,90,11,1360,1,18,-1,3,-1
2015120002277,2,9,0,18,0,0,0,0,0,0,1,1,6,2,29,6,1598,1,11,-1,1,-1
2015120002277,3,21,1,18,0,0,0,0,0,0,3,1,1,1,55,8,12419,2,3,-1,1,-1
2015120002307,1,21,0,4,0,1,1,0,0,0,1,1,1,1,52,8,12777,2,1,-1,1,-1
2015120002307,2,9,0,3,0,1,0,0,0,0,2,1,6,1,76,11,1753,2,12,-1,2,-1
2015120002307,3,9,0,3,0,1,0,0,0,0,2,1,6,1,70,10,1395,1,1,-1,2,-1
2015120002407,1,10,0,2,0,2,0,0,0,0,2,1,1,1,53,8,2953,2,9,-1,1,-1
2015120002407,2,9,0,18,0,1,0,0,0,0,1,1,6,1,21,5,1248,2,10,-1,3,-1
2015120002422,1,9,0,18,0,8,0,0,0,0,0,1,6,2,35,6,1968,2,7,-1,1,-1
2015120002422,2,9,0,9,0,6,0,0,0,0,0,1,6,1,24,5,1390,1,12,-1,3,-1
2015120002623,1,9,0,17,0,0,1,0,1,4,1,1,6,1,54,8,-1,-1,-1,-1,3,-1
2015120002749,1,9,0,16,0,0,0,0,0,0,1,1,1,1,48,8,998,1,1,-1,3,-1
2015120002749,2,9,0,17,0,0,0,0,2,11,2,1,3,3,39,7,2993,2,3,-1,3,-1
2015120002904,1,2,0,18,0,2,0,0,0,0,1,1,6,1,45,7,49,1,6,-1,1,-1
2015120002935,1,1,0,10,0,8,0,0,0,0,1,1,6,1,40,7,-1,-1,-1,-1,1,-1
2015120002935,2,19,0,9,0,8,0,0,0,0,4,1,2,1,50,8,1868,2,9,-1,2,-1