Accident_Index,Vehicle_Reference,Vehicle_Type,Towing_and_Articulation,Vehicle_Manoeuvre,Vehicle_Location-Restricted_Lane,Junction_Location,Skidding_and_Overturning,Hit_Object_in_Carriageway,Vehicle_Leaving_Carriageway,Hit_Object_off_Carriageway,1st_Point_of_Impact,Was_Vehicle_Left_Hand_Drive?,Journey_Purpose_of_Driver,Sex_of_Driver,Age_of_Driver,Age_Band_of_Driver,Engine_Capacity_(CC),Propulsion_Code,Age_of_Vehicle,Driver_IMD_Decile,Driver_Home_Area_Type,Vehicle_IMD_Decile
2015120002977,1,9,0,18,0,2,0,0,0,0,1,1,2,2,24,5,1368,1,9,-1,2,-1
2015120003027,1,9,0,9,0,6,0,0,0,0,4,1,6,1,35,6,1995,2,8,-1,1,-1
2015120003027,2,1,0,18,0,6,0,0,0,0,3,1,2,1,53,8,-1,-1,-1,-1,-1,-1
2015120003031,1,2,0,18,0,0,0,4,0,0,1,1,6,1,19,4,49,1,4,-1,3,-1
2015120003031,2,9,0,2,0,0,0,0,0,0,2,1,6,3,30,6,1998,1,12,-1,2,-1
2015120003233,1,9,0,18,0,0,2,0,1,9,1,1,2,1,34,6,-1,-1,-1,-1,-1,-1
2015120003240,1,9,0,9,0,8,0,0,1,0,4,1,2,1,40,7,-1,-1,-1,-1,1,-1
2015120003240,2,9,0,18,0,8,0,0,0,0,1,1,2,2,54,8,1991,2,7,-1,3,-1
2015120003270,1,9,0,18,0,0,0,0,7,11,1,1,6,2,58,9,-1,-1,-1,-1,1,-1
2015120003308,1,9,0,9,0,8,0,0,0,0,1,1,6,1,53,8,1997,2,3,-1,1,-1
2015120003361,1,21,0,3,0,2,0,0,0,0,4,1,1,1,61,9,5900,2,8,-1,1,-1
2015120003361,2,1,0,18,0,1,0,0,0,0,3,1,6,1,55,8,-1,-1,-1,-1,1,-1
2015120003507,1,9,0,10,0,0,0,0,0,0,1,1,6,1,45,7,-1,-1,-1,-1,1,-1
2015120003507,2,1,0,18,2,0,0,0,0,0,1,1,6,2,41,7,-1,-1,-1,-1,1,-1
2015120003954,1,9,0,7,0,2,0,0,0,0,1,1,6,1,77,11,-1,-1,-1,-1,2,-1
2015120003954,2,9,0,18,0,1,0,0,0,0,1,1,6,2,38,7,1587,1,12,-1,1,-1
2015120003989,1,9,0,18,0,6,1,0,7,0,1,1,6,1,81,11,1968,2,3,-1,3,-1
2015120003989,2,9,0,18,0,8,1,0,1,0,3,1,6,2,37,7,1968,2,7,-1,3,-1
2015120004113,1,9,0,9,0,5,0,0,0,0,4,1,6,1,31,6,1590,1,13,-1,1,-1
2015120004113,2,3,0,18,0,1,1,0,0,0,1,1,1,1,19,4,124,1,9,-1,1,-1
2015120004188,1,9,0,9,0,5,0,0,0,0,3,1,6,1,36,7,-1,-1,-1,-1,1,-1
2015120004188,2,3,0,18,0,1,0,0,0,0,1,1,6,1,28,6,125,1,11,-1,3,-1
2015120004194,1,9,0,17,0,0,2,0,0,0,0,1,6,1,19,4,-1,-1,-1,-1,2,-1
2015120004204,1,9,0,5,0,8,0,0,0,0,3,1,6,2,18,4,1598,2,3,-1,3,-1
2015120004204,2,5,0,18,0,8,0,0,0,0,1,1,2,1,60,9,-1,-1,-1,-1,1,-1
2015120004205,1,21,0,18,0,0,0,0,0,0,1,1,1,1,73,10,12130,2,10,-1,1,-1
2015120004205,2,1,0,12,0,0,0,0,0,0,2,1,6,1,58,9,-1,-1,-1,-1,3,-1
2015120004250,1,9,0,3,0,4,0,0,0,0,0,1,2,2,57,9,1995,2,2,-1,3,-1
2015120004250,2,9,0,4,0,4,0,0,0,0,2,1,2,1,57,9,1328,1,13,-1,1,-1
2015120004349,1,9,0,18,0,0,0,0,0,0,1,1,1,1,53,8,1910,2,7,-1,-1,-1
2015120004744,1,8,0,9,0,8,0,0,0,0,1,1,1,1,37,7,1896,2,8,-1,1,-1
2015120004757,1,9,0,17,0,1,0,0,1,9,1,1,6,1,50,8,-1,-1,-1,-1,1,-1
2015120004757,2,9,0,16,0,7,0,0,0,0,0,1,6,3,-1,-1,-1,-1,-1,-1,-1,-1
2015120005019,1,21,1,18,0,0,5,0,0,6,3,1,1,1,55,8,12740,2,2,-1,1,-1
2015120005051,1,21,1,18,0,0,3,0,6,0,1,1,1,1,49,8,10837,2,1,-1,1,-1
2015120005052,1,21,0,18,0,0,5,0,0,0,3,1,1,1,74,10,12902,2,1,-1,1,-1
2015120005311,1,5,0,18,0,0,1,0,0,0,0,1,6,1,58,9,-1,-1,-1,-1,1,-1
2015120005311,2,16,0,18,0,0,0,0,0,0,0,1,6,1,58,9,-1,-1,-1,-1,3,-1
2015120005414,1,9,0,18,0,0,0,0,1,2,1,1,6,1,73,10,-1,-1,-1,-1,1,-1
2015120005474,1,9,0,18,0,0,0,0,0,0,1,1,1,1,61,9,1422,2,7,-1,3,-1
2015120005474,2,1,0,18,0,0,0,0,0,0,1,1,6,1,11,3,-1,-1,-1,-1,1,-1
2015120005477,1,9,0,18,0,0,0,0,0,0,1,1,6,1,22,5,1360,1,8,-1,1,-1
2015120005477,2,9,0,18,0,0,0,0,1,0,1,1,6,1,35,6,-1,-1,-1,-1,1,-1
2015120005479,1,8,0,5,0,0,0,0,0,0,1,1,6,1,45,7,-1,-1,-1,-1,-1,-1
2015120005509,1,9,0,18,0,0,0,0,0,0,1,1,6,1,34,6,-1,-1,-1,-1,1,-1
2015120005509,2,9,0,18,0,0,0,0,0,0,3,1,6,1,41,7,1600,2,6,-1,3,-1
2015120005509,3,9,0,18,0,0,0,0,0,0,3,1,6,2,57,9,-1,-1,-1,-1,1,-1
2015120005509,4,9,0,18,0,0,0,0,0,0,2,1,6,1,51,8,1870,2,11,-1,3,-1
2015120005547,1,9,0,16,0,5,0,0,1,4,3,1,6,1,26,6,-1,-1,-1,-1,3,-1
2015120005685,1,9,0,18,0,0,0,7,0,0,1,1,2,1,26,6,1839,1,11,-1,2,-1
2015120005703,1,9,0,16,0,1,5,0,1,10,1,1,6,1,44,7,1390,1,5,-1,1,-1
2015120005872,1,1,0,18,0,1,0,0,0,0,1,1,2,1,34,6,-1,-1,-1,-1,1,-1
2015120005872,2,9,0,9,0,1,0,0,0,0,1,1,6,2,59,9,998,1,14,-1,1,-1
2015120006146,1,9,0,18,0,0,5,0,1,0,3,1,3,2,42,7,-1,-1,-1,-1,2,-1
2015120006303,1,9,0,5,0,1,0,0,0,0,4,1,6,2,84,11,-1,-1,-1,-1,2,-1
2015120006303,2,11,0,18,0,1,0,0,0,0,1,1,1,1,52,8,5900,2,8,-1,3,-1
2015120006482,1,9,0,10,0,6,0,0,0,0,4,1,2,1,18,4,998,1,5,-1,3,-1
2015120006482,2,19,0,18,0,1,0,0,0,0,1,1,1,1,50,8,1998,2,12,-1,2,-1
2015120006580,1,9,0,17,0,0,1,0,7,11,1,1,2,2,48,8,1587,1,13,-1,2,-1
2015120006772,1,11,0,18,0,8,0,0,1,0,1,1,1,1,21,5,-1,-1,-1,-1,3,-1
2015120006772,2,19,0,5,0,2,0,0,0,0,3,1,1,1,66,10,1896,2,5,-1,1,-1
2015120006819,1,9,0,4,0,0,0,0,0,0,2,1,2,1,47,8,-1,-1,-1,-1,1,-1
2015120006819,2,3,0,18,0,0,0,0,0,0,1,1,2,2,42,7,124,1,9,-1,2,-1
2015120006991,1,9,0,9,0,8,0,0,0,0,4,1,6,1,23,5,1598,1,2,-1,3,-1
2015120007054,1,9,0,9,0,6,0,0,0,0,4,1,6,2,35,6,2170,2,11,-1,2,-1
2015120007054,2,4,0,18,0,1,0,0,0,0,1,1,6,1,52,8,400,1,24,-1,2,-1
2015120007142,1,9,0,18,0,0,1,0,0,0,1,1,6,2,52,8,1298,1,6,-1,3,-1
2015120007142,2,9,0,18,0,0,0,0,0,0,1,1,2,2,44,7,1998,1,-1,-1,3,-1
2015120007181,1,9,0,9,0,8,0,0,0,0,3,1,2,2,51,8,1984,1,5,-1,2,-1
2015120007285,1,9,0,18,0,0,0,12,0,0,1,1,2,2,35,6,-1,-1,-1,-1,1,-1
2015120007340,1,9,0,4,0,1,2,0,1,10,1,1,2,1,40,7,1968,2,7,-1,3,-1
2015120007359,1,9,0,17,0,2,1,0,0,0,4,1,2,1,22,5,-1,-1,-1,-1,2,-1
2015120007359,2,9,0,16,0,1,0,0,0,0,3,1,6,2,29,6,1991,2,5,-1,3,-1
2015120007390,1,9,0,11,0,0,0,0,1,0,1,1,1,1,50,8,2993,2,1,-1,1,-1
2015120007394,1,9,0,18,0,8,0,0,0,0,1,1,6,2,80,11,-1,-1,-1,-1,2,-1
2015120007394,2,9,0,9,0,8,0,0,0,0,4,1,6,2,62,9,1389,1,14,-1,1,-1
2015120007431,1,21,0,18,0,0,0,0,0,0,1,1,1,1,34,6,12740,2,6,-1,3,-1
2015120007431,2,11,0,4,0,0,0,0,0,0,2,1,1,1,61,9,-1,2,12,-1,3,-1
2015120007453,1,19,0,9,0,3,0,0,0,0,1,1,1,1,57,9,1560,2,1,-1,1,-1
2015120007453,2,9,0,17,0,8,0,0,0,0,1,1,6,1,85,11,1999,1,7,-1,1,-1
2015120007453,3,9,0,17,0,1,0,0,0,0,1,1,6,1,88,11,1560,2,3,-1,-1,-1
2015120007660,1,9,0,18,0,1,0,0,0,0,1,1,6,2,22,5,1396,2,4,-1,2,-1
2015120007660,2,9,0,5,0,6,0,0,0,0,1,1,6,2,24,5,1248,2,7,-1,1,-1
2015120007688,1,9,0,18,0,1,1,0,0,0,2,1,6,2,48,8,1995,2,8,-1,1,-1
2015120007688,2,9,0,18,0,1,0,0,0,0,1,1,1,2,48,8,1968,2,3,-1,1,-1
2015120007693,1,9,0,18,0,1,0,0,0,0,1,1,6,2,24,5,1360,1,9,-1,1,-1
2015120007693,2,9,0,3,0,1,0,0,0,0,2,1,6,2,33,6,1149,1,11,-1,1,-1
2015120007779,1,9,0,18,0,0,2,0,1,0,1,1,6,2,18,4,1388,1,12,-1,1,-1
2015120007844,1,9,0,16,0,0,5,0,2,4,1,1,6,1,21,5,1587,1,15,-1,3,-1
2015120007875,1,1,0,18,0,0,0,0,0,0,0,1,6,1,51,8,-1,-1,-1,-1,1,-1
2015120007993,1,1,0,18,9,0,0,0,0,0,1,1,4,1,14,3,-1,-1,-1,-1,-1,-1
2015120008144,1,9,0,18,0,0,0,0,7,4,3,1,6,1,60,9,2457,1,4,-1,1,-1
2015120008144,2,9,0,18,0,0,0,0,0,0,3,1,6,2,61,9,1995,2,7,-1,2,-1
2015120008359,1,9,0,5,0,3,0,0,0,0,1,1,6,1,75,10,1242,1,6,-1,1,-1
2015120008361,1,9,0,7,0,2,1,0,1,0,3,1,6,1,41,7,1968,2,3,-1,-1,-1
2015120008361,2,9,0,18,0,1,1,0,0,0,1,1,2,2,26,6,-1,-1,-1,-1,1,-1
2015120008371,1,19,0,18,0,0,0,0,0,0,3,1,6,1,22,5,1560,2,7,-1,2,-1
2015120008418,1,9,0,18,0,0,2,10,1,0,4,1,2,1,32,6,-1,-1,-1,-1,1,-1
2015120008520,1,9,0,9,0,5,0,0,0,0,1,1,1,1,52,8,1995,2,1,-1,1,-1
2015120008523,1,1,0,18,0,8,0,0,0,0,4,1,6,1,54,8,-1,-1,-1,-1,1,-1
2015120008523,2,9,0,7,0,8,0,0,0,0,3,1,6,2,45,7,2000,2,10,-1,1,-1
2015120008601,1,9,0,1,0,1,0,0,0,0,2,1,1,1,18,4,-1,-1,-1,-1,1,-1
2015120008601,2,20,0,1,0,8,0,0,0,0,0,1,1,1,51,8,4461,2,3,-1,1,-1
2015120008608,1,9,0,18,0,1,1,0,1,11,1,1,6,1,68,10,973,1,16,-1,1,-1
2015120008714,1,9,0,18,0,0,1,0,1,10,1,1,6,1,61,9,1587,1,9,-1,1,-1
2015120008720,1,9,0,18,0,0,0,0,7,0,1,1,6,1,29,6,-1,-1,-1,-1,3,-1
2015120008720,2,9,0,18,0,0,0,0,0,0,2,1,6,2,53,8,1242,1,8,-1,1,-1
2015120008756,1,19,0,4,9,0,0,0,7,10,3,1,6,1,57,9,2402,2,13,-1,1,-1
2015120008891,1,19,4,1,0,0,0,0,0,0,2,1,1,1,45,7,1896,2,8,-1,2,-1
2015120008926,1,9,0,9,0,8,0,0,0,0,1,1,6,2,30,6,1995,2,9,-1,1,-1
2015120008926,2,1,0,18,0,8,0,0,0,0,3,1,2,1,36,7,-1,-1,-1,-1,1,-1
2015120008931,1,9,0,7,0,5,0,0,0,0,1,1,6,1,44,7,2184,2,10,-1,2,-1
2015120009065,1,9,0,9,0,8,0,0,7,0,1,1,6,1,46,8,998,1,16,-1,3,-1
2015120009321,1,9,0,18,0,0,1,0,0,0,1,1,6,2,58,9,1329,1,2,-1,3,-1
2015120009321,2,9,0,18,0,0,1,0,0,0,1,1,6,2,44,7,1596,1,10,-1,3,-1
2015120009395,1,9,0,18,0,0,0,0,0,0,1,1,6,3,53,8,2967,2,5,-1,1,-1
2015120009395,2,17,0,18,0,0,0,0,0,0,1,2,6,1,20,4,760,1,5,-1,1,-1
2015120009483,1,2,0,4,0,1,1,0,0,0,3,1,2,2,22,5,49,1,10,-1,2,-1
2015120009498,1,9,0,4,0,1,0,0,0,0,1,1,6,1,29,6,1968,2,1,-1,2,-1
2015120009498,2,9,0,4,0,1,0,0,0,0,2,1,6,2,27,6,1149,1,15,-1,3,-1
2015120009979,1,9,0,18,0,0,1,0,1,10,4,1,6,1,42,7,-1,-1,-1,-1,3,-1
2015120009979,2,9,0,18,0,0,0,0,1,10,1,1,6,1,20,4,1910,2,11,-1,2,-1
2015120010129,1,9,0,17,0,0,1,0,1,4,1,1,6,1,20,4,1995,1,13,-1,1,-1
2015120010475,1,19,0,14,0,1,0,0,0,0,1,1,1,2,42,7,1560,2,1,-1,1,-1
2015120010475,2,9,0,3,0,1,0,0,0,0,2,1,1,1,59,9,1997,2,5,-1,2,-1
2015120010475,3,9,0,3,0,1,0,0,0,0,2,1,6,1,52,8,2401,2,10,-1,3,-1
2015120010475,4,9,0,5,0,1,0,0,0,0,0,1,6,3,-1,-1,-1,-1,-1,-1,-1,-1
2015120010475,5,9,0,9,0,5,0,0,0,0,0,1,6,3,-1,-1,-1,-1,-1,-1,-1,-1
2015120010514,1,9,0,18,0,2,0,0,0,0,1,1,1,2,24,5,1086,1,11,-1,2,-1
2015120010775,1,9,0,18,0,8,0,0,0,0,3,1,3,2,37,7,1598,1,6,-1,3,-1
2015120010775,2,1,0,18,0,8,0,0,0,0,4,1,6,1,76,11,-1,-1,-1,-1,3,-1
2015120010860,1,9,0,5,0,4,0,0,0,0,2,1,6,1,59,9,2295,1,10,-1,1,-1
2015120010860,2,9,0,5,0,4,0,0,0,0,1,1,6,1,26,6,-1,-1,-1,-1,-1,-1
2015120011041,1,9,0,18,0,8,0,0,0,0,1,1,1,1,56,9,1461,2,3,-1,1,-1
2015120011041,2,9,0,4,0,8,0,0,0,0,2,1,1,3,64,9,1560,2,1,-1,1,-1
2015120011055,1,9,0,9,0,5,0,0,0,0,1,1,2,2,52,8,998,1,1,-1,1,-1
2015120011055,2,9,0,18,0,1,0,0,0,0,1,1,2,2,45,7,1390,1,5,-1,-1,-1
2015120011055,3,9,0,8,0,6,0,0,0,0,3,1,6,1,60,9,1586,1,1,-1,-1,-1
2015120011262,1,9,0,4,0,1,1,0,0,0,1,1,6,2,39,7,998,1,1,-1,3,-1
2015120011262,2,19,0,10,0,1,0,0,0,0,2,1,6,1,20,4,1399,2,4,-1,3,-1
2015120011315,1,9,0,17,0,0,1,4,0,0,1,1,6,1,65,9,2143,2,-1,-1,3,-1
2015120011315,2,9,0,2,6,0,0,0,0,0,2,1,6,1,36,7,2495,2,12,-1,3,-1
2015120011315,3,9,0,2,6,0,0,0,0,0,1,1,6,2,28,6,4367,2,1,-1,3,-1
2015120011358,1,9,0,18,0,0,0,0,7,11,1,1,6,1,24,5,1332,1,6,-1,3,-1
2015120011541,1,1,0,5,0,8,1,0,0,0,0,1,6,1,48,8,-1,-1,-1,-1,1,-1
2015120011541,2,9,0,5,0,8,0,0,0,0,0,1,6,1,43,7,1995,2,7,-1,1,-1
2015120011781,1,21,1,18,0,0,0,0,0,0,2,1,1,1,54,8,11705,2,10,-1,3,-1
2015120011781,2,19,0,18,0,0,0,0,0,0,1,1,2,1,53,8,-1,-1,-1,-1,1,-1
2015120011781,3,19,0,18,0,0,0,0,0,0,2,1,2,1,44,7,-1,-1,-1,-1,2,-1
2015120011781,4,9,0,18,0,0,0,0,0,0,1,1,6,1,19,4,1968,2,4,-1,3,-1
2015120011781,5,9,0,18,0,0,0,0,0,0,1,1,2,1,49,8,1560,2,4,-1,1,-1
2015120011781,6,9,0,18,0,0,0,0,0,0,1,1,2,1,18,4,1199,1,11,-1,-1,-1
2015120011997,1,1,0,18,4,0,0,0,0,0,3,1,1,2,36,7,-1,-1,-1,-1,1,-1
2015120011997,2,3,0,11,4,0,0,0,0,0,4,1,6,1,50,8,124,1,1,-1,1,-1
2015120012025,1,9,0,1,0,0,0,0,0,0,2,1,6,1,-1,-1,-1,-1,-1,-1,-1,-1
2015120012113,1,9,0,18,0,0,0,4,0,0,1,1,6,2,33,6,1108,1,15,-1,3,-1
2015120012113,2,9,0,2,0,0,0,0,0,0,1,1,6,1,38,7,2179,2,5,-1,3,-1
2015120012113,3,9,0,2,0,0,0,0,0,0,1,1,6,2,57,9,1796,1,15,-1,3,-1
2015120012134,1,9,0,9,0,8,0,0,0,0,4,1,6,2,18,4,1199,1,13,-1,1,-1
2015120012134,2,9,0,18,0,8,0,0,0,0,1,1,2,1,21,5,1329,1,1,-1,3,-1
2015120012340,1,9,0,13,0,0,0,0,0,0,1,1,2,1,28,6,1781,1,23,-1,3,-1
2015120012340,2,19,0,18,0,0,0,0,0,0,1,1,2,1,20,4,-1,-1,-1,-1,1,-1
2015120012389,1,11,0,18,0,0,0,0,0,0,1,1,1,1,57,9,2402,2,7,-1,1,-1
2015120012389,2,1,0,18,0,0,0,0,0,0,4,1,4,1,11,3,-1,-1,-1,-1,1,-1
2015120012669,1,1,0,7,9,1,0,0,0,0,1,1,6,1,50,8,-1,-1,-1,-1,1,-1
2015120012862,1,9,0,17,0,0,0,0,1,10,1,1,6,1,19,4,1870,2,12,-1,1,-1
2015120013047,1,5,0,17,0,0,0,0,1,0,1,1,6,1,47,8,-1,-1,-1,-1,1,-1
2015120013051,1,9,0,16,0,0,1,0,0,0,1,1,6,1,22,5,998,1,13,-1,3,-1
2015120013051,2,17,0,17,0,0,0,0,0,0,1,1,1,1,55,8,-1,2,18,-1,3,-1
2015120013091,1,1,0,3,0,1,0,0,0,0,2,1,2,1,20,4,-1,-1,-1,-1,1,-1
2015120013091,2,9,0,18,0,1,0,0,0,0,1,1,6,3,-1,-1,-1,-1,-1,-1,-1,-1
2015120013257,1,9,0,9,0,5,0,0,0,0,1,1,6,1,72,10,-1,-1,-1,-1,3,-1
2015120013257,2,9,0,18,0,8,0,0,0,0,1,1,2,1,49,8,2400,2,-1,-1,1,-1
2015120013504,1,9,0,17,0,0,0,0,1,0,1,1,6,1,38,7,1985,1,12,-1,3,-1
2015120013524,1,9,0,17,0,0,1,0,1,11,1,1,6,1,20,4,-1,-1,-1,-1,2,-1
2015120013935,1,9,0,4,0,7,0,0,0,0,1,1,2,1,38,7,1248,2,6,-1,1,-1
2015120013935,2,9,0,4,0,7,0,0,0,0,2,1,2,1,51,8,-1,-1,-1,-1,1,-1
2015120014046,1,19,0,7,0,4,0,0,0,0,1,1,1,1,34,6,1598,2,4,-1,1,-1
2015120014046,2,9,0,18,0,3,0,0,0,0,4,1,6,1,86,11,1124,1,10,-1,1,-1
2015120014299,1,9,0,6,0,0,0,0,0,0,3,1,6,1,53,8,1999,1,9,-1,1,-1
2015120014389,1,9,0,18,0,1,0,0,0,0,4,1,6,1,36,7,1596,1,8,-1,1,-1
2015120014389,2,1,0,18,0,1,0,0,0,0,1,1,2,1,22,5,-1,-1,-1,-1,1,-1
2015120014858,1,9,0,1,0,5,0,0,0,0,2,1,6,2,63,9,2000,1,10,-1,3,-1
2015120014858,2,9,0,4,0,1,0,0,0,0,1,1,6,2,52,8,1149,1,15,-1,1,-1
2015120015184,1,9,0,18,0,4,0,0,0,0,1,1,6,2,27,6,1242,1,8,-1,3,-1
2015120015184,2,1,0,18,0,4,0,0,0,0,3,1,6,2,21,5,-1,-1,-1,-1,1,-1
2015120015377,1,21,1,12,0,0,0,0,0,0,0,2,1,1,54,8,-1,-1,-1,-1,3,-1
2015120015377,2,9,0,13,0,0,0,0,0,0,0,1,2,2,43,7,1248,1,1,-1,2,-1
2015120015408,1,9,0,18,0,0,5,0,1,0,1,1,6,1,31,6,1275,1,-1,-1,1,-1
2015120015504,1,9,0,16,0,0,2,0,7,9,1,1,2,2,24,5,-1,-1,-1,-1,-1,-1
2015120015555,1,9,0,17,0,0,2,0,7,11,2,1,1,1,30,6,-1,-1,-1,-1,1,-1
2015120015555,2,9,0,16,0,0,0,0,0,0,0,1,6,3,-1,-1,-1,-1,-1,-1,-1,-1
2015120015721,1,9,0,17,0,0,1,0,8,11,1,1,2,2,44,7,1599,1,11,-1,3,-1
2015120015882,1,19,0,18,0,0,0,0,0,0,0,1,1,1,48,8,2143,2,4,-1,2,-1
2015120015882,2,16,0,18,0,0,0,0,0,0,0,1,6,1,48,8,-1,-1,-1,-1,2,-1
2015120016002,1,9,0,4,0,0,0,0,0,0,2,1,1,2,36,7,1596,1,10,-1,2,-1
2015120016002,2,19,0,18,0,0,1,0,0,0,1,1,1,1,51,8,1995,2,5,-1,1,-1
2015120016005,1,9,0,13,0,0,2,0,1,4,1,1,6,1,32,6,1753,2,12,-1,1,-1
2015120016024,1,9,0,18,0,0,1,0,0,0,1,1,6,2,44,7,-1,-1,-1,-1,3,-1
2015120016024,2,9,0,18,0,0,1,0,0,0,1,1,6,2,59,9,-1,-1,-1,-1,3,-1
2015120016038,1,9,0,18,0,0,2,0,0,0,4,1,2,2,22,5,-1,-1,-1,-1,3,-1
2015120016130,1,9,0,18,0,0,1,0,0,0,1,1,6,2,43,7,1998,2,12,-1,2,-1
2015120016130,2,9,0,18,0,0,1,0,0,0,1,1,6,2,44,7,1896,2,12,-1,2,-1
2015120016346,1,9,0,18,0,0,0,0,0,0,3,1,1,2,50,8,1248,2,7,-1,1,-1
2015120016357,1,9,0,18,0,1,0,0,0,0,1,1,6,2,41,7,1598,1,12,-1,1,-1
2015120016357,2,9,0,10,0,1,0,0,0,0,2,1,6,1,63,9,1997,2,6,-1,2,-1
2015120016357,3,9,0,3,0,1,0,0,0,0,2,1,6,1,27,6,1242,1,9,-1,1,-1
2015120016376,1,21,1,18,0,8,0,0,0,0,1,1,1,1,23,5,12777,2,6,-1,2,-1
2015120016376,2,9,0,4,0,8,0,0,0,0,2,1,1,2,56,9,-1,-1,-1,-1,1,-1
2015120016671,1,9,0,18,0,0,0,0,1,0,2,1,6,1,75,10,1685,2,4,-1,3,-1
2015120016671,2,9,0,18,0,0,0,0,0,0,1,1,6,3,-1,-1,1968,2,9,-1,3,-1
2015120016730,1,9,0,18,0,6,0,0,0,0,1,1,6,1,80,11,1242,1,7,-1,1,-1
2015120016730,2,9,0,7,0,5,0,0,0,0,2,1,6,1,19,4,1896,2,13,-1,1,-1
2015120017020,1,9,0,12,0,0,2,0,1,11,4,1,6,1,34,6,-1,-1,-1,-1,2,-1
2015120017165,1,9,0,9,0,2,0,0,0,0,1,1,1,2,56,9,1461,2,7,-1,1,-1
2015120017165,2,1,0,9,0,2,0,0,0,0,2,1,6,1,58,9,-1,-1,-1,-1,1,-1
2015120017209,1,1,0,7,0,1,1,0,0,0,0,1,6,1,16,4,-1,-1,-1,-1,1,-1
2015120017209,2,9,0,5,9,1,0,0,0,0,0,1,6,3,-1,-1,-1,-1,-1,-1,-1,-1
2015120017341,1,3,0,18,0,0,1,0,0,0,1,1,2,1,19,4,124,1,2,-1,1,-1
2015120017441,1,9,0,18,0,0,0,0,1,0,1,1,1,1,21,5,-1,-1,-1,-1,3,-1
2015120017441,2,9,0,2,0,0,0,0,1,0,2,1,6,3,-1,-1,-1,-1,-1,-1,3,-1
2015120017441,3,9,0,2,0,0,0,0,0,0,2,1,6,3,-1,-1,1951,2,11,-1,3,-1
2015120017481,1,9,0,18,0,1,0,0,0,0,1,1,6,2,37,7,1397,1,6,-1,1,-1
2015120017481,2,9,0,3,0,1,0,0,0,0,2,1,2,1,41,7,1968,2,6,-1,1,-1
2015120017531,1,9,0,18,0,0,0,0,7,11,1,1,6,1,20,4,-1,-1,-1,-1,2,-1
2015120017709,1,9,0,18,0,0,0,0,7,10,3,1,6,1,87,11,2184,2,5,-1,3,-1
2015120017709,2,9,0,18,0,0,0,0,2,10,3,1,6,1,58,9,-1,-1,-1,-1,3,-1
2015120017807,1,90,0,16,0,0,0,10,1,0,0,1,6,1,26,6,329,1,9,-1,3,-1
2015120017807,2,9,0,17,0,0,0,0,0,0,0,1,6,3,-1,-1,-1,-1,-1,-1,-1,-1
2015120017868,1,9,0,18,0,4,0,0,3,1,1,1,6,1,62,9,1956,2,4,-1,1,-1
2015120017948,1,9,0,17,0,0,0,0,1,0,1,1,2,1,50,8,-1,-1,-1,-1,1,-1
2015120017961,1,5,0,14,0,1,0,0,0,0,1,1,1,1,30,6,553,1,25,-1,2,-1
2015120017961,2,19,0,9,0,6,0,0,0,0,3,1,1,1,46,8,-1,-1,-1,-1,1,-1
2015120017963,1,9,0,17,0,0,1,0,0,0,1,1,2,2,19,4,1149,1,13,-1,3,-1
2015120018332,1,9,0,11,0,0,0,0,1,7,4,1,6,1,21,5,1560,2,10,-1,-1,-1
2015120018332,2,9,0,12,0,0,0,0,1,0,3,1,6,1,50,8,2902,2,11,-1,2,-1
2015120018332,3,20,0,18,0,0,0,0,0,0,0,1,6,1,50,8,-1,-1,-1,-1,1,-1
2015120018332,4,9,0,18,0,0,0,0,0,0,0,1,1,1,42,7,1598,1,7,-1,1,-1
2015120018445,1,9,0,16,0,0,2,0,2,11,1,1,6,1,27,6,1753,2,14,-1,1,-1
2015120018520,1,19,0,18,0,4,0,0,0,0,1,1,1,1,46,8,2500,2,9,-1,3,-1
2015120018520,2,1,0,18,0,3,0,0,0,0,4,1,1,1,43,7,-1,-1,-1,-1,1,-1
2015120018563,1,9,0,4,0,0,1,0,0,0,3,1,2,2,32,6,1997,2,1,-1,3,-1
2015120018563,2,90,0,18,0,0,0,0,0,0,1,1,1,1,52,8,7146,2,3,-1,1,-1
2015120018806,1,9,0,18,0,1,0,0,1,0,1,1,6,2,22,5,-1,-1,-1,-1,3,-1
2015120018806,2,9,0,9,0,8,0,0,0,0,4,1,2,2,26,6,-1,-1,-1,-1,2,-1
2015120018810,1,9,0,18,0,0,0,0,0,0,1,1,6,1,70,10,1198,1,1,-1,1,-1
2015120018897,1,9,0,18,0,0,0,0,0,0,3,1,6,1,32,6,1560,2,4,-1,1,-1
2015120019041,1,9,0,18,0,0,1,0,5,6,3,1,6,2,60,9,-1,-1,-1,-1,3,-1
2015120019041,2,21,1,18,0,0,4,0,5,6,1,1,1,1,64,9,12419,2,4,-1,1,-1
2015120019108,1,9,0,18,0,0,0,0,5,6,1,1,6,1,19,4,1229,1,9,-1,1,-1
2015120019162,1,9,0,18,0,0,0,0,0,0,0,1,1,2,22,5,1242,1,1,-1,1,-1
2015120019162,2,9,0,18,0,0,1,6,1,9,4,1,6,2,44,7,-1,3,1,-1,3,-1
2015120019271,1,5,0,3,0,1,0,0,0,0,2,1,6,1,58,9,650,1,21,-1,3,-1