Accident_Index,Vehicle_Reference,Vehicle_Type,Towing_and_Articulation,Vehicle_Manoeuvre,Vehicle_Location-Restricted_Lane,Junction_Location,Skidding_and_Overturning,Hit_Object_in_Carriageway,Vehicle_Leaving_Carriageway,Hit_Object_off_Carriageway,1st_Point_of_Impact,Was_Vehicle_Left_Hand_Drive?,Journey_Purpose_of_Driver,Sex_of_Driver,Age_of_Driver,Age_Band_of_Driver,Engine_Capacity_(CC),Propulsion_Code,Age_of_Vehicle,Driver_IMD_Decile,Driver_Home_Area_Type,Vehicle_IMD_Decile
2015120031873,2,21,0,4,0,1,0,0,0,0,1,1,1,1,39,7,3920,2,2,-1,1,-1
2015120031997,1,21,0,4,0,0,0,0,0,0,1,1,1,1,60,9,-1,-1,-1,-1,1,-1
2015120031997,2,9,0,4,0,0,0,0,0,0,2,1,6,2,17,4,-1,-1,-1,-1,1,-1
2015120031997,3,9,0,4,0,0,0,0,0,0,2,1,6,1,44,7,1998,2,9,-1,1,-1
2015120032023,1,9,0,9,0,8,0,0,0,0,1,1,6,2,26,6,1398,2,10,-1,1,-1
2015120032023,2,5,0,18,0,1,0,0,0,0,1,1,1,1,30,6,900,1,16,-1,1,-1
2015120032205,1,9,0,18,0,0,0,0,0,0,1,1,6,2,23,5,998,1,12,-1,-1,-1
2015120032205,2,9,0,18,0,0,0,0,0,0,2,1,6,2,38,7,1783,1,12,-1,3,-1
2015120032316,1,19,0,18,0,0,1,4,0,0,1,1,6,1,71,10,2500,2,14,-1,1,-1
2015120032316,2,21,0,2,0,0,0,0,0,0,2,1,1,1,42,7,4500,2,9,-1,3,-1
2015120032316,3,21,0,2,0,0,0,0,0,0,0,1,1,1,42,7,4461,2,3,-1,1,-1
2015120032332,1,3,0,13,0,0,0,0,7,11,1,1,6,1,20,4,125,1,2,-1,3,-1
2015120032566,1,3,0,18,0,0,0,0,0,0,1,1,2,1,30,6,124,1,2,-1,1,-1
2015120032800,1,9,0,16,0,0,0,0,8,4,1,1,6,1,28,6,1499,2,1,-1,1,-1
2015120033356,1,9,0,17,0,0,0,0,1,4,1,1,6,2,24,5,1997,2,3,-1,1,-1
2015120033380,1,9,0,4,0,0,0,0,0,0,2,1,6,2,57,9,1242,1,2,-1,1,-1
2015120033380,2,9,0,4,0,0,0,0,0,0,1,1,6,2,25,5,-1,-1,-1,-1,1,-1
2015120033747,1,9,0,4,0,0,0,0,0,0,1,1,6,2,37,7,2143,2,2,-1,3,-1
2015120033747,2,9,0,3,0,0,0,0,0,0,2,1,6,1,39,7,2671,1,14,-1,1,-1
2015120033747,3,9,0,3,0,0,0,0,0,0,2,1,6,2,36,7,1685,2,2,-1,1,-1
2015120033962,1,9,0,18,0,0,1,0,0,0,4,1,6,1,33,6,-1,-1,-1,-1,1,-1
2015120033962,2,9,0,18,0,0,0,0,7,0,1,1,2,2,61,9,-1,-1,-1,-1,1,-1
2015120034013,1,9,0,18,0,0,0,0,0,0,1,1,6,1,86,11,1248,2,3,-1,1,-1
2015120034013,2,9,0,4,0,0,0,0,0,0,2,1,6,2,79,11,1339,1,1,-1,3,-1
2015120034129,1,9,0,18,0,0,1,0,2,4,1,1,1,2,28,6,1390,1,6,-1,1,-1
2015120034144,1,9,0,18,0,0,2,0,1,11,1,1,6,1,25,5,1149,1,11,-1,1,-1
2015120034145,1,9,0,18,0,0,0,0,7,4,3,1,6,1,18,4,-1,-1,-1,-1,2,-1
2015120034145,2,9,0,18,0,0,0,0,7,0,3,1,6,2,25,5,2993,2,6,-1,1,-1
2015120034145,3,9,0,18,0,0,0,1,0,0,1,1,6,1,62,9,1598,2,4,-1,1,-1
2015120034192,1,9,0,12,0,7,1,0,0,0,3,1,2,2,32,6,1248,2,4,-1,2,-1
2015120034192,2,9,0,18,0,8,0,0,0,0,4,1,2,1,37,7,1364,1,1,-1,1,-1
2015120034192,3,19,0,18,0,8,0,0,0,0,3,1,1,1,64,9,1248,2,9,-1,2,-1
2015120034192,4,21,0,18,0,8,0,0,0,0,3,1,1,1,61,9,11967,2,2,-1,3,-1
2015120034370,1,9,0,4,0,1,0,0,1,0,2,1,6,1,68,10,1390,1,4,-1,2,-1
2015120034370,2,9,0,18,0,1,1,0,0,0,1,1,6,1,47,8,1598,1,4,-1,2,-1
2015120034433,1,9,0,18,0,0,1,10,0,0,1,1,6,1,68,10,1598,1,4,-1,1,-1
2015120034433,2,9,0,3,0,0,0,0,0,0,1,1,6,1,51,8,2993,2,1,-1,3,-1
2015120034433,3,9,0,3,0,0,0,0,0,0,1,1,6,1,55,8,2985,2,9,-1,1,-1
2015120034696,1,9,0,16,0,0,1,10,0,0,3,1,6,1,22,5,1598,1,2,-1,1,-1
2015120034743,1,9,0,18,0,0,1,0,1,9,4,1,6,1,21,5,1461,2,2,-1,1,-1
2015120034794,1,9,0,4,0,1,1,0,0,0,1,1,2,1,53,8,-1,-1,-1,-1,1,-1
2015120034794,2,20,0,4,0,1,0,0,0,0,1,1,1,1,46,8,6370,2,11,-1,3,-1
2015120034944,1,9,0,1,0,0,0,0,0,0,2,1,6,1,72,10,-1,-1,-1,-1,3,-1
2015120035799,1,9,0,18,0,0,0,0,0,0,4,1,6,2,-1,-1,-1,-1,-1,-1,-1,-1
2015120035814,1,9,0,5,0,4,0,0,0,0,1,1,2,1,33,6,1956,2,3,-1,1,-1
2015120035814,2,1,0,17,0,3,0,0,0,0,3,1,2,1,37,7,-1,-1,-1,-1,-1,-1
2015120035817,1,9,0,5,0,2,0,0,0,0,1,1,6,2,25,5,1242,1,11,-1,1,-1
2015120035817,2,1,0,3,0,2,0,0,0,0,2,1,2,1,44,7,-1,-1,-1,-1,1,-1
2015120035881,1,9,0,18,0,0,0,0,0,11,1,1,6,2,31,6,1229,1,1,-1,1,-1
2015120036216,1,19,0,18,0,0,0,0,0,0,4,1,1,1,33,6,-1,-1,-1,-1,1,-1
2015120036386,1,20,4,4,0,1,1,0,0,0,1,1,1,1,67,10,2151,2,12,-1,1,-1
2015120036386,2,10,0,3,0,1,0,0,0,0,2,1,1,1,54,8,2148,2,7,-1,1,-1
2015120036386,3,9,0,3,0,1,0,0,0,0,2,1,1,1,49,8,1686,2,2,-1,1,-1
2015120036386,4,9,0,3,0,1,0,0,0,0,2,1,1,1,64,9,2987,2,3,-1,3,-1
2015120036805,1,9,0,8,0,1,0,0,0,0,3,1,6,1,64,9,1997,2,2,-1,1,-1
2015120036805,2,1,0,18,4,1,0,0,0,0,1,1,2,2,21,5,-1,-1,-1,-1,1,-1
2015120036926,1,9,0,18,0,2,0,0,0,0,4,1,6,1,52,8,1968,2,1,-1,1,-1
2015120037385,1,9,0,16,0,1,2,0,7,1,1,1,6,1,23,5,-1,-1,-1,-1,1,-1
2015120037437,1,9,0,17,0,0,1,0,0,0,2,1,6,1,35,6,-1,-1,-1,-1,1,-1
2015120037437,2,11,0,16,0,0,0,0,0,0,1,1,6,1,58,9,9600,2,13,-1,1,-1
2015120037487,1,3,0,16,0,2,0,0,7,0,1,1,6,1,23,5,125,1,2,-1,1,-1
2015120037639,1,5,0,18,0,0,0,0,0,0,3,1,6,1,35,6,-1,-1,-1,-1,-1,-1
2015120037639,2,5,0,18,0,0,0,0,0,0,4,1,6,1,39,7,998,1,-1,-1,1,-1
2015120037680,1,9,0,15,0,0,0,0,0,0,1,1,6,2,67,10,1124,1,10,-1,3,-1
2015120037680,2,5,0,16,0,0,0,0,0,0,3,1,6,2,21,5,535,1,20,-1,-1,-1
2015120037680,3,1,0,17,0,0,0,0,0,0,0,1,6,3,-1,-1,-1,-1,-1,-1,-1,-1
2015120037699,1,9,0,14,0,0,0,0,0,0,1,1,6,1,89,11,-1,-1,-1,-1,1,-1
2015120037699,2,9,0,2,9,0,0,0,0,0,1,1,6,3,21,5,1995,1,14,-1,3,-1
2015120037699,3,9,0,2,9,0,0,0,0,0,2,1,6,3,52,8,2477,2,11,-1,3,-1
2015120037830,1,9,0,14,0,0,0,0,0,0,4,1,6,1,32,6,2461,2,8,-1,1,-1
2015120037830,2,9,0,5,0,0,0,0,0,0,3,1,6,1,48,8,1587,1,10,-1,1,-1
2015120037830,3,11,0,2,0,0,0,0,0,0,2,1,1,1,62,9,-1,-1,-1,-1,1,-1
2015120037830,4,9,0,3,0,0,0,0,0,0,0,1,6,3,40,7,-1,-1,-1,-1,-1,-1
2015120037831,1,9,0,18,0,0,0,0,0,0,1,1,6,1,75,10,1598,2,2,-1,1,-1
2015120037831,2,9,0,3,0,0,0,0,0,0,2,1,6,2,26,6,1242,1,3,-1,1,-1
2015120037831,3,9,0,3,0,0,0,0,0,0,2,1,6,1,47,8,1390,1,13,-1,1,-1
2015120037831,4,9,0,3,0,0,0,0,0,0,2,1,6,2,55,8,1149,1,10,-1,1,-1
2015120037949,1,9,0,15,0,1,0,0,0,0,4,1,6,1,19,4,1124,1,12,-1,2,-1
2015120037949,2,9,0,9,0,5,0,0,0,0,3,1,6,1,19,4,1968,2,1,-1,2,-1
2015120038058,1,9,0,7,0,4,0,0,0,0,1,1,6,3,-1,-1,-1,-1,-1,-1,-1,-1
2015120038058,2,1,0,18,0,5,0,0,0,0,2,1,6,1,35,6,-1,-1,-1,-1,2,-1
2015120038137,1,9,0,3,0,1,0,0,0,0,2,1,6,1,51,8,1598,1,9,-1,1,-1
2015120038137,2,9,0,4,0,1,0,0,0,0,1,1,6,1,50,8,2143,2,4,-1,3,-1
2015120038319,1,9,0,18,0,0,5,0,7,0,1,1,2,1,19,4,-1,-1,-1,-1,2,-1
2015120038394,1,9,0,17,0,0,0,0,1,0,0,1,6,2,17,4,-1,-1,-1,-1,1,-1
2015120038499,1,3,0,16,0,0,1,0,1,0,1,1,2,1,37,7,124,1,-1,-1,1,-1
2015120038665,1,11,0,2,0,0,0,0,0,0,0,1,1,1,46,8,4461,2,2,-1,1,-1
2015120038748,1,9,0,5,0,6,0,0,0,0,1,1,6,2,40,7,1086,1,11,-1,3,-1
2015120038845,1,20,0,18,0,0,2,0,2,4,3,1,1,1,47,8,3920,2,2,-1,2,-1
2015120038973,1,9,0,18,0,0,5,0,0,11,1,1,6,1,24,5,999,1,3,-1,2,-1
2015120038982,1,9,0,2,0,0,0,0,0,0,3,1,1,1,46,8,2231,2,3,-1,3,-1
2015120039044,1,9,0,17,0,0,1,0,7,4,4,1,6,2,17,4,1124,1,9,-1,2,-1
2015120039191,1,9,0,16,0,0,1,0,0,0,1,1,2,2,17,4,1461,2,10,-1,3,-1
2015120039191,2,21,0,4,0,0,0,0,0,0,1,1,1,1,69,10,12740,2,3,-1,-1,-1
2015120039214,1,9,0,18,0,0,0,0,0,0,1,1,1,2,21,5,1242,1,3,-1,-1,-1
2015120039214,2,9,0,4,0,0,0,0,0,0,2,1,1,2,34,6,1896,2,9,-1,-1,-1
2015120039293,1,9,0,5,0,1,0,0,0,0,1,1,6,1,41,7,-1,-1,-1,-1,1,-1
2015120039293,2,1,0,18,0,1,0,0,0,0,4,1,6,2,45,7,-1,-1,-1,-1,1,-1
2015120039298,1,5,0,18,0,0,1,4,1,0,3,1,6,1,59,9,998,1,8,-1,3,-1
2015120039409,1,9,0,7,0,6,0,0,7,0,3,1,6,1,76,11,1339,1,6,-1,3,-1
2015120039409,2,9,0,18,0,8,0,0,1,0,4,1,6,1,44,7,3301,1,15,-1,1,-1
2015120039507,1,9,0,14,0,8,1,0,7,0,1,1,6,2,32,6,-1,-1,-1,-1,1,-1
2015120039507,2,17,0,10,0,5,0,0,0,0,3,1,1,1,43,7,6788,2,1,-1,2,-1
2015120039558,1,9,0,18,0,6,0,0,0,0,4,1,6,1,21,5,1560,2,1,-1,2,-1
2015120039558,2,9,0,18,8,8,0,0,0,0,1,1,1,1,41,7,1598,1,7,-1,3,-1
2015120039591,1,19,0,18,0,4,0,0,0,0,3,1,1,1,29,6,1995,2,7,-1,2,-1
2015120039591,2,9,0,13,0,4,0,0,0,0,4,1,6,2,35,6,1997,2,-1,-1,-1,-1
2015120039785,1,3,0,7,0,4,0,0,0,0,0,1,2,1,18,4,125,1,2,-1,3,-1
2015120040252,1,1,0,18,0,8,0,0,0,0,1,1,1,1,42,7,-1,-1,-1,-1,2,-1
2015120040252,2,9,0,7,0,8,0,0,0,0,2,1,6,1,25,5,1389,1,14,-1,1,-1
2015120040305,1,9,0,13,0,1,0,0,0,0,1,1,6,1,19,4,-1,-1,-1,-1,3,-1
2015120040305,2,9,0,18,0,1,0,0,0,0,0,1,6,1,19,4,1398,2,13,-1,1,-1
2015120040305,3,9,0,9,0,6,0,0,0,0,1,1,6,1,76,11,1896,2,8,-1,1,-1
2015120040680,1,21,1,18,0,6,0,0,0,0,3,1,2,1,52,8,12902,2,2,-1,-1,-1
2015120040680,2,3,0,18,0,1,0,0,0,0,1,1,6,1,63,9,-1,-1,-1,-1,3,-1
2015120040840,1,9,0,7,0,6,0,0,0,0,1,1,6,2,55,8,1598,1,5,-1,2,-1
2015120040840,2,1,0,18,0,8,0,0,0,0,2,1,6,1,62,9,-1,-1,-1,-1,3,-1
2015120040843,1,5,0,18,0,0,0,0,0,0,0,1,2,1,35,6,654,1,7,-1,1,-1
2015120041021,1,9,0,18,0,0,0,0,0,0,1,1,1,1,46,8,1753,2,7,-1,2,-1
2015120041021,2,9,0,18,0,0,0,0,0,0,1,1,1,2,33,6,-1,-1,-1,-1,2,-1
2015120041021,3,9,0,18,0,0,0,0,0,0,2,1,1,2,49,8,1248,2,1,-1,1,-1
2015120041203,1,9,0,9,0,2,0,0,0,0,4,1,6,2,57,9,1991,2,9,-1,1,-1
2015120041203,2,1,0,18,4,2,0,0,0,0,1,1,1,1,56,9,-1,-1,-1,-1,1,-1
2015120041225,1,9,0,18,0,0,0,0,0,0,1,1,1,2,24,5,1360,1,9,-1,1,-1
2015120041225,2,9,0,18,0,0,0,0,0,0,2,1,1,2,64,9,1560,2,5,-1,1,-1
2015120041241,1,90,4,18,0,0,4,0,0,0,3,1,1,1,61,9,-1,2,18,-1,3,-1
2015120041449,1,9,0,18,0,8,0,0,0,0,4,1,6,1,29,6,1995,2,5,-1,-1,-1
2015120041449,2,9,0,18,0,1,0,0,0,0,1,1,6,1,56,9,-1,-1,-1,-1,1,-1
2015120041449,3,9,0,8,0,1,0,0,0,0,1,1,6,2,55,8,-1,-1,-1,-1,3,-1
2015120041575,1,1,0,5,0,1,0,0,1,0,2,1,1,2,40,7,-1,-1,-1,-1,1,-1
2015120041575,2,9,0,5,0,1,0,0,0,0,1,1,6,1,56,9,1995,2,3,-1,1,-1
2015120041598,1,19,0,18,0,0,0,0,0,0,1,1,6,1,-1,-1,-1,-1,-1,-1,-1,-1
2015120041649,1,19,0,18,0,0,5,0,1,11,1,1,6,1,17,4,1998,2,10,-1,1,-1
2015120041825,1,5,0,16,0,0,1,0,7,0,3,1,6,1,65,9,1170,1,1,-1,3,-1
2015120041989,1,9,0,4,0,8,0,0,0,0,2,1,6,2,25,5,-1,-1,-1,-1,1,-1
2015120041989,2,1,0,16,0,8,0,0,0,0,1,1,1,1,42,7,-1,-1,-1,-1,-1,-1
2015120041993,1,5,0,17,0,0,1,0,1,0,3,1,6,1,42,7,-1,-1,-1,-1,1,-1
2015120042021,1,17,0,9,0,2,0,0,0,0,4,1,1,1,31,6,-1,2,8,-1,3,-1
2015120042021,2,9,0,18,0,8,0,0,0,0,1,1,6,2,52,8,1398,2,3,-1,2,-1
2015120042222,1,9,0,18,0,0,5,0,1,1,1,1,6,1,17,4,-1,-1,-1,-1,3,-1
2015120042302,1,9,0,18,0,1,0,0,0,0,1,1,6,3,-1,-1,-1,-1,-1,-1,-1,-1
2015120042392,1,9,0,7,0,5,0,0,0,0,4,1,6,2,60,9,1497,8,3,-1,1,-1
2015120042392,2,1,0,18,0,1,0,0,0,0,1,1,6,1,34,6,-1,-1,-1,-1,1,-1
2015120042460,1,9,0,17,0,0,1,0,1,11,1,1,6,1,18,4,998,1,11,-1,1,-1
2015120042468,1,9,0,4,0,0,0,0,0,0,2,1,6,1,69,10,1798,1,7,-1,1,-1
2015120042468,2,9,0,4,0,0,0,0,0,0,1,1,6,1,19,4,1124,1,9,-1,-1,-1
2015120042468,3,9,0,4,0,0,0,0,0,0,1,1,6,1,32,6,1598,1,5,-1,1,-1
2015120042483,1,9,0,18,0,0,0,0,5,6,1,1,6,2,47,8,1997,2,1,-1,1,-1
2015120042530,1,11,0,18,0,1,0,0,0,0,0,1,6,2,35,6,-1,-1,-1,-1,1,-1
2015120042530,2,8,0,4,0,1,0,0,0,0,0,1,6,1,42,7,-1,-1,-1,-1,-1,-1
2015120042534,1,9,0,13,0,0,5,0,1,0,1,1,6,1,20,4,-1,-1,-1,-1,1,-1
2015120042534,2,9,0,18,0,0,0,0,0,0,0,1,6,3,-1,-1,-1,-1,-1,-1,-1,-1
2015120043020,1,9,0,10,0,1,0,0,0,0,2,1,6,1,28,6,1199,1,14,-1,1,-1
2015120043020,2,9,0,18,0,1,0,0,0,0,1,1,6,2,42,7,1461,2,-1,-1,1,-1
2015120043094,1,5,0,5,0,0,1,0,0,0,0,1,2,1,43,7,1092,1,16,-1,1,-1
2015120043133,1,9,0,9,0,5,0,0,0,0,1,1,6,2,40,7,1896,2,6,-1,1,-1
2015120043133,2,1,0,18,0,1,0,0,0,0,1,1,6,2,40,7,-1,-1,-1,-1,1,-1
2015120043404,1,9,0,16,0,0,1,0,7,4,4,1,6,2,18,4,1124,1,14,-1,2,-1
2015120043695,1,9,0,18,0,6,0,0,0,0,4,1,2,2,44,7,1910,2,5,-1,3,-1
2015120043695,2,9,0,18,0,8,0,0,0,0,1,1,6,1,53,8,1951,2,12,-1,1,-1
2015120043695,3,9,0,10,0,1,0,0,0,0,3,1,6,1,42,7,2496,2,13,-1,3,-1
2015120043695,4,20,0,18,0,8,0,0,0,0,0,1,6,3,-1,-1,-1,-1,-1,-1,-1,-1
2015120043755,1,9,0,5,0,2,0,0,0,0,4,1,2,2,38,7,1968,2,4,-1,1,-1
2015120043755,2,1,0,18,0,1,0,0,0,0,1,1,2,1,55,8,-1,-1,-1,-1,-1,-1
2015120043810,1,9,0,18,0,8,0,0,0,1,4,1,1,1,48,8,1753,2,6,-1,-1,-1
2015120043810,2,9,0,9,0,8,0,0,0,0,1,1,6,1,57,9,1968,2,7,-1,1,-1
2015120043984,1,9,0,18,0,0,0,0,0,0,0,1,6,2,47,8,-1,-1,-1,-1,1,-1
2015120044149,1,9,0,9,0,4,0,0,1,2,1,1,6,2,17,4,1199,1,13,-1,3,-1
2015120044360,1,9,0,18,0,0,0,0,0,0,2,1,6,1,28,6,1956,2,3,-1,1,-1
2015120044360,2,9,0,18,0,0,0,0,0,0,1,1,6,2,32,6,1995,2,6,-1,1,-1
2015120044681,1,9,0,8,0,1,0,0,0,0,2,1,3,2,32,6,1598,1,11,-1,1,-1
2015120044681,2,9,0,8,0,1,0,0,0,0,1,1,6,2,80,11,1360,1,8,-1,3,-1
2015120044743,1,9,0,18,0,2,1,0,8,11,1,1,6,1,37,7,1399,2,8,-1,1,-1
2015120044900,1,9,0,18,0,0,0,0,7,2,1,1,6,1,69,10,-1,-1,-1,-1,1,-1
2015120044928,1,9,0,18,0,2,0,0,0,0,1,1,1,1,25,5,1600,2,5,-1,1,-1
2015120045064,1,1,0,18,0,2,0,0,0,0,1,1,4,1,18,4,-1,-1,-1,-1,1,-1
2015120045064,2,9,0,4,0,2,0,0,0,0,4,1,6,3,-1,-1,-1,-1,-1,-1,-1,-1
2015120045182,1,9,0,13,0,0,0,0,1,11,0,1,1,1,20,4,-1,-1,-1,-1,2,-1
2015120045182,2,9,0,18,0,0,0,0,0,0,0,1,6,3,-1,-1,-1,-1,-1,-1,-1,-1
2015120045365,1,9,0,9,0,4,0,0,0,0,1,1,6,1,65,9,2184,2,6,-1,1,-1
2015120045365,2,9,0,18,0,4,0,0,0,0,3,1,6,2,63,9,2401,2,8,-1,1,-1
2015120045555,1,9,0,9,0,6,0,0,0,0,3,1,6,2,34,6,1390,1,8,-1,1,-1
2015120045555,2,9,0,18,0,1,1,0,0,0,1,1,6,1,22,5,1396,1,13,-1,2,-1
2015120045992,1,19,0,5,0,2,0,0,0,0,0,1,1,1,52,8,2198,2,8,-1,1,-1
2015120045992,2,9,0,5,0,2,0,0,0,0,1,1,6,1,56,9,1968,2,5,-1,1,-1
2015120045997,1,8,0,9,0,0,0,0,0,0,3,1,1,1,51,8,1910,2,7,-1,1,-1
2015120045997,2,1,0,14,0,0,0,0,0,0,1,1,2,1,48,8,-1,-1,-1,-1,1,-1
2015120045999,1,9,0,18,0,1,0,0,0,0,1,1,6,2,18,4,1560,2,5,-1,3,-1
2015120045999,2,9,0,4,0,1,0,0,0,0,2,1,6,1,21,5,1149,1,13,-1,1,-1
2015120045999,3,9,0,10,0,1,0,0,0,0,2,1,6,1,45,7,1995,1,31,-1,1,-1
2015120046018,1,19,0,1,9,3,0,0,0,0,2,1,1,2,66,10,2198,2,6,-1,2,-1
2015120046159,1,9,0,18,0,0,0,0,1,10,0,1,6,1,28,6,-1,-1,-1,-1,1,-1
2015120046159,2,9,0,18,0,0,0,0,7,10,0,1,6,2,61,9,999,1,-1,-1,2,-1
2015120046186,1,5,0,17,0,7,0,0,1,10,0,1,6,1,24,5,599,1,11,-1,3,-1
2015120046271,1,19,0,18,0,1,0,0,0,0,0,1,6,1,34,6,2500,2,13,-1,1,-1
2015120046271,2,8,0,7,0,6,0,0,0,0,0,1,1,1,45,7,2987,2,10,-1,1,-1
2015120046669,1,19,0,16,0,2,0,0,7,4,1,1,6,1,26,6,-1,-1,-1,-1,2,-1
2015120046774,1,5,0,17,0,0,0,12,1,0,1,1,6,1,50,8,998,1,11,-1,2,-1
2015120047051,1,9,0,17,0,0,1,0,7,11,2,1,6,2,25,5,1796,1,11,-1,3,-1
2015120047112,1,9,0,18,0,0,2,0,1,0,1,1,6,1,24,5,1590,1,12,-1,2,-1
2015120047136,1,1,0,9,0,8,0,0,0,0,0,1,6,1,75,10,-1,-1,-1,-1,2,-1
2015120047136,2,9,4,7,0,8,0,0,0,0,0,1,6,3,-1,-1,-1,-1,-1,-1,-1,-1
2015120047400,1,9,0,2,0,0,0,0,0,0,3,1,6,2,37,7,1399,2,6,-1,1,-1
2015120047400,2,1,0,14,0,0,0,0,0,0,1,1,2,1,24,5,-1,-1,-1,-1,1,-1
2015120047667,1,11,0,5,2,0,0,0,0,0,0,1,1,1,53,8,7300,2,11,-1,2,-1
2015120047793,1,9,0,3,0,0,0,0,0,0,2,1,2,1,26,6,1390,1,9,-1,1,-1
2015120047793,2,9,0,3,0,0,0,0,0,0,1,1,6,1,45,7,1229,1,6,-1,2,-1
2015120047951,1,21,0,16,0,1,0,10,7,11,1,1,1,1,41,7,10677,2,1,-1,1,-1
2015120047951,2,9,0,18,0,1,0,0,0,0,1,1,1,1,50,8,1956,2,5,-1,3,-1
2015120048033,1,9,0,2,0,0,0,0,0,0,3,1,6,1,41,7,1596,1,8,-1,1,-1
2015120048033,2,1,0,14,0,0,0,0,0,0,1,1,6,2,36,7,-1,-1,-1,-1,1,-1
2015120048057,1,9,0,18,0,0,0,0,0,0,1,1,6,2,78,11,2496,1,11,-1,3,-1
2015120048255,1,9,0,18,0,1,1,0,0,0,1,1,1,1,78,11,1975,1,10,-1,1,-1
2015120048255,2,9,0,3,0,1,0,0,0,0,2,1,1,2,20,4,1596,1,9,-1,3,-1
2015120048257,1,9,0,17,0,0,5,0,2,10,1,1,6,2,20,4,1149,1,4,-1,1,-1
2015120048417,1,9,0,18,0,1,0,0,0,0,1,1,1,1,53,8,1896,2,11,-1,1,-1
2015120048417,2,9,0,10,0,8,0,0,0,0,2,1,1,1,51,8,1248,2,8,-1,1,-1
2015120048658,1,9,0,18,0,0,0,0,0,0,4,1,6,1,35,6,-1,-1,-1,-1,-1,-1
2015120048658,2,9,0,18,0,0,0,0,0,0,0,1,6,1,44,7,-1,-1,-1,-1,2,-1
2015120048658,3,9,0,18,0,0,0,0,0,0,3,1,6,1,62,9,-1,-1,-1,-1,1,-1
2015120048658,4,9,0,2,0,0,0,0,0,0,3,1,6,3,-1,-1,-1,-1,-1,-1,-1,-1
2015120048658,5,19,0,2,0,0,0,0,0,0,3,1,6,3,-1,-1,1753,2,3,-1,-1,-1
2015120048732,1,9,0,9,0,5,0,0,0,0,3,1,6,2,-1,-1,-1,-1,-1,-1,-1,-1
2015120048732,2,1,0,18,0,2,0,0,0,0,1,1,6,1,16,4,-1,-1,-1,-1,-1,-1
2015120048873,1,9,0,17,0,1,1,6,0,0,4,1,2,1,21,5,1124,1,14,-1,3,-1
2015120048979,1,9,0,16,0,0,2,0,1,0,4,1,2,1,25,5,-1,-1,-1,-1,3,-1
2015120049139,1,9,0,18,0,1,0,0,0,0,3,1,6,1,25,5,1587,1,11,-1,1,-1
2015120049139,2,19,0,18,0,1,0,0,0,0,3,1,6,1,19,4,2402,2,5,-1,1,-1
2015120049199,1,9,0,18,0,0,0,0,1,1,1,1,6,2,63,9,1242,1,15,-1,1,-1
2015120049408,1,21,1,11,0,0,0,0,1,0,1,1,1,1,47,8,11967,2,3,-1,1,-1
2015120049408,2,9,0,18,0,0,0,0,1,0,2,1,6,1,39,7,1686,2,5,-1,1,-1
2015120049690,1,9,0,9,0,6,0,0,0,0,1,1,6,2,55,8,998,1,9,-1,1,-1
2015120049690,2,9,0,18,0,8,0,0,0,0,1,1,6,2,59,9,999,1,2,-1,1,-1
2015120049862,1,1,0,18,0,0,0,0,0,0,3,1,2,2,22,5,-1,-1,-1,-1,1,-1
2015120049862,2,90,0,18,0,0,0,0,0,0,4,1,6,3,-1,-1,-1,-1,-1,-1,-1,-1
2015120050589,1,9,0,8,0,4,0,0,0,0,2,1,6,2,17,4,1560,2,6,-1,1,-1
2015120050589,2,9,0,18,0,4,0,0,0,0,1,1,2,2,24,5,1598,2,2,-1,1,-1
2015120050654,1,9,0,18,0,1,0,0,0,0,3,1,6,3,-1,-1,-1,-1,-1,-1,-1,-1
2015120050800,1,9,0,18,0,0,0,0,0,0,4,1,6,1,21,5,1796,1,13,-1,3,-1
2015120050901,1,5,0,18,0,0,1,0,0,0,4,1,6,1,76,11,1261,1,5,-1,3,-1
2015120050982,1,9,0,12,0,1,0,0,0,0,3,1,6,1,32,6,1956,2,3,-1,1,-1
2015120050982,2,9,0,10,0,1,0,0,0,0,4,1,6,2,47,8,2298,2,-1,-1,1,-1
2015120051164,1,5,0,18,0,0,0,0,7,9,1,1,6,1,25,5,599,1,12,-1,3,-1
2015120051195,1,9,0,18,0,0,0,0,0,0,1,1,6,3,-1,-1,-1,-1,-1,-1,-1,-1
2015120051195,2,3,0,18,0,0,0,0,0,0,2,1,6,1,20,4,-1,-1,-1,-1,1,-1
2015120051238,1,9,0,17,0,0,5,0,1,11,1,1,6,1,20,4,1390,1,2,-1,1,-1
2015120051277,1,9,0,17,0,0,5,0,1,9,4,1,6,1,27,6,1995,1,13,-1,2,-1
2015120051614,1,9,0,4,0,1,0,0,0,0,1,1,6,1,40,7,2179,2,8,-1,1,-1
2015120051614,2,9,0,4,0,1,0,0,0,0,2,1,6,1,48,8,1753,2,10,-1,1,-1
2015120051732,1,1,0,18,9,0,0,0,0,0,3,1,6,1,10,2,-1,-1,-1,-1,1,-1
2015120051732,2,9,0,9,0,0,0,0,0,0,4,1,6,2,50,8,1598,1,5,-1,1,-1
2015120051842,1,9,0,17,0,1,1,0,1,11,1,1,6,1,86,11,1329,1,2,-1,1,-1
2015120052084,1,90,0,18,0,0,5,0,1,11,1,1,1,1,51,8,4461,2,4,-1,1,-1