Accident_Index,Vehicle_Reference,Vehicle_Type,Towing_and_Articulation,Vehicle_Manoeuvre,Vehicle_Location-Restricted_Lane,Junction_Location,Skidding_and_Overturning,Hit_Object_in_Carriageway,Vehicle_Leaving_Carriageway,Hit_Object_off_Carriageway,1st_Point_of_Impact,Was_Vehicle_Left_Hand_Drive?,Journey_Purpose_of_Driver,Sex_of_Driver,Age_of_Driver,Age_Band_of_Driver,Engine_Capacity_(CC),Propulsion_Code,Age_of_Vehicle,Driver_IMD_Decile,Driver_Home_Area_Type,Vehicle_IMD_Decile
2015120052514,1,9,0,7,0,1,0,0,1,0,2,1,6,1,25,5,1995,2,8,-1,1,-1
2015120052514,2,9,0,7,0,1,0,0,0,0,1,1,6,3,-1,-1,-1,-1,-1,-1,-1,-1
2015120052651,1,9,0,18,0,0,0,0,2,4,1,1,6,1,25,5,1794,1,11,-1,1,-1
2015120052651,2,9,0,18,0,0,0,0,0,0,2,1,2,2,31,6,1198,1,3,-1,1,-1
2015120052651,3,9,0,18,0,0,0,0,0,0,1,1,6,1,25,5,1388,1,11,-1,1,-1
2015120052904,1,19,0,18,0,0,0,0,0,0,0,1,6,1,-1,-1,-1,-1,-1,-1,-1,-1
2015120052959,1,9,0,18,0,0,0,0,0,0,1,1,6,1,29,6,1398,2,13,-1,1,-1
2015120052959,2,19,0,18,0,0,0,0,0,0,1,1,6,1,31,6,-1,-1,-1,-1,2,-1
2015120053013,1,3,0,18,0,0,1,10,1,0,1,1,2,1,31,6,124,1,6,-1,1,-1
2015120053043,1,9,0,17,0,0,0,0,2,10,1,1,6,1,31,6,1124,1,13,-1,1,-1
2015120053116,1,9,0,10,0,1,0,0,0,0,1,1,6,1,-1,-1,-1,-1,-1,-1,-1,-1
2015120053264,1,9,0,9,0,5,0,0,0,0,3,1,6,2,57,9,1560,2,2,-1,2,-1
2015120053264,2,9,0,13,0,1,0,0,0,0,4,1,6,2,46,8,1461,2,6,-1,2,-1
2015120053558,1,9,0,4,0,0,0,0,0,0,2,1,6,1,32,6,1998,2,10,-1,3,-1
2015120053558,2,9,0,4,0,0,0,0,0,0,2,1,6,2,22,5,1560,2,4,-1,-1,-1
2015120053558,3,9,4,4,0,0,0,0,0,0,2,1,6,1,29,6,2777,2,7,-1,1,-1
2015120053558,4,9,0,4,0,0,0,0,0,0,1,1,6,2,41,7,1896,2,8,-1,1,-1
2015120053573,1,9,0,16,0,0,2,0,7,11,1,1,6,1,28,6,1341,1,13,-1,3,-1
2015120054058,1,9,0,9,0,1,0,0,0,0,0,1,6,2,27,6,1242,1,7,-1,1,-1
2015120054058,2,9,0,4,0,1,0,0,0,0,1,1,6,1,42,7,1596,1,8,-1,2,-1
2015120054058,3,9,0,4,0,1,0,0,0,0,2,1,6,2,23,5,1124,1,12,-1,1,-1
2015120054104,1,9,0,18,0,0,1,0,0,0,1,1,6,1,64,9,-1,-1,-1,-1,-1,-1
2015120054104,2,9,0,4,0,0,0,0,0,0,2,1,6,2,34,6,-1,-1,-1,-1,-1,-1
2015120054161,1,9,0,18,0,0,0,0,0,0,0,1,6,3,-1,-1,-1,-1,-1,-1,-1,-1
2015120054193,1,8,0,13,0,0,1,0,0,0,1,1,6,2,29,6,1397,1,13,-1,1,-1
2015120054193,2,9,0,18,0,0,0,0,0,10,1,1,6,2,43,7,1364,2,2,-1,2,-1
2015120054193,3,9,0,18,0,0,0,0,0,0,0,1,6,1,-1,-1,-1,-1,-1,-1,-1,-1
2015120054546,1,9,0,18,0,0,0,0,0,0,1,1,6,1,18,4,1896,2,9,-1,2,-1
2015120054546,2,9,0,18,0,0,0,0,0,0,2,1,6,1,19,4,1388,1,12,-1,3,-1
2015120054546,3,9,0,18,0,0,0,0,0,0,2,1,6,2,54,8,1397,1,7,-1,1,-1
2015120054548,1,9,0,18,0,0,0,0,0,0,0,1,6,1,50,8,-1,-1,-1,-1,-1,-1
2015120054548,2,9,0,14,0,0,0,0,0,0,0,1,6,1,47,8,2720,2,9,-1,3,-1
2015120054548,3,1,0,18,0,0,0,0,0,0,0,1,6,1,40,7,-1,-1,-1,-1,1,-1
2015120054585,1,9,0,18,0,8,1,0,7,0,1,1,6,1,22,5,1360,1,12,-1,3,-1
2015120054585,2,9,0,9,0,5,0,0,7,0,3,1,6,2,38,7,1995,2,1,-1,-1,-1
2015120055206,1,9,0,18,0,0,0,0,0,0,4,1,6,1,34,6,1796,1,16,-1,1,-1
2015120055206,2,9,0,6,8,0,0,0,0,0,3,1,6,1,61,9,1796,1,7,-1,-1,-1
2015120055235,1,9,0,18,0,0,0,0,7,0,1,1,6,1,34,6,1896,2,14,-1,1,-1
2015120055235,2,9,0,18,0,0,0,0,7,0,1,1,6,1,23,5,1896,2,13,-1,1,-1
2015120055385,1,9,0,18,0,0,0,0,0,0,1,1,6,1,44,7,1598,2,5,-1,3,-1
2015120055385,2,5,0,18,0,0,0,0,7,0,1,1,6,1,36,7,1130,1,11,-1,1,-1
2015120055683,1,9,0,9,0,5,0,0,0,0,4,1,6,1,30,6,1242,1,3,-1,1,-1
2015120055683,2,9,0,18,0,1,0,0,0,0,1,1,6,1,76,11,-1,-1,-1,-1,1,-1
2015120055734,1,1,0,18,0,0,0,0,0,0,1,1,6,1,57,9,-1,-1,-1,-1,1,-1
2015120055785,1,9,0,4,0,0,0,0,0,0,2,1,6,2,64,9,-1,-1,-1,-1,1,-1
2015120055785,2,8,0,18,0,0,0,0,0,0,1,1,1,1,54,8,1560,2,1,-1,1,-1
2015120055791,1,9,0,9,0,6,0,0,0,0,1,1,6,1,47,8,1198,1,5,-1,1,-1
2015120055791,2,5,0,18,0,1,0,0,0,0,1,1,6,1,54,8,599,1,3,-1,1,-1
2015120055811,1,9,0,6,8,0,0,0,0,0,3,1,6,1,18,4,-1,-1,-1,-1,2,-1
2015120055811,2,9,0,13,0,0,0,0,0,0,1,1,6,3,35,6,1422,2,5,-1,2,-1
2015120055873,1,3,0,17,0,0,0,0,1,0,0,1,6,1,22,5,124,1,6,-1,2,-1
2015120055894,1,5,0,16,0,0,1,0,0,0,4,1,6,1,40,7,898,1,2,-1,1,-1
2015120055894,2,9,0,17,0,0,0,0,0,0,3,1,6,2,59,9,1242,1,-1,-1,1,-1
2015120055894,3,19,0,17,0,0,1,0,1,0,1,1,6,1,43,7,1995,2,5,-1,1,-1
2015120055920,1,1,0,5,0,8,0,0,0,0,3,1,6,1,31,6,-1,-1,-1,-1,1,-1
2015120055920,2,19,0,1,0,1,0,0,0,0,2,1,6,1,-1,-1,-1,-1,-1,-1,-1,-1
2015120056184,1,5,0,17,0,0,0,0,1,9,1,1,2,1,69,10,-1,-1,-1,-1,2,-1
2015120056298,1,9,0,5,0,6,0,0,0,0,3,1,6,1,86,11,1598,1,4,-1,2,-1
2015120056298,2,9,0,18,0,8,0,0,0,0,1,1,6,2,31,6,998,1,10,-1,1,-1
2015120056420,1,19,0,18,0,1,0,0,0,0,1,1,6,1,32,6,1686,2,12,-1,3,-1
2015120056420,2,9,0,9,0,5,0,0,0,0,2,1,6,1,79,11,1984,1,-1,-1,3,-1
2015120056420,3,9,0,3,0,1,0,0,0,0,0,1,6,3,-1,-1,-1,-1,-1,-1,-1,-1
2015120056467,1,21,0,18,0,0,0,0,0,0,0,1,1,1,35,6,6370,2,10,-1,1,-1
2015120056467,2,19,0,18,0,0,0,0,0,0,1,1,1,1,21,5,1560,2,1,-1,1,-1
2015120056540,1,9,0,18,0,0,0,0,0,0,2,1,6,1,37,7,1242,1,13,-1,3,-1
2015120056540,2,9,0,18,0,0,0,0,0,0,1,1,6,2,46,8,1598,1,8,-1,1,-1
2015120057257,1,9,0,18,0,1,0,0,0,0,0,1,6,1,-1,-1,-1,-1,-1,-1,-1,-1
2015120057536,1,3,0,13,0,3,0,0,0,0,1,1,1,1,49,8,124,1,18,-1,2,-1
2015120057536,2,9,0,6,0,3,0,0,0,0,3,1,1,1,57,9,1686,2,8,-1,2,-1
2015120057753,1,9,0,9,0,6,1,0,7,0,1,1,6,2,39,7,1997,2,11,-1,-1,-1
2015120057753,2,9,0,18,0,1,1,0,7,0,1,1,6,2,65,9,1198,1,8,-1,3,-1
2015120057753,3,21,0,2,0,1,0,0,0,0,0,1,1,1,48,8,6374,2,2,-1,1,-1
2015120057898,1,5,0,16,0,0,1,0,7,10,1,1,6,1,31,6,675,1,8,-1,2,-1
2015120057898,2,5,0,16,0,0,0,0,0,0,2,1,6,1,36,7,1000,1,2,-1,1,-1
2015120057898,3,9,0,17,0,0,0,0,0,0,4,1,6,2,57,9,1242,1,7,-1,2,-1
2015120057913,1,9,0,9,0,8,0,0,0,0,3,1,6,1,55,8,1461,2,5,-1,1,-1
2015120057913,2,1,0,18,0,8,0,0,0,0,1,1,6,1,63,9,-1,-1,-1,-1,1,-1
2015120058285,1,3,0,5,0,0,0,0,0,0,2,1,6,1,58,9,101,1,3,-1,3,-1
2015120058285,2,9,0,1,0,0,0,0,0,0,2,1,6,2,76,11,1584,1,9,-1,3,-1
2015120058398,1,9,0,5,0,1,0,0,0,0,3,1,1,2,49,8,4008,1,15,-1,3,-1
2015120058398,2,1,0,5,0,1,0,0,0,0,1,1,6,1,9,2,-1,-1,-1,-1,2,-1
2015120058430,1,9,0,18,0,0,0,0,1,7,4,1,6,1,56,9,1591,1,2,-1,2,-1
2015120058464,1,9,0,18,0,0,0,0,0,0,2,1,6,1,67,10,996,1,5,-1,1,-1
2015120058464,2,9,0,18,0,0,0,0,0,0,2,1,6,1,23,5,1560,2,5,-1,3,-1
2015120058464,3,9,0,18,0,0,1,0,0,0,1,1,6,1,29,6,1364,1,9,-1,3,-1
2015120058464,4,19,0,14,0,0,0,0,0,0,0,1,1,3,-1,-1,-1,-1,-1,-1,-1,-1
2015120058671,1,9,0,5,0,0,0,0,0,0,1,1,6,2,49,8,1364,1,-1,-1,1,-1
2015120058682,1,9,0,18,0,0,0,0,0,0,1,1,6,1,76,11,1242,1,3,-1,1,-1
2015120058806,1,90,0,18,0,0,0,0,0,0,1,1,6,1,40,7,2198,2,1,-1,1,-1
2015120058806,2,11,0,18,0,0,0,0,1,0,1,1,1,1,59,9,9360,2,7,-1,1,-1
2015120058806,3,9,0,18,0,0,0,0,0,0,1,1,6,2,17,4,998,1,10,-1,3,-1
2015120058968,1,1,0,18,0,0,0,0,0,0,0,1,6,2,42,7,-1,-1,-1,-1,1,-1
2015120059068,1,11,0,9,0,6,0,0,0,0,0,1,1,1,55,8,9360,2,6,-1,1,-1
2015120059068,2,1,0,18,0,1,0,0,0,0,0,1,6,1,-1,-1,-1,-1,-1,-1,-1,-1
2015120059072,1,19,0,9,0,6,0,0,0,0,3,1,1,1,57,9,-1,-1,-1,-1,1,-1
2015120059072,2,11,0,18,0,1,0,0,0,0,1,1,1,3,52,8,9600,2,17,-1,1,-1
2015120059103,1,9,0,9,0,6,0,0,0,0,1,1,6,1,29,6,1498,1,4,-1,1,-1
2015120059103,2,9,0,18,0,1,0,0,0,0,1,1,6,2,59,9,1329,1,5,-1,1,-1
2015120059220,1,5,0,17,0,0,1,0,1,4,1,1,6,1,34,6,600,1,21,-1,1,-1
2015120059234,1,9,0,3,0,0,0,0,0,0,2,1,6,1,48,8,1968,2,3,-1,3,-1
2015120059234,2,9,0,18,0,0,0,0,0,0,1,1,6,1,24,5,4398,1,11,-1,1,-1
2015120059234,3,9,0,3,0,0,0,0,0,0,0,1,6,3,-1,-1,-1,-1,-1,-1,-1,-1
2015120059269,1,9,0,18,0,0,0,0,1,10,3,1,6,1,32,6,1968,2,-1,-1,1,-1
2015120059269,2,9,0,18,0,0,0,0,1,10,3,1,6,1,41,7,1997,2,7,-1,3,-1
2015120059525,1,2,0,18,0,0,0,4,0,0,1,1,6,1,21,5,49,1,13,-1,1,-1
2015120059525,2,9,0,2,0,0,0,0,0,0,3,1,6,3,52,8,-1,-1,-1,-1,-1,-1
2015120059556,1,9,0,18,0,0,0,0,0,0,1,1,6,1,39,7,1910,2,9,-1,2,-1
2015120059762,1,9,0,1,0,1,0,0,0,0,2,1,6,1,42,7,-1,-1,-1,-1,1,-1
2015120059995,1,9,0,18,0,0,0,0,1,0,1,1,6,1,47,8,1461,2,-1,-1,3,-1
2015120060472,1,9,0,13,0,0,0,0,0,0,4,1,6,2,76,11,1587,1,10,-1,3,-1
2015120060472,2,1,0,18,0,0,0,0,1,0,3,1,2,1,54,8,-1,-1,-1,-1,3,-1
2015120060472,3,9,0,18,0,0,0,0,0,0,0,1,6,1,24,5,2000,2,8,-1,3,-1
2015120060476,1,3,0,18,0,0,1,0,1,0,1,1,2,1,19,4,125,1,4,-1,1,-1
2015120060591,1,9,0,4,0,0,0,0,0,0,1,1,6,1,60,9,998,1,8,-1,2,-1
2015120060591,2,9,0,4,0,0,0,0,0,0,2,1,6,2,62,9,1794,1,13,-1,3,-1
2015120060591,3,9,0,4,0,0,0,0,0,0,2,1,6,3,71,10,1560,2,3,-1,2,-1
2015120060626,1,1,0,17,0,0,1,0,0,0,0,1,6,1,44,7,-1,-1,-1,-1,1,-1
2015120060720,1,1,0,11,0,8,0,0,0,0,4,1,2,2,24,5,-1,-1,-1,-1,2,-1
2015120060720,2,9,0,18,0,8,0,0,0,0,3,1,6,2,-1,-1,-1,-1,-1,-1,-1,-1
2015120060763,1,9,0,5,0,1,0,0,0,0,3,1,6,2,37,7,998,1,5,-1,-1,-1
2015120060763,2,1,0,18,0,1,0,0,0,0,1,1,2,1,25,5,-1,-1,-1,-1,1,-1
2015120060941,1,9,0,2,0,2,0,0,0,0,2,1,1,2,53,8,-1,-1,-1,-1,1,-1
2015120060941,2,9,0,1,0,5,0,0,0,0,2,1,1,1,50,8,1896,2,9,-1,2,-1
2015120060997,1,9,0,18,0,1,0,0,0,0,1,1,6,2,54,8,1896,2,9,-1,3,-1
2015120061002,1,9,0,15,0,1,2,0,1,4,2,1,6,1,22,5,1560,2,7,-1,2,-1
2015120061002,2,19,0,18,0,1,1,0,1,4,3,1,6,1,42,7,1560,2,1,-1,1,-1
2015120061002,3,9,0,18,0,1,0,0,0,0,1,1,1,1,67,10,4293,5,14,-1,1,-1
2015120061310,1,1,0,18,0,0,0,0,0,0,2,1,4,2,19,4,-1,-1,-1,-1,1,-1
2015120061310,2,9,0,15,0,0,0,0,0,0,1,1,6,1,-1,-1,-1,-1,-1,-1,-1,-1
2015120061349,1,9,0,18,0,0,0,0,0,0,2,1,6,1,-1,-1,-1,-1,-1,-1,-1,-1
2015120061483,1,5,0,18,0,8,1,0,0,0,3,1,6,1,43,7,645,1,2,-1,1,-1
2015120061678,1,9,0,18,0,0,0,0,0,0,4,1,6,3,-1,-1,-1,-1,-1,-1,-1,-1
2015120062039,1,9,0,18,0,0,0,0,0,0,1,1,6,1,73,10,2792,1,10,-1,3,-1
2015120062039,2,9,0,3,0,0,0,0,0,0,2,1,6,2,47,8,-1,-1,-1,-1,3,-1
2015120062039,3,9,0,3,0,0,0,0,0,0,1,1,1,1,25,5,1398,1,1,-1,1,-1
2015120062180,1,9,0,18,0,8,0,0,0,0,4,1,6,3,85,11,1596,1,12,-1,1,-1
2015120062180,2,9,0,18,0,8,0,0,0,0,1,1,6,3,25,5,2993,2,8,-1,1,-1
2015120062314,1,9,0,7,0,5,0,0,0,0,4,1,6,1,30,6,-1,-1,-1,-1,-1,-1
2015120062329,1,5,0,18,0,0,0,0,0,0,1,1,6,1,54,8,1649,1,4,-1,1,-1
2015120062499,1,9,0,17,0,1,2,10,1,0,4,1,6,2,54,8,1896,2,10,-1,3,-1
2015120062645,1,9,0,9,0,4,0,0,0,0,1,1,6,1,25,5,1834,1,17,-1,1,-1
2015120062645,2,1,0,18,0,8,0,0,0,0,4,1,6,1,44,7,-1,-1,-1,-1,1,-1
2015120062648,1,9,0,17,0,0,1,0,0,0,1,1,2,2,28,6,1995,2,5,-1,1,-1
2015120062648,2,9,0,18,0,0,5,0,0,0,1,1,2,1,23,5,1598,1,12,-1,3,-1
2015120062697,1,9,0,18,0,0,0,0,0,0,3,1,6,1,82,11,1242,1,-1,-1,1,-1
2015120062697,2,1,0,18,0,0,0,0,0,0,3,1,6,1,19,4,-1,-1,-1,-1,1,-1
2015120062782,1,9,0,18,0,0,5,0,1,0,1,1,1,1,19,4,1362,1,1,-1,1,-1
2015120063008,1,5,0,16,0,0,0,0,7,9,0,1,6,1,48,8,1157,1,14,-1,1,-1
2015120063012,1,9,0,17,0,0,1,0,0,0,1,1,6,1,51,8,-1,-1,-1,-1,-1,-1
2015120063012,2,9,0,18,0,0,0,0,0,0,1,1,6,1,77,11,1799,1,8,-1,3,-1
2015120063086,1,9,0,9,0,6,0,0,0,0,1,1,1,1,37,7,-1,-1,-1,-1,1,-1
2015120063086,2,3,0,18,0,8,0,0,0,0,4,1,2,1,20,4,125,1,1,-1,1,-1
2015120063382,1,9,0,9,0,5,0,0,0,0,1,1,6,1,19,4,1206,1,4,-1,1,-1
2015120063382,2,9,0,18,0,1,0,0,0,0,1,1,6,1,77,11,1339,1,9,-1,2,-1
2015120063431,1,5,0,18,0,0,1,0,7,11,3,1,6,1,56,9,1050,1,2,-1,-1,-1
2015120063586,1,9,0,9,0,6,0,0,4,0,0,1,6,2,84,11,1242,1,4,-1,3,-1
2015120063586,2,19,0,18,0,8,0,0,4,0,0,1,1,1,32,6,2198,2,5,-1,1,-1
2015120063592,1,9,0,5,0,4,0,0,0,0,1,1,6,1,35,6,-1,-1,-1,-1,1,-1
2015120063592,2,9,0,18,0,8,0,0,0,0,4,1,6,1,43,7,1968,2,3,-1,2,-1
2015120063595,1,5,0,16,0,0,0,0,0,0,3,1,6,1,55,8,1063,1,13,-1,1,-1
2015120063684,1,9,0,4,0,0,0,0,0,0,2,1,6,1,80,11,2231,2,3,-1,2,-1
2015120063684,2,9,0,18,0,0,0,0,0,0,1,1,6,2,42,7,-1,-1,-1,-1,2,-1
2015120063733,1,9,0,7,0,8,0,0,0,0,3,1,6,2,24,5,996,1,2,-1,1,-1
2015120063733,2,1,0,18,0,4,0,0,0,0,1,1,6,1,7,2,-1,-1,-1,-1,1,-1
2015120063772,1,19,0,1,0,0,0,0,0,0,2,1,6,1,-1,-1,-1,-1,-1,-1,-1,-1
2015120063837,1,8,0,4,0,0,0,0,0,0,3,1,1,1,52,8,1798,8,3,-1,1,-1
2015120063880,1,9,0,18,0,0,0,0,7,11,1,1,6,1,74,10,1783,1,11,-1,1,-1
2015120064165,1,5,0,18,0,0,0,0,1,11,1,1,6,1,47,8,-1,-1,-1,-1,1,-1
2015120064235,1,9,0,7,0,8,0,0,0,0,4,1,6,2,58,9,1339,1,7,-1,1,-1
2015120064235,2,1,0,18,0,8,0,0,0,0,1,1,2,1,52,8,-1,-1,-1,-1,1,-1
2015120064295,1,8,0,9,0,6,0,0,0,0,1,1,1,1,39,7,-1,-1,-1,-1,1,-1
2015120064295,2,9,0,18,0,8,0,0,0,0,1,1,6,1,23,5,2000,1,11,-1,3,-1
2015120064377,1,9,0,17,0,0,0,0,0,0,1,1,6,2,20,4,973,1,14,-1,3,-1
2015120064497,1,9,0,16,0,0,0,0,0,0,1,1,6,1,24,5,998,1,5,-1,1,-1
2015120064497,2,9,0,5,0,0,0,0,0,0,1,1,6,2,43,7,1896,2,15,-1,1,-1
2015120064723,1,9,0,18,0,8,0,0,0,0,1,1,2,1,36,7,1596,1,4,-1,1,-1
2015120064723,2,1,0,18,0,6,0,0,0,0,3,1,4,1,16,4,-1,-1,-1,-1,1,-1
2015120064775,1,9,0,18,0,1,0,0,0,0,4,1,6,2,74,10,1598,1,9,-1,2,-1
2015120064775,2,9,0,9,0,1,0,0,0,0,1,1,6,1,28,6,2148,2,13,-1,1,-1
2015120064875,1,9,0,3,0,4,0,0,0,0,2,1,1,2,23,5,1242,1,5,-1,1,-1
2015120064875,2,9,0,5,0,4,0,0,0,0,1,1,6,2,-1,-1,-1,-1,-1,-1,-1,-1
2015120065295,1,9,0,18,0,6,0,0,0,0,1,1,6,2,70,10,1242,1,9,-1,3,-1
2015120065295,2,9,0,18,0,8,0,0,0,11,3,1,6,2,86,11,1298,1,6,-1,1,-1
2015120065499,1,9,0,17,0,0,5,0,0,0,4,1,6,1,24,5,1951,2,9,-1,2,-1
2015120065687,1,9,0,9,0,6,0,0,0,0,1,1,6,1,24,5,1895,1,13,-1,1,-1
2015120065687,2,1,0,18,0,1,0,0,0,0,1,1,6,1,29,6,-1,-1,-1,-1,1,-1
2015120065992,1,9,0,18,0,0,0,0,0,0,2,1,6,2,75,10,1399,1,4,-1,2,-1
2015120065992,2,19,0,18,0,0,0,0,0,0,1,1,6,1,32,6,1968,2,5,-1,3,-1
2015120065992,3,11,0,18,0,0,0,0,0,0,0,1,1,3,-1,-1,-1,-1,-1,-1,-1,-1
2015120065996,1,9,0,9,0,5,0,0,0,0,3,1,1,1,63,9,999,1,-1,-1,-1,-1
2015120065996,2,3,0,18,0,8,0,0,0,0,1,1,6,1,28,6,124,1,5,-1,1,-1
2015120066088,1,9,0,7,0,8,0,0,0,0,4,1,1,2,35,6,1560,2,8,-1,1,-1
2015120066088,2,1,0,18,4,8,0,0,0,0,1,1,1,1,48,8,-1,-1,-1,-1,1,-1
2015120066140,1,19,0,4,0,1,1,0,0,0,1,1,1,1,24,5,1998,2,14,-1,3,-1
2015120066140,2,9,0,10,0,1,0,0,0,0,2,1,6,1,44,7,1461,2,11,-1,3,-1
2015120066171,1,9,0,9,0,6,0,0,0,0,1,1,6,1,40,7,1796,1,10,-1,1,-1
2015120066171,2,9,0,18,0,8,1,0,0,0,4,1,6,2,43,7,1598,1,2,-1,1,-1
2015120066471,1,9,0,4,0,4,0,0,0,0,2,1,6,1,32,6,999,1,1,-1,3,-1
2015120066471,2,9,0,4,0,4,0,0,0,0,1,1,6,1,29,6,1600,1,11,-1,1,-1
2015120066753,1,9,0,18,0,0,0,0,0,0,4,1,6,2,22,5,1796,1,12,-1,3,-1
2015120066878,1,9,0,18,0,0,0,0,0,0,1,1,6,2,22,5,-1,-1,-1,-1,3,-1
2015120066878,2,9,0,4,0,0,0,0,0,0,2,1,6,2,41,7,1242,1,2,-1,1,-1
2015120066878,3,9,0,3,0,0,0,0,0,0,2,1,6,2,63,9,1796,1,8,-1,1,-1
2015120066878,4,9,0,3,0,0,0,0,0,0,2,1,6,1,54,8,1995,2,8,-1,1,-1
2015120066887,1,1,0,18,0,0,0,0,1,9,1,1,6,1,37,7,-1,-1,-1,-1,1,-1
2015120066932,1,9,0,9,0,2,0,0,0,0,3,1,6,1,25,5,1360,1,10,-1,1,-1
2015120066932,2,1,0,18,0,1,0,0,0,0,1,1,6,1,24,5,-1,-1,-1,-1,1,-1
2015120067015,1,9,0,13,0,0,0,0,0,0,1,1,6,1,46,8,1587,1,14,-1,1,-1
2015120067015,2,9,0,18,0,0,0,0,0,0,1,1,6,1,42,7,2143,2,4,-1,3,-1
2015120067015,3,21,1,18,0,0,0,0,0,0,0,1,1,3,-1,-1,-1,-1,-1,-1,-1,-1
2015120067074,1,9,0,18,0,0,2,0,8,11,3,1,6,1,21,5,1997,2,14,-1,2,-1
2015120067124,1,9,0,18,0,0,0,0,0,0,1,1,2,1,47,8,1896,2,10,-1,1,-1
2015120067124,2,9,0,4,0,0,0,0,0,0,2,1,2,1,34,6,1596,1,2,-1,1,-1
2015120067124,3,9,0,10,0,0,0,0,0,0,2,1,2,1,58,9,-1,-1,-1,-1,1,-1
2015120067259,1,9,0,13,0,0,0,0,0,0,0,1,6,3,-1,-1,-1,-1,-1,-1,-1,-1
2015120067259,2,9,0,4,0,0,0,0,0,0,2,1,2,1,45,7,1598,1,3,-1,1,-1
2015120067259,3,9,0,18,0,0,0,0,0,0,1,1,6,1,45,7,1995,2,3,-1,3,-1
2015120067259,4,1,0,18,0,0,0,0,0,0,0,1,6,2,42,7,-1,-1,-1,-1,3,-1
2015120067259,5,1,0,18,0,0,0,0,0,0,0,1,6,3,45,7,-1,-1,-1,-1,1,-1
2015120067259,6,9,0,18,0,0,0,0,0,0,0,1,6,3,-1,-1,-1,-1,-1,-1,-1,-1
2015120067363,1,9,0,9,0,1,0,0,0,0,1,1,6,1,44,7,1995,2,11,-1,1,-1
2015120067363,2,9,0,18,0,8,0,0,0,0,1,1,2,2,45,7,2979,1,3,-1,2,-1
2015120067408,1,9,0,16,0,0,2,10,7,4,1,1,6,2,18,4,1149,1,9,-1,2,-1
2015120067424,1,9,0,12,0,8,1,0,0,0,3,1,2,1,20,4,-1,-1,-1,-1,1,-1
2015120067424,2,9,0,18,0,8,1,0,4,6,3,1,6,2,41,7,1598,2,3,-1,2,-1
2015120067543,1,8,0,4,0,0,0,0,0,0,4,1,1,1,59,9,1596,1,10,-1,1,-1
2015120067759,1,9,0,18,0,1,0,0,0,0,1,1,6,2,18,4,1149,1,11,-1,1,-1
2015120067759,2,9,0,9,0,6,0,0,0,0,3,1,2,2,55,8,1124,1,11,-1,1,-1
2015120067816,1,9,0,7,0,8,0,0,0,0,1,1,6,1,49,8,1560,2,4,-1,2,-1
2015120067816,2,1,0,18,0,1,0,0,0,0,1,1,4,1,20,4,-1,-1,-1,-1,1,-1
2015120067861,1,9,0,5,0,6,0,0,0,0,1,1,6,2,85,11,1461,2,10,-1,2,-1
2015120067861,2,9,0,18,0,1,0,0,0,0,1,1,6,2,85,11,1242,1,6,-1,2,-1
2015120067882,1,9,0,18,0,0,1,0,1,2,1,1,2,2,39,7,1595,1,10,-1,1,-1
2015120067882,2,9,0,18,0,0,0,0,0,0,1,1,6,1,70,10,1598,2,4,-1,2,-1
2015120067979,1,9,0,9,0,6,0,0,0,0,1,1,6,2,25,5,-1,-1,-1,-1,3,-1
2015120067979,2,9,0,18,0,8,0,0,1,11,4,1,6,2,34,6,1248,2,7,-1,1,-1
2015120068041,1,8,0,9,0,8,0,0,0,0,3,1,6,2,49,8,1200,1,1,-1,3,-1
2015120068041,2,17,0,18,0,4,0,0,0,0,1,1,1,1,34,6,-1,2,14,-1,3,-1
2015120068067,1,9,0,18,0,8,0,0,7,11,4,1,6,2,63,9,-1,-1,-1,-1,2,-1
2015120068067,2,9,0,18,0,8,0,0,1,1,1,1,6,1,41,7,1242,1,4,-1,1,-1
2015120068136,1,9,0,16,0,0,1,0,1,4,1,1,6,1,31,6,1997,1,1,-1,3,-1
2015120068332,1,9,0,16,0,0,2,0,1,0,3,1,6,1,18,4,-1,-1,-1,-1,1,-1
2015120068376,1,9,0,18,0,1,0,0,1,0,1,1,6,1,56,9,2461,2,19,-1,3,-1
2015120068376,2,9,0,9,0,1,0,0,0,0,1,1,1,2,45,7,1896,2,8,-1,2,-1
2015120068505,1,9,0,3,0,4,0,0,0,0,1,1,6,2,80,11,1364,1,2,-1,1,-1
2015120068505,2,9,0,3,0,4,0,0,0,0,2,1,6,2,43,7,1390,1,19,-1,1,-1
2015120068512,1,5,0,17,0,0,0,0,1,0,0,1,6,1,50,8,656,1,6,-1,1,-1
2015120068800,1,9,0,17,0,0,2,0,7,4,1,1,6,1,19,4,2495,2,11,-1,3,-1
2015120069003,1,2,0,4,0,0,0,0,0,0,1,1,6,2,16,4,49,1,4,-1,1,-1
2015120069003,2,10,0,18,0,0,0,0,0,0,2,1,1,1,55,8,2499,2,15,-1,1,-1
2015120069052,1,9,0,18,0,8,0,0,1,11,1,1,6,1,29,6,1870,2,13,-1,1,-1
2015120069052,2,9,0,10,9,6,0,0,1,11,3,1,6,1,33,6,1997,2,10,-1,3,-1
2015120069073,1,3,0,4,0,1,0,0,0,0,4,1,6,1,19,4,124,1,1,-1,1,-1