Accident_Index,Vehicle_Reference,Vehicle_Type,Towing_and_Articulation,Vehicle_Manoeuvre,Vehicle_Location-Restricted_Lane,Junction_Location,Skidding_and_Overturning,Hit_Object_in_Carriageway,Vehicle_Leaving_Carriageway,Hit_Object_off_Carriageway,1st_Point_of_Impact,Was_Vehicle_Left_Hand_Drive?,Journey_Purpose_of_Driver,Sex_of_Driver,Age_of_Driver,Age_Band_of_Driver,Engine_Capacity_(CC),Propulsion_Code,Age_of_Vehicle,Driver_IMD_Decile,Driver_Home_Area_Type,Vehicle_IMD_Decile
2015120086297,1,9,0,13,0,0,2,0,1,1,1,1,6,2,28,6,1390,1,12,-1,-1,-1
2015120086297,2,9,0,18,0,0,0,0,0,0,2,1,6,2,28,6,1461,2,6,-1,-1,-1
2015120086390,1,5,0,16,0,0,1,0,8,11,1,1,6,1,27,6,998,1,10,-1,1,-1
2015120086423,1,11,0,18,0,1,0,0,0,0,0,1,1,3,-1,-1,-1,-1,-1,-1,-1,-1
2015120086423,2,1,0,18,4,1,0,0,0,0,0,1,6,2,24,5,-1,-1,-1,-1,1,-1
2015120086482,1,9,0,18,0,0,0,0,0,0,2,1,6,1,55,8,1968,2,2,-1,2,-1
2015120086482,2,9,0,18,0,0,0,0,0,0,1,1,6,1,44,7,1749,1,14,-1,1,-1
2015120086489,1,3,0,16,0,0,0,0,0,0,0,1,6,1,32,6,125,1,11,-1,2,-1
2015120086561,1,9,0,18,0,1,0,0,0,0,1,1,6,2,51,8,1968,2,4,-1,3,-1
2015120086561,2,9,0,18,0,1,0,0,0,0,2,1,6,1,40,7,1560,2,6,-1,2,-1
2015120086561,3,9,0,10,0,5,0,0,0,0,2,1,6,1,46,8,1796,1,10,-1,1,-1
2015120086644,1,9,0,18,0,0,1,0,4,7,4,1,6,1,76,11,1995,2,10,-1,2,-1
2015120086644,2,21,1,18,0,0,0,0,0,0,0,1,1,1,61,9,11967,2,6,-1,1,-1
2015120086737,1,5,0,16,0,1,0,0,7,0,3,1,6,2,31,6,865,1,-1,-1,1,-1
2015120086858,1,9,0,9,0,8,1,0,1,10,1,1,6,1,17,4,1968,2,8,-1,2,-1
2015120086858,2,9,0,2,6,2,0,0,0,0,0,1,6,3,53,8,1986,2,10,-1,1,-1
2015120086955,1,9,0,18,0,2,0,0,0,0,4,1,6,1,41,7,999,1,2,-1,1,-1
2015120087058,1,9,0,16,9,0,0,0,7,4,1,1,6,1,29,6,1796,7,12,-1,1,-1
2015120087083,1,9,0,18,0,1,0,0,0,0,4,1,6,3,78,11,1242,1,4,-1,2,-1
2015120087083,2,1,0,18,0,1,0,0,0,0,4,1,6,1,16,4,-1,-1,-1,-1,1,-1
2015120087150,1,9,0,18,0,0,0,0,0,0,4,1,6,1,-1,-1,-1,-1,-1,-1,-1,-1
2015120087161,1,9,0,18,0,0,0,0,0,0,4,1,6,1,86,11,1360,1,5,-1,2,-1
2015120087161,2,1,0,18,0,0,0,0,0,0,3,1,6,1,54,8,-1,-1,-1,-1,-1,-1
2015120087186,1,17,4,7,0,5,0,0,0,0,0,1,1,3,-1,-1,-1,-1,-1,-1,-1,-1
2015120087186,2,9,0,18,0,1,0,0,0,0,3,1,6,1,67,10,1360,1,14,-1,1,-1
2015120087186,3,9,0,18,0,6,0,0,1,9,3,1,6,2,43,7,2179,2,8,-1,2,-1
2015120087186,4,9,0,13,0,2,5,0,1,9,3,1,6,1,28,6,1679,1,15,-1,1,-1
2015120087195,1,9,0,9,0,5,0,0,0,0,1,1,6,1,93,11,1364,1,8,-1,1,-1
2015120087195,2,1,0,18,0,8,0,0,0,0,1,1,2,1,36,7,-1,-1,-1,-1,1,-1
2015120087333,1,1,0,18,0,0,0,0,0,0,1,1,6,1,14,3,-1,-1,-1,-1,1,-1
2015120087333,2,9,0,2,0,0,0,0,0,0,2,1,6,1,62,9,1896,2,11,-1,1,-1
2015120087619,1,9,0,6,0,0,0,0,0,0,4,1,6,2,24,5,1198,1,1,-1,1,-1
2015120087619,2,5,0,18,0,0,1,0,0,0,1,1,6,1,57,9,1050,1,8,-1,1,-1
2015120087619,3,3,0,18,0,0,1,0,0,0,1,1,6,1,50,8,125,1,9,-1,1,-1
2015120087873,1,9,0,18,0,2,0,0,0,0,4,1,1,1,27,6,-1,-1,-1,-1,1,-1
2015120087902,1,9,0,17,0,0,2,0,0,10,4,1,6,1,23,5,1796,1,12,-1,1,-1
2015120087973,1,9,0,18,0,0,5,0,8,4,1,1,6,2,18,4,1242,1,12,-1,2,-1
2015120088039,1,9,0,17,0,0,0,0,0,0,1,1,6,2,21,5,1242,1,4,-1,1,-1
2015120088423,1,9,0,18,0,8,0,0,1,1,1,1,6,2,69,10,1349,1,5,-1,-1,-1
2015120088423,2,9,0,9,0,8,0,0,0,0,1,1,6,2,29,6,1598,1,6,-1,1,-1
2015120088461,1,9,0,7,0,1,0,0,0,0,3,1,6,1,41,7,1560,2,-1,-1,-1,-1
2015120088461,2,1,0,9,0,1,0,0,0,0,4,1,6,2,15,3,-1,-1,-1,-1,1,-1
2015120088462,1,9,0,2,0,0,0,0,0,0,2,1,6,1,24,5,1390,1,5,-1,1,-1
2015120088462,2,8,0,18,0,0,0,0,0,0,1,1,1,1,53,8,1997,2,9,-1,3,-1
2015120088462,3,1,0,18,0,0,0,0,0,0,1,1,6,1,19,4,-1,-1,-1,-1,1,-1
2015120088481,1,9,0,18,0,6,0,0,0,0,3,1,6,1,81,11,1596,1,6,-1,2,-1
2015120088481,2,9,0,18,0,1,5,0,1,11,4,1,6,1,24,5,1197,1,4,-1,2,-1
2015120088888,1,21,0,18,0,1,0,0,0,0,1,1,1,1,32,6,9200,2,4,-1,1,-1
2015120088888,2,9,0,18,0,1,0,0,0,0,2,1,6,1,31,6,1595,1,3,-1,1,-1
2015120088896,1,3,0,18,0,1,1,0,0,0,1,1,6,1,17,4,125,1,1,-1,2,-1
2015120088896,2,17,0,18,0,1,0,0,0,0,2,1,6,3,-1,-1,-1,-1,-1,-1,-1,-1
2015120088901,1,9,0,18,0,4,0,0,0,0,1,1,1,1,25,5,2401,2,13,-1,1,-1
2015120088901,2,9,0,7,0,3,0,0,1,9,2,1,6,2,33,6,1364,1,6,-1,1,-1
2015120088941,1,9,0,5,0,8,0,0,0,0,1,1,6,2,82,11,1984,2,3,-1,1,-1
2015120088941,2,9,0,18,0,8,0,0,0,0,3,1,6,2,58,9,1124,1,14,-1,1,-1
2015120089046,1,1,0,7,0,0,0,0,0,0,1,1,2,1,18,4,-1,-1,-1,-1,3,-1
2015120089046,2,19,0,17,0,0,0,0,0,0,4,1,1,1,20,4,1499,2,-1,-1,1,-1
2015120089098,1,8,0,1,0,2,0,0,0,0,2,1,1,1,50,8,-1,-1,-1,-1,1,-1
2015120089131,1,5,0,5,0,2,1,0,0,0,1,1,6,1,28,6,656,1,8,-1,3,-1
2015120089131,2,19,0,5,0,2,0,0,0,0,2,1,1,1,40,7,-1,-1,-1,-1,1,-1
2015120089161,1,1,0,9,0,1,0,0,0,0,3,1,2,2,20,4,-1,-1,-1,-1,1,-1
2015120089161,2,9,0,18,0,1,0,0,0,0,4,1,6,3,-1,-1,-1,-1,-1,-1,-1,-1
2015120089176,1,9,0,9,0,1,0,0,0,0,3,1,1,1,61,9,1560,2,5,-1,1,-1
2015120089176,2,2,0,18,0,1,0,0,0,0,4,1,6,1,17,4,49,1,8,-1,1,-1
2015120089319,1,9,0,18,0,0,5,0,0,10,4,1,6,1,18,4,-1,-1,-1,-1,1,-1
2015120089319,2,9,0,18,0,0,0,0,0,0,0,1,6,1,20,4,-1,-1,-1,-1,3,-1
2015120089491,1,9,0,9,0,8,0,0,0,0,0,1,6,1,40,7,2400,2,3,-1,3,-1
2015120089491,2,1,0,18,0,1,0,0,1,0,0,1,6,1,50,8,-1,-1,-1,-1,1,-1
2015120089518,1,9,0,15,0,0,0,0,0,0,4,1,6,1,26,6,1596,1,10,-1,3,-1
2015120089518,2,1,0,18,0,0,0,0,0,0,3,1,6,1,29,6,-1,-1,-1,-1,2,-1
2015120089637,1,1,0,18,0,0,0,0,0,0,3,1,6,1,57,9,-1,-1,-1,-1,1,-1
2015120089637,2,9,0,18,0,0,0,0,0,0,4,1,2,1,66,10,1968,2,6,-1,1,-1
2015120089900,1,5,0,4,0,1,1,0,0,0,3,1,6,1,53,8,750,1,7,-1,1,-1
2015120090027,1,3,0,18,0,0,0,0,0,0,1,1,6,1,20,4,100,1,16,-1,3,-1
2015120090027,2,9,0,18,0,0,0,0,0,0,1,1,6,1,41,7,2231,2,6,-1,3,-1
2015120090067,1,9,0,18,0,0,0,0,0,0,4,1,6,3,-1,-1,-1,-1,-1,-1,-1,-1
2015120090083,1,9,0,18,0,1,5,7,0,1,1,1,6,1,25,5,1968,2,5,-1,1,-1
2015120090101,1,9,0,18,0,0,1,0,1,4,3,1,6,1,29,6,1396,1,13,-1,1,-1
2015120090101,2,9,0,18,0,0,0,0,0,0,1,1,6,1,21,5,1896,2,5,-1,1,-1
2015120090101,3,9,0,18,0,0,0,0,0,0,1,1,6,1,34,6,2143,2,5,-1,1,-1
2015120090361,1,9,0,5,0,0,0,0,0,0,0,1,6,1,17,4,998,1,13,-1,3,-1
2015120090361,2,1,0,18,0,0,0,0,0,0,0,1,6,1,46,8,-1,-1,-1,-1,3,-1
2015120090494,1,9,3,18,0,0,1,0,4,6,1,1,6,1,76,11,2401,2,12,-1,1,-1
2015120090556,1,9,0,18,0,0,5,0,5,6,1,1,6,1,23,5,1399,2,8,-1,1,-1
2015120090614,1,1,0,18,0,1,0,0,0,0,3,1,1,1,17,4,-1,-1,-1,-1,1,-1
2015120090614,2,9,0,9,0,8,0,0,0,0,1,1,2,1,45,7,1995,2,11,-1,1,-1
2015120091008,1,3,0,7,0,8,0,0,0,0,1,1,6,1,19,4,124,1,1,-1,1,-1
2015120091008,2,9,0,9,0,8,0,0,0,0,2,1,1,1,55,8,1975,1,7,-1,3,-1
2015120091065,1,9,0,18,0,0,0,11,0,0,1,1,6,1,53,8,2143,2,1,-1,2,-1
2015120091362,1,9,0,16,0,0,0,10,0,0,4,1,6,1,17,4,1796,1,10,-1,2,-1
2015120091390,1,11,0,9,0,8,0,0,0,0,1,1,1,1,67,10,12580,2,9,-1,1,-1
2015120091390,2,2,0,18,0,8,0,0,0,0,3,1,4,2,16,4,-1,-1,-1,-1,1,-1
2015120091405,1,9,0,18,0,0,0,4,0,0,1,1,6,2,59,9,998,1,5,-1,1,-1
2015120091405,2,9,0,2,0,0,0,0,0,0,3,1,6,2,44,7,1242,1,8,-1,1,-1
2015120091405,3,9,0,2,0,0,0,0,0,0,3,1,6,3,21,5,1242,1,9,-1,1,-1
2015120091613,1,1,0,17,0,0,0,10,0,0,1,1,6,2,45,7,-1,-1,-1,-1,1,-1
2015120091890,1,9,0,9,0,1,1,0,1,0,1,1,1,1,18,4,1149,1,10,-1,3,-1
2015120091890,2,9,0,18,0,1,1,0,0,0,1,1,1,2,49,8,1197,1,1,-1,1,-1
2015120091928,1,9,0,18,0,0,0,0,0,0,1,1,1,1,50,8,1560,2,2,-1,2,-1
2015120091928,2,9,0,18,0,0,0,0,0,0,2,1,1,1,44,7,1968,2,5,-1,-1,-1
2015120091928,3,9,0,18,0,0,0,0,0,0,2,1,1,1,43,7,1968,2,7,-1,1,-1
2015120091964,1,9,0,7,0,6,0,0,0,0,1,1,6,2,49,8,3999,1,6,-1,1,-1
2015120091964,2,1,0,18,0,8,0,0,0,0,4,1,2,1,33,6,-1,-1,-1,-1,1,-1
2015120091973,1,9,0,9,0,2,0,0,0,0,4,1,3,2,52,8,1598,1,2,-1,2,-1
2015120092029,1,2,0,15,4,0,1,8,0,0,3,1,2,1,23,5,124,1,-1,-1,1,-1
2015120092029,2,9,0,3,0,0,0,0,0,0,4,1,6,3,-1,-1,-1,-1,-1,-1,-1,-1
2015120092152,1,9,0,9,0,6,0,0,0,0,3,1,6,2,63,9,1586,1,-1,-1,1,-1
2015120092152,2,5,0,18,0,8,0,0,0,0,1,1,6,1,35,6,599,1,13,-1,3,-1
2015120092288,1,9,0,9,0,6,0,0,0,0,3,1,6,2,63,9,1461,2,11,-1,3,-1
2015120092288,2,19,0,18,0,8,0,0,0,0,1,1,1,1,62,9,-1,-1,-1,-1,1,-1
2015120092365,1,9,0,16,0,0,0,0,7,11,1,1,6,2,74,10,1598,1,-1,-1,2,-1
2015120092367,1,8,0,10,0,1,0,0,0,0,2,1,1,1,29,6,1686,2,4,-1,1,-1
2015120092367,2,9,0,18,0,1,0,0,0,0,1,1,6,2,45,7,1753,2,6,-1,1,-1
2015120092405,1,5,0,17,0,0,0,0,1,1,0,1,6,1,28,6,675,1,9,-1,3,-1
2015120092470,1,9,0,4,0,0,2,0,1,11,1,1,6,1,82,11,1242,1,3,-1,1,-1
2015120092662,1,9,0,5,0,6,0,0,0,0,1,1,6,1,82,11,1588,1,14,-1,3,-1
2015120092662,2,9,0,18,0,1,2,0,1,0,4,1,6,1,27,6,1388,1,4,-1,3,-1
2015120092873,1,1,0,18,0,0,0,10,0,0,0,1,6,1,25,5,-1,-1,-1,-1,1,-1
2015120092873,2,98,0,13,0,0,0,0,0,0,0,1,6,3,-1,-1,-1,-1,-1,-1,-1,-1
2015120092916,1,9,0,18,0,0,5,10,0,0,1,1,6,2,84,11,1398,1,2,-1,3,-1
2015120093013,1,5,0,3,0,1,0,0,0,0,2,1,6,1,58,9,1352,1,6,-1,2,-1
2015120093013,2,5,0,18,0,1,1,0,0,0,1,1,6,1,45,7,-1,-1,-1,-1,1,-1
2015120093018,1,4,0,18,0,8,0,0,0,0,0,1,6,1,54,8,-1,-1,-1,-1,1,-1
2015120093054,1,9,0,18,0,1,0,0,0,0,1,1,6,1,31,6,1242,1,14,-1,1,-1
2015120093054,2,1,0,3,0,1,0,0,0,0,2,1,6,1,30,6,-1,-1,-1,-1,1,-1
2015120093599,1,9,0,17,0,0,0,0,1,4,1,1,6,1,33,6,1248,2,8,-1,2,-1
2015120093658,1,9,0,9,0,1,0,0,1,0,3,1,6,2,51,8,1598,1,2,-1,2,-1
2015120093658,2,9,0,18,0,1,0,0,7,0,4,1,6,2,19,4,1461,2,5,-1,3,-1
2015120093665,1,9,0,6,0,0,0,0,0,0,3,1,6,2,21,5,1753,2,9,-1,2,-1
2015120093665,2,5,0,18,0,0,0,0,7,0,1,1,6,1,47,8,1085,1,16,-1,1,-1
2015120093670,1,90,0,15,0,0,0,0,0,0,0,1,1,1,49,8,7146,2,7,-1,1,-1
2015120093670,2,9,0,4,0,0,0,0,0,0,2,1,6,1,39,7,1896,2,12,-1,1,-1
2015120093670,3,9,0,18,0,0,0,0,0,0,1,1,6,1,32,6,1997,2,10,-1,2,-1
2015120094185,1,9,0,18,0,0,0,0,7,1,1,1,6,1,22,5,1999,1,4,-1,2,-1
2015120094292,1,9,0,9,0,1,0,0,0,0,3,1,6,1,63,9,2267,1,-1,-1,1,-1
2015120094292,2,5,0,13,0,1,0,0,0,0,1,1,6,1,50,8,675,1,-1,-1,3,-1
2015120094308,1,9,0,6,0,0,0,0,0,0,4,1,6,1,26,6,998,1,8,-1,1,-1
2015120094308,2,5,0,16,0,0,1,0,0,0,1,1,6,1,38,7,645,1,16,-1,1,-1
2015120094315,1,9,0,13,0,1,0,0,0,0,4,1,6,1,70,10,1598,1,7,-1,1,-1
2015120094315,2,1,0,9,0,1,0,0,0,0,3,1,6,1,21,5,-1,-1,-1,-1,1,-1
2015120094315,3,9,0,18,0,2,0,0,0,0,0,1,6,3,35,6,-1,-1,-1,-1,-1,-1
2015120094589,1,9,0,17,0,8,1,0,7,3,4,1,6,2,30,6,1599,1,10,-1,1,-1
2015120094682,1,5,0,11,0,0,0,0,0,0,3,1,6,1,38,7,998,1,8,-1,2,-1
2015120094707,1,9,0,18,0,0,5,0,1,4,1,1,6,1,36,7,1560,2,1,-1,1,-1
2015120094707,2,21,0,18,0,0,0,0,0,0,2,1,1,1,29,6,-1,-1,-1,-1,1,-1
2015120094711,1,3,0,17,0,1,1,0,1,0,0,1,6,1,24,5,125,1,10,-1,1,-1
2015120094718,1,9,0,13,0,0,0,0,0,0,1,1,6,1,68,10,1998,1,24,-1,1,-1
2015120094718,2,9,0,16,0,0,0,0,0,0,2,1,6,1,45,7,1560,2,1,-1,2,-1
2015120094773,1,9,0,18,0,0,0,0,0,0,1,1,6,2,27,6,1299,1,11,-1,1,-1
2015120094773,2,9,0,3,0,0,0,0,0,0,2,1,6,1,39,7,1560,2,3,-1,1,-1
2015120094802,1,5,0,17,0,0,0,0,0,0,1,1,6,1,19,4,-1,-1,-1,-1,1,-1
2015120094802,2,9,0,16,0,0,1,0,0,0,1,1,6,1,56,9,2495,2,18,-1,-1,-1
2015120094806,1,5,0,17,0,0,1,0,1,0,3,1,6,1,34,6,-1,-1,-1,-1,1,-1
2015120094818,1,9,0,5,0,4,0,0,0,0,3,1,2,1,47,8,1398,2,8,-1,1,-1
2015120094818,2,1,0,9,0,4,0,0,0,0,1,1,6,1,18,4,-1,-1,-1,-1,-1,-1
2015120094839,1,1,0,18,0,0,0,0,0,0,1,1,6,1,51,8,-1,-1,-1,-1,1,-1
2015120094840,1,9,0,10,0,2,0,0,0,0,4,1,6,1,50,8,1995,2,2,-1,1,-1
2015120094840,2,9,4,7,0,8,0,0,0,0,0,1,6,3,-1,-1,-1,-1,-1,-1,-1,-1
2015120094845,1,1,0,18,0,0,0,0,0,0,2,1,6,1,51,8,-1,-1,-1,-1,1,-1
2015120094845,2,5,0,18,0,0,0,0,0,0,1,1,6,1,32,6,803,1,8,-1,1,-1
2015120094866,1,3,0,18,0,0,0,10,7,10,1,1,6,1,27,6,124,1,7,-1,1,-1
2015120094866,2,9,0,5,0,0,0,0,0,0,0,1,6,1,52,8,2700,1,12,-1,1,-1
2015120094892,1,5,0,13,0,1,0,10,0,0,0,1,6,1,52,8,998,1,9,-1,3,-1
2015120094893,1,1,0,18,0,0,0,0,0,0,0,1,6,2,54,8,-1,-1,-1,-1,1,-1
2015120094893,2,9,0,3,0,0,0,0,0,0,0,1,6,3,-1,-1,-1,-1,-1,-1,-1,-1
2015120094927,1,9,0,9,0,6,0,0,0,0,0,1,6,1,72,10,1598,1,3,-1,-1,-1
2015120094927,2,5,0,18,0,1,0,0,1,10,1,1,6,1,55,8,1352,1,8,-1,2,-1
2015120095320,1,9,0,7,0,8,2,7,0,0,4,1,6,2,65,9,-1,-1,-1,-1,1,-1
2015120095320,2,9,0,18,0,8,0,0,0,0,3,1,6,2,66,10,1582,2,3,-1,2,-1
2015120095366,1,9,0,18,0,0,0,0,8,7,1,1,6,1,79,11,1248,2,3,-1,2,-1
2015120095366,2,9,0,18,0,0,0,0,0,0,0,1,6,1,61,9,1995,2,5,-1,2,-1
2015120095386,1,9,0,16,0,0,0,0,0,0,3,1,6,2,57,9,1339,1,5,-1,1,-1
2015120095386,2,9,0,17,0,0,0,0,0,0,3,1,6,1,82,11,-1,-1,-1,-1,1,-1
2015120095394,1,9,0,18,0,0,0,0,0,0,1,1,6,1,19,4,-1,-1,-1,-1,1,-1
2015120095394,2,9,0,18,0,0,0,0,0,0,1,1,6,2,61,9,1798,1,-1,-1,3,-1
2015120095484,1,11,0,10,0,1,0,0,0,0,0,1,6,1,50,8,-1,-1,-1,-1,1,-1
2015120095579,1,9,0,18,0,0,1,0,2,7,1,1,6,1,31,6,1390,1,8,-1,1,-1
2015120095579,2,21,1,18,0,0,0,0,0,0,4,1,2,1,38,7,12777,2,-1,-1,1,-1
2015120095591,1,9,0,10,0,1,0,0,0,0,0,1,6,2,19,4,2290,1,17,-1,3,-1
2015120095591,2,9,0,3,0,1,0,0,0,0,2,1,6,1,64,9,1248,2,10,-1,3,-1
2015120095591,3,9,0,18,0,1,0,0,0,0,1,1,2,2,46,8,1560,2,3,-1,3,-1
2015120095614,1,21,1,18,0,0,1,0,0,0,1,1,1,1,50,8,12600,2,12,-1,1,-1
2015120095614,2,21,1,4,0,0,0,0,0,0,2,1,1,1,60,9,12777,2,5,-1,1,-1
2015120095614,3,9,0,4,0,0,0,0,0,0,2,1,2,1,53,8,1598,1,12,-1,2,-1
2015120095614,4,9,0,4,0,0,0,0,0,0,2,1,6,2,56,9,1560,2,3,-1,2,-1
2015120095630,1,9,0,18,0,1,0,0,0,0,1,1,6,2,64,9,1329,1,1,-1,-1,-1
2015120095856,1,9,0,9,0,1,0,0,0,0,1,1,1,2,31,6,1299,1,14,-1,-1,-1
2015120095856,2,1,0,18,0,1,0,0,0,0,3,1,1,1,30,6,-1,-1,-1,-1,1,-1
2015120096064,1,3,0,9,0,6,1,0,0,0,0,1,6,1,31,6,125,1,10,-1,2,-1
2015120096195,1,5,0,18,0,5,1,0,0,0,3,1,6,1,40,7,675,1,4,-1,1,-1
2015120096195,2,9,0,9,0,5,0,0,0,0,2,1,6,2,63,9,1398,1,2,-1,1,-1
2015120096281,1,9,0,9,0,6,0,7,7,10,4,1,6,2,28,6,1199,1,13,-1,1,-1
2015120096281,2,9,0,18,0,1,0,0,0,0,3,1,1,1,33,6,1896,2,13,-1,1,-1
2015120096826,1,5,0,18,0,0,1,0,1,0,4,1,6,1,33,6,1198,1,17,-1,3,-1
2015120096830,1,19,0,2,0,0,0,0,1,0,2,1,1,1,28,6,2198,2,2,-1,1,-1
2015120096830,2,21,0,18,0,0,1,4,1,4,4,1,1,1,47,8,12740,2,-1,-1,2,-1
2015120096830,3,9,0,18,0,0,0,0,0,0,0,1,6,3,-1,-1,-1,-1,-1,-1,-1,-1
2015120097074,1,11,0,18,0,0,0,0,0,0,0,1,1,3,-1,-1,-1,-1,-1,-1,-1,-1
2015120097178,1,9,0,18,0,0,0,0,0,0,0,1,2,1,57,9,1870,2,12,-1,1,-1
2015120097178,2,9,0,13,0,0,0,0,0,0,1,1,6,1,91,11,1339,1,4,-1,3,-1
2015120097178,3,9,0,18,0,0,0,0,0,0,1,1,2,1,60,9,1956,2,2,-1,1,-1
2015120097178,4,4,0,13,0,0,0,0,1,11,2,1,2,1,26,6,498,1,15,-1,1,-1
2015120097300,1,17,4,18,0,0,2,0,0,0,0,1,1,1,23,5,-1,2,5,-1,1,-1
2015120097457,1,5,0,17,0,0,0,0,1,0,0,1,6,1,51,8,744,1,2,-1,3,-1
2015120097526,1,9,0,17,0,0,5,0,1,4,1,1,6,1,82,11,1364,1,6,-1,1,-1
2015120097560,1,9,0,18,0,0,0,0,1,4,4,1,6,1,22,5,1390,1,9,-1,1,-1
2015120097587,1,9,0,16,0,1,1,0,7,0,1,1,6,1,35,6,1598,1,11,-1,1,-1
2015120097587,2,9,0,9,0,6,0,0,0,0,3,1,6,1,56,9,1796,1,15,-1,3,-1
2015120097631,1,19,0,18,0,4,5,7,0,0,1,1,6,1,54,8,1248,2,9,-1,1,-1
2015120097631,2,19,0,17,0,3,0,0,0,0,0,1,6,3,-1,-1,-1,-1,-1,-1,-1,-1
2015120097693,1,1,0,7,0,3,0,0,0,0,3,1,2,1,43,7,-1,-1,-1,-1,-1,-1
2015120097693,2,9,0,7,0,3,0,0,0,0,1,1,2,1,46,8,1995,2,11,-1,1,-1
2015120097760,1,5,0,16,0,0,0,0,8,10,1,1,6,1,39,7,998,1,13,-1,1,-1
2015120097955,1,9,0,15,0,0,0,0,0,0,1,1,6,2,65,9,1339,1,2,-1,2,-1
2015120097955,2,19,4,2,0,0,0,0,0,0,2,1,6,1,47,8,2198,2,1,-1,-1,-1
2015120097994,1,9,0,18,0,0,0,0,4,6,3,1,6,1,31,6,1360,1,11,-1,1,-1
2015120098201,1,9,0,18,0,0,0,0,0,0,1,1,2,1,59,9,1299,1,13,-1,1,-1
2015120098201,2,90,0,18,0,0,0,0,0,0,4,1,6,1,11,3,-1,-1,-1,-1,1,-1
2015120098328,1,9,5,4,0,0,1,0,7,4,4,1,6,1,45,7,1998,2,14,-1,1,-1
2015120098328,2,9,5,4,0,0,0,0,1,0,1,1,6,1,32,6,1199,1,14,-1,1,-1
2015120098328,3,9,0,18,0,0,0,0,0,0,0,1,6,2,21,5,2143,2,1,-1,3,-1
2015120098560,1,19,0,6,0,0,0,0,0,0,3,1,6,1,38,7,1910,2,11,-1,2,-1
2015120098560,2,9,0,18,0,0,0,0,1,11,4,1,6,1,45,7,2696,2,10,-1,1,-1
2015120098616,1,9,0,9,0,5,0,0,0,0,1,1,6,1,46,8,998,1,13,-1,2,-1
2015120098616,2,1,0,18,0,8,0,0,0,0,3,1,6,1,49,8,-1,-1,-1,-1,1,-1
2015120098621,1,9,0,18,0,1,0,0,0,0,1,1,6,2,-1,-1,-1,-1,-1,-1,-1,-1
2015120098621,2,1,0,18,0,1,0,0,0,0,2,1,6,1,9,2,-1,-1,-1,-1,1,-1
2015120098636,1,9,0,16,0,0,0,0,0,0,1,1,6,1,29,6,-1,-1,-1,-1,1,-1
2015120098636,2,9,0,18,0,0,0,0,0,0,1,1,6,1,71,10,1951,2,13,-1,3,-1
2015120098732,1,9,0,18,0,1,0,0,0,0,1,1,6,2,31,6,1596,1,4,-1,3,-1
2015120098732,2,9,0,9,0,6,0,0,0,0,0,1,6,2,66,10,1198,1,7,-1,2,-1
2015120098831,1,9,0,18,0,0,0,0,0,0,1,1,6,1,55,8,1999,2,-1,-1,1,-1
2015120098831,2,9,0,18,0,0,0,0,0,0,1,1,6,3,77,11,1596,1,1,-1,3,-1
2015120098909,1,9,0,18,0,0,0,0,0,0,1,1,6,1,-1,-1,-1,-1,-1,-1,-1,-1
2015120098909,2,1,0,18,0,0,0,0,0,0,4,1,6,1,6,2,-1,-1,-1,-1,1,-1
2015120098970,1,9,0,18,0,0,0,0,7,0,1,1,6,1,37,7,3200,1,11,-1,3,-1
2015120099173,1,9,0,16,0,0,0,0,7,11,1,1,6,1,18,4,1388,1,11,-1,2,-1
2015120099279,1,1,0,18,0,8,1,0,0,0,3,1,6,1,37,7,-1,-1,-1,-1,1,-1
2015120099279,2,9,0,9,0,8,0,0,0,0,1,1,6,1,58,9,1994,2,13,-1,3,-1
2015120099434,1,9,0,9,0,6,0,0,0,0,3,1,6,1,30,6,1598,1,10,-1,1,-1
2015120099434,2,9,0,18,0,8,0,0,0,0,1,1,6,1,22,5,1896,2,8,-1,1,-1
2015120099479,1,9,0,17,0,0,5,0,1,11,1,1,2,2,23,5,1299,1,13,-1,1,-1
2015120099485,1,5,0,16,0,1,1,0,0,0,0,1,6,3,24,5,1050,1,-1,-1,1,-1
2015120099663,1,5,0,16,0,0,0,0,7,0,1,1,6,1,29,6,645,1,6,-1,1,-1
2015120099663,2,9,0,17,0,0,0,0,0,0,1,1,6,1,63,9,1686,2,12,-1,1,-1
2015120099854,1,9,0,18,0,1,0,0,0,0,1,1,1,1,26,6,2198,2,3,-1,3,-1
2015120099854,2,9,0,10,0,1,0,0,0,0,2,1,2,2,24,5,1560,2,4,-1,2,-1
2015120099920,1,9,0,18,0,6,0,0,0,0,1,1,6,3,-1,-1,-1,-1,-1,-1,-1,-1
2015120099952,1,9,0,16,0,0,0,0,0,0,1,1,6,1,43,7,-1,-1,-1,-1,3,-1
2015120099952,2,19,0,17,0,0,0,0,0,0,1,1,1,1,77,11,2402,2,13,-1,3,-1
2015120100077,1,9,0,1,0,6,0,0,0,0,4,1,2,1,33,6,-1,-1,-1,-1,1,-1
2015120100077,2,9,0,9,0,8,0,0,0,0,2,1,6,2,-1,-1,1685,2,2,-1,1,-1