Accident_Index,Vehicle_Reference,Vehicle_Type,Towing_and_Articulation,Vehicle_Manoeuvre,Vehicle_Location-Restricted_Lane,Junction_Location,Skidding_and_Overturning,Hit_Object_in_Carriageway,Vehicle_Leaving_Carriageway,Hit_Object_off_Carriageway,1st_Point_of_Impact,Was_Vehicle_Left_Hand_Drive?,Journey_Purpose_of_Driver,Sex_of_Driver,Age_of_Driver,Age_Band_of_Driver,Engine_Capacity_(CC),Propulsion_Code,Age_of_Vehicle,Driver_IMD_Decile,Driver_Home_Area_Type,Vehicle_IMD_Decile
2015120100215,1,5,0,18,0,0,1,0,8,11,3,1,6,1,49,8,1170,1,6,-1,1,-1
2015120100247,1,5,0,17,0,0,1,0,1,4,4,1,6,1,35,6,636,1,10,-1,1,-1
2015120100351,1,9,0,18,0,0,0,10,7,10,1,1,6,1,20,4,1199,1,13,-1,1,-1
2015120100351,2,9,0,18,0,0,0,0,0,0,0,1,6,3,-1,-1,-1,-1,-1,-1,-1,-1
2015120100397,1,21,1,18,0,0,0,0,0,0,1,2,1,1,29,6,-1,-1,-1,-1,-1,-1
2015120100397,2,9,0,18,0,0,0,0,1,10,1,1,6,1,20,4,1229,1,10,-1,1,-1
2015120100799,1,9,0,9,0,6,0,0,0,0,1,1,2,2,26,6,1360,1,11,-1,1,-1
2015120100799,2,1,0,18,0,1,0,0,0,0,4,1,6,2,50,8,-1,-1,-1,-1,1,-1
2015120100819,1,5,0,4,0,0,0,0,0,0,0,1,6,1,74,10,499,1,13,-1,1,-1
2015120100868,1,9,0,7,0,0,0,0,0,0,3,1,6,2,23,5,998,1,3,-1,3,-1
2015120100868,2,1,0,18,0,0,1,0,0,0,4,1,6,1,46,8,-1,-1,-1,-1,1,-1
2015120100964,1,9,0,3,0,2,0,0,0,0,1,1,6,1,18,4,1896,2,12,-1,1,-1
2015120100964,2,9,0,9,0,1,0,0,0,0,2,1,6,1,39,7,1560,2,4,-1,1,-1
2015120101127,1,1,0,14,0,0,0,8,0,0,4,1,2,2,32,6,-1,-1,-1,-1,1,-1
2015120101127,2,9,0,2,0,0,0,0,0,0,3,1,6,2,56,9,1396,1,2,-1,2,-1
2015120101130,1,1,0,14,0,0,0,0,0,0,1,1,2,1,33,6,-1,-1,-1,-1,-1,-1
2015120101130,2,8,0,2,0,0,0,0,0,0,3,1,1,1,-1,-1,-1,-1,-1,-1,-1,-1
2015120101156,1,1,0,18,0,1,0,0,0,0,0,1,4,1,17,4,-1,-1,-1,-1,1,-1
2015120101156,2,9,0,16,0,1,0,0,0,0,0,1,6,2,48,8,1596,1,11,-1,1,-1
2015120101191,1,19,0,13,0,0,0,0,0,0,0,1,6,3,-1,-1,-1,-1,-1,-1,-1,-1
2015120101191,2,9,0,13,0,0,0,0,7,0,3,1,6,2,62,9,2982,2,10,-1,-1,-1
2015120101191,3,9,0,18,0,0,0,0,0,0,0,1,6,3,-1,-1,-1,-1,-1,-1,-1,-1
2015120101355,1,1,0,18,0,0,0,0,0,0,0,1,6,1,15,3,-1,-1,-1,-1,1,-1
2015120101488,1,9,0,18,0,1,0,0,0,0,1,1,6,2,19,4,1198,1,8,-1,1,-1
2015120101488,2,9,0,9,0,6,0,0,0,0,3,1,6,2,20,4,1299,1,13,-1,1,-1
2015120101868,1,9,0,2,0,2,0,0,0,0,3,1,1,1,70,10,1956,2,3,-1,-1,-1
2015120101868,2,1,0,18,0,5,0,0,0,0,4,1,6,2,50,8,-1,-1,-1,-1,1,-1
2015120101917,1,9,0,4,0,1,0,0,0,0,1,1,6,2,18,4,998,1,2,-1,1,-1
2015120101917,2,5,0,3,0,1,0,0,0,0,2,1,6,1,62,9,1700,1,1,-1,3,-1
2015120101917,3,9,0,3,0,1,0,0,0,0,2,1,6,1,58,9,2179,2,1,-1,1,-1
2015120102049,1,9,0,3,0,4,0,0,0,0,2,1,6,1,50,8,1988,2,10,-1,1,-1
2015120102049,2,19,0,18,0,4,0,0,0,0,1,1,1,1,57,9,2198,2,1,-1,3,-1
2015120102438,1,9,0,18,0,1,0,0,0,0,4,1,6,2,52,8,2179,2,1,-1,1,-1
2015120102701,1,9,0,9,0,8,0,0,0,0,4,1,6,3,69,10,1388,1,9,-1,2,-1
2015120102701,2,1,0,18,0,8,0,0,0,0,2,1,6,1,46,8,-1,-1,-1,-1,1,-1
2015120102830,1,9,0,6,0,0,0,0,0,0,3,1,6,2,50,8,1590,1,14,-1,-1,-1
2015120102830,2,5,0,14,0,0,0,0,0,0,1,1,6,1,40,7,1037,1,1,-1,1,-1
2015120102846,1,9,0,18,0,1,0,0,0,0,1,1,6,1,20,4,1360,1,11,-1,2,-1
2015120102846,2,9,0,18,0,1,0,0,0,0,2,1,2,1,23,5,1595,1,13,-1,-1,-1
2015120102975,1,9,0,16,0,0,0,0,0,0,1,1,6,1,81,11,1588,1,16,-1,1,-1
2015120102975,2,9,0,17,0,0,0,0,1,0,1,1,6,1,67,10,1968,2,3,-1,3,-1
2015120103062,1,9,0,17,0,0,1,0,1,4,3,1,2,2,33,6,1199,1,13,-1,1,-1
2015120103275,1,1,0,18,4,0,0,0,0,0,3,1,6,1,36,7,-1,-1,-1,-1,3,-1
2015120103275,2,9,0,18,0,0,0,0,0,0,4,1,6,1,32,6,998,1,1,-1,3,-1
2015120103297,1,9,0,9,0,1,1,0,1,4,3,1,1,1,46,8,1360,1,11,-1,1,-1
2015120103413,1,9,0,17,0,0,2,0,8,11,1,1,6,2,23,5,998,1,8,-1,2,-1
2015120103442,1,9,0,18,0,0,0,0,0,0,1,1,6,2,45,7,1248,1,1,-1,1,-1
2015120103569,1,3,0,16,0,0,0,0,0,0,0,1,6,2,19,4,124,1,-1,-1,3,-1
2015120103660,1,9,0,5,0,4,0,0,0,0,2,1,6,2,18,4,1397,1,7,-1,3,-1
2015120103660,2,9,0,5,0,4,0,0,0,0,1,1,6,3,-1,-1,-1,-1,-1,-1,-1,-1
2015120103674,1,1,0,18,0,1,0,0,0,0,1,1,6,2,35,6,-1,-1,-1,-1,1,-1
2015120103674,2,19,0,7,0,6,0,0,0,0,4,1,2,1,53,8,1968,2,3,-1,1,-1
2015120104041,1,9,0,5,0,0,0,0,0,0,4,1,6,1,26,6,1598,1,2,-1,3,-1
2015120104056,1,1,0,18,0,1,0,0,0,0,1,1,6,1,54,8,-1,-1,-1,-1,1,-1
2015120104056,2,9,0,8,0,1,0,0,0,0,4,1,6,1,53,8,1686,2,6,-1,1,-1
2015120104068,1,1,0,18,0,6,0,0,0,0,1,1,6,1,21,5,-1,-1,-1,-1,2,-1
2015120104068,2,9,0,4,0,1,0,0,0,0,4,1,6,2,36,7,2494,8,-1,-1,2,-1
2015120104087,1,19,0,18,0,0,0,0,1,6,3,1,1,1,70,10,2198,2,2,-1,1,-1
2015120104112,1,1,0,18,0,1,0,0,0,0,1,1,6,1,50,8,-1,-1,-1,-1,1,-1
2015120104112,2,19,0,9,0,5,0,0,0,0,3,1,6,1,51,8,1998,2,13,-1,1,-1
2015120104244,1,1,0,4,0,1,0,0,0,0,0,1,2,2,26,6,-1,-1,-1,-1,1,-1
2015120104282,1,9,0,9,0,2,0,0,0,0,4,1,6,1,19,4,1388,1,11,-1,1,-1
2015120104282,2,9,0,18,0,1,0,0,0,0,1,1,6,1,36,7,1896,2,12,-1,2,-1
2015120104404,1,9,0,18,0,0,0,0,7,1,1,1,6,2,64,9,1598,1,2,-1,3,-1
2015120104565,1,9,0,10,0,0,0,0,0,0,2,1,6,2,52,8,-1,-1,-1,-1,2,-1
2015120104565,2,9,0,18,0,0,0,0,0,0,1,1,6,1,71,10,1560,2,4,-1,3,-1
2015120104621,1,1,0,18,0,0,0,0,0,0,1,1,6,1,47,8,-1,-1,-1,-1,2,-1
2015120104621,2,9,0,1,0,0,0,0,0,0,2,1,6,2,25,5,1968,2,7,-1,3,-1
2015120104681,1,9,0,16,0,1,0,0,7,11,1,1,6,1,76,11,1242,1,2,-1,2,-1
2015120104796,1,9,0,18,0,0,0,0,0,0,1,1,6,2,27,6,1984,1,8,-1,1,-1
2015120104910,1,9,0,17,0,0,0,0,7,9,1,1,6,1,70,10,1997,2,8,-1,1,-1
2015120104910,2,9,0,16,0,0,0,0,0,0,1,1,6,2,50,8,1991,2,8,-1,3,-1
2015120105086,1,3,0,18,0,8,0,0,0,0,1,1,2,1,19,4,-1,-1,-1,-1,1,-1
2015120105086,2,9,0,18,0,8,0,0,0,0,3,1,2,2,53,8,1493,2,7,-1,1,-1
2015120105418,1,9,0,18,0,0,0,0,0,0,1,1,2,2,47,8,1242,1,5,-1,1,-1
2015120105520,1,9,0,6,0,6,0,0,0,0,0,1,6,2,17,4,1598,1,3,-1,-1,-1
2015120105520,2,5,0,18,0,8,1,0,0,0,1,1,6,1,28,6,675,1,8,-1,1,-1
2015120105542,1,9,0,1,0,5,0,0,0,0,4,1,6,2,24,5,1397,1,7,-1,1,-1
2015120105542,2,1,0,18,0,1,0,0,0,0,1,1,6,1,54,8,-1,-1,-1,-1,1,-1
2015120105583,1,11,0,18,0,0,0,0,0,0,4,1,6,1,48,8,-1,-1,-1,-1,3,-1
2015120105603,1,1,0,12,0,4,0,0,1,7,1,1,2,2,45,7,-1,-1,-1,-1,1,-1
2015120105689,1,19,0,18,0,0,0,0,0,0,1,1,6,1,51,8,-1,-1,-1,-1,1,-1
2015120105719,1,21,0,5,0,1,0,0,0,0,4,1,1,1,48,8,7790,2,1,-1,1,-1
2015120105719,2,1,0,5,4,1,0,0,0,0,3,1,6,1,62,9,-1,-1,-1,-1,1,-1
2015120106000,1,5,0,18,0,0,0,0,1,0,4,1,6,1,68,10,599,1,8,-1,1,-1
2015120106128,1,19,0,18,0,0,0,0,1,0,1,1,1,1,28,6,-1,-1,-1,-1,-1,-1
2015120106128,2,9,0,18,0,0,0,0,7,0,1,1,6,2,39,7,-1,-1,-1,-1,1,-1
2015120106258,1,21,1,13,0,0,0,0,0,0,1,1,1,3,-1,-1,-1,-1,-1,-1,-1,-1
2015120106258,2,9,0,18,0,0,0,0,0,0,2,1,2,1,20,4,1149,1,11,-1,1,-1
2015120106276,1,9,0,18,0,0,5,0,1,11,1,1,6,1,29,6,1598,1,8,-1,1,-1
2015120106336,1,9,0,18,0,0,0,0,0,0,1,1,6,2,44,7,1388,1,7,-1,1,-1
2015120106514,1,9,0,17,0,0,5,0,1,11,4,1,6,2,20,4,1229,1,5,-1,3,-1
2015120106564,1,1,0,18,0,0,0,0,0,0,3,1,6,2,45,7,-1,-1,-1,-1,2,-1
2015120106564,2,1,0,18,0,0,0,0,0,0,4,1,6,1,43,7,-1,-1,-1,-1,2,-1
2015120106693,1,9,0,14,0,0,5,4,0,0,1,1,6,2,27,6,998,1,1,-1,1,-1
2015120106693,2,21,0,18,0,0,0,0,0,0,1,1,1,1,25,5,11705,2,8,-1,1,-1
2015120106693,3,9,0,2,0,0,0,0,1,11,2,1,6,1,27,6,1596,1,10,-1,2,-1
2015120106729,1,5,0,18,0,1,0,0,0,0,1,1,6,1,52,8,999,1,10,-1,1,-1
2015120106729,2,9,0,9,0,6,0,0,0,0,4,1,6,1,24,5,1364,1,5,-1,1,-1
2015120106757,1,9,0,18,0,0,0,0,0,0,1,1,6,3,-1,-1,-1,-1,-1,-1,-1,-1
2015120106757,2,9,0,18,0,0,1,0,0,0,2,1,6,2,25,5,1124,1,11,-1,1,-1
2015120106757,3,9,0,18,0,0,0,0,0,0,2,1,6,1,27,6,1796,1,3,-1,1,-1
2015120106757,4,9,0,18,0,0,0,0,0,0,2,1,2,1,47,8,1598,2,3,-1,1,-1
2015120106757,5,9,0,18,0,0,0,0,0,0,2,1,2,1,46,8,1999,1,7,-1,2,-1
2015120106775,1,10,0,18,0,6,0,0,0,0,1,1,1,1,56,9,-1,-1,-1,-1,1,-1
2015120106775,2,19,0,18,0,1,5,0,0,0,4,1,1,1,52,8,-1,-1,-1,-1,2,-1
2015120106795,1,9,0,3,0,4,0,0,0,0,2,1,6,2,50,8,1299,1,14,-1,3,-1
2015120106795,2,9,0,3,0,4,0,0,0,0,1,1,6,2,27,6,-1,-1,-1,-1,-1,-1
2015120106925,1,5,0,16,0,0,0,0,0,0,0,1,6,1,43,7,929,1,15,-1,2,-1
2015120106925,2,9,0,17,0,0,0,0,0,0,0,1,6,1,60,9,1968,2,7,-1,2,-1
2015120107097,1,1,0,9,0,1,0,0,0,0,1,1,6,1,61,9,-1,-1,-1,-1,2,-1
2015120107097,2,9,0,10,0,1,0,0,0,0,1,1,6,2,-1,-1,1998,1,9,-1,3,-1
2015120107102,1,9,0,9,0,6,0,0,0,0,3,1,6,2,21,5,1229,1,8,-1,1,-1
2015120107102,2,2,0,18,0,1,0,0,0,0,1,1,6,2,58,9,49,1,3,-1,1,-1
2015120107177,1,9,0,7,0,8,0,0,0,0,0,1,6,2,32,6,1991,1,1,-1,1,-1
2015120107177,2,1,0,18,0,8,0,0,0,0,4,1,4,1,15,3,-1,-1,-1,-1,1,-1
2015120107486,1,9,0,4,0,0,0,0,0,0,3,1,6,1,50,8,-1,-1,-1,-1,3,-1
2015120107486,2,1,0,14,0,0,0,0,0,0,1,1,6,1,47,8,-1,-1,-1,-1,1,-1
2015120107518,1,9,0,7,0,2,0,0,0,0,0,1,6,1,50,8,3311,8,7,-1,1,-1
2015120107518,2,2,0,14,0,2,1,0,0,0,0,1,2,1,61,9,49,1,-1,-1,1,-1
2015120107518,3,9,0,3,0,1,0,0,0,0,0,1,6,1,30,6,-1,-1,-1,-1,-1,-1
2015120107832,1,9,0,18,0,0,0,0,1,0,4,1,6,1,65,9,1242,1,4,-1,1,-1
2015120107924,1,9,0,17,0,0,0,0,1,0,4,1,1,1,20,4,1868,2,15,-1,1,-1
2015120107979,1,9,0,7,0,5,0,0,0,0,3,1,6,1,-1,-1,-1,-1,-1,-1,-1,-1
2015120107979,2,1,0,10,0,1,0,0,0,0,1,1,6,1,7,2,-1,-1,-1,-1,1,-1
2015120108002,1,9,0,5,0,8,0,0,7,0,0,1,2,2,21,5,1968,2,2,-1,3,-1
2015120108002,2,19,0,17,0,1,1,0,7,4,1,1,2,1,34,6,3198,2,-1,-1,3,-1
2015120108035,1,5,0,13,0,0,1,0,1,9,0,1,2,1,34,6,749,1,17,-1,3,-1
2015120108135,1,9,0,18,0,0,1,0,0,0,1,1,6,1,17,4,1242,1,12,-1,2,-1
2015120108135,2,9,0,2,0,0,0,0,1,10,1,1,6,1,46,8,2982,2,-1,-1,3,-1
2015120108313,1,5,0,17,0,0,0,2,0,0,1,1,6,1,66,10,998,1,12,-1,1,-1
2015120108339,1,21,1,1,0,0,0,0,0,0,2,1,1,1,46,8,12777,2,2,-1,3,-1
2015120108339,2,11,0,18,0,0,0,0,0,0,1,1,1,1,36,7,12000,2,10,-1,1,-1
2015120108339,3,11,0,9,0,0,0,0,0,0,0,1,1,3,-1,-1,-1,-1,-1,-1,-1,-1
2015120108540,1,11,0,9,0,6,0,0,0,0,1,1,6,1,-1,-1,-1,-1,-1,-1,-1,-1
2015120108540,2,9,0,18,0,1,0,0,0,0,0,1,1,1,45,7,-1,-1,-1,-1,3,-1
2015120108540,3,8,0,18,0,8,0,0,0,0,1,1,1,1,58,9,2401,2,12,-1,3,-1
2015120108634,1,9,0,18,0,4,0,0,0,0,3,1,6,1,75,10,1998,1,9,-1,3,-1
2015120108634,2,1,0,18,0,8,0,0,0,0,1,1,6,1,52,8,-1,-1,-1,-1,1,-1
2015120108792,1,1,0,18,0,0,0,0,0,0,1,1,6,1,52,8,-1,-1,-1,-1,1,-1
2015120108875,1,9,0,13,0,0,0,0,0,0,3,1,6,1,25,5,1796,1,9,-1,1,-1
2015120108875,2,9,0,18,0,0,0,0,1,10,3,1,6,1,62,9,1490,1,6,-1,1,-1
2015120108875,3,9,0,18,0,0,0,0,7,9,1,1,6,1,77,11,1798,1,9,-1,1,-1
2015120108895,1,9,0,9,0,0,0,0,0,0,2,1,6,2,68,10,1995,2,4,-1,2,-1
2015120108895,2,5,0,18,0,0,0,0,0,0,1,1,6,1,36,7,998,1,14,-1,2,-1
2015120108992,1,9,0,13,0,0,0,0,0,0,0,1,6,1,66,10,1560,2,1,-1,3,-1
2015120108992,2,5,0,13,0,0,0,0,0,0,0,1,6,1,51,8,920,1,32,-1,1,-1
2015120108992,3,5,0,13,0,0,1,0,0,0,0,1,6,1,27,6,-1,-1,-1,-1,1,-1
2015120108992,4,9,0,18,0,0,0,0,0,0,0,1,6,3,-1,-1,-1,-1,-1,-1,-1,-1
2015120109199,1,9,0,18,0,1,0,0,0,0,1,1,1,2,40,7,2179,2,4,-1,3,-1
2015120109199,2,8,0,10,0,1,0,0,0,0,2,1,1,1,29,6,-1,-1,-1,-1,1,-1
2015120109218,1,5,0,18,0,1,0,0,0,0,1,1,2,1,21,5,645,1,16,-1,3,-1
2015120109218,2,9,0,18,0,1,0,0,0,0,2,1,6,1,57,9,1399,2,5,-1,-1,-1
2015120109218,3,9,0,18,0,1,0,0,0,0,1,1,2,1,32,6,-1,-1,-1,-1,1,-1
2015120109373,1,9,0,2,0,2,0,0,0,0,3,1,6,1,25,5,1596,1,13,-1,1,-1
2015120109373,2,9,0,14,0,2,0,0,0,0,1,1,6,1,40,7,1329,1,6,-1,-1,-1
2015120109469,1,9,0,18,0,3,1,0,1,0,1,1,1,1,62,9,1995,2,4,-1,1,-1
2015120109513,1,9,0,16,0,3,0,9,0,0,1,1,6,2,72,10,1368,1,6,-1,1,-1
2015120109566,1,9,0,18,0,0,0,0,0,0,1,1,6,2,26,6,1595,1,6,-1,1,-1
2015120109566,2,4,0,4,0,0,0,0,0,0,2,1,6,1,64,9,247,1,2,-1,1,-1
2015120109566,3,9,0,4,0,0,0,0,0,0,2,1,6,2,63,9,1999,1,2,-1,1,-1
2015120109567,1,1,0,18,0,1,0,0,0,0,4,1,1,2,34,6,-1,-1,-1,-1,3,-1
2015120109639,1,9,0,5,0,1,0,0,0,0,1,1,6,1,45,7,-1,-1,-1,-1,1,-1
2015120109639,2,2,0,5,0,1,0,0,0,0,1,1,6,1,17,4,-1,-1,-1,-1,1,-1
2015120109681,1,21,1,12,0,1,0,0,0,0,3,2,1,1,45,7,-1,-1,-1,-1,-1,-1
2015120109681,2,9,0,18,0,1,0,0,1,11,4,1,6,2,52,8,1198,1,9,-1,3,-1
2015120109681,3,21,1,18,0,7,0,0,0,0,0,1,1,1,32,6,12809,2,1,-1,1,-1
2015120109681,4,19,0,18,0,7,0,0,0,0,0,1,1,1,36,7,2298,2,4,-1,1,-1
2015120109702,1,9,0,2,0,4,0,0,0,0,2,1,6,1,62,9,1956,2,2,-1,1,-1
2015120109702,2,9,0,18,0,4,0,0,0,0,1,1,6,2,35,6,998,1,5,-1,1,-1
2015120110043,1,9,0,4,0,0,0,0,0,0,2,1,6,2,40,7,2497,2,4,-1,1,-1
2015120110043,2,2,0,18,0,0,0,0,0,0,1,1,1,1,25,5,108,1,-1,-1,1,-1
2015120110111,1,9,0,18,0,4,0,0,0,0,1,1,6,2,50,8,1799,1,5,-1,2,-1
2015120110111,2,9,0,4,0,4,0,0,0,0,2,1,6,1,67,10,998,1,-1,-1,2,-1
2015120110114,1,9,0,4,0,2,0,0,0,0,1,1,6,1,17,4,1242,1,9,-1,1,-1
2015120110114,2,9,0,4,0,2,0,0,0,0,2,1,1,1,35,6,1995,2,3,-1,-1,-1
2015120110285,1,9,0,18,0,4,0,0,0,0,2,1,6,2,43,7,1360,1,10,-1,1,-1
2015120110285,2,19,0,18,0,4,0,0,0,0,1,1,6,3,53,8,2198,2,1,-1,-1,-1
2015120110353,1,9,0,4,0,1,0,0,0,0,2,1,6,1,18,4,998,1,1,-1,3,-1
2015120110353,2,21,1,18,0,1,0,0,0,0,1,2,1,1,36,7,-1,-1,-1,-1,-1,-1
2015120110372,1,9,0,18,0,1,0,0,0,0,1,1,2,1,22,5,1598,1,13,-1,-1,-1
2015120110372,2,4,0,4,0,1,0,0,0,0,2,1,2,1,43,7,150,1,45,-1,-1,-1
2015120110388,1,9,0,17,0,0,0,0,0,0,3,1,6,2,51,8,1390,1,1,-1,2,-1
2015120110388,2,19,0,16,0,0,0,0,0,0,3,1,6,1,50,8,-1,-1,-1,-1,3,-1
2015120110464,1,9,0,13,0,0,1,0,1,10,1,1,6,1,17,4,1390,1,14,-1,-1,-1
2015120110597,1,9,0,13,0,0,0,0,7,4,1,1,2,1,25,5,1998,1,9,-1,2,-1
2015120110597,2,9,0,18,0,0,0,0,0,0,0,1,6,3,-1,-1,-1,-1,-1,-1,-1,-1
2015120110601,1,9,0,9,0,6,0,0,0,0,3,1,1,2,23,5,1349,1,6,-1,1,-1
2015120110601,2,9,0,18,0,8,0,0,0,0,4,1,6,1,73,10,-1,-1,-1,-1,2,-1
2015120110758,1,1,0,18,0,0,0,12,0,0,3,1,6,1,60,9,-1,-1,-1,-1,1,-1
2015120110843,1,5,0,16,0,0,0,0,0,0,3,1,6,1,23,5,1198,1,4,-1,1,-1
2015120111050,1,9,0,18,0,0,0,0,0,0,1,1,2,1,34,6,1995,2,10,-1,2,-1
2015120111050,2,9,0,3,0,0,0,0,1,0,2,1,6,2,38,7,1390,1,6,-1,3,-1
2015120111050,3,9,0,3,0,0,0,0,0,0,4,1,6,1,29,6,1968,2,5,-1,3,-1
2015120111060,1,1,0,18,0,0,0,0,0,0,3,1,6,1,44,7,-1,-1,-1,-1,1,-1
2015120111060,2,9,0,18,0,0,0,0,0,0,4,1,6,1,32,6,1995,2,8,-1,3,-1
2015120111107,1,9,0,12,0,3,0,0,0,0,3,1,6,1,38,7,1997,2,12,-1,1,-1
2015120111107,2,5,0,13,0,3,0,0,0,0,4,1,6,1,48,8,1000,1,1,-1,1,-1
2015120111137,1,3,0,5,0,6,0,0,0,0,0,1,1,1,24,5,108,1,-1,-1,1,-1
2015120111177,1,19,0,18,0,0,0,0,0,0,3,1,6,1,21,5,2300,2,9,-1,1,-1
2015120111177,2,8,0,18,0,0,0,0,0,0,3,1,1,1,40,7,1360,1,5,-1,1,-1
2015120111323,1,19,0,17,0,0,0,0,1,9,1,1,1,1,33,6,2148,2,7,-1,3,-1
2015120111420,1,9,0,5,0,1,0,0,0,0,4,1,2,2,49,8,-1,-1,-1,-1,1,-1
2015120111447,1,9,0,18,0,6,0,0,0,0,3,1,6,2,53,8,1994,1,11,-1,3,-1
2015120111447,2,9,0,18,0,1,0,0,0,0,1,1,6,1,80,11,1597,2,-1,-1,3,-1
2015120111483,1,3,0,13,0,0,0,0,0,0,1,1,6,1,20,4,125,1,7,-1,2,-1
2015120111483,2,9,0,18,0,0,1,0,1,0,1,1,6,1,55,8,1399,2,5,-1,2,-1
2015120111483,3,21,0,4,0,0,0,0,0,0,0,1,1,1,44,7,11021,2,15,-1,1,-1
2015120111491,1,9,0,5,0,0,0,0,0,0,0,1,6,3,40,7,2143,2,3,-1,2,-1
2015120111601,1,9,0,4,0,0,0,0,0,0,4,1,6,2,88,11,1229,1,10,-1,1,-1
2015120111624,1,9,0,17,0,0,1,6,1,11,1,1,6,1,31,6,2477,2,16,-1,1,-1
2015120111837,1,9,0,3,0,0,0,0,0,0,2,1,2,1,52,8,2143,2,-1,-1,1,-1
2015120111837,2,9,0,3,0,0,0,0,0,0,2,1,2,1,47,8,1598,1,8,-1,3,-1
2015120111837,3,21,0,18,0,0,0,0,0,0,1,1,1,1,72,10,11120,2,-1,-1,1,-1
2015120111925,1,1,0,18,0,1,0,0,0,0,0,1,6,1,17,4,-1,-1,-1,-1,1,-1
2015120111925,2,9,0,7,0,5,0,0,0,0,0,1,6,1,-1,-1,-1,-1,-1,-1,-1,-1
2015120112167,1,9,0,9,0,2,0,0,0,0,4,1,6,1,46,8,1796,7,12,-1,2,-1
2015120112213,1,9,0,18,0,1,0,0,0,0,1,1,6,2,29,6,-1,-1,-1,-1,-1,-1
2015120112213,2,9,0,10,0,1,0,0,0,0,2,1,6,1,57,9,2179,2,6,-1,2,-1
2015120112291,1,9,0,14,0,8,0,0,0,0,1,1,6,1,80,11,-1,-1,-1,-1,-1,-1
2015120112291,2,9,0,10,0,8,0,0,0,0,2,1,2,2,26,6,1368,1,6,-1,1,-1
2015120112291,3,9,0,18,0,8,0,0,0,0,3,1,2,2,55,8,1686,2,1,-1,1,-1
2015120112316,1,9,0,16,0,0,0,0,1,0,0,1,6,2,52,8,1396,1,16,-1,3,-1
2015120112316,2,9,0,17,0,0,0,0,0,0,0,1,6,2,21,5,1364,1,9,-1,2,-1
2015120112332,1,11,0,18,0,1,0,0,0,0,1,1,1,1,42,7,12000,2,12,-1,1,-1
2015120112332,2,9,0,9,0,6,0,0,0,0,3,1,6,2,21,5,1328,1,13,-1,3,-1
2015120112407,1,9,0,9,0,5,0,0,0,0,3,1,6,1,41,7,2993,2,4,-1,3,-1
2015120112407,2,3,0,13,0,1,0,0,0,0,1,1,6,1,20,4,124,1,19,-1,2,-1
2015120112444,1,5,0,18,0,8,0,0,0,0,1,1,6,1,26,6,599,1,10,-1,1,-1
2015120112444,2,8,0,8,0,5,0,0,0,0,2,1,1,1,18,4,1229,1,9,-1,3,-1
2015120112562,1,9,0,18,0,2,0,0,0,0,3,1,6,1,25,5,1997,2,10,-1,2,-1
2015120112562,2,4,0,3,0,2,0,0,0,0,4,1,2,1,52,8,471,1,2,-1,1,-1
2015120112897,1,9,0,9,0,8,0,0,0,0,1,1,6,1,48,8,1598,1,12,-1,1,-1
2015120112897,2,9,0,18,0,8,0,0,1,10,1,1,6,2,80,11,1596,1,11,-1,3,-1
2015120112932,1,1,0,18,0,0,0,0,1,0,0,1,6,1,45,7,-1,-1,-1,-1,1,-1
2015120112936,1,9,0,17,0,0,1,0,2,3,1,1,6,2,30,6,1396,1,17,-1,1,-1
2015120112979,1,1,0,18,0,0,0,0,1,0,1,1,6,2,29,6,-1,-1,-1,-1,1,-1
2015120113171,1,9,0,18,0,0,0,0,0,0,4,1,6,2,28,6,1360,1,12,-1,1,-1
2015120113176,1,5,0,17,0,0,0,0,1,4,1,1,6,1,25,5,1255,1,6,-1,1,-1
2015120113215,1,9,0,9,0,5,0,0,0,0,1,1,6,1,25,5,1198,1,9,-1,1,-1
2015120113215,2,9,0,18,0,1,0,0,0,0,1,1,6,2,49,8,-1,-1,-1,-1,1,-1
2015120113532,1,9,0,18,0,0,1,0,7,4,1,1,6,1,19,4,1390,1,3,-1,3,-1
2015120113747,1,5,0,16,0,0,0,0,0,0,0,1,6,1,46,8,-1,-1,-1,-1,1,-1
2015120113762,1,19,0,18,0,0,1,0,0,0,1,1,6,1,20,4,1560,2,8,-1,3,-1
2015120113762,2,9,0,3,0,0,0,0,0,0,2,1,6,1,22,5,1834,1,14,-1,2,-1
2015120113762,3,9,0,4,0,0,0,0,0,0,0,1,6,1,58,9,1951,2,10,-1,1,-1
2015120113762,4,9,0,13,0,0,0,0,0,0,0,1,6,3,30,6,-1,-1,-1,-1,-1,-1
2015120113762,5,1,0,18,0,0,0,0,0,0,0,1,6,3,30,6,-1,-1,-1,-1,-1,-1
2015120113872,1,3,0,17,0,0,0,0,1,10,4,1,6,1,18,4,125,1,2,-1,1,-1
2015120113872,2,5,0,17,0,0,0,0,1,10,4,1,6,1,22,5,599,1,15,-1,3,-1
2015120113961,1,9,0,18,0,0,0,0,0,0,1,1,2,2,23,5,1596,1,10,-1,1,-1
2015120113961,2,3,0,4,0,0,0,0,0,0,2,1,6,1,19,4,125,1,-1,-1,3,-1
2015120113961,3,9,0,18,0,0,0,0,0,0,0,1,6,2,30,6,-1,-1,-1,-1,-1,-1