Accident_Index,Vehicle_Reference,Vehicle_Type,Towing_and_Articulation,Vehicle_Manoeuvre,Vehicle_Location-Restricted_Lane,Junction_Location,Skidding_and_Overturning,Hit_Object_in_Carriageway,Vehicle_Leaving_Carriageway,Hit_Object_off_Carriageway,1st_Point_of_Impact,Was_Vehicle_Left_Hand_Drive?,Journey_Purpose_of_Driver,Sex_of_Driver,Age_of_Driver,Age_Band_of_Driver,Engine_Capacity_(CC),Propulsion_Code,Age_of_Vehicle,Driver_IMD_Decile,Driver_Home_Area_Type,Vehicle_IMD_Decile
2015120114141,1,19,0,4,0,1,0,0,0,0,1,1,2,1,17,4,2477,2,9,-1,-1,-1
2015120114141,2,9,0,10,0,1,0,0,0,0,2,1,2,2,59,9,-1,-1,-1,-1,3,-1
2015120114158,1,9,0,18,0,0,0,0,0,0,3,1,2,1,38,7,1598,1,10,-1,1,-1
2015120114158,2,19,0,18,0,0,0,0,0,0,3,1,2,1,57,9,-1,-1,-1,-1,1,-1
2015120114158,3,9,0,18,0,0,0,0,0,0,3,1,2,1,24,5,1896,2,6,-1,3,-1
2015120114165,1,9,0,11,0,0,0,0,1,11,1,1,6,2,23,5,1242,1,4,-1,1,-1
2015120114230,1,9,0,4,0,0,0,0,0,0,1,1,3,2,37,7,1753,2,6,-1,1,-1
2015120114230,2,9,0,4,0,0,0,0,0,0,2,1,2,2,27,6,-1,-1,-1,-1,2,-1
2015120115059,1,9,0,18,0,5,0,0,0,0,2,1,2,2,28,6,1560,2,4,-1,1,-1
2015120115858,1,9,0,18,0,0,0,0,0,0,4,1,6,1,55,8,-1,-1,-1,-1,2,-1
2015120115891,1,1,0,18,0,1,1,0,0,0,0,1,2,1,38,7,-1,-1,-1,-1,1,-1
2015120115891,2,9,0,7,0,6,0,0,0,0,0,1,6,2,18,4,1229,1,4,-1,1,-1
2015120115899,1,9,0,17,0,0,1,0,8,11,1,1,6,1,26,6,1598,1,8,-1,1,-1
2015120115899,2,9,0,17,0,0,0,0,0,0,1,1,2,1,33,6,1560,2,1,-1,1,-1
2015120116056,1,9,0,16,0,0,0,0,8,11,1,1,6,2,19,4,1199,2,4,-1,-1,-1
2015120116134,1,19,0,7,0,6,0,0,0,0,4,1,1,1,63,9,1753,2,6,-1,3,-1
2015120116134,2,1,0,17,0,1,0,0,0,0,1,1,6,2,54,8,-1,-1,-1,-1,2,-1
2015120116155,1,9,0,12,0,8,0,0,0,0,0,1,6,2,63,9,-1,-1,-1,-1,2,-1
2015120116155,2,9,0,13,0,8,0,0,1,0,3,1,1,2,63,9,1796,1,13,-1,2,-1
2015120116241,1,8,0,10,0,1,0,0,0,0,2,1,1,1,55,8,-1,-1,-1,-1,1,-1
2015120116241,2,9,0,4,0,1,0,0,0,0,2,1,2,2,56,9,1998,1,9,-1,1,-1
2015120116241,3,19,0,18,0,1,0,0,0,0,1,1,1,1,24,5,1870,2,9,-1,1,-1
2015120116366,1,9,0,13,0,0,0,0,0,0,3,1,6,1,49,8,2199,2,7,-1,1,-1
2015120116366,2,5,0,13,0,0,0,0,7,9,4,1,6,1,52,8,998,1,11,-1,1,-1
2015120116366,3,17,4,18,0,0,0,0,0,0,0,1,1,1,20,4,4525,2,2,-1,3,-1
2015120116510,1,9,0,1,0,0,0,0,0,0,2,1,6,1,65,9,2179,2,-1,-1,3,-1
2015120116598,1,9,0,1,9,0,0,0,0,0,2,1,6,1,69,10,1461,2,1,-1,1,-1
2015120116843,1,9,0,13,0,0,0,0,7,10,1,1,2,2,24,5,1390,1,1,-1,1,-1
2015120116843,2,9,0,18,0,0,0,0,0,0,2,1,2,2,29,6,1560,2,1,-1,1,-1
2015120116855,1,9,0,5,0,4,0,0,0,0,3,1,6,1,48,8,2494,8,-1,-1,3,-1
2015120116855,2,1,0,17,0,8,0,0,0,0,4,1,6,1,52,8,-1,-1,-1,-1,1,-1
2015120117129,1,3,0,18,0,0,0,0,0,0,1,1,6,1,39,7,-1,-1,-1,-1,2,-1
2015120117129,2,9,0,18,0,0,0,0,0,0,2,1,6,1,62,9,1686,2,4,-1,2,-1
2015120117216,1,2,0,18,0,1,0,0,0,0,1,1,6,1,16,4,49,1,5,-1,1,-1
2015120117216,2,9,0,4,0,1,0,0,0,0,2,1,6,1,66,10,1560,2,3,-1,1,-1
2015120117231,1,1,4,18,0,0,0,0,0,0,0,1,6,2,38,7,-1,-1,-1,-1,2,-1
2015120117232,1,1,0,16,0,0,1,0,7,11,1,1,6,1,38,7,-1,-1,-1,-1,3,-1
2015120117265,1,19,0,18,0,4,0,0,0,0,1,1,6,3,-1,-1,-1,-1,-1,-1,-1,-1
2015120117265,2,3,0,18,0,4,0,0,0,0,1,1,6,1,31,6,125,1,-1,-1,3,-1
2015120117312,1,9,0,9,0,5,0,0,0,0,1,1,6,2,36,7,1229,1,3,-1,1,-1
2015120117312,2,1,0,10,0,2,0,0,0,0,1,1,6,1,53,8,-1,-1,-1,-1,1,-1
2015120117768,1,9,0,9,0,1,0,0,0,0,3,1,6,2,32,6,1910,2,8,-1,1,-1
2015120117768,2,5,0,13,0,8,0,0,0,0,1,1,6,1,59,9,1690,1,3,-1,2,-1
2015120117791,1,5,0,18,0,1,0,0,0,0,1,1,6,1,24,5,599,1,13,-1,1,-1
2015120117791,2,9,0,10,0,1,0,0,0,0,2,1,6,2,54,8,1910,2,8,-1,1,-1
2015120117840,1,5,0,18,0,0,1,0,8,11,1,1,6,1,53,8,999,1,10,-1,1,-1
2015120118451,1,9,0,18,0,1,5,0,3,11,1,1,6,2,20,4,1368,1,8,-1,1,-1
2015120118455,1,11,0,2,0,2,0,0,0,0,0,1,1,1,50,8,4250,2,3,-1,1,-1
2015120118489,1,19,0,4,0,0,0,0,0,0,4,1,1,1,34,6,2143,2,4,-1,1,-1
2015120118541,1,9,0,4,0,0,0,0,0,0,1,1,6,2,23,5,1461,2,-1,-1,1,-1
2015120118541,2,9,0,4,0,0,0,0,0,0,2,1,6,1,68,10,1896,2,12,-1,3,-1
2015120118589,1,9,0,18,0,1,0,0,0,0,1,1,6,1,17,4,1229,1,10,-1,2,-1
2015120118589,2,9,0,3,0,1,0,0,0,0,2,1,6,1,18,4,1598,1,6,-1,2,-1
2015120118589,3,9,0,10,0,8,0,0,0,0,2,1,6,2,42,7,998,1,3,-1,2,-1
2015120118630,1,9,0,5,0,6,0,0,1,0,3,1,6,1,80,11,-1,-1,-1,-1,1,-1
2015120118630,2,9,0,18,0,8,0,0,1,1,1,1,6,1,34,6,2993,2,10,-1,1,-1
2015120118647,1,9,0,4,0,0,0,0,0,0,1,1,6,1,28,6,1995,2,7,-1,2,-1
2015120118647,2,9,0,4,0,0,0,0,0,0,2,1,6,1,30,6,1598,1,10,-1,1,-1
2015120118647,3,19,0,3,0,0,0,0,0,0,2,1,6,1,45,7,1968,2,-1,-1,1,-1
2015120118660,1,5,0,18,0,1,1,9,0,1,1,1,6,1,46,8,599,1,12,-1,1,-1
2015120118661,1,20,4,18,0,0,0,0,0,0,1,1,6,1,52,8,-1,-1,-1,-1,3,-1
2015120118661,2,9,0,4,0,0,0,0,1,0,2,1,6,2,45,7,1461,2,13,-1,1,-1
2015120118809,1,9,0,9,0,8,0,0,0,0,1,1,6,2,39,7,1685,2,-1,-1,2,-1
2015120118809,2,3,0,18,0,1,1,0,0,0,1,1,6,1,17,4,125,1,6,-1,2,-1
2015120118878,1,1,0,18,4,1,0,0,0,0,1,1,6,1,31,6,-1,-1,-1,-1,1,-1
2015120118878,2,9,0,7,0,6,0,0,0,0,4,1,6,2,27,6,1198,1,1,-1,1,-1
2015120119240,1,9,0,1,0,0,0,0,0,0,2,1,6,2,24,5,1951,2,10,-1,1,-1
2015120119240,2,19,0,1,0,0,0,0,0,0,2,1,6,1,29,6,1870,2,11,-1,1,-1
2015120119289,1,19,0,17,0,0,5,0,7,11,1,1,1,1,28,6,1310,1,3,-1,2,-1
2015120119367,1,9,0,17,0,0,2,0,1,9,1,1,6,2,67,10,1364,1,7,-1,2,-1
2015120119379,1,9,0,17,0,0,0,0,1,3,1,1,6,2,36,7,1560,2,10,-1,3,-1
2015120119384,1,9,0,16,0,0,1,0,7,0,1,1,6,1,23,5,1994,2,13,-1,1,-1
2015120119384,2,9,0,17,0,0,0,0,1,0,1,1,6,1,40,7,2979,1,13,-1,2,-1
2015120119385,1,9,0,9,0,6,0,0,0,0,3,1,2,2,58,9,1796,1,8,-1,-1,-1
2015120119385,2,9,0,18,0,1,0,0,0,0,1,1,6,1,58,9,1896,2,8,-1,1,-1
2015120119410,1,19,0,5,0,0,0,0,0,0,3,1,2,1,40,7,2463,2,11,-1,3,-1
2015120119468,1,19,0,16,0,0,0,0,0,0,1,1,6,1,17,4,1399,2,7,-1,3,-1
2015120119468,2,9,0,17,0,0,0,0,0,0,1,1,6,1,52,8,-1,-1,-1,-1,1,-1
2015120119492,1,9,0,5,0,1,0,0,0,0,3,1,6,2,37,7,1997,2,7,-1,3,-1
2015120119492,2,9,0,18,0,1,0,0,0,0,1,1,6,2,47,8,998,1,6,-1,1,-1
2015120119740,1,9,0,7,0,3,0,0,0,0,3,1,6,1,55,8,2993,2,3,-1,3,-1
2015120119885,1,9,0,9,0,2,5,0,0,0,0,1,1,2,36,7,1124,1,5,-1,1,-1
2015120119915,1,1,0,16,0,8,0,0,0,0,1,1,4,1,14,3,-1,-1,-1,-1,1,-1
2015120119915,2,9,0,18,0,8,0,0,0,0,1,1,6,2,45,7,1997,2,10,-1,2,-1
2015120119942,1,9,0,7,0,8,0,0,0,0,1,1,6,1,78,11,1395,1,-1,-1,3,-1
2015120119942,2,19,0,18,0,8,0,0,0,0,1,1,1,1,29,6,-1,-1,-1,-1,1,-1
2015120120010,1,9,0,14,0,0,0,0,0,0,4,1,6,1,57,9,1200,1,-1,-1,-1,-1
2015120120010,2,11,0,2,0,0,0,0,0,0,2,1,1,1,48,8,7300,2,11,-1,1,-1
2015120120010,3,19,0,18,0,0,0,0,0,0,3,1,1,1,54,8,1996,2,5,-1,1,-1
2015120120018,1,19,0,3,0,0,0,0,0,0,2,1,1,1,40,7,2198,2,-1,-1,3,-1
2015120120018,2,19,0,4,0,0,1,4,0,0,1,1,1,1,40,7,1461,2,10,-1,3,-1
2015120120175,1,9,0,16,0,0,0,0,1,0,1,1,6,1,30,6,1956,2,1,-1,1,-1
2015120120175,2,9,0,2,0,0,0,0,0,0,1,1,6,1,24,5,-1,-1,-1,-1,1,-1
2015120120175,3,9,0,2,0,0,0,0,0,0,2,1,6,1,50,8,1800,1,16,-1,1,-1
2015120120307,1,9,0,17,0,0,1,0,1,4,4,1,6,3,-1,-1,-1,-1,-1,-1,-1,-1
2015120120589,1,9,0,1,0,8,0,0,1,11,2,1,6,1,94,11,1299,1,7,-1,-1,-1
2015120120708,1,1,0,18,0,0,0,0,0,0,1,1,6,1,16,4,-1,-1,-1,-1,1,-1
2015120120708,2,9,0,15,0,0,0,0,0,0,2,1,6,3,-1,-1,-1,-1,-1,-1,-1,-1
2015120120759,1,19,0,18,0,0,0,0,0,0,1,1,6,1,78,11,2477,2,9,-1,3,-1
2015120120759,2,9,0,3,0,0,0,0,0,0,2,1,6,2,70,10,1986,2,8,-1,3,-1
2015120120759,3,9,0,3,0,0,0,0,0,0,2,1,6,1,47,8,1599,1,9,-1,3,-1
2015120120760,1,9,0,9,0,8,0,0,0,0,4,1,6,1,21,5,998,1,12,-1,1,-1
2015120120760,2,9,0,18,0,8,0,0,0,0,1,1,6,2,17,4,998,1,14,-1,3,-1
2015120120775,1,11,0,18,0,0,0,0,0,0,4,1,1,3,-1,-1,-1,-1,-1,-1,-1,-1
2015120120862,1,9,0,18,0,4,0,0,7,11,0,1,6,1,18,4,1242,1,13,-1,1,-1
2015120120862,2,9,0,9,0,4,0,0,0,0,0,1,6,1,58,9,1998,2,7,-1,-1,-1
2015120120863,1,9,0,15,0,0,0,0,0,0,4,1,6,1,26,6,1984,1,5,-1,3,-1
2015120120863,2,1,0,18,0,0,0,0,0,0,3,1,6,1,70,10,-1,-1,-1,-1,3,-1
2015120120863,3,1,0,18,0,0,0,0,0,0,3,1,6,1,39,7,-1,-1,-1,-1,3,-1
2015120120899,1,19,0,9,0,5,0,0,0,0,1,1,6,3,48,8,1968,2,1,-1,1,-1
2015120120899,2,1,0,18,0,8,0,0,0,0,1,1,6,1,20,4,-1,-1,-1,-1,1,-1
2015120120925,1,5,0,17,0,0,0,0,2,11,4,1,6,1,24,5,1002,1,19,-1,-1,-1
2015120121178,1,9,0,4,0,0,0,0,0,0,1,1,6,1,51,8,1124,1,14,-1,1,-1
2015120121178,2,19,0,3,0,0,0,0,0,0,2,1,1,1,40,7,2402,2,3,-1,1,-1
2015120121179,1,1,0,18,0,0,0,0,0,0,0,1,6,2,46,8,-1,-1,-1,-1,1,-1
2015120121179,2,11,0,18,0,0,0,0,0,0,0,1,1,1,29,6,7300,2,14,-1,1,-1
2015120121249,1,9,0,5,8,0,0,0,1,0,0,1,6,2,43,7,1242,1,10,-1,1,-1
2015120121314,1,9,0,16,0,0,0,0,0,0,4,1,6,2,31,6,1149,1,13,-1,3,-1
2015120121428,1,9,0,18,0,1,0,0,0,0,1,1,6,1,50,8,1998,1,7,-1,-1,-1
2015120121428,2,9,0,3,0,1,0,0,0,0,2,1,1,2,37,7,1598,1,2,-1,-1,-1
2015120121496,1,21,1,18,0,0,1,0,0,0,1,2,1,1,47,8,-1,-1,-1,-1,-1,-1
2015120121496,2,9,0,4,0,0,0,0,0,0,2,1,2,1,56,9,1968,2,1,-1,1,-1
2015120121496,3,9,0,2,0,0,0,0,0,0,0,1,6,3,30,6,-1,-1,-1,-1,-1,-1
2015120121507,1,19,0,4,0,0,0,0,0,0,1,1,6,3,22,5,1998,2,11,-1,3,-1
2015120121507,2,9,0,4,0,0,0,0,0,0,2,1,6,3,60,9,1560,2,7,-1,1,-1
2015120121507,3,9,0,4,0,0,0,0,0,0,2,1,6,3,27,6,1910,2,7,-1,1,-1
2015120121535,1,9,0,18,0,0,0,0,1,0,3,1,6,1,74,10,1560,2,1,-1,3,-1
2015120121535,2,9,0,18,0,0,0,0,1,0,3,1,6,2,34,6,1896,2,12,-1,3,-1
2015120121541,1,9,0,18,0,1,0,0,0,0,1,1,2,2,29,6,1149,1,7,-1,1,-1
2015120121541,2,9,0,9,0,1,0,0,0,0,1,2,6,2,20,4,1086,1,9,-1,1,-1
2015120121589,1,9,0,18,0,0,0,0,0,0,2,1,1,1,30,6,1797,8,1,-1,1,-1
2015120121589,2,1,0,18,0,0,0,0,0,0,1,1,6,3,-1,-1,-1,-1,-1,-1,-1,-1
2015120121705,1,19,0,16,0,0,0,0,0,0,2,1,1,1,45,7,1995,2,4,-1,1,-1
2015120121705,2,19,0,16,0,0,0,0,0,0,1,1,1,1,32,6,1995,2,2,-1,1,-1
2015120121705,3,98,1,17,0,0,0,0,0,0,0,1,6,3,-1,-1,-1,-1,-1,-1,-1,-1
2015120121705,4,9,0,13,0,0,0,0,0,0,0,1,6,3,-1,-1,-1,-1,-1,-1,-1,-1
2015120121857,1,9,0,9,0,6,0,0,0,0,1,1,1,2,35,6,796,1,5,-1,1,-1
2015120121857,2,9,0,18,0,1,0,0,0,0,1,1,1,2,41,7,1399,2,4,-1,2,-1
2015120121944,1,19,0,17,0,0,0,0,1,4,1,1,1,1,34,6,2143,2,-1,-1,1,-1
2015120121980,1,9,0,17,0,1,0,0,1,4,1,1,1,2,25,5,1560,2,1,-1,3,-1
2015120121991,1,9,0,5,0,5,0,0,0,0,1,1,6,1,55,8,999,1,2,-1,3,-1
2015120121991,2,1,0,18,0,8,1,0,0,0,1,1,6,1,35,6,-1,-1,-1,-1,1,-1
2015120122096,1,9,0,18,0,0,0,0,0,0,0,1,2,1,27,6,1956,2,3,-1,3,-1
2015120122096,2,9,0,3,0,0,0,0,0,0,0,1,2,2,48,8,1396,1,14,-1,1,-1
2015120122096,3,19,0,3,0,0,0,0,0,0,0,1,1,1,49,8,2143,2,3,-1,1,-1
2015120122122,1,9,3,18,0,0,3,0,2,11,1,1,6,2,58,9,-1,-1,-1,-1,1,-1
2015120122122,2,9,0,18,0,0,0,0,0,0,1,1,6,1,55,8,1896,2,7,-1,1,-1
2015120122193,1,9,0,16,0,0,0,0,0,0,1,1,6,2,27,6,1560,2,11,-1,3,-1
2015120122193,2,9,0,18,0,0,0,0,0,0,3,1,6,2,67,10,2400,2,5,-1,1,-1
2015120122222,1,11,0,7,0,2,0,0,0,0,1,1,1,1,30,6,-1,-1,-1,-1,1,-1
2015120122253,1,9,0,18,0,1,0,0,0,0,1,1,6,2,42,7,1796,1,8,-1,1,-1
2015120122253,2,4,0,18,0,1,0,0,0,0,2,1,2,1,44,7,249,1,34,-1,3,-1
2015120122306,1,19,0,9,0,5,0,0,0,0,1,1,1,1,19,4,2198,2,4,-1,2,-1
2015120122764,1,9,0,18,0,0,0,0,0,0,0,1,6,3,-1,-1,-1,-1,-1,-1,-1,-1
2015120122764,2,9,0,18,0,0,0,0,0,0,2,1,6,1,62,9,1560,2,3,-1,1,-1
2015120122764,3,9,0,18,0,0,0,0,0,0,1,1,6,1,52,8,1560,2,1,-1,1,-1
2015120122905,1,9,0,9,0,6,0,0,0,0,3,1,6,2,52,8,1496,2,1,-1,3,-1
2015120122905,2,5,0,18,0,8,0,0,0,0,1,1,6,1,45,7,600,1,3,-1,1,-1
2015120122905,3,19,0,7,0,5,0,0,0,0,0,1,6,1,33,6,2477,2,5,-1,-1,-1
2015120122920,1,5,0,17,0,0,0,0,0,0,1,1,6,1,37,7,1198,1,3,-1,1,-1
2015120122984,1,5,0,13,0,1,0,0,7,0,4,1,6,1,47,8,1250,1,12,-1,1,-1
2015120122984,2,9,0,9,0,5,0,0,7,0,3,1,6,1,44,7,1988,1,14,-1,1,-1
2015120123070,1,11,0,18,0,0,0,0,0,0,4,1,1,1,46,8,6374,2,6,-1,1,-1
2015120123079,1,5,0,16,0,0,0,0,7,0,1,1,6,1,47,8,999,1,3,-1,1,-1
2015120123079,2,9,0,17,0,0,0,0,0,0,1,1,6,1,37,7,1596,1,11,-1,1,-1
2015120123420,1,9,0,9,0,4,0,0,0,0,3,1,1,1,68,10,1242,1,12,-1,1,-1
2015120123420,2,1,0,5,0,3,0,0,0,0,1,1,2,2,52,8,-1,-1,-1,-1,1,-1
2015120123472,1,5,0,16,0,0,1,0,1,0,4,1,6,1,55,8,805,1,13,-1,1,-1
2015120123472,2,9,0,16,0,0,0,0,0,0,0,1,1,3,56,9,-1,-1,-1,-1,1,-1
2015120123550,1,1,0,17,0,0,0,0,0,0,0,1,6,1,60,9,-1,-1,-1,-1,3,-1
2015120123555,1,1,0,16,0,0,0,0,7,0,3,1,6,1,54,8,-1,-1,-1,-1,1,-1
2015120123613,1,5,0,18,0,8,0,0,0,0,1,1,6,1,44,7,996,1,14,-1,1,-1
2015120123613,2,9,0,9,0,8,0,0,0,0,4,1,6,1,19,4,1149,1,13,-1,1,-1
2015120123639,1,19,0,7,0,3,0,0,0,0,1,1,6,1,52,8,-1,-1,-1,-1,1,-1
2015120123639,2,9,0,8,0,4,0,0,0,0,3,1,6,2,45,7,2720,2,9,-1,3,-1
2015120123700,1,9,0,18,0,4,0,0,0,0,1,1,6,2,88,11,1388,1,10,-1,1,-1
2015120123700,2,1,0,16,0,8,0,0,0,0,4,1,6,1,54,8,-1,-1,-1,-1,1,-1
2015120123731,1,1,0,18,4,0,0,0,0,0,4,1,6,1,24,5,-1,-1,-1,-1,1,-1
2015120123731,2,8,0,2,4,0,0,0,0,0,3,1,1,1,42,7,1999,1,10,-1,-1,-1
2015120123777,1,5,0,17,0,0,0,0,1,11,4,1,6,1,20,4,471,1,2,-1,1,-1
2015120123828,1,9,0,16,0,0,0,0,1,10,1,1,6,1,18,4,1242,1,12,-1,3,-1
2015120123912,1,9,0,18,0,1,0,0,0,0,1,1,6,1,56,9,5998,1,10,-1,3,-1
2015120123912,2,1,0,18,9,1,0,0,0,0,1,1,6,2,4,1,-1,-1,-1,-1,2,-1
2015120124279,1,9,0,18,0,0,0,0,1,0,1,1,6,1,32,6,-1,-1,-1,-1,1,-1
2015120124279,2,9,0,18,0,0,0,0,1,0,2,1,1,1,36,7,1461,2,-1,-1,1,-1
2015120124285,1,20,1,18,0,0,0,0,0,0,1,1,1,1,60,9,-1,-1,-1,-1,1,-1
2015120124285,2,19,0,3,0,0,0,0,0,0,2,1,2,2,45,7,-1,-1,-1,-1,1,-1
2015120124285,3,9,0,3,0,0,0,0,0,0,2,1,1,1,56,9,-1,-1,-1,-1,1,-1
2015120124389,1,1,0,18,0,6,0,0,0,0,1,1,6,1,13,3,-1,-1,-1,-1,1,-1
2015120124389,2,9,0,18,0,1,0,0,0,0,4,1,6,1,67,10,1796,1,11,-1,1,-1
2015120124464,1,9,0,2,0,0,0,0,0,0,3,1,1,1,48,8,1798,8,3,-1,2,-1
2015120124464,2,1,0,14,4,0,0,8,0,0,1,1,6,2,33,6,-1,-1,-1,-1,-1,-1
2015120124511,1,9,0,18,0,6,0,0,1,11,1,1,1,2,34,6,1799,1,9,-1,2,-1
2015120124511,2,9,0,18,0,8,0,0,7,11,1,1,2,1,20,4,1896,2,11,-1,2,-1
2015120124514,1,9,0,18,0,0,0,0,0,0,1,1,2,1,48,8,2400,2,3,-1,3,-1
2015120124514,2,9,0,18,0,0,0,0,0,0,1,1,6,1,40,7,1598,1,13,-1,3,-1
2015120124514,3,9,0,18,0,0,0,0,0,0,1,1,2,1,41,7,-1,-1,-1,-1,1,-1
2015120124600,1,9,0,18,0,1,0,0,0,0,1,1,6,1,23,5,1388,1,11,-1,1,-1
2015120124600,2,19,0,10,0,1,0,0,0,0,2,1,6,1,52,8,1248,2,7,-1,1,-1
2015120124676,1,19,0,13,0,0,0,0,7,9,3,1,6,1,39,7,1248,2,7,-1,3,-1
2015120124676,2,9,0,18,0,0,0,0,0,0,3,1,2,2,60,9,1596,1,7,-1,1,-1
2015120124694,1,9,0,9,0,1,0,0,0,0,1,1,6,2,20,4,1240,1,10,-1,2,-1
2015120124694,2,9,0,18,0,1,0,0,0,0,4,1,6,1,65,9,1968,2,9,-1,1,-1
2015120125245,1,9,0,4,0,4,0,0,0,0,2,1,6,1,44,7,1199,1,13,-1,1,-1
2015120125245,2,9,0,18,0,4,0,0,0,0,1,1,6,1,51,8,1896,2,14,-1,1,-1
2015120125279,1,9,0,18,0,0,0,0,0,0,3,1,6,1,67,10,2143,2,1,-1,3,-1
2015120125279,2,9,0,18,0,0,0,0,4,6,1,1,6,1,24,5,1595,1,8,-1,1,-1
2015120125283,1,9,0,18,0,0,1,1,0,6,3,1,2,1,54,8,1997,2,10,-1,1,-1
2015120125283,2,9,0,18,0,0,1,0,1,10,3,1,6,2,23,5,1248,2,5,-1,1,-1
2015120125456,1,19,0,18,0,0,0,0,0,0,0,1,6,1,26,6,1560,2,1,-1,1,-1
2015120125456,2,9,0,18,0,0,0,0,1,9,4,1,2,2,22,5,1149,1,11,-1,3,-1
2015120125597,1,5,0,18,0,0,0,0,1,11,1,1,6,1,29,6,-1,-1,-1,-1,1,-1
2015120125609,1,9,0,17,0,8,0,0,0,0,1,1,6,1,-1,-1,-1,-1,-1,-1,-1,-1
2015120125609,2,1,0,18,0,8,0,0,0,0,1,1,6,1,12,3,-1,-1,-1,-1,2,-1
2015120125699,1,1,0,16,0,0,1,11,1,0,1,1,6,1,32,6,-1,-1,-1,-1,1,-1
2015120125747,1,9,0,13,0,0,0,0,0,0,1,1,6,2,48,8,-1,-1,-1,-1,1,-1
2015120125747,2,1,0,18,0,0,0,0,0,0,1,1,6,1,56,9,-1,-1,-1,-1,1,-1
2015120126801,1,1,0,16,0,0,0,0,0,0,3,1,6,2,26,6,-1,-1,-1,-1,1,-1
2015120126801,2,9,0,13,0,0,0,0,0,0,4,1,1,1,35,6,1997,2,9,-1,2,-1
2015120127023,1,90,0,18,0,0,1,0,4,6,1,1,6,1,36,7,2279,1,38,-1,3,-1
2015120127089,1,9,0,4,0,1,0,0,0,0,2,1,6,1,78,11,2967,1,7,-1,3,-1
2015120127089,2,9,0,18,0,1,1,0,1,0,1,1,6,2,18,4,1242,1,1,-1,1,-1
2015120127133,1,3,0,4,0,0,1,0,1,0,0,1,6,1,19,4,125,1,-1,-1,3,-1
2015120127289,1,9,0,9,0,5,0,0,0,0,3,1,6,1,76,11,1998,2,11,-1,1,-1
2015120127289,2,9,0,4,0,6,0,0,0,0,3,1,6,1,19,4,1388,1,8,-1,1,-1
2015120127474,1,17,0,9,0,8,5,0,0,0,4,1,6,1,17,4,-1,2,12,-1,3,-1
2015120127674,1,5,0,13,0,1,0,0,0,0,1,1,6,1,58,9,-1,-1,-1,-1,1,-1
2015120127674,2,9,0,9,0,2,0,0,0,0,2,1,6,1,19,4,1229,1,10,-1,1,-1
2015120127677,1,9,0,1,0,0,0,0,0,0,2,1,6,1,80,11,-1,-1,-1,-1,1,-1
2015120127677,2,19,0,2,0,0,0,0,0,0,3,1,6,2,45,7,-1,-1,-1,-1,1,-1
2015120127688,1,9,0,18,0,1,0,0,0,0,1,1,6,1,34,6,1396,1,11,-1,1,-1
2015120127688,2,9,0,9,0,5,0,0,0,0,2,1,6,1,83,11,2198,2,6,-1,3,-1
2015120127688,3,9,0,18,0,1,0,0,0,0,0,1,6,2,44,7,1242,1,14,-1,3,-1
2015120127692,1,9,0,9,0,6,0,0,7,9,3,1,6,2,63,9,1368,1,5,-1,3,-1
2015120127692,2,19,0,18,0,8,0,0,0,0,1,1,6,1,66,10,1248,2,10,-1,1,-1
2015120127698,1,9,0,5,0,8,0,0,0,0,4,1,6,2,88,11,1761,1,18,-1,3,-1
2015120127698,2,9,0,18,0,8,0,0,0,0,1,1,6,1,59,9,1497,8,-1,-1,1,-1
2015120127698,3,9,0,3,0,1,0,0,0,0,1,1,6,1,49,8,1968,2,-1,-1,1,-1
2015120127720,1,9,0,18,0,1,0,0,0,0,1,1,6,1,52,8,1242,1,10,-1,1,-1
2015120127720,2,9,0,3,0,1,0,0,0,0,2,1,6,1,61,9,998,1,-1,-1,3,-1
2015120127720,3,9,0,3,0,1,0,0,0,0,2,1,6,1,54,8,1984,1,1,-1,3,-1
2015120127720,4,9,0,9,0,1,0,0,0,0,2,1,6,1,61,9,1968,2,3,-1,3,-1
2015120127833,1,9,0,18,0,0,0,0,0,0,4,1,1,2,33,6,1422,2,1,-1,-1,-1
2015120127834,1,1,0,13,0,1,0,0,0,0,1,1,4,1,17,4,-1,-1,-1,-1,2,-1
2015120127834,2,19,0,9,0,1,0,0,0,0,3,1,6,2,45,7,-1,-1,-1,-1,1,-1
2015120127869,1,19,0,16,0,0,2,0,8,10,3,1,1,1,28,6,1995,2,2,-1,1,-1
2015120128021,1,9,0,18,0,0,0,0,7,11,1,1,6,1,21,5,-1,-1,-1,-1,2,-1
2015120128027,1,9,0,5,0,2,0,0,0,0,3,1,6,1,60,9,1461,2,5,-1,-1,-1
2015120128027,2,1,0,18,0,2,0,0,0,0,4,1,6,1,22,5,-1,-1,-1,-1,1,-1
2015120128367,1,9,0,3,0,1,0,0,0,0,2,1,2,2,24,5,1395,1,-1,-1,1,-1
2015120128367,2,9,0,18,0,1,0,0,0,0,1,1,6,1,54,8,1995,2,2,-1,1,-1
2015120128398,1,9,0,9,0,6,0,0,0,0,3,1,6,1,20,4,1360,1,11,-1,1,-1