Accident_Index,Vehicle_Reference,Vehicle_Type,Towing_and_Articulation,Vehicle_Manoeuvre,Vehicle_Location-Restricted_Lane,Junction_Location,Skidding_and_Overturning,Hit_Object_in_Carriageway,Vehicle_Leaving_Carriageway,Hit_Object_off_Carriageway,1st_Point_of_Impact,Was_Vehicle_Left_Hand_Drive?,Journey_Purpose_of_Driver,Sex_of_Driver,Age_of_Driver,Age_Band_of_Driver,Engine_Capacity_(CC),Propulsion_Code,Age_of_Vehicle,Driver_IMD_Decile,Driver_Home_Area_Type,Vehicle_IMD_Decile
2015120128398,2,1,0,18,0,1,0,0,0,0,1,1,6,1,30,6,-1,-1,-1,-1,3,-1
2015120128602,1,9,0,4,0,0,0,0,0,0,1,1,6,2,25,5,1956,2,3,-1,1,-1
2015120128602,2,9,0,4,0,0,0,0,0,0,2,1,6,1,22,5,1299,1,17,-1,1,-1
2015120128971,1,9,0,9,0,6,0,0,0,0,3,1,6,2,42,7,1968,2,8,-1,2,-1
2015120128971,2,9,0,18,0,1,0,0,0,0,1,1,6,1,65,9,1198,1,3,-1,2,-1
2015120129031,1,5,0,5,0,8,0,0,0,0,1,1,6,1,44,7,998,1,14,-1,3,-1
2015120129031,2,1,0,9,0,8,0,0,0,0,2,1,6,1,20,4,-1,-1,-1,-1,1,-1
2015120129041,1,9,0,4,0,0,0,0,0,0,0,1,6,1,47,8,1598,2,1,-1,1,-1
2015120129041,2,9,0,4,0,0,0,0,0,0,2,1,6,1,42,7,1968,2,2,-1,1,-1
2015120129041,3,9,0,4,0,0,0,0,0,0,2,1,6,1,45,7,1910,2,9,-1,3,-1
2015120129041,4,9,0,4,0,0,0,0,0,0,2,1,6,2,60,9,1229,1,1,-1,-1,-1
2015120129041,5,9,0,4,0,0,0,0,0,0,2,1,6,1,39,7,2184,2,6,-1,1,-1
2015120129041,6,9,0,18,0,0,0,0,0,0,2,1,6,2,45,7,1997,1,12,-1,3,-1
2015120129050,1,9,0,18,0,2,0,0,0,0,2,1,2,1,48,8,999,1,2,-1,1,-1
2015120129050,2,9,0,7,0,6,0,0,0,0,1,1,6,1,50,8,1598,1,2,-1,3,-1
2015120129054,1,9,0,16,0,8,0,0,0,0,1,1,6,2,19,4,1248,2,6,-1,2,-1
2015120129054,2,1,0,18,0,6,0,0,0,0,0,1,6,1,33,6,-1,-1,-1,-1,3,-1
2015120129275,1,20,0,18,0,0,0,0,0,0,1,1,1,1,42,7,3908,2,14,-1,1,-1
2015120129275,2,9,0,18,0,0,0,0,7,0,1,1,6,1,80,11,1753,2,7,-1,1,-1
2015120129307,1,9,0,18,0,1,0,0,0,0,1,1,6,2,65,9,1368,1,5,-1,1,-1
2015120129307,2,9,0,7,0,6,0,0,0,0,1,1,6,1,21,5,1560,2,7,-1,3,-1
2015120129350,1,9,0,17,0,0,1,0,2,7,4,1,6,2,19,4,1364,2,12,-1,2,-1
2015120129352,1,9,0,9,0,6,0,0,1,0,1,1,2,2,22,5,1339,1,10,-1,1,-1
2015120129352,2,9,0,18,0,1,0,0,1,11,1,1,6,2,26,6,1198,1,1,-1,2,-1
2015120129385,1,9,0,18,0,1,0,0,0,0,1,1,6,1,21,5,973,1,15,-1,1,-1
2015120129385,2,19,0,3,0,1,0,0,0,0,2,1,1,1,42,7,2461,2,5,-1,1,-1
2015120129385,3,9,0,3,0,1,0,0,0,0,2,1,6,2,32,6,1560,2,4,-1,3,-1
2015120129385,4,9,0,9,0,1,0,0,0,0,0,1,6,2,69,10,1598,2,1,-1,1,-1
2015120129400,1,9,0,4,0,0,0,0,0,0,1,1,6,2,60,9,1798,1,9,-1,2,-1
2015120129497,1,9,0,17,0,0,0,0,7,9,1,1,6,1,51,8,2495,2,13,-1,3,-1
2015120129610,1,9,0,18,0,0,2,0,0,0,1,1,2,2,21,5,1242,1,10,-1,3,-1
2015120129610,2,9,0,2,0,0,0,0,0,0,1,1,6,2,35,6,1388,1,3,-1,2,-1
2015120129621,1,9,0,9,0,4,1,0,0,0,1,1,1,1,58,9,1560,2,10,-1,1,-1
2015120129621,2,9,0,9,0,4,1,0,0,0,4,1,6,1,56,9,1368,1,9,-1,1,-1
2015120129660,1,9,0,18,0,0,0,0,1,4,2,1,6,1,37,7,2435,1,12,-1,3,-1
2015120129696,1,19,0,18,0,8,0,0,0,0,1,1,6,1,-1,-1,1870,2,14,-1,-1,-1
2015120129696,2,9,0,10,0,5,0,0,0,0,2,1,1,2,19,4,1461,2,4,-1,3,-1
2015120129707,1,9,0,16,0,0,2,0,1,9,4,1,6,1,19,4,1839,1,18,-1,1,-1
2015120129808,1,1,0,18,0,1,0,0,0,0,3,1,6,1,74,10,-1,-1,-1,-1,1,-1
2015120129808,2,9,0,18,0,1,0,0,0,0,4,1,6,1,-1,-1,-1,-1,-1,-1,-1,-1
2015120129985,1,9,0,17,0,0,0,0,0,0,4,1,6,2,21,5,-1,-1,-1,-1,3,-1
2015120130046,1,9,0,17,0,0,2,10,7,11,1,1,6,1,23,5,1999,1,8,-1,3,-1
2015120130057,1,9,0,16,0,0,2,0,7,11,1,1,6,1,19,4,1149,1,9,-1,2,-1
2015120130093,1,9,0,5,0,4,0,0,0,0,4,1,6,2,46,8,1242,1,14,-1,1,-1
2015120130093,2,9,0,5,0,4,0,0,0,0,1,1,6,2,30,6,998,1,8,-1,1,-1
2015120130305,1,9,0,18,0,1,0,0,1,0,1,1,1,1,27,6,1995,2,8,-1,2,-1
2015120130305,2,9,0,15,0,1,0,0,1,0,4,1,6,1,81,11,1422,2,10,-1,1,-1
2015120130305,3,19,0,10,0,5,0,0,0,0,0,1,1,1,31,6,1753,2,9,-1,1,-1
2015120130334,1,19,0,5,0,3,0,0,0,0,1,1,1,1,29,6,1560,2,6,-1,1,-1
2015120130334,2,1,0,18,0,4,0,0,0,0,2,1,2,2,24,5,-1,-1,-1,-1,1,-1
2015120130376,1,21,1,17,0,4,0,0,0,0,0,1,1,1,44,7,-1,-1,-1,-1,3,-1
2015120130387,1,9,0,9,0,4,0,0,0,0,1,1,1,1,35,6,2993,2,6,-1,1,-1
2015120130387,2,1,0,18,0,8,0,0,0,0,4,1,6,1,44,7,-1,-1,-1,-1,3,-1
2015120130760,1,9,0,17,0,0,0,0,2,4,1,1,6,1,22,5,1490,1,8,-1,1,-1
2015120130760,2,9,0,16,0,0,0,0,0,0,3,1,6,2,29,6,1596,1,13,-1,1,-1
2015120130937,1,9,0,9,0,6,0,0,0,0,4,1,6,1,70,10,1598,2,2,-1,2,-1
2015120130937,2,1,0,10,0,6,0,0,0,0,1,1,6,1,42,7,-1,-1,-1,-1,3,-1
2015120130948,1,9,0,5,0,1,0,0,0,0,1,1,6,2,22,5,1390,1,5,-1,3,-1
2015120130948,2,9,0,5,0,1,0,0,0,0,2,1,1,2,51,8,998,1,10,-1,1,-1
2015120130969,1,9,0,18,0,0,0,0,0,0,1,1,6,2,20,4,1229,1,5,-1,1,-1
2015120130969,2,9,0,18,0,0,0,0,0,0,2,1,1,1,29,6,1560,2,1,-1,3,-1
2015120130985,1,21,0,18,0,0,0,0,0,0,0,1,1,1,60,9,12900,2,4,-1,1,-1
2015120130985,2,9,0,18,0,0,0,0,0,0,1,1,6,1,-1,-1,-1,-1,-1,-1,-1,-1
2015120131024,1,9,0,18,0,0,0,0,7,0,2,1,6,1,35,6,1968,2,4,-1,1,-1
2015120131024,2,5,0,13,0,0,1,0,1,0,1,1,6,1,69,10,865,1,6,-1,3,-1
2015120131038,1,17,4,1,0,0,0,0,0,0,2,1,1,1,21,5,-1,2,1,-1,1,-1
2015120131038,2,9,0,3,0,0,0,0,0,0,1,1,2,2,29,6,1364,2,-1,-1,-1,-1
2015120131297,1,9,0,18,0,0,0,0,1,0,4,1,6,1,92,11,1995,2,2,-1,3,-1
2015120131306,1,9,0,18,0,1,0,0,7,11,1,1,2,1,26,6,1968,2,-1,-1,1,-1
2015120131306,2,9,0,9,0,5,0,0,0,0,0,1,6,1,77,11,1598,1,3,-1,3,-1
2015120131376,1,9,0,18,0,4,0,0,0,0,1,1,2,1,35,6,1997,1,9,-1,1,-1
2015120131376,2,1,0,17,0,8,0,0,0,0,4,1,6,1,56,9,-1,-1,-1,-1,1,-1
2015120131423,1,5,0,17,0,0,1,0,1,11,3,1,6,1,31,6,748,1,22,-1,1,-1
2015120131472,1,11,0,4,2,0,0,0,0,0,0,1,1,1,66,10,-1,-1,-1,-1,1,-1
2015120131532,1,9,0,17,0,3,1,7,0,7,2,1,6,1,41,7,1300,1,43,-1,1,-1
2015120131644,1,1,0,11,0,0,0,0,0,0,1,1,6,1,11,3,-1,-1,-1,-1,-1,-1
2015120131644,2,9,0,18,0,0,0,0,0,0,1,1,6,3,-1,-1,-1,-1,-1,-1,-1,-1
2015120131884,1,9,0,17,0,0,0,0,1,11,0,1,6,1,56,9,-1,-1,-1,-1,1,-1
2015120131911,1,9,0,18,0,0,0,0,4,0,1,1,6,1,69,10,1998,2,6,-1,3,-1
2015120131911,2,9,0,4,0,0,0,0,4,0,2,1,6,2,30,6,1998,2,6,-1,3,-1
2015120132004,1,9,0,9,0,8,0,0,0,0,1,1,6,1,33,6,998,1,2,-1,1,-1
2015120132004,2,1,0,18,0,1,0,0,0,0,4,1,6,1,33,6,-1,-1,-1,-1,1,-1
2015120132095,1,9,0,5,0,8,0,0,0,0,3,1,6,2,38,7,1997,2,3,-1,1,-1
2015120132249,1,9,0,12,0,7,0,0,0,0,3,1,6,2,27,6,1149,1,15,-1,1,-1
2015120132249,2,9,0,18,0,8,0,0,0,0,4,1,6,2,25,5,1995,2,4,-1,1,-1
2015120132262,1,9,0,16,0,0,0,0,1,11,4,1,6,1,40,7,1560,2,3,-1,2,-1
2015120132405,1,9,0,18,0,2,0,0,0,0,4,1,6,1,29,6,1796,1,10,-1,2,-1
2015120132455,1,9,0,4,0,1,0,0,0,0,1,1,6,1,63,9,1968,2,4,-1,3,-1
2015120132455,2,9,0,4,0,1,0,0,0,0,2,1,6,1,29,6,1596,1,4,-1,3,-1
2015120132455,3,9,0,10,0,5,0,0,0,0,2,1,1,2,24,5,1398,2,12,-1,2,-1
2015120132560,1,9,0,18,0,2,0,0,0,0,4,1,6,1,65,9,-1,-1,-1,-1,-1,-1
2015120132560,2,1,0,3,9,2,0,0,0,0,1,1,6,2,10,2,-1,-1,-1,-1,1,-1
2015120132666,1,9,0,18,0,0,0,0,0,0,1,1,6,1,18,4,1199,1,16,-1,2,-1
2015120132666,2,9,0,18,0,0,0,0,1,0,1,1,6,2,47,8,1598,1,5,-1,2,-1
2015120132689,1,9,0,16,0,0,1,0,7,4,1,1,6,2,66,10,1590,1,10,-1,3,-1
2015120132861,1,9,0,16,0,0,0,0,0,0,1,1,6,1,19,4,1149,1,13,-1,-1,-1
2015120132861,2,9,0,3,0,0,0,0,0,0,2,1,1,2,21,5,1248,2,8,-1,1,-1
2015120132861,3,9,0,3,0,0,0,0,0,0,2,1,2,1,29,6,1910,2,8,-1,1,-1
2015120133210,1,5,4,9,0,3,1,0,0,0,3,1,4,1,68,10,1340,1,19,-1,1,-1
2015120133243,1,1,0,18,0,0,0,6,0,0,1,1,6,1,41,7,-1,-1,-1,-1,1,-1
2015120133268,1,5,0,18,0,1,1,0,0,0,0,1,6,1,45,7,645,1,15,-1,1,-1
2015120133270,1,5,0,17,0,0,1,0,0,0,0,1,6,2,48,8,849,1,2,-1,1,-1
2015120133678,1,9,0,18,0,8,0,0,0,0,3,1,6,3,-1,-1,-1,-1,-1,-1,-1,-1
2015120133678,2,1,0,18,4,8,0,0,0,0,4,1,6,1,27,6,-1,-1,-1,-1,1,-1
2015120133682,1,9,0,9,0,8,0,0,0,0,1,1,6,2,26,6,1360,1,13,-1,1,-1
2015120133682,2,9,0,18,0,8,0,0,0,0,1,1,2,1,23,5,1995,2,-1,-1,1,-1
2015120134189,1,11,0,18,0,6,0,0,3,10,1,1,1,1,46,8,9500,2,16,-1,1,-1
2015120134189,2,9,0,18,0,8,0,0,0,0,1,1,6,2,35,6,2179,2,-1,-1,1,-1
2015120134189,3,9,0,18,0,8,0,0,0,0,1,1,6,1,59,9,1968,2,1,-1,1,-1
2015120134199,1,9,0,7,0,3,0,0,0,0,4,1,6,1,26,6,1360,1,11,-1,2,-1
2015120134199,2,1,0,18,4,8,0,0,0,0,3,1,6,2,39,7,-1,-1,-1,-1,1,-1
2015120134325,1,9,0,17,0,0,5,0,2,4,1,1,6,1,26,6,1796,1,15,-1,3,-1
2015120134423,1,19,0,5,0,3,0,0,0,0,2,1,1,1,58,9,1753,2,3,-1,1,-1
2015120134423,2,1,0,18,0,3,0,0,0,0,3,1,2,2,24,5,-1,-1,-1,-1,-1,-1
2015120134580,1,3,0,9,0,5,1,0,0,0,3,1,2,1,20,4,125,1,9,-1,2,-1
2015120134711,1,9,0,18,0,0,0,0,0,0,3,1,6,1,40,7,1461,2,5,-1,1,-1
2015120134711,2,19,0,13,0,0,0,0,1,11,4,1,1,2,23,5,1560,2,2,-1,3,-1
2015120134840,1,19,0,18,0,0,0,0,0,0,4,1,6,1,47,8,1995,2,5,-1,1,-1
2015120134872,1,9,0,4,0,1,0,0,0,0,1,1,6,2,48,8,1149,1,13,-1,1,-1
2015120134872,2,9,0,4,0,1,0,0,0,0,2,1,6,1,19,4,1229,1,8,-1,1,-1
2015120134872,3,5,0,4,0,1,0,0,0,0,2,1,6,1,29,6,929,1,15,-1,1,-1
2015120135111,1,19,0,9,0,1,0,0,0,0,4,1,1,1,45,7,-1,-1,-1,-1,1,-1
2015120135111,2,9,0,18,0,1,0,0,1,0,1,1,6,1,20,4,1398,1,-1,-1,2,-1
2015120135117,1,9,0,18,0,3,0,0,0,0,1,1,1,1,61,9,1796,1,12,-1,1,-1
2015120135410,1,5,0,15,0,8,0,0,7,0,1,1,6,1,69,10,1050,1,2,-1,3,-1
2015120135410,2,9,0,9,0,6,0,0,0,0,3,1,6,1,28,6,-1,-1,-1,-1,2,-1
2015120135410,3,19,0,3,0,8,0,0,0,0,0,1,6,3,-1,-1,-1,-1,-1,-1,-1,-1
2015120135452,1,9,0,13,0,0,1,0,7,0,2,1,6,2,31,6,1968,2,7,-1,2,-1
2015120135452,2,9,0,13,0,0,5,0,7,0,1,1,2,1,28,6,1968,2,2,-1,3,-1
2015120135452,3,9,0,2,6,0,0,0,0,0,1,1,1,1,66,10,2148,2,6,-1,1,-1
2015120135587,1,9,0,18,0,0,0,0,0,0,1,1,6,2,19,4,1229,1,2,-1,2,-1
2015120135587,2,9,0,16,0,0,0,0,0,0,1,1,6,2,39,7,1598,1,7,-1,1,-1
2015120135716,1,19,0,18,0,0,0,0,0,0,1,1,6,1,35,6,1753,2,7,-1,1,-1
2015120135716,2,19,0,2,0,0,0,0,0,0,1,1,1,3,30,6,1995,2,7,-1,1,-1
2015120135716,3,19,0,2,0,0,0,0,0,0,1,1,1,3,24,5,1560,2,-1,-1,1,-1
2015120135968,1,9,0,4,0,0,0,0,0,0,2,1,6,1,49,8,1598,2,4,-1,2,-1
2015120135968,2,9,0,16,0,0,0,0,0,0,1,1,6,2,22,5,1796,1,12,-1,3,-1
2015120135968,3,9,0,2,0,0,0,0,0,0,0,1,6,1,86,11,1591,1,3,-1,3,-1
2015120135999,1,9,0,1,0,0,0,0,0,0,2,1,6,1,79,11,1910,2,7,-1,3,-1
2015120136060,1,9,0,9,0,8,0,0,0,0,1,1,6,1,22,5,1198,1,6,-1,1,-1
2015120136165,1,9,0,4,0,0,0,0,0,0,3,1,2,2,46,8,1598,2,3,-1,-1,-1
2015120136165,2,9,0,4,0,0,1,0,0,0,1,1,2,1,23,5,1598,1,4,-1,1,-1
2015120136175,1,9,0,3,0,8,0,0,0,0,2,1,2,2,48,8,1995,2,3,-1,-1,-1
2015120136175,2,9,0,3,0,8,0,0,0,0,2,1,2,2,67,10,1422,2,5,-1,3,-1
2015120136175,3,9,0,18,0,8,0,0,0,0,1,1,2,1,34,6,-1,-1,-1,-1,1,-1
2015120136191,1,9,0,10,0,1,0,0,0,0,2,1,2,1,41,7,-1,-1,-1,-1,2,-1
2015120136191,2,9,0,16,0,1,0,0,0,0,1,1,2,2,57,9,996,1,1,-1,2,-1
2015120136191,3,8,0,16,0,1,0,0,0,0,1,1,2,2,28,6,1910,2,12,-1,2,-1
2015120136731,1,9,0,2,9,0,0,0,0,0,0,1,1,1,45,7,-1,-1,-1,-1,3,-1
2015120136731,2,22,0,18,9,0,5,0,0,0,4,1,6,1,63,9,-1,-1,-1,-1,2,-1
2015120136746,1,10,0,5,8,0,0,0,0,0,3,1,1,2,37,7,2198,2,2,-1,1,-1
2015120136746,2,5,0,18,0,0,0,0,0,0,1,1,2,1,46,8,1043,1,1,-1,1,-1
2015120136746,3,9,0,2,6,0,0,0,0,0,3,1,6,1,51,8,1197,1,1,-1,2,-1
2015120137181,1,5,0,17,0,0,0,0,1,2,1,1,6,1,24,5,636,1,-1,-1,1,-1
2015120137241,1,9,0,18,0,1,0,0,0,0,0,1,6,3,-1,-1,-1,-1,-1,-1,-1,-1
2015120137241,2,19,0,10,0,1,0,0,0,0,1,1,6,1,32,6,2477,2,8,-1,3,-1
2015120137241,3,9,0,18,0,1,0,0,0,0,1,1,6,1,40,7,1598,2,1,-1,-1,-1
2015120137276,1,1,0,18,0,1,0,0,0,0,1,1,1,1,41,7,-1,-1,-1,-1,1,-1
2015120137276,2,9,0,5,0,6,0,0,0,0,3,1,6,1,51,8,2401,2,9,-1,2,-1
2015120137379,1,1,0,17,0,0,0,0,2,11,4,1,6,1,69,10,-1,-1,-1,-1,1,-1
2015120137752,1,2,0,5,0,1,0,0,0,0,0,1,6,1,43,7,50,1,8,-1,3,-1
2015120137752,2,9,0,5,0,1,0,0,0,0,0,1,6,1,33,6,1248,2,2,-1,1,-1
2015120138013,1,9,0,18,0,0,0,0,0,0,3,1,6,2,24,5,-1,-1,-1,-1,2,-1
2015120138013,2,3,0,18,0,0,0,0,0,0,4,1,6,2,24,5,-1,-1,-1,-1,2,-1
2015120138133,1,9,0,10,0,1,0,0,0,0,2,1,6,2,31,6,1364,1,9,-1,3,-1
2015120138133,2,9,0,18,0,1,0,0,0,0,1,1,6,1,75,10,1598,1,8,-1,3,-1
2015120138150,1,9,0,18,0,0,0,0,0,0,1,1,6,2,46,8,1582,2,3,-1,3,-1
2015120138150,2,21,0,2,0,0,0,0,0,0,2,1,1,1,61,9,4250,2,14,-1,3,-1
2015120138537,1,90,0,12,0,6,5,0,0,0,1,1,6,1,81,11,2287,2,1,-1,2,-1
2015120138896,1,9,0,18,0,0,0,0,0,0,1,1,6,2,46,8,1198,1,12,-1,1,-1
2015120138896,2,9,0,18,0,0,0,0,0,0,2,1,6,2,59,9,995,1,1,-1,1,-1
2015120139101,1,9,0,9,0,1,0,0,0,0,4,1,6,1,-1,-1,-1,-1,-1,-1,-1,-1
2015120139101,2,1,0,18,4,1,0,0,0,0,1,1,2,1,45,7,-1,-1,-1,-1,1,-1
2015120139157,1,9,0,18,0,0,0,0,1,0,1,1,2,1,46,8,1598,2,3,-1,1,-1
2015120139157,2,9,0,13,0,0,0,0,0,0,3,1,6,3,79,11,1560,2,5,-1,1,-1
2015120139463,1,9,0,6,0,8,0,0,0,0,3,1,2,2,61,9,1248,1,6,-1,1,-1
2015120139463,2,3,0,14,0,1,0,0,0,0,1,1,6,1,18,4,125,1,2,-1,1,-1
2015120139494,1,19,0,9,0,8,0,0,0,0,1,1,1,1,52,8,1686,2,11,-1,1,-1
2015120139494,2,9,0,18,0,1,0,0,0,0,4,1,6,1,59,9,1969,2,1,-1,1,-1
2015120139510,1,9,0,9,0,5,0,0,7,0,0,1,6,1,52,8,1997,2,16,-1,3,-1
2015120139510,2,9,0,18,0,8,1,0,0,0,0,1,1,1,64,9,1598,2,2,-1,1,-1
2015120139521,1,21,1,18,0,8,0,0,0,0,1,1,1,1,50,8,12809,2,2,-1,-1,-1
2015120139521,2,9,0,4,0,8,0,0,0,0,2,1,6,2,75,10,1598,1,1,-1,1,-1
2015120139632,1,9,0,18,0,0,0,0,0,0,0,1,6,2,56,9,1343,1,15,-1,1,-1
2015120139632,2,9,0,18,0,0,0,0,0,0,0,1,6,1,56,9,1997,2,7,-1,1,-1
2015120139670,1,3,0,18,0,0,1,0,0,0,3,1,2,1,18,4,124,1,3,-1,1,-1
2015120139769,1,9,0,18,0,0,0,0,0,0,1,1,6,1,57,9,2967,2,3,-1,2,-1
2015120139769,2,1,0,18,0,0,0,0,0,0,3,1,6,2,10,2,-1,-1,-1,-1,2,-1
2015120139809,1,9,0,9,0,1,0,0,0,0,4,1,6,2,57,9,1596,1,2,-1,1,-1
2015120139809,2,1,0,18,0,1,0,0,0,0,1,1,6,1,16,4,-1,-1,-1,-1,1,-1
2015120139885,1,3,0,9,0,5,0,0,0,0,3,1,6,1,35,6,124,1,9,-1,1,-1
2015120139885,2,3,0,13,0,1,0,0,0,0,1,1,6,1,32,6,124,1,2,-1,1,-1
2015120140128,1,11,0,2,0,0,0,0,0,0,0,1,6,1,47,8,-1,2,23,-1,1,-1
2015120140130,1,9,0,3,0,0,0,0,0,0,2,1,1,2,38,7,1388,1,12,-1,1,-1
2015120140130,2,19,0,4,0,0,0,0,0,0,1,1,1,3,39,7,1598,2,1,-1,3,-1
2015120140130,3,9,0,3,0,0,0,0,0,0,2,1,1,3,59,9,1242,1,3,-1,1,-1
2015120140161,1,9,0,6,0,8,0,0,0,0,3,1,6,2,27,6,1796,2,3,-1,2,-1
2015120140161,2,4,0,14,0,1,1,0,0,0,1,1,6,1,57,9,408,1,40,-1,1,-1
2015120140238,1,19,0,7,0,1,0,0,0,0,0,1,1,1,43,7,1995,2,1,-1,1,-1
2015120140238,2,9,0,9,0,1,0,0,0,0,0,1,1,2,48,8,1995,2,5,-1,1,-1
2015120140238,3,2,0,18,0,1,0,0,3,10,1,1,6,1,17,4,49,1,11,-1,1,-1
2015120140324,1,9,0,14,0,1,0,4,0,0,1,1,1,1,26,6,1560,2,5,-1,1,-1
2015120140324,2,9,0,2,0,1,0,0,0,0,2,1,6,1,60,9,1995,2,12,-1,1,-1
2015120140355,1,9,0,4,0,0,0,0,0,0,2,1,1,1,23,5,1968,2,3,-1,1,-1
2015120140355,2,9,0,4,0,0,0,0,0,0,1,1,1,1,22,5,-1,-1,-1,-1,1,-1
2015120140402,1,9,0,18,0,1,0,0,0,0,1,1,6,1,36,7,-1,-1,-1,-1,2,-1
2015120140402,2,9,0,2,0,1,0,0,0,0,2,1,6,1,45,7,-1,-1,-1,-1,-1,-1
2015120140402,3,9,0,2,0,1,0,0,0,0,2,1,6,2,21,5,1149,1,14,-1,1,-1
2015120140483,1,9,0,17,0,0,0,0,0,0,1,1,6,2,67,10,999,1,-1,-1,1,-1
2015120140483,2,21,1,16,0,0,0,0,0,0,3,2,1,1,35,6,-1,-1,-1,-1,-1,-1
2015120140610,1,9,0,18,0,0,5,0,7,11,4,1,6,1,28,6,998,1,30,-1,2,-1
2015120140693,1,9,0,18,0,0,0,0,0,0,4,1,2,2,47,8,1248,2,4,-1,3,-1
2015120140693,2,1,0,18,0,0,0,0,0,0,3,1,6,1,50,8,-1,-1,-1,-1,2,-1
2015120140736,1,19,0,9,0,8,0,0,0,0,0,1,6,3,-1,-1,-1,-1,-1,-1,-1,-1
2015120140736,2,1,0,7,0,5,0,0,1,10,4,1,6,1,28,6,-1,-1,-1,-1,3,-1
2015120140815,1,5,0,13,0,1,0,0,1,4,1,1,6,1,46,8,1170,1,-1,-1,2,-1
2015120140815,2,11,0,18,0,1,0,0,0,0,0,1,1,1,68,10,-1,-1,-1,-1,1,-1
2015120140815,3,17,4,9,0,2,0,0,0,0,0,1,1,1,58,9,-1,2,25,-1,3,-1
2015120141022,1,19,0,5,0,1,0,0,0,0,1,1,1,2,40,7,-1,-1,-1,-1,2,-1
2015120141114,1,11,0,18,0,0,0,10,7,11,1,1,1,1,63,9,9200,2,13,-1,1,-1
2015120141114,2,9,0,2,0,0,0,0,0,0,1,1,6,3,67,10,1086,1,9,-1,-1,-1
2015120141120,1,9,0,5,8,6,0,0,0,0,0,1,6,2,-1,-1,-1,-1,-1,-1,-1,-1
2015120141264,1,9,0,17,0,0,1,0,0,0,1,1,6,1,17,4,1461,2,12,-1,3,-1
2015120141264,2,9,0,18,0,0,0,0,0,0,3,1,6,1,43,7,1968,2,6,-1,1,-1
2015120141345,1,9,0,7,0,6,0,0,0,0,2,1,6,1,72,10,998,1,3,-1,1,-1
2015120141345,2,9,0,18,0,2,0,0,0,0,1,1,6,1,35,6,1598,1,14,-1,1,-1
2015120141365,1,2,0,7,9,1,0,0,1,0,1,1,6,1,-1,-1,-1,-1,-1,-1,-1,-1
2015120141558,1,9,0,5,0,1,0,0,0,0,1,1,6,2,75,10,2199,2,2,-1,3,-1
2015120141558,2,9,0,18,0,1,0,0,0,0,1,1,6,1,66,10,2495,2,11,-1,3,-1
2015120141600,1,9,0,9,0,1,0,0,0,0,1,1,1,2,60,9,2143,2,2,-1,3,-1
2015120141600,2,3,0,18,0,1,1,0,0,0,1,1,1,1,25,5,-1,-1,-1,-1,-1,-1
2015120141625,1,9,0,18,0,0,0,0,0,0,3,1,6,2,48,8,1390,1,2,-1,-1,-1
2015120141625,2,8,0,13,0,0,0,0,0,0,3,1,1,1,74,10,-1,-1,-1,-1,1,-1
2015120141671,1,19,0,18,0,8,1,0,0,0,1,1,1,1,47,8,2477,2,2,-1,1,-1
2015120141671,2,9,0,18,0,8,0,0,0,0,2,1,6,1,66,10,2993,2,-1,-1,1,-1
2015120141755,1,9,0,17,0,0,0,0,8,4,1,1,2,1,21,5,1997,1,8,-1,1,-1
2015120142009,1,9,0,18,0,0,0,0,1,0,1,1,6,1,29,6,1968,2,6,-1,3,-1
2015120142042,1,9,0,17,0,0,2,11,7,9,1,1,6,1,19,4,1388,1,8,-1,1,-1
2015120142132,1,9,0,9,0,8,0,7,1,10,4,1,6,2,42,7,1999,1,10,-1,1,-1
2015120142132,2,9,0,18,0,8,0,0,0,0,1,1,6,1,71,10,-1,-1,-1,-1,2,-1
2015120142201,1,9,0,4,0,0,0,0,0,0,1,1,6,2,21,5,1149,1,8,-1,3,-1
2015120142201,2,9,0,4,0,0,0,0,0,0,2,1,6,1,50,8,1461,2,2,-1,3,-1
2015120142370,1,5,0,16,0,0,1,0,0,0,1,1,6,1,46,8,999,1,5,-1,1,-1
2015120142370,2,9,0,17,0,0,0,0,0,0,3,1,6,2,39,7,1582,2,-1,-1,1,-1
2015120142545,1,9,0,13,0,0,0,0,0,0,4,1,6,1,89,11,1498,1,9,-1,1,-1
2015120142545,2,1,0,18,0,0,0,0,0,0,3,1,6,2,16,4,-1,-1,-1,-1,2,-1
2015120142823,1,9,0,18,0,0,0,0,0,0,1,1,6,2,65,9,1149,1,14,-1,1,-1
2015120142823,2,21,1,3,0,0,0,0,0,0,1,1,1,1,49,8,15569,2,-1,-1,3,-1
2015120142879,1,1,0,18,4,1,0,0,0,0,1,1,6,1,23,5,-1,-1,-1,-1,1,-1
2015120142879,2,9,0,9,4,5,0,0,0,0,4,1,6,1,48,8,1753,2,8,-1,2,-1
2015120142956,1,5,0,14,0,8,1,0,0,0,3,1,6,1,59,9,1188,1,16,-1,1,-1
2015120142956,2,9,0,18,0,8,0,0,0,0,3,1,6,1,47,8,1968,2,9,-1,1,-1
2015120142956,3,9,0,10,0,8,0,0,0,0,0,1,6,1,24,5,2000,2,4,-1,3,-1