Accident_Index,Vehicle_Reference,Vehicle_Type,Towing_and_Articulation,Vehicle_Manoeuvre,Vehicle_Location-Restricted_Lane,Junction_Location,Skidding_and_Overturning,Hit_Object_in_Carriageway,Vehicle_Leaving_Carriageway,Hit_Object_off_Carriageway,1st_Point_of_Impact,Was_Vehicle_Left_Hand_Drive?,Journey_Purpose_of_Driver,Sex_of_Driver,Age_of_Driver,Age_Band_of_Driver,Engine_Capacity_(CC),Propulsion_Code,Age_of_Vehicle,Driver_IMD_Decile,Driver_Home_Area_Type,Vehicle_IMD_Decile
2015120142956,4,9,0,3,0,8,0,0,0,0,0,1,6,2,40,7,1398,2,10,-1,1,-1
2015120143024,1,9,0,4,0,0,0,0,0,0,1,1,6,1,70,10,1596,1,-1,-1,1,-1
2015120143024,2,9,0,4,0,0,0,0,0,0,2,1,6,2,69,10,1598,1,2,-1,1,-1
2015120143082,1,1,0,18,0,0,0,0,0,0,1,1,6,1,44,7,-1,-1,-1,-1,1,-1
2015120143082,2,9,0,3,0,0,0,0,0,0,2,1,6,1,35,6,-1,-1,-1,-1,1,-1
2015120143082,3,9,0,13,0,0,0,0,0,0,0,1,6,1,85,11,2179,2,8,-1,3,-1
2015120143122,1,5,0,18,0,0,1,0,0,0,1,1,6,1,49,8,821,1,1,-1,1,-1
2015120143122,2,9,0,18,0,0,0,0,0,0,3,1,6,2,76,11,1598,1,6,-1,1,-1
2015120143133,1,19,0,4,0,1,0,0,0,0,4,1,6,1,51,8,1598,2,1,-1,2,-1
2015120143180,1,9,0,3,0,0,0,0,0,0,2,1,6,1,65,9,2000,2,6,-1,1,-1
2015120143180,2,9,0,4,0,0,1,4,0,0,1,1,6,1,67,10,1242,1,4,-1,1,-1
2015120143180,3,9,0,4,0,0,1,0,0,0,1,1,6,1,37,7,-1,-1,-1,-1,1,-1
2015120143180,4,9,0,2,0,0,0,0,0,0,2,1,6,2,40,7,1995,2,8,-1,3,-1
2015120143627,1,19,0,18,0,4,0,0,0,0,1,1,1,1,65,9,-1,-1,-1,-1,2,-1
2015120143627,2,1,0,18,0,4,0,0,0,0,2,1,6,1,49,8,-1,-1,-1,-1,2,-1
2015120143629,1,9,0,7,0,1,0,0,0,0,0,1,6,3,-1,-1,-1,-1,-1,-1,-1,-1
2015120143629,2,1,0,18,0,1,0,0,0,0,0,1,6,1,25,5,-1,-1,-1,-1,1,-1
2015120143712,1,9,0,16,0,8,5,0,7,11,1,1,6,1,81,11,1299,1,16,-1,1,-1
2015120143749,1,19,0,18,0,0,0,0,0,0,1,1,1,1,20,4,2143,2,2,-1,3,-1
2015120143749,2,9,0,3,0,0,0,0,0,0,2,1,6,1,69,10,1396,1,4,-1,1,-1
2015120143749,3,9,0,3,0,0,0,0,0,0,2,1,6,1,38,7,1229,1,9,-1,-1,-1
2015120143754,1,9,0,6,0,0,0,0,0,0,1,1,1,2,37,7,1388,1,13,-1,1,-1
2015120143754,2,3,0,18,0,0,0,0,0,0,1,1,1,1,25,5,124,1,6,-1,1,-1
2015120143801,1,9,0,18,0,0,0,0,1,11,0,1,6,1,77,11,1988,1,13,-1,3,-1
2015120143801,2,21,0,18,0,0,0,0,1,4,0,1,1,1,23,5,-1,-1,-1,-1,-1,-1
2015120143805,1,9,0,18,0,0,1,0,1,11,3,1,1,1,68,10,1896,2,9,-1,3,-1
2015120143805,2,9,0,18,0,0,0,0,0,0,3,1,6,2,53,8,1499,2,1,-1,1,-1
2015120143805,3,9,0,18,0,0,0,0,0,0,3,1,1,1,51,8,2143,2,3,-1,3,-1
2015120143856,1,21,1,13,0,0,0,0,5,6,1,1,1,1,45,7,10677,2,-1,-1,1,-1
2015120143856,2,17,4,18,0,0,4,0,0,0,2,1,1,1,28,6,4400,2,6,-1,2,-1
2015120143909,1,9,0,4,0,0,1,0,7,0,2,1,6,1,57,9,3222,2,12,-1,1,-1
2015120143909,2,9,0,4,0,0,1,0,1,9,1,1,6,1,18,4,1248,2,7,-1,2,-1
2015120144029,1,9,0,5,0,1,0,0,1,0,4,1,6,1,36,7,-1,-1,-1,-1,1,-1
2015120144171,1,9,0,13,0,8,1,0,0,0,1,1,2,1,50,8,1997,2,3,-1,1,-1
2015120144171,2,9,0,18,0,8,1,0,0,0,1,1,2,2,50,8,1598,2,2,-1,3,-1
2015120144171,3,21,0,18,0,8,0,0,0,0,3,1,1,1,54,8,-1,-1,-1,-1,1,-1
2015120144355,1,9,0,18,0,0,0,0,0,0,1,1,6,2,25,5,2000,2,11,-1,1,-1
2015120144500,1,1,0,17,0,0,0,0,1,0,1,1,6,1,41,7,-1,-1,-1,-1,1,-1
2015120144567,1,9,0,18,0,0,5,0,7,11,1,1,6,2,76,11,2191,2,2,-1,1,-1
2015120144576,1,9,0,5,0,4,0,0,0,0,1,1,6,1,-1,-1,-1,-1,-1,-1,-1,-1
2015120144576,2,1,0,3,0,1,0,0,0,0,3,1,6,1,11,3,-1,-1,-1,-1,1,-1
2015120144587,1,9,0,9,0,8,0,0,0,0,3,1,6,2,28,6,998,1,5,-1,3,-1
2015120144587,2,9,0,18,0,8,0,0,0,0,1,1,6,1,29,6,1995,2,4,-1,1,-1
2015120144799,1,9,0,18,0,3,2,0,1,4,1,1,2,1,61,9,1598,1,10,-1,2,-1
2015120145028,1,11,0,18,0,1,0,0,0,0,0,1,1,1,48,8,5900,2,8,-1,1,-1
2015120145028,2,9,0,9,0,6,0,0,0,0,0,1,6,2,-1,-1,-1,-1,-1,-1,-1,-1
2015120145208,1,9,0,1,0,1,0,0,0,0,2,1,6,2,34,6,1997,2,7,-1,1,-1
2015120145208,2,1,0,18,0,8,0,0,0,0,4,1,6,2,23,5,-1,-1,-1,-1,1,-1
2015120145227,1,17,0,4,0,1,0,0,0,0,2,1,1,1,49,8,-1,-1,-1,-1,3,-1
2015120145257,1,9,0,3,0,1,0,0,0,0,4,1,6,1,88,11,1248,2,3,-1,1,-1
2015120145257,2,4,0,3,0,1,0,0,0,0,3,1,2,1,56,9,200,1,25,-1,-1,-1
2015120145278,1,19,0,16,0,0,0,0,0,0,1,1,1,1,38,7,2402,2,7,-1,1,-1
2015120145278,2,9,0,17,0,0,0,0,0,0,1,1,6,1,44,7,2198,1,9,-1,1,-1
2015120145313,1,9,0,17,0,0,0,0,7,11,4,1,6,1,22,5,973,1,13,-1,1,-1
2015120145318,1,1,0,18,0,8,0,0,0,0,0,1,6,2,46,8,-1,-1,-1,-1,3,-1
2015120145318,2,19,4,18,0,8,0,0,0,0,0,1,1,1,55,8,2477,2,6,-1,3,-1
2015120145360,1,3,0,5,0,0,0,0,0,0,0,1,2,1,45,7,90,1,-1,-1,1,-1
2015120145497,1,1,0,18,0,8,0,0,0,0,1,1,6,1,18,4,-1,-1,-1,-1,1,-1
2015120145497,2,9,0,7,0,8,0,0,0,0,1,1,6,3,-1,-1,-1,-1,-1,-1,-1,-1
2015120145617,1,3,0,18,0,0,0,0,0,0,1,1,2,1,69,10,124,1,1,-1,1,-1
2015120145808,1,9,0,6,0,0,0,0,1,0,1,1,6,1,32,6,1995,2,8,-1,1,-1
2015120146043,1,9,0,18,0,0,0,4,0,0,1,1,6,2,84,11,1339,1,7,-1,1,-1
2015120146043,2,9,0,2,0,0,0,0,0,0,4,1,6,3,-1,-1,1968,2,8,-1,1,-1
2015120146051,1,9,0,18,0,0,1,0,7,10,1,1,6,1,35,6,2198,2,10,-1,1,-1
2015120146051,2,9,0,18,0,0,1,0,7,10,1,1,6,2,28,6,1997,2,-1,-1,1,-1
2015120146113,1,9,0,16,0,0,1,0,7,0,1,1,6,2,19,4,1598,1,9,-1,2,-1
2015120146163,1,5,0,17,0,0,1,0,7,0,1,1,6,1,46,8,999,1,8,-1,-1,-1
2015120146386,1,9,0,6,0,8,0,7,0,0,1,1,6,2,32,6,1248,2,5,-1,1,-1
2015120146396,1,9,0,9,0,1,0,0,0,0,1,1,6,1,55,8,2231,2,9,-1,1,-1
2015120146396,2,1,0,18,0,1,0,0,0,0,4,1,1,1,31,6,-1,-1,-1,-1,1,-1
2015120146471,1,9,0,4,0,7,0,0,0,0,0,1,6,2,25,5,1686,2,2,-1,1,-1
2015120146471,2,9,0,4,0,7,0,0,0,0,2,1,2,1,49,8,2985,2,9,-1,1,-1
2015120146540,1,9,0,18,0,0,0,0,0,0,1,1,6,2,28,6,1796,1,1,-1,1,-1
2015120146540,2,9,0,4,0,0,0,0,0,0,2,1,6,2,57,9,1496,2,-1,-1,-1,-1
2015120146540,3,11,0,18,0,0,0,0,2,11,1,1,1,2,38,7,-1,-1,-1,-1,3,-1
2015120146715,1,5,0,16,0,1,1,0,0,0,1,1,2,1,22,5,-1,-1,-1,-1,1,-1
2015120146715,2,9,0,9,0,6,0,0,0,0,3,1,2,2,21,5,1497,8,-1,-1,1,-1
2015120147154,1,9,0,16,0,0,5,0,1,4,1,1,6,1,24,5,1299,1,13,-1,1,-1
2015120147239,1,9,0,5,0,4,0,0,0,0,2,1,6,1,30,6,1997,2,1,-1,-1,-1
2015120147239,2,9,0,4,0,4,0,0,0,0,1,1,6,2,30,6,1349,1,4,-1,2,-1
2015120147286,1,9,0,16,0,0,0,0,7,11,1,1,6,2,76,11,1586,1,8,-1,3,-1
2015120147341,1,9,0,18,0,0,0,0,0,0,1,1,6,1,60,9,3248,1,13,-1,1,-1
2015120147341,2,9,0,3,0,0,0,0,0,0,2,1,6,2,31,6,1598,1,2,-1,1,-1
2015120147341,3,9,0,3,0,0,0,0,0,0,2,1,6,1,46,8,2967,2,5,-1,3,-1
2015120147369,1,9,0,17,0,0,1,0,0,0,1,1,6,1,25,5,1596,1,12,-1,3,-1
2015120147369,2,9,0,16,0,0,0,0,0,0,1,1,6,1,30,6,1339,1,8,-1,2,-1
2015120147508,1,9,0,18,0,0,0,0,0,0,4,1,1,1,43,7,1968,2,5,-1,3,-1
2015120147605,1,9,0,17,0,0,1,0,2,4,1,1,6,1,18,4,1200,1,1,-1,3,-1
2015120147605,2,9,0,17,0,0,0,11,0,0,4,1,6,1,19,4,1229,1,4,-1,1,-1
2015120148132,1,9,0,7,0,8,0,0,0,0,4,1,2,2,22,5,1242,1,6,-1,1,-1
2015120148132,2,1,0,18,0,8,0,0,0,0,1,1,6,2,32,6,-1,-1,-1,-1,1,-1
2015120148245,1,9,0,18,0,6,0,0,0,0,2,1,6,2,43,7,1968,2,8,-1,1,-1
2015120148245,2,9,0,18,0,6,0,0,0,0,1,1,6,1,43,7,2993,2,-1,-1,1,-1
2015120148272,1,9,0,9,0,5,0,0,0,0,1,1,6,2,32,6,1360,1,6,-1,1,-1
2015120148272,2,9,0,14,0,1,0,0,0,0,1,1,6,1,62,9,4008,1,18,-1,1,-1
2015120148292,1,2,0,18,0,8,1,0,0,0,0,1,1,2,21,5,50,1,2,-1,1,-1
2015120148763,1,11,0,18,0,0,0,0,0,0,1,1,1,1,65,9,9000,2,10,-1,1,-1
2015120148903,1,19,0,4,0,0,0,0,0,0,1,1,6,2,30,6,-1,-1,-1,-1,1,-1
2015120148903,2,8,0,3,0,0,0,0,0,0,2,1,1,1,35,6,-1,-1,-1,-1,-1,-1
2015120148903,3,9,0,3,0,0,0,0,0,0,2,1,2,1,34,6,2143,2,1,-1,3,-1
2015120148903,4,9,0,3,0,0,0,0,0,0,2,1,2,2,61,9,1368,1,7,-1,1,-1
2015120148935,1,9,0,18,0,0,0,0,4,6,1,1,6,2,24,5,998,1,12,-1,1,-1
2015120149355,1,9,0,4,0,1,0,0,0,0,1,1,6,3,44,7,1396,2,4,-1,3,-1
2015120149376,1,9,0,18,0,8,0,0,0,0,1,1,6,2,50,8,1229,1,7,-1,1,-1
2015120149376,2,5,0,18,0,8,0,0,0,0,1,1,6,1,53,8,847,1,-1,-1,2,-1
2015120149381,1,9,0,9,0,8,0,0,0,0,1,1,1,1,35,6,1910,2,9,-1,1,-1
2015120149582,1,9,0,1,0,0,0,0,0,0,4,1,6,1,39,7,973,1,12,-1,2,-1
2015120149582,2,1,0,18,9,0,0,0,0,0,4,1,6,1,5,1,-1,-1,-1,-1,3,-1
2015120149776,1,9,0,17,0,1,0,0,1,4,1,1,6,1,34,6,2663,2,16,-1,1,-1
2015120150028,1,19,0,18,0,1,0,0,0,0,1,1,6,3,-1,-1,-1,-1,-1,-1,-1,-1
2015120150028,2,9,0,3,0,1,0,0,0,0,2,1,2,1,-1,-1,1689,2,11,-1,1,-1
2015120150028,3,9,0,3,0,1,0,0,0,0,2,1,2,1,21,5,-1,-1,-1,-1,1,-1
2015120150075,1,9,0,14,0,8,1,0,3,1,1,1,6,2,32,6,1995,1,6,-1,2,-1
2015120150075,2,20,0,3,0,1,0,0,0,0,2,1,1,1,33,6,-1,-1,-1,-1,-1,-1
2015120150075,3,9,0,18,0,8,2,0,0,0,4,1,6,2,69,10,1198,1,4,-1,3,-1
2015120150344,1,9,0,9,0,2,0,0,0,0,1,1,6,1,22,5,-1,-1,-1,-1,3,-1
2015120150344,2,9,0,18,0,1,0,0,0,0,1,1,6,1,48,8,1299,1,14,-1,1,-1
2015120150615,1,9,0,4,0,0,0,0,0,0,1,1,1,1,45,7,999,1,-1,-1,1,-1
2015120150615,2,9,0,3,0,0,0,0,0,0,2,1,6,1,67,10,1329,1,1,-1,1,-1
2015120150623,1,17,0,15,0,0,0,0,0,0,4,1,1,3,-1,-1,-1,-1,-1,-1,-1,-1
2015120150623,2,1,0,18,0,0,0,0,0,0,3,1,6,1,30,6,-1,-1,-1,-1,-1,-1
2015120150769,1,9,0,18,0,1,0,0,0,0,1,1,6,1,84,11,1896,2,15,-1,1,-1
2015120150769,2,9,0,3,0,1,0,0,0,0,2,1,1,1,68,10,1753,2,9,-1,1,-1
2015120150771,1,21,0,9,0,8,0,0,0,0,1,1,1,1,63,9,-1,-1,-1,-1,-1,-1
2015120150771,2,19,0,18,0,8,2,0,0,0,4,1,1,1,40,7,1560,2,1,-1,3,-1
2015120150826,1,9,0,18,0,0,0,0,0,0,4,1,6,3,-1,-1,-1,-1,-1,-1,-1,-1
2015120150855,1,9,0,13,0,0,0,0,0,0,3,1,6,2,45,7,1598,2,-1,-1,-1,-1
2015120150855,2,17,0,18,0,0,0,0,0,0,0,1,6,3,-1,-1,-1,-1,-1,-1,-1,-1
2015120150855,3,5,0,18,0,0,0,0,0,0,0,1,6,1,44,7,999,1,1,-1,1,-1
2015120150855,4,5,0,13,0,0,0,0,7,10,4,1,6,2,54,8,750,1,2,-1,1,-1
2015120150857,1,9,0,18,0,0,0,0,0,0,1,1,6,2,34,6,1968,2,6,-1,1,-1
2015120150857,2,9,0,4,0,0,0,0,0,0,2,1,1,2,50,8,-1,-1,-1,-1,3,-1
2015120150857,3,9,0,4,0,0,0,0,0,0,2,1,6,2,57,9,1390,1,1,-1,3,-1
2015120150857,4,9,0,4,0,0,0,0,0,0,2,1,6,1,68,10,1582,2,3,-1,1,-1
2015120150857,5,9,0,4,0,0,0,0,0,0,2,1,6,1,42,7,1598,2,4,-1,1,-1
2015120150896,1,3,0,4,0,1,0,0,0,0,1,1,1,1,27,6,125,1,1,-1,2,-1
2015120150896,2,19,0,18,0,1,1,0,0,0,1,1,1,1,47,8,2198,2,3,-1,3,-1
2015120150897,1,1,0,18,0,0,0,0,0,0,0,1,6,1,14,3,-1,-1,-1,-1,1,-1
2015120150897,2,9,0,18,0,0,0,0,0,0,0,1,6,3,-1,-1,-1,-1,-1,-1,-1,-1
2015120151207,1,19,0,9,4,6,0,0,0,0,4,1,1,1,39,7,2143,2,3,-1,-1,-1
2015120151207,2,1,0,18,4,1,0,0,0,0,1,1,6,1,34,6,-1,-1,-1,-1,-1,-1
2015120151315,1,9,0,17,0,0,0,0,0,0,1,1,1,1,52,8,1598,2,1,-1,1,-1
2015120151315,2,8,0,16,0,0,0,0,0,0,1,1,6,2,54,8,1124,1,9,-1,3,-1
2015120151377,1,1,0,18,0,0,0,0,0,0,1,1,1,2,22,5,-1,-1,-1,-1,1,-1
2015120151377,2,9,0,4,0,0,0,0,0,0,2,1,6,2,-1,-1,-1,-1,-1,-1,-1,-1
2015120151447,1,9,0,15,0,0,0,0,0,0,0,1,1,2,39,7,-1,-1,-1,-1,3,-1
2015120151447,2,20,0,2,0,0,0,0,0,0,0,1,1,3,-1,-1,-1,-1,-1,-1,-1,-1
2015120151596,1,9,0,9,0,8,0,0,0,0,1,1,6,1,40,7,1968,2,2,-1,3,-1
2015120151596,2,9,0,18,0,8,0,0,0,0,3,1,6,2,26,6,-1,-1,-1,-1,1,-1
2015120151729,1,9,0,18,0,0,2,0,7,0,1,1,6,1,34,6,-1,-1,-1,-1,3,-1
2015120151729,2,9,0,18,0,0,0,0,0,0,0,1,6,3,27,6,1598,1,6,-1,2,-1
2015120151946,1,5,0,18,0,0,0,11,8,11,3,1,6,1,47,8,999,1,1,-1,1,-1
2015120152006,1,9,0,18,0,0,1,10,1,7,1,1,6,1,75,10,1587,1,12,-1,1,-1
2015120152067,1,9,0,3,0,1,0,0,0,0,2,1,6,2,32,6,1997,2,13,-1,1,-1
2015120152067,2,9,0,5,0,1,0,0,0,0,1,1,6,2,22,5,1360,1,13,-1,1,-1
2015120152137,1,1,0,17,0,0,0,0,0,0,3,1,6,1,55,8,-1,-1,-1,-1,1,-1
2015120152137,2,9,0,17,0,0,0,0,0,0,1,1,6,1,51,8,1560,2,6,-1,1,-1
2015120152275,1,9,0,18,0,8,0,0,0,0,1,1,6,1,35,6,1796,1,9,-1,1,-1
2015120152275,2,9,0,10,0,5,0,0,0,0,3,1,6,1,19,4,998,1,14,-1,3,-1
2015120152275,3,9,0,18,0,8,0,0,0,0,3,1,6,1,68,10,1598,1,4,-1,1,-1
2015120152748,1,21,0,9,0,8,0,0,0,0,0,1,1,1,57,9,11021,2,10,-1,1,-1
2015120152748,2,1,0,9,0,8,0,0,0,0,0,1,6,1,57,9,-1,-1,-1,-1,1,-1
2015120152791,1,5,0,5,0,1,0,0,0,0,1,1,6,1,50,8,1284,1,7,-1,1,-1
2015120152791,2,5,0,5,0,1,0,0,0,0,2,1,6,1,39,7,-1,-1,-1,-1,1,-1
2015120152795,1,1,0,18,0,0,0,0,0,0,2,1,6,2,21,5,-1,-1,-1,-1,3,-1
2015120152795,2,1,0,18,0,0,1,0,0,0,1,1,6,2,53,8,-1,-1,-1,-1,3,-1
2015120152902,1,9,0,4,0,0,0,0,0,0,1,1,6,2,54,8,-1,-1,-1,-1,1,-1
2015120152902,2,9,0,4,0,0,0,0,0,0,2,1,6,2,62,9,2401,2,10,-1,1,-1
2015120152951,1,1,0,18,0,0,0,0,0,0,1,1,6,1,43,7,-1,-1,-1,-1,1,-1
2015120153043,1,9,0,9,0,5,0,0,7,0,2,1,6,1,50,8,1797,8,6,-1,1,-1
2015120153043,2,5,0,15,0,8,0,0,0,0,1,1,6,1,38,7,636,1,11,-1,1,-1
2015120153043,3,5,0,18,0,1,0,0,0,0,0,1,6,3,-1,-1,-1,-1,-1,-1,-1,-1
2015120153043,4,5,0,18,0,1,0,0,0,0,0,1,6,1,37,7,999,1,3,-1,1,-1
2015120153055,1,9,0,18,0,0,0,0,0,0,4,1,6,2,66,10,1242,1,4,-1,2,-1
2015120153162,1,9,0,4,0,0,0,0,0,0,2,1,6,2,27,6,1598,1,2,-1,1,-1
2015120153162,2,5,0,18,0,0,0,0,0,0,1,1,6,1,52,8,-1,-1,-1,-1,1,-1
2015120153382,1,9,0,4,0,0,0,0,7,0,2,1,6,1,54,8,1329,1,2,-1,1,-1
2015120153382,2,9,0,4,0,0,0,0,0,0,1,1,6,1,49,8,2231,2,-1,-1,1,-1
2015120153404,1,9,0,18,0,4,0,0,0,0,3,1,6,2,56,9,-1,-1,-1,-1,1,-1
2015120153404,2,1,0,9,0,4,0,0,0,0,4,1,1,1,17,4,-1,-1,-1,-1,1,-1
2015120153436,1,1,0,17,0,0,0,0,0,0,0,1,6,1,25,5,-1,-1,-1,-1,1,-1
2015120153520,1,9,0,13,0,1,0,0,1,1,1,1,6,2,38,7,1796,1,8,-1,1,-1
2015120153520,2,9,0,5,0,6,0,0,1,0,2,1,6,1,81,11,1497,8,2,-1,1,-1
2015120153554,1,9,0,5,0,0,0,0,0,0,1,1,6,1,35,6,1956,2,4,-1,-1,-1
2015120153614,1,9,0,9,0,6,0,0,0,0,3,1,6,2,23,5,1242,1,-1,-1,1,-1
2015120153614,2,5,0,18,0,1,0,0,0,0,1,1,6,1,44,7,599,1,11,-1,1,-1
2015120153711,1,21,1,16,0,0,0,0,0,0,1,2,1,1,52,8,-1,-1,-1,-1,-1,-1
2015120153711,2,9,0,16,0,0,0,0,1,1,4,1,6,1,40,7,1896,2,11,-1,1,-1
2015120153867,1,19,0,18,0,1,0,0,0,0,1,1,1,2,55,8,-1,-1,-1,-1,3,-1
2015120153867,2,9,0,10,0,1,0,0,0,0,2,1,6,2,55,8,2979,1,5,-1,3,-1
2015120154154,1,9,0,18,0,1,0,0,1,7,1,1,1,2,33,6,1248,2,7,-1,2,-1
2015120154154,2,9,0,11,0,1,0,0,0,0,0,1,6,3,-1,-1,-1,-1,-1,-1,-1,-1
2015120154457,1,5,0,16,0,0,0,0,0,0,4,1,2,1,42,7,-1,-1,-1,-1,3,-1
2015120154801,1,9,0,8,0,1,0,0,0,0,1,1,1,2,22,5,1598,1,9,-1,3,-1
2015120154801,2,9,0,18,0,1,0,0,0,0,2,1,6,2,65,9,1984,1,4,-1,1,-1
2015120154972,1,19,0,18,0,1,0,0,0,0,1,1,1,1,26,6,1248,2,7,-1,2,-1
2015120154987,1,9,0,1,0,6,0,0,0,0,4,1,6,3,20,4,1390,1,14,-1,1,-1
2015120154987,2,1,0,18,0,1,0,0,0,0,1,1,6,1,49,8,-1,-1,-1,-1,3,-1
2015120155113,1,9,0,13,0,0,0,0,0,0,1,1,6,1,71,10,1998,1,9,-1,1,-1
2015120155113,2,21,0,18,0,0,1,0,0,0,1,1,1,1,26,6,12130,2,12,-1,2,-1
2015120155445,1,9,0,4,0,0,0,0,0,0,2,1,2,2,22,5,-1,-1,-1,-1,1,-1
2015120155445,2,21,1,18,0,0,0,0,0,0,1,1,1,1,54,8,12902,2,2,-1,1,-1
2015120155445,3,9,0,18,0,0,0,0,0,0,1,1,6,2,66,10,2400,2,5,-1,1,-1
2015120155631,1,9,0,16,0,0,5,0,7,9,1,1,1,1,32,6,1995,2,14,-1,1,-1
2015120155737,1,9,0,18,0,0,0,0,0,0,0,1,6,3,-1,-1,-1,-1,-1,-1,-1,-1
2015120155995,1,20,0,4,0,0,0,0,0,0,1,1,1,1,48,8,3920,2,4,-1,1,-1
2015120155995,2,10,0,4,0,0,0,0,0,0,2,1,6,2,35,6,2198,2,5,-1,1,-1
2015120156175,1,9,0,13,0,0,5,0,8,10,4,1,6,1,18,4,1368,1,5,-1,1,-1
2015120156175,2,9,0,18,0,0,1,0,7,10,3,1,6,1,19,4,1360,1,14,-1,1,-1
2015120156175,3,9,0,18,0,0,0,0,0,0,0,1,6,1,42,7,-1,-1,-1,-1,1,-1
2015120156441,1,5,0,17,0,0,1,0,1,0,3,1,6,1,50,8,996,1,11,-1,1,-1
2015120156562,1,5,0,13,0,0,1,0,0,0,4,1,6,2,49,8,599,1,6,-1,2,-1
2015120156562,2,19,0,18,0,0,0,0,0,0,0,1,6,1,31,6,2402,2,8,-1,3,-1
2015120156573,1,9,0,18,0,0,0,0,0,0,0,1,1,1,31,6,-1,-1,-1,-1,1,-1
2015120156721,1,1,0,18,0,0,1,0,0,0,0,1,6,1,43,7,-1,-1,-1,-1,2,-1
2015120156981,1,9,0,13,0,1,0,0,0,0,4,1,6,1,51,8,1461,2,4,-1,1,-1
2015120156981,2,1,0,18,0,1,0,0,0,0,3,1,6,1,46,8,-1,-1,-1,-1,1,-1
2015120157023,1,19,0,7,7,8,0,0,0,0,4,1,6,1,25,5,1870,2,12,-1,1,-1
2015120157023,2,1,0,18,0,8,0,0,0,0,3,1,6,1,74,10,-1,-1,-1,-1,-1,-1
2015120157066,1,9,0,18,0,1,0,0,0,0,3,1,6,1,58,9,1997,1,1,-1,1,-1
2015120157066,2,17,4,10,0,5,0,0,0,0,0,1,1,1,50,8,4156,2,9,-1,2,-1
2015120157066,3,19,0,10,0,5,0,0,0,0,0,1,1,2,22,5,2499,2,10,-1,3,-1
2015120157145,1,5,0,13,0,0,1,0,0,0,1,1,6,1,57,9,1137,1,14,-1,2,-1
2015120157145,2,5,0,13,0,0,0,0,0,0,3,1,6,1,55,8,1000,1,14,-1,2,-1
2015120157145,3,21,1,18,0,0,0,0,0,0,0,1,6,1,28,6,12419,2,2,-1,1,-1
2015120157165,1,9,0,18,0,2,0,0,0,0,3,1,6,1,25,5,-1,-1,-1,-1,-1,-1
2015120157181,1,9,0,3,0,1,0,0,0,0,2,1,6,2,27,6,1796,1,13,-1,1,-1
2015120157181,2,9,0,4,0,1,0,0,0,0,1,1,6,1,40,7,2494,2,-1,-1,1,-1
2015120157291,1,9,0,16,0,0,0,0,7,4,1,1,6,2,80,11,1596,1,1,-1,1,-1
2015120157305,1,1,0,18,4,1,0,0,0,0,1,1,6,1,40,7,-1,-1,-1,-1,1,-1
2015120157305,2,9,0,7,0,1,0,0,0,0,4,1,6,3,-1,-1,-1,-1,-1,-1,-1,-1
2015120157451,1,9,0,17,0,0,0,10,0,0,1,1,6,1,29,6,1600,1,8,-1,3,-1
2015120157451,2,9,0,18,0,0,0,0,1,0,1,1,6,1,47,8,1560,2,9,-1,1,-1
2015120157720,1,8,0,1,0,1,0,0,0,0,2,1,1,1,28,6,1560,2,-1,-1,1,-1
2015120157801,1,9,0,9,0,6,0,0,0,0,3,1,6,1,80,11,1956,2,2,-1,-1,-1
2015120157801,2,19,0,18,0,8,1,0,0,0,1,1,1,1,51,8,1560,2,1,-1,1,-1
2015120158111,1,9,0,4,0,1,0,0,0,0,2,1,6,1,52,8,1997,2,1,-1,-1,-1
2015120158111,2,3,0,18,0,1,0,0,0,0,1,1,6,1,20,4,124,1,5,-1,3,-1
2015120158375,1,4,0,17,0,0,1,0,1,11,3,1,6,1,78,11,249,1,9,-1,3,-1
2015120158432,1,9,0,4,0,0,0,0,0,0,1,1,6,2,39,7,1598,1,10,-1,1,-1
2015120158726,1,11,0,18,0,0,0,0,0,0,1,1,1,1,-1,-1,-1,-1,-1,-1,1,-1
2015120158738,1,9,0,7,0,1,0,0,0,0,1,1,2,2,44,7,1497,1,12,-1,1,-1
2015120158738,2,9,0,18,0,6,0,0,0,0,1,1,2,1,39,7,1870,2,11,-1,3,-1
2015120158997,1,9,0,18,0,8,0,0,0,0,1,1,6,2,49,8,2179,2,3,-1,2,-1
2015120158997,2,5,0,18,0,8,0,0,0,0,4,1,6,1,55,8,1137,1,8,-1,1,-1
2015120159069,1,9,0,18,0,1,0,0,0,0,1,1,6,3,-1,-1,1956,2,3,-1,-1,-1
2015120159069,2,9,0,18,0,1,0,0,0,0,3,1,3,1,38,7,1596,1,13,-1,1,-1
2015120159155,1,3,0,17,0,0,1,0,1,0,4,1,6,1,19,4,124,1,1,-1,-1,-1
2015120159187,1,9,0,13,0,6,0,0,0,0,1,1,6,1,71,10,1998,2,8,-1,1,-1
2015120159187,2,9,0,18,0,1,1,0,0,0,4,1,6,1,66,10,1951,2,12,-1,3,-1
2015120159216,1,9,0,4,0,0,0,0,0,0,1,1,6,1,87,11,998,1,1,-1,1,-1
2015120159413,1,9,0,5,0,4,0,0,0,0,1,1,3,2,41,7,1998,2,7,-1,-1,-1
2015120159413,2,1,0,18,4,8,0,0,0,0,3,1,2,2,24,5,-1,-1,-1,-1,1,-1