Accident_Index,Vehicle_Reference,Vehicle_Type,Towing_and_Articulation,Vehicle_Manoeuvre,Vehicle_Location-Restricted_Lane,Junction_Location,Skidding_and_Overturning,Hit_Object_in_Carriageway,Vehicle_Leaving_Carriageway,Hit_Object_off_Carriageway,1st_Point_of_Impact,Was_Vehicle_Left_Hand_Drive?,Journey_Purpose_of_Driver,Sex_of_Driver,Age_of_Driver,Age_Band_of_Driver,Engine_Capacity_(CC),Propulsion_Code,Age_of_Vehicle,Driver_IMD_Decile,Driver_Home_Area_Type,Vehicle_IMD_Decile
2015120174552,2,1,0,18,0,0,0,10,7,10,3,1,6,1,14,3,-1,-1,-1,-1,1,-1
2015120174927,1,9,0,18,0,1,0,0,7,11,1,1,6,1,48,8,1461,2,6,-1,1,-1
2015120174927,2,4,0,17,0,1,0,0,0,0,1,1,6,1,46,8,124,1,7,-1,3,-1
2015120175084,1,9,0,1,0,5,0,0,0,0,1,1,6,2,86,11,1598,1,9,-1,3,-1
2015120175206,1,9,0,5,0,2,0,10,0,10,1,1,2,2,20,4,-1,-1,-1,-1,-1,-1
2015120175287,1,11,0,2,0,0,0,0,0,0,0,1,1,2,62,9,11967,2,6,-1,-1,-1
2015120175555,1,9,0,18,0,0,0,0,0,0,1,1,6,2,18,4,1242,1,11,-1,2,-1
2015120175555,2,9,0,4,0,0,0,0,0,0,2,1,6,2,27,6,1149,1,9,-1,2,-1
2015120175555,3,9,0,4,0,0,0,0,0,0,2,1,6,1,23,5,1360,1,8,-1,1,-1
2015120175618,1,1,0,18,4,1,0,10,0,2,1,1,6,2,50,8,-1,-1,-1,-1,1,-1
2015120175632,1,9,0,4,0,0,0,0,0,0,1,1,6,1,82,11,2179,2,8,-1,1,-1
2015120175632,2,1,0,18,0,0,0,0,0,0,2,1,6,1,43,7,-1,-1,-1,-1,1,-1
2015120175659,1,1,0,18,0,0,0,0,0,0,0,1,6,1,55,8,-1,-1,-1,-1,1,-1
2015120175689,1,9,0,9,0,1,0,0,0,0,3,1,6,1,70,10,1560,2,-1,-1,2,-1
2015120175689,2,5,0,14,0,1,0,0,0,0,4,1,6,1,43,7,899,1,16,-1,1,-1
2015120175703,1,5,0,16,0,0,0,0,7,0,4,1,6,1,29,6,599,1,8,-1,1,-1
2015120175799,1,9,0,9,0,5,0,0,0,0,1,1,6,1,17,4,1368,1,9,-1,3,-1
2015120175799,2,9,0,18,0,8,0,0,1,10,3,1,2,1,66,10,-1,-1,-1,-1,1,-1
2015120176138,1,9,0,18,0,1,0,0,0,0,1,1,1,1,44,7,1783,1,12,-1,1,-1
2015120176138,2,9,0,18,0,1,0,0,0,0,2,1,6,2,74,10,1240,1,9,-1,2,-1
2015120176210,1,9,0,3,0,1,0,0,0,0,2,1,6,2,40,7,1896,2,9,-1,1,-1
2015120176210,2,9,0,18,0,1,0,0,0,0,1,1,6,1,70,10,1422,2,7,-1,1,-1
2015120176343,1,21,0,4,0,0,1,0,0,0,1,1,1,1,41,7,11116,2,9,-1,1,-1
2015120176343,2,9,0,18,0,0,0,0,0,0,1,1,2,1,23,5,1229,1,8,-1,1,-1
2015120176422,1,9,0,18,0,0,0,0,7,4,4,1,6,1,25,5,1796,1,11,-1,2,-1
2015120176444,1,9,0,15,0,0,0,0,0,0,1,1,6,2,30,6,998,1,7,-1,1,-1
2015120176444,2,11,0,2,0,0,0,0,0,0,0,1,6,3,-1,-1,-1,-1,-1,-1,-1,-1
2015120176480,1,9,0,9,0,8,1,0,0,0,1,1,6,2,28,6,1598,1,7,-1,1,-1
2015120176480,2,3,0,3,0,1,0,0,0,0,1,1,6,1,41,7,125,1,2,-1,1,-1
2015120176687,1,9,0,15,0,4,0,0,0,0,1,1,6,1,30,6,1229,1,3,-1,3,-1
2015120176687,2,9,0,18,0,8,0,0,0,0,2,1,6,2,36,7,1798,1,14,-1,1,-1
2015120176760,1,9,0,18,0,0,0,0,0,0,1,1,1,1,51,8,-1,-1,-1,-1,1,-1
2015120176809,1,9,0,18,0,1,0,0,7,10,3,1,6,2,18,4,1198,1,3,-1,3,-1
2015120176809,2,9,0,4,0,8,0,0,2,10,3,1,2,1,31,6,1995,2,8,-1,2,-1
2015120176845,1,1,0,5,0,0,0,0,0,0,0,1,6,2,94,11,-1,-1,-1,-1,-1,-1
2015120177081,1,1,0,16,0,2,1,0,7,10,1,1,6,1,44,7,-1,-1,-1,-1,1,-1
2015120177228,1,9,0,14,0,0,0,4,0,0,4,1,6,1,24,5,1299,1,11,-1,3,-1
2015120177228,2,9,0,2,0,0,0,4,0,0,3,1,6,1,-1,-1,-1,-1,-1,-1,-1,-1
2015120177228,3,9,0,2,0,0,0,0,0,0,2,1,6,2,-1,-1,1910,2,7,-1,-1,-1
2015120177233,1,9,0,9,0,3,0,0,7,11,1,1,6,2,57,9,1199,1,16,-1,1,-1
2015120177233,2,9,0,18,0,4,0,0,0,0,0,1,6,1,20,4,1000,1,-1,-1,3,-1
2015120177482,1,19,0,18,0,0,0,0,0,0,1,1,1,1,20,4,2143,2,-1,-1,1,-1
2015120177482,2,9,0,4,0,0,0,0,0,0,2,1,1,1,20,4,1598,1,10,-1,1,-1
2015120177565,1,21,0,17,0,0,0,0,0,0,3,1,1,1,45,7,3920,2,9,-1,2,-1
2015120177565,2,21,0,16,0,0,0,0,0,0,3,1,1,1,36,7,9300,2,16,-1,3,-1
2015120177609,1,9,0,18,0,0,0,0,0,0,1,1,2,2,23,5,1397,1,7,-1,1,-1
2015120177782,1,9,0,14,0,0,0,0,0,0,1,1,2,1,45,7,1597,1,15,-1,2,-1
2015120177782,2,9,0,2,0,0,0,0,0,7,2,1,6,2,32,6,1995,2,10,-1,1,-1
2015120177928,1,9,0,17,0,1,0,0,1,4,1,1,6,1,50,8,1590,1,15,-1,1,-1
2015120177962,1,9,0,18,0,0,1,0,5,6,1,1,6,1,19,4,1229,1,3,-1,1,-1
2015120178013,1,9,0,13,0,0,0,0,7,11,1,1,6,1,61,9,1997,2,-1,-1,1,-1
2015120178013,2,9,0,18,0,0,0,0,1,9,1,1,2,1,48,8,2401,2,7,-1,3,-1
2015120178013,3,19,0,18,0,0,0,0,0,0,3,1,1,1,33,6,6870,2,3,-1,1,-1
2015120178050,1,9,0,10,0,1,0,0,0,0,2,1,1,1,35,6,1149,1,11,-1,1,-1
2015120178050,2,9,0,18,0,1,0,0,0,0,1,1,6,3,44,7,1997,2,5,-1,1,-1
2015120178281,1,9,0,18,0,0,0,0,0,0,1,1,6,1,-1,-1,-1,-1,-1,-1,-1,-1
2015120178366,1,9,0,18,0,8,0,0,0,0,4,1,6,2,44,7,1398,1,1,-1,1,-1
2015120178366,2,5,0,18,0,8,0,0,0,0,1,1,6,1,61,9,865,1,5,-1,2,-1
2015120178373,1,9,0,6,0,0,0,0,0,0,3,1,6,1,42,7,1242,1,1,-1,1,-1
2015120178373,2,5,0,18,0,0,0,0,7,9,1,1,6,1,56,9,999,1,1,-1,2,-1
2015120178446,1,9,0,18,0,0,0,0,0,0,1,1,6,2,32,6,1598,2,3,-1,-1,-1
2015120178641,1,9,0,9,0,8,0,0,0,0,1,1,6,1,24,5,1560,2,4,-1,-1,-1
2015120178641,2,1,0,4,0,1,0,0,0,0,1,1,6,2,54,8,-1,-1,-1,-1,1,-1
2015120179109,1,9,0,15,0,0,0,0,1,9,1,1,1,1,30,6,1598,1,8,-1,1,-1
2015120179109,2,9,0,15,0,0,0,0,0,0,0,1,6,3,-1,-1,-1,-1,-1,-1,-1,-1
2015120179143,1,9,0,11,0,0,0,0,0,0,1,1,6,1,22,5,1800,1,21,-1,3,-1
2015120179143,2,9,0,3,0,0,0,0,0,0,2,1,6,2,53,8,1998,2,10,-1,1,-1
2015120179472,1,9,0,18,0,0,2,0,2,10,1,1,6,2,31,6,1248,2,5,-1,1,-1
2015120179483,1,2,0,18,0,2,0,0,0,0,0,1,6,2,47,8,49,1,4,-1,1,-1
2015120179511,1,19,0,18,0,1,0,0,0,0,4,1,6,1,42,7,2500,2,14,-1,-1,-1
2015120179511,2,9,0,9,0,6,0,0,0,0,1,1,6,2,60,9,1969,2,-1,-1,-1,-1
2015120179654,1,3,0,17,0,0,0,10,1,0,1,1,6,1,18,4,125,1,2,-1,1,-1
2015120179683,1,5,0,18,0,0,0,0,0,0,3,1,6,1,38,7,675,1,1,-1,1,-1
2015120179799,1,9,0,14,0,0,0,0,0,0,4,1,6,1,61,9,2495,2,13,-1,3,-1
2015120179799,2,1,0,18,0,0,0,0,0,0,3,1,6,1,52,8,-1,-1,-1,-1,3,-1
2015120179894,1,9,0,9,0,6,0,0,0,0,3,1,2,1,18,4,1198,1,2,-1,3,-1
2015120179894,2,9,0,18,0,8,0,0,0,0,1,1,6,1,48,8,1686,2,4,-1,1,-1
2015120180032,1,8,0,18,0,0,0,0,0,0,1,1,1,1,33,6,-1,-1,-1,-1,1,-1
2015120180075,1,9,0,18,0,2,0,4,0,0,1,1,2,1,32,6,1388,1,10,-1,1,-1
2015120180075,2,8,0,9,0,1,0,0,0,0,1,1,1,1,30,6,1896,2,6,-1,-1,-1
2015120180075,3,9,0,2,0,1,0,0,0,0,2,1,6,2,57,9,2198,2,7,-1,1,-1
2015120180141,1,9,0,13,0,0,0,0,0,0,4,1,6,3,30,6,-1,-1,-1,-1,-1,-1
2015120180141,2,1,0,18,0,0,0,0,0,0,3,1,6,2,24,5,-1,-1,-1,-1,1,-1
2015120180141,3,19,0,18,0,0,0,0,0,0,0,1,6,3,50,8,-1,-1,-1,-1,-1,-1
2015120180169,1,1,0,17,0,0,0,0,0,0,0,1,6,1,24,5,-1,-1,-1,-1,2,-1
2015120180255,1,9,0,10,0,1,0,0,7,0,3,1,6,2,42,7,1968,2,1,-1,1,-1
2015120180255,2,90,0,18,0,1,0,0,7,0,1,1,1,2,43,7,-1,-1,-1,-1,2,-1
2015120180310,1,9,0,1,0,0,0,0,7,9,1,1,6,2,46,8,1497,8,1,-1,1,-1
2015120180310,2,9,0,18,0,0,0,0,0,0,2,1,6,1,66,10,1242,1,6,-1,1,-1
2015120180489,1,5,0,17,0,0,0,0,0,0,3,1,6,2,37,7,696,1,5,-1,1,-1
2015120180492,1,9,0,18,0,8,0,0,0,0,3,1,6,2,34,6,1597,1,10,-1,1,-1
2015120180588,1,9,0,18,0,2,0,0,1,0,1,1,6,2,25,5,1390,1,6,-1,-1,-1
2015120180588,2,1,0,9,0,2,0,0,0,0,2,1,6,1,20,4,-1,-1,-1,-1,1,-1
2015120180656,1,1,0,9,0,6,0,0,0,0,1,1,6,1,23,5,-1,-1,-1,-1,-1,-1
2015120180656,2,9,0,18,0,1,0,0,0,0,3,1,6,3,-1,-1,-1,-1,-1,-1,-1,-1
2015120180768,1,9,0,17,0,0,0,0,1,4,4,1,6,1,70,10,-1,-1,-1,-1,3,-1
2015120180804,1,5,0,17,0,0,0,0,0,0,3,1,6,1,56,9,1085,1,13,-1,1,-1
2015120180862,1,9,0,9,0,6,0,0,0,0,4,1,6,1,65,9,1969,2,-1,-1,3,-1
2015120180862,2,1,0,18,0,1,0,0,0,0,3,1,6,1,65,9,-1,-1,-1,-1,3,-1
2015120181354,1,9,0,18,0,0,0,0,0,0,1,1,6,2,58,9,1596,1,13,-1,1,-1
2015120181354,2,9,0,2,0,0,0,0,0,0,2,1,1,2,20,4,1560,2,-1,-1,-1,-1
2015120181385,1,9,0,9,0,6,0,0,1,0,4,1,6,2,72,10,-1,-1,-1,-1,3,-1
2015120181385,2,9,0,18,0,8,0,0,4,0,1,1,6,1,23,5,1242,1,6,-1,1,-1
2015120181385,3,9,0,18,0,8,0,0,0,0,3,1,6,2,31,6,1560,2,8,-1,3,-1
2015120181453,1,9,0,16,0,0,1,0,0,0,2,1,6,2,23,5,1299,1,8,-1,1,-1
2015120181453,2,9,0,17,0,0,0,0,0,0,1,1,6,3,31,6,1124,1,11,-1,1,-1
2015120181479,1,9,0,6,0,0,0,0,0,0,1,1,6,1,55,8,1984,1,-1,-1,1,-1
2015120181479,2,2,0,18,0,0,1,0,0,0,1,1,6,1,27,6,49,1,4,-1,1,-1
2015120181582,1,9,0,16,0,0,0,0,8,10,3,1,6,1,79,11,1229,1,5,-1,1,-1
2015120181736,1,9,0,18,0,0,0,0,0,0,1,1,6,3,50,8,-1,-1,-1,-1,-1,-1
2015120181749,1,1,0,18,4,8,0,0,0,0,1,1,2,1,64,9,-1,-1,-1,-1,1,-1
2015120181749,2,9,0,9,0,5,0,0,0,0,1,1,6,3,-1,-1,-1,-1,-1,-1,-1,-1
2015120181769,1,1,0,10,0,8,0,0,0,0,0,1,6,2,19,4,-1,-1,-1,-1,1,-1
2015120181769,2,9,0,18,0,8,0,0,0,0,1,1,6,1,-1,-1,-1,-1,-1,-1,-1,-1
2015120181893,1,9,0,17,0,0,5,0,1,0,1,1,2,1,22,5,1299,1,10,-1,1,-1
2015120182012,1,21,0,2,0,0,0,0,0,0,0,1,1,1,28,6,-1,-1,-1,-1,1,-1
2015120182012,2,90,0,18,0,0,0,11,0,0,0,1,6,3,-1,-1,-1,-1,-1,-1,-1,-1
2015120182161,1,19,0,18,0,8,0,0,0,0,1,1,1,1,28,6,2143,2,2,-1,1,-1
2015120182161,2,2,0,9,0,8,0,0,0,0,1,1,4,1,16,4,49,1,5,-1,3,-1
2015120182445,1,5,0,4,7,0,0,10,0,0,1,1,6,1,52,8,598,1,22,-1,1,-1
2015120182594,1,9,0,9,0,6,0,0,0,0,1,1,6,2,33,6,1598,1,9,-1,1,-1
2015120182594,2,9,0,18,0,8,0,0,7,4,4,1,2,2,67,10,1198,1,6,-1,1,-1
2015120182613,1,17,2,7,0,3,0,0,0,0,0,1,1,1,24,5,6788,2,1,-1,3,-1
2015120182613,2,9,0,18,0,4,0,0,0,0,3,1,2,1,42,7,1968,2,2,-1,1,-1
2015120182656,1,9,0,18,0,3,0,0,0,0,1,1,6,1,79,11,1398,1,10,-1,2,-1
2015120182656,2,8,0,18,0,3,1,0,0,0,1,1,6,1,49,8,-1,-1,-1,-1,1,-1
2015120182748,1,9,0,18,0,7,0,0,0,11,4,1,1,1,22,5,1598,2,-1,-1,-1,-1
2015120182748,2,9,0,18,0,8,0,0,0,0,3,1,6,1,61,9,1968,2,8,-1,1,-1
2015120182757,1,9,0,3,0,8,0,0,0,0,2,1,6,2,21,5,998,1,12,-1,1,-1
2015120182757,2,9,0,18,0,8,0,0,0,0,1,1,6,1,34,6,1149,1,11,-1,2,-1
2015120183099,1,9,0,13,0,0,0,0,0,0,1,1,6,2,72,10,1896,2,8,-1,1,-1
2015120183099,2,9,0,18,0,0,0,0,7,0,1,1,6,2,83,11,1798,1,11,-1,2,-1
2015120183099,3,9,0,18,0,0,0,0,1,0,1,1,2,1,47,8,1968,2,5,-1,1,-1
2015120183332,1,9,0,10,0,1,0,0,0,0,4,1,6,1,46,8,1242,1,1,-1,1,-1
2015120183332,2,8,0,18,0,8,0,0,0,0,1,1,3,1,54,8,1997,2,5,-1,3,-1
2015120183351,1,19,0,1,0,0,0,0,0,0,2,1,1,2,90,11,2143,2,-1,-1,2,-1
2015120183470,1,9,0,5,0,2,0,0,0,0,3,1,6,1,82,11,1589,1,17,-1,3,-1
2015120183470,2,9,0,18,0,1,0,0,0,0,1,1,2,2,60,9,1399,2,7,-1,1,-1
2015120183606,1,9,0,9,0,6,0,0,0,0,3,1,6,1,31,6,999,1,2,-1,1,-1
2015120183606,2,1,0,18,0,8,0,0,0,0,1,1,2,1,31,6,-1,-1,-1,-1,1,-1
2015120183654,1,2,0,18,0,0,0,0,0,0,1,1,1,1,16,4,-1,-1,-1,-1,1,-1
2015120183654,2,9,0,18,0,0,0,0,0,0,2,1,1,1,34,6,2000,2,4,-1,1,-1
2015120183670,1,9,0,14,0,0,0,4,0,0,1,1,6,1,20,4,1587,1,15,-1,1,-1
2015120183670,2,20,0,2,0,0,0,0,0,0,2,1,6,1,62,9,2402,2,4,-1,3,-1
2015120183670,3,9,0,4,0,0,0,0,0,0,0,1,6,1,25,5,-1,-1,-1,-1,1,-1
2015120183675,1,11,0,2,0,0,0,0,0,0,0,1,1,1,51,8,-1,-1,-1,-1,1,-1
2015120183780,1,8,0,18,0,0,0,0,0,0,3,1,1,1,53,8,2148,2,6,-1,1,-1
2015120183797,1,9,0,17,0,0,0,0,2,4,4,1,6,1,43,7,2495,2,14,-1,1,-1
2015120183900,1,9,0,17,0,0,5,0,1,11,1,1,2,2,20,4,-1,-1,-1,-1,-1,-1
2015120183975,1,9,0,18,0,6,0,0,0,0,4,1,6,1,84,11,3200,2,10,-1,3,-1
2015120183975,2,9,0,18,0,8,0,0,0,0,1,1,6,2,37,7,2400,2,5,-1,3,-1
2015120184165,1,9,0,7,0,8,0,0,0,0,4,1,6,2,28,6,1560,2,7,-1,1,-1
2015120184165,2,11,0,18,2,1,0,0,0,0,1,1,1,1,45,7,-1,-1,-1,-1,1,-1
2015120184257,1,1,0,18,0,0,0,0,1,0,3,1,6,1,13,3,-1,-1,-1,-1,3,-1
2015120184257,2,9,0,18,0,0,1,0,0,0,1,1,6,1,45,7,1591,1,6,-1,1,-1
2015120184367,1,9,0,18,0,0,0,0,0,0,1,1,6,1,68,10,1497,8,7,-1,1,-1
2015120184367,2,9,0,18,0,0,0,0,0,0,1,1,6,2,59,9,2393,1,4,-1,2,-1
2015120184737,1,9,0,4,0,0,0,0,0,0,1,1,6,1,37,7,1686,2,4,-1,2,-1
2015120184737,2,9,0,4,0,0,0,0,0,0,2,1,6,1,41,7,-1,-1,-1,-1,2,-1
2015120184737,3,9,0,18,0,0,0,0,0,0,2,1,6,1,21,5,1796,1,9,-1,2,-1
2015120184836,1,9,0,18,0,0,0,0,0,0,4,1,6,2,20,4,1360,1,6,-1,3,-1
2015120184836,2,1,0,12,0,0,0,0,0,0,3,1,6,1,15,3,-1,-1,-1,-1,1,-1
2015120184859,1,9,0,9,0,6,0,0,3,0,3,1,6,2,94,11,1339,1,8,-1,1,-1
2015120184859,2,9,0,18,0,8,0,0,0,0,1,1,6,2,64,9,1242,1,7,-1,1,-1
2015120185273,1,9,0,18,0,0,0,0,1,11,1,1,6,1,90,11,998,1,15,-1,2,-1
2015120185273,2,19,0,18,0,0,0,0,0,0,4,1,6,1,34,6,1753,2,8,-1,3,-1
2015120185273,3,20,0,2,0,0,0,0,0,0,2,1,6,3,58,9,4250,2,3,-1,1,-1
2015120185479,1,9,0,17,0,0,0,0,1,1,1,1,6,1,72,10,1796,1,11,-1,1,-1
2015120185754,1,9,0,18,0,1,0,0,0,0,1,1,6,2,53,8,1386,1,6,-1,1,-1
2015120185754,2,9,0,9,0,5,0,0,0,0,1,1,6,2,23,5,1386,1,8,-1,1,-1
2015120185785,1,11,0,18,0,8,0,0,0,0,3,1,1,1,48,8,7300,2,7,-1,1,-1
2015120185785,2,9,0,9,0,6,0,0,0,0,4,1,6,1,26,6,1798,1,12,-1,1,-1
2015120185827,1,17,4,16,0,0,0,0,0,0,0,1,6,3,-1,-1,-1,-1,-1,-1,-1,-1
2015120185827,2,9,0,17,0,0,0,0,0,0,0,1,6,3,-1,-1,-1,-1,-1,-1,-1,-1
2015120185827,3,1,0,16,0,0,0,0,1,0,0,1,6,2,51,8,-1,-1,-1,-1,3,-1
2015120185968,1,21,0,18,0,0,0,0,0,0,1,1,1,1,46,8,3920,2,10,-1,3,-1
2015120186310,1,9,0,18,0,0,0,4,0,0,4,1,6,1,83,11,1975,1,12,-1,3,-1
2015120186310,2,9,0,2,0,0,0,4,0,0,3,1,6,3,-1,-1,999,1,2,-1,3,-1
2015120186310,3,9,0,2,0,0,0,0,0,0,2,1,6,3,-1,-1,1197,1,-1,-1,3,-1
2015120186396,1,3,0,4,0,1,1,0,0,0,4,1,6,1,17,4,-1,-1,-1,-1,2,-1
2015120186414,1,9,0,9,0,6,0,0,3,0,3,1,2,1,39,7,2993,2,-1,-1,3,-1
2015120186414,2,8,0,18,0,1,0,0,0,0,1,1,1,1,45,7,1796,1,10,-1,2,-1
2015120186431,1,19,0,18,0,0,0,0,1,9,1,1,2,1,26,6,2198,2,1,-1,1,-1
2015120186431,2,9,0,18,0,0,0,0,0,0,0,1,6,3,-1,-1,-1,-1,-1,-1,-1,-1
2015120186437,1,11,0,18,0,6,0,0,0,0,1,1,1,1,75,10,6700,2,14,-1,1,-1
2015120186437,2,19,0,18,0,8,0,0,1,0,4,1,1,1,48,8,-1,-1,-1,-1,1,-1
2015120186437,3,9,0,9,0,5,0,0,0,0,0,1,6,3,-1,-1,-1,-1,-1,-1,-1,-1
2015120186437,4,9,0,3,0,1,0,0,0,0,0,1,6,3,-1,-1,-1,-1,-1,-1,-1,-1
2015120186695,1,9,0,5,8,0,0,0,0,0,1,1,6,2,79,11,1329,1,2,-1,2,-1
2015120186695,2,9,0,18,0,0,0,0,0,0,4,1,6,2,48,8,1198,1,4,-1,2,-1
2015120186717,1,9,0,18,0,1,0,0,0,0,1,1,6,1,81,11,1598,2,6,-1,3,-1
2015120186848,1,9,0,9,0,2,0,0,0,0,1,1,6,1,68,10,1396,1,1,-1,1,-1
2015120187069,1,4,0,14,0,8,0,0,0,0,1,1,6,1,19,4,299,1,-1,-1,3,-1
2015120187069,2,19,0,6,0,8,0,0,0,0,1,1,6,1,33,6,1998,1,17,-1,1,-1
2015120187078,1,9,0,18,0,1,5,0,1,0,3,1,2,1,25,5,1398,1,1,-1,1,-1
2015120187167,1,1,0,18,0,1,0,0,0,0,4,1,6,1,44,7,-1,-1,-1,-1,1,-1
2015120187167,2,9,0,18,0,6,0,0,0,0,1,1,6,3,-1,-1,-1,-1,-1,-1,-1,-1
2015120187473,1,9,0,18,0,0,0,0,0,0,4,1,6,3,-1,-1,-1,-1,-1,-1,-1,-1
2015120187569,1,9,0,9,0,5,0,0,0,0,1,1,6,1,41,7,2179,2,7,-1,-1,-1
2015120187569,2,1,0,7,0,6,0,0,0,0,1,1,6,1,36,7,-1,-1,-1,-1,1,-1
2015120187575,1,9,0,18,0,0,5,0,0,0,4,1,6,1,48,8,998,1,2,-1,3,-1
2015120187575,2,19,4,18,0,0,0,0,0,0,0,2,6,1,30,6,-1,-1,-1,-1,-1,-1
2015120187609,1,9,0,3,0,0,0,0,0,0,3,1,6,2,41,7,1299,1,14,-1,1,-1
2015120187609,2,9,0,1,0,0,0,0,0,0,2,1,6,1,-1,-1,1896,2,11,-1,1,-1
2015120187844,1,19,0,17,0,2,2,0,7,0,3,1,6,1,24,5,2151,2,12,-1,2,-1
2015120187844,2,9,0,17,0,1,0,0,0,0,4,1,6,3,61,9,1998,1,-1,-1,1,-1
2015120188010,1,9,0,18,0,0,0,0,1,9,4,1,6,2,46,8,1910,2,13,-1,1,-1
2015120188011,1,9,0,18,0,1,0,0,0,0,1,1,6,2,31,6,-1,-1,-1,-1,3,-1
2015120188011,2,3,0,4,0,1,0,0,0,0,2,1,6,2,19,4,125,1,2,-1,1,-1
2015120188011,3,9,0,4,0,1,0,0,0,0,0,1,6,3,-1,-1,-1,-1,-1,-1,-1,-1
2015120188011,4,9,0,9,0,1,0,0,0,0,0,1,6,3,-1,-1,-1,-1,-1,-1,-1,-1
2015120188519,1,1,0,17,0,0,0,0,0,0,1,1,2,1,21,5,-1,-1,-1,-1,1,-1
2015120188595,1,1,0,18,0,3,0,0,0,0,3,1,6,1,31,6,-1,-1,-1,-1,1,-1
2015120188595,2,9,0,9,0,4,0,0,0,0,1,1,6,1,24,5,1242,1,7,-1,1,-1
2015120188638,1,9,3,13,0,0,0,0,0,0,1,1,6,1,58,9,1997,2,-1,-1,1,-1
2015120188638,2,1,0,18,0,0,0,0,0,0,2,1,6,1,52,8,-1,-1,-1,-1,3,-1
2015120188810,1,9,0,18,0,0,1,12,7,9,1,1,2,2,41,7,1598,1,8,-1,1,-1
2015120188941,1,9,0,18,0,0,0,4,0,0,1,1,6,1,68,10,1598,1,-1,-1,1,-1
2015120188941,2,9,0,2,0,0,0,0,0,0,2,1,6,1,38,7,1870,2,9,-1,1,-1
2015120188941,3,9,0,2,0,0,0,0,0,0,2,1,6,1,27,6,1499,1,6,-1,1,-1
2015120188945,1,9,0,16,0,0,1,0,1,3,1,1,6,1,19,4,1360,1,27,-1,2,-1
2015120188979,1,9,0,16,0,0,0,0,1,11,1,1,6,1,29,6,1796,1,15,-1,1,-1
2015120189114,1,9,0,16,0,0,1,0,1,11,1,1,6,1,19,4,1199,1,11,-1,2,-1
2015120189308,1,9,0,18,0,0,0,0,0,11,1,1,6,2,25,5,1329,1,3,-1,-1,-1
2015120189308,2,9,0,18,0,0,0,0,0,0,1,1,6,2,44,7,1997,2,-1,-1,2,-1
2015120189630,1,1,0,18,0,0,0,0,7,0,1,1,6,1,49,8,-1,-1,-1,-1,1,-1
2015120189630,2,9,0,2,0,0,0,0,0,0,0,1,6,2,44,7,2993,2,5,-1,1,-1
2015120189734,1,1,0,18,0,0,0,0,0,0,2,1,6,1,22,5,-1,-1,-1,-1,1,-1
2015120189734,2,9,0,18,0,0,0,0,0,0,1,1,6,3,-1,-1,-1,-1,-1,-1,-1,-1
2015120189756,1,9,0,16,0,0,0,0,0,0,1,1,2,1,25,5,1399,2,6,-1,2,-1
2015120189756,2,9,0,17,0,0,0,0,0,0,1,1,2,1,43,7,1956,2,3,-1,3,-1
2015120189946,1,9,0,18,0,0,5,0,1,4,4,1,6,1,40,7,1497,1,12,-1,1,-1
2015120190071,1,9,0,7,0,1,0,0,0,0,4,1,6,2,38,7,1896,2,13,-1,-1,-1
2015120190071,2,1,0,15,0,1,0,0,0,0,1,1,6,1,23,5,-1,-1,-1,-1,1,-1
2015120190382,1,9,0,2,0,0,0,7,0,0,2,1,6,2,25,5,1598,1,5,-1,2,-1
2015120190528,1,9,0,13,0,0,1,0,0,11,4,1,2,1,37,7,1248,2,1,-1,2,-1
2015120190528,2,9,0,13,0,0,2,0,0,11,3,1,2,2,34,6,1951,2,9,-1,2,-1
2015120190585,1,9,0,9,0,8,0,0,0,0,1,1,6,1,80,11,1769,1,13,-1,1,-1
2015120190585,2,1,0,17,0,8,0,0,0,0,3,1,6,1,38,7,-1,-1,-1,-1,3,-1
2015120190641,1,21,1,12,0,7,0,0,0,0,1,1,1,1,49,8,12777,2,3,-1,2,-1
2015120190641,2,9,0,12,0,7,0,0,0,0,2,1,6,2,49,8,1997,2,10,-1,3,-1
2015120190759,1,11,0,18,0,3,0,0,0,0,0,1,1,1,60,9,9360,2,7,-1,1,-1
2015120190760,1,9,4,13,0,0,0,0,0,0,4,1,6,3,-1,-1,-1,-1,-1,-1,-1,-1
2015120190760,2,1,0,18,0,0,0,0,0,0,3,1,6,1,56,9,-1,-1,-1,-1,3,-1
2015120190820,1,9,0,18,0,1,0,0,0,0,3,1,6,1,-1,-1,-1,-1,-1,-1,-1,-1
2015120190873,1,90,0,14,0,0,0,0,0,0,4,1,6,1,78,11,-1,-1,-1,-1,2,-1
2015120190873,2,9,0,2,0,0,0,0,0,0,3,1,6,1,48,8,-1,-1,-1,-1,1,-1
2015120190875,1,9,0,10,0,4,0,0,0,0,2,1,6,1,25,5,1753,2,15,-1,2,-1
2015120190875,2,9,0,4,0,4,0,0,0,0,1,1,6,1,48,8,1560,2,6,-1,-1,-1
2015120191184,1,11,0,5,0,0,0,0,0,0,0,1,1,1,56,9,-1,-1,-1,-1,1,-1
2015120191186,1,9,0,9,0,5,0,0,0,0,1,1,6,1,51,8,1896,2,13,-1,3,-1
2015120191186,2,9,0,18,0,8,0,0,1,1,4,1,6,1,77,11,1997,2,4,-1,1,-1