Accident_Index,Vehicle_Reference,Vehicle_Type,Towing_and_Articulation,Vehicle_Manoeuvre,Vehicle_Location-Restricted_Lane,Junction_Location,Skidding_and_Overturning,Hit_Object_in_Carriageway,Vehicle_Leaving_Carriageway,Hit_Object_off_Carriageway,1st_Point_of_Impact,Was_Vehicle_Left_Hand_Drive?,Journey_Purpose_of_Driver,Sex_of_Driver,Age_of_Driver,Age_Band_of_Driver,Engine_Capacity_(CC),Propulsion_Code,Age_of_Vehicle,Driver_IMD_Decile,Driver_Home_Area_Type,Vehicle_IMD_Decile
2015120191235,1,9,0,5,0,6,0,0,0,0,3,1,6,2,90,11,1994,1,7,-1,1,-1
2015120191235,2,9,0,18,0,1,0,0,0,0,1,1,6,2,43,7,1242,1,4,-1,1,-1
2015120191249,1,11,0,18,0,8,0,0,0,0,4,1,1,1,31,6,-1,-1,-1,-1,2,-1
2015120191249,2,9,0,18,0,8,0,0,0,0,1,1,6,2,-1,-1,-1,-1,-1,-1,-1,-1
2015120191770,1,9,0,9,8,1,0,0,0,0,2,1,6,1,46,8,1339,1,6,-1,1,-1
2015120191770,2,9,0,15,0,1,0,0,0,0,1,1,6,1,25,5,1951,2,12,-1,1,-1
2015120191924,1,9,0,9,0,6,0,0,0,0,1,1,6,2,83,11,1364,1,7,-1,1,-1
2015120191924,2,9,0,18,0,8,0,0,1,0,4,1,6,1,47,8,1998,1,7,-1,2,-1
2015120192034,1,3,0,7,0,5,0,0,0,0,1,1,6,1,18,4,125,1,2,-1,1,-1
2015120192034,2,9,0,18,0,1,0,0,0,0,1,1,6,2,-1,-1,-1,-1,-1,-1,-1,-1
2015120192068,1,9,0,18,0,0,0,0,0,0,1,1,6,3,28,6,1399,2,12,-1,3,-1
2015120192068,2,9,0,2,0,0,0,0,0,0,2,1,6,1,27,6,1975,1,14,-1,2,-1
2015120192317,1,2,0,17,0,0,1,0,0,0,3,1,2,2,36,7,49,1,1,-1,3,-1
2015120192345,1,3,0,14,0,1,0,0,0,0,1,1,2,1,20,4,125,1,-1,-1,1,-1
2015120192345,2,19,0,9,0,6,0,0,0,0,3,1,1,1,45,7,2198,2,-1,-1,-1,-1
2015120192379,1,4,0,18,0,0,0,0,0,0,0,1,6,1,60,9,197,1,25,-1,1,-1
2015120192434,1,9,0,1,0,1,0,0,0,0,2,1,2,2,50,8,1998,1,11,-1,2,-1
2015120192466,1,9,0,16,0,0,0,0,2,10,1,1,1,2,45,7,1598,1,15,-1,1,-1
2015120192466,2,9,0,17,0,0,0,0,1,9,1,1,6,1,42,7,1968,2,5,-1,1,-1
2015120192537,1,9,0,13,0,1,5,0,7,9,4,1,6,1,35,6,1198,1,1,-1,1,-1
2015120192537,2,17,4,9,0,5,0,0,7,0,3,1,1,1,52,8,-1,2,7,-1,-1,-1
2015120192843,1,9,0,9,0,6,0,0,0,0,1,2,6,1,-1,-1,-1,-1,-1,-1,-1,-1
2015120193158,1,9,0,17,0,3,0,0,0,0,1,1,6,3,49,8,1597,2,1,-1,1,-1
2015120193158,2,1,0,17,0,3,0,0,0,0,2,1,6,1,57,9,-1,-1,-1,-1,1,-1
2015120193172,1,1,0,18,0,0,0,0,0,0,0,1,2,1,28,6,-1,-1,-1,-1,1,-1
2015120193172,2,9,0,18,0,0,0,0,0,0,4,1,6,3,62,9,1685,2,1,-1,1,-1
2015120193184,1,9,0,18,0,0,5,0,5,6,3,1,6,1,21,5,1598,1,12,-1,1,-1
2015120193294,1,9,0,18,0,1,0,0,0,0,1,1,6,2,34,6,1390,1,5,-1,1,-1
2015120193294,2,19,0,3,0,1,0,0,0,0,1,1,6,1,44,7,1461,2,5,-1,2,-1
2015120193294,3,19,0,3,0,1,0,0,0,0,2,1,6,1,24,5,-1,-1,-1,-1,1,-1
2015120193351,1,9,0,9,0,8,0,0,0,0,1,1,6,2,24,5,1242,1,17,-1,1,-1
2015120193351,2,3,0,18,0,5,0,0,0,0,1,1,6,1,24,5,124,1,-1,-1,3,-1
2015120193458,1,9,0,7,0,8,0,0,0,0,0,1,6,1,50,8,1984,1,11,-1,1,-1
2015120193458,2,1,0,3,0,8,0,0,0,0,0,1,6,1,37,7,-1,-1,-1,-1,2,-1
2015120193870,1,9,0,18,0,8,0,0,0,0,3,1,2,1,52,8,1679,1,14,-1,2,-1
2015120193870,2,5,0,9,0,8,0,0,0,0,1,1,6,1,20,4,645,1,9,-1,-1,-1
2015120193944,1,9,0,18,0,0,1,0,7,0,1,1,6,2,50,8,998,1,6,-1,1,-1
2015120193944,2,1,0,18,0,0,0,0,0,0,1,1,6,1,44,7,-1,-1,-1,-1,1,-1
2015120194070,1,9,0,18,0,0,0,0,0,0,3,1,6,1,44,7,2204,2,9,-1,3,-1
2015120194070,2,5,0,13,0,0,0,0,0,0,4,1,6,1,57,9,800,1,1,-1,1,-1
2015120194117,1,8,0,5,0,2,0,0,0,0,1,1,1,1,22,5,1998,2,9,-1,1,-1
2015120194128,1,9,0,18,0,8,0,0,8,11,1,1,6,1,19,4,1300,1,20,-1,1,-1
2015120194128,2,9,0,9,0,6,0,0,0,0,1,1,6,2,30,6,1598,1,7,-1,3,-1
2015120194128,3,9,0,18,0,1,0,0,0,0,0,1,6,1,21,5,1998,1,16,-1,1,-1
2015120194254,1,9,0,9,0,6,0,0,0,0,1,1,6,1,18,4,1598,1,5,-1,1,-1
2015120194254,2,9,0,18,0,8,0,0,0,0,4,1,6,1,82,11,1329,1,3,-1,1,-1
2015120194254,3,9,0,18,0,1,0,0,0,0,1,1,6,1,36,7,1998,1,8,-1,1,-1
2015120194473,1,90,0,16,0,0,2,0,1,11,1,2,1,1,24,5,6370,2,11,-1,-1,-1
2015120194496,1,9,0,18,0,0,0,0,0,0,1,1,2,1,38,7,1870,2,13,-1,1,-1
2015120194496,2,9,0,18,0,0,0,0,0,0,2,1,2,1,50,8,2967,2,3,-1,3,-1
2015120194542,1,9,0,18,0,0,0,0,0,0,1,1,1,2,53,8,1598,1,-1,-1,3,-1
2015120194542,2,9,0,18,0,0,0,0,1,0,1,1,1,2,37,7,1240,1,12,-1,1,-1
2015120194688,1,3,0,16,0,0,1,0,7,0,1,1,6,1,42,7,125,1,1,-1,1,-1
2015120194688,2,17,0,17,0,0,0,10,0,0,3,1,1,1,52,8,6728,2,8,-1,3,-1
2015120194755,1,9,0,18,0,1,0,0,0,0,1,1,6,1,-1,-1,-1,-1,-1,-1,-1,-1
2015120194755,2,9,0,3,0,1,0,0,0,0,2,1,6,2,38,7,1299,1,8,-1,1,-1
2015120194843,1,9,0,9,0,6,0,0,0,0,0,1,6,3,-1,-1,-1,-1,-1,-1,-1,-1
2015120194843,2,90,0,18,0,8,0,0,0,0,1,1,1,1,63,9,-1,-1,-1,-1,1,-1
2015120194843,3,9,0,18,0,1,0,0,0,0,1,1,6,1,44,7,-1,-1,-1,-1,1,-1
2015120194843,4,9,0,18,0,1,0,0,0,0,1,1,1,2,24,5,1229,1,5,-1,1,-1
2015120194846,1,1,0,18,0,6,0,0,0,0,4,1,6,1,12,3,-1,-1,-1,-1,2,-1
2015120194846,2,9,0,18,0,1,0,0,0,0,1,1,2,1,52,8,-1,-1,-1,-1,2,-1
2015120194936,1,9,0,18,0,1,0,0,3,1,1,1,6,2,19,4,1595,1,12,-1,1,-1
2015120195064,1,9,0,17,0,0,1,0,7,4,1,1,2,1,28,6,1686,2,10,-1,1,-1
2015120195140,1,19,0,18,0,0,0,0,0,0,1,1,1,1,30,6,2143,2,1,-1,1,-1
2015120195140,2,9,0,3,0,0,0,0,0,0,2,1,2,1,61,9,1991,2,8,-1,1,-1
2015120195140,3,9,0,3,0,0,0,0,0,0,2,1,6,1,25,5,1679,1,14,-1,1,-1
2015120195147,1,9,0,18,0,0,0,0,0,0,1,1,6,1,-1,-1,-1,-1,-1,-1,-1,-1
2015120195147,2,22,0,18,0,0,5,0,0,0,4,1,6,2,48,8,-1,-1,-1,-1,1,-1
2015120195331,1,5,0,16,0,0,1,12,0,0,1,1,6,1,55,8,1700,1,8,-1,3,-1
2015120195514,1,9,0,5,0,4,0,0,0,0,1,1,6,2,40,7,1422,2,6,-1,3,-1
2015120195514,2,9,0,3,0,8,0,0,0,0,2,1,2,2,64,9,1360,1,16,-1,3,-1
2015120195519,1,9,0,18,0,1,0,0,0,0,1,1,2,2,49,8,1598,2,1,-1,1,-1
2015120195519,2,9,0,4,0,1,0,0,0,0,2,1,6,2,58,9,1560,2,2,-1,3,-1
2015120195519,3,9,0,4,0,1,0,0,0,0,0,1,6,3,-1,-1,-1,-1,-1,-1,-1,-1
2015120195526,1,9,0,18,0,0,0,0,7,0,1,1,6,2,51,8,1229,1,10,-1,3,-1
2015120195721,1,21,1,16,0,4,0,0,0,0,4,1,1,1,50,8,12777,2,-1,-1,1,-1
2015120195721,2,9,0,16,0,4,0,0,0,0,3,1,2,1,48,8,1992,2,8,-1,-1,-1
2015120195725,1,21,1,9,0,5,0,0,0,0,4,2,1,1,44,7,-1,-1,-1,-1,-1,-1
2015120195725,2,19,0,18,0,1,0,0,0,0,1,1,6,2,55,8,-1,-1,-1,-1,3,-1
2015120195743,1,9,0,16,0,0,2,10,1,11,4,1,1,2,23,5,1328,1,5,-1,3,-1
2015120195862,1,19,0,18,0,6,0,0,0,0,1,1,1,1,27,6,2198,2,-1,-1,2,-1
2015120195862,2,9,0,18,0,1,0,0,0,0,1,1,6,2,69,10,1242,1,3,-1,3,-1
2015120196061,1,9,0,13,0,1,5,0,1,9,2,1,6,1,50,8,1198,1,2,-1,1,-1
2015120196061,2,9,0,9,0,5,0,0,0,0,4,1,6,1,50,8,1242,1,3,-1,1,-1
2015120196073,1,9,0,18,0,0,0,0,0,0,1,1,6,3,58,9,-1,-1,-1,-1,1,-1
2015120196073,2,1,0,18,0,0,0,0,0,0,1,1,6,1,17,4,-1,-1,-1,-1,1,-1
2015120196123,1,1,0,4,9,1,0,0,0,0,1,1,3,1,6,2,-1,-1,-1,-1,1,-1
2015120196123,2,9,0,9,0,2,0,0,0,0,2,1,6,1,24,5,1998,1,13,-1,1,-1
2015120196254,1,9,0,3,0,0,0,0,0,0,2,1,6,1,36,7,2000,2,5,-1,2,-1
2015120196254,2,9,0,3,0,0,0,0,0,0,2,1,6,1,21,5,1998,1,10,-1,3,-1
2015120196254,3,9,0,3,0,0,0,0,1,0,2,1,6,1,44,7,1997,2,10,-1,1,-1
2015120196254,4,9,0,18,0,0,0,0,0,0,1,1,6,1,76,11,1868,2,12,-1,1,-1
2015120196254,5,9,0,18,0,0,0,0,0,0,1,1,6,1,27,6,1995,2,8,-1,1,-1
2015120196360,1,9,0,18,0,4,0,0,3,1,1,1,6,1,47,8,1389,1,15,-1,1,-1
2015120196569,1,19,0,18,0,0,0,0,0,0,1,1,1,1,37,7,1560,2,2,-1,2,-1
2015120196569,2,20,1,18,0,0,0,0,0,0,2,1,1,1,59,9,-1,-1,-1,-1,1,-1
2015120196728,1,9,0,18,0,0,0,0,0,0,1,1,6,2,35,6,-1,-1,-1,-1,3,-1
2015120196728,2,9,0,1,0,0,0,0,0,0,1,1,6,2,49,8,1896,2,11,-1,3,-1
2015120196776,1,9,0,9,0,1,0,0,0,0,3,1,6,1,25,5,-1,-1,-1,-1,3,-1
2015120196776,2,9,0,18,0,1,0,0,0,0,1,1,1,1,56,9,1598,2,-1,-1,2,-1
2015120196789,1,9,0,18,0,4,0,0,0,0,1,1,1,2,34,6,1199,1,14,-1,1,-1
2015120196789,2,9,0,9,0,3,0,0,0,0,3,1,6,1,43,7,1560,2,11,-1,2,-1
2015120196987,1,9,0,9,0,5,0,0,1,0,1,1,6,1,17,4,1229,1,7,-1,3,-1
2015120196987,2,9,0,18,0,8,0,0,0,0,1,1,6,1,24,5,1999,1,7,-1,3,-1
2015120197056,1,9,0,16,0,0,1,0,6,4,4,1,2,1,62,9,1299,1,11,-1,1,-1
2015120197220,1,11,0,12,0,0,0,0,0,0,0,1,2,1,39,7,-1,-1,-1,-1,1,-1
2015120197277,1,9,0,18,0,0,2,0,1,10,1,1,6,1,23,5,1598,1,13,-1,1,-1
2015120197277,2,9,0,18,0,0,0,0,0,0,0,1,1,1,28,6,1968,2,3,-1,1,-1
2015120197441,1,9,0,5,0,8,0,0,0,0,1,1,2,2,41,7,1995,2,11,-1,2,-1
2015120197441,2,3,0,7,0,3,0,0,0,0,2,1,2,1,21,5,125,1,9,-1,2,-1
2015120197464,1,1,0,18,0,8,0,0,0,0,0,1,6,1,22,5,-1,-1,-1,-1,1,-1
2015120197464,2,9,0,9,0,8,0,0,0,0,0,1,6,3,-1,-1,-1,-1,-1,-1,-1,-1
2015120197533,1,1,0,18,0,6,0,0,0,0,3,1,6,1,15,3,-1,-1,-1,-1,3,-1
2015120197533,2,9,0,18,0,1,0,0,0,0,1,1,6,1,22,5,1390,1,16,-1,1,-1
2015120197555,1,3,0,5,0,0,1,0,0,0,4,1,6,1,35,6,125,1,-1,-1,2,-1
2015120197635,1,9,0,16,0,5,1,0,3,11,1,1,6,1,27,6,1198,1,3,-1,1,-1
2015120197721,1,9,0,17,0,0,0,0,1,4,1,1,6,1,25,5,1390,1,14,-1,1,-1
2015120197749,1,9,0,17,0,0,1,0,1,11,1,1,6,1,17,4,1200,1,13,-1,1,-1
2015120197753,1,3,0,18,0,1,0,0,7,0,4,1,2,1,60,9,125,1,-1,-1,3,-1
2015120197753,2,19,0,10,0,1,0,0,0,0,3,1,1,1,29,6,2143,2,3,-1,3,-1
2015120197753,3,9,0,7,0,6,0,0,0,0,3,1,6,1,64,9,1999,2,-1,-1,3,-1
2015120197821,1,9,0,18,0,8,0,0,0,0,1,1,6,1,31,6,2171,1,13,-1,1,-1
2015120197821,2,19,0,18,0,8,0,0,0,0,2,1,6,1,55,8,-1,-1,-1,-1,1,-1
2015120197821,3,9,0,18,0,8,0,0,0,0,1,1,6,1,61,9,-1,-1,-1,-1,1,-1
2015120197853,1,9,0,5,0,4,0,0,0,0,1,1,6,1,75,10,1798,8,2,-1,2,-1
2015120197853,2,1,0,18,0,3,0,0,0,0,4,1,2,1,35,6,-1,-1,-1,-1,3,-1
2015120197900,1,9,0,1,0,6,0,0,0,0,2,1,6,3,50,8,-1,-1,-1,-1,-1,-1
2015120197960,1,3,0,18,0,0,0,0,0,0,0,1,1,1,44,7,124,1,4,-1,1,-1
2015120197990,1,9,0,4,0,5,0,0,0,0,2,1,6,2,25,5,1248,2,9,-1,-1,-1
2015120197990,2,9,0,4,0,5,0,0,0,0,1,1,6,1,25,5,1798,1,6,-1,1,-1
2015120198081,1,19,0,18,0,0,0,0,0,0,4,1,6,1,26,6,1998,2,12,-1,1,-1
2015120198121,1,9,0,3,0,8,0,0,0,0,2,1,6,2,73,10,973,1,15,-1,1,-1
2015120198121,2,1,0,18,0,8,0,0,0,0,1,1,6,1,18,4,-1,-1,-1,-1,1,-1
2015120198165,1,1,0,4,0,8,1,0,0,0,1,1,6,1,32,6,-1,-1,-1,-1,1,-1
2015120198165,2,9,0,9,0,8,0,0,0,0,3,1,6,1,19,4,1229,1,10,-1,1,-1
2015120198183,1,19,0,18,0,0,0,0,0,0,1,1,6,1,27,6,1753,2,7,-1,3,-1
2015120198202,1,9,0,18,0,0,0,0,0,0,1,1,6,1,37,7,1896,2,7,-1,-1,-1
2015120198505,1,9,0,4,0,1,0,0,0,0,2,1,6,2,48,8,1397,1,7,-1,1,-1
2015120198505,2,19,0,18,0,1,0,0,0,0,1,1,1,1,22,5,2500,2,10,-1,1,-1
2015120198521,1,9,0,16,0,8,0,0,0,0,3,1,2,2,22,5,1398,1,4,-1,1,-1
2015120198521,2,1,0,18,0,8,0,0,0,0,4,1,6,1,25,5,-1,-1,-1,-1,1,-1
2015120198685,1,9,0,17,0,1,0,12,3,11,1,1,2,1,45,7,1956,2,5,-1,1,-1
2015120198772,1,9,0,5,0,4,0,0,0,0,1,1,6,2,20,4,1998,1,12,-1,2,-1
2015120198772,2,9,0,18,0,8,0,0,0,0,4,1,6,1,27,6,1968,2,4,-1,3,-1
2015120198934,1,9,0,18,0,0,0,0,7,0,1,1,6,1,67,10,1598,1,3,-1,2,-1
2015120198934,2,9,0,18,0,0,0,0,1,0,1,1,6,2,54,8,1560,2,-1,-1,-1,-1
2015120199022,1,9,0,4,0,0,0,0,1,0,4,1,1,2,24,5,1229,1,4,-1,2,-1
2015120199050,1,5,0,17,0,1,0,0,0,0,3,1,6,1,33,6,1050,1,2,-1,1,-1
2015120199050,2,9,0,16,0,1,0,0,0,0,3,1,6,3,-1,-1,-1,-1,-1,-1,-1,-1
2015120199180,1,9,0,10,0,1,0,0,0,0,1,1,6,2,46,8,1587,1,10,-1,1,-1
2015120199180,2,3,0,18,0,1,0,0,0,0,1,1,6,1,17,4,-1,-1,-1,-1,2,-1
2015120199206,1,21,0,18,0,0,1,0,0,0,1,1,1,1,48,8,12902,2,2,-1,1,-1
2015120199206,2,9,0,18,0,0,0,0,0,0,2,1,6,1,33,6,1968,2,7,-1,3,-1
2015120199206,3,9,0,18,0,0,0,0,0,0,0,1,6,3,-1,-1,-1,-1,-1,-1,-1,-1
2015120199208,1,9,0,18,0,1,0,0,7,4,1,1,2,2,55,8,1364,1,5,-1,3,-1
2015120199208,2,9,0,18,0,2,0,0,0,0,1,1,2,2,60,9,1586,1,-1,-1,2,-1
2015120199336,1,9,0,16,0,0,0,0,0,0,1,1,6,1,48,8,1999,1,8,-1,1,-1
2015120199336,2,9,0,17,0,0,0,0,0,0,1,1,6,2,40,7,1798,1,9,-1,2,-1
2015120199547,1,23,0,18,0,0,0,0,0,0,0,1,6,1,28,6,-1,-1,-1,-1,2,-1
2015120199547,2,21,1,18,0,0,0,0,0,0,0,1,6,3,40,7,-1,-1,-1,-1,-1,-1
2015120199835,1,1,0,18,0,0,0,0,0,0,1,1,6,1,20,4,-1,-1,-1,-1,1,-1
2015120199835,2,9,0,18,0,0,0,0,0,0,1,1,6,3,59,9,4554,1,20,-1,3,-1
2015120199837,1,9,0,18,0,8,0,0,0,0,1,1,6,1,18,4,1360,1,10,-1,1,-1
2015120199837,2,9,0,9,0,6,0,0,0,0,3,1,6,2,42,7,-1,-1,-1,-1,3,-1
2015120199970,1,5,0,18,0,1,0,0,7,0,1,1,6,1,29,6,675,1,9,-1,1,-1
2015120199970,2,9,0,9,0,1,0,0,0,0,1,1,6,1,25,5,1995,2,8,-1,1,-1
2015120200065,1,9,0,9,0,6,0,0,0,0,3,1,6,1,23,5,-1,-1,-1,-1,1,-1
2015120200065,2,1,0,18,4,1,0,0,0,0,1,1,6,2,23,5,-1,-1,-1,-1,1,-1
2015120200119,1,19,0,5,0,2,0,0,0,0,2,1,6,1,19,4,1870,2,11,-1,1,-1
2015120200119,2,9,0,5,0,2,0,0,0,0,1,1,6,3,87,11,-1,-1,-1,-1,3,-1
2015120200436,1,9,0,3,0,4,0,0,0,0,2,1,6,2,44,7,1149,1,13,-1,3,-1
2015120200436,2,9,0,4,0,4,0,0,0,0,2,1,6,2,-1,-1,1198,1,10,-1,1,-1
2015120200605,1,9,0,18,0,0,0,0,0,0,1,1,3,2,72,10,1896,2,9,-1,2,-1
2015120200605,2,9,0,2,0,0,0,0,0,0,2,1,6,2,55,8,-1,-1,-1,-1,3,-1
2015120200671,1,9,0,16,0,0,0,0,0,0,1,1,6,1,25,5,1198,1,7,-1,1,-1
2015120200671,2,9,0,18,0,0,0,0,0,0,3,1,6,1,77,11,1396,1,5,-1,3,-1
2015120200683,1,5,0,18,0,1,0,0,0,0,1,1,1,1,30,6,599,1,18,-1,3,-1
2015120200683,2,9,0,9,0,1,0,0,0,0,3,1,1,2,58,9,1968,2,3,-1,3,-1
2015120200828,1,19,0,17,0,0,5,0,8,11,1,1,2,2,19,4,2500,2,6,-1,3,-1
2015120201065,1,9,0,9,0,8,0,0,0,0,3,1,2,1,48,8,1248,2,1,-1,1,-1
2015120201065,2,9,0,18,0,8,0,0,0,0,1,1,6,2,83,11,1360,1,7,-1,1,-1
2015120201097,1,9,0,3,0,2,0,0,0,0,4,1,3,2,35,6,1598,2,3,-1,1,-1
2015120201274,1,9,0,18,0,8,0,0,0,0,1,1,2,2,48,8,1997,2,12,-1,1,-1
2015120201420,1,9,0,18,0,0,0,0,0,0,1,1,2,1,21,5,1242,1,5,-1,1,-1
2015120201420,2,21,0,18,0,0,0,0,0,0,2,1,1,1,49,8,4249,2,1,-1,1,-1
2015120201493,1,9,0,5,0,4,0,0,0,0,3,1,1,1,59,9,-1,-1,-1,-1,3,-1
2015120201493,2,1,0,17,4,8,0,0,0,0,4,1,2,2,50,8,-1,-1,-1,-1,1,-1
2015120201550,1,9,0,17,0,0,0,0,8,11,4,1,6,2,76,11,1498,1,3,-1,1,-1
2015120201550,2,19,0,18,0,0,0,0,0,0,4,1,6,1,78,11,1753,2,11,-1,1,-1
2015120201577,1,9,0,9,0,4,0,0,0,0,4,1,1,1,29,6,-1,-1,-1,-1,1,-1
2015120201577,2,1,0,9,0,8,0,0,0,0,3,1,1,1,34,6,-1,-1,-1,-1,1,-1
2015120201635,1,9,0,18,0,0,2,7,1,6,3,1,6,2,21,5,998,1,7,-1,1,-1
2015120201925,1,9,0,18,0,8,0,0,0,0,1,1,6,1,23,5,1368,1,8,-1,1,-1
2015120201925,2,19,0,5,0,7,0,0,0,0,1,1,6,1,24,5,1998,2,12,-1,1,-1
2015120202384,1,9,0,7,0,6,1,0,0,0,1,1,6,2,29,6,1198,1,10,-1,1,-1
2015120202384,2,9,0,10,0,1,0,0,0,0,4,1,6,2,46,8,1991,2,12,-1,1,-1
2015120202454,1,9,0,3,0,0,0,0,0,0,2,1,6,2,52,8,1395,1,-1,-1,1,-1
2015120202454,2,9,0,18,0,0,0,0,0,0,1,1,1,1,43,7,-1,-1,-1,-1,1,-1
2015120202503,1,9,0,9,0,2,0,0,0,0,1,1,6,2,26,6,1686,2,11,-1,1,-1
2015120202525,1,9,0,11,0,1,0,0,0,10,0,1,6,2,48,8,-1,-1,-1,-1,1,-1
2015120202525,2,9,0,12,0,1,0,0,0,0,0,1,6,1,66,10,1229,1,4,-1,1,-1
2015120202525,3,9,0,18,0,1,1,0,1,4,1,1,6,1,46,8,-1,-1,-1,-1,2,-1
2015120202527,1,9,0,18,0,8,0,0,0,0,1,1,6,1,31,6,1598,2,-1,-1,1,-1
2015120202527,2,9,0,18,0,8,0,0,0,0,2,1,6,1,24,5,1998,1,7,-1,2,-1
2015120202601,1,9,0,10,0,1,0,0,1,9,2,1,6,2,44,7,1360,1,9,-1,2,-1
2015120202601,2,19,0,18,0,1,0,0,0,0,1,1,6,1,25,5,4250,2,14,-1,3,-1
2015120202601,3,9,0,18,0,1,0,0,0,0,1,1,6,1,35,6,1973,1,17,-1,1,-1
2015120202692,1,9,0,16,0,0,5,0,7,1,1,1,6,1,24,5,998,1,-1,-1,3,-1
2015120202922,1,9,0,18,0,1,0,0,1,1,1,1,6,2,51,8,1390,1,4,-1,1,-1
2015120202947,1,9,0,9,0,8,0,0,0,0,3,1,6,2,24,5,1596,1,8,-1,3,-1
2015120202947,2,9,0,18,0,8,0,0,0,0,1,1,6,1,56,9,1968,2,1,-1,1,-1
2015120203070,1,19,0,4,0,0,1,0,0,0,1,1,6,1,19,4,1598,2,-1,-1,1,-1
2015120203070,2,9,0,4,0,0,0,0,0,0,2,1,6,2,52,8,898,1,1,-1,1,-1
2015120203070,3,9,0,4,0,0,0,0,0,0,2,1,6,1,32,6,1198,1,6,-1,3,-1
2015120203070,4,9,0,4,0,0,0,0,0,0,2,1,6,1,25,5,1398,1,3,-1,-1,-1
2015120203370,1,19,0,18,0,0,0,0,0,0,1,1,2,2,46,8,-1,-1,-1,-1,3,-1
2015120203370,2,9,0,6,0,0,0,0,1,0,1,1,2,1,55,8,-1,-1,-1,-1,2,-1
2015120203430,1,11,0,18,0,8,0,0,0,0,0,1,1,1,63,9,-1,-1,-1,-1,-1,-1
2015120203443,1,9,0,5,0,8,0,0,0,0,1,1,3,2,56,9,1389,1,10,-1,1,-1
2015120203554,1,9,0,9,0,8,0,0,0,0,1,1,6,1,69,10,1997,2,-1,-1,3,-1
2015120203554,2,5,0,18,0,8,0,0,7,1,1,1,2,1,42,7,600,1,12,-1,3,-1
2015120203734,1,19,0,1,0,0,0,0,0,0,2,1,1,1,44,7,-1,-1,-1,-1,1,-1
2015120203885,1,9,0,5,0,6,0,0,0,0,1,1,6,1,80,11,-1,-1,-1,-1,3,-1
2015120203885,2,9,0,18,0,1,1,0,7,10,4,1,6,2,35,6,1956,2,3,-1,-1,-1
2015120203887,1,3,0,13,0,1,1,0,0,0,1,1,2,1,21,5,124,1,9,-1,3,-1
2015120203887,2,9,0,9,0,5,0,0,0,0,3,1,6,1,57,9,1996,1,19,-1,1,-1
2015120203980,1,19,0,18,0,0,0,0,7,9,3,1,6,1,26,6,1753,2,7,-1,1,-1
2015120204336,1,11,0,2,0,0,0,0,0,0,4,1,1,1,49,8,-1,-1,-1,-1,1,-1
2015120204373,1,3,0,18,0,0,1,0,7,0,1,1,2,1,18,4,-1,-1,-1,-1,1,-1
2015120204496,1,9,0,9,0,5,0,0,0,0,1,1,6,1,70,10,2143,2,1,-1,3,-1
2015120204496,2,1,0,10,0,1,0,0,0,0,4,1,6,1,20,4,-1,-1,-1,-1,3,-1
2015120204498,1,9,0,18,0,0,0,0,0,0,1,1,6,1,68,10,1998,2,-1,-1,2,-1
2015120204498,2,19,0,18,0,0,0,0,0,0,1,1,1,1,42,7,-1,-1,-1,-1,-1,-1
2015120204651,1,9,0,13,0,0,0,0,0,0,4,1,2,2,52,8,1998,1,10,-1,1,-1
2015120204651,2,1,0,18,0,0,0,0,0,0,3,1,2,2,53,8,-1,-1,-1,-1,1,-1
2015120204774,1,11,0,9,0,8,0,0,0,0,4,1,6,1,-1,-1,-1,-1,-1,-1,-1,-1
2015120204840,1,9,0,18,0,1,0,0,0,0,1,1,6,1,67,10,-1,-1,-1,-1,3,-1
2015120205123,1,1,0,18,0,0,0,0,0,0,4,1,2,1,26,6,-1,-1,-1,-1,1,-1
2015120205123,2,19,0,18,0,0,0,0,0,0,1,1,6,1,43,7,2198,2,-1,-1,1,-1
2015120205316,1,9,0,10,0,1,0,0,1,0,3,1,6,1,18,4,1197,1,4,-1,3,-1
2015120205316,2,9,0,18,0,8,1,0,0,0,1,1,6,1,22,5,1988,1,12,-1,3,-1
2015120205350,1,9,0,18,0,0,0,0,0,0,1,1,1,1,34,6,1198,1,9,-1,1,-1
2015120205350,2,9,0,4,0,0,0,0,0,0,2,1,2,2,26,6,1995,2,12,-1,1,-1
2015120205350,3,9,0,4,0,0,0,0,0,0,2,1,2,2,22,5,1686,2,2,-1,1,-1
2015120205350,4,9,0,4,0,0,0,0,0,0,0,1,6,3,-1,-1,1984,1,4,-1,-1,-1
2015120205351,1,20,0,16,0,0,0,12,0,0,1,1,1,2,47,8,-1,-1,-1,-1,1,-1
2015120205351,2,20,0,16,0,0,0,12,0,0,1,1,1,1,50,8,3920,2,10,-1,1,-1
2015120205391,1,9,0,5,0,4,0,0,0,0,2,1,1,2,23,5,1149,1,-1,-1,1,-1
2015120205391,2,19,0,4,0,4,0,0,0,0,1,1,2,1,24,5,1870,2,9,-1,1,-1
2015120205452,1,11,0,3,0,8,0,0,0,0,0,1,1,1,37,7,-1,-1,-1,-1,1,-1
2015120205466,1,5,0,17,0,0,1,0,0,0,1,1,2,1,21,5,1130,1,15,-1,3,-1
2015120205466,2,9,0,16,0,0,0,0,0,0,1,1,2,2,33,6,1149,1,12,-1,1,-1