Accident_Index,Vehicle_Reference,Vehicle_Type,Towing_and_Articulation,Vehicle_Manoeuvre,Vehicle_Location-Restricted_Lane,Junction_Location,Skidding_and_Overturning,Hit_Object_in_Carriageway,Vehicle_Leaving_Carriageway,Hit_Object_off_Carriageway,1st_Point_of_Impact,Was_Vehicle_Left_Hand_Drive?,Journey_Purpose_of_Driver,Sex_of_Driver,Age_of_Driver,Age_Band_of_Driver,Engine_Capacity_(CC),Propulsion_Code,Age_of_Vehicle,Driver_IMD_Decile,Driver_Home_Area_Type,Vehicle_IMD_Decile
2015120205553,1,3,0,18,0,0,1,0,0,0,0,1,6,1,74,10,89,1,22,-1,3,-1
2015120205586,1,21,0,16,0,0,5,0,0,6,3,1,1,1,39,7,12900,2,3,-1,-1,-1
2015120205678,1,9,0,16,0,0,0,0,1,1,1,1,6,1,68,10,999,1,13,-1,1,-1
2015120205759,1,3,0,18,0,0,0,0,0,0,1,1,6,1,32,6,125,1,-1,-1,3,-1
2015120205781,1,9,0,9,0,6,0,0,0,0,1,1,6,1,37,7,3628,2,5,-1,1,-1
2015120205781,2,2,0,18,0,1,0,0,0,0,1,1,6,1,25,5,49,1,8,-1,1,-1
2015120205838,1,19,0,5,0,6,0,0,0,0,3,1,2,1,52,8,2488,2,12,-1,2,-1
2015120205838,2,9,0,18,0,8,0,0,1,4,1,1,2,2,32,6,1461,2,-1,-1,3,-1
2015120205855,1,19,0,18,0,0,0,0,1,11,1,1,1,1,27,6,-1,-1,-1,-1,2,-1
2015120205855,2,19,0,18,0,0,0,0,1,11,3,1,1,1,48,8,1560,2,-1,-1,3,-1
2015120206004,1,9,0,9,0,8,0,0,0,0,1,1,2,1,62,9,1753,2,7,-1,1,-1
2015120206004,2,1,0,18,0,1,0,0,0,0,3,1,6,2,23,5,-1,-1,-1,-1,1,-1
2015120206429,1,9,0,18,0,1,0,0,0,0,3,1,6,1,69,10,1242,1,4,-1,2,-1
2015120206429,2,1,0,9,0,1,0,0,0,0,4,1,6,1,30,6,-1,-1,-1,-1,1,-1
2015120206440,1,1,0,18,0,0,0,0,0,0,1,1,2,1,18,4,-1,-1,-1,-1,1,-1
2015120206440,2,9,0,13,0,0,0,0,0,0,4,1,6,3,-1,-1,-1,-1,-1,-1,-1,-1
2015120206654,1,9,0,9,0,1,0,0,0,0,1,1,6,1,24,5,1086,1,11,-1,1,-1
2015120206654,2,8,0,18,0,1,0,0,0,0,4,1,1,1,29,6,898,1,1,-1,1,-1
2015120206759,1,9,0,18,0,1,0,11,1,0,0,1,6,1,52,8,1560,2,2,-1,1,-1
2015120206759,2,20,0,18,0,1,0,11,0,0,0,1,1,1,41,7,5193,2,7,-1,3,-1
2015120206765,1,9,0,17,0,0,1,0,2,10,1,1,2,1,35,6,1248,2,7,-1,1,-1
2015120206877,1,9,0,18,0,0,0,11,0,0,1,1,6,1,21,5,1769,2,24,-1,3,-1
2015120206964,1,3,0,18,0,0,0,0,0,0,1,1,1,1,26,6,124,1,13,-1,3,-1
2015120206964,2,9,0,3,0,0,0,0,0,0,2,1,6,2,29,6,2976,1,11,-1,1,-1
2015120207105,1,9,0,18,0,6,0,0,0,0,1,1,6,1,69,10,-1,-1,-1,-1,1,-1
2015120207107,1,9,0,3,0,1,0,0,0,0,2,1,2,2,19,4,-1,-1,-1,-1,1,-1
2015120207107,2,9,0,18,0,1,0,0,0,0,1,1,6,2,22,5,1199,1,11,-1,2,-1
2015120207162,1,9,0,18,0,0,1,0,0,6,1,1,2,2,17,4,1299,1,10,-1,1,-1
2015120207342,1,9,0,18,0,0,0,0,0,0,3,1,6,1,70,10,1390,1,7,-1,3,-1
2015120207342,2,9,0,2,0,0,0,0,0,0,4,1,6,2,40,7,1498,1,1,-1,1,-1
2015120207355,1,9,0,18,0,0,0,0,2,10,1,1,1,1,35,6,1968,2,1,-1,1,-1
2015120207355,2,9,0,18,0,0,0,0,4,6,2,1,6,2,20,4,1149,1,14,-1,1,-1
2015120207355,3,9,0,18,0,0,0,1,0,0,1,1,6,1,51,8,2993,2,9,-1,3,-1
2015120207506,1,9,0,18,0,0,1,0,8,4,1,1,6,1,19,4,-1,-1,-1,-1,-1,-1
2015120207597,1,9,0,7,0,0,0,0,8,7,1,1,6,2,24,5,1598,1,12,-1,3,-1
2015120207718,1,2,0,18,0,0,1,0,0,0,3,1,2,1,18,4,-1,-1,-1,-1,3,-1
2015120207998,1,9,0,9,0,8,0,0,0,0,2,1,6,2,41,7,1197,1,-1,-1,1,-1
2015120207998,2,1,0,5,0,1,0,0,0,0,4,1,6,1,39,7,-1,-1,-1,-1,1,-1
2015120208151,1,9,0,14,0,2,0,0,0,0,1,1,6,2,35,6,1896,2,13,-1,2,-1
2015120208151,2,11,0,2,0,2,0,0,0,0,2,1,1,1,55,8,7300,2,14,-1,1,-1
2015120208296,1,9,0,18,0,1,0,0,0,0,1,1,6,3,-1,-1,-1,-1,-1,-1,-1,-1
2015120208296,2,9,0,3,0,1,0,0,0,0,2,1,1,2,28,6,999,1,3,-1,1,-1
2015120208299,1,9,0,4,0,1,0,0,0,0,2,1,6,2,48,8,999,1,4,-1,1,-1
2015120208299,2,19,0,4,0,1,0,0,0,0,1,1,1,1,58,9,-1,-1,-1,-1,1,-1
2015120208494,1,9,0,17,0,0,0,0,1,4,1,1,1,1,35,6,2993,2,3,-1,2,-1
2015120208637,1,9,0,4,0,1,0,0,0,0,1,1,6,1,19,4,1368,1,6,-1,1,-1
2015120208637,2,9,0,3,0,1,0,0,0,0,2,1,6,2,50,8,-1,-1,-1,-1,1,-1
2015120208775,1,5,0,18,0,0,0,0,0,0,1,1,6,1,19,4,1284,1,8,-1,1,-1
2015120208990,1,9,0,18,0,0,0,0,0,0,4,1,2,1,34,6,1149,1,11,-1,1,-1
2015120208990,2,1,0,10,0,0,0,0,0,0,3,1,6,1,22,5,-1,-1,-1,-1,1,-1
2015120209044,1,9,0,9,0,8,0,0,0,0,1,1,6,2,53,8,1299,1,13,-1,1,-1
2015120209044,2,9,0,18,0,8,0,0,0,0,1,1,6,1,50,8,1595,1,17,-1,1,-1
2015120209177,1,9,0,2,0,2,0,0,0,0,0,1,2,1,49,8,1986,2,9,-1,2,-1
2015120209177,2,9,0,18,0,1,0,0,0,0,1,1,2,1,25,5,1124,1,13,-1,2,-1
2015120209177,3,9,0,6,0,8,0,0,0,0,2,1,1,2,35,6,2993,2,-1,-1,3,-1
2015120209251,1,9,0,4,0,1,0,0,0,0,1,1,6,1,34,6,1995,2,7,-1,2,-1
2015120209251,2,9,0,4,0,1,0,0,0,0,2,1,6,2,84,11,1242,1,9,-1,2,-1
2015120209365,1,1,0,18,0,0,0,0,0,0,3,1,6,2,24,5,-1,-1,-1,-1,1,-1
2015120209365,2,9,4,18,0,0,0,0,0,0,3,1,6,3,-1,-1,-1,-1,-1,-1,-1,-1
2015120209407,1,9,0,13,0,0,0,0,4,6,1,1,6,2,54,8,-1,-1,-1,-1,1,-1
2015120209407,2,21,1,18,0,0,0,0,0,0,0,1,1,1,56,9,10677,2,-1,-1,1,-1
2015120209551,1,9,0,13,0,1,0,0,7,4,4,1,2,1,25,5,-1,-1,-1,-1,1,-1
2015120209551,2,9,0,9,0,1,0,0,7,0,3,1,6,1,60,9,1598,2,1,-1,-1,-1
2015120209559,1,9,0,18,0,1,0,0,0,0,3,1,1,2,35,6,1796,1,7,-1,3,-1
2015120209559,2,19,0,5,0,6,0,0,0,0,1,1,6,1,68,10,-1,-1,-1,-1,3,-1
2015120209655,1,19,0,18,0,1,0,0,0,0,1,1,6,1,24,5,1248,2,-1,-1,-1,-1
2015120209655,2,9,0,18,0,1,0,0,0,0,2,1,6,2,45,7,1951,2,12,-1,1,-1
2015120209697,1,9,0,18,0,0,5,0,2,11,1,1,6,1,78,11,998,1,2,-1,3,-1
2015120209827,1,19,0,18,0,8,0,0,0,0,1,1,3,1,29,6,3198,2,-1,-1,1,-1
2015120209827,2,9,0,18,0,8,0,0,0,0,2,1,6,2,30,6,1598,1,7,-1,1,-1
2015120210167,1,9,0,9,0,5,0,0,0,0,1,1,6,2,58,9,1499,1,-1,-1,3,-1
2015120210167,2,9,0,18,0,8,0,0,0,0,1,1,6,1,79,11,1596,1,6,-1,1,-1
2015120210239,1,1,0,18,0,8,0,0,0,0,2,1,1,1,16,4,-1,-1,-1,-1,1,-1
2015120210239,2,9,0,18,0,4,0,0,0,0,1,1,6,3,-1,-1,-1,-1,-1,-1,-1,-1
2015120210481,1,9,0,7,0,3,1,0,0,0,1,1,1,2,21,5,1398,2,9,-1,1,-1
2015120210481,2,21,1,18,0,1,0,0,0,0,0,1,1,1,24,5,-1,-1,-1,-1,1,-1
2015120210723,1,9,0,18,0,8,0,0,0,0,3,2,6,2,24,5,-1,-1,-1,-1,3,-1
2015120210741,1,1,0,18,0,1,0,0,0,0,1,1,2,1,23,5,-1,-1,-1,-1,1,-1
2015120210741,2,9,0,18,0,1,0,0,0,0,2,1,6,2,57,9,1796,1,8,-1,1,-1
2015120211073,1,19,0,16,0,0,5,0,2,11,1,1,1,1,67,10,2287,2,3,-1,3,-1
2015120211094,1,9,0,1,0,1,0,0,0,0,4,1,6,1,69,10,1197,1,-1,-1,1,-1
2015120211094,2,9,0,2,0,1,0,0,0,0,0,1,6,2,57,9,1589,1,17,-1,3,-1
2015120211151,1,9,0,3,0,0,0,0,0,0,1,1,6,1,32,6,-1,-1,-1,-1,3,-1
2015120211151,2,9,0,3,0,0,0,0,0,0,2,1,6,2,58,9,1149,1,15,-1,1,-1
2015120211239,1,9,0,18,0,0,0,0,0,0,1,1,6,3,-1,-1,-1,-1,-1,-1,-1,-1
2015120211315,1,9,0,3,0,1,0,0,0,0,2,1,6,1,45,7,1753,2,7,-1,3,-1
2015120211315,2,9,0,4,0,1,1,0,0,0,1,1,6,2,76,11,1061,1,9,-1,3,-1
2015120211325,1,9,0,18,0,1,0,0,0,0,1,1,6,1,22,5,1598,1,12,-1,-1,-1
2015120211325,2,9,0,18,0,1,0,0,1,0,1,1,6,1,34,6,1798,8,-1,-1,1,-1
2015120211325,3,9,0,3,0,1,0,0,0,0,3,1,6,1,33,6,2199,2,1,-1,2,-1
2015120211361,1,9,0,9,0,8,0,0,0,0,3,1,1,1,37,7,1896,2,14,-1,-1,-1
2015120211361,2,3,0,9,0,8,0,0,0,0,2,1,2,1,26,6,125,1,-1,-1,1,-1
2015120211489,1,9,0,3,0,1,0,0,0,0,4,1,6,1,22,5,1598,1,12,-1,1,-1
2015120211506,1,8,0,9,0,2,0,0,0,0,1,1,1,1,48,8,1598,2,5,-1,1,-1
2015120211700,1,9,0,3,0,4,0,0,1,0,2,1,2,2,46,8,1598,2,4,-1,2,-1
2015120211700,2,19,0,4,0,4,0,0,0,0,1,1,6,1,58,9,2488,2,5,-1,1,-1
2015120211752,1,11,0,18,0,0,0,0,0,0,1,1,1,1,53,8,9600,2,20,-1,1,-1
2015120211752,2,11,0,18,0,0,0,0,0,0,2,1,1,1,60,9,9600,2,17,-1,3,-1
2015120211828,1,9,0,9,0,1,0,0,2,11,1,1,6,2,20,4,998,1,11,-1,-1,-1
2015120211993,1,9,0,9,0,6,0,0,0,0,0,1,6,1,34,6,2148,2,10,-1,1,-1
2015120211993,2,2,0,18,0,1,1,0,0,0,4,1,2,1,16,4,49,1,1,-1,1,-1
2015120212394,1,9,0,5,0,4,0,0,0,0,1,1,6,2,62,9,1951,2,13,-1,1,-1
2015120212394,2,1,0,18,0,8,0,0,0,0,4,1,6,2,56,9,-1,-1,-1,-1,1,-1
2015120212400,1,1,0,18,0,0,0,0,0,0,4,1,1,3,-1,-1,-1,-1,-1,-1,-1,-1
2015120212448,1,3,0,18,0,8,0,0,0,0,4,1,2,1,20,4,124,1,9,-1,2,-1
2015120212448,2,9,0,7,0,8,0,0,0,0,3,1,6,3,-1,-1,-1,-1,-1,-1,-1,-1
2015120212506,1,9,0,6,0,0,0,0,0,0,3,1,6,1,40,7,-1,-1,-1,-1,1,-1
2015120212506,2,9,0,18,0,0,0,0,0,0,1,1,6,1,50,8,2198,2,3,-1,3,-1
2015120212513,1,9,0,17,0,0,2,0,1,0,4,1,2,1,19,4,1124,1,12,-1,2,-1
2015120212817,1,19,0,16,0,0,0,0,0,0,1,1,1,1,23,5,-1,-1,-1,-1,-1,-1
2015120212817,2,9,0,17,0,0,0,0,1,0,1,1,3,1,38,7,1560,2,3,-1,2,-1
2015120212831,1,9,0,17,0,0,5,0,2,3,4,1,6,2,37,7,-1,-1,-1,-1,1,-1
2015120212924,1,9,0,18,0,2,0,0,0,0,1,1,6,3,-1,-1,-1,-1,-1,-1,-1,-1
2015120213019,1,21,0,18,0,0,0,0,0,0,1,1,1,1,44,7,5880,2,2,-1,1,-1
2015120213019,2,19,0,3,0,0,0,0,0,0,2,1,1,1,51,8,5193,2,3,-1,1,-1
2015120213019,3,19,0,3,0,0,0,0,0,0,2,1,1,1,47,8,-1,-1,-1,-1,1,-1
2015120213019,4,19,0,13,0,0,0,0,0,0,0,1,6,3,-1,-1,-1,-1,-1,-1,-1,-1
2015120213047,1,9,0,18,0,0,0,0,0,0,1,1,6,2,48,8,1968,2,2,-1,1,-1
2015120213073,1,19,0,16,0,0,0,0,1,0,3,1,6,1,46,8,-1,-1,-1,-1,3,-1
2015120213073,2,9,0,18,0,0,0,0,1,0,1,1,6,2,21,5,1364,2,4,-1,3,-1
2015120213155,1,9,0,9,0,1,0,0,0,0,1,1,6,2,48,8,-1,-1,-1,-1,3,-1
2015120213155,2,1,0,18,0,1,0,0,0,0,1,1,6,1,15,3,-1,-1,-1,-1,2,-1
2015120213327,1,9,0,16,0,0,0,0,7,11,1,1,6,1,18,4,1390,1,1,-1,1,-1
2015120213405,1,1,0,18,0,0,0,0,0,0,0,1,6,2,66,10,-1,-1,-1,-1,1,-1
2015120213409,1,9,0,18,0,0,0,0,0,0,3,1,2,2,23,5,1390,1,4,-1,3,-1
2015120213454,1,9,0,9,0,5,0,0,0,0,1,1,2,1,49,8,1753,2,7,-1,3,-1
2015120213460,1,9,0,18,0,0,0,0,0,0,1,1,2,1,45,7,1968,2,2,-1,1,-1
2015120213460,2,9,0,18,0,0,0,0,0,0,2,1,2,1,26,6,1968,2,2,-1,1,-1
2015120213512,1,9,0,18,0,0,0,0,0,0,1,1,6,2,31,6,1997,2,11,-1,1,-1
2015120213529,1,9,0,18,0,0,0,0,0,0,3,1,1,1,58,9,1753,2,7,-1,1,-1
2015120213529,2,22,0,5,0,0,5,0,0,0,1,1,6,2,60,9,-1,-1,-1,-1,1,-1
2015120213756,1,9,0,18,0,1,0,0,0,0,1,1,6,2,52,8,1598,1,5,-1,1,-1
2015120213756,2,9,0,8,0,1,0,0,0,0,2,1,6,2,18,4,-1,-1,-1,-1,1,-1
2015120213756,3,9,0,8,0,1,0,0,0,0,2,1,6,1,20,4,1248,2,3,-1,1,-1
2015120213832,1,9,0,18,0,0,1,0,7,4,1,1,6,1,20,4,1229,1,2,-1,3,-1
2015120214076,1,9,0,18,0,0,2,0,7,1,1,1,6,2,18,4,1149,1,6,-1,2,-1
2015120214202,1,9,0,7,0,6,0,0,0,0,3,1,6,1,71,10,-1,-1,-1,-1,-1,-1
2015120214202,2,1,0,18,0,1,0,0,0,0,1,1,6,2,55,8,-1,-1,-1,-1,1,-1
2015120214307,1,20,0,9,0,1,0,0,0,0,3,1,1,1,41,7,2998,2,-1,-1,1,-1
2015120214307,2,19,0,18,0,8,1,0,0,0,1,1,2,1,47,8,-1,-1,-1,-1,2,-1
2015120214357,1,9,0,15,0,0,0,0,0,0,4,1,6,2,43,7,1753,2,7,-1,3,-1
2015120214357,2,1,0,18,0,0,0,0,0,0,0,1,6,1,64,9,-1,-1,-1,-1,-1,-1
2015120214433,1,9,0,3,0,0,0,0,0,0,2,1,1,2,35,6,1124,1,8,-1,1,-1
2015120214433,2,9,0,18,0,0,0,0,0,0,1,1,6,3,-1,-1,-1,-1,-1,-1,-1,-1
2015120214497,1,21,1,9,0,6,0,0,0,0,3,1,1,1,58,9,10518,2,7,-1,1,-1
2015120214497,2,20,4,18,0,1,1,0,0,0,1,1,1,1,30,6,2143,2,-1,-1,1,-1
2015120214746,1,9,0,18,0,1,0,0,0,0,1,1,6,3,-1,-1,-1,-1,-1,-1,-1,-1
2015120214781,1,9,0,9,0,6,0,0,0,0,3,1,1,1,33,6,-1,-1,-1,-1,1,-1
2015120214781,2,1,0,18,0,1,0,0,0,0,1,1,4,1,13,3,-1,-1,-1,-1,1,-1
2015120214947,1,9,0,9,0,1,0,0,0,0,2,1,1,2,66,10,1587,1,10,-1,3,-1
2015120214947,2,19,0,15,0,1,0,0,0,0,3,1,1,1,47,8,1248,2,1,-1,2,-1
2015120214947,3,1,0,9,0,1,0,0,0,0,1,1,6,1,14,3,-1,-1,-1,-1,1,-1
2015120215118,1,11,0,5,0,0,0,0,0,0,0,1,1,1,51,8,9360,2,6,-1,1,-1
2015120215217,1,9,0,18,0,0,0,0,5,6,1,1,6,1,48,8,2993,2,6,-1,-1,-1
2015120215217,2,21,1,18,0,0,0,0,0,0,3,1,1,1,57,9,12809,2,2,-1,2,-1
2015120215337,1,9,0,18,0,0,0,0,8,11,1,1,6,1,25,5,1998,1,17,-1,3,-1
2015120215367,1,19,0,18,0,4,0,0,0,0,1,1,6,1,55,8,1997,2,11,-1,1,-1
2015120215367,2,3,0,18,0,4,0,0,0,0,3,1,6,1,31,6,-1,-1,-1,-1,1,-1
2015120215393,1,9,0,18,0,1,0,0,0,0,1,1,6,2,25,5,1399,1,7,-1,1,-1
2015120215393,2,9,0,18,0,2,0,0,0,0,2,1,6,2,25,5,1896,2,7,-1,1,-1
2015120215399,1,9,0,9,0,6,0,0,0,0,0,1,6,1,72,10,1560,2,-1,-1,1,-1
2015120215399,2,1,0,18,0,1,0,0,0,0,0,1,6,1,68,10,-1,-1,-1,-1,1,-1
2015120215448,1,9,0,17,0,0,0,0,8,4,3,1,6,2,41,7,1896,2,12,-1,3,-1
2015120215502,1,21,0,18,0,0,0,0,1,11,1,1,1,1,43,7,12900,2,3,-1,1,-1
2015120215579,1,9,0,18,0,8,0,0,0,0,1,1,6,2,80,11,1390,1,9,-1,3,-1
2015120215579,2,9,0,10,0,8,0,0,0,0,2,1,6,1,21,5,998,1,1,-1,1,-1
2015120215856,1,9,0,9,0,6,0,0,0,0,1,1,1,1,42,7,1560,2,5,-1,1,-1
2015120215856,2,9,0,18,0,1,0,0,0,0,1,1,6,2,52,8,1753,2,16,-1,2,-1
2015120215866,1,9,0,16,0,0,2,10,1,0,1,1,6,2,26,6,1199,1,13,-1,1,-1
2015120215906,1,9,0,17,0,0,1,0,7,9,1,1,6,1,47,8,1973,1,16,-1,2,-1
2015120216071,1,9,0,18,0,0,5,0,0,0,1,1,6,1,25,5,1998,1,13,-1,1,-1
2015120216071,2,19,0,2,0,0,0,0,0,0,1,1,6,3,-1,-1,1996,2,2,-1,-1,-1
2015120216112,1,9,0,16,0,0,0,0,7,11,1,1,6,1,28,6,1783,1,15,-1,3,-1
2015120216471,1,9,0,10,0,1,0,0,0,0,1,1,6,1,58,9,1598,1,13,-1,1,-1
2015120216471,2,9,0,3,0,1,0,0,0,0,2,1,6,1,49,8,1461,2,-1,-1,1,-1
2015120216471,3,9,0,18,0,1,0,0,0,0,2,1,6,1,65,9,-1,-1,-1,-1,3,-1
2015120216694,1,9,0,5,0,2,0,0,0,0,1,1,6,1,72,10,1968,2,4,-1,1,-1
2015120216694,2,1,0,18,0,1,0,0,0,0,1,1,6,1,54,8,-1,-1,-1,-1,1,-1
2015120216703,1,9,0,16,0,0,1,0,1,9,1,1,6,2,53,8,1299,1,15,-1,3,-1
2015120217053,1,9,0,18,0,0,2,0,1,4,1,1,6,1,47,8,1587,1,14,-1,1,-1
2015120217284,1,9,0,18,0,1,0,0,3,9,1,1,6,1,79,11,1598,2,-1,-1,-1,-1
2015120217396,1,19,0,17,0,1,1,0,3,11,1,1,2,1,31,6,1995,2,8,-1,1,-1
2015120217405,1,2,0,18,0,3,1,0,0,0,0,1,1,2,54,8,49,1,8,-1,1,-1
2015120217473,1,22,0,18,0,8,5,0,0,0,4,1,6,1,78,11,-1,-1,-1,-1,2,-1
2015120217473,2,19,0,4,0,1,0,0,0,0,1,1,1,1,41,7,-1,-1,-1,-1,3,-1
2015120217519,1,19,0,9,0,1,0,0,0,0,1,1,1,1,18,4,2198,2,9,-1,1,-1
2015120217519,2,19,0,18,0,2,0,0,0,0,2,1,1,2,39,7,1753,2,6,-1,1,-1
2015120217766,1,1,0,9,0,8,0,0,0,0,3,1,6,2,20,4,-1,-1,-1,-1,-1,-1
2015120217766,2,19,0,9,0,8,0,0,0,0,4,1,1,1,49,8,-1,-1,-1,-1,1,-1
2015120217799,1,9,0,2,0,0,0,0,0,0,2,1,2,1,49,8,1560,2,2,-1,3,-1
2015120217799,2,9,0,18,0,0,0,0,0,0,1,1,6,2,18,4,1124,1,10,-1,-1,-1
2015120217837,1,9,0,18,0,0,0,12,1,4,1,1,6,1,78,11,1596,1,12,-1,3,-1
2015120217873,1,11,0,18,0,1,0,0,0,0,4,1,1,1,25,5,6692,2,3,-1,1,-1
2015120218162,1,9,0,14,0,1,0,0,0,0,4,1,6,2,50,8,1360,1,8,-1,1,-1
2015120218162,2,9,0,6,0,1,0,0,0,0,3,1,6,2,30,6,1598,1,9,-1,1,-1
2015120218384,1,9,0,18,0,0,0,0,1,1,1,1,6,2,87,11,1395,1,-1,-1,2,-1
2015120218525,1,11,0,18,0,0,0,0,0,0,0,1,1,1,72,10,4249,2,8,-1,3,-1
2015120218675,1,19,0,18,0,4,0,0,0,0,1,1,1,1,29,6,2198,2,-1,-1,1,-1
2015120218675,2,9,0,18,0,3,0,0,0,0,4,1,2,1,51,8,-1,-1,-1,-1,2,-1
2015120219051,1,9,0,9,0,6,0,0,0,0,3,1,6,2,45,7,2497,2,8,-1,3,-1
2015120219051,2,9,0,18,0,8,0,0,0,0,1,1,2,1,27,6,1388,1,4,-1,3,-1
2015120219067,1,21,0,5,0,1,0,0,0,0,1,1,1,1,29,6,11967,2,2,-1,-1,-1
2015120219067,2,9,0,5,0,1,0,0,0,0,2,1,2,2,45,7,1797,8,-1,-1,3,-1
2015120219067,3,9,0,5,0,1,0,0,0,0,2,1,2,2,67,10,1995,2,3,-1,-1,-1
2015120219067,4,9,0,5,0,1,0,0,0,0,2,1,6,2,53,8,1990,1,9,-1,2,-1
2015120219067,5,9,0,5,0,1,0,0,0,0,2,1,6,2,25,5,998,1,2,-1,1,-1
2015120219222,1,9,0,18,0,8,0,0,3,0,3,1,6,1,23,5,1248,1,-1,-1,1,-1
2015120219222,2,19,0,18,0,8,0,0,0,0,1,1,6,1,53,8,2298,2,4,-1,1,-1
2015120219281,1,9,0,16,0,0,2,0,1,4,1,1,6,1,50,8,1396,1,12,-1,3,-1
2015120219310,1,19,0,9,0,5,0,0,0,0,1,1,1,1,72,10,2402,2,6,-1,1,-1
2015120219310,2,9,0,18,0,1,0,0,0,0,1,1,3,2,26,6,1242,1,12,-1,1,-1
2015120219383,1,9,0,18,0,4,0,0,0,0,1,1,6,1,81,11,1769,1,12,-1,2,-1
2015120219383,2,3,0,9,0,3,0,0,0,0,4,1,1,2,47,8,-1,-1,-1,-1,1,-1
2015120219501,1,9,0,9,0,8,1,0,2,4,1,1,6,1,17,4,2290,1,14,-1,2,-1
2015120219545,1,9,0,9,0,8,0,0,0,0,3,1,6,2,87,11,989,1,15,-1,3,-1
2015120219545,2,8,0,18,0,8,0,0,0,0,1,1,6,1,68,10,-1,-1,-1,-1,1,-1
2015120219553,1,21,1,18,0,0,0,0,0,0,1,1,1,1,70,10,11946,2,7,-1,2,-1
2015120219553,2,21,1,18,0,0,0,0,0,0,2,1,1,1,26,6,12777,2,4,-1,1,-1
2015120219553,3,21,1,18,0,0,0,0,0,0,2,1,1,1,48,8,10308,2,6,-1,1,-1
2015120219553,4,19,0,18,0,0,0,0,0,0,2,1,1,1,44,7,-1,-1,-1,-1,3,-1
2015120219632,1,9,0,7,0,5,0,0,0,0,2,1,2,2,38,7,1986,1,12,-1,1,-1
2015120219632,2,1,0,18,0,1,0,0,0,0,1,1,2,1,52,8,-1,-1,-1,-1,1,-1
2015120219824,1,9,0,18,0,0,1,0,1,0,1,1,6,1,18,4,1686,2,8,-1,3,-1
2015120220054,1,9,4,18,0,0,4,0,1,11,1,1,1,1,47,8,2198,2,-1,-1,3,-1
2015120220123,1,9,0,17,0,1,2,0,1,10,1,1,6,1,78,11,1360,1,4,-1,2,-1
2015120220147,1,9,0,17,0,0,0,0,1,11,4,1,6,1,46,8,2400,2,5,-1,3,-1
2015120220154,1,9,0,18,0,0,0,0,0,0,0,1,6,2,19,4,973,1,14,-1,3,-1
2015120220289,1,9,0,18,0,0,2,0,5,6,1,1,6,1,30,6,1368,1,4,-1,1,-1
2015120220289,2,9,0,18,0,0,0,0,0,0,3,1,6,2,41,7,1242,1,2,-1,2,-1
2015120220296,1,9,0,18,0,0,0,0,7,9,1,1,1,2,24,5,1590,1,11,-1,1,-1
2015120220311,1,9,0,17,0,0,0,0,0,0,3,1,6,1,75,10,998,1,11,-1,1,-1
2015120220311,2,9,0,16,0,0,1,0,0,0,3,1,6,1,84,11,1299,1,6,-1,1,-1
2015120220345,1,9,0,12,0,0,0,0,0,0,3,1,6,2,29,6,-1,-1,-1,-1,1,-1
2015120220345,2,9,0,18,0,0,0,0,0,0,4,1,6,1,37,7,2720,2,9,-1,3,-1
2015120220345,3,9,0,2,0,0,0,0,0,0,2,1,6,2,42,7,1685,2,1,-1,1,-1
2015120220606,1,9,0,18,0,0,0,0,0,0,1,1,6,1,22,5,1560,2,-1,-1,3,-1
2015120220606,2,9,0,18,0,0,0,0,0,0,1,1,6,1,70,10,3200,6,15,-1,3,-1
2015120220871,1,9,0,7,9,6,0,0,0,0,4,1,1,1,55,8,1590,1,13,-1,3,-1
2015120220871,2,1,0,18,9,1,0,0,0,0,1,1,6,1,13,3,-1,-1,-1,-1,1,-1
2015120220928,1,9,0,9,0,5,0,0,0,0,1,1,6,3,-1,-1,-1,-1,-1,-1,-1,-1
2015120221021,1,1,0,18,0,8,0,0,0,0,2,1,1,1,42,7,-1,-1,-1,-1,3,-1
2015120221021,2,9,0,9,0,8,0,0,0,0,1,1,6,1,21,5,1596,1,13,-1,3,-1
2015120221115,1,8,0,17,0,0,2,0,7,10,4,1,1,1,54,8,1560,2,8,-1,3,-1
2015120221290,1,9,0,18,0,2,0,0,1,0,1,1,6,2,68,10,1390,1,5,-1,1,-1
2015120221599,1,9,0,4,0,0,0,0,0,0,1,1,6,1,30,6,1598,2,2,-1,2,-1
2015120221599,2,9,0,3,0,0,0,0,0,0,2,1,6,2,31,6,1242,1,6,-1,1,-1
2015120221647,1,9,0,18,0,2,0,0,0,0,1,1,2,1,31,6,1781,1,14,-1,-1,-1
2015120221647,2,19,0,18,0,1,1,0,0,0,1,1,2,1,52,8,2179,2,13,-1,-1,-1
2015120221688,1,9,4,10,0,8,0,0,0,0,3,1,6,1,52,8,1896,2,7,-1,3,-1
2015120221688,2,9,0,18,0,1,0,0,0,0,4,1,6,1,81,11,2179,2,-1,-1,3,-1
2015120221688,3,19,0,18,0,1,0,1,0,0,1,1,1,1,40,7,1870,2,12,-1,2,-1
2015120221688,4,19,0,18,0,1,0,1,0,0,1,1,1,2,26,6,2198,2,2,-1,1,-1