Accident_Index,Vehicle_Reference,Vehicle_Type,Towing_and_Articulation,Vehicle_Manoeuvre,Vehicle_Location-Restricted_Lane,Junction_Location,Skidding_and_Overturning,Hit_Object_in_Carriageway,Vehicle_Leaving_Carriageway,Hit_Object_off_Carriageway,1st_Point_of_Impact,Was_Vehicle_Left_Hand_Drive?,Journey_Purpose_of_Driver,Sex_of_Driver,Age_of_Driver,Age_Band_of_Driver,Engine_Capacity_(CC),Propulsion_Code,Age_of_Vehicle,Driver_IMD_Decile,Driver_Home_Area_Type,Vehicle_IMD_Decile
2015120221688,5,9,0,18,0,1,0,0,0,0,3,1,6,2,75,10,1296,1,8,-1,1,-1
2015120221688,6,9,0,18,0,1,0,0,0,0,1,1,6,2,43,7,1968,2,-1,-1,3,-1
2015120221688,7,9,0,18,0,1,0,0,0,0,2,1,6,1,36,7,1998,2,9,-1,1,-1
2015120221704,1,9,0,16,0,0,1,0,7,9,1,1,6,2,18,4,1124,1,14,-1,3,-1
2015120221713,1,9,0,16,0,0,1,0,7,10,3,1,2,1,24,5,1242,1,11,-1,2,-1
2015120221919,1,1,0,18,0,0,0,0,0,0,1,1,6,1,21,5,-1,-1,-1,-1,1,-1
2015120221919,2,9,0,2,0,0,0,0,0,0,2,1,6,3,56,9,1998,1,15,-1,1,-1
2015120222181,1,9,0,18,0,1,0,0,0,0,1,1,6,2,51,8,-1,-1,-1,-1,1,-1
2015120222181,2,9,0,10,0,8,0,0,0,0,4,1,6,2,55,8,1299,1,10,-1,3,-1
2015120222194,1,9,0,4,0,1,0,0,0,0,1,1,6,2,23,5,-1,-1,-1,-1,1,-1
2015120222194,2,9,0,3,0,1,0,0,0,0,2,1,6,1,23,5,1968,2,10,-1,1,-1
2015120222194,3,19,0,18,0,8,0,0,0,0,4,1,1,1,50,8,2198,2,8,-1,2,-1
2015120222212,1,9,0,18,0,1,0,0,0,0,4,1,6,3,-1,-1,-1,-1,-1,-1,-1,-1
2015120222314,1,9,0,13,0,1,0,0,0,0,4,1,1,1,21,5,1560,2,1,-1,1,-1
2015120222314,2,9,0,9,0,5,0,0,0,0,3,1,6,2,69,10,1398,1,2,-1,2,-1
2015120222499,1,9,0,18,0,1,0,0,0,0,1,1,2,1,35,6,1596,1,13,-1,2,-1
2015120222499,2,9,0,3,0,1,0,0,0,0,2,1,2,2,28,6,1753,2,8,-1,2,-1
2015120222499,3,9,0,10,0,8,0,0,0,0,2,1,2,1,37,7,1968,2,1,-1,1,-1
2015120222528,1,9,0,9,0,6,0,0,0,0,3,1,1,2,54,8,1461,2,1,-1,3,-1
2015120222528,2,9,0,7,0,5,0,0,0,0,0,1,6,3,-1,-1,-1,-1,-1,-1,-1,-1
2015120222528,3,9,0,18,0,8,0,0,0,0,1,1,2,2,31,6,1149,1,11,-1,2,-1
2015120222543,1,9,0,18,0,0,2,0,1,11,1,1,6,2,43,7,2477,2,11,-1,3,-1
2015120222866,1,9,0,18,0,0,0,0,0,0,1,1,6,1,50,8,1956,2,-1,-1,1,-1
2015120222866,2,9,0,18,0,0,0,0,0,0,2,1,6,1,58,9,2995,1,10,-1,2,-1
2015120223364,1,9,0,4,0,4,0,0,0,0,2,1,6,1,65,9,-1,-1,-1,-1,2,-1
2015120223364,2,9,0,4,0,4,0,0,0,0,1,1,6,1,23,5,-1,-1,-1,-1,1,-1
2015120223414,1,3,0,13,0,0,1,0,0,0,1,1,2,1,17,4,124,1,7,-1,1,-1
2015120223421,1,9,0,9,0,6,0,0,0,0,3,1,1,2,27,6,1560,2,-1,-1,1,-1
2015120223421,2,9,0,18,0,8,0,0,0,0,1,1,1,1,26,6,1984,1,-1,-1,2,-1
2015120223533,1,19,0,7,0,6,0,0,0,0,4,1,1,1,49,8,2148,2,7,-1,1,-1
2015120223941,1,9,0,4,0,1,0,0,0,0,2,1,6,2,36,7,1586,1,5,-1,1,-1
2015120223941,2,9,0,4,0,1,0,0,0,0,1,1,6,2,17,4,1397,1,7,-1,1,-1
2015120223962,1,9,0,4,0,0,0,0,0,0,2,1,6,1,67,10,1969,2,-1,-1,2,-1
2015120223962,2,9,0,18,0,0,0,0,0,0,1,1,6,3,17,4,1242,1,-1,-1,1,-1
2015120224123,1,9,0,18,0,3,0,0,0,0,1,1,2,1,47,8,1560,2,6,-1,1,-1
2015120224170,1,9,0,18,0,0,0,0,0,0,3,1,6,1,68,10,1598,1,12,-1,1,-1
2015120224170,2,9,0,18,0,0,0,0,0,0,3,1,2,1,29,6,998,1,-1,-1,-1,-1
2015120224186,1,9,0,18,0,0,0,0,0,0,1,1,2,1,28,6,1197,1,-1,-1,1,-1
2015120224186,2,9,0,3,0,0,0,0,0,0,2,1,6,2,46,8,1598,2,2,-1,3,-1
2015120224186,3,9,0,3,0,0,0,0,0,0,2,1,6,2,62,9,1560,2,1,-1,1,-1
2015120224394,1,9,0,5,0,2,0,0,0,0,2,1,6,3,-1,-1,-1,-1,-1,-1,-1,-1
2015120224394,2,1,0,5,0,2,0,0,0,0,2,1,6,1,37,7,-1,-1,-1,-1,1,-1
2015120224600,1,9,0,13,0,0,0,0,0,0,4,1,6,1,62,9,1968,2,-1,-1,1,-1
2015120224600,2,1,0,18,0,0,0,0,0,0,3,1,6,1,67,10,-1,-1,-1,-1,1,-1
2015120224617,1,9,0,18,0,1,0,0,0,0,1,1,6,2,65,9,998,1,1,-1,2,-1
2015120224617,2,9,0,10,0,5,0,0,0,0,2,1,6,2,24,5,1596,1,6,-1,3,-1
2015120224671,1,9,0,16,0,0,0,0,0,0,3,1,6,2,34,6,1242,1,4,-1,3,-1
2015120224671,2,9,0,17,0,0,0,0,7,0,3,1,6,1,45,7,2720,2,11,-1,3,-1
2015120224691,1,19,0,18,0,1,0,0,0,0,0,1,6,3,30,6,-1,-1,-1,-1,-1,-1
2015120224692,1,9,0,18,0,3,0,0,0,0,2,1,1,1,26,6,1246,1,8,-1,3,-1
2015120224692,2,9,0,9,0,8,0,0,0,0,1,1,6,2,61,9,-1,-1,-1,-1,1,-1
2015120224724,1,9,0,9,0,8,0,0,7,0,1,1,6,2,69,10,1598,1,9,-1,2,-1
2015120224724,2,9,0,18,0,8,0,0,0,0,1,1,6,2,44,7,-1,-1,-1,-1,3,-1
2015120224740,1,19,0,18,0,0,2,0,7,9,1,1,6,1,44,7,1560,2,2,-1,2,-1
2015120224787,1,19,0,2,0,8,0,0,0,0,4,1,1,1,27,6,2198,2,3,-1,1,-1
2015120224787,2,9,0,1,0,6,0,0,0,0,4,1,3,1,40,7,1461,2,2,-1,1,-1
2015120224952,1,9,0,18,0,5,0,0,0,0,1,1,6,1,22,5,1197,1,1,-1,1,-1
2015120224952,2,9,0,4,0,5,0,0,0,0,2,1,6,2,18,4,1598,1,10,-1,1,-1
2015120225199,1,3,0,17,0,0,0,0,2,10,4,1,2,1,17,4,124,1,1,-1,1,-1
2015120225500,1,5,0,18,0,8,0,0,7,0,1,1,6,1,42,7,1340,1,-1,-1,1,-1
2015120225500,2,9,0,10,0,5,0,0,0,0,2,1,2,1,28,6,1969,2,-1,-1,-1,-1
2015120225899,1,9,0,16,0,0,0,0,0,0,1,1,6,1,58,9,1997,2,13,-1,1,-1
2015120225899,2,9,0,17,0,0,0,0,1,11,1,1,6,2,59,9,1998,1,15,-1,-1,-1
2015120225932,1,9,0,18,0,0,0,0,0,0,1,1,6,2,36,7,1796,1,13,-1,1,-1
2015120225932,2,9,0,2,0,0,0,0,0,0,1,1,6,2,23,5,1299,1,7,-1,1,-1
2015120226062,1,9,0,18,0,0,0,0,0,0,1,1,6,1,47,8,-1,-1,-1,-1,1,-1
2015120226062,2,9,0,18,0,0,0,0,0,0,1,1,6,2,52,8,1686,2,2,-1,3,-1
2015120226101,1,1,0,18,4,1,0,0,0,0,1,1,1,2,21,5,-1,-1,-1,-1,1,-1
2015120226101,2,9,0,9,0,5,0,0,0,0,4,1,6,1,23,5,1390,1,7,-1,1,-1
2015120226140,1,9,0,5,0,5,0,0,0,0,1,1,6,1,44,7,-1,-1,-1,-1,3,-1
2015120226140,2,1,0,18,0,2,0,0,0,0,3,1,6,1,34,6,-1,-1,-1,-1,-1,-1
2015120226361,1,9,0,16,0,0,0,0,1,4,1,1,6,1,17,4,973,1,13,-1,3,-1
2015120226363,1,20,0,18,0,0,0,0,0,0,1,1,1,1,38,7,-1,-1,-1,-1,-1,-1
2015120226363,2,21,1,18,0,0,0,0,0,0,2,1,1,1,60,9,12740,2,5,-1,1,-1
2015120226726,1,9,0,18,0,8,0,0,0,0,1,1,6,1,79,11,1896,2,13,-1,1,-1
2015120226726,2,9,0,9,0,8,0,0,0,0,2,1,6,1,72,10,1560,2,3,-1,3,-1
2015120226744,1,9,0,18,0,0,0,0,0,0,1,1,2,1,41,7,1895,1,15,-1,1,-1
2015120226744,2,9,0,3,0,0,0,0,0,0,2,1,6,1,57,9,1997,2,6,-1,2,-1
2015120226837,1,21,1,9,0,5,0,7,0,0,1,1,1,1,49,8,10837,2,5,-1,1,-1
2015120226837,2,9,0,18,0,1,0,0,0,0,1,1,6,1,72,10,1242,1,-1,-1,3,-1
2015120226920,1,9,0,18,0,0,5,12,2,10,1,1,6,1,18,4,1596,1,10,-1,3,-1
2015120226994,1,9,0,18,0,8,0,0,0,0,1,1,6,1,-1,-1,1781,1,13,-1,1,-1
2015120226994,2,9,0,3,0,8,0,0,0,0,2,1,6,2,58,9,1595,1,5,-1,3,-1
2015120227033,1,3,0,9,0,8,1,0,0,0,3,1,6,1,20,4,-1,-1,-1,-1,3,-1
2015120227160,1,9,0,10,0,1,0,0,0,0,1,1,2,1,43,7,1596,1,8,-1,1,-1
2015120227233,1,9,0,16,0,0,5,0,8,10,1,1,6,1,81,11,-1,-1,-1,-1,1,-1
2015120227328,1,9,0,18,0,0,0,0,0,0,1,1,6,1,-1,-1,-1,-1,-1,-1,-1,-1
2015120227329,1,9,0,18,0,0,0,0,0,0,0,1,6,3,-1,-1,-1,-1,-1,-1,-1,-1
2015120227329,2,3,0,18,0,0,0,0,1,10,4,1,2,1,27,6,-1,-1,-1,-1,1,-1
2015120227366,1,9,0,18,0,0,0,0,7,11,1,1,6,1,56,9,2191,2,2,-1,3,-1
2015120227376,1,9,0,9,0,8,0,0,0,0,1,1,6,2,54,8,1461,2,6,-1,3,-1
2015120227376,2,1,0,18,0,1,0,0,0,0,1,1,6,1,29,6,-1,-1,-1,-1,1,-1
2015120227826,1,9,0,9,0,6,0,0,0,0,3,1,6,2,71,10,1590,1,10,-1,3,-1
2015120227826,2,9,0,18,0,1,0,0,0,0,4,1,6,2,36,7,2179,2,5,-1,3,-1
2015120227859,1,9,0,18,0,0,0,0,0,0,1,1,6,2,45,7,1389,1,17,-1,1,-1
2015120227859,2,9,0,3,0,0,0,0,0,0,2,1,6,1,25,5,-1,-1,-1,-1,2,-1
2015120227864,1,9,0,18,0,0,0,0,0,0,1,1,6,1,34,6,1390,1,6,-1,2,-1
2015120227864,2,9,0,4,0,0,0,0,0,0,2,1,2,2,50,8,-1,-1,-1,-1,2,-1
2015120227903,1,9,0,7,0,5,0,0,0,0,1,1,6,1,44,7,1796,1,16,-1,2,-1
2015120227938,1,19,0,18,0,8,0,0,1,3,1,1,6,2,19,4,3198,2,1,-1,3,-1
2015120228668,1,9,0,18,0,0,1,0,0,6,1,1,6,1,51,8,2143,2,3,-1,1,-1
2015120228753,1,9,0,18,0,1,2,0,1,11,1,1,6,1,30,6,1596,1,10,-1,1,-1
2015120229506,1,9,0,18,0,0,2,0,1,9,1,1,6,1,20,4,1896,2,13,-1,1,-1
2015120229530,1,9,0,18,0,2,1,0,7,4,2,1,6,2,22,5,1242,1,6,-1,1,-1
2015120229676,1,9,0,18,0,0,0,0,0,0,2,1,6,2,19,4,1339,1,11,-1,1,-1
2015120229676,2,8,0,4,0,0,0,0,0,0,1,1,2,1,47,8,1797,8,5,-1,1,-1
2015120230024,1,9,0,16,0,0,0,0,0,0,1,1,2,1,23,5,1995,2,10,-1,1,-1
2015120230024,2,9,0,17,0,0,0,0,0,0,1,1,6,1,53,8,1995,2,2,-1,1,-1
2015120230500,1,9,0,4,0,0,0,0,0,0,1,1,6,1,18,4,1206,1,6,-1,1,-1
2015120230500,2,19,0,4,0,0,0,0,0,0,2,1,6,1,21,5,1868,2,12,-1,1,-1
2015120230500,3,9,0,4,0,0,0,0,0,0,2,1,6,1,33,6,1896,2,13,-1,1,-1
2015120230506,1,9,4,4,0,0,0,0,0,0,0,1,1,1,23,5,-1,-1,-1,-1,3,-1
2015120230506,2,5,0,18,0,0,0,0,0,0,1,1,6,1,58,9,1170,1,10,-1,1,-1
2015120230512,1,5,0,18,0,1,0,0,0,0,0,1,6,1,66,10,998,1,23,-1,1,-1
2015120230512,2,9,0,6,0,1,0,0,0,0,0,1,6,3,-1,-1,-1,-1,-1,-1,-1,-1
2015120230584,1,9,0,13,0,0,0,0,1,11,1,1,6,1,44,7,1598,1,7,-1,3,-1
2015120230584,2,9,0,13,0,0,0,0,1,11,2,1,6,1,47,8,-1,-1,-1,-1,3,-1
2015120230590,1,19,0,18,0,0,0,0,0,0,1,1,1,1,33,6,2402,2,5,-1,1,-1
2015120230590,2,9,0,4,0,0,0,0,0,0,2,1,6,2,67,10,1396,1,16,-1,1,-1
2015120230590,3,9,0,3,0,0,0,0,0,0,2,1,6,2,26,6,-1,-1,-1,-1,1,-1
2015120230741,1,8,0,18,0,6,1,0,7,1,4,1,1,1,38,7,1896,2,6,-1,1,-1
2015120230741,2,19,0,18,0,8,1,0,1,3,1,1,6,2,23,5,-1,-1,-1,-1,3,-1
2015120231003,1,21,1,7,0,6,0,0,0,0,0,1,1,3,-1,-1,-1,-1,-1,-1,-1,-1
2015120231003,2,1,0,18,0,1,1,0,7,9,0,1,6,1,79,11,-1,-1,-1,-1,3,-1
2015120231315,1,19,0,6,0,0,0,0,0,0,3,1,1,1,63,9,2198,2,1,-1,3,-1
2015120231315,2,9,0,18,0,0,0,0,0,0,1,1,6,2,70,10,1799,1,9,-1,3,-1
2015120231605,1,9,0,17,0,0,0,0,1,10,1,1,2,1,20,4,1896,2,11,-1,1,-1
20151313E0037,1,9,0,3,0,1,0,0,0,0,2,1,6,1,39,7,1997,1,11,-1,1,-1
20151313E0037,2,9,0,18,0,1,0,0,0,0,1,1,6,1,30,6,1995,2,8,-1,-1,-1
20151319C0493,1,9,0,18,0,1,0,0,3,10,1,1,2,1,24,5,1995,2,12,-1,1,-1
20151319C0493,2,9,0,18,0,7,0,0,0,0,0,1,6,1,32,6,-1,-1,-1,-1,-1,-1
2015131CV1163,1,9,0,18,0,1,0,0,0,0,1,1,6,1,18,4,-1,-1,-1,-1,-1,-1
2015131CV1163,2,9,0,18,0,1,0,0,0,0,0,1,1,1,25,5,1248,2,1,-1,1,-1
2015131CV1163,3,9,0,18,0,1,0,0,0,0,1,1,1,1,25,5,-1,-1,-1,-1,1,-1
2015132110145,1,9,0,9,0,8,0,0,0,0,1,1,6,1,26,6,2495,2,9,-1,1,-1
2015132110145,2,8,0,18,0,8,0,0,1,7,1,1,1,1,45,7,1896,2,10,-1,1,-1
2015132110547,1,9,0,18,0,8,0,0,0,0,4,1,6,3,28,6,-1,-1,-1,-1,-1,-1
2015132110715,1,9,0,18,0,6,0,0,0,0,1,1,6,2,26,6,-1,-1,-1,-1,1,-1
2015132110715,2,8,0,18,0,1,0,0,0,0,1,1,1,1,30,6,-1,-1,-1,-1,-1,-1
2015132111055,1,9,0,9,0,6,0,0,0,0,1,1,6,2,24,5,-1,-1,-1,-1,1,-1
2015132111055,2,9,0,17,0,8,0,0,0,0,1,1,6,1,60,9,1582,2,3,-1,1,-1
2015132111114,1,9,0,18,0,0,0,0,0,0,1,1,6,1,37,7,1686,2,9,-1,1,-1
2015132111114,2,8,0,18,0,0,0,0,0,0,2,1,1,1,48,8,1598,2,4,-1,1,-1
2015132111562,1,8,0,18,0,0,0,0,0,0,4,1,1,1,43,7,1997,2,6,-1,1,-1
2015132111609,1,9,0,18,0,0,1,0,1,0,4,1,6,2,54,8,1796,2,2,-1,1,-1
2015132111609,2,9,0,18,0,0,0,0,0,0,1,1,6,1,31,6,1998,2,10,-1,1,-1
2015132111672,1,9,0,18,0,0,0,0,4,6,1,1,2,1,67,10,996,1,5,-1,1,-1
2015132111738,1,9,0,18,0,8,0,0,0,0,1,1,6,2,31,6,1598,1,10,-1,1,-1
2015132111738,2,9,0,10,0,8,0,0,0,0,1,1,6,2,33,6,1560,2,7,-1,1,-1
2015132111744,1,9,0,9,0,6,0,0,0,0,3,1,6,3,27,6,-1,-1,-1,-1,-1,-1
2015132111744,2,9,0,18,0,1,0,0,0,0,1,1,6,1,41,7,1391,1,13,-1,1,-1
2015132120569,1,21,0,5,0,0,0,0,0,0,1,1,1,1,49,8,12902,2,1,-1,1,-1
2015132120605,1,90,0,17,0,0,0,0,0,0,1,1,6,1,25,5,-1,-1,-1,-1,1,-1
2015132120605,2,23,0,16,0,0,5,0,0,0,1,1,6,1,10,2,-1,-1,-1,-1,1,-1
2015132120802,1,9,0,18,0,0,0,0,0,0,1,1,6,1,86,11,-1,-1,-1,-1,1,-1
2015132120802,2,9,0,2,0,0,0,0,0,0,2,1,6,2,44,7,1582,2,5,-1,1,-1
2015132120802,3,9,0,2,0,0,0,0,0,0,2,1,6,3,74,10,1240,1,12,-1,1,-1
2015132121128,1,9,0,18,0,0,0,0,0,0,3,1,6,3,31,6,-1,-1,-1,-1,-1,-1
2015132121165,1,9,0,17,0,8,0,0,0,0,1,1,6,1,48,8,-1,-1,-1,-1,1,-1
2015132121165,2,9,0,18,0,8,0,0,0,0,1,1,6,1,35,6,1000,1,2,-1,1,-1
2015132121284,1,9,0,13,0,0,0,0,0,0,4,1,6,1,72,10,2400,2,5,-1,1,-1
2015132121284,2,1,0,18,0,0,5,0,0,0,3,1,6,1,70,10,-1,-1,-1,-1,1,-1
2015132121559,1,9,0,18,0,0,0,0,0,0,1,1,6,1,19,4,1560,2,2,-1,1,-1
2015132130162,1,9,0,12,0,0,1,0,5,6,1,1,6,2,18,4,998,1,15,-1,1,-1
2015132130207,1,8,0,5,0,0,0,0,0,0,0,1,1,1,42,7,1997,2,9,-1,1,-1
2015132130391,1,9,0,18,0,8,0,0,0,0,1,1,6,2,28,6,1299,1,13,-1,1,-1
2015132130391,2,9,0,9,0,6,0,0,0,0,3,1,6,1,54,8,1598,1,12,-1,1,-1
2015132130447,1,9,0,18,0,8,0,0,0,0,1,1,6,1,80,11,1498,1,1,-1,1,-1
2015132130447,2,9,0,18,0,8,0,0,1,0,1,1,6,2,32,6,998,1,5,-1,1,-1
2015132130502,1,9,0,18,0,5,0,0,7,0,1,1,6,1,61,9,4477,6,18,-1,1,-1
2015132130502,2,9,0,18,0,8,0,0,4,0,4,1,6,2,46,8,-1,-1,-1,-1,1,-1
2015132130525,1,9,0,16,0,0,1,0,0,0,1,1,6,1,-1,-1,1910,2,10,-1,-1,-1
2015132130525,2,9,0,17,0,0,0,0,1,11,1,1,6,1,47,8,-1,-1,-1,-1,1,-1
2015132130549,1,9,0,18,0,1,0,0,0,0,1,1,6,2,25,5,1299,1,9,-1,1,-1
2015132130549,2,9,0,10,0,1,0,0,0,0,2,1,6,2,43,7,1349,1,1,-1,1,-1
2015132130734,1,9,0,6,0,0,0,0,0,0,3,1,6,1,21,5,1248,2,7,-1,1,-1
2015132130734,2,8,0,18,0,0,1,0,0,0,1,1,1,1,43,7,1998,2,6,-1,1,-1
2015132131175,1,9,0,16,0,2,0,0,0,0,1,1,6,1,23,5,1331,1,20,-1,1,-1
2015132131175,2,9,0,18,0,1,0,0,0,0,1,1,6,1,35,6,1598,1,8,-1,1,-1
2015132140559,1,9,0,13,0,0,0,0,0,0,2,1,1,1,53,8,-1,-1,-1,-1,3,-1
2015132140559,2,1,0,18,0,0,0,0,0,0,1,1,6,1,18,4,-1,-1,-1,-1,1,-1
2015132140559,3,1,0,18,0,0,0,0,0,0,1,1,6,1,19,4,-1,-1,-1,-1,1,-1
2015132140617,1,9,0,18,0,0,0,0,0,0,4,1,6,1,64,9,1968,2,1,-1,1,-1
2015132140799,1,9,0,4,0,1,0,0,0,0,2,1,6,2,33,6,1600,2,4,-1,1,-1
2015132140799,2,9,0,5,0,1,0,0,0,0,1,1,6,1,18,4,1364,1,9,-1,1,-1
2015132140809,1,9,0,3,0,1,0,0,0,0,2,1,6,1,35,6,1388,1,13,-1,1,-1
2015132140809,2,9,0,3,0,1,0,0,0,0,2,1,6,1,36,7,2204,2,6,-1,1,-1
2015132140809,3,9,0,18,0,1,0,0,0,0,1,1,6,1,74,10,1397,1,12,-1,1,-1
2015132141182,1,9,0,5,0,1,0,0,0,0,1,1,6,1,38,7,1598,2,4,-1,1,-1
2015132141182,2,9,0,3,0,1,0,0,0,0,2,1,6,1,28,6,1598,1,10,-1,1,-1
2015132150173,1,21,0,18,0,0,1,0,0,0,2,1,1,1,43,7,12900,2,7,-1,1,-1
2015132150173,2,9,0,18,0,0,0,0,0,0,1,1,6,1,29,6,1968,2,8,-1,3,-1
2015132150173,3,9,0,18,0,0,0,0,0,0,2,1,6,1,41,7,1200,1,1,-1,-1,-1
2015132150343,1,9,0,18,0,0,0,0,0,0,1,1,6,2,57,9,2597,1,12,-1,1,-1
2015132150343,2,1,0,18,0,0,0,0,0,0,1,1,6,2,63,9,-1,-1,-1,-1,1,-1
2015132150356,1,9,0,5,0,0,0,0,0,0,3,1,6,1,34,6,2495,2,17,-1,1,-1
2015132150356,2,2,0,18,0,0,0,0,0,0,4,1,6,1,16,4,49,1,15,-1,1,-1
2015132150672,1,9,0,16,0,0,5,7,0,0,1,1,6,1,67,10,-1,-1,-1,-1,1,-1
2015132150713,1,9,0,9,0,1,0,0,0,0,1,1,6,1,72,10,998,1,3,-1,1,-1
2015132150807,1,9,0,18,0,8,0,0,0,0,1,1,6,2,25,5,-1,-1,-1,-1,1,-1
2015132150807,2,21,0,18,0,8,0,0,0,0,3,1,1,1,48,8,6370,2,10,-1,-1,-1
2015132150817,1,9,0,1,0,0,0,0,0,0,2,1,6,2,44,7,998,1,1,-1,1,-1
2015132150861,1,9,0,5,0,4,0,0,0,0,1,1,1,2,53,8,1560,2,6,-1,1,-1
2015132150935,1,1,0,12,0,0,0,0,0,0,2,1,2,1,47,8,-1,-1,-1,-1,-1,-1
2015132150935,2,9,0,18,0,0,0,0,0,0,1,1,2,1,19,4,1229,1,7,-1,1,-1
2015132151027,1,19,0,12,0,0,0,0,0,0,3,1,6,1,30,6,2148,2,8,-1,1,-1
2015132151027,2,9,0,18,0,0,0,0,0,0,4,1,6,1,25,5,1968,2,6,-1,1,-1
2015132151182,1,9,0,18,0,0,0,0,0,0,1,1,6,3,-1,-1,-1,-1,-1,-1,-1,-1
2015132151211,1,9,0,4,0,0,0,0,0,0,3,1,3,1,44,7,2199,2,1,-1,1,-1
2015132151211,2,1,0,18,0,0,0,0,0,0,4,1,3,1,44,7,-1,-1,-1,-1,1,-1
2015132151219,1,9,0,18,0,0,0,0,0,0,4,1,6,3,-1,-1,1242,1,1,-1,-1,-1
2015132160577,1,9,0,17,0,1,0,0,0,0,4,1,1,2,40,7,2993,2,2,-1,1,-1
2015132160649,1,5,0,18,0,3,1,0,0,0,4,1,6,1,68,10,1298,1,6,-1,2,-1
2015132160679,1,8,0,4,0,0,0,0,0,0,0,1,1,1,48,8,1995,2,7,-1,1,-1
2015132160771,1,9,0,7,0,6,0,0,0,0,0,1,6,2,-1,-1,-1,-1,-1,-1,-1,-1
2015132160771,2,9,0,2,0,1,0,0,0,0,4,1,6,1,67,10,-1,-1,-1,-1,1,-1
2015132160771,3,9,0,14,0,1,0,0,0,0,3,1,6,1,63,9,1968,2,6,-1,1,-1
2015132160803,1,9,0,18,0,0,1,7,0,0,1,1,6,2,42,7,1997,2,11,-1,1,-1
2015132160856,1,9,0,9,0,8,0,0,0,0,3,1,6,1,38,7,-1,-1,-1,-1,1,-1
2015132160856,2,9,0,18,0,8,0,0,0,0,1,1,6,2,24,5,2996,1,8,-1,1,-1
2015132160921,1,9,0,18,0,0,0,4,0,0,1,1,6,1,45,7,4000,1,17,-1,1,-1
2015132160921,2,9,0,18,0,0,0,0,0,0,3,1,2,1,35,6,1598,1,10,-1,1,-1
2015132160921,3,9,0,2,0,0,0,0,0,0,1,1,6,3,-1,-1,1364,1,1,-1,-1,-1
2015132160936,1,9,0,18,0,0,0,0,0,0,1,1,6,1,37,7,1997,2,11,-1,1,-1
2015132160936,2,9,0,18,0,0,0,0,0,0,1,1,6,2,57,9,1598,1,8,-1,1,-1
2015132161029,1,9,0,9,0,5,0,0,0,0,4,1,6,2,38,7,1968,2,4,-1,1,-1
2015132161029,2,3,0,18,0,1,0,0,0,0,1,1,6,1,27,6,124,1,9,-1,1,-1
2015132161056,1,9,0,4,0,0,0,0,0,0,1,1,6,1,70,10,1461,2,2,-1,1,-1
2015132161056,2,9,0,4,0,0,0,0,0,0,2,1,6,2,32,6,-1,-1,-1,-1,1,-1
2015132161056,3,9,0,4,0,0,0,0,0,0,2,1,2,1,54,8,1781,1,11,-1,1,-1
2015132161056,4,9,0,4,0,0,0,0,0,0,2,1,6,1,67,10,1364,2,7,-1,1,-1
2015132161225,1,9,0,18,0,8,0,0,0,0,3,1,6,2,45,7,1388,1,10,-1,1,-1
2015132161225,2,9,0,9,0,6,0,0,0,0,4,1,6,2,67,10,1086,1,11,-1,3,-1
2015132161502,1,9,0,18,0,0,1,0,8,11,1,1,6,2,43,7,-1,-1,-1,-1,1,-1
2015132170192,1,19,0,18,0,2,0,0,0,0,1,1,1,1,28,6,1598,2,2,-1,1,-1
2015132170249,1,21,1,16,0,0,5,0,0,0,0,1,1,1,64,9,11705,2,10,-1,2,-1
2015132170356,1,9,0,18,0,0,0,0,0,0,1,1,2,1,34,6,1398,2,11,-1,1,-1
2015132170356,2,9,0,3,0,0,0,0,0,0,2,1,6,1,29,6,1499,2,1,-1,1,-1
2015132170897,1,9,0,18,0,1,1,0,0,0,1,1,6,1,50,8,-1,-1,-1,-1,1,-1
2015132170897,2,19,0,16,0,1,0,0,0,0,1,1,6,1,28,6,2402,2,8,-1,1,-1
2015132171061,1,9,0,9,0,8,0,0,0,0,1,1,6,1,28,6,1596,1,10,-1,1,-1
2015132171133,1,9,0,18,0,0,0,0,0,0,0,1,6,1,28,6,1910,2,7,-1,1,-1
2015132180196,1,9,0,18,0,6,0,0,0,0,1,1,1,1,30,6,1499,2,2,-1,3,-1
2015132180196,2,9,0,4,0,6,0,0,0,0,2,1,1,2,57,9,-1,-1,-1,-1,2,-1
2015132180365,1,11,0,10,0,0,0,0,0,0,0,1,1,1,45,7,-1,2,15,-1,-1,-1
2015132180398,1,9,0,5,0,2,0,0,0,0,1,1,6,3,-1,-1,-1,-1,-1,-1,-1,-1
2015132180457,1,9,0,18,0,0,0,0,0,0,3,1,6,2,56,9,1997,1,2,-1,1,-1
2015132180584,1,9,0,9,0,1,0,0,0,0,1,1,6,1,23,5,1242,1,8,-1,1,-1
2015132180584,2,9,0,13,0,1,0,0,0,0,1,1,6,3,-1,-1,-1,-1,-1,-1,-1,-1
2015132180646,1,9,0,18,0,0,0,0,0,0,3,1,6,1,56,9,1896,2,12,-1,-1,-1
2015132180646,2,9,0,18,0,0,0,0,0,0,3,1,6,1,64,9,1598,2,5,-1,-1,-1
2015132180711,1,9,0,9,0,6,0,0,0,0,1,1,6,2,29,6,1598,1,10,-1,1,-1