Accident_Index,Vehicle_Reference,Vehicle_Type,Towing_and_Articulation,Vehicle_Manoeuvre,Vehicle_Location-Restricted_Lane,Junction_Location,Skidding_and_Overturning,Hit_Object_in_Carriageway,Vehicle_Leaving_Carriageway,Hit_Object_off_Carriageway,1st_Point_of_Impact,Was_Vehicle_Left_Hand_Drive?,Journey_Purpose_of_Driver,Sex_of_Driver,Age_of_Driver,Age_Band_of_Driver,Engine_Capacity_(CC),Propulsion_Code,Age_of_Vehicle,Driver_IMD_Decile,Driver_Home_Area_Type,Vehicle_IMD_Decile
2015132180987,1,9,0,9,0,6,0,0,0,0,3,1,6,2,28,6,1198,1,3,-1,1,-1
2015132180987,2,3,0,18,0,8,0,0,0,0,1,1,6,1,22,5,124,1,8,-1,1,-1
2015132181019,1,9,0,10,0,1,0,0,0,0,2,1,6,1,29,6,1896,2,7,-1,1,-1
2015132181019,2,9,0,18,0,8,0,0,0,0,1,1,6,1,39,7,1951,2,14,-1,1,-1
2015132181029,1,9,0,9,0,8,0,0,0,0,3,1,6,2,43,7,1796,1,10,-1,3,-1
2015132181029,2,9,0,18,0,8,0,0,0,0,1,1,6,1,23,5,-1,-1,-1,-1,1,-1
2015132181418,1,9,0,9,0,6,0,0,0,0,0,1,6,1,22,5,1396,1,13,-1,1,-1
2015132190165,1,9,0,18,0,0,0,0,0,0,1,1,6,1,54,8,1796,1,15,-1,-1,-1
2015132190196,1,19,0,5,0,6,0,0,0,0,1,1,1,1,48,8,2198,2,1,-1,1,-1
2015132190196,2,21,1,18,0,8,0,0,0,0,1,1,1,1,60,9,9290,2,1,-1,1,-1
2015132190220,1,9,0,7,0,5,0,0,0,0,1,1,6,3,-1,-1,-1,-1,-1,-1,-1,-1
2015132190222,1,9,0,9,0,8,0,0,0,0,3,1,3,1,37,7,1995,2,3,-1,1,-1
2015132190222,2,9,0,18,0,8,0,0,0,0,4,1,3,1,57,9,1364,2,9,-1,1,-1
2015132190227,1,9,0,18,0,0,1,12,0,0,1,1,6,2,41,7,1360,1,15,-1,1,-1
2015132190482,1,9,0,18,0,0,0,0,0,0,1,1,6,1,54,8,1968,2,1,-1,1,-1
2015132190764,1,9,0,7,0,3,0,0,0,0,2,1,6,1,49,8,2184,2,10,-1,1,-1
2015132190764,2,9,0,7,0,3,0,0,0,0,1,1,2,1,21,5,-1,-1,-1,-1,1,-1
2015132190802,1,9,0,18,0,8,0,0,0,0,4,1,6,1,70,10,-1,-1,-1,-1,1,-1
2015132190802,2,9,0,18,0,8,0,0,0,0,1,1,1,1,38,7,1896,2,7,-1,1,-1
2015132190806,1,9,0,10,0,1,0,0,0,0,1,1,6,2,68,10,1753,2,9,-1,1,-1
2015132190806,2,4,0,18,0,1,0,0,0,0,1,1,6,1,31,6,124,1,11,-1,1,-1
2015132190828,1,19,0,3,0,0,0,0,0,0,2,1,6,1,48,8,2198,2,6,-1,1,-1
2015132190828,2,9,0,18,0,0,0,0,0,0,2,1,6,2,37,7,1199,2,5,-1,1,-1
2015132190828,3,9,0,18,0,0,0,0,0,0,1,1,6,1,17,4,-1,-1,-1,-1,1,-1
2015132190879,1,21,0,11,0,0,0,0,0,0,4,1,1,1,38,7,6870,2,3,-1,1,-1
2015132190879,2,9,0,18,0,0,0,0,0,0,3,1,6,1,23,5,-1,-1,-1,-1,2,-1
2015132190930,1,9,0,18,0,6,0,0,0,0,1,1,6,2,38,7,1968,2,8,-1,-1,-1
2015132190930,2,9,0,18,0,1,0,0,1,6,0,1,6,1,20,4,-1,-1,-1,-1,-1,-1
2015132190962,1,21,0,14,0,0,0,0,0,0,4,1,1,1,62,9,7790,2,11,-1,1,-1
2015132191033,1,9,0,18,0,8,0,0,0,0,1,1,6,2,39,7,1587,1,10,-1,-1,-1
2015132191127,1,9,0,18,0,2,0,0,0,0,1,1,6,1,28,6,1995,2,7,-1,1,-1
2015132191134,1,19,0,9,0,0,0,0,0,0,2,1,6,1,37,7,-1,-1,-1,-1,1,-1
2015132191134,2,3,0,18,0,0,1,0,0,0,1,1,6,1,18,4,125,1,-1,-1,1,-1
2015132191328,1,9,0,1,0,2,0,0,0,0,2,1,6,1,66,10,1390,1,14,-1,1,-1
2015132191352,1,3,0,18,0,1,0,0,0,0,1,1,6,1,21,5,-1,-1,-1,-1,1,-1
2015132191352,2,9,0,5,0,1,0,0,0,0,3,1,6,3,-1,-1,-1,-1,-1,-1,-1,-1
2015132191437,1,9,0,18,0,1,1,0,0,0,1,1,6,1,18,4,-1,-1,-1,-1,-1,-1
2015132191437,2,9,0,9,0,6,1,0,0,0,2,1,6,1,20,4,1598,2,3,-1,1,-1
2015132191539,1,9,0,18,0,6,0,0,0,0,1,1,6,2,38,7,1968,2,8,-1,-1,-1
2015132191539,2,9,0,18,0,1,0,0,1,6,0,1,6,1,20,4,-1,-1,-1,-1,-1,-1
2015132191751,1,9,0,18,0,0,0,0,0,0,1,1,6,1,64,9,-1,-1,-1,-1,1,-1
2015132191751,2,19,0,2,0,0,0,0,0,0,2,1,6,3,41,7,1753,2,11,-1,-1,-1
20151321A0047,1,9,0,18,0,0,0,0,7,10,1,1,6,1,25,5,1900,2,15,-1,-1,-1
20151321A0047,2,19,0,2,0,0,0,0,0,0,3,1,6,3,-1,-1,2198,2,1,-1,-1,-1
20151321A0339,1,19,0,18,0,0,0,0,0,0,1,1,2,1,30,6,2198,2,3,-1,1,-1
20151321A0370,1,9,0,18,0,0,2,0,1,4,1,1,6,2,51,8,998,1,17,-1,2,-1
20151321A0461,1,9,0,17,0,8,0,0,0,0,1,1,6,1,22,5,1910,2,11,-1,1,-1
20151321A0461,2,2,0,16,0,8,1,0,0,0,1,1,6,1,18,4,-1,-1,-1,-1,-1,-1
20151321A0598,1,9,0,1,0,0,0,0,0,0,2,1,6,1,-1,-1,-1,-1,-1,-1,-1,-1
20151321A0677,1,19,0,18,0,8,0,0,0,0,3,1,6,1,46,8,1686,2,9,-1,1,-1
20151321A0677,2,19,0,11,0,8,0,0,0,0,4,1,6,1,55,8,2402,2,4,-1,1,-1
20151321A0746,1,9,0,16,0,0,2,0,0,0,1,1,6,1,19,4,-1,-1,-1,-1,1,-1
20151321A0866,1,9,0,18,0,8,0,0,0,0,1,1,6,1,28,6,-1,-1,-1,-1,1,-1
20151321A0866,2,9,0,9,0,8,0,0,0,0,3,1,6,1,39,7,1910,2,8,-1,1,-1
20151321A0948,1,9,0,7,0,8,0,0,0,0,0,1,6,2,31,6,996,1,1,-1,1,-1
20151321A0981,1,9,0,9,0,8,0,0,0,0,1,1,6,1,34,6,1596,1,6,-1,1,-1
20151321A0981,2,9,0,18,0,1,0,0,0,0,1,1,6,1,34,6,1968,2,8,-1,1,-1
20151321A1007,1,9,0,1,0,0,0,0,0,0,2,1,6,1,60,9,1995,2,2,-1,-1,-1
20151321A1016,1,9,0,18,0,3,0,0,0,0,0,1,6,2,32,6,1587,1,6,-1,-1,-1
20151321A1016,2,19,0,18,0,3,0,0,0,0,4,1,6,1,36,7,1149,1,10,-1,-1,-1
20151321A1054,1,9,0,3,0,1,0,0,0,0,2,1,6,1,27,6,1968,2,5,-1,3,-1
20151321A1054,2,9,0,18,0,1,0,0,0,0,2,1,6,2,50,8,1794,1,13,-1,2,-1
20151321A1054,3,9,0,18,0,1,0,0,0,0,1,1,6,1,34,6,1995,2,2,-1,2,-1
20151321A1112,1,19,0,18,0,0,0,0,0,0,1,1,6,2,49,8,1560,2,3,-1,3,-1
20151321A1164,1,9,0,18,0,0,0,0,0,0,1,1,6,1,-1,-1,3200,2,13,-1,1,-1
20151321A1164,2,9,0,4,0,0,0,0,0,0,2,1,6,2,24,5,1997,2,10,-1,1,-1
20151321A1318,1,8,0,18,0,1,0,0,0,0,1,1,1,1,33,6,1995,2,7,-1,1,-1
20151321A1318,2,9,0,7,0,1,0,0,0,0,1,1,6,1,39,7,-1,-1,-1,-1,1,-1
20151321A1483,1,9,0,9,0,8,0,0,0,0,4,1,6,2,54,8,1598,1,1,-1,1,-1
20151321A1483,2,9,0,18,0,8,0,0,0,0,1,1,6,2,21,5,998,1,3,-1,1,-1
20151321A1636,1,9,0,16,0,0,0,0,0,0,1,1,6,3,-1,-1,-1,-1,-1,-1,-1,-1
20151321A1636,2,9,0,17,0,0,0,0,0,0,1,1,6,1,44,7,1896,2,9,-1,1,-1
20151321B0332,1,9,0,18,0,0,0,0,0,0,1,1,6,2,29,6,1560,2,1,-1,1,-1
20151321B0332,2,9,0,18,0,0,0,0,0,0,2,1,6,1,25,5,1995,2,9,-1,3,-1
20151321B0588,1,9,0,18,0,0,0,0,0,0,1,1,6,1,43,7,1598,1,13,-1,1,-1
20151321B0588,2,9,0,4,0,0,0,0,0,0,3,1,6,1,81,11,1242,1,8,-1,1,-1
20151321B0588,3,9,0,12,0,0,0,0,0,0,3,1,6,1,26,6,-1,-1,-1,-1,-1,-1
20151321B0629,1,9,0,9,0,5,0,0,0,0,1,1,6,1,44,7,1956,2,1,-1,-1,-1
20151321B0629,2,5,0,18,0,1,0,0,0,0,1,1,6,1,48,8,1170,1,9,-1,-1,-1
20151321B0663,1,9,0,18,0,0,1,0,0,0,1,1,6,1,46,8,1796,1,9,-1,1,-1
20151321B0663,2,9,0,2,0,0,0,0,0,0,3,1,6,3,-1,-1,1997,2,3,-1,-1,-1
20151321B0776,1,9,0,9,0,5,0,0,0,0,1,1,6,2,34,6,1582,2,4,-1,1,-1
20151321B0801,1,9,0,18,0,4,0,0,0,0,1,1,6,2,65,9,1560,2,2,-1,2,-1
20151321B0801,2,9,0,18,0,4,2,0,0,0,4,1,6,1,18,4,1242,1,12,-1,1,-1
20151321B0826,1,9,0,18,0,0,0,0,0,0,1,1,6,1,70,10,-1,-1,-1,-1,3,-1
20151321B0924,1,9,0,18,0,0,0,0,0,0,3,1,6,1,30,6,1997,1,10,-1,-1,-1
20151321B0924,2,9,0,18,0,0,0,0,0,0,1,1,6,1,34,6,998,1,11,-1,-1,-1
20151321B1069,1,9,0,1,0,0,0,0,0,0,0,1,6,1,30,6,998,1,14,-1,-1,-1
20151321C0035,1,9,0,4,0,1,0,0,0,0,2,1,6,1,27,6,1390,1,10,-1,1,-1
20151321C0035,2,9,0,4,0,1,0,0,0,0,1,1,6,1,26,6,1229,1,3,-1,1,-1
20151321C0176,1,3,0,14,0,1,0,0,0,0,1,1,6,1,20,4,125,1,4,-1,3,-1
20151321C0176,2,9,0,5,0,8,0,0,0,0,3,1,6,1,74,10,1495,1,7,-1,1,-1
20151321C0178,1,9,0,7,0,8,0,0,0,0,1,1,2,1,47,8,2402,2,5,-1,3,-1
20151321C0228,1,9,0,18,0,1,0,0,0,0,3,1,6,3,-1,-1,-1,-1,-1,-1,-1,-1
20151321C0306,1,9,0,18,0,2,0,0,0,0,1,1,6,1,60,9,1598,1,9,-1,1,-1
20151321C0347,1,9,0,5,0,0,0,0,0,0,4,1,6,1,55,8,1598,1,6,-1,1,-1
20151321C0347,2,9,0,4,0,0,0,0,0,0,1,1,6,1,21,5,1242,1,13,-1,2,-1
20151321C0369,1,9,0,18,0,0,0,0,0,0,1,1,1,2,29,6,1598,2,2,-1,1,-1
20151321C0369,2,9,0,4,0,0,0,0,0,0,2,1,1,1,46,8,-1,-1,-1,-1,1,-1
20151321C0369,3,9,0,4,0,0,0,0,0,0,2,1,1,1,76,11,2179,2,4,-1,1,-1
20151321C0387,1,9,0,18,0,1,0,0,0,0,1,1,6,1,-1,-1,2793,1,15,-1,1,-1
20151321C0387,2,9,0,18,0,1,0,0,0,0,2,1,6,2,54,8,1199,1,11,-1,1,-1
20151321C0395,1,9,0,18,0,8,0,0,0,0,1,1,6,2,35,6,1870,2,11,-1,1,-1
20151321C0395,2,9,0,18,0,8,0,0,0,0,4,1,6,1,37,7,1998,2,12,-1,1,-1
20151321C0506,1,9,0,18,0,0,1,0,2,7,1,1,6,1,30,6,-1,-1,-1,-1,1,-1
20151321C0506,2,9,0,18,0,0,0,0,0,0,2,1,6,2,32,6,1390,1,6,-1,1,-1
20151321C0757,1,1,0,18,0,8,5,0,0,0,4,1,6,2,57,9,-1,-1,-1,-1,1,-1
20151321C0757,2,9,0,5,0,6,0,0,0,0,1,1,6,1,48,8,2204,2,8,-1,1,-1
20151321C0812,1,9,0,7,0,5,0,0,0,0,4,1,6,2,29,6,1968,2,4,-1,1,-1
20151321C0812,2,11,0,18,0,1,0,0,0,0,1,1,1,1,54,8,9360,2,7,-1,1,-1
20151321C0854,1,9,0,18,0,7,0,0,0,0,1,1,1,1,40,7,-1,-1,-1,-1,1,-1
20151321C0854,2,9,0,18,0,7,0,0,0,0,2,1,2,2,46,8,1997,2,1,-1,1,-1
20151321C0866,1,9,0,18,0,0,5,0,1,0,1,1,6,1,30,6,-1,-1,-1,-1,3,-1
20151321C0948,1,9,0,18,0,0,0,0,0,0,1,1,6,2,41,7,-1,-1,-1,-1,1,-1
20151321C0948,2,9,0,2,0,0,0,0,0,0,3,1,6,1,27,6,-1,-1,-1,-1,1,-1
20151321C1138,1,9,0,9,0,5,0,0,0,0,4,1,6,1,30,6,1389,1,11,-1,-1,-1
20151321C1138,2,1,0,18,0,1,0,0,0,0,1,1,6,1,25,5,-1,-1,-1,-1,-1,-1
20151321C1164,1,9,0,18,0,8,0,0,0,0,1,1,6,1,23,5,1598,1,11,-1,1,-1
20151321C1164,2,9,0,18,0,8,0,0,0,0,4,1,6,1,67,10,2198,2,6,-1,-1,-1
20151321C1448,1,9,0,18,0,8,0,0,0,0,1,1,6,1,-1,-1,1896,2,13,-1,-1,-1
20151321C1448,2,9,0,9,0,8,0,0,0,0,4,1,6,2,46,8,-1,-1,-1,-1,1,-1
20151321C1448,3,8,0,4,0,8,0,0,0,0,1,1,1,1,46,8,1686,2,10,-1,1,-1
20151321D0227,1,9,0,4,0,0,0,0,0,0,1,1,2,2,37,7,1896,2,7,-1,1,-1
20151321D0227,2,9,0,4,0,0,0,0,1,11,2,1,2,2,24,5,998,1,1,-1,-1,-1
20151321D0227,3,9,0,4,0,0,0,0,0,0,4,1,3,2,25,5,-1,-1,-1,-1,1,-1
20151321D0253,1,9,0,18,0,8,0,0,0,0,3,1,6,1,72,10,1598,2,1,-1,1,-1
20151321D0253,2,3,0,18,0,8,0,0,0,0,1,1,2,1,19,4,-1,-1,-1,-1,2,-1
20151321D0262,1,9,0,9,0,6,0,0,0,0,3,1,6,2,30,6,1386,1,5,-1,1,-1
20151321D0262,2,9,0,18,0,1,0,0,0,0,4,1,6,2,41,7,1998,2,8,-1,1,-1
20151321D0302,1,9,0,18,0,0,0,0,4,1,1,1,6,1,-1,-1,1968,2,4,-1,1,-1
20151321D0334,1,9,0,18,0,0,0,0,0,0,1,1,6,1,76,11,1896,2,11,-1,1,-1
20151321D0334,2,21,0,3,0,0,0,0,0,0,2,1,1,1,48,8,10837,2,4,-1,1,-1
20151321D0463,1,9,0,18,0,0,0,0,0,0,4,1,6,2,75,10,1997,1,8,-1,-1,-1
20151321D0545,1,9,0,14,0,1,0,0,0,0,1,1,6,1,-1,-1,-1,-1,-1,-1,-1,-1
20151321D0704,1,21,0,11,0,0,0,0,0,0,4,1,1,1,31,6,6870,2,7,-1,1,-1
20151321D0704,2,9,0,18,0,0,0,0,0,0,3,1,2,2,48,8,1229,1,3,-1,1,-1
20151321D0776,1,9,0,18,0,0,0,0,0,0,1,1,6,1,47,8,999,1,14,-1,1,-1
20151321D0796,1,3,0,18,0,0,5,0,0,0,0,1,6,1,17,4,125,1,12,-1,1,-1
20151321D0963,1,9,0,18,0,8,0,0,3,0,4,1,6,2,32,6,1598,2,3,-1,3,-1
20151321D0963,2,9,0,18,0,8,0,0,0,0,1,1,2,2,53,8,-1,-1,-1,-1,2,-1
20151321D1014,1,9,0,18,0,8,0,0,0,0,4,1,2,1,49,8,-1,-1,-1,-1,-1,-1
20151321D1014,2,9,0,5,0,8,0,0,0,0,3,1,6,1,62,9,1796,1,13,-1,1,-1
20151321D1030,1,9,0,18,9,1,0,0,0,0,1,1,6,3,-1,-1,-1,-1,-1,-1,-1,-1
20151321D1076,1,9,0,18,0,1,0,0,0,0,1,1,6,1,43,7,1798,1,7,-1,1,-1
20151321D1076,2,9,0,3,0,1,0,0,0,0,2,1,6,1,36,7,1968,2,2,-1,1,-1
20151321D1267,1,9,0,4,0,0,0,0,0,0,2,1,6,1,35,6,1998,2,9,-1,1,-1
20151321D1267,2,9,0,18,0,0,0,0,0,0,1,1,6,1,33,6,1686,2,9,-1,1,-1
20151321D1303,1,9,0,18,0,0,0,0,0,0,1,1,6,1,28,6,1199,1,14,-1,1,-1
20151321D1303,2,9,0,4,0,0,0,0,0,0,2,1,2,1,33,6,1753,2,10,-1,1,-1
20151321D1551,1,3,0,18,0,0,0,0,0,0,3,1,6,2,31,6,124,1,3,-1,1,-1
20151321E0206,1,9,0,18,0,0,0,0,0,0,1,1,6,2,62,9,1242,1,3,-1,1,-1
20151321E0206,2,9,0,18,0,0,0,0,0,0,1,1,6,2,61,9,1968,2,7,-1,1,-1
20151321E0386,1,9,0,5,0,6,0,0,0,0,3,1,6,1,44,7,1900,2,14,-1,1,-1
20151321E0386,2,9,0,17,0,8,0,0,0,0,1,1,6,1,20,4,1242,1,8,-1,1,-1
20151321E0436,1,11,0,4,0,2,0,0,0,0,4,1,1,1,27,6,5900,2,9,-1,1,-1
20151321E0578,1,19,0,18,0,4,0,0,0,0,1,1,1,1,63,9,2494,2,11,-1,1,-1
20151321E0578,2,11,0,9,0,8,0,0,0,0,1,1,1,1,32,6,4500,2,4,-1,1,-1
20151321E0628,1,9,0,18,0,0,0,0,0,0,1,1,6,2,86,11,1299,1,10,-1,1,-1
20151321E0628,2,9,0,2,0,0,0,0,0,0,3,1,6,1,-1,-1,1984,1,1,-1,-1,-1
20151321E0628,3,9,0,2,0,0,0,0,0,0,3,1,6,1,-1,-1,1596,1,8,-1,-1,-1
20151321E0628,4,9,0,2,0,0,0,0,0,0,3,1,6,1,-1,-1,1198,1,1,-1,-1,-1
20151321E0628,5,9,0,2,0,0,0,0,0,0,4,1,6,1,-1,-1,1591,1,6,-1,-1,-1
20151321E0807,1,9,0,9,0,1,0,0,0,0,1,1,6,1,84,11,1951,2,10,-1,3,-1
20151321E0807,2,9,0,18,0,1,0,0,0,0,1,1,6,2,39,7,-1,-1,-1,-1,2,-1
20151321E0817,1,9,0,18,0,8,0,0,0,0,4,1,6,1,31,6,1796,1,13,-1,-1,-1
20151321E0817,2,9,0,18,0,8,0,0,0,0,3,1,6,2,47,8,1198,1,8,-1,1,-1
20151321E0836,1,8,0,18,0,8,0,0,0,0,1,1,1,1,42,7,-1,-1,-1,-1,1,-1
20151321E0836,2,9,0,9,0,5,0,0,0,0,1,1,6,1,82,11,-1,-1,-1,-1,1,-1
20151321E0849,1,9,0,18,0,1,0,0,0,0,1,1,6,1,-1,-1,-1,-1,-1,-1,-1,-1
20151321E0849,2,9,0,3,0,1,0,0,0,0,2,1,6,1,-1,-1,1399,2,10,-1,1,-1
20151321E0971,1,9,0,18,0,0,0,0,2,4,1,1,6,2,26,6,-1,-1,-1,-1,1,-1
20151321E1020,1,9,0,9,0,5,0,0,0,0,1,1,6,1,36,7,2616,1,10,-1,1,-1
20151321E1046,1,9,0,18,0,8,0,0,0,0,3,1,6,1,23,5,1598,1,9,-1,1,-1
20151321E1046,2,9,0,18,0,8,0,0,0,0,1,1,6,1,26,6,1461,2,5,-1,1,-1
20151321E1208,1,9,0,12,0,0,0,0,0,0,3,1,2,1,24,5,1995,2,1,-1,1,-1
20151321E1208,2,9,0,18,0,0,0,0,5,7,4,1,6,1,38,7,-1,-1,-1,-1,1,-1
20151321E1307,1,9,0,18,0,1,0,0,1,0,1,1,6,1,71,10,1360,1,4,-1,1,-1
20151321E1307,2,9,0,9,0,6,0,0,0,0,3,1,6,1,26,6,2199,2,7,-1,1,-1
20151321E1447,1,8,0,6,0,8,0,0,0,0,1,1,1,1,31,6,1686,2,8,-1,1,-1
20151321F0077,1,21,0,18,0,0,0,0,0,0,1,1,1,1,43,7,7146,2,2,-1,1,-1
20151321F0189,1,9,0,9,0,5,0,0,0,0,1,1,6,3,-1,-1,-1,-1,-1,-1,-1,-1
20151321F0211,1,9,0,5,0,1,0,0,0,0,1,1,2,1,32,6,-1,-1,-1,-1,1,-1
20151321F0211,2,9,0,18,0,1,0,0,0,0,3,1,2,2,24,5,1198,1,13,-1,1,-1
20151321F0220,1,9,0,11,0,8,0,0,0,0,2,1,6,1,48,8,1910,2,10,-1,1,-1
20151321F0220,2,21,1,18,0,8,0,0,0,0,1,1,1,1,48,8,-1,-1,-1,-1,-1,-1
20151321F0231,1,9,0,18,0,2,0,0,0,0,3,1,2,2,33,6,1248,2,5,-1,2,-1
20151321F0805,1,9,0,18,0,0,0,0,0,0,1,1,6,1,17,4,1242,1,2,-1,2,-1
20151321F0850,1,9,0,18,0,2,0,0,0,0,1,1,6,1,47,8,1796,1,13,-1,1,-1
20151321F0884,1,9,0,18,0,6,0,0,0,0,4,1,6,1,36,7,1341,1,16,-1,1,-1
20151321F0884,2,1,0,18,4,8,0,0,0,0,1,1,6,1,23,5,-1,-1,-1,-1,1,-1
20151321F0915,1,9,0,14,0,0,0,0,0,0,3,1,6,1,-1,-1,1997,2,11,-1,1,-1
20151321F1076,1,9,0,4,0,1,0,0,0,0,1,1,1,2,30,6,1560,2,4,-1,1,-1
20151321F1076,2,19,0,18,0,8,0,0,0,0,4,1,1,1,31,6,1248,2,4,-1,1,-1
20151321F1169,1,9,0,7,0,0,0,0,0,0,1,1,6,1,18,4,-1,-1,-1,-1,1,-1
20151321G0168,1,9,0,18,0,1,0,0,0,0,1,1,2,1,25,5,1968,2,9,-1,1,-1
20151321G0168,2,9,0,4,0,2,0,0,0,0,1,1,2,1,48,8,1686,2,3,-1,1,-1
20151321G0202,1,21,1,18,0,0,0,0,0,0,3,1,6,1,50,8,12777,2,4,-1,1,-1
20151321G0202,2,9,0,18,0,0,0,0,0,0,4,1,1,1,29,6,1339,1,7,-1,3,-1
20151321G0202,3,9,0,18,0,0,0,0,0,0,2,1,6,2,66,10,1995,2,3,-1,3,-1
20151321G0202,4,9,0,18,0,0,0,0,0,0,1,1,6,1,29,6,1597,2,1,-1,1,-1
20151321G0202,5,9,0,18,0,0,0,0,0,0,1,1,6,2,46,8,1968,2,6,-1,1,-1
20151321G0202,6,9,0,18,0,0,0,0,0,0,1,1,6,2,33,6,1560,2,10,-1,1,-1
20151321G0230,1,9,0,18,0,6,0,0,0,0,1,1,6,1,35,6,1398,1,8,-1,1,-1
20151321G0230,2,8,0,18,0,8,0,0,0,0,3,1,6,1,39,7,1560,2,6,-1,1,-1
20151321G0257,1,9,0,18,0,0,1,0,1,11,3,1,6,2,29,6,-1,-1,-1,-1,3,-1
20151321G0257,2,9,0,18,0,0,1,0,1,11,4,1,6,2,24,5,1248,2,8,-1,2,-1
20151321G0303,1,9,0,18,0,0,0,0,0,0,4,1,6,3,-1,-1,-1,-1,-1,-1,-1,-1
20151321G0361,1,9,0,16,0,0,1,0,7,2,1,1,1,1,23,5,-1,-1,-1,-1,1,-1
20151321G0539,1,9,0,3,0,0,0,0,0,0,2,1,6,1,42,7,2183,2,4,-1,1,-1
20151321G0539,2,9,0,3,0,0,0,0,0,0,2,1,6,2,20,4,1149,1,8,-1,1,-1
20151321G0539,3,19,0,18,0,0,0,0,0,0,1,1,6,1,26,6,-1,-1,-1,-1,1,-1
20151321G0539,4,19,0,18,0,0,0,0,0,0,1,1,6,1,36,7,1998,2,10,-1,1,-1
20151321G0539,5,9,0,3,0,0,0,0,0,0,2,1,6,1,29,6,1598,2,5,-1,1,-1
20151321G0572,1,9,0,3,0,0,0,0,0,0,2,1,2,1,23,5,1328,1,9,-1,1,-1
20151321G0572,2,17,0,5,0,0,1,0,0,0,1,1,1,1,25,5,-1,2,14,-1,3,-1
20151321G0667,1,9,0,7,0,8,0,0,0,0,1,1,6,1,27,6,2967,2,2,-1,1,-1
20151321G0741,1,9,0,7,0,0,0,0,0,0,1,1,6,2,-1,-1,1124,1,15,-1,1,-1
20151321G0741,2,9,0,18,0,0,0,0,0,0,3,1,6,2,33,6,1686,2,10,-1,1,-1
20151321G0798,1,9,0,18,0,0,0,0,0,0,1,1,6,1,40,7,1686,2,15,-1,1,-1
20151321G0798,2,9,0,18,0,0,0,0,0,0,2,1,6,2,49,8,-1,-1,-1,-1,1,-1
20151321G0798,3,9,0,18,0,0,0,0,0,0,2,1,6,2,54,8,998,1,2,-1,1,-1
20151321G0989,1,9,0,18,0,0,0,0,0,0,1,1,6,1,27,6,1390,1,2,-1,-1,-1
20151321G0989,2,9,0,18,0,0,0,0,0,0,2,1,6,1,21,5,-1,-1,-1,-1,1,-1
20151321G1108,1,9,0,18,0,0,0,0,0,0,1,1,6,1,64,9,1796,1,7,-1,1,-1
20151321G1192,1,9,0,18,0,0,0,0,0,0,4,1,6,3,-1,-1,-1,-1,-1,-1,-1,-1
20151321G1200,1,9,0,13,0,0,0,0,0,0,1,1,6,1,71,10,-1,-1,-1,-1,1,-1
20151321G1200,2,9,0,18,0,0,0,0,0,0,1,1,6,2,68,10,1498,1,6,-1,2,-1
20151321G1200,3,9,0,18,0,0,0,0,0,0,2,1,6,1,29,6,1398,2,11,-1,1,-1
20151321H0156,1,9,0,18,0,1,0,0,0,0,1,1,6,2,24,5,1242,1,8,-1,1,-1
20151321H0156,2,9,0,2,0,1,0,0,0,0,2,1,6,3,-1,-1,2495,2,14,-1,-1,-1
20151321H0156,3,9,0,2,0,1,0,0,0,0,1,1,6,3,-1,-1,1390,1,13,-1,-1,-1
20151321H0156,4,9,0,2,0,1,0,0,0,0,2,1,6,3,-1,-1,1896,2,11,-1,-1,-1
20151321H0225,1,9,0,18,0,8,1,0,1,1,1,1,6,2,44,7,1498,1,5,-1,1,-1
20151321H0225,2,9,0,18,0,8,1,0,7,1,3,1,6,1,38,7,1598,1,6,-1,1,-1
20151321H0384,1,9,0,16,0,0,0,0,0,0,1,1,6,2,24,5,2204,2,8,-1,1,-1
20151321H0384,2,9,0,17,0,0,0,0,0,0,1,1,6,2,29,6,1399,2,7,-1,1,-1
20151321H0411,1,9,0,1,0,0,0,0,7,0,1,1,6,1,40,7,1956,2,5,-1,1,-1
20151321H0411,2,9,0,1,0,0,0,0,1,0,1,1,6,1,66,10,1560,2,2,-1,1,-1
20151321H0458,1,9,0,4,0,2,1,0,0,0,1,1,6,1,74,10,1968,2,2,-1,3,-1
20151321H0458,2,9,0,18,0,1,0,0,0,0,1,1,6,1,75,10,-1,-1,-1,-1,2,-1
20151321H0565,1,9,0,18,0,0,0,0,0,0,1,1,6,1,29,6,1560,2,2,-1,1,-1
20151321H0565,2,9,0,18,0,0,0,0,0,0,1,1,6,1,49,8,1997,2,12,-1,1,-1
20151321H0638,1,9,0,4,0,0,0,0,0,0,2,1,6,1,33,6,2993,2,9,-1,1,-1
20151321H0638,2,9,0,4,0,0,0,0,0,0,1,1,6,1,22,5,1299,1,11,-1,1,-1
20151321H0956,1,9,0,18,0,1,0,0,0,0,1,1,6,3,-1,-1,-1,-1,-1,-1,-1,-1
20151321H0956,2,9,0,3,0,1,0,0,0,0,2,1,6,2,48,8,1242,1,-1,-1,1,-1
20151321H1437,1,9,0,18,0,0,1,0,0,7,1,1,6,2,24,5,1360,1,4,-1,1,-1
20151321I0242,1,9,0,18,0,0,0,0,0,0,3,1,1,1,55,8,1968,2,5,-1,1,-1
20151321I0242,2,3,0,18,0,0,0,0,0,0,1,1,1,1,17,4,125,1,1,-1,1,-1
20151321I0756,1,9,0,7,0,6,0,0,0,0,3,1,6,2,18,4,998,1,10,-1,1,-1
20151321I0756,2,9,0,18,0,8,0,0,0,0,1,1,6,1,50,8,1998,2,12,-1,1,-1
20151321I1028,1,11,0,18,0,0,0,0,0,0,0,1,1,1,48,8,9360,2,6,-1,1,-1
20151321I1042,1,3,0,18,0,2,1,4,0,0,1,1,6,1,29,6,124,1,23,-1,1,-1