Accident_Index,Vehicle_Reference,Vehicle_Type,Towing_and_Articulation,Vehicle_Manoeuvre,Vehicle_Location-Restricted_Lane,Junction_Location,Skidding_and_Overturning,Hit_Object_in_Carriageway,Vehicle_Leaving_Carriageway,Hit_Object_off_Carriageway,1st_Point_of_Impact,Was_Vehicle_Left_Hand_Drive?,Journey_Purpose_of_Driver,Sex_of_Driver,Age_of_Driver,Age_Band_of_Driver,Engine_Capacity_(CC),Propulsion_Code,Age_of_Vehicle,Driver_IMD_Decile,Driver_Home_Area_Type,Vehicle_IMD_Decile
20151321I1042,2,9,0,2,0,2,0,0,0,0,2,1,6,3,-1,-1,1596,1,12,-1,-1,-1
20151321J0398,1,9,0,4,0,0,0,0,0,0,1,1,6,1,35,6,-1,-1,-1,-1,1,-1
20151321J0398,2,9,0,4,0,0,0,0,0,0,2,1,6,2,21,5,1598,2,3,-1,2,-1
20151321J0398,3,9,0,18,0,0,0,0,0,0,2,1,6,1,41,7,-1,-1,-1,-1,1,-1
20151321J0444,1,20,0,4,0,0,1,0,0,0,1,1,1,1,38,7,-1,2,12,-1,1,-1
20151321J0444,2,9,0,4,0,0,0,0,0,0,2,1,6,1,84,11,1596,1,2,-1,1,-1
20151321J0605,1,4,0,18,0,1,1,0,0,0,1,1,6,1,18,4,124,1,4,-1,1,-1
20151321J0605,2,9,0,18,0,2,0,0,0,0,1,1,6,1,26,6,-1,-1,-1,-1,1,-1
20151321J0614,1,19,0,18,0,0,0,0,0,0,4,1,1,1,42,7,1598,2,1,-1,3,-1
20151321J0614,2,9,0,18,0,0,0,0,0,0,3,1,1,2,50,8,1360,1,8,-1,1,-1
20151321J0655,1,9,0,18,0,1,0,0,0,0,1,1,6,1,40,7,1198,1,11,-1,1,-1
20151321J0655,2,9,0,18,0,1,0,0,0,0,4,1,6,1,36,7,1997,2,13,-1,1,-1
20151321J0702,1,9,0,5,0,0,0,0,0,0,4,1,6,1,80,11,1339,1,3,-1,1,-1
20151321J0702,2,1,0,15,0,0,5,0,0,0,2,1,6,1,44,7,-1,-1,-1,-1,1,-1
20151321J0952,1,21,0,4,0,0,0,0,0,0,1,1,1,1,37,7,10518,2,8,-1,1,-1
20151321J0952,2,21,1,4,0,0,0,0,0,0,2,1,1,1,34,6,10677,2,1,-1,1,-1
20151321J0998,1,9,0,18,0,8,0,0,0,0,3,1,6,1,31,6,1990,1,21,-1,3,-1
20151321J0998,2,9,0,9,0,6,0,0,0,0,1,1,6,1,59,9,-1,-1,-1,-1,1,-1
20151321J1321,1,9,0,8,0,1,0,0,0,0,1,1,6,1,-1,-1,1686,2,10,-1,-1,-1
20151321J1321,2,9,0,8,0,1,0,0,0,0,2,1,6,1,67,10,1596,1,11,-1,1,-1
20151321K0151,1,9,0,18,0,0,0,0,0,0,3,1,6,2,42,7,2401,2,10,-1,2,-1
20151321K0151,2,21,1,13,0,0,0,0,0,0,4,1,6,3,-1,-1,-1,-1,-1,-1,-1,-1
20151321K0209,1,9,0,6,0,0,0,0,0,0,3,1,2,2,36,7,1390,1,3,-1,1,-1
20151321K0209,2,1,0,13,0,0,0,0,0,0,4,1,2,1,36,7,-1,-1,-1,-1,1,-1
20151321K0226,1,9,0,4,0,0,1,0,0,0,1,1,2,2,29,6,-1,-1,-1,-1,1,-1
20151321K0226,2,9,0,4,0,0,0,0,0,0,2,1,2,1,29,6,1968,2,6,-1,1,-1
20151321K0226,3,9,0,4,0,0,0,0,0,0,2,1,2,1,39,7,1560,2,5,-1,1,-1
20151321K0238,1,9,0,11,0,0,0,0,0,0,4,1,1,2,43,7,2148,2,7,-1,1,-1
20151321K0238,2,5,0,18,0,0,0,0,0,0,3,1,1,1,52,8,-1,-1,-1,-1,2,-1
20151321K0325,1,9,0,18,0,0,0,0,0,0,1,1,2,2,22,5,1296,1,9,-1,1,-1
20151321K0332,1,9,0,9,0,8,0,0,0,0,4,1,6,2,20,4,998,1,9,-1,1,-1
20151321K0332,2,9,0,18,0,2,0,0,1,10,3,1,6,2,41,7,1388,1,4,-1,1,-1
20151321K0584,1,9,0,18,0,4,0,0,0,0,1,1,6,1,72,10,1910,2,7,-1,3,-1
20151321K0584,2,1,0,18,0,3,0,0,0,0,4,1,6,1,36,7,-1,-1,-1,-1,1,-1
20151321K0675,1,9,0,9,0,8,0,0,0,0,3,1,6,3,-1,-1,-1,-1,-1,-1,-1,-1
20151321K0675,2,3,0,18,0,8,0,0,0,0,4,1,6,1,22,5,125,1,10,-1,1,-1
20151321K0681,1,11,0,9,0,8,0,0,0,0,4,1,1,1,47,8,4461,2,1,-1,1,-1
20151321K0751,1,9,0,18,0,1,1,0,0,0,1,1,6,2,30,6,1997,2,5,-1,1,-1
20151321K0903,1,9,0,5,0,2,0,0,0,0,1,1,2,2,28,6,1497,1,13,-1,1,-1
20151321K0978,1,9,0,17,0,0,2,0,1,9,1,1,6,2,21,5,-1,-1,-1,-1,1,-1
20151321K1002,1,9,0,12,0,0,0,0,0,0,3,1,2,1,28,6,-1,-1,-1,-1,1,-1
20151321K1002,2,9,0,12,0,0,1,0,4,6,1,1,2,2,25,5,-1,-1,-1,-1,1,-1
20151321K1002,3,9,0,12,0,0,1,0,0,0,4,1,2,2,37,7,1968,2,8,-1,1,-1
20151321K1002,4,9,0,18,0,0,1,0,0,0,1,1,2,1,38,7,1995,2,2,-1,1,-1
20151321K1002,5,9,0,18,0,0,1,0,0,0,1,1,2,1,23,5,-1,-1,-1,-1,3,-1
20151321K1002,6,9,0,18,0,0,1,0,0,0,1,1,2,1,24,5,-1,-1,-1,-1,2,-1
20151321K1027,1,9,0,14,0,0,0,0,0,0,1,1,6,1,45,7,1997,2,1,-1,1,-1
20151321K1112,1,9,0,9,0,8,0,0,0,0,1,1,6,1,64,9,1999,1,12,-1,1,-1
20151321K1112,2,9,0,18,0,8,0,0,0,0,3,1,6,1,42,7,1596,1,10,-1,1,-1
20151321K1129,1,9,0,4,0,0,0,0,0,0,1,1,6,2,49,8,1686,2,5,-1,1,-1
20151321K1129,2,9,0,3,0,0,0,0,0,0,2,1,6,1,51,8,-1,-1,-1,-1,1,-1
20151321K1138,1,9,0,9,0,8,0,0,0,0,1,1,6,2,62,9,1197,1,4,-1,1,-1
20151321K1138,2,9,0,18,0,8,0,0,0,0,1,1,6,1,23,5,1198,1,12,-1,1,-1
20151321K1481,1,9,0,9,0,8,0,0,0,0,1,1,6,2,18,4,1149,1,15,-1,1,-1
20151321L0199,1,21,1,18,0,3,0,0,0,0,4,1,1,1,53,8,4580,2,9,-1,1,-1
20151321L0199,2,9,0,18,0,3,0,0,0,0,3,1,6,1,50,8,1598,2,2,-1,3,-1
20151321L0205,1,9,0,18,0,0,2,0,1,11,4,1,2,2,28,6,-1,-1,-1,-1,1,-1
20151321L0363,1,9,0,18,0,0,1,0,0,0,1,1,6,1,65,9,1997,2,10,-1,1,-1
20151321L0363,2,19,0,18,0,0,0,0,0,0,1,1,1,1,33,6,2148,2,5,-1,1,-1
20151321L0434,1,9,0,18,9,0,1,0,1,0,1,1,6,3,-1,-1,-1,-1,-1,-1,-1,-1
20151321L0515,1,9,0,18,0,1,0,0,0,0,1,1,6,1,28,6,1422,2,9,-1,-1,-1
20151321L0515,2,9,0,3,0,1,0,0,0,0,2,1,6,2,23,5,-1,-1,-1,-1,2,-1
20151321L0680,1,9,0,18,0,0,0,0,0,0,0,1,3,2,26,6,1598,1,1,-1,1,-1
20151321L0680,2,9,0,18,0,0,1,0,0,0,1,1,6,1,23,5,-1,-1,-1,-1,1,-1
20151321L0897,1,9,0,9,0,2,0,0,0,0,1,1,6,1,23,5,1968,2,11,-1,1,-1
20151321L0897,2,9,0,18,0,8,0,0,0,0,3,1,6,1,39,7,1598,1,5,-1,1,-1
20151321L0898,1,9,0,17,0,0,1,0,1,11,1,1,6,2,29,6,1364,1,8,-1,1,-1
20151321L0898,2,9,0,17,0,0,0,0,0,0,1,1,6,1,66,10,1968,2,2,-1,1,-1
20151321L1338,1,9,0,18,0,0,0,0,1,0,1,1,6,1,22,5,1753,2,12,-1,1,-1
20151321L1493,1,9,0,7,0,8,0,0,0,0,1,1,6,1,35,6,1598,1,3,-1,1,-1
20151321L1493,2,8,0,18,0,8,0,0,0,0,1,1,6,1,34,6,1997,2,7,-1,1,-1
20151321L1572,1,9,0,9,0,6,0,0,0,0,1,1,6,1,34,6,2993,2,4,-1,1,-1
20151321L1829,1,9,0,18,0,0,0,0,0,0,1,1,6,2,43,7,1349,1,4,-1,1,-1
20151321M0295,1,9,0,18,0,0,1,0,1,0,1,1,6,1,38,7,1968,2,1,-1,1,-1
20151321M0589,1,9,0,7,0,8,1,0,3,1,1,1,6,2,28,6,1560,2,8,-1,1,-1
20151321M0622,1,9,0,9,0,8,0,0,0,0,2,1,6,2,35,6,-1,-1,-1,-1,1,-1
20151321M0622,2,19,0,18,0,8,0,0,0,0,1,1,1,1,32,6,2143,2,5,-1,-1,-1
20151321M0838,1,9,0,18,0,8,0,0,0,0,1,1,6,1,22,5,1398,2,12,-1,1,-1
20151321M0838,2,9,0,9,0,8,0,0,0,0,1,1,6,1,41,7,-1,-1,-1,-1,1,-1
20151321M0854,1,9,0,18,0,0,0,0,0,0,3,1,6,2,49,8,1242,1,1,-1,1,-1
20151321M0977,1,9,0,7,0,1,0,0,0,0,1,1,1,1,41,7,1968,2,4,-1,3,-1
20151321M0977,2,9,0,18,0,6,0,0,0,0,2,1,6,2,34,6,1299,1,16,-1,1,-1
20151321M0977,3,9,0,10,0,1,0,0,0,0,2,1,3,1,74,10,-1,-1,-1,-1,1,-1
20151321M1029,1,11,0,18,0,0,0,0,0,0,1,1,1,1,25,5,9000,2,16,-1,1,-1
20151321M1029,2,11,0,18,0,0,0,0,0,0,1,1,1,1,62,9,7300,2,7,-1,-1,-1
20151321M1097,1,9,0,9,0,8,0,0,0,0,1,1,2,1,28,6,-1,-1,-1,-1,1,-1
20151321M1097,2,1,0,18,0,8,0,0,0,0,1,1,2,1,34,6,-1,-1,-1,-1,-1,-1
20151321M1220,1,9,0,5,0,4,0,0,0,0,1,1,2,2,37,7,1398,1,5,-1,1,-1
20151321M1220,2,9,0,4,0,4,0,0,0,0,2,1,2,2,29,6,1598,1,2,-1,1,-1
20151321M1525,1,9,0,9,0,5,0,0,0,0,0,1,6,2,20,4,1299,1,7,-1,1,-1
20151321M1525,2,9,0,18,0,1,0,0,0,0,1,1,6,3,-1,-1,-1,-1,-1,-1,-1,-1
20151321N0096,1,9,0,18,0,0,0,0,2,7,4,1,6,1,32,6,-1,-1,-1,-1,1,-1
20151321N0096,2,90,0,18,0,0,0,0,0,0,3,1,1,1,28,6,-1,-1,-1,-1,1,-1
20151321N0172,1,9,0,18,0,0,1,0,0,0,1,1,2,2,47,8,1360,1,12,-1,-1,-1
20151321N0184,1,9,0,18,0,0,0,0,0,0,1,1,6,1,65,9,-1,-1,-1,-1,-1,-1
20151321N0184,2,9,0,4,0,0,0,0,0,0,2,1,6,2,38,7,2521,1,6,-1,1,-1
20151321N0194,1,9,0,18,0,0,0,0,0,0,1,1,6,1,52,8,-1,-1,-1,-1,1,-1
20151321N0194,2,9,0,18,0,0,0,0,0,0,1,1,6,1,68,10,1591,1,2,-1,1,-1
20151321N0231,1,9,0,18,0,0,0,0,0,0,2,1,6,2,36,7,-1,-1,-1,-1,1,-1
20151321N0231,2,9,0,18,0,0,0,0,0,0,1,1,1,2,26,6,-1,-1,-1,-1,3,-1
20151321N0237,1,9,0,5,0,6,0,0,0,0,1,1,1,1,50,8,1910,2,10,-1,1,-1
20151321N0237,2,1,0,18,0,1,0,0,0,0,2,1,1,1,39,7,-1,-1,-1,-1,1,-1
20151321N0271,1,9,0,7,0,0,1,0,0,0,1,1,6,2,21,5,1398,1,4,-1,1,-1
20151321N0271,2,9,0,2,0,0,0,0,7,10,4,1,6,3,-1,-1,1363,2,10,-1,1,-1
20151321N0302,1,9,0,18,0,1,0,0,0,0,1,1,2,2,22,5,-1,-1,-1,-1,-1,-1
20151321N0302,2,21,0,9,0,8,0,0,0,0,3,1,1,1,66,10,12130,2,12,-1,-1,-1
20151321N0914,1,9,0,9,0,1,0,0,7,10,1,1,1,1,61,9,-1,-1,-1,-1,1,-1
20151321N0914,2,9,0,18,0,1,0,0,1,1,1,1,6,1,27,6,3597,1,6,-1,1,-1
20151321N0922,1,9,0,18,0,6,0,0,0,0,1,1,6,1,32,6,1497,1,9,-1,-1,-1
20151321N0922,2,1,0,18,0,1,0,0,0,0,0,1,6,2,22,5,-1,-1,-1,-1,-1,-1
20151321N0987,1,9,0,4,0,0,0,0,0,0,1,1,6,1,44,7,1995,2,1,-1,2,-1
20151321N1061,1,9,0,9,0,6,0,0,0,0,1,1,6,1,46,8,1995,2,2,-1,1,-1
20151321N1061,2,9,0,18,0,8,0,0,0,11,4,1,6,1,22,5,1968,2,9,-1,1,-1
20151321N1177,1,9,0,9,0,6,0,0,0,0,3,1,2,1,21,5,1461,2,4,-1,1,-1
20151321N1177,2,5,0,18,0,8,0,0,0,0,1,1,2,1,51,8,599,1,17,-1,1,-1
20151321N1264,1,9,0,18,0,6,1,0,1,0,1,1,6,2,27,6,1781,1,13,-1,1,-1
20151321N1264,2,9,0,18,0,8,1,0,7,11,4,1,6,2,34,6,1968,2,8,-1,2,-1
20151321O0393,1,9,0,18,0,0,1,0,0,0,1,1,6,1,23,5,1390,1,1,-1,1,-1
20151321O0393,2,9,0,4,0,0,1,0,0,0,1,1,6,2,35,6,-1,-1,-1,-1,1,-1
20151321O0393,3,9,0,2,0,0,0,0,0,0,2,1,6,2,32,6,998,1,14,-1,1,-1
20151321O0394,1,9,0,18,0,6,1,0,0,0,1,1,6,1,26,6,1596,1,10,-1,1,-1
20151321O0394,2,11,0,18,0,1,0,0,0,0,2,1,1,1,40,7,9360,2,7,-1,1,-1
20151321O0494,1,9,0,7,0,0,0,0,0,0,1,1,6,2,64,9,1296,1,9,-1,1,-1
20151321O0590,1,9,0,7,0,6,0,0,0,0,4,1,6,2,52,8,1339,1,5,-1,-1,-1
20151321O0635,1,11,0,18,2,1,0,0,0,0,0,1,1,1,48,8,4760,2,2,-1,1,-1
20151321O0635,2,9,0,9,0,1,0,0,0,0,1,1,6,1,54,8,1997,2,6,-1,-1,-1
20151321O0668,1,9,0,18,0,1,0,0,0,0,1,1,6,1,37,7,1968,2,3,-1,-1,-1
20151321O0668,2,9,0,6,0,1,0,0,0,0,3,1,6,1,36,7,-1,-1,-1,-1,-1,-1
20151321O0726,1,9,0,18,0,0,0,0,0,0,0,1,6,1,20,4,1901,2,9,-1,1,-1
20151321O0726,2,9,0,18,0,0,0,0,0,0,2,1,6,2,30,6,2179,2,2,-1,1,-1
20151321O0930,1,9,0,18,0,0,0,0,7,4,1,1,6,1,83,11,-1,-1,-1,-1,1,-1
20151321O1129,1,9,0,18,0,0,0,0,0,0,1,1,6,1,20,4,1248,2,9,-1,1,-1
20151321O1487,1,9,0,9,0,8,0,0,0,0,1,1,6,1,18,4,998,1,4,-1,1,-1
20151321O1487,2,9,0,18,0,8,0,0,0,0,1,1,6,1,54,8,1910,2,6,-1,-1,-1
20151321O1557,1,9,0,9,0,6,0,0,0,0,1,1,6,1,-1,-1,1360,1,11,-1,-1,-1
20151321O1557,2,9,0,18,0,8,0,0,0,0,4,1,6,1,21,5,-1,-1,-1,-1,1,-1
20151321O1665,1,8,0,18,0,0,0,0,0,0,4,1,1,1,58,9,1598,2,2,-1,1,-1
20151321O1689,1,9,0,18,0,4,0,0,0,0,0,1,6,2,57,9,1598,1,5,-1,1,-1
20151321O1689,2,9,0,18,0,4,0,0,0,0,2,1,6,1,58,9,999,1,3,-1,1,-1
20151321P0517,1,9,0,6,0,0,0,0,0,0,2,1,6,1,19,4,-1,-1,-1,-1,1,-1
20151321P0517,2,9,0,18,0,0,0,0,0,0,1,1,6,1,47,8,1753,2,8,-1,1,-1
20151321P0582,1,9,0,4,0,1,0,0,0,0,1,1,6,2,55,8,1968,2,5,-1,-1,-1
20151321P0582,2,9,0,3,0,1,0,0,0,0,2,1,6,1,65,9,1582,2,3,-1,-1,-1
20151321P0599,1,9,0,10,0,1,0,0,0,0,1,1,1,1,22,5,1242,1,6,-1,1,-1
20151321P0599,2,9,0,9,0,1,0,0,0,0,0,1,1,1,30,6,-1,-1,-1,-1,1,-1
20151321P0673,1,9,0,18,0,0,0,0,0,0,1,1,6,1,21,5,1242,1,13,-1,-1,-1
20151321P0734,1,5,0,18,0,0,1,0,1,0,1,1,6,1,48,8,675,1,1,-1,-1,-1
20151321P0844,1,9,0,7,0,0,0,0,0,0,4,1,6,2,30,6,1598,1,2,-1,1,-1
20151321P0844,2,1,0,18,0,0,0,0,0,0,3,1,6,1,58,9,-1,-1,-1,-1,1,-1
20151321P0923,1,9,0,9,0,6,0,0,0,0,1,1,6,2,44,7,1896,2,7,-1,2,-1
20151321P0923,2,3,0,18,0,8,0,0,0,0,1,1,6,1,20,4,125,1,1,-1,1,-1
20151321P1235,1,9,0,18,0,0,0,0,0,0,1,1,6,3,-1,-1,-1,-1,-1,-1,-1,-1
20151321Q0219,1,9,0,9,0,8,0,0,0,0,1,1,2,1,22,5,2993,2,3,-1,1,-1
20151321Q0219,2,9,0,7,0,8,0,0,0,0,4,1,2,1,58,9,1896,2,12,-1,3,-1
20151321Q0276,1,9,0,18,0,8,1,0,1,10,1,1,2,1,53,8,1998,2,9,-1,1,-1
20151321Q0276,2,9,0,9,0,6,0,0,0,0,0,1,6,2,-1,-1,-1,-1,-1,-1,-1,-1
20151321Q0357,1,11,0,5,0,8,0,0,0,0,1,1,1,1,31,6,5900,2,9,-1,1,-1
20151321Q0414,1,20,0,18,0,0,0,0,0,0,3,1,6,1,60,9,3920,2,10,-1,1,-1
20151321Q0414,2,20,0,18,0,0,0,0,0,0,4,1,6,1,-1,-1,-1,-1,-1,-1,-1,-1
20151321Q0430,1,11,0,18,0,0,0,0,0,0,4,1,1,1,38,7,-1,-1,-1,-1,-1,-1
20151321Q0493,1,9,0,18,0,2,0,0,0,0,1,1,6,2,24,5,1597,1,15,-1,-1,-1
20151321Q0493,2,9,0,18,0,2,0,0,0,0,2,1,6,1,41,7,1994,1,11,-1,3,-1
20151321Q0493,3,9,0,18,0,2,0,0,0,0,2,1,6,2,45,7,1242,1,9,-1,2,-1
20151321Q0865,1,9,0,18,0,1,0,0,0,0,3,1,6,1,61,9,1997,2,7,-1,1,-1
20151321Q0865,2,9,0,4,0,1,0,0,0,0,4,1,6,2,39,7,1598,2,5,-1,1,-1
20151321Q0897,1,9,0,18,0,0,0,0,0,0,1,1,3,2,44,7,1796,1,5,-1,2,-1
20151321Q0972,1,9,0,18,0,1,0,0,0,0,2,1,6,1,37,7,1596,1,14,-1,1,-1
20151321Q0972,2,9,0,6,0,1,0,0,0,0,1,1,6,2,36,7,1396,1,11,-1,1,-1
20151321Q1024,1,9,0,18,0,0,0,0,0,0,1,1,6,1,20,4,1968,2,5,-1,1,-1
20151321Q1024,2,19,0,18,0,0,0,0,0,0,2,1,6,3,-1,-1,-1,-1,-1,-1,-1,-1
20151321Q1067,1,3,0,18,0,0,2,0,0,0,4,1,6,1,58,9,124,1,2,-1,2,-1
20151321Q1131,1,19,0,18,0,1,0,0,0,0,4,1,1,1,35,6,1248,2,1,-1,1,-1
20151321Q1131,2,4,0,3,0,1,0,0,0,0,3,1,6,1,18,4,125,1,5,-1,1,-1
20151321Q1131,3,9,0,18,0,1,0,0,0,0,1,1,6,2,54,8,1299,1,8,-1,1,-1
20151321Q1157,1,9,0,18,0,0,0,0,0,0,1,1,6,2,39,7,1198,7,11,-1,1,-1
20151321Q1157,2,9,0,3,0,0,0,0,0,0,2,1,6,1,34,6,998,1,5,-1,3,-1
20151321Q1239,1,20,0,18,0,0,0,0,0,0,1,1,1,1,54,8,4580,2,6,-1,1,-1
20151321Q1239,2,9,0,18,0,0,0,0,0,0,2,1,6,2,29,6,1596,1,6,-1,1,-1
20151321Q1239,3,9,0,18,0,0,0,0,0,0,2,1,6,2,49,8,973,1,14,-1,1,-1
20151321Q1239,4,9,0,18,0,0,0,0,0,0,2,1,6,1,39,7,1296,1,9,-1,1,-1
20151321Q1286,1,11,0,4,0,1,0,0,0,0,0,1,1,1,48,8,9360,2,6,-1,1,-1
20151321Q1322,1,9,0,18,0,0,0,0,0,0,1,1,6,2,20,4,1388,1,11,-1,2,-1
20151321Q1415,1,9,0,1,0,0,0,0,0,0,2,1,6,2,57,9,1396,1,12,-1,3,-1
20151321Q1516,1,9,0,2,0,0,0,0,0,0,2,1,6,1,49,8,1399,2,12,-1,1,-1
20151321Q1516,2,9,0,4,0,0,0,0,0,0,1,1,6,2,30,6,1396,2,5,-1,3,-1
20151321R0137,1,9,0,18,0,8,5,11,0,0,0,1,2,1,40,7,-1,-1,-1,-1,-1,-1
20151321R0166,1,19,0,18,0,0,0,0,0,0,2,1,1,1,24,5,2299,2,2,-1,1,-1
20151321R0166,2,9,0,18,0,0,0,0,0,0,1,1,1,1,37,7,1598,1,4,-1,1,-1
20151321R0204,1,9,0,7,0,0,0,0,0,0,4,1,1,1,44,7,-1,-1,-1,-1,1,-1
20151321R0204,2,1,0,18,4,0,0,0,0,0,1,1,2,1,28,6,-1,-1,-1,-1,1,-1
20151321R0405,1,9,0,5,0,6,0,0,0,0,2,1,6,2,59,9,-1,-1,-1,-1,1,-1
20151321R0405,2,11,0,18,0,8,0,0,0,0,1,1,1,1,-1,-1,9360,2,7,-1,-1,-1
20151321R0440,1,9,0,18,0,1,0,0,0,0,1,1,6,3,-1,-1,-1,-1,-1,-1,-1,-1
20151321R0440,2,9,0,18,0,1,0,0,0,0,2,1,6,2,52,8,996,1,2,-1,1,-1
20151321R0538,1,11,0,8,0,6,0,0,0,0,1,1,1,1,33,6,6696,2,1,-1,-1,-1
20151321R0538,2,9,0,18,0,8,0,0,0,0,1,1,6,2,28,6,1596,1,10,-1,-1,-1
20151321R0538,3,9,0,9,0,5,0,0,0,0,4,1,6,3,-1,-1,-1,-1,-1,-1,-1,-1
20151321R0702,1,9,0,18,0,7,0,0,0,0,1,1,6,1,29,6,1364,1,10,-1,1,-1
20151321R0702,2,9,0,4,0,7,0,0,0,0,2,1,6,1,30,6,3189,7,12,-1,1,-1
20151321R0747,1,8,0,18,0,0,0,0,0,0,1,1,6,3,-1,-1,-1,-1,-1,-1,-1,-1
20151321R0973,1,9,0,9,0,5,0,0,0,0,0,1,6,2,40,7,1242,1,3,-1,1,-1
20151321R0973,2,5,0,18,0,1,0,0,0,0,1,1,6,1,44,7,599,1,7,-1,1,-1
20151321R1022,1,9,0,18,0,8,1,0,0,0,1,1,6,1,64,9,1391,1,19,-1,-1,-1
20151321R1022,2,9,0,18,0,2,0,0,0,0,1,1,6,1,64,9,-1,-1,-1,-1,-1,-1
20151321R1022,3,9,0,2,0,2,0,0,0,0,1,1,6,1,28,6,1390,1,15,-1,-1,-1
20151321R1059,1,21,1,17,0,1,0,0,0,0,1,1,1,1,53,8,12419,2,4,-1,1,-1
20151321R1059,2,9,0,17,0,1,0,0,0,0,1,1,2,2,41,7,2231,2,9,-1,3,-1
20151321R1089,1,9,0,18,0,0,2,0,7,11,4,1,6,1,18,4,996,1,6,-1,1,-1
20151321R1099,1,1,0,18,0,8,5,0,0,0,1,1,6,1,35,6,-1,-1,-1,-1,-1,-1
20151321R1099,2,9,0,18,0,8,0,0,0,0,3,1,6,2,-1,-1,-1,-1,-1,-1,-1,-1
20151321R1166,1,9,0,7,0,0,0,0,0,0,3,1,6,1,48,8,-1,-1,-1,-1,1,-1
20151321R1166,2,1,0,18,0,0,0,0,0,0,1,1,2,1,24,5,-1,-1,-1,-1,2,-1
20151321R1182,1,9,0,18,0,0,0,0,1,0,1,1,2,2,23,5,1124,1,22,-1,3,-1
20151321R1182,2,9,0,18,0,0,0,0,0,0,1,1,6,1,34,6,1753,2,9,-1,1,-1
20151321R1213,1,3,0,15,0,1,5,0,0,0,1,1,6,1,18,4,123,1,2,-1,1,-1
20151321R1213,2,9,0,5,0,6,0,0,0,0,3,1,6,2,42,7,1598,2,1,-1,-1,-1
20151321R1312,1,21,1,18,0,0,0,0,0,0,1,1,1,1,25,5,12777,2,3,-1,-1,-1
20151321R1312,2,9,0,18,0,0,0,0,0,0,2,1,6,1,38,7,-1,-1,-1,-1,1,-1
20151321R1392,1,9,0,2,0,0,0,0,0,0,0,1,6,1,43,7,-1,-1,-1,-1,1,-1
20151321R1392,2,9,0,18,0,0,0,0,0,0,0,1,6,3,-1,-1,1598,1,1,-1,-1,-1
20151321R1395,1,9,0,18,0,1,0,0,0,0,1,1,6,1,23,5,1248,2,6,-1,-1,-1
20151321R1395,2,9,0,2,0,1,0,0,0,0,2,1,6,1,43,7,1986,2,7,-1,1,-1
20151321R1483,1,9,0,9,0,5,0,0,0,0,0,1,6,1,35,6,2967,2,8,-1,1,-1
20151321S0192,1,9,0,18,0,8,0,0,0,0,1,1,6,1,41,7,2495,2,12,-1,1,-1
20151321S0192,2,9,0,3,0,8,0,0,0,0,2,1,6,2,27,6,1598,1,12,-1,1,-1
20151321S0192,3,9,4,3,0,8,0,0,0,0,2,1,6,1,-1,-1,-1,-1,-1,-1,-1,-1
20151321S0284,1,9,0,9,0,5,0,0,0,0,3,1,2,2,28,6,2143,2,4,-1,1,-1
20151321S0284,2,5,0,18,0,8,0,0,0,0,1,1,2,1,51,8,249,1,4,-1,1,-1
20151321S0562,1,20,0,1,9,0,0,0,0,0,2,1,1,1,50,8,2402,2,8,-1,1,-1
20151321S0621,1,9,0,18,0,0,0,0,0,0,1,1,6,2,76,11,1598,1,9,-1,1,-1
20151321S0621,2,10,0,18,0,0,0,0,0,0,0,1,1,1,36,7,-1,-1,-1,-1,1,-1
20151321S0875,1,9,0,18,0,1,1,0,1,2,1,1,6,2,28,6,1275,1,16,-1,1,-1
20151321S0988,1,9,0,9,0,1,0,0,0,0,4,1,6,2,28,6,1242,1,5,-1,1,-1
20151321S1016,1,9,0,18,0,0,0,0,0,0,1,1,6,2,72,10,1339,1,4,-1,1,-1
20151321S1079,1,9,0,7,0,6,0,0,0,0,1,1,6,1,19,4,1199,1,13,-1,-1,-1
20151321S1079,2,9,0,18,0,8,0,0,1,5,4,1,6,2,45,7,-1,-1,-1,-1,-1,-1
20151321S1100,1,9,0,18,0,1,0,0,0,0,4,1,1,1,36,7,1248,2,2,-1,1,-1
20151321S1119,1,9,0,18,0,1,0,0,0,0,1,1,6,1,35,6,-1,-1,-1,-1,-1,-1
20151321S1119,2,9,0,18,0,1,0,0,1,11,4,1,6,1,59,9,1242,1,12,-1,1,-1
20151321S1140,1,9,0,18,0,0,0,0,0,0,2,1,6,2,-1,-1,1229,1,3,-1,1,-1
20151321S1140,2,9,0,18,0,0,0,0,0,0,1,1,6,1,42,7,2000,2,6,-1,1,-1
20151321S1218,1,9,0,18,0,1,0,0,0,0,1,1,6,1,46,8,1753,2,8,-1,1,-1
20151321S1315,1,9,0,9,0,6,0,0,0,0,1,1,2,1,70,10,1797,8,5,-1,-1,-1
20151321S1344,1,9,0,18,0,1,0,0,0,0,1,1,6,2,56,9,1396,1,4,-1,1,-1
20151321S1344,2,9,0,18,0,1,0,0,0,0,1,1,6,2,33,6,-1,-1,-1,-1,1,-1
20151321S1543,1,9,0,2,0,0,0,0,0,0,2,1,6,2,19,4,1248,2,8,-1,3,-1
20151321S1543,2,9,0,18,0,0,0,0,0,0,1,1,6,1,-1,-1,-1,-1,-1,-1,-1,-1
20151321S1578,1,3,0,18,0,0,1,0,0,0,0,1,6,1,22,5,124,1,8,-1,1,-1
20151321S1578,2,9,0,18,0,0,1,0,0,0,2,1,6,2,22,5,1229,1,11,-1,1,-1
20151321S1578,3,9,0,18,0,0,1,0,0,0,1,1,6,1,43,7,1598,2,1,-1,3,-1
20151321S1721,1,9,0,18,0,8,1,0,1,11,1,1,6,2,22,5,-1,-1,-1,-1,1,-1
20151321S1733,1,19,0,18,0,1,0,0,0,0,1,1,6,3,-1,-1,1248,2,8,-1,-1,-1