Accident_Index,Vehicle_Reference,Vehicle_Type,Towing_and_Articulation,Vehicle_Manoeuvre,Vehicle_Location-Restricted_Lane,Junction_Location,Skidding_and_Overturning,Hit_Object_in_Carriageway,Vehicle_Leaving_Carriageway,Hit_Object_off_Carriageway,1st_Point_of_Impact,Was_Vehicle_Left_Hand_Drive?,Journey_Purpose_of_Driver,Sex_of_Driver,Age_of_Driver,Age_Band_of_Driver,Engine_Capacity_(CC),Propulsion_Code,Age_of_Vehicle,Driver_IMD_Decile,Driver_Home_Area_Type,Vehicle_IMD_Decile
20151321S1733,2,9,0,18,0,1,0,0,0,0,4,1,6,2,23,5,1198,1,13,-1,1,-1
20151321T0187,1,3,0,4,0,1,1,0,0,0,3,1,2,1,32,6,124,1,3,-1,1,-1
20151321T0198,1,9,0,18,0,1,1,0,0,0,1,1,6,2,21,5,1242,1,9,-1,1,-1
20151321T0198,2,9,0,10,0,1,0,0,0,0,2,1,6,2,33,6,998,1,6,-1,1,-1
20151321T0198,3,9,0,8,0,1,0,0,0,0,1,1,6,1,34,6,1995,2,8,-1,1,-1
20151321T0206,1,9,0,17,0,0,1,0,1,10,1,1,3,1,32,6,1968,2,4,-1,1,-1
20151321T0327,1,9,0,18,0,0,2,0,1,4,1,1,3,2,53,8,2497,2,7,-1,3,-1
20151321T0379,1,9,0,18,0,0,1,0,5,7,1,1,6,2,20,4,1198,1,4,-1,1,-1
20151321T0436,1,9,0,13,0,0,0,0,2,7,4,1,6,1,41,7,-1,-1,-1,-1,1,-1
20151321T0436,2,9,0,18,0,0,0,0,2,7,3,1,1,1,56,9,1968,2,2,-1,2,-1
20151321T0531,1,17,0,18,0,1,1,0,0,0,1,1,1,1,48,8,-1,2,29,-1,1,-1
20151321T0531,2,11,0,18,0,1,0,0,0,0,4,1,1,1,33,6,9200,2,13,-1,1,-1
20151321T0573,1,9,0,18,0,8,0,0,0,0,1,1,6,1,37,7,-1,-1,-1,-1,1,-1
20151321T0573,2,9,0,18,0,8,0,0,1,6,3,1,6,2,22,5,998,1,8,-1,1,-1
20151321T0636,1,8,0,9,0,8,0,0,0,0,3,1,1,1,62,9,1995,2,8,-1,1,-1
20151321T0911,1,9,0,4,0,0,0,0,0,0,1,1,2,2,49,8,1198,1,12,-1,2,-1
20151321T0911,2,9,0,3,0,0,0,0,0,0,2,1,2,1,36,7,1968,2,12,-1,1,-1
20151321T0922,1,19,0,1,0,1,0,0,0,0,3,1,1,1,48,8,2298,2,2,-1,1,-1
20151321T1265,1,9,0,18,0,8,0,0,0,0,3,1,2,1,44,7,1587,1,14,-1,1,-1
20151321T1265,2,3,0,18,0,8,5,0,0,0,1,1,2,1,61,9,599,1,11,-1,1,-1
20151321T1400,1,9,0,9,0,1,0,0,0,0,1,1,6,2,34,6,998,1,13,-1,1,-1
20151321T1400,2,9,0,18,0,1,0,0,0,0,3,1,6,2,25,5,1248,1,-1,-1,1,-1
20151321U0315,1,9,0,9,0,1,0,0,0,0,1,1,2,2,58,9,1598,1,3,-1,3,-1
20151321U0315,2,1,0,18,0,1,0,0,0,0,1,1,6,1,50,8,-1,-1,-1,-1,1,-1
20151321U0393,1,9,0,4,0,8,0,0,0,0,1,1,1,1,40,7,1896,2,6,-1,1,-1
20151321U0393,2,9,0,3,0,8,0,0,0,0,2,1,1,2,44,7,1598,2,3,-1,1,-1
20151321U0557,1,21,1,18,0,1,0,0,0,0,1,1,1,1,41,7,-1,-1,-1,-1,-1,-1
20151321U0557,2,9,0,10,0,1,0,0,0,0,2,1,6,1,48,8,2494,1,14,-1,-1,-1
20151321U0847,1,9,0,2,0,0,0,0,0,0,1,1,6,2,32,6,-1,-1,-1,-1,1,-1
20151321U0847,2,9,0,2,0,0,0,0,0,0,2,1,6,2,20,4,999,1,3,-1,2,-1
20151321U0847,3,9,0,4,0,0,0,0,0,0,2,1,6,2,33,6,1422,2,11,-1,1,-1
20151321U0854,1,9,0,18,0,0,0,0,0,0,4,1,6,1,48,8,1560,2,2,-1,1,-1
20151321U0854,2,1,0,18,0,0,5,0,0,0,2,1,6,1,45,7,-1,-1,-1,-1,2,-1
20151321U0856,1,9,0,18,0,8,0,0,0,0,4,1,6,1,51,8,996,1,4,-1,2,-1
20151321U0856,2,9,0,9,0,6,0,0,0,0,3,1,6,1,49,8,-1,-1,-1,-1,1,-1
20151321U0906,1,9,0,18,0,0,1,0,0,0,1,1,2,1,39,7,1598,1,13,-1,2,-1
20151321U0940,1,9,0,18,0,0,0,0,0,0,1,1,2,1,60,9,-1,-1,-1,-1,1,-1
20151321U0940,2,9,0,2,0,0,0,0,0,0,2,1,6,2,55,8,1197,1,1,-1,2,-1
20151321U0989,1,9,0,4,0,0,0,0,0,0,1,1,1,1,35,6,-1,-1,-1,-1,1,-1
20151321U0989,2,19,0,4,0,0,0,0,0,0,2,1,1,1,34,6,1868,2,12,-1,1,-1
20151321U1084,1,9,0,14,0,0,1,0,1,2,1,1,2,1,18,4,1596,1,5,-1,1,-1
20151321U1696,1,8,0,4,0,1,0,0,0,0,1,1,1,1,38,7,1598,2,3,-1,1,-1
20151321U1696,2,8,0,4,0,1,1,0,0,0,2,1,2,1,33,6,1896,2,5,-1,1,-1
20151321V0431,1,9,0,18,0,4,1,0,1,4,1,1,6,2,19,4,1598,1,1,-1,3,-1
20151321V0431,2,9,0,18,0,8,0,0,0,0,4,1,6,2,45,7,1598,1,4,-1,1,-1
20151321V0485,1,9,0,18,0,8,0,0,3,1,1,1,6,1,45,7,-1,-1,-1,-1,1,-1
20151321V0485,2,9,0,3,0,8,0,0,0,0,1,1,6,2,64,9,1339,1,7,-1,1,-1
20151321V0615,1,9,0,5,0,3,1,0,0,0,1,1,6,1,79,11,1242,1,3,-1,1,-1
20151321V0807,1,11,0,5,0,0,0,0,0,0,0,1,1,1,57,9,9360,2,6,-1,1,-1
20151321V0932,1,9,0,18,0,6,0,0,0,0,4,1,6,2,35,6,2204,2,8,-1,1,-1
20151321V0932,2,9,0,18,0,8,0,0,0,0,1,1,6,1,35,6,1968,2,2,-1,1,-1
20151321V0945,1,11,0,18,0,0,0,0,0,0,0,1,1,1,35,6,9360,2,3,-1,1,-1
20151321V1198,1,9,0,13,0,0,0,0,0,0,1,1,6,1,60,9,-1,-1,-1,-1,1,-1
20151321V1198,2,9,0,18,0,0,0,0,0,0,1,1,1,2,35,6,-1,-1,-1,-1,1,-1
20151321V1580,1,9,0,18,0,0,0,0,0,0,1,1,6,1,27,6,1753,2,13,-1,1,-1
20151321V1615,1,9,0,18,0,1,0,0,0,0,3,1,6,1,58,9,2184,2,8,-1,1,-1
20151321V1615,2,9,0,18,0,1,0,0,0,0,1,1,6,1,20,4,1396,1,10,-1,1,-1
2015132210358,1,9,0,17,0,0,1,0,1,3,1,1,6,1,30,6,1229,1,9,-1,1,-1
2015132210619,1,5,0,18,0,0,0,0,0,0,4,1,6,1,77,11,749,1,10,-1,1,-1
2015132210723,1,9,0,9,0,5,0,0,3,11,1,1,6,1,80,11,1461,2,14,-1,1,-1
2015132210752,1,9,0,9,0,1,0,0,0,0,1,1,6,1,33,6,2967,2,8,-1,1,-1
2015132210752,2,9,0,9,0,1,0,0,0,0,3,1,6,1,40,7,1461,2,1,-1,1,-1
2015132210890,1,8,0,4,0,1,0,0,0,0,1,1,1,1,26,6,1896,2,9,-1,1,-1
2015132210890,2,9,0,12,0,1,0,0,0,0,2,1,6,1,30,6,2148,2,11,-1,1,-1
2015132211137,1,9,0,18,0,0,0,0,0,0,4,1,6,2,74,10,1390,1,12,-1,1,-1
2015132211177,1,9,0,18,0,0,0,0,0,0,1,1,1,1,26,6,1956,2,2,-1,1,-1
2015132211177,2,9,0,18,0,0,0,0,0,0,2,1,1,1,57,9,1390,1,1,-1,1,-1
2015132211277,1,9,0,18,0,0,0,0,0,0,1,1,6,2,49,8,1560,2,3,-1,1,-1
2015132211294,1,9,0,1,0,8,0,0,0,0,2,1,6,1,25,5,1560,2,3,-1,1,-1
2015132211388,1,9,0,18,0,0,0,0,0,0,1,1,1,1,37,7,1332,1,17,-1,1,-1
2015132211388,2,8,0,1,0,0,0,0,0,0,3,1,1,1,61,9,1968,2,7,-1,2,-1
2015132211404,1,9,0,17,0,0,0,0,1,11,1,1,6,1,28,6,1781,1,13,-1,1,-1
2015132211457,1,9,0,18,0,0,0,0,0,0,1,1,6,1,47,8,1896,2,17,-1,1,-1
2015132211457,2,9,0,18,0,0,0,0,0,0,2,1,6,1,19,4,1299,1,8,-1,1,-1
2015132220171,1,19,0,18,0,0,0,0,0,0,1,1,2,1,26,6,2198,2,1,-1,1,-1
2015132220171,2,9,0,4,0,0,0,0,0,0,2,1,2,2,51,8,1242,1,4,-1,1,-1
2015132220184,1,10,0,7,0,7,0,0,0,0,1,1,2,1,37,7,-1,-1,-1,-1,1,-1
2015132220184,2,1,0,18,0,8,0,0,0,0,2,1,2,1,50,8,-1,-1,-1,-1,1,-1
2015132220223,1,9,0,18,0,0,0,0,0,0,1,1,6,2,73,10,-1,-1,-1,-1,2,-1
2015132220262,1,9,0,9,0,1,0,0,0,0,1,1,6,1,27,6,-1,-1,-1,-1,1,-1
2015132220262,2,9,0,18,0,1,0,0,0,0,1,1,2,2,60,9,2179,2,3,-1,3,-1
2015132220263,1,9,0,9,0,5,0,0,0,0,1,1,6,1,33,6,1598,1,8,-1,1,-1
2015132220302,1,9,0,13,0,0,0,0,0,0,1,1,2,1,24,5,1396,1,10,-1,1,-1
2015132220302,2,1,0,13,0,0,0,0,0,0,2,1,2,1,41,7,-1,-1,-1,-1,1,-1
2015132220302,3,11,0,4,0,0,0,0,0,0,0,1,1,1,53,8,9200,2,12,-1,1,-1
2015132220356,1,9,0,18,0,0,0,0,0,0,2,1,6,2,34,6,1390,1,3,-1,1,-1
2015132220356,2,9,0,18,0,0,0,0,0,0,1,1,6,1,29,6,1368,1,8,-1,1,-1
2015132220395,1,9,0,17,0,0,0,0,0,0,3,1,6,2,66,10,1360,1,8,-1,1,-1
2015132220395,2,9,0,16,0,0,0,0,1,0,3,1,6,1,-1,-1,1200,1,2,-1,-1,-1
2015132220546,1,1,0,14,0,0,0,0,0,0,1,1,6,1,21,5,-1,-1,-1,-1,1,-1
2015132220546,2,9,0,5,0,0,0,0,0,0,3,1,6,3,-1,-1,1396,1,11,-1,-1,-1
2015132220583,1,9,0,9,0,8,0,0,0,0,4,1,6,2,58,9,1598,1,12,-1,1,-1
2015132220583,2,9,0,18,0,8,0,0,0,0,1,1,1,1,43,7,-1,-1,-1,-1,1,-1
2015132220640,1,9,0,9,0,1,0,0,0,0,2,1,6,1,61,9,1796,1,14,-1,1,-1
2015132220640,2,9,0,9,0,1,0,0,0,0,0,1,6,2,38,7,1984,2,3,-1,1,-1
2015132220798,1,9,0,4,0,0,0,0,0,0,1,1,6,2,29,6,1598,2,2,-1,1,-1
2015132220798,2,9,0,18,0,0,0,0,0,0,2,1,6,1,42,7,973,1,13,-1,1,-1
2015132220831,1,2,0,7,0,6,0,0,0,0,1,1,6,1,18,4,124,1,3,-1,1,-1
2015132220831,2,9,0,18,0,8,0,0,0,0,1,1,6,2,56,9,3200,2,12,-1,1,-1
2015132220864,1,8,0,6,0,0,0,0,0,0,3,1,1,1,26,6,1910,2,7,-1,1,-1
2015132220864,2,9,0,18,0,0,1,0,0,0,4,1,3,1,42,7,1600,1,10,-1,1,-1
2015132220985,1,9,0,9,0,1,0,0,0,0,1,1,6,3,-1,-1,-1,-1,-1,-1,-1,-1
2015132220985,2,9,0,18,0,1,0,0,0,0,1,1,6,1,26,6,1240,1,11,-1,1,-1
2015132221043,1,9,0,5,9,6,0,0,0,0,1,1,2,1,61,9,1997,2,12,-1,1,-1
2015132221048,1,9,0,18,0,0,1,0,7,11,1,1,2,1,71,10,1299,1,12,-1,1,-1
2015132221365,1,21,1,18,0,0,0,0,0,0,0,1,1,1,56,9,12902,2,2,-1,1,-1
2015132221365,2,9,0,18,0,0,0,0,5,6,0,1,6,2,51,8,-1,-1,-1,-1,1,-1
2015132221378,1,9,0,4,0,0,0,0,0,0,1,1,6,1,39,7,-1,-1,-1,-1,1,-1
2015132221378,2,9,0,4,0,0,0,0,0,0,2,1,6,2,25,5,1598,1,10,-1,1,-1
2015132221378,3,9,0,18,0,0,0,0,0,0,2,1,2,1,38,7,1390,1,3,-1,1,-1
2015132221436,1,9,0,11,0,1,0,0,0,0,1,1,6,2,42,7,1598,1,13,-1,1,-1
2015132221662,1,9,0,4,0,8,0,0,0,0,2,1,6,1,35,6,2231,2,9,-1,1,-1
2015132221662,2,9,0,4,0,8,0,0,0,0,0,1,6,1,-1,-1,2993,2,3,-1,-1,-1
2015132221662,3,9,0,4,0,8,0,0,0,0,0,1,6,1,-1,-1,2400,2,5,-1,1,-1
2015132221662,4,9,0,4,0,8,0,0,0,0,1,1,6,1,-1,-1,2993,2,2,-1,1,-1
2015132230178,1,9,0,4,0,1,0,0,0,0,0,1,1,2,55,8,1198,1,4,-1,-1,-1
2015132230178,2,9,0,18,0,1,0,0,0,0,4,1,1,1,35,6,1248,2,10,-1,-1,-1
2015132230178,3,1,0,4,0,1,5,0,0,0,1,1,1,1,24,5,-1,-1,-1,-1,-1,-1
2015132230184,1,9,0,18,0,0,0,0,0,0,1,1,2,2,25,5,1984,1,7,-1,1,-1
2015132230184,2,1,0,18,0,0,0,0,0,0,4,1,2,1,67,10,-1,-1,-1,-1,1,-1
2015132230222,1,9,0,7,0,1,0,0,0,0,1,1,6,1,35,6,1797,8,6,-1,1,-1
2015132230404,1,9,0,18,0,6,0,11,3,4,1,1,6,2,62,9,-1,-1,-1,-1,1,-1
2015132230528,1,9,0,9,0,1,0,0,0,0,1,1,1,2,61,9,1596,1,13,-1,-1,-1
2015132230528,2,2,0,18,0,1,2,0,0,0,1,1,1,1,20,4,49,1,9,-1,-1,-1
2015132230686,1,21,0,18,0,8,0,0,0,0,1,1,1,1,50,8,8970,2,10,-1,1,-1
2015132230686,2,9,0,18,0,8,0,0,1,1,4,1,6,2,29,6,1398,1,1,-1,1,-1
2015132230721,1,9,0,18,0,0,5,0,1,4,4,1,6,2,23,5,1229,1,1,-1,1,-1
2015132230833,1,9,0,18,0,0,0,0,0,0,4,1,6,2,84,11,1598,1,9,-1,1,-1
2015132231165,1,8,0,18,0,1,0,0,0,0,1,1,1,1,31,6,1896,2,9,-1,1,-1
2015132231165,2,8,0,5,0,1,0,0,0,0,3,1,1,1,41,7,1896,2,8,-1,1,-1
2015132231376,1,9,0,18,0,6,0,0,0,0,1,1,6,2,51,8,998,1,10,-1,1,-1
2015132231376,2,3,0,18,0,1,0,0,0,0,4,1,6,1,19,4,98,1,12,-1,1,-1
2015132231452,1,9,0,18,0,8,0,0,0,0,1,1,6,1,-1,-1,1398,1,11,-1,-1,-1
2015132231452,2,9,0,5,0,8,0,0,0,0,4,1,6,1,20,4,1149,1,10,-1,1,-1
2015132231476,1,9,0,18,0,1,0,0,0,0,3,1,1,1,44,7,-1,-1,-1,-1,-1,-1
2015132231476,2,9,0,13,0,1,0,0,0,0,4,1,6,1,35,6,1796,1,10,-1,-1,-1
2015132231555,1,4,0,4,0,0,1,0,0,0,0,1,6,1,38,7,600,1,15,-1,-1,-1
2015132240201,1,9,0,9,0,6,0,0,0,0,1,1,6,1,24,5,-1,-1,-1,-1,1,-1
2015132240201,2,9,0,18,0,8,0,0,0,0,4,1,2,2,40,7,1242,1,8,-1,1,-1
2015132240349,1,9,0,9,0,6,0,0,0,0,3,1,6,1,57,9,1461,2,8,-1,1,-1
2015132240349,2,9,0,18,0,8,0,0,0,0,1,1,6,2,41,7,1360,1,8,-1,1,-1
2015132240453,1,21,0,18,0,8,0,0,0,0,4,1,1,1,64,9,7201,2,6,-1,1,-1
2015132240453,2,9,0,18,0,8,0,0,1,1,3,1,6,2,46,8,1598,1,2,-1,1,-1
2015132240583,1,9,0,9,0,8,0,0,0,0,4,1,6,1,56,9,2926,2,11,-1,1,-1
2015132240583,2,1,0,18,0,1,0,0,0,0,1,1,6,1,23,5,-1,-1,-1,-1,1,-1
2015132240589,1,9,0,18,0,0,0,0,0,0,3,1,6,1,26,6,1995,2,12,-1,1,-1
2015132240589,2,21,1,11,0,0,0,0,0,0,4,1,1,1,35,6,10518,2,7,-1,3,-1
2015132240771,1,9,0,9,0,8,0,0,0,0,3,1,6,1,-1,-1,1363,2,10,-1,-1,-1
2015132240784,1,9,0,2,0,0,0,0,0,0,4,1,6,3,-1,-1,-1,-1,-1,-1,-1,-1
2015132240971,1,9,0,9,0,6,0,0,0,0,4,1,6,3,-1,-1,-1,-1,-1,-1,-1,-1
2015132240975,1,9,0,18,0,4,0,0,0,0,1,1,6,2,53,8,1598,1,7,-1,1,-1
2015132240975,2,9,0,18,0,4,0,0,0,0,2,1,6,2,46,8,1995,2,3,-1,1,-1
2015132240996,1,11,0,18,0,0,0,0,0,0,4,1,1,1,53,8,9600,2,14,-1,1,-1
2015132241035,1,9,0,9,0,8,0,0,0,0,4,1,6,2,59,9,-1,-1,-1,-1,3,-1
2015132241035,2,9,0,18,2,8,0,0,0,0,3,1,6,1,41,7,1910,2,8,-1,1,-1
2015132241082,1,9,0,7,0,6,0,0,0,0,0,1,6,3,-1,-1,-1,-1,-1,-1,-1,-1
2015132241082,2,5,0,18,0,1,2,0,0,0,3,1,6,1,22,5,645,1,10,-1,1,-1
2015132241089,1,19,0,7,0,6,0,0,0,0,1,1,6,1,47,8,1753,2,9,-1,1,-1
2015132241181,1,9,0,1,9,0,0,0,0,0,2,1,6,2,-1,-1,1364,2,9,-1,1,-1
2015132241456,1,9,0,16,0,0,1,0,2,2,1,1,6,1,23,5,1998,1,9,-1,1,-1
2015132241529,1,9,0,13,0,1,0,0,0,0,1,1,6,1,38,7,1968,2,3,-1,-1,-1
2015132241529,2,9,0,7,0,6,0,0,1,11,1,1,6,1,27,6,1598,1,12,-1,-1,-1
2015132250183,1,1,0,18,0,6,0,0,0,0,1,1,4,1,15,3,-1,-1,-1,-1,1,-1
2015132250183,2,9,0,5,0,1,0,0,0,0,3,1,2,1,50,8,1896,2,12,-1,1,-1
2015132250205,1,8,0,18,0,0,1,0,4,6,4,1,6,2,25,5,1199,1,12,-1,1,-1
2015132250205,2,8,0,18,0,0,0,0,0,0,2,1,6,1,32,6,1461,2,1,-1,1,-1
2015132250205,3,8,0,18,0,0,0,0,0,0,1,1,6,2,33,6,1461,2,5,-1,1,-1
2015132250375,1,9,0,3,0,0,0,0,0,0,2,1,6,2,44,7,-1,-1,-1,-1,1,-1
2015132250375,2,9,0,18,0,0,0,0,0,0,1,1,6,1,-1,-1,1500,1,15,-1,-1,-1
2015132250408,1,9,0,9,0,0,0,0,0,0,4,1,1,1,34,6,-1,-1,-1,-1,-1,-1
2015132250408,2,1,0,18,0,0,0,0,0,0,1,1,2,1,54,8,-1,-1,-1,-1,1,-1
2015132250492,1,9,0,10,0,1,0,0,0,0,2,1,6,1,65,9,1560,2,1,-1,1,-1
2015132250492,2,5,0,18,0,1,1,0,0,0,1,1,6,1,38,7,599,1,24,-1,1,-1
2015132250687,1,9,0,18,0,0,1,4,7,0,1,1,6,1,17,4,1242,1,10,-1,1,-1
2015132250687,2,9,0,2,0,0,0,4,0,0,2,1,6,3,-1,-1,1999,1,12,-1,-1,-1
2015132250687,3,9,0,2,0,0,0,0,0,0,1,1,6,3,-1,-1,1198,1,2,-1,-1,-1
2015132250690,1,19,4,11,0,3,0,0,0,0,4,1,1,1,51,8,-1,-1,-1,-1,3,-1
2015132250690,2,9,0,18,0,3,0,0,0,0,3,1,6,2,25,5,1248,2,8,-1,1,-1
2015132250906,1,9,0,18,0,1,0,0,7,1,1,1,6,1,27,6,1968,2,9,-1,1,-1
2015132250906,2,9,0,18,0,8,0,0,0,0,3,1,6,2,23,5,-1,-1,-1,-1,1,-1
2015132250961,1,9,0,18,0,8,0,0,1,2,1,1,6,2,68,10,1398,1,5,-1,1,-1
2015132251018,1,9,0,2,0,0,0,0,0,0,4,1,3,2,40,7,1595,1,9,-1,1,-1
2015132251136,1,21,1,11,0,0,0,0,0,0,4,1,1,1,32,6,11946,2,3,-1,-1,-1
2015132251136,2,9,0,18,0,0,0,0,1,7,3,1,3,2,54,8,1399,2,7,-1,1,-1
2015132251205,1,9,0,18,0,4,0,0,0,0,1,1,6,1,28,6,1896,2,9,-1,1,-1
2015132251205,2,9,0,18,0,4,0,0,0,0,3,1,6,2,41,7,1598,1,4,-1,1,-1
2015132251205,3,9,0,18,0,4,0,0,0,0,3,1,6,2,34,6,-1,-1,-1,-1,1,-1
2015132251373,1,9,0,18,0,0,0,0,0,0,1,1,6,1,21,5,1388,1,8,-1,1,-1
2015132251402,1,9,0,9,0,8,0,0,0,0,1,1,6,2,24,5,998,1,1,-1,1,-1
2015132251402,2,9,0,18,0,8,0,0,0,0,1,1,6,1,52,8,1995,2,11,-1,-1,-1
2015132251620,1,9,0,18,0,4,0,0,0,0,4,1,6,1,25,5,2184,2,6,-1,1,-1
2015132251620,2,9,0,18,0,4,0,0,0,0,3,1,6,2,-1,-1,1998,2,14,-1,-1,-1
2015132260181,1,1,0,18,0,8,0,0,0,0,3,1,2,1,26,6,-1,-1,-1,-1,1,-1
2015132260181,2,9,0,7,0,6,0,0,0,0,1,1,2,1,43,7,1242,1,15,-1,3,-1
2015132260222,1,19,0,5,0,8,0,0,0,0,1,1,2,1,58,9,2459,2,16,-1,1,-1
2015132260222,2,1,0,18,0,8,0,0,0,0,1,1,2,2,26,6,-1,-1,-1,-1,1,-1
2015132260232,1,9,0,18,0,8,0,0,0,0,1,1,3,1,70,10,-1,-1,-1,-1,2,-1
2015132260232,2,21,0,3,0,8,0,0,0,0,2,1,1,1,30,6,6370,2,12,-1,1,-1
2015132260244,1,9,0,3,0,0,0,0,0,0,1,1,3,2,34,6,2231,2,9,-1,1,-1
2015132260244,2,9,0,4,0,0,0,0,0,0,2,1,2,2,23,5,-1,-1,-1,-1,-1,-1
2015132260245,1,21,1,18,0,0,3,0,0,0,1,1,1,1,43,7,-1,2,1,-1,1,-1
2015132260245,2,9,0,2,0,0,0,0,0,0,2,1,6,1,41,7,2685,2,12,-1,1,-1
2015132260452,1,21,1,18,0,0,0,0,0,0,1,1,1,1,58,9,12777,2,7,-1,1,-1
2015132260452,2,9,0,2,0,0,0,0,0,0,2,1,1,1,68,10,-1,-1,-1,-1,3,-1
2015132260479,1,9,0,18,0,0,0,0,0,0,2,1,6,1,25,5,1198,1,2,-1,1,-1
2015132260479,2,9,0,18,0,0,0,0,0,0,1,1,1,1,33,6,-1,-1,-1,-1,1,-1
2015132260537,1,20,0,1,0,0,0,0,0,0,2,1,1,1,57,9,4250,2,3,-1,1,-1
2015132260667,1,21,1,9,0,8,0,0,0,0,2,1,1,1,43,7,12580,2,10,-1,1,-1
2015132260676,1,9,0,18,0,1,0,0,0,0,1,1,6,3,-1,-1,-1,-1,-1,-1,-1,-1
2015132260676,2,9,0,3,0,1,0,0,0,0,2,1,6,1,24,5,1199,1,13,-1,1,-1
2015132260792,1,9,0,18,0,2,0,0,0,0,1,1,2,1,55,8,973,1,12,-1,1,-1
2015132260883,1,9,0,18,0,0,0,0,0,0,1,1,6,2,-1,-1,1339,1,8,-1,1,-1
2015132260890,1,9,0,4,0,1,0,0,0,0,1,1,6,1,19,4,1124,1,9,-1,1,-1
2015132260890,2,9,0,18,0,1,0,0,0,0,4,1,6,2,51,8,1599,1,11,-1,1,-1
2015132260961,1,9,0,9,0,0,0,0,7,11,4,1,6,2,28,6,1596,1,12,-1,1,-1
2015132260961,2,9,0,18,0,0,0,0,0,0,1,1,6,1,77,11,-1,-1,-1,-1,3,-1
2015132261036,1,9,0,1,0,6,0,0,0,0,2,1,6,1,41,7,1560,2,7,-1,1,-1
2015132261053,1,11,0,5,0,0,0,0,0,0,0,1,1,1,36,7,9360,2,8,-1,1,-1
2015132261098,1,9,0,9,0,8,0,0,0,0,4,1,6,1,24,5,1299,1,16,-1,2,-1
2015132261098,2,9,0,18,0,8,0,0,0,0,4,1,6,1,49,8,1973,1,18,-1,1,-1
2015132261225,1,9,0,18,0,1,0,0,0,0,1,1,6,3,-1,-1,-1,-1,-1,-1,-1,-1
2015132261409,1,9,0,18,0,0,1,0,0,6,1,1,6,1,44,7,1896,2,15,-1,1,-1
2015132261409,2,9,0,18,0,0,1,0,0,0,1,1,6,1,57,9,-1,-1,-1,-1,1,-1
2015132261510,1,9,0,18,0,1,0,0,0,0,3,1,6,1,-1,-1,1998,1,17,-1,1,-1
2015132261684,1,9,0,15,0,8,1,4,0,0,1,1,6,1,24,5,-1,-1,-1,-1,2,-1
2015132261684,2,19,0,18,0,8,0,0,0,0,1,1,6,1,47,8,-1,-1,-1,-1,2,-1
2015132261684,3,9,0,2,0,8,0,0,0,0,3,1,6,3,-1,-1,1896,2,12,-1,2,-1
2015132261684,4,9,0,2,0,8,0,0,0,0,3,1,6,3,-1,-1,1364,1,8,-1,2,-1
2015132261760,1,9,0,18,0,0,0,0,0,0,2,1,6,1,24,5,1598,1,8,-1,1,-1
2015132261760,2,9,0,18,0,0,0,0,0,0,1,1,1,1,48,8,2993,2,2,-1,-1,-1
2015132261760,3,9,0,18,0,0,0,0,0,0,1,1,6,1,-1,-1,1910,2,11,-1,1,-1
2015132270549,1,9,0,7,0,4,0,0,0,0,2,1,6,2,26,6,1242,1,1,-1,1,-1
2015132270549,2,9,0,7,0,4,0,0,0,0,1,1,6,1,22,5,1149,1,12,-1,1,-1
2015132270613,1,3,0,9,0,8,5,0,0,0,2,1,6,1,20,4,125,1,1,-1,1,-1
2015132270613,2,9,0,9,0,8,0,0,0,0,1,1,6,3,-1,-1,-1,-1,-1,-1,-1,-1
2015132270632,1,9,0,18,0,1,0,0,0,0,1,1,6,1,61,9,1364,2,1,-1,1,-1
2015132270632,2,1,0,18,0,1,0,0,0,0,1,1,6,2,26,6,-1,-1,-1,-1,1,-1
2015132270797,1,9,0,18,0,1,0,0,0,0,1,1,6,2,40,7,1398,1,5,-1,1,-1
2015132270797,2,9,0,18,0,1,0,0,0,0,2,1,6,2,54,8,1781,1,16,-1,1,-1
2015132270928,1,9,0,1,0,0,0,0,0,0,2,1,6,1,34,6,1968,2,7,-1,1,-1
2015132271032,1,9,0,4,0,0,0,0,0,0,1,1,6,1,-1,-1,1910,2,8,-1,1,-1
2015132271032,2,9,0,3,0,0,0,0,0,0,2,1,6,1,44,7,-1,-1,-1,-1,1,-1
2015132271302,1,9,0,18,0,4,0,0,0,0,1,1,6,1,45,7,-1,-1,-1,-1,1,-1
2015132271302,2,9,0,18,0,4,0,0,0,0,1,1,1,2,51,8,1598,2,2,-1,2,-1
2015132271502,1,9,0,18,0,0,0,0,0,0,1,1,6,1,-1,-1,-1,-1,-1,-1,-1,-1
2015132280070,1,9,0,18,0,0,5,0,7,11,1,1,6,1,24,5,-1,-1,-1,-1,2,-1
2015132280143,1,9,0,18,0,0,1,0,2,4,1,1,6,1,40,7,1895,1,14,-1,1,-1
2015132280505,1,9,0,18,0,0,0,0,0,0,1,1,6,1,67,10,1840,1,16,-1,3,-1
2015132280505,2,9,0,3,0,0,0,0,0,0,1,1,6,1,42,7,1598,1,1,-1,1,-1
2015132280505,3,19,0,18,0,0,0,0,0,0,3,1,6,1,55,8,1998,2,12,-1,1,-1
2015132280524,1,9,0,9,0,6,0,0,0,0,3,1,6,1,21,5,1360,1,4,-1,1,-1
2015132280524,2,9,0,18,0,8,0,0,0,0,1,1,6,1,47,8,1242,1,11,-1,-1,-1
2015132280587,1,9,0,9,0,6,0,0,0,0,0,1,6,2,35,6,998,1,15,-1,1,-1