Accident_Index,Vehicle_Reference,Vehicle_Type,Towing_and_Articulation,Vehicle_Manoeuvre,Vehicle_Location-Restricted_Lane,Junction_Location,Skidding_and_Overturning,Hit_Object_in_Carriageway,Vehicle_Leaving_Carriageway,Hit_Object_off_Carriageway,1st_Point_of_Impact,Was_Vehicle_Left_Hand_Drive?,Journey_Purpose_of_Driver,Sex_of_Driver,Age_of_Driver,Age_Band_of_Driver,Engine_Capacity_(CC),Propulsion_Code,Age_of_Vehicle,Driver_IMD_Decile,Driver_Home_Area_Type,Vehicle_IMD_Decile
2015132280587,2,3,0,18,0,8,2,0,0,0,0,1,6,2,17,4,124,1,6,-1,1,-1
2015132280726,1,9,0,3,0,0,0,0,0,0,2,1,6,1,33,6,1560,2,3,-1,1,-1
2015132280726,2,9,0,11,0,0,0,0,0,0,0,1,6,2,61,9,-1,-1,-1,-1,3,-1
2015132280726,3,9,0,18,0,0,0,0,0,0,1,1,6,2,24,5,998,1,8,-1,1,-1
2015132281001,1,9,0,5,0,6,0,0,0,0,4,1,6,1,40,7,1968,2,2,-1,1,-1
2015132281001,2,9,0,18,0,1,0,0,0,0,3,1,6,1,31,6,1686,2,3,-1,-1,-1
2015132281028,1,9,0,18,0,0,0,0,0,0,1,1,6,1,21,5,1995,2,12,-1,1,-1
2015132281069,1,1,0,18,0,6,0,0,0,0,1,1,6,1,24,5,-1,-1,-1,-1,1,-1
2015132281069,2,8,0,18,0,8,0,0,0,0,3,1,2,1,41,7,1896,2,9,-1,1,-1
2015132281176,1,9,0,18,0,0,0,0,0,0,1,1,6,2,63,9,999,1,5,-1,1,-1
2015132281176,2,9,0,2,0,0,0,0,0,0,1,1,6,3,-1,-1,-1,-1,-1,-1,-1,-1
2015132281295,1,9,0,18,0,1,0,0,0,0,3,1,6,1,39,7,1896,2,17,-1,1,-1
2015132281295,2,3,0,18,0,1,0,0,0,0,4,1,6,1,19,4,124,1,3,-1,1,-1
2015132281396,1,9,0,16,0,0,5,0,7,11,3,1,6,2,22,5,-1,-1,-1,-1,2,-1
2015132281458,1,1,0,18,0,0,2,0,0,0,0,1,6,1,28,6,-1,-1,-1,-1,1,-1
2015132281458,2,9,0,18,0,0,0,0,0,0,0,1,1,1,43,7,2993,2,2,-1,1,-1
2015132290194,1,9,0,4,0,1,0,0,0,0,1,1,6,3,23,5,-1,-1,-1,-1,-1,-1
2015132290194,2,9,0,3,0,1,0,0,0,0,2,1,6,1,39,7,2179,2,1,-1,1,-1
2015132290230,1,1,0,7,0,0,0,0,0,0,3,1,4,1,13,3,-1,-1,-1,-1,1,-1
2015132290230,2,9,0,18,0,0,0,0,0,0,1,1,6,2,18,4,996,1,1,-1,1,-1
2015132290345,1,9,0,7,0,5,0,0,0,0,4,1,6,2,-1,-1,-1,-1,-1,-1,-1,-1
2015132290345,2,1,0,18,0,1,0,0,0,0,1,1,6,1,9,2,-1,-1,-1,-1,2,-1
2015132290371,1,9,0,9,0,2,0,0,0,0,1,1,6,1,65,9,998,1,16,-1,1,-1
2015132290372,1,19,0,2,0,1,0,0,0,0,2,1,1,1,41,7,-1,-1,-1,-1,1,-1
2015132290372,2,9,0,18,0,1,0,0,0,0,1,1,2,1,51,8,-1,-1,-1,-1,1,-1
2015132290446,1,21,1,18,0,8,0,0,0,0,1,1,1,1,30,6,11946,2,5,-1,-1,-1
2015132290446,2,9,0,18,0,8,0,0,0,0,2,1,6,1,28,6,1896,2,12,-1,1,-1
2015132290545,1,9,4,18,0,0,0,0,7,0,1,1,6,1,61,9,-1,-1,-1,-1,3,-1
2015132290545,2,9,0,18,0,0,0,0,1,0,1,1,6,2,66,10,-1,-1,-1,-1,1,-1
2015132290545,3,9,0,7,0,0,0,0,0,0,0,1,6,2,57,9,1966,1,19,-1,3,-1
2015132290559,1,9,0,17,0,0,0,0,0,0,3,1,6,3,-1,-1,-1,-1,-1,-1,-1,-1
2015132290559,2,9,0,16,0,0,0,0,0,0,3,1,6,1,22,5,1242,1,9,-1,1,-1
2015132290631,1,9,0,18,0,8,0,0,0,0,1,1,6,2,68,10,1396,1,13,-1,1,-1
2015132290631,2,9,0,7,0,6,0,0,0,0,3,1,6,1,21,5,-1,-1,-1,-1,1,-1
2015132290850,1,21,0,18,0,0,0,0,0,0,1,1,6,1,33,6,6174,2,10,-1,-1,-1
2015132290850,2,9,0,2,0,0,0,0,0,0,2,1,6,3,-1,-1,1390,1,15,-1,-1,-1
2015132290850,3,9,0,2,0,0,0,0,0,0,2,1,6,3,-1,-1,1339,1,1,-1,-1,-1
2015132290850,4,9,0,18,0,0,0,0,0,0,3,1,6,2,43,7,1598,1,5,-1,-1,-1
2015132290850,5,9,0,18,0,0,0,0,0,0,3,1,6,2,43,7,1242,1,7,-1,-1,-1
2015132290850,6,9,0,1,0,0,0,0,0,0,1,1,6,3,-1,-1,1995,2,5,-1,-1,-1
2015132290850,7,9,0,1,0,0,0,0,1,1,1,1,6,3,-1,-1,-1,-1,-1,-1,-1,-1
2015132290850,8,9,0,1,0,0,0,0,0,0,1,1,6,3,-1,-1,-1,-1,-1,-1,-1,-1
2015132290931,1,9,0,9,0,8,0,0,0,0,1,1,6,1,63,9,-1,-1,-1,-1,1,-1
2015132290931,2,9,0,17,0,8,0,0,1,10,3,1,3,2,43,7,1956,2,2,-1,1,-1
2015132290933,1,9,0,5,0,8,0,0,0,0,3,1,6,1,51,8,1686,2,4,-1,1,-1
2015132290933,2,2,0,18,0,8,0,0,0,0,3,1,6,2,21,5,124,1,1,-1,1,-1
2015132291131,1,9,0,18,0,8,0,0,0,0,1,1,6,3,30,6,2800,2,22,-1,-1,-1
2015132291131,2,9,0,10,0,4,0,0,0,0,3,1,6,1,56,9,1398,1,13,-1,1,-1
2015132291201,1,9,0,18,0,0,0,0,0,0,4,1,6,3,-1,-1,-1,-1,-1,-1,-1,-1
2015132291295,1,19,0,11,0,2,0,0,0,0,1,1,6,1,38,7,1598,2,1,-1,1,-1
2015132291295,2,9,0,17,0,2,0,0,0,0,3,1,6,2,31,6,1984,1,19,-1,1,-1
2015132291646,1,19,0,18,0,0,0,6,1,0,1,1,6,1,17,4,-1,-1,-1,-1,1,-1
20151322A0154,1,9,0,9,0,6,0,0,0,0,1,1,6,1,20,4,1598,2,4,-1,1,-1
20151322A0154,2,9,0,18,0,1,0,0,0,0,3,1,6,1,52,8,1499,2,2,-1,-1,-1
20151322A0175,1,11,0,18,0,1,0,0,0,0,0,1,6,2,45,7,-1,-1,-1,-1,-1,-1
20151322A0175,2,1,0,18,0,1,0,0,0,0,1,1,6,1,40,7,-1,-1,-1,-1,-1,-1
20151322A0175,3,9,0,9,0,5,0,0,0,0,1,1,6,2,40,7,1598,1,2,-1,-1,-1
20151322A0193,1,19,0,9,0,6,0,0,0,0,3,1,6,1,43,7,1896,2,11,-1,1,-1
20151322A0193,2,5,0,18,0,8,5,0,0,0,1,1,6,1,24,5,-1,-1,-1,-1,1,-1
20151322A0537,1,9,0,1,0,8,0,0,1,0,2,1,6,2,31,6,1560,2,3,-1,1,-1
20151322A0537,2,8,0,18,0,8,0,0,0,0,1,1,1,1,32,6,1910,2,7,-1,1,-1
20151322A0650,1,9,0,18,0,1,0,0,0,0,4,1,6,1,46,8,2148,2,13,-1,1,-1
20151322A0713,1,9,0,18,0,8,0,0,0,0,1,1,6,3,-1,-1,-1,-1,-1,-1,-1,-1
20151322A0774,1,9,0,18,0,0,0,0,0,0,1,1,2,1,49,8,1995,2,3,-1,1,-1
20151322A0807,1,9,0,18,0,0,0,0,0,0,1,1,6,1,47,8,1390,1,15,-1,1,-1
20151322A0807,2,9,0,4,0,0,0,0,0,0,2,1,6,2,48,8,1560,2,8,-1,1,-1
20151322A0818,1,9,0,18,0,0,1,7,1,0,1,1,6,2,36,7,1587,1,6,-1,1,-1
20151322A0879,1,9,0,18,0,0,0,0,0,0,3,1,6,1,39,7,1997,2,5,-1,1,-1
20151322A0976,1,9,0,9,0,6,0,0,0,0,4,1,6,1,85,11,998,1,4,-1,2,-1
20151322A0976,2,9,0,18,0,8,0,0,1,4,3,1,1,1,40,7,1197,1,1,-1,3,-1
20151322A1399,1,9,0,18,0,0,1,0,0,0,1,1,6,1,20,4,1248,2,9,-1,1,-1
20151322A1399,2,9,0,4,0,0,0,0,0,0,2,1,6,1,31,6,1598,1,10,-1,1,-1
20151322A1399,3,9,0,4,0,0,0,0,0,0,2,1,6,1,39,7,1870,2,10,-1,1,-1
20151322A1419,1,8,0,1,0,0,0,0,0,0,4,1,1,3,-1,-1,1896,2,8,-1,-1,-1
20151322A1555,1,9,0,18,0,8,0,0,0,0,1,1,6,1,23,5,1560,2,5,-1,1,-1
20151322A1555,2,9,0,4,0,8,0,0,0,0,2,1,1,1,36,7,1968,2,4,-1,1,-1
20151322B0162,1,1,0,18,0,0,0,0,0,0,4,1,6,1,48,8,-1,-1,-1,-1,3,-1
20151322B0217,1,9,0,9,0,6,0,0,0,0,0,1,6,3,-1,-1,-1,-1,-1,-1,-1,-1
20151322B0217,2,9,0,18,0,1,0,0,0,0,1,1,6,2,25,5,1587,1,13,-1,1,-1
20151322B0546,1,9,0,18,0,1,0,0,0,0,1,1,1,1,26,6,-1,-1,-1,-1,1,-1
20151322B0546,2,5,0,18,0,1,0,0,0,0,2,1,6,1,57,9,848,1,11,-1,1,-1
20151322B0664,1,9,0,9,0,2,0,0,0,0,3,1,6,2,46,8,-1,-1,-1,-1,2,-1
20151322B0664,2,9,0,18,0,2,0,0,0,0,4,1,6,1,63,9,-1,-1,-1,-1,-1,-1
20151322B0779,1,9,0,9,0,6,0,0,0,0,1,1,6,1,-1,-1,1124,1,14,-1,-1,-1
20151322B0779,2,9,0,18,0,8,0,0,0,0,3,1,1,1,33,6,1598,2,3,-1,1,-1
20151322B0878,1,8,0,5,0,0,0,0,0,0,4,1,1,3,-1,-1,1896,2,7,-1,-1,-1
20151322B1095,1,11,0,18,0,0,0,0,0,0,1,1,1,1,45,7,6692,2,3,-1,1,-1
20151322B1545,1,9,0,16,0,2,0,0,0,0,1,1,6,2,22,5,998,1,13,-1,1,-1
20151322B1545,2,9,0,18,0,1,0,0,0,0,1,1,6,2,32,6,1598,2,3,-1,-1,-1
20151322B1691,1,9,0,16,9,8,1,0,7,11,1,1,6,1,19,4,1968,2,8,-1,1,-1
20151322C0494,1,9,0,17,0,1,0,0,0,0,1,1,6,1,20,4,-1,-1,-1,-1,-1,-1
20151322C0494,2,9,0,16,0,1,0,0,0,0,1,1,6,2,29,6,1149,1,4,-1,1,-1
20151322C0501,1,19,0,4,0,0,0,0,0,0,1,1,1,1,32,6,2198,2,1,-1,1,-1
20151322C0501,2,19,0,4,0,0,0,0,0,0,2,1,6,2,25,5,2494,2,7,-1,3,-1
20151322C0501,3,9,0,4,0,0,0,0,0,0,2,1,6,2,45,7,1242,1,1,-1,1,-1
20151322C0635,1,9,0,18,0,4,0,0,1,0,1,1,6,1,23,5,995,1,2,-1,1,-1
20151322C0635,2,9,0,18,0,4,0,0,0,0,0,1,6,1,48,8,-1,-1,-1,-1,1,-1
20151322C0657,1,9,0,18,0,0,0,0,0,0,1,1,6,1,27,6,2993,2,9,-1,1,-1
20151322C0669,1,9,0,2,0,0,0,0,0,0,4,1,6,2,30,6,-1,-1,-1,-1,1,-1
20151322C0669,2,9,0,18,0,0,0,0,0,0,3,1,6,3,-1,-1,1596,1,10,-1,-1,-1
20151322C0935,1,9,0,1,0,0,0,0,0,0,2,1,6,2,-1,-1,1794,1,9,-1,1,-1
20151322C1019,1,20,0,18,0,0,1,0,0,0,3,1,1,1,29,6,2143,2,4,-1,1,-1
20151322C1019,2,21,0,18,0,0,1,0,0,6,4,1,1,1,28,6,5861,2,14,-1,2,-1
20151322C1257,1,11,0,18,0,1,0,0,0,0,1,1,1,1,51,8,9360,2,3,-1,1,-1
20151322C1287,1,19,0,13,0,0,0,0,0,0,4,1,1,1,44,7,2198,2,1,-1,1,-1
20151322C1287,2,1,0,18,0,0,0,0,0,0,2,1,6,1,42,7,-1,-1,-1,-1,1,-1
20151322C1686,1,9,0,14,0,0,0,0,0,0,3,1,6,1,31,6,2400,2,5,-1,1,-1
20151322C1686,2,9,0,18,0,0,0,0,0,0,4,1,6,1,28,6,1360,1,13,-1,-1,-1
20151322C1781,1,8,0,9,0,8,0,0,0,0,1,1,6,1,30,6,1686,2,7,-1,1,-1
20151322C1781,2,9,0,18,0,8,0,0,0,0,1,1,6,1,27,6,1461,2,10,-1,1,-1
20151322D0003,1,9,0,16,0,0,5,0,7,11,3,1,6,2,19,4,-1,-1,-1,-1,1,-1
20151322D0149,1,8,0,5,0,0,0,0,7,11,4,1,1,1,59,9,-1,-1,-1,-1,1,-1
20151322D0149,2,9,0,18,0,0,0,0,0,0,1,1,2,1,31,6,-1,-1,-1,-1,1,-1
20151322D0434,1,11,0,4,6,0,0,0,0,0,0,1,1,1,56,9,7300,2,6,-1,1,-1
20151322D0455,1,21,1,18,0,1,5,0,7,0,3,1,1,1,28,6,11705,2,2,-1,2,-1
20151322D0776,1,9,0,5,0,1,0,0,0,0,1,1,6,2,-1,-1,-1,-1,-1,-1,-1,-1
20151322D1205,1,9,0,18,0,0,0,0,0,0,1,1,6,1,29,6,2495,2,18,-1,1,-1
20151322D1205,2,2,0,18,0,0,0,0,0,0,1,1,6,1,16,4,49,1,3,-1,1,-1
20151322D1250,1,9,0,7,0,1,0,0,0,0,1,1,6,1,50,8,-1,-1,-1,-1,2,-1
20151322D1250,2,9,0,18,0,1,0,0,0,0,2,1,6,1,50,8,1368,1,6,-1,1,-1
20151322D1492,1,9,0,11,0,0,0,0,1,0,4,1,6,2,36,7,1998,1,19,-1,1,-1
20151322D1492,2,9,0,18,0,0,0,0,0,0,1,1,6,1,27,6,1686,2,10,-1,2,-1
20151322D1495,1,8,0,9,0,0,0,0,0,0,1,1,1,1,42,7,1896,2,5,-1,-1,-1
20151322D1495,2,9,0,18,0,0,0,0,0,0,0,1,6,1,18,4,-1,-1,-1,-1,3,-1
20151322D1677,1,9,0,18,0,0,1,0,1,9,1,1,6,1,19,4,-1,-1,-1,-1,1,-1
20151322D1715,1,9,0,2,9,0,0,0,0,0,1,1,6,1,36,7,2191,2,1,-1,1,-1
20151322D1759,1,9,0,14,0,8,0,0,1,4,1,1,6,1,23,5,2521,1,9,-1,-1,-1
20151322E0071,1,9,0,18,0,0,1,10,6,1,4,1,6,1,33,6,-1,-1,-1,-1,-1,-1
20151322E0366,1,9,0,3,0,1,0,0,0,0,2,1,6,2,43,7,1360,1,16,-1,1,-1
20151322E0366,2,19,0,18,0,1,0,0,0,0,1,1,6,1,52,8,2461,2,14,-1,1,-1
20151322E0455,1,9,0,9,0,2,0,0,0,0,3,1,6,1,73,10,1398,1,1,-1,1,-1
20151322E0472,1,9,0,1,0,0,0,0,0,0,4,1,1,2,23,5,1598,2,1,-1,1,-1
20151322E0575,1,9,0,18,0,1,0,0,0,0,1,1,2,1,28,6,1794,1,8,-1,1,-1
20151322E0575,2,9,0,3,0,1,0,0,0,0,2,1,6,1,37,7,1598,1,17,-1,1,-1
20151322E0588,1,9,0,16,0,0,1,0,0,0,1,1,6,1,21,5,-1,-1,-1,-1,1,-1
20151322E0588,2,9,0,18,0,0,0,0,1,0,1,1,6,2,26,6,1399,2,7,-1,1,-1
20151322E0664,1,9,0,18,0,0,0,0,0,0,2,1,6,1,88,11,1598,1,9,-1,1,-1
20151322E0664,2,9,0,2,0,0,0,0,0,0,1,1,6,1,62,9,1910,2,9,-1,-1,-1
20151322E0743,1,9,0,18,0,0,0,0,0,0,2,1,6,2,54,8,1910,2,5,-1,3,-1
20151322E0743,2,9,0,18,0,0,1,0,0,0,1,1,6,2,21,5,1242,1,9,-1,1,-1
20151322E0839,1,9,0,18,0,8,0,0,0,0,4,1,6,3,-1,-1,-1,-1,-1,-1,-1,-1
20151322E0934,1,9,0,16,0,0,1,0,2,11,3,1,6,1,28,6,1870,2,11,-1,1,-1
20151322E1040,1,19,0,18,0,0,0,0,0,0,1,1,6,1,32,6,1560,2,7,-1,2,-1
20151322E1111,1,9,0,13,0,8,0,0,0,0,1,1,6,1,20,4,1900,2,11,-1,1,-1
20151322E1111,2,19,0,10,0,8,0,0,0,0,1,1,6,1,57,9,1560,2,5,-1,2,-1
20151322E1111,3,8,0,2,0,1,0,0,0,0,3,1,1,1,43,7,1896,2,6,-1,1,-1
20151322E1172,1,9,0,18,0,0,1,0,0,0,2,1,6,1,18,4,-1,-1,-1,-1,-1,-1
20151322E1172,2,9,0,18,0,0,0,0,0,0,0,1,6,1,19,4,1968,2,5,-1,-1,-1
20151322E1172,3,9,0,18,0,0,0,0,0,0,0,1,6,2,44,7,-1,-1,-1,-1,-1,-1
20151322E1312,1,9,0,4,0,1,0,0,0,0,1,1,6,1,27,6,1896,2,13,-1,1,-1
20151322E1312,2,8,0,4,0,1,0,0,0,0,2,1,6,1,48,8,-1,-1,-1,-1,1,-1
20151322E1312,3,9,0,4,0,1,0,0,0,0,2,1,6,2,55,8,1490,1,7,-1,1,-1
20151322E1377,1,9,0,18,0,0,0,0,0,0,1,1,1,1,39,7,1968,2,7,-1,-1,-1
20151322E1383,1,9,0,18,0,0,1,4,0,0,1,1,6,1,34,6,1229,1,1,-1,1,-1
20151322E1383,2,9,0,2,0,0,0,4,0,0,1,1,6,3,-1,-1,1896,2,13,-1,-1,-1
20151322E1383,3,9,0,2,0,0,0,0,0,0,2,1,6,3,-1,-1,1984,1,12,-1,-1,-1
20151322E1383,4,9,0,18,0,0,0,0,0,0,1,1,6,1,46,8,1498,1,6,-1,3,-1
20151322E1521,1,9,0,18,0,0,0,0,0,0,1,1,6,1,23,5,1364,1,10,-1,1,-1
20151322F0293,1,9,0,18,0,1,0,0,0,0,1,1,6,1,-1,-1,-1,-1,-1,-1,-1,-1
20151322F0293,2,1,0,3,0,1,0,0,0,0,0,1,6,2,32,6,-1,-1,-1,-1,1,-1
20151322F0554,1,9,0,1,0,0,0,0,0,0,2,1,6,1,51,8,1753,2,13,-1,1,-1
20151322F1083,1,19,0,2,0,0,0,0,0,0,4,1,6,3,-1,-1,1998,2,12,-1,1,-1
20151322F1083,2,9,0,2,0,0,0,0,0,0,4,1,6,3,-1,-1,-1,-1,-1,-1,1,-1
20151322F1083,3,9,0,18,0,0,0,0,0,0,0,1,6,1,20,4,-1,-1,-1,-1,1,-1
20151322F1083,4,9,0,2,0,0,0,0,0,0,1,1,6,3,-1,-1,1242,1,9,-1,-1,-1
20151322F1083,5,9,0,18,0,0,0,0,0,0,1,1,6,1,20,4,-1,-1,-1,-1,1,-1
20151322F1153,1,8,0,18,0,0,0,0,0,0,1,1,1,1,-1,-1,1497,8,7,-1,1,-1
20151322F1153,2,8,0,3,0,0,0,0,0,0,2,1,1,1,-1,-1,-1,-1,-1,-1,-1,-1
20151322F1358,1,2,0,18,0,8,0,0,0,0,1,1,6,2,55,8,124,1,3,-1,1,-1
20151322F1358,2,9,0,9,0,6,0,0,0,0,0,1,6,3,-1,-1,-1,-1,-1,-1,-1,-1
20151322F1358,3,9,0,18,0,8,0,0,0,0,1,1,6,3,-1,-1,-1,-1,-1,-1,-1,-1
20151322F1487,1,11,0,18,2,0,0,0,0,0,0,1,1,1,68,10,9360,2,4,-1,1,-1
20151322F1521,1,9,0,18,0,0,0,0,0,7,1,1,6,1,26,6,-1,-1,-1,-1,1,-1
20151322F1605,1,9,0,18,0,0,1,0,1,7,1,1,6,2,20,4,-1,-1,-1,-1,1,-1
20151322F1702,1,9,0,18,0,0,0,0,0,0,3,1,6,3,-1,-1,-1,-1,-1,-1,-1,-1
20151322G0058,1,9,0,17,0,0,5,0,1,0,4,1,6,1,18,4,-1,-1,-1,-1,1,-1
20151322G0191,1,9,0,17,0,0,0,6,0,0,1,1,2,1,46,8,1390,1,14,-1,1,-1
20151322G0283,1,21,0,11,0,0,0,0,0,0,4,1,1,1,31,6,7698,2,1,-1,1,-1
20151322G0283,2,9,0,18,0,0,1,0,4,0,3,1,2,1,23,5,998,1,9,-1,3,-1
20151322G0450,1,9,0,18,0,1,0,0,0,0,1,1,6,2,23,5,1896,2,13,-1,1,-1
20151322G0450,2,9,0,8,0,5,0,0,0,0,2,1,6,1,68,10,1596,1,10,-1,2,-1
20151322G0666,1,9,0,5,0,4,0,0,0,0,1,1,6,1,18,4,1198,1,10,-1,1,-1
20151322G0666,2,9,0,3,0,4,0,0,0,0,2,1,6,2,34,6,1598,2,4,-1,1,-1
20151322G0766,1,9,0,18,0,1,0,0,0,0,3,1,1,2,33,6,1198,1,5,-1,1,-1
20151322G0766,2,9,0,9,0,1,0,0,0,0,1,1,1,2,41,7,-1,-1,-1,-1,1,-1
20151322G1235,1,9,0,18,0,1,0,0,0,0,4,1,6,1,62,9,-1,-1,-1,-1,1,-1
20151322G1235,2,19,0,7,0,6,0,0,0,0,1,1,6,1,-1,-1,2198,2,9,-1,1,-1
20151322G1323,1,9,0,10,0,0,0,0,0,0,2,1,6,1,50,8,1968,2,5,-1,1,-1
20151322G1323,2,9,0,18,0,0,0,0,0,0,1,1,6,1,39,7,1388,1,7,-1,1,-1
20151322G1460,1,9,0,4,0,5,1,0,0,0,1,1,2,2,22,5,-1,-1,-1,-1,1,-1
20151322G1460,2,9,0,3,0,5,0,0,0,0,2,1,2,2,47,8,2204,2,7,-1,1,-1
20151322G1518,1,9,0,18,0,8,0,0,0,0,4,1,6,2,40,7,-1,-1,-1,-1,1,-1
20151322G1518,2,9,0,18,0,8,0,0,0,0,1,1,6,1,18,4,1560,2,6,-1,1,-1
20151322H0163,1,9,0,18,0,0,0,0,0,0,4,1,2,1,62,9,1997,2,2,-1,1,-1
20151322H0163,2,9,0,11,0,0,0,0,0,0,3,1,2,1,40,7,-1,-1,-1,-1,1,-1
20151322H0208,1,1,0,18,0,0,0,0,0,0,1,1,2,2,29,6,-1,-1,-1,-1,1,-1
20151322H0208,2,19,0,2,0,0,0,0,0,0,2,1,6,3,-1,-1,2198,2,1,-1,-1,-1
20151322H0390,1,9,0,18,0,0,0,0,0,0,3,1,1,2,35,6,-1,-1,-1,-1,1,-1
20151322H0390,2,21,0,12,0,0,0,0,0,0,4,1,6,1,43,7,12900,2,7,-1,1,-1
20151322H0390,3,9,0,18,0,0,0,0,0,0,3,1,1,1,58,9,1461,2,2,-1,1,-1
20151322H0501,1,9,0,18,0,0,0,0,0,0,4,1,6,1,40,7,1364,2,6,-1,1,-1
20151322H0501,2,1,0,18,0,0,0,0,0,0,3,1,6,1,29,6,-1,-1,-1,-1,1,-1
20151322H0564,1,9,0,18,0,0,0,0,0,0,4,1,6,2,56,9,1598,1,8,-1,1,-1
20151322H0629,1,9,0,14,0,0,0,0,0,0,1,1,6,2,69,10,1242,1,6,-1,1,-1
20151322H0671,1,9,0,9,0,5,0,0,0,0,4,1,6,1,53,8,1598,2,3,-1,1,-1
20151322H0671,2,3,0,18,0,8,0,0,0,0,1,1,6,1,25,5,125,1,1,-1,1,-1
20151322H0875,1,9,0,18,0,0,0,0,1,11,1,1,6,1,51,8,1995,2,4,-1,1,-1
20151322H0889,1,9,0,18,0,0,0,0,0,0,2,1,6,2,48,8,1598,1,3,-1,1,-1
20151322H0889,2,9,0,18,0,0,0,0,0,0,1,1,6,2,24,5,1229,1,1,-1,1,-1
20151322H0947,1,3,0,18,0,0,5,0,0,0,3,1,6,1,29,6,125,1,1,-1,1,-1
20151322H0947,2,9,0,13,0,0,0,0,0,0,4,1,6,3,-1,-1,-1,-1,-1,-1,-1,-1
20151322H1325,1,8,0,9,0,6,0,0,0,0,3,1,1,1,55,8,-1,-1,-1,-1,1,-1
20151322H1325,2,9,0,18,0,8,1,0,0,0,1,1,6,1,20,4,1910,2,8,-1,1,-1
20151322H1325,3,9,0,2,0,8,0,0,0,0,3,1,6,3,-1,-1,1999,1,12,-1,-1,-1
20151322H1471,1,9,0,9,0,1,0,0,0,0,1,1,6,2,40,7,1560,2,1,-1,1,-1
20151322H1471,2,9,0,13,0,1,0,0,2,11,3,1,6,1,35,6,-1,-1,-1,-1,3,-1
20151322H1540,1,9,0,1,0,0,0,0,0,0,2,1,6,1,25,5,1896,2,8,-1,1,-1
20151322H1637,1,9,0,6,0,1,0,0,7,1,3,1,6,1,33,6,1896,2,13,-1,2,-1
20151322H1637,2,9,0,18,0,1,1,0,0,0,1,1,6,3,25,5,1896,2,11,-1,1,-1
20151322I0232,1,3,0,18,0,0,0,0,0,0,0,1,2,1,25,5,124,1,4,-1,1,-1
20151322I0340,1,9,0,7,0,5,0,0,0,0,0,1,6,2,20,4,998,1,7,-1,1,-1
20151322I0340,2,1,0,18,4,8,0,0,0,0,0,1,6,2,19,4,-1,-1,-1,-1,1,-1
20151322I0401,1,9,0,9,0,1,0,0,0,0,1,1,6,2,17,4,1986,2,9,-1,1,-1
20151322I0401,2,9,0,18,0,8,0,0,0,0,3,1,6,2,38,7,1998,2,8,-1,1,-1
20151322I0646,1,9,0,18,0,0,0,0,0,0,1,1,6,3,-1,-1,-1,-1,-1,-1,-1,-1
20151322I0646,2,9,0,18,0,0,0,0,0,0,2,1,6,2,45,7,1199,1,11,-1,1,-1
20151322I0658,1,9,0,9,0,6,0,0,0,0,1,1,1,1,45,7,1686,2,10,-1,1,-1
20151322I0851,1,9,0,1,0,0,0,0,0,0,3,1,1,1,68,10,2143,2,3,-1,3,-1
20151322I0889,1,9,0,18,0,0,0,0,0,0,1,1,6,1,29,6,1896,2,13,-1,1,-1
20151322I0889,2,9,0,6,0,0,0,0,0,0,3,1,6,2,56,9,1596,1,4,-1,1,-1
20151322I0966,1,9,0,18,0,0,0,0,0,0,3,1,6,1,26,6,1363,2,11,-1,1,-1
20151322I0966,2,9,0,5,0,0,0,0,0,0,4,1,6,2,29,6,1984,1,14,-1,1,-1
20151322I1055,1,9,0,18,0,0,1,0,0,0,1,1,1,2,24,5,1598,1,6,-1,3,-1
20151322I1055,2,19,0,18,0,0,0,0,1,0,1,1,2,1,54,8,2198,2,5,-1,2,-1
20151322I1162,1,9,0,18,0,0,0,0,0,0,1,1,6,1,52,8,-1,-1,-1,-1,1,-1
20151322I1162,2,9,0,18,0,0,0,0,0,0,1,1,6,1,32,6,1149,1,15,-1,2,-1
20151322I1228,1,9,0,18,0,8,0,0,1,11,4,1,6,2,61,9,1398,1,1,-1,1,-1
20151322I1228,2,9,0,18,0,8,0,0,1,11,1,1,6,1,80,11,2231,2,2,-1,2,-1
20151322I1268,1,9,0,18,0,4,0,0,0,0,3,1,1,1,44,7,1995,2,4,-1,1,-1
20151322I1268,2,9,0,18,0,4,0,0,0,0,1,1,6,2,39,7,-1,-1,-1,-1,1,-1
20151322I1429,1,9,0,18,0,1,0,0,0,0,1,1,6,1,20,4,1598,1,8,-1,1,-1
20151322I1429,2,8,0,3,0,2,0,0,0,0,4,1,1,1,41,7,1896,2,6,-1,1,-1
20151322I1429,3,9,0,9,0,8,0,0,0,0,4,1,6,2,19,4,1600,1,9,-1,1,-1
20151322I1640,1,9,0,9,0,0,0,0,0,0,1,1,6,1,39,7,1598,1,13,-1,1,-1
20151322I1640,2,1,0,18,9,0,1,0,0,0,1,1,6,1,14,3,-1,-1,-1,-1,1,-1
20151322I1714,1,11,0,3,0,0,0,0,0,0,0,1,1,1,52,8,9360,2,3,-1,1,-1
20151322J0228,1,9,0,18,0,8,0,0,0,0,1,1,2,1,39,7,1791,8,4,-1,1,-1
20151322J0228,2,5,0,18,0,8,0,0,0,0,3,1,2,1,39,7,-1,-1,-1,-1,1,-1
20151322J0348,1,19,0,18,9,0,0,0,1,10,1,1,1,1,51,8,-1,-1,-1,-1,1,-1
20151322J0379,1,9,0,9,0,8,0,0,0,0,4,1,2,1,40,7,1388,1,5,-1,1,-1
20151322J0379,2,9,0,18,0,8,0,0,0,0,1,1,2,2,47,8,1124,1,10,-1,1,-1
20151322J0379,3,9,0,18,0,8,0,0,0,0,1,1,2,2,40,7,-1,-1,-1,-1,1,-1
20151322J0408,1,9,0,18,0,0,0,0,0,0,1,1,6,1,23,5,1781,1,15,-1,2,-1