Accident_Index,Vehicle_Reference,Vehicle_Type,Towing_and_Articulation,Vehicle_Manoeuvre,Vehicle_Location-Restricted_Lane,Junction_Location,Skidding_and_Overturning,Hit_Object_in_Carriageway,Vehicle_Leaving_Carriageway,Hit_Object_off_Carriageway,1st_Point_of_Impact,Was_Vehicle_Left_Hand_Drive?,Journey_Purpose_of_Driver,Sex_of_Driver,Age_of_Driver,Age_Band_of_Driver,Engine_Capacity_(CC),Propulsion_Code,Age_of_Vehicle,Driver_IMD_Decile,Driver_Home_Area_Type,Vehicle_IMD_Decile
2015132340225,1,21,1,4,0,4,0,0,0,0,1,1,1,3,-1,-1,12740,2,1,-1,-1,-1
2015132340225,2,9,0,3,0,4,0,0,0,0,2,1,2,1,57,9,1398,2,4,-1,1,-1
2015132340369,1,9,0,4,0,2,0,0,0,0,1,1,6,2,63,9,1796,1,10,-1,1,-1
2015132340369,2,9,0,4,0,2,0,0,0,0,2,1,6,2,32,6,1461,2,2,-1,2,-1
2015132340382,1,9,0,9,0,8,0,0,0,0,1,1,6,2,33,6,-1,-1,-1,-1,1,-1
2015132340382,2,20,0,18,0,8,0,0,0,0,3,1,1,1,24,5,3920,2,3,-1,1,-1
2015132340457,1,9,0,17,0,0,0,4,0,0,1,1,6,1,82,11,1339,1,2,-1,1,-1
2015132340457,2,9,0,2,0,0,0,0,0,0,2,1,6,2,29,6,1398,2,1,-1,1,-1
2015132340457,3,9,0,2,0,0,0,0,0,0,2,1,6,1,31,6,1390,1,8,-1,1,-1
2015132340523,1,9,0,1,0,0,0,0,0,0,2,1,6,1,58,9,1596,1,13,-1,1,-1
2015132340523,2,8,0,18,0,0,0,0,0,0,1,1,1,1,60,9,1686,2,6,-1,1,-1
2015132340917,1,9,0,18,0,0,0,0,0,0,1,1,6,1,-1,-1,-1,-1,-1,-1,-1,-1
2015132341058,1,9,0,9,0,6,0,0,0,0,1,1,6,2,68,10,2995,1,10,-1,-1,-1
2015132341058,2,1,0,17,0,1,0,0,0,0,4,1,6,1,26,6,-1,-1,-1,-1,-1,-1
2015132341161,1,5,0,18,0,1,0,0,0,0,1,1,6,1,-1,-1,599,1,18,-1,-1,-1
2015132341161,2,9,0,18,0,1,0,0,0,0,3,1,6,2,44,7,998,1,3,-1,1,-1
2015132341183,1,9,0,18,0,0,0,0,0,0,2,1,6,1,58,9,2487,2,15,-1,-1,-1
2015132341183,2,9,0,4,0,0,0,0,0,0,0,1,6,2,43,7,998,1,5,-1,1,-1
2015132341495,1,8,0,18,0,0,0,0,0,0,1,1,3,1,-1,-1,1997,2,7,-1,-1,-1
2015132341625,1,9,0,9,0,8,0,0,0,0,4,1,6,1,46,8,1598,2,5,-1,1,-1
2015132341625,2,3,0,18,0,8,0,0,0,0,1,1,6,1,50,8,124,1,17,-1,1,-1
2015132341666,1,9,0,18,0,8,0,0,0,0,1,1,6,1,63,9,1998,1,8,-1,1,-1
2015132341666,2,9,0,18,0,8,0,0,0,0,4,1,6,2,23,5,1199,1,11,-1,-1,-1
2015132341958,1,9,0,18,0,8,0,0,0,0,1,1,6,3,-1,-1,1896,2,6,-1,-1,-1
2015132341958,2,9,0,3,0,8,0,0,0,0,2,1,6,2,30,6,1299,1,14,-1,1,-1
2015132350064,1,9,0,18,0,1,2,0,1,4,1,1,6,1,25,5,-1,-1,-1,-1,2,-1
2015132350160,1,9,0,18,0,8,0,0,0,0,1,1,6,1,32,6,1560,2,1,-1,1,-1
2015132350160,2,9,0,18,0,8,0,0,0,0,4,1,6,2,44,7,1198,1,13,-1,3,-1
2015132350168,1,9,0,18,0,8,0,0,0,0,1,1,6,1,58,9,-1,-1,-1,-1,1,-1
2015132350168,2,8,0,18,0,8,0,0,0,0,3,1,1,1,58,9,1998,2,9,-1,1,-1
2015132350238,1,9,0,9,0,8,0,0,0,0,1,1,2,2,-1,-1,1496,2,1,-1,1,-1
2015132350238,2,1,0,18,0,8,0,0,0,0,3,1,2,1,27,6,-1,-1,-1,-1,3,-1
2015132350275,1,9,0,18,0,1,0,0,0,0,1,1,6,1,-1,-1,1968,2,10,-1,-1,-1
2015132350297,1,9,0,17,0,0,1,0,0,0,3,1,2,1,48,8,-1,-1,-1,-1,1,-1
2015132350297,2,9,0,16,0,0,1,0,0,0,1,1,2,2,42,7,-1,-1,-1,-1,3,-1
2015132350297,3,9,0,13,0,0,1,0,0,0,1,1,6,1,29,6,-1,-1,-1,-1,3,-1
2015132350375,1,20,0,18,0,0,0,0,0,0,4,1,1,1,60,9,4580,2,7,-1,1,-1
2015132350375,2,1,0,13,0,0,5,0,0,0,1,1,6,1,20,4,-1,-1,-1,-1,1,-1
2015132350375,3,1,0,18,4,0,5,0,0,0,1,1,6,2,19,4,-1,-1,-1,-1,1,-1
2015132350433,1,11,0,2,0,0,0,0,0,0,0,1,3,1,54,8,9200,2,9,-1,1,-1
2015132350530,1,19,0,18,0,8,0,0,0,0,3,1,1,1,40,7,1686,2,10,-1,1,-1
2015132350803,1,9,0,5,0,4,0,0,0,0,2,1,6,1,25,5,1896,2,7,-1,1,-1
2015132350803,2,9,0,18,0,4,0,0,0,0,1,1,1,1,65,9,-1,-1,-1,-1,1,-1
2015132350882,1,9,0,18,0,8,0,0,0,0,1,1,6,1,19,4,1299,1,12,-1,-1,-1
2015132350882,2,19,0,18,0,1,0,0,0,0,0,1,1,1,-1,-1,1995,2,2,-1,1,-1
2015132350882,3,9,0,18,0,8,0,0,0,0,1,1,6,1,48,8,2200,2,21,-1,1,-1
2015132350974,1,1,0,18,0,8,0,0,0,0,4,1,2,1,33,6,-1,-1,-1,-1,1,-1
2015132350974,2,9,0,5,0,4,0,0,0,0,1,1,6,2,27,6,1598,1,1,-1,1,-1
2015132351095,1,9,0,2,0,0,0,0,0,0,3,1,6,1,-1,-1,-1,-1,-1,-1,-1,-1
2015132351095,2,1,0,14,0,0,0,4,0,0,4,1,6,1,39,7,-1,-1,-1,-1,1,-1
2015132351208,1,11,0,18,0,0,0,0,0,0,0,1,1,1,25,5,7300,2,8,-1,1,-1
2015132351214,1,9,0,8,0,6,0,0,0,0,1,1,3,2,33,6,995,1,5,-1,1,-1
2015132351307,1,9,0,18,0,0,0,0,1,11,1,1,6,2,60,9,1200,1,1,-1,1,-1
2015132351575,1,11,0,18,0,0,0,0,0,0,0,1,1,2,25,5,9360,2,3,-1,1,-1
2015132351681,1,9,0,6,0,0,0,0,0,0,3,1,6,2,39,7,1386,1,9,-1,1,-1
2015132351681,2,9,0,18,0,0,0,0,0,0,3,1,6,3,35,6,1498,1,10,-1,-1,-1
2015132360248,1,9,0,18,0,0,0,0,0,0,1,1,2,1,23,5,1995,2,6,-1,2,-1
2015132360248,2,9,0,18,0,0,0,0,0,0,2,1,2,1,44,7,1896,2,16,-1,1,-1
2015132360324,1,9,0,18,0,0,0,0,0,0,1,1,2,1,34,6,2993,2,7,-1,1,-1
2015132360386,1,9,0,18,0,0,0,0,0,0,1,1,6,2,24,5,1199,1,16,-1,2,-1
2015132360386,2,9,0,18,0,0,0,0,0,0,2,1,1,1,52,8,1299,1,14,-1,1,-1
2015132360395,1,9,0,18,0,8,0,0,0,0,1,1,6,2,43,7,-1,-1,-1,-1,1,-1
2015132360395,2,8,0,18,0,8,0,0,0,0,1,1,1,1,57,9,1968,2,5,-1,1,-1
2015132360511,1,9,0,1,0,2,0,0,0,0,0,1,3,2,59,9,1598,1,12,-1,1,-1
2015132360511,2,1,0,18,0,1,0,0,0,0,0,1,4,1,12,3,-1,-1,-1,-1,1,-1
2015132360562,1,3,0,18,0,8,1,0,0,0,1,1,6,1,18,4,124,1,12,-1,1,-1
2015132360562,2,11,0,9,0,8,0,0,0,0,3,1,1,1,49,8,7300,2,14,-1,1,-1
2015132360564,1,9,0,18,0,8,1,0,7,11,4,1,6,1,21,5,1198,1,3,-1,1,-1
2015132360564,2,19,0,18,0,8,1,0,0,0,1,1,6,1,46,8,-1,-1,-1,-1,1,-1
2015132360612,1,9,0,9,0,5,0,0,0,0,4,1,1,1,54,8,1968,2,5,-1,1,-1
2015132360640,1,8,0,18,0,8,0,0,0,0,4,1,1,1,33,6,1995,2,2,-1,1,-1
2015132360640,2,9,0,8,0,6,0,0,0,0,1,1,6,1,58,9,998,1,3,-1,1,-1
2015132360822,1,9,0,7,0,6,0,0,0,0,1,1,6,1,24,5,1753,2,15,-1,1,-1
2015132360822,2,5,0,18,0,8,0,0,0,0,4,1,6,2,29,6,650,1,14,-1,1,-1
2015132360971,1,9,0,9,0,8,0,0,0,0,1,1,6,1,42,7,1968,2,5,-1,1,-1
2015132360971,2,19,0,18,0,8,0,0,0,0,1,1,6,1,60,9,-1,-1,-1,-1,1,-1
2015132360971,3,9,0,9,0,1,0,0,0,0,3,1,6,1,35,6,1998,1,13,-1,1,-1
2015132360987,1,9,0,18,0,0,0,0,0,0,2,1,1,1,34,6,1968,2,4,-1,1,-1
2015132360987,2,9,0,18,0,0,0,0,0,0,1,1,1,1,25,5,1995,1,3,-1,1,-1
2015132361013,1,9,0,9,0,8,0,0,0,0,3,1,6,2,53,8,1995,2,9,-1,1,-1
2015132361047,1,9,0,18,0,0,0,0,0,0,3,1,6,1,-1,-1,-1,-1,-1,-1,-1,-1
2015132361051,1,9,0,18,0,0,0,0,0,0,2,1,6,1,47,8,1896,2,9,-1,2,-1
2015132361051,2,9,0,18,0,0,0,0,0,0,1,1,2,1,31,6,1149,1,1,-1,3,-1
2015132361157,1,19,0,18,0,1,0,0,0,0,1,1,6,1,25,5,1896,2,7,-1,-1,-1
2015132361157,2,19,0,8,0,1,0,0,0,0,2,1,6,1,38,7,2148,2,7,-1,1,-1
2015132361224,1,9,0,9,0,6,0,0,0,0,1,1,6,1,35,6,1299,1,7,-1,1,-1
2015132361224,2,4,0,14,0,8,0,0,0,0,4,1,6,1,47,8,278,1,3,-1,1,-1
2015132361483,1,9,0,1,0,0,0,0,0,0,2,1,6,1,26,6,2400,2,1,-1,3,-1
2015132361483,2,11,0,18,0,0,0,0,0,0,1,1,1,1,52,8,5900,2,5,-1,1,-1
2015132361492,1,9,0,18,0,1,0,0,0,0,1,1,6,1,53,8,1910,2,8,-1,1,-1
2015132370672,1,9,0,18,0,2,0,0,0,0,3,1,6,1,-1,-1,-1,-1,-1,-1,-1,-1
2015132370736,1,9,0,18,0,0,0,0,0,0,1,1,6,1,83,11,1397,1,14,-1,1,-1
2015132370791,1,9,0,4,0,1,0,0,0,0,1,1,6,1,59,9,2993,2,5,-1,1,-1
2015132370791,2,9,0,9,0,5,0,0,0,0,1,1,6,2,23,5,1364,1,10,-1,1,-1
2015132370876,1,8,0,18,0,1,0,0,0,0,3,1,1,1,-1,-1,1584,1,7,-1,-1,-1
2015132370884,1,9,0,13,0,0,1,0,1,4,3,1,6,1,21,5,1360,1,8,-1,1,-1
2015132371002,1,9,0,18,0,2,0,0,0,0,1,1,6,1,48,8,1796,1,14,-1,1,-1
2015132371107,1,9,0,8,0,1,0,0,0,0,1,1,6,1,-1,-1,1600,1,15,-1,1,-1
2015132371107,2,9,0,4,0,1,0,0,0,0,2,1,6,1,33,6,1240,1,11,-1,1,-1
2015132371175,1,9,0,5,0,0,0,0,1,11,2,1,6,2,39,7,1910,2,8,-1,2,-1
2015132371175,2,9,0,2,0,0,0,0,0,0,1,1,6,1,-1,-1,998,1,4,-1,2,-1
2015132371243,1,4,0,18,0,0,1,0,0,0,1,1,6,1,29,6,125,1,5,-1,1,-1
2015132371243,2,9,0,4,0,0,0,0,0,0,2,1,6,1,48,8,-1,-1,-1,-1,1,-1
2015132371328,1,9,0,7,0,5,0,0,0,0,1,1,6,3,-1,-1,-1,-1,-1,-1,-1,-1
2015132371525,1,11,0,2,0,0,0,0,0,0,0,1,1,1,34,6,9600,2,15,-1,1,-1
2015132371570,1,9,0,4,0,0,1,0,0,2,1,1,6,1,35,6,-1,-1,-1,-1,1,-1
2015132371570,2,9,0,4,0,0,0,0,0,0,1,1,1,1,39,7,2400,2,4,-1,1,-1
2015132371790,1,8,0,18,0,0,0,0,0,0,0,1,1,1,43,7,-1,-1,-1,-1,1,-1
2015132371790,2,9,0,18,0,0,0,0,0,0,0,1,6,1,26,6,1598,2,1,-1,1,-1
2015132380006,1,9,0,18,0,1,0,0,0,0,4,1,6,1,80,11,1997,2,4,-1,3,-1
2015132380383,1,9,0,18,9,0,0,4,1,11,1,1,6,1,24,5,1896,2,13,-1,3,-1
2015132380383,2,9,0,2,9,0,0,0,0,0,1,1,6,3,-1,-1,1560,2,1,-1,-1,-1
2015132380383,3,9,0,2,9,0,0,0,0,0,2,1,6,3,-1,-1,1397,1,7,-1,-1,-1
2015132380661,1,9,0,7,0,5,0,0,7,1,1,1,6,2,29,6,-1,-1,-1,-1,1,-1
2015132380684,1,9,0,18,0,0,0,0,0,0,1,1,6,2,17,4,1598,1,9,-1,1,-1
2015132380684,2,9,0,18,0,0,0,0,0,0,2,1,6,1,37,7,1149,1,12,-1,1,-1
2015132380742,1,9,0,4,0,1,0,0,0,0,1,1,6,1,19,4,4163,1,9,-1,1,-1
2015132380742,2,9,0,4,0,1,0,0,0,0,2,1,6,2,21,5,1242,1,3,-1,1,-1
2015132380771,1,9,0,18,0,0,0,0,0,0,1,1,6,1,46,8,1910,2,5,-1,1,-1
2015132380771,2,9,0,18,0,0,0,0,0,0,2,1,6,1,57,9,1596,1,6,-1,1,-1
2015132380828,1,9,0,18,0,8,0,0,0,0,1,1,6,1,66,10,1560,2,1,-1,1,-1
2015132380828,2,9,0,9,0,6,0,0,0,0,3,1,6,2,24,5,1199,1,11,-1,1,-1
2015132381170,1,9,0,18,0,2,0,0,0,0,2,1,6,2,57,9,1198,1,5,-1,2,-1
2015132381170,2,9,0,18,0,2,0,0,0,0,1,1,6,2,-1,-1,1596,1,13,-1,1,-1
2015132381376,1,9,0,18,0,8,0,0,0,0,1,1,6,1,-1,-1,-1,-1,-1,-1,-1,-1
2015132381376,2,9,0,9,0,8,1,0,0,0,3,1,6,1,63,9,1560,2,2,-1,1,-1
2015132381379,1,9,0,18,0,0,0,0,3,11,1,1,6,1,20,4,1587,1,13,-1,1,-1
2015132381379,2,9,0,4,0,0,0,0,0,0,2,1,6,1,24,5,1364,1,8,-1,1,-1
2015132381379,3,9,0,4,0,0,0,0,0,0,2,1,6,1,26,6,1968,2,4,-1,1,-1
2015132381544,1,9,0,18,0,0,0,4,0,0,1,1,6,2,27,6,-1,-1,-1,-1,1,-1
2015132381544,2,9,0,2,0,0,0,0,0,0,1,1,6,2,57,9,1796,1,12,-1,1,-1
2015132390379,1,21,1,18,0,8,0,0,0,0,4,1,1,1,44,7,12809,2,1,-1,3,-1
2015132390379,2,9,0,15,0,8,0,0,0,0,3,1,2,1,38,7,-1,-1,-1,-1,1,-1
2015132390418,1,9,0,9,0,2,0,0,0,0,1,1,1,1,-1,-1,1995,2,3,-1,1,-1
2015132390559,1,9,0,2,0,0,0,0,0,0,3,1,6,1,53,8,1686,2,8,-1,1,-1
2015132390559,2,1,0,14,0,0,0,8,0,0,1,1,6,1,29,6,-1,-1,-1,-1,1,-1
2015132390806,1,9,0,18,0,0,0,0,0,0,1,1,6,1,52,8,1598,1,6,-1,-1,-1
2015132390864,1,8,0,5,0,1,0,0,0,0,1,1,1,1,60,9,1896,2,6,-1,1,-1
2015132390864,2,1,0,18,0,8,0,0,0,0,1,1,6,2,28,6,-1,-1,-1,-1,1,-1
2015132390924,1,19,0,11,0,1,0,0,0,0,4,1,1,1,28,6,-1,-1,-1,-1,-1,-1
2015132390924,2,9,0,18,0,1,0,0,0,0,3,1,1,1,21,5,-1,-1,-1,-1,3,-1
2015132391169,1,9,0,18,0,0,0,0,0,0,1,1,6,3,-1,-1,-1,-1,-1,-1,-1,-1
2015132391387,1,21,0,4,0,1,0,0,0,0,1,1,1,1,37,7,7790,2,3,-1,1,-1
2015132391387,2,9,0,4,0,1,0,0,0,0,2,1,6,1,49,8,1560,2,3,-1,1,-1
2015132391439,1,9,0,18,0,8,0,0,0,0,1,1,6,3,-1,-1,1994,1,17,-1,-1,-1
2015132391439,2,9,0,18,0,8,0,0,0,0,4,1,1,1,49,8,2488,2,9,-1,1,-1
2015132391553,1,9,0,17,0,8,0,0,0,0,3,1,6,1,47,8,1493,1,18,-1,1,-1
2015132391553,2,9,0,18,0,1,1,0,0,0,1,1,6,1,22,5,1968,2,8,-1,-1,-1
2015132391629,1,9,0,9,0,5,0,0,0,0,1,1,6,1,21,5,1956,2,2,-1,1,-1
2015132391629,2,9,0,18,0,6,0,0,0,0,1,1,6,1,23,5,1984,1,9,-1,1,-1
2015132391641,1,8,0,18,0,1,0,0,0,0,1,1,6,3,-1,-1,1798,1,4,-1,-1,-1
2015132391641,2,9,0,18,0,1,0,0,0,0,1,1,1,1,33,6,2993,2,5,-1,1,-1
2015132391641,3,9,0,18,0,1,0,0,0,0,1,1,1,1,48,8,2993,2,3,-1,1,-1
2015132391641,4,9,0,18,0,1,0,0,0,0,1,1,6,1,40,7,2498,1,15,-1,1,-1
20151323A0169,1,9,0,17,0,0,2,0,2,0,1,1,4,2,17,4,-1,-1,-1,-1,1,-1
20151323A0176,1,8,0,9,0,8,0,0,0,0,3,1,2,1,57,9,1364,1,6,-1,1,-1
20151323A0176,2,3,0,13,0,8,5,0,0,0,1,1,2,1,42,7,125,1,7,-1,1,-1
20151323A0186,1,1,0,13,0,0,0,0,0,0,3,1,2,1,43,7,-1,-1,-1,-1,1,-1
20151323A0186,2,19,0,13,0,0,0,0,0,0,4,1,2,1,35,6,2198,2,1,-1,1,-1
20151323A0318,1,9,0,9,0,5,0,0,0,0,1,1,6,2,41,7,1398,1,14,-1,1,-1
20151323A0573,1,9,0,18,0,0,5,4,0,0,1,1,6,1,82,11,-1,-1,-1,-1,1,-1
20151323A0573,2,9,0,2,0,0,0,4,0,0,2,1,6,3,-1,-1,-1,-1,-1,-1,-1,-1
20151323A0573,3,9,0,2,0,0,0,4,0,0,2,1,6,3,-1,-1,1991,2,6,-1,-1,-1
20151323A0602,1,9,0,18,0,0,0,0,0,0,1,1,1,1,22,5,1598,2,3,-1,-1,-1
20151323A0602,2,19,0,3,0,0,0,0,0,0,2,1,1,1,34,6,2300,2,10,-1,1,-1
20151323A0752,1,9,0,18,0,0,0,0,0,0,4,1,6,1,60,9,-1,-1,-1,-1,1,-1
20151323A1034,1,8,0,18,0,4,0,0,0,0,1,1,1,1,43,7,-1,-1,-1,-1,1,-1
20151323A1034,2,1,0,18,0,8,0,0,0,0,4,1,6,1,16,4,-1,-1,-1,-1,1,-1
20151323A1041,1,9,0,9,0,5,0,0,0,0,4,1,6,1,55,8,-1,-1,-1,-1,1,-1
20151323A1041,2,1,0,18,0,1,0,0,0,0,1,1,6,1,64,9,-1,-1,-1,-1,1,-1
20151323A1062,1,9,0,5,0,6,0,0,0,0,3,1,6,1,49,8,-1,-1,-1,-1,1,-1
20151323A1062,2,1,0,18,0,8,0,0,0,0,1,1,6,1,28,6,-1,-1,-1,-1,-1,-1
20151323A1080,1,9,0,9,0,6,0,0,0,0,2,1,6,2,36,7,1242,1,14,-1,1,-1
20151323A1080,2,9,0,9,0,6,0,0,0,0,1,1,6,2,25,5,1360,1,12,-1,1,-1
20151323A1082,1,9,0,11,0,0,0,0,0,0,1,1,6,2,47,8,1596,1,7,-1,2,-1
20151323A1082,2,21,1,2,0,0,0,0,0,0,2,1,1,1,62,9,10837,2,7,-1,1,-1
20151323A1090,1,97,0,18,0,0,0,0,0,0,1,1,6,1,-1,-1,-1,-1,-1,-1,-1,-1
20151323A1136,1,9,0,18,0,8,0,0,0,0,1,1,6,2,29,6,1368,1,9,-1,-1,-1
20151323A1136,2,9,0,7,0,4,0,0,0,0,0,1,6,2,34,6,1910,2,8,-1,-1,-1
20151323A1142,1,1,0,18,0,1,0,0,0,0,1,1,2,1,47,8,-1,-1,-1,-1,1,-1
20151323A1142,2,9,0,7,0,1,0,0,0,0,4,1,6,3,-1,-1,-1,-1,-1,-1,-1,-1
20151323A1212,1,9,0,18,0,0,0,0,0,0,4,1,6,1,-1,-1,-1,-1,-1,-1,-1,-1
20151323A1241,1,1,0,18,0,8,0,0,0,0,3,1,6,1,45,7,-1,-1,-1,-1,1,-1
20151323A1241,2,9,0,9,0,8,0,0,0,0,1,1,6,2,43,7,1388,1,8,-1,1,-1
20151323A1267,1,9,0,11,0,0,0,0,0,0,4,1,6,3,-1,-1,-1,-1,-1,-1,-1,-1
20151323A1267,2,1,0,18,0,0,0,0,0,0,1,1,1,1,40,7,-1,-1,-1,-1,-1,-1
20151323A1318,1,19,0,9,0,8,0,0,0,0,1,1,6,1,50,8,2402,2,9,-1,1,-1
20151323A1318,2,3,0,8,0,8,5,0,0,0,1,1,6,1,24,5,125,1,1,-1,1,-1
20151323A1366,1,5,0,18,0,1,2,0,0,0,0,1,6,1,34,6,899,1,17,-1,1,-1
20151323A1366,2,19,0,18,0,1,0,0,0,0,0,1,6,3,-1,-1,-1,-1,-1,-1,-1,-1
20151323A1403,1,9,0,18,0,0,2,0,8,11,1,1,6,1,57,9,1999,1,3,-1,3,-1
20151323A1419,1,8,0,18,0,0,0,0,0,0,0,1,6,3,-1,-1,-1,-1,-1,-1,-1,-1
20151323A1457,1,9,0,9,0,1,0,0,0,0,3,1,6,2,37,7,1598,1,8,-1,1,-1
20151323A1457,2,9,0,14,0,1,0,0,0,0,1,1,1,1,39,7,2993,2,2,-1,1,-1
20151323A1521,1,9,0,18,0,0,0,0,0,0,4,1,3,2,46,8,1997,1,6,-1,1,-1
20151323A1605,1,9,0,18,0,0,0,0,0,0,1,1,6,1,53,8,1390,1,12,-1,1,-1
20151323B0168,1,19,0,18,0,8,0,0,0,0,1,1,2,1,36,7,-1,-1,-1,-1,1,-1
20151323B0168,2,19,0,18,0,1,0,0,2,11,3,1,2,1,32,6,-1,-1,-1,-1,3,-1
20151323B0309,1,3,0,14,0,0,5,0,0,0,3,1,6,1,31,6,125,1,3,-1,1,-1
20151323B0309,2,9,0,9,0,0,0,0,0,0,0,1,6,1,30,6,1995,2,12,-1,1,-1
20151323B0341,1,9,0,18,0,0,0,0,7,4,1,1,6,2,51,8,1598,1,3,-1,1,-1
20151323B0494,1,9,0,18,0,0,0,0,0,0,3,1,6,1,70,10,1590,1,11,-1,-1,-1
20151323B0494,2,9,0,18,0,0,0,0,0,0,4,1,6,2,37,7,1991,2,4,-1,1,-1
20151323B0500,1,9,0,18,0,0,0,0,0,0,0,1,6,1,-1,-1,-1,-1,-1,-1,-1,-1
20151323B0647,1,9,0,10,0,8,0,0,0,0,0,1,6,2,51,8,1598,1,6,-1,1,-1
20151323B0647,2,19,0,18,0,1,0,0,0,0,2,1,6,1,20,4,2402,2,5,-1,1,-1
20151323B0696,1,1,0,18,0,0,0,0,0,0,0,1,6,3,33,6,-1,-1,-1,-1,1,-1
20151323B0946,1,9,0,18,0,0,1,0,0,0,1,1,6,1,25,5,2500,2,23,-1,-1,-1
20151323B0946,2,9,0,18,0,0,0,0,0,0,1,1,6,1,57,9,-1,-1,-1,-1,1,-1
20151323B1135,1,9,0,7,0,1,0,0,0,0,4,1,6,2,29,6,1598,1,7,-1,1,-1
20151323B1135,2,1,0,18,0,1,0,0,0,0,0,1,6,1,44,7,-1,-1,-1,-1,1,-1
20151323B1183,1,9,0,4,0,4,0,0,0,0,0,1,6,1,32,6,1968,2,9,-1,1,-1
20151323B1183,2,9,0,18,0,4,0,0,0,0,2,1,6,2,23,5,1149,1,14,-1,1,-1
20151323B1183,3,9,0,18,0,4,0,0,0,0,2,1,6,2,49,8,1400,1,17,-1,1,-1
20151323B1188,1,9,0,18,0,0,1,0,8,11,1,1,6,1,24,5,998,1,5,-1,1,-1
20151323C0357,1,9,0,16,0,0,0,0,1,10,1,1,6,2,81,11,998,1,3,-1,3,-1
20151323C0357,2,9,0,17,0,0,0,0,0,0,1,1,6,2,62,9,-1,-1,-1,-1,1,-1
20151323C0382,1,4,0,4,0,0,1,0,0,0,4,1,6,1,17,4,125,1,3,-1,1,-1
20151323C0479,1,9,0,18,0,8,0,0,0,0,1,1,6,2,34,6,1798,1,7,-1,1,-1
20151323C0479,2,19,0,10,0,8,0,0,0,0,2,1,1,1,29,6,2198,2,1,-1,2,-1
20151323C0612,1,9,0,18,0,4,0,0,0,0,2,1,6,2,52,8,1461,2,4,-1,2,-1
20151323C0612,2,9,0,18,0,4,0,0,0,0,1,1,6,1,65,9,1587,1,13,-1,1,-1
20151323C1107,1,1,0,9,0,1,5,0,0,0,2,1,6,1,15,3,-1,-1,-1,-1,1,-1
20151323C1107,2,19,0,4,0,1,0,0,0,0,4,1,1,1,63,9,2143,2,3,-1,1,-1
20151323C1144,1,9,0,10,0,8,0,0,0,0,2,1,6,2,39,7,1368,1,7,-1,3,-1
20151323C1144,2,9,0,18,0,8,0,0,0,0,1,1,6,1,46,8,1968,2,8,-1,1,-1
20151323C1231,1,9,0,18,0,6,0,0,1,0,4,1,6,1,28,6,2967,2,8,-1,1,-1
20151323C1231,2,9,0,18,0,8,0,0,0,0,3,1,6,1,43,7,2000,1,9,-1,1,-1
20151323C1307,1,8,0,9,0,6,0,0,0,0,1,1,1,1,28,6,1910,2,7,-1,1,-1
20151323C1403,1,9,0,9,0,8,0,0,0,0,3,1,6,2,28,6,1995,2,2,-1,-1,-1
20151323C1403,2,9,0,9,0,8,0,0,0,0,1,1,6,2,41,7,1388,1,6,-1,-1,-1
20151323C1543,1,9,0,12,0,0,0,0,0,0,4,1,6,1,28,6,1870,2,11,-1,1,-1
20151323C1579,1,9,0,9,0,2,0,0,0,0,4,1,6,3,-1,-1,-1,-1,-1,-1,-1,-1
20151323C1579,2,2,0,18,0,1,0,0,0,0,1,1,6,1,20,4,49,1,13,-1,1,-1
20151323D0252,1,9,0,9,0,5,0,0,0,0,1,1,6,2,48,8,1896,2,9,-1,1,-1
20151323D0284,1,19,0,4,0,0,0,0,0,0,1,1,6,1,29,6,1753,2,9,-1,1,-1
20151323D0284,2,9,0,4,0,0,0,0,0,0,2,1,6,2,23,5,1598,1,12,-1,1,-1
20151323D0284,3,9,0,4,0,0,0,0,0,0,2,1,6,1,34,6,1296,1,7,-1,1,-1
20151323D0296,1,9,0,18,0,8,0,0,0,0,1,1,6,1,-1,-1,-1,-1,-1,-1,-1,-1
20151323D0328,1,9,0,18,0,8,0,0,0,0,2,1,3,2,32,6,1560,2,5,-1,1,-1
20151323D0328,2,9,0,18,0,8,0,0,0,0,1,1,6,2,-1,-1,-1,-1,-1,-1,-1,-1
20151323D0582,1,9,0,18,0,0,0,0,0,0,1,1,6,3,-1,-1,1968,2,12,-1,-1,-1
20151323D0582,2,9,0,3,0,0,0,0,0,0,2,1,6,1,22,5,1560,2,3,-1,1,-1
20151323D0582,3,9,0,3,0,0,0,0,0,0,2,1,6,1,43,7,1422,2,5,-1,1,-1
20151323D0595,1,11,0,18,0,0,0,0,0,0,1,1,1,1,61,9,9200,2,12,-1,3,-1
20151323D0978,1,9,0,18,0,0,0,0,0,0,1,1,6,2,39,7,1229,1,2,-1,1,-1
20151323D1134,1,9,0,9,0,1,0,0,0,0,1,1,6,1,29,6,1229,1,8,-1,-1,-1
20151323D1134,2,9,0,18,0,1,0,0,0,0,3,1,1,2,25,5,1995,1,8,-1,-1,-1
20151323D1134,3,9,0,2,0,2,0,0,0,0,4,1,6,1,40,7,1896,2,12,-1,-1,-1
20151323D1408,1,2,0,18,0,8,0,0,0,0,1,1,6,1,15,3,-1,-1,-1,-1,-1,-1
20151323D1408,2,8,0,10,0,8,0,0,0,0,1,1,1,1,30,6,1910,2,7,-1,1,-1
20151323D1441,1,8,0,9,0,8,0,0,0,0,1,1,1,1,36,7,1968,2,5,-1,1,-1