Accident_Index,Vehicle_Reference,Vehicle_Type,Towing_and_Articulation,Vehicle_Manoeuvre,Vehicle_Location-Restricted_Lane,Junction_Location,Skidding_and_Overturning,Hit_Object_in_Carriageway,Vehicle_Leaving_Carriageway,Hit_Object_off_Carriageway,1st_Point_of_Impact,Was_Vehicle_Left_Hand_Drive?,Journey_Purpose_of_Driver,Sex_of_Driver,Age_of_Driver,Age_Band_of_Driver,Engine_Capacity_(CC),Propulsion_Code,Age_of_Vehicle,Driver_IMD_Decile,Driver_Home_Area_Type,Vehicle_IMD_Decile
2015132431564,2,9,0,5,0,0,0,0,0,0,3,1,6,1,31,6,1791,8,4,-1,1,-1
2015132431564,3,9,0,2,0,0,0,0,0,0,2,1,6,1,30,6,2044,2,24,-1,1,-1
2015132431564,4,9,0,2,0,0,0,0,0,0,2,1,6,1,44,7,1398,1,13,-1,1,-1
2015132440854,1,9,0,18,0,0,0,0,0,0,3,1,6,1,45,7,2199,2,4,-1,1,-1
2015132441095,1,9,0,14,0,1,0,0,0,0,1,1,6,1,23,5,1995,2,9,-1,1,-1
2015132441095,2,9,0,9,0,5,0,0,0,0,3,1,6,1,27,6,-1,-1,-1,-1,1,-1
2015132441200,1,90,0,4,0,0,2,0,0,0,3,1,6,1,32,6,-1,-1,-1,-1,1,-1
2015132441200,2,9,0,14,0,0,0,0,0,0,1,1,6,1,45,7,899,1,14,-1,2,-1
2015132441311,1,9,0,18,0,8,0,0,0,0,1,1,6,2,40,7,1995,2,12,-1,1,-1
2015132441311,2,9,0,18,0,8,0,0,0,0,3,1,6,1,44,7,-1,-1,-1,-1,1,-1
2015132441348,1,1,0,18,0,0,2,0,0,0,0,1,6,1,27,6,-1,-1,-1,-1,-1,-1
2015132441425,1,9,0,5,0,8,0,0,0,0,3,1,6,1,28,6,1896,2,8,-1,1,-1
2015132441425,2,9,0,18,0,8,0,0,0,0,1,1,6,2,36,7,1598,1,5,-1,1,-1
2015132441433,1,11,0,5,0,0,0,0,0,0,0,1,1,1,45,7,6692,2,3,-1,1,-1
2015132441585,1,9,0,18,0,1,1,0,1,0,1,1,6,1,25,5,1396,1,15,-1,1,-1
2015132441585,2,9,0,5,0,1,0,0,1,10,1,1,6,2,20,4,1199,1,13,-1,1,-1
2015132441585,3,9,0,2,0,1,0,0,0,0,3,1,6,3,-1,-1,1968,2,1,-1,-1,-1
2015132441655,1,9,0,9,0,8,0,0,0,0,1,1,6,1,24,5,1968,2,6,-1,1,-1
2015132441655,2,3,0,18,0,8,0,0,7,0,1,1,6,1,25,5,124,1,6,-1,1,-1
2015132441819,1,8,0,5,0,6,0,0,0,0,1,1,1,1,47,8,1598,1,7,-1,1,-1
2015132441819,2,9,0,18,0,8,0,0,0,0,1,1,6,1,31,6,1995,2,5,-1,1,-1
2015132450446,1,1,0,18,0,8,5,0,0,0,4,1,6,1,44,7,-1,-1,-1,-1,1,-1
2015132450446,2,9,0,18,0,8,0,0,0,0,1,1,6,1,64,9,1968,2,4,-1,-1,-1
2015132450479,1,9,0,9,0,1,0,0,0,0,1,1,6,1,79,11,1998,1,18,-1,1,-1
2015132450479,2,8,0,18,0,1,0,0,0,0,1,1,1,1,43,7,1794,1,8,-1,1,-1
2015132450749,1,9,0,18,9,1,0,0,0,0,3,1,6,3,-1,-1,-1,-1,-1,-1,-1,-1
2015132450877,1,8,0,18,0,0,0,0,0,0,4,1,1,3,-1,-1,-1,-1,-1,-1,-1,-1
2015132450947,1,9,0,4,0,0,0,0,0,0,1,1,6,2,48,8,1595,1,12,-1,1,-1
2015132450947,2,8,0,4,0,0,0,0,0,0,2,1,1,1,41,7,1560,2,3,-1,1,-1
2015132451296,1,8,0,5,0,6,0,0,0,0,1,1,1,1,34,6,2231,2,8,-1,1,-1
2015132451296,2,8,0,18,0,1,0,0,0,0,1,1,1,1,48,8,1998,2,7,-1,1,-1
2015132460027,1,4,0,18,0,0,2,7,7,0,1,1,6,1,25,5,-1,-1,-1,-1,1,-1
2015132460291,1,9,0,9,0,8,0,0,0,0,4,1,6,1,23,5,1341,1,12,-1,-1,-1
2015132460291,2,9,0,18,0,8,0,0,0,0,3,1,6,1,32,6,1896,2,15,-1,1,-1
2015132460843,1,9,0,18,0,0,0,0,0,0,1,1,6,1,-1,-1,1995,2,3,-1,-1,-1
2015132460843,2,9,0,4,0,0,0,0,0,0,2,1,6,1,-1,-1,1587,1,13,-1,-1,-1
2015132460843,3,19,0,4,0,0,0,0,0,0,2,1,1,1,-1,-1,1248,2,3,-1,-1,-1
2015132460860,1,9,0,18,0,0,0,0,0,0,4,1,6,1,20,4,1229,1,9,-1,2,-1
2015132460860,2,1,0,18,0,0,0,0,0,0,3,1,6,1,47,8,-1,-1,-1,-1,2,-1
2015132460974,1,9,0,3,0,1,0,0,0,0,1,1,6,1,67,10,2720,2,10,-1,1,-1
2015132460978,1,9,0,13,0,8,0,0,0,0,4,1,6,1,66,10,3800,1,5,-1,1,-1
2015132460978,2,19,0,9,0,5,0,0,0,0,3,1,1,1,26,6,1870,2,11,-1,1,-1
2015132461080,1,9,0,3,0,1,0,0,0,0,2,1,6,2,28,6,1149,1,7,-1,1,-1
2015132461080,2,9,0,18,0,1,0,0,0,0,1,1,6,1,21,5,2521,1,9,-1,1,-1
2015132461307,1,9,0,9,0,0,0,0,0,0,3,1,6,2,31,6,1753,2,7,-1,1,-1
2015132461307,2,19,0,13,0,0,2,0,0,0,1,1,6,1,28,6,-1,-1,-1,-1,-1,-1
2015132461335,1,9,0,18,0,1,0,0,1,0,1,1,1,1,19,4,-1,-1,-1,-1,1,-1
2015132461335,2,9,0,18,0,1,0,0,0,0,0,1,1,1,19,4,1497,1,13,-1,3,-1
2015132461335,3,9,0,9,0,6,0,0,1,0,1,1,6,1,48,8,1968,2,2,-1,1,-1
2015132461649,1,9,0,1,0,0,0,0,0,0,2,1,6,1,18,4,1349,1,1,-1,1,-1
2015132461649,2,9,0,3,0,0,0,0,0,0,1,1,6,1,29,6,1984,1,8,-1,1,-1
2015132461690,1,9,0,18,0,0,0,0,0,0,4,1,6,3,-1,-1,-1,-1,-1,-1,-1,-1
2015132461835,1,9,0,7,0,6,0,0,0,0,3,1,6,3,20,4,-1,-1,-1,-1,-1,-1
2015132461835,2,9,0,18,0,8,0,0,0,0,4,1,6,1,40,7,2460,2,11,-1,1,-1
2015132470212,1,10,0,16,0,0,0,0,0,0,3,1,1,1,74,10,-1,-1,-1,-1,1,-1
2015132470212,2,9,0,18,0,0,0,0,0,0,3,1,2,1,72,10,2179,2,2,-1,1,-1
2015132470212,3,9,0,18,0,0,0,0,0,0,1,1,6,1,46,8,-1,-1,-1,-1,1,-1
2015132470236,1,20,0,4,0,0,0,0,0,0,0,1,6,3,-1,-1,-1,-1,-1,-1,-1,-1
2015132470236,2,19,0,4,0,0,0,0,0,0,2,1,2,2,49,8,2198,2,3,-1,1,-1
2015132470236,3,21,1,4,0,0,0,0,0,0,1,1,1,1,58,9,15607,2,3,-1,-1,-1
2015132470236,4,19,0,4,0,0,0,0,0,0,3,1,2,1,23,5,1560,2,1,-1,1,-1
2015132470302,1,9,0,5,0,4,0,0,0,0,2,1,1,1,34,6,1968,2,1,-1,1,-1
2015132470302,2,9,0,18,0,1,0,0,0,0,1,1,1,2,25,5,1398,1,13,-1,1,-1
2015132470302,3,9,0,18,0,8,0,0,0,0,0,1,6,3,-1,-1,-1,-1,-1,-1,-1,-1
2015132470404,1,9,0,18,0,0,0,0,0,0,1,1,1,2,29,6,1499,2,1,-1,1,-1
2015132470404,2,9,0,10,0,0,0,0,0,0,2,1,6,2,43,7,1598,1,10,-1,1,-1
2015132470641,1,9,0,18,0,0,0,0,0,0,4,1,6,2,50,8,-1,-1,-1,-1,-1,-1
2015132470641,2,1,0,18,0,0,0,0,0,0,3,1,6,2,30,6,-1,-1,-1,-1,1,-1
2015132470750,1,9,0,3,0,1,0,0,0,0,4,1,6,1,25,5,1598,1,5,-1,1,-1
2015132470750,2,1,0,18,0,1,0,0,0,0,1,1,6,1,21,5,-1,-1,-1,-1,1,-1
2015132471090,1,9,0,18,0,0,0,0,0,0,1,1,6,2,45,7,1598,1,8,-1,1,-1
2015132471150,1,9,0,9,0,8,0,0,0,0,1,1,6,2,33,6,1896,2,7,-1,2,-1
2015132471150,2,1,0,18,0,1,0,0,0,0,1,1,6,2,19,4,-1,-1,-1,-1,1,-1
2015132471276,1,9,0,18,0,0,0,0,0,0,1,1,6,3,-1,-1,-1,-1,-1,-1,-1,-1
2015132471402,1,11,0,18,0,1,0,2,0,0,1,1,1,1,43,7,7300,2,8,-1,1,-1
2015132471420,1,9,0,9,0,2,0,0,0,0,4,1,6,1,18,4,1124,1,13,-1,1,-1
2015132471420,2,1,0,18,0,2,0,0,0,0,1,1,6,1,38,7,-1,-1,-1,-1,1,-1
2015132480256,1,9,0,16,0,8,0,0,0,0,1,1,6,1,24,5,998,1,1,-1,1,-1
2015132480256,2,9,0,17,0,8,0,0,0,0,4,1,6,1,-1,-1,-1,-1,-1,-1,-1,-1
2015132480598,1,9,0,9,0,5,0,0,0,0,3,1,6,1,29,6,1968,2,8,-1,1,-1
2015132480598,2,1,0,18,0,6,0,0,0,0,1,1,6,1,32,6,-1,-1,-1,-1,1,-1
2015132480740,1,9,0,18,0,0,0,0,0,0,4,1,6,2,84,11,1388,1,8,-1,1,-1
2015132480749,1,9,0,13,0,0,1,0,0,0,1,1,6,2,18,4,1240,1,9,-1,1,-1
2015132480749,2,9,0,13,0,0,1,0,0,0,2,1,6,2,52,8,-1,-1,-1,-1,1,-1
2015132480749,3,21,1,18,0,0,0,0,0,0,3,1,1,1,36,7,12740,2,3,-1,-1,-1
2015132480793,1,9,0,4,0,1,0,0,0,0,1,1,1,1,47,8,2967,2,8,-1,3,-1
2015132480793,2,9,0,4,0,1,0,0,0,0,2,1,6,2,23,5,998,1,1,-1,1,-1
2015132480838,1,9,0,18,0,8,0,0,0,0,3,1,2,2,49,8,1598,2,5,-1,1,-1
2015132480838,2,1,0,9,0,8,0,0,0,0,3,1,6,2,9,2,-1,-1,-1,-1,3,-1
2015132480885,1,4,0,4,0,1,0,10,0,0,1,1,6,1,76,11,385,1,13,-1,1,-1
2015132481068,1,3,0,17,0,0,2,0,1,0,1,1,2,1,23,5,125,1,1,-1,1,-1
2015132481145,1,8,0,18,0,1,0,0,0,0,0,1,1,1,40,7,1986,2,6,-1,1,-1
2015132481281,1,9,0,8,0,1,0,0,0,0,4,1,6,2,47,8,-1,-1,-1,-1,1,-1
2015132481281,2,9,0,8,0,1,0,0,1,11,4,1,6,2,21,5,1197,1,4,-1,1,-1
2015132481281,3,9,0,18,0,1,1,0,2,1,1,1,6,1,29,6,-1,-1,-1,-1,1,-1
2015132481294,1,1,0,18,0,8,5,0,0,0,4,1,6,1,31,6,-1,-1,-1,-1,1,-1
2015132481294,2,8,0,9,0,8,0,0,0,0,1,1,6,1,48,8,1796,1,7,-1,1,-1
2015132481330,1,3,0,15,0,1,0,0,0,0,3,1,6,1,28,6,124,1,8,-1,1,-1
2015132481330,2,19,0,7,0,5,0,0,0,0,4,1,6,1,33,6,2461,2,7,-1,1,-1
2015132481403,1,9,0,18,0,0,0,0,0,0,1,1,6,1,-1,-1,-1,-1,-1,-1,-1,-1
2015132481403,2,9,0,18,0,0,0,0,0,0,1,1,6,2,44,7,2987,2,6,-1,1,-1
2015132481461,1,97,0,18,0,2,0,0,0,0,4,1,6,1,-1,-1,-1,-1,-1,-1,-1,-1
2015132481604,1,9,0,9,0,5,0,0,0,0,1,1,6,2,24,5,1686,2,10,-1,1,-1
2015132481604,2,3,0,18,0,8,0,0,0,0,1,1,6,1,36,7,125,1,9,-1,1,-1
2015132481632,1,9,0,9,0,6,0,0,0,0,3,1,6,1,30,6,1598,1,9,-1,1,-1
2015132481632,2,5,0,18,0,8,0,0,0,0,1,1,6,1,29,6,599,1,10,-1,1,-1
2015132481683,1,5,0,18,0,0,5,0,0,0,0,1,6,1,43,7,675,1,10,-1,1,-1
2015132481825,1,9,0,5,0,1,0,0,0,0,1,1,6,1,33,6,1364,1,-1,-1,1,-1
2015132481825,2,9,0,5,0,1,0,0,0,0,2,1,6,2,55,8,1200,1,1,-1,1,-1
2015132481847,1,9,0,18,0,0,0,0,1,3,1,1,1,1,31,6,998,1,13,-1,1,-1
2015132481893,1,9,0,18,0,0,0,0,7,11,1,1,6,2,26,6,1149,1,11,-1,1,-1
2015132481893,2,9,0,18,0,0,0,0,0,0,0,1,6,3,-1,-1,-1,-1,-1,-1,-1,-1
2015132490195,1,9,0,18,0,0,0,0,0,0,1,1,6,2,17,4,999,1,12,-1,1,-1
2015132490195,2,9,0,2,0,0,0,0,0,0,2,1,6,2,50,8,1499,1,1,-1,1,-1
2015132490598,1,9,0,18,0,3,0,0,0,0,1,1,6,1,-1,-1,-1,-1,-1,-1,3,-1
2015132490598,2,9,0,18,0,3,0,0,0,0,2,1,6,2,35,6,1796,1,11,-1,1,-1
2015132490742,1,9,0,18,0,0,0,0,0,0,4,1,1,1,-1,-1,-1,-1,-1,-1,1,-1
2015132490849,1,11,0,18,0,1,0,0,0,0,0,1,1,1,57,9,4461,2,1,-1,1,-1
2015132491207,1,9,0,4,0,0,0,0,0,0,4,1,1,2,43,7,1598,1,12,-1,1,-1
2015132491207,2,1,0,18,0,0,0,0,0,0,1,1,6,1,8,2,-1,-1,-1,-1,1,-1
2015132491283,1,9,0,18,0,0,0,0,0,0,2,1,6,1,26,6,1388,1,11,-1,1,-1
2015132491283,2,9,0,18,0,0,0,0,0,0,1,1,6,1,19,4,1596,1,10,-1,1,-1
20151324A0121,1,9,0,7,0,2,0,0,7,10,1,1,6,2,25,5,1461,2,5,-1,1,-1
20151324A0270,1,9,0,18,0,0,0,0,0,0,1,1,6,2,33,6,1363,2,10,-1,-1,-1
20151324A0539,1,19,4,18,0,0,0,0,0,0,1,1,1,1,28,6,2143,2,1,-1,1,-1
20151324A0539,2,9,0,3,0,0,0,0,0,0,2,1,6,2,55,8,1229,1,9,-1,1,-1
20151324A0539,3,9,0,3,0,0,0,0,0,0,2,1,6,2,45,7,1597,1,15,-1,1,-1
20151324A0808,1,9,0,18,0,0,0,0,0,0,4,1,6,1,45,7,1995,2,8,-1,1,-1
20151324A0823,1,19,0,9,0,5,0,0,0,0,4,1,6,1,54,8,1868,2,14,-1,1,-1
20151324A0823,2,1,0,18,0,1,0,0,0,0,1,1,6,1,43,7,-1,-1,-1,-1,1,-1
20151324A0908,1,8,0,18,0,0,0,0,0,0,1,1,1,1,63,9,1968,2,4,-1,1,-1
20151324A1007,1,11,0,14,0,0,0,0,0,0,0,1,1,1,35,6,6692,2,3,-1,1,-1
20151324A1007,2,9,0,2,0,0,0,0,0,0,0,1,6,1,-1,-1,1595,1,5,-1,1,-1
20151324A1011,1,9,0,18,0,0,0,0,0,0,3,1,6,1,83,11,1248,1,1,-1,-1,-1
20151324A1196,1,4,0,9,0,8,0,0,0,0,3,1,6,2,48,8,640,1,7,-1,3,-1
20151324A1221,1,9,0,18,0,1,0,0,0,0,0,1,1,1,39,7,2993,2,3,-1,1,-1
20151324A1221,2,9,0,4,0,1,0,0,0,0,0,1,1,1,55,8,1895,1,15,-1,1,-1
20151324A1307,1,9,0,3,0,1,0,0,0,0,4,1,6,1,33,6,1598,1,12,-1,1,-1
20151324A1307,2,5,0,18,0,1,0,0,0,0,1,1,6,1,30,6,998,1,12,-1,1,-1
20151324A1424,1,9,0,18,7,0,0,0,1,4,1,1,6,1,41,7,1368,1,4,-1,-1,-1
20151324A1503,1,9,0,5,0,0,0,0,0,0,0,1,6,3,-1,-1,-1,-1,-1,-1,-1,-1
20151324A1503,2,4,0,18,0,0,0,0,0,0,0,1,6,1,58,9,1063,1,14,-1,1,-1
20151324A1616,1,9,0,6,0,0,0,0,0,0,1,1,6,1,26,6,1896,2,16,-1,1,-1
20151324A1616,2,9,0,13,0,0,0,0,0,0,4,1,6,1,51,8,1986,2,8,-1,1,-1
20151324A1627,1,19,0,14,0,0,0,0,0,0,1,1,6,1,35,6,1753,2,11,-1,1,-1
20151324A1691,1,5,0,18,0,1,5,0,0,0,2,1,6,1,45,7,647,1,8,-1,2,-1
20151324A1691,2,9,0,18,0,1,0,0,0,0,4,1,6,1,33,6,1596,1,10,-1,1,-1
20151324A1774,1,19,0,14,9,2,0,0,7,11,1,1,6,1,48,8,1998,2,13,-1,1,-1
20151324A1879,1,8,0,18,0,0,0,0,0,0,1,1,1,1,59,9,1797,8,6,-1,1,-1
20151324A1896,1,9,0,7,0,6,0,0,0,0,0,1,6,1,42,7,1461,2,1,-1,1,-1
20151324A1896,2,9,0,7,0,6,0,0,0,0,0,1,6,1,34,6,2993,2,3,-1,-1,-1
20151324A1896,3,8,0,18,0,1,0,10,0,0,0,1,6,1,25,5,1997,2,1,-1,1,-1
20151324B0116,1,8,0,9,0,8,0,0,0,0,4,1,1,1,26,6,1896,2,6,-1,1,-1
20151324B0116,2,19,0,18,0,8,0,0,1,7,1,1,6,1,37,7,-1,-1,-1,-1,1,-1
20151324B0407,1,1,0,18,4,0,5,0,0,0,0,1,6,1,38,7,-1,-1,-1,-1,1,-1
20151324B0407,2,9,0,7,7,0,0,0,0,0,0,1,6,2,31,6,1598,1,10,-1,1,-1
20151324B0450,1,9,0,5,0,6,0,0,0,0,1,1,6,1,21,5,1968,2,9,-1,-1,-1
20151324B0450,2,9,0,18,0,8,0,0,0,0,3,1,6,2,49,8,1596,1,5,-1,-1,-1
20151324B0450,3,9,0,18,0,1,0,0,0,0,1,1,6,2,68,10,2000,2,10,-1,-1,-1
20151324B0534,1,9,0,10,0,1,0,0,0,0,2,1,6,1,30,6,1560,2,6,-1,1,-1
20151324B0534,2,9,0,3,0,1,0,0,0,0,2,1,6,2,47,8,1398,1,11,-1,2,-1
20151324B0534,3,8,0,3,0,1,0,0,0,0,2,1,1,1,49,8,1997,2,7,-1,1,-1
20151324B0534,4,9,0,18,0,1,0,0,0,0,2,1,6,1,58,9,1896,2,11,-1,3,-1
20151324B0644,1,9,0,4,0,0,0,0,0,0,2,1,6,1,-1,-1,998,1,8,-1,1,-1
20151324B0644,2,11,0,18,0,0,0,0,0,0,1,1,1,1,62,9,7300,2,10,-1,1,-1
20151324B0765,1,9,0,18,0,0,5,4,0,0,1,1,6,2,23,5,1498,1,7,-1,1,-1
20151324B0765,2,9,0,2,0,0,0,0,0,0,1,1,6,1,23,5,1390,1,8,-1,1,-1
20151324B0839,1,9,0,4,0,4,0,0,0,0,1,1,6,1,48,8,-1,-1,-1,-1,1,-1
20151324B0839,2,9,0,11,0,4,0,0,0,0,2,1,6,2,-1,-1,2191,2,2,-1,-1,-1
20151324B0880,1,9,0,18,0,0,0,0,0,0,1,1,6,2,26,6,1299,1,13,-1,3,-1
20151324B0903,1,9,0,9,0,8,0,0,0,0,3,1,6,1,23,5,1797,8,5,-1,1,-1
20151324B1045,1,9,0,18,0,1,0,0,0,0,1,1,6,1,34,6,1968,2,9,-1,1,-1
20151324B1330,1,9,0,18,0,0,0,0,0,0,3,1,6,1,47,8,1995,2,8,-1,1,-1
20151324B1330,2,9,0,18,0,0,0,0,0,0,3,1,6,2,59,9,1343,1,12,-1,1,-1
20151324B1330,3,19,0,9,0,0,0,0,0,0,0,1,1,1,34,6,1868,2,14,-1,-1,-1
20151324C0715,1,9,0,18,0,0,0,0,0,0,0,1,6,3,-1,-1,-1,-1,-1,-1,-1,-1
20151324C0715,2,9,0,18,0,0,0,0,0,0,1,1,6,1,44,7,1997,2,14,-1,-1,-1
20151324C0715,3,9,0,18,0,0,0,0,0,0,2,1,6,1,60,9,1197,1,1,-1,-1,-1
20151324C0715,4,9,0,18,0,0,0,0,0,0,2,1,6,3,-1,-1,-1,-1,-1,-1,-1,-1
20151324C0720,1,9,0,11,0,0,5,0,1,11,1,1,2,2,23,5,1242,1,1,-1,1,-1
20151324C0841,1,9,0,18,0,0,0,0,0,0,1,1,6,1,46,8,1598,2,3,-1,-1,-1
20151324C0861,1,9,0,18,0,6,0,0,0,0,3,1,6,1,28,6,1332,1,18,-1,1,-1
20151324C0861,2,9,0,18,0,8,0,0,0,0,1,1,6,1,52,8,1896,2,7,-1,1,-1
20151324C0947,1,9,0,9,0,8,0,0,0,0,1,1,6,1,75,10,1398,1,13,-1,1,-1
20151324C0947,2,9,0,18,0,8,0,0,0,0,3,1,1,1,36,7,1248,2,2,-1,1,-1
20151324C1062,1,9,0,18,0,0,0,0,0,0,1,1,6,2,62,9,1596,1,2,-1,2,-1
20151324C1062,2,9,0,18,0,0,0,0,0,0,1,1,6,1,78,11,-1,-1,-1,-1,1,-1
20151324D0142,1,8,0,7,0,8,0,0,0,0,3,1,1,1,37,7,1896,2,6,-1,1,-1
20151324D0142,2,9,0,18,0,8,0,0,0,0,4,1,1,1,38,7,1598,1,13,-1,2,-1
20151324D0174,1,3,0,18,0,0,0,0,0,0,1,1,2,1,18,4,125,1,3,-1,3,-1
20151324D0174,2,9,0,4,0,0,0,0,0,0,2,1,2,2,29,6,1242,1,13,-1,1,-1
20151324D0507,1,9,0,9,9,8,0,0,0,0,1,1,6,3,-1,-1,-1,-1,-1,-1,-1,-1
20151324D0548,1,9,0,16,0,0,0,0,0,0,1,1,6,2,82,11,998,1,1,-1,1,-1
20151324D0548,2,9,0,7,0,0,1,0,0,0,3,1,6,2,23,5,1598,1,12,-1,-1,-1
20151324D0610,1,9,0,18,0,0,0,0,7,0,1,1,6,2,61,9,1995,2,2,-1,1,-1
20151324D0715,1,11,0,4,0,1,0,0,0,0,0,1,1,1,53,8,7300,2,7,-1,-1,-1
20151324D0737,1,9,0,18,0,0,0,0,0,0,1,1,6,3,-1,-1,-1,-1,-1,-1,-1,-1
20151324D0833,1,1,0,18,0,0,5,0,0,0,1,1,6,1,51,8,-1,-1,-1,-1,3,-1
20151324D0833,2,9,0,2,0,0,0,0,0,0,2,1,6,2,-1,-1,1598,1,9,-1,1,-1
20151324D0936,1,9,0,7,0,1,0,0,0,0,1,1,1,1,48,8,1584,1,8,-1,1,-1
20151324D0936,2,9,0,18,0,1,0,0,0,0,1,1,6,1,21,5,1896,2,8,-1,1,-1
20151324D1086,1,9,0,9,0,1,0,0,0,0,0,1,6,1,19,4,1199,1,11,-1,1,-1
20151324D1086,2,5,0,18,0,1,1,0,0,0,0,1,6,1,34,6,-1,-1,-1,-1,1,-1
20151324D1285,1,9,0,9,0,0,0,0,0,0,4,1,2,1,47,8,998,1,7,-1,1,-1
20151324D1285,2,1,0,18,0,0,0,0,0,0,1,1,6,1,58,9,-1,-1,-1,-1,1,-1
20151324D1365,1,9,0,7,0,1,0,0,0,0,1,1,6,1,17,4,-1,-1,-1,-1,1,-1
20151324D1365,2,9,0,9,0,1,0,0,0,0,3,1,6,1,41,7,2401,2,11,-1,1,-1
20151324D1794,1,9,0,18,0,0,0,0,0,0,1,1,6,1,38,7,1399,1,6,-1,-1,-1
20151324D1794,2,9,0,2,0,0,0,0,0,0,2,1,6,3,-1,-1,1124,1,8,-1,-1,-1
20151324D1794,3,9,0,2,0,0,0,0,0,0,2,1,6,1,68,10,-1,-1,-1,-1,-1,-1
20151324E0004,1,3,0,13,0,1,5,0,8,10,1,1,6,1,23,5,125,1,3,-1,1,-1
20151324E0004,2,9,0,9,0,1,0,0,0,0,3,1,2,2,24,5,2497,2,8,-1,1,-1
20151324E0030,1,9,0,18,0,0,1,0,0,0,1,1,6,1,20,4,-1,-1,-1,-1,1,-1
20151324E0030,2,9,0,18,0,0,1,0,0,0,1,1,6,1,25,5,4395,1,4,-1,1,-1
20151324E0030,3,9,0,2,0,0,0,0,0,0,1,1,6,3,-1,-1,1896,2,12,-1,1,-1
20151324E0030,4,21,1,18,0,0,0,0,0,0,1,1,1,1,28,6,10837,2,3,-1,1,-1
20151324E0030,5,9,0,2,0,0,0,0,0,0,1,1,6,3,-1,-1,1199,1,13,-1,1,-1
20151324E0030,6,9,0,2,0,0,0,0,0,0,3,1,6,3,-1,-1,-1,-1,-1,-1,1,-1
20151324E0244,1,19,0,18,0,0,0,0,0,0,1,1,1,1,26,6,2198,2,1,-1,1,-1
20151324E0244,2,9,0,18,0,0,0,0,0,0,2,1,6,1,44,7,-1,-1,-1,-1,1,-1
20151324E0244,3,9,0,18,0,0,0,0,0,0,2,1,6,2,44,7,-1,-1,-1,-1,1,-1
20151324E0244,4,9,0,18,0,0,0,0,0,0,2,1,6,2,47,8,-1,-1,-1,-1,2,-1
20151324E0263,1,9,0,4,0,0,0,0,0,0,1,1,6,2,32,6,1248,2,3,-1,2,-1
20151324E0263,2,9,0,4,0,0,0,0,0,0,2,1,6,2,21,5,1968,2,4,-1,1,-1
20151324E0304,1,9,0,4,0,0,0,0,0,0,2,1,6,1,21,5,1598,2,4,-1,-1,-1
20151324E0304,2,9,0,5,0,0,0,0,0,0,0,1,6,1,32,6,-1,-1,-1,-1,1,-1
20151324E0336,1,9,0,11,0,8,0,0,0,0,4,1,6,1,58,9,1199,1,14,-1,-1,-1
20151324E0336,2,1,0,18,0,8,5,0,0,0,3,1,6,1,19,4,-1,-1,-1,-1,-1,-1
20151324E0441,1,9,0,17,0,0,0,0,0,0,1,1,6,1,26,6,1360,1,9,-1,1,-1
20151324E0481,1,9,0,18,0,0,0,0,0,0,1,1,6,2,26,6,2204,2,8,-1,1,-1
20151324E0481,2,9,0,3,0,0,0,0,0,0,2,1,6,1,23,5,1984,1,9,-1,1,-1
20151324E0539,1,9,0,5,0,0,0,0,0,0,1,1,6,1,29,6,1995,2,1,-1,-1,-1
20151324E0669,1,19,0,18,0,0,0,0,0,0,1,1,1,1,78,11,2463,2,9,-1,1,-1
20151324E0669,2,9,0,4,0,0,0,0,0,0,2,1,6,2,57,9,1398,1,5,-1,1,-1
20151324E0669,3,19,0,3,0,0,0,0,0,0,2,1,1,1,35,6,2198,2,6,-1,-1,-1
20151324E0722,1,19,0,18,0,1,0,0,0,0,4,1,6,3,-1,-1,-1,-1,-1,-1,-1,-1
20151324E0722,2,90,0,18,0,5,0,0,0,11,2,1,6,1,10,2,-1,-1,-1,-1,1,-1
20151324E1051,1,9,0,9,0,6,0,0,0,0,0,1,6,3,-1,-1,1995,2,4,-1,1,-1
20151324E1051,2,9,0,18,0,8,0,4,0,0,1,1,6,2,22,5,1968,2,1,-1,3,-1
20151324E1051,3,9,0,2,0,1,0,4,0,0,2,1,6,2,70,10,1360,1,4,-1,1,-1
20151324E1051,4,9,0,2,0,1,0,0,0,0,2,1,6,1,-1,-1,1248,2,5,-1,1,-1
20151324E1093,1,9,0,1,0,1,0,0,0,0,2,1,6,1,30,6,1988,1,14,-1,1,-1
20151324E1093,2,9,0,3,0,1,0,0,0,0,1,1,6,2,35,6,1598,1,10,-1,1,-1
20151324E1213,1,9,0,18,0,0,0,0,0,0,1,1,1,2,25,5,998,1,2,-1,1,-1
20151324E1213,2,9,0,4,0,0,0,0,0,0,2,1,2,1,33,6,1896,2,17,-1,1,-1
20151324E1227,1,5,0,18,0,0,2,0,0,0,1,1,6,1,44,7,998,1,13,-1,1,-1
20151324E1227,2,9,0,2,0,0,0,0,0,0,2,1,6,1,58,9,1753,2,12,-1,1,-1
20151324E1227,3,9,0,18,0,0,0,0,0,0,3,1,6,2,49,8,1560,2,4,-1,3,-1
20151324E1227,4,9,0,18,0,0,0,0,0,0,1,1,6,2,53,8,1349,1,4,-1,1,-1
20151324E1524,1,2,0,9,0,6,0,0,0,0,3,1,6,1,80,11,-1,-1,-1,-1,1,-1
20151324E1524,2,3,0,18,0,1,0,0,0,0,1,1,6,1,47,8,123,1,1,-1,1,-1
20151324E1706,1,9,0,9,9,6,0,0,0,0,4,1,6,3,-1,-1,1686,2,2,-1,-1,-1