Accident_Index,Vehicle_Reference,Vehicle_Type,Towing_and_Articulation,Vehicle_Manoeuvre,Vehicle_Location-Restricted_Lane,Junction_Location,Skidding_and_Overturning,Hit_Object_in_Carriageway,Vehicle_Leaving_Carriageway,Hit_Object_off_Carriageway,1st_Point_of_Impact,Was_Vehicle_Left_Hand_Drive?,Journey_Purpose_of_Driver,Sex_of_Driver,Age_of_Driver,Age_Band_of_Driver,Engine_Capacity_(CC),Propulsion_Code,Age_of_Vehicle,Driver_IMD_Decile,Driver_Home_Area_Type,Vehicle_IMD_Decile
20151324E1706,2,1,0,18,9,8,0,0,0,0,2,1,6,1,12,3,-1,-1,-1,-1,1,-1
20151324F0250,1,9,0,18,0,1,0,0,0,0,3,1,1,1,19,4,1721,1,27,-1,-1,-1
20151324F0250,2,9,0,18,0,1,0,0,0,0,4,1,1,2,42,7,-1,-1,-1,-1,-1,-1
20151324F0417,1,9,0,5,0,6,0,0,0,0,4,1,6,1,70,10,1339,8,6,-1,1,-1
20151324F0417,2,1,0,18,0,8,0,0,0,0,1,1,6,1,25,5,-1,-1,-1,-1,-1,-1
20151324F0697,1,9,0,18,0,0,0,0,0,0,1,1,6,1,22,5,1598,2,1,-1,1,-1
20151324F1130,1,9,0,18,0,0,2,0,2,9,4,1,6,2,37,7,1390,1,7,-1,1,-1
20151324G0216,1,21,0,2,0,0,0,0,0,0,0,1,1,1,50,8,12419,2,5,-1,1,-1
20151324G0216,2,17,0,1,0,0,0,0,1,11,4,1,1,1,50,8,-1,-1,-1,-1,1,-1
20151324G0374,1,9,0,18,0,8,0,0,0,0,3,1,6,2,81,11,1149,1,9,-1,-1,-1
20151324G0374,2,9,0,9,0,6,0,0,0,0,4,1,6,1,22,5,1390,1,13,-1,-1,-1
20151324G0435,1,9,0,18,0,8,0,0,0,0,4,1,6,1,67,10,2184,2,1,-1,1,-1
20151324G0435,2,9,0,9,0,6,0,0,0,0,1,1,6,2,45,7,1240,1,11,-1,1,-1
20151324G0531,1,19,0,4,0,1,0,0,0,0,1,1,1,1,35,6,1968,2,3,-1,-1,-1
20151324G0531,2,9,0,3,0,1,0,0,0,0,2,1,1,1,27,6,1248,2,1,-1,1,-1
20151324G0531,3,9,0,3,0,1,0,0,0,0,2,1,6,2,29,6,1598,1,10,-1,1,-1
20151324G0581,1,9,0,5,0,6,0,0,0,0,3,1,6,2,40,7,1329,1,6,-1,1,-1
20151324G0581,2,11,0,18,0,8,0,0,0,0,0,1,1,1,55,8,7300,2,14,-1,1,-1
20151324G0760,1,9,0,18,0,1,0,0,0,0,3,1,6,2,38,7,1598,1,8,-1,1,-1
20151324G0760,2,1,0,18,0,1,0,0,0,0,1,1,6,2,51,8,-1,-1,-1,-1,1,-1
20151324G0886,1,9,0,18,0,1,0,0,0,0,1,1,6,2,47,8,1598,2,4,-1,-1,-1
20151324G0886,2,9,0,3,0,1,0,0,0,0,2,1,6,1,47,8,1590,1,15,-1,-1,-1
20151324G1083,1,9,0,18,0,2,0,0,0,0,0,1,6,3,-1,-1,-1,-1,-1,-1,-1,-1
20151324G1083,2,11,0,18,0,1,0,0,0,0,0,1,1,1,38,7,7300,2,9,-1,1,-1
20151324G1091,1,9,0,18,0,0,2,0,2,11,1,1,6,1,32,6,1753,2,9,-1,-1,-1
20151324G1094,1,9,0,1,0,0,0,0,0,0,2,1,6,1,61,9,1560,2,2,-1,-1,-1
20151324G1094,2,1,0,18,0,0,0,0,0,0,3,1,6,1,34,6,-1,-1,-1,-1,1,-1
20151324G1173,1,9,0,2,0,0,0,0,0,0,0,1,1,2,28,6,1560,2,7,-1,-1,-1
20151324G1185,1,9,0,18,0,0,0,0,0,0,2,1,2,1,20,4,1796,1,11,-1,1,-1
20151324G1185,2,3,0,18,0,0,2,0,0,0,1,1,2,1,17,4,124,1,5,-1,1,-1
20151324G1597,1,9,0,5,0,6,0,0,0,0,1,1,6,1,18,4,1229,1,8,-1,1,-1
20151324G1597,2,9,0,18,0,8,0,0,0,0,3,1,6,1,46,8,1250,1,10,-1,1,-1
20151324H0113,1,9,0,18,0,6,0,0,0,11,4,1,6,1,-1,-1,1275,1,19,-1,-1,-1
20151324H0113,2,9,0,18,0,1,0,0,0,11,1,1,6,1,28,6,1997,2,5,-1,-1,-1
20151324H0226,1,19,4,11,0,0,0,0,1,7,1,1,1,1,27,6,2198,2,1,-1,3,-1
20151324H0226,2,9,0,4,0,0,0,0,0,0,2,1,2,2,39,7,1360,1,10,-1,1,-1
20151324H0226,3,19,0,4,0,0,0,0,0,0,2,1,1,1,30,6,2198,2,3,-1,1,-1
20151324H0226,4,9,0,4,0,0,0,0,0,0,2,1,6,1,47,8,1896,2,13,-1,1,-1
20151324H0325,1,8,0,18,1,0,0,0,0,11,1,1,1,1,60,9,1896,2,8,-1,1,-1
20151324H0496,1,9,0,18,0,8,0,0,1,0,4,1,1,2,30,6,1598,2,3,-1,1,-1
20151324H0496,2,19,0,18,0,8,0,0,3,0,3,1,1,1,39,7,2198,2,1,-1,1,-1
20151324H0533,1,9,0,10,0,8,0,0,0,0,2,1,6,1,49,8,1910,2,7,-1,1,-1
20151324H0533,2,9,0,18,0,8,0,0,0,0,1,1,6,1,66,10,3628,2,6,-1,1,-1
20151324H0643,1,19,0,1,0,0,0,0,0,0,2,1,1,1,44,7,1968,2,3,-1,1,-1
20151324H0684,1,9,0,18,0,0,0,4,0,0,1,1,6,2,67,10,-1,-1,-1,-1,1,-1
20151324H0684,2,19,0,2,0,0,0,0,0,0,1,1,6,3,-1,-1,1998,2,14,-1,-1,-1
20151324H0719,1,8,0,9,0,6,0,0,0,0,1,1,1,1,34,6,2231,2,8,-1,1,-1
20151324H0719,2,2,0,18,0,1,0,0,0,0,4,1,2,2,28,6,125,1,2,-1,1,-1
20151324H0748,1,9,0,3,0,8,0,0,0,0,2,1,6,1,22,5,1796,1,11,-1,1,-1
20151324H0748,2,9,0,3,0,8,0,0,0,0,2,1,6,2,25,5,1422,2,11,-1,1,-1
20151324H0748,3,9,0,18,0,8,0,0,0,0,1,1,6,2,35,6,1896,2,9,-1,1,-1
20151324H0752,1,19,0,18,0,8,0,0,0,0,1,1,6,1,25,5,1998,2,13,-1,-1,-1
20151324H0752,2,9,0,9,0,5,0,0,0,0,2,1,6,1,24,5,1995,2,9,-1,2,-1
20151324H0866,1,9,0,18,0,8,2,0,7,0,1,1,6,1,29,6,-1,-1,-1,-1,-1,-1
20151324H0866,2,9,0,5,0,8,1,0,0,0,4,1,6,2,25,5,1956,2,2,-1,-1,-1
20151324H0874,1,9,0,18,0,0,0,0,0,0,1,1,6,3,-1,-1,-1,-1,-1,-1,-1,-1
20151324H0925,1,9,0,18,0,1,0,0,0,0,1,1,2,2,40,7,2495,2,12,-1,1,-1
20151324H0925,2,9,0,18,0,1,0,0,0,0,2,1,2,2,33,6,1198,1,5,-1,1,-1
20151324H0925,3,9,0,18,0,1,0,0,0,0,2,1,2,2,27,6,2172,2,13,-1,1,-1
20151324H0975,1,9,0,18,0,0,5,4,0,0,1,1,2,1,39,7,1968,2,4,-1,3,-1
20151324H0975,2,9,0,2,0,0,0,0,0,0,2,1,6,3,-1,-1,-1,-1,-1,-1,-1,-1
20151324H1015,1,9,0,18,0,1,0,0,0,1,1,1,6,1,37,7,1796,1,4,-1,3,-1
20151324H1015,2,9,0,18,0,1,0,0,0,0,2,1,6,1,24,5,1598,1,7,-1,1,-1
20151324H1037,1,11,0,9,0,8,0,0,0,0,0,1,1,1,49,8,9600,2,15,-1,1,-1
20151324H1115,1,5,0,18,0,0,1,0,0,0,2,1,6,1,61,9,647,1,8,-1,1,-1
20151324H1115,2,9,0,18,0,0,0,0,0,0,2,1,1,2,29,6,1242,1,2,-1,1,-1
20151324H1125,1,9,0,18,0,0,0,0,0,0,1,1,6,3,-1,-1,-1,-1,-1,-1,-1,-1
20151324H1185,1,19,0,18,0,0,0,0,0,0,1,1,6,1,35,6,2402,2,11,-1,1,-1
20151324H1185,2,9,0,18,0,0,0,0,0,0,2,1,6,2,34,6,998,1,10,-1,2,-1
20151324H1280,1,19,0,18,0,1,0,0,0,0,1,1,1,1,45,7,-1,-1,-1,-1,1,-1
20151324H1280,2,9,0,18,0,1,0,0,0,0,3,1,6,2,33,6,-1,-1,-1,-1,1,-1
20151324H1400,1,9,0,5,9,8,0,0,0,0,1,1,6,2,-1,-1,-1,-1,-1,-1,-1,-1
20151324H1400,2,1,0,18,9,8,5,0,0,0,1,1,6,2,12,3,-1,-1,-1,-1,1,-1
20151324H1542,1,10,0,7,0,8,0,0,0,0,3,1,1,1,54,8,-1,-1,-1,-1,1,-1
20151324H1542,2,4,0,13,0,8,0,0,1,0,4,1,6,1,60,9,499,1,10,-1,1,-1
20151324I0569,1,5,0,18,0,0,0,0,0,0,4,1,6,1,63,9,-1,-1,-1,-1,1,-1
20151324I1142,1,9,0,18,0,0,0,0,0,0,1,1,6,1,26,6,1968,2,3,-1,1,-1
20151324I1242,1,9,0,18,0,1,0,0,0,0,1,1,6,1,57,9,1596,1,3,-1,1,-1
20151324I1245,1,9,0,18,0,0,0,0,0,0,3,1,6,1,43,7,1362,1,2,-1,1,-1
20151324I1245,2,9,0,5,0,0,0,0,0,0,4,1,6,1,47,8,1242,1,11,-1,1,-1
20151324I1384,1,9,0,18,0,0,0,0,0,0,1,1,6,1,43,7,1332,1,15,-1,1,-1
20151324I1399,1,9,0,18,0,0,5,0,1,2,1,1,6,1,27,6,1796,1,13,-1,-1,-1
20151324J0248,1,9,0,16,0,0,2,0,8,4,3,1,6,1,32,6,-1,-1,-1,-1,1,-1
20151324J0670,1,9,0,9,0,5,0,0,0,0,1,1,6,1,80,11,1461,2,5,-1,1,-1
20151324J0670,2,1,0,18,0,8,0,0,0,0,3,1,6,1,44,7,-1,-1,-1,-1,2,-1
20151324J0670,3,9,0,9,0,6,0,0,0,0,3,1,1,1,47,8,1598,2,1,-1,1,-1
20151324J0755,1,9,0,14,0,0,0,0,1,4,1,1,6,1,48,8,1598,1,8,-1,1,-1
20151324J0755,2,9,0,3,0,0,0,0,0,0,2,1,6,2,38,7,1796,1,12,-1,1,-1
20151324J1015,1,9,0,18,0,0,0,0,0,0,4,1,6,1,56,9,1753,2,15,-1,1,-1
20151324J1094,1,9,0,18,0,0,0,0,0,0,4,1,6,2,47,8,1360,1,13,-1,1,-1
20151324J1305,1,9,0,7,0,1,0,0,0,0,1,1,1,2,18,4,998,1,12,-1,3,-1
20151324J1305,2,9,0,18,0,1,0,0,0,0,3,1,6,1,61,9,1798,1,37,-1,3,-1
20151324K0217,1,9,0,4,0,0,0,0,0,0,1,1,6,2,55,8,1461,2,13,-1,1,-1
20151324K0217,2,9,0,4,0,0,0,0,0,0,2,1,6,2,24,5,1124,1,10,-1,1,-1
20151324K0220,1,9,0,5,0,1,0,0,0,0,4,1,2,1,63,9,1997,2,6,-1,3,-1
20151324K0220,2,1,0,4,0,1,0,0,0,0,3,1,2,1,28,6,-1,-1,-1,-1,-1,-1
20151324K0237,1,19,0,18,9,0,0,0,0,0,4,1,1,1,30,6,2446,2,15,-1,1,-1
20151324K0255,1,2,0,9,0,5,0,0,0,0,0,1,3,1,16,4,49,1,5,-1,1,-1
20151324K0843,1,9,0,9,0,8,0,0,0,0,1,1,6,2,66,10,1596,1,4,-1,1,-1
20151324K0843,2,1,0,18,0,8,5,0,0,0,1,1,6,1,26,6,-1,-1,-1,-1,1,-1
20151324K1103,1,9,0,11,0,0,0,0,0,0,1,1,6,1,27,6,5461,1,1,-1,1,-1
20151324K1103,2,21,1,18,0,0,0,0,0,0,2,1,1,1,45,7,15928,2,3,-1,2,-1
20151324K1310,1,9,0,3,0,8,0,0,0,0,1,1,6,1,47,8,1896,2,14,-1,-1,-1
20151324K1310,2,9,0,18,0,8,0,0,0,0,1,1,6,1,35,6,2993,2,7,-1,1,-1
20151324K1326,1,9,0,9,0,5,0,0,0,0,4,1,6,1,21,5,1198,1,12,-1,1,-1
20151324K1326,2,1,0,18,0,8,0,0,0,0,1,1,2,1,38,7,-1,-1,-1,-1,3,-1
20151324K1427,1,3,0,18,0,8,5,0,0,0,1,1,2,1,21,5,125,1,3,-1,1,-1
20151324K1427,2,9,0,9,0,6,0,0,0,0,3,1,6,1,85,11,1242,1,5,-1,1,-1
20151324K1671,1,11,0,18,0,0,0,0,0,0,0,1,1,1,42,7,6692,2,3,-1,1,-1
20151324L0178,1,9,0,18,0,8,0,0,1,1,1,1,6,1,63,9,2171,1,12,-1,1,-1
20151324L0178,2,20,0,18,0,8,0,0,0,0,1,1,1,1,62,9,-1,-1,-1,-1,1,-1
20151324L0233,1,9,0,9,0,1,0,0,0,0,4,1,6,2,59,9,1686,2,12,-1,1,-1
20151324L0233,2,1,0,18,0,1,0,0,0,0,1,1,6,1,29,6,-1,-1,-1,-1,1,-1
20151324L0233,3,9,0,18,0,1,0,0,0,0,0,1,6,3,-1,-1,-1,-1,-1,-1,-1,-1
20151324L0295,1,9,0,9,0,8,0,0,0,0,1,1,6,1,29,6,1596,1,10,-1,1,-1
20151324L0295,2,1,0,18,0,8,5,0,0,0,4,1,6,1,55,8,-1,-1,-1,-1,1,-1
20151324L0653,1,9,0,13,0,0,5,0,1,10,3,1,6,1,30,6,1968,2,9,-1,1,-1
20151324L0653,2,9,0,13,0,0,1,0,1,10,4,1,6,1,20,4,1560,2,9,-1,1,-1
20151324L0701,1,5,0,18,0,0,0,0,1,9,1,1,6,1,37,7,996,1,18,-1,1,-1
20151324L0701,2,9,0,18,0,0,1,0,7,9,1,1,6,1,30,6,2793,1,14,-1,2,-1
20151324L0701,3,9,0,18,0,0,0,0,0,0,3,1,6,2,40,7,1461,2,11,-1,2,-1
20151324L0701,4,9,0,18,0,0,0,0,0,0,3,1,6,1,58,9,1596,1,5,-1,1,-1
20151324L0701,5,9,0,18,0,0,0,0,0,0,2,1,6,1,58,9,1398,1,-1,-1,2,-1
20151324L0856,1,9,0,4,0,8,0,0,0,0,1,1,6,1,49,8,-1,-1,-1,-1,1,-1
20151324L0856,2,9,0,4,0,8,0,0,0,0,2,1,6,2,21,5,1499,2,2,-1,1,-1
20151324L0939,1,9,0,9,0,6,0,0,0,0,1,1,6,2,55,8,1242,1,11,-1,1,-1
20151324L0939,2,9,0,18,0,8,0,0,0,0,1,1,6,1,69,10,1998,1,7,-1,1,-1
20151324L0958,1,9,0,5,9,0,0,0,0,0,1,1,3,1,62,9,1769,1,12,-1,1,-1
20151324L0986,1,9,0,7,0,8,0,0,0,0,4,1,6,1,23,5,998,1,15,-1,1,-1
20151324L0986,2,1,0,18,0,8,5,0,0,0,1,1,6,1,42,7,-1,-1,-1,-1,3,-1
20151324L1025,1,9,0,18,0,0,0,0,0,0,1,1,2,1,24,5,1686,2,8,-1,1,-1
20151324L1279,1,9,0,5,0,1,0,0,0,0,1,1,6,1,46,8,1389,1,18,-1,1,-1
20151324L1279,2,9,0,3,0,1,0,0,0,0,2,1,6,2,51,8,1598,1,10,-1,1,-1
20151324L1298,1,9,0,18,0,0,0,0,0,0,1,1,6,2,19,4,1242,1,6,-1,1,-1
20151324L1363,1,9,0,18,0,0,0,0,0,0,1,1,6,1,32,6,-1,-1,-1,-1,1,-1
20151324L1363,2,1,0,18,0,0,0,0,0,0,3,1,6,1,17,4,-1,-1,-1,-1,-1,-1
20151324L1429,1,3,0,18,0,0,0,0,1,0,4,1,6,2,56,9,124,1,16,-1,1,-1
20151324L1690,1,9,0,18,0,0,1,0,0,0,1,1,6,1,21,5,2497,2,8,-1,1,-1
20151324M0167,1,9,0,18,0,0,0,0,0,0,1,1,6,1,-1,-1,1984,1,5,-1,-1,-1
20151324M0167,2,19,0,18,0,0,0,0,0,0,3,1,1,1,50,8,1560,2,4,-1,1,-1
20151324M0203,1,9,0,4,0,8,0,0,0,0,4,1,6,2,52,8,998,1,2,-1,1,-1
20151324M0220,1,9,0,18,0,8,0,0,0,0,1,1,2,2,41,7,1197,1,2,-1,1,-1
20151324M0220,2,11,0,18,0,8,0,0,0,0,1,1,1,1,36,7,7300,2,7,-1,1,-1
20151324M0233,1,9,0,4,0,0,0,0,0,0,1,1,6,2,23,5,1242,1,11,-1,1,-1
20151324M0233,2,9,0,4,0,0,0,0,0,0,2,1,2,2,27,6,1299,1,12,-1,1,-1
20151324M0233,3,9,0,4,0,0,0,0,0,0,2,1,3,2,37,7,1598,1,2,-1,2,-1
20151324M0272,1,8,0,18,0,0,0,0,0,0,1,1,1,1,54,8,1998,2,8,-1,1,-1
20151324M0272,2,9,0,18,0,0,0,0,0,0,2,1,1,2,50,8,1396,2,5,-1,1,-1
20151324M0559,1,3,0,18,0,0,0,0,0,0,4,1,6,1,18,4,124,1,-1,-1,1,-1
20151324M0559,2,9,0,9,0,0,0,0,0,0,3,1,6,1,26,6,998,1,15,-1,1,-1
20151324M0777,1,9,0,9,0,8,0,0,0,0,1,1,6,1,-1,-1,998,1,15,-1,-1,-1
20151324M0777,2,1,0,18,0,8,0,0,0,0,1,1,6,1,52,8,-1,-1,-1,-1,1,-1
20151324M0937,1,11,0,18,0,0,0,0,0,0,4,1,1,1,56,9,8268,2,13,-1,1,-1
20151324M0937,2,9,0,10,0,0,0,0,0,0,3,1,6,2,19,4,998,1,1,-1,1,-1
20151324M0973,1,9,0,18,0,0,0,0,0,0,1,1,6,1,27,6,1242,1,9,-1,1,-1
20151324M0973,2,9,0,2,0,0,0,0,1,0,2,1,6,3,-1,-1,1998,2,10,-1,-1,-1
20151324M0994,1,8,0,18,0,0,0,0,0,0,3,1,1,1,62,9,1686,2,6,-1,1,-1
20151324M1106,1,9,0,5,0,1,0,0,0,0,1,1,6,2,63,9,-1,-1,-1,-1,1,-1
20151324M1106,2,9,0,18,0,2,0,0,0,0,1,1,3,2,31,6,3189,1,9,-1,1,-1
20151324M1106,3,19,0,9,0,8,0,0,0,0,3,1,1,1,33,6,1598,2,1,-1,-1,-1
20151324M1158,1,9,0,12,0,6,0,0,0,0,3,1,6,1,53,8,1396,1,15,-1,1,-1
20151324M1158,2,21,1,18,0,8,0,0,0,0,4,1,1,1,62,9,12777,2,4,-1,3,-1
20151324M1172,1,9,0,18,0,0,0,0,7,10,1,1,6,1,30,6,-1,-1,-1,-1,-1,-1
20151324M1172,2,9,0,18,0,0,0,0,0,0,0,1,6,1,30,6,-1,-1,-1,-1,-1,-1
20151324M1338,1,9,0,9,0,8,0,0,0,0,1,1,6,1,25,5,1198,1,4,-1,1,-1
20151324M1338,2,1,0,18,0,8,0,0,0,0,1,1,2,1,59,9,-1,-1,-1,-1,1,-1
20151324M1346,1,11,0,18,0,0,0,0,0,0,0,1,1,1,41,7,9360,2,6,-1,1,-1
20151324M1388,1,3,0,17,0,0,0,0,0,0,0,1,6,1,20,4,124,1,4,-1,1,-1
20151324N0184,1,9,0,12,0,0,0,0,0,0,3,1,6,2,35,6,1896,2,13,-1,-1,-1
20151324N0184,2,19,0,18,0,0,0,0,0,4,4,1,6,1,49,8,-1,-1,-1,-1,1,-1
20151324N0191,1,1,0,9,0,8,0,0,0,0,1,1,4,1,14,3,-1,-1,-1,-1,1,-1
20151324N0191,2,9,0,18,0,8,0,0,0,0,1,1,2,1,49,8,1753,2,7,-1,-1,-1
20151324N0208,1,9,0,18,0,0,0,0,0,0,1,1,6,2,31,6,1490,1,9,-1,2,-1
20151324N0208,2,9,0,2,0,0,0,0,0,0,2,1,6,3,-1,-1,1242,1,6,-1,3,-1
20151324N0269,1,9,0,18,0,0,1,0,0,0,1,1,6,2,30,6,1598,1,10,-1,1,-1
20151324N0269,2,9,0,18,0,0,0,0,0,0,1,1,6,2,33,6,1598,1,11,-1,1,-1
20151324N0378,1,9,0,18,0,2,0,0,0,0,2,1,6,2,31,6,1586,1,2,-1,3,-1
20151324N0378,2,9,0,18,0,2,0,0,0,0,1,1,6,1,28,6,1998,1,5,-1,3,-1
20151324N0500,1,19,0,4,0,1,0,0,0,0,1,1,6,1,66,10,2198,2,7,-1,1,-1
20151324N0500,2,9,0,4,0,1,0,0,0,0,2,1,6,1,50,8,-1,-1,-1,-1,1,-1
20151324N0500,3,19,0,4,0,1,0,0,0,0,2,1,6,1,48,8,1968,2,1,-1,1,-1
20151324N0512,1,9,0,5,0,6,0,0,0,0,1,1,6,2,63,9,1198,1,5,-1,1,-1
20151324N0512,2,11,0,18,0,1,0,0,0,0,4,1,1,1,38,7,9360,2,3,-1,1,-1
20151324N0570,1,9,0,18,0,8,0,10,2,11,1,1,6,2,83,11,1498,1,10,-1,1,-1
20151324N0570,2,9,0,9,0,8,0,0,0,0,4,1,6,1,69,10,1794,1,7,-1,1,-1
20151324N0570,3,9,0,18,0,1,0,0,0,0,1,1,6,2,58,9,998,1,-1,-1,1,-1
20151324N0704,1,9,0,18,0,8,0,0,0,0,1,1,6,2,34,6,1997,2,14,-1,-1,-1
20151324N0704,2,9,0,18,0,8,0,0,0,0,1,1,6,2,57,9,995,1,5,-1,-1,-1
20151324N0740,1,9,0,6,0,0,0,0,0,0,4,1,6,2,43,7,1397,1,13,-1,3,-1
20151324N0740,2,3,0,18,0,0,1,0,0,0,1,1,6,1,18,4,125,1,4,-1,-1,-1
20151324N0820,1,9,0,18,0,8,0,0,0,0,1,1,6,2,48,8,1587,1,13,-1,1,-1
20151324N0820,2,9,0,18,0,8,0,0,0,0,1,1,6,2,35,6,1497,1,11,-1,1,-1
20151324N0821,1,9,0,18,0,8,0,0,0,0,0,1,6,2,73,10,1360,1,3,-1,1,-1
20151324N0821,2,1,0,18,0,8,0,0,0,0,4,1,6,1,16,4,-1,-1,-1,-1,1,-1
20151324N0835,1,9,0,3,0,1,0,0,0,0,2,1,6,1,54,8,1582,2,4,-1,1,-1
20151324N0835,2,9,0,18,0,1,0,0,0,0,1,1,6,1,37,7,1499,2,-1,-1,1,-1
20151324N0835,3,9,0,3,0,1,0,0,0,0,2,1,6,2,40,7,1596,1,13,-1,1,-1
20151324N0936,1,19,0,7,0,4,0,0,0,0,0,1,1,1,40,7,2143,2,1,-1,1,-1
20151324N0964,1,9,0,18,0,0,0,0,0,0,1,1,6,1,30,6,1840,1,12,-1,1,-1
20151324N0973,1,9,0,18,0,6,0,0,0,0,3,1,6,1,84,11,2231,2,6,-1,1,-1
20151324N0973,2,9,0,18,0,8,0,0,0,0,1,1,6,1,40,7,3490,1,13,-1,1,-1
20151324N1028,1,8,0,18,0,0,0,0,0,0,1,1,3,1,54,8,1794,1,7,-1,1,-1
20151324N1046,1,11,0,18,0,8,0,0,0,0,0,1,1,1,37,7,9000,2,14,-1,1,-1
20151324N1112,1,9,0,9,0,5,0,0,0,0,1,1,6,2,-1,-1,1198,1,9,-1,1,-1
20151324N1112,2,1,0,18,4,8,0,0,0,0,1,1,6,1,42,7,-1,-1,-1,-1,1,-1
20151324N1293,1,9,0,4,0,0,0,0,0,0,2,1,6,2,32,6,4308,1,7,-1,-1,-1
20151324N1293,2,3,0,4,0,0,1,0,0,0,1,1,6,1,17,4,-1,-1,-1,-1,1,-1
20151324N1479,1,9,0,13,0,0,0,0,0,0,0,1,6,3,-1,-1,1998,1,15,-1,-1,-1
20151324N1479,2,9,0,4,0,0,0,0,0,0,1,1,6,2,57,9,2324,1,15,-1,1,-1
20151324N1479,3,9,0,3,0,0,0,0,0,0,2,1,6,2,27,6,1896,2,12,-1,3,-1
20151324N1515,1,11,0,4,0,1,0,0,0,0,0,1,1,1,43,7,4461,2,1,-1,1,-1
20151324O0302,1,9,0,9,0,5,0,0,0,0,3,1,2,1,23,5,1242,1,13,-1,1,-1
20151324O0302,2,1,0,18,0,8,0,0,0,0,1,1,2,2,28,6,-1,-1,-1,-1,1,-1
20151324O0324,1,9,0,9,0,0,0,0,0,0,3,1,1,1,26,6,1995,2,6,-1,1,-1
20151324O0354,1,9,0,18,0,0,0,4,0,0,1,1,1,2,22,5,1299,1,13,-1,1,-1
20151324O0354,2,9,0,2,0,0,0,0,1,11,2,1,6,2,-1,-1,998,1,6,-1,-1,-1
20151324O0419,1,9,0,3,0,1,0,0,0,0,1,1,2,1,-1,-1,1198,1,8,-1,-1,-1
20151324O0419,2,9,0,5,0,1,0,0,0,0,2,1,2,2,39,7,1598,1,8,-1,1,-1
20151324O0781,1,9,0,6,0,0,0,0,0,0,3,1,6,1,38,7,1896,2,8,-1,1,-1
20151324O0781,2,9,0,18,0,0,0,0,0,0,1,1,6,2,35,6,1968,2,7,-1,1,-1
20151324O0794,1,9,0,4,0,0,0,0,0,0,2,1,6,2,19,4,998,1,9,-1,1,-1
20151324O0794,2,9,0,4,0,0,0,0,0,0,2,1,6,2,45,7,2261,1,9,-1,1,-1
20151324O0794,3,9,0,4,0,0,0,0,0,0,1,1,6,2,40,7,1596,1,10,-1,1,-1
20151324O0802,1,9,0,2,0,0,0,0,0,0,2,1,1,1,59,9,2148,2,9,-1,1,-1
20151324O0802,2,9,0,2,0,0,0,0,0,0,1,1,1,1,-1,-1,2149,2,7,-1,-1,-1
20151324O0818,1,9,0,18,0,0,0,0,1,10,1,1,6,1,27,6,2616,1,10,-1,1,-1
20151324O0895,1,8,0,7,0,8,0,0,0,0,4,1,1,1,49,8,1968,2,4,-1,2,-1
20151324O0895,2,9,0,18,0,1,0,0,1,11,1,1,6,1,17,4,1229,1,10,-1,2,-1
20151324O0905,1,9,0,7,0,1,0,0,0,0,1,1,6,2,60,9,1995,2,14,-1,1,-1
20151324O0905,2,9,0,18,0,1,0,0,0,0,4,1,6,2,75,10,1598,1,6,-1,1,-1
20151324O1100,1,19,0,3,0,0,0,0,0,0,4,1,2,1,42,7,1560,2,2,-1,1,-1
20151324O1100,2,1,0,15,0,0,0,0,0,0,1,1,2,1,24,5,-1,-1,-1,-1,1,-1
20151324O1115,1,9,0,5,0,6,0,0,0,0,4,1,6,1,49,8,1240,1,6,-1,1,-1
20151324O1115,2,3,0,4,0,1,0,0,0,0,3,1,6,2,45,7,124,1,4,-1,1,-1
20151324O1206,1,9,0,18,0,2,0,0,0,0,1,1,6,1,58,9,1997,2,5,-1,1,-1
20151324O1732,1,9,0,9,0,8,0,0,0,0,3,1,6,2,59,9,1598,2,1,-1,1,-1
20151324O1732,2,9,0,18,0,8,0,0,0,0,3,1,6,1,43,7,1998,2,10,-1,1,-1
20151324O1880,1,9,0,18,0,0,0,0,0,0,1,1,6,3,-1,-1,2993,2,6,-1,-1,-1
20151324O1880,2,9,0,2,0,0,0,0,0,0,2,1,1,1,30,6,998,1,12,-1,1,-1
20151324P0419,1,3,0,16,0,0,2,0,0,0,3,1,6,2,17,4,124,1,10,-1,3,-1
20151324P0419,2,19,0,17,0,0,0,0,0,0,1,1,1,1,28,6,1560,2,-1,-1,1,-1
20151324P0442,1,9,0,18,0,1,5,0,0,0,4,1,6,2,23,5,998,1,15,-1,1,-1
20151324P0442,2,9,0,9,0,6,0,0,0,0,1,1,6,1,35,6,1968,2,-1,-1,1,-1
20151324P0494,1,11,0,18,2,1,0,0,0,0,0,1,1,1,34,6,6700,2,1,-1,1,-1
20151324P0494,2,9,0,7,0,5,0,0,0,0,0,1,6,3,-1,-1,-1,-1,-1,-1,-1,-1
20151324P0664,1,9,0,18,0,0,0,0,0,0,1,1,6,2,24,5,1329,1,4,-1,2,-1
20151324P0706,1,9,0,18,0,0,5,0,0,0,2,1,6,2,21,5,1299,1,8,-1,1,-1
20151324P0706,2,9,0,18,0,0,1,0,0,7,1,1,6,2,26,6,1560,2,1,-1,3,-1
20151324P0755,1,9,0,5,0,0,0,0,0,0,0,1,6,2,47,8,1968,2,9,-1,1,-1
20151324P0755,2,3,0,18,0,0,2,0,0,0,0,1,6,1,19,4,125,1,1,-1,1,-1
20151324P0784,1,9,0,1,0,0,0,0,0,0,0,1,1,1,37,7,1390,1,3,-1,1,-1
20151324P1095,1,9,0,18,0,0,0,0,0,0,1,1,6,2,34,6,1149,1,5,-1,1,-1
20151324P1095,2,9,0,2,0,0,0,0,0,0,2,1,6,3,54,8,1896,2,13,-1,1,-1