Accident_Index,Vehicle_Reference,Vehicle_Type,Towing_and_Articulation,Vehicle_Manoeuvre,Vehicle_Location-Restricted_Lane,Junction_Location,Skidding_and_Overturning,Hit_Object_in_Carriageway,Vehicle_Leaving_Carriageway,Hit_Object_off_Carriageway,1st_Point_of_Impact,Was_Vehicle_Left_Hand_Drive?,Journey_Purpose_of_Driver,Sex_of_Driver,Age_of_Driver,Age_Band_of_Driver,Engine_Capacity_(CC),Propulsion_Code,Age_of_Vehicle,Driver_IMD_Decile,Driver_Home_Area_Type,Vehicle_IMD_Decile
20151324P1181,1,9,0,18,0,0,0,0,0,0,1,1,6,1,68,10,1399,2,8,-1,1,-1
20151324P1241,1,8,0,1,0,0,0,0,0,0,4,1,1,1,39,7,1968,2,5,-1,1,-1
20151324P1430,1,9,0,18,0,0,1,0,0,0,1,1,6,1,26,6,1343,1,13,-1,-1,-1
20151324P1430,2,9,0,2,0,0,0,0,0,0,2,1,6,1,-1,-1,1596,1,11,-1,-1,-1
20151324P1430,3,9,0,2,0,0,0,0,0,0,2,1,6,1,-1,-1,-1,-1,-1,-1,-1,-1
20151324P1619,1,9,0,18,0,0,0,0,0,0,3,1,6,1,44,7,1390,1,7,-1,1,-1
20151324P1619,2,21,1,11,0,0,0,0,0,0,4,1,1,1,50,8,12740,2,3,-1,1,-1
20151324Q0015,1,9,0,13,0,4,5,9,3,10,1,1,6,1,25,5,1968,2,5,-1,1,-1
20151324Q0015,2,8,0,18,0,8,0,0,0,0,4,1,1,1,34,6,1910,2,8,-1,1,-1
20151324Q0328,1,19,0,9,0,2,0,10,8,11,3,1,2,1,37,7,1399,2,5,-1,2,-1
20151324Q0337,1,9,0,16,0,0,0,0,0,0,1,1,6,1,34,6,1242,1,8,-1,1,-1
20151324Q0337,2,9,0,2,0,0,0,0,0,0,2,1,6,2,31,6,1560,2,7,-1,1,-1
20151324Q0462,1,9,0,18,0,8,0,0,0,0,1,1,6,1,78,11,1598,1,8,-1,1,-1
20151324Q0462,2,9,0,18,0,8,1,0,7,0,1,1,6,1,40,7,1995,2,1,-1,1,-1
20151324Q0462,3,9,0,18,0,1,0,0,7,11,1,1,6,2,69,10,1329,1,2,-1,1,-1
20151324Q0502,1,1,0,18,0,0,0,0,0,0,0,1,6,1,25,5,-1,-1,-1,-1,-1,-1
20151324Q0660,1,9,0,4,0,0,0,0,0,0,4,1,6,2,31,6,1968,2,1,-1,1,-1
20151324Q0660,2,9,0,18,0,0,0,0,0,0,3,1,6,1,19,4,998,1,11,-1,2,-1
20151324Q0686,1,9,0,7,0,1,0,0,0,0,1,1,6,1,25,5,2982,2,7,-1,3,-1
20151324Q0773,1,9,0,9,0,8,0,0,0,0,1,1,6,1,40,7,1242,1,10,-1,1,-1
20151324Q0773,2,9,0,18,0,8,0,0,0,0,1,1,6,1,42,7,2148,2,10,-1,-1,-1
20151324Q0922,1,19,0,1,0,0,0,0,0,0,2,1,6,1,-1,-1,-1,-1,-1,-1,-1,-1
20151324Q0923,1,9,0,4,0,0,0,0,0,0,2,1,6,1,49,8,1560,2,10,-1,-1,-1
20151324Q0923,2,9,0,4,0,0,0,0,0,0,1,1,6,1,47,8,1596,1,8,-1,-1,-1
20151324Q0923,3,9,0,4,0,0,0,0,0,0,2,1,6,1,64,9,2179,2,6,-1,-1,-1
20151324Q1198,1,9,0,3,0,0,0,0,0,0,4,1,6,1,27,6,1994,1,16,-1,1,-1
20151324Q1198,2,1,0,15,0,0,5,0,0,0,1,1,6,1,27,6,-1,-1,-1,-1,1,-1
20151324Q1283,1,1,0,18,0,8,0,0,0,0,1,1,6,1,29,6,-1,-1,-1,-1,1,-1
20151324Q1283,2,9,0,7,0,5,0,0,0,0,2,1,6,1,-1,-1,1968,2,3,-1,-1,-1
20151324Q1317,1,9,0,14,0,0,0,10,0,0,4,1,6,1,30,6,898,1,1,-1,1,-1
20151324R0114,1,19,0,18,0,0,0,4,0,0,1,1,1,1,54,8,2402,2,5,-1,1,-1
20151324R0114,2,9,0,2,0,0,0,0,0,0,1,1,6,3,-1,-1,1995,2,12,-1,-1,-1
20151324R0114,3,9,0,2,0,0,0,0,0,0,1,1,6,3,-1,-1,1396,1,15,-1,-1,-1
20151324R0153,1,9,0,18,0,8,0,0,0,0,1,1,6,2,21,5,1229,1,5,-1,-1,-1
20151324R0153,2,9,0,18,0,8,0,0,0,0,1,1,6,2,23,5,1240,1,10,-1,1,-1
20151324R0516,1,9,0,18,0,0,0,0,0,0,0,1,6,1,48,8,1299,1,13,-1,1,-1
20151324R0599,1,9,0,9,0,6,0,0,0,0,1,1,6,1,67,10,1794,1,13,-1,1,-1
20151324R0623,1,9,0,5,0,1,0,0,0,0,3,1,6,1,37,7,1582,2,2,-1,3,-1
20151324R0623,2,9,0,18,0,1,0,0,0,0,1,1,6,1,25,5,1364,1,8,-1,1,-1
20151324R0644,1,9,0,18,0,0,0,0,0,0,1,1,6,1,34,6,1799,1,8,-1,1,-1
20151324R0644,2,9,0,18,0,0,0,0,0,0,1,1,6,1,36,7,1587,1,13,-1,1,-1
20151324R0814,1,3,0,18,0,8,0,0,3,4,1,1,6,1,29,6,125,1,-1,-1,1,-1
20151324R0819,1,11,0,18,3,1,0,0,0,0,0,1,1,1,55,8,7300,2,11,-1,-1,-1
20151324R0884,1,19,0,18,0,8,0,0,0,0,4,1,6,1,-1,-1,-1,-1,-1,-1,-1,-1
20151324R0971,1,9,0,9,0,6,0,0,0,0,3,1,6,1,26,6,1363,2,11,-1,1,-1
20151324R0971,2,4,0,13,0,1,0,0,0,0,1,1,6,1,44,7,1200,1,20,-1,1,-1
20151324R1071,1,9,0,5,8,8,0,0,0,0,1,1,6,2,44,7,1388,1,9,-1,1,-1
20151324R1093,1,9,0,5,0,8,0,0,0,0,4,1,6,2,32,6,1910,2,8,-1,1,-1
20151324R1093,2,9,0,18,0,1,0,0,0,0,1,1,6,1,-1,-1,1995,2,3,-1,1,-1
20151324R1121,1,9,0,2,0,0,0,0,0,0,0,1,6,2,43,7,1248,2,7,-1,3,-1
20151324R1121,2,1,0,14,0,0,0,0,0,0,1,1,6,1,16,4,-1,-1,-1,-1,2,-1
20151324R1125,1,9,0,18,0,0,0,0,0,0,1,1,6,1,29,6,1988,1,15,-1,1,-1
20151324R1762,1,8,0,9,0,8,0,0,0,0,3,1,1,1,41,7,1968,2,6,-1,1,-1
20151324S0088,1,9,0,4,0,8,0,0,0,0,0,1,6,1,-1,-1,-1,-1,-1,-1,-1,-1
20151324S0088,2,1,0,18,0,8,0,10,0,0,1,1,6,1,29,6,-1,-1,-1,-1,1,-1
20151324S0278,1,9,0,18,0,8,0,0,0,0,1,1,6,1,42,7,1995,2,3,-1,-1,-1
20151324S0278,2,9,0,18,0,1,0,0,0,0,1,1,6,2,34,6,1598,1,8,-1,1,-1
20151324S0452,1,9,0,9,0,8,0,0,0,0,1,1,6,2,34,6,1398,1,4,-1,1,-1
20151324S0452,2,9,0,18,0,8,0,0,0,0,3,1,6,2,57,9,1598,1,8,-1,3,-1
20151324S0758,1,11,0,18,0,1,0,0,0,0,0,1,1,1,40,7,9360,2,6,-1,1,-1
20151324S0917,1,11,0,5,0,8,0,0,0,0,3,1,1,1,48,8,9600,2,13,-1,1,-1
20151324S0917,2,9,0,13,0,8,0,0,0,0,1,1,3,2,37,7,1995,2,11,-1,1,-1
20151324S0932,1,9,0,18,0,0,0,0,0,0,1,1,6,1,67,10,1497,1,9,-1,1,-1
20151324S0932,2,9,0,4,0,0,0,0,0,0,2,1,6,2,34,6,1364,1,8,-1,1,-1
20151324S0932,3,9,0,4,0,0,0,0,0,0,2,1,6,1,43,7,1597,2,-1,-1,1,-1
20151324S1003,1,9,0,18,0,8,0,0,0,0,3,1,6,1,27,6,1896,2,6,-1,-1,-1
20151324S1007,1,4,0,18,0,0,0,0,1,10,1,1,6,1,20,4,-1,-1,-1,-1,-1,-1
20151324S1080,1,11,0,15,2,0,0,0,0,0,1,1,1,1,46,8,6692,2,3,-1,1,-1
20151324S1080,2,19,0,3,0,0,0,0,0,0,0,1,2,1,32,6,2198,2,2,-1,1,-1
20151324S1183,1,9,0,18,0,1,0,0,0,0,4,1,2,1,24,5,1242,1,5,-1,1,-1
20151324S1184,1,9,0,7,0,8,0,0,0,0,4,1,6,1,36,7,-1,-1,-1,-1,1,-1
20151324S1184,2,1,0,18,0,8,0,0,0,0,1,1,6,1,34,6,-1,-1,-1,-1,-1,-1
20151324S1202,1,19,0,9,0,0,0,0,0,0,3,1,6,1,-1,-1,-1,-1,-1,-1,-1,-1
20151324S1202,2,1,0,3,4,0,0,0,0,0,4,1,6,2,44,7,-1,-1,-1,-1,1,-1
20151324S1267,1,9,0,7,0,0,0,0,0,0,2,1,6,1,42,7,1896,2,12,-1,1,-1
20151324S1267,2,1,0,18,0,0,0,0,0,0,1,1,6,1,21,5,-1,-1,-1,-1,1,-1
20151324S1523,1,9,0,18,0,0,0,0,0,0,3,1,6,3,-1,-1,-1,-1,-1,-1,-1,-1
20151324S1527,1,11,0,5,0,1,0,0,0,0,0,1,1,1,58,9,-1,-1,-1,-1,1,-1
20151324S1610,1,8,0,18,0,8,0,0,0,0,4,1,1,1,40,7,1998,2,6,-1,1,-1
20151324S1610,2,9,0,8,0,8,0,0,0,0,1,1,6,1,59,9,1596,1,11,-1,1,-1
20151324S1642,1,19,0,18,0,0,0,0,0,0,4,1,6,1,40,7,2198,2,1,-1,1,-1
20151324S1642,2,1,0,18,0,0,0,0,0,0,3,1,6,1,57,9,-1,-1,-1,-1,1,-1
20151324T0042,1,8,0,18,0,0,0,4,0,0,4,1,1,1,27,6,1598,2,4,-1,1,-1
20151324T0042,2,9,0,18,0,0,0,0,0,0,3,1,6,1,30,6,1360,1,12,-1,1,-1
20151324T0042,3,19,0,2,0,0,0,0,0,0,1,1,6,3,-1,-1,2179,2,10,-1,-1,-1
20151324T0042,4,19,0,2,0,0,0,0,0,0,1,1,6,3,-1,-1,2402,2,10,-1,-1,-1
20151324T0222,1,9,0,4,0,8,1,0,0,0,1,1,6,1,31,6,1968,2,3,-1,1,-1
20151324T0222,2,9,0,3,0,8,0,0,0,0,2,1,6,2,30,6,1124,1,10,-1,1,-1
20151324T0222,3,9,0,3,0,8,0,0,0,0,2,1,6,1,25,5,1783,1,13,-1,2,-1
20151324T0222,4,9,0,3,0,8,0,0,0,0,2,1,6,2,51,8,2184,2,9,-1,1,-1
20151324T0282,1,9,0,18,0,0,0,0,0,0,4,1,6,3,-1,-1,1997,2,9,-1,-1,-1
20151324T0286,1,9,0,1,9,0,0,0,0,0,2,1,6,3,-1,-1,-1,-1,-1,-1,-1,-1
20151324T0569,1,11,0,4,0,0,0,0,0,0,0,1,1,1,28,6,9360,2,6,-1,1,-1
20151324T0679,1,9,0,7,0,6,0,0,0,0,0,1,6,2,71,10,1896,2,15,-1,1,-1
20151324T0679,2,1,0,18,0,8,0,0,0,0,3,1,6,1,40,7,-1,-1,-1,-1,1,-1
20151324T0938,1,19,0,18,0,0,0,0,0,0,3,1,1,3,-1,-1,-1,-1,-1,-1,-1,-1
20151324T0938,2,11,0,18,0,0,0,0,0,0,3,1,1,1,44,7,7300,2,11,-1,1,-1
20151324T0956,1,9,0,3,0,8,0,0,0,0,2,1,2,2,41,7,1242,1,5,-1,3,-1
20151324T0956,2,9,0,18,0,8,0,0,0,0,1,1,6,1,31,6,1998,2,7,-1,1,-1
20151324T1020,1,9,0,7,0,1,0,0,0,0,4,1,6,1,29,6,-1,-1,-1,-1,-1,-1
20151324T1020,2,1,0,18,0,1,0,0,0,0,0,1,6,1,24,5,-1,-1,-1,-1,-1,-1
20151324T1198,1,9,0,9,0,8,0,0,0,0,4,1,6,3,-1,-1,1598,1,10,-1,-1,-1
20151324T1198,2,1,0,18,0,8,0,0,0,0,1,1,6,1,41,7,-1,-1,-1,-1,1,-1
20151324T1259,1,9,0,18,0,8,0,0,0,0,1,1,6,2,28,6,998,1,-1,-1,1,-1
20151324T1259,2,9,0,9,0,8,0,0,0,0,4,1,6,2,36,7,1596,1,14,-1,1,-1
20151324T1575,1,9,0,18,0,8,0,0,1,11,1,1,6,1,24,5,1796,1,11,-1,-1,-1
20151324T1575,2,9,0,9,0,8,0,0,0,0,1,1,6,1,34,6,1999,1,8,-1,-1,-1
20151324U0124,1,9,0,11,0,0,1,0,2,6,2,1,2,1,35,6,1242,1,10,-1,1,-1
20151324U0124,2,9,0,18,0,0,0,0,0,0,1,1,6,1,43,7,-1,-1,-1,-1,1,-1
20151324U0124,3,9,0,18,0,0,0,0,0,0,1,1,6,1,51,8,2268,2,1,-1,1,-1
20151324U0124,4,9,0,18,0,0,0,0,0,0,1,1,6,1,47,8,1956,2,1,-1,3,-1
20151324U0175,1,21,0,9,0,2,0,0,0,0,3,1,1,1,50,8,7790,2,1,-1,1,-1
20151324U0175,2,9,0,18,0,2,0,0,0,0,1,1,2,2,37,7,1587,1,9,-1,2,-1
20151324U0254,1,3,0,5,0,4,5,0,0,0,2,1,6,1,26,6,125,1,1,-1,-1,-1
20151324U0254,2,9,0,5,0,4,0,0,0,0,1,1,6,1,45,7,2993,2,-1,-1,-1,-1
20151324U0279,1,9,0,9,0,1,0,0,0,0,2,1,6,2,29,6,998,1,13,-1,1,-1
20151324U0279,2,1,0,18,0,1,1,0,0,0,1,1,6,1,23,5,-1,-1,-1,-1,1,-1
20151324U0279,3,19,0,4,0,1,0,0,0,0,3,1,6,1,56,9,1998,2,13,-1,1,-1
20151324U0332,1,9,0,18,0,0,0,0,0,0,1,1,6,1,20,4,2400,2,6,-1,1,-1
20151324U0332,2,1,0,18,0,0,1,0,0,0,1,1,6,1,19,4,-1,-1,-1,-1,-1,-1
20151324U0430,1,8,0,18,0,0,0,0,0,0,1,1,1,1,-1,-1,-1,-1,-1,-1,-1,-1
20151324U0478,1,19,0,18,0,0,0,0,0,0,3,1,1,1,61,9,1968,2,5,-1,1,-1
20151324U0478,2,19,0,18,0,0,0,0,0,0,3,1,1,1,27,6,1560,2,3,-1,1,-1
20151324U0559,1,9,0,4,9,0,0,0,1,11,1,1,6,2,81,11,1360,1,12,-1,1,-1
20151324U0781,1,9,0,18,0,1,0,0,0,0,1,1,2,2,23,5,1242,1,5,-1,-1,-1
20151324U1072,1,9,0,4,0,0,0,0,0,0,1,1,6,1,34,6,1870,2,11,-1,1,-1
20151324U1072,2,9,0,4,0,0,0,0,0,0,2,1,6,2,27,6,1597,2,-1,-1,1,-1
20151324U1138,1,9,0,8,0,1,0,0,0,0,2,1,6,2,39,7,1198,1,4,-1,1,-1
20151324U1138,2,9,0,18,0,1,0,0,0,0,2,1,6,2,27,6,1242,1,2,-1,1,-1
20151324U1138,3,9,0,18,0,1,0,0,0,0,1,1,6,1,-1,-1,-1,-1,-1,-1,-1,-1
20151324U1189,1,9,0,7,0,5,0,0,0,0,4,1,2,1,39,7,998,1,1,-1,-1,-1
20151324U1189,2,1,0,18,4,8,0,0,0,0,1,1,6,1,50,8,-1,-1,-1,-1,-1,-1
20151324U1280,1,9,0,18,0,0,0,0,0,0,1,1,6,3,-1,-1,1896,2,10,-1,-1,-1
20151324U1280,2,9,0,3,0,0,0,0,0,0,2,1,6,1,23,5,1364,1,7,-1,1,-1
20151324U1606,1,9,0,1,0,0,0,0,0,0,2,1,2,1,29,6,1598,1,9,-1,1,-1
2015132510045,1,9,0,16,0,0,5,0,8,11,3,1,6,1,23,5,2143,2,1,-1,3,-1
2015132510160,1,9,0,18,0,0,0,0,0,0,1,1,1,1,53,8,1399,2,10,-1,1,-1
2015132510160,2,9,0,18,0,0,0,0,0,0,1,1,1,1,47,8,1995,2,7,-1,1,-1
2015132510183,1,9,0,9,0,6,0,0,0,0,4,1,2,1,20,4,1229,1,9,-1,-1,-1
2015132510183,2,9,0,18,0,1,0,0,0,0,1,1,2,1,31,6,998,1,5,-1,1,-1
2015132510187,1,9,0,11,0,0,1,0,0,0,4,1,6,1,57,9,1984,1,8,-1,1,-1
2015132510187,2,21,0,18,0,0,0,0,0,0,3,1,1,1,26,6,11021,2,10,-1,1,-1
2015132510375,1,9,0,1,0,6,0,0,0,0,2,1,6,1,82,11,998,1,9,-1,-1,-1
2015132510375,2,9,0,18,0,8,0,0,0,0,4,1,1,2,29,6,1390,1,14,-1,1,-1
2015132510452,1,9,0,5,0,0,0,0,0,0,3,1,6,1,87,11,1396,1,3,-1,1,-1
2015132510452,2,9,0,18,0,0,0,0,1,0,3,1,6,2,52,8,1299,1,14,-1,1,-1
2015132510478,1,9,0,4,0,1,0,0,0,0,1,1,6,1,38,7,1968,2,3,-1,1,-1
2015132510478,2,9,0,3,0,8,0,0,0,0,2,1,6,2,42,7,1598,1,9,-1,1,-1
2015132510478,3,9,0,3,0,8,0,0,0,0,2,1,6,2,56,9,1242,1,2,-1,1,-1
2015132510478,4,9,0,3,0,8,0,0,0,0,2,1,6,2,27,6,1390,1,13,-1,1,-1
2015132510478,5,9,0,3,0,8,0,0,0,0,2,1,6,2,44,7,1360,1,5,-1,1,-1
2015132510501,1,9,0,9,0,6,0,0,1,0,3,1,6,1,80,11,2663,2,20,-1,-1,-1
2015132510501,2,9,0,18,0,8,0,0,0,0,1,1,6,1,69,10,2179,2,2,-1,-1,-1
2015132510553,1,9,0,7,0,6,0,0,0,0,2,1,6,1,55,8,-1,-1,-1,-1,1,-1
2015132510553,2,11,0,18,0,8,0,0,0,0,1,1,1,1,56,9,4500,2,6,-1,1,-1
2015132510724,1,9,0,18,0,8,0,0,0,0,3,1,6,1,21,5,1598,1,12,-1,-1,-1
2015132510724,2,3,0,9,0,5,0,0,0,0,1,1,6,1,18,4,124,1,6,-1,-1,-1
2015132510795,1,10,0,9,0,6,0,0,0,0,3,1,1,1,57,9,2400,2,13,-1,1,-1
2015132510795,2,1,0,18,0,8,0,0,0,0,1,1,6,1,25,5,-1,-1,-1,-1,1,-1
2015132510811,1,9,0,3,0,1,0,0,0,0,1,1,1,1,-1,-1,1560,2,7,-1,1,-1
2015132510811,2,9,0,3,0,1,0,0,0,0,2,1,1,2,38,7,998,1,1,-1,1,-1
2015132510814,1,9,0,17,0,0,0,0,0,0,1,1,6,1,70,10,996,1,6,-1,1,-1
2015132510814,2,9,0,18,0,0,0,0,0,0,1,1,6,2,44,7,1206,1,5,-1,3,-1
2015132510814,3,9,0,18,0,0,0,0,0,0,1,1,6,2,64,9,2993,2,2,-1,2,-1
2015132510824,1,9,0,18,0,0,0,0,4,6,4,1,6,1,54,8,2792,1,8,-1,-1,-1
2015132510824,2,9,0,12,0,0,0,0,0,0,3,1,6,1,43,7,1560,2,1,-1,-1,-1
2015132511164,1,9,0,18,0,8,0,0,0,0,4,1,6,3,-1,-1,1896,2,12,-1,-1,-1
2015132511164,2,1,0,18,0,8,0,0,0,0,3,1,2,1,49,8,-1,-1,-1,-1,-1,-1
2015132511253,1,9,0,17,0,0,0,0,0,0,1,1,6,1,27,6,2521,1,9,-1,1,-1
2015132511253,2,9,0,5,0,0,0,0,0,0,1,1,1,1,57,9,1598,1,3,-1,2,-1
2015132511253,3,9,0,2,0,0,0,0,0,0,3,1,6,1,46,8,1995,2,11,-1,1,-1
2015132511320,1,9,0,18,0,8,1,10,1,4,1,1,6,1,20,4,998,1,13,-1,1,-1
2015132511325,1,9,0,18,0,0,2,0,7,9,1,1,6,2,20,4,1229,1,5,-1,1,-1
2015132511452,1,11,0,18,0,0,0,0,0,0,0,1,1,1,41,7,6696,2,1,-1,1,-1
2015132520128,1,9,0,18,0,0,0,6,0,0,1,1,6,1,22,5,1560,2,3,-1,1,-1
2015132520250,1,9,0,11,0,0,0,0,0,0,1,1,6,2,24,5,1398,2,10,-1,2,-1
2015132520250,2,9,0,18,0,0,0,0,2,7,3,1,6,1,44,7,1998,2,10,-1,1,-1
2015132520561,1,9,0,5,0,0,0,0,0,0,1,1,6,2,53,8,2179,2,-1,-1,3,-1
2015132520572,1,9,0,6,0,0,0,0,0,0,3,1,1,1,60,9,1995,2,10,-1,1,-1
2015132520572,2,1,0,18,0,0,5,0,0,0,1,1,6,1,50,8,-1,-1,-1,-1,1,-1
2015132521015,1,9,0,3,0,0,0,0,0,0,2,1,6,1,52,8,1993,1,40,-1,1,-1
2015132521015,2,9,0,2,9,0,0,0,0,0,2,1,6,1,39,7,1686,2,11,-1,-1,-1
2015132521015,3,9,0,18,0,0,0,0,0,0,1,1,6,1,20,4,1598,1,13,-1,1,-1
2015132521249,1,9,0,17,0,0,2,0,1,9,4,1,6,2,32,6,1753,2,11,-1,3,-1
2015132521508,1,9,0,9,0,8,0,0,0,0,1,1,1,1,45,7,2982,2,-1,-1,1,-1
2015132530022,1,9,0,18,0,1,0,0,7,11,1,1,6,1,25,5,1229,1,3,-1,1,-1
2015132530101,1,9,0,18,0,0,0,0,1,2,1,1,6,3,-1,-1,2295,1,17,-1,-1,-1
2015132530335,1,9,0,18,0,0,0,0,0,0,4,1,6,1,60,9,2143,2,-1,-1,1,-1
2015132530335,2,19,0,18,0,0,0,0,0,0,3,1,6,1,30,6,2148,2,8,-1,1,-1
2015132530358,1,90,0,18,0,0,0,0,0,0,4,2,1,3,-1,-1,-1,-1,-1,-1,-1,-1
2015132530417,1,9,0,18,0,8,0,0,0,0,4,1,6,1,40,7,1686,2,5,-1,1,-1
2015132530417,2,9,0,10,0,8,0,0,0,0,1,1,6,1,74,10,2143,2,2,-1,3,-1
2015132530486,1,9,0,9,0,6,0,0,0,0,1,1,6,2,31,6,1868,2,14,-1,-1,-1
2015132530486,2,1,0,18,0,8,0,0,0,0,4,1,6,1,70,10,-1,-1,-1,-1,-1,-1
2015132530520,1,19,0,16,0,0,5,0,0,0,4,1,1,1,37,7,1870,2,9,-1,-1,-1
2015132530547,1,9,0,9,0,8,0,0,0,0,1,1,6,1,22,5,1229,1,7,-1,-1,-1
2015132530547,2,9,0,18,0,8,0,0,0,0,1,1,6,1,20,4,998,1,14,-1,-1,-1
2015132530591,1,9,0,3,0,8,0,0,0,0,2,1,6,1,29,6,2360,1,8,-1,1,-1
2015132530591,2,9,0,18,0,8,0,0,0,0,1,1,6,2,35,6,-1,-1,-1,-1,-1,-1
2015132530591,3,9,0,3,0,8,0,0,0,0,0,1,1,1,45,7,1248,2,1,-1,1,-1
2015132530643,1,9,0,9,0,6,0,0,0,0,1,1,6,1,28,6,1595,1,8,-1,1,-1
2015132530643,2,9,0,18,0,8,0,0,0,0,4,1,6,2,24,5,-1,-1,-1,-1,1,-1
2015132530734,1,9,0,18,0,0,0,0,0,0,1,1,2,2,41,7,1598,1,8,-1,1,-1
2015132530817,1,1,0,18,4,1,0,0,0,0,1,1,6,2,27,6,-1,-1,-1,-1,1,-1
2015132530817,2,9,0,7,0,1,0,0,0,0,4,1,6,3,-1,-1,-1,-1,-1,-1,-1,-1
2015132530831,1,9,0,18,0,0,0,0,0,0,4,1,6,2,36,7,1995,2,10,-1,1,-1
2015132530839,1,9,0,18,0,0,0,0,4,6,1,1,6,1,57,9,1396,1,-1,-1,1,-1
2015132531016,1,9,0,18,0,0,0,0,0,0,4,1,6,2,26,6,1198,1,4,-1,1,-1
2015132531079,1,3,0,18,0,0,0,0,0,0,3,1,6,1,32,6,125,1,-1,-1,1,-1
2015132531079,2,9,0,9,0,0,0,0,0,0,2,1,6,1,55,8,1984,1,7,-1,2,-1
2015132531479,1,9,0,9,0,4,0,0,7,10,1,1,6,1,24,5,1242,1,1,-1,1,-1
2015132531479,2,9,0,18,0,4,0,0,1,11,3,1,6,3,-1,-1,1910,2,10,-1,-1,-1
2015132533382,1,1,0,18,0,1,5,0,0,0,1,1,6,1,42,7,-1,-1,-1,-1,-1,-1
2015132533382,2,9,0,18,0,1,0,0,0,0,1,1,1,1,40,7,-1,-1,-1,-1,-1,-1
2015132540116,1,9,0,9,0,6,1,11,8,10,3,1,6,1,22,5,1984,1,8,-1,1,-1
2015132540116,2,8,0,18,0,8,0,0,0,0,1,1,1,1,42,7,1797,8,1,-1,1,-1
2015132540455,1,1,0,18,0,8,0,0,0,0,3,1,6,1,59,9,-1,-1,-1,-1,2,-1
2015132540455,2,9,0,9,0,5,0,0,0,0,1,1,6,2,20,4,1200,1,12,-1,1,-1
2015132540536,1,9,0,8,0,6,0,0,0,0,0,1,6,2,37,7,1586,1,9,-1,1,-1
2015132540536,2,1,0,18,0,1,0,0,0,0,0,1,6,2,50,8,-1,-1,-1,-1,1,-1
2015132540603,1,9,0,18,0,2,0,0,0,0,1,1,6,1,64,9,1527,2,18,-1,1,-1
2015132540603,2,9,0,4,0,2,0,0,0,0,2,1,6,2,22,5,1197,1,2,-1,-1,-1
2015132540779,1,9,0,18,0,0,0,0,0,0,4,1,6,1,-1,-1,1560,2,2,-1,1,-1
2015132540782,1,5,0,18,0,0,0,0,0,0,1,1,6,1,55,8,-1,-1,-1,-1,1,-1
2015132540782,2,9,0,3,0,0,0,0,0,0,2,1,6,1,57,9,1596,1,9,-1,2,-1
2015132540864,1,9,0,18,9,0,0,0,0,0,4,1,6,3,-1,-1,-1,-1,-1,-1,-1,-1
2015132540998,1,9,0,18,0,2,0,0,0,0,4,1,6,1,28,6,1781,1,14,-1,1,-1
2015132541196,1,9,0,18,0,0,0,0,0,0,4,1,6,1,78,11,1198,1,11,-1,2,-1
2015132541206,1,1,0,18,0,0,0,0,1,11,1,1,6,1,40,7,-1,-1,-1,-1,1,-1
2015132541206,2,9,0,18,0,0,0,0,0,0,0,1,6,3,-1,-1,-1,-1,-1,-1,-1,-1
2015132541263,1,9,0,18,0,0,0,0,0,0,1,1,6,2,-1,-1,-1,-1,-1,-1,-1,-1
2015132541483,1,9,0,18,0,0,0,0,0,0,3,1,6,1,35,6,1329,1,6,-1,1,-1
2015132541576,1,9,0,9,0,1,0,0,0,0,4,1,6,1,28,6,4163,2,6,-1,1,-1
2015132541576,2,5,0,18,0,8,0,0,0,0,1,1,6,1,38,7,748,1,26,-1,1,-1
2015132541629,1,2,0,18,0,0,0,0,0,0,4,1,6,1,17,4,49,1,1,-1,1,-1
2015132550074,1,8,0,18,0,0,0,0,0,0,1,1,1,1,33,6,1995,2,8,-1,1,-1
2015132550077,1,9,0,2,0,0,0,0,0,0,0,1,6,1,22,5,1598,2,2,-1,1,-1
2015132550077,2,9,0,4,0,0,0,0,0,0,4,1,1,1,40,7,2993,2,3,-1,1,-1
2015132550265,1,9,0,9,0,6,0,0,0,0,1,1,2,1,32,6,1388,1,12,-1,1,-1
2015132550265,2,3,0,18,0,8,0,0,0,0,4,1,2,2,21,5,125,1,3,-1,1,-1
2015132550406,1,9,0,4,0,0,0,0,0,0,2,1,6,2,19,4,-1,-1,-1,-1,1,-1
2015132550406,2,9,0,11,0,0,0,0,0,0,1,1,6,2,34,6,1598,1,3,-1,1,-1
2015132550406,3,9,0,18,0,0,0,0,0,0,1,1,6,2,41,7,1798,8,-1,-1,-1,-1
2015132550632,1,9,0,7,0,1,0,0,0,0,3,1,6,2,-1,-1,-1,-1,-1,-1,-1,-1
2015132550632,2,1,0,18,0,1,0,0,0,0,1,1,6,1,49,8,-1,-1,-1,-1,1,-1
2015132550787,1,9,0,18,0,0,5,0,0,0,0,1,6,2,29,6,1149,1,12,-1,1,-1
2015132551157,1,9,0,18,0,0,0,0,0,0,1,1,2,1,25,5,1242,1,8,-1,1,-1
2015132551210,1,21,1,18,0,1,0,0,0,0,1,1,1,1,26,6,12809,2,1,-1,3,-1
2015132551210,2,9,0,18,0,1,0,0,0,0,2,1,1,2,26,6,1198,1,8,-1,1,-1
2015132551210,3,9,0,18,0,1,0,0,0,0,2,1,1,2,34,6,1995,2,1,-1,1,-1
2015132551278,1,9,0,18,0,0,0,0,4,0,1,1,6,1,56,9,-1,-1,-1,-1,-1,-1
2015132551278,2,9,0,4,0,0,0,0,0,0,2,1,6,1,41,7,1499,2,1,-1,-1,-1