Accident_Index,Vehicle_Reference,Vehicle_Type,Towing_and_Articulation,Vehicle_Manoeuvre,Vehicle_Location-Restricted_Lane,Junction_Location,Skidding_and_Overturning,Hit_Object_in_Carriageway,Vehicle_Leaving_Carriageway,Hit_Object_off_Carriageway,1st_Point_of_Impact,Was_Vehicle_Left_Hand_Drive?,Journey_Purpose_of_Driver,Sex_of_Driver,Age_of_Driver,Age_Band_of_Driver,Engine_Capacity_(CC),Propulsion_Code,Age_of_Vehicle,Driver_IMD_Decile,Driver_Home_Area_Type,Vehicle_IMD_Decile
2015132551283,1,3,0,9,9,0,0,0,0,0,1,1,6,2,-1,-1,125,1,7,-1,-1,-1
2015132551283,2,9,0,18,9,0,0,0,0,0,3,1,6,3,57,9,1796,1,8,-1,1,-1
2015132551323,1,9,0,18,0,8,0,0,0,0,1,1,6,1,62,9,1794,1,12,-1,3,-1
2015132551323,2,9,0,10,0,8,0,0,0,0,2,1,2,2,40,7,1390,1,3,-1,1,-1
2015132551468,1,9,0,18,0,0,0,0,0,0,1,1,6,1,53,8,1598,1,13,-1,1,-1
2015132560145,1,9,0,5,0,0,0,0,0,0,1,1,2,1,25,5,1299,1,15,-1,1,-1
2015132560145,2,3,0,16,0,0,0,0,7,2,4,1,2,1,25,5,125,1,7,-1,1,-1
2015132560221,1,19,0,3,0,0,0,0,0,0,2,1,1,1,42,7,1248,2,1,-1,1,-1
2015132560221,2,9,0,3,0,0,0,0,0,0,1,1,6,1,54,8,1560,2,3,-1,3,-1
2015132560221,3,9,0,3,0,0,0,0,0,0,1,1,6,1,42,7,1598,1,14,-1,2,-1
2015132560221,4,19,0,3,0,0,0,0,0,0,1,1,1,1,55,8,2198,2,1,-1,1,-1
2015132560221,5,21,0,4,0,0,0,0,0,0,1,1,1,1,36,7,11021,2,10,-1,1,-1
2015132560229,1,9,0,18,0,0,0,0,0,0,1,1,6,2,41,7,1796,1,10,-1,1,-1
2015132560367,1,9,0,18,0,0,0,4,0,0,1,1,6,1,45,7,1618,1,2,-1,1,-1
2015132560367,2,9,0,2,9,0,0,0,1,11,1,1,6,3,-1,-1,1968,2,-1,-1,-1,-1
2015132560467,1,9,0,1,0,0,0,0,0,0,2,1,6,1,65,9,1596,1,7,-1,1,-1
2015132560685,1,9,0,18,0,0,5,0,0,0,1,1,6,2,41,7,1198,1,11,-1,1,-1
2015132560685,2,9,0,2,0,0,0,0,0,0,2,1,6,2,-1,-1,1399,2,10,-1,-1,-1
2015132560719,1,9,0,3,0,1,0,0,0,0,2,1,6,2,34,6,1968,2,7,-1,1,-1
2015132560719,2,9,0,3,0,1,0,0,0,0,2,1,6,2,27,6,1242,1,6,-1,1,-1
2015132560719,3,9,0,18,0,1,0,0,0,0,1,1,6,1,36,7,1956,2,6,-1,1,-1
2015132560781,1,9,0,9,0,8,0,0,0,0,3,1,6,1,40,7,2188,2,11,-1,1,-1
2015132560781,2,9,0,18,0,8,0,0,0,0,4,1,6,2,56,9,998,1,7,-1,1,-1
2015132561039,1,9,0,3,0,1,0,0,0,0,2,1,6,2,50,8,1124,1,20,-1,1,-1
2015132561039,2,9,0,5,0,1,0,0,0,0,1,1,6,1,46,8,1973,1,15,-1,-1,-1
2015132561091,1,9,0,18,0,0,0,0,0,0,2,1,6,1,45,7,1587,1,9,-1,1,-1
2015132561091,2,9,0,18,0,0,0,0,0,0,1,1,6,3,-1,-1,-1,-1,-1,-1,-1,-1
2015132561097,1,9,0,6,0,0,0,0,0,0,3,1,6,1,48,8,1598,1,8,-1,1,-1
2015132561097,2,9,0,18,0,0,0,0,0,0,4,1,6,2,38,7,1997,2,11,-1,-1,-1
2015132561154,1,9,0,18,0,8,0,0,0,0,1,1,6,1,24,5,1560,2,-1,-1,-1,-1
2015132561154,2,9,0,10,0,8,0,0,0,0,3,1,6,2,56,9,-1,-1,-1,-1,-1,-1
2015132561154,3,9,0,10,0,8,0,0,1,11,1,1,6,1,19,4,1198,1,6,-1,-1,-1
2015132561192,1,9,0,18,0,8,0,0,0,0,1,1,6,1,23,5,1686,2,12,-1,1,-1
2015132561225,1,9,0,9,0,1,0,0,0,0,4,1,2,2,55,8,1360,1,9,-1,1,-1
2015132561225,2,1,0,18,0,1,0,0,0,0,1,1,6,1,30,6,-1,-1,-1,-1,1,-1
2015132561491,1,9,0,18,0,1,0,0,0,0,1,1,6,2,30,6,1299,1,14,-1,1,-1
2015132570046,1,9,0,18,0,1,1,0,0,0,1,1,6,1,20,4,1124,1,10,-1,3,-1
2015132570046,2,3,0,18,0,1,0,0,0,0,2,1,6,1,19,4,124,1,2,-1,1,-1
2015132570328,1,9,0,6,0,0,0,0,0,0,3,1,2,1,53,8,1560,2,5,-1,1,-1
2015132570328,2,3,0,18,0,0,0,0,0,0,1,1,6,1,31,6,-1,-1,-1,-1,1,-1
2015132570615,1,9,0,3,0,1,0,0,0,0,3,1,6,2,41,7,1598,1,9,-1,1,-1
2015132570615,2,9,0,9,0,6,0,0,0,0,1,1,6,2,-1,-1,1995,2,10,-1,1,-1
2015132570638,1,3,0,18,0,0,0,0,0,0,1,1,6,1,23,5,125,1,2,-1,1,-1
2015132570638,2,11,0,18,0,0,0,0,0,0,1,1,6,1,45,7,4250,2,8,-1,1,-1
2015132570788,1,9,0,1,0,8,0,0,0,0,2,1,6,1,81,11,1995,2,1,-1,2,-1
2015132570803,1,9,0,9,0,0,0,0,0,0,4,1,6,1,43,7,2696,2,6,-1,1,-1
2015132570803,2,1,0,18,0,0,0,0,0,0,1,1,6,1,70,10,-1,-1,-1,-1,1,-1
2015132570807,1,90,0,18,9,0,0,0,0,0,1,1,6,1,-1,-1,-1,-1,-1,-1,-1,-1
2015132571116,1,19,0,7,0,8,0,0,0,0,4,1,2,1,41,7,2198,2,2,-1,1,-1
2015132571116,2,1,0,18,4,8,5,7,0,0,1,1,2,1,39,7,-1,-1,-1,-1,1,-1
2015132571193,1,9,0,18,0,1,0,0,7,11,1,1,6,1,34,6,1781,1,17,-1,-1,-1
2015132571193,2,9,0,18,0,1,0,0,0,0,4,1,6,1,34,6,1896,2,8,-1,-1,-1
2015132571193,3,9,0,2,0,2,0,0,0,0,1,1,6,1,62,9,1968,2,5,-1,-1,-1
2015132571680,1,19,0,5,0,8,0,0,0,0,1,1,6,1,38,7,1995,2,7,-1,1,-1
2015132571680,2,9,0,5,0,8,0,0,0,0,2,1,6,2,20,4,1198,1,5,-1,1,-1
2015132580024,1,9,0,18,0,2,1,0,2,11,1,1,6,2,56,9,999,1,1,-1,3,-1
2015132580200,1,9,0,13,0,0,0,0,0,0,1,1,2,1,28,6,1988,1,11,-1,1,-1
2015132580200,2,9,0,18,0,0,0,0,0,0,1,1,6,2,32,6,1997,2,12,-1,1,-1
2015132580218,1,9,0,18,0,0,2,0,2,0,4,1,6,2,41,7,1242,1,4,-1,-1,-1
2015132580388,1,9,0,9,0,6,0,0,0,0,3,1,6,2,42,7,-1,-1,-1,-1,1,-1
2015132580388,2,1,0,18,0,8,0,0,0,0,1,1,6,1,37,7,-1,-1,-1,-1,1,-1
2015132580888,1,9,0,18,0,0,0,0,0,0,1,1,6,1,25,5,1422,2,11,-1,1,-1
2015132581039,1,11,0,18,0,0,0,0,0,0,0,1,6,1,52,8,-1,-1,-1,-1,1,-1
2015132581082,1,9,0,5,0,1,0,0,0,0,2,1,6,2,24,5,1242,1,3,-1,1,-1
2015132581082,2,9,0,5,0,1,0,0,0,0,1,1,6,1,-1,-1,2000,1,5,-1,1,-1
2015132581118,1,9,0,18,0,0,0,0,0,0,1,1,6,1,45,7,1700,2,11,-1,1,-1
2015132581135,1,9,0,18,0,0,0,0,0,0,1,1,6,1,53,8,1596,1,2,-1,2,-1
2015132581478,1,9,0,9,0,1,0,0,0,0,1,1,6,1,21,5,1229,1,7,-1,1,-1
2015132581478,2,1,0,18,0,1,0,0,0,0,1,1,6,2,25,5,-1,-1,-1,-1,1,-1
2015132581478,3,9,0,9,0,2,0,0,0,0,0,1,6,3,-1,-1,-1,-1,-1,-1,-1,-1
2015132581503,1,9,0,18,0,6,1,0,0,0,1,1,1,1,41,7,1339,1,13,-1,1,-1
2015132581503,2,9,0,18,0,8,1,0,0,0,3,1,6,1,30,6,1997,2,11,-1,1,-1
2015132590190,1,9,0,18,0,0,1,0,1,11,4,1,6,1,26,6,1994,1,17,-1,2,-1
2015132590190,2,9,0,18,0,0,0,0,0,0,0,1,1,1,35,6,2993,2,2,-1,1,-1
2015132590190,3,9,0,2,0,0,0,0,0,0,3,1,6,2,36,7,1390,1,12,-1,-1,-1
2015132590190,4,9,0,2,0,0,1,0,1,11,2,1,6,1,51,8,1999,1,10,-1,-1,-1
2015132590190,5,9,0,2,0,0,1,0,1,0,2,1,6,2,-1,-1,1360,1,9,-1,-1,-1
2015132590190,6,9,0,2,0,0,0,0,0,0,2,1,6,1,28,6,1199,1,12,-1,-1,-1
2015132590299,1,9,0,6,0,0,0,0,0,0,3,1,6,1,19,4,1242,1,10,-1,1,-1
2015132590299,2,9,0,18,0,0,0,0,0,0,4,1,6,1,32,6,1598,2,-1,-1,1,-1
2015132590525,1,9,0,5,0,8,0,0,0,0,3,1,1,1,72,10,998,1,3,-1,1,-1
2015132590525,2,9,0,18,0,8,0,0,0,0,4,1,1,2,20,4,1368,1,9,-1,1,-1
2015132590546,1,9,0,1,9,1,0,0,0,0,2,1,6,1,50,8,1598,1,12,-1,1,-1
2015132590546,2,9,0,2,9,1,0,0,0,0,1,1,6,2,29,6,1997,2,6,-1,2,-1
2015132590649,1,9,0,9,0,8,0,0,0,0,3,1,6,2,70,10,1590,1,22,-1,1,-1
2015132590649,2,9,0,18,0,8,0,0,0,0,1,1,6,1,28,6,1896,2,16,-1,1,-1
2015132590787,1,2,0,7,0,5,2,0,0,0,4,1,6,1,15,3,-1,-1,-1,-1,1,-1
2015132590787,2,9,0,18,0,1,0,0,0,0,0,1,1,1,40,7,2993,2,2,-1,1,-1
2015132590845,1,9,0,18,0,1,0,0,4,0,1,1,6,1,25,5,1984,1,5,-1,3,-1
2015132590845,2,9,0,18,0,1,0,0,1,0,2,1,6,1,53,8,998,1,-1,-1,2,-1
2015132590845,3,9,0,18,0,1,0,0,0,0,2,1,6,2,31,6,1339,1,4,-1,1,-1
2015132590972,1,9,0,18,0,0,0,0,0,0,4,1,6,1,46,8,1997,2,1,-1,1,-1
2015132591085,1,1,0,3,0,1,0,0,0,0,3,1,6,1,24,5,-1,-1,-1,-1,1,-1
2015132591085,2,9,0,5,0,6,0,0,0,0,1,1,6,1,57,9,1896,2,5,-1,1,-1
2015132591101,1,9,0,18,7,0,0,0,0,0,1,1,6,1,57,9,1461,2,6,-1,1,-1
2015132591165,1,9,0,1,0,1,0,0,0,0,2,1,6,1,24,5,1242,1,11,-1,1,-1
2015132591165,2,9,0,3,0,1,0,0,0,0,1,1,6,1,46,8,1956,2,-1,-1,1,-1
2015132591313,1,9,0,1,0,1,0,0,0,0,2,1,6,2,27,6,1896,2,8,-1,1,-1
2015132591313,2,9,0,3,0,1,0,0,0,0,1,1,6,1,37,7,1598,1,12,-1,1,-1
2015132591384,1,9,0,4,0,1,0,0,0,0,1,1,6,2,27,6,1598,2,3,-1,1,-1
2015132591384,2,8,0,4,0,1,0,0,0,0,2,1,1,1,34,6,1596,1,13,-1,1,-1
2015132591722,1,9,0,7,0,6,0,0,0,0,1,1,6,1,47,8,1198,1,4,-1,1,-1
2015132591722,2,1,0,18,0,1,0,0,0,0,1,1,6,1,43,7,-1,-1,-1,-1,1,-1
2015132591746,1,9,0,9,0,8,0,0,0,0,1,1,6,1,44,7,1497,1,14,-1,1,-1
2015132591746,2,1,0,18,0,8,0,0,0,0,1,1,6,1,16,4,-1,-1,-1,-1,1,-1
20151325A0047,1,9,0,16,0,3,5,0,5,6,3,1,6,1,33,6,2261,1,6,-1,1,-1
20151325A0497,1,9,0,18,0,1,0,0,0,0,1,1,6,1,23,5,1124,1,15,-1,1,-1
20151325A0497,2,9,0,4,0,1,0,0,0,0,2,1,6,1,-1,-1,-1,-1,-1,-1,-1,-1
20151325A0583,1,9,0,5,0,1,0,0,0,0,1,1,6,1,-1,-1,1968,2,3,-1,-1,-1
20151325A0583,2,9,0,3,0,1,0,0,0,0,2,1,6,2,60,9,1998,7,8,-1,2,-1
20151325A0748,1,9,0,18,0,0,0,0,0,0,1,1,6,2,31,6,1199,1,12,-1,1,-1
20151325A0756,1,9,0,18,0,0,0,0,0,0,3,1,6,2,23,5,1896,2,8,-1,1,-1
20151325A0852,1,9,0,9,0,6,0,0,0,0,1,1,6,1,19,4,1242,1,3,-1,1,-1
20151325A0852,2,9,0,18,0,8,0,0,0,0,4,1,6,2,39,7,1598,1,2,-1,1,-1
20151325A0907,1,9,4,15,0,0,0,0,0,0,2,1,6,1,40,7,2497,2,20,-1,3,-1
20151325A0907,2,1,0,18,0,0,0,0,0,0,2,1,6,1,48,8,-1,-1,-1,-1,3,-1
20151325A1092,1,9,0,18,0,6,0,0,3,1,4,1,6,1,57,9,1995,2,9,-1,-1,-1
20151325A1092,2,9,0,18,0,1,0,0,0,0,1,1,6,1,54,8,-1,-1,-1,-1,1,-1
20151325B0257,1,9,0,9,0,8,0,0,0,0,1,1,6,1,23,5,1399,1,6,-1,1,-1
20151325B0257,2,9,0,18,0,1,0,0,1,0,1,1,6,2,23,5,1328,1,8,-1,1,-1
20151325B0257,3,9,0,9,0,1,0,0,0,0,0,1,6,1,66,10,1998,2,9,-1,-1,-1
20151325B0300,1,9,0,4,0,8,0,0,0,0,0,1,3,1,35,6,-1,-1,-1,-1,1,-1
20151325B0300,2,9,0,18,0,8,0,0,0,0,1,1,3,2,23,5,1240,1,10,-1,1,-1
20151325B0309,1,1,0,14,0,0,0,0,0,0,4,1,1,1,16,4,-1,-1,-1,-1,1,-1
20151325B0309,2,9,0,14,0,0,0,0,0,0,4,1,1,2,-1,-1,1598,2,4,-1,2,-1
20151325B0309,3,9,0,2,0,0,0,0,0,0,3,1,6,1,39,7,1399,1,12,-1,1,-1
20151325B0414,1,9,0,18,0,8,0,0,0,0,4,1,6,1,67,10,1368,1,5,-1,1,-1
20151325B0719,1,9,0,9,0,6,0,0,0,0,1,1,1,1,59,9,1461,2,2,-1,1,-1
20151325B0719,2,9,0,9,0,5,0,0,0,0,3,1,6,1,55,8,1956,2,-1,-1,1,-1
20151325B0867,1,90,0,18,0,0,0,0,0,0,0,1,6,3,-1,-1,-1,-1,-1,-1,-1,-1
20151325B0950,1,9,0,9,0,8,0,0,0,0,3,1,6,2,21,5,1242,1,2,-1,1,-1
20151325B0950,2,5,0,18,0,8,0,0,0,0,1,1,1,1,30,6,124,1,1,-1,2,-1
20151325B0983,1,9,0,7,0,6,0,0,0,0,1,1,6,2,32,6,1388,1,12,-1,2,-1
20151325B0983,2,9,0,18,0,1,0,0,0,0,4,1,6,2,34,6,1596,1,10,-1,1,-1
20151325B1156,1,9,0,3,0,1,0,0,0,0,1,1,2,1,31,6,1400,1,8,-1,1,-1
20151325B1156,2,3,0,3,0,1,0,0,0,0,2,1,2,1,55,8,125,1,1,-1,1,-1
20151325B1198,1,9,0,5,0,0,0,0,0,0,4,1,6,2,47,8,2497,2,10,-1,1,-1
20151325B1322,1,9,0,4,0,0,0,0,0,0,0,1,1,2,25,5,2793,1,17,-1,2,-1
20151325B1322,2,9,0,4,0,0,0,0,0,0,1,1,1,2,39,7,1560,2,1,-1,1,-1
20151325B1322,3,9,0,4,0,0,0,0,0,0,1,1,1,1,25,5,1560,2,1,-1,1,-1
20151325B1478,1,8,0,18,6,0,0,0,0,0,4,1,6,1,44,7,1896,2,7,-1,1,-1
20151325B1859,1,2,0,13,0,8,0,0,7,11,1,1,6,1,21,5,124,1,1,-1,1,-1
20151325B1859,2,9,0,9,0,5,0,0,0,0,3,1,6,1,33,6,1360,1,8,-1,2,-1
20151325C0139,1,9,0,18,0,0,0,4,0,0,1,1,2,1,50,8,1598,1,9,-1,1,-1
20151325C0139,2,9,0,2,0,0,0,4,0,0,2,1,6,3,-1,-1,1896,2,8,-1,1,-1
20151325C0139,3,9,0,2,0,0,0,0,0,0,2,1,6,3,-1,-1,-1,-1,-1,-1,1,-1
20151325C0158,1,19,0,18,0,0,0,0,0,0,4,1,2,1,65,9,1997,2,10,-1,1,-1
20151325C0158,2,1,0,18,0,0,0,0,0,0,3,1,2,1,18,4,-1,-1,-1,-1,1,-1
20151325C0176,1,9,0,9,0,8,0,0,0,0,0,1,6,3,-1,-1,-1,-1,-1,-1,-1,-1
20151325C0176,2,9,0,18,0,8,0,0,0,0,0,1,6,1,33,6,1798,1,11,-1,3,-1
20151325C0176,3,19,0,18,0,8,0,0,0,0,1,1,6,1,19,4,1753,2,3,-1,2,-1
20151325C0176,4,9,0,18,0,8,0,0,0,0,1,1,6,1,45,7,1968,2,4,-1,3,-1
20151325C0176,5,9,0,18,0,8,0,0,0,0,1,1,6,1,40,7,-1,-1,-1,-1,-1,-1
20151325C0193,1,5,0,18,0,1,0,0,0,0,1,1,2,1,25,5,805,1,11,-1,1,-1
20151325C0193,2,9,0,9,0,1,0,0,0,0,3,1,2,2,51,8,999,1,1,-1,1,-1
20151325C0213,1,9,0,9,0,4,0,0,0,0,1,1,2,2,26,6,2231,2,1,-1,1,-1
20151325C0213,2,1,0,9,0,8,0,0,0,0,4,1,2,1,41,7,-1,-1,-1,-1,1,-1
20151325C0232,1,9,0,9,0,8,0,0,0,0,1,1,2,2,23,5,1242,1,5,-1,1,-1
20151325C0232,2,5,0,18,0,8,0,0,0,0,1,1,2,1,65,9,1649,1,-1,-1,1,-1
20151325C0241,1,9,0,18,0,0,0,0,0,0,3,1,6,2,25,5,1360,1,14,-1,1,-1
20151325C0289,1,11,0,18,0,3,0,0,0,0,0,1,1,1,23,5,7300,2,7,-1,-1,-1
20151325C0289,2,9,0,18,0,3,0,0,0,0,0,1,6,3,-1,-1,-1,-1,-1,-1,-1,-1
20151325C0744,1,9,0,5,0,8,0,0,0,0,2,1,1,1,27,6,1248,2,8,-1,1,-1
20151325C0744,2,9,0,5,0,8,0,0,0,0,1,1,1,1,35,6,1995,2,8,-1,1,-1
20151325C0876,1,17,0,18,0,0,1,0,0,0,1,1,1,1,34,6,4400,2,-1,-1,1,-1
20151325C0941,1,3,0,3,0,1,5,0,0,0,2,1,2,1,39,7,124,1,12,-1,1,-1
20151325C0941,2,9,0,18,0,1,0,0,0,0,1,1,6,2,45,7,1956,2,4,-1,1,-1
20151325C1018,1,9,0,18,0,1,0,0,0,0,1,1,6,2,39,7,1598,1,3,-1,1,-1
20151325C1018,2,5,0,18,0,1,0,0,0,0,2,1,6,1,26,6,690,1,1,-1,1,-1
20151325C1037,1,9,0,9,0,1,1,0,0,0,1,1,6,1,27,6,1398,2,11,-1,1,-1
20151325C1037,2,9,0,18,0,1,1,0,0,0,1,1,6,2,66,10,1598,1,9,-1,1,-1
20151325C1054,1,9,0,9,0,0,0,0,0,0,1,1,6,1,83,11,1560,2,7,-1,1,-1
20151325C1099,1,9,0,1,0,0,0,0,0,0,2,1,6,1,38,7,1905,2,18,-1,1,-1
20151325C1135,1,9,0,18,0,6,0,0,0,0,1,1,6,2,49,8,1796,1,7,-1,1,-1
20151325C1135,2,3,0,18,0,1,0,0,0,0,0,1,6,1,21,5,125,1,5,-1,1,-1
20151325C1146,1,9,0,18,0,8,0,0,0,0,2,1,2,2,43,7,-1,-1,-1,-1,1,-1
20151325C1146,2,9,0,18,0,8,0,0,0,0,1,1,6,3,-1,-1,1391,1,15,-1,-1,-1
20151325C1211,1,9,0,9,0,8,0,0,0,0,1,1,6,2,63,9,1560,2,9,-1,1,-1
20151325C1211,2,5,0,18,0,1,0,0,0,0,1,1,6,1,47,8,600,1,15,-1,1,-1
20151325C1281,1,9,0,5,0,0,0,0,0,0,3,1,6,3,-1,-1,1796,1,13,-1,-1,-1
20151325C1281,2,9,0,18,0,0,0,0,0,0,1,1,6,1,44,7,796,1,15,-1,1,-1
20151325C1424,1,9,0,9,0,6,0,0,0,0,0,1,6,1,48,8,2698,2,5,-1,1,-1
20151325C1424,2,9,0,18,0,1,0,0,2,7,1,1,6,2,27,6,1968,2,5,-1,1,-1
20151325D0183,1,9,0,9,0,4,0,0,0,0,1,1,2,1,36,7,1396,1,17,-1,1,-1
20151325D0183,2,1,0,18,0,8,0,0,0,0,2,1,2,1,29,6,-1,-1,-1,-1,1,-1
20151325D0189,1,5,0,18,0,0,0,0,0,0,0,1,6,1,46,8,865,1,-1,-1,1,-1
20151325D0214,1,9,0,9,0,8,0,0,0,0,1,1,1,2,53,8,2230,1,11,-1,1,-1
20151325D0214,2,1,0,18,0,8,0,0,0,0,1,1,1,1,47,8,-1,-1,-1,-1,3,-1
20151325D0260,1,90,0,18,0,0,0,0,0,0,4,1,6,3,-1,-1,-1,-1,-1,-1,-1,-1
20151325D0284,1,9,0,18,0,0,0,0,0,0,1,1,2,2,24,5,1242,1,4,-1,1,-1
20151325D0284,2,1,0,18,0,0,0,0,0,0,4,1,6,1,27,6,-1,-1,-1,-1,1,-1
20151325D0337,1,9,0,18,0,6,0,0,0,0,1,1,1,1,27,6,1598,2,2,-1,1,-1
20151325D0337,2,11,0,18,0,1,0,0,1,4,1,1,1,1,62,9,9360,2,3,-1,1,-1
20151325D0444,1,8,0,4,0,0,0,0,0,0,1,1,1,1,29,6,1598,2,3,-1,1,-1
20151325D0444,2,9,0,4,0,0,0,0,0,0,2,1,6,1,30,6,1242,1,13,-1,1,-1
20151325D0638,1,9,0,2,0,0,0,0,0,0,2,1,6,2,46,8,1229,1,5,-1,1,-1
20151325D0638,2,9,0,2,0,0,0,0,0,0,1,1,6,2,42,7,1896,2,11,-1,3,-1
20151325D0710,1,9,0,9,0,8,0,0,0,0,4,1,1,1,33,6,1968,2,4,-1,2,-1
20151325D0710,2,9,0,18,0,8,0,0,0,0,1,1,1,1,26,6,1995,2,1,-1,1,-1
20151325D0931,1,9,0,18,0,8,0,0,0,0,4,1,6,1,49,8,1668,1,13,-1,1,-1
20151325D0931,2,9,0,18,0,8,0,0,1,10,3,1,6,1,58,9,1560,2,1,-1,2,-1
20151325D0959,1,9,0,18,0,1,0,0,0,0,1,1,6,3,-1,-1,1798,1,14,-1,-1,-1
20151325D0959,2,9,0,18,0,1,0,0,0,0,0,1,1,1,43,7,1364,1,1,-1,1,-1
20151325D0959,3,9,0,18,0,1,0,0,0,0,1,1,6,1,40,7,2993,2,2,-1,1,-1
20151325D1127,1,9,0,9,0,6,0,0,0,0,1,1,1,1,49,8,1197,1,1,-1,-1,-1
20151325D1127,2,9,0,18,0,1,0,0,0,0,1,1,6,2,39,7,2993,2,8,-1,-1,-1
20151325D1231,1,9,0,5,0,6,0,0,0,0,1,1,6,1,73,10,1560,2,1,-1,-1,-1
20151325D1231,2,9,0,18,0,8,0,0,0,0,3,1,6,2,31,6,1896,2,13,-1,-1,-1
20151325D1268,1,9,0,18,0,8,0,0,0,0,4,1,6,2,31,6,1390,1,9,-1,1,-1
20151325D1268,2,9,0,3,0,8,0,0,0,0,4,1,6,1,19,4,1595,1,10,-1,1,-1
20151325D1268,3,9,0,3,0,8,0,0,0,0,3,1,6,2,36,7,1968,2,1,-1,2,-1
20151325D1489,1,9,0,18,0,0,0,0,0,0,4,1,6,2,57,9,1995,2,-1,-1,1,-1
20151325E0072,1,9,0,18,0,0,0,0,5,6,3,1,6,2,35,6,1796,2,1,-1,1,-1
20151325E0099,1,9,0,18,0,0,2,10,5,2,1,1,6,1,23,5,1229,1,9,-1,1,-1
20151325E0185,1,1,0,18,0,0,0,0,0,0,3,1,2,1,14,3,-1,-1,-1,-1,1,-1
20151325E0185,2,9,0,18,0,0,0,0,0,0,1,1,2,2,19,4,1598,1,5,-1,1,-1
20151325E0191,1,9,0,4,0,0,0,0,0,0,1,1,6,1,33,6,1794,1,12,-1,1,-1
20151325E0191,2,9,0,4,0,0,0,0,0,0,2,1,2,1,53,8,1799,1,7,-1,2,-1
20151325E0249,1,9,0,18,0,8,0,0,0,0,1,1,6,2,32,6,1248,2,7,-1,1,-1
20151325E0249,2,9,0,5,0,6,0,0,0,0,1,1,6,2,47,8,1968,2,5,-1,1,-1
20151325E0369,1,21,0,18,0,0,0,0,0,4,3,1,1,1,39,7,6692,2,7,-1,1,-1
20151325E0394,1,9,0,18,0,0,0,0,0,0,1,1,6,2,53,8,1560,2,6,-1,1,-1
20151325E0394,2,9,0,2,0,0,0,0,0,0,2,1,6,3,-1,-1,1364,1,8,-1,2,-1
20151325E0394,3,9,0,2,0,0,0,0,0,0,2,1,6,3,-1,-1,1968,2,7,-1,1,-1
20151325E0537,1,19,0,9,0,1,0,0,0,0,1,1,1,1,26,6,2464,2,5,-1,1,-1
20151325E0537,2,1,0,18,4,1,0,0,0,0,3,1,6,1,46,8,-1,-1,-1,-1,1,-1
20151325E0563,1,9,0,5,8,0,0,0,0,0,3,1,6,1,84,11,999,1,2,-1,1,-1
20151325E0563,2,9,0,18,0,0,0,0,0,0,1,1,6,1,45,7,1997,2,3,-1,3,-1
20151325E0688,1,9,0,9,0,6,0,0,0,0,3,1,1,1,34,6,1769,1,11,-1,1,-1
20151325E0688,2,9,0,18,0,8,0,0,4,0,1,1,6,1,19,4,1968,2,4,-1,1,-1
20151325E0944,1,11,0,18,3,0,0,0,0,0,1,1,1,1,30,6,7300,2,11,-1,1,-1
20151325E1005,1,9,0,9,0,5,0,0,0,0,4,1,6,1,25,5,1242,1,3,-1,2,-1
20151325E1005,2,9,0,18,0,1,0,0,0,0,1,1,6,2,40,7,1910,2,9,-1,1,-1
20151325E1060,1,19,0,7,0,6,0,0,0,0,1,1,2,1,32,6,1686,2,10,-1,3,-1
20151325E1060,2,9,0,18,0,8,0,0,0,0,4,1,2,1,49,8,-1,-1,-1,-1,2,-1
20151325E1184,1,9,0,4,0,1,0,0,0,0,1,1,6,1,50,8,1997,2,7,-1,3,-1
20151325E1184,2,19,0,3,0,1,0,0,0,0,2,1,6,1,50,8,1868,2,10,-1,1,-1
20151325E1256,1,9,0,3,0,0,0,0,0,0,2,1,6,2,31,6,1896,2,8,-1,1,-1
20151325E1256,2,9,0,18,0,0,0,0,0,0,1,1,6,1,65,9,1360,1,3,-1,1,-1
20151325E1290,1,9,0,7,0,8,0,0,0,0,4,1,6,3,-1,-1,-1,-1,-1,-1,-1,-1
20151325E1290,2,1,0,18,0,8,0,0,0,0,1,1,2,1,53,8,-1,-1,-1,-1,1,-1
20151325E1361,1,9,0,9,0,6,0,0,1,11,3,1,6,1,72,10,2401,2,11,-1,1,-1
20151325E1361,2,9,0,18,0,1,0,0,0,0,1,1,6,1,-1,-1,1968,2,10,-1,-1,-1
20151325E1563,1,1,0,18,0,8,0,0,0,0,1,1,6,1,11,3,-1,-1,-1,-1,1,-1
20151325E1563,2,9,0,18,0,8,0,0,0,0,3,1,6,1,30,6,1398,1,5,-1,1,-1
20151325E1566,1,9,0,7,0,6,0,0,0,0,1,1,6,2,34,6,1598,2,-1,-1,3,-1
20151325E1566,2,1,0,18,0,8,0,0,0,0,4,1,6,1,31,6,-1,-1,-1,-1,2,-1
20151325E1610,1,9,0,18,0,0,0,0,0,0,1,1,6,1,26,6,1124,1,14,-1,-1,-1
20151325E1610,2,9,0,18,0,0,0,0,0,0,2,1,6,1,39,7,1896,2,12,-1,-1,-1
20151325E1650,1,9,0,9,0,6,0,0,0,0,1,1,6,1,23,5,1986,2,10,-1,1,-1
20151325E1650,2,9,0,18,0,1,0,0,0,0,4,1,6,1,23,5,1968,2,5,-1,1,-1
20151325F0189,1,9,0,18,0,0,1,0,7,11,1,1,6,1,28,6,1598,1,13,-1,1,-1
20151325F0267,1,9,0,9,0,5,0,0,0,0,1,1,2,2,27,6,1328,1,8,-1,1,-1