Accident_Index,Vehicle_Reference,Vehicle_Type,Towing_and_Articulation,Vehicle_Manoeuvre,Vehicle_Location-Restricted_Lane,Junction_Location,Skidding_and_Overturning,Hit_Object_in_Carriageway,Vehicle_Leaving_Carriageway,Hit_Object_off_Carriageway,1st_Point_of_Impact,Was_Vehicle_Left_Hand_Drive?,Journey_Purpose_of_Driver,Sex_of_Driver,Age_of_Driver,Age_Band_of_Driver,Engine_Capacity_(CC),Propulsion_Code,Age_of_Vehicle,Driver_IMD_Decile,Driver_Home_Area_Type,Vehicle_IMD_Decile
20151325F0267,2,1,0,18,0,8,0,0,0,0,3,1,2,2,19,4,-1,-1,-1,-1,1,-1
20151325F0281,1,9,0,18,0,0,0,0,0,0,0,1,6,3,-1,-1,-1,-1,-1,-1,-1,-1
20151325F0418,1,19,0,18,0,1,0,0,0,0,4,1,6,1,22,5,1598,2,2,-1,1,-1
20151325F0437,1,9,0,5,0,0,0,0,0,0,3,1,6,1,81,11,1198,1,1,-1,3,-1
20151325F0437,2,9,0,18,0,0,1,0,0,0,1,1,6,1,45,7,2993,2,1,-1,1,-1
20151325F0511,1,11,0,4,7,0,0,0,0,0,0,1,1,1,38,7,4250,2,9,-1,1,-1
20151325F0520,1,9,0,18,0,0,0,0,0,0,1,1,6,2,52,8,1598,2,-1,-1,1,-1
20151325F0520,2,90,0,18,0,0,0,0,0,0,0,1,6,3,1,1,-1,-1,-1,-1,-1,-1
20151325F0638,1,9,0,2,0,0,0,0,0,0,0,1,6,1,28,6,1998,2,12,-1,1,-1
20151325F0638,2,9,0,2,0,0,0,0,0,0,2,1,6,1,40,7,1968,2,6,-1,1,-1
20151325F0638,3,9,0,18,0,0,0,0,0,0,1,1,6,3,-1,-1,-1,-1,-1,-1,-1,-1
20151325F0662,1,9,0,18,0,8,0,0,0,0,1,1,6,1,59,9,1560,2,1,-1,-1,-1
20151325F0662,2,9,0,4,0,8,0,0,0,0,2,1,6,1,44,7,1242,1,2,-1,-1,-1
20151325F0733,1,9,0,9,0,5,0,0,0,0,1,1,6,2,19,4,1360,1,11,-1,1,-1
20151325F0733,2,9,0,18,0,8,0,0,0,0,1,1,6,2,34,6,1364,2,7,-1,1,-1
20151325F0760,1,9,0,18,0,1,0,0,0,0,1,1,6,2,47,8,1598,1,8,-1,3,-1
20151325F0760,2,9,0,10,0,1,0,0,0,0,2,1,1,1,30,6,-1,-1,-1,-1,1,-1
20151325F0762,1,9,0,4,0,0,0,0,0,0,2,1,6,1,57,9,1995,2,11,-1,1,-1
20151325F0762,2,19,0,18,0,0,0,0,0,0,1,1,1,1,24,5,1968,2,1,-1,2,-1
20151325F0829,1,8,0,2,0,0,0,0,0,0,2,1,1,1,57,9,1598,2,1,-1,1,-1
20151325F0854,1,1,0,18,0,8,0,0,0,0,1,1,6,1,46,8,-1,-1,-1,-1,-1,-1
20151325F0854,2,9,0,5,0,4,0,0,0,0,3,1,6,1,67,10,-1,-1,-1,-1,3,-1
20151325F0862,1,9,0,18,0,8,0,0,0,0,1,1,6,1,18,4,1149,1,1,-1,1,-1
20151325F0862,2,9,0,18,0,8,0,0,0,0,2,1,6,1,62,9,1560,2,8,-1,3,-1
20151325F0862,3,9,0,10,0,5,0,0,0,0,2,1,6,1,59,9,1198,1,1,-1,1,-1
20151325F0866,1,9,0,9,0,5,1,0,0,0,1,1,6,1,25,5,1995,2,6,-1,1,-1
20151325F0977,1,9,0,18,0,0,0,0,0,0,1,1,2,1,48,8,1994,1,5,-1,3,-1
20151325F0977,2,9,0,3,0,0,0,0,0,0,2,1,2,1,35,6,1984,1,11,-1,1,-1
20151325F1012,1,9,0,18,0,8,0,0,0,0,1,1,6,2,-1,-1,-1,-1,-1,-1,-1,-1
20151325F1016,1,9,0,9,0,5,0,0,0,0,3,1,2,1,47,8,1986,2,10,-1,1,-1
20151325F1016,2,4,0,18,0,8,0,0,0,0,4,1,2,1,44,7,999,1,1,-1,1,-1
20151325F1017,1,9,0,18,0,0,0,0,0,0,1,1,2,1,52,8,1997,2,3,-1,2,-1
20151325F1329,1,2,0,7,0,8,0,0,0,0,4,1,1,1,25,5,49,1,4,-1,1,-1
20151325F1329,2,9,0,17,0,8,0,0,0,0,1,1,6,2,27,6,1995,2,-1,-1,1,-1
20151325F1808,1,9,0,18,0,0,0,0,0,0,1,1,6,1,-1,-1,-1,-1,-1,-1,-1,-1
20151325F1808,2,9,0,4,0,0,0,0,0,0,2,1,6,1,62,9,1870,2,10,-1,1,-1
20151325G0010,1,19,0,1,0,0,0,0,0,0,2,1,6,3,-1,-1,1868,2,15,-1,-1,-1
20151325G0010,2,9,0,2,0,0,0,0,0,0,1,1,6,1,35,6,1995,2,5,-1,1,-1
20151325G0203,1,8,0,18,0,1,0,0,0,0,3,1,1,1,43,7,1794,7,6,-1,1,-1
20151325G0456,1,9,0,12,0,8,0,0,0,0,3,1,2,1,26,6,1986,2,10,-1,1,-1
20151325G0456,2,9,0,13,0,8,0,0,0,0,4,1,6,1,29,6,1998,1,7,-1,1,-1
20151325G0950,1,90,0,18,0,0,0,0,0,0,0,1,6,1,40,7,-1,-1,-1,-1,1,-1
20151325G0958,1,11,0,9,0,8,0,0,0,0,4,1,1,1,-1,-1,-1,-1,-1,-1,-1,-1
20151325G1009,1,19,0,7,2,0,0,0,0,0,0,1,6,3,-1,-1,-1,-1,-1,-1,-1,-1
20151325G1009,2,1,0,18,2,0,0,0,0,0,0,1,6,2,36,7,-1,-1,-1,-1,1,-1
20151325G1025,1,11,0,4,0,0,0,0,0,0,1,1,1,1,48,8,9360,2,3,-1,1,-1
20151325G1059,1,11,0,5,2,0,0,0,0,0,0,1,1,1,42,7,9360,2,6,-1,-1,-1
20151325G1112,1,9,0,16,0,0,0,0,0,0,1,1,6,1,24,5,1896,2,12,-1,1,-1
20151325G1112,2,9,0,17,0,0,0,0,0,0,1,1,6,1,42,7,1598,1,3,-1,1,-1
20151325G1123,1,9,0,18,0,0,0,10,0,0,1,1,6,1,21,5,1590,1,10,-1,1,-1
20151325G1123,2,2,0,18,0,0,0,0,0,0,0,1,6,3,-1,-1,-1,-1,-1,-1,-1,-1
20151325G1304,1,9,0,18,0,0,0,0,0,0,1,1,6,2,21,5,1248,2,4,-1,1,-1
20151325G1389,1,9,0,14,0,8,0,0,0,0,1,1,6,1,30,6,2967,2,-1,-1,-1,-1
20151325G1389,2,9,0,18,0,8,0,0,0,0,3,1,6,1,52,8,1248,2,3,-1,-1,-1
20151325G1389,3,9,0,18,0,8,0,0,0,0,3,1,6,1,34,6,-1,-1,-1,-1,-1,-1
20151325G1448,1,9,0,18,0,0,0,0,0,0,1,1,6,1,23,5,1200,1,1,-1,1,-1
20151325G1501,1,11,0,4,0,1,0,0,0,0,0,1,1,1,58,9,9360,2,6,-1,1,-1
20151325G2075,1,9,0,18,0,0,0,0,0,0,4,1,6,2,19,4,1199,1,12,-1,1,-1
20151325G2075,2,8,0,2,0,0,0,0,0,0,3,1,1,1,33,6,1998,2,7,-1,1,-1
20151325H0101,1,9,0,18,0,1,2,12,2,0,0,1,6,1,21,5,1198,1,3,-1,2,-1
20151325H0734,1,9,0,18,0,6,0,0,0,0,1,1,6,1,68,10,1598,1,18,-1,1,-1
20151325H0734,2,9,0,18,0,1,0,0,0,0,3,1,6,1,39,7,1229,1,2,-1,1,-1
20151325H0790,1,9,0,16,0,0,0,10,0,0,1,1,6,1,38,7,2204,2,8,-1,1,-1
20151325H0790,2,9,0,18,0,0,0,0,0,0,1,1,6,1,76,11,1248,2,5,-1,3,-1
20151325H1098,1,9,0,4,0,1,0,0,0,0,3,1,6,1,51,8,1998,2,11,-1,1,-1
20151325H1098,2,9,0,4,0,1,0,0,0,0,1,1,6,1,27,6,2495,1,13,-1,-1,-1
20151325H1098,3,9,0,5,0,2,0,0,0,0,1,1,6,1,64,9,1240,1,11,-1,1,-1
20151325H1457,1,9,0,18,0,1,0,0,0,0,1,1,1,1,47,8,1248,2,3,-1,1,-1
20151325H1457,2,9,0,18,0,1,0,0,0,0,3,1,6,2,28,6,1900,2,9,-1,1,-1
20151325H1457,3,19,0,2,0,2,0,11,0,0,2,1,6,3,-1,-1,2402,2,10,-1,1,-1
20151325H1467,1,9,0,9,0,6,0,0,0,0,3,1,6,1,26,6,1984,1,8,-1,1,-1
20151325H1467,2,9,0,18,0,8,0,0,0,0,1,1,6,1,35,6,1896,2,8,-1,1,-1
20151325I0243,1,9,0,9,0,8,0,0,0,0,4,1,6,2,50,8,1968,2,-1,-1,-1,-1
20151325I0243,2,9,0,18,0,1,0,0,0,0,1,1,6,1,23,5,1328,1,6,-1,2,-1
20151325I0249,1,9,0,18,0,8,0,0,0,0,4,1,6,2,65,9,1149,1,7,-1,1,-1
20151325I0249,2,8,0,18,0,8,0,0,0,0,1,1,1,1,53,8,1968,2,5,-1,1,-1
20151325I0280,1,9,0,7,0,6,0,0,0,0,3,1,6,2,30,6,1968,2,6,-1,1,-1
20151325I0280,2,9,0,18,0,1,0,0,0,0,1,1,2,1,57,9,2143,2,3,-1,3,-1
20151325I0280,3,19,0,2,0,1,0,0,0,0,1,1,1,1,26,6,2198,2,6,-1,1,-1
20151325I0464,1,9,0,7,0,5,0,0,0,0,4,1,6,1,86,11,1498,1,7,-1,1,-1
20151325I0569,1,9,0,18,0,3,0,10,8,1,3,1,6,2,21,5,1149,1,13,-1,2,-1
20151325I0612,1,9,0,12,0,0,5,0,0,0,3,1,6,2,46,8,1149,1,11,-1,1,-1
20151325I0612,2,21,0,11,0,0,0,0,0,0,4,1,1,1,33,6,10677,2,-1,-1,-1,-1
20151325I0622,1,9,0,18,0,8,0,0,0,0,3,1,6,1,85,11,1968,2,1,-1,3,-1
20151325I0622,2,11,0,18,0,8,0,0,0,0,1,1,1,1,50,8,9360,2,3,-1,1,-1
20151325I0632,1,9,0,18,0,6,0,0,0,0,1,1,6,2,23,5,998,1,15,-1,1,-1
20151325I0632,2,9,0,18,0,1,0,0,0,0,4,1,6,1,21,5,1995,2,2,-1,1,-1
20151325I0669,1,9,0,5,0,0,0,0,0,0,3,1,6,1,27,6,2171,1,14,-1,1,-1
20151325I0669,2,3,0,18,0,0,0,0,0,0,1,1,1,1,46,8,125,1,2,-1,1,-1
20151325I0844,1,9,0,18,0,0,0,0,0,0,1,1,3,2,32,6,1461,2,12,-1,-1,-1
20151325I0844,2,9,0,18,0,0,0,0,0,0,2,1,3,2,39,7,1753,2,8,-1,1,-1
20151325I0844,3,9,0,6,0,0,0,0,0,0,0,1,1,1,35,6,2993,2,2,-1,1,-1
20151325I0846,1,9,0,18,0,8,0,0,0,0,4,1,6,1,24,5,998,1,9,-1,1,-1
20151325I0964,1,9,0,18,0,8,0,0,0,0,4,1,6,3,-1,-1,1999,1,11,-1,-1,-1
20151325I0964,2,9,0,18,0,8,0,0,0,0,3,1,6,2,39,7,1598,1,12,-1,1,-1
20151325I0999,1,9,0,18,0,8,0,0,0,0,1,1,6,2,36,7,1598,1,7,-1,1,-1
20151325I0999,2,8,0,18,0,8,1,11,0,11,1,1,1,1,32,6,1998,2,6,-1,1,-1
20151325I1018,1,9,0,18,0,0,0,0,0,0,1,1,6,2,33,6,1900,2,10,-1,1,-1
20151325J0155,1,9,0,18,0,1,0,0,0,0,3,1,1,1,43,7,1398,1,2,-1,1,-1
20151325J0155,2,1,0,18,0,1,0,0,0,0,1,1,1,2,43,7,-1,-1,-1,-1,2,-1
20151325J0174,1,9,0,18,0,8,0,0,0,0,4,1,6,1,61,9,1598,1,14,-1,-1,-1
20151325J0174,2,9,0,3,0,8,0,0,0,0,3,1,6,2,45,7,1590,1,12,-1,1,-1
20151325J0187,1,9,0,9,0,6,0,0,0,0,1,1,6,2,26,6,973,1,13,-1,1,-1
20151325J0187,2,3,0,18,0,8,1,0,0,0,1,1,2,1,18,4,124,1,15,-1,1,-1
20151325J0196,1,1,0,18,0,1,1,0,0,0,1,1,6,1,41,7,-1,-1,-1,-1,-1,-1
20151325J0196,2,9,0,18,0,1,0,0,0,0,0,1,6,3,-1,-1,-1,-1,-1,-1,-1,-1
20151325J0225,1,9,0,18,0,0,0,0,1,2,4,1,6,2,31,6,1242,1,13,-1,-1,-1
20151325J0654,1,9,0,9,0,4,0,0,0,0,1,1,6,2,71,10,1995,2,2,-1,-1,-1
20151325J0654,2,9,0,18,0,4,0,0,0,0,4,1,6,2,44,7,998,1,-1,-1,-1,-1
20151325J0784,1,9,0,1,0,5,0,0,0,0,2,1,6,1,69,10,1998,2,10,-1,1,-1
20151325J0935,1,3,0,18,0,1,1,0,0,0,0,1,2,1,22,5,-1,-1,-1,-1,1,-1
20151325J0938,1,9,0,9,0,1,0,0,0,0,1,1,6,1,22,5,1461,2,9,-1,1,-1
20151325J0938,2,9,0,8,0,1,0,0,0,0,1,1,6,2,40,7,1560,2,-1,-1,1,-1
20151325J1004,1,9,0,18,0,1,0,0,0,0,1,1,6,1,22,5,1198,1,10,-1,1,-1
20151325J1099,1,9,0,18,0,0,0,0,0,0,1,1,6,1,20,4,999,1,13,-1,1,-1
20151325J1118,1,9,0,6,0,8,0,0,0,0,1,1,1,1,46,8,1598,2,3,-1,1,-1
20151325J1118,2,5,0,18,0,8,0,0,0,0,4,1,2,1,50,8,-1,-1,-1,-1,1,-1
20151325J1174,1,9,0,3,0,1,0,0,0,0,0,1,6,2,-1,-1,-1,-1,-1,-1,-1,-1
20151325J1174,2,1,0,3,0,1,0,0,0,0,0,1,6,1,59,9,-1,-1,-1,-1,1,-1
20151325J1256,1,9,0,17,6,0,1,0,2,7,1,1,6,2,29,6,1388,1,4,-1,1,-1
20151325J1336,1,9,0,9,0,8,0,0,0,0,3,1,6,1,27,6,1900,2,15,-1,1,-1
20151325J1336,2,9,0,18,0,1,0,0,0,0,1,1,6,2,43,7,998,1,12,-1,1,-1
20151325K0306,1,9,0,17,0,0,0,0,0,0,1,1,1,2,42,7,1560,2,4,-1,1,-1
20151325K0306,2,21,1,16,0,0,0,0,0,0,3,1,1,1,63,9,10837,2,3,-1,1,-1
20151325K0541,1,17,0,18,0,0,0,0,0,0,3,2,1,1,44,7,-1,2,2,-1,1,-1
20151325K0541,2,9,0,18,0,0,0,0,0,0,3,1,1,1,51,8,-1,-1,-1,-1,1,-1
20151325K0558,1,9,0,6,0,0,0,0,0,0,1,1,6,2,24,5,1198,1,12,-1,1,-1
20151325K0558,2,9,0,18,0,0,0,0,0,0,1,1,6,1,61,9,1896,2,10,-1,1,-1
20151325K0724,1,9,0,9,0,8,0,0,0,0,4,1,6,1,19,4,-1,-1,-1,-1,-1,-1
20151325K0724,2,9,0,18,0,8,0,0,0,0,1,1,6,2,47,8,-1,-1,-1,-1,1,-1
20151325K0898,1,19,0,17,0,0,0,0,1,7,0,1,1,1,27,6,1560,2,6,-1,1,-1
20151325K0935,1,9,0,7,0,5,0,0,0,0,4,1,2,2,44,7,1198,1,4,-1,1,-1
20151325K0935,2,1,0,15,0,1,0,0,0,0,1,1,2,1,49,8,-1,-1,-1,-1,1,-1
20151325K0972,1,9,0,18,0,0,0,0,0,0,1,1,6,3,-1,-1,-1,-1,-1,-1,-1,-1
20151325K0986,1,9,0,18,0,0,0,0,0,0,1,1,6,1,43,7,1598,1,1,-1,1,-1
20151325K0986,2,9,0,3,0,0,0,0,0,0,2,1,6,1,40,7,2993,2,11,-1,-1,-1
20151325K0986,3,9,0,3,0,0,0,0,0,0,2,1,6,2,56,9,1299,1,7,-1,2,-1
20151325K0986,4,9,0,3,0,0,0,0,0,0,2,1,6,1,28,6,1199,1,11,-1,-1,-1
20151325K0995,1,9,0,18,0,1,0,0,0,0,1,1,6,1,55,8,2099,1,12,-1,1,-1
20151325K0995,2,9,0,18,0,1,0,0,0,0,2,1,6,1,32,6,1242,1,9,-1,1,-1
20151325K0995,3,9,0,18,0,1,0,0,0,0,2,1,2,2,27,6,1390,1,3,-1,1,-1
20151325K0995,4,9,0,18,0,1,0,0,0,0,2,1,2,2,23,5,1198,1,1,-1,2,-1
20151325K0995,5,9,0,18,0,1,0,0,0,0,2,1,2,2,43,7,1560,2,9,-1,1,-1
20151325K1098,1,9,0,18,0,0,0,0,0,0,3,1,6,1,59,9,1598,1,14,-1,1,-1
20151325K1098,2,9,0,3,0,0,0,0,0,0,3,1,6,1,58,9,1998,1,5,-1,2,-1
20151325K1098,3,9,0,3,0,0,0,0,0,0,3,1,2,2,28,6,1390,1,9,-1,1,-1
20151325K1283,1,9,0,18,0,8,0,0,0,0,1,1,6,1,25,5,2000,1,9,-1,1,-1
20151325K1283,2,9,0,18,0,1,0,0,0,0,0,1,6,1,48,8,2993,2,3,-1,1,-1
20151325K1283,3,9,0,18,0,8,0,0,0,0,1,1,6,2,46,8,1686,2,6,-1,1,-1
20151325K1284,1,9,0,18,0,1,0,0,0,0,1,1,2,2,32,6,1997,2,6,-1,1,-1
20151325K1284,2,9,0,9,0,1,0,0,0,0,4,1,6,1,21,5,1364,1,7,-1,1,-1
20151325K1317,1,9,0,3,0,1,0,0,0,0,2,1,6,1,22,5,1240,1,12,-1,1,-1
20151325K1317,2,3,0,3,0,1,0,0,0,0,1,1,6,1,29,6,125,1,5,-1,1,-1
20151325K1317,3,9,0,3,0,1,0,0,0,0,2,1,1,1,-1,-1,1248,2,4,-1,-1,-1
20151325K1413,1,9,0,18,0,2,0,0,0,0,4,1,6,1,20,4,2000,2,9,-1,1,-1
20151325K1413,2,1,0,18,0,2,5,0,0,0,3,1,6,2,25,5,-1,-1,-1,-1,1,-1
20151325K1442,1,5,0,4,0,0,1,0,1,10,1,1,6,1,21,5,-1,-1,-1,-1,-1,-1
20151325K1442,2,9,0,2,6,0,0,0,0,0,1,1,6,2,44,7,1910,2,9,-1,-1,-1
20151325K1524,1,9,0,18,5,1,0,0,0,0,3,1,6,1,22,5,1199,1,14,-1,1,-1
20151325K1524,2,1,0,18,9,1,0,0,0,0,1,1,6,1,21,5,-1,-1,-1,-1,2,-1
20151325K1537,1,9,0,16,0,0,1,0,0,0,3,1,6,1,19,4,1968,2,8,-1,1,-1
20151325K1537,2,9,0,16,0,0,1,7,5,6,3,1,6,1,22,5,1968,2,9,-1,1,-1
20151325L0017,1,9,0,9,0,8,0,7,0,0,1,1,6,1,39,7,1968,2,2,-1,1,-1
20151325L0017,2,9,0,18,0,8,0,0,0,0,3,1,6,1,27,6,1396,1,14,-1,1,-1
20151325L0189,1,9,0,18,0,0,5,0,0,0,4,1,2,1,24,5,1975,1,6,-1,1,-1
20151325L0189,2,21,1,18,0,0,0,0,0,0,3,1,1,1,43,7,10308,2,1,-1,1,-1
20151325L0207,1,21,1,11,0,0,0,0,0,0,1,1,1,1,43,7,12777,2,3,-1,1,-1
20151325L0207,2,9,0,18,0,0,0,0,0,0,3,1,2,2,60,9,1242,1,9,-1,1,-1
20151325L0786,1,9,0,4,0,1,0,0,0,0,1,1,6,1,-1,-1,1398,1,12,-1,1,-1
20151325L0786,2,1,0,4,0,1,0,0,0,0,2,1,6,1,12,3,-1,-1,-1,-1,-1,-1
20151325L0873,1,9,0,9,0,6,0,0,0,0,1,1,6,1,27,6,1388,1,10,-1,1,-1
20151325L0873,2,9,0,18,0,8,0,0,0,0,1,1,6,1,77,11,1595,1,1,-1,3,-1
20151325L0908,1,2,0,18,0,1,0,0,0,0,3,1,6,1,23,5,85,1,27,-1,1,-1
20151325L0970,1,9,0,18,0,4,0,0,0,0,1,1,1,1,44,7,-1,-1,-1,-1,-1,-1
20151325L0970,2,9,0,18,0,8,0,0,0,0,4,1,6,1,18,4,1396,1,11,-1,1,-1
20151325L0970,3,9,0,10,0,1,0,0,0,0,1,1,6,2,54,8,1497,8,-1,-1,2,-1
20151325L0974,1,9,0,18,0,0,0,0,0,0,4,1,1,1,57,9,1598,1,9,-1,-1,-1
20151325L0974,2,11,0,2,0,0,0,0,0,0,0,1,2,1,59,9,9200,2,13,-1,1,-1
20151325L1017,1,9,0,7,0,4,0,0,0,0,1,1,6,2,28,6,1587,1,12,-1,1,-1
20151325L1017,2,9,0,18,0,8,0,0,0,0,4,1,6,2,55,8,1329,1,1,-1,1,-1
20151325L1071,1,19,0,4,0,0,0,0,0,0,1,1,6,1,63,9,2148,2,11,-1,1,-1
20151325L1071,2,9,0,4,0,0,0,0,0,0,2,1,6,1,32,6,1796,1,15,-1,1,-1
20151325L1075,1,2,0,4,0,0,0,0,0,0,0,1,6,2,31,6,-1,-1,-1,-1,1,-1
20151325M0262,1,9,0,9,0,6,0,0,0,0,3,1,1,1,22,5,-1,-1,-1,-1,1,-1
20151325M0262,2,3,0,14,0,1,0,0,0,0,1,1,2,1,30,6,125,1,3,-1,1,-1
20151325M0644,1,1,0,9,0,5,0,0,0,0,2,1,6,1,59,9,-1,-1,-1,-1,3,-1
20151325M0644,2,9,0,18,0,8,0,0,0,0,1,1,6,1,27,6,2143,2,1,-1,1,-1
20151325M0673,1,9,0,9,0,5,0,0,0,0,3,1,6,2,65,9,1686,2,10,-1,1,-1
20151325M0673,2,9,0,18,0,1,0,0,0,0,3,1,6,1,46,8,1598,1,6,-1,1,-1
20151325M0758,1,9,0,18,0,0,0,0,0,0,1,1,6,1,72,10,1796,1,6,-1,3,-1
20151325M0758,2,9,0,18,0,0,0,0,0,0,1,1,6,2,21,5,-1,-1,-1,-1,1,-1
20151325M0758,3,19,0,18,0,0,0,0,0,0,1,1,1,1,62,9,1248,2,4,-1,1,-1
20151325M0803,1,9,0,18,0,0,0,0,0,0,4,1,6,3,-1,-1,-1,-1,-1,-1,-1,-1
20151325M0803,2,11,0,18,0,0,0,0,0,0,3,1,1,1,49,8,6696,2,-1,-1,1,-1
20151325M0916,1,9,0,18,0,1,0,0,0,0,3,1,6,1,40,7,1995,2,7,-1,1,-1
20151325M0962,1,11,0,18,2,8,0,0,0,0,4,1,1,1,56,9,9360,2,6,-1,1,-1
20151325M1131,1,9,0,18,0,0,0,0,0,0,1,1,2,1,17,4,1242,1,1,-1,1,-1
20151325M1131,2,9,0,3,0,0,0,0,0,0,2,1,6,1,32,6,1849,2,-1,-1,-1,-1
20151325M1131,3,9,0,3,0,0,0,0,0,0,2,1,6,2,36,7,1598,1,7,-1,1,-1
20151325M1131,4,9,0,3,0,0,0,0,0,0,2,1,2,2,55,8,1197,1,5,-1,1,-1
20151325M1355,1,8,0,2,0,2,0,0,0,0,2,1,1,1,49,8,1497,8,7,-1,1,-1
20151325M1355,2,19,0,18,0,5,0,0,0,0,1,1,6,3,-1,-1,-1,-1,-1,-1,-1,-1
20151325N0442,1,9,0,18,0,0,1,0,0,0,1,1,6,1,28,6,1229,1,5,-1,-1,-1
20151325N0442,2,9,0,18,0,0,0,0,0,0,0,1,1,1,47,8,1910,2,5,-1,-1,-1
20151325N0442,3,9,0,18,0,0,0,0,0,0,3,1,6,1,36,7,1956,2,-1,-1,1,-1
20151325N0442,4,9,0,2,0,0,0,0,0,0,3,1,6,1,-1,-1,1560,2,1,-1,-1,-1
20151325N0442,5,9,0,2,0,0,0,0,0,0,3,1,6,1,-1,-1,1587,1,11,-1,-1,-1
20151325N0442,6,9,0,2,0,0,0,0,0,0,1,1,6,1,-1,-1,1995,2,6,-1,-1,-1
20151325N0631,1,5,0,18,0,0,0,11,0,0,1,1,6,1,27,6,988,1,14,-1,1,-1
20151325N0631,2,9,0,18,0,0,0,0,0,0,1,1,6,1,57,9,2500,1,2,-1,1,-1
20151325N0631,3,9,0,2,0,0,0,0,0,0,3,1,6,3,29,6,1598,1,5,-1,-1,-1
20151325N0695,1,1,0,18,0,1,0,0,0,0,3,1,6,1,20,4,-1,-1,-1,-1,1,-1
20151325N0695,2,9,0,18,0,1,0,0,0,0,4,1,6,3,-1,-1,-1,-1,-1,-1,-1,-1
20151325N0796,1,9,0,9,0,8,0,0,0,0,3,1,6,1,21,5,1199,1,13,-1,1,-1
20151325N0796,2,9,0,9,0,8,0,0,0,0,1,1,6,1,47,8,1299,1,15,-1,1,-1
20151325N0803,1,1,0,18,0,0,0,0,1,10,4,1,6,1,30,6,-1,-1,-1,-1,1,-1
20151325N0947,1,9,0,9,0,0,0,0,0,0,1,1,6,1,21,5,1386,1,6,-1,1,-1
20151325N0947,2,90,0,18,0,0,5,0,7,11,1,1,6,1,25,5,700,1,7,-1,1,-1
20151325N0964,1,1,0,6,0,0,0,0,0,0,3,1,6,1,64,9,-1,-1,-1,-1,1,-1
20151325N0964,2,3,0,18,0,0,0,0,0,0,1,1,6,1,48,8,124,1,21,-1,3,-1
20151325N0970,1,19,0,18,0,1,0,0,0,0,3,1,1,1,37,7,1248,2,-1,-1,1,-1
20151325N0970,2,9,0,18,0,1,0,0,0,0,1,1,6,1,24,5,2993,2,7,-1,1,-1
20151325N1003,1,5,0,18,9,0,1,0,1,11,1,1,6,1,34,6,849,1,5,-1,1,-1
20151325N1153,1,11,0,18,0,0,0,0,0,0,0,1,1,1,44,7,6700,2,7,-1,1,-1
20151325N1257,1,5,0,16,0,0,0,0,0,0,3,1,6,1,37,7,599,1,12,-1,1,-1
20151325N1257,2,9,0,17,0,0,0,0,0,0,3,1,6,1,42,7,2800,2,20,-1,2,-1
20151325N1534,1,9,0,18,0,0,0,0,0,0,1,1,6,3,-1,-1,-1,-1,-1,-1,-1,-1
20151325N1534,2,1,0,18,0,0,0,0,0,0,2,1,6,2,32,6,-1,-1,-1,-1,1,-1
20151325O0406,1,9,0,7,0,4,2,10,2,2,1,1,6,1,24,5,1229,1,7,-1,1,-1
20151325O0515,1,19,0,18,0,0,0,0,0,0,4,1,6,1,72,10,-1,-1,-1,-1,3,-1
20151325O0515,2,1,0,18,4,0,5,0,0,0,3,1,6,1,44,7,-1,-1,-1,-1,1,-1
20151325O0538,1,4,0,18,0,0,1,12,1,0,1,1,6,1,69,10,980,1,22,-1,1,-1
20151325O0779,1,9,0,5,0,1,0,0,0,0,3,1,6,2,49,8,998,1,9,-1,1,-1
20151325O0779,2,9,0,18,0,1,0,0,0,0,1,1,6,2,65,9,1598,1,3,-1,1,-1
20151325O0866,1,9,0,18,0,1,0,0,0,0,1,1,6,1,32,6,1997,2,9,-1,1,-1
20151325O0866,2,9,0,3,0,1,0,0,0,0,2,1,6,1,55,8,1984,1,10,-1,1,-1
20151325O0866,3,9,0,3,0,1,0,0,0,0,2,1,6,2,49,8,1796,1,9,-1,1,-1
20151325O1134,1,3,0,18,0,0,0,0,0,0,1,1,6,1,16,4,125,1,4,-1,1,-1
20151325O1134,2,9,0,18,0,0,0,0,0,0,1,1,6,1,40,7,1598,1,14,-1,1,-1
20151325O1262,1,9,0,14,0,0,0,0,0,0,4,1,6,2,43,7,1240,1,11,-1,1,-1
20151325O1593,1,9,0,16,0,0,1,0,7,4,1,1,6,1,20,4,1560,2,1,-1,1,-1
20151325O1652,1,9,0,18,0,0,0,4,0,0,1,1,6,2,60,9,1398,1,2,-1,1,-1
20151325O1652,2,21,5,2,0,0,0,0,0,0,1,1,1,1,39,7,4764,2,6,-1,1,-1
20151325P0236,1,8,0,18,0,0,0,0,0,0,1,1,6,3,-1,-1,-1,-1,-1,-1,-1,-1
20151325P0295,1,8,0,9,0,1,0,0,0,0,3,1,6,1,44,7,1461,2,4,-1,1,-1
20151325P0295,2,9,0,13,0,1,0,0,0,0,1,1,6,1,-1,-1,1984,1,6,-1,-1,-1
20151325P0508,1,9,0,18,0,1,0,0,0,0,1,1,6,2,19,4,1229,1,2,-1,2,-1
20151325P0508,2,9,0,3,0,2,0,0,0,0,2,1,6,1,74,10,1783,1,18,-1,1,-1
20151325P0508,3,9,0,3,0,2,0,0,0,0,2,1,6,1,59,9,2199,2,1,-1,1,-1
20151325P0508,4,9,0,2,0,2,0,0,0,0,2,1,6,1,-1,-1,2198,1,19,-1,-1,-1
20151325P0781,1,1,0,18,0,0,0,0,0,0,1,1,6,1,17,4,-1,-1,-1,-1,1,-1
20151325P0781,2,9,0,1,5,0,0,0,0,0,4,1,6,1,68,10,1783,1,13,-1,-1,-1