Accident_Index,Vehicle_Reference,Vehicle_Type,Towing_and_Articulation,Vehicle_Manoeuvre,Vehicle_Location-Restricted_Lane,Junction_Location,Skidding_and_Overturning,Hit_Object_in_Carriageway,Vehicle_Leaving_Carriageway,Hit_Object_off_Carriageway,1st_Point_of_Impact,Was_Vehicle_Left_Hand_Drive?,Journey_Purpose_of_Driver,Sex_of_Driver,Age_of_Driver,Age_Band_of_Driver,Engine_Capacity_(CC),Propulsion_Code,Age_of_Vehicle,Driver_IMD_Decile,Driver_Home_Area_Type,Vehicle_IMD_Decile
20151325P0889,1,9,0,18,0,0,0,0,0,0,1,1,6,1,26,6,1587,1,26,-1,1,-1
20151325P1005,1,9,0,5,0,8,0,0,0,0,3,1,6,2,80,11,1388,1,7,-1,1,-1
20151325P1005,2,1,0,18,0,8,5,0,0,0,1,1,6,2,24,5,-1,-1,-1,-1,1,-1
20151325P1024,1,19,0,9,0,8,0,0,0,0,1,1,6,1,25,5,2148,2,7,-1,1,-1
20151325P1097,1,9,0,18,0,0,0,0,7,0,1,1,6,1,24,5,999,1,5,-1,-1,-1
20151325P1097,2,9,0,18,0,0,0,0,0,0,4,1,6,1,32,6,1461,2,5,-1,-1,-1
20151325P1198,1,9,0,5,0,4,0,0,0,0,1,1,6,1,31,6,1598,1,6,-1,1,-1
20151325P1198,2,1,0,18,0,8,0,0,0,0,2,1,6,1,43,7,-1,-1,-1,-1,1,-1
20151325P1670,1,9,0,18,0,1,0,0,0,0,0,1,6,1,50,8,2835,2,15,-1,1,-1
20151325Q0144,1,8,0,18,0,0,0,0,0,0,1,1,1,1,61,9,1794,1,8,-1,1,-1
20151325Q0215,1,9,0,18,0,1,0,0,0,0,2,1,2,1,21,5,1597,1,7,-1,1,-1
20151325Q0215,2,21,0,18,0,1,0,0,0,0,1,1,1,1,47,8,11705,2,7,-1,1,-1
20151325Q0215,3,19,0,9,0,1,0,0,0,0,0,1,1,2,30,6,-1,-1,-1,-1,-1,-1
20151325Q0231,1,8,0,18,0,0,0,10,7,10,3,1,1,1,-1,-1,1794,1,9,-1,1,-1
20151325Q0385,1,20,0,18,0,8,0,0,0,0,1,1,1,1,42,7,6692,2,6,-1,1,-1
20151325Q0385,2,19,0,18,0,8,0,0,0,0,4,1,1,1,62,9,1753,2,6,-1,1,-1
20151325Q0540,1,9,0,10,0,8,0,0,0,0,2,1,6,1,52,8,-1,-1,-1,-1,1,-1
20151325Q0540,2,9,0,4,0,8,0,0,0,0,1,1,6,1,26,6,1364,1,8,-1,1,-1
20151325Q0553,1,9,0,18,0,3,0,0,0,0,3,1,6,1,48,8,1199,2,4,-1,1,-1
20151325Q0557,1,9,0,18,0,0,0,0,0,0,3,1,6,2,31,6,1598,1,13,-1,1,-1
20151325Q0587,1,8,0,5,0,0,0,0,0,0,0,1,6,1,54,8,1560,2,2,-1,-1,-1
20151325Q0635,1,9,0,13,0,0,2,0,1,11,0,1,6,1,51,8,1360,1,13,-1,1,-1
20151325Q0635,2,9,0,13,0,0,0,0,0,0,0,1,6,2,48,8,998,1,3,-1,3,-1
20151325Q0804,1,3,0,4,0,8,2,0,0,0,0,1,6,1,23,5,124,1,3,-1,1,-1
20151325Q0826,1,4,0,16,0,8,0,0,0,0,4,1,6,1,60,9,1050,1,5,-1,2,-1
20151325Q1040,1,9,0,4,0,0,0,0,0,0,0,1,6,1,25,5,1299,1,17,-1,1,-1
20151325Q1040,2,9,0,2,9,0,0,0,0,0,0,1,6,1,-1,-1,-1,-1,-1,-1,-1,-1
20151325Q1087,1,19,0,1,0,0,0,0,0,0,2,1,1,1,45,7,1399,2,5,-1,1,-1
20151325Q1104,1,9,0,4,0,8,0,0,0,0,2,1,6,1,56,9,1951,2,13,-1,1,-1
20151325Q1104,2,19,0,18,0,8,0,0,0,0,1,1,6,3,-1,-1,1248,2,6,-1,-1,-1
20151325Q1233,1,9,0,7,0,5,0,0,0,0,4,1,6,2,21,5,1149,1,10,-1,1,-1
20151325Q1233,2,1,0,18,4,1,0,0,0,0,1,1,6,1,29,6,-1,-1,-1,-1,1,-1
20151325Q1315,1,9,0,18,0,0,0,0,0,0,2,1,6,1,38,7,1587,1,9,-1,1,-1
20151325Q1315,2,9,0,3,0,0,0,0,0,0,1,1,6,2,35,6,1400,1,9,-1,1,-1
20151325Q1525,1,9,0,9,0,8,0,0,0,0,1,1,6,1,40,7,1997,2,5,-1,1,-1
20151325Q1525,2,9,0,9,0,8,0,0,0,0,3,1,6,2,24,5,973,1,12,-1,1,-1
20151325Q1662,1,9,0,9,0,6,0,0,0,0,4,1,6,2,70,10,1395,1,1,-1,3,-1
20151325Q1662,2,3,0,18,0,1,0,0,0,0,1,1,6,1,51,8,124,1,4,-1,3,-1
20151325R0226,1,9,0,18,0,0,0,0,0,0,4,1,2,1,41,7,1796,1,15,-1,1,-1
20151325R0226,2,1,0,18,0,0,5,0,1,0,2,1,2,1,31,6,-1,-1,-1,-1,3,-1
20151325R0474,1,9,0,18,0,0,0,0,0,0,3,1,6,1,29,6,1598,1,8,-1,1,-1
20151325R0544,1,9,0,7,0,8,0,0,0,0,4,1,6,2,31,6,1242,1,3,-1,1,-1
20151325R0544,2,1,0,15,0,8,0,0,0,0,3,1,6,1,24,5,-1,-1,-1,-1,1,-1
20151325R0643,1,9,0,18,0,1,0,0,0,0,2,1,6,1,23,5,1388,1,11,-1,2,-1
20151325R0643,2,9,0,9,0,6,0,0,0,0,1,1,6,2,25,5,1598,1,3,-1,1,-1
20151325R0871,1,9,0,18,0,0,0,0,2,7,1,1,6,2,38,7,1997,2,16,-1,1,-1
20151325R0982,1,21,0,18,0,0,0,0,0,0,1,1,1,1,56,9,5880,2,9,-1,1,-1
20151325R1039,1,1,0,18,0,1,0,0,0,0,1,1,6,1,24,5,-1,-1,-1,-1,-1,-1
20151325R1039,2,19,0,9,0,8,0,0,0,0,3,1,6,1,30,6,2198,2,5,-1,1,-1
20151325R1167,1,9,0,7,0,8,0,0,0,0,1,1,6,3,-1,-1,-1,-1,-1,-1,-1,-1
20151325R1226,1,9,0,18,0,0,0,0,0,0,1,1,1,2,32,6,1299,1,12,-1,1,-1
20151325R1226,2,9,0,18,0,0,0,0,0,0,2,1,1,2,28,6,1968,2,3,-1,1,-1
20151325R1226,3,9,0,18,0,0,0,0,0,0,2,1,6,1,27,6,1598,2,4,-1,1,-1
20151325R1247,1,5,0,16,0,0,2,0,0,0,0,1,6,1,35,6,599,1,18,-1,1,-1
20151325R1272,1,9,0,9,0,8,0,0,0,0,1,1,6,1,17,4,1242,1,5,-1,2,-1
20151325R1272,2,8,0,18,0,8,0,0,0,0,1,1,1,1,31,6,1896,2,8,-1,1,-1
20151325R1317,1,9,0,11,0,1,0,0,0,0,4,1,6,1,30,6,1364,1,1,-1,1,-1
20151325R1317,2,9,0,18,0,1,0,0,0,0,3,1,6,1,23,5,1395,1,-1,-1,1,-1
20151325R1317,3,9,0,3,0,1,0,0,0,0,3,1,6,2,34,6,1794,1,14,-1,1,-1
20151325R1340,1,21,1,18,0,0,3,0,8,7,3,1,1,1,55,8,12580,2,10,-1,1,-1
20151325R1401,1,19,0,3,0,8,0,0,0,0,1,1,1,1,44,7,1995,2,2,-1,1,-1
20151325R1401,2,9,0,3,0,8,0,0,0,0,2,1,6,2,20,4,1390,1,9,-1,1,-1
20151325S0171,1,9,0,18,0,1,0,0,0,0,1,1,6,1,36,7,1968,2,1,-1,1,-1
20151325S0171,2,9,0,2,0,1,0,0,0,0,2,1,6,3,-1,-1,1870,2,10,-1,-1,-1
20151325S0382,1,9,0,4,0,1,0,0,0,0,1,1,6,2,27,6,1493,2,8,-1,-1,-1
20151325S0382,2,9,0,4,0,1,0,0,0,0,2,1,6,2,52,8,1108,1,13,-1,-1,-1
20151325S0610,1,11,0,18,0,1,0,0,0,0,0,1,1,1,42,7,7300,2,9,-1,1,-1
20151325S0655,1,1,0,18,0,0,0,0,0,0,1,1,6,1,12,3,-1,-1,-1,-1,-1,-1
20151325S0655,2,9,0,18,0,0,0,0,0,0,1,1,6,1,45,7,2143,2,1,-1,1,-1
20151325S0703,1,9,0,9,0,8,0,0,0,0,1,1,6,1,41,7,1390,1,14,-1,1,-1
20151325S0703,2,11,0,18,0,8,0,0,0,0,1,1,1,1,35,6,9360,2,7,-1,1,-1
20151325S0719,1,9,0,18,0,0,0,0,0,0,3,1,6,3,-1,-1,-1,-1,-1,-1,-1,-1
20151325S0964,1,9,0,9,0,6,0,0,0,0,3,1,2,2,32,6,1596,1,8,-1,1,-1
20151325S0964,2,3,0,18,0,8,0,0,0,0,1,1,6,1,20,4,98,1,34,-1,1,-1
20151325S1038,1,9,0,9,0,5,0,0,0,0,3,1,6,1,32,6,1242,1,-1,-1,-1,-1
20151325S1038,2,1,0,18,0,8,0,0,0,0,1,1,6,1,51,8,-1,-1,-1,-1,-1,-1
20151325S1123,1,9,0,6,0,1,0,0,0,0,3,1,6,1,29,6,1560,2,10,-1,3,-1
20151325S1123,2,9,0,7,0,1,0,0,0,0,4,1,2,2,19,4,1242,1,6,-1,3,-1
20151325S1287,1,9,0,18,0,6,0,0,0,0,1,1,6,1,32,6,1910,2,6,-1,3,-1
20151325S1287,2,9,0,18,0,8,0,0,0,0,3,1,1,1,57,9,1499,2,-1,-1,1,-1
20151325S1533,1,9,0,17,0,8,2,10,7,11,4,1,6,2,20,4,998,1,12,-1,1,-1
20151325S1622,1,9,0,18,0,0,5,0,0,0,2,1,6,2,38,7,1360,1,9,-1,1,-1
20151325S1622,2,9,0,2,0,0,0,0,0,0,1,1,6,1,-1,-1,1368,1,5,-1,-1,-1
20151325T0193,1,9,0,9,0,6,0,0,0,0,1,1,2,1,51,8,1149,1,13,-1,1,-1
20151325T0193,2,19,0,18,0,8,0,0,0,0,1,1,1,1,43,7,2143,2,4,-1,1,-1
20151325T0196,1,9,0,9,0,4,0,0,0,0,4,1,2,2,33,6,998,1,1,-1,1,-1
20151325T0196,2,3,0,18,0,8,0,0,0,0,1,1,2,1,62,9,124,1,3,-1,1,-1
20151325T0217,1,9,0,18,0,8,0,0,0,0,1,1,2,1,51,8,998,1,7,-1,1,-1
20151325T0217,2,9,0,18,0,8,0,0,0,0,1,1,2,1,29,6,1968,2,7,-1,1,-1
20151325T0240,1,19,0,18,0,0,1,0,0,0,1,1,2,1,26,6,2300,2,9,-1,1,-1
20151325T0240,2,9,0,18,0,0,0,0,0,0,1,1,2,1,42,7,-1,-1,-1,-1,1,-1
20151325T0240,3,9,0,18,0,0,0,0,0,0,2,1,2,1,48,8,1997,2,5,-1,1,-1
20151325T0294,1,9,0,5,0,6,0,0,1,1,1,1,1,1,21,5,1995,2,6,-1,1,-1
20151325T0294,2,9,0,18,0,1,0,0,1,0,3,1,6,2,42,7,1598,1,7,-1,1,-1
20151325T0653,1,11,0,2,0,0,0,0,0,0,0,1,1,1,54,8,7300,2,11,-1,1,-1
20151325T0944,1,2,0,18,0,0,1,0,0,0,1,1,6,1,21,5,124,1,4,-1,1,-1
20151325T0944,2,9,0,18,0,0,0,0,0,0,1,1,6,1,28,6,1598,2,1,-1,1,-1
20151325T0982,1,9,0,1,0,0,0,0,0,0,2,1,6,2,-1,-1,-1,-1,-1,-1,-1,-1
20151325T1222,1,9,0,18,0,1,0,0,0,0,3,1,1,1,49,8,1968,2,4,-1,1,-1
20151325T1222,2,9,0,6,0,1,0,0,0,0,3,1,6,1,34,6,1900,2,10,-1,1,-1
20151325T1224,1,9,0,18,0,0,0,0,0,0,1,1,6,2,44,7,1995,2,8,-1,1,-1
20151325T1379,1,9,0,18,0,8,0,0,0,0,1,1,6,2,48,8,1560,2,2,-1,1,-1
20151325T1379,2,9,0,18,0,8,0,0,0,0,4,1,6,1,27,6,1984,1,5,-1,1,-1
20151325U0067,1,9,0,17,0,0,2,0,1,0,1,1,6,1,27,6,1299,1,11,-1,1,-1
20151325U0270,1,9,0,18,0,1,0,0,0,0,1,1,6,3,-1,-1,1390,1,11,-1,-1,-1
20151325U0270,2,8,0,18,0,1,0,0,0,0,2,1,1,1,33,6,1598,2,5,-1,1,-1
20151325U0312,1,9,0,18,0,0,1,4,0,0,1,1,6,1,24,5,1149,1,12,-1,1,-1
20151325U0312,2,9,0,2,0,0,0,0,0,0,1,1,6,3,-1,-1,1399,2,10,-1,-1,-1
20151325U0312,3,9,0,2,0,0,0,0,0,0,1,1,6,3,-1,-1,1896,2,13,-1,-1,-1
20151325U0312,4,9,0,2,0,0,0,0,0,0,1,1,6,3,-1,-1,1497,1,14,-1,-1,-1
20151325U0408,1,9,0,18,0,1,0,0,0,0,1,1,6,2,49,8,1242,1,11,-1,1,-1
20151325U0618,1,9,0,18,0,1,0,0,0,0,4,1,6,2,40,7,1364,1,6,-1,1,-1
20151325U0766,1,9,0,18,0,8,0,0,0,0,3,1,6,1,41,7,2179,2,1,-1,1,-1
20151325U0913,1,9,0,18,0,1,0,0,0,0,4,1,6,1,34,6,-1,-1,-1,-1,1,-1
20151325U1125,1,11,0,2,2,0,0,0,0,0,0,1,1,1,56,9,5480,2,14,-1,1,-1
20151325U1189,1,9,0,18,0,0,0,0,0,0,1,1,6,1,45,7,1595,1,16,-1,1,-1
20151325U1262,1,9,0,18,0,8,0,0,0,0,1,1,6,2,36,7,1242,1,6,-1,1,-1
20151325U1262,2,9,0,18,0,8,0,0,0,0,3,1,6,2,35,6,1598,2,1,-1,1,-1
20151325U1386,1,11,0,18,0,0,0,0,0,0,0,1,1,1,54,8,9600,2,15,-1,-1,-1
20151325U1409,1,19,0,18,0,8,1,0,0,0,3,1,6,1,30,6,1998,2,9,-1,1,-1
20151325U1605,1,9,0,9,0,8,0,0,0,0,1,1,6,1,-1,-1,-1,-1,-1,-1,-1,-1
20151325U1605,2,5,0,3,0,1,0,0,0,0,1,1,6,1,39,7,998,1,13,-1,1,-1
20151325U1757,1,9,0,17,0,0,1,0,0,0,1,1,6,2,27,6,2000,2,11,-1,-1,-1
20151325U1757,2,9,0,2,0,0,2,0,0,0,2,1,6,3,-1,-1,1870,2,16,-1,1,-1
20151325U1778,1,3,0,18,0,8,0,0,0,0,1,1,6,3,-1,-1,-1,-1,-1,-1,-1,-1
20151325V0050,1,8,0,18,0,0,0,0,0,0,3,1,6,3,-1,-1,-1,-1,-1,-1,-1,-1
20151325V0050,2,9,0,18,0,0,0,0,0,0,3,1,6,2,18,4,1461,2,12,-1,1,-1
20151325V0173,1,8,0,4,0,2,0,0,0,0,3,1,1,1,-1,-1,-1,-1,-1,-1,-1,-1
20151325V0307,1,9,0,18,0,8,0,0,1,10,1,1,6,1,21,5,1199,1,15,-1,1,-1
20151325V0422,1,9,0,16,0,0,0,0,7,4,1,1,2,1,57,9,1598,1,17,-1,1,-1
20151325V0473,1,9,0,16,0,0,0,2,1,4,2,1,6,1,28,6,1149,1,12,-1,1,-1
20151325V0514,1,8,0,9,0,6,0,0,0,0,1,1,1,1,55,8,1896,2,6,-1,-1,-1
20151325V0514,2,9,0,18,0,8,0,0,0,0,1,1,6,1,61,9,1248,2,11,-1,1,-1
20151325V0520,1,1,0,11,0,0,5,0,0,0,2,1,6,1,41,7,-1,-1,-1,-1,1,-1
20151325V0520,2,9,0,12,0,0,0,0,0,0,3,1,6,1,37,7,1598,1,10,-1,1,-1
20151325V0531,1,9,0,18,0,1,0,0,0,0,1,1,2,1,22,5,1248,2,7,-1,1,-1
20151325V0531,2,1,0,18,0,1,0,0,0,0,2,1,6,1,44,7,-1,-1,-1,-1,1,-1
20151325V0640,1,9,0,18,0,1,0,0,0,0,1,1,6,3,-1,-1,-1,-1,-1,-1,-1,-1
20151325V0675,1,9,0,7,0,8,0,0,0,0,1,1,6,2,55,8,1769,1,11,-1,2,-1
20151325V0675,2,5,0,18,0,1,5,0,0,0,3,1,6,1,53,8,1520,1,18,-1,2,-1
20151325V0802,1,9,0,4,0,1,0,0,0,0,2,1,6,1,42,7,1910,2,5,-1,1,-1
20151325V0802,2,9,0,18,0,1,0,0,0,0,1,1,6,1,38,7,-1,-1,-1,-1,1,-1
20151325V0900,1,5,0,18,0,2,0,10,1,0,0,1,6,1,63,9,1202,1,3,-1,1,-1
20151325V0929,1,19,0,11,0,8,0,0,0,0,4,1,1,1,26,6,2287,2,2,-1,1,-1
20151325V0929,2,9,0,18,0,8,0,2,4,1,3,1,2,2,22,5,1560,2,1,-1,2,-1
20151325V1029,1,9,0,1,0,0,0,0,0,0,2,1,6,2,48,8,1229,1,8,-1,1,-1
20151325V1154,1,9,0,1,0,0,0,0,7,11,3,1,6,1,44,7,2987,2,6,-1,1,-1
20151325V1154,2,9,0,2,0,0,0,0,0,0,2,1,6,3,-1,-1,2982,2,12,-1,-1,-1
20151325V1154,3,9,0,2,0,0,0,0,0,0,2,1,6,3,-1,-1,1796,1,9,-1,-1,-1
20151325V1232,1,9,0,15,0,0,0,0,0,0,1,1,6,2,35,6,1198,1,10,-1,2,-1
20151325V1232,2,8,0,2,0,0,0,0,0,0,2,1,1,1,35,6,1968,2,6,-1,1,-1
20151325V1415,1,4,0,7,0,6,5,0,0,0,4,1,6,1,21,5,-1,-1,-1,-1,1,-1
20151325V1415,2,3,0,7,0,6,0,0,0,0,0,1,6,1,21,5,-1,-1,-1,-1,1,-1
2015132610127,1,9,0,18,0,8,0,0,7,4,1,1,6,1,42,7,1422,2,11,-1,1,-1
2015132610152,1,9,0,18,0,0,0,0,0,0,2,1,1,1,23,5,1984,1,5,-1,1,-1
2015132610152,2,9,0,18,0,0,0,0,0,0,2,1,1,1,60,9,1997,2,1,-1,3,-1
2015132610152,3,9,0,18,0,0,0,0,0,0,2,1,1,1,53,8,1598,2,1,-1,1,-1
2015132610152,4,9,0,18,0,0,0,0,0,0,2,1,1,1,59,9,1796,1,16,-1,1,-1
2015132610152,5,9,0,18,0,0,0,0,0,0,1,1,1,1,25,5,-1,-1,-1,-1,1,-1
2015132610539,1,9,0,11,0,3,0,0,0,0,1,1,6,1,66,10,1598,2,4,-1,1,-1
2015132610539,2,21,0,17,0,8,0,0,0,0,3,1,1,1,37,7,8867,2,7,-1,1,-1
2015132610552,1,20,0,18,0,0,0,0,0,0,4,1,1,3,-1,-1,-1,-1,-1,-1,-1,-1
2015132610654,1,9,0,18,0,0,0,0,0,0,1,1,6,3,-1,-1,-1,-1,-1,-1,-1,-1
2015132610701,1,9,0,5,0,0,0,0,0,0,3,1,6,1,45,7,-1,-1,-1,-1,1,-1
2015132610701,2,4,0,18,0,0,0,0,0,0,1,1,6,1,21,5,498,1,27,-1,1,-1
2015132610972,1,9,0,18,0,8,5,0,0,0,4,1,6,2,52,8,996,1,1,-1,1,-1
2015132610972,2,9,0,18,0,4,0,0,0,0,1,1,2,2,43,7,1999,1,2,-1,1,-1
2015132610982,1,21,1,12,0,0,0,0,0,0,3,1,1,1,-1,-1,-1,-1,-1,-1,-1,-1
2015132610982,2,9,0,18,0,0,0,0,0,0,4,1,6,2,23,5,-1,-1,-1,-1,-1,-1
2015132611001,1,9,0,9,0,8,0,0,0,0,1,1,6,1,19,4,1390,1,14,-1,1,-1
2015132611001,2,9,0,18,0,8,0,0,0,0,1,1,6,1,20,4,-1,-1,-1,-1,2,-1
2015132611001,3,9,0,3,0,1,0,0,0,0,1,1,6,1,24,5,2184,2,12,-1,1,-1
2015132611030,1,9,0,7,0,6,0,0,0,0,1,1,6,1,29,6,1685,2,2,-1,1,-1
2015132611030,2,9,0,18,0,1,0,0,0,0,1,1,6,1,41,7,1587,1,8,-1,1,-1
2015132611045,1,9,0,9,0,6,0,0,0,0,1,1,6,2,37,7,2497,2,9,-1,1,-1
2015132611045,2,2,0,18,0,1,0,0,0,0,4,1,6,1,23,5,125,1,2,-1,-1,-1
2015132611091,1,9,0,18,0,1,0,0,0,0,1,1,6,1,28,6,1900,2,11,-1,1,-1
2015132611091,2,9,0,4,0,1,0,0,0,0,2,1,2,1,51,8,-1,-1,-1,-1,1,-1
2015132611111,1,9,0,10,0,8,0,0,0,0,3,1,6,1,25,5,1597,2,1,-1,2,-1
2015132611111,2,9,0,7,0,2,0,0,0,0,1,1,6,1,-1,-1,1995,2,3,-1,1,-1
2015132611206,1,9,0,13,0,0,1,0,6,0,4,1,6,1,22,5,1896,2,11,-1,1,-1
2015132611206,2,9,0,4,0,0,0,0,0,0,3,1,6,1,42,7,1968,2,10,-1,3,-1
2015132611206,3,9,0,4,0,0,0,0,0,0,3,1,6,2,41,7,1986,2,8,-1,1,-1
2015132611206,4,9,0,18,0,0,0,0,0,0,1,1,6,1,37,7,1997,2,13,-1,1,-1
2015132611215,1,9,0,7,0,4,1,0,0,0,1,1,6,1,31,6,1997,2,11,-1,-1,-1
2015132611215,2,9,0,18,0,4,1,0,7,11,1,1,6,1,26,6,-1,-1,-1,-1,-1,-1
2015132611450,1,9,0,18,0,4,0,9,1,1,1,1,6,1,42,7,2497,1,13,-1,2,-1
2015132611450,2,9,0,18,0,8,0,0,1,11,3,1,6,1,33,6,1600,2,5,-1,1,-1
2015132620223,1,9,0,4,0,0,0,0,0,0,0,1,2,1,58,9,1587,1,11,-1,3,-1
2015132620223,2,19,0,18,0,0,0,0,0,0,2,1,2,1,41,7,2198,2,1,-1,2,-1
2015132620223,3,19,0,18,0,0,0,0,0,0,1,1,2,1,22,5,1560,2,1,-1,2,-1
2015132620223,4,9,0,18,0,0,0,0,0,0,1,1,2,1,56,9,1896,2,10,-1,3,-1
2015132620243,1,9,0,6,0,0,0,0,0,0,3,1,1,2,36,7,1242,1,3,-1,1,-1
2015132620243,2,5,0,18,0,0,0,0,0,0,1,1,1,1,35,6,-1,-1,-1,-1,1,-1
2015132620256,1,1,0,18,0,1,0,0,0,0,3,1,6,1,48,8,-1,-1,-1,-1,1,-1
2015132620256,2,19,0,7,0,8,0,0,0,0,4,1,6,1,32,6,2198,2,6,-1,1,-1
2015132620270,1,9,0,17,0,1,0,0,0,0,3,1,3,2,33,6,1598,1,12,-1,2,-1
2015132620270,2,8,0,17,0,1,0,0,0,0,3,1,3,1,34,6,1584,1,8,-1,1,-1
2015132620278,1,9,0,18,0,0,0,0,0,0,1,1,6,2,24,5,1910,2,9,-1,1,-1
2015132620299,1,19,0,9,0,0,0,0,0,0,4,1,6,1,-1,-1,2198,2,5,-1,3,-1
2015132620299,2,1,0,18,0,0,0,0,0,0,1,1,6,1,29,6,-1,-1,-1,-1,1,-1
2015132620532,1,11,0,2,0,0,0,0,0,0,4,1,1,1,45,7,7300,2,8,-1,3,-1
2015132620702,1,9,0,9,0,4,0,0,0,0,3,1,6,1,82,11,1396,1,14,-1,1,-1
2015132620702,2,1,0,18,0,8,5,0,0,0,4,1,1,2,36,7,-1,-1,-1,-1,1,-1
2015132620964,1,11,0,16,0,0,0,0,0,0,4,1,1,1,65,9,7300,2,12,-1,-1,-1
2015132620964,2,1,0,16,0,0,0,0,0,0,3,1,6,1,35,6,-1,-1,-1,-1,1,-1
2015132621016,1,9,0,18,0,0,0,0,0,0,1,1,6,3,-1,-1,-1,-1,-1,-1,-1,-1
2015132621016,2,1,0,14,0,0,0,0,0,0,2,1,6,1,47,8,-1,-1,-1,-1,1,-1
2015132621018,1,9,0,18,0,4,0,0,0,0,1,1,6,1,65,9,1686,2,10,-1,2,-1
2015132621018,2,9,0,9,0,8,0,0,0,0,4,1,6,2,30,6,1997,2,11,-1,3,-1
2015132621066,1,9,0,18,0,2,0,0,0,0,1,1,6,1,-1,-1,-1,-1,-1,-1,-1,-1
2015132621245,1,11,0,4,0,0,0,0,0,0,0,1,1,1,46,8,6692,2,3,-1,1,-1
2015132621257,1,9,0,5,0,4,0,0,0,0,1,1,6,2,43,7,1596,1,8,-1,1,-1
2015132621257,2,9,0,4,0,4,0,0,0,0,2,1,6,2,45,7,1996,1,17,-1,1,-1
2015132621363,1,9,0,3,0,1,0,0,0,0,2,1,2,2,24,5,1461,2,9,-1,1,-1
2015132621363,2,9,0,3,0,1,0,0,0,0,1,1,2,2,37,7,1242,1,8,-1,1,-1
2015132630303,1,10,0,9,0,5,0,0,0,0,4,1,1,1,31,6,-1,-1,-1,-1,1,-1
2015132630303,2,1,0,18,0,8,0,0,0,0,1,1,2,1,40,7,-1,-1,-1,-1,1,-1
2015132630575,1,9,0,1,0,0,0,0,0,0,2,1,6,2,-1,-1,-1,-1,-1,-1,-1,-1
2015132630633,1,9,0,3,0,1,0,0,0,0,2,1,6,2,18,4,1198,1,13,-1,1,-1
2015132630633,2,9,0,18,0,1,0,0,0,0,1,1,6,2,65,9,1968,2,8,-1,1,-1
2015132630652,1,9,0,10,0,6,0,0,0,0,3,1,6,1,33,6,1968,2,10,-1,1,-1
2015132630652,2,4,0,18,0,8,0,0,0,0,1,1,6,1,22,5,675,1,8,-1,1,-1
2015132630813,1,19,0,2,0,0,0,0,0,0,0,1,1,1,33,6,2402,2,5,-1,1,-1
2015132630813,2,9,0,18,0,0,0,0,0,0,0,1,6,2,64,9,1229,1,5,-1,1,-1
2015132630916,1,9,0,4,0,4,2,0,3,10,1,1,2,1,22,5,1598,2,-1,-1,1,-1
2015132630916,2,9,0,4,0,4,0,0,0,0,0,1,6,3,-1,-1,-1,-1,-1,-1,-1,-1
2015132631135,1,9,0,9,0,1,0,0,0,0,1,1,6,1,22,5,1364,1,8,-1,1,-1
2015132631135,2,5,0,18,0,1,2,0,0,0,1,1,2,1,62,9,644,1,12,-1,3,-1
2015132631147,1,9,0,18,0,8,0,0,0,0,1,1,6,1,23,5,1398,1,2,-1,2,-1
2015132631147,2,9,0,9,0,6,0,0,0,0,1,1,6,2,69,10,1149,1,11,-1,2,-1
2015132631535,1,8,0,17,0,2,0,0,0,0,1,1,6,1,49,8,1968,2,3,-1,1,-1
2015132631535,2,9,0,16,0,1,0,0,0,0,1,1,1,2,59,9,998,1,7,-1,1,-1
2015132631593,1,9,0,18,0,1,0,0,0,0,3,1,6,1,50,8,1363,2,11,-1,1,-1
2015132631593,2,9,0,11,0,1,0,0,0,0,4,1,6,3,-1,-1,1598,2,-1,-1,-1,-1
2015132631660,1,9,0,6,0,0,0,0,0,0,4,1,2,1,57,9,996,1,2,-1,-1,-1
2015132631660,2,5,0,18,0,0,0,0,0,0,1,1,6,1,27,6,-1,-1,-1,-1,-1,-1
2015132640243,1,19,0,18,0,0,0,0,7,10,1,1,2,1,52,8,1968,2,1,-1,1,-1
2015132640274,1,9,0,5,0,8,0,0,0,0,1,1,2,2,22,5,1299,1,7,-1,1,-1
2015132640274,2,9,0,18,0,8,0,0,0,0,1,1,6,1,51,8,1796,1,10,-1,1,-1
2015132640280,1,9,0,7,0,1,0,0,0,0,1,1,2,2,30,6,1229,1,8,-1,1,-1
2015132640378,1,9,0,18,0,0,0,0,0,0,1,1,6,1,65,9,1242,1,1,-1,1,-1
2015132640378,2,9,0,2,0,0,0,0,0,0,2,1,1,1,52,8,1968,2,7,-1,1,-1
2015132640405,1,19,0,7,0,8,0,0,0,0,4,1,6,1,-1,-1,-1,-1,-1,-1,-1,-1
2015132640405,2,1,0,7,0,8,0,0,0,0,1,1,6,1,25,5,-1,-1,-1,-1,1,-1
2015132640448,1,19,0,18,0,0,0,0,0,0,4,1,1,1,-1,-1,2298,2,2,-1,-1,-1
2015132640506,1,9,0,18,0,0,0,0,0,0,1,1,6,1,59,9,1999,1,11,-1,2,-1
2015132640506,2,9,0,18,0,0,0,0,0,0,1,1,6,1,19,4,999,1,9,-1,2,-1
2015132640593,1,21,0,5,0,0,0,0,0,0,3,1,1,1,42,7,6870,2,1,-1,1,-1
2015132640593,2,1,0,14,0,0,0,0,0,0,1,1,6,1,67,10,-1,-1,-1,-1,-1,-1
2015132640864,1,9,0,11,0,1,0,0,1,7,1,1,6,1,21,5,1598,1,5,-1,1,-1
2015132640864,2,19,0,18,0,1,0,0,0,0,4,1,6,1,42,7,2800,2,9,-1,1,-1
2015132641024,1,21,1,5,0,1,0,0,0,0,1,1,1,1,35,6,12130,2,13,-1,-1,-1