Accident_Index,Vehicle_Reference,Vehicle_Type,Towing_and_Articulation,Vehicle_Manoeuvre,Vehicle_Location-Restricted_Lane,Junction_Location,Skidding_and_Overturning,Hit_Object_in_Carriageway,Vehicle_Leaving_Carriageway,Hit_Object_off_Carriageway,1st_Point_of_Impact,Was_Vehicle_Left_Hand_Drive?,Journey_Purpose_of_Driver,Sex_of_Driver,Age_of_Driver,Age_Band_of_Driver,Engine_Capacity_(CC),Propulsion_Code,Age_of_Vehicle,Driver_IMD_Decile,Driver_Home_Area_Type,Vehicle_IMD_Decile
2015132641024,2,9,0,5,0,1,0,0,0,0,2,1,1,2,47,8,-1,-1,-1,-1,1,-1
2015132641217,1,9,0,18,0,1,0,0,0,0,1,1,6,1,-1,-1,1998,2,4,-1,-1,-1
2015132641217,2,9,0,3,0,1,0,0,1,0,2,1,6,2,25,5,1240,1,7,-1,1,-1
2015132641336,1,21,0,14,0,0,0,0,0,0,1,1,1,1,30,6,4485,2,1,-1,2,-1
2015132641511,1,20,0,6,0,0,0,0,0,0,1,1,6,1,24,5,-1,-1,-1,-1,1,-1
2015132641723,1,9,0,18,0,1,0,0,0,0,1,1,6,1,62,9,1796,1,12,-1,1,-1
2015132641723,2,1,0,18,0,6,0,0,0,0,3,1,6,1,13,3,-1,-1,-1,-1,1,-1
2015132641763,1,9,0,18,0,8,0,0,0,0,3,1,6,1,-1,-1,1896,2,7,-1,-1,-1
2015132641763,2,9,0,18,0,8,0,0,0,0,1,1,6,2,44,7,1248,2,7,-1,1,-1
2015132641775,1,9,0,18,0,6,0,0,0,0,3,1,6,1,33,6,-1,3,-1,-1,-1,-1
2015132641775,2,9,0,18,0,8,0,0,0,0,1,1,6,1,21,5,2967,2,9,-1,-1,-1
2015132650298,1,9,0,18,0,8,0,0,0,0,3,1,6,1,43,7,1364,1,6,-1,1,-1
2015132650298,2,9,0,18,0,8,0,0,0,0,3,1,6,2,18,4,1598,1,5,-1,1,-1
2015132650776,1,9,0,7,0,1,0,0,0,0,1,1,6,1,87,11,1198,1,1,-1,-1,-1
2015132650776,2,9,0,18,0,1,0,0,0,0,1,1,6,1,62,9,1968,2,-1,-1,-1,-1
2015132650776,3,11,0,9,0,1,0,0,0,0,1,1,1,1,57,9,9360,2,6,-1,-1,-1
2015132650799,1,9,0,4,0,0,0,0,0,0,2,1,6,1,44,7,1390,1,6,-1,1,-1
2015132650799,2,9,0,4,0,0,0,0,0,0,1,1,6,1,20,4,1242,1,6,-1,3,-1
2015132650901,1,9,0,7,0,1,0,0,0,0,0,1,6,2,39,7,1995,2,7,-1,2,-1
2015132650901,2,1,0,18,0,1,0,0,0,0,0,1,6,1,39,7,-1,-1,-1,-1,2,-1
2015132651032,1,9,0,9,0,8,0,0,0,0,1,1,6,2,48,8,1997,1,11,-1,1,-1
2015132651032,2,1,0,18,0,8,0,0,0,0,3,1,6,1,27,6,-1,-1,-1,-1,1,-1
2015132651033,1,9,0,18,0,4,0,0,0,0,1,1,6,1,27,6,2435,1,15,-1,1,-1
2015132651033,2,10,0,18,0,4,0,0,0,0,2,1,1,1,59,9,-1,-1,-1,-1,1,-1
2015132651057,1,9,0,18,0,8,0,0,0,0,2,1,6,1,78,11,1242,1,16,-1,1,-1
2015132651057,2,9,0,18,0,8,0,0,0,0,1,1,6,1,-1,-1,-1,-1,-1,-1,1,-1
2015132651064,1,9,0,5,0,0,0,0,0,0,0,1,3,2,28,6,1796,1,7,-1,-1,-1
2015132651111,1,5,0,9,0,8,0,0,0,0,1,1,6,2,51,8,-1,-1,-1,-1,-1,-1
2015132651111,2,5,0,18,0,8,0,0,0,0,3,1,6,1,55,8,998,1,13,-1,1,-1
2015132651157,1,9,0,18,0,1,0,2,0,0,4,1,6,3,-1,-1,-1,-1,-1,-1,-1,-1
2015132651363,1,9,0,5,0,1,0,0,0,0,3,1,6,1,38,7,1368,1,11,-1,1,-1
2015132651458,1,9,0,5,0,6,0,0,0,0,3,1,6,1,-1,-1,-1,-1,-1,-1,-1,-1
2015132651458,2,1,0,18,0,1,0,0,0,0,4,1,6,1,19,4,-1,-1,-1,-1,-1,-1
2015132651630,1,3,0,17,0,0,1,0,2,11,1,1,6,3,-1,-1,123,1,2,-1,-1,-1
2015132660211,1,9,0,18,0,8,0,0,7,10,1,1,6,1,17,4,1240,1,12,-1,1,-1
2015132660211,2,8,0,5,0,8,0,0,3,11,3,1,1,1,55,8,-1,-1,-1,-1,1,-1
2015132660240,1,9,0,18,0,0,0,10,1,7,1,1,6,2,20,4,1229,1,9,-1,-1,-1
2015132660643,1,9,0,5,0,8,0,0,0,0,3,1,6,2,56,9,998,1,11,-1,1,-1
2015132660643,2,5,0,18,0,8,0,0,0,0,1,1,6,1,56,9,599,1,17,-1,2,-1
2015132660776,1,8,0,5,0,0,0,0,0,0,0,1,1,1,-1,-1,-1,-1,-1,-1,-1,-1
2015132660788,1,9,0,3,0,0,0,0,0,0,2,1,6,2,31,6,1390,1,-1,-1,3,-1
2015132660788,2,9,0,4,0,0,0,0,0,0,1,1,6,2,24,5,998,1,7,-1,1,-1
2015132660836,1,9,0,18,0,1,0,0,0,0,1,1,6,2,40,7,1461,2,5,-1,-1,-1
2015132660836,2,9,0,18,0,1,0,0,0,0,3,1,6,2,31,6,-1,-1,-1,-1,-1,-1
2015132660932,1,3,0,13,0,8,0,0,0,0,4,1,6,1,21,5,124,1,10,-1,1,-1
2015132660932,2,9,0,9,0,5,0,0,0,0,3,1,6,2,51,8,1390,1,9,-1,1,-1
2015132661053,1,9,0,18,0,0,5,0,0,0,1,1,6,1,20,4,1299,1,14,-1,1,-1
2015132661053,2,9,0,2,0,0,0,0,0,0,2,1,6,2,-1,-1,1598,1,10,-1,-1,-1
2015132661152,1,9,0,9,0,8,0,0,0,0,1,1,6,1,26,6,1968,2,-1,-1,1,-1
2015132661152,2,9,0,18,0,8,0,10,1,11,1,1,6,2,27,6,1360,1,9,-1,1,-1
2015132661170,1,9,0,4,0,1,0,0,0,0,1,1,6,1,82,11,999,1,3,-1,1,-1
2015132661170,2,9,0,3,0,1,0,0,0,0,2,1,6,2,59,9,1995,2,10,-1,-1,-1
2015132661336,1,9,0,9,0,8,0,0,0,0,3,1,6,2,28,6,1398,1,8,-1,1,-1
2015132661336,2,3,0,18,0,8,2,0,0,0,1,1,6,1,23,5,125,1,1,-1,1,-1
2015132661366,1,9,0,6,0,0,0,0,0,0,2,1,1,2,34,6,1248,2,4,-1,1,-1
2015132661366,2,9,0,18,0,0,0,0,0,0,1,1,6,2,40,7,1598,1,2,-1,1,-1
2015132661455,1,8,0,6,0,6,0,0,0,0,3,1,1,1,30,6,1910,2,9,-1,1,-1
2015132661455,2,9,0,18,0,8,0,0,0,0,1,1,6,2,41,7,1598,1,13,-1,1,-1
2015132661509,1,9,0,18,0,8,0,0,0,0,4,1,6,1,21,5,1598,1,13,-1,1,-1
2015132661509,2,9,0,18,0,8,0,0,0,0,1,1,6,2,41,7,1248,2,3,-1,1,-1
2015132661532,1,9,0,18,0,8,0,0,0,0,1,1,6,1,33,6,1587,1,11,-1,1,-1
2015132661652,1,9,0,9,0,6,0,0,0,0,3,1,6,1,49,8,2993,2,8,-1,1,-1
2015132661652,2,9,0,18,0,1,0,0,0,0,1,1,6,1,22,5,1197,1,1,-1,2,-1
2015132661652,3,9,0,8,0,2,0,0,0,0,3,1,6,1,60,9,1798,1,7,-1,1,-1
2015132670440,1,9,0,18,0,0,0,0,0,0,1,1,1,2,44,7,1596,1,9,-1,1,-1
2015132670440,2,1,0,18,0,0,0,0,0,0,2,1,1,1,22,5,-1,-1,-1,-1,1,-1
2015132670487,1,1,0,18,4,0,0,0,0,0,1,1,6,1,48,8,-1,-1,-1,-1,1,-1
2015132670487,2,9,0,7,0,0,0,0,0,0,4,1,6,1,38,7,1753,2,12,-1,1,-1
2015132670541,1,1,0,18,0,0,0,0,0,0,1,1,6,1,25,5,-1,-1,-1,-1,1,-1
2015132670541,2,9,0,6,0,0,0,0,0,0,3,1,6,1,68,10,1796,1,12,-1,1,-1
2015132670657,1,19,0,18,0,1,0,0,0,0,1,1,6,1,31,6,-1,-1,-1,-1,-1,-1
2015132670657,2,9,0,7,0,1,0,0,0,0,2,1,6,2,24,5,-1,-1,-1,-1,1,-1
2015132670672,1,9,0,18,0,0,0,0,0,0,1,1,6,2,25,5,1461,2,5,-1,1,-1
2015132670672,2,9,0,10,0,0,0,0,0,0,2,1,2,2,49,8,1149,1,10,-1,1,-1
2015132670727,1,5,0,9,0,8,0,0,0,0,0,1,6,1,53,8,955,1,13,-1,1,-1
2015132670727,2,9,0,18,0,4,0,0,0,0,0,1,6,2,57,9,998,1,1,-1,1,-1
2015132670736,1,9,0,2,0,0,0,0,0,0,2,1,6,1,-1,-1,1588,1,16,-1,-1,-1
2015132670736,2,9,0,18,0,0,0,4,0,0,1,1,6,2,71,10,1248,1,1,-1,1,-1
2015132670907,1,9,0,18,0,8,0,0,0,0,1,1,6,1,53,8,1956,2,4,-1,-1,-1
2015132670907,2,9,0,9,0,8,0,0,0,0,3,1,6,1,-1,-1,-1,-1,-1,-1,-1,-1
2015132671013,1,9,0,18,0,0,0,0,0,0,1,1,6,2,54,8,1349,1,1,-1,1,-1
2015132671254,1,9,0,7,0,5,0,0,0,0,4,1,6,1,45,7,1991,2,6,-1,1,-1
2015132671254,2,1,0,18,0,8,0,0,0,0,1,1,6,1,21,5,-1,-1,-1,-1,-1,-1
2015132671255,1,19,0,5,0,4,0,0,0,0,3,1,6,2,61,9,-1,-1,-1,-1,-1,-1
2015132671255,2,5,0,18,0,8,0,0,0,0,1,1,6,1,22,5,645,1,6,-1,-1,-1
2015132671276,1,9,0,9,0,8,0,0,0,0,1,1,6,1,20,4,2000,1,9,-1,1,-1
2015132671281,1,9,0,18,0,0,0,0,0,0,1,1,6,1,21,5,998,1,5,-1,1,-1
2015132671696,1,9,0,16,0,0,1,0,0,0,1,1,6,1,21,5,1299,1,12,-1,1,-1
2015132671696,2,9,0,17,0,0,0,0,1,4,1,1,6,2,30,6,1560,2,8,-1,1,-1
2015132680058,1,9,0,18,0,0,1,0,1,11,4,1,6,1,60,9,2902,2,9,-1,-1,-1
2015132680058,2,9,0,18,0,0,0,0,0,0,3,1,6,1,29,6,1781,1,11,-1,1,-1
2015132680058,3,9,0,18,0,0,0,4,0,0,3,1,6,1,44,7,1968,2,1,-1,1,-1
2015132680058,4,9,0,2,0,0,0,0,0,0,4,1,6,3,-1,-1,998,1,7,-1,-1,-1
2015132680219,1,9,0,18,0,1,0,0,0,0,2,1,2,1,25,5,1910,2,8,-1,1,-1
2015132680219,2,9,0,18,0,1,0,0,0,0,2,1,2,1,23,5,1598,2,4,-1,1,-1
2015132680219,3,9,4,18,0,1,0,0,0,0,1,1,1,1,70,10,2446,2,14,-1,1,-1
2015132680233,1,19,0,18,0,0,0,10,7,2,1,1,6,1,68,10,1995,2,8,-1,1,-1
2015132680233,2,9,0,18,0,0,0,0,0,0,2,1,6,2,61,9,1242,1,5,-1,1,-1
2015132680356,1,9,0,18,0,1,0,0,0,0,4,1,1,1,34,6,1242,1,5,-1,1,-1
2015132680356,2,1,0,18,0,1,0,0,0,0,3,1,1,1,43,7,-1,-1,-1,-1,1,-1
2015132680555,1,9,0,18,0,8,0,0,0,0,1,1,6,1,22,5,1198,1,9,-1,1,-1
2015132680555,2,9,0,18,0,8,0,0,0,0,3,1,6,1,38,7,-1,-1,-1,-1,1,-1
2015132680594,1,19,0,18,0,8,0,0,0,0,1,1,1,1,42,7,2460,2,11,-1,1,-1
2015132680594,2,9,0,11,0,8,0,0,0,0,2,1,6,1,56,9,1329,1,4,-1,1,-1
2015132680601,1,9,0,18,0,0,0,0,0,0,0,1,6,3,-1,-1,-1,-1,-1,-1,-1,-1
2015132680601,2,11,0,18,0,0,0,0,0,0,0,1,1,1,24,5,9360,2,6,-1,1,-1
2015132680668,1,11,0,18,0,0,0,0,0,0,1,1,1,1,55,8,4250,2,5,-1,3,-1
2015132681107,1,9,0,1,0,1,0,0,0,0,2,1,6,1,-1,-1,1896,2,13,-1,-1,-1
2015132681107,2,9,0,18,0,1,0,0,0,0,0,1,1,1,31,6,2993,2,2,-1,1,-1
2015132681107,3,19,0,18,0,1,0,0,0,0,1,1,2,1,29,6,1870,2,9,-1,1,-1
2015132681138,1,1,0,18,0,1,0,0,0,0,3,1,6,1,30,6,-1,-1,-1,-1,1,-1
2015132681138,2,21,1,11,0,1,0,0,0,0,4,1,6,3,-1,-1,-1,-1,-1,-1,-1,-1
2015132681158,1,3,0,15,0,8,2,0,0,0,0,1,2,1,21,5,125,1,9,-1,1,-1
2015132681158,2,9,0,7,0,6,0,0,0,0,0,1,6,1,21,5,1248,2,8,-1,1,-1
2015132681279,1,9,0,18,0,0,1,0,2,0,4,1,2,1,48,8,1995,2,9,-1,-1,-1
2015132681279,2,9,0,6,8,0,0,0,0,0,1,1,6,1,28,6,1461,2,7,-1,2,-1
2015132681281,1,9,0,18,0,8,0,0,0,0,3,1,2,2,24,5,998,1,3,-1,1,-1
2015132681281,2,9,0,3,0,8,0,0,0,0,4,1,6,1,24,5,1590,1,13,-1,1,-1
2015132681382,1,21,0,18,0,0,5,0,1,11,0,1,1,1,49,8,9290,2,4,-1,1,-1
2015132681382,2,9,0,13,0,0,0,0,0,0,0,1,6,3,-1,-1,-1,-1,-1,-1,-1,-1
2015132681475,1,9,0,18,0,3,0,0,0,0,1,1,6,1,19,4,1124,1,12,-1,2,-1
2015132681694,1,9,0,5,0,7,1,0,0,0,2,1,6,1,21,5,1686,2,9,-1,1,-1
2015132681694,2,9,0,18,0,8,1,0,0,0,1,1,6,1,21,5,1587,1,13,-1,1,-1
2015132690217,1,11,0,18,0,8,0,0,0,0,3,1,1,1,23,5,9360,2,6,-1,1,-1
2015132690217,2,5,0,18,0,8,1,0,0,0,1,1,6,1,28,6,670,1,3,-1,1,-1
2015132690225,1,9,0,9,0,1,0,0,0,0,4,1,2,2,58,9,1598,2,5,-1,1,-1
2015132690225,2,1,0,18,0,1,0,0,0,0,1,1,2,1,27,6,-1,-1,-1,-1,1,-1
2015132690265,1,9,0,18,0,2,0,0,0,0,4,1,2,1,31,6,1799,1,9,-1,1,-1
2015132690265,2,11,0,18,0,2,0,0,0,0,0,1,1,1,47,8,-1,-1,-1,-1,1,-1
2015132690372,1,9,0,1,0,0,0,0,0,0,2,1,6,1,49,8,-1,-1,-1,-1,1,-1
2015132690696,1,9,0,18,0,8,0,0,0,0,1,1,6,2,-1,-1,-1,-1,-1,-1,-1,-1
2015132690697,1,9,0,18,0,1,0,0,0,0,1,1,1,1,22,5,1598,2,4,-1,1,-1
2015132690793,1,9,0,9,0,6,0,0,1,11,3,1,1,1,32,6,1968,2,2,-1,-1,-1
2015132690793,2,21,0,18,0,1,1,0,0,0,1,1,1,1,44,7,-1,-1,-1,-1,-1,-1
2015132690906,1,19,0,18,0,0,0,0,0,0,1,1,6,1,49,8,-1,-1,-1,-1,-1,-1
2015132691050,1,10,0,18,0,0,0,0,0,0,4,1,1,1,28,6,-1,-1,-1,-1,2,-1
2015132691088,1,9,0,18,0,1,0,0,0,0,1,1,6,1,56,9,1299,1,14,-1,1,-1
2015132691088,2,9,0,8,0,1,0,0,0,0,2,1,6,1,53,8,1998,2,11,-1,1,-1
2015132691104,1,9,0,15,0,6,0,0,0,0,1,1,6,1,21,5,1968,2,1,-1,1,-1
2015132691104,2,4,0,18,0,1,0,0,0,0,4,1,6,2,24,5,124,1,2,-1,1,-1
2015132691193,1,1,0,18,0,0,0,0,0,0,3,1,2,2,35,6,-1,-1,-1,-1,3,-1
2015132691193,2,9,0,13,0,0,0,0,0,0,4,1,6,3,-1,-1,-1,-1,-1,-1,-1,-1
2015132691202,1,9,0,1,0,0,0,0,0,0,2,1,6,1,27,6,1497,8,11,-1,1,-1
2015132691202,2,9,0,2,0,0,0,0,0,0,1,1,6,2,35,6,1896,2,11,-1,1,-1
2015132691300,1,9,0,3,0,1,0,0,0,0,2,1,6,2,28,6,-1,-1,-1,-1,1,-1
2015132691300,2,9,0,3,0,1,0,0,0,0,2,1,6,1,-1,-1,1956,2,4,-1,1,-1
2015132691300,3,19,0,4,0,1,0,0,0,0,1,1,6,1,33,6,2198,2,1,-1,1,-1
2015132691313,1,9,0,18,0,8,0,0,0,0,1,1,6,1,72,10,1596,1,13,-1,1,-1
2015132691313,2,9,0,18,0,8,0,0,0,0,2,1,6,1,39,7,1364,1,9,-1,1,-1
2015132691318,1,1,0,18,0,0,0,0,0,0,1,1,6,1,44,7,-1,-1,-1,-1,1,-1
2015132691337,1,3,0,14,0,0,0,0,0,0,4,1,6,1,42,7,125,1,6,-1,1,-1
2015132691337,2,9,0,12,0,0,0,0,0,0,3,1,6,1,34,6,1796,1,10,-1,1,-1
20151326A0047,1,9,0,9,0,2,0,0,0,0,1,1,6,3,-1,-1,-1,-1,-1,-1,-1,-1
20151326A0197,1,9,0,18,0,4,0,0,0,0,1,1,2,1,60,9,1797,8,5,-1,3,-1
20151326A0197,2,1,0,18,0,8,2,0,0,0,2,1,2,1,43,7,-1,-1,-1,-1,1,-1
20151326A0442,1,5,0,18,0,0,0,0,0,0,0,1,6,1,50,8,599,1,5,-1,1,-1
20151326A0442,2,9,0,2,0,0,0,0,0,0,0,1,6,2,31,6,1951,2,11,-1,1,-1
20151326A0666,1,9,0,4,0,0,0,0,0,0,2,1,6,2,36,7,1598,1,11,-1,1,-1
20151326A0666,2,9,0,4,0,0,0,0,0,0,2,1,6,1,41,7,1398,2,13,-1,1,-1
20151326A0666,3,9,0,4,0,0,0,0,0,0,2,1,1,1,47,8,2400,2,6,-1,1,-1
20151326A0666,4,90,0,18,0,0,1,0,0,0,1,1,6,1,76,11,-1,-1,-1,-1,-1,-1
20151326A0731,1,9,0,2,0,0,0,0,0,0,3,1,6,1,51,8,-1,-1,-1,-1,-1,-1
20151326A0731,2,9,0,18,0,0,0,0,0,0,1,1,6,1,72,10,1398,1,3,-1,1,-1
20151326A0873,1,3,0,7,0,8,1,0,1,0,0,1,2,1,22,5,124,1,1,-1,1,-1
20151326A0873,2,9,0,18,0,1,0,0,0,0,0,1,6,1,-1,-1,-1,-1,-1,-1,-1,-1
20151326A0901,1,3,0,18,0,8,0,0,0,0,1,1,6,1,40,7,124,1,2,-1,1,-1
20151326A0901,2,9,0,7,0,6,0,0,0,0,3,1,6,2,30,6,1591,1,4,-1,1,-1
20151326A0960,1,1,0,18,0,8,0,0,0,0,3,1,2,1,47,8,-1,-1,-1,-1,2,-1
20151326A0960,2,9,0,7,0,5,0,0,0,0,4,1,6,2,51,8,1968,2,2,-1,1,-1
20151326A1123,1,9,0,18,0,2,0,0,0,0,1,1,6,1,26,6,998,1,3,-1,1,-1
20151326A1123,2,9,0,18,0,2,0,0,0,0,2,1,2,2,35,6,1598,1,15,-1,1,-1
20151326A1123,3,9,0,18,0,2,0,0,0,0,2,1,2,1,37,7,1910,2,11,-1,1,-1
20151326A1123,4,9,0,18,0,2,0,0,0,0,2,1,6,2,35,6,1248,2,7,-1,1,-1
20151326A1148,1,9,0,18,0,0,0,0,0,0,4,1,6,2,28,6,1199,2,3,-1,1,-1
20151326A1166,1,9,0,18,0,0,0,7,0,0,1,1,6,2,73,10,1360,1,13,-1,1,-1
20151326A1166,2,9,0,18,0,0,0,0,0,0,3,1,6,1,25,5,1900,2,9,-1,1,-1
20151326A1276,1,9,0,4,0,0,0,0,0,0,1,1,1,1,58,9,1686,2,10,-1,1,-1
20151326A1276,2,9,0,4,0,0,0,0,0,0,2,1,1,1,46,8,1997,2,6,-1,1,-1
20151326A1276,3,9,0,4,0,0,0,0,0,0,2,1,1,2,41,7,1995,2,2,-1,3,-1
20151326A1292,1,9,0,9,0,5,0,0,0,0,4,1,6,2,35,6,1997,2,13,-1,2,-1
20151326A1292,2,5,0,18,0,1,0,0,0,0,1,1,6,1,35,6,599,1,11,-1,2,-1
20151326A1295,1,9,0,18,0,0,0,0,0,0,1,1,6,3,-1,-1,-1,-1,-1,-1,-1,-1
20151326A1295,2,9,0,18,0,0,0,0,0,0,1,1,6,2,46,8,1242,1,11,-1,1,-1
20151326A1295,3,9,0,18,0,0,0,0,0,0,2,1,6,1,23,5,1896,2,12,-1,-1,-1
20151326A1295,4,9,0,18,0,0,0,0,0,0,2,1,6,2,24,5,1198,1,3,-1,3,-1
20151326A1409,1,9,0,9,0,1,0,0,0,0,4,1,6,1,26,6,1910,2,10,-1,1,-1
20151326A1409,2,21,0,18,0,1,0,0,0,0,1,1,1,1,40,7,8970,2,14,-1,1,-1
20151326A1434,1,1,0,18,0,1,0,0,0,0,1,1,6,1,12,3,-1,-1,-1,-1,1,-1
20151326A1434,2,9,0,18,0,1,0,0,0,0,1,1,6,1,33,6,1299,1,14,-1,1,-1
20151326A1659,1,9,0,18,0,0,0,0,0,0,4,1,6,3,-1,-1,-1,-1,-1,-1,-1,-1
20151326A1822,1,9,0,18,0,0,0,0,1,7,1,1,6,2,46,8,1388,1,11,-1,2,-1
20151326B0176,1,5,0,13,0,0,0,0,0,0,1,1,2,1,26,6,675,1,6,-1,1,-1
20151326B0176,2,9,0,18,0,0,0,0,0,0,0,1,2,1,46,8,1995,2,7,-1,1,-1
20151326B0176,3,9,0,18,0,0,0,0,0,0,4,1,6,3,27,6,-1,-1,-1,-1,-1,-1
20151326B0176,4,9,0,18,0,0,0,0,0,0,1,1,2,1,20,4,-1,-1,-1,-1,1,-1
20151326B0302,1,8,0,9,9,0,0,0,0,0,1,1,1,1,59,9,-1,-1,-1,-1,1,-1
20151326B0398,1,9,0,9,0,6,0,0,0,0,1,1,6,1,-1,-1,1597,1,7,-1,-1,-1
20151326B0398,2,1,0,18,0,8,0,0,0,0,4,1,6,1,42,7,-1,-1,-1,-1,1,-1
20151326B0493,1,9,0,10,0,1,0,0,0,0,0,1,6,1,81,11,1198,1,5,-1,1,-1
20151326B0493,2,9,0,18,0,1,0,0,1,5,1,1,6,2,84,11,1086,1,8,-1,1,-1
20151326B0562,1,1,0,18,0,0,0,0,0,0,1,1,6,1,46,8,-1,-1,-1,-1,1,-1
20151326B0597,1,11,0,2,0,0,0,0,0,0,0,1,1,1,31,6,9360,2,6,-1,1,-1
20151326B0613,1,9,0,18,0,2,0,0,0,0,1,1,6,3,-1,-1,-1,-1,-1,-1,-1,-1
20151326B0758,1,90,0,18,0,0,0,0,0,0,4,1,6,1,19,4,686,1,8,-1,1,-1
20151326B0758,2,9,0,2,0,0,0,0,0,0,3,1,6,2,55,8,1997,2,11,-1,1,-1
20151326B0758,3,9,0,2,0,0,0,0,0,0,3,1,6,2,51,8,1596,1,11,-1,1,-1
20151326B0758,4,9,0,2,0,0,0,0,0,0,3,1,6,2,24,5,1598,2,5,-1,1,-1
20151326B0916,1,9,0,9,0,6,0,0,0,0,3,1,6,1,42,7,1796,1,13,-1,3,-1
20151326B0916,2,9,0,18,0,1,0,0,1,9,1,1,6,1,60,9,1390,1,2,-1,1,-1
20151326B0921,1,9,0,18,0,0,0,0,0,0,1,1,6,2,25,5,1686,2,5,-1,1,-1
20151326B0921,2,9,0,4,0,0,0,0,0,0,2,1,6,2,38,7,2000,2,9,-1,1,-1
20151326B0948,1,9,0,18,0,0,0,0,0,0,1,1,1,1,-1,-1,-1,-1,-1,-1,-1,-1
20151326B1004,1,9,0,18,0,0,0,0,0,0,1,1,6,3,-1,-1,-1,-1,-1,-1,-1,-1
20151326B1121,1,1,0,18,0,0,0,0,0,0,3,1,6,1,11,3,-1,-1,-1,-1,2,-1
20151326B1121,2,9,0,18,0,0,0,0,0,0,1,1,6,1,54,8,1596,1,11,-1,1,-1
20151326B1200,1,9,0,18,0,0,0,0,0,0,1,1,6,2,61,9,2401,2,10,-1,1,-1
20151326B1200,2,9,0,4,0,0,0,0,0,0,2,1,6,2,27,6,1995,2,2,-1,1,-1
20151326B1200,3,9,0,4,0,0,0,0,0,0,2,1,6,1,47,8,998,1,-1,-1,1,-1
20151326B1381,1,9,0,5,9,0,0,0,0,0,1,1,6,1,55,8,1999,1,1,-1,1,-1
20151326B1392,1,9,0,9,0,8,0,0,0,0,4,1,6,1,42,7,998,1,16,-1,1,-1
20151326B1392,2,1,0,18,0,8,0,0,0,0,1,1,6,1,31,6,-1,-1,-1,-1,1,-1
20151326B1596,1,9,0,18,0,0,1,0,5,6,2,1,6,1,30,6,-1,-1,-1,-1,1,-1
20151326B1596,2,9,0,18,0,0,1,0,5,6,1,1,6,1,26,6,2171,2,12,-1,1,-1
20151326B1617,1,9,0,9,0,6,0,0,0,0,1,1,6,1,-1,-1,1560,2,-1,-1,-1,-1
20151326B1617,2,9,0,18,0,8,0,0,0,0,4,1,6,1,52,8,1796,1,11,-1,1,-1
20151326B1663,1,9,0,2,0,1,0,0,0,0,1,1,6,2,29,6,998,1,17,-1,1,-1
20151326B1663,2,9,0,1,0,1,0,0,0,0,2,1,6,1,-1,-1,2171,1,11,-1,-1,-1
20151326B1678,1,9,0,16,0,0,0,7,0,0,1,1,6,2,43,7,1198,1,8,-1,1,-1
20151326B1713,1,9,0,18,0,1,0,0,0,0,3,1,6,2,41,7,1598,1,4,-1,2,-1
20151326B1713,2,1,0,18,0,1,0,0,0,0,1,1,6,2,44,7,-1,-1,-1,-1,-1,-1
20151326B1913,1,9,0,5,0,0,0,0,0,0,0,1,6,1,36,7,1242,1,12,-1,1,-1
20151326B1913,2,5,0,16,0,0,1,0,0,0,4,1,2,1,50,8,644,1,7,-1,1,-1
20151326C0146,1,9,0,7,0,5,2,0,1,10,1,1,6,1,31,6,1870,2,11,-1,1,-1
20151326C0245,1,5,0,16,0,2,2,0,0,0,3,1,6,1,43,7,998,1,12,-1,1,-1
20151326C0262,1,9,0,9,0,1,0,0,0,0,3,1,6,1,51,8,2967,2,2,-1,1,-1
20151326C0262,2,1,0,18,2,1,0,0,0,0,1,1,6,1,25,5,-1,-1,-1,-1,1,-1
20151326C0269,1,9,0,17,0,0,0,0,1,2,1,1,6,2,25,5,1598,1,11,-1,1,-1
20151326C0626,1,9,0,9,0,1,0,0,0,0,1,1,6,1,27,6,1560,2,1,-1,1,-1
20151326C0626,2,1,0,18,0,1,0,0,0,0,1,1,6,1,19,4,-1,-1,-1,-1,1,-1
20151326C0666,1,9,0,18,0,2,0,0,0,0,4,1,6,1,38,7,5461,1,2,-1,1,-1
20151326C0666,2,22,0,18,0,2,0,0,0,0,1,1,6,2,85,11,-1,-1,-1,-1,1,-1
20151326C0738,1,19,0,4,0,0,0,0,0,0,2,1,1,1,48,8,1995,2,7,-1,1,-1
20151326C0738,2,21,1,18,0,0,0,0,0,0,1,1,1,1,55,8,11946,2,8,-1,1,-1
20151326C0738,3,21,1,18,0,0,0,0,0,0,1,1,1,1,47,8,10837,2,3,-1,1,-1
20151326C0763,1,9,0,9,0,8,0,0,0,0,3,1,6,2,28,6,1242,1,13,-1,1,-1
20151326C0763,2,9,0,18,0,8,0,0,0,0,1,1,6,1,29,6,1968,2,5,-1,1,-1
20151326C0774,1,9,0,18,0,1,0,0,0,0,1,1,2,1,18,4,1596,1,13,-1,1,-1
20151326C0836,1,11,0,4,0,0,0,0,0,0,0,1,1,1,58,9,-1,-1,-1,-1,1,-1
20151326C0867,1,9,0,3,0,0,0,0,0,0,1,1,6,1,-1,-1,1364,1,7,-1,-1,-1
20151326C0867,2,9,0,3,0,0,0,0,0,0,2,1,6,2,34,6,1124,1,13,-1,1,-1
20151326C0867,3,9,0,18,0,0,0,0,0,0,2,1,6,1,-1,-1,2979,1,11,-1,1,-1
20151326C0972,1,9,0,18,0,0,0,0,0,0,1,1,6,1,26,6,2480,1,4,-1,1,-1