Accident_Index,Vehicle_Reference,Vehicle_Type,Towing_and_Articulation,Vehicle_Manoeuvre,Vehicle_Location-Restricted_Lane,Junction_Location,Skidding_and_Overturning,Hit_Object_in_Carriageway,Vehicle_Leaving_Carriageway,Hit_Object_off_Carriageway,1st_Point_of_Impact,Was_Vehicle_Left_Hand_Drive?,Journey_Purpose_of_Driver,Sex_of_Driver,Age_of_Driver,Age_Band_of_Driver,Engine_Capacity_(CC),Propulsion_Code,Age_of_Vehicle,Driver_IMD_Decile,Driver_Home_Area_Type,Vehicle_IMD_Decile
20151326C1198,1,9,0,5,0,1,0,0,0,0,1,1,6,2,27,6,-1,-1,-1,-1,1,-1
20151326C1198,2,9,0,18,0,1,0,0,0,0,4,1,6,1,44,7,2204,2,7,-1,1,-1
20151326C1302,1,9,0,4,0,0,0,0,0,0,1,1,6,2,26,6,1984,1,3,-1,1,-1
20151326C1302,2,9,0,4,0,0,0,0,0,0,2,1,6,2,18,4,1422,2,13,-1,1,-1
20151326C1302,3,9,0,4,0,0,0,0,0,0,2,1,6,1,-1,-1,-1,-1,-1,-1,-1,-1
20151326C1362,1,9,0,16,0,0,1,0,0,0,1,1,6,1,-1,-1,1587,1,20,-1,-1,-1
20151326C1362,2,9,0,17,0,0,0,0,0,0,1,1,6,2,49,8,1248,2,10,-1,1,-1
20151326C1418,1,9,0,9,0,6,0,0,0,0,1,1,6,1,-1,-1,-1,-1,-1,-1,-1,-1
20151326C1418,2,9,0,9,0,8,0,0,0,0,3,1,6,1,41,7,1149,1,11,-1,1,-1
20151326C1509,1,9,0,1,0,0,0,0,7,10,1,1,6,2,52,8,1598,1,2,-1,1,-1
20151326C1581,1,9,0,18,0,8,0,0,0,0,0,1,1,1,26,6,1896,2,5,-1,1,-1
20151326C1581,2,9,0,7,0,6,0,0,0,0,1,1,6,1,52,8,1149,1,5,-1,1,-1
20151326D0053,1,9,0,4,0,0,0,0,0,0,0,1,6,1,50,8,4308,1,7,-1,-1,-1
20151326D0106,1,1,0,18,0,0,5,0,0,0,3,1,6,1,14,3,-1,-1,-1,-1,-1,-1
20151326D0106,2,5,0,13,0,0,5,0,0,0,1,1,6,1,-1,-1,-1,-1,-1,-1,-1,-1
20151326D0197,1,8,0,18,0,0,0,0,0,0,1,1,1,1,46,8,1497,8,7,-1,1,-1
20151326D0563,1,9,0,7,0,3,1,0,1,2,3,1,6,1,26,6,1796,1,14,-1,1,-1
20151326D0572,1,9,0,18,0,0,0,0,0,0,1,1,6,1,28,6,1997,2,2,-1,3,-1
20151326D0572,2,9,0,18,0,0,0,0,0,0,1,1,6,2,29,6,1896,2,13,-1,1,-1
20151326D0643,1,21,0,7,0,6,0,0,0,0,2,1,1,1,64,9,-1,-1,-1,-1,3,-1
20151326D0643,2,21,0,9,0,5,0,0,0,0,3,1,1,1,52,8,4462,2,2,-1,1,-1
20151326D0643,3,9,0,9,0,5,0,0,0,0,1,1,6,2,47,8,1598,1,1,-1,3,-1
20151326D0672,1,9,0,18,0,1,0,0,1,3,1,1,6,2,47,8,1798,1,5,-1,1,-1
20151326D0693,1,9,0,17,0,0,1,0,1,4,1,1,6,1,40,7,1798,1,6,-1,-1,-1
20151326D0695,1,3,0,18,0,0,0,0,1,7,1,1,6,1,24,5,125,1,3,-1,-1,-1
20151326D0838,1,8,0,4,0,1,0,0,0,0,0,1,1,1,23,5,1797,8,4,-1,1,-1
20151326D0838,2,1,0,18,0,1,0,0,0,0,2,1,2,1,23,5,-1,-1,-1,-1,-1,-1
20151326D0996,1,9,0,18,0,1,0,0,0,0,4,1,6,2,45,7,1598,2,1,-1,1,-1
20151326D1022,1,9,0,18,0,1,0,0,0,0,1,1,6,1,22,5,1124,1,11,-1,3,-1
20151326D1022,2,5,0,18,0,8,0,0,0,0,3,1,6,1,48,8,1462,1,5,-1,1,-1
20151326D1157,1,9,0,18,0,0,0,0,0,0,3,1,6,2,28,6,1896,2,14,-1,3,-1
20151326D1157,2,9,0,18,0,0,0,0,0,0,4,1,6,2,39,7,1587,1,10,-1,1,-1
20151326D1230,1,9,0,7,0,5,0,0,2,11,1,1,6,1,30,6,998,1,1,-1,1,-1
20151326D1350,1,9,0,7,0,3,1,0,0,0,1,1,6,1,28,6,2000,2,6,-1,1,-1
20151326D1511,1,9,0,4,0,0,0,0,0,0,2,1,6,1,27,6,998,1,12,-1,1,-1
20151326D1511,2,9,0,4,0,0,0,0,0,0,1,1,6,2,-1,-1,1998,1,13,-1,-1,-1
20151326D1612,1,9,0,18,0,0,0,0,1,4,1,1,6,1,42,7,1910,2,7,-1,1,-1
20151326D1612,2,19,0,18,0,0,0,0,0,0,2,1,6,1,33,6,1995,2,5,-1,1,-1
20151326D1738,1,11,0,18,0,0,0,0,0,0,1,1,1,1,49,8,9360,2,7,-1,1,-1
20151326E0844,1,9,0,16,0,0,1,0,7,2,1,1,6,1,51,8,1124,1,8,-1,1,-1
20151326E0902,1,9,0,18,0,1,0,0,0,0,1,1,6,1,45,7,1997,2,2,-1,1,-1
20151326E0902,2,9,0,18,0,1,0,0,0,0,2,1,6,2,35,6,1956,2,4,-1,1,-1
20151326E0994,1,9,0,18,0,0,0,0,0,0,1,1,6,2,44,7,1248,2,7,-1,1,-1
20151326E0994,2,3,0,18,0,0,0,0,0,0,2,1,6,1,23,5,123,1,1,-1,1,-1
20151326E1022,1,9,0,18,9,0,0,0,2,0,1,1,6,2,27,6,2835,2,17,-1,1,-1
20151326E1022,2,9,0,2,9,0,0,0,0,0,2,1,6,1,-1,-1,1595,1,7,-1,-1,-1
20151326E1022,3,9,0,2,9,0,0,0,0,0,3,1,6,1,-1,-1,1461,2,-1,-1,-1,-1
20151326E1095,1,9,0,18,0,0,0,0,0,0,1,1,6,2,44,7,1997,2,13,-1,2,-1
20151326E1116,1,8,0,4,0,0,1,0,0,0,1,1,1,1,26,6,-1,-1,-1,-1,1,-1
20151326E1116,2,9,0,3,0,0,0,0,0,0,2,1,6,2,49,8,-1,-1,-1,-1,1,-1
20151326E1254,1,9,0,13,0,0,2,10,1,11,1,1,6,1,31,6,1998,1,19,-1,1,-1
20151326E1453,1,19,0,7,7,0,0,0,0,0,1,1,6,1,47,8,2500,2,7,-1,1,-1
20151326E1768,1,9,0,17,0,0,0,0,0,0,1,1,6,1,24,5,1242,1,8,-1,1,-1
20151326E1768,2,9,0,16,0,0,0,0,0,0,1,1,6,1,31,6,1600,1,11,-1,1,-1
20151326F0010,1,9,0,2,9,0,0,0,0,0,3,1,6,1,26,6,2143,2,1,-1,1,-1
20151326F0010,2,9,0,18,0,0,5,0,0,0,4,1,6,1,54,8,2000,1,16,-1,1,-1
20151326F0205,1,9,0,9,0,8,0,10,1,0,3,1,2,2,48,8,1242,1,10,-1,-1,-1
20151326F0205,2,19,0,18,0,8,0,0,0,0,1,1,2,1,24,5,1998,2,10,-1,-1,-1
20151326F0254,1,9,0,9,0,8,0,0,0,0,1,1,2,2,39,7,1329,1,3,-1,-1,-1
20151326F0254,2,1,0,18,0,1,0,0,0,0,4,1,2,1,39,7,-1,-1,-1,-1,-1,-1
20151326F0268,1,19,0,15,0,0,0,0,0,0,4,1,1,1,49,8,-1,-1,-1,-1,1,-1
20151326F0268,2,1,0,15,5,0,0,0,0,0,3,1,6,1,26,6,-1,-1,-1,-1,1,-1
20151326F0384,1,9,0,5,9,0,0,0,0,0,1,1,6,2,51,8,1598,1,8,-1,1,-1
20151326F0384,2,1,0,18,9,0,5,0,0,0,1,1,6,1,73,10,-1,-1,-1,-1,1,-1
20151326F0455,1,9,0,5,0,0,0,0,0,0,1,1,6,1,32,6,2926,2,11,-1,3,-1
20151326F0455,2,19,0,2,0,0,0,0,0,0,0,1,6,3,-1,-1,2500,2,7,-1,-1,-1
20151326F0455,3,1,0,18,0,0,0,0,7,0,1,1,6,1,42,7,-1,-1,-1,-1,1,-1
20151326F0653,1,11,0,4,7,0,0,0,0,0,4,1,1,1,56,9,8268,2,13,-1,-1,-1
20151326F0665,1,4,0,16,0,0,1,0,0,0,4,1,6,1,51,8,400,1,26,-1,1,-1
20151326F0665,2,9,0,17,0,0,0,0,0,0,1,1,6,1,24,5,1968,2,6,-1,1,-1
20151326F0736,1,9,0,18,0,0,0,0,0,0,1,1,6,1,87,11,1242,1,5,-1,1,-1
20151326F0736,2,9,0,4,0,0,0,0,0,0,2,1,6,2,67,10,1198,1,9,-1,1,-1
20151326F0736,3,9,0,18,0,0,0,0,0,0,3,1,6,1,56,9,1198,1,12,-1,1,-1
20151326F0808,1,9,0,18,0,0,0,0,0,0,4,1,6,1,-1,-1,1984,1,8,-1,-1,-1
20151326F0808,2,11,0,18,0,0,0,0,0,0,1,1,1,2,51,8,6700,2,1,-1,3,-1
20151326F0826,1,9,0,18,0,0,0,0,0,0,1,1,1,1,47,8,2191,2,-1,-1,3,-1
20151326F0960,1,9,0,9,0,6,0,0,0,0,1,1,6,1,60,9,1596,1,2,-1,1,-1
20151326F0960,2,9,0,18,0,8,0,0,0,0,1,1,6,1,43,7,1461,2,9,-1,1,-1
20151326F1217,1,9,0,18,0,1,0,0,0,0,2,1,6,1,23,5,1229,1,3,-1,1,-1
20151326F1217,2,19,0,18,0,1,1,0,0,0,1,1,1,1,45,7,2402,2,13,-1,1,-1
20151326F1272,1,9,0,18,0,1,0,0,0,0,1,1,1,1,54,8,1991,2,7,-1,1,-1
20151326F1272,2,9,0,18,0,1,0,0,0,0,2,1,6,2,41,7,1596,1,12,-1,1,-1
20151326F1276,1,1,0,18,0,8,0,0,0,0,1,1,6,1,52,8,-1,-1,-1,-1,1,-1
20151326F1276,2,9,0,7,0,3,0,0,0,0,0,1,6,2,45,7,1600,1,16,-1,1,-1
20151326F1276,3,9,0,7,0,3,0,0,0,0,3,1,6,1,21,5,1149,1,12,-1,1,-1
20151326F1396,1,9,0,13,0,0,0,0,0,0,1,1,6,2,21,5,998,1,5,-1,1,-1
20151326F1396,2,9,0,10,0,0,0,0,0,0,2,1,6,1,40,7,1686,2,1,-1,1,-1
20151326F1417,1,9,0,12,0,0,0,0,1,11,0,1,6,2,18,4,1242,1,14,-1,2,-1
20151326F1417,2,9,0,5,0,0,0,0,0,0,0,1,1,1,19,4,998,1,14,-1,1,-1
20151326F1615,1,1,0,18,0,0,1,0,0,11,4,1,6,1,81,11,-1,-1,-1,-1,1,-1
20151326F1804,1,9,0,9,0,8,1,0,7,2,4,1,6,1,24,5,2198,1,11,-1,3,-1
20151326G0078,1,9,0,18,0,1,0,0,0,0,1,1,6,3,-1,-1,2198,1,14,-1,-1,-1
20151326G0078,2,9,0,18,0,1,0,0,0,0,3,1,6,1,45,7,2268,2,-1,-1,1,-1
20151326G0512,1,9,0,12,0,7,0,0,0,0,3,1,2,2,39,7,1398,1,1,-1,1,-1
20151326G0512,2,21,1,18,0,8,0,0,0,0,4,1,1,1,50,8,12777,2,7,-1,1,-1
20151326G0625,1,19,0,18,0,8,0,4,0,0,1,1,1,1,42,7,1968,2,-1,-1,1,-1
20151326G0625,2,9,0,2,0,8,0,0,0,0,2,1,6,2,-1,-1,1968,2,4,-1,-1,-1
20151326G0671,1,9,0,1,0,0,0,0,0,0,2,1,3,1,63,9,1560,2,6,-1,1,-1
20151326G0761,1,9,0,9,0,1,0,0,0,0,1,1,6,1,34,6,1198,1,10,-1,1,-1
20151326G0761,2,9,0,18,0,1,0,0,0,0,1,1,6,1,42,7,1598,2,4,-1,1,-1
20151326G0763,1,21,1,18,0,0,0,0,0,0,1,1,1,1,43,7,12130,2,13,-1,1,-1
20151326G0763,2,19,0,9,0,0,0,0,0,0,2,1,1,1,60,9,1560,2,7,-1,1,-1
20151326G0960,1,9,0,4,0,1,0,0,0,0,1,1,6,1,20,4,1896,2,10,-1,1,-1
20151326G0960,2,9,0,3,0,1,0,0,0,0,2,1,6,1,42,7,1360,1,6,-1,1,-1
20151326G1039,1,9,0,18,0,1,0,0,0,0,1,1,6,3,-1,-1,4172,1,17,-1,-1,-1
20151326G1039,2,9,0,9,0,1,0,0,0,0,1,1,2,2,20,4,1124,1,10,-1,1,-1
20151326G1131,1,9,0,18,0,8,0,0,0,0,4,1,6,2,32,6,1339,1,10,-1,1,-1
20151326G1131,2,9,0,4,0,4,0,0,0,0,3,1,6,1,25,5,1200,1,2,-1,1,-1
20151326G1467,1,9,0,18,0,1,0,0,0,0,1,1,6,1,64,9,2184,2,11,-1,1,-1
20151326G1467,2,9,0,9,0,1,0,0,0,0,2,1,6,2,27,6,1196,1,19,-1,1,-1
20151326G1531,1,9,0,18,0,0,1,0,0,0,1,1,2,2,36,7,1000,1,1,-1,1,-1
20151326G1531,2,9,0,4,0,0,0,0,0,0,2,1,6,2,26,6,1900,2,11,-1,1,-1
20151326G1544,1,11,0,18,0,4,0,0,0,0,0,1,1,1,60,9,4580,2,5,-1,1,-1
20151326G1667,1,9,0,18,0,1,0,0,0,0,1,1,2,1,25,5,1560,2,7,-1,1,-1
20151326H0323,1,9,0,9,0,6,0,0,0,0,1,1,6,1,57,9,-1,-1,-1,-1,2,-1
20151326H0323,2,1,0,18,0,1,0,0,0,0,1,1,6,1,30,6,-1,-1,-1,-1,1,-1
20151326H0327,1,9,0,3,0,0,0,0,0,0,4,1,3,2,25,5,998,1,11,-1,1,-1
20151326H0327,2,1,0,18,9,0,0,0,0,0,1,1,6,1,14,3,-1,-1,-1,-1,1,-1
20151326H0559,1,9,0,6,0,0,0,0,0,0,1,1,6,3,-1,-1,-1,-1,-1,-1,-1,-1
20151326H0595,1,9,0,18,0,1,0,0,0,0,1,1,6,2,61,9,1198,1,2,-1,1,-1
20151326H0595,2,9,0,9,0,1,0,0,0,0,1,1,6,2,81,11,998,1,9,-1,1,-1
20151326H0628,1,9,0,16,0,0,0,0,0,0,3,1,6,3,-1,-1,1686,2,10,-1,-1,-1
20151326H0628,2,8,0,17,0,0,0,0,0,0,4,1,1,1,40,7,2184,2,5,-1,1,-1
20151326H0628,3,19,0,2,0,0,0,0,0,0,2,1,6,3,-1,-1,2461,2,12,-1,-1,-1
20151326H0628,4,9,0,2,0,0,0,0,0,0,2,1,6,3,-1,-1,1997,2,7,-1,-1,-1
20151326H0628,5,9,0,2,0,0,0,0,0,0,2,1,6,3,-1,-1,1796,1,10,-1,-1,-1
20151326H0628,6,9,0,2,0,0,0,0,0,0,2,1,6,3,-1,-1,1896,2,7,-1,-1,-1
20151326H0628,7,9,0,2,0,0,0,0,0,0,2,1,6,3,-1,-1,1968,2,6,-1,-1,-1
20151326H0643,1,9,0,9,0,6,0,0,0,0,3,1,6,2,25,5,1197,1,1,-1,1,-1
20151326H0643,2,9,0,18,0,8,0,0,0,0,1,1,6,2,52,8,2967,2,3,-1,1,-1
20151326H0686,1,9,0,17,0,1,1,0,1,2,1,1,6,1,18,4,1399,2,11,-1,-1,-1
20151326H0686,2,9,0,17,0,1,0,0,0,0,0,1,1,2,34,6,2993,2,3,-1,1,-1
20151326H0773,1,9,0,18,0,4,0,0,0,0,3,1,6,1,47,8,-1,-1,-1,-1,1,-1
20151326H0773,2,9,0,18,0,4,0,0,0,0,4,1,2,1,20,4,998,1,2,-1,1,-1
20151326H0773,3,9,0,18,0,4,0,0,0,0,1,1,6,3,-1,-1,-1,-1,-1,-1,-1,-1
20151326H0907,1,1,0,18,0,1,0,0,0,0,1,1,6,1,11,3,-1,-1,-1,-1,1,-1
20151326H0907,2,9,0,18,0,1,0,0,0,0,0,1,6,1,43,7,1598,1,11,-1,1,-1
20151326H0925,1,9,0,1,0,0,0,0,0,0,0,1,6,1,-1,-1,1986,1,22,-1,1,-1
20151326H0925,2,9,0,18,0,0,0,0,0,0,1,1,6,1,60,9,1389,1,12,-1,1,-1
20151326H0925,3,9,0,18,0,0,0,0,0,0,1,1,6,2,68,10,1997,2,2,-1,-1,-1
20151326H0945,1,9,0,18,0,1,0,0,0,0,1,1,6,1,-1,-1,-1,-1,-1,-1,-1,-1
20151326H0945,2,9,0,3,0,1,0,0,0,0,2,1,6,1,28,6,1896,2,8,-1,1,-1
20151326H0965,1,11,0,12,2,7,0,0,0,0,3,1,1,1,62,9,9600,2,14,-1,-1,-1
20151326H0965,2,11,0,18,2,7,0,0,0,0,1,1,1,2,45,7,5900,2,9,-1,-1,-1
20151326H1135,1,9,0,18,0,1,0,0,0,0,4,1,6,3,-1,-1,-1,-1,-1,-1,-1,-1
20151326H1207,1,9,0,9,0,8,0,0,0,0,1,1,6,2,44,7,998,1,4,-1,1,-1
20151326H1207,2,9,0,18,0,1,0,0,0,0,1,1,1,1,81,11,1896,2,8,-1,1,-1
20151326H1227,1,9,0,18,0,8,0,0,0,0,1,1,6,1,48,8,1396,1,14,-1,2,-1
20151326H1227,2,9,0,10,0,8,0,0,0,0,1,1,6,1,27,6,1368,1,9,-1,1,-1
20151326H1237,1,9,0,4,0,0,0,0,0,0,1,1,6,1,74,10,1968,2,4,-1,-1,-1
20151326H1258,1,9,0,9,0,0,0,0,0,0,1,1,6,1,23,5,1588,1,12,-1,-1,-1
20151326H1258,2,9,0,18,0,0,0,0,0,0,1,1,6,2,71,10,1086,1,10,-1,-1,-1
20151326H1368,1,9,0,18,0,0,0,0,0,0,4,1,6,3,-1,-1,-1,-1,-1,-1,-1,-1
20151326H1368,2,9,0,18,0,0,0,0,0,0,3,1,6,2,23,5,1248,2,6,-1,1,-1
20151326H1368,3,19,0,2,0,0,0,0,0,0,2,1,6,1,43,7,2494,2,12,-1,1,-1
20151326H1368,4,9,0,2,0,0,0,0,0,0,2,1,6,1,48,8,1590,1,11,-1,1,-1
20151326I0261,1,19,0,10,0,1,0,0,0,0,2,1,6,1,60,9,1560,2,5,-1,1,-1
20151326I0261,2,9,0,18,0,1,0,0,0,0,1,1,6,2,24,5,1390,1,13,-1,2,-1
20151326I0282,1,9,0,18,0,6,0,0,0,0,3,1,2,2,53,8,1598,1,7,-1,1,-1
20151326I0282,2,1,0,18,2,1,0,0,0,0,1,1,2,1,33,6,-1,-1,-1,-1,1,-1
20151326I0292,1,3,0,13,0,0,0,0,0,0,1,1,2,1,49,8,278,1,1,-1,1,-1
20151326I0292,2,9,0,18,0,0,0,0,0,0,3,1,2,2,45,7,1199,1,11,-1,1,-1
20151326I0316,1,8,0,9,0,0,0,0,0,0,3,1,1,1,50,8,-1,-1,-1,-1,1,-1
20151326I0316,2,9,0,18,0,0,0,0,0,0,1,1,2,1,28,6,1968,2,8,-1,3,-1
20151326I0374,1,21,1,11,0,0,0,0,0,0,4,1,1,1,62,9,12740,2,2,-1,1,-1
20151326I0374,2,9,0,18,0,0,0,0,0,0,3,1,2,1,64,9,1399,2,7,-1,1,-1
20151326I0491,1,19,0,18,0,1,0,0,0,0,1,1,1,1,56,9,2496,2,15,-1,1,-1
20151326I0555,1,9,0,7,0,8,0,0,0,0,1,1,6,2,45,7,2000,1,9,-1,1,-1
20151326I0555,2,11,0,18,0,8,0,0,0,0,3,1,1,1,51,8,4250,2,15,-1,1,-1
20151326I0565,1,9,0,1,0,1,0,0,0,0,2,1,1,1,50,8,1794,7,9,-1,1,-1
20151326I0565,2,9,0,3,0,1,0,0,0,0,1,1,6,2,26,6,1590,1,21,-1,-1,-1
20151326I0589,1,9,0,4,0,0,0,0,0,0,1,1,6,2,50,8,1598,1,8,-1,1,-1
20151326I0589,2,9,0,4,0,0,0,0,0,0,2,1,6,2,52,8,1598,1,1,-1,2,-1
20151326I0602,1,9,0,7,0,8,0,0,0,0,1,1,6,1,26,6,1896,2,12,-1,1,-1
20151326I0602,2,1,0,18,0,8,0,0,0,0,4,1,4,1,14,3,-1,-1,-1,-1,1,-1
20151326I1011,1,9,0,9,0,6,0,0,0,0,3,1,2,1,36,7,1598,1,13,-1,1,-1
20151326I1011,2,1,0,18,0,1,0,0,1,0,1,1,2,1,51,8,-1,-1,-1,-1,1,-1
20151326I1028,1,3,0,18,0,8,0,0,0,0,1,1,6,1,60,9,125,1,53,-1,1,-1
20151326I1028,2,9,0,18,0,8,0,0,0,0,4,1,6,1,52,8,1396,1,13,-1,1,-1
20151326I1104,1,9,0,12,0,6,0,0,0,0,1,1,6,2,54,8,1997,2,12,-1,1,-1
20151326I1104,2,9,0,18,0,8,0,0,0,0,3,1,6,1,52,8,1299,1,11,-1,1,-1
20151326I1128,1,9,0,18,0,8,0,0,0,0,4,1,2,2,48,8,1229,1,8,-1,1,-1
20151326I1128,2,90,0,18,0,6,5,0,0,0,1,1,6,1,15,3,-1,-1,-1,-1,-1,-1
20151326I1252,1,9,0,18,0,0,0,0,0,0,4,1,6,3,-1,-1,1596,1,13,-1,-1,-1
20151326I1506,1,9,0,18,0,8,0,0,0,0,4,1,6,1,43,7,1596,1,15,-1,1,-1
20151326I1506,2,9,0,12,0,8,0,0,0,0,3,1,6,3,-1,-1,-1,-1,-1,-1,-1,-1
20151326I1686,1,3,0,18,0,0,0,0,0,0,1,1,6,1,22,5,-1,-1,-1,-1,1,-1
20151326J0117,1,9,0,5,0,8,0,0,0,0,1,1,2,1,56,9,1560,2,10,-1,1,-1
20151326J0117,2,8,0,18,0,1,0,0,0,0,4,1,1,1,48,8,1598,2,5,-1,1,-1
20151326J0263,1,9,0,18,0,4,0,0,0,0,1,1,6,2,-1,-1,1332,1,16,-1,1,-1
20151326J0263,2,9,0,18,0,8,0,0,0,0,4,1,1,2,26,6,1968,2,3,-1,1,-1
20151326J0288,1,5,0,18,0,0,2,0,0,0,3,1,6,1,35,6,645,1,1,-1,1,-1
20151326J0404,1,9,0,18,0,7,0,0,0,0,1,1,6,2,-1,-1,1598,1,14,-1,1,-1
20151326J0404,2,9,0,3,0,7,0,0,0,0,2,1,6,2,38,7,1995,2,3,-1,1,-1
20151326J0461,1,9,0,18,0,6,0,0,0,0,3,1,6,2,30,6,1560,2,1,-1,1,-1
20151326J0461,2,9,0,18,0,1,0,0,0,0,0,1,6,2,41,7,1397,1,12,-1,-1,-1
20151326J0461,3,11,0,18,0,8,0,0,0,0,1,1,1,1,59,9,7300,2,15,-1,3,-1
20151326J0618,1,9,0,9,0,6,0,0,0,0,3,1,2,1,22,5,998,1,6,-1,1,-1
20151326J0618,2,9,0,14,0,8,0,0,0,0,1,1,6,1,25,5,1753,2,8,-1,1,-1
20151326J0661,1,11,0,5,0,0,0,0,0,0,0,1,1,1,69,10,6696,2,-1,-1,1,-1
20151326J0691,1,11,0,2,0,0,0,0,0,0,0,1,1,1,38,7,4250,2,6,-1,1,-1
20151326J0947,1,9,0,18,0,0,0,0,0,0,4,1,6,1,60,9,1998,2,2,-1,1,-1
20151326J0978,1,9,0,10,0,8,0,0,0,0,2,1,6,1,50,8,1596,1,1,-1,1,-1
20151326J0978,2,9,0,18,0,8,0,0,0,0,1,1,6,2,41,7,1339,1,13,-1,2,-1
20151326J0996,1,9,0,5,0,0,0,0,0,0,1,1,6,2,52,8,1560,2,2,-1,1,-1
20151326J1049,1,1,0,18,0,8,0,0,0,0,0,1,2,1,37,7,-1,-1,-1,-1,1,-1
20151326J1049,2,21,0,9,0,5,0,0,0,0,0,1,1,1,45,7,12740,2,2,-1,1,-1
20151326J1155,1,9,0,5,0,8,0,0,0,0,3,1,6,2,38,7,1796,1,12,-1,1,-1
20151326J1155,2,1,0,18,0,8,0,0,0,0,1,1,2,1,44,7,-1,-1,-1,-1,1,-1
20151326J1182,1,11,0,2,0,0,0,0,0,0,0,1,1,1,43,7,9360,2,3,-1,1,-1
20151326J1234,1,9,0,18,0,2,0,4,0,0,1,1,6,1,39,7,2926,2,13,-1,1,-1
20151326J1234,2,9,0,2,9,2,0,0,0,0,2,1,6,1,41,7,2496,2,12,-1,1,-1
20151326J1367,1,9,0,18,0,0,0,0,0,0,1,1,6,1,26,6,1995,2,5,-1,1,-1
20151326J1367,2,9,0,18,0,0,0,0,0,0,1,1,6,1,89,11,1560,2,3,-1,3,-1
20151326J1509,1,11,0,5,0,4,0,0,0,0,0,1,1,1,35,6,6692,2,3,-1,1,-1
20151326J1716,1,9,0,18,0,8,0,0,0,0,1,1,1,1,24,5,1686,2,12,-1,1,-1
20151326J1716,2,1,0,9,0,8,5,0,0,0,4,1,6,1,27,6,-1,-1,-1,-1,1,-1
20151326J1726,1,9,0,9,0,8,0,0,0,0,1,1,1,1,26,6,998,1,15,-1,1,-1
20151326J1726,2,9,0,17,0,1,0,0,0,0,1,1,6,2,50,8,1360,1,4,-1,-1,-1
20151326K0228,1,9,0,18,0,8,1,0,3,11,1,1,6,1,24,5,1794,1,13,-1,1,-1
20151326K0290,1,5,0,18,0,1,5,0,0,0,1,1,6,1,25,5,1050,1,1,-1,-1,-1
20151326K0290,2,9,0,5,0,2,0,0,0,0,3,1,6,1,23,5,1900,2,17,-1,1,-1
20151326K0533,1,9,0,9,0,6,0,0,0,0,3,1,6,2,49,8,1198,1,12,-1,1,-1
20151326K0533,2,3,0,18,0,8,5,0,0,0,3,1,6,1,19,4,125,1,-1,-1,1,-1
20151326K0580,1,9,0,9,0,1,0,0,0,0,3,1,6,1,53,8,-1,-1,-1,-1,1,-1
20151326K0580,2,1,0,18,0,1,0,0,0,0,1,1,6,1,30,6,-1,-1,-1,-1,1,-1
20151326K0652,1,9,0,18,0,8,0,0,0,0,3,1,1,2,36,7,1242,1,1,-1,1,-1
20151326K0652,2,9,0,18,0,8,0,0,0,11,1,1,6,1,36,7,1968,2,3,-1,1,-1
20151326K0659,1,9,0,18,0,0,0,0,0,0,1,1,6,3,-1,-1,-1,-1,-1,-1,-1,-1
20151326K0659,2,1,0,14,0,0,0,0,0,0,3,1,6,1,12,3,-1,-1,-1,-1,1,-1
20151326K0797,1,9,0,3,0,0,0,0,0,0,2,1,6,2,24,5,1596,1,4,-1,1,-1
20151326K0797,2,9,0,18,0,0,0,0,0,0,1,1,6,1,69,10,1198,1,12,-1,1,-1
20151326K0838,1,9,0,18,0,0,0,0,0,0,1,1,6,1,31,6,1587,1,15,-1,1,-1
20151326K0838,2,9,0,7,0,0,0,0,0,0,4,1,6,2,30,6,1388,1,11,-1,1,-1
20151326K0848,1,9,0,9,0,8,0,0,0,0,1,1,6,1,61,9,2494,8,1,-1,1,-1
20151326K0848,2,1,0,18,0,8,0,0,0,0,4,1,6,1,52,8,-1,-1,-1,-1,1,-1
20151326K0953,1,9,0,9,0,6,0,0,0,0,0,1,6,3,-1,-1,-1,-1,-1,-1,-1,-1
20151326K0953,2,8,0,18,0,8,0,0,0,0,0,1,1,1,-1,-1,-1,-1,-1,-1,-1,-1
20151326K0993,1,17,0,18,0,0,0,0,0,0,0,1,6,2,20,4,-1,-1,-1,-1,1,-1
20151326K1095,1,9,0,13,0,0,0,0,0,0,4,1,6,3,-1,-1,-1,-1,-1,-1,-1,-1
20151326K1095,2,3,0,14,0,0,0,0,0,0,3,1,2,1,31,6,124,1,3,-1,1,-1
20151326K1148,1,5,0,18,0,8,0,0,0,0,1,1,6,1,40,7,499,1,15,-1,3,-1
20151326K1148,2,9,0,18,0,8,0,0,0,0,1,1,1,1,20,4,2143,2,4,-1,1,-1
20151326K1191,1,9,0,10,0,1,0,0,0,0,4,1,6,1,48,8,1560,2,5,-1,3,-1
20151326K1191,2,9,0,18,0,8,0,0,0,10,1,1,6,1,24,5,1587,1,15,-1,1,-1
20151326K1194,1,9,0,4,0,1,0,0,0,0,1,1,6,1,31,6,1896,2,11,-1,1,-1
20151326K1297,1,9,0,18,0,0,0,0,0,0,1,1,6,1,27,6,1895,1,14,-1,1,-1
20151326K1297,2,9,0,18,0,0,0,0,0,0,3,1,6,1,25,5,2000,2,11,-1,1,-1
20151326K1297,3,20,0,18,0,0,0,0,0,0,4,1,1,1,45,7,2402,2,5,-1,1,-1
20151326K1329,1,9,0,18,0,0,0,0,0,0,3,1,6,3,-1,-1,1596,1,10,-1,-1,-1
20151326K1329,2,9,0,18,0,0,0,0,0,0,4,1,6,1,45,7,1968,2,2,-1,1,-1
20151326K1590,1,9,0,18,0,1,0,0,0,0,4,1,6,3,-1,-1,-1,-1,-1,-1,-1,-1