Accident_Index,Vehicle_Reference,Vehicle_Type,Towing_and_Articulation,Vehicle_Manoeuvre,Vehicle_Location-Restricted_Lane,Junction_Location,Skidding_and_Overturning,Hit_Object_in_Carriageway,Vehicle_Leaving_Carriageway,Hit_Object_off_Carriageway,1st_Point_of_Impact,Was_Vehicle_Left_Hand_Drive?,Journey_Purpose_of_Driver,Sex_of_Driver,Age_of_Driver,Age_Band_of_Driver,Engine_Capacity_(CC),Propulsion_Code,Age_of_Vehicle,Driver_IMD_Decile,Driver_Home_Area_Type,Vehicle_IMD_Decile
20151326K1621,1,9,0,18,0,8,0,0,0,0,1,1,6,2,36,7,1596,1,12,-1,1,-1
20151326K1621,2,9,0,18,0,8,0,0,0,0,3,1,6,1,40,7,1968,2,-1,-1,1,-1
20151326K1898,1,9,0,14,0,0,0,0,0,0,3,1,6,3,-1,-1,1995,2,10,-1,-1,-1
20151326K1898,2,8,0,18,0,0,0,0,0,0,3,1,1,1,47,8,2204,2,10,-1,1,-1
20151326L0021,1,8,0,18,0,0,0,0,0,0,1,1,1,1,40,7,1997,2,6,-1,1,-1
20151326L0021,2,20,0,2,0,0,0,0,0,0,0,1,1,1,52,8,7146,2,3,-1,1,-1
20151326L0146,1,8,0,10,0,1,0,0,0,0,2,1,1,1,39,7,1497,1,6,-1,1,-1
20151326L0146,2,9,0,9,0,1,0,0,0,0,1,1,6,1,22,5,1229,1,6,-1,1,-1
20151326L0466,1,9,0,18,0,0,0,0,1,11,4,1,1,2,22,5,1349,1,7,-1,1,-1
20151326L0484,1,9,0,18,0,1,0,0,0,0,4,1,2,1,22,5,973,1,13,-1,1,-1
20151326L0484,2,19,0,18,0,1,0,0,0,0,1,1,1,1,26,6,2496,2,16,-1,1,-1
20151326L0730,1,9,0,4,0,4,0,0,0,0,1,1,6,2,54,8,1896,2,10,-1,1,-1
20151326L0730,2,9,0,3,0,4,0,0,0,0,2,1,6,2,34,6,1910,2,6,-1,-1,-1
20151326L0810,1,22,0,18,0,4,0,0,0,0,1,1,6,1,-1,-1,-1,-1,-1,-1,1,-1
20151326L0810,2,9,0,18,0,3,0,0,0,0,4,1,6,1,19,4,1248,2,6,-1,1,-1
20151326L0939,1,9,0,7,0,8,0,0,0,0,1,1,6,3,-1,-1,-1,-1,-1,-1,-1,-1
20151326L0939,2,4,0,18,0,8,0,0,0,0,2,1,6,1,58,9,124,1,26,-1,1,-1
20151326L0958,1,9,0,18,0,0,0,7,7,0,1,1,6,2,45,7,1461,2,12,-1,1,-1
20151326L0958,2,9,0,2,6,0,0,0,0,0,1,1,6,1,-1,-1,1560,2,4,-1,-1,-1
20151326L0968,1,9,0,18,0,0,0,0,0,0,4,1,6,3,-1,-1,-1,-1,-1,-1,-1,-1
20151326L1046,1,11,0,7,0,6,0,0,0,0,0,1,1,1,44,7,7300,2,9,-1,1,-1
20151326L1146,1,9,0,18,0,0,1,0,1,11,1,1,6,1,17,4,1199,1,13,-1,-1,-1
20151326L1146,2,9,0,2,0,0,0,0,0,0,3,1,6,3,-1,-1,2143,2,3,-1,-1,-1
20151326L1146,3,9,0,2,0,0,0,0,0,0,3,1,6,3,-1,-1,1840,1,13,-1,-1,-1
20151326L1283,1,9,0,7,0,0,0,0,0,0,4,1,6,1,35,6,1596,1,9,-1,1,-1
20151326L1283,2,1,0,4,0,0,0,0,0,0,1,1,6,1,45,7,-1,-1,-1,-1,1,-1
20151326L1645,1,9,0,17,0,0,1,0,1,7,4,1,6,1,19,4,1390,1,11,-1,1,-1
20151326L1698,1,9,0,18,0,1,0,0,0,0,1,1,6,3,28,6,-1,-1,-1,-1,-1,-1
20151326M0246,1,8,0,9,0,8,0,0,0,0,1,1,6,1,46,8,1997,2,8,-1,1,-1
20151326M0246,2,1,0,18,4,8,5,0,0,0,3,1,2,2,33,6,-1,-1,-1,-1,1,-1
20151326M0490,1,9,0,18,0,0,0,0,0,0,1,1,2,1,36,7,-1,-1,-1,-1,1,-1
20151326M0490,2,22,0,5,0,0,0,0,0,0,3,1,6,1,58,9,-1,-1,-1,-1,1,-1
20151326M0766,1,19,0,1,0,0,0,0,0,0,2,1,1,1,-1,-1,2287,2,3,-1,-1,-1
20151326M0766,2,9,0,18,0,0,0,0,0,0,1,1,6,2,55,8,1108,1,7,-1,1,-1
20151326M0785,1,19,0,12,0,0,0,0,0,0,3,1,6,1,27,6,-1,-1,-1,-1,1,-1
20151326M0785,2,9,0,18,0,0,0,0,0,0,4,1,2,1,39,7,1968,2,3,-1,1,-1
20151326M0904,1,9,0,4,0,6,0,0,0,0,2,1,6,2,29,6,1248,2,5,-1,-1,-1
20151326M0904,2,9,0,4,0,6,0,0,0,0,1,1,6,1,30,6,1988,2,10,-1,-1,-1
20151326M0921,1,9,0,18,0,0,0,0,0,0,1,1,6,2,35,6,1896,2,8,-1,1,-1
20151326M0982,1,9,0,4,0,0,0,0,0,0,2,1,1,1,34,6,1995,2,10,-1,1,-1
20151326M0982,2,2,0,4,0,0,1,0,0,0,1,1,2,1,17,4,50,1,5,-1,1,-1
20151326M1021,1,9,0,9,0,5,0,0,0,0,4,1,6,2,48,8,1240,1,12,-1,1,-1
20151326M1021,2,3,0,18,0,1,0,0,0,0,1,1,6,1,27,6,125,1,-1,-1,1,-1
20151326M1114,1,9,0,18,0,0,0,0,0,0,1,1,6,2,60,9,1388,1,5,-1,-1,-1
20151326M1114,2,9,0,18,0,0,0,0,0,0,1,1,6,2,72,10,1248,1,5,-1,1,-1
20151326M1333,1,4,0,17,9,0,2,0,2,11,1,1,6,1,17,4,125,1,6,-1,1,-1
20151326N0161,1,9,0,18,0,1,0,0,7,0,1,1,2,1,42,7,1995,2,12,-1,1,-1
20151326N0161,2,9,0,18,0,4,0,0,1,11,1,1,2,2,35,6,1242,1,11,-1,1,-1
20151326N0240,1,9,0,5,0,4,0,0,0,0,1,1,2,2,21,5,1242,1,-1,-1,1,-1
20151326N0240,2,9,0,5,0,4,0,0,0,0,2,1,2,2,30,6,1560,2,4,-1,1,-1
20151326N0594,1,9,0,4,0,8,0,0,0,0,0,1,6,2,-1,-1,-1,-1,-1,-1,-1,-1
20151326N0594,2,11,0,18,0,8,0,0,0,0,0,1,1,1,49,8,7300,2,9,-1,-1,-1
20151326N0670,1,9,0,18,0,8,0,0,0,0,3,1,6,1,43,7,1598,2,4,-1,1,-1
20151326N0670,2,9,0,18,0,8,0,0,0,0,4,1,6,1,45,7,1968,2,4,-1,2,-1
20151326N0764,1,9,0,18,0,0,0,0,0,0,1,1,6,1,-1,-1,1398,2,13,-1,1,-1
20151326N0764,2,9,0,18,0,0,0,0,0,0,2,1,6,1,26,6,1461,2,2,-1,3,-1
20151326N0867,1,9,4,18,0,0,0,0,0,0,0,1,1,1,-1,-1,-1,-1,-1,-1,-1,-1
20151326N0927,1,9,0,3,0,8,0,0,0,0,2,1,6,2,32,6,1299,1,14,-1,1,-1
20151326N0927,2,9,0,18,0,8,0,0,0,0,1,1,6,2,41,7,1398,1,14,-1,1,-1
20151326N0932,1,8,0,18,0,0,0,0,0,0,3,1,1,1,44,7,1998,2,6,-1,1,-1
20151326N0932,2,1,0,18,0,0,0,0,0,0,4,1,6,1,3,1,-1,-1,-1,-1,1,-1
20151326N0954,1,11,0,1,0,0,0,0,0,0,2,1,6,2,34,6,-1,-1,-1,-1,1,-1
20151326N0954,2,9,0,18,0,0,0,0,0,0,1,1,1,1,51,8,-1,-1,-1,-1,1,-1
20151326N0976,1,9,0,18,0,1,0,0,0,0,1,1,6,1,27,6,1995,2,11,-1,1,-1
20151326N0976,2,1,0,18,0,1,0,0,0,0,1,1,6,1,11,3,-1,-1,-1,-1,-1,-1
20151326N0994,1,9,0,18,0,0,0,0,0,0,1,1,6,1,86,11,1968,2,3,-1,3,-1
20151326N0994,2,9,0,3,0,0,0,0,0,0,2,1,6,1,68,10,1796,1,13,-1,1,-1
20151326N1074,1,9,0,18,0,8,0,0,0,0,4,1,6,2,29,6,1997,2,12,-1,1,-1
20151326N1074,2,1,0,15,0,8,0,0,0,0,3,1,6,1,28,6,-1,-1,-1,-1,1,-1
20151326N1093,1,9,0,18,0,1,5,0,0,0,1,1,6,1,35,6,1560,2,2,-1,-1,-1
20151326N1093,2,9,0,4,0,1,0,0,0,0,2,1,6,2,36,7,1248,2,6,-1,1,-1
20151326N1093,3,9,0,3,0,1,0,0,0,0,2,1,2,1,33,6,1968,2,-1,-1,2,-1
20151326N1257,1,9,0,5,0,8,0,10,1,11,1,1,6,1,44,7,-1,-1,-1,-1,1,-1
20151326N1297,1,21,1,11,0,0,0,0,0,0,4,1,1,1,59,9,12902,2,2,-1,1,-1
20151326N1297,2,9,0,18,0,0,5,0,5,6,3,1,2,1,28,6,1242,1,8,-1,1,-1
20151326N1347,1,9,0,15,0,8,0,0,0,0,3,1,6,1,30,6,1598,1,9,-1,1,-1
20151326N1347,2,1,0,18,0,8,0,0,0,0,4,1,6,2,26,6,-1,-1,-1,-1,-1,-1
20151326N1521,1,1,0,18,0,8,0,0,0,0,3,1,6,1,11,3,-1,-1,-1,-1,1,-1
20151326N1521,2,9,0,18,0,3,0,0,0,0,1,1,6,2,61,9,998,1,5,-1,1,-1
20151326N1577,1,9,0,9,0,8,0,0,0,0,3,1,6,1,29,6,1968,2,6,-1,2,-1
20151326N1577,2,5,0,18,0,8,0,0,0,0,1,1,6,1,60,9,1000,1,13,-1,1,-1
20151326N1703,1,9,0,18,0,0,0,0,0,0,1,1,6,1,26,6,1388,1,9,-1,1,-1
20151326N1703,2,9,0,4,0,0,0,0,0,0,2,1,6,2,43,7,1560,2,11,-1,1,-1
20151326N1743,1,9,0,18,0,0,0,0,0,0,1,1,6,1,-1,-1,1686,2,-1,-1,1,-1
20151326N1743,2,1,0,18,0,0,0,0,0,0,1,1,6,1,51,8,-1,-1,-1,-1,1,-1
20151326O0284,1,9,0,18,0,0,0,0,0,0,0,1,6,1,-1,-1,1598,1,13,-1,-1,-1
20151326O0284,2,11,0,18,0,0,0,0,0,0,0,1,1,1,-1,-1,9360,2,7,-1,-1,-1
20151326O0315,1,9,0,18,0,8,0,0,0,0,1,1,6,3,-1,-1,1242,1,5,-1,-1,-1
20151326O0315,2,9,0,18,0,8,1,0,7,10,3,1,1,1,31,6,1896,2,8,-1,1,-1
20151326O0318,1,9,0,18,0,0,0,0,0,0,1,1,1,1,41,7,1968,2,2,-1,1,-1
20151326O0318,2,1,0,18,0,0,0,0,0,0,1,1,1,2,24,5,-1,-1,-1,-1,1,-1
20151326O0346,1,9,0,4,0,0,0,0,0,0,2,1,1,1,65,9,-1,-1,-1,-1,1,-1
20151326O0346,2,19,0,18,0,0,0,0,0,0,2,1,1,1,23,5,2198,2,5,-1,3,-1
20151326O0346,3,9,0,18,0,0,0,0,0,0,1,1,1,2,24,5,1242,1,3,-1,1,-1
20151326O0447,1,9,0,1,0,0,0,0,0,0,1,1,6,1,87,11,1595,1,1,-1,1,-1
20151326O0447,2,9,0,2,0,0,0,0,0,0,1,1,6,1,-1,-1,1598,1,3,-1,-1,-1
20151326O0447,3,9,0,2,0,0,0,0,0,0,1,1,6,1,-1,-1,2720,2,8,-1,-1,-1
20151326O0552,1,9,0,18,6,0,0,0,0,0,3,1,6,1,-1,-1,-1,-1,-1,-1,-1,-1
20151326O0552,2,1,0,18,4,0,0,0,0,0,1,1,6,1,27,6,-1,-1,-1,-1,1,-1
20151326O0623,1,21,1,11,0,0,0,0,0,0,1,1,1,1,33,6,11705,2,7,-1,-1,-1
20151326O0623,2,9,0,18,0,0,0,0,0,0,3,1,6,1,54,8,1686,2,11,-1,-1,-1
20151326O0739,1,9,0,9,0,8,0,0,0,0,3,1,6,2,32,6,1198,1,13,-1,1,-1
20151326O0739,2,90,0,11,0,8,0,0,0,0,4,1,1,2,44,7,2461,2,6,-1,1,-1
20151326O0772,1,9,0,18,0,0,1,0,7,4,1,1,6,1,53,8,1386,1,5,-1,1,-1
20151326O0905,1,11,0,18,0,0,0,0,0,0,0,1,1,1,66,10,6692,2,3,-1,1,-1
20151326O0987,1,19,0,9,0,2,0,0,0,0,1,1,1,1,38,7,1461,2,3,-1,1,-1
20151326O0987,2,1,0,18,0,1,0,0,0,0,3,1,2,1,25,5,-1,-1,-1,-1,1,-1
20151326O1049,1,9,0,16,0,0,1,0,0,0,1,1,6,1,26,6,1984,1,-1,-1,-1,-1
20151326O1049,2,9,0,17,0,0,1,0,0,0,1,1,6,1,39,7,1590,1,15,-1,-1,-1
20151326O1073,1,1,0,18,0,0,0,0,0,0,1,1,6,1,23,5,-1,-1,-1,-1,-1,-1
20151326O1142,1,9,0,18,0,1,0,0,0,0,1,1,6,2,31,6,1796,1,9,-1,1,-1
20151326O1142,2,9,0,18,0,8,0,0,1,0,4,1,6,2,42,7,2993,12,-1,-1,3,-1
20151326O1434,1,1,0,18,0,0,0,0,0,0,4,1,6,1,24,5,-1,-1,-1,-1,1,-1
20151326O1619,1,9,0,18,0,0,0,0,0,0,1,1,2,1,43,7,1762,1,16,-1,2,-1
20151326O1619,2,17,4,2,0,0,0,0,0,0,2,1,1,1,47,8,-1,2,17,-1,3,-1
20151326P0028,1,1,0,18,0,0,0,0,0,0,1,1,6,1,38,7,-1,-1,-1,-1,1,-1
20151326P0028,2,9,0,4,0,0,0,0,0,0,1,1,6,1,66,10,1984,2,4,-1,1,-1
20151326P0222,1,9,0,9,0,5,0,0,0,0,3,1,2,1,40,7,1598,2,6,-1,-1,-1
20151326P0222,2,1,0,18,4,1,5,0,0,0,1,1,2,1,49,8,-1,-1,-1,-1,-1,-1
20151326P0248,1,9,0,18,0,0,0,0,1,2,1,1,6,2,41,7,1598,1,3,-1,1,-1
20151326P0292,1,19,0,4,0,0,1,0,0,0,1,1,1,1,42,7,2151,2,12,-1,-1,-1
20151326P0292,2,9,0,3,0,0,0,0,0,0,2,1,6,1,37,7,1598,1,4,-1,-1,-1
20151326P0292,3,9,0,3,0,0,0,0,0,0,2,1,6,2,19,4,1597,1,7,-1,-1,-1
20151326P0292,4,9,0,3,0,0,0,0,0,0,2,1,6,1,39,7,1364,1,-1,-1,-1,-1
20151326P0420,1,9,0,9,0,8,0,0,0,0,3,1,6,1,25,5,1422,2,14,-1,-1,-1
20151326P0420,2,1,0,18,0,8,0,0,0,0,1,1,6,1,25,5,-1,-1,-1,-1,1,-1
20151326P0556,1,9,0,18,0,0,0,0,0,0,4,1,6,1,80,11,1896,2,8,-1,1,-1
20151326P0556,2,1,0,18,0,0,0,0,0,0,2,1,6,2,70,10,-1,-1,-1,-1,1,-1
20151326P0592,1,3,0,3,0,1,0,0,0,0,2,1,6,1,18,4,124,1,7,-1,-1,-1
20151326P0592,2,19,0,18,0,1,0,0,0,0,1,1,6,1,-1,-1,-1,-1,-1,-1,-1,-1
20151326P0706,1,9,0,2,0,0,0,0,1,11,2,1,6,2,71,10,2488,1,12,-1,1,-1
20151326P0732,1,9,0,7,0,8,0,0,0,0,4,1,6,2,36,7,998,1,8,-1,1,-1
20151326P0732,2,1,0,18,0,8,0,0,0,0,3,1,6,1,45,7,-1,-1,-1,-1,1,-1
20151326P0796,1,4,0,18,0,0,0,0,0,0,4,1,6,1,26,6,124,1,6,-1,2,-1
20151326P0796,2,9,0,1,0,0,0,0,0,0,1,1,6,1,-1,-1,-1,-1,-1,-1,-1,-1
20151326P0947,1,9,0,4,0,0,0,0,0,0,1,1,6,1,28,6,1242,1,14,-1,1,-1
20151326P0947,2,9,0,4,0,0,0,0,0,0,2,1,6,2,51,8,1388,1,3,-1,2,-1
20151326P1202,1,5,0,18,0,0,0,0,0,0,1,1,6,1,48,8,883,1,11,-1,1,-1
20151326P1305,1,9,0,4,0,1,0,0,0,0,1,1,6,1,35,6,2987,2,5,-1,1,-1
20151326P1305,2,9,0,4,0,1,0,0,0,0,2,1,6,1,29,6,1461,2,4,-1,1,-1
20151326P1311,1,9,0,7,0,1,0,0,0,0,4,1,6,2,51,8,1560,2,-1,-1,1,-1
20151326P1311,2,1,0,18,0,1,0,0,0,0,1,1,6,1,27,6,-1,-1,-1,-1,1,-1
20151326P1395,1,9,0,18,0,0,0,0,0,0,1,1,6,2,17,4,1242,1,6,-1,1,-1
20151326P1395,2,9,0,4,0,0,0,0,0,0,2,1,6,1,72,10,1910,2,7,-1,1,-1
20151326P1395,3,9,0,4,0,0,0,0,0,0,2,1,6,2,36,7,1461,2,2,-1,1,-1
20151326P1427,1,9,0,18,0,0,0,0,0,0,4,1,6,3,-1,-1,-1,-1,-1,-1,-1,-1
20151326P1492,1,11,0,18,0,0,0,0,0,0,1,1,1,1,38,7,6700,2,3,-1,1,-1
20151326Q0412,1,9,0,18,0,1,0,0,0,0,4,1,1,2,58,9,1598,1,8,-1,1,-1
20151326Q0412,2,3,0,13,0,1,2,0,0,0,1,1,6,1,28,6,124,1,5,-1,-1,-1
20151326Q0453,1,9,0,9,0,6,0,6,1,10,1,1,6,2,79,11,1364,1,8,-1,-1,-1
20151326Q0453,2,9,0,18,0,1,0,0,0,0,1,1,2,1,44,7,1596,1,7,-1,1,-1
20151326Q0554,1,9,0,5,0,0,0,0,0,0,1,1,6,1,51,8,1794,1,13,-1,1,-1
20151326Q0554,2,19,0,2,0,0,0,0,0,0,0,1,6,3,-1,-1,-1,-1,-1,-1,-1,-1
20151326Q0554,3,1,0,14,0,0,0,0,0,0,1,1,6,1,48,8,-1,-1,-1,-1,1,-1
20151326Q0568,1,9,0,4,0,0,0,0,0,0,1,1,6,1,36,7,4163,1,11,-1,1,-1
20151326Q0568,2,9,0,4,0,0,0,0,0,0,2,1,6,2,22,5,1598,1,1,-1,1,-1
20151326Q0881,1,9,0,3,0,7,0,0,0,0,1,1,6,2,40,7,1461,2,6,-1,1,-1
20151326Q0881,2,9,0,4,0,7,0,0,0,0,2,1,6,2,21,5,1240,1,11,-1,2,-1
20151326Q0907,1,9,0,7,0,1,0,0,0,0,1,1,6,2,50,8,2148,2,8,-1,1,-1
20151326Q0907,2,9,0,18,0,1,0,0,0,0,1,1,6,2,34,6,1360,1,8,-1,1,-1
20151326Q0919,1,9,0,18,0,0,0,0,0,0,1,1,6,1,42,7,1994,2,12,-1,1,-1
20151326Q1013,1,1,0,5,0,8,0,0,0,0,3,1,6,1,16,4,-1,-1,-1,-1,-1,-1
20151326Q1013,2,20,0,9,0,8,0,0,0,0,1,1,1,1,48,8,5880,2,15,-1,1,-1
20151326Q1040,1,9,0,18,0,0,0,0,0,0,2,1,2,2,49,8,1686,2,3,-1,1,-1
20151326Q1040,2,9,0,18,0,0,0,0,0,0,2,1,2,2,22,5,1242,1,5,-1,1,-1
20151326Q1040,3,9,0,18,0,0,0,0,0,0,1,1,2,1,26,6,1598,1,13,-1,3,-1
20151326Q1064,1,9,0,9,0,5,0,0,0,0,4,1,6,1,36,7,1598,1,12,-1,1,-1
20151326Q1064,2,1,0,18,4,8,0,0,0,0,1,1,6,1,22,5,-1,-1,-1,-1,1,-1
20151326Q1074,1,9,0,9,0,1,0,0,0,0,1,1,6,2,46,8,1560,2,8,-1,1,-1
20151326Q1074,2,9,0,18,0,1,0,0,0,0,1,1,1,1,-1,-1,1998,2,7,-1,1,-1
20151326Q1079,1,9,0,18,0,6,0,0,0,0,1,1,1,1,57,9,1332,1,17,-1,-1,-1
20151326Q1079,2,1,0,18,0,1,0,0,0,0,4,1,6,2,27,6,-1,-1,-1,-1,1,-1
20151326Q1087,1,19,0,18,0,0,0,0,0,0,1,1,1,1,25,5,2402,2,7,-1,1,-1
20151326Q1087,2,9,0,18,0,0,0,0,0,0,2,1,6,1,52,8,1461,2,1,-1,-1,-1
20151326Q1143,1,3,0,18,0,1,0,0,0,0,1,1,6,1,36,7,124,1,5,-1,-1,-1
20151326Q1143,2,9,0,9,0,1,0,0,0,0,3,1,6,1,27,6,1686,2,12,-1,-1,-1
20151326Q1150,1,9,0,18,0,0,0,0,0,0,4,1,6,1,31,6,1390,1,14,-1,1,-1
20151326Q1198,1,21,0,18,0,1,0,0,0,0,1,1,1,1,35,6,-1,2,12,-1,2,-1
20151326Q1198,2,9,0,18,0,1,0,0,0,0,2,1,6,1,43,7,1796,1,14,-1,1,-1
20151326Q1200,1,9,0,9,0,1,0,0,0,0,4,1,6,3,-1,-1,2685,2,10,-1,-1,-1
20151326Q1200,2,9,0,18,0,1,0,0,0,0,3,1,1,1,49,8,1896,2,7,-1,1,-1
20151326Q1229,1,9,0,17,0,8,0,0,0,0,1,1,6,1,36,7,1567,1,11,-1,1,-1
20151326Q1229,2,9,0,16,0,8,0,0,0,0,1,1,6,1,20,4,1388,1,16,-1,1,-1
20151326Q1231,1,9,0,18,0,0,0,0,0,0,4,1,6,1,21,5,1968,2,5,-1,1,-1
20151326Q1380,1,11,0,2,0,0,0,0,0,0,0,1,1,1,62,9,-1,2,16,-1,1,-1
20151326Q1394,1,9,0,18,0,2,0,0,0,0,4,1,6,1,44,7,1598,1,6,-1,1,-1
20151326Q1545,1,9,0,18,0,8,0,0,0,0,0,1,6,2,54,8,2148,2,7,-1,3,-1
20151326Q1569,1,9,0,6,0,0,0,0,0,0,3,1,6,1,24,5,1397,1,5,-1,3,-1
20151326Q1569,2,9,0,18,0,0,0,0,0,0,1,1,6,1,19,4,1124,1,15,-1,1,-1
20151326Q1617,1,9,0,7,0,2,0,0,0,0,0,1,6,3,-1,-1,-1,-1,-1,-1,-1,-1
20151326Q1617,2,3,0,18,0,1,1,0,0,0,3,1,6,1,20,4,125,1,3,-1,1,-1
20151326Q1647,1,5,0,18,0,8,0,0,0,0,1,1,6,1,23,5,-1,-1,-1,-1,1,-1
20151326Q1647,2,9,0,7,0,6,0,0,0,0,3,1,6,1,64,9,1968,2,6,-1,1,-1
20151326Q1848,1,9,0,7,0,1,0,0,0,0,1,1,6,1,56,9,1598,1,7,-1,1,-1
20151326Q1848,2,9,0,18,0,1,0,0,0,0,1,1,6,1,24,5,1296,1,9,-1,1,-1
20151326R0053,1,9,0,18,0,0,1,4,1,0,1,1,6,1,26,6,1596,1,13,-1,1,-1
20151326R0053,2,9,0,2,9,0,0,0,0,0,0,1,6,3,-1,-1,-1,-1,-1,-1,-1,-1
20151326R0053,3,9,0,2,9,0,0,0,0,0,0,1,6,3,-1,-1,1149,1,7,-1,-1,-1
20151326R0284,1,9,0,18,0,0,0,0,1,10,1,1,6,1,31,6,1997,2,12,-1,1,-1
20151326R0374,1,9,0,18,0,0,0,0,1,2,1,1,6,3,22,5,1242,1,15,-1,-1,-1
20151326R0630,1,21,0,1,0,0,0,0,0,0,2,1,6,1,63,9,-1,-1,-1,-1,1,-1
20151326R0630,2,9,0,2,0,0,0,0,0,0,0,1,6,1,40,7,1986,2,6,-1,1,-1
20151326R0657,1,1,0,18,0,0,0,0,0,0,1,1,6,1,64,9,-1,-1,-1,-1,2,-1
20151326R0657,2,1,0,18,0,0,0,0,0,0,2,1,6,1,23,5,-1,-1,-1,-1,2,-1
20151326R0716,1,2,0,18,0,0,5,0,0,0,3,1,6,1,56,9,49,1,27,-1,1,-1
20151326R0726,1,5,0,18,0,1,1,0,0,0,1,1,6,1,42,7,1250,1,15,-1,1,-1
20151326R0726,2,9,0,5,0,2,0,0,0,0,2,1,6,2,63,9,1997,1,10,-1,1,-1
20151326R0804,1,9,0,9,0,5,0,0,0,0,3,1,6,1,71,10,1997,2,12,-1,1,-1
20151326R0804,2,5,0,18,0,1,0,0,0,0,1,1,6,1,20,4,645,1,12,-1,2,-1
20151326R1154,1,9,0,18,0,0,0,0,0,0,1,1,6,1,24,5,998,1,1,-1,3,-1
20151326R1154,2,9,0,18,0,0,0,0,0,0,4,1,6,1,32,6,998,1,12,-1,1,-1
20151326R1154,3,8,0,18,0,0,0,0,0,0,0,1,1,1,-1,-1,-1,-1,-1,-1,-1,-1
20151326R1567,1,9,0,9,0,6,0,0,0,0,4,1,6,2,34,6,1149,1,12,-1,-1,-1
20151326R1567,2,9,0,16,0,8,0,0,0,0,1,1,1,1,53,8,1229,1,10,-1,-1,-1
20151326R1676,1,9,0,16,0,0,0,0,0,0,1,1,6,1,22,5,1968,2,-1,-1,1,-1
20151326R1676,2,9,0,17,0,0,0,0,1,0,1,1,2,1,38,7,1900,2,15,-1,1,-1
20151326S0190,1,8,0,18,0,0,0,0,0,0,1,1,1,1,37,7,-1,-1,-1,-1,1,-1
20151326S1070,1,9,0,7,0,0,0,0,0,0,3,1,6,1,43,7,1986,2,8,-1,3,-1
20151326S1070,2,9,0,18,0,0,0,0,0,0,1,1,6,1,37,7,1997,2,10,-1,1,-1
20151326S1214,1,9,0,18,0,0,0,0,8,7,1,1,6,2,73,10,1596,1,2,-1,1,-1
20151326S1380,1,9,0,18,0,0,0,0,0,0,3,1,6,1,44,7,1560,2,-1,-1,-1,-1
20151326S1451,1,9,0,13,0,0,0,0,0,0,4,1,6,1,58,9,1587,1,10,-1,1,-1
20151326S1451,2,16,0,18,0,0,0,0,0,0,3,1,6,1,22,5,-1,-1,-1,-1,1,-1
20151326S1699,1,9,0,18,0,1,0,0,0,0,0,1,6,1,17,4,1896,2,12,-1,2,-1
20151326S1829,1,9,0,18,0,0,0,0,7,10,1,1,6,2,22,5,1498,1,16,-1,1,-1
20151326S1829,2,9,0,18,0,0,0,0,0,0,0,1,6,2,22,5,1124,1,12,-1,1,-1
20151326S1829,3,9,0,18,0,0,0,0,0,0,0,1,6,2,37,7,2993,2,9,-1,1,-1
20151326T0629,1,9,0,4,0,0,0,0,0,0,4,1,6,1,44,7,1598,2,2,-1,1,-1
20151326T0650,1,9,0,18,0,0,0,0,0,0,4,1,2,1,54,8,1997,2,2,-1,1,-1
20151326T0657,1,9,0,18,0,0,0,0,0,0,1,1,1,2,60,9,1198,1,6,-1,1,-1
20151326T0657,2,9,0,10,0,0,0,0,0,0,2,1,6,2,44,7,1598,2,2,-1,1,-1
20151326T1020,1,9,0,18,0,0,0,0,0,0,1,1,3,2,43,7,1968,2,7,-1,-1,-1
20151326T1043,1,9,0,9,0,5,0,0,0,0,4,1,6,2,38,7,1498,1,8,-1,-1,-1
20151326T1043,2,1,0,18,0,1,2,0,0,0,1,1,6,1,18,4,-1,-1,-1,-1,3,-1
20151326T1071,1,9,0,2,0,0,0,0,0,0,3,1,6,2,56,9,1461,2,6,-1,1,-1
20151326T1071,2,1,0,14,0,0,0,4,0,0,1,1,6,1,35,6,-1,-1,-1,-1,3,-1
20151326T1075,1,21,1,18,0,0,0,0,0,0,2,1,1,1,72,10,12900,2,1,-1,1,-1
20151326T1075,2,21,1,11,0,0,0,0,0,0,1,1,1,1,54,8,12777,2,-1,-1,1,-1
20151326T1193,1,9,0,18,0,2,1,0,0,0,1,1,2,1,28,6,1242,1,3,-1,1,-1
20151326T1193,2,8,0,4,0,2,1,0,0,0,2,1,1,1,41,7,1597,5,7,-1,1,-1
20151326T1303,1,9,0,8,0,1,0,0,0,0,1,1,6,1,23,5,1896,2,15,-1,1,-1
20151326T1303,2,9,0,18,0,1,0,0,0,0,2,1,6,2,42,7,1598,1,1,-1,2,-1
20151326T1314,1,9,0,4,0,0,0,0,0,0,1,1,6,1,29,6,1390,1,7,-1,1,-1
20151326T1314,2,1,0,18,0,0,0,0,0,0,3,1,6,1,5,1,-1,-1,-1,-1,1,-1
20151326T1383,1,9,0,18,0,0,0,10,1,4,1,1,6,2,50,8,1240,1,5,-1,-1,-1
20151326T1622,1,9,0,12,0,1,0,0,0,0,3,1,6,2,57,9,1329,1,6,-1,1,-1
20151326T1622,2,9,0,18,0,1,0,0,0,0,4,1,6,1,20,4,1598,1,10,-1,1,-1
20151326T1701,1,9,0,9,0,5,0,0,0,0,4,1,6,2,39,7,1360,1,7,-1,-1,-1
20151326T1701,2,4,0,18,0,8,0,0,0,0,1,1,6,1,33,6,124,1,3,-1,-1,-1
20151326U0292,1,9,0,18,0,0,0,0,0,0,0,1,6,1,49,8,1896,2,9,-1,1,-1
20151326U0293,1,8,0,18,0,6,0,0,0,0,1,1,1,1,44,7,1896,2,7,-1,1,-1
20151326U0293,2,9,0,18,0,1,0,0,0,0,3,1,6,1,77,11,1124,1,15,-1,1,-1