Accident_Index,Vehicle_Reference,Vehicle_Type,Towing_and_Articulation,Vehicle_Manoeuvre,Vehicle_Location-Restricted_Lane,Junction_Location,Skidding_and_Overturning,Hit_Object_in_Carriageway,Vehicle_Leaving_Carriageway,Hit_Object_off_Carriageway,1st_Point_of_Impact,Was_Vehicle_Left_Hand_Drive?,Journey_Purpose_of_Driver,Sex_of_Driver,Age_of_Driver,Age_Band_of_Driver,Engine_Capacity_(CC),Propulsion_Code,Age_of_Vehicle,Driver_IMD_Decile,Driver_Home_Area_Type,Vehicle_IMD_Decile
20151327G1276,2,19,0,2,0,2,0,0,0,0,3,1,6,1,45,7,1998,2,10,-1,1,-1
20151327G1317,1,5,0,18,0,1,5,11,0,0,1,1,6,2,47,8,599,1,16,-1,1,-1
20151327G1419,1,9,0,18,0,8,0,0,0,0,1,1,6,1,28,6,1598,1,13,-1,-1,-1
20151327G1419,2,1,0,18,0,8,0,0,0,0,1,1,6,1,42,7,-1,-1,-1,-1,1,-1
20151327G1449,1,9,0,18,0,0,0,0,0,0,1,1,6,2,35,6,1598,2,3,-1,1,-1
20151327G1449,2,9,0,18,0,0,0,0,0,0,2,1,1,1,-1,-1,1560,2,7,-1,-1,-1
20151327G1925,1,9,0,18,0,8,0,0,0,0,1,1,6,2,20,4,1598,2,1,-1,1,-1
20151327G1925,2,9,0,18,0,8,0,0,1,10,4,1,6,1,32,6,1968,2,8,-1,1,-1
20151327G1925,3,9,0,2,9,2,0,0,0,0,1,1,6,3,-1,-1,1248,1,4,-1,-1,-1
20151327G1925,4,9,0,2,9,2,0,0,0,0,1,1,6,3,-1,-1,1685,2,4,-1,-1,-1
20151327G1943,1,9,0,18,9,2,0,11,7,2,2,1,6,1,-1,-1,1896,2,15,-1,-1,-1
20151327G1943,2,9,0,2,9,2,0,0,0,0,0,1,1,1,-1,-1,2993,2,1,-1,-1,-1
20151327G1943,3,9,0,2,9,2,0,0,0,11,1,1,1,1,-1,-1,2993,2,1,-1,-1,-1
20151327G1994,1,9,0,18,0,0,0,0,0,0,1,1,6,1,-1,-1,-1,-1,-1,-1,-1,-1
20151327G1994,2,1,0,18,0,0,0,0,0,0,2,1,6,1,10,2,-1,-1,-1,-1,1,-1
20151327H0088,1,9,0,18,0,0,0,0,0,0,1,1,6,1,37,7,1984,1,14,-1,-1,-1
20151327H0088,2,8,0,2,0,0,0,0,0,0,2,1,1,1,62,9,1686,2,7,-1,-1,-1
20151327H0102,1,9,0,9,0,8,0,0,0,0,3,1,6,1,32,6,1796,1,2,-1,1,-1
20151327H0102,2,9,0,18,0,8,0,0,0,0,4,1,6,1,23,5,1229,1,8,-1,-1,-1
20151327H0257,1,9,0,9,0,0,2,10,7,0,1,1,2,1,24,5,-1,-1,-1,-1,1,-1
20151327H0281,1,9,0,9,0,8,0,0,0,0,1,1,6,2,38,7,998,1,-1,-1,1,-1
20151327H0281,2,9,0,18,0,1,0,0,0,11,4,1,6,2,57,9,1364,1,6,-1,1,-1
20151327H0318,1,9,0,18,0,0,0,0,0,0,2,1,6,1,58,9,1956,2,1,-1,-1,-1
20151327H0318,2,9,0,2,0,0,0,0,0,0,0,1,6,3,-1,-1,1596,1,5,-1,-1,-1
20151327H0318,3,9,0,2,0,0,0,0,0,0,0,1,6,3,-1,-1,1984,1,16,-1,-1,-1
20151327H0318,4,9,0,2,0,0,0,0,0,0,0,1,6,3,-1,-1,1598,1,8,-1,-1,-1
20151327H0352,1,9,0,7,0,6,0,0,0,0,4,1,6,3,51,8,1951,2,11,-1,1,-1
20151327H0509,1,9,0,18,0,8,0,0,0,0,4,1,6,2,25,5,1398,1,5,-1,2,-1
20151327H0619,1,9,0,1,0,0,0,11,0,0,2,1,6,3,-1,-1,1968,2,8,-1,-1,-1
20151327H0619,2,9,0,2,0,0,0,0,0,0,4,1,6,3,-1,-1,2400,2,4,-1,2,-1
20151327H0637,1,9,0,18,0,0,0,0,0,0,1,1,6,1,44,7,2184,2,16,-1,-1,-1
20151327H0688,1,9,0,18,0,0,0,0,0,0,1,1,6,1,17,4,1896,2,15,-1,-1,-1
20151327H0688,2,9,0,18,0,0,0,0,0,0,1,1,6,1,48,8,3301,1,12,-1,-1,-1
20151327H0716,1,9,0,9,0,6,0,0,0,0,1,1,6,1,43,7,1968,2,6,-1,1,-1
20151327H0716,2,9,0,17,0,1,5,0,0,0,1,1,6,2,46,8,1598,1,3,-1,1,-1
20151327H0810,1,9,0,18,0,6,0,0,0,0,1,1,6,2,40,7,2720,2,9,-1,-1,-1
20151327H0810,2,9,0,18,0,1,0,0,0,0,4,1,6,2,31,6,1360,1,12,-1,-1,-1
20151327H1025,1,11,0,4,0,0,0,0,0,0,0,1,1,2,36,7,9360,2,3,-1,1,-1
20151327H1045,1,9,0,18,0,1,0,0,1,4,1,1,6,1,21,5,1591,1,-1,-1,1,-1
20151327H1045,2,9,0,10,0,1,0,0,0,0,2,1,6,1,23,5,1868,2,15,-1,1,-1
20151327H1089,1,9,0,18,0,1,0,0,0,0,1,1,6,1,25,5,1997,2,14,-1,1,-1
20151327H1089,2,9,0,3,0,8,0,0,0,0,2,1,6,1,24,5,1560,2,10,-1,1,-1
20151327H1089,3,9,0,10,0,8,0,0,0,0,2,1,6,2,24,5,1587,1,10,-1,1,-1
20151327H1132,1,19,0,7,0,1,0,0,0,0,1,1,6,1,-1,-1,-1,-1,-1,-1,-1,-1
20151327H1132,2,9,0,4,0,1,0,0,0,0,3,1,6,1,46,8,1560,2,2,-1,1,-1
20151327H1159,1,9,0,18,0,8,0,0,0,0,1,1,6,2,58,9,1339,8,8,-1,1,-1
20151327H1159,2,8,0,18,0,8,0,0,0,0,3,1,1,1,31,6,2143,2,1,-1,1,-1
20151327H1249,1,9,0,14,0,0,0,0,0,0,1,1,6,2,44,7,1598,1,1,-1,1,-1
20151327H1320,1,9,0,11,0,0,0,0,0,0,4,1,6,1,48,8,1596,1,12,-1,1,-1
20151327H1320,2,5,0,18,0,0,0,0,0,0,3,1,2,1,53,8,599,1,14,-1,1,-1
20151327H1320,3,9,0,18,0,0,0,0,0,0,2,1,2,2,54,8,1198,1,1,-1,1,-1
20151327H1331,1,9,0,3,0,1,0,0,0,0,4,1,6,2,27,6,1242,1,11,-1,1,-1
20151327H1331,2,9,0,18,0,6,0,0,0,0,4,1,6,1,-1,-1,1199,1,13,-1,-1,-1
20151327H1373,1,9,0,5,0,1,0,0,0,0,1,1,6,2,23,5,998,1,1,-1,1,-1
20151327H1394,1,9,0,9,0,1,0,0,0,0,1,1,1,1,40,7,1896,2,11,-1,1,-1
20151327H1394,2,1,0,18,0,1,0,0,0,0,1,1,6,1,46,8,-1,-1,-1,-1,1,-1
20151327H1443,1,5,0,18,0,8,0,0,0,0,1,1,6,1,39,7,998,1,10,-1,1,-1
20151327H1443,2,9,0,18,0,8,0,0,0,0,1,1,6,1,43,7,1360,1,9,-1,1,-1
20151327H1500,1,9,0,7,0,2,0,0,0,0,4,1,6,3,-1,-1,-1,-1,-1,-1,-1,-1
20151327H1744,1,9,0,18,0,0,0,0,0,0,3,1,6,3,-1,-1,-1,-1,-1,-1,-1,-1
20151327H1814,1,9,0,18,0,0,0,0,0,0,0,1,6,1,29,6,1349,1,6,-1,2,-1
20151327I0078,1,3,0,17,0,0,0,0,1,7,1,1,6,1,29,6,125,1,7,-1,1,-1
20151327I0149,1,9,0,18,0,1,0,0,0,0,4,1,6,3,-1,-1,-1,-1,-1,-1,-1,-1
20151327I0176,1,9,0,5,0,6,0,0,0,0,3,1,6,2,28,6,1198,1,12,-1,1,-1
20151327I0176,2,9,0,18,0,8,0,0,0,0,4,1,1,1,41,7,-1,-1,-1,-1,1,-1
20151327I0202,1,9,0,16,0,0,0,0,8,11,1,1,6,1,21,5,1349,1,5,-1,1,-1
20151327I0646,1,9,0,18,0,0,0,0,0,0,1,1,6,1,41,7,1461,2,6,-1,3,-1
20151327I0646,2,1,0,18,0,0,0,0,0,0,2,1,6,1,36,7,-1,-1,-1,-1,-1,-1
20151327I0719,1,9,0,18,0,0,0,0,0,0,1,1,6,1,68,10,2199,2,1,-1,1,-1
20151327I0719,2,9,0,18,0,0,0,0,0,0,2,1,6,2,31,6,1199,1,14,-1,1,-1
20151327I0950,1,9,0,3,0,0,0,0,0,0,3,1,6,2,48,8,998,1,8,-1,1,-1
20151327I0950,2,9,0,18,0,0,0,0,0,0,4,1,6,2,-1,-1,1984,1,15,-1,-1,-1
20151327I1014,1,9,0,18,0,8,0,0,0,0,4,1,6,2,20,4,1124,1,13,-1,1,-1
20151327I1438,1,9,0,18,0,0,0,0,0,0,3,1,6,2,23,5,998,1,13,-1,1,-1
20151327I1750,1,9,0,11,0,8,0,0,0,0,4,1,6,1,29,6,1781,1,14,-1,1,-1
20151327I1750,2,9,0,18,0,8,0,0,1,1,3,1,6,1,56,9,1560,2,9,-1,1,-1
20151327I1804,1,9,0,13,0,2,0,0,0,0,1,1,6,2,48,8,1598,2,4,-1,2,-1
20151327J0612,1,9,0,5,0,0,0,0,0,0,4,1,6,2,33,6,1242,1,12,-1,-1,-1
20151327J0860,1,9,0,1,9,0,0,0,0,0,2,1,6,1,51,8,998,1,4,-1,1,-1
20151327J1015,1,5,0,18,0,8,0,0,0,0,4,1,6,1,64,9,-1,-1,-1,-1,-1,-1
20151327J1015,2,9,0,9,0,8,0,0,0,0,3,1,6,2,34,6,1900,2,9,-1,-1,-1
20151327J1050,1,9,0,16,0,8,1,7,0,0,3,1,6,2,22,5,1388,1,6,-1,-1,-1
20151327J1402,1,9,0,18,0,0,5,4,0,0,1,1,6,1,29,6,1968,2,6,-1,1,-1
20151327J1402,2,9,0,2,0,0,0,4,1,0,2,1,6,3,-1,-1,1686,2,7,-1,-1,-1
20151327J1402,3,19,0,2,0,0,0,0,0,0,2,1,6,3,-1,-1,1753,2,9,-1,-1,-1
20151327J1439,1,9,0,18,0,0,0,0,0,0,3,1,6,1,49,8,1753,2,15,-1,1,-1
20151327J1515,1,19,0,5,0,4,0,0,0,0,1,1,6,3,30,6,1995,2,8,-1,-1,-1
20151327J1515,2,10,0,18,0,4,0,0,0,0,2,1,1,1,54,8,-1,-1,-1,-1,1,-1
20151327J1884,1,9,0,14,0,0,0,0,0,0,1,1,6,2,38,7,1900,2,11,-1,1,-1
20151327J1884,2,9,0,2,0,0,0,0,0,0,2,1,6,3,-1,-1,1242,1,1,-1,-1,-1
20151327J1884,3,9,0,2,0,0,0,0,0,0,1,1,6,3,-1,-1,1598,1,7,-1,-1,-1
20151327K0023,1,9,0,18,0,4,0,0,0,0,3,1,6,1,34,6,1896,2,11,-1,1,-1
20151327K0023,2,9,0,18,0,8,0,0,0,0,1,1,6,1,42,7,1685,2,2,-1,1,-1
20151327K0228,1,9,0,10,0,6,0,0,0,0,1,1,1,2,49,8,1229,1,1,-1,1,-1
20151327K0228,2,3,0,17,0,8,0,0,0,0,2,1,1,1,37,7,-1,-1,-1,-1,1,-1
20151327K0311,1,9,0,9,0,8,0,0,0,0,1,1,2,2,51,8,1364,1,8,-1,1,-1
20151327K0311,2,9,0,18,0,8,0,0,0,0,1,1,6,1,22,5,1299,1,12,-1,3,-1
20151327K0401,1,1,0,9,0,1,0,0,0,0,4,1,6,1,43,7,-1,-1,-1,-1,-1,-1
20151327K0401,2,9,0,18,0,5,0,0,0,0,0,1,6,2,34,6,1968,2,2,-1,-1,-1
20151327K0528,1,9,0,13,0,0,0,0,0,0,4,1,6,2,69,10,1386,1,7,-1,1,-1
20151327K0528,2,9,0,6,0,0,0,0,0,0,3,1,6,2,39,7,1596,1,9,-1,1,-1
20151327K0579,1,9,0,9,0,6,5,0,3,11,3,1,6,1,83,11,1499,1,1,-1,1,-1
20151327K0579,2,9,0,18,0,1,0,0,0,0,1,1,6,2,48,8,2179,2,3,-1,1,-1
20151327K0625,1,9,0,9,0,8,0,0,0,0,3,1,2,2,35,6,1242,1,9,-1,1,-1
20151327K0625,2,1,0,18,0,8,0,0,0,0,1,1,2,1,42,7,-1,-1,-1,-1,1,-1
20151327K0626,1,9,0,18,0,8,0,0,0,0,3,1,6,1,46,8,1783,1,13,-1,2,-1
20151327K0626,2,9,0,7,0,3,0,0,0,0,4,1,1,1,55,8,-1,-1,-1,-1,1,-1
20151327K0667,1,9,0,13,0,0,0,0,0,11,4,1,6,1,40,7,1560,2,-1,-1,1,-1
20151327K0667,2,9,0,18,0,0,0,0,0,0,4,1,6,1,32,6,1686,2,1,-1,1,-1
20151327K0667,3,9,0,18,0,0,0,0,0,0,3,1,6,1,43,7,-1,-1,-1,-1,1,-1
20151327K0724,1,9,0,18,0,8,0,0,0,0,1,1,1,1,40,7,1968,2,5,-1,1,-1
20151327K0724,2,1,0,18,0,8,0,0,0,0,4,1,6,1,42,7,-1,-1,-1,-1,1,-1
20151327K0878,1,9,0,5,0,6,0,0,0,0,3,1,6,1,50,8,1991,1,23,-1,1,-1
20151327K0878,2,1,0,18,0,1,0,0,0,0,1,1,6,1,58,9,-1,-1,-1,-1,1,-1
20151327K0916,1,22,0,18,0,8,0,0,0,0,1,1,6,1,36,7,-1,-1,-1,-1,1,-1
20151327K0949,1,3,0,18,0,8,0,0,0,0,1,1,2,1,21,5,125,1,-1,-1,2,-1
20151327K0949,2,9,0,18,0,8,0,0,0,0,0,1,2,2,23,5,998,1,6,-1,1,-1
20151327K1130,1,9,0,16,0,0,2,10,1,11,1,1,6,1,18,4,1398,2,13,-1,1,-1
20151327K1740,1,9,0,18,0,1,0,0,0,0,4,1,6,3,-1,-1,-1,-1,-1,-1,-1,-1
20151327K1740,2,1,0,18,0,1,0,0,0,0,3,1,6,1,57,9,-1,-1,-1,-1,1,-1
20151327L0214,1,9,0,9,0,8,0,0,0,0,4,1,2,1,32,6,1753,2,6,-1,1,-1
20151327L0214,2,1,0,18,0,8,5,0,0,0,1,1,2,1,57,9,-1,-1,-1,-1,1,-1
20151327L0693,1,4,0,18,0,1,0,0,0,0,1,1,6,3,-1,-1,-1,-1,-1,-1,-1,-1
20151327L0738,1,11,0,18,0,0,0,4,0,0,4,1,1,1,32,6,7300,2,8,-1,2,-1
20151327L0738,2,19,0,2,0,0,0,0,0,0,3,1,1,1,51,8,1997,2,9,-1,1,-1
20151327L0771,1,9,0,18,0,0,0,0,0,0,1,1,6,1,25,5,1364,1,9,-1,1,-1
20151327L0771,2,9,0,9,0,0,0,0,0,0,2,1,6,2,46,8,1968,2,8,-1,1,-1
20151327L1099,1,9,0,1,0,0,0,0,0,0,2,1,6,1,21,5,1598,2,1,-1,1,-1
20151327L1099,2,9,0,3,0,0,0,0,0,0,1,1,2,2,38,7,1364,1,8,-1,1,-1
20151327L1198,1,9,0,18,0,8,0,0,0,0,1,1,6,1,39,7,1968,2,8,-1,1,-1
20151327L1198,2,9,0,18,0,8,0,0,7,1,4,1,6,2,84,11,1248,1,1,-1,2,-1
20151327L1209,1,9,0,9,0,0,0,0,0,0,3,1,6,1,19,4,1390,1,12,-1,-1,-1
20151327L1209,2,9,0,18,0,0,0,0,0,0,1,1,6,1,31,6,998,1,13,-1,-1,-1
20151327L1209,3,9,0,2,0,0,0,0,0,0,4,1,6,3,-1,-1,1329,1,3,-1,-1,-1
20151327L1304,1,9,0,7,0,8,0,0,0,0,4,1,6,1,31,6,1598,1,1,-1,1,-1
20151327L1304,2,9,0,18,0,8,0,0,0,0,1,1,1,1,30,6,998,1,14,-1,1,-1
20151327L1503,1,9,0,14,0,0,0,0,0,0,4,1,6,2,24,5,1242,1,1,-1,1,-1
20151327L1503,2,9,0,2,0,0,0,0,0,0,0,1,6,3,-1,-1,1596,1,10,-1,-1,-1
20151327L1503,3,9,0,2,0,0,0,0,0,0,0,1,6,3,-1,-1,-1,-1,-1,-1,-1,-1
20151327M0248,1,9,0,18,0,0,0,4,0,0,1,1,6,2,41,7,999,1,1,-1,3,-1
20151327M0248,2,19,0,2,0,0,0,0,0,0,2,1,6,3,38,7,2299,2,25,-1,3,-1
20151327M0508,1,9,0,18,0,1,0,0,1,1,1,1,6,2,22,5,1199,1,12,-1,1,-1
20151327M0508,2,9,0,10,0,1,0,0,0,0,0,1,6,2,35,6,1796,1,12,-1,1,-1
20151327M0669,1,9,0,9,0,1,0,0,0,0,1,1,6,3,-1,-1,-1,-1,-1,-1,-1,-1
20151327M0694,1,9,0,18,0,8,0,0,7,4,1,1,6,2,41,7,1275,1,16,-1,-1,-1
20151327M0694,2,9,0,5,0,6,0,0,0,0,1,1,6,2,60,9,1598,1,2,-1,1,-1
20151327M0694,3,9,0,2,0,1,0,0,0,0,1,1,6,1,-1,-1,1388,1,15,-1,-1,-1
20151327M0694,4,9,0,2,0,1,0,0,0,0,1,1,6,1,-1,-1,1590,1,13,-1,-1,-1
20151327M1084,1,9,0,9,0,8,0,0,0,0,3,1,6,1,33,6,1248,2,7,-1,1,-1
20151327M1084,2,9,0,18,0,8,0,0,0,0,1,1,1,2,59,9,1968,2,4,-1,1,-1
20151327M1160,1,9,0,18,0,0,0,0,0,0,4,1,2,1,28,6,1781,1,13,-1,1,-1
20151327M1226,1,9,0,18,0,0,0,0,0,0,1,1,6,2,38,7,1596,1,10,-1,1,-1
20151327M1240,1,11,0,18,0,4,0,0,0,0,1,1,1,1,27,6,7300,2,15,-1,1,-1
20151327M1240,2,9,0,6,0,8,1,0,0,0,1,1,6,1,-1,-1,1796,1,13,-1,-1,-1
20151327M1604,1,11,0,18,0,0,0,0,0,0,0,1,1,1,55,8,7300,2,7,-1,1,-1
20151327N0452,1,9,0,18,0,0,1,0,0,0,1,1,6,3,-1,-1,2480,1,2,-1,-1,-1
20151327N0452,2,9,0,18,0,0,0,0,0,0,1,1,1,1,44,7,1598,1,9,-1,1,-1
20151327N0621,1,9,0,13,0,0,0,0,0,0,1,1,6,1,37,7,1896,2,11,-1,1,-1
20151327N0621,2,1,0,18,0,0,0,0,0,0,2,1,6,2,57,9,-1,-1,-1,-1,2,-1
20151327N0640,1,9,0,18,0,0,0,0,0,0,4,1,1,2,32,6,1395,1,2,-1,3,-1
20151327N0777,1,19,0,18,0,1,0,0,0,0,1,1,6,1,30,6,2198,2,1,-1,1,-1
20151327N0777,2,9,0,18,0,1,0,0,0,0,4,1,6,1,30,6,1973,1,18,-1,1,-1
20151327N0972,1,9,0,14,0,0,5,4,0,0,4,1,6,2,87,11,1242,1,1,-1,1,-1
20151327N0972,2,9,0,2,0,0,0,0,0,0,3,1,6,1,-1,-1,1242,1,14,-1,-1,-1
20151327N1272,1,9,0,18,0,0,0,0,0,0,4,1,6,3,-1,-1,-1,-1,-1,-1,-1,-1
20151327N1484,1,9,0,18,0,0,1,0,1,0,1,1,6,1,30,6,1598,2,4,-1,1,-1
20151327N1484,2,9,3,18,0,0,1,0,0,0,2,1,6,1,67,10,1560,2,2,-1,1,-1
20151327N1788,1,9,0,4,0,0,0,0,0,0,2,1,6,2,23,5,1198,1,3,-1,-1,-1
20151327N1788,2,9,0,18,0,0,0,0,0,0,1,1,6,1,30,6,1242,1,12,-1,-1,-1
20151327N1788,3,9,0,18,0,0,0,0,0,0,1,1,6,1,50,8,1598,1,10,-1,-1,-1
20151327N1788,4,9,0,18,0,0,0,0,0,0,1,1,6,1,40,7,1598,2,3,-1,-1,-1
20151327O0048,1,9,0,17,0,1,0,0,1,0,1,1,1,2,58,9,1396,1,13,-1,1,-1
20151327O0249,1,9,0,18,0,1,0,0,0,0,1,1,2,2,40,7,1242,1,10,-1,1,-1
20151327O0273,1,9,0,18,0,1,0,0,0,0,1,1,6,2,30,6,1560,2,2,-1,-1,-1
20151327O0273,2,9,0,3,0,1,0,0,0,0,2,1,2,2,30,6,2494,1,29,-1,1,-1
20151327O0307,1,9,0,18,0,8,0,0,0,0,1,1,6,2,57,9,996,1,1,-1,1,-1
20151327O0307,2,9,0,10,0,8,0,0,0,0,2,1,6,2,50,8,1390,1,7,-1,1,-1
20151327O0704,1,9,0,18,0,1,0,0,0,0,1,1,6,1,18,4,1229,1,1,-1,-1,-1
20151327O0704,2,9,0,3,0,1,0,0,0,0,2,1,6,1,65,9,1995,2,5,-1,-1,-1
20151327O1212,1,9,0,1,0,0,0,0,0,0,2,1,6,1,71,10,1560,2,8,-1,2,-1
20151327O1219,1,9,0,9,0,8,0,0,0,0,1,1,6,1,43,7,998,1,1,-1,1,-1
20151327O1219,2,9,0,18,0,8,0,0,1,0,3,1,6,1,50,8,1598,1,11,-1,1,-1
20151327O1253,1,5,0,11,0,0,0,0,0,0,1,1,2,1,30,6,999,1,6,-1,1,-1
20151327O1253,2,19,0,18,0,0,0,0,0,0,2,1,2,1,49,8,2198,2,5,-1,1,-1
20151327O1290,1,9,0,9,0,1,0,0,0,0,4,1,6,2,22,5,1399,2,6,-1,1,-1
20151327O1290,2,1,0,18,0,1,0,0,0,0,1,1,6,1,40,7,-1,-1,-1,-1,1,-1
20151327O1564,1,9,0,2,0,1,0,0,0,0,2,1,6,2,45,7,1389,1,11,-1,1,-1
20151327O1564,2,9,0,4,0,1,0,0,0,0,1,1,6,2,37,7,1900,2,10,-1,1,-1
20151327O1821,1,9,0,4,0,0,0,0,0,0,2,1,6,2,39,7,1769,1,11,-1,1,-1
20151327O1821,2,9,0,18,0,0,0,0,0,0,1,1,6,1,17,4,999,1,2,-1,3,-1
20151327O1823,1,11,0,18,0,0,0,0,1,2,1,1,1,2,47,8,9360,2,6,-1,-1,-1
20151327O1946,1,9,0,18,0,0,0,0,0,0,1,1,1,1,25,5,1248,2,-1,-1,-1,-1
20151327P0346,1,9,0,18,0,1,1,7,8,5,1,1,6,1,27,6,1229,1,7,-1,1,-1
20151327P0681,1,9,0,18,0,0,0,0,0,0,1,1,1,2,20,4,1360,1,6,-1,1,-1
20151327P0753,1,9,0,18,0,1,0,0,0,0,1,1,6,1,21,5,1461,2,-1,-1,1,-1
20151327P0753,2,9,0,18,0,1,0,0,0,0,2,1,6,2,51,8,998,1,3,-1,1,-1
20151327P0753,3,9,0,18,0,2,0,0,0,0,0,1,1,2,30,6,1248,2,1,-1,-1,-1
20151327P0822,1,9,0,13,0,2,0,0,0,0,1,1,6,1,33,6,1598,1,8,-1,1,-1
20151327P0915,1,9,0,9,0,1,0,0,0,0,1,1,6,2,59,9,1587,1,12,-1,1,-1
20151327P0915,2,9,0,7,0,1,0,0,0,0,1,1,6,1,23,5,1998,1,14,-1,1,-1
20151327P0950,1,2,0,18,0,0,0,0,0,0,1,1,6,1,16,4,50,1,4,-1,1,-1
20151327P0950,2,9,0,18,0,0,0,0,0,0,1,1,6,1,61,9,1497,8,3,-1,1,-1
20151327P0998,1,19,0,1,0,0,0,0,0,0,2,1,6,3,-1,-1,-1,-1,-1,-1,-1,-1
20151327P1115,1,9,0,18,0,0,0,0,0,0,1,1,6,1,34,6,1388,1,14,-1,1,-1
20151327P1115,2,9,0,18,0,0,0,0,0,0,1,1,6,2,34,6,1560,2,5,-1,1,-1
20151327P1252,1,90,0,18,0,0,0,0,0,0,0,1,6,3,-1,-1,-1,-1,-1,-1,-1,-1
20151327P1343,1,1,0,7,0,6,5,0,0,0,3,1,6,1,25,5,-1,-1,-1,-1,1,-1
20151327P1343,2,4,0,18,0,8,5,0,0,0,1,1,6,1,22,5,125,1,8,-1,3,-1
20151327P1722,1,9,0,9,0,1,0,0,0,0,1,1,6,1,41,7,1240,1,10,-1,-1,-1
20151327P1722,2,1,0,9,0,1,0,0,0,0,1,1,6,1,41,7,-1,-1,-1,-1,3,-1
20151327P1815,1,9,0,18,0,1,0,0,0,0,1,1,6,1,18,4,-1,-1,-1,-1,1,-1
20151327P1815,2,9,0,18,0,1,0,0,0,0,2,1,6,1,25,5,1598,1,7,-1,1,-1
20151327P1820,1,11,0,10,0,1,0,0,0,0,0,1,1,1,49,8,9360,2,6,-1,1,-1
20151327P1820,2,8,0,7,0,1,0,0,0,0,0,1,6,3,-1,-1,-1,-1,-1,-1,-1,-1
20151327Q0331,1,9,0,18,0,8,1,0,8,1,4,1,6,1,19,4,1395,1,-1,-1,2,-1
20151327Q0331,2,9,0,9,0,8,1,0,0,0,3,1,6,1,29,6,1968,2,8,-1,1,-1
20151327Q0787,1,9,0,18,0,0,0,0,0,0,1,1,6,1,31,6,1398,2,11,-1,-1,-1
20151327Q0969,1,9,0,9,0,6,0,0,1,9,3,1,6,2,19,4,1598,2,2,-1,1,-1
20151327Q0969,2,9,0,18,0,8,0,0,0,0,1,1,6,1,47,8,2400,2,1,-1,1,-1
20151327Q1071,1,9,0,4,0,1,0,0,0,0,1,1,6,2,21,5,998,1,12,-1,1,-1
20151327Q1071,2,9,0,18,0,1,0,0,0,0,2,1,6,1,22,5,1896,2,8,-1,1,-1
20151327Q1194,1,9,0,18,0,0,1,0,0,0,1,1,6,1,18,4,1896,2,14,-1,3,-1
20151327Q1194,2,9,0,18,0,0,0,0,0,0,1,1,6,2,36,7,1560,2,3,-1,1,-1
20151327Q1290,1,4,0,18,0,8,0,0,0,0,0,1,6,1,60,9,125,1,3,-1,1,-1
20151327Q1537,1,8,0,18,0,0,0,0,0,0,0,1,1,1,49,8,1596,1,9,-1,1,-1
20151327R0250,1,9,0,18,0,1,0,0,0,0,1,1,6,1,24,5,1956,2,4,-1,1,-1
20151327R0250,2,9,0,8,0,1,0,0,0,0,2,1,6,1,22,5,1896,2,13,-1,1,-1
20151327R0439,1,19,0,18,0,0,1,0,7,11,1,1,1,1,18,4,2500,2,7,-1,3,-1
20151327R0471,1,19,0,5,0,0,0,0,0,0,1,1,1,1,-1,-1,-1,-1,-1,-1,-1,-1
20151327R0471,2,1,0,18,0,0,0,0,0,0,1,1,1,1,35,6,-1,-1,-1,-1,1,-1
20151327R0641,1,22,0,18,0,0,0,0,0,0,1,1,6,2,74,10,-1,-1,-1,-1,1,-1
20151327R0641,2,9,0,18,0,0,0,0,0,0,3,1,1,2,28,6,1995,2,2,-1,1,-1
20151327R0722,1,3,0,18,0,1,1,0,0,0,3,1,6,2,17,4,125,1,-1,-1,1,-1
20151327R0746,1,9,0,13,0,1,0,0,0,0,1,1,6,3,-1,-1,1995,2,13,-1,-1,-1
20151327R0746,2,9,0,9,0,1,0,0,0,0,1,1,6,1,33,6,1896,2,13,-1,1,-1
20151327R0746,3,9,0,18,0,1,0,0,0,0,1,1,6,2,72,10,998,1,6,-1,1,-1
20151327R0746,4,9,0,18,0,1,0,0,0,0,1,1,6,2,32,6,1299,1,7,-1,1,-1
20151327R0928,1,9,0,18,0,0,1,0,8,2,3,1,6,1,29,6,1299,1,18,-1,1,-1
20151327R1121,1,9,0,18,0,0,0,0,0,0,1,1,1,1,28,6,1360,1,7,-1,1,-1
20151327R1121,2,9,0,18,0,0,0,0,0,0,2,1,1,1,41,7,1968,2,9,-1,1,-1
20151327R1394,1,9,0,4,0,0,0,0,0,0,1,1,6,1,25,5,1896,2,11,-1,1,-1
20151327R1394,2,9,0,2,0,0,0,0,0,0,2,1,6,2,64,9,-1,-1,-1,-1,1,-1
20151327S0497,1,2,0,4,0,1,2,0,0,0,1,1,6,1,22,5,49,1,6,-1,1,-1
20151327S0497,2,11,0,9,0,8,0,0,0,0,4,1,1,1,30,6,9600,2,15,-1,2,-1
20151327S0564,1,9,0,18,0,0,0,0,0,0,3,1,6,1,49,8,1686,2,2,-1,2,-1
20151327S0699,1,9,0,18,0,0,0,4,0,0,1,1,1,1,52,8,1685,2,1,-1,1,-1
20151327S0699,2,9,0,2,0,0,0,0,0,0,2,1,6,3,-1,-1,998,1,15,-1,-1,-1
20151327S0699,3,9,0,2,0,0,0,0,0,0,2,1,6,2,-1,-1,1108,1,10,-1,-1,-1
20151327S1044,1,9,0,9,0,2,0,0,0,0,1,1,6,1,53,8,1984,1,6,-1,1,-1
20151327S1044,2,9,0,18,0,2,0,0,1,2,1,1,6,1,74,10,1598,1,10,-1,1,-1
20151327S1060,1,1,0,18,0,6,0,0,0,0,1,1,6,1,18,4,-1,-1,-1,-1,1,-1
20151327S1060,2,9,0,18,0,8,0,0,0,0,3,1,6,1,61,9,1870,2,11,-1,1,-1