Accident_Index,Vehicle_Reference,Vehicle_Type,Towing_and_Articulation,Vehicle_Manoeuvre,Vehicle_Location-Restricted_Lane,Junction_Location,Skidding_and_Overturning,Hit_Object_in_Carriageway,Vehicle_Leaving_Carriageway,Hit_Object_off_Carriageway,1st_Point_of_Impact,Was_Vehicle_Left_Hand_Drive?,Journey_Purpose_of_Driver,Sex_of_Driver,Age_of_Driver,Age_Band_of_Driver,Engine_Capacity_(CC),Propulsion_Code,Age_of_Vehicle,Driver_IMD_Decile,Driver_Home_Area_Type,Vehicle_IMD_Decile
2015132861531,1,19,0,18,0,0,0,0,0,0,0,1,1,1,46,8,-1,-1,-1,-1,1,-1
2015132861531,2,90,5,18,0,0,0,0,0,0,1,1,6,1,26,6,-1,-1,-1,-1,-1,-1
2015132861547,1,5,0,16,0,0,0,10,0,1,3,1,6,1,25,5,599,1,15,-1,1,-1
2015132861555,1,9,0,17,0,0,0,10,1,11,1,1,6,2,57,9,1242,1,6,-1,1,-1
2015132870383,1,9,0,18,0,1,0,0,0,0,1,1,6,1,35,6,1360,1,17,-1,1,-1
2015132870383,2,9,0,9,0,6,0,0,0,0,3,1,6,1,65,9,1598,1,5,-1,1,-1
2015132870489,1,9,0,5,0,4,0,0,0,0,3,1,6,2,31,6,1390,1,13,-1,1,-1
2015132870489,2,21,0,5,0,4,0,0,0,0,4,1,1,1,27,6,12580,2,10,-1,1,-1
2015132870618,1,21,1,18,0,4,0,0,0,0,4,1,1,1,29,6,12740,2,1,-1,1,-1
2015132870618,2,9,0,8,0,4,0,0,0,0,3,1,6,2,84,11,999,1,2,-1,1,-1
2015132870711,1,5,0,18,0,1,1,0,0,0,1,1,6,1,25,5,599,1,17,-1,1,-1
2015132870711,2,9,0,18,0,1,0,0,0,0,2,1,6,1,38,7,1686,2,10,-1,1,-1
2015132870836,1,9,0,18,0,0,0,0,0,0,3,1,6,1,59,9,1798,1,7,-1,1,-1
2015132870857,1,9,0,7,0,5,1,6,0,11,4,1,6,1,25,5,2993,2,4,-1,1,-1
2015132870944,1,9,0,13,0,0,0,0,0,0,4,1,6,3,-1,-1,2477,2,23,-1,-1,-1
2015132870944,2,9,0,18,0,0,0,0,0,0,3,1,6,1,63,9,1995,1,11,-1,1,-1
2015132870944,3,9,0,18,0,0,0,0,0,0,3,1,6,1,57,9,2776,2,12,-1,1,-1
2015132870944,4,9,0,18,0,0,0,0,0,0,3,1,6,1,59,9,1968,2,2,-1,1,-1
2015132870944,5,9,0,18,0,0,0,0,0,0,2,1,6,1,50,8,1870,2,12,-1,1,-1
2015132870944,6,9,0,18,0,0,0,0,0,0,0,1,1,1,32,6,2993,2,2,-1,1,-1
2015132870992,1,9,0,18,0,0,1,0,0,0,1,1,6,1,44,7,1870,2,11,-1,1,-1
2015132870992,2,9,0,4,0,0,0,0,0,0,2,1,6,2,22,5,1364,1,6,-1,1,-1
2015132871022,1,9,0,18,0,0,0,0,0,0,1,1,6,1,20,4,1149,1,13,-1,1,-1
2015132871022,2,9,0,3,0,0,0,0,0,0,2,1,1,1,61,9,1598,2,-1,-1,1,-1
2015132871233,1,9,0,9,0,8,0,0,0,0,1,1,6,2,32,6,998,1,8,-1,1,-1
2015132871233,2,1,0,18,0,8,0,0,0,0,1,1,2,1,31,6,-1,-1,-1,-1,3,-1
2015132871387,1,9,0,18,0,0,0,0,0,0,1,1,6,1,24,5,1390,1,8,-1,-1,-1
2015132871387,2,9,0,18,0,0,0,0,0,0,3,1,6,2,38,7,1086,1,6,-1,-1,-1
2015132871387,3,9,0,18,0,0,0,0,0,0,1,1,6,1,36,7,1896,2,13,-1,-1,-1
2015132871414,1,9,0,18,0,0,0,0,0,0,0,1,6,1,33,6,1991,1,1,-1,1,-1
2015132871433,1,9,0,18,0,0,1,0,0,0,1,1,1,1,40,7,1332,1,18,-1,1,-1
2015132871435,1,9,0,18,0,0,0,0,0,0,1,1,6,1,15,3,1905,2,17,-1,-1,-1
2015132871435,2,9,0,18,0,0,0,0,0,0,1,1,6,3,-1,-1,-1,-1,-1,-1,-1,-1
2015132871527,1,3,0,18,0,2,1,0,0,0,1,1,6,1,29,6,124,1,16,-1,1,-1
2015132871527,2,9,0,18,0,2,0,0,0,0,3,1,6,2,46,8,1780,1,32,-1,1,-1
2015132871699,1,9,0,18,0,0,0,0,0,0,4,1,6,3,-1,-1,-1,-1,-1,-1,-1,-1
2015132871779,1,9,0,9,0,8,0,0,0,0,1,1,6,2,35,6,1999,1,14,-1,-1,-1
2015132871779,2,9,0,13,0,8,2,0,0,0,1,1,6,2,25,5,1360,1,13,-1,-1,-1
2015132880124,1,9,0,3,0,1,0,0,0,0,2,1,6,1,37,7,1995,2,10,-1,-1,-1
2015132880124,2,9,0,18,0,1,0,0,0,0,1,1,6,1,35,6,2993,2,6,-1,-1,-1
2015132880253,1,9,0,17,0,0,5,10,2,11,1,1,6,1,29,6,1598,1,12,-1,-1,-1
2015132880465,1,9,0,4,0,0,0,0,7,0,2,1,2,2,37,7,1199,1,11,-1,1,-1
2015132880465,2,19,0,14,0,0,0,0,0,0,1,1,2,1,25,5,2488,2,-1,-1,2,-1
2015132880508,1,9,0,7,0,5,0,0,0,0,4,1,6,2,32,6,1598,1,10,-1,2,-1
2015132880508,2,1,0,18,0,8,0,0,0,0,1,1,6,1,45,7,-1,-1,-1,-1,1,-1
2015132880547,1,9,0,5,0,2,0,0,0,0,3,1,2,2,23,5,998,1,-1,-1,1,-1
2015132880547,2,1,0,18,0,1,0,0,0,0,1,1,6,1,42,7,-1,-1,-1,-1,1,-1
2015132880744,1,9,0,4,0,0,0,0,0,0,2,1,6,2,23,5,1198,1,2,-1,1,-1
2015132880744,2,3,0,4,0,0,2,0,0,0,1,1,6,1,33,6,124,1,2,-1,1,-1
2015132880775,1,9,0,15,0,0,0,0,0,0,1,1,6,1,23,5,1229,1,10,-1,1,-1
2015132880776,1,4,0,18,9,0,0,0,0,0,1,1,6,1,24,5,-1,-1,-1,-1,1,-1
2015132880776,2,4,0,18,9,0,0,0,0,0,1,1,1,1,24,5,250,1,1,-1,-1,-1
2015132880802,1,9,0,4,0,0,0,0,0,0,1,1,6,1,35,6,3222,2,12,-1,1,-1
2015132880802,2,9,0,4,0,0,0,0,0,0,2,1,6,2,37,7,-1,-1,-1,-1,3,-1
2015132880802,3,9,0,4,0,0,0,0,0,0,2,1,6,1,60,9,-1,-1,-1,-1,1,-1
2015132880803,1,9,0,18,0,0,0,0,0,0,4,1,6,1,44,7,2143,2,1,-1,2,-1
2015132880803,2,5,0,18,0,0,0,0,0,0,3,1,6,1,46,8,1050,1,7,-1,1,-1
2015132880851,1,9,0,18,0,0,0,0,0,0,3,1,6,1,36,7,1598,1,11,-1,1,-1
2015132880851,2,9,0,18,0,0,0,0,0,0,3,1,6,3,-1,-1,-1,-1,-1,-1,-1,-1
2015132880909,1,9,0,7,0,1,0,0,0,0,4,1,6,1,46,8,1896,2,12,-1,1,-1
2015132880909,2,1,0,18,0,1,5,0,0,0,1,1,6,1,39,7,-1,-1,-1,-1,1,-1
2015132880956,1,9,0,4,0,0,0,0,0,0,1,1,6,1,21,5,-1,-1,-1,-1,1,-1
2015132880956,2,9,0,4,0,0,0,0,0,0,2,1,6,2,62,9,1761,1,14,-1,1,-1
2015132880956,3,9,0,2,0,0,0,0,0,0,2,1,6,1,-1,-1,1596,1,4,-1,-1,-1
2015132880990,1,17,4,18,0,0,0,0,0,0,1,1,1,1,63,9,-1,2,18,-1,3,-1
2015132880990,2,9,0,18,0,0,0,0,0,0,1,1,6,1,57,9,1968,2,1,-1,1,-1
2015132881045,1,21,1,12,0,0,0,0,0,0,3,1,1,1,48,8,11705,2,7,-1,2,-1
2015132881045,2,9,0,13,0,0,0,0,0,0,1,1,6,1,38,7,1998,1,12,-1,1,-1
2015132881166,1,9,0,5,0,1,0,0,0,0,1,1,6,1,67,10,1968,2,6,-1,1,-1
2015132881166,2,1,0,18,0,1,0,0,0,0,4,1,6,2,50,8,-1,-1,-1,-1,1,-1
2015132881200,1,21,1,1,9,0,0,0,0,0,4,1,1,1,-1,-1,-1,-1,-1,-1,-1,-1
2015132881209,1,8,0,14,0,0,0,0,0,0,1,1,1,1,48,8,1998,2,5,-1,1,-1
2015132881214,1,11,0,2,0,0,0,0,0,0,0,1,1,1,49,8,4500,2,6,-1,3,-1
2015132881304,1,9,0,9,0,8,1,0,0,0,1,1,6,1,21,5,1896,2,7,-1,-1,-1
2015132881304,2,9,0,18,0,1,1,0,0,0,1,1,6,1,20,4,1998,1,10,-1,-1,-1
2015132881570,1,9,0,18,0,0,0,0,0,0,1,1,6,1,34,6,1796,1,22,-1,-1,-1
2015132881570,2,9,0,18,0,0,0,0,0,0,1,1,6,2,34,6,1242,1,16,-1,-1,-1
2015132881570,3,9,0,2,0,0,0,0,0,0,0,1,6,1,25,5,1968,2,3,-1,-1,-1
2015132881681,1,9,0,18,0,0,0,0,0,0,4,1,6,1,29,6,2926,2,13,-1,1,-1
2015132881707,1,9,0,18,0,0,0,0,0,0,4,1,6,3,-1,-1,-1,-1,-1,-1,-1,-1
2015132881871,1,9,0,18,0,0,0,0,0,0,4,1,6,1,-1,-1,-1,-1,-1,-1,-1,-1
2015132890200,1,9,0,18,0,8,0,0,0,0,3,1,6,1,33,6,1349,1,6,-1,1,-1
2015132890200,2,9,0,18,0,8,0,0,0,0,1,1,6,1,24,5,1995,1,9,-1,1,-1
2015132890309,1,9,0,18,0,0,0,0,0,0,1,1,6,1,26,6,1398,1,-1,-1,-1,-1
2015132890394,1,9,0,9,0,6,0,0,0,0,3,1,1,1,33,6,1242,1,9,-1,1,-1
2015132890394,2,1,0,18,0,8,0,0,0,0,1,1,1,1,23,5,-1,-1,-1,-1,1,-1
2015132890778,1,9,0,18,0,1,2,0,7,0,1,1,6,3,-1,-1,1242,1,14,-1,-1,-1
2015132890778,2,9,0,18,0,6,0,0,0,0,1,1,6,2,27,6,1995,2,10,-1,1,-1
2015132890804,1,5,0,18,0,8,0,0,0,0,1,1,6,1,26,6,1170,1,2,-1,1,-1
2015132890804,2,9,0,9,0,8,0,0,0,0,3,1,1,2,39,7,-1,-1,-1,-1,1,-1
2015132891447,1,3,0,3,0,0,0,0,0,0,1,1,6,1,27,6,125,1,1,-1,1,-1
2015132891447,2,9,0,1,0,0,0,0,0,0,2,1,6,2,31,6,3200,2,11,-1,1,-1
20151328A0518,1,9,0,5,0,0,0,0,0,0,1,1,6,1,78,11,1388,1,4,-1,1,-1
20151328A0637,1,19,0,1,0,2,0,0,0,0,2,1,1,2,45,7,2198,2,7,-1,1,-1
20151328A0643,1,9,0,9,0,8,2,0,0,0,1,1,6,1,20,4,1124,1,8,-1,1,-1
20151328A0643,2,9,0,2,0,2,0,0,0,0,1,1,6,3,-1,-1,995,1,9,-1,1,-1
20151328A0643,3,9,0,2,0,2,0,0,0,0,1,1,6,3,-1,-1,1149,1,10,-1,1,-1
20151328A0643,4,9,0,2,0,2,0,0,0,0,1,1,6,3,-1,-1,1596,1,4,-1,1,-1
20151328A0663,1,9,0,16,0,0,2,0,7,11,1,1,6,1,25,5,1398,2,8,-1,3,-1
20151328A0706,1,9,0,18,0,1,0,0,0,0,4,1,6,2,69,10,1598,1,9,-1,1,-1
20151328A0761,1,19,0,4,0,0,0,0,0,0,1,1,6,1,23,5,-1,-1,-1,-1,-1,-1
20151328A0761,2,9,0,4,0,0,0,0,0,0,2,1,6,1,59,9,1995,2,4,-1,-1,-1
20151328A0871,1,9,0,16,0,0,0,0,0,0,3,1,6,3,-1,-1,1984,1,7,-1,-1,-1
20151328A0871,2,9,0,17,0,0,0,0,0,0,3,1,6,1,64,9,1560,2,9,-1,1,-1
20151328A1122,1,19,0,9,0,1,0,0,0,0,1,1,1,1,-1,-1,1399,2,7,-1,-1,-1
20151328A1122,2,1,0,9,0,1,0,0,0,0,3,1,6,2,32,6,-1,-1,-1,-1,1,-1
20151328A1220,1,3,0,4,0,0,1,0,0,0,1,1,6,1,19,4,125,1,8,-1,2,-1
20151328A1220,2,9,0,4,0,0,0,0,0,0,2,1,6,1,-1,-1,-1,-1,-1,-1,-1,-1
20151328A1253,1,1,0,18,0,1,0,0,0,0,1,1,6,1,11,3,-1,-1,-1,-1,-1,-1
20151328A1253,2,9,0,18,0,1,0,0,0,0,0,1,6,1,29,6,1968,2,5,-1,1,-1
20151328A1274,1,9,0,18,0,0,0,0,0,0,1,1,6,3,-1,-1,-1,-1,-1,-1,-1,-1
20151328A1367,1,9,0,18,0,0,0,0,0,0,4,1,6,2,60,9,2362,1,13,-1,1,-1
20151328A1413,1,9,0,9,0,6,0,0,0,0,4,1,6,1,33,6,-1,-1,-1,-1,1,-1
20151328A1427,1,3,0,18,0,8,0,0,0,11,3,1,6,1,25,5,124,1,28,-1,1,-1
20151328B0196,1,21,0,18,0,0,0,0,0,7,2,1,1,1,62,9,10837,2,5,-1,1,-1
20151328B0196,2,19,0,18,0,0,5,0,0,0,1,1,1,1,55,8,1248,2,2,-1,1,-1
20151328B0254,1,9,0,16,0,0,0,0,0,0,1,1,2,1,49,8,2497,2,8,-1,3,-1
20151328B0254,2,21,0,17,0,0,0,0,1,10,1,1,1,1,43,7,12580,2,10,-1,1,-1
20151328B0271,1,9,0,7,0,6,0,0,0,0,3,1,2,2,24,5,1124,1,10,-1,1,-1
20151328B0271,2,1,0,18,4,8,0,0,0,0,1,1,2,1,27,6,-1,-1,-1,-1,1,-1
20151328B0277,1,3,0,13,0,8,0,0,0,0,1,1,2,1,18,4,125,1,27,-1,1,-1
20151328B0277,2,9,0,9,0,8,0,0,0,0,3,1,2,1,49,8,2099,1,10,-1,1,-1
20151328B0323,1,9,0,18,0,0,0,0,0,0,4,1,6,3,-1,-1,-1,-1,-1,-1,-1,-1
20151328B0330,1,9,0,18,0,8,0,0,0,0,3,1,2,1,58,9,1995,2,-1,-1,3,-1
20151328B0330,2,9,0,18,0,8,0,0,0,0,1,1,2,1,26,6,1199,2,3,-1,1,-1
20151328B0524,1,9,0,3,0,1,0,0,0,0,1,1,6,3,-1,-1,-1,-1,-1,-1,-1,-1
20151328B0524,2,9,0,3,0,1,0,0,0,0,2,1,6,3,-1,-1,-1,-1,-1,-1,-1,-1
20151328B0524,3,9,0,18,0,1,0,0,0,0,2,1,6,2,28,6,3960,1,19,-1,1,-1
20151328B0526,1,9,0,18,0,1,0,4,0,0,1,1,6,2,74,10,1390,1,5,-1,1,-1
20151328B0526,2,9,0,2,0,1,0,0,0,0,2,1,6,3,-1,-1,1995,1,5,-1,-1,-1
20151328B0561,1,19,0,18,0,1,0,0,0,0,1,1,1,1,24,5,2198,2,1,-1,1,-1
20151328B0561,2,9,0,18,0,1,0,0,0,0,3,1,6,2,36,7,2204,2,9,-1,1,-1
20151328B0652,1,9,0,9,0,8,0,0,0,0,4,1,6,2,18,4,1398,1,-1,-1,1,-1
20151328B0652,2,19,0,18,0,8,0,0,0,0,1,1,6,2,45,7,2494,2,8,-1,1,-1
20151328B0655,1,9,0,9,0,6,0,0,0,0,1,1,6,2,51,8,-1,-1,-1,-1,-1,-1
20151328B0655,2,9,0,18,0,8,0,0,0,0,4,1,6,2,33,6,1796,1,13,-1,1,-1
20151328B0717,1,9,0,18,0,0,0,0,0,0,1,1,6,1,71,10,1388,1,8,-1,1,-1
20151328B0825,1,9,0,18,0,8,5,10,0,0,3,1,1,1,29,6,1560,2,2,-1,1,-1
20151328B0825,2,9,0,18,0,8,1,0,0,0,1,1,6,2,53,8,998,1,7,-1,3,-1
20151328B0900,1,9,0,18,0,1,0,0,0,0,1,1,6,2,20,4,1242,1,2,-1,2,-1
20151328B0900,2,9,0,9,0,6,0,0,0,0,1,1,1,1,30,6,1968,2,8,-1,1,-1
20151328B0951,1,9,0,4,0,0,0,0,0,0,0,1,6,1,32,6,998,1,11,-1,1,-1
20151328B0951,2,9,0,4,0,0,0,0,0,0,0,1,1,1,29,6,1995,2,4,-1,1,-1
20151328B0951,3,9,0,4,0,0,0,0,0,0,0,1,6,2,86,11,1229,1,10,-1,1,-1
20151328B1090,1,1,0,18,0,0,0,0,0,0,1,1,6,1,23,5,-1,-1,-1,-1,-1,-1
20151328B1090,2,9,0,18,0,0,0,0,0,0,3,1,6,1,60,9,1398,2,1,-1,2,-1
20151328B1275,1,2,0,18,0,0,0,0,0,0,1,1,6,1,38,7,49,1,14,-1,1,-1
20151328B1293,1,1,0,9,0,6,5,0,0,0,1,1,6,1,26,6,-1,-1,-1,-1,1,-1
20151328B1293,2,9,0,18,0,8,1,0,0,0,4,1,6,1,21,5,1596,1,-1,-1,1,-1
20151328B1372,1,9,0,1,0,0,0,0,0,0,2,1,6,2,34,6,1587,1,12,-1,1,-1
20151328B1372,2,9,0,2,0,0,0,0,0,0,2,1,6,1,22,5,1364,1,10,-1,1,-1
20151328B1412,1,9,0,9,0,8,0,0,0,0,1,1,6,2,26,6,1240,1,10,-1,1,-1
20151328B1412,2,5,0,18,0,8,5,0,0,0,1,1,6,1,66,10,1170,1,8,-1,1,-1
20151328B1731,1,9,0,18,0,0,0,0,0,0,1,1,6,1,30,6,1968,2,8,-1,1,-1
20151328C0277,1,19,0,18,0,1,0,0,0,0,1,1,1,1,31,6,1968,2,-1,-1,3,-1
20151328C0277,2,19,0,18,0,1,0,0,0,0,1,1,1,1,34,6,-1,-1,-1,-1,1,-1
20151328C0277,3,19,0,18,0,1,0,0,0,0,1,1,1,1,49,8,1995,2,4,-1,1,-1
20151328C0277,4,9,0,4,0,1,0,0,0,0,2,1,1,1,67,10,-1,-1,-1,-1,1,-1
20151328C0509,1,9,0,18,0,1,0,0,0,0,4,1,6,1,-1,-1,1198,1,4,-1,-1,-1
20151328C0603,1,9,0,6,0,0,0,0,0,0,1,1,6,1,45,7,1399,1,6,-1,1,-1
20151328C0603,2,9,0,18,0,0,0,0,0,0,1,1,6,1,45,7,1598,1,1,-1,1,-1
20151328C0619,1,9,0,18,0,6,0,0,0,0,3,1,6,2,36,7,1910,2,6,-1,1,-1
20151328C0619,2,1,0,18,0,8,0,0,0,0,2,1,6,2,32,6,-1,-1,-1,-1,3,-1
20151328C0659,1,1,0,18,0,8,0,0,0,0,1,1,6,1,9,2,-1,-1,-1,-1,1,-1
20151328C0659,2,9,0,18,0,8,0,0,0,0,3,1,6,2,27,6,1360,1,12,-1,1,-1
20151328C0695,1,5,0,18,0,8,0,0,0,0,1,1,6,1,24,5,598,1,26,-1,1,-1
20151328C0695,2,19,0,18,0,8,0,0,0,0,3,1,1,1,63,9,1753,2,9,-1,1,-1
20151328C0695,3,90,0,18,0,1,0,0,0,0,0,1,1,1,22,5,-1,-1,-1,-1,1,-1
20151328C0746,1,9,0,18,0,0,0,0,0,0,1,1,1,1,31,6,1896,2,9,-1,1,-1
20151328C0746,2,19,0,18,0,0,0,0,0,0,2,1,1,1,24,5,2299,2,3,-1,1,-1
20151328C0997,1,9,0,18,0,0,0,0,0,0,1,1,2,1,40,7,1299,1,12,-1,1,-1
20151328C0997,2,9,0,2,0,0,0,0,1,0,3,1,6,1,71,10,1997,1,2,-1,1,-1
20151328C1081,1,9,0,18,0,0,0,0,0,0,1,1,6,1,30,6,998,1,2,-1,1,-1
20151328C1081,2,1,0,18,0,0,0,0,0,0,1,1,6,1,6,2,-1,-1,-1,-1,1,-1
20151328C1187,1,9,0,5,0,1,0,0,0,0,1,1,6,1,27,6,1349,1,2,-1,1,-1
20151328C1187,2,9,0,4,0,1,0,0,0,0,0,1,6,2,20,4,998,1,1,-1,1,-1
20151328C1187,3,2,0,13,0,1,5,0,0,0,4,1,6,1,23,5,124,1,5,-1,1,-1
20151328C1352,1,9,0,1,0,0,0,0,0,0,2,1,6,1,25,5,1390,1,10,-1,1,-1
20151328C1352,2,8,0,4,0,0,0,0,0,0,1,1,1,1,45,7,1248,2,7,-1,-1,-1
20151328C1479,1,9,0,9,0,5,0,0,0,0,4,1,6,1,47,8,1560,2,4,-1,-1,-1
20151328C1479,2,9,0,18,0,1,0,0,0,0,1,1,6,1,20,4,1587,1,12,-1,-1,-1
20151328C1608,1,9,0,1,0,1,0,0,0,0,2,1,6,1,-1,-1,-1,-1,-1,-1,-1,-1
20151328C1627,1,2,0,4,0,4,0,0,0,0,1,1,6,1,18,4,49,1,7,-1,1,-1
20151328C1627,2,9,0,4,0,4,0,0,0,0,1,1,6,1,25,5,1390,1,5,-1,1,-1
20151328C1656,1,11,0,2,0,0,0,0,0,0,0,1,1,1,40,7,7300,2,8,-1,1,-1
20151328D0153,1,9,0,18,0,0,0,0,1,1,4,1,2,1,66,10,1753,2,7,-1,1,-1
20151328D0201,1,9,0,18,0,4,0,0,0,0,3,1,2,1,62,9,1956,2,-1,-1,1,-1
20151328D0201,2,1,0,18,0,8,0,0,0,0,1,1,2,1,51,8,-1,-1,-1,-1,1,-1
20151328D0380,1,9,0,18,0,5,0,0,0,0,4,1,6,1,39,7,998,1,9,-1,1,-1
20151328D0453,1,9,0,18,0,0,0,4,0,0,1,1,2,2,30,6,1242,1,1,-1,1,-1
20151328D0453,2,9,0,2,0,0,0,0,0,0,2,1,6,2,36,7,1598,2,4,-1,1,-1
20151328D1020,1,11,0,18,0,8,0,0,0,0,1,1,1,2,58,9,2148,2,6,-1,1,-1
20151328D1044,1,9,0,9,0,0,0,0,0,0,3,1,6,1,50,8,1229,1,10,-1,1,-1
20151328D1044,2,1,0,14,0,0,0,0,0,0,1,1,6,1,45,7,-1,-1,-1,-1,1,-1
20151328D1126,1,9,0,18,0,0,0,0,0,0,4,1,2,1,44,7,1364,2,9,-1,1,-1
20151328D1176,1,9,0,18,0,0,0,0,0,0,0,1,6,1,28,6,1596,1,3,-1,2,-1
20151328D1176,2,9,0,18,0,0,0,0,0,0,0,1,6,2,27,6,998,1,2,-1,1,-1
20151328D1243,1,9,0,18,0,8,0,0,0,0,1,1,6,2,20,4,1991,2,7,-1,1,-1
20151328D1243,2,3,0,18,0,8,0,0,0,0,1,1,6,1,21,5,124,1,7,-1,1,-1
20151328D1274,1,8,0,18,0,0,0,0,0,0,1,1,1,1,-1,-1,1560,2,3,-1,-1,-1
20151328D1274,2,9,0,18,0,0,0,0,0,0,1,1,6,1,-1,-1,-1,-1,-1,-1,-1,-1
20151328D1289,1,9,0,17,0,8,0,0,0,0,3,1,6,1,56,9,1124,1,10,-1,-1,-1
20151328D1289,2,3,0,9,0,5,0,0,0,0,1,1,6,1,19,4,124,1,13,-1,2,-1
20151328D1457,1,9,0,18,0,1,0,0,0,0,1,1,6,1,21,5,1598,1,9,-1,1,-1
20151328D1457,2,9,0,5,0,2,0,0,0,0,3,1,6,2,70,10,1296,1,8,-1,1,-1
20151328D1660,1,9,0,17,0,1,0,0,0,0,1,1,6,1,26,6,1598,1,8,-1,2,-1
20151328D1660,2,9,0,9,0,8,0,0,0,0,1,1,6,1,18,4,1124,1,13,-1,1,-1
20151328E0107,1,4,0,16,0,0,2,0,0,0,0,1,6,1,20,4,125,1,11,-1,2,-1
20151328E0410,1,9,0,18,0,0,0,0,0,0,4,1,6,1,36,7,599,1,13,-1,1,-1
20151328E0526,1,9,0,18,0,0,0,7,0,0,1,1,6,2,84,11,2495,2,11,-1,1,-1
20151328E0566,1,9,0,18,0,0,1,0,1,11,4,1,6,1,-1,-1,1910,2,10,-1,-1,-1
20151328E0626,1,9,0,9,0,6,0,0,0,0,3,1,6,2,44,7,1997,2,1,-1,1,-1
20151328E0626,2,9,0,18,0,8,0,0,0,0,1,1,6,2,51,8,1769,1,14,-1,1,-1
20151328E0675,1,9,0,9,0,6,0,0,0,0,1,1,2,2,22,5,1686,2,9,-1,1,-1
20151328E0675,2,9,0,18,0,1,0,7,0,10,4,1,6,2,49,8,1149,1,4,-1,1,-1
20151328E0763,1,9,0,18,0,8,0,0,0,0,1,1,6,3,-1,-1,-1,-1,-1,-1,-1,-1
20151328E0763,2,9,0,18,0,8,0,0,0,0,2,1,6,2,34,6,1995,2,7,-1,1,-1
20151328E0881,1,9,0,16,0,0,0,0,0,11,3,1,6,1,53,8,1299,1,11,-1,1,-1
20151328E0881,2,9,0,17,0,0,1,0,0,11,3,1,6,2,22,5,1686,2,8,-1,1,-1
20151328E1003,1,9,0,7,0,1,0,0,0,0,1,1,6,1,39,7,1995,2,12,-1,1,-1
20151328E1003,2,9,0,18,0,5,0,7,1,0,2,1,6,1,37,7,2987,2,-1,-1,1,-1
20151328E1032,1,9,0,9,0,0,0,0,0,0,0,1,1,3,-1,-1,-1,-1,-1,-1,-1,-1
20151328E1105,1,9,0,18,0,0,0,0,0,0,1,1,2,2,39,7,1398,1,4,-1,1,-1
20151328E1122,1,9,0,18,0,1,0,0,0,0,1,1,6,1,52,8,1679,1,15,-1,1,-1
20151328E1122,2,9,0,18,0,1,0,0,0,0,2,1,6,2,38,7,1390,1,6,-1,1,-1
20151328E1134,1,9,0,9,0,8,0,0,0,0,4,1,6,2,50,8,2000,2,11,-1,1,-1
20151328E1134,2,9,0,18,0,8,0,0,0,0,1,1,6,2,34,6,1240,1,12,-1,1,-1
20151328E1252,1,19,0,4,0,0,1,0,0,0,1,1,2,1,20,4,-1,-1,-1,-1,1,-1
20151328E1252,2,9,0,4,0,0,0,0,7,0,2,1,2,1,28,6,1329,1,-1,-1,-1,-1
20151328E1262,1,9,0,16,0,0,1,0,0,0,2,1,6,2,28,6,1598,1,10,-1,1,-1
20151328E1262,2,10,0,18,0,0,0,0,0,0,1,1,1,1,37,7,-1,-1,-1,-1,1,-1
20151328E1461,1,9,0,16,0,1,1,0,2,11,3,1,6,1,46,8,2993,2,-1,-1,1,-1
20151328E1461,2,9,0,18,0,1,0,0,1,0,1,1,6,1,31,6,1995,2,4,-1,1,-1
20151328E1468,1,9,0,18,0,0,1,0,1,11,4,1,2,2,28,6,1596,1,11,-1,1,-1
20151328E1759,1,9,0,18,0,0,0,0,0,0,3,1,6,1,23,5,1199,1,13,-1,1,-1
20151328F0233,1,9,0,18,0,0,0,0,0,0,1,1,6,1,26,6,1390,1,11,-1,-1,-1
20151328F0245,1,19,0,2,0,0,0,0,0,0,3,1,1,1,29,6,-1,-1,-1,-1,2,-1
20151328F0245,2,1,0,18,0,0,0,0,0,0,4,1,6,1,42,7,-1,-1,-1,-1,3,-1
20151328F0486,1,9,0,18,0,8,0,0,0,0,1,1,6,1,35,6,1900,2,16,-1,1,-1
20151328F0486,2,1,0,18,0,8,0,0,0,0,2,1,6,1,24,5,-1,-1,-1,-1,1,-1
20151328F0609,1,19,0,18,0,0,0,0,0,0,0,1,6,3,-1,-1,-1,-1,-1,-1,-1,-1
20151328F0609,2,1,0,18,0,0,0,0,0,0,0,1,6,2,36,7,-1,-1,-1,-1,1,-1
20151328F0769,1,9,0,2,0,0,0,0,0,0,3,1,6,1,46,8,2720,2,10,-1,1,-1
20151328F0973,1,9,0,5,0,6,0,0,0,0,1,1,6,2,53,8,2987,2,5,-1,1,-1
20151328F0973,2,9,0,18,0,8,0,0,1,10,4,1,6,2,58,9,1798,1,7,-1,1,-1
20151328F1263,1,3,0,17,0,0,0,0,1,2,0,1,6,1,18,4,124,1,-1,-1,1,-1
20151328F1287,1,9,0,9,0,6,0,0,0,0,3,1,6,1,61,9,2401,2,7,-1,1,-1
20151328F1287,2,9,0,18,0,1,0,0,0,0,1,1,6,2,58,9,1248,2,11,-1,3,-1
20151328F1319,1,9,0,5,0,0,0,0,0,0,0,1,6,1,20,4,1000,1,2,-1,2,-1
20151328F1319,2,9,0,18,0,0,0,0,7,11,1,1,6,1,27,6,1299,1,14,-1,1,-1
20151328F1692,1,9,0,9,0,8,0,0,0,0,1,1,6,2,19,4,998,1,9,-1,1,-1
20151328F1692,2,9,0,18,0,8,0,0,0,0,1,1,6,2,23,5,1388,1,13,-1,1,-1