Accident_Index,Vehicle_Reference,Vehicle_Type,Towing_and_Articulation,Vehicle_Manoeuvre,Vehicle_Location-Restricted_Lane,Junction_Location,Skidding_and_Overturning,Hit_Object_in_Carriageway,Vehicle_Leaving_Carriageway,Hit_Object_off_Carriageway,1st_Point_of_Impact,Was_Vehicle_Left_Hand_Drive?,Journey_Purpose_of_Driver,Sex_of_Driver,Age_of_Driver,Age_Band_of_Driver,Engine_Capacity_(CC),Propulsion_Code,Age_of_Vehicle,Driver_IMD_Decile,Driver_Home_Area_Type,Vehicle_IMD_Decile
20151328G0491,1,9,0,9,0,8,0,0,0,0,1,1,6,1,68,10,1493,2,8,-1,1,-1
20151328G0491,2,9,0,18,0,8,0,0,0,0,1,1,6,1,51,8,1339,1,2,-1,1,-1
20151328G0519,1,5,0,5,0,8,0,0,3,11,1,1,6,2,61,9,689,1,-1,-1,1,-1
20151328G0583,1,9,0,9,0,6,0,0,0,0,1,1,6,3,-1,-1,-1,-1,-1,-1,-1,-1
20151328G0583,2,9,0,18,0,8,0,0,0,0,3,1,6,1,21,5,1149,1,14,-1,3,-1
20151328G0609,1,9,0,10,0,0,0,0,0,0,2,1,6,1,63,9,998,1,14,-1,3,-1
20151328G0609,2,9,0,18,0,0,0,0,0,0,1,1,6,2,30,6,-1,-1,-1,-1,2,-1
20151328G1096,1,9,0,18,0,0,5,0,1,11,4,1,6,1,78,11,1686,2,1,-1,1,-1
20151328G1201,1,10,0,9,0,8,0,0,0,0,1,1,6,2,39,7,-1,-1,-1,-1,-1,-1
20151328G1201,2,9,0,18,0,8,0,0,0,0,1,1,6,1,64,9,1398,1,-1,-1,1,-1
20151328G1201,3,9,0,18,0,8,0,0,1,1,3,1,6,2,23,5,1364,1,8,-1,1,-1
20151328G1408,1,9,0,7,0,0,0,0,0,0,1,1,1,2,-1,-1,1598,1,7,-1,1,-1
20151328G1492,1,11,0,9,0,5,0,0,0,0,1,1,1,1,47,8,9360,2,6,-1,1,-1
20151328G1751,1,9,0,17,0,0,0,0,1,11,1,1,6,1,43,7,1198,1,11,-1,1,-1
20151328H0312,1,9,0,18,0,0,0,0,0,0,4,1,2,1,34,6,1198,1,9,-1,1,-1
20151328H0373,1,9,0,9,0,8,0,0,0,0,4,1,6,1,27,6,1598,2,-1,-1,-1,-1
20151328H0373,2,9,0,18,0,8,0,0,0,0,1,1,6,2,32,6,1364,1,7,-1,-1,-1
20151328H0634,1,1,0,18,0,6,0,0,0,0,1,1,6,2,7,2,-1,-1,-1,-1,1,-1
20151328H0634,2,9,0,18,0,8,0,0,0,0,3,1,6,3,-1,-1,-1,-1,-1,-1,-1,-1
20151328H0677,1,1,0,18,0,0,0,0,0,0,1,1,6,1,31,6,-1,-1,-1,-1,-1,-1
20151328H0677,2,9,0,18,0,0,0,0,0,0,1,1,6,1,55,8,1461,2,1,-1,2,-1
20151328H0763,1,9,0,18,0,1,0,0,0,0,1,1,6,3,-1,-1,-1,-1,-1,-1,-1,-1
20151328H0763,2,9,0,18,0,1,0,0,0,0,2,1,6,1,41,7,1998,2,8,-1,1,-1
20151328H0788,1,9,0,2,0,4,0,0,0,0,2,1,6,1,49,8,1398,1,1,-1,1,-1
20151328H0788,2,19,0,18,0,4,0,0,0,0,1,1,6,3,-1,-1,2298,2,-1,-1,-1,-1
20151328H1072,1,9,0,18,0,1,0,0,0,0,3,1,1,1,26,6,-1,-1,-1,-1,1,-1
20151328H1072,2,1,0,18,0,1,0,0,0,0,1,1,6,1,48,8,-1,-1,-1,-1,1,-1
20151328H1115,1,9,0,18,0,0,0,0,0,0,1,1,2,1,66,10,1796,1,12,-1,1,-1
20151328H1115,2,10,0,18,0,0,0,0,0,0,2,1,1,1,55,8,-1,-1,-1,-1,1,-1
20151328H1189,1,9,0,18,0,8,0,0,0,0,4,1,6,1,28,6,1910,2,9,-1,1,-1
20151328H1189,2,90,0,9,0,8,0,0,0,0,1,1,6,1,70,10,-1,-1,-1,-1,1,-1
20151328H1370,1,9,0,18,0,0,0,0,0,0,2,1,6,2,47,8,1198,1,4,-1,1,-1
20151328H1370,2,90,0,18,0,0,0,0,0,0,1,2,6,1,49,8,-1,-1,-1,-1,-1,-1
20151328H1370,3,9,0,18,0,0,0,0,0,0,0,1,6,2,51,8,998,1,4,-1,1,-1
20151328H1482,1,3,0,18,0,8,0,0,0,0,3,1,6,1,20,4,124,1,4,-1,1,-1
20151328H1482,2,9,0,9,0,8,0,0,0,0,3,1,6,1,23,5,2696,2,9,-1,1,-1
20151328H1570,1,5,0,13,0,0,0,0,0,0,1,1,6,1,47,8,1157,1,12,-1,1,-1
20151328H1570,2,9,0,18,0,0,0,0,0,0,3,1,6,1,37,7,2993,2,7,-1,1,-1
20151328I0333,1,9,0,18,0,0,0,0,0,0,1,1,6,3,-1,-1,-1,-1,-1,-1,-1,-1
20151328I0514,1,9,0,18,0,0,0,0,0,0,1,1,6,1,28,6,-1,-1,-1,-1,1,-1
20151328I0514,2,9,0,3,0,0,0,0,0,0,2,1,6,2,35,6,1560,2,3,-1,1,-1
20151328I0514,3,9,0,3,0,0,0,0,0,0,2,1,1,1,50,8,1968,2,1,-1,1,-1
20151328I0514,4,9,0,3,0,0,0,0,0,0,2,1,6,2,68,10,1086,1,8,-1,1,-1
20151328I0517,1,11,0,18,0,8,0,0,0,0,0,1,1,1,34,6,7300,2,9,-1,1,-1
20151328I0517,2,20,0,11,0,8,0,0,0,0,0,1,6,3,-1,-1,-1,-1,-1,-1,-1,-1
20151328I0529,1,9,0,12,0,1,0,0,0,0,0,1,6,1,45,7,1995,2,12,-1,1,-1
20151328I0529,2,19,0,4,0,6,1,0,0,0,1,1,6,1,26,6,1998,2,14,-1,1,-1
20151328I0529,3,9,0,18,0,1,0,0,0,0,2,1,6,2,43,7,2993,2,5,-1,1,-1
20151328I0587,1,9,0,18,0,8,1,0,0,0,1,1,6,2,19,4,1968,2,-1,-1,3,-1
20151328I0587,2,9,0,5,0,6,1,0,0,0,3,1,6,2,21,5,1198,1,1,-1,1,-1
20151328I0806,1,9,0,18,0,1,1,0,0,0,1,1,6,1,23,5,1242,1,12,-1,1,-1
20151328I0806,2,9,0,18,0,1,0,0,0,0,2,1,6,1,69,10,1796,1,13,-1,1,-1
20151328I0807,1,9,0,7,0,0,0,0,1,4,1,1,2,1,57,9,1398,2,10,-1,1,-1
20151328I0879,1,5,0,18,0,4,0,0,0,0,2,1,6,1,50,8,649,1,4,-1,2,-1
20151328I0879,2,9,0,18,0,4,0,0,0,0,1,1,6,1,24,5,1364,1,8,-1,1,-1
20151328I0976,1,9,0,9,0,8,0,0,0,0,1,1,2,1,35,6,1248,2,7,-1,1,-1
20151328I0976,2,2,0,18,0,1,0,0,0,0,3,1,6,1,17,4,49,1,4,-1,1,-1
20151328I1014,1,3,0,13,0,8,0,0,0,0,1,1,2,1,49,8,125,1,-1,-1,1,-1
20151328I1014,2,9,0,9,0,6,0,0,0,0,3,1,2,1,39,7,1896,2,16,-1,1,-1
20151328I1018,1,9,0,18,0,0,0,0,0,0,4,1,6,2,47,8,1956,2,2,-1,-1,-1
20151328I1073,1,9,0,9,0,5,0,0,0,0,3,1,6,2,36,7,1598,1,4,-1,1,-1
20151328I1073,2,9,0,18,0,1,0,0,0,0,1,1,6,1,28,6,1560,2,5,-1,-1,-1
20151328I1100,1,9,0,18,0,1,0,0,0,11,1,1,6,3,-1,-1,1984,1,-1,-1,-1,-1
20151328I1100,2,9,0,18,0,1,0,0,0,0,3,1,6,1,46,8,1595,1,13,-1,1,-1
20151328I1156,1,9,0,18,0,0,1,10,1,0,3,1,6,1,29,6,1396,1,10,-1,1,-1
20151328I1156,2,1,0,18,0,0,0,0,1,0,1,1,2,1,41,7,-1,-1,-1,-1,1,-1
20151328I1282,1,9,0,18,0,0,0,0,0,0,1,1,6,3,-1,-1,1596,1,13,-1,-1,-1
20151328I1282,2,9,0,2,0,0,0,0,0,0,2,1,6,1,34,6,-1,-1,-1,-1,1,-1
20151328I1344,1,9,0,5,0,0,5,0,4,0,3,1,6,2,56,9,1591,1,2,-1,1,-1
20151328I1344,2,9,0,11,0,0,0,0,0,0,1,1,6,1,32,6,1975,2,16,-1,1,-1
20151328I1405,1,2,0,18,0,8,1,0,0,0,4,1,6,1,20,4,49,1,-1,-1,1,-1
20151328I1405,2,9,0,9,0,8,0,0,0,0,0,1,6,1,27,6,1124,1,10,-1,1,-1
20151328I1535,1,9,0,18,0,8,0,0,0,0,1,1,1,1,36,7,1348,1,15,-1,1,-1
20151328J0003,1,9,0,18,0,0,0,0,0,0,2,1,6,1,33,6,1587,1,17,-1,1,-1
20151328J0003,2,9,0,18,0,0,0,0,0,0,1,1,6,1,22,5,1229,1,2,-1,1,-1
20151328J0351,1,9,0,15,0,8,0,0,0,0,3,1,2,1,24,5,1781,1,14,-1,1,-1
20151328J0351,2,9,0,18,0,8,0,0,0,0,1,1,2,2,60,9,1998,1,8,-1,1,-1
20151328J0370,1,9,0,18,0,1,0,0,0,0,2,1,6,2,68,10,1198,1,-1,-1,1,-1
20151328J0370,2,11,0,18,0,1,1,0,0,0,1,1,1,2,59,9,9600,2,14,-1,-1,-1
20151328J0650,1,9,0,18,0,8,0,0,0,0,1,1,6,2,24,5,1360,1,12,-1,1,-1
20151328J0650,2,19,0,9,0,8,0,0,0,0,3,1,1,1,39,7,2148,2,8,-1,1,-1
20151328J0669,1,9,0,9,0,1,0,0,0,0,3,1,6,3,-1,-1,-1,-1,-1,-1,-1,-1
20151328J0669,2,1,0,3,0,1,0,0,0,0,0,1,6,1,74,10,-1,-1,-1,-1,1,-1
20151328J0675,1,9,0,16,0,0,0,0,2,7,1,1,6,1,22,5,1997,2,7,-1,1,-1
20151328J0675,2,21,1,16,0,0,0,0,0,0,1,1,1,1,55,8,12580,2,9,-1,-1,-1
20151328J0675,3,19,0,16,0,0,0,0,0,0,0,1,6,3,-1,-1,-1,-1,-1,-1,-1,-1
20151328J0709,1,3,0,16,0,0,0,0,8,7,3,1,2,1,25,5,124,1,5,-1,1,-1
20151328J0744,1,1,0,18,0,0,0,0,0,0,3,1,6,1,7,2,-1,-1,-1,-1,1,-1
20151328J0744,2,9,0,18,0,0,0,0,0,0,1,1,6,2,44,7,1598,1,11,-1,1,-1
20151328J0933,1,9,0,18,0,0,0,0,0,0,0,1,6,3,-1,-1,-1,-1,-1,-1,-1,-1
20151328J0942,1,9,0,18,0,1,0,0,0,0,1,1,6,1,60,9,1956,2,2,-1,1,-1
20151328J0942,2,9,0,3,0,1,0,0,0,0,2,1,6,1,18,4,1560,2,6,-1,1,-1
20151328J0942,3,9,0,10,0,5,0,0,0,0,2,1,6,1,58,9,1686,2,13,-1,1,-1
20151328J0985,1,9,0,18,0,0,0,0,0,0,2,1,6,2,38,7,1968,2,-1,-1,1,-1
20151328J0985,2,9,0,18,0,0,0,0,0,0,1,1,6,1,21,5,3824,1,8,-1,1,-1
20151328J1201,1,9,0,9,0,6,0,0,0,0,0,1,6,3,-1,-1,-1,-1,-1,-1,-1,-1
20151328J1201,2,9,0,18,0,2,0,0,0,0,0,1,6,1,16,4,-1,-1,-1,-1,1,-1
20151328J1509,1,9,0,9,0,6,0,0,0,0,4,1,6,1,40,7,1560,2,10,-1,1,-1
20151328J1509,2,9,0,18,0,8,0,0,0,0,1,1,6,2,23,5,1995,1,7,-1,1,-1
20151328K0211,1,3,0,7,0,8,0,0,0,0,1,1,2,1,40,7,124,1,4,-1,1,-1
20151328K0211,2,19,0,18,0,8,0,0,0,0,4,1,1,1,28,6,2463,2,10,-1,1,-1
20151328K0249,1,9,0,4,0,6,1,0,0,0,1,1,6,1,33,6,1984,1,18,-1,-1,-1
20151328K0249,2,9,0,18,0,1,0,0,0,0,3,1,6,1,26,6,1997,2,12,-1,-1,-1
20151328K0263,1,9,0,9,0,8,0,0,0,0,3,1,6,2,23,5,-1,-1,-1,-1,3,-1
20151328K0263,2,19,0,18,0,1,0,0,0,0,1,1,6,1,49,8,1995,2,7,-1,1,-1
20151328K0353,1,9,0,18,0,0,0,0,0,0,0,1,6,1,36,7,1198,1,10,-1,1,-1
20151328K0353,2,9,0,18,0,0,0,0,0,0,0,1,6,1,62,9,2398,1,16,-1,3,-1
20151328K0571,1,9,0,3,0,8,0,0,0,0,2,1,6,1,48,8,2967,2,3,-1,-1,-1
20151328K0571,2,9,0,3,0,8,0,0,0,0,2,1,6,2,28,6,1753,2,8,-1,1,-1
20151328K0571,3,9,0,18,0,8,0,0,0,0,1,1,6,1,35,6,2231,2,9,-1,1,-1
20151328K0586,1,90,0,18,0,8,0,0,0,0,4,1,1,1,20,4,-1,-1,-1,-1,1,-1
20151328K0586,2,9,0,18,0,8,0,0,0,0,1,1,6,2,22,5,1242,1,4,-1,2,-1
20151328K0690,1,9,0,9,0,8,0,0,0,0,1,1,6,2,65,9,1686,2,11,-1,1,-1
20151328K0690,2,8,0,7,0,8,0,0,0,0,1,1,1,1,40,7,1686,2,5,-1,1,-1
20151328K1111,1,9,0,9,0,8,0,0,0,0,1,1,6,1,24,5,1390,1,4,-1,1,-1
20151328K1111,2,9,0,18,0,1,0,0,0,0,1,1,6,2,30,6,1388,1,13,-1,1,-1
20151328K1111,3,9,0,18,0,1,0,0,0,0,1,1,6,2,31,6,998,1,12,-1,1,-1
20151328K1148,1,1,0,18,9,8,0,0,0,0,4,1,6,1,23,5,-1,-1,-1,-1,1,-1
20151328K1148,2,9,0,18,0,8,0,0,0,0,1,1,1,1,58,9,-1,-1,-1,-1,3,-1
20151328K1189,1,9,0,1,9,0,0,0,0,0,2,1,6,2,-1,-1,1360,1,8,-1,1,-1
20151328K1189,2,9,0,2,9,0,0,0,0,0,1,1,6,1,46,8,1951,2,9,-1,1,-1
20151328K1218,1,9,0,7,0,8,0,0,0,0,4,1,6,1,24,5,999,1,3,-1,1,-1
20151328K1218,2,1,0,18,4,8,0,0,0,0,1,1,6,1,57,9,-1,-1,-1,-1,1,-1
20151328K1315,1,8,0,18,0,0,0,0,0,0,4,1,1,1,53,8,1560,2,6,-1,1,-1
20151328K1454,1,9,0,18,0,0,0,0,0,0,4,1,6,2,31,6,1398,1,3,-1,1,-1
20151328K1506,1,1,0,18,0,8,0,0,0,0,3,1,6,1,11,3,-1,-1,-1,-1,1,-1
20151328K1506,2,9,0,8,0,1,0,0,0,0,1,1,6,1,36,7,1968,2,8,-1,1,-1
20151328K1614,1,9,0,18,0,1,0,0,0,0,1,1,6,1,-1,-1,1968,2,8,-1,-1,-1
20151328K1614,2,9,0,2,0,1,0,0,0,0,2,1,6,2,24,5,1686,2,11,-1,1,-1
20151328K1748,1,9,0,17,0,0,2,10,2,0,0,1,6,1,18,4,1390,1,15,-1,3,-1
20151328K1748,2,9,0,16,0,0,0,0,0,0,0,1,6,3,-1,-1,-1,-1,-1,-1,-1,-1
20151328K1840,1,21,1,13,0,1,0,0,0,0,4,1,1,3,-1,-1,12900,2,6,-1,-1,-1
20151328K1840,2,9,0,18,0,1,0,0,0,0,3,1,6,2,58,9,1248,2,7,-1,1,-1
20151328K9999,1,9,0,18,0,0,0,0,0,0,1,1,6,1,39,7,1560,2,6,-1,1,-1
20151328L0089,1,9,0,18,0,0,5,7,0,0,1,1,6,2,22,5,1242,1,-1,-1,1,-1
20151328L0311,1,9,0,18,9,1,0,0,0,0,1,1,6,2,60,9,1596,1,8,-1,1,-1
20151328L0311,2,1,0,18,9,1,0,0,0,0,4,1,6,2,13,3,-1,-1,-1,-1,1,-1
20151328L0720,1,9,0,6,0,0,0,0,0,0,3,1,1,1,34,6,1229,1,9,-1,-1,-1
20151328L0720,2,2,0,18,0,0,0,0,0,0,1,1,6,1,35,6,124,1,20,-1,-1,-1
20151328L0945,1,9,0,18,0,0,0,0,0,0,2,1,6,2,54,8,1390,1,1,-1,-1,-1
20151328L0945,2,9,0,18,0,0,0,0,0,0,1,1,6,1,23,5,1560,2,2,-1,-1,-1
20151328L1088,1,9,0,7,0,6,0,0,0,0,1,1,1,1,40,7,998,1,15,-1,1,-1
20151328L1088,2,9,0,18,0,8,0,4,0,0,4,1,6,2,21,5,1364,2,7,-1,1,-1
20151328L1088,3,9,0,2,0,2,0,4,0,0,2,1,6,1,-1,-1,1598,1,13,-1,-1,-1
20151328L1088,4,9,0,2,0,2,0,0,0,0,1,1,6,1,-1,-1,973,1,15,-1,-1,-1
20151328L1184,1,19,0,1,0,8,0,0,0,0,2,1,6,3,-1,-1,8300,2,16,-1,-1,-1
20151328L1184,2,9,0,18,0,8,0,0,0,0,4,1,6,2,48,8,1600,2,6,-1,1,-1
20151328L1186,1,9,0,18,0,0,5,4,0,0,4,1,6,1,58,9,1996,1,14,-1,1,-1
20151328L1186,2,9,0,2,0,0,0,0,0,0,4,1,6,1,-1,-1,1995,2,7,-1,3,-1
20151328L1266,1,9,0,18,0,8,0,0,0,0,3,1,6,1,65,9,1364,1,-1,-1,1,-1
20151328L1266,2,9,0,18,0,8,0,0,0,0,1,1,6,1,39,7,1968,2,3,-1,1,-1
20151328L1326,1,9,0,2,0,8,0,0,0,0,3,1,6,1,72,10,1339,8,1,-1,1,-1
20151328L1326,2,1,0,18,0,8,0,0,0,0,0,1,6,1,11,3,-1,-1,-1,-1,1,-1
20151328L1372,1,9,0,18,0,0,0,0,0,0,3,1,6,1,34,6,1896,2,8,-1,1,-1
20151328L1672,1,1,0,18,0,0,0,0,0,0,1,1,6,1,13,3,-1,-1,-1,-1,1,-1
20151328L1672,2,9,0,9,0,0,0,0,0,0,1,1,6,1,67,10,2156,1,18,-1,1,-1
20151328L1727,1,9,0,18,0,8,0,0,0,0,0,1,6,3,-1,-1,-1,-1,-1,-1,-1,-1
20151328L1727,2,11,0,9,0,8,0,0,0,0,0,1,1,1,25,5,7300,2,11,-1,1,-1
20151328L1761,1,9,0,18,0,0,0,0,0,0,1,1,2,1,54,8,1896,2,9,-1,1,-1
20151328M0218,1,9,0,1,0,0,0,0,0,0,2,1,6,1,32,6,1968,2,-1,-1,1,-1
20151328M0218,2,9,0,3,0,0,0,0,0,0,1,1,1,1,42,7,2993,2,3,-1,1,-1
20151328M0695,1,11,0,5,8,0,0,0,0,0,0,1,1,1,42,7,6696,2,-1,-1,1,-1
20151328M0706,1,3,0,13,0,1,0,0,7,0,1,1,6,1,20,4,124,1,-1,-1,-1,-1
20151328M0706,2,9,0,9,0,8,0,0,0,0,3,1,6,2,44,7,2179,2,3,-1,-1,-1
20151328M0791,1,9,0,18,0,0,1,0,1,1,1,1,6,1,22,5,1999,1,10,-1,1,-1
20151328M0945,1,9,0,18,0,6,0,0,0,0,1,1,6,3,-1,-1,1368,1,-1,-1,-1,-1
20151328M0945,2,8,0,18,0,8,0,0,0,0,4,1,2,1,39,7,1896,2,5,-1,1,-1
20151328M0945,3,9,0,2,0,1,0,0,0,0,1,1,6,3,-1,-1,1798,1,6,-1,1,-1
20151328M1141,1,19,0,3,0,0,0,0,0,0,2,1,6,1,29,6,-1,-1,-1,-1,1,-1
20151328M1141,2,9,0,3,0,0,0,0,0,0,1,1,6,2,42,7,1398,1,3,-1,1,-1
20151328M1238,1,1,0,18,0,0,0,0,0,0,1,1,6,2,42,7,-1,-1,-1,-1,1,-1
20151328M1238,2,9,0,18,0,0,0,0,0,0,2,1,6,1,17,4,-1,-1,-1,-1,1,-1
20151328M1246,1,9,0,15,0,0,0,0,0,0,1,1,6,2,25,5,1896,2,8,-1,1,-1
20151328M1246,2,9,0,15,0,0,0,0,0,0,1,1,6,2,44,7,1598,1,2,-1,1,-1
20151328M1394,1,9,0,18,0,0,0,0,2,7,1,1,6,1,29,6,1995,2,6,-1,1,-1
20151328M1394,2,9,0,18,0,0,0,0,0,0,1,1,6,1,22,5,1598,2,1,-1,2,-1
20151328M1394,3,9,0,18,0,0,0,0,0,0,1,1,6,1,30,6,1396,1,16,-1,1,-1
20151328M1394,4,9,0,18,0,0,0,0,0,0,2,1,6,1,61,9,2143,12,1,-1,1,-1
20151328M1446,1,9,0,18,0,4,0,0,0,0,3,1,6,1,36,7,1461,2,7,-1,3,-1
20151328M1446,2,9,0,18,0,8,0,0,0,0,4,1,6,2,53,8,1390,1,2,-1,1,-1
20151328M1466,1,9,0,18,0,0,0,0,0,0,1,1,6,1,40,7,973,1,14,-1,1,-1
20151328M1575,1,9,0,16,0,0,2,0,1,4,1,1,6,1,22,5,1999,1,9,-1,1,-1
20151328M1758,1,9,0,18,0,0,0,0,0,0,1,1,6,3,27,6,-1,-1,-1,-1,-1,-1
20151328M1899,1,9,0,18,0,1,0,0,0,0,1,1,6,3,27,6,-1,-1,-1,-1,-1,-1
20151328M1899,2,8,0,3,0,1,0,0,0,0,2,1,1,1,30,6,1910,2,8,-1,1,-1
20151328N0443,1,9,0,18,0,1,0,0,1,2,1,1,6,1,-1,-1,1796,1,13,-1,-1,-1
20151328N0520,1,9,0,18,0,1,0,4,0,0,1,1,6,1,-1,-1,1360,1,12,-1,-1,-1
20151328N0520,2,9,0,2,0,1,0,0,0,0,1,1,6,1,61,9,1988,1,16,-1,1,-1
20151328N0586,1,9,0,18,0,0,0,0,0,0,1,1,1,1,24,5,1248,1,-1,-1,-1,-1
20151328N0586,2,9,0,18,9,0,5,0,1,0,1,1,6,2,60,9,1360,1,13,-1,-1,-1
20151328N0591,1,9,0,11,0,0,1,0,1,0,4,1,6,1,43,7,1598,1,10,-1,2,-1
20151328N0591,2,9,0,18,0,0,1,0,0,0,3,1,6,1,50,8,1560,2,2,-1,1,-1
20151328N0609,1,9,0,18,0,0,0,0,0,0,1,1,6,2,51,8,1061,1,12,-1,1,-1
20151328N0609,2,9,0,4,0,0,0,0,0,0,2,1,6,2,35,6,1896,2,7,-1,1,-1
20151328N0725,1,1,0,18,0,0,5,0,0,0,3,1,6,2,33,6,-1,-1,-1,-1,-1,-1
20151328N0725,2,9,0,18,0,0,0,0,0,0,4,1,6,1,68,10,1398,1,-1,-1,1,-1
20151328N0761,1,9,0,1,0,0,0,0,0,0,2,1,6,2,-1,-1,-1,-1,-1,-1,-1,-1
20151328N0893,1,4,0,13,0,8,1,0,0,0,1,1,6,1,26,6,123,1,1,-1,1,-1
20151328N0893,2,9,0,9,0,8,0,0,0,0,3,1,6,1,59,9,2494,1,12,-1,2,-1
20151328N0949,1,90,0,17,0,2,1,0,1,10,1,1,6,1,24,5,686,1,3,-1,1,-1
20151328N0955,1,9,0,18,0,0,0,0,0,0,1,1,6,2,25,5,1896,2,13,-1,1,-1
20151328N0955,2,9,0,18,0,0,0,0,0,0,2,1,6,2,23,5,1968,2,7,-1,1,-1
20151328N1231,1,9,0,18,0,0,1,0,4,7,1,1,6,1,24,5,2993,2,4,-1,1,-1
20151328N1279,1,3,0,17,0,0,1,0,1,11,1,1,6,1,21,5,124,1,1,-1,1,-1
20151328N1299,1,9,0,4,0,0,0,0,0,0,3,1,6,1,63,9,2268,2,-1,-1,1,-1
20151328N1469,1,9,0,4,0,0,0,0,0,0,1,1,2,1,23,5,998,1,-1,-1,1,-1
20151328N1469,2,5,0,4,0,0,0,0,0,0,2,1,6,1,36,7,599,1,7,-1,1,-1
20151328N1488,1,9,0,18,0,0,1,0,1,2,2,1,6,1,24,5,1364,1,6,-1,1,-1
20151328N1757,1,9,0,1,0,0,0,0,0,0,2,1,1,1,26,6,1299,1,15,-1,1,-1
20151328N1757,2,9,0,2,0,0,0,0,0,0,2,1,6,2,31,6,1560,2,3,-1,1,-1
20151328N1772,1,9,0,16,0,0,0,0,1,11,1,1,6,2,21,5,1364,1,6,-1,1,-1
20151328N1886,1,9,0,18,0,1,0,0,0,0,1,1,6,1,25,5,1995,2,8,-1,-1,-1
20151328N1886,2,9,0,18,0,1,0,0,0,0,2,1,6,1,22,5,1497,1,11,-1,-1,-1
20151328N1886,3,9,0,18,0,1,0,0,0,0,2,1,6,1,36,7,-1,-1,-1,-1,-1,-1
20151328O0036,1,9,0,16,0,1,0,0,8,2,3,1,6,1,17,4,1422,2,12,-1,1,-1
20151328O0292,1,9,0,18,0,0,0,0,0,0,2,1,6,3,-1,-1,-1,-1,-1,-1,-1,-1
20151328O0292,2,1,0,18,0,0,0,0,0,0,0,1,6,2,24,5,-1,-1,-1,-1,1,-1
20151328O0312,1,9,0,9,0,6,0,0,0,0,3,1,1,2,30,6,1242,1,7,-1,-1,-1
20151328O0312,2,1,0,18,2,1,0,0,0,0,1,1,2,1,28,6,-1,-1,-1,-1,-1,-1
20151328O0701,1,9,4,6,0,8,0,0,0,0,3,1,6,1,60,9,1686,2,13,-1,1,-1
20151328O0701,2,9,0,18,0,8,0,0,0,0,1,1,6,1,37,7,1587,1,9,-1,1,-1
20151328O0904,1,1,0,18,0,0,0,0,0,0,1,1,6,1,6,2,-1,-1,-1,-1,1,-1
20151328O0904,2,9,0,18,0,0,0,0,0,0,0,1,6,1,68,10,1896,2,11,-1,1,-1
20151328O0997,1,9,0,17,0,0,0,0,0,0,3,1,6,1,55,8,1398,1,3,-1,1,-1
20151328O1194,1,9,0,18,0,0,0,0,1,10,1,1,2,2,65,9,1999,1,9,-1,3,-1
20151328O1194,2,9,0,18,0,0,0,0,0,0,1,1,6,1,49,8,1390,1,9,-1,1,-1
20151328O1239,1,9,0,5,0,0,0,0,0,0,4,1,6,1,68,10,1968,2,1,-1,-1,-1
20151328O1239,2,1,0,18,9,0,0,0,0,0,3,1,6,1,12,3,-1,-1,-1,-1,-1,-1
20151328O1251,1,9,0,18,0,0,0,0,0,0,1,1,6,1,77,11,1198,1,9,-1,2,-1
20151328O1251,2,9,0,2,0,0,0,0,0,0,2,1,6,3,-1,-1,1798,1,14,-1,-1,-1
20151328O1407,1,8,0,5,0,0,0,0,0,0,4,1,1,1,24,5,1797,8,4,-1,1,-1
20151328P0094,1,9,0,18,0,8,1,0,1,11,1,1,6,1,22,5,1349,1,5,-1,1,-1
20151328P0237,1,21,0,1,0,1,0,0,0,0,2,1,1,1,49,8,9186,2,2,-1,-1,-1
20151328P0237,2,1,0,18,0,1,0,0,0,0,1,1,6,1,23,5,-1,-1,-1,-1,-1,-1
20151328P0243,1,3,0,15,0,0,0,0,0,0,1,1,1,1,22,5,124,1,10,-1,1,-1
20151328P0243,2,9,0,5,0,0,0,0,0,0,1,1,1,1,52,8,1968,2,1,-1,2,-1
20151328P0248,1,19,0,10,0,1,0,0,0,0,3,1,2,1,37,7,1686,2,7,-1,1,-1
20151328P0248,2,1,0,18,0,1,0,0,0,0,3,1,2,1,41,7,-1,-1,-1,-1,1,-1
20151328P0311,1,9,0,9,0,6,0,0,0,0,3,1,6,2,26,6,1198,1,3,-1,2,-1
20151328P0311,2,19,0,18,0,8,0,0,0,0,4,1,1,1,57,9,2500,2,10,-1,-1,-1
20151328P0542,1,11,0,1,0,0,0,0,0,0,0,1,1,2,61,9,9360,2,6,-1,-1,-1
20151328P0588,1,9,0,4,0,0,0,0,0,0,2,1,6,1,60,9,1995,2,3,-1,2,-1
20151328P0588,2,9,0,4,0,0,0,0,0,0,1,1,6,1,41,7,1753,2,9,-1,1,-1
20151328P0592,1,9,0,18,0,0,5,4,0,0,1,1,6,2,76,11,1199,1,13,-1,1,-1
20151328P0592,2,9,0,2,0,0,0,0,0,0,1,1,6,3,-1,-1,1896,2,8,-1,-1,-1
20151328P0629,1,9,0,6,0,0,0,0,0,0,3,1,6,2,55,8,1587,1,11,-1,1,-1
20151328P0629,2,11,0,18,0,0,0,0,0,0,1,1,1,1,58,9,9600,2,15,-1,1,-1
20151328P0644,1,9,0,5,0,1,0,0,0,0,0,1,6,2,34,6,1796,1,7,-1,1,-1
20151328P0644,2,1,0,7,0,6,0,4,0,0,1,1,6,2,50,8,-1,-1,-1,-1,1,-1
20151328P0992,1,19,0,18,0,0,0,0,0,0,4,1,1,1,46,8,1968,2,1,-1,1,-1
20151328P1035,1,11,0,2,6,0,0,0,0,0,0,1,1,1,60,9,-1,-1,-1,-1,1,-1
20151328P1194,1,9,0,18,0,8,0,0,0,0,3,1,6,1,24,5,-1,-1,-1,-1,1,-1