Accident_Index,Vehicle_Reference,Vehicle_Type,Towing_and_Articulation,Vehicle_Manoeuvre,Vehicle_Location-Restricted_Lane,Junction_Location,Skidding_and_Overturning,Hit_Object_in_Carriageway,Vehicle_Leaving_Carriageway,Hit_Object_off_Carriageway,1st_Point_of_Impact,Was_Vehicle_Left_Hand_Drive?,Journey_Purpose_of_Driver,Sex_of_Driver,Age_of_Driver,Age_Band_of_Driver,Engine_Capacity_(CC),Propulsion_Code,Age_of_Vehicle,Driver_IMD_Decile,Driver_Home_Area_Type,Vehicle_IMD_Decile
20151328P1194,2,9,0,5,0,4,0,0,0,0,1,1,6,1,23,5,1753,2,12,-1,1,-1
20151328P1592,1,3,0,18,0,8,0,0,0,0,3,1,6,1,40,7,124,1,5,-1,1,-1
20151328P1592,2,9,0,18,0,8,0,0,0,0,1,1,6,3,-1,-1,-1,-1,-1,-1,-1,-1
20151328P1682,1,9,0,18,0,0,1,0,0,0,1,1,6,1,25,5,1995,2,11,-1,1,-1
20151328P1682,2,9,0,4,0,0,0,0,0,0,2,1,6,1,-1,-1,-1,-1,-1,-1,-1,-1
20151328P1694,1,9,0,1,0,0,0,0,0,0,4,1,6,1,33,6,1598,1,10,-1,1,-1
20151328P1694,2,9,0,2,0,0,0,0,0,0,3,1,6,1,26,6,1386,1,7,-1,1,-1
20151328P1879,1,9,0,16,0,0,1,11,4,6,1,1,6,1,31,6,1242,1,2,-1,1,-1
20151328Q0269,1,9,0,10,0,1,0,0,0,0,3,1,2,2,49,8,1997,1,3,-1,1,-1
20151328Q0269,2,1,0,18,0,1,0,0,0,0,3,1,2,1,26,6,-1,-1,-1,-1,1,-1
20151328Q0414,1,9,0,17,0,8,0,0,0,0,1,1,6,1,32,6,1968,2,10,-1,1,-1
20151328Q0414,2,9,0,9,0,6,0,0,0,0,3,1,6,1,33,6,1198,1,-1,-1,1,-1
20151328Q0458,1,9,0,5,0,6,0,0,0,0,1,1,6,1,71,10,2967,1,5,-1,1,-1
20151328Q0458,2,9,0,18,0,8,0,0,0,0,4,1,6,2,33,6,1968,2,-1,-1,1,-1
20151328Q0461,1,9,0,14,0,0,0,0,0,0,1,1,6,1,-1,-1,-1,-1,-1,-1,-1,-1
20151328Q0461,2,1,0,14,0,0,0,0,0,0,2,1,2,1,26,6,-1,-1,-1,-1,1,-1
20151328Q0641,1,9,0,17,0,0,0,0,0,0,1,1,6,2,49,8,1124,1,14,-1,1,-1
20151328Q0641,2,9,0,16,0,0,0,0,0,0,1,1,6,1,38,7,1686,2,12,-1,1,-1
20151328Q0736,1,9,0,18,0,0,0,0,0,0,3,1,6,2,50,8,-1,-1,-1,-1,1,-1
20151328Q0786,1,9,0,18,0,1,0,0,0,0,1,1,6,2,35,6,1360,1,12,-1,1,-1
20151328Q0786,2,9,0,3,0,1,0,0,0,0,2,1,6,2,38,7,998,1,13,-1,1,-1
20151328Q0889,1,9,0,18,0,0,0,0,0,0,1,1,6,1,28,6,1910,2,7,-1,1,-1
20151328Q0889,2,9,0,18,0,0,0,0,0,0,2,1,6,1,39,7,1199,1,14,-1,2,-1
20151328Q0934,1,9,0,9,0,8,0,0,0,0,4,1,6,1,90,11,1498,1,13,-1,1,-1
20151328Q0934,2,1,0,18,0,8,0,0,0,0,1,1,6,1,29,6,-1,-1,-1,-1,-1,-1
20151328Q1479,1,9,0,18,0,0,0,0,0,0,1,1,6,1,29,6,3227,2,13,-1,1,-1
20151328R0301,1,9,0,9,0,8,0,0,0,0,1,1,6,2,57,9,1198,1,9,-1,1,-1
20151328R0301,2,3,0,18,0,8,0,0,0,0,1,1,6,1,19,4,125,1,16,-1,1,-1
20151328R0588,1,9,0,12,0,0,2,0,0,0,3,1,6,1,23,5,1149,1,8,-1,1,-1
20151328R0588,2,21,1,18,0,0,0,0,0,0,4,1,1,1,58,9,12900,2,6,-1,1,-1
20151328R0715,1,1,0,18,0,0,2,0,0,0,1,1,6,1,20,4,-1,-1,-1,-1,1,-1
20151328R0715,2,9,0,18,0,0,0,0,0,0,2,1,6,2,77,11,1248,1,6,-1,3,-1
20151328R0800,1,2,0,17,0,0,0,0,1,11,1,1,6,1,18,4,124,1,12,-1,-1,-1
20151328R0911,1,9,0,4,0,1,0,0,0,0,1,1,6,2,46,8,998,1,-1,-1,2,-1
20151328R1070,1,9,0,18,0,0,0,0,0,0,3,1,6,1,56,9,2993,2,2,-1,1,-1
20151328R1161,1,1,0,18,0,0,0,0,0,0,1,1,6,1,9,2,-1,-1,-1,-1,1,-1
20151328R1161,2,9,0,18,0,0,0,0,0,0,4,1,6,2,31,6,1598,1,13,-1,1,-1
20151328R1243,1,9,0,9,0,8,0,0,0,0,1,1,6,2,37,7,1398,2,7,-1,1,-1
20151328R1243,2,9,0,18,0,8,5,0,0,0,4,1,6,2,31,6,1242,1,4,-1,1,-1
20151328R1320,1,1,0,9,0,8,0,0,0,0,1,1,2,2,20,4,-1,-1,-1,-1,-1,-1
20151328R1320,2,9,0,18,0,8,0,0,0,0,1,1,2,2,30,6,998,1,12,-1,-1,-1
20151328R1400,1,9,0,9,0,5,0,0,0,0,1,1,6,3,-1,-1,-1,-1,-1,-1,-1,-1
20151328R1455,1,9,0,13,0,8,1,0,0,0,4,1,6,1,65,9,1497,1,14,-1,1,-1
20151328R1455,2,17,0,9,0,8,0,0,0,0,3,1,6,1,-1,-1,-1,-1,-1,-1,-1,-1
20151328R1485,1,8,0,18,0,1,0,0,0,0,1,1,1,1,35,6,-1,-1,-1,-1,1,-1
20151328R1586,1,9,0,4,0,1,0,0,0,0,2,1,6,1,19,4,1229,1,2,-1,1,-1
20151328R1586,2,9,0,18,0,1,0,0,0,0,1,1,6,1,57,9,2499,1,8,-1,1,-1
20151328R1619,1,3,0,9,0,5,5,0,7,0,1,1,6,1,26,6,100,1,8,-1,-1,-1
20151328R1619,2,9,0,9,0,5,0,0,0,0,3,1,6,2,42,7,1796,1,9,-1,-1,-1
20151328R1687,1,5,0,18,0,0,0,10,0,0,1,1,6,1,31,6,600,1,15,-1,-1,-1
20151328S0280,1,1,0,18,0,0,0,0,0,0,1,1,6,1,48,8,-1,-1,-1,-1,1,-1
20151328S0280,2,9,0,3,0,0,0,0,0,0,2,1,1,2,53,8,1685,2,1,-1,1,-1
20151328S0308,1,9,0,9,0,8,0,0,0,0,1,1,6,1,47,8,1997,1,10,-1,1,-1
20151328S0308,2,9,0,18,0,8,0,0,0,0,1,1,6,2,26,6,1388,1,12,-1,1,-1
20151328S0313,1,9,0,18,0,0,0,0,0,0,1,1,6,1,50,8,2143,2,3,-1,1,-1
20151328S0313,2,9,0,18,0,0,0,0,0,0,2,1,2,2,29,6,1368,1,7,-1,1,-1
20151328S0313,3,9,0,18,0,0,0,0,0,0,2,1,6,1,24,5,1984,1,6,-1,-1,-1
20151328S0333,1,9,0,18,0,8,0,0,0,0,3,1,2,2,34,6,1598,1,9,-1,1,-1
20151328S0333,2,9,0,18,0,8,0,0,0,0,1,1,1,1,40,7,-1,-1,-1,-1,1,-1
20151328S0598,1,9,0,14,0,0,0,4,0,0,4,1,6,2,86,11,1198,1,8,-1,1,-1
20151328S0598,2,19,0,2,0,0,0,0,0,0,2,1,6,1,64,9,-1,-1,-1,-1,-1,-1
20151328S0776,1,9,0,18,0,8,0,0,0,0,1,1,6,2,47,8,2184,2,12,-1,2,-1
20151328S0776,2,9,0,18,0,8,0,0,0,0,1,1,6,1,68,10,1968,2,9,-1,1,-1
20151328S0806,1,1,0,5,0,6,0,0,0,0,4,1,6,2,15,3,-1,-1,-1,-1,1,-1
20151328S0806,2,9,0,16,0,1,0,0,0,0,4,1,6,1,58,9,1598,1,8,-1,3,-1
20151328S0816,1,9,0,16,0,0,0,0,0,0,1,1,6,2,36,7,998,1,14,-1,1,-1
20151328S0816,2,1,0,17,0,0,0,0,0,0,1,1,6,1,7,2,-1,-1,-1,-1,1,-1
20151328S1024,1,9,0,18,0,0,0,0,0,0,3,1,6,2,31,6,1995,2,7,-1,1,-1
20151328S1024,2,9,0,11,0,0,0,0,0,0,1,1,6,1,64,9,1798,1,3,-1,1,-1
20151328S1024,3,9,0,18,0,0,0,0,0,0,2,1,6,1,45,7,2979,1,13,-1,1,-1
20151328S1067,1,9,0,18,0,2,0,0,0,0,3,1,6,1,62,9,1590,1,14,-1,1,-1
20151328S1153,1,9,0,18,0,0,0,0,0,0,2,1,2,2,33,6,1896,2,10,-1,1,-1
20151328S1153,2,9,0,18,0,0,0,0,0,0,1,1,2,1,42,7,1968,2,-1,-1,1,-1
20151328S1236,1,1,0,18,0,0,0,0,0,0,4,1,6,1,7,2,-1,-1,-1,-1,1,-1
20151328S1236,2,8,0,18,0,0,0,0,0,0,1,1,1,1,55,8,1896,2,6,-1,1,-1
20151328S1305,1,9,0,6,0,0,0,0,0,0,0,1,6,2,18,4,1199,1,11,-1,1,-1
20151328S1305,2,5,0,18,0,0,5,0,0,0,0,1,6,1,60,9,1731,1,2,-1,1,-1
20151328S1359,1,9,0,18,0,0,0,0,0,0,1,1,6,2,43,7,1242,1,9,-1,-1,-1
20151328S1376,1,5,0,4,0,1,2,0,8,0,0,1,6,1,32,6,645,1,7,-1,1,-1
20151328S1387,1,2,0,18,0,1,0,0,0,0,1,1,6,1,22,5,124,1,12,-1,1,-1
20151328S1387,2,9,0,5,0,1,0,0,0,0,3,1,6,1,21,5,2157,1,16,-1,1,-1
20151328S1405,1,3,0,18,0,1,0,0,0,0,1,1,6,1,23,5,-1,-1,-1,-1,1,-1
20151328S1405,2,9,0,4,0,1,0,0,0,0,2,1,6,1,58,9,1499,2,1,-1,1,-1
20151328S1653,1,9,0,18,0,8,0,0,0,0,1,1,6,2,51,8,1560,2,7,-1,1,-1
20151328S1653,2,1,0,18,0,8,5,0,0,0,4,1,6,1,29,6,-1,-1,-1,-1,1,-1
20151328S1821,1,19,0,18,0,0,0,0,2,7,1,1,6,2,33,6,1461,2,-1,-1,1,-1
20151328S1904,1,9,0,9,0,0,2,0,2,11,4,1,2,1,21,5,1896,2,9,-1,1,-1
20151328T0569,1,9,0,4,0,1,0,0,0,0,2,1,6,2,62,9,1997,2,13,-1,1,-1
20151328T0569,2,19,0,18,0,1,0,0,0,0,1,1,1,1,47,8,1968,2,1,-1,1,-1
20151328T0682,1,9,0,18,0,0,0,0,0,0,1,1,6,1,30,6,1360,1,12,-1,-1,-1
20151328T0682,2,9,0,18,0,0,0,0,0,0,1,1,6,2,57,9,1240,1,11,-1,-1,-1
20151328T1001,1,9,0,18,0,1,0,0,0,0,1,1,6,2,25,5,1200,1,3,-1,1,-1
20151328T1001,2,9,0,9,0,6,0,0,0,0,1,1,6,1,30,6,1396,1,10,-1,3,-1
20151328T1552,1,1,0,18,0,0,5,0,0,0,4,1,6,1,71,10,-1,-1,-1,-1,1,-1
20151328T1552,2,9,0,18,0,0,0,0,0,0,3,1,6,3,-1,-1,-1,-1,-1,-1,-1,-1
20151328T1906,1,9,0,5,0,4,0,0,0,0,1,1,6,1,19,4,2000,2,9,-1,2,-1
20151328T1906,2,9,0,10,0,4,0,0,0,0,2,1,6,1,20,4,-1,-1,-1,-1,1,-1
20151328T2037,1,9,0,17,0,0,0,0,1,1,1,1,6,1,21,5,998,1,11,-1,1,-1
20151328U0235,1,9,0,18,0,8,0,0,0,10,1,1,6,1,31,6,1968,2,3,-1,1,-1
20151328U0402,1,9,0,17,0,0,0,10,1,5,1,1,2,2,23,5,996,1,1,-1,1,-1
20151328U0638,1,9,0,18,0,8,0,0,1,11,1,1,6,1,69,10,-1,-1,-1,-1,1,-1
20151328U0638,2,9,0,18,0,8,0,0,0,0,3,1,6,2,59,9,1389,1,9,-1,1,-1
20151328U0680,1,9,0,18,0,1,0,0,0,0,1,1,6,1,64,9,1390,1,11,-1,1,-1
20151328U0702,1,9,0,18,0,6,0,0,0,0,3,1,6,2,22,5,1398,1,1,-1,1,-1
20151328U0702,2,9,0,18,0,8,0,0,0,0,1,1,6,1,82,11,1910,2,8,-1,1,-1
20151328U0756,1,5,0,18,0,8,0,0,0,0,3,1,6,1,57,9,599,1,6,-1,1,-1
20151328U0756,2,9,0,7,0,5,0,0,0,0,4,1,6,2,46,8,2143,2,1,-1,1,-1
20151328U0757,1,9,0,18,0,0,0,0,0,0,1,1,6,1,28,6,1896,2,13,-1,1,-1
20151328U0757,2,9,0,18,0,0,0,0,0,0,2,1,6,1,72,10,2148,2,7,-1,3,-1
20151328U0864,1,9,0,18,0,1,0,0,0,0,2,1,1,1,46,8,1598,2,5,-1,1,-1
20151328U0864,2,9,0,18,0,1,0,0,0,0,1,1,6,2,33,6,-1,-1,-1,-1,1,-1
20151328U1212,1,5,0,18,0,0,5,0,0,0,1,1,6,1,36,7,-1,-1,-1,-1,1,-1
20151328U1232,1,9,0,18,0,8,0,0,0,0,1,1,6,1,57,9,1968,2,7,-1,-1,-1
20151328U1232,2,9,0,18,0,8,0,0,0,0,1,1,6,1,29,6,-1,-1,-1,-1,-1,-1
20151328V0578,1,9,0,4,0,0,0,0,0,0,1,1,6,1,67,10,1368,1,6,-1,1,-1
20151328V0578,2,9,0,3,0,0,0,0,0,0,2,1,6,1,51,8,1896,2,10,-1,3,-1
20151328V0578,3,9,0,3,0,0,0,0,0,0,2,1,6,2,24,5,1360,1,12,-1,1,-1
20151328V0666,1,9,0,7,0,8,0,0,0,0,4,1,6,1,46,8,1397,1,6,-1,1,-1
20151328V0666,2,9,0,18,0,8,0,0,0,0,3,1,6,2,26,6,1299,1,12,-1,1,-1
20151328V0666,3,9,0,18,0,8,0,0,0,0,4,1,6,1,51,8,-1,-1,-1,-1,1,-1
20151328V0788,1,9,0,18,0,0,0,0,0,0,4,1,6,1,24,5,1968,2,6,-1,1,-1
20151328V0788,2,9,0,2,0,0,0,0,0,0,3,1,6,3,-1,-1,999,1,-1,-1,-1,-1
20151328V0788,3,9,0,2,0,0,0,0,0,0,2,1,6,3,-1,-1,1896,2,9,-1,-1,-1
20151328V0788,4,9,0,2,0,0,0,0,0,0,2,1,6,3,-1,-1,1999,1,8,-1,-1,-1
20151328V1204,1,9,0,9,0,8,0,0,0,0,1,1,6,1,20,4,1596,1,14,-1,1,-1
20151328V1204,2,9,0,18,0,8,0,0,0,0,1,1,6,1,34,6,998,1,1,-1,1,-1
20151328V1503,1,9,0,4,0,0,0,0,0,0,1,1,6,1,30,6,1398,2,1,-1,1,-1
20151328V1799,1,5,0,18,0,0,1,0,1,11,1,1,6,1,17,4,599,1,23,-1,1,-1
2015132910178,1,21,0,6,0,8,0,0,0,0,3,1,1,1,51,8,-1,-1,-1,-1,1,-1
2015132910178,2,3,0,18,0,1,0,0,0,0,1,1,2,1,44,7,124,1,7,-1,1,-1
2015132910275,1,9,0,12,0,0,0,0,0,0,0,1,6,3,-1,-1,-1,-1,-1,-1,-1,-1
2015132910275,2,9,0,12,0,0,5,0,0,0,3,1,6,2,37,7,1349,1,1,-1,1,-1
2015132910281,1,9,0,7,0,8,0,0,0,0,1,1,6,1,31,6,1242,1,17,-1,-1,-1
2015132910281,2,21,1,18,0,8,0,0,0,0,3,1,1,1,57,9,-1,-1,-1,-1,-1,-1
2015132910295,1,9,0,18,0,0,0,0,0,0,0,1,6,3,-1,-1,-1,-1,-1,-1,-1,-1
2015132910513,1,3,0,18,0,6,1,0,0,0,1,1,6,1,24,5,-1,-1,-1,-1,-1,-1
2015132910513,2,9,0,18,0,1,0,0,0,0,3,1,6,2,30,6,1229,1,5,-1,1,-1
2015132910568,1,9,0,18,0,0,0,0,0,0,4,1,6,1,20,4,-1,-1,-1,-1,-1,-1
2015132910568,2,1,0,18,0,0,5,0,0,0,1,1,6,1,9,2,-1,-1,-1,-1,-1,-1
2015132910584,1,9,0,18,0,0,0,0,0,0,1,1,6,2,25,5,1896,2,8,-1,1,-1
2015132910584,2,9,0,18,0,0,0,0,0,0,2,1,6,2,32,6,1388,1,5,-1,1,-1
2015132911084,1,9,0,18,0,0,0,0,0,0,3,1,6,1,25,5,1686,2,2,-1,1,-1
2015132911101,1,19,0,6,0,0,0,0,0,0,3,1,6,1,39,7,2402,2,9,-1,-1,-1
2015132911101,2,3,0,14,0,0,0,0,0,0,4,1,2,1,31,6,124,1,4,-1,1,-1
2015132911126,1,9,0,18,0,4,0,0,0,0,3,1,6,1,34,6,-1,-1,-1,-1,1,-1
2015132911126,2,9,0,18,0,4,0,0,0,0,4,1,6,1,40,7,1368,1,2,-1,1,-1
2015132911181,1,9,0,7,0,1,0,0,0,0,1,1,1,2,18,4,999,1,1,-1,1,-1
2015132911181,2,9,0,18,0,1,0,0,0,0,1,1,1,1,25,5,1598,1,10,-1,1,-1
2015132911183,1,9,0,18,0,8,0,0,0,0,4,1,6,1,31,6,1995,1,13,-1,1,-1
2015132911183,2,9,0,18,0,8,0,0,0,0,1,1,6,2,55,8,1461,2,2,-1,-1,-1
2015132911358,1,9,0,1,0,0,0,0,0,0,0,1,1,1,22,5,1797,8,4,-1,1,-1
2015132911428,1,5,0,18,0,8,0,0,0,0,1,1,6,1,46,8,1170,1,8,-1,1,-1
2015132911428,2,9,0,9,0,5,0,0,0,0,3,1,6,1,37,7,1896,2,14,-1,1,-1
2015132911470,1,1,0,18,0,0,0,0,0,0,2,1,6,1,22,5,-1,-1,-1,-1,1,-1
2015132911470,2,20,0,18,0,0,0,0,0,0,1,1,1,1,41,7,4250,2,9,-1,1,-1
2015132911520,1,9,0,18,0,8,0,0,0,0,1,1,2,1,23,5,1910,2,5,-1,1,-1
2015132911520,2,10,0,9,0,5,0,0,0,0,1,1,6,2,42,7,-1,-1,-1,-1,2,-1
2015132920252,1,8,0,1,0,0,0,0,0,0,2,1,1,1,35,6,-1,-1,-1,-1,1,-1
2015132920252,2,9,0,2,0,0,0,0,0,0,3,1,6,2,18,4,1399,2,4,-1,1,-1
2015132920290,1,1,0,7,0,0,0,0,0,0,1,1,6,1,27,6,-1,-1,-1,-1,1,-1
2015132920290,2,9,0,18,0,0,0,0,0,0,1,1,1,1,38,7,1598,2,2,-1,1,-1
2015132920325,1,9,0,9,0,6,0,0,0,0,3,1,1,1,34,6,1595,1,-1,-1,-1,-1
2015132920325,2,1,0,18,0,1,2,0,0,0,1,1,1,2,25,5,-1,-1,-1,-1,1,-1
2015132920330,1,9,0,18,0,0,0,0,0,0,1,1,6,1,-1,-1,-1,-1,-1,-1,-1,-1
2015132920330,2,1,0,18,0,0,0,0,0,0,2,1,6,1,37,7,-1,-1,-1,-1,1,-1
2015132920340,1,21,0,18,0,0,0,0,0,0,0,1,1,1,40,7,5880,2,8,-1,1,-1
2015132920340,2,9,0,18,0,0,0,0,0,0,2,1,6,1,30,6,1797,8,-1,-1,-1,-1
2015132920340,3,5,0,18,0,0,0,0,0,0,1,1,6,1,63,9,781,1,16,-1,1,-1
2015132920513,1,19,0,4,0,8,0,0,0,0,1,1,1,1,22,5,2461,2,8,-1,1,-1
2015132920513,2,9,0,4,0,8,0,0,0,0,2,1,1,2,37,7,1797,8,2,-1,3,-1
2015132920760,1,19,0,18,0,8,0,0,0,0,3,1,1,1,48,8,1598,2,4,-1,1,-1
2015132920868,1,9,0,9,0,1,0,0,0,0,4,1,6,1,60,9,1598,1,1,-1,1,-1
2015132920868,2,8,0,18,0,1,0,0,0,0,1,1,1,1,32,6,1968,2,6,-1,-1,-1
2015132921089,1,20,0,9,0,6,0,0,0,0,1,1,1,1,44,7,2151,2,11,-1,1,-1
2015132921089,2,9,0,18,0,8,0,0,0,0,4,1,6,1,42,7,1799,1,10,-1,1,-1
2015132921165,1,9,0,9,0,0,0,0,0,0,4,1,6,1,30,6,1360,1,11,-1,1,-1
2015132921167,1,9,0,18,0,0,0,0,0,0,1,1,6,2,37,7,1995,2,11,-1,1,-1
2015132921167,2,9,0,18,0,0,0,0,0,0,2,1,6,2,34,6,1242,1,2,-1,1,-1
2015132921167,3,9,0,18,0,0,0,0,0,0,2,1,2,2,28,6,1242,1,4,-1,1,-1
2015132921170,1,9,0,18,0,0,0,0,0,0,4,1,6,3,-1,-1,-1,-1,-1,-1,-1,-1
2015132921215,1,9,0,9,0,8,0,0,0,0,3,1,6,2,21,5,1896,2,10,-1,1,-1
2015132921215,2,9,0,9,0,8,0,0,0,0,1,1,6,1,67,10,2494,8,1,-1,1,-1
2015132921225,1,11,0,14,0,0,0,0,0,0,1,1,1,1,52,8,-1,-1,-1,-1,3,-1
2015132921255,1,9,0,9,0,8,0,0,0,0,3,1,6,2,53,8,1349,1,4,-1,1,-1
2015132921255,2,1,0,18,0,8,0,0,0,0,1,1,6,1,49,8,-1,-1,-1,-1,2,-1
2015132921264,1,9,0,10,0,1,0,0,0,0,2,1,1,1,52,8,1248,2,4,-1,1,-1
2015132921264,2,9,0,18,0,1,0,0,0,0,1,1,6,3,-1,-1,1396,1,15,-1,-1,-1
2015132921300,1,9,0,3,0,1,0,0,0,0,2,1,6,1,20,4,1598,1,10,-1,1,-1
2015132921300,2,19,0,18,0,1,0,0,0,0,1,1,6,3,-1,-1,2402,2,10,-1,-1,-1
2015132921318,1,1,0,18,0,1,0,0,0,0,0,1,6,1,37,7,-1,-1,-1,-1,-1,-1
2015132921318,2,11,0,18,0,1,0,0,0,0,0,1,1,1,37,7,9360,2,6,-1,1,-1
2015132921626,1,9,0,18,0,0,0,0,0,0,4,1,6,1,59,9,1199,1,13,-1,1,-1
2015132930357,1,9,0,5,0,0,0,0,0,0,2,1,2,1,48,8,1461,2,1,-1,-1,-1
2015132930357,2,1,0,15,0,0,0,0,0,0,1,1,2,1,45,7,-1,-1,-1,-1,1,-1
2015132930390,1,19,0,18,0,0,0,0,0,0,1,1,1,1,26,6,2198,2,-1,-1,1,-1
2015132930390,2,9,0,18,0,0,0,0,0,0,2,1,2,2,38,7,2000,2,11,-1,1,-1
2015132930529,1,3,0,18,0,0,0,0,0,0,1,1,6,1,17,4,124,1,4,-1,1,-1
2015132930529,2,9,0,3,0,0,0,0,0,0,2,1,1,2,56,9,1910,2,6,-1,1,-1
2015132930587,1,9,0,18,0,8,0,0,0,0,3,1,6,2,30,6,2477,2,10,-1,1,-1
2015132930587,2,9,0,18,0,8,0,0,0,0,4,1,6,2,35,6,2231,2,7,-1,1,-1
2015132930824,1,9,0,18,0,0,0,0,0,0,1,1,6,1,80,11,1389,1,18,-1,1,-1
2015132930846,1,3,0,13,0,1,0,0,0,0,1,1,6,1,21,5,125,1,-1,-1,1,-1
2015132930846,2,9,0,5,0,1,0,0,0,0,3,1,6,1,-1,-1,-1,-1,-1,-1,-1,-1
2015132931156,1,9,0,18,0,2,0,0,0,0,1,1,6,1,74,10,1896,2,14,-1,1,-1
2015132931214,1,9,0,9,0,2,0,0,0,0,4,1,6,2,24,5,1229,1,2,-1,1,-1
2015132931214,2,3,0,18,0,1,0,0,0,0,1,1,6,1,23,5,124,1,1,-1,1,-1
2015132931219,1,5,0,9,0,1,0,0,0,0,1,1,6,1,23,5,599,1,21,-1,1,-1
2015132931219,2,2,0,18,0,1,0,0,0,0,1,1,6,1,17,4,49,1,7,-1,1,-1
2015132931221,1,3,0,18,0,0,2,10,2,11,4,1,6,1,19,4,125,1,6,-1,1,-1
2015132931234,1,9,0,16,0,0,0,0,0,0,4,1,6,1,23,5,2000,1,6,-1,1,-1
2015132940040,1,9,0,9,0,5,0,0,0,0,4,1,6,1,22,5,1598,2,2,-1,1,-1
2015132940040,2,9,0,18,0,1,0,0,0,0,1,1,6,1,30,6,1896,2,8,-1,1,-1
2015132940397,1,1,0,18,0,0,0,0,0,0,0,1,6,1,41,7,-1,-1,-1,-1,3,-1
2015132940397,2,9,0,18,0,0,0,0,0,0,0,1,6,1,36,7,-1,-1,-1,-1,1,-1
2015132940664,1,19,0,4,0,1,0,0,0,0,1,1,6,1,52,8,2148,2,7,-1,1,-1
2015132940664,2,9,0,2,0,1,0,0,0,0,2,1,6,2,24,5,1199,1,11,-1,1,-1
2015132940903,1,9,0,18,0,0,0,0,0,0,1,1,6,1,22,5,1124,1,10,-1,3,-1
2015132940903,2,9,0,18,0,0,0,0,0,0,4,1,6,2,23,5,1339,1,8,-1,1,-1
2015132941054,1,9,0,4,0,0,0,0,0,0,1,1,6,2,60,9,1590,1,13,-1,3,-1
2015132941054,2,9,0,3,0,0,0,0,0,0,2,1,6,2,40,7,1198,1,1,-1,1,-1
2015132941054,3,9,0,3,0,0,0,0,0,0,2,1,6,1,47,8,1598,1,8,-1,1,-1
2015132941219,1,9,0,18,0,0,0,0,0,0,1,1,6,1,79,11,1896,2,11,-1,-1,-1
2015132941219,2,9,0,18,0,0,0,0,0,0,1,1,6,1,22,5,1598,1,8,-1,1,-1
2015132941227,1,11,0,5,0,0,0,0,0,0,3,1,1,1,42,7,4250,2,16,-1,1,-1
2015132941227,2,9,0,14,0,0,0,0,0,11,4,1,6,1,42,7,1596,1,11,-1,1,-1
2015132941276,1,9,0,16,0,6,0,0,0,0,4,1,6,2,28,6,1360,1,12,-1,-1,-1
2015132941276,2,3,0,18,0,2,0,0,0,0,1,1,6,1,16,4,-1,-1,-1,-1,-1,-1
2015132941421,1,9,0,18,0,0,0,0,0,0,1,1,6,2,40,7,1388,1,8,-1,2,-1
2015132941421,2,1,0,18,0,0,0,0,0,0,1,1,6,1,7,2,-1,-1,-1,-1,2,-1
2015132941759,1,9,0,4,0,1,1,0,0,0,1,1,6,1,23,5,1388,1,14,-1,1,-1
2015132941759,2,9,0,9,0,1,0,0,0,0,3,1,6,2,37,7,2720,2,9,-1,1,-1
2015132950266,1,9,0,17,0,0,1,0,8,4,4,1,2,1,22,5,1229,1,7,-1,3,-1
2015132950323,1,5,0,18,0,1,1,0,0,0,0,1,6,1,23,5,599,1,18,-1,-1,-1
2015132950836,1,9,0,9,0,8,1,0,0,0,1,1,6,2,27,6,1299,1,12,-1,1,-1
2015132950836,2,9,0,4,0,1,0,0,0,0,1,1,6,1,32,6,1560,2,5,-1,1,-1
2015132950838,1,9,0,7,0,3,1,0,0,0,1,1,6,1,19,4,989,1,15,-1,1,-1
2015132950838,2,9,0,2,0,4,0,4,0,0,3,1,6,1,-1,-1,1596,1,10,-1,1,-1
2015132951011,1,9,0,7,0,2,0,0,0,0,1,1,6,2,52,8,1388,1,4,-1,1,-1
2015132951011,2,1,0,9,0,1,2,0,0,0,2,1,6,1,44,7,-1,-1,-1,-1,1,-1
2015132951073,1,9,0,18,0,0,0,0,0,0,1,1,6,1,44,7,1461,2,5,-1,1,-1
2015132951073,2,9,0,4,0,0,0,0,0,0,2,1,6,1,46,8,2993,2,2,-1,1,-1
2015132951107,1,9,0,1,0,0,0,0,0,0,2,1,6,2,38,7,1397,1,6,-1,1,-1
2015132951290,1,1,0,12,0,0,0,0,0,0,0,1,6,3,-1,-1,-1,-1,-1,-1,-1,-1
2015132951290,2,11,0,18,0,0,0,0,0,0,0,1,1,1,54,8,7300,2,7,-1,1,-1
2015132951293,1,9,0,18,0,0,0,0,0,0,1,1,1,1,42,7,1560,2,6,-1,-1,-1
2015132951293,2,9,0,18,0,0,0,0,0,0,2,1,6,1,39,7,1900,2,8,-1,1,-1
2015132951501,1,9,0,18,0,0,0,0,0,0,1,1,6,1,34,6,2429,1,10,-1,1,-1
2015132951501,2,9,0,4,0,0,0,0,0,0,2,1,6,1,59,9,998,1,1,-1,1,-1
2015132951528,1,9,0,18,0,0,5,0,7,9,1,1,6,1,25,5,2500,2,28,-1,-1,-1
2015132951528,2,9,0,18,0,0,0,0,0,0,2,1,1,1,34,6,2993,2,1,-1,-1,-1
2015132951660,1,9,0,16,0,8,0,0,0,0,1,1,6,1,18,4,1149,1,11,-1,1,-1
2015132951660,2,9,0,17,0,8,0,0,0,0,1,1,6,1,20,4,1150,1,9,-1,1,-1
2015132960080,1,9,0,18,0,5,0,0,1,2,1,1,6,2,26,6,1598,2,5,-1,1,-1