Accident_Index,Vehicle_Reference,Vehicle_Type,Towing_and_Articulation,Vehicle_Manoeuvre,Vehicle_Location-Restricted_Lane,Junction_Location,Skidding_and_Overturning,Hit_Object_in_Carriageway,Vehicle_Leaving_Carriageway,Hit_Object_off_Carriageway,1st_Point_of_Impact,Was_Vehicle_Left_Hand_Drive?,Journey_Purpose_of_Driver,Sex_of_Driver,Age_of_Driver,Age_Band_of_Driver,Engine_Capacity_(CC),Propulsion_Code,Age_of_Vehicle,Driver_IMD_Decile,Driver_Home_Area_Type,Vehicle_IMD_Decile
20151329F0082,3,9,0,2,0,0,0,0,0,0,1,1,6,3,-1,-1,1598,1,3,-1,-1,-1
20151329F0082,4,9,0,2,0,0,0,0,0,0,0,1,6,3,-1,-1,1124,1,17,-1,-1,-1
20151329F0104,1,9,0,18,0,8,0,0,0,0,1,1,6,1,24,5,1199,1,11,-1,1,-1
20151329F0104,2,9,0,18,0,8,0,0,0,0,4,1,6,2,37,7,998,1,8,-1,1,-1
20151329F0204,1,9,0,18,0,2,0,0,0,0,1,1,6,1,67,10,1582,2,5,-1,1,-1
20151329F0215,1,9,0,7,0,6,0,0,1,4,1,1,2,2,37,7,2179,2,5,-1,1,-1
20151329F0215,2,9,0,18,0,8,0,0,0,0,1,1,2,1,22,5,2179,2,3,-1,1,-1
20151329F0311,1,2,0,18,0,0,5,0,0,0,3,1,6,2,33,6,124,1,4,-1,-1,-1
20151329F0322,1,9,0,18,0,0,0,7,5,6,1,1,2,2,39,7,2143,2,1,-1,1,-1
20151329F0437,1,9,0,7,0,8,0,0,0,0,1,1,6,1,-1,-1,1199,1,13,-1,-1,-1
20151329F0749,1,9,0,4,0,1,0,0,0,0,1,1,6,1,36,7,1597,1,4,-1,1,-1
20151329F0749,2,9,0,3,0,1,0,0,0,0,2,1,6,1,-1,-1,-1,-1,-1,-1,-1,-1
20151329F0880,1,9,0,9,0,6,0,0,0,0,4,1,1,1,56,9,-1,-1,-1,-1,1,-1
20151329F0880,2,3,0,18,0,8,5,0,0,0,1,1,6,1,27,6,125,1,12,-1,1,-1
20151329F0973,1,9,0,18,0,0,0,0,0,0,4,1,1,1,50,8,998,1,1,-1,1,-1
20151329F1021,1,9,0,18,0,0,0,0,0,0,4,1,6,1,48,8,2401,2,8,-1,1,-1
20151329F1024,1,9,0,12,0,0,0,0,0,0,3,1,2,1,32,6,1995,2,3,-1,1,-1
20151329F1024,2,19,0,18,0,0,0,0,5,6,4,1,2,1,49,8,2460,2,8,-1,1,-1
20151329F1024,3,19,0,3,0,0,0,0,0,0,2,1,1,1,23,5,1560,2,3,-1,1,-1
20151329F1024,4,9,0,3,0,0,0,0,0,0,2,1,2,2,55,8,1998,1,11,-1,2,-1
20151329F1024,5,11,0,18,0,0,0,0,0,0,1,1,1,1,78,11,9360,2,2,-1,1,-1
20151329F1024,6,19,0,12,0,0,0,0,0,0,3,1,1,1,62,9,1868,2,9,-1,2,-1
20151329F1079,1,9,0,18,0,1,0,0,0,0,1,1,6,1,29,6,1582,2,5,-1,1,-1
20151329F1132,1,9,0,18,0,1,0,0,0,0,1,1,6,1,55,8,1560,2,4,-1,1,-1
20151329F1176,1,9,0,18,0,0,0,0,0,0,1,1,6,1,31,6,2000,2,5,-1,1,-1
20151329F1176,2,9,0,4,0,0,0,0,0,0,2,1,6,1,22,5,1560,2,9,-1,1,-1
20151329F1395,1,9,0,18,0,0,0,0,0,0,1,1,6,2,31,6,1197,1,2,-1,1,-1
20151329F1395,2,9,0,14,0,0,0,0,0,0,3,1,6,2,31,6,1229,1,6,-1,1,-1
20151329F1395,3,9,0,14,0,0,0,0,0,0,1,1,6,2,30,6,1956,2,2,-1,1,-1
20151329F1509,1,9,0,7,0,6,0,0,0,0,1,1,6,1,46,8,1796,1,14,-1,-1,-1
20151329F1509,2,9,0,18,0,8,0,0,0,0,4,1,6,2,30,6,1596,1,4,-1,3,-1
20151329G0032,1,9,0,18,0,8,1,7,0,1,1,1,6,2,47,8,-1,-1,-1,-1,1,-1
20151329G0199,1,3,0,18,0,8,0,0,0,0,4,1,2,1,27,6,124,1,7,-1,1,-1
20151329G0199,2,9,0,9,0,5,0,0,0,0,3,1,6,2,33,6,1997,2,8,-1,1,-1
20151329G0253,1,9,0,10,0,4,0,0,0,0,1,1,1,2,50,8,1248,1,2,-1,1,-1
20151329G0253,2,9,0,18,0,1,0,0,0,0,4,1,1,2,45,7,-1,-1,-1,-1,1,-1
20151329G0265,1,9,0,14,0,1,0,0,0,0,4,1,6,1,48,8,1995,2,1,-1,1,-1
20151329G0265,2,11,0,3,0,1,0,0,0,0,0,1,1,2,47,8,4760,2,4,-1,-1,-1
20151329G0442,1,8,0,18,0,8,0,0,0,0,1,1,1,1,25,5,1968,2,6,-1,1,-1
20151329G0442,2,2,0,7,0,8,0,0,0,0,0,1,1,1,24,5,124,1,3,-1,-1,-1
20151329G0442,3,2,0,7,0,8,5,0,0,0,1,1,1,1,23,5,124,1,4,-1,1,-1
20151329G0450,1,9,0,18,0,0,0,0,0,0,4,1,6,2,53,8,1598,1,11,-1,1,-1
20151329G0450,2,1,0,12,0,0,0,0,0,0,2,1,6,2,29,6,-1,-1,-1,-1,1,-1
20151329G0523,1,5,0,18,0,1,0,0,0,0,0,1,6,1,49,8,955,1,15,-1,1,-1
20151329G0523,2,9,0,18,0,1,0,0,0,0,0,1,6,1,64,9,2497,2,9,-1,1,-1
20151329G0553,1,9,0,2,0,1,0,0,0,0,1,1,6,1,72,10,1597,1,6,-1,1,-1
20151329G0673,1,1,0,16,0,0,0,0,0,0,0,1,6,1,31,6,-1,-1,-1,-1,1,-1
20151329G0874,1,9,0,18,0,0,0,0,0,0,1,1,6,1,26,6,1390,1,4,-1,1,-1
20151329G0874,2,19,0,18,0,0,0,0,0,0,1,1,6,1,25,5,2143,2,3,-1,1,-1
20151329G1010,1,9,0,18,0,8,0,0,0,0,1,1,6,3,-1,-1,-1,-1,-1,-1,-1,-1
20151329G1010,2,9,0,18,0,8,0,0,0,0,1,1,6,1,64,9,998,1,13,-1,1,-1
20151329G1166,1,9,0,3,0,0,0,0,0,0,2,1,6,1,25,5,1968,2,6,-1,1,-1
20151329G1166,2,9,0,4,0,0,0,0,0,0,1,1,6,2,46,8,1798,1,7,-1,2,-1
20151329G1226,1,9,0,9,0,8,0,0,0,0,1,1,6,2,36,7,1596,1,10,-1,1,-1
20151329G1226,2,9,0,3,0,8,0,0,0,0,1,1,6,2,47,8,1560,2,5,-1,-1,-1
20151329G1226,3,3,0,18,0,8,0,0,0,0,1,1,6,1,27,6,125,1,1,-1,1,-1
20151329G1275,1,9,0,18,0,8,0,0,0,0,1,1,2,2,33,6,1796,1,5,-1,2,-1
20151329G1275,2,2,0,9,0,2,2,0,0,0,3,1,6,2,16,4,49,1,1,-1,1,-1
20151329G1335,1,1,0,9,0,8,0,0,0,0,1,1,6,1,55,8,-1,-1,-1,-1,1,-1
20151329G1335,2,9,0,4,0,8,0,0,0,0,1,1,6,1,27,6,998,1,13,-1,1,-1
20151329G1373,1,9,0,5,0,6,0,0,0,0,1,1,6,2,18,4,1560,2,3,-1,-1,-1
20151329G1373,2,9,0,18,0,8,0,0,0,0,1,1,6,2,47,8,1242,1,3,-1,-1,-1
20151329G1650,1,9,0,18,0,1,0,0,0,0,1,1,6,1,20,4,1896,2,8,-1,1,-1
20151329G1650,2,9,0,7,0,1,1,0,0,0,4,1,6,1,39,7,1998,2,8,-1,1,-1
20151329G1650,3,9,0,3,0,2,0,0,0,0,3,1,6,1,21,5,1910,2,11,-1,1,-1
20151329G1706,1,3,0,18,0,0,0,0,0,0,0,1,6,1,17,4,124,1,-1,-1,1,-1
20151329H0201,1,9,0,18,0,1,0,0,1,10,4,1,6,1,60,9,1685,2,3,-1,1,-1
20151329H0201,2,9,0,18,0,1,0,0,0,0,3,1,1,1,27,6,1560,2,2,-1,-1,-1
20151329H0469,1,9,0,7,0,2,0,0,0,0,1,1,6,1,76,11,1968,2,4,-1,1,-1
20151329H0469,2,9,0,3,0,2,0,0,0,0,2,1,6,2,26,6,1896,2,7,-1,1,-1
20151329H0526,1,9,0,18,0,1,0,0,0,0,1,1,6,2,45,7,1598,1,5,-1,1,-1
20151329H0526,2,9,0,18,0,1,0,0,0,0,3,1,6,2,50,8,1390,1,1,-1,1,-1
20151329H0537,1,21,1,11,0,0,0,0,0,0,4,1,1,1,67,10,12777,2,7,-1,1,-1
20151329H0537,2,9,0,18,0,0,0,0,0,0,3,1,6,2,40,7,1968,2,2,-1,1,-1
20151329H0584,1,5,0,18,0,1,0,0,1,4,1,1,6,1,40,7,-1,-1,-1,-1,3,-1
20151329H0584,2,9,0,9,0,5,0,0,0,0,1,1,6,1,42,7,1124,1,10,-1,1,-1
20151329H0675,1,19,0,18,0,1,0,0,0,0,3,1,6,1,31,6,2402,2,5,-1,1,-1
20151329H0675,2,19,0,9,0,6,0,0,0,0,1,1,6,1,21,5,1753,2,11,-1,1,-1
20151329H0917,1,9,0,18,0,8,0,0,0,0,4,1,6,1,-1,-1,-1,-1,-1,-1,-1,-1
20151329H0945,1,9,0,15,0,1,0,0,0,0,4,1,6,1,38,7,1399,1,7,-1,-1,-1
20151329H0945,2,11,0,18,2,1,0,0,0,0,1,1,1,1,53,8,7300,2,11,-1,-1,-1
20151329H0955,1,9,0,18,0,0,0,0,0,0,1,1,6,2,29,6,1590,1,14,-1,1,-1
20151329H1050,1,11,0,18,0,0,0,0,0,0,4,1,1,1,76,11,-1,-1,-1,-1,1,-1
20151329H1050,2,1,0,18,4,0,5,0,0,0,3,1,6,1,41,7,-1,-1,-1,-1,1,-1
20151329H1104,1,9,0,5,0,6,0,0,0,0,1,1,6,1,31,6,1598,1,13,-1,1,-1
20151329H1104,2,9,0,18,0,1,0,0,0,0,3,1,6,1,38,7,1229,1,1,-1,1,-1
20151329H1123,1,9,0,9,0,6,0,0,0,0,3,1,6,2,59,9,2400,2,-1,-1,3,-1
20151329H1123,2,9,0,18,0,8,0,0,0,0,1,1,6,1,24,5,2993,2,7,-1,1,-1
20151329H1148,1,1,0,18,0,8,0,0,0,0,1,1,6,1,7,2,-1,-1,-1,-1,1,-1
20151329H1148,2,8,0,18,0,8,0,0,0,0,3,1,6,1,47,8,1197,1,1,-1,1,-1
20151329H1238,1,9,0,9,0,8,0,0,0,0,1,1,6,2,54,8,999,1,-1,-1,-1,-1
20151329H1238,2,19,0,18,0,8,0,0,0,0,1,1,6,1,49,8,1399,2,6,-1,1,-1
20151329H1333,1,9,0,18,0,1,0,0,0,0,1,1,6,1,34,6,1968,2,9,-1,1,-1
20151329H1333,2,9,0,9,0,8,0,0,0,0,4,1,6,1,18,4,1360,1,9,-1,1,-1
20151329H1374,1,9,0,18,0,0,0,0,0,0,1,1,6,1,24,5,3222,2,12,-1,1,-1
20151329H1374,2,9,0,18,0,0,0,0,0,0,2,1,6,1,36,7,1896,2,12,-1,1,-1
20151329H1507,1,9,0,2,0,8,0,0,0,0,3,1,6,1,35,6,1896,2,12,-1,1,-1
20151329H1507,2,9,0,18,0,1,1,0,7,0,0,1,2,2,32,6,-1,-1,-1,-1,-1,-1
20151329H1507,3,9,0,18,0,1,1,0,0,0,0,1,6,2,56,9,1995,1,11,-1,1,-1
20151329H1507,4,9,0,2,0,8,0,0,0,0,3,1,6,3,24,5,1781,1,12,-1,-1,-1
20151329H1697,1,9,0,18,0,0,0,0,0,0,1,1,6,2,21,5,998,1,8,-1,1,-1
20151329H1697,2,3,0,18,0,0,0,0,0,0,1,1,6,1,46,8,123,1,1,-1,1,-1
20151329H1716,1,9,0,18,0,0,0,0,0,0,1,1,6,1,42,7,1598,2,1,-1,1,-1
20151329H1716,2,1,0,12,0,0,0,0,0,0,2,1,6,1,18,4,-1,-1,-1,-1,1,-1
20151329I0228,1,19,0,9,0,1,0,0,0,0,3,1,1,1,46,8,1968,2,1,-1,-1,-1
20151329I0228,2,1,0,18,0,8,0,0,0,0,1,1,1,1,46,8,-1,-1,-1,-1,-1,-1
20151329I0238,1,9,0,9,0,8,0,0,0,0,3,1,6,2,38,7,1995,2,4,-1,1,-1
20151329I0240,1,9,0,18,0,4,0,0,0,0,3,1,6,2,-1,-1,1329,1,3,-1,1,-1
20151329I0240,2,1,0,18,0,8,0,0,0,0,4,1,6,2,52,8,-1,-1,-1,-1,1,-1
20151329I0565,1,9,0,6,0,6,0,0,0,0,4,1,6,1,71,10,1560,2,11,-1,1,-1
20151329I0565,2,5,0,18,0,8,1,0,0,0,1,1,6,1,47,8,748,1,26,-1,1,-1
20151329I0752,1,9,0,3,0,1,0,0,0,0,2,1,6,1,25,5,1299,1,14,-1,1,-1
20151329I0752,2,19,0,4,0,1,0,0,0,0,1,1,6,3,-1,-1,1868,2,12,-1,-1,-1
20151329I0871,1,9,0,18,0,0,0,0,0,0,1,1,6,1,24,5,1986,2,10,-1,1,-1
20151329I0871,2,9,0,18,0,0,0,0,0,0,2,1,3,2,41,7,1198,1,-1,-1,1,-1
20151329I1110,1,9,0,1,0,0,0,0,0,0,2,1,6,2,23,5,998,1,12,-1,3,-1
20151329I1126,1,9,0,9,0,6,0,0,0,0,1,1,6,1,65,9,1968,2,8,-1,1,-1
20151329I1126,2,1,0,9,0,6,0,0,0,0,2,1,6,1,53,8,-1,-1,-1,-1,3,-1
20151329I1263,1,9,0,7,0,6,0,0,0,0,1,1,6,2,37,7,1461,2,5,-1,1,-1
20151329I1263,2,1,0,18,0,6,0,0,0,0,2,1,6,2,11,3,-1,-1,-1,-1,1,-1
20151329I1271,1,9,0,7,0,1,0,0,0,0,2,1,6,1,53,8,1781,1,18,-1,1,-1
20151329I1271,2,9,0,18,0,8,0,0,0,0,1,1,6,3,-1,-1,2830,2,21,-1,-1,-1
20151329I1418,1,5,0,18,0,8,1,10,2,0,1,1,6,1,22,5,900,1,16,-1,2,-1
20151329I1418,2,9,0,3,0,1,0,0,0,0,3,1,6,1,66,10,-1,-1,-1,-1,1,-1
20151329I1693,1,9,0,5,0,0,0,0,0,0,1,1,6,1,49,8,1968,2,-1,-1,1,-1
20151329I1693,2,11,0,17,0,0,0,0,0,0,3,1,1,1,49,8,9360,2,6,-1,1,-1
20151329J0266,1,9,0,17,0,0,2,10,1,7,4,1,6,3,-1,-1,1796,1,7,-1,-1,-1
20151329J0315,1,9,0,4,0,2,0,0,0,0,2,1,6,1,46,8,1598,1,13,-1,1,-1
20151329J0315,2,9,0,18,0,2,0,0,0,0,1,1,6,3,-1,-1,1994,1,15,-1,-1,-1
20151329J0358,1,9,0,18,0,8,0,0,7,10,1,1,6,3,-1,-1,1871,2,10,-1,-1,-1
20151329J0358,2,9,0,9,0,8,0,0,0,0,3,1,2,2,47,8,1560,2,7,-1,1,-1
20151329J0699,1,9,0,18,0,0,0,0,0,0,3,1,6,1,25,5,1984,1,8,-1,-1,-1
20151329J0836,1,9,0,18,0,1,0,0,0,0,1,1,6,1,94,11,993,1,13,-1,1,-1
20151329J0836,2,9,0,18,0,1,0,0,0,0,2,1,6,1,21,5,1229,1,8,-1,1,-1
20151329J0836,3,9,0,11,0,8,0,0,0,0,0,1,6,3,-1,-1,-1,-1,-1,-1,-1,-1
20151329J0853,1,9,0,1,0,0,0,0,0,0,2,1,6,2,71,10,1298,1,14,-1,1,-1
20151329J0853,2,19,0,1,0,0,0,0,0,0,3,1,1,1,33,6,1598,2,1,-1,1,-1
20151329J0924,1,9,0,3,0,0,0,0,0,0,2,1,6,1,42,7,1998,1,13,-1,1,-1
20151329J0924,2,9,0,3,0,0,0,0,0,0,2,1,2,1,41,7,1399,2,12,-1,2,-1
20151329J0924,3,19,0,18,0,0,1,0,0,0,1,1,1,1,28,6,2198,2,4,-1,-1,-1
20151329J0974,1,9,0,5,0,0,0,0,0,0,1,1,6,1,45,7,1248,2,7,-1,2,-1
20151329J0974,2,9,0,18,0,0,0,0,0,0,3,1,6,2,55,8,998,1,3,-1,2,-1
20151329J1059,1,9,0,9,0,0,0,0,0,0,2,1,6,2,42,7,1248,1,3,-1,1,-1
20151329J1059,2,1,0,18,0,0,0,0,0,0,1,1,6,1,63,9,-1,-1,-1,-1,3,-1
20151329J1104,1,9,0,9,0,5,0,0,0,0,1,1,6,1,18,4,1398,2,6,-1,-1,-1
20151329J1104,2,9,0,5,0,8,0,0,0,0,1,1,6,1,22,5,1364,1,-1,-1,-1,-1
20151329J1131,1,9,0,9,0,8,0,0,0,0,3,1,6,1,45,7,2902,2,8,-1,1,-1
20151329J1131,2,5,0,13,0,8,2,0,8,0,1,1,6,1,56,9,1078,1,8,-1,2,-1
20151329J1389,1,8,0,18,0,8,0,0,0,0,1,1,1,1,39,7,1896,2,6,-1,1,-1
20151329J1389,2,9,0,18,0,8,0,0,0,0,2,1,6,2,30,6,1598,2,-1,-1,3,-1
20151329K0013,1,9,0,1,0,8,0,0,0,0,2,1,6,3,-1,-1,-1,-1,-1,-1,-1,-1
20151329K0395,1,9,0,18,0,8,0,0,0,0,1,1,6,3,-1,-1,1124,1,12,-1,-1,-1
20151329K0395,2,9,0,9,0,8,0,0,0,0,1,1,6,1,50,8,1598,2,2,-1,1,-1
20151329K0492,1,4,0,18,0,1,1,2,0,0,1,1,6,1,26,6,124,1,10,-1,1,-1
20151329K0492,2,9,0,9,0,1,0,0,0,0,0,1,6,2,29,6,2204,2,11,-1,1,-1
20151329K0510,1,9,0,18,0,8,0,0,0,0,3,1,6,1,22,5,1399,2,3,-1,1,-1
20151329K0510,2,9,0,5,0,8,0,0,0,0,1,1,6,1,65,9,1328,1,9,-1,1,-1
20151329K0871,1,9,0,18,0,1,0,0,0,0,3,1,6,1,40,7,1796,1,12,-1,1,-1
20151329K0871,2,9,0,9,0,1,0,0,0,0,1,1,6,2,56,9,-1,-1,-1,-1,1,-1
20151329K0893,1,5,0,18,0,2,0,0,0,0,1,1,6,1,34,6,899,1,15,-1,1,-1
20151329K0968,1,9,0,18,0,8,0,0,0,0,1,1,6,2,25,5,1461,2,1,-1,1,-1
20151329K0968,2,9,0,18,0,8,0,0,0,0,2,1,6,2,18,4,1995,2,5,-1,1,-1
20151329K0968,3,9,0,18,0,8,0,0,0,0,2,1,6,2,25,5,1242,1,4,-1,1,-1
20151329K1059,1,3,0,13,0,8,0,0,0,0,1,1,6,1,42,7,124,1,1,-1,-1,-1
20151329K1059,2,9,0,9,0,5,0,0,0,0,3,1,6,2,58,9,1124,1,10,-1,-1,-1
20151329K1111,1,9,0,18,0,0,0,0,0,0,1,1,6,1,20,4,1598,2,1,-1,1,-1
20151329K1111,2,9,0,18,0,0,0,0,0,0,2,1,6,2,47,8,1198,1,5,-1,1,-1
20151329K1138,1,9,0,7,0,8,0,0,0,0,1,1,1,1,54,8,-1,-1,-1,-1,1,-1
20151329K1138,2,1,0,7,0,8,5,0,0,0,4,1,2,1,39,7,-1,-1,-1,-1,2,-1
20151329K1679,1,11,0,5,0,0,0,0,0,0,0,1,1,1,73,10,9360,2,6,-1,1,-1
20151329K1868,1,9,0,18,0,0,0,0,0,0,1,1,6,3,-1,-1,1968,2,-1,-1,-1,-1
20151329K1868,2,9,0,2,0,0,0,0,0,0,0,1,1,1,-1,-1,2993,2,1,-1,-1,-1
20151329K1868,3,9,0,18,0,0,0,0,0,0,2,1,6,2,21,5,1896,2,6,-1,1,-1
20151329L0203,1,9,0,18,0,1,0,0,0,0,1,1,1,2,41,7,1590,1,-1,-1,1,-1
20151329L0203,2,1,0,18,0,1,0,0,0,0,3,1,1,1,18,4,-1,-1,-1,-1,1,-1
20151329L0236,1,1,0,18,0,0,0,0,0,0,1,1,2,1,24,5,-1,-1,-1,-1,1,-1
20151329L0236,2,9,0,3,0,0,0,0,0,0,2,1,2,2,35,6,1461,2,1,-1,1,-1
20151329L0244,1,9,0,18,0,0,0,0,0,0,4,1,6,3,-1,-1,-1,-1,-1,-1,-1,-1
20151329L0244,2,1,0,18,0,0,0,0,0,0,3,1,6,1,26,6,-1,-1,-1,-1,1,-1
20151329L0289,1,3,0,14,0,8,0,0,0,0,1,1,6,1,20,4,124,1,10,-1,1,-1
20151329L0289,2,9,0,6,0,8,0,0,0,0,1,1,6,2,43,7,1968,2,1,-1,1,-1
20151329L0302,1,9,0,5,0,0,0,0,0,0,3,1,1,1,46,8,1998,1,12,-1,1,-1
20151329L0302,2,1,0,18,0,0,0,0,0,0,1,1,1,1,39,7,-1,-1,-1,-1,1,-1
20151329L0575,1,9,0,18,0,1,0,0,0,0,4,1,6,3,-1,-1,-1,-1,-1,-1,-1,-1
20151329L0575,2,5,0,18,0,1,0,0,0,0,3,1,6,1,44,7,1340,1,19,-1,-1,-1
20151329L0711,1,9,0,18,0,4,0,0,0,0,0,1,3,2,38,7,1392,1,17,-1,1,-1
20151329L0711,2,1,0,18,0,8,0,0,0,0,0,1,2,2,45,7,-1,-1,-1,-1,1,-1
20151329L0713,1,8,0,18,0,0,0,0,0,0,1,1,6,1,32,6,1796,1,7,-1,1,-1
20151329L0783,1,19,0,5,0,0,0,0,0,0,1,1,6,1,-1,-1,2198,2,6,-1,-1,-1
20151329L0796,1,9,0,9,0,6,0,0,0,0,3,1,6,2,36,7,1998,2,7,-1,1,-1
20151329L0796,2,5,0,18,0,1,0,0,0,0,1,1,6,1,21,5,1157,1,12,-1,1,-1
20151329L0820,1,9,0,18,0,6,0,0,0,0,1,1,6,1,-1,-1,2148,2,10,-1,-1,-1
20151329L0820,2,9,0,18,0,8,0,0,0,0,4,1,6,1,23,5,1598,1,14,-1,3,-1
20151329L0898,1,9,0,18,0,0,0,0,0,0,3,1,6,1,67,10,1968,2,1,-1,1,-1
20151329L0898,2,9,0,18,0,0,0,0,0,0,3,1,6,1,57,9,998,1,2,-1,1,-1
20151329L0898,3,9,0,18,0,0,0,0,0,0,1,1,2,1,37,7,1798,1,7,-1,1,-1
20151329L1144,1,9,0,18,0,0,0,0,0,0,1,1,6,1,59,9,1339,1,9,-1,1,-1
20151329L1144,2,8,0,18,0,0,0,0,0,0,1,1,1,1,37,7,1753,2,7,-1,1,-1
20151329L1253,1,1,0,18,0,0,2,0,0,0,1,1,6,1,18,4,-1,-1,-1,-1,1,-1
20151329L1253,2,5,0,18,0,0,0,0,0,0,1,1,6,3,-1,-1,-1,-1,-1,-1,-1,-1
20151329L1352,1,9,0,18,0,2,0,0,0,0,3,1,6,1,46,8,1295,1,23,-1,1,-1
20151329L1356,1,9,0,4,0,0,0,0,0,0,2,1,6,1,27,6,1199,1,12,-1,1,-1
20151329L1356,2,9,0,4,0,0,0,0,0,0,1,1,6,1,31,6,1598,2,4,-1,-1,-1
20151329L1356,3,9,0,4,0,0,0,0,0,0,1,1,6,1,50,8,2967,2,7,-1,-1,-1
20151329L1592,1,9,0,9,0,6,0,0,0,0,1,1,6,1,21,5,1896,2,10,-1,1,-1
20151329L1592,2,3,0,18,0,8,0,0,0,0,1,1,6,1,30,6,-1,-1,-1,-1,1,-1
20151329M0248,1,9,0,6,0,8,0,0,0,0,3,1,6,1,22,5,1796,1,13,-1,1,-1
20151329M0248,2,1,0,18,0,8,2,0,0,0,1,1,6,1,21,5,-1,-1,-1,-1,1,-1
20151329M0252,1,9,0,18,0,0,0,0,0,0,1,1,2,2,25,5,1598,2,5,-1,1,-1
20151329M0252,2,9,0,3,0,0,0,0,0,0,2,1,2,2,18,4,999,1,1,-1,1,-1
20151329M0271,1,9,0,18,0,0,0,0,0,0,1,1,2,2,44,7,998,1,16,-1,1,-1
20151329M0271,2,9,0,4,0,0,0,0,0,0,2,1,3,1,30,6,1299,1,16,-1,1,-1
20151329M0324,1,9,0,14,0,0,0,4,0,0,1,1,6,1,72,10,1587,1,10,-1,3,-1
20151329M0324,2,9,0,2,0,0,0,0,0,0,2,1,6,2,-1,-1,1397,1,6,-1,1,-1
20151329M0392,1,9,0,14,0,1,0,0,0,0,1,1,1,1,62,9,1796,1,8,-1,3,-1
20151329M0392,2,9,0,9,0,6,0,0,0,0,3,1,1,2,37,7,1560,2,1,-1,1,-1
20151329M0392,3,9,0,3,0,1,0,0,0,0,0,1,6,2,38,7,1598,1,7,-1,1,-1
20151329M0827,1,9,0,9,0,8,0,0,0,0,3,1,3,2,40,7,1686,2,7,-1,1,-1
20151329M0827,2,9,0,18,0,1,0,0,0,0,1,1,1,1,25,5,1896,2,12,-1,1,-1
20151329M0939,1,9,0,4,0,1,0,0,0,0,2,1,6,2,51,8,1586,1,10,-1,1,-1
20151329M0939,2,21,0,18,0,1,0,0,0,0,1,1,1,1,57,9,12600,2,11,-1,1,-1
20151329M0947,1,9,0,7,0,6,0,0,0,0,3,1,6,2,22,5,1124,1,14,-1,1,-1
20151329M0947,2,1,0,18,0,1,0,0,0,0,1,1,6,1,23,5,-1,-1,-1,-1,1,-1
20151329M1256,1,8,0,1,0,0,0,0,0,0,2,1,1,1,45,7,1968,2,-1,-1,1,-1
20151329M1401,1,9,0,3,0,4,0,0,0,0,2,1,6,2,23,5,2993,2,-1,-1,2,-1
20151329M1401,2,19,0,18,0,4,0,0,0,0,1,1,1,1,49,8,2800,2,13,-1,1,-1
20151329M1517,1,9,0,18,0,1,0,0,0,0,1,1,6,1,64,9,1995,2,12,-1,1,-1
20151329M1517,2,9,0,7,0,6,0,0,0,0,1,1,6,1,26,6,1984,1,13,-1,1,-1
20151329M1530,1,9,0,18,0,0,0,0,0,0,1,1,6,1,33,6,1390,1,12,-1,-1,-1
20151329M1530,2,9,0,18,0,0,0,0,0,0,1,1,6,1,20,4,1242,1,11,-1,1,-1
20151329N0219,1,19,0,4,0,0,0,0,0,0,2,1,1,1,64,9,2299,2,3,-1,1,-1
20151329N0219,2,19,0,4,0,0,0,0,0,0,2,1,1,1,32,6,2287,2,-1,-1,2,-1
20151329N0219,3,21,1,4,0,0,0,0,0,0,1,1,1,1,50,8,11967,2,3,-1,1,-1
20151329N0241,1,9,0,18,0,1,0,0,0,0,1,1,6,2,55,8,1598,2,-1,-1,1,-1
20151329N0241,2,1,0,18,0,1,0,0,0,0,2,1,6,1,56,9,-1,-1,-1,-1,-1,-1
20151329N0274,1,9,0,4,0,0,0,0,0,0,1,1,2,2,40,7,1598,1,3,-1,1,-1
20151329N0274,2,9,0,4,0,0,0,0,0,0,2,1,2,1,33,6,2401,2,7,-1,1,-1
20151329N0282,1,9,0,7,0,8,0,0,0,0,1,1,1,2,39,7,1360,1,8,-1,-1,-1
20151329N0282,2,1,0,18,4,1,0,0,0,0,4,1,1,1,29,6,-1,-1,-1,-1,1,-1
20151329N0387,1,19,0,7,0,8,0,0,0,0,3,1,1,1,24,5,1995,2,1,-1,1,-1
20151329N0387,2,1,0,18,0,8,0,0,0,0,1,1,1,1,29,6,-1,-1,-1,-1,1,-1
20151329N0401,1,9,0,9,9,0,0,0,0,0,1,1,6,1,22,5,1242,1,1,-1,1,-1
20151329N0597,1,9,0,18,0,1,0,0,1,0,1,1,6,2,34,6,1242,1,9,-1,1,-1
20151329N0597,2,19,0,2,9,1,0,0,0,0,2,1,6,1,-1,-1,2496,2,16,-1,-1,-1
20151329N0597,3,19,0,2,9,1,0,0,0,0,2,1,6,1,-1,-1,2402,2,4,-1,-1,-1
20151329N0597,4,19,0,2,9,1,0,0,0,0,2,1,6,1,-1,-1,1998,2,13,-1,-1,-1
20151329N0764,1,1,0,14,4,2,0,0,0,0,1,1,6,2,18,4,-1,-1,-1,-1,-1,-1
20151329N0764,2,1,0,14,4,2,0,0,0,0,2,1,6,1,20,4,-1,-1,-1,-1,-1,-1
20151329N0885,1,9,0,18,0,0,0,0,0,0,1,1,6,2,42,7,1360,1,6,-1,1,-1
20151329N0898,1,9,0,18,0,8,0,0,0,0,4,1,6,1,61,9,1794,1,11,-1,1,-1
20151329N0922,1,9,0,18,0,0,1,0,0,0,1,1,2,2,22,5,1299,1,11,-1,-1,-1
20151329N1120,1,9,0,18,0,1,0,0,0,0,1,1,6,1,46,8,3199,1,8,-1,1,-1
20151329N1120,2,19,0,18,0,2,0,0,0,0,1,1,6,1,28,6,2198,2,3,-1,1,-1