Accident_Index,Vehicle_Reference,Vehicle_Type,Towing_and_Articulation,Vehicle_Manoeuvre,Vehicle_Location-Restricted_Lane,Junction_Location,Skidding_and_Overturning,Hit_Object_in_Carriageway,Vehicle_Leaving_Carriageway,Hit_Object_off_Carriageway,1st_Point_of_Impact,Was_Vehicle_Left_Hand_Drive?,Journey_Purpose_of_Driver,Sex_of_Driver,Age_of_Driver,Age_Band_of_Driver,Engine_Capacity_(CC),Propulsion_Code,Age_of_Vehicle,Driver_IMD_Decile,Driver_Home_Area_Type,Vehicle_IMD_Decile
20151329N1154,1,9,0,18,0,0,0,0,0,0,4,1,6,1,55,8,1388,1,7,-1,1,-1
20151329N1181,1,9,0,18,0,0,0,0,0,0,1,1,6,1,85,11,1997,2,3,-1,1,-1
20151329N1181,2,9,0,18,0,0,0,0,0,0,3,1,3,2,35,6,1995,2,10,-1,1,-1
20151329N1181,3,9,0,2,0,0,0,0,0,0,2,1,6,3,-1,-1,1242,1,7,-1,-1,-1
20151329N1233,1,9,0,18,0,0,2,0,0,0,0,1,6,1,30,6,-1,-1,-1,-1,1,-1
20151329N1233,2,19,0,12,0,0,0,0,0,0,0,1,6,3,-1,-1,-1,-1,-1,-1,-1,-1
20151329N1595,1,9,0,18,0,0,0,0,0,0,1,1,6,3,-1,-1,-1,-1,-1,-1,-1,-1
20151329O0269,1,9,0,4,0,8,0,0,0,0,2,1,6,2,62,9,1197,1,1,-1,1,-1
20151329O0269,2,9,0,18,0,8,0,0,0,0,1,1,6,1,47,8,1598,2,4,-1,1,-1
20151329O0301,1,11,0,5,2,0,0,0,0,0,1,1,1,1,55,8,9360,2,6,-1,1,-1
20151329O0365,1,9,0,18,0,8,0,0,0,0,1,1,6,3,-1,-1,-1,-1,-1,-1,-1,-1
20151329O0365,2,1,0,18,0,8,0,0,0,0,4,1,4,1,18,4,-1,-1,-1,-1,1,-1
20151329O0373,1,9,0,18,0,6,0,0,0,0,4,1,2,2,71,10,1998,1,11,-1,-1,-1
20151329O0373,2,2,0,18,0,8,0,0,0,0,1,1,2,2,22,5,49,1,2,-1,1,-1
20151329O0383,1,9,0,2,0,0,0,0,0,0,0,1,6,1,59,9,883,1,2,-1,1,-1
20151329O0383,2,5,0,18,0,0,0,0,0,0,1,1,6,1,30,6,-1,-1,-1,-1,1,-1
20151329O0447,1,9,0,18,0,0,0,0,0,0,4,1,6,1,57,9,1995,2,9,-1,2,-1
20151329O0508,1,11,0,2,2,0,0,0,0,0,0,1,1,1,45,7,7300,2,7,-1,1,-1
20151329O0511,1,19,0,12,0,0,0,0,0,0,3,1,1,1,52,8,2198,2,5,-1,2,-1
20151329O0511,2,19,0,18,0,0,5,0,8,0,4,1,1,1,41,7,1997,2,9,-1,1,-1
20151329O0578,1,9,0,13,0,0,0,0,0,0,4,1,6,1,32,6,2706,1,1,-1,1,-1
20151329O0578,2,9,0,9,0,0,0,0,0,0,3,1,6,1,23,5,2143,2,-1,-1,1,-1
20151329O0675,1,9,0,18,0,1,0,0,0,0,1,1,6,1,83,11,1968,2,-1,-1,1,-1
20151329O0675,2,9,0,3,0,1,0,0,0,0,2,1,6,1,52,8,1596,1,12,-1,-1,-1
20151329O0675,3,9,0,3,0,1,0,0,0,0,2,1,6,1,76,11,1596,1,10,-1,-1,-1
20151329O0675,4,9,0,3,0,1,0,0,0,0,2,1,6,1,68,10,1329,1,4,-1,1,-1
20151329O0675,5,9,0,3,0,1,0,0,0,0,2,1,6,1,-1,-1,-1,-1,-1,-1,1,-1
20151329O0769,1,9,0,18,0,0,0,0,0,0,1,1,6,1,62,9,1969,2,1,-1,3,-1
20151329O0815,1,9,0,9,0,8,2,0,8,10,1,1,6,1,25,5,1390,1,12,-1,-1,-1
20151329O0898,1,9,0,18,0,0,0,0,0,0,3,1,6,2,20,4,998,1,9,-1,3,-1
20151329O0898,2,9,0,18,0,0,0,0,0,0,4,1,6,1,44,7,1796,1,9,-1,-1,-1
20151329O0928,1,9,0,18,0,0,0,0,0,0,1,1,6,1,27,6,1968,2,9,-1,1,-1
20151329O1008,1,9,0,5,0,6,0,0,0,0,1,1,6,3,-1,-1,-1,-1,-1,-1,-1,-1
20151329O1128,1,9,0,14,0,0,1,0,0,0,1,1,6,1,-1,-1,1332,1,19,-1,-1,-1
20151329O1128,2,9,0,3,0,0,0,0,0,0,2,1,6,1,53,8,1364,1,11,-1,1,-1
20151329O1325,1,9,0,16,0,3,0,0,1,2,3,1,6,2,23,5,1229,1,2,-1,1,-1
20151329O1325,2,21,1,16,0,3,0,0,0,0,4,1,1,1,54,8,-1,-1,-1,-1,-1,-1
20151329O1471,1,9,0,9,0,6,0,0,0,0,1,1,6,2,31,6,1598,1,8,-1,1,-1
20151329O1471,2,9,0,18,0,1,0,0,0,0,1,1,6,1,18,4,1461,2,-1,-1,1,-1
20151329O1737,1,9,0,9,0,4,0,0,0,0,3,1,6,2,23,5,1598,1,11,-1,1,-1
20151329O1737,2,9,0,9,0,4,0,0,0,0,1,1,6,2,46,8,1587,1,9,-1,1,-1
20151329O1748,1,9,0,18,0,0,0,0,0,0,1,1,6,1,20,4,1242,1,13,-1,1,-1
20151329P0053,1,9,0,18,0,0,0,0,0,0,1,1,6,1,-1,-1,1968,2,3,-1,-1,-1
20151329P0226,1,9,0,16,0,0,0,0,7,0,1,1,2,1,20,4,1596,1,3,-1,3,-1
20151329P0226,2,9,0,17,0,0,0,0,0,0,1,1,2,2,25,5,1242,1,11,-1,2,-1
20151329P0260,1,9,0,9,0,8,0,0,0,0,4,1,6,1,72,10,1591,1,6,-1,-1,-1
20151329P0260,2,9,0,18,0,1,0,0,0,0,1,1,2,1,21,5,1598,2,3,-1,-1,-1
20151329P0260,3,9,0,18,0,1,0,0,0,0,4,1,2,1,33,6,-1,-1,-1,-1,-1,-1
20151329P0272,1,9,0,18,0,0,0,0,0,0,3,1,1,2,53,8,1598,2,3,-1,1,-1
20151329P0300,1,9,0,16,0,0,0,0,0,0,1,1,6,2,24,5,1149,1,11,-1,2,-1
20151329P0300,2,9,0,17,0,0,0,0,0,0,3,1,6,1,70,10,1997,2,8,-1,1,-1
20151329P0383,1,9,0,16,0,0,0,0,0,0,1,1,6,2,29,6,1197,1,-1,-1,-1,-1
20151329P0383,2,19,0,2,0,0,0,0,0,0,2,1,6,3,-1,-1,2198,2,-1,-1,-1,-1
20151329P0514,1,9,0,18,0,0,0,0,0,0,0,1,1,1,37,7,1598,2,2,-1,-1,-1
20151329P0615,1,9,0,18,0,0,0,7,0,0,1,1,6,1,75,10,1968,2,-1,-1,2,-1
20151329P0634,1,9,0,4,0,0,0,0,0,0,2,1,1,2,41,7,1461,2,1,-1,1,-1
20151329P0634,2,9,0,4,0,0,0,0,0,0,2,1,6,1,35,6,1560,2,1,-1,2,-1
20151329P0634,3,9,0,4,0,0,0,0,0,0,1,1,1,2,24,5,1229,1,9,-1,1,-1
20151329P0647,1,9,0,4,0,8,0,0,0,0,1,1,6,1,42,7,1956,2,1,-1,-1,-1
20151329P0647,2,9,0,4,0,8,0,0,0,0,2,1,6,1,49,8,1598,1,7,-1,1,-1
20151329P0706,1,9,0,18,0,8,0,0,0,0,1,1,1,1,53,8,1998,2,5,-1,1,-1
20151329P0706,2,9,0,2,0,8,0,0,0,0,3,1,6,2,29,6,2401,2,12,-1,1,-1
20151329P0758,1,9,0,15,0,0,0,0,0,0,1,1,6,2,26,6,1364,1,5,-1,-1,-1
20151329P0771,1,2,0,7,0,8,0,0,0,0,0,1,6,1,37,7,125,1,-1,-1,1,-1
20151329P0838,1,1,0,13,0,1,5,0,0,0,1,1,6,1,43,7,-1,-1,-1,-1,1,-1
20151329P0838,2,9,0,9,0,8,0,0,0,0,3,1,6,1,54,8,1896,2,7,-1,1,-1
20151329P0906,1,9,0,7,0,8,0,0,0,0,4,1,6,1,41,7,1997,2,5,-1,1,-1
20151329P0974,1,9,0,18,0,8,0,0,0,0,1,1,6,1,33,6,1998,2,7,-1,1,-1
20151329P0974,2,9,0,3,0,8,0,0,0,0,2,1,6,2,38,7,1896,2,9,-1,1,-1
20151329P1123,1,3,0,14,0,1,0,0,0,0,4,1,6,1,36,7,-1,-1,-1,-1,1,-1
20151329P1123,2,9,0,9,0,1,0,0,0,0,3,1,6,1,40,7,2204,2,9,-1,1,-1
20151329P1199,1,9,0,18,0,0,0,0,0,0,0,1,6,2,27,6,1200,1,-1,-1,-1,-1
20151329P1199,2,9,0,2,0,0,0,0,0,0,0,1,6,3,-1,-1,999,1,13,-1,-1,-1
20151329P1306,1,9,0,7,0,2,0,0,0,0,3,1,6,2,37,7,1598,1,11,-1,1,-1
20151329P1306,2,1,0,18,0,8,0,0,0,0,1,1,2,1,25,5,-1,-1,-1,-1,1,-1
20151329P1306,3,9,0,10,0,1,0,0,0,0,0,1,6,3,-1,-1,-1,-1,-1,-1,-1,-1
20151329P1357,1,9,0,18,0,8,0,0,0,0,1,1,6,1,21,5,998,1,15,-1,1,-1
20151329P1404,1,9,0,18,0,0,0,0,0,0,1,1,6,3,-1,-1,-1,-1,-1,-1,-1,-1
20151329P1404,2,1,0,18,0,0,0,0,1,0,2,1,6,1,63,9,-1,-1,-1,-1,3,-1
20151329P1440,1,3,0,16,0,0,5,0,0,0,1,1,6,1,17,4,-1,-1,-1,-1,1,-1
20151329P1440,2,19,0,2,0,0,0,0,0,0,1,1,6,1,-1,-1,1870,2,10,-1,-1,-1
20151329P1440,3,10,0,2,0,0,0,0,0,0,2,1,6,1,-1,-1,-1,-1,-1,-1,-1,-1
20151329P1457,1,9,0,18,0,0,0,0,0,0,1,1,6,1,28,6,1388,1,9,-1,-1,-1
20151329P1457,2,9,0,2,0,0,0,0,0,0,0,1,6,1,-1,-1,1896,2,12,-1,-1,-1
20151329P1457,3,9,0,2,0,0,0,0,0,0,0,1,6,1,-1,-1,1229,1,9,-1,-1,-1
20151329P1837,1,9,0,5,0,6,0,0,0,0,1,1,6,1,19,4,-1,-1,-1,-1,2,-1
20151329P1837,2,9,0,18,0,1,0,0,0,0,4,1,6,1,21,5,1560,2,7,-1,1,-1
20151329P1917,1,9,0,6,0,0,0,0,0,0,3,1,2,2,23,5,1600,2,4,-1,1,-1
20151329P1917,2,9,0,18,0,0,0,0,0,0,1,1,6,1,25,5,1984,1,3,-1,1,-1
20151329Q0534,1,9,0,9,0,1,0,0,0,0,4,1,6,2,48,8,1332,1,9,-1,1,-1
20151329Q0551,1,9,0,9,0,8,0,0,0,0,4,1,6,2,30,6,1686,2,10,-1,1,-1
20151329Q0551,2,1,0,18,4,1,0,0,0,0,1,1,6,1,25,5,-1,-1,-1,-1,1,-1
20151329Q0854,1,9,0,18,0,8,0,0,0,0,3,1,2,1,33,6,1798,1,11,-1,1,-1
20151329Q0926,1,9,0,9,0,1,0,0,0,0,1,1,6,2,59,9,1390,1,1,-1,1,-1
20151329Q0926,2,1,0,18,0,1,2,0,0,0,3,1,6,1,25,5,-1,-1,-1,-1,1,-1
20151329Q0955,1,9,0,18,0,0,0,0,0,0,3,1,6,2,61,9,2993,2,2,-1,1,-1
20151329Q0955,2,9,0,18,0,0,0,0,0,0,4,1,6,2,32,6,1598,1,5,-1,1,-1
20151329Q1131,1,9,0,18,0,0,0,0,0,0,1,1,6,1,21,5,1796,1,12,-1,1,-1
20151329Q1131,2,9,0,18,0,0,0,0,0,0,1,1,6,2,22,5,-1,-1,-1,-1,-1,-1
20151329Q1317,1,9,0,18,0,0,0,0,0,0,1,1,6,2,19,4,1360,1,15,-1,2,-1
20151329Q1317,2,9,0,18,0,0,0,0,0,0,4,1,6,1,18,4,1242,1,1,-1,3,-1
20151329Q1415,1,9,0,17,0,0,0,4,0,0,1,1,6,1,51,8,1124,1,11,-1,1,-1
20151329Q1415,2,9,0,2,0,0,0,0,0,0,3,1,6,2,43,7,1388,1,5,-1,1,-1
20151329Q1415,3,9,0,16,0,0,0,0,0,0,0,1,6,3,-1,-1,-1,-1,-1,-1,-1,-1
20151329Q1481,1,19,0,4,0,1,0,0,0,0,1,1,1,1,42,7,2148,2,8,-1,1,-1
20151329Q1481,2,9,0,4,0,1,0,0,0,0,2,1,1,2,49,8,1560,2,3,-1,1,-1
20151329Q1780,1,9,0,5,0,0,0,0,0,0,1,1,6,1,36,7,1753,2,11,-1,1,-1
20151329Q1780,2,9,0,18,0,0,5,0,0,0,4,1,6,2,18,4,1242,1,4,-1,1,-1
20151329Q1865,1,9,0,18,0,4,5,9,0,0,1,1,6,1,19,4,1896,2,8,-1,1,-1
20151329R0467,1,9,0,18,0,1,0,0,0,0,1,1,6,1,24,5,-1,-1,-1,-1,-1,-1
20151329R0467,2,9,0,18,0,1,0,0,0,0,1,1,6,2,55,8,1149,1,8,-1,-1,-1
20151329R0485,1,8,0,9,0,1,0,0,0,0,1,1,1,1,26,6,1560,2,7,-1,-1,-1
20151329R0485,2,9,0,18,0,5,0,0,0,0,1,1,6,1,40,7,-1,-1,-1,-1,-1,-1
20151329R0523,1,9,0,7,0,8,0,0,0,0,1,1,6,1,30,6,999,1,-1,-1,-1,-1
20151329R0523,2,90,0,3,0,1,0,0,0,0,3,1,1,1,31,6,-1,-1,-1,-1,-1,-1
20151329R0752,1,9,0,18,0,0,0,0,1,1,1,1,6,1,22,5,3498,1,12,-1,1,-1
20151329R0752,2,90,0,18,0,0,0,0,0,0,2,1,6,1,20,4,-1,-1,-1,-1,-1,-1
20151329R0998,1,1,0,18,0,0,0,4,0,0,1,1,6,1,50,8,-1,-1,-1,-1,1,-1
20151329R0998,2,9,0,2,0,0,0,0,0,0,2,1,6,3,-1,-1,1598,1,4,-1,-1,-1
20151329R1025,1,1,0,18,0,8,0,0,0,0,3,1,6,1,20,4,-1,-1,-1,-1,1,-1
20151329R1025,2,9,0,18,0,8,0,0,0,0,4,1,6,2,35,6,2184,2,12,-1,1,-1
20151329R1092,1,1,0,18,4,0,0,0,0,0,1,1,6,1,26,6,-1,-1,-1,-1,1,-1
20151329R1092,2,9,0,2,4,0,0,0,0,0,2,1,6,2,-1,-1,1794,1,7,-1,-1,-1
20151329R1175,1,9,0,2,0,1,0,0,0,0,0,1,6,2,78,11,1390,1,12,-1,1,-1
20151329R1175,2,9,0,18,0,1,0,0,0,0,1,1,6,1,20,4,1364,1,7,-1,1,-1
20151329R1210,1,9,0,13,0,0,0,0,1,9,1,1,6,2,17,4,999,1,1,-1,1,-1
20151329R1210,2,9,0,18,0,0,0,0,0,0,0,1,6,2,18,4,1242,1,1,-1,3,-1
20151329R1210,3,90,0,18,0,0,0,0,0,0,1,1,6,1,56,9,2800,2,21,-1,3,-1
20151329R1210,4,9,0,18,0,0,0,0,7,9,1,1,2,1,36,7,1968,2,12,-1,1,-1
20151329R1324,1,21,0,18,0,0,0,0,0,0,1,1,1,2,48,8,12419,2,4,-1,1,-1
20151329R1324,2,9,0,18,0,0,0,11,0,0,4,1,6,1,19,4,1242,1,11,-1,1,-1
20151329R1378,1,17,0,16,0,1,0,0,7,0,0,1,6,1,45,7,499,1,-1,-1,2,-1
20151329R1545,1,9,0,18,0,2,0,0,0,0,1,1,6,1,23,5,1598,1,10,-1,1,-1
20151329R1632,1,9,0,18,0,1,0,0,0,0,1,1,6,1,34,6,2982,2,6,-1,1,-1
20151329R1632,2,11,0,5,0,1,0,0,0,0,3,1,1,1,46,8,7300,2,7,-1,1,-1
20151329R1632,3,11,0,3,0,1,0,0,0,0,2,1,1,1,40,7,4760,2,4,-1,1,-1
20151329R1708,1,9,0,2,0,0,0,0,0,0,4,1,6,1,20,4,-1,-1,-1,-1,1,-1
20151329R1708,2,9,0,18,0,0,0,0,0,0,3,1,6,1,-1,-1,-1,-1,-1,-1,-1,-1
20151329S0172,1,9,0,12,0,0,0,0,4,6,3,1,2,1,54,8,1850,6,15,-1,1,-1
20151329S0172,2,9,0,18,0,0,0,0,4,0,4,1,2,1,34,6,1560,2,3,-1,1,-1
20151329S0187,1,9,0,18,0,0,0,0,0,0,1,1,6,1,35,6,1995,2,4,-1,-1,-1
20151329S0187,2,9,0,4,0,0,0,0,0,0,2,1,1,2,28,6,1388,1,6,-1,1,-1
20151329S0199,1,9,0,18,0,8,0,0,0,0,3,1,6,1,28,6,1995,2,14,-1,2,-1
20151329S0199,2,9,0,18,0,1,0,0,0,0,1,1,2,2,48,8,-1,-1,-1,-1,1,-1
20151329S0278,1,9,0,18,0,0,0,0,0,0,1,1,6,1,40,7,1998,1,14,-1,1,-1
20151329S0278,2,9,0,4,0,0,0,0,0,0,2,1,2,1,25,5,1149,1,10,-1,1,-1
20151329S0321,1,9,0,18,0,1,0,0,0,0,1,1,6,1,41,7,1598,2,1,-1,1,-1
20151329S0321,2,9,0,3,0,1,0,0,0,0,2,1,6,1,40,7,1242,1,13,-1,1,-1
20151329S0429,1,11,0,18,0,8,0,0,0,0,1,1,1,1,52,8,4250,2,-1,-1,1,-1
20151329S0705,1,9,0,16,0,0,0,0,0,0,1,1,6,1,22,5,1400,1,16,-1,1,-1
20151329S0705,2,9,0,2,0,0,0,0,0,0,4,1,6,1,69,10,2495,2,19,-1,1,-1
20151329S0770,1,9,0,18,0,0,0,0,0,0,1,1,6,1,74,10,1796,1,10,-1,1,-1
20151329S0810,1,3,0,18,0,8,0,0,0,0,4,1,6,1,20,4,125,1,6,-1,1,-1
20151329S0810,2,9,0,18,0,8,0,0,0,0,1,1,6,2,43,7,2000,1,11,-1,-1,-1
20151329S0953,1,9,0,3,0,0,0,0,0,0,1,1,6,2,21,5,-1,-1,-1,-1,3,-1
20151329S0953,2,9,0,18,0,0,0,0,0,0,2,1,6,1,30,6,1997,2,7,-1,1,-1
20151329S1054,1,19,0,2,0,0,0,0,0,0,2,1,6,1,-1,-1,-1,-1,-1,-1,-1,-1
20151329S1054,2,9,0,2,0,0,0,0,0,0,1,1,6,1,-1,-1,1248,2,1,-1,-1,-1
20151329S1073,1,9,0,18,0,6,0,0,0,0,1,1,6,2,19,4,1149,1,9,-1,-1,-1
20151329S1073,2,3,0,18,0,1,0,0,0,0,0,1,6,1,20,4,124,1,17,-1,-1,-1
20151329S1138,1,9,0,14,0,0,0,0,0,0,1,1,1,2,54,8,1242,1,-1,-1,2,-1
20151329S1435,1,9,0,4,0,1,0,0,0,0,2,1,6,2,37,7,1595,1,12,-1,1,-1
20151329S1435,2,9,0,4,0,1,0,0,0,0,1,1,6,2,25,5,1149,1,11,-1,1,-1
20151329S1493,1,11,0,5,0,0,0,0,0,0,0,1,1,1,59,9,7300,2,10,-1,1,-1
20151329T0006,1,9,0,4,0,1,0,0,0,0,1,1,6,1,-1,-1,-1,-1,-1,-1,-1,-1
20151329T0187,1,9,0,18,0,0,0,0,0,0,3,1,6,1,48,8,1997,2,9,-1,2,-1
20151329T0187,2,17,4,18,0,0,0,0,0,0,3,1,6,3,-1,-1,-1,-1,-1,-1,-1,-1
20151329T0213,1,9,0,18,0,0,0,0,2,11,1,1,6,3,-1,-1,-1,-1,-1,-1,-1,-1
20151329T0232,1,9,0,18,0,1,0,0,0,0,1,1,6,2,30,6,1390,1,4,-1,1,-1
20151329T0233,1,9,0,18,0,0,0,0,0,0,3,1,6,1,20,4,998,1,10,-1,1,-1
20151329T0236,1,21,0,4,0,0,0,0,0,0,1,1,1,1,47,8,12580,2,10,-1,1,-1
20151329T0236,2,21,1,4,0,0,0,0,0,0,2,1,1,1,51,8,12777,2,7,-1,1,-1
20151329T0587,1,9,0,13,0,0,0,0,0,0,4,1,6,1,32,6,1364,1,9,-1,1,-1
20151329T0587,2,1,0,18,0,0,0,0,0,0,3,1,2,1,57,9,-1,-1,-1,-1,1,-1
20151329T0840,1,9,0,7,0,5,0,0,0,0,4,1,2,2,55,8,1596,1,10,-1,-1,-1
20151329T0840,2,1,0,18,4,1,5,0,0,0,1,1,2,1,38,7,-1,-1,-1,-1,1,-1
20151329T0930,1,9,0,18,0,1,0,0,0,0,3,1,6,1,49,8,1896,2,8,-1,1,-1
20151329T0930,2,20,0,18,0,2,0,0,0,0,3,1,1,1,64,9,3920,2,9,-1,1,-1
20151329T0950,1,9,0,9,0,2,0,0,0,0,3,1,6,2,81,11,1596,1,-1,-1,2,-1
20151329T0950,2,9,0,18,0,1,0,0,0,0,4,1,6,2,18,4,998,1,5,-1,1,-1
20151329T1012,1,9,0,18,0,1,0,0,0,0,1,1,6,1,49,8,1560,2,1,-1,1,-1
20151329T1049,1,9,0,18,0,2,0,0,0,0,1,1,2,1,35,6,1296,1,9,-1,1,-1
20151329T1385,1,9,0,18,0,0,0,0,0,0,1,1,6,1,50,8,1198,1,6,-1,1,-1
20151329T1385,2,8,0,18,0,0,0,0,0,0,2,1,1,1,44,7,1497,8,7,-1,1,-1
20151329T1455,1,9,0,18,0,0,0,0,0,0,4,1,6,1,54,8,2926,2,13,-1,1,-1
20151329T1467,1,9,0,9,0,2,0,0,0,0,4,1,6,1,45,7,1956,2,-1,-1,1,-1
20151329T1467,2,8,0,5,0,6,0,0,0,0,1,1,6,1,42,7,1595,1,4,-1,1,-1
20151329T1512,1,8,0,12,0,0,0,0,0,0,3,1,1,1,44,7,1896,2,8,-1,1,-1
20151329T1512,2,9,0,13,0,0,0,0,0,0,4,1,6,3,-1,-1,-1,-1,-1,-1,-1,-1
20151329U0219,1,9,0,9,0,1,0,0,0,0,1,1,2,2,25,5,1595,1,1,-1,1,-1
20151329U0219,2,5,0,18,0,1,0,0,0,0,4,1,2,1,56,9,645,1,5,-1,1,-1
20151329U0252,1,3,0,18,0,3,5,0,0,0,3,1,6,2,50,8,125,1,1,-1,1,-1
20151329U0252,2,19,0,18,0,3,0,0,0,0,4,1,1,1,33,6,1968,2,1,-1,-1,-1
20151329U0283,1,9,0,18,0,0,1,0,2,2,1,1,6,1,34,6,998,1,15,-1,1,-1
20151329U0283,2,19,0,18,0,0,0,0,0,0,0,1,1,1,32,6,1995,2,1,-1,1,-1
20151329U0551,1,9,0,4,0,1,0,0,0,0,2,1,1,2,23,5,1229,1,3,-1,1,-1
20151329U0551,2,8,0,4,0,1,0,0,0,0,1,1,1,1,32,6,1910,2,7,-1,1,-1
20151329U0955,1,9,0,18,0,0,0,0,0,0,1,1,6,1,50,8,998,1,7,-1,-1,-1
20151329U0973,1,21,1,12,0,0,0,0,0,0,1,1,1,1,33,6,-1,-1,-1,-1,-1,-1
20151329U0973,2,9,0,18,0,0,0,0,0,0,4,1,2,2,25,5,998,1,2,-1,1,-1
20151329U0988,1,9,0,18,0,0,0,0,0,0,4,1,6,2,26,6,1390,1,6,-1,1,-1
20151329U1087,1,9,0,7,0,8,0,0,0,0,1,1,6,1,40,7,1986,2,8,-1,1,-1
20151329U1087,2,9,0,9,0,8,0,0,0,0,1,1,1,1,31,6,-1,-1,-1,-1,1,-1
20151329U1142,1,9,0,9,0,5,0,0,0,0,4,1,1,1,25,5,-1,-1,-1,-1,-1,-1
20151329U1142,2,3,0,18,0,8,5,0,0,0,1,1,6,1,25,5,124,1,19,-1,-1,-1
20151329U1271,1,19,0,1,0,0,0,0,0,0,2,1,2,1,27,6,2198,2,1,-1,1,-1
20151329U1315,1,11,0,18,2,0,0,0,0,0,0,1,1,1,47,8,9360,2,6,-1,1,-1
20151329U1551,1,9,0,18,0,1,0,0,0,0,1,1,6,2,62,9,1198,1,5,-1,1,-1
20151329U1551,2,1,0,5,0,1,0,0,0,0,2,1,6,1,30,6,-1,-1,-1,-1,1,-1
20151329U1663,1,9,0,18,0,0,0,0,1,11,1,1,6,2,49,8,1461,2,2,-1,1,-1
20151329U1715,1,9,0,18,0,8,0,0,0,0,3,1,6,1,-1,-1,1598,1,12,-1,-1,-1
20151329U1715,2,9,0,18,0,8,0,0,0,0,1,1,6,1,50,8,1596,1,12,-1,1,-1
20151329U1770,1,19,0,13,0,0,2,0,7,4,4,1,6,1,45,7,2998,2,8,-1,1,-1
20151329U1770,2,19,0,18,0,0,1,0,0,0,3,1,6,1,36,7,2198,2,6,-1,-1,-1
2015132A10175,1,9,0,14,0,0,5,0,0,0,1,1,6,2,66,10,1242,1,2,-1,1,-1
2015132A10175,2,9,0,2,0,0,0,0,0,0,1,1,6,3,-1,-1,1997,2,9,-1,-1,-1
2015132A10175,3,19,0,2,0,0,0,0,0,0,2,1,6,3,-1,-1,2299,2,3,-1,-1,-1
2015132A10280,1,9,0,7,0,5,0,0,0,0,3,1,2,1,37,7,1461,2,11,-1,1,-1
2015132A10280,2,1,0,18,0,1,0,0,0,0,1,1,4,2,22,5,-1,-1,-1,-1,1,-1
2015132A10468,1,9,0,18,0,0,0,0,0,0,0,1,1,1,46,8,2993,2,1,-1,1,-1
2015132A10468,2,9,0,18,0,0,0,0,0,0,1,1,6,1,-1,-1,1794,1,22,-1,-1,-1
2015132A10468,3,9,0,18,0,0,0,0,0,0,3,1,6,1,57,9,1598,1,2,-1,3,-1
2015132A10468,4,9,0,18,0,0,0,0,0,0,2,1,6,1,70,10,1368,1,5,-1,1,-1
2015132A10551,1,9,0,14,0,0,0,0,0,0,4,1,6,1,82,11,1198,1,5,-1,1,-1
2015132A10743,1,9,0,4,0,1,0,0,0,0,1,1,6,1,38,7,1896,2,11,-1,1,-1
2015132A10743,2,9,0,2,0,1,0,0,0,0,2,1,6,1,27,6,1994,1,13,-1,1,-1
2015132A10847,1,9,0,18,0,1,0,0,0,0,0,1,6,3,-1,-1,-1,-1,-1,-1,-1,-1
2015132A10847,2,11,0,9,0,2,0,0,0,0,0,1,1,1,60,9,9360,2,6,-1,1,-1
2015132A10865,1,9,0,4,0,1,0,0,0,0,1,1,6,1,40,7,1560,2,6,-1,1,-1
2015132A10865,2,9,0,18,0,3,0,0,0,0,1,1,6,3,-1,-1,1360,1,12,-1,-1,-1
2015132A10941,1,9,0,18,0,1,0,0,0,0,1,1,2,2,26,6,1240,1,10,-1,1,-1
2015132A10950,1,9,0,18,0,8,0,0,0,0,3,1,6,1,32,6,1870,2,11,-1,1,-1
2015132A10966,1,9,0,18,0,0,0,0,0,0,0,1,6,2,60,9,1229,1,9,-1,1,-1
2015132A11124,1,9,0,18,0,8,0,0,0,0,4,1,6,2,25,5,1796,1,11,-1,1,-1
2015132A11124,2,9,0,7,0,6,0,0,0,0,1,1,6,1,28,6,1396,1,12,-1,1,-1
2015132A11155,1,11,0,7,0,6,0,0,0,0,4,1,1,1,47,8,6700,2,7,-1,1,-1
2015132A11155,2,9,0,3,0,1,0,0,0,0,3,1,6,1,33,6,1598,2,2,-1,-1,-1
2015132A11231,1,9,0,9,0,8,0,0,0,0,3,1,6,1,29,6,1149,1,4,-1,-1,-1
2015132A11231,2,3,0,14,0,8,1,0,0,0,1,1,6,1,21,5,124,1,4,-1,-1,-1
2015132A11318,1,1,0,9,0,5,0,0,0,0,3,1,6,1,34,6,-1,-1,-1,-1,1,-1
2015132A11318,2,19,0,9,0,6,0,0,0,0,1,1,6,1,-1,-1,2198,2,7,-1,1,-1
2015132A11329,1,9,0,18,0,0,0,0,0,0,4,1,6,2,47,8,1349,1,2,-1,1,-1
2015132A11360,1,3,0,18,0,8,0,0,0,0,1,1,6,1,26,6,124,1,1,-1,1,-1
2015132A11360,2,9,0,9,0,8,0,0,0,0,1,1,6,2,30,6,1598,2,-1,-1,1,-1
2015132A11360,3,9,0,9,0,8,0,0,0,0,1,1,6,1,55,8,1560,2,4,-1,-1,-1
2015132A11443,1,9,0,4,0,1,0,0,0,0,2,1,6,1,82,11,1498,1,-1,-1,1,-1
2015132A11443,2,9,0,18,0,1,0,0,0,0,1,1,6,1,30,6,2171,1,14,-1,1,-1
2015132A11648,1,9,0,18,0,0,1,0,0,0,1,1,6,1,44,7,1398,2,13,-1,1,-1
2015132A11648,2,9,0,18,0,0,1,0,0,0,1,1,6,2,29,6,1368,1,5,-1,1,-1
2015132A11683,1,9,0,18,0,0,0,0,0,0,1,1,6,1,17,4,1896,2,11,-1,1,-1
2015132A11688,1,9,0,18,0,0,1,0,0,0,1,1,6,1,45,7,-1,-1,-1,-1,1,-1
2015132A11688,2,11,0,18,0,0,0,4,0,0,1,1,1,1,19,4,3900,2,11,-1,1,-1