Accident_Index,Vehicle_Reference,Vehicle_Type,Towing_and_Articulation,Vehicle_Manoeuvre,Vehicle_Location-Restricted_Lane,Junction_Location,Skidding_and_Overturning,Hit_Object_in_Carriageway,Vehicle_Leaving_Carriageway,Hit_Object_off_Carriageway,1st_Point_of_Impact,Was_Vehicle_Left_Hand_Drive?,Journey_Purpose_of_Driver,Sex_of_Driver,Age_of_Driver,Age_Band_of_Driver,Engine_Capacity_(CC),Propulsion_Code,Age_of_Vehicle,Driver_IMD_Decile,Driver_Home_Area_Type,Vehicle_IMD_Decile
2015132A91011,3,19,0,18,0,1,0,0,0,0,1,1,6,1,24,5,1753,2,9,-1,1,-1
2015132A91090,1,9,0,18,0,0,1,0,0,0,1,1,6,1,22,5,1991,1,-1,-1,1,-1
2015132A91090,2,9,0,18,0,0,0,0,0,0,2,1,6,1,40,7,2993,2,2,-1,1,-1
2015132A91090,3,9,0,18,0,0,0,0,0,0,2,1,6,2,43,7,1968,2,-1,-1,1,-1
2015132A91090,4,9,0,18,0,0,0,0,0,0,2,1,6,2,55,8,1991,1,1,-1,3,-1
2015132A91090,5,9,0,18,0,0,0,0,0,0,2,1,6,2,53,8,1086,1,7,-1,1,-1
2015132A91207,1,9,0,18,0,0,0,0,0,0,3,1,6,2,46,8,1248,1,-1,-1,1,-1
2015132A91236,1,9,0,18,9,0,0,0,0,0,4,1,6,1,-1,-1,-1,-1,-1,-1,-1,-1
2015132A91236,2,1,0,18,9,0,0,0,0,0,3,1,6,1,5,1,-1,-1,-1,-1,-1,-1
2015132A91305,1,9,0,16,0,0,1,0,2,7,1,1,2,2,29,6,1399,2,9,-1,-1,-1
2015132A91316,1,9,0,18,0,0,0,0,0,0,2,1,6,1,22,5,1395,1,-1,-1,2,-1
2015132A91316,2,9,0,18,0,0,0,0,0,0,1,1,6,2,25,5,1998,2,10,-1,1,-1
2015132A91316,3,9,0,18,0,0,0,0,0,0,1,1,6,2,28,6,1422,2,1,-1,1,-1
2015132A91316,4,9,0,18,0,0,0,0,0,0,1,1,6,1,39,7,1995,2,4,-1,1,-1
2015132A91316,5,9,0,18,0,0,0,0,0,0,2,1,6,1,19,4,1242,1,11,-1,1,-1
2015132A91316,6,9,0,18,0,0,0,0,0,0,1,1,6,1,19,4,1242,1,11,-1,1,-1
2015132A91507,1,8,0,6,0,8,0,0,0,0,4,1,1,1,41,7,1399,2,9,-1,1,-1
2015132A91507,2,9,0,18,0,8,0,0,0,0,1,1,6,1,68,10,1749,1,14,-1,1,-1
2015132A91513,1,5,0,16,0,2,0,0,0,0,1,1,6,1,45,7,1470,1,16,-1,1,-1
2015132A91513,2,8,0,3,0,2,0,0,0,0,2,1,1,1,58,9,1796,5,4,-1,1,-1
2015132A91554,1,9,0,18,0,0,0,0,0,0,3,1,6,3,-1,-1,-1,-1,-1,-1,-1,-1
2015132AA0003,1,9,0,7,0,5,0,0,0,0,1,1,6,1,-1,-1,-1,-1,-1,-1,-1,-1
2015132AA0025,1,9,0,18,0,0,0,0,1,2,1,1,6,1,40,7,2967,2,-1,-1,1,-1
2015132AA0285,1,10,0,18,0,0,0,0,0,0,4,1,1,1,58,9,2463,2,9,-1,1,-1
2015132AA0651,1,9,0,9,0,6,0,0,0,0,1,1,6,1,-1,-1,2000,2,11,-1,-1,-1
2015132AA0651,2,9,0,18,0,1,0,0,0,0,1,1,6,1,70,10,1560,2,6,-1,1,-1
2015132AA0712,1,11,0,5,0,0,0,0,0,0,0,1,1,1,43,7,9360,2,3,-1,1,-1
2015132AA0734,1,9,0,9,0,5,0,0,0,0,1,1,6,2,56,9,1796,1,10,-1,-1,-1
2015132AA0734,2,1,0,18,0,8,0,0,0,0,1,1,6,1,39,7,-1,-1,-1,-1,-1,-1
2015132AA0751,1,9,0,18,0,0,1,0,0,0,1,1,6,2,32,6,1968,2,2,-1,3,-1
2015132AA0751,2,9,0,3,0,0,1,0,4,6,2,1,6,1,41,7,2179,2,1,-1,1,-1
2015132AA1057,1,9,0,18,0,1,1,0,0,0,1,1,6,1,33,6,1493,1,20,-1,1,-1
2015132AA1058,1,9,0,7,0,0,1,0,0,0,3,1,6,2,27,6,1242,1,7,-1,1,-1
2015132AA1058,2,9,0,13,0,0,1,0,7,0,4,1,6,1,29,6,1968,2,-1,-1,1,-1
2015132AA1058,3,3,0,18,0,0,1,0,0,0,1,1,6,1,29,6,647,1,12,-1,1,-1
2015132AA1280,1,9,0,18,0,0,0,0,0,0,1,1,6,1,45,7,2495,2,26,-1,1,-1
2015132AA1280,2,9,0,2,0,0,0,0,0,0,3,1,6,1,38,7,1956,2,1,-1,1,-1
2015132AA1438,1,9,0,5,0,0,0,0,0,0,1,1,6,1,36,7,1596,1,9,-1,1,-1
2015132AB0107,1,9,0,18,0,1,0,0,0,0,1,1,6,1,18,4,998,1,1,-1,1,-1
2015132AB0165,1,9,0,18,0,1,0,0,0,0,3,1,6,3,-1,-1,-1,-1,-1,-1,-1,-1
2015132AB0165,2,2,0,9,0,1,0,0,0,0,1,1,6,1,22,5,49,1,-1,-1,1,-1
2015132AB0401,1,9,0,16,0,0,1,0,1,1,4,1,2,1,23,5,1242,1,7,-1,1,-1
2015132AB0703,1,5,0,9,0,8,0,0,0,0,1,1,6,1,44,7,998,1,12,-1,1,-1
2015132AB0703,2,9,0,18,0,8,0,0,0,0,1,1,6,2,49,8,1796,1,11,-1,1,-1
2015132AB0899,1,9,0,10,0,8,0,0,0,0,3,1,6,2,48,8,2400,2,2,-1,2,-1
2015132AB0899,2,3,0,18,0,8,2,0,0,0,1,1,6,1,21,5,123,1,1,-1,1,-1
2015132AB0929,1,9,0,4,0,1,0,0,0,0,1,1,6,2,23,5,1349,1,5,-1,1,-1
2015132AB0929,2,9,0,3,0,1,0,0,0,0,2,1,6,1,24,5,1995,2,7,-1,1,-1
2015132AB1176,1,9,0,9,0,0,0,0,0,0,1,1,6,1,30,6,1999,1,14,-1,2,-1
2015132AB1176,2,1,0,18,0,0,0,0,0,0,1,1,6,1,41,7,-1,-1,-1,-1,2,-1
2015132AB1240,1,9,0,9,0,4,0,0,0,0,1,1,6,1,21,5,1798,1,11,-1,-1,-1
2015132AB1240,2,9,0,9,0,8,0,0,1,11,4,1,6,1,39,7,1995,2,5,-1,1,-1
2015132AB1295,1,9,0,18,0,8,0,0,7,10,4,1,1,1,36,7,1368,1,11,-1,-1,-1
2015132AB1295,2,9,0,18,0,8,0,0,2,10,1,1,1,1,61,9,2987,2,4,-1,3,-1
2015132AB1328,1,9,0,9,0,2,0,0,0,0,2,1,6,1,40,7,1968,2,9,-1,1,-1
2015132AB1328,2,9,0,18,0,1,1,0,0,0,1,1,6,1,19,4,1372,1,17,-1,1,-1
2015132AB1338,1,9,0,16,0,0,0,0,0,0,1,1,6,1,26,6,1994,1,11,-1,-1,-1
2015132AB1338,2,9,0,18,0,0,0,0,1,2,1,1,1,1,19,4,1396,1,14,-1,-1,-1
2015132AC0244,1,5,0,17,0,8,1,5,0,0,0,1,2,1,37,7,600,1,12,-1,1,-1
2015132AC0244,2,9,0,9,0,5,0,0,0,0,0,1,6,3,-1,-1,-1,-1,-1,-1,-1,-1
2015132AC0260,1,9,0,4,0,0,0,0,0,0,1,1,2,1,46,8,1956,2,1,-1,2,-1
2015132AC0260,2,8,0,3,0,0,0,0,0,0,2,1,1,1,62,9,1999,1,8,-1,2,-1
2015132AC0260,3,9,0,3,0,0,0,0,0,0,2,1,6,1,46,8,1985,1,14,-1,3,-1
2015132AC0286,1,9,0,18,0,1,0,0,0,0,0,1,6,1,46,8,998,1,11,-1,-1,-1
2015132AC0286,2,9,0,9,0,1,0,0,0,0,1,1,6,2,49,8,1497,1,14,-1,-1,-1
2015132AC0316,1,8,0,18,0,0,0,0,0,0,4,1,1,1,52,8,1910,2,7,-1,1,-1
2015132AC0817,1,9,0,18,0,0,0,0,0,0,2,1,6,1,42,7,1598,2,4,-1,1,-1
2015132AC0817,2,9,0,18,0,0,0,0,0,0,2,1,6,2,42,7,1598,1,1,-1,3,-1
2015132AC0817,3,8,0,18,0,0,0,0,0,0,1,1,1,1,36,7,1248,2,7,-1,1,-1
2015132AC0817,4,9,0,18,0,0,0,0,0,0,1,1,6,1,36,7,1999,1,10,-1,1,-1
2015132AC0875,1,9,0,18,0,0,0,0,0,0,1,1,3,2,41,7,1686,2,1,-1,1,-1
2015132AC0875,2,1,0,18,0,0,0,0,0,0,3,1,4,1,11,3,-1,-1,-1,-1,1,-1
2015132AC0925,1,9,0,9,0,6,0,0,0,0,1,1,6,2,35,6,1968,2,6,-1,1,-1
2015132AC0925,2,9,0,18,0,8,5,0,0,0,4,1,6,1,68,10,2999,2,14,-1,1,-1
2015132AC1023,1,9,0,18,0,0,0,0,0,0,1,1,6,1,-1,-1,-1,-1,-1,-1,-1,-1
2015132AC1023,2,9,0,3,0,0,0,0,0,0,2,1,6,2,73,10,1598,1,1,-1,1,-1
2015132AC1034,1,9,0,18,0,0,0,0,0,0,1,1,6,2,29,6,1910,2,8,-1,1,-1
2015132AC1034,2,9,0,18,0,0,0,0,0,0,2,1,6,2,28,6,1242,1,2,-1,1,-1
2015132AC1034,3,9,0,18,0,0,0,0,0,0,1,1,6,1,21,5,1753,2,10,-1,1,-1
2015132AC1034,4,9,0,18,0,0,0,0,1,6,2,1,6,1,34,6,1796,1,8,-1,1,-1
2015132AC1034,5,21,1,18,0,0,0,0,0,0,1,1,1,1,50,8,-1,-1,-1,-1,-1,-1
2015132AC1041,1,9,0,5,0,0,0,0,0,0,1,1,6,2,35,6,1242,1,2,-1,-1,-1
2015132AC1053,1,9,0,7,0,8,0,0,0,0,1,1,6,1,40,7,1796,1,10,-1,1,-1
2015132AC1053,2,1,0,15,0,8,0,0,0,0,4,1,6,1,53,8,-1,-1,-1,-1,1,-1
2015132AC1188,1,9,0,9,0,6,0,0,1,10,1,1,6,1,-1,-1,1686,2,15,-1,-1,-1
2015132AC1188,2,9,0,18,0,8,0,0,0,0,4,1,6,2,41,7,1598,1,5,-1,-1,-1
2015132AC1190,1,9,0,9,0,3,0,0,0,0,4,1,6,1,53,8,2179,2,4,-1,1,-1
2015132AC1190,2,9,0,18,0,8,0,0,0,0,3,1,6,2,48,8,998,1,9,-1,3,-1
2015132AC1190,3,9,0,18,0,8,0,0,0,0,4,1,6,1,28,6,1461,2,-1,-1,1,-1
2015132AC1204,1,9,0,18,0,8,0,0,0,0,2,1,3,2,25,5,1299,1,12,-1,1,-1
2015132AC1204,2,9,0,9,0,6,0,0,0,0,1,1,3,2,41,7,-1,-1,-1,-1,1,-1
2015132AC1227,1,9,0,18,5,0,0,0,0,0,0,1,6,2,52,8,1242,1,1,-1,-1,-1
2015132AC1227,2,1,0,9,5,0,1,0,0,0,0,1,6,1,37,7,-1,-1,-1,-1,3,-1
2015132AC1253,1,9,0,18,0,3,0,0,1,2,3,1,6,1,38,7,3200,1,13,-1,1,-1
2015132AC1304,1,9,0,18,0,0,0,0,0,0,4,1,6,1,68,10,1968,2,6,-1,1,-1
2015132AC1363,1,9,0,18,0,8,0,0,0,0,1,1,6,2,53,8,2993,2,4,-1,3,-1
2015132AC1412,1,8,0,18,0,1,0,0,0,0,1,1,1,1,-1,-1,1970,2,6,-1,-1,-1
2015132AC1412,2,9,0,3,0,1,0,0,0,0,2,1,6,2,29,6,1388,1,4,-1,1,-1
2015132AC1482,1,9,0,18,0,0,0,0,0,0,1,1,1,1,43,7,2993,2,2,-1,1,-1
2015132AC1482,2,9,0,4,0,0,0,0,0,0,2,1,6,2,65,9,2993,2,-1,-1,-1,-1
2015132AD0104,1,9,0,18,0,8,0,0,0,0,0,1,2,1,24,5,1598,1,11,-1,1,-1
2015132AD0104,2,9,0,18,0,8,0,0,0,1,4,1,2,1,50,8,1686,2,10,-1,1,-1
2015132AD0298,1,9,0,5,0,1,0,0,0,0,1,1,6,2,65,9,2143,2,2,-1,3,-1
2015132AD0298,2,9,0,5,0,1,0,0,0,0,2,1,6,1,47,8,2685,2,12,-1,3,-1
2015132AD0298,3,9,0,5,0,1,0,0,0,0,1,1,6,1,33,6,1396,1,13,-1,1,-1
2015132AD0403,1,9,0,18,0,2,0,0,0,0,1,1,6,2,52,8,1349,1,2,-1,-1,-1
2015132AD0403,2,9,0,18,0,1,1,0,0,0,1,1,1,2,45,7,1560,2,3,-1,-1,-1
2015132AD0522,1,9,0,18,0,0,0,7,0,0,3,1,6,1,34,6,1997,1,7,-1,1,-1
2015132AD0524,1,9,0,18,0,0,0,0,4,0,1,1,6,2,29,6,1498,1,16,-1,1,-1
2015132AD0524,2,9,0,2,0,0,0,0,0,0,2,1,6,1,42,7,1248,1,4,-1,3,-1
2015132AD0724,1,9,0,18,0,6,0,0,0,0,0,1,6,3,-1,-1,-1,-1,-1,-1,-1,-1
2015132AD0724,2,9,0,18,0,1,0,0,0,0,2,1,6,1,37,7,1910,2,7,-1,1,-1
2015132AD0724,3,9,0,18,0,1,0,0,0,0,1,1,6,2,48,8,1896,2,6,-1,-1,-1
2015132AD0725,1,8,0,18,0,8,0,0,0,0,0,1,1,1,49,8,1896,2,6,-1,1,-1
2015132AD0725,2,9,0,18,0,8,0,0,0,0,4,1,6,1,18,4,998,1,9,-1,1,-1
2015132AD0795,1,9,0,18,0,0,0,0,0,0,2,1,6,2,59,9,998,1,-1,-1,3,-1
2015132AD0795,2,19,0,18,0,0,0,0,0,0,1,1,2,1,53,8,2143,2,-1,-1,3,-1
2015132AD0894,1,9,0,4,0,1,0,0,0,0,1,1,6,2,49,8,1242,1,1,-1,2,-1
2015132AD0894,2,9,0,4,0,1,0,0,0,0,2,1,6,2,67,10,1794,1,14,-1,2,-1
2015132AD0924,1,9,0,18,0,0,0,0,0,0,4,1,6,2,34,6,1560,2,1,-1,-1,-1
2015132AD0938,1,9,0,9,0,5,0,0,0,0,3,1,6,2,29,6,1586,1,8,-1,1,-1
2015132AD0938,2,4,0,9,0,5,5,0,0,0,4,1,6,1,50,8,400,1,9,-1,1,-1
2015132AD1125,1,9,0,18,0,0,0,4,0,0,1,1,6,1,21,5,1968,2,-1,-1,1,-1
2015132AD1125,2,19,0,2,0,0,0,0,1,0,2,1,6,3,-1,-1,2300,2,10,-1,1,-1
2015132AD1125,3,9,0,2,0,0,0,0,1,0,1,1,6,3,-1,-1,1998,2,8,-1,-1,-1
2015132AD1171,1,9,0,9,0,8,0,0,0,0,1,1,6,2,41,7,1397,1,8,-1,1,-1
2015132AD1171,2,3,0,18,0,8,0,0,0,0,1,1,6,1,23,5,125,1,-1,-1,1,-1
2015132AD1229,1,1,0,18,4,8,0,0,0,0,1,1,6,1,26,6,-1,-1,-1,-1,-1,-1
2015132AD1229,2,19,0,9,0,8,0,0,0,0,4,1,6,1,60,9,1753,2,2,-1,1,-1
2015132AD1336,1,1,0,18,0,0,0,0,0,0,2,1,6,1,46,8,-1,-1,-1,-1,2,-1
2015132AD1336,2,9,0,2,0,0,0,0,0,0,2,1,6,3,-1,-1,1299,1,10,-1,2,-1
2015132AD1570,1,9,0,7,0,5,1,0,1,10,1,1,6,1,23,5,1968,2,1,-1,1,-1
2015132AD1572,1,9,0,17,0,0,0,0,0,0,4,1,6,3,-1,-1,-1,-1,-1,-1,-1,-1
2015132AD1572,2,1,0,17,0,0,0,0,0,0,3,1,6,1,37,7,-1,-1,-1,-1,-1,-1
2015132AD1605,1,11,0,16,0,0,0,11,0,0,1,1,1,1,52,8,7300,2,10,-1,1,-1
2015132AD1760,1,9,0,18,0,0,0,10,1,0,3,1,6,1,26,6,1598,2,1,-1,-1,-1
2015132AE0178,1,9,0,11,0,5,0,0,0,0,1,1,1,1,32,6,1910,2,9,-1,1,-1
2015132AE0178,2,9,0,3,0,2,0,0,0,0,2,1,6,2,49,8,1998,2,3,-1,1,-1
2015132AE0178,3,9,0,3,0,2,0,0,0,0,2,1,1,1,70,10,1598,1,6,-1,1,-1
2015132AE0178,4,9,0,3,0,2,0,0,0,0,2,1,6,2,43,7,1598,2,1,-1,1,-1
2015132AE0206,1,8,0,18,0,0,0,0,0,0,1,1,1,1,55,8,1896,2,8,-1,1,-1
2015132AE0251,1,9,0,9,0,0,0,0,0,0,1,1,2,2,56,9,1598,1,5,-1,-1,-1
2015132AE0251,2,1,0,18,0,0,0,0,0,0,1,1,2,2,35,6,-1,-1,-1,-1,-1,-1
2015132AE0254,1,9,0,18,0,8,1,0,0,0,1,1,6,1,47,8,1364,1,10,-1,1,-1
2015132AE0254,2,9,0,18,0,8,1,0,1,0,1,1,2,2,52,8,1461,2,5,-1,3,-1
2015132AE0254,3,9,0,18,0,8,0,0,0,0,1,1,2,2,46,8,1560,2,5,-1,1,-1
2015132AE0265,1,21,1,12,0,8,0,0,0,0,3,1,6,1,75,10,-1,-1,-1,-1,-1,-1
2015132AE0265,2,9,0,18,0,8,0,0,0,0,4,1,6,2,40,7,2902,2,6,-1,3,-1
2015132AE0404,1,9,0,18,0,0,0,0,0,0,2,1,6,2,30,6,1398,1,2,-1,3,-1
2015132AE0404,2,19,0,18,0,0,0,0,0,0,1,1,6,1,25,5,2198,2,8,-1,1,-1
2015132AE0404,3,9,0,18,0,0,0,0,0,0,2,1,6,1,30,6,1591,1,6,-1,1,-1
2015132AE0545,1,9,0,18,0,8,0,0,0,0,2,1,6,2,54,8,1298,1,17,-1,1,-1
2015132AE0545,2,9,0,18,0,8,0,0,0,0,1,1,6,1,83,11,1586,1,2,-1,1,-1
2015132AE0567,1,9,0,18,0,1,1,0,0,0,1,1,1,1,45,7,2143,2,3,-1,-1,-1
2015132AE0799,1,19,0,18,0,1,0,0,0,0,4,1,1,1,59,9,1461,2,5,-1,1,-1
2015132AE0804,1,9,0,18,0,0,0,0,0,0,1,1,6,1,35,6,1796,1,14,-1,1,-1
2015132AE0804,2,9,0,18,0,0,0,0,0,0,1,1,6,2,52,8,1499,2,-1,-1,-1,-1
2015132AE0806,1,9,0,1,0,0,0,0,0,0,2,1,6,1,72,10,1968,2,7,-1,3,-1
2015132AE0900,1,8,0,9,0,8,0,0,0,0,4,1,1,1,24,5,1753,2,6,-1,1,-1
2015132AE0951,1,9,0,18,0,8,0,0,0,0,4,1,6,2,-1,-1,-1,-1,-1,-1,-1,-1
2015132AE1070,1,9,0,18,0,0,1,0,7,2,1,1,6,1,15,3,1598,1,11,-1,1,-1
2015132AE1070,2,19,0,18,0,0,0,0,0,0,3,1,6,1,51,8,1560,2,3,-1,1,-1
2015132AE1073,1,9,0,18,0,0,0,0,0,0,1,1,6,3,-1,-1,-1,-1,-1,-1,-1,-1
2015132AE1091,1,3,0,16,0,0,1,0,0,0,0,1,6,1,18,4,123,1,1,-1,1,-1
2015132AF0300,1,3,0,18,0,0,0,0,0,0,0,1,6,1,19,4,125,1,-1,-1,-1,-1
2015132AF0324,1,9,0,9,0,8,0,7,1,3,1,1,6,1,30,6,1391,1,17,-1,-1,-1
2015132AF0371,1,9,0,18,0,0,1,0,0,6,1,1,6,2,44,7,1596,1,6,-1,1,-1
2015132AF0726,1,1,0,18,0,8,0,0,0,0,1,1,4,1,14,3,-1,-1,-1,-1,1,-1
2015132AF0726,2,9,0,18,0,1,0,0,0,0,1,1,2,1,42,7,1560,2,5,-1,1,-1
2015132AF0791,1,9,0,18,0,1,0,0,0,0,1,1,6,3,26,6,-1,-1,-1,-1,-1,-1
2015132AF0791,2,9,0,3,0,2,0,0,3,11,2,1,6,1,28,6,1395,1,-1,-1,1,-1
2015132AF0804,1,9,0,18,0,3,0,0,0,0,4,1,2,3,-1,-1,-1,-1,-1,-1,-1,-1
2015132AF0910,1,9,0,2,0,0,0,0,0,0,2,1,6,2,21,5,1229,1,10,-1,-1,-1
2015132AF0910,2,9,0,2,0,0,0,0,0,0,2,1,6,2,42,7,1598,1,8,-1,1,-1
2015132AF1068,1,3,0,18,0,1,0,0,0,0,1,1,2,1,53,8,124,1,5,-1,1,-1
2015132AF1068,2,9,0,9,0,6,0,0,0,0,1,1,2,1,26,6,2495,2,16,-1,1,-1
2015132AF1156,1,9,0,18,2,8,0,0,1,0,1,1,6,1,47,8,-1,-1,-1,-1,1,-1
2015132AF1156,2,9,0,9,0,8,0,0,0,0,3,1,6,1,54,8,1199,1,11,-1,1,-1
2015132AF1281,1,9,0,10,0,1,0,0,0,0,4,1,6,1,60,9,1560,2,7,-1,1,-1
2015132AF1281,2,1,0,18,0,1,0,0,0,0,1,1,6,1,23,5,-1,-1,-1,-1,-1,-1
2015132AF1358,1,9,0,1,9,0,0,0,0,0,2,1,6,2,41,7,1368,1,11,-1,1,-1
2015132AF1595,1,9,0,9,0,5,0,0,0,0,1,1,6,1,42,7,1598,2,3,-1,1,-1
2015132AF1595,2,1,0,18,0,8,5,0,0,0,1,1,6,1,41,7,-1,-1,-1,-1,1,-1
2015132AG0029,1,9,0,18,0,6,0,0,0,0,1,1,6,3,-1,-1,-1,-1,-1,-1,-1,-1
2015132AG0029,2,1,0,18,0,8,5,0,0,0,4,1,6,1,23,5,-1,-1,-1,-1,1,-1
2015132AG0067,1,3,0,18,0,0,0,0,0,0,1,1,6,1,29,6,124,1,10,-1,1,-1
2015132AG0067,2,9,0,2,0,0,0,0,0,0,2,1,6,3,-1,-1,1360,1,11,-1,-1,-1
2015132AG0142,1,19,0,18,0,0,2,0,0,0,4,1,1,1,46,8,1968,2,2,-1,3,-1
2015132AG0253,1,9,0,2,4,0,0,0,1,0,2,1,4,2,44,7,1598,1,2,-1,1,-1
2015132AG0253,2,9,0,18,0,0,0,0,0,0,1,1,2,1,33,6,1997,2,16,-1,1,-1
2015132AG0296,1,9,0,18,0,0,0,0,0,0,1,1,6,2,30,6,1995,2,5,-1,1,-1
2015132AG0322,1,9,0,7,0,5,0,0,0,0,4,1,6,2,38,7,1596,1,8,-1,3,-1
2015132AG0706,1,19,0,9,0,8,0,0,0,0,1,1,1,1,23,5,1995,2,4,-1,-1,-1
2015132AG0706,2,5,0,18,0,8,5,0,0,0,1,1,6,1,53,8,600,1,25,-1,1,-1
2015132AG0976,1,9,0,18,0,0,0,0,0,0,4,1,6,1,51,8,-1,-1,-1,-1,2,-1
2015132AG1083,1,9,0,18,0,4,0,0,0,0,4,1,6,2,50,8,1968,2,5,-1,1,-1
2015132AG1083,2,9,0,18,0,3,0,0,0,0,3,1,6,1,43,7,1997,2,6,-1,-1,-1
2015132AG1083,3,9,0,18,0,4,0,0,0,0,1,1,6,3,-1,-1,-1,-1,-1,-1,-1,-1
2015132AG1087,1,19,0,18,0,8,0,0,0,0,1,1,6,1,47,8,-1,-1,-1,-1,-1,-1
2015132AG1087,2,9,0,18,0,8,0,0,0,0,1,1,6,1,41,7,1968,2,7,-1,-1,-1
2015132AG1095,1,3,0,6,0,0,0,0,0,0,1,1,6,3,-1,-1,125,1,7,-1,-1,-1
2015132AG1272,1,1,0,18,0,1,0,0,0,0,1,1,6,1,51,8,-1,-1,-1,-1,1,-1
2015132AG1272,2,9,0,9,0,1,0,0,0,0,1,1,6,1,24,5,1398,1,4,-1,1,-1
2015132AG1407,1,9,0,6,0,0,0,0,0,0,3,1,6,3,-1,-1,1984,1,5,-1,-1,-1
2015132AG1407,2,3,0,18,0,0,2,0,0,0,1,1,6,1,26,6,125,1,8,-1,-1,-1
2015132AG1456,1,9,0,18,0,1,0,0,0,0,1,1,6,1,23,5,2143,2,6,-1,1,-1
2015132AG1456,2,9,0,4,0,1,0,0,0,0,2,1,6,2,29,6,1598,2,1,-1,1,-1
2015132AG1546,1,9,0,9,0,1,0,0,0,0,3,1,6,1,18,4,1596,1,6,-1,-1,-1
2015132AG1741,1,9,0,16,0,0,0,0,1,10,1,1,6,1,27,6,1229,1,7,-1,-1,-1
2015132AG1778,1,9,0,5,0,4,0,0,0,0,1,1,6,1,17,4,1390,1,10,-1,1,-1
2015132AG1778,2,1,0,17,0,8,0,0,0,0,4,1,6,1,23,5,-1,-1,-1,-1,1,-1
2015132AH0336,1,9,0,9,0,8,0,0,0,0,1,1,2,1,44,7,1598,1,6,-1,1,-1
2015132AH0439,1,9,0,18,0,8,0,0,1,5,1,1,6,1,56,9,1422,2,7,-1,3,-1
2015132AH0575,1,9,0,18,0,0,2,0,0,0,1,1,6,1,19,4,1229,1,-1,-1,1,-1
2015132AH0575,2,9,0,2,0,0,0,0,0,0,2,1,6,2,38,7,1461,2,13,-1,1,-1
2015132AH0575,3,9,0,2,0,0,0,0,0,0,2,1,6,2,29,6,1596,1,11,-1,1,-1
2015132AH0626,1,9,0,4,0,1,0,0,0,0,1,1,6,1,25,5,1999,1,14,-1,-1,-1
2015132AH0626,2,9,0,3,0,2,0,0,0,0,2,1,2,2,27,6,1242,1,13,-1,1,-1
2015132AH0717,1,9,0,18,0,0,0,0,0,0,4,1,6,2,51,8,1242,1,5,-1,1,-1
2015132AH0792,1,1,0,18,0,8,2,0,0,0,4,1,6,1,56,9,-1,-1,-1,-1,1,-1
2015132AH0792,2,8,0,9,0,8,0,0,0,0,1,1,6,1,38,7,1797,8,6,-1,1,-1
2015132AH0936,1,9,0,18,0,0,0,0,0,0,3,1,6,3,-1,-1,-1,-1,-1,-1,-1,-1
2015132AH0936,2,5,0,18,0,0,0,0,0,0,0,1,6,1,45,7,998,1,5,-1,2,-1
2015132AH1083,1,4,0,18,0,4,5,0,0,0,1,1,6,1,19,4,124,1,-1,-1,1,-1
2015132AH1152,1,9,0,16,0,0,0,0,0,0,4,1,6,1,28,6,1242,1,12,-1,1,-1
2015132AH1216,1,19,0,9,0,5,0,0,0,0,1,1,1,1,21,5,2461,2,12,-1,1,-1
2015132AH1216,2,1,0,18,0,1,0,0,0,0,1,1,1,1,57,9,-1,-1,-1,-1,1,-1
2015132AH1228,1,21,1,18,0,8,0,0,0,0,4,1,1,1,53,8,11705,2,17,-1,1,-1
2015132AH1228,2,9,0,18,0,6,0,0,0,0,3,1,6,1,57,9,1362,1,3,-1,1,-1
2015132AI0023,1,8,0,5,0,0,0,0,0,0,1,1,1,1,49,8,1910,2,7,-1,1,-1
2015132AI0037,1,9,0,18,0,0,0,0,0,0,1,1,6,1,20,4,1984,1,-1,-1,1,-1
2015132AI0163,1,9,0,9,0,8,0,0,0,0,1,1,6,2,18,4,1242,1,-1,-1,1,-1
2015132AI0163,2,8,0,18,0,8,0,0,0,0,1,1,1,1,57,9,1968,2,1,-1,1,-1
2015132AI0313,1,9,0,18,0,0,0,0,0,0,1,1,2,1,21,5,-1,-1,-1,-1,1,-1
2015132AI0313,2,21,1,2,6,0,0,0,0,0,2,1,1,1,60,9,-1,-1,-1,-1,-1,-1
2015132AI0448,1,8,0,18,0,8,0,0,0,0,1,1,1,1,30,6,1896,2,8,-1,1,-1
2015132AI0448,2,9,0,9,0,8,5,7,0,2,4,1,1,1,43,7,1997,2,1,-1,1,-1
2015132AI0730,1,2,0,18,0,0,0,0,0,0,1,1,6,1,16,4,49,1,5,-1,3,-1
2015132AI0812,1,9,0,18,0,0,0,4,0,0,1,1,6,2,23,5,1339,1,7,-1,1,-1
2015132AI0812,2,9,0,2,0,0,0,4,0,0,2,1,6,2,24,5,1229,1,2,-1,1,-1
2015132AI0812,3,9,0,2,0,0,0,0,0,0,2,1,6,2,29,6,1686,2,7,-1,1,-1
2015132AI0892,1,9,0,18,0,0,1,0,0,0,1,1,6,1,25,5,1968,2,7,-1,1,-1
2015132AI0892,2,9,0,18,0,0,0,0,0,0,1,1,6,1,87,11,1242,1,4,-1,1,-1
2015132AI0892,3,9,0,18,0,0,0,0,0,0,1,1,6,1,33,6,1998,1,8,-1,1,-1
2015132AI1007,1,3,0,17,0,8,1,0,0,0,4,1,6,1,37,7,125,1,38,-1,1,-1
2015132AI1048,1,9,0,16,0,0,0,0,0,0,1,1,6,1,34,6,1587,1,20,-1,1,-1
2015132AI1048,2,9,0,3,0,0,0,0,0,0,2,1,6,2,21,5,1086,1,8,-1,1,-1
2015132AI1263,1,9,0,18,0,0,0,0,0,0,1,1,6,2,44,7,1968,2,9,-1,1,-1
2015132AI1263,2,9,0,2,0,0,0,0,1,11,2,1,6,3,-1,-1,1364,1,8,-1,-1,-1
2015132AI1359,1,9,0,18,0,0,0,0,0,0,4,1,6,3,-1,-1,-1,-1,-1,-1,-1,-1
2015132AI1422,1,9,0,16,0,0,0,0,0,0,4,1,6,1,42,7,1997,1,13,-1,1,-1
2015132AI1422,2,1,0,16,0,0,5,0,0,0,3,1,6,1,22,5,-1,-1,-1,-1,1,-1
2015132AI1493,1,9,0,18,0,8,0,0,0,0,1,1,6,1,34,6,1900,2,11,-1,1,-1