Accident_Index,Vehicle_Reference,Vehicle_Type,Towing_and_Articulation,Vehicle_Manoeuvre,Vehicle_Location-Restricted_Lane,Junction_Location,Skidding_and_Overturning,Hit_Object_in_Carriageway,Vehicle_Leaving_Carriageway,Hit_Object_off_Carriageway,1st_Point_of_Impact,Was_Vehicle_Left_Hand_Drive?,Journey_Purpose_of_Driver,Sex_of_Driver,Age_of_Driver,Age_Band_of_Driver,Engine_Capacity_(CC),Propulsion_Code,Age_of_Vehicle,Driver_IMD_Decile,Driver_Home_Area_Type,Vehicle_IMD_Decile
2015132AI1853,1,9,0,17,0,0,1,10,0,0,3,1,6,1,20,4,1197,1,3,-1,1,-1
2015132AI1853,2,19,0,18,0,0,0,0,0,0,3,1,6,1,42,7,1998,2,11,-1,1,-1
2015132AJ0230,1,9,0,5,0,6,0,0,0,0,3,1,6,1,64,9,1590,1,13,-1,-1,-1
2015132AJ0230,2,3,0,18,0,8,0,0,0,0,1,1,6,2,25,5,124,1,4,-1,-1,-1
2015132AJ0260,1,9,0,9,0,6,0,0,0,0,3,1,2,2,35,6,1461,2,4,-1,1,-1
2015132AJ0260,2,3,0,18,0,8,0,0,0,0,1,1,2,1,20,4,124,1,2,-1,1,-1
2015132AJ0308,1,9,0,18,0,0,0,0,0,0,1,1,6,2,48,8,1998,2,11,-1,1,-1
2015132AJ0308,2,19,0,4,0,0,0,0,0,0,2,1,1,1,63,9,2198,2,-1,-1,1,-1
2015132AJ0309,1,9,0,18,0,0,0,0,0,0,1,1,1,1,22,5,1968,2,1,-1,1,-1
2015132AJ0309,2,9,0,3,0,0,0,0,0,0,2,1,6,2,26,6,1493,2,5,-1,1,-1
2015132AJ0309,3,9,0,3,0,0,0,0,0,0,2,1,1,1,50,8,1497,8,6,-1,1,-1
2015132AJ0379,1,9,0,18,0,0,0,0,1,4,0,1,6,2,78,11,1398,1,3,-1,1,-1
2015132AJ0379,2,9,0,9,0,0,0,0,0,0,0,1,1,2,47,8,2967,2,-1,-1,1,-1
2015132AJ0501,1,9,0,18,0,0,0,0,0,0,1,1,6,1,47,8,-1,-1,-1,-1,-1,-1
2015132AJ0501,2,9,0,4,0,0,0,0,0,0,2,1,6,1,52,8,1998,2,7,-1,1,-1
2015132AJ0501,3,19,0,4,0,0,0,0,0,0,2,1,1,1,47,8,2151,2,12,-1,1,-1
2015132AJ0501,4,9,0,18,0,0,0,0,0,0,1,1,6,2,32,6,1488,2,18,-1,1,-1
2015132AJ0618,1,5,0,18,0,0,1,0,0,0,0,1,6,1,45,7,998,1,7,-1,-1,-1
2015132AJ0901,1,9,0,9,0,8,0,0,0,0,0,1,6,2,84,11,1390,1,8,-1,1,-1
2015132AJ0901,2,9,0,18,0,8,0,0,0,0,0,1,6,1,36,7,1598,1,6,-1,1,-1
2015132AJ1220,1,19,0,12,0,7,0,0,0,0,2,1,2,1,39,7,1867,2,14,-1,3,-1
2015132AJ1220,2,9,0,11,0,5,1,0,2,7,1,1,2,2,28,6,2378,1,11,-1,3,-1
2015132AJ1277,1,9,0,18,0,0,0,0,0,0,1,1,6,1,22,5,996,1,4,-1,-1,-1
2015132AJ1443,1,8,0,18,0,8,0,0,0,0,1,1,1,1,38,7,1584,1,7,-1,1,-1
2015132AJ1602,1,9,0,7,0,8,0,0,0,0,3,1,2,2,64,9,1461,2,2,-1,1,-1
2015132AJ1602,2,1,0,18,0,1,0,0,0,0,1,1,2,1,44,7,-1,-1,-1,-1,1,-1
2015132AJ1642,1,9,0,18,0,8,1,0,0,0,1,1,6,2,21,5,1328,1,5,-1,1,-1
2015132AJ1642,2,9,0,9,0,6,1,0,0,0,3,1,6,1,49,8,2902,2,11,-1,1,-1
2015132AK0244,1,9,0,4,0,0,0,0,0,0,1,1,2,1,59,9,1193,1,-1,-1,1,-1
2015132AK0244,2,21,1,18,0,0,0,0,0,0,2,1,1,1,48,8,12900,2,4,-1,1,-1
2015132AK0270,1,9,0,18,0,1,0,0,0,0,1,1,6,1,-1,-1,-1,-1,-1,-1,-1,-1
2015132AK0287,1,9,0,7,0,5,0,0,0,0,4,1,6,1,53,8,1198,1,12,-1,1,-1
2015132AK0287,2,1,0,18,0,1,0,0,0,0,3,1,6,1,56,9,-1,-1,-1,-1,1,-1
2015132AK0404,1,9,0,4,0,0,0,0,0,0,1,1,6,1,-1,-1,-1,-1,-1,-1,1,-1
2015132AK0404,2,9,0,3,0,0,0,0,0,0,2,1,6,2,58,9,1398,1,2,-1,3,-1
2015132AK0404,3,19,0,3,0,0,0,0,0,0,2,1,6,1,-1,-1,-1,-1,-1,-1,-1,-1
2015132AK0412,1,17,0,9,0,0,0,0,0,0,0,1,6,1,24,5,6788,2,-1,-1,3,-1
2015132AK0412,2,9,0,13,0,0,0,0,7,0,1,1,6,2,56,9,1840,1,14,-1,1,-1
2015132AK0591,1,9,0,9,0,8,0,0,7,11,4,1,6,2,59,9,1598,1,6,-1,1,-1
2015132AK0591,2,9,0,18,0,8,0,0,0,0,1,1,6,3,-1,-1,-1,-1,-1,-1,-1,-1
2015132AK0624,1,21,1,11,0,0,0,0,0,0,3,1,1,1,27,6,10677,2,-1,-1,1,-1
2015132AK0624,2,9,0,18,0,0,2,0,0,6,4,1,6,2,32,6,1360,1,8,-1,1,-1
2015132AK0631,1,9,0,4,0,0,0,0,0,0,1,1,6,1,23,5,1598,2,-1,-1,1,-1
2015132AK0631,2,19,0,3,0,0,0,0,0,0,2,1,1,1,31,6,1248,2,2,-1,-1,-1
2015132AK0748,1,9,0,18,0,1,0,0,0,0,1,1,1,1,23,5,-1,-1,-1,-1,-1,-1
2015132AK0748,2,9,0,18,0,1,0,0,0,0,2,1,1,1,49,8,1896,2,7,-1,-1,-1
2015132AK0748,3,9,0,10,0,1,0,0,0,0,1,1,1,2,33,6,1364,2,8,-1,-1,-1
2015132AK0760,1,9,0,18,0,0,0,0,0,0,4,1,6,3,-1,-1,-1,-1,-1,-1,-1,-1
2015132AK0760,2,9,0,2,0,0,0,0,0,0,0,1,6,1,24,5,-1,-1,-1,-1,1,-1
2015132AK0796,1,9,0,9,0,8,0,0,0,0,1,1,6,1,-1,-1,1364,1,3,-1,-1,-1
2015132AK0796,2,9,0,18,0,8,0,0,0,0,1,1,6,2,52,8,1329,1,6,-1,1,-1
2015132AK0961,1,1,0,18,0,0,0,0,0,0,1,1,4,1,15,3,-1,-1,-1,-1,1,-1
2015132AK0961,2,19,0,4,0,0,0,0,0,0,1,1,2,1,35,6,1868,2,8,-1,1,-1
2015132AK0972,1,9,0,18,0,8,0,0,0,0,4,1,3,1,19,4,1560,2,8,-1,1,-1
2015132AK1084,1,9,0,18,0,0,0,0,0,0,1,1,1,1,52,8,-1,-1,-1,-1,1,-1
2015132AK1084,2,9,0,18,0,0,0,0,0,0,2,1,1,2,40,7,1560,2,1,-1,1,-1
2015132AK1084,3,9,0,18,0,0,0,0,0,0,2,1,1,2,18,4,1229,1,2,-1,-1,-1
2015132AK1084,4,9,0,18,0,0,0,0,0,0,2,1,1,2,36,7,1200,1,-1,-1,1,-1
2015132AK1084,5,19,0,18,0,0,0,0,0,0,0,1,1,1,44,7,-1,-1,-1,-1,2,-1
2015132AK1173,1,9,0,18,0,0,0,0,0,0,4,1,6,1,73,10,999,1,10,-1,1,-1
2015132AK1391,1,21,0,18,0,0,0,0,0,0,0,1,1,1,45,7,12740,2,2,-1,1,-1
2015132AK1511,1,9,0,18,0,0,2,4,0,0,1,1,6,1,40,7,1587,1,11,-1,1,-1
2015132AK1511,2,9,0,2,0,0,0,0,1,0,2,1,6,3,-1,-1,1596,1,2,-1,-1,-1
2015132AK1596,1,9,0,18,0,0,1,0,4,6,3,1,6,2,24,5,1124,1,10,-1,2,-1
2015132AK1596,2,21,1,18,0,0,0,0,0,0,4,1,1,1,-1,-1,10518,2,7,-1,-1,-1
2015132AK1609,1,9,0,18,0,0,0,0,0,0,4,1,6,3,-1,-1,-1,-1,-1,-1,-1,-1
2015132AK1840,1,9,0,3,0,0,0,0,0,0,2,1,6,2,44,7,-1,-1,-1,-1,1,-1
2015132AK1840,2,9,0,4,0,0,0,0,0,0,1,1,6,3,-1,-1,1360,1,13,-1,-1,-1
2015132AL0121,1,19,0,18,0,4,0,0,0,0,1,1,6,1,-1,-1,1968,2,-1,-1,-1,-1
2015132AL0121,2,9,0,18,0,8,0,0,0,0,4,1,1,1,58,9,1686,2,6,-1,1,-1
2015132AL0222,1,9,0,18,0,0,0,0,0,0,4,1,6,3,-1,-1,1597,2,-1,-1,3,-1
2015132AL0309,1,9,0,13,0,1,0,0,0,0,1,1,6,1,39,7,1896,2,9,-1,1,-1
2015132AL0309,2,9,0,12,0,1,0,0,0,0,3,1,6,2,56,9,1275,1,16,-1,1,-1
2015132AL0309,3,9,0,18,0,1,0,0,0,0,3,1,6,1,31,6,1390,1,3,-1,1,-1
2015132AL0358,1,9,0,9,0,8,0,0,0,0,1,1,6,1,35,6,998,1,13,-1,1,-1
2015132AL0358,2,9,0,9,0,8,0,0,0,0,3,1,6,1,24,5,1968,2,9,-1,1,-1
2015132AL0410,1,9,0,18,0,1,0,0,0,0,1,1,6,1,84,11,1341,1,12,-1,2,-1
2015132AL0410,2,20,0,18,0,1,0,0,0,0,1,1,1,1,56,9,6693,2,2,-1,-1,-1
2015132AL0533,1,9,0,7,0,1,0,0,0,0,0,1,6,3,-1,-1,-1,-1,-1,-1,-1,-1
2015132AL0533,2,11,0,18,2,1,0,0,0,0,0,1,1,1,26,6,-1,-1,-1,-1,1,-1
2015132AL0573,1,19,0,11,0,0,0,0,0,0,1,1,1,1,28,6,9200,2,9,-1,1,-1
2015132AL0573,2,9,0,18,0,0,0,0,0,0,2,1,1,1,29,6,1997,2,1,-1,3,-1
2015132AL0696,1,9,0,18,0,8,0,0,0,0,4,1,6,1,63,9,1397,1,14,-1,1,-1
2015132AL0712,1,9,0,4,0,0,0,0,0,0,2,1,6,1,86,11,1242,1,8,-1,1,-1
2015132AL0712,2,9,0,4,0,0,0,0,0,0,1,1,6,1,44,7,1587,1,14,-1,1,-1
2015132AL0712,3,19,0,4,0,0,0,0,0,0,1,1,6,1,28,6,2151,2,12,-1,-1,-1
2015132AL0728,1,3,0,18,0,1,2,0,0,0,0,1,6,1,27,6,124,1,11,-1,1,-1
2015132AL0728,2,9,0,5,0,6,0,0,0,0,0,1,6,1,20,4,1686,2,13,-1,-1,-1
2015132AL0728,3,9,0,18,0,1,0,0,0,0,0,1,6,1,55,8,1242,1,15,-1,1,-1
2015132AL0904,1,8,0,5,0,0,0,0,0,0,3,1,1,1,44,7,1896,2,7,-1,1,-1
2015132AL1122,1,9,0,18,0,0,1,0,0,0,2,1,6,2,39,7,1686,2,4,-1,1,-1
2015132AL1122,2,9,0,18,0,0,0,0,0,0,1,1,6,1,21,5,1587,1,16,-1,1,-1
2015132AL1122,3,9,0,18,0,0,0,0,5,6,4,1,6,1,40,7,1753,2,14,-1,1,-1
2015132AL1191,1,5,0,11,0,0,5,0,0,0,4,1,6,1,62,9,1195,1,2,-1,1,-1
2015132AL1245,1,9,0,18,0,0,1,0,1,0,3,1,6,2,23,5,1242,1,2,-1,-1,-1
2015132AL1245,2,9,0,18,0,0,1,0,1,0,3,1,6,1,34,6,1984,1,8,-1,-1,-1
2015132AL1251,1,9,0,4,0,1,0,0,0,0,2,1,6,2,71,10,1360,1,12,-1,1,-1
2015132AL1251,2,9,0,18,0,1,0,0,0,0,1,1,6,1,-1,-1,1794,1,10,-1,1,-1
2015132AL1307,1,9,0,5,0,0,0,0,0,0,1,1,6,2,63,9,1422,2,5,-1,1,-1
2015132AL1307,2,1,0,18,0,0,5,0,0,0,1,1,6,1,43,7,-1,-1,-1,-1,2,-1
2015132AL1310,1,9,0,9,0,1,0,0,0,0,3,1,6,1,40,7,1995,2,8,-1,1,-1
2015132AL1310,2,3,0,18,0,1,0,0,0,0,1,1,6,1,31,6,125,1,-1,-1,1,-1
2015132AM0089,1,9,0,18,0,1,0,0,0,0,1,1,6,1,21,5,1396,1,18,-1,1,-1
2015132AM0089,2,9,0,18,0,1,0,0,0,0,1,1,1,1,34,6,2993,2,2,-1,1,-1
2015132AM0089,3,19,0,9,0,3,0,0,0,0,1,1,1,1,36,7,1995,2,3,-1,1,-1
2015132AM0246,1,1,0,18,0,0,2,0,0,0,1,1,6,1,48,8,-1,-1,-1,-1,1,-1
2015132AM0312,1,9,0,4,0,0,0,0,1,1,1,1,2,1,58,9,2179,2,1,-1,1,-1
2015132AM0343,1,9,0,18,0,0,0,0,0,0,1,1,3,1,45,7,1968,2,3,-1,3,-1
2015132AM0343,2,17,0,18,0,0,0,0,0,0,1,1,1,1,60,9,-1,2,4,-1,3,-1
2015132AM0450,1,9,0,1,0,0,0,0,0,0,2,1,6,2,64,9,796,1,7,-1,1,-1
2015132AM0611,1,9,0,4,0,0,0,0,0,0,1,1,6,1,45,7,1582,2,6,-1,1,-1
2015132AM0611,2,9,0,4,0,0,0,0,0,0,2,1,6,2,42,7,-1,-1,-1,-1,3,-1
2015132AM0611,3,9,0,3,0,0,0,0,0,0,2,1,6,1,42,7,2198,1,11,-1,1,-1
2015132AM0849,1,9,0,18,0,0,0,0,0,0,1,1,6,1,26,6,1598,2,3,-1,1,-1
2015132AM0849,2,9,0,18,0,0,0,0,0,0,1,1,6,1,32,6,1497,1,12,-1,1,-1
2015132AM0921,1,9,0,1,9,0,0,0,0,0,2,1,6,2,54,8,1586,1,-1,-1,2,-1
2015132AM0942,1,9,0,14,0,0,0,0,0,0,1,1,6,2,27,6,998,1,13,-1,1,-1
2015132AM0942,2,9,0,18,0,0,0,0,0,0,1,1,6,1,30,6,1910,2,5,-1,1,-1
2015132AM0942,3,19,0,2,0,0,0,0,0,0,1,1,6,1,23,5,1753,2,11,-1,1,-1
2015132AM1033,1,9,0,15,0,0,0,0,0,0,4,1,6,2,26,6,1299,1,12,-1,1,-1
2015132AM1033,2,11,0,2,0,0,0,0,0,0,0,1,1,1,51,8,7300,2,14,-1,2,-1
2015132AM1146,1,9,0,18,0,0,0,0,0,0,3,1,6,1,41,7,1798,1,7,-1,1,-1
2015132AM1211,1,9,0,18,0,8,0,0,0,0,4,1,6,2,42,7,1497,8,10,-1,1,-1
2015132AM1211,2,9,0,18,0,6,0,0,0,0,1,1,6,2,22,5,1796,1,14,-1,1,-1
2015132AM1432,1,1,0,18,0,0,0,0,0,0,1,1,6,1,37,7,-1,-1,-1,-1,1,-1
2015132AM1432,2,9,0,10,0,0,0,0,0,0,2,1,6,2,34,6,1598,1,7,-1,1,-1
2015132AM1432,3,9,0,18,0,0,0,0,0,0,3,1,1,1,32,6,1797,8,5,-1,1,-1
2015132AM1652,1,9,0,18,0,8,0,0,0,0,1,1,6,1,56,9,1560,2,2,-1,1,-1
2015132AM1652,2,9,0,9,0,6,0,0,0,0,3,1,6,1,21,5,998,1,11,-1,1,-1
2015132AM1671,1,9,0,4,0,2,0,0,0,0,1,1,1,2,34,6,-1,-1,-1,-1,1,-1
2015132AM1671,2,19,0,1,0,2,0,0,0,0,2,1,6,3,-1,-1,2402,2,8,-1,-1,-1
2015132AN0236,1,9,0,18,0,1,0,0,0,0,1,1,2,2,31,6,2967,2,4,-1,1,-1
2015132AN0236,2,9,0,18,0,1,0,0,0,0,2,1,2,2,27,6,998,1,8,-1,1,-1
2015132AN0248,1,21,0,18,0,0,0,0,0,0,4,1,1,1,46,8,12809,2,1,-1,-1,-1
2015132AN0248,2,1,0,18,0,0,0,0,1,0,3,1,6,1,59,9,-1,-1,-1,-1,3,-1
2015132AN0465,1,9,0,18,0,0,0,0,0,0,4,1,6,1,32,6,1797,8,4,-1,1,-1
2015132AN0465,2,9,0,12,0,0,0,0,0,0,3,1,6,2,19,4,-1,-1,-1,-1,-1,-1
2015132AN0750,1,9,0,4,0,0,0,0,0,0,2,1,6,2,33,6,1910,2,6,-1,2,-1
2015132AN0750,2,9,0,18,0,0,0,0,0,0,1,1,6,2,36,7,1968,2,1,-1,2,-1
2015132AN0938,1,9,0,14,0,0,0,0,0,0,3,1,6,2,42,7,1598,2,-1,-1,1,-1
2015132AN0938,2,8,0,2,0,0,0,0,0,0,3,1,1,1,32,6,1968,2,7,-1,1,-1
2015132AN0938,3,11,0,18,0,0,0,0,0,0,4,1,1,1,54,8,9360,2,6,-1,1,-1
2015132AN0944,1,9,0,9,0,8,0,0,0,0,3,1,6,3,-1,-1,-1,-1,-1,-1,-1,-1
2015132AN0992,1,9,0,7,0,0,0,0,0,0,3,1,6,1,30,6,1560,2,9,-1,1,-1
2015132AN0992,2,19,0,4,0,0,0,0,0,0,4,1,1,1,43,7,1598,2,4,-1,1,-1
2015132AN0992,3,19,0,3,0,0,0,0,0,0,0,1,1,1,66,10,-1,-1,-1,-1,3,-1
2015132AN1190,1,1,0,18,0,0,0,0,0,0,1,1,6,1,20,4,-1,-1,-1,-1,1,-1
2015132AN1190,2,9,0,18,0,0,0,0,0,0,1,1,6,1,41,7,1497,8,7,-1,1,-1
2015132AN1235,1,9,0,9,0,5,0,0,0,0,1,1,1,1,36,7,1998,2,6,-1,-1,-1
2015132AN1235,2,1,0,18,0,8,0,0,0,0,3,1,2,2,31,6,-1,-1,-1,-1,-1,-1
2015132AN1383,1,9,0,18,0,0,0,0,0,0,1,1,6,1,33,6,2231,2,5,-1,-1,-1
2015132AN1383,2,9,0,2,0,0,0,0,0,0,2,1,6,1,63,9,1364,1,4,-1,1,-1
2015132AN1475,1,9,0,18,0,1,0,0,0,0,1,1,6,1,26,6,1598,1,10,-1,1,-1
2015132AN1475,2,9,0,7,0,6,0,0,0,0,3,1,6,2,23,5,1560,2,7,-1,1,-1
2015132AN1780,1,8,0,5,0,8,0,0,0,0,3,1,1,1,56,9,1968,2,5,-1,1,-1
2015132AN1780,2,1,0,18,0,1,0,0,0,0,4,1,6,2,50,8,-1,-1,-1,-1,1,-1
2015132AO0148,1,9,0,18,0,8,0,0,0,0,1,1,6,1,20,4,2972,1,17,-1,1,-1
2015132AO0148,2,9,0,2,0,2,0,0,0,0,1,1,6,2,36,7,998,1,14,-1,1,-1
2015132AO0148,3,9,0,18,0,8,0,0,0,0,1,1,6,1,34,6,2993,2,3,-1,-1,-1
2015132AO0245,1,19,0,18,0,1,0,0,1,1,1,1,6,1,32,6,2143,2,-1,-1,1,-1
2015132AO0398,1,9,0,9,0,8,0,0,0,0,1,1,6,2,44,7,1991,2,6,-1,3,-1
2015132AO0398,2,3,0,18,0,1,0,0,0,0,3,1,6,1,22,5,125,1,15,-1,1,-1
2015132AO0536,1,9,0,9,0,5,0,0,0,0,1,1,6,2,86,11,2495,1,8,-1,1,-1
2015132AO0578,1,19,0,18,0,8,0,0,1,7,1,1,6,1,19,4,2198,2,4,-1,2,-1
2015132AO0578,2,9,0,18,0,8,0,0,0,0,1,1,6,1,19,4,1248,2,6,-1,3,-1
2015132AO0587,1,8,0,18,0,0,0,0,0,0,1,1,1,1,53,8,1797,8,-1,-1,1,-1
2015132AO0724,1,9,0,18,0,1,0,0,1,0,1,1,6,3,-1,-1,1596,1,19,-1,-1,-1
2015132AO0724,2,9,0,4,0,1,0,0,7,0,2,1,6,1,52,8,2172,2,13,-1,1,-1
2015132AO0728,1,9,0,4,0,1,0,0,0,0,2,1,6,2,36,7,1398,1,5,-1,1,-1
2015132AO0728,2,9,0,4,0,1,0,0,0,0,2,1,2,2,24,5,1242,1,6,-1,1,-1
2015132AO0728,3,9,0,18,0,1,0,0,0,0,1,1,6,2,17,4,1242,1,12,-1,1,-1
2015132AO0728,4,9,0,18,0,1,1,0,0,0,1,1,6,2,55,8,1388,1,5,-1,1,-1
2015132AO0858,1,9,0,6,0,0,0,0,0,0,3,1,6,1,77,11,1850,1,16,-1,2,-1
2015132AO0858,2,3,0,18,0,0,0,0,0,0,1,1,6,1,17,4,124,1,1,-1,2,-1
2015132AO0929,1,9,0,7,0,6,0,0,0,0,1,1,6,1,57,9,998,1,2,-1,1,-1
2015132AO0929,2,1,0,4,0,1,0,0,0,0,0,1,6,1,10,2,-1,-1,-1,-1,1,-1
2015132AO0975,1,9,0,18,0,7,0,0,0,0,1,1,6,2,36,7,1386,1,8,-1,2,-1
2015132AO0975,2,9,0,18,0,7,0,0,0,0,1,1,6,1,27,6,998,1,14,-1,1,-1
2015132AO1520,1,9,0,9,0,6,0,0,0,0,1,1,6,1,56,9,1299,1,14,-1,1,-1
2015132AP0371,1,9,0,9,0,8,0,0,0,0,1,1,2,1,38,7,-1,-1,-1,-1,1,-1
2015132AP0422,1,9,0,18,0,6,0,0,0,0,3,1,2,2,56,9,1596,1,7,-1,1,-1
2015132AP0422,2,9,0,18,0,8,0,0,0,0,1,1,6,1,54,8,2148,2,8,-1,1,-1
2015132AP0484,1,9,0,9,0,1,0,0,0,0,1,1,6,1,41,7,998,1,13,-1,1,-1
2015132AP0491,1,9,0,4,0,1,0,0,0,0,2,1,6,1,60,9,1560,2,-1,-1,1,-1
2015132AP0491,2,19,4,4,0,1,1,0,0,0,1,1,1,1,42,7,1998,2,11,-1,1,-1
2015132AP0599,1,9,0,5,0,0,0,0,0,0,1,1,6,1,28,6,1798,8,-1,-1,1,-1
2015132AP0601,1,9,0,18,0,0,0,0,0,0,1,1,6,1,24,5,1299,1,16,-1,1,-1
2015132AP0601,2,9,0,18,0,0,0,0,0,0,2,1,6,1,62,9,1796,1,16,-1,1,-1
2015132AP0705,1,2,0,17,0,0,0,0,1,10,1,1,6,1,17,4,49,1,9,-1,2,-1
2015132AP0745,1,9,0,9,0,6,0,0,0,0,1,1,1,1,54,8,-1,-1,-1,-1,1,-1
2015132AP0745,2,9,0,18,0,8,0,0,0,0,4,1,6,1,25,5,2231,2,7,-1,1,-1
2015132AP0892,1,9,0,9,0,6,0,0,0,0,1,1,6,1,50,8,1995,2,10,-1,1,-1
2015132AP0892,2,9,0,18,0,8,0,0,0,0,4,1,6,2,23,5,1995,2,5,-1,1,-1
2015132AP0933,1,2,0,18,0,0,0,0,0,0,3,1,6,1,16,4,49,1,2,-1,1,-1
2015132AP0933,2,9,0,18,0,0,0,0,0,0,4,1,6,3,-1,-1,-1,-1,-1,-1,-1,-1
2015132AP1002,1,9,0,7,0,0,0,0,0,0,4,1,6,2,-1,-1,1598,2,3,-1,1,-1
2015132AP1028,1,9,0,11,0,3,0,0,0,0,1,1,6,2,-1,-1,-1,-1,-1,-1,-1,-1
2015132AP1028,2,5,0,18,0,3,2,0,1,0,1,1,6,1,49,8,885,1,23,-1,1,-1
2015132AP1076,1,9,0,18,0,1,0,0,0,0,1,1,6,1,-1,-1,1229,1,8,-1,-1,-1
2015132AP1076,2,9,0,18,0,1,0,0,0,0,2,1,6,1,52,8,1998,2,8,-1,1,-1
2015132AP1151,1,19,0,9,0,0,0,0,0,7,1,1,6,1,71,10,2143,2,4,-1,-1,-1
2015132AP1151,2,9,0,9,0,0,0,0,0,0,4,1,6,1,30,6,1390,1,8,-1,-1,-1
2015132AP1151,3,9,0,9,0,0,0,0,0,0,1,1,6,1,46,8,1560,2,1,-1,-1,-1
2015132AP1356,1,3,0,14,0,0,1,0,0,0,0,1,2,1,37,7,125,1,1,-1,1,-1
2015132AP1356,2,19,0,2,0,0,0,0,0,0,0,1,6,3,-1,-1,2402,2,8,-1,-1,-1
2015132AP1472,1,9,0,18,0,0,0,0,0,0,1,1,6,1,61,9,1995,2,8,-1,3,-1
2015132AP1472,2,9,0,4,0,0,0,0,0,0,2,1,6,1,46,8,1995,2,7,-1,2,-1
2015132AP1472,3,9,0,4,0,0,0,0,0,0,2,1,6,2,26,6,2000,1,6,-1,1,-1
2015132AP1591,1,9,0,18,0,0,0,0,0,0,1,1,6,1,21,5,2171,1,11,-1,1,-1
2015132AP1898,1,9,0,18,0,1,0,0,0,0,1,1,6,1,21,5,1598,2,4,-1,1,-1
2015132AP1898,2,9,0,3,0,1,0,0,0,0,2,1,6,1,46,8,1598,1,12,-1,1,-1
2015132AP1898,3,9,0,3,0,1,0,0,0,0,2,1,6,1,52,8,1598,1,2,-1,1,-1
2015132AP1898,4,9,0,18,0,1,0,0,0,0,0,1,1,1,34,6,2993,2,2,-1,-1,-1
2015132AP1898,5,21,0,18,0,1,0,0,0,0,0,1,1,1,40,7,6693,2,2,-1,1,-1
2015132AP1898,6,9,0,18,0,1,0,0,0,0,0,1,6,1,51,8,998,1,5,-1,1,-1
2015132AQ0078,1,8,0,18,0,6,0,0,0,0,1,1,1,1,33,6,1968,2,7,-1,1,-1
2015132AQ0078,2,9,0,18,0,8,0,0,0,0,4,1,6,2,20,4,1398,1,-1,-1,1,-1
2015132AQ0480,1,8,0,9,0,5,0,0,0,0,1,1,1,1,40,7,1598,2,4,-1,1,-1
2015132AQ0480,2,1,0,18,0,8,0,0,0,0,1,1,6,1,17,4,-1,-1,-1,-1,1,-1
2015132AQ0480,3,9,0,10,0,1,0,0,0,0,3,1,6,1,33,6,1995,2,7,-1,1,-1
2015132AQ0522,1,11,0,18,2,0,0,0,0,0,1,1,1,1,50,8,7300,2,11,-1,1,-1
2015132AQ0798,1,9,0,18,0,0,0,0,0,0,1,1,2,1,22,5,1461,2,9,-1,1,-1
2015132AQ0798,2,9,0,4,0,0,0,0,0,0,2,1,2,2,45,7,1986,2,9,-1,2,-1
2015132AQ0964,1,9,0,18,0,1,0,0,0,11,1,1,6,1,-1,-1,1596,1,12,-1,-1,-1
2015132AQ0964,2,9,0,18,0,1,0,0,0,11,4,1,6,1,26,6,1149,1,15,-1,1,-1
2015132AQ1086,1,9,0,3,0,1,0,0,0,0,1,1,6,1,50,8,1598,2,4,-1,1,-1
2015132AQ1086,2,19,0,9,0,8,0,0,0,0,3,1,6,3,-1,-1,2402,2,9,-1,-1,-1
2015132AQ1110,1,21,1,4,0,0,0,0,0,0,1,1,1,1,50,8,12130,2,10,-1,-1,-1
2015132AQ1110,2,9,0,4,0,0,0,0,1,0,2,1,6,2,40,7,1997,2,12,-1,-1,-1
2015132AQ1110,3,21,1,4,0,0,0,0,0,0,2,1,1,1,50,8,12777,2,-1,-1,-1,-1
2015132AQ1215,1,9,0,2,0,0,0,0,0,0,0,1,6,2,43,7,1560,2,4,-1,2,-1
2015132AQ1215,2,1,0,18,0,0,0,0,0,0,1,1,6,1,41,7,-1,-1,-1,-1,1,-1
2015132AQ1290,1,9,0,9,0,1,0,0,0,0,3,1,6,2,32,6,1896,2,12,-1,1,-1
2015132AQ1290,2,4,0,18,0,1,0,0,0,0,3,1,6,1,17,4,125,1,5,-1,1,-1
2015132AQ1745,1,19,0,4,7,0,0,0,1,0,3,1,1,1,53,8,2148,2,10,-1,1,-1
2015132AQ1745,2,21,1,18,0,0,0,0,0,0,4,1,1,1,35,6,12809,2,2,-1,1,-1
2015132AR0225,1,9,0,18,0,0,0,0,0,0,4,1,6,1,35,6,-1,-1,-1,-1,2,-1
2015132AR0225,2,1,0,18,0,0,0,0,0,0,3,1,6,1,34,6,-1,-1,-1,-1,1,-1
2015132AR0304,1,9,0,18,0,6,0,0,0,0,3,1,3,2,25,5,-1,-1,-1,-1,1,-1
2015132AR0304,2,9,0,18,0,1,0,0,0,0,1,1,2,1,30,6,1560,2,1,-1,1,-1
2015132AR0487,1,9,0,7,0,5,1,0,0,0,1,1,6,1,23,5,2800,2,21,-1,1,-1
2015132AR0487,2,19,0,4,0,1,0,0,0,0,3,1,6,1,28,6,1868,2,11,-1,1,-1
2015132AR0645,1,9,0,17,0,0,0,0,0,0,1,1,6,1,30,6,1198,1,13,-1,1,-1
2015132AR0645,2,9,0,16,0,0,0,0,0,0,1,1,1,1,52,8,1968,2,1,-1,2,-1
2015132AR0654,1,11,0,18,0,8,0,0,0,0,1,1,1,1,45,7,9360,2,7,-1,1,-1
2015132AR0654,2,20,0,3,0,8,0,0,0,0,2,1,1,1,28,6,-1,-1,-1,-1,1,-1
2015132AR0752,1,9,0,18,0,1,0,0,0,0,1,1,6,2,40,7,998,1,13,-1,1,-1
2015132AR0752,2,9,0,9,0,6,0,0,0,0,3,1,6,2,82,11,1968,2,-1,-1,1,-1
2015132AR0762,1,9,0,18,0,0,0,0,0,0,4,1,6,1,87,11,996,1,3,-1,1,-1
2015132AR0878,1,9,0,17,0,0,1,0,0,0,2,1,6,1,24,5,1497,1,11,-1,1,-1
2015132AR0878,2,9,0,18,0,0,0,0,0,0,1,1,6,1,26,6,1199,1,13,-1,1,-1
2015132AR1031,1,9,0,18,0,4,0,0,0,0,1,1,6,1,62,9,1242,1,9,-1,1,-1