Accident_Index,Vehicle_Reference,Vehicle_Type,Towing_and_Articulation,Vehicle_Manoeuvre,Vehicle_Location-Restricted_Lane,Junction_Location,Skidding_and_Overturning,Hit_Object_in_Carriageway,Vehicle_Leaving_Carriageway,Hit_Object_off_Carriageway,1st_Point_of_Impact,Was_Vehicle_Left_Hand_Drive?,Journey_Purpose_of_Driver,Sex_of_Driver,Age_of_Driver,Age_Band_of_Driver,Engine_Capacity_(CC),Propulsion_Code,Age_of_Vehicle,Driver_IMD_Decile,Driver_Home_Area_Type,Vehicle_IMD_Decile
2015132B41445,2,9,0,18,0,8,0,0,0,0,1,1,6,1,42,7,2143,2,1,-1,1,-1
2015132B41451,1,19,0,9,0,8,0,0,0,0,1,1,6,3,-1,-1,1995,2,3,-1,-1,-1
2015132B41451,2,1,0,18,0,8,0,0,0,0,3,1,6,2,42,7,-1,-1,-1,-1,1,-1
2015132B50207,1,11,0,18,0,8,0,0,0,0,0,1,1,1,63,9,9000,2,16,-1,1,-1
2015132B50287,1,9,0,18,0,8,0,0,0,0,4,1,6,1,31,6,-1,-1,-1,-1,1,-1
2015132B50287,2,9,0,9,0,8,0,0,0,0,1,1,6,1,19,4,1796,1,7,-1,1,-1
2015132B50335,1,9,0,4,0,1,0,0,0,0,2,1,6,1,22,5,998,1,1,-1,1,-1
2015132B50335,2,8,0,4,0,1,0,0,0,0,2,1,6,1,36,7,1598,1,2,-1,1,-1
2015132B50335,3,9,0,18,0,1,0,0,0,0,1,1,6,1,58,9,2800,2,15,-1,-1,-1
2015132B50421,1,9,0,5,0,6,1,0,0,0,1,1,1,2,52,8,1396,1,13,-1,1,-1
2015132B50421,2,9,0,18,0,8,0,0,0,0,3,1,3,2,41,7,1149,1,7,-1,1,-1
2015132B50436,1,9,0,16,0,0,0,0,0,0,4,1,6,1,75,10,1968,2,2,-1,1,-1
2015132B50436,2,9,0,17,0,0,0,10,0,0,4,1,6,1,36,7,1461,2,-1,-1,1,-1
2015132B50528,1,9,0,5,0,0,0,0,0,0,4,1,1,1,48,8,1598,2,5,-1,1,-1
2015132B50556,1,11,0,5,2,8,0,0,0,0,0,1,1,1,32,6,7300,2,13,-1,1,-1
2015132B50962,1,9,0,18,0,8,0,0,0,0,2,1,6,2,50,8,1968,2,-1,-1,1,-1
2015132B50962,2,8,0,18,0,8,0,0,0,0,1,1,1,1,42,7,1998,2,8,-1,1,-1
2015132B50991,1,9,0,6,0,0,0,0,7,0,3,1,6,1,75,10,1198,1,12,-1,2,-1
2015132B50991,2,20,0,18,0,0,1,0,0,0,1,1,1,1,46,8,4250,2,9,-1,1,-1
2015132B51043,1,9,0,4,0,0,0,0,0,0,0,1,2,2,24,5,1968,2,8,-1,-1,-1
2015132B51043,2,9,0,4,0,0,0,0,0,0,0,1,2,2,49,8,1199,1,11,-1,1,-1
2015132B51068,1,9,0,18,0,0,0,4,0,0,1,1,6,1,28,6,1995,2,2,-1,1,-1
2015132B51068,2,9,0,18,0,0,0,0,0,0,3,1,6,2,30,6,1598,1,11,-1,1,-1
2015132B51068,3,9,0,2,0,0,5,0,1,0,2,1,6,3,-1,-1,1390,1,10,-1,1,-1
2015132B51068,4,9,0,2,0,0,0,0,0,0,2,1,6,3,-1,-1,1598,1,10,-1,1,-1
2015132B51193,1,11,0,18,0,0,0,0,0,0,1,1,6,1,27,6,6692,2,3,-1,-1,-1
2015132B51307,1,9,0,4,0,0,0,0,2,7,2,1,1,2,35,6,1248,1,-1,-1,2,-1
2015132B51307,2,21,1,18,0,0,0,0,0,0,1,1,1,1,47,8,11705,2,8,-1,1,-1
2015132B51307,3,9,0,18,0,0,0,0,0,0,1,1,6,1,55,8,1368,1,7,-1,1,-1
2015132B51307,4,21,1,18,0,0,0,0,0,0,1,1,1,1,53,8,12777,2,-1,-1,1,-1
2015132B51334,1,9,0,18,0,0,0,0,0,0,0,1,2,1,54,8,1870,2,14,-1,1,-1
2015132B51358,1,9,0,5,0,8,0,0,0,0,1,1,6,1,45,7,1968,2,3,-1,1,-1
2015132B51358,2,19,0,18,0,1,1,0,0,0,1,1,6,1,26,6,-1,-1,-1,-1,1,-1
2015132B51358,3,9,0,3,0,1,0,0,0,0,1,1,6,1,36,7,-1,-1,-1,-1,1,-1
2015132B51410,1,20,0,18,0,0,0,0,0,0,1,1,6,3,-1,-1,-1,-1,-1,-1,-1,-1
2015132B51455,1,9,0,9,0,8,0,0,0,0,3,1,6,2,18,4,1199,2,3,-1,2,-1
2015132B51455,2,3,0,18,0,1,0,0,0,0,1,1,6,1,24,5,124,1,2,-1,1,-1
2015132B51511,1,9,0,18,0,0,0,0,0,0,4,1,1,1,61,9,1998,2,8,-1,1,-1
2015132B51665,1,9,0,18,0,0,0,0,0,0,3,1,6,3,-1,-1,-1,-1,-1,-1,-1,-1
2015132B51782,1,9,0,18,0,8,0,0,0,0,0,1,6,3,-1,-1,1910,2,8,-1,-1,-1
2015132B51782,2,9,0,5,0,6,0,0,0,0,3,1,6,1,41,7,-1,3,4,-1,1,-1
2015132B60066,1,9,0,18,0,0,0,0,0,0,1,1,6,1,35,6,1896,2,6,-1,1,-1
2015132B60151,1,9,0,9,0,8,0,0,0,0,1,1,6,1,23,5,1896,2,12,-1,1,-1
2015132B60223,1,9,0,18,0,1,1,0,0,0,1,1,6,3,32,6,3960,1,19,-1,-1,-1
2015132B60223,2,90,0,3,0,1,0,0,0,0,1,1,1,1,30,6,-1,-1,-1,-1,1,-1
2015132B60312,1,19,0,9,0,5,0,0,0,0,0,1,1,1,55,8,2402,2,9,-1,-1,-1
2015132B60312,2,3,0,15,0,8,2,0,0,0,0,1,2,1,24,5,124,1,32,-1,-1,-1
2015132B60373,1,8,0,9,0,2,0,0,0,0,1,1,1,1,33,6,1968,2,7,-1,1,-1
2015132B60373,2,8,0,9,0,2,0,0,0,0,1,1,1,1,56,9,1997,2,4,-1,1,-1
2015132B60512,1,9,0,5,0,0,0,0,0,0,3,1,6,2,47,8,1200,1,-1,-1,1,-1
2015132B60512,2,9,0,18,0,0,0,0,0,0,1,1,6,1,47,8,1461,2,10,-1,1,-1
2015132B60660,1,19,0,1,7,0,0,0,0,0,2,1,1,1,27,6,2143,2,1,-1,1,-1
2015132B61021,1,9,0,5,9,0,0,0,0,0,1,1,6,1,23,5,-1,-1,-1,-1,-1,-1
2015132B61270,1,9,0,9,0,5,0,0,0,0,4,1,6,2,29,6,1799,1,9,-1,1,-1
2015132B61270,2,1,0,18,0,1,0,0,0,0,1,1,6,1,19,4,-1,-1,-1,-1,1,-1
2015132B61314,1,9,0,10,0,1,0,0,0,0,2,1,6,1,42,7,1783,1,12,-1,1,-1
2015132B61314,2,9,0,18,0,1,0,0,0,0,1,1,6,1,30,6,1686,2,11,-1,1,-1
2015132B61426,1,9,0,6,0,0,0,0,0,0,1,1,6,3,-1,-1,-1,-1,-1,-1,-1,-1
2015132B61426,2,5,0,18,0,0,0,0,0,0,1,1,6,1,45,7,996,1,9,-1,1,-1
2015132B61501,1,9,0,4,0,0,0,0,0,0,0,1,6,3,-1,-1,2967,2,8,-1,-1,-1
2015132B61501,2,9,0,4,0,0,0,0,0,0,0,1,6,2,32,6,2231,2,5,-1,1,-1
2015132B61618,1,9,0,18,0,8,0,0,0,0,1,1,6,1,51,8,1997,2,12,-1,1,-1
2015132B61618,2,1,0,18,0,8,5,0,1,0,4,1,6,1,13,3,-1,-1,-1,-1,1,-1
2015132B61705,1,5,0,18,0,0,0,0,0,0,1,1,2,1,41,7,598,1,15,-1,1,-1
2015132B61805,1,9,0,18,0,0,0,0,0,0,1,1,6,1,30,6,-1,-1,-1,-1,1,-1
2015132B61805,2,9,0,3,0,0,0,0,0,0,2,1,6,1,69,10,1398,1,1,-1,1,-1
2015132B61805,3,9,0,3,0,0,0,0,0,0,2,1,6,1,-1,-1,2698,2,7,-1,1,-1
2015132B61923,1,3,0,18,0,0,0,0,0,0,3,1,6,1,21,5,125,1,3,-1,2,-1
2015132B61923,2,19,0,18,0,0,0,0,0,0,3,1,6,1,38,7,2402,2,8,-1,2,-1
2015132B70250,1,9,0,1,0,0,0,0,1,1,2,1,6,2,20,4,1598,1,-1,-1,1,-1
2015132B70250,2,9,0,3,0,0,0,0,0,0,0,1,6,1,19,4,1496,2,-1,-1,3,-1
2015132B70375,1,9,0,9,0,0,0,0,0,0,1,1,2,1,46,8,1598,1,17,-1,1,-1
2015132B70416,1,9,0,18,8,0,0,0,1,7,3,1,6,1,31,6,2993,2,7,-1,1,-1
2015132B70467,1,9,0,18,0,0,1,0,1,0,1,1,2,2,26,6,1598,1,10,-1,2,-1
2015132B70614,1,9,0,18,0,0,2,11,1,11,4,1,6,1,25,5,1796,1,6,-1,1,-1
2015132B70719,1,9,0,4,0,8,0,0,0,0,1,1,6,2,26,6,1753,2,12,-1,2,-1
2015132B70719,2,9,0,18,0,8,0,0,0,0,1,1,6,1,46,8,1968,2,8,-1,1,-1
2015132B70737,1,9,0,18,0,0,0,0,0,0,1,1,6,1,45,7,1956,2,2,-1,2,-1
2015132B70753,1,9,0,9,0,8,0,0,0,0,1,1,6,2,36,7,1598,1,8,-1,1,-1
2015132B70845,1,9,0,5,0,4,0,0,0,0,0,1,6,2,42,7,1995,2,6,-1,2,-1
2015132B70845,2,1,0,5,0,4,1,0,1,0,4,1,6,1,42,7,-1,-1,-1,-1,-1,-1
2015132B70917,1,2,0,18,0,0,1,0,0,0,1,1,6,1,17,4,49,1,5,-1,1,-1
2015132B70917,2,9,0,3,0,0,0,0,0,0,2,1,6,1,34,6,1796,1,9,-1,1,-1
2015132B71013,1,9,0,18,0,0,0,0,0,0,1,1,6,1,30,6,2148,2,12,-1,1,-1
2015132B71013,2,9,0,18,0,0,0,0,0,0,2,1,6,1,42,7,1560,2,5,-1,1,-1
2015132B71066,1,9,0,16,0,0,0,0,0,0,1,1,6,1,23,5,1299,1,12,-1,-1,-1
2015132B71066,2,9,0,17,0,0,0,0,7,11,1,1,6,1,19,4,1364,1,8,-1,-1,-1
2015132B71105,1,9,0,18,0,1,0,0,0,0,3,1,6,2,42,7,1198,1,6,-1,1,-1
2015132B71105,2,9,0,18,0,1,0,0,0,0,3,1,6,1,36,7,1686,2,3,-1,2,-1
2015132B71117,1,9,0,18,0,2,0,0,0,0,1,1,6,2,43,7,1560,2,2,-1,1,-1
2015132B71181,1,9,0,17,0,0,5,0,2,3,1,1,6,1,23,5,1248,2,11,-1,1,-1
2015132B71315,1,9,0,9,0,6,0,0,0,0,3,1,6,1,54,8,1461,2,10,-1,1,-1
2015132B71315,2,3,0,18,0,8,0,0,7,0,1,1,6,1,29,6,125,1,13,-1,1,-1
2015132B71352,1,9,0,18,0,8,0,0,0,7,1,1,6,1,24,5,1900,2,10,-1,1,-1
2015132B71352,2,9,0,9,0,8,0,0,0,0,4,1,6,1,22,5,1229,1,3,-1,-1,-1
2015132B71355,1,9,0,7,0,5,0,0,0,0,4,1,6,1,27,6,998,1,13,-1,1,-1
2015132B71355,2,3,0,18,0,8,5,0,0,0,1,1,6,1,18,4,125,1,-1,-1,1,-1
2015132B71377,1,9,0,7,9,8,0,0,7,0,1,1,6,3,-1,-1,-1,-1,-1,-1,-1,-1
2015132B71386,1,9,0,9,0,8,0,0,0,0,4,1,6,2,18,4,1598,2,-1,-1,1,-1
2015132B71386,2,9,0,18,0,8,0,0,0,0,1,1,6,2,63,9,1598,1,9,-1,1,-1
2015132B71477,1,9,0,9,0,6,0,0,0,0,3,1,2,2,67,10,1995,2,10,-1,1,-1
2015132B71477,2,9,0,18,0,8,0,0,0,0,1,1,6,2,24,5,1968,2,5,-1,1,-1
2015132B71514,1,9,0,18,0,8,0,0,0,0,1,1,6,2,50,8,1997,2,12,-1,1,-1
2015132B71514,2,9,0,9,0,8,0,0,0,0,4,1,6,1,68,10,1997,2,11,-1,1,-1
2015132B71784,1,9,0,18,0,0,0,0,0,0,3,1,6,1,37,7,1956,2,2,-1,1,-1
2015132B71802,1,9,0,18,0,0,0,0,7,9,3,1,6,1,20,4,1248,2,11,-1,1,-1
2015132B71822,1,9,0,18,0,0,0,0,0,0,4,1,6,3,-1,-1,-1,-1,-1,-1,-1,-1
2015132B80248,1,9,0,18,0,0,0,0,4,2,4,1,6,2,25,5,3189,1,11,-1,1,-1
2015132B80662,1,9,0,5,0,6,0,0,3,0,3,1,6,1,29,6,1598,1,3,-1,-1,-1
2015132B80662,2,9,0,18,0,8,0,0,0,0,1,1,6,1,31,6,3199,1,15,-1,-1,-1
2015132B80813,1,9,0,17,0,2,5,10,1,11,1,1,6,2,29,6,1339,1,10,-1,1,-1
2015132B80835,1,9,0,9,0,8,0,0,0,0,1,1,6,1,30,6,1086,1,11,-1,-1,-1
2015132B80835,2,11,0,18,0,8,0,0,0,0,3,1,1,1,53,8,4250,2,6,-1,1,-1
2015132B80907,1,9,0,17,0,0,5,0,1,9,4,1,6,1,18,4,1242,1,11,-1,1,-1
2015132B80920,1,9,0,9,0,1,0,0,0,0,4,1,6,1,53,8,1360,1,13,-1,1,-1
2015132B80920,2,1,0,18,0,1,0,0,0,0,1,1,6,1,51,8,-1,-1,-1,-1,-1,-1
2015132B81095,1,9,0,17,0,0,1,0,7,11,4,1,6,2,19,4,1229,1,2,-1,1,-1
2015132B81223,1,9,0,18,0,0,1,0,2,7,3,1,6,2,27,6,1968,2,5,-1,1,-1
2015132B81254,1,21,1,18,0,0,0,0,0,0,1,1,1,1,41,7,12740,2,1,-1,1,-1
2015132B81284,1,4,0,7,0,2,0,0,0,0,2,1,6,1,29,6,636,1,13,-1,1,-1
2015132B81284,2,19,0,7,0,2,0,0,0,0,1,1,6,1,37,7,2143,2,6,-1,1,-1
2015132B81460,1,9,0,10,0,1,0,0,0,0,3,1,6,2,26,6,1968,2,4,-1,1,-1
2015132B81460,2,9,0,7,0,5,0,0,0,0,1,1,6,1,29,6,2143,2,4,-1,-1,-1
2015132B90150,1,20,0,18,0,8,0,0,0,0,1,1,1,1,48,8,4462,2,2,-1,1,-1
2015132B90209,1,9,0,18,0,1,0,0,0,0,4,1,6,1,51,8,1598,2,-1,-1,3,-1
2015132B90225,1,19,0,18,0,8,0,0,0,0,1,1,6,2,34,6,-1,-1,-1,-1,-1,-1
2015132B90225,2,19,0,18,0,8,0,0,0,0,3,1,6,1,51,8,1896,2,12,-1,-1,-1
2015132B90273,1,9,0,18,0,8,0,0,0,0,1,1,6,2,75,10,1390,1,10,-1,1,-1
2015132B90273,2,9,0,18,0,8,0,0,1,1,3,1,1,2,39,7,1560,2,3,-1,1,-1
2015132B90389,1,9,0,18,0,0,0,0,0,0,3,1,6,2,35,6,1984,1,11,-1,1,-1
2015132B90389,2,21,1,18,0,0,0,0,0,0,4,1,1,3,-1,-1,-1,-1,-1,-1,-1,-1
2015132B90425,1,21,1,4,0,0,1,0,0,0,1,1,1,1,43,7,11946,2,3,-1,1,-1
2015132B90425,2,19,0,4,0,0,0,0,0,0,2,1,1,1,50,8,1461,2,2,-1,1,-1
2015132B90662,1,9,0,7,0,6,0,0,0,0,3,1,6,2,-1,-1,1328,1,5,-1,-1,-1
2015132B90662,2,9,0,10,0,1,0,0,0,0,4,1,6,2,43,7,2926,2,12,-1,1,-1
2015132B90816,1,9,0,4,0,0,0,0,0,0,2,1,1,1,54,8,1796,1,5,-1,1,-1
2015132B90816,2,11,0,4,0,0,0,0,0,0,1,1,1,1,31,6,5900,2,6,-1,1,-1
2015132B91117,1,9,0,18,0,8,0,0,1,11,1,1,6,1,16,4,-1,-1,-1,-1,1,-1
2015132B91117,2,9,0,2,0,8,0,0,0,0,2,1,6,3,-1,-1,1229,1,3,-1,-1,-1
2015132B91189,1,9,0,4,0,1,0,0,0,0,1,1,6,1,38,7,1598,1,7,-1,1,-1
2015132B91189,2,9,0,4,0,1,0,0,0,0,2,1,6,2,24,5,998,1,2,-1,3,-1
2015132B91241,1,3,0,18,2,0,0,0,0,0,1,1,6,1,42,7,125,1,2,-1,1,-1
2015132B91352,1,9,0,3,0,7,0,0,0,0,2,1,6,2,30,6,1396,1,10,-1,1,-1
2015132B91352,2,9,0,18,0,7,0,0,0,0,1,1,6,1,-1,-1,2143,2,1,-1,1,-1
2015132BA0107,1,9,0,18,0,8,0,0,0,0,1,1,6,1,39,7,1968,2,6,-1,2,-1
2015132BA0107,2,9,0,18,0,8,0,0,0,0,1,1,6,1,23,5,1968,2,5,-1,1,-1
2015132BA0301,1,9,0,7,0,5,0,0,0,0,4,1,2,1,25,5,1598,2,1,-1,1,-1
2015132BA0301,2,1,0,18,4,1,0,0,0,0,1,1,2,1,36,7,-1,-1,-1,-1,-1,-1
2015132BA0321,1,9,0,18,0,0,0,0,0,0,0,1,6,3,-1,-1,-1,-1,-1,-1,-1,-1
2015132BA0416,1,9,0,18,0,0,0,0,0,0,3,1,1,1,46,8,-1,-1,-1,-1,1,-1
2015132BA0416,2,9,0,18,0,0,5,0,0,0,1,1,6,1,31,6,-1,-1,-1,-1,1,-1
2015132BA0624,1,9,0,18,9,8,0,0,1,1,1,1,6,2,79,11,1390,1,5,-1,1,-1
2015132BA0737,1,9,0,4,0,7,0,0,0,0,4,1,6,1,28,6,1560,2,8,-1,3,-1
2015132BA0737,2,9,0,18,0,1,0,0,0,0,3,1,6,1,18,4,1149,1,10,-1,1,-1
2015132BA0760,1,9,0,18,0,6,0,0,0,0,4,1,6,2,35,6,1229,1,7,-1,-1,-1
2015132BA0760,2,21,1,18,0,6,0,0,0,0,3,1,1,1,65,9,-1,-1,-1,-1,-1,-1
2015132BA0871,1,9,0,4,0,0,0,0,0,0,0,1,1,1,-1,-1,-1,-1,-1,-1,1,-1
2015132BA0871,2,9,0,4,0,0,0,0,0,0,0,1,1,2,-1,-1,-1,-1,-1,-1,-1,-1
2015132BA0983,1,9,0,18,0,2,0,0,0,0,1,1,6,1,49,8,2446,2,19,-1,1,-1
2015132BA1084,1,9,0,18,0,0,0,0,0,0,4,1,6,2,23,5,1229,1,1,-1,1,-1
2015132BA1153,1,9,0,18,0,1,0,0,0,0,1,1,6,1,-1,-1,1984,1,1,-1,-1,-1
2015132BA1153,2,9,0,4,0,1,0,0,0,0,2,1,2,2,30,6,1686,2,10,-1,1,-1
2015132BA1153,3,9,0,4,0,1,0,0,0,0,2,1,2,1,53,8,1497,8,-1,-1,3,-1
2015132BA1321,1,9,0,18,0,8,0,0,0,0,1,1,6,3,-1,-1,-1,-1,-1,-1,-1,-1
2015132BA1321,2,9,0,10,0,8,0,0,0,0,3,1,2,2,26,6,1198,1,2,-1,1,-1
2015132BA1443,1,11,1,18,0,0,0,11,0,0,1,1,1,1,27,6,7300,2,8,-1,1,-1
2015132BA1549,1,11,0,5,0,0,0,0,0,0,0,1,1,1,50,8,7300,2,8,-1,1,-1
2015132BA1733,1,9,0,9,0,8,0,0,0,0,1,1,6,1,32,6,1984,1,-1,-1,1,-1
2015132BA1733,2,9,0,18,0,8,0,0,0,0,1,1,6,2,55,8,1560,2,10,-1,2,-1
2015132BB0108,1,9,0,18,0,8,0,0,7,1,4,1,6,3,-1,-1,1596,1,13,-1,-1,-1
2015132BB0108,2,9,0,18,0,8,0,0,1,11,1,1,6,1,53,8,1995,2,9,-1,1,-1
2015132BB0282,1,9,0,9,0,8,0,0,0,0,4,1,2,2,44,7,1390,1,5,-1,1,-1
2015132BB0293,1,9,0,18,0,0,0,0,0,0,1,1,6,2,54,8,1560,2,-1,-1,3,-1
2015132BB0293,2,9,0,2,0,0,0,0,0,0,2,1,3,2,45,7,1968,2,1,-1,1,-1
2015132BB0304,1,21,1,18,0,0,0,0,0,0,4,1,1,1,45,7,12777,2,5,-1,1,-1
2015132BB0304,2,9,0,18,0,0,0,0,5,6,3,1,1,2,45,7,1360,1,8,-1,1,-1
2015132BB0307,1,9,0,18,0,0,0,0,0,0,3,1,1,1,59,9,1794,1,7,-1,1,-1
2015132BB0335,1,9,0,9,0,6,0,0,0,0,3,1,2,2,55,8,998,1,7,-1,1,-1
2015132BB0335,2,5,0,18,0,1,5,0,0,0,1,1,6,1,25,5,649,1,2,-1,1,-1
2015132BB0688,1,9,0,18,0,8,0,0,0,0,3,1,6,1,60,9,-1,-1,-1,-1,-1,-1
2015132BB0688,2,9,0,18,0,8,0,0,0,0,4,1,6,2,25,5,1389,1,18,-1,-1,-1
2015132BB0895,1,9,0,9,0,8,0,0,0,0,1,1,6,1,31,6,-1,-1,-1,-1,-1,-1
2015132BB0895,2,9,0,7,0,8,0,0,0,0,3,1,6,2,50,8,1997,2,9,-1,-1,-1
2015132BB0950,1,9,0,9,0,6,0,0,0,0,1,1,6,1,28,6,-1,-1,-1,-1,1,-1
2015132BB0950,2,3,0,14,0,1,0,0,0,0,1,1,6,1,24,5,125,1,3,-1,1,-1
2015132BB0971,1,9,0,18,0,0,0,0,0,0,4,1,6,2,77,11,1560,2,2,-1,1,-1
2015132BB1117,1,9,0,18,0,3,0,0,0,0,1,1,6,2,86,11,1339,1,11,-1,1,-1
2015132BB1117,2,19,0,2,0,2,0,0,0,0,3,1,6,3,-1,-1,1248,2,3,-1,-1,-1
2015132BB1117,3,9,0,2,0,2,0,0,0,0,3,1,6,3,-1,-1,1328,1,-1,-1,-1,-1
2015132BB1215,1,9,0,18,0,0,0,0,0,0,2,1,6,1,24,5,2000,2,10,-1,1,-1
2015132BB1215,2,9,0,18,0,0,0,0,0,0,1,1,6,1,59,9,1560,2,10,-1,2,-1
2015132BB1223,1,1,0,18,0,0,0,0,0,0,4,1,6,1,12,3,-1,-1,-1,-1,-1,-1
2015132BB1223,2,9,0,18,0,0,0,0,0,0,1,1,6,1,51,8,-1,-1,-1,-1,-1,-1
2015132BB1225,1,1,0,18,0,0,5,0,0,0,1,1,6,1,21,5,-1,-1,-1,-1,-1,-1
2015132BB1225,2,9,0,2,0,0,0,0,0,0,2,1,6,1,29,6,2000,2,10,-1,-1,-1
2015132BB1280,1,9,0,6,0,0,0,0,0,0,1,1,6,1,31,6,1598,1,-1,-1,-1,-1
2015132BB1280,2,4,0,14,0,0,5,0,0,0,4,1,6,1,24,5,124,1,-1,-1,-1,-1
2015132BB1300,1,9,0,1,0,0,0,0,0,0,2,1,6,2,35,6,1560,2,6,-1,1,-1
2015132BB1413,1,9,0,18,0,8,0,0,0,0,1,1,6,1,41,7,1998,2,11,-1,1,-1
2015132BB1413,2,9,0,7,0,8,0,0,1,2,4,1,6,1,65,9,1198,1,1,-1,1,-1
2015132BB1515,1,9,0,9,0,1,0,0,0,0,4,1,6,2,45,7,1390,1,4,-1,1,-1
2015132BB1515,2,4,0,18,0,1,0,0,0,0,1,1,6,1,30,6,124,1,1,-1,1,-1
2015132BB1547,1,9,0,18,0,0,0,0,0,0,4,1,6,1,47,8,1997,2,14,-1,1,-1
2015132BB1547,2,21,1,18,0,0,0,0,0,0,3,1,6,3,-1,-1,-1,-1,-1,-1,-1,-1
2015132BB1575,1,9,0,1,0,8,0,0,0,0,2,1,6,2,-1,-1,-1,-1,-1,-1,-1,-1
2015132BC0243,1,9,0,9,0,8,0,0,0,0,3,1,6,3,-1,-1,-1,-1,-1,-1,-1,-1
2015132BC0243,2,9,0,9,0,8,0,0,0,0,4,1,6,1,18,4,1360,1,9,-1,1,-1
2015132BC0304,1,9,0,9,0,8,0,0,0,0,1,1,6,1,20,4,998,1,5,-1,1,-1
2015132BC0304,2,9,0,18,0,8,0,0,1,10,3,1,6,2,48,8,1198,1,6,-1,3,-1
2015132BC0425,1,9,0,18,0,2,0,0,0,0,1,1,6,3,-1,-1,-1,-1,-1,-1,-1,-1
2015132BC0691,1,11,0,18,0,8,0,0,0,0,1,1,1,1,45,7,7300,2,2,-1,-1,-1
2015132BC0740,1,19,0,12,0,0,1,0,0,0,3,1,6,1,36,7,2198,2,-1,-1,1,-1
2015132BC0740,2,21,0,18,0,0,0,0,0,0,4,1,1,1,46,8,11967,2,1,-1,1,-1
2015132BC0752,1,9,0,18,0,0,0,0,0,0,1,1,6,2,32,6,2179,2,7,-1,1,-1
2015132BC0752,2,9,0,18,0,0,0,0,0,0,2,1,6,1,22,5,1199,1,11,-1,1,-1
2015132BC0912,1,9,0,18,0,0,1,0,0,6,1,1,6,1,42,7,-1,-1,-1,-1,1,-1
2015132BC1009,1,9,0,18,0,0,0,0,1,0,1,1,6,2,58,9,1598,1,6,-1,1,-1
2015132BC1009,2,8,0,9,0,0,0,0,0,0,3,1,1,1,53,8,-1,-1,-1,-1,1,-1
2015132BC1026,1,19,0,18,0,1,2,0,0,0,3,1,1,1,35,6,-1,-1,-1,-1,-1,-1
2015132BC1026,2,9,0,18,0,8,1,0,7,1,1,1,6,2,71,10,-1,-1,-1,-1,1,-1
2015132BC1242,1,9,0,18,0,0,0,0,0,0,1,1,6,2,22,5,998,1,-1,-1,1,-1
2015132BC1283,1,9,0,6,0,3,0,0,0,0,3,1,6,1,59,9,2231,2,2,-1,2,-1
2015132BC1283,2,5,0,18,0,3,0,0,0,0,1,1,6,1,52,8,1085,1,19,-1,1,-1
2015132BC1284,1,9,0,8,0,4,0,0,0,0,2,1,6,2,28,6,1364,1,9,-1,1,-1
2015132BC1284,2,11,0,18,0,4,0,0,0,0,1,1,1,1,-1,-1,9360,2,4,-1,-1,-1
2015132BC1301,1,9,0,18,0,0,0,0,0,0,4,1,6,2,50,8,1587,1,11,-1,1,-1
2015132BC1341,1,9,0,1,0,0,0,0,0,0,2,1,3,2,69,10,1596,1,8,-1,1,-1
2015132BC1369,1,9,0,4,0,0,0,0,0,0,2,1,2,1,22,5,1496,2,-1,-1,1,-1
2015132BC1369,2,9,0,5,0,0,0,0,0,0,1,1,6,1,58,9,1598,1,10,-1,1,-1
2015132BC1445,1,9,0,5,0,0,0,0,0,0,4,1,6,1,25,5,1968,2,6,-1,1,-1
2015132BC1458,1,9,0,9,0,2,0,0,0,0,0,1,6,3,-1,-1,-1,-1,-1,-1,-1,-1
2015132BC1458,2,9,0,18,0,1,0,0,1,11,1,1,6,1,55,8,1461,2,3,-1,1,-1
2015132BC1475,1,9,0,7,0,1,0,0,0,0,1,1,6,3,-1,-1,1796,1,10,-1,-1,-1
2015132BC1475,2,9,0,18,0,1,0,0,0,0,1,1,6,2,76,11,999,1,9,-1,3,-1
2015132BC1479,1,9,0,10,0,0,0,0,0,0,2,1,6,1,28,6,1396,1,12,-1,1,-1
2015132BC1479,2,9,0,18,0,0,0,0,0,0,1,1,6,1,-1,-1,-1,-1,-1,-1,1,-1
2015132BC1772,1,9,0,18,0,0,0,0,0,0,1,1,6,1,34,6,1896,2,12,-1,1,-1
2015132BC1772,2,9,0,18,0,0,0,0,0,0,1,1,6,2,42,7,1598,1,15,-1,1,-1
2015132BC1792,1,9,0,18,0,0,0,0,2,4,3,1,6,1,17,4,1198,1,7,-1,1,-1
2015132BC1792,2,9,0,2,0,0,0,0,0,0,0,1,6,3,-1,-1,1560,2,6,-1,-1,-1
2015132BD0210,1,9,0,4,0,0,0,0,0,0,2,1,6,1,27,6,1388,1,9,-1,1,-1
2015132BD0210,2,3,0,4,0,0,0,0,0,0,1,1,6,2,36,7,124,1,9,-1,1,-1
2015132BD0252,1,9,0,9,0,8,0,0,0,0,1,1,6,2,-1,-1,1360,1,8,-1,1,-1
2015132BD0252,2,3,0,18,0,8,5,0,0,0,1,1,6,1,27,6,125,1,13,-1,1,-1
2015132BD0327,1,1,0,18,0,0,5,0,0,0,1,1,6,1,43,7,-1,-1,-1,-1,1,-1
2015132BD0327,2,9,0,18,0,0,0,0,0,0,0,1,6,3,-1,-1,-1,-1,-1,-1,-1,-1
2015132BD0586,1,9,0,18,0,8,0,0,0,0,1,1,6,1,24,5,1796,1,15,-1,1,-1
2015132BD0586,2,9,0,9,0,5,5,0,0,0,4,1,6,2,57,9,1242,1,6,-1,1,-1
2015132BD0586,3,9,0,10,0,1,0,0,0,0,1,1,6,2,51,8,1587,1,18,-1,2,-1
2015132BD0623,1,11,0,2,0,0,0,0,0,0,0,1,1,1,36,7,4250,2,14,-1,1,-1
2015132BD0689,1,3,0,17,0,0,1,0,1,9,3,1,6,1,23,5,-1,-1,-1,-1,1,-1
2015132BD0821,1,19,0,18,0,0,0,0,0,0,1,1,1,1,31,6,2148,2,9,-1,1,-1