Accident_Index,Vehicle_Reference,Vehicle_Type,Towing_and_Articulation,Vehicle_Manoeuvre,Vehicle_Location-Restricted_Lane,Junction_Location,Skidding_and_Overturning,Hit_Object_in_Carriageway,Vehicle_Leaving_Carriageway,Hit_Object_off_Carriageway,1st_Point_of_Impact,Was_Vehicle_Left_Hand_Drive?,Journey_Purpose_of_Driver,Sex_of_Driver,Age_of_Driver,Age_Band_of_Driver,Engine_Capacity_(CC),Propulsion_Code,Age_of_Vehicle,Driver_IMD_Decile,Driver_Home_Area_Type,Vehicle_IMD_Decile
2015132BD0847,1,9,0,18,0,0,1,0,0,0,1,1,2,1,59,9,1796,1,8,-1,1,-1
2015132BD0847,2,9,0,18,0,0,0,0,1,10,3,1,6,2,30,6,1461,2,1,-1,1,-1
2015132BD0877,1,9,0,9,0,8,0,0,0,0,3,1,6,1,55,8,2544,1,15,-1,1,-1
2015132BD0877,2,9,0,18,0,1,0,0,0,0,4,1,6,1,53,8,1896,2,10,-1,1,-1
2015132BD0900,1,9,0,5,0,0,0,0,0,0,3,1,3,2,46,8,1799,1,9,-1,1,-1
2015132BD0919,1,9,0,18,0,0,0,0,0,0,1,1,2,1,43,7,1461,2,8,-1,2,-1
2015132BD1039,1,19,0,18,0,0,0,0,0,0,4,1,6,3,-1,-1,-1,-1,-1,-1,-1,-1
2015132BD1081,1,9,0,18,0,1,0,0,0,0,4,1,6,1,46,8,1968,2,8,-1,1,-1
2015132BD1177,1,9,0,18,0,0,0,0,0,0,4,1,6,1,30,6,1388,1,7,-1,1,-1
2015132BD1177,2,9,0,18,0,0,0,0,0,0,1,1,6,1,30,6,1390,1,5,-1,1,-1
2015132BD1177,3,9,0,18,0,0,0,0,0,0,2,1,6,2,30,6,1968,2,4,-1,1,-1
2015132BD1209,1,9,0,7,0,5,2,0,7,4,1,1,6,2,79,11,1388,1,13,-1,1,-1
2015132BD1211,1,9,0,18,0,0,0,0,0,0,3,1,6,1,39,7,2771,7,13,-1,1,-1
2015132BD1211,2,9,0,18,0,0,0,0,0,0,3,1,6,1,33,6,1242,1,-1,-1,1,-1
2015132BD1211,3,9,0,6,0,0,0,0,0,0,1,1,6,3,-1,-1,2835,2,15,-1,-1,-1
2015132BD1319,1,9,0,1,0,0,0,0,0,0,4,1,6,3,-1,-1,-1,-1,-1,-1,-1,-1
2015132BD1425,1,9,0,18,0,8,0,0,0,0,3,1,6,1,23,5,998,1,5,-1,1,-1
2015132BD1425,2,9,0,18,0,8,0,0,0,0,4,1,6,1,25,5,1364,2,3,-1,-1,-1
2015132BD1431,1,9,0,18,0,0,0,0,0,0,1,1,6,1,22,5,1229,1,1,-1,1,-1
2015132BD1431,2,1,0,18,0,0,5,0,0,0,2,1,2,2,49,8,-1,-1,-1,-1,1,-1
2015132BD1623,1,9,0,18,0,0,0,0,0,0,1,1,6,2,27,6,1364,1,6,-1,3,-1
2015132BD1623,2,9,0,4,0,0,0,0,0,0,2,1,6,2,60,9,1229,1,1,-1,1,-1
2015132BE0071,1,8,0,18,0,0,0,0,0,0,1,1,1,1,29,6,2199,2,4,-1,1,-1
2015132BE0103,1,9,0,18,0,0,0,0,2,4,2,1,6,1,32,6,1975,1,9,-1,1,-1
2015132BE0681,1,9,0,4,0,1,0,0,0,0,1,1,6,2,27,6,1969,2,1,-1,1,-1
2015132BE0681,2,9,0,10,0,1,1,0,0,0,2,1,6,2,28,6,1396,1,3,-1,3,-1
2015132BE0875,1,9,0,4,0,5,1,0,0,0,1,1,6,1,23,5,1199,1,11,-1,-1,-1
2015132BE0875,2,9,0,3,0,5,0,0,0,0,2,1,6,1,34,6,1600,1,16,-1,-1,-1
2015132BE0875,3,9,0,3,0,5,0,0,0,0,2,1,6,2,40,7,2191,2,-1,-1,-1,-1
2015132BE1041,1,9,0,9,0,8,0,0,0,0,1,1,6,2,31,6,1596,1,9,-1,-1,-1
2015132BE1041,2,9,0,18,0,8,0,0,0,0,1,1,6,1,38,7,1360,1,10,-1,-1,-1
2015132BE1319,1,9,0,17,0,2,1,0,1,2,1,1,6,1,21,5,1360,1,13,-1,1,-1
2015132BE1367,1,9,0,18,0,8,0,0,3,11,1,1,6,1,36,7,-1,-1,-1,-1,3,-1
2015132BE1367,2,9,0,18,0,8,0,0,0,0,2,1,6,1,44,7,2148,2,10,-1,2,-1
2015132BE1367,3,9,0,2,0,8,0,0,0,0,3,1,6,3,-1,-1,1998,1,11,-1,2,-1
2015132BE1367,4,9,0,2,0,8,0,0,3,11,3,1,6,3,-1,-1,-1,-1,-1,-1,2,-1
2015132BE1442,1,9,0,18,0,0,0,0,0,0,1,1,6,1,20,4,1999,1,9,-1,1,-1
2015132BE1442,2,19,0,2,0,0,0,0,0,0,3,1,6,1,-1,-1,62,2,30,-1,-1,-1
2015132BE1514,1,9,0,18,0,0,0,0,0,0,1,1,6,3,-1,-1,-1,-1,-1,-1,-1,-1
2015132BE1546,1,9,0,18,0,0,0,0,4,6,1,1,6,1,65,9,1329,1,6,-1,1,-1
2015132BE1573,1,9,0,1,9,0,0,0,0,0,2,1,6,3,-1,-1,-1,-1,-1,-1,-1,-1
2015132BE1582,1,9,0,18,0,4,0,0,0,0,2,1,6,1,46,8,1896,2,9,-1,1,-1
2015132BE1582,2,9,0,18,0,4,0,0,0,0,1,1,6,3,-1,-1,1596,1,12,-1,-1,-1
2015132BE1645,1,9,0,18,0,0,0,0,0,0,1,1,6,1,26,6,1390,1,4,-1,1,-1
2015132BE1645,2,9,0,18,0,0,0,0,0,0,1,1,6,1,56,9,1995,2,10,-1,-1,-1
2015132BE1731,1,8,0,18,0,0,0,0,0,0,1,1,1,1,37,7,1598,2,3,-1,-1,-1
2015132BE1734,1,8,0,17,0,0,0,0,0,0,1,1,1,1,61,9,1686,2,8,-1,1,-1
2015132BE1744,1,9,0,18,0,0,0,0,0,0,1,1,6,1,55,8,2179,2,3,-1,1,-1
2015132BE1744,2,9,0,18,0,0,0,0,0,0,2,1,6,1,20,4,2204,2,5,-1,3,-1
2015132BF0263,1,21,1,18,0,0,0,0,0,0,3,1,1,1,52,8,12902,2,2,-1,1,-1
2015132BF0263,2,9,0,13,0,0,1,0,0,0,4,1,6,1,36,7,1242,1,10,-1,1,-1
2015132BF0288,1,9,0,9,9,1,1,0,1,1,1,1,6,1,20,4,1595,1,10,-1,1,-1
2015132BF0533,1,8,0,5,0,1,0,0,0,0,1,1,1,1,34,6,1598,2,4,-1,1,-1
2015132BF0584,1,9,0,4,0,1,0,0,0,0,1,1,6,2,31,6,1598,1,7,-1,2,-1
2015132BF0584,2,9,0,4,0,1,0,0,0,0,2,1,6,1,41,7,1596,1,9,-1,1,-1
2015132BF0776,1,9,0,4,0,1,0,0,0,0,1,1,6,1,30,6,1598,1,9,-1,1,-1
2015132BF0776,2,9,0,18,0,1,0,0,0,0,2,1,6,1,53,8,2401,2,11,-1,1,-1
2015132BF0975,1,9,0,18,0,8,0,0,0,0,4,1,6,1,28,6,1686,2,5,-1,-1,-1
2015132BF0975,2,16,0,18,0,6,0,0,0,0,1,1,6,2,20,4,-1,-1,-1,-1,-1,-1
2015132BF1096,1,9,0,15,0,8,0,0,0,0,3,1,6,2,26,6,998,1,1,-1,1,-1
2015132BF1096,2,9,0,18,0,8,0,0,0,0,1,1,6,1,48,8,1560,2,9,-1,1,-1
2015132BF1123,1,11,0,18,0,8,0,0,0,0,1,1,1,1,34,6,4461,2,1,-1,1,-1
2015132BF1401,1,9,0,18,0,8,0,0,0,0,1,1,6,1,46,8,1796,1,13,-1,1,-1
2015132BF1401,2,9,0,10,0,8,0,0,0,0,2,1,6,2,18,4,1339,1,11,-1,1,-1
2015132BF1594,1,9,0,18,0,0,1,0,5,7,2,1,6,1,22,5,998,1,11,-1,1,-1
2015132BF1594,2,9,0,18,0,0,0,0,0,0,3,1,6,1,18,4,998,1,2,-1,1,-1
2015132BF1594,3,9,0,18,0,0,0,1,0,0,1,1,6,2,32,6,1364,1,11,-1,1,-1
2015132BG0075,1,9,0,16,0,0,2,0,1,2,3,1,6,1,18,4,1229,1,10,-1,1,-1
2015132BG0228,1,9,0,9,0,6,0,0,0,0,3,1,2,1,38,7,1390,1,12,-1,1,-1
2015132BG0228,2,1,0,18,0,8,1,0,0,0,1,1,2,1,44,7,-1,-1,-1,-1,1,-1
2015132BG0268,1,9,0,18,0,0,0,0,0,0,1,1,2,1,35,6,2148,2,12,-1,1,-1
2015132BG0553,1,9,0,18,0,0,0,0,2,11,4,1,6,1,73,10,1248,2,2,-1,2,-1
2015132BG0913,1,9,0,3,0,0,0,0,0,2,1,1,6,1,20,4,1390,1,18,-1,1,-1
2015132BG0913,2,9,0,3,0,0,0,0,0,0,0,1,6,1,20,4,1984,1,8,-1,1,-1
2015132BG1002,1,9,0,8,0,1,0,0,0,0,4,1,6,1,29,6,1388,1,8,-1,1,-1
2015132BG1050,1,9,0,18,0,1,0,0,0,0,1,1,6,2,79,11,1328,1,5,-1,1,-1
2015132BG1141,1,9,0,18,0,0,0,0,1,7,1,1,1,2,39,7,1598,1,12,-1,-1,-1
2015132BG1160,1,9,0,4,0,0,0,0,4,0,2,1,6,1,22,5,1199,1,11,-1,-1,-1
2015132BG1160,2,19,0,18,0,0,0,0,0,0,1,1,1,1,19,4,1598,2,3,-1,1,-1
2015132BG1260,1,9,0,18,0,0,0,0,0,0,1,1,6,2,19,4,1197,1,3,-1,-1,-1
2015132BG1260,2,9,0,18,0,0,0,0,0,0,1,1,6,2,29,6,1997,2,9,-1,1,-1
2015132BG1269,1,9,0,7,0,5,0,0,0,0,4,1,2,1,35,6,1600,1,16,-1,-1,-1
2015132BG1269,2,1,0,18,0,8,2,0,0,0,1,1,2,1,24,5,-1,-1,-1,-1,-1,-1
2015132BG1360,1,9,0,18,0,0,0,0,0,0,4,1,2,1,39,7,-1,3,-1,-1,1,-1
2015132BG1436,1,9,0,18,0,8,0,0,0,0,4,1,6,1,83,11,1390,1,7,-1,2,-1
2015132BG1436,2,9,0,9,0,8,0,0,0,0,1,1,6,1,45,7,2993,2,2,-1,2,-1
2015132BG1633,1,9,0,3,0,1,0,0,0,0,4,1,1,1,29,6,1248,2,2,-1,-1,-1
2015132BG1633,2,9,0,1,0,1,0,0,0,0,2,1,6,1,-1,-1,3471,1,8,-1,-1,-1
2015132BG1661,1,9,0,18,0,0,0,4,0,0,1,1,6,1,20,4,6208,1,3,-1,1,-1
2015132BG1661,2,9,0,2,0,0,0,0,0,0,2,1,6,1,31,6,1910,2,8,-1,1,-1
2015132BH0300,1,9,0,18,0,1,0,0,0,0,4,1,6,2,36,7,1951,2,9,-1,1,-1
2015132BH0300,2,1,0,18,0,1,0,0,0,0,3,1,6,1,44,7,-1,-1,-1,-1,1,-1
2015132BH0484,1,9,0,9,0,8,0,0,0,0,1,1,6,1,64,9,1242,1,3,-1,1,-1
2015132BH0484,2,90,0,18,0,8,0,0,0,0,3,1,1,1,52,8,6370,2,4,-1,-1,-1
2015132BH0484,3,19,0,18,0,1,0,0,0,0,1,1,6,1,31,6,1248,2,9,-1,1,-1
2015132BH0595,1,9,0,9,0,5,0,0,0,0,1,1,6,1,20,4,1984,1,9,-1,1,-1
2015132BH0622,1,9,0,18,0,0,0,0,0,0,2,1,6,1,58,9,1997,1,1,-1,2,-1
2015132BH0622,2,9,0,16,0,0,2,0,7,11,1,1,6,1,24,5,1781,1,17,-1,1,-1
2015132BH0710,1,9,0,9,0,5,0,0,0,0,1,1,6,1,67,10,2179,2,8,-1,3,-1
2015132BH0710,2,9,0,18,0,8,0,0,0,0,4,1,6,2,35,6,1198,1,8,-1,1,-1
2015132BH0810,1,11,0,18,0,6,0,0,0,0,0,1,1,3,-1,-1,9360,2,6,-1,-1,-1
2015132BH0825,1,9,0,18,0,0,1,0,7,9,2,1,6,1,42,7,1994,1,10,-1,1,-1
2015132BH1143,1,9,0,18,0,0,0,0,0,0,1,1,6,1,38,7,1896,2,11,-1,1,-1
2015132BH1217,1,9,0,18,0,6,0,0,3,0,3,1,2,1,22,5,1390,1,11,-1,1,-1
2015132BH1217,2,8,0,18,0,1,0,0,0,0,1,1,1,1,33,6,1968,2,7,-1,1,-1
2015132BH1229,1,9,0,18,0,0,0,0,0,0,1,1,6,2,52,8,1124,1,11,-1,1,-1
2015132BH1239,1,9,0,18,0,0,0,0,0,0,1,1,6,3,-1,-1,-1,-1,-1,-1,-1,-1
2015132BH1239,2,9,0,18,0,0,0,0,0,0,2,1,6,2,22,5,998,1,8,-1,1,-1
2015132BH1239,3,9,0,18,0,0,0,0,0,0,2,1,6,1,57,9,1968,2,-1,-1,1,-1
2015132BH1308,1,9,0,9,0,8,0,0,0,0,4,1,6,1,71,10,1586,1,5,-1,1,-1
2015132BH1309,1,9,0,18,0,0,0,0,0,0,1,1,6,1,49,8,4163,1,7,-1,1,-1
2015132BH1309,2,9,0,18,0,0,0,0,0,0,2,1,6,1,32,6,1598,2,-1,-1,1,-1
2015132BH1311,1,9,0,9,0,6,0,0,0,0,1,1,2,1,46,8,1896,2,12,-1,1,-1
2015132BH1311,2,1,0,18,0,8,0,0,0,0,4,1,2,1,36,7,-1,-1,-1,-1,-1,-1
2015132BH1353,1,9,0,9,0,6,0,0,0,0,4,1,6,2,27,6,1896,2,11,-1,1,-1
2015132BH1353,2,9,0,18,0,1,0,0,0,0,1,1,6,1,42,7,1248,2,4,-1,1,-1
2015132BH1367,1,3,0,18,0,0,0,0,0,0,0,1,6,3,-1,-1,125,1,7,-1,-1,-1
2015132BH1381,1,2,0,18,0,0,0,0,0,0,1,1,6,3,-1,-1,-1,-1,-1,-1,-1,-1
2015132BH1389,1,9,0,9,0,4,0,0,0,0,3,1,6,2,27,6,1240,1,5,-1,1,-1
2015132BH1389,2,9,0,18,0,1,0,0,0,0,1,1,6,2,30,6,2720,2,9,-1,3,-1
2015132BH1637,1,1,0,7,0,3,0,0,0,0,3,1,1,1,31,6,-1,-1,-1,-1,-1,-1
2015132BH1637,2,9,0,7,0,3,0,0,0,0,4,1,6,1,-1,-1,-1,-1,-1,-1,-1,-1
2015132BH1707,1,9,0,18,0,0,1,0,2,11,1,1,6,1,32,6,1998,2,8,-1,1,-1
2015132BI0170,1,9,0,18,0,0,5,0,0,0,3,1,6,1,23,5,1587,1,13,-1,1,-1
2015132BI0184,1,9,0,9,0,8,0,0,0,0,1,1,2,1,43,7,1199,1,1,-1,1,-1
2015132BI0184,2,1,0,18,0,8,0,0,0,0,3,1,2,1,25,5,-1,-1,-1,-1,1,-1
2015132BI0187,1,9,0,13,0,0,1,0,0,0,3,1,2,1,23,5,-1,-1,-1,-1,-1,-1
2015132BI0187,2,11,0,17,0,0,0,0,0,0,1,1,1,1,45,7,4760,2,2,-1,-1,-1
2015132BI0260,1,9,0,9,0,8,0,0,0,0,3,1,6,2,32,6,1968,2,7,-1,1,-1
2015132BI0260,2,1,0,18,0,8,0,0,0,0,1,1,2,1,47,8,-1,-1,-1,-1,1,-1
2015132BI0264,1,9,0,10,0,0,0,0,0,0,4,1,1,1,27,6,1591,1,3,-1,1,-1
2015132BI0264,2,1,0,18,9,0,0,0,0,0,1,1,3,1,13,3,-1,-1,-1,-1,1,-1
2015132BI0273,1,9,0,18,0,0,0,0,0,0,1,1,6,1,47,8,-1,-1,-1,-1,1,-1
2015132BI0273,2,9,0,18,0,0,0,0,0,0,2,1,6,2,43,7,1956,2,1,-1,2,-1
2015132BI0273,3,9,0,18,0,0,0,0,0,0,2,1,6,2,23,5,1598,2,3,-1,1,-1
2015132BI0317,1,9,0,18,0,1,0,0,0,0,1,1,6,1,77,11,1461,2,11,-1,1,-1
2015132BI0317,2,9,0,18,0,1,0,0,0,2,1,1,6,2,62,9,1328,1,8,-1,1,-1
2015132BI0341,1,9,0,9,0,0,0,0,0,0,2,1,6,2,43,7,1461,2,7,-1,1,-1
2015132BI0341,2,9,0,18,0,0,0,0,0,0,1,1,6,2,-1,-1,-1,-1,-1,-1,1,-1
2015132BI0708,1,9,0,16,0,0,1,0,7,0,4,1,6,1,17,4,1388,1,12,-1,1,-1
2015132BI0708,2,9,0,18,0,0,0,0,1,0,1,1,6,1,38,7,2993,2,12,-1,1,-1
2015132BI0724,1,9,0,18,0,0,0,0,0,0,0,1,6,3,-1,-1,-1,-1,-1,-1,-1,-1
2015132BI0724,2,9,0,18,0,0,0,0,0,0,2,1,6,1,72,10,1896,2,13,-1,-1,-1
2015132BI0724,3,9,0,18,0,0,0,0,0,0,1,1,6,2,40,7,1299,1,12,-1,1,-1
2015132BI0836,1,9,0,9,0,8,0,0,0,0,1,1,2,2,55,8,1229,1,4,-1,1,-1
2015132BI0836,2,9,0,18,0,8,0,0,0,0,1,1,1,1,26,6,1582,2,5,-1,1,-1
2015132BI0850,1,9,0,9,0,3,0,0,0,0,3,1,6,2,18,4,1396,2,4,-1,1,-1
2015132BI0850,2,9,0,18,0,4,0,0,0,0,3,1,6,1,62,9,1390,1,11,-1,1,-1
2015132BI0854,1,9,0,3,0,1,0,0,0,0,2,1,6,1,35,6,2148,2,13,-1,1,-1
2015132BI0854,2,9,0,4,0,1,0,0,0,0,1,1,6,1,28,6,1799,1,8,-1,1,-1
2015132BI0875,1,9,0,1,0,0,0,0,0,0,2,1,6,2,68,10,1796,1,9,-1,2,-1
2015132BI1085,1,9,0,9,0,6,0,0,0,0,1,1,6,3,-1,-1,-1,-1,-1,-1,-1,-1
2015132BI1085,2,1,0,18,0,1,0,0,0,0,1,1,6,1,17,4,-1,-1,-1,-1,1,-1
2015132BI1092,1,9,0,18,0,0,0,0,0,0,1,1,6,1,40,7,1598,1,11,-1,2,-1
2015132BI1092,2,9,0,2,0,0,0,0,0,0,3,1,6,2,46,8,1870,2,16,-1,2,-1
2015132BI1131,1,9,0,3,0,0,0,0,0,0,2,1,6,2,42,7,1242,1,-1,-1,1,-1
2015132BI1131,2,9,0,18,0,0,0,0,0,0,1,1,6,2,-1,-1,1397,1,8,-1,-1,-1
2015132BI1134,1,9,0,18,0,0,0,0,0,0,1,1,2,2,70,10,1388,1,12,-1,1,-1
2015132BI1368,1,9,0,18,0,0,0,0,0,0,1,1,6,2,52,8,1984,1,4,-1,1,-1
2015132BI1368,2,9,0,18,0,0,0,0,0,0,2,1,6,2,39,7,1560,2,2,-1,1,-1
2015132BI1443,1,9,0,18,0,8,0,0,0,0,3,1,6,2,24,5,1395,1,-1,-1,-1,-1
2015132BI1443,2,9,0,18,0,1,0,0,0,0,1,1,6,1,27,6,1968,1,10,-1,3,-1
2015132BI1444,1,9,0,18,0,1,0,0,0,0,1,1,6,3,-1,-1,1596,1,14,-1,-1,-1
2015132BI1444,2,9,0,3,0,1,0,0,0,0,2,1,6,2,25,5,3200,2,9,-1,3,-1
2015132BI1494,1,9,0,18,0,0,0,0,0,0,4,1,1,2,38,7,1598,1,4,-1,2,-1
2015132BI1494,2,19,0,14,0,0,0,0,0,0,3,1,1,1,-1,-1,-1,-1,-1,-1,-1,-1
2015132BI1508,1,9,0,18,0,0,0,0,0,0,3,1,6,1,19,4,-1,-1,-1,-1,-1,-1
2015132BI1536,1,9,0,18,0,0,0,0,0,0,1,1,6,2,26,6,1242,1,3,-1,1,-1
2015132BI1595,1,19,0,18,0,0,1,0,0,0,1,1,6,1,51,8,2287,2,8,-1,1,-1
2015132BI1595,2,9,0,18,0,0,1,0,0,0,1,1,6,2,33,6,1686,2,14,-1,1,-1
2015132BI1595,3,9,0,18,0,0,1,0,0,0,1,1,6,1,30,6,1596,1,2,-1,1,-1
2015132BI1762,1,9,0,18,0,0,1,0,0,0,4,1,6,2,43,7,998,1,7,-1,-1,-1
2015132BI1762,2,9,0,18,0,0,1,0,0,0,1,1,6,1,84,11,1339,1,3,-1,1,-1
2015132BJ0160,1,9,0,18,0,4,0,0,1,0,1,1,2,1,38,7,1956,2,2,-1,1,-1
2015132BJ0160,2,9,0,18,0,4,0,0,7,0,1,1,2,1,49,8,1896,2,8,-1,1,-1
2015132BJ0182,1,9,0,18,0,8,0,0,0,0,4,1,2,2,29,6,1349,1,5,-1,2,-1
2015132BJ0182,2,9,0,7,0,1,0,0,0,0,1,1,6,1,-1,-1,1999,1,12,-1,1,-1
2015132BJ0203,1,9,0,9,0,8,0,0,0,0,4,1,6,1,25,5,1248,2,3,-1,1,-1
2015132BJ0203,2,3,0,18,0,8,5,0,0,0,1,1,6,1,27,6,102,1,9,-1,1,-1
2015132BJ0235,1,9,0,18,0,8,0,0,0,0,1,1,6,1,-1,-1,1783,1,11,-1,-1,-1
2015132BJ0235,2,9,0,3,0,8,0,0,0,0,2,1,6,1,39,7,1242,1,9,-1,1,-1
2015132BJ0422,1,9,0,18,0,0,0,0,0,0,1,1,6,1,86,11,1596,1,4,-1,1,-1
2015132BJ0466,1,9,0,9,0,8,0,0,0,0,0,1,6,2,70,10,1395,1,-1,-1,-1,-1
2015132BJ0466,2,9,0,18,0,8,0,0,0,0,0,1,6,1,30,6,1896,2,12,-1,-1,-1
2015132BJ0634,1,9,0,9,0,8,0,0,0,0,1,1,6,1,49,8,1389,1,15,-1,1,-1
2015132BJ0634,2,9,0,18,0,1,0,0,0,0,1,1,6,1,85,11,1086,1,9,-1,1,-1
2015132BJ0655,1,9,0,4,0,0,0,0,0,0,1,1,6,1,34,6,2401,2,8,-1,1,-1
2015132BJ0655,2,9,0,15,0,0,0,0,0,0,4,1,6,2,34,6,1390,1,6,-1,1,-1
2015132BJ0756,1,9,0,9,0,5,0,0,0,0,1,1,1,1,32,6,1896,2,13,-1,1,-1
2015132BJ0756,2,9,0,3,0,8,0,0,0,0,2,1,6,2,45,7,1328,1,7,-1,1,-1
2015132BJ0756,3,9,0,18,0,8,0,0,0,0,2,1,6,2,54,8,1753,2,7,-1,2,-1
2015132BJ0852,1,19,0,18,0,0,1,0,0,0,1,1,1,1,25,5,2402,2,11,-1,1,-1
2015132BJ0866,1,9,0,17,0,0,1,0,1,11,1,1,6,1,17,4,1399,2,11,-1,1,-1
2015132BJ0914,1,11,0,4,0,0,0,0,0,0,4,1,1,1,59,9,7300,2,2,-1,1,-1
2015132BJ0935,1,20,0,18,0,0,1,0,0,0,1,1,6,1,49,8,-1,-1,-1,-1,3,-1
2015132BJ0935,2,9,0,18,0,0,0,0,0,0,1,1,6,1,63,9,1762,1,18,-1,2,-1
2015132BJ0965,1,9,0,18,0,0,1,0,0,0,1,1,6,2,20,4,1360,1,11,-1,1,-1
2015132BJ0965,2,9,0,18,0,0,1,0,0,0,1,1,6,2,24,5,1299,1,11,-1,2,-1
2015132BJ0965,3,9,0,18,0,0,0,0,0,0,2,1,6,1,-1,-1,1968,2,2,-1,1,-1
2015132BJ1002,1,9,0,18,0,0,0,0,0,0,2,1,6,1,32,6,1995,2,4,-1,2,-1
2015132BJ1002,2,9,0,18,0,0,0,0,0,0,2,1,6,1,31,6,1598,2,2,-1,1,-1
2015132BJ1002,3,9,0,18,0,0,1,0,0,0,1,1,6,1,51,8,1910,2,6,-1,3,-1
2015132BJ1002,4,9,0,18,0,0,1,0,0,0,1,1,6,2,39,7,1598,2,5,-1,1,-1
2015132BJ1002,5,9,0,18,0,0,1,0,0,0,1,1,6,1,31,6,1995,2,3,-1,1,-1
2015132BJ1002,6,9,0,18,0,0,1,0,0,0,1,1,6,1,46,8,1360,1,12,-1,1,-1
2015132BJ1101,1,19,0,4,0,0,1,0,0,0,1,1,6,2,29,6,1560,2,7,-1,1,-1
2015132BJ1101,2,9,0,3,0,0,0,0,0,0,2,1,6,1,53,8,-1,-1,-1,-1,1,-1
2015132BJ1101,3,9,0,3,0,0,0,0,0,0,2,1,1,1,49,8,1248,2,3,-1,1,-1
2015132BJ1200,1,9,0,18,0,0,0,0,0,0,3,1,6,3,-1,-1,-1,-1,-1,-1,-1,-1
2015132BJ1323,1,11,0,18,0,1,0,0,0,0,1,1,1,1,52,8,4760,2,2,-1,3,-1
2015132BJ1323,2,9,0,18,0,1,0,0,0,0,2,1,2,1,44,7,2179,2,6,-1,1,-1
2015132BJ1340,1,9,0,17,0,8,0,0,0,0,1,1,6,2,19,4,1242,1,9,-1,1,-1
2015132BJ1340,2,9,0,17,0,8,0,0,0,0,4,1,6,2,49,8,-1,-1,-1,-1,2,-1
2015132BJ1349,1,9,0,18,0,0,1,0,7,11,1,1,6,1,17,4,993,1,14,-1,1,-1
2015132BJ1363,1,9,0,17,0,1,2,10,1,10,1,1,6,1,19,4,1396,1,18,-1,1,-1
2015132BJ1367,1,9,0,9,0,0,0,0,0,0,3,1,6,1,34,6,1870,2,10,-1,1,-1
2015132BJ1367,2,5,0,18,0,0,2,0,0,0,1,1,6,1,23,5,599,1,4,-1,1,-1
2015132BJ1372,1,9,0,5,0,6,0,0,0,0,3,1,6,1,67,10,2499,2,11,-1,2,-1
2015132BJ1372,2,2,0,18,0,1,0,0,0,0,1,1,6,1,17,4,49,1,1,-1,1,-1
2015132BJ1587,1,9,0,4,0,1,0,0,0,0,2,1,6,1,31,6,1995,2,6,-1,1,-1
2015132BJ1587,2,9,0,18,0,1,0,0,0,0,1,1,6,1,-1,-1,1896,2,20,-1,-1,-1
2015132BK0205,1,2,0,15,0,8,0,0,0,0,4,1,6,2,35,6,50,1,15,-1,1,-1
2015132BK0205,2,9,0,9,0,1,0,0,0,0,1,1,6,1,29,6,1229,1,1,-1,1,-1
2015132BK0317,1,9,0,18,0,8,0,0,0,0,1,1,6,2,41,7,2993,2,5,-1,3,-1
2015132BK0317,2,9,0,18,0,8,0,0,0,0,3,1,6,2,45,7,1199,2,3,-1,3,-1
2015132BK0414,1,9,0,18,0,0,0,0,0,0,4,1,6,1,65,9,1968,2,7,-1,1,-1
2015132BK0431,1,9,0,18,0,0,0,0,0,0,3,1,6,2,52,8,2261,1,8,-1,1,-1
2015132BK0437,1,19,0,18,0,1,0,0,0,0,1,1,1,1,24,5,2402,2,10,-1,1,-1
2015132BK0437,2,9,0,9,0,1,0,0,0,0,2,1,1,2,49,8,999,1,1,-1,2,-1
2015132BK0460,1,8,0,18,0,0,0,0,0,0,0,1,6,1,-1,-1,1995,2,9,-1,-1,-1
2015132BK0607,1,9,0,18,0,4,0,0,0,0,1,1,6,2,-1,-1,1199,1,13,-1,3,-1
2015132BK0607,2,1,0,18,0,8,5,0,0,0,4,1,6,1,48,8,-1,-1,-1,-1,1,-1
2015132BK0676,1,9,0,18,0,0,0,0,0,0,4,1,6,3,-1,-1,1910,2,8,-1,-1,-1
2015132BK0676,2,9,0,18,0,0,0,0,0,0,3,1,2,1,51,8,1910,2,7,-1,1,-1
2015132BK0676,3,9,0,2,9,0,0,0,0,0,3,1,6,1,31,6,1910,2,9,-1,1,-1
2015132BK0690,1,9,0,17,0,2,2,0,1,4,1,1,6,1,78,11,999,1,14,-1,2,-1
2015132BK0807,1,9,0,18,0,0,0,0,0,0,1,1,6,1,88,11,998,1,16,-1,1,-1
2015132BK0807,2,19,4,2,0,0,0,0,0,0,2,1,1,1,27,6,2402,2,11,-1,1,-1
2015132BK0920,1,9,0,5,0,2,0,0,0,0,3,1,6,2,40,7,1794,1,11,-1,1,-1
2015132BK0920,2,9,0,18,0,2,0,0,0,0,4,1,6,1,20,4,1390,1,7,-1,1,-1
2015132BK0930,1,9,0,3,0,1,0,0,0,0,2,1,6,1,51,8,1769,1,12,-1,1,-1
2015132BK0930,2,9,0,3,0,1,0,0,0,0,2,1,6,1,36,7,1896,2,12,-1,1,-1
2015132BK0930,3,9,0,18,0,1,0,0,0,0,1,1,6,1,46,8,1240,1,10,-1,-1,-1
2015132BK1099,1,9,0,9,0,8,0,0,0,0,3,1,6,1,57,9,1329,1,-1,-1,-1,-1
2015132BK1099,2,3,0,18,0,1,0,0,3,0,1,1,6,1,19,4,124,1,11,-1,-1,-1
2015132BK1143,1,3,0,18,0,1,0,0,0,0,1,1,6,1,39,7,124,1,3,-1,2,-1
2015132BK1188,1,9,0,18,0,0,0,0,0,0,1,1,6,2,-1,-1,1753,2,6,-1,1,-1
2015132BK1188,2,9,0,4,0,0,0,0,0,0,2,1,6,1,38,7,1995,2,10,-1,1,-1
2015132BK1222,1,9,0,18,0,2,0,0,0,0,1,1,6,2,53,8,1995,2,-1,-1,3,-1
2015132BK1295,1,9,0,18,0,4,0,0,0,0,1,1,6,1,26,6,1995,2,8,-1,1,-1
2015132BK1295,2,9,0,18,0,4,0,0,0,0,1,1,6,1,44,7,1299,1,13,-1,1,-1
2015132BK1529,1,9,0,18,0,8,0,0,0,0,1,1,6,2,67,10,1596,1,8,-1,1,-1