Accident_Index,Vehicle_Reference,Vehicle_Type,Towing_and_Articulation,Vehicle_Manoeuvre,Vehicle_Location-Restricted_Lane,Junction_Location,Skidding_and_Overturning,Hit_Object_in_Carriageway,Vehicle_Leaving_Carriageway,Hit_Object_off_Carriageway,1st_Point_of_Impact,Was_Vehicle_Left_Hand_Drive?,Journey_Purpose_of_Driver,Sex_of_Driver,Age_of_Driver,Age_Band_of_Driver,Engine_Capacity_(CC),Propulsion_Code,Age_of_Vehicle,Driver_IMD_Decile,Driver_Home_Area_Type,Vehicle_IMD_Decile
2015132BK1529,2,9,0,18,0,8,0,0,0,0,1,1,6,1,30,6,1197,1,2,-1,1,-1
2015132BL0616,1,9,0,1,0,6,0,0,0,0,0,1,6,1,35,6,1995,2,8,-1,-1,-1
2015132BL0616,2,5,0,18,0,1,2,0,0,0,0,1,6,1,61,9,599,1,13,-1,1,-1
2015132BL0890,1,9,0,18,0,0,5,0,8,6,0,1,6,2,24,5,998,1,2,-1,1,-1
2015132BL0963,1,9,0,13,0,8,0,0,7,0,1,1,1,1,36,7,1968,2,2,-1,2,-1
2015132BL0963,2,9,0,9,0,5,0,0,0,0,3,1,6,1,71,10,2969,2,11,-1,3,-1
2015132BL1032,1,9,0,18,0,0,1,0,0,0,1,1,6,3,-1,-1,1299,1,12,-1,-1,-1
2015132BL1175,1,3,0,18,0,0,0,0,0,0,1,1,6,1,18,4,124,1,-1,-1,-1,-1
2015132BL1215,1,9,0,10,0,0,0,0,0,0,2,1,6,1,47,8,1149,1,2,-1,1,-1
2015132BL1215,2,9,0,18,0,0,0,0,0,0,1,1,6,1,18,4,1242,1,9,-1,1,-1
2015132BL1215,3,9,0,18,0,0,0,0,0,0,1,1,6,1,71,10,1753,2,14,-1,3,-1
2015132BL1338,1,8,0,18,0,8,0,0,0,0,1,1,1,1,58,9,1896,2,6,-1,1,-1
2015132BL1338,2,9,0,9,0,5,0,0,0,0,1,1,6,2,31,6,-1,-1,-1,-1,-1,-1
2015132BL1480,1,9,0,13,0,2,0,0,0,0,4,1,6,1,25,5,1994,1,13,-1,1,-1
2015132BL1480,2,9,0,18,0,2,0,0,0,0,1,1,6,1,26,6,998,1,13,-1,1,-1
2015132BL1480,3,9,0,18,0,1,0,0,0,0,3,1,6,2,51,8,1598,2,3,-1,1,-1
2015132BM0042,1,19,0,18,0,1,0,0,0,0,1,1,6,1,53,8,2464,2,7,-1,-1,-1
2015132BM0042,2,9,0,18,0,1,0,0,0,0,1,1,1,1,30,6,1596,1,18,-1,-1,-1
2015132BM0059,1,9,0,9,0,8,0,0,0,0,3,1,6,3,-1,-1,-1,-1,-1,-1,-1,-1
2015132BM0059,2,9,0,5,0,8,0,0,0,0,4,1,6,2,23,5,1242,1,12,-1,-1,-1
2015132BM0301,1,8,0,2,0,0,0,0,0,0,2,1,6,1,-1,-1,1997,2,9,-1,1,-1
2015132BM0301,2,9,0,18,0,0,0,0,0,0,1,1,6,3,-1,-1,1364,2,1,-1,-1,-1
2015132BM0480,1,9,0,3,0,1,0,0,0,0,2,1,6,2,30,6,1796,1,9,-1,1,-1
2015132BM0480,2,9,0,4,0,1,0,0,0,0,1,1,6,1,61,9,1951,2,12,-1,1,-1
2015132BM0566,1,9,0,18,0,0,1,0,2,11,1,1,6,1,18,4,1497,1,14,-1,1,-1
2015132BM0566,2,9,0,18,0,0,0,0,0,0,0,1,1,1,29,6,2993,2,1,-1,1,-1
2015132BM0566,3,9,0,3,0,0,0,0,0,0,0,1,6,2,42,7,998,1,11,-1,1,-1
2015132BM0768,1,9,0,9,0,8,0,0,0,0,4,1,6,1,28,6,1910,2,6,-1,1,-1
2015132BM0768,2,19,0,18,0,8,0,0,0,0,1,1,6,1,-1,-1,1598,2,2,-1,-1,-1
2015132BM0944,1,5,0,13,0,0,0,0,0,0,1,1,6,1,23,5,649,1,9,-1,1,-1
2015132BM0944,2,9,0,16,0,0,0,0,0,11,1,1,6,1,79,11,1242,1,10,-1,1,-1
2015132BM0944,3,9,0,17,0,0,0,0,0,0,1,1,6,1,45,7,1596,1,8,-1,1,-1
2015132BM1136,1,9,0,18,0,0,2,0,1,11,1,1,6,1,20,4,1596,1,3,-1,1,-1
2015132BM1400,1,9,0,16,0,0,0,0,0,11,1,1,6,1,18,4,1197,1,2,-1,1,-1
2015132BM1441,1,9,0,18,0,0,2,0,8,0,1,1,6,1,27,6,1398,1,3,-1,3,-1
2015132BM1517,1,9,0,9,0,6,0,0,0,0,1,1,6,1,45,7,1794,1,15,-1,1,-1
2015132BM1517,2,8,0,18,0,8,0,0,3,7,4,1,1,1,22,5,1896,2,5,-1,1,-1
2015132BN0158,1,9,0,18,0,0,0,0,4,6,3,1,6,1,23,5,1398,1,-1,-1,1,-1
2015132BN0230,1,9,0,18,0,6,0,0,7,0,3,1,2,1,27,6,1597,2,-1,-1,1,-1
2015132BN0230,2,9,0,18,0,8,0,0,0,0,1,1,2,1,28,6,1968,2,1,-1,2,-1
2015132BN0251,1,9,0,18,0,0,0,0,0,0,1,1,6,1,40,7,1560,2,3,-1,3,-1
2015132BN0251,2,9,0,18,0,0,0,0,0,0,2,1,6,1,21,5,1242,1,2,-1,1,-1
2015132BN0251,3,9,0,18,0,0,0,0,0,0,2,1,6,1,31,6,998,1,14,-1,2,-1
2015132BN0284,1,9,0,5,0,6,0,0,0,0,2,1,6,1,-1,-1,1796,1,13,-1,1,-1
2015132BN0284,2,9,0,18,0,8,0,0,0,0,1,1,6,1,27,6,1397,1,14,-1,1,-1
2015132BN0594,1,9,0,9,0,8,0,0,0,0,1,1,6,2,45,7,2204,2,10,-1,1,-1
2015132BN0594,2,9,0,18,0,8,0,0,0,0,4,1,6,3,-1,-1,2993,2,5,-1,-1,-1
2015132BN0839,1,11,0,18,0,0,0,0,0,0,1,1,1,1,53,8,4250,2,-1,-1,1,-1
2015132BN0839,2,9,0,2,0,0,0,0,0,0,1,1,6,3,-1,-1,-1,-1,-1,-1,3,-1
2015132BN0839,3,9,0,2,0,0,0,0,0,0,2,1,6,3,-1,-1,1995,2,11,-1,2,-1
2015132BN1013,1,9,0,18,0,0,0,0,0,0,1,1,6,1,35,6,1968,2,8,-1,1,-1
2015132BN1013,2,9,0,18,0,0,0,0,0,0,2,1,6,1,40,7,1896,2,12,-1,1,-1
2015132BN1037,1,9,0,7,0,0,0,0,0,0,4,1,2,1,33,6,1149,1,4,-1,3,-1
2015132BN1037,2,3,0,18,0,0,5,0,0,0,1,1,6,1,27,6,125,1,3,-1,1,-1
2015132BN1178,1,9,0,5,0,6,0,0,0,0,1,1,6,2,35,6,1968,2,9,-1,1,-1
2015132BN1178,2,1,0,18,4,1,0,0,0,0,4,1,2,1,33,6,-1,-1,-1,-1,1,-1
2015132BN1184,1,9,0,18,0,0,0,0,0,0,1,1,6,3,-1,-1,-1,-1,-1,-1,-1,-1
2015132BN1223,1,9,0,18,0,0,0,0,0,0,4,1,6,1,-1,-1,1597,1,10,-1,-1,-1
2015132BN1249,1,9,0,18,0,4,0,0,0,0,1,1,6,3,-1,-1,-1,-1,-1,-1,-1,-1
2015132BN1249,2,9,0,18,0,4,0,0,0,0,2,1,6,1,19,4,1299,1,13,-1,1,-1
2015132BN1292,1,8,0,3,0,1,0,0,0,0,2,1,1,1,55,8,1598,2,3,-1,1,-1
2015132BN1292,2,9,0,3,0,1,0,0,0,0,1,1,6,1,62,9,400,2,1,-1,1,-1
2015132BN1303,1,9,0,9,0,5,0,0,0,0,1,1,6,2,49,8,1686,2,10,-1,1,-1
2015132BN1348,1,1,0,18,0,8,5,0,0,0,1,1,6,1,27,6,-1,-1,-1,-1,1,-1
2015132BN1348,2,9,0,18,0,6,0,0,0,0,4,1,6,1,23,5,1248,2,7,-1,1,-1
2015132BO0148,1,1,0,18,0,8,0,0,0,0,3,1,6,1,47,8,-1,-1,-1,-1,1,-1
2015132BO0148,2,9,0,18,0,6,0,0,0,0,1,1,6,1,55,8,1360,1,10,-1,1,-1
2015132BO0180,1,9,0,18,0,8,0,0,0,0,1,1,2,1,32,6,1587,1,14,-1,1,-1
2015132BO0180,2,9,0,18,0,8,0,7,0,0,1,1,2,1,24,5,1396,1,12,-1,1,-1
2015132BO0216,1,19,0,9,0,5,0,0,0,0,1,1,1,1,33,6,1995,2,5,-1,1,-1
2015132BO0216,2,3,0,18,0,8,0,0,0,0,1,1,1,1,40,7,125,1,8,-1,1,-1
2015132BO0258,1,19,0,12,0,0,0,0,0,0,3,1,1,1,54,8,2143,2,-1,-1,1,-1
2015132BO0258,2,19,0,18,0,0,0,11,0,0,4,1,1,1,31,6,-1,-1,-1,-1,1,-1
2015132BO0258,3,19,0,18,0,0,0,0,5,6,4,1,1,1,53,8,1870,2,11,-1,1,-1
2015132BO0299,1,8,0,18,0,0,0,0,0,0,1,1,6,1,-1,-1,-1,-1,-1,-1,-1,-1
2015132BO0324,1,21,1,3,0,1,0,0,0,0,2,1,1,1,55,8,10518,2,6,-1,2,-1
2015132BO0324,2,9,0,18,0,1,0,0,0,0,1,1,6,2,24,5,1242,1,12,-1,-1,-1
2015132BO0396,1,9,0,18,0,1,0,0,0,0,1,1,6,2,35,6,1598,2,4,-1,1,-1
2015132BO0396,2,9,0,10,0,8,0,0,0,0,2,1,6,2,37,7,1560,2,2,-1,1,-1
2015132BO0407,1,4,0,16,0,0,0,0,0,0,3,1,6,1,23,5,125,1,-1,-1,1,-1
2015132BO0556,1,1,0,18,0,0,0,0,0,0,1,1,2,1,36,7,-1,-1,-1,-1,1,-1
2015132BO0556,2,9,0,2,0,0,0,0,0,0,2,1,6,1,53,8,1968,2,1,-1,1,-1
2015132BO0557,1,9,0,11,0,0,0,0,0,0,2,1,6,1,42,7,1598,1,7,-1,1,-1
2015132BO0557,2,11,0,18,0,0,1,0,0,0,1,1,1,2,37,7,6696,2,-1,-1,1,-1
2015132BO0767,1,9,0,18,0,0,0,0,0,0,3,1,6,3,-1,-1,-1,-1,-1,-1,-1,-1
2015132BO0825,1,9,0,18,0,0,0,0,0,0,3,1,6,1,50,8,1995,2,6,-1,2,-1
2015132BO0841,1,3,0,18,0,0,0,0,0,0,0,1,6,1,23,5,-1,-1,-1,-1,-1,-1
2015132BO0885,1,21,0,7,0,5,0,0,0,0,4,1,1,1,34,6,12777,2,7,-1,1,-1
2015132BO0898,1,11,0,18,0,8,0,0,0,0,1,1,1,2,54,8,9200,2,13,-1,1,-1
2015132BO0898,2,9,0,9,0,6,0,0,0,0,3,1,6,2,30,6,1796,1,3,-1,1,-1
2015132BO0904,1,9,0,18,0,0,0,0,0,0,4,1,6,2,40,7,1390,1,8,-1,1,-1
2015132BO0993,1,8,0,5,0,8,0,0,0,0,1,1,6,1,39,7,1997,2,6,-1,-1,-1
2015132BO0993,2,9,0,9,0,8,0,0,0,0,3,1,6,2,72,10,1598,1,12,-1,1,-1
2015132BO1062,1,9,0,18,0,8,0,0,0,0,1,1,6,3,-1,-1,-1,-1,-1,-1,-1,-1
2015132BO1062,2,9,0,7,0,5,0,0,0,0,2,1,6,1,62,9,1598,1,11,-1,1,-1
2015132BO1125,1,9,0,18,0,0,0,0,0,0,1,1,6,1,46,8,1753,2,13,-1,1,-1
2015132BO1125,2,9,0,4,0,0,0,0,0,0,2,1,6,1,74,10,1988,2,11,-1,1,-1
2015132BO1125,3,9,0,4,0,0,0,0,0,0,2,1,6,2,27,6,1598,1,9,-1,1,-1
2015132BO1148,1,19,0,18,0,6,0,0,0,0,1,1,6,1,-1,-1,-1,-1,-1,-1,-1,-1
2015132BO1148,2,9,0,18,0,8,0,0,0,0,4,1,6,2,27,6,1598,2,2,-1,1,-1
2015132BO1163,1,9,0,18,0,1,0,0,0,0,1,1,6,3,-1,-1,1968,2,9,-1,-1,-1
2015132BO1175,1,9,0,18,0,0,0,0,0,0,1,1,6,2,61,9,1108,1,6,-1,1,-1
2015132BO1175,2,9,0,12,0,0,0,0,0,0,2,1,6,2,31,6,1968,2,3,-1,1,-1
2015132BO1477,1,9,0,18,0,0,0,0,0,0,1,1,6,3,-1,-1,-1,-1,-1,-1,-1,-1
2015132BO1477,2,1,0,18,0,0,0,0,0,0,2,1,6,1,25,5,-1,-1,-1,-1,1,-1
2015132BO1557,1,9,0,17,0,0,1,0,7,4,4,1,6,1,-1,-1,1396,1,13,-1,-1,-1
2015132BO1598,1,9,0,18,0,8,0,0,0,0,1,1,6,1,21,5,973,1,14,-1,1,-1
2015132BO1598,2,9,0,7,0,8,0,0,0,0,1,1,1,1,25,5,1364,2,1,-1,1,-1
2015132BP0196,1,8,0,4,0,1,1,0,0,0,4,1,1,1,66,10,2148,2,8,-1,1,-1
2015132BP0196,2,9,0,18,0,1,0,0,0,0,1,1,6,1,31,6,1968,2,5,-1,1,-1
2015132BP0231,1,9,0,9,0,0,0,0,0,0,0,1,6,2,27,6,1984,1,15,-1,1,-1
2015132BP0231,2,9,0,18,0,0,0,0,0,0,0,1,6,2,34,6,1242,1,9,-1,1,-1
2015132BP0231,3,5,0,18,0,0,5,0,0,0,0,1,6,1,27,6,600,1,9,-1,1,-1
2015132BP0433,1,9,0,7,0,6,0,0,0,0,1,1,6,1,76,11,1686,2,4,-1,1,-1
2015132BP0586,1,9,0,18,0,1,0,0,0,0,4,1,6,1,61,9,2902,2,11,-1,1,-1
2015132BP0668,1,1,0,18,0,8,0,0,0,0,1,1,6,2,37,7,-1,-1,-1,-1,1,-1
2015132BP0668,2,9,0,7,0,8,0,0,0,0,4,1,6,2,63,9,1497,8,1,-1,-1,-1
2015132BP0850,1,1,0,18,0,8,5,0,0,0,1,1,4,1,17,4,-1,-1,-1,-1,1,-1
2015132BP0850,2,9,0,18,0,6,0,0,0,0,1,1,6,2,-1,-1,-1,-1,-1,-1,-1,-1
2015132BP0891,1,9,0,5,0,1,0,0,0,0,1,1,2,2,28,6,998,1,-1,-1,1,-1
2015132BP0891,2,9,0,18,0,8,0,0,7,0,4,1,6,2,52,8,998,1,15,-1,1,-1
2015132BP1052,1,9,0,5,0,8,0,0,0,0,1,1,2,1,26,6,1560,2,1,-1,-1,-1
2015132BP1052,2,1,0,5,0,8,0,0,0,0,1,1,6,1,61,9,-1,-1,-1,-1,1,-1
2015132BP1110,1,9,0,5,0,1,0,0,0,0,1,1,1,1,51,8,1461,2,7,-1,1,-1
2015132BP1110,2,9,0,18,0,1,0,0,0,0,1,1,6,3,-1,-1,-1,-1,-1,-1,-1,-1
2015132BP1127,1,9,0,18,0,0,0,0,0,0,4,1,6,1,69,10,-1,-1,-1,-1,1,-1
2015132BP1172,1,9,0,18,0,0,0,0,0,0,1,1,2,1,28,6,1968,2,4,-1,1,-1
2015132BP1172,2,9,0,4,0,0,0,0,0,0,2,1,2,2,27,6,1499,2,-1,-1,1,-1
2015132BP1172,3,9,0,4,0,0,0,0,0,0,2,1,2,1,25,5,1796,1,13,-1,3,-1
2015132BP1244,1,1,0,18,0,8,5,0,0,0,3,1,6,1,58,9,-1,-1,-1,-1,1,-1
2015132BP1244,2,9,0,9,0,5,0,0,0,0,1,1,6,1,22,5,1229,1,7,-1,1,-1
2015132BP1248,1,9,0,3,0,1,0,0,0,0,1,1,6,1,37,7,1998,2,3,-1,1,-1
2015132BP1249,1,11,0,4,0,0,0,0,0,0,2,1,1,1,42,7,-1,2,12,-1,1,-1
2015132BP1249,2,9,0,18,0,0,0,0,0,0,1,1,6,2,43,7,1332,1,9,-1,1,-1
2015132BP1331,1,9,0,7,0,8,0,0,0,0,1,1,6,3,-1,-1,-1,-1,-1,-1,-1,-1
2015132BP1331,2,4,0,5,0,8,0,0,0,0,2,1,6,1,24,5,599,1,15,-1,1,-1
2015132BQ0098,1,9,0,18,0,0,0,0,0,0,3,1,6,3,-1,-1,-1,-1,-1,-1,-1,-1
2015132BQ0098,2,8,0,18,0,0,0,0,0,0,4,1,6,1,41,7,1896,2,7,-1,1,-1
2015132BQ0250,1,9,0,18,0,1,0,0,0,0,4,1,2,2,45,7,1995,2,-1,-1,1,-1
2015132BQ0250,2,11,0,18,2,1,0,0,0,0,1,1,1,1,47,8,9360,2,6,-1,1,-1
2015132BQ0250,3,9,0,18,0,1,0,0,0,0,2,1,2,2,20,4,1229,1,9,-1,1,-1
2015132BQ0268,1,19,0,18,0,0,0,0,0,0,1,1,6,1,-1,-1,1998,2,10,-1,-1,-1
2015132BQ0268,2,9,0,18,0,0,0,0,0,0,2,1,2,1,26,6,1600,1,13,-1,1,-1
2015132BQ0268,3,21,1,12,0,0,0,0,0,0,0,1,6,3,-1,-1,-1,-1,-1,-1,-1,-1
2015132BQ0270,1,19,0,18,0,5,0,0,0,0,1,1,6,1,-1,-1,2198,2,8,-1,1,-1
2015132BQ0270,2,9,0,18,0,8,0,0,0,0,4,1,6,1,23,5,1360,1,9,-1,1,-1
2015132BQ0325,1,9,0,18,0,0,0,0,0,0,1,1,6,1,17,4,1388,1,13,-1,1,-1
2015132BQ0325,2,11,0,18,0,0,0,0,0,0,1,1,1,1,51,8,4760,2,4,-1,1,-1
2015132BQ0362,1,9,0,18,0,3,0,0,1,2,1,1,2,2,52,8,1490,1,4,-1,1,-1
2015132BQ0371,1,9,0,18,0,8,0,0,0,0,1,1,6,3,-1,-1,-1,-1,-1,-1,-1,-1
2015132BQ0996,1,9,0,4,0,1,0,0,0,0,4,1,6,1,39,7,2987,2,-1,-1,1,-1
2015132BQ0996,2,21,0,7,0,8,0,0,0,0,3,1,1,1,63,9,11116,2,11,-1,1,-1
2015132BQ0998,1,11,0,14,0,0,0,0,0,0,4,1,1,1,40,7,9360,2,3,-1,-1,-1
2015132BQ1006,1,9,0,18,0,0,0,0,0,0,1,1,6,3,-1,-1,-1,-1,-1,-1,-1,-1
2015132BQ1006,2,9,0,18,0,0,0,0,0,0,2,1,6,2,23,5,999,1,3,-1,1,-1
2015132BQ1051,1,9,0,18,0,8,0,0,0,0,1,1,6,3,-1,-1,-1,-1,-1,-1,-1,-1
2015132BQ1051,2,9,0,18,0,8,0,0,0,0,1,1,6,2,25,5,1998,1,10,-1,1,-1
2015132BQ1051,3,1,0,7,0,8,0,0,0,0,3,1,6,1,21,5,-1,-1,-1,-1,1,-1
2015132BQ1071,1,9,0,12,0,3,0,0,0,0,1,1,6,1,31,6,1600,1,9,-1,1,-1
2015132BQ1071,2,5,0,13,0,3,0,10,0,0,4,1,6,1,23,5,599,1,11,-1,1,-1
2015132BQ1103,1,9,0,9,0,6,0,0,0,0,1,1,6,1,57,9,1598,1,12,-1,1,-1
2015132BQ1103,2,9,0,18,0,8,0,0,0,0,3,1,6,1,22,5,899,1,2,-1,1,-1
2015132BQ1122,1,19,0,18,0,0,0,0,0,0,1,1,1,1,32,6,2143,2,2,-1,-1,-1
2015132BQ1122,2,9,0,5,0,0,0,0,0,0,2,1,6,1,45,7,2000,2,10,-1,1,-1
2015132BQ1122,3,9,0,5,0,0,0,0,0,0,2,1,2,1,56,9,2401,2,12,-1,1,-1
2015132BQ1146,1,9,0,18,0,0,0,0,0,0,1,1,6,1,49,8,4398,1,10,-1,1,-1
2015132BQ1146,2,9,0,18,0,0,0,0,0,0,1,1,6,1,53,8,1597,2,-1,-1,1,-1
2015132BQ1146,3,9,0,18,0,0,0,0,0,6,2,1,6,2,56,9,1598,1,5,-1,1,-1
2015132BQ1184,1,9,0,18,0,0,0,0,0,0,1,1,6,1,22,5,1197,1,2,-1,1,-1
2015132BQ1184,2,19,0,18,0,0,0,0,0,0,2,1,6,1,49,8,1753,2,4,-1,1,-1
2015132BQ1207,1,9,0,12,0,0,1,0,8,2,3,1,6,1,20,4,1390,1,15,-1,1,-1
2015132BQ1207,2,9,0,18,0,0,0,0,0,0,4,1,6,1,29,6,1968,2,5,-1,1,-1
2015132BQ1268,1,9,0,1,5,0,0,0,0,0,2,1,6,3,-1,-1,-1,-1,-1,-1,-1,-1
2015132BQ1481,1,9,0,11,0,1,0,0,0,0,3,1,6,1,24,5,1896,2,13,-1,1,-1
2015132BQ1649,1,9,0,18,0,8,0,0,0,0,1,1,6,1,27,6,1910,2,6,-1,1,-1
2015132BQ1649,2,9,0,18,0,8,0,0,0,0,1,1,6,1,23,5,2993,2,8,-1,1,-1
2015132BQ1756,1,20,4,18,0,0,0,0,0,0,1,1,1,1,41,7,3908,2,8,-1,1,-1
2015132BQ1756,2,9,0,4,0,0,0,0,0,0,2,1,6,2,23,5,1582,2,-1,-1,1,-1
2015132BQ1756,3,9,0,4,0,0,0,0,0,0,2,1,6,2,20,4,1896,2,7,-1,1,-1
2015132BQ1756,4,9,0,4,0,0,0,0,0,0,2,1,6,2,48,8,1390,1,4,-1,1,-1
2015132BQ1812,1,9,0,10,0,4,0,0,0,0,1,1,6,1,58,9,2993,2,5,-1,1,-1
2015132BR0193,1,9,0,18,0,8,0,0,0,0,2,1,6,1,25,5,1994,1,15,-1,-1,-1
2015132BR0193,2,8,0,18,0,8,0,0,0,0,1,1,1,1,37,7,1998,2,6,-1,-1,-1
2015132BR0193,3,9,0,18,0,8,0,0,0,0,1,1,6,1,-1,-1,1598,1,11,-1,-1,-1
2015132BR0219,1,1,0,18,9,1,0,0,0,0,4,1,2,1,25,5,-1,-1,-1,-1,1,-1
2015132BR0219,2,9,0,4,0,1,0,0,0,0,1,1,2,2,46,8,2199,2,5,-1,1,-1
2015132BR0258,1,8,0,1,0,0,0,0,0,0,2,1,1,1,-1,-1,-1,-1,-1,-1,-1,-1
2015132BR0342,1,9,0,18,0,0,0,0,0,0,4,1,6,1,52,8,1596,1,10,-1,-1,-1
2015132BR0360,1,9,0,1,0,6,0,0,7,2,4,1,6,2,19,4,1598,1,12,-1,1,-1
2015132BR0360,2,9,0,16,0,8,0,0,7,11,4,1,2,1,25,5,1998,2,14,-1,1,-1
2015132BR0479,1,9,0,2,0,0,0,0,0,0,1,1,6,2,29,6,1794,1,13,-1,1,-1
2015132BR0479,2,9,0,1,0,0,0,0,0,0,2,1,6,3,-1,-1,-1,-1,-1,-1,-1,-1
2015132BR0616,1,8,0,18,0,8,0,0,0,0,1,1,1,1,32,6,1910,2,7,-1,-1,-1
2015132BR0691,1,9,0,8,0,1,0,0,0,0,2,1,6,2,48,8,1586,1,2,-1,1,-1
2015132BR0691,2,9,0,4,0,1,0,0,0,0,2,1,6,2,66,10,1997,1,4,-1,1,-1
2015132BR0691,3,9,0,4,0,1,0,0,0,0,1,1,6,1,65,9,2401,2,12,-1,1,-1
2015132BR0722,1,9,0,17,0,0,0,0,1,11,1,1,2,1,69,10,1598,1,10,-1,1,-1
2015132BR0758,1,9,0,9,0,0,0,0,0,0,1,1,6,1,62,9,1596,1,15,-1,-1,-1
2015132BR0780,1,9,0,9,0,8,0,0,0,0,3,1,6,1,64,9,1796,1,9,-1,1,-1
2015132BR0780,2,9,0,9,0,8,0,0,0,0,3,1,6,1,63,9,1850,1,13,-1,1,-1
2015132BR0953,1,21,1,18,0,0,0,0,0,0,1,1,1,1,32,6,11967,2,3,-1,1,-1
2015132BR0953,2,9,0,4,0,0,0,0,0,0,2,1,6,1,52,8,2720,2,10,-1,1,-1
2015132BR0956,1,9,0,18,0,8,0,0,0,0,1,1,6,1,29,6,2967,2,-1,-1,1,-1
2015132BR0956,2,9,0,18,0,8,0,0,0,0,1,1,6,1,34,6,998,1,14,-1,1,-1
2015132BR0965,1,19,0,18,0,8,5,0,0,0,4,1,1,1,23,5,1248,2,6,-1,1,-1
2015132BR0965,2,9,0,18,0,8,0,0,0,0,1,1,6,2,63,9,1388,1,3,-1,1,-1
2015132BR1004,1,9,0,10,0,5,0,0,0,0,1,1,6,1,55,8,1798,1,5,-1,1,-1
2015132BR1004,2,9,0,18,0,8,0,0,0,0,3,1,6,1,38,7,1997,2,11,-1,1,-1
2015132BR1024,1,9,0,9,0,5,0,0,0,0,3,1,6,2,44,7,-1,-1,-1,-1,1,-1
2015132BR1024,2,9,0,1,0,2,0,0,0,0,2,1,6,3,-1,-1,-1,-1,-1,-1,-1,-1
2015132BR1051,1,9,0,12,0,0,1,0,0,0,1,1,6,1,43,7,-1,-1,-1,-1,2,-1
2015132BR1051,2,11,0,18,0,0,0,0,0,0,2,1,6,1,-1,-1,9600,2,17,-1,1,-1
2015132BR1051,3,9,0,18,0,0,0,0,0,0,2,1,6,1,-1,-1,1598,2,-1,-1,2,-1
2015132BR1205,1,9,0,5,0,6,0,0,0,0,1,1,6,1,93,11,1298,1,7,-1,-1,-1
2015132BR1205,2,9,0,18,0,8,0,0,0,0,4,1,6,2,31,6,1560,2,1,-1,-1,-1
2015132BR1231,1,8,0,1,0,0,0,0,0,0,2,1,1,1,64,9,1995,2,8,-1,1,-1
2015132BR1284,1,3,0,18,0,0,1,0,0,0,0,1,6,2,22,5,124,1,-1,-1,1,-1
2015132BR1284,2,9,0,13,0,0,0,0,0,0,0,1,6,3,-1,-1,-1,-1,-1,-1,-1,-1
2015132BR1293,1,9,0,9,0,8,0,0,0,0,1,1,6,1,57,9,1995,2,2,-1,-1,-1
2015132BR1314,1,9,0,7,0,8,0,0,0,0,1,1,6,2,29,6,1598,1,6,-1,1,-1
2015132BR1416,1,9,0,18,0,6,0,0,0,0,3,1,6,3,-1,-1,-1,-1,-1,-1,-1,-1
2015132BR1658,1,9,0,4,0,0,0,0,0,0,1,1,6,2,21,5,1299,1,9,-1,1,-1
2015132BR1658,2,9,0,4,0,0,0,0,0,0,2,1,6,2,27,6,1389,1,19,-1,1,-1
2015132BR1658,3,9,0,4,0,0,0,0,0,0,2,1,6,3,-1,-1,-1,-1,-1,-1,-1,-1
2015132BR1717,1,9,0,18,0,8,0,0,0,0,1,1,6,2,22,5,1560,2,6,-1,1,-1
2015132BR1717,2,9,0,9,0,8,0,0,0,0,3,1,6,2,20,4,998,1,10,-1,1,-1
2015132BR1775,1,9,0,18,0,0,0,0,0,0,3,1,6,3,-1,-1,-1,-1,-1,-1,-1,-1
2015132BR1775,2,9,0,2,0,0,0,0,0,0,0,1,6,2,36,7,-1,-1,-1,-1,1,-1
2015132BR1877,1,8,0,17,0,0,0,0,0,0,0,1,1,1,45,7,1968,2,2,-1,1,-1
2015132BS0554,1,9,0,18,0,8,0,0,0,0,1,1,6,2,22,5,1390,1,5,-1,1,-1
2015132BS0554,2,9,0,18,0,8,0,0,0,0,2,1,6,2,25,5,1598,1,5,-1,1,-1
2015132BS0560,1,9,0,9,0,6,0,0,0,0,3,1,6,1,78,11,2400,2,3,-1,1,-1
2015132BS0560,2,1,0,18,0,8,0,0,0,0,1,1,6,2,15,3,-1,-1,-1,-1,1,-1
2015132BS0560,3,1,0,18,0,8,0,0,0,0,0,1,6,1,13,3,-1,-1,-1,-1,1,-1
2015132BS0582,1,16,0,18,0,0,0,0,0,0,1,1,6,2,48,8,-1,-1,-1,-1,1,-1
2015132BS0582,2,9,0,18,0,0,1,0,1,9,1,1,6,1,53,8,1343,1,12,-1,3,-1
2015132BS0653,1,9,0,18,0,8,0,0,0,0,1,1,6,3,-1,-1,1598,1,13,-1,-1,-1
2015132BS0653,2,9,0,4,0,1,0,0,0,0,2,1,6,2,49,8,1386,1,9,-1,1,-1
2015132BS0757,1,9,0,18,0,1,0,0,0,0,1,1,6,1,49,8,1796,1,13,-1,1,-1
2015132BS0830,1,9,0,18,0,0,0,0,0,0,2,1,6,1,-1,-1,1390,1,6,-1,1,-1
2015132BS0830,2,9,0,18,0,0,0,0,0,0,1,1,6,2,22,5,1598,2,5,-1,-1,-1
2015132BS0858,1,3,0,17,0,0,0,0,1,11,1,1,6,1,26,6,124,1,-1,-1,1,-1
2015132BS0897,1,9,0,16,0,1,5,0,0,0,1,1,6,1,54,8,-1,-1,-1,-1,3,-1
2015132BS0897,2,9,0,17,0,1,0,0,0,0,1,1,6,1,71,10,1149,1,12,-1,1,-1
2015132BS0976,1,9,0,18,0,1,0,0,0,0,4,1,6,1,20,4,1896,2,13,-1,1,-1
2015132BS0976,2,9,0,2,0,1,0,0,0,0,3,1,6,1,35,6,1560,2,10,-1,1,-1
2015132BS0976,3,9,0,2,0,1,0,0,0,0,3,1,6,1,45,7,1968,2,1,-1,1,-1
2015132BS0976,4,9,0,2,0,1,0,0,0,0,3,1,6,1,42,7,1560,2,2,-1,1,-1
2015132BS0976,5,9,0,18,0,1,0,0,0,0,1,1,6,3,-1,-1,1896,2,13,-1,-1,-1
2015132BS0979,1,9,0,18,0,0,1,0,0,0,1,1,6,1,49,8,1398,1,4,-1,2,-1
2015132BS0979,2,9,0,4,0,0,0,0,0,0,2,1,6,2,25,5,1461,2,5,-1,-1,-1
2015132BS0979,3,9,0,4,0,0,0,0,0,0,2,1,6,2,40,7,1560,2,2,-1,1,-1