Accident_Index,Vehicle_Reference,Vehicle_Type,Towing_and_Articulation,Vehicle_Manoeuvre,Vehicle_Location-Restricted_Lane,Junction_Location,Skidding_and_Overturning,Hit_Object_in_Carriageway,Vehicle_Leaving_Carriageway,Hit_Object_off_Carriageway,1st_Point_of_Impact,Was_Vehicle_Left_Hand_Drive?,Journey_Purpose_of_Driver,Sex_of_Driver,Age_of_Driver,Age_Band_of_Driver,Engine_Capacity_(CC),Propulsion_Code,Age_of_Vehicle,Driver_IMD_Decile,Driver_Home_Area_Type,Vehicle_IMD_Decile
2015132C61176,1,9,0,18,0,0,0,0,0,0,2,1,6,1,47,8,1896,2,13,-1,2,-1
2015132C61176,2,9,0,18,0,0,0,0,0,0,2,1,6,1,21,5,1560,2,1,-1,2,-1
2015132C61176,3,9,0,18,0,0,0,0,0,0,1,1,6,1,41,7,1796,1,11,-1,1,-1
2015132C61176,4,9,0,18,0,0,0,0,0,0,1,1,6,1,76,11,2495,2,19,-1,-1,-1
2015132C61176,5,9,0,18,0,0,0,0,0,0,1,1,6,2,25,5,1124,1,10,-1,1,-1
2015132C61176,6,9,0,18,0,0,0,0,0,0,1,1,6,1,55,8,1799,1,9,-1,1,-1
2015132C61285,1,9,0,9,0,6,0,0,0,0,1,1,6,1,63,9,1586,1,1,-1,1,-1
2015132C61285,2,9,0,18,0,8,0,0,0,0,3,1,6,1,58,9,1596,1,7,-1,1,-1
2015132C70240,1,9,0,18,0,2,0,0,0,0,3,1,1,1,50,8,998,1,1,-1,1,-1
2015132C70305,1,9,0,4,0,0,0,0,1,3,1,1,3,2,32,6,1986,2,8,-1,-1,-1
2015132C70525,1,9,0,18,0,0,0,0,0,0,3,1,6,3,-1,-1,-1,-1,-1,-1,-1,-1
2015132C70596,1,8,0,7,0,6,0,0,0,0,1,1,1,1,50,8,1399,1,6,-1,1,-1
2015132C70596,2,1,0,18,0,8,5,0,0,0,3,1,4,2,13,3,-1,-1,-1,-1,1,-1
2015132C70604,1,9,0,18,0,0,0,0,0,0,1,1,6,1,-1,-1,1598,1,13,-1,3,-1
2015132C70604,2,9,0,18,0,0,0,0,0,0,2,1,6,1,37,7,1686,2,5,-1,1,-1
2015132C70635,1,9,0,18,0,4,0,0,0,0,3,1,6,1,50,8,1896,2,7,-1,1,-1
2015132C70635,2,9,0,18,0,4,0,0,0,0,4,1,6,1,23,5,1360,1,10,-1,1,-1
2015132C70854,1,1,0,18,0,0,0,0,0,0,1,1,2,1,40,7,-1,-1,-1,-1,1,-1
2015132C70854,2,9,0,18,0,0,0,0,0,0,0,1,2,1,62,9,1598,1,12,-1,3,-1
2015132C70854,3,9,0,18,0,0,0,0,0,0,2,1,2,1,30,6,-1,-1,-1,-1,1,-1
2015132C71027,1,21,1,9,0,1,0,0,0,0,3,1,1,1,39,7,11967,2,3,-1,1,-1
2015132C71027,2,1,0,4,0,1,0,0,0,0,3,1,6,1,44,7,-1,-1,-1,-1,1,-1
2015132C71035,1,9,0,18,0,8,0,0,0,0,1,1,6,1,-1,-1,1596,1,12,-1,-1,-1
2015132C71035,2,9,0,7,0,5,0,0,0,0,4,1,3,1,44,7,-1,-1,-1,-1,1,-1
2015132C71044,1,9,0,9,0,6,0,0,0,0,3,1,2,2,49,8,1248,1,4,-1,1,-1
2015132C71044,2,9,0,18,0,1,0,0,0,0,1,1,6,2,83,11,1598,1,10,-1,3,-1
2015132C71145,1,9,0,18,0,8,0,0,0,0,1,1,6,3,-1,-1,-1,-1,-1,-1,-1,-1
2015132C71284,1,9,0,2,0,0,0,0,0,0,4,1,6,1,31,6,1598,1,11,-1,1,-1
2015132C71284,2,9,0,3,0,0,0,0,0,0,1,1,6,1,76,11,998,1,13,-1,1,-1
2015132C71294,1,9,0,18,0,1,0,0,0,0,1,1,6,1,79,11,1229,1,-1,-1,2,-1
2015132C71294,2,9,0,3,0,2,0,0,0,0,3,1,6,1,34,6,2720,2,8,-1,3,-1
2015132C71319,1,9,0,9,0,8,0,0,0,0,3,1,6,2,54,8,1598,1,3,-1,1,-1
2015132C71319,2,1,0,18,0,8,0,0,0,0,1,1,6,2,27,6,-1,-1,-1,-1,1,-1
2015132C71487,1,9,0,18,0,6,0,0,0,0,1,1,6,2,18,4,1598,1,9,-1,3,-1
2015132C71487,2,9,0,9,0,5,0,0,0,0,1,1,6,1,-1,-1,1753,2,15,-1,-1,-1
2015132C71555,1,9,0,5,0,0,0,0,0,0,1,1,6,1,-1,-1,-1,-1,-1,-1,-1,-1
2015132C71717,1,9,0,18,0,1,0,0,0,0,1,1,6,1,35,6,2967,2,3,-1,1,-1
2015132C71717,2,9,0,18,0,1,0,0,0,0,2,1,6,2,40,7,998,1,1,-1,1,-1
2015132C71717,3,9,0,18,0,1,0,0,0,0,2,1,6,1,46,8,1598,1,-1,-1,1,-1
2015132C71780,1,9,0,18,0,8,0,0,1,2,3,1,6,1,33,6,1298,1,17,-1,-1,-1
2015132C71780,2,9,0,18,0,8,0,0,0,0,1,1,6,1,18,4,1299,1,13,-1,1,-1
2015132C80015,1,9,0,18,0,0,0,0,0,0,1,1,6,1,-1,-1,1596,1,15,-1,-1,-1
2015132C80015,2,8,0,18,0,0,0,0,0,0,1,1,1,1,50,8,1896,2,9,-1,1,-1
2015132C80140,1,9,0,18,0,8,0,0,0,0,1,1,6,3,-1,-1,-1,-1,-1,-1,-1,-1
2015132C80140,2,9,0,9,0,8,0,0,1,10,3,1,2,1,36,7,998,1,15,-1,1,-1
2015132C80188,1,9,0,9,0,6,0,0,0,0,1,1,6,1,48,8,2664,2,12,-1,1,-1
2015132C80188,2,9,0,18,0,1,0,0,0,0,4,1,6,2,48,8,1360,1,10,-1,1,-1
2015132C80207,1,9,0,3,0,0,0,0,0,0,2,1,2,2,53,8,996,1,1,-1,3,-1
2015132C80207,2,9,0,3,0,0,0,0,0,0,2,1,2,1,26,6,1598,1,5,-1,1,-1
2015132C80207,3,21,1,18,0,0,1,0,0,0,1,1,1,1,30,6,12809,2,-1,-1,2,-1
2015132C80224,1,9,0,18,0,0,0,0,0,0,1,1,6,1,31,6,1390,1,14,-1,1,-1
2015132C80541,1,11,0,4,0,1,0,0,0,0,0,1,1,1,58,9,-1,-1,-1,-1,1,-1
2015132C80580,1,5,0,18,0,0,5,0,0,0,3,1,6,1,56,9,647,1,16,-1,3,-1
2015132C80634,1,11,0,18,3,0,0,11,0,0,1,1,1,2,48,8,9360,2,7,-1,1,-1
2015132C80657,1,9,0,4,0,1,0,0,0,0,1,1,6,1,31,6,1685,2,-1,-1,1,-1
2015132C80657,2,9,0,4,0,1,0,0,0,0,2,1,6,1,63,9,2400,2,4,-1,1,-1
2015132C80657,3,9,0,4,0,1,0,0,0,0,2,1,6,2,49,8,1422,2,7,-1,1,-1
2015132C80657,4,9,0,4,0,1,0,0,0,0,2,1,6,2,51,8,2967,1,12,-1,1,-1
2015132C80693,1,11,0,18,0,2,0,0,0,0,0,1,1,1,39,7,9360,2,3,-1,1,-1
2015132C80757,1,1,0,16,0,1,0,0,0,0,0,1,6,1,28,6,-1,-1,-1,-1,-1,-1
2015132C80757,2,9,0,1,0,1,0,0,0,0,0,1,6,1,86,11,1596,1,9,-1,-1,-1
2015132C80915,1,2,0,18,0,8,0,0,0,0,1,1,6,1,15,3,-1,-1,-1,-1,1,-1
2015132C80915,2,9,0,18,0,8,0,0,0,0,3,1,2,2,52,8,2179,2,1,-1,1,-1
2015132C80917,1,9,0,18,0,1,0,0,0,0,1,1,6,1,46,8,2171,1,10,-1,2,-1
2015132C80921,1,9,0,18,0,0,1,0,2,0,1,1,6,2,35,6,1400,1,9,-1,2,-1
2015132C80921,2,9,0,18,0,0,0,0,0,0,1,1,6,1,48,8,1998,2,5,-1,1,-1
2015132C81053,1,9,0,6,0,2,0,0,7,2,3,1,6,1,76,11,2987,2,4,-1,1,-1
2015132C81053,2,9,0,18,0,1,0,0,7,0,1,1,6,2,55,8,1198,1,12,-1,1,-1
2015132C81064,1,9,0,17,0,8,0,10,1,1,1,1,6,2,36,7,1198,1,9,-1,-1,-1
2015132C81064,2,9,0,17,0,8,0,0,0,0,0,1,2,1,52,8,1995,2,1,-1,-1,-1
2015132C81070,1,9,0,18,0,8,0,0,0,0,1,1,6,1,53,8,1329,1,5,-1,1,-1
2015132C81114,1,19,0,18,0,0,0,0,0,0,1,1,6,1,22,5,1248,2,1,-1,1,-1
2015132C81114,2,9,0,18,0,0,0,0,0,0,2,1,6,2,43,7,1198,1,4,-1,1,-1
2015132C81114,3,9,0,18,0,0,0,0,0,0,1,1,6,1,47,8,1339,1,9,-1,1,-1
2015132C81114,4,9,0,4,0,0,0,0,0,0,2,1,6,1,55,8,1560,2,3,-1,-1,-1
2015132C81352,1,21,0,18,0,0,1,0,7,0,1,1,1,1,62,9,4250,2,3,-1,1,-1
2015132C81352,2,21,1,18,0,0,0,0,0,0,2,1,1,1,27,6,12777,2,6,-1,2,-1
2015132C81363,1,9,0,3,0,1,0,0,0,0,4,1,6,2,45,7,1686,2,9,-1,1,-1
2015132C81363,2,9,0,18,0,2,0,0,0,0,3,1,6,1,-1,-1,-1,-1,-1,-1,-1,-1
2015132C81553,1,9,0,18,0,8,0,0,0,0,1,1,6,1,-1,-1,1198,1,13,-1,-1,-1
2015132C81553,2,9,0,18,0,8,0,0,0,0,3,1,6,1,53,8,1560,2,3,-1,1,-1
2015132C81633,1,9,0,17,0,0,0,0,2,11,1,1,6,1,29,6,2979,1,6,-1,-1,-1
2015132C90178,1,3,0,18,0,0,1,0,0,0,0,1,6,1,49,8,124,1,8,-1,1,-1
2015132C90251,1,9,0,9,0,6,0,0,0,0,3,1,6,1,43,7,1396,1,11,-1,1,-1
2015132C90251,2,9,0,18,0,8,0,0,0,0,1,1,6,2,27,6,1598,1,2,-1,1,-1
2015132C90264,1,9,0,9,0,5,0,0,0,0,4,1,2,2,45,7,1229,1,6,-1,1,-1
2015132C90264,2,1,0,18,0,1,0,0,0,0,1,1,6,1,47,8,-1,-1,-1,-1,3,-1
2015132C90644,1,11,0,5,0,2,0,0,0,0,0,1,1,2,60,9,6696,2,-1,-1,1,-1
2015132C90884,1,9,0,18,0,0,0,0,0,0,1,1,3,1,34,6,1595,1,12,-1,-1,-1
2015132C90959,1,9,0,7,0,5,0,0,0,0,3,1,6,1,-1,-1,1995,2,2,-1,-1,-1
2015132C90959,2,10,0,18,4,8,0,0,0,0,1,1,2,1,23,5,-1,-1,-1,-1,1,-1
2015132C91008,1,9,0,18,0,1,0,0,0,0,1,1,6,1,42,7,1896,2,17,-1,-1,-1
2015132C91008,2,9,0,5,0,5,0,0,0,0,1,1,6,2,39,7,1598,1,12,-1,1,-1
2015132C91043,1,8,0,13,0,2,0,0,0,0,4,1,1,1,47,8,1968,2,6,-1,1,-1
2015132C91043,2,11,0,18,0,2,0,0,0,0,3,1,1,1,50,8,4250,2,9,-1,1,-1
2015132C91063,1,9,0,18,0,6,0,0,0,0,3,1,6,3,-1,-1,-1,-1,-1,-1,-1,-1
2015132C91194,1,1,0,18,0,1,0,0,0,0,1,1,6,1,60,9,-1,-1,-1,-1,1,-1
2015132C91194,2,9,0,5,0,1,0,0,0,0,1,1,6,1,69,10,1896,2,11,-1,1,-1
2015132C91206,1,1,0,18,0,0,0,0,0,0,3,1,6,1,15,3,-1,-1,-1,-1,-1,-1
2015132C91206,2,9,0,18,0,0,0,0,0,0,1,1,6,2,64,9,-1,-1,-1,-1,1,-1
2015132CA0204,1,1,0,16,0,1,0,0,0,0,4,1,2,1,18,4,-1,-1,-1,-1,1,-1
2015132CA0204,2,9,0,5,0,2,0,0,0,0,1,1,2,1,64,9,1968,2,-1,-1,1,-1
2015132CA0205,1,19,0,18,0,0,0,4,0,0,1,1,1,1,27,6,1248,2,-1,-1,3,-1
2015132CA0205,2,9,0,2,0,0,0,0,0,0,2,1,2,1,58,9,1000,1,2,-1,1,-1
2015132CA0225,1,9,0,9,0,6,0,0,0,0,1,1,6,1,71,10,1995,2,-1,-1,1,-1
2015132CA0225,2,1,0,18,0,8,0,0,0,0,4,1,6,2,22,5,-1,-1,-1,-1,1,-1
2015132CA0242,1,9,0,9,0,2,0,0,0,0,1,1,6,1,60,9,1968,2,6,-1,1,-1
2015132CA0376,1,11,0,4,0,0,0,0,0,0,1,1,1,1,47,8,6700,2,3,-1,1,-1
2015132CA0494,1,9,0,9,0,4,0,0,0,0,3,1,6,1,36,7,1587,1,9,-1,1,-1
2015132CA0494,2,9,0,18,0,4,0,0,0,0,1,1,6,2,26,6,1686,2,5,-1,1,-1
2015132CA0521,1,9,0,1,0,0,0,0,0,0,4,1,6,1,22,5,1587,1,12,-1,2,-1
2015132CA0671,1,9,0,12,0,6,0,0,0,0,3,1,6,2,30,6,1242,1,1,-1,2,-1
2015132CA0671,2,9,0,18,0,2,0,0,0,0,4,1,6,2,21,5,1149,1,8,-1,1,-1
2015132CA0691,1,11,0,18,3,1,0,0,0,0,1,1,1,1,50,8,9360,2,7,-1,1,-1
2015132CA0787,1,8,0,18,0,0,0,0,0,0,1,1,6,1,-1,-1,1896,2,6,-1,-1,-1
2015132CA0787,2,9,0,18,0,0,0,0,0,0,2,1,6,2,27,6,1968,2,3,-1,1,-1
2015132CA0814,1,11,0,5,0,0,0,0,0,0,0,1,1,1,42,7,9360,2,6,-1,1,-1
2015132CA0861,1,9,0,18,0,1,0,0,0,0,1,1,6,1,35,6,1197,1,2,-1,1,-1
2015132CA0861,2,9,0,18,0,1,0,0,0,0,2,1,1,1,39,7,1870,2,11,-1,1,-1
2015132CA0861,3,9,0,7,0,2,0,0,0,0,0,1,6,3,-1,-1,-1,-1,-1,-1,-1,-1
2015132CA0926,1,9,0,18,0,1,0,0,0,0,1,1,6,3,-1,-1,1299,1,12,-1,-1,-1
2015132CA0926,2,9,0,18,0,8,0,0,0,0,4,1,6,1,31,6,998,1,1,-1,1,-1
2015132CA0926,3,9,0,18,0,8,0,0,0,0,3,1,6,2,60,9,999,1,-1,-1,3,-1
2015132CA0926,4,9,0,18,0,8,0,0,0,0,3,1,6,1,45,7,1339,1,11,-1,1,-1
2015132CA0938,1,9,0,14,0,0,0,0,0,0,1,1,6,2,61,9,1598,1,11,-1,2,-1
2015132CA0984,1,9,0,4,0,8,0,0,0,0,1,1,6,2,20,4,1598,2,3,-1,1,-1
2015132CA0984,2,21,0,5,0,8,0,0,0,0,1,1,6,1,-1,-1,-1,-1,-1,-1,-1,-1
2015132CA1032,1,9,0,18,0,0,0,0,0,0,4,1,6,2,80,11,1586,1,4,-1,1,-1
2015132CA1040,1,9,0,18,0,0,0,0,7,11,1,1,6,1,27,6,1968,2,-1,-1,1,-1
2015132CA1042,1,9,0,18,0,2,0,0,0,0,1,1,6,1,-1,-1,-1,-1,-1,-1,-1,-1
2015132CA1086,1,9,0,18,0,8,0,0,0,0,1,1,6,2,47,8,1339,1,12,-1,1,-1
2015132CA1086,2,9,0,3,0,8,0,0,0,0,2,1,2,2,52,8,999,1,9,-1,1,-1
2015132CA1086,3,9,0,3,0,8,0,0,0,0,2,1,2,1,38,7,1598,1,7,-1,1,-1
2015132CA1110,1,9,0,11,0,0,0,0,0,0,2,1,6,1,48,8,1951,2,11,-1,1,-1
2015132CA1110,2,9,0,18,0,0,0,0,0,0,1,1,6,2,22,5,1685,2,1,-1,1,-1
2015132CA1332,1,9,0,18,0,0,0,0,0,0,1,1,2,1,24,5,1686,2,9,-1,1,-1
2015132CA1397,1,11,0,4,2,2,0,0,0,0,4,1,1,1,34,6,7300,1,15,-1,1,-1
2015132CA1562,1,8,0,7,0,1,0,0,0,0,2,1,1,1,32,6,1797,8,5,-1,1,-1
2015132CA1562,2,1,0,18,0,1,0,0,0,0,1,1,6,1,43,7,-1,-1,-1,-1,1,-1
2015132CA1703,1,9,0,18,0,8,0,0,0,0,2,1,6,1,70,10,1991,1,20,-1,-1,-1
2015132CA1703,2,9,0,18,0,8,0,0,0,0,1,1,6,1,69,10,1796,1,7,-1,-1,-1
2015132CA1703,3,9,0,18,0,1,0,0,0,0,0,1,1,1,54,8,-1,-1,-1,-1,-1,-1
2015132CB0094,1,8,0,18,0,0,0,0,0,0,1,1,1,1,46,8,1968,2,7,-1,1,-1
2015132CB0126,1,9,0,18,0,0,0,0,0,0,1,1,6,1,22,5,1197,1,-1,-1,1,-1
2015132CB0126,2,9,0,2,0,0,0,0,0,0,3,1,6,3,-1,-1,1598,1,6,-1,-1,-1
2015132CB0126,3,9,0,2,0,0,0,0,0,0,1,1,6,3,-1,-1,-1,-1,-1,-1,-1,-1
2015132CB0218,1,9,0,18,0,8,0,0,0,0,2,1,2,1,-1,-1,1328,1,12,-1,1,-1
2015132CB0218,2,3,0,18,0,8,5,0,0,0,1,1,2,1,17,4,124,1,5,-1,1,-1
2015132CB0222,1,9,0,9,0,1,0,0,0,0,1,1,2,1,19,4,1229,1,2,-1,1,-1
2015132CB0222,2,9,0,18,0,1,0,0,0,0,1,1,3,1,39,7,1598,1,5,-1,1,-1
2015132CB0233,1,9,0,18,0,0,0,0,0,0,1,1,6,3,-1,-1,-1,-1,-1,-1,-1,-1
2015132CB0236,1,9,0,18,0,1,1,0,0,0,1,1,2,2,27,6,1499,2,2,-1,1,-1
2015132CB0236,2,9,0,4,0,1,0,0,0,0,2,1,2,1,41,7,1997,2,15,-1,1,-1
2015132CB0240,1,5,0,18,0,1,2,0,0,0,1,1,2,1,38,7,599,1,20,-1,1,-1
2015132CB0240,2,9,0,9,0,6,0,0,0,0,3,1,2,1,35,6,1596,1,13,-1,1,-1
2015132CB0313,1,9,0,5,0,8,0,0,1,0,3,1,2,2,27,6,998,1,4,-1,1,-1
2015132CB0313,2,21,1,5,0,8,0,0,0,0,4,2,6,3,-1,-1,-1,-1,-1,-1,-1,-1
2015132CB0443,1,9,0,18,0,8,0,0,0,0,4,1,6,1,58,9,2720,2,9,-1,1,-1
2015132CB0493,1,11,0,5,0,0,0,0,0,0,0,1,1,1,56,9,9360,2,6,-1,1,-1
2015132CB0647,1,9,0,18,0,1,0,0,0,0,4,1,6,2,22,5,898,1,-1,-1,1,-1
2015132CB0647,2,9,0,7,0,6,0,0,0,0,1,1,6,2,24,5,1242,1,10,-1,1,-1
2015132CB0677,1,19,0,3,0,0,0,0,0,0,2,1,1,1,27,6,-1,-1,-1,-1,1,-1
2015132CB0677,2,9,0,3,0,0,0,0,0,0,2,1,6,2,68,10,1240,1,8,-1,-1,-1
2015132CB0677,3,8,0,18,0,0,0,0,0,0,1,1,1,1,30,6,1968,2,2,-1,1,-1
2015132CB0688,1,9,0,18,0,0,0,0,0,0,1,1,6,2,25,5,1390,1,12,-1,1,-1
2015132CB0688,2,9,0,18,0,0,0,0,0,0,2,1,6,2,35,6,1984,1,8,-1,-1,-1
2015132CB1167,1,11,0,4,0,0,0,0,0,0,0,1,1,1,45,7,9360,2,6,-1,1,-1
2015132CB1207,1,9,0,18,0,3,0,0,0,0,1,1,6,1,24,5,1198,1,11,-1,1,-1
2015132CB1399,1,9,0,18,0,8,0,0,0,0,1,1,6,1,21,5,1229,1,5,-1,1,-1
2015132CB1399,2,9,0,18,0,8,0,0,1,0,4,1,6,1,32,6,1896,2,6,-1,1,-1
2015132CB1399,3,9,0,2,0,1,0,0,0,0,3,1,6,3,-1,-1,1995,2,4,-1,1,-1
2015132CB1399,4,9,0,2,0,1,0,0,0,0,4,1,6,3,-1,-1,1248,1,4,-1,1,-1
2015132CB1494,1,9,0,18,0,8,0,0,7,1,4,1,6,2,37,7,998,1,3,-1,1,-1
2015132CB1494,2,9,0,9,0,8,0,0,0,0,3,1,6,1,26,6,1596,1,8,-1,1,-1
2015132CB1705,1,9,0,2,0,0,0,0,0,0,0,1,6,1,45,7,1461,2,7,-1,-1,-1
2015132CC0066,1,9,0,11,0,1,0,0,0,0,4,1,6,1,24,5,1461,2,-1,-1,2,-1
2015132CC0066,2,9,0,18,0,1,0,0,0,0,3,1,6,1,36,7,2698,2,6,-1,1,-1
2015132CC0066,3,9,0,3,0,1,0,0,0,0,2,1,6,2,26,6,1149,1,11,-1,1,-1
2015132CC0300,1,9,0,16,0,0,2,0,2,11,4,1,6,1,26,6,1896,2,10,-1,1,-1
2015132CC0549,1,9,0,18,0,0,0,0,0,0,1,1,6,1,28,6,1595,1,6,-1,1,-1
2015132CC0549,2,9,0,4,0,0,0,0,0,0,2,1,6,1,31,6,1796,1,5,-1,1,-1
2015132CC0549,3,9,0,4,0,0,0,0,0,0,2,1,6,1,48,8,2199,2,2,-1,3,-1
2015132CC0588,1,9,0,9,0,1,0,0,0,0,4,1,6,2,55,8,1560,2,10,-1,1,-1
2015132CC0588,2,8,0,18,0,1,0,0,0,0,1,1,1,1,45,7,1896,2,6,-1,1,-1
2015132CC0687,1,9,0,18,0,0,0,0,0,0,1,1,6,1,-1,-1,-1,-1,-1,-1,-1,-1
2015132CC0687,2,1,0,18,0,0,0,0,0,0,1,1,6,1,17,4,-1,-1,-1,-1,-1,-1
2015132CC0693,1,9,0,9,0,8,0,0,0,0,3,1,6,2,55,8,998,1,8,-1,-1,-1
2015132CC0864,1,9,0,18,0,0,0,0,0,0,3,1,6,1,39,7,2435,2,12,-1,1,-1
2015132CC0864,2,9,0,12,0,0,1,0,0,0,2,1,6,1,36,7,1124,1,14,-1,1,-1
2015132CC0864,3,9,0,18,0,0,1,0,0,0,1,1,6,1,30,6,2204,2,8,-1,1,-1
2015132CC0878,1,9,0,5,0,0,0,0,0,0,3,1,6,2,39,7,1242,1,7,-1,1,-1
2015132CC0878,2,9,0,14,0,0,0,0,0,0,1,1,6,1,40,7,1995,2,5,-1,1,-1
2015132CC0961,1,9,0,18,0,6,0,0,0,0,4,1,6,1,29,6,1896,2,12,-1,1,-1
2015132CC0961,2,9,0,18,0,1,0,0,0,0,1,1,6,2,34,6,1199,1,11,-1,1,-1
2015132CC1022,1,9,0,18,0,0,0,0,0,0,1,1,6,2,23,5,1242,1,2,-1,3,-1
2015132CC1104,1,20,0,18,0,0,0,0,0,0,3,1,6,1,44,7,-1,-1,-1,-1,1,-1
2015132CC1169,1,9,0,12,0,0,1,0,4,6,1,1,6,1,18,4,1229,1,10,-1,1,-1
2015132CC1203,1,19,0,18,0,0,0,0,0,0,1,1,6,1,25,5,-1,-1,-1,-1,1,-1
2015132CC1203,2,9,0,18,0,0,0,0,0,0,1,1,6,2,35,6,1598,2,4,-1,1,-1
2015132CC1312,1,9,0,18,0,0,1,0,0,0,3,1,6,1,18,4,998,1,8,-1,1,-1
2015132CC1359,1,9,0,4,0,1,0,0,0,0,1,1,6,2,21,5,1390,1,1,-1,1,-1
2015132CC1359,2,9,0,3,0,1,0,0,0,0,2,1,6,1,38,7,-1,-1,-1,-1,1,-1
2015132CD0019,1,9,0,2,0,0,0,0,0,0,1,1,6,1,32,6,1968,2,5,-1,1,-1
2015132CD0019,2,9,0,1,0,0,0,0,0,0,2,1,6,1,21,5,1242,1,4,-1,1,-1
2015132CD0162,1,9,0,9,0,6,0,0,0,0,3,1,6,1,-1,-1,-1,-1,-1,-1,-1,-1
2015132CD0494,1,9,0,18,0,8,0,0,0,0,1,1,6,2,31,6,1910,2,10,-1,-1,-1
2015132CD0494,2,9,0,18,0,8,0,0,0,0,1,1,6,1,48,8,1798,1,10,-1,1,-1
2015132CD0714,1,9,0,4,0,0,0,0,0,0,1,1,6,2,35,6,1497,1,15,-1,1,-1
2015132CD0714,2,9,0,4,0,0,0,0,0,0,2,1,6,2,47,8,1598,1,9,-1,1,-1
2015132CD0774,1,9,0,7,9,8,0,0,1,2,1,1,6,2,17,4,1149,1,13,-1,-1,-1
2015132CD0931,1,9,0,18,0,0,0,0,0,0,1,1,6,3,40,7,995,1,7,-1,3,-1
2015132CD0931,2,1,0,18,0,0,0,0,0,0,2,1,6,1,26,6,-1,-1,-1,-1,1,-1
2015132CD0974,1,8,0,18,0,8,0,0,0,0,1,1,1,1,67,10,1956,2,1,-1,1,-1
2015132CD0974,2,9,0,18,0,8,0,0,0,0,1,1,6,1,28,6,1995,2,8,-1,1,-1
2015132CD1020,1,9,0,9,0,1,0,0,0,11,1,1,6,1,55,8,-1,-1,-1,-1,1,-1
2015132CD1020,2,9,0,18,0,1,0,0,0,0,1,1,6,1,60,9,1364,1,10,-1,1,-1
2015132CD1049,1,9,0,9,0,8,0,0,0,0,3,1,6,1,57,9,1956,2,-1,-1,1,-1
2015132CD1049,2,2,0,18,0,1,5,0,0,0,1,1,6,1,22,5,124,1,6,-1,1,-1
2015132CD1068,1,9,0,5,0,8,0,0,0,10,3,1,6,1,45,7,1598,1,2,-1,1,-1
2015132CD1068,2,19,0,18,0,1,0,0,0,10,1,1,6,1,58,9,1998,2,10,-1,1,-1
2015132CD1094,1,9,0,5,0,0,0,0,0,0,1,1,6,1,20,4,1200,1,14,-1,-1,-1
2015132CD1094,2,9,0,18,0,0,0,0,0,0,3,1,6,2,42,7,1398,1,-1,-1,-1,-1
2015132CD1209,1,9,0,9,0,6,0,0,0,0,3,1,1,1,58,9,-1,-1,-1,-1,2,-1
2015132CD1209,2,3,0,18,0,8,0,0,7,0,1,1,2,1,24,5,125,1,7,-1,1,-1
2015132CD1218,1,9,0,18,0,8,0,0,0,0,1,1,6,1,64,9,998,1,5,-1,1,-1
2015132CD1381,1,9,0,18,0,0,0,0,0,0,1,1,6,1,38,7,-1,-1,-1,-1,2,-1
2015132CE0126,1,9,0,18,0,0,5,0,1,4,1,1,6,1,40,7,2976,1,10,-1,1,-1
2015132CE0274,1,9,0,9,0,6,0,0,0,0,3,1,3,2,36,7,1968,2,7,-1,1,-1
2015132CE0274,2,9,0,18,0,1,0,0,0,0,1,1,6,2,36,7,2231,2,8,-1,1,-1
2015132CE0345,1,9,0,13,0,8,0,0,0,0,1,1,6,1,24,5,1896,2,15,-1,1,-1
2015132CE0345,2,9,0,9,0,5,0,0,0,0,3,1,6,2,27,6,1560,2,-1,-1,1,-1
2015132CE0617,1,9,0,2,6,0,0,0,0,0,3,1,6,1,37,7,1781,1,14,-1,1,-1
2015132CE0617,2,1,0,18,0,0,0,0,0,0,1,1,6,1,39,7,-1,-1,-1,-1,1,-1
2015132CE0869,1,9,0,18,0,8,0,0,0,0,1,1,6,1,-1,-1,1598,1,16,-1,-1,-1
2015132CE0869,2,9,0,18,0,8,0,0,0,0,3,1,6,1,33,6,1598,1,3,-1,1,-1
2015132CE0876,1,9,0,9,0,6,0,0,0,0,3,1,1,1,45,7,1560,2,2,-1,1,-1
2015132CE0876,2,9,0,18,0,8,0,0,0,0,1,1,3,1,41,7,998,1,13,-1,1,-1
2015132CE0926,1,9,0,18,0,2,0,0,0,0,4,1,6,1,32,6,1242,1,3,-1,1,-1
2015132CE0953,1,8,0,18,0,0,0,0,0,0,1,1,1,1,35,6,1896,2,5,-1,1,-1
2015132CE0953,2,9,0,18,0,0,0,0,0,0,2,1,6,2,31,6,2199,2,7,-1,1,-1
2015132CE1022,1,9,0,4,0,0,0,0,0,0,2,1,6,1,42,7,1595,1,8,-1,-1,-1
2015132CE1022,2,9,0,4,0,0,0,0,0,0,2,1,6,2,20,4,1360,1,4,-1,1,-1
2015132CE1022,3,19,0,4,0,0,0,0,0,0,1,1,1,1,27,6,1461,2,2,-1,3,-1
2015132CE1129,1,9,0,18,0,0,0,0,0,0,1,1,6,1,75,10,1796,1,8,-1,1,-1
2015132CE1170,1,8,0,4,0,0,0,0,0,0,1,1,1,1,22,5,1896,2,7,-1,-1,-1
2015132CE1170,2,9,0,4,0,0,0,0,0,0,2,1,6,3,-1,-1,-1,-1,-1,-1,-1,-1
2015132CE1219,1,9,0,18,0,0,0,0,0,0,1,1,6,3,-1,-1,-1,-1,-1,-1,-1,-1
2015132CE1231,1,9,0,18,0,8,0,0,0,0,3,1,2,2,37,7,1686,2,4,-1,1,-1
2015132CE1231,2,19,0,18,0,8,0,0,7,0,4,1,2,1,31,6,1560,2,-1,-1,1,-1
2015132CE1231,3,9,0,18,0,6,0,0,0,0,1,1,6,1,23,5,1396,1,16,-1,1,-1
2015132CE1256,1,9,0,18,0,8,0,0,0,0,1,1,6,3,-1,-1,1527,2,14,-1,-1,-1
2015132CE1256,2,9,0,18,0,8,0,0,0,0,1,1,6,1,45,7,1997,2,9,-1,-1,-1
2015132CE1256,3,9,0,18,0,8,0,0,0,0,3,1,6,1,48,8,1995,2,7,-1,1,-1