Accident_Index,Vehicle_Reference,Vehicle_Type,Towing_and_Articulation,Vehicle_Manoeuvre,Vehicle_Location-Restricted_Lane,Junction_Location,Skidding_and_Overturning,Hit_Object_in_Carriageway,Vehicle_Leaving_Carriageway,Hit_Object_off_Carriageway,1st_Point_of_Impact,Was_Vehicle_Left_Hand_Drive?,Journey_Purpose_of_Driver,Sex_of_Driver,Age_of_Driver,Age_Band_of_Driver,Engine_Capacity_(CC),Propulsion_Code,Age_of_Vehicle,Driver_IMD_Decile,Driver_Home_Area_Type,Vehicle_IMD_Decile
2015132CE1308,1,9,0,5,0,6,0,0,0,0,1,1,6,1,31,6,1390,1,4,-1,1,-1
2015132CE1308,2,11,0,18,0,8,0,0,0,0,1,1,1,1,54,8,3900,2,11,-1,1,-1
2015132CE1364,1,9,0,7,0,6,0,0,0,0,3,1,6,1,65,9,1968,2,3,-1,1,-1
2015132CE1364,2,1,0,18,0,8,5,0,0,0,1,1,6,1,50,8,-1,-1,-1,-1,1,-1
2015132CE1440,1,9,0,18,0,2,0,0,0,0,1,1,6,1,26,6,-1,-1,-1,-1,1,-1
2015132CE1479,1,9,0,18,0,8,0,0,0,0,1,1,6,1,66,10,1364,2,1,-1,1,-1
2015132CE1479,2,9,0,2,0,8,0,0,0,0,1,1,6,1,22,5,1956,2,4,-1,-1,-1
2015132CE1479,3,9,0,2,0,8,0,0,0,0,2,1,6,1,25,5,2495,2,23,-1,-1,-1
2015132CF0183,1,21,0,11,0,0,0,0,0,0,4,1,1,1,51,8,10518,2,3,-1,1,-1
2015132CF0183,2,9,0,18,0,0,1,0,5,0,3,1,2,2,54,8,1598,2,2,-1,1,-1
2015132CF0195,1,9,0,4,0,0,0,0,0,0,2,1,2,2,39,7,1956,2,1,-1,2,-1
2015132CF0195,2,9,0,4,0,0,0,0,0,0,1,1,2,1,18,4,1368,1,2,-1,1,-1
2015132CF0356,1,19,0,6,0,0,0,0,0,0,1,1,1,1,33,6,1248,2,-1,-1,1,-1
2015132CF0356,2,1,0,18,0,0,0,0,0,0,1,1,2,1,24,5,-1,-1,-1,-1,1,-1
2015132CF0612,1,9,0,1,0,0,0,0,0,0,2,1,6,1,19,4,1896,2,8,-1,1,-1
2015132CF0612,2,8,0,2,0,0,0,0,0,0,4,1,1,1,29,6,1598,2,4,-1,1,-1
2015132CF0630,1,9,0,18,0,2,0,0,0,0,1,1,6,2,80,11,1242,1,7,-1,1,-1
2015132CF0630,2,9,0,18,0,2,0,0,0,0,3,1,6,1,76,11,1200,1,-1,-1,1,-1
2015132CF0862,1,9,0,9,0,1,0,0,0,0,2,1,6,1,39,7,1389,1,13,-1,1,-1
2015132CF0862,2,9,0,18,0,1,0,0,0,0,1,1,6,3,-1,-1,1598,1,12,-1,-1,-1
2015132CF0912,1,9,0,18,0,0,0,0,0,0,1,1,6,3,-1,-1,-1,-1,-1,-1,-1,-1
2015132CF0912,2,9,0,18,0,0,0,0,0,0,2,1,6,1,25,5,998,1,11,-1,-1,-1
2015132CF0993,1,9,0,5,0,6,0,0,0,0,1,1,1,1,51,8,1598,2,-1,-1,1,-1
2015132CF0993,2,1,0,18,0,8,0,0,0,0,4,1,6,1,34,6,-1,-1,-1,-1,1,-1
2015132CF1047,1,9,0,9,0,6,0,0,0,0,3,1,6,1,43,7,1995,2,12,-1,1,-1
2015132CF1047,2,9,0,18,0,8,0,0,0,0,1,1,6,1,23,5,1896,2,9,-1,1,-1
2015132CF1137,1,9,0,18,0,0,0,4,0,0,1,1,6,1,59,9,1242,1,13,-1,1,-1
2015132CF1137,2,9,0,2,0,0,0,0,0,0,2,1,6,3,-1,-1,1984,1,23,-1,-1,-1
2015132CF1137,3,9,0,2,0,0,0,0,0,0,3,1,6,3,-1,-1,1600,2,5,-1,-1,-1
2015132CF1186,1,9,0,9,0,5,0,0,0,0,1,1,2,2,47,8,1968,2,3,-1,1,-1
2015132CF1209,1,9,0,7,0,8,0,0,0,0,4,1,6,3,-1,-1,-1,-1,-1,-1,-1,-1
2015132CF1223,1,9,0,9,0,5,0,0,0,0,4,1,6,1,-1,-1,1995,2,13,-1,-1,-1
2015132CF1399,1,19,0,18,0,0,0,7,0,0,1,1,6,1,38,7,1896,2,13,-1,1,-1
2015132CF1399,2,9,0,9,0,0,0,0,0,0,3,1,6,2,31,6,998,1,3,-1,1,-1
2015132CF1424,1,9,0,18,0,0,0,0,0,0,4,1,6,1,-1,-1,-1,-1,-1,-1,-1,-1
2015132CF1428,1,9,0,18,0,0,0,7,0,0,3,1,6,1,58,9,-1,-1,-1,-1,1,-1
2015132CF1571,1,9,0,1,6,0,0,0,0,0,2,1,6,1,18,4,1242,1,9,-1,1,-1
2015132CF1571,2,9,0,2,6,0,0,0,0,0,1,1,6,2,47,8,1598,1,14,-1,1,-1
2015132CG0023,1,9,0,18,0,8,0,0,0,0,1,1,6,1,-1,-1,1896,2,13,-1,-1,-1
2015132CG0023,2,9,0,18,0,8,0,0,0,0,3,1,6,1,27,6,1896,2,15,-1,1,-1
2015132CG0205,1,3,0,18,0,0,1,0,0,0,1,1,2,1,24,5,124,1,7,-1,1,-1
2015132CG0205,2,9,0,18,0,0,0,0,0,0,1,1,2,2,47,8,1997,2,2,-1,3,-1
2015132CG0236,1,9,0,9,0,5,0,0,0,0,1,1,6,1,30,6,1968,2,9,-1,1,-1
2015132CG0276,1,3,0,18,0,0,2,0,0,0,1,1,2,1,26,6,125,1,-1,-1,1,-1
2015132CG0276,2,9,0,3,0,0,0,0,0,0,2,1,6,2,47,8,1896,2,9,-1,1,-1
2015132CG0331,1,3,0,4,0,0,0,0,0,0,0,1,6,1,23,5,125,1,1,-1,-1,-1
2015132CG0365,1,8,0,18,0,0,0,0,0,2,1,1,1,1,43,7,1686,2,5,-1,-1,-1
2015132CG0376,1,9,0,18,0,8,0,0,7,0,3,1,2,2,26,6,1339,1,5,-1,1,-1
2015132CG0376,2,9,0,18,0,8,0,0,0,1,1,1,2,1,49,8,1560,2,8,-1,1,-1
2015132CG0387,1,9,0,18,0,1,0,0,0,0,1,1,6,1,62,9,1998,2,10,-1,1,-1
2015132CG0387,2,9,0,9,0,6,0,0,0,0,3,1,6,2,-1,-1,1999,1,3,-1,-1,-1
2015132CG0477,1,9,0,16,0,3,1,0,2,11,3,1,1,1,48,8,-1,-1,-1,-1,1,-1
2015132CG0587,1,19,0,12,0,0,0,0,0,0,3,1,1,1,58,9,2148,2,9,-1,2,-1
2015132CG0587,2,9,0,18,0,0,0,0,0,0,4,1,6,2,36,7,1499,2,-1,-1,1,-1
2015132CG0596,1,9,0,18,0,0,0,0,0,0,4,1,6,3,-1,-1,-1,-1,-1,-1,-1,-1
2015132CG0667,1,9,0,18,0,0,0,0,0,0,1,1,6,1,71,10,1198,1,12,-1,1,-1
2015132CG0682,1,9,0,5,0,0,0,0,0,0,1,1,6,2,38,7,1596,1,4,-1,1,-1
2015132CG1044,1,9,0,18,0,7,0,0,0,0,2,1,6,1,65,9,1396,1,6,-1,1,-1
2015132CG1044,2,9,0,18,0,7,0,0,0,0,2,1,2,1,25,5,1999,1,10,-1,1,-1
2015132CG1044,3,9,0,18,0,7,0,0,0,0,1,1,6,1,72,10,2143,2,4,-1,1,-1
2015132CG1044,4,9,0,18,0,7,0,0,0,0,1,1,2,1,24,5,1390,1,10,-1,1,-1
2015132CG1055,1,9,0,18,0,8,1,0,0,0,1,1,6,1,20,4,1461,2,-1,-1,1,-1
2015132CG1055,2,9,0,4,0,5,0,0,0,0,2,1,6,2,37,7,2000,1,6,-1,1,-1
2015132CG1066,1,9,0,18,0,1,0,0,0,0,1,1,6,1,42,7,2497,2,10,-1,1,-1
2015132CG1066,2,9,0,18,0,6,0,0,0,0,1,1,6,1,48,8,-1,-1,-1,-1,1,-1
2015132CG1088,1,9,0,18,0,8,1,0,0,0,1,1,1,1,47,8,998,1,15,-1,1,-1
2015132CG1088,2,1,0,10,0,5,0,0,0,0,2,1,2,1,47,8,-1,-1,-1,-1,1,-1
2015132CG1151,1,9,0,18,0,0,0,0,0,0,1,1,6,1,63,9,1499,2,-1,-1,1,-1
2015132CG1532,1,9,0,18,0,1,1,0,0,0,2,1,6,3,-1,-1,1242,1,11,-1,1,-1
2015132CG1532,2,9,0,18,0,1,0,0,0,0,0,1,1,1,37,7,2993,2,-1,-1,-1,-1
2015132CG1532,3,9,0,18,0,1,0,0,0,0,1,1,6,1,29,6,1896,2,20,-1,1,-1
2015132CG1641,1,9,0,18,0,0,0,0,0,0,4,1,6,3,41,7,-1,-1,-1,-1,-1,-1
2015132CG1641,2,9,0,18,0,0,0,0,0,0,3,1,2,1,31,6,2000,2,11,-1,1,-1
2015132CH0210,1,19,0,18,0,0,0,0,1,4,1,1,6,1,54,8,2198,2,2,-1,-1,-1
2015132CH0471,1,11,0,2,0,0,0,0,0,0,0,1,1,1,56,9,7300,2,11,-1,1,-1
2015132CH0481,1,9,0,15,0,0,0,0,0,0,3,1,6,1,43,7,1968,2,9,-1,1,-1
2015132CH0481,2,8,0,7,0,0,0,0,0,0,4,1,1,1,66,10,1560,2,1,-1,1,-1
2015132CH0485,1,20,0,2,0,0,0,0,0,0,1,1,1,1,58,9,-1,-1,-1,-1,-1,-1
2015132CH0548,1,9,0,18,0,0,0,0,0,0,1,1,6,1,54,8,2953,2,13,-1,3,-1
2015132CH0548,2,3,0,18,0,0,0,0,0,0,2,1,6,1,61,9,50,1,-1,-1,2,-1
2015132CH0825,1,9,0,18,0,1,0,0,0,0,1,1,6,1,46,8,1998,2,7,-1,1,-1
2015132CH0828,1,19,0,14,0,1,0,0,0,0,1,1,6,2,-1,-1,-1,-1,-1,-1,-1,-1
2015132CH1075,1,9,0,6,0,0,0,0,0,0,3,1,2,1,38,7,998,1,1,-1,3,-1
2015132CH1075,2,3,0,14,0,0,2,0,0,0,1,1,2,1,41,7,125,1,7,-1,1,-1
2015132CH1118,1,9,0,1,0,0,0,0,0,0,1,1,6,1,-1,-1,1995,2,-1,-1,1,-1
2015132CH1121,1,9,0,18,0,8,0,0,0,0,1,1,6,2,31,6,1587,1,11,-1,3,-1
2015132CH1121,2,9,0,3,0,8,0,0,0,0,2,1,6,1,32,6,1997,2,13,-1,1,-1
2015132CH1121,3,9,0,3,0,8,0,0,0,0,2,1,6,2,27,6,1498,1,7,-1,1,-1
2015132CH1121,4,9,0,3,0,8,0,0,0,0,2,1,6,2,25,5,1149,1,9,-1,3,-1
2015132CH1122,1,9,0,18,0,0,0,0,0,0,3,1,2,2,51,8,1461,2,1,-1,1,-1
2015132CH1122,2,21,1,11,0,0,0,0,0,0,4,1,1,1,33,6,12902,2,1,-1,1,-1
2015132CH1127,1,9,0,5,0,6,0,0,0,0,1,1,6,1,63,9,1598,1,13,-1,1,-1
2015132CH1127,2,5,0,18,0,1,0,0,0,0,1,1,6,1,33,6,929,1,15,-1,1,-1
2015132CH1169,1,9,0,18,0,0,0,0,0,0,1,1,6,2,23,5,-1,-1,-1,-1,1,-1
2015132CH1169,2,9,0,18,0,0,0,0,0,0,1,1,6,1,32,6,-1,-1,-1,-1,-1,-1
2015132CH1219,1,9,0,18,0,0,0,0,0,0,1,1,6,1,22,5,1600,1,16,-1,-1,-1
2015132CH1219,2,9,0,4,0,0,0,0,0,0,2,1,6,2,31,6,1396,2,2,-1,1,-1
2015132CI0257,1,9,0,4,0,0,0,0,0,0,2,1,6,1,38,7,1998,2,6,-1,1,-1
2015132CI0257,2,9,0,4,0,0,0,0,0,0,1,1,6,1,47,8,4196,7,11,-1,1,-1
2015132CI0293,1,9,0,18,0,8,0,0,0,0,1,1,1,2,47,8,1598,1,4,-1,1,-1
2015132CI0293,2,9,0,9,0,8,0,0,0,0,1,1,1,2,30,6,1995,1,4,-1,1,-1
2015132CI0385,1,9,0,1,0,0,0,0,0,0,2,1,2,2,47,8,2143,2,1,-1,1,-1
2015132CI0455,1,9,0,18,0,2,0,0,0,0,1,1,2,2,38,7,1363,2,11,-1,1,-1
2015132CI0588,1,9,0,18,0,0,0,0,0,0,4,1,1,1,59,9,1242,1,3,-1,1,-1
2015132CI0779,1,9,0,2,0,0,0,0,0,0,3,1,6,1,31,6,2993,2,5,-1,1,-1
2015132CI0779,2,1,0,18,0,0,0,0,0,0,1,1,1,2,26,6,-1,-1,-1,-1,1,-1
2015132CI0800,1,9,0,18,0,0,0,0,0,0,0,1,6,1,73,10,1329,1,5,-1,1,-1
2015132CI0876,1,9,0,4,0,0,0,0,0,0,2,1,6,2,36,7,1985,1,15,-1,1,-1
2015132CI0876,2,9,0,4,0,0,1,0,0,0,1,1,6,1,18,4,1242,1,9,-1,1,-1
2015132CI1072,1,11,0,18,0,0,0,0,0,0,0,1,1,1,46,8,6700,2,7,-1,1,-1
2015132CI1171,1,9,0,18,0,8,0,0,0,0,1,1,6,1,35,6,1328,1,4,-1,-1,-1
2015132CI1228,1,9,0,18,0,1,0,0,0,0,1,1,6,1,34,6,1951,2,11,-1,-1,-1
2015132CI1228,2,9,0,9,0,1,0,0,0,0,3,1,6,1,31,6,-1,-1,-1,-1,-1,-1
2015132CI1639,1,9,0,16,0,0,0,0,0,0,1,1,6,1,36,7,1968,2,-1,-1,-1,-1
2015132CI1894,1,9,0,18,0,1,0,0,0,0,1,1,6,1,-1,-1,1299,1,13,-1,-1,-1
2015132CI1894,2,9,0,3,0,1,0,0,0,0,2,1,6,1,20,4,1242,1,11,-1,1,-1
2015132CJ0405,1,8,0,18,0,0,0,0,0,0,3,1,1,1,34,6,1998,2,6,-1,1,-1
2015132CJ0505,1,9,0,18,0,8,0,0,0,0,1,1,6,2,49,8,1061,1,12,-1,1,-1
2015132CJ0505,2,21,1,3,0,8,0,0,0,0,2,1,1,1,35,6,10837,2,3,-1,1,-1
2015132CJ0858,1,9,0,9,0,5,0,0,0,0,4,1,6,2,36,7,1339,1,5,-1,1,-1
2015132CJ0858,2,9,0,15,0,1,0,0,0,0,1,1,6,1,34,6,1229,1,9,-1,1,-1
2015132CJ1150,1,9,0,18,0,8,0,0,0,0,1,1,6,1,64,9,1388,1,5,-1,2,-1
2015132CJ1150,2,5,0,18,0,8,0,0,0,0,1,1,6,1,48,8,1170,1,4,-1,1,-1
2015132CJ1321,1,9,0,9,0,6,0,0,0,0,3,1,6,1,69,10,1995,2,2,-1,1,-1
2015132CJ1400,1,9,0,18,0,0,0,0,0,0,1,1,6,1,26,6,1796,1,15,-1,1,-1
2015132CJ1400,2,16,4,18,0,0,2,0,0,0,2,1,6,1,16,4,-1,-1,-1,-1,1,-1
2015132CJ1400,3,9,0,18,0,0,0,0,0,0,3,1,6,2,23,5,-1,-1,-1,-1,1,-1
2015132CJ1400,4,9,0,18,0,0,0,0,0,10,1,1,6,1,61,9,1242,1,1,-1,1,-1
2015132CJ1439,1,3,0,18,0,0,0,0,0,0,3,1,6,1,23,5,-1,-1,-1,-1,1,-1
2015132CJ1439,2,9,0,18,0,0,0,0,0,0,1,1,6,3,-1,-1,1242,1,3,-1,-1,-1
2015132CJ1475,1,9,0,16,0,0,0,0,0,0,1,1,6,1,24,5,2198,2,8,-1,-1,-1
2015132CJ1615,1,9,0,18,0,0,1,0,1,11,4,1,6,3,-1,-1,1968,2,4,-1,-1,-1
2015132CJ1615,2,9,0,2,0,0,0,0,0,0,4,1,6,3,-1,-1,1493,2,10,-1,-1,-1
2015132CJ1615,3,9,0,2,0,0,0,0,0,0,3,1,6,3,-1,-1,1995,2,11,-1,-1,-1
2015132CJ1615,4,9,0,2,0,0,0,0,0,0,2,1,6,3,-1,-1,2800,2,22,-1,-1,-1
2015132CJ1615,5,9,0,2,0,0,0,0,0,0,2,1,6,3,-1,-1,-1,-1,-1,-1,-1,-1
2015132CJ1718,1,9,0,18,0,0,0,0,0,0,1,1,6,1,69,10,1242,1,11,-1,-1,-1
2015132CJ1718,2,9,0,18,0,0,0,0,0,0,3,1,6,1,61,9,1995,2,11,-1,-1,-1
2015132CJ1851,1,9,0,18,0,4,0,0,0,0,1,1,6,1,17,4,998,1,5,-1,1,-1
2015132CJ1851,2,11,0,18,0,4,0,0,0,0,3,1,1,1,43,7,4249,2,9,-1,1,-1
2015132CK0136,1,3,0,4,0,1,0,0,0,0,1,1,6,1,22,5,125,1,3,-1,1,-1
2015132CK0136,2,4,0,4,0,1,0,0,0,0,2,1,6,1,21,5,471,1,-1,-1,1,-1
2015132CK0428,1,9,0,18,0,8,0,0,0,0,1,1,6,1,19,4,1362,1,1,-1,1,-1
2015132CK0428,2,9,0,18,0,8,0,0,0,0,1,1,6,1,32,6,1997,2,6,-1,1,-1
2015132CK0498,1,9,0,18,0,0,0,0,0,0,3,1,6,3,-1,-1,1997,2,4,-1,-1,-1
2015132CK0498,2,1,0,18,0,0,0,0,0,0,4,1,6,1,52,8,-1,-1,-1,-1,-1,-1
2015132CK0544,1,9,0,1,0,1,0,0,0,0,2,1,6,1,33,6,3301,7,10,-1,1,-1
2015132CK0711,1,9,0,9,0,8,0,0,0,0,4,1,6,1,46,8,1560,2,11,-1,1,-1
2015132CK0887,1,9,0,5,0,8,0,0,0,0,4,1,6,2,42,7,1596,1,12,-1,1,-1
2015132CK0887,2,9,0,5,0,8,0,0,0,0,1,1,6,1,41,7,998,1,1,-1,1,-1
2015132CK0891,1,9,0,18,0,0,0,0,0,0,1,1,6,2,23,5,1149,1,12,-1,-1,-1
2015132CK0891,2,9,0,18,0,0,0,0,0,0,2,1,6,1,39,7,2400,2,7,-1,-1,-1
2015132CK1147,1,9,0,7,0,1,0,0,0,0,2,1,6,1,17,4,998,1,15,-1,-1,-1
2015132CK1147,2,9,0,3,0,1,0,0,0,0,3,1,6,1,27,6,1753,2,13,-1,1,-1
2015132CK1147,3,11,0,18,0,1,0,0,0,0,1,1,1,2,28,6,6696,2,-1,-1,-1,-1
2015132CK1250,1,9,0,11,0,5,0,0,0,0,2,1,6,1,-1,-1,1685,2,-1,-1,1,-1
2015132CK1250,2,9,0,18,0,8,0,0,0,0,1,1,6,1,54,8,2494,8,1,-1,3,-1
2015132CK1305,1,9,0,16,0,0,1,4,0,0,1,1,6,1,21,5,1798,1,9,-1,1,-1
2015132CK1305,2,9,0,2,0,0,0,0,0,0,1,1,6,3,-1,-1,1794,1,11,-1,-1,-1
2015132CK1600,1,19,0,5,0,6,0,0,0,0,1,1,6,3,-1,-1,1753,2,10,-1,-1,-1
2015132CK1600,2,9,0,18,0,8,0,0,0,0,4,1,6,1,49,8,1598,1,6,-1,1,-1
2015132CK1600,3,8,0,2,0,1,0,0,0,0,3,1,6,1,33,6,-1,-1,-1,-1,1,-1
2015132CK1621,1,9,0,18,0,0,0,0,0,0,1,1,6,1,42,7,1329,1,1,-1,-1,-1
2015132CK1621,2,9,0,18,0,0,0,0,0,0,1,1,6,2,60,9,2985,2,9,-1,-1,-1
2015132CK1635,1,9,0,18,0,1,0,0,0,0,1,1,6,1,44,7,1598,2,-1,-1,1,-1
2015132CK1635,2,9,0,17,0,8,1,0,0,0,1,1,6,3,-1,-1,1199,1,12,-1,-1,-1
2015132CL0035,1,9,0,18,0,0,5,0,4,7,1,1,6,2,39,7,1388,1,6,-1,1,-1
2015132CL0106,1,19,0,9,0,6,0,0,0,0,3,1,1,2,37,7,2198,2,2,-1,1,-1
2015132CL0106,2,2,0,13,0,8,0,0,0,0,1,1,2,1,29,6,-1,-1,-1,-1,2,-1
2015132CL0210,1,9,0,6,0,0,0,0,0,0,1,1,2,1,46,8,-1,-1,-1,-1,2,-1
2015132CL0210,2,3,0,18,0,0,0,0,0,0,3,1,2,1,23,5,124,1,8,-1,1,-1
2015132CL0223,1,5,0,13,0,8,2,0,0,0,1,1,2,1,49,8,998,1,8,-1,1,-1
2015132CL0223,2,9,0,9,0,6,0,0,0,0,3,1,2,1,20,4,1390,1,7,-1,1,-1
2015132CL0285,1,9,0,9,0,8,0,0,0,0,4,1,6,1,20,4,1995,2,11,-1,1,-1
2015132CL0285,2,9,0,18,0,8,0,0,0,0,3,1,2,1,23,5,2000,2,9,-1,1,-1
2015132CL0447,1,11,0,18,0,0,0,0,0,0,1,1,1,1,43,7,6700,2,3,-1,1,-1
2015132CL0447,2,9,0,3,0,0,0,0,0,0,2,1,6,2,23,5,1199,1,15,-1,1,-1
2015132CL0448,1,9,0,18,0,0,0,0,0,0,4,1,6,1,66,10,1596,1,3,-1,1,-1
2015132CL0517,1,9,0,18,0,8,0,0,0,0,4,1,6,1,32,6,1598,1,7,-1,1,-1
2015132CL0517,2,9,0,5,0,8,0,0,0,0,1,1,6,1,77,11,2231,2,4,-1,1,-1
2015132CL0616,1,9,0,3,0,1,0,0,0,0,2,1,6,2,31,6,1198,1,5,-1,1,-1
2015132CL0616,2,21,1,18,0,1,1,0,0,0,1,1,1,1,28,6,10837,2,9,-1,1,-1
2015132CL0704,1,9,0,4,0,1,0,0,0,0,4,1,6,3,-1,-1,1686,2,5,-1,-1,-1
2015132CL0741,1,20,0,18,0,0,1,0,7,1,1,1,1,1,31,6,-1,-1,-1,-1,1,-1
2015132CL0741,2,9,0,18,0,0,0,0,0,0,1,1,6,2,21,5,1149,1,11,-1,1,-1
2015132CL0741,3,9,0,18,0,0,0,0,0,0,2,1,6,2,58,9,998,1,2,-1,1,-1
2015132CL0741,4,9,0,18,0,0,0,0,0,0,2,1,6,1,26,6,1368,1,6,-1,1,-1
2015132CL0787,1,9,0,9,0,6,0,0,0,0,3,1,6,2,42,7,1461,2,5,-1,1,-1
2015132CL0787,2,9,0,18,0,8,0,0,0,0,1,1,6,1,26,6,1590,1,12,-1,1,-1
2015132CL0875,1,9,0,18,0,1,0,0,3,0,1,1,6,2,44,7,1396,2,1,-1,1,-1
2015132CL0875,2,9,0,17,0,8,0,0,0,0,1,1,6,1,69,10,1198,1,5,-1,3,-1
2015132CL0951,1,9,0,18,0,2,0,0,0,0,3,1,6,2,29,6,1198,1,2,-1,1,-1
2015132CL0951,2,9,0,9,0,6,0,0,0,0,1,1,6,3,-1,-1,1339,1,9,-1,1,-1
2015132CL0977,1,9,0,5,0,0,0,4,0,0,1,1,6,1,79,11,2496,1,10,-1,1,-1
2015132CL0977,2,19,0,2,0,0,0,0,0,0,4,1,2,1,35,6,1870,2,10,-1,1,-1
2015132CL1087,1,9,0,5,0,6,0,0,0,0,2,1,6,1,50,8,2179,2,1,-1,1,-1
2015132CL1215,1,9,0,18,0,0,0,0,8,0,1,1,6,1,75,10,2401,2,10,-1,1,-1
2015132CL1215,2,21,1,2,0,0,0,0,0,0,3,1,1,1,-1,-1,-1,-1,-1,-1,-1,-1
2015132CL1215,3,9,0,18,0,0,0,0,0,0,1,1,6,1,39,7,1248,1,-1,-1,1,-1
2015132CL1328,1,9,0,7,0,5,0,0,0,0,1,1,6,1,37,7,1596,1,6,-1,-1,-1
2015132CL1561,1,20,0,3,0,1,0,0,0,0,2,1,1,1,59,9,2998,2,3,-1,1,-1
2015132CL1561,2,9,0,3,0,1,0,0,0,0,1,1,6,2,30,6,1360,1,14,-1,1,-1
2015132CM0419,1,9,0,18,0,8,0,0,0,0,1,1,6,1,46,8,1798,2,4,-1,3,-1
2015132CM0419,2,19,0,2,0,1,0,0,0,0,0,1,6,1,-1,-1,2402,2,15,-1,-1,-1
2015132CM0578,1,9,0,18,0,0,1,0,0,0,1,1,6,1,32,6,1995,2,3,-1,3,-1
2015132CM0578,2,19,0,18,0,0,0,0,0,0,3,1,6,1,52,8,2198,2,-1,-1,2,-1
2015132CM0659,1,9,0,18,0,0,0,0,0,0,4,1,6,2,76,11,1242,1,-1,-1,3,-1
2015132CM0724,1,9,0,9,0,6,0,0,0,0,4,1,6,2,-1,-1,-1,-1,-1,-1,-1,-1
2015132CM0840,1,20,0,18,0,1,0,0,0,0,0,1,1,2,26,6,-1,-1,-1,-1,1,-1
2015132CM0840,2,21,0,11,0,2,0,0,0,0,4,1,1,1,58,9,5880,2,10,-1,1,-1
2015132CM0840,3,8,0,18,0,2,0,0,0,0,3,1,1,1,35,6,-1,-1,-1,-1,1,-1
2015132CM0848,1,9,0,4,0,0,0,0,0,0,1,1,6,1,23,5,1490,1,11,-1,-1,-1
2015132CM0848,2,9,0,3,0,0,0,0,0,0,2,1,6,1,59,9,1200,1,-1,-1,-1,-1
2015132CM0978,1,9,0,18,0,2,0,0,0,0,4,1,6,1,43,7,1368,1,3,-1,1,-1
2015132CM1050,1,9,0,17,0,0,0,0,0,0,3,1,6,1,55,8,1896,2,11,-1,1,-1
2015132CM1097,1,9,0,18,0,0,0,0,0,0,1,1,6,1,23,5,1199,1,11,-1,3,-1
2015132CM1097,2,9,0,4,0,0,0,0,0,0,2,1,6,2,49,8,1797,8,1,-1,1,-1
2015132CM1117,1,9,0,4,0,0,0,4,0,0,1,1,6,1,74,10,1587,1,14,-1,-1,-1
2015132CM1117,2,9,0,2,0,0,0,0,0,0,4,1,6,1,40,7,1560,2,2,-1,2,-1
2015132CM1178,1,9,0,9,0,8,0,0,0,0,4,1,6,1,29,6,1596,1,7,-1,1,-1
2015132CM1178,2,1,0,18,0,8,0,0,0,0,1,1,6,1,27,6,-1,-1,-1,-1,-1,-1
2015132CM1218,1,9,0,9,0,1,0,0,0,0,1,1,6,1,69,10,1582,2,1,-1,1,-1
2015132CM1218,2,9,0,18,0,1,0,0,0,0,1,1,6,2,38,7,1968,2,8,-1,1,-1
2015132CM1241,1,9,0,3,0,1,0,0,0,0,2,1,6,2,62,9,1149,1,12,-1,1,-1
2015132CM1241,2,9,0,4,0,1,0,0,0,0,1,1,6,1,21,5,998,1,8,-1,1,-1
2015132CM1419,1,11,0,4,0,0,0,0,0,0,0,1,1,1,44,7,9360,2,6,-1,1,-1
2015132CM1638,1,9,0,18,0,8,0,0,0,0,1,1,6,2,18,4,1364,1,6,-1,-1,-1
2015132CN0238,1,9,0,18,0,8,0,0,0,0,1,1,6,1,24,5,1124,1,10,-1,1,-1
2015132CN0238,2,9,0,18,0,8,0,0,0,0,3,1,6,1,36,7,-1,-1,-1,-1,-1,-1
2015132CN0246,1,9,0,9,0,0,0,0,0,0,4,1,2,1,32,6,1995,2,-1,-1,1,-1
2015132CN0246,2,9,0,18,0,0,0,0,0,0,1,1,2,1,22,5,1199,1,15,-1,1,-1
2015132CN0246,3,9,0,3,0,0,0,0,0,0,1,1,2,2,28,6,1560,2,2,-1,1,-1
2015132CN0342,1,8,0,9,0,1,0,0,0,0,3,1,1,1,40,7,1598,2,4,-1,1,-1
2015132CN0342,2,3,0,13,0,1,0,0,0,0,4,1,6,1,30,6,124,1,-1,-1,1,-1
2015132CN0396,1,90,0,18,0,0,0,0,0,0,4,1,1,1,58,9,-1,-1,-1,-1,3,-1
2015132CN0441,1,9,0,18,0,0,0,0,0,0,4,1,6,3,-1,-1,-1,-1,-1,-1,-1,-1
2015132CN0448,1,8,0,7,0,2,0,0,0,0,1,1,6,1,49,8,1560,2,4,-1,1,-1
2015132CN0448,2,9,0,18,0,1,0,0,0,0,1,1,6,2,54,8,1956,2,4,-1,1,-1
2015132CN0671,1,16,5,7,0,6,0,0,0,0,3,1,6,1,26,6,-1,-1,-1,-1,-1,-1
2015132CN0671,2,19,0,18,0,1,0,0,0,0,4,1,6,1,34,6,-1,-1,-1,-1,1,-1
2015132CN0671,3,9,0,2,0,1,0,0,0,0,2,1,6,3,-1,-1,1998,2,11,-1,1,-1
2015132CN0714,1,11,0,5,0,0,0,0,0,0,0,1,1,1,55,8,9360,2,6,-1,1,-1
2015132CN0836,1,8,0,9,0,5,0,0,0,0,1,1,1,1,62,9,1998,2,7,-1,1,-1
2015132CN0836,2,5,0,18,0,8,5,0,0,0,1,1,6,1,58,9,1050,1,7,-1,1,-1
2015132CN0871,1,9,0,16,0,0,0,0,0,0,1,1,6,3,-1,-1,1560,2,4,-1,-1,-1
2015132CN0910,1,8,0,7,0,0,0,0,0,0,4,1,1,1,45,7,1995,2,12,-1,1,-1
2015132CN0995,1,9,0,9,0,6,0,0,0,0,3,1,6,1,25,5,1560,2,-1,-1,1,-1
2015132CN0995,2,9,0,16,0,8,0,0,0,0,1,1,6,1,20,4,1995,2,8,-1,3,-1
2015132CN1006,1,9,0,18,0,8,0,0,0,0,1,1,6,1,24,5,1242,1,7,-1,1,-1
2015132CN1006,2,9,0,5,0,8,0,0,0,0,1,1,6,2,52,8,1396,1,10,-1,-1,-1
2015132CN1062,1,9,0,18,0,8,0,0,0,0,3,1,6,2,36,7,1995,2,9,-1,1,-1
2015132CN1090,1,9,0,18,0,1,0,0,0,0,1,1,6,1,43,7,1461,2,10,-1,1,-1