Accident_Index,Vehicle_Reference,Vehicle_Type,Towing_and_Articulation,Vehicle_Manoeuvre,Vehicle_Location-Restricted_Lane,Junction_Location,Skidding_and_Overturning,Hit_Object_in_Carriageway,Vehicle_Leaving_Carriageway,Hit_Object_off_Carriageway,1st_Point_of_Impact,Was_Vehicle_Left_Hand_Drive?,Journey_Purpose_of_Driver,Sex_of_Driver,Age_of_Driver,Age_Band_of_Driver,Engine_Capacity_(CC),Propulsion_Code,Age_of_Vehicle,Driver_IMD_Decile,Driver_Home_Area_Type,Vehicle_IMD_Decile
2015132CN1126,1,11,0,5,0,0,0,0,0,0,0,1,1,1,58,9,6700,2,7,-1,1,-1
2015132CN1204,1,9,0,16,0,0,0,0,4,0,1,1,6,2,30,6,1242,1,7,-1,1,-1
2015132CN1204,2,9,0,3,0,0,0,0,0,0,1,1,6,1,37,7,1910,2,8,-1,1,-1
2015132CN1204,3,9,0,3,0,0,0,0,0,0,1,1,6,2,18,4,998,1,10,-1,1,-1
2015132CN1204,4,9,0,3,0,0,0,0,0,0,1,1,6,1,35,6,2967,2,4,-1,1,-1
2015132CN1204,5,9,0,3,0,0,0,0,0,0,2,1,6,1,31,6,1461,2,-1,-1,1,-1
2015132CN1279,1,19,0,18,0,0,0,0,0,0,1,1,6,3,-1,-1,1997,2,11,-1,-1,-1
2015132CN1279,2,9,0,11,0,0,0,0,0,0,2,1,6,2,34,6,1329,1,5,-1,1,-1
2015132CN1674,1,9,0,10,0,1,0,0,0,0,3,1,6,1,20,4,1598,1,3,-1,1,-1
2015132CN1674,2,9,0,10,0,1,0,0,0,0,3,1,6,1,49,8,-1,-1,-1,-1,1,-1
2015132CN1711,1,9,0,18,0,8,0,0,0,0,1,1,6,3,-1,-1,2993,2,11,-1,-1,-1
2015132CN1711,2,9,0,18,0,8,0,0,0,0,1,1,6,1,40,7,1600,1,11,-1,1,-1
2015132CN1771,1,9,0,18,0,1,0,0,0,0,1,1,6,1,21,5,1242,1,1,-1,1,-1
2015132CN1771,2,9,0,9,0,6,0,0,0,0,1,1,6,1,53,8,1339,8,3,-1,1,-1
2015132CO0102,1,9,0,16,0,0,0,0,0,0,1,2,6,1,20,4,2497,1,13,-1,-1,-1
2015132CO0102,2,8,0,17,0,0,0,0,0,0,1,1,1,1,33,6,1910,2,7,-1,1,-1
2015132CO0333,1,19,0,4,0,0,0,0,0,0,2,1,6,1,31,6,2198,2,9,-1,2,-1
2015132CO0333,2,9,0,4,0,0,0,0,0,0,2,1,6,2,34,6,1685,2,3,-1,2,-1
2015132CO0333,3,9,0,4,0,0,0,0,0,0,1,1,6,2,49,8,1995,2,7,-1,2,-1
2015132CO0389,1,9,0,4,0,1,0,0,0,0,1,1,6,1,19,4,998,1,11,-1,1,-1
2015132CO0389,2,9,0,4,0,2,0,0,0,0,2,1,6,2,57,9,1997,2,-1,-1,1,-1
2015132CO0420,1,9,0,18,0,8,0,0,0,0,1,1,6,2,23,5,993,1,14,-1,1,-1
2015132CO0529,1,8,0,18,0,1,0,0,0,0,1,1,6,1,31,6,1896,2,8,-1,1,-1
2015132CO0529,2,9,0,3,0,1,0,0,0,0,2,1,6,1,41,7,1124,1,11,-1,3,-1
2015132CO0673,1,9,0,3,0,1,0,0,0,0,2,1,6,2,58,9,1461,2,-1,-1,1,-1
2015132CO0673,2,9,0,18,0,1,0,0,0,0,1,1,6,2,41,7,1242,1,3,-1,1,-1
2015132CO0853,1,9,0,9,0,8,0,0,0,0,1,1,6,2,50,8,1368,1,3,-1,1,-1
2015132CO0853,2,9,0,18,0,8,0,0,0,0,1,1,6,2,46,8,1398,1,-1,-1,1,-1
2015132CO0905,1,9,0,16,0,0,0,0,0,0,1,1,6,2,60,9,1598,1,11,-1,-1,-1
2015132CO0905,2,9,0,17,0,0,0,0,7,11,1,1,6,2,70,10,1198,1,7,-1,-1,-1
2015132CO0966,1,9,0,17,0,1,0,0,0,0,3,1,6,1,74,10,1598,1,7,-1,-1,-1
2015132CO0979,1,19,0,9,0,6,0,0,0,0,1,1,6,1,45,7,1896,2,5,-1,1,-1
2015132CO0979,2,9,0,18,0,8,0,0,0,0,3,1,6,1,43,7,1598,1,9,-1,1,-1
2015132CO1172,1,9,0,9,0,5,0,0,0,0,4,1,6,1,62,9,2143,2,3,-1,-1,-1
2015132CO1172,2,16,4,18,0,8,0,0,0,0,1,1,6,1,22,5,-1,-1,-1,-1,-1,-1
2015132CO1278,1,8,0,5,0,0,0,0,0,0,3,1,1,1,61,9,1332,1,8,-1,1,-1
2015132CO1334,1,9,0,18,0,1,1,7,4,6,3,1,6,1,31,6,1968,2,7,-1,1,-1
2015132CO1392,1,9,0,18,0,0,0,0,0,0,1,1,6,1,35,6,2191,2,2,-1,2,-1
2015132CO1531,1,9,0,4,0,0,0,0,0,0,1,1,1,1,30,6,2993,2,-1,-1,1,-1
2015132CP0415,1,9,0,18,0,0,1,0,8,11,1,1,6,1,19,4,1299,1,7,-1,1,-1
2015132CP0415,2,9,0,18,0,0,0,0,7,11,1,1,6,1,78,11,1400,1,10,-1,1,-1
2015132CP0484,1,9,0,18,0,6,0,0,0,0,1,1,6,2,51,8,1560,2,-1,-1,3,-1
2015132CP0484,2,3,0,18,0,8,5,0,0,0,1,1,6,2,44,7,124,1,4,-1,1,-1
2015132CP0484,3,9,0,18,0,1,0,0,0,0,3,1,6,1,57,9,1798,1,-1,-1,1,-1
2015132CP0533,1,9,0,18,0,0,0,0,1,0,1,1,6,1,62,9,3222,2,11,-1,3,-1
2015132CP0604,1,9,0,16,0,0,0,0,1,4,1,1,6,1,25,5,1596,1,13,-1,1,-1
2015132CP0705,1,9,0,18,0,0,1,0,2,0,1,1,6,1,37,7,2143,2,1,-1,1,-1
2015132CP0706,1,9,0,12,0,0,0,0,0,0,1,1,6,2,70,10,1332,1,4,-1,1,-1
2015132CP0706,2,9,0,3,0,0,0,0,0,0,2,1,6,1,55,8,1390,1,2,-1,1,-1
2015132CP0716,1,19,0,18,0,0,0,0,0,0,1,1,6,1,40,7,1598,2,-1,-1,1,-1
2015132CP0716,2,3,0,18,0,0,1,0,0,0,1,1,6,1,32,6,125,1,2,-1,2,-1
2015132CP0738,1,9,0,18,6,7,1,11,2,0,1,1,6,1,28,6,2143,2,2,-1,-1,-1
2015132CP0738,2,9,0,18,0,1,1,0,4,0,4,1,6,1,52,8,1850,1,14,-1,-1,-1
2015132CP0863,1,9,0,18,0,0,1,0,1,11,1,1,6,1,41,7,2993,2,8,-1,2,-1
2015132CP0945,1,9,0,18,0,0,1,0,2,11,1,1,6,2,39,7,1587,1,14,-1,1,-1
2015132CQ0155,1,9,0,9,9,0,1,0,0,2,1,1,6,1,30,6,1299,1,9,-1,-1,-1
2015132CQ0155,2,9,0,18,0,0,0,0,0,0,0,1,1,1,46,8,2993,2,-1,-1,-1,-1
2015132CQ0346,1,9,0,18,0,1,0,0,0,0,1,1,2,1,31,6,1968,2,4,-1,1,-1
2015132CQ0346,2,9,0,3,0,1,0,0,0,0,2,1,6,1,33,6,1296,1,9,-1,1,-1
2015132CQ0360,1,9,0,18,0,8,0,0,0,0,1,1,6,1,31,6,1248,2,7,-1,1,-1
2015132CQ0360,2,9,0,18,0,8,0,0,0,0,1,1,6,2,34,6,-1,-1,-1,-1,-1,-1
2015132CQ0562,1,9,0,14,0,0,0,4,0,0,4,1,6,2,36,7,1242,1,14,-1,1,-1
2015132CQ0562,2,9,0,2,0,0,0,0,0,0,3,1,6,1,27,6,1800,1,15,-1,1,-1
2015132CQ0576,1,9,0,2,0,1,0,0,0,0,2,1,6,1,55,8,1586,1,-1,-1,2,-1
2015132CQ0576,2,11,0,5,0,1,0,0,0,0,1,1,1,1,54,8,6692,2,3,-1,2,-1
2015132CQ0615,1,90,0,9,0,8,0,0,7,1,1,1,1,1,43,7,2461,2,6,-1,1,-1
2015132CQ0615,2,9,0,18,0,8,0,0,0,0,1,1,6,1,40,7,1896,2,12,-1,1,-1
2015132CQ0643,1,9,0,18,2,1,0,0,0,0,2,1,6,1,48,8,1329,1,5,-1,-1,-1
2015132CQ0643,2,11,0,18,2,1,0,0,0,0,1,1,1,1,28,6,7300,2,11,-1,-1,-1
2015132CQ0711,1,9,0,9,0,0,0,0,0,0,1,1,6,2,65,9,1596,1,5,-1,3,-1
2015132CQ0711,2,9,0,18,0,0,0,0,0,0,1,1,6,2,45,7,1598,1,6,-1,2,-1
2015132CQ0736,1,9,0,4,0,0,1,0,0,0,1,1,6,1,24,5,1242,1,16,-1,3,-1
2015132CQ0736,2,9,0,18,0,0,0,0,1,0,1,1,6,1,41,7,2199,2,1,-1,3,-1
2015132CQ0786,1,9,0,18,0,8,0,0,0,0,3,1,6,1,-1,-1,1398,2,13,-1,3,-1
2015132CQ0786,2,9,0,5,0,8,0,0,0,0,1,1,6,1,27,6,1390,1,2,-1,1,-1
2015132CQ0796,1,9,0,16,0,0,0,0,4,0,1,1,6,2,59,9,1984,1,6,-1,1,-1
2015132CQ0836,1,9,0,13,0,0,1,0,4,6,1,1,6,2,41,7,1390,1,7,-1,2,-1
2015132CQ0845,1,9,0,5,0,3,0,0,0,0,1,1,6,1,62,9,1596,1,7,-1,1,-1
2015132CQ0845,2,9,0,18,0,8,0,0,0,0,4,1,6,1,56,9,1598,1,4,-1,1,-1
2015132CQ0954,1,9,0,18,0,8,0,0,1,3,1,1,6,1,24,5,1198,1,3,-1,-1,-1
2015132CQ0954,2,9,0,18,0,8,0,0,0,0,1,1,6,2,45,7,-1,-1,-1,-1,-1,-1
2015132CQ0972,1,9,0,18,0,0,0,0,0,0,1,1,6,1,46,8,1998,2,10,-1,-1,-1
2015132CQ0989,1,9,0,18,0,8,0,0,0,0,1,1,6,1,24,5,1390,1,14,-1,1,-1
2015132CQ0989,2,9,0,18,0,8,0,0,0,0,1,1,6,1,37,7,1986,2,10,-1,1,-1
2015132CQ0989,3,9,0,18,0,8,0,0,0,0,2,1,6,2,38,7,1598,2,-1,-1,1,-1
2015132CQ0989,4,90,0,10,0,1,0,0,0,0,0,1,1,1,34,6,2987,2,-1,-1,2,-1
2015132CQ1139,1,3,0,18,0,8,5,0,0,0,1,1,6,1,43,7,100,1,13,-1,1,-1
2015132CQ1139,2,9,0,18,0,8,0,0,0,0,3,1,6,1,31,6,2597,1,12,-1,1,-1
2015132CQ1317,1,8,0,5,0,8,0,0,0,0,1,1,6,1,35,6,1998,2,6,-1,1,-1
2015132CQ1317,2,9,0,18,0,8,0,0,0,0,3,1,6,2,28,6,1956,2,2,-1,1,-1
2015132CQ1336,1,9,0,18,0,2,0,0,0,0,4,1,6,3,-1,-1,-1,-1,-1,-1,-1,-1
2015132CQ1362,1,9,0,5,0,4,0,0,0,0,1,1,6,1,47,8,1910,2,8,-1,1,-1
2015132CQ1362,2,9,0,5,0,4,0,0,0,0,2,1,6,1,36,7,1968,2,9,-1,1,-1
2015132CQ1393,1,9,0,13,0,0,1,0,0,0,4,1,6,1,34,6,1598,2,3,-1,1,-1
2015132CQ1393,2,9,0,18,0,0,0,0,0,0,3,1,1,1,24,5,1997,2,11,-1,1,-1
2015132CQ1393,3,9,0,18,0,0,0,0,0,0,1,1,6,1,33,6,2402,2,7,-1,1,-1
2015132CQ1505,1,9,0,18,0,8,0,0,0,0,1,1,6,1,45,7,1997,2,1,-1,-1,-1
2015132CQ1505,2,9,0,18,0,8,0,0,7,1,4,1,6,1,78,11,1242,1,14,-1,-1,-1
2015132CQ1935,1,8,0,7,0,5,0,0,0,0,4,1,1,1,35,6,-1,-1,-1,-1,1,-1
2015132CR0097,1,9,0,18,0,0,0,0,7,4,1,1,6,1,43,7,1910,2,7,-1,2,-1
2015132CR0657,1,9,0,9,0,6,0,0,0,0,3,1,6,1,47,8,1598,1,-1,-1,3,-1
2015132CR0657,2,9,0,18,0,8,1,0,0,0,1,1,6,1,28,6,1399,2,12,-1,1,-1
2015132CR0734,1,1,0,18,0,0,0,4,0,0,1,1,6,1,32,6,-1,-1,-1,-1,1,-1
2015132CR0734,2,9,0,2,0,0,0,0,0,0,2,1,6,1,-1,-1,1896,2,7,-1,-1,-1
2015132CR0823,1,2,0,18,0,0,2,0,0,0,1,1,6,1,15,3,49,1,5,-1,1,-1
2015132CR0823,2,9,0,2,0,0,0,0,0,0,0,1,6,1,60,9,1598,1,8,-1,1,-1
2015132CR0928,1,9,0,18,0,8,0,0,0,0,1,1,6,3,44,7,1499,2,1,-1,1,-1
2015132CR0928,2,9,0,3,0,8,0,0,0,0,2,1,6,1,27,6,1299,1,8,-1,1,-1
2015132CR1032,1,1,0,18,0,0,0,0,0,0,3,1,6,1,73,10,-1,-1,-1,-1,2,-1
2015132CR1032,2,9,0,13,0,0,0,0,0,0,4,1,6,1,80,11,1870,2,13,-1,1,-1
2015132CR1128,1,9,0,18,0,0,1,0,1,6,1,1,6,1,21,5,1229,1,3,-1,2,-1
2015132CR1330,1,9,0,18,0,0,0,0,0,0,1,1,6,1,45,7,1248,1,3,-1,-1,-1
2015132CR1423,1,9,0,8,0,8,1,0,0,0,1,1,6,1,29,6,1686,2,10,-1,1,-1
2015132CR1423,2,9,0,18,0,8,0,0,0,0,1,1,6,1,35,6,1686,2,7,-1,1,-1
2015132CR1620,1,9,0,9,0,6,0,0,0,0,3,1,6,2,29,6,1560,2,7,-1,1,-1
2015132CR1620,2,3,0,18,0,1,0,0,0,0,1,1,6,1,20,4,124,1,4,-1,1,-1
2015132CR1747,1,9,0,9,0,8,0,0,1,0,1,1,6,1,19,4,1229,1,5,-1,-1,-1
2015132CR1747,2,9,0,18,0,1,0,0,0,0,1,1,6,1,48,8,-1,-1,-1,-1,-1,-1
2015132CS0107,1,9,0,17,0,0,0,0,0,0,3,1,6,2,22,5,1398,1,5,-1,1,-1
2015132CS0107,2,9,0,16,0,0,0,0,0,0,4,1,6,3,-1,-1,1753,2,14,-1,-1,-1
2015132CS0189,1,9,0,17,0,1,0,0,0,7,1,1,6,1,32,6,1995,2,11,-1,1,-1
2015132CS0189,2,9,0,17,0,1,0,0,0,0,1,1,1,2,37,7,1248,2,2,-1,3,-1
2015132CS0359,1,9,0,9,0,6,0,0,0,0,3,1,2,2,22,5,1124,1,10,-1,1,-1
2015132CS0359,2,9,0,18,0,8,0,0,0,0,1,1,6,1,28,6,1461,2,1,-1,1,-1
2015132CS0873,1,9,0,18,0,0,0,0,0,0,1,1,6,3,-1,-1,-1,-1,-1,-1,-1,-1
2015132CS0873,2,9,0,3,0,0,0,0,0,0,2,1,6,1,50,8,1598,1,11,-1,1,-1
2015132CS0992,1,9,0,13,0,1,0,0,0,0,4,1,6,3,-1,-1,-1,-1,-1,-1,-1,-1
2015132CS0992,2,1,0,18,0,1,5,0,1,0,3,1,6,1,14,3,-1,-1,-1,-1,1,-1
2015132CS1056,1,8,0,17,0,0,0,0,0,0,2,1,6,1,41,7,1984,2,7,-1,1,-1
2015132CS1056,2,9,0,16,0,0,0,0,0,0,2,1,6,2,23,5,1229,1,8,-1,1,-1
2015132CS1542,1,9,0,18,0,0,0,0,0,0,1,1,6,1,27,6,1995,2,10,-1,1,-1
2015132CT0274,1,9,0,6,9,0,0,0,7,10,3,1,6,3,23,5,-1,-1,-1,-1,-1,-1
2015132CT0358,1,9,0,18,0,0,0,0,4,6,1,1,6,1,66,10,1198,1,-1,-1,1,-1
2015132CT0509,1,9,0,18,0,5,0,0,0,0,3,1,6,2,29,6,1968,2,-1,-1,1,-1
2015132CT0509,2,9,0,18,0,6,0,0,0,0,1,1,6,1,-1,-1,1686,2,9,-1,-1,-1
2015132CT0586,1,19,0,5,0,0,0,0,0,0,0,1,6,1,-1,-1,1995,2,7,-1,-1,-1
2015132CT0599,1,9,0,18,0,1,0,0,0,0,1,1,6,2,48,8,1461,2,13,-1,1,-1
2015132CT0599,2,9,0,18,0,1,0,0,0,0,2,1,6,2,47,8,1242,1,2,-1,1,-1
2015132CT0654,1,9,0,5,0,0,0,0,0,0,1,1,6,1,41,7,1332,1,19,-1,1,-1
2015132CT0716,1,9,0,5,0,6,0,0,0,0,0,1,6,3,-1,-1,-1,-1,-1,-1,-1,-1
2015132CT0716,2,5,0,18,0,1,1,0,0,0,0,1,6,1,46,8,599,1,5,-1,1,-1
2015132CT0837,1,19,0,2,0,0,0,0,0,0,3,1,6,1,-1,-1,-1,-1,-1,-1,-1,-1
2015132CT0837,2,1,0,18,9,0,0,0,0,0,1,1,6,1,24,5,-1,-1,-1,-1,3,-1
2015132CT0862,1,9,0,9,0,5,0,0,0,0,3,1,6,1,19,4,1596,1,10,-1,1,-1
2015132CT1196,1,9,0,18,0,8,0,0,0,0,1,1,2,1,24,5,1968,2,-1,-1,1,-1
2015132CT1196,2,9,0,18,0,8,0,0,0,0,2,1,6,1,56,9,1397,1,6,-1,1,-1
2015132CT1246,1,9,0,5,0,6,0,0,0,0,1,1,6,1,68,10,1339,1,9,-1,1,-1
2015132CT1246,2,3,0,18,0,1,0,0,0,0,1,1,6,2,47,8,124,1,2,-1,1,-1
2015132CT1369,1,9,0,9,0,8,0,0,0,0,4,1,6,1,63,9,1396,1,14,-1,1,-1
2015132CT1369,2,3,0,18,0,8,0,0,0,0,1,1,6,1,26,6,124,1,-1,-1,2,-1
2015132CT1455,1,9,0,18,0,0,0,0,5,6,1,1,1,1,24,5,1998,2,8,-1,1,-1
2015132CT1573,1,9,0,18,0,0,2,0,1,9,0,1,6,1,29,6,2720,2,6,-1,3,-1
2015132CU0102,1,9,0,17,0,0,1,0,1,11,1,1,6,1,23,5,1896,2,13,-1,1,-1
2015132CU0971,1,9,0,18,0,5,0,0,0,0,1,1,6,3,-1,-1,1364,1,5,-1,-1,-1
2015132CU1159,1,9,0,18,0,0,0,0,0,0,1,1,6,1,21,5,2687,1,9,-1,1,-1
2015132CU1359,1,9,0,18,0,0,0,0,0,0,1,1,6,1,47,8,998,1,17,-1,1,-1
2015132CV0295,1,19,0,18,0,0,5,10,0,0,4,1,1,1,30,6,1995,2,8,-1,1,-1
2015132CV0400,1,9,0,5,0,6,0,10,0,10,1,1,6,2,83,11,1490,1,8,-1,1,-1
2015132CV0400,2,9,0,18,0,8,0,0,0,0,3,1,6,1,33,6,1598,2,5,-1,1,-1
2015132CV0503,1,10,0,4,0,0,0,0,0,0,1,1,6,2,47,8,2463,2,10,-1,1,-1
2015132CV0503,2,20,0,3,0,0,0,0,0,0,2,1,6,1,46,8,5880,2,13,-1,1,-1
2015132CV0689,1,9,0,9,0,6,0,0,0,0,3,1,6,1,39,7,1396,1,1,-1,1,-1
2015132CV0689,2,1,0,18,0,8,0,0,0,0,1,1,6,1,29,6,-1,-1,-1,-1,1,-1
2015132CV0702,1,1,0,14,0,0,0,0,0,0,1,1,6,1,48,8,-1,-1,-1,-1,1,-1
2015132CV0774,1,19,0,18,0,8,0,0,0,0,0,1,1,1,20,4,1968,2,-1,-1,1,-1
2015132CV0774,2,9,0,10,0,5,0,0,0,0,0,1,6,2,49,8,1984,1,14,-1,1,-1
2015132CV0848,1,11,0,3,0,0,0,0,0,0,0,1,1,1,64,9,9360,2,4,-1,-1,-1
2015132CV1152,1,8,0,7,0,6,0,0,7,2,3,1,1,1,30,6,1896,2,7,-1,-1,-1
2015132CV1152,2,9,0,18,0,8,0,0,7,2,1,1,6,1,26,6,1991,1,-1,-1,1,-1
2015132CV1152,3,19,0,2,0,2,0,0,0,0,1,1,6,3,-1,-1,1560,2,1,-1,-1,-1
2015132CV1262,1,9,0,18,0,2,0,0,0,0,4,1,6,1,63,9,1998,1,14,-1,1,-1
2015132CV1288,1,9,0,18,0,0,5,0,2,0,4,1,6,2,43,7,1997,2,6,-1,1,-1
2015132CV1288,2,9,0,18,0,0,0,0,1,0,3,1,6,1,36,7,899,1,-1,-1,1,-1
2015132CV1424,1,9,0,9,0,1,0,0,0,6,4,1,6,2,23,5,1229,1,9,-1,-1,-1
2015132CV1424,2,8,0,18,0,1,0,0,0,0,1,1,1,1,30,6,1598,2,4,-1,1,-1
2015132CV1432,1,9,0,17,0,0,1,0,1,11,1,1,6,1,22,5,1229,1,9,-1,-1,-1
2015132CV1485,1,10,0,18,0,0,0,0,0,0,0,1,1,1,58,9,-1,-1,-1,-1,1,-1
2015132CV1485,2,9,0,18,0,0,0,0,0,0,1,1,6,3,-1,-1,1870,2,15,-1,-1,-1
20151331F0582,1,9,0,18,0,8,0,0,0,0,4,1,6,1,-1,-1,-1,-1,-1,-1,-1,-1
20151331H1381,1,1,0,18,0,1,0,0,0,0,0,1,6,1,55,8,-1,-1,-1,-1,1,-1
20151331H1381,2,9,0,5,0,6,0,0,0,0,1,1,6,2,34,6,1984,1,13,-1,1,-1
20151331K0878,1,9,0,9,0,1,0,0,0,0,4,1,6,1,77,11,1998,1,14,-1,1,-1
20151331K0878,2,1,0,18,0,1,0,0,0,0,1,1,6,1,39,7,-1,-1,-1,-1,1,-1
20151335C0610,1,19,0,18,0,0,0,0,0,0,0,1,6,3,-1,-1,2287,2,3,-1,-1,-1
20151335C0610,2,1,0,18,0,0,5,0,1,0,0,1,6,1,73,10,-1,-1,-1,-1,3,-1
2015133AG0359,1,9,0,2,0,0,0,0,0,0,0,1,6,2,18,4,1299,1,8,-1,3,-1
201514A000815,1,9,0,18,0,4,0,0,0,0,0,1,6,2,21,5,1124,1,14,-1,1,-1
201514A000815,2,9,0,18,0,1,0,0,0,0,1,1,6,3,-1,-1,2171,2,11,-1,-1,-1
201514A001415,1,21,1,18,0,3,0,0,0,0,1,1,1,1,31,6,12777,2,4,-1,1,-1
201514A001415,2,9,0,17,0,8,1,0,0,0,3,1,6,2,23,5,1560,2,1,-1,1,-1
201514A001915,1,21,1,11,0,0,0,0,0,0,4,1,1,1,44,7,-1,-1,-1,-1,1,-1
201514A001915,2,9,0,18,0,0,1,0,5,6,3,1,2,2,58,9,-1,-1,-1,-1,3,-1
201514A001915,3,9,0,18,0,0,0,0,0,0,2,1,2,2,26,6,-1,-1,-1,-1,1,-1
201514A001915,4,9,0,18,0,0,1,0,0,0,1,1,2,1,43,7,1596,1,8,-1,2,-1
201514A002015,1,21,0,18,0,5,0,0,0,0,0,1,1,1,33,6,12600,2,14,-1,3,-1
201514A002215,1,9,0,18,0,8,0,0,0,0,1,1,6,2,64,9,1560,2,3,-1,1,-1
201514A002215,2,9,0,9,0,6,0,0,0,0,3,1,6,1,80,11,1329,1,3,-1,1,-1
201514A002315,1,21,0,18,0,0,0,0,0,0,1,1,1,1,24,5,12130,2,12,-1,1,-1
201514A002315,2,21,0,3,0,0,0,0,0,0,2,1,6,1,44,7,12580,2,9,-1,-1,-1
201514A002315,3,9,0,3,0,0,0,0,0,0,2,1,6,2,39,7,1968,2,2,-1,1,-1
201514A002515,1,19,0,17,0,0,0,0,0,0,1,1,1,1,62,9,2143,2,1,-1,1,-1
201514A002515,2,19,0,16,0,0,1,0,0,0,1,1,1,1,42,7,2402,2,11,-1,1,-1
201514A003215,1,9,0,3,0,0,0,0,0,0,2,1,6,1,35,6,1560,2,2,-1,1,-1
201514A003215,2,9,0,4,0,0,0,0,0,0,1,1,6,2,30,6,1398,2,10,-1,1,-1
201514A003215,3,9,0,4,0,0,0,0,0,0,1,1,6,1,39,7,-1,-1,-1,-1,1,-1
201514A003315,1,9,0,7,0,3,0,0,0,0,4,1,1,2,45,7,1598,2,4,-1,1,-1
201514A003315,2,21,0,5,0,4,0,0,0,0,1,1,1,1,51,8,-1,-1,-1,-1,-1,-1
201514A003515,1,20,0,18,0,1,0,0,0,0,1,1,6,1,26,6,-1,-1,-1,-1,1,-1
201514A003515,2,9,0,10,0,1,0,0,0,0,2,1,6,2,41,7,-1,-1,-1,-1,1,-1
201514A003715,1,9,0,18,0,0,0,0,8,4,1,1,1,2,47,8,-1,-1,-1,-1,1,-1
201514A003815,1,9,0,12,0,8,0,0,0,0,3,1,6,2,36,7,1868,2,15,-1,1,-1
201514A003815,2,9,0,18,0,8,0,0,0,0,4,1,6,1,60,9,-1,-1,-1,-1,3,-1
201514A004115,1,9,0,3,0,0,0,0,0,0,2,1,6,1,28,6,1596,1,10,-1,1,-1
201514A004115,2,9,0,18,0,0,0,0,0,0,1,1,6,1,80,11,-1,-1,-1,-1,-1,-1
201514A004215,1,9,0,5,0,0,0,0,0,0,3,1,6,1,68,10,1997,1,12,-1,3,-1
201514A004215,2,9,0,3,0,0,0,0,0,0,3,1,6,1,48,8,1997,2,16,-1,1,-1
201514A004215,3,9,0,18,0,0,0,0,1,2,4,1,6,1,65,9,1870,2,14,-1,1,-1
201514A004715,1,9,0,9,0,5,0,0,0,0,4,1,6,2,31,6,1596,1,11,-1,1,-1
201514A004715,2,9,0,18,0,1,0,0,0,0,1,1,6,3,-1,-1,-1,-1,-1,-1,-1,-1
201514A005115,1,9,0,18,0,0,0,0,1,3,1,1,6,3,-1,-1,1248,2,6,-1,3,-1
201514A005715,1,9,0,18,9,6,0,0,0,0,1,1,6,3,-1,-1,-1,-1,-1,-1,1,-1
201514A006015,1,9,0,18,0,1,0,0,0,0,1,1,6,2,35,6,1997,2,5,-1,1,-1
201514A006215,1,9,0,18,0,0,5,7,1,10,1,1,6,2,23,5,1560,2,6,-1,1,-1
201514A006315,1,9,0,9,0,6,0,0,0,0,1,1,6,1,65,9,1388,1,11,-1,1,-1
201514A006315,2,5,0,18,0,8,0,0,0,0,1,1,1,1,41,7,680,1,8,-1,1,-1
201514A006715,1,9,0,16,0,0,1,0,7,11,1,1,1,1,25,5,-1,-1,-1,-1,1,-1
201514A006815,1,9,0,18,0,0,0,0,0,0,4,1,6,1,61,9,2295,1,15,-1,1,-1
201514A006915,1,9,0,9,0,6,0,0,0,0,4,1,1,2,26,6,1896,2,12,-1,1,-1
201514A006915,2,9,0,13,0,8,0,0,0,0,1,1,1,1,46,8,-1,-1,-1,-1,1,-1
201514A007115,1,9,0,9,0,6,0,0,0,0,3,1,6,1,27,6,1242,1,12,-1,1,-1
201514A007115,2,2,0,18,0,8,0,0,0,0,1,1,6,1,19,4,49,1,11,-1,1,-1
201514A007215,1,9,0,9,0,8,0,0,0,0,1,1,2,1,23,5,1360,1,9,-1,1,-1
201514A007215,2,9,0,18,0,8,0,0,0,0,1,1,6,2,44,7,-1,-1,-1,-1,1,-1
201514A007315,1,9,0,18,0,3,1,0,1,2,1,1,6,1,17,4,1598,2,2,-1,1,-1
201514A007415,1,2,0,18,0,8,1,0,0,0,0,1,1,2,32,6,-1,-1,-1,-1,1,-1
201514A007415,2,9,0,17,0,8,0,0,0,0,0,1,6,3,-1,-1,-1,-1,-1,-1,-1,-1
201514A007815,1,9,0,3,0,1,0,0,0,0,1,1,6,1,38,7,998,1,1,-1,1,-1
201514A007815,2,9,0,7,0,8,0,0,0,0,2,1,6,2,50,8,1796,1,8,-1,1,-1
201514A007815,3,9,0,8,0,8,0,0,1,0,3,1,6,1,71,10,1991,2,6,-1,3,-1
201514A008015,1,9,0,2,0,0,0,0,0,0,2,1,6,2,38,7,1248,2,1,-1,1,-1
201514A008015,2,9,0,17,0,0,1,0,0,0,1,1,6,2,53,8,-1,-1,-1,-1,1,-1
201514A008115,1,9,0,9,0,5,0,0,0,0,1,1,1,1,34,6,1390,1,4,-1,1,-1
201514A008115,2,9,0,9,0,5,0,0,0,0,3,1,1,2,36,7,2776,2,10,-1,1,-1
201514A008215,1,3,0,18,0,0,0,0,0,0,1,1,2,1,21,5,-1,-1,-1,-1,1,-1
201514A008215,2,9,0,5,0,0,0,0,0,0,3,1,6,1,-1,-1,-1,-1,-1,-1,-1,-1
201514A008315,1,9,0,18,0,8,2,0,0,0,4,1,6,1,46,8,-1,-1,-1,-1,3,-1
201514A008315,2,9,0,9,0,6,0,0,0,0,1,1,6,1,35,6,-1,-1,-1,-1,1,-1
201514A008415,1,9,0,18,0,0,0,0,0,0,1,1,6,3,-1,-1,-1,-1,-1,-1,-1,-1
201514A008415,2,9,0,18,0,0,1,0,0,0,2,1,6,2,23,5,1598,1,7,-1,1,-1
201514A008515,1,9,0,2,0,0,0,0,0,0,2,1,6,1,66,10,1995,2,2,-1,2,-1
201514A008515,2,9,0,18,0,0,0,0,0,0,1,1,6,1,31,6,2179,2,8,-1,2,-1
201514A008715,1,9,0,18,0,1,1,0,5,6,1,1,6,1,18,4,1388,1,8,-1,3,-1