Accident_Index,Vehicle_Reference,Vehicle_Type,Towing_and_Articulation,Vehicle_Manoeuvre,Vehicle_Location-Restricted_Lane,Junction_Location,Skidding_and_Overturning,Hit_Object_in_Carriageway,Vehicle_Leaving_Carriageway,Hit_Object_off_Carriageway,1st_Point_of_Impact,Was_Vehicle_Left_Hand_Drive?,Journey_Purpose_of_Driver,Sex_of_Driver,Age_of_Driver,Age_Band_of_Driver,Engine_Capacity_(CC),Propulsion_Code,Age_of_Vehicle,Driver_IMD_Decile,Driver_Home_Area_Type,Vehicle_IMD_Decile
201514A008815,1,9,0,7,0,2,1,0,0,0,1,1,6,1,34,6,-1,-1,-1,-1,1,-1
201514A008815,2,9,0,4,0,1,0,0,0,0,1,1,6,2,74,10,1328,1,12,-1,1,-1
201514A008915,1,9,0,9,0,1,0,0,0,0,4,1,6,2,61,9,1388,1,17,-1,1,-1
201514A008915,2,1,0,18,0,1,0,0,0,0,1,1,6,1,35,6,-1,-1,-1,-1,1,-1
201514A009415,1,9,0,18,0,8,0,0,0,0,1,1,6,1,31,6,-1,-1,-1,-1,1,-1
201514A009415,2,9,0,18,0,6,0,0,0,0,3,1,6,1,21,5,-1,-1,-1,-1,1,-1
201514A009515,1,1,0,18,9,1,0,8,0,0,1,1,6,1,38,7,-1,-1,-1,-1,2,-1
201514A009515,2,9,0,2,0,2,0,0,0,0,4,1,6,3,-1,-1,-1,-1,-1,-1,-1,-1
201514A009715,1,9,0,4,0,0,0,0,0,0,2,1,6,1,31,6,-1,-1,-1,-1,1,-1
201514A009715,2,9,0,18,0,0,0,0,0,0,1,1,6,2,55,8,1598,2,1,-1,2,-1
201514A009915,1,9,0,4,0,0,0,0,0,0,2,1,6,2,54,8,1984,1,14,-1,2,-1
201514A009915,2,9,0,18,0,0,0,0,0,0,1,1,6,3,-1,-1,-1,-1,-1,-1,-1,-1
201514A010115,1,9,0,3,0,0,0,0,0,0,2,1,6,2,41,7,1296,1,7,-1,1,-1
201514A010115,2,9,0,18,0,0,0,0,0,0,1,1,6,1,41,7,1248,2,3,-1,1,-1
201514A010315,1,9,0,18,0,1,0,0,0,0,1,1,6,2,62,9,1149,1,7,-1,2,-1
201514A010315,2,9,0,3,0,1,0,0,0,0,2,1,6,2,42,7,1399,2,7,-1,2,-1
201514A010815,1,9,0,18,0,1,0,0,0,0,1,1,6,3,63,9,1598,1,8,-1,1,-1
201514A011115,1,9,0,18,0,8,1,0,0,0,1,1,6,1,29,6,-1,-1,-1,-1,2,-1
201514A011115,2,9,0,9,0,5,1,0,0,0,4,1,6,2,18,4,-1,-1,-1,-1,1,-1
201514A011315,1,9,0,12,0,0,0,0,0,0,1,1,6,2,45,7,-1,-1,-1,-1,1,-1
201514A011315,2,9,0,18,0,0,0,0,0,0,1,1,6,1,64,9,1968,2,8,-1,3,-1
201514A011315,3,9,0,18,0,0,0,0,0,0,1,1,6,2,48,8,-1,-1,-1,-1,1,-1
201514A011515,1,1,0,17,0,8,0,0,0,0,1,1,6,1,43,7,-1,-1,-1,-1,1,-1
201514A011515,2,9,0,7,0,5,0,0,0,0,2,1,6,3,-1,-1,-1,-1,-1,-1,-1,-1
201514A011715,1,2,0,18,9,0,0,0,0,0,3,1,6,3,-1,-1,-1,-1,-1,-1,1,-1
201514A012015,1,5,0,18,0,1,0,0,0,0,3,1,6,1,34,6,600,1,13,-1,1,-1
201514A012015,2,9,0,5,0,1,0,0,0,0,2,1,6,1,65,9,996,1,6,-1,1,-1
201514A012215,1,9,0,18,0,0,0,0,0,0,1,1,6,1,44,7,1781,1,15,-1,1,-1
201514A012215,2,9,0,1,0,0,0,0,0,0,2,1,6,3,-1,-1,1896,2,13,-1,-1,-1
201514A012515,1,9,0,18,0,0,0,0,0,0,1,1,6,1,42,7,1896,2,13,-1,1,-1
201514A013415,1,9,0,18,0,8,0,0,0,0,1,1,6,1,62,9,1398,1,7,-1,2,-1
201514A013415,2,9,0,9,0,6,0,0,0,0,1,1,1,1,26,6,1229,1,1,-1,2,-1
201514A013815,1,9,0,18,0,1,0,0,0,0,1,1,3,2,54,8,1398,2,4,-1,1,-1
201514A014215,1,9,0,3,0,1,0,0,0,0,2,1,6,2,49,8,1997,2,2,-1,1,-1
201514A014215,2,9,0,4,0,1,0,0,0,0,1,1,6,1,30,6,1991,2,7,-1,-1,-1
201514A014315,1,9,0,13,0,0,0,0,0,0,1,1,6,1,44,7,993,1,13,-1,1,-1
201514A014315,2,9,0,18,0,0,0,0,0,0,1,1,6,1,44,7,-1,-1,-1,-1,1,-1
201514A014315,3,21,0,18,0,0,0,0,0,0,0,1,1,1,51,8,12777,2,4,-1,1,-1
201514A014415,1,3,0,18,0,1,0,0,0,0,1,1,2,1,22,5,125,1,1,-1,1,-1
201514A014515,1,9,0,18,0,0,5,0,0,0,1,1,6,1,87,11,1999,1,4,-1,1,-1
201514A014515,2,9,0,2,0,0,0,0,0,0,1,1,6,1,63,9,1596,1,5,-1,2,-1
201514A014615,1,9,0,18,0,0,0,0,0,0,1,1,6,2,24,5,1968,2,7,-1,1,-1
201514A014615,2,21,1,4,0,0,0,0,0,0,2,1,1,1,52,8,10837,2,5,-1,1,-1
201514A014715,1,9,0,18,0,0,0,0,0,0,1,1,6,1,57,9,1349,1,13,-1,1,-1
201514A014715,2,9,0,18,0,0,0,0,0,0,1,1,6,3,-1,-1,-1,-1,-1,-1,-1,-1
201514A014815,1,21,0,18,0,1,0,0,0,0,4,1,1,3,-1,-1,-1,-1,-1,-1,1,-1
201514A014915,1,9,0,1,9,0,0,0,0,0,2,1,6,1,41,7,1597,2,1,-1,1,-1
201514A015115,1,8,0,18,0,0,0,0,0,0,3,1,1,1,39,7,1896,2,10,-1,2,-1
201514A015115,2,9,0,2,0,0,0,0,0,0,4,1,6,1,40,7,1229,1,10,-1,3,-1
201514A015315,1,9,0,7,0,8,0,0,0,0,1,1,6,1,75,10,1596,1,17,-1,1,-1
201514A015315,2,1,0,18,0,8,0,0,0,0,1,1,6,2,45,7,-1,-1,-1,-1,1,-1
201514A015615,1,9,0,18,0,0,0,0,0,0,4,1,1,1,38,7,-1,-1,-1,-1,1,-1
201514A015615,2,9,0,18,0,0,0,0,0,0,1,1,1,1,46,8,1560,2,3,-1,2,-1
201514A015715,1,1,0,18,0,8,0,0,0,0,2,1,6,1,35,6,-1,-1,-1,-1,1,-1
201514A015715,2,9,0,18,0,4,0,0,0,0,1,1,6,1,44,7,1997,2,10,-1,3,-1
201514A015815,1,9,0,2,0,0,0,0,0,0,2,1,1,1,33,6,1995,2,5,-1,1,-1
201514A015815,2,9,0,1,0,0,0,0,0,0,1,1,6,2,31,6,1390,1,9,-1,1,-1
201514A016015,1,9,0,18,0,1,0,0,0,0,1,1,6,2,50,8,1560,2,5,-1,1,-1
201514A016115,1,9,0,18,0,8,0,0,0,0,1,1,6,1,17,4,1149,1,11,-1,1,-1
201514A016115,2,9,0,9,0,6,0,0,0,0,1,1,6,1,28,6,1242,1,2,-1,1,-1
201514A016315,1,9,0,10,0,1,0,0,0,0,2,1,6,1,49,8,1794,1,9,-1,1,-1
201514A016315,2,9,0,18,0,1,0,0,0,0,1,1,6,3,-1,-1,1149,1,17,-1,-1,-1
201514A016415,1,9,0,4,0,0,0,0,0,0,2,1,1,1,46,8,1968,2,3,-1,1,-1
201514A016415,2,21,0,18,0,0,0,0,0,0,1,1,1,1,48,8,10837,2,5,-1,1,-1
201514A016615,1,9,0,7,0,6,0,0,0,0,1,1,6,2,32,6,1995,2,9,-1,1,-1
201514A016615,2,8,0,18,2,8,0,0,0,0,1,1,1,1,28,6,1997,2,11,-1,1,-1
201514A016815,1,9,0,18,0,0,0,0,0,0,1,1,6,1,29,6,-1,-1,-1,-1,1,-1
201514A016815,2,9,0,10,0,0,0,0,0,0,1,1,6,2,52,8,1997,2,5,-1,3,-1
201514A016815,3,9,0,18,0,0,0,0,0,0,1,1,6,1,44,7,-1,-1,-1,-1,2,-1
201514A016815,4,9,0,18,0,0,0,0,0,0,3,1,6,1,74,10,1560,2,2,-1,2,-1
201514A017015,1,9,0,2,0,0,0,0,0,0,0,1,3,2,29,6,1749,1,11,-1,3,-1
201514A017015,2,9,0,18,0,0,0,8,0,0,0,1,6,3,-1,-1,-1,-1,-1,-1,-1,-1
201514A017415,1,9,0,9,0,1,0,0,0,0,2,1,3,2,46,8,1242,1,11,-1,1,-1
201514A017415,2,9,0,18,0,1,0,0,0,0,1,1,6,1,38,7,1796,1,7,-1,1,-1
201514A017515,1,9,0,7,0,1,1,0,1,10,1,1,1,1,26,6,-1,-1,-1,-1,1,-1
201514A017615,1,21,0,18,0,0,1,0,0,0,1,1,1,1,57,9,12777,2,6,-1,1,-1
201514A017615,2,9,0,18,0,0,0,0,0,0,2,1,2,2,44,7,-1,-1,-1,-1,1,-1
201514A017615,3,9,0,18,0,0,0,0,0,0,2,1,2,1,54,8,2987,2,9,-1,3,-1
201514A017615,4,9,0,18,0,0,0,0,4,0,2,1,6,1,54,8,-1,-1,-1,-1,1,-1
201514A017615,5,9,0,18,0,0,0,0,0,0,2,1,6,1,29,6,-1,-1,-1,-1,1,-1
201514A018315,1,9,0,9,0,6,0,0,0,0,3,1,6,1,23,5,1900,2,10,-1,1,-1
201514A018315,2,3,0,14,0,1,1,0,0,0,1,1,6,1,19,4,125,1,6,-1,1,-1
201514A018715,1,9,0,17,0,0,0,0,0,0,1,1,6,2,50,8,1598,1,9,-1,1,-1
201514A018715,2,9,0,2,0,0,0,0,0,0,1,1,6,1,20,4,1229,1,3,-1,1,-1
201514A018815,1,9,0,18,0,1,0,0,1,9,1,1,6,1,40,7,1968,2,7,-1,1,-1
201514A019415,1,9,0,18,0,0,0,0,0,0,1,1,2,1,23,5,2179,2,2,-1,1,-1
201514A019615,1,9,0,18,0,0,0,0,0,0,1,1,6,1,49,8,-1,-1,-1,-1,1,-1
201514A019615,2,9,0,3,0,0,0,0,0,0,2,1,6,1,21,5,1968,2,8,-1,1,-1
201514A019615,3,9,0,3,0,0,0,0,0,0,2,1,1,1,18,4,-1,-1,-1,-1,1,-1
201514A020415,1,9,0,18,0,8,0,0,0,0,1,1,6,1,60,9,1896,2,12,-1,1,-1
201514A020415,2,10,0,9,0,8,0,0,0,0,1,1,1,1,63,9,-1,-1,-1,-1,1,-1
201514A021015,1,9,0,3,0,1,0,0,0,0,2,1,1,1,50,8,1598,1,1,-1,1,-1
201514A021015,2,9,0,4,0,1,0,0,0,0,1,1,6,1,30,6,2401,2,12,-1,1,-1
201514A021515,1,9,0,18,0,0,0,0,5,6,3,1,6,1,20,4,-1,-1,-1,-1,1,-1
201514A021515,2,9,0,11,0,0,0,0,0,0,4,1,6,3,-1,-1,-1,-1,-1,-1,-1,-1
201514A022215,1,9,0,18,0,0,0,0,1,3,1,1,6,2,65,9,998,1,1,-1,1,-1
201514A022415,1,9,0,18,0,1,0,0,0,0,1,1,6,2,22,5,1560,2,8,-1,1,-1
201514A022415,2,9,0,10,0,1,0,0,0,0,2,1,6,2,61,9,998,1,10,-1,1,-1
201514A022615,1,9,0,18,0,0,1,0,7,9,1,1,6,1,22,5,-1,-1,-1,-1,1,-1
201514A022615,2,9,0,18,0,0,0,0,0,0,1,1,6,2,49,8,1299,1,15,-1,1,-1
201514A022615,3,9,0,18,0,0,0,0,0,0,1,1,6,1,39,7,1587,1,10,-1,1,-1
201514A022715,1,9,0,4,0,0,0,0,0,0,0,1,1,1,44,7,-1,-1,-1,-1,1,-1
201514A022715,2,9,0,4,0,0,0,0,0,0,1,1,1,1,28,6,-1,-1,-1,-1,2,-1
201514A022715,3,9,0,4,0,0,0,0,0,0,1,1,1,1,21,5,-1,-1,-1,-1,1,-1
201514A022715,4,9,0,4,0,0,0,0,0,0,1,1,1,1,54,8,-1,-1,-1,-1,1,-1
201514A022715,5,21,0,4,0,0,0,0,0,0,1,1,1,1,63,9,12777,2,3,-1,2,-1
201514A022715,6,21,0,4,0,0,0,0,0,0,1,1,1,1,29,6,12740,2,3,-1,1,-1
201514A023215,1,9,0,9,0,6,0,0,0,0,3,1,6,1,18,4,1229,1,1,-1,1,-1
201514A023215,2,9,0,18,0,8,1,0,0,0,1,1,6,1,58,9,-1,-1,-1,-1,1,-1
201514A023715,1,11,0,18,2,8,0,0,0,0,1,1,1,2,43,7,7300,2,12,-1,1,-1
201514A023715,2,9,0,18,0,8,0,7,0,1,4,1,6,1,58,9,-1,-1,-1,-1,1,-1
201514A023915,1,9,0,5,0,2,0,0,0,0,4,1,1,1,24,5,-1,-1,-1,-1,3,-1
201514A023915,2,9,0,18,0,1,0,0,0,0,1,1,6,2,37,7,1686,2,10,-1,1,-1
201514A024215,1,9,0,18,0,2,0,0,0,0,1,1,6,1,51,8,1398,2,11,-1,1,-1
201514A024415,1,9,0,18,0,1,0,0,0,0,1,1,6,1,24,5,-1,-1,-1,-1,1,-1
201514A024415,2,9,0,9,0,6,0,0,0,0,4,1,6,1,27,6,-1,-1,-1,-1,1,-1
201514A024515,1,9,0,18,0,1,0,0,0,0,1,1,1,1,30,6,1783,1,12,-1,1,-1
201514A024515,2,9,0,9,0,5,0,0,0,0,1,1,6,1,64,9,1997,1,11,-1,2,-1
201514A024515,3,9,0,4,0,1,0,0,0,0,1,1,6,2,40,7,1968,2,11,-1,1,-1
201514A024615,1,9,0,16,0,0,0,0,0,0,1,1,6,1,22,5,2495,2,21,-1,1,-1
201514A024615,2,9,0,17,0,0,0,0,0,0,1,1,6,1,22,5,-1,-1,-1,-1,1,-1
201514A024615,3,9,0,1,0,0,0,0,0,0,1,1,6,1,-1,-1,-1,-1,-1,-1,1,-1
201514A024815,1,9,0,4,0,0,0,0,0,0,2,1,6,1,63,9,-1,-1,-1,-1,1,-1
201514A024815,2,9,0,18,0,0,1,0,0,0,1,1,6,1,18,4,-1,-1,-1,-1,3,-1
201514A024915,1,9,0,18,0,0,0,0,0,0,2,1,1,2,47,8,1461,2,1,-1,2,-1
201514A024915,2,9,0,18,0,0,0,0,0,0,1,1,6,2,32,6,1796,1,9,-1,1,-1
201514A024915,3,9,0,18,0,0,0,0,0,0,4,1,6,1,27,6,2000,2,5,-1,1,-1
201514A025015,1,9,0,4,0,0,0,0,0,0,2,1,2,1,62,9,1560,2,5,-1,3,-1
201514A025015,2,9,0,18,0,0,0,0,0,0,1,1,2,1,32,6,1995,2,5,-1,1,-1
201514A025415,1,21,0,5,0,8,0,0,0,0,4,1,1,1,38,7,15607,2,2,-1,1,-1
201514A025415,2,9,0,18,0,8,0,0,0,0,1,1,6,1,53,8,1560,2,6,-1,1,-1
201514A025615,1,9,0,9,0,6,0,0,0,0,1,1,1,1,39,7,2179,2,4,-1,1,-1
201514A025615,2,1,0,18,0,8,0,0,0,0,4,1,6,1,13,3,-1,-1,-1,-1,1,-1
201514A025915,1,9,0,18,0,2,0,0,0,0,1,1,6,2,43,7,1686,2,10,-1,1,-1
201514A026015,1,9,0,3,0,8,0,0,0,0,2,1,6,2,26,6,1799,1,9,-1,1,-1
201514A026015,2,9,0,18,0,8,0,0,0,0,1,1,6,1,46,8,1995,2,8,-1,1,-1
201514A026915,1,11,0,18,0,0,0,0,0,0,4,1,1,1,51,8,7300,2,12,-1,1,-1
201514A027015,1,9,0,9,0,5,1,0,0,0,1,1,6,2,71,10,1339,1,10,-1,1,-1
201514A027015,2,9,0,18,0,1,1,0,0,0,1,1,6,1,38,7,-1,-1,-1,-1,1,-1
201514A027215,1,9,0,18,0,1,0,0,0,0,1,1,1,1,32,6,-1,-1,-1,-1,1,-1
201514A027215,2,8,0,10,0,1,0,0,0,0,2,1,1,1,28,6,1422,2,6,-1,1,-1
201514A027415,1,9,0,3,0,1,0,0,0,0,3,1,6,2,36,7,1461,2,7,-1,1,-1
201514A027415,2,9,0,14,0,1,0,0,0,0,4,1,6,3,-1,-1,-1,-1,-1,-1,-1,-1
201514A027815,1,9,0,18,0,1,1,0,0,0,1,1,2,1,36,7,-1,-1,-1,-1,1,-1
201514A027815,2,9,0,18,0,1,0,0,0,0,1,1,6,1,51,8,1968,2,5,-1,1,-1
201514A027815,3,9,0,10,0,1,0,0,0,0,0,1,6,2,67,10,1329,1,4,-1,2,-1
201514A028015,1,9,0,18,0,0,0,0,0,0,1,1,6,3,-1,-1,-1,-1,-1,-1,-1,-1
201514A028015,2,9,0,18,0,0,0,0,0,0,2,1,6,1,22,5,-1,-1,-1,-1,1,-1
201514A028215,1,9,0,18,0,0,0,0,0,0,1,1,6,1,32,6,-1,-1,-1,-1,1,-1
201514A028215,2,9,0,2,0,0,0,0,0,0,1,1,6,1,27,6,1998,2,9,-1,2,-1
201514A028915,1,9,0,7,0,8,0,0,0,0,3,1,2,1,27,6,1200,1,2,-1,1,-1
201514A028915,2,1,0,18,0,8,0,0,0,0,1,1,2,1,33,6,-1,-1,-1,-1,1,-1
201514A029215,1,9,0,3,0,1,0,0,0,0,2,1,6,1,46,8,1397,1,12,-1,1,-1
201514A029215,2,9,0,18,0,1,0,0,0,0,1,1,6,1,60,9,1587,1,8,-1,1,-1
201514A029315,1,9,0,9,0,5,0,0,0,0,1,1,6,2,25,5,1242,1,8,-1,1,-1
201514A029315,2,9,0,18,0,8,0,0,0,0,1,1,6,1,18,4,1390,1,1,-1,2,-1
201514A029415,1,9,0,18,0,0,0,0,0,0,2,1,1,2,29,6,1995,2,2,-1,1,-1
201514A029415,2,9,0,18,0,0,0,0,0,0,2,1,6,1,18,4,1197,1,-1,-1,3,-1
201514A029415,3,9,0,18,0,0,0,0,0,0,2,1,6,1,18,4,1461,2,1,-1,1,-1
201514A029415,4,9,0,18,0,0,1,0,0,0,1,1,2,1,24,5,-1,-1,-1,-1,2,-1
201514A029615,1,9,0,9,0,8,0,0,0,0,1,1,6,1,61,9,1910,2,8,-1,1,-1
201514A029615,2,9,0,9,0,8,0,0,0,0,3,1,6,1,64,9,1968,2,8,-1,1,-1
201514A029715,1,9,0,3,0,1,0,0,0,0,2,1,6,2,45,7,-1,-1,-1,-1,1,-1
201514A029715,2,9,0,18,0,1,0,0,0,0,1,1,6,1,30,6,1956,2,5,-1,1,-1
201514A030015,1,9,0,18,0,0,0,0,4,0,3,1,6,1,27,6,1560,2,6,-1,1,-1
201514A030015,2,9,0,12,0,0,0,0,0,0,0,1,6,3,-1,-1,-1,-1,-1,-1,-1,-1
201514A030115,1,8,0,4,0,0,0,0,0,0,3,1,1,1,27,6,1762,1,17,-1,1,-1
201514A030115,2,19,0,13,0,0,0,0,0,0,1,1,6,3,-1,-1,-1,-1,-1,-1,-1,-1
201514A030615,1,9,0,9,0,8,0,0,0,0,1,1,6,2,18,4,1229,1,6,-1,1,-1
201514A030615,2,9,0,8,0,8,0,0,0,0,4,1,6,2,22,5,1560,2,3,-1,1,-1
201514A030915,1,9,0,16,0,1,0,10,0,0,4,1,6,2,28,6,-1,-1,-1,-1,1,-1
201514A030915,2,9,0,18,0,1,0,0,0,0,1,1,6,1,52,8,1984,2,2,-1,1,-1
201514A031215,1,9,0,4,0,0,0,0,0,0,2,1,6,1,48,8,1229,1,1,-1,2,-1
201514A031215,2,9,0,4,0,0,0,0,0,0,2,1,6,2,24,5,1598,1,11,-1,3,-1
201514A031215,3,9,0,18,0,0,0,0,0,0,1,1,6,1,69,10,2500,2,11,-1,2,-1
201514A031315,1,9,0,18,0,8,0,0,0,0,1,1,6,1,54,8,-1,-1,-1,-1,1,-1
201514A031315,2,9,0,9,0,6,0,0,0,0,3,1,6,1,38,7,1994,1,9,-1,2,-1
201514A031415,1,9,0,14,0,0,0,0,0,0,1,1,1,1,25,5,1951,2,13,-1,1,-1
201514A031415,2,9,0,2,0,0,0,0,0,0,2,1,1,2,43,7,1560,2,5,-1,1,-1
201514A031415,3,9,0,2,0,0,0,0,0,0,2,1,1,2,56,9,1598,1,15,-1,1,-1
201514A031515,1,9,0,3,0,1,0,0,0,0,2,1,6,2,25,5,-1,-1,-1,-1,1,-1
201514A031515,2,8,0,18,0,1,0,0,0,0,1,1,1,1,36,7,1896,2,11,-1,1,-1
201514A032115,1,9,0,13,0,1,0,0,0,0,1,1,1,2,24,5,1896,2,6,-1,1,-1
201514A032115,2,9,0,18,0,1,0,0,0,0,1,1,1,1,32,6,1124,1,10,-1,2,-1
201514A032115,3,9,0,7,0,6,0,0,0,0,3,1,1,1,24,5,-1,-1,-1,-1,1,-1
201514A032315,1,9,0,6,0,8,0,0,0,1,1,1,1,2,44,7,1598,2,5,-1,1,-1
201514A032315,2,9,0,18,0,8,0,0,0,0,4,1,3,2,34,6,1598,1,16,-1,1,-1
201514A032615,1,9,0,1,0,6,0,0,0,0,2,1,6,1,50,8,1339,1,13,-1,1,-1
201514A032615,2,1,0,18,0,8,0,0,0,0,1,1,6,1,24,5,-1,-1,-1,-1,1,-1
201514A032715,1,9,0,18,0,0,0,0,0,0,1,1,6,3,-1,-1,-1,-1,-1,-1,-1,-1
201514A032715,2,9,0,18,0,0,0,0,1,9,1,1,6,2,20,4,1242,1,3,-1,2,-1
201514A032815,1,9,0,4,0,1,0,0,0,0,0,1,1,1,22,5,-1,-1,-1,-1,1,-1
201514A032915,1,9,0,18,0,1,0,0,0,0,1,1,2,2,44,7,2664,2,10,-1,1,-1
201514A033115,1,9,0,7,0,6,0,0,0,0,1,1,6,1,26,6,1242,1,6,-1,1,-1
201514A033415,1,21,0,18,0,0,1,0,4,6,3,1,6,1,68,10,-1,-1,-1,-1,2,-1
201514A033415,2,9,0,13,0,0,0,0,0,0,4,1,1,1,36,7,-1,-1,-1,-1,1,-1
201514A033515,1,9,0,16,0,2,1,0,0,0,1,1,6,1,44,7,-1,-1,-1,-1,1,-1
201514A033515,2,9,0,17,0,1,0,0,0,0,3,1,6,2,66,10,1395,1,2,-1,3,-1
201514A033615,1,9,0,16,0,0,2,0,7,9,1,1,6,2,33,6,3797,1,5,-1,1,-1
201514A033715,1,9,0,18,0,2,0,0,0,0,1,1,6,1,-1,-1,1997,2,13,-1,1,-1
201514A033715,2,9,0,18,0,1,0,0,0,0,1,1,6,2,37,7,998,1,2,-1,1,-1
201514A034115,1,9,0,18,0,0,0,0,0,0,1,1,2,1,28,6,1596,1,13,-1,1,-1
201514A034215,1,17,0,9,0,1,0,0,0,0,2,1,1,1,54,8,6728,2,4,-1,3,-1
201514A034215,2,9,0,13,0,1,0,0,0,0,1,1,1,2,28,6,1596,1,13,-1,1,-1
201514A034315,1,9,0,18,0,0,0,0,0,0,1,1,6,1,89,11,1868,2,10,-1,1,-1
201514A034315,2,9,0,4,0,0,0,0,0,0,2,1,6,1,67,10,1368,1,12,-1,1,-1
201514A034615,1,9,0,3,0,0,0,0,0,0,1,1,6,1,49,8,1360,1,13,-1,1,-1
201514A034715,1,9,0,13,0,0,0,0,0,0,2,1,6,2,19,4,1398,2,12,-1,1,-1
201514A034715,2,9,0,18,0,0,0,0,0,0,1,1,6,1,-1,-1,2979,1,6,-1,1,-1
201514A034815,1,9,0,18,0,0,0,0,0,0,1,1,6,1,69,10,1398,1,15,-1,1,-1
201514A035415,1,9,0,18,0,0,0,0,0,0,4,1,2,2,55,8,1956,2,4,-1,3,-1
201514A035415,2,21,1,12,0,0,0,0,0,0,3,1,1,1,51,8,11946,2,4,-1,1,-1
201514A035515,1,9,0,18,0,8,0,0,0,0,1,1,6,2,19,4,-1,-1,-1,-1,3,-1
201514A035515,2,9,0,18,0,8,0,0,0,0,1,1,6,1,23,5,1248,2,8,-1,1,-1
201514A035715,1,9,0,9,0,6,1,0,0,0,1,1,6,1,32,6,-1,-1,-1,-1,1,-1
201514A035715,2,9,0,18,0,1,0,0,0,0,1,1,6,2,25,5,1360,1,15,-1,1,-1
201514A035915,1,9,0,2,0,0,0,0,0,0,2,1,3,2,36,7,-1,-1,-1,-1,1,-1
201514A035915,2,9,0,14,0,0,0,0,0,0,4,1,6,3,-1,-1,-1,-1,-1,-1,-1,-1
201514A036315,1,9,0,9,0,8,1,0,1,3,1,1,6,1,24,5,1968,2,5,-1,1,-1
201514A036415,1,9,0,5,0,6,0,0,0,0,1,1,6,2,22,5,1596,1,3,-1,1,-1
201514A036415,2,9,0,18,0,8,0,0,0,0,2,1,6,1,29,6,1997,2,12,-1,1,-1
201514A037215,1,9,0,18,0,0,0,0,0,0,1,1,6,3,-1,-1,-1,-1,-1,-1,1,-1
201514A037415,1,9,0,18,0,8,0,0,0,0,1,1,6,3,-1,-1,-1,-1,-1,-1,-1,-1
201514A037415,2,9,0,9,0,8,0,0,0,0,4,1,6,1,18,4,-1,-1,-1,-1,1,-1
201514A037815,1,9,0,18,0,2,0,0,7,3,1,1,6,1,37,7,1951,2,14,-1,1,-1
201514A038115,1,9,0,18,0,0,0,0,0,0,1,1,6,1,49,8,1997,2,8,-1,1,-1
201514A038515,1,19,0,18,0,0,0,0,0,0,1,1,1,1,19,4,2143,2,1,-1,2,-1
201514A038515,2,9,0,4,0,0,0,0,1,0,2,1,6,2,56,9,-1,-1,-1,-1,1,-1
201514A038515,3,9,0,4,0,0,0,0,1,0,2,1,6,1,57,9,-1,-1,-1,-1,1,-1
201514A038615,1,9,0,9,0,2,0,0,0,0,1,1,6,3,-1,-1,-1,-1,-1,-1,1,-1
201514A038815,1,9,0,9,0,6,0,0,0,0,1,1,1,1,36,7,1896,2,5,-1,1,-1
201514A038815,2,11,0,18,0,8,0,0,0,0,2,1,1,1,41,7,7300,2,12,-1,1,-1
201514A038915,1,9,0,18,0,2,0,0,0,0,1,1,6,1,76,11,1248,2,9,-1,1,-1
201514A038915,2,9,0,2,0,2,0,0,0,0,2,1,6,1,24,5,1229,1,2,-1,2,-1
201514A038915,3,9,0,2,0,2,0,0,0,0,2,1,6,2,24,5,1086,1,10,-1,2,-1
201514A038915,4,9,0,2,0,2,0,0,0,0,2,1,6,2,23,5,1242,1,4,-1,2,-1
201514A039015,1,21,0,4,0,0,0,0,0,0,2,1,1,1,62,9,4461,2,4,-1,1,-1
201514A039015,2,21,0,18,0,0,0,0,0,0,1,1,1,1,51,8,-1,-1,-1,-1,1,-1
201514A039415,1,9,0,17,0,8,0,0,0,0,3,1,6,1,74,10,-1,-1,-1,-1,1,-1
201514A039415,2,9,0,18,0,8,0,0,0,0,1,1,6,1,82,11,1598,1,4,-1,1,-1
201514A039715,1,9,0,10,0,1,0,0,0,0,1,1,2,1,31,6,1560,2,11,-1,1,-1
201514A039715,2,3,0,18,0,1,0,0,0,0,2,1,2,1,22,5,124,1,6,-1,1,-1
201514A039815,1,9,0,18,0,0,0,0,0,0,3,1,2,2,36,7,1968,2,3,-1,1,-1
201514A039815,2,17,0,18,0,0,0,0,0,0,1,1,1,3,-1,-1,-1,-1,-1,-1,-1,-1
201514A039915,1,9,0,10,0,1,0,0,0,0,2,1,6,2,28,6,-1,-1,-1,-1,1,-1
201514A039915,2,9,0,3,0,1,0,0,0,0,2,1,6,2,35,6,1390,1,9,-1,1,-1
201514A039915,3,9,0,18,0,1,0,0,0,0,1,1,6,2,21,5,1248,2,4,-1,1,-1
201514A040015,1,21,1,18,0,0,0,0,0,0,0,1,1,1,51,8,10308,2,7,-1,1,-1
201514A040015,2,9,0,18,0,0,0,0,0,0,1,1,6,1,48,8,1599,1,15,-1,3,-1
201514A040015,3,21,1,18,0,0,0,0,0,0,1,1,1,1,43,7,-1,-1,-1,-1,1,-1
201514A040015,4,9,0,18,0,0,0,0,0,0,1,1,6,1,67,10,1560,2,3,-1,1,-1
201514A040015,5,9,0,18,0,0,0,0,0,0,1,1,6,1,56,9,1598,2,1,-1,1,-1
201514A040015,6,9,0,18,0,0,0,0,0,0,1,1,6,1,49,8,1461,2,2,-1,1,-1