Accident_Index,Vehicle_Reference,Vehicle_Type,Towing_and_Articulation,Vehicle_Manoeuvre,Vehicle_Location-Restricted_Lane,Junction_Location,Skidding_and_Overturning,Hit_Object_in_Carriageway,Vehicle_Leaving_Carriageway,Hit_Object_off_Carriageway,1st_Point_of_Impact,Was_Vehicle_Left_Hand_Drive?,Journey_Purpose_of_Driver,Sex_of_Driver,Age_of_Driver,Age_Band_of_Driver,Engine_Capacity_(CC),Propulsion_Code,Age_of_Vehicle,Driver_IMD_Decile,Driver_Home_Area_Type,Vehicle_IMD_Decile
201514A040115,1,9,0,18,0,6,0,0,0,0,1,1,1,1,30,6,-1,-1,-1,-1,1,-1
201514A040115,2,1,0,18,0,1,0,0,0,0,1,1,2,2,20,4,-1,-1,-1,-1,1,-1
201514A040315,1,9,0,18,0,8,0,0,0,0,2,1,2,1,25,5,1686,2,10,-1,1,-1
201514A040315,2,9,0,9,0,6,0,0,0,0,1,1,6,1,33,6,-1,-1,-1,-1,1,-1
201514A040415,1,3,0,16,0,0,1,0,7,2,1,1,6,1,21,5,-1,-1,-1,-1,2,-1
201514A040515,1,9,0,4,0,0,0,0,0,0,1,1,2,2,24,5,1390,1,4,-1,1,-1
201514A041015,1,9,0,18,0,8,1,0,0,0,1,1,6,1,20,4,1995,2,10,-1,3,-1
201514A041015,2,9,0,18,0,4,0,0,0,0,2,1,6,1,38,7,1598,1,8,-1,2,-1
201514A041415,1,9,0,18,0,2,0,0,0,0,4,1,6,1,28,6,1998,2,11,-1,1,-1
201514A042215,1,9,0,2,0,2,0,0,0,0,1,1,6,1,48,8,998,1,8,-1,1,-1
201514A042215,2,9,0,1,0,2,0,0,0,0,2,1,6,3,-1,-1,1598,1,7,-1,-1,-1
201514A042415,1,9,0,18,0,0,0,0,0,0,1,1,6,1,78,11,1584,1,9,-1,1,-1
201514A042815,1,9,0,18,0,2,0,0,0,0,1,1,6,1,71,10,1560,2,4,-1,1,-1
201514A043315,1,19,0,9,0,5,0,0,0,0,1,1,6,1,39,7,2148,2,8,-1,1,-1
201514A043315,2,3,0,18,0,8,0,0,0,0,1,1,6,1,17,4,125,1,6,-1,2,-1
201514A043715,1,9,0,6,8,8,0,0,0,0,1,1,6,1,76,11,2179,2,2,-1,1,-1
201514A043715,2,9,0,18,0,8,0,0,0,0,1,1,6,2,23,5,1968,2,6,-1,1,-1
201514A043815,1,9,0,18,0,1,2,0,3,9,1,1,6,1,19,4,1149,1,13,-1,1,-1
201514A043915,1,9,0,17,0,8,0,0,0,0,1,1,6,2,52,8,1149,1,15,-1,1,-1
201514A043915,2,9,0,16,0,8,0,0,0,0,1,1,6,3,-1,-1,-1,-1,-1,-1,-1,-1
201514A044215,1,9,0,9,0,5,0,4,0,0,1,1,1,1,34,6,1364,1,-1,-1,1,-1
201514A044215,2,90,0,2,0,2,0,0,0,0,2,1,6,1,31,6,4800,2,7,-1,1,-1
201514A044915,1,9,0,1,0,1,0,0,0,0,2,1,6,3,-1,-1,-1,-1,-1,-1,1,-1
201514A045315,1,9,0,9,0,6,0,0,0,0,1,1,6,1,24,5,1799,1,10,-1,1,-1
201514A045315,2,9,0,1,0,8,0,0,0,0,1,1,6,1,21,5,1598,2,1,-1,1,-1
201514A045515,1,9,0,18,0,8,0,0,0,0,1,1,1,2,21,5,1299,1,10,-1,1,-1
201514A045615,1,9,0,16,0,0,1,0,7,11,1,1,2,1,56,9,2497,1,13,-1,3,-1
201514A046415,1,9,0,18,0,0,0,0,0,0,4,1,1,1,46,8,1199,1,14,-1,1,-1
201514A047015,1,9,0,18,0,0,1,0,0,0,1,1,6,1,23,5,1198,1,-1,-1,1,-1
201514A047015,2,9,0,2,0,0,0,0,0,0,2,1,6,2,41,7,1392,1,16,-1,1,-1
201514A047015,3,9,0,2,0,0,0,0,0,0,2,1,6,2,42,7,1560,2,10,-1,1,-1
201514A047415,1,9,0,18,0,0,0,0,0,0,1,1,6,2,34,6,1598,1,12,-1,1,-1
201514A047415,2,9,0,18,0,0,0,0,0,0,1,1,6,2,32,6,1242,1,7,-1,1,-1
201514A047615,1,1,0,18,0,0,0,0,0,0,3,1,6,2,37,7,-1,-1,-1,-1,1,-1
201514A047615,2,19,0,13,0,0,0,0,0,0,4,1,6,3,-1,-1,-1,-1,-1,-1,-1,-1
201514A047815,1,1,0,18,0,4,0,0,0,0,4,1,6,1,29,6,-1,-1,-1,-1,1,-1
201514A047815,2,9,0,7,0,4,0,0,0,0,1,1,6,1,26,6,1360,1,11,-1,1,-1
201514A048015,1,4,0,9,0,6,1,0,0,0,0,1,6,1,61,9,400,1,21,-1,1,-1
201514A048015,2,9,3,7,0,5,0,0,0,0,0,1,6,2,58,9,2995,1,12,-1,2,-1
201514A048215,1,11,0,4,0,1,0,0,0,0,0,1,6,1,49,8,4500,2,4,-1,1,-1
201514A048315,1,9,0,9,0,8,0,0,0,0,1,1,2,2,24,5,1598,1,4,-1,1,-1
201514A048315,2,9,0,18,0,8,0,0,0,0,3,1,6,2,22,5,1360,1,8,-1,1,-1
201514A048515,1,9,0,18,0,0,0,0,0,0,1,1,6,3,-1,-1,-1,-1,-1,-1,1,-1
201514A048815,1,9,0,9,0,8,0,0,0,0,2,1,6,1,67,10,1242,1,4,-1,2,-1
201514A048815,2,9,0,18,0,4,0,0,0,0,1,1,6,2,41,7,1360,1,10,-1,1,-1
201514A049015,1,9,0,4,0,0,0,0,0,0,1,1,6,2,26,6,-1,-1,-1,-1,1,-1
201514A049015,2,9,0,4,0,0,0,0,0,0,2,1,2,2,64,9,1997,2,7,-1,1,-1
201514A049815,1,9,0,9,0,5,0,0,0,0,1,1,6,2,20,4,2179,2,2,-1,1,-1
201514A049815,2,9,0,18,0,1,0,0,0,0,1,1,6,1,40,7,1999,2,12,-1,1,-1
201514A049815,3,9,0,8,0,1,0,0,0,0,1,1,1,1,28,6,1868,2,15,-1,1,-1
201514A050215,1,9,0,9,0,5,0,0,0,0,3,1,6,1,52,8,2204,2,11,-1,2,-1
201514A050215,2,9,0,18,0,1,0,0,0,0,1,1,6,1,32,6,-1,-1,-1,-1,1,-1
201514A050415,1,19,0,5,8,6,0,0,0,0,1,1,6,1,29,6,-1,-1,-1,-1,1,-1
201514A050415,2,19,0,17,0,8,0,0,0,0,1,1,6,1,29,6,1997,2,1,-1,1,-1
201514A050515,1,9,0,11,0,0,2,10,1,10,1,1,6,1,38,7,1398,2,6,-1,1,-1
201514A050815,1,1,0,14,0,0,0,8,0,0,2,1,6,1,31,6,-1,-1,-1,-1,1,-1
201514A050815,2,8,0,2,0,0,0,0,0,0,3,1,6,3,-1,-1,-1,-1,-1,-1,-1,-1
201514A051415,1,9,0,4,0,0,0,7,5,6,2,1,1,2,38,7,2776,2,8,-1,1,-1
201514A051415,2,9,0,18,0,0,0,0,0,0,1,1,1,2,39,7,1997,2,3,-1,1,-1
201514A051515,1,9,0,18,0,1,0,0,0,0,1,1,6,1,46,8,-1,-1,-1,-1,1,-1
201514A052115,1,9,0,18,0,1,1,0,0,0,1,1,6,1,29,6,1910,2,10,-1,1,-1
201514A052115,2,9,0,3,0,1,0,0,0,0,2,1,6,1,44,7,-1,-1,-1,-1,1,-1
201514A052115,3,9,0,3,0,8,0,0,0,0,2,1,6,1,39,7,1997,2,1,-1,1,-1
201514A052215,1,9,0,18,0,1,0,0,0,0,1,1,1,1,31,6,-1,-1,-1,-1,1,-1
201514A052215,2,9,0,2,0,1,0,0,0,0,1,1,6,2,26,6,1896,2,8,-1,1,-1
201514A052615,1,9,0,3,0,0,0,0,0,0,2,1,2,1,46,8,1968,2,7,-1,1,-1
201514A052615,2,9,0,18,0,0,0,0,0,0,1,1,2,2,20,4,998,1,10,-1,2,-1
201514A052715,1,9,0,18,0,8,0,0,0,0,4,1,6,1,29,6,2000,2,4,-1,1,-1
201514A052715,2,9,0,9,0,6,0,0,0,0,1,1,6,1,21,5,1995,2,5,-1,1,-1
201514A052815,1,9,0,13,0,1,0,0,0,0,1,1,6,1,28,6,2143,2,-1,-1,1,-1
201514A052815,2,9,0,18,0,1,0,0,0,0,3,1,6,2,30,6,1870,2,5,-1,1,-1
201514A052815,3,9,0,18,0,1,0,0,0,0,1,1,6,2,55,8,1590,1,12,-1,2,-1
201514A052815,4,9,0,18,0,1,0,0,0,0,3,1,6,1,37,7,1910,2,9,-1,1,-1
201514A053115,1,9,0,18,0,0,0,0,0,0,4,1,1,1,60,9,1686,2,6,-1,2,-1
201514A053115,2,9,0,12,0,0,0,0,4,6,3,1,1,1,28,6,2982,2,3,-1,3,-1
201514A053215,1,1,0,18,0,6,0,0,0,0,4,1,2,2,35,6,-1,-1,-1,-1,1,-1
201514A053215,2,5,0,18,0,2,0,0,0,0,1,1,6,1,65,9,1170,1,1,-1,1,-1
201514A053915,1,8,0,18,0,2,0,0,0,0,4,1,1,1,36,7,1798,1,8,-1,1,-1
201514A054115,1,9,0,18,0,0,0,0,0,0,1,1,6,2,50,8,1242,1,1,-1,1,-1
201514A054215,1,9,0,5,0,2,0,0,7,11,1,1,6,2,18,4,1299,1,10,-1,1,-1
201514A054715,1,22,0,18,9,2,0,0,0,0,1,1,6,1,60,9,-1,-1,-1,-1,1,-1
201514A054815,1,19,0,4,0,8,0,0,0,0,3,1,6,1,37,7,1868,2,14,-1,1,-1
201514A054815,2,1,0,18,0,8,0,0,0,0,3,1,6,1,8,2,-1,-1,-1,-1,1,-1
201514A055215,1,9,0,18,0,0,0,0,0,0,2,1,6,2,32,6,1956,2,1,-1,1,-1
201514A055215,2,9,0,18,0,0,0,0,0,0,1,1,6,1,39,7,1560,2,2,-1,2,-1
201514A055315,1,9,0,12,0,2,0,0,0,0,3,1,6,3,-1,-1,-1,-1,-1,-1,-1,-1
201514A055315,2,9,0,18,0,2,2,0,0,0,4,1,6,2,21,5,1364,1,8,-1,2,-1
201514A055315,3,21,0,18,0,2,0,0,0,0,1,1,1,1,51,8,16160,2,1,-1,1,-1
201514A055515,1,3,0,18,0,0,0,0,0,0,1,1,6,1,65,9,85,1,18,-1,1,-1
201514A055715,1,9,0,18,0,0,0,0,0,0,1,1,2,1,24,5,-1,-1,-1,-1,1,-1
201514A055715,2,9,0,18,0,0,0,0,0,0,1,1,2,1,25,5,1242,1,11,-1,1,-1
201514A055815,1,9,0,2,0,0,0,0,0,0,2,1,6,1,20,4,-1,-1,-1,-1,1,-1
201514A055815,2,21,1,18,0,0,0,0,0,0,1,1,1,1,46,8,10837,2,3,-1,3,-1
201514A056115,1,9,0,7,0,5,0,0,0,0,2,1,6,2,47,8,1229,1,5,-1,2,-1
201514A056115,2,9,0,18,0,1,0,0,0,0,1,1,6,3,-1,-1,-1,-1,-1,-1,-1,-1
201514A056315,1,9,0,10,0,8,0,0,0,0,2,1,6,1,42,7,-1,-1,-1,-1,1,-1
201514A056315,2,9,0,18,0,1,0,0,0,0,1,1,6,1,36,7,2495,2,15,-1,1,-1
201514A056515,1,9,0,9,0,8,0,0,0,0,1,1,6,1,72,10,1242,1,9,-1,2,-1
201514A056515,2,1,0,18,0,8,0,0,0,0,3,1,6,2,48,8,-1,-1,-1,-1,2,-1
201514A056615,1,10,0,18,0,0,0,0,0,0,4,1,1,1,72,10,-1,-1,-1,-1,3,-1
201514A056815,1,9,0,10,0,1,0,0,0,0,2,1,1,1,63,9,1686,2,14,-1,1,-1
201514A056815,2,9,0,18,0,1,0,0,0,0,1,1,6,1,86,11,998,1,11,-1,1,-1
201514A056915,1,9,0,5,0,8,0,0,0,0,3,1,6,1,26,6,1797,8,6,-1,1,-1
201514A056915,2,9,0,13,0,8,0,0,0,0,4,1,2,1,34,6,1794,1,12,-1,1,-1
201514A057015,1,11,0,18,2,0,0,0,0,0,1,1,1,1,45,7,-1,-1,-1,-1,1,-1
201514A057015,2,9,0,12,2,0,0,0,0,0,2,1,6,1,19,4,1328,1,8,-1,1,-1
201514A057515,1,9,0,5,0,3,0,0,0,0,2,1,6,2,39,7,1242,1,10,-1,1,-1
201514A057515,2,9,0,5,0,3,0,0,0,0,1,1,6,1,67,10,1596,1,13,-1,3,-1
201514A057615,1,9,0,9,0,6,0,0,0,0,3,1,1,2,29,6,1461,2,5,-1,1,-1
201514A057615,2,1,0,18,0,8,0,0,0,0,1,1,6,1,41,7,-1,-1,-1,-1,1,-1
201514A057715,1,1,0,18,0,8,0,0,0,0,1,1,6,1,9,2,-1,-1,-1,-1,1,-1
201514A057715,2,9,0,9,0,5,0,0,0,0,3,1,6,2,19,4,1242,1,2,-1,1,-1
201514A058015,1,9,0,18,0,0,2,10,0,3,1,1,2,1,24,5,1598,1,11,-1,1,-1
201514A058415,1,9,0,5,0,8,1,0,0,0,1,1,1,1,37,7,998,1,5,-1,1,-1
201514A058415,2,1,0,17,2,8,0,0,0,0,4,1,2,1,21,5,-1,-1,-1,-1,1,-1
201514A058715,1,9,0,18,0,0,0,0,0,0,4,1,6,1,24,5,1796,1,12,-1,1,-1
201514A058815,1,9,0,5,0,2,0,0,0,0,3,1,1,1,56,9,1968,2,6,-1,1,-1
201514A058915,1,9,0,3,0,1,0,0,0,0,2,1,1,1,46,8,1986,2,8,-1,1,-1
201514A058915,2,9,0,18,0,1,0,0,0,0,1,1,6,3,-1,-1,1497,1,12,-1,1,-1
201514A059015,1,9,0,9,0,8,0,0,7,3,1,1,6,2,28,6,1299,1,13,-1,1,-1
201514A059315,1,4,0,14,0,0,0,0,0,0,1,1,6,1,44,7,-1,-1,-1,-1,1,-1
201514A059315,2,9,0,6,0,0,0,0,0,0,1,1,2,2,40,7,1461,2,10,-1,1,-1
201514A059415,1,9,0,18,0,1,0,0,0,0,2,1,6,2,33,6,1995,2,10,-1,2,-1
201514A059415,2,9,0,18,0,1,0,0,0,0,1,1,6,1,19,4,1149,1,10,-1,2,-1
201514A059515,1,9,0,13,0,0,0,0,0,0,4,1,6,1,21,5,1248,2,8,-1,1,-1
201514A059515,2,1,0,18,0,0,0,0,0,0,2,1,6,1,38,7,-1,-1,-1,-1,1,-1
201514A059615,1,9,0,18,0,0,0,0,0,0,4,1,6,1,35,6,1956,2,4,-1,1,-1
201514A059615,2,1,0,18,0,0,0,0,0,0,3,1,6,1,55,8,-1,-1,-1,-1,1,-1
201514A059715,1,5,0,18,0,0,0,0,2,11,1,1,6,3,-1,-1,-1,-1,-1,-1,1,-1
201514A059815,1,9,0,18,0,1,0,0,0,0,1,1,6,2,51,8,1386,1,8,-1,1,-1
201514A059815,2,9,0,3,0,1,0,0,0,0,2,1,6,1,41,7,2720,2,6,-1,1,-1
201514A059915,1,9,0,18,0,8,0,0,0,0,4,1,2,1,20,4,1399,2,10,-1,1,-1
201514A059915,2,9,0,9,0,6,0,0,0,0,1,1,6,2,30,6,973,1,13,-1,1,-1
201514A060415,1,5,0,18,0,0,1,0,0,0,0,1,6,1,30,6,592,1,26,-1,1,-1
201514A060615,1,8,0,18,0,0,0,0,0,0,1,1,1,3,42,7,1753,2,9,-1,1,-1
201514A060615,2,9,0,3,0,0,0,0,0,0,2,1,6,3,65,9,1598,1,3,-1,1,-1
201514A060915,1,9,0,18,0,2,0,0,0,0,1,1,6,3,-1,-1,-1,-1,-1,-1,1,-1
201514A061215,1,9,0,18,0,1,0,0,0,0,4,1,1,2,25,5,1388,1,6,-1,1,-1
201514A061515,1,9,0,2,0,0,0,0,0,0,2,1,6,1,37,7,2184,2,12,-1,1,-1
201514A061515,2,19,0,18,0,0,0,0,0,0,2,1,6,1,37,7,2496,2,17,-1,1,-1
201514A061515,3,9,0,18,0,0,0,0,0,0,1,1,6,1,37,7,-1,-1,-1,-1,1,-1
201514A062015,1,9,0,1,0,0,0,0,0,0,2,1,6,1,30,6,-1,-1,-1,-1,1,-1
201514A062015,2,1,0,18,0,0,0,0,0,0,1,1,6,1,3,1,-1,-1,-1,-1,1,-1
201514A062115,1,9,0,9,0,8,0,0,0,0,2,1,6,2,49,8,-1,-1,-1,-1,1,-1
201514A062115,2,9,0,18,0,8,1,0,0,0,1,1,6,1,68,10,2435,1,17,-1,1,-1
201514A062215,1,9,0,9,0,6,0,0,0,0,4,1,2,1,25,5,1497,1,13,-1,1,-1
201514A062215,2,9,0,18,0,1,0,0,0,0,3,1,2,1,22,5,1896,2,13,-1,1,-1
201514A062415,1,9,0,18,0,8,0,0,0,0,4,1,6,2,33,6,1149,1,12,-1,1,-1
201514A062415,2,9,0,7,0,6,0,0,0,0,1,1,6,1,35,6,3200,2,16,-1,1,-1
201514A062515,1,21,0,12,0,0,0,0,0,0,3,1,1,1,23,5,-1,-1,-1,-1,-1,-1
201514A062515,2,9,0,18,0,0,0,0,4,6,4,1,6,2,44,7,1998,2,6,-1,1,-1
201514A062615,1,9,0,18,0,0,0,0,0,0,4,1,6,3,-1,-1,-1,-1,-1,-1,1,-1
201514A062815,1,9,0,18,0,0,0,0,0,0,4,1,1,1,54,8,2987,2,7,-1,1,-1
201514A063515,1,9,0,18,0,0,0,0,0,0,4,1,2,1,26,6,1798,1,7,-1,1,-1
201514A063715,1,9,0,9,0,8,0,0,0,0,4,1,6,1,28,6,1870,2,12,-1,1,-1
201514A063715,2,9,0,18,0,8,0,0,0,0,1,1,6,1,51,8,2198,2,10,-1,1,-1
201514A063815,1,9,0,18,0,8,0,0,0,0,1,1,6,1,38,7,1998,1,8,-1,1,-1
201514A063815,2,9,0,18,0,8,0,0,0,0,4,1,6,2,41,7,1968,2,8,-1,1,-1
201514A064015,1,9,0,18,0,1,0,0,0,0,1,1,6,1,73,10,1598,1,4,-1,1,-1
201514A064015,2,21,0,2,0,1,0,0,0,0,2,1,1,1,45,7,12130,2,11,-1,1,-1
201514A064115,1,9,0,18,0,8,0,0,0,0,1,1,6,1,37,7,2521,1,11,-1,1,-1
201514A064115,2,9,0,18,0,4,0,0,0,0,3,1,2,2,35,6,1596,1,7,-1,1,-1
201514A064415,1,9,0,18,0,6,0,0,3,10,1,1,6,2,27,6,-1,-1,-1,-1,1,-1
201514A064415,2,9,0,18,0,8,0,0,0,0,1,1,6,1,26,6,-1,-1,-1,-1,1,-1
201514A064415,3,9,0,18,0,1,0,0,0,0,1,1,6,1,52,8,1390,1,9,-1,1,-1
201514A064715,1,9,0,3,0,0,0,0,0,0,2,1,1,1,53,8,1968,2,9,-1,1,-1
201514A064715,2,9,0,18,0,0,0,0,0,0,1,1,6,3,-1,-1,-1,-1,-1,-1,-1,-1
201514A064915,1,9,0,18,0,0,5,0,1,3,1,1,6,1,28,6,1596,1,11,-1,2,-1
201514A065315,1,9,0,4,0,0,0,0,0,0,2,1,2,1,45,7,1968,2,3,-1,1,-1
201514A065315,2,9,0,4,0,0,0,0,0,0,1,1,2,1,28,6,1998,1,1,-1,1,-1
201514A065315,3,9,0,4,0,0,0,0,0,0,1,1,2,1,56,9,1995,2,1,-1,3,-1
201514A065315,4,9,0,4,0,0,0,0,0,0,1,1,2,1,37,7,1598,1,6,-1,1,-1
201514A065415,1,9,0,17,0,0,0,0,0,0,1,1,6,1,52,8,1560,2,3,-1,1,-1
201514A065415,2,9,0,16,0,0,0,0,0,0,1,1,6,1,37,7,1240,1,9,-1,1,-1
201514A065715,1,1,0,4,0,0,0,0,0,0,1,1,6,1,17,4,-1,-1,-1,-1,1,-1
201514A065715,2,9,0,18,0,0,0,0,0,0,2,1,1,1,39,7,-1,-1,-1,-1,1,-1
201514A066115,1,9,0,18,0,0,0,0,0,0,1,1,3,1,33,6,1956,2,1,-1,1,-1
201514A066115,2,19,0,3,0,0,0,0,0,0,1,1,1,2,28,6,-1,-1,-1,-1,1,-1
201514A066115,3,9,0,3,0,0,0,0,0,0,2,1,2,2,81,11,995,1,5,-1,1,-1
201514A066315,1,9,0,18,0,1,0,0,0,0,1,1,6,1,44,7,1124,1,7,-1,1,-1
201514A066315,2,9,0,3,0,1,0,0,0,0,2,1,6,2,41,7,-1,-1,-1,-1,1,-1
201514A066515,1,9,0,7,0,5,0,0,0,0,4,1,2,2,24,5,1596,1,14,-1,1,-1
201514A066515,2,3,0,15,0,8,0,0,0,0,1,1,6,1,29,6,124,1,1,-1,1,-1
201514A066715,1,9,0,18,0,0,0,0,0,0,1,1,1,1,41,7,1685,2,3,-1,1,-1
201514A066715,2,9,0,4,0,0,0,0,0,0,2,1,6,1,52,8,1560,2,3,-1,3,-1
201514A066715,3,9,0,3,0,0,0,0,0,0,2,1,6,2,20,4,1910,2,8,-1,1,-1
201514A067115,1,9,0,18,0,2,0,0,0,0,3,1,6,2,71,10,1364,1,8,-1,1,-1
201514A067115,2,9,0,18,0,2,0,0,0,0,1,1,6,1,18,4,1199,1,11,-1,3,-1
201514A067215,1,9,0,17,0,0,1,0,1,7,1,1,6,1,18,4,1796,1,10,-1,1,-1
201514A067515,1,1,0,18,9,8,0,0,0,0,3,1,6,2,25,5,-1,-1,-1,-1,1,-1
201514A067515,2,9,0,7,0,6,0,0,0,0,1,1,6,3,-1,-1,-1,-1,-1,-1,-1,-1
201514A068215,1,9,0,18,0,4,0,0,0,0,1,1,6,2,53,8,998,1,-1,-1,1,-1
201514A068215,2,3,0,9,0,8,0,0,0,0,4,1,6,1,46,8,125,1,5,-1,1,-1
201514A068315,1,1,0,18,0,1,0,0,0,0,2,1,6,1,25,5,-1,-1,-1,-1,1,-1
201514A068315,2,9,0,18,0,1,0,0,0,0,1,1,6,3,-1,-1,-1,-1,-1,-1,-1,-1
201514A068415,1,9,0,3,0,2,0,0,0,0,2,1,6,1,42,7,-1,-1,-1,-1,1,-1
201514A068415,2,9,0,18,0,2,0,0,0,0,1,1,6,1,45,7,2171,1,12,-1,1,-1
201514A068515,1,9,0,18,0,0,0,0,0,0,1,1,2,1,68,10,1896,2,9,-1,1,-1
201514A068515,2,9,0,18,0,0,0,0,0,0,1,1,2,2,49,8,1198,1,11,-1,1,-1
201514A068615,1,9,0,4,0,0,0,0,0,0,1,1,2,1,20,4,1995,2,4,-1,1,-1
201514A068615,2,9,0,4,0,0,0,0,0,0,2,1,2,1,51,8,2996,1,9,-1,2,-1
201514A068715,1,9,0,3,0,1,0,0,0,0,2,1,6,1,41,7,2179,2,4,-1,1,-1
201514A068715,2,9,0,18,0,1,0,0,0,0,1,1,6,1,22,5,1368,1,5,-1,1,-1
201514A068815,1,9,0,18,0,1,0,0,0,0,4,1,6,1,33,6,1598,1,13,-1,1,-1
201514A068815,2,9,0,3,0,1,0,0,0,0,3,1,1,1,31,6,1248,2,2,-1,-1,-1
201514A068815,3,9,0,3,0,1,0,0,0,0,2,1,6,1,-1,-1,1997,2,11,-1,1,-1
201514A068815,4,9,0,3,0,1,0,0,0,0,2,1,6,1,42,7,1896,2,10,-1,1,-1
201514A068815,5,9,0,3,0,1,0,0,0,0,2,1,6,2,20,4,-1,-1,-1,-1,1,-1
201514A068815,6,9,0,3,0,1,0,0,0,0,0,1,1,1,44,7,1248,2,1,-1,-1,-1
201514A069015,1,9,0,18,0,8,0,0,0,0,1,1,6,1,30,6,1242,1,9,-1,1,-1
201514A069015,2,9,0,9,0,6,0,0,0,0,3,1,2,1,24,5,1388,1,16,-1,2,-1
201514A069115,1,9,0,9,0,8,0,0,0,0,1,1,6,1,19,4,1596,1,11,-1,1,-1
201514A069315,1,9,0,3,0,0,0,0,0,0,2,1,6,2,48,8,1390,1,12,-1,3,-1
201514A069315,2,9,0,4,0,0,1,0,0,0,1,1,3,2,41,7,1997,2,8,-1,3,-1
201514A069415,1,9,0,18,0,0,0,0,1,11,1,1,6,1,64,9,1686,2,10,-1,3,-1
201514A069515,1,9,0,9,0,5,0,0,0,0,1,1,6,2,30,6,2496,2,12,-1,1,-1
201514A069515,2,9,0,18,0,1,0,0,0,0,1,1,6,1,42,7,1598,1,10,-1,1,-1
201514A069815,1,9,0,4,0,0,0,0,0,0,2,1,1,1,47,8,1995,2,5,-1,1,-1
201514A069815,2,9,0,4,0,0,0,0,0,0,2,1,1,1,54,8,1968,2,3,-1,1,-1
201514A069815,3,9,0,18,0,0,0,0,0,0,4,1,1,1,24,5,1781,1,14,-1,1,-1
201514A069915,1,9,0,9,0,5,0,0,0,0,1,1,6,2,29,6,1399,2,7,-1,1,-1
201514A069915,2,9,0,18,0,8,0,0,0,0,1,1,6,1,41,7,1198,1,2,-1,1,-1
201514A069915,3,9,0,3,0,1,0,0,0,0,1,1,6,1,56,9,-1,-1,-1,-1,1,-1
201514A070115,1,19,0,7,0,5,0,0,0,0,1,1,2,1,32,6,1968,2,2,-1,1,-1
201514A070215,1,9,0,16,0,0,0,0,1,10,1,1,2,1,33,6,1896,2,15,-1,1,-1
201514A070215,2,11,0,17,0,0,5,0,1,9,1,1,1,1,27,6,4249,2,6,-1,1,-1
201514A070315,1,9,0,18,0,0,1,0,0,0,1,1,6,1,28,6,973,1,16,-1,1,-1
201514A070315,2,9,0,18,0,0,0,0,0,0,1,1,2,2,45,7,1910,2,10,-1,1,-1
201514A070515,1,9,0,18,0,8,5,0,1,0,1,1,6,2,55,8,1086,1,11,-1,1,-1
201514A070515,2,9,0,9,0,6,0,0,0,0,1,1,6,2,43,7,1870,2,11,-1,1,-1
201514A070715,1,9,0,18,0,8,0,0,0,0,1,1,6,1,21,5,1275,1,17,-1,1,-1
201514A070715,2,9,0,18,0,8,0,0,0,0,3,1,1,2,70,10,1596,1,5,-1,1,-1
201514A070815,1,9,0,18,0,8,0,0,0,0,4,1,6,1,46,8,1796,1,14,-1,1,-1
201514A070815,2,9,0,18,0,6,0,0,0,0,3,1,1,1,59,9,-1,-1,-1,-1,1,-1
201514A071015,1,9,0,18,0,0,0,0,0,0,1,1,6,1,59,9,1968,2,6,-1,3,-1
201514A071015,2,9,0,18,0,0,0,0,0,0,2,1,6,2,39,7,1398,2,3,-1,1,-1
201514A071015,3,9,0,18,0,0,0,0,0,0,2,1,6,1,62,9,-1,-1,-1,-1,1,-1
201514A071515,1,9,0,2,6,0,0,0,0,0,3,1,6,2,56,9,2494,1,12,-1,3,-1
201514A071515,2,21,0,18,0,0,0,8,0,0,4,1,6,1,59,9,12900,2,7,-1,1,-1
201514A071615,1,9,0,18,0,1,0,0,0,0,1,1,6,2,47,8,1560,2,3,-1,1,-1
201514A071615,2,1,0,18,0,8,0,0,0,0,1,1,6,1,20,4,-1,-1,-1,-1,1,-1
201514A072015,1,9,0,9,0,6,0,0,0,0,4,1,6,1,27,6,1388,1,7,-1,1,-1
201514A072015,2,9,0,18,0,1,0,0,0,0,3,1,6,2,47,8,1461,2,3,-1,2,-1
201514A072115,1,1,0,18,0,2,0,0,0,0,1,1,1,3,-1,-1,-1,-1,-1,-1,1,-1
201514A072215,1,9,0,7,0,5,0,0,0,0,1,1,1,1,33,6,998,1,13,-1,1,-1
201514A072415,1,9,0,17,0,0,1,0,0,0,1,1,6,1,46,8,-1,-1,-1,-1,1,-1
201514A072415,2,21,0,2,0,0,0,0,0,0,2,1,1,1,33,6,-1,-1,-1,-1,-1,-1
201514A072615,1,21,0,18,0,0,0,0,0,0,3,1,1,1,56,9,10837,2,2,-1,1,-1
201514A072615,2,9,0,18,0,0,0,0,0,0,3,1,1,3,-1,-1,-1,-1,-1,-1,-1,-1
201514A072715,1,9,0,18,0,8,0,0,0,0,4,1,6,1,69,10,2143,2,2,-1,1,-1
201514A073415,1,9,0,3,0,1,0,0,0,0,2,1,6,2,38,7,1461,2,10,-1,1,-1
201514A073415,2,9,0,4,0,1,0,0,0,0,1,1,1,1,38,7,1896,2,12,-1,1,-1
201514A073515,1,9,0,4,0,1,0,0,0,0,2,1,6,1,54,8,1956,2,4,-1,1,-1