Accident_Index,Vehicle_Reference,Vehicle_Type,Towing_and_Articulation,Vehicle_Manoeuvre,Vehicle_Location-Restricted_Lane,Junction_Location,Skidding_and_Overturning,Hit_Object_in_Carriageway,Vehicle_Leaving_Carriageway,Hit_Object_off_Carriageway,1st_Point_of_Impact,Was_Vehicle_Left_Hand_Drive?,Journey_Purpose_of_Driver,Sex_of_Driver,Age_of_Driver,Age_Band_of_Driver,Engine_Capacity_(CC),Propulsion_Code,Age_of_Vehicle,Driver_IMD_Decile,Driver_Home_Area_Type,Vehicle_IMD_Decile
201514A073515,2,9,0,18,0,1,0,0,0,0,1,1,6,2,28,6,1400,1,10,-1,1,-1
201514A073815,1,9,0,18,0,6,0,0,0,0,1,1,6,2,23,5,1299,1,11,-1,1,-1
201514A073815,2,9,0,18,0,8,0,0,0,0,1,1,6,2,79,11,998,1,15,-1,1,-1
201514A073915,1,9,0,4,0,0,1,0,0,0,1,1,6,1,28,6,1497,8,1,-1,1,-1
201514A073915,2,9,0,4,0,0,0,0,0,0,2,1,6,1,32,6,1560,2,8,-1,1,-1
201514A073915,3,9,0,3,0,0,0,0,0,0,2,1,1,1,41,7,-1,-1,-1,-1,1,-1
201514A074215,1,9,0,17,0,8,0,0,0,0,4,1,6,2,27,6,1229,1,3,-1,1,-1
201514A074215,2,8,0,9,0,6,0,0,0,0,1,1,1,1,65,9,1794,1,14,-1,1,-1
201514A074315,1,1,0,18,0,1,0,0,0,0,3,1,6,1,41,7,-1,-1,-1,-1,1,-1
201514A074315,2,9,0,18,0,1,0,0,0,0,1,1,6,3,-1,-1,-1,-1,-1,-1,-1,-1
201514A074815,1,9,0,18,0,2,1,0,0,0,1,1,6,1,23,5,2393,1,12,-1,1,-1
201514A074815,2,9,0,18,0,2,2,0,0,0,2,1,1,1,39,7,-1,-1,-1,-1,1,-1
201514A075215,1,9,0,3,0,0,0,0,0,0,2,1,2,1,32,6,-1,-1,-1,-1,1,-1
201514A075215,2,21,0,5,0,0,0,0,0,0,1,1,1,1,30,6,11967,2,5,-1,1,-1
201514A075515,1,9,0,18,0,1,0,0,0,0,1,1,2,1,26,6,1242,1,13,-1,1,-1
201514A075515,2,9,0,9,0,6,0,0,0,0,4,1,6,1,74,10,1199,1,11,-1,1,-1
201514A075915,1,9,0,4,0,4,0,0,0,0,1,1,6,1,42,7,1798,1,10,-1,1,-1
201514A075915,2,19,0,3,0,4,0,0,0,0,2,1,1,1,43,7,2198,2,1,-1,1,-1
201514A076115,1,9,0,4,0,0,0,0,0,0,1,1,6,2,41,7,1598,1,4,-1,1,-1
201514A076115,2,9,0,4,0,0,0,0,0,0,2,1,1,1,43,7,-1,-1,-1,-1,2,-1
201514A076615,1,11,0,18,2,1,0,0,0,0,3,1,1,1,48,8,6871,2,17,-1,1,-1
201514A076615,2,9,0,7,0,1,0,0,0,0,4,1,1,1,27,6,-1,-1,-1,-1,1,-1
201514A076715,1,9,0,3,0,0,0,0,0,0,2,1,6,1,43,7,1968,2,6,-1,1,-1
201514A076715,2,9,0,18,0,0,0,0,0,0,1,1,6,1,28,6,1968,2,3,-1,1,-1
201514A076815,1,9,0,7,0,2,0,0,0,0,1,1,6,3,-1,-1,-1,-1,-1,-1,1,-1
201514A076915,1,9,0,18,0,1,0,0,0,0,4,1,2,2,65,9,-1,-1,-1,-1,1,-1
201514A077115,1,19,0,18,0,1,0,0,0,0,0,1,1,1,40,7,-1,-1,-1,-1,1,-1
201514A077515,1,9,0,18,0,1,0,0,0,0,1,1,6,2,52,8,2179,2,6,-1,3,-1
201514A077515,2,9,0,18,0,1,0,0,0,0,1,1,1,3,-1,-1,-1,-1,-1,-1,-1,-1
201514A077615,1,9,0,18,0,8,0,0,0,0,1,1,6,1,47,8,998,1,4,-1,1,-1
201514A077615,2,9,0,18,0,8,0,0,0,0,1,1,6,1,29,6,1149,1,12,-1,1,-1
201514A077715,1,9,0,17,0,2,0,0,0,0,3,1,6,2,44,7,1995,2,7,-1,1,-1
201514A077715,2,9,0,6,0,2,0,0,0,0,3,1,6,1,45,7,998,1,1,-1,1,-1
201514A078415,1,9,0,17,0,8,0,6,0,0,1,1,6,2,29,6,1587,1,10,-1,2,-1
201514A078715,1,9,0,18,0,8,0,0,0,0,3,1,6,2,19,4,1598,2,4,-1,1,-1
201514A078715,2,9,0,18,0,8,0,0,0,0,1,1,6,2,75,10,1598,1,-1,-1,1,-1
201514A079215,1,9,0,14,0,0,0,0,0,0,4,1,6,3,-1,-1,-1,-1,-1,-1,1,-1
201514A079315,1,1,0,18,0,8,0,0,0,0,2,1,4,1,16,4,-1,-1,-1,-1,1,-1
201514A079315,2,9,0,18,0,8,0,0,0,0,1,1,6,3,-1,-1,-1,-1,-1,-1,-1,-1
201514A079415,1,9,0,18,0,0,0,0,0,0,1,1,1,1,30,6,998,1,13,-1,1,-1
201514A079415,2,9,0,18,0,0,0,0,0,0,1,1,6,3,-1,-1,-1,-1,-1,-1,-1,-1
201514A079815,1,9,0,18,0,1,1,0,0,0,1,1,6,1,23,5,-1,-1,-1,-1,1,-1
201514A079815,2,9,0,3,0,1,0,0,0,0,2,1,6,2,22,5,1386,1,12,-1,1,-1
201514A080615,1,9,0,4,0,0,0,0,0,0,2,1,6,2,23,5,1598,2,4,-1,3,-1
201514A080615,2,9,0,4,0,0,0,0,0,0,2,1,6,1,47,8,1910,2,7,-1,1,-1
201514A080615,3,9,0,18,0,0,0,0,0,0,1,1,6,1,70,10,1995,2,1,-1,1,-1
201514A080715,1,9,0,4,0,0,0,0,0,0,2,1,6,1,22,5,1598,1,9,-1,1,-1
201514A080715,2,9,0,4,0,0,1,0,0,0,2,1,6,2,23,5,1995,2,1,-1,2,-1
201514A080715,3,9,0,4,0,0,1,0,0,0,1,1,6,2,42,7,2982,2,12,-1,1,-1
201514A081015,1,9,0,9,0,1,0,0,0,0,3,1,6,2,55,8,1399,2,6,-1,2,-1
201514A081015,2,5,0,14,0,8,1,0,7,0,1,1,6,1,52,8,645,1,1,-1,1,-1
201514A081315,1,9,0,3,0,1,0,0,0,0,2,1,2,2,44,7,1390,1,9,-1,1,-1
201514A081315,2,9,0,18,0,1,0,0,0,0,1,1,1,2,35,6,1242,1,15,-1,1,-1
201514A081515,1,9,0,18,0,0,0,0,0,0,1,1,6,1,22,5,1598,1,10,-1,3,-1
201514A081515,2,1,0,18,0,0,0,0,0,0,1,1,6,1,39,7,-1,-1,-1,-1,1,-1
201514A081615,1,9,0,7,0,3,1,0,0,0,2,1,6,2,39,7,1461,2,9,-1,1,-1
201514A081615,2,19,0,18,0,4,0,0,0,0,1,1,6,3,-1,-1,2198,2,4,-1,-1,-1
201514A081715,1,9,0,18,0,8,0,0,0,0,1,1,2,1,44,7,1686,2,1,-1,2,-1
201514A081715,2,9,0,9,0,5,0,0,0,0,4,1,2,2,39,7,1398,1,13,-1,1,-1
201514A082415,1,2,0,18,9,0,1,0,0,0,1,1,6,3,-1,-1,-1,-1,-1,-1,1,-1
201514A082515,1,9,0,18,0,1,0,0,0,0,1,1,6,1,75,10,1299,1,15,-1,2,-1
201514A082515,2,9,0,9,0,1,0,0,0,0,2,1,6,2,64,9,1560,2,3,-1,3,-1
201514A082815,1,9,0,18,0,0,1,0,5,7,2,1,6,1,55,8,1968,2,-1,-1,1,-1
201514A082815,2,9,0,18,0,0,0,0,0,0,1,1,6,2,36,7,1598,1,10,-1,1,-1
201514A083015,1,9,0,18,0,3,1,0,1,2,3,1,6,1,28,6,1149,1,9,-1,1,-1
201514A083115,1,9,0,17,0,8,1,0,0,0,1,1,6,1,64,9,1870,2,13,-1,1,-1
201514A083115,2,11,0,17,2,8,0,0,0,0,3,1,1,1,52,8,7300,2,13,-1,1,-1
201514A083215,1,9,0,3,0,0,0,0,0,0,2,1,1,1,50,8,-1,-1,-1,-1,1,-1
201514A083215,2,9,0,18,0,0,0,0,0,0,1,1,1,1,40,7,-1,-1,-1,-1,1,-1
201514A083415,1,9,0,18,0,8,0,0,0,0,3,1,6,1,34,6,1299,1,16,-1,1,-1
201514A083415,2,21,0,18,0,8,0,0,0,0,4,1,6,1,55,8,12130,2,11,-1,1,-1
201514A083915,1,9,0,18,0,2,0,0,7,0,4,1,6,1,52,8,1799,1,9,-1,1,-1
201514A083915,2,9,0,5,0,2,0,0,0,0,3,1,6,2,20,4,1390,1,5,-1,1,-1
201514A084215,1,9,0,9,0,1,0,0,0,0,3,1,1,1,38,7,1560,2,-1,-1,1,-1
201514A084215,2,2,0,9,0,1,0,10,0,0,4,1,2,1,19,4,49,1,9,-1,1,-1
201514A084315,1,9,0,7,0,5,0,0,0,0,3,1,6,3,-1,-1,-1,-1,-1,-1,1,-1
201514A084415,1,9,0,9,0,6,0,0,0,0,3,1,6,1,20,4,1951,2,13,-1,3,-1
201514A084415,2,9,0,18,0,8,0,0,0,0,1,1,6,1,49,8,1598,2,1,-1,3,-1
201514A084815,1,9,0,18,0,2,0,0,0,0,1,1,6,1,28,6,-1,-1,-1,-1,1,-1
201514A084815,2,9,0,2,0,2,0,0,0,0,1,1,6,2,37,7,1461,2,11,-1,1,-1
201514A085215,1,1,0,9,0,8,0,0,0,0,2,1,6,2,55,8,-1,-1,-1,-1,1,-1
201514A085215,2,9,0,18,0,8,0,0,0,0,1,1,6,3,-1,-1,-1,-1,-1,-1,-1,-1
201514A085915,1,9,0,4,0,1,0,0,0,0,1,1,6,2,35,6,1995,2,10,-1,1,-1
201514A085915,2,9,0,4,0,1,0,0,0,0,2,1,6,1,42,7,1951,2,11,-1,1,-1
201514A085915,3,9,0,4,0,1,0,0,0,0,2,1,6,2,59,9,2179,2,7,-1,3,-1
201514A085915,4,9,0,4,0,1,0,0,0,0,2,1,6,1,41,7,1995,2,6,-1,1,-1
201514A086415,1,9,0,9,0,5,0,0,0,0,1,1,2,1,19,4,1390,1,12,-1,1,-1
201514A086415,2,3,0,18,0,1,0,0,0,0,1,1,1,1,42,7,124,1,1,-1,3,-1
201514A086615,1,9,0,18,0,1,0,0,0,0,4,1,2,2,25,5,1299,1,13,-1,2,-1
201514A086615,2,1,0,18,0,1,0,0,0,0,1,1,6,1,14,3,-1,-1,-1,-1,1,-1
201514A087115,1,9,0,6,0,5,0,0,0,0,1,1,6,2,42,7,1587,1,10,-1,1,-1
201514A087215,1,9,0,17,0,0,5,0,1,9,1,1,1,2,50,8,1998,1,10,-1,1,-1
201514A087215,2,9,0,16,0,0,0,0,0,0,0,1,6,3,-1,-1,-1,-1,-1,-1,-1,-1
201514A087315,1,9,0,18,0,0,0,0,0,0,3,1,6,2,58,9,1596,1,12,-1,1,-1
201514A087315,2,21,0,11,0,0,0,0,0,0,4,1,1,1,41,7,10518,2,3,-1,1,-1
201514A087415,1,9,0,18,0,3,1,10,1,2,4,1,6,1,21,5,1398,2,12,-1,1,-1
201514A087715,1,9,0,4,0,0,0,0,0,0,2,1,6,1,70,10,1560,2,3,-1,1,-1
201514A087715,2,3,0,18,0,0,0,0,0,0,1,1,1,1,19,4,124,1,4,-1,1,-1
201514A088115,1,9,0,18,0,1,0,0,0,0,1,1,6,1,29,6,-1,-1,-1,-1,1,-1
201514A088115,2,9,0,2,0,1,0,0,1,10,1,1,6,2,69,10,1587,1,6,-1,1,-1
201514A088215,1,9,0,7,0,3,0,0,0,0,4,1,6,1,84,11,1596,1,11,-1,1,-1
201514A088215,2,9,0,11,0,8,0,0,0,0,1,1,6,1,60,9,-1,-1,-1,-1,1,-1
201514A088315,1,9,0,18,0,2,0,0,0,0,1,1,6,2,30,6,1242,1,13,-1,1,-1
201514A088515,1,9,0,18,0,0,0,0,0,10,3,1,6,1,31,6,1398,1,1,-1,1,-1
201514A088615,1,21,1,18,0,1,2,7,4,6,4,1,1,1,33,6,10518,2,2,-1,2,-1
201514A088615,2,19,0,4,0,1,0,0,0,0,3,1,1,1,61,9,2198,2,4,-1,1,-1
201514A088715,1,9,0,18,0,8,0,0,0,0,4,1,6,2,17,4,1399,1,7,-1,3,-1
201514A088715,2,2,0,7,0,6,0,0,0,0,1,1,2,2,23,5,-1,-1,-1,-1,2,-1
201514A088915,1,9,0,18,0,0,0,11,0,0,1,1,2,2,53,8,2179,2,7,-1,3,-1
201514A088915,2,21,0,18,0,0,0,0,0,0,0,1,1,3,-1,-1,6870,2,7,-1,-1,-1
201514A089015,1,1,0,18,0,8,0,0,0,0,1,1,6,1,52,8,-1,-1,-1,-1,1,-1
201514A089015,2,9,0,18,0,8,0,0,0,0,1,1,6,3,-1,-1,-1,-1,-1,-1,-1,-1
201514A089215,1,9,0,18,0,1,0,0,0,0,1,1,6,1,45,7,1998,1,12,-1,1,-1
201514A089215,2,5,0,9,0,6,0,0,0,0,3,1,6,1,40,7,883,1,3,-1,1,-1
201514A089315,1,9,0,18,0,1,0,0,0,0,4,1,3,2,26,6,1781,1,11,-1,1,-1
201514A089515,1,9,0,18,0,1,0,0,0,0,3,1,2,2,53,8,998,1,-1,-1,1,-1
201514A089715,1,9,0,16,0,3,1,0,1,10,1,1,6,1,22,5,1995,2,6,-1,1,-1
201514A090115,1,9,0,17,0,3,1,0,0,2,3,1,6,1,21,5,-1,-1,-1,-1,1,-1
201514A090215,1,9,0,9,0,6,0,0,0,0,3,1,1,1,31,6,1560,2,3,-1,3,-1
201514A090215,2,9,0,18,0,1,0,0,0,0,1,1,2,2,20,4,1124,1,11,-1,1,-1
201514A090315,1,9,0,9,0,1,0,0,0,0,4,1,6,1,38,7,1796,1,21,-1,1,-1
201514A090315,2,9,0,15,0,1,0,0,0,0,1,1,6,1,23,5,1995,2,10,-1,3,-1
201514A090615,1,5,0,17,0,0,0,0,1,2,1,1,6,1,25,5,599,1,14,-1,1,-1
201514A090915,1,9,0,18,0,0,0,0,0,0,1,1,3,2,52,8,1390,1,15,-1,2,-1
201514A090915,2,1,0,18,0,0,0,0,0,0,3,1,6,1,49,8,-1,-1,-1,-1,1,-1
201514A091215,1,9,0,4,0,8,0,0,0,0,2,1,1,2,42,7,1598,2,2,-1,1,-1
201514A091215,2,5,0,18,0,1,1,0,0,0,1,1,1,1,31,6,847,1,-1,-1,1,-1
201514A091215,3,19,0,18,0,1,0,0,0,0,1,1,1,1,59,9,2446,2,16,-1,1,-1
201514A091615,1,11,0,4,0,0,0,0,0,0,1,1,1,3,-1,-1,-1,-1,-1,-1,2,-1
201514A091915,1,11,0,18,0,8,0,0,0,0,2,1,1,1,25,5,5883,2,13,-1,1,-1
201514A091915,2,9,0,9,0,6,0,0,0,0,1,1,6,2,29,6,1999,1,9,-1,1,-1
201514A092315,1,5,0,18,0,1,1,0,0,0,1,1,2,1,34,6,600,1,13,-1,1,-1
201514A092315,2,9,0,9,0,6,0,0,0,0,0,1,3,1,31,6,-1,-1,-1,-1,1,-1
201514A092415,1,9,0,8,0,1,0,0,0,0,1,1,6,2,-1,-1,-1,-1,-1,-1,-1,-1
201514A092415,2,1,0,18,0,1,0,0,0,0,1,1,6,1,17,4,-1,-1,-1,-1,1,-1
201514A092715,1,9,0,18,0,0,0,0,0,0,4,1,6,2,39,7,1199,1,12,-1,1,-1
201514A092715,2,1,0,18,0,0,0,0,0,0,1,1,6,1,33,6,-1,-1,-1,-1,1,-1
201514A092915,1,9,0,3,0,1,0,0,0,0,2,1,6,1,45,7,998,1,1,-1,1,-1
201514A092915,2,19,0,18,0,1,0,0,0,0,1,1,6,1,-1,-1,-1,-1,-1,-1,-1,-1
201514A093215,1,9,0,3,0,0,0,0,0,0,2,1,6,1,53,8,1968,2,1,-1,1,-1
201514A093215,2,9,0,3,0,0,0,0,0,0,2,1,6,1,53,8,1560,2,4,-1,3,-1
201514A093215,3,9,0,3,0,0,0,0,0,0,1,1,6,1,47,8,-1,-1,-1,-1,1,-1
201514A093415,1,9,0,9,0,6,0,0,0,0,1,1,1,1,54,8,1968,2,8,-1,1,-1
201514A093415,2,9,0,18,0,8,0,0,4,0,2,1,6,1,62,9,1390,1,13,-1,1,-1
201514A093815,1,5,0,18,0,8,0,0,0,0,1,1,6,1,46,8,954,1,12,-1,1,-1
201514A093815,2,9,0,6,0,8,0,0,0,0,3,1,6,1,23,5,1968,2,5,-1,1,-1
201514A093915,1,9,0,4,0,0,0,0,0,0,2,1,6,2,40,7,-1,-1,-1,-1,3,-1
201514A093915,2,9,0,18,0,0,0,0,0,0,1,1,1,1,44,7,1753,2,15,-1,1,-1
201514A094215,1,9,0,18,0,8,0,0,0,0,4,1,6,1,26,6,1388,1,7,-1,1,-1
201514A094215,2,9,0,18,0,4,0,0,0,0,3,1,6,1,48,8,2498,2,31,-1,2,-1
201514A094515,1,9,0,4,0,0,0,0,0,0,2,1,6,1,46,8,1910,2,4,-1,2,-1
201514A094515,2,9,0,18,0,0,0,0,0,0,1,1,6,2,27,6,1242,1,6,-1,1,-1
201514A094615,1,9,0,9,0,5,1,0,0,0,3,1,6,1,17,4,1388,1,11,-1,3,-1
201514A094615,2,9,0,3,0,1,0,0,0,0,3,1,6,2,28,6,1596,1,9,-1,1,-1
201514A094715,1,4,0,4,0,1,1,0,0,0,3,1,1,1,57,9,248,1,1,-1,1,-1
201514A094715,2,9,0,9,0,1,0,0,0,0,3,1,6,2,17,4,1242,1,8,-1,-1,-1
201514A094815,1,9,0,18,0,0,0,0,1,11,1,1,6,2,39,7,1299,1,13,-1,2,-1
201514A095215,1,9,0,13,0,0,1,0,0,0,3,1,2,2,28,6,-1,-1,-1,-1,1,-1
201514A095215,2,21,1,18,0,0,0,0,0,0,3,1,1,1,46,8,10837,2,4,-1,1,-1
201514A095215,3,9,0,18,0,0,0,0,0,0,4,1,2,1,42,7,998,1,2,-1,-1,-1
201514A095615,1,3,0,4,0,0,0,0,0,0,2,1,6,1,21,5,125,1,2,-1,2,-1
201514A095615,2,5,0,18,0,0,0,0,0,0,1,1,6,1,21,5,599,1,17,-1,2,-1
201514A095915,1,9,0,4,0,0,0,0,0,0,1,1,6,2,26,6,1124,1,11,-1,1,-1
201514A095915,2,9,0,4,0,0,0,0,0,0,2,1,6,1,32,6,3246,1,12,-1,1,-1
201514A095915,3,9,0,4,0,0,0,0,0,0,2,1,6,1,24,5,1248,2,3,-1,1,-1
201514A096115,1,9,0,8,0,8,0,0,0,0,1,1,1,1,56,9,1388,1,9,-1,1,-1
201514A096115,2,1,0,18,0,8,0,0,0,0,1,1,1,1,34,6,-1,-1,-1,-1,1,-1
201514A096215,1,9,0,18,0,0,1,0,1,6,1,1,6,2,50,8,1796,1,15,-1,2,-1
201514A096215,2,19,0,18,0,0,0,11,0,0,1,1,6,1,37,7,1968,2,2,-1,1,-1
201514A096215,3,9,0,18,0,0,0,11,0,0,1,1,6,1,40,7,1685,2,2,-1,3,-1
201514A096215,4,9,0,18,0,0,0,11,0,0,1,1,6,1,21,5,1560,2,6,-1,2,-1
201514A096615,1,3,0,9,0,3,1,0,0,0,3,1,1,1,28,6,125,1,1,-1,1,-1
201514A096615,2,9,0,7,0,3,0,0,0,0,4,1,6,3,-1,-1,-1,-1,-1,-1,-1,-1
201514A096715,1,9,0,2,0,0,0,0,0,0,3,1,4,2,28,6,999,1,14,-1,1,-1
201514A096715,2,21,1,18,0,0,0,0,0,0,3,1,6,1,57,9,6174,2,15,-1,2,-1
201514A096815,1,9,0,18,0,8,0,0,0,0,1,1,6,1,48,8,1299,1,13,-1,1,-1
201514A096815,2,9,0,7,0,6,0,0,0,0,1,1,6,1,27,6,1086,1,11,-1,1,-1
201514A097015,1,9,0,18,0,5,2,0,0,0,2,1,6,1,71,10,1991,2,11,-1,1,-1
201514A097015,2,1,0,18,0,1,1,0,0,0,1,1,6,1,16,4,-1,-1,-1,-1,1,-1
201514A097815,1,9,0,18,0,0,0,0,0,0,1,1,6,1,45,7,2231,2,6,-1,2,-1
201514A097815,2,19,0,2,0,0,0,0,0,0,3,1,6,1,29,6,2198,2,2,-1,1,-1
201514A097815,3,9,0,2,0,0,0,0,0,0,2,1,6,1,75,10,1149,1,4,-1,1,-1
201514A098015,1,9,0,9,0,6,0,0,0,0,3,1,2,2,41,7,1150,1,7,-1,1,-1
201514A098015,2,9,0,18,0,1,0,0,0,0,3,1,2,1,34,6,1968,2,7,-1,1,-1
201514A098215,1,9,0,9,0,5,2,0,0,0,3,1,6,1,18,4,2495,2,16,-1,3,-1
201514A098715,1,9,0,18,0,0,0,0,0,0,1,1,6,3,-1,-1,-1,-1,-1,-1,1,-1
201514A098915,1,9,0,18,0,0,5,10,6,6,1,1,6,1,23,5,1998,1,10,-1,1,-1
201514A099515,1,9,0,6,0,8,0,0,2,10,4,1,6,2,88,11,1699,1,7,-1,2,-1
201514A099715,1,1,0,18,0,8,0,0,0,0,4,1,6,1,22,5,-1,-1,-1,-1,1,-1
201514A099715,2,9,0,7,0,6,0,0,0,0,1,1,6,3,-1,-1,1686,2,3,-1,-1,-1
201514A099815,1,9,0,18,0,0,0,4,0,0,1,1,6,1,21,5,1461,2,8,-1,1,-1
201514A099815,2,9,0,2,0,0,0,0,0,0,1,1,6,1,45,7,1968,2,6,-1,1,-1
201514A100215,1,9,0,18,0,6,0,0,0,0,1,1,6,1,30,6,1998,2,11,-1,1,-1
201514A100215,2,9,0,18,0,8,0,0,0,0,1,1,6,2,41,7,2204,2,7,-1,1,-1
201514A100415,1,9,0,18,0,2,2,0,7,3,1,1,6,1,49,8,1686,2,9,-1,3,-1
201514A100815,1,9,0,3,0,1,0,0,0,0,2,1,6,1,33,6,1956,2,1,-1,1,-1
201514A100815,2,9,0,18,0,1,0,0,0,0,1,1,6,1,45,7,-1,-1,-1,-1,1,-1
201514A101015,1,9,0,18,0,0,0,4,0,0,1,1,6,1,40,7,2987,2,2,-1,3,-1
201514A101015,2,9,0,2,0,0,0,0,0,0,2,1,6,1,37,7,2967,2,2,-1,1,-1
201514A101215,1,9,0,18,0,4,0,0,0,0,2,1,6,2,42,7,2967,2,-1,-1,3,-1
201514A101215,2,9,0,18,0,4,0,0,0,0,1,1,6,2,60,9,998,1,3,-1,3,-1
201514A101615,1,9,0,16,0,0,0,0,0,0,1,1,6,1,24,5,1390,1,13,-1,2,-1
201514A101615,2,5,0,17,0,0,0,0,0,0,1,1,6,1,56,9,1402,1,14,-1,2,-1
201514A101715,1,9,0,7,0,5,0,0,0,0,3,1,1,2,50,8,1994,1,11,-1,1,-1
201514A101815,1,1,0,14,0,0,0,8,0,0,1,1,6,2,42,7,-1,-1,-1,-1,1,-1
201514A101815,2,9,0,2,0,0,0,0,0,0,1,1,6,2,26,6,1796,1,11,-1,1,-1
201514A102115,1,9,0,18,0,0,0,0,7,3,1,1,6,2,21,5,1598,1,10,-1,3,-1
201514A102215,1,9,0,18,0,1,0,0,0,0,2,1,6,1,51,8,1560,2,8,-1,2,-1
201514A102215,2,21,0,18,0,1,1,0,0,0,1,1,1,1,27,6,-1,-1,-1,-1,1,-1
201514A102215,3,9,0,18,0,1,0,0,0,0,2,1,6,1,25,5,998,1,12,-1,1,-1
201514A102415,1,9,0,18,0,0,0,0,0,0,1,1,6,2,35,6,1796,1,15,-1,1,-1
201514A102415,2,9,0,18,0,0,0,0,0,0,1,1,6,3,-1,-1,-1,-1,-1,-1,-1,-1
201514A102515,1,3,0,18,0,1,1,4,0,0,4,1,6,1,37,7,125,1,3,-1,2,-1
201514A102515,2,9,0,2,0,1,0,0,0,0,3,1,6,1,43,7,1910,2,12,-1,-1,-1
201514A102715,1,9,0,1,0,0,0,0,0,0,2,1,6,3,-1,-1,-1,-1,-1,-1,1,-1
201514A103015,1,3,0,17,0,0,1,10,1,2,1,1,1,1,29,6,125,1,3,-1,1,-1
201514A103115,1,9,0,18,9,8,0,0,1,1,1,1,6,1,43,7,1560,2,8,-1,1,-1
201514A103115,2,9,0,18,0,6,0,0,0,0,1,1,6,2,32,6,1497,8,11,-1,1,-1
201514A103215,1,9,0,10,0,8,0,0,0,0,2,1,6,1,19,4,1124,1,11,-1,1,-1
201514A103215,2,9,0,18,0,1,0,0,7,10,1,1,6,1,82,11,1598,1,16,-1,1,-1
201514A103315,1,9,0,9,0,8,0,0,0,0,1,1,3,1,32,6,-1,-1,-1,-1,1,-1
201514A103315,2,9,0,18,0,8,0,0,0,0,3,1,3,1,30,6,1461,2,5,-1,1,-1
201514A103415,1,9,0,18,9,6,0,0,0,0,1,1,6,1,23,5,1198,1,12,-1,1,-1
201514A103415,2,1,0,18,9,8,0,0,0,0,1,1,6,2,8,2,-1,-1,-1,-1,1,-1
201514A103615,1,11,0,4,2,0,0,0,0,0,1,1,6,1,59,9,7300,2,12,-1,1,-1
201514A103815,1,9,0,18,0,0,5,0,7,0,1,1,6,1,45,7,2993,2,3,-1,1,-1
201514A103815,2,9,0,2,0,0,0,0,0,0,2,1,6,1,-1,-1,3246,1,11,-1,1,-1
201514A103815,3,9,0,2,0,0,0,0,0,0,3,1,6,1,62,9,2495,2,13,-1,1,-1
201514A103915,1,9,0,18,0,8,0,0,0,0,1,1,6,1,52,8,2494,1,13,-1,1,-1
201514A103915,2,9,0,9,0,6,0,0,0,0,2,1,6,1,62,9,2993,2,5,-1,1,-1
201514A104015,1,2,0,3,0,1,0,0,0,0,2,1,2,2,17,4,49,1,13,-1,2,-1
201514A104015,2,9,0,4,0,1,0,0,0,0,1,1,2,1,20,4,1199,1,14,-1,1,-1
201514A104115,1,5,0,16,0,0,1,0,0,0,1,1,2,1,42,7,988,1,11,-1,1,-1
201514A104115,2,9,0,17,0,0,1,0,0,0,1,1,2,1,46,8,1587,1,14,-1,1,-1
201514A104215,1,9,0,1,0,0,0,0,0,0,2,1,1,1,49,8,-1,-1,-1,-1,2,-1
201514A104215,2,22,0,18,0,0,0,0,0,0,1,1,6,2,73,10,-1,-1,-1,-1,1,-1
201514A104715,1,9,0,18,0,8,0,0,0,0,1,1,6,2,26,6,1596,1,4,-1,1,-1
201514A104715,2,1,0,18,0,6,0,0,0,0,3,1,6,1,9,2,-1,-1,-1,-1,1,-1
201514A104815,1,9,0,16,0,8,0,0,0,0,1,1,2,1,38,7,1248,2,4,-1,1,-1
201514A104815,2,9,0,17,0,8,0,0,0,0,1,1,2,2,49,8,1388,1,4,-1,3,-1
201514A105015,1,9,0,18,0,0,0,10,7,4,1,1,2,2,61,9,1560,2,6,-1,1,-1
201514A105115,1,9,0,18,0,8,0,0,0,0,1,1,6,1,69,10,-1,-1,-1,-1,2,-1
201514A105115,2,9,0,12,0,6,0,0,0,0,1,1,6,1,61,9,1999,1,6,-1,2,-1
201514A105215,1,9,0,18,0,0,0,0,0,0,1,1,6,2,28,6,-1,-1,-1,-1,1,-1
201514A105215,2,19,0,18,0,0,0,0,0,0,2,1,6,1,18,4,2198,2,6,-1,1,-1
201514A105415,1,9,0,5,0,1,0,0,0,0,1,1,2,1,49,8,1995,2,1,-1,1,-1
201514A105415,2,9,0,3,0,1,0,0,0,0,2,1,6,1,30,6,1994,1,16,-1,1,-1
201514A106115,1,9,0,18,0,0,0,0,7,10,1,1,6,1,89,11,1198,1,5,-1,2,-1
201514A106315,1,9,0,18,0,0,0,0,0,0,1,1,6,2,22,5,1242,1,11,-1,1,-1
201514A106315,2,9,0,3,0,0,0,0,0,0,2,1,6,1,56,9,2191,2,1,-1,1,-1
201514A106315,3,9,0,3,0,0,0,0,0,0,2,1,6,1,17,4,1229,1,1,-1,1,-1
201514A106415,1,9,0,7,0,1,0,0,0,0,1,1,6,1,24,5,2521,1,8,-1,1,-1
201514A106415,2,9,0,3,0,1,0,0,0,0,2,1,1,1,43,7,1248,2,2,-1,2,-1