Accident_Index,Vehicle_Reference,Vehicle_Type,Towing_and_Articulation,Vehicle_Manoeuvre,Vehicle_Location-Restricted_Lane,Junction_Location,Skidding_and_Overturning,Hit_Object_in_Carriageway,Vehicle_Leaving_Carriageway,Hit_Object_off_Carriageway,1st_Point_of_Impact,Was_Vehicle_Left_Hand_Drive?,Journey_Purpose_of_Driver,Sex_of_Driver,Age_of_Driver,Age_Band_of_Driver,Engine_Capacity_(CC),Propulsion_Code,Age_of_Vehicle,Driver_IMD_Decile,Driver_Home_Area_Type,Vehicle_IMD_Decile
201514A106615,1,9,0,18,0,4,0,0,0,0,3,1,6,1,40,7,1124,1,12,-1,1,-1
201514A106615,2,19,0,18,0,3,0,0,0,0,1,1,6,1,36,7,-1,-1,-1,-1,2,-1
201514A107015,1,9,0,4,0,2,0,0,0,0,2,1,2,1,28,6,2494,1,21,-1,1,-1
201514A107015,2,9,0,18,0,2,0,0,0,0,1,1,6,1,73,10,2499,2,13,-1,1,-1
201514A107115,1,21,1,4,0,0,0,0,0,0,1,1,1,1,54,8,15928,2,4,-1,2,-1
201514A107115,2,9,0,11,0,0,0,0,0,0,1,1,1,1,30,6,1968,2,2,-1,2,-1
201514A107115,3,9,0,4,0,0,0,0,0,0,2,1,1,1,34,6,-1,-1,-1,-1,1,-1
201514A107115,4,9,0,4,0,0,0,0,0,0,2,1,1,1,58,9,1968,2,2,-1,2,-1
201514A107115,5,9,0,4,0,0,1,0,0,0,2,1,6,2,25,5,1560,2,2,-1,2,-1
201514A107115,6,9,0,4,0,0,0,0,0,0,2,1,6,1,60,9,-1,-1,-1,-1,1,-1
201514A107615,1,9,0,9,0,5,0,0,0,0,3,1,6,1,27,6,1997,1,10,-1,3,-1
201514A107615,2,9,0,9,0,6,0,0,0,0,1,1,6,1,-1,-1,2179,2,11,-1,1,-1
201514A107715,1,9,0,7,0,4,0,0,0,0,2,1,6,1,63,9,1242,1,14,-1,1,-1
201514A107715,2,1,0,18,0,1,0,0,0,0,1,1,6,1,24,5,-1,-1,-1,-1,1,-1
201514A107815,1,9,0,18,0,0,0,0,0,0,1,1,6,1,52,8,4367,2,-1,-1,3,-1
201514A107815,2,9,0,3,0,0,0,0,0,0,2,1,6,1,53,8,1956,2,6,-1,1,-1
201514A107815,3,9,0,3,0,0,0,0,0,0,2,1,6,2,26,6,1598,1,16,-1,1,-1
201514A107915,1,11,0,16,0,0,5,0,7,0,1,1,6,1,34,6,-1,-1,-1,-1,-1,-1
201514A108815,1,9,0,18,0,8,0,0,0,0,1,1,6,2,25,5,2179,2,6,-1,1,-1
201514A108915,1,9,0,18,0,0,1,0,0,0,1,1,2,1,21,5,1598,2,1,-1,1,-1
201514A108915,2,9,0,4,0,0,1,0,0,0,2,1,1,1,32,6,-1,-1,-1,-1,1,-1
201514A108915,3,9,0,2,0,0,0,0,0,0,2,1,6,1,51,8,1998,2,9,-1,1,-1
201514A108915,4,9,0,2,0,0,0,0,0,0,2,1,6,2,50,8,1242,1,12,-1,1,-1
201514A108915,5,9,0,18,0,0,0,0,0,0,2,1,6,1,46,8,2204,2,8,-1,1,-1
201514A109115,1,9,0,18,0,4,5,9,0,0,0,1,6,1,38,7,1686,2,11,-1,1,-1
201514A109215,1,9,0,5,0,1,0,4,1,10,4,1,6,1,77,11,1799,1,4,-1,1,-1
201514A109215,2,9,0,2,0,2,0,0,0,0,2,1,6,2,-1,-1,1560,2,5,-1,2,-1
201514A109515,1,9,0,17,0,1,0,0,1,0,3,1,6,1,17,4,-1,-1,-1,-1,2,-1
201514A109515,2,3,0,9,0,1,0,0,0,0,1,1,1,1,19,4,125,1,3,-1,2,-1
201514A109615,1,9,0,18,0,8,0,0,0,0,1,1,6,3,-1,-1,-1,-1,-1,-1,1,-1
201514A109915,1,9,0,9,0,5,0,0,0,0,3,1,6,1,39,7,-1,-1,-1,-1,2,-1
201514A109915,2,9,0,13,0,8,0,0,0,0,1,1,1,1,45,7,-1,-1,-1,-1,1,-1
201514A110115,1,9,0,3,0,0,0,0,0,0,2,1,6,2,42,7,1968,2,5,-1,1,-1
201514A110115,2,9,0,18,0,0,0,0,0,0,1,1,6,3,-1,-1,-1,-1,-1,-1,-1,-1
201514A110215,1,9,0,18,0,0,0,4,0,0,1,1,3,2,44,7,1368,1,6,-1,1,-1
201514A110215,2,9,0,2,0,0,0,0,0,0,4,1,6,1,64,9,2494,1,10,-1,1,-1
201514A110315,1,9,0,1,0,6,0,0,0,0,0,1,6,1,42,7,2000,1,6,-1,1,-1
201514A110815,1,9,0,18,0,8,0,0,0,0,2,1,6,2,50,8,1910,2,7,-1,1,-1
201514A110815,2,9,0,9,0,8,0,0,0,0,1,1,6,2,40,7,1997,2,1,-1,1,-1
201514A110915,1,9,0,1,0,0,0,0,0,0,2,1,6,1,64,9,1598,1,9,-1,2,-1
201514A111415,1,9,0,18,0,8,0,0,0,0,1,1,6,2,35,6,1596,1,8,-1,1,-1
201514A111415,2,1,0,18,0,8,0,0,0,0,1,1,6,1,14,3,-1,-1,-1,-1,1,-1
201514A111615,1,9,0,4,0,0,5,0,0,0,1,1,6,2,33,6,1240,1,12,-1,1,-1
201514A111615,2,9,0,4,0,0,0,0,0,0,2,1,6,2,37,7,1796,1,13,-1,1,-1
201514A111715,1,9,0,18,0,1,0,0,0,0,1,1,6,1,19,4,1995,2,9,-1,1,-1
201514A111715,2,9,0,9,0,8,0,0,0,0,1,1,6,2,24,5,1997,2,12,-1,3,-1
201514A111715,3,9,0,3,0,1,0,0,0,0,1,1,6,1,53,8,1998,1,20,-1,1,-1
201514A111815,1,9,0,18,0,0,2,0,5,6,3,1,6,2,22,5,1149,1,5,-1,1,-1
201514A112015,1,2,0,18,0,0,0,0,0,0,1,1,6,1,27,6,-1,-1,-1,-1,2,-1
201514A112015,2,3,0,18,0,0,0,0,0,0,1,1,6,1,24,5,110,1,14,-1,1,-1
201514A112015,3,9,0,2,0,0,0,0,0,0,3,1,6,1,46,8,1560,2,5,-1,1,-1
201514A112015,4,9,0,18,0,0,0,0,0,0,1,1,6,2,43,7,1364,1,10,-1,1,-1
201514A112715,1,9,0,5,0,6,0,0,0,0,3,1,2,2,46,8,1986,2,9,-1,1,-1
201514A112715,2,2,0,18,0,8,0,0,0,0,1,1,6,1,16,4,49,1,4,-1,1,-1
201514A112815,1,9,0,18,0,0,0,0,0,0,1,1,6,2,30,6,1598,1,7,-1,1,-1
201514A112815,2,9,0,3,0,0,0,0,0,0,2,1,6,1,25,5,1598,1,1,-1,1,-1
201514A112815,3,9,0,3,0,0,0,0,0,0,2,1,6,1,63,9,1997,2,5,-1,2,-1
201514A112915,1,9,0,6,0,6,0,0,0,0,1,1,6,2,49,8,1796,1,11,-1,1,-1
201514A112915,2,1,0,18,0,1,0,0,0,0,1,1,6,1,36,7,-1,-1,-1,-1,2,-1
201514A113015,1,9,0,4,0,0,0,0,0,0,2,1,6,2,44,7,1396,1,5,-1,1,-1
201514A113015,2,9,0,4,0,0,0,0,0,0,2,1,6,1,34,6,1794,1,15,-1,1,-1
201514A113015,3,9,0,4,0,0,0,0,0,0,1,1,6,1,27,6,1299,1,14,-1,1,-1
201514A113115,1,9,0,18,0,1,0,0,0,0,1,1,6,2,65,9,1596,1,11,-1,1,-1
201514A113115,2,9,0,18,0,2,0,0,0,0,1,1,6,2,52,8,1968,2,5,-1,1,-1
201514A113115,3,9,0,18,0,2,0,0,0,0,1,1,6,1,19,4,1229,1,2,-1,3,-1
201514A113215,1,8,0,6,0,1,1,0,0,0,2,1,1,1,53,8,1896,2,9,-1,1,-1
201514A113215,2,8,0,18,0,1,0,0,0,0,1,1,1,1,30,6,2461,2,6,-1,1,-1
201514A113615,1,9,0,7,0,6,0,0,0,0,1,1,6,1,19,4,-1,-1,-1,-1,1,-1
201514A113615,2,9,0,18,0,1,0,0,0,0,2,1,6,1,45,7,-1,-1,-1,-1,2,-1
201514A113615,3,9,0,18,0,1,0,10,0,0,0,1,6,1,65,9,1497,8,2,-1,2,-1
201514A113815,1,9,0,17,0,0,0,0,0,0,1,1,6,1,60,9,1968,2,4,-1,3,-1
201514A113815,2,3,0,16,0,0,1,0,0,0,1,1,6,1,20,4,125,1,-1,-1,3,-1
201514A113915,1,9,0,18,0,0,0,0,7,4,1,1,6,1,67,10,1796,1,2,-1,1,-1
201514A114015,1,9,0,18,0,8,0,0,0,0,4,1,6,1,85,11,998,1,2,-1,1,-1
201514A114015,2,9,0,5,0,6,0,0,0,0,1,1,6,1,34,6,2497,1,9,-1,2,-1
201514A114015,3,9,0,8,0,8,0,0,0,0,3,1,1,1,50,8,-1,-1,-1,-1,1,-1
201514A114115,1,11,0,18,0,0,0,0,0,0,1,1,1,1,62,9,6700,2,4,-1,1,-1
201514A114615,1,9,0,18,0,8,0,0,0,0,4,1,6,1,47,8,1461,2,2,-1,3,-1
201514A114615,2,9,0,18,0,8,0,0,0,0,1,1,6,2,24,5,1598,1,2,-1,1,-1
201514A114915,1,9,0,17,0,1,0,0,0,0,1,1,6,1,25,5,1587,1,14,-1,1,-1
201514A115015,1,9,0,18,0,0,0,0,0,0,1,1,6,2,53,8,1360,1,15,-1,1,-1
201514A115415,1,9,0,5,0,1,0,0,0,0,4,1,6,2,72,10,2204,2,6,-1,1,-1
201514A115815,1,9,0,18,0,1,0,0,0,0,1,1,2,1,59,9,-1,-1,-1,-1,1,-1
201514A115815,2,9,0,7,0,5,0,0,0,0,2,1,2,1,50,8,1598,2,4,-1,2,-1
201514A115915,1,9,0,3,0,0,0,0,0,0,2,1,6,1,20,4,1900,2,11,-1,1,-1
201514A115915,2,9,0,18,0,0,0,0,0,0,1,1,6,2,20,4,998,1,2,-1,1,-1
201514A116115,1,8,0,3,0,0,0,0,0,0,2,1,1,1,54,8,-1,-1,-1,-1,1,-1
201514A116115,2,9,0,18,0,0,0,0,0,0,1,1,6,1,23,5,1998,1,8,-1,1,-1
201514A116315,1,21,1,11,0,0,0,0,0,0,1,1,1,1,47,8,10308,2,7,-1,2,-1
201514A116315,2,9,0,18,0,0,0,0,0,0,3,1,6,1,34,6,1422,2,6,-1,1,-1
201514A116615,1,9,0,3,0,4,0,0,0,0,2,1,6,2,78,11,1086,1,9,-1,1,-1
201514A116615,2,9,0,18,0,1,0,0,0,0,1,1,6,1,22,5,1799,1,8,-1,2,-1
201514A116715,1,9,0,15,0,8,0,0,0,0,3,1,6,1,26,6,1390,1,13,-1,1,-1
201514A116715,2,9,0,18,0,8,0,0,0,0,4,1,6,2,53,8,1995,2,9,-1,1,-1
201514A116815,1,9,0,8,0,8,0,0,0,0,2,1,6,1,34,6,1499,2,2,-1,1,-1
201514A116815,2,9,0,7,0,8,0,0,0,0,1,1,6,2,35,6,1598,1,3,-1,1,-1
201514A116915,1,21,0,4,0,0,0,0,0,0,1,1,1,1,22,5,11116,2,10,-1,2,-1
201514A116915,2,9,0,4,0,0,0,0,0,0,2,1,6,2,41,7,1198,1,7,-1,1,-1
201514A116915,3,9,0,4,0,0,0,0,0,0,2,1,6,1,20,4,2497,2,19,-1,2,-1
201514A116915,4,9,0,4,0,0,0,0,0,0,2,1,6,2,32,6,1598,1,7,-1,1,-1
201514A116915,5,9,0,4,0,0,0,0,0,0,2,1,6,1,26,6,1796,1,3,-1,1,-1
201514A116915,6,9,0,4,0,0,0,0,0,0,2,1,1,1,54,8,-1,-1,-1,-1,2,-1
201514A116915,7,9,0,4,0,0,0,0,0,0,2,1,6,2,69,10,-1,-1,-1,-1,1,-1
201514A117015,1,1,0,10,0,8,0,0,0,0,2,1,6,1,54,8,-1,-1,-1,-1,1,-1
201514A117015,2,2,0,18,0,1,0,0,0,0,1,1,6,1,16,4,49,1,7,-1,1,-1
201514A117615,1,5,0,13,0,0,1,0,0,0,1,1,6,1,21,5,600,1,11,-1,1,-1
201514A117615,2,5,0,18,0,0,0,0,0,0,1,1,6,1,57,9,-1,-1,-1,-1,1,-1
201514A118815,1,9,0,18,0,0,0,0,1,11,1,1,6,2,20,4,1299,1,13,-1,1,-1
201514A119115,1,9,0,16,0,1,1,10,5,6,2,1,2,1,29,6,1994,1,16,-1,2,-1
201514A119115,2,9,0,16,0,1,1,0,0,0,1,1,2,1,49,8,1998,2,7,-1,2,-1
201514A119115,3,9,0,7,0,6,0,0,0,0,0,1,6,3,-1,-1,-1,-1,-1,-1,-1,-1
201514A119515,1,9,0,18,0,0,0,0,0,0,2,1,1,1,61,9,2499,1,1,-1,1,-1
201514A119515,2,9,0,4,0,0,0,0,4,0,2,1,2,1,41,7,1968,2,-1,-1,1,-1
201514A119515,3,21,0,18,0,0,0,0,0,0,1,1,1,1,51,8,4116,2,12,-1,1,-1
201514A119615,1,21,1,18,0,8,1,0,0,0,3,1,1,1,65,9,11705,2,9,-1,1,-1
201514A119615,2,9,0,18,0,8,5,0,0,0,1,1,6,1,38,7,1896,2,10,-1,1,-1
201514A119815,1,9,0,3,0,0,0,0,0,0,2,1,6,1,52,8,1997,1,9,-1,3,-1
201514A119815,2,9,0,18,0,0,1,0,0,0,1,1,6,2,58,9,1360,1,16,-1,1,-1
201514A120015,1,9,0,18,0,8,1,0,0,0,1,1,6,1,20,4,1390,1,4,-1,3,-1
201514A120015,2,9,0,18,0,8,1,0,0,0,4,1,6,1,67,10,1560,2,-1,-1,1,-1
201514A120115,1,1,0,18,0,0,0,0,0,0,3,1,6,1,48,8,-1,-1,-1,-1,1,-1
201514A120115,2,9,0,18,0,0,0,0,0,0,4,1,6,3,-1,-1,-1,-1,-1,-1,-1,-1
201514A120415,1,11,0,4,0,1,0,0,0,0,0,1,1,2,60,9,7300,2,12,-1,1,-1
201514A120515,1,9,0,10,0,8,0,0,0,0,3,1,6,1,34,6,999,1,-1,-1,1,-1
201514A120515,2,3,0,14,0,8,0,0,0,0,1,1,6,1,19,4,124,1,-1,-1,1,-1
201514A120615,1,9,0,17,0,0,5,0,7,0,1,1,6,2,20,4,1328,1,6,-1,1,-1
201514A120715,1,9,0,17,0,8,0,0,1,11,1,1,6,1,39,7,998,1,10,-1,2,-1
201514A120815,1,21,1,12,0,8,0,0,0,0,3,1,1,1,47,8,-1,-1,-1,-1,-1,-1
201514A120815,2,9,0,18,0,8,1,0,0,7,4,1,6,2,44,7,1598,1,9,-1,1,-1
201514A120915,1,21,0,18,0,1,0,0,0,0,4,1,1,3,-1,-1,-1,-1,-1,-1,3,-1
201514A121115,1,3,0,3,0,1,0,0,0,0,2,1,6,1,19,4,124,1,-1,-1,1,-1
201514A121115,2,9,0,18,0,1,0,0,0,0,1,1,6,1,-1,-1,1398,1,3,-1,-1,-1
201514A121615,1,9,0,18,0,8,0,0,0,0,1,1,1,1,24,5,998,1,1,-1,1,-1
201514A121615,2,9,0,18,0,8,0,0,0,0,4,1,1,1,28,6,1395,1,1,-1,1,-1
201514A121715,1,9,0,11,0,0,0,0,0,0,1,1,2,2,21,5,995,1,8,-1,2,-1
201514A121715,2,1,0,5,5,0,0,0,0,0,4,1,6,2,25,5,-1,-1,-1,-1,1,-1
201514A122315,1,9,0,9,0,8,0,0,0,0,3,1,6,2,48,8,-1,-1,-1,-1,1,-1
201514A122315,2,1,0,18,0,8,0,0,0,0,1,1,6,1,49,8,-1,-1,-1,-1,3,-1
201514A122315,3,1,0,18,0,1,0,0,0,0,1,1,6,1,50,8,-1,-1,-1,-1,1,-1
201514A122615,1,9,0,4,0,1,0,0,0,0,1,1,6,1,37,7,2720,2,9,-1,1,-1
201514A122615,2,1,0,18,0,1,0,0,0,0,1,1,6,1,19,4,-1,-1,-1,-1,1,-1
201514A122815,1,9,0,18,0,0,0,0,0,0,2,1,6,1,26,6,1242,1,3,-1,1,-1
201514A122815,2,9,0,18,0,0,0,0,0,0,1,1,6,2,46,8,2351,1,11,-1,1,-1
201514A122915,1,9,0,17,0,1,5,0,1,0,1,1,1,2,44,7,1590,1,12,-1,3,-1
201514A123115,1,9,0,3,0,0,0,0,0,0,2,1,6,1,49,8,1995,2,-1,-1,1,-1
201514A123115,2,9,0,3,0,0,0,0,0,0,2,1,6,1,46,8,1686,2,4,-1,1,-1
201514A123115,3,9,0,11,0,0,0,0,0,0,1,1,6,2,50,8,2198,1,14,-1,2,-1
201514A123215,1,9,0,13,0,0,2,10,7,11,1,1,6,3,-1,-1,1998,1,10,-1,1,-1
201514A123215,2,9,0,13,0,0,0,0,0,0,1,1,6,3,-1,-1,-1,-1,-1,-1,-1,-1
201514A123415,1,8,0,2,0,0,0,0,0,0,1,1,1,1,32,6,1997,2,10,-1,1,-1
201514A123415,2,9,0,18,0,0,0,0,7,10,1,1,6,1,39,7,2993,2,10,-1,1,-1
201514A124015,1,9,0,18,0,0,1,0,7,0,4,1,6,1,23,5,1242,1,2,-1,1,-1
201514A124115,1,9,0,18,0,0,1,0,0,0,1,1,6,1,23,5,1910,2,9,-1,1,-1
201514A124115,2,9,0,18,0,0,0,0,0,0,1,1,6,1,34,6,2982,2,4,-1,2,-1
201514A124315,1,9,0,18,0,0,0,0,1,9,2,1,1,2,20,4,1242,1,7,-1,1,-1
201514A124315,2,9,0,18,0,0,0,0,0,0,1,1,6,3,-1,-1,-1,-1,-1,-1,-1,-1
201514A124515,1,9,0,4,0,0,0,0,0,0,2,1,6,1,30,6,1598,2,1,-1,1,-1
201514A124515,2,9,0,18,0,0,1,0,0,0,1,1,6,1,27,6,1200,1,2,-1,1,-1
201514A124815,1,9,0,4,0,0,0,0,0,0,2,1,1,1,37,7,1995,2,12,-1,1,-1
201514A124815,2,9,3,4,0,0,0,0,0,0,1,1,6,2,42,7,2179,2,5,-1,1,-1
201514A125015,1,9,0,18,0,8,0,0,0,0,3,1,6,2,22,5,1998,1,7,-1,1,-1
201514A125015,2,9,0,18,0,8,0,0,0,0,4,1,6,1,66,10,1498,1,15,-1,1,-1
201514A125715,1,9,0,3,0,0,0,0,0,0,2,1,6,2,45,7,1968,2,1,-1,1,-1
201514A125715,2,9,0,3,0,0,0,0,0,0,2,1,6,2,32,6,1560,2,9,-1,2,-1
201514A125715,3,9,0,18,0,0,0,0,0,0,1,1,6,1,89,11,1868,2,10,-1,1,-1
201514A126115,1,9,0,10,0,1,0,0,0,0,3,1,1,1,40,7,-1,-1,-1,-1,1,-1
201514A126115,2,5,0,14,0,1,1,0,7,10,1,1,6,1,46,8,998,1,8,-1,2,-1
201514A126415,1,9,0,17,0,0,0,0,0,0,1,1,2,1,39,7,1686,2,4,-1,1,-1
201514A126415,2,9,0,16,0,0,0,0,0,0,1,1,3,2,28,6,973,1,13,-1,1,-1
201514A126515,1,9,0,12,0,7,0,0,0,0,2,1,6,1,20,4,1398,1,5,-1,2,-1
201514A126515,2,9,0,18,0,1,0,0,1,10,1,1,6,2,32,6,1596,1,-1,-1,1,-1
201514A126615,1,9,0,1,0,6,0,0,0,0,2,1,6,1,45,7,1598,1,10,-1,1,-1
201514A126715,1,9,0,3,0,1,0,0,0,0,1,1,6,1,19,4,1199,1,15,-1,1,-1
201514A126715,2,9,0,3,0,1,0,0,0,0,2,1,6,3,-1,-1,-1,-1,-1,-1,-1,-1
201514A126815,1,9,0,18,0,1,0,0,0,0,1,1,1,1,33,6,2143,2,4,-1,1,-1
201514A127115,1,9,0,13,0,8,0,0,0,0,1,1,6,1,23,5,-1,-1,-1,-1,1,-1
201514A127115,2,9,0,9,0,5,0,0,0,0,3,1,6,1,25,5,-1,-1,-1,-1,1,-1
201514A127215,1,9,0,18,0,4,0,0,0,0,1,1,6,1,32,6,-1,-1,-1,-1,1,-1
201514A127215,2,9,0,18,0,3,0,0,7,1,2,1,6,1,29,6,1600,2,5,-1,1,-1
201514A127515,1,9,0,18,0,0,0,0,0,0,1,1,6,1,32,6,1399,2,5,-1,1,-1
201514A127815,1,9,0,16,0,1,0,0,1,1,1,1,2,1,57,9,1587,1,7,-1,2,-1
201514A128015,1,9,0,18,0,0,2,4,0,0,1,1,6,1,82,11,1968,2,-1,-1,3,-1
201514A128015,2,9,0,2,0,0,0,0,0,0,1,1,6,1,49,8,-1,-1,-1,-1,3,-1
201514A128215,1,9,0,18,0,0,0,0,0,0,1,1,6,3,-1,-1,-1,-1,-1,-1,1,-1
201514A128815,1,9,0,3,0,0,0,0,0,0,2,1,6,1,19,4,1329,1,6,-1,1,-1
201514A128815,2,9,0,3,0,0,0,0,0,0,1,1,6,1,32,6,1595,2,5,-1,1,-1
201514A128815,3,9,0,18,0,0,0,0,0,0,1,1,6,1,20,4,973,1,13,-1,1,-1
201514A129015,1,9,0,18,0,1,0,0,0,0,3,1,6,1,34,6,2496,2,11,-1,1,-1
201514A129015,2,9,0,9,0,5,0,0,0,0,4,1,6,1,78,11,1248,1,6,-1,1,-1
201514A129115,1,9,0,18,0,0,0,0,0,0,1,1,6,1,20,4,1199,1,13,-1,2,-1
201514A129815,1,9,0,3,0,1,0,0,0,0,0,1,6,2,55,8,999,1,-1,-1,1,-1
201514A129815,2,9,0,3,0,1,0,0,0,0,2,1,6,1,24,5,1956,2,2,-1,1,-1
201514A129815,3,9,0,18,0,1,0,0,0,0,1,1,6,1,82,11,1198,1,8,-1,1,-1
201514A130115,1,9,0,9,0,6,0,0,0,0,4,1,6,1,27,6,-1,-1,-1,-1,2,-1
201514A130115,2,9,0,18,0,1,0,0,0,0,1,1,6,2,41,7,2143,2,6,-1,1,-1
201514A130815,1,11,0,5,0,8,0,0,0,0,2,1,1,1,49,8,3900,2,12,-1,1,-1
201514A130815,2,11,0,5,0,8,0,0,0,0,1,1,1,1,55,8,-1,-1,-1,-1,3,-1
201514A130915,1,20,0,2,0,0,0,0,0,0,0,1,1,1,40,7,2999,2,5,-1,1,-1
201514A130915,2,9,0,18,0,0,0,0,0,0,3,1,6,3,-1,-1,-1,-1,-1,-1,1,-1
201514A131615,1,9,0,4,0,1,0,0,0,0,1,1,6,1,24,5,998,1,1,-1,2,-1
201514A131615,2,9,0,3,0,1,0,0,0,0,2,1,6,1,30,6,1198,1,1,-1,1,-1
201514A131715,1,9,0,18,0,0,0,0,0,0,2,1,6,1,75,10,1560,2,8,-1,1,-1
201514A131715,2,9,0,18,0,0,0,0,0,0,1,1,6,3,-1,-1,3059,2,21,-1,-1,-1
201514A132415,1,9,0,18,0,0,0,0,0,0,1,1,1,1,44,7,1968,2,4,-1,1,-1
201514A132615,1,3,0,18,0,1,1,0,0,0,0,1,6,1,23,5,124,1,1,-1,1,-1
201514A132615,2,9,0,5,0,1,0,0,0,0,0,1,6,1,65,9,2198,2,7,-1,1,-1
201514A132915,1,9,0,7,0,6,0,0,0,0,4,1,2,1,35,6,1968,2,5,-1,1,-1
201514A132915,2,1,0,18,0,2,0,0,0,0,1,1,1,1,59,9,-1,-1,-1,-1,1,-1
201514A133215,1,9,0,18,0,0,0,0,0,0,1,1,6,2,32,6,1598,1,13,-1,1,-1
201514A133615,1,9,0,18,0,1,0,0,0,0,4,1,2,2,45,7,998,1,11,-1,1,-1
201514A133715,1,9,0,5,0,0,0,0,0,0,1,1,6,1,70,10,1560,2,3,-1,1,-1
201514A134515,1,9,0,5,0,4,0,0,0,0,3,1,2,1,21,5,1956,2,3,-1,1,-1
201514A134515,2,1,0,18,0,8,0,0,0,0,1,1,6,1,55,8,-1,-1,-1,-1,1,-1
201514A134615,1,3,0,3,0,1,0,0,0,0,1,1,6,2,35,6,125,1,1,-1,1,-1
201514A134615,2,9,0,9,0,5,0,0,0,0,2,1,6,1,24,5,-1,-1,-1,-1,1,-1
201514A134715,1,9,0,18,0,1,0,0,0,0,1,1,1,2,49,8,1461,2,11,-1,1,-1
201514A134715,2,19,0,2,0,1,0,0,0,0,0,1,6,1,53,8,-1,-1,-1,-1,1,-1
201514A134815,1,20,0,18,0,0,0,0,0,0,1,1,1,1,40,7,-1,-1,-1,-1,1,-1
201514A134815,2,11,0,2,0,0,0,0,0,0,0,1,1,1,52,8,7300,2,12,-1,1,-1
201514A134915,1,9,0,18,0,1,1,0,0,0,1,1,6,1,18,4,1390,1,9,-1,1,-1
201514A134915,2,20,0,5,0,1,0,0,0,0,0,1,1,1,29,6,5193,2,2,-1,1,-1
201514A134915,3,9,0,10,0,1,0,0,0,0,1,1,1,1,48,8,2204,2,7,-1,1,-1
201514A135015,1,5,0,9,0,5,0,0,0,0,1,1,6,3,-1,-1,-1,-1,-1,-1,-1,-1
201514A135015,2,9,0,13,0,8,0,0,0,0,4,1,6,1,37,7,1587,1,11,-1,1,-1
201514A135215,1,9,0,3,0,0,0,0,0,0,2,1,6,1,29,6,1995,2,9,-1,1,-1
201514A135215,2,9,0,4,0,0,0,0,0,0,1,1,6,1,36,7,-1,-1,-1,-1,1,-1
201514A135415,1,9,0,4,0,1,0,0,0,0,1,1,6,3,-1,-1,-1,-1,-1,-1,1,-1
201514A135515,1,9,0,18,0,1,0,0,0,0,4,1,6,2,42,7,1461,2,-1,-1,3,-1
201514A135515,2,9,0,5,0,1,0,0,0,0,1,1,6,1,54,8,-1,-1,-1,-1,1,-1
201514A135615,1,9,0,3,0,2,0,0,0,0,2,1,6,1,44,7,-1,-1,-1,-1,1,-1
201514A135615,2,3,0,18,0,2,0,0,0,0,1,1,6,1,51,8,125,1,11,-1,1,-1
201514A135715,1,1,0,18,0,1,0,0,0,0,1,1,6,1,56,9,-1,-1,-1,-1,1,-1
201514A135715,2,9,0,9,0,5,0,0,0,0,1,1,6,1,40,7,1994,1,13,-1,1,-1
201514A135915,1,9,0,18,0,0,0,0,0,0,1,1,2,2,25,5,1995,2,1,-1,3,-1
201514A135915,2,9,0,3,0,0,0,0,0,0,2,1,1,2,21,5,1198,1,12,-1,1,-1
201514A135915,3,19,0,3,0,0,0,0,0,0,2,1,2,1,48,8,1598,2,-1,-1,2,-1
201514A136315,1,9,0,18,0,1,0,0,1,10,1,1,6,1,75,10,1997,1,1,-1,3,-1
201514A136315,2,9,0,9,0,6,0,0,0,0,3,1,6,1,42,7,1596,1,8,-1,1,-1
201514A136415,1,9,0,18,0,8,0,0,0,3,1,1,2,2,19,4,1299,1,9,-1,1,-1
201514A136415,2,19,0,9,0,6,0,0,0,0,1,1,1,1,35,6,2143,2,2,-1,1,-1
201514A136515,1,3,0,18,0,8,0,10,0,0,3,1,6,1,57,9,85,1,19,-1,1,-1
201514A136615,1,11,0,18,0,8,0,0,0,0,2,1,1,1,55,8,12000,2,10,-1,2,-1
201514A136615,2,21,1,18,0,8,0,0,0,0,1,1,1,1,24,5,12777,2,2,-1,1,-1
201514A136715,1,9,0,18,0,0,0,0,0,0,1,1,6,1,52,8,-1,-1,-1,-1,1,-1
201514A136915,1,9,0,17,0,0,0,0,0,0,4,1,2,1,39,7,1332,1,17,-1,1,-1
201514A136915,2,9,0,16,0,0,0,0,1,0,1,1,2,2,55,8,1329,1,1,-1,3,-1
201514A136915,3,9,0,16,0,0,0,0,0,0,1,1,2,2,27,6,1248,1,5,-1,2,-1
201514A137115,1,9,0,18,0,0,0,0,0,0,1,1,6,1,39,7,1396,1,1,-1,1,-1
201514A137215,1,9,0,9,0,0,0,0,0,0,3,1,6,1,22,5,1086,1,9,-1,1,-1
201514A137215,2,3,0,13,0,0,0,0,0,0,1,1,6,1,35,6,124,1,3,-1,1,-1
201514A137615,1,9,0,4,0,0,0,0,0,0,0,1,6,3,-1,-1,-1,-1,-1,-1,-1,-1
201514A137615,2,9,0,18,0,0,0,0,0,0,2,1,6,1,56,9,2290,1,6,-1,1,-1
201514A137615,3,9,0,18,0,0,0,0,0,0,1,1,6,1,19,4,1598,1,9,-1,1,-1
201514A137615,4,9,0,18,0,0,0,0,0,0,2,1,6,1,19,4,973,1,12,-1,1,-1