Accident_Index,Vehicle_Reference,Vehicle_Type,Towing_and_Articulation,Vehicle_Manoeuvre,Vehicle_Location-Restricted_Lane,Junction_Location,Skidding_and_Overturning,Hit_Object_in_Carriageway,Vehicle_Leaving_Carriageway,Hit_Object_off_Carriageway,1st_Point_of_Impact,Was_Vehicle_Left_Hand_Drive?,Journey_Purpose_of_Driver,Sex_of_Driver,Age_of_Driver,Age_Band_of_Driver,Engine_Capacity_(CC),Propulsion_Code,Age_of_Vehicle,Driver_IMD_Decile,Driver_Home_Area_Type,Vehicle_IMD_Decile
201514A137615,5,9,0,18,0,0,0,0,1,4,1,1,6,2,58,9,-1,-1,-1,-1,1,-1
201514A137715,1,9,0,5,0,6,0,0,0,0,1,1,6,2,19,4,1598,1,2,-1,1,-1
201514A137715,2,9,0,10,0,8,0,0,0,0,4,1,6,1,39,7,1910,2,8,-1,2,-1
201514A137815,1,9,0,5,0,6,0,0,0,0,1,1,2,2,23,5,2497,2,7,-1,1,-1
201514A137815,2,9,0,18,0,8,5,0,1,10,1,1,2,2,68,10,1299,1,10,-1,1,-1
201514A137915,1,9,0,18,0,1,0,0,0,0,1,1,6,2,58,9,1497,1,12,-1,1,-1
201514A137915,2,9,0,2,0,8,0,0,0,0,1,1,6,1,25,5,1910,2,10,-1,1,-1
201514A138015,1,9,0,4,0,0,0,0,0,0,2,1,6,1,36,7,1995,2,1,-1,3,-1
201514A138015,2,9,0,4,0,0,0,0,0,0,1,1,6,1,31,6,998,1,3,-1,2,-1
201514A138315,1,9,0,18,0,2,1,0,0,0,4,1,3,1,37,7,-1,-1,-1,-1,1,-1
201514A138515,1,19,0,5,0,0,0,0,0,0,1,1,6,3,-1,-1,-1,-1,-1,-1,2,-1
201514A139015,1,9,0,18,0,0,0,6,0,0,3,1,6,2,18,4,973,1,14,-1,1,-1
201514A139215,1,9,0,18,0,0,0,0,0,0,1,1,6,1,-1,-1,1598,1,10,-1,1,-1
201514A139215,2,1,0,18,0,0,0,0,0,0,1,1,6,2,8,2,-1,-1,-1,-1,1,-1
201514A139315,1,19,0,18,0,2,0,0,0,0,1,1,6,1,22,5,2198,2,-1,-1,1,-1
201514A139315,2,1,0,18,0,2,0,0,0,0,1,1,6,1,11,3,-1,-1,-1,-1,1,-1
201514A139615,1,11,0,18,0,1,0,0,0,0,1,1,1,1,31,6,8268,2,12,-1,2,-1
201514A139615,2,9,0,9,0,1,0,0,0,0,4,1,1,1,43,7,1997,2,5,-1,1,-1
201514A139915,1,9,0,2,0,0,0,0,1,0,2,1,6,1,60,9,1995,2,11,-1,1,-1
201514A139915,2,9,0,18,0,0,0,4,0,0,1,1,6,3,-1,-1,2143,2,3,-1,-1,-1
201514A140115,1,9,0,4,0,1,0,0,0,0,1,1,6,1,22,5,1794,1,11,-1,1,-1
201514A140115,2,9,0,3,0,1,0,0,0,0,2,1,2,2,50,8,-1,-1,-1,-1,1,-1
201514A140115,3,9,0,3,0,1,0,0,0,0,2,1,2,2,46,8,1229,1,8,-1,1,-1
201514A140315,1,9,0,18,0,2,0,0,0,0,1,1,1,1,27,6,2993,2,12,-1,1,-1
201514A140315,2,9,0,18,0,2,0,0,0,0,2,1,6,1,27,6,1198,1,13,-1,2,-1
201514A140515,1,3,0,18,0,1,0,0,0,0,1,1,6,1,17,4,118,1,7,-1,2,-1
201514A140515,2,9,0,5,0,6,0,0,0,0,3,1,6,1,-1,-1,998,1,16,-1,2,-1
201514A140615,1,9,0,18,0,2,0,0,0,0,1,1,6,1,52,8,1995,2,7,-1,1,-1
201514A140715,1,9,0,18,0,0,0,0,2,7,2,1,6,2,59,9,1994,1,12,-1,1,-1
201514A140715,2,9,0,18,0,0,0,0,2,7,1,1,6,2,55,8,1229,1,2,-1,1,-1
201514A140815,1,9,0,3,0,1,0,0,0,0,2,1,6,1,58,9,1598,1,11,-1,1,-1
201514A140815,2,9,0,4,0,1,0,0,0,0,1,1,6,1,86,11,1391,1,14,-1,1,-1
201514A140915,1,9,0,18,0,0,1,0,0,0,2,1,6,1,34,6,1968,2,3,-1,1,-1
201514A140915,2,9,0,18,0,0,1,0,0,0,1,1,6,1,54,8,2993,2,1,-1,3,-1
201514A140915,3,9,0,18,0,0,1,0,0,0,1,1,1,1,27,6,-1,-1,-1,-1,1,-1
201514A140915,4,9,0,18,0,0,1,0,0,0,1,1,6,2,27,6,1199,1,12,-1,1,-1
201514A140915,5,9,0,18,0,0,1,0,0,0,1,1,6,3,-1,-1,-1,-1,-1,-1,-1,-1
201514A140915,6,9,0,18,0,0,1,0,0,0,2,1,6,2,67,10,2400,2,4,-1,2,-1
201514A140915,7,9,0,18,0,0,1,0,0,0,2,1,6,1,44,7,-1,-1,-1,-1,-1,-1
201514A140915,8,21,0,18,0,0,0,0,0,0,3,1,1,1,24,5,10518,2,4,-1,1,-1
201514A141015,1,9,0,4,0,2,0,0,0,0,2,1,6,2,39,7,1587,1,9,-1,1,-1
201514A141015,2,9,0,18,0,2,0,0,0,0,1,1,6,2,20,4,973,1,13,-1,1,-1
201514A141415,1,9,0,5,0,6,0,0,0,0,2,1,6,1,34,6,1995,2,8,-1,2,-1
201514A141415,2,5,0,18,0,1,0,0,0,0,1,1,6,1,62,9,1250,1,11,-1,1,-1
201514A141515,1,9,0,18,0,0,0,0,0,0,2,1,6,1,49,8,1968,2,2,-1,1,-1
201514A141515,2,9,0,18,0,0,0,0,0,0,2,1,6,2,52,8,1997,2,7,-1,2,-1
201514A141515,3,9,0,18,0,0,0,0,0,0,1,1,6,1,50,8,2967,2,1,-1,3,-1
201514A141715,1,9,0,7,0,6,0,0,0,0,3,1,6,1,37,7,2902,2,10,-1,1,-1
201514A141715,2,1,0,18,0,1,0,0,0,0,1,1,2,1,23,5,-1,-1,-1,-1,1,-1
201514A141815,1,19,0,9,0,8,0,0,0,0,1,1,1,1,24,5,1968,2,1,-1,1,-1
201514A141815,2,9,0,18,0,4,0,0,0,0,3,1,6,1,80,11,1339,1,-1,-1,1,-1
201514A142215,1,9,0,18,0,0,0,0,0,0,1,1,6,1,50,8,1598,1,1,-1,1,-1
201514A142315,1,9,0,18,0,4,0,0,0,0,1,1,6,1,60,9,1997,2,12,-1,1,-1
201514A142315,2,1,0,18,0,8,0,0,0,0,1,1,6,1,30,6,-1,-1,-1,-1,1,-1
201514A142415,1,9,0,7,0,1,0,0,0,0,3,1,6,2,50,8,1399,2,13,-1,1,-1
201514A142415,2,19,0,1,0,6,0,0,0,0,2,1,6,1,-1,-1,2464,2,8,-1,1,-1
201514A142815,1,9,0,4,0,4,5,0,1,1,1,1,6,1,73,10,1598,1,12,-1,3,-1
201514A142815,2,9,0,9,0,8,0,0,0,0,4,1,1,1,66,10,-1,-1,-1,-1,1,-1
201514A143015,1,9,0,9,0,8,1,10,1,2,1,1,6,1,17,4,1600,1,17,-1,1,-1
201514A143115,1,9,0,18,0,1,0,0,0,0,1,1,6,1,59,9,1997,2,11,-1,1,-1
201514A143115,2,1,0,18,0,6,0,0,0,0,1,1,6,1,11,3,-1,-1,-1,-1,1,-1
201514A143615,1,8,0,9,0,6,0,0,0,0,4,1,1,3,36,7,1896,2,11,-1,1,-1
201514A143615,2,9,0,10,0,8,0,0,0,0,4,1,6,1,48,8,2171,1,15,-1,1,-1
201514A144115,1,19,0,3,0,0,0,0,0,0,2,1,6,2,48,8,-1,-1,-1,-1,1,-1
201514A144115,2,19,0,3,0,0,0,0,0,0,2,1,6,1,27,6,2198,2,2,-1,1,-1
201514A144115,3,19,0,3,0,0,0,0,0,0,3,1,6,1,33,6,-1,-1,-1,-1,1,-1
201514A144115,4,9,0,18,0,0,0,0,0,0,2,1,6,1,63,9,1560,2,3,-1,3,-1
201514A144115,5,21,0,18,0,0,0,0,0,0,1,1,6,1,41,7,12777,2,-1,-1,1,-1
201514A144115,6,19,0,18,0,0,0,0,0,0,1,1,6,1,51,8,-1,-1,-1,-1,3,-1
201514A144115,7,21,0,18,0,0,0,0,0,0,1,1,6,1,69,10,7698,2,1,-1,1,-1
201514A144215,1,9,0,18,0,8,0,0,0,0,1,1,6,2,46,8,-1,-1,-1,-1,2,-1
201514A144215,2,9,0,6,0,8,0,0,0,0,3,1,6,1,17,4,1390,1,10,-1,1,-1
201514A144515,1,5,0,18,0,2,0,0,0,0,3,1,6,1,50,8,1050,1,1,-1,1,-1
201514A144615,1,9,0,3,0,0,0,0,0,0,2,1,1,1,42,7,1995,2,1,-1,1,-1
201514A144615,2,9,0,3,0,0,0,0,0,0,2,1,6,1,62,9,1598,1,5,-1,1,-1
201514A144615,3,9,0,18,0,0,0,0,0,0,1,1,6,1,41,7,-1,-1,-1,-1,1,-1
201514A144815,1,9,0,18,0,2,0,0,0,0,1,1,6,1,41,7,1896,2,12,-1,1,-1
201514A144815,2,9,0,3,0,2,0,0,0,0,2,1,6,2,60,9,1968,2,5,-1,1,-1
201514A145115,1,9,0,16,0,0,1,10,1,11,1,1,6,2,18,4,998,1,3,-1,2,-1
201514A145315,1,9,0,4,0,4,0,0,0,0,2,1,1,2,34,6,1994,2,7,-1,1,-1
201514A145315,2,19,0,18,0,4,0,0,0,0,1,1,6,1,22,5,1461,2,-1,-1,1,-1
201514A145515,1,9,0,6,0,6,0,0,0,0,1,1,6,2,19,4,1499,1,-1,-1,1,-1
201514A145515,2,9,0,18,0,1,0,0,0,0,1,1,2,1,54,8,1997,2,10,-1,1,-1
201514A145615,1,2,0,18,0,8,0,0,0,0,1,1,6,1,16,4,49,1,-1,-1,1,-1
201514A145615,2,9,0,9,0,5,0,0,0,0,3,1,6,2,59,9,1796,1,15,-1,1,-1
201514A145715,1,19,0,9,0,5,0,0,0,0,3,1,6,1,56,9,2402,2,10,-1,1,-1
201514A145715,2,3,0,13,0,1,0,0,0,0,4,1,6,1,23,5,124,1,1,-1,1,-1
201514A145915,1,9,0,14,0,0,0,10,1,0,1,1,6,2,47,8,1995,2,4,-1,1,-1
201514A145915,2,9,0,16,0,0,1,0,0,0,1,1,6,2,21,5,1120,1,20,-1,1,-1
201514A146115,1,9,0,10,0,5,0,0,0,0,3,1,6,2,56,9,1910,2,7,-1,1,-1
201514A146115,2,3,0,14,0,1,0,0,0,0,1,1,2,1,20,4,124,1,4,-1,1,-1
201514A146515,1,9,0,16,0,1,0,0,0,0,4,1,1,2,32,6,2198,1,10,-1,1,-1
201514A146515,2,9,0,2,0,1,0,0,0,0,2,1,1,2,28,6,1360,1,8,-1,1,-1
201514A146815,1,9,0,4,0,8,0,0,0,0,2,1,2,2,39,7,1497,8,2,-1,3,-1
201514A146815,2,9,0,18,0,8,0,0,0,0,1,1,2,2,20,4,1560,2,2,-1,1,-1
201514A146915,1,9,0,3,0,0,0,0,0,0,2,1,6,1,51,8,1998,2,9,-1,1,-1
201514A146915,2,9,0,18,0,0,0,0,0,0,2,1,6,1,60,9,998,1,12,-1,1,-1
201514A146915,3,9,0,18,0,0,0,0,0,0,1,1,1,1,30,6,1299,1,14,-1,1,-1
201514A147315,1,3,0,18,0,1,0,0,0,0,1,1,2,1,17,4,124,1,8,-1,1,-1
201514A147415,1,19,0,4,0,0,0,0,0,0,4,1,1,1,24,5,2198,2,-1,-1,1,-1
201514A147515,1,9,0,18,0,1,0,0,0,0,1,1,6,2,39,7,1242,1,6,-1,2,-1
201514A147515,2,9,0,18,0,1,0,0,0,0,2,1,6,2,32,6,1598,1,9,-1,1,-1
201514A147615,1,9,0,4,0,0,0,0,0,0,2,1,1,1,48,8,-1,-1,-1,-1,1,-1
201514A147615,2,9,0,18,0,0,1,0,0,0,1,1,6,2,76,11,998,1,13,-1,1,-1
201514A148415,1,9,0,5,0,6,0,0,0,0,3,1,2,2,44,7,1390,1,4,-1,1,-1
201514A148415,2,9,0,18,0,8,0,0,0,0,4,1,2,1,30,6,1398,2,12,-1,1,-1
201514A148615,1,9,0,18,0,2,0,0,0,0,1,1,6,3,-1,-1,-1,-1,-1,-1,1,-1
201514A148915,1,9,0,18,0,6,0,0,0,0,1,1,6,1,39,7,1796,1,13,-1,1,-1
201514A148915,2,5,0,18,0,1,0,0,0,0,1,1,6,1,55,8,988,1,13,-1,1,-1
201514A149115,1,9,0,18,0,0,0,0,0,0,3,1,6,1,57,9,2179,2,5,-1,3,-1
201514A149115,2,9,0,18,0,0,0,0,0,0,3,1,6,1,27,6,-1,-1,-1,-1,1,-1
201514A149315,1,9,0,3,0,1,0,0,0,0,2,1,6,2,32,6,998,1,7,-1,1,-1
201514A149315,2,9,0,18,0,1,0,0,0,0,1,1,6,3,-1,-1,2179,2,8,-1,-1,-1
201514A149815,1,11,0,18,0,1,0,0,0,0,1,1,1,1,53,8,7300,2,12,-1,1,-1
201514A149815,2,4,0,13,0,2,1,0,0,0,1,1,2,1,41,7,248,1,16,-1,1,-1
201514A150315,1,9,0,13,0,1,0,0,0,0,4,1,6,1,48,8,2143,2,4,-1,1,-1
201514A150315,2,5,0,14,0,1,0,0,0,0,3,1,6,2,43,7,779,1,5,-1,1,-1
201514A150315,3,9,0,2,0,2,0,0,0,0,4,1,6,1,58,9,2498,1,15,-1,1,-1
201514A150515,1,9,0,5,0,0,0,0,0,0,1,1,2,1,30,6,1968,2,3,-1,-1,-1
201514A150515,2,5,0,18,0,0,0,0,0,0,1,1,2,1,48,8,849,1,16,-1,1,-1
201514A150715,1,9,0,9,0,5,0,0,0,0,1,1,6,1,78,11,1797,8,1,-1,3,-1
201514A150715,2,1,0,18,0,8,0,0,0,0,1,1,6,2,68,10,-1,-1,-1,-1,3,-1
201514A150915,1,9,0,5,0,4,0,0,0,0,1,1,2,2,39,7,1242,1,10,-1,1,-1
201514A150915,2,1,0,18,0,8,0,0,0,0,4,1,2,2,50,8,-1,-1,-1,-1,1,-1
201514A151115,1,9,0,18,0,2,0,0,0,0,4,1,6,1,56,9,1299,1,10,-1,1,-1
201514A151415,1,9,0,5,0,0,0,0,0,0,1,1,6,1,-1,-1,-1,-1,-1,-1,1,-1
201514A151615,1,9,0,18,0,8,1,0,1,0,1,1,3,1,71,10,2993,2,7,-1,1,-1
201514A151615,2,9,0,10,0,6,0,0,0,0,1,1,3,1,39,7,1461,2,9,-1,2,-1
201514A151815,1,11,0,3,0,0,0,0,0,0,0,1,1,1,49,8,6700,2,3,-1,1,-1
201514A152015,1,9,0,18,0,0,0,0,0,0,1,1,6,1,52,8,-1,-1,-1,-1,1,-1
201514A152015,2,9,0,4,0,0,0,0,0,0,2,1,6,1,25,5,1956,2,4,-1,1,-1
201514A152115,1,9,0,4,0,4,0,0,0,0,2,1,6,1,31,6,1560,2,5,-1,2,-1
201514A152115,2,9,0,18,0,4,0,0,0,0,1,1,6,1,65,9,-1,-1,-1,-1,1,-1
201514A152215,1,19,0,18,0,0,0,0,0,0,3,1,1,1,25,5,1968,2,1,-1,2,-1
201514A152215,2,9,0,18,0,0,0,0,5,6,4,1,1,1,27,6,1598,2,2,-1,1,-1
201514A152515,1,21,0,12,0,8,0,0,0,0,1,1,1,1,34,6,-1,-1,-1,-1,-1,-1
201514A152515,2,9,0,5,0,8,1,10,1,7,3,1,1,1,28,6,1968,2,7,-1,1,-1
201514A152615,1,9,0,3,0,0,0,0,0,0,2,1,1,2,27,6,1753,2,12,-1,1,-1
201514A152615,2,9,0,18,0,0,0,0,0,0,1,1,6,3,-1,-1,-1,-1,-1,-1,-1,-1
201514A152715,1,9,0,18,0,8,0,0,0,0,1,1,6,2,25,5,1399,2,6,-1,1,-1
201514A152715,2,9,0,9,0,6,0,0,0,0,3,1,6,1,51,8,1198,1,4,-1,2,-1
201514A152915,1,19,0,1,0,0,0,0,0,0,2,1,1,1,20,4,2143,2,-1,-1,2,-1
201514A153015,1,90,5,18,0,2,4,0,1,9,4,1,1,2,22,5,-1,-1,-1,-1,1,-1
201514A153015,2,9,0,12,0,7,0,0,0,6,3,1,6,1,67,10,1595,1,4,-1,1,-1
201514A153115,1,4,0,18,0,0,0,4,0,0,3,1,1,1,55,8,499,1,3,-1,1,-1
201514A153115,2,20,0,2,0,0,0,0,0,0,2,1,6,1,52,8,-1,-1,-1,-1,1,-1
201514A153215,1,9,0,18,0,8,0,0,0,0,3,1,6,2,55,8,1956,2,4,-1,1,-1
201514A153215,2,9,0,18,0,3,0,0,0,0,1,1,6,1,23,5,1896,2,12,-1,1,-1
201514A153315,1,1,0,3,0,1,0,4,0,0,3,1,2,1,53,8,-1,-1,-1,-1,1,-1
201514A153315,2,19,0,5,0,1,0,0,0,0,4,1,6,3,-1,-1,-1,-1,-1,-1,-1,-1
201514A153415,1,9,0,4,0,0,1,0,0,0,2,1,6,2,39,7,1497,1,12,-1,1,-1
201514A153415,2,9,0,18,0,0,0,0,0,0,1,1,6,3,-1,-1,-1,-1,-1,-1,-1,-1
201514A153615,1,1,0,9,0,3,0,0,0,0,2,1,2,1,29,6,-1,-1,-1,-1,1,-1
201514A153615,2,9,0,5,0,4,0,0,0,0,1,1,3,2,49,8,1598,1,15,-1,1,-1
201514A154015,1,9,0,18,0,0,1,0,0,0,4,1,6,1,27,6,1124,1,14,-1,3,-1
201514A155315,1,9,0,18,0,0,0,0,0,0,1,1,6,2,53,8,2143,2,2,-1,1,-1
201514A155315,2,9,0,3,0,0,0,0,0,0,2,1,1,1,28,6,-1,-1,-1,-1,2,-1
201514A155615,1,9,0,7,0,5,0,0,0,0,2,1,6,1,39,7,1199,1,15,-1,1,-1
201514A155615,2,1,0,18,0,1,0,0,0,0,1,1,2,2,47,8,-1,-1,-1,-1,1,-1
201514A155715,1,9,0,18,0,2,0,0,0,0,1,1,2,2,27,6,1229,1,11,-1,1,-1
201514A155715,2,9,0,3,0,2,0,0,0,0,2,1,2,2,44,7,3200,2,9,-1,1,-1
201514A156015,1,9,0,18,0,8,1,10,7,2,4,1,6,1,26,6,1796,1,15,-1,1,-1
201514A156115,1,9,0,5,0,8,0,0,0,0,1,1,6,1,40,7,1598,1,13,-1,1,-1
201514A156115,2,9,0,5,0,4,0,0,0,0,3,1,6,2,54,8,1242,1,5,-1,1,-1
201514A156215,1,9,0,7,0,2,0,0,0,0,0,1,1,1,34,6,-1,-1,-1,-1,1,-1
201514A156315,1,9,0,18,0,0,0,0,1,11,1,1,6,1,34,6,1896,2,7,-1,1,-1
201514A156415,1,9,0,18,0,0,1,10,5,6,1,1,6,1,35,6,1242,1,8,-1,1,-1
201514A156415,2,9,0,18,0,0,1,0,0,0,1,1,6,1,27,6,1796,1,7,-1,1,-1
201514A156615,1,9,0,9,0,5,0,0,0,0,1,1,6,3,-1,-1,-1,-1,-1,-1,-1,-1
201514A156615,2,9,0,18,0,8,0,0,0,0,1,1,6,2,27,6,996,1,2,-1,1,-1
201514A156715,1,9,0,18,0,8,0,0,1,10,1,1,6,2,71,10,1329,1,3,-1,1,-1
201514A156715,2,9,0,8,0,6,0,0,0,0,1,1,6,2,44,7,1686,2,10,-1,1,-1
201514A157015,1,9,0,4,0,0,0,0,0,0,1,1,6,1,34,6,1587,1,13,-1,1,-1
201514A157015,2,9,0,3,0,0,0,0,0,0,2,1,1,1,21,5,1596,1,1,-1,1,-1
201514A157315,1,1,0,18,0,0,0,0,0,0,0,1,6,2,49,8,-1,-1,-1,-1,1,-1
201514A157315,2,19,0,18,0,0,0,0,0,0,0,1,6,3,-1,-1,-1,-1,-1,-1,-1,-1
201514A157415,1,9,0,9,0,5,0,0,0,0,4,1,2,1,24,5,1796,1,7,-1,1,-1
201514A157415,2,9,0,18,0,8,0,0,0,0,1,1,6,1,25,5,1197,1,-1,-1,1,-1
201514A157515,1,9,0,18,0,1,0,0,0,0,1,1,6,3,-1,-1,-1,-1,-1,-1,1,-1
201514A157815,1,9,0,3,0,4,0,0,0,0,2,1,6,2,28,6,1198,1,12,-1,1,-1
201514A157815,2,9,0,18,0,1,0,0,0,0,1,1,6,3,-1,-1,1798,1,14,-1,-1,-1
201514A158015,1,9,0,18,0,1,0,0,0,0,1,1,6,1,34,6,1988,1,12,-1,1,-1
201514A158015,2,1,0,18,0,1,0,0,0,0,1,1,6,1,7,2,-1,-1,-1,-1,1,-1
201514A158115,1,9,0,5,0,2,0,0,0,0,1,1,6,2,65,9,998,1,16,-1,1,-1
201514A158115,2,3,0,18,0,1,0,0,0,0,1,1,6,1,36,7,125,1,3,-1,1,-1
201514A158415,1,9,0,3,0,0,0,0,0,0,2,1,6,1,21,5,1229,1,8,-1,1,-1
201514A158415,2,9,0,18,0,0,0,0,0,0,1,1,6,3,-1,-1,1086,1,8,-1,-1,-1
201514A158515,1,9,0,1,0,0,0,0,0,0,2,1,6,3,-1,-1,-1,-1,-1,-1,-1,-1
201514A158515,2,9,0,2,0,0,0,0,0,0,1,1,1,1,49,8,1248,2,2,-1,1,-1
201514A158815,1,9,0,3,0,0,0,0,0,0,2,1,6,1,23,5,1968,2,9,-1,1,-1
201514A158815,2,9,0,3,0,0,0,0,0,0,2,1,6,2,19,4,1242,1,8,-1,2,-1
201514A158815,3,9,0,3,0,0,0,0,0,0,2,1,2,1,29,6,1368,1,9,-1,1,-1
201514A158815,4,9,0,18,0,0,0,0,0,0,1,1,1,1,41,7,1598,2,3,-1,1,-1
201514A158915,1,9,0,18,0,3,0,0,0,0,1,1,6,2,24,5,-1,-1,-1,-1,3,-1
201514A158915,2,9,0,18,0,1,0,0,0,0,2,1,6,1,60,9,1686,2,7,-1,1,-1
201514A159015,1,19,0,3,0,0,0,0,0,0,2,1,1,1,30,6,2198,2,1,-1,1,-1
201514A159015,2,3,0,18,0,0,1,0,0,0,1,1,6,1,17,4,124,1,5,-1,1,-1
201514A159215,1,9,0,18,0,0,0,0,0,0,1,1,6,2,23,5,1296,1,9,-1,1,-1
201514A159215,2,9,0,18,0,0,0,0,0,0,2,1,6,1,35,6,1995,2,8,-1,1,-1
201514A159515,1,9,0,9,0,6,0,0,0,0,1,1,6,1,28,6,-1,-1,-1,-1,1,-1
201514A159515,2,9,0,18,0,1,0,0,0,0,1,1,6,1,28,6,1995,2,4,-1,1,-1
201514A159615,1,9,0,9,0,6,0,0,0,0,1,1,6,1,38,7,-1,-1,-1,-1,2,-1
201514A159615,2,9,0,18,0,8,0,0,0,0,1,1,6,1,64,9,1399,2,7,-1,1,-1
201514A160015,1,19,0,18,0,1,0,0,0,0,0,1,1,1,48,8,-1,-1,-1,-1,1,-1
201514A160015,2,9,0,18,0,8,0,0,0,0,2,1,6,1,30,6,1997,2,11,-1,1,-1
201514A160015,3,9,0,18,0,8,0,0,0,0,1,1,6,1,23,5,1395,1,-1,-1,1,-1
201514A160315,1,9,0,3,0,1,0,0,0,0,2,1,6,1,48,8,2184,2,5,-1,1,-1
201514A160315,2,9,0,18,0,1,0,0,0,0,1,1,6,2,22,5,-1,-1,-1,-1,1,-1
201514A160715,1,9,0,7,0,8,0,4,3,1,1,1,6,1,53,8,1951,2,14,-1,1,-1
201514A160715,2,9,0,2,0,1,0,0,0,0,2,1,6,2,44,7,1560,2,6,-1,1,-1
201514A160715,3,9,0,2,0,1,0,0,0,0,1,1,6,1,63,9,1753,2,13,-1,1,-1
201514A160715,4,9,0,2,0,1,0,0,0,0,2,1,6,1,35,6,1995,2,8,-1,1,-1
201514A160715,5,9,0,2,0,1,0,0,0,0,1,1,6,1,35,6,-1,-1,-1,-1,1,-1
201514A161215,1,9,0,18,0,5,0,0,0,0,4,1,1,2,30,6,1995,2,9,-1,1,-1
201514A161415,1,9,0,18,0,0,2,0,7,2,3,1,6,1,18,4,1395,1,-1,-1,1,-1
201514A161615,1,9,0,18,0,4,0,0,0,0,1,1,6,1,44,7,1598,2,4,-1,1,-1
201514A161615,2,5,0,18,0,3,1,0,0,0,2,1,1,1,31,6,599,1,15,-1,1,-1
201514A161715,1,9,0,18,0,0,5,0,0,0,1,1,6,2,42,7,1598,1,13,-1,1,-1
201514A161715,2,9,0,18,0,0,0,0,0,0,4,1,6,2,49,8,1398,1,4,-1,1,-1
201514A162015,1,1,0,5,2,8,0,0,0,0,2,1,1,1,22,5,-1,-1,-1,-1,1,-1
201514A162015,2,9,0,5,0,8,0,0,0,0,3,1,1,1,34,6,1995,2,4,-1,1,-1
201514A162215,1,3,0,15,0,0,0,0,0,0,1,1,2,1,30,6,-1,-1,-1,-1,1,-1
201514A162215,2,9,0,11,0,0,0,0,0,0,4,1,2,1,34,6,1596,1,4,-1,1,-1
201514A162215,3,9,0,3,0,0,0,0,0,0,3,1,2,2,50,8,1398,2,11,-1,1,-1
201514A162315,1,9,0,5,0,0,0,0,0,0,4,1,3,1,25,5,1896,2,13,-1,1,-1
201514A162515,1,21,0,18,0,0,0,0,0,0,2,1,1,1,31,6,10518,2,-1,-1,1,-1
201514A162515,2,9,0,18,0,0,1,0,0,0,1,1,6,1,23,5,1995,1,13,-1,1,-1
201514A162615,1,8,0,9,0,8,0,0,0,0,3,1,1,1,44,7,1997,2,3,-1,1,-1
201514A162615,2,9,0,13,0,8,0,0,7,1,4,1,1,1,44,7,1598,2,-1,-1,1,-1
201514A163015,1,9,0,18,0,2,0,0,0,0,1,1,6,2,44,7,998,1,1,-1,1,-1
201514A163415,1,9,0,18,0,8,0,0,0,0,3,1,6,2,42,7,1796,1,11,-1,1,-1
201514A163415,2,9,0,9,0,5,0,0,0,0,1,1,6,2,60,9,-1,-1,-1,-1,-1,-1
201514A163515,1,9,0,2,0,0,0,0,0,0,4,1,6,3,-1,-1,-1,-1,-1,-1,1,-1
201514A163715,1,9,0,18,0,0,0,0,0,0,2,1,6,1,28,6,1910,2,7,-1,1,-1
201514A163715,2,9,0,18,0,0,0,0,0,0,1,1,6,1,19,4,1798,1,13,-1,1,-1
201514A163815,1,5,0,17,0,0,1,0,1,9,3,1,1,1,37,7,1170,1,1,-1,1,-1
201514A164115,1,9,0,18,0,0,0,0,0,0,2,1,2,2,43,7,2993,2,-1,-1,3,-1
201514A164115,2,9,0,18,0,0,0,0,0,0,1,1,2,1,46,8,1956,2,5,-1,1,-1
201514A164515,1,8,0,18,0,1,0,0,0,0,2,1,1,1,39,7,1896,2,10,-1,1,-1
201514A164515,2,9,0,18,0,1,0,0,0,0,1,1,6,1,47,8,-1,-1,-1,-1,1,-1
201514A164715,1,9,0,3,0,1,0,0,0,0,4,1,1,2,27,6,1598,1,1,-1,1,-1
201514A164815,1,9,0,4,0,0,0,0,0,0,0,1,6,2,45,7,1598,1,7,-1,1,-1
201514A164815,2,9,0,11,0,0,0,0,0,0,0,1,6,1,29,6,1598,1,12,-1,1,-1
201514A164915,1,9,0,12,0,0,0,0,0,0,3,1,6,2,18,4,998,1,3,-1,1,-1
201514A164915,2,9,0,18,0,0,0,0,0,0,1,1,6,1,22,5,1995,2,2,-1,1,-1
201514A164915,3,9,0,18,0,0,0,0,0,0,4,1,6,3,-1,-1,-1,-1,-1,-1,-1,-1
201514A165515,1,9,0,18,0,0,0,0,0,0,4,1,1,1,47,8,1997,2,6,-1,1,-1
201514A165715,1,9,0,18,0,0,0,0,0,0,1,1,1,1,27,6,1598,1,5,-1,1,-1
201514A165715,2,9,0,2,0,0,0,0,0,0,2,1,3,2,37,7,1995,2,12,-1,1,-1
201514A165915,1,9,0,16,0,0,1,0,7,10,1,1,6,1,22,5,1587,1,9,-1,1,-1
201514A166015,1,9,0,18,0,0,0,0,0,0,1,1,1,1,32,6,-1,-1,-1,-1,1,-1
201514A166115,1,9,0,18,0,0,0,0,0,0,1,1,6,1,50,8,1956,2,3,-1,2,-1
201514A166315,1,21,0,18,0,6,0,0,7,0,1,1,4,1,37,7,-1,-1,-1,-1,-1,-1