Accident_Index,Vehicle_Reference,Vehicle_Type,Towing_and_Articulation,Vehicle_Manoeuvre,Vehicle_Location-Restricted_Lane,Junction_Location,Skidding_and_Overturning,Hit_Object_in_Carriageway,Vehicle_Leaving_Carriageway,Hit_Object_off_Carriageway,1st_Point_of_Impact,Was_Vehicle_Left_Hand_Drive?,Journey_Purpose_of_Driver,Sex_of_Driver,Age_of_Driver,Age_Band_of_Driver,Engine_Capacity_(CC),Propulsion_Code,Age_of_Vehicle,Driver_IMD_Decile,Driver_Home_Area_Type,Vehicle_IMD_Decile
201514A198215,2,9,0,2,0,0,0,0,2,2,2,1,6,2,45,7,1364,1,10,-1,1,-1
201514A198315,1,9,0,3,0,1,0,0,0,0,2,1,6,2,54,8,1999,1,1,-1,1,-1
201514A198315,2,9,0,4,0,1,0,0,0,0,1,1,6,2,21,5,1199,1,14,-1,1,-1
201514A198415,1,9,0,18,0,8,0,0,0,0,1,1,6,1,75,10,1968,2,9,-1,2,-1
201514A198415,2,9,0,9,0,6,0,0,0,0,3,1,6,2,60,9,1896,2,13,-1,1,-1
201514A198515,1,9,0,3,0,1,0,0,0,0,1,1,6,1,34,6,1995,1,8,-1,3,-1
201514A198515,2,9,0,4,0,1,0,0,0,0,1,1,6,1,-1,-1,1997,2,2,-1,-1,-1
201514A198515,3,9,0,3,0,1,0,0,0,0,1,1,1,1,-1,-1,1997,2,10,-1,-1,-1
201514A198515,4,9,0,3,0,1,0,0,0,0,1,1,6,1,39,7,1995,2,8,-1,-1,-1
201514A198715,1,1,0,18,0,0,0,0,0,0,3,1,6,1,42,7,-1,-1,-1,-1,1,-1
201514A198715,2,9,0,18,0,0,0,0,0,0,1,1,6,3,-1,-1,-1,-1,-1,-1,-1,-1
201514A198815,1,9,0,18,0,1,0,0,0,0,0,1,6,2,26,6,1149,1,11,-1,1,-1
201514A198815,2,9,0,18,0,1,0,0,0,0,1,1,6,3,-1,-1,-1,-1,-1,-1,-1,-1
201514A198815,3,9,0,18,0,1,0,0,0,0,2,1,6,3,-1,-1,-1,-1,-1,-1,-1,-1
201514A199015,1,9,0,18,0,1,0,0,0,0,1,1,6,1,24,5,2401,2,13,-1,2,-1
201514A199215,1,9,0,16,0,3,1,0,7,2,1,1,6,2,57,9,1229,1,10,-1,1,-1
201514A199415,1,9,0,18,0,1,0,0,0,0,1,1,6,2,57,9,1598,1,2,-1,1,-1
201514A199415,2,9,0,5,0,1,0,0,0,0,2,1,6,1,22,5,1299,1,13,-1,1,-1
201514A199515,1,9,0,9,0,5,0,0,0,0,4,1,1,1,23,5,1968,2,6,-1,1,-1
201514A199615,1,9,0,18,0,2,0,0,0,0,1,1,6,3,-1,-1,-1,-1,-1,-1,1,-1
201514A199715,1,9,0,7,0,4,0,0,0,0,4,1,6,1,32,6,1910,2,11,-1,1,-1
201514A199715,2,9,0,5,0,4,0,0,0,0,1,1,6,1,31,6,1995,2,9,-1,-1,-1
201514A199915,1,9,0,8,0,6,0,0,0,0,0,1,6,1,46,8,1995,2,3,-1,1,-1
201514A199915,2,3,0,18,0,8,1,0,0,0,0,1,6,1,25,5,125,1,1,-1,1,-1
201514A200015,1,9,0,5,0,6,0,0,0,0,3,1,6,2,29,6,1794,1,15,-1,-1,-1
201514A200015,2,5,0,18,0,1,1,0,0,0,1,1,6,1,56,9,1690,1,-1,-1,1,-1
201514A200115,1,9,0,18,0,0,0,0,0,0,2,1,6,1,56,9,2179,2,-1,-1,1,-1
201514A200115,2,9,0,18,0,0,0,0,0,0,1,1,6,2,61,9,998,1,14,-1,1,-1
201514A200215,1,9,0,3,0,1,0,0,0,0,1,1,6,2,38,7,1995,2,5,-1,1,-1
201514A200215,2,9,0,3,0,1,0,0,0,0,2,1,6,1,52,8,1598,2,4,-1,3,-1
201514A200215,3,9,0,10,0,1,0,0,0,0,2,1,6,2,34,6,1390,1,-1,-1,1,-1
201514A200315,1,8,0,5,0,2,0,0,0,0,1,1,1,1,46,8,1956,2,4,-1,1,-1
201514A200415,1,9,0,18,0,4,0,0,0,0,4,1,6,2,43,7,1386,1,9,-1,1,-1
201514A200415,2,9,0,18,0,8,0,0,0,0,1,1,6,2,-1,-1,1587,1,9,-1,1,-1
201514A200615,1,9,0,5,0,4,0,0,0,0,3,1,2,1,24,5,1995,2,2,-1,1,-1
201514A200615,2,1,0,18,0,8,0,0,0,0,1,1,6,1,37,7,-1,-1,-1,-1,1,-1
201514A200815,1,9,0,10,0,1,0,0,0,0,2,1,6,2,58,9,1997,2,12,-1,1,-1
201514A200815,2,9,0,18,0,1,0,0,0,0,1,1,6,1,19,4,998,1,10,-1,1,-1
201514A201015,1,9,0,9,0,6,0,0,0,0,3,1,6,1,42,7,1242,1,7,-1,2,-1
201514A201015,2,9,0,18,0,1,0,0,0,0,1,1,2,1,55,8,1753,2,14,-1,1,-1
201514A201215,1,9,0,18,0,0,1,10,8,2,1,1,6,1,25,5,1781,1,14,-1,1,-1
201514A201315,1,9,0,18,0,1,1,0,0,0,1,1,6,2,35,6,1360,1,15,-1,1,-1
201514A201315,2,9,0,9,0,6,0,0,0,0,3,1,6,2,43,7,998,1,9,-1,3,-1
201514A201415,1,9,0,18,0,2,0,0,0,0,4,1,6,2,31,6,1997,2,8,-1,1,-1
201514A201415,2,20,0,18,0,2,0,0,0,0,1,1,6,3,-1,-1,4250,2,11,-1,-1,-1
201514A201515,1,9,0,18,0,0,0,0,1,2,1,1,6,1,45,7,2184,2,14,-1,1,-1
201514A201715,1,9,0,18,0,3,0,0,1,1,1,1,6,1,81,11,1598,1,6,-1,1,-1
201514A201915,1,9,0,5,0,0,0,0,0,0,0,1,1,1,61,9,-1,-1,-1,-1,2,-1
201514B000215,1,9,0,9,0,5,0,0,0,0,3,1,6,2,50,8,1386,1,6,-1,2,-1
201514B000315,1,9,0,18,0,6,0,0,0,0,1,1,6,1,75,10,3239,1,23,-1,1,-1
201514B000315,2,19,0,18,0,8,0,0,0,0,1,1,1,1,51,8,4462,2,2,-1,1,-1
201514B000315,3,9,0,3,0,1,0,0,0,0,3,1,2,1,20,4,-1,-1,-1,-1,2,-1
201514B000315,4,19,0,18,0,1,0,0,0,0,3,1,2,1,30,6,2198,2,7,-1,1,-1
201514B001215,1,9,0,4,0,0,0,0,0,0,0,1,1,1,68,10,3960,6,16,-1,1,-1
201514B001215,2,9,0,18,0,0,0,11,0,0,1,1,6,1,31,6,-1,-1,-1,-1,1,-1
201514B001215,3,9,0,4,0,0,0,0,0,0,2,1,6,1,66,10,2776,2,10,-1,1,-1
201514B001215,4,9,0,18,0,0,0,0,0,0,1,1,6,1,34,6,-1,-1,-1,-1,1,-1
201514B001815,1,9,0,18,0,0,0,7,5,6,3,1,1,1,38,7,-1,-1,-1,-1,1,-1
201514B002215,1,9,0,3,0,1,0,0,0,0,2,1,6,1,30,6,-1,-1,-1,-1,1,-1
201514B002215,2,9,0,3,0,1,0,0,0,0,2,1,6,2,44,7,1229,1,9,-1,1,-1
201514B002215,3,9,0,18,0,1,0,0,0,0,1,1,6,1,-1,-1,1753,2,5,-1,1,-1
201514B002315,1,9,0,18,0,1,0,0,1,10,1,1,6,1,22,5,1560,2,7,-1,1,-1
201514B002315,2,9,0,2,0,2,0,0,0,0,3,1,6,1,33,6,-1,-1,-1,-1,1,-1
201514B002415,1,9,0,18,0,1,0,0,0,0,1,1,6,1,33,6,1248,2,3,-1,1,-1
201514B002515,1,9,0,18,0,0,0,0,0,0,1,1,6,3,-1,-1,-1,-1,-1,-1,1,-1
201514B003415,1,9,0,3,0,1,0,0,0,0,3,1,6,2,17,4,1248,2,9,-1,1,-1
201514B003415,2,8,0,3,0,1,0,0,0,0,1,1,1,1,48,8,1997,2,6,-1,1,-1
201514B003615,1,9,0,5,0,0,0,0,0,0,1,1,1,1,64,9,1598,2,1,-1,1,-1
201514B004415,1,9,0,18,0,1,0,0,0,0,1,1,6,2,23,5,1296,1,8,-1,1,-1
201514B004915,1,9,0,18,0,0,0,0,0,0,1,1,6,1,42,7,2495,2,17,-1,3,-1
201514B005115,1,9,0,18,0,0,1,0,7,11,1,1,1,2,34,6,-1,-1,-1,-1,2,-1
201514B005215,1,9,0,17,0,0,0,0,0,0,1,1,6,1,35,6,1753,2,11,-1,1,-1
201514B005215,2,9,0,16,0,0,1,0,0,0,1,1,6,1,40,7,-1,-1,-1,-1,2,-1
201514B005315,1,9,0,1,0,2,0,0,0,0,2,1,6,3,-1,-1,-1,-1,-1,-1,2,-1
201514B005515,1,11,0,3,0,0,0,0,0,0,2,1,1,2,59,9,6692,2,1,-1,1,-1
201514B005515,2,9,0,3,0,0,0,0,0,0,2,1,6,1,59,9,1796,1,7,-1,1,-1
201514B005515,3,19,0,18,0,0,1,0,0,0,1,1,6,1,66,10,2500,2,7,-1,1,-1
201514B005515,4,9,0,18,0,0,0,0,0,0,0,1,6,1,18,4,1399,2,6,-1,3,-1
201514B006015,1,9,0,14,0,0,1,0,0,0,1,1,6,2,25,5,1149,1,7,-1,1,-1
201514B006015,2,9,0,2,0,0,0,0,0,0,2,1,6,2,65,9,-1,-1,-1,-1,1,-1
201514B006415,1,9,0,18,0,1,0,0,0,0,1,1,6,2,44,7,1994,2,10,-1,1,-1
201514B006615,1,9,0,17,0,0,1,0,1,4,1,1,2,2,28,6,1396,2,3,-1,2,-1
201514B007515,1,9,0,18,0,8,0,0,0,0,1,1,4,2,24,5,1229,1,9,-1,1,-1
201514B007515,2,9,0,9,0,8,0,0,0,0,4,1,4,2,18,4,1598,2,3,-1,1,-1
201514B007615,1,9,0,4,0,1,0,0,0,0,2,1,6,1,60,9,-1,-1,-1,-1,1,-1
201514B007615,2,9,0,18,0,1,0,0,0,0,1,1,6,3,-1,-1,1997,2,13,-1,-1,-1
201514B008015,1,9,0,18,0,8,1,0,7,10,4,1,6,2,43,7,-1,-1,-1,-1,2,-1
201514B008015,2,9,0,5,0,6,0,0,0,0,1,1,6,2,50,8,1956,2,5,-1,2,-1
201514B008315,1,9,0,18,0,1,0,0,0,0,1,1,6,2,80,11,1348,1,13,-1,1,-1
201514B008315,2,9,0,2,0,2,0,0,0,0,3,1,6,1,22,5,1995,2,10,-1,1,-1
201514B008315,3,9,0,2,0,2,0,0,0,0,3,1,6,3,19,4,1598,2,4,-1,1,-1
201514B008415,1,9,0,12,0,0,1,0,0,0,3,1,6,1,24,5,1997,2,8,-1,1,-1
201514B008415,2,19,0,18,0,0,0,0,4,6,4,1,1,1,39,7,-1,-1,-1,-1,1,-1
201514B008515,1,9,0,10,0,8,0,0,0,0,3,1,6,1,59,9,998,1,4,-1,1,-1
201514B008515,2,9,0,9,0,6,0,0,0,0,1,1,6,1,72,10,1390,1,13,-1,1,-1
201514B008615,1,9,0,4,0,2,0,0,0,0,2,1,6,2,19,4,998,1,1,-1,1,-1
201514B008615,2,9,0,4,0,2,1,0,0,0,1,1,6,1,20,4,1598,2,1,-1,1,-1
201514B008615,3,9,0,17,0,2,1,0,0,0,1,1,6,1,42,7,1984,2,1,-1,1,-1
201514B008715,1,2,0,9,0,5,0,0,0,0,1,1,6,1,16,4,49,1,11,-1,3,-1
201514B008715,2,9,0,18,0,8,0,0,0,0,1,1,6,2,37,7,1299,1,7,-1,1,-1
201514B008815,1,3,0,4,0,1,0,0,0,0,1,1,6,1,18,4,124,1,1,-1,1,-1
201514B008915,1,9,0,18,0,0,2,10,1,2,4,1,6,1,19,4,-1,-1,-1,-1,1,-1
201514B009315,1,9,0,16,0,2,1,10,1,11,1,1,6,1,18,4,973,1,14,-1,1,-1
201514B009615,1,9,0,18,0,8,0,0,0,0,1,1,6,2,29,6,1364,1,7,-1,1,-1
201514B009615,2,9,0,9,0,5,0,0,0,0,3,1,6,2,44,7,2497,1,11,-1,1,-1
201514B009915,1,9,0,18,0,2,0,0,0,0,1,1,2,1,18,4,1242,1,8,-1,2,-1
201514B009915,2,9,0,4,0,2,0,0,0,0,2,1,6,2,30,6,1399,2,12,-1,1,-1
201514B010215,1,11,0,16,0,3,0,0,0,0,0,1,1,1,26,6,6871,2,17,-1,1,-1
201514B011015,1,9,0,18,0,0,0,0,0,0,1,1,6,1,27,6,-1,-1,-1,-1,1,-1
201514B011015,2,9,0,13,0,0,0,0,0,0,1,1,6,1,48,8,2993,2,9,-1,1,-1
201514B011215,1,9,0,5,0,8,0,0,0,0,3,1,6,2,56,9,1998,1,11,-1,1,-1
201514B011215,2,19,0,18,0,8,0,0,0,0,1,1,1,1,42,7,1968,2,2,-1,1,-1
201514B011415,1,9,0,9,0,5,0,0,0,0,2,1,2,1,33,6,-1,-1,-1,-1,2,-1
201514B011415,2,1,0,18,0,8,0,0,0,0,1,1,6,1,8,2,-1,-1,-1,-1,2,-1
201514B012015,1,19,0,4,0,1,0,0,0,0,1,1,1,1,41,7,-1,-1,-1,-1,1,-1
201514B012015,2,9,0,3,0,1,0,0,0,0,2,1,1,1,32,6,1995,2,2,-1,1,-1
201514B012115,1,9,0,3,0,2,0,0,0,0,2,1,1,2,44,7,1399,2,5,-1,1,-1
201514B012115,2,9,0,5,0,2,0,0,0,0,1,1,6,1,82,11,2231,2,3,-1,1,-1
201514B012715,1,9,0,18,0,0,0,0,0,0,2,1,1,2,45,7,1995,2,1,-1,1,-1
201514B012715,2,9,0,18,0,0,0,0,0,0,1,1,1,2,30,6,1598,1,10,-1,1,-1
201514B012715,3,9,0,18,0,0,0,0,0,0,2,1,1,1,-1,-1,-1,-1,-1,-1,1,-1
201514B012715,4,9,0,18,0,0,0,0,0,0,1,1,1,1,47,8,1870,2,11,-1,1,-1
201514B012715,5,9,0,18,0,0,0,0,0,0,1,1,1,1,22,5,-1,-1,-1,-1,2,-1
201514B012815,1,9,0,3,0,8,0,0,0,0,2,1,3,2,37,7,4163,2,8,-1,1,-1
201514B012815,2,9,0,4,0,8,1,0,0,0,1,1,3,2,32,6,998,1,17,-1,1,-1
201514B012915,1,9,0,18,0,1,0,0,0,0,1,1,6,3,-1,-1,-1,-1,-1,-1,1,-1
201514B013015,1,9,0,5,0,8,0,0,0,0,3,1,6,2,30,6,1242,1,9,-1,1,-1
201514B013015,2,9,0,16,0,8,0,0,0,0,1,1,6,1,29,6,1956,2,2,-1,1,-1
201514B013315,1,9,0,10,0,1,0,0,0,0,2,1,2,2,29,6,1149,1,12,-1,1,-1
201514B013315,2,9,0,3,0,1,0,0,0,0,2,1,6,1,33,6,1598,1,11,-1,1,-1
201514B013315,3,9,0,18,0,1,0,0,0,0,1,1,1,1,57,9,-1,-1,-1,-1,1,-1
201514B013515,1,9,0,3,0,0,0,0,0,0,2,1,6,2,59,9,-1,-1,-1,-1,3,-1
201514B013515,2,9,0,3,0,0,0,0,0,0,2,1,6,1,38,7,1598,1,8,-1,1,-1
201514B013515,3,9,0,4,0,0,0,0,0,0,1,1,6,1,19,4,1591,1,2,-1,1,-1
201514B013715,1,9,0,18,0,1,0,0,0,0,1,1,6,1,70,10,1560,2,3,-1,1,-1
201514B013715,2,9,0,9,0,1,0,0,0,0,3,1,6,1,45,7,2993,2,5,-1,3,-1
201514B013815,1,9,0,18,0,8,0,0,0,0,1,1,6,1,36,7,2830,2,20,-1,1,-1
201514B013815,2,19,0,18,0,8,0,0,0,0,4,1,1,1,35,6,-1,-1,-1,-1,1,-1
201514B014215,1,9,0,18,0,8,0,0,0,0,1,1,6,1,50,8,1598,1,9,-1,1,-1
201514B014215,2,1,0,18,9,8,0,0,0,0,3,1,6,1,14,3,-1,-1,-1,-1,1,-1
201514B014515,1,9,0,9,0,5,0,0,0,0,1,1,6,1,23,5,1870,2,13,-1,3,-1
201514B014515,2,1,0,18,0,1,0,0,0,0,1,1,6,1,52,8,-1,-1,-1,-1,1,-1
201514B014615,1,9,0,3,0,2,0,0,0,0,2,1,6,1,54,8,2979,1,10,-1,1,-1
201514B014615,2,9,0,4,0,2,0,0,0,0,1,1,6,1,35,6,1595,1,9,-1,1,-1
201514B015015,1,9,0,7,8,6,0,0,0,0,4,1,6,1,31,6,1968,2,10,-1,1,-1
201514B015015,2,9,0,7,8,6,0,0,0,0,1,1,6,2,31,6,1587,1,13,-1,1,-1
201514B015115,1,1,0,18,0,8,1,0,0,0,3,1,6,1,52,8,-1,-1,-1,-1,1,-1
201514B015115,2,9,0,18,0,8,0,0,0,0,1,1,6,1,20,4,1360,1,12,-1,2,-1
201514B015215,1,9,0,18,0,8,0,0,0,0,3,1,6,1,19,4,-1,-1,-1,-1,1,-1
201514B015215,2,9,0,10,0,1,0,0,0,0,2,1,6,2,59,9,998,1,14,-1,2,-1
201514B015215,3,9,0,18,0,1,0,0,0,0,1,1,6,1,69,10,2496,2,14,-1,3,-1
201514B015815,1,9,0,18,0,0,5,0,1,2,1,1,6,1,23,5,-1,-1,-1,-1,1,-1
201514B015815,2,9,0,2,0,0,0,0,0,0,2,1,6,1,33,6,-1,-1,-1,-1,1,-1
201514B015815,3,9,0,2,0,0,0,0,0,0,3,1,6,3,-1,-1,-1,-1,-1,-1,-1,-1
201514B015815,4,9,0,2,0,0,0,0,0,0,4,1,6,3,-1,-1,1497,1,13,-1,-1,-1
201514B015915,1,9,0,16,0,8,0,0,0,0,4,1,6,2,24,5,1199,2,4,-1,1,-1
201514B015915,2,9,0,17,0,8,0,0,0,0,3,1,6,3,-1,-1,-1,-1,-1,-1,-1,-1
201514B016115,1,8,0,18,0,0,0,0,0,0,4,1,1,3,-1,-1,-1,-1,-1,-1,1,-1
201514B016215,1,9,0,2,0,0,0,0,0,0,2,1,6,1,37,7,1390,1,1,-1,1,-1
201514B016215,2,9,0,18,0,0,0,0,0,0,1,1,6,3,35,6,1794,1,9,-1,3,-1
201514B016315,1,5,0,18,0,2,1,0,0,0,1,1,6,1,44,7,998,1,11,-1,1,-1
201514B016315,2,9,0,2,0,2,0,0,0,0,3,1,6,1,-1,-1,-1,-1,-1,-1,1,-1
201514B016715,1,9,0,9,0,6,0,0,0,0,1,1,6,1,65,9,1596,1,3,-1,3,-1
201514B016715,2,9,0,18,0,8,0,0,0,0,1,1,6,2,23,5,1229,1,4,-1,2,-1
201514B017015,1,9,0,18,0,2,0,0,1,4,2,1,1,1,32,6,-1,-1,-1,-1,1,-1
201514B017015,2,9,0,12,0,2,0,0,0,0,1,1,6,3,-1,-1,-1,-1,-1,-1,-1,-1
201514B017315,1,9,0,9,0,5,0,0,0,0,3,1,6,3,-1,-1,-1,-1,-1,-1,1,-1
201514B017415,1,9,0,18,0,2,0,0,0,0,1,1,6,2,31,6,-1,-1,-1,-1,1,-1
201514B017415,2,9,0,4,0,2,0,0,0,0,2,1,6,2,48,8,1360,1,7,-1,1,-1
201514B017815,1,9,0,18,0,2,0,0,0,0,4,1,2,1,52,8,1560,2,4,-1,1,-1
201514B018715,1,9,0,3,0,2,0,0,0,0,2,1,6,2,36,7,2143,2,2,-1,3,-1
201514B018715,2,9,0,18,0,2,0,0,0,0,1,1,6,1,73,10,1560,2,7,-1,3,-1
201514B019015,1,11,0,18,0,0,0,0,0,0,0,1,6,1,35,6,9000,2,3,-1,3,-1
201514B019215,1,9,0,9,0,6,0,0,0,0,4,1,1,2,46,8,1598,1,2,-1,1,-1
201514B019215,2,9,0,18,0,8,0,0,0,0,3,1,6,2,65,9,1596,1,2,-1,1,-1
201514B019415,1,9,0,18,0,8,0,0,0,0,1,1,6,1,24,5,-1,-1,-1,-1,1,-1
201514B019415,2,9,0,18,0,8,0,0,0,0,1,1,6,3,-1,-1,-1,-1,-1,-1,-1,-1
201514B019915,1,9,0,18,0,1,1,10,0,0,1,1,6,1,21,5,1368,1,9,-1,1,-1
201514B019915,2,9,0,18,0,2,0,0,0,0,1,1,6,1,73,10,1598,1,5,-1,2,-1
201514B020015,1,9,0,18,0,1,0,0,3,1,1,1,6,1,21,5,-1,-1,-1,-1,1,-1
201514B020215,1,3,0,18,0,1,0,0,0,0,1,1,6,1,24,5,124,1,10,-1,1,-1
201514B020215,2,9,0,9,0,6,0,0,0,0,1,1,6,2,35,6,1870,2,13,-1,1,-1
201514B020315,1,9,0,2,0,1,0,0,0,0,2,1,6,2,37,7,1397,1,15,-1,1,-1
201514B020315,2,9,0,18,0,1,0,0,0,0,1,1,6,1,73,10,-1,-1,-1,-1,1,-1
201514B021015,1,3,0,17,0,0,0,0,7,11,1,1,6,1,19,4,124,1,2,-1,1,-1
201514B021215,1,9,0,18,0,8,0,0,0,0,4,1,6,2,60,9,999,1,2,-1,3,-1
201514B021215,2,9,0,18,0,8,0,0,0,0,1,1,6,2,53,8,1997,2,12,-1,1,-1
201514B021415,1,9,5,16,0,0,3,0,1,11,4,1,6,1,45,7,3800,1,5,-1,3,-1
201514B021715,1,9,0,4,0,3,0,0,0,0,2,1,6,2,18,4,1043,1,21,-1,1,-1
201514B021715,2,9,0,4,0,3,0,0,0,0,2,1,6,1,-1,-1,1910,2,10,-1,1,-1
201514B021715,3,9,0,18,0,3,0,0,0,0,1,1,6,1,-1,-1,1596,1,13,-1,1,-1
201514B021815,1,3,0,18,0,0,0,0,1,11,1,1,6,2,17,4,-1,-1,-1,-1,3,-1
201514B022415,1,9,0,18,0,0,1,0,4,6,1,1,6,2,47,8,1598,1,10,-1,1,-1
201514B022515,1,9,0,18,0,0,0,0,0,0,1,1,2,1,58,9,1560,2,3,-1,3,-1
201514B022515,2,9,0,18,0,0,0,0,0,0,1,1,6,1,19,4,973,1,15,-1,3,-1
201514B022915,1,9,0,18,0,8,0,0,0,0,1,1,6,2,24,5,1896,2,15,-1,1,-1
201514B022915,2,9,0,18,0,8,0,0,0,0,3,1,6,1,40,7,1390,1,14,-1,1,-1
201514B023415,1,9,0,3,0,4,0,0,0,0,2,1,1,1,37,7,2488,2,7,-1,2,-1
201514B023415,2,10,0,18,0,1,1,0,0,0,1,1,1,1,67,10,2402,2,8,-1,1,-1
201514B023515,1,9,0,11,0,0,5,0,1,10,4,1,2,2,33,6,1998,2,8,-1,1,-1
201514B023515,2,9,0,18,0,0,0,0,0,0,3,1,2,1,56,9,-1,-1,-1,-1,1,-1
201514B023815,1,9,0,2,0,0,0,0,0,0,2,1,6,1,40,7,1896,2,13,-1,2,-1
201514B023815,2,9,0,18,0,0,0,0,0,0,1,1,6,2,26,6,1596,1,5,-1,2,-1
201514B024315,1,9,0,18,0,8,0,0,0,0,1,1,6,1,20,4,-1,-1,-1,-1,1,-1
201514B024315,2,9,0,9,0,5,0,0,0,0,1,1,6,2,70,10,-1,-1,-1,-1,1,-1
201514B024415,1,90,0,5,9,2,0,4,0,0,1,1,6,1,-1,-1,-1,-1,-1,-1,1,-1
201514B024415,2,9,0,2,0,2,0,0,0,0,2,1,6,1,70,10,1997,2,15,-1,2,-1
201514B024615,1,9,0,9,0,6,0,0,0,0,1,1,6,1,35,6,1598,1,10,-1,1,-1
201514B024615,2,9,0,18,0,8,0,0,0,0,1,1,6,1,67,10,1596,1,17,-1,3,-1
201514B025015,1,9,0,16,0,8,0,0,0,0,1,1,6,2,51,8,2198,2,6,-1,1,-1
201514B025115,1,9,0,5,0,8,0,0,0,0,2,1,6,1,53,8,1598,1,11,-1,1,-1
201514B025115,2,9,0,18,0,8,0,0,0,0,1,1,6,3,-1,-1,-1,-1,-1,-1,-1,-1
201514B025415,1,9,0,3,0,0,0,0,0,0,2,1,1,2,30,6,1896,2,11,-1,1,-1
201514B025415,2,3,0,18,0,0,0,0,0,0,1,1,2,1,27,6,102,1,-1,-1,1,-1
201514B025515,1,9,0,18,0,1,0,0,0,0,1,1,2,1,30,6,1390,1,15,-1,1,-1
201514B025815,1,9,0,5,0,0,0,0,0,0,4,1,6,1,47,8,2495,2,19,-1,1,-1
201514B025815,2,1,0,18,0,0,0,0,0,0,1,1,6,1,27,6,-1,-1,-1,-1,1,-1
201514B026115,1,9,0,18,0,0,0,0,1,11,1,1,6,2,37,7,1124,1,9,-1,1,-1
201514B026415,1,9,0,11,0,0,0,0,4,6,1,1,6,1,66,10,-1,-1,-1,-1,1,-1
201514B026415,2,9,0,18,0,0,0,0,0,0,2,1,6,1,82,11,1398,1,2,-1,1,-1
201514B026615,1,9,0,17,0,0,0,0,1,9,1,1,1,1,35,6,-1,-1,-1,-1,1,-1
201514B026615,2,9,0,16,0,0,0,0,0,0,1,1,6,2,24,5,1330,1,17,-1,1,-1
201514B026715,1,9,0,18,0,6,0,0,0,0,1,1,6,1,44,7,-1,-1,-1,-1,1,-1
201514B026715,2,9,0,18,0,8,0,0,0,0,4,1,6,1,46,8,-1,-1,-1,-1,1,-1
201514B026715,3,9,0,10,0,1,0,0,0,0,1,1,6,2,28,6,-1,-1,-1,-1,1,-1
201514B027115,1,8,0,18,0,1,5,10,2,11,1,1,1,1,67,10,1753,2,7,-1,2,-1
201514B027415,1,9,0,3,0,8,0,0,0,0,1,1,6,1,66,10,1596,1,10,-1,1,-1
201514B027415,2,9,0,3,0,8,0,0,0,0,2,1,6,1,-1,-1,3200,1,8,-1,-1,-1
201514B027715,1,11,0,5,0,0,0,0,0,0,0,1,1,1,49,8,4250,2,9,-1,3,-1
201514B027815,1,9,0,11,0,0,0,0,0,0,2,1,6,1,43,7,1596,1,1,-1,1,-1
201514B027815,2,9,0,18,0,0,0,0,1,0,1,1,6,1,24,5,1196,1,19,-1,1,-1
201514B028015,1,3,0,18,0,0,0,0,0,0,1,1,6,1,22,5,125,1,3,-1,1,-1
201514B028015,2,9,0,18,0,0,0,0,0,0,1,1,6,3,-1,-1,-1,-1,-1,-1,-1,-1
201514B028115,1,9,0,17,0,2,0,0,0,0,2,1,6,2,34,6,1560,2,5,-1,3,-1
201514B028115,2,9,0,16,0,1,0,0,0,0,1,1,6,1,28,6,1896,2,9,-1,1,-1
201514B028115,3,9,0,16,0,1,0,0,0,0,1,1,6,1,29,6,1970,1,13,-1,1,-1
201514B028415,1,21,0,18,0,0,0,0,0,0,1,1,1,1,43,7,12777,2,4,-1,-1,-1
201514B028415,2,9,0,18,0,0,0,0,0,0,2,1,1,1,22,5,1998,2,6,-1,1,-1
201514B028915,1,9,0,16,0,0,0,0,0,0,1,1,6,1,23,5,1997,2,13,-1,1,-1
201514B028915,2,9,0,16,0,0,0,0,0,0,1,1,6,2,31,6,2000,2,11,-1,1,-1
201514B029015,1,3,0,18,0,8,0,0,7,10,1,1,6,1,20,4,124,1,15,-1,1,-1
201514B029015,2,19,0,18,0,8,0,0,0,0,1,1,1,1,42,7,1995,2,2,-1,1,-1
201514B029115,1,9,0,4,0,1,0,0,1,11,1,1,3,2,39,7,-1,-1,-1,-1,1,-1
201514B029115,2,11,0,3,0,1,0,0,0,0,2,1,3,1,52,8,-1,2,23,-1,1,-1
201514B029215,1,9,0,3,0,0,0,0,0,0,2,1,6,1,36,7,2953,1,7,-1,2,-1
201514B029215,2,9,0,18,0,0,0,0,0,0,1,1,6,2,31,6,1896,2,10,-1,2,-1
201514B029315,1,9,0,12,0,0,1,0,5,6,1,1,6,1,27,6,1896,2,8,-1,3,-1
201514B029315,2,9,0,18,0,0,0,0,0,0,3,1,6,1,60,9,-1,-1,-1,-1,1,-1
201514B029915,1,9,0,12,0,0,0,0,0,0,1,1,6,1,20,4,1686,2,8,-1,1,-1
201514B029915,2,9,0,18,0,0,0,0,0,0,1,1,2,1,46,8,1242,1,9,-1,1,-1
201514B030015,1,9,0,18,0,8,0,0,7,1,1,1,6,1,17,4,1349,1,1,-1,1,-1
201514B030515,1,3,0,18,0,0,1,0,0,0,1,1,6,1,29,6,124,1,1,-1,1,-1
201514B030515,2,9,0,18,0,0,0,0,0,0,2,1,6,1,37,7,4244,1,12,-1,1,-1