Accident_Index,Vehicle_Reference,Vehicle_Type,Towing_and_Articulation,Vehicle_Manoeuvre,Vehicle_Location-Restricted_Lane,Junction_Location,Skidding_and_Overturning,Hit_Object_in_Carriageway,Vehicle_Leaving_Carriageway,Hit_Object_off_Carriageway,1st_Point_of_Impact,Was_Vehicle_Left_Hand_Drive?,Journey_Purpose_of_Driver,Sex_of_Driver,Age_of_Driver,Age_Band_of_Driver,Engine_Capacity_(CC),Propulsion_Code,Age_of_Vehicle,Driver_IMD_Decile,Driver_Home_Area_Type,Vehicle_IMD_Decile
201514B030515,3,9,0,18,0,0,0,0,0,0,2,1,6,2,27,6,1461,2,2,-1,1,-1
201514B030815,1,9,0,9,0,6,0,0,0,0,1,1,6,1,55,8,1388,1,13,-1,1,-1
201514B030815,2,5,0,18,0,8,0,0,0,0,1,1,6,1,42,7,953,1,11,-1,1,-1
201514B031015,1,9,0,18,0,0,0,0,0,0,1,1,6,1,17,4,-1,-1,-1,-1,1,-1
201514B031015,2,9,0,18,0,0,0,0,0,0,1,1,1,1,40,7,2967,2,1,-1,1,-1
201514B031015,3,9,0,18,0,0,0,0,0,0,1,1,6,1,41,7,2993,2,2,-1,-1,-1
201514B031115,1,9,0,18,0,8,0,0,0,0,3,1,1,1,29,6,-1,-1,-1,-1,1,-1
201514B031115,2,9,0,9,0,6,0,0,0,0,4,1,6,3,-1,-1,-1,-1,-1,-1,-1,-1
201514B031315,1,9,0,4,0,1,0,0,0,0,2,1,6,1,46,8,1560,2,3,-1,2,-1
201514B031315,2,9,0,4,0,1,0,0,1,3,2,1,6,1,60,9,-1,-1,-1,-1,1,-1
201514B031315,3,9,0,4,0,1,0,0,0,0,1,1,6,2,70,10,1968,2,1,-1,1,-1
201514B031415,1,8,0,18,0,2,0,0,0,0,3,1,1,1,54,8,1686,2,11,-1,1,-1
201514B031815,1,21,0,18,0,0,0,0,0,0,1,1,1,1,33,6,-1,-1,-1,-1,-1,-1
201514B031815,2,9,0,4,0,0,0,0,0,0,2,1,6,1,21,5,1396,2,4,-1,2,-1
201514B031915,1,3,0,18,0,8,1,0,0,0,1,1,6,1,36,7,125,1,1,-1,2,-1
201514B031915,2,9,0,17,0,8,0,0,0,0,1,1,6,1,54,8,1975,2,17,-1,2,-1
201514B032115,1,9,0,9,0,6,0,0,0,0,3,1,6,1,39,7,1400,1,8,-1,1,-1
201514B032115,2,9,0,18,0,8,1,0,0,0,1,1,6,1,48,8,1242,1,8,-1,1,-1
201514B032215,1,9,0,5,0,8,0,0,0,0,4,1,6,1,68,10,-1,-1,-1,-1,3,-1
201514B032215,2,9,0,18,0,8,0,0,0,0,1,1,6,1,55,8,-1,-1,-1,-1,1,-1
201514B032415,1,9,0,18,0,4,0,0,0,0,3,1,6,2,33,6,1910,2,9,-1,2,-1
201514B032415,2,1,0,18,0,8,0,0,0,0,1,1,6,1,52,8,-1,-1,-1,-1,1,-1
201514B032915,1,9,0,2,0,1,0,0,0,0,1,1,6,2,82,11,1149,1,12,-1,1,-1
201514B032915,2,9,0,18,0,1,0,0,0,0,2,1,6,1,52,8,1686,2,2,-1,1,-1
201514B033015,1,90,0,18,0,1,0,0,0,0,1,1,6,3,-1,-1,-1,-1,-1,-1,2,-1
201514B033115,1,19,0,1,9,0,0,0,0,0,2,1,6,1,53,8,-1,-1,-1,-1,1,-1
201514B033415,1,9,0,16,0,8,0,0,0,0,1,1,6,2,24,5,1598,1,13,-1,1,-1
201514B033415,2,9,0,9,0,5,0,0,0,0,1,1,6,1,49,8,1997,2,6,-1,1,-1
201514B033415,3,9,0,10,0,1,0,0,0,0,1,1,6,2,35,6,1686,2,4,-1,2,-1
201514B033715,1,9,0,2,0,0,0,0,0,0,1,1,6,2,54,8,1753,2,8,-1,2,-1
201514B033715,2,3,0,17,0,0,1,0,0,0,1,1,6,1,27,6,124,1,9,-1,1,-1
201514B033815,1,9,0,4,0,0,5,0,0,0,0,1,6,2,36,7,796,1,7,-1,1,-1
201514B033915,1,9,0,18,0,0,1,0,0,0,1,1,6,1,21,5,2495,2,20,-1,3,-1
201514B034115,1,9,0,14,0,0,0,0,0,0,1,1,6,1,19,4,1390,1,14,-1,1,-1
201514B034115,2,9,0,14,0,0,0,0,0,0,1,1,6,1,46,8,1686,2,2,-1,1,-1
201514B034315,1,9,0,18,0,1,0,0,7,11,3,1,6,1,46,8,1796,1,9,-1,1,-1
201514B034415,1,9,0,3,0,0,0,0,0,0,2,1,2,2,53,8,2148,2,12,-1,1,-1
201514B034415,2,9,0,18,0,0,0,0,0,0,1,1,6,1,34,6,1086,1,12,-1,1,-1
201514B034715,1,9,0,18,0,8,0,0,0,0,1,1,6,1,41,7,1686,2,3,-1,1,-1
201514B034715,2,11,0,18,0,8,0,0,0,0,0,1,1,1,56,9,4500,2,3,-1,1,-1
201514B034815,1,11,0,2,0,1,0,0,0,0,0,1,1,1,39,7,6871,2,17,-1,1,-1
201514B034915,1,11,0,17,0,0,0,0,0,0,0,1,1,2,35,6,11000,2,11,-1,1,-1
201514B035515,1,9,0,18,0,1,0,0,0,0,4,1,6,3,-1,-1,-1,-1,-1,-1,1,-1
201514B035815,1,8,0,18,0,6,0,0,0,0,1,1,6,1,35,6,-1,-1,-1,-1,1,-1
201514B035815,2,9,0,18,0,8,0,0,0,0,4,1,6,2,22,5,-1,-1,-1,-1,1,-1
201514B036115,1,9,0,18,0,0,0,0,0,0,2,1,6,2,40,7,1997,2,4,-1,1,-1
201514B036115,2,9,0,11,0,0,0,0,0,0,2,1,6,2,73,10,1598,1,13,-1,1,-1
201514B036115,3,9,0,18,0,0,0,0,0,0,1,1,6,1,19,4,1596,1,13,-1,1,-1
201514B036715,1,9,0,18,0,8,0,0,0,0,3,1,3,2,28,6,1896,2,14,-1,1,-1
201514B036715,2,9,0,9,0,6,0,0,0,0,1,1,6,2,-1,-1,996,1,6,-1,2,-1
201514B036915,1,9,0,18,0,0,0,0,0,0,1,1,6,2,20,4,1390,1,3,-1,1,-1
201514B036915,2,1,0,18,0,0,0,0,0,0,1,1,6,1,16,4,-1,-1,-1,-1,2,-1
201514B037115,1,9,0,5,0,1,0,0,0,0,3,1,1,1,51,8,1956,2,5,-1,1,-1
201514B037315,1,9,0,18,0,6,0,0,0,0,4,1,1,2,18,4,1390,1,-1,-1,1,-1
201514B037315,2,9,0,7,0,8,0,0,0,0,1,1,1,2,23,5,1598,2,5,-1,1,-1
201514B037415,1,9,0,18,0,8,0,0,7,10,1,1,6,1,32,6,1781,1,15,-1,1,-1
201514B037515,1,9,0,1,0,1,0,0,0,0,2,1,6,3,-1,-1,-1,-1,-1,-1,1,-1
201514B037615,1,9,0,2,0,1,0,0,0,0,3,1,1,1,21,5,1199,1,13,-1,1,-1
201514B037615,2,9,0,2,0,1,0,0,0,0,4,1,6,1,62,9,-1,-1,-1,-1,1,-1
201514B037615,3,9,0,18,0,1,0,0,0,0,1,1,1,1,43,7,-1,-1,-1,-1,1,-1
201514B038415,1,9,0,9,0,5,0,0,0,0,1,1,6,2,63,9,1968,2,2,-1,1,-1
201514B038415,2,9,0,18,0,8,0,0,0,0,1,1,6,2,30,6,1598,1,11,-1,1,-1
201514B038615,1,9,0,18,0,0,2,0,1,7,1,1,6,1,38,7,1968,2,7,-1,1,-1
201514B038815,1,11,0,5,0,0,0,0,0,0,0,1,1,1,41,7,11000,2,11,-1,1,-1
201514B038915,1,9,0,18,0,8,0,0,0,0,1,1,6,1,37,7,1997,2,11,-1,1,-1
201514B038915,2,9,0,5,0,8,0,0,0,0,4,1,6,2,34,6,2184,2,6,-1,1,-1
201514B039115,1,9,0,9,0,6,0,0,0,0,4,1,6,2,37,7,1998,2,10,-1,1,-1
201514B039115,2,9,0,18,0,1,0,0,0,0,1,1,6,1,25,5,1896,2,12,-1,1,-1
201514B039615,1,9,0,9,0,5,0,0,0,0,4,1,2,1,28,6,1395,1,2,-1,1,-1
201514B039615,2,9,0,17,0,8,0,0,0,0,1,1,2,2,29,6,1461,2,10,-1,1,-1
201514B039715,1,9,0,18,0,1,0,0,0,0,1,1,6,1,62,9,1994,2,11,-1,1,-1
201514B039715,2,9,0,9,0,5,0,0,0,0,1,1,6,2,74,10,1390,1,1,-1,2,-1
201514B040215,1,9,0,5,0,2,0,0,0,0,1,1,6,3,-1,-1,-1,-1,-1,-1,1,-1
201514B040315,1,9,0,18,0,0,0,0,0,0,1,1,2,2,26,6,1198,1,9,-1,2,-1
201514B040915,1,9,0,18,0,0,0,0,0,0,4,1,6,1,-1,-1,1984,1,6,-1,1,-1
201514B041115,1,9,0,3,0,1,0,0,0,0,2,1,6,1,20,4,1997,2,13,-1,1,-1
201514B041115,2,9,0,18,0,1,1,0,0,0,1,1,6,3,-1,-1,-1,-1,-1,-1,-1,-1
201514B041415,1,3,0,18,0,8,1,0,0,0,1,1,6,1,19,4,125,1,7,-1,1,-1
201514B041415,2,9,0,9,0,5,0,0,0,0,2,1,6,2,65,9,1242,1,8,-1,1,-1
201514B041715,1,5,0,18,0,1,1,0,0,0,1,1,1,1,49,8,599,1,17,-1,1,-1
201514B041915,1,9,0,14,0,8,0,0,0,0,4,1,6,2,35,6,1399,2,9,-1,1,-1
201514B042615,1,9,0,18,0,2,0,10,0,0,1,1,6,1,44,7,1753,2,15,-1,1,-1
201514B042615,2,9,0,18,0,1,0,0,0,0,1,1,6,1,30,6,1398,1,10,-1,1,-1
201514B043115,1,9,0,3,0,1,0,0,0,0,2,1,6,2,28,6,1910,2,10,-1,2,-1
201514B043115,2,9,0,18,0,1,0,0,0,0,1,1,6,3,-1,-1,-1,-1,-1,-1,-1,-1
201514B043515,1,3,0,4,0,0,1,0,0,0,1,1,2,1,25,5,124,1,15,-1,2,-1
201514B043515,2,9,0,4,0,0,0,0,0,0,2,1,1,1,29,6,1896,2,10,-1,1,-1
201514B043915,1,9,0,15,0,8,0,0,0,0,3,1,6,1,46,8,999,1,1,-1,2,-1
201514B043915,2,9,0,18,0,8,0,0,0,0,1,1,6,3,-1,-1,-1,-1,-1,-1,-1,-1
201514B044815,1,5,0,14,0,8,1,0,7,10,1,1,6,1,25,5,748,1,9,-1,1,-1
201514B044815,2,9,0,9,0,6,0,0,0,0,1,1,6,1,72,10,1956,2,1,-1,1,-1
201514B045215,1,9,0,18,0,1,0,0,0,0,2,1,1,2,28,6,1199,1,13,-1,1,-1
201514B045215,2,9,0,18,0,1,0,0,0,0,1,1,6,3,-1,-1,1781,1,12,-1,-1,-1
201514B045515,1,11,0,18,0,0,0,0,0,0,0,1,1,2,35,6,8871,2,13,-1,1,-1
201514B045615,1,9,0,18,0,1,0,0,0,0,1,1,6,1,65,9,2664,2,18,-1,1,-1
201514B045615,2,9,0,18,0,5,0,0,0,0,1,1,6,1,51,8,1396,1,15,-1,1,-1
201514B045815,1,11,0,3,0,3,0,0,0,0,0,1,1,1,25,5,6871,2,8,-1,1,-1
201514B046015,1,1,0,18,0,8,1,0,0,0,1,1,2,2,34,6,-1,-1,-1,-1,1,-1
201514B046015,2,9,0,9,0,6,0,0,0,0,1,1,6,3,-1,-1,-1,-1,-1,-1,-1,-1
201514B046115,1,9,0,13,0,1,0,0,0,0,4,1,1,1,37,7,1364,1,7,-1,2,-1
201514B046115,2,98,0,12,0,1,0,0,0,0,3,1,6,1,20,4,-1,-1,-1,-1,2,-1
201514B046115,3,9,0,16,0,2,0,0,0,0,3,1,6,1,26,6,1248,1,5,-1,1,-1
201514B046115,4,21,0,17,0,2,0,0,0,0,3,1,1,1,27,6,6692,2,7,-1,1,-1
201514B046415,1,1,0,18,0,6,0,0,0,0,1,1,6,1,47,8,-1,-1,-1,-1,1,-1
201514B046415,2,9,0,18,0,1,0,0,0,0,3,1,1,1,51,8,1956,2,3,-1,1,-1
201514B046715,1,9,0,4,0,1,0,0,0,0,2,1,1,1,30,6,2143,2,2,-1,1,-1
201514B046715,2,9,0,18,0,1,0,0,0,0,1,1,6,3,-1,-1,1398,1,1,-1,-1,-1
201514B046815,1,9,0,8,0,1,0,0,0,0,1,1,6,2,19,4,1229,1,4,-1,1,-1
201514B046815,2,9,0,8,0,1,0,0,0,0,2,1,6,1,68,10,1560,2,2,-1,1,-1
201514B047115,1,9,0,18,0,1,0,0,0,0,1,1,2,1,44,7,-1,-1,-1,-1,1,-1
201514B047115,2,9,0,18,0,6,0,0,0,0,1,1,2,2,56,9,1798,1,6,-1,1,-1
201514B047315,1,9,0,11,0,0,0,0,0,0,2,1,6,1,23,5,1598,1,9,-1,1,-1
201514B047315,2,9,0,18,0,0,0,0,0,0,1,1,1,1,50,8,-1,-1,-1,-1,1,-1
201514B047515,1,9,0,4,0,0,0,0,0,0,2,1,6,2,40,7,2143,2,2,-1,1,-1
201514B047515,2,9,0,4,0,0,0,0,0,0,1,1,6,1,65,9,1197,1,1,-1,1,-1
201514B047715,1,11,0,5,0,1,0,0,0,0,0,1,1,1,55,8,4580,2,5,-1,1,-1
201514B048615,1,9,0,18,0,0,0,0,4,6,1,1,2,1,46,8,2987,2,5,-1,1,-1
201514B048715,1,9,0,18,0,0,0,0,0,0,1,1,6,1,21,5,1798,1,8,-1,1,-1
201514B048715,2,21,0,18,0,0,0,0,0,0,1,1,1,1,57,9,5880,2,9,-1,1,-1
201514B048915,1,9,0,3,0,8,0,0,0,0,2,1,6,1,37,7,1968,2,9,-1,1,-1
201514B048915,2,9,0,18,0,8,0,0,0,0,1,1,6,1,21,5,1242,1,8,-1,1,-1
201514B049715,1,9,0,3,0,1,0,0,0,0,2,1,6,2,41,7,1149,1,15,-1,1,-1
201514B049715,2,9,0,18,0,1,0,0,0,0,1,1,6,2,73,10,1242,1,3,-1,1,-1
201514B049915,1,9,0,3,0,0,0,0,0,0,2,1,6,1,27,6,1248,2,9,-1,1,-1
201514B049915,2,9,0,18,0,0,0,0,0,0,1,1,6,1,17,4,2495,2,30,-1,1,-1
201514B050115,1,9,0,4,0,0,0,0,0,0,2,1,6,1,60,9,1997,2,12,-1,1,-1
201514B050115,2,9,0,18,0,0,0,0,0,0,1,1,6,2,19,4,1598,1,8,-1,1,-1
201514B050515,1,9,0,18,0,4,0,0,0,0,1,1,6,2,36,7,1242,1,-1,-1,3,-1
201514B050515,2,9,0,18,0,4,0,0,0,0,2,1,6,1,-1,-1,1364,1,10,-1,1,-1
201514B050815,1,9,0,18,0,2,0,0,0,0,1,1,1,1,34,6,1753,2,7,-1,1,-1
201514B051115,1,8,0,9,0,5,0,0,0,0,1,1,1,1,65,9,1995,2,10,-1,1,-1
201514B051315,1,9,0,18,0,4,2,9,3,10,1,1,6,1,43,7,2183,2,4,-1,1,-1
201514B051415,1,9,0,18,0,0,0,0,0,0,1,1,6,2,23,5,1248,2,-1,-1,1,-1
201514B051815,1,9,0,14,0,0,0,0,0,0,1,1,2,1,21,5,1598,1,10,-1,1,-1
201514B051815,2,9,0,2,0,0,0,0,0,0,2,1,1,1,44,7,-1,-1,-1,-1,1,-1
201514B051915,1,9,0,16,0,0,1,0,0,2,2,1,6,1,24,5,1229,1,7,-1,1,-1
201514B052115,1,9,0,6,0,1,0,0,7,10,3,1,6,1,49,8,-1,-1,-1,-1,1,-1
201514B052115,2,9,0,14,0,1,0,0,0,0,1,1,6,1,79,11,-1,-1,-1,-1,2,-1
201514B052315,1,9,0,9,0,5,0,0,0,0,1,1,1,2,58,9,2179,2,2,-1,3,-1
201514B052315,2,9,0,15,0,1,0,0,0,0,3,1,1,1,46,8,1997,2,14,-1,1,-1
201514B053015,1,9,0,18,0,1,0,0,0,0,4,1,6,2,70,10,1329,1,4,-1,1,-1
201514B053015,2,9,0,9,0,1,0,0,0,0,1,1,6,1,26,6,2521,1,8,-1,1,-1
201514B053215,1,9,0,18,0,8,0,0,0,0,1,1,1,1,34,6,1197,1,-1,-1,1,-1
201514B053215,2,1,0,18,9,8,0,0,0,0,4,1,6,1,12,3,-1,-1,-1,-1,1,-1
201514B053315,1,9,0,18,0,2,0,0,0,0,1,1,1,1,45,7,-1,-1,-1,-1,1,-1
201514B053515,1,9,0,18,0,8,0,0,0,0,4,1,6,2,33,6,1461,2,8,-1,1,-1
201514B053515,2,9,0,18,0,4,0,0,0,0,1,1,6,1,43,7,1596,1,14,-1,1,-1
201514B053815,1,9,0,18,0,8,0,7,0,0,1,1,1,1,46,8,1997,2,5,-1,1,-1
201514B054215,1,9,0,5,0,6,0,0,0,0,1,1,6,1,67,10,1124,1,14,-1,1,-1
201514B054215,2,4,0,18,0,8,0,0,0,0,4,1,6,1,53,8,500,1,-1,-1,2,-1
201514B054315,1,9,0,18,0,0,0,0,0,0,1,1,6,1,27,6,1560,2,7,-1,1,-1
201514B054715,1,9,0,18,0,0,0,0,0,0,1,1,6,1,32,6,1997,2,11,-1,1,-1
201514B055015,1,9,0,16,0,0,2,0,8,11,1,1,6,1,18,4,1596,1,15,-1,1,-1
201514B055415,1,9,0,18,0,0,0,0,0,0,3,1,6,2,27,6,1995,2,14,-1,1,-1
201514B055415,2,9,0,18,0,0,0,0,0,0,3,1,6,3,-1,-1,1986,2,9,-1,-1,-1
201514B055515,1,9,0,18,0,0,1,10,0,11,1,1,6,1,20,4,1364,1,10,-1,1,-1
201514B055915,1,3,0,16,0,0,1,0,0,0,1,1,6,1,21,5,98,1,19,-1,1,-1
201514B055915,2,19,0,17,0,0,0,0,0,0,1,1,6,1,-1,-1,-1,-1,-1,-1,-1,-1
201514B056115,1,9,0,3,0,1,0,0,0,0,2,1,1,2,42,7,1969,2,-1,-1,2,-1
201514B056115,2,9,0,18,0,1,0,0,0,0,1,1,1,1,61,9,-1,-1,-1,-1,1,-1
201514B056215,1,9,0,13,0,0,0,0,0,0,3,1,6,1,69,10,1498,1,-1,-1,1,-1
201514B056215,2,5,0,18,0,0,1,0,0,0,3,1,6,1,55,8,599,1,14,-1,1,-1
201514B056315,1,9,0,4,0,2,1,0,3,11,1,1,6,2,29,6,1242,1,6,-1,1,-1
201514B056515,1,9,0,9,0,8,0,0,7,10,1,1,6,1,21,5,1242,1,1,-1,1,-1
201514B056515,2,9,0,18,0,8,0,0,0,10,1,1,6,2,34,6,1956,2,4,-1,1,-1
201514B057015,1,1,0,16,0,8,0,0,0,0,1,1,6,1,41,7,-1,-1,-1,-1,2,-1
201514B057015,2,9,0,5,0,6,0,0,0,0,3,1,6,2,48,8,999,1,1,-1,1,-1
201514B057315,1,9,0,18,0,1,0,0,0,0,1,1,6,1,23,5,1956,2,4,-1,1,-1
201514B057315,2,9,0,18,0,1,0,0,0,0,1,1,6,1,36,7,1360,1,12,-1,2,-1
201514B057315,3,9,0,9,0,8,0,0,0,0,2,1,6,1,35,6,1999,1,1,-1,1,-1
201514B057415,1,9,0,18,0,0,0,0,0,0,1,1,6,3,-1,-1,-1,-1,-1,-1,3,-1
201514B057615,1,9,0,18,0,8,0,0,0,0,1,1,3,1,79,11,1896,2,12,-1,2,-1
201514B057915,1,9,0,3,0,0,0,0,0,0,2,1,6,2,48,8,1896,2,10,-1,3,-1
201514B057915,2,9,0,3,0,0,0,0,0,0,2,1,6,2,84,11,1390,2,13,-1,1,-1
201514B057915,3,9,0,18,0,0,0,0,0,0,1,1,6,2,22,5,1399,2,7,-1,3,-1
201514B058115,1,9,0,9,0,5,0,0,7,10,3,1,6,2,36,7,1998,2,8,-1,1,-1
201514B058115,2,9,0,18,0,1,0,0,0,0,1,1,6,1,23,5,1968,2,4,-1,1,-1
201514B058715,1,9,0,9,0,8,0,0,0,0,4,1,6,1,42,7,1910,2,7,-1,3,-1
201514B058815,1,9,0,18,0,8,1,0,0,0,1,1,6,1,34,6,1596,1,1,-1,2,-1
201514B058815,2,9,0,18,0,8,2,0,1,0,1,1,6,1,68,10,1386,1,2,-1,1,-1
201514B059115,1,9,0,18,0,0,0,0,0,0,1,1,1,2,60,9,1995,2,5,-1,1,-1
201514B059115,2,9,0,18,0,0,0,0,0,0,1,1,2,1,24,5,1995,2,5,-1,1,-1
201514B059415,1,9,0,18,0,1,1,0,1,10,3,1,1,1,21,5,1910,2,7,-1,1,-1
201514B059615,1,9,0,12,0,0,0,0,0,0,3,1,6,2,70,10,1686,2,-1,-1,2,-1
201514B059615,2,2,0,13,0,0,0,0,0,0,1,1,6,1,19,4,49,1,4,-1,2,-1
201514B060115,1,9,0,9,0,5,0,0,0,0,2,1,6,1,35,6,1398,1,4,-1,2,-1
201514B060115,2,5,0,15,0,8,0,0,0,0,1,1,6,1,60,9,998,1,13,-1,2,-1
201514B060215,1,9,0,3,0,1,0,0,0,0,2,1,2,1,24,5,-1,-1,-1,-1,-1,-1
201514B060215,2,9,0,18,0,1,0,0,0,0,1,1,6,2,38,7,1124,1,9,-1,2,-1
201514B060215,3,9,0,18,0,1,0,0,0,0,1,1,1,1,48,8,1997,2,2,-1,-1,-1
201514B060415,1,3,0,18,0,0,0,0,0,0,1,1,6,2,23,5,125,1,8,-1,1,-1
201514B060415,2,9,0,18,0,0,0,0,0,0,1,1,6,3,-1,-1,-1,-1,-1,-1,-1,-1
201514B060715,1,9,0,4,0,8,0,0,0,0,3,1,6,1,75,10,1396,1,10,-1,3,-1
201514B060815,1,9,0,9,0,8,0,0,0,0,1,1,6,1,63,9,1560,2,4,-1,1,-1
201514B060815,2,5,0,13,0,8,1,0,0,0,1,1,6,1,44,7,1352,1,8,-1,1,-1
201514B061015,1,9,0,18,0,1,1,0,0,0,4,1,6,2,19,4,998,1,3,-1,3,-1
201514B061015,2,9,0,7,0,8,0,0,0,0,2,1,6,3,-1,-1,-1,-1,-1,-1,-1,-1
201514B061215,1,9,0,2,0,0,0,0,0,0,2,1,6,1,38,7,1560,2,10,-1,2,-1
201514B061215,2,1,0,18,0,0,0,4,0,0,1,1,6,1,51,8,-1,-1,-1,-1,1,-1
201514B061315,1,9,0,18,0,0,0,0,0,0,1,1,6,1,64,9,1328,1,11,-1,3,-1
201514B061715,1,9,0,3,0,0,0,0,0,0,2,1,2,2,42,7,998,1,2,-1,1,-1
201514B061715,2,9,0,3,0,0,0,0,0,0,1,1,1,1,25,5,-1,-1,-1,-1,1,-1
201514B062915,1,9,0,3,0,1,0,0,0,0,1,1,1,1,32,6,1368,1,9,-1,1,-1
201514B062915,2,3,0,5,0,4,0,0,0,0,2,1,6,2,31,6,125,1,-1,-1,1,-1
201514B063015,1,9,0,9,0,6,0,0,0,0,1,1,1,1,40,7,1587,1,10,-1,1,-1
201514B063015,2,3,0,18,0,1,0,0,0,0,1,1,2,1,24,5,124,1,14,-1,1,-1
201514B063415,1,3,0,18,0,8,0,0,0,0,1,1,6,1,46,8,124,1,15,-1,1,-1
201514B063415,2,9,0,9,0,6,0,0,0,0,3,1,6,2,89,11,998,1,16,-1,1,-1
201514B063615,1,9,0,18,0,0,0,0,0,0,1,1,6,1,45,7,-1,-1,-1,-1,1,-1
201514B063615,2,9,0,4,0,0,0,0,0,0,1,1,1,2,45,7,1399,2,7,-1,1,-1
201514B063715,1,9,0,18,0,0,1,0,0,0,1,1,1,1,28,6,-1,-1,-1,-1,1,-1
201514B063715,2,1,0,18,0,0,0,0,0,0,3,1,4,1,13,3,-1,-1,-1,-1,1,-1
201514B063915,1,9,0,18,0,0,0,10,2,2,1,1,6,1,71,10,973,1,14,-1,1,-1
201514B064115,1,9,0,18,0,2,0,0,0,0,1,1,6,2,26,6,1399,2,9,-1,1,-1
201514B064215,1,9,0,10,0,1,0,0,0,0,2,1,6,1,47,8,1686,2,10,-1,1,-1
201514B064215,2,9,0,18,0,1,0,0,0,0,1,1,6,1,-1,-1,-1,-1,-1,-1,-1,-1
201514B064315,1,9,0,18,0,0,1,0,5,6,1,1,6,1,26,6,1997,1,15,-1,1,-1
201514B064315,2,9,0,18,0,0,0,0,0,0,0,1,6,2,81,11,998,1,6,-1,1,-1
201514B064615,1,9,0,18,0,0,1,4,0,0,1,1,6,2,41,7,1398,2,12,-1,1,-1
201514B064615,2,9,0,2,0,0,0,0,1,3,1,1,6,2,28,6,998,1,6,-1,1,-1
201514B064915,1,11,0,5,0,1,0,0,0,0,1,1,1,1,31,6,4250,2,13,-1,1,-1
201514B064915,2,9,0,8,0,1,0,0,0,0,2,1,6,1,22,5,1995,2,-1,-1,1,-1
201514B065015,1,9,0,3,0,1,0,0,0,0,1,1,1,2,57,9,1991,2,10,-1,1,-1
201514B065015,2,1,0,18,0,6,0,0,0,0,3,1,4,1,10,2,-1,-1,-1,-1,1,-1
201514B065115,1,9,0,18,0,2,0,0,0,0,1,1,6,1,42,7,1149,1,12,-1,1,-1
201514B065215,1,9,0,11,0,1,0,10,5,2,1,1,6,1,65,9,1388,1,4,-1,1,-1
201514B065315,1,9,0,18,0,0,1,0,5,7,4,1,6,1,47,8,1993,1,10,-1,3,-1
201514B065815,1,9,0,18,0,0,0,0,0,0,2,1,6,2,53,8,2993,2,5,-1,1,-1
201514B065815,2,9,0,18,0,0,0,0,0,0,1,1,6,3,-1,-1,-1,-1,-1,-1,-1,-1
201514B065915,1,9,0,18,0,0,1,0,0,0,4,1,1,1,46,8,1399,2,3,-1,1,-1
201514B065915,2,19,0,15,0,0,0,0,0,0,3,1,6,3,-1,-1,-1,-1,-1,-1,-1,-1
201514B066215,1,9,0,18,0,8,0,0,0,0,1,1,6,1,43,7,-1,-1,-1,-1,1,-1
201514B066215,2,9,0,18,0,8,0,10,0,0,1,1,6,3,-1,-1,1995,2,7,-1,-1,-1
201514B066615,1,21,0,5,0,0,1,0,0,0,1,1,1,1,33,6,12777,2,2,-1,2,-1
201514B066615,2,9,0,5,0,0,0,0,0,0,2,1,6,2,58,9,1598,1,10,-1,3,-1
201514B066915,1,9,0,18,0,0,0,0,0,0,4,1,6,2,25,5,1229,1,11,-1,2,-1
201514B067015,1,9,0,17,0,0,2,0,7,0,1,1,6,1,32,6,1396,1,13,-1,1,-1
201514B067115,1,9,0,3,0,1,0,0,0,0,4,1,1,2,52,8,-1,-1,-1,-1,1,-1
201514B067115,2,1,0,4,0,1,0,0,0,0,1,1,6,1,37,7,-1,-1,-1,-1,1,-1
201514B067315,1,9,0,9,0,6,0,0,0,0,1,1,6,1,20,4,1527,2,15,-1,1,-1
201514B067315,2,9,0,18,0,1,0,0,0,0,1,1,6,1,44,7,1896,2,11,-1,1,-1
201514B067415,1,9,0,9,0,6,0,0,0,0,1,1,6,1,19,4,1368,1,8,-1,1,-1
201514B067415,2,4,0,13,0,1,0,0,0,0,1,1,6,1,27,6,450,1,12,-1,1,-1
201514B067715,1,9,0,16,0,0,2,0,0,0,1,1,1,1,48,8,-1,-1,-1,-1,1,-1
201514B067915,1,9,0,18,0,0,0,0,0,0,1,1,6,1,24,5,2616,1,11,-1,1,-1
201514B068015,1,9,0,18,0,1,0,0,7,0,4,1,6,1,22,5,998,1,15,-1,1,-1
201514B068015,2,9,0,7,0,7,0,0,0,0,1,1,6,1,78,11,1753,2,11,-1,1,-1
201514B068015,3,9,0,2,0,1,0,0,0,0,1,1,1,1,55,8,-1,-1,-1,-1,1,-1
201514B068015,4,9,0,18,0,1,0,0,0,0,0,1,1,1,42,7,1999,1,2,-1,1,-1
201514B068315,1,9,0,18,0,0,0,0,0,1,1,1,6,1,21,5,1800,1,17,-1,1,-1
201514B068315,2,9,0,18,0,0,0,0,0,0,0,1,1,1,43,7,-1,-1,-1,-1,-1,-1
201514B068515,1,9,0,18,0,0,0,0,0,0,1,1,6,3,-1,-1,-1,-1,-1,-1,1,-1
201514B068615,1,9,0,3,0,0,0,0,0,0,2,1,2,1,29,6,1461,2,1,-1,1,-1