Accident_Index,Vehicle_Reference,Vehicle_Type,Towing_and_Articulation,Vehicle_Manoeuvre,Vehicle_Location-Restricted_Lane,Junction_Location,Skidding_and_Overturning,Hit_Object_in_Carriageway,Vehicle_Leaving_Carriageway,Hit_Object_off_Carriageway,1st_Point_of_Impact,Was_Vehicle_Left_Hand_Drive?,Journey_Purpose_of_Driver,Sex_of_Driver,Age_of_Driver,Age_Band_of_Driver,Engine_Capacity_(CC),Propulsion_Code,Age_of_Vehicle,Driver_IMD_Decile,Driver_Home_Area_Type,Vehicle_IMD_Decile
201514B068615,2,9,0,18,0,0,0,0,0,0,1,1,6,1,27,6,-1,-1,-1,-1,1,-1
201514B068815,1,9,0,1,0,6,0,0,0,0,2,1,6,2,37,7,1968,2,-1,-1,1,-1
201514B069015,1,9,0,18,0,2,2,0,1,2,1,1,6,1,21,5,1560,2,9,-1,1,-1
201514B069215,1,3,0,18,0,1,0,0,0,0,1,1,1,1,17,4,124,1,4,-1,1,-1
201514B069215,2,9,0,9,0,2,0,0,0,0,2,1,1,2,30,6,1490,1,6,-1,2,-1
201514B069415,1,9,0,4,0,1,0,0,0,0,2,1,6,1,45,7,1398,2,7,-1,2,-1
201514B069415,2,9,0,18,0,1,0,0,0,0,1,1,6,2,33,6,1587,1,14,-1,2,-1
201514B069515,1,9,0,1,0,0,0,0,0,0,4,1,6,1,23,5,1196,1,18,-1,1,-1
201514B069515,2,9,0,2,0,0,0,0,0,0,2,1,6,1,32,6,1910,2,8,-1,1,-1
201514B069515,3,9,0,2,0,0,0,0,0,0,4,1,6,1,20,4,1124,1,12,-1,1,-1
201514B069815,1,9,0,16,0,1,0,0,0,0,2,1,6,2,32,6,1588,1,13,-1,1,-1
201514B069815,2,9,0,18,0,1,0,0,0,0,1,1,6,3,-1,-1,1388,1,12,-1,-1,-1
201514B069815,3,9,0,4,0,1,0,0,0,0,1,1,6,1,47,8,1951,2,11,-1,1,-1
201514B069815,4,9,0,18,0,1,0,0,0,0,2,1,6,3,-1,-1,-1,-1,-1,-1,-1,-1
201514B069915,1,11,0,9,0,6,0,0,0,0,3,1,1,1,42,7,5883,2,14,-1,1,-1
201514B069915,2,5,0,16,0,1,1,0,0,0,1,1,6,1,50,8,1050,1,8,-1,1,-1
201514B070015,1,3,0,18,0,0,0,0,0,0,1,1,6,1,45,7,96,1,6,-1,1,-1
201514B070015,2,9,0,3,0,0,0,0,0,0,2,1,6,1,41,7,-1,-1,-1,-1,1,-1
201514B070115,1,9,0,3,0,2,0,0,0,0,2,1,6,2,26,6,1994,2,12,-1,3,-1
201514B070115,2,9,0,18,0,3,0,0,0,0,1,1,6,1,83,11,1242,1,-1,-1,1,-1
201514B070215,1,9,0,18,0,8,0,0,0,0,1,1,6,2,19,4,1198,1,4,-1,2,-1
201514B070215,2,9,0,18,0,8,0,7,0,0,1,1,6,2,22,5,1199,2,2,-1,3,-1
201514B070315,1,9,0,18,0,1,0,0,0,0,1,1,6,1,19,4,1984,1,8,-1,1,-1
201514B070315,2,9,0,4,0,1,0,0,0,0,2,1,6,2,18,4,1242,1,2,-1,2,-1
201514B070415,1,9,0,2,0,2,0,0,0,0,2,1,6,1,67,10,1360,1,11,-1,1,-1
201514B070415,2,1,0,18,0,2,0,0,0,0,1,1,6,1,52,8,-1,-1,-1,-1,1,-1
201514B070515,1,4,0,15,0,1,0,0,0,0,3,1,6,1,28,6,498,1,25,-1,1,-1
201514B070515,2,9,0,7,0,1,0,0,0,0,4,1,6,1,61,9,1968,2,1,-1,2,-1
201514B070615,1,1,0,18,0,8,0,0,1,7,3,1,6,1,60,9,-1,-1,-1,-1,2,-1
201514B070615,2,9,0,7,0,5,0,0,0,0,1,1,6,3,-1,-1,-1,-1,-1,-1,-1,-1
201514B071215,1,9,0,18,0,1,0,0,0,0,1,1,6,1,31,6,1896,2,12,-1,1,-1
201514B071215,2,9,0,3,0,1,0,0,0,0,2,1,6,2,23,5,1086,1,7,-1,2,-1
201514B072015,1,9,0,10,0,8,0,0,0,0,1,1,6,2,66,10,1240,1,10,-1,1,-1
201514B072015,2,3,0,18,0,8,0,0,0,0,1,1,6,1,22,5,-1,-1,-1,-1,1,-1
201514B072115,1,9,4,18,9,1,0,0,0,0,0,1,6,1,24,5,1951,2,14,-1,1,-1
201514B072315,1,9,0,16,0,0,0,0,0,0,1,1,1,2,22,5,-1,-1,-1,-1,1,-1
201514B072315,2,4,0,16,0,0,1,0,0,0,1,1,6,2,55,8,400,1,24,-1,1,-1
201514B072815,1,9,0,3,0,0,0,0,0,0,2,1,6,2,50,8,1598,1,6,-1,1,-1
201514B072815,2,9,0,4,0,0,0,0,0,0,1,1,6,1,59,9,1598,1,7,-1,1,-1
201514B072915,1,9,0,18,0,2,0,0,1,0,3,1,2,2,43,7,1240,1,12,-1,1,-1
201514B072915,2,9,0,18,0,6,0,0,1,0,1,1,6,2,25,5,2495,2,14,-1,2,-1
201514B073415,1,9,0,18,0,3,0,0,0,0,4,1,6,1,35,6,998,1,13,-1,1,-1
201514B073415,2,9,0,18,0,4,0,0,0,0,3,1,6,2,48,8,998,1,2,-1,1,-1
201514B073515,1,11,0,5,2,1,0,0,0,0,1,1,1,1,29,6,6871,2,7,-1,1,-1
201514B073515,2,1,0,18,2,2,0,0,0,0,3,1,6,1,17,4,-1,-1,-1,-1,1,-1
201514B073715,1,9,0,18,0,0,0,8,0,0,1,1,6,2,53,8,-1,-1,-1,-1,1,-1
201514B073715,2,9,0,2,0,0,0,0,0,0,4,1,6,1,55,8,1896,2,7,-1,1,-1
201514B073915,1,9,0,18,0,8,0,0,0,0,3,1,6,1,35,6,-1,-1,-1,-1,1,-1
201514B073915,2,9,0,9,0,5,0,0,0,0,1,1,6,1,36,7,1560,2,-1,-1,1,-1
201514B074015,1,9,0,18,0,0,0,0,0,0,1,1,6,1,28,6,2171,1,13,-1,1,-1
201514B074015,2,9,0,18,0,0,0,0,0,0,1,1,6,2,46,8,998,1,1,-1,1,-1
201514B074115,1,9,0,8,0,1,0,0,0,0,2,1,6,2,31,6,1598,1,7,-1,2,-1
201514B074115,2,3,0,18,0,1,0,0,0,0,1,1,6,1,13,3,-1,-1,-1,-1,2,-1
201514B074415,1,9,0,18,9,0,0,0,7,2,1,1,2,1,18,4,1747,1,16,-1,1,-1
201514B074515,1,9,0,18,0,1,0,0,1,9,1,1,6,1,33,6,1598,1,17,-1,1,-1
201514B074515,2,9,0,10,0,1,0,0,0,0,0,1,6,1,40,7,2720,2,8,-1,3,-1
201514B074615,1,21,1,18,0,4,0,0,0,0,0,1,1,1,41,7,12580,2,9,-1,1,-1
201514B074715,1,9,0,17,0,0,0,0,0,0,3,1,6,1,48,8,1461,2,5,-1,1,-1
201514B074715,2,9,0,16,0,0,0,0,0,0,1,1,6,3,-1,-1,1598,1,14,-1,-1,-1
201514B074815,1,9,0,6,8,0,0,0,0,0,3,1,6,2,77,11,1799,1,9,-1,2,-1
201514B074815,2,9,0,18,0,0,0,0,0,0,1,1,1,1,43,7,-1,-1,-1,-1,1,-1
201514B075015,1,9,0,4,0,1,0,0,0,0,2,1,1,1,52,8,1299,1,14,-1,1,-1
201514B075015,2,9,0,18,0,1,0,0,0,0,1,1,1,1,49,8,1590,1,11,-1,1,-1
201514B075115,1,11,0,4,2,1,0,0,0,0,0,1,1,1,57,9,4250,2,13,-1,1,-1
201514B075215,1,9,0,18,0,0,1,10,0,0,0,1,6,1,57,9,1968,2,4,-1,1,-1
201514B075315,1,9,0,18,0,0,0,0,0,0,1,1,6,1,29,6,1587,1,13,-1,1,-1
201514B075315,2,9,0,4,0,0,0,0,0,0,2,1,6,2,26,6,1242,1,5,-1,1,-1
201514B075315,3,9,0,18,0,0,0,0,0,0,2,1,6,2,57,9,1910,2,8,-1,1,-1
201514B075415,1,1,0,18,0,8,0,0,0,0,2,1,6,1,42,7,-1,-1,-1,-1,1,-1
201514B075415,2,9,0,18,0,8,0,0,0,0,1,1,6,3,-1,-1,-1,-1,-1,-1,-1,-1
201514B075515,1,9,0,18,0,1,1,0,8,10,1,1,6,1,28,6,1896,2,13,-1,1,-1
201514B075615,1,22,0,18,0,0,0,0,0,0,3,1,6,2,35,6,-1,-1,-1,-1,1,-1
201514B075615,2,97,0,14,0,0,0,0,0,0,1,1,6,3,-1,-1,-1,-1,-1,-1,-1,-1
201514B075715,1,11,0,18,0,8,0,0,0,0,0,1,1,1,54,8,6700,2,6,-1,1,-1
201514B076415,1,9,0,18,0,0,2,0,2,7,1,1,6,1,19,4,1896,2,13,-1,2,-1
201514B076515,1,9,0,9,0,5,0,0,0,0,3,1,2,2,59,9,1390,1,12,-1,1,-1
201514B076515,2,9,0,9,0,6,0,0,0,0,4,1,2,1,40,7,1390,1,13,-1,1,-1
201514B076715,1,1,0,18,0,0,0,10,1,0,1,1,6,1,59,9,-1,-1,-1,-1,1,-1
201514B077215,1,9,0,3,0,0,0,0,0,0,2,1,6,1,69,10,1461,2,-1,-1,1,-1
201514B077215,2,9,0,5,0,0,0,0,0,0,1,1,6,2,49,8,1398,2,6,-1,1,-1
201514B077315,1,9,0,9,0,5,0,0,0,0,0,1,2,2,41,7,1242,1,5,-1,1,-1
201514B077315,2,5,0,18,0,1,1,0,0,0,0,1,6,1,69,10,885,1,11,-1,1,-1
201514B077415,1,9,0,3,0,1,0,0,0,0,2,1,6,1,59,9,1896,2,7,-1,1,-1
201514B077415,2,9,0,5,0,1,0,0,0,0,1,1,6,1,25,5,1329,1,-1,-1,1,-1
201514B077515,1,9,0,3,0,0,0,0,0,0,2,1,6,1,65,9,1364,1,6,-1,1,-1
201514B077515,2,11,0,4,0,0,0,0,0,0,1,1,1,1,51,8,6871,2,12,-1,2,-1
201514B077715,1,9,0,18,0,0,0,0,0,0,1,1,6,1,75,10,1560,2,8,-1,2,-1
201514B077715,2,9,0,2,0,0,0,0,0,0,2,1,6,1,69,10,1991,2,7,-1,1,-1
201514B077715,3,9,0,18,0,0,0,0,0,0,1,1,6,1,24,5,1596,1,14,-1,1,-1
201514B077815,1,9,0,18,0,4,0,0,0,0,1,1,6,1,86,11,1896,2,11,-1,1,-1
201514B077815,2,9,0,18,0,8,0,0,0,0,1,1,6,1,62,9,1598,1,-1,-1,1,-1
201514B077915,1,9,0,3,0,0,0,0,0,0,2,1,6,2,33,6,1596,1,9,-1,1,-1
201514B077915,2,9,0,3,0,0,0,0,0,0,2,1,6,2,50,8,3197,1,4,-1,3,-1
201514B077915,3,9,0,5,0,0,1,0,0,0,1,1,6,1,28,6,-1,-1,-1,-1,1,-1
201514B077915,4,9,0,4,0,0,1,0,0,0,1,1,6,1,23,5,-1,-1,-1,-1,1,-1
201514B078015,1,9,0,18,0,0,0,0,0,0,0,1,6,1,26,6,2000,1,9,-1,-1,-1
201514B078015,2,9,0,18,0,0,0,0,0,0,0,1,6,1,39,7,1753,2,5,-1,-1,-1
201514B078415,1,9,0,18,0,1,0,0,0,0,1,1,6,2,52,8,-1,-1,-1,-1,2,-1
201514B078415,2,9,0,18,0,1,0,0,0,0,2,1,1,1,30,6,-1,-1,-1,-1,2,-1
201514B078515,1,9,0,10,0,6,0,0,7,0,3,1,6,1,34,6,1796,1,10,-1,1,-1
201514B078515,2,9,0,18,0,8,0,0,0,0,1,1,6,2,46,8,1686,2,14,-1,1,-1
201514B078615,1,11,0,2,0,0,0,0,0,0,0,1,1,1,30,6,4500,2,5,-1,1,-1
201514B078815,1,9,0,18,0,1,0,0,0,0,1,1,6,3,-1,-1,-1,-1,-1,-1,1,-1
201514B078915,1,1,0,5,0,8,0,0,0,0,3,1,6,2,9,2,-1,-1,-1,-1,1,-1
201514B078915,2,9,0,5,0,8,0,0,0,0,4,1,6,1,36,7,1686,2,13,-1,1,-1
201514B079415,1,9,0,3,0,8,0,0,1,0,4,1,6,2,20,4,1399,1,7,-1,1,-1
201514B079415,2,9,0,18,0,8,0,0,0,0,3,1,6,1,35,6,1950,2,16,-1,1,-1
201514B079515,1,9,0,9,0,5,0,0,0,0,1,1,6,2,23,5,998,1,4,-1,1,-1
201514B079515,2,1,0,18,0,8,0,0,0,0,1,1,6,1,21,5,-1,-1,-1,-1,1,-1
201514B080015,1,9,0,3,0,0,0,0,0,0,2,1,6,1,40,7,1388,1,9,-1,2,-1
201514B080015,2,9,0,16,0,0,1,0,0,0,1,1,2,1,23,5,1956,2,6,-1,1,-1
201514B080315,1,9,0,10,0,5,0,0,0,0,4,1,6,2,76,11,1198,1,2,-1,1,-1
201514B080315,2,1,0,18,0,1,0,0,0,0,1,1,6,1,23,5,-1,-1,-1,-1,1,-1
201514B080415,1,3,0,18,0,1,1,0,0,0,3,1,6,1,19,4,124,1,1,-1,1,-1
201514B080415,2,9,0,10,0,8,0,0,0,0,1,1,6,3,-1,-1,-1,-1,-1,-1,-1,-1
201514B080615,1,8,0,14,0,1,0,4,0,0,1,1,6,1,38,7,-1,-1,-1,-1,1,-1
201514B080615,2,9,0,14,0,2,0,0,0,0,1,1,6,1,68,10,1332,1,16,-1,1,-1
201514B080615,3,9,0,2,0,2,0,0,0,0,1,1,6,1,41,7,1896,2,7,-1,1,-1
201514B080715,1,9,0,9,0,5,0,0,0,0,1,1,6,1,19,4,1398,2,11,-1,1,-1
201514B080715,2,3,0,18,0,8,0,8,0,0,1,1,6,1,25,5,125,1,11,-1,1,-1
201514B080715,3,4,0,18,0,1,0,0,0,0,0,1,6,1,20,4,-1,-1,-1,-1,1,-1
201514B081515,1,9,0,9,0,6,0,0,0,0,3,1,6,1,63,9,-1,-1,-1,-1,2,-1
201514B081515,2,5,0,18,0,1,1,0,0,0,1,1,6,1,20,4,-1,-1,-1,-1,2,-1
201514B081615,1,9,0,1,0,0,0,0,0,0,0,1,6,3,-1,-1,1199,1,13,-1,1,-1
201514B081715,1,9,0,17,0,1,0,0,0,0,1,1,6,1,23,5,1195,1,18,-1,2,-1
201514B081715,2,9,0,16,0,1,0,0,0,0,3,1,6,2,22,5,1242,1,5,-1,1,-1
201514B081915,1,19,0,18,0,2,0,0,0,0,1,1,6,1,61,9,2198,2,7,-1,1,-1
201514B082415,1,1,0,18,0,0,0,0,0,0,1,1,1,1,7,2,-1,-1,-1,-1,1,-1
201514B082415,2,11,0,18,0,0,0,0,0,0,2,1,6,3,-1,-1,-1,-1,-1,-1,-1,-1
201514B082515,1,9,0,18,0,0,0,0,0,0,4,1,6,2,35,6,1461,2,1,-1,1,-1
201514B082615,1,9,0,18,0,2,0,0,0,0,1,1,6,1,28,6,2979,1,13,-1,1,-1
201514B082615,2,9,0,9,0,5,0,0,0,0,1,1,6,1,57,9,1461,2,6,-1,1,-1
201514B082815,1,9,0,8,0,1,0,0,0,0,2,1,2,2,49,8,1149,1,7,-1,1,-1
201514B082815,2,9,0,18,0,1,0,0,0,0,1,1,6,1,-1,-1,2143,2,2,-1,1,-1
201514B082915,1,9,0,18,0,0,1,0,0,0,1,1,6,1,21,5,1997,2,13,-1,1,-1
201514B083015,1,9,0,4,0,0,0,0,0,0,2,1,6,1,56,9,2179,2,5,-1,1,-1
201514B083015,2,9,0,18,0,0,0,0,0,0,1,1,6,1,46,8,1560,2,4,-1,1,-1
201514B083115,1,9,0,18,0,1,1,0,0,0,3,1,6,1,75,10,1991,2,10,-1,1,-1
201514B083115,2,9,0,13,0,1,0,0,0,0,4,1,6,3,-1,-1,1997,2,10,-1,-1,-1
201514B083215,1,9,0,3,0,8,0,0,0,0,2,1,6,2,22,5,998,1,14,-1,1,-1
201514B083215,2,9,0,18,0,8,0,0,0,0,1,1,6,1,86,11,1596,1,9,-1,2,-1
201514B083615,1,9,0,18,0,2,0,0,0,0,3,1,6,2,68,10,1598,1,14,-1,1,-1
201514B083615,2,3,0,9,0,2,1,0,0,0,1,1,6,1,17,4,124,1,2,-1,1,-1
201514B083915,1,9,0,18,0,4,0,0,0,0,1,1,6,1,57,9,1995,2,8,-1,1,-1
201514B083915,2,1,0,18,0,8,0,0,0,0,1,1,6,1,52,8,-1,-1,-1,-1,1,-1
201514B084215,1,9,0,7,0,5,0,0,0,0,1,1,6,1,36,7,1995,2,12,-1,1,-1
201514B084315,1,5,4,16,0,0,1,0,0,0,1,1,6,1,71,10,1237,1,-1,-1,1,-1
201514B084315,2,9,0,17,0,0,0,0,0,0,1,1,6,2,55,8,1296,1,9,-1,2,-1
201514B084415,1,9,0,3,0,0,0,0,0,0,2,1,2,1,63,9,1968,2,12,-1,3,-1
201514B084415,2,21,1,18,0,0,0,0,0,0,1,1,1,1,-1,-1,-1,-1,-1,-1,1,-1
201514B084815,1,9,0,18,0,8,0,0,0,0,1,1,6,1,18,4,1598,1,11,-1,1,-1
201514B085515,1,19,0,5,0,6,0,0,0,0,1,1,1,1,47,8,2402,2,11,-1,1,-1
201514B085515,2,9,0,18,0,8,0,0,0,0,3,1,6,2,79,11,1598,1,5,-1,2,-1
201514B086115,1,9,0,18,0,1,0,0,0,0,1,1,6,1,24,5,-1,-1,-1,-1,1,-1
201514B086115,2,9,0,4,0,1,0,0,0,0,2,1,6,2,33,6,1198,1,8,-1,1,-1
201514B086215,1,9,0,18,0,1,2,10,1,0,4,1,6,1,21,5,1248,2,8,-1,3,-1
201514B086315,1,9,0,10,0,1,0,0,0,0,1,1,1,2,38,7,1595,1,6,-1,1,-1
201514B086315,2,9,0,18,0,1,0,0,0,0,1,1,6,1,59,9,-1,-1,-1,-1,1,-1
201514B086315,3,9,0,18,0,1,0,0,0,0,0,1,6,2,54,8,1240,1,7,-1,3,-1
201514B086415,1,9,0,3,0,0,0,0,0,0,4,1,6,2,62,9,1198,1,4,-1,1,-1
201514B086415,2,1,0,18,0,0,0,0,0,0,3,1,6,1,33,6,-1,-1,-1,-1,1,-1
201514B087015,1,9,0,18,0,1,0,0,0,0,1,1,6,2,41,7,1900,2,10,-1,1,-1
201514B087015,2,9,0,7,0,6,0,0,0,0,1,1,6,3,-1,-1,1997,2,11,-1,-1,-1
201514B087315,1,9,0,18,0,0,5,4,0,0,1,1,6,1,27,6,1229,1,5,-1,1,-1
201514B087315,2,9,0,2,0,0,0,4,0,0,2,1,6,1,36,7,1364,1,-1,-1,1,-1
201514B087315,3,9,0,2,0,0,0,0,0,0,2,1,6,1,45,7,1598,2,2,-1,1,-1
201514B087415,1,9,0,18,0,1,1,10,7,1,1,1,3,2,33,6,2143,2,4,-1,1,-1
201514B087715,1,9,0,18,0,0,0,0,0,0,1,1,6,3,-1,-1,-1,-1,-1,-1,1,-1
201514B087915,1,9,0,5,0,4,0,0,0,0,3,1,6,2,37,7,1560,2,4,-1,1,-1
201514B087915,2,21,0,3,0,3,0,0,0,0,4,1,6,1,52,8,11120,2,-1,-1,1,-1
201514B088115,1,9,0,18,0,0,0,0,0,0,0,1,1,1,51,8,1968,2,7,-1,1,-1
201514B088215,1,9,0,18,0,8,0,0,0,0,4,1,6,1,50,8,1598,2,2,-1,1,-1
201514B088215,2,9,0,18,0,8,0,0,3,0,1,1,6,2,49,8,1499,2,-1,-1,1,-1
201514B088415,1,9,0,4,0,0,0,0,0,0,2,1,6,2,51,8,1582,2,4,-1,1,-1
201514B088415,2,9,0,4,0,0,0,0,0,0,2,1,6,2,42,7,1968,2,5,-1,1,-1
201514B088415,3,9,0,18,0,0,1,0,0,0,1,1,6,1,24,5,1595,1,17,-1,3,-1
201514B088415,4,9,0,18,0,0,1,0,0,0,1,1,6,1,31,6,1956,2,-1,-1,1,-1
201514B088515,1,9,0,18,0,1,0,0,0,0,3,1,2,2,49,8,1560,2,1,-1,1,-1
201514B088515,2,1,0,18,0,1,0,8,0,0,1,1,6,1,-1,-1,-1,-1,-1,-1,-1,-1
201514B088715,1,9,0,18,0,1,5,10,3,0,1,1,6,1,34,6,-1,-1,-1,-1,1,-1
201514B088715,2,9,0,18,0,1,0,0,0,0,3,1,6,1,41,7,-1,-1,-1,-1,1,-1
201514B088915,1,9,0,9,0,1,0,0,0,0,4,1,6,1,76,11,1796,1,14,-1,1,-1
201514B088915,2,9,0,9,0,2,0,0,0,0,1,1,6,2,24,5,1998,1,12,-1,1,-1
201514B089315,1,9,0,18,0,1,0,0,0,0,1,1,6,1,43,7,2184,2,11,-1,1,-1
201514B089315,2,9,0,7,0,8,0,0,0,0,2,1,6,1,64,9,2982,2,12,-1,1,-1
201514B089815,1,21,0,5,0,6,0,0,0,0,3,1,1,1,45,7,3920,2,10,-1,1,-1
201514B089815,2,2,0,18,0,1,0,0,0,0,1,1,6,1,55,8,49,1,7,-1,2,-1
201514B089915,1,9,0,18,0,0,1,0,1,10,1,1,6,1,20,4,1400,2,7,-1,3,-1
201514B090215,1,5,0,18,0,6,1,0,3,11,1,1,6,1,26,6,599,1,17,-1,1,-1
201514B090515,1,9,0,4,0,0,1,0,0,0,1,1,6,1,22,5,-1,-1,-1,-1,3,-1
201514B090515,2,9,0,18,0,0,0,0,0,0,1,1,6,2,25,5,1242,1,13,-1,1,-1
201514B090615,1,9,0,18,0,8,0,0,0,0,1,1,1,1,28,6,1968,2,6,-1,2,-1
201514B090615,2,9,0,18,0,4,0,0,0,7,3,1,6,1,73,10,1242,1,11,-1,1,-1
201514B090715,1,2,0,18,0,1,1,0,0,0,1,1,6,1,16,4,49,1,-1,-1,1,-1
201514B090715,2,9,0,8,0,1,0,0,0,0,2,1,6,1,69,10,1248,1,3,-1,1,-1
201514B090815,1,9,0,18,0,6,0,0,0,0,1,1,6,1,66,10,1198,1,8,-1,1,-1
201514B090815,2,9,0,18,0,8,0,0,7,10,1,1,6,2,19,4,998,1,5,-1,1,-1
201514B091015,1,9,0,3,0,8,0,0,0,0,4,1,6,1,28,6,1968,2,7,-1,1,-1
201514B091015,2,9,0,18,0,6,0,0,0,0,1,1,6,1,83,11,1560,2,-1,-1,2,-1
201514B091415,1,9,0,7,0,5,0,0,0,0,2,1,6,2,54,8,1248,2,6,-1,1,-1
201514B091415,2,9,0,18,0,1,0,0,0,0,1,1,6,1,65,9,1560,2,5,-1,1,-1
201514B091815,1,9,0,18,0,6,0,0,0,0,4,1,6,1,60,9,2198,1,11,-1,2,-1
201514B091815,2,1,0,18,0,1,0,0,0,0,1,1,6,1,52,8,-1,-1,-1,-1,3,-1
201514B091915,1,9,0,18,0,8,0,0,0,0,4,1,1,1,21,5,1242,1,1,-1,2,-1
201514B091915,2,9,0,9,0,8,0,0,0,0,4,1,6,2,53,8,1248,2,9,-1,1,-1
201514B092515,1,9,0,6,0,8,0,0,0,0,1,1,6,1,37,7,1995,2,12,-1,1,-1
201514B092515,2,3,0,18,0,8,0,0,0,0,1,1,6,1,21,5,124,1,22,-1,1,-1
201514B092815,1,9,0,18,0,0,0,10,0,0,1,1,6,1,36,7,1956,2,1,-1,1,-1
201514B092815,2,9,0,18,0,0,0,0,0,0,1,1,6,1,37,7,1999,1,10,-1,1,-1
201514B092915,1,9,0,13,0,1,1,0,0,0,1,1,1,1,46,8,1968,2,2,-1,1,-1
201514B092915,2,9,0,9,0,5,2,10,7,10,2,1,6,1,82,11,1560,2,-1,-1,1,-1
201514B093115,1,4,0,18,0,8,1,0,1,11,1,1,6,1,20,4,286,1,-1,-1,3,-1
201514B093715,1,9,0,5,0,6,0,0,0,0,1,1,6,1,45,7,-1,-1,-1,-1,1,-1
201514B093715,2,9,0,18,0,8,0,0,0,0,4,1,6,2,61,9,995,1,10,-1,1,-1
201514B093815,1,9,0,4,0,0,0,0,0,0,1,1,6,2,36,7,1794,1,13,-1,1,-1
201514B093815,2,9,0,4,0,0,0,0,0,0,1,1,6,3,-1,-1,-1,-1,-1,-1,-1,-1
201514B094115,1,9,0,18,0,0,0,0,0,0,3,1,2,1,49,8,2495,2,16,-1,1,-1
201514B094515,1,9,0,1,0,6,0,0,0,0,4,1,6,1,60,9,1587,1,13,-1,1,-1
201514B094715,1,9,0,18,0,8,0,0,0,0,1,1,2,2,37,7,1398,1,4,-1,1,-1
201514B094815,1,9,0,3,0,8,0,0,0,0,1,1,6,1,20,4,1596,1,9,-1,1,-1
201514B094815,2,9,0,10,0,8,0,0,0,0,2,1,2,1,41,7,1360,1,12,-1,1,-1
201514B095015,1,3,0,18,0,2,1,0,0,0,1,1,6,1,16,4,-1,-1,-1,-1,1,-1
201514B095415,1,9,0,9,0,8,0,0,0,0,1,1,2,2,43,7,1197,1,-1,-1,1,-1
201514B095415,2,19,0,5,0,4,0,0,0,0,1,1,1,1,68,10,-1,-1,-1,-1,-1,-1
201514B096015,1,3,0,18,0,1,1,0,0,0,4,1,2,1,20,4,125,1,3,-1,1,-1
201514B096015,2,9,0,18,0,6,0,0,0,0,0,1,6,3,-1,-1,-1,-1,-1,-1,-1,-1
201514B096315,1,9,0,18,0,8,0,0,0,0,1,1,2,1,57,9,1686,2,14,-1,1,-1
201514B096315,2,9,0,9,0,5,0,0,0,0,1,1,6,2,31,6,1685,2,-1,-1,1,-1
201514B096415,1,9,0,18,0,8,1,0,0,0,1,1,6,1,64,9,2496,2,14,-1,1,-1
201514B096415,2,9,0,9,0,5,0,0,0,0,4,1,6,1,19,4,1896,2,11,-1,1,-1
201514B097015,1,9,0,3,0,1,0,0,0,0,2,1,6,1,41,7,1968,2,4,-1,1,-1
201514B097015,2,9,0,18,0,1,0,0,0,0,1,1,6,2,31,6,1398,2,1,-1,1,-1
201514B097215,1,9,0,18,0,0,0,0,0,0,1,1,6,3,-1,-1,-1,-1,-1,-1,1,-1
201514B097315,1,9,0,10,0,8,0,0,0,0,2,1,6,1,21,5,1461,2,13,-1,1,-1
201514B097315,2,9,0,18,0,1,0,0,0,0,1,1,1,1,28,6,-1,-1,-1,-1,1,-1
201514B097515,1,9,0,3,0,1,0,0,1,2,1,1,6,1,33,6,1991,2,8,-1,1,-1
201514B097715,1,9,0,7,0,5,0,0,0,0,4,1,6,1,52,8,1388,1,7,-1,1,-1
201514B097715,2,1,0,18,0,8,0,0,0,0,3,1,6,1,39,7,-1,-1,-1,-1,1,-1
201514B097815,1,9,0,14,0,0,0,8,0,0,1,1,6,1,67,10,1388,1,4,-1,3,-1
201514B097815,2,9,0,2,0,0,0,0,0,0,1,1,3,2,42,7,-1,-1,-1,-1,3,-1
201514B097815,3,9,0,2,0,0,0,0,0,0,1,1,3,2,35,6,1686,2,-1,-1,1,-1
201514B098015,1,3,0,18,0,0,0,0,0,0,1,1,6,1,21,5,98,1,28,-1,1,-1
201514B098015,2,9,0,5,0,0,0,0,0,0,2,1,6,2,37,7,1461,2,1,-1,1,-1
201514B098115,1,9,0,18,0,8,0,0,0,0,1,1,6,1,66,10,1753,2,12,-1,1,-1
201514B098115,2,9,0,18,0,6,0,0,0,0,2,1,6,1,68,10,1956,2,5,-1,2,-1
201514B098215,1,9,0,9,0,6,0,0,0,0,3,1,3,2,48,8,1582,2,5,-1,1,-1
201514B098215,2,1,0,18,0,8,0,0,0,0,2,1,6,1,73,10,-1,-1,-1,-1,1,-1
201514B098415,1,5,0,18,0,8,0,0,0,0,1,1,2,1,41,7,1255,1,3,-1,1,-1
201514B098415,2,9,0,9,0,5,0,0,0,0,4,1,6,1,54,8,1242,1,17,-1,1,-1
201514B098715,1,9,0,18,0,8,0,0,0,0,1,1,6,1,62,9,1560,2,2,-1,1,-1
201514B098715,2,19,0,9,0,6,0,0,0,0,1,1,1,1,56,9,2402,2,5,-1,3,-1
201514B099215,1,3,0,18,0,0,0,10,0,0,4,1,6,1,23,5,124,1,16,-1,1,-1
201514B099815,1,9,0,6,0,0,0,0,0,0,2,1,6,2,49,8,1995,2,7,-1,1,-1