Accident_Index,Vehicle_Reference,Vehicle_Type,Towing_and_Articulation,Vehicle_Manoeuvre,Vehicle_Location-Restricted_Lane,Junction_Location,Skidding_and_Overturning,Hit_Object_in_Carriageway,Vehicle_Leaving_Carriageway,Hit_Object_off_Carriageway,1st_Point_of_Impact,Was_Vehicle_Left_Hand_Drive?,Journey_Purpose_of_Driver,Sex_of_Driver,Age_of_Driver,Age_Band_of_Driver,Engine_Capacity_(CC),Propulsion_Code,Age_of_Vehicle,Driver_IMD_Decile,Driver_Home_Area_Type,Vehicle_IMD_Decile
201514B099815,2,3,0,13,0,0,0,0,0,0,1,1,6,1,18,4,124,1,8,-1,1,-1
201514B099915,1,9,0,9,0,6,0,0,0,0,3,1,6,2,68,10,1388,1,9,-1,1,-1
201514B099915,2,9,0,18,0,8,1,0,0,0,1,1,6,1,50,8,2495,2,13,-1,1,-1
201514B100015,1,9,0,18,0,0,0,0,0,0,3,1,6,2,27,6,1796,7,8,-1,2,-1
201514B100015,2,9,0,18,0,0,0,0,0,0,3,1,6,1,78,11,1560,2,1,-1,2,-1
201514B100215,1,9,0,18,0,8,0,10,7,2,1,1,6,2,86,11,1364,1,8,-1,1,-1
201514B100215,2,9,0,9,0,8,0,0,0,0,1,1,6,2,36,7,1997,2,4,-1,1,-1
201514B100715,1,9,0,4,0,1,0,0,0,0,2,1,6,1,68,10,-1,-1,-1,-1,1,-1
201514B100715,2,11,0,4,0,1,1,0,0,0,1,1,1,1,37,7,-1,-1,-1,-1,2,-1
201514B101315,1,9,0,11,0,0,0,0,0,0,1,1,1,1,37,7,-1,-1,-1,-1,1,-1
201514B101315,2,9,0,18,0,0,0,0,0,0,1,1,6,1,37,7,1496,2,-1,-1,1,-1
201514B101315,3,9,0,18,0,0,0,0,0,0,1,1,6,1,25,5,-1,-1,-1,-1,1,-1
201514B101515,1,9,0,18,0,1,0,0,0,0,3,1,6,1,28,6,1587,1,12,-1,1,-1
201514B101515,2,9,0,7,0,2,0,0,0,0,1,1,6,1,19,4,1396,1,10,-1,1,-1
201514B101615,1,9,0,9,0,6,0,0,0,0,1,1,6,1,20,4,1246,1,10,-1,1,-1
201514B101615,2,9,0,18,0,8,0,0,0,0,4,1,6,1,66,10,1498,1,4,-1,1,-1
201514B102115,1,9,0,18,0,8,0,0,0,0,1,1,2,1,51,8,998,1,2,-1,1,-1
201514B102115,2,19,0,18,0,8,0,0,0,0,4,1,2,1,25,5,1753,2,12,-1,1,-1
201514B102315,1,9,0,7,0,6,0,0,1,10,3,1,6,2,39,7,1686,2,5,-1,2,-1
201514B102315,2,9,0,18,0,1,0,0,0,0,1,1,6,1,32,6,1997,2,13,-1,1,-1
201514B102715,1,9,0,18,0,1,0,0,0,0,2,1,1,1,35,6,1199,1,12,-1,1,-1
201514B102715,2,9,0,18,0,1,0,0,0,0,1,1,3,1,38,7,1896,2,17,-1,1,-1
201514B102715,3,9,0,9,0,6,0,0,0,0,1,1,3,2,35,6,1598,1,11,-1,1,-1
201514B103615,1,9,0,18,0,0,1,0,2,7,1,1,6,1,20,4,1242,1,6,-1,1,-1
201514B103615,2,9,0,18,0,0,0,0,0,0,2,1,6,1,42,7,1596,1,11,-1,1,-1
201514B103815,1,9,0,9,0,6,0,0,0,0,3,1,6,1,46,8,1896,2,13,-1,1,-1
201514B103815,2,2,0,18,0,8,0,0,0,0,1,1,6,1,43,7,-1,-1,-1,-1,1,-1
201514B104115,1,11,0,18,0,0,0,10,1,1,1,1,1,1,48,8,4500,2,3,-1,1,-1
201514B104815,1,9,0,12,0,0,0,0,0,0,3,1,6,3,-1,-1,-1,-1,-1,-1,1,-1
201514B105115,1,9,0,18,0,2,0,0,0,0,4,1,6,1,57,9,1794,1,12,-1,1,-1
201514B105315,1,9,0,18,0,0,0,0,0,0,1,1,2,2,29,6,-1,3,1,-1,1,-1
201514B105415,1,9,0,13,0,1,0,0,0,0,4,1,2,1,35,6,1199,1,11,-1,1,-1
201514B105415,2,9,0,5,0,1,0,0,0,0,3,1,6,2,35,6,1242,1,10,-1,1,-1
201514B105615,1,9,0,2,0,0,0,11,0,0,2,1,6,2,40,7,1242,1,5,-1,1,-1
201514B105615,2,21,0,18,0,0,0,0,0,0,0,1,1,1,68,10,11021,2,12,-1,1,-1
201514B105715,1,9,0,9,0,2,0,0,0,0,3,1,2,2,20,4,1242,1,6,-1,1,-1
201514B106315,1,3,0,18,0,3,1,0,0,0,4,1,6,1,50,8,124,1,11,-1,1,-1
201514B106315,2,9,0,18,0,4,0,0,0,0,0,1,6,3,-1,-1,1242,1,3,-1,-1,-1
201514B106415,1,9,0,18,0,0,0,0,0,0,1,1,6,2,29,6,1229,1,4,-1,1,-1
201514B106915,1,9,0,18,0,0,0,0,0,0,1,1,6,1,57,9,1422,2,9,-1,1,-1
201514B107015,1,9,0,5,0,4,0,0,0,0,4,1,2,1,65,9,2987,2,5,-1,1,-1
201514B107015,2,1,0,4,0,4,0,0,0,0,1,1,2,1,49,8,-1,-1,-1,-1,1,-1
201514B107615,1,9,0,17,0,0,1,4,0,0,4,1,6,1,35,6,1796,1,13,-1,1,-1
201514B107615,2,9,0,2,0,0,0,0,0,0,3,1,6,2,-1,-1,1493,2,8,-1,1,-1
201514B107615,3,9,0,18,0,0,0,0,0,0,1,1,6,2,27,6,1368,1,4,-1,1,-1
201514B107715,1,9,0,9,0,5,0,0,0,0,3,1,6,1,25,5,1197,1,-1,-1,1,-1
201514B107715,2,1,0,18,0,1,0,0,0,0,1,1,6,1,51,8,-1,-1,-1,-1,3,-1
201514B107815,1,9,0,3,0,0,0,0,0,0,1,1,1,3,52,8,1598,2,-1,-1,3,-1
201514B107815,2,9,0,1,0,0,0,0,0,0,2,1,6,1,23,5,-1,-1,-1,-1,-1,-1
201514B108215,1,9,0,17,0,0,1,0,0,0,3,1,6,1,56,9,1229,1,2,-1,1,-1
201514B108215,2,9,0,18,0,0,0,0,0,0,0,1,6,2,-1,-1,1396,1,16,-1,-1,-1
201514B108315,1,9,0,4,0,0,0,0,0,0,0,1,6,3,-1,-1,-1,-1,-1,-1,-1,-1
201514B108315,2,2,0,4,0,0,1,0,0,0,3,1,6,1,16,4,49,1,-1,-1,1,-1
201514B108615,1,9,0,18,0,0,0,0,0,0,2,1,6,1,41,7,1796,1,13,-1,1,-1
201514B108615,2,9,0,18,0,0,0,0,0,0,1,1,6,3,-1,-1,-1,-1,-1,-1,-1,-1
201514B108915,1,9,0,2,0,8,0,0,1,10,2,1,6,2,37,7,1061,1,11,-1,1,-1
201514B108915,2,9,0,14,0,8,0,4,0,0,1,1,6,1,42,7,1896,2,10,-1,1,-1
201514B109215,1,9,0,18,0,1,1,4,1,10,1,1,6,1,35,6,1527,2,13,-1,1,-1
201514B109215,2,9,0,2,0,2,0,0,0,0,1,1,6,1,53,8,1124,1,9,-1,1,-1
201514B109415,1,9,0,3,0,0,0,0,0,0,2,1,2,1,55,8,1498,1,8,-1,1,-1
201514B109415,2,9,0,3,0,0,0,0,0,0,2,1,6,1,22,5,1396,1,1,-1,1,-1
201514B109415,3,9,0,3,0,0,0,0,0,0,2,1,6,3,-1,-1,-1,-1,-1,-1,-1,-1
201514B109415,4,9,0,18,0,0,1,0,0,0,1,1,6,1,30,6,-1,-1,-1,-1,1,-1
201514B109515,1,9,0,9,0,5,0,0,0,0,4,1,6,2,42,7,1595,1,10,-1,1,-1
201514B109515,2,9,0,18,0,8,0,0,0,0,1,1,6,1,24,5,999,1,16,-1,1,-1
201514B109815,1,9,0,18,0,1,0,0,0,0,3,1,6,2,18,4,1149,1,9,-1,1,-1
201514B109815,2,9,0,4,0,1,1,0,0,0,3,1,6,2,32,6,1968,2,6,-1,1,-1
201514B110115,1,19,0,3,0,2,0,0,0,0,1,1,6,1,30,6,2402,2,12,-1,1,-1
201514B110115,2,9,0,18,0,1,0,0,0,0,1,1,6,2,44,7,1149,1,9,-1,1,-1
201514B110115,3,9,0,3,0,1,0,0,0,0,1,1,6,2,40,7,1364,2,4,-1,1,-1
201514B110515,1,9,0,18,0,8,0,0,0,0,3,1,6,2,31,6,1685,2,2,-1,1,-1
201514B110515,2,19,0,11,0,8,0,0,0,0,4,1,6,3,-1,-1,1995,2,3,-1,-1,-1
201514B110615,1,9,0,4,0,0,0,0,0,0,2,1,6,1,37,7,1984,1,10,-1,1,-1
201514B110615,2,9,0,18,0,0,0,0,0,0,1,1,1,1,42,7,-1,-1,-1,-1,1,-1
201514B110715,1,9,0,9,0,6,0,0,0,0,1,1,2,2,44,7,1995,2,5,-1,1,-1
201514B110715,2,9,0,18,0,8,0,0,0,0,4,1,6,1,59,9,2993,2,3,-1,3,-1
201514B111315,1,9,0,3,0,0,0,0,0,0,2,1,6,1,22,5,-1,-1,-1,-1,2,-1
201514B111315,2,9,0,18,0,0,0,0,0,0,1,1,6,1,33,6,1753,2,9,-1,2,-1
201514B111415,1,9,0,18,0,8,0,0,0,0,1,1,6,2,69,10,1388,1,11,-1,1,-1
201514B111415,2,9,0,9,0,8,0,0,0,0,1,1,6,2,54,8,1086,1,9,-1,2,-1
201514B111515,1,9,0,13,0,8,0,0,0,0,4,1,6,2,70,10,1329,1,2,-1,1,-1
201514B111515,2,1,0,18,0,8,0,0,0,0,3,1,6,1,54,8,-1,-1,-1,-1,1,-1
201514B111715,1,9,0,18,0,0,0,0,0,0,1,1,6,2,19,4,1242,1,-1,-1,2,-1
201514B111715,2,9,0,18,0,0,0,0,0,0,2,1,6,2,32,6,1595,1,12,-1,2,-1
201514B111715,3,9,0,18,0,0,0,0,0,0,2,1,6,2,22,5,1124,1,9,-1,2,-1
201514B111815,1,9,0,5,0,4,0,0,0,0,3,1,2,1,46,8,1968,2,2,-1,1,-1
201514B111815,2,1,0,18,0,8,0,0,0,0,1,1,2,1,36,7,-1,-1,-1,-1,1,-1
201514B112115,1,9,0,14,0,8,1,0,7,2,1,1,1,1,38,7,1248,2,1,-1,1,-1
201514B112115,2,9,0,9,0,5,0,0,0,0,1,1,6,3,-1,-1,-1,-1,-1,-1,-1,-1
201514B112315,1,9,0,9,0,1,0,0,0,0,3,1,6,2,27,6,1896,2,13,-1,1,-1
201514B112315,2,3,0,18,0,1,1,0,0,0,1,1,6,1,25,5,124,1,1,-1,1,-1
201514B112315,3,9,0,8,0,1,0,0,0,0,3,1,6,1,30,6,1997,2,4,-1,1,-1
201514B112515,1,9,0,18,0,0,1,0,1,2,1,1,6,2,22,5,1364,1,8,-1,1,-1
201514B113115,1,9,0,13,0,0,0,0,0,0,1,1,6,1,40,7,1390,1,13,-1,-1,-1
201514B113115,2,9,0,18,0,0,0,0,0,0,2,1,6,1,42,7,1896,2,12,-1,1,-1
201514B113115,3,9,0,4,0,0,0,0,0,0,1,1,6,2,48,8,1591,1,1,-1,1,-1
201514B113115,4,9,0,4,0,0,0,0,0,0,1,1,6,1,36,7,1998,2,9,-1,1,-1
201514B113215,1,9,0,18,0,0,0,0,0,0,1,1,6,1,40,7,1390,1,13,-1,1,-1
201514B113215,2,9,0,18,0,0,0,0,0,0,2,1,6,1,37,7,1493,2,11,-1,1,-1
201514B113315,1,9,0,18,0,0,0,4,0,0,1,1,6,1,49,8,1248,2,1,-1,1,-1
201514B113315,2,9,0,2,0,0,0,0,0,0,1,1,6,1,34,6,1896,2,15,-1,1,-1
201514B113415,1,9,0,3,0,1,0,0,0,0,2,1,6,1,50,8,1390,1,-1,-1,3,-1
201514B113415,2,9,0,18,0,1,0,0,0,0,1,1,6,1,-1,-1,4394,1,9,-1,3,-1
201514B113515,1,9,0,4,0,0,0,0,0,0,2,1,6,1,36,7,1997,2,13,-1,1,-1
201514B113515,2,9,0,18,0,0,0,0,0,0,1,1,1,3,-1,-1,-1,-1,-1,-1,-1,-1
201514B114015,1,9,0,10,0,1,0,0,0,0,2,1,6,1,55,8,1951,2,14,-1,1,-1
201514B114015,2,9,0,4,0,1,0,0,0,0,1,1,6,1,30,6,2993,2,8,-1,-1,-1
201514B114415,1,9,0,18,0,0,0,0,0,0,4,1,6,2,43,7,-1,-1,-1,-1,3,-1
201514B114715,1,9,0,18,0,0,1,0,0,0,3,1,6,1,24,5,1590,1,25,-1,1,-1
201514B114715,2,9,0,18,0,0,0,0,0,0,1,1,2,2,23,5,1587,1,12,-1,1,-1
201514B115615,1,9,0,18,0,0,2,0,1,7,1,1,6,1,29,6,1998,1,6,-1,1,-1
201514B115915,1,9,0,9,0,6,0,0,0,0,3,1,6,3,-1,-1,-1,-1,-1,-1,-1,-1
201514B115915,2,9,0,18,0,1,0,0,0,0,1,1,6,1,30,6,-1,-1,-1,-1,1,-1
201514B116015,1,9,0,18,0,0,1,0,0,0,1,1,6,1,25,5,-1,-1,-1,-1,2,-1
201514B116015,2,9,0,18,0,0,0,0,0,0,2,1,6,1,61,9,998,1,7,-1,1,-1
201514B116515,1,21,1,11,0,0,0,0,0,0,4,1,1,1,66,10,12419,2,3,-1,1,-1
201514B116515,2,9,0,18,0,0,1,0,1,10,3,1,2,2,26,6,1364,2,7,-1,1,-1
201514B116615,1,9,0,18,0,0,0,0,0,0,1,1,6,1,25,5,1396,1,13,-1,1,-1
201514B116715,1,9,0,18,0,1,0,0,0,0,1,1,6,2,42,7,1299,1,16,-1,1,-1
201514B116715,2,9,0,9,0,1,0,0,0,0,1,1,6,3,-1,-1,-1,-1,-1,-1,-1,-1
201514B116915,1,9,0,4,0,0,0,0,0,0,2,1,1,1,33,6,-1,-1,-1,-1,3,-1
201514B116915,2,9,0,18,0,0,0,0,0,0,1,1,1,1,59,9,1998,1,11,-1,1,-1
201514B117315,1,9,0,4,0,1,0,0,0,0,2,1,2,1,25,5,1388,1,12,-1,1,-1
201514B117315,2,9,0,18,0,1,1,0,0,0,1,1,6,3,-1,-1,1997,2,10,-1,-1,-1
201514B117615,1,9,0,3,0,1,0,0,0,0,2,1,6,2,44,7,1598,1,3,-1,1,-1
201514B117615,2,9,0,18,0,1,0,0,0,0,1,1,6,2,33,6,1969,2,1,-1,2,-1
201514B117715,1,11,0,18,0,1,0,0,0,0,1,1,1,1,43,7,6871,2,7,-1,1,-1
201514B117715,2,9,0,11,0,1,0,0,0,0,2,1,6,3,-1,-1,-1,-1,-1,-1,-1,-1
201514B117815,1,9,0,18,0,1,0,0,0,0,1,1,6,3,-1,-1,-1,-1,-1,-1,1,-1
201514B118115,1,9,0,18,0,1,0,0,0,0,1,1,6,3,-1,-1,-1,-1,-1,-1,1,-1
201514B118215,1,9,0,5,0,5,0,0,0,0,1,1,1,2,27,6,-1,-1,-1,-1,1,-1
201514B118215,2,1,0,18,0,8,0,0,0,0,1,1,2,1,48,8,-1,-1,-1,-1,1,-1
201514B118615,1,9,0,9,0,5,0,0,0,0,1,1,6,2,43,7,1598,2,5,-1,1,-1
201514B118615,2,9,0,18,0,8,0,0,0,0,1,1,6,1,78,11,-1,-1,-1,-1,1,-1
201514B119715,1,9,0,7,0,1,0,0,0,0,4,1,6,1,25,5,-1,-1,-1,-1,1,-1
201514B119715,2,9,0,15,0,1,0,0,0,0,1,1,6,3,-1,-1,1956,2,5,-1,-1,-1
201514B119715,3,9,0,18,0,1,0,0,0,0,1,1,6,1,53,8,-1,-1,-1,-1,1,-1
201514B119715,4,9,0,2,0,2,0,0,0,0,1,1,6,2,45,7,1999,1,13,-1,1,-1
201514B119815,1,9,0,3,0,4,0,0,0,0,2,1,1,2,59,9,1389,1,10,-1,1,-1
201514B119815,2,9,0,3,0,1,0,0,0,0,1,1,2,1,32,6,-1,-1,-1,-1,1,-1
201514B120215,1,9,0,18,0,0,2,10,1,5,1,1,6,1,21,5,1896,2,11,-1,3,-1
201514B120415,1,20,0,18,0,1,0,0,0,0,2,1,1,1,23,5,-1,-1,-1,-1,3,-1
201514B120415,2,9,0,10,0,8,0,0,0,0,1,1,2,2,37,7,996,1,2,-1,2,-1
201514B120415,3,9,0,18,0,1,0,0,0,0,1,1,3,1,48,8,-1,-1,-1,-1,2,-1
201514B120615,1,9,0,18,0,0,0,0,0,0,4,1,6,2,26,6,1596,1,3,-1,-1,-1
201514B120615,2,1,0,12,0,0,0,0,0,0,4,1,6,1,59,9,-1,-1,-1,-1,1,-1
201514B120815,1,3,0,18,0,1,0,0,0,0,1,1,2,1,33,6,125,1,-1,-1,1,-1
201514B120815,2,9,0,9,0,5,0,0,0,0,4,1,6,2,32,6,1396,1,18,-1,2,-1
201514B121015,1,9,0,16,0,0,0,0,1,4,4,1,6,1,20,4,-1,-1,-1,-1,1,-1
201514B121215,1,3,0,18,0,1,0,4,0,0,1,1,6,1,23,5,125,1,3,-1,1,-1
201514B121215,2,9,0,2,0,2,0,0,0,0,2,1,6,1,62,9,1986,1,21,-1,1,-1
201514B121415,1,9,0,18,0,0,0,7,0,0,1,1,2,2,53,8,998,1,6,-1,1,-1
201514B121515,1,9,0,9,0,5,0,0,0,0,1,1,6,1,59,9,1364,1,-1,-1,1,-1
201514B121515,2,9,0,9,0,6,0,0,0,0,1,1,6,1,-1,-1,1395,1,2,-1,-1,-1
201514B121615,1,9,0,18,0,1,2,0,1,2,1,1,6,1,21,5,1398,1,-1,-1,1,-1
201514B121715,1,9,0,16,0,1,0,4,7,0,1,1,6,2,61,9,-1,-1,-1,-1,1,-1
201514B121715,2,9,0,2,0,2,0,0,0,0,1,1,6,2,60,9,1248,2,7,-1,1,-1
201514B122115,1,9,0,18,0,1,0,0,0,0,1,1,1,1,23,5,973,1,12,-1,1,-1
201514B122115,2,9,0,9,0,5,0,0,0,0,1,1,6,1,77,11,2143,2,5,-1,1,-1
201514B122215,1,9,0,18,0,2,0,4,0,0,1,1,6,1,37,7,1910,2,6,-1,1,-1
201514B122215,2,9,0,2,0,1,0,0,0,0,3,1,6,2,47,8,-1,-1,-1,-1,1,-1
201514B122215,3,9,0,2,0,1,0,0,0,0,3,1,6,1,-1,-1,1997,2,13,-1,1,-1
201514B123015,1,9,0,4,0,2,0,0,0,0,1,1,6,1,26,6,1587,1,12,-1,-1,-1
201514B123015,2,9,0,4,0,2,0,0,0,0,2,1,6,2,39,7,1598,1,8,-1,1,-1
201514B123115,1,9,0,18,0,8,0,0,0,0,2,1,6,1,66,10,1597,2,1,-1,1,-1
201514B123115,2,9,0,18,0,6,0,0,0,0,4,1,6,1,40,7,1905,2,19,-1,-1,-1
201514B123215,1,9,0,18,0,8,0,0,0,0,4,1,2,1,33,6,1598,1,11,-1,1,-1
201514B123315,1,9,0,3,0,1,0,0,0,0,2,1,6,1,47,8,1896,2,7,-1,1,-1
201514B123315,2,9,0,4,0,1,0,0,0,0,1,1,2,1,30,6,1398,2,12,-1,1,-1
201514B123415,1,9,0,18,0,0,0,0,1,0,1,1,6,1,33,6,-1,-1,-1,-1,1,-1
201514B123415,2,9,0,3,0,0,0,0,0,0,3,1,6,2,52,8,1240,1,11,-1,2,-1
201514B123715,1,1,0,18,9,0,0,0,0,0,2,1,6,1,16,4,-1,-1,-1,-1,1,-1
201514B123715,2,9,0,18,0,0,0,0,0,0,1,1,6,3,-1,-1,-1,-1,-1,-1,-1,-1
201514B123815,1,9,0,18,0,1,0,0,0,0,1,1,6,1,80,11,1390,1,10,-1,1,-1
201514B123815,2,19,0,9,0,6,0,0,0,0,4,1,6,3,-1,-1,2198,2,9,-1,-1,-1
201514B124015,1,9,0,4,0,0,0,0,0,0,2,1,6,1,30,6,-1,-1,-1,-1,1,-1
201514B124015,2,9,0,18,0,0,0,0,0,0,1,1,6,1,66,10,1596,1,6,-1,2,-1
201514B124215,1,9,0,18,0,1,0,0,0,0,1,1,6,1,54,8,1762,1,17,-1,1,-1
201514B124215,2,9,0,4,0,1,0,0,0,0,2,1,1,1,36,7,1956,2,1,-1,1,-1
201514B124415,1,9,0,16,0,1,0,0,0,0,1,1,6,2,37,7,1598,2,2,-1,1,-1
201514B124415,2,9,0,5,0,6,0,0,0,0,1,1,6,2,54,8,1390,1,19,-1,1,-1
201514B124515,1,9,0,3,0,1,0,0,0,0,2,1,1,2,39,7,1686,2,10,-1,2,-1
201514B124515,2,9,0,18,0,1,0,0,0,0,1,1,6,2,-1,-1,1900,2,11,-1,1,-1
201514C001315,1,9,0,5,0,1,0,0,0,0,1,1,6,3,-1,-1,-1,-1,-1,-1,-1,-1
201514C001315,2,1,0,17,0,1,0,0,0,0,4,1,6,1,19,4,-1,-1,-1,-1,1,-1
201514C001715,1,11,0,2,0,0,0,0,0,0,2,1,1,1,32,6,6871,2,7,-1,1,-1
201514C001715,2,9,0,3,0,0,0,0,0,0,1,1,6,1,48,8,-1,-1,-1,-1,1,-1
201514C001715,3,9,0,18,0,0,0,0,0,0,1,1,6,3,-1,-1,-1,-1,-1,-1,-1,-1
201514C001915,1,21,0,18,0,0,1,0,0,0,1,1,1,1,42,7,-1,-1,-1,-1,-1,-1
201514C001915,2,9,0,18,0,0,0,0,0,0,1,1,6,1,51,8,1998,2,5,-1,1,-1
201514C002015,1,9,0,10,0,1,0,0,0,0,2,1,6,1,24,5,1896,2,11,-1,1,-1
201514C002015,2,9,0,18,0,1,0,0,0,0,1,1,6,3,-1,-1,-1,-1,-1,-1,-1,-1
201514C002115,1,9,0,9,0,5,0,0,0,0,4,1,6,2,46,8,2231,2,2,-1,2,-1
201514C002115,2,1,0,18,0,8,0,0,0,0,1,1,6,1,36,7,-1,-1,-1,-1,2,-1
201514C002215,1,9,0,18,0,1,0,0,0,0,2,1,6,1,33,6,1597,2,2,-1,1,-1
201514C002215,2,9,0,18,0,1,0,0,0,0,1,1,6,2,25,5,2497,1,5,-1,1,-1
201514C002515,1,9,0,3,0,1,0,0,0,0,2,1,6,2,40,7,-1,-1,-1,-1,2,-1
201514C002515,2,19,0,18,0,1,0,0,0,0,1,1,1,1,28,6,2300,2,10,-1,1,-1
201514C002615,1,90,0,18,0,4,1,0,0,0,1,1,1,2,44,7,2461,2,6,-1,1,-1
201514C002615,2,9,0,9,0,8,0,0,0,0,4,1,2,2,17,4,998,1,10,-1,1,-1
201514C002715,1,9,0,18,0,0,0,0,0,0,1,1,6,2,45,7,1998,1,12,-1,1,-1
201514C002915,1,9,0,3,0,0,0,0,0,0,2,1,2,2,36,7,1598,1,9,-1,1,-1
201514C002915,2,9,0,18,0,0,0,0,0,0,1,1,2,2,33,6,1910,2,9,-1,1,-1
201514C003015,1,9,0,14,0,0,0,0,8,4,1,1,6,1,18,4,-1,-1,-1,-1,1,-1
201514C003215,1,21,0,18,0,1,0,0,0,0,1,1,1,1,46,8,18000,2,8,-1,3,-1
201514C003215,2,9,0,18,0,1,0,0,0,0,2,1,6,1,24,5,1596,1,13,-1,1,-1
201514C003215,3,9,0,18,0,1,0,0,0,0,2,1,6,1,45,7,-1,-1,-1,-1,1,-1
201514C003615,1,9,0,18,0,1,0,0,0,0,1,1,6,2,43,7,1328,1,8,-1,1,-1
201514C003615,2,3,0,18,0,6,1,0,0,0,1,1,6,1,23,5,-1,-1,-1,-1,1,-1
201514C004215,1,9,0,6,9,0,0,0,0,0,1,1,1,1,52,8,1896,2,16,-1,1,-1
201514C004215,2,9,0,18,0,0,0,0,0,0,1,1,3,1,63,9,1149,1,13,-1,1,-1
201514C004315,1,9,0,7,0,3,0,0,0,0,3,1,1,1,32,6,1493,2,8,-1,1,-1
201514C004315,2,21,0,18,0,8,0,0,0,0,1,1,1,1,59,9,12902,2,2,-1,1,-1
201514C005015,1,9,0,4,0,0,0,0,0,0,1,1,1,1,54,8,2688,2,10,-1,1,-1
201514C005015,2,9,0,18,0,0,0,0,0,0,1,1,1,1,40,7,1995,2,5,-1,1,-1
201514C005115,1,3,0,16,0,1,1,0,0,0,1,1,1,1,29,6,125,1,7,-1,1,-1
201514C005115,2,9,0,9,0,8,0,0,0,0,3,1,6,2,19,4,1086,1,11,-1,1,-1
201514C006015,1,9,0,4,0,8,1,0,0,0,1,1,3,2,35,6,-1,-1,-1,-1,1,-1
201514C006015,2,9,0,2,0,2,0,0,0,0,2,1,6,1,40,7,-1,-1,-1,-1,1,-1
201514C006215,1,9,0,9,0,6,0,0,0,0,1,1,6,1,82,11,-1,-1,-1,-1,1,-1
201514C006215,2,9,0,18,0,1,0,0,0,0,1,1,6,1,43,7,1956,2,1,-1,1,-1
201514C006515,1,9,0,5,0,4,0,0,0,0,1,1,6,1,37,7,1910,2,9,-1,2,-1
201514C006515,2,9,0,18,0,8,1,0,0,0,4,1,6,1,19,4,1686,2,3,-1,1,-1
201514C007215,1,9,0,14,0,8,0,0,0,0,4,1,6,1,27,6,-1,-1,-1,-1,3,-1
201514C007215,2,90,0,18,0,6,0,0,0,0,1,1,1,1,35,6,-1,-1,-1,-1,1,-1
201514C007415,1,9,0,9,0,8,0,0,0,0,1,1,6,1,27,6,-1,-1,-1,-1,1,-1
201514C007415,2,1,0,18,0,8,0,0,0,0,1,1,6,1,18,4,-1,-1,-1,-1,1,-1
201514C007515,1,9,0,18,0,2,0,0,0,0,1,1,2,1,18,4,1149,1,13,-1,1,-1
201514C007615,1,9,0,17,0,8,1,0,0,0,1,1,6,2,54,8,1199,1,14,-1,1,-1
201514C007615,2,9,0,7,0,6,0,0,0,0,3,1,6,1,31,6,1497,1,12,-1,1,-1
201514C007715,1,9,0,18,0,1,0,0,0,0,1,1,6,1,23,5,1360,1,13,-1,1,-1
201514C007715,2,9,0,10,0,8,0,0,0,0,2,1,6,1,53,8,2477,2,9,-1,1,-1
201514C007815,1,9,0,4,0,0,0,0,0,0,2,1,2,2,29,6,1910,2,6,-1,1,-1
201514C007815,2,9,0,18,0,0,1,0,0,0,1,1,6,1,18,4,1299,1,16,-1,1,-1
201514C008215,1,9,0,18,0,0,0,0,0,0,2,1,6,1,50,8,1686,2,4,-1,1,-1
201514C008215,2,9,0,18,0,0,0,0,0,0,1,1,6,2,21,5,1149,1,8,-1,1,-1
201514C008615,1,9,0,9,0,8,0,0,0,0,1,1,6,1,76,11,-1,-1,-1,-1,2,-1
201514C008615,2,9,0,18,0,8,0,0,0,0,1,1,1,1,32,6,1124,1,13,-1,1,-1
201514C008715,1,9,0,18,0,0,0,0,0,0,3,1,2,2,23,5,1896,2,13,-1,1,-1
201514C008715,2,21,0,18,0,0,0,0,0,0,1,1,1,1,-1,-1,10837,2,4,-1,3,-1
201514C008715,3,21,0,18,0,0,0,0,0,0,3,1,1,1,-1,-1,12777,2,7,-1,1,-1
201514C009515,1,9,0,18,0,0,0,0,0,0,4,1,6,2,58,9,2488,2,4,-1,1,-1
201514C009515,2,21,0,12,0,0,0,0,0,0,3,1,1,1,48,8,10837,2,1,-1,1,-1
201514C009715,1,9,0,18,0,2,0,0,1,5,1,1,2,2,39,7,1200,1,13,-1,1,-1
201514C009815,1,21,0,3,0,0,0,0,0,0,2,1,1,1,46,8,10837,2,2,-1,3,-1
201514C009815,2,19,0,4,0,0,0,0,0,0,1,1,1,1,71,10,2295,7,11,-1,1,-1
201514C010215,1,9,0,18,0,8,0,0,3,10,1,1,6,1,37,7,1796,2,2,-1,3,-1
201514C010315,1,9,0,2,0,0,0,0,0,0,1,1,2,1,42,7,-1,-1,-1,-1,1,-1
201514C010315,2,9,0,1,0,0,0,4,0,0,2,1,6,3,-1,-1,1956,2,5,-1,1,-1
201514C010515,1,11,0,9,0,5,0,0,0,0,3,1,1,2,62,9,9000,2,4,-1,1,-1
201514C010515,2,9,0,18,0,1,0,0,0,0,3,1,6,1,55,8,998,1,1,-1,1,-1
201514C010715,1,9,0,18,0,0,0,0,5,6,2,1,6,1,56,9,2204,2,8,-1,3,-1