Accident_Index,Vehicle_Reference,Vehicle_Type,Towing_and_Articulation,Vehicle_Manoeuvre,Vehicle_Location-Restricted_Lane,Junction_Location,Skidding_and_Overturning,Hit_Object_in_Carriageway,Vehicle_Leaving_Carriageway,Hit_Object_off_Carriageway,1st_Point_of_Impact,Was_Vehicle_Left_Hand_Drive?,Journey_Purpose_of_Driver,Sex_of_Driver,Age_of_Driver,Age_Band_of_Driver,Engine_Capacity_(CC),Propulsion_Code,Age_of_Vehicle,Driver_IMD_Decile,Driver_Home_Area_Type,Vehicle_IMD_Decile
201514C010715,2,21,0,11,0,0,0,0,0,0,4,1,6,1,54,8,12419,2,4,-1,1,-1
201514C010815,1,9,0,4,0,0,1,0,0,0,1,1,2,2,45,7,1560,2,9,-1,1,-1
201514C010815,2,9,0,18,0,0,0,0,0,0,1,1,2,2,57,9,998,1,7,-1,1,-1
201514C011015,1,9,0,9,0,5,0,0,0,0,4,1,2,2,35,6,1560,2,9,-1,2,-1
201514C011015,2,9,0,18,0,8,0,0,0,0,1,1,2,1,26,6,1399,2,12,-1,1,-1
201514C011115,1,9,0,7,0,0,0,7,3,10,1,1,6,1,25,5,2495,2,19,-1,1,-1
201514C011115,2,9,0,7,0,0,0,7,3,0,4,1,6,1,53,8,998,1,2,-1,1,-1
201514C011315,1,9,0,18,0,0,0,0,0,0,2,1,6,2,48,8,-1,-1,-1,-1,1,-1
201514C011315,2,9,0,4,0,0,0,0,0,0,1,1,6,3,-1,-1,-1,-1,-1,-1,-1,-1
201514C011415,1,11,0,3,0,1,0,0,0,0,0,1,1,1,31,6,9600,2,16,-1,2,-1
201514C011515,1,9,0,18,0,2,0,0,0,0,3,1,6,1,42,7,1870,2,13,-1,1,-1
201514C011715,1,1,0,14,0,8,0,0,0,0,1,1,1,1,44,7,-1,-1,-1,-1,1,-1
201514C011715,2,9,0,13,0,8,0,0,0,0,4,1,6,3,-1,-1,-1,-1,-1,-1,-1,-1
201514C012315,1,9,0,7,0,5,0,0,0,0,2,1,6,1,52,8,2685,2,10,-1,1,-1
201514C012315,2,19,0,18,0,8,0,0,0,0,1,1,6,1,48,8,2198,2,2,-1,-1,-1
201514C012515,1,19,0,4,0,0,1,0,0,0,1,1,6,1,39,7,1995,2,8,-1,1,-1
201514C012515,2,9,0,3,0,0,0,0,0,0,2,1,6,2,82,11,-1,-1,-1,-1,1,-1
201514C012515,3,9,0,3,0,0,0,0,0,0,2,1,6,1,34,6,-1,-1,-1,-1,1,-1
201514C012715,1,9,0,18,0,0,0,0,0,0,1,1,2,1,30,6,2495,2,17,-1,3,-1
201514C012815,1,11,0,18,0,0,0,0,0,0,4,1,1,2,55,8,4500,2,5,-1,1,-1
201514C012915,1,9,0,17,0,1,1,10,0,0,3,1,1,2,33,6,1796,1,15,-1,2,-1
201514C013015,1,9,0,18,0,0,1,10,7,4,1,1,6,1,27,6,1910,2,10,-1,1,-1
201514C013115,1,9,0,17,0,0,1,0,7,0,4,1,6,2,25,5,-1,-1,-1,-1,1,-1
201514C013115,2,9,0,18,0,0,0,0,0,0,4,1,6,1,79,11,-1,-1,-1,-1,1,-1
201514C013415,1,9,0,9,0,6,0,0,0,0,3,1,2,1,51,8,1968,2,4,-1,1,-1
201514C013415,2,3,0,18,0,8,1,0,0,0,1,1,6,1,18,4,85,1,15,-1,1,-1
201514C013515,1,19,0,18,0,0,0,0,0,0,1,1,2,1,39,7,2198,2,1,-1,3,-1
201514C013515,2,9,0,18,0,0,0,0,0,0,2,1,6,1,53,8,2199,2,1,-1,3,-1
201514C013615,1,9,0,7,0,6,0,0,0,0,3,1,6,1,24,5,1368,1,6,-1,1,-1
201514C013615,2,9,0,18,0,8,0,0,0,0,1,1,6,1,65,9,-1,-1,-1,-1,1,-1
201514C013815,1,9,0,9,0,6,0,0,0,0,1,1,2,2,48,8,1598,2,3,-1,1,-1
201514C013815,2,9,0,18,0,8,0,0,0,0,1,1,2,2,49,8,1685,2,4,-1,1,-1
201514C014015,1,9,0,17,0,0,1,10,1,2,3,1,1,2,56,9,1229,1,3,-1,1,-1
201514C014115,1,9,0,17,0,0,0,0,0,0,3,1,6,2,61,9,1997,2,13,-1,2,-1
201514C014315,1,9,0,4,0,0,0,0,0,0,2,1,6,1,43,7,-1,-1,-1,-1,1,-1
201514C014315,2,9,0,18,0,0,0,0,0,0,1,1,6,2,47,8,1242,1,16,-1,1,-1
201514C014615,1,9,0,17,0,0,1,6,7,10,1,1,6,1,19,4,-1,-1,-1,-1,1,-1
201514C015315,1,9,0,18,0,1,0,0,0,0,2,1,6,2,57,9,998,1,1,-1,2,-1
201514C015315,2,21,0,18,0,1,0,0,0,0,1,1,6,1,21,5,11946,2,7,-1,3,-1
201514C015815,1,9,0,18,0,8,0,0,0,0,1,1,6,1,57,9,1582,2,6,-1,1,-1
201514C015815,2,9,0,7,0,4,0,0,0,0,3,1,6,1,30,6,-1,-1,-1,-1,1,-1
201514C016415,1,3,0,18,0,8,0,0,0,0,1,1,6,1,16,4,49,1,7,-1,1,-1
201514C016415,2,9,0,9,0,6,0,0,0,0,1,1,6,1,43,7,1956,2,2,-1,1,-1
201514C016515,1,9,0,13,0,0,1,10,7,11,1,1,1,2,44,7,1242,1,2,-1,1,-1
201514C016615,1,9,0,18,0,0,0,0,0,0,1,1,6,2,22,5,998,1,12,-1,1,-1
201514C016615,2,9,0,18,0,0,0,0,0,0,3,1,6,1,63,9,-1,-1,-1,-1,3,-1
201514C016615,3,9,0,18,0,0,0,0,0,0,3,1,6,2,25,5,1998,1,5,-1,1,-1
201514C016915,1,9,0,18,0,0,0,0,0,0,1,1,6,1,79,11,1560,2,2,-1,1,-1
201514C016915,2,9,0,3,0,0,0,0,0,0,2,1,6,2,35,6,1560,2,9,-1,3,-1
201514C017015,1,9,0,9,0,8,0,0,0,0,1,1,6,1,60,9,1797,8,6,-1,1,-1
201514C017015,2,9,0,18,0,8,0,0,0,0,1,1,1,2,25,5,1248,2,9,-1,1,-1
201514C017115,1,9,0,18,0,2,0,0,0,0,1,1,2,1,20,4,1596,1,13,-1,1,-1
201514C017115,2,1,0,18,0,2,0,0,0,0,1,1,6,1,12,3,-1,-1,-1,-1,2,-1
201514C017215,1,9,0,18,0,0,0,0,0,0,4,1,6,3,-1,-1,-1,-1,-1,-1,1,-1
201514C017515,1,9,0,4,0,1,0,0,0,0,1,1,6,1,42,7,1598,1,11,-1,1,-1
201514C017615,1,9,0,9,0,6,0,0,0,0,1,1,6,1,34,6,1598,1,7,-1,1,-1
201514C017615,2,9,0,18,0,8,0,0,0,0,4,1,6,1,34,6,-1,-1,-1,-1,1,-1
201514C017715,1,9,0,9,0,6,0,0,0,0,3,1,1,2,57,9,-1,-1,-1,-1,1,-1
201514C017715,2,9,0,18,0,8,0,0,0,0,1,1,1,2,54,8,996,1,3,-1,1,-1
201514C017915,1,9,0,10,0,6,0,0,0,0,3,1,6,2,47,8,1991,2,8,-1,1,-1
201514C017915,2,9,0,18,0,8,0,0,0,0,1,1,6,2,42,7,1796,1,12,-1,1,-1
201514C018215,1,9,0,1,0,0,0,0,0,0,3,1,6,1,51,8,1560,2,6,-1,1,-1
201514C018315,1,9,0,4,0,1,0,0,0,0,1,1,1,2,22,5,1686,2,2,-1,2,-1
201514C018315,2,9,0,18,0,8,0,0,0,0,1,1,6,1,57,9,1560,2,1,-1,1,-1
201514C018515,1,9,0,18,0,0,0,0,0,0,1,1,2,2,23,5,1388,1,8,-1,1,-1
201514C018615,1,21,1,11,0,0,1,0,0,0,4,1,1,1,39,7,12900,2,4,-1,1,-1
201514C018615,2,9,0,18,0,0,1,0,4,6,3,1,6,2,30,6,-1,-1,-1,-1,2,-1
201514C019415,1,9,0,18,0,1,0,0,0,0,1,1,6,1,33,6,998,1,5,-1,1,-1
201514C019415,2,9,0,9,0,5,0,0,0,0,4,1,6,1,25,5,1368,1,7,-1,1,-1
201514C019815,1,9,0,17,0,0,1,0,1,10,1,1,2,1,32,6,-1,-1,-1,-1,1,-1
201514C020115,1,9,0,9,0,6,0,0,0,0,1,1,6,1,50,8,1686,2,4,-1,1,-1
201514C020115,2,8,0,18,0,8,0,0,0,0,1,1,1,1,32,6,1896,2,8,-1,1,-1
201514C020515,1,9,0,9,0,8,0,0,0,0,1,1,6,2,62,9,1339,8,8,-1,1,-1
201514C020515,2,9,0,18,0,1,0,0,0,0,1,1,6,1,52,8,1997,2,1,-1,1,-1
201514C020515,3,9,0,3,0,1,0,0,0,0,3,1,6,1,41,7,1242,1,7,-1,1,-1
201514C020915,1,9,0,18,0,1,1,0,0,0,1,1,6,1,21,5,1117,1,26,-1,1,-1
201514C020915,2,9,0,9,0,6,0,0,0,0,2,1,6,1,45,7,1798,1,8,-1,1,-1
201514C021415,1,2,0,9,0,5,0,0,0,0,3,1,6,1,18,4,49,1,10,-1,1,-1
201514C021415,2,9,0,9,0,6,0,0,0,0,4,1,6,1,18,4,1242,1,13,-1,2,-1
201514C021515,1,9,0,8,0,1,0,0,0,0,2,1,6,1,44,7,1998,2,8,-1,1,-1
201514C021515,2,9,0,18,0,1,0,0,0,0,1,1,6,1,-1,-1,1200,1,1,-1,1,-1
201514C021615,1,9,0,18,0,1,0,0,0,0,1,1,6,2,24,5,1968,2,11,-1,1,-1
201514C021615,2,9,0,9,0,6,0,0,0,0,2,1,6,1,24,5,1598,1,4,-1,1,-1
201514C022215,1,21,0,18,0,0,0,0,0,0,4,1,1,1,63,9,3920,2,9,-1,1,-1
201514C022815,1,9,0,4,0,4,0,0,0,0,2,1,6,1,24,5,1796,1,15,-1,1,-1
201514C022815,2,9,0,18,0,4,0,0,0,0,1,1,6,3,-1,-1,1796,1,14,-1,-1,-1
201514C023015,1,1,0,2,9,2,0,0,0,0,3,1,6,1,15,3,-1,-1,-1,-1,1,-1
201514C023015,2,9,0,18,0,1,0,0,0,0,1,1,6,3,-1,-1,-1,-1,-1,-1,-1,-1
201514C023115,1,9,0,18,0,1,0,0,0,0,2,1,6,1,20,4,-1,-1,-1,-1,1,-1
201514C023115,2,21,0,18,0,1,0,0,0,0,1,1,1,1,42,7,12580,2,8,-1,1,-1
201514C023515,1,19,0,18,0,8,0,0,0,0,1,1,1,1,47,8,2300,2,9,-1,1,-1
201514C023515,2,9,0,7,0,6,0,0,0,0,3,1,6,2,38,7,-1,-1,-1,-1,1,-1
201514C023615,1,9,0,5,0,0,0,0,0,0,1,1,2,1,17,4,1198,1,3,-1,1,-1
201514C023615,2,9,0,5,0,0,0,0,0,0,2,1,2,2,47,8,1229,1,8,-1,1,-1
201514C023715,1,9,0,3,0,1,0,0,0,0,2,1,6,2,65,9,999,1,2,-1,2,-1
201514C023715,2,9,0,18,0,1,0,0,0,0,1,1,6,1,55,8,1956,2,4,-1,2,-1
201514C023815,1,9,5,18,0,0,4,0,1,4,1,1,6,2,18,4,-1,-1,-1,-1,3,-1
201514C024015,1,9,0,9,9,5,0,0,7,4,1,1,6,3,-1,-1,1896,2,15,-1,1,-1
201514C024015,2,9,0,18,0,1,0,0,0,0,0,1,1,1,28,6,1560,2,5,-1,1,-1
201514C024215,1,9,0,18,0,0,0,0,0,0,1,1,6,2,31,6,998,1,10,-1,1,-1
201514C024215,2,4,0,16,0,0,0,0,0,0,1,1,6,1,49,8,244,1,9,-1,1,-1
201514C024515,1,5,0,18,0,8,1,0,0,0,3,1,6,1,61,9,-1,-1,-1,-1,1,-1
201514C024515,2,9,0,9,0,6,0,0,0,0,1,1,6,2,38,7,1364,2,7,-1,1,-1
201514C024915,1,2,0,18,0,0,0,0,0,0,1,1,1,1,17,4,49,1,9,-1,2,-1
201514C024915,2,9,0,13,0,0,0,0,0,0,2,1,6,3,-1,-1,-1,-1,-1,-1,-1,-1
201514C025015,1,9,0,4,0,0,0,0,0,0,2,1,1,2,32,6,1560,2,8,-1,2,-1
201514C025015,2,9,0,18,0,0,0,0,0,0,1,1,1,2,43,7,1995,2,2,-1,1,-1
201514C025215,1,9,0,10,0,8,0,0,0,0,2,1,6,1,38,7,1753,2,9,-1,1,-1
201514C025215,2,3,0,18,0,1,0,0,0,0,1,1,6,1,21,5,125,1,9,-1,2,-1
201514C025415,1,17,0,18,0,0,0,0,0,0,4,1,1,1,52,8,3318,2,9,-1,1,-1
201514C026015,1,9,0,2,0,2,0,0,0,0,2,1,6,2,22,5,1329,1,3,-1,1,-1
201514C026015,2,9,0,18,0,3,0,0,0,0,1,1,6,1,22,5,1598,1,6,-1,1,-1
201514C026515,1,9,0,13,0,0,1,0,0,0,2,1,6,1,26,6,1896,2,10,-1,1,-1
201514C026515,2,9,0,13,0,0,2,0,7,10,1,1,6,1,51,8,2987,2,8,-1,2,-1
201514C026815,1,9,0,15,0,0,2,10,1,10,1,1,6,1,22,5,1368,1,9,-1,1,-1
201514C026915,1,11,0,18,0,0,0,0,0,0,3,1,1,1,59,9,7300,2,9,-1,1,-1
201514C026915,2,9,0,6,0,0,0,0,0,0,1,1,6,1,33,6,1998,1,10,-1,1,-1
201514C027015,1,9,0,18,0,1,0,0,0,0,1,1,6,2,60,9,1968,2,7,-1,1,-1
201514C027215,1,9,0,18,0,4,1,0,3,0,1,1,6,1,29,6,1999,2,9,-1,1,-1
201514C027315,1,9,0,7,0,6,0,0,0,0,1,1,6,2,41,7,1149,1,11,-1,1,-1
201514C027315,2,11,0,18,0,8,0,0,0,0,1,1,6,1,47,8,9360,2,7,-1,1,-1
201514C027515,1,21,1,11,0,0,0,0,0,0,4,1,1,1,39,7,11705,2,8,-1,1,-1
201514C027515,2,9,0,18,0,0,1,0,5,6,3,1,6,2,63,9,-1,-1,-1,-1,3,-1
201514C027715,1,9,0,6,0,0,0,0,0,0,2,1,6,1,31,6,-1,-1,-1,-1,1,-1
201514C027715,2,1,0,18,0,0,0,0,0,0,1,1,6,1,19,4,-1,-1,-1,-1,1,-1
201514C028415,1,19,0,18,0,1,0,0,0,0,3,1,6,3,-1,-1,-1,-1,-1,-1,1,-1
201514C028515,1,9,0,13,0,3,0,0,0,0,4,1,6,2,27,6,-1,-1,-1,-1,1,-1
201514C028515,2,9,0,18,0,2,0,0,0,0,1,1,6,3,-1,-1,-1,-1,-1,-1,-1,-1
201514C028915,1,9,0,18,0,0,1,0,1,9,1,1,6,1,22,5,1198,1,12,-1,1,-1
201514C029515,1,9,0,7,0,5,1,0,0,0,1,1,1,1,26,6,2494,1,16,-1,1,-1
201514C029515,2,9,0,10,0,1,0,0,0,0,1,1,1,2,38,7,1798,1,2,-1,1,-1
201514C030315,1,9,0,3,0,1,0,0,0,0,2,1,6,1,56,9,1296,1,8,-1,1,-1
201514C030315,2,9,0,18,0,1,0,0,0,0,1,1,6,2,41,7,1896,2,8,-1,1,-1
201514C030415,1,8,0,18,0,1,0,0,0,0,3,1,1,1,32,6,1896,2,10,-1,1,-1
201514C030415,2,1,0,18,0,1,0,0,0,0,1,1,6,1,14,3,-1,-1,-1,-1,1,-1
201514C030715,1,9,0,18,0,0,0,0,0,0,1,1,6,1,69,10,1968,2,2,-1,1,-1
201514C030715,2,9,0,2,0,0,0,0,0,0,2,1,6,2,30,6,1968,2,2,-1,1,-1
201514C030715,3,9,0,2,0,0,0,0,0,0,2,1,6,2,41,7,1397,1,14,-1,1,-1
201514C030915,1,9,0,9,0,8,0,0,0,0,4,1,6,1,87,11,-1,-1,-1,-1,1,-1
201514C030915,2,9,0,18,0,8,1,0,1,10,1,1,6,1,23,5,-1,-1,-1,-1,1,-1
201514C031315,1,3,0,18,0,1,1,10,0,0,4,1,6,1,28,6,125,1,27,-1,1,-1
201514C031315,2,11,0,9,0,4,0,0,0,0,0,1,1,1,69,10,7300,2,9,-1,1,-1
201514C032115,1,9,0,18,0,0,0,0,4,6,1,1,6,1,50,8,1399,1,7,-1,1,-1
201514C032215,1,9,0,3,0,0,0,0,0,0,2,1,6,1,61,9,-1,-1,-1,-1,1,-1
201514C032215,2,9,0,18,0,0,0,0,0,0,1,1,6,2,47,8,1364,1,1,-1,1,-1
201514C032515,1,9,0,5,0,8,0,0,0,0,4,1,6,2,41,7,1686,2,3,-1,1,-1
201514C032515,2,9,0,5,0,8,0,0,0,0,1,1,6,2,21,5,1398,1,-1,-1,1,-1
201514C032715,1,9,0,18,0,0,0,0,0,0,1,1,2,1,18,4,1364,1,5,-1,1,-1
201514C032715,2,19,0,3,0,0,0,0,0,0,2,1,1,1,49,8,1753,2,3,-1,1,-1
201514C032915,1,9,0,3,0,0,0,0,0,0,2,1,6,2,30,6,1360,1,10,-1,1,-1
201514C032915,2,9,0,18,0,0,0,0,0,0,1,1,6,1,-1,-1,1998,2,14,-1,1,-1
201514C033215,1,9,0,9,0,5,0,0,0,0,2,1,6,1,23,5,-1,-1,-1,-1,1,-1
201514C033215,2,9,0,4,0,1,0,0,0,0,2,1,6,2,49,8,1360,1,4,-1,1,-1
201514C033215,3,9,0,4,0,1,0,0,0,0,1,1,6,2,36,7,2143,2,1,-1,1,-1
201514C033415,1,1,0,18,0,1,0,0,0,0,1,1,6,1,30,6,-1,-1,-1,-1,1,-1
201514C033415,2,8,0,9,0,5,0,0,0,0,4,1,1,1,43,7,1995,2,5,-1,1,-1
201514C033515,1,9,0,3,0,2,0,0,0,0,1,1,6,2,33,6,1497,1,14,-1,1,-1
201514C033515,2,9,0,7,0,6,0,0,0,0,1,1,6,3,-1,-1,1968,2,9,-1,-1,-1
201514C033815,1,9,0,18,0,3,0,0,0,0,2,1,6,1,30,6,1956,2,1,-1,1,-1
201514C033815,2,9,0,18,0,3,0,0,0,0,1,1,6,1,65,9,1582,2,5,-1,1,-1
201514C033815,3,9,0,18,0,3,0,0,0,0,1,1,6,1,44,7,1598,1,5,-1,1,-1
201514C034015,1,9,0,17,0,0,2,10,1,4,1,1,6,2,23,5,3175,1,12,-1,1,-1
201514C034215,1,9,0,18,0,0,0,0,0,0,4,1,6,3,-1,-1,-1,-1,-1,-1,1,-1
201514C034315,1,5,0,16,0,0,1,0,1,0,1,1,6,1,47,8,1352,1,5,-1,1,-1
201514C034315,2,5,0,16,0,0,0,0,0,0,3,1,6,1,48,8,1043,1,-1,-1,1,-1
201514C034315,3,9,0,17,0,0,1,0,0,0,3,1,6,2,49,8,1596,1,8,-1,1,-1
201514C034315,4,9,0,16,0,0,0,0,0,0,3,1,6,1,29,6,1997,2,10,-1,1,-1
201514C034515,1,9,0,9,0,6,0,0,0,0,1,1,6,1,71,10,1995,2,11,-1,1,-1
201514C034515,2,3,0,18,0,8,0,0,0,0,4,1,6,1,20,4,-1,-1,-1,-1,1,-1
201514C034615,1,9,0,1,0,6,0,0,0,0,2,1,6,2,24,5,1896,2,8,-1,1,-1
201514C035015,1,9,0,18,0,2,0,0,0,0,1,1,6,2,21,5,1598,1,9,-1,1,-1
201514C035415,1,1,0,18,0,8,0,0,0,0,4,1,6,1,42,7,-1,-1,-1,-1,1,-1
201514C035415,2,9,0,7,0,4,0,0,0,0,1,1,6,2,20,4,1199,1,11,-1,2,-1
201514C035615,1,9,0,10,0,1,0,0,0,0,2,1,6,2,23,5,1399,2,6,-1,1,-1
201514C035615,2,9,0,18,0,1,0,0,0,0,1,1,6,2,69,10,1229,1,9,-1,1,-1
201514C036015,1,2,0,18,0,1,0,0,1,0,1,1,6,1,24,5,49,1,15,-1,1,-1
201514C036015,2,19,0,2,0,2,0,0,0,0,2,1,6,1,52,8,2148,2,10,-1,1,-1
201514C036215,1,9,0,18,0,8,0,0,0,0,1,1,6,1,70,10,1364,1,5,-1,1,-1
201514C036215,2,9,0,18,0,8,0,0,0,0,4,1,6,2,75,10,1527,2,13,-1,1,-1
201514C036315,1,9,0,8,0,1,0,0,0,0,2,1,6,1,33,6,1796,1,12,-1,1,-1
201514C036315,2,9,0,8,0,1,0,0,0,0,1,1,6,2,29,6,1364,2,7,-1,1,-1
201514C036415,1,9,0,18,0,2,0,0,4,6,3,1,6,2,56,9,1398,2,2,-1,2,-1
201514C036415,2,21,1,11,0,2,0,0,0,0,4,1,1,1,61,9,6693,2,2,-1,3,-1
201514C036715,1,9,0,17,0,0,1,0,1,4,4,1,6,1,28,6,3246,1,11,-1,1,-1
201514C036715,2,9,0,17,0,0,0,0,0,0,0,1,1,1,31,6,1248,2,1,-1,1,-1
201514C037015,1,3,0,18,0,8,1,0,0,0,3,1,2,1,21,5,124,1,8,-1,3,-1
201514C037015,2,9,0,5,0,4,0,0,0,0,0,1,6,1,80,11,1753,2,9,-1,1,-1
201514C037115,1,9,0,4,0,0,0,0,0,0,2,1,6,2,42,7,1461,2,1,-1,1,-1
201514C037115,2,9,0,4,0,0,0,0,0,0,1,1,6,2,26,6,1242,1,2,-1,1,-1
201514C037215,1,9,0,6,0,6,0,0,0,0,1,1,6,1,81,11,1598,1,7,-1,1,-1
201514C037215,2,9,0,18,0,1,0,0,0,0,1,1,6,2,68,10,1686,2,2,-1,1,-1
201514C037515,1,9,0,9,0,6,0,0,0,0,1,1,6,2,67,10,1299,1,12,-1,1,-1
201514C037515,2,9,0,18,0,8,0,0,0,0,1,1,6,2,70,10,1368,1,-1,-1,1,-1
201514C037615,1,9,0,4,0,0,0,0,0,0,2,1,1,1,37,7,1598,2,1,-1,2,-1
201514C037615,2,9,0,4,0,0,0,0,0,0,2,1,1,1,40,7,1560,2,1,-1,2,-1
201514C037615,3,9,0,18,0,0,0,0,0,0,1,1,1,1,27,6,-1,-1,-1,-1,3,-1
201514C037715,1,9,0,18,0,0,0,0,0,0,2,1,1,1,46,8,1910,2,8,-1,1,-1
201514C037715,2,9,0,18,0,0,5,0,0,0,2,1,2,1,25,5,1364,2,5,-1,1,-1
201514C037715,3,9,0,12,0,0,0,0,0,0,1,1,2,1,27,6,-1,-1,-1,-1,1,-1
201514C038615,1,9,0,5,0,6,0,0,0,0,1,1,1,1,46,8,1896,2,13,-1,1,-1
201514C038615,2,9,0,18,0,8,0,0,1,0,4,1,6,1,26,6,1560,2,-1,-1,1,-1
201514C038715,1,9,0,5,0,8,0,0,0,0,3,1,2,1,43,7,1596,1,1,-1,3,-1
201514C038715,2,9,0,5,0,8,0,0,0,0,1,1,1,1,29,6,1461,2,3,-1,2,-1
201514C038815,1,9,0,18,0,0,2,10,1,10,4,1,6,1,17,4,1086,1,11,-1,1,-1
201514C038915,1,9,0,18,0,0,0,0,0,0,1,1,6,1,56,9,2967,2,7,-1,2,-1
201514C038915,2,9,0,3,0,0,0,0,0,0,2,1,2,2,46,8,1497,1,14,-1,2,-1
201514C038915,3,9,0,3,0,0,0,0,0,0,2,1,6,1,54,8,1984,1,5,-1,1,-1
201514C039015,1,19,0,18,0,0,1,0,0,0,1,1,1,1,41,7,-1,-1,-1,-1,1,-1
201514C039015,2,9,0,4,0,0,0,0,0,0,2,1,6,1,45,7,1997,2,4,-1,2,-1
201514C039015,3,9,0,4,0,0,0,0,0,0,2,1,6,1,59,9,2204,2,7,-1,1,-1
201514C039015,4,9,0,4,0,0,0,0,0,0,2,1,6,1,29,6,1995,1,10,-1,1,-1
201514C039515,1,9,0,13,0,0,0,0,0,0,1,1,6,1,19,4,1360,1,11,-1,1,-1
201514C039515,2,2,0,18,0,0,0,0,0,0,1,1,1,1,16,4,49,1,8,-1,1,-1
201514C039515,3,9,0,18,0,0,0,0,0,0,0,1,6,1,39,7,-1,-1,-1,-1,1,-1
201514C039615,1,9,0,3,0,1,0,0,0,0,2,1,6,1,50,8,1686,2,3,-1,1,-1
201514C039615,2,9,0,18,0,1,0,0,0,0,1,1,1,1,46,8,1984,1,10,-1,1,-1
201514C039815,1,9,0,4,0,8,0,0,0,0,2,1,6,2,23,5,1197,1,1,-1,1,-1
201514C039815,2,9,0,4,0,8,1,0,0,0,1,1,6,2,38,7,1461,2,9,-1,1,-1
201514C039915,1,9,0,18,0,1,0,0,0,0,1,1,6,1,36,7,1598,1,10,-1,1,-1
201514C039915,2,9,0,10,0,1,0,0,0,0,2,1,6,1,27,6,1997,2,1,-1,1,-1
201514C040015,1,4,0,13,0,0,0,0,0,0,1,1,6,1,42,7,-1,-1,-1,-1,1,-1
201514C040015,2,9,0,4,0,0,0,0,0,0,2,1,6,2,25,5,1198,1,9,-1,2,-1
201514C040215,1,9,0,9,0,8,0,0,0,0,3,1,6,1,56,9,-1,-1,-1,-1,1,-1
201514C040215,2,9,0,18,0,1,0,0,0,0,1,1,1,1,50,8,-1,-1,-1,-1,2,-1
201514C040315,1,9,0,3,0,0,0,0,0,0,2,1,6,1,34,6,1995,2,4,-1,1,-1
201514C040315,2,2,0,18,0,0,1,0,0,0,1,1,6,2,16,4,49,1,7,-1,2,-1
201514C040515,1,9,0,9,0,5,0,0,0,0,3,1,6,1,38,7,1685,2,-1,-1,2,-1
201514C040515,2,5,0,13,0,8,0,0,7,0,4,1,6,1,42,7,1130,1,13,-1,1,-1
201514C040815,1,9,0,10,0,8,0,0,0,0,1,1,6,1,51,8,999,1,1,-1,1,-1
201514C040815,2,9,0,18,0,8,0,0,1,0,1,1,2,1,36,7,1560,2,7,-1,1,-1
201514C040915,1,9,0,9,0,5,0,0,0,0,3,1,6,1,56,9,-1,-1,-1,-1,3,-1
201514C040915,2,4,0,13,0,8,0,0,0,0,4,1,6,1,70,10,350,1,-1,-1,3,-1
201514C041415,1,11,0,18,0,0,0,0,0,0,0,1,1,1,57,9,4250,2,15,-1,3,-1
201514C042015,1,9,0,9,0,8,0,0,0,0,1,1,6,1,22,5,1242,1,5,-1,1,-1
201514C042015,2,9,0,18,0,8,0,0,0,0,1,1,6,2,39,7,1598,1,9,-1,3,-1
201514C042515,1,9,0,18,0,0,0,0,0,0,1,1,2,2,52,8,-1,-1,-1,-1,1,-1
201514C042515,2,21,0,18,0,0,0,0,0,0,3,1,1,1,48,8,12900,2,3,-1,1,-1
201514C042515,3,9,0,18,0,0,0,0,0,0,1,1,2,1,47,8,1968,2,1,-1,1,-1
201514C042615,1,9,0,3,0,1,0,0,0,0,2,1,6,2,23,5,1198,1,1,-1,1,-1
201514C042615,2,9,0,18,0,1,0,0,0,0,1,1,6,1,41,7,-1,-1,-1,-1,1,-1
201514C043015,1,9,0,9,0,8,0,0,0,0,1,1,6,1,44,7,1596,1,10,-1,1,-1
201514C043015,2,9,0,18,0,8,0,0,0,0,1,1,6,1,37,7,2967,2,-1,-1,1,-1
201514C043115,1,9,0,9,0,6,0,0,0,0,0,1,6,1,18,4,999,1,16,-1,1,-1
201514C043115,2,5,0,18,0,1,1,0,0,0,0,1,2,1,45,7,1043,1,4,-1,1,-1
201514C043315,1,9,0,1,9,0,0,0,1,11,2,1,6,2,69,10,1242,1,11,-1,1,-1
201514C043515,1,9,0,18,0,0,0,0,0,0,2,1,6,2,48,8,1390,1,2,-1,1,-1
201514C043515,2,9,0,18,0,0,0,0,0,0,1,1,6,2,37,7,1248,2,5,-1,1,-1
201514C043915,1,9,0,2,0,2,0,0,0,0,2,1,2,1,28,6,2496,2,11,-1,1,-1
201514C043915,2,19,0,18,0,2,0,4,0,0,1,1,6,1,21,5,1998,2,12,-1,1,-1
201514C043915,3,9,0,18,0,2,1,4,0,0,1,1,6,1,46,8,1242,1,8,-1,1,-1
201514C044015,1,9,0,18,0,1,0,0,0,0,1,1,6,1,22,5,1910,2,10,-1,1,-1
201514C044015,2,3,0,18,0,1,0,0,0,0,1,1,6,1,17,4,-1,-1,-1,-1,1,-1
201514C044115,1,9,0,18,0,0,0,0,0,0,3,1,6,2,62,9,1995,2,5,-1,1,-1
201514C044115,2,9,0,18,0,0,0,0,0,0,1,1,6,3,-1,-1,-1,-1,-1,-1,-1,-1