Accident_Index,Vehicle_Reference,Vehicle_Type,Towing_and_Articulation,Vehicle_Manoeuvre,Vehicle_Location-Restricted_Lane,Junction_Location,Skidding_and_Overturning,Hit_Object_in_Carriageway,Vehicle_Leaving_Carriageway,Hit_Object_off_Carriageway,1st_Point_of_Impact,Was_Vehicle_Left_Hand_Drive?,Journey_Purpose_of_Driver,Sex_of_Driver,Age_of_Driver,Age_Band_of_Driver,Engine_Capacity_(CC),Propulsion_Code,Age_of_Vehicle,Driver_IMD_Decile,Driver_Home_Area_Type,Vehicle_IMD_Decile
201514C044215,1,9,0,3,0,3,0,0,0,0,2,1,6,2,22,5,1124,1,15,-1,1,-1
201514C044215,2,11,0,18,0,3,0,0,0,0,1,1,1,1,-1,-1,7300,2,9,-1,1,-1
201514C044615,1,9,0,18,0,8,0,0,0,0,1,1,6,1,30,6,2792,1,19,-1,1,-1
201514C044615,2,9,0,9,0,6,0,0,0,0,1,1,6,1,43,7,-1,-1,-1,-1,1,-1
201514C044715,1,9,0,18,0,0,0,0,0,0,4,1,6,3,-1,-1,1995,2,9,-1,1,-1
201514C044915,1,9,0,18,0,0,0,0,0,0,4,1,6,2,50,8,998,1,7,-1,1,-1
201514C045015,1,9,0,18,0,8,0,0,0,0,1,1,1,2,43,7,1248,2,1,-1,1,-1
201514C045015,2,9,0,9,0,6,0,0,0,0,1,1,2,2,20,4,1299,1,11,-1,2,-1
201514C045115,1,9,0,7,0,6,0,0,0,0,3,1,6,2,71,10,1149,1,11,-1,2,-1
201514C045115,2,1,0,18,0,8,0,0,0,0,1,1,6,1,47,8,-1,-1,-1,-1,1,-1
201514C045215,1,9,0,7,0,6,0,0,0,0,1,1,6,1,44,7,1598,1,11,-1,1,-1
201514C045215,2,1,0,18,0,1,0,0,0,0,1,1,6,1,19,4,-1,-1,-1,-1,1,-1
201514C045315,1,9,0,3,0,1,0,0,0,0,1,1,6,3,-1,-1,-1,-1,-1,-1,-1,-1
201514C045315,2,9,0,3,0,1,0,0,0,0,2,1,6,1,40,7,998,1,3,-1,1,-1
201514C045415,1,9,0,3,0,1,0,0,0,0,2,1,6,2,24,5,1493,1,18,-1,1,-1
201514C045415,2,11,0,18,0,1,0,0,0,0,1,1,1,1,21,5,9360,2,7,-1,1,-1
201514C045515,1,9,0,18,0,0,1,0,1,11,1,1,1,1,24,5,1149,1,14,-1,3,-1
201514C045615,1,9,0,9,0,8,0,0,0,0,4,1,1,1,18,4,998,1,-1,-1,1,-1
201514C045615,2,8,0,18,0,8,0,0,0,0,3,1,6,3,-1,-1,-1,-1,-1,-1,-1,-1
201514C045915,1,9,0,17,0,0,0,0,1,4,1,1,6,1,18,4,1229,1,10,-1,3,-1
201514C046015,1,9,0,9,0,6,0,0,0,0,1,1,1,1,80,11,1997,2,13,-1,1,-1
201514C046015,2,1,0,18,0,8,1,0,0,0,1,1,6,1,52,8,-1,-1,-1,-1,1,-1
201514C046115,1,9,0,18,0,1,0,0,0,0,1,1,6,1,25,5,2143,2,4,-1,1,-1
201514C046415,1,21,1,18,0,0,0,0,0,0,1,1,1,1,-1,-1,12777,2,6,-1,-1,-1
201514C046415,2,9,0,18,0,0,0,0,0,0,1,1,6,1,47,8,1596,1,15,-1,1,-1
201514C046515,1,1,0,18,0,1,0,0,0,0,1,1,6,1,13,3,-1,-1,-1,-1,1,-1
201514C046515,2,9,0,7,0,8,0,0,0,0,3,1,6,3,-1,-1,-1,-1,-1,-1,-1,-1
201514C046715,1,9,0,9,0,8,0,0,0,0,2,1,6,1,65,9,1396,1,22,-1,1,-1
201514C046715,2,9,0,18,0,8,1,0,0,0,1,1,6,3,-1,-1,1299,1,13,-1,-1,-1
201514C046915,1,11,0,18,0,1,0,0,0,0,4,1,1,1,57,9,6871,2,7,-1,3,-1
201514C046915,2,9,0,7,0,6,0,0,0,0,1,1,3,2,64,9,1598,1,3,-1,1,-1
201514C047115,1,9,0,3,0,0,0,0,0,0,2,1,6,2,35,6,1242,1,2,-1,2,-1
201514C047115,2,9,0,18,0,0,0,0,0,0,1,1,6,2,74,10,1560,2,3,-1,1,-1
201514C047115,3,9,0,3,0,0,0,0,0,0,2,1,6,1,25,5,1598,2,-1,-1,1,-1
201514C047215,1,9,0,12,0,8,0,0,0,0,0,1,6,3,-1,-1,-1,-1,-1,-1,-1,-1
201514C047215,2,9,0,3,0,8,0,0,0,0,2,1,6,1,52,8,1242,1,12,-1,1,-1
201514C047215,3,9,0,18,0,8,0,0,0,0,1,1,6,1,61,9,1388,1,11,-1,1,-1
201514C047815,1,1,0,15,4,8,0,0,0,0,2,1,2,1,44,7,-1,-1,-1,-1,1,-1
201514C047815,2,9,0,9,0,5,0,0,0,0,1,1,6,1,59,9,1560,2,5,-1,1,-1
201514C048415,1,9,0,9,0,6,0,0,0,0,1,1,6,2,23,5,1560,2,3,-1,1,-1
201514C048415,2,9,0,18,0,8,0,0,7,0,1,1,6,1,33,6,-1,-1,-1,-1,1,-1
201514C048415,3,9,0,10,0,8,0,0,1,1,1,1,6,2,57,9,1149,1,11,-1,1,-1
201514C048415,4,9,0,18,0,1,0,0,0,0,3,1,6,1,56,9,1560,2,1,-1,1,-1
201514C048815,1,9,0,18,0,8,0,0,0,0,1,1,6,1,56,9,1389,1,11,-1,1,-1
201514C048815,2,9,0,9,0,8,0,0,0,0,1,1,6,1,22,5,1399,2,3,-1,1,-1
201514C048915,1,9,0,18,0,0,1,0,1,4,1,1,6,1,44,7,1998,2,10,-1,1,-1
201514C049015,1,9,0,3,0,1,0,0,0,0,2,1,1,1,35,6,1597,1,24,-1,3,-1
201514C049015,2,9,0,18,0,1,0,0,0,0,1,1,6,2,45,7,1587,1,13,-1,1,-1
201514C049115,1,3,0,15,0,8,0,0,0,0,1,1,6,1,17,4,124,1,6,-1,1,-1
201514C049115,2,9,0,6,0,8,0,0,0,0,3,1,6,3,-1,-1,-1,-1,-1,-1,-1,-1
201514C049415,1,1,0,18,0,0,0,0,0,0,1,1,6,1,22,5,-1,-1,-1,-1,1,-1
201514C049415,2,9,0,5,0,0,0,0,0,0,4,1,6,3,-1,-1,-1,-1,-1,-1,-1,-1
201514C049515,1,3,0,4,0,4,1,0,0,0,0,1,2,1,19,4,124,1,3,-1,1,-1
201514C049715,1,9,0,7,0,8,0,0,0,0,3,1,6,2,54,8,1598,1,7,-1,1,-1
201514C049715,2,9,0,7,0,3,0,0,0,0,4,1,6,1,50,8,1598,1,9,-1,1,-1
201514C049915,1,9,0,18,0,0,0,0,0,0,3,1,2,1,57,9,2204,2,5,-1,1,-1
201514C050015,1,9,0,3,0,1,0,4,0,0,2,1,6,1,76,11,1598,1,14,-1,1,-1
201514C050015,2,9,0,3,0,1,0,4,0,0,2,1,6,2,38,7,1968,2,7,-1,1,-1
201514C050015,3,9,0,3,0,1,0,4,0,0,2,1,6,1,42,7,-1,-1,-1,-1,1,-1
201514C050015,4,9,0,3,0,1,0,4,0,0,2,1,6,2,38,7,1998,2,8,-1,1,-1
201514C050015,5,20,0,18,0,1,0,4,0,0,1,1,6,1,25,5,2998,2,10,-1,1,-1
201514C050115,1,9,0,3,0,1,0,0,0,0,2,1,1,1,43,7,1396,1,13,-1,2,-1
201514C050115,2,9,0,3,0,1,0,0,0,0,1,1,6,3,27,6,-1,-1,-1,-1,2,-1
201514C050215,1,9,0,18,0,0,0,0,0,0,4,1,6,3,-1,-1,1598,1,1,-1,1,-1
201514C050315,1,9,0,18,0,0,0,0,0,0,3,1,6,2,32,6,1598,1,12,-1,1,-1
201514C050815,1,11,0,4,0,1,0,0,0,0,0,1,1,1,57,9,4250,2,13,-1,1,-1
201514C050915,1,9,0,18,0,6,0,0,0,0,4,1,6,1,75,10,2495,2,20,-1,1,-1
201514C050915,2,9,0,14,0,1,1,0,0,0,1,1,6,1,52,8,3200,2,9,-1,2,-1
201514C051015,1,9,0,18,0,6,0,0,3,11,1,1,6,1,24,5,1364,1,9,-1,1,-1
201514C051215,1,9,0,18,0,2,0,0,0,0,1,1,6,1,63,9,-1,-1,-1,-1,1,-1
201514C051215,2,9,0,2,0,2,0,0,1,0,2,1,6,2,42,7,1364,1,6,-1,1,-1
201514C051315,1,9,0,18,0,0,0,0,0,0,1,1,6,1,88,11,1396,1,11,-1,1,-1
201514C051315,2,9,0,18,0,0,0,0,1,0,1,1,6,1,74,10,1796,1,10,-1,2,-1
201514C051415,1,9,0,16,0,0,2,0,7,5,1,1,6,3,-1,-1,2495,2,20,-1,1,-1
201514C051515,1,19,0,5,0,2,0,0,0,0,4,1,6,3,-1,-1,-1,-1,-1,-1,1,-1
201514C051615,1,9,0,3,0,1,0,0,0,0,2,1,6,1,43,7,1900,2,10,-1,1,-1
201514C051615,2,9,0,3,0,1,0,0,0,0,1,1,6,2,34,6,1299,1,7,-1,1,-1
201514C052015,1,19,0,4,0,0,0,0,0,0,2,1,1,1,22,5,2198,2,4,-1,1,-1
201514C052015,2,4,0,4,0,0,0,0,0,0,1,1,1,1,43,7,498,1,13,-1,1,-1
201514C052115,1,9,0,18,9,1,0,10,7,10,1,1,6,2,42,7,2231,2,-1,-1,1,-1
201514C052315,1,8,0,9,0,6,0,0,0,0,1,1,1,1,34,6,1995,2,13,-1,1,-1
201514C052315,2,8,0,4,0,1,0,0,0,0,1,1,6,3,28,6,1956,2,4,-1,1,-1
201514C052315,3,19,0,18,0,1,0,0,0,0,1,1,2,1,40,7,1686,2,9,-1,1,-1
201514C052415,1,2,0,18,0,1,0,0,1,11,1,1,6,1,16,4,49,1,2,-1,2,-1
201514C052815,1,9,0,13,0,2,0,0,0,0,4,1,6,2,43,7,1399,2,11,-1,1,-1
201514C052815,2,9,0,18,0,2,0,0,4,10,3,1,6,1,46,8,1994,1,14,-1,1,-1
201514C052915,1,9,0,3,0,1,0,0,0,0,2,1,6,1,62,9,1399,1,6,-1,1,-1
201514C052915,2,9,0,4,0,1,0,0,0,0,1,1,6,1,79,11,1973,1,13,-1,1,-1
201514C053115,1,9,0,9,0,5,0,0,0,0,0,1,2,1,18,4,1390,1,10,-1,1,-1
201514C053115,2,9,0,18,0,1,0,0,1,11,1,1,6,1,29,6,1988,1,14,-1,1,-1
201514C053215,1,9,0,9,0,8,0,0,0,0,1,1,6,1,45,7,1560,2,11,-1,1,-1
201514C053215,2,9,0,9,0,8,0,0,0,0,1,1,6,1,58,9,1149,1,13,-1,1,-1
201514C053415,1,9,0,18,0,0,2,0,0,0,4,1,6,2,45,7,1596,1,14,-1,1,-1
201514C053415,2,9,0,2,0,0,0,0,0,0,3,1,6,1,-1,-1,1242,1,8,-1,-1,-1
201514C053515,1,9,0,9,0,5,0,0,0,0,4,1,6,1,70,10,2204,2,7,-1,1,-1
201514C053515,2,1,0,18,0,8,0,0,0,0,1,1,6,1,57,9,-1,-1,-1,-1,1,-1
201514C053715,1,21,1,18,0,0,1,0,0,0,1,1,1,1,40,7,9290,2,1,-1,3,-1
201514C053715,2,9,3,18,0,0,1,0,0,0,2,1,6,1,54,8,2268,2,-1,-1,1,-1
201514C053715,3,9,0,18,0,0,0,0,0,0,2,1,6,2,36,7,1956,2,1,-1,3,-1
201514C053715,4,9,0,18,0,0,0,0,0,0,2,1,6,2,53,8,1560,2,2,-1,1,-1
201514C053915,1,3,0,18,0,0,0,0,0,0,1,1,6,1,26,6,-1,-1,-1,-1,1,-1
201514C053915,2,9,0,18,0,0,0,0,0,0,1,1,6,1,51,8,-1,-1,-1,-1,1,-1
201514C054115,1,9,0,4,0,0,0,0,0,0,2,1,6,1,25,5,1796,1,5,-1,1,-1
201514C054115,2,5,0,4,0,0,1,0,0,0,1,1,6,1,38,7,1043,1,1,-1,2,-1
201514C054215,1,9,0,10,0,6,0,0,0,10,1,1,1,1,35,6,2179,2,9,-1,1,-1
201514C054215,2,9,0,18,0,1,0,0,0,0,1,1,6,1,32,6,1781,1,14,-1,1,-1
201514C054515,1,9,0,5,0,4,0,0,0,0,4,1,6,1,68,10,1600,1,23,-1,1,-1
201514C054515,2,1,0,18,0,8,0,0,0,0,3,1,6,1,17,4,-1,-1,-1,-1,1,-1
201514C054915,1,9,0,18,0,8,0,0,0,0,4,1,6,2,51,8,1364,1,9,-1,1,-1
201514C054915,2,1,0,4,0,6,0,0,0,0,1,1,6,1,12,3,-1,-1,-1,-1,1,-1
201514C055015,1,3,0,18,0,2,1,0,0,0,1,1,6,1,23,5,124,1,3,-1,1,-1
201514C055015,2,9,0,9,0,1,0,0,0,0,3,1,6,1,27,6,1390,1,14,-1,1,-1
201514C055215,1,9,0,18,0,1,0,0,0,2,1,1,2,1,22,5,2143,2,-1,-1,1,-1
201514C055215,2,9,0,7,0,6,0,0,0,0,1,1,6,2,54,8,1998,1,9,-1,1,-1
201514C055315,1,9,0,18,0,0,0,0,0,0,1,1,2,2,27,6,1796,1,13,-1,1,-1
201514C055415,1,9,0,5,0,1,0,0,0,0,1,1,6,2,18,4,1242,1,-1,-1,1,-1
201514C055415,2,9,0,18,0,1,0,0,0,0,3,1,6,1,32,6,-1,-1,-1,-1,1,-1
201514C055815,1,9,0,18,0,1,0,0,0,0,1,1,6,1,53,8,1587,1,10,-1,1,-1
201514C055915,1,9,0,3,0,0,0,0,0,0,2,1,6,2,61,9,1199,1,15,-1,1,-1
201514C055915,2,9,0,3,0,0,0,0,0,0,2,1,6,1,27,6,1197,1,4,-1,2,-1
201514C055915,3,9,0,3,0,0,0,0,0,0,1,1,6,1,22,5,1968,2,6,-1,1,-1
201514C056615,1,1,0,18,0,8,0,0,0,0,4,1,6,1,17,4,-1,-1,-1,-1,1,-1
201514C056615,2,9,0,18,0,6,0,0,0,0,1,1,6,3,-1,-1,-1,-1,-1,-1,1,-1
201514C056915,1,9,0,16,0,0,0,0,0,0,1,1,6,2,47,8,1598,2,2,-1,1,-1
201514C056915,2,9,0,17,0,0,0,0,0,0,1,1,6,1,20,4,1124,1,15,-1,1,-1
201514C056915,3,9,0,17,0,0,0,0,0,0,1,1,6,2,40,7,1299,1,12,-1,1,-1
201514C056915,4,9,0,17,0,0,0,0,0,0,1,1,6,1,64,9,1591,1,3,-1,1,-1
201514C057115,1,9,0,3,0,0,0,0,0,0,2,1,6,2,32,6,2497,2,9,-1,1,-1
201514C057115,2,8,0,3,0,0,0,0,0,0,2,1,1,1,57,9,1997,2,6,-1,1,-1
201514C057115,3,9,0,18,0,0,0,0,0,0,1,1,1,1,50,8,-1,-1,-1,-1,1,-1
201514C057315,1,9,0,4,0,8,0,0,0,0,2,1,6,3,-1,-1,1248,2,8,-1,-1,-1
201514C057315,2,9,0,18,0,8,0,0,0,0,1,1,6,2,26,6,1910,2,11,-1,1,-1
201514C057515,1,9,0,4,0,1,0,0,0,0,4,1,1,1,48,8,1686,2,12,-1,1,-1
201514C057515,2,1,0,18,0,1,0,0,0,0,1,1,2,1,32,6,-1,-1,-1,-1,1,-1
201514C057715,1,9,0,18,0,1,0,0,0,0,4,1,6,2,63,9,1598,1,5,-1,1,-1
201514C057715,2,9,0,5,0,6,0,0,0,0,1,1,6,2,65,9,1390,1,2,-1,1,-1
201514C057815,1,9,0,18,0,0,0,0,0,0,3,1,6,2,18,4,1390,1,6,-1,1,-1
201514C057815,2,9,0,6,0,0,0,0,0,0,1,1,6,1,-1,-1,1796,1,8,-1,1,-1
201514C058215,1,9,0,9,0,6,0,0,0,0,3,1,6,1,24,5,998,1,9,-1,1,-1
201514C058215,2,9,0,18,0,1,1,0,0,0,1,1,6,2,31,6,1951,2,11,-1,1,-1
201514C058315,1,9,0,9,0,1,0,0,0,0,2,1,6,1,35,6,1598,7,10,-1,1,-1
201514C058315,2,9,0,15,0,1,0,0,0,0,1,1,6,1,26,6,1598,2,5,-1,1,-1
201514C058415,1,9,0,18,0,0,0,4,0,0,1,1,6,1,43,7,1560,2,11,-1,1,-1
201514C058415,2,9,0,2,0,0,0,0,1,2,2,1,6,1,25,5,998,1,1,-1,1,-1
201514C058515,1,9,0,18,0,0,0,0,1,0,0,1,6,1,17,4,1229,1,7,-1,3,-1
201514C058815,1,9,0,3,0,0,0,0,0,0,2,1,6,1,31,6,1798,1,10,-1,1,-1
201514C058815,2,9,0,18,0,0,0,0,0,0,1,1,6,2,33,6,1560,2,3,-1,1,-1
201514C058815,3,9,0,18,0,0,0,0,0,0,2,1,6,2,22,5,1994,2,13,-1,1,-1
201514C058815,4,9,0,18,0,0,0,0,0,0,1,1,6,1,32,6,1796,1,9,-1,1,-1
201514C059215,1,20,0,18,0,0,0,0,0,0,1,1,1,1,32,6,-1,-1,-1,-1,-1,-1
201514C059215,2,9,0,3,0,0,0,0,0,0,2,1,6,2,35,6,998,1,16,-1,1,-1
201514C059615,1,9,0,9,0,5,0,0,0,0,1,1,6,1,27,6,1299,1,12,-1,3,-1
201514C059615,2,9,0,9,0,6,0,0,0,0,1,1,6,3,-1,-1,1198,1,5,-1,-1,-1
201514C059815,1,9,0,18,0,1,0,0,0,0,1,1,6,2,47,8,998,1,6,-1,1,-1
201514C060015,1,9,0,3,0,2,0,0,0,0,1,1,6,2,55,8,1999,1,8,-1,1,-1
201514C060815,1,9,0,18,0,0,0,0,0,0,1,1,6,3,-1,-1,1390,1,10,-1,1,-1
201514C060815,2,1,0,18,0,0,0,0,0,0,3,1,6,1,32,6,-1,-1,-1,-1,1,-1
201514C061215,1,9,0,5,0,0,0,0,0,0,1,1,3,2,55,8,1598,1,7,-1,2,-1
201514C061215,2,9,0,14,0,0,0,0,0,0,1,1,6,3,-1,-1,-1,-1,-1,-1,-1,-1
201514C061315,1,9,0,4,0,8,0,0,0,0,2,1,1,1,-1,-1,-1,-1,-1,-1,-1,-1
201514C061315,2,9,0,4,0,8,0,0,0,0,1,1,6,2,23,5,1997,1,9,-1,1,-1
201514C061315,3,9,0,4,0,8,0,0,0,0,1,1,6,2,59,9,999,1,15,-1,1,-1
201514C061815,1,9,0,18,0,0,1,0,0,0,2,1,2,1,50,8,1598,2,1,-1,1,-1
201514C061815,2,21,0,11,0,0,0,0,0,0,1,1,1,1,47,8,11946,2,5,-1,3,-1
201514C062015,1,9,0,4,0,0,0,0,0,0,2,1,1,1,35,6,-1,-1,-1,-1,2,-1
201514C062015,2,9,0,18,0,0,0,0,0,0,1,1,1,1,39,7,-1,-1,-1,-1,2,-1
201514C062615,1,9,0,9,0,1,0,0,0,0,1,1,6,1,43,7,1560,2,10,-1,1,-1
201514C062615,2,4,0,18,0,1,0,0,0,0,1,1,6,2,41,7,1402,1,8,-1,1,-1
201514C062915,1,9,0,18,0,1,0,0,0,0,3,1,6,1,29,6,3696,1,5,-1,1,-1
201514C062915,2,1,0,18,0,6,0,0,0,0,1,1,6,1,46,8,-1,-1,-1,-1,1,-1
201514C063715,1,1,0,18,0,0,0,0,0,0,2,1,6,1,12,3,-1,-1,-1,-1,1,-1
201514C063715,2,4,0,18,0,0,1,0,0,0,1,1,6,1,45,7,450,1,9,-1,1,-1
201514C064015,1,9,0,18,0,0,1,7,5,6,3,1,6,2,49,8,1794,1,11,-1,1,-1
201514C064015,2,21,0,18,0,0,0,0,0,0,4,1,1,1,71,10,12419,2,4,-1,3,-1
201514C064015,3,9,0,18,0,0,1,0,0,0,4,1,6,1,66,10,1995,1,12,-1,1,-1
201514C064115,1,9,0,18,0,1,0,0,0,0,4,1,6,2,53,8,1560,2,1,-1,1,-1
201514C064115,2,9,0,9,0,6,0,0,0,0,1,1,6,2,65,9,1560,2,5,-1,1,-1
201514C064515,1,9,0,18,0,0,0,0,0,0,3,1,6,2,46,8,-1,-1,-1,-1,1,-1
201514C064515,2,9,0,6,0,0,0,0,0,0,1,1,6,1,42,7,-1,-1,-1,-1,1,-1
201514C064615,1,9,0,4,0,0,0,0,0,0,2,1,6,1,39,7,1997,1,8,-1,1,-1
201514C064615,2,9,0,18,0,0,0,0,0,0,1,1,6,2,35,6,1395,1,1,-1,1,-1
201514C064615,3,9,0,18,0,0,0,0,0,0,1,1,6,2,18,4,998,1,5,-1,1,-1
201514C064815,1,3,0,13,0,1,0,0,0,0,1,1,2,1,26,6,125,1,13,-1,1,-1
201514C064815,2,9,0,10,0,1,0,0,0,0,2,1,6,2,57,9,1896,2,8,-1,1,-1
201514C064815,3,9,0,18,0,1,0,0,0,0,0,1,6,1,32,6,1968,2,5,-1,1,-1
201514C064915,1,9,0,18,0,0,0,0,0,0,2,1,2,1,35,6,1686,2,4,-1,1,-1
201514C064915,2,9,0,18,0,0,0,0,0,0,1,1,2,1,44,7,1596,1,5,-1,1,-1
201514C065015,1,9,0,2,6,0,0,0,0,0,2,1,6,1,42,7,1798,1,12,-1,1,-1
201514C065015,2,9,0,18,0,0,0,0,0,0,1,1,6,1,46,8,1597,2,-1,-1,1,-1
201514C065115,1,9,0,18,0,0,0,0,0,0,1,1,2,2,26,6,1364,1,6,-1,2,-1
201514C065115,2,9,0,18,0,0,0,0,0,0,1,1,6,2,40,7,1598,2,3,-1,1,-1
201514C065515,1,9,0,9,0,8,0,0,0,0,1,1,6,2,40,7,998,1,4,-1,1,-1
201514C065515,2,1,0,18,0,8,0,0,0,0,1,1,6,1,9,2,-1,-1,-1,-1,1,-1
201514C065815,1,9,0,18,0,1,0,0,0,0,4,1,6,1,44,7,998,1,3,-1,1,-1
201514C065915,1,5,0,8,0,1,0,0,0,0,2,1,6,1,56,9,1050,1,9,-1,1,-1
201514C065915,2,9,0,8,0,1,0,0,0,0,1,1,6,1,20,4,1598,2,-1,-1,1,-1
201514C066115,1,9,0,16,0,0,0,0,1,9,1,1,6,1,77,11,1396,2,2,-1,1,-1
201514C066115,2,9,0,17,0,0,0,0,7,9,2,1,6,1,30,6,1973,1,16,-1,2,-1
201514C066315,1,1,0,14,0,0,0,8,0,0,4,1,6,1,28,6,-1,-1,-1,-1,1,-1
201514C066315,2,9,0,2,0,0,0,0,0,0,3,1,6,2,26,6,1781,1,13,-1,1,-1
201514C066515,1,9,0,4,0,0,0,0,0,0,2,1,6,2,35,6,2521,1,8,-1,1,-1
201514C066515,2,9,0,18,0,0,0,0,0,0,1,1,6,1,23,5,1896,2,13,-1,1,-1
201514C066815,1,9,0,4,0,0,0,0,0,0,2,1,6,1,45,7,1995,2,6,-1,1,-1
201514C066815,2,9,0,16,0,0,0,0,0,0,1,1,6,2,69,10,1198,1,4,-1,2,-1
201514C066915,1,9,0,18,0,1,0,0,0,0,2,1,6,1,23,5,1598,1,16,-1,1,-1
201514C066915,2,9,0,18,0,1,0,0,0,0,1,1,6,3,-1,-1,2826,2,16,-1,-1,-1
201514C067315,1,9,0,9,0,1,0,0,0,0,1,1,6,1,25,5,1242,1,7,-1,1,-1
201514C067515,1,9,0,5,0,1,0,0,0,0,3,1,6,1,23,5,1995,2,6,-1,1,-1
201514C067515,2,9,0,4,0,1,0,0,0,0,4,1,6,1,22,5,1999,1,10,-1,1,-1
201514C067715,1,9,0,9,0,6,0,10,0,0,1,1,6,2,69,10,1388,1,3,-1,1,-1
201514C067815,1,9,0,18,0,0,0,0,1,4,1,1,6,1,76,11,1198,1,4,-1,1,-1
201514C068315,1,9,0,18,0,6,0,0,0,0,1,1,6,1,50,8,2495,2,20,-1,1,-1
201514C068315,2,1,0,18,0,8,0,0,0,0,4,1,6,1,50,8,-1,-1,-1,-1,1,-1
201514C069015,1,9,0,3,0,1,0,0,0,0,1,1,6,3,-1,-1,1999,1,-1,-1,1,-1
201514C069115,1,9,0,18,0,8,0,0,0,0,1,1,6,2,27,6,4554,1,20,-1,1,-1
201514C069115,2,9,0,9,0,8,1,0,0,0,2,1,6,2,33,6,1399,2,8,-1,2,-1
201514C069215,1,9,0,18,0,2,0,0,0,0,1,1,6,3,-1,-1,-1,-1,-1,-1,1,-1
201514C069815,1,9,0,18,0,1,0,0,0,0,1,1,6,2,82,11,998,1,1,-1,1,-1
201514C069815,2,9,0,18,0,1,0,0,0,0,2,1,1,1,47,8,1149,1,15,-1,1,-1
201514C069815,3,9,0,18,0,1,0,0,0,0,2,1,1,2,24,5,1229,1,7,-1,1,-1
201514C070515,1,21,4,18,0,0,0,0,0,0,1,1,1,1,67,10,-1,-1,-1,-1,3,-1
201514C070515,2,9,0,4,0,0,0,0,0,0,2,1,6,1,23,5,1598,1,12,-1,1,-1
201514C070515,3,21,0,4,0,0,0,0,0,0,2,1,1,1,30,6,4461,2,4,-1,1,-1
201514C070515,4,9,0,18,0,0,0,0,0,0,2,1,6,1,63,9,1968,2,6,-1,1,-1
201514C070615,1,9,0,18,0,8,0,0,0,0,1,1,6,2,58,9,1560,2,2,-1,1,-1
201514C070815,1,9,0,18,0,8,0,0,0,0,1,1,1,1,23,5,-1,-1,-1,-1,1,-1
201514C070815,2,1,0,18,0,8,1,0,3,0,1,1,6,1,22,5,-1,-1,-1,-1,1,-1
201514C071215,1,9,0,18,0,8,0,0,0,0,1,1,6,1,61,9,2143,2,4,-1,1,-1
201514C071215,2,9,0,18,0,6,0,0,0,0,1,1,6,2,42,7,1999,1,11,-1,3,-1
201514C071315,1,9,0,18,0,0,0,7,0,7,4,1,1,1,36,7,1582,2,4,-1,1,-1
201514C071315,2,9,0,15,0,0,0,0,0,0,3,1,1,1,19,4,1360,1,8,-1,1,-1
201514C071915,1,9,0,12,0,0,0,0,0,0,1,1,6,1,24,5,1598,1,4,-1,1,-1
201514C071915,2,1,0,12,0,0,0,0,0,0,1,1,6,1,15,3,-1,-1,-1,-1,1,-1
201514C072015,1,21,0,12,0,8,0,0,0,0,3,1,1,1,27,6,-1,-1,-1,-1,-1,-1
201514C072015,2,9,0,7,0,8,0,0,0,0,4,1,6,2,35,6,1956,2,4,-1,1,-1
201514C072115,1,9,0,1,0,0,0,4,0,0,2,1,1,2,44,7,1248,2,4,-1,-1,-1
201514C072115,2,9,0,2,0,0,0,0,0,0,2,1,6,1,18,4,1339,1,13,-1,2,-1
201514C072115,3,9,0,2,0,0,0,0,0,0,2,1,6,2,25,5,1598,2,4,-1,1,-1
201514C072215,1,9,0,18,0,0,0,0,4,6,3,1,6,1,39,7,1596,1,2,-1,1,-1
201514C072215,2,9,0,4,0,0,0,0,0,0,0,1,6,3,-1,-1,-1,-1,-1,-1,-1,-1
201514C072415,1,9,0,4,0,1,0,0,0,0,1,1,6,2,40,7,1997,2,4,-1,1,-1
201514C073115,1,9,0,7,0,5,0,0,0,0,4,1,6,1,37,7,1968,2,10,-1,1,-1
201514C073115,2,1,0,18,0,1,0,0,0,0,1,1,6,1,53,8,-1,-1,-1,-1,1,-1
201514C073215,1,9,0,5,0,3,0,0,0,0,1,1,6,2,25,5,1598,1,12,-1,2,-1
201514C073215,2,9,0,18,0,8,0,0,0,0,1,1,6,1,31,6,-1,-1,-1,-1,1,-1
201514C073215,3,9,0,8,0,1,0,0,0,0,1,1,6,2,18,4,1360,1,8,-1,1,-1
201514C073315,1,9,0,15,0,4,0,0,3,1,1,1,6,1,73,10,1560,2,2,-1,3,-1
201514C073715,1,19,0,18,0,1,0,0,0,0,1,1,6,1,45,7,1998,2,12,-1,1,-1
201514C073715,2,9,0,9,0,8,0,0,0,0,3,1,6,1,48,8,1995,2,5,-1,1,-1
201514C074115,1,9,0,18,0,8,0,0,0,0,1,1,2,1,60,9,1997,1,13,-1,1,-1
201514C074115,2,97,0,18,0,6,0,0,0,0,4,1,6,3,-1,-1,-1,-1,-1,-1,-1,-1
201514C074315,1,9,0,4,0,1,0,0,0,0,2,1,2,1,30,6,1299,1,12,-1,1,-1
201514C074315,2,19,0,18,0,1,0,0,0,0,1,1,1,1,53,8,2143,2,3,-1,1,-1