Accident_Index,Vehicle_Reference,Vehicle_Type,Towing_and_Articulation,Vehicle_Manoeuvre,Vehicle_Location-Restricted_Lane,Junction_Location,Skidding_and_Overturning,Hit_Object_in_Carriageway,Vehicle_Leaving_Carriageway,Hit_Object_off_Carriageway,1st_Point_of_Impact,Was_Vehicle_Left_Hand_Drive?,Journey_Purpose_of_Driver,Sex_of_Driver,Age_of_Driver,Age_Band_of_Driver,Engine_Capacity_(CC),Propulsion_Code,Age_of_Vehicle,Driver_IMD_Decile,Driver_Home_Area_Type,Vehicle_IMD_Decile
201514C074715,1,9,0,18,0,8,0,0,0,0,4,1,6,2,48,8,1242,1,-1,-1,1,-1
201514C074715,2,9,0,9,0,6,0,0,0,0,1,1,6,2,45,7,1753,2,16,-1,1,-1
201514C074815,1,9,0,18,0,8,0,0,0,0,4,1,6,2,21,5,1229,1,4,-1,1,-1
201514C074815,2,9,0,7,0,6,0,0,0,0,3,1,6,2,25,5,1242,1,12,-1,2,-1
201514C074915,1,9,0,18,0,0,1,0,0,0,1,1,2,2,33,6,1998,1,7,-1,1,-1
201514C074915,2,21,0,3,0,0,0,0,0,0,2,1,1,1,34,6,-1,-1,-1,-1,-1,-1
201514C075015,1,9,0,18,0,1,2,0,3,10,3,1,6,1,26,6,1149,1,11,-1,1,-1
201514C075115,1,9,0,5,0,0,0,0,0,0,3,1,6,2,78,11,1149,1,13,-1,1,-1
201514C075115,2,9,0,18,0,0,0,0,0,0,1,1,1,1,29,6,-1,-1,-1,-1,1,-1
201514C075315,1,5,0,16,0,1,1,0,0,0,3,1,6,1,35,6,599,1,7,-1,1,-1
201514C075315,2,9,0,18,0,2,1,0,0,0,3,1,6,1,48,8,1956,2,3,-1,1,-1
201514C075415,1,9,0,12,0,0,0,0,0,0,3,1,6,2,43,7,1951,2,9,-1,1,-1
201514C075415,2,3,0,14,0,0,0,0,0,0,4,1,6,1,21,5,125,1,1,-1,1,-1
201514C075515,1,9,0,17,0,0,1,0,1,2,1,1,6,2,27,6,1587,1,12,-1,3,-1
201514C075915,1,9,0,18,0,1,0,0,0,0,1,1,6,1,51,8,-1,-1,-1,-1,1,-1
201514C075915,2,9,0,18,0,1,0,0,0,0,3,1,1,2,31,6,1248,2,3,-1,2,-1
201514C076015,1,2,0,18,0,0,0,4,0,0,1,1,6,1,17,4,49,1,6,-1,1,-1
201514C076015,2,9,0,2,0,0,0,0,0,0,2,1,6,1,62,9,1796,1,14,-1,1,-1
201514C076215,1,9,0,18,0,3,0,0,0,0,3,1,6,2,52,8,-1,-1,-1,-1,1,-1
201514C076215,2,9,0,18,0,1,0,0,0,0,1,1,6,2,17,4,1400,1,10,-1,1,-1
201514C076315,1,9,0,18,0,0,0,0,0,0,1,1,6,2,32,6,1149,1,10,-1,1,-1
201514C076315,2,9,0,18,0,0,0,0,0,0,2,1,6,1,57,9,1596,1,11,-1,1,-1
201514C076315,3,9,0,18,0,0,0,0,0,0,2,1,6,1,54,8,1685,2,2,-1,1,-1
201514C076715,1,9,0,4,0,1,0,0,0,0,1,1,6,1,49,8,1598,1,2,-1,1,-1
201514C076815,1,9,0,18,0,2,0,0,0,0,1,1,6,1,40,7,1910,2,5,-1,1,-1
201514C076815,2,1,0,14,0,1,0,0,1,0,1,1,6,1,24,5,-1,-1,-1,-1,1,-1
201514C077015,1,9,0,18,0,0,0,0,0,0,4,1,6,2,23,5,1388,1,7,-1,3,-1
201514C077015,2,1,0,18,0,0,0,0,0,0,3,1,6,1,72,10,-1,-1,-1,-1,1,-1
201514C077215,1,21,0,12,0,8,0,0,0,0,4,1,6,3,-1,-1,-1,-1,-1,-1,-1,-1
201514C077215,2,9,0,3,0,8,0,0,0,0,3,1,6,1,57,9,2231,2,9,-1,1,-1
201514C077315,1,9,0,18,0,0,0,0,0,0,1,1,6,1,23,5,1198,1,9,-1,3,-1
201514C077315,2,19,0,18,0,0,0,0,0,0,0,1,6,1,27,6,2151,2,15,-1,3,-1
201514C077315,3,9,0,4,0,0,0,0,0,0,2,1,1,2,58,9,1461,2,6,-1,1,-1
201514C077415,1,3,0,18,0,0,0,0,0,0,1,1,1,1,29,6,124,1,1,-1,1,-1
201514C077415,2,9,0,18,0,0,0,0,0,0,2,1,1,2,47,8,1242,1,4,-1,1,-1
201514C077715,1,9,0,4,0,0,0,0,0,0,1,1,6,1,19,4,-1,-1,-1,-1,1,-1
201514C077715,2,9,0,18,0,0,0,0,0,0,4,1,6,1,23,5,1995,1,13,-1,1,-1
201514C077915,1,9,0,3,0,1,0,0,0,0,2,1,2,2,31,6,1686,2,8,-1,1,-1
201514C077915,2,9,0,3,0,1,0,0,0,0,2,1,2,2,48,8,1560,2,9,-1,1,-1
201514C077915,3,9,0,18,0,1,0,0,0,0,1,1,2,2,50,8,1399,2,3,-1,1,-1
201514C078115,1,9,0,4,0,0,0,0,0,0,2,1,1,1,51,8,3696,1,4,-1,3,-1
201514C078115,2,9,0,4,0,0,0,0,0,0,2,1,6,1,25,5,1598,1,9,-1,1,-1
201514C078115,3,9,0,4,0,0,0,0,0,0,2,1,6,2,32,6,2183,2,5,-1,1,-1
201514C078115,4,9,0,18,0,0,0,0,0,0,1,1,1,1,57,9,3456,8,6,-1,1,-1
201514C078415,1,9,0,4,0,1,0,0,0,0,2,1,6,1,79,11,2099,1,13,-1,1,-1
201514C078415,2,5,0,18,0,1,0,0,0,0,4,1,6,2,34,6,656,1,5,-1,1,-1
201514C078415,3,5,0,18,0,1,0,0,0,0,1,1,6,1,39,7,1198,1,1,-1,1,-1
201514C078515,1,9,0,18,0,1,0,0,5,11,1,1,6,1,20,4,1199,1,11,-1,1,-1
201514C078615,1,9,0,3,0,1,0,0,0,0,2,1,6,2,28,6,1199,1,14,-1,1,-1
201514C078615,2,9,0,18,0,1,0,0,0,0,1,1,6,2,46,8,2987,2,8,-1,3,-1
201514C078715,1,9,0,16,0,0,1,0,0,0,3,1,6,1,43,7,2290,1,18,-1,1,-1
201514C078715,2,21,1,18,0,0,0,0,0,0,3,1,1,1,69,10,12900,2,3,-1,1,-1
201514C079115,1,5,0,13,0,0,0,0,0,0,4,1,2,1,49,8,1215,1,3,-1,2,-1
201514C079115,2,9,0,18,0,0,0,0,0,0,3,1,2,3,-1,-1,-1,-1,-1,-1,-1,-1
201514C079315,1,9,0,18,0,1,0,0,0,0,1,1,6,3,-1,-1,1995,2,5,-1,-1,-1
201514C079315,2,9,0,9,0,8,0,0,0,0,2,1,6,2,40,7,-1,-1,-1,-1,1,-1
201514C079415,1,9,0,18,0,0,0,0,0,0,1,1,6,1,33,6,1986,2,6,-1,1,-1
201514C079415,2,1,0,18,0,0,0,0,0,0,1,1,6,1,10,2,-1,-1,-1,-1,1,-1
201514C079815,1,9,0,18,0,2,0,0,0,0,1,1,6,2,21,5,1299,1,12,-1,1,-1
201514C079915,1,19,0,18,0,4,0,0,0,0,1,1,2,1,47,8,1968,2,-1,-1,1,-1
201514C079915,2,9,0,3,0,4,0,0,0,0,2,1,6,1,41,7,1997,2,1,-1,1,-1
201514C080015,1,9,0,18,0,0,5,0,0,0,1,1,6,1,23,5,1242,1,11,-1,1,-1
201514C080415,1,9,0,18,0,1,0,0,0,0,1,1,6,2,35,6,998,1,1,-1,1,-1
201514C080415,2,9,0,9,0,8,0,0,0,0,1,1,6,2,49,8,1396,1,11,-1,1,-1
201514C080515,1,5,0,18,0,0,0,0,0,0,0,1,6,1,64,9,-1,-1,-1,-1,3,-1
201514C081015,1,9,0,18,0,2,0,10,7,11,1,1,6,1,36,7,1988,1,13,-1,1,-1
201514C081115,1,9,0,18,0,0,0,0,1,0,3,1,1,1,34,6,1461,2,2,-1,1,-1
201514C081115,2,21,1,11,0,0,0,0,0,0,4,1,1,1,64,9,12419,2,2,-1,3,-1
201514C081715,1,9,0,18,0,8,0,0,0,0,3,1,6,1,54,8,1461,2,5,-1,1,-1
201514C081715,2,5,0,18,0,4,0,0,0,0,1,1,6,1,22,5,599,1,13,-1,1,-1
201514C081815,1,9,0,4,0,0,0,0,0,0,1,1,1,1,30,6,1368,1,4,-1,1,-1
201514C081815,2,9,0,3,0,0,0,0,0,0,2,1,6,1,26,6,1995,2,1,-1,1,-1
201514C081815,3,9,0,3,0,0,0,0,0,0,2,1,6,1,20,4,1229,1,9,-1,1,-1
201514C081915,1,9,0,17,0,1,2,0,1,0,1,1,6,1,41,7,2497,1,18,-1,2,-1
201514C082915,1,1,0,13,0,0,0,0,0,0,4,1,6,1,47,8,-1,-1,-1,-1,3,-1
201514C082915,2,1,0,18,0,0,0,0,0,0,3,1,6,1,53,8,-1,-1,-1,-1,1,-1
201514C082915,3,9,0,18,0,0,0,0,0,0,1,1,6,1,31,6,1598,1,15,-1,2,-1
201514C083015,1,9,0,18,0,3,1,0,1,2,4,1,6,2,25,5,998,1,13,-1,1,-1
201514C083215,1,9,0,18,0,5,0,0,0,0,1,1,6,2,47,8,1995,2,1,-1,3,-1
201514C083215,2,9,0,9,0,1,0,0,0,0,1,1,6,1,17,4,1399,2,7,-1,2,-1
201514C083415,1,8,0,9,0,5,0,0,0,0,2,1,1,1,51,8,1995,2,10,-1,1,-1
201514C083415,2,9,0,18,0,1,0,0,0,0,1,1,6,3,-1,-1,-1,-1,-1,-1,-1,-1
201514C083515,1,9,0,9,0,2,0,0,0,0,3,1,6,1,51,8,1598,1,8,-1,1,-1
201514C083515,2,5,0,18,0,1,0,0,0,0,3,1,6,1,52,8,1200,1,18,-1,1,-1
201514C084015,1,9,0,18,0,0,0,10,7,10,1,1,6,1,33,6,1870,2,12,-1,1,-1
201514C085115,1,9,0,18,0,0,0,0,0,0,1,1,2,1,37,7,1798,1,7,-1,1,-1
201514C085115,2,3,0,5,0,0,0,0,0,0,3,1,6,1,18,4,125,1,-1,-1,1,-1
201514C085615,1,9,0,18,0,0,0,7,1,0,3,1,6,1,67,10,1242,1,-1,-1,1,-1
201514C085615,2,21,0,11,0,0,0,0,0,0,4,1,6,3,-1,-1,-1,-1,-1,-1,-1,-1
201514C085915,1,21,1,5,0,1,0,0,0,0,0,1,1,1,40,7,11705,2,7,-1,1,-1
201514C085915,2,9,0,4,0,1,0,11,0,0,1,1,6,1,54,8,2497,1,10,-1,1,-1
201514C086115,1,9,0,16,0,3,0,0,0,0,1,1,6,1,52,8,1360,1,9,-1,1,-1
201514C086215,1,9,0,1,0,0,0,0,1,10,2,1,6,1,39,7,1591,1,4,-1,1,-1
201514C086415,1,9,0,18,0,3,0,0,0,0,3,1,1,2,37,7,-1,-1,-1,-1,2,-1
201514C086415,2,9,0,9,0,3,0,0,0,0,1,1,6,1,47,8,1910,2,7,-1,3,-1
201514C086815,1,9,0,18,0,3,0,0,0,0,3,1,6,1,29,6,1995,2,14,-1,1,-1
201514C086815,2,9,0,18,0,3,0,0,0,0,1,1,6,1,36,7,1796,1,7,-1,1,-1
201514C087215,1,9,0,18,0,8,0,0,0,0,1,1,6,2,23,5,-1,3,2,-1,1,-1
201514C087215,2,9,0,9,0,8,0,0,0,0,1,1,1,1,43,7,1896,2,10,-1,1,-1
201514C087215,3,9,0,3,0,8,0,0,0,0,1,1,6,1,39,7,-1,-1,-1,-1,1,-1
201514C087715,1,9,0,18,0,0,0,0,0,0,2,1,2,2,51,8,1360,1,6,-1,2,-1
201514C087715,2,21,0,11,0,0,0,0,0,0,1,1,1,1,55,8,12900,2,7,-1,2,-1
201514C088115,1,9,0,18,0,8,0,0,0,0,1,1,2,1,39,7,1598,1,8,-1,1,-1
201514C088115,2,9,0,9,0,8,0,0,0,0,4,1,6,2,39,7,1498,1,8,-1,1,-1
201514C088615,1,21,0,12,0,0,0,0,0,0,1,1,1,1,35,6,-1,-1,-1,-1,-1,-1
201514C088615,2,9,0,18,0,0,0,7,1,7,4,1,6,1,57,9,1995,2,3,-1,1,-1
201514C088715,1,9,0,18,0,1,0,0,0,0,1,1,2,1,22,5,1400,1,15,-1,1,-1
201514C088715,2,9,0,5,0,6,0,0,0,0,3,1,1,1,39,7,1598,2,3,-1,1,-1
201514C088815,1,9,0,18,0,1,0,0,0,0,1,1,1,1,38,7,1896,2,13,-1,1,-1
201514C088915,1,8,0,7,0,5,1,0,0,0,1,1,1,1,-1,-1,-1,-1,-1,-1,1,-1
201514C089115,1,3,0,18,0,8,0,0,0,0,1,1,2,1,-1,-1,124,1,3,-1,2,-1
201514C089115,2,9,0,9,0,8,0,0,0,0,1,1,2,1,35,6,1781,1,15,-1,1,-1
201514C089415,1,9,0,18,0,0,1,0,0,0,1,1,6,1,22,5,1300,1,21,-1,1,-1
201514C089415,2,9,0,3,0,0,0,0,0,0,1,1,6,1,23,5,1461,2,-1,-1,1,-1
201514C089415,3,9,0,3,0,0,0,0,0,0,2,1,1,1,57,9,1995,2,14,-1,1,-1
201514C089415,4,9,0,18,0,0,0,0,0,0,0,1,6,1,32,6,1797,1,17,-1,1,-1
201514C089915,1,9,0,17,0,8,0,10,1,11,1,1,6,1,47,8,1389,1,18,-1,1,-1
201514C090015,1,9,0,3,0,4,0,0,0,0,2,1,1,2,46,8,1997,2,11,-1,1,-1
201514C090015,2,9,0,4,0,4,0,0,0,0,1,1,1,1,17,4,1124,1,12,-1,1,-1
201514C090115,1,9,0,16,0,0,0,0,0,0,1,1,6,1,67,10,1596,1,6,-1,1,-1
201514C090115,2,9,0,17,0,0,0,0,1,9,1,1,6,1,73,10,1596,1,2,-1,1,-1
201514C090115,3,9,0,16,0,0,0,0,0,0,1,1,6,1,78,11,1998,1,6,-1,1,-1
201514C090415,1,19,0,9,0,8,0,0,0,0,1,1,6,1,28,6,2198,2,4,-1,1,-1
201514C090415,2,9,0,18,0,8,0,0,0,0,1,1,6,2,22,5,1149,1,11,-1,1,-1
201514C090915,1,9,0,18,0,2,0,0,0,0,1,1,6,1,28,6,1796,1,10,-1,1,-1
201514C091015,1,9,0,3,0,0,0,0,0,0,4,1,6,1,54,8,1896,2,9,-1,1,-1
201514C091015,2,9,3,18,0,0,0,0,0,0,3,1,6,3,-1,-1,-1,-1,-1,-1,-1,-1
201514C092315,1,9,0,9,0,1,0,0,7,10,3,1,6,1,50,8,1794,1,11,-1,1,-1
201514C092315,2,5,0,13,0,1,0,0,0,0,1,1,6,1,67,10,598,1,24,-1,1,-1
201514C092715,1,9,0,5,0,6,0,0,0,0,1,1,2,2,33,6,998,1,5,-1,1,-1
201514C092715,2,9,0,18,0,1,0,0,0,0,1,1,2,1,22,5,-1,-1,-1,-1,2,-1
201514C092915,1,9,0,5,0,8,0,0,0,0,1,1,2,2,19,4,1229,1,4,-1,1,-1
201514C092915,2,5,0,18,0,8,0,0,0,0,2,1,6,1,46,8,649,1,3,-1,1,-1
201514C093415,1,9,0,3,0,1,0,0,0,0,2,1,6,1,32,6,1896,2,12,-1,1,-1
201514C093415,2,9,0,3,0,1,0,0,0,0,2,1,6,2,30,6,1995,2,4,-1,2,-1
201514C093415,3,9,0,3,0,1,0,0,0,0,2,1,6,2,41,7,1242,1,9,-1,1,-1
201514C093415,4,9,0,18,0,1,0,0,0,0,1,1,6,1,19,4,1390,1,1,-1,2,-1
201514C094015,1,8,0,14,0,1,0,0,0,0,1,1,1,1,52,8,1910,2,8,-1,1,-1
201514C094215,1,9,0,10,0,8,0,0,0,0,2,1,6,2,46,8,1995,2,5,-1,1,-1
201514C094215,2,19,0,18,0,1,0,0,0,0,1,1,6,3,-1,-1,1998,2,14,-1,-1,-1
201514C094315,1,9,0,9,0,5,0,0,0,0,1,1,6,2,48,8,1198,1,2,-1,1,-1
201514C094315,2,1,0,18,0,8,0,0,0,0,1,1,6,1,51,8,-1,-1,-1,-1,3,-1
201514C094915,1,9,0,18,0,4,0,0,0,0,3,1,6,2,37,7,-1,-1,-1,-1,2,-1
201514C094915,2,5,0,18,0,8,0,0,0,0,2,1,1,1,41,7,798,1,9,-1,1,-1
201514C095015,1,9,0,18,0,1,0,0,0,0,3,1,1,2,37,7,1586,1,8,-1,2,-1
201514C095015,2,1,0,18,0,1,0,0,0,0,4,1,6,1,15,3,-1,-1,-1,-1,1,-1
201514C095115,1,9,0,17,0,8,0,0,0,0,3,1,6,1,70,10,1388,1,13,-1,1,-1
201514C095115,2,5,0,18,0,8,1,0,0,0,4,1,6,1,57,9,847,1,-1,-1,2,-1
201514C095715,1,21,0,18,0,0,0,0,0,0,4,1,6,1,40,7,12900,2,4,-1,1,-1
201514C095915,1,20,0,18,0,1,0,0,0,0,1,1,1,1,50,8,4461,2,6,-1,2,-1
201514C095915,2,9,0,10,0,8,0,0,0,0,2,1,6,1,38,7,1397,1,3,-1,2,-1
201514C095915,3,9,0,18,0,1,0,0,0,0,1,1,2,2,19,4,1242,1,-1,-1,1,-1
201514C096115,1,9,0,18,0,8,0,0,0,0,1,1,3,1,34,6,1596,1,4,-1,1,-1
201514C096115,2,1,0,18,0,6,0,0,0,0,1,1,4,1,13,3,-1,-1,-1,-1,1,-1
201514C096615,1,9,0,9,0,5,0,0,0,0,1,1,6,1,26,6,998,1,4,-1,1,-1
201514C096615,2,3,0,18,0,1,0,0,0,0,1,1,6,1,24,5,-1,-1,-1,-1,1,-1
201514C097315,1,9,0,3,0,1,0,0,0,0,2,1,6,2,39,7,1299,1,16,-1,1,-1
201514C097315,2,9,0,18,0,1,0,0,0,0,1,1,6,1,39,7,1242,1,6,-1,1,-1
201514C097415,1,9,0,17,0,4,5,9,3,2,1,1,6,1,29,6,998,1,16,-1,1,-1
201514C097915,1,9,0,18,0,1,0,0,0,0,1,1,6,1,67,10,1997,2,5,-1,1,-1
201514C097915,2,5,0,18,0,1,0,0,0,0,2,1,2,2,22,5,645,1,15,-1,1,-1
201514C098015,1,9,0,18,0,0,0,0,0,0,2,1,2,1,58,9,1560,2,1,-1,1,-1
201514C098015,2,9,0,18,0,0,0,0,0,0,2,1,2,2,20,4,1598,1,13,-1,2,-1
201514C098015,3,21,0,18,0,0,0,0,0,0,1,1,1,1,31,6,12777,2,5,-1,1,-1
201514C098215,1,9,0,18,0,0,0,0,7,4,4,1,6,2,23,5,1598,1,8,-1,2,-1
201514C098215,2,9,0,18,0,0,0,0,0,0,3,1,6,2,44,7,1124,1,12,-1,1,-1
201514C098415,1,9,0,9,0,8,0,0,0,0,3,1,6,2,56,9,1124,1,11,-1,1,-1
201514C098715,1,21,1,12,0,0,0,0,0,0,1,1,1,1,50,8,-1,-1,-1,-1,-1,-1
201514C098715,2,9,0,18,0,0,0,0,0,0,2,1,6,2,44,7,1332,1,16,-1,1,-1
201514C098815,1,9,0,18,0,0,0,0,0,0,1,1,6,1,33,6,1994,1,10,-1,1,-1
201514C098815,2,21,0,14,0,0,0,0,0,0,1,1,1,1,38,7,12580,2,9,-1,1,-1
201514C098915,1,9,0,17,0,1,0,0,1,2,1,1,6,1,33,6,1199,1,12,-1,1,-1
201514C099615,1,9,0,3,0,1,0,0,0,0,0,1,6,1,56,9,1498,1,5,-1,1,-1
201514C099615,2,9,0,18,0,1,0,0,0,0,2,1,6,2,46,8,1985,1,17,-1,1,-1
201514C099615,3,9,0,18,0,1,0,0,0,0,1,1,6,1,49,8,1686,2,1,-1,1,-1
201514C099615,4,9,0,18,0,1,0,0,0,0,1,1,6,1,39,7,1246,1,7,-1,1,-1
201514C099715,1,9,0,18,0,8,0,0,0,0,1,1,6,1,23,5,1242,1,14,-1,1,-1
201514C099715,2,9,0,5,8,8,0,0,0,0,3,1,6,2,31,6,1388,1,7,-1,1,-1
201514C100015,1,9,0,18,0,2,0,0,0,0,1,1,6,1,23,5,1560,2,3,-1,1,-1
201514C100115,1,9,0,18,0,0,1,0,1,10,4,1,6,1,24,5,1396,1,17,-1,1,-1
201514C100215,1,19,0,4,0,0,1,0,0,0,1,1,1,1,44,7,1248,2,1,-1,1,-1
201514C100215,2,9,0,4,0,0,0,0,0,0,2,1,2,2,25,5,1997,2,12,-1,2,-1
201514C100215,3,9,0,4,0,0,0,0,0,0,2,1,1,1,51,8,998,1,1,-1,1,-1
201514C100915,1,9,0,18,0,0,0,0,0,0,1,1,3,2,30,6,1461,2,11,-1,1,-1
201514C100915,2,9,0,3,0,0,0,0,0,0,2,1,3,2,29,6,2231,2,8,-1,1,-1
201514C101315,1,9,0,18,0,1,0,0,0,0,0,1,1,1,25,5,1560,2,4,-1,1,-1
201514C101315,2,1,0,18,0,1,0,0,0,0,0,1,6,1,39,7,-1,-1,-1,-1,1,-1
201514C102015,1,9,0,3,0,1,0,0,0,0,2,1,6,2,26,6,1296,1,7,-1,1,-1
201514C102015,2,9,0,3,0,1,0,0,0,0,2,1,6,2,37,7,-1,-1,-1,-1,1,-1
201514C102015,3,9,0,18,0,1,0,0,0,0,1,1,6,1,23,5,1686,2,2,-1,1,-1
201514C102215,1,9,0,9,0,8,0,0,0,0,1,1,6,3,-1,-1,-1,-1,-1,-1,1,-1
201514C102415,1,5,0,13,0,1,0,0,0,0,1,1,6,1,25,5,599,1,16,-1,1,-1
201514C102415,2,9,0,10,0,1,0,0,0,0,3,1,6,1,29,6,1596,1,10,-1,1,-1
201514C102615,1,9,0,18,0,8,0,0,0,0,4,1,6,1,67,10,1968,2,9,-1,1,-1
201514C102615,2,9,0,7,0,6,0,0,0,0,1,1,6,2,44,7,998,1,3,-1,1,-1
201514C102915,1,9,0,3,0,0,0,0,0,0,2,1,1,2,42,7,2179,2,5,-1,1,-1
201514C102915,2,9,0,3,0,0,0,0,0,0,2,1,6,1,53,8,1896,2,8,-1,1,-1
201514C102915,3,9,0,18,0,0,0,0,0,0,1,1,1,2,21,5,1149,1,9,-1,1,-1
201514C103015,1,9,0,18,0,0,1,4,7,10,1,1,2,1,22,5,-1,-1,-1,-1,1,-1
201514C103015,2,9,0,18,0,0,1,4,0,0,3,1,2,1,32,6,1968,2,10,-1,1,-1
201514C103015,3,9,0,2,9,0,0,0,0,0,2,1,6,1,32,6,1560,2,-1,-1,1,-1
201514C103015,4,9,0,2,9,0,0,0,0,0,2,1,6,1,48,8,2179,2,4,-1,1,-1
201514C103115,1,19,0,18,0,2,0,0,0,0,1,1,1,2,25,5,1753,2,2,-1,1,-1
201514C103115,2,9,0,18,0,2,0,0,0,0,2,1,2,1,50,8,1769,1,14,-1,1,-1
201514C103215,1,9,0,18,0,0,0,0,0,0,4,1,6,1,46,8,1998,7,8,-1,1,-1
201514C103215,2,1,0,18,0,0,0,0,0,0,1,1,6,1,12,3,-1,-1,-1,-1,1,-1
201514C103315,1,9,0,18,0,1,0,0,0,0,1,1,6,1,50,8,1149,1,13,-1,1,-1
201514C103315,2,21,0,18,0,1,0,0,0,0,0,1,6,1,42,7,-1,2,11,-1,1,-1
201514C104215,1,9,0,18,0,0,0,0,0,0,1,1,6,1,20,4,1145,1,13,-1,1,-1
201514C104415,1,9,0,5,0,4,0,0,0,0,1,1,6,2,-1,-1,1995,2,2,-1,1,-1
201514C104415,2,1,0,18,0,3,0,0,0,0,4,1,6,1,67,10,-1,-1,-1,-1,1,-1
201514C104515,1,21,0,11,0,0,0,0,0,0,3,1,1,1,40,7,-1,-1,-1,-1,3,-1
201514C104515,2,9,0,18,0,0,0,0,0,0,4,1,6,2,29,6,1364,1,6,-1,1,-1
201514C104715,1,9,0,9,0,2,0,0,0,0,1,1,1,1,36,7,1968,2,6,-1,1,-1
201514C104715,2,9,0,18,0,1,0,0,0,0,1,1,1,1,61,9,1598,2,1,-1,1,-1
201514C104715,3,9,0,2,6,2,0,0,0,0,2,1,6,1,40,7,1490,1,8,-1,1,-1
201514C105115,1,9,0,3,0,2,0,0,0,0,2,1,6,2,17,4,1398,1,-1,-1,1,-1
201514C105115,2,9,0,7,0,6,0,0,0,0,1,1,6,1,24,5,1360,1,10,-1,1,-1
201514C105215,1,5,0,4,0,4,0,0,0,0,2,1,6,1,58,9,998,1,25,-1,1,-1
201514C105215,2,9,0,4,0,4,0,0,0,0,1,1,6,3,-1,-1,1587,1,13,-1,-1,-1
201514C105315,1,19,0,18,0,0,0,0,0,0,1,1,6,1,67,10,1753,2,8,-1,1,-1
201514C105615,1,9,0,9,0,6,0,0,0,0,1,1,6,2,50,8,1149,1,8,-1,1,-1
201514C105615,2,9,0,18,0,1,0,0,0,0,1,1,6,2,36,7,1896,2,11,-1,3,-1
201514C106115,1,9,0,3,0,0,0,0,0,0,2,1,6,2,72,10,2000,1,6,-1,3,-1
201514C106115,2,9,0,18,0,0,1,0,0,0,1,1,6,1,44,7,1560,2,5,-1,1,-1
201514C106415,1,9,0,18,0,1,0,0,0,0,1,1,1,1,36,7,1596,1,7,-1,1,-1
201514C106415,2,9,0,10,0,6,0,0,0,0,3,1,1,1,32,6,1242,1,13,-1,2,-1
201514C106915,1,9,0,11,0,0,1,4,0,0,4,1,6,2,24,5,1248,1,5,-1,1,-1
201514C106915,2,21,1,18,0,0,0,0,0,0,3,1,1,1,49,8,-1,-1,-1,-1,-1,-1
201514C106915,3,9,0,2,6,0,0,0,0,0,3,1,6,1,44,7,1598,1,13,-1,1,-1
201514C106915,4,19,0,2,6,0,0,0,0,0,3,1,1,1,41,7,2198,2,2,-1,1,-1
201514C107115,1,9,0,4,0,0,0,0,0,0,2,1,6,1,49,8,999,1,3,-1,1,-1
201514C107115,2,9,0,4,0,0,0,0,0,0,2,1,6,1,43,7,1364,1,8,-1,1,-1
201514C107115,3,9,0,18,0,0,0,0,0,0,1,1,6,1,65,9,2720,2,7,-1,1,-1
201514C107415,1,9,0,16,0,0,1,0,0,0,1,1,6,1,21,5,1360,1,13,-1,1,-1
201514C107415,2,9,0,17,0,0,0,0,0,0,1,1,6,2,49,8,1797,8,4,-1,1,-1
201514C107915,1,9,0,18,0,0,0,0,0,0,1,1,2,2,26,6,1997,1,9,-1,1,-1
201514C107915,2,9,0,4,0,0,0,0,0,0,2,1,2,1,22,5,1390,1,-1,-1,1,-1
201514C108115,1,8,0,18,0,0,0,0,0,0,1,1,1,3,-1,-1,-1,-1,-1,-1,-1,-1
201514C108115,2,22,0,5,9,0,0,0,0,0,4,1,6,2,72,10,-1,-1,-1,-1,1,-1
201514C108215,1,9,0,9,0,8,0,0,0,0,2,1,6,2,28,6,1360,1,12,-1,1,-1
201514C108215,2,21,0,9,0,8,0,0,0,0,1,1,1,1,59,9,9200,2,11,-1,1,-1
201514C108315,1,9,0,18,0,8,0,0,7,8,1,1,6,2,36,7,1598,1,12,-1,1,-1
201514C108315,2,9,0,18,0,6,0,0,0,0,1,1,6,2,21,5,1390,1,8,-1,1,-1
201514C108615,1,9,0,18,0,8,0,0,0,0,3,1,6,2,29,6,1422,2,6,-1,1,-1
201514C108615,2,9,0,9,0,8,0,0,0,0,1,1,6,1,40,7,1796,1,13,-1,1,-1
201514C108815,1,9,0,9,0,5,0,0,7,10,2,1,6,2,49,8,1598,1,4,-1,1,-1
201514C108815,2,9,0,18,0,1,0,0,0,0,1,1,6,1,43,7,1973,1,14,-1,1,-1
201514C108915,1,8,0,18,0,1,0,0,0,0,1,1,1,1,48,8,1461,2,2,-1,1,-1
201514C108915,2,9,0,9,0,2,0,0,0,0,1,1,6,3,-1,-1,1587,1,13,-1,-1,-1
201514C109015,1,9,0,9,0,6,0,0,0,0,3,1,6,2,40,7,1364,1,10,-1,1,-1
201514C109015,2,9,0,18,0,1,0,0,0,0,1,1,6,1,54,8,2720,2,10,-1,3,-1
201514C109115,1,9,0,17,0,8,5,7,7,1,4,1,6,1,38,7,1598,1,2,-1,1,-1