Accident_Index,Vehicle_Reference,Vehicle_Type,Towing_and_Articulation,Vehicle_Manoeuvre,Vehicle_Location-Restricted_Lane,Junction_Location,Skidding_and_Overturning,Hit_Object_in_Carriageway,Vehicle_Leaving_Carriageway,Hit_Object_off_Carriageway,1st_Point_of_Impact,Was_Vehicle_Left_Hand_Drive?,Journey_Purpose_of_Driver,Sex_of_Driver,Age_of_Driver,Age_Band_of_Driver,Engine_Capacity_(CC),Propulsion_Code,Age_of_Vehicle,Driver_IMD_Decile,Driver_Home_Area_Type,Vehicle_IMD_Decile
201514C142615,1,11,0,4,0,1,0,0,0,0,0,1,1,1,49,8,7300,2,14,-1,1,-1
201514C143515,1,9,0,17,0,0,5,0,2,11,4,1,6,1,26,6,1108,1,15,-1,1,-1
201514C143715,1,9,0,18,0,0,0,0,0,0,1,1,6,2,34,6,1299,1,13,-1,1,-1
201514C143715,2,9,0,18,0,0,0,0,0,0,1,1,6,2,48,8,1596,1,11,-1,1,-1
201514C143915,1,9,0,4,0,0,0,0,0,0,2,1,6,3,-1,-1,1242,1,5,-1,-1,-1
201514C143915,2,9,0,4,0,0,0,0,0,0,1,1,6,1,30,6,1364,1,7,-1,1,-1
201514C143915,3,9,0,4,0,0,1,0,0,0,1,1,6,2,23,5,-1,-1,-1,-1,1,-1
201514C144015,1,9,0,18,0,0,0,0,0,0,1,1,6,2,48,8,1796,1,14,-1,1,-1
201514C144115,1,9,0,18,0,0,0,0,0,0,1,1,6,2,45,7,1598,1,11,-1,3,-1
201514C144115,2,9,0,13,0,0,0,0,0,0,1,1,6,1,18,4,1124,1,13,-1,-1,-1
201514C144215,1,9,0,9,0,8,0,0,0,0,1,1,6,2,58,9,998,1,1,-1,1,-1
201514C144215,2,19,0,5,0,8,0,0,0,0,1,1,1,1,43,7,1995,2,3,-1,1,-1
201514C144415,1,9,0,11,0,8,1,0,1,10,1,1,6,2,18,4,1198,1,4,-1,1,-1
201514C144715,1,9,0,18,0,8,0,0,0,0,1,1,6,1,17,4,-1,-1,-1,-1,1,-1
201514C144715,2,9,0,18,0,8,0,0,0,0,3,1,6,1,51,8,1798,1,11,-1,1,-1
201514C144815,1,9,0,7,0,5,0,0,0,0,3,1,6,1,51,8,-1,-1,-1,-1,1,-1
201514C144915,1,9,0,17,0,0,1,0,1,4,1,1,2,2,23,5,1587,1,10,-1,1,-1
201514C145015,1,9,0,16,0,8,1,0,7,11,1,1,6,1,19,4,2460,2,18,-1,1,-1
201514K000915,1,19,0,18,0,8,0,0,0,0,1,1,1,1,29,6,3920,2,2,-1,1,-1
201514K000915,2,9,0,5,0,6,0,0,0,0,3,1,6,2,30,6,-1,-1,-1,-1,1,-1
201514K001615,1,9,0,4,0,2,0,0,0,0,2,1,6,2,58,9,1242,1,5,-1,1,-1
201514K001615,2,9,0,18,0,2,0,0,0,0,1,1,6,1,31,6,998,1,14,-1,1,-1
201514K002015,1,9,0,13,0,0,0,0,0,0,1,1,6,2,45,7,1229,1,6,-1,2,-1
201514K002015,2,9,0,6,0,0,0,0,0,0,3,1,6,1,26,6,1910,2,7,-1,1,-1
201514K002415,1,9,0,6,0,2,0,0,0,0,3,1,6,2,26,6,1461,2,8,-1,1,-1
201514K002415,2,9,0,18,0,2,0,0,0,0,1,1,6,1,23,5,1587,1,9,-1,2,-1
201514K003015,1,9,0,4,0,1,0,0,0,0,1,1,3,1,53,8,1794,1,12,-1,1,-1
201514K003615,1,9,0,11,0,0,1,0,0,7,4,1,1,1,44,7,1796,1,9,-1,1,-1
201514K003615,2,9,0,12,0,0,2,0,0,6,3,1,6,1,41,7,-1,-1,-1,-1,1,-1
201514K004415,1,9,0,18,0,8,0,0,0,0,1,1,6,1,19,4,1587,1,11,-1,1,-1
201514K004515,1,9,0,18,0,4,0,0,0,0,1,1,6,1,47,8,1598,1,3,-1,1,-1
201514K004515,2,9,0,7,0,3,0,0,0,0,4,1,2,2,33,6,-1,-1,-1,-1,1,-1
201514K004615,1,11,0,18,0,1,0,0,0,0,1,1,1,1,48,8,7300,2,13,-1,1,-1
201514K004915,1,9,0,5,0,8,0,0,0,0,4,1,2,2,29,6,1598,1,5,-1,1,-1
201514K005715,1,9,0,9,0,5,0,0,0,0,1,1,6,1,35,6,1149,1,10,-1,1,-1
201514K006015,1,9,0,18,0,8,0,0,0,0,3,1,6,2,68,10,-1,-1,-1,-1,1,-1
201514K006015,2,9,0,18,0,8,0,0,0,0,4,1,6,1,35,6,1596,1,5,-1,1,-1
201514K006215,1,9,0,4,0,1,0,0,0,0,1,1,6,1,43,7,1598,1,12,-1,1,-1
201514K006215,2,9,0,3,0,4,0,0,0,0,2,1,6,2,34,6,1329,1,6,-1,1,-1
201514K006315,1,9,0,18,0,1,0,0,0,0,1,1,6,1,16,4,1781,1,15,-1,1,-1
201514K006315,2,9,0,4,0,1,0,0,0,0,2,1,6,2,51,8,1206,1,6,-1,1,-1
201514K006315,3,9,0,4,0,1,0,0,0,0,2,1,6,1,36,7,-1,-1,-1,-1,1,-1
201514K006415,1,9,0,4,0,1,0,0,0,0,4,1,2,2,44,7,1388,1,6,-1,1,-1
201514K007115,1,9,0,14,0,0,0,0,0,0,1,1,6,1,49,8,1339,1,8,-1,1,-1
201514K007115,2,1,0,18,0,0,0,0,1,0,1,1,6,1,15,3,-1,-1,-1,-1,1,-1
201514K007415,1,9,0,18,0,0,0,0,0,0,2,1,1,2,25,5,1364,1,7,-1,1,-1
201514K007415,2,9,0,18,0,0,0,0,0,0,1,1,1,1,45,7,1560,2,6,-1,1,-1
201514K007515,1,9,0,3,0,0,0,0,0,0,2,1,6,2,19,4,1900,2,17,-1,1,-1
201514K007515,2,9,0,4,0,0,0,0,0,0,1,1,6,1,35,6,1896,2,14,-1,1,-1
201514K007715,1,9,0,17,0,0,1,0,0,0,4,1,1,2,25,5,-1,-1,-1,-1,1,-1
201514K007715,2,9,0,18,0,0,1,0,0,0,1,1,6,1,22,5,-1,-1,-1,-1,1,-1
201514K007815,1,9,0,4,0,0,0,0,0,0,1,1,2,1,33,6,-1,-1,-1,-1,3,-1
201514K007815,2,9,0,4,0,0,0,0,0,0,2,1,2,2,48,8,1968,2,1,-1,1,-1
201514K007815,3,9,0,4,0,0,0,0,0,0,2,1,6,1,24,5,1896,2,15,-1,1,-1
201514K008215,1,9,0,18,0,0,1,0,1,4,1,1,6,1,26,6,-1,-1,-1,-1,1,-1
201514K008415,1,9,0,4,0,1,0,0,0,0,1,1,6,2,35,6,1956,2,3,-1,1,-1
201514K008715,1,9,0,4,0,2,0,0,0,0,2,1,6,2,48,8,1984,1,13,-1,1,-1
201514K008715,2,9,0,18,0,2,0,0,0,0,1,1,6,1,20,4,1598,1,7,-1,1,-1
201514K009015,1,9,0,18,0,0,0,0,0,0,4,1,6,2,49,8,1995,2,8,-1,2,-1
201514K009015,2,21,1,12,0,0,0,0,0,0,1,1,1,1,41,7,-1,-1,-1,-1,-1,-1
201514K009115,1,9,0,9,0,6,0,0,0,0,1,1,6,3,-1,-1,-1,-1,-1,-1,-1,-1
201514K009115,2,9,0,18,0,8,0,0,0,0,4,1,6,1,42,7,1349,1,11,-1,1,-1
201514K009415,1,9,0,18,0,8,0,0,0,0,4,1,6,1,48,8,1399,2,10,-1,1,-1
201514K009415,2,9,0,18,0,6,0,0,0,0,1,1,6,1,45,7,-1,-1,-1,-1,1,-1
201514K010115,1,9,0,4,0,5,0,0,0,0,2,1,6,1,28,6,1896,2,12,-1,1,-1
201514K010115,2,9,0,18,0,5,0,0,0,0,1,1,6,2,49,8,1124,1,16,-1,1,-1
201514K010415,1,9,0,18,0,1,0,0,0,0,1,1,2,2,32,6,1198,1,1,-1,1,-1
201514K010615,1,9,0,3,0,1,0,0,0,0,2,1,6,1,44,7,1598,2,1,-1,1,-1
201514K010615,2,9,0,16,0,1,0,0,0,0,1,1,6,3,-1,-1,-1,-1,-1,-1,-1,-1
201514K011215,1,9,0,9,0,6,0,0,0,0,1,1,1,1,36,7,1240,1,8,-1,1,-1
201514K011215,2,9,0,18,0,1,0,0,0,0,1,1,6,2,71,10,-1,-1,-1,-1,1,-1
201514K011615,1,9,0,3,0,0,0,0,0,0,1,1,6,2,21,5,1461,2,4,-1,1,-1
201514K011615,2,9,0,18,0,0,0,0,0,0,1,1,6,1,37,7,1997,2,10,-1,1,-1
201514K011715,1,9,0,18,0,1,0,0,0,0,4,1,6,2,62,9,1248,1,2,-1,1,-1
201514K011915,1,3,0,18,0,0,1,0,0,0,1,1,6,1,18,4,124,1,10,-1,1,-1
201514K011915,2,9,0,3,0,0,0,0,0,0,2,1,6,1,39,7,1997,1,11,-1,1,-1
201514K012115,1,9,0,18,0,6,0,0,0,0,1,1,6,1,25,5,1368,1,8,-1,1,-1
201514K012115,2,9,0,18,0,8,0,0,0,0,3,1,6,1,68,10,1995,2,8,-1,1,-1
201514K012115,3,9,0,3,0,1,0,0,0,0,3,1,6,1,53,8,1999,1,12,-1,1,-1
201514K013115,1,9,0,18,0,0,0,0,0,0,1,1,3,1,55,8,1995,2,13,-1,1,-1
201514K013215,1,9,0,18,0,8,1,0,0,0,4,1,6,2,27,6,-1,-1,-1,-1,1,-1
201514K013215,2,9,0,10,0,6,0,0,0,0,1,1,6,1,21,5,1896,2,10,-1,1,-1
201514K013315,1,9,0,7,0,5,1,4,7,0,1,1,6,1,19,4,1149,1,12,-1,1,-1
201514K013315,2,9,0,2,0,2,0,0,0,0,2,1,6,1,66,10,1242,1,10,-1,1,-1
201514K013315,3,9,0,2,0,2,0,0,0,0,2,1,6,1,51,8,-1,-1,-1,-1,1,-1
201514K013515,1,9,0,18,0,1,1,0,1,1,2,1,2,2,28,6,-1,-1,-1,-1,1,-1
201514K013915,1,90,0,5,1,8,0,0,0,0,1,1,1,1,25,5,2461,2,7,-1,1,-1
201514K013915,2,9,0,18,1,6,0,0,0,0,3,1,6,1,64,9,2143,2,4,-1,1,-1
201514K014015,1,8,0,2,0,1,0,0,0,0,2,1,6,1,33,6,-1,-1,-1,-1,1,-1
201514K014015,2,9,0,5,0,1,0,0,0,0,1,1,6,3,-1,-1,1229,1,8,-1,-1,-1
201514K014115,1,9,0,17,0,0,1,0,0,0,1,1,6,1,32,6,-1,-1,-1,-1,1,-1
201514K014115,2,9,0,2,0,0,0,0,0,0,2,1,6,3,-1,-1,-1,-1,-1,-1,-1,-1
201514K014815,1,11,0,9,0,1,0,0,0,0,0,1,6,2,55,8,-1,-1,-1,-1,1,-1
201514K015415,1,9,0,5,0,6,0,0,0,0,1,1,6,2,82,11,1497,8,3,-1,1,-1
201514K015415,2,1,0,18,0,8,1,0,0,0,1,1,6,1,18,4,-1,-1,-1,-1,1,-1
201514K015615,1,9,0,9,0,5,0,0,0,0,4,1,1,2,27,6,1242,1,11,-1,1,-1
201514K015615,2,1,0,18,0,8,1,0,0,0,1,1,1,1,43,7,-1,-1,-1,-1,1,-1
201514K016015,1,11,0,9,0,8,0,0,0,0,4,1,6,1,46,8,-1,-1,-1,-1,1,-1
201514K016215,1,9,0,18,0,1,0,0,0,0,1,1,6,2,18,4,1198,1,6,-1,3,-1
201514K016215,2,9,0,18,0,2,0,0,0,0,1,1,6,1,28,6,-1,-1,-1,-1,2,-1
201514K016315,1,8,0,7,0,8,0,0,0,0,4,1,1,1,40,7,2967,2,6,-1,1,-1
201514K016315,2,1,0,18,0,8,0,0,0,0,3,1,6,1,29,6,-1,-1,-1,-1,1,-1
201514K016615,1,9,0,17,0,0,0,0,0,0,3,1,1,1,51,8,-1,-1,-1,-1,2,-1
201514K016615,2,9,0,16,0,0,1,0,0,0,1,1,6,1,25,5,1999,1,20,-1,1,-1
201514K016715,1,9,0,10,0,8,0,0,0,0,1,1,6,1,29,6,-1,-1,-1,-1,1,-1
201514K016715,2,9,0,18,0,8,0,0,0,0,1,1,6,2,24,5,1995,2,10,-1,1,-1
201514K017415,1,9,0,5,0,6,0,0,0,0,3,1,6,1,55,8,1598,1,11,-1,1,-1
201514K017415,2,3,0,18,0,8,0,0,0,0,1,1,6,1,56,9,124,1,4,-1,1,-1
201514K017815,1,19,0,9,0,1,0,0,0,0,1,1,6,3,-1,-1,-1,-1,-1,-1,1,-1
201514K018115,1,9,0,13,0,1,0,0,0,0,1,1,6,1,31,6,1364,1,10,-1,2,-1
201514K018315,1,9,0,9,0,6,0,0,0,0,3,1,6,1,37,7,3628,2,7,-1,1,-1
201514K018315,2,9,0,14,0,8,0,0,0,0,4,1,6,1,56,9,1398,1,9,-1,1,-1
201514K018415,1,9,0,3,0,1,0,0,0,0,2,1,1,1,44,7,1956,2,1,-1,1,-1
201514K018415,2,9,0,4,0,1,0,0,0,0,1,1,1,1,52,8,1582,2,3,-1,1,-1
201514K018915,1,9,0,18,0,1,0,0,0,0,4,1,1,1,56,9,-1,-1,-1,-1,1,-1
201514K019915,1,9,0,18,0,1,0,0,0,0,3,1,6,2,39,7,1242,1,3,-1,2,-1
201514K019915,2,9,0,18,0,2,0,0,0,0,1,1,3,2,39,7,1364,1,10,-1,1,-1
201514K019915,3,9,0,18,0,2,0,0,0,0,3,1,6,2,28,6,1598,1,4,-1,2,-1
201514K020015,1,9,0,18,0,8,0,0,0,0,1,1,1,1,55,8,1968,2,3,-1,-1,-1
201514K020015,2,9,0,9,0,6,0,0,0,0,3,1,6,1,20,4,1598,1,11,-1,1,-1
201514K020415,1,8,0,3,0,1,0,0,0,0,2,1,6,1,44,7,-1,-1,-1,-1,1,-1
201514K020415,2,9,0,3,0,1,0,0,0,0,2,1,6,1,37,7,-1,-1,-1,-1,1,-1
201514K020415,3,9,0,18,0,1,0,0,0,0,1,1,6,1,18,4,-1,-1,-1,-1,1,-1
201514K020515,1,9,0,18,0,2,0,0,0,0,0,1,6,3,-1,-1,-1,-1,-1,-1,-1,-1
201514K020515,2,9,0,18,0,1,0,0,1,2,1,1,6,1,62,9,1596,1,1,-1,1,-1
201514K023015,1,9,0,7,0,1,0,0,0,0,1,1,6,1,58,9,2179,2,2,-1,3,-1
201514K023015,2,9,0,8,0,4,0,0,0,0,2,1,6,1,48,8,1461,2,1,-1,3,-1
201514K023115,1,9,0,17,0,0,1,0,3,4,1,1,6,2,24,5,-1,-1,-1,-1,1,-1
201514K023315,1,9,0,2,0,2,0,0,0,0,4,1,6,2,30,6,1988,1,14,-1,1,-1
201514K023315,2,9,0,18,0,1,0,8,0,0,3,1,6,1,23,5,1461,2,1,-1,1,-1
201514K023815,1,9,0,3,0,0,0,0,0,0,2,1,6,1,53,8,2179,2,1,-1,1,-1
201514K023815,2,9,0,18,0,0,0,0,0,0,1,1,6,1,60,9,1910,2,10,-1,1,-1
201514K023915,1,9,0,17,0,8,1,0,1,4,1,1,1,2,22,5,998,1,1,-1,1,-1
201514K024115,1,9,0,18,0,0,1,0,7,2,1,1,1,2,42,7,-1,-1,-1,-1,1,-1
201514K024115,2,9,0,18,0,0,1,0,7,0,1,1,6,1,35,6,1999,1,10,-1,1,-1
201514K024315,1,9,0,18,0,1,0,0,0,0,1,1,6,1,69,10,1390,1,5,-1,1,-1
201514K024415,1,9,0,18,0,0,0,0,0,0,1,1,6,2,64,9,1598,1,9,-1,1,-1
201514K024615,1,9,0,18,0,2,0,0,0,0,1,1,6,1,21,5,1199,1,14,-1,1,-1
201514K025115,1,9,0,9,0,8,0,0,0,0,1,1,2,2,55,8,1388,1,7,-1,3,-1
201514K025115,2,3,0,18,0,8,1,0,0,0,4,1,6,1,49,8,125,1,1,-1,1,-1
201514K025315,1,9,0,6,0,0,0,0,0,0,4,1,6,1,44,7,998,1,15,-1,1,-1
201514K025315,2,9,0,18,0,0,0,0,0,0,1,1,6,2,39,7,-1,-1,-1,-1,1,-1
201514K025415,1,9,0,3,0,1,0,0,0,0,3,1,6,2,28,6,1197,1,2,-1,1,-1
201514K025415,2,9,0,7,0,5,0,0,0,0,1,1,6,3,-1,-1,1590,1,14,-1,-1,-1
201514K025615,1,9,0,3,0,2,0,0,0,0,2,1,1,1,34,6,1995,2,4,-1,1,-1
201514K025615,2,9,0,3,0,2,0,0,0,0,2,1,6,2,24,5,1598,1,4,-1,2,-1
201514K025615,3,9,0,18,0,2,0,0,0,0,1,1,2,1,24,5,1299,1,15,-1,1,-1
201514K025715,1,9,0,4,0,0,1,0,0,0,1,1,6,2,42,7,1296,1,7,-1,1,-1
201514K025715,2,9,0,4,0,0,0,0,0,0,2,1,6,2,34,6,-1,-1,-1,-1,1,-1
201514K026715,1,9,0,7,0,2,0,0,0,0,4,1,6,3,-1,-1,-1,-1,-1,-1,1,-1
201514K026915,1,1,0,9,0,8,0,0,0,0,4,1,6,1,57,9,-1,-1,-1,-1,1,-1
201514K026915,2,9,0,18,0,4,0,0,0,0,1,1,6,2,49,8,1360,1,10,-1,1,-1
201514K027015,1,9,0,9,0,6,0,0,0,0,1,1,1,2,83,11,1242,1,1,-1,1,-1
201514K027015,2,9,0,8,0,1,0,0,0,0,3,1,6,1,49,8,2776,2,9,-1,1,-1
201514K027015,3,1,0,18,0,1,0,0,0,0,1,1,6,1,53,8,-1,-1,-1,-1,1,-1
201514K027215,1,19,0,9,0,5,0,0,0,0,2,1,1,2,52,8,1598,2,1,-1,1,-1
201514K027215,2,9,0,18,0,1,0,0,0,0,1,1,1,1,45,7,-1,-1,-1,-1,1,-1
201514K027315,1,9,0,6,0,8,0,0,0,0,2,1,6,1,20,4,1598,1,10,-1,1,-1
201514K027315,2,9,0,18,0,1,0,0,0,0,1,1,1,1,30,6,1590,1,10,-1,1,-1
201514K028015,1,9,0,18,0,0,0,0,0,0,1,1,6,2,21,5,1598,2,2,-1,1,-1
201514K028015,2,9,0,18,0,0,0,0,0,0,1,1,6,1,25,5,1968,2,8,-1,1,-1
201514K028015,3,9,0,2,0,0,0,0,0,0,3,1,6,1,49,8,1596,1,8,-1,1,-1
201514K029015,1,9,0,18,0,1,0,0,0,0,1,1,6,2,43,7,1686,2,13,-1,1,-1
201514K029115,1,9,0,18,0,1,0,0,0,0,1,1,6,2,47,8,1995,2,1,-1,1,-1
201514K029715,1,9,0,9,0,8,0,0,0,0,3,1,6,1,38,7,1400,1,15,-1,1,-1
201514K029715,2,3,0,18,0,1,0,0,0,0,1,1,6,1,21,5,-1,-1,-1,-1,1,-1
201514K029715,3,3,0,18,0,1,0,0,0,0,0,1,6,3,-1,-1,-1,-1,-1,-1,-1,-1
201514K029815,1,9,0,16,0,1,1,0,1,2,1,1,1,1,45,7,1998,2,10,-1,1,-1
201514K030015,1,9,0,6,0,0,0,0,7,10,3,1,1,1,27,6,2204,2,8,-1,1,-1
201514K030015,2,3,0,18,0,0,1,0,7,0,1,1,6,1,23,5,124,1,2,-1,1,-1
201514K030315,1,9,0,18,0,8,0,0,0,0,1,1,6,1,36,7,2143,2,-1,-1,1,-1
201514K030315,2,9,0,18,0,8,0,0,0,0,1,1,6,2,28,6,-1,-1,-1,-1,1,-1
201514K030315,3,9,0,2,0,1,0,0,0,0,1,1,1,1,57,9,2188,2,7,-1,1,-1
201514K030615,1,9,0,18,0,0,0,0,0,0,2,1,6,2,44,7,1299,1,13,-1,1,-1
201514K030615,2,9,0,18,0,0,0,0,0,0,1,1,6,1,42,7,1968,2,1,-1,1,-1
201514K030815,1,9,0,18,0,8,0,0,0,0,2,1,6,1,39,7,1997,2,9,-1,1,-1
201514K030815,2,9,0,18,0,8,1,0,0,0,1,1,6,3,-1,-1,-1,-1,-1,-1,-1,-1
201514K030915,1,11,0,18,0,8,0,0,0,0,1,1,1,1,43,7,3900,2,9,-1,1,-1
201514K030915,2,9,0,18,0,8,0,10,0,0,1,1,1,1,38,7,-1,-1,-1,-1,3,-1
201514K031015,1,9,0,9,0,1,0,0,0,0,3,1,2,1,28,6,2495,2,22,-1,1,-1
201514K031015,2,9,0,18,0,1,0,0,0,0,4,1,6,2,51,8,1597,2,2,-1,1,-1
201514K031515,1,1,0,16,0,8,0,0,0,0,3,1,6,1,17,4,-1,-1,-1,-1,1,-1
201514K031515,2,9,0,3,0,8,0,0,0,0,4,1,6,3,-1,-1,-1,-1,-1,-1,-1,-1
201514K031815,1,9,0,18,0,2,0,0,0,0,1,1,3,1,32,6,1196,1,19,-1,1,-1
201514K032315,1,9,0,4,0,8,0,0,0,0,2,1,2,2,43,7,2143,2,2,-1,2,-1
201514K032315,2,9,0,4,0,8,0,0,0,0,1,1,2,1,38,7,1896,2,8,-1,1,-1
201514K032815,1,9,0,9,0,1,0,0,0,0,2,1,6,2,19,4,-1,-1,-1,-1,1,-1
201514K032815,2,9,0,18,0,1,0,0,0,0,1,1,6,2,32,6,-1,-1,-1,-1,1,-1
201514K033015,1,19,0,9,0,6,0,0,0,0,3,1,6,1,32,6,2500,2,8,-1,1,-1
201514K033015,2,9,0,14,0,8,0,0,0,0,1,1,6,2,45,7,1461,2,3,-1,1,-1
201514K033315,1,9,0,9,0,2,0,0,0,0,1,1,6,2,30,6,1598,1,3,-1,1,-1
201514K033315,2,9,0,18,0,2,0,0,0,0,4,1,6,2,41,7,-1,-1,-1,-1,1,-1
201514K033415,1,9,0,16,0,0,1,10,6,0,1,1,6,1,18,4,-1,-1,-1,-1,1,-1
201514K033415,2,9,0,18,0,0,0,0,0,0,3,1,6,2,38,7,1499,1,-1,-1,1,-1
201514K034015,1,9,0,18,0,0,0,0,1,2,1,1,6,1,23,5,1997,2,10,-1,1,-1
201514K034515,1,9,0,9,0,5,0,0,0,0,1,1,6,1,68,10,1560,2,4,-1,1,-1
201514K034915,1,9,0,18,0,1,0,0,0,0,2,1,6,2,57,9,-1,-1,-1,-1,1,-1
201514K034915,2,9,0,18,0,1,0,0,0,0,1,1,6,3,-1,-1,-1,-1,-1,-1,-1,-1
201514K035715,1,9,0,3,0,1,0,0,0,0,1,1,6,1,43,7,1995,2,9,-1,1,-1
201514K035715,2,9,0,1,0,1,0,0,0,0,2,1,6,2,44,7,1995,2,10,-1,1,-1
201514K035915,1,9,0,5,0,0,1,0,1,11,1,1,6,1,25,5,-1,-1,-1,-1,1,-1
201514K036015,1,9,0,18,0,1,0,0,0,0,1,1,6,1,36,7,1388,1,10,-1,1,-1
201514K036115,1,1,0,3,0,1,0,0,0,0,1,1,2,2,25,5,-1,-1,-1,-1,1,-1
201514K036115,2,9,0,9,0,5,0,0,0,0,1,1,6,2,42,7,-1,-1,-1,-1,1,-1
201514K036315,1,9,0,18,0,1,0,0,0,0,1,1,6,2,42,7,1390,1,6,-1,1,-1
201514K036315,2,9,0,5,0,1,0,0,0,0,1,1,6,1,20,4,1124,1,14,-1,1,-1
201514K036515,1,8,0,5,0,0,0,0,0,0,3,1,1,1,45,7,1997,2,9,-1,1,-1
201514K036515,2,8,0,14,0,0,0,0,0,0,4,1,6,1,47,8,2664,2,11,-1,1,-1
201514K036615,1,9,0,3,0,1,0,0,0,0,2,1,6,2,33,6,1229,1,10,-1,1,-1
201514K036615,2,9,0,4,0,1,0,0,0,0,1,1,6,1,40,7,1686,2,3,-1,1,-1
201514K037215,1,9,0,9,0,5,0,0,0,0,1,1,6,1,50,8,1560,2,2,-1,1,-1
201514K037215,2,1,0,18,0,8,0,0,0,0,1,1,6,1,23,5,-1,-1,-1,-1,1,-1
201514K037315,1,9,0,4,0,1,0,0,0,0,1,1,1,1,21,5,-1,-1,-1,-1,1,-1
201514K037315,2,9,0,9,0,6,0,0,0,0,1,1,1,1,54,8,999,1,3,-1,1,-1
201514K037515,1,9,0,4,0,0,1,0,0,0,1,1,6,1,18,4,1299,1,12,-1,1,-1
201514K037515,2,9,0,3,0,0,0,0,0,0,2,1,6,2,18,4,1349,1,4,-1,2,-1
201514K037515,3,9,0,18,0,0,0,0,0,0,2,1,6,2,25,5,998,1,5,-1,1,-1
201514K037815,1,9,0,14,0,1,0,0,0,0,1,1,6,1,43,7,1598,2,4,-1,1,-1
201514K037915,1,9,0,8,0,1,0,0,0,0,2,1,1,2,35,6,1397,1,6,-1,1,-1
201514K037915,2,9,0,4,0,1,0,0,0,0,1,1,6,1,-1,-1,2435,1,15,-1,-1,-1
201514K039415,1,9,0,12,0,8,0,0,0,0,3,1,6,2,49,8,1995,2,1,-1,1,-1
201514K039415,2,9,0,18,0,8,0,0,0,0,4,1,6,1,33,6,1598,1,13,-1,1,-1
201514K039515,1,9,0,18,0,1,0,0,0,0,1,1,2,1,56,9,1598,1,5,-1,1,-1
201514K039615,1,9,0,9,0,8,0,0,0,0,3,1,6,2,23,5,996,1,-1,-1,1,-1
201514K039615,2,9,0,18,0,8,0,0,0,0,4,1,2,1,27,6,-1,-1,-1,-1,1,-1
201514K039715,1,9,0,3,0,1,0,0,0,0,2,1,6,1,50,8,1242,1,13,-1,1,-1
201514K039715,2,9,0,18,0,1,0,0,0,0,1,1,6,3,-1,-1,998,1,11,-1,-1,-1
201514K039815,1,8,0,16,0,0,0,0,0,0,4,1,1,3,-1,-1,-1,-1,-1,-1,1,-1
201514K040415,1,8,0,7,0,5,0,0,0,0,4,1,1,1,38,7,1968,2,5,-1,1,-1
201514K040415,2,1,0,18,0,8,0,0,0,0,1,1,6,1,21,5,-1,-1,-1,-1,1,-1
201514K040515,1,9,0,18,0,0,1,0,0,0,1,1,6,1,21,5,1598,1,8,-1,1,-1
201514K040515,2,9,0,18,0,0,0,0,0,0,1,1,6,1,54,8,1398,2,3,-1,1,-1
201514K041215,1,20,0,18,0,8,0,0,0,0,1,1,1,1,56,9,4461,2,2,-1,1,-1
201514K041215,2,9,0,9,0,8,0,0,0,0,4,1,6,1,39,7,-1,-1,-1,-1,1,-1
201514K041715,1,9,0,10,0,8,0,0,0,0,3,1,1,1,27,6,1956,2,6,-1,1,-1
201514K041715,2,9,0,18,0,8,0,0,0,0,1,1,6,1,31,6,1995,2,8,-1,1,-1
201514K041915,1,9,0,18,0,0,0,0,0,0,1,1,6,1,86,11,1199,1,13,-1,1,-1
201514K041915,2,9,0,2,0,0,0,0,0,0,1,1,6,2,57,9,1242,1,8,-1,2,-1
201514K042015,1,3,0,18,0,0,0,0,0,0,1,1,2,1,19,4,124,1,4,-1,1,-1
201514K042015,2,9,0,1,0,0,0,0,0,0,2,1,2,1,50,8,1242,1,13,-1,1,-1
201514K042215,1,21,1,18,0,1,0,0,0,0,1,1,1,1,43,7,-1,-1,-1,-1,2,-1
201514K042215,2,9,0,18,0,1,0,0,5,6,3,1,6,2,35,6,1596,1,8,-1,1,-1
201514K042315,1,11,0,18,0,8,0,0,0,0,4,1,1,1,53,8,6696,2,1,-1,1,-1
201514K042315,2,9,0,18,0,6,0,0,1,10,1,1,6,1,30,6,998,1,1,-1,1,-1
201514K042415,1,9,0,4,0,1,0,0,0,0,1,1,1,1,37,7,-1,-1,-1,-1,1,-1
201514K042415,2,9,0,3,0,1,0,0,0,0,2,1,6,1,22,5,-1,-1,-1,-1,1,-1
201514K042415,3,9,0,3,0,1,0,0,0,0,2,1,6,1,27,6,1968,2,4,-1,1,-1
201514K042515,1,9,0,18,0,1,0,0,0,0,1,1,6,1,31,6,-1,-1,-1,-1,1,-1
201514K043115,1,9,0,3,0,0,0,0,0,0,2,1,6,2,28,6,1968,2,11,-1,1,-1
201514K043115,2,9,0,18,0,0,0,0,0,0,1,1,6,1,30,6,1390,1,5,-1,1,-1
201514K043315,1,9,0,7,0,6,0,0,0,0,1,1,6,1,47,8,1596,1,8,-1,1,-1
201514K043315,2,4,0,18,0,8,0,0,0,0,1,1,6,1,50,8,197,1,36,-1,1,-1
201514K043415,1,9,0,18,0,1,0,0,0,0,4,1,6,1,80,11,1360,1,11,-1,1,-1
201514K043615,1,9,0,14,0,0,0,0,0,0,2,1,6,1,23,5,1388,1,11,-1,1,-1