Accident_Index,Vehicle_Reference,Vehicle_Type,Towing_and_Articulation,Vehicle_Manoeuvre,Vehicle_Location-Restricted_Lane,Junction_Location,Skidding_and_Overturning,Hit_Object_in_Carriageway,Vehicle_Leaving_Carriageway,Hit_Object_off_Carriageway,1st_Point_of_Impact,Was_Vehicle_Left_Hand_Drive?,Journey_Purpose_of_Driver,Sex_of_Driver,Age_of_Driver,Age_Band_of_Driver,Engine_Capacity_(CC),Propulsion_Code,Age_of_Vehicle,Driver_IMD_Decile,Driver_Home_Area_Type,Vehicle_IMD_Decile
201514K043615,2,20,0,2,0,0,0,0,0,0,2,1,6,1,38,7,4580,2,17,-1,1,-1
201514K044115,1,11,0,9,0,8,0,0,0,0,1,1,1,1,50,8,-1,-1,-1,-1,1,-1
201514K044115,2,21,0,3,0,8,0,0,0,0,2,1,1,1,45,7,12777,2,8,-1,1,-1
201514K044415,1,9,0,7,0,6,0,0,0,0,1,1,1,1,21,5,1686,2,3,-1,1,-1
201514K044415,2,9,0,18,0,1,0,0,0,0,3,1,1,1,23,5,1598,2,1,-1,1,-1
201514K045015,1,11,0,17,0,8,0,0,0,0,4,1,1,1,57,9,4461,2,1,-1,1,-1
201514K045015,2,9,0,18,0,6,0,0,0,0,1,1,6,3,-1,-1,-1,-1,-1,-1,-1,-1
201514K045215,1,9,0,18,0,1,0,0,0,0,1,1,1,1,55,8,1753,2,6,-1,1,-1
201514K045215,2,9,0,9,0,1,1,0,0,0,4,1,1,1,21,5,1896,2,8,-1,1,-1
201514K045315,1,1,0,18,0,8,0,0,0,0,1,1,6,1,31,6,-1,-1,-1,-1,1,-1
201514K045315,2,9,0,18,0,6,1,0,0,0,3,1,6,2,41,7,2993,2,4,-1,1,-1
201514K045515,1,9,0,15,2,8,0,0,0,0,1,1,6,1,17,4,1198,1,2,-1,1,-1
201514K046115,1,3,0,18,2,0,1,0,0,0,1,1,1,1,22,5,125,1,9,-1,1,-1
201514K046115,2,1,0,9,0,0,0,0,0,0,1,1,6,1,32,6,-1,-1,-1,-1,1,-1
201514K046315,1,9,0,2,0,2,0,0,0,0,3,1,6,2,21,5,1242,1,12,-1,1,-1
201514K046315,2,1,0,14,0,2,0,8,0,0,1,1,6,2,27,6,-1,-1,-1,-1,1,-1
201514K046515,1,9,0,18,0,1,0,0,0,0,4,1,6,1,38,7,1587,1,9,-1,1,-1
201514K046615,1,9,0,17,0,0,1,0,8,7,1,1,6,2,23,5,1242,1,5,-1,1,-1
201514K046615,2,9,0,16,0,0,1,0,1,7,1,1,6,1,26,6,-1,-1,-1,-1,1,-1
201514K046715,1,9,0,18,1,0,0,0,0,0,1,1,2,1,25,5,-1,-1,-1,-1,1,-1
201514K046815,1,9,0,3,0,1,0,0,0,0,4,1,2,1,24,5,1242,1,10,-1,2,-1
201514K046815,2,1,0,15,4,1,0,10,0,0,3,1,2,2,39,7,-1,-1,-1,-1,1,-1
201514K047215,1,9,0,9,0,6,0,0,0,0,1,1,6,1,63,9,1389,1,12,-1,1,-1
201514K047515,1,9,0,18,0,8,0,0,0,0,1,1,6,2,56,9,1598,1,6,-1,1,-1
201514K047515,2,9,0,9,0,6,0,0,0,0,1,1,6,1,45,7,1339,1,7,-1,1,-1
201514K047615,1,9,0,9,0,8,0,0,0,0,2,1,6,1,26,6,1598,1,13,-1,1,-1
201514K047615,2,1,0,18,0,8,0,0,0,0,1,1,6,1,35,6,-1,-1,-1,-1,1,-1
201514K048315,1,11,0,5,0,0,0,0,0,0,0,1,6,1,64,9,6871,2,7,-1,1,-1
201514K048715,1,3,0,9,0,1,0,0,0,0,1,1,6,1,19,4,124,1,5,-1,1,-1
201514K048715,2,9,0,8,0,1,0,0,0,0,1,1,1,2,54,8,-1,-1,-1,-1,1,-1
201514K048815,1,9,0,18,0,0,0,0,0,0,1,1,2,1,44,7,1995,2,7,-1,1,-1
201514K049415,1,9,0,18,0,6,0,0,0,0,1,1,6,3,-1,-1,-1,-1,-1,-1,-1,-1
201514K049415,2,1,0,18,0,8,0,0,0,0,2,1,6,1,47,8,-1,-1,-1,-1,1,-1
201514K049515,1,9,0,18,0,0,0,0,0,0,2,1,6,1,51,8,1332,1,18,-1,2,-1
201514K049515,2,9,0,18,0,0,0,0,0,0,1,1,6,2,38,7,1995,2,11,-1,1,-1
201514K049715,1,9,0,10,0,1,0,0,0,0,2,1,6,2,41,7,-1,-1,-1,-1,2,-1
201514K049715,2,9,0,18,0,1,0,0,0,0,1,1,6,2,35,6,-1,-1,-1,-1,1,-1
201514K050315,1,9,0,11,0,0,0,0,0,0,2,1,6,1,50,8,1997,1,1,-1,2,-1
201514K050315,2,9,0,18,0,0,0,0,0,0,1,1,6,3,-1,-1,-1,-1,-1,-1,-1,-1
201514K050415,1,9,0,9,0,6,1,0,3,2,1,1,6,2,29,6,1599,1,11,-1,1,-1
201514K051115,1,9,0,18,0,2,0,0,7,11,1,1,6,2,25,5,-1,-1,-1,-1,1,-1
201514K051415,1,9,0,3,0,8,0,0,0,0,4,1,2,1,21,5,1124,1,11,-1,1,-1
201514K051415,2,1,0,18,2,8,0,0,0,0,1,1,2,2,19,4,-1,-1,-1,-1,1,-1
201514K051515,1,9,0,18,0,0,0,0,0,0,1,1,2,2,48,8,1596,1,12,-1,1,-1
201514K051615,1,3,0,13,0,5,0,0,0,0,4,1,2,1,27,6,125,1,1,-1,1,-1
201514K051615,2,9,0,9,0,5,0,0,0,0,1,1,1,1,29,6,1998,2,6,-1,1,-1
201514K051715,1,9,0,18,0,2,0,0,0,0,1,1,6,1,44,7,-1,-1,-1,-1,1,-1
201514K051715,2,9,0,14,0,1,0,7,0,0,1,1,6,1,29,6,1796,1,13,-1,1,-1
201514K052315,1,9,0,16,8,1,0,10,2,11,1,1,6,1,23,5,-1,-1,-1,-1,1,-1
201514K052615,1,19,0,3,0,0,0,0,0,0,1,1,1,1,66,10,1753,2,7,-1,1,-1
201514K053215,1,9,0,18,0,0,0,0,0,0,1,1,6,1,24,5,1956,2,4,-1,1,-1
201514K053215,2,9,0,3,0,0,0,0,0,0,2,1,6,1,44,7,1896,2,5,-1,1,-1
201514K053815,1,9,0,7,0,6,1,0,0,0,1,1,6,2,37,7,1870,2,9,-1,1,-1
201514K053815,2,9,0,18,0,1,0,0,0,0,4,1,6,3,-1,-1,-1,-1,-1,-1,-1,-1
201514K054115,1,9,0,9,0,8,0,0,0,0,1,1,6,1,68,10,-1,-1,-1,-1,1,-1
201514K054215,1,9,0,18,0,0,1,0,0,0,1,1,6,2,69,10,1388,1,8,-1,2,-1
201514K054215,2,9,0,4,0,0,0,0,0,0,2,1,6,1,61,9,2967,2,3,-1,1,-1
201514K054715,1,9,0,7,0,5,0,0,0,0,4,1,6,1,44,7,2402,2,6,-1,1,-1
201514K054715,2,1,0,18,0,8,0,0,0,0,1,1,6,1,25,5,-1,-1,-1,-1,1,-1
201514K055115,1,9,0,5,0,1,0,0,0,0,1,1,6,2,35,6,1587,1,13,-1,1,-1
201514K055515,1,9,0,18,0,1,0,0,0,0,1,1,1,2,44,7,899,1,1,-1,1,-1
201514K055615,1,9,0,5,0,4,0,0,0,0,3,1,2,2,29,6,1197,1,1,-1,1,-1
201514K055615,2,1,0,5,0,8,0,0,0,0,3,1,2,1,38,7,-1,-1,-1,-1,1,-1
201514K055815,1,9,0,1,0,8,0,0,0,0,2,1,6,1,18,4,1289,1,-1,-1,1,-1
201514K055815,2,9,0,18,0,8,0,0,0,0,4,1,6,2,29,6,1124,1,13,-1,1,-1
201514K055915,1,9,0,18,0,6,0,0,0,0,3,1,6,2,37,7,2000,2,4,-1,1,-1
201514K055915,2,9,0,18,0,8,0,0,0,0,4,1,6,2,56,9,1199,1,11,-1,1,-1
201514K056015,1,19,0,9,0,5,0,0,0,0,1,1,1,1,22,5,2198,2,1,-1,1,-1
201514K056115,1,9,0,18,0,8,0,0,0,0,3,1,6,1,64,9,1988,1,14,-1,1,-1
201514K056115,2,9,0,5,0,6,0,0,0,0,1,1,6,3,-1,-1,-1,-1,-1,-1,-1,-1
201514K056415,1,3,0,18,0,0,1,4,0,0,1,1,6,1,18,4,100,1,17,-1,1,-1
201514K056415,2,9,0,2,0,0,0,0,0,0,1,1,6,2,37,7,-1,-1,-1,-1,1,-1
201514K056515,1,9,0,9,0,1,0,0,0,0,4,1,6,1,28,6,1598,1,9,-1,1,-1
201514K056515,2,5,0,18,0,2,1,0,0,0,1,1,6,1,44,7,647,1,27,-1,1,-1
201514K056615,1,9,0,18,0,0,0,0,0,0,1,1,6,2,54,8,998,1,14,-1,1,-1
201514K056615,2,9,0,18,0,0,0,0,0,0,2,1,1,1,51,8,1598,2,-1,-1,1,-1
201514K056815,1,9,0,7,0,5,0,0,0,0,4,1,2,1,48,8,-1,-1,-1,-1,1,-1
201514K056815,2,1,0,18,0,8,1,0,0,0,1,1,2,1,41,7,-1,-1,-1,-1,1,-1
201514K057415,1,9,0,3,0,1,0,0,0,0,2,1,1,1,34,6,999,1,6,-1,1,-1
201514K057415,2,9,0,18,0,1,0,0,0,0,1,1,6,3,-1,-1,-1,-1,-1,-1,-1,-1
201514K057615,1,9,0,5,0,0,0,0,0,0,1,1,1,1,30,6,1968,2,9,-1,1,-1
201514K057815,1,11,0,18,0,8,0,0,0,0,0,1,1,1,46,8,4461,2,2,-1,1,-1
201514K057815,2,9,0,18,0,8,0,0,0,0,0,1,6,1,53,8,2494,2,1,-1,1,-1
201514K058515,1,9,0,7,0,5,0,0,0,0,4,1,6,1,65,9,1398,1,12,-1,1,-1
201514K058515,2,1,0,15,0,8,0,0,0,0,1,1,2,1,17,4,-1,-1,-1,-1,1,-1
201514K058615,1,9,0,18,0,2,0,4,0,0,1,1,1,1,26,6,1896,2,7,-1,1,-1
201514K058615,2,9,0,2,6,2,0,0,0,0,2,1,6,2,61,9,1598,1,6,-1,1,-1
201514K058615,3,9,0,2,6,2,0,0,0,0,2,1,6,2,66,10,999,1,3,-1,1,-1
201514K059115,1,9,0,2,0,0,0,0,0,0,4,1,6,1,44,7,1332,1,7,-1,1,-1
201514K059115,2,9,0,14,0,0,0,8,0,0,1,1,6,3,-1,-1,-1,-1,-1,-1,1,-1
201514K059215,1,9,0,18,0,0,0,0,0,0,1,1,6,1,42,7,-1,-1,-1,-1,1,-1
201514K059215,2,9,0,3,0,0,0,0,0,0,2,1,6,1,64,9,1796,7,12,-1,1,-1
201514K059215,3,9,0,3,0,0,0,0,0,0,2,1,6,2,26,6,998,1,10,-1,1,-1
201514K059715,1,3,0,18,0,1,0,0,0,0,1,1,6,1,23,5,123,1,1,-1,3,-1
201514K059715,2,9,0,9,0,6,0,0,0,0,1,1,6,1,67,10,1749,1,11,-1,1,-1
201514K060015,1,9,0,5,0,1,0,0,0,0,3,1,1,1,47,8,1797,8,4,-1,1,-1
201514K060215,1,9,0,18,0,0,0,0,0,0,1,1,1,1,31,6,1968,2,9,-1,1,-1
201514K060215,2,9,0,18,0,0,0,0,0,0,1,1,1,2,48,8,-1,-1,-1,-1,1,-1
201514K060515,1,9,0,14,0,2,0,0,0,0,1,1,6,1,93,11,1399,2,4,-1,1,-1
201514K060515,2,11,0,2,0,2,0,0,0,0,2,1,1,2,40,7,4500,2,3,-1,2,-1
201514K061315,1,9,0,4,0,0,0,0,0,0,2,1,6,1,25,5,998,1,1,-1,1,-1
201514K061315,2,9,0,18,0,0,0,0,0,0,1,1,6,1,41,7,1598,1,6,-1,1,-1
201514K061415,1,9,0,4,0,1,0,0,0,0,1,1,1,1,28,6,1598,1,7,-1,1,-1
201514K061615,1,8,0,5,0,0,0,0,0,0,0,1,1,3,-1,-1,1997,2,5,-1,1,-1
201514K062015,1,8,0,18,0,0,0,0,0,0,1,1,1,1,30,6,1560,2,6,-1,1,-1
201514K062115,1,1,0,18,1,8,0,0,0,0,0,1,6,1,58,9,-1,-1,-1,-1,1,-1
201514K062615,1,9,0,18,0,8,0,0,7,10,1,1,6,1,19,4,1199,1,15,-1,-1,-1
201514K062615,2,9,0,18,0,1,0,0,0,0,0,1,1,1,28,6,1248,2,1,-1,1,-1
201514K062615,3,9,0,18,0,1,0,0,0,0,0,1,1,1,36,7,1968,2,2,-1,1,-1
201514K062815,1,9,0,18,0,8,0,0,0,0,3,1,6,1,29,6,2148,2,7,-1,1,-1
201514K062815,2,9,0,18,0,8,0,0,0,0,1,1,6,2,24,5,998,1,3,-1,1,-1
201514K062915,1,9,0,6,0,8,0,0,0,0,1,1,3,2,45,7,1296,1,8,-1,1,-1
201514K063215,1,9,0,9,0,1,0,0,0,0,3,1,1,1,44,7,-1,-1,-1,-1,3,-1
201514K063215,2,5,0,13,0,1,0,0,0,0,1,1,2,1,28,6,600,1,9,-1,1,-1
201514K063315,1,9,0,18,0,1,1,0,0,0,3,1,6,2,26,6,1796,1,7,-1,1,-1
201514K063315,2,9,0,18,0,1,0,0,0,0,4,1,6,2,59,9,1998,2,10,-1,1,-1
201514K063815,1,9,0,9,0,5,0,0,0,0,1,1,6,1,36,7,2179,2,1,-1,1,-1
201514K064515,1,1,0,18,0,8,0,0,0,0,1,1,6,1,26,6,-1,-1,-1,-1,1,-1
201514K064515,2,9,0,7,0,6,0,0,0,0,1,1,6,3,-1,-1,-1,-1,-1,-1,-1,-1
201514K064615,1,9,0,18,0,8,0,0,0,0,2,1,6,2,56,9,1796,1,7,-1,1,-1
201514K064615,2,9,0,18,0,8,0,0,0,0,1,1,6,2,26,6,1595,1,10,-1,1,-1
201514K064615,3,9,0,6,0,4,0,0,0,0,0,1,6,1,70,10,1360,1,11,-1,1,-1
201514K064715,1,5,0,18,2,8,1,0,0,0,3,1,2,1,39,7,885,1,19,-1,1,-1
201514K064715,2,9,0,7,0,6,0,0,0,0,1,1,6,2,30,6,999,1,1,-1,1,-1
201514K064815,1,18,0,18,1,1,0,0,0,0,0,1,1,1,47,8,-1,-1,-1,-1,1,-1
201514K065115,1,9,0,18,0,8,0,0,0,0,1,1,6,1,56,9,2720,2,10,-1,1,-1
201514K065115,2,9,0,9,0,6,0,0,0,0,3,1,6,1,48,8,1560,2,5,-1,1,-1
201514K065215,1,9,0,15,0,1,0,0,0,0,1,1,6,1,59,9,1124,1,11,-1,1,-1
201514K065515,1,9,0,18,0,0,0,0,0,0,1,1,6,1,25,5,-1,-1,-1,-1,1,-1
201514K065515,2,9,0,2,0,0,0,0,0,0,2,1,6,2,50,8,1587,1,9,-1,1,-1
201514K065515,3,9,0,2,0,0,0,0,0,0,2,1,6,1,72,10,2477,2,22,-1,1,-1
201514K065715,1,9,0,7,0,6,5,0,0,1,1,1,6,1,70,10,1598,1,10,-1,1,-1
201514K066015,1,9,0,18,0,1,0,0,0,0,3,1,6,1,40,7,1598,1,9,-1,1,-1
201514K066015,2,9,0,11,0,1,0,0,1,0,4,1,6,2,25,5,1339,1,13,-1,1,-1
201514K066115,1,9,0,18,0,4,0,0,0,0,1,1,6,2,69,10,1999,1,10,-1,1,-1
201514K066115,2,1,0,18,0,3,0,0,0,0,4,1,2,1,48,8,-1,-1,-1,-1,3,-1
201514K066415,1,9,0,18,0,0,0,0,0,0,1,1,1,1,57,9,-1,-1,-1,-1,1,-1
201514K066515,1,3,0,18,0,8,1,0,0,0,0,1,2,1,24,5,125,1,6,-1,1,-1
201514K066715,1,1,0,18,0,0,0,0,0,0,1,1,6,1,15,3,-1,-1,-1,-1,1,-1
201514K066715,2,9,0,18,0,0,0,0,0,0,3,1,6,3,-1,-1,-1,-1,-1,-1,-1,-1
201514K067815,1,9,0,18,0,0,5,0,1,2,4,1,6,1,19,4,999,1,1,-1,1,-1
201514K068815,1,9,0,18,0,0,0,0,0,0,4,1,6,1,29,6,1560,2,1,-1,1,-1
201514K068915,1,1,0,4,0,1,0,0,0,0,2,1,6,1,54,8,-1,-1,-1,-1,1,-1
201514K068915,2,9,0,18,0,1,0,0,0,0,1,1,6,1,67,10,2993,2,8,-1,1,-1
201514K069315,1,3,0,13,0,8,0,0,0,0,1,1,1,1,24,5,124,1,2,-1,1,-1
201514K069315,2,9,0,9,0,5,0,0,0,0,3,1,6,2,27,6,1390,1,1,-1,1,-1
201514K069715,1,9,0,3,0,8,0,0,0,0,2,1,6,2,46,8,1798,1,9,-1,1,-1
201514K069715,2,9,0,3,0,8,0,0,0,0,2,1,6,1,73,10,998,1,13,-1,1,-1
201514K069715,3,9,0,3,0,8,0,0,0,0,2,1,6,1,20,4,1248,2,4,-1,1,-1
201514K069715,4,9,0,18,0,8,0,0,0,0,1,1,6,2,42,7,1951,2,11,-1,3,-1
201514K069915,1,9,0,18,0,1,0,0,0,0,3,1,6,1,72,10,1796,1,10,-1,3,-1
201514K069915,2,9,0,5,0,1,1,0,0,0,1,1,6,2,48,8,998,1,2,-1,1,-1
201514K070315,1,8,0,7,0,5,0,0,0,0,4,1,1,1,41,7,1995,2,13,-1,1,-1
201514K070315,2,1,0,15,0,1,0,0,0,0,1,1,6,1,36,7,-1,-1,-1,-1,1,-1
201514K070415,1,9,0,3,0,8,0,0,0,0,4,1,6,1,20,4,2496,2,12,-1,1,-1
201514K070415,2,90,0,5,0,4,0,0,0,0,1,1,1,1,58,9,14000,2,13,-1,1,-1
201514K070515,1,9,0,4,0,0,1,0,0,0,1,1,2,2,49,8,1896,2,8,-1,1,-1
201514K070515,2,11,0,4,0,0,1,0,0,0,1,1,1,1,27,6,6871,2,7,-1,2,-1
201514K070615,1,19,0,18,0,1,1,0,0,0,3,1,1,1,22,5,1360,1,8,-1,1,-1
201514K070715,1,9,0,11,0,0,1,0,2,2,1,1,2,1,22,5,1339,1,9,-1,1,-1
201514K070715,2,9,0,12,0,0,0,0,0,0,0,1,6,2,54,8,2993,2,6,-1,1,-1
201514K070815,1,9,0,18,0,0,0,0,0,0,2,1,2,2,27,6,1364,1,7,-1,1,-1
201514K070815,2,9,0,18,0,0,0,0,0,0,1,1,2,2,25,5,1397,1,6,-1,1,-1
201514K070815,3,9,0,18,0,0,0,0,0,0,1,1,2,1,32,6,2184,2,10,-1,3,-1
201514K070815,4,9,0,18,0,0,0,0,0,0,1,1,1,1,62,9,-1,-1,-1,-1,1,-1
201514K070815,5,9,0,18,0,0,0,0,0,0,1,1,6,2,33,6,1390,1,6,-1,1,-1
201514K071015,1,11,0,18,0,0,0,0,0,0,0,1,1,1,42,7,9360,2,8,-1,1,-1
201514K071015,2,9,0,11,0,0,0,0,0,0,0,1,6,2,36,7,1199,1,13,-1,1,-1
201514K071515,1,9,0,18,0,0,0,0,0,0,1,1,6,2,75,10,1598,1,8,-1,1,-1
201514K071515,2,1,0,18,0,0,0,0,0,0,1,1,6,1,16,4,-1,-1,-1,-1,1,-1
201514K071615,1,5,0,18,0,0,1,0,0,0,1,1,6,1,33,6,998,1,9,-1,1,-1
201514K071615,2,9,0,12,0,0,0,0,0,0,2,1,6,1,21,5,2400,2,25,-1,1,-1
201514K071615,3,9,0,18,0,0,0,0,0,0,2,1,6,2,33,6,1753,2,11,-1,1,-1
201514K071815,1,9,0,5,0,4,0,0,0,0,1,1,1,1,37,7,2143,2,1,-1,1,-1
201514K071815,2,9,0,18,0,8,0,0,0,0,4,1,6,1,24,5,-1,-1,-1,-1,1,-1
201514K072215,1,9,0,4,0,0,0,0,0,0,2,1,6,2,42,7,1598,2,1,-1,1,-1
201514K072215,2,9,0,4,0,0,0,0,0,0,1,1,6,1,24,5,1994,1,17,-1,3,-1
201514K072615,1,9,0,9,0,6,0,0,0,0,3,1,6,1,55,8,1598,1,8,-1,1,-1
201514K072615,2,9,0,18,0,8,0,0,0,0,1,1,6,1,23,5,1896,2,9,-1,3,-1
201514K072815,1,9,0,18,0,0,1,0,5,6,3,1,6,2,27,6,1598,1,11,-1,1,-1
201514K072815,2,9,0,12,0,0,0,0,0,0,0,1,6,1,65,9,698,1,11,-1,1,-1
201514K072915,1,9,0,10,0,8,0,0,0,0,1,1,1,1,54,8,1596,1,6,-1,1,-1
201514K072915,2,9,0,18,0,8,1,0,0,0,1,1,1,1,52,8,1997,1,15,-1,1,-1
201514K073015,1,9,0,3,0,2,0,0,0,0,2,1,6,2,59,9,998,1,5,-1,1,-1
201514K073015,2,9,0,18,0,2,0,0,0,0,1,1,6,1,41,7,1870,2,10,-1,1,-1
201514K073615,1,22,0,3,0,1,0,0,0,0,2,1,6,2,64,9,-1,-1,-1,-1,1,-1
201514K073615,2,9,0,18,0,2,0,0,0,0,1,1,6,3,-1,-1,-1,-1,-1,-1,-1,-1
201514K073915,1,9,0,9,0,1,0,0,0,0,1,1,6,1,22,5,1386,1,12,-1,1,-1
201514K074015,1,3,0,14,1,0,1,0,0,0,1,1,6,2,19,4,125,1,2,-1,1,-1
201514K074315,1,9,0,18,0,0,2,7,5,6,3,1,6,1,44,7,1598,1,8,-1,1,-1
201514K074315,2,21,1,11,0,0,0,0,0,0,4,1,1,1,60,9,12809,2,2,-1,1,-1
201514K074815,1,9,0,18,0,6,0,0,0,0,1,1,6,2,48,8,1242,1,7,-1,1,-1
201514K074815,2,9,0,18,0,8,0,0,0,0,1,1,6,1,47,8,2477,2,10,-1,1,-1
201514K075115,1,9,0,17,0,0,1,10,1,10,1,1,6,1,21,5,1597,2,1,-1,1,-1
201514K075615,1,9,0,18,0,1,0,0,0,0,1,1,6,2,50,8,2926,2,12,-1,1,-1
201514K075615,2,9,0,3,0,1,0,0,0,0,2,1,6,2,20,4,1229,1,9,-1,1,-1
201514K075615,3,9,0,3,0,1,0,0,0,0,2,1,6,1,29,6,1299,1,8,-1,1,-1
201514K075715,1,19,0,9,0,8,5,0,0,0,4,1,1,2,51,8,2494,2,11,-1,1,-1
201514K075715,2,9,0,18,0,8,0,0,0,0,1,1,6,1,43,7,1560,2,2,-1,1,-1
201514K076415,1,9,0,18,0,2,0,0,0,0,1,1,6,2,22,5,1587,1,12,-1,1,-1
201514K076415,2,9,0,18,0,2,0,0,0,0,2,1,6,1,46,8,2967,2,-1,-1,3,-1
201514K076515,1,1,0,18,0,8,0,0,0,0,1,1,2,1,34,6,-1,-1,-1,-1,1,-1
201514K076515,2,9,0,9,0,8,0,0,0,0,3,1,6,2,68,10,1598,1,11,-1,1,-1
201514K076615,1,9,0,18,0,0,1,10,7,11,3,1,6,1,20,4,1296,1,9,-1,1,-1
201514K077115,1,9,0,9,0,5,0,0,0,0,4,1,1,1,46,8,1956,2,5,-1,1,-1
201514K077115,2,9,0,18,0,8,0,0,0,0,1,1,6,1,31,6,1598,1,10,-1,1,-1
201514K077115,3,9,0,18,0,1,0,0,0,0,1,1,6,2,43,7,1360,1,9,-1,1,-1
201514K077215,1,9,0,18,0,0,0,0,0,0,1,1,6,2,53,8,-1,-1,-1,-1,1,-1
201514K077215,2,9,0,12,0,0,0,0,0,0,2,1,6,1,-1,-1,1328,1,7,-1,1,-1
201514K077315,1,9,0,9,0,6,0,0,0,0,1,1,2,1,59,9,1598,1,3,-1,1,-1
201514K077315,2,9,0,18,0,8,0,0,0,0,4,1,2,1,44,7,1390,1,15,-1,1,-1
201514K077415,1,9,0,8,0,6,0,0,0,0,1,1,6,3,-1,-1,-1,-1,-1,-1,1,-1
201514K077515,1,9,0,18,0,8,5,9,3,10,1,1,6,2,18,4,1360,1,11,-1,1,-1
201514K077615,1,9,0,18,0,0,0,4,0,0,4,1,6,2,26,6,1328,1,8,-1,1,-1
201514K077615,2,9,0,2,0,0,0,10,0,0,3,1,6,2,61,9,1360,1,8,-1,1,-1
201514K077915,1,8,0,13,0,1,0,0,7,0,1,1,6,1,23,5,2204,2,7,-1,1,-1
201514K077915,2,9,0,9,0,5,0,0,0,0,1,1,6,1,41,7,2979,1,12,-1,1,-1
201514K078015,1,9,0,3,0,0,0,0,0,0,2,1,6,2,33,6,998,1,12,-1,1,-1
201514K078015,2,9,0,4,0,0,0,0,0,0,1,1,6,3,-1,-1,-1,-1,-1,-1,-1,-1
201514K078215,1,9,0,5,0,1,0,0,0,0,1,1,2,1,62,9,1896,2,8,-1,1,-1
201514K078215,2,9,0,8,0,1,0,0,0,0,2,1,2,1,40,7,1461,2,6,-1,1,-1
201514K078815,1,9,0,13,0,0,0,10,8,7,3,1,6,1,21,5,3200,1,9,-1,1,-1
201514K078815,2,9,0,18,0,0,0,0,0,0,0,1,2,1,44,7,1995,2,10,-1,1,-1
201514K078915,1,9,0,18,0,0,0,0,0,0,4,1,6,1,20,4,1364,1,6,-1,1,-1
201514K079015,1,9,0,7,0,5,0,0,0,0,1,1,6,1,51,8,-1,-1,-1,-1,1,-1
201514K079015,2,9,0,18,0,1,0,0,0,0,1,1,6,2,56,9,1997,1,8,-1,1,-1
201514K079115,1,9,0,16,0,0,1,10,8,2,4,1,6,1,19,4,1360,1,4,-1,1,-1
201514K079315,1,9,0,13,0,1,0,0,0,0,4,1,6,1,55,8,1896,2,13,-1,1,-1
201514K079315,2,9,0,9,0,1,0,0,0,0,1,1,6,2,32,6,1997,2,10,-1,1,-1
201514K079415,1,9,0,11,0,0,1,7,5,6,1,1,2,1,17,4,999,1,16,-1,1,-1
201514K079415,2,5,0,18,0,0,0,0,0,0,2,1,6,1,36,7,647,1,8,-1,1,-1
201514K079515,1,8,0,4,0,1,0,0,0,0,2,1,1,1,33,6,2664,2,12,-1,1,-1
201514K079515,2,8,0,18,0,1,0,0,0,0,1,1,1,1,38,7,1910,2,8,-1,1,-1
201514K079615,1,9,0,9,0,6,0,0,0,0,3,1,6,2,37,7,1975,1,10,-1,1,-1
201514K079615,2,4,0,18,0,8,0,0,0,0,1,1,6,1,20,4,398,1,9,-1,1,-1
201514K080015,1,9,0,18,0,8,0,0,1,2,1,1,6,1,37,7,1242,1,7,-1,1,-1
201514K080015,2,9,0,18,0,8,0,0,0,0,1,1,6,1,25,5,1364,1,6,-1,1,-1
201514K080415,1,9,0,18,0,0,0,0,0,0,4,1,6,3,-1,-1,-1,-1,-1,-1,2,-1
201514K080915,1,9,0,4,0,0,0,0,0,0,1,1,6,2,19,4,995,1,5,-1,1,-1
201514K080915,2,9,0,4,0,0,0,0,0,0,2,1,2,1,34,6,1968,2,-1,-1,1,-1
201514K081115,1,9,0,3,0,1,0,0,0,0,1,1,6,1,77,11,1598,1,5,-1,1,-1
201514K081115,2,9,0,3,0,1,0,0,0,0,2,1,6,2,40,7,1398,2,13,-1,1,-1
201514K081315,1,9,3,18,0,3,0,0,0,0,2,1,6,1,21,5,2143,2,1,-1,1,-1
201514K081315,2,9,0,18,0,3,0,0,0,0,1,1,6,1,22,5,2143,2,1,-1,1,-1
201514K081515,1,9,0,18,0,0,0,0,0,0,4,1,6,1,51,8,1598,1,13,-1,3,-1
201514K081515,2,9,0,6,0,0,0,0,0,0,3,1,6,1,62,9,1400,1,10,-1,1,-1
201514K081615,1,9,0,1,0,1,0,0,0,0,4,1,6,3,-1,-1,-1,-1,-1,-1,1,-1
201514K081715,1,9,0,18,0,3,0,0,0,0,4,1,6,2,21,5,998,1,1,-1,1,-1
201514K081715,2,9,0,18,0,8,0,0,0,0,1,1,6,1,30,6,1560,2,1,-1,-1,-1
201514K082015,1,9,0,13,0,1,0,0,0,0,1,1,6,1,58,9,-1,-1,-1,-1,1,-1
201514K082015,2,9,0,10,0,1,0,0,0,0,3,1,6,2,34,6,2179,2,4,-1,1,-1
201514K082215,1,9,0,18,0,0,0,0,1,11,4,1,6,1,29,6,1199,1,11,-1,1,-1
201514K082315,1,9,0,18,0,0,0,0,0,0,4,1,1,1,38,7,1242,1,2,-1,1,-1