Accident_Index,Vehicle_Reference,Vehicle_Type,Towing_and_Articulation,Vehicle_Manoeuvre,Vehicle_Location-Restricted_Lane,Junction_Location,Skidding_and_Overturning,Hit_Object_in_Carriageway,Vehicle_Leaving_Carriageway,Hit_Object_off_Carriageway,1st_Point_of_Impact,Was_Vehicle_Left_Hand_Drive?,Journey_Purpose_of_Driver,Sex_of_Driver,Age_of_Driver,Age_Band_of_Driver,Engine_Capacity_(CC),Propulsion_Code,Age_of_Vehicle,Driver_IMD_Decile,Driver_Home_Area_Type,Vehicle_IMD_Decile
201514K082315,2,9,0,18,0,0,0,0,0,0,4,1,1,1,30,6,2993,2,2,-1,1,-1
201514K082315,3,9,0,2,0,0,0,0,0,0,1,1,6,1,52,8,1596,1,1,-1,3,-1
201514K082615,1,9,0,18,0,2,0,0,0,0,1,1,6,2,44,7,1390,1,8,-1,1,-1
201514K082715,1,9,0,18,0,1,0,0,0,0,1,1,6,2,27,6,1910,2,7,-1,1,-1
201514K082815,1,9,0,18,0,0,0,0,0,0,1,1,6,1,44,7,996,1,1,-1,1,-1
201514K083015,1,9,0,3,0,1,0,0,0,0,2,1,6,2,26,6,1248,1,5,-1,1,-1
201514K083015,2,9,0,3,0,1,0,0,0,0,1,1,6,1,28,6,1598,1,10,-1,1,-1
201514K083215,1,9,0,18,0,2,0,0,0,0,3,1,2,1,48,8,1248,1,4,-1,1,-1
201514K083215,2,9,0,18,0,2,1,0,0,0,1,1,2,1,30,6,1390,1,15,-1,1,-1
201514K083315,1,9,0,3,0,1,0,0,0,0,2,1,6,1,40,7,1995,2,9,-1,1,-1
201514K083315,2,9,0,18,0,1,0,0,0,0,1,1,6,1,41,7,998,1,8,-1,1,-1
201514K083515,1,9,0,7,0,5,0,0,0,0,4,1,6,2,54,8,1997,2,12,-1,1,-1
201514K083515,2,1,0,15,2,8,0,0,0,0,1,1,6,1,37,7,-1,-1,-1,-1,1,-1
201514K084215,1,9,0,18,0,8,0,0,0,0,1,1,6,2,50,8,1229,1,6,-1,1,-1
201514K084215,2,9,0,9,0,8,0,0,0,0,3,1,6,1,36,7,995,1,6,-1,1,-1
201514K084715,1,3,0,9,1,8,0,0,0,0,1,1,6,1,20,4,-1,-1,-1,-1,1,-1
201514K084715,2,9,0,18,1,8,0,0,0,0,4,1,6,1,25,5,1368,1,5,-1,1,-1
201514K084815,1,1,0,18,0,8,0,0,0,0,4,1,1,2,50,8,-1,-1,-1,-1,1,-1
201514K084815,2,9,0,11,0,6,0,0,0,0,1,1,6,1,30,6,1781,1,13,-1,2,-1
201514K084915,1,9,0,18,0,1,0,0,0,0,1,1,6,2,23,5,1595,1,12,-1,1,-1
201514K084915,2,9,0,5,0,6,0,0,0,0,3,1,6,1,65,9,1796,1,9,-1,1,-1
201514K085115,1,9,0,9,0,5,0,0,0,0,1,1,6,2,42,7,1598,1,10,-1,1,-1
201514K085115,2,1,0,18,0,1,0,0,0,0,1,1,2,1,38,7,-1,-1,-1,-1,1,-1
201514K085615,1,9,0,18,0,1,0,0,0,0,3,1,6,1,28,6,1968,2,9,-1,1,-1
201514K085715,1,9,0,18,0,0,0,0,0,0,1,1,6,1,60,9,1910,2,8,-1,1,-1
201514K085915,1,5,0,14,1,1,0,0,0,0,1,1,6,1,27,6,1130,1,13,-1,1,-1
201514K085915,2,9,0,9,1,5,0,0,0,0,1,1,6,1,36,7,1998,2,3,-1,1,-1
201514K086415,1,9,0,4,0,1,0,0,0,0,2,1,6,1,65,9,1499,2,2,-1,1,-1
201514K086415,2,9,0,4,0,1,0,0,0,0,2,1,6,1,42,7,1398,1,15,-1,1,-1
201514K086415,3,9,0,18,0,1,0,0,0,0,1,1,6,3,-1,-1,-1,-1,-1,-1,-1,-1
201514K086515,1,9,0,18,0,1,0,0,0,0,1,1,6,3,-1,-1,-1,-1,-1,-1,1,-1
201514K086615,1,9,0,18,0,1,0,0,0,0,1,1,1,1,23,5,1968,2,11,-1,2,-1
201514K086815,1,9,0,18,0,8,0,0,0,0,1,1,1,2,35,6,1248,1,6,-1,1,-1
201514K086815,2,9,0,9,0,5,0,0,0,0,4,1,6,2,43,7,1395,1,-1,-1,1,-1
201514K087415,1,9,0,3,0,0,0,0,0,0,2,1,6,2,32,6,2488,2,7,-1,1,-1
201514K087415,2,3,0,18,0,0,0,0,0,0,1,1,6,1,53,8,124,1,-1,-1,1,-1
201514K087515,1,9,0,18,0,1,0,0,0,0,1,1,3,2,46,8,1753,2,14,-1,1,-1
201514K087515,2,5,0,15,0,1,0,7,0,0,1,1,2,1,34,6,1157,1,16,-1,1,-1
201514K088215,1,9,0,3,0,0,0,0,0,0,2,1,6,2,53,8,1910,2,12,-1,1,-1
201514K088215,2,9,0,18,0,0,0,0,0,0,1,1,6,3,-1,-1,-1,-1,-1,-1,-1,-1
201514K088615,1,9,0,18,0,6,0,0,0,0,0,1,6,1,25,5,1994,1,14,-1,1,-1
201514K088715,1,9,0,9,0,8,0,0,0,0,1,1,6,2,59,9,1587,1,8,-1,1,-1
201514K088715,2,9,0,17,0,8,0,0,0,0,1,1,6,2,25,5,1149,1,11,-1,1,-1
201514K089315,1,9,0,18,0,8,0,0,0,0,1,1,6,1,20,4,1299,1,12,-1,1,-1
201514K089315,2,9,0,18,0,8,0,0,0,0,2,1,6,2,32,6,-1,-1,-1,-1,1,-1
201514K089315,3,9,0,18,0,8,0,0,0,0,2,1,6,2,42,7,1587,1,11,-1,1,-1
201514K089615,1,9,0,18,0,1,0,0,0,0,1,1,6,1,24,5,1968,2,2,-1,1,-1
201514K090315,1,9,0,9,0,2,0,0,0,0,3,1,6,1,84,11,1984,1,21,-1,1,-1
201514K090315,2,5,0,18,0,8,0,0,0,0,1,1,6,1,32,6,599,1,5,-1,1,-1
201514K090315,3,9,0,10,0,1,0,0,0,0,1,1,6,1,39,7,1364,1,-1,-1,1,-1
201514K090415,1,9,0,9,0,5,0,0,0,0,3,1,6,2,19,4,1598,1,5,-1,1,-1
201514K090415,2,9,0,18,0,1,0,0,0,0,1,1,6,3,-1,-1,1396,1,16,-1,-1,-1
201514K090615,1,3,0,18,0,2,0,0,0,0,3,1,2,1,25,5,124,1,1,-1,1,-1
201514K090615,2,9,0,11,0,2,0,0,0,0,4,1,6,1,69,10,1753,2,8,-1,1,-1
201514K091015,1,9,0,3,0,1,0,0,0,0,4,1,3,2,49,8,1598,1,3,-1,1,-1
201514K091015,2,1,0,18,4,1,0,8,0,0,1,1,1,1,45,7,-1,-1,-1,-1,1,-1
201514K091115,1,9,0,4,0,0,0,0,0,0,1,1,6,1,31,6,1781,1,16,-1,1,-1
201514K091115,2,9,0,5,0,0,0,0,0,0,2,1,6,1,58,9,3960,1,18,-1,1,-1
201514K091215,1,3,0,18,0,8,1,0,0,0,1,1,6,1,46,8,125,1,2,-1,1,-1
201514K091215,2,9,0,9,0,5,0,0,0,0,4,1,6,2,64,9,2179,2,3,-1,3,-1
201514K091715,1,1,0,18,0,0,0,0,0,0,1,1,4,1,15,3,-1,-1,-1,-1,1,-1
201514K091715,2,9,0,18,0,0,0,0,0,0,1,1,6,1,-1,-1,-1,-1,-1,-1,-1,-1
201514K092315,1,9,0,4,0,1,0,0,0,0,2,1,6,1,20,4,1199,1,13,-1,1,-1
201514K092315,2,9,0,4,0,1,0,0,0,0,1,1,6,3,-1,-1,-1,-1,-1,-1,-1,-1
201514K092515,1,11,0,5,0,0,0,0,0,0,4,1,1,1,52,8,4250,2,6,-1,1,-1
201514K092815,1,9,0,1,0,0,0,0,0,0,2,1,6,2,42,7,2179,2,4,-1,1,-1
201514K092915,1,19,0,2,0,0,0,0,0,0,2,1,2,1,60,9,2664,2,14,-1,1,-1
201514K092915,2,9,0,18,0,0,0,0,0,0,1,1,2,1,23,5,-1,-1,-1,-1,1,-1
201514K093515,1,9,0,7,0,6,0,0,0,0,1,1,6,2,26,6,-1,-1,-1,-1,1,-1
201514K093515,2,9,0,18,0,1,0,0,0,0,1,1,1,3,-1,-1,-1,-1,-1,-1,-1,-1
201514K093615,1,9,0,7,0,6,0,0,1,10,3,1,1,1,61,9,1199,1,13,-1,1,-1
201514K093615,2,9,0,18,0,8,0,0,0,0,1,1,6,2,31,6,1796,1,15,-1,1,-1
201514K093915,1,9,0,18,0,8,0,0,1,10,1,1,6,2,33,6,1769,1,10,-1,1,-1
201514K093915,2,9,0,18,0,8,0,0,0,0,4,1,1,1,31,6,1398,8,1,-1,1,-1
201514K094715,1,9,0,4,0,8,0,0,0,0,2,1,1,2,51,8,998,1,15,-1,1,-1
201514K094715,2,9,0,5,0,4,0,0,0,0,1,1,6,1,20,4,1596,1,8,-1,1,-1
201514K094815,1,9,0,3,0,1,0,0,0,0,2,1,6,2,43,7,1206,1,5,-1,1,-1
201514K094815,2,9,0,18,0,1,0,0,0,0,1,1,6,1,-1,-1,1360,1,18,-1,-1,-1
201514K095115,1,9,0,5,0,0,0,0,0,0,1,1,6,2,53,8,1397,1,12,-1,1,-1
201514K095315,1,11,0,18,0,8,0,0,0,0,1,1,1,1,69,10,9360,2,5,-1,1,-1
201514K095315,2,9,0,9,0,8,0,0,0,0,1,1,2,2,42,7,1598,1,7,-1,1,-1
201514K095415,1,11,0,5,0,0,0,0,0,0,0,1,1,2,29,6,4500,2,4,-1,1,-1
201514K095615,1,9,0,5,0,0,0,0,0,0,1,1,1,1,20,4,2993,2,-1,-1,1,-1
201514K095815,1,9,0,9,0,8,0,0,0,0,1,1,6,1,29,6,2982,2,7,-1,3,-1
201514K095815,2,1,0,18,0,8,0,0,0,0,1,1,6,2,23,5,-1,-1,-1,-1,1,-1
201514K096215,1,5,0,17,0,0,1,10,7,1,3,1,6,1,47,8,599,1,13,-1,1,-1
201514K096515,1,9,0,7,0,5,0,0,0,0,1,1,6,1,40,7,1598,1,8,-1,1,-1
201514K096515,2,1,0,18,0,1,0,0,0,0,1,1,6,1,30,6,-1,-1,-1,-1,1,-1
201514K096615,1,8,0,9,0,6,0,0,0,0,1,1,1,1,36,7,2402,2,12,-1,1,-1
201514K096615,2,9,0,18,0,8,0,0,0,0,1,1,6,1,31,6,1199,1,14,-1,1,-1
201514K096915,1,9,0,18,0,8,0,0,0,0,1,1,6,1,25,5,1390,1,8,-1,1,-1
201514K096915,2,9,0,18,0,6,0,0,0,0,1,1,6,2,36,7,1560,2,3,-1,1,-1
201514K097215,1,8,0,3,0,1,0,0,0,0,2,1,1,1,43,7,2499,2,4,-1,1,-1
201514K097215,2,9,0,18,0,1,0,0,0,0,1,1,6,1,18,4,1388,1,7,-1,3,-1
201514K098015,1,11,0,4,0,0,0,0,1,5,4,1,1,1,51,8,9000,2,5,-1,1,-1
201514K098215,1,11,0,4,2,0,0,0,0,0,0,1,6,1,47,8,4461,2,2,-1,1,-1
201514K098415,1,9,0,9,0,5,0,0,0,0,4,1,6,1,73,10,1598,1,3,-1,1,-1
201514K098415,2,9,0,18,0,8,0,0,0,0,1,1,2,2,47,8,1461,2,1,-1,1,-1
201514K098415,3,9,0,3,0,1,0,0,0,0,1,1,6,1,28,6,1956,2,4,-1,1,-1
201514K098715,1,9,0,1,0,0,0,0,0,0,2,1,6,2,34,6,1199,1,12,-1,1,-1
201514K098715,2,9,0,2,0,0,0,0,0,0,2,1,6,1,31,6,1390,1,12,-1,1,-1
201514K098815,1,9,0,18,0,0,0,0,0,0,2,1,3,1,25,5,1149,1,8,-1,1,-1
201514K098815,2,9,0,18,0,0,0,0,0,0,1,1,1,3,-1,-1,-1,-1,-1,-1,-1,-1
201514K099315,1,9,0,9,0,8,0,0,0,0,1,1,6,2,26,6,2521,1,8,-1,1,-1
201514K099315,2,9,0,18,0,1,0,0,0,0,1,1,6,1,40,7,6208,1,3,-1,1,-1
201514K099515,1,9,0,18,0,1,0,0,0,0,1,1,6,3,-1,-1,1596,1,10,-1,-1,-1
201514K099515,2,9,0,18,0,1,0,0,0,0,2,1,6,1,66,10,998,1,5,-1,2,-1
201514K099915,1,9,0,2,0,2,0,0,0,0,1,1,6,2,24,5,1995,2,8,-1,1,-1
201514K099915,2,9,0,18,0,2,0,0,0,0,2,1,6,1,65,9,2663,2,20,-1,1,-1
201514K100315,1,11,0,2,0,0,0,0,0,0,0,1,1,1,30,6,4461,2,2,-1,1,-1
201514K100815,1,9,0,10,0,1,0,0,0,0,2,1,6,2,26,6,1242,1,9,-1,1,-1
201514K100815,2,9,0,17,0,1,0,0,0,0,1,1,6,2,43,7,1329,1,5,-1,1,-1
201514K101115,1,9,0,16,0,0,1,0,6,0,1,1,1,2,27,6,1242,1,11,-1,1,-1
201514K101115,2,9,0,18,0,0,0,0,0,0,1,1,6,2,35,6,1598,1,8,-1,1,-1
201514K101615,1,9,0,18,0,0,0,0,0,0,1,1,6,3,-1,-1,-1,-1,-1,-1,1,-1
201514K101815,1,9,0,18,0,8,0,0,0,0,4,1,6,1,26,6,2000,2,6,-1,1,-1
201514K101815,2,9,0,9,0,6,0,0,0,0,1,1,6,2,32,6,1598,1,8,-1,1,-1
201514K102015,1,1,0,18,0,0,0,0,0,0,1,1,1,1,37,7,-1,-1,-1,-1,1,-1
201514K102015,2,9,0,11,0,0,0,0,0,0,4,1,6,2,43,7,1124,1,9,-1,1,-1
201514K102315,1,9,0,9,0,5,0,0,0,0,4,1,6,3,-1,-1,-1,-1,-1,-1,-1,-1
201514K102315,2,1,0,18,0,8,0,0,0,0,1,1,6,1,49,8,-1,-1,-1,-1,1,-1
201514K102415,1,8,0,18,2,1,0,0,1,2,1,1,1,1,19,4,1998,2,5,-1,1,-1
201514K102415,2,9,0,7,0,5,0,0,0,0,0,1,6,2,36,7,1560,2,5,-1,1,-1
201514K102515,1,9,0,18,0,1,0,0,0,0,1,1,2,1,27,6,1753,2,9,-1,1,-1
201514K102515,2,1,0,18,0,5,0,0,0,0,1,1,6,1,16,4,-1,-1,-1,-1,1,-1
201514K103215,1,9,0,18,0,6,0,0,0,0,3,1,1,1,34,6,1910,2,7,-1,1,-1
201514K103215,2,9,0,9,0,6,0,0,0,0,1,1,2,1,28,6,2967,1,14,-1,2,-1
201514K103315,1,9,0,18,0,0,0,0,7,11,1,1,2,2,21,5,-1,-1,-1,-1,1,-1
201514K103315,2,9,0,4,0,0,0,0,0,0,2,1,2,2,30,6,1242,1,-1,-1,1,-1
201514K103915,1,9,0,18,0,8,0,0,0,0,1,1,6,1,19,4,1242,1,12,-1,1,-1
201514K103915,2,21,0,18,0,8,0,0,0,0,1,1,4,1,44,7,8867,2,6,-1,1,-1
201514K104515,1,19,0,18,0,1,0,0,0,0,4,1,1,3,-1,-1,6692,2,3,-1,1,-1
201514K104615,1,9,0,3,0,1,0,0,0,0,1,1,6,1,34,6,1198,1,12,-1,1,-1
201514K104615,2,11,0,18,0,1,0,0,0,0,1,1,1,1,52,8,7300,2,13,-1,1,-1
201514K104615,3,9,0,18,0,1,0,0,0,0,0,1,1,2,28,6,1248,2,4,-1,-1,-1
201514K104615,4,9,0,18,0,1,0,0,0,0,1,1,6,3,-1,-1,998,1,17,-1,-1,-1
201514K104715,1,8,0,9,0,6,0,0,0,0,3,1,1,1,55,8,1991,2,6,-1,1,-1
201514K104715,2,8,0,18,0,1,0,0,0,0,1,1,1,1,23,5,-1,-1,-1,-1,1,-1
201514K104815,1,9,0,18,0,2,2,0,1,5,1,1,6,1,16,4,1598,1,13,-1,1,-1
201514K105515,1,21,0,3,0,0,0,0,0,0,3,1,1,1,46,8,4764,2,4,-1,1,-1
201514K105515,2,1,0,15,0,0,1,0,0,0,1,1,6,1,30,6,-1,-1,-1,-1,1,-1
201514K105615,1,18,0,4,1,0,0,0,0,0,1,1,1,1,35,6,-1,-1,-1,-1,1,-1
201514K105815,1,9,0,18,0,0,0,0,1,2,4,1,6,1,24,5,1590,1,16,-1,1,-1
201514K106115,1,9,0,10,0,1,0,0,0,0,2,1,6,2,42,7,1598,2,1,-1,1,-1
201514K106115,2,9,0,18,0,1,0,0,0,0,1,1,6,1,23,5,1598,1,8,-1,1,-1
201514K106415,1,9,0,18,0,8,1,0,0,0,1,1,6,1,25,5,1598,1,13,-1,1,-1
201514K106415,2,9,0,18,0,1,1,0,0,0,4,1,6,3,-1,-1,-1,-1,-1,-1,-1,-1
201514K106515,1,9,0,18,0,0,0,11,0,0,1,1,6,1,43,7,1398,2,11,-1,1,-1
201514K106815,1,3,0,18,0,1,0,0,0,0,1,1,2,1,39,7,124,1,-1,-1,1,-1
201514K106815,2,9,0,9,0,6,0,0,0,0,1,1,2,1,29,6,1910,2,8,-1,1,-1
201514K107115,1,9,0,18,0,2,0,0,0,0,1,1,6,1,39,7,973,1,12,-1,1,-1
201514K107215,1,8,0,18,0,0,0,0,0,0,1,1,1,1,41,7,1896,2,9,-1,1,-1
201514K107215,2,9,0,18,0,0,0,0,0,0,2,1,6,1,19,4,998,1,-1,-1,1,-1
201514K107615,1,9,0,9,0,6,0,0,0,0,1,1,2,2,67,10,1242,1,5,-1,1,-1
201514K107615,2,1,0,17,0,1,0,0,0,0,1,1,6,1,36,7,-1,-1,-1,-1,1,-1
201514K107715,1,9,0,16,0,1,0,0,0,0,1,1,2,2,23,5,998,1,6,-1,1,-1
201514K107715,2,9,0,10,0,1,0,0,0,0,2,1,6,1,36,7,1997,2,4,-1,1,-1
201514K107815,1,9,0,4,0,1,0,0,0,0,2,1,6,1,49,8,1298,1,14,-1,1,-1
201514K107815,2,9,0,18,0,1,0,0,0,0,1,1,6,1,44,7,1799,1,8,-1,1,-1
201514K107915,1,9,0,18,0,0,0,0,0,0,1,1,1,2,51,8,1498,1,5,-1,1,-1
201514K108015,1,8,0,1,0,2,0,0,0,0,2,1,1,1,48,8,1797,8,1,-1,1,-1
201514K108115,1,9,0,7,0,6,0,0,0,0,1,1,6,2,54,8,1598,1,4,-1,1,-1
201514K108115,2,1,0,18,0,1,0,0,0,0,2,1,6,2,60,9,-1,-1,-1,-1,1,-1
201514K108515,1,9,0,18,0,1,0,0,0,0,1,1,6,2,52,8,1997,2,7,-1,1,-1
201514K108515,2,9,0,12,0,1,0,0,0,0,1,1,6,3,-1,-1,2393,1,13,-1,-1,-1
201514K108715,1,9,0,3,0,1,0,0,0,0,2,1,6,1,58,9,948,1,-1,-1,1,-1
201514K108715,2,9,0,18,0,1,0,0,0,0,1,1,6,2,29,6,1124,1,14,-1,1,-1
201514K109115,1,9,0,18,0,0,0,0,0,0,1,1,6,2,49,8,1968,2,2,-1,1,-1
201514K109715,1,9,0,18,0,8,0,0,0,0,1,1,6,2,20,4,1349,1,7,-1,1,-1
201514K109715,2,9,0,9,0,6,0,0,0,0,1,1,6,1,40,7,1240,1,10,-1,1,-1
201514K110015,1,9,0,7,0,5,0,0,0,0,1,1,6,3,-1,-1,-1,-1,-1,-1,1,-1
201514K110115,1,9,0,18,0,8,0,0,0,0,1,1,6,1,64,9,1348,1,14,-1,1,-1
201514K110115,2,9,0,18,0,8,0,0,0,0,1,1,1,1,58,9,-1,-1,-1,-1,1,-1
201514K110415,1,9,0,4,0,0,0,0,7,4,1,1,1,2,20,4,1242,1,1,-1,1,-1
201514K110515,1,9,0,9,0,5,0,0,0,0,1,1,6,1,40,7,1595,1,14,-1,1,-1
201514K110515,2,3,0,13,0,8,0,0,0,0,1,1,6,1,19,4,124,1,2,-1,1,-1
201514K110715,1,9,0,18,0,8,0,0,0,0,3,1,2,1,41,7,1896,2,12,-1,1,-1
201514K110715,2,9,0,18,0,8,0,0,0,0,1,1,6,1,56,9,1896,2,11,-1,1,-1
201514K110915,1,9,0,14,0,0,0,0,0,0,1,1,6,2,-1,-1,-1,-1,-1,-1,2,-1
201514K111115,1,9,0,4,0,1,0,0,0,0,2,1,6,1,43,7,1598,1,9,-1,1,-1
201514K111115,2,3,0,18,0,1,0,0,0,0,1,1,6,1,19,4,124,1,3,-1,1,-1
201514K111415,1,9,0,6,0,0,0,0,0,0,1,1,6,1,46,8,1686,2,10,-1,1,-1
201514K111415,2,9,0,18,0,0,0,0,0,0,1,1,6,2,26,6,1590,1,12,-1,1,-1
201514K111815,1,9,0,4,0,0,0,0,0,0,2,1,6,2,38,7,1598,1,2,-1,1,-1
201514K111815,2,9,0,18,0,0,1,0,0,0,1,1,6,2,24,5,899,1,16,-1,1,-1
201514K112015,1,9,0,18,0,8,0,0,0,0,1,1,6,2,59,9,1199,1,11,-1,1,-1
201514K112015,2,9,0,9,0,8,0,0,0,0,3,1,6,1,36,7,1753,2,14,-1,1,-1
201514K112215,1,9,0,18,0,1,0,0,0,0,1,1,6,1,18,4,1388,1,12,-1,1,-1
201514K112215,2,5,0,17,0,1,0,0,0,0,3,1,6,1,59,9,849,1,14,-1,2,-1
201514K112315,1,9,0,16,0,0,1,0,0,0,1,1,6,1,50,8,2179,2,3,-1,2,-1
201514K112315,2,9,0,17,0,0,0,0,0,0,1,1,6,1,42,7,1598,1,8,-1,1,-1
201514K112415,1,11,0,5,0,1,0,0,0,0,1,1,1,1,44,7,6696,2,1,-1,1,-1
201514K112515,1,9,0,18,0,8,0,0,0,0,3,1,2,2,50,8,1560,2,3,-1,1,-1
201514K112515,2,1,0,18,0,8,0,0,0,0,1,1,6,1,13,3,-1,-1,-1,-1,1,-1
201514K113015,1,9,0,18,9,0,0,0,1,5,1,1,6,1,38,7,1910,2,15,-1,1,-1
201514K113815,1,9,0,18,0,1,0,0,0,0,1,1,6,1,68,10,1461,2,5,-1,1,-1
201514K114215,1,9,0,18,0,1,0,0,0,0,1,1,6,1,27,6,2400,2,6,-1,1,-1
201514K114215,2,9,0,3,0,1,0,0,0,0,3,1,6,1,35,6,1363,2,10,-1,1,-1
201514K114515,1,20,0,5,0,8,0,0,0,0,1,1,1,1,62,9,5861,2,15,-1,1,-1
201514K114515,2,11,0,18,0,8,0,0,0,0,4,1,1,3,-1,-1,4461,2,2,-1,-1,-1
201514K114715,1,9,0,3,0,1,0,0,0,0,2,1,6,1,64,9,1398,2,1,-1,1,-1
201514K114715,2,9,0,18,0,1,1,0,0,0,1,1,6,2,21,5,1198,1,13,-1,1,-1
201514K115315,1,9,0,3,0,4,0,0,0,0,2,1,6,2,22,5,1299,1,12,-1,1,-1
201514K115315,2,9,0,18,0,4,0,0,0,0,1,1,6,3,-1,-1,-1,-1,-1,-1,-1,-1
201514K115715,1,9,0,18,0,0,0,0,0,0,2,1,6,1,28,6,973,1,12,-1,1,-1
201514K115715,2,9,0,1,0,0,0,0,0,0,2,1,6,1,-1,-1,-1,-1,-1,-1,-1,-1
201514K115715,3,9,0,18,0,0,0,0,0,0,2,1,6,1,19,4,-1,-1,-1,-1,1,-1
201514K116115,1,1,0,18,0,8,0,0,0,0,2,1,1,2,24,5,-1,-1,-1,-1,1,-1
201514K116115,2,9,0,18,0,6,0,0,0,0,1,1,6,3,-1,-1,-1,-1,-1,-1,-1,-1
201514K116215,1,9,0,1,0,1,0,0,0,0,2,1,2,1,33,6,2198,1,8,-1,1,-1
201514K116515,1,9,0,4,0,0,0,0,0,0,2,1,1,1,41,7,1596,1,1,-1,1,-1
201514K116515,2,9,0,4,0,0,0,0,0,0,1,1,1,1,22,5,-1,-1,-1,-1,1,-1
201514K117715,1,9,0,18,0,1,0,0,0,0,4,1,6,1,46,8,2204,2,9,-1,1,-1
201514K118715,1,9,0,18,0,1,0,0,0,0,1,1,1,1,31,6,1560,2,6,-1,1,-1
201514K118715,2,9,0,4,0,1,0,0,0,0,2,1,6,1,20,4,1995,2,11,-1,1,-1
201514K118715,3,9,0,4,0,1,0,0,0,0,2,1,6,3,-1,-1,998,1,2,-1,-1,-1
201514K119015,1,9,0,4,0,2,0,0,0,0,2,1,1,2,42,7,1968,2,2,-1,1,-1
201514K119015,2,9,0,18,0,2,0,0,0,0,1,1,6,2,30,6,-1,-1,-1,-1,1,-1
201514K119715,1,9,0,18,0,1,0,0,0,0,3,1,6,2,24,5,1229,1,4,-1,1,-1
201514K119715,2,9,0,18,0,2,0,0,0,0,4,1,6,3,-1,-1,4163,1,9,-1,-1,-1
201514K119915,1,9,0,18,0,2,0,0,0,0,1,1,6,2,21,5,1461,2,10,-1,2,-1
201514K119915,2,9,0,18,0,1,0,0,0,0,1,1,6,2,63,9,1461,2,4,-1,1,-1
201514K120115,1,9,0,1,0,1,0,0,0,0,2,1,6,1,34,6,1968,2,6,-1,1,-1
201514K120115,2,1,0,18,9,1,0,0,0,0,1,1,2,1,30,6,-1,-1,-1,-1,1,-1
201514K120315,1,9,0,18,0,8,0,0,0,0,4,1,2,2,60,9,1951,2,13,-1,2,-1
201514K120315,2,3,0,18,0,8,0,0,0,0,1,1,2,1,54,8,125,1,7,-1,1,-1
201514K120415,1,8,0,18,1,8,0,0,0,0,1,1,6,1,38,7,-1,-1,-1,-1,1,-1
201514K120415,2,8,0,9,1,8,0,0,0,0,3,1,6,1,36,7,2402,2,11,-1,1,-1
201514K120515,1,11,0,18,0,1,0,0,0,0,1,1,1,1,46,8,4250,2,1,-1,1,-1
201514K120615,1,9,0,9,0,5,0,0,0,0,4,1,6,1,36,7,1598,1,2,-1,1,-1
201514K120615,2,1,0,18,0,1,0,0,0,0,1,1,6,1,65,9,-1,-1,-1,-1,1,-1
201514K120815,1,11,0,18,2,0,0,0,0,0,1,1,1,1,65,9,4580,2,7,-1,1,-1
201514K120815,2,3,0,18,0,0,0,0,0,0,2,1,6,1,30,6,-1,-1,-1,-1,1,-1
201514K121415,1,11,0,18,0,0,0,0,0,0,4,1,1,1,49,8,9000,2,5,-1,1,-1
201514K122015,1,9,0,17,0,8,0,0,0,0,2,1,6,2,40,7,-1,-1,-1,-1,1,-1
201514K122015,2,9,0,11,0,8,0,0,0,0,1,1,6,2,30,6,2488,1,7,-1,1,-1
201514K122115,1,8,0,18,0,6,5,0,0,0,1,1,1,1,56,9,-1,-1,-1,-1,1,-1
201514K122115,2,9,0,18,0,8,0,0,0,0,3,1,6,3,-1,-1,-1,-1,-1,-1,-1,-1
201514K122215,1,19,0,18,0,8,0,0,0,0,2,1,6,1,37,7,-1,-1,-1,-1,1,-1
201514K122215,2,9,0,18,0,8,0,0,0,0,1,1,6,1,26,6,1242,1,13,-1,1,-1
201514K122215,3,9,0,18,0,1,0,0,0,0,1,1,6,2,40,7,1598,2,3,-1,1,-1
201514K122615,1,9,0,18,0,8,1,0,0,0,4,1,6,1,21,5,1598,1,14,-1,1,-1
201514K122615,2,19,0,18,0,8,0,0,0,0,1,1,1,1,25,5,2402,2,12,-1,1,-1
201514K122715,1,4,0,18,0,0,1,0,0,0,1,1,6,1,16,4,-1,-1,-1,-1,1,-1
201514K122715,2,9,0,18,0,0,0,0,0,0,4,1,6,3,-1,-1,1199,1,13,-1,-1,-1
201514K123315,1,9,0,18,0,0,5,4,0,0,1,1,6,2,35,6,1968,2,8,-1,1,-1
201514K123315,2,9,0,2,0,0,0,0,0,0,2,1,6,2,66,10,1997,1,11,-1,1,-1
201514K123415,1,4,0,18,9,8,0,0,0,0,3,1,6,1,52,8,278,1,-1,-1,1,-1
201514K123415,2,9,0,7,0,5,0,0,0,0,1,1,6,1,23,5,1598,1,9,-1,1,-1
201514K123615,1,19,0,3,0,1,0,0,0,0,1,1,1,1,27,6,2148,2,9,-1,1,-1
201514K123615,2,9,0,10,0,1,0,0,0,0,2,1,6,1,26,6,1968,2,2,-1,1,-1
201514K124015,1,9,0,18,0,4,0,0,0,0,1,1,6,2,38,7,1796,1,2,-1,1,-1
201514K124015,2,1,0,18,0,8,0,0,0,0,2,1,6,1,34,6,-1,-1,-1,-1,1,-1
201514K124215,1,9,0,4,0,1,0,0,0,0,1,1,6,2,24,5,1896,2,11,-1,1,-1