Accident_Index,Vehicle_Reference,Vehicle_Type,Towing_and_Articulation,Vehicle_Manoeuvre,Vehicle_Location-Restricted_Lane,Junction_Location,Skidding_and_Overturning,Hit_Object_in_Carriageway,Vehicle_Leaving_Carriageway,Hit_Object_off_Carriageway,1st_Point_of_Impact,Was_Vehicle_Left_Hand_Drive?,Journey_Purpose_of_Driver,Sex_of_Driver,Age_of_Driver,Age_Band_of_Driver,Engine_Capacity_(CC),Propulsion_Code,Age_of_Vehicle,Driver_IMD_Decile,Driver_Home_Area_Type,Vehicle_IMD_Decile
201514K124415,1,9,0,4,0,1,0,0,0,0,1,1,6,1,21,5,998,1,16,-1,1,-1
201514K124415,2,9,0,4,0,1,0,0,0,0,1,1,6,2,58,9,1595,1,2,-1,1,-1
201514K124415,3,9,0,4,0,1,0,0,0,0,2,1,6,2,60,9,-1,-1,-1,-1,1,-1
201514K125415,1,9,0,18,0,8,0,0,0,0,1,1,2,2,29,6,1997,2,8,-1,1,-1
201514K125415,2,19,0,9,0,5,0,0,0,0,1,1,1,1,59,9,1298,1,11,-1,1,-1
201514K126115,1,9,0,18,0,4,0,0,0,0,1,1,6,1,68,10,1753,2,13,-1,1,-1
201514K126115,2,2,0,9,0,8,0,0,0,0,2,1,6,1,17,4,49,1,23,-1,1,-1
201514K126415,1,9,0,18,0,0,1,10,3,4,1,1,2,2,21,5,999,1,5,-1,1,-1
201514K126515,1,9,0,18,0,0,0,0,0,0,1,1,6,3,-1,-1,-1,-1,-1,-1,1,-1
201514K126615,1,9,0,1,0,0,0,0,0,0,2,1,6,1,27,6,998,1,16,-1,1,-1
201514K126715,1,21,0,18,0,0,1,0,0,0,1,1,1,1,25,5,11705,2,9,-1,1,-1
201514K126715,2,9,0,3,0,0,0,0,0,0,2,1,2,2,50,8,1229,1,6,-1,1,-1
201514K127915,1,1,0,18,0,8,0,0,0,0,3,1,6,1,29,6,-1,-1,-1,-1,1,-1
201514K127915,2,9,0,9,0,8,0,0,0,0,1,1,6,1,28,6,1998,2,7,-1,1,-1
201514K128115,1,9,0,17,0,0,1,10,2,3,4,1,6,1,18,4,1590,1,11,-1,1,-1
201514K128215,1,9,0,4,0,3,0,0,0,0,2,1,6,1,20,4,1197,1,1,-1,1,-1
201514K128215,2,9,0,4,0,3,0,0,0,0,2,1,6,1,39,7,1968,2,1,-1,1,-1
201514K128215,3,9,0,4,0,3,0,0,0,0,1,1,6,1,21,5,-1,-1,-1,-1,2,-1
201514K128515,1,9,0,18,0,0,0,0,0,0,4,1,6,2,40,7,1896,2,15,-1,1,-1
201514K128515,2,9,0,18,0,0,0,0,0,0,3,1,6,3,-1,-1,-1,-1,-1,-1,-1,-1
201514K128915,1,9,0,2,0,0,0,0,0,0,1,1,6,1,56,9,1598,1,9,-1,1,-1
201514K128915,2,9,0,1,0,0,0,0,0,0,2,1,6,3,-1,-1,-1,-1,-1,-1,-1,-1
201514K129115,1,9,0,18,2,8,0,0,0,0,1,1,6,1,41,7,1905,2,18,-1,3,-1
201514K129115,2,5,0,18,0,8,0,0,0,0,3,1,6,2,31,6,659,1,6,-1,1,-1
201514K129115,3,9,0,18,0,8,0,0,0,0,3,1,6,1,50,8,1997,1,12,-1,1,-1
201514K129215,1,9,0,2,0,0,0,0,0,0,2,1,6,2,24,5,1598,1,13,-1,1,-1
201514K129215,2,9,0,1,0,0,0,0,0,0,2,1,6,3,-1,-1,-1,-1,-1,-1,-1,-1
201514K129415,1,9,0,18,0,2,0,0,0,0,3,1,6,1,68,10,1997,2,6,-1,1,-1
201514K129715,1,11,0,5,0,1,0,0,0,0,1,1,1,1,62,9,3900,2,9,-1,1,-1
201514K129715,2,9,0,18,0,2,0,0,0,0,0,1,6,2,60,9,1968,2,6,-1,1,-1
201514K130115,1,19,0,15,0,1,5,0,0,0,3,1,2,1,49,8,2198,2,7,-1,1,-1
201514K130115,2,9,0,9,0,8,0,0,0,0,4,1,6,1,58,9,1398,1,4,-1,1,-1
201514K130115,3,9,0,18,0,1,0,0,0,0,3,1,6,2,59,9,1598,1,9,-1,1,-1
201514K130215,1,9,0,9,0,6,0,0,0,0,0,1,6,1,79,11,1596,1,9,-1,1,-1
201514K130215,2,9,0,18,0,1,1,7,0,0,1,1,6,2,20,4,1299,1,11,-1,1,-1
201514K130315,1,9,0,18,0,0,0,0,0,0,1,1,6,1,58,9,1950,2,15,-1,1,-1
201514K130415,1,9,0,18,0,0,0,0,0,0,1,1,6,1,31,6,1328,1,13,-1,1,-1
201514K130815,1,11,0,3,0,8,0,0,0,0,0,1,1,1,24,5,4461,2,2,-1,1,-1
201514K130915,1,9,0,18,0,1,0,0,0,0,1,1,6,2,51,8,2996,1,3,-1,1,-1
201514K130915,2,9,0,2,0,1,0,0,0,0,3,1,6,2,25,5,998,1,10,-1,1,-1
201514K130915,3,9,0,2,0,1,0,0,0,0,2,1,6,2,54,8,1794,1,14,-1,1,-1
201514K131215,1,9,0,9,0,6,0,0,0,0,3,1,6,1,43,7,1870,2,10,-1,1,-1
201514K131215,2,9,0,18,0,8,0,0,0,0,1,1,6,1,56,9,1990,1,12,-1,1,-1
201514K131415,1,9,0,9,0,8,0,0,0,0,3,1,6,1,24,5,1598,1,9,-1,1,-1
201514K131415,2,9,0,18,0,8,0,0,0,0,1,1,6,1,48,8,1968,2,7,-1,1,-1
201514K131915,1,9,0,18,0,6,0,0,0,0,1,1,2,1,39,7,1499,8,-1,-1,1,-1
201514K131915,2,9,0,18,0,8,0,0,0,0,1,1,1,2,52,8,1242,1,2,-1,1,-1
201514K132115,1,9,0,3,0,2,0,0,0,0,2,1,1,1,37,7,1598,1,10,-1,2,-1
201514K132115,2,1,0,18,0,2,0,0,0,0,4,1,1,1,25,5,-1,-1,-1,-1,1,-1
201514K132215,1,8,0,3,1,1,0,0,0,0,2,1,1,3,-1,-1,1997,2,11,-1,1,-1
201514K132215,2,8,0,18,1,1,0,0,0,0,1,1,1,3,-1,-1,2664,2,14,-1,1,-1
201514K132415,1,9,0,17,0,2,0,0,0,0,1,1,6,2,34,6,1997,2,11,-1,1,-1
201514K132515,1,9,0,7,0,1,0,0,0,0,0,1,6,1,22,5,1968,2,-1,-1,1,-1
201514K132915,1,9,0,18,0,1,0,0,0,0,1,1,6,3,-1,-1,-1,-1,-1,-1,1,-1
201514K133115,1,4,0,18,0,0,1,0,0,0,4,1,1,1,26,6,398,1,10,-1,1,-1
201514K133115,2,9,0,3,0,0,0,0,0,0,3,1,6,1,51,8,1968,2,2,-1,1,-1
201514K133215,1,9,0,3,0,1,0,0,0,0,2,1,6,1,39,7,2231,2,10,-1,1,-1
201514K133215,2,9,0,4,0,1,1,0,0,0,1,1,6,2,43,7,1910,2,10,-1,1,-1
201514K133415,1,21,0,18,0,0,0,0,7,10,1,1,1,1,48,8,3920,2,2,-1,1,-1
201514K133415,2,9,0,18,0,0,0,0,0,0,1,1,2,2,24,5,1560,2,7,-1,1,-1
201514K133515,1,9,0,18,0,4,1,0,0,0,3,1,1,2,46,8,1997,2,6,-1,1,-1
201514K133515,2,1,0,18,0,8,1,0,0,0,1,1,1,1,46,8,-1,-1,-1,-1,1,-1
201514K133715,1,9,0,3,0,0,0,0,0,0,1,1,1,1,44,7,1461,2,8,-1,1,-1
201514K133715,2,9,0,4,0,0,1,0,0,0,2,1,6,1,-1,-1,1596,1,14,-1,1,-1
201514K133815,1,9,0,5,0,6,0,0,0,0,1,1,6,1,22,5,1368,1,4,-1,1,-1
201514K133815,2,9,0,16,0,1,0,0,0,0,1,1,6,1,60,9,1199,1,14,-1,1,-1
201514K134315,1,9,0,2,0,0,0,0,0,0,2,1,6,1,48,8,1686,2,14,-1,1,-1
201514K134315,2,9,0,18,0,0,0,0,0,0,1,1,6,2,59,9,1598,1,3,-1,1,-1
201514K134615,1,9,0,18,0,8,0,0,0,0,1,1,6,1,27,6,1598,1,12,-1,1,-1
201514K134615,2,9,0,9,0,6,0,0,0,0,1,1,6,1,44,7,1984,1,7,-1,3,-1
201514K134715,1,9,0,18,0,0,0,0,0,0,1,1,6,1,28,6,1995,2,8,-1,1,-1
201514K134715,2,9,0,3,0,0,0,0,0,0,2,1,1,2,27,6,-1,-1,-1,-1,1,-1
201514K135015,1,9,0,18,0,0,0,10,0,0,1,1,6,2,78,11,1910,2,13,-1,1,-1
201514K135115,1,9,0,5,0,0,0,0,0,0,1,1,6,2,49,8,1198,1,3,-1,1,-1
201514K135215,1,9,0,9,0,5,0,0,0,0,1,1,6,1,36,7,1360,1,11,-1,1,-1
201514K135215,2,4,0,18,0,1,0,0,7,0,1,1,6,1,60,9,200,1,-1,-1,1,-1
201514K135715,1,1,0,18,0,8,0,0,0,0,4,1,6,1,27,6,-1,-1,-1,-1,1,-1
201514K135715,2,9,0,7,0,6,0,0,0,0,3,1,6,2,62,9,1598,1,2,-1,1,-1
201514K136715,1,9,0,12,0,0,0,0,0,0,1,1,6,3,-1,-1,-1,-1,-1,-1,-1,-1
201514K136715,2,9,0,18,0,0,0,0,0,0,1,1,6,1,37,7,1686,2,14,-1,1,-1
201514K136915,1,9,0,18,0,0,0,0,0,0,2,1,6,1,44,7,-1,-1,-1,-1,1,-1
201514K136915,2,9,0,18,0,0,0,0,0,0,2,1,6,1,45,7,1968,2,6,-1,1,-1
201514K136915,3,9,0,18,0,0,0,0,0,0,2,1,6,1,26,6,1896,2,13,-1,1,-1
201514K136915,4,9,0,18,0,0,0,0,0,0,1,1,6,2,51,8,1596,1,3,-1,1,-1
201514K136915,5,9,0,18,0,0,0,0,0,0,1,1,6,1,47,8,1598,1,15,-1,3,-1
201514K137115,1,9,0,18,0,1,0,0,0,0,4,1,6,2,36,7,1997,2,7,-1,1,-1
201514K137415,1,9,0,1,0,2,0,0,0,0,2,1,6,2,26,6,1198,1,8,-1,1,-1
201514K137515,1,1,0,18,0,1,0,0,0,0,1,1,2,1,33,6,-1,-1,-1,-1,1,-1
201514K137515,2,9,0,7,0,5,0,0,0,0,4,1,6,1,24,5,-1,-1,-1,-1,1,-1
201514K138015,1,9,0,18,0,2,0,0,8,4,1,1,6,1,79,11,1599,1,9,-1,1,-1
201514K138415,1,1,0,18,0,1,0,0,0,0,1,1,6,2,33,6,-1,-1,-1,-1,1,-1
201514K138415,2,9,0,6,0,8,0,0,0,0,1,1,6,3,-1,-1,-1,-1,-1,-1,-1,-1
201514K138515,1,9,0,4,0,0,0,0,0,0,2,1,6,2,35,6,1794,1,9,-1,1,-1
201514K138515,2,9,0,5,0,0,0,0,0,0,1,1,6,3,-1,-1,-1,-1,-1,-1,-1,-1
201514K138615,1,9,0,18,0,1,0,0,0,0,1,1,6,1,80,11,796,1,6,-1,1,-1
201514K138615,2,9,0,18,0,2,0,0,0,0,1,1,6,1,25,5,1870,2,13,-1,1,-1
201514K138815,1,9,0,18,0,1,0,0,0,0,1,1,6,1,59,9,1598,1,11,-1,1,-1
201514K138815,2,9,0,1,0,1,0,0,0,0,2,1,6,1,32,6,3950,1,20,-1,1,-1
201514K139115,1,9,0,18,0,0,0,0,0,0,1,1,6,2,29,6,1390,1,14,-1,1,-1
201514K139315,1,11,0,4,0,0,0,0,0,0,4,1,6,1,43,7,9000,2,5,-1,1,-1
201514K139615,1,9,0,18,0,3,0,0,0,0,4,1,2,2,18,4,998,1,8,-1,1,-1
201514K139615,2,9,0,18,0,3,0,0,0,0,1,1,6,1,25,5,1560,2,5,-1,2,-1
201514K140115,1,9,0,17,0,0,0,0,0,0,1,1,6,2,17,4,1360,1,6,-1,1,-1
201514K140415,1,2,0,18,0,0,1,10,1,10,1,1,6,2,25,5,-1,-1,-1,-1,1,-1
201514K140715,1,9,0,5,0,4,1,9,0,10,4,1,6,1,59,9,1332,1,17,-1,1,-1
201514K140715,2,9,0,5,0,4,0,0,0,0,4,1,6,2,49,8,1590,1,16,-1,1,-1
201514K141615,1,9,0,18,0,8,1,7,1,7,1,1,2,1,27,6,1900,2,9,-1,1,-1
201514K141615,2,9,0,18,0,8,0,0,0,0,2,1,1,1,37,7,-1,-1,-1,-1,1,-1
201514K142415,1,9,0,18,0,2,0,0,0,0,1,1,6,1,23,5,1686,2,3,-1,1,-1
201514K142415,2,9,0,18,0,1,0,0,0,0,1,1,6,1,47,8,1596,1,4,-1,1,-1
201514K142515,1,9,0,5,0,2,0,0,0,0,3,1,6,2,23,5,998,1,24,-1,1,-1
201514K142515,2,9,0,18,0,2,0,0,0,0,4,1,6,1,58,9,4966,1,12,-1,1,-1
201514K142515,3,9,0,2,0,2,0,0,0,0,3,1,6,2,20,4,1397,1,7,-1,3,-1
201514K142515,4,9,0,2,0,2,0,0,0,0,1,1,6,2,21,5,1364,1,8,-1,2,-1
201514K142815,1,9,0,14,0,0,0,0,0,0,2,1,6,2,27,6,1390,1,9,-1,1,-1
201514K143615,1,9,0,18,0,0,0,0,0,0,1,1,6,2,31,6,1388,1,8,-1,1,-1
201514K143615,2,9,0,2,0,0,0,0,0,0,2,1,6,1,32,6,1686,2,13,-1,1,-1
201514K143915,1,9,0,5,0,6,0,0,0,0,1,1,6,2,27,6,1598,1,1,-1,1,-1
201514K143915,2,9,0,18,0,8,0,0,0,0,4,1,6,1,27,6,1896,2,7,-1,1,-1
201514K144115,1,9,0,17,0,2,0,0,1,0,1,1,4,2,35,6,1598,1,10,-1,1,-1
201514K144415,1,9,0,18,0,2,0,0,0,0,4,1,6,1,28,6,1968,2,-1,-1,1,-1
201514K145115,1,3,0,18,0,8,0,0,0,0,4,1,6,1,30,6,124,1,12,-1,1,-1
201514K145115,2,9,0,9,0,6,0,0,0,0,1,1,6,1,25,5,1229,1,6,-1,1,-1
201514K145315,1,9,0,18,0,8,0,0,0,0,1,1,1,1,52,8,-1,-1,-1,-1,1,-1
201514K145315,2,9,0,6,0,6,0,0,0,0,1,1,6,1,22,5,-1,-1,-1,-1,1,-1
201514K145515,1,9,0,18,0,1,0,0,0,0,1,1,2,2,19,4,1397,1,8,-1,1,-1
201514K145615,1,9,0,16,0,1,1,0,7,4,1,1,6,1,22,5,1896,2,11,-1,1,-1
201514K145615,2,9,0,16,0,1,0,0,0,0,1,1,6,3,-1,-1,-1,-1,-1,-1,-1,-1
201514K145715,1,11,0,18,0,8,0,0,0,0,0,1,1,1,30,6,9000,2,5,-1,1,-1
201514K146115,1,9,0,18,0,2,0,0,0,0,4,1,6,2,41,7,1598,1,6,-1,1,-1
201514K146115,2,1,0,18,0,2,0,0,0,0,4,1,6,1,64,9,-1,-1,-1,-1,3,-1
201514K147615,1,9,0,1,0,1,0,0,0,0,0,1,6,1,34,6,2996,1,5,-1,1,-1
201514K147715,1,9,0,18,0,1,1,0,0,0,1,1,6,2,48,8,1997,1,15,-1,1,-1
201514K147715,2,9,0,7,0,6,1,0,0,0,4,1,6,1,60,9,1248,1,-1,-1,1,-1
201514K147715,3,19,0,18,0,1,1,0,0,0,1,1,1,1,36,7,2402,2,5,-1,1,-1
201514K147915,1,9,0,9,0,6,0,0,0,0,1,1,6,3,-1,-1,1997,2,12,-1,-1,-1
201514K147915,2,9,0,18,0,8,0,0,0,0,3,1,6,1,33,6,1956,2,5,-1,1,-1
201514K147915,3,9,0,18,0,8,0,0,0,0,3,1,6,1,21,5,1995,2,4,-1,1,-1
201514K148315,1,9,0,18,0,1,0,0,0,0,1,1,6,1,20,4,1242,1,7,-1,1,-1
201514K148315,2,9,0,9,0,6,0,0,0,0,4,1,6,2,47,8,1299,1,7,-1,1,-1
201514K149615,1,9,0,18,0,0,0,0,0,0,4,1,6,1,72,10,1329,1,6,-1,1,-1
201514K149815,1,1,0,18,0,1,0,0,0,0,4,1,6,1,66,10,-1,-1,-1,-1,1,-1
201514K149815,2,9,0,9,0,6,0,0,0,0,1,1,6,2,77,11,-1,-1,-1,-1,1,-1
201514K149915,1,9,0,18,0,1,0,0,0,0,1,1,6,1,70,10,1995,2,13,-1,1,-1
201514K150215,1,9,0,9,0,5,0,0,0,0,1,1,6,2,47,8,1997,2,14,-1,1,-1
201514K150215,2,9,0,18,0,8,0,0,0,0,1,1,6,1,27,6,1995,2,5,-1,1,-1
201514K150315,1,9,0,18,0,0,0,0,1,0,1,1,6,1,20,4,998,1,11,-1,1,-1
201514K150315,2,9,0,18,0,0,0,0,7,0,1,1,6,1,52,8,1124,1,14,-1,1,-1
201514K150415,1,9,0,2,0,2,0,0,0,0,1,1,1,1,53,8,-1,-1,-1,-1,1,-1
201514K150415,2,9,0,1,0,2,0,0,0,0,2,1,6,3,-1,-1,1560,2,1,-1,-1,-1
201514K150715,1,9,0,4,0,0,0,0,0,0,4,1,2,2,49,8,1398,2,6,-1,1,-1
201514K151115,1,9,0,9,0,8,0,0,0,0,1,1,6,2,47,8,1560,2,-1,-1,1,-1
201514K151115,2,9,0,18,0,8,0,0,0,0,1,1,6,1,46,8,1956,2,6,-1,1,-1
201514K151415,1,11,0,4,0,0,0,0,0,0,0,1,1,1,41,7,4500,2,4,-1,1,-1
201514K151715,1,9,0,18,0,3,0,0,1,10,1,1,6,1,68,10,1686,2,4,-1,1,-1
201514K151915,1,9,0,18,0,8,0,0,0,0,1,1,6,1,19,4,1229,1,8,-1,1,-1
201514K151915,2,21,0,18,0,8,0,0,0,0,4,1,1,1,55,8,3920,2,8,-1,1,-1
201514K151915,3,9,0,18,0,1,0,0,0,0,0,1,1,1,30,6,-1,-1,-1,-1,1,-1
201514K152115,1,3,0,16,0,0,0,10,1,0,1,1,6,1,17,4,125,1,11,-1,1,-1
201514K152115,2,9,0,17,0,0,0,0,0,0,1,1,6,3,-1,-1,-1,-1,-1,-1,-1,-1
201514K152215,1,9,0,18,0,1,0,4,0,0,1,1,6,1,-1,-1,-1,-1,-1,-1,-1,-1
201514K152215,2,9,0,2,0,1,0,0,0,0,2,1,6,2,56,9,998,1,9,-1,1,-1
201514K152715,1,9,0,9,0,6,5,0,0,0,3,1,6,2,44,7,1998,1,18,-1,3,-1
201514K152715,2,9,0,2,0,2,0,0,0,0,3,1,6,1,31,6,1910,2,7,-1,1,-1
201514K152815,1,9,0,18,0,1,0,0,0,0,1,1,6,3,-1,-1,2500,1,43,-1,1,-1
201514K152915,1,9,0,3,0,0,0,0,0,0,2,1,6,2,44,7,1995,2,11,-1,1,-1
201514K152915,2,9,0,5,0,0,0,0,0,0,1,1,6,3,-1,-1,998,1,15,-1,1,-1
201514K153415,1,9,0,8,0,1,0,0,0,0,2,1,3,2,36,7,1968,2,5,-1,1,-1
201514K153415,2,9,0,8,0,1,0,0,0,0,1,1,6,1,35,6,1896,2,15,-1,1,-1
201514K154115,1,9,0,18,0,8,0,0,0,0,4,1,6,1,33,6,-1,-1,-1,-1,1,-1
201514K154115,2,9,0,9,0,6,0,0,0,0,1,1,6,1,33,6,1796,1,10,-1,1,-1
201514K154415,1,9,0,5,0,1,0,0,0,0,1,1,6,1,26,6,2295,1,17,-1,1,-1
201514K155615,1,9,0,16,0,3,2,10,5,6,1,1,2,1,31,6,1905,2,18,-1,1,-1
201514K156115,1,9,0,7,0,5,0,0,0,0,2,1,6,1,18,4,998,1,15,-1,1,-1
201514K156115,2,9,0,7,0,5,0,0,0,0,1,1,6,3,-1,-1,1248,2,7,-1,-1,-1
201514K156315,1,9,0,18,0,0,0,0,0,0,1,1,6,1,76,11,1329,1,4,-1,1,-1
201514K156315,2,9,0,2,0,0,0,0,0,0,1,1,6,2,57,9,1328,1,8,-1,1,-1
201514K156815,1,8,0,3,0,2,0,0,0,0,4,1,1,1,-1,-1,1582,2,5,-1,1,-1
201514K156815,2,1,0,18,0,2,0,8,0,0,1,1,6,1,40,7,-1,-1,-1,-1,1,-1
201514K157015,1,9,0,11,0,1,0,0,0,0,1,1,1,2,26,6,1398,1,5,-1,1,-1
201514K157015,2,9,0,3,0,1,0,0,0,0,2,1,1,1,27,6,1560,2,2,-1,1,-1
201514K157115,1,9,0,9,0,8,0,0,0,0,1,1,1,1,48,8,1896,2,12,-1,1,-1
201514K157115,2,5,0,15,0,8,1,0,0,0,2,1,1,1,28,6,696,1,7,-1,1,-1
201514K157815,1,90,0,5,0,0,0,0,0,0,1,1,6,1,36,7,359,1,4,-1,1,-1
201514K157915,1,9,0,18,0,1,0,0,0,0,1,1,6,1,43,7,1797,8,-1,-1,1,-1
201514K158415,1,9,0,18,0,0,0,0,1,1,1,1,1,1,62,9,1997,2,13,-1,1,-1
201514K158615,1,9,0,3,0,8,0,0,0,0,2,1,6,2,21,5,1296,1,9,-1,1,-1
201514K158615,2,9,0,3,0,8,0,0,0,0,2,1,6,1,55,8,1998,2,10,-1,1,-1
201514K158615,3,9,0,18,0,8,0,0,0,0,1,1,6,1,19,4,1364,2,1,-1,1,-1
201514K158815,1,9,0,17,0,2,0,0,0,0,3,1,6,2,58,9,1229,1,4,-1,1,-1
201514K158815,2,9,0,16,0,1,0,0,0,0,3,1,6,3,-1,-1,-1,-1,-1,-1,-1,-1
201514K159115,1,9,0,18,0,8,0,0,0,0,4,1,1,1,25,5,1896,2,8,-1,1,-1
201514K159215,1,21,1,18,0,8,0,0,0,0,1,1,1,1,60,9,11967,2,3,-1,1,-1
201514K159215,2,9,0,18,0,5,0,0,0,0,4,1,6,2,29,6,1968,2,8,-1,1,-1
201514K159515,1,9,0,9,0,6,0,0,0,0,3,1,6,1,52,8,1998,1,13,-1,1,-1
201514K159515,2,5,0,18,0,1,1,0,0,0,1,1,2,1,25,5,649,1,6,-1,1,-1
201514K159615,1,9,0,9,0,5,0,0,0,0,4,1,1,1,42,7,-1,-1,-1,-1,1,-1
201514K159615,2,9,0,18,0,1,0,0,1,0,1,1,6,1,23,5,1956,2,-1,-1,1,-1
201514K159715,1,9,0,12,0,0,0,0,0,0,0,1,6,1,28,6,1560,2,8,-1,1,-1
201514K159715,2,9,0,16,0,0,1,0,2,7,1,1,6,2,26,6,1461,2,11,-1,2,-1
201514K159815,1,5,0,18,0,8,0,0,0,0,4,1,1,1,30,6,749,1,19,-1,1,-1
201514K159815,2,9,0,9,0,8,0,0,0,0,3,1,1,1,28,6,1560,2,8,-1,1,-1
201514K160515,1,9,0,9,0,2,0,0,0,0,3,1,1,1,61,9,-1,-1,-1,-1,1,-1
201514K160515,2,1,0,15,4,1,0,0,0,0,1,1,2,1,41,7,-1,-1,-1,-1,1,-1
201514K160815,1,9,0,9,1,5,0,0,0,0,4,1,2,2,58,9,1364,1,7,-1,1,-1
201514K160815,2,1,0,18,1,8,0,0,0,0,1,1,2,1,42,7,-1,-1,-1,-1,1,-1
201514K161515,1,9,0,18,0,1,0,0,0,0,1,1,6,2,34,6,1364,2,9,-1,1,-1
201514K161715,1,9,0,18,0,0,0,0,0,0,1,1,2,1,23,5,1242,1,14,-1,1,-1
201514K161915,1,9,0,3,0,1,0,0,0,0,2,1,6,2,19,4,1199,1,11,-1,1,-1
201514K161915,2,9,0,18,0,1,0,0,0,0,1,1,6,1,30,6,1124,1,12,-1,1,-1
201514K162015,1,9,0,18,0,0,0,0,0,0,4,1,6,1,74,10,1360,1,9,-1,1,-1
201514K162315,1,9,0,18,0,8,0,0,1,0,4,1,6,1,21,5,1598,1,6,-1,1,-1
201514K162315,2,9,0,7,0,8,0,0,0,0,3,1,6,1,30,6,1364,2,7,-1,1,-1
201514K162415,1,9,0,18,0,2,0,0,0,0,4,1,3,2,43,7,1590,1,11,-1,1,-1
201514K162815,1,9,0,3,0,0,0,0,0,0,2,1,6,1,34,6,1995,2,7,-1,1,-1
201514K162815,2,9,0,3,0,0,0,0,0,0,2,1,2,2,23,5,1229,1,9,-1,1,-1
201514K162815,3,9,0,3,0,0,0,0,0,0,2,1,2,1,24,5,-1,-1,-1,-1,1,-1
201514K162815,4,9,0,18,0,0,0,0,0,0,1,1,2,1,18,4,973,1,14,-1,1,-1
201514K162915,1,9,0,9,0,5,0,0,0,0,3,1,6,2,34,6,1248,1,6,-1,1,-1
201514K162915,2,9,0,18,0,8,0,0,0,0,4,1,6,2,37,7,1198,1,6,-1,1,-1
201514K163115,1,9,0,18,0,1,0,0,0,0,4,1,6,1,55,8,1560,2,3,-1,1,-1
201514K163415,1,9,0,18,0,0,0,0,0,0,1,1,6,1,72,10,1200,1,-1,-1,1,-1
201514K163515,1,9,0,18,0,1,0,4,0,0,1,1,6,1,77,11,1391,1,14,-1,1,-1
201514K163515,2,9,0,2,0,2,0,0,0,0,4,1,6,1,54,8,1956,2,3,-1,1,-1
201514K163515,3,9,0,2,0,2,0,0,0,0,1,1,6,2,51,8,1396,1,15,-1,1,-1
201514K163815,1,9,0,18,0,0,0,0,0,0,1,1,6,2,-1,-1,-1,-1,-1,-1,1,-1
201514K164215,1,3,0,4,0,0,1,0,0,0,3,1,6,1,25,5,124,1,33,-1,1,-1
201514K164215,2,9,0,3,0,0,0,0,0,0,3,1,6,1,41,7,-1,-1,-1,-1,1,-1
201514K164215,3,9,0,2,0,0,0,0,0,0,1,1,6,1,41,7,1850,1,13,-1,1,-1
201514K164715,1,9,0,9,1,1,0,0,0,0,3,1,6,2,20,4,1124,1,9,-1,1,-1
201514K164715,2,9,0,13,1,1,0,0,0,0,1,1,6,3,-1,-1,1461,2,9,-1,-1,-1
201514K164815,1,9,0,18,0,0,0,0,0,0,3,1,6,1,33,6,2993,2,4,-1,1,-1
201514K164815,2,11,0,1,0,0,0,0,0,0,3,1,1,3,-1,-1,9000,2,5,-1,-1,-1
201514K165015,1,9,0,18,0,1,0,0,0,0,1,1,6,3,-1,-1,-1,-1,-1,-1,-1,-1
201514K165015,2,9,0,3,0,1,0,0,0,0,2,1,2,1,28,6,1995,2,2,-1,1,-1
201514K165615,1,9,0,18,0,1,0,0,1,10,1,1,6,1,31,6,1124,1,13,-1,1,-1
201514K166115,1,8,0,18,2,8,0,0,0,0,1,1,1,1,26,6,1896,2,8,-1,1,-1
201514K166115,2,9,0,9,0,5,0,0,0,0,1,1,6,2,36,7,1299,1,7,-1,1,-1
201514K166615,1,11,0,4,0,0,0,0,0,0,1,1,1,1,60,9,10500,2,29,-1,1,-1
201514K166815,1,9,0,18,0,0,0,0,0,0,1,1,2,2,45,7,998,1,2,-1,1,-1
201514K167015,1,9,0,18,0,0,0,0,0,0,1,1,1,1,33,6,1956,2,6,-1,1,-1
201514K167015,2,9,0,5,0,0,0,0,0,0,1,1,6,1,25,5,998,1,15,-1,1,-1
201514K167115,1,19,0,9,0,5,0,0,0,0,1,1,1,1,51,8,2143,2,1,-1,1,-1
201514K167115,2,1,0,18,2,8,0,0,0,0,1,1,2,1,37,7,-1,-1,-1,-1,1,-1
201514K167315,1,90,0,3,0,1,0,0,0,0,2,1,1,1,62,9,2198,2,2,-1,3,-1
201514K167315,2,9,0,3,0,1,0,0,0,0,2,1,2,2,21,5,1997,1,11,-1,1,-1
201514K167315,3,9,0,4,0,1,0,0,0,0,1,1,2,1,36,7,1995,2,12,-1,1,-1
201514K167415,1,5,0,18,0,8,0,0,0,0,1,1,6,1,34,6,1255,1,1,-1,1,-1
201514K167415,2,9,0,9,0,5,0,0,0,0,1,1,6,2,44,7,998,1,8,-1,2,-1
201514K167615,1,9,0,5,0,4,0,0,0,0,3,1,6,1,41,7,1995,1,4,-1,1,-1
201514K167615,2,1,0,18,0,8,0,0,0,0,1,1,6,1,47,8,-1,-1,-1,-1,1,-1
201514K168015,1,9,0,5,0,6,0,0,0,0,4,1,6,1,85,11,1560,2,7,-1,1,-1
201514K168015,2,5,0,18,0,1,1,0,0,0,1,1,6,1,26,6,599,1,16,-1,1,-1