Accident_Index,Vehicle_Reference,Vehicle_Type,Towing_and_Articulation,Vehicle_Manoeuvre,Vehicle_Location-Restricted_Lane,Junction_Location,Skidding_and_Overturning,Hit_Object_in_Carriageway,Vehicle_Leaving_Carriageway,Hit_Object_off_Carriageway,1st_Point_of_Impact,Was_Vehicle_Left_Hand_Drive?,Journey_Purpose_of_Driver,Sex_of_Driver,Age_of_Driver,Age_Band_of_Driver,Engine_Capacity_(CC),Propulsion_Code,Age_of_Vehicle,Driver_IMD_Decile,Driver_Home_Area_Type,Vehicle_IMD_Decile
201514K241415,1,9,0,18,0,2,0,0,0,0,1,1,6,1,87,11,1396,1,1,-1,1,-1
201514K241515,1,9,0,18,0,8,0,0,0,0,1,1,6,1,36,7,1596,1,10,-1,1,-1
201514K241515,2,90,0,18,0,8,0,0,0,0,1,1,1,2,25,5,2987,2,-1,-1,1,-1
201514K241715,1,9,0,18,0,8,0,0,1,9,1,1,2,1,19,4,1149,1,12,-1,1,-1
201514K241715,2,9,0,9,0,8,0,0,0,0,1,1,2,1,20,4,973,1,14,-1,1,-1
201514K241815,1,9,0,9,0,5,0,0,0,0,3,1,2,1,41,7,1968,2,3,-1,1,-1
201514K241815,2,9,0,14,0,1,0,0,0,0,1,1,6,3,-1,-1,1910,2,10,-1,-1,-1
201514K242215,1,9,0,18,0,0,0,0,1,4,0,1,6,1,28,6,1396,1,10,-1,1,-1
201514K243315,1,9,0,1,0,6,0,0,0,0,2,1,6,3,-1,-1,-1,-1,-1,-1,1,-1
201514K244315,1,1,0,18,0,8,0,0,0,0,1,1,6,1,19,4,-1,-1,-1,-1,1,-1
201514K244315,2,9,0,18,0,6,0,0,0,0,3,1,6,1,61,9,1242,1,3,-1,1,-1
201514K244615,1,9,0,9,0,5,0,0,0,0,1,1,1,1,31,6,1797,8,1,-1,1,-1
201514K244615,2,9,0,9,0,6,0,0,0,0,1,1,6,2,22,5,1242,1,2,-1,-1,-1
201514K244815,1,21,0,11,0,0,0,0,0,0,1,1,1,1,53,8,12900,2,3,-1,1,-1
201514K244815,2,9,0,18,0,0,0,0,0,0,3,1,6,1,54,8,1968,2,2,-1,1,-1
201514K244915,1,9,0,4,2,0,0,0,0,0,2,1,6,2,27,6,1200,1,-1,-1,3,-1
201514K244915,2,1,0,18,4,0,1,0,0,0,1,1,6,1,29,6,-1,-1,-1,-1,1,-1
201514K245215,1,9,0,10,0,1,0,0,0,0,2,1,6,2,48,8,1368,1,5,-1,1,-1
201514K245215,2,9,0,18,0,1,0,0,0,0,1,1,6,3,-1,-1,-1,-1,-1,-1,-1,-1
201514K245415,1,9,0,18,0,0,0,10,1,0,1,1,6,1,34,6,3199,1,12,-1,1,-1
201514K245415,2,9,0,2,0,0,0,10,1,0,2,1,6,2,34,6,1198,1,6,-1,1,-1
201514K245415,3,9,0,2,0,0,0,10,1,0,2,1,6,1,42,7,1332,1,18,-1,1,-1
201514K245415,4,9,0,2,0,0,0,10,1,0,2,1,6,2,31,6,1699,1,6,-1,1,-1
201514K245515,1,11,0,5,0,0,0,0,0,0,3,1,1,1,27,6,9000,2,5,-1,1,-1
201514K245615,1,9,0,4,0,2,0,0,0,0,2,1,6,1,50,8,2495,1,14,-1,1,-1
201514K246015,1,11,0,2,0,0,0,0,0,0,2,1,1,2,61,9,-1,-1,-1,-1,1,-1
201514K246015,2,20,0,18,0,0,0,4,0,0,1,1,1,1,40,7,4249,2,2,-1,1,-1
201514K246215,1,1,0,18,0,8,0,0,0,0,1,1,2,1,25,5,-1,-1,-1,-1,1,-1
201514K246215,2,19,0,18,0,6,0,0,0,0,1,1,6,1,27,6,1753,2,11,-1,-1,-1
201514K246515,1,11,0,18,0,2,0,0,0,0,4,1,1,1,35,6,6871,2,8,-1,1,-1
201514K247015,1,9,0,18,0,0,0,0,0,0,1,1,6,3,-1,-1,-1,-1,-1,-1,1,-1
201514K247415,1,9,0,18,0,1,0,0,0,0,1,1,6,1,44,7,1198,1,10,-1,1,-1
201514K247415,2,9,0,9,0,5,0,0,0,0,1,1,6,3,-1,-1,1598,1,14,-1,-1,-1
201514K247615,1,9,0,18,0,3,0,0,0,0,1,1,6,2,30,6,1198,1,1,-1,1,-1
201514K247615,2,9,0,18,0,3,0,0,0,0,1,1,6,1,48,8,-1,-1,-1,-1,1,-1
201514K248615,1,9,0,9,0,6,0,0,0,0,4,1,1,1,35,6,-1,-1,-1,-1,1,-1
201514K248615,2,5,0,18,0,8,1,0,0,0,1,1,6,1,24,5,988,1,10,-1,1,-1
201514K248915,1,9,0,3,0,8,0,0,0,0,2,1,6,2,41,7,1998,1,10,-1,1,-1
201514K248915,2,9,0,18,0,8,0,0,0,0,1,1,2,2,26,6,1339,1,4,-1,-1,-1
201514K249515,1,9,0,14,0,2,0,0,0,0,3,1,6,2,42,7,1390,1,14,-1,1,-1
201514K250415,1,4,0,16,0,0,1,0,7,10,1,1,6,1,25,5,-1,-1,-1,-1,1,-1
201514K250415,2,9,0,17,0,0,1,0,0,0,0,1,6,1,73,10,1364,1,10,-1,1,-1
201514K250815,1,9,0,18,0,0,1,0,0,0,3,1,6,1,21,5,1200,1,15,-1,1,-1
201514K250915,1,9,0,18,0,8,0,0,0,0,1,1,6,2,32,6,1299,1,7,-1,1,-1
201514K251015,1,11,0,18,0,0,0,0,0,0,1,1,1,1,49,8,10450,2,30,-1,1,-1
201514K251015,2,9,0,3,0,0,0,0,0,0,2,1,2,1,30,6,1242,1,10,-1,2,-1
201514K251015,3,9,0,3,0,0,0,0,0,0,2,1,2,2,55,8,1086,1,11,-1,1,-1
201514K251315,1,9,0,14,0,3,0,0,0,0,1,1,6,1,92,11,-1,-1,-1,-1,1,-1
201514K251315,2,9,0,5,0,4,0,0,0,0,1,1,6,2,62,9,1995,2,1,-1,1,-1
201514K251415,1,11,0,18,0,0,0,0,0,0,1,1,1,1,58,9,4461,2,1,-1,1,-1
201514K251415,2,1,0,18,0,0,0,0,0,0,1,1,6,1,43,7,-1,-1,-1,-1,1,-1
201514K251615,1,9,0,18,0,1,0,0,0,0,2,1,2,1,23,5,1199,1,1,-1,1,-1
201514K251615,2,1,0,3,0,1,0,0,0,0,1,1,6,2,43,7,-1,-1,-1,-1,1,-1
201514K251715,1,9,0,9,0,5,0,0,0,0,1,1,6,1,75,10,1242,1,8,-1,1,-1
201514K252015,1,9,0,9,0,6,0,0,0,0,3,1,6,1,29,6,1895,1,14,-1,1,-1
201514K252015,2,9,0,18,0,8,0,0,0,0,1,1,6,1,29,6,1497,1,12,-1,1,-1
201514K252215,1,9,0,5,0,8,0,0,0,0,4,1,6,2,32,6,1598,1,8,-1,1,-1
201514K252215,2,1,0,18,0,8,0,0,0,0,1,1,6,1,29,6,-1,-1,-1,-1,1,-1
201514K252315,1,9,0,18,0,0,0,0,0,0,1,1,6,2,29,6,1598,1,3,-1,1,-1
201514K252415,1,9,0,5,0,0,0,4,0,0,1,1,2,2,43,7,1598,1,6,-1,1,-1
201514K252415,2,9,0,2,0,0,0,0,0,0,2,1,6,1,67,10,1998,2,10,-1,1,-1
201514K253115,1,9,0,9,0,2,0,0,0,0,4,1,6,1,64,9,1997,2,13,-1,1,-1
201514K253115,2,9,0,18,0,1,5,0,0,0,3,1,6,1,55,8,1796,1,11,-1,2,-1
201514K253315,1,9,0,2,0,2,0,0,0,0,3,1,3,1,41,7,1968,2,10,-1,1,-1
201514K253315,2,9,0,18,0,2,0,8,0,0,3,1,6,1,87,11,1796,1,11,-1,1,-1
201514K253615,1,9,0,3,0,1,0,0,0,0,2,1,6,2,64,9,1598,1,9,-1,3,-1
201514K253615,2,19,0,4,0,1,0,0,0,0,1,1,1,1,33,6,2477,2,5,-1,2,-1
201514K253815,1,9,0,18,0,1,0,0,0,0,4,1,6,1,40,7,1984,1,9,-1,1,-1
201514K253815,2,1,0,18,0,1,0,0,0,0,1,1,6,1,33,6,-1,-1,-1,-1,1,-1
201514K253915,1,9,0,3,0,1,0,0,0,0,2,1,6,2,31,6,1796,1,1,-1,1,-1
201514K253915,2,9,0,5,0,1,0,0,0,0,1,1,6,1,21,5,1560,2,2,-1,1,-1
201514K254515,1,11,0,18,0,1,0,0,0,0,0,1,1,1,23,5,4500,2,4,-1,1,-1
201514K254515,2,9,0,9,0,6,0,0,0,0,0,1,6,3,-1,-1,-1,-1,-1,-1,-1,-1
201514K254615,1,9,0,18,0,0,0,0,0,0,1,1,6,1,30,6,-1,-1,-1,-1,1,-1
201514K254615,2,1,0,18,0,0,1,0,1,2,2,1,6,1,24,5,-1,-1,-1,-1,1,-1
201514K254915,1,9,0,16,0,2,0,0,0,0,1,1,6,1,25,5,-1,-1,-1,-1,1,-1
201514K255215,1,11,0,4,0,0,0,0,0,0,1,1,1,2,54,8,6871,2,8,-1,1,-1
201514K255515,1,9,0,9,0,6,0,0,0,0,2,1,6,2,29,6,1398,1,3,-1,1,-1
201514K255515,2,9,0,18,0,1,0,0,0,0,1,1,6,2,27,6,1968,2,5,-1,1,-1
201514K255915,1,9,0,18,0,2,0,0,0,0,4,1,6,1,69,10,1149,1,10,-1,1,-1
201514K256515,1,9,0,18,0,0,0,0,0,0,1,1,6,2,43,7,1242,1,2,-1,1,-1
201514K256615,1,9,0,18,0,1,0,0,0,0,1,1,6,3,-1,-1,1997,2,11,-1,1,-1
201514K256715,1,9,0,18,0,8,0,0,0,0,2,1,6,1,36,7,1598,2,5,-1,1,-1
201514K256715,2,9,0,18,0,6,0,0,0,0,1,1,6,3,-1,-1,-1,-1,-1,-1,-1,-1
201514K257115,1,9,0,4,0,2,5,0,8,7,1,1,6,2,20,4,1240,1,10,-1,1,-1
201514K257415,1,9,0,18,0,0,0,0,0,0,1,1,2,2,54,8,1149,1,1,-1,1,-1
201514K258215,1,11,0,2,0,1,0,0,0,0,3,1,1,1,53,8,9000,2,12,-1,1,-1
201514K258215,2,9,0,18,0,1,0,0,0,0,1,1,6,1,30,6,1360,1,15,-1,1,-1
201514K258615,1,9,0,9,0,3,0,0,0,0,2,1,6,2,22,5,1248,2,7,-1,1,-1
201514K258615,2,9,0,9,0,4,0,0,0,0,1,1,2,2,39,7,1461,2,-1,-1,1,-1
201514K258915,1,9,0,18,0,8,2,0,0,0,1,1,1,1,31,6,1896,2,13,-1,1,-1
201514K258915,2,9,0,9,0,8,0,0,0,0,4,1,1,1,37,7,1364,2,8,-1,1,-1
201514K259115,1,9,0,18,0,4,0,0,0,0,4,1,6,1,37,7,1560,2,6,-1,1,-1
201514K259115,2,5,0,18,0,4,0,0,0,0,3,1,6,1,41,7,599,1,7,-1,1,-1
201514K259315,1,1,0,18,0,8,0,0,0,0,1,1,6,1,14,3,-1,-1,-1,-1,1,-1
201514K259315,2,9,0,9,0,6,0,0,0,0,3,1,6,1,52,8,1242,1,11,-1,2,-1
201514K259815,1,9,0,3,0,3,0,0,0,0,2,1,6,2,22,5,1299,1,16,-1,1,-1
201514K259815,2,9,0,3,0,3,0,0,0,0,1,1,6,1,52,8,1598,1,10,-1,1,-1
201514K261915,1,3,0,14,0,8,0,0,0,0,1,1,6,1,21,5,125,1,-1,-1,1,-1
201514K261915,2,9,0,9,0,6,0,0,0,0,1,1,6,2,52,8,1596,1,2,-1,1,-1
201514K262015,1,8,0,9,0,8,0,0,0,0,1,1,1,3,-1,-1,-1,-1,-1,-1,1,-1
201514K262215,1,9,0,3,0,8,0,0,0,0,3,1,6,1,40,7,1299,1,13,-1,1,-1
201514K262215,2,9,0,18,0,8,0,0,0,0,1,1,6,1,38,7,-1,-1,-1,-1,1,-1
201514K262715,1,9,0,9,0,5,0,0,0,0,3,1,6,1,20,4,1364,1,8,-1,1,-1
201514K262715,2,3,0,18,0,1,0,0,0,0,1,1,6,1,19,4,-1,-1,-1,-1,1,-1
201514K262815,1,9,0,9,0,8,0,0,0,0,3,1,6,1,36,7,1360,1,9,-1,1,-1
201514K262815,2,9,0,9,0,8,0,0,0,0,1,1,6,2,25,5,1896,2,8,-1,1,-1
201514K263015,1,1,0,3,0,1,0,0,0,0,1,1,1,1,23,5,-1,-1,-1,-1,2,-1
201514K263015,2,9,0,3,0,1,0,0,0,0,2,1,6,2,22,5,998,1,3,-1,1,-1
201514K263415,1,8,0,18,0,1,0,0,0,0,1,1,1,1,30,6,-1,-1,-1,-1,1,-1
201514K263715,1,3,0,18,0,1,0,4,0,0,1,1,6,1,18,4,124,1,2,-1,1,-1
201514K263715,2,9,0,2,0,2,0,0,0,0,2,1,6,1,19,4,1984,1,10,-1,1,-1
201514K263815,1,9,0,1,0,1,0,0,0,0,2,1,6,1,52,8,1596,1,8,-1,1,-1
201514K263815,2,1,0,18,0,1,0,0,0,0,1,1,6,2,-1,-1,-1,-1,-1,-1,1,-1
201514K264115,1,19,0,4,0,0,0,0,0,0,1,1,1,1,47,8,2298,2,-1,-1,1,-1
201514K264115,2,9,0,3,0,0,0,0,0,0,2,1,6,1,33,6,1896,2,6,-1,1,-1
201514K264115,3,9,0,3,0,0,0,0,0,0,1,1,6,1,53,8,1781,1,11,-1,1,-1
201514K264215,1,1,0,18,0,2,0,0,0,0,3,1,6,1,15,3,-1,-1,-1,-1,1,-1
201514K264215,2,9,0,18,0,1,0,0,0,0,1,1,6,1,64,9,-1,-1,-1,-1,1,-1
201514K264415,1,9,0,4,0,1,0,0,0,0,1,1,6,1,29,6,1968,2,9,-1,1,-1
201514K264615,1,9,0,4,0,0,0,0,0,0,2,1,6,1,63,9,1560,2,-1,-1,1,-1
201514K264615,2,9,0,11,0,0,0,0,0,0,1,1,6,1,26,6,2198,2,10,-1,1,-1
201514K264615,3,9,0,18,0,0,0,0,0,0,1,1,6,1,18,4,1390,1,9,-1,1,-1
201514K264815,1,9,0,3,0,8,0,0,0,0,2,1,6,1,54,8,1986,2,7,-1,1,-1
201514K264815,2,9,0,18,0,8,0,0,0,0,1,1,1,1,31,6,2204,2,11,-1,1,-1
201514K264915,1,9,0,9,0,5,0,0,0,0,1,1,6,2,29,6,-1,-1,-1,-1,1,-1
201514K264915,2,3,0,3,0,8,0,0,0,0,1,1,6,1,51,8,125,1,-1,-1,1,-1
201514K265315,1,9,0,9,0,8,0,0,0,0,1,1,6,1,31,6,1390,1,12,-1,1,-1
201514K265315,2,9,0,5,0,8,0,0,0,0,1,1,6,1,20,4,1896,2,17,-1,1,-1
201514K265615,1,9,0,14,0,0,0,0,0,0,3,1,6,1,40,7,-1,-1,-1,-1,1,-1
201514K265815,1,9,0,18,0,2,0,0,0,0,1,1,6,1,67,10,1956,2,4,-1,1,-1
201514K266615,1,9,0,18,0,0,1,0,0,0,1,1,1,1,35,6,2995,1,9,-1,1,-1
201514K266615,2,9,0,18,0,0,1,0,0,0,0,1,1,1,59,9,-1,-1,-1,-1,1,-1
201514K266615,3,21,0,18,0,0,0,0,0,0,1,1,1,1,64,9,7790,2,5,-1,1,-1
201514K267115,1,1,0,5,0,8,0,0,0,0,3,1,1,1,34,6,-1,-1,-1,-1,1,-1
201514K267115,2,9,0,5,0,6,0,0,0,0,1,1,6,3,-1,-1,-1,-1,-1,-1,-1,-1
201514K267315,1,9,0,5,0,6,0,0,0,0,3,1,6,1,56,9,1896,2,12,-1,1,-1
201514K267315,2,1,0,18,0,8,0,0,0,0,1,1,6,2,17,4,-1,-1,-1,-1,1,-1
201514K267815,1,5,0,18,0,8,1,0,0,0,0,1,6,1,49,8,800,1,3,-1,1,-1
201514K268215,1,9,0,18,0,1,1,0,0,0,1,1,6,2,49,8,1896,2,14,-1,1,-1
201514K268215,2,9,0,3,0,1,0,0,0,0,2,1,6,1,27,6,2000,1,9,-1,1,-1
201514K268215,3,3,0,3,0,1,0,0,0,0,1,1,6,1,18,4,124,1,11,-1,1,-1
201514K268215,4,9,0,3,0,1,0,0,0,0,2,1,6,1,70,10,2393,1,2,-1,1,-1
201514K268715,1,9,0,5,0,6,0,0,0,0,1,1,6,2,17,4,998,1,7,-1,1,-1
201514K268715,2,9,0,18,0,1,1,0,1,4,4,1,6,2,70,10,1242,1,14,-1,1,-1
201514K268815,1,9,0,4,0,0,0,0,0,0,4,1,6,1,62,9,1596,1,14,-1,1,-1
201514K268815,2,1,0,18,0,0,0,0,0,0,1,1,2,1,22,5,-1,-1,-1,-1,1,-1
201514K268915,1,9,0,18,0,1,0,0,0,0,1,1,6,2,69,10,1591,1,-1,-1,1,-1
201514K268915,2,9,0,7,0,6,0,0,0,0,1,1,6,3,-1,-1,-1,-1,-1,-1,-1,-1
201514K268915,3,9,0,18,0,1,0,0,0,0,3,1,6,1,50,8,-1,-1,-1,-1,1,-1
201514K269115,1,9,0,9,0,6,0,0,0,0,4,1,6,2,27,6,1198,1,2,-1,1,-1
201514K269115,2,9,0,18,0,1,0,0,0,0,1,1,6,3,-1,-1,1242,1,1,-1,-1,-1
201514K269415,1,9,0,1,0,6,0,0,0,0,2,1,6,2,47,8,2231,2,9,-1,1,-1
201514K269415,2,9,0,1,0,8,0,0,0,0,2,1,6,1,20,4,-1,-1,-1,-1,1,-1
201514K269515,1,9,0,3,0,6,0,0,0,0,2,1,6,1,19,4,1149,1,10,-1,1,-1
201514K269515,2,9,0,18,0,2,0,0,0,0,1,1,6,3,-1,-1,1998,2,11,-1,-1,-1
201514K270115,1,9,0,18,0,0,0,0,0,0,1,1,6,2,34,6,1390,1,1,-1,1,-1
201514K270115,2,9,0,4,0,0,0,0,0,0,2,1,6,2,48,8,1242,1,1,-1,1,-1
201514K270115,3,9,0,3,0,0,0,0,0,0,0,1,6,3,-1,-1,-1,-1,-1,-1,-1,-1
201514K270715,1,9,0,9,0,5,0,0,0,0,0,1,6,3,-1,-1,-1,-1,-1,-1,-1,-1
201514K270715,2,1,0,18,0,1,0,0,0,0,1,1,6,1,18,4,-1,-1,-1,-1,1,-1
201514K270815,1,9,0,18,0,1,0,0,0,0,1,1,6,1,26,6,1910,2,9,-1,1,-1
201514K270815,2,9,0,7,0,6,0,0,0,0,1,1,6,3,-1,-1,-1,-1,-1,-1,-1,-1
201514K270915,1,9,0,2,0,0,0,0,0,0,4,1,6,1,44,7,1896,2,10,-1,1,-1
201514K270915,2,9,0,18,0,0,0,0,0,0,4,1,6,2,48,8,1499,1,-1,-1,2,-1
201514K271015,1,11,0,18,0,1,0,0,0,0,0,1,1,1,52,8,5900,2,10,-1,1,-1
201514K271515,1,19,0,3,0,1,0,0,0,0,2,1,1,1,27,6,1248,2,3,-1,1,-1
201514K271515,2,9,0,4,0,1,0,0,0,0,0,1,6,3,-1,-1,-1,-1,-1,-1,-1,-1
201514K271515,3,1,0,18,0,1,0,0,0,0,1,1,6,1,24,5,-1,-1,-1,-1,1,-1
201514K271615,1,9,0,5,0,0,0,0,0,0,1,1,6,1,24,5,2204,2,8,-1,1,-1
201514K271615,2,9,0,18,0,0,0,0,0,0,1,1,6,1,22,5,998,1,3,-1,1,-1
201514K272215,1,1,0,7,0,8,0,0,0,0,2,1,6,1,25,5,-1,-1,-1,-1,1,-1
201514K272215,2,9,0,7,0,8,0,0,0,0,1,1,6,3,-1,-1,-1,-1,-1,-1,-1,-1
201514K272815,1,9,0,7,0,5,0,0,0,0,4,1,1,1,26,6,-1,-1,-1,-1,2,-1
201514K272815,2,3,0,15,0,8,0,0,0,0,1,1,1,2,29,6,124,1,8,-1,1,-1
201514K273015,1,9,0,18,0,0,0,0,0,0,2,1,6,2,23,5,1390,1,6,-1,1,-1
201514K273015,2,21,0,18,0,0,0,0,0,0,1,1,1,1,64,9,12900,2,3,-1,1,-1
201514K273515,1,11,0,18,0,1,0,0,0,0,0,1,1,1,69,10,4500,2,4,-1,1,-1
201514K273615,1,3,0,18,0,8,0,0,0,0,1,1,6,1,17,4,124,1,1,-1,1,-1
201514K273615,2,9,0,18,0,6,0,0,0,0,1,1,6,3,-1,-1,-1,-1,-1,-1,-1,-1
201514K274315,1,9,0,16,0,0,1,0,0,0,1,1,6,1,21,5,1390,1,7,-1,1,-1
201514K274315,2,9,0,17,0,0,0,0,0,0,1,1,1,1,37,7,1461,2,-1,-1,1,-1
201514K274415,1,9,0,1,0,0,0,0,0,0,2,1,6,3,-1,-1,1360,1,7,-1,1,-1
201514K274515,1,9,0,3,0,1,0,0,0,0,2,1,6,1,57,9,1998,1,14,-1,1,-1
201514K274515,2,9,0,18,0,1,0,0,0,0,1,1,6,1,18,4,998,1,10,-1,3,-1
201514K274615,1,9,0,7,0,1,0,0,0,0,4,1,6,1,-1,-1,2231,2,6,-1,1,-1
201514K274615,2,1,0,17,0,1,0,0,0,0,3,1,2,1,34,6,-1,-1,-1,-1,1,-1
201514K274715,1,9,0,4,0,0,0,0,0,0,2,1,1,2,60,9,-1,-1,-1,-1,1,-1
201514K274715,2,19,0,4,0,0,0,0,0,0,2,1,1,1,42,7,2402,2,8,-1,1,-1
201514K274715,3,9,0,4,0,0,0,0,0,0,2,1,6,1,69,10,1242,1,12,-1,1,-1
201514K274715,4,9,0,18,0,0,0,0,0,0,1,1,6,2,49,8,1591,1,3,-1,1,-1
201514K274815,1,9,0,18,0,0,0,0,0,0,1,1,6,3,-1,-1,-1,-1,-1,-1,1,-1
201514K275015,1,9,0,18,0,8,0,0,0,0,1,1,6,1,47,8,1796,1,12,-1,1,-1
201514K275015,2,9,0,9,0,6,0,0,0,0,1,1,3,1,48,8,-1,-1,-1,-1,1,-1
201514K275415,1,9,0,16,0,0,1,0,7,4,1,1,6,1,20,4,1686,2,9,-1,1,-1
201514K275715,1,9,0,9,0,8,0,0,0,0,3,1,1,1,48,8,-1,-1,-1,-1,1,-1
201514K275715,2,3,0,18,0,8,0,0,0,0,1,1,6,1,36,7,124,1,6,-1,1,-1
201514K276515,1,9,0,10,0,6,0,0,0,0,1,1,6,2,80,11,998,1,15,-1,1,-1
201514K276515,2,1,0,18,0,1,0,0,0,0,1,1,6,2,49,8,-1,-1,-1,-1,1,-1
201514K277215,1,9,0,17,0,0,2,0,1,11,1,1,1,1,40,7,1686,2,4,-1,1,-1
201514K277415,1,9,0,3,0,1,0,0,0,0,2,1,1,2,35,6,1598,2,5,-1,1,-1
201514K277415,2,9,0,3,0,1,0,0,0,0,2,1,1,1,24,5,1149,1,5,-1,1,-1
201514K277415,3,9,0,18,0,1,0,0,0,0,1,1,6,2,40,7,2685,2,11,-1,1,-1
201514K277915,1,9,0,14,0,1,1,0,1,0,1,1,1,1,19,4,1360,1,11,-1,3,-1
201514K277915,2,9,0,9,0,5,1,0,1,0,1,1,6,2,52,8,1388,1,11,-1,1,-1
201514K279115,1,9,0,18,0,0,0,0,0,0,1,1,6,1,54,8,1968,2,3,-1,1,-1
201514K279115,2,9,0,18,0,0,0,0,0,0,2,1,2,2,20,4,1242,1,12,-1,1,-1
201514K279215,1,9,0,11,0,3,1,0,0,0,1,1,6,1,25,5,1995,2,8,-1,1,-1
201514K279215,2,9,0,18,0,1,0,0,0,0,1,1,6,1,74,10,1242,1,7,-1,1,-1
201514K279215,3,9,0,18,0,1,0,0,0,0,1,1,6,1,57,9,-1,-1,-1,-1,1,-1
201514K279715,1,9,0,9,0,1,0,0,0,0,1,1,1,2,25,5,1686,2,9,-1,2,-1
201514K279715,2,9,0,18,0,1,0,0,0,0,1,1,6,1,31,6,1560,2,11,-1,1,-1
201514K279915,1,3,0,18,0,1,0,0,0,0,1,1,6,2,26,6,125,1,-1,-1,1,-1
201514K279915,2,9,0,9,0,1,0,0,0,0,1,1,6,1,75,10,1596,1,15,-1,1,-1
201514K280115,1,9,0,16,0,0,1,0,8,11,1,1,6,1,26,6,1988,1,13,-1,1,-1
201514K280215,1,9,0,3,0,1,0,0,0,0,2,1,6,2,29,6,1596,1,8,-1,1,-1
201514K280215,2,9,0,18,0,1,0,0,0,0,1,1,6,3,-1,-1,1910,2,11,-1,-1,-1
201514K280515,1,9,0,5,0,2,0,0,0,0,3,1,6,2,79,11,1240,1,10,-1,1,-1
201514K280515,2,1,0,18,0,1,1,0,0,0,1,1,2,1,45,7,-1,-1,-1,-1,1,-1
201514K280915,1,8,0,3,0,1,0,0,0,0,2,1,1,1,37,7,2204,2,10,-1,1,-1
201514K280915,2,8,0,18,0,1,0,0,0,0,1,1,6,3,-1,-1,1364,2,1,-1,-1,-1
201514K281115,1,9,0,4,0,1,0,0,0,0,1,1,6,2,44,7,1390,1,12,-1,1,-1
201514K281615,1,9,0,18,0,8,0,0,0,0,1,1,1,2,40,7,-1,-1,-1,-1,1,-1
201514K281615,2,9,0,18,0,8,0,0,0,0,1,1,6,2,43,7,1598,1,9,-1,2,-1
201514K281715,1,9,0,3,0,8,0,0,0,0,2,1,1,1,36,7,-1,-1,-1,-1,1,-1
201514K281715,2,9,0,18,0,8,0,0,0,0,1,1,6,2,45,7,1995,2,3,-1,1,-1
201514K282215,1,9,0,18,0,2,0,0,0,0,1,1,6,2,33,6,1995,2,13,-1,1,-1
201514K282215,2,9,0,18,0,1,0,0,0,0,1,1,6,1,33,6,-1,-1,-1,-1,1,-1
201514K282315,1,9,0,1,0,0,0,0,0,0,3,1,2,1,39,7,1398,2,13,-1,1,-1
201514K282315,2,1,0,18,0,0,0,0,0,0,1,1,6,1,18,4,-1,-1,-1,-1,1,-1
201514K282615,1,9,0,17,0,0,0,0,0,0,1,1,1,1,48,8,-1,-1,-1,-1,1,-1
201514K282615,2,9,0,16,0,0,0,0,0,0,1,1,1,2,34,6,1461,2,1,-1,2,-1
201514K283115,1,9,0,18,0,1,1,0,0,0,1,1,6,1,25,5,1598,1,11,-1,1,-1
201514K283115,2,19,0,9,0,6,0,0,0,0,3,1,6,1,24,5,1995,2,2,-1,1,-1
201514K283315,1,19,0,5,0,8,0,0,0,0,1,1,6,3,-1,-1,-1,-1,-1,-1,1,-1
201514K284115,1,9,0,9,0,5,0,0,0,0,4,1,2,1,55,8,1896,2,13,-1,3,-1
201514K284115,2,1,0,15,0,8,0,0,0,0,1,1,6,1,35,6,-1,-1,-1,-1,1,-1
201514K284215,1,9,0,11,0,0,0,7,0,0,2,1,1,2,55,8,1329,1,6,-1,1,-1
201514K284215,2,9,0,18,0,0,0,0,5,6,1,1,1,1,22,5,4163,1,8,-1,1,-1
201514K284215,3,9,0,18,0,0,0,0,0,0,2,1,1,2,39,7,1796,1,5,-1,2,-1
201514K285015,1,9,0,9,0,5,0,0,0,0,1,1,6,2,67,10,2204,2,7,-1,1,-1
201514K285015,2,8,0,18,2,1,0,0,0,0,1,1,1,1,24,5,1995,2,7,-1,1,-1
201514K285315,1,9,0,18,0,4,0,0,0,0,1,1,2,1,45,7,1968,2,3,-1,1,-1
201514K285315,2,9,0,18,0,3,0,0,0,0,2,1,1,1,39,7,-1,-1,-1,-1,1,-1
201514K285515,1,9,0,5,0,2,0,0,0,0,1,1,1,1,36,7,1995,2,3,-1,1,-1
201514K285715,1,9,0,18,0,1,0,0,0,0,4,1,6,2,62,9,1242,1,6,-1,1,-1
201514K285715,2,9,0,9,0,8,0,0,0,0,3,1,6,1,38,7,1984,1,13,-1,2,-1
201514K286015,1,3,0,9,0,5,0,0,0,0,3,1,2,1,51,8,124,1,11,-1,1,-1
201514K286015,2,9,0,13,0,1,0,0,0,0,1,1,6,3,-1,-1,1388,1,14,-1,-1,-1
201514K286115,1,9,0,18,0,4,0,0,0,0,4,1,2,1,51,8,1985,1,16,-1,1,-1
201514K286115,2,9,0,18,0,4,0,0,0,0,3,1,2,2,45,7,1900,2,9,-1,1,-1
201514K286315,1,9,0,7,0,5,0,0,0,0,1,1,6,2,28,6,1900,2,10,-1,1,-1
201514K286315,2,9,0,13,0,1,0,0,0,0,1,1,6,3,-1,-1,1997,2,13,-1,-1,-1