Accident_Index,Vehicle_Reference,Vehicle_Type,Towing_and_Articulation,Vehicle_Manoeuvre,Vehicle_Location-Restricted_Lane,Junction_Location,Skidding_and_Overturning,Hit_Object_in_Carriageway,Vehicle_Leaving_Carriageway,Hit_Object_off_Carriageway,1st_Point_of_Impact,Was_Vehicle_Left_Hand_Drive?,Journey_Purpose_of_Driver,Sex_of_Driver,Age_of_Driver,Age_Band_of_Driver,Engine_Capacity_(CC),Propulsion_Code,Age_of_Vehicle,Driver_IMD_Decile,Driver_Home_Area_Type,Vehicle_IMD_Decile
201514K286815,1,9,0,16,0,0,0,0,0,0,1,1,6,1,22,5,1598,1,2,-1,1,-1
201514K286815,2,9,0,17,0,0,0,0,0,0,1,1,6,2,42,7,1560,2,9,-1,1,-1
201514K286915,1,3,0,13,0,8,1,0,0,0,1,1,1,2,32,6,-1,-1,-1,-1,1,-1
201514K286915,2,9,0,7,0,5,0,0,0,0,1,1,6,1,61,9,1753,2,8,-1,1,-1
201514K286915,3,9,0,18,0,8,0,0,0,0,3,1,6,1,73,10,1951,2,10,-1,1,-1
201514K287215,1,1,0,18,0,0,0,4,0,0,1,1,6,1,71,10,-1,-1,-1,-1,1,-1
201514K287215,2,9,0,2,0,0,0,0,0,0,3,1,6,1,63,9,1956,2,2,-1,1,-1
201514K287415,1,11,0,2,0,0,0,0,0,0,0,1,1,1,57,9,4500,2,5,-1,1,-1
201514K287515,1,21,1,18,0,3,0,0,0,0,4,1,1,1,35,6,-1,-1,-1,-1,-1,-1
201514K288415,1,9,0,7,0,4,0,0,0,0,1,1,6,2,35,6,1598,2,4,-1,2,-1
201514K288415,2,9,0,7,0,4,0,0,0,0,2,1,6,1,19,4,1596,1,-1,-1,1,-1
201514K288515,1,9,0,3,0,1,0,0,0,0,2,1,6,2,27,6,1329,1,3,-1,1,-1
201514K288515,2,9,0,18,0,1,0,0,0,0,1,1,6,2,29,6,1598,1,5,-1,1,-1
201514K291115,1,9,0,7,0,1,0,0,0,0,1,1,6,2,21,5,1299,1,11,-1,1,-1
201514K291115,2,9,0,18,0,8,0,0,0,0,1,1,6,3,-1,-1,-1,-1,-1,-1,-1,-1
201514K291115,3,1,0,18,0,1,0,0,0,0,2,1,2,2,25,5,-1,-1,-1,-1,1,-1
201514K291215,1,9,0,9,0,6,0,0,0,0,3,1,6,2,59,9,1992,2,9,-1,1,-1
201514K291215,2,1,0,18,0,8,0,0,0,0,1,1,2,1,28,6,-1,-1,-1,-1,1,-1
201514K292015,1,9,0,18,0,1,0,0,0,0,1,1,6,1,52,8,1399,2,6,-1,1,-1
201514K292315,1,9,0,8,0,5,0,0,0,0,1,1,2,2,23,5,998,1,6,-1,1,-1
201514K292815,1,9,0,9,0,8,0,0,0,0,3,1,1,1,29,6,-1,-1,-1,-1,1,-1
201514K292815,2,1,0,18,0,8,0,0,0,0,3,1,6,1,49,8,-1,-1,-1,-1,1,-1
201514K292915,1,9,0,18,0,0,0,0,0,0,1,1,6,2,55,8,1242,1,1,-1,1,-1
201514K293015,1,1,0,18,0,8,0,0,0,0,1,1,2,1,20,4,-1,-1,-1,-1,1,-1
201514K293015,2,9,0,18,0,8,0,0,0,0,1,1,6,2,-1,-1,-1,-1,-1,-1,-1,-1
201514K293215,1,9,0,18,0,0,0,0,0,0,1,1,6,2,34,6,1796,1,11,-1,1,-1
201514K293415,1,9,0,3,0,8,0,0,0,0,2,1,6,1,29,6,1596,1,15,-1,1,-1
201514K293415,2,9,0,18,0,8,0,0,0,0,1,1,6,3,-1,-1,-1,-1,-1,-1,-1,-1
201514K293515,1,9,0,18,0,4,0,0,0,0,1,1,6,1,50,8,1596,1,4,-1,1,-1
201514K293515,2,9,0,18,0,8,0,6,0,0,4,1,6,2,51,8,1598,1,2,-1,1,-1
201514K293615,1,9,0,18,0,0,0,0,7,0,1,1,6,3,-1,-1,1360,1,11,-1,-1,-1
201514K293615,2,9,0,18,0,0,0,0,0,0,3,1,1,1,47,8,1248,2,2,-1,-1,-1
201514K293615,3,9,0,18,0,0,0,0,0,0,1,1,6,1,57,9,1364,1,1,-1,1,-1
201514K293815,1,9,0,4,0,0,1,0,0,0,1,1,1,1,50,8,1781,1,12,-1,1,-1
201514K293815,2,9,0,4,0,0,0,0,0,0,2,1,1,1,61,9,-1,-1,-1,-1,1,-1
201514K293815,3,9,0,4,0,0,0,0,0,0,2,1,1,1,57,9,1560,2,5,-1,1,-1
201514K294115,1,9,0,4,0,8,0,4,1,1,1,1,6,2,89,11,1299,1,12,-1,1,-1
201514K294115,2,9,0,2,0,1,0,0,0,0,4,1,6,1,46,8,1686,2,12,-1,1,-1
201514K294115,3,9,0,2,0,1,0,0,0,0,2,1,6,2,43,7,1995,2,1,-1,1,-1
201514K294515,1,11,0,18,0,3,0,0,0,0,4,1,1,1,24,5,7300,2,14,-1,1,-1
201514K294515,2,1,0,18,0,6,0,0,0,0,1,1,6,1,51,8,-1,-1,-1,-1,1,-1
201514K294615,1,9,0,18,0,8,0,0,0,0,4,1,1,1,39,7,1560,2,8,-1,1,-1
201514K294615,2,3,0,18,0,8,0,0,0,0,1,1,6,1,21,5,124,1,12,-1,1,-1
201514K294815,1,9,0,9,0,8,0,0,0,0,1,1,6,2,63,9,2967,1,15,-1,1,-1
201514K294815,2,9,0,18,0,8,0,0,0,0,1,1,6,2,-1,-1,1242,1,4,-1,3,-1
201514K294915,1,9,0,1,0,5,0,0,0,0,2,1,6,1,25,5,1985,1,12,-1,1,-1
201514K295215,1,11,0,18,0,1,0,0,0,0,2,1,1,1,59,9,4461,2,1,-1,1,-1
201514K295215,2,9,0,18,0,1,0,0,0,0,1,1,6,1,50,8,1968,2,6,-1,1,-1
201514K295515,1,9,0,4,0,8,1,0,0,0,1,1,1,1,28,6,1998,1,6,-1,1,-1
201514K295515,2,9,0,18,0,8,0,0,0,0,3,1,6,2,53,8,1781,1,12,-1,3,-1
201514K296015,1,9,0,18,0,6,0,0,0,0,1,1,6,1,74,10,1298,1,15,-1,-1,-1
201514K296015,2,9,0,18,0,8,0,0,0,0,1,1,6,1,80,11,998,1,-1,-1,1,-1
201514K296015,3,9,0,18,0,1,0,0,0,0,1,1,6,2,64,9,-1,-1,-1,-1,1,-1
201514K296215,1,9,0,18,0,2,0,0,0,0,2,1,6,2,84,11,1956,2,5,-1,1,-1
201514K296215,2,19,0,18,0,8,0,0,0,0,2,1,1,1,52,8,2287,2,6,-1,1,-1
201514K296215,3,20,0,18,0,8,0,0,0,0,1,1,1,1,52,8,2998,2,2,-1,1,-1
201514K296515,1,9,0,9,0,5,0,0,0,0,1,1,1,1,42,7,1398,8,1,-1,1,-1
201514K296915,1,9,0,3,0,1,0,0,0,0,1,1,6,2,28,6,998,1,8,-1,1,-1
201514K296915,2,9,0,3,0,1,0,0,0,0,2,1,6,2,23,5,1598,1,5,-1,1,-1
201514K297015,1,9,0,3,0,1,0,0,0,0,3,1,6,2,35,6,1587,1,13,-1,1,-1
201514K297015,2,9,0,14,0,1,0,0,0,0,4,1,6,3,-1,-1,-1,-1,-1,-1,-1,-1
201514K297415,1,9,0,18,0,1,0,0,0,0,1,1,3,1,58,9,1240,1,11,-1,1,-1
201514K298915,1,9,0,13,0,0,0,0,0,0,1,1,1,1,34,6,1598,2,2,-1,1,-1
201514K299015,1,9,0,18,0,1,0,10,0,0,1,1,6,2,38,7,1296,1,7,-1,1,-1
201514K299715,1,9,0,18,0,0,0,0,0,0,1,1,2,1,28,6,1968,2,10,-1,1,-1
201514K299715,2,9,0,3,0,0,0,0,0,0,2,1,6,2,51,8,1364,1,6,-1,1,-1
201514K299715,3,9,0,3,0,0,0,0,0,0,2,1,6,1,75,10,1596,1,12,-1,1,-1
201514K299815,1,9,0,4,0,0,0,0,0,0,2,1,6,2,26,6,1598,1,-1,-1,1,-1
201514K299815,2,9,0,15,0,0,0,0,0,0,2,1,6,1,43,7,2148,2,13,-1,1,-1
201514K300015,1,9,0,18,0,0,0,0,0,0,1,1,6,2,75,10,1229,1,7,-1,1,-1
201514K300515,1,9,0,18,0,6,0,0,7,10,4,1,6,2,20,4,1995,1,6,-1,2,-1
201514K300515,2,9,0,18,0,8,0,0,0,0,3,1,6,1,22,5,1598,1,11,-1,1,-1
201514K300615,1,1,0,18,0,0,0,0,0,0,2,1,2,1,35,6,-1,-1,-1,-1,1,-1
201514K300615,2,9,0,18,0,0,0,0,0,0,1,1,6,3,-1,-1,1995,2,10,-1,-1,-1
201514K300715,1,11,0,5,0,6,0,0,0,0,1,1,6,1,38,7,4461,2,2,-1,1,-1
201514K300715,2,9,0,18,0,8,0,0,0,0,4,1,6,1,59,9,2720,2,9,-1,2,-1
201514K301015,1,9,0,5,0,0,0,0,0,0,3,1,1,2,38,7,1984,1,13,-1,2,-1
201514K301015,2,2,0,18,0,0,0,0,0,0,1,1,6,3,-1,-1,-1,-1,-1,-1,-1,-1
201514K301215,1,9,0,9,0,8,0,0,0,0,1,1,6,1,79,11,1968,2,4,-1,1,-1
201514K301415,1,9,0,18,0,1,0,0,0,0,1,1,6,1,32,6,1686,2,11,-1,1,-1
201514K301415,2,9,0,18,0,1,0,0,0,0,1,1,6,3,-1,-1,-1,-1,-1,-1,-1,-1
201514K301515,1,9,0,5,0,0,0,0,0,0,4,1,6,2,69,10,1389,1,11,-1,1,-1
201514K301615,1,9,0,18,0,1,0,0,0,0,1,1,6,3,-1,-1,998,1,14,-1,1,-1
201514K301815,1,9,0,9,0,8,0,0,0,0,1,1,2,1,42,7,1910,2,7,-1,1,-1
201514K301815,2,5,0,18,0,8,0,0,0,0,1,1,2,1,25,5,998,1,9,-1,1,-1
201514K301915,1,9,0,18,0,1,0,0,0,0,1,1,6,2,29,6,1998,2,1,-1,1,-1
201514K301915,2,9,0,18,0,1,0,0,0,0,2,1,6,1,21,5,1199,1,13,-1,1,-1
201514K301915,3,21,0,18,0,1,0,0,0,0,1,1,1,1,43,7,-1,-1,-1,-1,1,-1
201514K301915,4,9,0,18,0,1,0,0,0,0,3,1,6,2,77,11,1799,1,8,-1,1,-1
201514K302015,1,1,0,18,0,2,0,0,0,0,3,1,2,2,47,8,-1,-1,-1,-1,1,-1
201514K302015,2,8,0,13,0,2,0,0,0,0,4,1,1,3,-1,-1,-1,-1,-1,-1,-1,-1
201514K302515,1,3,0,18,0,2,0,0,0,0,4,1,6,1,30,6,125,1,5,-1,1,-1
201514K302515,2,9,0,5,0,2,0,0,0,0,3,1,6,3,-1,-1,-1,-1,-1,-1,-1,-1
201514K303015,1,9,0,3,0,8,0,0,0,0,2,1,1,1,44,7,-1,-1,-1,-1,1,-1
201514K303015,2,21,0,5,0,8,0,0,0,0,1,1,1,1,40,7,-1,-1,-1,-1,1,-1
201514K303115,1,9,0,9,0,5,0,0,0,0,1,1,1,2,30,6,1198,1,6,-1,1,-1
201514K303115,2,9,0,3,0,1,0,0,0,0,2,1,1,2,35,6,1242,1,9,-1,1,-1
201514K303115,3,9,0,5,0,1,0,0,0,0,1,1,1,1,61,9,1896,2,10,-1,2,-1
201514K303215,1,19,0,5,0,1,0,0,0,0,0,1,1,1,51,8,-1,-1,-1,-1,1,-1
201514K303215,2,9,0,5,0,8,0,0,0,0,2,1,6,1,50,8,998,1,16,-1,1,-1
201514K303215,3,9,0,5,0,8,0,0,0,0,1,1,6,1,48,8,1590,1,11,-1,1,-1
201514K303315,1,9,0,18,0,2,0,0,0,0,1,1,6,1,30,6,1900,2,9,-1,1,-1
201514K303415,1,9,0,18,0,0,0,0,0,0,1,1,6,2,76,11,1396,1,19,-1,1,-1
201514K303815,1,9,0,9,0,6,0,0,0,0,3,1,6,2,76,11,-1,-1,-1,-1,1,-1
201514K303815,2,11,0,18,0,1,0,0,0,0,1,1,1,1,57,9,6871,2,7,-1,1,-1
201514K304315,1,11,0,18,2,1,0,0,0,0,1,1,1,1,34,6,9360,2,8,-1,1,-1
201514K304315,2,9,0,7,2,5,0,0,0,0,4,1,6,1,21,5,998,1,1,-1,1,-1
201514K304515,1,9,0,18,0,2,0,0,0,0,1,1,6,1,49,8,2179,2,7,-1,1,-1
201514K304715,1,9,0,5,0,6,0,0,0,0,1,1,2,1,52,8,1598,2,4,-1,1,-1
201514K304715,2,9,0,5,0,6,0,0,0,0,2,1,2,2,34,6,1149,1,9,-1,1,-1
201514K304815,1,9,0,1,0,8,0,0,0,0,3,1,1,1,22,5,2143,2,1,-1,1,-1
201514K305415,1,11,0,4,0,2,0,0,0,0,1,1,1,1,64,9,-1,-1,-1,-1,1,-1
201514K306615,1,5,0,18,0,1,1,0,0,0,1,1,2,1,47,8,1402,1,12,-1,1,-1
201514K307115,1,9,0,5,0,8,0,0,0,0,1,1,6,2,29,6,1560,2,4,-1,1,-1
201514K307115,2,9,0,18,0,6,0,0,0,0,1,1,6,1,39,7,1598,2,4,-1,1,-1
201514K307215,1,9,0,18,0,8,1,0,0,0,4,1,2,1,27,6,2979,1,1,-1,1,-1
201514K307415,1,11,0,4,0,1,0,0,0,0,0,1,3,1,51,8,-1,2,20,-1,1,-1
201514K307815,1,9,0,9,0,6,0,0,0,0,1,1,6,1,45,7,2204,2,8,-1,1,-1
201514K307815,2,1,0,9,0,5,0,0,0,0,1,1,6,1,25,5,-1,-1,-1,-1,1,-1
201514K308015,1,9,0,3,0,1,0,0,0,0,2,1,6,2,28,6,1587,1,16,-1,1,-1
201514K308015,2,9,0,18,0,1,0,0,0,0,1,1,6,3,-1,-1,-1,-1,-1,-1,-1,-1
201514K308115,1,9,0,5,0,1,0,0,0,0,1,1,2,2,36,7,1896,2,10,-1,1,-1
201514K308215,1,9,0,18,0,0,0,0,0,0,3,1,6,1,65,9,1398,1,14,-1,1,-1
201514K308315,1,9,0,18,0,8,0,0,0,0,3,1,2,2,24,5,1229,1,7,-1,1,-1
201514K308315,2,1,0,18,0,6,0,0,0,0,1,1,6,1,24,5,-1,-1,-1,-1,1,-1
201514K308415,1,5,0,18,0,1,0,0,0,0,1,1,6,1,23,5,656,1,8,-1,1,-1
201514K308415,2,9,0,9,0,6,0,0,0,0,2,1,6,2,66,10,1798,1,7,-1,1,-1
201514K309015,1,9,0,4,0,0,0,0,0,0,2,1,1,1,46,8,1968,2,3,-1,1,-1
201514K309015,2,9,0,18,0,0,0,0,0,0,1,1,1,1,20,4,-1,-1,-1,-1,3,-1
201514K309215,1,9,0,18,0,0,0,0,0,0,1,1,6,1,37,7,1968,2,7,-1,1,-1
201514K309215,2,9,0,18,0,0,0,0,0,0,2,1,6,2,27,6,1229,1,7,-1,2,-1
201514K309215,3,9,0,18,0,0,0,0,0,0,2,1,6,2,27,6,1598,1,11,-1,1,-1
201514K309315,1,9,0,4,0,1,0,0,0,0,2,1,6,1,17,4,1598,2,1,-1,1,-1
201514K309315,2,9,0,4,0,1,1,0,0,0,1,1,6,1,17,4,1299,1,13,-1,2,-1
201514K309315,3,9,0,18,0,1,0,0,0,0,1,1,2,1,26,6,998,1,14,-1,1,-1
201514K309415,1,9,0,18,0,8,0,0,0,0,3,1,6,2,39,7,1242,1,11,-1,1,-1
201514K309415,2,9,0,18,0,8,0,0,0,0,1,1,6,2,69,10,1198,1,7,-1,1,-1
201514K309515,1,9,0,18,0,8,0,0,3,1,1,1,6,1,36,7,1599,1,11,-1,1,-1
201514K309615,1,9,0,18,0,8,0,0,0,0,3,1,6,1,58,9,2987,2,9,-1,1,-1
201514K309615,2,9,0,6,0,8,0,0,0,0,4,1,6,2,48,8,1997,2,7,-1,1,-1
201514K310015,1,3,0,2,0,1,0,0,0,0,1,1,6,1,30,6,-1,-1,-1,-1,1,-1
201514K310015,2,9,0,18,0,1,0,0,0,0,1,1,6,3,-1,-1,-1,-1,-1,-1,-1,-1
201514K310715,1,8,0,18,0,0,0,0,0,0,1,1,1,1,36,7,2179,2,7,-1,1,-1
201514K310715,2,9,0,18,0,0,0,0,0,0,2,1,6,1,24,5,1995,2,5,-1,1,-1
201514K310815,1,9,0,18,0,1,0,0,0,0,2,1,1,1,33,6,1395,1,3,-1,1,-1
201514K310815,2,5,0,15,0,1,1,0,0,0,3,1,2,1,35,6,899,1,15,-1,1,-1
201514K311115,1,9,0,18,0,0,0,0,0,0,1,1,6,2,39,7,1560,2,5,-1,1,-1
201514K312015,1,9,0,18,0,8,0,0,0,0,1,1,6,1,18,4,1686,2,7,-1,1,-1
201514K312015,2,9,0,9,0,8,0,0,0,0,4,1,6,1,26,6,1124,1,13,-1,1,-1
201514K312215,1,9,0,9,0,5,0,0,7,10,4,1,6,1,18,4,1596,1,6,-1,1,-1
201514K312215,2,9,0,7,0,5,0,0,1,10,3,1,6,1,18,4,1598,2,5,-1,1,-1
201514K313015,1,9,0,3,0,8,0,0,0,0,2,1,6,2,39,7,1397,1,11,-1,1,-1
201514K313015,2,9,0,3,0,8,0,0,0,0,1,1,6,2,62,9,1242,1,1,-1,3,-1
201514K313615,1,9,0,18,0,2,0,0,0,0,1,1,2,1,63,9,2435,1,14,-1,1,-1
201514K313815,1,3,0,18,0,0,0,0,0,0,1,1,6,1,23,5,124,1,5,-1,1,-1
201514K313815,2,9,0,5,0,0,0,0,0,0,1,1,6,3,-1,-1,1598,2,-1,-1,-1,-1
201514K313915,1,9,0,18,0,0,0,0,0,0,4,1,6,1,20,4,1995,2,-1,-1,1,-1
201514K314615,1,9,0,18,0,2,0,0,0,0,1,1,1,2,24,5,1229,1,7,-1,-1,-1
201514K314615,2,1,0,18,0,2,1,0,1,10,4,1,6,1,24,5,-1,-1,-1,-1,1,-1
201514K314815,1,9,0,7,2,8,0,0,0,0,3,1,6,1,27,6,1360,1,12,-1,1,-1
201514K314915,1,9,0,3,0,1,0,0,0,0,2,1,6,1,64,9,2179,2,-1,-1,1,-1
201514K314915,2,9,0,18,0,1,0,0,0,0,2,1,6,1,44,7,1200,1,1,-1,1,-1
201514K314915,3,9,0,4,0,1,0,0,0,0,4,1,6,1,61,9,1796,1,3,-1,1,-1
201514K314915,4,11,0,3,2,1,0,0,0,0,3,1,6,1,46,8,7300,2,14,-1,1,-1
201514K315015,1,9,0,3,0,0,0,0,0,0,2,1,1,1,51,8,1560,2,1,-1,2,-1
201514K315015,2,9,0,3,0,0,0,0,0,0,2,1,1,1,35,6,1596,1,15,-1,1,-1
201514K315015,3,9,0,3,0,0,0,0,0,0,2,1,1,2,26,6,1598,1,10,-1,1,-1
201514K315015,4,9,0,18,0,0,0,0,0,0,1,1,2,1,20,4,1195,1,18,-1,1,-1
201514K315215,1,9,0,18,0,8,0,0,0,0,4,1,6,1,43,7,1461,2,12,-1,1,-1
201514K315215,2,9,0,18,0,8,0,0,1,10,4,1,6,2,52,8,998,1,14,-1,1,-1
201514K315315,1,1,0,9,0,1,0,0,0,0,0,1,6,1,41,7,-1,-1,-1,-1,1,-1
201514K315315,2,9,0,9,0,1,0,0,0,0,0,1,6,1,-1,-1,1248,1,3,-1,-1,-1
201514K315415,1,9,0,3,0,1,0,0,0,0,2,1,6,2,26,6,1198,1,1,-1,1,-1
201514K315415,2,9,0,3,0,1,0,0,0,0,2,1,6,1,-1,-1,1086,1,7,-1,-1,-1
201514K315415,3,9,0,3,0,1,0,0,0,0,2,1,6,1,-1,-1,998,1,12,-1,1,-1
201514K315415,4,9,0,3,0,1,0,0,0,0,1,1,6,1,-1,-1,2967,2,4,-1,-1,-1
201514K315615,1,9,0,3,0,1,0,0,0,0,2,1,6,2,31,6,1248,2,5,-1,1,-1
201514K315615,2,9,0,18,0,1,0,0,0,0,1,1,6,3,-1,-1,2000,2,11,-1,-1,-1
201514K315715,1,21,1,11,0,0,0,0,0,0,4,1,1,1,48,8,12580,2,9,-1,1,-1
201514K315715,2,9,0,18,0,0,1,0,0,0,3,1,1,1,26,6,998,1,-1,-1,1,-1
201514K315815,1,9,0,3,0,8,0,0,0,0,2,1,6,2,68,10,1968,2,8,-1,1,-1
201514K315815,2,9,0,18,0,8,0,0,0,0,1,1,6,3,-1,-1,-1,-1,-1,-1,-1,-1
201514K315915,1,9,0,1,0,5,0,4,0,0,2,1,6,1,25,5,1896,2,11,-1,1,-1
201514K315915,2,9,0,2,0,2,0,0,0,0,2,1,6,1,47,8,1910,2,7,-1,1,-1
201514K316015,1,9,0,18,0,1,0,0,0,0,0,1,1,1,24,5,1598,2,-1,-1,1,-1
201514K316015,2,9,0,18,9,1,1,10,1,11,1,1,6,1,22,5,999,1,-1,-1,1,-1
201514K316015,3,9,0,18,0,1,0,0,0,0,3,1,6,1,82,11,1396,1,16,-1,1,-1
201514K316415,1,9,0,3,0,0,0,0,0,0,2,1,6,1,33,6,1360,1,10,-1,1,-1
201514K316415,2,90,0,18,0,0,1,0,0,0,1,1,6,3,-1,-1,-1,-1,-1,-1,-1,-1
201514K317215,1,9,0,5,0,2,0,0,0,0,4,1,6,1,55,8,-1,-1,-1,-1,1,-1
201514K317315,1,9,0,18,0,0,0,4,0,0,1,1,6,1,22,5,1596,1,12,-1,1,-1
201514K317315,2,9,0,2,0,0,0,0,0,0,2,1,6,1,37,7,1797,8,2,-1,1,-1
201514K317315,3,9,0,18,0,0,0,0,0,0,1,1,6,1,36,7,1796,1,6,-1,1,-1
201514K317515,1,9,0,3,1,2,0,0,0,0,2,1,6,1,36,7,998,1,6,-1,1,-1
201514K317515,2,9,0,18,1,2,0,0,0,0,1,1,6,3,-1,-1,-1,-1,-1,-1,-1,-1
201514K319115,1,9,0,10,0,6,0,0,0,0,1,1,1,1,48,8,1968,2,1,-1,1,-1
201514K319115,2,1,0,18,0,1,0,0,0,0,1,1,6,1,39,7,-1,-1,-1,-1,1,-1
201514K319215,1,9,0,4,0,2,1,0,0,0,1,1,2,1,43,7,2494,2,5,-1,1,-1
201514K319215,2,9,0,3,0,2,0,0,0,0,2,1,2,1,42,7,1560,2,3,-1,1,-1
201514K319215,3,9,0,3,0,2,0,0,0,0,2,1,2,2,52,8,1995,2,4,-1,1,-1
201514K319315,1,9,0,18,0,1,0,0,0,0,1,1,6,1,46,8,1596,1,3,-1,1,-1
201514K319715,1,9,0,6,0,5,0,0,0,0,3,1,6,3,-1,-1,2000,1,9,-1,-1,-1
201514K319715,2,9,0,4,0,1,0,0,0,0,3,1,6,1,21,5,1149,1,-1,-1,1,-1
201514K319715,3,9,0,4,0,1,0,0,0,0,4,1,6,1,26,6,-1,-1,-1,-1,1,-1
201514K319915,1,11,0,17,0,8,0,0,0,0,1,1,1,1,31,6,4461,2,1,-1,1,-1
201514K320215,1,9,0,18,0,0,0,0,7,11,1,1,1,1,58,9,-1,-1,-1,-1,1,-1
201514K320315,1,9,0,9,0,8,0,0,0,0,4,1,6,2,31,6,1984,1,3,-1,1,-1
201514K320315,2,9,0,18,0,1,0,0,0,0,1,1,6,2,48,8,2204,2,8,-1,1,-1
201514K320415,1,5,0,18,0,0,0,0,0,0,1,1,2,1,51,8,1170,1,8,-1,1,-1
201514K320415,2,9,0,3,0,0,0,0,0,0,2,1,3,1,45,7,1995,2,10,-1,2,-1
201514K320615,1,9,0,18,0,0,0,0,0,0,1,1,6,1,49,8,1390,1,14,-1,1,-1
201514K320915,1,9,0,3,0,1,0,0,0,0,2,1,1,2,49,8,1999,1,5,-1,1,-1
201514K320915,2,9,0,4,0,1,0,0,0,0,1,1,6,1,-1,-1,-1,-1,-1,-1,-1,-1
201514K321115,1,9,0,18,0,1,0,0,0,0,1,1,6,2,49,8,1896,2,9,-1,1,-1
201514K321515,1,20,0,1,6,8,0,0,0,0,2,1,6,1,54,8,-1,-1,-1,-1,1,-1
201514K321715,1,2,0,3,9,8,0,0,7,10,3,1,1,1,27,6,49,1,6,-1,1,-1
201514K321715,2,9,0,6,0,8,0,0,0,0,3,1,1,1,22,5,-1,-1,-1,-1,-1,-1
201514K322615,1,9,0,18,0,1,0,0,0,0,1,1,6,2,27,6,1984,1,8,-1,1,-1
201514K322615,2,9,0,3,0,1,0,0,0,0,2,1,6,2,16,4,1896,2,12,-1,1,-1
201514K322915,1,9,0,11,0,0,0,0,0,0,4,1,2,1,36,7,2496,1,13,-1,1,-1
201514K322915,2,4,0,15,0,0,0,0,0,0,3,1,2,1,21,5,321,1,-1,-1,1,-1
201514K323015,1,9,0,5,0,1,0,0,0,0,1,1,6,3,-1,-1,-1,-1,-1,-1,1,-1
201514K323215,1,9,0,18,0,1,2,7,0,1,4,1,6,1,21,5,1896,2,11,-1,1,-1
201514K323215,2,9,0,18,0,1,0,0,0,0,1,1,1,1,45,7,1797,8,1,-1,1,-1
201514K323215,3,9,0,18,0,1,0,0,0,0,1,1,6,1,36,7,-1,-1,-1,-1,1,-1
201514K323515,1,9,0,18,0,0,0,0,0,0,4,1,6,2,32,6,1296,1,8,-1,1,-1
201514K323515,2,9,0,17,0,0,0,0,0,0,1,1,6,1,-1,-1,1560,2,8,-1,-1,-1
201514K324215,1,9,0,2,0,0,0,0,0,0,4,1,6,2,36,7,1598,2,1,-1,1,-1
201514K324215,2,9,0,18,0,0,0,0,0,0,3,1,6,3,-1,-1,1396,1,5,-1,-1,-1
201514K324715,1,9,0,9,0,6,0,0,0,0,3,1,6,2,74,10,1598,1,4,-1,1,-1
201514K324715,2,9,0,18,0,1,0,0,0,0,4,1,6,1,-1,-1,2495,2,13,-1,1,-1
201514K325115,1,9,0,18,0,1,0,0,0,0,3,1,6,1,45,7,1598,1,15,-1,1,-1
201514K325315,1,3,0,3,0,1,0,0,0,0,4,1,6,1,29,6,100,1,11,-1,1,-1
201514K325515,1,9,0,4,0,5,0,0,0,0,2,1,6,2,22,5,1686,2,3,-1,1,-1
201514K325515,2,9,0,18,0,5,0,0,0,0,1,1,6,2,38,7,1984,1,13,-1,1,-1
201514K325515,3,9,0,18,0,5,0,0,0,0,1,1,6,2,29,6,1398,1,2,-1,1,-1
201514K327015,1,9,0,4,0,0,0,0,0,0,2,1,6,2,29,6,1461,2,4,-1,1,-1
201514K327015,2,9,0,18,0,0,0,0,0,0,1,1,6,1,21,5,1399,2,9,-1,1,-1
201514K327715,1,9,0,18,0,1,0,0,0,0,1,1,6,2,47,8,1398,1,1,-1,1,-1
201514K327815,1,1,0,18,0,8,0,0,0,0,1,1,6,1,42,7,-1,-1,-1,-1,1,-1
201514K327815,2,9,0,9,0,5,0,0,0,0,3,1,6,1,34,6,2792,1,20,-1,1,-1
201514K327915,1,9,0,5,0,4,0,0,0,0,2,1,6,2,66,10,1598,1,16,-1,1,-1
201514K327915,2,9,0,18,0,4,0,0,0,0,1,1,6,1,57,9,2688,2,12,-1,2,-1
201514K328015,1,9,0,18,0,0,0,0,0,0,1,1,6,1,45,7,1896,2,16,-1,1,-1
201514K328115,1,8,0,10,0,0,0,0,0,0,3,1,1,1,46,8,2664,2,14,-1,1,-1
201514K328315,1,9,0,18,0,8,0,10,0,0,4,1,6,2,30,6,1598,1,9,-1,1,-1
201514K328315,2,9,0,5,0,8,0,0,0,0,1,1,6,2,40,7,1598,2,1,-1,1,-1
201514K328415,1,9,0,18,0,8,0,0,0,0,1,1,6,3,-1,-1,-1,-1,-1,-1,1,-1
201514K328515,1,9,0,9,0,6,0,0,0,0,1,1,6,2,25,5,998,1,14,-1,1,-1
201514K328515,2,9,0,18,0,1,0,0,0,0,4,1,6,2,47,8,1796,1,8,-1,1,-1
201514K328615,1,9,0,17,0,0,0,0,1,11,1,1,6,2,22,5,1149,1,13,-1,1,-1
201514K328815,1,9,0,18,0,0,0,0,0,0,1,1,6,1,63,9,1596,1,8,-1,1,-1
201514K328915,1,9,0,8,0,1,0,0,0,0,3,1,6,1,42,7,-1,-1,-1,-1,1,-1