Accident_Index,Vehicle_Reference,Vehicle_Type,Towing_and_Articulation,Vehicle_Manoeuvre,Vehicle_Location-Restricted_Lane,Junction_Location,Skidding_and_Overturning,Hit_Object_in_Carriageway,Vehicle_Leaving_Carriageway,Hit_Object_off_Carriageway,1st_Point_of_Impact,Was_Vehicle_Left_Hand_Drive?,Journey_Purpose_of_Driver,Sex_of_Driver,Age_of_Driver,Age_Band_of_Driver,Engine_Capacity_(CC),Propulsion_Code,Age_of_Vehicle,Driver_IMD_Decile,Driver_Home_Area_Type,Vehicle_IMD_Decile
201514K328915,2,9,0,14,0,6,0,0,0,0,4,1,6,2,77,11,1587,1,15,-1,1,-1
201514K329015,1,9,0,16,0,8,0,10,7,10,1,1,6,2,57,9,1242,1,1,-1,3,-1
201514K329115,1,9,0,18,0,1,0,0,0,0,1,1,6,1,21,5,1998,1,13,-1,1,-1
201514K329115,2,1,0,18,0,1,0,0,0,0,2,1,6,1,44,7,-1,-1,-1,-1,1,-1
201514K329215,1,9,0,18,0,6,0,0,0,0,1,1,6,2,20,4,1124,1,12,-1,1,-1
201514K329215,2,9,0,18,0,8,0,0,0,0,3,1,6,2,44,7,2143,2,2,-1,1,-1
201514K329315,1,9,0,18,0,0,0,0,7,0,1,1,6,1,21,5,1896,2,6,-1,1,-1
201514K329315,2,9,0,18,0,0,0,0,0,0,1,1,6,1,58,9,1783,1,16,-1,2,-1
201514K329415,1,9,0,9,0,1,0,0,0,0,1,1,6,2,28,6,1995,2,7,-1,1,-1
201514K329515,1,9,0,9,0,6,0,0,1,0,1,1,6,1,47,8,1497,8,10,-1,1,-1
201514K329515,2,9,0,18,0,1,1,0,0,0,4,1,6,1,26,6,1781,1,11,-1,1,-1
201514K329615,1,9,0,9,0,5,0,0,0,0,1,1,6,1,60,9,1686,2,2,-1,1,-1
201514K329615,2,1,0,18,0,6,0,0,0,0,3,1,6,2,39,7,-1,-1,-1,-1,1,-1
201514K330615,1,19,0,7,0,5,0,0,0,0,2,1,2,1,62,9,2402,2,4,-1,1,-1
201514K330615,2,9,0,18,0,8,0,10,0,0,1,1,6,2,20,4,1199,1,14,-1,3,-1
201514K330715,1,9,0,4,1,8,1,0,0,0,1,1,6,2,30,6,1870,2,12,-1,1,-1
201514K330715,2,9,0,3,1,8,0,0,0,0,2,1,6,2,28,6,1248,2,10,-1,1,-1
201514K330915,1,1,0,18,1,1,0,0,0,0,1,1,6,1,59,9,-1,-1,-1,-1,1,-1
201514K330915,2,9,0,9,1,6,0,0,0,0,4,1,1,1,46,8,-1,-1,-1,-1,1,-1
201514K331215,1,9,0,16,0,0,0,7,0,1,1,1,6,1,81,11,1599,1,8,-1,1,-1
201514K331315,1,9,0,3,0,8,0,0,0,0,3,1,6,1,22,5,1198,1,8,-1,1,-1
201514K331315,2,11,0,7,0,8,0,0,0,0,1,1,1,1,53,8,7300,2,13,-1,1,-1
201514K331415,1,9,0,5,0,1,0,0,0,0,1,1,6,1,36,7,1997,1,10,-1,2,-1
201514K331415,2,9,0,4,0,4,0,0,0,0,2,1,6,1,55,8,1560,2,2,-1,2,-1
201514K331515,1,9,0,18,0,1,0,0,0,0,3,1,2,1,67,10,1797,8,4,-1,1,-1
201514K331815,1,9,0,18,0,8,0,0,0,0,4,1,6,2,48,8,1995,2,12,-1,1,-1
201514K331815,2,9,0,9,0,6,0,0,0,0,1,1,6,1,34,6,1984,1,7,-1,1,-1
201514K331815,3,9,0,18,0,1,0,0,0,0,1,1,6,2,39,7,1598,1,7,-1,1,-1
201514K332215,1,9,0,4,0,1,0,0,0,0,2,1,6,2,64,9,1242,1,3,-1,1,-1
201514K332215,2,3,0,18,0,1,1,0,0,0,1,1,6,1,22,5,124,1,1,-1,1,-1
201514K333015,1,9,0,3,0,0,0,0,0,0,2,1,6,1,45,7,1968,2,-1,-1,1,-1
201514K333015,2,9,0,18,0,0,0,0,0,0,1,1,6,2,19,4,1328,1,9,-1,1,-1
201514K333015,3,9,0,18,0,0,0,0,0,0,1,1,6,1,25,5,1560,2,3,-1,1,-1
201514K333115,1,5,0,18,0,8,0,0,0,0,1,1,6,3,-1,-1,-1,-1,-1,-1,1,-1
201514K333215,1,9,0,16,0,0,0,0,7,4,1,1,6,1,51,8,1995,2,12,-1,1,-1
201514K334215,1,9,0,4,0,1,0,0,3,1,1,1,6,2,26,6,-1,-1,-1,-1,1,-1
201514K334715,1,9,0,5,0,6,0,0,0,0,1,1,2,1,25,5,1229,1,10,-1,1,-1
201514K334715,2,1,0,18,0,8,0,0,0,0,1,1,6,1,54,8,-1,-1,-1,-1,1,-1
201514K335515,1,9,0,15,0,2,0,0,0,0,1,1,6,3,-1,-1,1994,1,18,-1,-1,-1
201514K335515,2,9,0,4,0,2,0,0,0,0,1,1,6,1,61,9,1685,2,-1,-1,1,-1
201514K335515,3,9,0,18,0,1,0,0,0,0,2,1,6,2,50,8,1595,1,5,-1,1,-1
201514K335915,1,9,0,9,0,6,0,0,0,0,1,1,6,1,23,5,1968,2,4,-1,1,-1
201514K335915,2,9,0,18,0,8,0,0,1,4,1,1,1,1,32,6,1997,2,7,-1,1,-1
201514K336215,1,9,0,18,0,0,0,0,0,0,2,1,6,2,28,6,1968,2,5,-1,1,-1
201514K336215,2,9,0,18,0,0,0,0,0,0,1,1,6,1,56,9,1560,2,5,-1,2,-1
201514K336215,3,9,0,18,0,0,0,0,0,0,2,1,6,1,71,10,2494,2,5,-1,3,-1
201514K336215,4,9,0,18,0,0,0,0,0,0,2,1,6,1,32,6,1997,2,-1,-1,1,-1
201514K336215,5,9,0,18,0,0,0,0,0,0,2,1,6,1,40,7,2497,2,6,-1,1,-1
201514K337015,1,9,0,18,0,0,1,0,1,4,4,1,6,1,20,4,1390,1,15,-1,1,-1
201514K337115,1,8,0,18,0,1,0,0,0,0,0,1,1,1,-1,-1,2499,2,5,-1,1,-1
201514K337215,1,11,0,18,0,1,0,0,0,0,1,1,1,1,59,9,4461,2,2,-1,1,-1
201514K337215,2,9,0,3,0,1,0,0,0,0,2,1,6,2,32,6,1598,1,6,-1,1,-1
201514K337215,3,9,0,3,0,1,0,0,0,0,2,1,6,2,51,8,4196,1,9,-1,1,-1
201514K337415,1,9,0,4,1,1,0,0,0,0,1,1,6,1,18,4,1596,1,12,-1,1,-1
201514K337415,2,8,0,9,1,5,0,0,0,0,2,1,1,1,36,7,1997,2,7,-1,1,-1
201514K337515,1,8,0,5,0,6,0,0,0,0,4,1,1,1,39,7,1598,2,5,-1,1,-1
201514K337515,2,9,0,18,0,1,1,4,1,0,1,1,6,1,-1,-1,1686,2,5,-1,1,-1
201514K337515,3,9,0,2,0,1,0,0,0,0,1,1,6,3,-1,-1,1956,2,-1,-1,-1,-1
201514K338315,1,9,0,18,0,1,0,0,0,0,4,1,6,1,21,5,1900,2,10,-1,1,-1
201514K338315,2,2,0,18,0,6,0,0,0,0,1,1,6,1,14,3,-1,-1,-1,-1,1,-1
201514K338415,1,9,0,9,0,8,0,7,0,0,1,1,6,1,45,7,1956,2,-1,-1,1,-1
201514K338515,1,9,0,18,0,2,0,0,0,0,1,1,2,2,22,5,1390,1,4,-1,3,-1
201514K338715,1,9,0,9,0,5,0,0,0,0,1,1,6,3,-1,-1,2171,1,14,-1,1,-1
201514K338915,1,9,0,18,0,1,0,0,0,0,1,1,6,1,57,9,1997,2,9,-1,-1,-1
201514K338915,2,9,0,5,0,6,0,0,0,0,1,1,6,1,71,10,1229,1,9,-1,1,-1
201514K339015,1,9,0,4,0,0,0,0,0,0,2,1,6,1,49,8,1598,2,-1,-1,1,-1
201514K339015,2,9,0,4,0,0,0,0,0,0,1,1,6,2,36,7,1997,2,-1,-1,1,-1
201514K339115,1,2,0,18,0,8,0,0,0,0,1,1,6,1,18,4,49,1,9,-1,1,-1
201514K339115,2,9,0,9,0,6,0,0,0,0,1,1,6,1,20,4,1995,2,10,-1,1,-1
201514K339515,1,9,0,18,0,0,0,0,0,0,3,1,6,1,24,5,1984,1,8,-1,1,-1
201514K339515,2,1,0,18,0,0,0,0,0,0,1,1,6,1,14,3,-1,-1,-1,-1,1,-1
201514K339615,1,8,0,18,0,2,0,0,0,0,1,1,1,1,32,6,2402,2,12,-1,1,-1
201514K339715,1,9,0,18,0,0,0,0,0,9,1,1,6,1,19,4,1364,1,9,-1,1,-1
201514K339815,1,9,0,18,0,2,0,0,0,0,1,1,1,1,45,7,-1,-1,-1,-1,1,-1
201514K339915,1,9,0,18,0,0,0,0,0,0,3,1,6,2,33,6,999,1,14,-1,1,-1
201514K339915,2,19,0,6,0,0,0,0,0,0,1,1,6,3,-1,-1,1968,2,3,-1,-1,-1
201514K340015,1,9,0,18,0,1,0,0,0,0,1,1,2,1,61,9,1248,2,8,-1,1,-1
201514K340015,2,9,0,9,0,6,0,0,0,0,1,1,6,1,28,6,-1,-1,-1,-1,1,-1
201514K340115,1,9,0,17,0,0,0,0,1,9,1,1,6,2,42,7,1242,1,11,-1,2,-1
201514K340215,1,9,0,9,0,6,0,0,0,0,1,1,6,1,28,6,1997,1,12,-1,2,-1
201514K340215,2,9,0,18,0,8,0,0,0,0,4,1,6,1,19,4,1149,1,14,-1,1,-1
201514K340415,1,9,0,18,0,6,0,0,0,0,1,1,6,1,22,5,1995,2,3,-1,1,-1
201514K340415,2,9,0,18,0,8,0,0,1,10,1,1,6,1,26,6,-1,-1,-1,-1,1,-1
201514K340715,1,9,0,5,0,0,0,0,0,0,2,1,6,2,33,6,1399,1,7,-1,1,-1
201514K340715,2,9,0,5,0,0,0,0,0,0,1,1,6,2,34,6,998,1,16,-1,1,-1
201514K340815,1,9,0,18,0,8,0,0,0,0,1,1,6,3,-1,-1,1798,1,8,-1,1,-1
201514K340815,2,9,0,18,0,8,0,0,1,0,3,1,1,2,45,7,1991,2,7,-1,1,-1
201514K340915,1,9,0,9,0,8,0,0,0,0,1,1,6,2,25,5,999,1,-1,-1,1,-1
201514K340915,2,9,0,18,0,8,0,0,0,0,1,1,6,1,25,5,1686,2,9,-1,1,-1
201514K341215,1,9,0,17,0,0,0,0,0,0,1,1,6,1,18,4,1242,1,17,-1,2,-1
201514K341215,2,9,0,16,0,0,1,0,0,0,1,1,6,2,36,7,1598,2,3,-1,2,-1
201514K341315,1,9,0,4,0,0,0,0,0,0,2,1,3,2,52,8,1248,2,6,-1,1,-1
201514K341315,2,9,0,4,0,0,0,0,0,0,1,1,6,1,25,5,1587,1,14,-1,1,-1
201514K341415,1,11,0,18,0,1,0,0,0,0,0,1,1,1,41,7,9000,2,5,-1,1,-1
201514K341515,1,9,0,18,0,8,0,0,0,0,1,1,6,2,61,9,999,1,-1,-1,1,-1
201514K341515,2,9,0,8,0,6,0,0,0,0,1,1,6,2,35,6,1910,2,10,-1,1,-1
201514K342015,1,8,0,7,0,2,0,0,0,0,1,1,1,1,42,7,2664,2,12,-1,1,-1
201514K342115,1,9,0,16,0,0,1,0,0,0,1,1,6,3,-1,-1,1364,1,10,-1,-1,-1
201514K342115,2,21,0,3,0,0,0,0,0,0,3,1,1,1,48,8,6870,2,9,-1,1,-1
201514K342215,1,9,0,18,0,1,0,0,0,0,1,1,6,2,32,6,1997,2,1,-1,1,-1
201514K342215,2,9,0,9,0,5,0,0,0,0,1,1,6,2,54,8,1242,1,13,-1,2,-1
201514K342315,1,1,0,18,0,0,0,0,0,0,1,1,6,3,-1,-1,-1,-1,-1,-1,1,-1
201514K342415,1,9,0,18,0,0,0,0,0,0,1,1,6,1,62,9,1198,1,1,-1,1,-1
201514K342415,2,9,0,18,0,0,0,0,0,0,1,1,6,1,24,5,2496,2,13,-1,1,-1
201514K342415,3,9,0,2,0,0,0,0,0,0,3,1,6,2,48,8,1598,2,2,-1,1,-1
201514K342515,1,2,0,5,0,1,0,4,0,0,1,1,6,1,31,6,50,1,3,-1,-1,-1
201514K342515,2,9,0,9,0,2,0,0,0,0,4,1,6,1,37,7,2993,2,3,-1,2,-1
201514K342515,3,9,0,2,0,1,0,0,0,0,3,1,6,1,-1,-1,1360,1,11,-1,1,-1
201514K342615,1,9,0,18,0,0,2,4,1,3,1,1,6,1,21,5,1781,1,13,-1,1,-1
201514K342615,2,9,0,2,0,0,0,0,0,0,0,1,6,2,26,6,1242,1,6,-1,1,-1
201514K342615,3,9,0,2,0,0,0,0,0,0,0,1,6,1,58,9,1598,2,1,-1,1,-1
201514K342615,4,9,0,2,0,0,0,0,0,0,0,1,6,1,63,9,1242,1,5,-1,1,-1
201514K342615,5,9,0,2,0,0,0,0,0,0,0,1,6,1,33,6,1796,1,8,-1,-1,-1
201514K342815,1,9,0,7,0,5,0,0,0,0,4,1,6,3,-1,-1,1968,2,4,-1,-1,-1
201514K342815,2,1,0,7,0,8,0,0,0,0,1,1,6,1,25,5,-1,-1,-1,-1,1,-1
2015160A00011,1,9,0,7,0,4,0,0,0,0,1,1,1,1,61,9,1910,2,7,-1,1,-1
2015160A00011,2,1,0,18,0,8,0,0,0,0,4,1,1,1,30,6,-1,-1,-1,-1,-1,-1
2015160A00021,1,9,0,18,0,8,0,0,0,0,1,1,6,1,53,8,995,1,8,-1,1,-1
2015160A00021,2,9,0,18,0,8,0,0,0,0,3,1,6,2,53,8,-1,-1,-1,-1,1,-1
2015160A00031,1,9,0,18,0,8,0,0,0,0,3,1,6,1,43,7,1753,2,6,-1,1,-1
2015160A00031,2,9,0,18,0,8,0,0,0,0,1,1,6,2,37,7,1794,1,12,-1,1,-1
2015160A00041,1,9,0,18,0,0,1,4,0,0,1,1,6,1,27,6,2967,1,13,-1,1,-1
2015160A00041,2,9,0,18,0,0,0,0,0,0,1,1,6,1,37,7,1560,2,9,-1,1,-1
2015160A00061,1,9,0,18,0,0,5,0,0,0,3,1,6,2,31,6,-1,-1,-1,-1,1,-1
2015160A00061,2,9,0,2,0,0,0,0,0,0,4,1,6,1,-1,-1,-1,-1,-1,-1,-1,-1
2015160A00071,1,9,0,18,0,0,0,0,0,0,4,1,6,3,-1,-1,-1,-1,-1,-1,-1,-1
2015160A00081,1,9,0,16,0,0,0,0,7,1,1,1,2,1,46,8,1560,2,10,-1,1,-1
2015160A00091,1,9,0,18,0,8,0,0,0,0,1,1,6,1,53,8,2198,1,13,-1,1,-1
2015160A00091,2,9,0,18,0,8,0,0,0,0,4,1,6,1,64,9,1910,2,8,-1,1,-1
2015160A00101,1,9,0,18,0,0,0,0,0,0,1,1,6,1,22,5,1596,1,1,-1,2,-1
2015160A00111,1,19,0,18,0,1,0,0,0,0,4,1,6,1,33,6,2198,2,8,-1,1,-1
2015160A00111,2,9,0,12,0,1,0,0,0,0,1,1,6,1,-1,-1,1796,1,9,-1,1,-1
2015160A00121,1,4,0,4,0,1,1,0,0,0,0,1,6,1,21,5,125,1,1,-1,1,-1
2015160A00131,1,9,0,10,0,8,0,0,0,0,2,1,1,1,45,7,1956,2,5,-1,1,-1
2015160A00131,2,19,0,3,0,1,0,0,0,0,1,1,1,1,58,9,2402,2,9,-1,1,-1
2015160A00141,1,9,0,3,0,8,0,0,0,0,2,1,1,1,41,7,-1,-1,-1,-1,-1,-1
2015160A00141,2,9,0,18,0,8,0,0,0,0,1,1,6,1,35,6,-1,-1,-1,-1,1,-1
2015160A00151,1,9,0,9,0,6,0,0,1,1,3,1,6,1,54,8,-1,-1,-1,-1,1,-1
2015160A00151,2,9,0,18,0,8,0,0,0,0,1,1,6,1,52,8,1229,1,7,-1,1,-1
2015160A00161,1,9,0,7,0,6,0,0,0,0,3,1,2,1,33,6,1598,2,1,-1,1,-1
2015160A00161,2,5,0,18,0,8,0,0,0,0,1,1,2,1,56,9,899,1,15,-1,1,-1
2015160A00171,1,5,0,18,0,0,0,0,0,0,3,1,6,1,54,8,859,1,27,-1,1,-1
2015160A00181,1,9,0,2,0,0,0,0,0,0,3,1,6,1,52,8,-1,-1,-1,-1,1,-1
2015160A00181,2,1,0,14,0,0,0,0,0,0,1,1,6,1,33,6,-1,-1,-1,-1,1,-1
2015160A00191,1,9,0,1,0,5,0,0,0,0,2,1,6,2,45,7,-1,-1,-1,-1,1,-1
2015160A00201,1,9,0,1,0,0,0,0,0,0,3,1,6,2,41,7,1582,2,5,-1,1,-1
2015160A00201,2,3,0,18,0,0,0,0,0,0,4,1,6,1,49,8,125,1,2,-1,1,-1
2015160A00211,1,9,0,9,0,8,0,0,0,0,4,1,6,1,70,10,2497,1,15,-1,1,-1
2015160A00211,2,9,0,18,0,8,0,0,0,0,1,1,6,2,27,6,998,1,2,-1,1,-1
2015160A00221,1,4,0,18,0,0,0,0,0,0,3,1,6,1,17,4,-1,-1,-1,-1,1,-1
2015160A00221,2,19,0,13,0,0,0,0,0,0,4,1,6,3,-1,-1,-1,-1,-1,-1,-1,-1
2015160A00231,1,9,0,18,9,0,0,0,0,0,1,1,2,1,70,10,1796,1,8,-1,1,-1
2015160A00241,1,9,0,18,0,8,0,0,0,0,1,1,6,2,39,7,-1,-1,-1,-1,1,-1
2015160A00241,2,4,0,18,0,8,0,0,0,0,1,1,6,1,19,4,125,1,10,-1,1,-1
2015160A00251,1,9,0,18,0,0,0,0,0,0,1,1,6,1,20,4,1968,2,5,-1,3,-1
2015160A00251,2,1,0,18,0,0,0,0,0,0,1,1,6,1,16,4,-1,-1,-1,-1,1,-1
2015160A00261,1,4,0,18,0,0,1,0,0,0,3,1,6,1,23,5,-1,-1,-1,-1,1,-1
2015160A00271,1,19,0,4,0,1,0,10,0,0,4,1,1,1,38,7,1968,2,5,-1,1,-1
2015160A00281,1,9,0,2,0,2,0,0,0,0,3,1,6,1,37,7,1956,2,1,-1,1,-1
2015160A00281,2,9,0,7,0,2,0,0,0,0,1,1,6,1,41,7,1968,2,7,-1,1,-1
2015160A00291,1,9,0,18,0,4,0,0,0,0,1,1,6,1,28,6,2171,2,12,-1,1,-1
2015160A00291,2,1,0,18,0,3,0,0,0,0,2,1,6,2,34,6,-1,-1,-1,-1,1,-1
2015160A00301,1,9,0,12,0,4,0,0,0,0,1,1,6,1,45,7,1587,1,14,-1,1,-1
2015160A00301,2,9,0,18,0,3,0,0,0,0,1,1,6,1,30,6,-1,-1,-1,-1,1,-1
2015160A00311,1,9,0,18,0,0,0,0,0,0,1,1,6,1,-1,-1,2993,2,10,-1,-1,-1
2015160A00311,2,9,0,3,0,0,0,0,0,0,2,1,6,1,45,7,1968,2,8,-1,1,-1
2015160A00321,1,9,0,7,0,1,0,0,0,0,3,1,6,2,42,7,1799,1,10,-1,1,-1
2015160A00321,2,1,0,18,0,6,0,0,0,0,1,1,6,2,42,7,-1,-1,-1,-1,1,-1
2015160A00331,1,19,0,18,0,4,0,0,0,0,3,1,2,1,43,7,1461,2,4,-1,1,-1
2015160A00331,2,1,0,9,0,8,0,0,0,0,1,1,2,2,50,8,-1,-1,-1,-1,1,-1
2015160A00341,1,9,0,18,0,0,0,0,0,0,1,1,6,1,50,8,-1,-1,-1,-1,1,-1
2015160A00371,1,9,0,4,0,1,1,0,0,0,1,1,1,2,38,7,-1,-1,-1,-1,2,-1
2015160A00371,2,21,0,18,0,8,0,0,0,0,3,1,1,1,50,8,12419,2,1,-1,2,-1
2015160A00381,1,9,0,18,0,0,0,0,0,0,1,1,6,1,18,4,-1,-1,-1,-1,-1,-1
2015160A00391,1,9,0,18,0,0,0,0,0,0,1,1,6,1,58,9,-1,-1,-1,-1,1,-1
2015160A00391,2,9,0,18,0,0,0,0,0,0,2,1,6,2,41,7,1598,2,4,-1,1,-1
2015160A00391,3,19,0,4,0,0,0,0,0,0,2,1,6,1,40,7,1560,2,2,-1,1,-1
2015160A00401,1,9,0,9,0,8,0,0,0,0,1,1,6,1,67,10,1599,1,10,-1,1,-1
2015160A00401,2,9,0,18,0,8,0,0,0,0,1,1,6,1,75,10,1560,2,6,-1,1,-1
2015160A00411,1,9,0,18,0,8,0,0,0,0,1,1,6,1,35,6,1298,1,14,-1,1,-1
2015160A00411,2,9,0,18,0,8,0,0,0,0,1,1,6,1,60,9,-1,-1,-1,-1,1,-1
2015160A00421,1,9,0,3,0,1,0,0,0,0,2,1,6,2,32,6,1360,1,15,-1,1,-1
2015160A00421,2,9,0,18,0,1,0,0,0,0,1,1,6,2,61,9,1582,2,6,-1,1,-1
2015160A00431,1,19,0,1,6,2,0,0,0,0,2,1,1,1,60,9,-1,-1,-1,-1,3,-1
2015160A00441,1,9,0,18,0,0,0,0,0,0,1,1,2,1,37,7,1599,1,11,-1,1,-1
2015160A00441,2,9,0,18,0,0,0,0,0,0,2,1,6,1,43,7,2184,2,11,-1,1,-1
2015160A00441,3,9,0,4,0,0,0,0,0,0,2,1,6,1,30,6,2500,2,24,-1,1,-1
2015160A00451,1,9,0,9,0,8,0,0,0,0,3,1,6,1,62,9,1598,1,9,-1,1,-1
2015160A00451,2,9,0,18,0,8,0,0,0,0,1,1,6,2,23,5,-1,-1,-1,-1,2,-1
2015160A00461,1,9,0,18,0,0,1,0,0,4,4,1,6,1,20,4,-1,-1,-1,-1,1,-1
2015160A00471,1,5,0,18,0,0,0,0,0,0,4,1,2,1,50,8,1250,1,5,-1,1,-1
2015160A00481,1,5,0,18,0,0,0,0,0,0,4,1,6,1,43,7,998,1,12,-1,1,-1
2015160A00491,1,9,0,17,0,0,0,0,0,0,1,1,1,1,52,8,-1,-1,-1,-1,1,-1
2015160A00491,2,9,0,16,0,0,0,0,0,0,1,1,6,2,72,10,1997,2,14,-1,2,-1
2015160A00511,1,4,0,7,0,5,0,0,0,0,3,1,6,1,50,8,-1,-1,-1,-1,1,-1
2015160A00521,1,9,0,18,0,8,0,0,0,0,3,1,6,1,86,11,1198,1,5,-1,1,-1
2015160A00521,2,1,0,18,0,8,1,0,0,0,1,1,6,2,43,7,-1,-1,-1,-1,1,-1
2015160A00531,1,9,0,3,0,1,0,0,0,0,2,1,6,2,22,5,-1,-1,-1,-1,1,-1
2015160A00531,2,1,0,18,0,1,0,0,0,0,1,1,6,2,40,7,-1,-1,-1,-1,1,-1
2015160A00541,1,5,0,18,0,8,0,0,0,0,1,1,6,1,40,7,749,1,10,-1,1,-1
2015160A00541,2,19,0,9,0,8,0,0,0,0,4,1,6,1,-1,-1,2143,2,1,-1,1,-1
2015160A00551,1,9,0,3,0,1,0,0,0,0,2,1,6,1,59,9,-1,-1,-1,-1,-1,-1
2015160A00551,2,9,0,18,0,1,0,0,0,0,1,1,1,1,39,7,1968,2,4,-1,-1,-1
2015160A00561,1,9,0,18,0,8,0,0,0,0,1,1,6,2,47,8,1560,2,1,-1,2,-1
2015160A00561,2,9,0,9,0,8,0,0,0,0,3,1,6,1,28,6,-1,-1,-1,-1,2,-1
2015160A00571,1,9,0,9,0,2,0,0,1,0,1,1,6,2,60,9,-1,-1,-1,-1,1,-1
2015160A00581,1,9,0,18,0,1,0,0,0,0,1,1,6,2,34,6,-1,-1,-1,-1,1,-1
2015160A00611,1,19,0,7,0,4,0,0,0,0,2,1,6,1,50,8,-1,-1,-1,-1,3,-1
2015160A00611,2,9,0,18,0,4,0,0,0,0,1,1,6,2,81,11,1198,1,1,-1,3,-1
2015160A00621,1,9,0,3,0,1,0,0,0,0,2,1,6,1,27,6,1390,1,14,-1,1,-1
2015160A00621,2,9,0,18,0,1,0,0,0,0,1,1,6,2,36,7,1753,2,8,-1,1,-1
2015160A00631,1,8,0,18,0,0,0,0,0,0,1,1,1,1,37,7,1560,2,3,-1,1,-1
2015160A00631,2,9,0,4,0,0,0,0,0,0,2,1,6,1,51,8,2290,1,16,-1,1,-1
2015160A00631,3,9,0,4,0,0,0,0,0,0,2,1,6,1,17,4,998,1,5,-1,1,-1
2015160A00641,1,21,0,17,0,0,0,0,0,0,1,1,1,1,46,8,-1,-1,-1,-1,-1,-1
2015160A00641,2,9,0,16,0,0,0,0,1,0,1,1,6,2,21,5,1229,1,5,-1,2,-1
2015160A00661,1,9,0,9,0,8,0,0,0,0,4,1,6,1,31,6,1360,1,14,-1,1,-1
2015160A00661,2,4,0,18,0,8,0,0,0,0,1,1,6,1,46,8,124,1,16,-1,1,-1
2015160A00671,1,9,0,13,0,0,1,0,5,6,1,1,6,1,22,5,1149,1,10,-1,1,-1
2015160A00681,1,9,0,7,0,8,0,0,0,0,1,1,6,2,59,9,-1,-1,-1,-1,1,-1
2015160A00691,1,9,0,7,0,8,0,0,0,0,1,1,6,1,35,6,1598,1,8,-1,1,-1
2015160A00691,2,1,0,18,0,8,0,0,0,0,1,1,6,1,45,7,-1,-1,-1,-1,1,-1
2015160A00701,1,21,0,18,0,1,0,0,0,0,1,1,1,1,58,9,10518,2,1,-1,1,-1
2015160A00701,2,9,0,3,0,1,0,0,0,0,2,1,6,1,26,6,1560,2,2,-1,1,-1
2015160A00711,1,9,0,18,0,2,0,0,0,0,1,1,6,1,40,7,1298,1,10,-1,-1,-1
2015160A00731,1,9,0,18,0,1,0,0,0,0,1,1,6,3,-1,-1,1396,1,2,-1,-1,-1
2015160A00731,2,1,0,18,0,1,0,0,0,0,2,1,6,1,29,6,-1,-1,-1,-1,1,-1
2015160A00741,1,1,0,5,0,2,0,0,0,0,1,1,6,1,44,7,-1,-1,-1,-1,1,-1
2015160A00741,2,9,0,18,0,2,0,0,0,0,4,1,6,2,49,8,1461,2,3,-1,1,-1
2015160A00751,1,3,0,18,0,8,1,0,0,0,4,1,6,1,19,4,49,1,2,-1,1,-1
2015160A00761,1,9,0,18,0,0,0,0,0,0,1,1,3,2,46,8,1242,1,7,-1,3,-1
2015160A00771,1,9,0,12,0,0,0,0,0,0,3,1,6,3,-1,-1,-1,-1,-1,-1,-1,-1
2015160A00771,2,9,0,18,0,0,0,0,0,0,4,1,6,2,19,4,973,1,12,-1,-1,-1
2015160A00771,3,9,0,18,0,0,0,0,0,0,4,1,6,1,26,6,-1,-1,-1,-1,2,-1
2015160A00791,1,9,0,14,0,0,0,4,0,0,1,1,2,1,63,9,1397,1,6,-1,1,-1
2015160A00791,2,21,0,2,0,0,0,0,0,0,3,1,1,1,50,8,-1,-1,-1,-1,-1,-1
2015160A00791,3,9,0,18,0,0,0,0,0,0,0,1,6,3,-1,-1,-1,-1,-1,-1,-1,-1
2015160A00801,1,9,0,9,0,6,0,0,0,0,1,1,6,1,40,7,1956,2,5,-1,2,-1
2015160A00801,2,3,0,18,0,8,0,0,0,0,4,1,6,1,47,8,125,1,52,-1,1,-1
2015160A00811,1,9,0,18,0,2,0,0,0,0,1,1,6,2,-1,-1,1198,1,7,-1,1,-1
2015160A00821,1,1,0,18,0,2,0,0,0,0,2,1,6,1,39,7,-1,-1,-1,-1,1,-1
2015160A00821,2,9,0,4,0,2,0,0,0,0,1,1,6,2,40,7,1242,1,10,-1,1,-1
2015160A00831,1,9,0,4,0,8,0,0,0,0,1,1,6,1,23,5,2494,2,9,-1,1,-1
2015160A00831,2,9,0,18,0,8,0,0,0,0,2,1,6,2,35,6,990,1,16,-1,1,-1
2015160A00841,1,1,0,18,0,0,0,0,0,0,1,1,1,1,50,8,-1,-1,-1,-1,1,-1
2015160A00841,2,22,0,2,6,0,0,0,0,0,3,1,6,1,51,8,-1,-1,-1,-1,-1,-1
2015160A00851,1,9,0,18,0,8,0,0,0,0,1,1,6,2,43,7,1997,2,12,-1,1,-1
2015160A00851,2,9,0,18,0,8,0,0,0,0,1,1,6,2,43,7,-1,-1,-1,-1,1,-1
2015160A00861,1,9,0,18,0,2,0,0,0,0,4,1,6,1,89,11,1968,2,8,-1,1,-1
2015160A00871,1,9,0,7,0,8,0,0,0,0,1,1,6,3,-1,-1,-1,-1,-1,-1,-1,-1
2015160A00871,2,1,0,18,0,8,0,0,0,0,1,1,6,1,33,6,-1,-1,-1,-1,1,-1
2015160A00881,1,9,0,9,0,8,0,0,0,0,1,1,6,1,49,8,-1,-1,-1,-1,1,-1
2015160A00881,2,1,0,18,0,8,0,0,0,0,1,1,6,1,17,4,-1,-1,-1,-1,1,-1
2015160A00901,1,9,0,18,0,6,0,0,0,0,3,1,6,2,38,7,1299,1,13,-1,1,-1