Accident_Index,Vehicle_Reference,Vehicle_Type,Towing_and_Articulation,Vehicle_Manoeuvre,Vehicle_Location-Restricted_Lane,Junction_Location,Skidding_and_Overturning,Hit_Object_in_Carriageway,Vehicle_Leaving_Carriageway,Hit_Object_off_Carriageway,1st_Point_of_Impact,Was_Vehicle_Left_Hand_Drive?,Journey_Purpose_of_Driver,Sex_of_Driver,Age_of_Driver,Age_Band_of_Driver,Engine_Capacity_(CC),Propulsion_Code,Age_of_Vehicle,Driver_IMD_Decile,Driver_Home_Area_Type,Vehicle_IMD_Decile
2015160A02511,2,19,0,18,0,4,0,0,0,0,2,1,6,3,-1,-1,-1,-1,-1,-1,-1,-1
2015160A02521,1,9,0,18,0,1,0,0,0,0,1,1,6,2,66,10,1296,1,7,-1,1,-1
2015160A02521,2,1,0,18,0,1,0,0,0,0,3,1,6,2,33,6,-1,-1,-1,-1,1,-1
2015160A02531,1,9,0,9,0,8,0,0,0,0,4,1,6,2,56,9,1598,1,12,-1,2,-1
2015160A02531,2,1,0,18,0,8,0,0,0,0,1,1,6,2,31,6,-1,-1,-1,-1,-1,-1
2015160A02551,1,9,0,17,0,0,0,0,1,0,1,1,6,2,24,5,1968,2,1,-1,1,-1
2015160A02551,2,9,0,16,0,0,1,0,0,0,1,1,6,2,46,8,1199,1,13,-1,3,-1
2015160A02561,1,9,0,5,0,1,0,0,0,0,3,1,6,3,-1,-1,-1,-1,-1,-1,-1,-1
2015160A02571,1,9,0,7,0,2,0,0,0,0,1,1,6,2,41,7,1461,2,1,-1,1,-1
2015160A02571,2,9,0,2,0,2,0,10,1,11,3,1,6,3,-1,-1,1242,1,2,-1,-1,-1
2015160A02591,1,9,0,5,0,4,0,0,0,0,1,1,6,3,-1,-1,-1,-1,-1,-1,-1,-1
2015160A02591,2,1,0,9,0,8,0,0,0,0,2,1,6,1,44,7,-1,-1,-1,-1,1,-1
2015160A02611,1,9,0,18,0,8,0,0,0,0,1,1,6,3,-1,-1,-1,-1,-1,-1,-1,-1
2015160A02611,2,1,0,18,0,8,0,0,0,0,4,1,6,1,25,5,-1,-1,-1,-1,1,-1
2015160A02621,1,11,0,4,0,0,0,0,0,0,0,1,1,2,44,7,7300,2,14,-1,1,-1
2015160A02631,1,9,0,18,0,1,0,0,0,0,3,1,6,1,69,10,1496,1,-1,-1,1,-1
2015160A02641,1,9,0,8,0,8,0,0,0,0,2,1,6,2,27,6,1390,1,5,-1,1,-1
2015160A02641,2,1,0,18,0,1,0,0,0,0,1,1,6,1,63,9,-1,-1,-1,-1,1,-1
2015160A02651,1,9,0,5,0,6,0,0,0,0,1,1,6,1,86,11,1229,1,8,-1,1,-1
2015160A02651,2,1,0,17,0,8,0,0,0,0,4,1,6,1,11,3,-1,-1,-1,-1,1,-1
2015160A02661,1,9,0,18,0,8,0,0,0,0,1,1,6,3,-1,-1,-1,-1,-1,-1,-1,-1
2015160A02661,2,1,0,9,0,8,0,0,0,0,2,1,6,1,76,11,-1,-1,-1,-1,1,-1
2015160A02671,1,9,0,9,0,8,0,0,0,0,1,1,6,2,43,7,1587,1,12,-1,-1,-1
2015160A02681,1,9,0,18,0,1,0,0,0,0,1,1,6,2,60,9,1242,1,11,-1,1,-1
2015160A02691,1,3,0,7,0,5,0,0,0,0,4,1,6,1,58,9,124,1,11,-1,2,-1
2015160A02711,1,1,0,18,0,8,0,0,0,0,2,1,6,1,30,6,-1,-1,-1,-1,1,-1
2015160A02711,2,9,0,18,0,8,0,0,0,0,1,1,2,1,34,6,1590,1,12,-1,1,-1
2015160A02731,1,9,0,18,0,0,0,0,0,0,1,1,1,1,27,6,-1,-1,-1,-1,1,-1
2015160A02731,2,9,0,4,0,0,0,0,0,0,2,1,1,1,34,6,1124,1,15,-1,1,-1
2015160A02731,3,9,0,4,0,0,0,0,0,0,2,1,1,1,21,5,1229,1,-1,-1,1,-1
2015160A02751,1,1,0,18,0,6,0,0,0,0,1,1,6,2,30,6,-1,-1,-1,-1,1,-1
2015160A02751,2,19,0,7,0,2,0,0,0,0,4,1,6,1,43,7,2198,2,2,-1,1,-1
2015160A02761,1,9,0,18,0,8,0,0,0,0,1,1,6,3,-1,-1,-1,-1,-1,-1,-1,-1
2015160A02771,1,9,0,9,0,8,0,0,0,0,3,1,6,2,22,5,1199,1,14,-1,1,-1
2015160A02771,2,9,0,18,0,8,0,0,0,0,1,1,6,2,30,6,1598,1,11,-1,1,-1
2015160A02781,1,3,0,12,0,0,0,0,0,0,1,1,6,1,25,5,-1,-1,-1,-1,1,-1
2015160A02781,2,9,0,18,0,0,0,0,0,0,1,1,6,2,41,7,-1,-1,-1,-1,1,-1
2015160A02791,1,9,0,18,0,4,5,10,0,0,4,1,6,1,21,5,1396,1,14,-1,1,-1
2015160A02801,1,9,0,17,0,0,0,0,1,9,1,1,6,2,52,8,1598,2,3,-1,1,-1
2015160A02811,1,9,0,10,0,1,0,0,0,0,2,1,6,2,87,11,1339,1,12,-1,3,-1
2015160A02811,2,9,0,3,0,1,0,0,0,0,2,1,6,1,72,10,1364,1,1,-1,1,-1
2015160A02811,3,9,0,18,0,1,0,0,0,0,1,1,6,1,58,9,2231,2,8,-1,1,-1
2015160A02831,1,3,0,18,0,8,0,0,0,0,1,1,6,1,34,6,-1,-1,-1,-1,1,-1
2015160A02831,2,9,0,10,0,8,0,0,0,0,1,1,6,2,35,6,1997,2,12,-1,1,-1
2015160A02841,1,9,0,18,0,0,0,0,0,0,1,1,6,2,28,6,1388,1,12,-1,1,-1
2015160A02841,2,9,0,18,0,0,0,0,0,0,2,1,6,1,-1,-1,1685,2,1,-1,1,-1
2015160A02851,1,9,0,7,0,8,0,0,0,0,1,1,6,1,28,6,1956,2,4,-1,1,-1
2015160A02851,2,9,0,18,0,8,0,0,0,0,1,1,6,2,54,8,1995,2,5,-1,1,-1
2015160A02861,1,9,0,18,0,0,0,0,0,0,1,1,6,1,18,4,1598,1,6,-1,1,-1
2015160A02861,2,9,0,3,0,0,0,0,0,0,2,1,6,2,46,8,1197,1,-1,-1,1,-1
2015160A02871,1,1,0,18,0,0,0,0,0,0,4,1,1,1,22,5,-1,-1,-1,-1,1,-1
2015160A02871,2,9,0,13,0,0,0,0,0,0,4,1,6,1,33,6,1796,1,12,-1,1,-1
2015160A02881,1,9,0,7,0,0,0,0,0,0,1,1,6,1,50,8,-1,-1,-1,-1,1,-1
2015160A02881,2,1,0,14,0,0,0,0,0,0,3,1,6,1,18,4,-1,-1,-1,-1,1,-1
2015160A02891,1,9,0,10,0,1,0,0,0,0,2,1,6,2,35,6,1998,1,2,-1,3,-1
2015160A02891,2,9,0,18,0,1,0,0,0,0,1,1,6,2,29,6,1396,1,13,-1,1,-1
2015160A02901,1,11,0,18,0,0,0,0,0,0,0,1,1,1,36,7,8300,2,9,-1,1,-1
2015160A02901,2,9,0,11,0,0,0,0,0,0,0,1,6,1,-1,-1,1396,1,15,-1,1,-1
2015160A02911,1,9,0,18,0,0,0,0,0,0,1,1,6,1,47,8,1596,1,13,-1,1,-1
2015160A02911,2,1,0,12,0,0,0,0,0,0,1,1,6,1,53,8,-1,-1,-1,-1,1,-1
2015160A02921,1,9,0,18,0,0,0,0,0,0,1,1,6,2,45,7,1086,1,9,-1,1,-1
2015160A02921,2,9,0,18,0,0,0,0,0,0,1,1,6,2,36,7,1868,2,16,-1,1,-1
2015160A02931,1,9,0,10,0,8,0,0,0,0,0,1,6,3,23,5,1390,1,-1,-1,2,-1
2015160A02931,2,1,0,18,0,8,0,0,0,0,0,1,6,1,15,3,-1,-1,-1,-1,1,-1
2015160A02941,1,9,0,3,0,3,0,0,0,0,2,1,6,2,60,9,1995,2,5,-1,3,-1
2015160A02941,2,9,0,18,0,3,0,0,0,0,1,1,6,1,48,8,1200,1,1,-1,1,-1
2015160A02951,1,9,0,18,0,6,0,0,0,0,1,1,6,1,22,5,1997,2,5,-1,1,-1
2015160A02951,2,4,0,18,0,8,0,0,0,0,1,1,6,1,20,4,125,1,11,-1,1,-1
2015160A02971,1,5,0,17,0,8,0,0,1,9,1,1,6,1,48,8,498,1,21,-1,1,-1
2015160A02981,1,1,0,18,0,0,0,0,0,0,1,1,6,1,10,2,-1,-1,-1,-1,1,-1
2015160A02981,2,9,0,2,0,0,0,0,0,0,2,1,6,3,-1,-1,1149,1,7,-1,-1,-1
2015160A02991,1,9,0,5,0,1,0,0,0,0,1,1,6,1,33,6,1998,1,6,-1,-1,-1
2015160A03001,1,9,0,5,0,4,0,0,0,0,1,1,6,2,77,11,1360,1,12,-1,1,-1
2015160A03001,2,9,0,18,0,8,0,0,0,0,4,1,6,2,29,6,1360,1,11,-1,1,-1
2015160A03011,1,9,0,18,0,3,1,7,3,7,1,1,6,1,20,4,1368,1,6,-1,1,-1
2015160A03021,1,9,0,18,0,4,0,0,0,0,1,1,6,1,75,10,1364,1,9,-1,1,-1
2015160A03021,2,1,0,18,0,8,0,0,0,0,4,1,2,1,41,7,-1,-1,-1,-1,1,-1
2015160A03031,1,9,0,5,0,1,0,0,0,0,3,1,6,1,74,10,1396,1,2,-1,1,-1
2015160A03031,2,1,0,18,0,1,0,0,0,0,1,1,6,1,23,5,-1,-1,-1,-1,1,-1
2015160A03041,1,11,0,18,0,0,0,0,0,0,0,1,1,1,47,8,8268,2,10,-1,1,-1
2015160A03041,2,9,0,11,0,0,0,0,0,0,0,1,6,3,-1,-1,-1,-1,-1,-1,-1,-1
2015160A03051,1,9,0,13,0,0,0,0,7,9,1,1,6,1,28,6,1598,1,12,-1,1,-1
2015160A03051,2,21,1,18,0,0,0,0,0,0,3,1,1,1,47,8,9200,2,4,-1,3,-1
2015160A03061,1,9,0,9,0,6,0,0,0,0,1,1,6,1,42,7,1388,1,5,-1,1,-1
2015160A03071,1,2,0,18,0,2,1,0,0,0,1,1,6,1,27,6,636,1,12,-1,1,-1
2015160A03071,2,1,0,18,0,2,0,0,0,0,2,1,6,1,24,5,-1,-1,-1,-1,1,-1
2015160A03071,3,9,0,2,0,1,0,0,0,0,1,1,6,3,-1,-1,-1,-1,-1,-1,-1,-1
2015160A03081,1,9,0,4,0,1,0,0,0,0,2,1,1,2,51,8,1584,1,9,-1,1,-1
2015160A03081,2,9,0,18,0,1,0,0,0,0,1,1,6,1,37,7,2000,2,6,-1,1,-1
2015160A03091,1,9,0,17,0,0,0,11,0,0,1,1,6,2,18,4,1229,1,5,-1,1,-1
2015160A03101,1,9,0,18,0,8,0,0,0,0,1,1,6,2,24,5,1587,1,12,-1,1,-1
2015160A03101,2,9,0,9,0,5,0,0,0,0,1,1,6,1,80,11,1388,1,12,-1,1,-1
2015160A03111,1,1,0,15,0,0,0,0,0,0,1,1,6,1,20,4,-1,-1,-1,-1,3,-1
2015160A03111,2,19,0,2,0,0,0,0,0,0,4,1,1,3,-1,-1,-1,-1,-1,-1,-1,-1
2015160A03121,1,1,0,9,0,5,0,0,0,0,1,1,1,1,43,7,-1,-1,-1,-1,1,-1
2015160A03121,2,9,0,13,0,8,0,0,0,0,1,1,6,1,23,5,1149,1,2,-1,2,-1
2015160A03131,1,1,0,18,0,1,0,0,0,0,1,1,6,1,48,8,-1,-1,-1,-1,1,-1
2015160A03131,2,9,0,2,0,1,0,0,0,0,2,1,6,1,19,4,1242,1,9,-1,1,-1
2015160A03141,1,19,0,18,0,0,0,0,0,0,4,1,1,1,49,8,2198,2,1,-1,1,-1
2015160A03141,2,1,0,18,0,0,0,10,1,0,2,1,2,1,20,4,-1,-1,-1,-1,1,-1
2015160A03151,1,4,0,9,0,8,0,0,0,0,1,1,6,1,14,3,-1,-1,-1,-1,1,-1
2015160A03151,2,9,0,7,0,8,0,0,0,0,1,1,6,1,24,5,1598,1,3,-1,1,-1
2015160A03161,1,9,0,18,0,0,0,10,7,9,1,1,6,2,82,11,998,1,9,-1,1,-1
2015160A03161,2,9,0,18,0,0,0,0,0,0,2,1,6,2,61,9,998,1,11,-1,3,-1
2015160A03171,1,1,0,18,0,8,0,0,0,0,4,1,2,1,30,6,-1,-1,-1,-1,1,-1
2015160A03171,2,9,0,7,0,4,0,0,0,0,1,1,6,2,45,7,1783,1,13,-1,1,-1
2015160A03181,1,9,0,9,0,8,0,0,1,7,3,1,6,2,23,5,1229,1,-1,-1,1,-1
2015160A03181,2,9,0,18,0,8,0,0,0,0,4,1,6,1,43,7,1598,1,-1,-1,1,-1
2015160A03191,1,9,0,17,0,0,0,0,1,2,1,1,6,1,18,4,998,1,6,-1,2,-1
2015160A03201,1,9,0,3,0,0,0,0,0,0,2,1,6,1,26,6,1200,1,3,-1,1,-1
2015160A03201,2,9,0,4,0,0,0,0,0,0,1,1,6,1,44,7,-1,-1,-1,-1,1,-1
2015160A03211,1,9,0,3,0,1,0,0,0,0,2,1,6,1,45,7,1686,2,2,-1,1,-1
2015160A03211,2,9,0,4,0,1,0,0,0,0,1,1,6,1,18,4,1299,1,10,-1,1,-1
2015160A03221,1,1,0,18,0,0,0,0,0,0,4,1,6,1,61,9,-1,-1,-1,-1,1,-1
2015160A03221,2,9,0,3,0,0,0,0,0,0,3,1,6,1,47,8,2183,2,3,-1,1,-1
2015160A03231,1,9,0,18,0,1,0,0,0,0,3,1,6,2,18,4,998,1,7,-1,1,-1
2015160A03231,2,9,0,7,0,6,0,0,0,0,3,1,6,2,47,8,1360,1,10,-1,1,-1
2015160A03251,1,9,0,18,0,0,0,0,0,0,4,1,6,1,35,6,2171,1,13,-1,1,-1
2015160A03251,2,1,0,18,0,0,0,0,1,0,1,1,6,2,11,3,-1,-1,-1,-1,1,-1
2015160A03261,1,9,0,5,0,8,0,0,0,0,3,1,3,2,30,6,1761,1,15,-1,1,-1
2015160A03271,1,9,0,18,0,3,0,0,1,2,1,1,6,1,39,7,2976,1,13,-1,1,-1
2015160A03281,1,9,0,18,0,1,0,0,0,0,1,1,6,2,48,8,2995,1,10,-1,1,-1
2015160A03281,2,9,0,18,0,1,0,0,0,0,2,1,6,1,56,9,1364,1,8,-1,1,-1
2015160A03291,1,2,0,9,0,5,1,0,0,0,3,1,2,1,41,7,49,1,4,-1,1,-1
2015160A03301,1,9,0,9,0,8,0,0,0,0,1,1,6,1,31,6,2143,2,1,-1,3,-1
2015160A03301,2,9,0,9,0,8,0,0,0,0,1,1,6,2,26,6,1604,1,8,-1,1,-1
2015160A03311,1,9,0,18,0,0,0,10,1,0,4,1,6,1,32,6,1560,2,8,-1,2,-1
2015160A03311,2,9,0,12,0,0,0,0,0,0,0,1,6,3,-1,-1,-1,-1,-1,-1,-1,-1
2015160A03321,1,9,0,18,0,0,0,0,0,0,1,1,6,1,63,9,1560,2,-1,-1,1,-1
2015160A03321,2,9,0,18,0,0,1,0,0,0,2,1,6,2,26,6,2231,2,2,-1,1,-1
2015160A03321,3,9,0,18,0,0,0,0,0,0,2,1,6,1,28,6,1686,2,2,-1,1,-1
2015160A03331,1,8,0,1,0,0,0,0,0,0,2,1,1,1,48,8,1753,2,7,-1,1,-1
2015160A03331,2,1,0,3,0,0,0,0,0,0,1,1,6,2,39,7,-1,-1,-1,-1,1,-1
2015160A03341,1,9,0,4,0,8,1,0,0,0,1,1,2,1,19,4,1248,2,4,-1,1,-1
2015160A03341,2,9,0,9,0,5,0,0,0,0,2,1,6,1,-1,-1,1783,1,11,-1,1,-1
2015160A03351,1,9,0,9,0,6,0,0,0,0,1,1,6,1,22,5,1229,1,10,-1,1,-1
2015160A03351,2,9,0,18,0,8,0,0,0,0,3,1,6,1,36,7,2171,2,15,-1,1,-1
2015160A03361,1,9,0,2,0,0,0,0,0,0,4,1,6,3,41,7,2495,2,22,-1,1,-1
2015160A03361,2,9,0,14,0,0,0,0,0,0,3,1,6,2,79,11,1596,1,9,-1,1,-1
2015160A03371,1,9,0,1,0,0,0,0,1,11,2,1,6,1,18,4,-1,-1,-1,-1,1,-1
2015160A03381,1,9,0,7,0,3,0,0,0,0,4,1,6,1,70,10,1560,2,6,-1,1,-1
2015160A03381,2,1,0,7,0,3,0,0,0,0,2,1,6,2,22,5,-1,-1,-1,-1,1,-1
2015160A03391,1,9,0,9,0,6,0,0,0,0,1,1,6,1,39,7,1685,2,4,-1,1,-1
2015160A03391,2,9,0,18,0,8,0,0,0,0,1,1,6,2,54,8,1598,1,4,-1,1,-1
2015160A03401,1,9,0,18,0,1,0,0,0,0,1,1,6,1,26,6,1349,1,3,-1,1,-1
2015160A03411,1,11,0,18,0,3,0,0,0,0,0,1,1,2,30,6,7300,2,10,-1,1,-1
2015160A03421,1,9,0,4,0,0,0,0,0,0,1,1,6,2,23,5,1598,1,12,-1,1,-1
2015160A03431,1,9,0,7,0,5,0,0,0,0,2,1,1,1,43,7,-1,-1,-1,-1,1,-1
2015160A03431,2,1,0,18,0,1,0,0,0,0,1,1,6,1,45,7,-1,-1,-1,-1,-1,-1
2015160A03441,1,21,0,13,0,0,0,0,0,0,2,1,1,3,63,9,12740,2,2,-1,1,-1
2015160A03441,2,1,0,18,0,0,0,0,0,0,1,1,6,1,25,5,-1,-1,-1,-1,1,-1
2015160A03451,1,9,0,18,0,0,0,0,0,0,4,1,6,1,68,10,1390,1,6,-1,1,-1
2015160A03451,2,1,0,18,0,0,0,0,0,0,1,1,4,1,11,3,-1,-1,-1,-1,1,-1
2015160A03461,1,9,0,13,0,8,0,0,0,0,4,1,6,3,-1,-1,-1,-1,-1,-1,-1,-1
2015160A03461,2,1,0,18,0,8,0,0,0,0,1,1,1,1,24,5,-1,-1,-1,-1,-1,-1
2015160A03471,1,98,0,9,0,6,0,0,0,0,1,1,6,3,-1,-1,-1,-1,-1,-1,-1,-1
2015160A03471,2,9,0,17,0,8,0,0,0,0,4,1,6,1,40,7,1798,1,8,-1,1,-1
2015160A03481,1,8,0,13,0,5,0,0,0,0,1,1,1,1,48,8,1997,2,6,-1,1,-1
2015160A03481,2,2,0,9,0,8,0,0,0,0,3,1,6,1,31,6,49,1,3,-1,1,-1
2015160A03491,1,9,0,4,0,2,0,0,0,0,3,1,6,2,45,7,1560,2,4,-1,1,-1
2015160A03491,2,9,0,1,0,6,0,0,0,0,2,1,6,3,-1,-1,-1,-1,-1,-1,-1,-1
2015160A03501,1,9,0,9,0,5,0,0,0,0,2,1,2,1,26,6,1560,2,3,-1,1,-1
2015160A03501,2,3,0,13,0,1,0,0,0,0,4,1,6,1,22,5,124,1,2,-1,1,-1
2015160A03511,1,9,0,2,0,0,0,0,0,0,4,1,6,3,-1,-1,1910,2,10,-1,-1,-1
2015160A03511,2,9,0,18,0,0,0,0,0,0,3,1,3,1,50,8,1598,1,15,-1,1,-1
2015160A03521,1,9,0,18,0,8,0,0,0,0,1,1,6,2,31,6,1598,1,13,-1,1,-1
2015160A03521,2,9,0,18,0,8,0,0,1,11,2,1,6,1,19,4,1229,1,9,-1,3,-1
2015160A03531,1,9,0,10,0,1,0,0,0,0,2,1,3,2,32,6,1560,2,8,-1,1,-1
2015160A03531,2,9,0,10,0,1,0,0,0,0,2,1,3,2,35,6,1229,1,5,-1,1,-1
2015160A03531,3,9,0,18,0,1,0,0,0,0,1,1,3,2,33,6,1998,2,7,-1,1,-1
2015160A03541,1,9,0,9,0,8,0,0,0,0,1,1,6,3,-1,-1,-1,-1,-1,-1,-1,-1
2015160A03541,2,9,0,18,0,4,0,0,0,0,3,1,6,2,55,8,1598,1,6,-1,1,-1
2015160A03551,1,9,0,5,0,1,0,0,0,0,1,1,6,1,32,6,1398,2,12,-1,1,-1
2015160A03561,1,9,0,18,0,0,0,0,0,0,1,1,6,3,-1,-1,-1,-1,-1,-1,-1,-1
2015160A03571,1,8,0,9,0,6,0,0,0,0,1,1,1,1,52,8,1753,2,8,-1,1,-1
2015160A03571,2,1,0,18,0,8,0,0,0,0,4,1,2,1,29,6,-1,-1,-1,-1,1,-1
2015160A03581,1,9,0,3,0,0,0,0,0,0,2,1,6,1,65,9,1598,1,2,-1,1,-1
2015160A03581,2,4,0,11,0,0,1,0,0,0,4,1,6,1,22,5,-1,-1,-1,-1,1,-1
2015160A03591,1,9,0,18,0,6,0,0,0,0,1,1,6,1,41,7,1781,1,12,-1,1,-1
2015160A03591,2,9,0,18,0,8,0,10,1,10,3,1,6,2,86,11,999,1,2,-1,1,-1
2015160A03601,1,5,0,18,0,0,0,10,0,0,1,1,6,2,39,7,599,1,10,-1,1,-1
2015160A03611,1,9,0,18,0,2,0,0,0,0,1,1,6,2,23,5,1242,1,3,-1,1,-1
2015160A03621,1,9,0,18,0,1,0,0,0,0,1,1,6,2,30,6,-1,-1,-1,-1,-1,-1
2015160A03621,2,9,0,4,0,1,0,0,0,0,2,1,6,1,59,9,1596,1,7,-1,1,-1
2015160A03621,3,9,0,4,0,1,0,0,0,0,3,1,6,2,23,5,1242,1,1,-1,1,-1
2015160A03631,1,9,0,18,0,0,0,0,0,0,1,1,6,3,-1,-1,-1,-1,-1,-1,-1,-1
2015160A03631,2,1,0,18,0,0,0,0,0,0,2,1,6,1,22,5,-1,-1,-1,-1,1,-1
2015160A03641,1,9,0,7,4,1,0,0,0,0,1,1,6,2,33,6,1398,2,13,-1,1,-1
2015160A03641,2,1,0,18,4,1,1,0,0,0,3,1,4,1,16,4,-1,-1,-1,-1,2,-1
2015160A03651,1,9,0,8,0,1,0,0,0,0,2,1,3,2,44,7,1598,1,8,-1,1,-1
2015160A03651,2,9,0,18,0,1,0,0,0,0,1,1,6,2,46,8,1360,1,3,-1,1,-1
2015160A03661,1,9,0,18,0,0,0,0,0,0,1,1,6,1,90,11,1599,1,15,-1,1,-1
2015160A03661,2,9,0,18,0,0,0,0,0,0,1,1,6,1,90,11,1360,1,12,-1,1,-1
2015160A03671,1,21,1,11,0,0,0,0,0,0,4,1,1,1,32,6,12419,2,4,-1,1,-1
2015160A03671,2,9,0,18,0,0,0,10,5,7,3,1,6,2,59,9,1242,1,7,-1,1,-1
2015160A03681,1,9,0,18,0,2,0,0,0,0,1,1,6,2,50,8,1968,2,2,-1,1,-1
2015160A03681,2,9,0,11,0,2,0,0,0,0,2,1,6,1,29,6,1199,1,12,-1,2,-1
2015160A03691,1,97,0,18,0,8,0,0,0,0,4,1,6,1,27,6,49,1,8,-1,1,-1
2015160A03691,2,9,0,9,0,6,0,0,0,0,1,1,6,1,28,6,1596,1,8,-1,1,-1
2015160A03701,1,9,0,18,0,8,0,0,0,0,1,1,6,2,23,5,1598,1,9,-1,3,-1
2015160A03701,2,9,0,9,0,5,0,0,0,0,1,1,6,1,17,4,1229,1,3,-1,1,-1
2015160A03711,1,9,0,3,0,1,0,0,0,0,2,1,6,2,28,6,1388,1,14,-1,1,-1
2015160A03711,2,9,0,5,0,1,0,0,0,0,1,1,6,1,23,5,1968,2,7,-1,3,-1
2015160A03721,1,9,0,18,0,1,0,0,0,0,1,1,6,3,-1,-1,-1,-1,-1,-1,-1,-1
2015160A03721,2,1,0,18,0,1,0,0,0,0,1,1,6,1,14,3,-1,-1,-1,-1,2,-1
2015160A03731,1,8,0,7,0,5,0,0,0,0,4,1,1,1,61,9,1560,2,1,-1,1,-1
2015160A03731,2,1,0,15,0,5,0,10,1,0,1,1,2,1,29,6,-1,-1,-1,-1,1,-1
2015160A03741,1,2,0,18,0,0,0,0,0,0,0,1,6,3,-1,-1,-1,-1,-1,-1,-1,-1
2015160A03751,1,9,0,9,0,5,0,0,0,0,4,1,6,1,65,9,1910,2,7,-1,1,-1
2015160A03751,2,1,0,18,0,8,0,0,0,0,1,1,6,1,42,7,-1,-1,-1,-1,1,-1
2015160A03761,1,4,0,7,0,8,1,0,0,0,4,1,1,2,26,6,-1,-1,-1,-1,3,-1
2015160A03771,1,9,0,18,0,1,0,0,0,0,1,1,6,2,21,5,1598,1,10,-1,1,-1
2015160A03781,1,9,0,18,0,3,0,0,0,0,4,1,6,1,26,6,1560,2,10,-1,1,-1
2015160A03781,2,4,0,12,0,4,0,0,0,0,1,1,6,1,19,4,125,1,2,-1,1,-1
2015160A03791,1,9,0,9,0,5,0,0,0,0,1,1,6,2,44,7,1686,2,5,-1,1,-1
2015160A03791,2,9,0,18,0,8,0,0,0,0,3,1,6,1,27,6,973,1,12,-1,2,-1
2015160A03801,1,9,0,18,0,0,0,0,0,0,4,1,6,3,-1,-1,-1,-1,-1,-1,-1,-1
2015160A03801,2,1,0,18,0,0,0,0,0,0,3,1,1,1,41,7,-1,-1,-1,-1,1,-1
2015160A03811,1,9,0,3,0,1,0,0,0,0,4,1,6,1,57,9,2776,2,9,-1,1,-1
2015160A03811,2,9,0,18,0,1,0,0,0,0,1,1,6,1,47,8,1796,1,10,-1,1,-1
2015160A03831,1,9,0,17,0,0,0,12,1,2,1,1,6,2,21,5,1242,1,7,-1,1,-1
2015160A03841,1,3,0,18,0,8,0,0,0,0,4,1,6,1,22,5,125,1,-1,-1,1,-1
2015160A03841,2,1,0,18,0,6,0,0,0,0,1,1,6,3,-1,-1,-1,-1,-1,-1,-1,-1
2015160A03851,1,2,0,18,0,0,1,0,0,0,1,1,2,1,36,7,49,1,6,-1,1,-1
2015160A03851,2,9,0,4,0,0,0,0,0,0,2,1,2,1,51,8,1598,1,9,-1,1,-1
2015160A03861,1,9,0,13,0,0,0,10,1,10,1,1,6,1,26,6,1299,1,9,-1,1,-1
2015160A03861,2,9,0,17,0,0,0,0,0,0,0,1,6,1,18,4,1242,1,8,-1,2,-1
2015160A03871,1,5,0,18,0,3,0,0,0,0,4,1,6,1,20,4,124,1,-1,-1,1,-1
2015160A03871,2,3,0,18,0,3,0,0,0,0,4,1,6,1,18,4,649,1,-1,-1,1,-1
2015160A03881,1,1,0,18,0,1,0,0,0,0,2,1,6,1,13,3,-1,-1,-1,-1,1,-1
2015160A03881,2,97,0,18,0,1,0,0,0,0,1,1,6,3,-1,-1,-1,-1,-1,-1,-1,-1
2015160A03881,3,9,0,2,0,1,0,0,0,0,2,1,6,3,-1,-1,1149,1,7,-1,-1,-1
2015160A03891,1,9,0,18,0,8,0,0,0,0,1,1,1,1,30,6,1896,2,15,-1,1,-1
2015160A03891,2,9,0,9,0,6,0,0,0,0,1,1,6,2,36,7,1598,2,-1,-1,1,-1
2015160A03901,1,19,0,18,0,1,0,0,0,0,1,1,6,1,34,6,6370,2,5,-1,-1,-1
2015160A03901,2,9,0,3,0,1,0,0,0,0,2,1,6,2,39,7,1339,1,2,-1,3,-1
2015160A03911,1,9,0,18,0,8,0,0,0,0,1,1,6,1,55,8,-1,-1,-1,-1,1,-1
2015160A03911,2,9,0,9,0,5,0,0,0,0,4,1,1,1,48,8,1297,1,16,-1,1,-1
2015160A03921,1,9,0,10,0,1,0,0,0,0,2,1,2,2,49,8,1560,2,1,-1,1,-1
2015160A03921,2,9,0,5,0,1,0,0,0,0,1,1,2,2,27,6,1242,1,9,-1,1,-1
2015160A03931,1,3,0,11,0,0,0,0,0,0,1,1,6,1,26,6,124,1,20,-1,1,-1
2015160A03931,2,9,0,2,0,0,0,0,0,0,2,1,6,2,58,9,1587,1,7,-1,2,-1
2015160A03941,1,9,0,18,0,8,0,0,0,0,4,1,1,2,33,6,1390,1,15,-1,1,-1
2015160A03941,2,9,0,4,0,6,0,0,0,0,1,1,6,2,23,5,1242,1,8,-1,1,-1
2015160A03951,1,9,0,18,0,8,0,10,7,3,1,1,6,3,-1,-1,1999,1,14,-1,-1,-1
2015160A03951,2,9,0,9,0,5,0,0,0,0,3,1,6,1,28,6,1149,1,12,-1,1,-1
2015160A03951,3,1,0,18,0,8,0,0,0,0,3,1,6,1,43,7,-1,-1,-1,-1,1,-1
2015160A03961,1,9,0,9,0,6,0,0,0,0,1,1,1,1,73,10,-1,-1,-1,-1,1,-1
2015160A03961,2,9,0,18,0,1,0,0,0,0,1,1,6,1,83,11,998,1,16,-1,1,-1
2015160A03971,1,9,0,7,0,5,0,0,0,0,2,1,6,2,57,9,1242,1,15,-1,1,-1
2015160A03971,2,9,0,3,0,8,0,0,0,0,2,1,6,2,32,6,1360,1,12,-1,1,-1
2015160A03971,3,9,0,18,0,8,1,0,0,0,1,1,3,2,35,6,1598,1,7,-1,1,-1
2015160A03981,1,9,0,18,0,1,0,0,0,0,1,1,1,1,58,9,3311,8,7,-1,1,-1