Accident_Index,Vehicle_Reference,Vehicle_Type,Towing_and_Articulation,Vehicle_Manoeuvre,Vehicle_Location-Restricted_Lane,Junction_Location,Skidding_and_Overturning,Hit_Object_in_Carriageway,Vehicle_Leaving_Carriageway,Hit_Object_off_Carriageway,1st_Point_of_Impact,Was_Vehicle_Left_Hand_Drive?,Journey_Purpose_of_Driver,Sex_of_Driver,Age_of_Driver,Age_Band_of_Driver,Engine_Capacity_(CC),Propulsion_Code,Age_of_Vehicle,Driver_IMD_Decile,Driver_Home_Area_Type,Vehicle_IMD_Decile
2015160B00641,2,21,0,18,0,8,0,0,0,0,1,1,1,1,49,8,6693,2,2,-1,1,-1
2015160B00651,1,8,0,18,0,1,0,0,0,0,1,1,6,2,29,6,-1,-1,-1,-1,3,-1
2015160B00651,2,9,0,9,0,1,0,0,0,0,1,1,6,1,35,6,1598,1,13,-1,3,-1
2015160B00661,1,9,0,2,0,0,0,0,0,0,2,1,6,1,20,4,1390,1,12,-1,2,-1
2015160B00661,2,9,0,14,0,0,0,0,0,0,4,1,6,3,-1,-1,-1,-1,-1,-1,-1,-1
2015160B00671,1,9,4,7,0,5,0,0,0,0,1,1,6,1,51,8,-1,-1,-1,-1,3,-1
2015160B00671,2,9,0,18,0,8,0,0,0,0,1,1,6,1,23,5,1997,2,14,-1,3,-1
2015160B00681,1,9,0,18,0,1,0,0,0,0,1,1,6,2,48,8,1796,1,11,-1,1,-1
2015160B00681,2,9,0,3,0,4,0,0,0,0,2,1,6,1,40,7,1870,2,11,-1,1,-1
2015160B00691,1,9,0,16,0,0,2,0,7,0,4,1,6,1,64,9,-1,-1,-1,-1,1,-1
2015160B00701,1,9,0,18,0,3,0,0,0,0,4,1,6,2,67,10,998,1,4,-1,1,-1
2015160B00701,2,9,0,18,0,4,0,0,0,0,1,1,6,3,-1,-1,-1,-1,-1,-1,-1,-1
2015160B00711,1,21,0,5,0,2,0,0,0,0,3,1,6,1,47,8,11705,2,3,-1,1,-1
2015160B00711,2,9,0,18,0,1,0,0,0,0,3,1,6,3,-1,-1,-1,-1,-1,-1,-1,-1
2015160B00721,1,9,0,1,0,1,0,0,0,0,2,1,6,1,36,7,1248,2,10,-1,1,-1
2015160B00731,1,9,0,16,0,0,1,0,0,0,4,1,6,2,28,6,-1,-1,-1,-1,1,-1
2015160B00731,2,9,0,17,0,0,0,0,0,0,1,1,6,2,35,6,1206,1,4,-1,2,-1
2015160B00741,1,9,0,18,0,0,5,0,1,1,1,1,6,1,70,10,1796,1,12,-1,1,-1
2015160B00751,1,9,0,18,0,0,0,0,0,0,1,1,6,2,23,5,1461,2,9,-1,3,-1
2015160B00761,1,9,0,18,0,0,2,0,5,6,1,1,6,3,-1,-1,1984,1,8,-1,-1,-1
2015160B00761,2,9,0,18,0,0,2,0,1,0,2,1,6,1,53,8,-1,-1,-1,-1,2,-1
2015160B00771,1,9,0,18,0,0,1,0,5,6,4,1,2,1,25,5,1796,1,13,-1,1,-1
2015160B00781,1,9,0,11,0,3,0,9,1,2,1,1,6,2,63,9,-1,-1,-1,-1,3,-1
2015160B00781,2,9,0,18,0,3,0,0,0,0,3,1,6,2,27,6,1896,2,13,-1,3,-1
2015160B00791,1,9,0,18,0,0,0,0,0,0,1,1,6,2,33,6,1560,2,10,-1,1,-1
2015160B00791,2,9,0,4,0,0,0,0,0,0,2,1,6,2,65,9,1596,1,1,-1,2,-1
2015160B00801,1,9,0,18,0,0,2,0,7,9,1,1,2,1,26,6,1560,2,9,-1,2,-1
2015160B00811,1,9,0,18,0,1,0,0,0,0,1,1,6,2,47,8,2143,2,3,-1,2,-1
2015160B00811,2,21,1,3,0,2,0,0,0,0,2,1,1,1,47,8,10837,2,8,-1,2,-1
2015160B00821,1,9,0,16,0,0,0,0,7,4,1,1,2,1,37,7,-1,-1,-1,-1,1,-1
2015160B00831,1,9,0,16,0,0,1,0,7,0,1,1,6,1,20,4,-1,-1,-1,-1,1,-1
2015160B00841,1,20,0,4,0,0,0,0,0,0,1,1,1,1,58,9,4249,2,6,-1,2,-1
2015160B00841,2,9,0,3,0,0,0,0,0,0,2,1,3,1,44,7,-1,3,1,-1,3,-1
2015160B00851,1,1,0,9,0,3,0,0,0,0,0,1,6,1,43,7,-1,-1,-1,-1,2,-1
2015160B00851,2,9,0,9,0,8,0,0,0,0,0,1,6,1,42,7,1598,2,2,-1,1,-1
2015160B00861,1,9,0,18,0,8,0,0,0,0,1,1,6,2,48,8,2967,2,5,-1,2,-1
2015160B00861,2,9,0,9,0,5,0,0,0,0,1,1,6,1,23,5,-1,-1,-1,-1,2,-1
2015160B00871,1,9,0,16,0,0,0,0,0,0,1,1,2,1,26,6,1149,1,16,-1,1,-1
2015160B00871,2,9,0,17,0,0,0,0,0,0,3,1,6,1,20,4,1149,1,4,-1,3,-1
2015160B00871,3,9,0,16,0,0,0,1,0,0,3,1,2,1,20,4,1587,1,16,-1,3,-1
2015160B00881,1,9,0,16,0,0,1,0,1,10,1,1,6,2,24,5,-1,-1,-1,-1,-1,-1
2015160B00881,2,9,0,17,0,0,0,0,1,4,1,1,6,1,57,9,1389,1,11,-1,-1,-1
2015160B00901,1,19,0,18,0,0,0,0,5,6,3,1,1,1,52,8,-1,-1,-1,-1,1,-1
2015160B00911,1,9,0,18,0,0,0,0,0,0,1,1,6,3,-1,-1,-1,-1,-1,-1,-1,-1
2015160B00921,1,9,0,18,0,0,2,0,1,9,4,1,6,1,18,4,1390,1,9,-1,2,-1
2015160B00941,1,9,0,18,0,1,0,0,0,0,1,1,6,3,-1,-1,-1,-1,-1,-1,-1,-1
2015160B00941,2,1,0,18,0,1,0,0,0,0,2,1,6,1,25,5,-1,-1,-1,-1,1,-1
2015160B00961,1,9,0,18,0,0,0,0,0,0,4,1,6,1,55,8,1149,1,8,-1,1,-1
2015160B00961,2,19,0,18,0,0,0,0,4,0,1,1,6,1,45,7,1598,2,1,-1,1,-1
2015160B00971,1,9,0,9,0,6,0,0,0,0,1,1,6,1,19,4,1199,1,14,-1,1,-1
2015160B00971,2,9,0,18,0,8,0,0,1,3,2,1,6,2,28,6,1388,1,12,-1,1,-1
2015160B00981,1,9,0,5,0,6,0,0,0,0,1,1,2,2,77,11,1398,1,1,-1,1,-1
2015160B00981,2,1,0,18,0,8,0,0,0,0,4,1,2,2,36,7,-1,-1,-1,-1,1,-1
2015160B00991,1,21,0,13,0,0,0,0,0,0,4,1,1,1,55,8,12419,2,4,-1,3,-1
2015160B00991,2,1,0,18,0,0,0,0,0,0,3,1,6,1,19,4,-1,-1,-1,-1,1,-1
2015160B01001,1,21,0,18,0,0,0,0,0,0,3,1,1,1,28,6,11705,2,7,-1,1,-1
2015160B01001,2,17,0,18,0,0,0,0,0,0,3,1,1,1,54,8,-1,-1,-1,-1,-1,-1
2015160B01021,1,9,0,9,0,5,0,0,0,0,1,1,6,2,27,6,1360,1,13,-1,1,-1
2015160B01021,2,9,0,18,0,8,0,0,0,0,1,1,6,2,41,7,-1,-1,-1,-1,2,-1
2015160B01031,1,9,0,18,0,0,5,0,2,4,1,1,6,1,20,4,998,1,4,-1,1,-1
2015160B01041,1,1,0,18,0,6,0,0,0,0,1,1,6,1,47,8,-1,-1,-1,-1,1,-1
2015160B01041,2,9,0,18,0,2,0,0,0,0,1,1,6,1,26,6,-1,-1,-1,-1,1,-1
2015160B01051,1,9,0,18,0,2,0,0,0,0,1,1,6,1,17,4,1364,1,7,-1,2,-1
2015160B01051,2,1,0,9,0,6,0,0,0,0,1,1,6,1,42,7,-1,-1,-1,-1,1,-1
2015160B01071,1,9,0,18,0,1,0,0,0,0,1,1,6,1,45,7,2982,2,1,-1,3,-1
2015160B01071,2,19,0,10,0,1,0,0,0,0,2,1,1,2,40,7,1248,2,5,-1,1,-1
2015160B01081,1,9,0,18,0,0,0,0,0,0,1,1,6,2,47,8,1596,1,14,-1,1,-1
2015160B01081,2,9,0,2,0,0,0,0,0,0,2,1,6,3,-1,-1,998,1,4,-1,-1,-1
2015160B01081,3,9,0,2,0,0,0,0,0,0,2,1,6,3,-1,-1,1396,1,14,-1,-1,-1
2015160B01091,1,9,0,4,0,0,0,0,0,0,2,1,2,1,28,6,1796,1,12,-1,1,-1
2015160B01091,2,9,0,5,0,0,0,0,0,0,1,1,6,1,43,7,1206,1,5,-1,3,-1
2015160B01101,1,9,0,9,0,5,0,10,1,10,1,1,6,2,27,6,1390,1,9,-1,1,-1
2015160B01101,2,9,0,18,0,8,0,0,0,0,1,1,6,1,81,11,1242,1,9,-1,1,-1
2015160B01111,1,9,0,4,0,0,0,0,0,0,2,1,6,2,36,7,1686,2,4,-1,1,-1
2015160B01111,2,9,0,4,0,0,0,0,0,0,1,1,1,1,34,6,-1,-1,-1,-1,2,-1
2015160B01121,1,9,0,18,0,2,0,0,0,0,1,1,6,1,47,8,2494,2,4,-1,2,-1
2015160B01121,2,19,0,2,0,2,0,0,0,0,2,1,6,1,60,9,-1,-1,-1,-1,3,-1
2015160B01131,1,9,0,9,0,2,0,10,7,10,1,1,6,2,19,4,973,1,13,-1,3,-1
2015160B01141,1,9,0,7,0,1,0,0,0,0,1,1,6,1,23,5,1198,1,9,-1,3,-1
2015160B01141,2,3,0,8,0,1,0,0,0,0,2,1,6,1,38,7,124,1,3,-1,1,-1
2015160B01151,1,9,0,18,0,0,0,12,0,0,3,1,6,2,37,7,1968,2,8,-1,1,-1
2015160B01151,2,1,0,18,0,0,0,0,0,0,3,1,6,1,52,8,-1,-1,-1,-1,1,-1
2015160B01171,1,19,0,14,0,0,0,0,0,0,1,1,6,1,64,9,1686,2,13,-1,1,-1
2015160B01171,2,9,0,2,0,0,0,0,1,0,2,1,6,3,-1,-1,2171,2,15,-1,-1,-1
2015160B01181,1,9,0,18,0,8,0,0,1,4,3,1,1,1,60,9,-1,-1,-1,-1,3,-1
2015160B01181,2,21,1,9,0,6,0,0,0,0,4,1,1,1,28,6,12740,2,5,-1,3,-1
2015160B01191,1,9,0,8,0,1,0,0,0,0,2,1,2,2,23,5,1198,1,1,-1,3,-1
2015160B01191,2,19,0,10,0,1,0,0,0,0,1,1,6,1,24,5,1870,2,9,-1,1,-1
2015160B01201,1,9,0,18,0,3,0,0,0,0,1,1,6,1,51,8,-1,-1,-1,-1,3,-1
2015160B01201,2,9,0,18,0,4,0,0,0,0,3,1,6,2,55,8,1598,1,7,-1,1,-1
2015160B01211,1,9,0,18,0,8,0,0,0,0,1,1,6,1,36,7,-1,-1,-1,-1,1,-1
2015160B01211,2,9,0,9,0,8,0,0,0,0,3,1,6,2,40,7,1299,1,14,-1,2,-1
2015160B01221,1,9,0,17,0,2,0,0,1,4,4,1,6,1,22,5,-1,-1,-1,-1,1,-1
2015160B01221,2,9,0,16,0,2,0,0,0,0,0,1,6,3,-1,-1,-1,-1,-1,-1,-1,-1
2015160B01231,1,9,0,9,0,5,0,0,0,0,0,1,6,3,-1,-1,-1,-1,-1,-1,-1,-1
2015160B01231,2,9,0,4,0,1,0,0,0,0,3,1,6,1,24,5,1910,2,10,-1,1,-1
2015160B01241,1,9,0,18,0,0,0,0,1,9,1,1,6,1,32,6,2183,2,5,-1,1,-1
2015160B01251,1,9,0,13,0,1,0,0,0,0,0,1,6,3,-1,-1,-1,-1,-1,-1,-1,-1
2015160B01251,2,1,0,18,0,1,0,10,0,0,4,1,6,1,39,7,-1,-1,-1,-1,1,-1
2015160B01261,1,90,0,18,0,6,0,0,0,0,1,1,1,1,50,8,2999,2,3,-1,1,-1
2015160B01261,2,9,0,18,0,8,0,0,0,0,4,1,6,1,47,8,1598,1,10,-1,1,-1
2015160B01271,1,9,0,4,0,8,0,0,0,0,4,1,6,2,52,8,2179,2,2,-1,1,-1
2015160B01271,2,19,0,5,0,6,0,0,0,0,1,1,6,1,42,7,1896,2,7,-1,1,-1
2015160B01281,1,11,0,18,0,0,0,0,0,0,1,1,3,1,42,7,11000,2,17,-1,3,-1
2015160B01281,2,1,0,18,0,0,0,0,0,0,1,1,6,1,13,3,-1,-1,-1,-1,2,-1
2015160B01291,1,9,0,17,0,0,5,0,7,10,1,1,6,2,17,4,-1,-1,-1,-1,3,-1
2015160B01301,1,9,0,18,0,0,0,0,1,10,1,1,6,1,82,11,1398,1,2,-1,2,-1
2015160B01311,1,9,0,18,0,8,0,0,0,0,1,1,6,1,51,8,1870,2,10,-1,1,-1
2015160B01311,2,9,0,9,0,5,0,7,5,6,1,1,6,1,24,5,1686,2,9,-1,1,-1
2015160B01321,1,9,0,9,0,6,0,0,0,0,4,1,6,1,44,7,1956,2,6,-1,1,-1
2015160B01321,2,9,0,18,0,8,0,0,0,0,1,1,6,1,22,5,1995,2,3,-1,1,-1
2015160B01331,1,21,1,13,0,0,0,0,0,0,3,1,1,1,23,5,-1,-1,-1,-1,-1,-1
2015160B01331,2,4,0,18,0,0,0,0,0,0,4,1,6,1,73,10,498,1,25,-1,2,-1
2015160B01331,3,4,0,13,0,0,0,0,0,0,0,1,6,3,-1,-1,-1,-1,-1,-1,-1,-1
2015160B01341,1,9,0,18,0,1,0,0,0,0,1,1,6,3,-1,-1,-1,-1,-1,-1,-1,-1
2015160B01351,1,9,0,13,0,8,0,0,7,1,1,1,2,2,38,7,1896,2,12,-1,3,-1
2015160B01351,2,9,0,9,0,8,0,0,7,0,3,1,2,2,39,7,1598,1,10,-1,3,-1
2015160B01361,1,9,0,7,0,5,0,0,0,0,4,1,6,3,-1,-1,-1,-1,-1,-1,-1,-1
2015160B01361,2,1,0,9,0,5,0,0,0,0,3,1,6,1,28,6,-1,-1,-1,-1,2,-1
2015160B01371,1,9,0,18,0,4,0,0,0,0,3,1,1,1,51,8,1598,2,2,-1,2,-1
2015160B01371,2,5,0,18,0,8,0,0,0,0,1,1,6,1,44,7,234,1,10,-1,2,-1
2015160B01381,1,9,0,1,0,2,0,0,0,0,2,1,6,2,19,4,973,1,13,-1,1,-1
2015160B01381,2,1,0,18,0,2,0,0,0,0,1,1,2,1,19,4,-1,-1,-1,-1,1,-1
2015160B01391,1,90,0,1,9,6,0,0,0,0,1,1,6,1,44,7,-1,-1,-1,-1,1,-1
2015160B01391,2,9,0,18,0,1,1,0,1,0,1,1,6,1,30,6,-1,-1,-1,-1,1,-1
2015160B01401,1,9,0,18,0,0,0,0,0,0,1,1,2,2,25,5,1600,1,4,-1,1,-1
2015160B01401,2,21,1,4,0,0,0,0,0,0,2,1,1,1,49,8,10837,2,1,-1,3,-1
2015160B01411,1,9,0,9,0,6,0,0,0,0,1,1,6,1,80,11,1242,1,11,-1,2,-1
2015160B01411,2,9,0,18,0,1,0,0,0,0,1,1,6,2,35,6,1388,1,16,-1,2,-1
2015160B01421,1,9,0,17,0,0,2,10,1,0,1,1,6,3,-1,-1,1598,7,11,-1,-1,-1
2015160B01431,1,9,0,8,0,1,0,0,0,0,2,1,6,2,59,9,1199,1,15,-1,2,-1
2015160B01431,2,9,0,4,0,1,0,0,0,0,1,1,6,3,-1,-1,-1,-1,-1,-1,-1,-1
2015160B01441,1,9,0,7,0,6,0,0,0,0,1,1,6,1,80,11,1975,1,5,-1,3,-1
2015160B01441,2,1,0,18,0,8,0,0,0,0,4,1,6,1,73,10,-1,-1,-1,-1,3,-1
2015160B01451,1,9,0,18,0,0,0,0,0,0,1,1,6,2,32,6,1360,1,9,-1,1,-1
2015160B01471,1,9,0,9,0,6,0,0,0,0,3,1,6,1,25,5,1390,1,14,-1,1,-1
2015160B01471,2,11,0,18,0,8,0,0,0,0,3,1,6,2,52,8,3900,2,9,-1,1,-1
2015160B01481,1,9,0,9,0,5,0,0,0,0,1,1,6,1,19,4,1956,2,5,-1,2,-1
2015160B01481,2,8,0,18,0,8,0,0,0,0,1,1,1,1,27,6,1796,1,9,-1,1,-1
2015160B01491,1,9,0,3,0,1,0,0,0,0,2,1,6,2,33,6,1968,2,10,-1,1,-1
2015160B01491,2,9,0,18,0,1,0,0,0,0,1,1,6,1,65,9,2231,2,3,-1,2,-1
2015160B01511,1,9,0,18,0,8,0,0,0,0,1,1,2,2,42,7,998,1,4,-1,2,-1
2015160B01521,1,9,0,6,0,6,0,0,0,0,3,1,6,1,28,6,1596,1,14,-1,1,-1
2015160B01521,2,3,0,18,0,8,0,0,0,0,1,1,6,1,20,4,124,1,26,-1,1,-1
2015160B01531,1,9,0,3,0,1,0,0,0,0,2,1,6,2,25,5,1968,2,5,-1,2,-1
2015160B01531,2,9,0,3,0,1,0,0,0,0,2,1,6,2,53,8,1910,2,13,-1,2,-1
2015160B01531,3,9,0,18,0,1,0,0,0,0,1,1,6,1,46,8,1118,1,25,-1,2,-1
2015160B01541,1,9,0,14,0,0,0,0,0,0,0,1,6,3,-1,-1,-1,-1,-1,-1,-1,-1
2015160B01541,2,9,0,18,0,0,0,10,1,10,4,1,6,1,78,11,1560,2,3,-1,2,-1
2015160B01541,3,19,0,2,0,0,0,0,0,0,3,1,6,1,49,8,2500,2,15,-1,2,-1
2015160B01551,1,9,0,18,0,0,0,0,0,0,0,1,6,2,92,11,2268,2,2,-1,3,-1
2015160B01551,2,9,0,13,0,0,0,0,0,0,0,1,6,2,51,8,1199,2,2,-1,1,-1
2015160B01551,3,9,0,18,0,0,0,0,0,0,0,1,6,3,-1,-1,-1,-1,-1,-1,-1,-1
2015160B01561,1,9,0,18,0,0,0,0,1,11,1,1,6,1,28,6,1796,1,14,-1,1,-1
2015160B01571,1,9,0,2,0,0,0,0,0,0,3,1,6,1,40,7,1995,1,7,-1,1,-1
2015160B01571,2,9,0,18,0,0,0,0,0,0,4,1,6,1,19,4,973,1,12,-1,1,-1
2015160B01581,1,9,0,18,0,0,1,0,1,7,1,1,6,1,66,10,1905,2,18,-1,1,-1
2015160B01591,1,9,0,17,0,0,0,0,0,0,1,1,6,1,41,7,1200,1,2,-1,1,-1
2015160B01591,2,3,0,16,0,0,0,0,0,0,1,1,6,1,20,4,124,1,5,-1,1,-1
2015160B01591,3,9,0,2,0,0,0,0,0,0,3,1,6,3,-1,-1,1686,2,11,-1,-1,-1
2015160B01601,1,9,0,18,0,0,0,0,1,10,1,1,2,2,55,8,-1,-1,-1,-1,1,-1
2015160B01611,1,9,0,9,0,6,0,0,7,10,2,1,2,2,25,5,1242,1,9,-1,3,-1
2015160B01611,2,9,0,18,0,8,0,0,0,0,1,1,2,2,18,4,1896,2,12,-1,2,-1
2015160B01611,3,20,0,18,0,1,0,0,0,0,1,1,1,1,34,6,5193,2,1,-1,1,-1
2015160B01621,1,9,0,18,0,0,0,0,0,0,0,1,6,2,66,10,999,1,16,-1,1,-1
2015160B01621,2,9,0,18,0,0,0,10,1,1,1,1,6,2,37,7,1995,2,9,-1,2,-1
2015160B01631,1,9,0,18,0,0,0,0,0,0,1,1,6,1,67,10,2499,1,8,-1,3,-1
2015160B01631,2,9,0,4,0,0,0,0,0,0,2,1,6,1,63,9,1798,1,7,-1,1,-1
2015160B01631,3,19,0,4,0,0,0,0,0,0,2,1,6,1,64,9,1997,2,11,-1,3,-1
2015160B01631,4,9,0,4,0,0,0,0,0,0,2,1,6,2,29,6,1560,2,11,-1,2,-1
2015160B01641,1,9,0,18,0,8,0,10,1,2,1,1,6,1,30,6,1796,1,14,-1,1,-1
2015160B01641,2,19,0,18,0,6,0,0,0,0,0,1,6,3,-1,-1,-1,-1,-1,-1,-1,-1
2015160B01651,1,9,0,9,0,5,0,0,0,0,3,1,6,2,24,5,1242,1,11,-1,1,-1
2015160B01651,2,9,0,18,0,8,1,0,0,0,1,1,6,1,39,7,1781,1,24,-1,1,-1
2015160B01661,1,11,0,18,0,1,0,0,0,0,1,1,1,2,58,9,4500,2,3,-1,2,-1
2015160B01671,1,9,0,11,0,1,0,0,0,0,2,1,6,1,41,7,1984,1,8,-1,2,-1
2015160B01671,2,21,0,4,0,1,0,0,0,0,1,1,1,1,32,6,15607,2,9,-1,1,-1
2015160B01681,1,9,0,9,0,5,0,0,0,0,1,1,6,1,66,10,1995,2,13,-1,1,-1
2015160B01681,2,1,0,18,0,8,0,0,0,0,3,1,6,1,34,6,-1,-1,-1,-1,1,-1
2015160B01691,1,9,0,17,0,0,2,0,7,10,1,1,6,1,22,5,1796,1,12,-1,2,-1
2015160B01701,1,20,0,9,0,5,0,0,0,0,1,1,1,1,20,4,-1,-1,-1,-1,1,-1
2015160B01701,2,9,0,18,0,8,0,0,0,0,1,1,6,1,61,9,4660,1,14,-1,3,-1
2015160B01711,1,9,0,18,0,0,0,10,0,0,1,1,6,1,76,11,998,1,2,-1,3,-1
2015160B01711,2,9,0,18,0,0,0,0,0,0,1,1,1,1,28,6,1968,2,9,-1,1,-1
2015160B01711,3,9,0,18,0,0,0,0,0,0,1,1,1,2,28,6,1998,2,6,-1,1,-1
2015160B01711,4,21,0,18,0,0,0,0,0,0,0,1,1,1,-1,-1,-1,-1,-1,-1,-1,-1
2015160B01721,1,1,0,18,9,8,0,0,0,0,1,1,2,1,39,7,-1,-1,-1,-1,-1,-1
2015160B01721,2,19,0,7,0,6,0,0,0,0,1,1,6,3,-1,-1,-1,-1,-1,-1,-1,-1
2015160B01731,1,1,0,18,0,6,0,0,0,0,1,1,6,1,45,7,-1,-1,-1,-1,1,-1
2015160B01731,2,19,0,18,0,1,0,0,0,0,4,1,1,1,48,8,1995,2,3,-1,2,-1
2015160B01741,1,9,0,18,0,1,0,0,0,0,4,1,6,2,28,6,1149,1,4,-1,1,-1
2015160B01751,1,9,0,18,0,0,2,0,1,4,1,1,6,1,26,6,2497,1,13,-1,2,-1
2015160B01751,2,9,0,18,0,0,0,0,0,0,0,1,6,1,33,6,2000,2,10,-1,1,-1
2015160B01761,1,3,0,5,0,1,1,0,0,0,1,1,6,1,27,6,124,1,26,-1,2,-1
2015160B01761,2,9,0,4,0,1,0,0,0,0,2,1,6,3,-1,-1,-1,-1,-1,-1,-1,-1
2015160B01771,1,19,0,18,0,1,0,0,0,0,1,1,1,1,-1,-1,2198,2,1,-1,-1,-1
2015160B01771,2,9,0,8,0,1,0,0,0,0,2,1,1,1,40,7,1597,2,1,-1,1,-1
2015160B01781,1,9,0,18,0,0,5,0,1,9,1,1,6,1,19,4,1396,1,18,-1,1,-1
2015160B01791,1,9,0,18,0,0,2,0,1,8,1,1,6,2,26,6,1598,1,8,-1,3,-1
2015160B01801,1,9,0,9,0,5,0,0,0,0,1,1,6,1,22,5,1968,2,1,-1,1,-1
2015160B01801,2,9,0,18,0,8,0,0,0,0,3,1,6,2,32,6,1360,1,9,-1,1,-1
2015160B01811,1,21,1,9,0,1,0,0,0,0,4,1,1,1,55,8,12130,2,10,-1,2,-1
2015160B01811,2,9,0,8,0,1,0,0,0,0,3,1,2,1,65,9,1598,1,2,-1,2,-1
2015160B01821,1,9,0,17,0,0,5,0,1,9,1,1,2,1,18,4,1597,2,-1,-1,3,-1
2015160B01831,1,9,0,7,0,1,0,0,0,0,1,1,6,1,38,7,1240,1,9,-1,1,-1
2015160B01831,2,5,0,7,0,4,0,0,0,0,2,1,6,1,50,8,1298,1,15,-1,1,-1
2015160B01841,1,9,0,18,0,1,0,9,7,4,1,1,6,2,52,8,1229,1,9,-1,1,-1
2015160B01841,2,9,0,18,0,8,0,10,7,1,4,1,6,1,46,8,2324,1,14,-1,2,-1
2015160B01851,1,9,0,18,0,4,0,7,3,0,1,1,2,1,23,5,1299,1,13,-1,1,-1
2015160B01851,2,9,0,18,0,3,0,0,0,0,0,1,6,3,-1,-1,-1,-1,-1,-1,-1,-1
2015160B01861,1,5,0,9,0,8,1,0,0,0,3,1,6,1,60,9,1000,1,15,-1,3,-1
2015160B01871,1,9,0,18,0,1,0,0,0,0,1,1,2,2,28,6,1870,2,8,-1,1,-1
2015160B01871,2,9,0,3,0,1,0,0,0,0,2,1,2,1,27,6,-1,-1,-1,-1,1,-1
2015160B01871,3,9,0,3,0,1,0,0,0,0,2,1,2,2,36,7,1596,1,5,-1,1,-1
2015160B01881,1,4,0,18,0,0,0,0,0,0,1,1,2,1,43,7,-1,-1,-1,-1,3,-1
2015160B01881,2,9,0,4,0,0,0,0,0,0,2,1,2,1,43,7,1240,1,10,-1,2,-1
2015160B01891,1,9,0,3,0,1,0,0,0,0,2,1,6,1,65,9,1688,2,11,-1,2,-1
2015160B01891,2,9,0,18,0,1,0,0,0,0,1,1,6,1,53,8,1988,2,10,-1,1,-1
2015160B01901,1,9,0,18,0,2,0,0,0,0,4,1,6,1,70,10,998,1,2,-1,3,-1
2015160B01911,1,1,0,18,9,8,0,0,0,0,3,1,6,1,23,5,-1,-1,-1,-1,1,-1
2015160B01911,2,9,0,1,9,6,0,0,0,0,2,1,6,2,46,8,1597,1,17,-1,1,-1
2015160B01921,1,9,0,7,0,5,5,0,1,3,1,1,6,1,58,9,4163,1,9,-1,-1,-1
2015160B01931,1,9,0,18,0,0,0,0,0,0,1,1,6,2,43,7,4197,1,7,-1,2,-1
2015160B01931,2,9,4,18,0,0,0,0,0,0,0,1,1,1,-1,-1,1951,2,14,-1,1,-1
2015160B01941,1,9,0,18,0,0,1,0,5,6,1,1,6,1,22,5,1398,1,1,-1,1,-1
2015160B01951,1,9,0,9,0,3,0,0,0,0,4,1,6,2,33,6,-1,-1,-1,-1,1,-1
2015160B01961,1,9,0,5,0,1,0,0,0,0,1,1,2,2,32,6,998,1,2,-1,2,-1
2015160B01961,2,9,0,5,0,1,0,0,0,0,2,1,6,2,50,8,1910,2,12,-1,3,-1
2015160B01981,1,9,0,13,0,0,0,0,0,0,1,1,6,1,26,6,-1,-1,-1,-1,1,-1
2015160B01981,2,9,0,18,0,0,0,0,1,10,1,1,6,1,43,7,1598,1,7,-1,1,-1
2015160B01991,1,9,0,18,0,8,0,0,0,0,0,1,6,1,40,7,1108,1,5,-1,1,-1
2015160B01991,2,9,0,7,0,1,0,0,0,0,1,1,6,2,18,4,1108,1,13,-1,1,-1
2015160B01991,3,9,0,2,0,1,0,0,0,0,1,1,6,1,27,6,-1,-1,-1,-1,1,-1
2015160B02001,1,8,0,18,0,8,0,0,0,0,1,1,1,1,21,5,1968,2,4,-1,1,-1
2015160B02001,2,9,0,5,0,6,0,0,0,0,4,1,6,2,18,4,1388,1,12,-1,1,-1
2015160B02011,1,9,0,18,0,0,0,0,1,9,1,1,6,2,19,4,998,1,-1,-1,2,-1
2015160B02021,1,19,0,12,9,0,0,0,0,0,3,1,6,1,52,8,2261,1,7,-1,1,-1
2015160B02021,2,1,0,18,9,0,0,0,0,0,4,1,6,1,36,7,-1,-1,-1,-1,1,-1
2015160B02031,1,9,0,9,0,8,0,0,0,0,1,1,6,1,34,6,1968,2,7,-1,1,-1
2015160B02031,2,5,0,9,0,8,0,0,0,0,1,1,6,1,65,9,790,1,9,-1,1,-1
2015160B02041,1,9,0,18,0,8,0,0,0,0,1,1,6,2,24,5,1360,1,11,-1,1,-1
2015160B02041,2,9,0,9,0,8,0,0,0,0,4,1,6,1,19,4,999,1,-1,-1,3,-1
2015160B02051,1,90,0,18,0,0,0,0,0,0,1,1,6,1,44,7,349,1,3,-1,1,-1
2015160B02051,2,9,0,2,0,0,0,0,0,0,1,1,6,1,-1,-1,1598,1,9,-1,-1,-1
2015160B02061,1,5,0,18,0,1,1,0,0,0,1,1,6,1,47,8,883,1,10,-1,2,-1
2015160B02061,2,19,0,18,0,1,0,0,0,0,2,1,1,1,41,7,2402,2,6,-1,1,-1
2015160B02071,1,19,0,18,0,0,0,0,0,0,1,1,6,1,23,5,1896,2,13,-1,1,-1
2015160B02071,2,9,0,18,0,0,0,0,7,0,1,1,6,1,48,8,1747,1,13,-1,2,-1
2015160B02081,1,9,0,4,0,0,0,0,0,0,4,1,6,1,29,6,1149,1,11,-1,1,-1
2015160B02081,2,9,0,1,0,0,0,0,0,0,2,1,6,2,34,6,1399,2,13,-1,3,-1
2015160B02101,1,9,0,3,0,0,0,0,0,0,2,1,1,2,-1,-1,-1,-1,-1,-1,-1,-1
2015160B02101,2,4,0,18,0,0,0,0,0,0,1,1,1,1,30,6,125,1,1,-1,3,-1