Accident_Index,Vehicle_Reference,Vehicle_Type,Towing_and_Articulation,Vehicle_Manoeuvre,Vehicle_Location-Restricted_Lane,Junction_Location,Skidding_and_Overturning,Hit_Object_in_Carriageway,Vehicle_Leaving_Carriageway,Hit_Object_off_Carriageway,1st_Point_of_Impact,Was_Vehicle_Left_Hand_Drive?,Journey_Purpose_of_Driver,Sex_of_Driver,Age_of_Driver,Age_Band_of_Driver,Engine_Capacity_(CC),Propulsion_Code,Age_of_Vehicle,Driver_IMD_Decile,Driver_Home_Area_Type,Vehicle_IMD_Decile
2015160B02111,1,9,0,16,0,0,0,0,1,9,1,1,6,1,37,7,1341,1,12,-1,2,-1
2015160B02121,1,9,0,9,0,1,0,0,0,0,1,1,6,1,69,10,1997,2,2,-1,2,-1
2015160B02121,2,9,0,18,0,1,0,0,0,0,1,1,6,1,18,4,1956,2,6,-1,1,-1
2015160B02141,1,9,0,9,0,8,5,10,1,1,1,1,6,2,18,4,1248,1,2,-1,1,-1
2015160B02151,1,3,0,18,0,0,1,0,1,0,4,1,6,1,42,7,125,1,45,-1,2,-1
2015160B02151,2,21,0,14,0,0,0,0,0,0,0,1,1,3,-1,-1,-1,-1,-1,-1,-1,-1
2015160B02161,1,9,0,17,0,0,0,0,0,0,1,1,6,2,26,6,1896,2,14,-1,1,-1
2015160B02171,1,9,0,9,0,8,0,0,0,0,1,1,6,1,24,5,1242,1,9,-1,2,-1
2015160B02171,2,9,0,18,0,1,0,0,0,0,1,1,6,1,37,7,1896,2,8,-1,2,-1
2015160B02181,1,9,0,18,0,0,0,0,0,0,1,1,6,1,46,8,1753,2,9,-1,1,-1
2015160B02191,1,9,0,5,0,4,0,0,0,0,2,1,2,1,32,6,-1,-1,-1,-1,1,-1
2015160B02191,2,9,0,7,0,4,0,0,0,0,1,1,2,1,26,6,2184,2,11,-1,1,-1
2015160B02201,1,9,0,18,0,0,0,0,2,7,1,1,6,1,31,6,1896,2,13,-1,1,-1
2015160B02201,2,11,0,18,0,0,0,0,0,0,2,1,6,1,54,8,6871,2,5,-1,1,-1
2015160B02211,1,9,0,10,0,1,0,0,0,0,2,1,6,2,48,8,1686,2,2,-1,1,-1
2015160B02211,2,9,0,18,0,1,0,0,0,0,1,1,6,3,-1,-1,1198,1,3,-1,-1,-1
2015160B02221,1,8,0,5,0,6,0,0,0,0,1,1,1,1,71,10,1797,8,-1,-1,1,-1
2015160B02231,1,9,3,18,0,0,0,10,5,6,4,1,6,2,47,8,1991,2,5,-1,1,-1
2015160B02231,2,21,1,18,0,0,0,0,0,0,3,1,1,1,44,7,12740,2,2,-1,3,-1
2015160B02241,1,9,0,18,0,8,0,0,0,0,4,1,6,2,52,8,1248,2,3,-1,2,-1
2015160B02241,2,9,0,5,0,6,0,0,0,0,1,1,6,1,21,5,1896,2,9,-1,1,-1
2015160B02251,1,9,0,18,0,2,0,0,1,2,1,1,6,1,-1,-1,1970,1,13,-1,1,-1
2015160B02261,1,4,0,18,0,8,0,0,0,0,3,1,6,1,17,4,124,1,6,-1,1,-1
2015160B02261,2,9,0,9,0,8,0,0,0,0,1,1,6,1,68,10,1368,1,8,-1,1,-1
2015160B02271,1,9,0,2,0,0,0,0,0,0,2,1,6,2,31,6,2231,2,8,-1,2,-1
2015160B02271,2,9,0,1,0,0,0,0,0,0,2,1,6,1,34,6,1997,2,12,-1,1,-1
2015160B02281,1,9,0,18,0,8,0,0,0,0,1,1,2,2,46,8,1596,1,4,-1,1,-1
2015160B02281,2,1,0,9,0,8,0,0,0,0,1,1,6,1,24,5,-1,-1,-1,-1,1,-1
2015160B02291,1,5,0,18,0,0,1,0,0,0,4,1,6,1,55,8,649,1,9,-1,1,-1
2015160B02301,1,9,0,13,0,8,0,0,0,0,1,1,6,2,45,7,1840,1,14,-1,3,-1
2015160B02301,2,9,0,9,0,8,0,0,0,0,1,1,6,1,40,7,1796,1,16,-1,1,-1
2015160B02311,1,5,0,18,0,0,0,0,0,0,0,1,6,1,37,7,998,1,1,-1,1,-1
2015160B02321,1,9,0,4,0,0,0,0,0,0,2,1,6,2,24,5,1560,2,5,-1,3,-1
2015160B02321,2,9,0,18,0,0,0,0,0,0,1,1,6,1,44,7,-1,-1,-1,-1,3,-1
2015160B02331,1,9,0,18,0,0,0,0,0,0,3,1,6,1,25,5,1399,1,11,-1,1,-1
2015160B02331,2,9,0,18,0,0,1,0,0,0,4,1,6,1,27,6,2979,1,13,-1,1,-1
2015160B02341,1,19,0,18,0,8,0,0,0,0,1,1,6,1,24,5,1968,2,10,-1,3,-1
2015160B02341,2,9,0,9,0,5,0,0,0,0,1,1,6,2,46,8,2996,1,3,-1,3,-1
2015160B02351,1,21,0,12,0,0,0,0,0,0,3,1,6,3,-1,-1,-1,-1,-1,-1,-1,-1
2015160B02351,2,9,0,13,0,0,0,10,0,0,4,1,6,1,21,5,1199,1,11,-1,2,-1
2015160B02361,1,9,0,18,0,0,0,0,0,0,1,1,6,1,25,5,1598,1,7,-1,1,-1
2015160B02361,2,9,0,18,0,0,0,0,0,0,2,1,6,1,23,5,1398,2,13,-1,1,-1
2015160B02361,3,9,0,18,0,0,0,0,0,0,2,1,6,1,68,10,505,1,10,-1,1,-1
2015160B02361,4,9,0,18,0,0,0,0,0,0,2,1,6,1,63,9,1329,1,2,-1,1,-1
2015160B02371,1,21,1,12,0,7,0,0,0,0,1,2,1,1,38,7,-1,-1,-1,-1,-1,-1
2015160B02371,2,9,0,18,0,8,0,0,0,0,2,1,6,1,46,8,1798,8,2,-1,1,-1
2015160B02381,1,9,0,4,0,0,0,0,0,0,3,1,6,1,35,6,-1,-1,-1,-1,3,-1
2015160B02381,2,9,0,18,0,0,1,0,0,0,1,1,1,1,24,5,2495,2,12,-1,2,-1
2015160B02391,1,9,0,16,0,0,1,0,7,4,1,1,6,1,19,4,1242,1,6,-1,3,-1
2015160B02401,1,1,0,9,0,0,0,0,0,0,1,1,6,1,20,4,-1,-1,-1,-1,1,-1
2015160B02401,2,9,0,13,0,0,0,0,0,0,1,1,6,1,70,10,1598,1,12,-1,2,-1
2015160B02411,1,2,0,18,0,8,0,0,0,0,1,1,6,1,23,5,-1,-1,-1,-1,1,-1
2015160B02411,2,9,0,18,0,8,0,0,0,0,1,1,6,1,23,5,1598,1,15,-1,1,-1
2015160B02421,1,9,0,18,0,4,0,0,0,0,1,1,6,1,51,8,-1,-1,-1,-1,1,-1
2015160B02421,2,9,0,9,0,8,0,0,0,0,3,1,6,1,23,5,1587,1,8,-1,1,-1
2015160B02431,1,9,0,14,0,0,0,0,0,0,1,1,6,1,61,9,1798,1,7,-1,-1,-1
2015160B02431,2,9,0,18,0,0,0,0,0,0,1,1,6,1,35,6,1400,2,10,-1,1,-1
2015160B02431,3,9,0,2,0,0,0,0,0,0,0,1,6,1,21,5,2495,1,20,-1,3,-1
2015160B02441,1,9,0,18,0,0,0,0,7,10,1,1,6,2,24,5,1461,2,12,-1,2,-1
2015160B02451,1,9,0,18,0,0,0,0,0,0,1,1,1,1,21,5,1590,1,11,-1,3,-1
2015160B02451,2,9,0,18,0,0,0,0,0,0,1,1,1,1,49,8,1998,2,14,-1,2,-1
2015160B02461,1,9,0,18,0,8,0,0,0,0,4,1,1,2,27,6,1596,1,7,-1,1,-1
2015160B02461,2,9,0,18,0,6,0,0,0,0,1,1,6,1,31,6,1796,1,13,-1,1,-1
2015160B02461,3,19,0,2,0,1,0,0,0,0,0,1,6,3,-1,-1,4250,2,5,-1,-1,-1
2015160B02471,1,9,0,18,0,0,0,0,0,0,1,1,6,1,25,5,-1,-1,-1,-1,1,-1
2015160B02471,2,2,0,5,0,0,0,0,0,0,4,1,1,2,51,8,-1,-1,-1,-1,1,-1
2015160B02481,1,9,0,18,0,0,0,0,0,0,1,1,6,1,51,8,1956,2,5,-1,1,-1
2015160B02481,2,9,0,2,0,0,0,0,0,0,2,1,6,3,-1,-1,1598,1,9,-1,-1,-1
2015160B02491,1,9,0,17,0,0,1,0,1,0,3,1,6,1,19,4,1328,1,7,-1,3,-1
2015160B02501,1,9,0,9,0,5,0,0,0,0,0,1,6,1,22,5,1598,2,5,-1,1,-1
2015160B02501,2,9,0,18,0,8,0,10,1,7,3,1,6,1,25,5,1598,1,6,-1,1,-1
2015160B02511,1,9,0,18,0,0,0,0,0,0,1,1,6,1,67,10,1995,1,4,-1,3,-1
2015160B02511,2,1,0,18,0,0,1,0,0,0,4,1,6,1,34,6,-1,-1,-1,-1,1,-1
2015160B02521,1,11,0,18,0,0,0,0,0,0,3,1,1,1,-1,-1,9600,2,14,-1,3,-1
2015160B02521,2,90,0,18,0,0,0,0,0,0,3,1,1,1,-1,-1,5480,2,10,-1,1,-1
2015160B02531,1,9,0,18,0,8,1,0,0,0,1,1,6,1,23,5,1199,1,12,-1,1,-1
2015160B02531,2,9,0,9,0,5,0,0,0,0,4,1,6,2,18,4,-1,-1,-1,-1,1,-1
2015160B02531,3,9,0,8,0,1,0,0,0,0,1,1,6,2,26,6,995,1,9,-1,1,-1
2015160B02541,1,5,0,16,0,0,0,0,0,0,4,1,6,1,29,6,998,1,9,-1,2,-1
2015160B02541,2,17,4,17,0,0,0,0,0,0,1,1,1,1,63,9,-1,2,20,-1,3,-1
2015160B02551,1,9,0,18,0,0,0,0,0,0,4,1,6,1,20,4,1590,1,10,-1,2,-1
2015160B02561,1,9,0,18,0,0,0,4,0,0,1,1,6,1,19,4,1998,1,5,-1,2,-1
2015160B02561,2,9,0,2,0,0,0,4,1,0,2,1,6,3,-1,-1,1582,2,-1,-1,-1,-1
2015160B02561,3,9,0,2,0,0,0,4,0,0,2,1,6,3,-1,-1,698,1,9,-1,-1,-1
2015160B02561,4,9,0,2,0,0,0,4,0,0,2,1,6,3,-1,-1,1896,2,18,-1,-1,-1
2015160B02571,1,9,0,16,0,0,0,0,0,0,1,1,6,2,23,5,1199,1,12,-1,3,-1
2015160B02571,2,20,0,17,0,0,0,0,0,0,1,1,2,1,50,8,-1,-1,-1,-1,3,-1
2015160B02581,1,9,0,18,0,0,1,10,5,6,4,1,6,1,43,7,1995,2,1,-1,1,-1
2015160B02591,1,17,4,9,0,5,0,0,0,0,3,1,1,1,22,5,5900,2,16,-1,2,-1
2015160B02591,2,9,0,13,0,8,0,0,0,0,1,1,6,2,77,11,973,1,12,-1,3,-1
2015160B02611,1,9,0,17,0,0,0,0,1,9,1,1,6,2,34,6,1242,1,11,-1,1,-1
2015160B02621,1,9,0,18,0,0,1,10,6,6,3,1,6,2,52,8,2495,2,17,-1,1,-1
2015160B02621,2,20,0,18,0,0,0,0,0,0,0,1,6,3,-1,-1,-1,-1,-1,-1,-1,-1
2015160B02631,1,9,0,18,0,0,0,0,0,0,1,1,6,1,16,4,-1,-1,-1,-1,1,-1
2015160B02631,2,9,0,3,0,0,0,0,0,0,2,1,6,1,29,6,1242,1,1,-1,1,-1
2015160B02641,1,21,1,18,0,8,0,0,0,0,3,1,1,1,42,7,11116,2,16,-1,1,-1
2015160B02641,2,9,0,18,0,8,0,9,0,0,4,1,6,1,35,6,1968,2,4,-1,1,-1
2015160B02651,1,19,0,18,0,1,0,9,0,0,1,1,2,1,23,5,1686,2,10,-1,1,-1
2015160B02651,2,20,0,3,0,2,0,0,0,0,2,1,1,1,45,7,7684,2,4,-1,3,-1
2015160B02671,1,2,0,18,0,8,0,0,0,0,4,1,6,2,49,8,49,1,10,-1,1,-1
2015160B02671,2,9,0,9,0,6,0,0,0,0,1,1,6,2,19,4,998,1,12,-1,1,-1
2015160B02681,1,9,0,4,0,1,0,0,0,0,1,1,6,1,41,7,1560,2,4,-1,1,-1
2015160B02681,2,9,0,4,0,1,0,0,0,0,4,1,6,1,17,4,1199,1,14,-1,1,-1
2015160B02691,1,9,0,13,0,1,0,0,0,0,1,1,6,2,17,4,1329,1,2,-1,2,-1
2015160B02691,2,19,0,18,0,5,0,0,0,0,3,1,6,1,25,5,-1,-1,-1,-1,1,-1
2015160B02701,1,9,0,18,0,2,0,0,0,0,1,1,6,1,21,5,2000,2,9,-1,1,-1
2015160B02711,1,21,1,18,0,8,0,0,0,0,1,1,1,1,28,6,-1,-1,-1,-1,-1,-1
2015160B02711,2,9,0,18,0,8,0,0,0,0,4,1,2,1,62,9,1598,1,7,-1,-1,-1
2015160B02721,1,9,0,13,0,0,0,7,0,2,1,1,1,2,52,8,998,1,14,-1,1,-1
2015160B02731,1,9,0,6,0,6,0,0,0,0,3,1,6,2,20,4,1242,1,-1,-1,2,-1
2015160B02731,2,19,0,16,0,8,1,0,0,0,1,1,1,1,21,5,-1,-1,-1,-1,2,-1
2015160B02741,1,9,0,18,0,0,1,0,7,4,1,1,6,1,18,4,1199,1,12,-1,1,-1
2015160B02751,1,9,0,4,0,0,0,0,0,0,0,1,6,2,55,8,1390,1,3,-1,2,-1
2015160B02751,2,1,0,18,0,0,0,0,0,0,0,1,6,1,7,2,-1,-1,-1,-1,2,-1
2015160B02761,1,9,0,18,0,2,5,0,0,0,1,1,6,2,20,4,1299,1,12,-1,1,-1
2015160B02761,2,9,0,2,0,2,0,0,0,0,3,1,6,3,-1,-1,1560,2,5,-1,-1,-1
2015160B02771,1,9,0,5,0,6,0,0,0,0,1,1,6,3,-1,-1,-1,-1,-1,-1,-1,-1
2015160B02771,2,1,0,18,0,8,0,0,0,0,4,1,6,2,24,5,-1,-1,-1,-1,1,-1
2015160B02781,1,9,0,18,0,0,0,0,0,0,1,1,6,1,18,4,1248,2,7,-1,1,-1
2015160B02781,2,9,0,18,0,0,0,0,0,0,2,1,6,1,47,8,2495,2,13,-1,1,-1
2015160B02791,1,19,0,7,0,3,0,0,0,0,4,1,6,1,48,8,2299,2,1,-1,1,-1
2015160B02801,1,9,0,5,0,6,0,0,0,0,1,1,6,1,20,4,1968,2,3,-1,1,-1
2015160B02801,2,9,0,18,0,8,0,0,0,0,4,1,6,2,65,9,1998,2,12,-1,3,-1
2015160B02811,1,5,0,16,0,0,1,0,0,0,4,1,6,1,44,7,1050,1,10,-1,1,-1
2015160B02821,1,9,0,18,0,8,0,0,0,0,1,1,6,2,46,8,1390,1,2,-1,1,-1
2015160B02821,2,9,0,9,0,5,0,0,0,0,1,1,6,2,-1,-1,1598,1,1,-1,1,-1
2015160B02831,1,9,0,18,0,0,0,0,7,4,1,1,6,2,65,9,1560,2,6,-1,1,-1
2015160B02831,2,19,0,18,0,0,0,0,1,10,3,1,1,1,30,6,2143,2,1,-1,1,-1
2015160B02831,3,5,0,18,0,0,0,0,0,0,1,1,6,1,48,8,998,1,2,-1,2,-1
2015160B02841,1,9,0,18,0,0,0,0,0,0,1,1,6,2,49,8,1896,2,10,-1,3,-1
2015160B02841,2,9,0,18,0,0,0,0,0,0,3,1,6,2,33,6,1598,1,5,-1,2,-1
2015160B02841,3,9,0,18,0,0,0,0,0,0,1,1,6,2,44,7,1896,2,10,-1,2,-1
2015160B02861,1,9,0,9,0,4,0,0,0,0,3,1,2,1,32,6,1242,1,5,-1,1,-1
2015160B02861,2,5,0,18,0,8,0,0,0,0,1,1,2,1,32,6,675,1,2,-1,2,-1
2015160B02871,1,9,0,18,0,1,0,0,0,0,1,1,6,1,78,11,-1,-1,-1,-1,1,-1
2015160B02871,2,9,0,10,0,8,0,0,0,0,2,1,6,2,38,7,998,1,9,-1,1,-1
2015160B02881,1,19,0,18,0,0,0,0,0,0,1,1,1,1,23,5,1560,2,5,-1,2,-1
2015160B02881,2,21,0,2,0,0,0,0,0,0,2,1,1,1,40,7,6370,2,6,-1,2,-1
2015160B02891,1,4,0,18,0,0,0,0,0,0,3,1,6,1,26,6,125,1,4,-1,1,-1
2015160B02901,1,3,0,18,0,8,0,0,0,0,3,1,2,1,21,5,100,1,14,-1,1,-1
2015160B02901,2,9,0,9,0,5,0,0,0,0,1,1,6,1,18,4,1199,1,12,-1,1,-1
2015160B02911,1,9,0,18,0,0,1,0,5,7,1,1,6,1,46,8,2000,2,6,-1,1,-1
2015160B02921,1,9,0,18,0,3,0,0,0,0,3,1,6,1,71,10,1560,2,8,-1,1,-1
2015160B02921,2,9,0,18,0,3,0,0,0,0,4,1,6,3,-1,-1,-1,-1,-1,-1,-1,-1
2015160B02931,1,1,0,18,0,1,0,10,1,0,1,1,6,1,22,5,-1,-1,-1,-1,1,-1
2015160B02931,2,9,0,3,0,1,0,0,0,0,2,1,6,3,-1,-1,-1,-1,-1,-1,-1,-1
2015160B02941,1,9,3,18,0,0,4,0,1,9,1,1,6,1,37,7,1896,2,10,-1,1,-1
2015160B02951,1,9,0,18,0,8,0,0,0,0,1,1,6,1,34,6,2987,2,3,-1,2,-1
2015160B02951,2,9,0,9,0,8,0,0,0,0,3,1,6,1,56,9,1527,2,14,-1,1,-1
2015160B02971,1,5,0,18,0,1,0,0,0,0,1,1,6,1,31,6,937,1,19,-1,2,-1
2015160B02981,1,5,0,13,0,8,0,10,1,0,4,1,6,1,21,5,885,1,15,-1,1,-1
2015160B02981,2,9,0,9,0,5,0,0,0,0,3,1,6,2,32,6,1896,2,6,-1,1,-1
2015160B02991,1,9,0,18,0,0,0,0,0,0,1,1,2,1,26,6,1753,2,9,-1,2,-1
2015160B02991,2,9,0,4,0,0,0,0,0,0,2,1,6,1,63,9,1997,2,14,-1,2,-1
2015160B02991,3,9,0,4,0,0,0,0,0,0,2,1,6,2,23,5,1598,1,1,-1,3,-1
2015160B02991,4,1,0,18,0,0,0,0,0,0,0,1,6,2,41,7,-1,-1,-1,-1,2,-1
2015160B03001,1,9,0,18,0,0,0,0,0,0,2,1,6,2,23,5,998,1,7,-1,2,-1
2015160B03001,2,19,0,18,0,0,0,0,0,0,1,1,6,3,-1,-1,-1,-1,-1,-1,2,-1
2015160B03011,1,9,0,9,0,8,0,0,0,0,3,1,6,1,30,6,1398,1,16,-1,1,-1
2015160B03011,2,9,0,7,0,8,0,0,0,0,3,1,6,1,31,6,1596,1,10,-1,1,-1
2015160B03021,1,1,0,18,0,8,0,0,0,0,3,1,6,1,28,6,-1,-1,-1,-1,1,-1
2015160B03021,2,9,0,5,0,6,0,0,0,0,1,1,6,1,50,8,1368,1,4,-1,1,-1
2015160B03031,1,9,0,18,0,0,1,0,1,0,4,1,6,2,19,4,1596,1,13,-1,2,-1
2015160B03041,1,9,0,18,0,1,1,10,1,0,3,1,6,1,35,6,1598,1,13,-1,1,-1
2015160B03041,2,9,0,9,0,8,0,0,0,0,1,1,6,2,52,8,998,1,10,-1,2,-1
2015160B03061,1,9,0,16,0,0,1,10,1,11,1,1,6,1,18,4,1299,1,14,-1,1,-1
2015160B03071,1,9,0,18,0,0,2,0,7,4,1,1,6,1,24,5,2000,1,21,-1,2,-1
2015160B03081,1,9,0,17,0,0,0,0,1,4,1,1,6,1,52,8,1598,1,11,-1,2,-1
2015160B03081,2,9,0,16,0,0,0,0,0,0,0,1,6,3,-1,-1,-1,-1,-1,-1,-1,-1
2015160B03091,1,9,0,18,0,8,2,10,1,10,1,1,6,1,24,5,1149,1,11,-1,2,-1
2015160B03101,1,9,0,10,0,5,0,0,0,0,2,1,3,2,46,8,1560,2,8,-1,2,-1
2015160B03101,2,19,0,18,0,1,0,0,0,0,1,1,1,1,60,9,-1,-1,-1,-1,2,-1
2015160B03111,1,9,0,18,0,0,1,0,7,11,1,1,1,2,22,5,1229,1,6,-1,2,-1
2015160B03121,1,19,0,18,0,3,0,0,0,0,0,1,1,1,23,5,2198,2,6,-1,1,-1
2015160B03121,2,21,1,9,0,8,0,0,0,0,1,1,1,1,24,5,-1,-1,-1,-1,-1,-1
2015160B03131,1,9,0,9,0,8,0,10,0,0,3,1,6,1,18,4,1390,1,3,-1,1,-1
2015160B03141,1,19,0,13,0,2,0,0,0,0,4,1,1,1,46,8,2198,2,3,-1,1,-1
2015160B03141,2,1,0,18,0,2,0,0,0,0,3,1,6,1,29,6,-1,-1,-1,-1,3,-1
2015160B03151,1,9,0,12,0,0,0,11,0,0,1,1,1,1,24,5,1199,1,12,-1,1,-1
2015160B03151,2,21,0,2,0,0,0,0,0,0,0,1,1,1,41,7,-1,-1,-1,-1,-1,-1
2015160B03161,1,9,0,18,0,0,0,0,0,0,3,1,6,2,39,7,-1,-1,-1,-1,3,-1
2015160B03161,2,9,0,18,0,0,0,0,0,0,4,1,6,2,38,7,1998,2,3,-1,2,-1
2015160B03171,1,9,0,18,0,6,0,0,0,0,1,1,3,1,39,7,1796,1,12,-1,1,-1
2015160B03171,2,9,0,18,0,8,0,0,3,11,1,1,6,2,57,9,1796,1,10,-1,1,-1
2015160B03181,1,9,0,13,0,8,0,0,0,0,4,1,2,1,34,6,-1,-1,-1,-1,1,-1
2015160B03181,2,1,0,7,0,5,0,0,0,0,3,1,6,1,65,9,-1,-1,-1,-1,2,-1
2015160B03191,1,9,0,18,0,1,0,0,0,0,1,1,6,2,57,9,1995,2,5,-1,2,-1
2015160B03191,2,9,0,3,0,1,0,0,0,0,2,1,6,2,23,5,1242,1,2,-1,2,-1
2015160B03191,3,9,0,10,0,1,0,0,0,0,2,1,6,2,57,9,1995,2,5,-1,2,-1
2015160B03201,1,9,0,16,0,8,0,0,7,7,1,1,6,1,30,6,1761,1,15,-1,2,-1
2015160B03211,1,9,0,9,0,6,0,0,0,0,4,1,6,1,18,4,1388,1,11,-1,1,-1
2015160B03211,2,1,0,18,0,8,0,0,0,0,1,1,1,1,41,7,-1,-1,-1,-1,1,-1
2015160B03221,1,9,0,5,0,6,0,0,0,0,3,1,2,2,33,6,1461,2,5,-1,1,-1
2015160B03221,2,9,0,18,0,8,0,0,0,0,1,1,6,1,26,6,1968,2,1,-1,1,-1
2015160B03231,1,9,0,18,0,0,0,0,0,0,1,1,6,1,25,5,1598,2,-1,-1,1,-1
2015160B03231,2,9,0,4,0,0,0,0,0,0,2,1,6,2,35,6,1997,2,11,-1,3,-1
2015160B03231,3,9,0,4,0,0,0,0,0,0,2,1,6,2,33,6,1461,2,5,-1,2,-1
2015160B03241,1,9,0,18,0,0,0,0,0,0,1,1,2,1,57,9,1997,12,2,-1,2,-1
2015160B03261,1,9,0,1,0,6,0,0,0,0,2,1,6,1,19,4,1997,1,13,-1,-1,-1
2015160B03271,1,9,0,4,0,1,0,0,0,0,1,1,2,2,38,7,1598,1,9,-1,2,-1
2015160B03271,2,9,0,8,0,1,0,0,0,0,2,1,2,1,41,7,1997,2,5,-1,2,-1
2015160B03281,1,3,0,4,0,1,0,11,7,2,1,1,1,1,23,5,124,1,2,-1,3,-1
2015160B03301,1,9,0,7,0,1,0,0,0,0,1,1,6,1,73,10,2495,1,13,-1,1,-1
2015160B03311,1,19,0,8,0,1,0,0,0,0,2,1,6,1,25,5,1461,2,8,-1,2,-1
2015160B03311,2,9,0,18,0,1,0,0,0,0,1,1,6,3,-1,-1,-1,-1,-1,-1,-1,-1
2015160B03321,1,3,0,18,0,8,0,0,0,0,1,1,6,1,21,5,124,1,-1,-1,1,-1
2015160B03321,2,9,0,9,0,6,0,0,0,0,3,1,6,1,18,4,1124,1,12,-1,1,-1
2015160B03331,1,4,0,14,0,8,0,0,0,0,3,1,6,1,78,11,385,1,7,-1,2,-1
2015160B03331,2,9,0,18,0,8,0,0,0,0,3,1,6,2,47,8,1991,1,-1,-1,3,-1
2015160B03351,1,1,0,18,0,6,0,0,0,0,3,1,6,1,16,4,-1,-1,-1,-1,1,-1
2015160B03351,2,9,0,18,0,1,0,0,0,0,1,1,6,2,33,6,2204,2,8,-1,1,-1
2015160B03381,1,9,4,9,0,5,0,0,0,0,4,1,6,1,55,8,-1,-1,-1,-1,3,-1
2015160B03381,2,5,0,18,0,8,0,0,7,10,1,1,6,1,21,5,599,1,14,-1,3,-1
2015160B03391,1,9,0,18,0,0,2,0,7,9,1,1,2,2,44,7,1968,2,8,-1,-1,-1
2015160B03401,1,8,0,9,0,5,0,0,0,0,1,1,1,1,21,5,1968,2,4,-1,1,-1
2015160B03401,2,3,0,18,0,8,1,0,0,0,3,1,6,1,17,4,124,1,3,-1,1,-1
2015160B03411,1,9,0,4,0,0,0,0,0,0,2,1,6,2,50,8,1598,1,14,-1,2,-1
2015160B03411,2,9,0,18,0,0,0,0,0,0,1,1,6,3,-1,-1,-1,-1,-1,-1,-1,-1
2015160B03431,1,9,0,2,0,0,0,0,0,0,3,1,3,2,57,9,1388,1,5,-1,2,-1
2015160B03441,1,2,0,4,0,1,0,10,1,0,3,1,2,2,51,8,125,1,2,-1,3,-1
2015160B03451,1,9,0,12,0,0,0,0,0,0,1,1,6,1,88,11,1149,1,15,-1,1,-1
2015160B03451,2,9,0,2,0,0,0,0,0,0,1,1,6,3,-1,-1,2499,1,7,-1,-1,-1
2015160B03461,1,11,0,13,0,0,0,10,7,0,4,1,3,1,78,11,-1,-1,-1,-1,1,-1
2015160B03461,2,9,0,5,0,0,0,0,0,0,3,1,6,1,57,9,1368,1,8,-1,1,-1
2015160B03471,1,9,0,9,0,6,0,0,0,0,1,1,2,1,62,9,1956,2,-1,-1,1,-1
2015160B03471,2,1,0,18,0,8,0,0,0,0,4,1,6,1,56,9,-1,-1,-1,-1,1,-1
2015160B03481,1,2,0,18,0,1,0,0,0,0,1,1,6,1,16,4,49,1,8,-1,3,-1
2015160B03481,2,17,4,9,0,6,0,0,0,0,3,1,1,1,20,4,-1,2,9,-1,3,-1
2015160B03491,1,3,0,13,0,8,0,0,0,0,1,1,6,1,17,4,125,1,3,-1,2,-1
2015160B03491,2,9,0,9,0,8,0,0,0,0,3,1,2,1,42,7,1388,1,5,-1,1,-1
2015160B03501,1,9,0,18,0,2,1,10,1,0,1,1,6,1,20,4,1781,1,13,-1,2,-1
2015160B03501,2,9,0,18,0,2,0,10,1,7,2,1,6,2,48,8,1248,2,3,-1,1,-1
2015160B03511,1,9,0,14,0,0,0,0,0,0,1,1,6,1,85,11,1199,1,16,-1,1,-1
2015160B03511,2,9,0,3,0,0,0,0,0,0,1,1,6,1,50,8,1596,1,10,-1,3,-1
2015160B03521,1,9,4,4,0,0,0,0,0,0,2,1,6,1,50,8,1896,2,11,-1,1,-1
2015160B03521,2,3,0,18,0,0,0,0,0,0,1,1,6,1,18,4,124,1,4,-1,2,-1
2015160B03531,1,9,0,9,0,5,0,0,0,0,1,1,6,1,47,8,1956,2,1,-1,1,-1
2015160B03531,2,1,0,5,0,8,0,0,0,0,1,1,6,1,60,9,-1,-1,-1,-1,3,-1
2015160B03541,1,9,0,1,0,6,0,0,0,0,3,1,6,1,32,6,1997,2,12,-1,1,-1
2015160B03541,2,1,0,18,0,1,0,0,0,0,1,1,6,1,13,3,-1,-1,-1,-1,1,-1
2015160B03551,1,9,0,10,0,1,0,0,0,0,2,1,6,2,47,8,1596,1,7,-1,2,-1
2015160B03551,2,9,0,18,0,1,0,0,0,0,1,1,6,1,25,5,1198,1,7,-1,2,-1
2015160B03561,1,9,0,8,0,1,0,0,0,0,2,1,6,1,63,9,1399,2,5,-1,1,-1
2015160B03561,2,21,0,18,0,1,0,0,0,0,1,1,1,1,35,6,-1,-1,-1,-1,1,-1
2015160B03571,1,1,0,18,0,2,0,0,0,0,4,1,6,1,25,5,-1,-1,-1,-1,1,-1
2015160B03571,2,9,0,7,0,6,0,0,0,0,1,1,1,1,37,7,1595,1,13,-1,1,-1
2015160B03581,1,5,0,13,0,8,0,10,7,11,1,1,6,1,54,8,749,1,19,-1,1,-1
2015160B03581,2,9,0,9,0,5,0,10,7,0,3,1,6,2,29,6,1360,1,8,-1,3,-1
2015160B03591,1,2,0,9,0,5,1,0,0,0,3,1,6,1,21,5,49,1,12,-1,1,-1
2015160B03601,1,9,0,18,0,8,0,0,0,0,1,1,6,2,30,6,1229,1,7,-1,1,-1
2015160B03601,2,9,0,18,0,6,0,0,0,0,3,1,6,1,59,9,1598,1,6,-1,1,-1
2015160B03621,1,9,0,9,0,3,0,0,0,0,1,1,6,1,31,6,1998,2,6,-1,1,-1