Accident_Index,Vehicle_Reference,Vehicle_Type,Towing_and_Articulation,Vehicle_Manoeuvre,Vehicle_Location-Restricted_Lane,Junction_Location,Skidding_and_Overturning,Hit_Object_in_Carriageway,Vehicle_Leaving_Carriageway,Hit_Object_off_Carriageway,1st_Point_of_Impact,Was_Vehicle_Left_Hand_Drive?,Journey_Purpose_of_Driver,Sex_of_Driver,Age_of_Driver,Age_Band_of_Driver,Engine_Capacity_(CC),Propulsion_Code,Age_of_Vehicle,Driver_IMD_Decile,Driver_Home_Area_Type,Vehicle_IMD_Decile
2015160B03621,2,9,0,18,0,4,0,0,0,0,3,1,6,2,52,8,1988,2,11,-1,1,-1
2015160B03631,1,9,0,3,0,1,0,0,0,0,2,1,6,1,47,8,1995,2,4,-1,3,-1
2015160B03631,2,9,0,18,0,1,0,0,0,0,1,1,6,2,60,9,1398,2,10,-1,3,-1
2015160B03641,1,9,0,13,0,0,0,0,0,0,1,1,2,1,25,5,1598,1,10,-1,1,-1
2015160B03641,2,1,0,18,0,0,0,0,0,0,2,1,2,1,33,6,-1,-1,-1,-1,1,-1
2015160B03651,1,19,0,18,0,1,0,0,0,0,1,1,6,1,34,6,1560,2,5,-1,3,-1
2015160B03651,2,9,0,10,0,8,0,0,0,0,2,1,2,2,41,7,1229,1,10,-1,2,-1
2015160B03661,1,9,0,16,0,0,1,0,0,0,1,1,2,2,24,5,1398,2,13,-1,2,-1
2015160B03661,2,9,0,17,0,0,0,0,0,0,1,1,2,1,60,9,1299,1,12,-1,2,-1
2015160B03661,3,9,0,17,0,0,0,0,0,0,3,1,3,1,49,8,1587,1,11,-1,2,-1
2015160B03671,1,9,0,14,0,0,0,0,0,0,4,1,6,3,-1,-1,-1,-1,-1,-1,-1,-1
2015160B03681,1,9,0,18,0,8,0,0,7,7,1,1,2,1,57,9,2494,2,3,-1,3,-1
2015160B03681,2,9,0,18,0,6,0,0,1,7,1,1,6,1,28,6,1248,2,9,-1,2,-1
2015160B03691,1,9,0,13,0,0,1,0,7,9,1,1,6,1,23,5,2000,1,10,-1,3,-1
2015160B03691,2,9,0,18,0,0,1,0,1,9,1,1,6,2,22,5,-1,-1,-1,-1,3,-1
2015160B03701,1,9,0,8,0,1,0,0,0,0,2,1,6,2,33,6,1896,2,6,-1,1,-1
2015160B03701,2,9,0,18,0,1,0,0,0,0,1,1,6,3,-1,-1,-1,-1,-1,-1,-1,-1
2015160B03711,1,9,0,18,0,0,1,0,0,0,1,1,2,1,66,10,1396,1,12,-1,1,-1
2015160B03711,2,19,0,3,0,0,0,0,0,0,2,1,2,1,36,7,1598,2,1,-1,1,-1
2015160B03721,1,9,0,2,0,2,0,10,7,11,3,1,6,3,-1,-1,1398,1,5,-1,-1,-1
2015160B03731,1,9,0,18,0,0,0,7,0,0,1,1,6,1,83,11,1493,1,13,-1,2,-1
2015160B03741,1,9,0,18,0,6,1,0,1,11,1,1,6,1,16,4,1242,1,14,-1,1,-1
2015160B03751,1,9,0,18,0,4,0,10,1,4,1,1,6,1,21,5,1995,2,7,-1,1,-1
2015160B03761,1,9,0,18,0,4,1,9,3,1,1,1,6,1,23,5,1398,2,4,-1,1,-1
2015160B03771,1,2,0,7,0,5,0,0,0,0,1,1,6,1,17,4,49,1,-1,-1,2,-1
2015160B03771,2,9,0,18,0,1,0,0,0,0,1,1,6,1,40,7,1995,2,10,-1,1,-1
2015160B03781,1,9,0,18,0,1,0,0,0,0,4,1,6,2,19,4,1000,1,15,-1,2,-1
2015160B03781,2,19,0,9,0,1,0,0,0,0,2,1,1,1,54,8,2402,2,10,-1,3,-1
2015160B03781,3,9,0,18,0,1,0,0,0,0,1,1,6,1,53,8,1598,1,12,-1,3,-1
2015160B03791,1,9,0,9,0,6,0,0,0,0,1,1,1,2,46,8,1242,1,7,-1,2,-1
2015160B03801,1,9,0,18,0,0,5,0,7,0,1,1,6,1,84,11,1242,1,2,-1,2,-1
2015160B03801,2,9,0,2,0,0,0,0,1,0,2,1,6,3,-1,-1,1199,1,11,-1,-1,-1
2015160B03811,1,9,0,18,0,6,0,0,7,11,4,1,6,1,42,7,1587,1,9,-1,1,-1
2015160B03811,2,9,0,18,0,8,0,0,0,0,1,1,6,2,65,9,1499,1,1,-1,1,-1
2015160B03821,1,9,0,18,0,8,0,0,0,0,1,1,6,1,21,5,2495,2,12,-1,3,-1
2015160B03821,2,9,0,10,0,8,0,0,0,0,2,1,6,2,20,4,1124,1,13,-1,1,-1
2015160B03841,1,19,0,18,0,0,0,0,0,0,4,1,6,3,-1,-1,-1,-1,-1,-1,-1,-1
2015160B03861,1,9,0,18,0,0,0,0,0,0,4,1,6,2,35,6,1686,2,10,-1,2,-1
2015160B03871,1,9,0,9,0,8,0,0,0,0,4,1,6,2,20,4,1560,2,3,-1,1,-1
2015160B03871,2,9,0,18,0,8,0,0,0,0,1,1,6,1,65,9,1124,1,11,-1,1,-1
2015160B03881,1,9,0,9,0,4,0,0,0,0,1,1,2,1,28,6,1598,1,13,-1,1,-1
2015160B03881,2,1,0,18,0,8,0,0,0,0,1,1,6,1,44,7,-1,-1,-1,-1,1,-1
2015160B03891,1,21,1,9,0,8,0,0,0,0,3,1,1,1,49,8,12600,2,16,-1,2,-1
2015160B03891,2,19,0,18,0,4,0,0,0,0,1,1,1,1,29,6,1968,2,3,-1,1,-1
2015160B03901,1,9,0,1,0,0,0,0,0,0,2,1,6,1,19,4,1995,2,9,-1,1,-1
2015160B03901,2,2,0,3,0,0,0,0,0,0,1,1,6,1,23,5,-1,-1,-1,-1,1,-1
2015160B03911,1,9,0,18,0,8,0,0,0,0,1,1,2,2,26,6,1598,1,6,-1,1,-1
2015160B03911,2,9,0,9,0,5,0,0,0,0,2,1,1,1,58,9,998,1,-1,-1,-1,-1
2015160B03921,1,9,0,10,0,1,0,0,0,0,3,1,6,2,36,7,1995,2,11,-1,1,-1
2015160B03921,2,1,0,18,0,8,0,0,0,0,1,1,6,1,13,3,-1,-1,-1,-1,1,-1
2015160B03931,1,9,0,17,0,8,0,0,0,0,3,1,6,2,44,7,2993,2,4,-1,3,-1
2015160B03931,2,9,0,5,0,6,0,0,0,0,3,1,6,1,19,4,1206,1,3,-1,1,-1
2015160B03941,1,1,0,18,0,0,0,0,0,0,1,1,6,1,42,7,-1,-1,-1,-1,2,-1
2015160B03941,2,19,0,18,0,0,0,0,0,0,3,1,6,2,-1,-1,2198,2,5,-1,-1,-1
2015160B03961,1,9,0,16,0,0,1,0,1,3,3,1,6,1,29,6,1991,1,17,-1,3,-1
2015160B03971,1,9,0,13,0,0,0,10,7,10,1,1,2,2,21,5,1248,2,8,-1,1,-1
2015160B03981,1,9,0,18,0,1,0,0,0,0,1,1,2,1,54,8,998,1,3,-1,1,-1
2015160B03991,1,3,0,18,0,8,0,0,0,0,1,1,6,1,18,4,124,1,1,-1,1,-1
2015160B03991,2,9,0,9,0,6,0,0,0,0,3,1,6,2,18,4,-1,-1,-1,-1,1,-1
2015160B04001,1,3,0,18,0,0,0,0,0,0,1,1,6,1,20,4,124,1,26,-1,1,-1
2015160B04001,2,9,0,6,0,0,0,0,0,0,4,1,6,1,40,7,2959,2,9,-1,1,-1
2015160B04031,1,9,0,18,0,0,0,0,7,10,1,1,6,2,25,5,1997,2,-1,-1,1,-1
2015160B04041,1,9,0,9,0,6,1,0,1,10,1,1,6,1,26,6,1388,1,10,-1,2,-1
2015160B04041,2,9,0,18,0,8,0,0,0,0,4,1,3,2,30,6,2199,2,4,-1,3,-1
2015160B04051,1,19,0,9,0,5,0,0,0,0,3,1,1,1,30,6,1598,2,-1,-1,1,-1
2015160B04051,2,9,0,13,0,8,0,0,0,0,1,1,6,1,60,9,-1,-1,-1,-1,1,-1
2015160B04061,1,9,0,18,0,1,0,0,0,0,1,1,6,2,24,5,999,1,5,-1,1,-1
2015160B04061,2,9,0,4,0,1,0,0,0,0,2,1,6,1,28,6,1598,1,4,-1,1,-1
2015160B04071,1,9,0,18,0,0,0,0,1,10,1,1,6,1,65,9,1995,2,10,-1,3,-1
2015160B04071,2,9,0,18,0,0,0,0,1,11,4,1,6,1,51,8,1199,1,11,-1,1,-1
2015160B04081,1,3,0,5,0,6,0,0,0,0,4,1,6,1,34,6,124,1,17,-1,1,-1
2015160B04081,2,9,0,7,0,5,0,0,0,0,1,1,6,3,-1,-1,-1,-1,-1,-1,-1,-1
2015160B04091,1,9,0,5,0,6,0,0,0,0,3,1,2,1,41,7,1995,2,7,-1,1,-1
2015160B04091,2,19,0,18,0,8,0,0,0,0,1,1,2,1,38,7,1753,2,10,-1,1,-1
2015160B04101,1,9,0,18,0,8,0,0,0,0,1,1,6,2,35,6,1329,1,2,-1,1,-1
2015160B04101,2,9,0,9,0,5,0,0,0,0,3,1,6,3,-1,-1,1997,2,14,-1,-1,-1
2015160B04111,1,9,0,10,0,1,0,0,0,0,2,1,6,2,28,6,1242,1,12,-1,1,-1
2015160B04111,2,9,0,4,0,1,0,0,0,0,1,1,6,1,32,6,1560,2,9,-1,1,-1
2015160B04121,1,9,0,16,0,0,0,0,0,0,1,1,6,1,24,5,1895,1,16,-1,1,-1
2015160B04121,2,9,0,17,0,0,0,0,0,0,1,1,6,2,31,6,1296,1,8,-1,1,-1
2015160B04121,3,9,0,17,0,0,0,0,0,0,1,1,6,1,27,6,1598,1,14,-1,1,-1
2015160B04131,1,9,0,18,0,0,0,0,0,0,1,1,2,2,28,6,1242,1,6,-1,1,-1
2015160B04131,2,9,0,3,0,0,0,0,0,0,2,1,2,2,34,6,1796,1,4,-1,1,-1
2015160B04131,3,9,0,3,0,0,0,0,0,0,2,1,2,2,36,7,1598,1,8,-1,3,-1
2015160B04141,1,9,0,18,0,8,0,0,0,0,1,1,6,2,35,6,1598,1,6,-1,1,-1
2015160B04141,2,9,0,9,0,8,0,0,0,0,1,1,6,1,18,4,1199,1,11,-1,2,-1
2015160B04151,1,9,0,18,0,1,0,0,0,0,1,1,1,1,57,9,3059,2,18,-1,3,-1
2015160B04151,2,19,0,10,0,1,0,0,0,0,2,1,1,1,30,6,1560,2,1,-1,1,-1
2015160B04151,3,9,0,18,0,1,0,0,0,0,1,1,6,1,66,10,1598,1,7,-1,2,-1
2015160B04161,1,9,0,9,0,5,0,0,0,0,4,1,2,1,48,8,1598,1,8,-1,1,-1
2015160B04161,2,19,0,10,0,1,0,0,0,0,3,1,1,1,33,6,2287,2,2,-1,1,-1
2015160B04161,3,9,0,18,0,8,0,0,0,0,1,1,2,1,31,6,999,1,14,-1,1,-1
2015160B04171,1,9,0,5,0,6,0,0,0,0,1,1,6,1,66,10,2987,2,6,-1,2,-1
2015160B04171,2,9,0,18,0,8,0,0,0,0,4,1,6,1,52,8,1461,2,-1,-1,2,-1
2015160B04181,1,9,0,7,0,5,0,0,0,0,4,1,2,2,35,6,1390,1,12,-1,1,-1
2015160B04181,2,1,0,18,4,8,0,0,0,0,1,1,6,1,61,9,-1,-1,-1,-1,1,-1
2015160B04201,1,9,0,7,0,5,1,0,0,0,2,1,6,1,25,5,1995,2,3,-1,3,-1
2015160B04201,2,19,0,18,0,1,0,0,0,0,1,1,1,1,39,7,2198,2,3,-1,3,-1
2015160B04211,1,9,0,18,0,8,0,0,0,0,1,1,6,1,65,9,1199,1,12,-1,1,-1
2015160B04221,1,9,0,7,0,6,0,0,0,0,1,1,3,2,27,6,1398,1,8,-1,1,-1
2015160B04221,2,1,0,18,0,8,0,0,0,0,4,1,6,1,66,10,-1,-1,-1,-1,1,-1
2015160B04231,1,9,0,8,0,8,0,0,0,0,2,1,6,1,58,9,1998,2,6,-1,2,-1
2015160B04231,2,9,0,7,0,4,0,0,0,0,1,1,6,1,51,8,1798,1,5,-1,1,-1
2015160B04241,1,9,0,5,0,8,0,0,0,0,1,1,6,1,81,11,1598,2,4,-1,3,-1
2015160B04241,2,9,0,18,0,8,0,0,0,0,3,1,6,2,34,6,1560,2,1,-1,2,-1
2015160B04251,1,9,0,18,0,2,1,7,0,0,1,1,6,1,24,5,1242,1,9,-1,1,-1
2015160B04261,1,9,0,9,0,5,0,0,0,0,1,1,6,3,-1,-1,-1,-1,-1,-1,-1,-1
2015160B04261,2,1,0,9,0,1,0,0,0,0,1,1,6,1,45,7,-1,-1,-1,-1,1,-1
2015160B04271,1,9,0,8,0,1,0,0,0,0,2,1,6,1,22,5,998,1,2,-1,1,-1
2015160B04271,2,9,0,18,0,1,0,0,0,0,1,1,6,3,-1,-1,-1,-1,-1,-1,-1,-1
2015160B04281,1,9,0,18,0,2,0,0,0,0,1,1,6,1,21,5,1900,2,9,-1,3,-1
2015160B04281,2,9,0,2,0,2,0,10,1,0,2,1,6,1,74,10,1797,8,6,-1,2,-1
2015160B04291,1,9,0,18,0,8,0,0,0,0,1,1,2,1,21,5,1242,1,12,-1,2,-1
2015160B04291,2,9,0,10,0,8,0,0,0,0,2,1,2,1,26,6,-1,-1,-1,-1,1,-1
2015160B04311,1,9,0,1,0,6,0,0,7,11,2,1,6,1,81,11,1998,1,10,-1,2,-1
2015160B04321,1,9,0,18,0,0,0,0,1,7,1,1,6,2,44,7,1461,2,12,-1,3,-1
2015160B04331,1,9,0,18,0,8,0,0,1,1,1,1,2,1,27,6,1796,1,7,-1,3,-1
2015160B04331,2,9,0,9,0,5,0,0,0,0,1,1,2,1,49,8,1598,1,12,-1,1,-1
2015160B04341,1,9,0,14,0,0,0,0,0,0,1,1,1,1,28,6,-1,-1,-1,-1,1,-1
2015160B04351,1,9,0,17,0,0,1,0,1,1,1,1,2,2,19,4,1242,1,1,-1,2,-1
2015160B04361,1,9,0,11,0,0,0,0,0,0,1,1,6,1,30,6,1781,1,29,-1,1,-1
2015160B04361,2,21,1,18,0,0,0,0,0,0,2,1,1,3,-1,-1,-1,-1,-1,-1,-1,-1
2015160B04371,1,9,0,13,0,0,0,0,5,6,3,1,2,1,21,5,1242,1,15,-1,3,-1
2015160B04371,2,9,0,18,0,0,0,0,1,7,4,1,6,1,28,6,1796,1,9,-1,1,-1
2015160B04381,1,9,0,18,0,0,2,0,1,9,1,1,2,1,24,5,1991,2,9,-1,1,-1
2015160B04391,1,9,0,16,0,0,1,0,1,3,1,1,6,1,22,5,1986,2,8,-1,1,-1
2015160B04401,1,9,0,18,0,2,0,0,7,0,1,1,2,2,50,8,1956,2,1,-1,3,-1
2015160B04421,1,9,0,13,0,0,0,0,0,0,0,1,6,3,-1,-1,-1,-1,-1,-1,-1,-1
2015160B04421,2,9,0,18,0,0,0,0,1,10,1,1,6,1,36,7,1600,1,15,-1,2,-1
2015160B04431,1,9,0,18,0,0,0,0,0,0,1,1,6,1,46,8,2902,2,11,-1,1,-1
2015160B04431,2,9,0,2,0,0,0,0,0,0,2,1,6,3,-1,-1,998,1,1,-1,-1,-1
2015160B04441,1,9,0,18,0,0,1,0,0,0,3,1,6,1,32,6,2143,2,1,-1,1,-1
2015160B04441,2,9,0,18,0,0,0,0,0,0,3,1,6,1,74,10,1968,2,4,-1,2,-1
2015160B04451,1,9,0,18,0,8,0,7,0,0,1,1,6,1,57,9,1240,1,11,-1,1,-1
2015160B04451,2,90,0,18,0,6,0,0,0,0,1,1,1,1,57,9,1560,2,4,-1,1,-1
2015160B04461,1,9,0,18,0,0,0,0,0,0,1,1,6,1,47,8,2993,2,10,-1,3,-1
2015160B04461,2,9,0,3,0,0,0,0,0,0,2,1,2,2,28,6,1198,1,10,-1,2,-1
2015160B04461,3,9,0,3,0,0,0,0,0,0,2,1,2,1,19,4,1461,2,9,-1,2,-1
2015160B04471,1,9,0,5,6,0,0,0,0,0,3,1,6,2,67,10,998,1,10,-1,1,-1
2015160B04471,2,2,0,18,0,0,0,0,0,0,1,1,6,2,45,7,49,1,5,-1,1,-1
2015160B04481,1,9,0,18,0,0,0,0,0,0,1,1,6,2,31,6,998,1,13,-1,1,-1
2015160B04481,2,9,0,3,0,0,0,0,0,0,2,1,6,2,51,8,1968,2,6,-1,1,-1
2015160B04491,1,9,0,18,0,4,0,0,0,0,1,1,6,2,35,6,1968,2,5,-1,1,-1
2015160B04491,2,3,0,18,0,8,0,0,0,0,1,1,2,1,57,9,124,1,10,-1,3,-1
2015160B04501,1,9,0,10,0,8,0,0,0,0,2,1,6,2,23,5,1896,2,13,-1,1,-1
2015160B04501,2,9,0,3,0,1,0,0,0,0,2,1,6,1,41,7,1968,2,5,-1,2,-1
2015160B04501,3,9,0,18,0,1,0,0,0,0,1,1,6,1,27,6,-1,-1,-1,-1,3,-1
2015160B04511,1,5,0,13,0,3,0,0,0,0,4,1,6,1,28,6,689,1,-1,-1,1,-1
2015160B04511,2,9,0,18,0,8,0,0,0,0,3,1,6,1,31,6,1598,1,4,-1,2,-1
2015160B04521,1,9,0,18,0,0,0,0,0,0,1,1,2,2,52,8,1598,1,8,-1,1,-1
2015160B04521,2,9,0,18,0,0,0,0,0,0,1,1,6,3,-1,-1,-1,-1,-1,-1,-1,-1
2015160B04531,1,9,0,18,0,1,0,0,0,0,1,1,6,2,34,6,1386,1,7,-1,3,-1
2015160B04531,2,9,0,3,0,1,0,0,0,0,2,1,6,1,34,6,1390,1,-1,-1,1,-1
2015160B04541,1,21,1,18,0,0,3,0,5,6,1,1,1,1,63,9,-1,-1,-1,-1,1,-1
2015160B04551,1,9,0,18,0,2,0,0,0,0,1,1,6,2,91,11,1299,1,11,-1,2,-1
2015160B04551,2,22,0,18,0,8,0,0,0,0,1,1,6,1,74,10,-1,-1,-1,-1,1,-1
2015160B04561,1,9,0,18,0,8,0,0,0,0,1,1,1,1,47,8,1584,1,5,-1,1,-1
2015160B04561,2,9,0,1,0,6,0,0,0,0,2,1,6,3,-1,-1,1199,1,13,-1,-1,-1
2015160B04571,1,9,0,18,0,0,0,0,0,0,0,1,6,2,27,6,1995,2,2,-1,1,-1
2015160B04571,2,9,0,18,0,0,0,0,1,10,1,1,6,2,23,5,1299,1,11,-1,2,-1
2015160B04581,1,9,0,18,0,0,2,0,1,10,1,1,6,2,25,5,1397,1,7,-1,2,-1
2015160B04591,1,22,0,18,0,0,0,0,0,0,1,1,6,2,77,11,-1,-1,-1,-1,1,-1
2015160B04591,2,9,0,18,0,0,0,0,0,0,1,1,6,2,33,6,1968,2,1,-1,1,-1
2015160B04621,1,9,0,9,0,2,0,0,0,0,1,1,6,1,67,10,1296,1,9,-1,1,-1
2015160B04631,1,9,0,18,0,0,2,0,5,6,1,1,2,1,53,8,1598,1,10,-1,1,-1
2015160B04641,1,9,0,10,0,8,0,0,0,0,2,1,6,2,48,8,1461,2,13,-1,1,-1
2015160B04641,2,9,0,18,0,1,0,0,0,0,1,1,6,3,-1,-1,-1,-1,-1,-1,-1,-1
2015160B04651,1,9,0,9,0,5,0,0,0,0,1,1,6,3,-1,-1,-1,-1,-1,-1,-1,-1
2015160B04661,1,9,0,1,0,5,0,0,0,0,2,1,3,1,40,7,1995,2,-1,-1,1,-1
2015160B04671,1,9,0,18,0,0,1,0,5,6,1,1,6,1,54,8,-1,-1,-1,-1,1,-1
2015160B04671,2,19,0,18,0,0,0,11,0,0,1,1,1,1,43,7,1753,2,3,-1,1,-1
2015160B04671,3,9,0,18,0,0,0,11,0,0,1,1,6,1,54,8,1910,2,7,-1,1,-1
2015160B04671,4,9,0,18,0,0,0,11,0,0,1,1,2,2,36,7,2204,2,8,-1,3,-1
2015160B04681,1,9,0,4,0,1,0,0,0,0,2,1,6,1,60,9,1753,2,8,-1,1,-1
2015160B04681,2,9,0,18,0,1,0,0,0,0,1,1,1,1,41,7,1753,2,6,-1,1,-1
2015160B04691,1,9,0,18,0,2,0,0,0,0,1,1,2,2,25,5,1399,2,9,-1,1,-1
2015160B04701,1,9,0,9,0,5,0,0,0,0,4,1,6,1,18,4,1390,1,8,-1,1,-1
2015160B04701,2,5,0,18,0,8,0,0,0,0,1,1,6,1,57,9,996,1,17,-1,1,-1
2015160B04711,1,9,0,18,0,8,0,0,0,0,4,1,2,2,50,8,1968,2,6,-1,-1,-1
2015160B04711,2,9,0,9,0,6,0,0,0,0,1,1,1,1,36,7,1584,1,5,-1,1,-1
2015160B04721,1,9,0,18,0,1,1,0,0,0,1,1,6,1,19,4,1396,1,12,-1,3,-1
2015160B04721,2,9,0,2,0,2,0,0,0,0,2,1,6,3,46,8,1762,1,18,-1,-1,-1
2015160B04721,3,9,0,2,0,2,0,0,0,0,2,1,6,3,50,8,1560,2,3,-1,-1,-1
2015160B04731,1,9,0,18,0,1,0,0,0,0,1,1,2,2,22,5,1242,1,1,-1,1,-1
2015160B04741,1,9,0,18,0,0,0,10,1,1,4,1,6,2,54,8,1686,2,13,-1,1,-1
2015160B04751,1,9,0,5,0,6,0,0,0,0,1,1,6,1,28,6,1339,1,4,-1,1,-1
2015160B04761,1,9,0,18,0,6,0,0,0,0,1,1,6,2,68,10,1560,2,5,-1,2,-1
2015160B04761,2,9,0,2,0,8,0,0,0,0,3,1,6,1,23,5,1998,1,6,-1,2,-1
2015160B04771,1,9,0,18,0,0,0,0,0,0,1,1,6,2,56,9,1968,2,4,-1,2,-1
2015160B04771,2,1,0,18,0,0,0,0,0,0,1,1,2,1,63,9,-1,-1,-1,-1,1,-1
2015160B04781,1,9,0,18,0,8,5,0,1,9,1,1,6,2,24,5,1242,1,9,-1,1,-1
2015160B04781,2,9,0,5,0,6,0,0,0,0,1,1,6,1,20,4,1596,1,11,-1,2,-1
2015160B04791,1,9,0,18,0,0,0,0,2,7,1,1,2,1,55,8,1968,2,2,-1,1,-1
2015160B04801,1,9,0,18,0,8,1,0,0,0,1,1,6,1,20,4,1998,1,10,-1,2,-1
2015160B04801,2,9,0,9,0,6,5,0,7,10,4,1,6,1,72,10,1242,1,4,-1,1,-1
2015160B04811,1,9,0,6,0,0,0,0,0,0,4,1,6,3,-1,-1,-1,-1,-1,-1,-1,-1
2015160B04811,2,4,0,18,0,0,1,0,0,0,1,1,6,1,18,4,124,1,11,-1,1,-1
2015160B04821,1,9,0,9,0,8,0,0,1,10,4,1,6,2,66,10,2198,1,14,-1,2,-1
2015160B04821,2,9,0,18,0,8,1,0,0,0,1,1,6,1,40,7,2987,2,3,-1,1,-1
2015160B04831,1,19,0,18,0,0,2,0,1,9,1,1,2,1,52,8,2497,2,4,-1,3,-1
2015160B04841,1,9,0,18,0,1,0,10,1,2,0,1,6,1,74,10,1796,1,12,-1,1,-1
2015160B04841,2,19,0,11,0,1,0,0,0,0,0,1,6,3,-1,-1,-1,-1,-1,-1,-1,-1
2015160B04851,1,9,0,9,0,5,0,0,0,0,1,1,6,2,22,5,1391,1,15,-1,1,-1
2015160B04851,2,5,0,18,0,8,0,0,0,0,2,1,6,1,54,8,599,1,13,-1,1,-1
2015160B04861,1,9,0,18,0,0,2,0,1,4,1,1,6,2,30,6,1560,2,3,-1,1,-1
2015160B04871,1,9,0,9,0,5,0,0,0,0,1,1,6,1,30,6,1995,2,2,-1,1,-1
2015160B04871,2,9,0,18,0,8,0,0,0,0,1,1,6,1,54,8,2401,2,9,-1,3,-1
2015160B04881,1,9,0,18,0,8,0,10,1,2,4,1,6,2,66,10,2179,2,7,-1,1,-1
2015160B04881,2,9,0,7,0,6,0,0,0,0,1,1,6,2,79,11,1240,1,11,-1,1,-1
2015160B04891,1,9,0,18,0,0,0,0,4,6,1,1,6,2,19,4,1299,1,12,-1,1,-1
2015160C00011,1,9,0,13,0,0,0,0,0,0,1,1,6,1,23,5,1870,2,10,-1,2,-1
2015160C00011,2,9,0,18,0,0,0,0,0,0,2,1,6,1,53,8,973,1,15,-1,1,-1
2015160C00021,1,9,0,4,0,1,0,0,0,0,1,1,6,1,21,5,1598,1,4,-1,3,-1
2015160C00021,2,9,0,4,0,1,0,0,0,0,2,1,6,1,37,7,1582,2,4,-1,2,-1
2015160C00031,1,9,0,18,0,0,1,0,1,4,3,1,6,1,27,6,1598,1,7,-1,1,-1
2015160C00041,1,9,0,11,0,0,0,0,0,0,1,1,6,1,56,9,1781,1,12,-1,1,-1
2015160C00041,2,9,0,18,0,0,1,10,1,11,1,1,6,2,45,7,1299,1,13,-1,3,-1
2015160C00051,1,9,0,17,0,0,2,0,1,11,1,1,2,2,28,6,-1,-1,-1,-1,1,-1
2015160C00061,1,17,2,18,0,0,0,0,0,0,4,1,1,3,-1,-1,-1,-1,-1,-1,-1,-1
2015160C00071,1,9,0,16,0,0,2,0,1,10,1,1,2,1,19,4,1910,2,9,-1,1,-1
2015160C00081,1,19,0,2,4,0,0,0,0,0,2,1,6,1,39,7,1998,1,16,-1,1,-1
2015160C00081,2,9,0,18,4,0,0,0,0,0,1,1,6,1,36,7,1896,2,11,-1,1,-1
2015160C00091,1,3,0,18,0,6,1,0,3,4,1,1,6,1,25,5,125,1,13,-1,2,-1
2015160C00101,1,9,0,18,0,0,0,0,0,0,1,1,6,2,19,4,998,1,9,-1,1,-1
2015160C00101,2,9,0,2,0,0,0,0,0,0,2,1,6,3,-1,-1,1299,1,10,-1,-1,-1
2015160C00111,1,9,0,6,0,6,0,0,0,0,3,1,2,1,34,6,-1,-1,-1,-1,1,-1
2015160C00111,2,9,0,18,0,1,0,0,0,0,1,1,6,2,41,7,1560,2,3,-1,3,-1
2015160C00121,1,9,0,18,0,0,0,0,1,2,4,1,6,1,45,7,-1,-1,-1,-1,1,-1
2015160C00131,1,9,0,18,0,0,1,0,7,9,4,1,6,1,37,7,-1,-1,-1,-1,1,-1
2015160C00131,2,9,0,18,0,0,0,0,0,0,1,1,6,2,30,6,1461,2,5,-1,1,-1
2015160C00141,1,9,0,18,0,2,0,0,0,0,4,1,6,1,46,8,1995,2,1,-1,1,-1
2015160C00151,1,9,0,16,0,0,2,0,1,10,1,1,6,2,32,6,1242,1,1,-1,-1,-1
2015160C00161,1,1,0,18,0,0,0,11,0,0,1,1,6,1,36,7,-1,-1,-1,-1,2,-1
2015160C00171,1,9,0,18,0,0,0,0,1,2,1,1,6,1,83,11,1396,1,14,-1,1,-1
2015160C00191,1,9,0,18,0,0,0,0,0,0,1,1,6,2,58,9,-1,-1,-1,-1,2,-1
2015160C00191,2,19,0,2,0,0,0,0,0,0,2,1,1,3,-1,-1,2148,2,5,-1,-1,-1
2015160C00201,1,9,0,18,0,0,0,0,0,0,1,1,6,1,36,7,1560,2,4,-1,1,-1
2015160C00201,2,9,0,18,0,0,0,0,4,6,2,1,6,1,23,5,1363,2,10,-1,1,-1
2015160C00211,1,21,0,2,0,2,0,0,0,0,1,1,1,1,43,7,5900,2,8,-1,1,-1
2015160C00211,2,9,0,18,0,6,0,0,1,11,1,1,2,1,29,6,2500,1,16,-1,1,-1
2015160C00221,1,9,0,7,0,6,0,0,0,0,1,1,6,3,-1,-1,-1,-1,-1,-1,-1,-1
2015160C00221,2,9,0,10,0,8,0,0,0,0,3,1,6,2,30,6,1598,1,1,-1,2,-1
2015160C00231,1,9,0,18,0,1,0,0,0,0,4,1,6,1,69,10,2170,2,11,-1,1,-1
2015160C00241,1,9,0,2,0,2,0,0,1,0,2,1,2,3,-1,-1,1968,2,4,-1,-1,-1
2015160C00241,2,9,0,2,0,2,0,0,1,0,1,1,2,3,-1,-1,-1,-1,-1,-1,-1,-1
2015160C00241,3,9,0,9,0,5,0,0,0,0,2,1,2,1,48,8,2495,2,21,-1,2,-1
2015160C00251,1,9,0,4,0,0,0,0,0,0,1,1,6,2,20,4,1298,1,16,-1,1,-1
2015160C00251,2,19,0,3,0,0,0,0,0,0,2,1,6,1,64,9,-1,-1,-1,-1,1,-1
2015160C00251,3,9,0,3,0,0,0,0,0,0,2,1,6,1,18,4,1600,1,4,-1,2,-1
2015160C00261,1,9,0,18,0,3,0,0,0,0,1,1,6,2,37,7,-1,-1,-1,-1,2,-1
2015160C00261,2,1,0,18,0,8,0,0,0,0,4,1,1,1,38,7,-1,-1,-1,-1,1,-1
2015160C00271,1,9,0,9,0,8,0,0,0,0,3,1,6,1,58,9,1956,2,3,-1,1,-1