Accident_Index,Vehicle_Reference,Vehicle_Type,Towing_and_Articulation,Vehicle_Manoeuvre,Vehicle_Location-Restricted_Lane,Junction_Location,Skidding_and_Overturning,Hit_Object_in_Carriageway,Vehicle_Leaving_Carriageway,Hit_Object_off_Carriageway,1st_Point_of_Impact,Was_Vehicle_Left_Hand_Drive?,Journey_Purpose_of_Driver,Sex_of_Driver,Age_of_Driver,Age_Band_of_Driver,Engine_Capacity_(CC),Propulsion_Code,Age_of_Vehicle,Driver_IMD_Decile,Driver_Home_Area_Type,Vehicle_IMD_Decile
2015160C00271,2,9,0,9,0,8,0,0,0,0,1,1,6,1,52,8,-1,-1,-1,-1,1,-1
2015160C00281,1,9,0,18,0,0,0,0,0,0,1,1,6,1,17,4,1124,1,14,-1,2,-1
2015160C00291,1,9,0,10,0,6,0,0,0,0,2,1,1,2,18,4,998,1,14,-1,1,-1
2015160C00291,2,9,0,18,0,1,0,0,0,0,1,1,6,3,-1,-1,-1,-1,-1,-1,-1,-1
2015160C00301,1,9,0,9,0,6,0,0,0,0,1,1,6,2,59,9,1197,1,2,-1,2,-1
2015160C00301,2,9,0,18,0,8,0,0,1,11,1,1,2,1,49,8,3200,2,1,-1,3,-1
2015160C00311,1,9,0,18,0,0,0,0,0,0,1,1,6,2,26,6,1998,2,13,-1,3,-1
2015160C00331,1,9,0,17,0,0,0,0,7,4,1,1,6,1,50,8,-1,-1,-1,-1,3,-1
2015160C00341,1,9,0,4,0,0,0,0,0,0,2,1,6,2,47,8,1999,1,2,-1,1,-1
2015160C00341,2,9,0,18,0,0,0,0,0,0,1,1,6,1,55,8,1598,1,16,-1,1,-1
2015160C00351,1,17,4,18,0,0,0,0,1,4,4,1,6,1,30,6,-1,2,1,-1,2,-1
2015160C00361,1,9,0,18,0,6,0,0,0,0,3,1,6,2,35,6,2993,2,1,-1,3,-1
2015160C00361,2,1,0,18,0,8,0,0,0,0,4,1,6,2,68,10,-1,-1,-1,-1,1,-1
2015160C00361,3,1,0,18,0,8,0,0,0,0,4,1,6,1,71,10,-1,-1,-1,-1,1,-1
2015160C00371,1,19,0,16,0,0,2,0,7,10,4,1,1,1,45,7,-1,-1,-1,-1,3,-1
2015160C00381,1,11,0,5,3,1,0,0,0,0,0,1,1,2,51,8,7300,2,12,-1,1,-1
2015160C00391,1,9,0,9,0,6,0,0,0,0,3,1,6,2,34,6,1598,1,10,-1,2,-1
2015160C00391,2,19,0,18,0,8,1,10,1,1,4,1,1,1,41,7,1248,2,10,-1,1,-1
2015160C00401,1,9,0,18,0,0,0,0,0,0,1,1,6,1,47,8,1997,2,12,-1,1,-1
2015160C00411,1,2,0,18,0,8,0,0,0,0,1,1,6,1,17,4,49,1,7,-1,3,-1
2015160C00411,2,9,0,2,0,8,0,0,0,0,2,1,6,3,-1,-1,1910,2,7,-1,-1,-1
2015160C00421,1,19,0,16,0,0,2,0,1,10,4,1,2,1,26,6,1995,2,7,-1,3,-1
2015160C00431,1,9,0,18,0,8,0,0,0,0,1,1,6,3,-1,-1,-1,-1,-1,-1,-1,-1
2015160C00431,2,1,0,18,0,6,0,0,0,0,3,1,2,1,28,6,-1,-1,-1,-1,1,-1
2015160C00441,1,9,0,18,0,8,0,0,0,0,4,1,6,1,18,4,1199,1,14,-1,1,-1
2015160C00441,2,9,0,9,0,6,0,0,0,0,1,1,6,1,51,8,1329,1,1,-1,1,-1
2015160C00451,1,21,1,1,0,8,0,0,0,0,3,1,1,1,26,6,11946,2,7,-1,3,-1
2015160C00451,2,19,0,18,0,8,0,0,1,10,3,1,2,2,37,7,-1,-1,-1,-1,1,-1
2015160C00461,1,9,0,18,0,0,0,0,0,0,1,1,6,1,17,4,1199,1,11,-1,1,-1
2015160C00461,2,9,0,3,0,0,0,0,0,0,2,1,6,2,43,7,1968,2,7,-1,1,-1
2015160C00471,1,9,0,18,0,0,0,0,1,10,1,1,6,2,70,10,-1,-1,-1,-1,3,-1
2015160C00471,2,9,0,18,0,0,0,0,1,10,1,1,2,2,32,6,2499,1,9,-1,1,-1
2015160C00481,1,9,0,16,0,0,0,0,7,9,1,1,6,1,29,6,1461,2,5,-1,1,-1
2015160C00491,1,3,0,18,0,1,1,0,0,0,0,1,6,1,20,4,125,1,2,-1,2,-1
2015160C00491,2,9,0,7,0,5,0,0,0,0,0,1,6,3,-1,-1,-1,-1,-1,-1,-1,-1
2015160C00501,1,9,0,2,0,0,0,0,0,0,2,1,6,1,58,9,2495,2,14,-1,1,-1
2015160C00501,2,1,0,18,0,0,0,0,0,0,1,1,6,1,45,7,-1,-1,-1,-1,3,-1
2015160C00511,1,19,0,7,0,5,0,0,0,0,1,1,6,3,-1,-1,-1,-1,-1,-1,-1,-1
2015160C00521,1,9,0,18,0,0,2,0,1,10,1,1,2,1,21,5,1368,1,5,-1,2,-1
2015160C00531,1,19,0,18,0,0,1,0,7,10,4,1,1,1,44,7,2500,2,8,-1,1,-1
2015160C00531,2,19,0,18,0,0,0,0,0,0,1,1,1,1,44,7,-1,-1,-1,-1,1,-1
2015160C00541,1,9,0,18,0,1,2,10,3,1,1,1,6,2,61,9,998,1,2,-1,1,-1
2015160C00551,1,9,0,7,0,2,1,11,7,1,1,1,2,1,30,6,1598,2,2,-1,1,-1
2015160C00551,2,9,0,2,0,2,0,0,7,1,4,1,2,1,39,7,4163,1,2,-1,3,-1
2015160C00561,1,9,0,16,0,0,1,0,1,0,1,1,6,2,20,4,998,1,4,-1,3,-1
2015160C00571,1,9,0,11,0,0,1,0,2,7,2,1,2,2,30,6,-1,-1,-1,-1,1,-1
2015160C00571,2,19,0,18,0,0,0,0,1,7,1,1,1,1,32,6,-1,-1,-1,-1,3,-1
2015160C00581,1,9,0,18,0,0,0,0,0,0,1,1,6,2,34,6,1997,1,12,-1,2,-1
2015160C00591,1,9,0,4,0,0,1,0,7,9,3,1,6,1,34,6,1598,1,5,-1,1,-1
2015160C00601,1,9,0,18,0,1,0,0,0,0,1,1,6,1,22,5,1242,1,11,-1,1,-1
2015160C00601,2,9,0,10,0,8,0,0,0,0,2,1,6,2,50,8,1248,2,11,-1,1,-1
2015160C00601,3,9,0,10,0,8,0,0,0,0,2,1,6,1,52,8,1596,1,14,-1,1,-1
2015160C00611,1,19,0,1,0,0,0,0,0,0,2,1,6,3,-1,-1,-1,-1,-1,-1,-1,-1
2015160C00621,1,9,0,16,0,0,0,0,1,10,1,1,6,2,51,8,1598,1,8,-1,3,-1
2015160C00631,1,19,0,16,0,0,1,0,1,9,1,1,2,1,38,7,1461,2,7,-1,3,-1
2015160C00641,1,9,0,13,0,0,0,0,1,11,2,1,6,2,32,6,1364,1,6,-1,1,-1
2015160C00651,1,4,0,18,0,0,1,0,0,0,3,1,6,1,48,8,124,1,1,-1,3,-1
2015160C00661,1,9,0,18,0,0,2,0,1,9,1,1,2,2,30,6,-1,-1,-1,-1,1,-1
2015160C00671,1,19,0,18,0,0,0,0,0,0,1,1,1,1,56,9,2143,2,1,-1,1,-1
2015160C00671,2,9,0,4,0,0,0,0,0,0,2,1,2,1,19,4,998,1,13,-1,-1,-1
2015160C00671,3,9,0,3,0,0,0,0,0,0,2,1,2,1,34,6,1956,2,1,-1,3,-1
2015160C00681,1,9,0,17,0,0,2,0,1,4,1,1,6,1,32,6,-1,-1,-1,-1,-1,-1
2015160C00691,1,9,0,9,0,6,0,0,0,0,1,1,6,1,72,10,-1,-1,-1,-1,1,-1
2015160C00691,2,9,0,18,0,1,0,0,0,0,3,1,6,1,70,10,1560,2,5,-1,3,-1
2015160C00701,1,9,0,18,0,1,0,0,0,0,1,1,6,2,48,8,1896,2,12,-1,2,-1
2015160C00711,1,1,0,18,0,8,0,0,0,0,4,1,6,1,23,5,-1,-1,-1,-1,1,-1
2015160C00711,2,9,0,7,0,6,0,0,0,0,1,1,6,3,-1,-1,-1,-1,-1,-1,-1,-1
2015160C00721,1,19,0,9,0,5,0,0,0,0,2,1,6,1,36,7,2987,2,8,-1,2,-1
2015160C00721,2,9,0,3,0,1,0,0,0,0,1,1,6,3,-1,-1,-1,-1,-1,-1,-1,-1
2015160C00731,1,9,0,18,0,0,2,0,7,9,1,1,6,2,79,11,-1,-1,-1,-1,2,-1
2015160C00741,1,9,0,16,0,0,2,0,7,0,1,1,6,1,54,8,-1,-1,-1,-1,2,-1
2015160C00751,1,9,0,17,0,1,0,0,0,0,1,1,6,3,-1,-1,-1,-1,-1,-1,-1,-1
2015160C00751,2,1,0,17,0,1,0,0,0,0,3,1,6,1,21,5,-1,-1,-1,-1,1,-1
2015160C00761,1,9,0,18,0,0,1,10,2,11,2,1,2,1,28,6,-1,-1,-1,-1,1,-1
2015160C00771,1,9,0,6,0,0,0,0,0,0,2,1,6,1,75,10,1997,1,11,-1,1,-1
2015160C00791,1,9,0,5,0,6,0,0,0,0,3,1,2,1,22,5,1390,1,5,-1,3,-1
2015160C00791,2,1,0,18,0,8,0,0,0,0,1,1,2,1,35,6,-1,-1,-1,-1,1,-1
2015160C00811,1,3,0,18,0,0,0,0,0,0,1,1,2,1,18,4,124,1,1,-1,2,-1
2015160C00811,2,9,0,4,0,0,0,0,0,0,2,1,2,1,30,6,1149,1,2,-1,2,-1
2015160C00821,1,9,0,17,0,0,1,0,7,4,1,1,6,2,63,9,1199,1,14,-1,3,-1
2015160C00831,1,9,0,2,0,0,0,0,0,0,1,1,6,1,19,4,1598,2,4,-1,1,-1
2015160C00831,2,21,1,1,0,0,0,0,0,0,2,1,1,1,42,7,10518,2,4,-1,1,-1
2015160C00841,1,9,0,7,0,8,0,0,0,0,1,1,6,1,45,7,1995,2,11,-1,1,-1
2015160C00841,2,9,0,7,0,8,0,0,0,0,2,1,6,1,35,6,1598,1,8,-1,1,-1
2015160C00851,1,9,0,17,0,0,2,0,1,10,2,1,6,1,88,11,1360,1,15,-1,3,-1
2015160C00861,1,9,0,18,0,7,1,10,5,6,1,1,2,2,24,5,1198,1,11,-1,1,-1
2015160C00871,1,9,0,18,0,1,0,0,1,1,1,1,6,1,86,11,2720,2,9,-1,2,-1
2015160C00871,2,9,0,10,0,6,0,0,1,1,1,1,1,1,23,5,1598,2,4,-1,3,-1
2015160C00881,1,9,0,18,0,1,0,0,0,0,0,1,6,3,-1,-1,-1,-1,-1,-1,-1,-1
2015160C00881,2,9,0,18,0,2,1,0,1,4,1,1,6,2,64,9,1296,1,7,-1,1,-1
2015160C00891,1,9,0,16,0,0,0,10,0,0,3,1,2,1,29,6,2387,2,8,-1,1,-1
2015160C00901,1,9,0,16,0,0,0,0,7,11,1,1,6,1,17,4,1686,2,6,-1,2,-1
2015160C00911,1,19,0,4,0,0,0,0,0,0,0,1,1,1,24,5,2143,2,5,-1,1,-1
2015160C00921,1,19,0,12,0,7,0,0,0,0,2,1,6,1,25,5,-1,-1,-1,-1,1,-1
2015160C00921,2,21,1,18,0,1,0,0,0,0,1,1,6,1,27,6,12777,2,4,-1,1,-1
2015160C00921,3,9,0,12,0,7,0,0,0,0,2,1,6,1,43,7,1995,2,9,-1,1,-1
2015160C00931,1,9,0,16,0,0,0,0,0,0,0,1,6,3,-1,-1,-1,-1,-1,-1,-1,-1
2015160C00931,2,4,0,17,0,0,0,0,1,9,4,1,6,1,21,5,124,1,-1,-1,2,-1
2015160C00941,1,9,0,9,0,1,0,0,0,0,1,1,6,1,44,7,1796,1,12,-1,1,-1
2015160C00941,2,3,0,10,0,1,0,0,0,0,1,1,6,2,48,8,124,1,6,-1,1,-1
2015160C00951,1,9,0,18,0,0,1,0,0,9,1,1,6,2,33,6,954,1,15,-1,1,-1
2015160C00961,1,9,0,18,0,0,0,0,1,2,1,1,6,1,23,5,1149,1,14,-1,2,-1
2015160C00971,1,9,0,18,0,8,0,0,1,0,3,1,6,1,46,8,2967,2,8,-1,3,-1
2015160C00971,2,9,0,5,0,6,1,0,0,0,1,1,6,1,49,8,1968,2,4,-1,3,-1
2015160C00981,1,19,0,18,0,4,0,0,0,0,3,1,6,1,20,4,1598,2,2,-1,1,-1
2015160C00981,2,9,0,18,0,8,0,0,0,0,1,1,6,2,25,5,1896,2,12,-1,1,-1
2015160C00991,1,9,0,5,0,2,0,0,0,0,1,1,6,1,52,8,1796,1,12,-1,1,-1
2015160C01001,1,19,0,13,0,0,0,0,0,0,4,1,6,1,26,6,1997,2,11,-1,2,-1
2015160C01001,2,19,0,18,0,0,0,0,0,0,3,1,6,2,40,7,-1,-1,-1,-1,3,-1
2015160C01001,3,9,0,18,0,0,0,0,1,0,3,1,6,2,47,8,1968,2,5,-1,2,-1
2015160C01011,1,9,0,18,0,0,0,4,0,0,1,1,2,1,47,8,-1,-1,-1,-1,1,-1
2015160C01011,2,17,4,2,0,0,0,0,0,0,2,1,1,3,-1,-1,-1,2,6,-1,-1,-1
2015160C01021,1,9,4,9,0,6,0,0,1,0,3,1,1,1,64,9,-1,-1,-1,-1,2,-1
2015160C01021,2,5,0,18,0,8,0,0,0,0,2,1,6,1,44,7,675,1,3,-1,1,-1
2015160C01031,1,9,0,3,0,0,0,0,0,0,2,1,6,2,40,7,3456,8,5,-1,3,-1
2015160C01031,2,9,0,3,0,0,0,0,0,0,2,1,6,1,78,11,1461,2,1,-1,1,-1
2015160C01031,3,9,0,18,0,0,0,0,1,0,1,1,6,1,24,5,1596,1,16,-1,1,-1
2015160C01041,1,9,0,17,0,0,2,0,7,9,1,1,2,2,18,4,-1,-1,-1,-1,1,-1
2015160C01051,1,9,0,13,0,0,1,0,0,0,1,1,2,1,45,7,1199,1,14,-1,2,-1
2015160C01051,2,9,0,18,0,0,2,0,0,0,1,1,2,2,37,7,-1,-1,-1,-1,3,-1
2015160C01051,3,19,0,18,0,0,0,0,0,0,4,1,1,1,49,8,2402,2,13,-1,1,-1
2015160C01061,1,19,0,18,0,0,2,0,1,4,1,1,2,1,27,6,-1,-1,-1,-1,1,-1
2015160C01071,1,9,0,18,0,0,0,0,7,4,1,1,2,1,26,6,2688,2,12,-1,1,-1
2015160C01071,2,21,0,18,0,0,0,0,0,0,1,1,1,1,41,7,10837,2,2,-1,3,-1
2015160C01081,1,9,0,5,0,4,0,0,0,0,0,1,6,2,24,5,1798,1,7,-1,3,-1
2015160C01081,2,1,0,9,0,8,0,0,0,0,0,1,6,2,27,6,-1,-1,-1,-1,2,-1
2015160C01091,1,9,0,9,0,1,0,0,0,0,1,1,6,1,61,9,1998,1,10,-1,3,-1
2015160C01091,2,1,0,8,0,1,0,0,0,0,1,1,6,1,40,7,-1,-1,-1,-1,1,-1
2015160C01101,1,9,0,18,0,0,0,0,0,0,1,1,6,1,33,6,2496,2,11,-1,1,-1
2015160C01101,2,9,0,6,0,0,0,0,0,0,2,1,6,2,30,6,1596,1,11,-1,1,-1
2015160C01101,3,9,0,6,0,0,0,0,0,0,2,1,6,2,24,5,1242,1,12,-1,1,-1
2015160C01111,1,9,0,7,0,5,1,0,0,0,1,1,2,2,20,4,-1,-1,-1,-1,2,-1
2015160C01111,2,9,0,10,0,1,0,0,0,0,4,1,6,1,60,9,1997,2,8,-1,3,-1
2015160C01121,1,21,1,12,0,0,3,0,0,0,1,1,1,1,44,7,-1,-1,-1,-1,-1,-1
2015160C01121,2,9,0,18,0,0,0,0,2,7,2,1,6,2,39,7,-1,-1,-1,-1,2,-1
2015160C01121,3,9,0,2,6,0,0,0,0,0,2,1,1,1,45,7,2993,2,1,-1,3,-1
2015160C01121,4,9,0,2,6,0,0,0,0,0,0,1,6,3,-1,-1,1398,1,-1,-1,-1,-1
2015160C01131,1,9,0,17,0,0,5,0,1,9,1,1,6,1,75,10,1396,1,6,-1,2,-1
2015160C01141,1,9,0,18,0,0,0,0,7,4,1,1,6,1,30,6,1997,2,6,-1,1,-1
2015160C01141,2,9,0,18,0,0,0,0,2,4,1,1,6,1,17,4,1390,1,6,-1,2,-1
2015160C01151,1,8,0,11,0,0,0,0,1,1,0,1,6,2,66,10,1797,8,1,-1,1,-1
2015160C01151,2,1,0,11,0,0,0,0,0,0,0,1,6,2,40,7,-1,-1,-1,-1,1,-1
2015160C01161,1,21,0,18,0,0,0,0,0,0,1,1,1,1,20,4,11021,2,10,-1,2,-1
2015160C01161,2,9,0,3,0,0,0,0,0,0,2,1,2,2,24,5,1968,2,4,-1,1,-1
2015160C01161,3,9,0,3,0,0,0,0,0,0,2,1,3,2,34,6,1390,1,2,-1,3,-1
2015160C01181,1,9,0,18,0,0,2,0,1,0,2,1,2,1,42,7,-1,-1,-1,-1,1,-1
2015160C01181,2,9,0,13,0,0,0,0,0,0,1,1,6,3,-1,-1,-1,-1,-1,-1,-1,-1
2015160C01191,1,9,0,10,0,5,0,0,0,0,2,1,6,2,47,8,1360,1,11,-1,1,-1
2015160C01191,2,9,0,18,0,1,0,0,0,0,1,1,6,3,-1,-1,-1,-1,-1,-1,-1,-1
2015160C01201,1,21,1,18,0,3,0,0,0,0,1,1,6,1,46,8,12419,2,3,-1,2,-1
2015160C01201,2,9,0,18,0,3,1,0,0,0,3,1,6,1,40,7,2231,2,5,-1,3,-1
2015160C01211,1,9,0,18,0,1,0,0,0,0,1,1,6,1,54,8,2993,2,1,-1,3,-1
2015160C01211,2,9,0,9,0,5,0,0,0,0,2,1,6,1,22,5,1124,1,15,-1,3,-1
2015160C01221,1,9,0,18,0,0,0,0,0,0,1,1,6,1,34,6,1995,2,2,-1,2,-1
2015160C01221,2,9,0,18,0,0,0,0,1,0,1,1,6,1,78,11,1242,1,3,-1,3,-1
2015160C01231,1,9,0,17,0,0,2,0,1,10,1,1,6,2,62,9,1994,2,14,-1,1,-1
2015160C01241,1,9,0,18,0,0,0,0,0,0,1,1,6,1,-1,-1,1595,1,3,-1,3,-1
2015160C01261,1,9,0,18,0,0,0,0,7,0,1,1,6,1,20,4,1240,1,10,-1,1,-1
2015160C01261,2,19,0,18,0,0,0,0,0,0,1,1,2,1,64,9,2461,2,12,-1,1,-1
2015160C01271,1,9,0,18,0,0,0,0,1,1,1,1,2,2,28,6,1598,1,6,-1,2,-1
2015160C01281,1,9,0,18,0,0,0,0,0,0,3,1,6,1,44,7,2184,2,12,-1,1,-1
2015160C01281,2,9,0,18,0,0,0,0,0,0,1,1,6,2,29,6,1360,1,10,-1,1,-1
2015160C01291,1,9,0,18,0,1,0,0,0,0,4,1,6,2,53,8,1242,1,9,-1,1,-1
2015160C01301,1,3,0,18,0,8,1,0,0,0,1,1,2,1,19,4,124,1,1,-1,2,-1
2015160C01311,1,1,0,18,0,8,0,0,0,0,1,1,6,1,38,7,-1,-1,-1,-1,1,-1
2015160C01311,2,9,0,9,0,5,0,0,0,0,4,1,6,2,71,10,1896,2,11,-1,1,-1
2015160C01321,1,9,0,18,0,1,0,0,0,0,1,1,6,3,-1,-1,-1,-1,-1,-1,-1,-1
2015160C01321,2,1,0,18,0,1,0,0,0,0,2,1,6,1,51,8,-1,-1,-1,-1,1,-1
2015160C01331,1,9,0,16,0,0,0,0,7,9,1,1,6,2,20,4,1242,1,2,-1,3,-1
2015160C01341,1,9,0,9,0,6,5,0,0,0,3,1,6,2,17,4,1242,1,1,-1,3,-1
2015160C01341,2,9,0,18,0,1,0,0,0,0,1,1,6,2,42,7,-1,-1,-1,-1,3,-1
2015160C01351,1,9,0,18,0,1,0,0,0,0,3,1,6,2,20,4,1229,1,3,-1,2,-1
2015160C01361,1,9,0,1,0,5,0,0,0,0,2,1,6,1,57,9,1968,2,2,-1,3,-1
2015160C01381,1,9,0,18,0,0,0,0,0,0,2,1,6,1,31,6,-1,-1,-1,-1,2,-1
2015160C01381,2,9,0,18,0,0,0,0,0,0,2,1,6,1,36,7,-1,-1,-1,-1,3,-1
2015160C01381,3,19,0,18,0,0,0,0,0,0,2,1,6,2,53,8,-1,-1,-1,-1,1,-1
2015160C01381,4,19,0,18,0,0,0,0,0,0,2,1,6,1,43,7,-1,-1,-1,-1,-1,-1
2015160C01381,5,11,0,18,0,0,0,0,0,0,1,1,1,1,58,9,-1,2,19,-1,1,-1
2015160C01391,1,19,0,18,0,6,0,0,0,0,1,1,1,1,58,9,2143,2,6,-1,1,-1
2015160C01391,2,9,0,5,0,8,0,0,0,0,3,1,6,2,20,4,973,1,13,-1,1,-1
2015160C01401,1,3,0,18,0,0,0,0,0,0,2,1,2,1,18,4,124,1,14,-1,1,-1
2015160C01401,2,9,0,18,0,0,0,0,0,0,1,1,2,2,48,8,1124,1,6,-1,1,-1
2015160C01411,1,9,0,18,0,1,0,0,0,0,1,1,6,2,50,8,1242,1,2,-1,1,-1
2015160C01411,2,9,0,3,0,1,0,0,0,0,2,1,6,1,81,11,1560,2,3,-1,1,-1
2015160C01421,1,9,0,18,0,1,0,0,0,0,4,1,1,1,65,9,1796,1,16,-1,2,-1
2015160C01431,1,1,0,7,0,1,1,0,0,0,4,1,6,1,28,6,-1,-1,-1,-1,1,-1
2015160C01441,1,9,0,9,0,6,0,0,0,0,1,1,2,2,42,7,1999,1,10,-1,1,-1
2015160C01441,2,1,0,18,0,8,0,0,0,0,1,1,6,1,66,10,-1,-1,-1,-1,1,-1
2015160C01451,1,9,0,9,0,6,0,0,0,0,1,1,6,2,65,9,1587,1,12,-1,2,-1
2015160C01451,2,22,0,18,0,1,1,0,0,0,1,1,6,1,79,11,-1,-1,-1,-1,2,-1
2015160C01461,1,9,0,9,0,5,0,0,0,0,1,1,6,1,42,7,1598,1,16,-1,1,-1
2015160C01461,2,10,0,18,0,8,0,10,1,0,3,1,1,1,47,8,2198,2,2,-1,1,-1
2015160C01471,1,9,0,18,0,8,0,0,0,0,4,1,6,2,19,4,998,1,1,-1,3,-1
2015160C01471,2,9,0,18,0,4,0,0,0,0,1,1,6,2,27,6,1956,2,4,-1,3,-1
2015160C01491,1,9,0,9,0,4,1,0,0,0,0,1,2,1,34,6,1598,1,2,-1,1,-1
2015160C01491,2,1,0,18,0,8,1,0,0,0,0,1,2,1,30,6,-1,-1,-1,-1,1,-1
2015160C01511,1,9,0,18,0,0,2,0,7,10,1,1,2,2,42,7,1368,1,11,-1,1,-1
2015160C01521,1,19,0,18,0,4,0,0,0,0,1,1,1,1,44,7,1868,2,13,-1,1,-1
2015160C01521,2,2,0,9,0,8,0,0,0,0,4,1,2,2,54,8,50,1,4,-1,1,-1
2015160C01531,1,19,0,7,0,1,0,0,0,0,1,1,1,1,19,4,1870,2,9,-1,1,-1
2015160C01531,2,9,0,7,0,1,0,0,0,0,2,1,1,1,41,7,1584,1,5,-1,2,-1
2015160C01541,1,21,1,18,0,0,0,0,4,6,1,1,6,1,38,7,12130,2,11,-1,-1,-1
2015160C01551,1,19,0,17,0,0,2,0,0,0,1,1,6,1,44,7,-1,-1,-1,-1,3,-1
2015160C01561,1,9,0,18,0,0,0,11,0,0,1,1,6,1,39,7,1997,2,9,-1,1,-1
2015160C01571,1,9,0,7,0,6,0,0,0,0,1,1,6,1,74,10,1984,1,8,-1,1,-1
2015160C01571,2,1,0,18,0,8,0,0,0,0,2,1,6,2,70,10,-1,-1,-1,-1,1,-1
2015160C01581,1,9,0,9,0,4,0,0,0,0,2,1,6,1,57,9,1956,2,4,-1,1,-1
2015160C01581,2,1,0,18,0,3,0,0,0,0,1,1,6,1,42,7,-1,-1,-1,-1,3,-1
2015160C01591,1,4,0,18,0,1,0,0,1,9,1,1,6,1,42,7,1137,1,14,-1,3,-1
2015160C01591,2,9,0,9,0,6,0,0,0,0,2,1,6,2,48,8,1968,2,5,-1,3,-1
2015160C01601,1,9,0,7,0,6,0,0,0,0,1,1,6,1,46,8,1995,2,6,-1,2,-1
2015160C01601,2,1,0,18,0,8,0,0,0,0,4,1,1,1,67,10,-1,-1,-1,-1,2,-1
2015160C01611,1,9,0,16,0,0,2,0,7,10,3,1,1,1,43,7,1968,2,11,-1,3,-1
2015160C01621,1,9,0,18,0,0,0,6,0,0,1,1,6,1,25,5,1343,1,15,-1,1,-1
2015160C01631,1,9,0,5,0,1,0,0,0,0,4,1,1,1,25,5,2184,2,11,-1,1,-1
2015160C01631,2,1,0,18,0,6,0,0,0,0,1,1,2,1,52,8,-1,-1,-1,-1,1,-1
2015160C01641,1,9,0,18,0,0,0,0,7,10,1,1,6,2,27,6,-1,-1,-1,-1,2,-1
2015160C01641,2,9,0,18,0,0,0,0,0,0,1,1,6,2,26,6,1242,1,10,-1,1,-1
2015160C01641,3,9,0,18,0,0,0,0,0,0,1,1,6,2,27,6,1461,2,9,-1,2,-1
2015160C01651,1,9,0,17,0,0,1,0,8,10,1,1,6,1,62,9,1389,1,14,-1,1,-1
2015160C01661,1,17,0,5,9,6,0,0,0,0,1,1,1,1,28,6,-1,2,20,-1,3,-1
2015160C01661,2,1,0,16,9,8,0,0,0,0,1,1,6,1,13,3,-1,-1,-1,-1,2,-1
2015160C01671,1,9,0,18,0,0,0,0,0,0,3,1,6,3,-1,-1,-1,-1,-1,-1,-1,-1
2015160C01671,2,9,0,18,0,0,0,10,1,11,3,1,6,1,84,11,-1,-1,-1,-1,2,-1
2015160C01681,1,19,0,10,0,8,0,0,0,0,2,1,1,1,52,8,2000,1,14,-1,2,-1
2015160C01681,2,9,0,18,0,8,0,0,0,0,1,1,6,1,35,6,1461,2,6,-1,2,-1
2015160C01691,1,5,0,18,0,0,0,12,7,10,3,1,6,1,36,7,1099,1,7,-1,1,-1
2015160C01701,1,9,0,16,0,0,0,0,0,0,1,1,6,1,19,4,1242,1,10,-1,2,-1
2015160C01701,2,9,0,13,0,0,0,0,0,0,1,1,2,1,54,8,1587,1,14,-1,1,-1
2015160C01701,3,21,1,17,0,0,0,0,0,0,0,1,6,3,-1,-1,-1,-1,-1,-1,-1,-1
2015160C01711,1,9,0,18,0,6,0,0,0,0,3,1,6,1,51,8,1968,2,3,-1,1,-1
2015160C01711,2,9,0,9,0,8,0,0,0,0,1,1,6,1,19,4,1242,1,13,-1,3,-1
2015160C01721,1,9,0,18,0,1,0,0,0,0,1,1,6,1,-1,-1,1999,1,7,-1,1,-1
2015160C01721,2,9,0,8,0,1,0,0,0,0,2,1,6,1,35,6,2402,2,6,-1,1,-1
2015160C01731,1,9,0,4,0,0,0,0,0,0,2,1,6,1,-1,-1,-1,-1,-1,-1,1,-1
2015160C01731,2,4,0,18,0,0,1,0,0,0,1,1,6,1,17,4,124,1,3,-1,2,-1
2015160C01741,1,11,0,18,0,8,0,0,0,0,0,1,1,1,61,9,5883,2,14,-1,1,-1
2015160C01751,1,9,0,18,0,0,0,0,0,0,2,1,6,2,41,7,998,1,7,-1,1,-1
2015160C01751,2,9,0,18,0,0,0,0,0,0,1,1,6,2,59,9,1397,1,4,-1,1,-1
2015160C01751,3,9,0,18,0,0,0,0,0,0,2,1,6,2,38,7,2993,2,6,-1,3,-1
2015160C01751,4,5,0,18,0,0,0,0,0,0,1,1,6,1,42,7,998,1,8,-1,1,-1
2015160C01761,1,9,0,18,0,0,2,10,7,10,2,1,6,1,24,5,3246,1,10,-1,1,-1
2015160C01761,2,19,0,18,0,0,0,0,0,0,0,1,6,3,-1,-1,-1,-1,-1,-1,-1,-1
2015160C01771,1,9,0,9,0,5,0,0,1,10,4,1,6,1,19,4,1124,1,10,-1,1,-1
2015160C01771,2,9,0,18,0,8,0,0,0,0,1,1,6,2,25,5,-1,-1,-1,-1,1,-1
2015160C01771,3,9,0,10,0,1,0,0,0,0,3,1,6,2,51,8,2664,2,12,-1,2,-1
2015160C01781,1,9,0,9,0,6,0,0,0,0,1,1,6,2,71,10,1560,2,1,-1,1,-1
2015160C01781,2,1,0,18,0,8,0,10,7,0,4,1,6,1,28,6,-1,-1,-1,-1,1,-1
2015160C01791,1,5,0,16,0,0,0,0,0,0,1,1,1,1,28,6,-1,-1,-1,-1,1,-1
2015160C01791,2,9,0,17,0,0,0,0,0,0,1,1,6,2,57,9,1998,8,-1,-1,1,-1
2015160C01801,1,9,0,9,0,5,1,0,0,0,4,1,6,1,68,10,1341,1,15,-1,2,-1
2015160C01801,2,9,0,18,0,1,1,0,7,10,1,1,6,1,27,6,1560,2,6,-1,1,-1