Accident_Index,Vehicle_Reference,Vehicle_Type,Towing_and_Articulation,Vehicle_Manoeuvre,Vehicle_Location-Restricted_Lane,Junction_Location,Skidding_and_Overturning,Hit_Object_in_Carriageway,Vehicle_Leaving_Carriageway,Hit_Object_off_Carriageway,1st_Point_of_Impact,Was_Vehicle_Left_Hand_Drive?,Journey_Purpose_of_Driver,Sex_of_Driver,Age_of_Driver,Age_Band_of_Driver,Engine_Capacity_(CC),Propulsion_Code,Age_of_Vehicle,Driver_IMD_Decile,Driver_Home_Area_Type,Vehicle_IMD_Decile
2015160D01071,5,9,0,3,0,1,0,0,0,0,2,1,6,2,69,10,1399,2,6,-1,1,-1
2015160D01081,1,8,0,18,0,8,0,0,0,0,1,1,1,1,33,6,1753,2,6,-1,1,-1
2015160D01081,2,9,0,18,0,8,0,0,0,10,1,1,6,1,56,9,1396,2,2,-1,1,-1
2015160D01091,1,9,0,18,0,0,0,0,0,0,3,1,6,1,46,8,1998,2,8,-1,3,-1
2015160D01101,1,9,0,14,0,0,0,0,0,0,1,1,6,1,56,9,1753,2,5,-1,1,-1
2015160D01111,1,9,0,18,0,0,0,0,0,0,1,1,6,1,32,6,2993,2,11,-1,1,-1
2015160D01131,1,9,0,17,0,0,0,0,0,0,1,1,6,3,-1,-1,-1,-1,-1,-1,-1,-1
2015160D01141,1,9,0,18,0,2,0,0,0,0,3,1,6,1,18,4,1199,1,13,-1,3,-1
2015160D01141,2,1,0,9,0,2,0,0,0,0,4,1,6,1,40,7,-1,-1,-1,-1,1,-1
2015160D01151,1,9,0,18,0,1,0,0,0,0,1,1,6,3,56,9,1229,1,9,-1,1,-1
2015160D01161,1,19,0,1,0,1,0,0,0,0,2,1,6,3,32,6,2402,2,3,-1,2,-1
2015160D01171,1,9,0,18,0,8,0,0,0,0,4,1,2,2,19,4,1368,1,5,-1,1,-1
2015160D01171,2,9,0,18,0,8,0,0,0,0,1,1,2,2,21,5,1242,1,4,-1,1,-1
2015160D01171,3,9,0,3,0,1,0,0,0,0,1,1,2,1,29,6,1753,2,8,-1,-1,-1
2015160D01181,1,9,0,2,0,0,0,0,0,0,3,1,2,1,47,8,1396,1,11,-1,2,-1
2015160D01181,2,1,0,18,0,0,0,0,0,0,4,1,6,1,45,7,-1,-1,-1,-1,1,-1
2015160D01191,1,9,0,18,0,0,0,0,0,0,4,1,6,1,62,9,2495,2,18,-1,1,-1
2015160D01201,1,9,0,18,0,8,0,0,0,0,1,1,6,1,32,6,2993,2,8,-1,3,-1
2015160D01201,2,9,0,8,0,8,0,0,0,0,2,1,6,1,45,7,1753,2,9,-1,1,-1
2015160D01211,1,19,0,18,0,0,0,0,0,0,1,1,6,1,21,5,1753,2,9,-1,-1,-1
2015160D01211,2,9,0,18,0,0,0,0,0,0,2,1,6,2,22,5,-1,-1,-1,-1,1,-1
2015160D01211,3,9,0,4,0,0,0,0,0,0,2,1,6,2,22,5,1598,1,1,-1,2,-1
2015160D01221,1,1,0,9,0,8,1,0,0,0,3,1,2,1,56,9,-1,-1,-1,-1,1,-1
2015160D01231,1,9,0,18,0,8,0,0,0,0,1,1,6,1,55,8,2976,1,13,-1,1,-1
2015160D01231,2,1,0,9,0,8,0,0,0,0,1,1,6,1,31,6,-1,-1,-1,-1,1,-1
2015160D01241,1,9,0,11,0,1,0,0,1,10,0,1,6,1,67,10,1685,2,1,-1,1,-1
2015160D01251,1,9,0,4,0,2,0,0,0,0,2,1,6,2,53,8,1968,2,6,-1,3,-1
2015160D01251,2,9,0,4,0,2,0,0,0,0,2,1,6,2,38,7,1781,1,19,-1,1,-1
2015160D01251,3,9,0,18,0,2,0,0,0,0,1,1,6,2,18,4,1360,1,4,-1,1,-1
2015160D01261,1,9,0,18,0,1,0,0,0,0,1,1,6,2,26,6,1242,1,8,-1,1,-1
2015160D01261,2,22,0,18,0,1,0,0,0,0,4,1,6,1,87,11,-1,-1,-1,-1,1,-1
2015160D01271,1,9,0,7,0,6,0,0,0,0,1,1,6,2,48,8,1360,1,13,-1,1,-1
2015160D01271,2,1,0,18,0,8,0,0,0,0,4,1,6,2,58,9,-1,-1,-1,-1,3,-1
2015160D01281,1,9,0,18,0,2,0,0,0,0,4,1,6,1,65,9,1596,1,2,-1,1,-1
2015160D01301,1,9,0,7,0,4,0,0,0,0,1,1,6,1,41,7,-1,-1,-1,-1,1,-1
2015160D01301,2,19,0,7,0,4,0,0,0,0,2,1,6,1,50,8,4250,2,16,-1,1,-1
2015160D01311,1,9,0,18,0,0,0,0,0,0,3,1,6,2,61,9,1248,2,4,-1,1,-1
2015160D01311,2,19,0,2,0,0,0,0,0,0,0,1,6,3,-1,-1,-1,-1,-1,-1,-1,-1
2015160D01321,1,9,0,18,0,8,0,0,0,0,1,1,6,2,32,6,1598,1,15,-1,1,-1
2015160D01321,2,1,0,18,0,8,0,0,0,0,1,1,6,1,44,7,-1,-1,-1,-1,1,-1
2015160D01331,1,9,0,18,0,5,0,0,7,10,1,1,6,2,47,8,-1,-1,-1,-1,1,-1
2015160D01351,1,9,0,18,0,1,0,0,1,7,1,1,1,2,38,7,1590,1,11,-1,3,-1
2015160D01351,2,9,0,9,0,6,0,0,0,0,0,1,6,1,62,9,1198,1,6,-1,1,-1
2015160D01361,1,9,0,18,0,8,0,0,0,0,1,1,6,2,43,7,2268,2,-1,-1,1,-1
2015160D01361,2,1,0,7,0,8,0,0,0,0,3,1,6,1,19,4,-1,-1,-1,-1,1,-1
2015160D01371,1,5,0,18,2,8,0,0,0,0,0,1,6,1,40,7,998,1,16,-1,1,-1
2015160D01381,1,9,0,18,0,1,0,0,0,0,1,1,6,1,82,11,1240,1,8,-1,1,-1
2015160D01391,1,9,0,18,0,0,0,4,0,0,1,1,1,1,61,9,-1,-1,-1,-1,1,-1
2015160D01391,2,19,0,2,0,0,0,0,0,0,2,1,6,1,29,6,2461,2,7,-1,1,-1
2015160D01401,1,9,0,18,0,0,0,0,0,0,3,1,6,1,26,6,1108,1,12,-1,1,-1
2015160D01411,1,9,0,9,0,8,5,0,0,0,4,1,6,2,18,4,995,1,3,-1,1,-1
2015160D01411,2,9,0,18,0,6,0,0,0,0,1,1,6,2,20,4,-1,-1,-1,-1,1,-1
2015160D01421,1,9,0,18,0,0,0,0,0,0,1,1,6,1,24,5,1497,1,12,-1,1,-1
2015160D01421,2,9,0,4,0,0,0,0,0,0,2,1,6,2,32,6,1388,1,15,-1,2,-1
2015160D01421,3,9,0,4,0,0,0,0,0,0,2,1,6,2,35,6,1596,1,13,-1,1,-1
2015160D01431,1,21,0,12,0,4,0,0,0,0,1,1,1,1,24,5,-1,-1,-1,-1,-1,-1
2015160D01431,2,9,0,18,0,4,0,0,0,0,4,1,6,1,34,6,1796,1,2,-1,1,-1
2015160D01441,1,9,0,10,0,8,0,0,0,0,2,1,6,1,39,7,2179,2,4,-1,1,-1
2015160D01441,2,3,0,18,0,1,0,0,0,0,1,1,6,1,29,6,124,1,4,-1,1,-1
2015160D01451,1,97,0,18,0,2,0,0,0,0,1,1,6,3,-1,-1,-1,-1,-1,-1,-1,-1
2015160D01461,1,11,0,18,0,2,0,0,0,0,1,1,1,1,60,9,8268,2,13,-1,1,-1
2015160D01461,2,1,0,7,0,6,0,0,0,0,2,1,6,1,28,6,-1,-1,-1,-1,1,-1
2015160D01471,1,1,0,3,0,1,0,0,0,0,3,1,6,1,63,9,-1,-1,-1,-1,1,-1
2015160D01471,2,9,0,5,0,6,0,0,0,0,4,1,6,1,81,11,1364,1,1,-1,1,-1
2015160D01481,1,9,0,18,0,8,0,0,0,0,3,1,6,1,77,11,1396,1,14,-1,1,-1
2015160D01481,2,9,0,18,0,6,0,0,0,0,1,1,6,3,-1,-1,1398,1,4,-1,-1,-1
2015160D01491,1,9,0,18,0,3,0,7,0,0,1,1,6,2,27,6,1242,1,9,-1,1,-1
2015160D01521,1,9,0,18,0,2,0,0,0,0,4,1,6,2,55,8,1598,1,1,-1,1,-1
2015160D01531,1,9,0,18,0,0,0,0,0,0,3,1,6,3,-1,-1,-1,-1,-1,-1,-1,-1
2015160D01541,1,9,0,6,0,8,0,0,0,0,0,1,6,3,-1,-1,-1,-1,-1,-1,-1,-1
2015160D01541,2,11,0,18,0,8,0,0,0,0,0,1,1,1,54,8,-1,-1,-1,-1,1,-1
2015160D01561,1,5,0,18,0,2,0,0,0,0,0,1,6,1,23,5,599,1,17,-1,1,-1
2015160D01561,2,9,0,3,0,2,0,0,0,0,0,1,6,1,42,7,1997,2,7,-1,2,-1
2015160D01571,1,9,0,9,0,0,0,0,0,0,1,1,6,1,35,6,-1,-1,-1,-1,1,-1
2015160D01571,2,1,0,18,0,0,0,0,0,0,1,1,6,1,31,6,-1,-1,-1,-1,1,-1
2015160D01581,1,9,0,7,0,8,0,0,0,0,1,1,6,1,30,6,1360,1,13,-1,1,-1
2015160D01581,2,1,0,18,0,2,0,0,0,0,2,1,6,1,58,9,-1,-1,-1,-1,1,-1
2015160D01591,1,9,0,12,0,0,0,0,0,0,3,1,6,1,19,4,1242,1,9,-1,-1,-1
2015160D01591,2,9,0,13,0,0,0,0,0,0,4,1,6,3,-1,-1,-1,-1,-1,-1,-1,-1
2015160D01591,3,19,0,3,0,0,0,0,0,0,2,1,6,3,-1,-1,-1,-1,-1,-1,-1,-1
2015160D01601,1,9,0,5,9,0,0,0,0,0,1,1,6,1,59,9,1299,1,9,-1,2,-1
2015160D01601,2,1,0,18,9,0,0,0,0,0,1,1,6,1,46,8,-1,-1,-1,-1,1,-1
2015160D01611,1,1,0,7,0,4,0,0,0,0,2,1,6,2,55,8,-1,-1,-1,-1,1,-1
2015160D01611,2,8,0,18,0,8,0,0,0,0,1,1,6,1,-1,-1,1997,2,5,-1,-1,-1
2015160D01621,1,9,0,18,0,0,0,0,0,0,1,1,6,1,33,6,1560,2,10,-1,1,-1
2015160D01631,1,9,0,18,0,4,0,0,0,0,4,1,6,1,28,6,1587,1,10,-1,1,-1
2015160D01631,2,1,0,18,0,8,0,0,0,0,1,1,6,1,18,4,-1,-1,-1,-1,1,-1
2015160D01641,1,9,0,9,0,6,0,0,0,0,3,1,6,1,79,11,998,1,5,-1,3,-1
2015160D01641,2,3,0,18,0,8,0,0,0,0,1,1,6,2,17,4,49,1,4,-1,1,-1
2015160D01651,1,9,0,9,0,8,0,0,0,0,1,1,6,1,40,7,1398,2,4,-1,-1,-1
2015160D01651,2,9,0,18,0,8,0,0,0,0,1,1,6,1,40,7,998,1,13,-1,-1,-1
2015160D01661,1,11,0,18,0,2,0,0,0,0,1,1,1,1,50,8,6871,2,5,-1,1,-1
2015160D01671,1,9,0,7,0,5,0,0,0,0,4,1,6,2,54,8,1368,1,5,-1,1,-1
2015160D01671,2,1,0,18,0,6,0,0,0,0,1,1,2,1,42,7,-1,-1,-1,-1,1,-1
2015160D01681,1,9,0,9,0,8,0,0,0,0,1,1,6,2,60,9,1598,1,7,-1,1,-1
2015160D01681,2,19,0,18,0,8,0,10,1,0,3,1,6,1,51,8,1868,2,12,-1,1,-1
2015160D01691,1,9,0,18,0,2,0,0,0,0,4,1,6,3,-1,-1,-1,-1,-1,-1,-1,-1
2015160D01701,1,9,0,5,0,1,0,0,0,0,1,1,2,2,28,6,1229,1,10,-1,1,-1
2015160D01721,1,9,0,18,0,1,0,0,0,0,1,1,6,1,-1,-1,1998,1,11,-1,1,-1
2015160D01721,2,9,0,8,0,1,0,0,0,0,2,1,6,1,45,7,1240,1,6,-1,1,-1
2015160D01731,1,9,0,18,0,2,0,0,0,0,1,1,6,1,49,8,1461,2,8,-1,2,-1
2015160D01741,1,1,0,14,4,0,0,4,0,0,1,1,2,1,39,7,-1,-1,-1,-1,2,-1
2015160D01741,2,9,0,2,0,0,0,0,0,0,2,1,6,3,-1,-1,1686,2,11,-1,-1,-1
2015160D01751,1,9,0,18,0,2,0,0,0,0,4,1,6,2,25,5,1242,1,9,-1,1,-1
2015160D01751,2,1,0,18,0,6,0,0,0,0,1,1,6,1,29,6,-1,-1,-1,-1,1,-1
2015160D01761,1,9,0,3,0,0,0,0,0,0,4,1,6,2,28,6,1598,1,10,-1,1,-1
2015160D01761,2,1,0,18,0,0,0,0,0,0,1,1,4,1,18,4,-1,-1,-1,-1,1,-1
2015160D01771,1,9,0,18,0,0,0,10,0,0,4,1,2,1,20,4,1388,1,10,-1,1,-1
2015160D01771,2,9,0,3,0,0,0,0,0,0,4,1,6,1,34,6,2171,2,12,-1,1,-1
2015160D01781,1,3,0,18,0,2,0,0,0,0,1,1,2,1,31,6,125,1,3,-1,1,-1
2015160D01791,1,5,0,18,0,0,0,0,0,0,1,1,2,1,25,5,747,1,18,-1,1,-1
2015160D01791,2,9,0,18,0,0,0,0,0,0,1,1,2,2,24,5,1596,1,8,-1,1,-1
2015160D01791,3,9,0,3,0,0,0,0,0,0,2,1,2,1,54,8,1582,2,1,-1,3,-1
2015160D01801,1,9,0,9,0,6,0,0,0,0,3,1,6,1,29,6,1560,2,1,-1,1,-1
2015160D01801,2,9,0,18,0,8,0,0,0,0,1,1,6,1,77,11,-1,-1,-1,-1,1,-1
2015160D01801,3,9,0,18,0,1,0,0,0,0,1,1,2,2,30,6,1598,1,11,-1,1,-1
2015160D01811,1,19,0,18,0,0,5,0,6,2,1,1,1,1,41,7,2298,2,-1,-1,1,-1
2015160D01821,1,9,0,2,0,0,0,10,1,11,1,1,6,3,-1,-1,1199,1,13,-1,-1,-1
2015160D01831,1,9,0,18,0,0,0,0,0,0,4,1,6,1,29,6,1242,1,14,-1,1,-1
2015160D01831,2,1,0,18,4,0,0,0,0,0,3,1,6,2,46,8,-1,-1,-1,-1,2,-1
2015160D01841,1,19,0,7,0,8,0,0,0,0,4,1,6,1,24,5,2198,2,1,-1,1,-1
2015160D01841,2,1,0,18,0,8,0,0,0,0,1,1,2,1,41,7,-1,-1,-1,-1,1,-1
2015160D01851,1,9,0,18,0,0,0,0,0,0,1,1,6,3,-1,-1,-1,-1,-1,-1,-1,-1
2015160D01861,1,9,0,3,0,1,0,0,0,0,1,1,6,2,86,11,1397,1,7,-1,1,-1
2015160D01861,2,9,0,18,0,1,0,0,0,0,2,1,6,2,35,6,1995,2,2,-1,3,-1
2015160D01871,1,11,0,7,0,8,0,0,0,0,0,1,1,1,54,8,4500,2,8,-1,1,-1
2015160D01881,1,1,0,18,0,0,0,0,0,0,1,1,6,1,28,6,-1,-1,-1,-1,1,-1
2015160D01881,2,19,0,2,0,0,0,0,0,0,2,1,6,1,-1,-1,2198,2,4,-1,-1,-1
2015160D01891,1,9,0,9,0,8,0,0,0,0,2,1,6,2,27,6,-1,-1,-1,-1,1,-1
2015160D01891,2,9,0,18,0,1,0,0,0,0,1,1,6,1,54,8,1364,1,9,-1,1,-1
2015160D01901,1,9,0,18,0,8,1,10,0,0,4,1,6,1,24,5,1988,1,15,-1,1,-1
2015160D01911,1,5,0,18,5,0,1,0,0,0,3,1,6,1,20,4,-1,-1,-1,-1,1,-1
2015160D01921,1,9,0,9,0,8,0,0,0,0,1,1,6,1,73,10,1560,2,-1,-1,1,-1
2015160D01921,2,9,0,18,0,8,0,0,0,0,1,1,6,1,80,11,993,1,16,-1,1,-1
2015160D01931,1,9,0,7,0,8,0,0,0,0,1,1,6,1,56,9,2183,2,4,-1,1,-1
2015160D01931,2,1,0,18,0,8,0,0,0,0,1,1,6,1,37,7,-1,-1,-1,-1,1,-1
2015160D01941,1,9,0,18,0,2,0,0,0,0,1,1,6,1,23,5,1248,1,4,-1,1,-1
2015160D01951,1,9,0,18,0,0,0,0,0,0,1,1,6,1,49,8,1397,1,6,-1,1,-1
2015160D01951,2,9,0,3,0,0,0,0,0,0,2,1,6,2,42,7,1591,1,6,-1,1,-1
2015160D01951,3,9,0,3,0,0,0,0,0,0,2,1,6,2,57,9,1753,2,13,-1,1,-1
2015160D01961,1,9,0,18,0,8,0,0,0,0,1,1,6,1,33,6,1398,1,15,-1,1,-1
2015160D01961,2,9,0,9,0,8,0,0,0,0,1,1,6,1,26,6,1229,1,1,-1,1,-1
2015160D01971,1,1,0,18,0,8,0,0,0,0,3,1,6,1,28,6,-1,-1,-1,-1,1,-1
2015160D01971,2,9,0,9,0,8,0,0,0,0,4,1,6,3,-1,-1,-1,-1,-1,-1,-1,-1
2015160D01981,1,9,0,18,0,0,0,0,0,0,1,1,2,2,21,5,1229,1,8,-1,1,-1
2015160D01981,2,9,0,4,0,0,0,0,0,0,2,1,6,3,-1,-1,-1,-1,-1,-1,-1,-1
2015160D01991,1,9,0,18,0,8,0,0,0,0,1,1,6,2,23,5,1242,1,5,-1,1,-1
2015160D01991,2,9,0,9,0,5,0,0,0,0,4,1,6,1,30,6,1329,1,1,-1,1,-1
2015160D02001,1,9,0,18,0,2,0,0,0,0,2,1,2,2,24,5,1229,1,8,-1,1,-1
2015160D02001,2,9,0,18,0,2,0,0,0,0,1,1,2,1,44,7,-1,-1,-1,-1,1,-1
2015160D02001,3,9,0,18,0,2,0,0,0,0,0,1,2,3,-1,-1,-1,-1,-1,-1,-1,-1
2015160D02011,1,9,0,10,0,1,0,0,0,0,4,1,6,2,33,6,1596,1,4,-1,1,-1
2015160D02021,1,9,0,18,0,8,0,0,0,0,2,1,6,2,58,9,1798,1,5,-1,1,-1
2015160D02021,2,21,0,18,0,8,0,0,0,0,1,1,6,3,-1,-1,-1,-1,-1,-1,-1,-1
2015160D02031,1,19,0,5,0,1,0,0,0,0,1,1,6,1,46,8,1461,2,5,-1,1,-1
2015160D02031,2,9,0,5,0,1,0,0,0,0,2,1,6,1,18,4,973,1,13,-1,1,-1
2015160D02041,1,8,0,9,0,5,0,0,0,0,1,1,1,1,35,6,1995,2,8,-1,1,-1
2015160D02041,2,1,0,10,0,8,0,0,0,0,1,1,6,1,30,6,-1,-1,-1,-1,1,-1
2015160D02051,1,9,0,7,0,5,0,0,0,0,1,1,6,1,59,9,1994,1,14,-1,1,-1
2015160D02051,2,1,0,4,0,1,0,0,0,0,1,1,2,1,46,8,-1,-1,-1,-1,1,-1
2015160D02071,1,9,0,1,0,1,0,0,0,0,2,1,6,3,-1,-1,-1,-1,-1,-1,-1,-1
2015160D02081,1,2,0,18,0,2,0,0,0,0,1,1,2,2,17,4,50,1,2,-1,3,-1
2015160D02081,2,9,0,3,0,2,0,0,0,0,2,1,6,1,74,10,1229,1,1,-1,1,-1
2015160D02091,1,9,0,9,0,5,0,0,0,0,1,1,6,1,24,5,1598,1,7,-1,1,-1
2015160D02091,2,2,0,18,0,1,0,0,0,0,1,1,2,1,26,6,49,1,12,-1,1,-1
2015160D02101,1,1,0,18,0,1,0,0,0,0,1,1,6,2,29,6,-1,-1,-1,-1,1,-1
2015160D02101,2,9,0,7,0,5,0,0,0,0,4,1,6,3,-1,-1,-1,-1,-1,-1,-1,-1
2015160D02111,1,9,0,13,0,1,0,0,0,0,4,1,6,3,-1,-1,-1,-1,-1,-1,-1,-1
2015160D02111,2,1,0,18,0,1,0,0,0,0,3,1,6,2,47,8,-1,-1,-1,-1,1,-1
2015160D02121,1,11,0,18,0,8,0,0,0,0,1,1,1,1,54,8,4500,2,4,-1,1,-1
2015160D02121,2,9,0,9,0,5,0,0,0,0,4,1,3,1,20,4,1390,1,13,-1,1,-1
2015160D02131,1,9,0,5,0,1,0,0,0,0,1,1,2,1,59,9,4134,2,8,-1,1,-1
2015160D02131,2,1,0,18,0,8,0,0,0,0,3,1,4,1,13,3,-1,-1,-1,-1,1,-1
2015160D02141,1,19,0,18,0,0,0,0,0,0,4,1,6,3,64,9,1560,2,7,-1,1,-1
2015160D02151,1,9,0,18,0,1,0,0,0,0,1,1,6,1,20,4,1124,1,11,-1,2,-1
2015160D02161,1,9,0,7,0,5,0,0,0,0,4,1,6,2,27,6,1199,1,13,-1,1,-1
2015160D02161,2,1,0,18,0,1,0,0,0,0,3,1,6,1,38,7,-1,-1,-1,-1,1,-1
2015160D02171,1,9,0,16,0,0,0,10,7,2,1,1,6,1,20,4,1596,1,1,-1,2,-1
2015160D02181,1,9,0,18,0,1,0,0,0,0,4,1,6,2,34,6,1242,1,2,-1,1,-1
2015160D02181,2,9,0,18,0,1,0,0,0,0,3,1,6,3,-1,-1,1753,2,8,-1,-1,-1
2015160D02191,1,9,0,18,0,5,0,0,0,0,1,1,6,1,27,6,1956,2,1,-1,1,-1
2015160D02201,1,1,0,18,0,2,0,0,0,0,1,1,6,1,47,8,-1,-1,-1,-1,1,-1
2015160D02201,2,9,0,18,0,2,0,0,0,0,2,1,6,1,42,7,1998,2,13,-1,1,-1
2015160D02211,1,9,0,10,0,1,0,0,0,0,2,1,6,2,54,8,1895,1,14,-1,1,-1
2015160D02211,2,9,0,4,0,1,0,0,0,0,1,1,6,2,30,6,1598,1,12,-1,1,-1
2015160D02221,1,9,0,1,0,6,0,0,0,0,2,1,6,1,65,9,1910,2,6,-1,1,-1
2015160D02221,2,1,0,16,0,8,0,0,0,0,4,1,6,2,28,6,-1,-1,-1,-1,1,-1
2015160D02231,1,9,0,9,0,5,0,0,0,0,4,1,2,1,46,8,1560,2,3,-1,2,-1
2015160D02231,2,9,0,17,0,8,0,0,0,0,1,1,2,2,48,8,1248,1,6,-1,1,-1
2015160D02241,1,21,1,4,0,0,0,0,0,0,1,1,1,1,50,8,12600,2,11,-1,1,-1
2015160D02241,2,19,0,11,0,0,0,0,0,0,1,1,1,1,29,6,2148,2,7,-1,3,-1
2015160D02241,3,19,0,3,0,0,0,0,0,0,2,1,1,2,27,6,1461,2,1,-1,1,-1
2015160D02251,1,8,0,18,0,4,0,0,0,0,1,1,6,2,26,6,1910,2,9,-1,1,-1
2015160D02251,2,9,0,8,0,4,0,0,0,0,2,1,6,1,32,6,1598,1,5,-1,1,-1
2015160D02261,1,19,0,7,0,5,1,0,0,0,1,1,6,1,16,4,1998,2,14,-1,1,-1
2015160D02271,1,5,0,18,0,1,1,0,0,0,3,1,6,1,52,8,1157,1,14,-1,1,-1
2015160D02271,2,9,0,7,0,1,1,0,0,0,4,1,6,2,33,6,995,1,3,-1,1,-1
2015160D02281,1,9,0,5,0,1,0,0,0,0,1,1,6,1,43,7,1598,2,4,-1,1,-1
2015160D02281,2,9,0,5,0,1,0,0,0,0,2,1,6,1,23,5,1390,1,11,-1,-1,-1
2015160D02291,1,19,0,2,0,0,0,0,0,0,3,1,6,3,-1,-1,4116,2,9,-1,-1,-1
2015160D02291,2,9,0,14,0,0,0,0,0,0,2,1,6,2,59,9,-1,-1,-1,-1,2,-1
2015160D02291,3,9,0,14,0,0,0,0,0,0,1,1,6,1,35,6,1329,1,2,-1,1,-1
2015160D02311,1,9,0,18,0,1,0,0,0,0,1,1,6,1,21,5,1995,1,10,-1,1,-1
2015160D02311,2,9,0,18,0,1,0,0,0,0,2,1,6,2,22,5,1598,1,11,-1,1,-1
2015160D02311,3,9,0,4,0,1,0,0,0,0,2,1,6,1,31,6,-1,-1,-1,-1,1,-1
2015160D02321,1,19,0,9,0,8,0,0,0,0,4,1,6,1,32,6,2143,2,3,-1,1,-1
2015160D02321,2,1,0,18,0,8,0,0,0,0,1,1,6,1,29,6,-1,-1,-1,-1,1,-1
2015160D02331,1,1,0,18,0,0,0,0,0,0,1,1,6,1,12,3,-1,-1,-1,-1,1,-1
2015160D02331,2,11,0,18,0,0,0,0,0,0,1,1,1,1,43,7,6871,2,9,-1,1,-1
2015160D02341,1,3,0,18,2,1,0,0,0,0,3,1,6,1,33,6,-1,-1,-1,-1,1,-1
2015160D02341,2,9,0,11,2,1,0,0,0,0,4,1,6,3,-1,-1,-1,-1,-1,-1,-1,-1
2015160D02351,1,1,0,9,0,8,0,0,0,0,1,1,6,1,27,6,-1,-1,-1,-1,-1,-1
2015160D02351,2,9,0,9,0,8,0,0,0,0,1,1,6,1,-1,-1,1560,2,1,-1,1,-1
2015160D02361,1,9,0,1,0,8,0,0,0,0,2,1,1,2,50,8,1086,1,8,-1,1,-1
2015160D02361,2,1,0,18,0,8,0,0,0,0,1,1,6,2,26,6,-1,-1,-1,-1,1,-1
2015160D02371,1,1,0,9,0,2,0,0,0,0,3,1,6,1,6,2,-1,-1,-1,-1,1,-1
2015160D02371,2,9,0,18,0,1,0,0,0,0,1,1,6,1,42,7,1598,1,2,-1,1,-1
2015160D02381,1,9,0,18,0,8,0,0,0,0,1,1,6,1,36,7,1598,1,12,-1,1,-1
2015160D02381,2,9,0,4,0,8,0,0,0,0,2,1,6,1,24,5,998,1,7,-1,1,-1
2015160D02381,3,9,0,18,0,1,0,0,0,0,1,1,6,1,23,5,698,1,12,-1,1,-1
2015160D02391,1,8,0,4,0,1,0,0,0,0,1,1,6,1,34,6,1753,2,6,-1,1,-1
2015160D02391,2,9,0,18,0,1,0,0,0,0,2,1,6,2,-1,-1,999,1,4,-1,1,-1
2015160D02401,1,9,0,3,0,1,0,0,0,0,2,1,6,2,68,10,1364,1,5,-1,1,-1
2015160D02401,2,9,0,18,0,1,0,0,0,0,1,1,6,3,-1,-1,-1,-1,-1,-1,-1,-1
2015160D02411,1,1,0,18,9,0,0,0,0,0,1,1,6,3,-1,-1,-1,-1,-1,-1,-1,-1
2015160D02421,1,9,0,1,0,6,0,0,0,0,4,1,6,1,24,5,1956,2,4,-1,1,-1
2015160D02421,2,3,0,18,0,8,0,0,0,0,1,1,6,1,17,4,124,1,3,-1,2,-1
2015160D02431,1,9,0,8,0,1,0,0,0,0,2,1,6,1,35,6,1388,1,12,-1,1,-1
2015160D02431,2,9,0,5,0,1,0,0,0,0,1,1,6,2,46,8,1997,2,7,-1,1,-1
2015160D02441,1,9,0,18,0,2,0,0,0,0,1,1,6,3,-1,-1,-1,-1,-1,-1,-1,-1
2015160D02451,1,1,0,18,0,0,0,0,1,11,2,1,6,1,16,4,-1,-1,-1,-1,1,-1
2015160D02451,2,9,0,13,0,0,0,0,0,0,1,1,6,3,-1,-1,-1,-1,-1,-1,-1,-1
2015160D02461,1,9,0,2,0,0,0,0,0,0,3,1,6,3,-1,-1,-1,-1,-1,-1,-1,-1
2015160D02461,2,1,0,14,0,0,0,0,0,0,1,1,6,1,40,7,-1,-1,-1,-1,1,-1
2015160D02471,1,19,0,18,0,0,0,0,0,0,1,1,1,1,25,5,2198,2,7,-1,1,-1
2015160D02471,2,19,0,3,0,0,0,0,0,0,2,1,6,1,39,7,2402,2,12,-1,1,-1
2015160D02471,3,19,0,3,0,0,0,0,0,0,2,1,1,1,44,7,1753,2,3,-1,2,-1
2015160D02481,1,9,0,18,0,0,0,0,0,0,1,1,6,1,30,6,1587,1,16,-1,1,-1
2015160D02491,1,9,0,9,0,1,0,0,0,0,1,1,6,1,25,5,1370,1,16,-1,1,-1
2015160D02501,1,1,0,9,0,8,0,0,0,0,1,1,6,1,22,5,-1,-1,-1,-1,1,-1
2015160D02501,2,11,0,5,0,4,0,0,0,0,1,1,1,1,42,7,8268,2,13,-1,1,-1
2015160D02521,1,9,0,9,0,6,0,0,0,0,3,1,6,1,29,6,1242,1,9,-1,1,-1
2015160D02521,2,9,0,18,0,8,0,0,0,0,1,1,6,2,24,5,998,1,9,-1,1,-1
2015160D02531,1,9,0,18,0,1,0,0,0,0,1,1,6,1,29,6,1956,2,3,-1,1,-1
2015160D02531,2,9,0,3,0,1,0,0,0,0,2,1,6,2,49,8,1598,1,8,-1,3,-1
2015160D02531,3,19,0,3,0,1,0,0,0,0,2,1,6,1,27,6,2198,2,1,-1,2,-1
2015160D02531,4,8,0,3,0,1,0,0,0,0,2,1,6,3,-1,-1,-1,-1,-1,-1,-1,-1
2015160D02541,1,19,0,18,0,0,0,0,0,0,1,1,2,1,35,6,2198,2,5,-1,2,-1
2015160D02541,2,9,0,4,0,0,0,0,0,0,2,1,2,2,49,8,-1,-1,-1,-1,2,-1
2015160D02551,1,9,0,3,0,0,0,0,0,0,2,1,3,2,29,6,1956,2,5,-1,1,-1
2015160D02551,2,9,0,18,0,0,0,0,0,0,1,1,3,1,55,8,1360,1,12,-1,1,-1
2015160D02561,1,9,0,18,0,2,0,0,0,0,1,1,6,1,48,8,1999,1,13,-1,1,-1
2015160D02561,2,9,0,3,0,2,0,0,0,0,2,1,6,2,36,7,1896,2,14,-1,2,-1