Accident_Index,Vehicle_Reference,Vehicle_Type,Towing_and_Articulation,Vehicle_Manoeuvre,Vehicle_Location-Restricted_Lane,Junction_Location,Skidding_and_Overturning,Hit_Object_in_Carriageway,Vehicle_Leaving_Carriageway,Hit_Object_off_Carriageway,1st_Point_of_Impact,Was_Vehicle_Left_Hand_Drive?,Journey_Purpose_of_Driver,Sex_of_Driver,Age_of_Driver,Age_Band_of_Driver,Engine_Capacity_(CC),Propulsion_Code,Age_of_Vehicle,Driver_IMD_Decile,Driver_Home_Area_Type,Vehicle_IMD_Decile
2015160D02561,3,9,0,3,0,2,0,0,0,0,2,1,6,2,19,4,998,1,11,-1,1,-1
2015160D02571,1,2,0,18,0,1,1,0,0,0,3,1,1,1,20,4,50,1,1,-1,1,-1
2015160D02571,2,9,0,4,0,1,0,0,0,0,0,1,6,3,-1,-1,-1,-1,-1,-1,-1,-1
2015160D02581,1,9,0,8,0,1,0,0,0,0,2,1,2,1,45,7,1598,1,1,-1,1,-1
2015160D02581,2,9,0,16,0,1,0,0,0,0,1,1,6,1,21,5,1598,1,9,-1,3,-1
2015160D02601,1,9,0,5,0,4,0,0,0,0,1,1,6,1,66,10,1229,1,7,-1,1,-1
2015160D02601,2,1,0,9,4,8,0,0,0,0,4,1,6,1,38,7,-1,-1,-1,-1,1,-1
2015160D02611,1,9,0,9,0,6,0,0,0,0,1,1,6,1,41,7,-1,-1,-1,-1,1,-1
2015160D02611,2,19,0,18,0,8,0,0,0,0,3,1,1,1,38,7,1868,2,11,-1,1,-1
2015160D02621,1,21,1,5,8,0,0,0,0,0,2,1,1,1,53,8,6692,2,5,-1,1,-1
2015160D02621,2,9,0,18,0,0,0,0,1,4,1,1,6,2,38,7,1199,2,1,-1,2,-1
2015160D02621,3,9,0,18,0,0,0,0,0,0,1,1,6,2,26,6,1124,1,13,-1,3,-1
2015160D02631,1,9,0,7,0,1,0,0,0,0,1,1,6,1,32,6,1349,1,5,-1,1,-1
2015160D02631,2,1,0,18,0,6,0,0,0,0,3,1,6,1,19,4,-1,-1,-1,-1,1,-1
2015160D02641,1,1,0,18,0,1,0,0,0,0,3,1,2,1,28,6,-1,-1,-1,-1,1,-1
2015160D02641,2,21,0,18,0,1,0,0,0,0,4,1,1,3,-1,-1,-1,-1,-1,-1,-1,-1
2015160D02651,1,1,0,18,0,0,0,4,0,0,1,1,2,1,20,4,-1,-1,-1,-1,1,-1
2015160D02651,2,9,0,2,0,0,0,0,0,0,2,1,6,3,-1,-1,1390,1,6,-1,-1,-1
2015160D02661,1,9,0,17,0,8,0,0,0,0,1,1,6,2,39,7,1596,1,10,-1,1,-1
2015160D02671,1,21,5,18,0,2,5,10,1,11,4,1,1,1,40,7,10837,2,-1,-1,1,-1
2015160D02681,1,9,0,18,0,6,0,0,0,0,0,1,3,2,39,7,1896,2,9,-1,1,-1
2015160D02681,2,1,0,17,0,2,0,0,0,0,0,1,6,2,52,8,-1,-1,-1,-1,1,-1
2015160D02691,1,9,0,4,0,1,0,0,0,0,3,1,6,2,29,6,-1,-1,-1,-1,1,-1
2015160D02691,2,1,0,14,0,1,0,0,0,0,1,1,6,2,79,11,-1,-1,-1,-1,1,-1
2015160D02701,1,9,0,7,0,1,0,0,0,0,4,1,6,1,-1,-1,1390,2,12,-1,1,-1
2015160D02711,1,1,0,17,0,0,0,0,0,0,1,1,6,1,20,4,-1,-1,-1,-1,1,-1
2015160D02711,2,2,0,18,0,0,0,0,0,0,1,1,6,1,19,4,-1,-1,-1,-1,1,-1
2015160D02721,1,9,0,4,0,0,0,0,0,0,1,1,6,2,19,4,1000,1,15,-1,1,-1
2015160D02721,2,9,0,4,0,0,0,0,0,0,2,1,6,1,31,6,899,1,15,-1,1,-1
2015160D02731,1,9,0,18,0,1,0,0,0,0,1,1,6,1,22,5,1984,1,13,-1,1,-1
2015160D02731,2,9,0,4,0,1,0,0,0,0,2,1,6,2,21,5,1242,1,1,-1,1,-1
2015160D02731,3,9,0,4,0,1,0,0,0,0,2,1,6,2,43,7,1598,1,7,-1,1,-1
2015160D02741,1,9,0,18,0,0,0,0,0,0,1,1,6,1,36,7,1910,2,7,-1,1,-1
2015160D02751,1,9,0,1,0,0,0,0,0,0,2,1,6,1,49,8,1794,1,11,-1,1,-1
2015160D02751,2,1,0,18,0,0,0,0,0,0,1,1,6,1,18,4,-1,-1,-1,-1,1,-1
2015160D02761,1,9,0,18,0,1,0,0,0,0,3,1,6,2,52,8,1240,1,8,-1,1,-1
2015160D02771,1,9,0,12,0,0,0,0,7,11,1,1,6,1,40,7,-1,-1,-1,-1,1,-1
2015160D02781,1,21,0,7,0,5,0,0,0,0,1,1,1,1,62,9,6870,2,3,-1,1,-1
2015160D02781,2,1,0,18,0,8,0,0,0,0,3,1,6,1,21,5,-1,-1,-1,-1,1,-1
2015160D02791,1,9,0,18,0,2,0,0,0,0,1,1,6,1,27,6,1995,2,9,-1,1,-1
2015160D02801,1,9,0,5,0,4,0,0,0,0,1,1,2,1,63,9,1560,2,1,-1,2,-1
2015160D02801,2,1,0,9,0,8,0,0,0,0,4,1,2,1,33,6,-1,-1,-1,-1,3,-1
2015160D02811,1,9,0,9,0,5,0,0,0,0,1,1,2,2,58,9,1368,1,7,-1,1,-1
2015160D02811,2,5,0,18,0,8,1,0,0,0,1,1,6,1,41,7,599,1,17,-1,1,-1
2015160D02821,1,1,0,18,9,2,0,0,0,0,3,1,6,2,22,5,-1,-1,-1,-1,1,-1
2015160D02821,2,9,0,5,9,2,0,10,1,0,4,1,6,3,-1,-1,-1,-1,-1,-1,-1,-1
2015160D02831,1,3,0,18,2,2,0,0,0,0,3,1,6,1,31,6,125,1,6,-1,1,-1
2015160D02831,2,9,0,6,0,2,0,0,0,0,4,1,6,1,-1,-1,1588,1,14,-1,1,-1
2015160D02851,1,9,0,18,0,2,0,0,0,0,1,1,6,1,20,4,1598,1,-1,-1,1,-1
2015160D02861,1,21,0,18,0,2,0,0,0,0,1,1,6,1,49,8,-1,-1,-1,-1,1,-1
2015160D02861,2,5,0,7,0,2,0,0,0,0,3,1,6,1,22,5,598,1,23,-1,1,-1
2015160D02871,1,3,0,18,0,2,0,10,1,10,3,1,6,1,26,6,85,1,14,-1,1,-1
2015160D02871,2,9,0,9,0,5,0,0,0,0,1,1,6,2,25,5,1896,2,15,-1,1,-1
2015160D02881,1,9,0,3,0,1,0,0,0,0,2,1,6,2,34,6,1560,2,3,-1,1,-1
2015160D02881,2,9,0,5,0,1,0,0,0,0,1,1,6,1,31,6,1596,1,13,-1,1,-1
2015160D02901,1,1,0,18,0,1,0,0,0,0,1,1,6,1,51,8,-1,-1,-1,-1,1,-1
2015160D02901,2,9,0,7,0,2,0,0,0,0,3,1,6,1,55,8,1560,2,6,-1,1,-1
2015160D02911,1,9,0,7,0,6,0,0,0,0,3,1,6,2,37,7,-1,-1,-1,-1,1,-1
2015160D02911,2,1,0,18,0,8,0,0,0,0,1,1,6,2,55,8,-1,-1,-1,-1,1,-1
2015160D02921,1,9,0,6,0,0,0,0,0,0,1,1,1,2,38,7,1199,2,5,-1,1,-1
2015160D02921,2,11,0,3,0,0,0,0,0,0,1,1,1,1,52,8,-1,-1,-1,-1,1,-1
2015160D02921,3,5,0,5,0,0,1,0,0,0,1,1,1,1,43,7,599,1,8,-1,1,-1
2015160D02931,1,9,0,18,0,1,0,0,0,0,1,1,6,1,24,5,1984,1,14,-1,1,-1
2015160D02931,2,9,0,18,0,1,0,0,0,0,2,1,1,1,17,4,1896,2,12,-1,-1,-1
2015160D02941,1,9,0,10,0,1,0,0,0,0,2,1,6,1,43,7,1796,2,1,-1,1,-1
2015160D02941,2,1,0,18,0,1,0,0,0,0,1,1,6,1,28,6,-1,-1,-1,-1,1,-1
2015160D02951,1,19,0,18,0,0,0,0,0,0,4,1,6,3,-1,-1,-1,-1,-1,-1,-1,-1
2015160D02951,2,9,0,2,0,0,0,0,0,0,0,1,6,3,-1,-1,998,1,5,-1,-1,-1
2015160D02961,1,9,0,2,0,0,0,0,0,0,3,1,6,1,67,10,2902,2,13,-1,1,-1
2015160D02961,2,1,0,18,0,0,0,0,0,0,1,1,6,1,30,6,-1,-1,-1,-1,1,-1
2015160D02971,1,9,0,7,0,6,0,0,0,0,1,1,6,2,66,10,1389,1,19,-1,1,-1
2015160D02971,2,1,0,18,0,8,0,0,0,0,4,1,6,2,24,5,-1,-1,-1,-1,1,-1
2015160D02981,1,3,0,18,0,1,0,0,0,0,0,1,2,1,18,4,124,1,16,-1,1,-1
2015160D02981,2,9,0,18,0,1,0,0,0,0,0,1,6,1,32,6,2198,2,8,-1,1,-1
2015160D02991,1,4,0,18,0,8,0,0,0,0,3,1,6,2,48,8,249,1,35,-1,1,-1
2015160D02991,2,9,0,18,0,6,0,0,0,0,0,1,6,1,71,10,1124,1,14,-1,1,-1
2015160D03001,1,9,0,18,0,2,0,0,0,0,1,1,6,1,61,9,1396,1,5,-1,1,-1
2015160D03001,2,9,0,18,0,2,0,0,0,0,2,1,6,1,64,9,1598,1,1,-1,3,-1
2015160D03001,3,9,0,18,0,2,0,0,0,0,2,1,6,2,43,7,1242,1,8,-1,2,-1
2015160D03011,1,9,0,18,0,1,0,0,0,0,1,1,6,2,18,4,1587,1,13,-1,1,-1
2015160D03011,2,8,0,10,0,8,0,0,0,0,2,1,1,1,53,8,-1,-1,-1,-1,1,-1
2015160D03021,1,1,0,18,0,0,0,7,0,0,1,1,6,1,25,5,-1,-1,-1,-1,1,-1
2015160D03021,2,9,0,3,0,0,0,0,0,0,3,1,1,1,59,9,-1,-1,-1,-1,1,-1
2015160D03031,1,9,0,18,0,0,0,0,0,0,1,1,6,1,17,4,1388,1,13,-1,1,-1
2015160D03031,2,1,0,7,0,0,0,0,0,0,3,1,6,1,11,3,-1,-1,-1,-1,1,-1
2015160D03041,1,5,0,18,0,0,0,10,0,0,1,1,6,1,49,8,988,1,11,-1,1,-1
2015160D03051,1,9,0,18,0,0,0,0,0,0,1,1,6,2,22,5,1229,1,2,-1,1,-1
2015160D03051,2,9,0,3,0,0,0,0,0,0,2,1,2,2,33,6,1598,1,16,-1,1,-1
2015160D03051,3,9,0,3,0,0,0,0,0,0,2,1,2,1,39,7,1229,1,-1,-1,2,-1
2015160D03061,1,9,0,10,0,8,0,0,0,0,1,1,6,1,37,7,1968,2,1,-1,1,-1
2015160D03061,2,9,0,18,0,8,0,0,0,0,1,1,1,1,39,7,1685,2,2,-1,1,-1
2015160D03071,1,1,0,9,0,8,0,0,0,0,1,1,6,1,21,5,-1,-1,-1,-1,1,-1
2015160D03071,2,9,0,18,0,8,0,0,0,0,1,1,6,1,36,7,2776,2,9,-1,1,-1
2015160D03081,1,9,0,18,0,2,0,0,0,0,1,1,6,1,49,8,1560,2,5,-1,1,-1
2015160D03091,1,9,0,9,0,8,0,0,0,0,4,1,6,1,28,6,1396,1,15,-1,2,-1
2015160D03091,2,9,0,18,0,8,0,0,0,0,1,1,6,2,29,6,1796,1,9,-1,1,-1
2015160D03101,1,9,0,18,0,0,0,0,0,0,1,1,2,2,21,5,1995,1,5,-1,1,-1
2015160D03111,1,9,0,18,0,8,5,0,0,0,1,1,6,2,48,8,1598,1,10,-1,1,-1
2015160D03111,2,2,0,18,0,8,0,0,0,0,1,1,6,1,48,8,-1,-1,-1,-1,1,-1
2015160D03121,1,9,0,18,0,8,0,0,0,0,1,1,6,2,34,6,1124,1,13,-1,1,-1
2015160D03121,2,9,0,9,0,6,0,0,0,0,1,1,6,1,19,4,1242,1,11,-1,1,-1
2015160D03131,1,9,0,4,0,1,0,0,0,0,2,1,6,2,23,5,1388,1,5,-1,1,-1
2015160D03131,2,9,0,18,0,1,0,0,0,0,1,1,6,3,-1,-1,-1,-1,-1,-1,-1,-1
2015160D03141,1,9,0,4,0,1,0,0,0,0,2,1,2,1,27,6,1595,1,2,-1,1,-1
2015160D03141,2,9,0,5,0,1,0,0,0,0,1,1,2,1,24,5,1598,2,2,-1,2,-1
2015160D03151,1,9,0,18,0,8,0,0,0,0,1,1,6,2,21,5,1242,1,13,-1,-1,-1
2015160D03151,2,1,0,9,0,8,0,0,0,0,1,1,6,1,26,6,-1,-1,-1,-1,1,-1
2015160D03171,1,9,0,18,0,1,0,0,0,0,1,1,6,1,44,7,-1,-1,-1,-1,1,-1
2015160D03171,2,1,0,16,0,6,0,0,0,0,2,1,6,1,5,1,-1,-1,-1,-1,1,-1
2015160D03181,1,8,0,18,0,2,0,0,0,0,4,1,6,1,31,6,1596,1,4,-1,1,-1
2015160D03181,2,1,0,18,0,2,0,0,0,0,3,1,6,2,68,10,-1,-1,-1,-1,1,-1
2015160D03191,1,9,0,18,0,8,0,0,0,0,1,1,6,2,47,8,1206,1,2,-1,1,-1
2015160D03191,2,9,0,9,0,5,0,0,0,0,1,1,6,1,28,6,-1,-1,-1,-1,1,-1
2015160D03201,1,21,1,5,0,0,0,0,0,0,1,1,1,1,41,7,12777,2,2,-1,1,-1
2015160D03211,1,11,0,18,0,0,0,0,0,0,4,1,1,1,54,8,3922,2,9,-1,1,-1
2015160D03221,1,19,0,18,0,0,0,0,0,0,1,1,6,1,23,5,2198,2,6,-1,1,-1
2015160D03221,2,9,0,3,0,0,0,0,0,0,2,1,6,1,29,6,1799,1,9,-1,1,-1
2015160D03231,1,9,0,18,0,8,0,0,0,0,1,1,2,1,27,6,1390,1,2,-1,1,-1
2015160D03231,2,9,0,9,0,8,0,0,0,0,4,1,2,2,28,6,1242,1,3,-1,1,-1
2015160D03241,1,9,0,3,0,1,0,0,0,0,0,1,6,2,51,8,1798,8,-1,-1,1,-1
2015160D03241,2,9,0,18,0,1,0,0,0,0,0,1,6,1,-1,-1,-1,-1,-1,-1,-1,-1
2015160D03251,1,9,0,9,0,6,0,0,0,0,3,1,2,1,26,6,1598,1,11,-1,1,-1
2015160D03251,2,9,0,18,0,8,0,0,0,0,4,1,6,1,60,9,1796,2,3,-1,1,-1
2015160D03261,1,9,0,18,0,0,0,0,0,0,1,1,6,1,58,9,1598,1,13,-1,1,-1
2015160D03261,2,1,0,18,0,0,0,0,0,0,3,1,6,2,8,2,-1,-1,-1,-1,1,-1
2015160D03271,1,21,0,18,0,2,0,0,0,0,1,1,1,1,32,6,12777,2,2,-1,1,-1
2015160D03271,2,1,0,12,0,2,0,0,0,0,2,1,6,1,23,5,-1,-1,-1,-1,1,-1
2015160D03281,1,11,0,5,0,0,0,0,0,0,0,1,1,2,50,8,4500,2,4,-1,1,-1
2015160D03291,1,1,0,18,0,2,0,0,0,0,1,1,2,1,25,5,-1,-1,-1,-1,1,-1
2015160D03291,2,9,0,2,0,2,0,0,0,0,3,1,6,2,38,7,2497,2,4,-1,1,-1
2015160D03301,1,9,0,16,0,0,0,0,0,0,1,1,6,1,35,6,1794,1,9,-1,1,-1
2015160D03301,2,9,0,3,0,0,0,0,0,0,1,1,6,2,26,6,1910,2,8,-1,1,-1
2015160D03311,1,9,0,7,0,6,0,0,0,0,3,1,6,3,-1,-1,-1,-1,-1,-1,-1,-1
2015160D03311,2,1,0,18,0,8,0,0,0,0,1,1,6,1,36,7,-1,-1,-1,-1,1,-1
2015160D03321,1,5,0,14,0,1,1,0,0,0,4,1,6,1,55,8,644,1,17,-1,3,-1
2015160D03321,2,9,0,9,0,5,0,0,0,0,3,1,6,2,34,6,1200,1,-1,-1,1,-1
2015160D03331,1,9,0,3,0,4,0,0,0,0,1,1,2,1,62,9,998,1,12,-1,1,-1
2015160D03331,2,1,0,18,0,8,0,0,0,0,1,1,2,1,33,6,-1,-1,-1,-1,1,-1
2015160D03341,1,9,0,18,0,0,0,0,0,0,1,1,6,1,66,10,-1,-1,-1,-1,1,-1
2015160D03351,1,9,0,12,0,0,0,0,0,0,1,1,2,1,51,8,1598,2,5,-1,2,-1
2015160D03351,2,2,0,12,0,0,0,0,0,0,4,1,6,1,29,6,49,1,16,-1,1,-1
2015160D03361,1,9,0,9,0,8,0,0,0,0,4,1,3,2,68,10,1493,2,10,-1,1,-1
2015160D03361,2,1,0,18,0,8,0,0,0,0,1,1,2,2,50,8,-1,-1,-1,-1,1,-1
2015160D03371,1,8,0,9,0,0,0,0,0,0,3,1,6,1,37,7,1560,2,7,-1,1,-1
2015160D03371,2,2,0,18,0,0,0,0,0,0,4,1,6,1,29,6,124,1,11,-1,1,-1
2015160D03381,1,9,0,14,0,0,0,0,0,0,1,1,6,1,-1,-1,998,1,10,-1,-1,-1
2015160D03381,2,8,0,16,0,0,0,10,1,0,3,1,1,1,55,8,1560,2,5,-1,1,-1
2015160D03391,1,9,0,18,0,2,0,0,1,1,1,1,6,1,47,8,-1,-1,-1,-1,2,-1
2015160D03401,1,9,0,18,0,0,0,0,0,0,1,1,6,2,42,7,1596,1,5,-1,1,-1
2015160D03401,2,1,0,18,0,0,0,0,0,0,3,1,6,1,11,3,-1,-1,-1,-1,1,-1
2015160D03411,1,9,0,5,0,1,0,0,0,0,0,1,6,1,29,6,-1,-1,-1,-1,1,-1
2015160D03421,1,5,0,7,0,8,0,0,0,0,0,1,6,2,50,8,599,1,6,-1,1,-1
2015160D03421,2,9,0,9,0,8,0,0,0,0,0,1,6,1,-1,-1,-1,-1,-1,-1,-1,-1
2015160D03431,1,9,0,3,0,0,0,0,0,0,2,1,6,2,26,6,-1,-1,-1,-1,1,-1
2015160D03431,2,19,0,3,0,0,0,0,0,0,1,1,6,1,19,4,2198,2,1,-1,1,-1
2015160D03441,1,9,0,18,0,0,0,0,1,2,3,1,6,1,22,5,1998,1,12,-1,1,-1
2015160D03451,1,9,0,7,0,8,0,0,0,0,1,1,6,3,-1,-1,-1,-1,-1,-1,-1,-1
2015160D03471,1,9,0,3,0,1,0,0,0,0,2,1,6,2,32,6,998,1,13,-1,1,-1
2015160D03471,2,3,0,18,0,1,0,0,0,0,1,1,6,1,21,5,124,1,3,-1,1,-1
2015160D03481,1,19,0,7,0,3,0,0,0,0,1,1,6,1,-1,-1,2198,2,1,-1,1,-1
2015160D03481,2,1,0,18,0,8,0,0,0,0,1,1,6,1,28,6,-1,-1,-1,-1,1,-1
2015160D03491,1,9,0,3,0,0,0,0,0,0,2,1,6,2,54,8,1248,2,12,-1,1,-1
2015160D03491,2,19,0,18,0,0,0,0,0,0,1,1,6,1,24,5,-1,-1,-1,-1,1,-1
2015160D03501,1,9,0,18,0,8,0,0,0,0,1,1,6,1,38,7,1598,2,4,-1,1,-1
2015160D03501,2,9,0,9,0,8,0,0,0,0,2,1,6,1,55,8,1769,1,13,-1,1,-1
2015160D03511,1,11,0,4,0,0,0,0,0,0,0,1,1,1,33,6,7300,2,15,-1,1,-1
2015160D03521,1,9,0,18,0,0,0,7,0,0,1,1,6,2,92,11,1329,1,3,-1,1,-1
2015160D03531,1,9,0,10,0,8,0,0,0,0,1,1,6,3,-1,-1,-1,-1,-1,-1,-1,-1
2015160D03531,2,1,0,18,0,8,0,0,0,0,4,1,6,1,38,7,-1,-1,-1,-1,1,-1
2015160D03541,1,9,0,9,0,8,0,0,0,0,1,1,6,1,81,11,796,1,8,-1,1,-1
2015160D03541,2,1,0,18,0,8,0,0,0,0,4,1,6,1,21,5,-1,-1,-1,-1,1,-1
2015160D03551,1,9,0,9,0,6,0,10,3,11,2,1,6,1,54,8,1364,1,6,-1,1,-1
2015160D03561,1,9,0,18,0,2,0,0,0,0,1,1,6,1,27,6,1968,2,5,-1,1,-1
2015160D03571,1,9,0,1,0,1,0,10,1,10,2,1,6,1,75,10,1995,1,9,-1,1,-1
2015160D03571,2,9,0,2,0,2,0,0,0,0,1,1,6,3,-1,-1,1461,2,7,-1,-1,-1
2015160D03571,3,9,0,2,0,2,0,0,0,0,1,1,6,3,-1,-1,1999,1,1,-1,-1,-1
2015160D03581,1,90,0,1,0,0,1,0,0,0,2,1,6,1,23,5,-1,-1,-1,-1,1,-1
2015160D03591,1,21,1,9,0,8,5,10,0,0,4,1,1,1,37,7,10837,2,5,-1,2,-1
2015160D03601,1,9,0,17,0,0,0,0,0,0,1,1,6,2,24,5,1598,1,3,-1,1,-1
2015160D03611,1,8,0,4,0,0,0,0,0,0,0,1,1,3,-1,-1,1997,2,7,-1,-1,-1
2015160D03621,1,9,0,9,0,8,1,4,2,2,4,1,6,1,32,6,1796,1,15,-1,-1,-1
2015160D03621,2,9,0,2,0,2,0,0,0,0,2,1,6,1,41,7,1149,1,2,-1,1,-1
2015160D03621,3,9,0,2,0,2,0,0,0,0,2,1,6,1,-1,-1,1997,2,14,-1,-1,-1
2015160D03621,4,9,0,18,0,1,0,0,0,0,1,1,6,1,-1,-1,1386,1,9,-1,-1,-1
2015160D03631,1,9,0,4,0,5,5,0,1,0,4,1,6,1,34,6,1398,2,6,-1,1,-1
2015160D03641,1,9,0,18,0,8,0,0,7,0,3,1,2,1,36,7,1599,1,10,-1,1,-1
2015160D03651,1,3,0,18,0,0,1,0,0,0,3,1,6,1,21,5,125,1,3,-1,1,-1
2015160D03661,1,9,0,18,0,1,0,0,0,0,4,1,6,2,30,6,1686,2,1,-1,1,-1
2015160D03661,2,1,0,18,5,1,0,0,0,0,1,1,6,1,69,10,-1,-1,-1,-1,1,-1
2015160D03671,1,9,0,9,0,6,0,0,0,0,2,1,6,1,57,9,1398,2,5,-1,1,-1
2015160D03671,2,90,0,18,0,8,0,0,0,0,1,1,1,2,47,8,2987,2,4,-1,2,-1
2015160D03681,1,9,0,18,0,1,0,0,0,0,1,1,6,2,25,5,1598,1,13,-1,1,-1
2015160D03681,2,9,0,3,0,1,0,0,0,0,2,1,6,2,30,6,1248,2,-1,-1,1,-1
2015160D03691,1,9,0,7,0,6,1,10,1,11,1,1,6,2,78,11,1596,1,15,-1,1,-1
2015160D03701,1,9,0,18,0,8,0,0,0,0,1,1,6,2,29,6,1198,1,11,-1,1,-1
2015160D03701,2,9,0,9,0,6,0,0,0,0,1,1,6,2,50,8,1497,1,15,-1,1,-1
2015160D03711,1,9,0,3,0,0,0,0,0,0,2,1,6,1,29,6,1364,1,5,-1,1,-1
2015160D03711,2,9,0,18,0,0,0,0,0,0,1,1,6,3,37,7,1598,1,10,-1,1,-1
2015160D03721,1,9,0,8,0,1,0,0,0,0,2,1,6,1,24,5,1242,1,2,-1,2,-1
2015160D03721,2,9,0,5,0,1,0,0,0,0,1,1,6,2,44,7,1968,2,9,-1,3,-1
2015160D03731,1,9,0,9,0,8,0,0,0,0,1,1,2,1,53,8,2496,1,13,-1,1,-1
2015160D03731,2,9,0,18,0,3,0,0,0,0,4,1,6,2,40,7,1360,1,3,-1,2,-1
2015160D03741,1,11,0,2,7,0,0,0,0,0,0,1,1,2,33,6,4500,2,4,-1,1,-1
2015160D03751,1,1,0,18,0,0,0,0,0,0,0,1,6,1,12,3,-1,-1,-1,-1,1,-1
2015160D03751,2,9,0,18,0,0,0,0,0,0,0,1,6,1,23,5,1332,1,6,-1,1,-1
2015160D03771,1,9,0,18,0,1,1,0,0,0,1,1,2,2,50,8,1499,2,-1,-1,1,-1
2015160D03771,2,9,0,4,0,1,0,0,0,0,2,1,6,1,58,9,1364,1,1,-1,1,-1
2015160D03781,1,8,0,2,0,0,0,0,0,0,2,1,1,1,41,7,1560,2,7,-1,1,-1
2015160D03781,2,3,0,18,0,0,0,0,0,0,1,1,6,3,-1,-1,-1,-1,-1,-1,-1,-1
2015160D03791,1,2,0,18,0,8,1,0,0,0,4,1,2,1,20,4,124,1,6,-1,1,-1
2015160D03791,2,19,0,9,0,6,0,0,0,0,0,1,1,1,26,6,2198,2,5,-1,1,-1
2015160D03801,1,9,0,18,0,0,1,0,0,0,1,1,6,2,43,7,1896,2,12,-1,1,-1
2015160D03801,2,9,0,4,0,0,0,0,0,0,2,1,6,2,55,8,2987,2,4,-1,3,-1
2015160D03811,1,9,0,12,0,2,0,0,0,0,3,1,6,1,60,9,1364,1,8,-1,1,-1
2015160D03811,2,2,0,18,0,2,0,0,0,0,4,1,6,1,48,8,50,1,1,-1,1,-1
2015160D03821,1,9,0,9,0,8,0,0,0,0,1,1,6,1,19,4,1299,1,14,-1,2,-1
2015160D03821,2,9,0,18,0,8,0,0,0,0,3,1,6,1,43,7,1995,2,12,-1,1,-1
2015160D03831,1,1,0,18,9,0,0,0,0,0,1,1,6,3,-1,-1,-1,-1,-1,-1,-1,-1
2015160D03831,2,1,0,18,9,0,0,0,0,0,3,1,6,2,9,2,-1,-1,-1,-1,1,-1
2015160D03841,1,9,0,9,0,6,0,0,0,0,3,1,6,1,38,7,1753,2,9,-1,1,-1
2015160D03841,2,9,0,18,0,8,0,10,1,10,4,1,1,2,52,8,1997,2,5,-1,1,-1
2015160D03851,1,9,0,18,0,1,0,0,0,0,3,1,6,2,29,6,1598,1,7,-1,1,-1
2015160D03851,2,9,0,5,0,1,0,0,0,0,3,1,6,2,47,8,1997,2,15,-1,3,-1
2015160D03861,1,9,0,7,0,5,0,10,7,11,4,1,6,1,25,5,1870,2,11,-1,1,-1
2015160D03861,2,1,0,18,0,8,0,0,0,0,1,1,6,2,52,8,-1,-1,-1,-1,1,-1
2015160D03871,1,1,0,7,0,4,0,10,0,0,4,1,6,1,29,6,-1,-1,-1,-1,1,-1
2015160D03881,1,1,0,18,9,8,0,0,0,0,1,1,6,1,13,3,-1,-1,-1,-1,1,-1
2015160D03881,2,9,0,9,0,6,0,0,0,0,1,1,6,2,34,6,1498,1,4,-1,1,-1
2015160D03891,1,19,0,18,0,4,0,0,0,0,3,1,1,2,37,7,1997,2,9,-1,2,-1
2015160D03891,2,1,0,9,0,8,0,0,0,0,2,1,6,1,55,8,-1,-1,-1,-1,1,-1
2015160D03901,1,11,0,4,0,0,0,0,0,0,0,1,1,1,47,8,7300,2,9,-1,1,-1
2015160D03911,1,2,0,4,0,1,1,0,0,0,4,1,6,1,20,4,49,1,12,-1,1,-1
2015160D03921,1,11,0,13,0,1,0,0,0,0,4,1,1,1,48,8,6871,2,5,-1,1,-1
2015160D03921,2,1,0,14,0,1,0,0,0,0,3,1,2,2,18,4,-1,-1,-1,-1,1,-1
2015160D03931,1,21,1,4,0,0,1,0,0,0,1,1,1,1,62,9,12130,2,19,-1,1,-1
2015160D03931,2,21,0,4,0,0,0,0,0,0,2,1,1,1,51,8,6871,2,1,-1,1,-1
2015160D03941,1,21,1,11,0,0,0,0,0,0,1,1,1,1,39,7,10837,2,6,-1,1,-1
2015160D03941,2,9,0,18,0,0,1,0,0,0,3,1,3,1,35,6,1364,1,8,-1,1,-1
2015160D03951,1,9,0,7,0,6,0,0,0,0,1,1,6,3,-1,-1,-1,-1,-1,-1,-1,-1
2015160D03951,2,1,0,18,0,8,0,0,0,0,4,1,2,1,25,5,-1,-1,-1,-1,1,-1
2015160D03961,1,2,0,7,0,4,0,0,0,0,3,1,2,1,43,7,49,1,18,-1,1,-1
2015160D03961,2,19,0,7,0,4,0,0,0,0,4,1,6,3,-1,-1,-1,-1,-1,-1,-1,-1
2015160D03981,1,9,0,18,0,0,0,0,0,0,4,1,6,2,51,8,995,1,2,-1,1,-1
2015160D03981,2,8,0,5,0,0,0,0,0,0,1,1,6,1,55,8,1956,2,4,-1,1,-1
2015160D03991,1,1,0,18,0,8,0,0,0,0,1,1,6,1,11,3,-1,-1,-1,-1,1,-1
2015160D03991,2,9,0,18,0,8,0,0,0,0,3,1,6,1,57,9,1997,2,4,-1,1,-1
2015160D04001,1,19,0,1,0,1,0,0,0,0,2,1,1,1,37,7,1868,2,13,-1,1,-1
2015160D04011,1,9,0,18,0,8,0,0,0,0,3,1,6,1,78,11,2500,1,2,-1,3,-1
2015160D04011,2,9,0,9,0,5,0,0,0,0,1,1,1,1,19,4,1598,2,2,-1,1,-1
2015160D04021,1,9,0,18,0,6,0,0,0,0,2,1,2,1,45,7,2720,2,7,-1,1,-1
2015160D04021,2,21,1,18,0,8,0,0,0,0,1,1,1,1,50,8,12600,2,11,-1,1,-1
2015160D04031,1,9,0,3,0,1,0,0,0,0,2,1,6,1,78,11,1242,1,13,-1,1,-1
2015160D04031,2,9,0,4,0,1,1,0,0,0,1,1,6,2,80,11,1596,1,8,-1,1,-1