Accident_Index,Vehicle_Reference,Vehicle_Type,Towing_and_Articulation,Vehicle_Manoeuvre,Vehicle_Location-Restricted_Lane,Junction_Location,Skidding_and_Overturning,Hit_Object_in_Carriageway,Vehicle_Leaving_Carriageway,Hit_Object_off_Carriageway,1st_Point_of_Impact,Was_Vehicle_Left_Hand_Drive?,Journey_Purpose_of_Driver,Sex_of_Driver,Age_of_Driver,Age_Band_of_Driver,Engine_Capacity_(CC),Propulsion_Code,Age_of_Vehicle,Driver_IMD_Decile,Driver_Home_Area_Type,Vehicle_IMD_Decile
2015160D04041,1,1,0,18,0,8,0,0,0,0,3,1,2,1,23,5,-1,-1,-1,-1,1,-1
2015160D04041,2,19,0,9,0,5,0,0,0,0,1,1,1,1,43,7,1248,2,4,-1,1,-1
2015160D04051,1,9,0,3,0,8,0,0,0,0,2,1,6,1,76,11,1242,1,-1,-1,1,-1
2015160D04051,2,11,0,4,0,8,0,0,0,0,1,1,1,1,68,10,8268,2,9,-1,1,-1
2015160D04061,1,11,0,9,0,6,0,0,0,0,4,1,6,1,56,9,8268,2,13,-1,1,-1
2015160D04061,2,9,0,18,0,8,0,0,0,0,3,1,6,1,55,8,1995,2,13,-1,1,-1
2015160D04091,1,9,0,6,0,0,0,0,0,0,3,1,2,1,37,7,-1,-1,-1,-1,1,-1
2015160D04091,2,3,0,18,0,0,1,0,0,0,1,1,2,1,18,4,125,1,2,-1,1,-1
2015160D04101,1,9,0,3,0,1,0,0,0,0,2,1,6,1,69,10,1598,1,2,-1,1,-1
2015160D04101,2,9,0,18,0,1,0,0,0,0,1,1,6,1,18,4,1596,1,10,-1,2,-1
2015160D04111,1,9,0,18,0,0,0,4,0,0,1,1,2,1,38,7,1596,1,10,-1,1,-1
2015160D04111,2,21,1,2,0,0,0,0,0,0,2,1,1,1,32,6,12777,2,8,-1,1,-1
2015160D04121,1,1,0,18,0,1,0,0,0,0,1,1,6,1,35,6,-1,-1,-1,-1,1,-1
2015160D04121,2,1,0,7,0,6,0,0,0,0,1,1,6,3,-1,-1,-1,-1,-1,-1,-1,-1
2015160D04131,1,9,0,7,0,6,0,0,0,0,4,1,6,1,33,6,1298,1,14,-1,1,-1
2015160D04131,2,1,0,7,0,6,0,0,0,0,3,1,2,1,45,7,-1,-1,-1,-1,1,-1
2015160D04141,1,9,0,4,0,0,0,0,0,0,1,1,2,1,43,7,-1,-1,-1,-1,2,-1
2015160D04141,2,8,0,3,0,0,0,0,0,0,2,1,6,2,43,7,1956,2,5,-1,1,-1
2015160D04151,1,9,0,18,0,1,0,0,0,0,1,1,6,1,28,6,1870,2,13,-1,1,-1
2015160D04151,2,9,0,18,0,1,0,0,0,0,2,1,6,1,43,7,3436,1,-1,-1,2,-1
2015160D04161,1,9,0,18,0,0,0,0,0,0,4,1,6,1,35,6,1596,1,4,-1,1,-1
2015160D04161,2,1,0,18,0,0,0,0,0,0,1,1,6,1,66,10,-1,-1,-1,-1,1,-1
2015160D04171,1,9,0,18,0,0,0,0,0,0,4,1,6,2,45,7,1499,2,-1,-1,1,-1
2015160D04171,2,1,0,18,0,0,0,0,0,0,1,1,6,1,11,3,-1,-1,-1,-1,1,-1
2015160D04191,1,21,1,11,0,0,0,0,0,0,1,1,1,1,52,8,12777,2,5,-1,1,-1
2015160D04191,2,9,0,18,0,0,0,0,0,0,2,1,6,2,67,10,1248,1,4,-1,3,-1
2015160D04201,1,9,0,18,0,0,0,0,0,0,4,1,6,2,25,5,-1,-1,-1,-1,1,-1
2015160D04211,1,9,0,18,0,0,0,0,0,0,4,1,6,1,32,6,1043,1,22,-1,2,-1
2015160D04221,1,9,0,5,0,6,0,0,0,0,1,1,6,1,69,10,1997,2,12,-1,1,-1
2015160D04221,2,9,0,18,0,8,0,0,0,0,4,1,6,2,32,6,2401,2,13,-1,1,-1
2015160D04231,1,9,0,18,0,8,0,10,3,10,4,1,1,1,52,8,1968,2,2,-1,1,-1
2015160D04231,2,9,0,18,0,8,0,0,0,0,1,1,6,2,37,7,998,1,1,-1,1,-1
2015160D04251,1,1,0,18,0,8,0,0,0,0,4,1,6,1,20,4,-1,-1,-1,-1,1,-1
2015160D04251,2,19,0,18,0,4,0,0,0,0,3,1,6,1,50,8,2198,2,-1,-1,1,-1
2015160D04261,1,9,0,18,0,8,0,0,0,0,4,1,6,1,31,6,1995,2,11,-1,1,-1
2015160D04261,2,9,0,9,0,6,0,0,0,0,1,1,6,2,22,5,1397,1,8,-1,1,-1
2015160D04271,1,9,0,7,0,5,0,0,0,0,1,1,6,3,-1,-1,-1,-1,-1,-1,-1,-1
2015160D04281,1,1,0,18,0,8,0,0,0,0,1,1,6,1,14,3,-1,-1,-1,-1,1,-1
2015160D04281,2,9,0,18,0,6,0,0,0,0,1,1,6,3,-1,-1,-1,-1,-1,-1,-1,-1
2015160D04301,1,1,0,18,0,1,0,0,0,0,3,1,6,1,92,11,-1,-1,-1,-1,1,-1
2015160D04301,2,9,0,13,0,1,0,0,0,0,4,1,6,3,-1,-1,-1,-1,-1,-1,-1,-1
2015160D04311,1,9,0,9,0,8,0,0,0,0,4,1,6,1,22,5,1229,1,4,-1,3,-1
2015160D04311,2,1,0,18,0,8,0,0,0,0,1,1,6,1,36,7,-1,-1,-1,-1,1,-1
2015160D04321,1,1,0,18,0,1,0,0,0,0,0,1,6,2,44,7,-1,-1,-1,-1,1,-1
2015160D04321,2,9,0,7,0,1,0,0,0,0,0,1,6,1,-1,-1,1968,2,9,-1,1,-1
2015160D04331,1,9,0,18,0,1,0,0,0,0,1,1,6,1,56,9,1796,1,9,-1,1,-1
2015160D04341,1,19,0,12,0,0,0,0,0,0,1,1,6,1,32,6,2198,2,1,-1,1,-1
2015160D04341,2,1,0,13,0,0,0,0,0,0,1,1,6,1,46,8,-1,-1,-1,-1,1,-1
2015160D04351,1,9,0,4,0,2,0,0,0,0,2,1,2,2,25,5,1360,1,7,-1,1,-1
2015160D04351,2,3,0,4,0,2,0,0,0,0,2,1,6,1,38,7,113,1,-1,-1,1,-1
2015160D04351,3,9,0,18,0,2,0,0,0,0,1,1,6,2,25,5,999,1,2,-1,1,-1
2015160D04361,1,3,0,18,0,0,0,0,0,0,4,1,6,1,25,5,124,1,-1,-1,1,-1
2015160D04361,2,22,0,18,0,0,0,0,0,0,3,1,6,1,69,10,-1,-1,-1,-1,1,-1
2015160D04371,1,9,0,18,0,0,0,0,0,0,1,1,6,1,28,6,-1,-1,-1,-1,1,-1
2015160D04381,1,1,0,18,9,8,0,0,0,0,0,1,6,1,42,7,-1,-1,-1,-1,1,-1
2015160D04381,2,9,0,7,0,5,0,0,0,0,0,1,6,3,-1,-1,-1,-1,-1,-1,-1,-1
2015160D04391,1,9,0,18,0,0,0,0,0,0,1,1,6,1,41,7,1248,2,7,-1,1,-1
2015160D04391,2,9,0,4,0,0,0,0,0,0,2,1,6,1,41,7,1329,1,3,-1,1,-1
2015160D04401,1,9,0,18,0,0,0,0,0,0,1,1,6,1,75,10,1598,2,2,-1,2,-1
2015160D04401,2,1,0,18,0,0,0,0,0,0,1,1,6,1,23,5,-1,-1,-1,-1,1,-1
2015160D04421,1,9,0,7,0,4,0,0,0,0,2,1,6,1,33,6,1584,1,7,-1,1,-1
2015160D04421,2,21,0,7,0,1,0,0,0,0,1,1,6,1,61,9,12580,2,9,-1,2,-1
2015160D04431,1,9,0,12,0,2,0,7,0,0,1,1,1,2,26,6,1968,2,-1,-1,2,-1
2015160D04431,2,9,0,18,0,1,0,0,0,0,1,1,1,2,33,6,1956,2,1,-1,2,-1
2015160D04441,1,9,0,18,0,1,0,0,0,0,1,1,6,2,29,6,1388,1,4,-1,1,-1
2015160D04441,2,9,0,2,0,1,0,0,0,0,3,1,6,2,-1,-1,1149,1,5,-1,-1,-1
2015160D04441,3,9,0,2,0,1,0,0,0,0,3,1,6,2,-1,-1,1398,2,5,-1,-1,-1
2015160D04451,1,1,0,18,0,8,0,0,0,0,1,1,6,1,46,8,-1,-1,-1,-1,1,-1
2015160D04451,2,19,0,18,0,8,0,0,0,0,1,1,6,1,-1,-1,2148,2,8,-1,3,-1
2015160D04461,1,9,0,9,0,8,0,0,0,0,1,1,6,3,-1,-1,1781,1,14,-1,-1,-1
2015160D04461,2,9,0,18,0,8,0,0,0,0,1,1,6,1,41,7,1596,1,9,-1,1,-1
2015160D04471,1,9,0,4,0,8,0,0,0,0,0,1,6,2,43,7,1988,1,10,-1,1,-1
2015160D04471,2,8,0,2,0,1,0,0,0,0,0,1,6,1,35,6,-1,-1,-1,-1,1,-1
2015160D04471,3,1,0,18,0,8,0,0,0,0,0,1,6,1,14,3,-1,-1,-1,-1,1,-1
2015160D04481,1,9,0,7,0,3,0,0,0,0,1,1,6,1,31,6,1598,2,2,-1,1,-1
2015160D04481,2,1,0,18,0,8,0,0,0,0,3,1,6,2,39,7,-1,-1,-1,-1,1,-1
2015160D04491,1,9,0,9,0,8,0,0,0,0,1,1,2,2,46,8,1596,1,9,-1,1,-1
2015160D04491,2,9,0,18,0,8,0,0,0,0,1,1,2,1,49,8,1794,1,11,-1,1,-1
2015160D04501,1,9,0,18,0,1,0,0,0,0,1,1,6,1,-1,-1,1598,1,10,-1,-1,-1
2015160D04501,2,9,0,10,0,1,0,0,0,0,2,1,6,1,37,7,1596,1,13,-1,1,-1
2015160D04511,1,9,0,9,0,8,0,0,0,0,4,1,6,2,42,7,1390,1,13,-1,-1,-1
2015160D04511,2,4,0,18,2,8,0,0,0,0,1,1,6,1,20,4,-1,-1,-1,-1,3,-1
2015160D04521,1,9,0,18,0,0,0,0,0,0,1,1,6,1,28,6,1298,1,7,-1,2,-1
2015160D04521,2,9,0,4,0,0,0,0,0,0,2,1,6,1,46,8,1999,1,4,-1,2,-1
2015160D04531,1,11,0,18,2,0,0,0,0,0,3,1,2,1,46,8,7300,2,12,-1,1,-1
2015160D04531,2,9,0,11,0,0,0,0,0,0,4,1,6,1,-1,-1,1896,2,13,-1,2,-1
2015160D04541,1,9,0,18,0,1,0,0,0,0,1,1,6,2,27,6,1229,1,9,-1,1,-1
2015160D04551,1,9,0,18,0,8,0,0,0,0,1,1,6,1,69,10,1753,2,14,-1,1,-1
2015160D04551,2,9,0,18,0,8,0,0,0,0,1,1,6,1,59,9,2148,2,9,-1,-1,-1
2015160D04561,1,8,0,18,0,1,0,0,0,0,1,1,6,1,50,8,-1,-1,-1,-1,1,-1
2015160D04561,2,9,0,18,0,1,0,0,0,0,2,1,6,2,56,9,1398,1,5,-1,1,-1
2015160D04561,3,9,0,18,0,1,0,0,0,0,2,1,6,2,71,10,1598,2,1,-1,1,-1
2015160D04571,1,9,0,3,0,2,0,0,0,0,2,1,2,2,39,7,2401,2,7,-1,1,-1
2015160D04571,2,9,0,4,0,2,0,0,0,0,1,1,6,2,25,5,1997,2,6,-1,1,-1
2015160D04581,1,9,0,18,0,0,0,0,0,0,1,1,6,2,26,6,1328,1,9,-1,1,-1
2015160D04591,1,9,0,9,0,6,0,0,0,0,1,1,6,1,44,7,1595,1,15,-1,1,-1
2015160D04591,2,9,0,18,0,8,0,0,0,0,4,1,6,1,36,7,1596,1,9,-1,1,-1
2015160D04601,1,1,0,18,0,6,0,0,0,0,4,1,6,1,79,11,-1,-1,-1,-1,1,-1
2015160D04601,2,9,0,3,0,1,0,0,0,0,2,1,6,2,46,8,2148,2,10,-1,1,-1
2015160D04601,3,9,0,4,0,1,0,0,0,0,3,1,1,1,45,7,2231,2,9,-1,1,-1
2015160D04611,1,9,0,7,0,5,0,0,0,0,4,1,6,2,37,7,1248,2,1,-1,1,-1
2015160D04611,2,1,0,18,4,1,0,0,0,0,1,1,6,1,79,11,-1,-1,-1,-1,1,-1
2015160D04621,1,9,0,11,0,2,0,0,0,0,4,1,6,1,38,7,998,1,17,-1,1,-1
2015160D04621,2,9,0,18,0,2,0,10,1,1,3,1,6,2,20,4,1242,1,15,-1,1,-1
2015160D04631,1,5,0,18,0,3,0,0,0,0,4,1,6,1,38,7,600,1,2,-1,1,-1
2015160D04631,2,9,0,18,0,8,0,0,0,0,3,1,6,1,21,5,1995,1,4,-1,1,-1
2015160D04641,1,9,0,18,0,1,1,0,0,0,1,1,6,1,74,10,1149,1,14,-1,1,-1
2015160D04651,1,9,0,18,0,2,0,0,0,0,1,1,6,3,-1,-1,-1,-1,-1,-1,-1,-1
2015160D04671,1,1,0,15,0,8,0,0,0,0,1,1,6,1,58,9,-1,-1,-1,-1,1,-1
2015160D04671,2,9,0,7,0,5,0,0,0,0,2,1,6,1,44,7,1598,1,14,-1,1,-1
2015160D04681,1,9,0,18,0,4,0,0,0,0,1,1,6,1,73,10,1390,1,9,-1,1,-1
2015160D04681,2,1,0,18,0,8,0,0,0,0,4,1,6,1,53,8,-1,-1,-1,-1,1,-1
2015160D04691,1,11,0,18,0,1,0,0,0,0,0,1,6,1,40,7,-1,2,5,-1,1,-1
2015160D04701,1,2,0,18,0,6,0,0,0,0,1,1,6,1,20,4,49,1,5,-1,1,-1
2015160D04701,2,9,0,18,0,8,0,0,0,0,1,1,6,1,65,9,1389,1,11,-1,1,-1
2015160D04711,1,19,0,4,0,1,1,0,0,0,1,1,6,1,27,6,1248,2,2,-1,1,-1
2015160D04711,2,9,0,8,0,1,0,0,0,0,2,1,6,2,23,5,-1,-1,-1,-1,1,-1
2015160D04721,1,9,0,18,0,1,0,0,0,0,1,1,6,1,51,8,-1,-1,-1,-1,3,-1
2015160D04721,2,9,0,3,0,1,0,0,0,0,2,1,6,2,41,7,1299,1,11,-1,1,-1
2015160D04731,1,9,0,2,0,0,0,0,0,0,3,1,6,1,66,10,1598,2,-1,-1,2,-1
2015160D04731,2,1,0,18,0,0,0,0,0,0,4,1,6,1,18,4,-1,-1,-1,-1,1,-1
2015160D04741,1,9,0,9,0,8,0,0,0,0,1,1,6,3,-1,-1,-1,-1,-1,-1,-1,-1
2015160D04741,2,9,0,18,0,8,0,0,7,2,4,1,6,2,79,11,1596,1,9,-1,1,-1
2015160D04751,1,9,0,18,0,1,0,0,0,0,1,1,6,1,27,6,1396,1,16,-1,1,-1
2015160D04751,2,9,0,10,0,1,0,0,0,0,2,1,6,1,41,7,1679,1,15,-1,2,-1
2015160D04761,1,1,0,18,0,8,0,0,0,0,4,1,1,1,50,8,-1,-1,-1,-1,1,-1
2015160D04761,2,9,0,7,0,5,0,0,0,0,1,1,6,1,51,8,1398,2,1,-1,1,-1
2015160D04771,1,8,0,1,0,1,0,0,0,0,2,1,6,1,25,5,1248,2,7,-1,1,-1
2015160D04771,2,9,0,18,0,1,0,0,0,0,1,1,6,1,22,5,1956,2,5,-1,1,-1
2015160D04781,1,9,0,9,0,6,0,0,0,0,1,1,6,1,61,9,996,1,4,-1,1,-1
2015160D04781,2,3,0,18,0,8,0,0,0,0,1,1,6,1,22,5,125,1,2,-1,1,-1
2015160D04791,1,9,0,10,0,8,0,0,0,0,2,1,6,1,22,5,1596,1,7,-1,1,-1
2015160D04791,2,9,0,18,0,1,0,0,0,0,1,1,6,1,50,8,1598,1,15,-1,1,-1
2015160D04801,1,9,0,18,0,0,0,0,0,0,3,1,6,1,53,8,1398,1,2,-1,1,-1
2015160D04801,2,21,0,11,0,0,0,0,0,0,4,1,1,1,34,6,10837,2,2,-1,1,-1
2015160D04811,1,1,0,5,0,8,0,0,0,0,1,1,6,1,22,5,-1,-1,-1,-1,1,-1
2015160D04811,2,9,0,4,0,1,0,0,0,0,4,1,6,3,-1,-1,-1,-1,-1,-1,-1,-1
2015160D04821,1,1,0,18,4,8,0,0,0,0,1,1,6,1,31,6,-1,-1,-1,-1,1,-1
2015160D04821,2,9,0,7,0,5,0,0,0,0,4,1,6,2,29,6,1229,1,10,-1,1,-1
2015160D04831,1,9,0,18,0,0,0,0,0,0,1,1,6,2,24,5,1229,1,8,-1,1,-1
2015160D04831,2,19,0,2,0,0,0,0,0,0,3,1,6,3,-1,-1,2198,2,1,-1,-1,-1
2015160D04841,1,19,0,6,0,6,0,0,0,0,3,1,1,1,25,5,2198,2,-1,-1,1,-1
2015160D04841,2,9,0,18,0,8,0,0,0,0,1,1,6,2,29,6,1390,1,12,-1,1,-1
2015160D04851,1,9,0,18,0,8,0,0,0,0,1,1,2,2,25,5,1896,2,19,-1,1,-1
2015160D04851,2,9,0,9,0,8,0,0,0,0,4,1,6,2,29,6,1998,2,7,-1,1,-1
2015160D04861,1,1,0,18,0,6,0,0,0,0,1,1,6,1,41,7,-1,-1,-1,-1,1,-1
2015160D04861,2,9,0,4,0,1,0,0,0,0,1,1,6,3,46,8,1798,1,11,-1,1,-1
2015160D04871,1,19,0,14,0,0,0,0,0,0,1,1,6,1,25,5,1753,2,9,-1,1,-1
2015160D04871,2,3,0,18,0,0,0,0,0,0,1,1,6,1,47,8,125,1,7,-1,1,-1
2015160D04891,1,11,0,18,0,0,0,0,0,0,1,1,1,3,-1,-1,-1,-1,-1,-1,-1,-1
2015160D04901,1,9,0,9,0,6,0,0,0,0,2,1,6,2,45,7,1598,1,5,-1,2,-1
2015160D04901,2,9,0,9,0,6,0,0,0,0,1,1,6,1,81,11,1364,1,1,-1,1,-1
2015160D04911,1,9,0,9,0,5,0,0,0,0,1,1,6,1,50,8,1229,1,3,-1,1,-1
2015160D04911,2,1,0,18,0,6,0,0,0,0,4,1,6,1,42,7,-1,-1,-1,-1,1,-1
2015160D04921,1,1,0,18,0,8,0,0,0,0,2,1,6,1,48,8,-1,-1,-1,-1,1,-1
2015160D04921,2,8,0,5,0,4,0,0,0,0,1,1,1,1,45,7,1968,2,5,-1,1,-1
2015160D04931,1,9,0,4,0,1,0,0,0,0,2,1,6,2,45,7,1587,1,9,-1,1,-1
2015160D04931,2,9,0,18,0,1,0,0,0,0,1,1,6,1,41,7,-1,-1,-1,-1,1,-1
2015160D04941,1,9,0,1,0,2,0,0,0,0,2,1,6,3,-1,-1,-1,-1,-1,-1,-1,-1
2015160D04951,1,9,0,9,0,6,0,0,0,0,1,1,6,1,19,4,2401,2,6,-1,1,-1
2015160D04951,2,4,0,14,0,1,0,0,0,0,1,1,6,1,19,4,124,1,1,-1,1,-1
2015160D04961,1,2,0,18,0,8,0,0,0,0,1,1,6,1,27,6,125,1,-1,-1,1,-1
2015160D04961,2,9,0,7,0,6,0,0,0,0,1,1,6,2,30,6,1598,1,8,-1,1,-1
2015160D04981,1,8,0,3,0,2,0,0,0,0,2,1,1,2,50,8,1686,2,7,-1,1,-1
2015160D04981,2,9,0,18,0,2,0,0,0,0,1,1,6,1,49,8,1587,1,12,-1,1,-1
2015160D04991,1,9,0,3,0,2,0,0,0,0,2,1,6,2,30,6,1781,1,14,-1,1,-1
2015160D04991,2,19,0,3,0,2,0,0,0,0,2,1,1,1,33,6,1248,2,3,-1,1,-1
2015160D04991,3,9,0,18,0,2,0,0,0,0,1,1,6,2,38,7,1461,2,11,-1,1,-1
2015160D05001,1,9,0,5,0,4,0,0,0,0,1,1,6,1,49,8,1560,2,8,-1,1,-1
2015160D05001,2,1,0,9,0,8,0,0,0,0,4,1,6,2,32,6,-1,-1,-1,-1,1,-1
2015160D05011,1,9,0,18,0,8,0,0,0,0,1,1,6,1,37,7,1762,1,19,-1,1,-1
2015160D05011,2,9,0,9,0,5,0,0,0,0,1,1,6,1,17,4,1242,1,9,-1,1,-1
2015160D05021,1,9,0,9,0,8,0,0,0,0,1,1,6,2,29,6,1596,1,9,-1,1,-1
2015160D05021,2,8,0,8,0,5,0,0,0,0,2,1,1,1,61,9,1560,2,4,-1,2,-1
2015160D05021,3,9,0,8,0,1,0,0,0,0,3,1,6,2,34,6,1587,1,8,-1,1,-1
2015160D05021,4,9,0,2,0,1,0,0,0,0,0,1,6,1,25,5,1598,1,15,-1,1,-1
2015160D05031,1,9,0,3,0,8,0,0,0,0,2,1,6,1,49,8,1560,2,2,-1,1,-1
2015160D05031,2,2,0,4,0,8,1,0,0,0,3,1,6,1,16,4,49,1,-1,-1,3,-1
2015160D05041,1,9,0,18,0,8,0,0,0,0,3,1,6,2,27,6,1560,2,1,-1,1,-1
2015160D05041,2,19,0,9,0,6,0,0,0,0,1,1,1,1,41,7,2198,2,8,-1,2,-1
2015160D05051,1,9,0,17,0,8,0,0,7,1,1,1,3,1,18,4,1598,7,12,-1,1,-1
2015160D05051,2,9,0,12,0,8,0,0,0,0,3,1,1,1,36,7,2191,2,1,-1,1,-1
2015160D05061,1,3,0,9,0,5,0,0,0,0,1,1,6,1,17,4,124,1,1,-1,1,-1
2015160D05061,2,9,0,9,0,6,0,0,0,0,1,1,6,3,-1,-1,-1,-1,-1,-1,-1,-1
2015160D05071,1,4,0,17,0,0,0,10,0,0,1,1,6,1,17,4,-1,-1,-1,-1,1,-1
2015160D05081,1,1,0,18,0,0,0,0,0,0,4,1,6,1,42,7,-1,-1,-1,-1,1,-1
2015160D05101,1,9,0,12,0,8,0,0,0,0,3,1,6,1,63,9,1598,2,3,-1,1,-1
2015160D05101,2,9,0,18,0,8,0,0,0,0,4,1,6,1,34,6,1995,2,5,-1,1,-1
2015160D05111,1,1,0,18,0,6,0,0,0,0,1,1,6,2,27,6,-1,-1,-1,-1,1,-1
2015160D05111,2,9,0,18,0,2,0,0,0,0,1,1,6,1,61,9,2179,2,1,-1,1,-1
2015160D05121,1,9,0,13,0,0,0,0,0,0,4,1,6,3,-1,-1,-1,-1,-1,-1,-1,-1
2015160D05121,2,1,0,18,0,0,0,0,0,0,3,1,6,1,48,8,-1,-1,-1,-1,1,-1
2015160D05131,1,9,0,3,0,0,0,0,0,0,2,1,6,1,28,6,1499,2,-1,-1,1,-1
2015160D05131,2,9,0,4,0,0,0,0,0,0,1,1,6,1,23,5,1686,2,1,-1,1,-1
2015160D05141,1,9,0,18,0,0,2,0,1,2,1,1,6,1,21,5,1364,1,9,-1,1,-1
2015160D05151,1,9,0,9,0,5,0,0,0,0,4,1,6,1,40,7,-1,-1,-1,-1,1,-1
2015160D05151,2,1,0,18,4,8,0,0,0,0,1,1,6,1,40,7,-1,-1,-1,-1,1,-1
2015160D05161,1,3,0,18,4,1,0,0,0,0,1,1,6,1,24,5,124,1,1,-1,1,-1
2015160D05161,2,1,0,18,0,1,0,0,0,0,2,1,2,1,30,6,-1,-1,-1,-1,1,-1
2015160D05171,1,3,0,18,0,1,0,0,0,0,1,1,2,1,31,6,124,1,2,-1,1,-1
2015160D05171,2,9,0,7,0,8,0,0,0,0,4,1,1,1,23,5,1560,2,1,-1,2,-1
2015160D05181,1,9,0,7,0,5,0,0,0,0,4,1,6,2,65,9,1598,1,9,-1,1,-1
2015160D05191,1,9,0,9,0,5,0,0,0,0,1,1,6,1,27,6,998,1,11,-1,2,-1
2015160D05191,2,9,0,18,0,8,0,0,0,0,1,1,2,2,57,9,1596,1,9,-1,1,-1
2015160D05201,1,9,0,9,0,8,0,0,0,0,1,1,6,1,30,6,1596,1,13,-1,1,-1
2015160D05201,2,5,0,15,0,8,0,0,1,0,1,1,6,1,19,4,645,1,11,-1,1,-1
2015160D05211,1,5,0,4,0,1,0,0,0,0,4,1,6,1,42,7,805,1,11,-1,1,-1
2015160D05211,2,9,0,9,0,5,0,0,0,0,0,1,6,3,-1,-1,-1,-1,-1,-1,-1,-1
2015160D05221,1,9,0,18,0,0,0,0,0,0,2,1,2,1,20,4,1896,2,19,-1,1,-1
2015160D05221,2,9,0,18,0,0,0,0,0,0,2,1,2,2,47,8,899,1,18,-1,1,-1
2015160D05221,3,9,0,18,0,0,0,0,0,0,1,1,6,1,19,4,1199,1,12,-1,3,-1
2015160D05231,1,9,0,17,0,3,0,0,0,0,3,1,6,2,18,4,1248,2,1,-1,1,-1
2015160D05231,2,9,0,7,0,8,5,0,0,0,4,1,6,1,71,10,-1,-1,-1,-1,-1,-1
2015160D05241,1,9,0,9,0,8,0,0,0,0,3,1,2,2,60,9,1591,1,3,-1,1,-1
2015160D05241,2,5,0,18,0,6,0,0,0,0,1,1,2,1,48,8,998,1,7,-1,1,-1
2015160D05251,1,9,0,3,0,1,0,0,0,0,2,1,6,1,66,10,-1,-1,-1,-1,1,-1
2015160D05251,2,9,0,18,0,1,0,0,0,0,1,1,6,1,38,7,1984,1,14,-1,1,-1
2015160D05261,1,9,0,7,0,8,0,0,0,0,2,1,2,2,38,7,1364,2,8,-1,1,-1
2015160D05261,2,9,0,7,0,6,0,0,0,0,1,1,2,2,25,5,1242,1,11,-1,1,-1
2015160D05281,1,9,0,18,0,0,0,0,0,0,3,1,6,2,36,7,1997,2,4,-1,1,-1
2015160D05291,1,9,0,4,0,8,0,0,0,0,4,1,6,1,39,7,-1,-1,-1,-1,1,-1
2015160D05291,2,1,0,12,0,8,0,0,0,0,3,1,6,3,-1,-1,-1,-1,-1,-1,-1,-1
2015160D05301,1,8,0,12,0,0,0,0,0,0,3,1,6,1,57,9,-1,-1,-1,-1,1,-1
2015160D05301,2,5,0,18,0,0,0,0,0,0,4,1,6,1,58,9,108,1,3,-1,-1,-1
2015160D05311,1,9,0,9,0,8,0,0,0,0,1,1,2,2,19,4,1299,1,12,-1,1,-1
2015160D05311,2,1,0,18,0,8,0,0,0,0,2,1,2,1,46,8,-1,-1,-1,-1,1,-1
2015160D05321,1,9,0,3,0,1,0,0,0,0,2,1,2,2,40,7,1796,1,11,-1,1,-1
2015160D05321,2,9,0,18,0,1,0,0,0,0,1,1,6,3,-1,-1,-1,-1,-1,-1,-1,-1
2015160D05331,1,9,0,9,0,6,0,0,0,0,1,1,6,1,45,7,1997,2,2,-1,1,-1
2015160D05331,2,3,0,18,0,8,0,0,0,0,3,1,6,1,20,4,124,1,13,-1,1,-1
2015160D05341,1,1,0,18,0,0,0,0,1,0,4,1,2,2,48,8,-1,-1,-1,-1,1,-1
2015160D05341,2,9,0,2,0,0,0,0,0,0,3,1,6,3,-1,-1,-1,-1,-1,-1,-1,-1
2015160D05351,1,1,0,18,0,8,0,0,0,0,1,1,2,1,28,6,-1,-1,-1,-1,1,-1
2015160D05351,2,9,0,9,0,6,0,0,0,0,3,1,6,2,29,6,-1,-1,-1,-1,1,-1
2015160D05361,1,11,0,5,0,2,0,0,0,0,4,1,6,1,38,7,9600,2,19,-1,1,-1
2015160D05361,2,1,0,5,0,2,0,0,0,0,3,1,6,1,38,7,-1,-1,-1,-1,1,-1
2015160D05371,1,9,0,10,0,5,0,0,0,0,1,1,1,1,23,5,998,1,4,-1,1,-1
2015160D05371,2,9,0,18,0,1,0,0,0,0,2,1,1,2,49,8,3498,1,9,-1,1,-1
2015160D05381,1,1,0,18,9,6,0,0,0,0,3,1,6,1,27,6,-1,-1,-1,-1,1,-1
2015160D05381,2,9,0,1,9,8,0,0,0,0,2,1,6,1,56,9,1910,2,8,-1,1,-1
2015160D05391,1,1,0,7,0,4,0,0,0,0,3,1,6,1,19,4,-1,-1,-1,-1,1,-1
2015160D05391,2,19,0,7,0,4,0,0,0,0,4,1,1,1,55,8,2298,2,4,-1,1,-1
2015160D05401,1,9,0,18,0,0,0,0,0,0,2,1,6,2,18,4,-1,-1,-1,-1,2,-1
2015160D05401,2,9,0,18,0,0,0,0,0,0,1,1,6,2,46,8,1242,1,13,-1,1,-1
2015160D05411,1,9,0,18,0,1,0,0,0,0,1,1,6,1,24,5,1598,1,2,-1,1,-1
2015160D05411,2,9,0,18,0,1,0,0,0,0,2,1,6,1,23,5,1229,1,5,-1,1,-1
2015160D05421,1,9,0,12,0,1,0,0,0,0,3,1,6,1,26,6,1390,1,15,-1,1,-1
2015160D05421,2,3,0,10,0,1,0,0,0,0,1,1,1,1,45,7,125,1,-1,-1,1,-1
2015160D05431,1,9,0,14,0,2,0,0,0,0,1,1,6,1,63,9,-1,-1,-1,-1,1,-1
2015160D05431,2,1,0,18,0,8,0,0,0,0,1,1,2,1,21,5,-1,-1,-1,-1,1,-1
2015160D05431,3,11,0,3,0,2,0,0,0,0,0,1,1,3,-1,-1,-1,-1,-1,-1,-1,-1
2015160D05441,1,98,0,13,0,0,0,0,0,0,4,1,6,3,-1,-1,-1,-1,-1,-1,-1,-1
2015160D05441,2,1,0,18,0,0,0,0,0,0,2,1,6,1,28,6,-1,-1,-1,-1,-1,-1