Accident_Index,Vehicle_Reference,Vehicle_Type,Towing_and_Articulation,Vehicle_Manoeuvre,Vehicle_Location-Restricted_Lane,Junction_Location,Skidding_and_Overturning,Hit_Object_in_Carriageway,Vehicle_Leaving_Carriageway,Hit_Object_off_Carriageway,1st_Point_of_Impact,Was_Vehicle_Left_Hand_Drive?,Journey_Purpose_of_Driver,Sex_of_Driver,Age_of_Driver,Age_Band_of_Driver,Engine_Capacity_(CC),Propulsion_Code,Age_of_Vehicle,Driver_IMD_Decile,Driver_Home_Area_Type,Vehicle_IMD_Decile
2015160D06861,1,9,0,2,0,8,0,0,0,0,3,1,2,2,27,6,1598,1,7,-1,1,-1
2015160D06861,2,1,0,18,0,8,0,0,0,0,4,1,2,2,54,8,-1,-1,-1,-1,1,-1
2015160D06871,1,8,0,4,0,0,0,0,0,0,2,1,1,1,44,7,1560,2,6,-1,1,-1
2015160D06871,2,2,0,4,0,0,1,0,0,0,1,1,6,1,33,6,49,1,2,-1,1,-1
2015160D06881,1,9,0,7,0,6,0,0,0,0,3,1,6,1,23,5,1399,2,4,-1,1,-1
2015160D06881,2,1,0,18,0,8,0,0,0,0,1,1,6,1,49,8,-1,-1,-1,-1,1,-1
2015160D06891,1,9,0,10,0,1,0,0,0,0,2,1,1,2,48,8,1560,2,2,-1,-1,-1
2015160D06891,2,19,0,18,0,1,0,0,0,0,1,1,1,1,42,7,1686,2,14,-1,1,-1
2015160D06901,1,9,0,9,0,1,0,0,0,0,1,1,6,2,54,8,1598,1,8,-1,1,-1
2015160D06901,2,9,0,18,0,1,0,0,0,0,1,1,6,1,62,9,998,1,7,-1,1,-1
2015160D06911,1,1,0,18,0,1,0,0,0,0,3,1,1,1,53,8,-1,-1,-1,-1,1,-1
2015160D06911,2,9,0,8,0,1,0,0,0,0,1,1,6,2,40,7,1199,1,13,-1,1,-1
2015160D06921,1,9,0,2,0,1,0,0,0,0,3,1,6,1,41,7,2497,2,10,-1,1,-1
2015160D06921,2,1,0,18,0,1,0,0,0,0,1,1,6,2,38,7,-1,-1,-1,-1,1,-1
2015160D06931,1,11,0,4,0,8,0,0,0,0,0,1,6,2,55,8,3900,2,11,-1,1,-1
2015160D06941,1,9,0,7,0,2,0,0,0,0,1,1,6,1,26,6,1997,2,13,-1,1,-1
2015160D06951,1,21,1,9,0,1,0,0,0,0,1,1,1,1,39,7,12900,2,3,-1,1,-1
2015160D06951,2,9,0,9,0,1,0,0,0,0,2,1,3,1,29,6,1598,1,11,-1,1,-1
2015160D06961,1,19,0,18,0,1,0,0,0,0,1,1,1,1,30,6,1248,2,4,-1,1,-1
2015160D06961,2,9,0,18,0,1,0,0,0,0,2,1,6,2,61,9,973,1,15,-1,1,-1
2015160D06971,1,9,0,18,0,0,0,0,0,0,1,1,6,2,21,5,1229,1,-1,-1,1,-1
2015160D06971,2,9,0,3,0,0,0,0,0,0,2,1,6,1,21,5,1595,1,5,-1,1,-1
2015160D06971,3,9,0,3,0,0,0,0,0,0,2,1,6,2,18,4,1242,1,-1,-1,1,-1
2015160D06991,1,3,0,18,0,0,0,0,0,0,1,1,2,1,19,4,125,1,1,-1,2,-1
2015160D06991,2,9,0,4,0,0,0,0,0,0,2,1,2,2,28,6,1798,2,1,-1,1,-1
2015160D07001,1,9,0,17,0,0,0,0,1,10,1,1,6,1,42,7,1995,2,-1,-1,1,-1
2015160D07001,2,9,0,16,0,0,0,0,0,0,1,1,6,2,48,8,1298,1,14,-1,1,-1
2015160D07011,1,9,0,5,0,1,0,0,0,0,1,1,6,3,-1,-1,-1,-1,-1,-1,-1,-1
2015160D07011,2,1,0,18,0,6,0,0,0,0,3,1,6,1,22,5,-1,-1,-1,-1,1,-1
2015160D07021,1,3,0,3,0,2,0,0,0,0,1,1,6,2,34,6,101,1,5,-1,1,-1
2015160D07021,2,9,0,18,0,1,0,0,0,0,2,1,6,3,-1,-1,-1,-1,-1,-1,-1,-1
2015160D07041,1,9,0,9,0,6,0,0,0,0,1,1,6,1,18,4,1149,1,11,-1,1,-1
2015160D07041,2,9,0,18,0,8,0,0,0,0,3,1,6,1,78,11,1598,1,7,-1,1,-1
2015160D07041,3,9,0,18,0,8,0,0,0,0,3,1,6,1,35,6,1560,2,2,-1,1,-1
2015160D07051,1,9,0,5,0,2,0,0,0,0,1,1,6,1,87,11,1229,1,9,-1,1,-1
2015160D07051,2,9,0,4,0,2,0,0,0,0,2,1,6,2,58,9,1388,1,6,-1,1,-1
2015160D07051,3,9,0,4,0,2,0,0,0,0,2,1,6,2,19,4,973,1,13,-1,1,-1
2015160D07051,4,9,0,4,0,2,0,0,0,0,2,1,6,2,57,9,1997,2,10,-1,-1,-1
2015160D07081,1,3,0,12,0,0,1,0,0,0,1,1,6,1,17,4,125,1,15,-1,1,-1
2015160D07081,2,9,0,5,0,0,0,0,0,0,2,1,6,1,23,5,1796,1,9,-1,2,-1
2015160D07091,1,1,0,18,0,0,0,0,0,0,3,1,6,1,34,6,-1,-1,-1,-1,1,-1
2015160D07091,2,9,0,14,0,0,0,0,0,0,1,1,6,2,55,8,1587,1,14,-1,1,-1
2015160D07091,3,9,0,3,0,0,0,0,0,0,2,1,6,2,34,6,1995,2,4,-1,1,-1
2015160D07091,4,19,0,3,0,0,0,0,0,0,1,1,1,1,32,6,1560,2,-1,-1,1,-1
2015160D07101,1,9,0,18,0,8,0,0,0,0,1,1,6,1,35,6,1398,2,9,-1,1,-1
2015160D07101,2,9,0,18,0,6,0,0,0,0,3,1,6,1,30,6,1896,2,15,-1,1,-1
2015160D07111,1,9,0,18,0,0,0,0,0,0,3,1,6,2,73,10,1149,1,13,-1,1,-1
2015160D07121,1,9,0,18,0,0,0,0,0,0,1,1,6,1,43,7,1560,2,8,-1,1,-1
2015160D07121,2,9,0,18,0,0,0,0,0,0,1,1,6,1,20,4,1368,1,5,-1,1,-1
2015160D07131,1,9,0,4,0,0,0,0,0,0,1,1,2,1,29,6,1198,1,10,-1,1,-1
2015160D07131,2,9,0,4,0,0,0,0,0,0,1,1,2,2,23,5,998,1,2,-1,3,-1
2015160D07141,1,9,0,15,0,1,0,0,0,0,3,1,2,1,45,7,998,1,-1,-1,1,-1
2015160D07151,1,1,0,10,0,8,0,0,0,0,2,1,2,1,30,6,-1,-1,-1,-1,1,-1
2015160D07151,2,9,0,13,0,8,0,0,0,0,1,1,6,3,-1,-1,-1,-1,-1,-1,-1,-1
2015160D07161,1,1,0,18,0,3,0,0,0,0,4,1,6,1,29,6,-1,-1,-1,-1,1,-1
2015160D07161,2,9,0,7,0,4,0,0,0,0,3,1,6,1,59,9,1685,2,1,-1,1,-1
2015160D07171,1,1,0,18,0,1,0,0,0,0,1,1,6,2,40,7,-1,-1,-1,-1,1,-1
2015160D07171,2,9,0,18,0,1,0,0,0,0,2,1,6,1,44,7,2967,1,13,-1,1,-1
2015160D07201,1,9,0,18,0,5,0,0,3,7,1,1,6,1,39,7,2926,2,14,-1,1,-1
2015160D07211,1,9,0,18,0,1,0,0,0,0,3,1,6,1,48,8,1988,1,12,-1,1,-1
2015160D07211,2,1,0,18,0,8,0,0,0,0,1,1,6,2,48,8,-1,-1,-1,-1,1,-1
2015160D07221,1,97,0,18,9,0,0,0,0,0,1,1,6,3,-1,-1,-1,-1,-1,-1,-1,-1
2015160D07231,1,9,0,9,0,5,0,0,0,0,4,1,6,1,43,7,1597,7,9,-1,-1,-1
2015160D07231,2,9,0,10,0,1,0,0,0,0,3,1,6,2,55,8,1591,1,3,-1,1,-1
2015160D07231,3,9,0,18,0,1,0,0,0,0,1,1,6,1,42,7,1597,1,12,-1,1,-1
2015160D07241,1,19,0,18,0,1,0,0,0,0,1,1,6,1,46,8,-1,-1,-1,-1,1,-1
2015160D07251,1,9,0,6,0,0,0,0,0,0,3,1,6,1,36,7,1149,1,12,-1,1,-1
2015160D07251,2,9,0,18,0,0,0,0,0,0,1,1,6,1,47,8,2521,1,6,-1,1,-1
2015160D07261,1,9,0,18,0,0,0,10,2,2,1,1,6,1,30,6,1956,2,4,-1,1,-1
2015160D07271,1,19,0,18,0,6,0,0,0,0,1,1,6,1,42,7,2300,2,11,-1,1,-1
2015160D07271,2,1,0,18,0,8,0,0,0,0,4,1,2,2,33,6,-1,-1,-1,-1,1,-1
2015160D07281,1,9,0,9,0,6,0,0,0,0,1,1,6,2,28,6,1248,2,6,-1,1,-1
2015160D07281,2,9,0,18,0,8,0,0,0,0,1,1,6,2,51,8,1242,1,4,-1,1,-1
2015160D07291,1,9,0,18,0,8,0,0,0,0,1,1,6,2,22,5,1360,1,13,-1,1,-1
2015160D07291,2,9,0,18,0,8,0,0,0,0,1,1,6,1,33,6,1796,1,10,-1,1,-1
2015160D07301,1,9,0,18,0,1,0,0,0,0,4,1,6,2,54,8,1997,2,12,-1,1,-1
2015160D07311,1,19,0,18,0,0,5,4,0,0,1,1,1,1,35,6,2402,2,4,-1,2,-1
2015160D07311,2,21,1,2,0,0,0,0,0,0,2,1,1,3,-1,-1,4116,2,11,-1,-1,-1
2015160D07311,3,9,0,2,0,0,0,0,0,0,0,1,6,3,-1,-1,1390,1,14,-1,-1,-1
2015160D07321,1,9,0,18,0,0,0,4,0,0,1,1,6,1,88,11,1587,1,10,-1,1,-1
2015160D07321,2,9,0,2,0,0,0,0,0,0,3,1,6,3,-1,-1,1560,2,2,-1,-1,-1
2015160D07331,1,9,0,4,0,0,0,0,0,0,1,1,2,1,58,9,1360,1,11,-1,1,-1
2015160D07331,2,9,0,3,0,0,0,0,0,0,2,1,2,2,23,5,1560,2,6,-1,1,-1
2015160D07331,3,9,0,3,0,0,0,0,0,0,2,1,2,1,58,9,1998,1,-1,-1,1,-1
2015160D07341,1,21,1,18,0,0,1,0,0,0,1,1,1,1,49,8,12809,2,-1,-1,1,-1
2015160D07341,2,9,0,4,0,0,1,0,0,0,3,1,6,2,67,10,1299,1,13,-1,1,-1
2015160D07341,3,9,0,18,0,0,1,0,0,0,4,1,6,2,61,9,1242,1,1,-1,2,-1
2015160D07351,1,9,0,18,0,1,0,0,0,0,2,1,6,1,27,6,1796,1,13,-1,1,-1
2015160D07351,2,19,0,18,0,1,0,0,0,0,1,1,1,1,34,6,1896,2,9,-1,1,-1
2015160D07361,1,1,0,18,0,0,0,0,0,0,3,1,2,1,44,7,-1,-1,-1,-1,1,-1
2015160D07361,2,9,0,2,0,0,0,0,0,0,4,1,6,1,52,8,1679,1,14,-1,1,-1
2015160D07371,1,9,0,3,0,0,0,0,0,0,2,1,6,2,40,7,1360,1,11,-1,1,-1
2015160D07371,2,8,0,18,0,0,0,0,0,0,1,1,1,1,36,7,-1,-1,-1,-1,1,-1
2015160D07381,1,9,0,8,0,1,0,0,0,0,2,1,1,1,19,4,998,1,3,-1,1,-1
2015160D07381,2,9,0,18,0,1,0,0,0,0,1,1,6,1,55,8,1596,1,7,-1,1,-1
2015160D07391,1,8,0,12,0,2,0,0,0,0,3,1,1,1,66,10,1997,2,4,-1,1,-1
2015160D07391,2,9,0,18,0,2,0,0,0,0,4,1,6,2,27,6,899,1,-1,-1,1,-1
2015160D07401,1,8,0,18,0,0,0,0,0,0,1,1,1,1,62,9,1560,2,9,-1,1,-1
2015160D07421,1,9,0,18,0,0,0,0,0,0,4,1,6,1,65,9,1398,1,-1,-1,1,-1
2015160D07431,1,9,0,11,0,1,0,0,0,0,4,1,6,2,26,6,1360,1,9,-1,2,-1
2015160D07431,2,1,0,18,0,1,0,0,0,0,3,1,6,1,57,9,-1,-1,-1,-1,1,-1
2015160D07441,1,9,0,10,0,5,0,0,0,0,2,1,6,2,44,7,-1,-1,-1,-1,1,-1
2015160D07441,2,5,0,4,0,1,1,0,0,0,1,1,6,1,30,6,-1,-1,-1,-1,1,-1
2015160D07451,1,2,0,18,0,8,1,0,0,0,4,1,6,1,21,5,50,1,10,-1,1,-1
2015160D07451,2,9,0,9,0,5,0,0,0,0,0,1,6,3,-1,-1,-1,-1,-1,-1,-1,-1
2015160D07461,1,9,0,4,0,0,0,0,0,0,2,1,6,1,75,10,1596,1,12,-1,3,-1
2015160D07461,2,1,0,18,0,0,0,0,0,0,1,1,6,1,64,9,-1,-1,-1,-1,1,-1
2015160D07471,1,9,0,9,0,6,0,0,0,0,1,1,6,1,33,6,-1,-1,-1,-1,1,-1
2015160D07471,2,9,0,9,0,5,0,0,0,0,1,1,6,1,19,4,-1,-1,-1,-1,1,-1
2015160D07491,1,9,0,4,0,1,0,0,7,4,1,1,6,1,67,10,1198,1,7,-1,1,-1
2015160D07501,1,9,0,18,0,2,0,0,0,0,2,1,6,2,41,7,1388,1,10,-1,1,-1
2015160D07501,2,9,0,18,0,2,0,0,0,0,1,1,6,2,32,6,1596,1,13,-1,1,-1
2015160D07511,1,1,0,18,0,0,0,0,0,0,1,1,6,1,40,7,-1,-1,-1,-1,1,-1
2015160D07521,1,8,0,18,0,2,0,0,0,0,3,1,6,1,32,6,1753,2,8,-1,1,-1
2015160D07531,1,9,0,18,0,0,0,0,0,0,1,1,6,2,37,7,1956,2,1,-1,1,-1
2015160D07541,1,9,0,9,0,6,0,0,0,0,1,1,6,1,49,8,1587,1,10,-1,1,-1
2015160D07551,1,9,0,14,0,0,0,0,0,0,1,1,2,2,24,5,1242,1,3,-1,1,-1
2015160D07561,1,97,0,3,0,0,0,0,0,0,2,1,6,1,23,5,689,1,-1,-1,1,-1
2015160D07561,2,9,0,18,0,0,0,0,0,0,1,1,6,1,48,8,1998,2,11,-1,1,-1
2015160D07571,1,11,0,5,0,0,0,0,0,0,2,1,1,1,54,8,6696,2,-1,-1,1,-1
2015160D07581,1,9,0,6,0,0,0,0,0,0,1,1,6,1,36,7,2183,2,5,-1,1,-1
2015160D07581,2,9,0,6,0,0,0,0,0,0,1,1,6,2,35,6,1598,2,3,-1,1,-1
2015160D07591,1,9,0,18,0,0,0,0,0,0,3,1,6,1,76,11,2488,2,10,-1,3,-1
2015160D07591,2,9,0,3,0,0,0,0,0,0,2,1,6,1,39,7,1368,1,-1,-1,1,-1
2015160D07601,1,8,0,7,0,5,0,0,0,0,1,1,1,1,36,7,1582,2,-1,-1,1,-1
2015160D07611,1,9,0,18,0,8,0,0,0,0,1,1,6,2,34,6,1240,1,12,-1,1,-1
2015160D07611,2,1,0,7,0,6,0,0,0,0,3,1,6,1,29,6,-1,-1,-1,-1,1,-1
2015160D07621,1,9,0,9,0,8,0,0,0,0,2,1,6,1,37,7,1560,2,4,-1,1,-1
2015160D07621,2,9,0,18,0,4,0,0,0,0,0,1,6,2,54,8,1329,1,5,-1,3,-1
2015160D07621,3,9,0,18,0,4,1,0,0,0,1,1,6,1,39,7,2926,2,11,-1,-1,-1
2015160D07631,1,9,0,7,0,6,0,0,0,0,3,1,2,2,44,7,1400,1,9,-1,2,-1
2015160D07631,2,19,0,18,0,8,0,0,0,0,4,1,2,1,39,7,1870,2,11,-1,1,-1
2015160D07641,1,9,0,9,0,5,0,0,0,0,4,1,6,2,36,7,1360,1,14,-1,1,-1
2015160D07641,2,8,0,18,0,8,0,0,0,0,1,1,1,1,37,7,998,1,2,-1,1,-1
2015160D07661,1,1,0,18,0,0,0,0,0,0,3,1,2,1,22,5,-1,-1,-1,-1,1,-1
2015160D07661,2,9,0,13,0,0,0,0,0,0,4,1,2,1,54,8,2495,2,12,-1,1,-1
2015160D07671,1,1,0,18,9,8,0,0,0,0,2,1,6,2,64,9,-1,-1,-1,-1,1,-1
2015160D07671,2,9,0,18,9,1,0,0,0,0,1,1,6,2,53,8,1598,1,9,-1,1,-1
2015160D07681,1,19,0,18,0,0,0,0,0,0,4,1,1,1,47,8,2402,2,5,-1,1,-1
2015160D07691,1,9,0,4,0,1,0,0,0,0,2,1,6,2,24,5,1587,1,13,-1,1,-1
2015160D07691,2,9,0,18,0,1,0,0,0,0,1,1,6,3,-1,-1,-1,-1,-1,-1,-1,-1
2015160D07701,1,19,0,5,0,6,0,0,0,0,1,1,1,1,31,6,2998,2,7,-1,1,-1
2015160D07701,2,9,0,18,0,8,0,0,0,0,1,1,2,1,30,6,1598,1,10,-1,2,-1
2015160D07711,1,9,0,9,0,5,0,0,0,0,1,1,2,2,45,7,998,1,4,-1,1,-1
2015160D07711,2,1,0,18,0,8,0,0,0,0,3,1,2,1,24,5,-1,-1,-1,-1,1,-1
2015160D07721,1,1,0,18,0,8,0,0,0,0,1,1,6,1,36,7,-1,-1,-1,-1,1,-1
2015160D07721,2,2,0,9,0,5,0,0,0,0,1,1,6,1,24,5,49,1,4,-1,1,-1
2015160D07731,1,9,0,18,0,0,0,0,0,0,1,1,6,1,18,4,1124,1,12,-1,1,-1
2015160D07731,2,9,0,4,0,0,0,0,0,0,2,1,6,1,41,7,1988,2,11,-1,1,-1
2015160D07741,1,9,0,18,0,0,0,0,0,0,3,1,1,1,24,5,1360,1,9,-1,1,-1
2015160D07741,2,20,0,18,0,0,0,0,0,0,3,1,1,3,-1,-1,-1,-1,-1,-1,-1,-1
2015160D07751,1,9,0,3,0,1,0,0,0,0,2,1,6,2,36,7,1560,2,1,-1,2,-1
2015160D07751,2,9,0,18,0,1,0,0,0,0,1,1,6,1,20,4,1364,1,11,-1,1,-1
2015160D07761,1,9,0,18,0,8,0,0,0,0,1,1,6,1,21,5,2000,1,13,-1,1,-1
2015160D07761,2,9,0,7,0,6,1,10,1,0,3,1,6,1,18,4,1199,1,14,-1,1,-1
2015160D07761,3,9,0,18,0,1,1,10,1,0,1,1,6,1,24,5,1910,2,9,-1,1,-1
2015160D07761,4,9,0,2,9,1,0,0,0,0,3,1,6,3,-1,-1,1598,2,-1,-1,-1,-1
2015160D07771,1,9,0,18,0,8,0,0,0,0,4,1,6,2,48,8,1248,1,5,-1,1,-1
2015160D07771,2,9,0,9,0,6,0,0,0,0,1,1,6,1,36,7,1798,1,3,-1,1,-1
2015160D07791,1,9,0,18,0,7,0,0,0,0,2,1,2,2,23,5,1242,1,7,-1,1,-1
2015160D07791,2,21,1,18,0,8,0,0,0,0,1,1,1,1,49,8,12809,2,1,-1,2,-1
2015160D07801,1,9,0,11,0,1,0,0,0,0,4,1,2,2,25,5,1390,1,11,-1,1,-1
2015160D07801,2,5,0,11,0,1,0,0,0,0,3,1,6,1,27,6,1198,1,24,-1,1,-1
2015160D07811,1,5,0,4,0,8,1,0,0,0,4,1,6,1,34,6,782,1,12,-1,2,-1
2015160D07811,2,8,0,9,0,6,0,0,0,0,1,1,1,1,66,10,1796,1,6,-1,1,-1
2015160D07821,1,9,0,7,0,0,0,0,0,0,4,1,6,1,64,9,1968,2,5,-1,1,-1
2015160D07821,2,1,0,18,0,0,0,0,0,0,3,1,6,1,43,7,-1,-1,-1,-1,1,-1
2015160D07831,1,9,0,11,0,0,1,0,0,0,4,1,2,2,43,7,1242,1,3,-1,2,-1
2015160D07831,2,9,0,5,0,0,0,0,0,0,1,1,6,1,66,10,1798,1,7,-1,1,-1
2015160D07841,1,9,0,5,0,0,0,0,0,0,3,1,6,1,31,6,1968,2,10,-1,1,-1
2015160D07841,2,1,0,18,4,0,0,0,0,0,4,1,2,1,31,6,-1,-1,-1,-1,1,-1
2015160D07851,1,8,0,9,0,6,0,0,0,0,4,1,1,1,56,9,1560,2,8,-1,1,-1
2015160D07861,1,19,0,5,0,1,0,0,0,0,4,1,1,1,47,8,1995,2,6,-1,1,-1
2015160D07861,2,9,0,17,0,1,0,0,0,0,1,1,2,2,32,6,2000,2,11,-1,1,-1
2015160D07871,1,9,0,16,0,0,0,0,0,0,3,1,6,3,-1,-1,-1,-1,-1,-1,-1,-1
2015160D07881,1,9,0,2,0,0,0,0,0,0,3,1,1,1,69,10,2987,2,1,-1,1,-1
2015160D07881,2,1,0,18,0,0,0,8,0,0,1,1,6,2,39,7,-1,-1,-1,-1,1,-1
2015160D07891,1,9,0,4,0,0,0,0,0,0,1,1,6,2,61,9,1388,1,11,-1,1,-1
2015160D07891,2,19,0,3,0,0,0,0,0,0,2,1,1,1,51,8,1560,2,1,-1,3,-1
2015160D07891,3,9,0,3,0,0,0,0,0,0,2,1,6,2,42,7,1598,1,1,-1,1,-1
2015160D07891,4,9,0,3,0,0,0,0,0,0,2,1,6,1,48,8,1149,1,11,-1,1,-1
2015160D07901,1,9,0,18,0,8,0,0,0,0,3,1,6,1,34,6,1799,1,6,-1,1,-1
2015160D07901,2,9,0,18,0,6,0,0,0,0,1,1,3,2,37,7,1598,1,10,-1,1,-1
2015160D07911,1,9,0,18,0,1,0,0,0,0,1,1,6,1,27,6,2993,2,7,-1,1,-1
2015160D07911,2,9,0,7,0,5,0,0,0,0,2,1,6,1,35,6,1197,1,3,-1,1,-1
2015160D07911,3,19,0,10,0,1,0,0,0,0,3,1,6,1,54,8,1753,2,8,-1,1,-1
2015160D07921,1,9,0,2,0,0,0,0,0,0,4,1,1,1,35,6,1896,2,9,-1,1,-1
2015160D07931,1,1,0,18,0,8,0,0,0,0,3,1,2,1,21,5,-1,-1,-1,-1,1,-1
2015160D07931,2,9,0,7,0,5,0,0,0,0,4,1,2,1,53,8,-1,-1,-1,-1,1,-1
2015160D07941,1,9,0,6,0,0,0,0,0,0,0,1,6,1,32,6,2494,1,11,-1,1,-1
2015160D07941,2,9,0,18,0,0,0,0,0,0,1,1,6,1,25,5,2544,1,18,-1,1,-1
2015160D07941,3,1,0,18,9,0,0,0,0,0,1,1,6,1,20,4,-1,-1,-1,-1,1,-1
2015160D07951,1,9,0,18,0,8,0,0,0,0,3,1,6,1,40,7,1998,2,6,-1,1,-1
2015160D07951,2,1,0,18,0,6,0,0,0,0,1,1,6,1,39,7,-1,-1,-1,-1,1,-1
2015160D07961,1,9,0,10,0,5,0,0,0,0,3,1,6,2,33,6,1587,1,12,-1,1,-1
2015160D07961,2,9,0,9,0,6,0,0,0,0,1,1,6,3,-1,-1,1461,2,12,-1,-1,-1
2015160D07971,1,9,0,9,0,8,0,0,0,0,4,1,6,2,33,6,1596,1,12,-1,1,-1
2015160D07971,2,9,0,9,0,8,0,0,0,0,1,1,6,2,23,5,1248,2,5,-1,1,-1
2015160D07981,1,2,0,14,0,1,0,0,0,0,1,1,2,1,25,5,49,1,2,-1,2,-1
2015160D07981,2,9,0,9,0,5,0,0,0,0,3,1,2,1,34,6,1560,2,4,-1,1,-1
2015160D07991,1,19,0,7,0,6,0,0,0,0,1,1,2,1,51,8,1248,2,8,-1,1,-1
2015160D07991,2,1,0,18,0,8,0,0,0,0,4,1,2,2,50,8,-1,-1,-1,-1,1,-1
2015160D08001,1,9,0,18,0,6,0,0,0,0,3,1,1,1,27,6,1395,1,-1,-1,1,-1
2015160D08001,2,9,0,18,0,8,0,0,0,0,1,1,1,1,26,6,-1,-1,-1,-1,1,-1
2015160D08001,3,9,0,2,0,1,0,0,0,0,0,1,6,3,-1,-1,-1,-1,-1,-1,-1,-1
2015170H10015,1,9,0,9,0,8,0,0,0,0,1,1,6,1,45,7,1895,1,15,-1,1,-1
2015170H10015,2,5,0,18,0,8,0,0,0,0,1,1,6,1,48,8,598,1,19,-1,1,-1
2015170H10025,1,9,0,5,0,0,0,0,0,0,1,1,6,1,74,10,-1,-1,-1,-1,1,-1
2015170H10025,2,9,0,3,0,0,0,0,0,0,2,1,6,2,65,9,1686,2,1,-1,2,-1
2015170H10025,3,9,0,3,0,0,0,0,0,0,2,1,6,1,58,9,-1,-1,-1,-1,2,-1
2015170H10035,1,19,0,7,0,4,0,0,0,0,1,1,6,1,61,9,2148,2,6,-1,1,-1
2015170H10035,2,9,0,18,0,8,0,0,0,0,4,1,6,2,36,7,1598,1,11,-1,1,-1
2015170H10055,1,9,0,18,0,2,0,0,0,0,1,1,6,1,44,7,-1,-1,-1,-1,1,-1
2015170H10055,2,9,0,9,0,2,0,0,0,0,2,1,6,1,27,6,1995,2,8,-1,1,-1
2015170H10065,1,9,0,7,0,2,0,0,0,0,1,1,6,1,42,7,1798,1,13,-1,1,-1
2015170H10065,2,2,0,18,0,1,0,0,0,0,1,1,6,1,49,8,49,1,1,-1,1,-1
2015170H10075,1,9,0,3,0,0,0,0,0,0,2,1,6,2,19,4,1490,1,7,-1,1,-1
2015170H10075,2,9,0,3,0,0,0,0,0,0,2,1,6,1,75,10,-1,-1,-1,-1,1,-1
2015170H10075,3,9,0,18,0,0,0,0,0,0,1,1,6,1,46,8,1798,1,14,-1,-1,-1
2015170H10085,1,9,0,9,0,8,0,0,0,0,3,1,6,1,35,6,-1,-1,-1,-1,1,-1
2015170H10085,2,9,0,17,0,8,0,0,0,0,1,1,6,1,46,8,1895,1,15,-1,1,-1
2015170H10095,1,9,0,18,0,0,0,0,0,0,1,1,6,1,39,7,1108,1,13,-1,1,-1
2015170H10095,2,9,0,3,0,0,0,0,0,0,2,1,6,2,20,4,1242,1,1,-1,1,-1
2015170H10095,3,19,0,3,0,0,0,0,0,0,2,1,1,1,36,7,2143,2,2,-1,1,-1
2015170H10105,1,21,1,18,0,2,0,0,0,0,1,1,1,1,57,9,12777,2,3,-1,2,-1
2015170H10115,1,9,0,3,0,0,0,0,0,0,2,1,6,1,32,6,-1,-1,-1,-1,1,-1
2015170H10115,2,9,0,18,0,0,0,0,0,0,1,1,6,1,68,10,-1,-1,-1,-1,1,-1
2015170H10125,1,9,0,7,0,8,0,9,3,1,1,1,6,1,43,7,1598,1,9,-1,1,-1
2015170H10135,1,8,0,18,0,1,0,0,0,0,1,1,1,1,45,7,1598,2,5,-1,1,-1
2015170H10135,2,8,0,18,0,8,0,0,1,2,3,1,1,1,34,6,1598,2,2,-1,1,-1
2015170H10145,1,11,0,5,0,0,0,0,0,0,0,1,1,1,42,7,6871,2,7,-1,1,-1
2015170H10155,1,9,0,9,0,8,0,0,0,0,1,1,2,2,20,4,1598,1,6,-1,1,-1
2015170H10165,1,9,0,18,0,1,0,0,0,0,4,1,6,1,35,6,1994,1,14,-1,-1,-1
2015170H10175,1,9,0,9,0,8,0,0,0,0,3,1,6,2,33,6,1398,1,4,-1,1,-1
2015170H10175,2,9,0,13,0,8,0,0,0,0,4,1,6,1,71,10,1956,2,1,-1,1,-1
2015170H10185,1,9,0,18,0,8,0,0,7,11,4,1,6,2,29,6,-1,-1,-1,-1,1,-1
2015170H10185,2,9,0,7,0,8,0,0,0,0,1,1,6,3,-1,-1,-1,-1,-1,-1,-1,-1
2015170H10185,3,9,0,18,0,8,0,0,0,0,1,1,6,1,38,7,1390,1,12,-1,1,-1
2015170H10195,1,9,0,6,0,0,0,0,0,0,3,1,6,2,19,4,1595,1,4,-1,1,-1
2015170H10195,2,9,0,18,0,0,0,0,0,0,1,1,6,1,39,7,1995,2,11,-1,3,-1
2015170H10205,1,9,0,18,0,0,0,0,4,6,1,1,6,2,24,5,1598,1,10,-1,1,-1
2015170H10215,1,9,0,18,0,0,0,0,1,0,1,1,6,1,55,8,1360,1,10,-1,1,-1
2015170H10215,2,9,0,2,9,0,0,0,0,0,2,1,6,1,19,4,1229,1,10,-1,1,-1
2015170H10225,1,9,0,18,3,1,0,0,0,0,4,1,6,3,-1,-1,-1,-1,-1,-1,-1,-1
2015170H10235,1,1,0,18,0,8,0,0,0,0,1,1,6,1,61,9,-1,-1,-1,-1,1,-1
2015170H10235,2,9,0,18,0,8,0,0,0,0,4,1,6,1,45,7,2688,2,13,-1,1,-1
2015170H10245,1,9,0,9,0,8,0,0,0,0,1,1,6,2,25,5,-1,-1,-1,-1,1,-1
2015170H10245,2,9,0,18,0,8,0,0,0,0,1,1,6,1,63,9,1582,2,4,-1,1,-1
2015170H10255,1,9,0,4,0,8,0,0,0,0,2,1,6,2,20,4,-1,-1,-1,-1,1,-1
2015170H10255,2,9,0,18,0,8,0,0,0,0,1,1,6,1,59,9,1896,2,12,-1,1,-1
2015170H10265,1,9,0,7,0,4,0,0,0,0,2,1,6,2,20,4,-1,-1,-1,-1,1,-1
2015170H10265,2,9,0,7,0,4,0,0,0,0,1,1,6,1,74,10,1229,1,1,-1,1,-1
2015170H10275,1,9,0,18,0,8,0,0,0,0,4,1,6,2,22,5,1461,2,5,-1,1,-1