Accident_Index,Vehicle_Reference,Vehicle_Type,Towing_and_Articulation,Vehicle_Manoeuvre,Vehicle_Location-Restricted_Lane,Junction_Location,Skidding_and_Overturning,Hit_Object_in_Carriageway,Vehicle_Leaving_Carriageway,Hit_Object_off_Carriageway,1st_Point_of_Impact,Was_Vehicle_Left_Hand_Drive?,Journey_Purpose_of_Driver,Sex_of_Driver,Age_of_Driver,Age_Band_of_Driver,Engine_Capacity_(CC),Propulsion_Code,Age_of_Vehicle,Driver_IMD_Decile,Driver_Home_Area_Type,Vehicle_IMD_Decile
2015170L41545,2,9,0,18,0,0,0,0,0,0,1,1,2,1,21,5,1560,2,10,-1,2,-1
2015170L41545,3,9,0,18,0,0,0,0,0,0,1,1,2,2,32,6,1149,1,5,-1,2,-1
2015170L41615,1,9,0,17,0,0,5,0,1,0,1,1,6,2,21,5,1461,2,8,-1,3,-1
2015170L41635,1,19,0,13,0,0,0,0,0,0,4,1,1,1,45,7,2402,2,10,-1,2,-1
2015170L41635,2,1,0,18,0,0,0,0,0,0,3,1,6,1,48,8,-1,-1,-1,-1,1,-1
2015170L41845,1,9,0,9,0,8,0,0,0,0,1,1,6,2,63,9,1198,1,1,-1,1,-1
2015170L41845,2,9,0,18,0,8,0,0,0,0,1,1,6,2,78,11,995,1,7,-1,3,-1
2015170L41865,1,9,0,9,0,8,0,0,0,0,1,1,6,1,-1,-1,1242,1,13,-1,-1,-1
2015170L41865,2,9,0,18,0,8,0,0,0,0,1,1,6,2,28,6,1587,1,8,-1,1,-1
2015170L41875,1,4,0,18,0,8,0,0,0,0,4,1,2,1,52,8,200,1,12,-1,2,-1
2015170L41875,2,9,0,9,0,8,0,0,0,0,1,1,1,1,44,7,1560,2,2,-1,2,-1
2015170L42025,1,9,0,18,0,8,0,0,0,0,3,1,6,1,30,6,-1,-1,-1,-1,2,-1
2015170L42025,2,1,0,18,0,8,0,0,0,0,1,1,6,1,16,4,-1,-1,-1,-1,2,-1
2015170L50225,1,9,0,18,0,1,0,0,0,0,1,1,6,1,49,8,1995,2,13,-1,2,-1
2015170L50545,1,9,0,18,0,8,0,0,0,0,1,1,6,1,25,5,1896,2,8,-1,2,-1
2015170L50545,2,9,0,18,0,8,0,0,0,0,1,1,6,3,-1,-1,-1,-1,-1,-1,-1,-1
2015170L50705,1,9,0,2,0,8,0,0,0,0,3,1,6,2,57,9,1995,2,2,-1,2,-1
2015170L50705,2,9,0,1,0,6,0,0,0,0,2,1,6,2,59,9,-1,-1,-1,-1,1,-1
2015170L50725,1,9,0,10,0,1,0,0,0,0,2,1,6,1,54,8,1388,1,4,-1,2,-1
2015170L50725,2,9,0,3,0,1,0,0,0,0,2,1,6,2,21,5,1149,1,14,-1,2,-1
2015170L50725,3,9,0,18,0,1,0,0,0,0,1,1,6,2,20,4,1242,1,7,-1,3,-1
2015170L51075,1,5,0,16,0,0,0,0,1,0,1,1,6,1,28,6,999,1,10,-1,2,-1
2015170L51075,2,9,0,18,0,0,0,0,1,0,1,1,6,1,54,8,1390,1,2,-1,-1,-1
2015170L51115,1,9,0,18,0,0,0,0,2,11,1,1,6,2,38,7,1299,1,12,-1,2,-1
2015170L51115,2,19,0,18,0,0,0,0,0,0,3,1,1,1,26,6,1995,2,8,-1,2,-1
2015170L51165,1,9,0,18,0,0,0,0,0,0,3,1,6,1,-1,-1,1968,2,1,-1,-1,-1
2015170L51165,2,9,0,18,0,0,0,0,0,0,3,1,6,2,62,9,1360,1,8,-1,2,-1
2015170L51375,1,9,0,18,0,1,0,0,0,0,1,1,6,3,-1,-1,-1,-1,-1,-1,-1,-1
2015170L51375,2,9,0,3,0,1,0,0,0,0,2,1,1,1,18,4,998,1,12,-1,2,-1
2015170L51375,3,9,0,3,0,1,0,0,0,0,2,1,6,1,69,10,-1,-1,-1,-1,2,-1
2015170L51555,1,9,0,18,0,0,2,0,1,0,1,1,6,1,29,6,1998,2,9,-1,-1,-1
2015170L51695,1,21,1,6,0,8,0,0,0,0,2,1,1,1,56,9,7146,2,7,-1,1,-1
2015170L51745,1,9,0,9,0,8,0,0,0,0,2,1,6,1,54,8,2231,2,7,-1,2,-1
2015170L51745,2,9,0,18,0,8,0,0,0,0,1,1,6,3,-1,-1,1461,2,11,-1,-1,-1
2015170L51745,3,9,0,4,0,1,0,0,0,0,2,1,6,1,40,7,1896,2,10,-1,3,-1
2015170L51745,4,9,0,18,0,1,0,0,0,0,1,1,6,2,18,4,-1,-1,-1,-1,2,-1
2015170L51745,5,9,0,18,0,1,0,0,0,0,1,1,6,2,26,6,1248,2,11,-1,1,-1
2015170L51765,1,9,0,18,0,0,0,0,7,7,1,1,6,2,34,6,1968,2,8,-1,2,-1
2015170L51765,2,1,0,18,0,0,0,0,0,0,0,1,6,1,-1,-1,-1,-1,-1,-1,-1,-1
2015170L51835,1,9,0,5,0,0,0,0,0,0,3,1,6,1,19,4,1229,1,7,-1,1,-1
2015170L51835,2,9,0,18,0,0,0,0,0,0,1,1,6,2,70,10,998,1,13,-1,2,-1
2015170L51835,3,9,0,18,0,0,0,0,0,0,1,1,6,3,-1,-1,-1,-1,-1,-1,-1,-1
2015170M10035,1,9,0,2,0,2,0,0,0,0,3,1,6,1,35,6,1149,1,6,-1,1,-1
2015170M10035,2,9,0,18,0,2,0,0,0,0,1,1,2,1,50,8,1248,2,9,-1,1,-1
2015170M10055,1,9,0,3,0,0,0,0,0,0,2,1,2,2,19,4,1229,1,6,-1,1,-1
2015170M10055,2,9,0,18,0,0,0,0,0,0,1,1,2,2,20,4,1242,1,15,-1,3,-1
2015170M10075,1,21,1,11,0,0,0,0,0,0,4,1,1,1,49,8,12777,2,5,-1,1,-1
2015170M10075,2,9,0,18,0,0,0,0,4,6,3,1,6,2,19,4,1364,1,9,-1,1,-1
2015170M10085,1,9,0,4,0,0,0,0,0,0,3,1,2,2,25,5,1398,1,2,-1,1,-1
2015170M10085,2,21,0,4,0,0,0,0,0,0,1,1,1,1,51,8,4250,2,10,-1,1,-1
2015170M10085,3,9,0,4,0,0,0,0,0,0,2,1,1,2,21,5,1242,1,1,-1,1,-1
2015170M10085,4,9,0,4,0,0,0,0,0,0,2,1,2,2,29,6,-1,-1,-1,-1,1,-1
2015170M10085,5,9,0,4,0,0,0,0,0,0,4,1,2,2,44,7,1598,1,3,-1,3,-1
2015170M10095,1,8,0,17,0,0,0,0,0,0,1,1,1,1,33,6,1896,2,5,-1,1,-1
2015170M10115,1,9,0,9,0,8,0,0,0,0,3,1,6,2,21,5,1198,1,1,-1,1,-1
2015170M10115,2,5,0,18,0,8,0,0,0,0,1,1,2,1,23,5,599,1,23,-1,2,-1
2015170M10135,1,19,0,18,0,8,0,0,0,0,1,1,1,1,30,6,-1,-1,-1,-1,1,-1
2015170M10135,2,1,0,18,0,8,0,0,0,0,1,1,4,1,14,3,-1,-1,-1,-1,1,-1
2015170M10145,1,9,0,18,0,7,0,0,0,0,2,1,6,1,77,11,1397,1,5,-1,1,-1
2015170M10145,2,21,1,18,0,8,0,0,0,0,1,1,1,1,21,5,10837,2,2,-1,3,-1
2015170M10155,1,9,0,3,0,1,0,0,0,0,2,1,6,1,26,6,2685,2,13,-1,1,-1
2015170M10155,2,9,0,18,0,1,0,0,0,0,1,2,6,1,21,5,1587,1,11,-1,1,-1
2015170M10185,1,9,0,9,0,8,0,0,0,0,1,1,6,2,53,8,-1,-1,-1,-1,1,-1
2015170M10185,2,3,0,18,0,8,0,0,0,0,1,1,6,1,21,5,124,1,5,-1,1,-1
2015170M10215,1,1,0,18,0,8,0,0,0,0,1,1,6,1,42,7,-1,-1,-1,-1,1,-1
2015170M10215,2,9,0,18,0,8,0,0,0,0,1,1,6,1,56,9,1753,2,7,-1,-1,-1
2015170M10225,1,9,0,6,0,0,0,0,0,0,3,1,6,1,79,11,-1,-1,-1,-1,1,-1
2015170M10225,2,9,0,18,0,0,0,0,0,0,1,1,1,1,42,7,1248,2,3,-1,-1,-1
2015170M10235,1,8,0,18,0,8,0,0,0,0,1,1,1,1,27,6,2143,2,4,-1,1,-1
2015170M10235,2,9,0,3,0,1,0,0,0,0,2,1,6,2,27,6,1364,1,10,-1,2,-1
2015170M10255,1,9,0,18,0,0,0,0,0,0,4,1,6,2,40,7,1086,1,11,-1,1,-1
2015170M10265,1,9,0,18,0,0,0,0,0,0,1,1,6,2,33,6,1390,1,3,-1,1,-1
2015170M10275,1,8,0,18,0,1,0,0,0,0,1,1,6,3,-1,-1,-1,-1,-1,-1,-1,-1
2015170M10295,1,9,0,18,0,1,0,0,0,0,1,1,6,1,59,9,2720,2,9,-1,3,-1
2015170M10305,1,9,0,18,0,8,0,0,0,0,1,1,6,1,45,7,1242,1,1,-1,1,-1
2015170M10305,2,9,0,9,0,8,0,0,0,0,1,1,6,2,51,8,1199,1,1,-1,1,-1
2015170M10315,1,9,0,9,0,8,0,0,0,0,4,1,6,1,85,11,-1,-1,-1,-1,1,-1
2015170M10315,2,9,0,18,0,8,0,0,0,0,1,1,6,2,27,6,-1,-1,-1,-1,1,-1
2015170M10325,1,9,0,18,0,0,0,0,0,0,1,1,6,1,75,10,-1,-1,-1,-1,-1,-1
2015170M10325,2,9,0,3,0,0,0,0,0,0,2,1,6,2,57,9,1984,1,4,-1,1,-1
2015170M10335,1,8,0,9,0,8,0,0,0,0,1,1,1,1,48,8,-1,-1,-1,-1,1,-1
2015170M10335,2,9,0,18,0,8,0,0,0,0,1,1,6,1,30,6,-1,-1,-1,-1,1,-1
2015170M10345,1,11,0,4,0,0,0,0,0,0,0,1,1,1,-1,-1,6692,2,3,-1,2,-1
2015170M10355,1,9,0,18,0,7,0,0,0,0,1,1,6,1,74,10,-1,-1,-1,-1,3,-1
2015170M10355,2,9,0,9,0,8,0,0,0,0,1,1,6,1,22,5,1598,1,10,-1,1,-1
2015170M10375,1,9,0,18,0,0,0,0,0,0,1,1,2,1,28,6,1995,2,8,-1,1,-1
2015170M10375,2,9,0,3,0,0,0,0,0,0,2,1,2,1,24,5,-1,-1,-1,-1,1,-1
2015170M10375,3,9,0,3,0,0,0,0,0,0,2,1,2,2,51,8,1461,2,2,-1,1,-1
2015170M10385,1,9,0,9,0,8,0,0,0,0,1,1,1,1,49,8,1753,2,7,-1,1,-1
2015170M10385,2,1,0,18,0,8,0,0,0,0,1,1,6,1,43,7,-1,-1,-1,-1,1,-1
2015170M10395,1,9,0,18,0,0,0,0,0,0,1,1,6,2,49,8,-1,-1,-1,-1,1,-1
2015170M10395,2,9,0,4,0,0,0,0,0,0,2,1,1,2,31,6,1461,2,1,-1,1,-1
2015170M10405,1,9,0,18,0,8,0,0,0,0,4,1,6,1,31,6,1364,1,10,-1,1,-1
2015170M10405,2,9,0,18,0,4,0,0,0,0,1,1,6,1,19,4,1595,1,6,-1,1,-1
2015170M10445,1,19,0,12,0,4,0,0,0,0,3,1,1,1,43,7,1398,2,8,-1,1,-1
2015170M10445,2,9,0,7,0,8,0,10,4,6,4,1,1,1,28,6,1390,1,3,-1,1,-1
2015170M10505,1,9,0,18,0,1,0,0,0,0,4,1,6,1,46,8,1596,1,14,-1,1,-1
2015170M10525,1,9,0,7,0,4,0,0,0,0,1,1,2,1,51,8,1686,2,11,-1,1,-1
2015170M10525,2,1,0,18,0,8,0,0,0,0,4,1,2,1,68,10,-1,-1,-1,-1,1,-1
2015170M10535,1,9,0,18,0,8,0,0,0,0,4,1,6,1,42,7,1461,2,1,-1,1,-1
2015170M10535,2,9,0,1,0,6,0,0,0,0,2,1,6,3,-1,-1,-1,-1,-1,-1,-1,-1
2015170M10545,1,9,0,12,0,8,0,0,0,0,3,1,6,1,53,8,1989,1,14,-1,1,-1
2015170M10545,2,9,0,11,0,8,0,0,0,0,4,1,6,1,43,7,-1,-1,-1,-1,1,-1
2015170M10555,1,9,0,9,0,8,0,0,0,0,4,1,2,1,28,6,1242,1,12,-1,1,-1
2015170M10555,2,1,0,18,0,8,0,0,0,0,1,1,2,1,57,9,-1,-1,-1,-1,1,-1
2015170M10565,1,9,0,9,0,5,0,0,0,0,4,1,6,1,19,4,1791,8,4,-1,1,-1
2015170M10565,2,3,0,18,0,8,0,0,0,0,1,1,6,1,18,4,124,1,18,-1,1,-1
2015170M10575,1,9,0,18,0,7,0,0,0,0,1,1,2,1,24,5,1910,2,7,-1,1,-1
2015170M10575,2,9,0,4,0,7,0,0,0,0,2,1,2,1,52,8,1968,2,2,-1,1,-1
2015170M10585,1,11,0,2,0,0,0,0,0,0,0,1,1,1,41,7,-1,2,15,-1,1,-1
2015170M10605,1,9,0,7,0,8,0,0,0,0,1,1,2,2,48,8,1248,1,6,-1,1,-1
2015170M10605,2,1,0,18,0,8,0,0,0,0,1,1,2,1,31,6,-1,-1,-1,-1,1,-1
2015170M10615,1,9,0,18,0,2,0,0,0,0,1,1,6,1,47,8,1560,2,4,-1,1,-1
2015170M10625,1,9,0,18,0,1,0,0,0,0,3,1,2,1,26,6,1339,1,4,-1,1,-1
2015170M10635,1,9,0,18,0,0,0,0,0,0,1,1,6,2,20,4,998,1,3,-1,1,-1
2015170M10635,2,9,0,18,0,0,0,0,0,0,1,1,6,1,20,4,-1,-1,-1,-1,1,-1
2015170M10635,3,9,0,3,0,0,0,0,0,0,2,1,6,1,28,6,1086,1,9,-1,1,-1
2015170M10635,4,9,0,4,0,0,0,0,0,0,2,1,6,1,62,9,1997,2,4,-1,1,-1
2015170M10635,5,9,0,3,0,0,0,0,1,0,2,1,6,1,24,5,1149,1,12,-1,1,-1
2015170M10655,1,9,0,3,0,1,0,0,0,0,2,1,6,1,-1,-1,1997,1,10,-1,1,-1
2015170M10655,2,9,0,18,0,1,0,0,0,0,1,1,6,3,-1,-1,-1,-1,-1,-1,-1,-1
2015170M10675,1,9,0,18,0,1,0,0,0,0,1,1,6,2,34,6,1686,2,10,-1,1,-1
2015170M10675,2,9,0,3,0,2,0,0,0,0,2,1,6,1,-1,-1,2000,1,8,-1,-1,-1
2015170M10675,3,3,0,18,0,2,0,0,0,0,1,1,6,1,21,5,-1,-1,-1,-1,1,-1
2015170M10685,1,9,0,9,0,8,0,10,0,2,4,1,6,1,67,10,2700,1,14,-1,1,-1
2015170M10695,1,9,0,9,0,4,0,0,0,0,1,1,6,2,52,8,998,1,-1,-1,1,-1
2015170M10695,2,1,0,18,0,8,0,0,0,0,1,1,6,1,23,5,-1,-1,-1,-1,1,-1
2015170M10715,1,9,0,18,0,8,0,0,0,0,4,1,6,1,17,4,1582,2,4,-1,1,-1
2015170M10715,2,9,0,9,0,8,0,0,0,0,1,1,6,1,30,6,1596,1,14,-1,1,-1
2015170M10735,1,9,0,9,0,8,0,0,0,0,1,1,6,3,-1,-1,-1,-1,-1,-1,-1,-1
2015170M10735,2,1,0,18,0,8,0,0,0,0,4,1,6,1,22,5,-1,-1,-1,-1,1,-1
2015170M10745,1,9,0,18,0,1,0,0,0,0,1,1,6,2,44,7,1560,2,4,-1,1,-1
2015170M10755,1,9,0,18,0,1,0,0,0,0,3,1,2,2,40,7,1086,1,9,-1,1,-1
2015170M10755,2,5,0,15,0,1,0,0,0,0,4,1,2,1,30,6,598,1,19,-1,3,-1
2015170M10765,1,8,0,9,0,8,0,0,0,0,1,1,6,1,52,8,1896,2,5,-1,1,-1
2015170M10765,2,3,0,18,0,8,0,0,0,0,1,1,6,1,24,5,124,1,4,-1,1,-1
2015170M10795,1,19,0,13,0,0,0,0,0,0,4,1,6,3,-1,-1,-1,-1,-1,-1,-1,-1
2015170M10795,2,1,0,18,0,0,0,0,0,0,3,1,2,1,32,6,-1,-1,-1,-1,1,-1
2015170M10805,1,9,0,18,0,4,0,0,0,0,3,1,6,1,59,9,-1,-1,-1,-1,1,-1
2015170M10805,2,9,0,18,0,8,0,0,0,0,1,1,6,3,-1,-1,-1,-1,-1,-1,-1,-1
2015170M10825,1,9,0,3,0,0,0,0,0,0,1,1,6,2,27,6,1896,2,7,-1,1,-1
2015170M10825,2,9,0,1,0,0,0,0,0,0,2,1,6,1,46,8,1900,2,15,-1,1,-1
2015170M10835,1,9,0,18,0,0,0,0,0,0,1,1,6,3,-1,-1,-1,-1,-1,-1,-1,-1
2015170M10865,1,4,0,18,0,8,0,10,0,0,1,1,6,1,38,7,125,1,2,-1,1,-1
2015170M10865,2,9,0,18,0,8,0,0,0,0,3,1,6,1,45,7,1149,1,10,-1,1,-1
2015170M10875,1,9,0,18,0,4,0,0,0,0,0,1,6,2,43,7,2148,2,13,-1,1,-1
2015170M10875,2,1,0,9,0,8,0,0,0,0,0,1,6,1,37,7,-1,-1,-1,-1,1,-1
2015170M10885,1,9,0,7,0,8,0,0,0,0,1,1,6,1,80,11,1299,1,13,-1,1,-1
2015170M10915,1,9,0,18,0,8,0,0,0,0,1,1,6,1,29,6,1560,2,4,-1,3,-1
2015170M10915,2,9,0,9,0,8,0,0,0,0,1,1,6,1,59,9,996,1,3,-1,1,-1
2015170M10925,1,8,0,7,0,8,0,0,0,0,1,1,1,1,56,9,1896,2,7,-1,1,-1
2015170M10925,2,9,0,10,0,1,0,0,0,0,3,1,6,2,43,7,1595,1,5,-1,1,-1
2015170M10935,1,9,0,18,0,0,0,0,0,0,1,1,1,1,43,7,1360,1,3,-1,1,-1
2015170M10955,1,9,0,2,0,0,0,0,0,0,2,1,6,1,28,6,-1,-1,-1,-1,1,-1
2015170M10955,2,9,0,1,0,0,0,0,0,0,2,1,6,1,21,5,1995,1,8,-1,1,-1
2015170M10965,1,9,0,18,0,1,0,0,0,0,1,1,6,2,26,6,2926,2,15,-1,1,-1
2015170M10965,2,9,0,3,0,1,0,0,0,0,2,1,6,2,32,6,1299,1,11,-1,1,-1
2015170M10965,3,9,0,3,0,1,0,0,0,0,2,1,6,1,41,7,1997,2,11,-1,1,-1
2015170M10975,1,9,0,18,0,8,0,10,4,2,3,1,6,1,19,4,-1,-1,-1,-1,1,-1
2015170M10985,1,9,0,12,0,0,0,0,0,0,2,1,6,2,42,7,899,1,1,-1,1,-1
2015170M10985,2,9,0,18,0,0,0,0,0,0,1,1,6,1,23,5,4197,1,9,-1,2,-1
2015170M10995,1,9,0,5,0,0,0,0,0,0,0,1,6,2,35,6,1596,1,12,-1,1,-1
2015170M10995,2,3,0,18,0,0,0,0,0,0,3,1,6,1,18,4,125,1,1,-1,1,-1
2015170M11005,1,8,0,2,0,2,0,0,0,0,3,1,1,1,49,8,1896,2,6,-1,1,-1
2015170M11005,2,1,0,18,0,2,0,0,0,0,1,1,6,1,30,6,-1,-1,-1,-1,1,-1
2015170M11015,1,9,0,3,0,1,0,0,0,0,2,1,6,1,54,8,2902,2,7,-1,1,-1
2015170M11015,2,9,0,18,0,1,0,0,0,0,1,1,6,1,19,4,1390,1,3,-1,1,-1
2015170M11025,1,9,0,9,0,8,0,0,0,0,4,1,6,2,30,6,1229,1,8,-1,1,-1
2015170M11025,2,5,0,15,0,8,0,0,0,0,1,1,6,1,26,6,748,1,10,-1,1,-1
2015170M11045,1,9,0,5,0,0,0,0,0,0,1,1,6,2,24,5,1461,2,2,-1,1,-1
2015170M11045,2,9,0,5,0,0,0,0,0,0,2,1,6,2,37,7,1108,1,13,-1,-1,-1
2015170M11065,1,1,0,18,0,8,0,0,0,0,1,1,2,1,32,6,-1,-1,-1,-1,1,-1
2015170M11065,2,8,0,7,0,8,0,0,0,0,3,1,1,1,51,8,-1,-1,-1,-1,1,-1
2015170M11075,1,9,0,18,0,0,0,0,0,0,3,1,6,1,75,10,1595,1,-1,-1,1,-1
2015170M11085,1,8,0,18,0,8,0,0,0,0,1,1,1,1,35,6,1896,2,6,-1,1,-1
2015170M11085,2,9,0,9,0,8,0,0,0,0,4,1,6,1,23,5,1896,2,9,-1,1,-1
2015170M11115,1,9,0,18,0,1,0,0,0,0,3,1,6,3,-1,-1,-1,-1,-1,-1,-1,-1
2015170M11135,1,8,0,5,0,2,0,0,0,0,0,1,1,1,-1,-1,-1,-1,-1,-1,-1,-1
2015170M11155,1,9,0,9,0,2,0,0,0,0,1,1,6,1,25,5,1364,1,9,-1,1,-1
2015170M11155,2,1,0,18,0,6,0,0,0,0,1,1,6,1,9,2,-1,-1,-1,-1,1,-1
2015170M11165,1,8,0,18,0,1,0,0,0,0,1,1,1,1,23,5,1910,2,8,-1,1,-1
2015170M11165,2,9,0,4,0,1,0,0,0,0,2,1,6,1,-1,-1,-1,-1,-1,-1,-1,-1
2015170M11175,1,9,0,18,0,1,0,0,0,0,1,1,2,1,21,5,1242,1,3,-1,1,-1
2015170M11195,1,9,0,18,0,0,0,0,0,0,3,1,6,2,32,6,1390,1,9,-1,1,-1
2015170M11205,1,9,0,3,0,1,0,0,0,0,3,1,6,1,30,6,1240,1,11,-1,1,-1
2015170M11205,2,8,0,14,0,1,0,0,0,0,4,1,1,1,29,6,-1,-1,-1,-1,-1,-1
2015170M11215,1,19,0,3,0,0,0,0,0,0,2,1,2,1,33,6,1968,2,10,-1,-1,-1
2015170M11215,2,9,0,3,0,0,0,0,0,0,2,1,6,2,29,6,1242,1,11,-1,2,-1
2015170M11215,3,9,0,18,0,0,0,0,0,0,1,1,6,2,66,10,998,1,1,-1,1,-1
2015170M11255,1,9,0,18,0,8,0,0,0,0,1,1,6,1,74,10,1368,1,5,-1,1,-1
2015170M11255,2,9,0,18,0,8,0,0,0,0,1,1,6,2,49,8,-1,-1,-1,-1,1,-1
2015170M11285,1,9,0,11,0,0,0,0,1,2,4,1,6,1,19,4,1896,2,13,-1,1,-1
2015170M11285,2,9,0,18,0,0,0,0,1,0,1,1,6,1,51,8,-1,-1,-1,-1,2,-1
2015170M11285,3,21,1,18,0,0,0,0,0,0,1,1,1,1,56,9,12900,2,4,-1,1,-1
2015170M11305,1,9,0,18,0,8,0,0,0,0,0,1,6,3,-1,-1,-1,-1,-1,-1,-1,-1
2015170M11305,2,8,0,18,0,8,0,0,0,0,0,1,1,1,48,8,2198,2,2,-1,1,-1
2015170M11315,1,9,0,9,0,8,0,0,0,0,1,1,6,1,32,6,1598,1,12,-1,1,-1
2015170M11315,2,9,0,18,0,8,0,0,0,0,1,1,6,1,26,6,1124,1,14,-1,1,-1
2015170M11325,1,1,0,18,0,8,0,0,0,0,1,1,6,1,13,3,-1,-1,-1,-1,1,-1
2015170M11325,2,9,0,18,0,8,0,0,0,0,1,1,2,1,26,6,1360,1,12,-1,1,-1
2015170M11335,1,9,0,18,0,1,0,0,0,0,1,1,6,1,50,8,2204,2,11,-1,1,-1
2015170M11345,1,8,0,9,0,8,0,0,0,0,3,1,1,1,30,6,1598,2,4,-1,1,-1
2015170M11345,2,2,0,18,0,3,0,0,0,0,1,1,6,1,37,7,-1,-1,-1,-1,1,-1
2015170M11355,1,5,0,3,0,1,0,0,0,0,2,1,6,1,30,6,599,1,17,-1,1,-1
2015170M11355,2,9,0,18,0,1,0,0,0,0,1,1,6,2,25,5,1199,1,14,-1,1,-1
2015170M11365,1,9,0,7,0,2,0,0,0,0,1,1,6,1,24,5,1390,1,14,-1,1,-1
2015170M11365,2,9,0,10,0,1,0,0,0,0,3,1,6,1,63,9,1910,2,13,-1,1,-1
2015170M11375,1,9,0,18,0,0,5,0,0,0,1,1,6,2,19,4,1242,1,3,-1,1,-1
2015170M11375,2,9,0,2,0,0,0,0,0,0,4,1,6,1,-1,-1,1389,1,13,-1,-1,-1
2015170M11385,1,9,0,9,0,8,0,0,0,0,4,1,6,2,28,6,1390,1,11,-1,1,-1
2015170M11385,2,9,0,18,0,8,0,0,0,0,1,1,6,1,46,8,1796,1,8,-1,1,-1
2015170M11395,1,9,0,7,0,8,0,0,0,0,1,1,6,1,42,7,1896,2,14,-1,1,-1
2015170M11395,2,9,0,18,0,8,0,0,0,0,1,1,6,2,33,6,1598,1,10,-1,1,-1
2015170M11395,3,9,0,2,0,1,0,0,0,0,0,1,6,2,68,10,1248,2,4,-1,1,-1
2015170M11405,1,2,0,3,0,1,0,0,0,0,2,1,2,2,45,7,49,1,2,-1,1,-1
2015170M11405,2,9,0,18,0,1,0,0,0,0,1,1,6,1,33,6,1598,1,13,-1,1,-1
2015170M11415,1,9,0,9,0,8,0,0,0,0,1,1,6,2,42,7,1149,1,4,-1,1,-1
2015170M11415,2,4,0,18,0,8,0,0,0,0,1,1,6,1,23,5,124,1,3,-1,1,-1
2015170M11425,1,9,0,9,0,8,0,0,0,0,3,1,6,1,-1,-1,1461,2,-1,-1,-1,-1
2015170M11425,2,3,0,18,0,8,0,0,0,0,1,1,6,1,21,5,125,1,-1,-1,-1,-1
2015170M11445,1,9,0,3,0,1,0,0,0,0,2,1,6,1,33,6,1956,2,5,-1,-1,-1
2015170M11445,2,9,0,18,0,1,0,0,0,0,1,1,6,2,-1,-1,1986,2,10,-1,1,-1
2015170M11455,1,9,0,18,0,1,0,0,0,0,1,1,6,1,38,7,1796,1,9,-1,1,-1
2015170M11465,1,9,0,9,0,8,0,0,0,0,4,1,6,2,17,4,1242,1,6,-1,1,-1
2015170M11465,2,9,0,18,0,8,0,0,0,0,1,1,6,2,23,5,1299,1,13,-1,1,-1
2015170M11475,1,9,0,18,0,0,0,0,0,0,3,1,6,2,62,9,1386,1,6,-1,1,-1
2015170M11475,2,21,0,11,0,0,0,0,0,0,4,1,1,1,43,7,12740,2,4,-1,1,-1
2015170M11495,1,9,0,14,0,0,0,0,0,0,4,1,6,2,26,6,1198,1,2,-1,1,-1
2015170M11515,1,9,0,17,0,0,0,0,0,0,1,1,6,3,-1,-1,-1,-1,-1,-1,-1,-1
2015170M11525,1,9,0,3,0,0,0,0,0,0,2,1,6,2,26,6,1753,2,8,-1,1,-1
2015170M11525,2,9,0,18,0,0,0,0,0,0,1,1,6,1,27,6,2993,2,10,-1,1,-1
2015170M11545,1,9,0,18,0,0,0,0,0,0,4,1,6,3,-1,-1,-1,-1,-1,-1,-1,-1
2015170M11555,1,9,0,7,0,1,0,0,0,0,1,1,6,2,25,5,1242,1,7,-1,-1,-1
2015170M11565,1,9,0,2,0,0,0,0,0,0,3,1,6,1,41,7,1956,2,1,-1,1,-1
2015170M11565,2,1,0,18,0,0,0,0,0,0,1,1,6,1,40,7,-1,-1,-1,-1,1,-1
2015170M11585,1,9,0,4,0,1,0,0,0,0,3,1,1,1,32,6,2993,2,2,-1,3,-1
2015170M11585,2,9,0,5,0,1,0,0,0,0,4,1,6,1,56,9,1598,1,11,-1,1,-1
2015170M11595,1,3,0,15,0,0,0,0,0,0,3,1,6,1,24,5,124,1,-1,-1,1,-1
2015170M11595,2,8,0,13,0,0,0,0,0,0,4,1,1,1,33,6,-1,-1,-1,-1,1,-1
2015170M11635,1,9,0,9,0,4,0,0,0,0,3,1,6,1,38,7,1598,1,11,-1,1,-1
2015170M11635,2,5,0,18,0,8,0,0,0,0,1,1,6,1,58,9,1340,1,7,-1,3,-1
2015170M11645,1,9,0,18,0,0,0,0,0,0,1,1,6,1,18,4,-1,-1,-1,-1,1,-1
2015170M11645,2,9,0,4,0,0,0,0,0,0,2,1,6,2,30,6,1598,1,2,-1,1,-1
2015170M11655,1,9,0,9,0,8,0,0,0,0,1,1,6,2,42,7,1596,1,13,-1,1,-1
2015170M11655,2,9,0,18,0,8,0,0,0,0,1,1,6,2,51,8,1686,2,12,-1,1,-1
2015170M11665,1,9,0,7,0,8,0,0,0,0,4,1,6,1,66,10,2000,2,9,-1,1,-1
2015170M11665,2,1,0,18,0,8,0,0,0,0,1,1,6,1,46,8,-1,-1,-1,-1,1,-1
2015170M11675,1,9,0,18,0,0,0,0,0,0,4,1,6,1,27,6,1206,1,4,-1,1,-1
2015170M11685,1,9,0,18,0,0,0,0,0,0,1,1,2,1,24,5,1988,1,15,-1,1,-1
2015170M11685,2,9,0,18,0,0,5,0,2,7,2,1,2,2,50,8,1587,1,6,-1,1,-1
2015170M11695,1,8,0,18,0,0,0,0,0,0,0,1,1,1,29,6,1896,2,10,-1,1,-1
2015170M11705,1,1,0,18,0,8,0,0,0,0,1,1,6,1,46,8,-1,-1,-1,-1,1,-1
2015170M11705,2,9,0,7,0,8,0,0,0,0,4,1,6,1,24,5,1896,2,11,-1,1,-1