Accident_Index,Vehicle_Reference,Vehicle_Type,Towing_and_Articulation,Vehicle_Manoeuvre,Vehicle_Location-Restricted_Lane,Junction_Location,Skidding_and_Overturning,Hit_Object_in_Carriageway,Vehicle_Leaving_Carriageway,Hit_Object_off_Carriageway,1st_Point_of_Impact,Was_Vehicle_Left_Hand_Drive?,Journey_Purpose_of_Driver,Sex_of_Driver,Age_of_Driver,Age_Band_of_Driver,Engine_Capacity_(CC),Propulsion_Code,Age_of_Vehicle,Driver_IMD_Decile,Driver_Home_Area_Type,Vehicle_IMD_Decile
2015170M22365,1,9,0,18,0,1,0,0,0,0,1,1,6,2,41,7,1248,2,7,-1,1,-1
2015170M22365,2,9,0,3,0,1,0,0,0,0,2,1,6,1,32,6,1242,1,8,-1,1,-1
2015170M22485,1,8,0,3,0,1,0,0,0,0,2,1,1,1,49,8,1598,2,-1,-1,-1,-1
2015170M22485,2,9,0,18,0,1,0,0,0,0,1,1,6,1,-1,-1,-1,-1,-1,-1,-1,-1
2015170M22665,1,9,0,5,0,1,0,0,0,0,1,1,6,1,-1,-1,-1,-1,-1,-1,-1,-1
2015170M22715,1,9,0,3,0,1,0,0,0,0,4,1,6,1,30,6,1598,1,10,-1,1,-1
2015170M22715,2,1,0,15,0,1,0,0,0,0,1,1,6,1,22,5,-1,-1,-1,-1,1,-1
2015170M22755,1,3,0,14,0,8,0,0,0,0,1,1,6,1,29,6,-1,-1,-1,-1,1,-1
2015170M22755,2,9,0,9,0,8,0,0,0,0,1,1,6,1,26,6,1968,2,9,-1,1,-1
2015170M22975,1,9,0,13,0,1,0,0,0,0,4,1,6,1,30,6,2993,2,2,-1,1,-1
2015170M22975,2,9,0,18,0,1,0,0,0,0,3,1,6,2,47,8,1951,2,11,-1,1,-1
2015170M22975,3,9,0,18,0,1,0,0,0,0,3,1,6,2,23,5,1781,1,11,-1,1,-1
2015170M22975,4,9,0,10,0,1,0,0,0,0,1,1,6,1,28,6,1798,2,-1,-1,1,-1
2015170M23135,1,9,0,18,0,8,0,0,0,0,1,1,2,2,53,8,1360,1,10,-1,-1,-1
2015170M23135,2,9,0,18,0,8,0,0,0,0,1,1,6,1,42,7,1995,2,1,-1,1,-1
2015170M23185,1,9,0,4,0,2,0,0,0,0,2,1,6,1,47,8,2967,2,8,-1,1,-1
2015170M23185,2,9,0,18,0,2,0,0,0,0,1,1,6,2,48,8,1497,1,13,-1,1,-1
2015170M23215,1,9,0,4,0,1,0,0,0,0,2,1,1,1,41,7,1896,2,7,-1,1,-1
2015170M23215,2,9,0,18,0,1,0,0,0,0,1,1,6,1,44,7,-1,-1,-1,-1,1,-1
2015170M23385,1,9,0,8,0,1,0,0,0,0,2,1,6,1,56,9,1149,1,12,-1,1,-1
2015170M23385,2,19,0,18,0,1,0,0,0,0,1,1,6,1,35,6,2198,2,6,-1,-1,-1
2015170M30065,1,9,0,16,0,0,1,0,7,1,1,1,6,2,30,6,-1,-1,-1,-1,3,-1
2015170M30175,1,9,0,9,0,8,0,0,0,0,3,1,1,2,62,9,1339,1,3,-1,1,-1
2015170M30175,2,9,0,18,0,8,0,0,0,0,1,1,2,1,20,4,1086,1,9,-1,1,-1
2015170M30195,1,9,0,3,0,0,0,0,0,0,2,1,6,1,32,6,1582,2,5,-1,1,-1
2015170M30195,2,9,0,3,0,0,0,0,0,0,2,1,6,1,60,9,1598,1,10,-1,1,-1
2015170M30195,3,9,0,3,0,0,0,0,0,0,2,1,6,2,65,9,1198,1,5,-1,1,-1
2015170M30195,4,9,0,3,0,0,0,0,0,0,2,1,6,1,53,8,-1,-1,-1,-1,1,-1
2015170M30195,5,19,0,18,0,0,0,0,0,0,1,1,1,1,21,5,2287,2,5,-1,1,-1
2015170M30205,1,9,0,3,0,0,0,0,0,0,2,1,3,2,36,7,1587,1,8,-1,1,-1
2015170M30205,2,9,0,18,0,0,0,0,0,0,1,1,2,1,34,6,1597,1,19,-1,1,-1
2015170M30415,1,9,0,18,0,4,0,0,0,0,1,1,6,1,18,4,1248,2,10,-1,1,-1
2015170M30415,2,9,0,18,0,8,0,0,0,0,4,1,6,1,25,5,2993,2,-1,-1,1,-1
2015170M30455,1,9,0,18,0,0,5,0,2,10,1,1,6,1,26,6,-1,-1,-1,-1,1,-1
2015170M30475,1,9,0,3,0,2,0,0,0,0,2,1,6,1,61,9,-1,-1,-1,-1,1,-1
2015170M30475,2,9,0,3,0,2,0,0,0,0,2,1,6,2,54,8,1587,1,8,-1,1,-1
2015170M30475,3,9,0,18,0,2,0,0,0,0,1,1,6,2,50,8,1299,1,11,-1,1,-1
2015170M30515,1,9,0,18,0,0,0,0,0,0,2,1,6,1,36,7,-1,-1,-1,-1,1,-1
2015170M30515,2,9,0,18,0,0,0,0,0,0,1,1,6,1,40,7,1586,1,8,-1,1,-1
2015170M30645,1,9,0,4,0,0,0,0,0,0,2,1,6,1,46,8,1560,2,3,-1,1,-1
2015170M30645,2,9,0,18,0,0,0,0,0,0,1,1,6,1,80,11,1582,2,3,-1,3,-1
2015170M30665,1,9,0,18,0,0,5,7,0,0,1,1,6,1,41,7,1598,1,3,-1,1,-1
2015170M30705,1,19,0,7,0,8,0,0,0,0,1,1,1,1,47,8,-1,-1,-1,-1,1,-1
2015170M30705,2,1,0,18,0,8,0,0,0,0,4,1,6,1,31,6,-1,-1,-1,-1,1,-1
2015170M30775,1,9,0,18,0,8,0,0,1,2,1,1,6,1,20,4,1968,2,6,-1,1,-1
2015170M30775,2,9,0,9,0,8,0,0,0,0,4,1,6,2,44,7,1197,1,1,-1,1,-1
2015170M30855,1,9,0,3,0,7,0,0,0,0,2,1,2,2,43,7,1598,1,4,-1,1,-1
2015170M30855,2,9,0,3,0,7,0,0,0,0,2,1,2,1,32,6,1956,2,1,-1,-1,-1
2015170M30855,3,9,0,18,0,7,0,0,0,0,1,1,2,2,27,6,998,1,-1,-1,2,-1
2015170M30855,4,9,0,18,0,7,0,0,0,0,1,1,2,2,29,6,1686,2,-1,-1,1,-1
2015170M30905,1,9,0,18,0,0,0,0,1,0,1,1,6,1,33,6,1388,1,16,-1,3,-1
2015170M30905,2,9,0,18,0,0,0,0,1,0,2,1,6,2,23,5,1296,1,9,-1,1,-1
2015170M30945,1,21,1,11,0,0,0,0,0,0,4,1,1,1,46,8,10308,2,10,-1,1,-1
2015170M30945,2,9,0,18,0,0,0,0,0,0,3,1,6,2,42,7,1798,1,7,-1,2,-1
2015170M31125,1,9,0,4,0,0,0,0,0,0,1,1,6,2,25,5,1242,1,13,-1,1,-1
2015170M31125,2,9,0,2,0,0,0,0,0,0,3,1,6,2,35,6,1560,2,3,-1,1,-1
2015170M31145,1,9,0,9,0,6,0,0,0,0,4,1,6,2,44,7,1390,1,4,-1,1,-1
2015170M31265,1,9,0,3,0,0,0,0,0,0,2,1,6,1,56,9,1499,1,7,-1,1,-1
2015170M31265,2,9,0,3,0,0,0,0,0,0,2,1,6,1,32,6,1686,2,7,-1,1,-1
2015170M31265,3,9,0,18,0,0,0,0,0,0,1,1,6,1,19,4,1199,1,11,-1,-1,-1
2015170M31295,1,19,0,9,0,8,0,0,0,0,1,1,1,1,19,4,2461,2,7,-1,1,-1
2015170M31295,2,9,0,18,0,8,0,0,0,0,3,1,6,2,35,6,-1,-1,-1,-1,1,-1
2015170M31505,1,1,0,18,0,6,0,0,0,0,1,1,2,1,48,8,-1,-1,-1,-1,1,-1
2015170M31505,2,9,0,18,0,8,0,0,0,0,1,1,2,2,55,8,1248,1,6,-1,1,-1
2015170M31535,1,9,0,7,0,8,0,0,0,0,1,1,6,1,42,7,1998,1,12,-1,1,-1
2015170M31535,2,9,0,7,0,8,0,0,0,0,2,1,6,2,33,6,1598,1,8,-1,1,-1
2015170M31575,1,9,0,18,0,1,0,0,0,0,1,1,6,1,18,4,1242,1,8,-1,1,-1
2015170M31575,2,9,0,9,0,1,0,0,0,0,2,1,6,2,27,6,1596,1,8,-1,1,-1
2015170M31805,1,3,0,3,0,1,0,0,0,0,2,1,6,1,19,4,125,1,6,-1,1,-1
2015170M31805,2,9,0,4,0,1,0,0,0,0,1,1,6,1,43,7,1560,2,7,-1,1,-1
2015170M32115,1,9,0,17,0,2,1,0,0,0,1,1,6,1,19,4,1229,1,7,-1,1,-1
2015170M32115,2,9,0,16,0,1,0,0,0,0,3,1,6,1,40,7,1910,2,8,-1,1,-1
2015170M32145,1,9,0,18,0,0,0,0,0,0,3,1,6,1,27,6,1368,1,6,-1,1,-1
2015170M32165,1,1,0,18,0,8,0,0,0,0,4,1,2,1,43,7,-1,-1,-1,-1,1,-1
2015170M32165,2,9,0,18,0,4,0,0,0,0,1,1,2,2,60,9,1229,1,7,-1,1,-1
2015170M32175,1,19,0,14,0,0,0,0,0,0,1,1,6,1,43,7,1248,2,7,-1,1,-1
2015170M32175,2,3,0,16,0,0,0,0,0,0,1,1,6,1,18,4,125,1,-1,-1,1,-1
2015170M32255,1,9,0,9,0,8,0,0,0,0,4,1,6,1,42,7,2198,1,13,-1,1,-1
2015170M32255,2,1,0,18,0,8,0,0,0,0,1,1,6,1,39,7,-1,-1,-1,-1,1,-1
2015170M32265,1,9,0,5,0,1,0,0,0,0,1,1,6,1,25,5,-1,-1,-1,-1,1,-1
2015170M32265,2,1,0,3,0,1,0,0,0,0,2,1,6,1,60,9,-1,-1,-1,-1,1,-1
2015170M32325,1,9,0,18,0,1,0,0,0,0,1,1,1,1,54,8,1997,2,3,-1,1,-1
2015170M32325,2,9,0,3,0,1,0,0,0,0,2,1,2,2,38,7,1560,2,5,-1,1,-1
2015170M32375,1,9,0,4,0,2,0,0,0,0,2,1,6,2,26,6,1595,1,7,-1,1,-1
2015170M32375,2,9,0,4,0,2,0,0,0,0,2,1,6,2,70,10,1349,1,-1,-1,1,-1
2015170M32375,3,9,0,18,0,2,0,0,0,0,1,1,6,1,18,4,1149,1,12,-1,1,-1
2015170M32405,1,9,0,7,0,8,0,0,0,0,1,1,2,1,47,8,1388,1,8,-1,1,-1
2015170M32405,2,1,0,18,0,8,0,0,0,0,4,1,2,1,43,7,-1,-1,-1,-1,-1,-1
2015170M32515,1,9,0,5,0,0,0,0,0,0,2,1,6,2,33,6,-1,-1,-1,-1,1,-1
2015170M32565,1,9,0,10,0,1,0,0,0,0,2,1,6,2,39,7,1390,1,5,-1,1,-1
2015170M32565,2,9,0,18,0,1,0,0,0,0,1,1,6,1,43,7,1968,2,8,-1,1,-1
2015170M32575,1,11,0,18,0,8,0,0,0,0,0,1,1,1,52,8,6696,2,1,-1,1,-1
2015170M32605,1,19,0,3,0,1,0,0,0,0,2,1,1,1,50,8,2987,2,4,-1,1,-1
2015170M32605,2,9,0,18,0,1,0,0,0,0,1,1,6,2,79,11,1686,2,10,-1,1,-1
2015170M32635,1,9,0,18,0,0,0,0,0,0,2,1,2,1,54,8,-1,-1,-1,-1,1,-1
2015170M32635,2,9,0,18,0,0,0,0,0,0,2,1,2,2,53,8,-1,-1,-1,-1,1,-1
2015170M32635,3,9,0,11,0,0,0,0,0,0,1,1,2,2,57,9,1461,2,4,-1,1,-1
2015170M32655,1,9,0,18,0,1,0,0,0,0,1,1,6,1,76,11,2184,2,12,-1,1,-1
2015170M32655,2,9,0,3,0,1,0,0,0,0,2,1,2,1,60,9,2993,2,5,-1,1,-1
2015170M32725,1,3,0,5,0,0,0,7,0,0,1,1,6,1,21,5,-1,-1,-1,-1,1,-1
2015170M32735,1,11,0,18,0,0,0,0,0,0,1,1,1,1,24,5,6696,2,1,-1,1,-1
2015170M32825,1,9,0,4,0,0,0,0,0,0,2,1,6,1,26,6,1229,1,9,-1,1,-1
2015170M32825,2,9,0,18,0,0,0,0,0,0,1,1,6,1,-1,-1,2993,2,3,-1,1,-1
2015170M32935,1,5,0,18,0,1,0,0,0,0,1,1,1,1,42,7,955,1,15,-1,2,-1
2015170M32935,2,9,0,9,0,8,0,0,0,0,4,1,1,1,22,5,1242,1,1,-1,1,-1
2015170M33095,1,9,0,18,0,0,0,0,0,0,1,1,6,1,69,10,2497,2,9,-1,1,-1
2015170M33105,1,9,0,18,0,8,1,0,1,9,1,1,6,1,63,9,1360,1,6,-1,1,-1
2015170M33195,1,9,0,18,0,0,0,0,0,0,1,1,6,2,48,8,1995,2,3,-1,1,-1
2015170M33195,2,9,0,3,0,0,0,0,0,0,2,1,6,2,59,9,1229,1,7,-1,1,-1
2015170M33195,3,9,0,3,0,0,0,0,0,0,2,1,6,2,48,8,1598,1,11,-1,1,-1
2015170M33205,1,9,0,9,0,8,0,0,0,0,1,1,6,2,63,9,1329,1,5,-1,3,-1
2015170M33205,2,3,0,18,0,8,0,0,0,0,1,1,6,1,52,8,125,1,1,-1,1,-1
2015170M33245,1,9,0,18,0,2,0,0,0,0,4,1,6,2,-1,-1,-1,-1,-1,-1,-1,-1
2015170M33275,1,9,0,18,0,1,0,0,0,0,1,1,6,1,84,11,1398,1,5,-1,2,-1
2015170S10015,1,19,0,1,0,0,0,0,0,0,2,1,1,1,32,6,2143,2,2,-1,1,-1
2015170S10045,1,9,0,7,0,8,0,0,0,0,1,1,6,1,28,6,1124,1,10,-1,1,-1
2015170S10045,2,1,0,18,0,8,0,0,0,0,1,1,6,1,40,7,-1,-1,-1,-1,1,-1
2015170S10065,1,9,0,18,0,8,0,0,0,0,4,1,6,1,91,11,1397,1,2,-1,1,-1
2015170S10065,2,9,0,18,0,8,0,0,0,0,1,1,6,2,18,4,-1,-1,-1,-1,2,-1
2015170S10075,1,9,4,2,0,1,0,0,0,0,4,1,1,1,38,7,-1,-1,-1,-1,1,-1
2015170S10075,2,9,0,18,0,1,0,0,0,0,1,1,6,2,21,5,1229,1,5,-1,1,-1
2015170S10085,1,9,0,3,0,0,0,0,0,0,2,1,6,1,83,11,-1,-1,-1,-1,1,-1
2015170S10085,2,9,0,18,0,0,0,0,0,0,1,1,6,2,60,9,1596,1,15,-1,1,-1
2015170S10135,1,21,1,11,0,0,0,0,0,0,4,1,1,1,55,8,12580,2,9,-1,-1,-1
2015170S10135,2,9,0,18,0,0,0,0,4,6,3,1,2,1,47,8,-1,-1,-1,-1,1,-1
2015170S10135,3,19,0,18,0,0,0,0,0,0,2,1,1,1,37,7,2198,2,-1,-1,1,-1
2015170S10145,1,9,0,18,0,2,0,0,0,0,0,1,6,3,-1,-1,-1,-1,-1,-1,-1,-1
2015170S10155,1,9,0,18,0,0,0,0,0,0,1,1,6,1,19,4,-1,-1,-1,-1,1,-1
2015170S10155,2,9,0,13,0,0,0,0,0,0,1,1,6,3,-1,-1,-1,-1,-1,-1,-1,-1
2015170S10195,1,20,0,18,0,1,0,0,0,0,4,1,1,1,38,7,2402,2,13,-1,1,-1
2015170S10205,1,9,0,18,0,1,0,0,0,0,3,1,6,1,39,7,1595,1,8,-1,1,-1
2015170S10235,1,9,0,18,0,0,0,0,0,0,1,1,6,2,33,6,2993,2,11,-1,1,-1
2015170S10245,1,9,0,13,0,0,0,0,0,0,4,1,6,3,-1,-1,-1,-1,-1,-1,-1,-1
2015170S10245,2,1,0,18,0,0,0,0,0,0,3,1,6,1,41,7,-1,-1,-1,-1,1,-1
2015170S10265,1,9,0,9,0,6,0,0,0,0,1,1,6,1,-1,-1,1896,2,7,-1,1,-1
2015170S10275,1,9,0,18,0,4,0,0,0,0,1,1,6,2,22,5,998,1,8,-1,1,-1
2015170S10275,2,5,0,18,0,8,0,0,0,0,1,1,6,1,35,6,849,1,3,-1,1,-1
2015170S10285,1,19,0,1,0,1,0,0,0,0,2,1,1,1,51,8,2143,2,1,-1,1,-1
2015170S10295,1,9,0,9,0,8,0,0,0,0,3,1,6,2,48,8,1240,1,10,-1,1,-1
2015170S10295,2,9,0,13,0,8,0,0,0,0,1,1,6,1,17,4,-1,-1,-1,-1,1,-1
2015170S10295,3,9,0,2,0,2,0,0,0,0,4,1,6,2,-1,-1,1985,1,12,-1,1,-1
2015170S10295,4,9,0,2,0,2,0,0,0,0,1,1,6,1,-1,-1,2184,2,9,-1,1,-1
2015170S10305,1,9,0,11,0,0,0,0,0,0,4,1,6,1,45,7,1461,2,2,-1,1,-1
2015170S10305,2,5,0,15,0,0,0,0,0,0,3,1,6,1,49,8,998,1,6,-1,1,-1
2015170S10315,1,9,0,16,0,0,0,0,7,11,1,1,6,1,19,4,998,1,16,-1,3,-1
2015170S10335,1,9,0,3,0,0,0,0,0,0,2,1,3,1,41,7,1560,2,3,-1,1,-1
2015170S10335,2,9,0,3,0,0,0,0,0,0,2,1,3,1,39,7,1299,1,7,-1,1,-1
2015170S10335,3,9,0,18,0,0,0,0,0,0,1,1,6,1,44,7,1598,1,10,-1,1,-1
2015170S10365,1,9,0,9,0,8,0,0,0,0,1,1,6,1,78,11,1995,2,10,-1,1,-1
2015170S10365,2,9,0,18,0,8,0,0,0,0,1,1,6,1,45,7,1396,2,1,-1,1,-1
2015170S10395,1,9,0,18,0,1,0,0,0,0,1,1,6,1,21,5,998,1,3,-1,2,-1
2015170S10395,2,9,0,3,0,1,0,0,0,0,2,1,6,2,20,4,1598,2,1,-1,1,-1
2015170S10395,3,9,0,10,0,1,0,0,0,0,2,1,6,1,61,9,1560,2,1,-1,1,-1
2015170S10405,1,9,0,5,0,0,0,0,0,0,1,1,6,2,30,6,2231,2,7,-1,1,-1
2015170S10405,2,2,0,18,0,0,0,0,0,0,1,1,6,1,32,6,124,1,2,-1,1,-1
2015170S10415,1,9,0,18,0,8,0,0,0,0,1,1,6,1,71,10,1956,2,4,-1,1,-1
2015170S10415,2,9,0,18,0,8,0,0,0,0,2,1,6,1,21,5,1149,1,14,-1,1,-1
2015170S10425,1,9,0,18,0,8,0,0,0,0,4,1,6,2,35,6,1198,1,4,-1,1,-1
2015170S10425,2,9,0,18,0,4,0,0,0,0,1,1,6,1,28,6,1998,1,16,-1,1,-1
2015170S10455,1,9,0,18,0,0,0,0,2,7,4,1,6,1,27,6,1968,2,1,-1,3,-1
2015170S10465,1,8,0,18,0,1,0,0,0,0,4,1,1,1,47,8,-1,-1,-1,-1,1,-1
2015170S10475,1,9,0,2,0,0,0,0,0,0,2,1,6,2,62,9,1998,1,13,-1,1,-1
2015170S10475,2,9,0,1,0,0,0,0,0,0,2,1,6,2,25,5,1995,2,10,-1,1,-1
2015170S10485,1,9,0,18,0,1,0,0,0,0,1,1,6,2,43,7,1598,2,3,-1,1,-1
2015170S10495,1,9,0,3,0,0,0,0,0,0,2,1,3,2,29,6,1956,2,6,-1,1,-1
2015170S10495,2,9,0,18,0,0,0,0,0,0,1,1,3,2,29,6,1596,1,14,-1,1,-1
2015170S10525,1,8,0,9,0,8,0,0,0,0,1,1,1,1,37,7,1560,2,3,-1,1,-1
2015170S10535,1,9,0,18,0,8,0,0,0,0,1,1,6,2,21,5,-1,-1,-1,-1,1,-1
2015170S10535,2,8,0,9,0,8,0,0,0,0,1,1,1,1,32,6,1686,2,12,-1,1,-1
2015170S10545,1,9,0,18,0,8,0,0,0,0,3,1,6,2,47,8,-1,-1,-1,-1,1,-1
2015170S10545,2,5,0,18,0,8,0,0,0,0,1,1,6,1,24,5,998,1,13,-1,1,-1
2015170S10555,1,9,0,17,0,1,0,0,0,0,3,1,6,1,21,5,1299,1,18,-1,1,-1
2015170S10555,2,9,0,13,0,1,0,0,0,0,4,1,6,3,-1,-1,-1,-1,-1,-1,-1,-1
2015170S10565,1,1,0,7,0,8,0,0,0,0,3,1,6,2,20,4,-1,-1,-1,-1,1,-1
2015170S10565,2,19,0,7,0,8,0,0,0,0,4,1,6,3,-1,-1,-1,-1,-1,-1,-1,-1
2015170S10575,1,9,0,18,0,2,0,0,0,0,1,1,6,2,28,6,1560,2,5,-1,1,-1
2015170S10575,2,9,0,4,0,2,0,0,0,0,2,1,6,1,52,8,1248,2,9,-1,1,-1
2015170S10585,1,9,0,3,0,1,0,0,0,0,2,1,6,1,52,8,1390,1,1,-1,1,-1
2015170S10585,2,9,0,18,0,1,0,0,0,0,1,1,6,2,21,5,1229,1,9,-1,1,-1
2015170S10605,1,9,0,7,0,3,0,0,0,0,4,1,6,2,24,5,1349,1,6,-1,1,-1
2015170S10605,2,1,0,18,0,8,0,0,0,0,3,1,6,1,39,7,-1,-1,-1,-1,1,-1
2015170S10625,1,9,0,9,0,8,0,0,0,0,1,1,2,2,59,9,1119,1,14,-1,1,-1
2015170S10635,1,9,0,18,0,0,0,0,0,0,1,1,6,1,80,11,-1,-1,-1,-1,1,-1
2015170S10645,1,9,0,17,0,1,0,0,0,0,1,1,6,1,41,7,1396,1,14,-1,1,-1
2015170S10655,1,9,0,18,0,0,0,0,0,0,4,1,6,2,24,5,1339,1,6,-1,1,-1
2015170S10655,2,9,0,18,0,0,0,0,0,0,3,1,6,3,-1,-1,-1,-1,-1,-1,-1,-1
2015170S10675,1,9,0,9,0,8,0,0,0,0,4,1,6,1,89,11,-1,-1,-1,-1,1,-1
2015170S10675,2,1,0,18,0,8,0,0,0,0,1,1,6,1,37,7,-1,-1,-1,-1,1,-1
2015170S10695,1,9,0,18,0,8,0,0,0,0,1,1,6,1,53,8,-1,-1,-1,-1,1,-1
2015170S10695,2,9,0,9,0,6,0,0,0,0,1,1,6,1,19,4,1149,1,12,-1,1,-1
2015170S10715,1,9,0,18,0,0,0,0,0,0,1,1,2,2,50,8,2987,2,10,-1,1,-1
2015170S10715,2,9,0,18,0,0,0,0,0,0,2,1,2,2,37,7,1398,2,8,-1,1,-1
2015170S10725,1,9,0,18,0,0,0,0,0,0,3,1,6,2,57,9,-1,-1,-1,-1,3,-1
2015170S10725,2,9,0,18,0,0,0,0,0,0,4,1,6,2,35,6,1910,2,8,-1,2,-1
2015170S10725,3,9,0,18,0,0,0,0,0,0,3,1,6,1,43,7,1986,2,8,-1,1,-1
2015170S10735,1,9,0,7,0,3,0,0,0,0,4,1,6,2,73,10,1896,2,11,-1,1,-1
2015170S10735,2,1,0,18,0,8,0,0,0,0,1,1,6,2,51,8,-1,-1,-1,-1,-1,-1
2015170S10765,1,5,0,9,0,8,0,0,0,0,3,1,6,1,57,9,998,1,5,-1,1,-1
2015170S10805,1,9,0,18,0,0,0,0,0,0,1,1,6,1,74,10,1493,2,7,-1,1,-1
2015170S10825,1,1,0,18,0,0,0,0,0,0,1,1,6,2,45,7,-1,-1,-1,-1,1,-1
2015170S10825,2,9,0,2,0,0,0,0,0,0,3,1,6,1,-1,-1,-1,-1,-1,-1,-1,-1
2015170S10835,1,8,0,18,0,1,0,10,4,1,1,1,1,1,22,5,1896,2,7,-1,1,-1
2015170S10865,1,9,0,18,0,0,0,0,0,0,4,1,6,1,28,6,1999,1,10,-1,1,-1
2015170S10875,1,9,0,18,0,8,0,0,0,0,1,1,6,2,65,9,998,1,9,-1,1,-1
2015170S10875,2,1,0,18,0,8,0,0,0,0,1,1,6,1,9,2,-1,-1,-1,-1,1,-1
2015170S10895,1,9,0,9,0,4,0,0,0,0,1,1,6,2,66,10,1242,1,1,-1,1,-1
2015170S10895,2,1,0,18,0,8,0,0,0,0,4,1,6,1,46,8,-1,-1,-1,-1,1,-1
2015170S10905,1,11,0,18,0,0,0,0,0,0,4,1,1,1,61,9,4250,2,7,-1,1,-1
2015170S10915,1,21,1,18,0,0,5,0,0,0,4,1,1,1,48,8,12900,2,5,-1,2,-1
2015170S10925,1,9,0,9,0,8,0,0,0,0,1,1,6,2,28,6,-1,-1,-1,-1,1,-1
2015170S10925,2,5,0,18,0,8,0,0,0,0,1,1,6,1,48,8,996,1,10,-1,3,-1
2015170S10935,1,9,0,9,0,8,0,0,0,0,3,1,6,2,54,8,1587,1,13,-1,1,-1
2015170S10935,2,9,0,18,0,8,0,0,0,0,1,1,6,2,74,10,1388,1,8,-1,1,-1
2015170S10965,1,1,0,18,0,2,0,0,0,0,4,1,6,1,15,3,-1,-1,-1,-1,1,-1
2015170S10965,2,9,0,18,0,3,0,0,0,0,1,1,6,3,-1,-1,-1,-1,-1,-1,-1,-1
2015170S10985,1,11,0,18,0,8,0,0,0,0,1,1,1,1,59,9,-1,-1,-1,-1,1,-1
2015170S10985,2,22,0,18,0,6,0,0,0,0,1,1,6,1,69,10,-1,-1,-1,-1,1,-1
2015170S10995,1,9,0,18,0,0,5,0,7,9,1,1,6,1,27,6,1390,1,9,-1,1,-1
2015170S11035,1,9,0,4,0,0,0,0,0,0,2,1,2,2,34,6,1242,1,7,-1,2,-1
2015170S11035,2,9,0,18,0,0,0,0,0,0,1,1,2,1,23,5,1197,1,2,-1,1,-1
2015170S11085,1,9,0,8,0,0,0,0,0,0,2,1,6,1,-1,-1,1598,2,3,-1,2,-1
2015170S11085,2,3,0,18,0,0,1,0,0,0,1,1,6,1,24,5,124,1,9,-1,1,-1
2015170S11095,1,19,0,18,0,8,0,0,0,0,1,1,1,1,21,5,2198,2,-1,-1,1,-1
2015170S11095,2,9,0,9,0,8,5,0,0,0,4,1,6,1,75,10,1197,1,-1,-1,3,-1
2015170S11125,1,9,0,9,0,8,0,0,0,0,3,1,6,1,-1,-1,1339,1,8,-1,1,-1
2015170S11125,2,1,0,18,0,6,0,0,0,0,1,1,6,1,14,3,-1,-1,-1,-1,1,-1
2015170S11165,1,9,0,10,0,1,0,0,0,0,2,1,6,2,37,7,1968,2,2,-1,1,-1
2015170S11165,2,19,0,9,0,1,0,0,0,0,1,1,1,1,30,6,2402,2,6,-1,1,-1
2015170S11175,1,9,0,18,0,0,0,0,0,0,3,1,3,1,36,7,1997,2,4,-1,1,-1
2015170S11185,1,11,0,18,0,1,0,0,0,0,3,1,1,1,52,8,6696,2,1,-1,1,-1
2015170S11195,1,9,0,7,0,4,0,0,0,0,1,1,6,1,66,10,1596,1,14,-1,-1,-1
2015170S11195,2,1,0,18,0,8,0,0,0,0,4,1,6,2,32,6,-1,-1,-1,-1,1,-1
2015170S11205,1,9,0,18,0,0,0,0,2,7,1,1,6,1,18,4,1086,1,11,-1,1,-1
2015170S11215,1,4,0,18,0,0,0,0,0,0,4,1,6,2,57,9,175,1,47,-1,1,-1
2015170S11245,1,9,0,18,0,0,0,0,0,0,1,1,1,1,30,6,1360,1,13,-1,1,-1
2015170S11245,2,9,0,18,0,0,0,0,0,0,1,1,6,1,59,9,-1,-1,-1,-1,3,-1
2015170S11255,1,3,0,9,0,8,0,0,0,0,4,1,6,1,68,10,124,1,1,-1,1,-1
2015170S11255,2,9,0,9,0,4,0,0,0,0,1,1,6,1,62,9,1796,1,7,-1,1,-1
2015170S11275,1,9,0,3,0,1,0,0,0,0,2,1,6,2,58,9,1242,1,14,-1,1,-1
2015170S11275,2,19,0,18,0,1,0,0,0,0,1,1,6,1,26,6,1753,2,11,-1,1,-1
2015170S11295,1,9,0,18,0,1,0,0,0,0,1,1,6,2,34,6,1995,2,1,-1,1,-1
2015170S11295,2,22,0,18,0,2,0,0,0,0,4,1,6,1,74,10,-1,-1,-1,-1,1,-1
2015170S11325,1,9,0,18,0,8,0,0,0,0,1,1,6,1,31,6,1999,1,11,-1,1,-1
2015170S11325,2,8,0,3,0,1,0,0,0,0,1,1,1,1,31,6,1686,2,8,-1,1,-1
2015170S11325,3,9,0,3,0,1,0,0,0,0,1,1,6,1,18,4,1149,1,7,-1,1,-1
2015170S11335,1,9,0,18,0,8,0,0,0,0,1,1,6,2,44,7,1970,1,13,-1,1,-1
2015170S11335,2,9,0,18,0,8,0,0,1,10,3,1,6,2,84,11,1248,1,6,-1,1,-1
2015170S11345,1,9,0,9,0,8,0,0,0,0,1,1,6,2,67,10,1461,2,1,-1,1,-1
2015170S11345,2,9,0,18,0,8,0,0,0,0,1,1,6,1,30,6,1598,1,14,-1,1,-1
2015170S11355,1,9,4,18,0,0,0,0,0,0,1,1,6,1,76,11,1997,2,13,-1,1,-1
2015170S11355,2,9,0,18,0,0,0,0,0,0,1,1,6,2,77,11,1390,1,10,-1,1,-1
2015170S11365,1,9,0,18,0,1,0,0,0,0,1,1,6,1,54,8,1560,2,1,-1,1,-1
2015170S11365,2,1,0,18,0,8,0,0,0,0,1,1,6,1,12,3,-1,-1,-1,-1,1,-1