Accident_Index,Vehicle_Reference,Vehicle_Type,Towing_and_Articulation,Vehicle_Manoeuvre,Vehicle_Location-Restricted_Lane,Junction_Location,Skidding_and_Overturning,Hit_Object_in_Carriageway,Vehicle_Leaving_Carriageway,Hit_Object_off_Carriageway,1st_Point_of_Impact,Was_Vehicle_Left_Hand_Drive?,Journey_Purpose_of_Driver,Sex_of_Driver,Age_of_Driver,Age_Band_of_Driver,Engine_Capacity_(CC),Propulsion_Code,Age_of_Vehicle,Driver_IMD_Decile,Driver_Home_Area_Type,Vehicle_IMD_Decile
2015170S11375,1,9,0,18,0,0,0,0,0,0,0,1,6,3,-1,-1,-1,-1,-1,-1,-1,-1
2015170S11375,2,9,0,18,0,0,0,0,1,9,4,1,2,2,48,8,998,1,26,-1,1,-1
2015170S11395,1,1,0,18,0,8,0,0,0,0,1,1,6,1,14,3,-1,-1,-1,-1,-1,-1
2015170S11395,2,9,0,18,0,8,0,0,0,0,1,1,6,1,52,8,1798,1,6,-1,1,-1
2015170S11405,1,9,0,9,0,8,0,0,0,0,3,1,6,3,-1,-1,-1,-1,-1,-1,-1,-1
2015170S11405,2,9,0,18,0,8,0,0,0,0,1,1,6,1,21,5,1910,2,9,-1,1,-1
2015170S11415,1,9,0,11,0,0,0,0,1,0,2,1,6,2,48,8,875,1,3,-1,1,-1
2015170S11415,2,21,1,18,0,0,0,0,0,0,1,1,1,1,47,8,12900,2,3,-1,1,-1
2015170S11435,1,9,0,4,0,0,0,0,0,0,2,1,2,1,53,8,1229,1,3,-1,2,-1
2015170S11435,2,9,0,18,0,0,0,0,0,0,1,1,2,1,32,6,1560,2,2,-1,1,-1
2015170S11435,3,9,0,18,0,0,0,0,0,0,1,1,2,1,18,4,1198,1,13,-1,1,-1
2015170S11445,1,8,0,5,0,1,0,0,0,0,2,1,1,1,55,8,1896,2,10,-1,1,-1
2015170S11445,2,9,0,3,0,1,0,0,0,0,2,1,6,1,68,10,1596,1,8,-1,1,-1
2015170S11445,3,9,0,18,0,1,0,0,0,0,1,1,6,3,-1,-1,-1,-1,-1,-1,-1,-1
2015170S11455,1,9,0,18,0,8,0,0,0,0,1,1,6,1,34,6,1968,2,5,-1,1,-1
2015170S11455,2,9,0,18,0,8,0,0,0,0,1,1,6,1,47,8,1995,1,8,-1,1,-1
2015170S11465,1,9,0,9,0,8,0,0,0,0,1,1,6,1,27,6,1596,1,14,-1,1,-1
2015170S11465,2,1,0,18,0,8,0,0,0,0,1,1,6,1,57,9,-1,-1,-1,-1,1,-1
2015170S11475,1,10,0,18,0,0,0,0,0,0,4,1,1,1,50,8,2198,2,5,-1,1,-1
2015170S11485,1,9,0,18,0,1,0,0,0,0,0,1,6,1,22,5,1968,2,6,-1,1,-1
2015170S11485,2,3,0,18,0,8,0,0,0,0,3,1,2,1,60,9,124,1,2,-1,1,-1
2015170S11495,1,9,0,9,0,8,0,0,0,0,3,1,1,2,34,6,1560,2,3,-1,1,-1
2015170S11495,2,3,0,18,0,8,0,0,0,0,1,1,6,1,17,4,124,1,7,-1,3,-1
2015170S11515,1,9,0,3,0,1,0,0,0,0,2,1,6,1,43,7,1798,8,3,-1,3,-1
2015170S11515,2,9,0,5,0,1,0,0,0,0,1,1,6,2,22,5,1395,1,2,-1,1,-1
2015170S11545,1,10,0,18,0,0,0,0,0,0,3,1,1,1,37,7,1998,2,12,-1,1,-1
2015170S11595,1,9,0,9,0,6,0,0,0,0,1,1,6,1,31,6,1896,2,11,-1,1,-1
2015170S11595,2,4,0,18,0,8,0,0,0,0,1,1,6,1,19,4,449,1,7,-1,1,-1
2015170S11605,1,9,0,18,0,8,0,0,0,0,1,1,6,2,54,8,-1,-1,-1,-1,1,-1
2015170S11605,2,11,0,18,0,8,0,0,0,0,3,1,1,1,50,8,4250,2,7,-1,1,-1
2015170S11615,1,9,0,9,0,8,0,0,0,0,0,1,6,3,-1,-1,-1,-1,-1,-1,-1,-1
2015170S11615,2,11,0,18,0,8,0,0,0,0,0,1,1,1,47,8,6871,2,16,-1,1,-1
2015170S11625,1,9,0,2,0,1,0,0,0,0,0,1,6,1,40,7,2393,1,16,-1,1,-1
2015170S11625,2,9,0,10,0,1,0,0,0,0,2,1,6,2,37,7,1900,2,9,-1,1,-1
2015170S11625,3,11,0,14,0,1,0,0,0,0,1,1,1,1,41,7,6696,2,1,-1,1,-1
2015170S11635,1,9,0,7,0,8,0,0,0,0,4,1,6,3,-1,-1,-1,-1,-1,-1,-1,-1
2015170S11635,2,1,0,7,0,8,0,0,0,0,3,1,6,1,32,6,-1,-1,-1,-1,1,-1
2015170S11645,1,9,0,18,0,0,0,0,0,0,1,1,6,1,20,4,1598,1,11,-1,1,-1
2015170S11685,1,9,0,18,0,0,0,0,0,0,1,1,6,3,-1,-1,-1,-1,-1,-1,-1,-1
2015170S11685,2,1,0,18,0,0,0,0,0,0,2,1,6,1,27,6,-1,-1,-1,-1,1,-1
2015170S11695,1,9,0,9,0,8,0,0,0,0,3,1,6,2,24,5,1242,1,7,-1,1,-1
2015170S11695,2,9,0,18,0,8,0,0,0,0,1,1,6,2,66,10,1242,1,11,-1,1,-1
2015170S11695,3,9,0,18,0,8,0,0,0,0,3,1,1,2,44,7,1461,2,1,-1,1,-1
2015170S11705,1,11,0,5,2,0,0,0,0,0,0,1,1,1,61,9,-1,-1,-1,-1,1,-1
2015170S11715,1,3,0,18,0,8,0,10,3,0,1,1,2,1,23,5,124,1,-1,-1,1,-1
2015170S11725,1,9,0,9,0,8,0,0,0,0,1,1,6,2,19,4,1198,1,7,-1,1,-1
2015170S11725,2,9,0,18,0,8,0,0,0,0,1,1,6,1,63,9,2457,1,5,-1,1,-1
2015170S11735,1,19,0,18,0,0,0,0,0,0,1,1,1,2,27,6,1461,2,1,-1,1,-1
2015170S11735,2,9,0,4,0,0,0,0,0,0,2,1,2,1,32,6,1390,1,10,-1,1,-1
2015170S11745,1,9,0,18,0,0,0,0,0,0,4,1,6,1,56,9,1149,1,13,-1,1,-1
2015170S11755,1,9,0,6,0,0,0,0,0,0,3,1,6,1,30,6,1968,2,11,-1,1,-1
2015170S11755,2,3,0,18,0,0,0,0,0,0,1,1,6,1,26,6,125,1,2,-1,1,-1
2015170S11765,1,9,0,18,0,8,0,0,0,0,1,1,6,3,-1,-1,-1,-1,-1,-1,-1,-1
2015170S11765,2,1,0,18,0,8,0,0,0,0,2,1,2,1,35,6,-1,-1,-1,-1,1,-1
2015170S11815,1,9,0,18,0,1,0,0,0,0,1,1,1,1,27,6,1896,2,14,-1,1,-1
2015170S11835,1,1,0,18,0,8,0,0,0,0,1,1,2,1,49,8,-1,-1,-1,-1,1,-1
2015170S11835,2,9,0,9,0,8,0,0,0,0,3,1,2,1,38,7,1598,1,10,-1,1,-1
2015170S11845,1,8,0,18,0,0,0,0,0,0,4,1,1,1,20,4,1686,2,7,-1,1,-1
2015170S11855,1,9,0,12,0,8,0,0,0,0,0,1,6,3,-1,-1,-1,-1,-1,-1,-1,-1
2015170S11855,2,9,0,16,0,8,0,0,7,7,3,1,6,1,24,5,1596,1,12,-1,1,-1
2015170S11865,1,19,0,9,0,5,0,0,0,0,4,1,6,1,36,7,1461,2,5,-1,2,-1
2015170S11865,2,3,0,18,0,8,0,0,0,0,1,1,6,1,19,4,125,1,7,-1,1,-1
2015170S11885,1,9,0,18,0,0,0,0,0,0,1,1,6,1,29,6,-1,-1,-1,-1,1,-1
2015170S11885,2,9,0,2,0,0,0,0,1,11,2,1,6,2,26,6,999,1,-1,-1,1,-1
2015170S11885,3,9,0,2,0,0,0,0,0,0,4,1,6,1,60,9,1991,2,11,-1,1,-1
2015170S11885,4,9,0,2,0,0,0,0,0,0,2,1,6,1,-1,-1,1749,1,13,-1,1,-1
2015170S11925,1,97,0,18,0,1,0,0,0,0,1,1,6,1,21,5,-1,-1,-1,-1,1,-1
2015170S11925,2,9,0,18,0,2,0,0,0,0,1,1,6,2,27,6,1968,2,4,-1,1,-1
2015170S11935,1,9,0,18,0,2,0,0,0,0,4,1,1,1,39,7,1999,1,8,-1,2,-1
2015170S11945,1,9,0,18,0,0,0,0,0,0,4,1,6,1,-1,-1,-1,-1,-1,-1,-1,-1
2015170S12015,1,9,0,18,0,8,0,0,0,0,1,1,6,1,54,8,1360,1,5,-1,1,-1
2015170S12015,2,9,0,18,0,8,0,0,1,9,3,1,6,2,29,6,1242,1,6,-1,1,-1
2015170S12015,3,19,0,18,0,8,0,0,0,0,3,1,1,1,58,9,1868,2,9,-1,1,-1
2015170S12055,1,9,0,18,0,8,0,0,0,0,3,1,1,2,34,6,1596,1,10,-1,1,-1
2015170S12055,2,9,0,11,0,8,0,0,0,0,4,1,6,1,-1,-1,1995,2,3,-1,1,-1
2015170S12075,1,9,0,18,0,8,0,0,0,0,4,1,6,2,22,5,1198,1,6,-1,1,-1
2015170S12075,2,9,0,7,0,8,0,0,0,0,1,1,6,2,57,9,998,1,15,-1,-1,-1
2015170S12085,1,9,0,3,0,1,0,0,0,0,2,1,6,2,39,7,1242,1,5,-1,1,-1
2015170S12085,2,9,0,3,0,1,0,0,0,0,2,1,6,1,38,7,1390,1,7,-1,1,-1
2015170S12085,3,9,0,18,0,1,0,0,0,0,1,1,6,3,-1,-1,-1,-1,-1,-1,-1,-1
2015170S12105,1,9,0,18,0,1,0,0,0,0,1,1,6,1,78,11,1956,2,-1,-1,1,-1
2015170S12105,2,9,0,3,0,1,0,0,0,0,2,1,6,2,39,7,1795,1,11,-1,1,-1
2015170S12115,1,5,0,18,0,8,0,0,0,0,1,1,6,1,57,9,-1,-1,-1,-1,1,-1
2015170S12115,2,9,0,6,0,8,0,0,0,0,0,1,6,2,33,6,1599,1,10,-1,1,-1
2015170S12115,3,9,0,4,0,8,0,0,0,0,2,1,6,1,47,8,1591,1,-1,-1,1,-1
2015170S12135,1,9,0,18,0,8,0,0,0,0,3,1,6,2,51,8,1390,1,9,-1,1,-1
2015170S12135,2,8,0,9,0,8,0,0,0,0,1,1,1,1,60,9,1896,2,5,-1,1,-1
2015170S12165,1,9,0,4,0,0,0,0,0,0,2,1,6,1,66,10,1968,2,2,-1,1,-1
2015170S12165,2,9,0,4,0,0,0,0,0,0,2,1,6,1,50,8,1951,2,11,-1,3,-1
2015170S12165,3,9,0,18,0,0,0,0,0,0,1,1,2,1,37,7,1398,1,3,-1,1,-1
2015170S12165,4,9,0,18,0,0,0,0,0,0,1,1,6,1,25,5,2204,2,5,-1,-1,-1
2015170S12175,1,9,0,18,0,0,0,0,7,7,1,1,6,1,17,4,1388,1,8,-1,1,-1
2015170S12195,1,9,0,3,0,1,0,0,0,0,1,1,6,1,42,7,1497,1,9,-1,1,-1
2015170S12195,2,21,0,1,0,6,0,0,0,0,2,1,1,1,33,6,12600,2,11,-1,1,-1
2015170S12215,1,9,0,18,0,1,0,0,0,0,1,1,6,1,38,7,1896,2,12,-1,1,-1
2015170S12225,1,9,0,9,0,1,0,0,0,0,1,1,6,1,54,8,1685,2,3,-1,1,-1
2015170S12235,1,9,0,4,0,0,0,0,0,0,2,1,2,2,55,8,3498,1,6,-1,3,-1
2015170S12235,2,9,0,18,0,0,0,0,0,0,1,1,2,1,24,5,1248,2,2,-1,1,-1
2015170S12245,1,9,0,18,0,1,0,0,0,0,1,1,6,1,27,6,1596,1,14,-1,1,-1
2015170S12245,2,9,0,3,0,1,0,0,0,0,2,1,6,1,51,8,2400,2,4,-1,-1,-1
2015170S12285,1,9,0,9,0,8,0,0,0,0,4,1,6,1,69,10,2184,2,5,-1,3,-1
2015170S12285,2,5,0,10,0,1,0,0,0,0,1,1,6,1,75,10,582,1,14,-1,3,-1
2015170S12285,3,1,0,18,0,8,0,0,0,0,1,1,6,1,46,8,-1,-1,-1,-1,1,-1
2015170S12345,1,9,0,18,0,1,0,0,0,0,1,1,6,2,34,6,1199,1,15,-1,1,-1
2015170S12345,2,9,0,3,0,1,0,0,0,0,2,1,6,2,46,8,1910,2,9,-1,1,-1
2015170S12365,1,9,0,9,0,8,0,0,0,0,1,1,6,3,-1,-1,-1,-1,-1,-1,-1,-1
2015170S12365,2,1,0,17,0,8,0,0,0,0,2,1,6,2,55,8,-1,-1,-1,-1,1,-1
2015170S12395,1,9,0,18,0,2,0,0,0,0,1,1,6,1,31,6,1998,2,13,-1,1,-1
2015170S12395,2,1,0,18,0,2,0,0,0,0,1,1,6,1,44,7,-1,-1,-1,-1,-1,-1
2015170S12405,1,19,0,18,0,0,0,0,0,0,1,1,2,1,37,7,1686,2,9,-1,1,-1
2015170S12405,2,9,0,18,0,0,0,0,0,0,2,1,3,2,33,6,1596,1,5,-1,1,-1
2015170S12405,3,9,0,18,0,0,0,0,0,0,2,1,2,2,32,6,1560,2,7,-1,1,-1
2015170S12415,1,10,0,6,0,8,0,0,0,0,3,1,1,1,-1,-1,-1,-1,-1,-1,1,-1
2015170S12415,2,9,0,18,0,8,0,0,0,0,1,1,6,2,44,7,2494,1,14,-1,1,-1
2015170S12425,1,9,0,3,0,0,0,0,0,0,2,1,6,2,28,6,1461,2,4,-1,1,-1
2015170S12425,2,9,0,3,0,0,0,0,0,0,2,1,6,1,54,8,1398,2,10,-1,-1,-1
2015170S12425,3,9,0,18,0,0,0,0,0,0,1,1,6,1,85,11,1339,1,1,-1,1,-1
2015170S12435,1,9,0,1,0,1,0,0,0,0,2,1,6,1,75,10,1199,1,12,-1,1,-1
2015170S12435,2,9,0,3,0,1,0,0,0,0,1,1,6,1,25,5,2143,2,4,-1,1,-1
2015170S12455,1,9,0,7,0,8,0,0,0,0,1,1,6,2,30,6,1124,1,9,-1,1,-1
2015170S12455,2,1,0,18,0,8,0,0,0,0,4,1,6,1,45,7,-1,-1,-1,-1,1,-1
2015170S12475,1,1,0,18,0,8,0,0,0,0,1,1,2,1,38,7,-1,-1,-1,-1,-1,-1
2015170S12475,2,9,0,7,0,8,0,0,0,0,4,1,6,2,33,6,1360,1,8,-1,1,-1
2015170S12485,1,9,0,18,0,8,0,0,0,0,4,1,6,1,29,6,1998,1,10,-1,1,-1
2015170S12485,2,9,0,18,0,8,0,0,0,0,1,1,6,3,-1,-1,1587,1,12,-1,-1,-1
2015170S12525,1,9,0,18,0,0,0,0,0,0,3,1,6,1,50,8,1242,1,8,-1,1,-1
2015170S12545,1,9,0,18,0,0,0,0,0,0,4,1,6,1,29,6,1956,2,4,-1,1,-1
2015170S12545,2,9,0,12,0,0,0,0,0,0,3,1,6,2,-1,-1,1461,2,-1,-1,1,-1
2015170S12575,1,9,0,1,0,1,0,0,0,0,2,1,6,1,-1,-1,1149,1,14,-1,1,-1
2015170S12605,1,5,0,14,0,8,0,0,0,0,1,1,6,1,34,6,599,1,8,-1,1,-1
2015170S12605,2,9,0,9,0,8,0,0,0,0,1,1,6,1,21,5,1598,1,8,-1,1,-1
2015170S12645,1,11,0,7,0,2,0,0,0,0,1,1,1,2,48,8,6696,2,-1,-1,-1,-1
2015170S12645,2,11,0,2,0,2,0,0,0,0,2,1,1,1,47,8,6696,2,1,-1,1,-1
2015170S12655,1,9,0,18,0,0,2,0,1,7,4,1,6,2,24,5,1596,1,13,-1,3,-1
2015170S12665,1,9,0,7,0,2,0,0,1,10,1,1,6,2,19,4,1242,1,2,-1,1,-1
2015170S12695,1,9,0,17,0,0,0,0,1,4,1,1,6,2,60,9,1997,2,10,-1,1,-1
2015170S12705,1,8,0,18,0,0,0,0,0,0,1,1,1,1,51,8,1896,2,7,-1,1,-1
2015170S12705,2,9,0,2,0,0,0,0,0,0,2,1,6,1,63,9,1995,1,11,-1,3,-1
2015170S12715,1,1,0,18,0,6,0,0,0,0,3,1,6,1,64,9,-1,-1,-1,-1,1,-1
2015170S12715,2,9,0,5,0,1,0,0,0,0,1,1,6,2,30,6,1998,1,3,-1,1,-1
2015170S12725,1,9,0,18,0,8,0,0,0,0,1,1,6,3,-1,-1,1598,1,14,-1,-1,-1
2015170S12725,2,9,0,9,0,8,0,0,0,0,1,1,6,1,43,7,1242,1,18,-1,-1,-1
2015170S12735,1,9,0,9,0,4,0,0,0,0,1,1,6,3,-1,-1,1598,1,10,-1,-1,-1
2015170S12735,2,1,0,9,0,8,0,0,0,0,4,1,2,1,38,7,-1,-1,-1,-1,1,-1
2015170S12745,1,9,0,18,0,8,0,0,1,9,1,1,2,2,28,6,1390,1,11,-1,1,-1
2015170S12745,2,5,0,18,0,1,1,0,0,0,1,1,2,1,38,7,748,1,19,-1,1,-1
2015170S12765,1,9,0,18,0,0,0,0,1,2,1,1,6,1,20,4,1199,1,13,-1,1,-1
2015170S12775,1,11,0,4,0,0,0,0,0,0,1,1,1,1,60,9,6696,2,1,-1,1,-1
2015170S12785,1,8,0,18,0,0,2,0,8,11,1,1,1,1,21,5,1896,2,8,-1,1,-1
2015170S12795,1,9,0,3,0,0,0,0,0,0,2,1,2,2,57,9,1242,1,5,-1,1,-1
2015170S12795,2,9,0,3,0,0,0,0,0,0,2,1,2,2,33,6,1399,2,5,-1,1,-1
2015170S12795,3,9,0,18,0,0,0,0,0,0,1,1,2,1,30,6,2494,2,9,-1,3,-1
2015170S12805,1,9,0,18,0,8,0,0,0,0,4,1,6,2,48,8,1910,2,7,-1,1,-1
2015170S12805,2,9,0,18,0,4,0,0,0,0,1,1,6,2,20,4,998,1,15,-1,1,-1
2015170S12835,1,5,0,18,0,8,1,0,0,0,4,1,2,1,49,8,900,1,18,-1,1,-1
2015170S12835,2,9,0,9,0,8,0,0,0,0,0,1,6,1,-1,-1,2993,2,4,-1,1,-1
2015170S12845,1,19,0,9,0,8,0,0,0,0,1,1,2,1,32,6,1995,2,1,-1,1,-1
2015170S12845,2,5,0,18,0,8,0,0,0,0,1,1,6,1,26,6,599,1,13,-1,3,-1
2015170S12855,1,9,0,18,0,8,0,0,0,0,4,1,6,2,35,6,1598,1,14,-1,1,-1
2015170S12855,2,9,0,18,0,4,0,0,0,0,1,1,6,1,52,8,998,1,1,-1,-1,-1
2015170S12875,1,9,0,18,0,0,0,0,0,0,1,1,6,2,28,6,1586,1,-1,-1,1,-1
2015170S12875,2,9,0,3,0,0,0,0,0,0,2,1,6,2,55,8,1968,2,4,-1,3,-1
2015170S12875,3,9,0,3,0,0,0,0,0,0,2,1,6,1,27,6,1560,2,3,-1,1,-1
2015170S12905,1,9,0,18,0,0,0,0,0,0,1,1,6,1,53,8,1956,2,4,-1,1,-1
2015170S12905,2,9,0,18,0,0,0,0,0,0,2,1,6,2,27,6,1896,2,13,-1,1,-1
2015170S12905,3,9,0,18,0,0,0,0,0,0,2,1,6,2,24,5,1229,1,2,-1,1,-1
2015170S12925,1,9,0,9,0,8,0,0,0,0,1,1,2,2,18,4,1299,1,14,-1,1,-1
2015170S12925,2,9,0,18,0,8,0,0,7,11,1,1,6,2,62,9,1329,1,5,-1,3,-1
2015170S12935,1,9,0,18,0,1,0,0,0,0,1,1,6,3,-1,-1,998,1,14,-1,-1,-1
2015170S12935,2,9,0,10,0,1,0,0,0,0,2,1,6,2,52,8,1390,1,12,-1,1,-1
2015170S12945,1,9,0,18,0,2,0,0,0,0,1,1,6,3,-1,-1,-1,-1,-1,-1,-1,-1
2015170S12945,2,9,0,18,0,2,0,0,0,0,2,1,6,1,52,8,998,1,12,-1,1,-1
2015170S12945,3,9,0,4,0,2,0,0,0,0,2,1,6,1,47,8,1995,2,8,-1,3,-1
2015170S12975,1,9,0,18,0,2,0,0,0,0,1,1,6,1,31,6,1997,2,12,-1,1,-1
2015170S12995,1,9,0,18,0,8,0,0,0,0,4,1,6,1,19,4,1896,2,9,-1,1,-1
2015170S12995,2,9,0,18,0,8,0,0,0,0,1,1,6,2,54,8,2902,2,8,-1,1,-1
2015170S12995,3,9,0,2,0,2,0,0,0,0,2,1,6,1,44,7,2179,2,1,-1,3,-1
2015170S13015,1,9,0,18,0,0,0,0,0,0,1,1,6,1,76,11,1248,1,2,-1,1,-1
2015170S13015,2,9,0,3,0,0,0,0,0,0,2,1,2,2,45,7,1461,2,-1,-1,3,-1
2015170S13015,3,9,0,3,0,0,0,0,0,0,2,1,2,1,56,9,2179,2,5,-1,1,-1
2015170S13025,1,9,0,18,0,0,0,0,0,0,1,1,2,2,42,7,1461,2,3,-1,-1,-1
2015170S13025,2,9,0,3,0,0,0,0,0,0,2,1,2,1,27,6,1360,1,12,-1,-1,-1
2015170S13025,3,9,0,3,0,0,0,0,0,0,2,1,2,2,62,9,1598,1,2,-1,-1,-1
2015170S13065,1,1,0,18,0,8,0,0,0,0,3,1,2,1,32,6,-1,-1,-1,-1,1,-1
2015170S13065,2,9,0,7,0,3,0,0,0,0,4,1,6,2,-1,-1,-1,-1,-1,-1,-1,-1
2015170S13075,1,19,0,3,0,0,0,0,0,0,2,1,1,1,43,7,1248,2,5,-1,-1,-1
2015170S13075,2,9,0,3,0,0,0,0,0,0,2,1,6,1,46,8,1968,2,8,-1,1,-1
2015170S13075,3,9,0,3,0,0,0,0,0,0,2,1,6,1,49,8,1998,1,11,-1,1,-1
2015170S13075,4,9,0,3,0,0,0,0,0,0,2,1,6,2,30,6,-1,-1,-1,-1,1,-1
2015170S13075,5,9,0,18,0,0,0,0,0,0,1,1,6,1,56,9,2179,2,3,-1,1,-1
2015170S13085,1,90,0,9,0,8,0,0,0,0,3,1,1,1,30,6,2143,2,3,-1,1,-1
2015170S13085,2,9,0,18,0,8,5,0,0,0,1,1,6,2,26,6,-1,-1,-1,-1,1,-1
2015170S13085,3,9,0,2,0,2,0,0,0,0,2,1,6,2,32,6,2184,2,10,-1,1,-1
2015170S13105,1,11,0,2,0,0,0,0,0,0,0,1,1,1,54,8,-1,2,16,-1,1,-1
2015170S13145,1,9,0,18,0,1,0,0,0,0,1,1,2,1,21,5,1149,1,12,-1,1,-1
2015170S13145,2,9,0,3,0,1,0,0,0,0,2,1,6,2,40,7,1896,2,12,-1,1,-1
2015170S13155,1,9,0,9,0,8,0,0,0,0,1,1,6,1,34,6,1910,2,8,-1,1,-1
2015170S13155,2,9,0,17,0,8,0,0,0,0,1,1,6,1,18,4,1242,1,3,-1,1,-1
2015170S13165,1,9,0,18,0,0,0,0,1,0,1,1,6,2,22,5,1242,1,5,-1,1,-1
2015170S13165,2,19,0,1,0,0,0,0,0,0,4,1,1,1,18,4,2198,2,4,-1,-1,-1
2015170S13175,1,9,0,3,0,0,0,0,0,0,2,1,6,1,64,9,1198,1,-1,-1,-1,-1
2015170S13175,2,9,0,3,0,0,0,0,0,0,2,1,6,1,49,8,1995,2,6,-1,1,-1
2015170S13175,3,9,0,3,0,0,0,0,0,0,2,1,6,2,29,6,1796,1,12,-1,1,-1
2015170S13175,4,9,0,18,0,0,0,0,0,0,1,1,6,1,50,8,1587,1,12,-1,1,-1
2015170S13205,1,9,0,18,0,1,0,0,0,0,1,1,6,2,56,9,1086,1,7,-1,-1,-1
2015170S13225,1,9,0,18,0,1,0,0,0,0,1,1,6,1,50,8,1461,2,9,-1,1,-1
2015170S13225,2,9,0,9,0,8,0,0,0,0,1,1,6,1,61,9,1498,1,15,-1,2,-1
2015170S13235,1,9,0,1,0,1,0,0,0,0,2,1,6,2,26,6,1396,1,11,-1,1,-1
2015170S13245,1,9,0,9,0,8,0,0,0,0,4,1,6,1,49,8,1229,1,1,-1,1,-1
2015170S13245,2,9,0,18,0,8,0,0,0,0,1,1,6,1,27,6,1596,1,19,-1,1,-1
2015170S13265,1,9,0,18,0,0,0,0,1,4,1,1,2,1,25,5,3950,1,19,-1,1,-1
2015170S13285,1,9,0,9,0,5,0,0,0,0,1,1,6,1,26,6,1686,2,8,-1,1,-1
2015170S13295,1,9,0,17,0,0,0,0,0,6,1,1,6,1,24,5,1596,1,8,-1,1,-1
2015170S13325,1,9,0,18,0,0,0,0,0,0,4,1,6,1,93,11,1400,1,9,-1,2,-1
2015170S13345,1,19,0,3,0,0,0,0,0,0,2,1,1,1,60,9,2198,2,1,-1,-1,-1
2015170S13345,2,9,0,18,0,0,0,0,0,0,1,1,6,1,71,10,1388,1,12,-1,1,-1
2015170S13365,1,11,0,18,0,1,0,0,0,0,0,1,1,1,32,6,4250,2,7,-1,1,-1
2015170S20025,1,9,0,18,0,1,0,0,0,0,4,1,2,2,51,8,998,1,15,-1,1,-1
2015170S20055,1,19,0,18,0,1,0,0,0,0,4,1,1,1,48,8,1968,2,3,-1,1,-1
2015170S20055,2,1,0,18,0,6,0,0,0,0,1,1,2,1,28,6,-1,-1,-1,-1,1,-1
2015170S20105,1,9,0,4,0,1,0,0,0,0,2,1,6,1,70,10,1596,1,4,-1,1,-1
2015170S20105,2,9,0,5,0,1,0,0,0,0,1,1,6,1,28,6,1968,2,9,-1,3,-1
2015170S20115,1,1,0,18,0,0,0,0,0,0,2,1,2,1,45,7,-1,-1,-1,-1,1,-1
2015170S20115,2,9,0,12,0,0,0,0,0,0,4,1,2,1,37,7,1997,2,5,-1,2,-1
2015170S20115,3,9,0,15,0,0,0,0,0,0,1,1,6,1,18,4,998,1,10,-1,1,-1
2015170S20175,1,19,0,18,0,0,0,0,1,1,2,1,1,1,30,6,-1,-1,-1,-1,-1,-1
2015170S20175,2,21,1,18,0,0,0,0,1,0,1,1,1,1,38,7,12777,2,2,-1,1,-1
2015170S20225,1,9,0,9,0,8,0,0,0,0,3,1,6,1,47,8,1199,1,13,-1,1,-1
2015170S20225,2,9,0,13,0,8,0,0,0,0,1,1,6,1,62,9,-1,-1,-1,-1,1,-1
2015170S20355,1,9,0,18,0,8,0,0,0,0,1,1,6,2,51,8,1229,1,8,-1,1,-1
2015170S20355,2,9,0,9,0,7,0,0,0,0,1,1,6,1,21,5,1995,2,5,-1,1,-1
2015170S20435,1,8,0,9,0,1,0,0,0,0,2,1,1,1,-1,-1,1248,2,8,-1,1,-1
2015170S20435,2,19,0,18,0,1,0,0,0,0,1,1,6,1,-1,-1,1248,2,3,-1,-1,-1
2015170S20445,1,11,0,2,0,0,0,0,0,0,0,1,1,2,40,7,6871,2,16,-1,1,-1
2015170S20595,1,9,0,18,0,4,0,0,0,0,1,1,6,3,-1,-1,-1,-1,-1,-1,-1,-1
2015170S20595,2,1,0,1,0,8,0,0,0,0,4,1,6,1,48,8,-1,-1,-1,-1,1,-1
2015170S20685,1,9,0,18,0,8,0,0,0,0,1,1,6,1,22,5,1596,1,10,-1,1,-1
2015170S20685,2,1,0,9,0,8,0,0,0,0,2,1,6,1,19,4,-1,-1,-1,-1,1,-1
2015170S20745,1,8,0,18,0,1,0,0,0,0,1,1,1,1,29,6,1896,2,10,-1,1,-1
2015170S20745,2,9,0,2,0,1,0,0,0,0,2,1,6,1,26,6,2198,1,12,-1,1,-1
2015170S20755,1,9,0,5,0,4,0,0,0,0,2,1,6,2,54,8,1124,1,6,-1,1,-1
2015170S20755,2,9,0,5,0,4,0,0,0,0,1,1,6,2,37,7,1461,2,4,-1,2,-1
2015170S20785,1,9,0,9,0,8,0,0,0,0,3,1,6,1,24,5,1984,1,4,-1,1,-1
2015170S20785,2,21,1,18,0,8,0,0,0,0,1,1,1,1,51,8,12740,2,5,-1,1,-1
2015170S20795,1,9,0,16,0,0,0,0,0,0,3,1,6,2,46,8,1242,1,1,-1,1,-1
2015170S20795,2,8,0,17,0,0,0,0,0,0,3,1,1,1,58,9,1910,2,9,-1,1,-1
2015170S20855,1,9,0,7,0,8,0,0,0,0,1,1,6,2,35,6,1149,1,11,-1,1,-1
2015170S20855,2,1,0,18,0,8,0,0,0,0,4,1,6,1,46,8,-1,-1,-1,-1,1,-1
2015170S20955,1,9,0,11,0,1,0,0,0,0,1,1,6,1,44,7,1968,2,3,-1,1,-1
2015170S20955,2,9,0,8,0,1,0,0,0,0,2,1,6,1,53,8,2184,2,11,-1,-1,-1
2015170S21005,1,9,0,18,0,8,0,0,1,11,3,1,6,2,17,4,1242,1,15,-1,1,-1
2015170S21005,2,9,0,18,0,8,0,0,0,0,1,1,6,2,29,6,1598,2,3,-1,1,-1
2015170S21045,1,19,0,7,0,8,0,0,0,0,1,1,1,1,58,9,2287,2,1,-1,1,-1