Accident_Index,Vehicle_Reference,Vehicle_Type,Towing_and_Articulation,Vehicle_Manoeuvre,Vehicle_Location-Restricted_Lane,Junction_Location,Skidding_and_Overturning,Hit_Object_in_Carriageway,Vehicle_Leaving_Carriageway,Hit_Object_off_Carriageway,1st_Point_of_Impact,Was_Vehicle_Left_Hand_Drive?,Journey_Purpose_of_Driver,Sex_of_Driver,Age_of_Driver,Age_Band_of_Driver,Engine_Capacity_(CC),Propulsion_Code,Age_of_Vehicle,Driver_IMD_Decile,Driver_Home_Area_Type,Vehicle_IMD_Decile
2015170S21045,2,1,0,18,0,8,0,0,0,0,4,1,2,1,37,7,-1,-1,-1,-1,1,-1
2015170S21055,1,21,1,18,0,0,0,0,0,0,1,1,1,1,50,8,-1,-1,-1,-1,2,-1
2015170S21055,2,19,0,3,0,0,0,0,0,0,2,1,1,1,40,7,2402,2,4,-1,2,-1
2015170S21055,3,9,0,3,0,0,0,0,0,0,2,1,6,2,54,8,2183,2,3,-1,1,-1
2015170S21055,4,9,0,3,0,0,0,0,0,0,2,1,6,1,55,8,1596,1,10,-1,1,-1
2015170S21055,5,9,0,3,0,0,0,0,0,0,2,1,6,2,58,9,1598,2,2,-1,1,-1
2015170S21075,1,9,0,18,0,1,0,0,0,0,4,1,2,1,37,7,898,1,2,-1,1,-1
2015170S21075,2,1,0,18,0,6,0,0,0,0,1,1,6,1,16,4,-1,-1,-1,-1,1,-1
2015170S21105,1,9,0,18,0,8,0,9,3,1,1,1,6,1,32,6,1997,2,13,-1,1,-1
2015170S21115,1,9,0,9,0,8,0,0,0,0,1,1,6,2,79,11,1390,1,1,-1,1,-1
2015170S21115,2,9,0,9,0,8,0,0,0,0,3,1,6,2,69,10,1242,1,9,-1,1,-1
2015170S21115,3,9,0,2,0,2,0,0,0,0,3,1,6,1,74,10,-1,-1,-1,-1,1,-1
2015170S21135,1,9,0,9,0,8,0,0,0,0,3,1,6,1,-1,-1,-1,-1,-1,-1,-1,-1
2015170S21135,2,1,0,18,0,8,0,0,0,0,1,1,6,1,9,2,-1,-1,-1,-1,1,-1
2015170S21145,1,9,0,18,0,8,0,0,0,0,1,1,6,2,34,6,1794,1,9,-1,1,-1
2015170S21145,2,1,0,9,0,8,0,0,0,0,1,1,6,1,47,8,-1,-1,-1,-1,1,-1
2015170S21155,1,9,0,16,0,0,1,0,6,2,1,1,2,2,39,7,1364,1,9,-1,1,-1
2015170S21155,2,21,1,18,0,0,0,0,0,0,3,1,1,1,57,9,12900,2,1,-1,1,-1
2015170S21225,1,9,0,4,0,0,0,0,0,0,2,1,6,2,62,9,1968,2,1,-1,1,-1
2015170S21225,2,9,0,18,0,0,0,0,0,0,1,1,6,2,45,7,1197,1,1,-1,1,-1
2015170S21225,3,9,0,18,0,0,0,0,0,0,1,1,6,2,28,6,3628,2,6,-1,1,-1
2015170S21235,1,9,0,1,9,6,0,0,0,0,2,1,6,1,28,6,2231,2,7,-1,1,-1
2015170S21265,1,9,0,3,0,1,0,0,0,0,2,1,2,1,37,7,1998,1,7,-1,1,-1
2015170S21265,2,9,0,18,0,1,0,0,0,0,1,1,6,1,-1,-1,-1,-1,-1,-1,-1,-1
2015170S21305,1,21,1,18,0,4,0,0,0,0,1,1,1,1,43,7,11946,2,3,-1,1,-1
2015170S21305,2,8,0,18,0,8,0,0,3,10,4,1,1,1,38,7,1995,2,12,-1,1,-1
2015170S21315,1,9,0,1,0,1,0,0,0,0,2,1,6,1,27,6,1598,1,8,-1,1,-1
2015170S21525,1,9,0,3,0,1,0,0,0,0,2,1,2,2,35,6,1598,1,13,-1,1,-1
2015170S21525,2,1,0,15,0,1,0,0,0,0,1,1,2,1,27,6,-1,-1,-1,-1,1,-1
2015170S21535,1,9,0,6,0,0,0,0,0,0,3,1,2,1,21,5,1199,1,13,-1,1,-1
2015170S21535,2,3,0,14,0,0,0,0,0,0,1,1,2,1,46,8,125,1,34,-1,1,-1
2015170S21565,1,9,0,18,0,4,0,0,0,0,1,1,2,1,50,8,-1,-1,-1,-1,2,-1
2015170S21565,2,1,0,18,0,8,0,0,0,0,4,1,2,1,56,9,-1,-1,-1,-1,1,-1
2015170S21655,1,9,0,2,0,1,0,0,0,0,0,1,6,1,61,9,1461,2,-1,-1,1,-1
2015170S21655,2,9,0,4,0,1,0,0,0,0,2,1,6,1,24,5,1796,1,10,-1,3,-1
2015170S21655,3,9,0,4,0,1,1,0,0,0,1,1,6,1,20,4,-1,-1,-1,-1,1,-1
2015170S21665,1,9,0,18,0,8,0,0,0,0,3,1,6,2,57,9,2435,1,14,-1,1,-1
2015170S21665,2,19,0,9,0,8,0,0,0,0,1,1,6,2,-1,-1,-1,-1,-1,-1,1,-1
2015170S21675,1,1,0,18,0,8,0,0,0,0,3,1,6,1,10,2,-1,-1,-1,-1,3,-1
2015170S21675,2,9,0,18,0,8,0,0,0,0,1,1,6,1,48,8,2982,2,9,-1,1,-1
2015170S21795,1,9,0,7,0,8,0,0,0,0,1,1,6,3,-1,-1,-1,-1,-1,-1,-1,-1
2015170S21795,2,1,0,18,0,8,0,0,0,0,1,1,6,1,37,7,-1,-1,-1,-1,1,-1
2015170S21825,1,9,0,18,0,0,0,0,0,0,1,1,6,2,24,5,1364,1,1,-1,1,-1
2015170S21825,2,9,0,3,0,0,0,0,0,0,2,1,1,1,29,6,1598,2,3,-1,1,-1
2015170S21825,3,9,0,3,0,0,0,0,0,0,2,1,6,1,28,6,1461,2,4,-1,1,-1
2015170S21875,1,9,0,18,0,1,0,0,0,0,1,1,6,1,25,5,1360,1,11,-1,1,-1
2015170S21875,2,9,0,7,0,1,0,0,0,0,2,1,6,1,49,8,1753,2,7,-1,3,-1
2015170S21915,1,9,0,9,0,8,0,0,0,0,1,1,6,2,40,7,1461,2,5,-1,1,-1
2015170S21915,2,3,0,18,0,8,0,0,0,0,1,1,6,1,24,5,125,1,8,-1,1,-1
2015170S21965,1,9,3,18,0,0,0,0,0,0,3,1,6,1,68,10,1896,2,13,-1,1,-1
2015170S21965,2,9,0,18,0,0,0,0,0,0,3,1,6,1,51,8,1399,2,8,-1,1,-1
2015170S21995,1,9,0,18,0,1,0,0,0,0,1,1,6,1,41,7,1753,2,7,-1,1,-1
2015170S21995,2,9,0,10,0,1,0,0,0,0,2,1,6,2,27,6,998,1,7,-1,1,-1
2015170S22005,1,9,0,8,0,1,0,0,0,0,2,1,6,1,30,6,1149,1,9,-1,1,-1
2015170S22005,2,9,0,7,0,1,0,0,0,0,1,1,6,2,58,9,1598,1,11,-1,1,-1
2015170S22025,1,9,0,6,0,8,0,0,0,0,3,1,6,1,37,7,1499,2,2,-1,1,-1
2015170S22025,2,9,0,18,0,8,0,0,0,0,1,1,6,1,44,7,1364,2,1,-1,1,-1
2015170S22065,1,9,0,18,0,0,0,0,0,0,1,1,6,2,31,6,1598,1,9,-1,-1,-1
2015170S22065,2,9,0,3,0,0,0,0,0,0,2,1,6,1,29,6,1360,1,8,-1,1,-1
2015170S22065,3,9,0,3,0,0,0,0,0,0,2,1,6,2,54,8,1242,1,2,-1,-1,-1
2015170S22095,1,1,0,18,0,6,0,0,0,0,1,1,2,1,32,6,-1,-1,-1,-1,1,-1
2015170S22095,2,9,0,18,0,1,0,0,0,0,1,1,2,2,56,9,2231,2,8,-1,1,-1
2015170S22145,1,21,1,9,0,6,0,0,0,0,1,1,1,3,-1,-1,-1,-1,-1,-1,-1,-1
2015170S22145,2,1,0,18,0,8,0,0,0,0,2,1,6,2,31,6,-1,-1,-1,-1,1,-1
2015170S22205,1,9,0,5,0,1,0,0,0,0,1,1,6,2,23,5,973,1,12,-1,1,-1
2015170S22205,2,19,0,3,0,1,0,0,0,0,2,1,6,1,42,7,1998,2,13,-1,1,-1
2015170S22275,1,9,0,18,0,8,0,0,1,2,1,1,6,2,21,5,1242,1,1,-1,1,-1
2015170S22295,1,9,0,4,0,1,0,0,0,0,2,1,2,2,27,6,1124,1,9,-1,1,-1
2015170S22295,2,9,0,5,0,1,0,0,0,0,1,1,2,2,30,6,1968,2,5,-1,1,-1
2015170S22305,1,9,0,3,0,1,0,0,0,0,2,1,6,2,31,6,1560,2,-1,-1,1,-1
2015170S22305,2,9,0,18,0,1,0,0,0,0,1,1,6,2,47,8,1461,2,10,-1,2,-1
2015170S22375,1,21,0,18,0,8,0,0,0,0,1,1,1,1,32,6,-1,-1,-1,-1,1,-1
2015170S22375,2,1,0,18,0,6,0,0,0,0,1,1,6,1,50,8,-1,-1,-1,-1,1,-1
2015170S22385,1,9,0,18,0,0,0,0,0,0,4,1,6,1,66,10,2143,2,-1,-1,1,-1
2015170S22505,1,9,0,9,0,2,0,0,0,0,3,1,6,2,21,5,1598,1,10,-1,1,-1
2015170S22615,1,9,0,8,0,1,0,0,0,0,2,1,2,1,44,7,1956,2,4,-1,1,-1
2015170S22615,2,19,0,18,0,1,0,0,0,0,1,1,1,1,-1,-1,2198,2,4,-1,-1,-1
2015170S22625,1,9,0,4,0,7,0,0,0,0,2,1,6,2,65,9,1968,2,1,-1,1,-1
2015170S22625,2,9,0,18,0,7,0,0,0,0,1,1,6,1,41,7,1388,1,13,-1,1,-1
2015170S22635,1,9,0,18,0,0,0,10,6,0,1,1,6,1,18,4,1242,1,10,-1,3,-1
2015170S22635,2,9,0,18,0,0,0,0,0,0,1,1,6,2,27,6,1242,1,12,-1,1,-1
2015170S22635,3,9,0,18,0,0,0,0,0,0,1,1,6,2,55,8,1396,1,13,-1,1,-1
2015170S22675,1,3,0,18,0,4,0,0,0,0,4,1,6,1,50,8,125,1,1,-1,1,-1
2015170S22685,1,1,0,18,0,0,0,0,0,0,3,1,6,2,36,7,-1,-1,-1,-1,-1,-1
2015170S22685,2,9,0,13,0,0,0,0,0,0,4,1,6,3,-1,-1,-1,-1,-1,-1,-1,-1
2015170S22755,1,9,0,1,0,0,0,0,0,0,2,1,6,3,-1,-1,1870,2,13,-1,-1,-1
2015170S22755,2,8,0,3,0,0,0,0,0,0,1,1,1,1,37,7,-1,-1,-1,-1,1,-1
2015170S22955,1,9,0,18,0,8,0,0,0,0,4,1,6,2,77,11,-1,-1,-1,-1,1,-1
2015170S22955,2,9,0,18,0,8,0,0,0,0,1,1,6,2,24,5,1149,1,5,-1,1,-1
2015170S23125,1,9,0,10,0,1,0,0,0,0,2,1,6,2,37,7,-1,-1,-1,-1,1,-1
2015170S23125,2,19,0,18,0,1,0,0,0,0,1,1,6,1,-1,-1,-1,-1,-1,-1,-1,-1
2015170S23135,1,9,0,18,0,1,0,0,0,0,1,1,6,2,21,5,1149,1,5,-1,1,-1
2015170S23135,2,9,0,3,0,1,0,0,0,0,2,1,6,1,30,6,1998,2,10,-1,1,-1
2015170S23215,1,9,0,18,0,0,0,0,0,0,1,1,6,2,29,6,1598,1,5,-1,1,-1
2015170S23255,1,19,4,18,0,0,0,0,0,0,3,1,1,1,49,8,2463,2,10,-1,-1,-1
2015170S23255,2,9,0,18,0,0,0,0,0,0,1,1,2,2,66,10,1242,1,1,-1,1,-1
2015170S30035,1,9,0,9,0,8,0,0,0,0,1,1,6,1,65,9,1390,1,13,-1,1,-1
2015170S30035,2,8,0,18,0,8,0,0,0,0,1,1,1,1,29,6,1896,2,5,-1,1,-1
2015170S30035,3,9,0,10,0,1,0,0,0,0,1,1,6,1,30,6,1596,1,6,-1,1,-1
2015170S30095,1,9,0,18,0,4,0,0,0,0,1,1,6,1,18,4,973,1,12,-1,1,-1
2015170S30095,2,9,0,9,0,8,0,0,0,0,4,1,6,2,24,5,-1,-1,-1,-1,1,-1
2015170S30125,1,8,0,18,0,8,0,0,0,0,1,1,1,1,37,7,-1,-1,-1,-1,1,-1
2015170S30125,2,9,0,9,0,8,0,0,0,0,1,1,6,2,52,8,1229,1,6,-1,1,-1
2015170S30165,1,9,0,18,0,1,0,0,0,0,1,1,6,1,-1,-1,1248,1,6,-1,1,-1
2015170S30165,2,9,0,3,0,1,0,0,0,0,2,1,2,2,31,6,1598,1,6,-1,3,-1
2015170S30325,1,11,0,18,0,1,0,0,0,0,1,1,1,1,64,9,2143,2,1,-1,1,-1
2015170S30345,1,19,0,9,0,8,0,0,0,0,1,1,1,1,24,5,1997,2,9,-1,1,-1
2015170S30345,2,9,0,18,0,8,0,0,0,0,1,1,6,1,53,8,2972,1,21,-1,1,-1
2015170S30505,1,9,0,3,0,1,0,0,0,0,2,1,2,1,27,6,998,1,7,-1,1,-1
2015170S30505,2,9,0,18,0,1,0,0,0,0,1,1,6,1,-1,-1,1596,1,10,-1,-1,-1
2015170S30705,1,9,0,18,0,1,0,0,0,0,1,1,6,1,58,9,-1,-1,-1,-1,1,-1
2015170S30705,2,9,0,4,0,1,0,0,0,0,2,1,6,1,28,6,1968,2,7,-1,1,-1
2015170S30815,1,9,0,9,0,8,0,0,0,0,1,1,6,2,-1,-1,-1,-1,-1,-1,-1,-1
2015170S30815,2,9,0,18,0,4,0,0,0,0,3,1,6,1,54,8,1783,1,13,-1,1,-1
2015170S30885,1,9,0,9,0,8,0,0,0,0,3,1,6,1,67,10,-1,-1,-1,-1,1,-1
2015170S30885,2,9,0,18,0,8,0,0,0,0,1,1,2,1,32,6,1560,2,4,-1,-1,-1
2015170S31025,1,9,0,9,0,8,0,0,0,0,1,1,6,1,18,4,1145,1,13,-1,1,-1
2015170S31025,2,9,0,18,0,8,0,0,0,0,3,1,6,2,44,7,2143,2,1,-1,1,-1
2015170S31065,1,9,0,14,0,0,0,0,0,0,1,1,6,2,27,6,1600,2,5,-1,1,-1
2015170S31065,2,9,0,18,0,0,0,0,0,0,1,1,6,2,17,4,1299,1,11,-1,1,-1
2015170S31285,1,2,0,7,0,2,0,0,0,0,1,1,6,1,16,4,49,1,6,-1,-1,-1
2015170S31285,2,9,0,18,0,1,0,0,0,0,1,1,6,1,45,7,2967,2,8,-1,1,-1
2015170S31505,1,1,0,18,0,0,0,0,0,0,2,1,6,1,18,4,-1,-1,-1,-1,1,-1
2015170S31505,2,9,0,13,0,0,0,0,0,0,1,1,6,1,53,8,1796,1,8,-1,1,-1
2015170S31575,1,1,0,9,0,8,0,0,0,0,4,1,6,1,46,8,-1,-1,-1,-1,3,-1
2015170S31575,2,9,0,9,0,4,0,0,0,0,1,1,6,1,34,6,1910,2,11,-1,1,-1
2015170S31775,1,9,0,13,0,0,0,0,0,0,4,1,6,3,-1,-1,-1,-1,-1,-1,-1,-1
2015170S31775,2,1,0,18,0,0,0,0,0,0,3,1,2,1,34,6,-1,-1,-1,-1,1,-1
2015170S31785,1,9,0,16,0,1,1,0,7,10,1,1,6,1,34,6,1149,1,14,-1,2,-1
2015170S31805,1,9,0,9,0,8,0,0,0,0,3,1,6,1,18,4,1598,1,10,-1,1,-1
2015170S31805,2,19,0,18,0,8,0,0,0,0,1,1,1,1,25,5,-1,-1,-1,-1,-1,-1
2015170S31905,1,9,0,18,0,0,0,0,0,0,1,1,6,2,27,6,1229,1,5,-1,1,-1
2015170S31905,2,9,0,3,0,0,0,0,0,0,2,1,6,2,54,8,1388,1,5,-1,1,-1
2015170S31905,3,9,0,3,0,0,0,0,0,0,2,1,6,1,41,7,1461,2,6,-1,1,-1
2015170S31955,1,9,0,7,0,4,0,0,0,0,1,1,2,1,33,6,1796,1,11,-1,1,-1
2015170S31955,2,1,0,18,0,8,0,0,0,0,4,1,2,1,47,8,-1,-1,-1,-1,1,-1
2015170S31985,1,9,0,13,0,0,0,0,0,0,0,1,6,1,25,5,1998,1,12,-1,1,-1
2015170S31985,2,1,0,18,0,0,0,0,0,0,0,1,6,1,55,8,-1,-1,-1,-1,1,-1
2015170S32155,1,9,0,18,0,8,0,0,0,0,4,1,6,2,58,9,1242,1,8,-1,1,-1
2015170S32155,2,9,0,9,0,8,0,0,0,0,1,1,6,1,51,8,1398,1,-1,-1,-1,-1
2015170S32185,1,9,0,13,0,1,0,0,0,0,4,1,6,2,37,7,1798,2,2,-1,1,-1
2015170S32185,2,1,0,18,0,1,0,0,0,0,3,1,6,1,48,8,-1,-1,-1,-1,1,-1
2015170S32315,1,9,0,9,0,8,0,0,0,0,1,1,6,2,-1,-1,998,1,2,-1,1,-1
2015170S32315,2,9,0,16,0,8,0,0,0,0,3,1,6,2,18,4,1560,2,8,-1,1,-1
2015170S32335,1,9,0,9,0,8,0,0,0,0,1,1,6,2,19,4,-1,-1,-1,-1,3,-1
2015170S32335,2,5,0,18,0,8,0,0,0,0,1,1,6,1,35,6,599,1,17,-1,1,-1
2015170S32445,1,9,0,3,0,1,0,0,0,0,2,1,6,2,40,7,1198,1,5,-1,1,-1
2015170S32445,2,9,0,18,0,1,0,0,0,0,1,1,6,1,-1,-1,1910,2,9,-1,-1,-1
2015170S32495,1,9,0,7,0,8,0,0,0,0,1,1,6,1,52,8,1753,2,7,-1,1,-1
2015170S32495,2,9,0,14,0,8,0,0,0,0,1,1,6,1,18,4,1598,1,11,-1,1,-1
2015170S32535,1,9,0,18,0,2,0,0,0,0,3,1,6,2,74,10,-1,-1,-1,-1,1,-1
2015170S32585,1,9,0,18,0,0,0,0,0,0,1,1,6,1,20,4,1399,2,7,-1,1,-1
2015170S32985,1,3,0,18,0,8,0,0,0,0,1,1,2,1,47,8,124,1,5,-1,1,-1
2015170S32985,2,9,0,9,0,8,0,0,0,0,3,1,2,1,56,9,1388,1,8,-1,1,-1
2015170S33005,1,8,0,5,0,0,0,0,0,0,0,1,1,1,40,7,1598,2,6,-1,-1,-1
2015170S33035,1,9,0,18,0,0,0,0,0,0,3,1,2,1,22,5,1242,1,9,-1,1,-1
2015170S33095,1,9,0,10,0,1,0,0,0,0,2,1,6,2,31,6,2204,2,5,-1,1,-1
2015170S33095,2,19,0,18,0,1,0,0,0,0,1,1,6,1,-1,-1,1686,2,12,-1,-1,-1
2015170S33185,1,9,0,18,0,0,0,0,4,6,1,1,6,1,-1,-1,1870,2,11,-1,-1,-1
2015170S33195,1,9,0,18,0,2,0,0,0,0,3,1,6,1,44,7,1242,1,10,-1,1,-1
2015170S33275,1,9,0,18,0,8,0,0,0,0,1,1,6,2,27,6,1242,1,9,-1,1,-1
2015170S33275,2,9,0,9,0,8,0,0,0,0,1,1,6,1,56,9,-1,-1,-1,-1,1,-1
2015170S33305,1,9,0,2,0,0,0,0,0,0,3,1,3,2,55,8,1388,1,9,-1,1,-1
2015170S33305,2,20,1,14,0,0,0,0,0,0,1,1,1,1,-1,-1,9200,2,4,-1,-1,-1
2015170S33335,1,9,0,3,0,2,0,0,0,0,2,1,6,1,48,8,1968,2,7,-1,1,-1
2015170S33335,2,9,0,7,0,6,0,0,0,0,1,1,6,1,40,7,1988,1,11,-1,1,-1
2015170S40185,1,19,0,18,0,0,0,0,0,0,4,1,6,1,36,7,2400,2,12,-1,1,-1
2015170S40385,1,9,0,10,0,8,0,0,0,0,3,1,2,1,51,8,2179,2,1,-1,1,-1
2015170S40385,2,1,0,10,0,1,0,0,0,0,1,1,2,1,34,6,-1,-1,-1,-1,1,-1
2015170S40515,1,9,0,3,0,0,0,0,0,0,2,1,6,2,17,4,1198,1,4,-1,3,-1
2015170S40515,2,9,0,3,0,0,0,0,0,0,2,1,6,2,45,7,1950,2,15,-1,1,-1
2015170S40515,3,9,0,18,0,0,0,0,0,0,1,1,6,1,90,11,1799,1,17,-1,3,-1
2015170S40615,1,9,0,18,0,0,0,10,1,0,3,1,6,2,42,7,-1,-1,-1,-1,1,-1
2015170S40615,2,9,0,18,0,0,0,0,0,0,3,1,6,1,35,6,1753,2,7,-1,-1,-1
2015170S41015,1,9,0,8,0,1,0,0,0,0,2,1,6,1,76,11,1990,1,12,-1,1,-1
2015170S41015,2,9,0,7,0,1,0,0,0,0,1,1,6,2,59,9,1968,2,3,-1,3,-1
2015170S41425,1,9,0,7,0,8,0,0,0,0,4,1,6,1,18,4,1368,1,4,-1,1,-1
2015170S41425,2,1,0,15,0,8,0,0,0,0,1,1,6,1,39,7,-1,-1,-1,-1,1,-1
2015170S41555,1,9,0,10,0,1,0,0,0,0,2,1,6,2,30,6,1598,1,8,-1,1,-1
2015170S41555,2,9,0,18,0,1,0,0,0,0,1,1,6,2,18,4,1587,1,24,-1,3,-1
2015170S41585,1,9,0,18,0,0,0,0,0,0,4,1,6,3,-1,-1,-1,-1,-1,-1,-1,-1
2015170S41895,1,9,0,9,0,8,0,0,0,0,3,1,6,1,46,8,2967,2,3,-1,1,-1
2015170S41895,2,3,0,13,0,8,0,0,0,0,1,1,2,1,23,5,125,1,4,-1,1,-1
2015170S41975,1,9,0,9,0,6,0,0,0,0,1,1,6,1,28,6,1461,2,7,-1,1,-1
2015170S41975,2,1,0,13,0,8,0,0,0,0,1,1,6,1,43,7,-1,-1,-1,-1,1,-1
2015170S42325,1,9,0,1,0,6,0,0,0,0,2,1,6,1,76,11,999,1,-1,-1,1,-1
2015170S42325,2,9,0,2,0,2,0,0,0,0,3,1,6,2,49,8,1598,1,2,-1,1,-1
2015170S42325,3,19,0,2,0,2,0,10,0,10,4,1,6,1,63,9,1560,2,6,-1,1,-1
2015170S42355,1,1,0,16,0,0,0,0,0,0,1,1,6,2,53,8,-1,-1,-1,-1,1,-1
2015170S42355,2,9,0,17,0,0,0,0,0,0,3,1,6,1,20,4,1596,1,11,-1,1,-1
2015170S42555,1,19,0,7,0,0,0,0,0,0,4,1,6,3,-1,-1,-1,-1,-1,-1,-1,-1
2015170S42555,2,1,0,15,0,0,0,0,0,0,1,1,6,1,70,10,-1,-1,-1,-1,1,-1
2015170S42565,1,9,0,9,0,6,0,0,0,0,1,1,6,2,55,8,2993,2,5,-1,1,-1
2015170S42565,2,9,0,18,0,8,0,0,0,0,4,1,6,2,17,4,1229,1,3,-1,1,-1
2015170S42595,1,9,0,9,9,8,0,0,0,0,1,1,6,3,-1,-1,1388,1,14,-1,-1,-1
2015170S42595,2,1,0,18,9,8,0,0,0,0,2,1,6,1,13,3,-1,-1,-1,-1,1,-1
2015170S42825,1,9,0,18,0,0,0,0,0,0,1,1,6,2,71,10,1124,1,11,-1,1,-1
2015170S42885,1,9,0,12,0,0,0,0,5,6,3,1,6,1,33,6,1461,2,10,-1,1,-1
2015170S42885,2,9,0,18,0,0,0,0,0,0,1,1,1,1,42,7,1364,1,1,-1,1,-1
2015170S42895,1,21,0,18,0,8,0,0,0,0,1,1,1,1,57,9,10837,2,4,-1,3,-1
2015170S42895,2,9,0,9,0,8,0,0,0,0,1,1,6,2,34,6,1968,2,5,-1,-1,-1
2015170S42895,3,9,0,18,0,1,0,0,0,0,1,1,6,1,52,8,1560,2,2,-1,1,-1
2015200032237,1,8,0,5,0,1,0,0,0,0,2,1,1,1,39,7,1686,2,11,-1,1,-1
2015200032237,2,3,0,5,0,1,1,0,0,0,1,1,6,1,18,4,124,1,5,-1,1,-1
2015200032239,1,9,0,5,0,1,0,0,0,0,1,1,6,1,24,5,1997,1,1,-1,1,-1
2015200032239,2,9,0,18,0,1,0,0,0,0,1,1,6,1,41,7,1596,1,15,-1,-1,-1
2015200032244,1,9,0,18,0,0,0,0,0,0,1,1,6,1,23,5,-1,-1,-1,-1,-1,-1
2015200032245,1,9,0,3,0,4,0,0,0,0,1,1,6,3,-1,-1,1199,2,4,-1,-1,-1
2015200032245,2,9,0,3,0,4,0,0,0,0,2,1,6,2,21,5,1399,2,3,-1,1,-1
2015200032246,1,9,0,18,0,8,0,0,0,0,1,1,6,3,-1,-1,1598,1,13,-1,-1,-1
2015200032246,2,9,0,18,0,8,0,0,0,0,1,1,6,1,44,7,1390,1,13,-1,1,-1
2015200032249,1,9,0,18,0,0,0,0,0,0,1,1,6,3,-1,-1,998,1,7,-1,2,-1
2015200032249,2,9,0,18,0,0,0,0,0,0,2,1,6,1,22,5,996,1,4,-1,-1,-1
2015200032252,1,9,-1,-1,-1,0,-1,-1,-1,0,-1,1,6,3,-1,-1,-1,-1,-1,-1,-1,-1
2015200032253,1,98,0,18,0,0,0,0,0,0,1,1,1,1,41,7,2402,2,13,-1,1,-1
2015200032259,1,9,0,7,0,6,0,0,0,0,1,1,2,1,23,5,1398,1,-1,-1,1,-1
2015200032259,2,9,0,18,0,8,0,0,0,0,1,1,2,2,42,7,1390,1,5,-1,1,-1
2015200032260,1,9,0,5,0,1,2,0,0,0,1,1,6,1,22,5,1984,1,19,-1,1,-1
2015200032260,2,9,0,2,0,1,1,0,0,0,1,1,6,1,52,8,1598,2,4,-1,1,-1
2015200032262,1,9,0,7,2,5,0,0,0,0,1,1,6,2,33,6,1398,1,2,-1,1,-1
2015200032262,2,1,0,18,0,8,0,0,0,0,1,1,1,1,45,7,-1,-1,-1,-1,1,-1
2015200032265,1,9,0,4,0,0,0,0,0,0,1,1,6,2,-1,-1,1388,1,12,-1,1,-1
2015200032272,1,9,4,4,0,3,0,0,1,0,1,1,6,1,38,7,1598,2,6,-1,1,-1
2015200032272,2,9,4,7,0,3,0,0,1,0,2,1,6,2,25,5,999,1,-1,-1,1,-1
2015200032274,1,9,0,18,0,1,0,0,0,0,4,1,5,3,-1,-1,-1,-1,-1,-1,1,-1
2015200032274,2,1,0,18,0,1,0,0,0,0,3,1,5,1,15,3,-1,-1,-1,-1,1,-1
2015200032278,1,9,0,18,0,1,0,0,0,0,1,1,5,1,-1,-1,1870,2,11,-1,-1,-1
2015200032278,2,9,0,9,0,5,0,0,0,0,2,1,6,1,31,6,1360,1,10,-1,1,-1
2015200032280,1,9,0,4,0,1,0,0,0,0,1,1,6,1,21,5,1598,1,6,-1,1,-1
2015200032280,2,9,0,4,0,1,0,0,0,0,2,1,6,1,24,5,1896,2,14,-1,1,-1
2015200032282,1,9,0,9,0,0,0,0,0,0,1,1,6,2,36,7,2000,2,9,-1,1,-1
2015200032282,2,3,0,14,0,0,0,0,0,0,2,1,2,1,21,5,124,1,2,-1,1,-1
2015200032283,1,9,0,5,0,1,0,0,0,0,1,1,6,3,30,6,1395,1,-1,-1,-1,-1
2015200032283,2,9,0,10,0,1,0,0,0,0,4,1,6,2,37,7,1229,1,9,-1,1,-1
2015200032284,1,9,0,18,0,0,1,0,0,0,1,1,6,3,-1,-1,1796,1,16,-1,-1,-1
2015200032284,2,9,0,3,0,0,0,0,0,0,2,1,6,1,25,5,1598,2,2,-1,1,-1
2015200032284,3,9,0,2,0,0,0,0,0,0,2,1,6,3,-1,-1,-1,-1,-1,-1,-1,-1
2015200032284,4,9,0,3,0,0,0,0,0,0,2,1,6,3,-1,-1,1242,1,11,-1,-1,-1
2015200032287,1,9,0,9,0,5,0,0,0,0,4,1,6,1,38,7,1242,1,10,-1,1,-1
2015200032287,2,9,0,18,0,8,0,0,0,0,1,1,6,1,28,6,2148,2,14,-1,-1,-1
2015200032294,1,9,0,7,0,5,0,0,0,0,4,1,6,3,-1,-1,1685,2,3,-1,-1,-1
2015200032294,2,1,0,18,0,8,0,0,0,0,1,1,6,1,40,7,-1,-1,-1,-1,1,-1
2015200032334,1,9,0,18,0,4,1,7,0,0,1,1,6,3,-1,-1,1149,1,6,-1,-1,-1
2015200032334,2,9,0,18,0,8,0,0,0,0,4,1,6,3,39,7,1794,1,9,-1,1,-1
2015200032347,1,9,0,18,0,8,0,0,0,0,4,1,5,2,40,7,1360,1,10,-1,1,-1
2015200032347,2,9,0,18,0,8,0,0,0,0,1,1,6,1,20,4,1490,1,9,-1,-1,-1
2015200032349,1,5,0,17,0,0,0,0,7,10,2,1,6,1,45,7,749,1,8,-1,1,-1
2015200032358,1,9,0,18,0,0,0,0,0,0,4,1,5,1,45,7,998,1,1,-1,1,-1
2015200032363,1,9,0,15,2,0,0,0,0,0,1,1,6,1,20,4,1388,1,12,-1,1,-1
2015200032363,2,1,0,18,2,0,0,0,0,0,1,1,6,1,41,7,-1,-1,-1,-1,1,-1
2015200032368,1,9,0,18,0,1,0,0,0,0,2,1,6,2,52,8,1061,1,12,-1,1,-1
2015200032368,2,98,0,18,0,2,0,0,0,0,1,1,6,1,-1,-1,1598,2,1,-1,1,-1
2015200032369,1,9,0,5,0,5,0,0,0,0,3,1,2,2,35,6,2204,2,9,-1,1,-1