Accident_Index,Vehicle_Reference,Vehicle_Type,Towing_and_Articulation,Vehicle_Manoeuvre,Vehicle_Location-Restricted_Lane,Junction_Location,Skidding_and_Overturning,Hit_Object_in_Carriageway,Vehicle_Leaving_Carriageway,Hit_Object_off_Carriageway,1st_Point_of_Impact,Was_Vehicle_Left_Hand_Drive?,Journey_Purpose_of_Driver,Sex_of_Driver,Age_of_Driver,Age_Band_of_Driver,Engine_Capacity_(CC),Propulsion_Code,Age_of_Vehicle,Driver_IMD_Decile,Driver_Home_Area_Type,Vehicle_IMD_Decile
2015200032369,2,98,0,18,0,1,0,0,0,0,1,1,1,1,50,8,8867,2,6,-1,1,-1
2015200032384,1,9,0,5,0,1,0,0,0,0,1,1,6,1,-1,-1,1390,1,13,-1,-1,-1
2015200032389,1,9,0,16,0,0,0,4,7,0,1,1,6,1,21,5,1595,1,7,-1,1,-1
2015200032389,2,9,0,2,9,0,0,0,0,0,0,1,6,1,-1,-1,1968,2,10,-1,1,-1
2015200032391,1,9,0,7,0,6,0,0,0,0,1,1,5,1,78,11,1596,1,13,-1,1,-1
2015200032391,2,9,0,18,0,8,0,0,0,0,4,1,5,2,70,10,998,1,2,-1,1,-1
2015200032392,1,3,0,5,0,1,0,0,0,0,1,1,6,1,19,4,124,1,6,-1,1,-1
2015200032392,2,9,0,5,0,1,0,0,0,0,3,1,6,2,51,8,2148,2,10,-1,1,-1
2015200032395,1,9,0,6,0,1,0,0,0,0,3,1,5,1,28,6,1368,1,9,-1,1,-1
2015200032395,2,8,0,18,0,1,0,0,0,0,1,1,1,1,44,7,2402,2,10,-1,1,-1
2015200032405,1,9,0,18,0,1,0,0,0,0,1,1,1,1,30,6,1595,1,6,-1,-1,-1
2015200032405,2,98,0,18,0,1,0,0,0,0,2,1,1,1,44,7,-1,-1,-1,-1,-1,-1
2015200032409,1,9,0,5,0,1,0,0,0,0,1,1,6,3,-1,-1,-1,-1,-1,-1,-1,-1
2015200032409,2,8,0,5,0,1,0,0,0,0,4,1,5,1,56,9,1995,2,8,-1,1,-1
2015200032410,1,9,0,18,0,0,0,0,0,0,4,1,6,3,-1,-1,2143,2,6,-1,-1,-1
2015200032410,2,1,0,18,0,0,0,10,0,0,2,1,6,1,24,5,-1,-1,-1,-1,3,-1
2015200032417,1,9,0,5,9,6,0,0,0,0,1,1,6,3,-1,-1,-1,-1,-1,-1,-1,-1
2015200032419,1,9,0,9,0,5,0,0,0,0,1,1,1,3,-1,-1,-1,-1,-1,-1,-1,-1
2015200032419,2,1,0,18,0,8,0,0,0,0,1,1,6,1,26,6,-1,-1,-1,-1,1,-1
2015200032421,1,9,0,18,0,0,0,0,0,0,1,1,2,1,19,4,1781,1,10,-1,1,-1
2015200032421,2,98,0,18,0,0,0,0,0,0,2,1,1,1,58,9,12580,2,8,-1,1,-1
2015200032423,1,9,0,10,0,6,0,0,0,0,1,1,6,2,-1,-1,1997,1,14,-1,2,-1
2015200032423,2,98,0,18,0,8,0,0,0,0,3,1,1,1,26,6,1248,2,1,-1,1,-1
2015200032426,1,9,0,5,0,1,0,0,0,0,1,1,6,2,30,6,-1,-1,-1,-1,-1,-1
2015200032432,1,9,0,9,0,2,0,0,0,0,1,1,6,1,29,6,1398,1,-1,-1,1,-1
2015200032432,2,1,0,18,0,2,0,0,0,0,1,1,6,1,10,2,-1,-1,-1,-1,1,-1
2015200032433,1,11,0,5,0,0,0,0,0,0,4,1,1,1,52,8,8268,2,12,-1,1,-1
2015200032450,1,9,0,5,0,2,0,0,0,0,0,1,5,1,40,7,1798,1,9,-1,-1,-1
2015200032450,2,1,0,18,0,1,0,0,0,0,0,1,2,1,45,7,-1,-1,-1,-1,-1,-1
2015200032452,1,9,0,1,0,0,0,0,0,0,0,1,6,2,46,8,1364,2,3,-1,1,-1
2015200032452,2,5,0,18,0,0,0,0,0,0,1,1,6,1,47,8,600,1,13,-1,1,-1
2015200032456,1,9,0,1,0,0,0,0,0,0,2,1,6,1,64,9,1896,2,10,-1,1,-1
2015200032457,1,9,0,18,0,0,0,0,0,0,1,1,6,1,83,11,1235,1,23,-1,1,-1
2015200032460,1,9,-1,-1,-1,-1,-1,-1,-1,0,-1,1,6,1,50,8,-1,-1,-1,-1,1,-1
2015200032460,2,9,-1,-1,-1,-1,-1,-1,-1,0,-1,1,6,2,37,7,1560,2,7,-1,1,-1
2015200032461,1,1,0,18,0,8,0,0,0,0,3,1,6,1,28,6,-1,-1,-1,-1,1,-1
2015200032461,2,9,0,9,0,5,0,0,0,0,1,1,6,1,63,9,1896,2,9,-1,-1,-1
2015200032467,1,9,0,9,0,8,0,0,2,0,4,1,6,2,47,8,2987,2,2,-1,1,-1
2015200032467,2,9,0,18,0,8,0,0,0,0,1,1,6,1,52,8,2967,1,11,-1,1,-1
2015200032469,1,9,0,5,0,4,0,0,0,0,4,1,6,1,77,11,1560,2,7,-1,1,-1
2015200032469,2,1,0,5,0,3,0,0,0,0,1,1,1,1,47,8,-1,-1,-1,-1,1,-1
2015200032470,1,9,0,7,0,1,1,0,0,0,1,1,6,1,20,4,1900,2,8,-1,1,-1
2015200032470,2,9,0,8,0,1,0,0,1,0,1,1,6,1,49,8,1796,1,10,-1,1,-1
2015200032476,1,9,0,18,0,8,0,0,0,0,1,1,2,1,47,8,1598,1,14,-1,2,-1
2015200032476,2,1,0,9,0,3,5,0,0,0,4,1,2,2,45,7,-1,-1,-1,-1,1,-1
2015200032479,1,9,0,9,0,8,0,0,0,0,1,1,2,1,36,7,1995,2,7,-1,1,-1
2015200032480,1,9,0,5,0,1,0,0,0,0,4,1,6,1,30,6,1598,1,9,-1,1,-1
2015200032480,2,9,0,5,0,1,0,0,0,0,3,1,3,2,31,6,1461,2,5,-1,1,-1
2015200032490,1,9,0,18,0,8,0,0,0,0,1,1,6,1,22,5,1248,2,11,-1,1,-1
2015200032490,2,9,0,18,0,8,0,10,7,10,1,1,6,2,27,6,1149,1,13,-1,1,-1
2015200032491,1,9,0,18,0,8,0,0,0,0,4,1,1,1,-1,-1,1956,2,-1,-1,1,-1
2015200032491,2,3,0,18,0,8,0,0,0,0,1,1,2,1,26,6,125,1,1,-1,1,-1
2015200032502,1,98,0,9,0,6,0,0,0,0,1,1,2,1,47,8,1998,2,12,-1,1,-1
2015200032502,2,9,0,18,0,8,0,0,0,0,1,1,2,1,50,8,1399,2,8,-1,1,-1
2015200032507,1,9,0,18,0,2,0,0,0,0,3,1,6,3,-1,-1,-1,-1,-1,-1,-1,-1
2015200032513,1,9,0,18,0,0,0,0,0,0,4,1,6,3,-1,-1,1968,2,5,-1,-1,-1
2015200032513,2,9,0,18,0,0,0,0,0,0,3,1,6,1,59,9,998,1,15,-1,1,-1
2015200032517,1,9,0,5,0,1,0,0,0,0,1,1,6,1,56,9,-1,-1,-1,-1,1,-1
2015200032517,2,9,0,5,0,1,0,0,0,0,1,1,6,1,29,6,1998,1,16,-1,1,-1
2015200032536,1,9,0,15,0,8,0,0,0,0,2,1,6,2,41,7,1390,1,11,-1,2,-1
2015200032536,2,9,0,9,0,8,0,0,0,0,2,1,6,2,23,5,1595,1,13,-1,-1,-1
2015200032538,1,9,0,18,0,0,2,0,4,0,4,1,6,1,-1,-1,1796,1,12,-1,1,-1
2015200032542,1,9,0,18,0,8,0,0,0,0,1,1,6,2,40,7,1360,1,12,-1,1,-1
2015200032542,2,9,0,16,0,8,1,0,1,0,4,1,6,2,31,6,-1,-1,-1,-1,1,-1
2015200032544,1,9,0,4,0,0,0,0,0,0,1,1,6,1,50,8,2902,2,9,-1,1,-1
2015200032548,1,9,3,18,9,8,5,10,7,0,4,1,6,1,27,6,-1,-1,-1,-1,1,-1
2015200032549,1,3,0,18,0,0,0,0,0,0,0,1,5,1,36,7,124,1,9,-1,1,-1
2015200032549,2,22,-1,-1,-1,0,-1,-1,-1,0,-1,1,5,1,86,11,-1,-1,-1,-1,1,-1
2015200032556,1,9,0,9,0,5,0,0,0,0,1,1,6,1,48,8,1997,2,3,-1,-1,-1
2015200032556,2,98,0,18,0,8,0,0,0,0,1,1,6,1,64,9,1560,2,8,-1,1,-1
2015200032569,1,9,0,18,0,0,1,0,0,0,1,1,6,1,-1,-1,1199,1,11,-1,-1,-1
2015200032569,2,9,0,3,0,0,0,0,0,0,2,1,6,1,34,6,1994,1,12,-1,1,-1
2015200032570,1,9,0,18,0,8,0,0,0,0,3,1,1,1,30,6,998,1,4,-1,1,-1
2015200032570,2,9,0,18,0,8,0,0,0,0,4,1,6,3,-1,-1,-1,-1,-1,-1,-1,-1
2015200032575,1,9,0,5,0,1,0,0,0,0,1,1,6,3,30,6,1995,2,15,-1,-1,-1
2015200032578,1,9,0,18,0,8,0,0,0,0,1,1,6,1,47,8,1995,2,8,-1,-1,-1
2015200032578,2,9,0,18,0,8,0,0,0,0,1,1,6,1,36,7,1590,1,14,-1,1,-1
2015200032580,1,9,0,18,0,6,0,0,0,0,1,1,1,1,50,8,1794,1,13,-1,1,-1
2015200032580,2,9,0,18,0,6,0,0,0,0,1,1,1,2,58,9,1997,2,-1,-1,1,-1
2015200032580,3,9,0,2,0,2,0,0,0,0,2,1,6,1,36,7,1896,2,8,-1,1,-1
2015200032580,4,9,0,2,0,1,0,0,0,0,2,1,6,1,-1,-1,1951,2,9,-1,1,-1
2015200032586,1,20,0,18,0,8,0,0,0,0,1,1,1,1,29,6,6692,2,3,-1,1,-1
2015200032600,1,9,0,4,0,0,0,0,0,0,1,1,5,1,-1,-1,1587,1,14,-1,1,-1
2015200032600,2,9,0,4,0,0,0,0,0,0,2,1,2,1,51,8,1229,1,1,-1,1,-1
2015200032606,1,9,0,9,0,6,0,0,0,0,3,1,6,1,26,6,-1,-1,-1,-1,1,-1
2015200032606,2,1,0,18,0,8,0,0,0,0,1,1,6,1,28,6,-1,-1,-1,-1,1,-1
2015200032613,1,98,0,3,0,1,0,0,0,0,2,1,6,1,55,8,2500,2,8,-1,1,-1
2015200032613,2,9,0,18,0,1,0,0,0,0,1,1,6,1,42,7,1596,1,8,-1,1,-1
2015200032617,1,98,0,5,0,0,0,0,0,0,0,1,1,1,58,9,1560,2,3,-1,1,-1
2015200032617,2,9,0,18,0,0,5,0,7,0,1,1,6,1,89,11,1242,1,10,-1,1,-1
2015200032641,1,9,0,9,0,5,0,0,0,0,1,1,6,1,46,8,1956,2,-1,-1,1,-1
2015200032654,1,8,0,18,0,1,0,0,0,0,1,1,1,1,60,9,2664,2,15,-1,1,-1
2015200032654,2,9,0,18,0,1,0,0,0,0,1,1,6,2,39,7,998,1,12,-1,1,-1
2015200032658,1,98,0,18,0,0,0,0,0,0,1,1,1,1,-1,-1,4461,2,4,-1,-1,-1
2015200032658,2,9,0,18,0,0,0,0,0,0,2,1,2,1,49,8,2231,2,2,-1,1,-1
2015200032659,1,98,0,18,0,0,0,0,0,0,1,1,2,1,24,5,2198,2,1,-1,1,-1
2015200032662,1,9,0,4,0,6,0,0,0,0,1,1,6,1,36,7,1332,1,16,-1,1,-1
2015200032662,2,9,0,18,0,8,0,0,0,0,4,1,5,2,25,5,1299,1,10,-1,1,-1
2015200032663,1,9,0,18,0,0,0,10,1,0,1,1,1,1,21,5,1895,1,15,-1,1,-1
2015200032666,1,9,0,1,0,2,0,0,0,0,2,1,6,1,22,5,1199,1,13,-1,1,-1
2015200032674,1,9,0,18,0,8,0,0,0,0,1,1,6,1,53,8,1390,1,8,-1,1,-1
2015200032674,2,9,0,18,0,8,0,0,0,0,2,1,6,2,45,7,1248,2,2,-1,1,-1
2015200032676,1,9,0,18,0,1,0,0,0,0,1,1,6,1,20,4,1197,1,-1,-1,1,-1
2015200032684,1,9,0,5,0,1,0,0,0,0,1,1,6,1,35,6,2494,1,20,-1,1,-1
2015200032684,2,9,0,10,0,1,0,0,0,0,2,1,6,1,22,5,1560,2,11,-1,1,-1
2015200032688,1,9,0,18,0,1,0,4,0,0,1,1,1,2,35,6,1560,2,1,-1,1,-1
2015200032688,2,9,0,18,0,1,0,0,0,0,2,1,1,1,37,7,-1,-1,-1,-1,-1,-1
2015200032691,1,9,0,9,0,8,1,0,0,0,1,1,6,1,48,8,1796,1,11,-1,1,-1
2015200032691,2,3,0,18,0,1,5,4,0,0,1,1,6,1,24,5,124,1,-1,-1,1,-1
2015200032691,3,9,0,2,0,2,0,0,0,0,2,1,6,3,-1,-1,2295,1,14,-1,-1,-1
2015200032700,1,9,0,5,0,3,0,0,0,0,1,1,6,1,23,5,-1,-1,-1,-1,1,-1
2015200032705,1,9,0,5,0,2,0,0,0,0,1,1,6,1,77,11,1895,1,14,-1,1,-1
2015200032705,2,5,0,18,0,1,0,0,0,0,1,1,6,2,42,7,649,1,8,-1,1,-1
2015200032707,1,9,0,5,0,0,0,0,0,0,1,1,6,2,30,6,1229,1,3,-1,1,-1
2015200032714,1,9,0,5,0,1,0,0,0,0,3,1,6,2,30,6,1596,1,8,-1,1,-1
2015200032714,2,3,0,5,0,1,0,0,0,0,1,1,6,1,20,4,124,1,1,-1,1,-1
2015200032735,1,9,0,18,0,1,1,0,0,0,1,1,5,2,17,4,1398,2,9,-1,1,-1
2015200032735,2,9,0,18,0,1,0,0,0,0,1,1,5,2,48,8,1596,1,9,-1,1,-1
2015200032735,3,9,0,10,0,1,0,0,0,0,2,1,5,1,24,5,1968,2,4,-1,1,-1
2015200032748,1,98,0,18,0,2,0,0,0,0,1,1,6,3,-1,-1,2402,2,5,-1,-1,-1
2015200032748,2,9,0,2,0,2,0,0,0,0,2,1,3,2,31,6,1493,2,10,-1,1,-1
2015200032753,1,9,0,5,0,0,0,0,0,0,1,1,6,1,30,6,1499,1,-1,-1,3,-1
2015200032771,1,9,0,18,0,0,0,0,0,0,4,1,6,3,-1,-1,-1,-1,-1,-1,-1,-1
2015200032771,2,1,0,18,0,0,0,0,-1,0,2,1,5,1,18,4,-1,-1,-1,-1,1,-1
2015200032777,1,9,0,18,0,8,0,0,0,0,0,1,5,2,53,8,2231,2,7,-1,1,-1
2015200032789,1,9,0,18,0,2,0,0,1,0,1,1,6,1,35,6,1997,2,13,-1,1,-1
2015200032789,2,9,0,4,0,2,0,0,0,0,1,1,6,3,32,6,-1,-1,-1,-1,1,-1
2015200032789,3,9,0,18,0,6,0,0,7,0,0,1,1,1,-1,-1,2993,2,-1,-1,1,-1
2015200032794,1,9,0,13,0,3,0,0,0,0,0,1,6,1,27,6,1968,2,4,-1,1,-1
2015200032795,1,9,0,5,0,6,0,0,1,0,3,1,6,2,20,4,1240,1,12,-1,-1,-1
2015200032795,2,90,0,18,0,2,0,0,0,0,1,1,1,1,62,9,-1,-1,-1,-1,-1,-1
2015200032800,1,9,0,5,0,8,0,0,0,0,1,1,5,3,-1,-1,-1,-1,-1,-1,-1,-1
2015200032800,2,9,0,18,0,6,0,0,1,0,4,1,5,2,30,6,-1,-1,-1,-1,1,-1
2015200032800,3,9,0,2,0,8,0,0,0,0,0,1,5,1,30,6,1596,1,9,-1,1,-1
2015200032808,1,9,0,5,0,1,0,0,0,0,1,1,6,1,75,10,2496,1,9,-1,1,-1
2015200032808,2,1,0,5,0,6,0,0,0,0,3,1,4,2,12,3,-1,-1,-1,-1,1,-1
2015200032826,1,9,0,15,0,2,0,0,0,0,1,1,6,1,43,7,1368,1,4,-1,1,-1
2015200032829,1,9,0,1,0,2,0,0,0,0,2,1,5,1,33,6,1997,1,6,-1,1,-1
2015200032899,1,9,0,18,0,0,0,0,0,0,3,1,6,2,-1,-1,1968,2,-1,-1,-1,-1
2015200032899,2,9,0,18,0,0,0,0,0,0,4,1,6,1,49,8,1997,2,14,-1,1,-1
2015200032913,1,9,0,9,0,5,0,0,1,0,1,1,5,2,40,7,1997,2,5,-1,1,-1
2015200032919,1,9,0,4,0,1,0,0,0,0,2,1,1,1,43,7,-1,-1,-1,-1,1,-1
2015200032925,1,9,0,1,0,0,0,0,0,0,2,1,6,3,-1,-1,1997,2,4,-1,-1,-1
2015200032925,2,9,0,4,0,0,0,0,0,0,1,1,6,2,33,6,1398,2,8,-1,1,-1
2015200032927,1,9,0,18,0,0,0,0,0,0,1,1,6,1,56,9,-1,-1,-1,-1,1,-1
2015200032930,1,9,0,5,0,0,0,0,0,0,1,1,6,2,62,9,1061,1,11,-1,1,-1
2015200032930,2,9,0,3,0,0,0,0,0,0,2,1,6,1,71,10,2295,1,17,-1,1,-1
2015200032936,1,9,0,16,0,0,0,0,0,0,4,1,3,1,40,7,1968,2,4,-1,1,-1
2015200032950,1,9,0,18,0,6,1,0,1,0,4,1,5,2,20,4,1596,1,11,-1,1,-1
2015200032950,2,9,0,18,0,8,1,0,1,10,1,1,1,1,45,7,1956,2,1,-1,1,-1
2015200032958,1,9,0,18,0,1,0,0,7,0,1,1,2,1,23,5,-1,-1,-1,-1,1,-1
2015200032958,2,9,0,18,0,2,0,0,0,0,3,1,6,1,73,10,1390,1,7,-1,1,-1
2015200032959,1,9,0,18,0,0,0,0,0,0,0,1,6,3,-1,-1,-1,-1,-1,-1,-1,-1
2015200032962,1,9,-1,4,0,0,0,0,0,0,1,1,6,3,-1,-1,2480,1,5,-1,-1,-1
2015200032962,2,9,-1,4,0,0,0,0,0,0,2,1,1,2,33,6,1598,2,1,-1,1,-1
2015200032962,3,9,-1,4,0,0,0,0,0,0,-1,1,6,1,31,6,2354,1,12,-1,1,-1
2015200032970,1,9,0,18,0,0,0,0,0,0,4,1,6,3,-1,-1,1997,2,8,-1,-1,-1
2015200032978,1,9,0,18,0,8,0,0,0,0,1,1,6,2,27,6,2204,2,8,-1,1,-1
2015200032978,3,9,0,5,0,1,0,0,0,0,1,1,6,1,30,6,1390,1,4,-1,-1,-1
2015200032981,1,9,0,5,0,1,0,0,0,0,1,1,6,1,73,10,1797,8,4,-1,3,-1
2015200032981,2,8,0,5,0,1,0,0,0,0,1,1,6,2,38,7,1995,2,10,-1,1,-1
2015200032984,1,9,-1,18,0,0,0,0,0,0,3,1,6,1,24,5,1198,1,11,-1,1,-1
2015200032984,2,9,-1,3,0,0,0,0,0,0,1,1,6,1,29,6,1968,2,5,-1,1,-1
2015200032984,3,9,-1,3,0,0,0,0,0,0,1,1,6,1,43,7,1991,2,7,-1,1,-1
2015200032984,4,9,-1,3,0,0,0,0,0,0,3,1,6,1,18,4,1850,1,15,-1,1,-1
2015200032984,5,9,-1,18,0,0,0,0,0,0,2,1,6,2,30,6,1598,2,4,-1,1,-1
2015200032984,6,9,-1,18,0,0,0,0,0,0,1,1,6,1,26,6,1596,1,13,-1,1,-1
2015200032992,1,9,-1,18,0,0,0,0,0,0,1,1,6,3,-1,-1,2480,1,-1,-1,-1,-1
2015200032993,1,9,0,7,0,4,0,0,0,0,1,1,6,1,29,6,1595,1,2,-1,1,-1
2015200032993,2,9,0,9,0,3,0,0,0,0,4,1,6,2,39,7,1242,1,10,-1,1,-1
2015200032995,1,9,0,18,0,8,0,0,0,0,1,1,6,1,31,6,1596,1,15,-1,1,-1
2015200032995,2,9,0,18,0,8,0,0,0,0,0,1,2,2,43,7,1590,1,15,-1,1,-1
2015200032997,1,9,0,18,0,0,2,10,7,0,1,1,6,1,40,7,3165,1,11,-1,1,-1
2015200032999,1,9,0,9,0,5,0,0,0,0,1,1,6,2,34,6,1997,2,6,-1,1,-1
2015200033008,1,9,0,18,0,4,5,0,0,0,3,1,1,1,35,6,1197,1,-1,-1,1,-1
2015200033008,2,9,0,18,0,4,0,0,0,0,4,1,6,1,41,7,1389,1,14,-1,1,-1
2015200033012,1,9,0,9,0,1,0,0,0,0,1,1,6,3,-1,-1,-1,-1,-1,-1,-1,-1
2015200033012,2,9,0,9,0,1,0,0,0,0,2,1,2,1,23,5,998,1,6,-1,1,-1
2015200033015,1,9,0,3,0,0,0,0,0,0,2,1,6,1,41,7,1397,1,6,-1,1,-1
2015200033015,2,9,0,4,0,0,0,0,0,0,1,1,6,1,-1,-1,1995,1,9,-1,1,-1
2015200033016,1,9,0,18,0,0,0,0,0,0,0,1,6,3,-1,-1,-1,-1,-1,-1,-1,-1
2015200033017,1,9,0,9,0,8,0,0,0,0,1,1,6,2,40,7,1598,1,10,-1,1,-1
2015200033018,1,9,0,18,1,1,0,0,0,0,1,1,2,2,33,6,1598,1,13,-1,-1,-1
2015200033018,2,9,0,3,0,1,0,0,0,0,2,1,6,1,25,5,1299,1,17,-1,1,-1
2015200033019,1,9,0,7,0,8,0,0,0,0,3,1,5,1,65,9,1598,1,8,-1,1,-1
2015200033019,2,9,0,18,0,8,0,0,0,0,4,1,5,2,33,6,1998,1,-1,-1,1,-1
2015200033029,1,9,0,18,0,1,2,7,7,0,1,1,5,1,24,5,1149,1,13,-1,1,-1
2015200033029,2,9,0,18,0,1,0,0,0,0,0,1,1,1,47,8,2993,2,1,-1,1,-1
2015200033032,1,9,0,9,0,5,0,0,0,0,1,1,6,1,37,7,1396,1,1,-1,1,-1
2015200033032,2,9,0,18,0,8,0,0,0,0,1,1,6,2,32,6,2295,1,15,-1,1,-1
2015200033079,1,9,0,10,0,8,0,0,0,0,3,1,6,1,29,6,1995,2,4,-1,1,-1
2015200033079,2,9,0,18,0,8,0,0,0,0,3,1,6,2,26,6,1598,1,10,-1,1,-1
2015200033084,1,9,0,18,0,3,0,0,1,7,1,1,6,2,43,7,2987,2,6,-1,1,-1
2015200033086,1,9,0,9,0,6,0,0,0,0,0,1,5,3,-1,-1,1995,1,7,-1,-1,-1
2015200033086,2,1,0,18,0,8,0,0,0,0,0,1,6,1,36,7,-1,-1,-1,-1,1,-1
2015200033091,1,9,0,5,0,6,0,0,0,0,1,1,5,1,26,6,1596,1,12,-1,1,-1
2015200033091,2,9,0,18,0,8,0,0,0,0,4,1,5,2,21,5,1368,1,4,-1,1,-1
2015200033104,1,9,0,5,0,1,0,0,0,0,1,1,6,3,-1,-1,1364,1,7,-1,-1,-1
2015200033104,2,9,0,3,0,1,0,0,0,0,2,1,6,2,35,6,1242,1,9,-1,1,-1
2015200033107,1,9,0,18,0,1,0,0,0,0,1,1,6,1,41,7,1360,1,3,-1,-1,-1
2015200033107,2,98,0,18,0,1,0,0,0,0,1,1,1,1,57,9,1598,2,8,-1,1,-1
2015200033107,3,9,0,10,0,5,0,0,0,0,2,1,6,2,21,5,1364,1,10,-1,2,-1
2015200033108,1,9,0,18,0,0,1,0,0,0,1,1,6,3,-1,-1,2290,1,15,-1,-1,-1
2015200033108,2,9,0,18,0,0,0,0,0,0,3,1,6,1,19,4,999,1,1,-1,1,-1
2015200033113,1,9,0,18,0,4,0,0,0,0,0,1,6,1,25,5,1995,1,7,-1,1,-1
2015200033113,2,3,0,18,0,4,1,0,0,0,0,1,6,1,26,6,125,1,-1,-1,1,-1
2015200033120,1,9,0,5,0,0,0,0,0,0,1,1,6,2,24,5,1968,2,8,-1,1,-1
2015200033123,1,9,0,9,0,3,0,0,0,0,1,1,6,2,39,7,998,1,4,-1,-1,-1
2015200033125,1,9,0,7,0,4,0,0,0,0,3,1,2,1,20,4,1398,1,4,-1,1,-1
2015200033125,2,5,0,18,0,8,1,0,0,0,1,1,1,1,46,8,645,1,11,-1,3,-1
2015200033129,1,98,0,7,0,1,0,0,0,0,1,1,1,1,29,6,1560,2,1,-1,-1,-1
2015200033129,2,9,0,18,0,1,0,0,0,0,1,1,1,1,34,6,1997,2,4,-1,3,-1
2015200033142,1,98,0,4,0,1,0,0,0,0,1,1,6,3,-1,-1,2402,2,6,-1,-1,-1
2015200033142,2,9,0,2,0,1,0,0,0,0,2,1,6,1,26,6,1870,2,14,-1,1,-1
2015200033144,1,-1,0,18,0,2,0,0,0,0,0,1,5,3,-1,-1,-1,-1,-1,-1,-1,-1
2015200033152,1,3,0,2,0,0,0,0,0,0,1,1,6,1,25,5,124,1,15,-1,1,-1
2015200033156,1,9,0,18,0,0,0,0,0,0,1,1,6,3,-1,-1,1995,2,9,-1,1,-1
2015200033159,1,9,0,1,0,1,0,0,0,0,2,1,6,1,-1,-1,1598,1,11,-1,-1,-1
2015200033164,1,9,0,18,0,8,0,0,0,0,1,1,6,1,76,11,2400,2,2,-1,3,-1
2015200033164,2,1,0,18,0,8,0,0,0,0,1,1,6,1,16,4,-1,-1,-1,-1,1,-1
2015200033164,3,1,0,18,0,8,0,0,0,0,1,1,6,1,15,3,-1,-1,-1,-1,1,-1
2015200033169,1,9,0,18,0,0,0,0,0,0,1,1,6,3,-1,-1,-1,-1,-1,-1,-1,-1
2015200033171,1,9,0,18,0,0,0,0,0,0,2,1,6,3,-1,-1,-1,-1,-1,-1,-1,-1
2015200033171,2,9,0,3,0,0,0,0,0,0,2,1,6,1,51,8,1397,1,11,-1,1,-1
2015200033173,1,98,-1,-1,-1,0,-1,-1,-1,0,-1,1,6,3,-1,-1,-1,-1,-1,-1,-1,-1
2015200033173,2,9,-1,-1,-1,0,-1,-1,-1,0,-1,1,6,2,27,6,-1,-1,-1,-1,1,-1
2015200033176,1,9,0,18,0,0,0,0,0,0,4,1,6,1,68,10,1339,8,5,-1,1,-1
2015200033189,1,9,0,5,0,0,0,0,0,0,1,1,6,2,83,11,1364,1,8,-1,1,-1
2015200033198,1,9,0,3,0,0,0,0,0,0,1,1,6,2,25,5,999,1,11,-1,1,-1
2015200033198,2,9,0,4,0,0,0,0,0,0,2,1,6,1,26,6,998,1,3,-1,1,-1
2015200033217,1,9,0,7,0,1,0,0,0,0,1,1,6,3,-1,-1,-1,-1,-1,-1,-1,-1
2015200033217,2,9,0,9,0,1,0,0,0,0,2,1,6,1,66,10,1242,1,12,-1,1,-1
2015200033219,1,9,0,18,0,0,1,0,1,10,1,1,6,1,17,4,1598,1,1,-1,1,-1
2015200033223,1,9,0,18,0,0,1,0,1,1,1,1,6,1,34,6,-1,-1,-1,-1,1,-1
2015200033224,1,9,0,18,0,0,0,0,0,0,1,1,2,2,43,7,1490,1,7,-1,1,-1
2015200033226,1,9,0,18,0,0,0,0,0,0,1,1,5,1,26,6,1596,1,11,-1,1,-1
2015200033226,2,1,0,18,0,0,0,0,0,0,2,1,2,2,29,6,-1,-1,-1,-1,1,-1
2015200033241,1,9,0,18,0,1,0,0,0,0,1,1,6,1,40,7,1968,2,-1,-1,1,-1
2015200033241,2,9,0,3,0,1,0,0,0,0,2,1,6,1,32,6,1798,1,7,-1,1,-1
2015200033242,1,9,5,18,0,1,1,0,0,0,1,1,6,1,30,6,1968,2,3,-1,1,-1
2015200033242,2,9,0,18,0,8,1,0,0,0,1,1,6,1,34,6,973,1,13,-1,1,-1
2015200033244,1,5,0,3,0,4,0,0,0,0,1,1,2,1,48,8,1284,1,12,-1,3,-1
2015200033244,2,98,0,3,0,4,0,0,0,0,2,1,1,1,43,7,4461,2,7,-1,1,-1
2015200033246,1,9,0,3,0,0,0,0,0,0,1,1,6,1,60,9,1587,1,11,-1,-1,-1
2015200033250,1,9,0,9,0,5,0,0,0,0,3,1,6,1,29,6,1598,1,8,-1,1,-1
2015200033250,2,9,0,5,0,8,0,0,0,0,3,1,6,3,-1,-1,-1,-1,-1,-1,-1,-1
2015200033256,1,9,0,18,0,1,0,0,0,0,4,1,6,3,-1,-1,-1,-1,-1,-1,-1,-1
2015200033257,1,9,0,18,0,0,0,0,0,0,0,1,6,2,26,6,1398,2,11,-1,1,-1
2015200033261,1,9,0,14,0,0,0,0,0,0,1,1,6,1,44,7,1397,1,7,-1,1,-1
2015200033264,1,9,0,18,0,2,5,7,0,0,1,1,6,1,24,5,1598,1,16,-1,-1,-1
2015200033264,2,9,0,5,0,2,1,0,0,0,1,1,6,1,36,7,1206,1,6,-1,1,-1
2015200033272,1,9,0,12,0,0,0,0,0,0,2,1,6,3,26,6,1396,1,6,-1,1,-1