Accident_Index,Vehicle_Reference,Vehicle_Type,Towing_and_Articulation,Vehicle_Manoeuvre,Vehicle_Location-Restricted_Lane,Junction_Location,Skidding_and_Overturning,Hit_Object_in_Carriageway,Vehicle_Leaving_Carriageway,Hit_Object_off_Carriageway,1st_Point_of_Impact,Was_Vehicle_Left_Hand_Drive?,Journey_Purpose_of_Driver,Sex_of_Driver,Age_of_Driver,Age_Band_of_Driver,Engine_Capacity_(CC),Propulsion_Code,Age_of_Vehicle,Driver_IMD_Decile,Driver_Home_Area_Type,Vehicle_IMD_Decile
2015200033272,2,9,0,18,0,0,0,7,7,0,4,1,6,1,20,4,1968,2,6,-1,1,-1
2015200033278,1,17,0,5,0,2,0,0,0,0,1,1,1,1,68,10,-1,-1,-1,-1,3,-1
2015200033291,1,10,0,4,0,0,0,0,0,0,0,1,3,2,41,7,-1,-1,-1,-1,1,-1
2015200033299,1,9,0,9,0,1,0,0,0,0,3,1,6,1,34,6,1598,1,10,-1,1,-1
2015200033299,2,9,0,18,0,8,0,0,0,0,3,1,6,2,20,4,1598,1,10,-1,1,-1
2015200033300,1,9,0,18,0,3,0,0,0,0,1,1,6,1,-1,-1,1560,2,8,-1,1,-1
2015200033300,2,9,0,12,0,3,0,0,0,0,1,1,6,1,59,9,1596,1,5,-1,1,-1
2015200033312,1,9,0,4,0,1,0,0,0,0,2,1,5,1,25,5,2148,2,13,-1,1,-1
2015200033312,2,9,0,4,0,1,0,0,0,0,2,1,5,2,36,7,1995,2,7,-1,1,-1
2015200033313,1,8,0,18,8,0,0,0,0,0,1,1,1,1,57,9,2664,2,14,-1,1,-1
2015200033315,1,9,0,18,0,0,0,0,0,0,3,1,6,1,28,6,1596,1,1,-1,-1,-1
2015200033315,2,9,0,5,0,0,0,0,0,0,1,1,6,1,-1,-1,2993,2,2,-1,-1,-1
2015200033318,1,9,0,9,0,1,0,0,0,0,1,1,6,3,-1,-1,-1,-1,-1,-1,-1,-1
2015200033321,1,9,0,5,0,1,0,0,0,0,1,1,6,1,30,6,-1,-1,-1,-1,-1,-1
2015200033321,2,9,0,5,0,1,0,0,0,0,2,1,6,1,39,7,1390,1,4,-1,-1,-1
2015200033331,1,9,0,10,0,5,0,0,0,0,1,1,2,3,46,8,1991,2,9,-1,1,-1
2015200033331,2,97,0,10,0,5,0,0,0,0,2,1,2,1,53,8,670,1,2,-1,1,-1
2015200033335,1,9,0,18,0,4,1,0,0,0,1,1,5,1,49,8,1296,1,8,-1,-1,-1
2015200033335,2,8,0,7,0,3,0,0,0,0,4,1,1,1,36,7,1984,2,7,-1,1,-1
2015200033344,1,9,0,5,0,1,0,0,0,0,4,2,6,1,45,7,1339,1,7,-1,1,-1
2015200033361,1,9,0,18,0,0,0,0,0,0,2,1,1,2,34,6,1399,2,5,-1,1,-1
2015200033361,2,9,0,18,0,0,0,0,0,0,1,1,1,1,23,5,1368,1,5,-1,1,-1
2015200033361,3,9,0,18,0,0,0,0,0,0,1,1,1,2,24,5,1599,1,11,-1,1,-1
2015200033393,1,9,0,9,0,2,0,0,0,0,4,1,5,1,19,4,1390,1,12,-1,1,-1
2015200033393,2,5,0,18,0,2,0,0,0,0,1,1,1,1,36,7,649,1,-1,-1,1,-1
2015200033395,1,-1,-1,-1,-1,0,-1,-1,-1,0,-1,1,6,1,-1,-1,-1,-1,-1,-1,1,-1
2015200033395,2,1,-1,-1,-1,0,-1,-1,-1,0,-1,1,6,1,48,8,-1,-1,-1,-1,1,-1
2015200033396,1,98,0,5,0,2,0,0,0,0,0,1,6,3,-1,-1,-1,-1,-1,-1,-1,-1
2015200033401,1,11,0,18,0,0,0,0,0,0,0,1,6,3,-1,-1,-1,-1,-1,-1,-1,-1
2015200033401,2,1,0,15,0,0,0,0,0,0,0,1,6,1,14,3,-1,-1,-1,-1,1,-1
2015200033403,1,9,0,18,0,0,5,11,0,0,1,1,5,1,32,6,1242,1,15,-1,1,-1
2015200033406,1,9,0,2,0,0,0,0,0,0,4,1,6,1,31,6,1997,2,1,-1,1,-1
2015200033407,1,9,0,16,0,1,0,0,0,0,1,1,6,3,-1,-1,1968,2,1,-1,-1,-1
2015200033407,2,9,0,16,0,1,0,0,0,0,2,1,6,1,39,7,2616,1,11,-1,1,-1
2015200033407,3,9,0,8,0,1,0,0,0,0,3,1,6,1,33,6,1798,1,11,-1,1,-1
2015200033412,1,98,0,18,0,8,0,0,0,0,3,2,6,1,-1,-1,-1,-1,-1,-1,-1,-1
2015200033412,2,98,0,18,0,8,0,0,0,0,3,1,2,1,32,6,1598,2,-1,-1,1,-1
2015200033421,1,9,0,18,0,0,0,0,0,0,0,1,6,1,39,7,1796,1,10,-1,1,-1
2015200033425,1,9,0,3,0,4,0,0,0,0,1,1,5,3,30,6,1968,2,7,-1,1,-1
2015200033425,2,9,0,3,0,4,0,0,0,0,2,1,1,2,57,9,1364,1,9,-1,1,-1
2015200033428,1,9,0,9,0,8,0,0,0,0,1,1,6,3,-1,-1,1461,2,5,-1,-1,-1
2015200033428,2,97,0,18,0,8,0,0,0,0,2,1,2,1,24,5,49,1,11,-1,1,-1
2015200033431,1,9,0,7,0,1,0,0,0,0,0,1,6,1,28,6,1783,1,12,-1,1,-1
2015200033431,2,1,0,18,0,8,0,0,0,0,1,1,6,2,25,5,-1,-1,-1,-1,1,-1
2015200033432,1,9,0,18,0,8,0,0,0,0,4,1,6,2,42,7,1149,1,13,-1,1,-1
2015200033432,2,1,0,18,0,8,0,0,0,0,4,1,6,1,52,8,-1,-1,-1,-1,1,-1
2015200033437,1,5,0,18,0,2,2,0,0,0,1,1,6,1,41,7,656,1,8,-1,1,-1
2015200033444,1,9,0,3,0,1,0,0,0,0,1,1,6,3,-1,-1,-1,-1,-1,-1,-1,-1
2015200033444,2,9,0,3,0,1,0,0,0,0,2,1,2,1,27,6,1398,1,12,-1,1,-1
2015200033449,1,9,0,5,0,1,0,0,0,0,0,1,6,1,23,5,-1,-1,-1,-1,-1,-1
2015200033450,1,9,0,9,0,8,0,0,0,0,1,1,6,3,-1,-1,1596,1,12,-1,-1,-1
2015200033450,2,3,0,18,0,8,2,0,0,0,1,1,6,1,18,4,125,1,2,-1,1,-1
2015200033453,1,9,0,5,0,0,0,0,0,0,1,1,6,1,-1,-1,1229,1,8,-1,1,-1
2015200033453,2,9,0,18,0,0,0,0,0,0,1,1,6,2,27,6,1896,2,7,-1,1,-1
2015200033454,1,9,0,18,0,3,0,0,0,0,1,1,6,3,-1,-1,-1,-1,-1,-1,-1,-1
2015200033454,2,9,0,18,0,3,0,0,0,0,2,1,2,1,40,7,1560,2,1,-1,1,-1
2015200033458,1,9,0,2,0,0,0,0,0,0,1,1,6,1,25,5,1998,2,7,-1,1,-1
2015200033458,2,9,0,1,0,0,0,0,0,0,2,1,6,3,-1,-1,1910,2,10,-1,-1,-1
2015200033462,1,9,0,9,0,8,0,0,0,0,3,1,6,2,41,7,1988,2,10,-1,1,-1
2015200033462,2,5,0,18,0,1,2,0,0,0,1,1,6,1,42,7,955,1,14,-1,1,-1
2015200033463,1,9,0,18,0,2,0,0,0,0,4,1,6,1,80,11,1992,2,8,-1,2,-1
2015200033464,1,9,-1,9,0,5,0,0,0,0,1,1,6,3,-1,-1,-1,-1,-1,-1,-1,-1
2015200033464,2,9,0,10,0,5,0,0,2,0,3,1,2,2,22,5,1206,1,5,-1,1,-1
2015200033465,1,9,0,18,0,1,0,0,0,0,1,1,6,1,21,5,1396,1,15,-1,1,-1
2015200033465,2,9,0,5,0,2,0,0,0,0,2,1,6,1,26,6,1995,2,-1,-1,1,-1
2015200033465,3,9,0,5,0,2,0,0,0,0,4,1,6,1,40,7,1968,2,3,-1,1,-1
2015200033474,1,98,0,9,0,5,0,0,0,0,1,1,6,1,44,7,1560,2,-1,-1,-1,-1
2015200033474,2,3,0,18,0,8,0,0,0,0,1,1,6,2,47,8,125,1,-1,-1,1,-1
2015200033477,1,9,0,18,9,0,0,0,0,0,1,1,6,1,86,11,1796,1,5,-1,1,-1
2015200033478,1,9,0,5,0,0,0,0,0,0,3,1,6,1,25,5,1769,1,10,-1,1,-1
2015200033478,2,3,0,18,0,0,0,0,0,0,1,1,5,1,27,6,125,1,1,-1,1,-1
2015200033482,1,9,0,9,0,1,0,0,0,0,0,1,6,2,47,8,1595,1,13,-1,1,-1
2015200033482,2,9,0,18,0,1,0,0,0,0,0,1,6,2,62,9,1461,2,2,-1,1,-1
2015200033484,1,9,0,5,8,0,0,0,0,0,4,1,6,2,56,9,998,1,7,-1,1,-1
2015200033484,2,9,0,18,0,0,0,0,0,0,1,1,2,1,38,7,2148,2,10,-1,1,-1
2015200033485,1,9,0,3,0,0,0,0,0,0,3,1,6,2,39,7,1598,1,10,-1,1,-1
2015200033485,2,9,0,18,0,0,0,0,0,0,3,1,6,3,-1,-1,-1,-1,-1,-1,-1,-1
2015200033487,1,9,0,5,0,0,0,10,7,11,1,1,6,2,52,8,1587,1,18,-1,1,-1
2015200033492,1,1,0,18,0,1,0,0,0,0,1,1,6,1,20,4,-1,-1,-1,-1,-1,-1
2015200033492,2,9,0,18,0,8,0,0,0,0,1,1,6,1,53,8,1997,2,7,-1,1,-1
2015200033494,1,9,0,18,0,0,0,0,0,0,4,1,6,1,32,6,1998,1,11,-1,1,-1
2015200033497,1,9,0,10,0,1,0,0,0,0,1,1,6,2,32,6,998,1,1,-1,1,-1
2015200033497,2,9,0,18,0,1,0,0,0,0,1,1,6,3,-1,-1,-1,-1,-1,-1,-1,-1
2015200033499,1,9,0,5,8,6,0,0,0,0,1,1,6,1,55,8,1796,1,7,-1,1,-1
2015200033499,2,4,0,18,0,1,0,0,0,0,1,1,1,1,24,5,400,1,23,-1,1,-1
2015200033501,1,9,0,12,0,6,0,0,0,0,4,1,6,2,-1,-1,1229,1,6,-1,1,-1
2015200033501,2,9,0,3,0,2,0,0,0,0,2,1,6,2,27,6,1598,1,9,-1,1,-1
2015200033504,1,98,0,9,0,1,0,0,0,0,1,1,5,1,46,8,2496,2,17,-1,1,-1
2015200033504,2,9,0,5,0,1,0,0,0,0,1,1,5,2,54,8,1598,1,2,-1,1,-1
2015200033506,1,9,0,9,0,6,0,0,0,0,4,1,2,2,26,6,1799,1,8,-1,1,-1
2015200033506,2,9,0,3,0,1,0,0,0,0,1,1,2,1,57,9,2000,2,4,-1,3,-1
2015200033507,1,9,0,9,0,5,0,0,0,0,1,1,6,2,25,5,1242,1,-1,-1,1,-1
2015200033507,2,9,0,18,0,8,0,0,0,0,3,1,6,1,26,6,1598,2,4,-1,1,-1
2015200033509,1,9,0,9,0,5,0,0,0,0,1,1,6,1,47,8,1794,7,8,-1,1,-1
2015200033511,1,9,0,18,0,1,0,0,0,0,1,1,6,2,51,8,1086,1,4,-1,1,-1
2015200033511,2,9,0,18,0,1,0,0,0,0,1,1,6,1,62,9,1400,1,15,-1,1,-1
2015200033516,1,9,0,18,0,6,1,0,4,0,3,1,6,1,20,4,1995,2,11,-1,1,-1
2015200033516,2,9,0,7,0,6,0,0,0,0,1,1,6,1,34,6,1598,1,9,-1,1,-1
2015200033523,1,8,0,9,0,5,0,0,0,0,1,1,6,3,50,8,-1,-1,-1,-1,-1,-1
2015200033524,1,9,0,2,0,1,0,0,0,0,3,1,6,1,33,6,1388,1,11,-1,1,-1
2015200033524,2,9,0,5,0,1,0,0,0,0,1,1,6,1,28,6,1997,2,8,-1,1,-1
2015200033531,1,8,0,9,0,0,0,0,0,0,0,1,1,1,-1,-1,-1,-1,-1,-1,-1,-1
2015200033532,1,9,0,5,0,0,0,4,0,0,3,1,6,1,35,6,1896,2,7,-1,1,-1
2015200033532,2,9,0,18,0,0,0,0,0,0,3,1,6,1,20,4,1686,2,3,-1,1,-1
2015200033532,3,9,0,2,0,0,0,0,0,0,3,1,6,1,-1,-1,999,1,1,-1,-1,-1
2015200033533,1,9,0,18,0,1,0,0,1,0,4,1,6,3,-1,-1,2295,7,11,-1,-1,-1
2015200033533,2,9,0,18,0,1,0,0,1,0,1,1,6,1,38,7,1590,1,13,-1,1,-1
2015200033548,1,9,0,18,0,0,1,11,1,0,1,1,3,1,34,6,1968,2,11,-1,1,-1
2015200033556,1,9,0,5,0,1,0,0,0,0,1,1,6,1,18,4,1598,1,5,-1,1,-1
2015200033556,2,9,0,5,0,1,0,0,0,0,1,1,6,2,40,7,2967,2,3,-1,1,-1
2015200033556,3,9,0,4,0,1,0,0,0,0,2,1,6,1,47,8,2494,1,14,-1,1,-1
2015200033599,1,9,0,18,9,3,0,7,1,1,1,1,6,1,45,7,1598,1,6,-1,1,-1
2015200033599,2,9,0,3,0,1,0,0,0,0,3,1,6,1,57,9,2926,2,12,-1,1,-1
2015200033620,1,9,0,5,0,4,0,0,0,0,1,1,6,1,56,9,-1,-1,-1,-1,1,-1
2015200033620,2,9,0,5,0,4,0,0,0,0,2,1,6,1,32,6,1968,2,7,-1,1,-1
2015200033675,1,9,0,18,0,2,0,0,0,0,1,1,1,2,31,6,1968,2,2,-1,1,-1
2015200033689,1,1,0,18,0,8,0,0,0,0,1,1,6,1,58,9,-1,-1,-1,-1,1,-1
2015200033689,2,9,0,18,0,4,0,0,0,0,1,1,6,1,-1,-1,1149,1,10,-1,1,-1
2015200033695,1,20,0,1,9,0,0,0,0,0,2,1,6,1,-1,-1,-1,-1,-1,-1,-1,-1
2015200033717,1,9,0,4,9,6,0,0,0,0,1,1,6,2,25,5,1685,2,4,-1,1,-1
2015200033733,1,9,0,18,0,0,0,0,0,0,4,1,6,3,-1,-1,2099,1,10,-1,-1,-1
2015200033735,1,9,0,5,0,1,0,0,0,0,1,1,6,2,57,9,1368,1,7,-1,1,-1
2015200033735,2,9,0,5,0,1,0,0,0,0,2,1,1,1,27,6,1360,1,9,-1,1,-1
2015200033739,1,9,0,18,0,0,0,0,0,0,3,1,6,2,30,6,1685,2,2,-1,-1,-1
2015200033739,2,9,0,18,0,0,0,0,0,0,-1,1,6,3,-1,-1,2720,2,9,-1,-1,-1
2015200033774,1,9,0,5,0,0,0,0,0,0,0,1,6,2,53,8,1596,1,-1,-1,1,-1
2015200033777,1,9,0,18,0,1,0,0,0,0,1,1,6,1,57,9,1781,1,12,-1,1,-1
2015200033778,1,9,0,18,0,4,1,7,7,0,4,1,6,1,22,5,1596,1,4,-1,1,-1
2015200033778,2,9,0,18,0,4,0,0,0,0,1,1,6,2,58,9,2933,1,25,-1,1,-1
2015200033778,3,9,0,18,0,4,0,0,0,0,1,1,6,1,38,7,1968,2,4,-1,1,-1
2015200033778,4,9,0,18,0,4,0,0,0,0,3,1,6,2,24,5,999,1,-1,-1,1,-1
2015200033779,1,-1,-1,9,0,2,0,0,0,0,1,1,6,1,-1,-1,-1,-1,-1,-1,-1,-1
2015200033780,1,9,0,9,0,6,0,0,0,0,1,1,6,1,61,9,1560,2,2,-1,1,-1
2015200033780,2,9,0,18,0,8,1,0,7,0,1,1,6,1,27,6,-1,-1,-1,-1,1,-1
2015200033780,3,9,0,2,9,2,0,0,0,0,4,1,6,3,-1,-1,-1,-1,-1,-1,-1,-1
2015200033783,1,9,0,18,0,1,0,0,0,0,1,1,6,1,25,5,1799,1,9,-1,1,-1
2015200033784,1,9,0,7,0,1,0,0,0,0,3,1,6,1,-1,-1,-1,-1,-1,-1,-1,-1
2015200033794,1,9,0,7,0,1,0,0,0,0,4,1,6,1,34,6,1686,2,2,-1,1,-1
2015200033794,2,1,0,18,4,1,0,0,0,0,1,1,6,1,27,6,-1,-1,-1,-1,1,-1
2015200033797,1,9,0,14,0,0,0,0,0,0,1,1,6,1,20,4,1590,1,12,-1,1,-1
2015200033802,1,9,0,18,0,0,0,0,0,0,0,1,6,1,36,7,1396,1,1,-1,1,-1
2015200033802,2,9,0,18,0,0,0,0,0,0,2,1,6,2,42,7,1951,2,13,-1,1,-1
2015200033809,1,1,0,18,0,0,0,0,0,0,1,1,6,2,42,7,-1,-1,-1,-1,1,-1
2015200033809,2,9,0,18,0,0,0,0,0,0,4,1,6,2,51,8,1198,1,7,-1,1,-1
2015200033812,1,9,0,5,0,1,0,0,0,0,1,1,6,1,18,4,1299,1,13,-1,1,-1
2015200033812,2,9,0,5,0,1,0,0,0,0,1,1,6,1,31,6,2000,1,10,-1,-1,-1
2015200033815,1,9,0,7,0,2,0,0,0,0,1,1,6,3,-1,-1,-1,-1,-1,-1,-1,-1
2015200033827,1,9,0,5,0,0,0,0,0,0,2,1,6,1,53,8,1997,2,9,-1,1,-1
2015200033827,2,9,0,5,0,0,0,0,0,0,2,1,6,1,28,6,1995,2,12,-1,1,-1
2015200033827,3,9,0,5,0,0,0,0,0,0,1,1,6,3,-1,-1,-1,-1,-1,-1,-1,-1
2015200033829,1,9,0,5,0,1,0,0,0,0,2,1,6,3,-1,-1,-1,-1,-1,-1,-1,-1
2015200033829,2,3,0,5,0,1,0,0,0,0,1,1,2,2,32,6,125,1,-1,-1,1,-1
2015200033847,1,9,0,7,0,6,0,0,0,0,1,1,5,2,90,11,1339,1,9,-1,1,-1
2015200033847,2,9,0,18,0,2,0,0,4,0,1,1,5,2,24,5,1242,1,12,-1,1,-1
2015200033849,1,9,-1,-1,-1,-1,-1,-1,-1,0,-1,1,6,3,-1,-1,-1,-1,-1,-1,-1,-1
2015200033850,1,20,1,5,0,1,0,0,0,0,2,1,1,1,30,6,-1,-1,-1,-1,-1,-1
2015200033850,2,9,0,5,0,1,0,0,0,0,2,1,6,2,35,6,1399,2,12,-1,1,-1
2015200033852,1,9,0,18,0,0,0,0,0,0,1,1,6,2,-1,-1,-1,-1,-1,-1,-1,-1
2015200033852,2,1,0,18,0,0,0,0,0,0,1,1,4,1,12,3,-1,-1,-1,-1,1,-1
2015200033853,1,9,0,12,0,0,0,0,0,0,1,1,6,1,23,5,1596,1,8,-1,1,-1
2015200033853,2,9,0,18,0,0,0,0,0,0,4,1,6,1,29,6,1896,2,5,-1,1,-1
2015200033855,1,9,0,4,0,0,0,0,0,0,1,1,6,2,34,6,1598,1,11,-1,1,-1
2015200033855,2,9,0,4,0,0,0,0,0,0,2,1,6,2,28,6,1896,2,7,-1,1,-1
2015200033856,1,9,0,5,0,3,0,0,0,0,1,1,6,1,42,7,1587,1,10,-1,1,-1
2015200033856,2,9,0,5,0,3,0,0,0,0,2,1,6,3,-1,-1,1598,1,9,-1,-1,-1
2015200033857,1,9,0,9,0,8,0,0,0,0,2,1,6,1,24,5,1995,2,9,-1,1,-1
2015200033857,2,98,0,9,0,8,0,0,0,0,1,1,2,1,20,4,1461,2,10,-1,1,-1
2015200033870,1,9,0,5,0,1,0,0,0,0,2,1,6,1,34,6,1997,2,15,-1,1,-1
2015200033870,2,9,0,5,0,1,0,0,0,0,1,1,6,1,29,6,1242,1,16,-1,1,-1
2015200033872,1,9,0,3,0,0,0,0,0,0,2,1,6,2,36,7,2231,2,9,-1,1,-1
2015200033872,2,9,0,18,0,0,0,0,0,0,1,1,6,3,-1,-1,1598,1,11,-1,-1,-1
2015200033873,1,9,0,9,0,0,0,0,0,0,4,1,6,1,43,7,1587,1,12,-1,1,-1
2015200033873,2,9,0,18,0,0,0,0,0,0,1,1,6,3,-1,-1,1968,2,1,-1,-1,-1
2015200033875,1,9,0,18,0,0,0,0,0,0,1,1,5,1,23,5,1896,2,10,-1,1,-1
2015200033875,2,9,0,2,0,0,0,0,1,0,2,1,5,1,43,7,1988,2,10,-1,1,-1
2015200033875,3,9,0,2,0,0,0,0,0,0,4,1,5,1,21,5,998,1,1,-1,1,-1
2015200033881,1,9,0,10,0,1,0,0,0,0,1,1,6,1,27,6,1997,1,8,-1,1,-1
2015200033881,2,9,0,10,0,1,0,0,0,0,2,1,6,2,33,6,1968,2,9,-1,1,-1
2015200033882,1,9,0,7,0,8,0,0,0,0,1,1,6,1,39,7,1998,1,13,-1,1,-1
2015200033882,2,1,0,18,0,8,0,0,0,0,2,1,6,1,47,8,-1,-1,-1,-1,1,-1
2015200033883,1,9,0,7,0,6,0,0,0,0,1,1,6,1,64,9,1997,2,12,-1,1,-1
2015200033883,2,1,0,18,0,8,0,0,0,0,2,1,2,2,29,6,-1,-1,-1,-1,1,-1
2015200033885,1,9,0,18,0,8,0,0,0,0,1,1,3,1,28,6,1968,2,11,-1,1,-1
2015200033894,1,9,0,3,0,4,0,0,0,0,1,1,6,3,-1,-1,-1,-1,-1,-1,-1,-1
2015200033894,2,9,0,10,0,4,0,0,0,0,2,1,5,2,27,6,1796,1,10,-1,1,-1
2015200033901,1,9,0,18,0,2,0,0,0,0,1,1,1,1,32,6,1461,2,4,-1,1,-1
2015200033901,2,1,0,18,0,2,0,0,0,0,2,1,4,1,12,3,-1,-1,-1,-1,1,-1
2015200033910,1,9,0,3,0,1,0,0,0,0,2,1,6,2,27,6,1968,2,11,-1,1,-1
2015200033910,2,9,0,18,0,1,0,0,0,0,1,1,6,3,-1,-1,1686,2,6,-1,-1,-1
2015200033915,1,9,0,18,0,8,0,0,0,0,0,1,6,2,28,6,1595,1,13,-1,1,-1
2015200033917,1,9,0,5,0,1,0,0,0,0,1,1,6,1,21,5,1150,1,8,-1,1,-1
2015200033917,2,9,0,5,0,1,0,0,0,0,1,1,6,2,45,7,1339,1,1,-1,1,-1
2015200033929,1,9,0,18,0,2,0,0,0,0,1,1,6,1,22,5,1229,1,8,-1,1,-1
2015200033931,1,9,0,5,0,1,0,0,0,0,1,1,6,1,29,6,1753,2,13,-1,1,-1
2015200033931,2,3,0,5,0,1,0,0,0,0,4,1,6,1,23,5,124,1,7,-1,1,-1
2015200033957,1,9,0,4,0,0,0,0,0,0,0,1,6,2,21,5,1229,1,7,-1,1,-1
2015200033958,1,9,0,5,0,0,0,0,0,0,1,1,6,1,39,7,998,1,20,-1,1,-1
2015200033964,1,9,0,18,0,3,0,0,3,0,1,1,6,1,18,4,1242,1,5,-1,1,-1
2015200033965,1,9,0,18,0,0,0,0,0,0,3,1,6,2,20,4,1299,1,12,-1,1,-1
2015200033965,2,9,0,2,0,0,0,0,0,0,3,1,5,1,61,9,1242,1,2,-1,1,-1
2015200033976,1,9,0,18,0,0,0,0,3,0,1,1,2,1,50,8,1388,1,5,-1,1,-1
2015200033976,2,9,0,10,0,0,0,0,0,0,1,1,2,1,26,6,1396,1,12,-1,1,-1
2015200033980,1,9,0,18,0,0,0,0,0,0,1,1,6,1,36,7,1200,1,1,-1,1,-1
2015200033994,1,9,0,18,0,1,0,0,0,0,1,1,6,1,19,4,1242,1,2,-1,1,-1
2015200033994,2,9,0,5,0,1,0,0,0,0,3,1,6,2,59,9,1753,2,8,-1,1,-1
2015200034001,1,9,0,18,0,8,0,10,1,11,1,1,6,3,-1,-1,1998,2,14,-1,-1,-1
2015200034001,2,9,0,18,0,8,0,0,0,0,1,1,6,1,69,10,2204,2,10,-1,1,-1
2015200034001,3,9,0,18,0,8,0,0,0,0,0,1,1,1,-1,-1,1968,2,1,-1,-1,-1
2015200034002,1,9,0,5,0,6,0,0,0,0,1,1,6,3,-1,-1,1360,1,8,-1,-1,-1
2015200034002,2,9,0,18,0,2,1,0,0,0,2,1,6,2,41,7,1299,1,9,-1,1,-1
2015200034007,1,9,0,18,0,0,0,0,0,0,0,1,6,3,-1,-1,-1,-1,-1,-1,-1,-1
2015200034017,1,97,0,16,0,1,0,0,0,0,1,1,1,1,46,8,599,1,10,-1,1,-1
2015200034017,2,9,0,16,0,1,0,0,0,0,3,1,1,1,54,8,1339,1,4,-1,1,-1
2015200034020,1,9,0,18,0,4,0,0,0,0,1,1,6,3,-1,-1,1360,1,11,-1,-1,-1
2015200034020,2,9,0,3,0,3,0,0,0,0,3,1,6,1,22,5,1388,1,9,-1,1,-1
2015200034021,1,98,0,1,0,2,0,0,0,0,2,1,6,1,-1,-1,-1,-1,-1,-1,-1,-1
2015200034022,1,9,0,18,0,1,0,0,0,0,1,1,6,3,-1,-1,1299,1,13,-1,-1,-1
2015200034022,2,9,0,8,0,1,0,0,0,0,2,1,6,2,25,5,999,1,2,-1,1,-1
2015200034025,1,9,0,18,0,1,0,0,0,0,1,1,6,1,-1,-1,1895,1,15,-1,1,-1
2015200034025,2,9,0,18,0,2,0,0,0,0,2,1,6,2,44,7,1360,1,5,-1,2,-1
2015200034026,1,9,0,3,0,1,0,0,0,0,4,1,6,1,24,5,1796,2,2,-1,1,-1
2015200034026,2,3,0,18,0,1,0,0,0,0,3,1,6,2,49,8,125,1,8,-1,1,-1
2015200034031,1,9,0,18,0,0,0,0,0,0,1,1,6,1,20,4,3199,1,15,-1,-1,-1
2015200034031,2,9,0,4,0,0,0,0,0,0,2,1,5,2,52,8,2926,2,13,-1,1,-1
2015200034037,1,9,0,18,0,8,0,0,0,0,1,1,6,1,56,9,1896,2,11,-1,1,-1
2015200034037,2,9,0,5,0,6,0,0,0,0,3,1,6,1,49,8,-1,-1,-1,-1,1,-1
2015200034038,1,9,0,3,0,1,0,0,0,0,0,1,6,1,26,6,2143,2,3,-1,1,-1
2015200034040,1,9,0,18,0,0,0,0,0,0,1,1,6,3,-1,-1,1596,1,14,-1,-1,-1
2015200034045,1,9,0,18,0,8,1,4,0,0,1,1,6,1,22,5,1598,1,8,-1,1,-1
2015200034045,2,9,0,9,0,6,0,10,0,0,1,1,6,1,56,9,1398,2,13,-1,-1,-1
2015200034045,3,9,0,2,0,1,0,0,0,0,4,1,6,3,-1,-1,-1,-1,-1,-1,-1,-1
2015200034053,1,9,0,18,0,4,0,0,0,0,1,1,1,1,36,7,1995,2,9,-1,1,-1
2015200034053,2,9,0,5,0,4,0,0,0,0,2,1,6,1,34,6,2143,2,-1,-1,1,-1
2015200034057,1,9,0,18,0,1,0,0,2,0,1,1,6,1,20,4,1200,1,11,-1,1,-1
2015200034057,2,9,5,9,0,1,0,11,0,0,4,1,6,1,63,9,1596,1,8,-1,1,-1
2015200034058,1,9,0,18,0,0,5,10,7,1,1,1,5,1,18,4,998,1,6,-1,1,-1
2015200034068,1,9,0,18,0,5,0,0,0,0,3,1,1,1,57,9,-1,-1,-1,-1,1,-1
2015200034068,2,5,0,18,0,8,0,0,0,0,1,1,2,1,47,8,599,1,5,-1,1,-1
2015200034069,1,9,0,18,0,0,0,0,0,0,1,1,6,3,-1,-1,-1,-1,-1,-1,-1,-1
2015200034074,1,9,0,9,0,0,0,0,0,0,1,1,6,1,34,6,1995,1,12,-1,1,-1
2015200034074,2,9,0,2,0,0,0,0,0,0,1,1,6,1,47,8,1998,2,12,-1,1,-1
2015200034076,1,11,0,18,0,0,0,0,0,0,0,1,1,1,-1,-1,6700,2,6,-1,-1,-1
2015200034076,2,98,0,9,0,0,0,0,0,0,0,1,6,3,-1,-1,-1,-1,-1,-1,-1,-1
2015200034078,1,9,0,5,0,8,0,0,0,0,4,1,6,1,46,8,1968,2,8,-1,1,-1
2015200034078,2,1,0,18,0,8,0,0,0,0,1,1,6,1,48,8,-1,-1,-1,-1,1,-1
2015200034083,1,9,0,9,0,6,0,0,0,0,3,1,5,2,56,9,1686,2,6,-1,1,-1
2015200034083,2,3,0,18,0,8,1,0,0,0,1,1,5,1,24,5,124,1,2,-1,1,-1
2015200034109,1,98,0,18,0,1,0,0,7,0,1,1,6,1,52,8,1560,2,2,-1,1,-1
2015200034110,1,9,0,18,0,8,0,0,0,0,3,1,6,1,54,8,998,1,12,-1,1,-1
2015200034110,2,9,0,18,0,8,0,0,0,0,1,1,6,2,-1,-1,1124,1,13,-1,1,-1
2015200034110,3,9,0,18,0,8,0,0,0,0,3,1,6,1,40,7,-1,-1,-1,-1,-1,-1
2015200034111,1,9,0,18,0,1,0,0,0,0,0,1,6,1,-1,-1,2143,2,-1,-1,1,-1