Accident_Index,Vehicle_Reference,Vehicle_Type,Towing_and_Articulation,Vehicle_Manoeuvre,Vehicle_Location-Restricted_Lane,Junction_Location,Skidding_and_Overturning,Hit_Object_in_Carriageway,Vehicle_Leaving_Carriageway,Hit_Object_off_Carriageway,1st_Point_of_Impact,Was_Vehicle_Left_Hand_Drive?,Journey_Purpose_of_Driver,Sex_of_Driver,Age_of_Driver,Age_Band_of_Driver,Engine_Capacity_(CC),Propulsion_Code,Age_of_Vehicle,Driver_IMD_Decile,Driver_Home_Area_Type,Vehicle_IMD_Decile
2015200034111,2,9,0,18,0,1,0,0,0,0,0,1,6,1,22,5,1998,2,10,-1,1,-1
2015200034125,1,9,0,18,0,0,0,0,0,0,1,1,6,1,25,5,1596,1,2,-1,1,-1
2015200034126,1,9,0,5,0,4,0,0,0,0,3,1,1,1,63,9,1364,1,6,-1,1,-1
2015200034126,2,1,0,18,0,8,0,0,0,0,2,1,1,1,31,6,-1,-1,-1,-1,1,-1
2015200034140,1,9,5,18,0,0,0,0,0,0,1,1,6,1,59,9,-1,-1,-1,-1,1,-1
2015200034142,1,9,0,17,0,0,0,0,0,0,4,1,6,3,-1,-1,-1,-1,-1,-1,-1,-1
2015200034142,2,1,0,18,0,0,0,0,0,0,1,1,6,1,10,2,-1,-1,-1,-1,1,-1
2015200034147,1,11,0,18,0,0,0,0,0,0,1,1,1,1,42,7,5883,2,14,-1,1,-1
2015200034148,1,-1,0,18,0,1,0,0,0,0,1,1,6,2,-1,-1,-1,-1,-1,-1,1,-1
2015200034148,2,9,0,4,0,1,0,0,0,0,2,1,6,1,56,9,1896,2,10,-1,1,-1
2015200034151,1,11,0,18,0,0,0,0,0,0,1,1,1,1,54,8,6696,2,1,-1,1,-1
2015200034152,1,9,0,18,0,6,0,0,0,0,4,1,6,3,-1,-1,1598,1,13,-1,-1,-1
2015200034152,2,9,0,7,0,5,0,0,0,0,1,1,6,1,19,4,1149,1,13,-1,1,-1
2015200034152,3,9,0,18,0,1,0,10,0,0,3,1,6,2,50,8,1999,1,12,-1,1,-1
2015200034153,1,9,0,9,0,0,0,0,0,0,4,1,6,1,30,6,1598,2,-1,-1,1,-1
2015200034153,2,3,0,18,0,0,2,0,0,0,1,1,6,1,32,6,124,1,1,-1,1,-1
2015200034154,1,9,0,7,0,5,0,0,0,0,1,1,6,3,-1,-1,-1,-1,-1,-1,-1,-1
2015200034164,1,9,0,9,0,2,0,0,0,0,2,1,6,2,37,7,1968,2,4,-1,1,-1
2015200034164,2,3,0,18,0,1,5,0,0,0,1,1,6,1,21,5,124,1,3,-1,1,-1
2015200034180,1,9,0,13,0,0,0,0,0,0,1,1,6,1,22,5,1000,1,2,-1,1,-1
2015200034180,2,9,0,1,0,0,0,0,0,0,2,1,6,1,51,8,-1,-1,-1,-1,1,-1
2015200034206,1,9,0,18,0,8,0,0,0,0,3,1,1,1,55,8,1388,1,6,-1,1,-1
2015200034206,2,9,0,18,0,8,0,0,0,0,1,1,6,1,32,6,1248,2,11,-1,1,-1
2015200034210,1,9,0,18,0,1,0,0,0,0,1,1,6,1,-1,-1,1896,2,9,-1,1,-1
2015200034210,2,9,0,10,0,1,0,0,0,0,2,1,1,2,23,5,1461,2,-1,-1,1,-1
2015200034212,1,9,-1,-1,-1,0,-1,-1,-1,0,1,1,6,3,-1,-1,-1,-1,-1,-1,-1,-1
2015200034221,1,9,0,18,0,8,0,0,0,0,3,1,6,1,21,5,1598,2,1,-1,1,-1
2015200034221,2,9,0,18,0,8,0,0,0,0,1,1,6,1,18,4,973,1,12,-1,1,-1
2015200034225,1,8,0,3,0,0,0,0,0,0,2,1,1,1,48,8,1997,2,5,-1,1,-1
2015200034225,2,9,0,13,0,0,1,0,0,0,1,1,6,1,-1,-1,1968,2,9,-1,-1,-1
2015200034225,3,9,0,3,0,0,0,0,0,0,1,1,6,1,28,6,-1,-1,-1,-1,1,-1
2015200034238,1,9,0,9,0,5,0,0,0,0,1,1,6,1,-1,-1,-1,-1,-1,-1,1,-1
2015200034238,2,1,0,18,0,2,0,0,0,0,3,1,6,1,16,4,-1,-1,-1,-1,1,-1
2015200034276,1,9,0,18,9,1,0,0,2,10,1,1,6,3,-1,-1,1997,2,11,-1,-1,-1
2015200034277,1,9,0,18,0,0,0,0,7,2,1,1,6,1,24,5,1985,1,12,-1,1,-1
2015200034280,1,9,0,9,0,8,0,0,0,0,3,1,1,2,54,8,1598,1,13,-1,1,-1
2015200034280,2,1,0,18,0,2,0,0,0,0,3,1,1,1,30,6,-1,-1,-1,-1,1,-1
2015200034289,1,9,0,18,0,0,0,0,1,3,1,1,6,3,39,7,1248,2,3,-1,1,-1
2015200034305,1,9,0,16,0,0,0,0,4,4,1,1,6,1,19,4,1299,1,14,-1,1,-1
2015200034307,1,9,0,8,0,1,0,0,1,0,1,1,6,2,26,6,1595,1,12,-1,1,-1
2015200034307,2,9,0,18,0,1,0,0,4,0,1,1,6,2,62,9,1995,2,3,-1,1,-1
2015200034313,1,9,0,16,0,0,2,10,0,0,3,1,6,1,19,4,1149,1,12,-1,1,-1
2015200034314,1,9,0,18,0,1,0,0,0,0,1,1,6,1,-1,-1,-1,-1,-1,-1,-1,-1
2015200034314,2,9,0,18,0,1,0,0,0,0,3,1,6,1,36,7,998,1,13,-1,1,-1
2015200034320,1,9,-1,-1,-1,-1,-1,-1,-1,0,-1,1,6,1,25,5,1229,1,3,-1,1,-1
2015200034327,1,9,0,18,0,2,0,0,0,0,1,1,6,3,-1,-1,-1,-1,-1,-1,-1,-1
2015200034335,1,9,0,15,0,1,1,4,0,0,1,1,5,1,18,4,1997,1,11,-1,1,-1
2015200034335,2,9,0,8,0,1,0,0,0,0,2,1,1,1,30,6,2993,2,2,-1,1,-1
2015200034335,3,98,0,2,0,2,0,0,0,0,2,1,5,1,54,8,2402,2,5,-1,-1,-1
2015200034335,4,9,0,15,0,1,0,0,0,0,2,1,6,3,-1,-1,-1,-1,-1,-1,-1,-1
2015200034351,1,9,0,3,0,0,0,0,0,0,2,1,6,1,56,9,1769,1,12,-1,1,-1
2015200034351,2,9,0,3,0,0,0,0,0,0,1,1,6,1,26,6,1796,1,15,-1,1,-1
2015200034356,1,9,0,18,0,1,0,0,0,0,1,1,6,1,32,6,1998,1,22,-1,1,-1
2015200034356,2,9,0,16,0,2,0,0,0,0,3,1,6,1,53,8,1951,2,13,-1,1,-1
2015200034356,3,9,0,18,0,1,0,0,0,0,3,1,6,2,49,8,1329,1,4,-1,1,-1
2015200034371,1,9,0,2,0,0,0,0,0,0,1,1,6,1,31,6,1896,2,8,-1,-1,-1
2015200034371,2,9,0,18,0,0,0,0,1,0,4,1,6,2,73,10,1905,2,17,-1,1,-1
2015200034378,1,9,0,10,0,1,0,0,0,0,1,1,6,2,32,6,1364,2,8,-1,1,-1
2015200034378,2,9,0,4,0,1,0,0,0,0,2,1,6,1,37,7,-1,-1,-1,-1,1,-1
2015200034382,1,9,0,9,0,0,0,0,0,0,1,1,6,3,-1,-1,1242,1,9,-1,-1,-1
2015200034382,2,9,0,18,0,0,1,0,7,3,4,1,6,1,20,4,1242,1,-1,-1,1,-1
2015200034382,3,9,0,2,0,0,0,0,0,0,1,1,6,1,31,6,1986,2,10,-1,1,-1
2015200034382,4,9,0,2,0,0,0,0,0,0,1,1,6,1,30,6,1910,2,7,-1,1,-1
2015200034384,1,9,0,1,0,0,0,0,0,0,0,1,6,1,21,5,-1,-1,-1,-1,3,-1
2015200034384,2,9,0,3,0,0,0,0,0,0,2,1,6,2,58,9,1783,1,12,-1,-1,-1
2015200034424,1,11,0,12,0,1,0,0,0,0,1,1,1,1,30,6,8268,2,14,-1,1,-1
2015200034424,2,9,0,18,0,1,0,0,0,0,2,1,5,1,23,5,1199,1,12,-1,1,-1
2015200034425,1,9,0,4,0,1,0,0,0,0,2,1,6,1,48,8,1598,1,11,-1,1,-1
2015200034425,2,9,0,4,0,1,0,0,0,0,2,1,6,1,85,11,1199,1,13,-1,-1,-1
2015200034427,1,9,0,13,0,0,1,0,2,10,1,1,6,1,18,4,998,1,12,-1,1,-1
2015200034432,1,9,0,16,0,1,0,0,0,0,1,1,1,2,36,7,1398,1,-1,-1,1,-1
2015200034432,2,9,0,17,0,1,0,0,0,0,1,1,1,1,56,9,1896,2,17,-1,1,-1
2015200034432,3,9,0,17,0,1,0,0,0,0,1,1,1,1,43,7,1896,2,8,-1,1,-1
2015200034435,1,9,0,5,0,4,0,0,0,0,1,1,6,1,59,9,1390,1,12,-1,3,-1
2015200034435,2,9,0,3,0,3,0,0,0,0,2,1,6,1,62,9,2993,2,3,-1,1,-1
2015200034439,1,9,0,1,0,0,0,0,0,0,2,1,6,3,-1,-1,-1,-1,-1,-1,-1,-1
2015200034450,1,9,0,9,0,5,0,0,0,0,3,1,6,1,27,6,1198,1,11,-1,1,-1
2015200034450,2,1,0,9,0,5,0,0,0,0,3,1,6,1,67,10,-1,-1,-1,-1,1,-1
2015200034451,1,9,0,18,0,1,0,0,0,0,1,1,6,3,-1,-1,-1,-1,-1,-1,-1,-1
2015200034451,2,9,0,3,0,1,0,0,0,0,2,1,6,2,78,11,1995,1,6,-1,1,-1
2015200034458,1,9,0,9,0,6,0,0,0,0,4,1,3,2,43,7,1997,1,12,-1,1,-1
2015200034458,2,3,0,18,0,6,0,0,0,0,1,1,6,1,17,4,124,1,13,-1,1,-1
2015200034464,1,9,0,8,0,1,0,0,0,0,1,1,6,2,51,8,1560,2,7,-1,1,-1
2015200034464,2,9,0,8,0,1,1,0,0,0,1,1,6,1,21,5,2000,1,10,-1,1,-1
2015200034464,3,9,0,8,0,1,0,0,0,0,3,1,6,1,25,5,1781,1,16,-1,1,-1
2015200034490,1,9,0,9,0,8,0,0,0,0,3,1,6,3,-1,-1,1896,2,8,-1,-1,-1
2015200034490,2,9,0,10,0,8,0,0,0,0,3,1,6,1,36,7,1229,1,9,-1,1,-1
2015200034490,3,9,0,18,0,1,0,0,0,0,0,1,1,1,-1,-1,2993,2,1,-1,-1,-1
2015200034502,1,9,0,18,0,1,0,0,0,0,1,1,6,3,-1,-1,999,1,15,-1,-1,-1
2015200034502,2,9,0,8,0,1,0,0,0,0,2,1,6,1,59,9,1910,2,7,-1,1,-1
2015200034517,1,9,0,5,0,3,0,0,0,0,3,1,6,1,23,5,1796,1,12,-1,1,-1
2015200034517,2,9,0,5,0,3,0,0,0,0,4,1,6,2,38,7,-1,-1,-1,-1,1,-1
2015200034523,1,9,0,5,0,1,0,0,0,0,1,1,6,1,31,6,1386,1,3,-1,1,-1
2015200034523,2,9,0,4,0,1,0,0,0,0,2,1,6,2,38,7,1598,1,5,-1,1,-1
2015200034523,3,9,0,4,0,1,0,0,0,0,2,1,6,2,58,9,1598,1,11,-1,1,-1
2015200034595,1,11,0,18,0,0,0,0,0,0,1,1,6,3,-1,-1,-1,-1,-1,-1,-1,-1
2015200034600,1,9,0,18,0,2,0,0,0,0,1,1,1,2,48,8,1598,2,2,-1,1,-1
2015200034600,2,9,0,5,0,8,0,0,0,0,1,1,6,2,20,4,1200,1,-1,-1,1,-1
2015200034606,1,9,0,3,0,0,0,0,0,0,2,1,6,1,32,6,1896,2,17,-1,1,-1
2015200034606,2,9,0,3,0,0,0,0,0,0,2,1,6,1,-1,-1,1560,2,2,-1,1,-1
2015200034606,3,9,0,3,0,0,0,0,0,0,2,1,6,1,50,8,1995,1,12,-1,1,-1
2015200034606,4,9,0,18,0,0,0,0,0,0,1,1,6,3,-1,-1,-1,-1,-1,-1,-1,-1
2015200034613,1,9,0,14,0,8,0,0,0,0,1,1,6,1,-1,-1,2967,1,15,-1,-1,-1
2015200034613,2,9,0,18,0,8,0,0,0,0,1,1,6,1,32,6,1461,2,11,-1,1,-1
2015200034622,1,9,0,5,0,0,0,0,0,0,3,1,6,1,34,6,1951,2,14,-1,1,-1
2015200034622,2,9,0,5,0,0,0,0,1,0,3,1,3,2,47,8,1397,1,6,-1,1,-1
2015200034623,1,9,0,5,0,1,0,0,0,0,1,1,1,2,48,8,1910,2,11,-1,1,-1
2015200034623,2,9,0,18,0,1,0,0,1,0,2,1,1,2,42,7,1149,1,12,-1,1,-1
2015200034626,1,9,0,5,0,0,0,0,0,0,1,1,6,1,50,8,1997,2,1,-1,-1,-1
2015200034626,2,9,0,5,0,0,0,0,0,0,2,1,6,1,28,6,1995,2,3,-1,1,-1
2015200034632,1,9,0,9,0,2,0,0,0,0,1,1,6,3,-1,-1,-1,-1,-1,-1,-1,-1
2015200034636,1,9,0,10,0,8,0,0,0,0,1,1,6,2,26,6,-1,-1,-1,-1,-1,-1
2015200034636,2,9,0,18,0,8,0,0,0,0,1,1,6,1,31,6,998,1,14,-1,1,-1
2015200034638,1,9,0,18,0,0,0,0,2,0,1,1,6,1,27,6,1997,2,11,-1,1,-1
2015200034643,1,9,0,5,0,1,0,0,0,0,1,1,6,1,30,6,2494,1,18,-1,-1,-1
2015200034643,2,9,0,5,0,1,0,0,0,0,2,1,6,2,50,8,1364,1,6,-1,1,-1
2015200034644,1,9,0,5,0,4,0,0,0,0,3,1,1,1,42,7,1686,2,11,-1,1,-1
2015200034644,2,1,0,18,0,3,0,0,0,0,1,1,2,1,58,9,-1,-1,-1,-1,1,-1
2015200034647,1,9,0,18,0,4,0,0,0,0,1,1,1,1,17,4,1364,2,8,-1,1,-1
2015200034647,2,1,0,10,0,8,0,0,0,0,4,1,2,1,38,7,-1,-1,-1,-1,1,-1
2015200034654,1,9,0,18,0,0,0,0,6,7,1,1,6,1,25,5,1991,1,17,-1,2,-1
2015200034654,2,9,0,18,0,0,0,10,0,0,1,1,6,1,22,5,1896,2,8,-1,-1,-1
2015200034658,1,9,0,11,0,1,0,0,0,0,4,1,1,3,-1,-1,-1,-1,-1,-1,-1,-1
2015200034658,2,1,0,18,0,1,0,0,1,0,3,1,2,1,49,8,-1,-1,-1,-1,1,-1
2015200034683,1,9,0,18,0,4,0,0,0,0,1,1,6,3,-1,-1,1798,1,12,-1,-1,-1
2015200034683,2,9,0,18,0,4,1,10,7,0,2,1,6,1,18,4,1798,1,6,-1,1,-1
2015200034686,1,9,0,7,0,6,0,0,0,0,1,1,6,1,-1,-1,2967,2,9,-1,-1,-1
2015200034691,1,9,0,5,9,1,0,10,4,2,1,1,6,1,60,9,1796,1,19,-1,1,-1
2015200034721,1,9,0,9,0,0,1,0,0,0,4,1,6,3,-1,-1,1560,2,2,-1,-1,-1
2015200034721,2,9,0,18,0,0,0,0,0,0,3,1,6,1,22,5,1796,1,9,-1,1,-1
2015200034731,1,9,0,17,0,1,0,0,0,0,1,1,6,1,36,7,1999,1,10,-1,1,-1
2015200034745,1,9,0,18,0,4,0,0,0,0,1,1,6,3,-1,-1,-1,-1,-1,-1,-1,-1
2015200034745,2,9,0,18,0,4,0,0,0,0,3,1,6,2,53,8,1796,1,9,-1,1,-1
2015200034748,1,9,0,18,0,0,0,0,0,0,1,1,6,3,-1,-1,1968,2,8,-1,-1,-1
2015200034750,1,9,0,5,0,2,0,0,0,0,1,1,6,3,-1,-1,-1,-1,-1,-1,-1,-1
2015200034753,1,9,0,4,0,0,0,0,0,0,3,1,6,1,42,7,1998,1,2,-1,1,-1
2015200034753,2,9,0,4,0,0,0,0,0,0,1,1,6,1,41,7,1968,2,-1,-1,1,-1
2015200034758,1,2,0,18,0,1,1,0,0,0,3,1,6,1,25,5,49,1,5,-1,1,-1
2015200034758,2,9,0,6,0,1,0,0,0,0,1,1,6,3,30,6,1360,1,11,-1,-1,-1
2015200034760,1,9,0,18,0,0,0,4,1,0,1,1,6,1,72,10,1398,1,1,-1,1,-1
2015200034760,2,9,0,2,0,0,0,0,0,0,1,1,6,2,56,9,1997,2,13,-1,1,-1
2015200034763,1,9,0,3,0,1,0,0,0,0,1,1,6,1,28,6,1896,2,15,-1,1,-1
2015200034763,2,9,0,3,0,1,0,0,0,0,2,1,6,1,46,8,2993,2,10,-1,1,-1
2015200034765,1,9,0,18,0,0,0,0,0,0,1,1,1,2,22,5,1400,1,9,-1,1,-1
2015200034765,2,1,0,18,0,0,0,0,0,0,1,1,4,1,11,3,-1,-1,-1,-1,1,-1
2015200034768,1,9,0,7,0,1,1,0,0,0,1,1,6,1,-1,-1,1998,1,10,-1,-1,-1
2015200034768,2,9,0,18,0,1,1,0,0,0,3,1,2,2,45,7,1199,1,13,-1,1,-1
2015200034772,1,9,0,16,0,0,1,0,0,0,4,1,5,1,21,5,1595,1,11,-1,1,-1
2015200034772,2,9,0,18,0,0,0,0,0,0,1,1,5,2,50,8,1598,1,11,-1,1,-1
2015200034773,1,9,0,5,0,1,0,0,0,0,1,1,6,1,44,7,1229,1,6,-1,1,-1
2015200034773,2,9,0,5,0,1,0,0,0,0,3,1,6,2,58,9,2495,2,9,-1,1,-1
2015200034773,3,9,0,2,0,2,0,0,0,0,1,1,6,1,56,9,1956,2,1,-1,1,-1
2015200034776,1,9,0,9,0,2,0,0,0,0,3,1,6,2,25,5,1587,1,8,-1,1,-1
2015200034776,2,9,0,15,0,2,0,0,0,0,1,1,6,1,53,8,2143,2,-1,-1,1,-1
2015200034777,1,11,0,1,0,1,0,0,0,0,1,1,1,1,43,7,7300,2,2,-1,1,-1
2015200034777,2,9,0,1,0,1,0,0,0,0,0,1,6,1,43,7,1968,2,5,-1,1,-1
2015200034780,1,9,0,5,0,0,0,0,0,0,4,1,6,3,39,7,1598,1,7,-1,-1,-1
2015200034780,2,9,0,2,0,0,0,0,0,0,4,1,6,3,-1,-1,-1,-1,-1,-1,-1,-1
2015200034786,1,9,0,18,0,1,1,0,7,0,1,1,6,1,24,5,1461,2,3,-1,1,-1
2015200034786,2,9,0,9,0,1,0,0,0,0,3,1,6,3,38,7,1198,1,5,-1,1,-1
2015200034786,3,98,0,2,9,2,0,0,0,0,2,1,6,3,-1,-1,-1,-1,-1,-1,-1,-1
2015200034795,1,9,0,18,0,0,0,0,0,0,2,1,6,1,62,9,1870,2,12,-1,1,-1
2015200034817,1,9,0,5,0,1,0,0,0,0,1,1,6,2,50,8,-1,-1,-1,-1,1,-1
2015200034817,2,9,0,5,0,1,0,0,0,0,1,1,6,2,35,6,-1,-1,-1,-1,1,-1
2015200034833,1,98,0,18,0,8,0,0,0,0,3,2,1,1,38,7,-1,-1,-1,-1,-1,-1
2015200034833,2,98,0,18,0,8,0,0,0,0,4,1,1,1,39,7,-1,-1,-1,-1,1,-1
2015200034836,1,9,0,18,0,0,0,0,0,0,3,1,6,3,-1,-1,1242,1,8,-1,-1,-1
2015200034836,2,9,0,18,0,0,0,0,0,0,4,1,1,1,34,6,1598,2,1,-1,1,-1
2015200034838,1,9,0,18,0,4,0,0,0,0,1,1,6,1,-1,-1,1896,2,14,-1,1,-1
2015200034838,2,9,0,9,0,8,0,0,0,0,4,1,6,1,35,6,1360,1,12,-1,1,-1
2015200034839,1,9,0,18,0,0,0,0,0,0,4,1,6,2,28,6,1149,1,14,-1,1,-1
2015200034839,2,1,0,18,0,0,0,0,0,0,3,1,6,1,24,5,-1,-1,-1,-1,1,-1
2015200034841,1,9,0,4,0,0,0,4,0,0,1,1,2,1,25,5,1124,1,11,-1,1,-1
2015200034841,2,90,0,2,0,0,0,0,0,0,2,1,6,3,-1,-1,7146,2,-1,-1,-1,-1
2015200034854,1,9,0,18,0,2,1,0,0,0,1,1,6,1,-1,-1,1896,2,10,-1,1,-1
2015200034854,2,9,0,14,0,1,1,0,0,0,1,1,6,1,29,6,1149,1,11,-1,1,-1
2015200034857,1,9,0,9,0,6,0,0,0,0,1,1,1,2,34,6,1560,2,4,-1,1,-1
2015200034857,2,3,0,3,0,8,0,0,0,0,4,1,1,2,19,4,124,1,6,-1,1,-1
2015200034865,1,9,0,17,0,0,0,0,0,0,1,1,6,2,52,8,1797,8,3,-1,1,-1
2015200034865,2,1,0,9,0,0,0,0,0,0,1,1,6,1,32,6,-1,-1,-1,-1,2,-1
2015200034866,1,9,0,18,0,0,0,0,0,0,1,1,6,1,73,10,995,1,7,-1,-1,-1
2015200034866,2,1,0,18,0,0,0,0,0,0,1,1,6,1,25,5,-1,-1,-1,-1,1,-1
2015200034869,1,98,0,5,0,0,0,0,0,0,1,1,1,3,-1,-1,2148,2,7,-1,-1,-1
2015200034869,2,1,0,5,0,0,0,0,0,0,2,1,1,1,40,7,-1,-1,-1,-1,1,-1
2015200034872,1,9,0,18,0,2,0,0,0,0,1,1,6,1,-1,-1,1560,2,2,-1,-1,-1
2015200034876,1,9,0,5,0,4,0,0,0,0,2,1,2,2,52,8,1390,1,15,-1,1,-1
2015200034876,2,98,0,5,0,4,0,0,0,0,1,1,5,1,40,7,1997,2,12,-1,1,-1
2015200034891,1,90,0,13,0,0,1,0,0,0,1,1,1,1,43,7,-1,-1,-1,-1,-1,-1
2015200034891,2,9,0,7,0,0,0,0,0,0,2,1,1,1,52,8,1360,1,14,-1,1,-1
2015200034894,1,9,0,18,0,0,0,0,0,0,1,1,6,1,-1,-1,1390,1,11,-1,-1,-1
2015200034894,2,9,0,4,0,0,0,0,0,0,2,1,4,2,28,6,1598,1,12,-1,3,-1
2015200034901,1,3,0,14,0,8,0,0,0,0,1,1,2,1,35,6,124,1,2,-1,1,-1
2015200034901,2,9,0,9,0,2,0,0,0,0,3,1,2,2,48,8,-1,-1,-1,-1,1,-1
2015200034903,1,19,0,5,0,4,0,0,0,0,1,1,6,1,51,8,2933,1,23,-1,1,-1
2015200034903,2,1,0,18,0,8,0,0,0,0,4,1,2,1,37,7,-1,-1,-1,-1,1,-1
2015200034906,1,9,0,5,0,4,0,0,0,0,1,1,6,1,50,8,1364,1,1,-1,1,-1
2015200034906,2,3,0,5,0,3,0,0,0,0,2,1,2,2,34,6,124,1,2,-1,1,-1
2015200034909,1,9,0,13,0,0,0,0,0,0,4,1,6,3,30,6,-1,-1,-1,-1,-1,-1
2015200034909,2,2,0,18,0,0,0,0,0,0,2,1,5,1,21,5,49,1,1,-1,1,-1
2015200034912,1,97,0,18,0,0,0,12,0,0,1,1,6,1,33,6,1130,1,10,-1,1,-1
2015200034915,1,9,0,4,0,0,0,0,0,0,1,1,6,2,-1,-1,1149,1,6,-1,1,-1
2015200034915,2,9,0,4,0,0,0,0,0,0,2,1,6,1,19,4,1248,1,5,-1,1,-1
2015200034917,1,9,0,18,0,0,0,0,0,0,1,1,6,1,-1,-1,-1,-1,-1,-1,-1,-1
2015200034921,1,9,0,18,0,1,0,0,0,0,1,1,6,3,-1,-1,1250,1,15,-1,-1,-1
2015200034921,2,9,0,10,0,1,0,0,0,0,2,1,4,2,44,7,1499,2,-1,-1,1,-1
2015200034923,1,9,0,9,0,6,0,0,0,0,1,1,6,1,57,9,1796,1,11,-1,-1,-1
2015200034923,2,9,0,18,0,1,0,0,0,0,1,1,6,2,37,7,-1,-1,-1,-1,1,-1
2015200034928,1,9,0,7,0,1,0,0,0,0,1,1,6,2,33,6,-1,-1,-1,-1,1,-1
2015200034928,2,9,0,18,0,8,1,7,0,0,1,1,6,2,30,6,1229,1,9,-1,1,-1
2015200034930,1,9,0,18,0,1,5,11,0,0,1,1,6,3,-1,-1,-1,-1,-1,-1,-1,-1
2015200034931,1,9,0,18,0,1,0,0,0,0,1,1,6,1,-1,-1,1199,1,13,-1,1,-1
2015200034931,2,9,0,3,0,1,0,0,0,0,2,1,6,1,25,5,1968,2,4,-1,1,-1
2015200034950,1,3,0,14,0,0,5,0,0,0,1,1,2,1,52,8,124,1,-1,-1,1,-1
2015200034950,2,9,0,10,0,0,0,0,0,0,3,1,2,1,45,7,2148,2,6,-1,1,-1
2015200034952,1,9,0,6,0,0,0,0,0,0,1,1,6,2,42,7,1390,1,10,-1,1,-1
2015200034952,2,3,0,18,0,0,0,0,0,0,3,1,2,1,22,5,125,1,4,-1,-1,-1
2015200034955,1,9,0,18,0,0,1,10,1,1,1,1,6,1,-1,-1,1968,2,8,-1,1,-1
2015200034955,2,9,0,9,0,0,0,0,0,0,4,1,6,2,63,9,1596,1,11,-1,1,-1
2015200034965,1,9,0,5,0,0,0,0,0,0,4,1,6,2,63,9,1998,1,-1,-1,1,-1
2015200034969,1,9,0,9,0,4,0,0,0,0,3,1,6,2,39,7,1598,1,12,-1,1,-1
2015200034969,2,98,0,18,0,4,0,0,0,0,1,1,6,2,45,7,1870,2,9,-1,1,-1
2015200034970,1,9,0,2,0,0,0,8,0,0,0,1,6,2,-1,-1,1910,2,7,-1,1,-1
2015200034972,1,9,0,9,0,1,0,0,0,0,4,1,1,2,21,5,1798,1,8,-1,1,-1
2015200034972,2,3,0,18,0,8,1,0,0,0,1,1,1,1,29,6,125,1,6,-1,1,-1
2015200034976,1,9,0,8,0,7,0,0,0,0,1,1,6,2,21,5,1242,1,6,-1,1,-1
2015200034976,2,9,0,18,0,8,0,0,0,0,3,1,6,1,20,4,1781,1,13,-1,1,-1
2015200034979,1,9,0,18,0,3,0,0,0,0,0,1,6,3,-1,-1,-1,-1,-1,-1,-1,-1
2015200034979,2,9,0,18,0,3,0,0,0,0,4,1,6,1,25,5,1587,1,7,-1,1,-1
2015200034986,1,8,0,18,2,0,0,0,0,0,1,1,1,1,63,9,2664,2,14,-1,1,-1
2015200034986,2,1,0,18,0,0,0,0,0,0,4,1,1,1,15,3,-1,-1,-1,-1,1,-1
2015200035000,1,9,0,18,0,1,0,0,0,0,1,1,6,1,-1,-1,-1,-1,-1,-1,-1,-1
2015200035018,1,9,0,18,0,1,0,0,0,0,4,1,1,1,42,7,-1,-1,-1,-1,1,-1
2015200035024,1,9,0,5,0,8,0,0,0,0,1,1,1,1,31,6,1598,2,-1,-1,1,-1
2015200035024,2,9,0,5,0,8,0,0,0,0,2,1,1,1,50,8,1997,2,-1,-1,1,-1
2015200035024,3,9,0,5,0,8,0,0,0,0,2,1,6,3,-1,-1,-1,-1,-1,-1,-1,-1
2015200035026,1,9,0,9,0,8,0,0,0,0,4,1,6,1,45,7,1199,1,11,-1,1,-1
2015200035026,2,5,0,1,0,1,0,0,0,0,1,1,5,1,30,6,953,1,12,-1,1,-1
2015200035034,1,98,0,18,0,0,1,0,0,0,1,1,2,1,63,9,2148,2,8,-1,1,-1
2015200035047,1,4,0,18,0,0,0,0,3,10,1,1,6,1,28,6,499,1,18,-1,1,-1
2015200035047,2,9,0,18,0,0,0,0,0,0,0,1,1,1,-1,-1,1956,2,3,-1,-1,-1
2015200035056,1,9,0,4,0,0,0,0,0,0,1,1,6,1,23,5,1396,1,8,-1,1,-1
2015200035056,2,9,0,4,0,0,0,0,0,0,2,1,6,2,42,7,1995,2,10,-1,1,-1
2015200035058,1,9,0,4,0,0,0,0,0,0,2,1,6,1,42,7,2993,2,-1,-1,2,-1
2015200035058,2,9,0,12,0,0,0,0,0,0,1,1,6,1,24,5,1242,1,12,-1,1,-1
2015200035060,1,9,0,18,0,0,0,0,0,0,1,1,6,2,52,8,1242,1,1,-1,1,-1
2015200035061,1,8,0,18,0,0,0,0,0,0,1,1,1,1,62,9,1998,2,7,-1,1,-1
2015200035065,1,9,0,5,0,1,0,0,0,0,1,1,6,1,36,7,1390,1,12,-1,1,-1
2015200035065,2,9,0,18,0,1,0,0,0,0,3,1,6,1,39,7,1998,1,2,-1,1,-1
2015200035071,1,9,0,18,0,0,0,4,0,0,1,1,3,1,31,6,1198,1,4,-1,-1,-1
2015200035071,2,90,0,2,9,0,0,0,0,0,2,1,1,1,61,9,-1,-1,-1,-1,1,-1
2015200035077,1,9,0,10,0,5,0,0,0,0,4,1,6,1,24,5,1896,2,14,-1,1,-1
2015200035077,2,3,0,18,0,1,0,0,0,0,1,1,6,1,18,4,125,1,10,-1,1,-1