Accident_Index,Vehicle_Reference,Vehicle_Type,Towing_and_Articulation,Vehicle_Manoeuvre,Vehicle_Location-Restricted_Lane,Junction_Location,Skidding_and_Overturning,Hit_Object_in_Carriageway,Vehicle_Leaving_Carriageway,Hit_Object_off_Carriageway,1st_Point_of_Impact,Was_Vehicle_Left_Hand_Drive?,Journey_Purpose_of_Driver,Sex_of_Driver,Age_of_Driver,Age_Band_of_Driver,Engine_Capacity_(CC),Propulsion_Code,Age_of_Vehicle,Driver_IMD_Decile,Driver_Home_Area_Type,Vehicle_IMD_Decile
2015200035089,1,9,0,18,0,2,0,0,0,0,3,1,6,2,49,8,989,1,9,-1,1,-1
2015200035089,2,9,0,18,0,1,0,0,0,0,1,1,6,3,30,6,-1,-1,-1,-1,-1,-1
2015200035090,1,9,0,15,0,0,0,0,0,0,1,1,6,2,25,5,1242,1,8,-1,1,-1
2015200035090,2,90,0,18,0,0,0,0,0,0,1,1,6,1,54,8,-1,-1,-1,-1,1,-1
2015200035092,1,9,0,9,0,5,0,0,0,0,1,1,6,1,21,5,1390,1,9,-1,1,-1
2015200035092,2,9,0,2,0,2,0,0,0,0,1,1,6,3,-1,-1,-1,-1,-1,-1,-1,-1
2015200035096,1,9,0,18,0,1,0,0,0,0,3,1,2,1,32,6,2143,2,3,-1,1,-1
2015200035107,1,9,0,9,0,4,0,0,8,0,1,1,6,2,20,4,1240,1,10,-1,1,-1
2015200035107,2,9,0,18,0,8,0,0,8,0,1,1,6,2,24,5,2200,1,14,-1,1,-1
2015200035109,1,9,0,5,0,0,0,0,0,0,3,1,6,1,30,6,2987,2,7,-1,-1,-1
2015200035109,2,9,0,6,0,0,0,0,0,0,4,1,6,1,23,5,3246,1,12,-1,1,-1
2015200035109,3,9,0,5,0,0,0,0,0,0,3,1,6,1,27,6,1600,2,6,-1,1,-1
2015200035110,1,9,0,18,0,0,0,0,0,0,1,1,6,3,-1,-1,-1,-1,-1,-1,-1,-1
2015200035110,2,90,0,18,0,0,0,0,0,0,3,1,6,1,56,9,-1,-1,-1,-1,1,-1
2015200035121,1,9,0,18,0,0,0,0,0,0,0,1,6,1,87,11,1124,1,12,-1,1,-1
2015200035123,1,9,0,18,0,0,0,0,0,0,1,1,1,1,45,7,-1,-1,-1,-1,1,-1
2015200035127,1,11,0,4,0,0,0,0,7,0,1,1,1,1,38,7,6696,2,2,-1,1,-1
2015200035132,1,9,0,10,0,1,0,0,0,0,2,1,6,1,19,4,1149,1,11,-1,1,-1
2015200035132,2,9,0,18,0,1,0,0,0,0,1,1,6,3,30,6,-1,-1,-1,-1,-1,-1
2015200035138,1,9,0,18,0,1,0,0,0,0,1,1,2,2,22,5,1242,1,2,-1,1,-1
2015200035138,2,9,0,18,0,1,0,0,0,0,2,1,2,2,23,5,1149,1,10,-1,1,-1
2015200035141,1,5,0,5,0,0,0,0,0,0,2,1,6,1,51,8,-1,-1,-1,-1,1,-1
2015200035141,2,9,0,5,0,0,0,0,0,0,2,1,6,1,31,6,-1,-1,-1,-1,1,-1
2015200035143,1,9,0,18,0,0,0,0,0,0,1,1,1,1,54,8,1587,1,11,-1,1,-1
2015200035143,2,1,0,18,0,0,0,0,0,0,2,1,1,1,60,9,-1,-1,-1,-1,1,-1
2015200035147,1,9,0,5,0,3,0,0,0,0,1,1,2,1,20,4,1388,1,9,-1,1,-1
2015200035149,1,9,0,9,0,2,0,0,0,0,3,1,6,2,29,6,1596,1,13,-1,1,-1
2015200035177,1,9,0,9,0,6,0,0,0,0,1,1,6,1,23,5,1390,1,7,-1,1,-1
2015200035177,2,9,0,18,0,8,0,0,0,0,1,1,6,1,23,5,1895,1,16,-1,1,-1
2015200035178,1,9,0,9,0,5,0,0,0,0,4,1,6,1,32,6,1598,7,11,-1,1,-1
2015200035178,2,9,0,18,0,8,0,0,0,0,1,1,6,1,27,6,1398,1,3,-1,1,-1
2015200035180,1,17,-1,17,9,0,0,0,1,0,4,1,6,3,45,7,-1,-1,-1,-1,1,-1
2015200035187,1,9,0,3,0,1,0,0,0,0,2,1,2,3,-1,-1,1796,1,11,-1,-1,-1
2015200035187,2,9,0,7,0,1,0,0,0,0,1,1,6,2,22,5,1299,1,8,-1,1,-1
2015200035188,1,9,4,18,0,1,0,0,0,0,1,1,1,1,44,7,2967,2,7,-1,3,-1
2015200035188,2,9,0,18,0,1,0,0,0,0,4,1,6,1,69,10,2179,2,1,-1,1,-1
2015200035191,1,9,0,18,0,0,0,0,0,0,1,1,6,1,17,4,1242,1,11,-1,1,-1
2015200035203,1,9,0,18,0,0,0,0,0,0,1,1,6,2,-1,-1,1598,1,9,-1,1,-1
2015200035204,1,9,0,5,0,1,0,0,0,0,4,1,6,1,51,8,2685,2,10,-1,1,-1
2015200035213,1,-1,-1,-1,-1,0,-1,-1,-1,0,-1,1,6,3,-1,-1,-1,-1,-1,-1,-1,-1
2015200035213,2,9,-1,-1,-1,0,-1,-1,-1,0,-1,1,6,2,40,7,1388,1,9,-1,1,-1
2015200035224,1,9,0,9,0,0,0,0,0,0,1,1,6,1,23,5,1198,1,5,-1,1,-1
2015200035224,2,9,0,18,0,0,0,0,0,0,2,1,6,1,22,5,1896,2,8,-1,1,-1
2015200035224,3,9,0,18,0,0,0,0,0,0,4,1,6,1,44,7,2987,2,5,-1,1,-1
2015200035224,4,9,0,9,0,0,0,0,0,0,0,1,1,1,42,7,1956,2,-1,-1,-1,-1
2015200035226,1,98,0,18,0,0,1,0,0,0,1,1,6,1,83,11,2402,2,12,-1,3,-1
2015200035226,2,9,0,18,0,0,0,0,0,0,2,1,2,2,42,7,1598,1,9,-1,1,-1
2015200035228,1,9,0,5,0,1,0,0,0,0,1,1,6,2,35,6,1298,1,14,-1,1,-1
2015200035228,2,9,0,5,0,1,0,0,0,0,1,1,6,1,33,6,-1,-1,-1,-1,1,-1
2015200035238,1,9,0,9,0,6,0,0,0,0,1,1,6,3,-1,-1,1796,1,12,-1,-1,-1
2015200035238,2,9,0,18,0,8,0,0,0,0,4,1,6,2,34,6,1995,2,9,-1,1,-1
2015200035251,1,9,0,18,0,8,0,0,0,0,1,1,6,1,56,9,1461,2,1,-1,1,-1
2015200035251,2,9,0,7,0,6,0,0,0,0,3,1,6,2,71,10,1240,1,10,-1,1,-1
2015200035268,1,9,0,5,9,0,0,0,0,0,3,1,6,1,34,6,1390,1,12,-1,3,-1
2015200035268,2,3,0,18,0,0,1,0,0,0,3,1,6,1,18,4,125,1,4,-1,1,-1
2015200035273,1,9,0,18,0,6,1,0,3,0,3,1,6,1,36,7,1968,2,9,-1,1,-1
2015200035273,2,9,0,18,0,1,0,0,0,0,1,1,2,1,30,6,1938,1,9,-1,1,-1
2015200035273,3,9,0,18,0,1,0,0,0,0,0,1,1,1,40,7,1248,2,6,-1,-1,-1
2015200035278,1,9,0,5,0,1,0,0,0,0,1,1,6,3,-1,-1,-1,-1,-1,-1,-1,-1
2015200035278,2,9,0,5,0,1,0,0,0,0,1,1,6,2,39,7,1399,2,9,-1,1,-1
2015200035279,1,9,0,18,0,0,0,0,0,0,1,1,1,1,-1,-1,2987,2,8,-1,1,-1
2015200035288,1,9,0,5,0,0,0,0,5,2,1,1,6,1,41,7,1780,1,32,-1,1,-1
2015200035288,2,9,0,5,0,0,0,0,0,0,1,1,6,1,30,6,1499,1,-1,-1,1,-1
2015200035290,1,9,0,5,0,2,0,0,0,0,1,1,6,1,85,11,998,1,5,-1,1,-1
2015200035292,1,8,0,9,0,6,0,0,0,0,1,1,1,1,58,9,1896,2,6,-1,1,-1
2015200035292,2,3,0,18,0,8,0,0,0,0,4,1,6,1,19,4,124,1,-1,-1,1,-1
2015200035294,1,9,0,10,0,0,0,11,0,0,1,1,5,2,26,6,1242,1,2,-1,1,-1
2015200035294,2,9,0,18,0,0,0,4,0,0,3,1,5,2,22,5,1560,2,9,-1,1,-1
2015200035294,3,9,0,2,0,0,0,0,0,0,1,1,6,3,-1,-1,-1,-1,-1,-1,-1,-1
2015200035296,1,9,0,18,0,1,0,0,0,0,1,1,6,2,29,6,1984,1,15,-1,1,-1
2015200035299,1,9,0,5,0,1,0,10,1,11,1,1,6,3,25,5,1998,1,10,-1,-1,-1
2015200035299,2,9,0,5,0,1,0,0,1,0,2,1,6,1,42,7,-1,-1,-1,-1,1,-1
2015200035306,1,9,0,9,0,5,0,0,0,0,1,1,6,1,-1,-1,1598,1,12,-1,1,-1
2015200035306,2,1,0,18,0,8,0,0,0,0,3,1,1,1,42,7,-1,-1,-1,-1,1,-1
2015200035310,1,9,0,5,0,8,0,0,0,0,1,1,6,3,-1,-1,-1,-1,-1,-1,-1,-1
2015200035310,2,1,0,4,0,8,0,0,0,0,1,1,2,1,32,6,-1,-1,-1,-1,1,-1
2015200035362,1,9,0,18,0,0,0,0,0,0,1,1,6,3,-1,-1,-1,-1,-1,-1,-1,-1
2015200035376,1,9,0,14,0,0,0,0,0,0,1,1,6,1,62,9,2148,2,10,-1,1,-1
2015200035377,1,9,0,5,0,1,0,0,0,0,4,1,6,2,30,6,1598,2,1,-1,1,-1
2015200035377,2,9,0,2,0,1,0,0,0,0,3,1,6,2,70,10,1248,1,1,-1,1,-1
2015200035378,1,9,0,-1,0,2,0,0,0,0,1,1,6,3,-1,-1,-1,-1,-1,-1,-1,-1
2015200035395,1,9,0,5,0,0,0,11,0,0,1,1,6,2,29,6,2204,2,8,-1,1,-1
2015200035406,1,4,0,4,0,1,1,0,0,0,0,1,1,1,22,5,398,1,14,-1,1,-1
2015200035406,2,9,0,4,0,1,0,0,0,0,0,1,6,3,-1,-1,-1,-1,-1,-1,-1,-1
2015200035407,1,9,0,18,0,2,0,0,0,0,1,1,1,2,44,7,998,1,1,-1,1,-1
2015200035416,1,-1,0,5,0,1,0,0,0,0,1,1,6,3,30,6,-1,-1,-1,-1,-1,-1
2015200035417,1,9,0,18,0,1,1,0,0,0,3,1,1,1,42,7,1995,2,6,-1,1,-1
2015200035417,2,9,0,18,0,1,0,0,0,0,1,1,6,3,-1,-1,-1,-1,-1,-1,-1,-1
2015200035427,1,-1,0,4,0,0,0,0,0,0,1,1,6,3,30,6,-1,-1,-1,-1,-1,-1
2015200035433,1,9,0,9,0,8,0,0,0,0,1,1,6,2,25,5,1598,1,9,-1,2,-1
2015200035433,2,9,0,18,0,8,0,0,0,0,1,1,6,2,49,8,1596,1,8,-1,1,-1
2015200035435,1,9,0,9,0,8,0,0,0,0,4,1,6,3,-1,-1,-1,-1,-1,-1,-1,-1
2015200035436,1,9,0,18,0,0,0,0,0,0,1,1,2,2,43,7,998,1,-1,-1,1,-1
2015200035438,1,9,0,18,0,0,0,0,0,0,1,1,6,1,30,6,1998,2,9,-1,1,-1
2015200035438,2,9,0,18,0,0,0,0,0,0,2,1,6,1,26,6,1896,2,12,-1,1,-1
2015200035440,1,9,0,18,0,0,0,0,0,0,1,1,1,1,41,7,1995,2,9,-1,1,-1
2015200035444,1,9,0,5,0,0,0,0,0,0,1,1,6,2,40,7,1560,2,5,-1,1,-1
2015200035447,1,90,0,18,0,0,0,0,0,0,1,1,1,1,31,6,-1,-1,-1,-1,1,-1
2015200035447,2,9,0,5,0,0,0,0,0,0,4,1,6,1,23,5,1596,1,4,-1,1,-1
2015200035447,3,9,0,2,0,0,0,0,0,0,2,1,5,3,-1,-1,1328,1,13,-1,-1,-1
2015200035448,1,9,0,16,0,1,0,0,0,0,4,1,6,3,-1,-1,-1,-1,-1,-1,-1,-1
2015200035450,1,9,0,18,0,3,0,0,0,0,4,1,2,2,25,5,1398,1,-1,-1,1,-1
2015200035450,2,9,0,18,0,3,0,0,0,0,3,1,2,1,-1,-1,2967,2,1,-1,1,-1
2015200035455,1,9,0,1,0,2,0,0,0,0,2,1,6,3,-1,-1,-1,-1,-1,-1,-1,-1
2015200035455,2,9,0,3,0,1,0,0,0,0,1,1,2,1,40,7,1587,1,13,-1,1,-1
2015200035457,1,9,0,5,0,0,0,0,0,0,1,1,6,2,39,7,1910,2,6,-1,2,-1
2015200035459,1,9,0,18,0,1,0,0,0,0,2,1,6,1,-1,-1,-1,-1,-1,-1,-1,-1
2015200035459,2,9,0,3,0,1,0,0,0,0,0,1,6,2,53,8,1984,1,1,-1,1,-1
2015200035463,1,9,0,5,0,0,0,0,0,0,1,1,6,1,20,4,1597,1,14,-1,1,-1
2015200035463,2,9,0,4,0,0,0,0,0,0,0,1,6,1,17,4,1198,1,7,-1,1,-1
2015200035466,1,9,0,18,0,8,0,0,0,0,3,1,3,2,19,4,1229,1,8,-1,1,-1
2015200035466,2,9,0,4,0,8,0,0,0,0,1,1,6,1,38,7,1497,1,11,-1,1,-1
2015200035509,1,9,0,5,0,0,0,0,0,0,1,1,6,1,38,7,1339,1,6,-1,1,-1
2015200035509,2,9,0,18,0,0,0,0,0,0,4,1,6,1,35,6,1229,1,7,-1,1,-1
2015200035509,3,9,0,18,0,0,0,0,0,0,1,1,6,1,40,7,1794,1,8,-1,1,-1
2015200035540,1,9,0,18,0,0,0,0,1,10,3,1,6,3,-1,-1,1995,1,13,-1,-1,-1
2015200035540,2,9,0,18,0,0,0,0,0,0,1,1,6,1,48,8,1797,8,5,-1,1,-1
2015200035551,1,9,0,9,0,0,0,0,0,0,1,1,6,3,-1,-1,1242,1,13,-1,-1,-1
2015200035551,2,9,0,18,0,0,0,0,0,0,4,1,6,1,28,6,1598,1,7,-1,3,-1
2015200035566,1,9,0,18,0,8,0,0,0,0,1,1,6,1,28,6,1796,1,14,-1,1,-1
2015200035566,2,9,0,18,0,8,0,0,0,0,2,1,6,2,46,8,1242,1,12,-1,1,-1
2015200035566,3,9,0,18,0,2,0,0,0,0,3,1,6,2,21,5,998,1,3,-1,1,-1
2015200035567,1,9,0,5,0,1,0,0,0,0,4,1,6,2,30,6,-1,-1,-1,-1,-1,-1
2015200035577,1,9,0,9,1,0,0,0,0,0,4,1,6,3,-1,-1,1870,2,12,-1,1,-1
2015200035577,2,9,0,9,1,0,0,0,0,0,3,1,2,1,26,6,1360,1,7,-1,1,-1
2015200035583,1,8,0,5,0,0,0,0,0,0,4,1,6,1,62,9,1560,2,4,-1,1,-1
2015200035585,1,9,0,5,0,1,0,0,0,0,2,1,6,1,48,8,1986,2,7,-1,1,-1
2015200035585,2,9,0,4,0,1,0,0,0,0,2,1,6,1,30,6,1389,1,21,-1,-1,-1
2015200035589,1,9,0,18,0,0,0,0,0,0,1,1,6,3,-1,-1,-1,-1,-1,-1,-1,-1
2015200035593,1,9,0,18,0,1,0,0,0,0,1,1,6,3,-1,-1,1242,1,15,-1,-1,-1
2015200035593,2,98,0,18,0,1,0,0,0,0,2,1,2,1,48,8,2198,2,9,-1,1,-1
2015200035593,3,9,0,18,0,1,0,0,0,0,2,1,2,1,47,8,1398,1,4,-1,1,-1
2015200035598,1,9,0,5,0,1,0,0,0,0,1,1,6,2,32,6,1461,2,1,-1,1,-1
2015200035598,2,9,0,5,0,1,0,0,0,0,1,1,6,3,30,6,998,1,12,-1,-1,-1
2015200035602,1,9,0,5,0,0,0,0,0,0,1,1,6,3,30,6,998,1,9,-1,-1,-1
2015200035602,2,9,0,5,0,0,0,0,0,0,3,1,6,2,24,5,1896,2,7,-1,1,-1
2015200035607,1,-1,-1,18,0,3,0,0,0,0,1,1,6,3,-1,-1,-1,-1,-1,-1,-1,-1
2015200035634,1,9,0,18,0,1,0,0,0,0,1,1,6,1,-1,-1,-1,-1,-1,-1,1,-1
2015200035634,2,9,0,3,0,1,0,0,0,0,2,1,1,1,35,6,1794,1,6,-1,1,-1
2015200035643,1,98,0,9,0,8,0,0,0,0,4,1,6,1,21,5,1560,2,-1,-1,1,-1
2015200035645,1,3,0,18,0,1,0,0,0,0,1,1,2,1,40,7,124,1,13,-1,1,-1
2015200035645,2,9,0,9,0,6,0,0,0,0,3,1,6,1,65,9,1390,1,2,-1,1,-1
2015200035660,1,9,0,18,0,1,5,7,1,0,1,1,6,1,19,4,1794,1,13,-1,1,-1
2015200035660,2,9,0,18,0,8,0,0,0,0,0,1,1,1,-1,-1,1956,2,1,-1,-1,-1
2015200035672,1,9,0,16,0,0,1,0,0,0,1,1,2,1,25,5,2993,2,2,-1,1,-1
2015200035675,1,98,0,18,0,0,0,0,0,0,1,1,2,1,23,5,2198,2,6,-1,1,-1
2015200035679,1,9,0,9,0,8,0,0,0,0,1,1,2,1,49,8,1560,2,6,-1,1,-1
2015200035679,2,2,0,18,0,1,0,0,0,0,1,1,6,1,16,4,50,1,9,-1,1,-1
2015200035680,1,9,0,7,0,0,0,0,0,0,1,1,6,1,33,6,1329,1,-1,-1,1,-1
2015200035683,1,9,0,5,0,0,0,0,0,0,1,1,6,2,28,6,-1,-1,-1,-1,1,-1
2015200035683,2,1,0,5,0,0,0,0,0,0,1,1,6,1,17,4,-1,-1,-1,-1,1,-1
2015200035690,1,9,0,6,0,2,0,0,0,0,0,1,6,1,36,7,2993,2,3,-1,1,-1
2015200035690,2,9,0,18,0,1,0,0,0,0,3,1,6,1,71,10,1560,2,1,-1,1,-1
2015200035700,1,9,0,3,0,0,0,0,0,0,1,1,6,2,-1,-1,1598,2,2,-1,1,-1
2015200035700,2,9,0,3,0,0,0,0,0,0,2,1,2,2,24,5,1242,1,10,-1,1,-1
2015200035709,1,11,0,11,2,0,0,0,0,0,0,1,1,1,55,8,8268,2,12,-1,-1,-1
2015200035709,2,1,0,18,2,0,0,0,0,0,0,1,1,1,-1,-1,-1,-1,-1,-1,1,-1
2015200035711,1,9,0,5,0,2,0,0,0,0,1,1,6,1,32,6,1686,2,4,-1,1,-1
2015200035711,2,9,0,18,0,1,0,0,0,0,4,1,2,2,38,7,1598,1,9,-1,1,-1
2015200035714,1,2,0,5,0,1,0,0,0,0,1,1,6,1,20,4,50,1,12,-1,-1,-1
2015200035714,2,9,0,5,0,1,0,0,0,0,1,1,6,1,61,9,1995,2,9,-1,1,-1
2015200035718,1,9,0,1,0,0,0,0,0,0,2,1,6,3,-1,-1,-1,-1,-1,-1,-1,-1
2015200035718,2,9,0,18,0,0,0,0,0,0,1,1,6,2,31,6,2401,2,12,-1,1,-1
2015200035729,1,9,0,9,0,1,0,0,0,0,1,1,6,1,60,9,998,1,5,-1,1,-1
2015200035729,2,9,0,18,0,1,0,0,0,0,1,1,6,2,19,4,1596,1,13,-1,1,-1
2015200035735,1,9,0,18,0,0,0,0,0,0,1,1,6,2,24,5,1199,1,13,-1,1,-1
2015200035736,1,9,0,3,0,0,0,0,0,0,1,1,6,3,-1,-1,-1,-1,-1,-1,-1,-1
2015200035736,2,9,0,3,0,0,0,0,0,0,2,1,2,2,22,5,1598,2,4,-1,1,-1
2015200035739,1,9,0,5,0,8,0,0,0,0,4,1,6,1,26,6,1598,1,13,-1,1,-1
2015200035739,2,9,0,18,0,8,0,0,0,0,1,1,6,1,34,6,1968,2,5,-1,1,-1
2015200035743,1,9,0,5,0,0,0,0,4,0,2,1,6,1,-1,-1,1968,2,9,-1,-1,-1
2015200035743,2,9,0,5,0,0,0,0,0,0,2,1,6,1,27,6,1349,1,4,-1,1,-1
2015200035743,3,9,0,5,0,0,0,0,0,0,1,1,6,2,34,6,1995,2,1,-1,3,-1
2015200035747,1,9,0,18,0,0,1,7,4,0,1,1,1,1,31,6,1364,1,-1,-1,1,-1
2015200035749,1,9,0,18,0,8,0,0,0,0,3,1,6,1,28,6,1598,2,-1,-1,1,-1
2015200035749,2,9,0,18,0,1,0,0,0,0,1,1,6,2,27,6,2496,2,11,-1,3,-1
2015200035754,1,98,0,18,0,0,0,0,0,0,1,1,6,3,-1,-1,2198,2,7,-1,1,-1
2015200035785,1,98,0,10,0,0,0,0,0,0,1,1,1,1,59,9,1399,2,4,-1,1,-1
2015200035785,2,3,0,18,0,0,0,0,0,0,0,1,1,1,35,6,-1,-1,-1,-1,1,-1
2015200035794,1,9,0,4,0,0,1,10,0,0,1,1,6,1,19,4,1242,1,15,-1,1,-1
2015200035795,1,9,0,18,0,3,0,0,0,0,1,1,6,2,30,6,1339,1,8,-1,-1,-1
2015200035795,2,9,0,3,0,8,0,0,0,0,1,1,5,1,28,6,1390,1,12,-1,1,-1
2015200035804,1,9,0,16,9,0,0,0,1,10,1,1,6,2,20,4,1390,1,9,-1,1,-1
2015200035812,1,9,0,3,0,0,0,0,0,0,4,1,6,1,45,7,1995,2,-1,-1,-1,-1
2015200035815,1,9,0,18,0,0,0,0,0,0,1,1,6,1,-1,-1,1910,2,11,-1,-1,-1
2015200035815,2,9,0,18,0,0,0,0,0,0,2,1,1,1,38,7,1598,2,3,-1,1,-1
2015200035822,1,9,0,16,0,0,5,0,8,10,1,1,6,1,22,5,1596,1,9,-1,1,-1
2015200035836,1,9,0,1,0,0,0,0,0,0,2,1,5,3,30,6,998,1,2,-1,-1,-1
2015200035868,1,2,0,18,0,0,2,0,0,0,0,1,6,1,17,4,49,1,3,-1,1,-1
2015200035868,2,9,0,9,0,0,0,0,0,0,0,1,6,3,-1,-1,1390,1,12,-1,-1,-1
2015200035882,1,9,0,18,0,0,0,0,0,0,0,1,6,2,64,9,1339,1,5,-1,1,-1
2015200035882,2,1,0,18,0,0,0,0,0,0,0,1,6,1,38,7,-1,-1,-1,-1,1,-1
2015200035894,1,9,0,5,0,0,0,0,0,0,1,1,1,1,24,5,1686,2,4,-1,1,-1
2015200035894,2,1,0,18,0,0,0,0,0,0,2,1,1,1,55,8,-1,-1,-1,-1,1,-1
2015200035897,1,9,0,18,0,0,0,0,0,0,1,1,2,1,22,5,1986,2,8,-1,1,-1
2015200035897,2,9,0,18,0,0,0,0,0,0,3,1,1,1,56,9,1986,2,8,-1,1,-1
2015200035902,1,9,0,18,0,0,0,0,0,0,1,1,6,3,-1,-1,-1,-1,-1,-1,-1,-1
2015200035902,2,9,0,18,0,0,0,0,0,0,4,1,2,2,36,7,2148,2,11,-1,1,-1
2015200035904,1,90,0,18,0,0,0,0,7,10,3,1,5,3,-1,-1,-1,-1,-1,-1,-1,-1
2015200035904,2,90,0,18,0,0,0,0,0,0,-1,1,6,3,-1,-1,-1,-1,-1,-1,-1,-1
2015200035909,1,9,0,7,0,1,0,0,0,0,2,1,6,2,20,4,1229,1,2,-1,1,-1
2015200035909,2,9,0,7,0,1,0,0,0,0,1,1,6,3,-1,-1,1896,2,12,-1,-1,-1
2015200035917,1,21,0,18,0,1,0,0,0,0,1,1,1,1,53,8,-1,-1,-1,-1,1,-1
2015200035917,2,9,0,18,0,1,0,0,0,0,4,1,2,1,21,5,1598,1,12,-1,1,-1
2015200035929,1,9,0,5,0,2,0,0,0,0,1,1,6,1,49,8,1951,2,14,-1,1,-1
2015200035935,1,9,0,18,9,0,0,10,0,0,1,1,6,3,-1,-1,-1,-1,-1,-1,-1,-1
2015200035945,1,9,0,5,0,0,0,0,0,0,1,1,6,2,30,6,1968,2,11,-1,1,-1
2015200035945,2,8,0,5,0,0,0,0,0,0,4,1,1,1,59,9,1997,2,7,-1,1,-1
2015200035957,1,9,0,9,0,8,0,0,0,0,4,1,1,1,38,7,1896,2,11,-1,1,-1
2015200035957,2,9,0,8,0,8,0,0,0,0,3,1,1,2,36,7,1799,1,7,-1,1,-1
2015200035957,3,9,0,18,0,8,0,0,0,0,1,1,1,2,-1,-1,1329,1,3,-1,1,-1
2015200035958,1,9,0,18,0,2,0,0,0,0,1,1,1,1,40,7,-1,-1,-1,-1,1,-1
2015200035963,1,9,0,4,0,0,0,0,0,0,1,1,6,2,41,7,1796,1,12,-1,1,-1
2015200035965,1,9,0,9,0,0,0,0,0,0,1,1,6,3,-1,-1,1364,1,9,-1,-1,-1
2015200035965,2,9,0,16,0,0,0,0,0,0,2,1,6,1,31,6,989,1,10,-1,1,-1
2015200035970,1,9,0,18,0,4,0,0,0,0,1,1,6,1,60,9,1086,1,9,-1,1,-1
2015200035970,2,9,0,18,0,4,0,0,0,0,2,1,6,1,-1,-1,1248,2,8,-1,-1,-1
2015200035971,1,9,0,18,0,2,0,0,0,0,1,1,5,2,42,7,1596,1,14,-1,1,-1
2015200035971,2,9,0,18,0,2,0,0,0,0,2,1,1,1,39,7,1598,2,1,-1,1,-1
2015200035990,1,9,0,6,0,0,0,0,0,0,3,1,2,1,48,8,1998,1,9,-1,1,-1
2015200035990,2,9,0,18,0,0,0,0,0,0,4,1,2,2,69,10,1198,1,3,-1,1,-1
2015200035991,1,9,0,1,0,0,0,0,0,0,2,1,6,1,21,5,1995,2,9,-1,1,-1
2015200035991,2,9,0,18,0,0,0,0,0,0,1,1,6,1,26,6,1595,1,9,-1,1,-1
2015200035994,1,11,0,18,0,1,0,0,0,0,1,1,1,1,34,6,4760,2,2,-1,-1,-1
2015200035994,2,9,0,5,0,2,0,0,0,0,4,1,6,2,22,5,1360,1,12,-1,-1,-1
2015200035995,1,9,0,9,0,1,0,0,0,0,1,1,6,1,58,9,1598,1,14,-1,1,-1
2015200035995,2,1,0,18,0,8,0,0,0,0,4,1,5,1,67,10,-1,-1,-1,-1,1,-1
2015200035997,1,9,0,9,0,6,0,0,0,0,1,1,6,1,44,7,1799,1,8,-1,1,-1
2015200035997,2,9,0,18,0,8,0,0,0,0,4,1,6,2,36,7,1461,2,4,-1,-1,-1
2015200036001,1,9,0,18,0,6,0,0,0,0,3,1,6,1,-1,-1,796,1,17,-1,-1,-1
2015200036001,2,98,0,18,0,8,0,0,6,0,1,1,1,1,57,9,2143,2,1,-1,1,-1
2015200036014,1,9,0,9,0,0,0,0,0,0,1,1,6,2,-1,-1,1995,2,9,-1,2,-1
2015200036014,2,9,0,18,0,0,0,0,0,0,1,1,6,2,37,7,1339,1,8,-1,1,-1
2015200036018,1,9,0,3,0,0,0,0,0,0,2,1,6,1,24,5,1796,1,11,-1,1,-1
2015200036018,2,9,0,3,0,0,0,0,0,0,2,1,6,1,30,6,-1,-1,-1,-1,1,-1
2015200036022,1,9,0,12,0,2,1,0,0,0,3,1,6,2,51,8,1242,1,-1,-1,1,-1
2015200036022,2,9,0,13,0,2,0,0,0,0,4,1,6,3,-1,-1,-1,-1,-1,-1,-1,-1
2015200036031,1,9,0,18,0,0,0,0,0,0,1,1,6,2,68,10,1560,2,5,-1,1,-1
2015200036034,1,9,0,5,0,3,0,0,0,0,1,1,6,1,41,7,998,1,12,-1,1,-1
2015200036034,2,9,0,5,0,3,0,0,0,0,2,1,6,1,29,6,1968,2,4,-1,1,-1
2015200036040,1,9,0,18,0,0,0,0,0,0,1,1,6,1,-1,-1,-1,-1,-1,-1,-1,-1
2015200036044,1,9,0,9,0,2,0,0,0,0,1,1,6,3,-1,-1,1229,1,3,-1,1,-1
2015200036046,1,9,0,5,0,1,0,0,0,0,1,1,6,1,27,6,1896,2,8,-1,1,-1
2015200036048,1,9,0,18,0,0,0,0,0,0,1,1,2,1,60,9,998,1,4,-1,1,-1
2015200036066,1,9,0,5,0,1,0,0,0,0,1,1,6,1,20,4,-1,-1,-1,-1,-1,-1
2015200036066,2,9,0,5,0,1,0,0,0,0,3,1,6,1,54,8,1900,2,10,-1,1,-1
2015200036068,1,98,1,18,0,1,0,0,0,0,1,1,6,1,-1,-1,12740,2,2,-1,1,-1
2015200036068,2,9,0,10,0,1,0,0,0,0,0,1,6,2,32,6,1596,1,3,-1,1,-1
2015200036078,1,9,0,11,0,1,0,0,0,0,4,1,6,3,-1,-1,1896,2,11,-1,-1,-1
2015200036078,2,9,0,3,0,1,0,0,0,0,3,1,6,2,21,5,1364,1,6,-1,2,-1
2015200036087,1,9,0,6,0,2,0,0,0,0,1,1,6,1,-1,-1,1124,1,11,-1,-1,-1
2015200036091,1,9,0,11,0,1,0,0,0,0,1,1,1,2,54,8,1896,2,7,-1,1,-1