Accident_Index,Vehicle_Reference,Vehicle_Type,Towing_and_Articulation,Vehicle_Manoeuvre,Vehicle_Location-Restricted_Lane,Junction_Location,Skidding_and_Overturning,Hit_Object_in_Carriageway,Vehicle_Leaving_Carriageway,Hit_Object_off_Carriageway,1st_Point_of_Impact,Was_Vehicle_Left_Hand_Drive?,Journey_Purpose_of_Driver,Sex_of_Driver,Age_of_Driver,Age_Band_of_Driver,Engine_Capacity_(CC),Propulsion_Code,Age_of_Vehicle,Driver_IMD_Decile,Driver_Home_Area_Type,Vehicle_IMD_Decile
2015200036091,2,9,0,18,0,1,0,0,0,0,2,1,6,1,26,6,1896,2,8,-1,1,-1
2015200036093,1,9,0,5,0,1,0,0,0,0,2,1,6,1,48,8,1390,1,9,-1,1,-1
2015200036093,2,9,0,5,0,1,0,0,0,0,1,1,6,3,-1,-1,-1,-1,-1,-1,-1,-1
2015200036095,1,11,0,5,0,0,0,0,0,0,0,1,1,1,-1,-1,-1,-1,-1,-1,-1,-1
2015200036100,1,9,0,9,0,5,0,0,0,0,2,1,6,1,83,11,2987,2,8,-1,1,-1
2015200036100,2,3,0,18,0,6,0,0,0,0,1,1,6,1,20,4,124,1,5,-1,1,-1
2015200036103,1,9,0,4,0,1,0,0,0,0,1,1,1,1,52,8,1598,2,3,-1,1,-1
2015200036103,2,9,0,4,0,1,0,0,0,0,2,1,1,2,36,7,1199,1,14,-1,1,-1
2015200036110,1,9,0,18,0,0,0,0,0,0,1,1,6,1,55,8,1360,1,13,-1,1,-1
2015200036157,1,9,0,18,0,0,0,0,0,0,1,1,6,3,-1,-1,-1,-1,-1,-1,-1,-1
2015200036165,1,9,0,18,0,0,0,0,0,0,3,1,6,1,27,6,1396,1,11,-1,1,-1
2015200036165,2,9,0,9,0,0,0,0,0,0,3,1,6,1,58,9,1896,2,10,-1,1,-1
2015200036171,1,9,0,18,0,0,5,7,5,0,1,1,6,1,26,6,1199,1,15,-1,1,-1
2015200036174,1,9,0,18,0,0,1,0,2,0,1,1,6,1,25,5,1598,1,10,-1,1,-1
2015200036174,2,9,0,18,0,0,1,10,2,2,1,1,6,3,-1,-1,-1,-1,-1,-1,-1,-1
2015200036177,1,9,0,7,0,1,0,0,0,0,3,1,6,3,-1,-1,1998,1,15,-1,-1,-1
2015200036177,2,9,0,10,0,1,0,0,0,0,4,1,6,1,22,5,1995,2,7,-1,1,-1
2015200036177,4,9,0,10,0,1,0,0,0,0,2,1,6,1,44,7,-1,-1,-1,-1,1,-1
2015200036180,1,9,0,18,0,1,1,0,0,0,2,1,6,2,36,7,1397,1,7,-1,1,-1
2015200036180,2,9,0,3,0,1,0,0,0,0,2,1,6,2,33,6,1242,1,1,-1,1,-1
2015200036180,3,9,0,3,0,1,0,0,0,0,2,1,6,2,43,7,1998,1,9,-1,1,-1
2015200036180,4,9,0,10,0,1,0,0,0,0,2,1,6,2,21,5,1329,1,1,-1,1,-1
2015200036191,1,9,0,15,0,0,0,10,1,10,3,1,2,1,-1,-1,1242,1,9,-1,1,-1
2015200036191,2,9,0,8,0,0,0,0,0,0,4,1,3,1,26,6,1598,1,15,-1,1,-1
2015200036217,1,9,0,17,0,0,1,7,7,3,4,1,5,1,16,4,1794,1,12,-1,1,-1
2015200036220,1,9,0,5,0,4,0,0,0,0,4,1,1,1,47,8,1598,1,14,-1,1,-1
2015200036220,2,1,0,18,0,8,0,0,0,0,1,1,1,1,45,7,-1,-1,-1,-1,1,-1
2015200036221,1,9,0,18,0,0,0,0,0,0,1,1,1,1,39,7,1991,1,12,-1,1,-1
2015200036221,2,1,0,18,0,0,0,0,0,0,1,1,1,1,37,7,-1,-1,-1,-1,1,-1
2015200036242,1,9,0,14,9,0,0,10,1,2,1,1,6,3,-1,-1,1896,2,11,-1,-1,-1
2015200036242,2,9,0,2,0,0,0,0,0,0,2,1,6,2,44,7,1598,1,6,-1,1,-1
2015200036255,1,9,0,18,0,1,0,0,0,0,1,1,6,2,21,5,-1,-1,-1,-1,1,-1
2015200036255,2,9,0,18,0,1,0,0,0,0,3,1,6,1,21,5,1995,2,4,-1,1,-1
2015200036263,1,9,0,18,0,0,1,10,1,10,4,1,6,1,-1,-1,1124,1,13,-1,-1,-1
2015200036263,2,9,0,18,0,0,0,0,0,0,0,1,6,1,51,8,2143,2,4,-1,1,-1
2015200036263,3,9,0,18,0,0,0,0,0,0,0,1,1,1,33,6,1956,2,-1,-1,1,-1
2015200036268,1,9,0,18,0,0,0,0,0,0,1,1,6,2,72,10,1339,1,8,-1,1,-1
2015200036271,1,9,0,11,0,1,0,0,0,0,4,1,6,1,59,9,1997,2,-1,-1,1,-1
2015200036271,2,9,0,18,0,1,0,0,0,0,3,1,6,1,29,6,1968,2,1,-1,1,-1
2015200036273,1,9,0,1,0,1,0,0,0,0,2,1,6,1,26,6,1461,2,1,-1,1,-1
2015200036284,1,9,0,9,0,6,0,0,0,0,3,1,6,3,-1,-1,1910,2,12,-1,-1,-1
2015200036284,2,9,0,18,0,8,0,0,0,0,1,1,6,1,58,9,1798,1,-1,-1,1,-1
2015200036295,1,9,0,3,0,0,0,0,0,0,1,1,6,2,50,8,1999,1,8,-1,1,-1
2015200036295,2,9,0,3,0,0,0,0,0,0,2,1,6,1,61,9,1896,2,12,-1,3,-1
2015200036295,3,9,0,3,0,0,0,0,0,0,2,1,6,2,28,6,1498,1,9,-1,1,-1
2015200036306,1,9,0,9,0,8,0,0,0,0,1,1,6,3,56,9,989,1,11,-1,1,-1
2015200036306,2,9,0,18,0,1,0,0,0,0,1,1,6,2,57,9,999,1,2,-1,1,-1
2015200036347,1,9,0,7,0,1,0,0,1,0,1,1,6,1,-1,-1,-1,-1,-1,-1,-1,-1
2015200036347,2,1,0,7,0,1,0,0,1,0,2,1,1,1,54,8,-1,-1,-1,-1,1,-1
2015200036350,1,98,0,18,0,0,0,0,0,0,1,1,1,1,30,6,2987,2,-1,-1,1,-1
2015200036378,1,9,0,5,0,4,0,0,0,0,1,1,6,1,51,8,1332,1,6,-1,1,-1
2015200036392,1,8,0,9,0,8,0,0,0,0,4,1,1,1,58,9,2664,2,16,-1,1,-1
2015200036392,2,9,0,18,0,8,0,0,0,0,3,1,1,1,45,7,-1,-1,-1,-1,1,-1
2015200036398,1,9,0,18,0,0,5,7,0,0,1,1,6,1,85,11,1149,1,7,-1,1,-1
2015200036416,1,9,0,1,9,0,0,0,0,0,2,1,6,2,40,7,1992,2,7,-1,1,-1
2015200036416,2,9,0,2,9,0,0,0,0,0,3,1,6,1,-1,-1,1968,2,3,-1,1,-1
2015200036418,1,9,0,5,0,1,0,0,7,1,1,1,6,1,28,6,1242,1,12,-1,1,-1
2015200036436,1,1,0,5,0,1,0,0,1,0,1,1,6,1,-1,-1,-1,-1,-1,-1,1,-1
2015200036443,1,9,0,18,9,8,0,0,1,7,1,1,5,2,50,8,1988,1,11,-1,1,-1
2015200036445,1,9,0,5,0,0,0,10,7,0,1,1,6,2,29,6,1398,2,13,-1,1,-1
2015200036452,1,9,0,16,0,1,1,0,0,0,1,1,5,1,22,5,2000,1,11,-1,1,-1
2015200036452,2,90,0,18,0,2,0,0,1,0,1,1,5,2,24,5,-1,-1,-1,-1,1,-1
2015200036459,1,9,0,4,0,4,0,0,0,0,1,1,6,1,82,11,1598,2,3,-1,1,-1
2015200036503,1,9,0,5,0,1,0,0,0,0,1,1,6,1,66,10,2324,1,12,-1,1,-1
2015200036503,2,4,0,5,0,1,0,0,0,0,3,1,6,2,19,4,498,1,17,-1,1,-1
2015200036507,1,9,0,9,0,5,0,0,0,0,1,1,5,1,49,8,1956,2,3,-1,1,-1
2015200036507,2,9,0,10,0,1,0,0,0,0,1,1,5,1,46,8,1587,1,15,-1,1,-1
2015200036523,1,9,0,9,0,0,0,0,0,0,1,1,6,1,53,8,2231,2,8,-1,1,-1
2015200036523,2,3,0,18,0,0,2,0,0,0,4,1,6,1,23,5,124,1,4,-1,1,-1
2015200036524,1,9,0,5,0,3,0,0,0,0,3,1,6,1,41,7,2792,1,13,-1,1,-1
2015200036524,2,9,0,5,0,3,0,0,0,0,1,1,6,2,35,6,-1,-1,-1,-1,-1,-1
2015200036528,1,9,0,5,0,6,1,0,0,0,4,1,6,1,19,4,1598,1,12,-1,1,-1
2015200036528,2,90,0,18,0,1,1,0,0,0,1,1,1,1,49,8,-1,-1,-1,-1,1,-1
2015200036541,1,9,0,5,0,0,0,0,0,0,1,1,6,1,23,5,999,1,-1,-1,1,-1
2015200036541,2,9,0,2,0,0,0,0,0,0,2,1,6,1,38,7,1363,2,13,-1,1,-1
2015200036543,1,9,0,6,0,8,0,0,0,0,1,1,6,2,36,7,1997,2,1,-1,-1,-1
2015200036543,2,9,0,18,0,4,0,0,0,0,1,1,6,2,16,4,1595,1,5,-1,1,-1
2015200036552,1,9,0,4,0,1,0,0,0,0,1,1,1,2,64,9,1956,2,2,-1,1,-1
2015200036557,1,9,0,9,0,8,0,0,0,0,3,1,6,1,72,10,-1,-1,-1,-1,1,-1
2015200036557,2,9,0,18,0,8,0,0,0,0,3,1,6,1,35,6,998,1,-1,-1,1,-1
2015200036559,1,9,0,18,0,0,0,0,0,0,1,1,6,1,20,4,1995,2,5,-1,1,-1
2015200036559,2,-1,0,12,0,0,0,0,0,0,2,1,6,3,-1,-1,-1,-1,-1,-1,-1,-1
2015200036567,1,9,0,17,0,0,0,0,0,0,1,1,6,1,21,5,1896,2,9,-1,1,-1
2015200036567,2,1,0,18,0,0,0,10,1,0,2,1,6,1,56,9,-1,-1,-1,-1,1,-1
2015200036570,1,9,0,1,9,5,0,0,0,0,2,1,6,1,29,6,2429,1,9,-1,1,-1
2015200036572,1,9,0,5,0,1,0,0,0,0,1,1,5,2,26,6,998,1,13,-1,1,-1
2015200036572,2,9,0,18,0,1,0,0,0,0,1,1,5,2,33,6,1360,1,9,-1,1,-1
2015200036585,1,11,0,18,0,0,0,0,0,0,1,1,1,1,33,6,6696,2,1,-1,3,-1
2015200036585,2,98,-1,18,-1,0,-1,-1,-1,0,1,1,6,1,-1,-1,1896,2,7,-1,1,-1
2015200036594,1,9,0,5,0,1,0,7,3,0,1,1,6,2,60,9,1398,1,14,-1,1,-1
2015200036594,2,9,0,18,0,8,0,0,0,0,1,1,6,1,29,6,1968,2,9,-1,1,-1
2015200036597,1,9,0,10,0,8,0,0,4,0,1,1,6,2,88,11,1397,1,5,-1,1,-1
2015200036597,2,9,0,18,0,8,0,0,4,0,3,1,5,1,19,4,1242,1,-1,-1,1,-1
2015200036599,1,9,0,5,0,1,0,0,0,0,1,1,6,1,60,9,1396,1,17,-1,1,-1
2015200036599,2,9,0,5,0,1,0,0,0,0,1,1,6,1,38,7,1753,2,9,-1,1,-1
2015200036608,1,9,0,5,0,2,0,0,0,0,1,1,2,1,57,9,1388,1,9,-1,1,-1
2015200036608,2,9,0,3,0,2,0,0,0,0,2,1,5,1,21,5,1242,1,9,-1,1,-1
2015200036613,1,9,0,9,0,8,0,0,0,0,4,1,6,1,50,8,1997,2,6,-1,1,-1
2015200036613,2,3,0,18,0,8,0,0,0,0,4,1,6,1,18,4,125,1,2,-1,1,-1
2015200036626,1,9,0,5,0,1,0,0,0,0,1,1,6,1,23,5,1396,1,15,-1,1,-1
2015200036626,2,19,0,5,0,1,0,0,0,0,2,1,6,1,72,10,1998,2,10,-1,1,-1
2015200036641,1,9,0,7,0,6,0,0,0,0,1,1,6,3,-1,-1,-1,-1,-1,-1,-1,-1
2015200036644,1,9,0,18,0,0,0,0,0,0,1,1,2,1,28,6,993,1,14,-1,1,-1
2015200036647,1,9,0,18,0,0,0,0,0,0,4,1,3,1,30,6,1796,1,8,-1,1,-1
2015200036647,2,1,0,18,0,0,0,0,0,0,3,1,2,1,27,6,-1,-1,-1,-1,1,-1
2015200036651,1,9,0,9,0,0,0,0,0,0,1,1,6,2,36,7,1364,1,8,-1,2,-1
2015200036651,2,9,0,18,0,0,0,0,0,0,1,1,6,2,43,7,2000,2,11,-1,1,-1
2015200036656,1,9,0,7,0,7,0,0,0,0,0,1,6,2,30,6,-1,-1,-1,-1,-1,-1
2015200036658,1,9,0,7,0,5,0,0,0,0,4,1,6,3,-1,-1,-1,-1,-1,-1,-1,-1
2015200036658,2,1,0,18,0,1,2,0,0,0,3,1,6,1,37,7,-1,-1,-1,-1,1,-1
2015200036663,1,9,0,14,0,0,0,0,0,0,4,1,6,1,80,11,1984,1,6,-1,1,-1
2015200036663,2,9,0,2,0,0,0,0,0,0,3,1,6,2,28,6,1560,2,9,-1,1,-1
2015200036669,1,9,0,18,0,0,0,0,0,0,3,1,6,2,30,6,-1,-1,-1,-1,-1,-1
2015200036672,1,9,0,18,0,8,0,0,0,0,1,1,6,1,40,7,1900,2,9,-1,1,-1
2015200036672,2,9,0,18,0,8,0,0,0,0,1,1,6,1,26,6,1910,2,7,-1,-1,-1
2015200036678,1,9,0,18,0,0,0,0,0,0,3,1,6,1,59,9,1598,2,3,-1,1,-1
2015200036678,2,98,0,18,0,0,0,4,0,0,1,1,6,1,50,8,2496,2,18,-1,1,-1
2015200036678,3,9,0,2,0,0,0,0,0,0,0,1,6,1,-1,-1,1600,1,11,-1,1,-1
2015200036679,1,9,0,18,0,0,0,0,0,0,1,1,6,1,37,7,2979,1,1,-1,1,-1
2015200036685,1,9,0,18,0,8,1,0,0,0,1,1,6,2,30,6,-1,-1,-1,-1,-1,-1
2015200036690,1,9,0,9,0,1,0,0,0,0,4,1,6,2,72,10,1586,1,9,-1,1,-1
2015200036690,2,9,0,18,0,1,0,0,0,0,1,1,6,2,48,8,1461,2,5,-1,1,-1
2015200036695,1,9,0,18,0,2,0,0,0,0,1,1,6,1,54,8,999,1,15,-1,1,-1
2015200036700,1,9,0,5,0,4,0,0,0,0,1,1,6,1,27,6,1984,1,4,-1,1,-1
2015200036703,1,9,0,18,0,1,0,0,0,0,1,1,5,1,24,5,1398,1,12,-1,1,-1
2015200036703,2,9,0,7,0,6,0,0,0,0,3,1,5,1,30,6,1398,1,3,-1,1,-1
2015200036704,1,9,0,9,0,5,0,0,0,0,4,1,1,2,42,7,1995,2,-1,-1,1,-1
2015200036704,2,9,0,18,0,8,0,0,0,0,1,1,6,1,54,8,1896,2,11,-1,1,-1
2015200036704,3,9,0,10,0,1,0,0,0,0,3,1,6,1,66,10,1399,1,4,-1,1,-1
2015200036711,1,1,0,18,0,0,0,0,0,0,0,1,6,1,24,5,-1,-1,-1,-1,1,-1
2015200036711,2,4,0,18,0,0,0,0,0,0,3,1,6,1,35,6,279,1,-1,-1,3,-1
2015200036713,1,9,0,9,0,1,0,0,0,0,1,1,6,1,74,10,1299,1,12,-1,1,-1
2015200036718,1,9,0,18,0,1,0,0,0,0,2,1,6,1,25,5,1461,2,1,-1,1,-1
2015200036718,2,9,0,18,0,1,0,0,0,0,1,1,6,1,-1,-1,1997,2,11,-1,1,-1
2015200036720,1,9,0,3,0,5,0,0,2,0,1,1,5,1,30,6,1686,2,11,-1,-1,-1
2015200036720,2,9,0,3,0,5,0,0,2,0,2,1,5,1,40,7,1363,2,12,-1,1,-1
2015200036721,1,2,0,18,0,8,0,0,0,0,1,1,6,1,33,6,49,1,8,-1,1,-1
2015200036721,2,9,0,10,0,8,0,0,0,0,3,1,6,2,25,5,1149,1,4,-1,1,-1
2015200036731,1,9,0,3,0,8,0,0,0,0,0,1,1,2,33,6,1124,1,10,-1,1,-1
2015200036737,1,19,0,18,0,1,0,0,1,0,3,1,1,1,34,6,1560,2,3,-1,1,-1
2015200036737,2,9,0,9,0,8,0,0,0,0,1,1,6,2,-1,-1,875,1,1,-1,1,-1
2015200036739,1,9,0,18,0,8,1,0,1,0,1,1,2,2,25,5,1796,1,11,-1,1,-1
2015200036741,1,9,0,18,0,2,0,0,0,0,1,1,6,3,-1,-1,2987,2,3,-1,-1,-1
2015200036741,2,9,0,18,0,1,0,0,0,0,1,1,6,1,48,8,1686,2,13,-1,1,-1
2015200036820,1,9,0,5,0,1,0,0,0,0,1,1,6,2,22,5,998,1,8,-1,1,-1
2015200036820,2,9,0,5,0,1,0,0,0,0,3,1,6,1,32,6,1598,2,-1,-1,1,-1
2015200036839,1,20,0,5,0,1,0,0,0,0,1,1,1,1,68,10,3920,2,12,-1,1,-1
2015200036865,1,9,0,1,0,2,0,0,0,0,2,1,6,1,-1,-1,1910,2,7,-1,1,-1
2015200036865,2,9,0,4,0,2,0,0,0,0,1,1,6,1,32,6,1995,1,7,-1,1,-1
2015200036866,1,9,0,17,0,2,0,0,0,0,1,1,6,1,22,5,1398,1,12,-1,1,-1
2015200036866,2,9,0,18,0,2,0,0,0,0,1,1,6,1,41,7,4134,2,3,-1,3,-1
2015200036866,3,9,0,18,0,2,0,0,0,0,1,1,6,2,24,5,1995,2,4,-1,1,-1
2015200036891,1,9,-1,15,0,3,0,0,0,0,1,1,6,3,-1,-1,-1,-1,-1,-1,-1,-1
2015200036891,2,9,0,14,0,4,0,0,0,0,3,1,6,1,19,4,1560,2,4,-1,1,-1
2015200036894,1,9,0,9,0,5,0,0,0,0,0,1,6,1,35,6,1668,1,10,-1,1,-1
2015200036905,1,9,0,18,0,2,0,0,0,0,1,1,6,1,-1,-1,1797,8,4,-1,-1,-1
2015200036906,1,9,0,18,0,0,0,4,0,0,1,1,3,1,40,7,1587,1,10,-1,1,-1
2015200036906,2,9,0,2,0,0,0,0,0,0,1,1,3,1,-1,-1,2231,2,8,-1,-1,-1
2015200036920,1,9,0,13,0,0,0,4,0,0,1,1,1,2,30,6,1398,2,12,-1,1,-1
2015200036920,2,9,0,2,0,0,0,0,0,0,4,1,6,1,-1,-1,998,1,2,-1,1,-1
2015200036927,1,9,0,18,0,6,0,0,0,0,3,1,6,2,42,7,1796,1,8,-1,1,-1
2015200036927,2,3,0,18,0,1,1,0,0,0,1,1,6,1,43,7,125,1,6,-1,1,-1
2015200036937,1,9,0,18,9,0,0,7,3,0,1,1,6,3,-1,-1,1968,2,4,-1,-1,-1
2015200036946,1,9,0,18,0,1,0,0,0,0,0,1,6,1,24,5,2993,2,8,-1,-1,-1
2015200036950,1,9,0,9,0,5,0,0,0,0,4,1,6,1,61,9,1587,1,7,-1,1,-1
2015200036951,1,9,0,18,0,2,0,0,0,0,1,1,6,2,30,6,1796,1,11,-1,1,-1
2015200036968,1,9,0,18,0,0,0,0,0,0,1,1,6,3,-1,-1,-1,-1,-1,-1,-1,-1
2015200036968,2,9,0,4,0,0,0,0,0,0,3,1,1,2,53,8,3311,8,8,-1,-1,-1
2015200036985,1,9,0,18,0,0,5,0,5,10,3,1,6,2,17,4,1242,1,3,-1,1,-1
2015200036988,1,9,0,17,0,0,0,7,7,0,4,1,2,1,20,4,1360,1,13,-1,1,-1
2015200036988,2,9,0,3,0,0,0,0,0,0,3,1,2,1,41,7,1998,2,9,-1,1,-1
2015200036988,3,9,0,3,0,0,0,0,0,0,3,1,2,2,59,9,1984,1,3,-1,1,-1
2015200036991,1,9,0,5,8,1,0,0,0,0,1,1,6,2,54,8,1598,1,16,-1,1,-1
2015200036991,2,5,0,18,0,1,0,0,0,0,4,1,6,2,41,7,-1,-1,-1,-1,1,-1
2015200037003,1,9,0,18,0,0,0,0,0,0,1,1,6,1,63,9,1794,1,10,-1,1,-1
2015200037023,1,9,0,10,0,0,0,0,0,0,0,1,6,1,51,8,1582,2,8,-1,1,-1
2015200037023,2,3,0,18,0,0,1,0,1,0,4,1,6,1,20,4,125,1,-1,-1,1,-1
2015200037044,1,9,0,10,0,1,0,0,0,0,2,1,6,1,73,10,1598,1,7,-1,1,-1
2015200037044,2,9,0,5,0,8,0,0,0,0,1,1,6,3,-1,-1,-1,-1,-1,-1,-1,-1
2015200037064,1,11,0,8,0,1,0,0,0,0,0,1,6,3,-1,-1,-1,-1,-1,-1,-1,-1
2015200037078,1,9,0,18,0,0,0,2,0,0,4,1,6,1,-1,-1,1560,2,2,-1,-1,-1
2015200037078,2,9,0,3,0,0,0,0,0,0,3,1,6,1,36,7,1994,1,11,-1,1,-1
2015200037080,1,9,0,5,0,0,0,0,0,0,1,1,6,1,84,11,1951,2,10,-1,3,-1
2015200037080,2,20,0,2,0,0,0,0,0,0,2,1,1,1,32,6,-1,-1,-1,-1,1,-1
2015200037083,1,9,0,18,0,0,0,0,0,0,4,1,6,3,-1,-1,-1,-1,-1,-1,-1,-1
2015200037083,2,9,0,10,0,0,0,0,0,0,1,1,1,2,41,7,1968,2,1,-1,1,-1
2015200037086,1,9,0,5,0,4,0,0,0,0,1,1,6,1,46,8,2143,2,-1,-1,1,-1
2015200037086,2,9,0,18,0,3,0,0,0,0,4,1,6,1,31,6,1339,1,7,-1,1,-1
2015200037091,1,9,0,9,0,6,0,0,0,0,3,1,1,1,36,7,1998,2,3,-1,1,-1
2015200037095,1,9,0,12,0,1,0,0,0,0,3,1,6,1,24,5,998,1,16,-1,1,-1
2015200037095,2,5,0,18,0,1,0,0,0,0,4,1,6,1,54,8,656,1,9,-1,1,-1
2015200037100,1,9,0,4,0,4,0,0,0,0,1,1,2,1,56,9,1396,1,12,-1,1,-1
2015200037100,2,1,0,16,0,3,0,0,0,0,2,1,2,1,50,8,-1,-1,-1,-1,1,-1
2015200037159,1,9,0,18,0,0,0,0,0,0,1,1,6,1,90,11,1597,1,21,-1,1,-1
2015200037159,2,9,0,3,0,0,0,0,0,0,2,1,6,1,62,9,1199,1,14,-1,1,-1
2015200037160,1,9,0,4,0,0,0,0,0,0,1,1,6,1,33,6,1796,1,15,-1,1,-1
2015200037169,1,9,0,1,0,0,0,10,0,0,2,1,6,1,57,9,1984,1,15,-1,3,-1
2015200037177,1,9,0,18,0,7,0,0,0,0,1,1,2,1,30,6,-1,-1,-1,-1,1,-1
2015200037177,2,1,0,18,0,8,0,0,0,0,2,1,2,1,34,6,-1,-1,-1,-1,1,-1
2015200037215,1,9,0,18,0,6,0,0,0,0,4,1,6,1,29,6,2295,1,13,-1,1,-1
2015200037215,2,9,0,18,0,8,0,0,0,0,1,1,6,2,31,6,1769,1,14,-1,-1,-1
2015200037217,1,9,0,18,0,0,0,0,0,0,1,1,6,1,75,10,1596,1,5,-1,1,-1
2015200037243,1,9,0,18,0,0,0,0,0,0,3,1,6,2,-1,-1,1399,2,6,-1,1,-1
2015200037243,2,9,0,18,0,0,0,4,0,0,3,1,6,2,32,6,-1,-1,-1,-1,1,-1
2015200037267,1,9,0,18,0,3,0,0,0,0,1,1,6,1,61,9,2148,2,9,-1,1,-1
2015200037267,2,9,0,3,0,2,0,0,0,0,2,1,1,1,49,8,-1,-1,-1,-1,1,-1
2015200037267,3,9,0,3,0,2,0,0,0,0,2,1,6,2,27,6,1560,2,4,-1,1,-1
2015200037270,1,9,0,18,0,8,0,0,0,0,1,1,6,1,20,4,1598,1,14,-1,1,-1
2015200037270,2,9,0,9,0,8,0,0,0,0,1,1,6,2,31,6,1397,1,14,-1,1,-1
2015200037274,1,1,0,18,0,0,0,0,0,0,3,1,1,1,22,5,-1,-1,-1,-1,1,-1
2015200037274,2,9,0,18,0,0,0,0,0,0,1,1,1,1,60,9,1422,2,6,-1,1,-1
2015200037289,1,9,0,18,0,6,0,10,3,0,4,1,6,2,25,5,1242,1,6,-1,1,-1
2015200037289,2,9,0,18,0,8,0,0,0,0,1,1,6,1,81,11,1396,1,17,-1,1,-1
2015200037297,1,9,0,9,0,0,0,0,0,0,4,1,6,2,-1,-1,-1,-1,-1,-1,-1,-1
2015200037301,1,98,1,12,0,0,0,0,0,0,0,1,1,3,-1,-1,-1,-1,-1,-1,-1,-1
2015200037301,2,5,0,14,0,0,0,0,7,0,1,1,2,1,49,8,-1,-1,-1,-1,1,-1
2015200037319,1,9,0,18,0,0,0,0,0,0,4,1,6,2,47,8,1796,1,11,-1,1,-1
2015200037322,1,9,0,18,0,0,0,0,0,0,1,1,6,3,-1,-1,-1,-1,-1,-1,-1,-1
2015200037330,1,98,0,8,0,0,0,0,0,0,1,1,1,2,43,7,-1,-1,-1,-1,1,-1
2015200037330,2,9,0,18,0,0,0,0,0,0,4,1,6,2,21,5,998,1,9,-1,1,-1
2015200037335,1,9,0,5,0,2,0,0,0,0,1,1,2,2,48,8,1339,1,9,-1,1,-1
2015200037335,2,3,0,13,0,1,0,0,0,0,2,1,6,1,20,4,125,1,-1,-1,1,-1
2015200037361,1,98,0,-1,0,-1,0,0,0,0,0,1,6,1,35,6,1753,2,7,-1,1,-1
2015200037364,1,9,0,18,0,1,0,0,0,0,1,1,6,1,28,6,1389,1,12,-1,1,-1
2015200037364,2,9,0,18,0,8,0,0,0,0,1,1,6,2,80,11,998,1,9,-1,1,-1
2015200037377,1,9,0,18,0,3,0,0,0,0,4,1,6,1,46,8,2698,2,8,-1,1,-1
2015200037377,2,9,0,18,0,3,0,0,0,0,4,1,6,1,23,5,1598,1,2,-1,1,-1
2015200037379,1,98,0,7,0,0,0,0,0,0,4,1,6,3,-1,-1,-1,-1,-1,-1,-1,-1
2015200037379,2,1,0,18,0,0,0,0,0,0,1,1,1,2,33,6,-1,-1,-1,-1,1,-1
2015200037381,1,9,0,18,0,0,1,0,0,0,1,1,2,1,29,6,1796,1,11,-1,1,-1
2015200037381,2,9,0,10,0,0,0,0,0,0,2,1,2,1,-1,-1,-1,-1,-1,-1,1,-1
2015200037393,1,98,0,18,0,8,0,0,0,0,3,1,1,1,-1,-1,-1,-1,-1,-1,-1,-1
2015200037393,2,9,0,10,0,8,0,0,0,0,2,1,3,2,46,8,1149,1,13,-1,1,-1
2015200037395,1,9,0,9,0,6,0,0,0,0,1,1,6,1,86,11,1974,2,29,-1,1,-1
2015200037417,1,9,0,18,0,1,0,0,0,0,1,1,6,2,39,7,1995,2,10,-1,1,-1
2015200037423,1,9,0,18,0,8,0,0,0,0,1,1,2,2,25,5,1199,1,16,-1,1,-1
2015200037431,1,9,0,5,0,0,0,0,0,0,1,1,6,3,-1,-1,1968,2,12,-1,-1,-1
2015200037431,2,9,0,5,0,0,0,0,0,0,2,1,1,2,51,8,1598,1,12,-1,1,-1
2015200037431,3,9,0,1,0,0,0,0,0,0,0,1,1,1,33,6,1956,2,-1,-1,-1,-1
2015200037431,4,9,0,5,0,0,0,0,0,0,0,1,1,1,41,7,1956,2,-1,-1,-1,-1
2015200037435,1,9,0,18,0,0,0,0,0,0,1,1,6,3,-1,-1,995,1,6,-1,1,-1
2015200037435,2,3,0,18,0,0,0,0,0,0,1,1,6,1,20,4,-1,-1,-1,-1,1,-1
2015200037447,1,9,0,18,0,0,0,0,0,0,4,1,6,1,54,8,1560,2,8,-1,1,-1
2015200037447,2,23,0,13,0,0,0,0,0,0,3,1,6,1,62,9,-1,-1,-1,-1,1,-1
2015200037449,1,19,0,18,0,1,0,0,1,0,2,1,6,1,71,10,2500,2,11,-1,1,-1
2015200037449,2,9,0,18,0,1,0,0,0,0,1,1,6,2,47,8,1242,1,3,-1,1,-1
2015200037451,1,9,0,18,0,0,0,0,0,0,1,1,6,1,-1,-1,1343,1,12,-1,1,-1
2015200037451,2,9,0,3,0,0,0,0,0,0,2,1,6,2,32,6,-1,-1,-1,-1,1,-1
2015200037463,1,5,0,18,0,8,0,0,0,0,1,1,6,1,23,5,600,1,14,-1,1,-1
2015200037463,2,98,0,9,0,8,0,0,0,0,3,1,6,1,49,8,2402,2,10,-1,1,-1
2015200037478,1,21,1,18,0,8,0,0,0,0,4,1,6,1,36,7,12777,2,9,-1,-1,-1
2015200037478,2,9,0,18,0,8,0,0,0,0,0,1,6,1,29,6,1560,2,4,-1,1,-1