Accident_Index,Vehicle_Reference,Vehicle_Type,Towing_and_Articulation,Vehicle_Manoeuvre,Vehicle_Location-Restricted_Lane,Junction_Location,Skidding_and_Overturning,Hit_Object_in_Carriageway,Vehicle_Leaving_Carriageway,Hit_Object_off_Carriageway,1st_Point_of_Impact,Was_Vehicle_Left_Hand_Drive?,Journey_Purpose_of_Driver,Sex_of_Driver,Age_of_Driver,Age_Band_of_Driver,Engine_Capacity_(CC),Propulsion_Code,Age_of_Vehicle,Driver_IMD_Decile,Driver_Home_Area_Type,Vehicle_IMD_Decile
2015200037481,1,9,0,4,0,0,0,0,0,0,4,1,6,1,22,5,1461,2,1,-1,1,-1
2015200037484,1,9,0,5,0,0,0,0,0,0,1,1,6,2,-1,-1,1149,1,5,-1,1,-1
2015200037484,2,9,0,18,0,0,0,0,0,0,2,1,6,2,-1,-1,1398,1,11,-1,1,-1
2015200037498,1,5,0,18,0,1,1,10,0,0,1,1,1,1,23,5,675,1,3,-1,1,-1
2015200037498,2,9,0,7,0,1,0,0,0,0,0,1,6,3,29,6,1198,1,3,-1,1,-1
2015200037501,1,97,0,7,-1,1,1,0,0,0,-1,1,6,1,39,7,998,1,2,-1,1,-1
2015200037501,2,9,-1,7,-1,1,1,0,0,0,2,1,6,1,60,9,1461,2,1,-1,-1,-1
2015200037501,3,9,0,-1,-1,1,-1,-1,-1,0,4,1,6,1,51,8,2179,2,-1,-1,-1,-1
2015200037501,4,97,0,7,-1,1,1,0,0,0,-1,1,6,1,39,7,998,1,5,-1,-1,-1
2015200037504,1,9,0,18,0,0,0,0,1,0,2,1,6,1,57,9,1794,1,9,-1,1,-1
2015200037504,2,21,4,18,0,0,0,0,0,0,1,1,1,1,50,8,-1,-1,-1,-1,-1,-1
2015200037509,1,9,0,18,0,8,0,0,0,0,1,1,1,1,-1,-1,2967,2,2,-1,-1,-1
2015200037509,2,9,0,18,0,8,0,0,7,10,1,1,6,2,39,7,1598,1,5,-1,1,-1
2015200037522,1,9,0,9,0,4,5,0,0,0,1,1,6,1,-1,-1,1360,1,14,-1,-1,-1
2015200037522,2,9,0,2,0,2,0,0,0,0,0,1,6,1,-1,-1,1598,1,8,-1,1,-1
2015200037542,1,9,0,9,0,0,0,0,0,0,1,1,6,1,21,5,-1,-1,-1,-1,1,-1
2015200037542,2,9,0,18,0,0,0,0,0,0,4,1,6,1,27,6,1598,1,10,-1,1,-1
2015200037549,1,9,0,3,0,4,0,0,0,0,2,1,6,2,27,6,1968,2,7,-1,1,-1
2015200037549,2,9,0,4,0,4,0,0,0,0,1,1,6,2,29,6,1360,1,11,-1,1,-1
2015200037551,1,9,0,5,0,8,0,0,0,0,1,1,6,1,65,9,1248,1,1,-1,1,-1
2015200037551,2,1,0,18,0,8,0,0,0,0,2,1,6,1,57,9,-1,-1,-1,-1,1,-1
2015200037565,1,9,0,9,0,0,0,0,0,0,1,1,1,1,25,5,1461,2,4,-1,1,-1
2015200037565,2,3,0,17,0,0,0,0,0,0,1,1,1,1,17,4,124,1,1,-1,1,-1
2015200037566,1,9,0,11,0,0,0,0,0,0,4,1,1,1,-1,-1,2967,2,1,-1,-1,-1
2015200037566,2,9,0,15,0,0,0,0,0,0,3,1,6,1,22,5,999,1,-1,-1,1,-1
2015200037567,1,9,0,16,0,4,0,0,0,0,1,1,2,2,32,6,1339,1,12,-1,1,-1
2015200037567,2,9,0,16,0,4,0,0,0,0,2,1,6,3,-1,-1,1895,1,16,-1,-1,-1
2015200037569,1,9,0,4,0,8,0,0,0,0,1,1,6,1,26,6,1598,1,9,-1,1,-1
2015200037569,2,9,0,5,0,8,0,0,0,0,2,1,6,1,35,6,1199,2,3,-1,1,-1
2015200037577,1,9,0,18,0,0,0,0,1,0,1,1,6,1,34,6,1905,2,18,-1,1,-1
2015200037583,1,9,0,18,0,0,0,0,0,0,1,1,6,1,-1,-1,1527,2,20,-1,-1,-1
2015200037583,2,9,0,1,0,0,0,0,0,0,4,1,6,2,28,6,1364,1,7,-1,1,-1
2015200037584,1,9,0,18,0,1,0,0,0,0,1,1,6,3,-1,-1,1986,2,8,-1,-1,-1
2015200037584,2,9,0,18,0,1,0,0,0,0,2,1,6,1,61,9,1997,2,7,-1,1,-1
2015200037593,1,9,0,5,0,1,0,0,0,0,1,1,6,2,32,6,1560,2,5,-1,1,-1
2015200037601,1,9,0,18,0,0,0,0,0,0,1,1,6,1,64,9,1197,1,-1,-1,1,-1
2015200037602,1,9,0,13,0,0,0,0,0,0,2,1,6,3,-1,-1,1686,2,2,-1,-1,-1
2015200037602,2,9,0,2,0,0,0,0,0,0,2,1,6,1,52,8,-1,-1,-1,-1,-1,-1
2015200037614,1,9,0,18,0,0,0,0,5,6,1,1,6,2,48,8,1108,1,12,-1,-1,-1
2015200037636,1,9,0,9,0,0,0,0,0,0,2,1,6,1,-1,-1,2319,1,13,-1,-1,-1
2015200037636,2,1,0,9,0,0,0,0,0,0,0,1,6,1,16,4,-1,-1,-1,-1,1,-1
2015200037662,1,9,0,18,0,0,0,0,0,0,1,1,6,2,20,4,1349,1,8,-1,1,-1
2015200037662,2,9,0,8,0,0,0,0,0,0,1,1,6,2,28,6,2993,2,-1,-1,1,-1
2015200037691,1,9,0,18,0,7,1,0,0,0,3,1,6,2,30,6,1299,1,13,-1,1,-1
2015200037691,2,9,-1,18,0,7,1,0,0,0,1,1,6,1,62,9,-1,-1,-1,-1,2,-1
2015200037694,1,9,0,5,0,1,0,0,0,0,1,1,6,1,35,6,1598,2,2,-1,1,-1
2015200037694,2,9,0,18,0,1,0,0,0,0,1,1,6,2,39,7,1332,1,10,-1,1,-1
2015200037694,3,9,0,9,0,6,0,0,0,0,0,1,6,2,39,7,1390,1,12,-1,1,-1
2015200037710,1,9,0,18,0,1,0,0,0,0,1,1,6,1,26,6,998,1,-1,-1,1,-1
2015200037710,2,9,0,9,0,6,0,0,0,0,3,1,6,1,27,6,998,1,12,-1,1,-1
2015200037718,1,9,0,5,0,0,0,0,0,0,1,1,6,1,84,11,1200,1,-1,-1,1,-1
2015200037718,2,9,0,9,0,0,0,0,0,0,4,1,1,1,24,5,1461,2,7,-1,1,-1
2015200037744,1,9,0,18,0,8,0,0,0,0,1,1,6,1,52,8,1995,2,12,-1,1,-1
2015200037744,2,9,0,3,0,8,0,0,0,0,2,1,6,1,50,8,1998,2,10,-1,1,-1
2015200037760,1,9,0,11,0,0,0,0,0,0,3,1,6,2,41,7,-1,-1,-1,-1,1,-1
2015200037760,2,9,-1,-1,-1,0,-1,-1,-1,0,-1,1,6,2,66,10,1597,1,13,-1,1,-1
2015200037766,1,9,0,5,0,1,0,0,0,0,1,1,6,1,80,11,1242,1,6,-1,1,-1
2015200037766,2,9,0,5,0,1,0,0,0,0,2,1,6,2,54,8,1995,1,11,-1,1,-1
2015200037769,1,9,0,5,0,1,0,0,0,0,2,1,2,2,45,7,2996,2,5,-1,1,-1
2015200037769,2,9,0,5,0,1,0,0,0,0,1,1,6,1,45,7,1242,1,11,-1,1,-1
2015200037769,3,9,0,5,0,1,0,0,0,0,0,1,6,2,54,8,1229,1,4,-1,1,-1
2015200037780,1,9,0,5,0,1,0,0,0,0,1,1,6,1,28,6,1242,1,12,-1,1,-1
2015200037790,1,9,-1,18,-1,0,1,0,0,0,1,1,6,2,19,4,1149,1,10,-1,1,-1
2015200037799,1,9,0,18,0,0,0,0,0,0,1,1,6,2,37,7,1995,2,7,-1,1,-1
2015200037799,2,9,0,18,0,0,0,0,0,0,1,1,6,1,33,6,3982,1,20,-1,1,-1
2015200037810,1,9,0,18,0,4,0,0,0,0,1,1,6,1,41,7,1797,8,5,-1,1,-1
2015200037810,2,98,0,18,0,3,0,0,0,0,4,1,6,1,41,7,2151,2,11,-1,1,-1
2015200037814,1,11,0,5,0,1,0,0,0,0,1,1,1,1,55,8,4461,2,1,-1,1,-1
2015200037814,2,4,0,5,0,1,0,0,0,0,1,1,6,1,53,8,500,1,66,-1,1,-1
2015200037823,1,3,0,13,0,0,0,0,0,0,4,1,6,1,25,5,125,1,-1,-1,1,-1
2015200037823,2,9,0,9,0,0,0,0,0,0,3,1,6,2,56,9,1596,1,11,-1,1,-1
2015200037852,1,9,4,15,0,1,0,0,0,0,0,1,6,3,-1,-1,-1,-1,-1,-1,-1,-1
2015200037852,2,9,0,2,0,1,0,0,0,0,0,1,6,3,-1,-1,-1,-1,-1,-1,-1,-1
2015200037854,1,98,0,7,0,5,0,0,0,0,0,1,6,1,54,8,-1,-1,-1,-1,1,-1
2015200037854,2,1,0,18,0,8,0,0,0,0,0,1,6,1,53,8,-1,-1,-1,-1,1,-1
2015200037858,1,9,0,3,0,0,0,0,0,0,0,1,1,1,43,7,1896,2,10,-1,1,-1
2015200037858,2,9,0,5,0,0,0,0,0,0,1,1,6,1,57,9,2143,2,1,-1,1,-1
2015200037860,1,8,0,5,0,0,0,0,0,0,1,1,6,3,-1,-1,-1,-1,-1,-1,-1,-1
2015200037872,1,9,0,18,0,0,0,0,0,0,1,1,6,1,23,5,1497,1,11,-1,1,-1
2015200037899,1,9,0,18,0,0,0,0,0,0,1,1,6,3,-1,-1,1995,2,10,-1,-1,-1
2015200037899,2,9,0,18,0,0,0,0,0,0,4,1,6,1,19,4,1896,2,16,-1,1,-1
2015200037900,1,9,0,7,0,0,0,0,0,0,1,1,6,1,34,6,1339,1,13,-1,1,-1
2015200037900,2,9,0,18,0,0,0,0,0,0,1,1,2,1,38,7,-1,-1,-1,-1,1,-1
2015200037900,3,3,0,18,0,0,1,0,0,0,0,1,2,1,48,8,-1,-1,-1,-1,1,-1
2015200037902,1,9,0,18,0,1,0,0,0,0,1,1,6,2,25,5,1229,1,4,-1,1,-1
2015200037902,2,9,0,18,0,1,0,0,0,0,1,1,6,1,24,5,1364,1,8,-1,1,-1
2015200037918,1,9,0,9,0,0,0,0,0,0,1,1,6,1,30,6,1984,2,6,-1,1,-1
2015200037918,2,9,0,18,0,0,0,0,1,1,3,1,6,1,36,7,1968,2,11,-1,1,-1
2015200037919,1,9,0,5,0,0,0,0,0,0,1,1,6,1,-1,-1,1998,1,9,-1,1,-1
2015200037919,2,9,0,5,0,0,0,0,0,0,2,1,6,2,22,5,1240,1,7,-1,1,-1
2015200037924,1,9,0,18,0,1,0,0,0,0,1,1,2,1,46,8,1598,1,14,-1,1,-1
2015200037925,1,9,0,18,0,8,0,0,0,0,1,1,6,2,46,8,1242,1,5,-1,1,-1
2015200037925,2,1,0,18,0,8,0,0,0,0,4,1,6,1,51,8,-1,-1,-1,-1,1,-1
2015200037936,1,9,0,7,0,1,0,0,0,0,0,1,6,3,-1,-1,-1,-1,-1,-1,-1,-1
2015200037936,2,1,0,18,0,1,0,0,0,0,0,1,1,1,41,7,-1,-1,-1,-1,1,-1
2015200037939,1,9,0,18,0,0,0,0,0,0,1,1,6,3,-1,-1,1598,1,11,-1,-1,-1
2015200037939,2,9,0,18,0,0,0,0,0,0,2,1,6,2,43,7,1799,1,8,-1,1,-1
2015200037940,1,9,0,9,0,8,0,0,0,0,1,1,6,1,48,8,1587,1,14,-1,1,-1
2015200037940,2,3,0,18,0,8,0,0,0,0,1,1,6,1,25,5,125,1,-1,-1,1,-1
2015200037951,1,98,0,11,0,8,0,0,0,0,4,1,1,1,-1,-1,3908,2,10,-1,1,-1
2015200037951,2,9,0,18,0,8,0,0,0,0,3,1,6,2,26,6,1360,1,16,-1,1,-1
2015200037954,1,9,0,9,0,8,0,0,0,0,1,1,6,2,22,5,1461,2,4,-1,1,-1
2015200037954,2,3,0,18,0,8,0,0,0,0,1,1,6,2,24,5,125,1,16,-1,1,-1
2015200037957,1,9,0,18,0,4,0,0,0,0,1,1,2,1,35,6,1896,2,7,-1,1,-1
2015200037957,2,9,0,3,0,8,0,0,0,0,2,1,6,1,26,6,1968,2,6,-1,1,-1
2015200037957,3,9,0,3,0,8,0,0,0,0,2,1,6,1,20,4,1390,1,2,-1,1,-1
2015200037961,1,9,0,5,0,0,0,0,0,0,1,1,6,2,46,8,1229,1,3,-1,1,-1
2015200037963,1,9,0,9,0,5,0,0,0,0,1,1,6,2,51,8,1598,2,2,-1,1,-1
2015200037966,1,9,0,18,0,0,0,0,0,0,4,1,6,1,-1,-1,1598,1,11,-1,-1,-1
2015200037970,1,9,0,9,0,1,0,0,0,0,1,1,6,2,-1,-1,1990,1,20,-1,-1,-1
2015200037970,2,1,0,18,0,1,0,0,0,0,1,1,6,1,29,6,-1,-1,-1,-1,1,-1
2015200038015,1,9,0,9,0,0,0,0,0,0,3,1,1,1,28,6,1686,2,10,-1,3,-1
2015200038015,2,9,0,18,0,0,0,0,0,0,1,1,6,1,53,8,1896,2,7,-1,1,-1
2015200038020,1,9,0,9,0,8,0,0,0,0,1,1,6,1,44,7,1197,1,2,-1,1,-1
2015200038020,2,90,0,18,0,8,0,0,0,0,1,1,6,1,35,6,-1,-1,-1,-1,1,-1
2015200038023,1,9,0,18,0,8,0,0,0,0,1,1,6,1,39,7,1997,2,15,-1,1,-1
2015200038023,2,9,0,9,0,8,0,0,0,0,4,1,6,1,21,5,1200,1,2,-1,1,-1
2015200038026,1,9,0,18,0,0,0,0,0,0,4,1,6,1,-1,-1,1686,2,4,-1,-1,-1
2015200038026,2,97,0,3,0,0,1,0,0,0,0,1,6,1,32,6,680,1,4,-1,1,-1
2015200038047,1,9,0,18,0,0,0,0,0,0,2,1,1,1,24,5,1599,1,11,-1,1,-1
2015200038047,2,19,0,12,0,0,0,0,0,0,1,1,6,1,-1,-1,1870,2,11,-1,1,-1
2015200038048,1,9,0,18,0,0,0,0,0,0,1,1,6,3,-1,-1,1998,1,5,-1,-1,-1
2015200038048,2,9,0,4,0,0,0,0,0,0,2,1,6,1,53,8,1299,1,14,-1,1,-1
2015200038051,1,9,0,5,0,0,0,0,0,0,1,1,6,2,23,5,1686,2,5,-1,1,-1
2015200038052,1,9,0,9,0,2,0,0,0,0,1,1,6,1,77,11,1339,1,11,-1,1,-1
2015200038059,1,9,0,5,0,8,0,7,1,0,3,1,6,2,44,7,1240,1,11,-1,1,-1
2015200038059,2,9,0,18,0,8,0,0,0,0,1,1,6,2,37,7,1686,2,2,-1,1,-1
2015200038063,1,98,0,9,0,0,0,0,0,0,3,1,1,1,65,9,1560,2,-1,-1,1,-1
2015200038063,2,2,0,18,0,0,0,0,0,0,1,1,1,2,22,5,49,1,6,-1,1,-1
2015200038067,1,9,0,9,0,8,0,0,0,0,3,1,6,1,68,10,1997,2,2,-1,1,-1
2015200038067,2,3,0,18,0,1,0,0,0,0,1,1,2,1,27,6,124,1,3,-1,1,-1
2015200038074,1,9,-1,-1,-1,0,-1,-1,-1,0,-1,1,6,1,-1,-1,4554,1,16,-1,1,-1
2015200038074,2,9,-1,-1,-1,0,-1,-1,-1,0,-1,1,6,2,44,7,1461,2,12,-1,1,-1
2015200038076,1,9,0,18,0,0,0,0,0,0,4,1,6,1,-1,-1,-1,-1,-1,-1,-1,-1
2015200038077,1,9,0,18,0,0,1,10,1,4,1,1,6,1,18,4,1396,1,12,-1,1,-1
2015200038077,2,9,0,18,0,0,0,0,0,0,0,1,6,1,-1,-1,1956,2,4,-1,-1,-1
2015200038078,1,9,0,3,8,2,0,0,0,0,1,1,6,1,-1,-1,1999,1,8,-1,-1,-1
2015200038078,2,8,0,3,8,2,0,0,0,0,2,1,1,1,66,10,1560,2,9,-1,1,-1
2015200038079,1,-1,0,18,0,0,0,0,0,0,3,1,6,3,-1,-1,-1,-1,-1,-1,-1,-1
2015200038079,2,9,0,1,0,0,0,0,0,0,4,1,6,2,30,6,1998,2,8,-1,1,-1
2015200038082,1,9,0,18,0,0,0,0,0,0,1,1,1,1,42,7,2143,2,-1,-1,1,-1
2015200038082,2,1,0,18,0,0,0,0,0,0,1,1,6,1,12,3,-1,-1,-1,-1,-1,-1
2015200038083,1,9,0,5,0,0,0,0,0,0,0,1,6,1,54,8,1995,2,1,-1,1,-1
2015200038083,2,9,0,5,0,0,0,0,0,0,2,1,6,1,39,7,1598,2,2,-1,1,-1
2015200038083,3,9,0,5,0,0,0,0,0,0,2,1,6,1,43,7,1997,2,6,-1,1,-1
2015200038083,4,17,0,5,0,0,0,0,0,0,1,1,6,1,46,8,-1,-1,-1,-1,-1,-1
2015200038088,1,19,0,5,0,1,0,0,0,0,1,1,1,1,37,7,2198,2,1,-1,1,-1
2015200038089,1,9,0,18,0,0,0,0,0,0,1,1,6,2,34,6,1995,2,4,-1,1,-1
2015200038089,2,9,0,18,0,0,0,0,0,0,4,1,6,1,20,4,1896,2,8,-1,1,-1
2015200038092,1,9,0,18,0,8,0,0,0,0,1,1,1,1,30,6,1984,1,14,-1,1,-1
2015200038092,2,9,0,18,0,8,0,0,0,0,2,1,6,1,-1,-1,1910,2,7,-1,-1,-1
2015200038093,1,9,0,5,0,8,0,0,0,0,1,1,2,1,38,7,1995,2,2,-1,-1,-1
2015200038093,2,1,0,18,0,8,0,0,0,0,2,1,2,1,48,8,-1,-1,-1,-1,1,-1
2015200038099,1,9,-1,-1,-1,0,-1,-1,-1,0,-1,1,6,3,23,5,1388,1,11,-1,1,-1
2015200038099,2,9,-1,-1,-1,0,-1,-1,-1,0,-1,1,6,1,27,6,1461,2,6,-1,1,-1
2015200038114,1,9,0,18,0,8,0,0,0,0,1,1,6,1,83,11,1598,1,10,-1,1,-1
2015200038114,2,9,0,18,0,8,0,0,0,0,1,1,6,2,37,7,1999,1,1,-1,1,-1
2015200038117,1,9,0,14,0,2,0,0,0,0,3,1,1,1,51,8,2143,2,3,-1,1,-1
2015200038117,2,9,0,14,0,2,0,0,0,0,3,1,6,2,39,7,1497,1,14,-1,1,-1
2015200038125,1,5,0,18,0,0,1,0,0,0,1,1,1,1,35,6,800,1,17,-1,1,-1
2015200038127,1,9,0,18,0,0,0,0,0,0,1,1,6,3,-1,-1,-1,-1,-1,-1,-1,-1
2015200038129,1,9,0,18,0,0,0,0,0,0,4,1,6,2,-1,-1,-1,-1,-1,-1,-1,-1
2015200038145,1,9,0,9,0,4,0,0,0,0,3,1,6,3,-1,-1,-1,-1,-1,-1,-1,-1
2015200038145,2,3,0,9,0,4,0,0,0,0,4,1,6,1,21,5,125,1,-1,-1,1,-1
2015200038152,1,11,0,5,0,4,0,0,0,0,0,1,1,1,55,8,-1,-1,-1,-1,1,-1
2015200038156,1,9,0,5,0,0,0,0,1,0,1,1,6,1,18,4,1199,1,11,-1,1,-1
2015200038164,1,98,-1,-1,-1,0,-1,-1,-1,0,-1,1,6,1,-1,-1,-1,-1,-1,-1,-1,-1
2015200038164,2,9,-1,-1,-1,0,-1,-1,-1,0,-1,1,6,2,38,7,1242,1,-1,-1,1,-1
2015200038169,1,90,0,9,0,1,0,0,0,0,3,1,6,2,-1,-1,-1,-1,-1,-1,-1,-1
2015200038206,1,2,0,18,0,0,0,0,0,0,1,1,6,1,16,4,49,1,-1,-1,3,-1
2015200038206,2,9,0,2,0,0,0,0,0,0,2,1,6,2,45,7,1998,8,-1,-1,1,-1
2015200038216,1,98,0,18,2,0,0,0,0,0,4,1,1,1,65,9,2198,2,2,-1,1,-1
2015200038216,2,11,0,2,0,0,0,0,0,0,3,1,1,1,52,8,6696,2,1,-1,1,-1
2015200038232,1,9,0,9,0,5,1,11,0,0,1,1,6,1,16,4,1242,1,11,-1,1,-1
2015200038232,2,9,0,9,0,5,0,0,0,0,0,1,1,1,-1,-1,1956,2,3,-1,-1,-1
2015200038232,3,98,0,18,0,5,0,0,0,0,4,1,1,1,56,9,2496,2,18,-1,1,-1
2015200038234,1,9,0,1,0,0,0,0,0,0,2,1,6,1,62,9,1968,2,3,-1,1,-1
2015200038234,2,9,0,9,0,0,0,0,0,0,3,1,6,2,34,6,1998,1,9,-1,1,-1
2015200038235,1,9,0,1,0,0,0,0,0,0,2,1,6,3,-1,-1,1896,2,14,-1,-1,-1
2015200038235,2,9,0,4,0,0,0,0,0,0,1,1,1,1,40,7,2993,2,2,-1,3,-1
2015200038242,1,9,0,18,0,0,0,0,0,0,2,1,6,1,51,8,1986,1,24,-1,1,-1
2015200038242,2,9,0,18,0,0,0,0,0,0,1,1,6,2,25,5,875,1,3,-1,1,-1
2015200038282,1,9,0,9,0,6,1,4,0,0,1,1,6,1,-1,-1,1299,1,12,-1,-1,-1
2015200038282,2,9,0,18,0,8,0,0,0,0,3,1,1,1,34,6,-1,-1,-1,-1,1,-1
2015200038282,3,9,0,2,0,1,0,0,0,0,3,1,6,2,63,9,2149,2,8,-1,1,-1
2015200038312,1,9,0,7,0,0,0,0,0,0,1,1,6,3,-1,-1,1781,1,15,-1,-1,-1
2015200038312,2,9,0,18,0,0,0,0,0,0,3,1,6,2,50,8,1995,2,2,-1,1,-1
2015200038314,1,9,0,14,0,1,0,0,1,0,4,1,5,2,27,6,1686,2,10,-1,1,-1
2015200038315,1,9,0,18,0,0,0,0,0,0,1,1,6,2,27,6,998,1,16,-1,1,-1
2015200038315,2,9,0,9,0,0,0,0,0,0,4,1,6,1,26,6,1598,1,12,-1,1,-1
2015200038316,1,9,0,5,0,1,0,0,0,0,1,1,6,3,-1,-1,2198,1,12,-1,-1,-1
2015200038316,2,9,0,3,0,1,0,0,0,0,2,1,6,1,28,6,1242,1,3,-1,1,-1
2015200038318,1,9,0,2,0,0,0,0,0,0,0,1,1,1,40,7,1794,1,8,-1,1,-1
2015200038322,1,9,0,7,0,1,0,0,0,0,3,1,6,3,-1,-1,-1,-1,-1,-1,-1,-1
2015200038322,2,3,0,18,0,8,2,0,0,0,4,1,6,1,18,4,125,1,2,-1,1,-1
2015200038323,1,3,0,18,0,1,0,0,0,0,4,1,6,1,18,4,125,1,2,-1,1,-1
2015200038323,2,9,0,9,0,6,0,0,0,0,1,1,6,2,41,7,1598,1,8,-1,1,-1
2015200038327,1,9,0,7,0,0,0,0,0,0,1,1,6,1,-1,-1,2776,2,9,-1,1,-1
2015200038330,1,9,0,7,0,1,0,0,0,0,1,1,6,3,30,6,1360,1,12,-1,-1,-1
2015200038330,2,9,0,10,0,1,0,0,0,0,1,1,5,2,60,9,998,1,2,-1,1,-1
2015200038334,1,9,0,18,0,8,0,0,7,0,4,1,2,2,48,8,1398,1,2,-1,1,-1
2015200038334,2,9,0,18,0,8,0,0,0,0,1,1,2,2,42,7,2179,2,4,-1,1,-1
2015200038335,1,9,0,2,0,0,0,0,0,0,3,1,6,2,44,7,1598,1,9,-1,1,-1
2015200038335,2,1,0,18,0,0,0,0,0,0,1,1,6,1,15,3,-1,-1,-1,-1,1,-1
2015200038336,1,9,0,18,0,0,1,0,0,0,1,1,6,1,32,6,2400,2,4,-1,1,-1
2015200038336,2,9,0,9,0,0,1,0,1,2,1,1,6,1,76,11,973,1,14,-1,1,-1
2015200038347,1,9,0,5,0,4,0,0,0,0,1,1,6,1,43,7,1560,2,3,-1,1,-1
2015200038347,2,1,0,18,0,3,0,0,0,0,2,1,6,1,21,5,-1,-1,-1,-1,-1,-1
2015200038348,1,9,0,5,9,0,1,0,1,0,1,1,6,1,78,11,1590,1,10,-1,1,-1
2015200038349,1,9,0,18,0,0,0,0,0,0,4,1,6,1,72,10,1398,1,-1,-1,1,-1
2015200038350,1,9,0,18,0,0,0,0,0,0,1,1,6,2,55,8,1398,1,3,-1,1,-1
2015200038350,2,9,0,3,0,0,0,0,0,0,2,1,6,2,23,5,1596,1,5,-1,2,-1
2015200038357,1,-1,0,16,0,0,0,0,0,0,0,1,6,3,-1,-1,-1,-1,-1,-1,-1,-1
2015200038362,1,9,0,3,0,2,0,0,0,0,2,1,5,2,30,6,1995,2,10,-1,1,-1
2015200038362,2,9,0,18,0,2,0,0,0,0,1,1,6,1,30,6,1149,1,10,-1,-1,-1
2015200038368,1,9,0,5,0,1,0,0,0,0,1,1,6,1,39,7,1390,1,11,-1,1,-1
2015200038374,1,9,0,18,0,1,5,10,7,0,4,1,6,2,50,8,1199,1,1,-1,1,-1
2015200038374,2,9,0,18,0,1,0,0,0,0,1,1,6,1,34,6,2995,1,1,-1,1,-1
2015200038376,1,9,0,18,0,8,1,0,1,10,1,1,6,1,51,8,1598,1,10,-1,1,-1
2015200038376,2,9,0,10,0,5,0,0,0,0,4,1,6,1,52,8,1596,1,10,-1,1,-1
2015200038387,1,9,0,18,0,7,0,7,7,1,1,1,6,2,20,4,1388,1,10,-1,1,-1
2015200038399,1,9,0,18,0,8,0,0,0,0,1,1,6,1,60,9,1396,1,12,-1,1,-1
2015200038399,2,9,0,18,0,8,0,0,0,0,4,1,6,2,44,7,1197,1,3,-1,1,-1
2015200038403,1,9,0,5,0,8,0,0,0,0,4,1,1,1,58,9,1905,2,19,-1,2,-1
2015200038405,1,11,0,18,0,0,0,0,0,0,0,1,1,1,54,8,11970,2,12,-1,-1,-1
2015200038410,1,9,0,3,0,4,0,0,0,0,1,1,6,1,28,6,1984,1,5,-1,1,-1
2015200038414,1,98,0,18,0,4,0,0,0,0,1,1,1,1,49,8,1461,2,5,-1,1,-1
2015200038414,2,9,0,18,0,3,0,0,0,0,3,1,6,2,32,6,1598,1,5,-1,1,-1
2015200038415,1,9,0,18,0,0,0,0,0,0,1,1,6,2,66,10,1796,1,14,-1,1,-1
2015200038415,2,9,0,18,0,0,0,0,0,0,4,1,6,1,42,7,1242,1,2,-1,1,-1
2015200038417,1,9,0,18,0,0,0,0,0,0,1,1,6,3,-1,-1,-1,-1,-1,-1,-1,-1
2015200038428,1,9,0,5,0,1,0,0,0,0,1,1,6,3,-1,-1,1596,1,15,-1,-1,-1
2015200038428,2,9,0,5,0,1,0,0,0,0,4,1,2,1,31,6,2148,2,10,-1,1,-1
2015200038433,1,9,0,4,0,1,0,0,0,0,1,1,6,1,71,10,1596,1,6,-1,1,-1
2015200038433,2,98,0,3,0,1,0,0,0,0,2,1,6,1,55,8,2198,2,1,-1,1,-1
2015200038434,1,1,0,5,0,1,0,0,0,0,4,1,2,1,61,9,-1,-1,-1,-1,1,-1
2015200038434,2,9,0,5,0,4,0,0,0,0,1,1,2,1,51,8,1798,1,7,-1,1,-1
2015200038439,1,9,0,18,0,0,0,0,0,0,1,1,6,3,-1,-1,999,1,7,-1,-1,-1
2015200038447,1,9,0,18,0,0,0,0,0,0,1,1,6,2,-1,-1,1995,1,7,-1,-1,-1
2015200038447,2,9,0,4,0,0,0,0,0,0,2,1,6,1,19,4,1229,1,9,-1,1,-1
2015200038455,1,9,0,9,0,5,0,0,0,0,3,1,6,1,38,7,1598,1,8,-1,1,-1
2015200038455,2,3,0,18,0,1,2,0,0,0,1,1,6,1,21,5,124,1,2,-1,1,-1
2015200038461,1,5,0,18,0,0,1,0,0,0,0,1,6,1,45,7,599,1,5,-1,1,-1
2015200038467,1,9,0,18,0,8,0,0,0,0,1,1,6,1,29,6,1398,1,-1,-1,1,-1
2015200038467,2,9,0,18,0,8,0,7,7,0,4,1,1,1,22,5,998,1,-1,-1,1,-1
2015200038472,1,8,0,9,0,5,0,0,0,0,1,1,1,1,59,9,2231,2,8,-1,1,-1
2015200038473,1,9,0,5,0,1,0,10,0,0,3,1,2,1,25,5,998,1,8,-1,1,-1
2015200038473,2,9,0,18,0,8,0,0,0,0,1,1,6,2,55,8,1968,2,8,-1,1,-1
2015200038496,1,9,0,5,0,0,0,0,0,0,1,1,6,2,23,5,-1,-1,-1,-1,1,-1
2015200038496,2,9,0,5,0,0,0,0,0,0,2,1,6,2,33,6,1398,1,12,-1,1,-1
2015200038497,1,9,0,11,0,1,0,10,4,0,1,1,6,2,54,8,799,2,4,-1,1,-1
2015200038497,2,9,0,18,0,1,0,0,0,0,1,1,6,1,31,6,2000,2,9,-1,1,-1