Accident_Index,Vehicle_Reference,Vehicle_Type,Towing_and_Articulation,Vehicle_Manoeuvre,Vehicle_Location-Restricted_Lane,Junction_Location,Skidding_and_Overturning,Hit_Object_in_Carriageway,Vehicle_Leaving_Carriageway,Hit_Object_off_Carriageway,1st_Point_of_Impact,Was_Vehicle_Left_Hand_Drive?,Journey_Purpose_of_Driver,Sex_of_Driver,Age_of_Driver,Age_Band_of_Driver,Engine_Capacity_(CC),Propulsion_Code,Age_of_Vehicle,Driver_IMD_Decile,Driver_Home_Area_Type,Vehicle_IMD_Decile
2015200038504,1,9,0,18,2,4,0,0,0,0,1,1,6,3,-1,-1,998,1,7,-1,-1,-1
2015200038504,2,9,0,18,0,4,0,0,0,0,1,1,6,1,18,4,1229,1,5,-1,1,-1
2015200038507,1,9,0,7,0,0,0,0,0,0,1,1,6,1,19,4,1388,1,14,-1,1,-1
2015200038507,2,1,0,18,0,0,0,0,0,0,1,1,6,1,14,3,-1,-1,-1,-1,1,-1
2015200038509,1,9,0,4,0,1,0,0,0,0,1,1,6,1,28,6,1229,1,1,-1,1,-1
2015200038509,2,9,0,3,0,1,0,0,0,0,2,1,6,2,57,9,1597,2,-1,-1,1,-1
2015200038512,1,9,0,9,0,0,0,0,0,0,0,1,6,3,-1,-1,-1,-1,-1,-1,-1,-1
2015200038512,2,3,0,18,0,0,1,0,0,0,0,1,6,1,20,4,124,1,7,-1,1,-1
2015200038514,1,9,0,18,0,1,0,0,0,0,0,1,6,1,65,9,2401,2,12,-1,1,-1
2015200038521,2,9,0,9,0,0,0,0,0,0,1,1,6,1,-1,-1,1995,2,13,-1,1,-1
2015200038521,3,9,0,9,0,0,0,0,0,0,2,1,6,2,34,6,-1,-1,-1,-1,-1,-1
2015200038523,1,9,0,18,0,0,0,0,0,0,3,1,6,1,47,8,1240,1,12,-1,1,-1
2015200038523,2,9,0,18,0,0,0,0,0,0,4,1,6,1,44,7,1363,2,13,-1,1,-1
2015200038524,1,9,0,9,0,2,0,0,0,0,1,1,5,1,19,4,1242,1,14,-1,1,-1
2015200038524,2,9,0,17,0,8,0,0,7,0,3,1,5,2,39,7,1339,1,9,-1,1,-1
2015200038529,1,9,0,1,0,0,0,0,0,0,2,1,6,1,-1,-1,-1,-1,-1,-1,-1,-1
2015200038533,1,9,0,5,0,8,0,0,0,0,0,1,1,2,27,6,1242,1,11,-1,1,-1
2015200038533,2,9,0,18,0,8,0,0,0,0,1,1,1,1,37,7,1598,2,2,-1,1,-1
2015200038541,1,9,0,2,0,1,0,0,0,0,1,1,6,3,-1,-1,-1,-1,-1,-1,-1,-1
2015200038541,2,1,0,3,0,1,0,0,0,0,1,1,6,1,30,6,-1,-1,-1,-1,1,-1
2015200038546,1,9,0,5,0,1,0,0,0,0,1,1,6,2,35,6,1956,2,-1,-1,1,-1
2015200038546,2,9,0,18,0,1,0,0,0,0,1,1,6,2,73,10,1339,1,-1,-1,1,-1
2015200038550,1,1,0,9,0,0,0,0,0,0,1,1,2,1,19,4,-1,-1,-1,-1,1,-1
2015200038550,2,9,0,13,0,0,0,0,0,0,4,1,2,1,-1,-1,2792,1,15,-1,-1,-1
2015200038553,1,9,0,10,0,5,0,0,0,0,2,1,2,2,24,5,1124,1,11,-1,1,-1
2015200038553,2,9,0,4,0,5,0,0,0,0,1,1,6,3,-1,-1,1124,1,12,-1,-1,-1
2015200038554,1,9,0,7,0,5,0,0,0,0,2,1,1,1,23,5,1995,2,4,-1,1,-1
2015200038554,2,5,0,18,0,8,2,0,0,0,1,1,1,1,27,6,903,1,3,-1,1,-1
2015200038555,1,9,0,18,9,0,0,0,0,0,1,1,6,1,20,4,1995,2,6,-1,1,-1
2015200038558,1,9,0,18,0,0,0,0,0,0,1,1,6,1,23,5,1598,1,-1,-1,1,-1
2015200038558,2,9,0,18,0,0,0,0,0,0,1,1,3,2,37,7,1560,2,8,-1,1,-1
2015200038560,1,5,0,18,0,0,0,0,4,0,1,1,6,1,21,5,-1,-1,-1,-1,1,-1
2015200038560,2,5,0,18,0,0,5,0,1,10,3,1,6,1,20,4,899,1,17,-1,1,-1
2015200038560,3,9,0,7,0,0,0,0,0,0,4,1,2,1,35,6,2902,2,9,-1,1,-1
2015200038560,4,9,0,2,0,0,0,0,0,0,2,1,6,3,-1,-1,-1,-1,-1,-1,-1,-1
2015200038566,1,9,0,10,0,1,0,0,0,0,3,1,6,1,-1,-1,2993,2,4,-1,1,-1
2015200038566,2,9,0,1,0,1,0,0,0,0,4,1,6,1,48,8,-1,-1,-1,-1,1,-1
2015200038580,1,9,0,18,0,1,0,0,0,0,1,1,6,3,-1,-1,1998,2,10,-1,-1,-1
2015200038580,2,9,0,18,0,1,0,0,0,0,2,1,6,2,41,7,1796,1,11,-1,1,-1
2015200038583,1,9,0,14,0,8,0,0,0,0,3,1,6,2,-1,-1,1596,1,9,-1,1,-1
2015200038583,2,9,0,7,0,8,0,0,0,0,1,1,6,2,27,6,1560,2,5,-1,1,-1
2015200038591,1,9,0,18,0,8,0,10,2,0,1,1,6,1,33,6,1969,2,-1,-1,-1,-1
2015200038603,1,9,0,4,0,6,0,0,0,0,4,1,2,1,23,5,1242,1,1,-1,1,-1
2015200038603,2,19,0,18,0,1,0,0,0,0,3,1,1,1,50,8,2143,2,1,-1,1,-1
2015200038617,1,9,0,18,0,0,0,0,0,0,1,1,6,1,54,8,1390,1,11,-1,1,-1
2015200038623,1,9,0,16,0,6,0,0,0,0,1,1,6,2,53,8,1360,1,9,-1,1,-1
2015200038623,2,9,0,17,0,5,0,0,0,0,1,1,6,1,54,8,1390,1,15,-1,-1,-1
2015200038624,1,9,0,18,0,0,0,0,0,0,1,1,6,1,24,5,1499,2,-1,-1,1,-1
2015200038624,2,9,0,7,0,0,0,0,0,0,1,1,6,3,-1,-1,1998,1,16,-1,-1,-1
2015200038626,1,9,0,18,0,0,1,10,1,4,3,1,6,1,38,7,5000,1,6,-1,1,-1
2015200038627,1,9,0,1,0,0,0,0,0,0,2,1,6,1,-1,-1,1997,1,1,-1,-1,-1
2015200038627,2,9,0,2,0,0,0,0,0,0,4,1,6,1,47,8,1329,1,3,-1,1,-1
2015200038630,1,9,0,18,0,1,0,0,0,0,1,1,6,3,30,6,1598,2,-1,-1,-1,-1
2015200038630,2,9,0,18,0,1,0,0,0,0,2,1,2,1,55,8,2231,2,9,-1,3,-1
2015200038634,1,9,0,18,0,1,0,0,0,0,0,1,6,1,20,4,1995,2,9,-1,1,-1
2015200038638,1,9,0,8,0,1,0,0,0,0,1,1,6,2,36,7,1229,1,3,-1,1,-1
2015200038638,2,9,0,5,0,1,0,0,0,0,2,1,6,2,82,11,998,1,14,-1,1,-1
2015200038644,1,5,0,18,0,0,0,0,0,0,0,1,6,1,24,5,885,1,16,-1,1,-1
2015200038644,2,9,0,5,0,0,0,0,0,0,0,1,6,3,-1,-1,-1,-1,-1,-1,-1,-1
2015200038655,1,9,0,18,0,0,0,0,0,0,1,1,1,1,42,7,1997,1,12,-1,1,-1
2015200038665,1,9,0,1,0,1,0,0,0,0,2,1,6,3,-1,-1,1390,1,3,-1,-1,-1
2015200038665,2,9,0,10,0,6,0,0,0,0,1,1,6,1,48,8,1396,1,11,-1,1,-1
2015200038667,1,9,0,7,0,8,0,0,0,0,2,1,6,1,38,7,2143,2,-1,-1,1,-1
2015200038667,2,19,0,9,0,8,0,0,0,0,1,1,1,1,34,6,1996,2,5,-1,1,-1
2015200038672,1,9,0,18,0,2,1,7,4,0,3,1,6,2,25,5,1896,2,11,-1,1,-1
2015200038672,2,9,0,18,0,2,0,0,0,0,1,1,1,1,52,8,1997,2,6,-1,1,-1
2015200038694,1,9,0,18,0,1,0,0,0,0,0,1,6,2,29,6,1598,1,6,-1,1,-1
2015200038694,2,9,0,18,0,1,0,0,0,0,3,1,1,2,45,7,-1,-1,-1,-1,1,-1
2015200038715,1,9,0,18,0,0,0,0,0,0,0,1,6,1,71,10,1590,1,20,-1,1,-1
2015200038740,1,9,0,18,0,0,0,0,0,0,1,1,6,1,86,11,1998,1,18,-1,1,-1
2015200038740,2,9,0,18,0,0,0,0,0,0,1,1,6,1,71,10,2771,1,22,-1,3,-1
2015200038741,1,9,0,18,0,8,0,0,0,0,4,1,6,1,50,8,4398,1,11,-1,1,-1
2015200038741,2,9,0,18,0,8,0,0,0,0,1,1,6,1,-1,-1,-1,-1,-1,-1,-1,-1
2015200038742,1,9,0,7,0,8,0,0,0,0,1,1,2,2,22,5,1390,1,13,-1,1,-1
2015200038742,2,9,0,18,0,1,0,0,1,0,4,1,2,2,27,6,1398,2,5,-1,1,-1
2015200038743,1,9,0,9,0,1,0,0,0,0,0,1,6,1,-1,-1,1598,1,14,-1,-1,-1
2015200038743,2,1,0,18,0,8,0,10,3,0,0,1,2,2,60,9,-1,-1,-1,-1,1,-1
2015200038750,1,9,0,14,0,8,0,0,0,0,1,1,5,1,29,6,1896,2,7,-1,1,-1
2015200038750,2,9,0,10,0,8,0,0,0,0,3,1,5,1,33,6,1896,2,8,-1,1,-1
2015200038751,1,9,0,9,0,6,0,0,0,0,1,1,6,1,25,5,1200,1,3,-1,1,-1
2015200038752,1,11,0,18,0,8,0,0,0,0,1,1,1,1,36,7,7300,2,3,-1,1,-1
2015200038756,1,9,0,3,0,1,0,0,0,0,1,1,6,2,-1,-1,-1,-1,-1,-1,1,-1
2015200038756,2,9,0,3,0,1,0,0,0,0,2,1,2,1,57,9,1120,2,3,-1,1,-1
2015200038756,3,9,0,18,0,1,0,0,0,0,1,1,6,3,-1,-1,1389,1,15,-1,-1,-1
2015200038768,1,20,0,7,0,1,0,0,0,0,0,1,6,3,-1,-1,-1,-1,-1,-1,-1,-1
2015200038771,1,98,0,6,0,0,0,0,0,0,3,1,1,1,53,8,1870,2,11,-1,1,-1
2015200038771,2,9,0,18,0,0,0,0,0,0,1,1,1,1,43,7,1364,2,8,-1,1,-1
2015200038775,1,9,0,16,0,0,1,7,4,0,1,1,2,1,26,6,1248,1,2,-1,1,-1
2015200038777,1,9,0,18,0,0,0,4,7,0,1,1,6,1,23,5,1598,1,9,-1,1,-1
2015200038777,2,9,0,2,9,0,0,0,0,0,1,1,6,3,-1,-1,-1,-1,-1,-1,-1,-1
2015200038777,3,9,0,2,9,0,0,0,0,0,1,1,6,3,-1,-1,-1,-1,-1,-1,-1,-1
2015200038782,1,9,0,8,0,6,0,0,0,0,3,1,6,1,41,7,1995,2,1,-1,1,-1
2015200038782,2,9,0,18,0,1,0,0,0,0,1,1,6,2,65,9,1124,1,16,-1,-1,-1
2015200038782,3,9,0,18,0,1,0,0,0,0,3,1,6,1,38,7,2499,1,9,-1,2,-1
2015200038795,1,9,0,18,0,1,0,0,0,0,1,1,6,3,-1,-1,1600,1,11,-1,-1,-1
2015200038795,2,9,0,3,0,1,0,0,0,0,2,1,6,2,49,8,998,1,2,-1,1,-1
2015200038801,1,9,0,9,0,2,0,0,0,0,0,1,1,1,-1,-1,2993,2,2,-1,1,-1
2015200038801,2,9,0,9,0,2,0,10,2,0,1,1,6,1,16,4,1598,2,2,-1,1,-1
2015200038805,1,9,0,18,0,6,0,0,0,0,1,1,6,3,-1,-1,998,1,7,-1,-1,-1
2015200038805,2,9,0,18,0,1,0,0,0,0,2,1,6,1,42,7,1896,2,6,-1,1,-1
2015200038809,1,9,0,18,0,0,0,0,0,0,4,1,2,2,47,8,1995,2,2,-1,1,-1
2015200038809,2,98,0,6,0,0,0,0,0,0,3,1,1,1,51,8,1686,2,12,-1,-1,-1
2015200038818,1,9,0,18,0,0,0,0,0,0,1,1,6,2,26,6,1198,1,3,-1,1,-1
2015200038818,2,9,0,18,0,0,0,0,0,0,2,1,6,2,33,6,996,1,2,-1,1,-1
2015200038818,3,9,0,13,0,0,1,0,0,0,1,1,6,1,25,5,1149,1,7,-1,1,-1
2015200038829,1,9,0,18,0,4,0,10,3,0,1,1,6,1,34,6,1968,2,10,-1,1,-1
2015200038829,2,9,0,18,0,8,0,0,0,0,1,1,6,2,24,5,1598,1,13,-1,1,-1
2015200038830,1,9,0,9,0,6,0,0,0,0,2,1,6,1,71,10,1582,2,-1,-1,1,-1
2015200038830,2,1,0,18,0,1,0,0,0,0,1,1,6,3,-1,-1,-1,-1,-1,-1,-1,-1
2015200038841,1,9,0,10,0,2,0,0,0,0,1,1,6,1,87,11,1596,1,12,-1,1,-1
2015200038841,2,3,0,18,0,1,0,0,0,0,1,1,6,1,20,4,125,1,6,-1,1,-1
2015200038843,1,9,0,18,0,8,0,10,3,9,1,1,6,2,29,6,1240,1,9,-1,1,-1
2015200038843,2,9,0,5,0,1,0,7,1,1,3,1,6,2,44,7,998,1,14,-1,1,-1
2015200038846,1,9,0,9,0,6,0,0,0,0,0,1,6,3,-1,-1,-1,-1,-1,-1,-1,-1
2015200038846,2,9,0,18,0,8,0,0,0,0,0,1,6,2,24,5,1298,1,13,-1,1,-1
2015200038846,3,9,0,18,0,8,0,0,0,0,1,1,6,2,-1,-1,1242,1,5,-1,1,-1
2015200038850,1,9,0,9,0,3,1,0,0,0,1,1,6,1,19,4,1124,1,13,-1,1,-1
2015200038850,2,11,0,4,0,4,0,0,0,0,3,1,1,1,60,9,7300,2,3,-1,1,-1
2015200038887,1,9,0,18,0,0,0,0,0,0,1,1,6,1,-1,-1,1995,1,6,-1,-1,-1
2015200038887,2,9,0,3,0,0,0,0,0,0,2,1,6,2,46,8,1461,2,1,-1,1,-1
2015200038910,1,8,0,5,0,2,0,0,0,0,3,1,6,1,-1,-1,-1,-1,-1,-1,1,-1
2015200038913,1,9,0,9,0,5,0,0,0,0,1,1,6,2,-1,-1,2497,2,9,-1,1,-1
2015200038913,2,9,0,18,0,8,0,0,0,0,1,1,6,1,28,6,1896,2,10,-1,1,-1
2015200038917,1,9,0,12,0,8,0,0,0,0,1,1,6,3,-1,-1,-1,-1,-1,-1,-1,-1
2015200038917,2,9,0,18,0,8,0,0,0,0,1,1,6,1,30,6,-1,-1,-1,-1,1,-1
2015200038941,1,90,0,18,0,8,0,0,0,0,2,1,6,3,-1,-1,-1,-1,-1,-1,-1,-1
2015200038941,2,1,0,18,0,8,0,0,0,0,1,1,6,1,24,5,-1,-1,-1,-1,1,-1
2015200038950,1,9,0,15,0,0,0,0,0,0,1,1,6,1,29,6,1956,2,3,-1,1,-1
2015200038950,2,9,0,18,0,0,0,0,0,0,2,1,6,1,18,4,1248,2,9,-1,1,-1
2015200038950,3,9,0,2,0,0,0,0,0,0,3,1,6,1,35,6,1798,8,3,-1,1,-1
2015200038950,4,9,0,2,0,0,0,0,0,0,4,1,6,1,52,8,3498,1,7,-1,1,-1
2015200038963,1,9,0,18,0,1,0,0,0,0,1,1,6,1,-1,-1,2987,2,5,-1,1,-1
2015200038963,2,9,0,10,0,1,0,0,0,0,2,1,6,1,34,6,1198,1,4,-1,-1,-1
2015200038967,1,9,0,18,0,0,0,11,0,0,1,1,6,2,67,10,1598,2,-1,-1,1,-1
2015200038968,1,9,0,9,0,8,0,0,0,0,3,1,6,1,35,6,1390,1,12,-1,1,-1
2015200038968,2,8,0,9,0,8,0,0,0,0,4,1,6,1,51,8,2402,2,12,-1,1,-1
2015200038972,1,98,-1,9,0,0,0,0,0,0,1,1,6,1,-1,-1,9200,2,11,-1,-1,-1
2015200038972,2,9,0,16,0,0,0,0,0,0,3,1,6,2,70,10,1587,1,10,-1,3,-1
2015200038977,1,9,0,18,0,0,0,0,0,0,1,1,6,3,-1,-1,-1,-1,-1,-1,-1,-1
2015200038982,1,98,1,18,0,0,0,0,0,0,1,1,6,3,-1,-1,-1,-1,-1,-1,-1,-1
2015200038982,2,9,0,18,0,0,1,0,8,0,2,1,6,1,36,7,1769,1,10,-1,-1,-1
2015200038985,1,11,0,4,0,8,0,0,0,0,3,1,6,3,-1,-1,-1,-1,-1,-1,-1,-1
2015200038985,2,1,0,18,0,8,0,0,1,0,1,1,6,1,72,10,-1,-1,-1,-1,-1,-1
2015200038986,1,9,0,2,0,0,0,0,0,0,2,1,6,3,-1,-1,-1,-1,-1,-1,-1,-1
2015200038986,2,9,0,5,0,0,0,0,0,0,1,1,6,1,-1,-1,1390,1,10,-1,-1,-1
2015200038999,1,9,0,5,0,0,0,0,0,0,1,1,6,1,67,10,6750,1,28,-1,1,-1
2015200039000,1,1,0,9,0,0,0,0,0,0,3,1,6,2,33,6,-1,-1,-1,-1,1,-1
2015200039000,2,11,0,15,0,0,0,0,0,0,4,1,1,2,29,6,4461,2,2,-1,1,-1
2015200039007,1,9,0,5,0,1,0,0,0,0,4,1,6,1,-1,-1,1598,2,4,-1,1,-1
2015200039007,2,9,0,18,0,1,0,0,0,0,1,1,6,1,35,6,4367,2,1,-1,1,-1
2015200039010,1,9,0,18,0,2,0,0,0,0,1,1,1,1,46,8,1398,1,13,-1,1,-1
2015200039011,1,9,0,18,0,1,0,0,0,0,1,1,6,3,-1,-1,1229,1,10,-1,-1,-1
2015200039011,2,9,0,3,0,1,0,0,0,0,2,1,6,2,40,7,1968,2,-1,-1,1,-1
2015200039017,1,9,0,18,0,0,0,4,0,0,1,1,6,1,29,6,1968,2,1,-1,1,-1
2015200039017,2,9,0,2,0,0,0,0,0,0,2,1,6,1,44,7,1587,1,14,-1,1,-1
2015200039017,3,9,0,2,0,0,0,0,0,0,4,1,6,1,45,7,1422,2,11,-1,-1,-1
2015200039025,1,9,0,18,0,0,0,0,0,0,1,1,1,1,-1,-1,2494,1,11,-1,-1,-1
2015200039025,2,9,0,18,0,0,0,0,0,0,2,1,2,1,23,5,-1,-1,-1,-1,1,-1
2015200039042,1,9,0,18,0,0,0,0,0,0,4,1,3,2,31,6,1595,1,8,-1,1,-1
2015200039049,1,9,0,18,0,1,0,0,0,0,1,1,6,1,30,6,1364,2,8,-1,-1,-1
2015200039049,2,9,0,2,0,1,0,0,0,0,2,1,1,1,34,6,-1,-1,-1,-1,-1,-1
2015200039052,1,9,0,18,0,0,0,0,0,0,1,1,6,1,21,5,1910,2,9,-1,1,-1
2015200039052,2,19,0,1,0,0,0,0,0,0,2,1,1,1,27,6,2402,2,7,-1,1,-1
2015200039052,3,9,0,1,0,0,0,0,0,0,2,1,6,2,38,7,1968,2,7,-1,1,-1
2015200039071,1,8,0,9,0,1,0,0,0,0,1,1,6,3,-1,-1,-1,-1,-1,-1,-1,-1
2015200039071,2,9,0,18,0,1,0,0,0,0,1,1,6,2,24,5,1598,2,2,-1,1,-1
2015200039097,1,9,0,5,0,0,0,0,0,0,0,1,6,1,-1,-1,-1,-1,-1,-1,-1,-1
2015200039112,1,9,0,16,0,0,0,0,0,0,1,1,6,1,55,8,1364,1,8,-1,1,-1
2015200039112,2,9,0,17,0,0,0,0,0,0,3,1,6,1,34,6,998,1,16,-1,1,-1
2015200039123,1,9,0,5,0,2,0,0,0,0,1,1,6,3,30,6,1612,1,4,-1,-1,-1
2015200039126,1,9,0,5,0,6,0,0,0,0,1,1,6,2,30,6,1390,1,6,-1,1,-1
2015200039126,2,9,0,18,0,8,0,0,0,0,4,1,6,2,43,7,1242,1,6,-1,1,-1
2015200039128,1,97,0,18,9,6,0,0,0,0,1,1,6,3,-1,-1,-1,-1,-1,-1,-1,-1
2015200039145,1,9,0,18,0,1,0,0,0,0,1,1,6,3,-1,-1,-1,-1,-1,-1,-1,-1
2015200039147,1,9,0,9,0,0,0,0,0,0,3,1,1,1,22,5,998,1,-1,-1,1,-1
2015200039147,2,9,0,18,0,0,0,0,0,0,4,1,2,1,48,8,1398,2,12,-1,1,-1
2015200039150,1,9,0,9,0,6,0,0,0,0,3,1,6,1,46,8,1598,1,14,-1,1,-1
2015200039150,2,9,0,18,0,8,0,0,0,0,1,1,6,1,21,5,1390,1,6,-1,1,-1
2015200039158,1,98,0,18,0,0,0,0,0,0,2,1,6,3,-1,-1,-1,-1,-1,-1,-1,-1
2015200039158,2,1,0,18,0,0,0,0,0,0,1,1,6,1,-1,-1,-1,-1,-1,-1,1,-1
2015200039159,1,9,0,9,0,6,0,7,0,0,1,1,6,1,19,4,1968,2,2,-1,2,-1
2015200039165,1,9,0,18,0,0,0,0,0,0,1,1,6,2,30,6,1388,1,9,-1,1,-1
2015200039165,2,9,0,9,0,0,0,0,0,0,3,1,6,2,55,8,1360,1,14,-1,-1,-1
2015200039166,1,9,0,18,0,1,0,0,0,0,1,1,6,3,-1,-1,-1,-1,-1,-1,-1,-1
2015200039167,1,9,0,4,0,0,0,0,0,0,2,1,2,1,76,11,1392,1,20,-1,1,-1
2015200039167,2,9,0,4,0,0,0,0,0,0,1,1,6,2,41,7,1360,1,10,-1,1,-1
2015200039195,1,9,0,18,0,0,0,0,0,0,1,1,6,3,-1,-1,-1,-1,-1,-1,-1,-1
2015200039199,1,9,0,18,0,8,0,0,0,0,4,1,5,1,26,6,1560,2,4,-1,1,-1
2015200039199,2,1,0,18,0,1,0,0,0,0,1,1,5,1,16,4,-1,-1,-1,-1,1,-1
2015200039219,1,9,0,9,0,3,0,0,0,0,1,1,6,1,45,7,1497,8,9,-1,1,-1
2015200039219,2,9,0,5,0,4,0,0,0,0,4,1,6,1,-1,-1,1461,2,3,-1,1,-1
2015200039226,1,9,0,9,0,8,0,0,0,0,1,1,6,1,31,6,2231,2,9,-1,-1,-1
2015200039228,1,9,0,5,0,8,0,0,0,0,1,1,1,1,45,7,1796,1,6,-1,1,-1
2015200039228,2,1,0,18,0,1,0,0,0,0,1,1,2,1,56,9,-1,-1,-1,-1,1,-1
2015200039247,1,9,0,18,0,0,1,0,1,1,1,1,6,1,25,5,1995,2,2,-1,1,-1
2015200039248,1,98,0,18,0,0,0,0,0,0,1,1,6,1,42,7,1499,2,-1,-1,1,-1
2015200039248,2,9,0,18,0,0,0,0,0,0,2,1,6,1,43,7,1910,2,7,-1,1,-1
2015200039248,3,9,0,18,0,0,0,0,0,0,4,1,1,1,37,7,2231,2,7,-1,1,-1
2015200039249,1,9,0,5,0,1,0,0,0,0,4,1,2,1,39,7,-1,-1,-1,-1,1,-1
2015200039261,1,11,0,7,0,2,0,0,0,0,0,1,1,3,-1,-1,-1,-1,-1,-1,-1,-1
2015200039275,1,9,0,3,0,4,0,0,0,0,1,1,6,1,42,7,1560,2,11,-1,1,-1
2015200039275,2,9,0,3,0,4,0,0,0,0,2,1,6,2,44,7,1598,1,14,-1,1,-1
2015200039279,1,98,0,17,0,8,0,0,0,0,1,1,1,1,47,8,7146,2,9,-1,3,-1
2015200039286,1,9,0,18,0,0,0,0,0,0,1,1,6,1,56,9,1590,1,14,-1,1,-1
2015200039286,2,22,0,18,0,0,0,0,0,0,1,1,6,2,-1,-1,-1,-1,-1,-1,-1,-1
2015200039290,1,90,0,18,0,0,0,0,0,0,4,1,6,1,55,8,-1,-1,-1,-1,1,-1
2015200039307,1,9,0,18,0,0,0,0,0,0,1,1,6,3,-1,-1,1749,1,13,-1,-1,-1
2015200039307,2,90,0,3,0,0,0,0,0,0,2,1,6,1,65,9,-1,-1,-1,-1,1,-1
2015200039314,1,9,0,9,0,8,1,0,0,0,4,1,6,1,30,6,1781,1,11,-1,-1,-1
2015200039314,2,9,0,18,0,8,1,0,0,0,1,1,5,1,21,5,1910,2,8,-1,1,-1
2015200039362,1,9,0,18,0,4,1,0,7,2,4,1,6,1,21,5,1149,1,11,-1,1,-1
2015200039365,1,98,0,9,0,0,0,0,0,0,1,1,6,1,-1,-1,1248,2,1,-1,-1,-1
2015200039365,2,9,0,7,0,0,0,0,0,0,1,1,6,2,45,7,1995,2,5,-1,1,-1
2015200039374,1,9,0,18,0,2,0,0,0,0,1,1,6,1,40,7,1896,2,9,-1,1,-1
2015200039392,1,9,0,18,0,0,0,0,0,0,4,1,6,1,24,5,2979,1,13,-1,1,-1
2015200039392,2,9,0,18,0,0,0,0,0,0,1,1,6,1,26,6,1998,2,14,-1,1,-1
2015200039398,1,9,0,9,0,8,0,0,0,0,0,1,6,1,46,8,1598,1,14,-1,1,-1
2015200039398,2,3,0,18,0,8,0,0,0,0,0,1,6,1,35,6,124,1,1,-1,1,-1
2015200039493,1,9,0,18,0,0,0,0,0,0,1,1,6,1,31,6,-1,-1,-1,-1,1,-1
2015200039493,2,9,0,4,0,0,0,0,0,0,1,1,6,2,20,4,1598,1,10,-1,1,-1
2015200039493,3,9,0,4,0,0,0,0,0,0,2,1,6,2,25,5,998,1,14,-1,1,-1
2015200039511,1,9,0,18,0,4,0,0,0,0,1,1,6,2,47,8,1398,1,3,-1,1,-1
2015200039511,2,9,0,9,0,4,0,0,0,0,3,1,6,1,45,7,1956,2,4,-1,1,-1
2015200039518,1,9,0,18,0,4,0,0,0,0,1,1,6,2,-1,-1,1248,2,8,-1,-1,-1
2015200039518,2,9,0,18,0,3,0,0,0,0,4,1,6,2,27,6,1390,1,11,-1,1,-1
2015200039521,1,9,0,5,0,0,0,0,0,0,1,1,6,1,28,6,1398,1,11,-1,1,-1
2015200039521,2,9,0,5,0,0,0,0,0,0,2,1,6,1,23,5,1299,1,13,-1,1,-1
2015200039523,1,9,0,13,0,8,0,0,0,0,4,1,2,1,29,6,-1,-1,-1,-1,1,-1
2015200039523,2,9,0,9,0,5,0,0,0,0,3,1,1,1,42,7,1997,2,7,-1,1,-1
2015200039529,1,9,0,18,0,3,0,0,0,0,1,1,6,3,-1,-1,1997,2,10,-1,-1,-1
2015200039529,2,9,0,3,0,3,0,0,0,0,0,1,2,1,34,6,1968,2,8,-1,1,-1
2015200039549,1,9,0,4,0,2,0,0,0,0,1,1,6,3,-1,-1,1596,1,3,-1,-1,-1
2015200039549,2,9,0,3,0,2,0,0,0,0,2,1,6,2,24,5,1398,2,8,-1,1,-1
2015200039556,1,9,0,18,0,3,0,0,0,0,1,1,6,2,32,6,1896,2,7,-1,1,-1
2015200039556,2,9,0,18,0,4,0,0,3,0,1,1,6,1,29,6,1968,2,9,-1,1,-1
2015200039564,1,9,0,18,0,1,0,0,0,0,1,1,6,2,56,9,1388,1,8,-1,1,-1
2015200039564,2,9,0,18,0,1,0,0,0,0,1,1,6,2,52,8,1582,2,3,-1,1,-1
2015200039568,1,9,0,16,0,0,0,0,0,0,1,1,6,3,-1,-1,1360,1,17,-1,-1,-1
2015200039568,2,8,0,17,0,0,0,0,0,0,3,1,1,1,54,8,2143,2,5,-1,1,-1
2015200039577,1,9,0,7,0,8,0,0,0,0,3,1,6,1,27,6,1796,1,15,-1,1,-1
2015200039577,2,9,0,5,0,8,0,0,0,0,1,1,6,1,40,7,1997,2,-1,-1,1,-1
2015200039577,3,9,0,5,0,8,0,0,0,0,4,1,6,2,19,4,1496,2,-1,-1,1,-1
2015200039604,1,9,0,14,0,0,0,0,0,0,0,1,6,1,56,9,1598,2,1,-1,1,-1
2015200039606,1,9,0,18,0,3,0,0,0,0,1,1,6,3,-1,-1,-1,-1,-1,-1,-1,-1
2015200039608,1,9,0,18,0,1,0,0,0,0,1,1,6,1,33,6,1360,1,8,-1,1,-1
2015200039608,2,1,0,18,0,1,0,0,0,0,4,1,6,1,51,8,-1,-1,-1,-1,1,-1
2015200039627,1,9,0,18,0,1,1,0,0,0,1,1,6,1,15,3,1679,1,14,-1,1,-1
2015200039627,2,9,0,3,0,1,0,0,0,0,2,1,6,1,33,6,1988,1,13,-1,1,-1
2015200039631,1,9,0,9,0,6,0,0,0,0,4,1,6,2,48,8,1341,1,11,-1,1,-1
2015200039631,2,5,0,18,0,8,0,0,0,0,4,1,6,1,58,9,675,1,-1,-1,1,-1
2015200039632,1,9,0,18,0,6,0,0,0,0,1,1,6,1,23,5,1984,1,4,-1,1,-1
2015200039634,1,-1,0,18,0,0,0,0,0,0,1,1,6,3,-1,-1,-1,-1,-1,-1,-1,-1