Accident_Index,Vehicle_Reference,Vehicle_Type,Towing_and_Articulation,Vehicle_Manoeuvre,Vehicle_Location-Restricted_Lane,Junction_Location,Skidding_and_Overturning,Hit_Object_in_Carriageway,Vehicle_Leaving_Carriageway,Hit_Object_off_Carriageway,1st_Point_of_Impact,Was_Vehicle_Left_Hand_Drive?,Journey_Purpose_of_Driver,Sex_of_Driver,Age_of_Driver,Age_Band_of_Driver,Engine_Capacity_(CC),Propulsion_Code,Age_of_Vehicle,Driver_IMD_Decile,Driver_Home_Area_Type,Vehicle_IMD_Decile
2015200039702,1,9,0,18,0,3,0,0,0,0,1,1,6,1,-1,-1,1968,2,9,-1,-1,-1
2015200039702,2,9,0,3,0,3,0,0,0,0,2,1,6,2,36,7,1400,1,10,-1,1,-1
2015200039702,3,9,0,3,0,8,0,0,0,0,1,1,6,1,-1,-1,1560,2,-1,-1,1,-1
2015200039711,1,98,0,18,0,0,0,4,0,0,1,1,6,1,25,5,1870,2,10,-1,1,-1
2015200039711,2,9,0,3,9,0,0,0,0,0,3,1,6,1,33,6,2495,2,11,-1,1,-1
2015200039711,3,10,0,18,0,0,0,0,0,0,1,1,1,1,43,7,2494,2,12,-1,1,-1
2015200039728,1,9,0,18,0,1,0,0,0,0,1,1,6,1,24,5,1995,2,9,-1,1,-1
2015200039728,2,9,0,9,0,1,0,0,0,0,2,1,6,2,52,8,1299,1,12,-1,1,-1
2015200039762,1,9,0,5,0,8,0,0,0,0,1,1,6,1,39,7,1685,2,2,-1,1,-1
2015200039762,2,9,0,5,0,8,0,0,0,0,3,1,6,1,59,9,1198,1,3,-1,1,-1
2015200039768,1,9,0,18,0,4,0,0,0,0,1,1,1,2,28,6,1989,1,15,-1,1,-1
2015200039768,2,9,0,18,0,4,0,0,0,0,4,1,6,1,35,6,1598,1,12,-1,1,-1
2015200039768,3,9,0,18,0,4,0,0,0,0,1,1,6,2,27,6,1242,1,1,-1,1,-1
2015200039841,1,9,0,4,0,0,0,0,0,0,3,1,6,1,-1,-1,1598,1,16,-1,1,-1
2015200039841,2,9,0,4,0,0,0,0,0,0,4,1,6,2,27,6,1368,1,9,-1,1,-1
2015200039852,1,9,0,7,0,5,0,0,0,0,1,1,6,1,51,8,1596,1,13,-1,1,-1
2015200039855,1,9,0,18,0,1,0,0,0,0,1,1,6,3,-1,-1,1149,1,13,-1,-1,-1
2015200039855,2,9,0,3,0,1,0,0,0,0,2,1,6,1,-1,-1,998,1,16,-1,1,-1
2015200039884,1,9,0,18,0,8,0,0,0,0,1,1,6,1,27,6,1598,1,8,-1,1,-1
2015200039884,2,9,0,18,0,8,0,0,0,0,4,1,6,1,38,7,1896,2,8,-1,1,-1
2015200039884,3,9,0,18,0,1,0,0,0,0,0,1,1,1,-1,-1,2993,2,2,-1,1,-1
2015200039886,1,9,0,18,0,0,0,0,0,0,4,1,6,1,54,8,2688,2,13,-1,1,-1
2015200039914,1,9,0,6,0,8,0,0,0,0,0,1,5,2,33,6,1248,2,5,-1,1,-1
2015200039964,1,9,0,18,0,0,0,0,5,0,2,1,5,1,58,9,1390,1,5,-1,1,-1
2015200039964,2,98,1,18,0,0,0,0,0,0,1,1,1,1,-1,-1,-1,-1,-1,-1,-1,-1
2015200039997,1,9,0,18,0,0,0,0,0,0,1,1,6,1,75,10,1753,2,12,-1,1,-1
2015200040028,1,9,0,18,0,8,0,0,0,0,1,1,5,2,54,8,998,1,2,-1,1,-1
2015200040028,2,9,0,18,0,8,0,0,0,0,2,1,5,1,48,8,1390,1,4,-1,1,-1
2015200040032,1,9,0,18,0,4,0,0,0,0,1,1,6,1,75,10,599,2,5,-1,1,-1
2015200040032,2,9,0,18,0,4,0,0,0,0,2,1,6,1,32,6,2494,1,13,-1,1,-1
2015200040109,1,98,0,3,0,1,0,0,0,0,1,1,6,3,30,6,-1,-1,-1,-1,-1,-1
2015200040109,2,9,0,3,0,1,0,0,0,0,2,1,5,2,68,10,1595,1,2,-1,1,-1
2015200040147,1,9,0,9,0,2,0,0,0,0,1,1,6,1,37,7,4398,1,11,-1,-1,-1
2015200040193,1,9,0,18,0,0,5,7,1,2,1,1,5,1,22,5,1599,1,12,-1,1,-1
2015200040343,1,9,0,5,0,3,0,0,0,0,1,1,1,2,70,10,1598,7,14,-1,1,-1
2015200040343,2,1,0,5,0,3,0,0,0,0,1,1,1,1,54,8,-1,-1,-1,-1,1,-1
2015200040403,1,9,0,5,0,0,0,0,0,0,1,1,6,3,-1,-1,1956,2,1,-1,-1,-1
2015200040403,2,9,0,18,0,0,0,0,0,0,3,1,6,1,57,9,1794,1,8,-1,1,-1
2015200040433,1,9,-1,-1,-1,0,-1,-1,-1,0,-1,1,6,1,37,7,-1,-1,-1,-1,-1,-1
2015200040433,2,9,-1,-1,-1,0,-1,-1,-1,0,-1,1,6,1,58,9,2720,2,8,-1,-1,-1
2015200040450,1,9,0,18,0,8,0,0,0,0,1,1,6,1,21,5,998,1,14,-1,2,-1
2015200040450,2,1,0,18,0,6,0,0,0,0,1,1,6,1,21,5,-1,-1,-1,-1,1,-1
2015200040471,1,9,0,18,0,4,0,0,0,0,4,1,2,1,35,6,1686,2,4,-1,1,-1
2015200040471,2,1,0,18,0,8,0,0,0,0,1,1,6,1,53,8,-1,-1,-1,-1,1,-1
2015200040542,1,9,0,18,0,8,0,0,0,0,4,1,2,1,59,9,-1,-1,-1,-1,1,-1
2015200040578,1,9,0,18,0,8,0,0,3,10,1,1,6,1,27,6,1598,1,9,-1,1,-1
2015200040578,2,9,0,18,0,8,0,0,0,0,1,1,6,1,43,7,1870,2,15,-1,1,-1
2015200040588,1,9,0,1,6,0,0,0,0,0,2,1,1,1,39,7,2967,2,3,-1,1,-1
2015200040600,1,9,0,15,0,0,1,10,1,2,3,1,6,1,27,6,1910,2,9,-1,3,-1
2015200040600,2,9,0,18,0,0,0,0,0,0,4,1,1,2,28,6,1197,1,-1,-1,1,-1
2015200040620,1,9,0,18,0,0,0,0,0,0,1,1,6,1,26,6,1997,2,13,-1,1,-1
2015200040620,2,9,0,3,0,0,0,0,0,0,2,1,6,2,27,6,1200,1,-1,-1,1,-1
2015200040620,3,9,0,3,0,0,0,0,0,0,2,1,6,2,29,6,1242,1,1,-1,1,-1
2015200040620,4,9,0,3,0,0,0,0,0,0,2,1,6,1,40,7,2199,2,4,-1,1,-1
2015200040625,1,9,0,18,0,0,0,0,0,0,1,1,6,3,-1,-1,-1,-1,-1,-1,-1,-1
2015200040625,2,9,0,18,0,0,0,0,0,0,1,1,6,3,-1,-1,-1,-1,-1,-1,-1,-1
2015200040649,1,9,0,3,0,1,0,0,0,0,0,1,1,1,52,8,1896,2,17,-1,1,-1
2015200040649,2,9,0,18,0,1,0,0,0,0,1,1,1,2,45,7,1242,1,2,-1,1,-1
2015200040658,1,9,0,18,0,0,0,0,0,0,3,1,5,1,48,8,1749,1,10,-1,1,-1
2015200040658,2,9,0,5,8,0,0,0,0,0,4,1,6,3,30,6,1968,2,8,-1,-1,-1
2015200040693,1,9,0,18,0,0,0,0,0,0,1,1,2,1,60,9,1422,2,6,-1,1,-1
2015200040693,2,1,0,18,0,0,0,0,0,0,1,1,6,1,22,5,-1,-1,-1,-1,1,-1
2015200040719,1,2,0,18,0,1,0,0,0,0,3,1,5,2,30,6,49,1,1,-1,-1,-1
2015200040719,2,9,0,9,0,1,0,0,0,0,3,1,5,1,65,9,1798,1,6,-1,1,-1
2015200040739,1,9,0,18,0,2,0,0,0,0,1,1,6,3,30,6,-1,-1,-1,-1,-1,-1
2015200040740,1,9,0,4,0,8,0,0,0,0,1,1,6,1,-1,-1,-1,-1,-1,-1,-1,-1
2015200040740,2,9,0,4,0,8,0,0,0,0,2,1,6,1,54,8,2151,2,13,-1,1,-1
2015200040763,1,9,0,18,9,1,1,7,0,0,1,1,6,1,21,5,1999,1,1,-1,1,-1
2015200040784,1,9,0,1,0,0,0,0,0,0,2,1,6,1,66,10,998,1,3,-1,1,-1
2015200040826,1,9,0,9,0,5,0,0,0,0,3,1,6,1,24,5,2354,1,11,-1,1,-1
2015200040826,2,9,0,13,0,8,0,0,0,0,1,1,6,1,-1,-1,1200,1,-1,-1,1,-1
2015200040835,1,8,0,18,0,0,0,0,0,0,1,1,1,1,50,8,1998,2,7,-1,1,-1
2015200040842,1,9,0,18,0,8,0,0,0,0,1,1,6,2,35,6,1198,1,4,-1,1,-1
2015200040842,2,9,0,18,0,6,0,0,0,0,4,1,6,2,56,9,2987,2,8,-1,1,-1
2015200040854,1,9,0,18,0,0,0,0,0,0,1,1,6,3,-1,-1,-1,-1,-1,-1,-1,-1
2015200040854,2,9,0,18,0,0,0,0,0,0,1,1,2,2,20,4,1124,1,9,-1,1,-1
2015200040882,1,9,0,18,0,4,0,0,0,0,4,1,1,1,46,8,1896,2,10,-1,-1,-1
2015200040882,2,9,0,18,0,4,0,0,0,0,1,1,6,3,-1,-1,1968,2,5,-1,1,-1
2015200040886,1,9,0,18,0,0,0,0,0,0,1,1,6,1,41,7,796,1,8,-1,1,-1
2015200040891,1,9,0,9,0,5,0,0,0,0,1,1,5,1,70,10,1242,1,7,-1,1,-1
2015200041006,1,9,0,9,0,5,0,0,0,0,1,1,1,1,36,7,1968,2,5,-1,1,-1
2015200041006,2,1,0,13,0,8,0,10,0,0,1,1,6,1,13,3,-1,-1,-1,-1,-1,-1
2015200041025,1,9,0,7,0,4,0,0,0,0,1,1,1,2,44,7,1896,2,13,-1,1,-1
2015200041025,2,1,0,18,0,4,0,0,0,0,4,1,1,2,-1,-1,-1,-1,-1,-1,1,-1
2015200041032,1,9,0,9,0,5,0,0,0,0,1,1,6,2,38,7,1587,1,12,-1,-1,-1
2015200041032,2,9,0,18,0,8,1,0,0,0,4,1,1,1,30,6,1956,2,-1,-1,1,-1
2015200041033,1,9,0,18,0,4,0,0,0,0,3,1,6,1,28,6,1998,1,3,-1,1,-1
2015200041033,2,9,0,18,0,4,0,0,0,0,1,1,6,2,50,8,1988,1,11,-1,1,-1
2015200041046,1,9,0,18,0,2,0,10,4,0,4,1,6,2,24,5,1995,2,5,-1,3,-1
2015200041095,1,9,0,5,0,0,0,0,0,0,1,1,6,1,32,6,1242,1,19,-1,1,-1
2015200041095,2,9,0,3,0,0,0,0,0,0,1,1,1,1,50,8,1587,1,11,-1,1,-1
2015200041127,1,9,0,18,0,0,0,0,0,0,1,1,6,1,24,5,1995,2,9,-1,1,-1
2015200041127,2,8,0,18,0,0,0,0,0,0,1,1,1,1,42,7,-1,-1,-1,-1,1,-1
2015200041127,3,9,0,18,0,0,0,0,0,0,0,1,1,1,-1,-1,2993,2,1,-1,-1,-1
2015200041166,1,9,0,5,0,2,0,0,0,0,4,1,6,1,17,4,973,1,12,-1,1,-1
2015200041166,2,9,0,18,0,1,0,0,1,0,1,1,6,1,56,9,1995,2,10,-1,1,-1
2015200041249,1,9,0,4,0,1,0,0,0,0,1,1,1,1,32,6,-1,-1,-1,-1,1,-1
2015200041249,2,1,0,18,0,1,0,0,0,0,4,1,1,1,35,6,-1,-1,-1,-1,1,-1
2015200041284,1,9,0,18,0,3,0,10,7,0,1,1,6,1,17,4,998,1,16,-1,1,-1
2015200041284,2,9,0,18,0,1,0,0,0,0,0,1,1,1,-1,-1,-1,-1,-1,-1,1,-1
2015200041517,1,9,0,9,0,8,1,0,0,0,1,1,6,2,19,4,1242,1,6,-1,1,-1
2015200041517,2,9,0,18,0,1,1,10,1,10,4,1,2,1,46,8,1560,2,3,-1,1,-1
2015200041566,1,9,-1,-1,-1,-1,0,0,0,0,-1,1,6,1,25,5,1995,2,8,-1,1,-1
2015200041566,2,9,-1,-1,-1,-1,-1,-1,-1,0,-1,1,6,1,26,6,-1,-1,-1,-1,-1,-1
2015200041712,1,9,0,18,0,0,0,0,0,0,1,1,6,3,-1,-1,1762,1,15,-1,-1,-1
2015200041712,2,9,0,4,0,0,0,0,0,0,2,1,6,1,41,7,1598,2,4,-1,1,-1
2015200041733,1,9,0,5,0,1,0,0,0,0,1,1,6,1,59,9,1686,2,7,-1,1,-1
2015200041733,2,9,0,9,0,1,0,0,0,0,2,1,6,1,-1,-1,-1,-1,-1,-1,1,-1
2015200041762,1,9,0,18,0,0,0,7,4,4,1,1,6,1,17,4,2143,2,1,-1,-1,-1
2015200041762,2,9,0,18,0,0,0,0,0,0,0,1,1,1,-1,-1,2993,2,2,-1,-1,-1
2015200041927,1,3,0,18,0,1,0,0,0,0,1,1,1,1,19,4,124,1,12,-1,1,-1
2015200041927,2,9,0,10,0,1,0,0,0,0,2,1,1,3,31,6,1364,2,2,-1,1,-1
2015200041931,1,9,0,18,0,8,0,0,1,10,1,1,6,2,58,9,1598,1,11,-1,1,-1
2015200041931,2,9,0,18,0,8,0,0,4,0,1,1,6,2,74,10,1461,2,11,-1,1,-1
2015200041948,1,9,0,-1,0,0,-1,0,0,0,2,1,6,2,47,8,1582,2,1,-1,-1,-1
2015200041948,2,9,-1,-1,-1,0,-1,-1,-1,0,-1,1,6,1,60,9,1749,1,13,-1,1,-1
2015200041996,1,9,0,9,0,5,0,0,0,0,3,1,6,2,38,7,998,1,8,-1,1,-1
2015200041996,2,9,0,4,0,8,0,0,0,0,1,1,6,1,31,6,1896,2,10,-1,1,-1
2015200042019,1,9,0,18,0,0,0,0,0,0,1,1,6,1,79,11,1587,1,12,-1,1,-1
2015200042103,1,9,0,5,0,0,0,10,1,10,1,1,6,3,-1,-1,1998,2,14,-1,-1,-1
2015200042103,2,9,0,18,0,0,0,0,0,0,1,1,6,1,69,10,2204,2,10,-1,1,-1
2015200042103,3,9,0,18,0,0,0,0,0,0,0,1,1,1,-1,-1,1968,2,1,-1,-1,-1
2015200042256,1,9,0,18,0,0,0,0,0,0,0,1,6,2,28,6,1598,2,-1,-1,1,-1
2015200042260,1,9,0,1,0,0,0,0,0,0,2,1,1,1,31,6,1910,2,8,-1,1,-1
2015200042261,1,9,0,9,0,6,0,0,0,0,1,1,6,2,32,6,1198,1,10,-1,1,-1
2015200042261,2,9,0,18,0,8,0,0,0,0,4,1,6,1,53,8,-1,-1,-1,-1,1,-1
2015200042331,1,9,0,15,0,0,1,10,1,0,1,1,6,1,23,5,1997,1,2,-1,1,-1
2015200042331,2,9,0,18,0,0,1,10,1,0,1,1,6,1,24,5,1997,2,5,-1,1,-1
2015200042448,1,98,0,9,0,6,0,0,0,0,4,1,1,1,43,7,1968,2,-1,-1,1,-1
2015200042448,2,3,0,18,0,8,0,0,0,0,1,1,2,2,25,5,124,1,7,-1,1,-1
2015200042510,1,9,0,17,0,0,1,0,0,0,1,1,6,1,33,6,3301,7,14,-1,1,-1
2015200042510,2,21,1,18,0,0,0,1,0,0,1,1,1,1,56,9,12777,2,3,-1,1,-1
2015200042727,1,8,0,18,0,8,0,0,0,0,1,1,1,1,36,7,1896,2,7,-1,1,-1
2015200042727,2,9,0,9,0,5,0,0,0,0,1,1,2,2,40,7,2231,2,8,-1,1,-1
2015200042781,1,97,0,18,0,8,1,0,0,0,1,1,6,1,27,6,-1,-1,-1,-1,1,-1
2015200042781,2,9,0,5,0,6,0,0,0,0,3,1,6,1,53,8,1956,2,1,-1,3,-1
2015200042809,1,9,0,4,0,0,0,0,0,0,1,1,6,1,59,9,-1,-1,-1,-1,1,-1
2015200042809,2,9,0,4,0,0,0,0,0,0,2,1,6,1,35,6,1968,2,4,-1,1,-1
2015200042859,1,9,0,18,0,0,0,0,0,0,0,1,6,3,-1,-1,1995,2,9,-1,-1,-1
2015200042874,1,9,0,18,0,0,2,4,0,0,1,1,6,2,19,4,1229,1,1,-1,1,-1
2015200042874,2,9,0,2,0,0,0,0,0,0,1,1,6,1,35,6,1988,1,16,-1,1,-1
2015200042874,3,9,0,18,0,0,0,0,0,0,1,1,6,1,29,6,1995,2,7,-1,1,-1
2015200042877,1,9,0,13,0,2,0,0,0,0,1,1,6,1,25,5,1995,2,8,-1,1,-1
2015200042877,2,9,0,5,0,1,0,0,0,0,1,1,1,1,44,7,1896,2,12,-1,1,-1
2015200042877,3,9,0,18,0,1,0,0,0,0,1,1,1,1,50,8,1995,2,10,-1,1,-1
2015200043502,1,9,0,4,0,0,-1,-1,0,0,1,1,6,2,-1,-1,1242,1,3,-1,-1,-1
2015200043502,2,9,0,4,0,0,-1,-1,0,0,2,1,6,2,37,7,1598,1,4,-1,-1,-1
2015200043666,1,9,0,18,0,4,0,0,0,0,1,1,6,1,41,7,1749,1,10,-1,1,-1
2015200043666,2,9,0,8,0,1,0,0,0,0,3,1,6,2,23,5,-1,-1,-1,-1,1,-1
2015200043780,1,9,0,9,0,6,0,0,0,0,1,1,2,1,29,6,1360,1,11,-1,1,-1
2015200043780,2,9,0,5,0,8,0,0,0,0,4,1,2,1,56,9,1896,2,8,-1,-1,-1
2015200043861,1,9,0,18,0,0,1,0,0,0,3,1,6,1,19,4,1198,1,12,-1,-1,-1
2015200043898,1,9,0,18,0,2,0,0,0,0,1,1,6,3,-1,-1,2993,2,8,-1,-1,-1
2015200044054,1,9,0,18,0,0,0,0,0,0,1,1,1,1,37,7,1995,2,10,-1,1,-1
2015200044092,1,8,0,5,0,1,0,0,0,0,3,1,1,1,49,8,2499,2,5,-1,1,-1
2015200044248,1,9,0,18,0,8,0,0,0,0,1,1,5,1,57,9,1999,1,6,-1,1,-1
2015200044248,2,9,0,9,0,5,0,0,0,0,2,1,5,1,49,8,1896,2,8,-1,1,-1
2015200044272,1,9,0,9,0,4,0,0,0,0,1,1,6,1,17,4,1242,1,12,-1,1,-1
2015200044272,2,9,0,9,0,3,0,0,0,0,3,1,5,2,29,6,1242,1,-1,-1,1,-1
2015200044275,1,9,0,4,0,0,0,0,0,0,2,1,6,3,-1,-1,-1,-1,-1,-1,-1,-1
2015200044275,2,98,0,3,0,0,0,0,0,0,0,1,1,1,31,6,-1,-1,-1,-1,-1,-1
2015200044293,1,9,0,18,0,0,0,0,0,0,1,1,2,2,63,9,1149,1,11,-1,1,-1
2015200044293,2,9,0,2,0,0,0,0,0,0,3,1,6,3,-1,-1,-1,-1,-1,-1,-1,-1
2015200044324,1,9,0,18,0,0,0,0,0,0,1,1,5,1,56,9,1398,2,5,-1,1,-1
2015200044359,1,9,0,18,0,8,0,0,0,0,3,1,2,2,38,7,1396,2,-1,-1,1,-1
2015200044359,2,9,0,9,0,8,0,0,0,0,1,1,2,1,32,6,1390,1,3,-1,1,-1
2015200044415,1,2,0,13,0,1,0,0,0,0,1,1,6,1,17,4,49,1,14,-1,1,-1
2015200044415,2,9,0,4,0,1,0,0,0,0,3,1,6,2,41,7,1596,1,10,-1,1,-1
2015200044484,1,9,0,18,0,1,1,10,1,2,3,1,6,1,38,7,1951,2,14,-1,1,-1
2015200044679,1,-1,-1,12,-1,0,-1,0,0,0,0,1,6,3,-1,-1,-1,-1,-1,-1,-1,-1
2015200044679,2,9,-1,18,-1,0,-1,0,2,0,3,1,6,2,29,6,-1,-1,-1,-1,1,-1
2015200044679,3,9,-1,18,-1,0,1,0,0,0,4,1,6,2,24,5,1968,2,9,-1,-1,-1
2015200044700,1,9,0,17,0,0,1,0,2,10,1,1,5,1,45,7,1686,2,10,-1,1,-1
2015200044804,1,9,-1,-1,-1,0,-1,-1,-1,0,-1,1,6,1,33,6,1598,1,-1,-1,-1,-1
2015200044804,2,98,-1,-1,-1,0,-1,-1,-1,0,-1,1,6,1,47,8,12900,2,6,-1,2,-1
2015200044994,1,9,0,18,0,0,1,0,1,0,3,1,6,1,19,4,1198,1,12,-1,-1,-1
2015200045119,1,9,0,3,0,0,0,0,0,0,1,1,5,1,24,5,2616,1,11,-1,-1,-1
2015200045119,2,9,0,3,0,0,0,0,0,0,2,1,5,1,43,7,-1,-1,-1,-1,1,-1
2015200045195,1,9,0,18,0,0,0,0,0,0,1,1,6,2,31,6,2996,1,9,-1,1,-1
2015200045253,1,9,0,18,0,0,0,0,0,0,1,1,6,1,18,4,2000,2,12,-1,1,-1
2015200045253,2,8,0,2,0,0,0,4,0,0,2,1,6,1,42,7,1596,1,4,-1,1,-1
2015200045253,3,9,0,2,0,0,0,4,0,0,2,1,6,1,46,8,1896,2,14,-1,1,-1
2015200045253,4,9,0,2,0,0,0,0,0,0,2,1,5,2,29,6,1341,1,11,-1,1,-1
2015200045253,5,9,0,18,0,0,0,0,0,0,3,1,1,1,31,6,-1,-1,-1,-1,-1,-1
2015200045486,1,9,-1,-1,-1,0,-1,-1,-1,0,-1,1,6,1,26,6,998,1,14,-1,1,-1
2015200046499,1,9,0,18,0,1,0,0,1,0,1,1,6,2,22,5,4398,1,10,-1,-1,-1
2015200046499,2,9,0,13,0,1,5,7,0,0,1,1,1,1,38,7,1986,2,7,-1,1,-1
2015200046578,1,9,0,18,0,0,1,4,0,0,1,1,6,1,71,10,1348,1,13,-1,1,-1
2015200046578,2,9,0,2,0,0,0,0,0,0,2,1,6,3,-1,-1,1124,1,11,-1,-1,-1
2015200046578,3,9,0,2,0,0,0,0,0,0,2,1,6,3,-1,-1,1398,2,12,-1,-1,-1
2015200046587,1,9,0,18,0,0,0,0,0,0,1,1,1,1,56,9,1598,1,11,-1,1,-1
2015200046587,2,9,0,3,0,0,0,0,0,0,2,1,1,1,27,6,1598,1,12,-1,1,-1
2015200046587,3,9,0,3,0,0,0,0,0,0,3,1,1,1,65,9,-1,-1,-1,-1,-1,-1
2015200046735,1,9,0,9,0,1,0,0,0,0,3,1,6,2,54,8,1461,2,3,-1,1,-1
2015200046735,2,97,0,18,0,1,0,0,0,0,4,1,6,1,17,4,-1,-1,-1,-1,1,-1
2015200046794,1,11,0,9,0,6,0,0,0,0,1,1,6,1,40,7,-1,2,12,-1,1,-1
2015200046794,2,9,0,18,0,8,0,0,0,0,1,1,6,1,32,6,1870,2,12,-1,1,-1
2015200046841,1,19,0,9,0,6,0,0,0,0,1,1,2,1,-1,-1,2151,2,14,-1,-1,-1
2015200046841,2,9,0,18,0,8,0,0,0,0,3,1,3,2,37,7,1968,2,4,-1,1,-1
2015200047413,1,98,0,18,0,8,0,0,0,0,3,1,1,1,34,6,1560,2,3,-1,1,-1
2015200047413,2,9,0,9,0,8,0,0,1,0,1,1,6,2,-1,-1,875,1,1,-1,1,-1
2015200049090,1,9,0,18,2,8,0,0,0,0,1,1,6,1,27,6,1686,2,4,-1,1,-1
2015200049090,2,9,0,9,0,5,0,0,0,0,2,1,5,1,27,6,1753,2,9,-1,1,-1
2015200050109,1,9,0,18,0,8,0,4,0,0,1,1,6,1,42,7,2231,2,8,-1,1,-1
2015200050109,2,9,0,9,0,6,0,0,0,0,1,1,6,1,41,7,1910,2,8,-1,1,-1
2015200050109,3,9,0,2,0,2,0,0,0,0,4,1,6,1,-1,-1,998,1,7,-1,1,-1
2015200050109,4,9,0,2,0,2,0,0,0,0,4,1,6,1,-1,-1,1364,1,6,-1,1,-1
2015200050109,5,9,0,2,0,1,0,0,0,0,1,1,6,1,-1,-1,998,1,-1,-1,1,-1
2015200050109,6,9,0,2,0,2,0,0,0,0,2,1,6,1,27,6,1598,2,-1,-1,1,-1
2015200050109,7,9,0,2,0,2,0,0,0,0,3,1,6,2,-1,-1,996,1,3,-1,1,-1
2015200050274,1,9,0,18,0,0,1,0,0,0,0,1,6,2,79,11,-1,-1,-1,-1,1,-1
2015200050274,2,98,1,13,0,0,0,0,0,0,3,1,1,1,-1,-1,10518,2,8,-1,3,-1
2015200050647,1,9,0,16,0,7,0,6,0,0,1,1,6,1,28,6,1796,1,13,-1,1,-1
2015200052021,1,3,0,18,0,8,0,0,0,0,1,1,6,1,17,4,125,1,-1,-1,1,-1
2015200052021,2,9,0,9,0,8,0,0,0,0,4,1,6,1,19,4,1995,2,7,-1,1,-1
2015200052519,1,9,0,18,0,0,0,0,0,0,4,1,1,2,44,7,1598,1,10,-1,1,-1
2015200052655,1,9,0,5,9,2,0,10,1,0,4,1,6,2,24,5,1229,1,7,-1,1,-1
2015200052909,1,9,0,9,0,6,0,0,0,0,3,1,1,1,-1,-1,-1,-1,-1,-1,-1,-1
2015200052909,2,9,0,18,0,8,0,0,0,0,1,1,6,3,-1,-1,-1,-1,-1,-1,-1,-1
2015200053651,1,9,0,3,0,1,0,0,0,0,1,1,6,1,30,6,1242,1,12,-1,1,-1
2015200053758,1,9,0,18,0,8,0,0,0,0,1,1,6,2,32,6,-1,-1,-1,-1,1,-1
2015200053758,2,9,0,18,0,8,0,0,0,0,1,1,6,1,41,7,2987,2,-1,-1,1,-1
2015200054875,1,9,0,18,0,4,0,0,0,0,1,1,6,3,-1,-1,1896,2,12,-1,1,-1
2015200054875,2,3,0,9,0,3,0,0,0,0,1,1,5,1,33,6,98,1,10,-1,1,-1
2015200054974,1,90,0,18,0,8,0,0,0,0,1,1,6,1,-1,-1,-1,-1,-1,-1,1,-1
2015200054974,2,9,0,3,0,8,0,0,0,0,2,1,6,1,28,6,1590,1,13,-1,1,-1
2015200055117,1,9,0,9,0,3,0,0,0,0,1,1,6,1,-1,-1,1999,1,5,-1,1,-1
2015200055450,1,9,0,18,0,8,0,0,0,0,1,1,6,2,33,6,1198,1,10,-1,1,-1
2015200055450,2,9,0,18,0,8,0,0,0,0,3,1,6,1,41,7,2987,2,-1,-1,1,-1
2015200055519,1,9,0,18,0,0,0,0,0,0,1,1,1,1,53,8,-1,-1,-1,-1,1,-1
2015200056969,1,9,0,18,0,0,0,0,0,0,1,1,6,1,24,5,1968,2,8,-1,1,-1
2015200056997,1,9,0,18,0,0,1,0,0,0,1,1,6,1,46,8,1968,2,7,-1,1,-1
2015200056997,2,9,0,18,0,0,1,0,0,0,1,1,6,1,21,5,999,1,-1,-1,1,-1
2015200059518,1,9,0,18,0,8,0,0,0,0,3,1,6,3,-1,-1,1597,1,20,-1,-1,-1
2015200059518,2,9,0,18,0,8,0,0,0,0,1,1,6,2,46,8,1398,2,12,-1,1,-1
2015200059575,1,9,0,3,0,0,0,0,0,0,2,1,6,2,54,8,998,1,4,-1,1,-1
2015200059575,2,9,0,18,0,0,0,0,0,0,0,1,6,3,-1,-1,1598,1,14,-1,-1,-1
2015200062096,1,9,0,4,0,1,0,0,0,0,1,1,6,2,18,4,1364,1,-1,-1,1,-1
2015200062096,2,9,0,18,0,1,0,0,0,0,1,1,6,3,-1,-1,1598,1,12,-1,-1,-1
2015200062214,1,98,0,9,0,2,0,0,0,0,1,1,2,1,46,8,1896,2,18,-1,1,-1
2015200063704,1,9,0,18,0,3,0,10,7,4,1,1,6,1,17,4,998,1,16,-1,1,-1
2015200063704,2,9,0,18,0,3,0,0,0,0,0,1,1,1,-1,-1,1956,2,-1,-1,-1,-1
2015200065743,1,98,0,18,0,1,0,0,0,0,2,1,1,1,25,5,1997,2,-1,-1,1,-1
2015200068724,1,9,0,18,0,8,0,0,0,0,1,1,6,3,-1,-1,-1,-1,-1,-1,-1,-1
2015200069140,1,3,0,18,0,0,0,0,0,0,4,1,6,1,31,6,125,1,-1,-1,1,-1
2015200069140,2,9,0,12,0,0,0,0,0,0,1,1,6,1,58,9,1560,2,6,-1,1,-1
2015200071039,1,9,0,18,0,0,0,0,0,0,3,1,6,2,31,6,1595,1,12,-1,-1,-1
2015200071039,2,1,0,18,0,0,0,0,0,0,1,1,2,1,15,3,-1,-1,-1,-1,1,-1
2015200086912,1,9,0,18,0,0,0,0,0,0,3,1,6,2,40,7,-1,-1,-1,-1,1,-1
201520G000185,1,9,0,13,0,8,1,10,8,2,1,1,6,1,24,5,1781,1,15,-1,1,-1
201520G000185,2,9,0,5,0,8,0,0,0,0,1,1,6,1,40,7,1399,2,12,-1,1,-1