Accident_Index,Vehicle_Reference,Vehicle_Type,Towing_and_Articulation,Vehicle_Manoeuvre,Vehicle_Location-Restricted_Lane,Junction_Location,Skidding_and_Overturning,Hit_Object_in_Carriageway,Vehicle_Leaving_Carriageway,Hit_Object_off_Carriageway,1st_Point_of_Impact,Was_Vehicle_Left_Hand_Drive?,Journey_Purpose_of_Driver,Sex_of_Driver,Age_of_Driver,Age_Band_of_Driver,Engine_Capacity_(CC),Propulsion_Code,Age_of_Vehicle,Driver_IMD_Decile,Driver_Home_Area_Type,Vehicle_IMD_Decile
201520G000475,1,9,0,9,0,6,0,0,0,0,3,1,6,2,57,9,2685,2,12,-1,1,-1
201520G000475,2,3,0,18,0,8,0,0,0,0,1,1,6,1,20,4,125,1,2,-1,1,-1
201520G000665,1,9,0,18,0,0,0,0,0,0,1,1,6,3,-1,-1,-1,-1,-1,-1,-1,-1
201520G000695,1,19,0,11,0,1,0,10,1,7,1,1,1,1,39,7,1868,2,10,-1,1,-1
201520G000705,1,9,0,1,0,6,0,0,0,0,2,1,1,1,36,7,1998,2,11,-1,1,-1
201520G000705,2,9,0,18,0,1,0,0,0,0,1,1,1,1,35,6,1769,1,9,-1,1,-1
201520G000705,3,9,0,18,0,1,0,0,0,0,1,1,1,2,48,8,1461,2,1,-1,1,-1
201520G000705,4,9,0,18,0,1,0,0,0,0,0,1,6,1,-1,-1,1248,2,6,-1,1,-1
201520G000795,1,9,0,18,0,2,0,0,0,0,1,1,6,2,59,9,1598,1,13,-1,1,-1
201520G000895,1,9,0,18,0,0,0,0,0,0,3,1,6,2,54,8,1591,1,6,-1,2,-1
201520G000955,1,9,0,18,0,1,0,7,7,1,1,1,6,1,76,11,-1,-1,-1,-1,1,-1
201520G000955,2,9,0,18,0,1,0,10,1,0,2,1,6,1,72,10,1527,2,19,-1,1,-1
201520G000975,1,9,0,11,0,0,0,0,0,0,0,1,6,3,-1,-1,-1,-1,-1,-1,-1,-1
201520G000975,2,10,0,18,0,0,0,0,0,0,0,1,6,1,59,9,-1,-1,-1,-1,1,-1
201520G000985,1,9,0,18,0,0,0,4,0,0,2,1,6,1,37,7,1598,1,7,-1,1,-1
201520G000985,2,9,0,18,0,0,0,0,0,0,1,1,6,1,43,7,1590,1,12,-1,1,-1
201520G000985,3,9,0,2,0,0,0,0,0,0,3,1,6,1,37,7,1560,2,2,-1,1,-1
201520G000985,4,9,0,2,0,0,0,0,0,0,3,1,6,1,-1,-1,1560,2,2,-1,1,-1
201520G000985,5,9,0,2,9,0,0,0,0,0,3,1,6,1,-1,-1,-1,-1,-1,-1,-1,-1
201520G000995,1,9,0,4,0,1,0,0,0,0,1,1,6,1,-1,-1,1598,1,9,-1,-1,-1
201520G000995,2,9,0,3,0,1,0,0,0,0,2,1,6,1,29,6,1598,1,12,-1,1,-1
201520G001035,1,9,0,9,0,8,0,0,0,0,1,1,6,2,42,7,1896,2,9,-1,1,-1
201520G001035,2,9,0,18,0,8,0,0,0,0,1,1,6,1,65,9,1229,1,10,-1,1,-1
201520G001045,1,11,0,4,0,0,0,0,0,0,0,1,6,3,-1,-1,-1,-1,-1,-1,-1,-1
201520G001065,1,9,0,13,0,0,0,0,0,0,1,1,6,3,-1,-1,-1,-1,-1,-1,-1,-1
201520G001065,2,1,0,18,0,0,0,0,0,0,4,1,6,1,52,8,-1,-1,-1,-1,1,-1
201520G001215,1,9,0,18,0,2,0,0,0,0,4,1,1,2,45,7,1199,1,11,-1,1,-1
201520G001225,1,9,0,18,0,1,0,0,0,0,1,1,6,1,-1,-1,1995,2,1,-1,-1,-1
201520G001225,2,9,0,4,0,1,0,0,0,0,2,1,2,1,50,8,1388,1,12,-1,1,-1
201520G001235,1,3,0,14,0,8,0,0,0,0,1,1,6,1,28,6,125,1,3,-1,1,-1
201520G001235,2,9,0,9,0,8,0,0,0,0,3,1,6,2,22,5,-1,-1,-1,-1,1,-1
201520G001245,1,9,0,18,0,0,0,0,0,0,4,1,2,2,32,6,1598,1,6,-1,2,-1
201520G001255,1,9,0,9,0,6,0,0,0,0,1,1,6,3,-1,-1,-1,-1,-1,-1,-1,-1
201520G001255,2,9,0,18,0,8,0,10,7,10,3,1,6,2,56,9,1124,1,9,-1,1,-1
201520G001265,1,9,0,18,0,0,0,0,0,0,1,1,6,2,21,5,1360,1,17,-1,1,-1
201520G001275,1,9,0,9,0,8,0,0,0,0,4,1,6,1,21,5,-1,-1,-1,-1,1,-1
201520G001275,2,9,0,18,0,8,0,0,0,0,1,1,6,3,-1,-1,-1,-1,-1,-1,-1,-1
201520G001285,1,9,0,4,0,0,0,0,0,0,1,1,6,1,-1,-1,1598,2,3,-1,1,-1
201520G001285,2,9,0,4,0,0,0,0,0,0,2,1,6,2,32,6,1560,2,4,-1,1,-1
201520G001285,3,9,0,4,0,0,0,0,0,0,2,1,6,1,-1,-1,2231,2,7,-1,-1,-1
201520G001295,1,9,0,5,0,2,0,0,0,0,3,1,6,1,48,8,1388,1,3,-1,1,-1
201520G001315,1,19,0,9,0,8,0,0,0,0,1,1,1,1,39,7,-1,-1,-1,-1,1,-1
201520G001315,2,9,0,18,0,8,0,0,0,0,1,1,6,1,39,7,-1,-1,-1,-1,1,-1
201520G001365,1,9,0,5,0,6,0,0,0,0,1,1,3,2,40,7,1560,2,8,-1,1,-1
201520G001365,2,9,0,18,0,8,0,0,0,0,3,1,2,2,51,8,1896,2,12,-1,1,-1
201520G001365,3,9,0,18,0,1,0,0,0,0,3,1,2,1,39,7,1339,1,10,-1,1,-1
201520G001365,4,9,0,18,0,1,0,0,0,0,3,1,2,1,47,8,1799,1,17,-1,1,-1
201520G001535,1,3,0,18,0,0,0,0,0,0,1,1,6,1,39,7,124,1,2,-1,1,-1
201520G001535,2,9,0,18,0,0,0,0,0,0,2,1,6,1,30,6,1229,1,2,-1,1,-1
201520G001555,1,10,0,18,0,1,0,0,0,0,1,1,1,1,58,9,-1,-1,-1,-1,1,-1
201520G001555,2,9,0,10,0,1,0,0,0,0,2,1,1,2,21,5,1199,1,11,-1,1,-1
201520G001555,3,21,5,18,0,1,0,0,0,0,3,1,1,1,29,6,12900,2,4,-1,1,-1
201520G001565,1,19,0,18,0,0,0,0,0,0,1,1,1,1,73,10,1870,2,12,-1,1,-1
201520G001575,1,9,0,18,0,8,0,0,0,0,4,1,2,2,36,7,1149,1,9,-1,1,-1
201520G001575,2,9,0,7,0,6,0,0,0,0,1,1,6,2,-1,-1,998,1,22,-1,-1,-1
201520G001585,1,9,0,9,0,8,0,0,0,0,4,1,6,1,-1,-1,1388,1,13,-1,-1,-1
201520G001585,2,1,0,18,0,8,0,0,0,0,1,1,1,1,25,5,-1,-1,-1,-1,1,-1
201520G001625,1,9,0,11,0,0,0,0,0,0,0,1,6,1,-1,-1,-1,-1,-1,-1,-1,-1
201520G001625,2,9,0,4,0,0,0,0,0,0,2,1,6,2,25,5,1995,2,6,-1,1,-1
201520G001625,3,9,0,18,0,0,0,0,0,0,1,1,6,1,-1,-1,1896,2,5,-1,-1,-1
201520G001635,1,9,0,18,0,8,0,0,0,0,1,1,6,1,65,9,1956,2,3,-1,1,-1
201520G001635,2,9,0,18,0,8,0,0,0,0,4,1,6,2,37,7,1364,1,8,-1,1,-1
201520G001645,1,19,0,5,0,1,0,0,0,0,1,1,1,1,47,8,-1,-1,-1,-1,1,-1
201520G001655,1,9,0,4,0,0,0,0,0,0,2,1,6,1,23,5,1999,1,2,-1,1,-1
201520G001655,2,9,0,18,0,0,0,0,0,0,1,1,6,1,25,5,1398,2,1,-1,-1,-1
201520G001665,1,9,0,11,0,0,1,10,1,10,4,1,6,2,21,5,1398,1,4,-1,1,-1
201520G001665,2,9,0,18,0,0,1,10,1,10,2,1,6,2,33,6,1248,2,2,-1,1,-1
201520G001665,3,9,0,2,9,0,0,0,0,0,0,1,6,2,35,6,1999,1,10,-1,1,-1
201520G001675,1,9,0,9,0,8,0,0,0,0,1,1,1,2,57,9,1596,1,16,-1,1,-1
201520G001675,2,9,0,18,0,8,0,10,7,1,3,1,6,2,45,7,-1,-1,-1,-1,1,-1
201520G001685,1,9,0,18,0,8,0,0,0,0,1,1,6,1,67,10,1896,2,10,-1,1,-1
201520G001685,2,9,0,9,0,5,0,0,0,0,4,1,6,3,-1,-1,-1,-1,-1,-1,-1,-1
201520G001695,1,9,0,18,0,8,0,0,0,0,1,1,6,1,-1,-1,-1,-1,-1,-1,-1,-1
201520G001695,2,9,0,9,0,8,0,0,0,0,3,1,6,1,51,8,1599,1,10,-1,1,-1
201520G001725,1,9,0,18,0,0,0,0,0,0,1,1,1,1,44,7,1968,2,9,-1,1,-1
201520G001725,2,1,0,18,0,0,0,0,0,0,1,1,6,1,8,2,-1,-1,-1,-1,1,-1
201520G001735,1,9,0,18,0,0,0,0,0,0,1,1,6,1,22,5,1968,2,6,-1,1,-1
201520G001735,2,9,0,12,0,0,0,0,0,0,2,1,6,1,55,8,1598,1,14,-1,1,-1
201520G001745,1,9,0,18,0,0,0,0,0,0,1,1,6,2,52,8,1753,2,14,-1,1,-1
201520G001745,2,1,0,18,0,0,0,0,0,0,1,1,6,1,9,2,-1,-1,-1,-1,1,-1
201520G001755,1,9,0,5,0,4,0,0,0,0,0,1,6,3,-1,-1,-1,-1,-1,-1,-1,-1
201520G001755,2,3,0,5,0,4,1,0,0,0,0,1,1,1,55,8,124,1,1,-1,-1,-1
201520G001805,1,9,0,18,0,8,0,10,1,7,1,1,6,2,18,4,-1,-1,-1,-1,1,-1
201520G001805,2,9,0,9,0,8,0,0,0,0,1,1,6,2,48,8,349,1,1,-1,1,-1
201520G001855,1,9,0,1,0,1,0,0,0,0,2,1,2,2,24,5,1598,1,9,-1,1,-1
201520G002095,1,9,0,9,0,6,0,0,0,0,1,1,6,1,-1,-1,1560,2,9,-1,-1,-1
201520G002095,2,9,0,18,0,8,0,0,0,0,3,1,6,1,26,6,-1,-1,-1,-1,1,-1
201520G002135,1,9,0,9,0,6,0,0,0,0,1,1,6,1,-1,-1,1895,1,16,-1,-1,-1
201520G002135,2,9,0,18,0,8,1,0,0,0,2,1,6,2,60,9,1086,1,5,-1,1,-1
201520G002185,1,9,0,9,0,6,0,10,2,10,1,1,1,1,32,6,-1,-1,-1,-1,1,-1
201520G002195,1,8,0,18,0,8,0,0,0,0,4,1,1,1,31,6,1686,2,10,-1,1,-1
201520G002195,2,3,0,18,0,8,0,0,0,0,1,1,2,1,23,5,125,1,2,-1,1,-1
201520G002215,1,1,0,18,0,2,0,0,0,0,4,1,6,2,26,6,-1,-1,-1,-1,1,-1
201520G002215,2,9,0,9,0,2,0,0,0,0,1,1,6,1,36,7,1364,1,10,-1,1,-1
201520G002245,1,9,0,15,0,8,0,0,0,0,1,1,6,2,-1,-1,1242,1,14,-1,-1,-1
201520G002245,2,5,0,7,0,8,0,0,0,0,4,1,6,1,31,6,749,1,15,-1,1,-1
201520G002255,1,9,0,18,0,0,0,0,0,0,1,1,6,1,60,9,2996,2,17,-1,1,-1
201520G002265,1,9,0,18,0,0,0,0,0,0,1,1,6,3,-1,-1,-1,-1,-1,-1,-1,-1
201520G002265,2,9,0,18,0,0,0,0,0,0,2,1,1,1,33,6,1968,2,3,-1,2,-1
201520G002285,1,9,0,6,0,2,0,0,0,0,2,1,1,1,60,9,1598,2,3,-1,1,-1
201520G002285,2,9,0,18,0,2,0,4,0,0,1,1,1,2,24,5,-1,-1,-1,-1,1,-1
201520G002285,3,9,0,2,0,2,0,0,0,0,3,1,6,1,65,9,1598,1,10,-1,1,-1
201520G002315,1,9,0,7,0,1,0,0,0,0,1,1,6,2,-1,-1,1796,1,13,-1,1,-1
201520G002315,2,1,0,3,9,1,0,0,0,0,1,1,1,2,30,6,-1,-1,-1,-1,-1,-1
201520G002325,1,9,0,18,0,0,0,0,0,0,4,1,6,1,-1,-1,-1,-1,-1,-1,-1,-1
201520G002375,1,9,0,18,0,0,0,0,0,0,1,1,6,2,49,8,998,1,1,-1,1,-1
201520G002405,1,9,0,18,0,0,0,4,1,0,1,1,6,1,22,5,1598,1,14,-1,1,-1
201520G002405,2,9,0,2,0,0,0,4,0,0,2,1,6,1,-1,-1,1781,1,9,-1,1,-1
201520G002405,3,19,0,2,0,0,0,4,0,0,1,1,6,1,25,5,1997,2,10,-1,1,-1
201520G002455,1,9,0,18,0,0,0,4,0,0,3,1,1,1,-1,-1,1995,2,11,-1,-1,-1
201520G002455,2,9,0,2,0,0,0,0,0,0,1,1,6,1,28,6,2172,2,13,-1,1,-1
201520G002495,1,9,0,17,0,0,1,7,1,7,1,1,6,1,17,4,1149,1,14,-1,1,-1
201520G002505,1,9,0,18,0,8,0,0,0,0,3,1,6,1,51,8,-1,-1,-1,-1,1,-1
201520G002505,2,21,1,1,0,8,0,0,0,0,2,1,1,1,-1,-1,5132,2,1,-1,-1,-1
201520G002525,1,9,0,9,0,5,0,4,0,0,1,1,6,1,-1,-1,-1,-1,-1,-1,-1,-1
201520G002525,2,9,0,2,0,1,0,4,0,0,1,1,2,2,28,6,1149,1,10,-1,1,-1
201520G002595,1,9,0,17,0,0,2,10,1,9,1,1,6,2,21,5,1242,1,8,-1,1,-1
201520G002605,1,9,0,9,0,8,0,0,0,0,4,1,6,2,33,6,1398,2,11,-1,1,-1
201520G002605,2,11,0,18,0,8,0,0,0,0,1,1,1,1,63,9,7300,2,8,-1,1,-1
201520G002615,1,9,0,9,0,5,0,0,0,0,4,1,6,1,50,8,-1,-1,-1,-1,1,-1
201520G002615,2,9,0,18,0,8,0,0,0,0,1,1,1,1,36,7,-1,-1,-1,-1,3,-1
201520G002645,1,9,0,9,0,6,0,0,0,0,1,1,2,1,20,4,1389,1,11,-1,1,-1
201520G002645,2,5,0,18,0,8,0,0,0,0,4,1,2,1,60,9,1137,1,8,-1,1,-1
201520G002675,1,8,0,1,0,0,0,0,0,0,2,1,1,1,-1,-1,1560,2,7,-1,-1,-1
201520G002735,1,9,0,18,0,8,0,0,0,0,1,1,6,1,30,6,1999,1,9,-1,1,-1
201520G002735,2,9,0,18,0,8,0,10,7,1,1,1,6,2,50,8,-1,-1,-1,-1,1,-1
201520G002755,1,19,0,18,0,0,0,0,0,0,4,1,6,1,-1,-1,2148,2,7,-1,-1,-1
201520G002785,1,9,0,7,0,2,0,0,0,0,1,1,6,1,46,8,1596,1,9,-1,1,-1
201520G002785,2,9,0,18,0,2,1,0,0,0,4,1,6,1,38,7,1910,2,8,-1,1,-1
201520G002805,1,19,0,18,0,1,0,0,0,0,1,1,6,1,-1,-1,-1,-1,-1,-1,-1,-1
201520G002805,2,9,0,3,0,1,0,0,0,0,2,1,6,1,54,8,-1,-1,-1,-1,1,-1
201520G002805,3,9,0,18,0,1,0,0,0,0,0,1,1,1,-1,-1,1956,2,3,-1,-1,-1
201520G002825,1,19,0,18,0,1,0,0,0,0,1,1,6,1,-1,-1,2460,2,6,-1,-1,-1
201520G002825,2,9,0,4,0,1,0,0,0,0,2,1,6,1,49,8,1997,2,11,-1,1,-1
201520G002835,1,9,0,18,0,1,0,0,0,0,1,1,6,1,47,8,1598,1,10,-1,1,-1
201520G002835,2,9,0,3,0,1,0,0,0,0,2,1,2,2,38,7,1390,1,9,-1,1,-1
201520G002835,3,9,0,3,0,1,0,0,0,0,2,1,6,2,36,7,1796,1,10,-1,1,-1
201520G002845,1,9,0,5,0,4,0,0,0,0,1,1,1,1,39,7,1798,8,2,-1,1,-1
201520G002845,2,1,0,9,0,8,0,0,0,0,1,1,6,2,53,8,-1,-1,-1,-1,1,-1
201520G002855,1,9,0,18,0,2,0,0,0,0,3,1,6,1,27,6,-1,-1,-1,-1,1,-1
201520G002855,2,9,0,18,0,2,0,0,0,0,1,1,1,1,-1,-1,2993,2,1,-1,-1,-1
201520G002855,3,9,0,18,0,1,0,0,0,0,3,1,6,1,36,7,1968,2,1,-1,1,-1
201520G002855,4,9,0,18,0,1,0,4,0,0,1,1,6,1,69,10,998,1,2,-1,1,-1
201520G002855,5,9,0,18,0,2,0,0,0,0,1,1,6,1,51,8,1498,1,13,-1,-1,-1
201520G002855,6,9,0,2,0,1,0,0,0,0,3,1,6,2,-1,-1,1388,1,10,-1,-1,-1
201520G002865,1,9,0,6,0,2,0,0,0,0,3,1,6,1,44,7,1685,2,1,-1,1,-1
201520G002865,2,9,0,18,0,2,0,10,1,5,1,1,6,2,21,5,1560,2,2,-1,1,-1
201520G002875,1,9,0,18,0,0,0,0,0,0,1,1,6,1,21,5,1800,1,16,-1,-1,-1
201520G002875,2,21,0,18,0,0,0,0,0,0,1,1,1,1,60,9,4250,2,9,-1,1,-1
201520G002875,3,9,0,18,0,0,0,0,0,0,0,1,1,1,-1,-1,2993,2,1,-1,1,-1
201520G002875,4,9,0,18,0,0,0,0,0,0,2,1,1,1,24,5,1896,2,10,-1,3,-1
201520G002875,5,9,0,18,0,0,0,0,0,0,2,1,1,1,56,9,1598,1,4,-1,1,-1
201520G002885,1,9,0,18,0,1,0,0,0,0,1,1,6,1,53,8,2179,2,-1,-1,1,-1
201520G002905,1,9,0,18,0,2,0,4,0,0,1,1,6,1,43,7,-1,-1,-1,-1,1,-1
201520G002905,2,9,0,2,0,2,0,0,0,0,2,1,6,1,36,7,-1,-1,-1,-1,1,-1
201520G002905,3,9,0,2,0,2,0,0,0,0,2,1,6,2,-1,-1,2148,2,13,-1,-1,-1
201520G002905,4,9,0,2,0,2,0,0,0,0,2,1,6,1,-1,-1,2231,2,9,-1,-1,-1
201520G002915,1,9,0,13,0,1,0,10,1,10,1,1,6,3,-1,-1,-1,-1,-1,-1,-1,-1
201520G002915,2,9,0,18,0,1,0,0,0,0,3,1,6,1,20,4,1796,2,2,-1,1,-1
201520G002925,1,9,0,5,0,1,0,0,0,0,1,1,6,1,55,8,1998,2,8,-1,1,-1
201520G002925,2,9,0,3,0,1,0,0,0,0,2,1,1,2,26,6,1242,1,3,-1,1,-1
201520G002945,1,9,0,18,0,0,0,0,0,0,1,1,2,1,-1,-1,1968,2,9,-1,1,-1
201520G002945,2,9,0,18,0,0,0,0,0,0,2,1,2,1,42,7,1995,2,13,-1,1,-1
201520G002955,1,9,0,18,0,0,1,10,7,10,1,1,6,1,27,6,1595,1,14,-1,1,-1
201520G002965,1,9,0,18,0,1,0,0,0,0,1,1,6,3,-1,-1,-1,-1,-1,-1,-1,-1
201520G003245,1,9,0,9,0,8,0,0,0,0,1,1,6,1,22,5,-1,-1,-1,-1,1,-1
201520G003245,2,9,0,18,0,8,0,0,0,0,1,1,6,1,38,7,1198,1,9,-1,1,-1
201520G003305,1,9,0,12,0,1,0,0,0,0,4,1,6,1,68,10,1560,2,1,-1,1,-1
201520G003315,1,9,0,7,0,2,0,0,0,0,1,1,6,1,-1,-1,-1,-1,-1,-1,-1,-1
201520G003335,1,9,0,18,0,1,0,0,0,0,1,1,6,2,-1,-1,1870,2,8,-1,-1,-1
201520G003335,2,9,0,3,0,1,0,0,0,0,2,1,6,2,29,6,1198,1,10,-1,1,-1
201520G003345,1,9,0,18,0,8,0,0,0,0,1,1,6,1,58,9,1596,1,16,-1,1,-1
201520G003345,2,9,0,18,0,8,0,0,0,0,1,1,6,1,-1,-1,-1,-1,-1,-1,-1,-1
201520G003365,1,1,0,18,0,0,0,0,0,0,1,1,6,1,45,7,-1,-1,-1,-1,1,-1
201520G003365,2,19,0,6,0,0,0,0,0,0,3,1,6,1,49,8,1753,2,3,-1,-1,-1
201520G003375,1,9,0,7,9,6,0,0,0,0,1,1,6,1,32,6,4511,1,10,-1,1,-1
201520G003375,2,1,0,18,9,8,0,0,0,0,1,1,6,1,21,5,-1,-1,-1,-1,-1,-1
201520G003385,1,9,0,7,0,2,1,10,7,1,1,1,6,1,45,7,1997,2,4,-1,1,-1
201520G003395,1,9,0,16,0,0,1,4,0,0,1,1,6,1,47,8,1596,1,1,-1,1,-1
201520G003395,2,9,0,2,0,0,0,0,1,0,2,1,6,2,56,9,-1,-1,-1,-1,1,-1
201520G003415,1,9,0,9,0,2,0,0,0,0,0,1,2,3,-1,-1,-1,-1,-1,-1,-1,-1
201520G003415,2,9,0,9,0,2,0,0,0,0,2,1,6,1,73,10,1796,1,13,-1,1,-1
201520G003415,3,9,0,9,0,2,0,0,0,0,1,1,2,3,-1,-1,-1,-1,-1,-1,-1,-1
201520G003425,1,9,0,9,0,5,0,0,0,0,1,1,6,2,26,6,1896,2,5,-1,1,-1
201520G003425,2,19,0,18,0,8,0,0,0,0,1,1,6,1,58,9,2800,2,14,-1,1,-1
201520G003465,1,9,0,5,0,1,0,0,0,0,4,1,6,1,-1,-1,1598,2,2,-1,-1,-1
201520G003465,2,9,0,3,0,1,0,0,0,0,3,1,6,1,32,6,1242,1,4,-1,1,-1
201520G003475,1,9,0,18,0,8,0,0,0,0,4,1,1,2,30,6,998,1,7,-1,1,-1
201520G003485,1,9,0,5,0,2,0,0,0,0,4,1,6,2,52,8,1560,2,6,-1,1,-1
201520G003495,1,9,0,9,0,8,0,0,0,0,1,1,2,2,61,9,1591,1,3,-1,1,-1
201520G003495,2,9,0,18,0,8,0,0,0,0,1,1,2,1,34,6,-1,-1,-1,-1,1,-1
201520G003505,1,9,0,7,0,6,0,0,0,0,1,1,6,1,29,6,2926,2,16,-1,1,-1
201520G003505,2,9,0,18,0,8,0,0,0,0,4,1,6,2,20,4,1242,1,2,-1,1,-1
201520G003525,1,19,0,14,0,1,0,4,0,0,1,1,1,1,50,8,2151,2,11,-1,1,-1
201520G003525,2,11,0,2,0,1,0,0,0,0,2,1,1,1,53,8,4250,2,14,-1,1,-1
201520G003535,1,9,0,18,0,6,0,4,0,0,1,1,6,1,-1,-1,-1,-1,-1,-1,1,-1
201520G003535,2,9,0,18,0,8,0,0,0,0,4,1,6,1,67,10,2696,2,9,-1,1,-1
201520G003535,3,9,0,2,0,2,0,0,0,0,2,1,6,1,36,7,1598,1,9,-1,1,-1
201520G003555,1,9,0,18,0,1,0,0,0,0,1,1,6,2,-1,-1,1598,1,7,-1,-1,-1
201520G003605,1,9,0,14,0,0,0,0,0,0,1,1,6,3,-1,-1,2993,2,2,-1,-1,-1
201520G003625,1,8,0,16,0,2,0,10,1,4,4,1,1,1,38,7,-1,-1,-1,-1,1,-1
201520G003795,1,9,0,18,0,8,0,0,0,0,1,1,6,1,-1,-1,1995,2,8,-1,-1,-1
201520G003795,2,3,0,18,0,8,1,10,0,0,2,1,1,1,42,7,125,1,10,-1,1,-1
201520G003805,1,9,0,18,0,4,0,0,0,0,1,1,6,3,-1,-1,1390,1,11,-1,-1,-1
201520G003805,2,9,0,18,0,8,0,0,0,0,4,1,6,2,56,9,1956,2,3,-1,2,-1
201520G003815,1,9,0,18,0,1,0,0,0,0,1,1,6,1,-1,-1,1998,2,10,-1,1,-1
201520G003895,1,9,0,18,0,2,0,0,0,0,1,1,2,1,55,8,1968,2,4,-1,1,-1
201520G003915,1,4,0,18,0,8,0,0,0,0,1,1,6,1,23,5,125,1,10,-1,1,-1
201520G003915,2,9,0,9,0,5,0,0,0,0,1,1,6,1,20,4,1598,2,5,-1,1,-1
201520G003925,1,9,0,18,0,8,0,0,0,0,1,1,6,1,73,10,1198,1,1,-1,1,-1
201520G003925,2,9,0,18,0,8,0,0,0,0,4,1,6,2,45,7,-1,-1,-1,-1,1,-1
201520G003925,3,9,0,10,0,1,0,0,0,0,1,1,6,1,70,10,1582,2,1,-1,1,-1
201520G003935,1,9,0,18,0,8,0,0,0,0,1,1,1,1,56,9,1392,1,16,-1,1,-1
201520G003935,2,9,0,9,0,8,0,0,0,0,3,1,6,1,51,8,-1,-1,-1,-1,1,-1
201520G003945,1,8,0,5,0,4,0,0,0,0,4,1,6,3,-1,-1,-1,-1,-1,-1,-1,-1
201520G003945,2,1,0,5,0,4,0,0,0,0,3,1,1,1,36,7,-1,-1,-1,-1,1,-1
201520G003965,1,9,0,18,0,0,0,0,0,0,1,1,1,1,48,8,1896,2,7,-1,1,-1
201520G003965,2,9,0,18,0,0,0,0,0,0,2,1,6,3,-1,-1,-1,-1,-1,-1,-1,-1
201520G003975,1,9,0,14,0,0,0,0,0,0,3,1,1,1,28,6,2000,1,11,-1,1,-1
201520G004275,1,19,0,18,0,2,0,0,0,0,1,1,6,1,-1,-1,2148,2,10,-1,-1,-1
201520G004275,2,19,0,3,0,2,0,0,0,0,2,1,6,1,-1,-1,2198,2,2,-1,-1,-1
201520G004275,3,9,0,3,0,2,0,0,0,0,2,1,6,2,-1,-1,998,1,1,-1,-1,-1
201520G004275,4,9,0,3,0,2,0,0,0,0,2,1,6,2,38,7,998,1,5,-1,1,-1
201520G004285,1,9,0,9,0,8,0,0,0,0,1,1,6,2,28,6,-1,-1,-1,-1,1,-1
201520G004285,2,8,0,18,0,8,0,0,0,0,1,1,1,1,34,6,1995,2,9,-1,1,-1
201520G004295,1,9,0,9,0,8,0,0,0,0,1,1,6,2,51,8,1360,1,9,-1,1,-1
201520G004295,2,9,0,18,0,8,0,0,0,0,3,1,2,1,42,7,2204,2,8,-1,1,-1
201520G004305,1,9,0,18,0,8,0,0,0,0,1,1,6,1,32,6,1995,2,8,-1,1,-1
201520G004305,2,9,0,5,0,8,0,0,0,0,1,1,6,2,18,4,1598,1,2,-1,1,-1
201520G004355,1,9,0,16,0,1,5,7,7,2,1,1,6,3,-1,-1,1360,1,9,-1,-1,-1
201520G004365,1,9,0,18,0,1,0,0,0,0,1,1,2,1,31,6,2393,1,9,-1,1,-1
201520G004465,1,9,0,18,0,1,0,0,0,0,4,1,6,1,42,7,1248,2,6,-1,3,-1
201520G004465,2,1,0,12,0,1,0,0,0,0,3,1,6,1,24,5,-1,-1,-1,-1,1,-1
201520G004475,1,9,0,18,0,1,0,0,0,0,1,1,6,1,-1,-1,1995,2,9,-1,-1,-1
201520G004475,2,9,0,3,0,1,0,0,0,0,2,1,6,1,36,7,2926,2,12,-1,3,-1
201520G004485,1,9,0,18,0,1,0,0,0,0,1,1,6,1,24,5,1968,2,5,-1,1,-1
201520G004485,2,5,0,8,0,1,0,0,0,0,2,1,6,1,67,10,1200,1,7,-1,1,-1
201520G004505,1,9,0,9,0,8,0,0,0,0,1,1,6,1,29,6,1910,2,6,-1,1,-1
201520G004505,2,9,0,18,0,8,0,0,0,0,3,1,6,1,49,8,1998,2,14,-1,1,-1
201520G004515,1,9,0,12,0,4,0,10,0,0,1,1,6,1,30,6,-1,-1,-1,-1,1,-1
201520G004515,2,9,0,18,0,4,0,10,1,7,2,1,1,1,51,8,-1,-1,-1,-1,1,-1
201520G004535,1,9,0,18,0,8,1,0,0,0,1,1,1,1,50,8,1686,2,6,-1,1,-1
201520G004535,2,9,0,9,0,8,0,0,0,0,3,1,2,2,56,9,-1,-1,-1,-1,1,-1
201520G004545,1,19,0,18,0,8,0,0,0,0,1,1,2,1,44,7,2402,2,10,-1,1,-1
201520G004545,2,9,0,9,0,5,0,0,0,0,1,1,6,2,22,5,1242,1,1,-1,1,-1
201520G004565,1,9,0,18,0,2,0,0,0,0,1,1,6,2,30,6,1461,2,5,-1,1,-1
201520G004585,1,19,0,9,0,6,0,0,0,0,1,1,6,3,-1,-1,-1,-1,-1,-1,-1,-1
201520G004585,2,1,0,18,0,8,0,0,0,0,1,1,6,1,54,8,-1,-1,-1,-1,1,-1
201520G004635,1,90,0,18,0,0,1,10,1,10,1,1,6,1,24,5,700,1,8,-1,1,-1
201520G004745,1,9,0,13,0,8,0,10,7,0,4,1,6,2,-1,-1,1598,1,6,-1,1,-1
201520G004745,2,19,0,9,0,8,0,10,7,0,3,1,1,1,24,5,2287,2,8,-1,1,-1