Accident_Index,Vehicle_Reference,Vehicle_Type,Towing_and_Articulation,Vehicle_Manoeuvre,Vehicle_Location-Restricted_Lane,Junction_Location,Skidding_and_Overturning,Hit_Object_in_Carriageway,Vehicle_Leaving_Carriageway,Hit_Object_off_Carriageway,1st_Point_of_Impact,Was_Vehicle_Left_Hand_Drive?,Journey_Purpose_of_Driver,Sex_of_Driver,Age_of_Driver,Age_Band_of_Driver,Engine_Capacity_(CC),Propulsion_Code,Age_of_Vehicle,Driver_IMD_Decile,Driver_Home_Area_Type,Vehicle_IMD_Decile
201520G008585,1,9,0,9,0,6,0,0,0,0,0,1,6,1,-1,-1,-1,-1,-1,-1,-1,-1
201520G008585,2,9,0,4,0,1,0,0,0,0,2,1,6,1,69,10,1998,1,14,-1,1,-1
201520G008585,3,9,0,4,0,1,0,0,0,0,1,1,6,1,21,5,1339,1,10,-1,1,-1
201520G008595,1,9,0,9,0,6,0,0,0,0,1,1,2,2,27,6,1395,1,1,-1,-1,-1
201520G008595,2,4,0,14,0,8,0,0,0,0,4,1,2,1,42,7,-1,-1,-1,-1,1,-1
201520G008605,1,9,0,5,0,1,0,0,0,0,1,1,1,2,60,9,1461,2,1,-1,1,-1
201520G008605,2,1,0,18,0,1,0,0,0,0,4,1,4,2,12,3,-1,-1,-1,-1,1,-1
201520G008615,1,9,0,18,9,0,0,10,1,0,1,1,6,1,23,5,1248,2,7,-1,1,-1
201520G008635,1,3,0,18,0,2,0,0,0,0,1,1,6,1,53,8,125,1,5,-1,1,-1
201520G008635,2,9,0,7,0,2,0,0,0,0,2,1,6,2,33,6,2993,2,8,-1,1,-1
201520G008675,1,9,0,18,0,0,5,4,0,0,1,1,6,1,41,7,1598,1,12,-1,1,-1
201520G008675,2,9,0,2,0,0,0,0,0,0,3,1,4,1,-1,-1,2148,2,13,-1,1,-1
201520G008675,3,9,0,2,0,0,0,0,0,0,3,1,6,1,-1,-1,1870,2,9,-1,1,-1
201520G008695,1,9,0,12,0,0,0,0,0,0,1,1,1,1,-1,-1,1968,2,8,-1,1,-1
201520G008695,2,8,0,18,0,0,0,0,0,0,2,1,1,1,26,6,1995,2,10,-1,1,-1
201520G008705,1,1,0,18,0,3,0,0,1,0,2,1,1,2,22,5,-1,-1,-1,-1,1,-1
201520G008705,2,9,0,18,0,3,0,0,0,0,1,1,6,1,-1,-1,-1,-1,-1,-1,-1,-1
201520G008735,1,9,0,18,9,2,1,10,1,10,1,1,6,1,16,4,1560,2,9,-1,1,-1
201520G008745,1,9,0,9,0,3,0,0,0,0,2,1,6,1,46,8,1591,1,1,-1,1,-1
201520G008745,2,19,0,18,0,8,0,0,0,0,1,1,6,3,-1,-1,-1,-1,-1,-1,-1,-1
201520G008755,1,3,0,7,0,2,0,0,0,0,3,1,6,1,31,6,124,1,6,-1,1,-1
201520G008755,2,9,0,18,0,1,0,0,0,0,3,1,1,1,33,6,1248,2,1,-1,1,-1
201520G008785,1,9,0,9,0,2,1,10,2,10,1,1,6,1,58,9,1796,1,9,-1,1,-1
201520G008795,1,9,0,18,0,4,0,0,0,0,1,1,6,2,47,8,1149,1,12,-1,1,-1
201520G008805,1,9,0,18,0,1,0,0,0,0,1,1,6,1,34,6,1242,1,12,-1,1,-1
201520G008805,2,9,0,3,0,1,0,0,0,0,2,1,6,2,47,8,1686,2,2,-1,1,-1
201520G008815,1,1,0,7,0,2,0,0,0,0,4,1,2,1,26,6,-1,-1,-1,-1,1,-1
201520G008815,2,9,0,18,0,2,0,0,0,0,2,1,4,3,-1,-1,2688,2,11,-1,-1,-1
201520G008815,3,9,0,18,0,2,0,0,0,0,1,1,6,1,30,6,1242,1,7,-1,1,-1
201520G008835,1,10,0,4,0,0,0,0,0,0,2,1,1,1,57,9,1996,2,7,-1,1,-1
201520G008835,2,20,0,4,0,0,0,0,0,0,1,1,1,1,74,10,3920,2,10,-1,1,-1
201520G008865,1,9,0,11,0,3,0,0,0,0,0,1,6,1,67,10,1998,8,-1,-1,3,-1
201520G008865,2,4,0,5,0,3,0,0,0,0,2,1,2,1,40,7,299,1,1,-1,1,-1
201520G008865,3,9,0,5,0,3,0,0,0,0,1,1,2,1,67,10,1997,2,3,-1,1,-1
201520G008875,1,8,0,1,9,0,0,0,0,0,2,1,1,1,42,7,1997,2,3,-1,1,-1
201520G008885,1,9,0,9,0,5,0,0,0,0,1,1,6,1,40,7,2000,1,10,-1,1,-1
201520G008885,2,9,0,18,0,8,0,0,0,0,1,1,6,2,20,4,-1,-1,-1,-1,1,-1
201520G008895,1,9,0,9,0,5,1,0,0,0,4,1,6,1,19,4,1598,1,9,-1,1,-1
201520G008895,2,9,0,18,0,8,1,0,0,0,1,1,6,1,26,6,2143,2,1,-1,-1,-1
201520G008895,3,9,0,3,0,1,0,0,0,0,1,1,6,1,54,8,1360,1,5,-1,1,-1
201520G008915,1,4,0,7,0,3,1,0,0,0,1,1,6,1,18,4,125,1,-1,-1,1,-1
201520G008925,1,19,0,9,9,2,1,10,1,1,1,1,2,1,30,6,1997,2,13,-1,1,-1
201520G008965,1,19,0,17,0,0,1,0,0,0,1,1,6,3,-1,-1,-1,-1,-1,-1,-1,-1
201520G008965,2,9,0,16,0,0,0,0,0,0,1,1,6,1,-1,-1,1596,1,13,-1,1,-1
201520G009015,1,19,0,16,0,1,0,0,0,0,3,1,6,1,-1,-1,2198,2,8,-1,-1,-1
201520G009015,2,19,0,17,0,2,0,0,0,0,3,1,1,2,42,7,1560,2,1,-1,1,-1
201520G009025,1,9,0,9,0,6,1,4,0,0,1,1,6,1,20,4,1896,2,7,-1,1,-1
201520G009025,2,9,0,18,0,8,1,0,0,0,1,1,6,1,38,7,1796,1,9,-1,1,-1
201520G009025,3,9,0,2,0,1,0,0,0,0,1,1,6,3,-1,-1,1995,2,10,-1,1,-1
201520G009025,4,9,0,2,0,8,0,0,0,0,1,1,6,3,-1,-1,2171,1,13,-1,1,-1
201520G009055,1,9,0,18,0,0,0,0,0,0,3,1,1,2,40,7,995,1,11,-1,1,-1
201520G009055,2,9,0,18,0,0,0,0,0,0,4,1,6,3,-1,-1,-1,-1,-1,-1,-1,-1
201520G009055,3,9,0,18,0,0,0,0,0,0,3,1,1,1,-1,-1,3246,1,14,-1,1,-1
201520G009075,1,9,0,17,0,0,0,0,0,0,0,1,1,1,48,8,1968,2,2,-1,-1,-1
201520G009075,2,9,0,13,0,0,0,0,0,0,4,1,6,3,-1,-1,-1,-1,-1,-1,-1,-1
201520G009075,3,9,0,17,0,0,0,0,0,0,3,1,6,2,29,6,1956,2,-1,-1,1,-1
201520G009095,1,9,0,5,0,4,0,0,0,0,1,1,6,1,46,8,-1,3,-1,-1,1,-1
201520G009095,2,1,0,18,0,8,0,0,0,0,2,1,6,1,53,8,-1,-1,-1,-1,1,-1
201520G009105,1,9,0,5,0,0,1,0,0,0,3,1,6,2,30,6,1560,2,1,-1,1,-1
201520G009115,1,9,0,18,0,1,0,0,0,0,1,1,6,1,-1,-1,1405,1,11,-1,1,-1
201520G009115,2,9,0,3,0,1,0,0,0,0,2,1,6,2,68,10,1242,1,1,-1,1,-1
201520G009125,1,9,0,5,0,0,0,0,0,0,1,1,6,1,37,7,3000,1,8,-1,1,-1
201520G009135,1,9,0,9,0,8,0,0,0,0,4,1,6,1,26,6,1997,2,8,-1,1,-1
201520G009135,2,9,0,18,0,8,0,0,0,0,1,1,6,1,65,9,1497,1,11,-1,1,-1
201520G009145,1,9,0,18,0,8,0,0,0,0,0,1,6,2,21,5,1242,1,11,-1,1,-1
201520G009145,2,3,0,17,0,8,0,0,0,0,0,1,2,1,55,8,125,1,2,-1,1,-1
201520G009155,1,8,0,14,0,1,0,0,0,0,1,1,1,1,65,9,2499,2,3,-1,1,-1
201520G009155,2,1,0,18,0,1,0,0,0,0,1,1,6,1,25,5,-1,-1,-1,-1,1,-1
201520G009165,1,9,0,18,0,0,0,0,0,0,1,1,6,1,40,7,1995,2,12,-1,1,-1
201520G009165,2,9,0,18,0,0,0,0,0,0,2,1,6,2,45,7,1598,1,6,-1,1,-1
201520G009175,1,9,0,9,0,8,0,0,0,0,3,1,6,2,36,7,1596,1,8,-1,1,-1
201520G009175,2,3,0,18,0,8,0,0,0,0,1,1,2,1,31,6,124,1,7,-1,1,-1
201520G009205,1,9,0,9,0,8,0,0,0,0,1,1,6,3,-1,-1,1686,2,9,-1,-1,-1
201520G009205,2,8,0,18,0,8,0,0,0,0,1,1,1,1,52,8,2664,2,16,-1,1,-1
201520G009245,1,9,0,9,0,8,0,0,0,0,4,1,1,1,48,8,1999,7,11,-1,2,-1
201520G009245,2,1,0,15,0,8,0,0,0,0,1,1,6,1,25,5,-1,-1,-1,-1,1,-1
201520G009245,3,9,0,3,0,8,0,0,0,0,0,1,4,1,-1,-1,1781,1,13,-1,1,-1
201520G009355,1,9,0,18,0,2,0,0,0,0,4,1,2,1,44,7,-1,-1,-1,-1,2,-1
201520G009375,1,9,0,18,0,1,1,0,0,0,1,1,6,3,-1,-1,1598,1,17,-1,-1,-1
201520G009375,2,9,0,3,0,1,0,0,0,0,2,1,6,1,30,6,1493,1,18,-1,1,-1
201520G009385,1,9,0,9,0,5,0,0,0,0,1,1,6,1,27,6,1896,2,15,-1,1,-1
201520G009385,2,9,0,13,0,8,0,0,0,0,1,1,6,1,-1,-1,1390,1,15,-1,-1,-1
201520G009475,1,9,0,18,0,1,0,0,0,0,1,1,6,3,-1,-1,2967,2,3,-1,-1,-1
201520G009475,2,9,0,18,0,1,0,0,0,0,0,1,1,1,-1,-1,1956,2,1,-1,1,-1
201520G009475,3,11,0,3,0,1,0,0,0,0,2,1,1,1,-1,-1,8268,2,11,-1,1,-1
201520G009475,4,9,0,3,0,1,0,0,0,0,2,1,6,1,28,6,1360,1,14,-1,1,-1
201520G009475,5,9,0,3,0,1,0,0,0,0,3,1,6,1,66,10,1328,1,8,-1,1,-1
201520G009525,1,9,0,9,0,8,0,0,0,0,4,1,1,1,-1,-1,1956,2,1,-1,1,-1
201520G009525,2,9,0,18,0,8,0,0,0,0,3,1,1,2,47,8,973,1,16,-1,1,-1
201520G009575,1,9,0,9,0,6,0,0,0,0,1,1,6,1,33,6,1390,2,11,-1,1,-1
201520G009575,2,5,0,18,0,8,0,0,0,0,3,1,6,1,47,8,996,1,17,-1,1,-1
201520G009605,1,9,0,9,0,8,0,0,0,0,1,1,6,1,30,6,1679,1,14,-1,1,-1
201520G009605,2,9,0,18,0,8,0,0,0,0,1,1,6,1,-1,-1,1995,2,4,-1,1,-1
201520G009615,1,9,0,18,0,0,0,0,0,0,1,1,6,2,43,7,1598,1,5,-1,1,-1
201520G009685,1,5,0,18,0,2,0,0,0,0,1,1,6,1,41,7,599,1,9,-1,1,-1
201520G009685,2,9,0,4,0,1,0,0,0,0,3,1,6,1,43,7,1951,2,10,-1,1,-1
201520G009685,3,9,0,4,0,1,0,0,0,0,1,1,6,1,28,6,1242,1,6,-1,1,-1
201520G009705,1,8,0,3,0,1,0,0,0,0,2,1,1,1,49,8,1753,2,9,-1,1,-1
201520G009705,2,9,0,4,0,1,0,0,0,0,1,1,6,2,-1,-1,-1,-1,-1,-1,-1,-1
201520G009725,1,9,0,9,0,5,0,0,0,0,1,1,6,1,41,7,1199,1,1,-1,1,-1
201520G009725,2,5,0,18,0,8,2,4,0,0,1,1,6,1,24,5,625,1,10,-1,1,-1
201520G009725,3,9,0,2,9,2,0,0,0,0,2,1,6,3,25,5,1598,1,12,-1,1,-1
201520G009785,1,9,0,6,0,8,0,0,0,0,3,1,6,1,37,7,-1,-1,-1,-1,1,-1
201520G009785,2,4,0,18,0,8,0,0,0,0,1,1,6,1,52,8,-1,-1,-1,-1,1,-1
201520G009795,1,9,0,9,0,8,0,0,0,0,4,1,2,2,51,8,1461,2,13,-1,1,-1
201520G009795,2,5,0,18,0,8,0,0,0,0,1,1,2,1,48,8,599,1,8,-1,1,-1
201520G009825,1,9,0,18,0,0,0,0,0,0,1,1,6,1,49,8,2429,1,8,-1,1,-1
201520G009825,2,3,0,18,0,0,1,0,0,0,1,1,6,1,22,5,125,1,1,-1,1,-1
201520G009835,1,19,0,4,0,8,0,0,0,0,1,1,1,1,24,5,2143,2,3,-1,1,-1
201520G009835,2,9,0,10,0,8,0,0,0,0,2,1,6,2,37,7,1360,1,11,-1,1,-1
201520G009855,1,9,0,17,0,0,2,10,1,10,2,1,1,1,24,5,1587,1,15,-1,-1,-1
201520G009875,1,9,0,18,0,0,0,4,1,10,1,1,6,2,27,6,1199,1,12,-1,1,-1
201520G009875,2,9,0,2,0,0,0,0,0,0,3,1,6,3,-1,-1,1796,1,10,-1,-1,-1
201520G009875,3,9,0,2,0,0,0,0,0,0,2,1,6,3,-1,-1,1948,1,17,-1,-1,-1
201520G009875,4,9,0,2,0,0,0,0,0,0,3,1,6,3,-1,-1,1870,2,13,-1,-1,-1
201520G009885,1,9,0,4,0,0,0,0,0,0,1,1,2,2,26,6,1461,2,5,-1,1,-1
201520G009885,2,9,0,4,0,0,0,0,0,0,2,1,2,2,47,8,899,1,1,-1,1,-1
201520G009895,1,21,1,18,0,3,0,0,0,0,4,1,6,3,-1,-1,12740,2,-1,-1,-1,-1
201520G009895,2,9,0,18,0,3,0,0,0,0,3,1,2,2,19,4,1124,1,9,-1,1,-1
201520G009945,1,9,0,17,0,8,1,10,1,10,1,1,6,2,31,6,1242,1,13,-1,1,-1
201520G009965,1,9,0,9,0,8,0,0,0,0,1,1,6,1,29,6,1896,2,14,-1,1,-1
201520G009965,2,9,0,18,0,8,0,0,0,0,1,1,6,2,18,4,1390,1,4,-1,-1,-1
201520G009975,1,9,0,17,0,2,0,10,1,2,1,1,6,1,14,3,1560,2,-1,-1,-1,-1
201520G009995,1,11,0,18,0,0,0,0,0,0,1,1,6,1,56,9,4250,2,17,-1,1,-1
201520G010025,1,9,0,9,0,6,0,0,0,0,1,1,6,1,50,8,1796,1,11,-1,1,-1
201520G010025,2,4,0,18,0,8,0,0,0,0,1,1,6,2,42,7,278,1,5,-1,1,-1
201520G010035,1,3,0,13,0,8,0,0,0,0,1,1,2,1,22,5,124,1,7,-1,1,-1
201520G010035,2,9,0,9,0,5,0,0,0,0,3,1,2,1,39,7,1968,2,6,-1,1,-1
201520G010065,1,9,0,9,0,8,0,0,0,0,3,1,1,1,26,6,1896,2,13,-1,1,-1
201520G010065,2,5,0,18,0,8,0,0,0,0,4,1,1,1,30,6,599,1,15,-1,1,-1
201520G010095,1,9,0,18,0,3,0,0,0,0,4,1,6,1,-1,-1,1910,2,10,-1,-1,-1
201520G010095,2,20,0,18,0,2,0,0,0,0,3,1,6,1,-1,-1,-1,-1,-1,-1,1,-1
201520G010165,1,9,0,18,0,0,0,4,0,0,1,1,6,1,-1,-1,1995,2,12,-1,1,-1
201520G010165,2,9,0,2,0,0,0,0,0,0,2,1,6,3,-1,-1,2401,2,10,-1,-1,-1
201520G010175,1,3,0,18,0,1,0,0,0,0,1,1,2,1,22,5,124,1,3,-1,1,-1
201520G010175,2,9,0,7,0,2,0,0,0,0,1,1,6,2,48,8,998,1,9,-1,1,-1
201520G010195,1,19,0,5,9,0,0,0,0,0,1,1,1,2,35,6,2198,2,7,-1,-1,-1
201520G010195,2,1,0,18,9,0,0,0,0,0,3,1,6,1,15,3,-1,-1,-1,-1,1,-1
201520G010205,1,19,0,12,0,1,0,0,0,0,0,1,6,3,-1,-1,2143,2,3,-1,-1,-1
201520G010205,2,5,0,9,0,1,0,0,0,0,0,1,6,1,60,9,1450,1,9,-1,1,-1
201520G010215,1,9,0,18,0,4,0,0,0,0,1,1,6,1,24,5,1984,1,7,-1,1,-1
201520G010215,2,9,0,18,0,3,0,0,0,0,4,1,6,1,18,4,999,1,1,-1,3,-1
201520G010225,1,9,0,17,0,3,0,10,0,0,4,1,1,2,29,6,-1,-1,-1,-1,1,-1
201520G010225,2,9,0,5,0,4,0,0,0,0,1,1,6,1,35,6,1598,1,15,-1,1,-1
201520G010245,1,9,0,18,0,8,0,10,1,10,1,1,6,1,25,5,998,1,2,-1,1,-1
201520G010245,2,9,0,18,0,6,0,0,0,0,4,1,6,2,42,7,1598,1,6,-1,1,-1
201520G010265,1,9,0,7,0,1,0,0,0,0,2,1,6,2,36,7,998,1,3,-1,1,-1
201520G010265,2,9,0,4,0,1,0,0,0,0,1,1,6,1,-1,-1,1968,2,7,-1,-1,-1
201520G010275,1,11,0,2,0,0,0,0,0,0,0,1,1,1,30,6,8268,2,13,-1,1,-1
201520G010285,1,9,0,18,0,0,0,0,0,0,1,1,6,1,44,7,2199,2,1,-1,1,-1
201520G010285,2,9,0,3,0,0,0,0,0,0,2,1,6,1,-1,-1,1596,1,7,-1,1,-1
201520G010325,1,19,0,13,0,0,0,0,0,0,3,1,6,1,-1,-1,1686,2,9,-1,-1,-1
201520G010325,2,9,0,13,0,0,0,0,0,0,0,1,1,1,-1,-1,-1,-1,-1,-1,-1,-1
201520G010325,3,9,0,18,0,0,0,0,1,10,3,1,2,1,44,7,1598,1,2,-1,1,-1
201520G010345,1,9,0,5,0,1,0,0,0,0,1,1,6,1,79,11,1198,1,6,-1,1,-1
201520G010355,1,9,0,6,0,0,0,0,0,0,1,1,6,1,44,7,1995,2,9,-1,1,-1
201520G010355,2,9,0,3,0,0,0,0,0,0,1,1,6,2,28,6,1984,1,6,-1,3,-1
201520G010355,3,11,0,18,0,0,0,0,0,0,3,1,1,1,67,10,8268,2,11,-1,1,-1
201520G010375,1,9,0,4,0,0,0,0,0,0,1,1,6,2,-1,-1,-1,-1,-1,-1,-1,-1
201520G010375,2,9,0,4,0,0,0,0,0,0,2,1,6,1,52,8,1999,1,7,-1,1,-1
201520G010395,1,9,0,4,0,0,0,0,0,0,1,1,6,1,48,8,998,1,2,-1,1,-1
201520G010395,2,9,0,3,0,0,0,0,0,0,2,1,6,2,54,8,1598,1,13,-1,1,-1
201520G010395,3,9,0,3,0,0,0,0,0,0,2,1,6,1,-1,-1,1769,1,13,-1,-1,-1
201520G010395,4,9,0,3,0,0,0,0,0,0,2,1,6,1,-1,-1,1598,2,1,-1,-1,-1
201520G010425,1,9,0,9,0,6,0,0,0,0,1,1,6,3,-1,-1,1596,1,12,-1,-1,-1
201520G010425,2,9,0,10,0,8,0,0,0,0,4,1,6,2,47,8,1598,1,11,-1,1,-1
201520G010435,1,9,0,18,0,3,1,10,7,10,1,1,6,1,57,9,3980,1,23,-1,1,-1
201520G010445,1,9,0,18,0,0,1,0,0,0,1,1,6,1,20,4,1497,1,12,-1,1,-1
201520G010445,2,9,0,3,0,0,0,0,0,0,2,1,6,2,43,7,1896,2,8,-1,-1,-1
201520G010445,3,19,0,3,0,0,0,0,0,0,4,1,1,1,22,5,1995,2,3,-1,1,-1
201520G010455,1,9,0,18,8,8,0,0,0,0,1,1,6,1,-1,-1,1598,1,14,-1,-1,-1
201520G010455,2,90,0,18,0,8,0,0,7,0,4,1,1,1,22,5,2999,2,1,-1,1,-1
201520G010465,1,9,0,18,0,8,0,0,0,0,1,1,6,1,-1,-1,-1,-1,-1,-1,-1,-1
201520G010465,2,9,0,18,0,8,0,0,0,0,3,1,1,1,44,7,1995,2,10,-1,1,-1
201520G010485,1,3,0,18,0,1,1,0,0,0,0,1,2,2,-1,-1,125,1,3,-1,3,-1
201520G010495,1,9,0,16,0,8,1,0,0,0,1,1,6,1,26,6,1800,1,19,-1,1,-1
201520G010495,2,9,0,17,0,8,0,0,0,0,1,1,6,1,78,11,1400,1,9,-1,1,-1
201520G010505,1,19,0,5,0,1,0,0,0,0,1,1,6,1,46,8,2148,2,7,-1,1,-1
201520G010505,2,1,0,18,0,1,0,0,0,0,2,1,6,1,30,6,-1,-1,-1,-1,1,-1
201520G010555,1,9,0,3,0,1,0,0,0,0,2,1,6,2,57,9,1498,1,7,-1,2,-1
201520G010555,2,9,0,18,0,1,0,0,0,0,1,1,6,1,-1,-1,-1,-1,-1,-1,-1,-1
201520G010565,1,19,0,7,0,2,0,0,0,0,1,1,6,1,-1,-1,-1,-1,-1,-1,-1,-1
201520G010585,1,5,0,13,0,0,0,10,7,10,1,1,6,1,34,6,599,1,14,-1,1,-1
201520G010585,2,5,0,16,0,0,0,0,0,0,0,1,6,3,-1,-1,-1,-1,-1,-1,-1,-1
201520G010615,1,9,0,7,0,2,0,0,0,0,1,1,6,1,64,9,1560,2,2,-1,1,-1
201520G010645,1,9,0,13,0,1,2,10,2,5,1,1,6,1,27,6,1997,1,15,-1,1,-1
201520G010645,2,9,0,18,0,1,0,0,0,0,0,1,6,1,26,6,1360,1,14,-1,-1,-1
201520G010655,1,9,0,6,0,0,0,0,0,0,1,1,6,1,-1,-1,1970,1,11,-1,1,-1
201520G010655,2,1,0,14,0,0,5,10,1,0,1,1,2,1,-1,-1,-1,-1,-1,-1,1,-1
201520G010665,1,9,0,9,0,6,0,0,0,0,1,1,6,1,58,9,2148,2,14,-1,1,-1
201520G010665,2,9,0,18,0,8,0,0,0,0,1,1,6,2,44,7,-1,-1,-1,-1,1,-1
201520G010755,1,5,0,10,0,1,0,0,0,0,2,1,6,2,40,7,599,1,15,-1,1,-1
201520G010755,2,9,0,4,0,1,0,0,0,0,1,1,6,1,-1,-1,1598,2,5,-1,1,-1
201520G010815,1,9,0,9,0,8,0,0,0,0,4,1,6,1,36,7,999,1,-1,-1,1,-1
201520G010815,2,9,0,18,0,8,0,0,0,0,1,1,6,2,51,8,1396,1,13,-1,1,-1
201520G010825,1,9,0,18,0,0,0,0,0,0,1,1,6,1,51,8,1596,1,10,-1,1,-1
201520G010835,1,9,0,7,4,5,0,0,0,0,1,1,2,2,62,9,1299,1,14,-1,1,-1
201520G010835,2,1,0,18,4,8,0,0,0,0,1,1,2,1,51,8,-1,-1,-1,-1,1,-1
201520G010845,1,9,0,9,0,6,0,0,0,0,4,1,6,2,42,7,1124,1,13,-1,1,-1
201520G010845,2,9,0,14,0,1,0,0,0,0,1,1,6,2,33,6,1679,1,14,-1,1,-1
201520G010855,1,19,0,5,0,1,0,0,0,0,1,1,6,1,31,6,2198,2,8,-1,1,-1
201520G010855,2,9,0,4,0,1,0,0,0,0,2,1,6,1,19,4,1390,1,11,-1,1,-1
201520G010895,1,9,0,18,0,0,1,4,0,0,1,1,6,1,22,5,1560,2,2,-1,1,-1
201520G010895,2,19,0,2,0,0,0,0,0,0,2,1,6,1,55,8,2198,2,3,-1,-1,-1
201520G010935,1,9,0,16,0,0,1,0,0,0,1,1,6,1,18,4,1560,2,6,-1,1,-1
201520G010935,2,19,0,17,0,0,5,10,1,0,3,1,1,1,35,6,2143,2,3,-1,1,-1
201520G010965,1,9,0,18,0,0,2,10,1,10,1,1,6,1,25,5,1995,2,8,-1,1,-1
201520G010975,1,1,0,4,0,6,1,0,0,0,1,1,2,1,37,7,-1,-1,-1,-1,1,-1
201520G010975,2,9,0,18,0,8,0,0,0,0,3,1,2,1,58,9,2143,2,1,-1,1,-1
201520G010985,1,9,0,16,9,0,0,0,1,10,1,1,6,3,-1,-1,-1,-1,-1,-1,-1,-1
201520G010985,2,1,0,2,9,0,0,0,0,0,4,1,6,1,11,3,-1,-1,-1,-1,1,-1
201520G010995,1,9,0,17,0,0,5,10,7,2,1,1,6,1,25,5,1781,1,10,-1,1,-1
201520G011015,1,9,0,18,0,0,0,4,0,0,1,1,6,1,69,10,1968,2,2,-1,1,-1
201520G011015,2,9,0,2,0,0,0,0,0,0,2,1,6,1,27,6,2979,1,9,-1,1,-1
201520G011035,1,9,0,15,0,8,0,0,0,0,3,1,6,2,27,6,1497,8,3,-1,1,-1
201520G011035,2,9,0,9,0,8,0,0,0,0,1,1,6,1,22,5,-1,-1,-1,-1,1,-1
201520G011045,1,9,0,5,0,6,0,0,0,0,3,1,2,1,35,6,2204,2,11,-1,1,-1
201520G011045,2,5,0,18,0,8,1,0,0,0,1,1,2,1,24,5,599,1,20,-1,1,-1
201520G011055,1,9,0,9,0,6,0,0,0,0,2,1,6,2,57,9,1396,2,4,-1,1,-1
201520G011055,2,3,0,18,0,8,0,0,0,0,1,1,6,1,17,4,125,1,-1,-1,1,-1
201520G011065,1,11,0,5,0,2,0,0,0,0,1,1,1,1,48,8,8268,2,12,-1,1,-1
201520G011065,2,1,0,18,0,2,0,10,0,0,2,1,6,1,22,5,-1,-1,-1,-1,1,-1
201520G011075,1,9,0,18,0,8,0,0,0,0,1,1,6,1,43,7,1995,2,4,-1,1,-1
201520G011075,2,9,0,3,0,8,0,0,0,0,2,1,1,1,-1,-1,1248,2,1,-1,-1,-1
201520G011095,1,9,0,18,0,2,0,0,0,0,1,1,3,1,46,8,1796,1,14,-1,1,-1
201520G011095,2,9,0,3,0,2,0,0,0,0,2,1,2,2,43,7,1200,1,13,-1,3,-1
201520G011095,3,9,0,3,0,2,0,0,0,0,2,1,6,2,57,9,1341,1,11,-1,1,-1
201520G011105,1,9,0,5,0,1,0,0,1,0,1,1,3,1,33,6,1388,1,13,-1,1,-1
201520G011115,1,9,0,9,0,5,0,0,0,0,2,1,6,3,-1,-1,-1,-1,-1,-1,-1,-1
201520G011115,2,1,0,18,0,8,0,0,0,0,1,1,1,1,53,8,-1,-1,-1,-1,1,-1
201520G011145,1,9,0,9,0,5,0,0,0,0,1,1,6,3,-1,-1,1298,1,16,-1,-1,-1
201520G011145,2,8,0,18,0,8,0,0,0,0,3,1,1,1,44,7,1910,2,7,-1,1,-1
201520G011185,1,9,0,8,0,5,0,0,0,0,1,1,6,3,-1,-1,-1,-1,-1,-1,-1,-1
201520G011185,2,1,0,18,0,8,0,0,0,0,1,1,6,1,54,8,-1,-1,-1,-1,1,-1
201520G011195,1,9,0,14,0,0,0,0,0,0,1,1,6,1,-1,-1,-1,-1,-1,-1,-1,-1
201520G011215,1,9,0,18,0,0,5,10,1,2,1,1,6,1,50,8,1596,1,9,-1,1,-1
201520G011215,2,9,0,2,9,0,0,0,0,0,4,1,6,3,-1,-1,1396,1,1,-1,1,-1
201520G011225,1,9,0,9,0,4,0,0,0,0,1,1,6,2,46,8,1968,2,7,-1,1,-1
201520G011225,2,9,0,18,0,4,0,0,0,0,4,1,6,1,43,7,1229,1,1,-1,1,-1
201520G011235,1,9,0,18,0,8,0,0,0,0,1,1,1,2,23,5,1242,1,3,-1,1,-1
201520G011235,2,9,0,9,0,8,0,0,0,0,4,1,1,1,21,5,1364,1,-1,-1,1,-1
201520G011265,1,9,0,18,0,1,0,0,0,0,1,1,6,1,43,7,1995,2,11,-1,1,-1
201520G011265,2,9,0,4,0,1,0,0,0,0,2,1,6,1,41,7,1997,2,8,-1,1,-1
201520G011285,1,9,0,18,0,0,0,0,0,0,1,1,6,3,-1,-1,-1,-1,-1,-1,-1,-1
201520G011295,1,11,0,18,0,0,0,0,0,0,3,1,6,1,63,9,9360,2,2,-1,1,-1
201520G011295,2,9,0,11,0,0,1,10,1,2,4,1,6,2,23,5,998,1,6,-1,1,-1
201520G011305,1,9,0,18,0,0,0,0,0,0,4,1,6,2,35,6,-1,-1,-1,-1,-1,-1
201520G011315,1,9,0,18,0,0,0,0,0,0,1,1,6,1,-1,-1,1956,2,2,-1,-1,-1
201520G011315,2,9,0,18,0,0,0,0,0,0,2,1,3,2,38,7,-1,-1,-1,-1,1,-1
201520G011325,1,9,0,5,0,0,0,0,0,0,1,1,6,2,27,6,1598,1,1,-1,1,-1
201520G011335,1,9,0,18,0,1,0,0,0,0,1,1,2,2,30,6,1686,2,9,-1,1,-1
201520G011345,1,9,0,9,0,5,0,0,0,0,1,1,1,1,30,6,1397,1,6,-1,-1,-1