Accident_Index,Vehicle_Reference,Vehicle_Type,Towing_and_Articulation,Vehicle_Manoeuvre,Vehicle_Location-Restricted_Lane,Junction_Location,Skidding_and_Overturning,Hit_Object_in_Carriageway,Vehicle_Leaving_Carriageway,Hit_Object_off_Carriageway,1st_Point_of_Impact,Was_Vehicle_Left_Hand_Drive?,Journey_Purpose_of_Driver,Sex_of_Driver,Age_of_Driver,Age_Band_of_Driver,Engine_Capacity_(CC),Propulsion_Code,Age_of_Vehicle,Driver_IMD_Decile,Driver_Home_Area_Type,Vehicle_IMD_Decile
201520G011345,2,1,0,9,0,1,0,0,0,0,1,1,6,1,26,6,-1,-1,-1,-1,1,-1
201520G011365,1,9,0,9,0,6,0,0,0,0,3,1,2,2,25,5,1995,2,2,-1,1,-1
201520G011365,2,9,0,18,0,8,0,0,0,0,1,1,6,2,23,5,1149,1,2,-1,1,-1
201520G011385,1,9,0,4,0,1,0,0,0,0,1,1,6,2,61,9,-1,-1,-1,-1,1,-1
201520G011385,2,9,0,3,0,1,0,0,0,0,2,1,6,2,27,6,1956,2,4,-1,1,-1
201520G011385,3,9,0,3,0,1,0,0,0,0,2,1,6,1,26,6,1956,2,-1,-1,1,-1
201520G011425,1,9,0,9,0,6,0,0,0,0,1,1,6,2,-1,-1,-1,-1,-1,-1,1,-1
201520G011435,1,9,0,9,0,2,0,0,0,0,1,1,6,1,64,9,2967,1,16,-1,-1,-1
201520G011465,1,3,0,4,0,1,1,0,0,0,0,1,1,1,42,7,124,1,2,-1,1,-1
201520G011485,1,9,0,9,0,5,0,0,0,0,4,1,6,1,-1,-1,2993,2,1,-1,-1,-1
201520G011485,2,1,0,3,0,8,0,0,0,0,1,1,2,1,39,7,-1,-1,-1,-1,1,-1
201520G011505,1,9,0,5,0,8,0,0,0,0,1,1,6,1,64,9,1998,1,12,-1,1,-1
201520G011505,2,9,0,18,0,8,0,0,0,0,4,1,6,1,38,7,1995,2,8,-1,1,-1
201520G011525,1,8,0,18,0,4,0,0,0,0,1,1,6,1,-1,-1,-1,-1,-1,-1,-1,-1
201520G011525,2,1,0,9,0,3,0,0,0,0,4,1,1,1,39,7,-1,-1,-1,-1,1,-1
201520G011545,1,9,0,4,0,1,0,0,0,0,2,1,6,2,37,7,1364,1,10,-1,1,-1
201520G011545,2,9,0,4,0,1,0,0,0,0,1,1,6,1,-1,-1,1997,2,12,-1,-1,-1
201520G011555,1,9,0,18,0,0,0,4,0,0,1,1,6,1,-1,-1,2199,2,4,-1,1,-1
201520G011555,2,19,0,2,0,0,0,0,0,0,2,1,6,3,-1,-1,2686,2,11,-1,1,-1
201520G011595,1,9,0,3,0,1,0,0,0,0,2,1,6,1,44,7,973,1,16,-1,1,-1
201520G011595,2,10,0,18,0,1,0,0,0,0,1,1,6,3,-1,-1,-1,-1,-1,-1,-1,-1
201520G011605,1,9,0,3,0,8,0,0,0,0,2,1,2,2,22,5,1389,1,14,-1,1,-1
201520G011605,2,9,0,18,0,8,0,0,0,0,1,1,6,1,-1,-1,-1,-1,-1,-1,-1,-1
201520G606775,1,9,0,18,0,2,0,0,0,0,1,1,6,1,28,6,1896,2,8,-1,1,-1
201520G606775,2,9,0,3,0,2,0,0,0,0,2,1,6,1,47,8,1596,1,13,-1,1,-1
201520H000115,1,9,0,18,0,8,0,0,7,0,1,1,6,1,31,6,-1,-1,-1,-1,1,-1
201520H000115,2,9,0,18,0,8,0,0,0,0,1,1,6,1,25,5,-1,-1,-1,-1,1,-1
201520H000285,1,9,0,18,0,2,0,10,7,10,1,1,6,1,66,10,2283,2,16,-1,1,-1
201520H000285,2,9,0,18,0,1,0,0,0,0,4,1,6,2,30,6,1968,2,10,-1,1,-1
201520H000395,1,9,0,18,0,1,0,0,0,0,4,1,6,2,71,10,1149,1,14,-1,1,-1
201520H000405,1,9,0,18,0,0,0,0,0,0,1,1,6,1,25,5,1360,1,13,-1,1,-1
201520H000405,2,9,0,18,0,0,0,0,0,0,3,1,6,1,21,5,-1,-1,-1,-1,1,-1
201520H000455,1,9,0,9,0,2,0,0,0,0,1,1,6,1,54,8,1997,2,12,-1,1,-1
201520H000455,2,1,0,18,0,2,0,0,0,0,1,1,6,1,45,7,-1,-1,-1,-1,1,-1
201520H000485,1,9,0,9,0,5,0,0,0,0,1,1,6,1,35,6,-1,-1,-1,-1,1,-1
201520H000485,2,9,0,18,0,8,0,0,0,0,3,1,6,1,39,7,1910,2,7,-1,1,-1
201520H000585,1,9,0,18,0,8,0,0,0,0,1,1,1,1,48,8,1368,1,2,-1,1,-1
201520H000585,2,9,0,9,0,6,0,0,0,0,3,1,6,1,35,6,-1,-1,-1,-1,1,-1
201520H000605,1,9,0,18,0,1,0,0,0,0,1,1,6,1,18,4,1389,1,21,-1,1,-1
201520H000615,1,9,0,18,0,8,0,0,0,0,1,1,6,2,-1,-1,1242,1,8,-1,-1,-1
201520H000615,2,9,0,10,0,8,0,0,0,0,2,1,1,2,49,8,1388,1,6,-1,1,-1
201520H000675,1,9,0,18,0,0,1,10,1,10,4,1,6,2,24,5,-1,-1,-1,-1,1,-1
201520H000705,1,9,0,9,0,1,0,0,0,0,3,1,6,1,79,11,1596,1,10,-1,1,-1
201520H000705,2,9,0,18,0,2,0,0,0,0,3,1,1,2,42,7,-1,-1,-1,-1,1,-1
201520H000725,1,5,0,18,0,0,0,0,0,0,0,1,6,1,52,8,599,1,12,-1,1,-1
201520H000725,2,9,0,1,0,0,0,0,0,0,0,1,6,3,-1,-1,-1,-1,-1,-1,-1,-1
201520H000735,1,10,0,18,0,2,0,0,0,0,1,1,1,1,43,7,-1,-1,-1,-1,1,-1
201520H000735,2,9,0,4,0,2,0,0,0,0,2,1,6,1,56,9,1242,1,8,-1,1,-1
201520H000745,1,19,0,18,0,2,0,0,0,0,1,1,6,1,-1,-1,1248,2,8,-1,1,-1
201520H000755,1,19,0,9,0,8,0,0,0,0,4,1,6,1,-1,-1,1995,2,2,-1,1,-1
201520H000755,2,9,0,18,0,8,1,0,0,0,1,1,2,2,23,5,-1,-1,-1,-1,1,-1
201520H000795,1,9,0,9,0,5,0,0,0,0,1,1,6,1,35,6,1388,1,8,-1,1,-1
201520H000865,1,19,0,5,9,0,0,0,0,0,4,1,1,1,-1,-1,-1,-1,-1,-1,-1,-1
201520H000895,1,19,0,1,9,8,0,0,0,0,2,1,6,1,-1,-1,2402,2,13,-1,-1,-1
201520H000905,1,9,0,18,0,8,0,0,0,0,1,1,6,3,-1,-1,1396,1,16,-1,-1,-1
201520H000905,2,3,0,10,0,8,0,0,0,0,2,1,2,1,30,6,124,1,4,-1,1,-1
201520H000915,1,9,0,18,0,1,0,0,0,0,1,1,6,1,31,6,1582,2,5,-1,1,-1
201520H000925,1,9,0,18,0,0,0,0,0,0,3,1,1,2,28,6,-1,-1,-1,-1,1,-1
201520H000935,1,9,0,18,0,8,0,0,0,0,1,1,6,1,49,8,2494,1,15,-1,1,-1
201520H000935,2,9,0,9,0,8,0,0,0,0,1,1,6,2,38,7,1997,2,5,-1,1,-1
201520H000965,1,3,0,9,0,8,0,0,0,0,4,1,2,1,23,5,124,1,3,-1,1,-1
201520H000965,2,9,0,18,0,8,0,0,0,0,3,1,6,1,44,7,-1,-1,-1,-1,1,-1
201520H000985,1,9,0,9,0,6,0,0,0,0,1,1,6,1,36,7,1910,2,8,-1,2,-1
201520H001135,1,9,0,9,0,6,0,0,0,0,3,1,6,3,-1,-1,-1,-1,-1,-1,-1,-1
201520H001145,1,9,0,7,0,5,0,0,0,0,4,1,6,1,34,6,1388,1,11,-1,1,-1
201520H001145,2,9,0,17,0,8,0,0,0,0,1,1,6,1,-1,-1,-1,-1,-1,-1,-1,-1
201520H001155,1,9,0,18,0,0,0,0,0,0,1,1,6,1,-1,-1,-1,-1,-1,-1,-1,-1
201520H001155,2,1,0,18,0,0,0,10,1,10,4,1,6,1,50,8,-1,-1,-1,-1,1,-1
201520H001175,1,9,0,7,0,6,0,0,0,0,1,1,6,1,26,6,1596,1,16,-1,1,-1
201520H001175,2,9,0,18,0,8,0,0,0,0,3,1,6,1,24,5,1870,2,10,-1,1,-1
201520H001195,1,9,0,9,0,6,0,0,0,0,2,1,6,2,18,4,-1,-1,-1,-1,1,-1
201520H001195,2,9,0,18,0,8,1,0,0,0,1,1,6,2,-1,-1,-1,-1,-1,-1,-1,-1
201520H001205,1,9,0,18,0,0,0,0,0,0,1,1,6,2,45,7,1299,1,12,-1,1,-1
201520H001215,1,8,0,9,0,2,0,0,0,0,3,1,1,1,44,7,1598,2,2,-1,1,-1
201520H001235,1,9,0,18,0,8,0,0,0,0,1,1,6,1,60,9,1956,2,1,-1,1,-1
201520H001235,2,9,0,7,0,5,0,0,1,0,2,1,6,1,73,10,-1,-1,-1,-1,1,-1
201520H001235,3,9,0,2,9,2,0,0,0,0,2,1,6,1,41,7,2148,2,6,-1,3,-1
201520H001245,1,9,0,4,0,1,0,0,0,0,1,1,6,1,-1,-1,1360,1,13,-1,-1,-1
201520H001245,2,9,0,10,0,1,0,0,0,0,2,1,6,1,68,10,1968,2,6,-1,1,-1
201520H001255,1,9,0,18,0,8,0,0,0,0,1,1,6,1,-1,-1,-1,-1,-1,-1,-1,-1
201520H001255,2,9,0,18,0,8,0,0,0,0,3,1,6,2,20,4,1248,2,5,-1,1,-1
201520H001265,1,9,0,18,0,0,0,0,0,0,1,1,6,1,34,6,998,1,5,-1,1,-1
201520H001305,1,9,0,9,0,8,0,0,0,0,1,1,6,2,82,11,2698,2,5,-1,1,-1
201520H001305,2,9,0,18,0,8,0,0,0,0,1,1,6,2,20,4,-1,-1,-1,-1,1,-1
201520H001335,1,9,0,18,0,2,0,0,0,0,1,1,6,1,18,4,1390,1,8,-1,1,-1
201520H001345,1,9,0,4,0,0,1,0,0,0,1,1,6,2,49,8,-1,-1,-1,-1,1,-1
201520H001345,2,9,0,4,0,0,0,0,0,0,1,1,3,1,29,6,1390,1,15,-1,1,-1
201520H001465,1,9,0,18,0,8,0,0,0,0,0,1,6,1,-1,-1,1956,2,3,-1,-1,-1
201520H001465,2,9,0,9,0,8,0,10,7,10,1,1,6,1,44,7,1796,1,11,-1,1,-1
201520H001555,1,9,0,18,0,1,0,0,0,0,1,1,6,1,-1,-1,-1,-1,-1,-1,-1,-1
201520H001555,2,9,0,3,0,1,0,0,0,0,2,1,6,2,52,8,1399,1,5,-1,1,-1
201520H001565,1,21,1,9,0,6,0,0,0,0,3,1,1,1,27,6,12740,2,3,-1,1,-1
201520H001565,2,19,0,17,0,8,1,0,0,0,1,1,1,2,28,6,2402,2,4,-1,1,-1
201520H001575,1,9,0,18,0,8,0,0,0,0,1,1,6,3,-1,-1,1299,1,14,-1,-1,-1
201520H001575,2,9,0,18,0,8,0,0,7,1,4,1,1,2,43,7,1598,1,3,-1,1,-1
201520H001645,1,9,0,7,0,2,0,0,0,0,4,1,4,1,18,4,1229,1,8,-1,1,-1
201520H001655,1,9,0,7,0,2,0,0,0,0,1,1,3,2,25,5,1598,1,9,-1,1,-1
201520H001655,2,9,0,8,0,1,0,0,0,0,1,1,6,2,58,9,1124,1,8,-1,1,-1
201520H001705,1,9,0,18,0,2,0,4,0,0,1,1,6,2,24,5,-1,-1,-1,-1,1,-1
201520H001705,2,11,0,2,0,2,0,0,0,0,2,1,1,1,34,6,6700,2,4,-1,1,-1
201520H001715,1,5,0,13,0,8,0,0,0,0,4,1,6,1,37,7,645,1,12,-1,1,-1
201520H001715,2,9,0,9,0,8,0,0,0,0,3,1,6,2,39,7,1796,1,16,-1,1,-1
201520H001725,1,9,0,9,0,6,0,0,0,0,0,1,6,2,-1,-1,1796,1,8,-1,1,-1
201520H001725,2,9,0,18,0,8,0,0,0,0,3,1,6,1,-1,-1,1997,2,13,-1,1,-1
201520H001725,3,9,0,18,0,8,0,0,0,0,2,1,6,2,28,6,1364,1,7,-1,1,-1
201520H001735,1,9,0,10,0,1,0,0,0,0,2,1,6,2,-1,-1,998,1,1,-1,-1,-1
201520H001735,2,9,0,18,0,8,0,0,0,0,1,1,6,1,32,6,1686,2,5,-1,1,-1
201520H001745,1,9,0,13,0,8,0,0,1,10,1,1,6,1,-1,-1,1598,1,11,-1,-1,-1
201520H001745,2,9,0,9,0,8,0,0,0,0,1,1,6,1,21,5,1364,1,9,-1,1,-1
201520H001755,1,21,1,18,0,0,0,10,1,7,1,1,1,1,28,6,12900,2,6,-1,1,-1
201520H001755,2,9,0,3,0,0,0,0,4,0,2,1,6,1,32,6,-1,-1,-1,-1,1,-1
201520H001755,3,9,0,3,0,0,0,0,0,0,2,1,6,1,22,5,1997,1,15,-1,1,-1
201520H001755,4,9,0,3,0,0,0,0,0,0,4,1,6,1,55,8,-1,-1,-1,-1,-1,-1
201520H001755,5,21,0,3,0,0,0,0,0,0,2,1,1,1,49,8,12580,2,9,-1,1,-1
201520H001795,1,9,0,9,0,2,0,0,0,0,1,1,6,2,40,7,1086,1,6,-1,1,-1
201520H001815,1,9,0,10,0,8,0,0,0,0,2,1,3,2,53,8,1984,1,11,-1,1,-1
201520H001815,2,9,0,18,0,8,0,0,0,0,1,1,6,1,-1,-1,1349,1,1,-1,-1,-1
201520H001855,1,9,0,17,0,0,1,0,0,0,1,1,6,1,22,5,1598,1,5,-1,1,-1
201520H001855,2,9,0,16,0,0,0,0,0,0,1,1,6,1,48,8,-1,-1,-1,-1,1,-1
201520H001875,1,9,0,9,0,5,0,0,0,0,4,1,6,2,37,7,1598,1,4,-1,1,-1
201520H001875,2,3,0,18,0,8,0,0,0,0,1,1,2,1,25,5,125,1,1,-1,2,-1
201520H001885,1,9,0,12,0,0,5,0,0,0,3,1,2,2,24,5,1229,1,2,-1,1,-1
201520H001885,2,9,0,18,0,0,0,0,0,0,4,1,2,2,29,6,-1,-1,-1,-1,1,-1
201520H001885,3,11,0,18,0,0,0,0,0,0,3,1,6,1,59,9,8268,2,11,-1,1,-1
201520H001965,1,9,0,14,0,0,0,0,0,0,1,1,6,1,42,7,-1,-1,-1,-1,1,-1
201520H001965,2,9,0,18,0,0,0,0,0,0,1,1,6,1,33,6,1988,1,14,-1,1,-1
201520H002005,1,9,0,9,0,5,0,0,0,0,3,1,2,2,57,9,-1,-1,-1,-1,1,-1
201520H002005,2,9,0,18,0,8,0,0,1,0,1,1,2,1,40,7,1984,1,8,-1,1,-1
201520H002015,1,9,0,9,0,5,0,0,0,0,1,1,6,1,35,6,1896,2,14,-1,1,-1
201520H002015,2,9,0,18,0,8,0,0,0,0,1,1,6,1,80,11,1360,1,13,-1,1,-1
201520H002035,1,9,0,9,9,2,1,10,7,7,1,1,6,2,22,5,1360,1,8,-1,-1,-1
201520H002045,1,8,0,18,0,8,0,10,7,10,1,1,1,1,36,7,1686,2,6,-1,1,-1
201520H002045,2,9,0,5,0,6,0,0,0,0,3,1,6,1,43,7,1995,2,11,-1,1,-1
201520H002055,1,9,0,7,0,2,0,0,0,0,1,1,6,3,-1,-1,1560,2,4,-1,-1,-1
201520H002075,1,9,0,1,6,0,0,4,0,0,2,1,6,1,63,9,-1,-1,-1,-1,1,-1
201520H002075,2,9,0,2,6,0,0,0,0,0,1,1,1,2,44,7,1248,2,2,-1,-1,-1
201520H002085,1,9,0,7,9,6,0,0,0,0,1,1,6,1,40,7,1997,2,7,-1,1,-1
201520H002085,2,1,0,18,9,8,0,0,0,0,1,1,6,1,-1,-1,-1,-1,-1,-1,1,-1
201520H002115,1,19,0,18,0,0,0,0,0,0,1,1,6,1,-1,-1,2151,2,13,-1,-1,-1
201520H002115,2,9,0,3,0,0,0,0,0,0,2,1,6,1,56,9,1396,1,12,-1,1,-1
201520H002115,3,9,0,3,0,0,0,0,0,0,2,1,6,2,43,7,1242,1,2,-1,1,-1
201520H002125,1,9,0,2,0,3,0,0,0,0,1,1,6,1,25,5,1995,2,8,-1,1,-1
201520H002125,2,9,0,1,0,1,0,4,0,0,2,1,6,1,-1,-1,1397,1,11,-1,-1,-1
201520H002135,1,9,0,5,0,1,0,0,0,0,3,1,6,1,58,9,1399,2,3,-1,1,-1
201520H002135,2,5,0,18,0,2,1,0,0,0,1,1,6,2,28,6,645,1,10,-1,1,-1
201520H002175,1,9,0,18,0,8,0,0,0,0,1,1,6,2,-1,-1,-1,-1,-1,-1,-1,-1
201520H002175,2,1,0,18,0,3,0,0,0,0,4,1,2,1,24,5,-1,-1,-1,-1,1,-1
201520H002195,1,9,0,5,0,6,0,0,0,0,1,1,1,1,38,7,1995,2,9,-1,1,-1
201520H002195,2,9,0,18,0,8,0,0,0,0,4,1,6,1,39,7,1400,1,15,-1,1,-1
201520H002225,1,9,0,18,0,4,0,0,0,0,1,1,6,2,-1,-1,-1,-1,-1,-1,-1,-1
201520H002225,2,9,0,18,0,4,1,7,7,9,2,1,6,1,23,5,1781,1,13,-1,1,-1
201520H002235,1,9,0,18,0,0,0,0,0,0,4,1,6,3,-1,-1,-1,-1,-1,-1,-1,-1
201520H002245,1,9,0,1,0,1,0,0,0,0,2,1,6,1,72,10,1956,2,2,-1,1,-1
201520H002295,1,20,1,18,0,0,0,0,0,0,1,1,1,1,53,8,-1,-1,-1,-1,1,-1
201520H002295,2,9,0,4,0,0,0,0,0,0,2,1,6,1,33,6,1968,2,12,-1,1,-1
201520H002305,1,9,0,18,0,2,0,0,0,0,1,1,6,2,-1,-1,1388,1,14,-1,-1,-1
201520H002305,2,1,0,18,0,2,0,0,0,0,2,1,1,1,52,8,-1,-1,-1,-1,3,-1
201520H002325,1,9,0,9,0,5,0,0,0,0,1,1,6,2,17,4,-1,-1,-1,-1,2,-1
201520H002325,2,9,0,18,0,8,0,0,0,0,1,1,6,2,-1,-1,-1,-1,-1,-1,1,-1
201520H002485,1,5,0,18,0,8,0,0,1,2,1,1,6,1,39,7,885,1,20,-1,1,-1
201520H002485,2,9,0,9,0,6,0,0,0,0,4,1,6,1,18,4,1299,1,13,-1,1,-1
201520H002525,1,9,0,13,0,8,0,0,0,0,1,1,6,3,-1,-1,-1,-1,-1,-1,-1,-1
201520H002525,2,3,0,9,0,5,0,0,0,0,3,1,2,1,21,5,124,1,5,-1,1,-1
201520H002535,1,9,0,18,0,1,0,0,0,0,4,1,3,1,62,9,-1,-1,-1,-1,1,-1
201520H002565,1,9,0,18,0,1,0,0,0,0,1,1,6,3,-1,-1,-1,-1,-1,-1,-1,-1
201520H002565,2,9,0,3,0,1,0,0,0,0,2,1,6,1,33,6,2993,2,8,-1,1,-1
201520H002585,1,9,0,7,0,6,0,0,0,0,1,1,6,3,-1,-1,-1,-1,-1,-1,-1,-1
201520H002595,1,9,0,6,0,0,0,0,0,0,3,1,6,1,25,5,1560,2,3,-1,2,-1
201520H002595,2,3,0,18,0,0,0,0,0,0,1,1,2,1,41,7,124,1,7,-1,1,-1
201520H002635,1,9,0,18,0,0,0,0,0,0,1,1,6,1,29,6,-1,-1,-1,-1,1,-1
201520H002655,1,9,0,16,0,2,1,0,0,0,1,1,6,2,37,7,1598,1,15,-1,1,-1
201520H002655,2,9,0,17,0,1,1,0,0,0,1,1,6,1,29,6,2200,2,23,-1,1,-1
201520H002665,1,19,0,18,0,6,0,0,0,0,1,1,6,1,29,6,2198,2,1,-1,-1,-1
201520H002665,2,9,0,18,0,8,0,0,0,0,4,1,6,1,17,4,1229,1,9,-1,1,-1
201520H002675,1,9,0,14,0,0,0,0,0,0,1,1,6,1,-1,-1,1598,1,10,-1,-1,-1
201520H002785,1,9,0,18,0,1,0,0,0,0,1,1,6,1,57,9,1560,2,1,-1,2,-1
201520H002795,1,19,0,18,0,1,0,0,0,0,1,1,1,1,52,8,1248,2,5,-1,1,-1
201520H002795,2,9,0,18,0,1,0,0,0,0,2,1,6,2,26,6,-1,-1,-1,-1,1,-1
201520H002815,1,3,0,14,0,0,1,0,0,0,1,1,2,1,41,7,124,1,10,-1,1,-1
201520H002835,1,9,0,18,0,8,0,0,0,0,1,1,6,1,19,4,1796,1,6,-1,1,-1
201520H002835,2,9,0,18,0,8,0,10,7,10,4,1,6,2,37,7,1998,1,7,-1,1,-1
201520H002835,3,9,0,18,0,1,0,0,0,0,0,1,1,1,-1,-1,2967,2,2,-1,-1,-1
201520H002895,1,9,0,18,0,0,1,10,7,2,3,1,6,1,21,5,1598,1,15,-1,1,-1
201520H002905,1,9,0,9,0,6,0,0,0,0,1,1,1,1,41,7,2148,2,12,-1,1,-1
201520H002905,2,1,0,18,0,8,0,0,0,0,4,1,6,1,48,8,-1,-1,-1,-1,1,-1
201520H002915,1,9,0,9,0,6,0,0,0,0,1,1,6,2,30,6,1368,1,6,-1,1,-1
201520H002915,2,5,0,18,0,8,0,0,0,0,1,1,6,1,28,6,652,1,4,-1,1,-1
201520H002915,3,9,0,10,0,8,0,0,0,0,1,1,6,2,25,5,1598,1,13,-1,1,-1
201520H002925,1,9,0,18,0,4,0,0,0,0,3,1,6,1,-1,-1,1124,1,12,-1,-1,-1
201520H002925,2,9,0,18,0,8,0,0,0,0,4,1,6,1,20,4,-1,-1,-1,-1,1,-1
201520H003025,1,19,0,18,0,0,0,0,0,0,3,1,6,1,26,6,1753,2,13,-1,1,-1
201520H003025,2,8,0,18,0,0,0,0,0,0,3,1,2,1,61,9,2664,2,15,-1,1,-1
201520H003045,1,5,0,5,0,4,1,9,3,0,4,1,6,1,41,7,600,1,24,-1,1,-1
201520H003105,1,9,0,9,0,6,0,0,0,0,1,1,6,1,19,4,1229,1,7,-1,1,-1
201520H003105,2,9,0,18,0,8,0,0,0,0,4,1,6,1,25,5,1332,1,17,-1,1,-1
201520H003145,1,9,0,18,0,8,0,0,0,0,1,1,2,1,34,6,1299,1,13,-1,1,-1
201520H003165,1,9,0,18,9,0,0,10,1,5,4,1,2,1,38,7,1796,1,12,-1,1,-1
201520H003225,1,9,0,17,9,0,0,7,1,10,1,1,6,1,28,6,1598,1,5,-1,1,-1
201520H003235,1,9,0,9,0,5,0,0,0,0,4,1,6,1,47,8,-1,-1,-1,-1,2,-1
201520H003235,2,9,0,18,0,8,0,0,0,0,1,1,6,1,26,6,1598,1,9,-1,1,-1
201520H003245,1,9,0,7,9,8,0,0,0,0,1,1,6,1,-1,-1,1796,7,12,-1,-1,-1
201520H003255,1,3,0,18,0,2,0,0,0,0,1,1,2,1,25,5,124,1,3,-1,1,-1
201520H003255,2,1,0,18,0,2,0,0,0,0,1,1,6,1,22,5,-1,-1,-1,-1,1,-1
201520H003615,1,9,0,16,0,0,1,0,0,0,1,1,2,1,27,6,973,1,14,-1,1,-1
201520H003615,2,11,0,3,0,0,0,0,0,0,1,1,1,1,30,6,9000,2,6,-1,1,-1
201520H003635,1,2,0,14,0,0,0,0,0,0,1,1,6,1,16,4,49,1,2,-1,1,-1
201520H003635,2,9,0,18,0,0,0,0,0,0,1,1,6,1,41,7,1598,1,12,-1,1,-1
201520H003695,1,9,0,7,0,5,0,0,0,0,2,1,6,3,-1,-1,1596,1,10,-1,-1,-1
201520H003695,2,1,0,18,0,8,0,0,0,0,1,1,6,1,46,8,-1,-1,-1,-1,1,-1
201520H003715,1,9,0,5,9,8,0,0,0,0,1,1,6,1,51,8,1896,2,11,-1,1,-1
201520H003715,2,9,0,14,0,8,5,0,0,0,4,1,2,2,32,6,1461,2,9,-1,1,-1
201520H003725,1,9,0,18,0,2,1,10,1,10,1,1,6,1,22,5,-1,-1,-1,-1,-1,-1
201520H003725,2,9,0,2,0,2,0,0,0,0,1,1,6,2,-1,-1,1560,2,6,-1,1,-1
201520H003875,1,19,0,1,0,8,0,0,0,0,2,1,6,1,-1,-1,2299,2,18,-1,-1,-1
201520H003875,2,9,0,2,0,8,0,0,0,0,1,1,1,1,-1,-1,1956,2,3,-1,-1,-1
201520H003895,1,9,0,13,0,0,0,0,0,0,1,1,6,1,19,4,1360,1,13,-1,1,-1
201520H003895,2,9,0,18,0,0,0,0,0,0,1,1,6,1,48,8,1796,1,7,-1,1,-1
201520H003895,3,9,0,18,0,0,0,0,0,0,0,1,6,3,-1,-1,1242,1,12,-1,-1,-1
201520H003915,1,9,0,9,0,8,0,0,0,0,3,1,6,1,51,8,1396,1,15,-1,1,-1
201520H003915,2,9,0,18,0,8,0,0,0,0,3,1,2,2,19,4,1242,1,2,-1,1,-1
201520H003925,1,19,0,9,0,2,0,0,0,0,1,1,2,2,46,8,-1,-1,-1,-1,1,-1
201520H003925,2,8,0,18,0,8,0,0,0,0,1,1,1,1,34,6,1896,2,8,-1,1,-1
201520H003925,3,9,0,18,0,1,0,0,0,0,1,1,2,1,28,6,2179,2,1,-1,1,-1
201520H003935,1,9,0,18,0,2,0,0,0,0,1,1,6,1,34,6,1896,2,14,-1,1,-1
201520H003945,1,9,0,7,0,6,0,0,0,0,3,1,6,1,27,6,2987,2,6,-1,1,-1
201520H003945,2,9,0,18,0,8,0,0,0,0,1,1,6,1,24,5,-1,-1,-1,-1,1,-1
201520H003965,1,21,0,16,0,8,0,0,0,0,4,1,1,1,-1,-1,10308,2,7,-1,-1,-1
201520H003965,2,9,0,16,0,8,0,0,0,0,3,1,2,1,24,5,1995,2,7,-1,1,-1
201520H003975,1,9,0,18,0,8,0,7,1,7,4,1,2,1,28,6,1598,1,4,-1,1,-1
201520H003975,2,9,0,18,0,8,0,0,0,0,1,1,2,2,26,6,1388,1,5,-1,1,-1
201520H003985,1,9,0,3,0,1,0,0,0,0,2,1,1,1,48,8,1796,1,11,-1,1,-1
201520H003985,2,9,0,3,0,1,0,0,0,0,1,1,1,1,29,6,1995,2,9,-1,1,-1
201520H003985,3,9,0,3,0,1,0,0,0,0,1,1,2,2,36,7,-1,-1,-1,-1,1,-1
201520H003985,4,9,0,4,0,1,0,0,0,0,1,1,1,1,26,6,-1,-1,-1,-1,1,-1
201520H003995,1,9,0,18,0,0,0,0,0,0,1,1,2,1,19,4,1199,1,16,-1,1,-1
201520H003995,2,19,0,4,0,0,0,0,0,0,2,1,1,1,44,7,1996,2,1,-1,-1,-1
201520H004025,1,9,0,18,0,2,0,0,0,0,1,1,6,3,-1,-1,-1,-1,-1,-1,-1,-1
201520H004095,1,1,0,5,0,2,0,0,0,0,3,1,6,1,11,3,-1,-1,-1,-1,1,-1
201520H004095,2,19,0,9,0,2,0,0,0,0,1,1,1,1,44,7,2148,2,7,-1,-1,-1
201520H004135,1,9,0,18,0,0,1,0,1,10,1,1,2,1,37,7,2172,2,12,-1,1,-1
201520H004155,1,21,0,9,0,6,0,0,0,0,2,1,1,1,48,8,12900,2,3,-1,1,-1
201520H004155,2,1,0,18,0,8,0,0,0,0,4,1,2,1,60,9,-1,-1,-1,-1,1,-1
201520H004165,1,9,0,9,0,6,0,0,0,0,1,1,6,2,42,7,-1,-1,-1,-1,1,-1
201520H004165,2,5,0,18,0,8,0,0,0,0,1,1,6,1,68,10,1137,1,16,-1,1,-1
201520H004225,1,1,0,18,0,2,0,0,0,0,1,1,6,1,18,4,-1,-1,-1,-1,1,-1
201520H004225,2,9,0,18,0,2,0,0,0,0,1,1,6,1,18,4,998,1,14,-1,1,-1
201520H004315,1,9,0,5,0,0,0,0,0,0,1,1,3,2,33,6,796,1,9,-1,1,-1
201520H004405,1,9,0,5,0,4,0,0,0,0,1,1,6,1,-1,-1,1796,1,13,-1,-1,-1
201520H004405,2,3,0,9,0,3,2,0,0,0,4,1,6,1,19,4,-1,-1,-1,-1,-1,-1
201520H004495,1,9,0,13,0,3,0,0,0,0,4,1,2,1,-1,-1,1240,1,8,-1,1,-1
201520H004495,2,1,0,17,0,3,0,0,0,0,3,1,1,1,38,7,-1,-1,-1,-1,1,-1
201520H004505,1,9,0,18,0,2,0,0,0,0,1,1,6,1,30,6,-1,-1,-1,-1,-1,-1