Accident_Index,Vehicle_Reference,Vehicle_Type,Towing_and_Articulation,Vehicle_Manoeuvre,Vehicle_Location-Restricted_Lane,Junction_Location,Skidding_and_Overturning,Hit_Object_in_Carriageway,Vehicle_Leaving_Carriageway,Hit_Object_off_Carriageway,1st_Point_of_Impact,Was_Vehicle_Left_Hand_Drive?,Journey_Purpose_of_Driver,Sex_of_Driver,Age_of_Driver,Age_Band_of_Driver,Engine_Capacity_(CC),Propulsion_Code,Age_of_Vehicle,Driver_IMD_Decile,Driver_Home_Area_Type,Vehicle_IMD_Decile
201520H004525,1,9,0,18,0,8,0,0,0,0,3,1,6,3,-1,-1,1597,1,20,-1,-1,-1
201520H004525,2,9,0,18,0,8,0,0,0,0,1,1,6,2,46,8,1398,2,12,-1,1,-1
201520H004535,1,9,0,18,9,2,0,10,7,4,1,1,6,1,55,8,1392,1,16,-1,1,-1
201520H004545,1,9,0,7,0,6,0,0,0,0,1,1,6,1,25,5,1896,2,10,-1,1,-1
201520H004545,2,11,0,18,0,8,0,0,0,0,2,1,1,1,44,7,-1,-1,-1,-1,1,-1
201520H004565,1,20,1,18,0,8,0,0,0,0,2,1,6,3,-1,-1,-1,-1,-1,-1,-1,-1
201520H004565,2,9,0,18,0,8,0,0,0,0,1,1,6,2,19,4,995,1,7,-1,1,-1
201520H004585,1,1,0,11,0,0,0,0,0,0,1,1,4,1,13,3,-1,-1,-1,-1,1,-1
201520H004585,2,9,0,18,0,0,0,0,0,0,3,1,2,2,32,6,1242,1,6,-1,1,-1
201520H004585,3,9,0,3,0,0,0,0,0,0,4,1,2,1,46,8,1968,2,6,-1,1,-1
201520H004635,1,9,0,16,0,0,1,0,0,0,3,1,6,1,35,6,1422,2,12,-1,1,-1
201520H004635,2,9,0,17,0,0,0,0,0,0,1,1,6,2,70,10,1560,2,6,-1,1,-1
201520H004645,1,9,0,18,0,1,0,0,0,0,1,1,6,1,29,6,1796,1,14,-1,1,-1
201520H004645,2,9,0,7,0,5,0,0,0,0,4,1,6,3,-1,-1,1299,1,15,-1,-1,-1
201520H004655,1,9,0,18,0,8,0,0,0,0,1,1,6,1,31,6,1968,2,3,-1,1,-1
201520H004655,2,9,0,18,0,8,0,0,0,0,3,1,6,1,66,10,1388,1,3,-1,1,-1
201520H004675,1,9,0,13,0,1,0,10,7,10,1,1,1,1,27,6,-1,-1,-1,-1,1,-1
201520H004675,2,9,0,9,0,1,0,0,0,0,2,1,2,1,28,6,1896,2,13,-1,1,-1
201520H004695,1,9,0,18,0,1,0,0,0,0,1,1,6,1,23,5,1242,1,3,-1,1,-1
201520H004695,2,9,0,10,0,1,0,0,0,0,2,1,6,1,19,4,1198,1,10,-1,1,-1
201520H004715,1,9,0,18,0,1,0,0,0,0,1,1,6,1,74,10,1242,1,1,-1,1,-1
201520H004715,2,9,0,3,0,1,0,0,0,0,2,1,6,2,23,5,1968,2,1,-1,1,-1
201520H004715,3,9,0,3,0,1,0,0,0,0,2,1,6,1,50,8,2199,2,3,-1,1,-1
201520H004715,4,9,0,3,0,1,0,0,0,0,2,1,6,1,27,6,1342,1,31,-1,1,-1
201520H004725,1,9,0,9,0,2,0,4,0,0,1,1,6,2,19,4,1299,1,12,-1,1,-1
201520H004725,2,9,0,2,0,2,0,0,0,0,2,1,6,1,56,9,1598,2,2,-1,1,-1
201520H004725,3,9,0,2,0,1,0,0,0,0,4,1,6,1,29,6,998,1,13,-1,1,-1
201520H004755,1,20,5,18,0,0,0,0,0,0,1,1,1,1,-1,-1,-1,-1,-1,-1,1,-1
201520H004755,2,9,0,18,0,0,0,0,0,0,2,1,6,2,45,7,1995,2,2,-1,1,-1
201520H004765,1,9,0,18,0,1,0,0,0,0,1,1,1,1,43,7,2148,2,10,-1,1,-1
201520H004765,2,9,0,3,0,1,0,0,0,0,2,1,6,1,48,8,2497,2,19,-1,1,-1
201520H004785,1,11,0,7,0,8,0,0,0,0,0,1,1,3,-1,-1,7300,2,9,-1,-1,-1
201520H004805,1,19,0,9,0,6,0,0,0,0,1,1,1,1,31,6,2143,2,4,-1,1,-1
201520H004805,2,9,0,18,0,8,1,0,0,0,1,1,6,1,47,8,1870,2,9,-1,1,-1
201520H004815,1,9,0,5,0,8,0,0,0,0,1,1,6,1,-1,-1,-1,-1,-1,-1,-1,-1
201520H004825,1,9,0,3,0,0,0,0,0,0,2,1,3,2,34,6,1595,2,5,-1,1,-1
201520H004825,2,9,0,18,0,0,0,0,0,0,1,1,6,1,-1,-1,1997,2,14,-1,-1,-1
201520H004835,1,9,0,18,0,0,0,0,0,0,1,1,6,3,-1,-1,-1,-1,-1,-1,-1,-1
201520H004845,1,9,0,6,0,8,0,0,0,0,1,1,3,2,33,6,1896,2,9,-1,1,-1
201520H004845,2,9,0,18,0,8,0,0,0,0,1,1,6,1,32,6,2099,1,13,-1,1,-1
201520H004855,1,9,0,18,0,1,0,0,0,0,1,1,6,1,41,7,-1,-1,-1,-1,1,-1
201520H004855,2,9,0,7,0,1,0,0,0,0,2,1,6,1,39,7,1390,1,6,-1,1,-1
201520H004865,1,9,0,9,0,8,0,0,0,0,3,1,6,2,23,5,1124,1,13,-1,1,-1
201520H004865,2,1,0,18,0,8,5,0,0,0,1,1,6,1,26,6,-1,-1,-1,-1,1,-1
201520H004875,1,9,0,18,0,3,5,7,1,7,1,1,6,1,37,7,-1,-1,-1,-1,1,-1
201520H004895,1,9,0,18,0,0,0,0,0,0,1,1,6,1,66,10,1896,2,13,-1,1,-1
201520H004915,1,9,0,18,0,1,1,0,0,0,1,1,1,1,-1,-1,1598,1,13,-1,1,-1
201520H004915,2,3,0,4,0,1,0,0,0,0,2,1,1,1,26,6,124,1,3,-1,1,-1
201520H004925,1,20,0,5,0,4,0,0,0,0,1,2,1,1,38,7,-1,-1,-1,-1,-1,-1
201520H004925,2,9,0,5,0,4,0,0,0,0,4,1,1,2,57,9,1598,1,5,-1,1,-1
201520H004945,1,9,0,18,0,6,0,0,0,0,1,1,6,2,-1,-1,-1,-1,-1,-1,-1,-1
201520H004945,2,1,0,7,0,1,0,0,0,0,2,1,6,1,26,6,-1,-1,-1,-1,1,-1
201520H005005,1,1,0,18,9,8,0,0,0,0,1,1,6,1,17,4,-1,-1,-1,-1,1,-1
201520H005005,2,19,0,9,9,5,0,0,0,0,3,1,2,1,34,6,2198,2,4,-1,1,-1
201520H005015,1,9,0,7,0,1,0,0,0,0,1,1,6,2,23,5,1360,1,9,-1,1,-1
201520H005015,2,9,0,18,0,1,0,0,0,0,1,1,2,1,43,7,1587,1,14,-1,1,-1
201520H005015,3,9,0,18,0,1,0,0,0,0,1,1,6,1,51,8,1994,1,16,-1,1,-1
201520H005025,1,19,0,18,0,0,1,0,0,0,1,1,6,1,31,6,1998,2,14,-1,1,-1
201520H005025,2,9,0,18,0,0,0,0,0,0,1,1,6,2,26,6,973,1,13,-1,1,-1
201520H005035,1,9,0,7,0,5,0,0,0,0,3,1,6,1,-1,-1,-1,-1,-1,-1,-1,-1
201520H005035,2,9,0,18,0,1,0,0,0,0,3,1,6,2,23,5,1995,2,6,-1,1,-1
201520H005055,1,9,0,1,9,0,0,10,1,10,2,1,6,1,84,11,1598,1,9,-1,1,-1
201520H005075,1,11,0,16,0,0,0,0,0,0,1,1,1,1,51,8,6700,2,7,-1,1,-1
201520H005085,1,3,0,14,0,0,0,0,0,0,1,1,6,1,23,5,124,1,1,-1,1,-1
201520H005085,2,9,0,18,0,0,0,0,0,0,1,1,6,1,30,6,-1,-1,-1,-1,1,-1
201520H005095,1,9,0,4,0,1,0,0,0,0,2,1,6,1,28,6,1560,2,-1,-1,1,-1
201520H005095,2,9,0,4,0,1,0,0,0,0,1,1,6,1,-1,-1,1968,2,6,-1,1,-1
201520H005105,1,9,0,18,0,2,1,0,0,0,1,1,6,1,51,8,1242,1,12,-1,1,-1
201520H005115,1,9,0,9,9,8,0,0,0,0,4,1,6,1,56,9,1560,2,9,-1,1,-1
201520H005115,2,1,0,18,0,8,0,0,0,0,1,1,4,1,6,2,-1,-1,-1,-1,1,-1
201520H005125,1,9,0,5,0,1,0,0,0,0,1,1,6,2,49,8,1149,1,13,-1,1,-1
201520H005125,2,21,0,8,0,1,0,0,0,0,2,1,1,1,30,6,-1,-1,-1,-1,1,-1
201520H005135,1,9,0,18,0,0,0,0,0,0,4,1,6,1,54,8,999,1,1,-1,1,-1
201520H005145,1,9,0,9,0,8,0,0,0,0,1,1,6,2,53,8,1956,2,2,-1,1,-1
201520H005155,1,11,0,5,0,2,0,0,0,0,0,1,1,2,-1,-1,7300,2,8,-1,-1,-1
201520H005155,2,9,0,13,0,2,0,0,0,0,0,1,6,3,-1,-1,-1,-1,-1,-1,-1,-1
201520H005165,1,1,0,18,0,0,0,0,0,0,1,1,6,1,3,1,-1,-1,-1,-1,1,-1
201520H005165,2,9,0,18,0,0,0,0,0,0,4,1,1,1,60,9,1984,1,2,-1,1,-1
201520H005175,1,9,0,3,0,1,0,0,0,0,2,1,6,1,66,10,1910,2,8,-1,1,-1
201520H005175,2,21,1,5,0,1,0,0,0,0,1,1,1,1,-1,-1,12777,2,8,-1,1,-1
201520H005185,1,9,0,9,0,2,0,10,7,0,3,1,6,1,85,11,1388,1,6,-1,1,-1
201520H005185,2,9,0,18,0,1,0,0,0,0,4,1,1,2,35,6,1753,2,11,-1,1,-1
201520H005185,3,19,0,2,0,2,0,0,0,0,4,1,6,1,-1,-1,2499,2,1,-1,-1,-1
201520H005195,1,9,0,9,0,1,0,0,0,0,1,1,6,1,24,5,1364,1,10,-1,1,-1
201520H005205,1,9,0,18,0,1,0,0,0,0,1,1,6,1,18,4,1360,1,12,-1,1,-1
201520H005205,2,9,0,3,0,1,0,0,0,0,2,1,6,1,23,5,1364,1,7,-1,1,-1
201520H005205,3,9,0,3,0,1,0,0,0,0,2,1,6,2,20,4,875,1,4,-1,3,-1
201520H005225,1,11,0,18,0,2,0,0,0,0,1,1,1,1,51,8,-1,2,14,-1,1,-1
201520H005245,1,9,0,18,0,2,0,0,0,0,1,1,6,2,40,7,1339,1,12,-1,1,-1
201520H005245,2,9,0,18,0,2,0,0,0,0,2,1,1,2,32,6,998,1,13,-1,1,-1
201520H005245,3,9,0,18,0,2,0,0,0,0,2,1,6,2,26,6,1956,2,4,-1,1,-1
201520H005255,1,11,0,5,0,0,0,0,0,0,0,1,1,1,46,8,6700,2,3,-1,1,-1
201520H005265,1,21,0,9,0,6,0,0,0,0,3,1,1,1,60,9,4461,2,3,-1,1,-1
201520H005265,2,9,0,18,0,8,0,0,0,0,4,1,6,1,56,9,3200,2,12,-1,1,-1
201520H005285,1,4,0,4,0,8,1,0,0,0,1,1,6,1,47,8,498,1,13,-1,2,-1
201520H005285,2,9,0,4,0,8,0,0,0,0,2,1,6,1,52,8,1242,1,2,-1,1,-1
201520H005285,3,90,0,7,0,6,0,0,0,0,0,1,2,2,-1,-1,-1,-1,-1,-1,1,-1
201520H005295,1,19,0,18,0,1,0,0,0,0,1,1,6,1,-1,-1,-1,-1,-1,-1,-1,-1
201520H005295,2,9,0,4,0,1,0,0,0,0,2,1,2,2,40,7,1560,2,5,-1,1,-1
201520H005305,1,9,0,5,0,0,0,4,7,10,1,1,6,1,78,11,1985,1,18,-1,1,-1
201520H005305,2,9,0,2,0,0,0,0,0,0,2,1,6,2,25,5,2198,1,13,-1,1,-1
201520H005305,3,9,0,2,0,0,0,0,0,0,2,1,6,1,60,9,1796,1,10,-1,1,-1
201520H005325,1,9,0,9,0,6,0,0,0,0,3,1,6,1,71,10,1998,2,10,-1,1,-1
201520H005325,2,19,4,18,0,8,1,0,0,0,1,1,6,1,22,5,2461,2,7,-1,1,-1
201520H005345,1,9,0,18,0,0,0,0,0,0,1,1,2,2,47,8,998,1,11,-1,1,-1
201520H005355,1,19,0,18,0,4,0,0,0,0,1,1,6,1,-1,-1,2148,2,9,-1,-1,-1
201520H005355,2,9,0,18,0,3,0,0,0,0,4,1,6,1,70,10,1248,1,-1,-1,1,-1
201520H005405,1,9,0,18,0,0,0,0,0,0,1,1,3,1,41,7,1598,1,10,-1,1,-1
201520H005465,1,9,0,18,0,2,0,0,0,0,1,1,6,1,47,8,-1,-1,-1,-1,1,-1
201520H005465,2,9,0,18,0,2,0,0,0,0,2,1,6,1,70,10,1248,1,4,-1,1,-1
201520H005475,1,9,0,18,0,8,0,7,4,6,1,1,6,1,-1,-1,1598,1,11,-1,-1,-1
201520H005475,2,9,0,18,0,8,0,0,0,0,1,1,6,2,59,9,1299,1,12,-1,1,-1
201520H005495,1,9,0,18,0,0,0,0,0,0,1,1,3,1,41,7,1598,1,10,-1,1,-1
201520H005505,1,9,0,6,0,0,0,0,0,0,4,1,6,1,28,6,1749,1,14,-1,1,-1
201520H005505,2,9,0,18,0,0,0,0,0,0,1,1,6,1,33,6,1781,1,15,-1,1,-1
201520H005515,1,9,0,18,0,0,5,10,0,0,1,1,1,1,31,6,1398,2,13,-1,1,-1
201520H005515,2,9,0,3,0,0,0,0,0,0,3,1,3,2,39,7,1968,2,-1,-1,1,-1
201520H005525,1,9,0,5,0,1,0,0,0,0,1,1,6,3,-1,-1,-1,-1,-1,-1,-1,-1
201520H005525,2,1,0,18,0,1,0,0,0,0,2,1,6,1,15,3,-1,-1,-1,-1,1,-1
201520H005555,1,9,0,9,0,6,0,0,0,0,1,1,6,1,65,9,1560,2,9,-1,1,-1
201520H005555,2,3,0,18,0,8,0,0,0,0,4,1,1,1,26,6,124,1,8,-1,1,-1
201520H005575,1,9,0,14,0,0,0,0,0,0,1,1,6,2,31,6,1956,2,-1,-1,1,-1
201520H005585,1,9,0,9,0,4,0,0,0,0,1,1,6,1,27,6,1598,1,8,-1,1,-1
201520H005585,2,9,0,7,0,4,0,0,0,0,1,1,6,2,27,6,1229,1,3,-1,1,-1
201520H005605,1,9,0,18,0,1,0,0,0,0,1,1,6,1,-1,-1,1392,1,29,-1,-1,-1
201520H005605,2,19,0,3,0,1,0,0,0,0,2,1,6,1,36,7,1870,2,11,-1,1,-1
201520H005625,1,9,0,9,0,6,0,0,0,0,1,1,6,3,-1,-1,1870,2,12,-1,-1,-1
201520H005625,2,9,0,18,0,8,0,0,0,0,1,1,6,3,-1,-1,1598,1,14,-1,-1,-1
201520H005635,1,9,0,18,0,0,0,0,0,0,1,1,2,2,30,6,1364,1,8,-1,1,-1
201520H005645,1,9,0,18,0,2,0,0,0,0,4,1,6,1,82,11,1870,2,15,-1,1,-1
201520H005645,2,1,0,18,0,2,0,0,0,0,3,1,6,1,32,6,-1,-1,-1,-1,1,-1
201520H005665,1,9,0,18,0,1,0,0,0,0,1,1,2,1,30,6,1339,1,12,-1,1,-1
201520H005665,2,9,0,7,0,1,0,0,0,0,2,1,6,2,38,7,-1,-1,-1,-1,1,-1
201520H005695,1,9,0,7,0,2,1,7,0,0,1,1,6,1,-1,-1,2946,1,13,-1,-1,-1
201520H005695,2,9,0,10,0,1,0,0,0,0,3,1,6,1,31,6,1560,2,8,-1,1,-1
201520H005695,3,9,0,10,0,1,0,0,0,0,1,1,2,1,33,6,998,1,1,-1,1,-1
201520H005715,1,9,0,18,0,1,0,0,0,0,1,1,1,2,-1,-1,1968,2,7,-1,-1,-1
201520H005715,2,9,0,3,0,1,0,0,0,0,2,1,1,2,39,7,998,1,7,-1,1,-1
201520H005725,1,9,0,18,0,1,1,4,0,0,1,1,6,1,26,6,1199,1,12,-1,1,-1
201520H005725,2,9,0,2,0,1,0,4,0,0,2,1,6,2,30,6,1747,1,11,-1,1,-1
201520H005725,3,9,0,2,0,1,0,0,0,0,2,1,6,1,-1,-1,1995,2,10,-1,1,-1
201520H005745,1,9,0,9,0,8,0,0,0,0,1,1,6,1,29,6,1298,1,10,-1,1,-1
201520H005745,2,9,0,18,0,8,0,0,0,0,1,1,1,1,29,6,1968,2,4,-1,1,-1
201520H005755,1,9,0,18,0,0,0,0,0,0,1,1,6,1,36,7,2198,1,12,-1,1,-1
201520H005765,1,9,0,18,0,0,0,0,0,0,0,1,6,3,-1,-1,-1,-1,-1,-1,-1,-1
201520H005765,2,8,0,18,0,0,0,0,0,0,0,1,1,1,-1,-1,1896,2,5,-1,-1,-1
201520H006115,1,9,0,18,0,4,2,7,0,0,1,1,6,1,21,5,1686,2,9,-1,1,-1
201520H006125,1,9,0,1,0,0,0,0,0,0,2,1,6,1,-1,-1,1461,2,11,-1,-1,-1
201520H006135,1,9,0,18,0,0,0,8,0,0,1,1,6,1,-1,-1,1364,1,8,-1,-1,-1
201520H006135,2,9,0,2,0,0,0,0,0,0,4,1,6,2,35,6,1870,2,12,-1,1,-1
201520H006145,1,11,0,5,0,0,0,0,0,0,0,1,1,1,67,10,8268,2,11,-1,1,-1
201520H006155,1,9,0,9,0,8,0,0,0,0,1,1,6,1,24,5,1242,1,14,-1,1,-1
201520H006155,2,1,0,18,0,8,0,0,0,0,1,1,6,1,44,7,-1,-1,-1,-1,1,-1
201520H006175,1,5,0,13,0,8,0,0,0,0,1,1,2,1,29,6,599,1,17,-1,1,-1
201520H006175,2,9,0,9,0,5,0,0,0,0,1,1,6,2,37,7,1329,1,2,-1,1,-1
201520H006175,3,9,0,4,0,1,0,0,0,0,1,1,6,1,61,9,1995,2,11,-1,1,-1
201520H006185,1,9,0,16,0,2,0,10,7,0,1,1,6,1,-1,-1,-1,-1,-1,-1,-1,-1
201520H006265,1,9,0,17,0,0,1,10,0,0,1,1,6,1,17,4,1000,1,-1,-1,1,-1
201520H006265,2,9,0,16,0,0,0,0,0,0,1,1,6,2,74,10,1398,2,13,-1,1,-1
201520H006285,1,5,0,13,0,1,2,0,0,0,1,1,6,1,21,5,599,1,17,-1,1,-1
201520H006285,2,9,0,18,0,1,0,0,0,0,3,1,6,1,64,9,1997,1,15,-1,1,-1
201520H006285,3,11,0,5,0,2,0,0,0,0,2,1,1,1,49,8,6700,2,7,-1,1,-1
201520H006285,4,9,0,7,0,6,0,0,0,0,2,1,6,2,21,5,1242,1,-1,-1,1,-1
201520H006315,1,9,0,5,0,0,0,0,0,0,1,1,1,1,39,7,-1,-1,-1,-1,1,-1
201520H006325,1,9,0,18,0,0,0,10,7,0,1,1,6,3,-1,-1,-1,-1,-1,-1,-1,-1
201520H006375,1,9,0,18,0,0,0,0,0,0,1,1,6,1,-1,-1,1229,1,-1,-1,-1,-1
201520H006375,2,9,0,2,0,0,0,0,0,0,3,1,6,1,46,8,1598,1,5,-1,1,-1
201520H006395,1,9,0,5,9,8,0,0,0,0,3,1,1,2,21,5,-1,-1,-1,-1,1,-1
201520H006395,2,1,0,18,9,8,0,0,0,0,1,1,1,1,25,5,-1,-1,-1,-1,1,-1
201520H006405,1,9,0,5,0,8,0,0,0,0,1,1,6,1,50,8,1149,1,12,-1,1,-1
201520H006405,2,9,0,5,0,4,0,0,0,0,3,1,6,2,32,6,1398,2,10,-1,1,-1
201520H006425,1,5,0,16,0,0,0,4,0,0,1,1,6,1,22,5,-1,-1,-1,-1,1,-1
201520H006425,2,9,0,2,0,0,0,0,0,0,2,1,6,2,29,6,1461,2,5,-1,1,-1
201520H006455,1,9,0,9,0,8,0,0,0,0,1,1,6,2,21,5,1242,1,8,-1,1,-1
201520H006455,2,9,0,18,0,8,0,0,0,0,1,1,6,1,30,6,2993,2,5,-1,1,-1
201520H006475,1,9,0,13,0,8,0,0,0,0,1,1,6,2,32,6,1360,1,8,-1,1,-1
201520H006475,2,9,0,18,0,8,0,0,0,0,1,1,2,2,21,5,1229,1,7,-1,1,-1
201520H006525,1,9,0,18,0,0,0,0,0,0,1,1,6,1,-1,-1,1794,1,7,-1,-1,-1
201520H006525,2,9,0,18,0,0,0,0,0,0,2,1,6,1,56,9,1997,1,3,-1,1,-1
201520H006525,3,9,0,2,0,0,0,0,0,0,3,1,6,3,-1,-1,1968,2,4,-1,1,-1
201520H006555,1,9,0,7,0,1,0,0,0,0,4,1,1,2,42,7,1560,2,5,-1,1,-1
201520H006555,2,1,0,18,0,1,0,0,0,0,3,1,1,1,60,9,-1,-1,-1,-1,1,-1
201520H006605,1,9,0,18,0,8,1,0,0,0,1,1,6,1,77,11,1149,1,10,-1,1,-1
201520H006605,2,9,0,18,0,8,2,0,4,0,4,1,6,1,23,5,1560,2,-1,-1,1,-1
201520H006625,1,9,0,4,0,1,0,0,0,0,4,1,6,1,65,9,1364,1,-1,-1,1,-1
201520H006685,1,9,0,5,0,1,0,0,0,0,1,1,6,2,37,7,1299,1,12,-1,1,-1
201520H006695,1,9,0,9,0,6,0,0,0,0,3,1,6,2,38,7,1560,2,4,-1,1,-1
201520H006695,2,9,0,18,0,8,0,0,0,0,1,1,6,1,23,5,-1,-1,-1,-1,1,-1
201520H006705,1,5,0,11,2,0,1,0,0,0,1,1,2,1,32,6,-1,-1,-1,-1,1,-1
201520H006705,2,9,0,5,0,0,0,0,0,0,2,1,2,2,30,6,1149,1,5,-1,1,-1
201520H006715,1,9,0,17,0,1,1,10,2,10,1,1,6,1,18,4,1596,1,9,-1,1,-1
201520H006725,1,9,0,18,0,1,0,0,0,0,1,1,6,2,-1,-1,2993,2,4,-1,-1,-1
201520H006745,1,9,0,13,0,1,0,0,0,0,1,1,6,3,-1,-1,-1,-1,-1,-1,-1,-1
201520H006745,2,9,0,9,0,1,0,0,0,0,1,1,1,1,45,7,1390,1,12,-1,1,-1
201520H006755,1,9,0,4,0,0,0,0,0,0,1,1,6,2,40,7,1560,2,5,-1,1,-1
201520H006765,1,9,0,9,0,5,0,0,0,0,1,1,6,1,27,6,1794,1,7,-1,1,-1
201520H006765,2,3,0,18,0,8,0,0,0,0,1,1,6,1,24,5,98,1,24,-1,1,-1
201520H006785,1,3,0,13,0,8,0,0,0,0,1,1,2,1,18,4,-1,-1,-1,-1,1,-1
201520H006785,2,9,0,9,0,5,0,0,0,0,3,1,3,2,60,9,1198,1,3,-1,1,-1
201520H006795,1,1,0,18,0,0,0,0,0,0,4,1,6,1,14,3,-1,-1,-1,-1,1,-1
201520H006795,2,9,0,18,0,0,0,0,0,0,1,1,6,2,32,6,1560,2,5,-1,1,-1
201520H006805,1,21,1,18,0,8,0,0,0,0,1,2,1,1,44,7,-1,-1,-1,-1,-1,-1
201520H006805,2,9,0,18,0,8,0,0,0,0,4,1,1,2,34,6,2179,2,4,-1,1,-1
201520H006815,1,21,4,11,0,0,0,0,0,0,1,1,1,1,47,8,12777,2,2,-1,1,-1
201520H006815,2,9,0,18,0,0,5,10,1,4,1,1,2,2,34,6,1364,1,9,-1,1,-1
201520H006845,1,9,0,5,0,8,0,0,0,0,1,1,1,2,50,8,1997,1,9,-1,2,-1
201520H006845,2,1,0,5,0,3,0,0,0,0,4,1,1,1,42,7,-1,-1,-1,-1,1,-1
201520H006855,1,10,0,18,0,8,2,0,0,0,4,1,1,1,32,6,2198,2,8,-1,1,-1
201520H006855,2,9,0,18,0,8,1,0,0,0,1,1,6,1,51,8,-1,-1,-1,-1,-1,-1
201520H006905,1,9,0,1,9,8,0,0,0,0,4,1,1,1,32,6,1798,1,11,-1,1,-1
201520H006905,2,21,1,18,0,8,0,0,0,0,1,1,1,1,48,8,12902,2,2,-1,1,-1
201520H006925,1,9,0,5,0,6,0,0,0,0,4,1,6,2,37,7,1995,2,1,-1,1,-1
201520H006925,2,3,0,14,0,8,1,0,0,0,1,1,6,1,28,6,124,1,1,-1,1,-1
201520H006985,1,9,0,7,0,5,0,0,0,0,4,1,6,3,-1,-1,-1,-1,-1,-1,-1,-1
201520H006985,2,1,0,18,0,1,0,0,0,0,1,1,2,1,-1,-1,-1,-1,-1,-1,1,-1
201520H007005,1,1,0,17,0,0,0,10,1,0,1,1,2,1,32,6,-1,-1,-1,-1,1,-1
201520H007005,2,9,0,13,0,0,0,0,0,0,0,1,6,3,-1,-1,-1,-1,-1,-1,-1,-1
201520H007025,1,19,0,17,0,0,0,0,0,0,1,1,6,1,-1,-1,1997,2,7,-1,-1,-1
201520H007025,2,9,0,16,0,0,0,0,0,0,1,1,6,2,33,6,1149,1,14,-1,1,-1
201520H007045,1,9,0,9,0,6,0,0,0,0,3,1,1,1,-1,-1,1598,1,2,-1,1,-1
201520H007045,2,9,0,18,0,8,0,0,0,0,1,1,1,2,28,6,1149,1,13,-1,1,-1
201520H007095,1,9,0,18,0,1,0,0,0,0,1,1,6,1,24,5,1596,1,14,-1,1,-1
201520H007095,2,19,0,9,0,1,0,0,0,0,2,1,1,1,52,8,2198,2,1,-1,2,-1
201520H007105,1,9,0,18,0,1,0,0,0,0,1,1,6,2,37,7,998,1,2,-1,1,-1
201520H007105,2,9,0,18,0,1,0,0,0,0,2,1,6,2,50,8,1598,2,1,-1,-1,-1
201520H007145,1,9,0,9,0,6,0,0,0,0,3,1,6,1,36,7,1783,1,14,-1,1,-1
201520H007145,2,9,0,18,0,8,0,0,0,0,1,1,6,2,30,6,1598,1,9,-1,1,-1
201520H007155,1,21,1,18,0,1,0,0,0,0,2,1,1,1,47,8,12900,2,5,-1,1,-1
201520H007225,1,9,0,9,0,6,0,0,0,0,3,1,1,2,34,6,1598,1,3,-1,1,-1
201520H007225,2,5,0,18,0,8,0,0,0,0,1,1,6,1,57,9,1731,1,6,-1,1,-1
201520H007235,1,4,0,7,0,6,1,0,0,0,1,1,6,1,16,4,125,1,16,-1,1,-1
201520H007235,2,19,0,18,0,8,1,0,0,0,1,1,6,1,41,7,2198,2,3,-1,1,-1
201520H007235,3,9,0,4,0,1,0,0,0,0,0,1,1,1,-1,-1,-1,-1,-1,-1,1,-1
201520H007265,1,9,0,14,0,2,0,0,0,0,1,1,6,1,30,6,1590,1,11,-1,1,-1
201520H007315,1,9,0,18,0,0,0,10,7,0,1,1,6,1,29,6,1998,1,14,-1,1,-1
201520H007315,2,9,0,18,0,0,0,10,1,0,2,1,6,2,72,10,998,1,8,-1,1,-1
201520H007325,1,9,0,18,0,0,0,0,0,0,1,1,6,2,-1,-1,1596,1,13,-1,-1,-1
201520H007325,2,9,0,4,0,0,0,0,0,0,2,1,2,2,19,4,1299,1,13,-1,1,-1
201520H007385,1,9,0,18,0,0,0,0,0,0,4,1,6,2,42,7,1910,2,7,-1,1,-1
201520H007395,1,9,0,3,0,3,0,0,0,0,1,1,6,2,52,8,1198,1,2,-1,1,-1
201520H007395,2,9,0,5,0,3,0,0,7,10,4,1,6,2,-1,-1,1995,2,8,-1,-1,-1
201520H007405,1,8,0,5,0,1,0,0,0,0,1,1,3,1,56,9,1686,2,6,-1,1,-1
201520H007425,1,9,0,18,0,4,0,0,0,0,1,1,1,2,23,5,1560,2,5,-1,1,-1
201520H007425,2,5,0,18,0,4,5,0,0,0,2,1,1,1,46,8,656,1,10,-1,1,-1
201520H007445,1,9,0,9,0,5,0,0,0,0,1,1,6,1,28,6,2148,2,13,-1,1,-1
201520H007445,2,1,0,18,0,8,0,10,1,0,1,1,2,1,33,6,-1,-1,-1,-1,1,-1
201520H007475,1,9,0,9,0,8,0,0,0,0,1,1,6,1,88,11,1796,1,15,-1,1,-1
201520H007475,2,9,0,18,0,8,0,0,0,0,1,1,6,1,74,10,1560,2,7,-1,1,-1
201520H007485,1,19,0,4,9,8,0,0,0,0,1,1,1,1,-1,-1,-1,-1,-1,-1,-1,-1
201520H007485,2,1,0,18,9,8,0,0,0,0,1,1,6,2,10,2,-1,-1,-1,-1,1,-1
201520H007505,1,9,0,17,0,1,0,7,7,1,1,1,6,2,73,10,1248,1,5,-1,1,-1
201520H007565,1,9,0,18,0,2,0,0,0,0,1,1,6,1,26,6,1896,2,13,-1,1,-1