Accident_Index,Vehicle_Reference,Vehicle_Type,Towing_and_Articulation,Vehicle_Manoeuvre,Vehicle_Location-Restricted_Lane,Junction_Location,Skidding_and_Overturning,Hit_Object_in_Carriageway,Vehicle_Leaving_Carriageway,Hit_Object_off_Carriageway,1st_Point_of_Impact,Was_Vehicle_Left_Hand_Drive?,Journey_Purpose_of_Driver,Sex_of_Driver,Age_of_Driver,Age_Band_of_Driver,Engine_Capacity_(CC),Propulsion_Code,Age_of_Vehicle,Driver_IMD_Decile,Driver_Home_Area_Type,Vehicle_IMD_Decile
201520H007585,1,9,0,18,0,0,1,0,0,0,1,1,6,1,39,7,1560,2,2,-1,1,-1
201520H007585,2,9,0,3,0,0,0,0,0,0,2,1,6,2,44,7,1248,2,6,-1,1,-1
201520H007585,3,9,0,3,0,0,0,0,0,0,2,1,6,1,48,8,1560,2,9,-1,1,-1
201520H007605,1,9,0,18,0,3,0,0,0,0,4,1,6,1,26,6,1984,1,-1,-1,1,-1
201520H007605,2,8,0,18,0,4,0,0,0,0,3,1,6,1,-1,-1,1896,2,8,-1,-1,-1
201520H007635,1,9,0,18,0,8,0,0,0,0,1,1,6,1,26,6,1461,2,1,-1,1,-1
201520H007635,2,9,0,18,0,8,0,0,1,0,4,1,6,2,25,5,1363,2,10,-1,1,-1
201520H007655,1,19,0,11,0,1,0,0,0,0,1,1,1,1,25,5,2148,2,8,-1,1,-1
201520H007655,2,9,0,18,0,1,0,0,0,0,1,1,2,1,32,6,1396,1,11,-1,1,-1
201520H007655,3,9,0,4,0,1,0,0,0,0,2,1,2,2,52,8,1598,1,9,-1,1,-1
201520H007665,1,9,0,18,0,0,0,0,0,0,4,1,6,1,52,8,1896,2,12,-1,1,-1
201520H007675,1,9,0,18,0,8,0,0,0,0,4,1,6,1,44,7,1246,1,8,-1,1,-1
201520H007675,2,9,0,18,0,6,0,0,0,0,1,1,6,1,53,8,1364,1,9,-1,1,-1
201520H007725,1,9,0,18,0,1,0,0,0,0,1,1,6,1,19,4,954,1,20,-1,1,-1
201520H007725,2,9,0,3,0,1,0,0,0,0,2,1,1,1,40,7,1796,1,5,-1,1,-1
201520H007765,1,3,0,4,0,8,0,0,0,0,3,1,6,1,21,5,125,1,-1,-1,1,-1
201520H007765,2,9,0,9,0,8,0,0,0,0,1,1,6,1,22,5,2143,2,4,-1,1,-1
201520H007795,1,9,0,9,0,6,0,0,0,0,1,1,6,1,22,5,1242,1,12,-1,1,-1
201520H007795,2,19,0,18,0,1,0,0,0,0,1,1,6,1,55,8,2151,2,14,-1,1,-1
201520H007855,1,9,0,18,0,1,0,7,4,7,4,1,6,1,29,6,2171,1,11,-1,1,-1
201520H007855,2,9,0,18,0,1,0,0,1,10,3,1,2,2,26,6,1329,1,5,-1,1,-1
201520H007925,1,9,0,18,0,0,0,0,0,0,1,1,6,2,78,11,1339,1,6,-1,1,-1
201520H007945,1,9,0,18,0,0,1,10,7,2,1,1,6,1,46,8,1248,2,5,-1,1,-1
201520H007955,1,9,0,9,0,6,0,0,0,0,3,1,6,1,77,11,1242,1,3,-1,1,-1
201520H007955,2,1,0,18,0,8,0,0,0,0,1,1,1,1,22,5,-1,-1,-1,-1,1,-1
201520H007965,1,9,0,9,0,5,0,0,0,0,4,1,6,1,63,9,848,1,28,-1,1,-1
201520H007965,2,9,0,18,0,8,0,0,0,0,1,1,6,1,28,6,2993,2,8,-1,1,-1
201520H007995,1,9,0,17,0,2,1,10,7,10,4,1,6,1,18,4,1124,1,12,-1,1,-1
201520H007995,2,9,0,16,0,1,0,0,0,0,1,1,6,1,61,9,2231,2,9,-1,1,-1
201520H008015,1,9,0,18,0,8,0,0,0,0,1,1,6,2,29,6,1242,1,3,-1,1,-1
201520H008015,2,9,0,18,0,8,0,0,0,0,1,1,6,1,24,5,1590,1,13,-1,1,-1
201520H008015,3,9,0,18,0,8,0,0,0,0,3,1,6,2,50,8,1995,2,1,-1,-1,-1
201520H008065,1,9,0,18,0,2,1,10,1,0,1,1,6,1,25,5,3200,1,9,-1,1,-1
201520H008065,2,21,0,18,0,1,0,0,0,0,3,1,1,1,38,7,10837,2,2,-1,1,-1
201520H008075,1,9,0,9,0,6,0,0,0,0,3,1,6,1,77,11,1910,2,7,-1,1,-1
201520H008075,2,9,0,18,0,8,1,0,0,0,1,1,6,1,25,5,1968,2,-1,-1,1,-1
201520H008085,1,21,0,18,9,8,0,10,7,4,2,1,1,1,50,8,-1,2,11,-1,-1,-1
201520H008085,2,9,0,2,0,8,0,0,0,0,1,1,2,2,55,8,1796,1,12,-1,1,-1
201520H008095,1,9,0,7,0,6,0,0,0,0,1,1,1,1,40,7,1560,2,2,-1,1,-1
201520H008095,2,1,0,18,0,8,0,0,0,0,1,1,1,1,43,7,-1,-1,-1,-1,1,-1
201520H008155,1,9,0,16,0,0,0,0,0,0,3,1,6,2,44,7,1596,1,2,-1,1,-1
201520H008155,2,9,0,17,0,0,0,0,0,0,3,1,6,2,24,5,1229,1,4,-1,-1,-1
201520H008165,1,9,0,7,0,2,0,0,0,0,1,1,1,1,41,7,1360,1,10,-1,1,-1
201520H008165,2,1,0,18,0,2,0,0,1,0,2,1,1,1,52,8,-1,-1,-1,-1,1,-1
201520H008195,1,9,0,3,0,0,0,0,0,0,2,1,2,2,33,6,1368,1,9,-1,1,-1
201520H008195,2,9,0,4,0,0,0,0,0,0,1,1,6,1,-1,-1,-1,-1,-1,-1,1,-1
201520H008235,1,3,0,18,0,8,0,0,0,0,1,1,6,1,23,5,124,1,4,-1,1,-1
201520H008235,2,19,0,9,0,5,0,0,0,0,2,1,1,1,54,8,2198,2,1,-1,1,-1
201520H008245,1,9,0,7,0,6,1,7,7,1,1,1,6,1,25,5,1956,2,4,-1,1,-1
201520H008255,1,19,0,18,0,8,0,0,0,0,4,1,6,1,68,10,1753,2,11,-1,1,-1
201520H008255,2,1,0,18,0,8,0,0,0,0,1,1,1,1,34,6,-1,-1,-1,-1,1,-1
201520H008285,1,9,0,2,0,0,0,0,0,0,3,1,6,1,20,4,1299,1,15,-1,1,-1
201520H008285,2,1,0,13,0,0,0,8,0,0,1,1,1,1,26,6,-1,-1,-1,-1,1,-1
201520H008295,1,9,0,18,0,1,0,0,0,0,1,1,6,1,37,7,1587,1,14,-1,1,-1
201520H008295,2,9,0,4,0,1,0,0,0,0,2,1,6,1,35,6,1598,2,3,-1,1,-1
201520H008305,1,20,0,2,0,0,0,0,0,0,3,1,1,1,24,5,2287,2,1,-1,1,-1
201520H008305,2,19,0,14,0,0,0,4,0,0,1,1,6,3,-1,-1,-1,-1,-1,-1,-1,-1
201520H008345,1,9,0,9,0,6,0,0,0,0,1,1,6,2,29,6,1968,2,4,-1,1,-1
201520H008345,2,11,0,18,0,8,0,0,0,0,1,1,1,1,57,9,9600,2,18,-1,1,-1
201520H008395,1,9,0,1,0,1,0,0,0,0,2,1,1,1,31,6,1399,1,6,-1,1,-1
201520H008395,2,1,0,7,0,5,0,0,0,0,1,1,1,1,42,7,-1,-1,-1,-1,1,-1
201520H008405,1,9,0,18,0,0,0,0,0,0,1,1,6,2,26,6,1956,2,-1,-1,1,-1
201520H008415,1,3,0,13,0,8,0,0,0,0,1,1,6,1,-1,-1,124,1,14,-1,-1,-1
201520H008415,2,9,0,9,0,5,0,0,0,0,3,1,6,1,23,5,1598,1,6,-1,1,-1
201520H008465,1,9,0,5,0,1,0,0,0,0,1,1,6,1,48,8,1968,2,2,-1,1,-1
201520H008465,2,9,0,3,0,1,0,0,0,0,2,1,6,2,40,7,1199,2,4,-1,1,-1
201520H008475,1,9,0,18,0,0,0,0,0,0,1,1,6,1,69,10,998,1,1,-1,1,-1
201520H008485,1,3,0,4,0,1,1,0,0,0,1,1,1,2,20,4,-1,-1,-1,-1,1,-1
201520H008485,2,9,0,4,0,1,0,0,0,0,2,1,1,1,37,7,1398,2,13,-1,1,-1
201520H008495,1,9,0,5,0,1,0,0,0,0,1,1,3,1,32,6,1598,1,5,-1,1,-1
201520H008495,2,1,0,7,0,1,0,0,0,0,1,1,6,1,84,11,-1,-1,-1,-1,1,-1
201520H008565,1,20,0,9,0,2,0,0,0,0,0,1,1,1,61,9,3920,2,6,-1,1,-1
201520H008595,1,11,0,7,0,2,0,0,0,0,0,1,1,2,38,7,7300,2,14,-1,1,-1
201520H008605,1,9,0,6,0,0,0,0,0,0,1,1,6,2,24,5,1299,1,12,-1,1,-1
201520H008605,2,1,0,18,0,0,0,0,0,0,1,1,6,1,-1,-1,-1,-1,-1,-1,-1,-1
201520H008615,1,9,0,18,0,0,0,0,0,0,1,1,6,3,-1,-1,-1,-1,-1,-1,-1,-1
201520H008665,1,9,0,7,9,5,0,10,1,10,1,1,6,1,19,4,1686,2,8,-1,1,-1
201520H008665,2,9,0,2,0,2,0,0,0,0,3,1,6,1,45,7,1150,1,7,-1,1,-1
201520H008675,1,9,0,18,0,0,0,4,0,0,1,1,6,1,27,6,1796,1,12,-1,1,-1
201520H008675,2,9,0,2,0,0,0,0,0,0,3,1,6,2,-1,-1,1242,1,5,-1,-1,-1
201520H008685,1,9,0,18,0,8,0,0,0,0,1,1,1,1,28,6,1598,2,4,-1,1,-1
201520H008695,1,9,0,18,0,1,0,0,0,0,1,1,6,3,-1,-1,-1,-1,-1,-1,-1,-1
201520H008695,2,9,0,10,0,1,0,0,0,0,2,1,1,2,35,6,1598,1,12,-1,1,-1
201520H008735,1,5,0,18,0,3,0,0,0,0,0,1,6,1,57,9,998,1,8,-1,1,-1
201520H008745,1,9,0,14,0,0,0,0,0,0,1,1,6,2,33,6,1368,1,8,-1,1,-1
201520H008755,1,9,0,18,0,0,0,0,0,0,4,1,6,2,27,6,1149,1,5,-1,1,-1
201520H008765,1,20,1,9,0,5,0,0,0,0,1,1,1,1,55,8,-1,-1,-1,-1,1,-1
201520H008765,2,9,0,13,0,8,0,10,1,10,1,1,6,2,34,6,1598,1,9,-1,1,-1
201520H008795,1,9,0,17,0,8,0,0,0,0,1,1,6,1,-1,-1,1753,2,10,-1,-1,-1
201520H008795,2,9,0,18,0,8,1,10,7,10,2,1,2,2,71,10,1229,1,4,-1,1,-1
201520H008805,1,9,0,4,0,1,1,0,0,0,1,1,6,1,-1,-1,1870,2,15,-1,-1,-1
201520H008805,2,9,0,4,0,1,0,0,0,0,2,1,2,1,28,6,1587,1,9,-1,1,-1
201520H008815,1,21,1,18,0,0,0,0,0,0,4,1,1,1,-1,-1,12902,2,2,-1,3,-1
201520H008815,2,9,0,12,0,0,0,0,0,0,3,1,6,2,48,8,1598,1,2,-1,1,-1
201520H008825,1,9,0,9,0,6,0,0,0,0,3,1,1,1,44,7,-1,-1,-1,-1,1,-1
201520H008825,2,2,0,14,0,8,0,0,0,0,1,1,6,1,16,4,49,1,12,-1,1,-1
201520H008835,1,9,0,11,0,4,0,0,0,0,1,1,6,1,87,11,1798,1,9,-1,1,-1
201520H008835,2,1,0,11,0,3,0,0,0,0,2,1,6,1,41,7,-1,-1,-1,-1,1,-1
201520H008865,1,9,0,18,0,8,0,0,0,0,1,1,6,2,41,7,1368,1,12,-1,1,-1
201520H008865,2,9,0,18,0,8,0,0,7,10,1,1,6,2,27,6,1598,1,11,-1,1,-1
201520H008875,1,21,1,5,0,1,0,0,0,0,4,1,1,3,-1,-1,12419,2,3,-1,-1,-1
201520H008875,2,9,0,9,0,1,0,0,0,0,1,1,6,2,27,6,1598,2,1,-1,1,-1
201520H008935,1,9,0,5,0,1,0,0,0,0,3,1,6,1,44,7,2987,2,4,-1,1,-1
201520H008945,1,9,0,18,0,0,0,0,0,0,1,1,6,2,23,5,1124,1,13,-1,1,-1
201520H008975,1,9,0,16,0,4,5,0,7,8,1,1,6,1,31,6,2324,1,13,-1,1,-1
201520H009015,1,9,0,13,0,8,0,10,7,10,1,1,6,1,38,7,1998,1,13,-1,1,-1
201520H009015,2,9,0,4,0,8,0,10,7,0,3,1,6,1,22,5,1390,1,12,-1,1,-1
201520H009085,1,11,0,18,0,0,0,0,0,0,1,1,1,1,43,7,6700,2,4,-1,1,-1
201520H009105,1,9,0,13,0,2,0,0,0,0,4,1,6,3,-1,-1,-1,-1,-1,-1,-1,-1
201520H009105,2,1,0,18,0,2,0,0,0,0,3,1,2,1,52,8,-1,-1,-1,-1,1,-1
201520H009145,1,9,0,18,0,8,0,0,0,0,0,1,6,1,-1,-1,2993,2,7,-1,-1,-1
201520H009145,2,11,0,5,0,8,0,0,0,0,0,1,1,1,63,9,6700,2,-1,-1,1,-1
201520H009155,1,9,0,18,0,0,0,0,0,0,1,1,6,1,80,11,1596,1,11,-1,1,-1
201520H009155,2,19,0,18,0,0,0,0,1,0,1,1,1,1,34,6,2143,2,2,-1,1,-1
201520H009185,1,8,0,18,0,0,0,0,0,0,1,1,1,1,51,8,1896,2,5,-1,1,-1
201520H009205,1,9,0,18,0,0,0,4,0,0,1,1,6,2,36,7,1229,1,4,-1,1,-1
201520H009205,2,8,0,2,0,0,0,0,0,0,2,1,1,1,41,7,1686,2,6,-1,1,-1
201520H009245,1,8,0,9,0,5,0,0,0,0,1,1,6,1,45,7,1598,1,7,-1,1,-1
201520H009245,2,3,0,16,0,8,0,0,0,0,4,1,6,1,24,5,124,1,15,-1,1,-1
201520H009255,1,9,0,18,0,1,0,0,0,0,1,1,1,1,61,9,973,1,13,-1,1,-1
201520H009295,1,21,1,11,0,0,0,0,0,0,1,1,1,1,61,9,12777,2,3,-1,1,-1
201520H009295,2,9,0,18,0,0,1,7,4,0,2,1,6,2,33,6,998,1,6,-1,1,-1
201520H009295,3,19,0,18,0,0,0,0,0,0,3,1,1,1,44,7,1995,2,3,-1,1,-1
201520H009305,1,9,0,9,0,6,0,0,0,0,1,1,6,1,46,8,2993,2,1,-1,1,-1
201520H009315,1,9,0,9,0,8,0,0,0,0,4,1,1,2,21,5,998,1,8,-1,2,-1
201520H009315,2,3,0,5,0,8,0,0,0,0,1,1,1,1,27,6,125,1,1,-1,1,-1
201520H009325,1,9,0,18,0,8,0,0,0,0,1,1,3,2,37,7,1497,8,1,-1,-1,-1
201520H009325,2,9,0,18,0,8,0,0,0,0,1,1,6,2,46,8,-1,-1,-1,-1,1,-1
201520H009335,1,9,0,18,0,0,5,4,8,10,1,1,6,1,21,5,1900,2,14,-1,1,-1
201520H009335,2,9,0,2,0,0,0,0,0,0,4,1,6,3,-1,-1,998,1,10,-1,1,-1
201520H009355,1,9,0,9,0,5,0,0,0,0,1,1,6,3,-1,-1,-1,-1,-1,-1,-1,-1
201520H009375,1,9,0,9,0,2,0,0,0,0,3,1,6,1,66,10,998,1,1,-1,1,-1
201520H009375,2,3,0,18,0,1,0,0,0,0,1,1,6,1,29,6,124,1,1,-1,1,-1
201520H009395,1,9,0,18,0,0,0,4,0,0,1,1,6,2,22,5,1598,1,1,-1,1,-1
201520H009395,2,9,0,2,0,0,0,0,0,0,2,1,6,1,28,6,1468,1,6,-1,1,-1
201520H009405,1,9,0,18,0,1,0,0,0,0,4,1,1,1,29,6,1598,1,3,-1,1,-1
201520H009405,2,20,1,18,0,1,0,0,0,0,3,1,6,1,-1,-1,-1,-1,-1,-1,-1,-1
201520H009415,1,9,0,17,0,0,0,0,0,0,3,1,6,1,46,8,1596,1,-1,-1,1,-1
201520H009425,1,4,0,14,0,8,0,0,0,0,1,1,1,1,44,7,1084,1,19,-1,1,-1
201520H009425,2,8,0,9,0,6,0,0,0,0,1,1,3,2,27,6,1997,2,8,-1,1,-1
201520H009435,1,3,0,13,0,8,0,10,8,4,3,1,6,1,23,5,124,1,1,-1,1,-1
201520H009435,2,9,0,9,0,5,0,0,0,0,1,1,6,2,24,5,1995,2,-1,-1,1,-1
201520H009445,1,9,0,7,0,2,0,0,0,0,1,1,2,2,24,5,1229,1,9,-1,1,-1
201520H009455,1,9,0,14,0,1,0,0,0,0,3,1,6,1,60,9,1997,2,11,-1,1,-1
201520H009505,1,9,0,9,0,6,0,0,0,0,3,1,6,1,86,11,1289,1,19,-1,1,-1
201520H009505,2,9,0,18,0,8,0,0,0,0,1,1,6,1,75,10,1396,1,15,-1,1,-1
201520H009515,1,9,0,9,0,6,0,0,0,0,1,1,6,1,22,5,1587,1,9,-1,1,-1
201520H009515,2,9,0,18,0,8,0,0,0,0,1,1,6,1,67,10,1956,2,1,-1,-1,-1
201520H009525,1,9,0,18,0,2,0,0,0,0,1,1,6,1,29,6,1598,2,3,-1,1,-1
201520H009545,1,9,0,9,0,5,0,0,0,0,3,1,6,2,35,6,1229,1,2,-1,1,-1
201520H009555,1,9,0,18,0,1,0,0,0,0,1,1,6,1,20,4,1686,2,5,-1,1,-1
201520H009555,2,9,0,18,0,2,0,0,0,0,1,1,6,2,19,4,1598,1,11,-1,1,-1
201520H009595,1,9,0,9,0,1,0,10,8,1,1,1,6,1,44,7,1686,2,14,-1,1,-1
201520H009605,1,9,0,14,0,2,0,0,0,0,1,1,2,1,44,7,998,1,3,-1,1,-1
201520H009635,1,9,0,9,0,5,0,0,0,0,4,1,6,1,19,4,1998,1,9,-1,1,-1
201520H009635,2,9,0,17,0,8,0,0,0,0,1,1,6,1,28,6,-1,-1,-1,-1,1,-1
201520H009645,1,9,0,18,0,0,0,0,7,10,1,1,6,1,23,5,3999,1,2,-1,1,-1
201520H009725,1,3,0,18,0,0,0,0,0,0,0,1,6,1,37,7,125,1,4,-1,2,-1
201520H009725,2,9,0,6,0,0,0,0,0,0,0,1,6,3,-1,-1,1149,1,12,-1,-1,-1
201520H009755,1,9,0,5,0,0,0,0,0,0,0,1,6,1,69,10,1868,2,13,-1,1,-1
201520H009755,2,2,0,18,0,0,0,0,0,0,0,1,6,1,22,5,49,1,5,-1,1,-1
201520H009765,1,9,0,18,0,1,1,0,7,0,1,1,6,1,-1,-1,1560,2,9,-1,-1,-1
201520H009765,2,9,0,18,0,2,0,0,0,0,1,1,6,2,45,7,1968,2,3,-1,1,-1
201520H009775,1,9,0,18,0,2,0,0,0,0,1,1,6,1,43,7,1896,2,17,-1,1,-1
201520H009775,2,9,0,4,0,2,0,0,0,0,2,1,6,2,72,10,1364,1,10,-1,1,-1
201520H009775,3,9,0,4,0,2,0,0,0,0,2,1,6,2,46,8,1248,2,8,-1,1,-1
201520H009785,1,9,0,18,0,8,0,7,7,7,4,1,6,1,24,5,2000,2,11,-1,1,-1
201520H009785,2,9,0,18,0,8,0,0,0,0,1,1,2,1,64,9,1560,2,8,-1,1,-1
201520H009795,1,9,0,18,0,2,1,10,7,4,1,1,6,1,22,5,1364,1,7,-1,1,-1
201520H009805,1,9,0,18,0,0,0,0,0,0,0,1,1,3,-1,-1,-1,-1,-1,-1,-1,-1
201520H009805,2,2,0,18,0,0,1,10,0,0,1,1,6,1,16,4,49,1,-1,-1,1,-1
201520H009835,1,9,0,18,0,0,0,0,0,0,4,1,6,1,69,10,1242,1,15,-1,1,-1
201520H009865,1,9,0,18,0,8,0,7,2,1,1,1,2,1,30,6,1968,2,10,-1,-1,-1
201520H009865,2,9,0,18,0,8,0,7,0,0,1,1,2,1,56,9,1998,1,-1,-1,1,-1
201520H009885,1,21,1,18,0,0,0,0,0,0,1,1,1,1,52,8,11967,2,3,-1,1,-1
201520H009895,1,9,0,4,0,0,1,0,0,0,1,1,6,2,71,10,1360,1,11,-1,1,-1
201520H009895,2,9,0,4,0,0,0,0,0,0,2,1,1,1,19,4,1299,1,20,-1,3,-1
201520H009895,3,9,0,4,0,0,0,0,0,0,2,1,1,2,-1,-1,-1,-1,-1,-1,1,-1
201520H009905,1,9,0,16,0,2,5,10,7,4,3,1,6,1,26,6,1679,1,16,-1,1,-1
201520H009915,1,9,0,18,0,0,0,10,7,4,1,1,6,2,23,5,1200,1,2,-1,1,-1
201520H009915,2,9,0,18,0,0,0,0,0,0,3,1,6,1,50,8,2143,2,1,-1,1,-1
201520H009925,1,9,0,5,0,0,0,0,0,0,3,1,2,1,36,7,1596,1,13,-1,1,-1
201520H009925,2,1,0,18,0,0,5,0,0,0,1,1,2,1,43,7,-1,-1,-1,-1,1,-1
201520H009935,1,9,0,18,0,6,0,0,0,0,1,1,6,2,30,6,1598,1,11,-1,1,-1
201520H009935,2,9,0,18,0,8,0,0,0,0,1,1,2,1,55,8,2776,2,11,-1,1,-1
201520H009955,1,9,0,18,0,0,2,4,0,0,1,1,6,1,29,6,1995,1,9,-1,1,-1
201520H009955,2,9,0,2,0,0,0,0,0,0,3,1,6,1,48,8,1998,2,9,-1,1,-1
201520H009955,3,9,0,2,0,0,0,0,0,0,3,1,6,1,67,10,1598,1,8,-1,1,-1
201520H009955,4,9,0,2,0,0,0,0,0,0,3,1,6,1,57,9,1388,1,13,-1,1,-1
201520H009955,5,19,0,2,0,0,0,0,0,0,3,1,6,1,-1,-1,1968,2,-1,-1,-1,-1
201520H009965,1,9,0,9,0,6,0,0,0,0,1,1,6,2,41,7,1997,2,6,-1,1,-1
201520H009965,2,9,0,18,0,8,0,0,0,0,1,1,6,2,38,7,1988,2,10,-1,1,-1
201520H009975,1,9,0,9,0,8,0,0,0,0,1,1,6,2,25,5,1598,1,-1,-1,1,-1
201520H009975,2,9,0,18,0,8,0,0,0,0,1,1,6,1,39,7,1762,1,15,-1,1,-1
201520H009985,1,9,0,18,0,8,0,9,3,1,1,1,6,3,-1,-1,1248,2,7,-1,-1,-1
201520H010025,1,9,0,18,0,8,0,0,0,0,1,1,6,1,41,7,1896,2,17,-1,1,-1
201520H010025,2,11,0,8,0,1,0,0,0,0,1,1,1,1,51,8,8268,2,13,-1,-1,-1
201520H010025,3,9,0,18,0,1,0,0,0,0,4,1,6,1,61,9,2499,2,12,-1,1,-1
201520H601835,1,9,0,3,0,8,0,0,0,0,2,1,6,1,21,5,1199,1,12,-1,1,-1
201520H601835,2,9,0,18,0,8,0,0,0,0,1,1,6,1,-1,-1,1968,2,10,-1,-1,-1
201520H602485,1,3,0,15,0,8,1,0,0,0,1,1,6,1,52,8,125,1,6,-1,1,-1
201520H602485,2,9,0,9,0,5,0,0,0,0,4,1,6,1,53,8,-1,-1,-1,-1,1,-1
201520H602485,3,9,0,18,0,1,0,0,0,0,0,1,6,3,-1,-1,-1,-1,-1,-1,-1,-1
201520H602505,1,9,0,16,0,3,0,0,0,0,2,1,1,1,30,6,1956,2,3,-1,1,-1
201520H602505,2,20,0,12,0,3,0,0,0,0,1,1,6,3,-1,-1,-1,-1,-1,-1,-1,-1
201520H608225,1,19,0,1,6,0,0,0,0,0,2,1,6,2,-1,-1,2143,2,2,-1,-1,-1
201520H613085,1,9,0,18,0,1,0,0,0,0,3,1,6,2,35,6,1997,2,11,-1,1,-1
201520J000745,1,9,0,18,0,0,0,4,0,0,1,1,6,1,54,8,1956,2,6,-1,-1,-1
201520J000745,2,9,0,2,0,0,0,0,0,0,2,1,6,1,32,6,-1,-1,-1,-1,1,-1
201520J000835,1,9,0,18,0,1,0,0,0,0,1,1,6,1,37,7,1793,1,13,-1,1,-1
201520J001075,1,9,0,5,0,2,0,0,0,0,0,1,6,1,46,8,1560,2,1,-1,1,-1
201520J001075,2,2,0,18,0,2,2,0,0,0,0,1,6,1,16,4,50,1,1,-1,1,-1
201520J001085,1,9,0,9,0,8,0,0,0,0,4,1,6,2,20,4,1299,1,11,-1,1,-1
201520J001085,2,1,0,18,0,8,0,0,0,0,1,1,1,1,20,4,-1,-1,-1,-1,1,-1
201520J001155,1,9,0,9,0,8,0,0,0,0,1,1,6,3,-1,-1,-1,-1,-1,-1,-1,-1
201520J001155,2,1,0,18,0,8,0,0,0,0,1,1,6,1,29,6,-1,-1,-1,-1,-1,-1
201520J001185,1,2,0,18,0,0,0,0,0,0,1,1,6,1,17,4,50,1,2,-1,1,-1
201520J001185,2,9,0,18,0,0,0,0,0,0,2,1,6,1,70,10,1242,1,2,-1,1,-1
201520J001195,1,19,0,18,0,1,0,0,0,0,1,1,6,1,-1,-1,2148,2,9,-1,-1,-1
201520J001195,2,9,0,10,0,1,0,0,0,0,2,1,6,1,35,6,1242,1,14,-1,1,-1
201520J001215,1,9,0,10,0,1,0,0,0,0,2,1,1,1,29,6,999,1,2,-1,1,-1
201520J001215,2,11,0,4,0,1,0,0,0,0,1,1,1,1,-1,-1,5883,2,14,-1,-1,-1
201520J001235,1,9,0,9,0,2,0,0,0,0,3,1,6,1,51,8,1618,1,2,-1,1,-1
201520J001235,2,9,0,18,0,1,0,0,0,0,1,1,6,2,47,8,-1,-1,-1,-1,1,-1
201520J001405,1,9,0,7,0,1,0,0,0,0,3,1,6,2,46,8,1598,1,11,-1,1,-1
201520J001415,1,9,0,18,0,8,0,0,0,0,4,1,6,3,-1,-1,-1,-1,-1,-1,-1,-1
201520J001415,2,9,0,18,0,8,0,0,0,0,1,1,1,1,44,7,1896,2,10,-1,1,-1
201520J001425,1,9,0,18,0,4,0,0,0,0,1,1,6,1,-1,-1,-1,-1,-1,-1,-1,-1
201520J001425,2,1,0,18,0,8,0,0,0,0,1,1,6,2,34,6,-1,-1,-1,-1,1,-1
201520J001465,1,9,0,18,0,0,0,0,0,0,1,1,6,1,69,10,-1,-1,-1,-1,1,-1
201520J001635,1,3,0,18,0,2,1,4,0,0,1,1,6,1,22,5,124,1,8,-1,1,-1
201520J001635,2,11,0,2,0,2,0,0,0,0,2,1,6,1,36,7,5883,2,13,-1,1,-1
201520J001655,1,9,0,9,0,8,0,0,0,0,4,1,6,1,61,9,1747,1,14,-1,1,-1
201520J001655,2,5,0,18,0,8,0,0,0,0,1,1,6,1,26,6,-1,-1,-1,-1,1,-1
201520J001675,1,9,0,18,0,0,0,0,0,0,1,1,2,1,28,6,1229,1,7,-1,1,-1
201520J001675,2,9,0,18,0,0,0,0,0,0,4,1,2,2,20,4,1390,1,3,-1,1,-1
201520J001685,1,19,0,1,0,0,0,0,0,0,2,1,6,1,-1,-1,2287,2,8,-1,-1,-1
201520J001705,1,11,0,18,0,0,0,0,0,0,1,1,1,3,-1,-1,-1,-1,-1,-1,-1,-1
201520J001715,1,9,0,9,0,8,0,0,7,10,1,1,6,1,16,4,1896,2,12,-1,1,-1
201520J001715,2,9,0,18,0,8,0,0,0,0,0,1,1,1,-1,-1,-1,-1,-1,-1,-1,-1
201520J001745,1,9,0,18,0,0,0,0,0,0,1,1,6,1,-1,-1,-1,-1,-1,-1,-1,-1
201520J001755,1,9,0,3,0,0,0,0,0,0,2,1,6,1,41,7,1229,1,10,-1,1,-1
201520J001755,2,19,0,18,0,0,0,0,0,0,1,1,6,1,-1,-1,1753,2,10,-1,1,-1
201520J001775,1,9,0,14,0,0,0,0,0,0,1,1,6,1,62,9,1598,1,3,-1,1,-1
201520J001795,1,9,0,18,0,1,0,0,0,0,1,1,1,1,76,11,-1,-1,-1,-1,2,-1
201520J001815,1,9,0,9,0,6,0,0,0,0,4,1,6,2,-1,-1,1956,2,2,-1,1,-1
201520J001815,2,19,0,18,0,8,0,0,0,0,3,1,1,1,52,8,1753,2,4,-1,1,-1
201520J001825,1,9,0,9,0,5,0,0,0,0,1,1,6,1,45,7,1895,1,16,-1,1,-1
201520J001825,2,3,0,14,0,8,0,0,0,0,3,1,6,1,17,4,124,1,14,-1,1,-1
201520J001835,1,9,0,5,0,6,0,0,0,0,1,1,3,2,33,6,2776,2,10,-1,1,-1
201520J001835,2,9,0,18,0,8,0,4,7,0,1,1,6,1,29,6,1598,2,-1,-1,1,-1
201520J001915,1,9,0,9,0,6,0,0,0,0,1,1,1,1,42,7,1997,2,3,-1,1,-1