Accident_Index,Vehicle_Reference,Vehicle_Type,Towing_and_Articulation,Vehicle_Manoeuvre,Vehicle_Location-Restricted_Lane,Junction_Location,Skidding_and_Overturning,Hit_Object_in_Carriageway,Vehicle_Leaving_Carriageway,Hit_Object_off_Carriageway,1st_Point_of_Impact,Was_Vehicle_Left_Hand_Drive?,Journey_Purpose_of_Driver,Sex_of_Driver,Age_of_Driver,Age_Band_of_Driver,Engine_Capacity_(CC),Propulsion_Code,Age_of_Vehicle,Driver_IMD_Decile,Driver_Home_Area_Type,Vehicle_IMD_Decile
201520J001915,2,3,0,14,0,8,0,0,0,0,1,1,1,1,18,4,125,1,2,-1,1,-1
201520J001945,1,9,0,18,0,0,0,10,0,0,1,1,6,3,-1,-1,-1,-1,-1,-1,-1,-1
201520J001945,2,9,0,4,0,0,0,0,0,0,2,1,6,2,39,7,1124,1,10,-1,1,-1
201520J001965,1,19,0,9,0,5,0,0,0,0,4,1,1,1,30,6,2287,2,7,-1,1,-1
201520J001965,2,3,0,18,0,8,0,0,0,0,1,1,6,1,28,6,125,1,2,-1,1,-1
201520J002025,1,9,0,18,0,2,0,10,7,3,1,1,6,2,35,6,1997,1,11,-1,1,-1
201520J002065,1,9,0,18,0,0,0,0,0,0,1,1,2,2,21,5,1149,1,6,-1,1,-1
201520J002075,1,8,0,6,2,0,0,0,0,0,3,1,1,1,-1,-1,1997,2,9,-1,1,-1
201520J002075,2,8,0,18,0,0,1,0,0,0,1,1,1,1,27,6,1896,2,7,-1,1,-1
201520J002085,1,9,0,9,9,5,1,7,1,4,1,1,6,1,22,5,1598,1,11,-1,1,-1
201520J002095,1,9,0,18,0,8,0,0,0,0,1,1,6,1,69,10,-1,-1,-1,-1,-1,-1
201520J002095,2,9,0,9,0,8,0,0,0,0,1,1,6,2,32,6,2799,1,15,-1,1,-1
201520J002105,1,5,0,4,0,1,0,0,0,0,1,1,1,1,22,5,660,1,7,-1,1,-1
201520J002105,2,9,0,3,0,1,0,0,0,0,2,1,1,1,21,5,1956,2,4,-1,1,-1
201520J002115,1,19,0,18,0,8,0,0,0,0,1,1,6,1,-1,-1,-1,-1,-1,-1,-1,-1
201520J002115,2,9,0,18,0,8,0,0,0,0,4,1,1,1,34,6,1598,2,1,-1,1,-1
201520J002125,1,9,0,18,0,8,0,0,0,0,1,1,6,2,-1,-1,1229,1,8,-1,-1,-1
201520J002125,2,9,0,3,0,8,0,0,0,0,2,1,3,1,20,4,995,1,11,-1,1,-1
201520J002145,1,9,0,7,9,5,0,0,0,0,1,1,6,1,40,7,-1,-1,-1,-1,-1,-1
201520J002225,1,9,0,9,0,6,0,0,0,0,4,1,6,1,56,9,-1,-1,-1,-1,1,-1
201520J002225,2,9,0,18,0,8,1,0,0,0,3,1,2,1,31,6,1968,2,3,-1,1,-1
201520J002285,1,9,0,18,0,1,5,7,0,0,1,1,1,1,45,7,-1,-1,-1,-1,1,-1
201520J002385,1,9,0,9,0,5,0,0,0,0,1,1,1,1,54,8,1753,2,4,-1,1,-1
201520J002405,1,9,0,9,0,6,0,0,0,0,1,1,6,1,24,5,1796,1,6,-1,1,-1
201520J002415,1,21,4,9,0,8,0,0,0,0,1,1,1,1,42,7,4461,2,6,-1,1,-1
201520J002415,2,9,0,18,0,8,1,10,7,1,3,1,6,2,65,9,1995,2,13,-1,1,-1
201520J002485,1,9,0,7,0,2,0,0,0,0,4,1,6,2,-1,-1,1685,2,1,-1,-1,-1
201520J002545,1,1,0,18,0,0,0,0,0,0,1,1,6,1,45,7,-1,-1,-1,-1,1,-1
201520J002545,2,19,0,18,0,0,0,0,0,0,1,1,6,3,-1,-1,-1,-1,-1,-1,-1,-1
201520J002745,1,8,0,7,0,1,0,0,0,0,3,1,1,1,-1,-1,-1,-1,-1,-1,-1,-1
201520J002755,1,9,0,18,0,8,0,0,0,0,1,1,6,1,-1,-1,1368,1,8,-1,-1,-1
201520J002755,2,9,0,18,0,8,0,0,0,0,2,1,2,2,45,7,-1,-1,-1,-1,1,-1
201520J002775,1,9,0,17,0,2,0,0,0,0,1,1,6,2,-1,-1,-1,-1,-1,-1,-1,-1
201520J002795,1,11,0,4,0,0,0,0,0,0,1,1,1,1,49,8,6700,2,6,-1,1,-1
201520J002805,1,9,0,18,9,0,0,10,7,0,1,1,6,3,-1,-1,-1,-1,-1,-1,-1,-1
201520J002815,1,90,0,6,0,0,0,7,7,10,1,1,6,1,27,6,449,1,5,-1,1,-1
201520J002825,1,9,0,4,0,0,0,0,0,0,4,1,2,1,34,6,4701,1,16,-1,1,-1
201520J002825,2,9,0,4,0,0,0,0,0,0,3,1,2,1,43,7,1398,1,4,-1,1,-1
201520J002855,1,2,0,18,9,1,0,0,0,0,1,1,6,3,-1,-1,49,1,1,-1,-1,-1
201520J002875,1,9,0,9,0,1,0,0,0,0,3,1,1,2,42,7,1598,1,8,-1,1,-1
201520J002875,2,3,0,14,0,1,0,0,0,0,4,1,1,1,19,4,125,1,7,-1,1,-1
201520J002885,1,3,0,14,0,1,0,4,0,0,1,1,6,1,20,4,125,1,6,-1,1,-1
201520J002885,2,11,0,2,0,1,0,0,0,0,3,1,1,1,46,8,6700,2,6,-1,1,-1
201520J002895,1,9,0,18,0,0,0,0,0,0,3,1,6,1,23,5,-1,-1,-1,-1,1,-1
201520J002905,1,9,0,18,0,1,1,0,0,0,1,1,6,1,28,6,-1,-1,-1,-1,1,-1
201520J002905,2,9,0,18,0,1,0,0,0,0,2,1,6,2,53,8,2496,1,12,-1,1,-1
201520J002915,1,9,0,4,0,1,0,0,0,0,1,1,2,1,24,5,998,1,1,-1,1,-1
201520J002945,1,9,0,5,0,0,0,0,0,0,1,1,6,1,-1,-1,1997,2,4,-1,-1,-1
201520J002945,2,9,0,3,0,0,0,0,0,0,2,1,6,2,74,10,1975,1,8,-1,1,-1
201520J002995,1,9,0,5,9,6,0,0,0,0,1,1,6,2,41,7,1198,1,1,-1,1,-1
201520J003005,1,9,0,18,0,8,0,0,0,0,1,1,3,2,36,7,1598,1,10,-1,1,-1
201520J003005,2,9,0,9,0,8,0,0,0,0,1,1,6,1,55,8,2902,2,16,-1,1,-1
201520J003015,1,9,0,7,0,6,0,0,0,0,1,1,6,2,56,9,1984,1,7,-1,1,-1
201520J003015,2,1,0,18,0,8,0,0,0,0,1,1,6,1,32,6,-1,-1,-1,-1,1,-1
201520J003025,1,9,0,9,0,2,0,0,0,0,1,1,2,1,50,8,1240,1,12,-1,1,-1
201520J003425,1,19,0,9,0,6,0,0,0,0,0,1,6,1,-1,-1,1248,2,10,-1,-1,-1
201520J003425,2,9,0,3,0,1,0,0,0,0,2,1,6,1,41,7,1986,2,10,-1,1,-1
201520J003425,3,9,0,18,0,1,0,0,0,0,1,1,6,1,-1,-1,-1,-1,-1,-1,-1,-1
201520J003435,1,8,0,18,0,0,0,0,0,0,1,1,1,1,-1,-1,1997,2,7,-1,-1,-1
201520J003435,2,9,0,18,0,0,0,0,0,0,2,1,6,3,-1,-1,-1,-1,-1,-1,-1,-1
201520J003505,1,9,0,5,0,0,0,0,0,0,1,1,6,1,-1,-1,998,1,5,-1,-1,-1
201520J003505,2,9,0,4,0,0,0,0,0,0,1,1,6,1,52,8,998,1,16,-1,1,-1
201520J003525,1,9,0,9,0,6,0,0,0,0,0,1,6,3,-1,-1,-1,-1,-1,-1,-1,-1
201520J003525,2,3,0,18,0,8,2,0,0,0,0,1,6,1,18,4,-1,-1,-1,-1,1,-1
201520J003575,1,9,0,1,0,0,0,0,0,0,2,1,6,2,-1,-1,1242,1,12,-1,-1,-1
201520J003575,2,9,0,6,0,0,0,0,0,0,2,1,6,2,25,5,1398,1,1,-1,1,-1
201520J003675,1,9,0,13,0,2,2,10,1,2,1,1,2,1,43,7,4163,1,9,-1,1,-1
201520J003675,2,19,0,18,0,2,0,0,0,0,0,1,6,3,-1,-1,-1,-1,-1,-1,-1,-1
201520J003705,1,9,0,9,0,8,0,0,0,0,1,1,6,1,70,10,1686,2,13,-1,2,-1
201520J003705,2,9,0,5,0,8,0,0,0,0,3,1,1,1,30,6,1560,2,3,-1,1,-1
201520J003715,1,9,0,18,0,8,0,0,0,0,0,1,6,1,49,8,1598,1,18,-1,1,-1
201520J003715,2,9,0,14,0,8,0,0,0,0,1,1,6,2,33,6,1587,1,12,-1,1,-1
201520J003715,3,9,0,7,0,8,0,0,0,0,1,1,6,1,56,9,2993,2,2,-1,1,-1
201520J003715,4,9,0,2,0,8,0,0,0,0,3,1,6,1,-1,-1,973,1,14,-1,-1,-1
201520J003745,1,9,0,18,0,1,0,0,0,0,1,1,6,1,-1,-1,1968,2,5,-1,-1,-1
201520J003745,2,9,0,3,0,1,0,0,0,0,2,1,6,2,27,6,1398,2,10,-1,1,-1
201520J003755,1,9,0,9,0,6,0,0,0,0,1,1,1,2,42,7,1599,1,16,-1,1,-1
201520J003755,2,8,0,18,0,8,0,0,0,0,1,1,1,1,40,7,1997,2,13,-1,1,-1
201520J003945,1,9,0,15,9,0,0,0,0,0,1,1,6,1,35,6,1995,2,13,-1,1,-1
201520J003945,2,9,0,3,0,0,0,0,0,0,1,1,1,1,43,7,2993,2,1,-1,1,-1
201520J003945,3,9,0,4,0,0,0,0,0,0,1,1,1,1,44,7,2967,2,2,-1,1,-1
201520J004035,1,21,1,18,0,1,1,0,0,0,1,1,1,1,41,7,12902,2,3,-1,3,-1
201520J004075,1,9,0,18,0,8,0,0,0,0,1,1,6,2,-1,-1,1870,2,12,-1,-1,-1
201520J004075,2,9,0,18,0,8,0,0,0,0,3,1,2,2,41,7,1360,1,8,-1,1,-1
201520J004095,1,9,0,9,0,5,0,0,0,0,4,1,6,2,-1,-1,1596,1,15,-1,-1,-1
201520J004095,2,9,0,18,0,8,0,0,0,0,1,1,6,1,24,5,1896,2,11,-1,1,-1
201520J004135,1,1,0,18,0,3,0,0,0,0,2,1,1,1,24,5,-1,-1,-1,-1,1,-1
201520J004135,2,19,0,5,0,4,0,0,0,0,1,1,6,1,-1,-1,1998,2,9,-1,1,-1
201520J004185,1,19,0,1,0,0,0,4,0,0,2,1,6,3,-1,-1,-1,-1,-1,-1,-1,-1
201520J004185,2,9,0,2,0,0,0,0,0,0,1,1,6,1,50,8,1796,1,21,-1,1,-1
201520J004215,1,8,0,5,0,0,0,0,0,0,1,1,6,1,70,10,1968,2,8,-1,1,-1
201520J004235,1,9,0,5,0,1,0,0,0,0,1,1,1,1,26,6,1596,1,20,-1,1,-1
201520J004245,1,9,0,1,9,8,0,0,0,0,2,1,6,2,38,7,2521,1,10,-1,1,-1
201520J004275,1,8,0,9,0,5,0,0,0,0,4,1,6,1,-1,-1,1995,2,7,-1,-1,-1
201520J004275,2,9,0,18,0,8,0,0,0,0,1,1,6,3,-1,-1,-1,-1,-1,-1,-1,-1
201520J004315,1,9,0,5,0,0,0,0,0,0,4,1,6,2,57,9,1998,2,3,-1,1,-1
201520J004335,1,11,0,5,2,0,0,0,0,0,0,1,1,1,30,6,-1,-1,-1,-1,-1,-1
201520J004345,1,9,0,9,0,6,0,0,0,0,1,1,6,1,62,9,2351,1,12,-1,1,-1
201520J004345,2,9,0,18,0,8,0,0,0,0,1,1,6,2,41,7,1296,1,9,-1,2,-1
201520J004355,1,9,0,18,0,0,0,0,0,0,1,1,6,1,39,7,2143,2,1,-1,-1,-1
201520J004355,2,9,0,18,0,0,0,0,0,0,2,1,6,1,-1,-1,1998,2,9,-1,-1,-1
201520J004375,1,9,0,17,0,1,0,10,1,0,0,1,6,3,-1,-1,998,1,10,-1,-1,-1
201520J004375,2,5,0,7,0,5,1,0,0,0,0,1,2,1,34,6,656,1,10,-1,1,-1
201520J004385,1,9,0,3,0,1,0,0,0,0,2,1,6,2,46,8,1390,1,5,-1,1,-1
201520J004385,2,9,0,18,0,1,0,0,0,0,1,1,6,2,32,6,1242,1,4,-1,1,-1
201520J004395,1,9,0,18,0,0,0,0,0,0,1,1,6,1,-1,-1,1995,2,5,-1,-1,-1
201520J004395,2,9,0,3,0,0,0,0,0,0,2,1,6,2,44,7,1149,1,12,-1,1,-1
201520J004525,1,9,0,5,0,3,0,0,0,0,1,1,6,1,70,10,1390,1,7,-1,1,-1
201520J004525,2,1,0,7,0,8,0,0,0,0,4,1,6,1,35,6,-1,-1,-1,-1,1,-1
201520J004715,1,9,0,1,0,0,0,0,0,0,2,1,6,3,-1,-1,-1,-1,-1,-1,-1,-1
201520J004715,2,9,0,18,0,0,0,0,0,0,1,1,6,2,51,8,1598,1,14,-1,1,-1
201520J004735,1,9,0,17,0,0,0,0,0,0,1,1,1,2,52,8,1364,1,6,-1,1,-1
201520J004735,2,9,0,16,0,0,0,0,0,0,1,1,6,1,-1,-1,-1,-1,-1,-1,-1,-1
201520J004755,1,9,0,18,0,8,0,0,0,0,1,1,6,1,-1,-1,-1,-1,-1,-1,-1,-1
201520J004755,2,9,0,18,0,8,0,0,0,0,4,1,6,2,48,8,1598,1,2,-1,1,-1
201520J004765,1,19,0,9,0,8,5,10,1,0,4,1,6,3,-1,-1,2402,2,12,-1,-1,-1
201520J004805,1,9,0,9,0,8,0,0,0,0,1,1,1,1,-1,-1,998,1,13,-1,1,-1
201520J004805,2,1,0,18,0,8,0,0,0,0,1,1,6,1,23,5,-1,-1,-1,-1,1,-1
201520J004875,1,9,0,9,0,8,0,0,0,0,1,1,6,1,40,7,1598,1,9,-1,1,-1
201520J004875,2,3,0,18,0,8,2,0,0,0,1,1,6,1,19,4,125,1,1,-1,1,-1
201520J004885,1,9,0,18,0,6,0,0,0,0,1,1,6,1,29,6,1871,2,13,-1,-1,-1
201520J004885,2,9,0,18,0,8,0,0,0,0,3,1,6,2,41,7,1587,1,7,-1,1,-1
201520J004975,1,9,0,9,0,6,0,0,0,0,4,1,6,1,74,10,1753,2,14,-1,1,-1
201520J004975,2,9,0,18,0,8,0,0,0,0,3,1,6,1,19,4,1956,2,1,-1,1,-1
201520J004995,1,9,0,7,0,5,0,0,0,0,1,1,6,3,-1,-1,-1,-1,-1,-1,-1,-1
201520J004995,2,9,0,10,0,1,1,0,0,0,3,1,6,2,60,9,1598,1,14,-1,1,-1
201520J005005,1,9,0,18,0,8,0,0,0,0,4,1,6,1,19,4,1598,1,12,-1,1,-1
201520J005005,2,9,0,18,0,6,0,0,0,0,1,1,6,1,-1,-1,2967,1,15,-1,-1,-1
201520J005025,1,9,0,7,0,3,0,0,0,0,1,1,6,1,29,6,1598,1,14,-1,1,-1
201520J005035,1,9,0,9,0,5,0,0,0,0,1,1,6,1,31,6,2993,2,9,-1,1,-1
201520J005035,2,5,0,5,0,8,0,0,0,0,1,1,6,1,56,9,649,1,5,-1,1,-1
201520J005045,1,9,0,18,0,2,0,0,0,0,3,1,1,1,17,4,1364,1,8,-1,1,-1
201520J005045,2,9,0,18,0,1,0,0,0,0,3,1,6,2,37,7,1598,2,3,-1,1,-1
201520J005095,1,2,0,4,0,0,1,0,0,0,1,1,6,1,17,4,49,1,4,-1,1,-1
201520J005095,2,9,0,3,0,0,0,0,0,0,2,1,6,1,42,7,1956,2,4,-1,1,-1
201520J005195,1,9,0,9,0,2,0,0,0,0,1,1,6,2,-1,-1,1242,1,1,-1,1,-1
201520J005215,1,9,0,9,0,3,0,0,0,0,1,1,6,3,-1,-1,-1,-1,-1,-1,-1,-1
201520J005215,2,3,0,18,0,3,0,0,0,0,1,1,6,1,32,6,124,1,9,-1,1,-1
201520J005245,1,9,0,9,0,2,0,0,0,0,1,1,1,2,50,8,1328,1,6,-1,1,-1
201520J005395,1,9,0,1,0,0,0,4,0,0,2,1,1,1,43,7,1248,2,2,-1,1,-1
201520J005395,2,9,0,2,0,0,0,0,0,0,1,1,6,2,42,7,1560,2,10,-1,1,-1
201520J005395,3,9,0,2,0,0,0,0,0,0,2,1,6,2,48,8,1149,1,7,-1,1,-1
201520J005415,1,9,0,17,0,2,0,10,1,4,1,1,2,1,19,4,-1,-1,-1,-1,1,-1
201520J005545,1,9,0,5,0,6,0,0,0,0,1,1,6,3,-1,-1,-1,-1,-1,-1,-1,-1
201520J005545,2,9,0,4,0,8,0,0,0,0,3,1,2,2,47,8,1997,2,17,-1,1,-1
201520J005555,1,9,0,17,0,0,0,4,1,0,1,1,6,2,21,5,1199,1,12,-1,2,-1
201520J005555,2,9,0,2,0,0,0,0,0,0,3,1,6,3,-1,-1,1461,2,1,-1,-1,-1
201520J005555,3,9,0,2,0,0,0,0,0,0,3,1,6,2,-1,-1,1998,1,1,-1,1,-1
201520J005555,4,9,0,2,0,0,0,0,0,0,2,1,6,1,-1,-1,1599,1,15,-1,1,-1
201520J005565,1,9,0,18,0,1,0,0,0,0,4,1,6,2,28,6,1753,2,8,-1,1,-1
201520J005575,1,9,0,17,0,2,0,10,1,7,4,1,6,1,54,8,1796,1,12,-1,1,-1
201520J005585,1,9,0,18,0,0,0,0,0,0,1,1,6,2,26,6,1490,1,8,-1,1,-1
201520J005585,2,9,0,18,0,0,0,0,1,0,1,1,2,1,20,4,1896,2,6,-1,1,-1
201520J005585,3,9,0,18,0,0,0,0,0,0,1,1,1,1,57,9,-1,-1,-1,-1,1,-1
201520J005605,1,9,0,13,0,8,0,0,0,0,4,1,6,1,47,8,-1,-1,-1,-1,1,-1
201520J005605,2,9,0,9,0,5,0,0,0,0,1,1,6,1,22,5,1896,2,12,-1,1,-1
201520J005615,1,9,0,18,0,1,0,0,0,0,1,1,6,1,29,6,1910,2,11,-1,1,-1
201520J005615,2,9,0,3,0,1,0,0,0,0,2,1,6,2,41,7,1991,2,10,-1,1,-1
201520J005655,1,9,0,18,0,0,0,0,0,0,1,1,1,1,18,4,1461,2,7,-1,1,-1
201520J005655,2,9,0,18,0,0,0,0,0,0,1,1,6,1,54,8,1686,2,15,-1,1,-1
201520J005665,1,9,0,18,0,4,0,7,0,0,1,1,6,2,-1,-1,1598,2,4,-1,1,-1
201520J005665,2,9,0,9,0,8,0,0,0,0,1,1,6,1,67,10,1390,1,6,-1,1,-1
201520J005685,1,9,0,9,0,5,0,0,0,0,1,1,1,1,28,6,-1,-1,-1,-1,1,-1
201520J005685,2,5,0,18,0,8,0,0,0,0,1,1,6,1,23,5,656,1,9,-1,1,-1
201520J005695,1,9,0,4,0,1,0,0,0,0,1,1,3,1,35,6,1910,2,5,-1,1,-1
201520J005705,1,9,0,18,0,4,0,0,0,0,4,1,6,2,36,7,1997,2,10,-1,1,-1
201520J005705,2,11,0,18,0,8,0,0,0,0,3,1,6,1,32,6,6696,2,1,-1,1,-1
201520J005715,1,9,0,9,0,6,0,0,0,0,1,1,6,1,-1,-1,-1,-1,-1,-1,-1,-1
201520J005715,2,9,0,3,0,8,0,0,0,0,3,1,6,2,26,6,1229,1,6,-1,1,-1
201520J005735,1,9,0,5,0,6,0,0,0,0,1,1,6,1,-1,-1,-1,-1,-1,-1,-1,-1
201520J005735,2,9,0,18,0,8,0,0,0,0,4,1,6,2,20,4,1299,1,17,-1,1,-1
201520J005805,1,9,0,18,0,2,0,0,0,0,4,1,6,2,67,10,-1,-1,-1,-1,1,-1
201520J005835,1,19,0,14,0,0,0,0,0,0,2,1,1,1,29,6,2198,2,3,-1,1,-1
201520J005875,1,9,0,9,0,8,0,0,0,0,1,1,6,2,66,10,1598,1,7,-1,1,-1
201520J005875,2,9,0,18,0,8,0,0,0,0,4,1,6,1,34,6,-1,-1,-1,-1,1,-1
201520J005915,1,8,0,14,0,8,0,0,0,0,1,1,1,1,36,7,-1,-1,-1,-1,1,-1
201520J005915,2,9,0,9,0,8,0,0,0,0,1,1,6,2,33,6,995,1,3,-1,1,-1
201520J005945,1,9,0,18,0,0,0,10,1,1,1,1,6,1,23,5,1598,1,13,-1,1,-1
201520J005955,1,9,0,17,0,0,1,0,0,0,1,1,1,2,56,9,1086,1,7,-1,1,-1
201520J005955,2,9,0,16,0,0,1,10,1,3,1,1,1,1,62,9,2199,2,5,-1,1,-1
201520J005975,1,9,0,9,0,5,0,0,0,0,1,1,2,1,58,9,1796,1,8,-1,1,-1
201520J005995,1,21,1,18,0,4,0,10,0,0,2,1,6,1,-1,-1,11000,2,17,-1,1,-1
201520J005995,2,9,0,18,0,4,0,0,0,0,1,1,1,2,62,9,1398,1,2,-1,1,-1
201520J006015,1,9,0,18,0,2,0,0,0,0,1,1,2,1,51,8,1998,2,5,-1,2,-1
201520J006015,2,9,0,4,0,2,0,0,0,0,2,1,6,1,24,5,1598,1,6,-1,1,-1
201520J006035,1,9,0,18,0,3,2,10,1,10,1,1,6,1,33,6,-1,-1,-1,-1,1,-1
201520J006045,1,9,0,9,0,8,0,0,0,0,3,1,6,2,34,6,1896,2,8,-1,1,-1
201520J006045,2,9,0,18,0,8,0,0,0,0,4,1,6,1,69,10,1339,1,9,-1,1,-1
201520J006065,1,9,0,18,0,1,0,0,0,0,1,1,1,2,22,5,1242,1,3,-1,1,-1
201520J006095,1,9,0,7,0,8,0,0,0,0,4,1,2,1,21,5,1200,1,-1,-1,1,-1
201520J006095,2,1,0,18,0,8,0,0,0,0,4,1,6,1,46,8,-1,-1,-1,-1,1,-1
201520J006105,1,11,0,4,0,0,0,0,0,0,1,1,1,1,41,7,6700,2,-1,-1,1,-1
201520J006105,2,9,0,13,0,0,0,0,0,0,1,1,6,1,34,6,2494,1,12,-1,1,-1
201520J006135,1,9,0,18,0,1,0,0,0,0,1,1,6,2,-1,-1,1149,1,10,-1,-1,-1
201520J006135,2,9,0,3,0,1,0,0,0,0,2,1,6,2,28,6,1399,2,7,-1,1,-1
201520J006145,1,9,0,18,0,0,0,10,7,0,1,1,6,1,35,6,-1,-1,-1,-1,1,-1
201520J006145,2,9,0,18,0,0,0,10,1,0,1,1,6,1,43,7,-1,-1,-1,-1,1,-1
201520J006155,1,9,0,9,0,5,0,0,0,0,1,1,6,1,18,4,1229,1,10,-1,1,-1
201520J006155,2,9,0,18,0,8,0,0,0,0,1,1,6,2,22,5,-1,-1,-1,-1,1,-1
201520J006165,1,9,0,18,0,0,0,0,0,0,1,1,1,1,35,6,1910,2,10,-1,1,-1
201520J006165,2,9,0,3,0,0,0,0,0,0,2,1,6,2,46,8,2290,1,9,-1,1,-1
201520J006175,1,9,0,13,0,0,1,0,0,0,1,1,6,3,-1,-1,-1,-1,-1,-1,-1,-1
201520J006175,2,9,0,18,0,0,1,0,0,0,1,1,6,3,-1,-1,-1,-1,-1,-1,-1,-1
201520J006175,3,9,0,18,0,0,0,0,0,0,1,1,2,1,23,5,1364,1,8,-1,1,-1
201520J006175,4,9,0,2,0,0,0,0,0,0,1,1,6,1,48,8,1560,2,3,-1,-1,-1
201520J006195,1,8,0,9,0,6,0,0,0,0,1,1,1,1,62,9,1995,2,9,-1,1,-1
201520J006195,2,9,0,18,0,8,0,0,0,0,1,1,6,1,-1,-1,1591,1,3,-1,1,-1
201520J006205,1,9,0,17,0,8,0,0,0,0,1,1,6,2,47,8,1998,1,11,-1,1,-1
201520J006205,2,9,0,9,0,5,0,0,0,0,2,1,6,2,23,5,1108,1,12,-1,1,-1
201520J006215,1,9,0,5,9,6,0,10,7,2,1,1,6,1,46,8,1398,1,3,-1,1,-1
201520J006225,1,9,0,18,0,4,0,0,0,0,1,1,6,1,-1,-1,1362,1,1,-1,1,-1
201520J006225,2,9,0,18,0,8,0,0,0,0,4,1,6,2,41,7,1390,1,13,-1,1,-1
201520J006235,1,9,0,14,0,0,0,4,0,0,1,1,6,2,28,6,998,1,15,-1,1,-1
201520J006235,2,11,0,18,0,0,0,0,0,0,1,1,6,1,41,7,4461,2,-1,-1,1,-1
201520J006235,3,19,0,2,0,0,0,0,0,0,3,1,6,1,46,8,2198,2,2,-1,1,-1
201520J006295,1,9,0,18,0,1,1,0,0,0,3,1,6,2,37,7,1248,2,6,-1,1,-1
201520J006295,2,9,0,7,0,1,1,0,1,0,4,1,1,2,19,4,1229,1,8,-1,1,-1
201520J006305,1,9,0,9,0,2,0,0,0,0,1,1,6,1,-1,-1,2494,1,14,-1,-1,-1
201520J006305,2,9,0,9,0,2,0,0,0,0,1,1,6,1,-1,-1,1199,1,12,-1,1,-1
201520J006305,3,9,0,7,0,1,0,0,0,0,1,1,2,1,23,5,1398,2,5,-1,1,-1
201520J006335,1,11,0,2,0,1,0,0,0,0,0,1,6,1,-1,-1,-1,-1,-1,-1,-1,-1
201520J006365,1,9,0,12,0,8,0,0,0,0,3,1,6,1,-1,-1,1560,2,6,-1,-1,-1
201520J006365,2,3,0,18,0,3,0,0,0,0,4,1,6,1,19,4,124,1,4,-1,1,-1
201520J006375,1,9,0,18,0,0,0,0,0,0,1,1,6,3,-1,-1,-1,-1,-1,-1,-1,-1
201520J006375,2,9,0,3,0,0,0,0,0,0,2,1,1,2,46,8,1910,2,8,-1,1,-1
201520J006405,1,9,0,9,0,6,0,0,0,0,3,1,6,3,-1,-1,-1,-1,-1,-1,-1,-1
201520J006405,2,9,0,9,0,6,0,0,0,0,1,1,6,3,-1,-1,-1,-1,-1,-1,-1,-1
201520J006405,3,9,0,18,0,8,0,0,0,0,1,1,6,1,56,9,2143,2,1,-1,1,-1
201520J006445,1,9,0,18,0,2,0,4,1,0,1,1,6,2,27,6,1364,1,10,-1,1,-1
201520J006445,2,9,0,18,0,1,0,0,0,0,1,1,6,2,30,6,1299,1,12,-1,1,-1
201520J006445,3,9,0,2,0,2,0,0,0,0,3,1,6,1,-1,-1,1996,2,8,-1,-1,-1
201520J006455,1,2,0,17,0,0,0,10,0,0,3,1,6,1,21,5,49,1,3,-1,1,-1
201520J006455,2,9,0,4,0,0,0,0,0,0,3,1,6,2,17,4,1598,1,4,-1,1,-1
201520J006465,1,9,0,18,0,8,0,0,0,0,1,1,6,2,88,11,1596,1,9,-1,1,-1
201520J006475,1,9,0,17,0,1,0,0,0,0,1,1,6,1,18,4,1242,1,7,-1,1,-1
201520J006475,2,9,0,4,0,6,1,0,0,0,1,1,6,1,-1,-1,2792,1,14,-1,-1,-1
201520J006645,1,9,0,18,0,1,0,0,0,0,1,1,6,1,-1,-1,998,1,8,-1,1,-1
201520J006645,2,9,0,3,0,1,0,0,0,0,2,1,6,2,57,9,999,1,1,-1,1,-1
201520J006655,1,9,0,18,0,8,0,10,7,0,4,1,6,1,21,5,1198,1,3,-1,1,-1
201520J006655,2,9,0,18,0,8,0,10,1,0,1,1,6,2,-1,-1,998,1,4,-1,1,-1
201520J006665,1,9,0,18,0,8,0,0,0,0,1,1,6,2,64,9,1796,1,14,-1,1,-1
201520J006665,2,9,0,10,0,8,0,0,0,0,2,1,6,2,25,5,-1,-1,-1,-1,1,-1
201520J006685,1,9,0,5,0,0,0,0,0,0,1,1,3,2,23,5,973,1,12,-1,1,-1
201520J006695,1,9,0,18,0,1,0,0,0,0,1,1,6,2,-1,-1,1753,2,11,-1,-1,-1
201520J006695,2,9,0,3,0,1,0,0,0,0,2,1,6,2,46,8,1242,1,3,-1,1,-1
201520J006715,1,9,0,18,0,1,0,7,0,0,4,1,6,2,21,5,998,1,11,-1,1,-1
201520J006715,2,11,0,3,0,1,0,0,0,0,2,1,6,1,55,8,4461,2,-1,-1,1,-1
201520J006735,1,9,0,18,0,4,1,9,1,10,1,1,6,1,20,4,1796,1,14,-1,1,-1
201520J006755,1,9,0,18,0,0,0,0,0,0,1,1,6,3,-1,-1,1686,2,9,-1,-1,-1
201520J006755,2,9,0,3,0,0,0,0,0,0,2,1,2,1,32,6,1299,1,7,-1,1,-1
201520J006755,3,9,0,3,0,0,0,0,0,0,2,1,1,1,45,7,1587,1,10,-1,1,-1
201520J006795,1,9,0,4,0,8,0,0,0,0,1,1,6,2,50,8,1598,1,11,-1,1,-1
201520J006795,2,1,0,18,0,8,0,0,0,0,1,1,6,1,7,2,-1,-1,-1,-1,1,-1