Accident_Index,Vehicle_Reference,Vehicle_Type,Towing_and_Articulation,Vehicle_Manoeuvre,Vehicle_Location-Restricted_Lane,Junction_Location,Skidding_and_Overturning,Hit_Object_in_Carriageway,Vehicle_Leaving_Carriageway,Hit_Object_off_Carriageway,1st_Point_of_Impact,Was_Vehicle_Left_Hand_Drive?,Journey_Purpose_of_Driver,Sex_of_Driver,Age_of_Driver,Age_Band_of_Driver,Engine_Capacity_(CC),Propulsion_Code,Age_of_Vehicle,Driver_IMD_Decile,Driver_Home_Area_Type,Vehicle_IMD_Decile
201520J006805,1,9,0,9,0,5,0,10,7,10,1,1,6,2,25,5,1968,2,7,-1,1,-1
201520J006865,1,9,0,1,0,1,0,0,0,0,2,1,6,1,-1,-1,2982,2,11,-1,1,-1
201520J006865,2,9,0,3,0,2,0,0,0,0,1,1,6,2,28,6,1388,1,11,-1,1,-1
201520J006875,1,9,0,18,9,1,0,0,0,0,1,1,6,1,-1,-1,-1,-1,-1,-1,-1,-1
201520J006885,1,9,0,4,0,8,0,0,0,0,1,1,6,1,-1,-1,-1,-1,-1,-1,-1,-1
201520J006885,2,9,0,18,0,8,0,0,0,0,4,1,6,2,24,5,1364,1,10,-1,1,-1
201520J006945,1,9,0,9,0,8,0,0,0,0,1,1,6,1,51,8,1590,1,14,-1,1,-1
201520J006945,2,3,0,18,0,8,0,0,0,0,1,1,6,1,23,5,124,1,6,-1,1,-1
201520J006955,1,9,0,18,0,1,0,4,7,0,1,1,6,1,35,6,1197,1,1,-1,1,-1
201520J006955,2,9,0,2,0,2,0,0,0,0,1,1,6,1,47,8,1587,1,13,-1,1,-1
201520J006985,1,9,0,18,0,1,0,0,0,0,1,1,6,2,18,4,1124,1,13,-1,1,-1
201520J007055,1,9,0,1,0,8,0,10,3,10,4,1,6,1,28,6,1988,1,15,-1,1,-1
201520J007055,2,9,0,18,0,8,0,0,0,0,1,1,6,1,69,10,1994,2,18,-1,1,-1
201520J007075,1,9,0,9,0,8,0,0,0,0,3,1,3,2,49,8,1968,2,8,-1,1,-1
201520J007075,2,9,0,18,0,8,0,0,0,0,4,1,6,2,61,9,998,1,1,-1,1,-1
201520J007135,1,9,0,17,0,2,0,4,0,0,1,1,6,2,19,4,999,1,14,-1,1,-1
201520J007135,2,9,0,2,0,1,0,0,0,0,1,1,6,1,-1,-1,1998,2,14,-1,-1,-1
201520J007265,1,9,0,3,0,0,0,0,0,0,2,1,1,1,39,7,1422,2,11,-1,1,-1
201520J007265,2,9,0,18,0,0,0,0,0,0,1,1,6,3,-1,-1,1896,2,9,-1,-1,-1
201520J007315,1,9,0,4,0,1,0,0,0,0,1,1,6,2,-1,-1,1390,1,12,-1,1,-1
201520J007315,2,9,0,3,0,1,0,0,0,0,2,1,6,1,44,7,1242,1,8,-1,1,-1
201520J007325,1,9,0,18,0,1,0,10,1,10,1,1,6,2,69,10,1591,1,3,-1,1,-1
201520J007395,1,9,0,9,0,6,0,0,0,0,4,1,6,2,38,7,1598,1,15,-1,1,-1
201520J007395,2,9,0,18,0,8,5,10,0,0,1,1,2,2,42,7,1332,1,10,-1,1,-1
201520J007405,1,9,0,18,0,8,0,0,0,0,1,1,6,1,29,6,1994,2,12,-1,1,-1
201520J007405,2,9,0,18,0,8,0,10,7,10,4,1,6,1,43,7,2993,2,3,-1,1,-1
201520J007505,1,9,0,13,0,0,0,0,0,0,4,1,1,2,31,6,1596,1,14,-1,1,-1
201520J007505,2,1,0,18,0,0,0,0,0,0,3,1,1,1,50,8,-1,-1,-1,-1,1,-1
201520J007515,1,21,1,3,0,0,0,0,0,0,0,1,1,3,-1,-1,-1,-1,-1,-1,-1,-1
201520J007525,1,9,0,18,0,0,0,0,0,0,1,1,6,2,-1,-1,1968,2,3,-1,1,-1
201520J007525,2,9,0,3,0,0,0,0,0,0,2,1,6,1,42,7,1968,2,2,-1,1,-1
201520J007535,1,9,0,7,0,4,0,0,0,0,0,1,6,1,-1,-1,1956,2,2,-1,1,-1
201520J007535,2,1,0,5,0,4,0,0,0,0,0,1,6,1,46,8,-1,-1,-1,-1,1,-1
201520J007545,1,9,0,5,0,8,0,0,0,0,1,1,6,2,41,7,1895,1,14,-1,1,-1
201520J007565,1,9,0,9,0,3,1,7,1,10,4,1,6,1,31,6,1998,7,12,-1,1,-1
201520J007565,2,9,0,18,0,4,0,0,0,0,1,1,6,2,34,6,1998,2,11,-1,1,-1
201520J007605,1,9,0,4,0,1,0,0,0,0,1,1,6,1,59,9,-1,-1,-1,-1,1,-1
201520J007605,2,9,0,3,0,1,0,0,0,0,2,1,6,1,20,4,1360,1,14,-1,1,-1
201520J007635,1,11,0,18,0,0,0,0,0,0,0,1,1,1,42,7,8268,2,13,-1,1,-1
201520J007685,1,9,0,18,0,0,0,0,0,0,3,1,6,1,-1,-1,1796,1,13,-1,-1,-1
201520J007685,2,9,0,4,0,0,0,0,0,0,3,1,6,2,30,6,2792,1,7,-1,1,-1
201520J007695,1,9,0,9,0,6,0,0,0,0,3,1,1,1,36,7,1800,1,15,-1,1,-1
201520J007695,2,9,0,18,0,8,0,0,0,0,1,1,1,1,26,6,1248,2,8,-1,1,-1
201520J007705,1,19,0,8,0,1,0,0,0,0,2,1,1,1,45,7,1248,2,1,-1,1,-1
201520J007705,2,20,0,18,0,1,0,0,0,0,1,1,1,1,-1,-1,-1,-1,-1,-1,1,-1
201520J007715,1,9,0,18,0,8,0,10,3,9,1,1,1,1,28,6,1198,1,4,-1,1,-1
201520J007745,1,9,0,9,0,5,0,0,0,0,4,1,6,2,63,9,1299,1,10,-1,1,-1
201520J007745,2,1,0,18,0,8,0,0,0,0,1,1,6,1,45,7,-1,-1,-1,-1,1,-1
201520J007755,1,9,0,9,9,2,0,10,1,0,1,1,6,1,83,11,1086,1,5,-1,1,-1
201520J007755,2,9,0,18,0,1,0,0,0,0,0,1,6,2,71,10,1397,1,6,-1,1,-1
201520J007765,1,9,0,14,0,0,0,0,0,0,4,1,6,2,23,5,1248,2,11,-1,1,-1
201520J007785,1,9,0,18,0,1,0,0,0,0,3,1,6,1,29,6,1390,1,8,-1,1,-1
201520J007785,2,9,0,7,0,6,0,0,0,0,1,1,6,1,62,9,1997,1,16,-1,1,-1
201520J007805,1,9,0,18,0,1,0,10,0,0,2,1,6,2,49,8,1461,2,7,-1,1,-1
201520J007815,1,9,0,18,0,0,0,0,0,0,3,1,6,2,19,4,993,1,17,-1,1,-1
201520J007825,1,9,0,18,0,8,1,10,3,9,1,1,1,1,28,6,-1,-1,-1,-1,1,-1
201520J007835,1,9,0,9,0,5,0,0,0,0,3,1,6,1,-1,-1,1995,2,4,-1,1,-1
201520J007835,2,5,0,13,0,8,0,0,0,0,4,1,6,1,53,8,998,1,5,-1,1,-1
201520J007845,1,9,0,9,0,8,0,0,0,0,1,1,6,1,35,6,1598,1,11,-1,1,-1
201520J007845,2,9,0,18,0,8,0,0,0,0,3,1,6,1,56,9,1242,1,1,-1,1,-1
201520J007855,1,9,0,18,0,8,0,0,0,0,1,1,6,2,60,9,1560,2,1,-1,1,-1
201520J007855,2,9,0,6,0,8,0,0,0,0,3,1,6,1,18,4,1360,1,7,-1,2,-1
201520J007885,1,9,0,18,0,0,0,0,0,0,3,1,6,2,21,5,-1,-1,-1,-1,1,-1
201520J007885,2,9,0,11,0,0,0,0,0,0,4,1,6,1,-1,-1,1396,1,15,-1,1,-1
201520J007935,1,8,0,9,0,2,0,0,0,0,1,1,1,1,61,9,1997,2,12,-1,1,-1
201520J007965,1,5,0,18,0,8,0,4,3,10,1,1,6,1,34,6,998,1,4,-1,1,-1
201520J007965,2,5,0,2,0,8,0,0,0,0,1,1,6,1,33,6,998,1,10,-1,1,-1
201520J007975,1,9,0,13,0,1,0,0,0,0,2,1,6,1,38,7,-1,-1,-1,-1,1,-1
201520J007975,2,9,0,18,0,1,0,0,0,0,1,1,6,1,22,5,1968,2,3,-1,1,-1
201520J008005,1,9,0,17,0,0,1,10,8,10,1,1,6,1,21,5,1598,1,5,-1,1,-1
201520J008015,1,9,0,18,0,8,0,0,0,0,1,1,6,1,29,6,2179,2,2,-1,1,-1
201520J008015,2,9,0,9,0,8,0,0,0,0,4,1,6,1,22,5,1596,1,9,-1,1,-1
201520J008025,1,11,0,18,0,1,0,0,0,0,1,1,1,1,53,8,-1,-1,-1,-1,-1,-1
201520J008035,1,9,0,18,0,4,0,0,0,0,1,1,6,3,-1,-1,-1,-1,-1,-1,-1,-1
201520J008035,2,9,0,18,0,3,0,0,0,0,4,1,6,2,62,9,1388,1,11,-1,1,-1
201520J008045,1,9,0,5,0,8,0,0,0,0,1,1,6,1,-1,-1,998,1,9,-1,1,-1
201520J008045,2,9,0,18,0,8,0,0,0,0,4,1,6,2,-1,-1,1598,1,2,-1,1,-1
201520J008105,1,20,0,18,0,8,0,0,0,0,1,1,6,1,-1,-1,-1,-1,-1,-1,-1,-1
201520J008105,2,9,0,3,0,8,0,0,0,0,2,1,6,1,49,8,1598,1,14,-1,1,-1
201520J008115,1,9,0,18,0,8,0,0,0,0,1,1,6,2,43,7,1229,1,1,-1,1,-1
201520J008115,2,9,0,18,0,8,0,0,0,0,4,1,6,1,26,6,1598,2,2,-1,1,-1
201520J008125,1,9,0,5,0,0,0,0,0,0,2,1,2,1,58,9,1598,1,10,-1,1,-1
201520J008125,2,9,0,5,0,0,0,0,0,0,1,1,2,2,60,9,1598,1,2,-1,1,-1
201520J008165,1,9,0,18,0,1,0,0,0,0,1,1,6,1,22,5,2231,2,5,-1,1,-1
201520J008175,1,9,0,7,0,8,0,0,0,0,1,1,6,3,-1,-1,-1,-1,-1,-1,-1,-1
201520J008175,2,1,0,18,0,8,2,0,0,0,1,1,1,1,35,6,-1,-1,-1,-1,1,-1
201520J008185,1,1,0,18,9,8,0,0,0,0,1,1,6,1,16,4,-1,-1,-1,-1,1,-1
201520J008185,2,9,0,5,9,8,0,0,0,0,4,1,2,2,57,9,1461,2,10,-1,1,-1
201520J008235,1,9,0,9,0,3,0,0,0,0,3,1,6,1,48,8,1595,1,13,-1,-1,-1
201520J008235,2,9,0,17,0,4,0,0,0,0,1,1,6,1,21,5,998,1,13,-1,1,-1
201520J008245,1,9,0,18,0,0,2,10,7,2,1,1,6,1,18,4,1360,1,8,-1,1,-1
201520J008255,1,9,0,18,0,2,0,0,0,0,1,1,6,1,23,5,1124,1,13,-1,1,-1
201520J008255,2,9,0,3,0,2,0,0,0,0,2,1,6,1,31,6,1197,1,1,-1,1,-1
201520J008265,1,9,0,5,0,0,0,0,0,0,1,1,6,1,61,9,1951,2,13,-1,3,-1
201520J008265,2,9,0,4,0,0,0,0,0,0,2,1,6,1,47,8,1995,2,8,-1,1,-1
201520J008265,3,9,0,4,0,0,0,0,0,0,2,1,6,1,42,7,1560,2,4,-1,1,-1
201520J008275,1,9,0,18,0,2,0,0,4,0,1,1,1,1,45,7,998,1,15,-1,1,-1
201520J008275,2,9,0,3,0,2,0,0,0,0,2,1,6,1,50,8,1596,1,13,-1,1,-1
201520J008285,1,9,4,9,0,5,5,10,7,0,4,1,6,1,49,8,2495,2,17,-1,3,-1
201520J008285,2,9,0,5,0,8,0,0,0,0,1,1,6,1,63,9,5461,1,3,-1,1,-1
201520J008295,1,9,0,18,0,8,5,0,0,0,4,1,1,1,30,6,1242,1,1,-1,1,-1
201520J008295,2,19,0,9,0,8,0,0,0,0,3,1,1,1,21,5,2198,2,9,-1,1,-1
201520J008315,1,9,0,17,0,0,0,10,7,10,1,1,6,2,28,6,1598,1,13,-1,-1,-1
201520J008345,1,21,0,17,0,0,0,0,0,0,1,1,1,1,46,8,5900,2,14,-1,1,-1
201520J008345,2,3,0,16,0,0,1,0,0,0,1,1,6,1,17,4,125,1,2,-1,1,-1
201520J008355,1,3,0,13,0,1,0,0,0,0,1,1,6,1,20,4,125,1,12,-1,1,-1
201520J008355,2,9,0,9,0,1,0,0,0,0,3,1,6,1,29,6,-1,-1,-1,-1,1,-1
201520J008415,1,9,0,4,0,1,0,0,0,0,1,1,1,2,22,5,1229,1,4,-1,3,-1
201520J008435,1,9,0,18,0,0,0,0,0,0,1,1,6,3,-1,-1,-1,-1,-1,-1,-1,-1
201520J008435,2,1,0,18,0,0,0,0,0,0,3,1,6,1,46,8,-1,-1,-1,-1,1,-1
201520J008455,1,9,0,1,0,0,0,4,7,0,2,1,6,2,85,11,1086,1,4,-1,1,-1
201520J008455,2,9,0,2,0,0,0,0,0,0,1,1,6,1,-1,-1,1149,1,13,-1,-1,-1
201520J008475,1,9,0,16,0,0,1,10,1,0,1,1,6,1,22,5,1798,1,6,-1,1,-1
201520J008475,2,9,0,17,0,0,2,0,0,0,1,1,6,2,43,7,1798,2,5,-1,2,-1
201520J008485,1,9,0,5,0,4,0,0,0,0,4,1,6,3,-1,-1,-1,-1,-1,-1,-1,-1
201520J008485,2,9,0,5,0,4,0,0,0,0,3,1,1,2,27,6,1388,1,10,-1,1,-1
201520J008495,1,8,0,18,0,0,0,0,0,0,0,1,6,1,-1,-1,-1,-1,-1,-1,1,-1
201520J008495,2,9,0,4,0,0,0,0,0,0,0,1,6,3,-1,-1,-1,-1,-1,-1,-1,-1
201520J008505,1,9,0,18,0,6,0,0,0,0,1,1,6,1,-1,-1,1248,2,11,-1,-1,-1
201520J008505,2,9,0,18,0,8,0,0,0,0,2,1,6,2,19,4,1248,2,7,-1,1,-1
201520J008555,1,1,0,9,0,2,0,0,0,0,1,1,2,1,21,5,-1,-1,-1,-1,1,-1
201520J008555,2,9,0,18,0,1,0,0,0,0,4,1,2,2,57,9,2987,2,5,-1,1,-1
201520J008565,1,1,0,7,0,5,0,4,0,0,1,1,6,1,31,6,-1,-1,-1,-1,1,-1
201520J008565,2,9,0,4,0,1,0,0,0,0,1,1,6,2,40,7,1596,1,12,-1,1,-1
201520J008565,3,9,0,2,0,1,0,0,0,0,1,1,6,1,27,6,1364,1,-1,-1,1,-1
201520J008565,4,9,0,2,0,1,0,0,0,0,1,1,6,2,23,5,1299,1,14,-1,1,-1
201520J008575,1,9,0,5,0,4,0,0,0,0,4,1,1,1,56,9,2191,2,1,-1,3,-1
201520J008575,2,9,0,5,0,4,0,0,0,0,3,1,6,2,35,6,1229,1,9,-1,1,-1
201520J008595,1,9,0,18,0,4,0,0,0,0,1,1,6,1,53,8,2198,1,12,-1,1,-1
201520J008595,2,9,0,18,0,4,0,10,3,1,1,1,2,1,21,5,1398,2,9,-1,1,-1
201520J008605,1,9,0,4,0,1,1,0,0,0,1,1,6,1,19,4,1360,1,13,-1,1,-1
201520J008605,2,9,0,3,0,1,0,0,0,0,2,1,6,1,-1,-1,1461,2,9,-1,1,-1
201520J008615,1,9,0,4,0,2,1,0,0,0,1,1,2,1,52,8,3378,1,17,-1,1,-1
201520J008615,2,19,0,3,0,2,0,0,0,0,2,1,2,1,27,6,1753,2,11,-1,-1,-1
201520J008625,1,19,0,9,0,5,0,0,0,0,4,1,2,1,57,9,1399,2,5,-1,-1,-1
201520J008625,2,5,0,18,0,8,0,0,0,0,1,1,2,1,50,8,1000,1,7,-1,1,-1
201520J008705,1,19,0,9,0,6,0,0,0,0,1,1,6,3,-1,-1,-1,-1,-1,-1,-1,-1
201520J008725,1,9,0,9,0,6,0,0,0,0,1,1,6,1,57,9,1560,2,1,-1,1,-1
201520J008725,2,1,0,18,0,8,0,0,0,0,1,1,2,2,27,6,-1,-1,-1,-1,1,-1
201520J008735,1,9,0,13,0,1,0,0,0,0,1,1,6,1,51,8,-1,-1,-1,-1,1,-1
201520J008735,2,19,0,9,0,5,0,0,0,0,3,1,1,1,37,7,2198,2,4,-1,1,-1
201520J008745,1,9,0,10,0,8,0,0,0,0,2,1,6,1,61,9,-1,-1,-1,-1,1,-1
201520J008745,2,9,0,18,0,8,0,0,0,0,1,1,1,1,27,6,-1,-1,-1,-1,3,-1
201520J008755,1,9,0,18,0,0,0,4,0,0,1,1,6,2,37,7,1242,1,5,-1,1,-1
201520J008755,2,9,0,2,0,0,0,0,0,0,1,1,6,1,22,5,1149,1,8,-1,1,-1
201520J008805,1,9,0,18,0,0,1,0,0,0,1,1,6,2,24,5,2500,2,25,-1,1,-1
201520J008805,2,9,0,3,0,0,0,0,0,0,2,1,6,2,39,7,1598,2,5,-1,2,-1
201520J008805,3,9,0,3,0,0,0,0,0,0,2,1,6,1,40,7,1242,1,12,-1,1,-1
201520J008855,1,9,0,14,0,0,0,0,0,0,4,1,2,1,52,8,1781,1,17,-1,1,-1
201520J008855,2,1,0,18,0,0,0,0,0,0,1,1,6,1,-1,-1,-1,-1,-1,-1,1,-1
201520J008865,1,9,0,18,0,0,0,0,0,0,1,1,6,1,-1,-1,998,1,16,-1,-1,-1
201520J008865,2,9,0,4,0,0,0,0,0,0,2,1,6,2,29,6,1587,1,13,-1,1,-1
201520J008875,1,9,0,5,0,1,0,0,0,0,1,1,6,2,-1,-1,1997,2,10,-1,-1,-1
201520J008875,2,9,0,3,0,1,0,0,0,0,2,1,6,2,34,6,1360,1,9,-1,1,-1
201520J008895,1,5,0,16,0,0,0,7,5,7,1,1,1,1,31,6,649,1,6,-1,1,-1
201520J008965,1,9,0,18,0,8,1,10,7,0,1,1,6,3,-1,-1,1796,1,7,-1,-1,-1
201520J008965,2,9,0,18,0,8,0,0,0,0,1,1,1,2,77,11,1298,1,13,-1,1,-1
201520J008975,1,9,0,9,0,6,0,0,0,0,3,1,6,2,59,9,1995,2,12,-1,1,-1
201520J008975,2,3,0,18,0,8,0,0,0,0,1,1,6,1,19,4,100,1,9,-1,1,-1
201520J008995,1,9,0,7,0,5,0,0,0,0,1,1,1,1,29,6,1299,1,13,-1,1,-1
201520J009005,1,9,0,18,0,0,5,10,1,0,1,1,2,1,20,4,1229,1,5,-1,1,-1
201520J009015,1,9,0,18,0,1,0,0,0,0,1,1,6,3,-1,-1,-1,-1,-1,-1,-1,-1
201520J009015,2,9,0,3,0,1,0,0,0,0,2,1,6,2,43,7,1364,1,5,-1,1,-1
201520J009015,3,9,0,9,0,1,0,0,0,0,2,1,6,1,57,9,1598,2,2,-1,1,-1
201520J009025,1,9,0,18,0,0,0,0,0,0,1,1,6,1,-1,-1,-1,-1,-1,-1,-1,-1
201520J009025,2,9,0,3,0,0,0,0,0,0,2,1,6,2,51,8,1598,2,-1,-1,1,-1
201520J009045,1,9,0,17,0,0,1,4,0,0,1,1,2,1,35,6,1589,1,24,-1,1,-1
201520J009045,2,9,0,2,0,0,0,0,0,0,1,1,6,2,-1,-1,1296,1,9,-1,-1,-1
201520J009045,3,9,0,2,0,0,0,0,0,0,1,1,6,2,-1,-1,1686,2,2,-1,-1,-1
201520J009045,4,19,0,2,0,0,0,0,0,0,1,1,6,1,-1,-1,1248,2,10,-1,-1,-1
201520J009055,1,19,0,9,0,6,0,0,0,0,3,1,6,1,-1,-1,-1,-1,-1,-1,-1,-1
201520J009055,2,3,0,18,0,8,0,0,0,0,1,1,1,1,21,5,124,1,7,-1,1,-1
201520J009075,1,9,0,7,0,4,0,0,0,0,3,1,6,2,53,8,1598,1,14,-1,1,-1
201520J009075,2,9,0,9,0,3,0,0,0,0,4,1,6,2,77,11,1527,2,14,-1,1,-1
201520J009115,1,9,0,18,0,8,0,0,0,0,3,1,6,2,19,4,1149,1,7,-1,1,-1
201520J009115,2,9,0,5,0,8,0,0,0,0,4,1,6,2,38,7,1389,1,15,-1,1,-1
201520J009115,3,90,0,8,0,1,0,0,0,0,3,1,1,1,54,8,-1,-1,-1,-1,-1,-1
201520J009255,1,9,0,1,0,0,0,0,0,0,2,1,6,1,31,6,1998,2,9,-1,1,-1
201520J009305,1,9,0,6,0,8,0,0,0,0,1,1,6,1,-1,-1,1124,1,16,-1,-1,-1
201520J009305,2,9,0,18,0,8,0,0,0,0,1,1,1,1,19,4,1596,1,9,-1,1,-1
201520J009315,1,9,0,5,0,6,0,0,0,0,1,1,6,2,-1,-1,2967,2,2,-1,-1,-1
201520J009335,1,9,0,17,0,4,0,0,0,0,3,1,6,2,23,5,1242,1,9,-1,2,-1
201520J009335,2,9,0,17,0,4,0,0,0,0,2,1,6,2,20,4,-1,-1,-1,-1,1,-1
201520J009365,1,9,0,18,0,0,0,4,0,0,3,1,6,1,67,10,1396,1,12,-1,1,-1
201520J009365,2,9,0,2,0,0,0,10,1,10,2,1,6,2,74,10,999,1,1,-1,3,-1
201520J009375,1,9,0,5,0,6,0,0,0,0,1,1,6,1,-1,-1,1781,1,16,-1,-1,-1
201520J009375,2,9,0,18,0,8,0,0,0,0,4,1,6,2,39,7,1329,1,-1,-1,1,-1
201520J009375,3,19,0,18,0,8,0,0,0,0,1,1,6,1,20,4,2198,2,3,-1,1,-1
201520J009385,1,9,0,18,0,0,0,0,0,0,4,1,6,1,73,10,1598,1,8,-1,1,-1
201520J009395,1,3,0,16,0,0,2,7,6,0,1,1,6,1,48,8,125,1,-1,-1,1,-1
201520J009445,1,9,0,9,0,6,0,0,0,0,3,1,6,1,26,6,1198,1,-1,-1,1,-1
201520J009445,2,9,0,18,0,8,0,0,0,0,1,1,6,2,29,6,1461,2,8,-1,1,-1
201520J009455,1,9,0,18,9,0,0,0,0,0,1,1,6,2,-1,-1,1598,1,10,-1,-1,-1
201520J009475,1,9,0,16,0,0,0,0,1,2,1,1,6,1,26,6,1796,1,12,-1,1,-1
201520J009535,1,8,0,9,0,6,0,0,0,0,1,1,6,1,-1,-1,1560,2,11,-1,1,-1
201520J009535,2,1,0,18,0,8,0,0,0,0,1,1,1,1,39,7,-1,-1,-1,-1,1,-1
201520J009565,1,9,0,4,0,1,0,0,0,0,1,1,6,1,23,5,1995,2,10,-1,1,-1
201520J009575,1,9,0,9,0,8,0,0,0,0,1,1,6,1,43,7,1197,1,-1,-1,1,-1
201520J009585,1,9,0,18,0,8,5,7,7,1,4,1,6,1,-1,-1,4197,1,10,-1,-1,-1
201520J009585,2,9,0,18,0,8,0,0,0,0,1,1,6,2,34,6,1598,1,9,-1,1,-1
201520J009635,1,9,0,18,0,8,1,0,0,0,1,1,6,2,50,8,1997,1,11,-1,1,-1
201520J009635,2,9,0,5,0,8,0,0,0,0,1,1,6,1,22,5,-1,-1,-1,-1,1,-1
201520J009635,3,9,0,3,0,1,0,0,0,0,1,1,6,1,-1,-1,1240,1,10,-1,1,-1
201520J009645,1,5,0,9,0,5,0,4,1,0,1,1,6,1,49,8,-1,-1,-1,-1,1,-1
201520J009645,2,19,0,2,0,1,0,0,0,0,1,1,6,1,30,6,2496,2,15,-1,1,-1
201520J009655,1,9,0,9,0,6,0,0,0,0,3,1,6,1,78,11,1498,1,1,-1,1,-1
201520J009655,2,3,0,18,0,8,0,0,0,0,1,1,6,1,24,5,125,1,15,-1,1,-1
201520J009675,1,9,0,1,0,0,0,4,0,0,2,1,6,1,-1,-1,1388,1,16,-1,-1,-1
201520J009675,2,9,0,3,0,0,0,0,0,0,1,1,1,1,37,7,1956,2,3,-1,1,-1
201520J009675,3,9,0,3,0,0,0,0,0,0,1,1,1,1,-1,-1,1968,2,1,-1,-1,-1
201520J009675,4,9,0,2,0,0,0,0,0,0,3,1,6,3,-1,-1,1242,1,3,-1,-1,-1
201520J009685,1,9,0,18,9,1,0,10,1,10,1,1,6,1,18,4,1390,1,13,-1,1,-1
201520J009695,1,9,0,9,0,5,0,0,0,0,1,1,6,2,43,7,1598,1,4,-1,1,-1
201520J009695,2,3,0,18,0,8,0,0,0,0,3,1,6,1,18,4,124,1,3,-1,1,-1
201520J009705,1,9,0,9,0,8,0,0,0,0,3,1,6,1,26,6,2926,2,13,-1,1,-1
201520J009705,2,9,0,18,0,8,0,0,0,0,1,1,6,1,26,6,1560,2,8,-1,1,-1
201520J009715,1,8,0,7,0,8,0,0,0,0,2,1,1,1,35,6,1995,2,8,-1,1,-1
201520J009715,2,9,0,18,0,8,0,0,0,0,1,1,6,1,21,5,1149,1,12,-1,1,-1
201520J009725,1,9,0,18,0,0,0,0,0,0,1,1,1,2,44,7,1388,1,7,-1,1,-1
201520J009735,1,19,0,9,0,6,0,0,0,0,1,1,1,1,32,6,2402,2,8,-1,1,-1
201520J009735,2,1,0,17,0,8,0,0,0,0,1,1,6,1,53,8,-1,-1,-1,-1,1,-1
201520J009785,1,9,0,18,0,1,0,0,0,0,1,1,6,1,-1,-1,1994,2,13,-1,-1,-1
201520J009785,2,9,0,3,0,1,0,0,0,0,2,1,6,2,38,7,1997,2,8,-1,1,-1
201520J009795,1,9,0,18,0,2,0,0,0,0,1,1,6,3,-1,-1,-1,-1,-1,-1,-1,-1
201520J009825,1,9,0,4,0,1,0,0,0,0,4,1,2,1,35,6,1798,1,5,-1,1,-1
201520J009855,1,19,0,12,0,0,0,0,0,0,0,1,6,1,-1,-1,-1,-1,-1,-1,-1,-1
201520J009855,2,9,0,18,0,0,0,0,0,0,0,1,6,1,59,9,2685,2,10,-1,1,-1
201520J009895,1,9,0,4,0,0,2,10,1,10,1,1,6,1,20,4,1199,1,15,-1,1,-1
201520J009895,2,9,0,4,0,0,0,0,0,0,0,1,1,1,-1,-1,1956,2,3,-1,1,-1
201520J009945,1,9,0,16,0,0,5,10,1,2,1,1,6,1,19,4,1598,1,12,-1,1,-1
201520J009955,1,9,0,9,0,6,0,0,0,0,0,1,6,3,-1,-1,-1,-1,-1,-1,-1,-1
201520J009955,2,8,0,18,0,8,0,0,0,0,0,1,6,1,-1,-1,-1,-1,-1,-1,-1,-1
201520J009965,1,9,0,5,9,6,0,0,0,0,1,1,6,1,-1,-1,-1,-1,-1,-1,-1,-1
201520J009975,1,9,0,18,0,0,0,10,0,0,1,1,6,2,-1,-1,1998,2,10,-1,-1,-1
201520J010025,1,9,0,16,0,0,1,0,0,0,1,1,6,1,-1,-1,1242,1,16,-1,1,-1
201520J010025,2,9,0,17,0,0,0,0,0,0,1,1,6,1,83,11,1398,1,5,-1,1,-1
201520J010035,1,9,0,18,0,0,0,0,0,0,1,1,6,1,34,6,1360,1,15,-1,1,-1
201520J010045,1,9,0,18,0,6,0,0,0,0,1,1,1,1,48,8,-1,-1,-1,-1,1,-1
201520J010045,2,9,0,18,0,8,1,0,0,0,1,1,1,2,55,8,1388,1,10,-1,1,-1
201520J010055,1,9,0,7,0,5,0,0,0,0,1,1,1,1,43,7,1587,1,13,-1,1,-1
201520J010055,2,1,0,18,0,8,0,0,0,0,3,1,4,1,13,3,-1,-1,-1,-1,1,-1
201520J010065,1,5,0,13,0,1,1,10,1,0,1,1,6,1,25,5,599,1,21,-1,1,-1
201520J010065,2,9,0,9,0,1,0,0,0,0,4,1,2,1,29,6,1968,2,-1,-1,1,-1
201520J010075,1,9,0,18,0,2,0,0,0,0,1,1,1,1,56,9,1896,2,16,-1,1,-1
201520J010085,1,9,0,18,0,1,0,0,0,0,1,1,6,1,-1,-1,1596,1,5,-1,-1,-1
201520J010085,2,9,0,18,0,1,0,0,0,0,2,1,6,2,32,6,898,1,-1,-1,1,-1
201520J010095,1,9,0,18,0,0,0,0,0,0,1,1,6,2,36,7,1199,1,11,-1,1,-1
201520J010105,1,9,0,9,0,6,0,0,0,0,1,1,6,2,30,6,1598,1,7,-1,1,-1
201520J010105,2,5,0,18,0,8,0,0,0,0,1,1,6,2,22,5,1202,1,-1,-1,1,-1
201520J010115,1,9,0,1,0,0,0,0,0,0,2,1,6,1,27,6,1994,2,13,-1,1,-1
201520J010115,2,3,0,3,0,0,0,0,0,0,1,1,6,2,39,7,124,1,6,-1,1,-1
201520J010135,1,9,0,18,0,4,0,0,0,0,1,1,6,3,-1,-1,-1,-1,-1,-1,-1,-1