Accident_Index,Vehicle_Reference,Vehicle_Type,Towing_and_Articulation,Vehicle_Manoeuvre,Vehicle_Location-Restricted_Lane,Junction_Location,Skidding_and_Overturning,Hit_Object_in_Carriageway,Vehicle_Leaving_Carriageway,Hit_Object_off_Carriageway,1st_Point_of_Impact,Was_Vehicle_Left_Hand_Drive?,Journey_Purpose_of_Driver,Sex_of_Driver,Age_of_Driver,Age_Band_of_Driver,Engine_Capacity_(CC),Propulsion_Code,Age_of_Vehicle,Driver_IMD_Decile,Driver_Home_Area_Type,Vehicle_IMD_Decile
201520J010135,2,1,0,9,0,8,0,0,0,0,2,1,6,1,48,8,-1,-1,-1,-1,1,-1
201520J010155,1,9,0,18,0,0,0,10,1,10,4,1,6,1,37,7,2360,7,13,-1,1,-1
201520J010155,2,9,0,3,0,0,0,0,0,0,3,1,6,1,57,9,1995,2,6,-1,1,-1
201520J010165,1,9,0,18,0,0,0,0,0,0,1,1,1,1,36,7,1390,1,5,-1,1,-1
201520J010165,2,9,0,3,0,0,0,0,0,0,2,1,1,1,41,7,1896,2,14,-1,1,-1
201520J010185,1,9,0,18,0,8,0,0,0,0,1,1,6,1,47,8,1994,1,16,-1,1,-1
201520J010245,1,9,0,9,0,5,0,0,0,0,1,1,2,2,56,9,1598,1,2,-1,1,-1
201520J010245,2,9,0,17,0,8,0,0,0,0,1,1,2,2,53,8,1242,1,3,-1,1,-1
201520J010255,1,3,0,13,0,8,0,10,7,1,1,1,6,1,18,4,124,1,-1,-1,1,-1
201520J010255,2,9,0,9,0,5,0,0,0,0,3,1,6,1,38,7,1995,2,4,-1,1,-1
201520J010265,1,9,0,18,0,4,1,9,3,10,1,1,6,1,25,5,1396,1,18,-1,1,-1
201520J010275,1,9,0,7,0,3,0,0,0,0,4,1,6,2,23,5,1598,1,11,-1,1,-1
201520J010275,2,9,0,18,0,4,0,0,0,0,1,1,6,1,55,8,3222,2,11,-1,1,-1
201520J010285,1,9,0,9,0,5,0,0,0,0,1,1,6,1,52,8,1598,1,9,-1,1,-1
201520J010285,2,9,0,18,0,8,0,0,0,0,1,1,6,1,59,9,998,1,2,-1,1,-1
201520J010295,1,9,0,18,0,0,0,10,1,0,1,1,6,1,23,5,1796,1,11,-1,-1,-1
201520J010305,1,9,0,5,0,1,0,0,0,0,1,1,6,1,-1,-1,-1,-1,-1,-1,-1,-1
201520J010305,2,1,0,18,0,1,0,0,0,0,1,1,6,1,12,3,-1,-1,-1,-1,-1,-1
201520J010335,1,9,0,18,0,8,0,0,0,0,4,1,6,1,-1,-1,-1,-1,-1,-1,-1,-1
201520J010335,2,5,0,18,0,8,1,0,0,0,1,1,6,1,40,7,592,1,23,-1,1,-1
201520J010355,1,9,0,18,0,8,0,0,0,0,1,1,6,2,66,10,-1,-1,-1,-1,1,-1
201520J010355,2,9,0,9,0,8,0,0,0,0,3,1,6,2,43,7,1587,1,9,-1,1,-1
201520J010365,1,9,0,18,0,0,0,0,0,0,1,1,6,2,34,6,1229,1,9,-1,1,-1
201520J010375,1,9,0,18,0,0,0,0,0,0,1,1,6,1,52,8,1499,2,1,-1,1,-1
201520J010375,2,19,0,18,0,0,0,0,0,0,1,1,6,3,-1,-1,1998,2,11,-1,-1,-1
201520J010395,1,9,0,18,0,1,0,0,0,0,1,1,6,1,39,7,1984,1,14,-1,1,-1
201520J010395,2,9,0,3,0,1,0,0,0,0,2,1,6,2,23,5,1199,1,2,-1,1,-1
201520J010425,1,8,0,4,0,0,0,0,0,0,1,1,6,3,-1,-1,-1,-1,-1,-1,-1,-1
201520J010425,2,2,0,4,0,0,0,0,0,0,2,1,6,1,16,4,50,1,-1,-1,1,-1
201520J010435,1,20,1,18,0,2,0,0,0,0,1,1,6,1,-1,-1,-1,-1,-1,-1,-1,-1
201520J010435,2,9,0,7,0,6,0,0,0,0,2,1,2,2,38,7,1598,1,13,-1,1,-1
201520J010445,1,9,0,16,0,2,0,0,0,0,1,1,6,1,53,8,1997,2,8,-1,1,-1
201520J010475,1,9,0,18,0,6,0,0,0,0,1,1,6,1,-1,-1,1560,2,8,-1,-1,-1
201520J010475,2,9,0,18,0,1,0,0,0,0,4,1,2,1,22,5,-1,-1,-1,-1,3,-1
201520J010525,1,1,0,18,0,8,0,0,0,0,1,1,6,1,-1,-1,-1,-1,-1,-1,1,-1
201520J010525,2,9,0,7,0,6,0,0,0,0,1,1,6,1,-1,-1,2000,2,10,-1,-1,-1
201520J010535,1,3,0,4,0,1,1,0,0,0,0,1,2,1,20,4,125,1,-1,-1,1,-1
201520J010535,2,9,0,4,0,1,0,0,0,0,0,1,2,1,55,8,998,1,4,-1,1,-1
201520J010545,1,9,0,9,0,6,0,0,0,0,1,1,2,1,65,9,1999,1,1,-1,1,-1
201520J010545,2,1,0,17,0,8,0,0,0,0,4,1,2,1,23,5,-1,-1,-1,-1,1,-1
201520J010565,1,9,0,9,0,2,1,10,1,0,1,1,6,3,-1,-1,1896,2,7,-1,-1,-1
201520J010575,1,1,0,18,0,0,0,0,0,0,1,1,6,1,79,11,-1,-1,-1,-1,1,-1
201520J010575,2,9,4,18,0,0,0,0,0,0,4,1,6,1,49,8,1896,2,12,-1,2,-1
201520J601165,1,9,0,18,0,0,0,0,0,0,1,1,6,1,-1,-1,-1,-1,-1,-1,-1,-1
201520J603355,1,19,0,11,0,1,0,0,0,0,4,1,1,1,-1,-1,2287,2,3,-1,-1,-1
201520J603355,2,9,0,18,0,1,0,0,0,0,3,1,6,1,43,7,1364,1,9,-1,1,-1
201520J606505,1,9,0,18,0,8,0,0,0,0,1,1,6,1,42,7,-1,-1,-1,-1,1,-1
201520J606505,2,9,0,18,0,8,0,10,1,0,3,1,6,2,40,7,1686,2,3,-1,1,-1
201520J607255,1,19,0,18,0,1,0,0,0,0,1,1,6,3,-1,-1,-1,-1,-1,-1,-1,-1
201520J607255,2,9,0,7,0,5,0,0,0,0,2,1,6,1,62,9,1998,2,12,-1,1,-1
201520J610255,1,9,0,18,0,0,1,0,0,0,1,1,6,1,-1,-1,-1,-1,-1,-1,-1,-1
201520J610255,2,9,0,3,0,0,0,0,0,0,2,1,6,1,42,7,2429,1,10,-1,1,-1
201520K000295,1,9,0,18,0,1,0,0,4,0,1,1,6,2,37,7,-1,-1,-1,-1,1,-1
201520K000295,2,9,0,3,0,1,0,0,0,0,3,1,6,1,30,6,2987,2,2,-1,1,-1
201520K000295,3,10,0,3,0,1,0,0,0,0,2,1,1,1,-1,-1,-1,-1,-1,-1,-1,-1
201520K000775,1,9,0,18,0,2,0,4,0,0,1,1,3,2,46,8,1995,2,11,-1,1,-1
201520K000775,2,19,0,2,0,1,0,0,0,0,1,1,6,1,44,7,1870,2,8,-1,1,-1
201520K000985,1,9,0,18,0,8,0,0,0,0,1,1,6,1,33,6,-1,-1,-1,-1,1,-1
201520K000985,2,9,0,1,0,8,0,0,0,0,1,1,6,1,51,8,2698,2,8,-1,1,-1
201520K001065,1,19,0,18,0,4,0,0,0,0,1,1,6,1,47,8,2148,2,8,-1,1,-1
201520K001065,2,1,0,18,0,8,0,0,0,0,1,1,6,1,31,6,-1,-1,-1,-1,1,-1
201520K001075,1,9,0,14,0,0,0,0,0,0,4,1,6,2,30,6,1390,1,8,-1,1,-1
201520K001085,1,19,0,18,0,8,0,0,0,0,4,1,2,1,57,9,1868,2,10,-1,1,-1
201520K001085,2,8,0,18,0,8,0,0,0,0,1,1,2,1,64,9,-1,-1,-1,-1,1,-1
201520K001155,1,9,0,18,0,8,1,10,1,0,1,1,2,1,20,4,1390,1,10,-1,1,-1
201520K001155,2,20,0,9,9,8,0,0,0,0,4,1,1,1,60,9,-1,-1,-1,-1,1,-1
201520K001185,1,19,0,18,0,4,0,0,0,0,1,1,1,1,27,6,2143,2,1,-1,1,-1
201520K001185,2,9,0,9,0,8,0,0,0,0,4,1,6,1,56,9,-1,-1,-1,-1,1,-1
201520K001205,1,9,0,9,0,6,0,0,0,0,3,1,3,1,25,5,1198,1,3,-1,1,-1
201520K001205,2,1,0,18,0,8,0,0,0,0,1,1,6,1,42,7,-1,-1,-1,-1,1,-1
201520K001215,1,8,0,5,0,8,0,0,0,0,1,1,1,1,36,7,1896,2,5,-1,1,-1
201520K001215,2,1,0,18,0,8,0,0,0,0,4,1,6,1,57,9,-1,-1,-1,-1,1,-1
201520K001225,1,9,0,1,0,2,0,0,0,0,2,1,6,3,-1,-1,-1,-1,-1,-1,-1,-1
201520K001305,1,9,0,8,0,1,0,0,0,0,1,1,6,2,57,9,1598,1,2,-1,1,-1
201520K001315,1,9,0,18,0,4,1,0,1,2,1,1,6,1,23,5,-1,-1,-1,-1,1,-1
201520K001335,1,9,0,18,0,1,0,0,0,0,1,1,6,1,-1,-1,1242,1,8,-1,1,-1
201520K001335,2,9,0,10,0,1,0,0,0,0,2,1,6,1,25,5,1242,1,8,-1,1,-1
201520K001345,1,9,0,18,0,1,1,0,0,0,1,1,6,2,37,7,-1,-1,-1,-1,1,-1
201520K001345,2,9,0,3,0,1,0,0,0,0,2,1,6,2,38,7,1968,2,3,-1,1,-1
201520K001365,1,9,0,9,0,5,0,0,0,0,4,1,6,2,23,5,1149,1,8,-1,1,-1
201520K001365,2,9,0,18,0,8,0,0,0,0,1,1,6,1,57,9,2993,2,1,-1,1,-1
201520K001375,1,9,0,5,0,1,0,0,0,0,1,1,2,2,24,5,1299,1,10,-1,1,-1
201520K001375,2,9,0,3,0,1,0,0,0,0,2,1,2,2,31,6,1248,1,4,-1,1,-1
201520K001415,1,11,0,18,0,8,1,0,0,0,0,1,1,1,-1,-1,6696,2,1,-1,-1,-1
201520K001415,2,9,0,18,0,8,1,0,0,0,0,1,6,1,40,7,1398,1,3,-1,1,-1
201520K001425,1,9,0,17,0,0,0,0,0,0,3,1,2,2,29,6,-1,-1,-1,-1,1,-1
201520K001425,2,9,0,16,0,0,0,0,0,0,3,1,2,1,65,9,1986,2,10,-1,1,-1
201520K001425,3,9,0,17,0,0,0,0,0,0,3,1,2,1,43,7,2987,2,1,-1,1,-1
201520K001445,1,9,0,4,0,1,0,0,0,0,1,1,6,1,84,11,1299,1,8,-1,1,-1
201520K001475,1,9,0,7,0,6,0,0,0,0,3,1,6,1,-1,-1,-1,-1,-1,-1,-1,-1
201520K001475,2,9,0,18,0,8,0,0,0,0,1,1,6,2,47,8,1248,2,2,-1,1,-1
201520K001575,1,19,0,18,0,2,0,0,0,0,1,1,6,1,59,9,2402,2,12,-1,1,-1
201520K001575,2,9,0,18,0,1,1,0,0,0,1,1,1,1,49,8,-1,-1,-1,-1,1,-1
201520K001575,3,9,0,18,0,1,0,0,0,0,4,1,2,1,41,7,-1,-1,-1,-1,1,-1
201520K001585,1,9,0,5,0,4,0,0,0,0,1,1,1,1,43,7,2499,2,11,-1,1,-1
201520K001585,2,9,0,7,0,4,0,0,0,0,4,1,1,1,22,5,1999,1,6,-1,-1,-1
201520K001645,1,9,0,18,0,0,5,4,0,0,1,1,1,1,19,4,1390,1,13,-1,1,-1
201520K001645,2,19,0,2,0,0,0,0,0,0,1,1,6,1,27,6,1995,2,2,-1,1,-1
201520K001885,1,20,0,1,0,1,0,0,0,0,4,1,6,1,-1,-1,-1,-1,-1,-1,1,-1
201520K001885,2,9,0,2,9,2,0,0,0,0,4,1,6,1,28,6,1364,1,11,-1,1,-1
201520K001885,3,9,0,3,0,1,0,0,0,0,4,1,6,2,32,6,1360,1,9,-1,1,-1
201520K001905,1,9,0,18,0,0,0,0,0,0,1,1,6,1,50,8,1198,1,1,-1,1,-1
201520K001915,1,9,0,9,0,5,0,0,0,0,1,1,6,1,65,9,1998,1,11,-1,1,-1
201520K001915,2,1,0,18,9,8,0,0,0,0,4,1,6,1,15,3,-1,-1,-1,-1,1,-1
201520K001925,1,9,0,9,0,6,0,0,0,0,1,1,6,3,-1,-1,1364,1,8,-1,1,-1
201520K001925,2,9,0,9,0,5,0,0,0,0,3,1,6,1,43,7,1995,2,2,-1,1,-1
201520K001935,1,9,0,9,0,8,0,0,0,0,1,1,6,1,19,4,1299,1,17,-1,1,-1
201520K001935,2,19,0,18,0,8,0,0,0,0,1,1,1,1,50,8,-1,-1,-1,-1,1,-1
201520K001945,1,9,0,9,0,5,0,0,0,0,1,1,6,1,36,7,1686,2,9,-1,1,-1
201520K001945,2,90,0,18,0,2,0,0,0,0,1,1,6,1,72,10,-1,-1,-1,-1,1,-1
201520K001965,1,9,0,18,0,2,0,0,0,0,1,1,6,1,27,6,1910,2,10,-1,1,-1
201520K001975,1,19,0,9,0,2,0,0,0,0,4,1,6,3,-1,-1,1248,2,9,-1,-1,-1
201520K002005,1,9,0,18,0,0,0,0,0,0,1,1,6,1,23,5,1997,2,1,-1,1,-1
201520K002005,2,11,0,18,0,0,0,0,0,0,3,1,1,1,56,9,4500,2,4,-1,1,-1
201520K002005,3,9,0,18,0,0,0,0,0,0,0,1,6,1,-1,-1,2993,2,3,-1,1,-1
201520K002005,4,9,0,2,0,0,0,0,0,0,3,1,6,1,-1,-1,-1,-1,-1,-1,-1,-1
201520K002065,1,9,0,18,0,1,0,0,0,0,1,1,6,1,-1,-1,-1,-1,-1,-1,-1,-1
201520K002065,2,9,0,3,0,1,0,0,0,0,2,1,2,2,53,8,1242,1,5,-1,1,-1
201520K002095,1,9,0,1,0,0,0,0,0,0,2,1,1,1,45,7,-1,-1,-1,-1,1,-1
201520K002115,1,9,0,18,0,1,0,0,0,0,1,1,3,2,-1,-1,1360,1,10,-1,1,-1
201520K002135,1,1,0,18,0,0,2,10,0,0,3,1,4,1,17,4,-1,-1,-1,-1,1,-1
201520K002135,2,9,0,18,0,0,0,0,0,0,4,1,6,1,-1,-1,1995,2,10,-1,-1,-1
201520K002145,1,9,0,16,0,1,1,4,7,10,4,1,2,1,25,5,-1,-1,-1,-1,1,-1
201520K002145,2,9,0,2,0,1,0,0,0,0,2,1,6,1,47,8,1596,1,10,-1,1,-1
201520K002175,1,9,0,3,0,1,0,0,0,0,2,1,6,2,65,9,1796,1,11,-1,3,-1
201520K002175,2,19,0,18,0,1,0,0,0,0,1,1,6,3,-1,-1,2198,2,8,-1,-1,-1
201520K002195,1,19,0,18,0,1,0,0,0,0,1,1,1,1,38,7,2148,2,8,-1,1,-1
201520K002195,2,9,0,8,0,1,0,0,0,0,2,1,6,1,26,6,1299,1,10,-1,1,-1
201520K002205,1,9,0,9,0,5,0,0,0,0,1,1,1,2,19,4,998,1,8,-1,1,-1
201520K002205,2,19,0,18,0,8,0,0,0,0,4,1,6,1,41,7,1598,2,1,-1,1,-1
201520K002215,1,9,0,9,0,8,0,0,0,0,1,1,2,2,66,10,-1,-1,-1,-1,1,-1
201520K002215,2,9,0,18,0,8,0,0,0,0,1,1,2,2,37,7,-1,-1,-1,-1,1,-1
201520K002215,3,19,0,8,0,1,0,0,0,0,1,1,1,1,44,7,2298,2,1,-1,1,-1
201520K002225,1,9,0,7,0,5,0,0,0,0,4,1,6,1,-1,-1,-1,-1,-1,-1,-1,-1
201520K002225,2,90,0,18,0,8,0,0,0,0,3,1,6,1,42,7,2970,2,3,-1,1,-1
201520K002345,1,9,0,18,0,8,0,0,0,0,1,1,6,1,-1,-1,1794,1,10,-1,-1,-1
201520K002345,2,9,0,9,0,8,0,0,0,0,3,1,6,1,75,10,1798,1,9,-1,1,-1
201520K002435,1,9,0,18,0,0,1,0,0,0,1,1,6,1,-1,-1,1399,2,12,-1,-1,-1
201520K002525,1,9,0,18,0,1,0,0,0,0,1,1,6,2,27,6,1896,2,12,-1,1,-1
201520K002525,2,9,0,18,0,2,0,0,0,0,0,1,6,1,22,5,1796,1,12,-1,1,-1
201520K002535,1,9,0,18,0,4,0,0,0,0,1,1,1,1,49,8,1796,1,9,-1,1,-1
201520K002535,2,1,0,18,0,8,0,0,0,0,4,1,6,2,62,9,-1,-1,-1,-1,1,-1
201520K002665,1,9,0,5,0,0,0,0,0,0,3,1,6,1,-1,-1,-1,-1,-1,-1,-1,-1
201520K002665,2,3,0,14,0,0,0,0,0,0,1,1,6,1,29,6,124,1,11,-1,1,-1
201520K002675,1,9,0,18,0,0,0,0,0,0,1,1,6,3,-1,-1,-1,-1,-1,-1,-1,-1
201520K002675,2,1,0,18,0,0,0,0,0,0,2,1,6,1,19,4,-1,-1,-1,-1,1,-1
201520K002685,1,9,0,7,0,6,0,0,0,0,3,1,6,3,-1,-1,998,1,2,-1,-1,-1
201520K002685,2,3,0,18,0,8,0,0,0,0,1,1,2,1,23,5,124,1,4,-1,1,-1
201520K002715,1,9,0,18,0,8,0,0,0,0,1,1,6,2,33,6,1587,1,14,-1,1,-1
201520K002715,2,9,0,18,0,8,0,0,0,0,3,1,6,1,51,8,998,1,7,-1,1,-1
201520K002725,1,9,0,12,0,3,0,0,0,0,3,1,6,1,-1,-1,1995,2,13,-1,-1,-1
201520K002725,2,9,0,18,0,3,0,0,0,0,4,1,2,2,24,5,998,1,11,-1,1,-1
201520K002735,1,9,0,3,0,1,0,0,0,0,2,1,2,2,28,6,1686,2,11,-1,1,-1
201520K002735,2,9,0,18,0,1,0,0,0,0,1,1,6,3,-1,-1,-1,-1,-1,-1,-1,-1
201520K002745,1,9,0,18,0,0,0,0,0,0,1,1,2,1,27,6,1560,2,10,-1,1,-1
201520K002825,1,9,0,9,0,2,0,0,0,0,1,1,1,1,40,7,1197,1,3,-1,-1,-1
201520K002845,1,9,0,18,0,0,0,0,0,0,1,1,1,1,58,9,1997,2,4,-1,1,-1
201520K002855,1,9,0,18,0,8,0,0,0,0,1,1,6,1,44,7,-1,-1,-1,-1,1,-1
201520K002855,2,9,0,18,0,8,0,0,0,0,4,1,3,1,48,8,1600,1,11,-1,1,-1
201520K002865,1,9,0,18,0,0,0,0,0,0,1,1,6,1,-1,-1,1149,1,13,-1,-1,-1
201520K002865,2,9,0,3,0,0,0,0,0,0,2,1,6,2,35,6,1461,2,5,-1,1,-1
201520K002905,1,9,0,18,0,0,0,0,0,0,1,1,6,3,-1,-1,-1,-1,-1,-1,-1,-1
201520K002925,1,9,0,4,0,8,0,0,0,0,1,1,6,1,26,6,-1,-1,-1,-1,1,-1
201520K002925,2,9,0,18,0,8,0,0,0,0,4,1,6,1,57,9,2993,2,6,-1,1,-1
201520K003045,1,9,0,18,0,8,0,0,0,0,1,1,6,3,-1,-1,-1,-1,-1,-1,-1,-1
201520K003045,2,3,0,5,0,8,0,0,0,0,1,1,6,1,21,5,-1,-1,-1,-1,1,-1
201520K003055,1,8,0,18,0,0,0,0,0,0,1,1,1,1,41,7,1596,7,7,-1,1,-1
201520K003075,1,9,0,18,0,0,1,0,7,0,1,1,6,1,24,5,1497,1,11,-1,1,-1
201520K003075,2,9,0,6,0,0,0,0,0,0,4,1,6,2,-1,-1,-1,-1,-1,-1,1,-1
201520K003095,1,9,0,9,0,2,0,0,0,0,1,1,1,1,63,9,1910,2,6,-1,1,-1
201520K003135,1,9,0,18,0,8,0,0,0,0,1,1,6,1,18,4,-1,-1,-1,-1,1,-1
201520K003135,2,9,0,9,0,8,0,0,0,0,3,1,6,2,48,8,-1,-1,-1,-1,1,-1
201520K003135,3,9,0,18,0,8,0,0,0,0,3,1,6,1,19,4,1422,2,1,-1,1,-1
201520K003145,1,9,0,18,0,1,0,0,0,0,1,1,1,1,22,5,1560,2,8,-1,1,-1
201520K003145,2,9,0,3,0,1,0,0,0,0,2,1,6,1,23,5,-1,-1,-1,-1,1,-1
201520K003165,1,9,0,7,0,2,0,0,0,0,1,1,6,3,-1,-1,-1,-1,-1,-1,-1,-1
201520K003175,1,8,0,18,0,8,1,10,3,3,1,1,1,1,-1,-1,1896,2,9,-1,1,-1
201520K003175,2,8,0,18,0,8,0,0,0,0,4,1,1,1,-1,-1,1910,2,6,-1,1,-1
201520K003195,1,9,0,7,0,6,0,0,0,0,1,1,6,3,-1,-1,1796,1,16,-1,-1,-1
201520K003195,2,9,0,18,0,8,0,0,0,0,1,1,1,1,52,8,-1,-1,-1,-1,1,-1
201520K003265,1,9,0,7,0,6,0,0,0,0,1,1,6,1,-1,-1,-1,-1,-1,-1,-1,-1
201520K003265,2,9,0,18,0,8,0,0,0,0,1,1,1,2,50,8,1598,1,2,-1,1,-1
201520K003285,1,9,0,18,0,0,0,4,0,0,1,1,6,1,39,7,1999,1,8,-1,1,-1
201520K003285,2,9,0,2,0,0,0,0,0,0,3,1,6,1,-1,-1,1956,2,4,-1,-1,-1
201520K003285,3,9,0,2,0,0,0,0,0,0,3,1,6,1,-1,-1,1229,1,7,-1,-1,-1
201520K003285,4,9,0,2,0,0,0,0,0,0,1,1,6,2,-1,-1,1289,1,16,-1,-1,-1
201520K003305,1,9,0,18,0,4,1,0,0,0,1,1,2,2,21,5,1200,1,-1,-1,1,-1
201520K003305,2,9,0,18,0,3,0,0,0,0,3,1,2,2,29,6,1599,1,12,-1,1,-1
201520K003315,1,9,0,1,0,5,0,0,0,0,2,1,2,2,45,7,1910,2,6,-1,1,-1
201520K003365,1,8,0,18,0,0,0,0,0,0,4,1,1,1,44,7,1794,1,6,-1,1,-1
201520K003415,1,9,0,18,0,0,1,10,1,2,1,1,6,1,21,5,1896,2,11,-1,1,-1
201520K003425,1,9,0,18,0,0,0,0,0,0,3,1,2,1,56,9,1753,2,11,-1,1,-1
201520K003435,1,9,0,18,0,8,0,0,0,0,4,1,6,1,44,7,-1,-1,-1,-1,-1,-1
201520K003435,2,9,0,5,0,8,0,0,0,0,1,1,6,1,-1,-1,-1,-1,-1,-1,1,-1
201520K003445,1,9,0,16,0,4,0,0,0,0,1,1,6,1,53,8,-1,-1,-1,-1,1,-1
201520K003445,2,9,0,16,0,4,0,0,0,0,2,1,6,1,-1,-1,-1,-1,-1,-1,-1,-1
201520K003455,1,9,0,18,0,0,0,0,0,0,1,1,6,2,59,9,1997,2,12,-1,1,-1
201520K003465,1,9,0,9,0,5,0,0,0,0,1,1,6,2,-1,-1,-1,-1,-1,-1,-1,-1
201520K003475,1,9,0,18,0,1,0,0,0,0,1,1,6,2,25,5,1560,2,2,-1,1,-1
201520K003475,2,9,0,10,0,1,0,0,0,0,2,1,1,1,43,7,2184,2,12,-1,1,-1
201520K003485,1,9,0,7,0,2,0,0,0,0,1,1,2,2,40,7,1124,1,8,-1,1,-1
201520K003495,1,9,0,16,0,2,1,10,7,10,1,1,6,1,40,7,-1,-1,-1,-1,3,-1
201520K003505,1,9,0,7,0,7,0,0,0,0,1,1,1,1,40,7,1388,1,17,-1,1,-1
201520K003505,2,1,0,18,0,8,0,0,0,0,4,1,1,1,38,7,-1,-1,-1,-1,1,-1
201520K003525,1,9,0,9,0,5,0,0,0,0,4,1,6,2,21,5,1364,1,9,-1,1,-1
201520K003525,2,1,0,18,0,8,0,0,0,0,1,1,6,1,45,7,-1,-1,-1,-1,1,-1
201520K003535,1,9,0,14,0,1,0,0,0,0,4,1,6,3,-1,-1,-1,-1,-1,-1,-1,-1
201520K003555,1,9,0,9,0,5,0,0,0,0,4,1,6,2,44,7,1598,1,8,-1,1,-1
201520K003555,2,1,0,18,0,8,0,0,0,0,1,1,6,1,26,6,-1,-1,-1,-1,1,-1
201520K003565,1,9,0,4,0,1,0,0,0,0,1,1,6,1,-1,-1,-1,-1,-1,-1,-1,-1
201520K003565,2,9,0,3,0,1,0,0,0,0,2,1,6,1,47,8,1997,2,15,-1,1,-1
201520K003585,1,9,0,18,0,0,0,10,1,2,1,1,6,2,-1,-1,1598,1,9,-1,1,-1
201520K003635,1,3,0,14,0,8,0,0,0,0,1,1,6,1,55,8,124,1,1,-1,1,-1
201520K003635,2,9,0,9,0,8,0,0,0,0,3,1,6,2,22,5,1248,2,10,-1,1,-1
201520K003665,1,9,0,9,0,2,0,0,0,0,1,1,6,1,-1,-1,-1,-1,-1,-1,-1,-1
201520K003675,1,8,0,18,0,0,0,0,0,0,1,1,6,1,48,8,1591,1,6,-1,1,-1
201520K003675,2,9,0,18,0,0,0,0,0,0,1,1,6,1,35,6,2664,2,18,-1,1,-1
201520K003685,1,9,0,18,0,1,0,0,0,0,1,1,6,3,-1,-1,-1,-1,-1,-1,-1,-1
201520K003685,2,9,0,3,0,1,0,0,0,0,2,1,6,1,27,6,1199,1,12,-1,1,-1
201520K003685,3,9,0,3,0,1,0,0,0,0,2,1,6,1,38,7,1956,2,5,-1,1,-1
201520K003685,4,9,0,3,0,1,0,0,0,0,4,1,6,1,23,5,1499,1,8,-1,1,-1
201520K003695,1,9,0,18,0,0,0,0,0,0,1,1,6,2,-1,-1,1364,2,7,-1,-1,-1
201520K003705,1,9,0,7,0,6,0,0,0,0,1,1,6,2,67,10,-1,-1,-1,-1,1,-1
201520K003725,1,9,0,18,0,1,0,0,0,0,1,1,6,1,61,9,2496,1,13,-1,1,-1
201520K003725,2,9,0,5,0,1,0,0,0,0,2,1,2,2,34,6,1598,1,7,-1,1,-1
201520K003725,3,9,0,3,0,1,0,0,0,0,0,1,6,1,-1,-1,1956,2,5,-1,-1,-1
201520K003795,1,9,0,18,0,0,0,0,0,0,1,1,6,3,-1,-1,-1,-1,-1,-1,-1,-1
201520K003805,1,9,0,18,0,0,0,0,0,0,1,1,6,1,-1,-1,1910,2,8,-1,-1,-1
201520K003805,2,9,0,3,0,0,0,0,0,0,2,1,6,1,43,7,1390,1,10,-1,1,-1
201520K003815,1,9,0,9,0,8,0,0,0,0,1,1,6,1,21,5,1994,2,12,-1,1,-1
201520K003815,2,1,0,18,0,8,0,0,0,0,1,1,6,1,37,7,-1,-1,-1,-1,1,-1
201520K003835,1,9,0,18,0,0,0,4,0,0,1,1,6,1,18,4,-1,-1,-1,-1,2,-1
201520K003835,2,9,0,2,0,0,0,0,0,0,1,1,6,3,-1,-1,-1,-1,-1,-1,-1,-1
201520K003835,3,9,0,2,0,0,0,0,0,0,1,1,6,3,-1,-1,1798,1,10,-1,-1,-1
201520K003835,4,9,0,2,0,0,0,0,0,0,1,1,6,3,-1,-1,1995,2,4,-1,-1,-1
201520K003845,1,9,0,11,0,1,2,0,0,0,1,1,2,2,26,6,-1,-1,-1,-1,2,-1
201520K003845,2,19,0,3,0,1,0,0,0,0,1,1,1,1,61,9,5900,2,8,-1,1,-1
201520K003845,3,19,0,18,0,1,0,0,0,0,2,1,1,1,28,6,1998,2,9,-1,1,-1
201520K003855,1,8,0,18,0,4,1,9,3,10,1,1,6,1,-1,-1,-1,-1,-1,-1,-1,-1
201520K003865,1,9,0,18,0,8,0,0,0,0,1,1,6,1,35,6,1598,2,1,-1,1,-1
201520K003865,2,9,0,9,0,6,0,0,0,0,2,1,6,1,47,8,-1,-1,-1,-1,1,-1
201520K003885,1,19,0,1,9,2,0,0,0,0,2,1,6,1,-1,-1,1968,2,8,-1,-1,-1
201520K003895,1,9,0,12,0,0,0,0,0,0,0,1,6,3,-1,-1,-1,-1,-1,-1,-1,-1
201520K003895,2,9,0,13,0,0,0,10,6,1,1,1,6,1,24,5,1242,1,9,-1,1,-1
201520K003905,1,9,0,15,0,0,0,0,0,0,1,1,6,3,-1,-1,2188,2,12,-1,-1,-1
201520K003905,2,9,0,2,0,0,0,0,0,0,2,1,6,1,54,8,-1,-1,-1,-1,1,-1
201520K003915,1,9,0,9,0,5,0,0,0,0,3,1,2,2,42,7,998,1,12,-1,1,-1
201520K003915,2,3,0,18,0,8,5,0,0,0,1,1,6,1,17,4,125,1,6,-1,1,-1
201520K003915,3,9,0,3,0,1,0,0,0,0,2,1,6,1,54,8,2184,2,11,-1,1,-1
201520K003965,1,9,0,9,0,6,0,0,0,0,3,1,1,1,32,6,-1,-1,-1,-1,1,-1
201520K003965,2,5,0,17,0,8,0,0,0,0,1,1,1,1,54,8,-1,-1,-1,-1,1,-1
201520K003975,1,9,0,18,0,1,0,0,0,0,1,1,6,3,-1,-1,-1,-1,-1,-1,-1,-1