Accident_Index,Vehicle_Reference,Vehicle_Type,Towing_and_Articulation,Vehicle_Manoeuvre,Vehicle_Location-Restricted_Lane,Junction_Location,Skidding_and_Overturning,Hit_Object_in_Carriageway,Vehicle_Leaving_Carriageway,Hit_Object_off_Carriageway,1st_Point_of_Impact,Was_Vehicle_Left_Hand_Drive?,Journey_Purpose_of_Driver,Sex_of_Driver,Age_of_Driver,Age_Band_of_Driver,Engine_Capacity_(CC),Propulsion_Code,Age_of_Vehicle,Driver_IMD_Decile,Driver_Home_Area_Type,Vehicle_IMD_Decile
201520K003975,2,9,0,18,0,1,0,0,0,0,0,1,6,3,-1,-1,-1,-1,-1,-1,-1,-1
201520K004055,1,9,0,7,0,6,0,0,0,0,1,1,6,3,-1,-1,-1,-1,-1,-1,-1,-1
201520K004055,2,9,0,18,0,8,0,0,0,0,4,1,2,1,53,8,-1,-1,-1,-1,1,-1
201520K004055,3,9,0,18,0,1,0,0,0,0,3,1,6,2,22,5,1149,1,2,-1,1,-1
201520K004065,1,9,0,9,0,5,0,10,7,10,1,1,6,1,34,6,1995,2,8,-1,1,-1
201520K004085,1,9,0,9,0,2,0,0,0,0,1,1,1,1,34,6,1968,2,3,-1,1,-1
201520K004105,1,9,0,18,0,1,0,0,0,0,1,1,6,2,32,6,1796,1,7,-1,1,-1
201520K004125,1,21,0,4,0,0,0,0,0,0,1,1,1,1,62,9,4250,2,10,-1,1,-1
201520K004165,1,9,0,18,0,0,0,0,0,0,1,1,6,1,26,6,1364,1,11,-1,1,-1
201520K004295,1,1,0,18,0,1,0,0,1,0,3,1,6,1,15,3,-1,-1,-1,-1,1,-1
201520K004295,2,9,0,18,0,1,0,0,0,0,1,1,6,3,-1,-1,1984,1,13,-1,-1,-1
201520K004295,3,9,0,18,0,1,1,0,0,0,1,1,6,1,28,6,1997,2,9,-1,1,-1
201520K004395,1,19,0,4,0,1,0,0,0,0,1,1,6,1,23,5,1753,2,8,-1,1,-1
201520K004395,2,9,0,3,0,1,0,0,0,0,2,1,6,2,44,7,1240,1,11,-1,1,-1
201520K004415,1,3,0,16,0,0,0,10,7,9,3,1,6,1,23,5,124,1,6,-1,1,-1
201520K004445,1,9,0,9,0,6,0,0,0,0,1,1,6,3,-1,-1,1598,1,8,-1,-1,-1
201520K004485,1,3,0,18,0,1,1,0,0,0,1,1,6,1,21,5,645,1,7,-1,3,-1
201520K004485,2,9,0,10,0,1,0,0,0,0,2,1,6,2,41,7,1975,1,7,-1,1,-1
201520K004495,1,8,0,5,0,1,0,0,0,0,1,1,1,1,30,6,1499,2,-1,-1,1,-1
201520K004495,2,9,0,18,0,2,0,0,0,0,1,1,6,1,30,6,2499,2,13,-1,1,-1
201520K004605,1,9,0,7,0,6,0,0,0,0,1,1,6,3,-1,-1,1598,1,3,-1,-1,-1
201520K004625,1,9,0,14,0,0,0,8,0,0,4,1,3,1,-1,-1,2148,2,10,-1,-1,-1
201520K004625,2,9,0,2,0,0,0,0,0,0,3,1,6,2,47,8,1587,1,8,-1,1,-1
201520K004705,1,9,0,5,6,0,0,0,0,0,1,1,6,1,37,7,-1,-1,-1,-1,1,-1
201520K004705,2,9,0,18,0,0,0,0,0,0,1,1,6,2,25,5,1968,2,4,-1,1,-1
201520K004755,1,9,0,18,0,8,0,0,0,0,4,1,6,1,-1,-1,2993,2,9,-1,-1,-1
201520K004755,2,9,0,18,0,8,0,0,0,0,1,1,6,2,20,4,1242,1,9,-1,1,-1
201520K004755,3,9,0,18,0,1,0,0,0,0,0,1,1,1,35,6,1968,2,3,-1,-1,-1
201520K004765,1,9,0,16,0,0,0,0,0,0,1,1,6,3,-1,-1,-1,-1,-1,-1,-1,-1
201520K004765,2,1,0,18,5,0,0,0,0,0,1,1,4,1,14,3,-1,-1,-1,-1,1,-1
201520K004845,1,2,0,14,0,0,0,4,0,0,1,1,4,1,16,4,49,1,11,-1,1,-1
201520K004845,2,9,0,2,0,0,0,0,0,0,2,1,1,2,22,5,1598,1,1,-1,1,-1
201520K004895,1,9,0,9,0,6,0,0,0,0,1,1,6,3,-1,-1,-1,-1,-1,-1,-1,-1
201520K004895,2,3,0,18,0,8,0,0,0,0,4,1,2,1,21,5,124,1,10,-1,1,-1
201520K004995,1,9,0,3,0,1,0,0,0,0,2,1,6,2,30,6,1968,2,1,-1,1,-1
201520K004995,2,9,0,18,0,1,0,0,0,0,1,1,6,1,-1,-1,1493,2,5,-1,-1,-1
201520K005045,1,9,0,5,4,4,0,0,0,0,1,1,6,1,59,9,1242,1,8,-1,1,-1
201520K005045,2,1,0,18,0,3,5,10,1,10,2,1,1,1,49,8,-1,-1,-1,-1,1,-1
201520K005055,1,9,0,5,0,1,0,0,0,0,1,1,6,1,63,9,1997,2,1,-1,1,-1
201520K005225,1,9,0,18,0,1,0,0,0,0,1,1,6,1,40,7,1968,2,9,-1,1,-1
201520K005225,2,9,0,18,0,1,0,0,0,0,2,1,6,2,33,6,1246,1,7,-1,1,-1
201520K005225,3,9,0,18,0,1,0,0,0,0,2,1,6,1,50,8,2720,2,6,-1,1,-1
201520K005295,1,9,0,9,0,5,0,0,0,0,3,1,2,1,-1,-1,1242,1,12,-1,1,-1
201520K005305,1,9,0,18,0,0,0,0,0,0,4,1,6,1,49,8,1396,1,15,-1,1,-1
201520K005355,1,9,0,7,0,5,0,0,0,0,1,1,6,1,-1,-1,1248,2,4,-1,1,-1
201520K005395,1,19,0,18,0,0,0,0,0,0,1,1,6,1,-1,-1,2198,2,-1,-1,-1,-1
201520K005395,2,1,0,18,0,0,0,8,0,0,2,1,6,1,28,6,-1,-1,-1,-1,1,-1
201520K005405,1,1,0,18,0,0,0,0,0,0,1,1,6,1,10,2,-1,-1,-1,-1,1,-1
201520K005405,2,9,0,18,0,0,0,0,0,0,1,1,6,3,-1,-1,-1,-1,-1,-1,-1,-1
201520K005415,1,8,0,4,0,2,0,0,0,0,1,1,1,1,-1,-1,1910,2,8,-1,1,-1
201520K005425,1,9,0,18,0,0,0,0,0,0,1,1,2,2,25,5,1598,2,1,-1,1,-1
201520K005435,1,9,0,17,0,0,2,10,1,4,1,1,6,1,21,5,1968,2,4,-1,1,-1
201520K005455,1,9,0,9,0,8,0,0,0,0,4,1,6,2,18,4,1149,1,11,-1,1,-1
201520K005455,2,9,0,18,0,8,0,0,0,0,1,1,6,1,27,6,2720,2,11,-1,1,-1
201520K005465,1,9,0,16,0,0,1,4,0,0,4,1,6,1,-1,-1,1199,1,14,-1,-1,-1
201520K005465,2,9,0,2,0,0,0,0,0,0,4,1,6,1,54,8,1595,1,6,-1,1,-1
201520K005465,3,9,0,2,0,0,0,0,0,0,3,1,6,3,60,9,-1,-1,-1,-1,1,-1
201520K005555,1,9,0,1,0,2,0,0,0,0,3,1,6,1,27,6,1560,2,9,-1,1,-1
201520K005655,1,1,0,18,0,4,0,0,0,0,3,1,6,1,41,7,-1,-1,-1,-1,1,-1
201520K005655,2,19,0,18,0,4,0,0,0,0,4,1,6,3,-1,-1,-1,-1,-1,-1,-1,-1
201520K005685,1,9,0,18,0,8,0,0,0,0,1,1,6,1,81,11,1595,1,3,-1,1,-1
201520K005705,1,9,0,18,0,8,0,0,0,0,1,1,6,1,52,8,1991,2,7,-1,1,-1
201520K005705,2,9,0,18,0,8,0,0,0,0,4,1,6,1,37,7,2143,2,1,-1,1,-1
201520K005895,1,9,0,18,0,1,0,0,0,0,1,1,6,1,81,11,1388,1,6,-1,1,-1
201520K005895,2,90,0,18,0,1,0,0,0,0,3,1,6,1,88,11,-1,-1,-1,-1,1,-1
201520K005915,1,9,0,18,0,8,0,0,0,0,1,1,1,1,31,6,1956,2,3,-1,1,-1
201520K005915,2,9,0,18,0,8,0,0,0,0,4,1,6,2,30,6,1598,1,2,-1,1,-1
201520K005915,3,9,0,3,0,1,0,0,0,0,1,1,6,1,70,10,1582,2,3,-1,1,-1
201520K005945,1,9,0,9,0,5,0,0,0,0,1,1,1,1,-1,-1,1956,2,3,-1,-1,-1
201520K005965,1,90,0,9,0,2,2,7,8,1,1,1,6,1,34,6,660,1,11,-1,1,-1
201520K005965,2,9,0,10,0,1,0,0,0,0,3,1,6,1,58,9,1398,1,2,-1,1,-1
201520K005975,1,9,0,18,0,0,0,0,0,0,2,1,6,1,20,4,1388,1,11,-1,1,-1
201520K005975,2,9,0,18,0,0,0,0,0,0,1,1,6,1,-1,-1,3200,1,6,-1,-1,-1
201520K005985,1,9,0,1,0,8,0,0,0,0,2,1,1,1,23,5,1461,2,3,-1,1,-1
201520K006005,1,9,0,17,0,8,0,0,0,0,4,1,6,1,23,5,1900,2,10,-1,1,-1
201520K006005,2,1,0,18,0,8,0,0,0,0,3,1,6,1,-1,-1,-1,-1,-1,-1,-1,-1
201520K006025,1,8,0,18,0,8,0,0,0,0,1,1,1,1,40,7,1968,2,5,-1,1,-1
201520K006025,2,9,0,6,0,6,0,0,0,0,4,1,6,1,38,7,1796,1,5,-1,1,-1
201520K006035,1,9,0,18,0,2,0,0,0,0,1,1,6,2,22,5,2979,1,2,-1,2,-1
201520K006065,1,9,0,9,0,4,0,0,0,0,1,1,1,1,54,8,-1,-1,-1,-1,1,-1
201520K006065,2,3,0,18,0,4,0,0,0,0,4,1,2,1,21,5,-1,-1,-1,-1,1,-1
201520K006095,1,5,0,14,0,1,0,0,0,0,1,1,2,1,41,7,599,1,14,-1,1,-1
201520K006095,2,9,0,9,0,1,0,0,0,0,1,1,2,1,43,7,1598,1,10,-1,1,-1
201520K006105,1,9,0,9,0,5,0,0,0,0,1,1,6,2,-1,-1,-1,-1,-1,-1,-1,-1
201520K006105,2,1,0,3,0,1,0,0,0,0,4,1,1,1,22,5,-1,-1,-1,-1,1,-1
201520K006115,1,9,0,5,0,1,0,0,0,0,1,1,6,2,36,7,1560,2,5,-1,1,-1
201520K006115,2,19,0,5,0,1,0,0,0,0,2,1,1,1,24,5,2198,2,1,-1,-1,-1
201520K006145,1,9,0,2,0,0,0,0,0,0,2,1,6,2,-1,-1,1618,1,4,-1,1,-1
201520K006145,2,9,0,18,0,0,0,0,0,0,1,1,6,3,-1,-1,-1,-1,-1,-1,-1,-1
201520K006155,1,20,0,18,0,8,0,0,0,0,1,1,6,3,-1,-1,12777,2,9,-1,-1,-1
201520K006155,2,9,0,7,0,6,0,10,1,1,3,1,6,1,48,8,1896,2,10,-1,1,-1
201520K006175,1,9,0,18,0,1,0,0,0,0,1,1,6,2,42,7,1995,2,4,-1,2,-1
201520K006175,2,9,0,3,0,1,0,0,0,0,2,1,6,1,54,8,2198,2,-1,-1,3,-1
201520K006175,3,9,0,3,0,1,0,0,0,0,2,1,6,1,39,7,1390,2,14,-1,1,-1
201520K006225,1,9,0,4,0,8,0,0,0,0,1,1,2,1,44,7,1896,2,11,-1,1,-1
201520K006225,2,9,0,9,0,8,0,0,0,0,2,1,6,1,56,9,1798,1,-1,-1,1,-1
201520K006225,3,9,0,18,0,1,0,0,0,0,0,1,1,1,-1,-1,1956,2,3,-1,-1,-1
201520K006275,1,9,0,18,0,1,0,0,0,0,1,1,6,1,-1,-1,-1,-1,-1,-1,-1,-1
201520K006275,2,9,0,4,0,1,0,0,0,0,2,1,2,2,27,6,-1,-1,-1,-1,1,-1
201520K006295,1,9,0,5,0,6,0,0,0,0,3,1,6,2,24,5,1596,1,10,-1,1,-1
201520K006295,2,9,0,18,0,8,0,0,0,0,4,1,6,1,18,4,1598,2,3,-1,1,-1
201520K006325,1,19,0,9,0,5,0,0,0,0,3,1,6,1,-1,-1,1998,2,11,-1,-1,-1
201520K006325,2,3,0,18,0,8,0,0,0,0,4,1,6,1,22,5,-1,-1,-1,-1,1,-1
201520K006395,1,9,0,7,0,6,0,0,0,0,1,1,6,1,31,6,2143,2,1,-1,1,-1
201520K006395,2,4,0,11,0,1,0,0,0,0,4,1,6,1,52,8,125,1,12,-1,1,-1
201520K006435,1,19,0,1,0,8,0,0,0,0,2,1,1,2,40,7,-1,-1,-1,-1,1,-1
201520K006435,2,1,0,18,0,8,0,0,0,0,1,1,4,1,10,2,-1,-1,-1,-1,1,-1
201520K006565,1,9,0,9,0,1,0,0,0,0,3,1,6,1,37,7,1598,2,1,-1,1,-1
201520K006565,2,5,0,13,0,1,0,0,0,0,1,1,6,1,20,4,50,1,15,-1,1,-1
201520K006575,1,9,0,18,9,3,1,10,1,2,3,1,6,2,21,5,-1,-1,-1,-1,1,-1
201520K006605,1,9,0,17,0,2,0,10,1,0,1,1,6,3,-1,-1,-1,-1,-1,-1,-1,-1
201520K006615,1,9,0,9,0,1,0,0,0,0,3,1,6,3,-1,-1,-1,-1,-1,-1,-1,-1
201520K006625,1,9,0,9,0,8,0,0,0,0,1,1,1,1,19,4,999,1,14,-1,1,-1
201520K006625,2,1,0,4,0,8,0,0,0,0,1,1,1,1,46,8,-1,-1,-1,-1,1,-1
201520K006635,1,9,0,18,0,4,0,0,0,0,1,1,2,2,27,6,999,1,-1,-1,1,-1
201520K006635,2,3,0,18,0,8,5,0,0,0,4,1,2,2,33,6,125,1,1,-1,1,-1
201520K006645,1,9,0,18,0,2,0,0,0,0,1,1,1,2,30,6,1242,1,5,-1,1,-1
201520K006695,1,9,0,9,0,8,0,0,0,0,3,1,6,1,26,6,1390,1,6,-1,1,-1
201520K006695,2,3,0,13,0,8,0,0,0,0,4,1,6,1,18,4,125,1,9,-1,1,-1
201520K006705,1,9,0,1,0,0,0,0,0,0,2,1,6,2,31,6,1149,1,8,-1,1,-1
201520K006705,2,9,0,14,0,0,0,0,0,0,1,1,6,3,-1,-1,-1,-1,-1,-1,-1,-1
201520K006725,1,9,0,5,0,0,0,0,0,0,1,1,6,1,62,9,2993,2,11,-1,1,-1
201520K006735,1,9,0,18,0,0,0,0,0,0,4,1,6,3,-1,-1,-1,-1,-1,-1,-1,-1
201520K006785,1,9,0,18,0,2,0,0,0,0,2,1,6,1,35,6,1984,1,12,-1,1,-1
201520K006785,2,9,0,18,0,2,0,0,0,0,1,1,6,1,44,7,2720,2,11,-1,1,-1
201520K006795,1,9,0,18,0,0,0,0,0,0,1,1,1,1,34,6,998,1,2,-1,1,-1
201520K006795,2,9,0,4,0,0,0,0,0,0,2,1,6,2,71,10,1396,1,1,-1,1,-1
201520K006805,1,19,0,4,0,1,0,0,0,0,1,1,2,1,29,6,1998,2,9,-1,1,-1
201520K006805,2,9,0,4,0,1,0,0,0,0,3,1,6,1,37,7,1560,2,5,-1,1,-1
201520K006825,1,20,0,18,0,1,0,0,0,0,1,1,6,1,-1,-1,5900,2,12,-1,-1,-1
201520K006825,2,9,0,10,0,1,0,0,0,0,2,1,6,2,25,5,1364,1,9,-1,1,-1
201520K006835,1,9,0,9,0,8,0,0,0,0,4,1,6,2,32,6,1368,1,8,-1,1,-1
201520K006835,2,9,0,18,0,8,0,0,0,0,1,1,6,2,42,7,1398,2,7,-1,1,-1
201520K006845,1,9,0,7,0,8,0,0,0,0,4,1,1,1,29,6,1896,2,10,-1,1,-1
201520K006845,2,1,0,18,0,8,0,0,0,0,1,1,1,1,50,8,-1,-1,-1,-1,1,-1
201520K006855,1,9,0,9,0,6,0,0,0,0,1,1,6,2,-1,-1,1968,2,1,-1,-1,-1
201520K006855,2,9,0,5,0,8,0,0,0,0,3,1,6,1,29,6,1198,1,7,-1,1,-1
201520K006865,1,9,0,18,0,0,1,0,0,0,1,1,6,1,21,5,1390,1,10,-1,1,-1
201520K006865,2,9,0,4,0,0,0,0,0,0,2,1,6,1,34,6,-1,-1,-1,-1,1,-1
201520K006865,3,9,0,4,0,0,0,0,0,0,2,1,6,1,58,9,2148,2,9,-1,1,-1
201520K006875,1,9,0,18,0,0,0,0,0,0,1,1,6,2,33,6,1360,1,13,-1,1,-1
201520K006875,2,1,0,18,0,0,0,0,0,0,1,1,6,1,14,3,-1,-1,-1,-1,1,-1
201520K006885,1,8,0,9,0,5,0,0,0,0,4,1,1,1,32,6,1995,2,9,-1,1,-1
201520K006885,2,1,0,18,4,8,0,0,0,0,1,1,1,1,44,7,-1,-1,-1,-1,1,-1
201520K006965,1,8,0,9,0,5,0,0,0,0,4,1,1,1,35,6,1686,2,10,-1,1,-1
201520K007035,1,9,0,18,0,8,0,0,0,0,1,1,6,1,-1,-1,1299,1,9,-1,-1,-1
201520K007035,2,9,0,18,0,8,0,0,0,0,4,1,2,2,22,5,1242,1,2,-1,1,-1
201520K007075,1,9,0,18,0,0,0,0,0,0,4,1,6,3,-1,-1,-1,-1,-1,-1,-1,-1
201520K007195,1,8,0,6,0,0,0,0,0,0,3,1,1,1,32,6,1997,2,10,-1,1,-1
201520K007195,2,3,0,15,0,0,1,0,0,0,1,1,6,1,17,4,125,1,-1,-1,1,-1
201520K007205,1,9,0,18,5,0,0,0,7,0,1,1,1,1,32,6,2000,2,15,-1,-1,-1
201520K007205,2,9,0,18,0,0,0,0,0,0,1,1,6,1,30,6,1910,2,10,-1,1,-1
201520K007205,3,9,0,18,0,0,0,0,0,0,0,1,1,1,-1,-1,2993,2,2,-1,-1,-1
201520K007245,1,9,0,18,0,8,1,10,1,4,1,1,6,1,34,6,1686,2,8,-1,1,-1
201520K007245,2,9,0,18,0,8,2,10,1,1,3,1,6,2,44,7,2268,2,4,-1,1,-1
201520K007285,1,19,0,4,0,1,0,0,0,0,1,1,2,1,30,6,2148,2,7,-1,1,-1
201520K007285,2,9,0,4,0,1,0,0,0,0,2,1,6,1,61,9,1388,1,12,-1,1,-1
201520K007285,3,9,0,4,0,1,0,0,0,0,2,1,2,1,30,6,-1,-1,-1,-1,1,-1
201520K007305,1,9,0,9,0,5,0,0,0,0,3,1,6,2,77,11,1198,1,1,-1,1,-1
201520K007305,2,9,0,18,0,8,1,0,0,0,1,1,6,2,48,8,1796,6,14,-1,1,-1
201520K007345,1,9,0,18,0,0,0,0,0,0,2,1,6,2,41,7,1700,2,19,-1,1,-1
201520K007345,2,9,0,18,0,0,0,0,0,0,1,1,6,3,-1,-1,-1,-1,-1,-1,-1,-1
201520K007365,1,9,0,5,0,0,0,0,0,0,1,1,6,1,36,7,2198,2,4,-1,1,-1
201520K007365,2,9,0,18,0,0,0,0,0,0,4,1,6,2,37,7,1598,1,10,-1,1,-1
201520K007405,1,9,0,18,0,1,0,0,0,0,1,1,1,1,27,6,-1,-1,-1,-1,1,-1
201520K007405,2,9,0,18,0,1,0,0,0,0,2,1,1,1,45,7,1360,1,10,-1,1,-1
201520K007425,1,9,0,18,0,2,0,0,0,0,1,1,6,2,-1,-1,1587,1,10,-1,-1,-1
201520K007425,2,9,0,3,0,2,0,0,0,0,2,1,6,1,26,6,998,1,13,-1,1,-1
201520K007435,1,9,0,18,0,8,0,0,0,0,4,1,6,1,28,6,4511,1,11,-1,1,-1
201520K007435,2,2,0,18,0,8,1,0,0,0,1,1,6,1,20,4,49,1,1,-1,1,-1
201520K007455,1,9,0,6,0,2,0,0,0,0,1,1,6,3,-1,-1,-1,-1,-1,-1,-1,-1
201520K007455,2,9,0,18,0,2,0,0,0,0,3,1,6,1,19,4,993,1,13,-1,1,-1
201520K007465,1,9,0,5,0,0,0,0,0,0,0,1,6,3,-1,-1,-1,-1,-1,-1,-1,-1
201520K007465,2,11,0,18,2,0,0,0,0,0,0,1,1,1,59,9,5850,2,13,-1,1,-1
201520K007475,1,9,0,5,0,8,0,0,0,0,2,1,6,1,-1,-1,1997,2,12,-1,1,-1
201520K007475,2,9,0,18,0,8,0,0,0,0,4,1,6,2,29,6,2204,2,9,-1,1,-1
201520K007495,1,9,0,9,0,6,0,0,0,0,3,1,6,1,75,10,1995,2,7,-1,-1,-1
201520K007495,2,5,0,18,0,8,2,0,0,0,1,1,6,1,47,8,999,1,8,-1,1,-1
201520K007505,1,9,0,9,0,8,0,0,0,0,1,1,6,3,-1,-1,-1,-1,-1,-1,-1,-1
201520K007505,2,9,0,9,0,8,0,0,0,0,2,1,6,1,20,4,1598,1,13,-1,1,-1
201520K007535,1,9,0,9,0,1,0,0,0,0,3,1,6,1,29,6,-1,-1,-1,-1,1,-1
201520K007535,2,1,0,18,0,1,0,0,0,0,1,1,6,1,-1,-1,-1,-1,-1,-1,1,-1
201520K007545,1,9,0,4,0,0,0,0,0,0,1,1,6,3,-1,-1,-1,-1,-1,-1,-1,-1
201520K007605,1,9,0,18,0,0,0,0,0,0,0,1,6,1,-1,-1,1461,2,-1,-1,-1,-1
201520K007605,2,9,0,18,0,0,0,10,1,2,1,1,6,2,19,4,1242,1,3,-1,1,-1
201520K007615,1,9,0,18,0,8,5,0,0,0,1,1,3,2,33,6,1199,1,11,-1,1,-1
201520K007615,2,9,0,7,0,6,0,0,0,0,1,1,6,1,40,7,1598,1,13,-1,-1,-1
201520K007625,1,9,0,18,0,2,0,0,0,0,1,1,6,1,22,5,1796,1,10,-1,1,-1
201520K007635,1,9,0,11,0,0,0,0,0,0,4,1,3,2,38,7,1388,1,5,-1,1,-1
201520K007635,2,1,0,18,0,0,0,0,0,0,3,1,1,1,40,7,-1,-1,-1,-1,1,-1
201520K007645,1,5,0,18,0,8,0,0,0,0,3,1,6,1,47,8,779,1,1,-1,1,-1
201520K007645,2,9,0,18,0,8,0,0,0,0,2,1,6,1,-1,-1,998,1,1,-1,-1,-1
201520K007655,1,9,0,9,0,2,0,0,0,0,1,1,2,2,44,7,1391,1,19,-1,1,-1
201520K007655,2,9,0,10,0,1,0,0,0,0,1,1,1,1,58,9,1896,2,10,-1,1,-1
201520K007655,3,9,0,18,0,1,0,0,0,0,4,1,3,2,28,6,-1,-1,-1,-1,1,-1
201520K007655,4,9,0,18,0,1,0,0,0,0,3,1,6,3,30,6,998,1,9,-1,1,-1
201520K007665,1,9,0,9,0,8,0,0,0,0,3,1,1,1,46,8,-1,-1,-1,-1,1,-1
201520K007665,2,9,0,13,0,8,0,0,0,0,1,1,1,1,47,8,-1,-1,-1,-1,1,-1
201520K007675,1,9,0,5,0,2,0,4,0,0,1,1,6,1,-1,-1,1229,1,9,-1,-1,-1
201520K007675,2,9,0,2,0,2,0,0,0,0,2,1,6,1,-1,-1,1598,7,7,-1,-1,-1
201520K007685,1,9,0,9,0,6,0,10,7,10,1,1,1,2,52,8,1248,2,5,-1,1,-1
201520K007685,2,9,0,18,0,8,0,0,0,0,1,1,1,1,47,8,-1,-1,-1,-1,3,-1
201520K007695,1,9,0,18,0,1,0,0,0,0,1,1,1,1,22,5,-1,-1,-1,-1,1,-1
201520K007695,2,9,0,3,0,1,0,0,0,0,2,1,6,1,19,4,1995,1,8,-1,1,-1
201520K007695,3,9,0,10,0,1,0,0,0,0,2,1,6,2,29,6,1598,1,11,-1,1,-1
201520K007705,1,5,0,13,0,1,0,0,0,0,1,1,1,3,-1,-1,-1,-1,-1,-1,-1,-1
201520K007705,2,1,0,9,0,1,0,0,0,0,3,1,1,1,68,10,-1,-1,-1,-1,1,-1
201520K007725,1,9,0,9,0,6,0,0,0,0,0,1,6,1,-1,-1,1248,2,10,-1,-1,-1
201520K007725,2,5,0,18,0,1,5,0,0,0,0,1,1,1,42,7,649,1,9,-1,1,-1
201520K007745,1,9,0,18,0,0,0,0,0,0,1,1,3,2,32,6,2199,2,1,-1,1,-1
201520K007755,1,9,0,18,0,1,0,0,0,0,1,1,6,1,-1,-1,-1,-1,-1,-1,-1,-1
201520K007755,2,9,0,4,0,1,0,0,0,0,2,1,2,2,25,5,1229,1,1,-1,1,-1
201520K007775,1,9,0,4,0,0,0,0,0,0,4,1,2,2,28,6,-1,-1,-1,-1,2,-1
201520K007785,1,9,0,9,0,8,0,0,0,0,3,2,6,1,-1,-1,-1,-1,-1,-1,-1,-1
201520K007785,2,9,0,18,0,3,0,0,0,0,4,1,6,1,47,8,1895,1,16,-1,1,-1
201520K007795,1,9,0,17,0,2,0,4,0,0,1,1,1,2,60,9,-1,-1,-1,-1,1,-1
201520K007795,2,9,0,2,9,2,0,0,0,0,2,1,6,1,80,11,1242,1,10,-1,1,-1
201520K007845,1,9,0,9,0,8,0,0,0,0,1,1,6,1,-1,-1,-1,-1,-1,-1,-1,-1
201520K007845,2,9,0,4,0,8,0,0,0,0,3,1,6,2,47,8,1798,1,6,-1,-1,-1
201520K007855,1,9,0,18,0,1,0,0,0,0,1,1,1,1,27,6,1910,2,9,-1,1,-1
201520K007885,1,9,0,13,0,1,0,10,2,10,1,1,2,1,38,7,1796,1,15,-1,1,-1
201520K007895,1,9,0,18,0,0,0,0,0,0,2,1,2,2,53,8,1360,1,4,-1,1,-1
201520K007895,2,9,0,18,0,0,0,0,0,0,1,1,6,2,53,8,1229,1,-1,-1,1,-1
201520K007895,3,9,0,3,0,0,0,0,0,0,2,1,2,1,53,8,-1,-1,-1,-1,1,-1
201520K007895,4,20,0,3,0,0,0,0,0,0,2,1,2,1,-1,-1,-1,-1,-1,-1,-1,-1
201520K007905,1,9,0,3,0,0,0,0,0,0,2,1,6,1,27,6,1461,2,12,-1,1,-1
201520K007905,2,9,0,18,0,0,0,0,0,0,3,1,6,3,-1,-1,-1,-1,-1,-1,-1,-1
201520K007915,1,9,0,18,0,8,1,0,0,0,1,1,2,2,58,9,1390,1,15,-1,1,-1
201520K007915,2,9,0,18,0,8,1,0,0,0,4,1,2,1,46,8,2362,1,13,-1,1,-1
201520K007925,1,9,0,7,0,1,0,0,0,0,1,1,2,1,19,4,1390,1,7,-1,1,-1
201520K007925,2,1,0,4,0,1,0,0,0,0,1,1,1,1,31,6,-1,-1,-1,-1,-1,-1
201520K007935,1,5,0,12,0,8,5,10,0,0,1,1,2,1,47,8,599,1,19,-1,1,-1
201520K007945,1,9,0,14,0,1,0,0,0,0,1,1,6,1,37,7,1596,1,7,-1,1,-1
201520K007985,1,8,0,2,0,2,0,0,0,0,3,1,6,1,49,8,1685,2,1,-1,1,-1
201520K007985,2,1,0,18,0,2,0,8,0,0,1,1,6,1,22,5,-1,-1,-1,-1,-1,-1
201520K007995,1,11,0,14,0,0,0,0,0,0,1,1,6,3,-1,-1,-1,-1,-1,-1,-1,-1
201520K007995,2,9,0,2,0,0,0,0,0,0,3,1,6,3,-1,-1,-1,-1,-1,-1,-1,-1
201520K008005,1,9,0,18,0,0,0,0,0,0,1,1,6,1,-1,-1,-1,-1,-1,-1,-1,-1
201520K008215,1,9,0,2,0,2,0,0,0,0,2,1,6,1,25,5,1796,2,3,-1,1,-1
201520K008215,2,9,0,18,0,2,0,4,0,0,1,1,6,1,-1,-1,-1,-1,-1,-1,-1,-1
201520K008235,1,9,0,18,0,0,0,10,1,4,4,1,6,1,24,5,1998,1,6,-1,1,-1
201520K008265,1,9,0,18,0,8,0,0,0,0,1,1,6,2,20,4,1229,1,1,-1,1,-1
201520K008265,2,9,0,18,0,8,0,0,0,0,1,1,1,1,29,6,1389,1,10,-1,1,-1
201520K008285,1,9,0,18,0,4,0,0,0,0,1,1,6,2,32,6,1560,2,4,-1,1,-1
201520K008285,2,9,0,18,0,3,5,0,0,0,4,1,6,2,32,6,1242,1,3,-1,1,-1
201520K008295,1,9,0,4,0,0,0,0,0,0,1,1,6,1,-1,-1,998,1,12,-1,1,-1
201520K008295,2,9,0,4,0,0,0,0,0,0,2,1,1,1,41,7,1896,2,8,-1,1,-1
201520K008315,1,9,0,18,0,0,0,0,0,0,1,1,6,1,-1,-1,1397,1,14,-1,1,-1
201520K008315,2,9,0,12,0,0,0,0,0,0,1,1,6,1,-1,-1,1968,2,6,-1,1,-1
201520K008325,1,9,0,18,0,4,0,0,0,0,1,1,6,3,-1,-1,1149,1,16,-1,-1,-1
201520K008325,2,9,0,5,0,3,0,0,0,0,3,1,1,1,26,6,1149,1,12,-1,1,-1
201520K008335,1,19,0,4,0,5,0,0,0,0,1,1,6,1,20,4,2200,2,13,-1,1,-1