Accident_Index,Vehicle_Reference,Vehicle_Type,Towing_and_Articulation,Vehicle_Manoeuvre,Vehicle_Location-Restricted_Lane,Junction_Location,Skidding_and_Overturning,Hit_Object_in_Carriageway,Vehicle_Leaving_Carriageway,Hit_Object_off_Carriageway,1st_Point_of_Impact,Was_Vehicle_Left_Hand_Drive?,Journey_Purpose_of_Driver,Sex_of_Driver,Age_of_Driver,Age_Band_of_Driver,Engine_Capacity_(CC),Propulsion_Code,Age_of_Vehicle,Driver_IMD_Decile,Driver_Home_Area_Type,Vehicle_IMD_Decile
201520K008335,2,9,0,18,0,4,0,0,0,0,2,1,6,1,39,7,2776,2,9,-1,1,-1
201520K008385,1,9,0,1,9,6,0,0,0,0,2,1,6,1,48,8,2000,1,10,-1,1,-1
201520K008395,1,9,0,9,0,8,0,0,0,0,1,1,6,3,-1,-1,-1,-1,-1,-1,-1,-1
201520K008395,2,3,0,18,0,8,0,0,0,0,4,1,6,1,19,4,125,1,4,-1,1,-1
201520K008415,1,1,0,18,0,8,0,0,0,0,3,1,6,1,29,6,-1,-1,-1,-1,1,-1
201520K008415,2,8,0,7,0,5,0,0,0,0,4,1,6,1,-1,-1,1997,2,7,-1,-1,-1
201520K008475,1,19,0,16,0,1,0,0,0,0,1,1,1,1,51,8,1995,2,2,-1,1,-1
201520K008475,2,9,0,16,0,1,0,0,0,0,2,1,1,1,37,7,998,1,14,-1,1,-1
201520K008565,1,9,0,16,0,3,1,10,1,10,1,1,6,1,52,8,2497,2,10,-1,1,-1
201520K008575,1,9,0,18,0,2,1,0,0,0,0,1,6,1,32,6,1896,2,13,-1,1,-1
201520K008575,2,19,0,18,0,1,0,7,0,0,1,1,6,3,-1,-1,-1,-1,-1,-1,-1,-1
201520K008595,1,9,0,4,0,0,0,0,0,0,1,1,1,2,46,8,1582,2,1,-1,1,-1
201520K008595,2,9,0,4,0,0,0,0,0,0,2,1,1,1,51,8,1560,2,7,-1,1,-1
201520K008605,1,9,0,18,0,2,0,0,0,0,4,1,6,1,32,6,1598,1,9,-1,1,-1
201520K008605,2,9,0,5,0,2,0,0,0,0,3,1,6,3,-1,-1,1968,2,8,-1,-1,-1
201520K008635,1,9,0,18,0,0,0,0,0,0,1,1,6,1,30,6,1968,2,-1,-1,-1,-1
201520K008645,1,19,0,5,0,1,0,0,0,0,4,1,6,1,-1,-1,-1,-1,-1,-1,-1,-1
201520K008645,2,1,0,18,0,1,0,0,0,0,1,1,6,1,23,5,-1,-1,-1,-1,1,-1
201520K008665,1,9,0,7,0,6,0,0,0,0,3,1,1,1,21,5,1686,2,9,-1,1,-1
201520K008665,2,3,0,18,0,8,0,0,0,0,1,1,1,1,30,6,124,1,1,-1,1,-1
201520K008685,1,9,0,5,0,8,0,0,0,0,1,1,6,2,30,6,1242,1,3,-1,1,-1
201520K008685,2,9,0,18,0,8,0,0,0,0,3,1,6,2,48,8,1910,2,11,-1,1,-1
201520K008725,1,9,0,18,0,8,0,0,0,0,1,1,6,3,-1,-1,2496,1,13,-1,-1,-1
201520K008725,2,9,0,5,0,8,0,0,0,0,3,1,6,2,35,6,1399,2,2,-1,3,-1
201520K009025,1,9,0,5,0,0,0,0,0,0,1,1,6,1,-1,-1,998,1,17,-1,-1,-1
201520K009025,2,9,0,18,0,0,0,0,0,0,4,1,6,2,53,8,1339,1,8,-1,1,-1
201520K009035,1,21,1,18,0,8,0,0,0,0,1,1,1,2,56,9,12902,2,2,-1,2,-1
201520K009035,2,9,0,18,0,8,0,0,0,0,3,1,6,1,66,10,1242,1,1,-1,1,-1
201520K009055,1,9,0,18,0,2,0,0,0,0,1,1,6,2,45,7,1339,1,10,-1,1,-1
201520K009055,2,9,0,3,0,2,0,0,0,0,2,1,6,1,21,5,1299,1,15,-1,1,-1
201520K009065,1,9,0,3,0,1,0,0,0,0,2,1,2,1,18,4,1198,1,12,-1,-1,-1
201520K009065,2,9,0,18,0,1,0,0,0,0,1,1,2,2,-1,-1,1461,2,8,-1,1,-1
201520K009125,1,9,0,18,0,1,0,0,0,0,1,1,6,2,-1,-1,1242,1,9,-1,-1,-1
201520K009125,2,9,0,3,0,1,0,0,0,0,2,1,2,2,57,9,1242,1,6,-1,1,-1
201520K009135,1,9,0,18,0,1,0,0,0,0,1,1,6,2,36,7,1461,2,1,-1,1,-1
201520K009135,2,9,0,3,0,1,0,0,0,0,2,1,6,1,41,7,1896,2,10,-1,1,-1
201520K009175,1,9,0,9,0,8,0,0,0,0,3,1,6,2,32,6,1229,1,11,-1,1,-1
201520K009175,2,11,0,18,0,8,0,0,0,0,1,1,1,1,40,7,6696,2,1,-1,1,-1
201520K009195,1,9,0,9,0,6,0,0,0,0,1,1,3,2,57,9,1598,1,9,-1,1,-1
201520K009195,2,9,0,17,0,8,0,0,0,0,1,1,6,1,26,6,1685,2,3,-1,1,-1
201520K009205,1,9,0,18,0,8,0,0,0,0,1,1,6,1,62,9,1796,1,14,-1,1,-1
201520K009205,2,1,0,18,0,6,0,0,0,0,1,1,6,1,16,4,-1,-1,-1,-1,1,-1
201520K009255,1,9,0,14,0,2,0,0,0,0,1,1,6,2,40,7,1363,2,12,-1,1,-1
201520K009255,2,9,0,3,0,2,0,0,0,0,2,1,6,1,55,8,1753,2,16,-1,1,-1
201520K009265,1,9,0,18,0,1,0,0,0,0,1,1,6,1,-1,-1,1997,2,13,-1,-1,-1
201520K009265,2,9,0,7,0,6,0,0,0,0,1,1,6,1,21,5,1590,1,16,-1,1,-1
201520K009295,1,9,0,18,0,2,0,8,0,0,1,1,6,2,41,7,1596,1,13,-1,1,-1
201520K009295,2,9,0,2,0,2,0,0,0,0,3,1,6,2,50,8,1596,1,10,-1,1,-1
201520K009305,1,9,0,18,0,0,1,0,0,0,4,1,6,1,21,5,1596,1,10,-1,1,-1
201520K009305,2,9,0,18,0,0,0,0,0,0,1,1,6,2,52,8,999,1,4,-1,3,-1
201520K009445,1,9,0,9,0,6,0,0,0,0,3,1,6,1,-1,-1,1360,1,15,-1,-1,-1
201520K009445,2,9,0,4,0,8,0,0,0,0,1,1,6,2,50,8,998,1,11,-1,1,-1
201520K009485,1,9,0,18,0,0,0,0,0,0,1,1,6,1,19,4,1679,1,14,-1,1,-1
201520K009485,2,9,0,18,0,0,0,0,0,0,1,1,6,1,47,8,2993,2,5,-1,1,-1
201520K009485,3,9,0,18,0,0,0,0,0,0,0,1,1,1,-1,-1,2993,2,2,-1,-1,-1
201520K009555,1,3,0,13,0,1,2,4,0,0,4,1,6,1,25,5,-1,-1,-1,-1,1,-1
201520K009555,2,19,0,9,0,1,0,0,0,0,3,1,6,3,-1,-1,-1,-1,-1,-1,-1,-1
201520K009555,3,9,0,2,0,1,0,0,0,0,2,1,6,2,-1,-1,1199,1,12,-1,-1,-1
201520K009565,1,9,0,18,0,2,0,0,0,0,1,1,6,3,-1,-1,-1,-1,-1,-1,-1,-1
201520K009565,2,9,0,3,0,1,0,0,0,0,2,1,6,2,37,7,1598,1,9,-1,1,-1
201520K009565,3,9,0,3,0,1,0,0,0,0,3,1,6,2,39,7,1242,1,1,-1,1,-1
201520K009565,4,9,0,18,0,1,0,0,0,0,1,1,6,1,20,4,1360,1,3,-1,1,-1
201520K009575,1,1,0,5,0,1,0,0,0,0,1,1,6,1,23,5,-1,-1,-1,-1,1,-1
201520K009575,2,5,0,18,0,1,0,0,0,0,1,1,1,1,25,5,599,1,15,-1,1,-1
201520K009605,1,9,0,18,0,0,2,4,0,0,1,1,6,1,20,4,3199,1,14,-1,1,-1
201520K009605,2,9,0,2,0,0,0,0,0,0,3,1,6,1,-1,-1,1956,2,2,-1,-1,-1
201520K009605,3,9,0,2,0,0,0,0,0,0,4,1,6,1,65,9,998,1,3,-1,1,-1
201520K009615,1,9,0,12,0,1,0,0,0,0,3,1,6,1,39,7,1783,1,12,-1,1,-1
201520K009615,2,9,0,18,0,1,0,0,0,0,4,1,6,2,54,8,1995,2,8,-1,1,-1
201520K009705,1,9,0,18,0,0,0,10,1,5,1,1,1,2,27,6,1242,1,1,-1,1,-1
201520K009715,1,9,0,18,0,0,0,0,0,0,1,1,6,3,-1,-1,-1,-1,-1,-1,-1,-1
201520K009715,2,1,0,18,0,0,0,0,0,0,3,1,2,1,61,9,-1,-1,-1,-1,1,-1
201520K009725,1,9,0,18,0,0,0,0,0,0,1,1,3,2,68,10,1598,1,7,-1,1,-1
201520K009735,1,9,0,18,0,1,0,0,0,0,1,1,6,1,21,5,973,1,15,-1,1,-1
201520K009735,2,9,0,9,0,1,0,0,0,0,2,1,6,1,55,8,1896,2,8,-1,1,-1
201520K009745,1,9,0,18,0,0,0,11,0,0,1,1,6,1,50,8,1910,2,8,-1,1,-1
201520K009755,1,9,0,5,0,0,0,0,0,0,1,1,2,1,47,8,1796,1,8,-1,1,-1
201520K009755,2,9,0,3,0,0,0,0,0,0,2,1,2,2,25,5,-1,-1,-1,-1,1,-1
201520K009765,1,9,0,6,8,0,0,10,1,0,2,1,6,1,39,7,1332,1,9,-1,1,-1
201520K009765,2,9,0,18,0,0,0,4,0,0,1,1,6,1,23,5,1910,2,5,-1,1,-1
201520K009765,3,9,0,2,6,0,0,10,1,0,2,1,6,2,40,7,1368,1,3,-1,1,-1
201520K009825,1,9,0,16,0,0,0,0,0,0,1,1,6,1,28,6,998,1,2,-1,1,-1
201520K009825,2,9,0,17,0,0,0,0,0,0,1,1,6,1,28,6,1995,2,8,-1,1,-1
201520K009835,1,9,0,4,0,1,0,0,0,0,1,1,6,1,-1,-1,1991,2,9,-1,1,-1
201520K009835,2,5,0,4,0,1,0,0,0,0,2,1,6,1,36,7,998,1,16,-1,1,-1
201520K009845,1,9,0,18,0,1,0,10,7,4,1,1,6,1,20,4,1998,1,11,-1,1,-1
201520K009895,1,9,0,14,0,1,0,0,0,0,1,1,6,1,21,5,1984,1,12,-1,1,-1
201520K009895,2,9,0,14,0,1,0,0,0,0,0,1,1,1,31,6,2993,2,4,-1,1,-1
201520K009895,3,9,0,3,0,1,0,0,0,0,3,1,6,2,48,8,1197,1,4,-1,1,-1
201520K009895,4,9,0,3,0,1,0,0,0,0,4,1,6,2,31,6,1299,1,13,-1,1,-1
201520K009905,1,9,0,18,0,0,0,0,0,0,1,1,6,1,-1,-1,1951,2,14,-1,-1,-1
201520K009915,1,9,0,3,0,1,0,0,0,0,2,1,2,2,30,6,1598,1,12,-1,1,-1
201520K009915,2,9,0,4,0,1,0,0,0,0,1,1,6,2,42,7,1242,1,7,-1,1,-1
201520K009925,1,9,0,18,0,2,1,0,0,0,4,1,6,1,39,7,2967,2,8,-1,1,-1
201520K009935,1,9,0,18,0,0,0,0,0,0,1,1,6,3,-1,-1,-1,-1,-1,-1,-1,-1
201520K009935,2,1,0,18,0,0,0,0,0,0,2,1,4,1,13,3,-1,-1,-1,-1,1,-1
201520K009945,1,9,0,18,0,1,0,0,0,0,1,1,6,2,-1,-1,-1,-1,-1,-1,-1,-1
201520K009945,2,9,0,3,0,1,0,0,0,0,2,1,6,2,42,7,1390,1,14,-1,1,-1
201520K009975,1,1,0,18,0,0,0,0,0,0,2,1,2,1,43,7,-1,-1,-1,-1,1,-1
201520K009975,2,9,0,18,0,0,0,0,0,0,1,1,6,2,26,6,1598,2,5,-1,1,-1
201520K010005,1,9,0,9,0,6,1,0,0,0,3,1,6,1,87,11,1339,1,7,-1,1,-1
201520K010005,2,8,0,18,0,8,1,0,0,0,1,1,6,1,41,7,-1,-1,-1,-1,1,-1
201520K010045,1,9,0,4,9,8,0,0,0,0,1,1,6,1,-1,-1,-1,-1,-1,-1,-1,-1
201520K010045,2,1,0,18,9,8,0,0,0,0,1,1,6,1,13,3,-1,-1,-1,-1,1,-1
201520K010055,1,9,0,4,0,1,0,0,0,0,1,1,6,1,31,6,1364,1,7,-1,1,-1
201520K010055,2,3,0,3,0,1,0,0,0,0,2,1,6,1,23,5,124,1,4,-1,1,-1
201520K010095,1,19,0,1,0,1,0,0,0,0,2,1,6,3,-1,-1,2198,2,2,-1,-1,-1
201520K010095,2,9,0,4,0,2,0,0,0,0,1,1,1,1,-1,-1,1956,2,1,-1,-1,-1
201520K010105,1,9,0,3,0,2,0,0,0,0,2,1,6,2,20,4,998,1,10,-1,1,-1
201520K010105,2,9,0,7,0,2,0,0,0,0,1,1,6,3,-1,-1,1896,2,10,-1,-1,-1
201520K010125,1,9,0,18,0,1,0,0,0,0,1,1,6,2,65,9,1997,1,16,-1,1,-1
201520K010135,1,5,0,18,0,8,0,7,0,0,1,1,6,1,31,6,599,1,16,-1,1,-1
201520K010145,1,9,0,9,0,6,0,0,0,0,1,1,6,2,23,5,1582,2,2,-1,1,-1
201520K010145,2,9,0,18,0,8,0,0,0,0,4,1,6,1,37,7,1896,2,6,-1,1,-1
201520K010165,1,9,0,4,0,0,0,0,0,0,1,1,2,2,-1,-1,1796,1,8,-1,-1,-1
201520K010165,2,9,0,3,0,0,0,0,0,0,2,1,2,1,21,5,1360,1,10,-1,1,-1
201520K010185,1,21,1,18,0,4,0,0,0,0,1,1,6,1,49,8,12419,2,3,-1,1,-1
201520K010185,2,1,0,18,0,8,0,0,0,0,4,1,1,1,46,8,-1,-1,-1,-1,1,-1
201520K010215,1,9,0,14,0,0,0,0,0,0,1,1,6,3,-1,-1,-1,-1,-1,-1,-1,-1
201520K010225,1,9,0,17,0,0,1,10,1,10,1,1,6,2,20,4,1686,2,12,-1,1,-1
201520K010235,1,9,0,18,0,0,1,7,7,6,1,1,6,1,58,9,2171,1,14,-1,1,-1
201520K010235,2,9,0,18,0,0,0,0,0,0,2,1,6,1,55,8,1998,8,-1,-1,1,-1
201520K010335,1,19,0,18,0,0,0,0,0,0,1,1,1,1,62,9,-1,-1,-1,-1,-1,-1
201520K010335,2,1,0,18,0,0,0,0,0,0,1,1,6,2,27,6,-1,-1,-1,-1,1,-1
201520K010345,1,9,0,4,0,1,0,0,0,0,1,1,2,1,58,9,1598,1,9,-1,1,-1
201520K010345,2,9,0,3,0,1,0,0,0,0,2,1,6,1,-1,-1,1796,1,11,-1,-1,-1
201520K010365,1,9,0,12,0,3,0,0,0,0,1,1,6,2,59,9,1388,1,12,-1,1,-1
201520K010365,2,9,0,9,0,3,0,0,0,0,4,1,6,1,-1,-1,-1,-1,-1,-1,-1,-1
201520K010375,1,9,0,9,0,6,0,0,0,0,1,1,2,2,-1,-1,1598,1,8,-1,1,-1
201520K010375,2,9,0,7,0,5,0,0,0,0,1,1,6,1,-1,-1,1390,1,9,-1,-1,-1
201520K010385,1,9,0,18,0,1,0,0,0,0,1,1,6,1,43,7,1598,1,14,-1,1,-1
201520K010385,2,9,0,3,0,1,0,0,0,0,2,1,6,2,24,5,1242,1,1,-1,1,-1
201520K010395,1,9,0,3,0,1,0,0,0,0,2,1,6,1,45,7,1396,1,14,-1,1,-1
201520K010395,2,9,0,4,0,1,1,0,0,0,1,1,6,1,-1,-1,-1,-1,-1,-1,-1,-1
201520K010405,1,9,0,5,0,0,0,0,0,0,1,1,1,1,38,7,1598,7,6,-1,1,-1
201520K010405,2,9,0,18,0,0,0,0,0,0,1,1,6,1,-1,-1,-1,-1,-1,-1,-1,-1
201520K010465,1,11,0,18,0,2,0,0,0,0,4,1,1,1,50,8,4461,2,1,-1,1,-1
201520K010475,1,9,0,18,0,0,0,10,1,2,3,1,1,1,27,6,-1,-1,-1,-1,1,-1
201520K010485,1,9,0,18,0,1,0,0,0,0,1,1,6,1,20,4,1896,2,8,-1,1,-1
201520K010485,2,9,0,8,0,1,0,0,0,0,2,1,6,2,29,6,998,1,3,-1,1,-1
201520K010485,3,9,0,8,0,1,0,0,0,0,2,1,6,1,35,6,1910,2,8,-1,1,-1
201520K010495,1,9,0,18,0,3,0,0,0,0,2,1,6,1,-1,-1,1124,1,11,-1,1,-1
201520K010495,2,9,0,18,0,3,0,0,0,0,1,1,6,2,37,7,1299,1,11,-1,1,-1
201520K010505,1,19,0,9,0,8,0,0,0,0,4,1,1,1,29,6,2461,2,10,-1,1,-1
201520K010505,2,5,0,18,0,8,0,0,0,0,1,1,6,1,21,5,599,1,16,-1,1,-1
201520K010535,1,9,0,18,0,0,5,4,0,0,4,1,6,1,50,8,1422,2,11,-1,1,-1
201520K010535,2,9,0,2,0,0,0,0,0,0,4,1,6,1,-1,-1,2231,2,8,-1,-1,-1
201520K010545,1,9,0,17,0,0,0,10,1,10,2,1,6,1,21,5,1596,1,11,-1,1,-1
201520K010545,2,9,0,17,0,0,0,0,0,0,1,1,6,3,-1,-1,-1,-1,-1,-1,-1,-1
201520K010555,1,9,0,18,0,8,0,0,0,0,3,1,6,1,77,11,998,1,2,-1,1,-1
201520K010555,2,9,0,18,0,8,0,0,0,0,1,1,6,1,55,8,1461,2,2,-1,1,-1
201520K010555,3,9,0,7,0,5,0,0,0,0,0,1,6,2,-1,-1,-1,-1,-1,-1,-1,-1
201520K010555,4,9,0,10,0,1,0,0,0,0,0,1,6,1,-1,-1,898,1,2,-1,-1,-1
201520K010615,1,9,0,5,0,1,0,0,0,0,1,1,1,2,-1,-1,1968,2,2,-1,-1,-1
201520K010615,2,9,0,3,0,1,0,0,0,0,2,1,6,2,43,7,998,1,1,-1,1,-1
201520K010625,1,21,0,18,0,4,0,0,0,0,3,1,6,1,-1,-1,-1,-1,-1,-1,-1,-1
201520K010625,2,9,0,18,0,4,0,0,0,0,4,1,6,2,31,6,1796,1,10,-1,1,-1
201520K010665,1,9,0,7,0,5,0,0,0,0,4,1,6,1,-1,-1,-1,-1,-1,-1,-1,-1
201520K010665,2,1,0,18,0,8,0,0,0,0,3,1,2,1,36,7,-1,-1,-1,-1,1,-1
201520K010705,1,9,0,4,0,8,0,0,0,0,1,1,6,2,39,7,4966,7,13,-1,1,-1
201520K010705,2,9,0,11,0,3,0,0,0,0,3,1,6,3,-1,-1,-1,-1,-1,-1,-1,-1
201520K010715,1,19,0,1,0,2,0,0,0,0,2,1,6,1,-1,-1,-1,-1,-1,-1,-1,-1
201520K010725,1,9,0,18,0,0,0,0,0,0,4,1,6,3,-1,-1,-1,-1,-1,-1,-1,-1
201520K010735,1,9,0,7,0,6,0,0,0,0,1,1,6,1,22,5,2495,1,21,-1,1,-1
201520K010735,2,9,0,18,0,8,0,0,0,0,4,1,6,1,44,7,2993,2,4,-1,1,-1
201520K010745,1,9,0,13,0,8,1,10,7,2,1,1,6,1,26,6,-1,-1,-1,-1,1,-1
201520K010745,2,9,0,9,0,5,1,0,0,0,1,1,6,2,42,7,1598,1,9,-1,1,-1
201520K010765,1,9,0,3,0,0,0,0,0,0,2,1,1,1,33,6,1598,1,9,-1,1,-1
201520K010765,2,9,0,3,0,0,0,0,0,0,2,1,2,2,28,6,-1,-1,-1,-1,1,-1
201520K010765,3,9,0,18,0,0,0,0,0,0,1,1,6,1,48,8,1598,1,3,-1,1,-1
201520K010795,1,19,0,18,0,1,0,0,0,0,1,1,1,1,35,6,1248,2,6,-1,1,-1
201520K010795,2,9,0,3,0,1,0,0,0,0,2,1,1,1,37,7,1986,2,7,-1,1,-1
201520K010805,1,9,0,10,0,1,0,0,0,0,4,1,6,2,40,7,2987,2,8,-1,3,-1
201520K010805,2,20,0,7,0,1,0,0,0,0,3,1,6,3,-1,-1,-1,-1,-1,-1,-1,-1
201520K010815,1,5,0,3,0,1,0,0,0,0,3,1,6,1,39,7,998,1,17,-1,1,-1
201520K010815,2,9,0,6,0,1,0,0,0,0,4,1,6,2,18,4,1396,1,6,-1,1,-1
201520K010845,1,5,0,18,0,4,0,0,0,0,0,1,1,1,49,8,649,1,1,-1,1,-1
201520K010875,1,9,0,18,0,0,0,4,0,0,1,1,6,2,25,5,1461,2,12,-1,1,-1
201520K010875,2,9,0,2,0,0,0,0,0,0,2,1,6,1,65,9,1560,2,5,-1,-1,-1
201520K010965,1,1,0,9,0,8,0,0,0,0,1,1,6,1,51,8,-1,-1,-1,-1,1,-1
201520K010965,2,9,0,9,0,8,0,0,0,0,1,1,2,1,36,7,2987,2,9,-1,1,-1
201520K010995,1,9,0,18,0,8,0,0,0,0,1,1,6,1,31,6,1870,2,10,-1,1,-1
201520K010995,2,9,0,13,0,8,0,0,0,0,1,1,6,1,43,7,1598,1,11,-1,1,-1
201520K011025,1,9,0,9,0,8,0,0,0,0,1,1,6,1,26,6,-1,-1,-1,-1,1,-1
201520K011025,2,1,0,18,0,8,0,0,0,0,3,1,2,1,35,6,-1,-1,-1,-1,1,-1
201520K011035,1,9,0,18,0,0,0,0,0,0,1,1,6,3,-1,-1,-1,-1,-1,-1,-1,-1
201520K011095,1,9,0,18,0,0,0,0,0,0,1,1,6,1,-1,-1,-1,-1,-1,-1,-1,-1
201520K011105,1,21,1,4,0,1,0,0,0,0,1,1,1,1,-1,-1,-1,2,-1,-1,-1,-1
201520K011105,2,9,0,3,0,1,0,0,0,0,2,1,6,2,23,5,1360,1,12,-1,1,-1
201520K011145,1,9,0,18,0,4,0,0,0,0,3,1,6,1,-1,-1,-1,-1,-1,-1,-1,-1
201520K011145,2,9,0,9,0,3,0,0,0,0,4,1,6,2,42,7,1240,1,10,-1,1,-1
201520K011165,1,1,0,18,0,3,0,0,0,0,3,1,2,1,38,7,-1,-1,-1,-1,1,-1
201520K011165,2,19,0,18,0,3,0,0,0,0,4,1,1,1,-1,-1,2148,2,7,-1,1,-1
201520K011225,1,9,0,18,0,8,0,0,0,0,1,1,6,1,35,6,1840,1,13,-1,1,-1
201520K011225,2,9,0,10,0,8,0,0,0,0,2,1,1,1,33,6,1796,1,9,-1,1,-1
201520K011235,1,8,0,18,0,8,0,0,0,0,4,1,1,1,53,8,1997,2,10,-1,1,-1
201520K011235,2,9,0,18,0,8,0,0,0,0,1,1,6,1,-1,-1,1527,2,15,-1,-1,-1
201520K011265,1,9,0,5,0,1,0,0,0,0,1,1,6,1,30,6,1596,1,9,-1,1,-1
201520K011305,1,9,0,9,0,2,0,0,0,0,1,1,2,1,24,5,1618,1,2,-1,1,-1
201520K011305,2,1,0,18,0,2,0,0,0,0,1,1,6,1,29,6,-1,-1,-1,-1,1,-1
201520K011315,1,9,0,13,0,0,0,10,7,10,1,1,6,3,-1,-1,1242,1,16,-1,-1,-1
201520K011315,2,2,0,18,0,0,0,0,0,0,1,1,6,1,23,5,124,1,8,-1,1,-1
201520K011325,1,8,0,9,0,8,0,0,0,0,4,1,6,1,-1,-1,-1,-1,-1,-1,-1,-1
201520K011325,2,90,0,18,0,8,0,0,0,0,3,1,6,1,23,5,448,1,5,-1,1,-1
201520K011355,1,3,0,18,0,1,0,0,0,0,0,1,6,1,58,9,124,1,14,-1,1,-1
201520K011355,2,9,0,9,0,6,0,0,0,0,0,1,6,2,34,6,1242,1,13,-1,1,-1
201520K011365,1,9,0,18,0,0,0,11,0,0,1,1,6,1,71,10,1598,1,2,-1,1,-1
201520K011375,1,9,0,18,0,0,0,0,0,0,1,1,6,2,55,8,973,1,13,-1,1,-1
201520K011385,1,19,0,16,0,1,0,0,0,0,1,1,1,1,42,7,2198,2,2,-1,1,-1
201520K011385,2,19,0,9,0,2,0,0,0,0,3,1,1,1,31,6,2143,2,-1,-1,1,-1
201520K011445,1,9,0,17,0,1,0,0,2,5,1,1,6,1,43,7,1796,1,14,-1,1,-1
201520K011495,1,9,0,18,0,1,2,10,2,2,1,1,6,1,31,6,2996,1,10,-1,1,-1
201520K011515,1,9,0,18,0,0,1,0,0,0,1,1,6,1,-1,-1,2979,1,12,-1,-1,-1
201520K011515,2,9,0,14,0,0,1,10,1,0,2,1,6,1,35,6,2231,2,8,-1,1,-1
201520K011535,1,19,0,18,0,2,0,0,0,0,1,1,6,1,29,6,2461,2,13,-1,1,-1
201520K011545,1,9,0,17,0,0,1,0,0,0,1,1,2,1,40,7,1686,2,7,-1,1,-1
201520K011545,2,10,0,16,0,0,0,0,0,0,3,1,1,1,56,9,-1,-1,-1,-1,1,-1
201520K011555,1,9,0,4,0,2,0,0,0,0,4,1,6,2,54,8,2497,1,9,-1,1,-1
201520K011555,2,1,0,18,0,2,0,0,0,0,3,1,6,1,22,5,-1,-1,-1,-1,1,-1
201520K011575,1,19,0,4,0,8,0,0,0,0,4,1,1,2,41,7,1560,2,7,-1,1,-1
201520K011575,2,9,0,9,0,6,0,0,0,0,1,1,1,1,56,9,1998,2,9,-1,1,-1
201520K011585,1,9,0,18,0,0,0,0,0,0,3,1,6,2,29,6,1461,2,-1,-1,1,-1
201520K011625,1,9,0,18,0,4,0,0,0,0,3,1,6,1,-1,-1,1596,1,10,-1,-1,-1
201520K011625,2,3,0,18,0,4,0,0,0,0,1,1,1,1,-1,-1,-1,-1,-1,-1,1,-1
201520K011635,1,9,0,18,0,1,0,0,0,0,4,1,6,2,-1,-1,-1,-1,-1,-1,-1,-1
201520K011685,1,9,0,9,0,2,1,0,0,0,1,1,6,1,-1,-1,-1,-1,-1,-1,1,-1
201520K011685,2,9,0,3,0,1,0,0,0,0,1,1,6,1,50,8,1997,2,13,-1,1,-1
201520K011695,1,8,0,2,9,0,0,0,0,0,4,1,1,1,38,7,-1,-1,-1,-1,1,-1
201520K011695,2,4,0,15,9,0,5,4,1,0,1,1,6,1,23,5,125,1,7,-1,1,-1
201520K011705,1,9,0,9,0,8,0,0,0,0,2,1,6,2,25,5,2987,2,4,-1,1,-1
201520K011705,2,9,0,18,0,8,1,0,0,0,2,1,6,2,23,5,1398,2,-1,-1,1,-1
201520K011705,3,9,0,18,0,8,1,0,0,0,1,1,6,2,62,9,1461,2,9,-1,1,-1
201520K011725,1,9,0,18,0,1,0,0,0,0,4,1,2,1,24,5,1229,1,9,-1,1,-1
201520K011725,2,9,0,9,0,1,0,0,0,0,2,1,6,2,28,6,2204,2,9,-1,1,-1
201520K011735,1,90,0,18,0,8,0,0,0,0,1,1,1,1,52,8,2999,2,2,-1,1,-1
201520K011735,2,9,0,18,0,8,0,0,0,0,2,1,6,2,24,5,1229,1,9,-1,1,-1
201520K011745,1,9,0,18,0,0,0,0,0,0,1,1,2,1,47,8,-1,-1,-1,-1,1,-1
201520K011795,1,9,0,3,0,1,0,0,0,0,2,1,6,2,28,6,1397,1,4,-1,1,-1
201520K011795,2,9,0,18,0,1,0,0,0,0,1,1,6,1,-1,-1,1910,2,9,-1,-1,-1
201520K011845,1,9,0,3,0,2,0,0,0,0,2,1,1,1,47,8,1956,2,3,-1,1,-1
201520K011845,2,9,0,18,0,1,0,0,0,0,1,1,6,2,-1,-1,1399,1,11,-1,1,-1
201520K011875,1,9,0,18,0,1,0,0,0,0,1,1,6,3,-1,-1,-1,-1,-1,-1,-1,-1
201520K011875,2,9,0,9,0,2,0,0,0,0,3,1,6,1,76,11,1761,1,15,-1,1,-1
201520K011885,1,9,0,9,0,6,0,0,0,0,1,1,6,1,26,6,-1,-1,-1,-1,1,-1
201520K011885,2,9,0,18,0,8,0,0,0,0,1,1,1,1,29,6,-1,-1,-1,-1,1,-1
201520K011905,1,9,0,18,0,3,0,7,7,10,1,1,6,1,55,8,2987,2,1,-1,1,-1
201520K011925,1,19,0,18,0,1,0,0,0,0,1,1,6,3,-1,-1,-1,-1,-1,-1,-1,-1
201520K011925,2,9,0,3,0,1,0,0,0,0,2,1,2,2,35,6,1360,1,6,-1,1,-1
201520K011925,3,9,0,3,0,1,0,0,0,0,2,1,6,1,-1,-1,1870,2,13,-1,1,-1
201520K011945,1,8,0,9,9,5,0,0,0,0,4,1,1,1,30,6,-1,-1,-1,-1,-1,-1
201520K011945,2,1,0,18,9,8,0,0,0,0,1,1,2,1,50,8,-1,-1,-1,-1,1,-1
201520K011955,1,9,0,9,0,6,0,0,0,0,1,1,2,2,52,8,1397,1,6,-1,1,-1