Accident_Index,Vehicle_Reference,Vehicle_Type,Towing_and_Articulation,Vehicle_Manoeuvre,Vehicle_Location-Restricted_Lane,Junction_Location,Skidding_and_Overturning,Hit_Object_in_Carriageway,Vehicle_Leaving_Carriageway,Hit_Object_off_Carriageway,1st_Point_of_Impact,Was_Vehicle_Left_Hand_Drive?,Journey_Purpose_of_Driver,Sex_of_Driver,Age_of_Driver,Age_Band_of_Driver,Engine_Capacity_(CC),Propulsion_Code,Age_of_Vehicle,Driver_IMD_Decile,Driver_Home_Area_Type,Vehicle_IMD_Decile
201520K011955,2,9,0,18,0,8,0,0,0,0,1,1,2,2,28,6,1388,1,8,-1,3,-1
201520K011985,1,3,0,18,0,0,1,0,0,0,1,1,1,1,24,5,124,1,-1,-1,1,-1
201520K011985,2,9,0,18,0,0,0,0,0,0,0,1,6,3,-1,-1,-1,-1,-1,-1,-1,-1
201520K012065,1,9,0,18,2,0,0,0,0,0,0,1,6,3,-1,-1,-1,-1,-1,-1,-1,-1
201520K012065,2,11,0,18,2,0,0,0,0,0,0,1,1,1,44,7,6700,2,-1,-1,1,-1
201520K012145,1,9,0,7,0,6,0,0,0,0,1,1,6,2,45,7,1598,1,2,-1,1,-1
201520K012145,2,3,0,18,0,8,0,0,0,0,1,1,6,1,22,5,124,1,-1,-1,1,-1
201520K012165,1,9,0,9,0,8,0,0,0,0,4,1,2,1,55,8,1997,2,14,-1,1,-1
201520K012165,2,3,0,18,0,8,0,0,0,0,1,1,6,1,21,5,125,1,-1,-1,1,-1
201520K012175,1,90,0,12,0,0,0,0,0,0,1,1,1,1,53,8,7146,2,3,-1,1,-1
201520K012175,2,9,0,18,0,0,0,0,0,0,2,1,6,2,22,5,1149,1,5,-1,1,-1
201520K012185,1,9,0,5,0,6,0,0,0,0,1,1,6,2,33,6,1598,1,9,-1,1,-1
201520K012185,2,9,0,18,0,8,2,10,1,10,4,1,6,2,29,6,1896,2,10,-1,1,-1
201520K012205,1,20,0,18,0,1,0,0,0,0,1,1,1,1,61,9,-1,-1,-1,-1,1,-1
201520K012205,2,9,0,9,0,1,0,0,0,0,2,1,6,1,23,5,2204,2,8,-1,1,-1
201520K012215,1,9,0,18,0,2,0,0,0,0,3,1,1,1,58,9,2685,2,12,-1,1,-1
201520K012235,1,9,0,18,0,0,0,0,0,0,1,1,6,1,61,9,1391,1,17,-1,1,-1
201520K012245,1,9,0,18,0,0,0,0,0,0,1,1,6,3,-1,-1,-1,-1,-1,-1,-1,-1
201520K012295,1,9,0,18,0,0,0,0,0,0,4,1,6,2,61,9,1796,1,12,-1,1,-1
201520K012315,1,9,0,10,0,1,0,0,0,0,2,1,2,2,32,6,1968,2,10,-1,1,-1
201520K012315,2,9,0,18,0,1,0,0,0,0,1,1,6,1,-1,-1,-1,-1,-1,-1,-1,-1
201520K012325,1,9,0,9,0,6,0,0,0,0,4,1,6,1,37,7,1388,1,9,-1,1,-1
201520K012325,2,9,0,18,0,8,0,0,0,0,1,1,6,1,24,5,-1,-1,-1,-1,1,-1
201520K012345,1,9,0,18,0,4,0,0,0,0,1,1,6,2,66,10,1398,1,2,-1,1,-1
201520K012345,2,1,0,18,0,3,0,0,0,0,2,1,2,1,26,6,-1,-1,-1,-1,1,-1
201520K012355,1,9,0,18,0,1,0,0,0,0,1,1,6,1,49,8,2494,1,12,-1,1,-1
201520K012355,2,9,0,3,0,1,0,0,0,0,2,1,6,1,45,7,1995,2,9,-1,1,-1
201520K012375,1,9,0,3,0,1,0,0,0,0,2,1,1,1,34,6,1956,2,3,-1,-1,-1
201520K012375,2,19,0,4,0,1,1,0,0,0,1,1,1,1,24,5,2148,2,10,-1,1,-1
201520K012415,1,9,0,9,0,8,0,0,0,0,1,1,6,1,32,6,1781,1,12,-1,1,-1
201520K012415,2,9,0,18,0,8,0,0,0,0,1,1,6,2,23,5,-1,-1,-1,-1,1,-1
201520K012435,1,9,0,9,0,8,0,0,0,0,4,1,6,1,65,9,1598,1,6,-1,1,-1
201520K012435,2,9,0,18,0,8,1,0,0,0,1,1,6,1,33,6,2231,2,8,-1,1,-1
201520K012475,1,9,0,5,0,6,0,0,0,0,3,1,6,2,26,6,1896,2,11,-1,1,-1
201520K012475,2,9,0,18,0,8,0,7,4,6,1,1,1,1,41,7,1956,2,2,-1,1,-1
201520K012485,1,9,0,9,0,4,0,0,0,0,1,1,6,1,52,8,1998,1,10,-1,1,-1
201520K012515,1,9,0,5,0,6,0,0,0,0,1,1,6,2,27,6,1596,1,15,-1,1,-1
201520K012515,2,9,0,18,0,8,0,0,0,0,3,1,6,2,50,8,1199,1,-1,-1,-1,-1
201520K012515,3,9,0,10,0,1,0,0,0,0,3,1,6,2,54,8,796,1,7,-1,1,-1
201520K012535,1,9,0,18,0,1,0,0,0,0,1,1,2,1,41,7,1896,2,16,-1,1,-1
201520K012545,1,9,0,9,0,6,0,0,0,0,3,1,1,1,25,5,1870,2,9,-1,1,-1
201520K012545,2,8,0,18,0,8,0,0,0,0,1,1,1,1,39,7,1910,2,7,-1,1,-1
201520K012555,1,19,0,7,0,6,0,0,0,0,3,1,1,1,33,6,2151,2,12,-1,1,-1
201520K012555,2,1,0,18,0,8,0,0,0,0,3,1,2,1,43,7,-1,-1,-1,-1,1,-1
201520K012565,1,9,0,9,0,6,0,0,0,0,4,1,6,2,23,5,1242,1,10,-1,1,-1
201520K012565,2,9,0,18,0,6,0,0,0,0,1,1,6,2,34,6,1598,1,13,-1,1,-1
201520K012575,1,9,0,18,0,1,0,0,0,0,1,1,6,1,80,11,1598,1,12,-1,1,-1
201520K012585,1,9,0,14,0,0,0,10,7,10,4,1,6,1,62,9,1781,1,14,-1,1,-1
201520K012585,2,9,0,6,0,0,0,10,7,10,3,1,6,1,67,10,1997,2,1,-1,1,-1
201520K012595,1,9,0,18,0,0,1,0,0,0,3,1,2,2,49,8,2143,2,1,-1,1,-1
201520K012605,1,9,0,18,0,8,1,4,0,0,1,1,6,1,20,4,1149,1,11,-1,1,-1
201520K012605,2,9,0,2,0,8,0,0,0,0,2,1,6,1,40,7,999,1,-1,-1,1,-1
201520K012605,3,9,0,18,0,8,0,0,0,0,0,1,1,1,-1,-1,1560,2,4,-1,-1,-1
201520K012635,1,9,0,1,9,8,0,0,0,0,2,1,6,2,-1,-1,-1,-1,-1,-1,-1,-1
201520K012635,2,9,0,2,0,8,0,0,0,0,4,1,6,1,32,6,2597,1,12,-1,1,-1
201520K012645,1,9,0,18,0,8,0,4,0,0,1,1,6,1,23,5,1984,1,6,-1,1,-1
201520K012645,2,9,0,7,0,6,0,10,1,0,3,1,6,2,34,6,1248,2,7,-1,1,-1
201520K012645,3,9,0,2,0,2,0,0,0,0,2,1,6,3,-1,-1,1389,1,12,-1,-1,-1
201520K012645,4,9,0,2,0,2,0,0,0,0,2,1,6,3,-1,-1,1388,1,13,-1,-1,-1
201520K012645,5,9,0,2,0,2,0,0,0,0,2,1,6,3,-1,-1,1587,1,11,-1,-1,-1
201520K012655,1,9,0,1,0,0,0,0,0,0,2,1,6,1,-1,-1,-1,-1,-1,-1,-1,-1
201520K012675,1,9,0,9,0,5,0,0,0,0,1,1,6,2,32,6,1995,2,9,-1,1,-1
201520K012715,1,9,0,18,0,2,0,0,0,0,1,1,1,1,41,7,2720,2,9,-1,1,-1
201520K012725,1,3,0,18,0,1,0,10,1,1,1,1,6,1,18,4,124,1,4,-1,1,-1
201520K012735,1,9,0,18,0,0,0,0,0,0,1,1,1,1,31,6,-1,3,2,-1,-1,-1
201520K012735,2,9,0,4,0,0,0,0,0,0,2,1,6,1,23,5,1461,2,3,-1,1,-1
201520K012735,3,9,0,3,0,0,0,0,0,0,2,1,6,1,22,5,1600,1,11,-1,1,-1
201520K012745,1,19,0,18,0,2,2,4,1,4,1,1,2,1,42,7,2151,2,13,-1,1,-1
201520K012745,2,9,0,2,0,1,0,0,0,0,1,1,6,2,50,8,1997,2,12,-1,1,-1
201520K012775,1,9,0,4,0,1,0,0,0,0,2,1,6,1,-1,-1,-1,-1,-1,-1,-1,-1
201520K012775,2,9,0,4,0,1,0,0,0,0,1,1,2,2,30,6,1242,1,3,-1,1,-1
201520K012785,1,19,0,7,0,6,0,0,0,0,4,1,1,1,42,7,2148,2,7,-1,1,-1
201520K012795,1,19,0,18,0,3,0,0,0,0,1,1,6,1,-1,-1,1995,2,1,-1,-1,-1
201520K012795,2,9,0,3,0,3,0,0,0,0,2,1,1,1,26,6,1598,1,11,-1,1,-1
201520K012835,1,9,0,16,0,0,0,0,0,0,3,1,6,1,-1,-1,1595,1,15,-1,-1,-1
201520K012835,2,9,0,17,0,0,0,0,0,0,3,1,6,2,42,7,1997,2,12,-1,1,-1
201520K012845,1,19,0,14,0,1,0,0,0,0,4,1,6,1,-1,-1,-1,-1,-1,-1,-1,-1
201520K012855,1,9,0,18,0,1,0,0,0,0,1,1,6,3,-1,-1,1596,1,14,-1,-1,-1
201520K012875,1,9,0,9,0,6,0,10,8,7,3,1,6,1,26,6,1360,1,12,-1,1,-1
201520K012875,2,21,1,16,0,8,1,0,0,0,1,1,1,1,55,8,10837,2,4,-1,1,-1
201520K012885,1,9,0,7,0,8,0,0,0,7,3,1,6,1,22,5,1997,1,14,-1,1,-1
201520K012885,2,9,0,18,0,8,0,0,0,0,4,1,6,1,47,8,1796,1,12,-1,1,-1
201520K012895,1,9,0,11,0,1,0,0,0,0,4,1,6,3,-1,-1,3597,1,6,-1,-1,-1
201520K012895,2,9,0,5,0,1,0,0,0,0,3,1,6,2,24,5,1997,2,4,-1,1,-1
201520K012905,1,19,0,9,0,5,0,0,0,0,1,1,1,2,24,5,2151,2,12,-1,1,-1
201520K012915,1,9,0,18,0,0,0,0,0,0,1,1,6,1,68,10,998,1,15,-1,1,-1
201520K012925,1,9,0,9,0,8,0,0,0,0,1,1,6,3,-1,-1,1598,1,10,-1,-1,-1
201520K012925,2,9,0,18,0,8,0,0,0,0,3,1,6,1,73,10,1584,1,12,-1,1,-1
201520K012935,1,9,0,1,0,8,0,0,0,0,2,1,6,1,24,5,1242,1,12,-1,1,-1
201520K012935,2,9,0,3,0,8,0,0,0,0,1,1,6,2,25,5,1388,1,2,-1,1,-1
201520K012945,1,9,0,18,0,1,0,0,0,0,1,1,6,1,19,4,1242,1,3,-1,-1,-1
201520K012945,2,9,0,10,0,1,0,0,0,0,2,1,2,2,35,6,2183,2,5,-1,1,-1
201520K012975,1,9,0,9,0,6,0,0,0,0,1,1,2,1,24,5,1364,1,5,-1,1,-1
201520K012975,2,5,0,18,0,8,1,0,0,0,1,1,2,1,-1,-1,599,1,6,-1,1,-1
201520K012985,1,19,0,9,0,1,0,0,0,0,1,1,1,1,57,9,1248,2,9,-1,2,-1
201520K012995,1,9,0,18,0,0,0,4,0,0,1,1,6,1,-1,-1,1196,1,20,-1,-1,-1
201520K012995,2,19,0,2,0,0,0,0,0,0,1,1,6,1,51,8,2198,2,2,-1,1,-1
201520K013025,1,19,0,1,9,0,0,10,1,0,2,1,6,1,-1,-1,-1,-1,-1,-1,-1,-1
201520K013045,1,9,0,4,0,1,0,0,0,0,3,1,6,1,26,6,2198,2,10,-1,3,-1
201520K013045,2,9,0,10,0,1,0,0,0,0,4,1,3,2,36,7,1560,2,7,-1,1,-1
201520K013055,1,9,0,14,0,0,0,0,0,0,1,1,6,1,24,5,1388,1,8,-1,1,-1
201520K013055,2,9,0,3,0,0,0,0,0,0,1,1,6,1,27,6,1686,2,11,-1,1,-1
201520K013065,1,8,0,18,0,0,0,0,0,0,1,1,1,1,48,8,1797,8,3,-1,1,-1
201520K013115,1,9,0,3,0,1,0,0,0,0,2,1,1,1,45,7,1598,1,2,-1,1,-1
201520K013115,2,9,0,4,0,1,0,0,0,0,1,1,6,1,-1,-1,-1,-1,-1,-1,1,-1
201520K013125,1,9,0,7,9,6,0,0,0,0,1,1,6,3,-1,-1,-1,-1,-1,-1,-1,-1
201520K013145,1,9,0,3,0,1,0,0,0,0,2,1,6,1,19,4,1229,1,9,-1,1,-1
201520K013145,2,9,0,1,0,2,0,0,0,0,1,1,6,1,-1,-1,4134,2,1,-1,-1,-1
201520K013155,1,9,0,5,0,1,0,0,0,0,1,1,6,3,-1,-1,-1,-1,-1,-1,-1,-1
201520K013185,1,9,0,1,0,6,0,0,0,0,2,1,6,1,44,7,1998,2,12,-1,1,-1
201520K013185,2,1,0,18,0,8,0,0,0,0,4,1,6,1,20,4,-1,-1,-1,-1,1,-1
201520K013195,1,9,0,18,0,8,0,0,0,0,1,1,6,3,-1,-1,1461,2,-1,-1,-1,-1
201520K013195,2,9,0,9,0,8,0,0,0,0,1,1,6,1,75,10,1339,1,11,-1,1,-1
201520K013205,1,9,0,17,0,1,0,0,0,0,1,1,6,1,26,6,1896,2,11,-1,1,-1
201520K013255,1,9,0,9,0,6,0,0,0,0,3,1,6,1,68,10,796,1,8,-1,1,-1
201520K013255,2,9,0,18,0,8,0,0,0,0,1,1,6,2,18,4,1199,1,13,-1,1,-1
201520K013265,1,9,0,16,0,0,1,10,7,2,1,1,6,1,23,5,1994,1,15,-1,1,-1
201520K013275,1,9,0,17,0,0,0,0,0,0,1,1,6,2,37,7,1796,1,11,-1,1,-1
201520K013275,2,1,0,18,0,0,0,0,0,0,1,1,6,1,29,6,-1,-1,-1,-1,1,-1
201520K013325,1,9,0,18,0,1,0,0,0,0,1,1,6,1,-1,-1,-1,-1,-1,-1,-1,-1
201520K013325,2,9,0,3,0,1,0,0,0,0,2,1,2,2,25,5,1150,1,7,-1,1,-1
201520K013345,1,9,0,18,0,1,0,0,0,0,4,1,2,1,34,6,2204,2,6,-1,1,-1
201520K013345,2,9,0,12,0,1,0,0,0,0,3,1,6,3,-1,-1,-1,-1,-1,-1,-1,-1
201520K013355,1,8,0,18,0,0,0,0,0,0,3,1,1,1,38,7,1968,2,9,-1,1,-1
201520K013375,1,9,0,18,0,0,0,0,0,0,1,1,6,2,33,6,1360,1,13,-1,1,-1
201520K013385,1,9,0,5,0,1,0,0,0,0,1,1,1,2,53,8,1560,2,3,-1,1,-1
201520K013395,1,9,0,9,0,2,0,0,0,0,3,1,6,1,46,8,1242,1,14,-1,1,-1
201520K013455,1,9,0,16,0,1,1,7,7,1,1,1,6,1,33,6,4134,2,1,-1,1,-1
201520K013455,2,9,0,13,0,1,1,0,0,0,2,1,6,1,21,5,1596,1,-1,-1,1,-1
201520K013455,3,9,0,10,0,1,0,0,0,0,4,1,6,1,71,10,1597,2,-1,-1,-1,-1
201520K013455,4,9,0,18,0,1,0,0,0,0,1,1,6,1,47,8,1289,1,18,-1,1,-1
201520K013495,1,9,0,18,0,0,0,0,0,0,1,1,6,1,-1,-1,-1,-1,-1,-1,1,-1
201520K013495,2,9,0,2,0,0,0,0,0,0,0,1,6,1,21,5,1242,1,9,-1,1,-1
201520K013505,1,9,0,18,0,1,0,0,0,0,1,1,6,1,-1,-1,-1,-1,-1,-1,-1,-1
201520K013505,2,9,0,3,0,1,0,0,0,0,2,1,1,1,34,6,1686,2,4,-1,1,-1
201520K013515,1,5,0,18,0,8,0,0,0,0,1,1,6,1,21,5,600,1,15,-1,1,-1
201520K013515,2,9,0,9,0,8,0,0,0,0,1,1,6,2,-1,-1,1299,1,11,-1,1,-1
201520K013525,1,9,0,18,0,1,0,10,1,0,1,1,6,1,21,5,998,1,-1,-1,1,-1
201520K013525,2,9,0,10,0,1,0,0,0,0,2,1,6,1,24,5,1560,2,7,-1,1,-1
201520K013535,1,9,0,18,0,8,0,0,0,0,2,1,6,1,37,7,998,1,11,-1,1,-1
201520K013535,2,9,0,8,0,8,0,0,0,0,1,1,6,1,-1,-1,1781,1,14,-1,-1,-1
201520K013595,1,3,0,13,0,2,1,0,0,0,4,1,6,1,-1,-1,124,1,4,-1,-1,-1
201520K013595,2,9,0,7,0,3,0,0,0,0,1,1,1,1,47,8,-1,-1,-1,-1,1,-1
201520K013615,1,9,0,17,0,0,1,10,1,4,3,1,2,2,21,5,1229,1,10,-1,1,-1
201520K013625,1,19,0,3,0,8,0,0,0,0,1,1,2,1,33,6,2198,2,1,-1,1,-1
201520K013625,2,8,0,18,0,8,0,0,0,0,1,1,1,1,60,9,2664,2,16,-1,1,-1
201520K013635,1,9,0,5,0,8,0,0,0,0,1,1,6,2,32,6,1598,1,9,-1,1,-1
201520K013635,2,9,0,18,0,8,0,0,2,10,3,1,2,1,27,6,1896,2,13,-1,3,-1
201520K013645,1,9,0,18,0,1,0,0,0,0,3,1,3,2,45,7,1598,1,8,-1,1,-1
201520K013655,1,9,0,7,0,6,0,0,0,0,1,1,6,1,60,9,2198,1,13,-1,1,-1
201520K013655,2,90,0,18,0,1,0,0,0,0,1,1,6,1,-1,-1,-1,-1,-1,-1,1,-1
201520K013665,1,9,0,4,0,1,0,0,0,0,1,1,6,2,26,6,1984,1,12,-1,1,-1
201520K013665,2,90,0,18,0,1,0,10,7,0,3,1,6,1,9,2,-1,-1,-1,-1,1,-1
201520K013685,1,9,0,18,0,8,0,0,0,0,1,1,6,1,47,8,2198,1,13,-1,1,-1
201520K013685,2,9,0,9,0,6,0,0,0,0,1,1,2,1,34,6,1360,1,12,-1,1,-1
201520K013695,1,9,0,12,0,2,0,0,0,0,1,1,2,1,20,4,1248,2,3,-1,1,-1
201520K013695,2,9,0,3,0,2,0,0,0,0,2,1,2,2,51,8,1596,1,8,-1,1,-1
201520K013695,3,9,0,3,0,2,0,0,0,0,2,1,2,2,46,8,1997,2,15,-1,1,-1
201520K013705,1,9,0,18,0,0,0,0,0,0,3,1,3,1,50,8,1997,2,7,-1,1,-1
201520K013705,2,9,0,6,0,0,0,0,0,0,1,1,6,1,66,10,1582,2,4,-1,1,-1
201520K013715,1,9,0,18,0,1,0,0,0,0,1,1,3,1,32,6,1686,2,10,-1,1,-1
201520K013735,1,9,0,18,0,8,0,0,0,0,1,1,6,1,27,6,1461,2,-1,-1,1,-1
201520K013735,2,9,0,18,0,8,0,0,0,0,4,1,1,2,27,6,1086,1,9,-1,1,-1
201520K013745,1,9,0,9,0,8,0,0,0,0,1,1,6,2,53,8,1596,1,13,-1,1,-1
201520K013745,2,9,0,18,0,8,0,0,0,0,3,1,1,1,30,6,1968,2,2,-1,1,-1
201520K013775,1,9,0,18,0,0,1,4,1,2,2,1,6,1,23,5,1686,2,11,-1,1,-1
201520K013775,2,9,0,2,0,0,0,0,0,0,4,1,6,3,-1,-1,1596,1,9,-1,-1,-1
201520K013785,1,1,0,18,0,1,0,0,0,0,1,1,6,1,19,4,-1,-1,-1,-1,1,-1
201520K013785,2,9,0,4,0,1,0,0,0,0,4,1,6,1,-1,-1,-1,-1,-1,-1,-1,-1
201520K013795,1,9,0,9,0,5,0,0,0,0,1,1,1,1,27,6,998,1,11,-1,1,-1
201520K013795,2,19,0,17,0,8,0,0,0,0,1,1,1,2,50,8,1995,2,6,-1,1,-1
201520K013865,1,9,0,18,0,3,0,0,0,0,1,1,6,1,56,9,1405,1,11,-1,1,-1
201520K013865,2,9,0,3,0,2,0,0,0,0,2,1,6,2,46,8,1598,1,10,-1,1,-1
201520K013875,1,9,0,6,0,0,0,0,0,0,1,1,3,2,34,6,1248,2,10,-1,1,-1
201520K013875,2,9,0,18,0,0,0,0,0,0,1,1,6,3,-1,-1,1598,1,10,-1,-1,-1
201520K013885,1,9,0,18,0,0,0,0,0,0,2,1,6,2,23,5,1364,1,8,-1,1,-1
201520K013885,2,9,0,18,0,0,0,0,0,0,1,1,6,1,-1,-1,1560,2,2,-1,1,-1
201520K013885,3,9,0,12,0,0,0,0,0,0,0,1,6,3,-1,-1,-1,-1,-1,-1,-1,-1
201520K013905,1,10,0,5,0,0,0,0,0,0,0,1,2,1,62,9,2143,2,3,-1,1,-1
201520K013925,1,9,0,18,0,1,0,0,0,0,1,1,6,1,48,8,3456,8,8,-1,1,-1
201520K013925,2,9,0,3,0,1,0,0,1,10,2,1,6,1,30,6,1149,1,8,-1,1,-1
201520K013925,3,9,0,3,0,1,0,0,0,0,2,1,6,1,48,8,1984,1,5,-1,1,-1
201520K013935,1,9,0,9,0,6,0,0,0,0,1,1,6,2,36,7,1124,1,11,-1,1,-1
201520K013935,2,9,0,10,0,8,0,0,0,0,1,1,6,1,32,6,1796,1,16,-1,1,-1
201520K013935,3,9,0,9,0,1,0,0,0,0,3,1,6,1,-1,-1,-1,-1,-1,-1,-1,-1
201520K013945,1,9,0,18,0,8,0,0,0,0,1,1,6,1,58,9,-1,-1,-1,-1,1,-1
201520K013945,2,9,0,18,0,8,0,0,0,0,3,1,6,1,53,8,1951,2,13,-1,1,-1
201520K013965,1,21,1,9,0,6,0,0,0,0,4,1,1,1,42,7,11120,2,1,-1,1,-1
201520K013965,2,9,0,18,0,1,0,0,0,0,3,1,1,1,60,9,1968,2,7,-1,1,-1
201520K013975,1,9,0,18,0,8,0,0,0,0,3,1,6,2,26,6,1198,1,4,-1,1,-1
201520K013975,2,9,0,18,0,3,0,0,0,0,1,1,6,1,25,5,2720,2,10,-1,1,-1
201520K014005,1,9,0,14,0,1,0,0,0,0,1,1,6,1,34,6,1560,2,4,-1,1,-1
201520K014005,2,9,0,4,0,1,0,0,0,0,3,1,6,2,25,5,1329,1,-1,-1,1,-1
201520K014005,3,9,0,3,0,1,0,0,0,0,3,1,6,2,55,8,1995,2,13,-1,1,-1
201520K014025,1,9,0,9,0,2,0,0,0,0,1,1,6,3,-1,-1,1999,1,7,-1,-1,-1
201520K014035,1,9,0,5,0,1,0,0,0,0,1,1,6,1,-1,-1,1896,2,9,-1,1,-1
201520K014035,2,9,0,18,0,2,0,0,0,0,4,1,2,2,28,6,1368,1,2,-1,1,-1
201520K014045,1,9,0,12,0,7,0,0,0,0,2,1,6,1,54,8,1992,2,8,-1,1,-1
201520K014045,2,9,0,3,0,1,0,0,0,0,1,1,6,1,-1,-1,1390,1,12,-1,-1,-1
201520K014065,1,9,0,2,0,0,0,0,0,0,1,1,1,1,46,8,1956,2,3,-1,1,-1
201520K014065,2,9,0,1,0,0,0,0,0,0,1,1,6,3,-1,-1,-1,-1,-1,-1,-1,-1
201520K014115,1,9,0,1,0,2,0,0,0,0,2,1,6,1,30,6,2792,1,19,-1,1,-1
201520K014125,1,9,0,18,0,8,0,4,0,0,1,1,6,2,25,5,1896,2,11,-1,1,-1
201520K014125,2,9,0,7,0,6,0,0,0,0,1,1,6,1,25,5,2204,2,10,-1,1,-1
201520K014125,3,9,0,2,0,2,0,4,0,0,2,1,6,3,-1,-1,1686,2,2,-1,1,-1
201520K014125,4,9,0,2,0,2,0,0,0,0,4,1,6,3,-1,-1,1560,2,10,-1,1,-1
201520K014175,1,9,0,5,0,1,0,0,0,0,1,1,6,1,59,9,1995,2,14,-1,1,-1
201520K014175,2,90,0,3,0,1,0,0,0,0,2,1,1,1,55,8,2999,2,-1,-1,1,-1
201520K014255,1,9,0,3,0,0,0,0,0,0,2,1,6,1,52,8,1998,2,9,-1,1,-1
201520K014255,2,19,0,3,0,0,0,0,0,0,1,1,6,1,47,8,-1,-1,-1,-1,1,-1
201520K014255,3,9,0,18,0,0,0,0,0,0,1,1,6,2,42,7,1242,1,1,-1,1,-1
201520K014265,1,9,0,3,0,0,0,0,0,0,2,1,1,1,53,8,1598,1,15,-1,1,-1
201520K014265,2,19,0,18,0,0,0,0,0,0,1,1,1,1,36,7,2198,2,1,-1,1,-1
201520K014265,3,9,0,18,0,0,0,0,0,0,3,1,1,1,43,7,1956,1,2,-1,1,-1
201520K014275,1,9,0,18,0,0,0,0,0,0,3,1,3,2,-1,-1,1968,2,5,-1,1,-1
201520K014285,1,9,0,9,0,8,0,0,0,0,4,1,2,1,48,8,-1,-1,-1,-1,1,-1
201520K014285,2,9,0,18,0,8,0,0,0,0,1,1,2,2,27,6,998,1,1,-1,2,-1
201520K014295,1,9,0,18,0,2,5,4,0,0,1,1,6,1,46,8,1796,1,14,-1,1,-1
201520K014295,2,9,0,14,0,1,0,0,0,0,3,1,6,1,59,9,998,1,3,-1,1,-1
201520K014295,3,9,0,2,0,2,0,4,0,0,2,1,6,1,68,10,1399,1,6,-1,1,-1
201520K014295,4,9,0,2,0,2,0,0,0,0,2,1,6,2,30,6,998,1,12,-1,1,-1
201520K014295,5,9,0,18,0,2,0,0,0,0,0,1,1,1,-1,-1,1248,2,1,-1,-1,-1
201520K014305,1,9,0,18,0,2,0,0,0,0,1,1,1,2,27,6,-1,-1,-1,-1,1,-1
201520K014325,1,21,0,18,0,2,0,0,0,0,1,1,1,1,63,9,11021,2,14,-1,1,-1
201520K601805,1,9,0,18,0,8,1,10,7,10,3,1,6,1,25,5,1796,1,6,-1,1,-1
201520K601805,2,9,0,9,0,5,0,0,0,0,0,1,6,3,-1,-1,1240,1,9,-1,-1,-1
201520K603355,1,9,0,18,0,0,0,0,0,0,1,1,6,3,-1,-1,-1,-1,-1,-1,-1,-1
201520K603355,2,9,0,18,0,0,0,0,0,0,2,1,6,2,32,6,1198,1,10,-1,1,-1
201520K605165,1,9,0,4,0,0,0,0,0,0,1,1,6,2,-1,-1,1149,1,12,-1,-1,-1
201520K605165,2,9,0,3,0,0,0,0,0,0,2,1,6,1,30,6,1998,2,14,-1,1,-1
201520K607245,1,11,0,2,0,1,0,0,0,0,0,1,1,2,43,7,-1,-1,-1,-1,1,-1
201520K607685,1,11,0,18,0,4,0,0,0,0,0,1,1,1,29,6,9000,2,6,-1,1,-1
201520K607865,1,4,0,13,0,1,1,0,0,0,4,1,1,1,29,6,645,1,11,-1,1,-1
201520K607865,2,19,0,9,0,1,0,0,0,0,3,1,1,1,42,7,-1,-1,-1,-1,1,-1
201520K608185,1,9,0,18,0,2,0,0,0,0,4,1,6,1,47,8,-1,-1,-1,-1,1,-1
201520K608185,2,9,0,2,0,1,0,0,0,0,4,1,6,1,-1,-1,1388,1,6,-1,-1,-1
201520K608215,1,9,0,5,0,4,0,0,0,0,2,1,1,1,19,4,999,1,2,-1,1,-1
201520K608215,2,9,0,5,0,4,0,0,0,0,1,1,1,1,-1,-1,2204,2,7,-1,1,-1
201520K609385,1,9,0,18,0,2,0,0,0,0,0,1,6,1,-1,-1,-1,-1,-1,-1,-1,-1
201520K609385,2,11,0,18,0,2,0,0,0,0,0,1,1,2,43,7,9000,2,6,-1,1,-1
201520K625375,1,9,0,18,0,0,1,0,7,0,4,1,6,1,44,7,1124,1,15,-1,1,-1
201520K625375,2,10,0,18,0,0,0,0,0,0,1,1,1,1,61,9,2402,2,5,-1,1,-1
201520K638625,1,9,0,18,0,0,0,0,0,0,1,1,6,3,-1,-1,2500,1,16,-1,-1,-1
201520K638625,2,9,0,18,0,0,0,0,0,0,2,1,2,2,29,6,1242,1,12,-1,1,-1
201520L000235,1,2,0,18,0,0,0,0,1,0,3,1,1,1,46,8,49,1,1,-1,1,-1
201520L000235,2,9,0,18,0,0,0,0,0,0,1,1,6,3,-1,-1,-1,-1,-1,-1,-1,-1
201520L000345,1,9,0,9,0,6,0,0,0,0,1,1,6,2,77,11,2179,2,4,-1,1,-1
201520L000345,2,3,0,18,0,8,0,0,7,0,1,1,6,1,32,6,124,1,5,-1,1,-1
201520L000455,1,9,0,18,0,0,0,4,0,0,1,1,6,2,65,9,1589,1,15,-1,1,-1
201520L000455,2,19,0,2,0,0,0,0,0,0,2,1,6,1,-1,-1,2402,2,6,-1,1,-1
201520L000505,1,9,0,18,0,8,0,10,1,1,1,1,1,2,20,4,-1,-1,-1,-1,1,-1
201520L000505,2,9,0,18,0,8,0,0,0,0,1,1,6,1,29,6,1995,2,5,-1,3,-1