Accident_Index,Vehicle_Reference,Vehicle_Type,Towing_and_Articulation,Vehicle_Manoeuvre,Vehicle_Location-Restricted_Lane,Junction_Location,Skidding_and_Overturning,Hit_Object_in_Carriageway,Vehicle_Leaving_Carriageway,Hit_Object_off_Carriageway,1st_Point_of_Impact,Was_Vehicle_Left_Hand_Drive?,Journey_Purpose_of_Driver,Sex_of_Driver,Age_of_Driver,Age_Band_of_Driver,Engine_Capacity_(CC),Propulsion_Code,Age_of_Vehicle,Driver_IMD_Decile,Driver_Home_Area_Type,Vehicle_IMD_Decile
201520L005185,2,1,0,18,0,8,0,0,0,0,1,1,2,1,44,7,-1,-1,-1,-1,1,-1
201520L005195,1,9,0,18,0,0,0,0,0,0,3,1,6,1,-1,-1,-1,-1,-1,-1,1,-1
201520L005195,2,9,0,18,0,0,0,0,0,0,1,1,6,1,36,7,1396,1,15,-1,1,-1
201520L005195,3,9,0,18,0,0,0,0,0,0,1,1,6,2,21,5,998,1,1,-1,1,-1
201520L005205,1,9,0,18,0,1,0,0,0,0,1,1,6,3,-1,-1,-1,-1,-1,-1,-1,-1
201520L005205,2,9,0,18,0,2,2,10,1,10,1,1,6,2,22,5,1299,1,17,-1,1,-1
201520L005245,1,9,0,16,0,1,1,10,3,4,1,1,6,1,25,5,1686,2,4,-1,1,-1
201520L005275,1,9,0,18,0,0,1,4,0,0,1,1,6,1,21,5,1994,2,13,-1,1,-1
201520L005275,2,9,0,2,6,0,0,0,1,9,3,1,6,1,42,7,1995,2,6,-1,1,-1
201520L005295,1,9,0,16,0,0,1,0,1,0,1,1,6,1,20,4,1364,1,6,-1,1,-1
201520L005295,2,9,0,2,0,0,0,0,0,0,1,1,6,1,18,4,998,1,1,-1,1,-1
201520L005305,1,21,1,1,0,0,0,0,0,0,2,1,2,1,30,6,10837,2,2,-1,1,-1
201520L005305,2,9,0,18,0,0,0,0,0,0,4,1,6,1,38,7,1197,1,1,-1,1,-1
201520L005315,1,9,0,18,0,4,0,0,0,0,1,1,6,2,33,6,2179,2,2,-1,1,-1
201520L005315,2,9,0,9,0,4,0,0,0,0,2,1,6,1,23,5,1242,1,1,-1,1,-1
201520L005355,1,9,0,18,0,1,0,0,0,0,1,1,6,3,-1,-1,-1,-1,-1,-1,-1,-1
201520L005355,2,9,0,18,0,2,0,0,0,0,3,1,2,2,19,4,1299,1,12,-1,1,-1
201520L005375,1,8,0,5,0,0,0,0,0,0,3,1,6,1,40,7,2231,2,8,-1,1,-1
201520L005375,2,3,0,18,0,0,0,0,0,0,1,1,6,1,-1,-1,125,1,1,-1,1,-1
201520L005395,1,9,0,18,0,8,0,0,0,0,4,1,6,2,38,7,1299,1,8,-1,1,-1
201520L005395,2,8,0,9,0,8,0,0,0,0,1,1,6,1,-1,-1,-1,-1,-1,-1,-1,-1
201520L005405,1,9,0,15,0,0,5,10,0,0,3,1,2,2,46,8,1390,1,12,-1,1,-1
201520L005405,2,9,0,16,0,0,0,0,0,0,4,1,2,1,44,7,1560,2,1,-1,1,-1
201520L005415,1,19,0,5,0,1,0,0,0,0,1,1,1,1,33,6,2198,2,3,-1,-1,-1
201520L005415,2,9,0,3,0,1,0,0,0,0,2,1,6,2,31,6,-1,-1,-1,-1,1,-1
201520L005425,1,90,0,18,9,0,0,0,0,0,1,1,6,1,75,10,-1,-1,-1,-1,1,-1
201520L005425,2,21,1,4,0,0,0,0,0,0,4,1,1,1,58,9,11967,2,9,-1,1,-1
201520L005435,1,9,0,9,0,5,0,0,0,0,1,1,6,1,50,8,1995,2,4,-1,1,-1
201520L005435,2,1,0,18,0,8,0,0,0,0,1,1,6,1,49,8,-1,-1,-1,-1,1,-1
201520L005445,1,8,0,9,0,5,0,0,0,0,1,1,6,1,43,7,-1,-1,-1,-1,1,-1
201520L005445,2,5,0,18,0,8,0,0,0,0,1,1,6,1,55,8,1255,1,8,-1,1,-1
201520L005465,1,9,0,9,0,2,0,0,0,0,3,1,6,1,63,9,2995,1,9,-1,1,-1
201520L005465,2,19,0,18,0,1,0,0,0,0,3,1,6,1,47,8,1998,2,10,-1,1,-1
201520L005475,1,9,0,18,0,0,0,0,0,0,1,1,6,1,33,6,1242,1,7,-1,1,-1
201520L005485,1,9,0,4,0,0,0,0,0,0,2,1,6,2,30,6,1360,1,8,-1,1,-1
201520L005485,2,9,0,18,0,0,0,0,0,0,3,1,6,1,-1,-1,1598,2,4,-1,-1,-1
201520L005495,1,9,0,18,0,4,0,0,0,0,1,1,1,1,26,6,1390,1,4,-1,1,-1
201520L005495,2,9,0,18,0,4,0,0,0,0,4,1,1,2,54,8,1242,1,1,-1,1,-1
201520L005505,1,19,4,14,0,0,0,0,0,0,1,1,1,1,-1,-1,-1,-1,-1,-1,1,-1
201520L005505,2,9,0,18,0,0,0,0,0,0,3,1,6,1,64,9,998,1,13,-1,1,-1
201520L005515,1,9,0,13,0,1,0,0,0,0,3,1,6,3,-1,-1,-1,-1,-1,-1,-1,-1
201520L005515,2,16,0,18,0,1,0,0,0,0,3,1,6,2,30,6,-1,-1,-1,-1,1,-1
201520L005535,1,9,0,18,0,0,0,0,0,0,1,1,6,1,24,5,1339,1,11,-1,1,-1
201520L005535,2,9,0,3,0,0,0,0,0,0,2,1,2,1,38,7,-1,-1,-1,-1,1,-1
201520L005545,1,19,0,4,0,0,0,0,0,0,2,1,2,1,52,8,2402,2,12,-1,1,-1
201520L005545,2,9,0,18,0,0,0,0,0,0,1,1,6,1,39,7,1598,1,13,-1,1,-1
201520L005565,1,9,0,18,0,8,0,0,0,0,3,1,1,2,30,6,1956,2,6,-1,1,-1
201520L005565,2,8,0,18,0,8,0,0,0,0,1,1,1,1,40,7,-1,-1,-1,-1,1,-1
201520L005595,1,9,0,9,0,6,0,0,0,0,3,1,6,1,68,10,2143,2,-1,-1,1,-1
201520L005595,2,9,0,18,0,8,0,0,0,0,1,1,6,1,44,7,1360,1,9,-1,1,-1
201520L005615,1,9,0,4,0,2,0,0,0,0,1,1,2,2,25,5,1399,2,7,-1,1,-1
201520L005665,1,4,0,7,0,6,0,0,0,0,1,1,6,1,52,8,1584,1,5,-1,1,-1
201520L005665,2,9,0,18,0,8,0,0,0,0,3,1,6,1,39,7,1984,1,12,-1,1,-1
201520L005675,1,9,0,18,0,0,0,4,0,0,1,1,2,1,40,7,1587,1,13,-1,1,-1
201520L005675,2,11,0,2,0,0,0,0,0,0,2,1,1,1,52,8,7300,2,12,-1,1,-1
201520L005685,1,9,0,18,0,2,0,0,0,0,1,1,6,2,78,11,1590,1,14,-1,1,-1
201520L005695,1,9,0,18,0,8,0,0,0,0,1,1,6,1,-1,-1,1388,1,11,-1,-1,-1
201520L005695,2,9,0,9,0,8,0,0,0,0,1,1,6,2,32,6,1388,1,11,-1,1,-1
201520L005785,1,9,0,18,0,8,0,0,0,0,1,1,6,1,-1,-1,-1,-1,-1,-1,-1,-1
201520L005785,2,9,0,18,0,8,0,0,0,0,1,1,6,2,72,10,1799,1,7,-1,1,-1
201520L005815,1,9,0,18,0,0,5,0,7,2,2,1,6,1,24,5,1229,1,3,-1,1,-1
201520L005825,1,9,0,18,0,0,0,7,0,0,4,1,6,1,23,5,1998,2,12,-1,1,-1
201520L005825,2,9,0,15,0,0,0,0,0,0,3,1,6,1,-1,-1,-1,-1,-1,-1,-1,-1
201520L005885,1,2,0,2,0,0,0,0,0,0,2,1,2,1,28,6,49,1,5,-1,1,-1
201520L005885,2,1,0,18,0,0,0,4,0,0,1,1,2,1,45,7,-1,-1,-1,-1,1,-1
201520L005895,1,9,0,18,0,4,0,0,0,0,1,1,6,1,48,8,1995,2,-1,-1,1,-1
201520L005895,2,1,0,17,0,8,0,0,0,0,2,1,6,1,76,11,-1,-1,-1,-1,1,-1
201520L005905,1,3,0,13,0,8,0,0,0,0,1,1,6,1,19,4,124,1,1,-1,1,-1
201520L005905,2,9,0,9,0,5,0,0,0,0,3,1,6,2,27,6,1598,2,4,-1,1,-1
201520L005955,1,11,0,2,0,0,0,0,0,0,0,1,1,1,51,8,4500,2,-1,-1,1,-1
201520L005965,1,9,0,9,0,6,0,0,0,0,3,1,2,2,40,7,1598,1,12,-1,3,-1
201520L005965,2,9,0,18,0,8,0,0,7,0,4,1,2,1,43,7,2500,1,14,-1,3,-1
201520L005995,1,11,0,4,0,0,0,10,1,5,1,1,1,1,-1,-1,-1,-1,-1,-1,-1,-1
201520L006025,1,9,0,18,0,0,0,0,0,0,1,1,6,1,26,6,1798,1,13,-1,1,-1
201520L006055,1,4,0,9,0,3,1,0,0,0,1,1,6,1,23,5,450,1,9,-1,1,-1
201520L006055,2,9,0,3,0,1,0,0,0,0,1,1,6,2,34,6,1341,1,11,-1,1,-1
201520L006065,1,9,0,16,0,3,5,10,7,1,1,1,6,1,44,7,1586,1,11,-1,1,-1
201520L006075,1,9,0,18,0,8,0,0,0,0,1,1,6,2,74,10,998,1,2,-1,1,-1
201520L006075,2,1,0,18,0,8,5,0,0,0,4,1,6,1,61,9,-1,-1,-1,-1,1,-1
201520L006095,1,9,0,3,0,1,0,0,0,0,2,1,6,1,40,7,1360,1,12,-1,1,-1
201520L006095,2,9,0,4,0,1,1,0,0,0,1,1,6,1,46,8,1796,1,16,-1,1,-1
201520L006105,1,5,0,13,0,0,0,0,0,0,4,1,1,1,-1,-1,700,1,30,-1,1,-1
201520L006105,2,9,0,18,0,0,0,0,0,0,3,1,1,1,40,7,1596,1,10,-1,1,-1
201520L006115,1,9,0,18,0,4,0,0,0,0,3,1,6,1,49,8,2000,2,4,-1,1,-1
201520L006115,2,1,0,18,0,3,0,0,0,0,2,1,6,1,15,3,-1,-1,-1,-1,1,-1
201520L006125,1,9,0,18,0,0,0,0,0,0,1,1,6,3,-1,-1,-1,-1,-1,-1,-1,-1
201520L006135,1,19,4,9,0,6,0,0,0,0,1,1,2,1,35,6,-1,-1,-1,-1,1,-1
201520L006135,2,1,0,18,0,8,0,0,0,0,1,1,2,1,33,6,-1,-1,-1,-1,1,-1
201520L006155,1,9,0,9,0,5,0,0,0,0,1,1,6,1,48,8,1686,2,11,-1,1,-1
201520L006175,1,9,0,9,0,6,0,0,0,0,1,1,6,2,-1,-1,1796,1,8,-1,1,-1
201520L006175,2,9,0,18,0,8,0,0,0,0,4,1,6,1,20,4,1598,1,9,-1,1,-1
201520L006205,1,9,0,18,0,0,0,0,0,0,1,1,2,2,49,8,998,1,1,-1,1,-1
201520L006205,2,9,0,18,9,0,0,10,7,0,1,1,6,3,-1,-1,-1,-1,-1,-1,-1,-1
201520L006245,1,9,0,5,0,5,0,0,0,0,0,1,6,1,73,10,1461,2,2,-1,1,-1
201520L006245,2,9,0,18,0,8,2,10,7,6,1,1,6,1,24,5,1568,1,14,-1,1,-1
201520L006255,1,9,0,18,0,0,0,0,0,0,1,1,1,1,31,6,-1,-1,-1,-1,1,-1
201520L006255,2,9,0,18,0,0,1,10,5,4,2,1,6,1,76,11,1896,2,16,-1,1,-1
201520L006295,1,9,0,18,0,0,0,0,0,0,4,1,6,1,80,11,1388,1,12,-1,1,-1
201520L006295,2,9,0,3,0,0,0,0,0,0,2,1,2,1,62,9,1390,1,4,-1,1,-1
201520L006305,1,9,0,18,0,0,0,0,0,0,3,2,1,1,50,8,-1,-1,-1,-1,1,-1
201520L006305,2,9,0,18,0,0,0,0,0,0,1,1,6,1,24,5,1600,1,3,-1,1,-1
201520L006315,1,9,0,9,0,6,0,0,0,0,0,1,1,2,51,8,999,1,1,-1,1,-1
201520L006315,2,9,0,18,0,2,0,4,0,0,3,1,1,2,49,8,1229,1,5,-1,1,-1
201520L006315,3,8,0,2,0,1,0,0,0,0,3,1,1,1,45,7,1896,2,8,-1,-1,-1
201520L006345,1,11,0,18,0,0,0,0,0,0,1,1,1,1,30,6,9360,2,4,-1,1,-1
201520L006345,2,9,0,18,0,0,0,0,2,7,2,1,6,2,30,6,1870,2,8,-1,1,-1
201520L006365,1,2,0,4,0,1,0,0,0,0,1,1,6,1,16,4,49,1,9,-1,1,-1
201520L006365,2,2,0,3,0,1,0,0,0,0,2,1,6,1,16,4,49,1,-1,-1,1,-1
201520L006405,1,3,0,4,0,2,0,0,0,0,1,1,6,1,44,7,125,1,5,-1,1,-1
201520L006405,2,9,0,3,0,2,0,0,0,0,2,1,6,2,26,6,1364,1,6,-1,1,-1
201520L006425,1,9,0,18,0,0,0,0,0,0,1,1,6,2,60,9,1580,1,24,-1,1,-1
201520L006425,2,90,0,18,0,0,0,0,0,0,1,1,6,2,74,10,-1,-1,-1,-1,1,-1
201520L006435,1,19,0,18,0,1,1,0,0,0,1,1,6,1,-1,-1,2400,2,13,-1,1,-1
201520L006435,2,9,0,10,0,1,0,0,0,0,2,1,6,2,41,7,1560,2,2,-1,1,-1
201520L006445,1,9,0,18,0,0,0,0,0,0,4,1,6,2,-1,-1,1397,1,13,-1,-1,-1
201520L006445,2,1,0,18,0,0,0,0,0,0,3,1,1,1,39,7,-1,-1,-1,-1,1,-1
201520L006465,1,9,0,17,0,0,1,10,7,10,4,1,6,1,22,5,1396,1,16,-1,1,-1
201520L006465,2,19,0,16,0,0,0,0,0,0,1,1,1,1,26,6,2143,2,5,-1,1,-1
201520L006475,1,9,0,18,0,8,0,0,0,0,4,1,6,2,28,6,998,1,1,-1,1,-1
201520L006475,2,9,0,7,0,6,0,0,0,0,1,1,6,1,32,6,998,1,15,-1,1,-1
201520L006495,1,9,0,18,0,0,0,0,0,0,1,1,6,1,27,6,1598,1,-1,-1,1,-1
201520L006505,1,9,0,9,0,5,0,0,0,0,1,1,6,1,36,7,1910,2,7,-1,1,-1
201520L006505,2,5,0,18,0,8,0,0,0,0,3,1,6,1,54,8,1200,1,17,-1,1,-1
201520L006515,1,3,0,18,0,8,0,0,0,0,1,1,6,1,-1,-1,124,1,-1,-1,-1,-1
201520L006515,2,9,0,18,0,8,0,0,0,0,4,1,6,2,29,6,1598,1,5,-1,1,-1
201520L006515,3,9,0,18,0,8,0,0,0,0,3,1,6,1,49,8,1984,1,9,-1,1,-1
201520L603685,1,9,0,18,0,0,0,0,0,0,4,1,6,2,-1,-1,2143,2,2,-1,-1,-1
201520L614315,1,9,0,18,0,0,0,0,0,0,1,1,6,2,56,9,1388,1,10,-1,1,-1
201520L620445,1,9,0,18,0,3,0,0,0,0,1,1,6,1,20,4,1299,1,8,-1,1,-1
201520L620445,2,9,0,18,0,3,0,0,0,0,2,1,6,1,-1,-1,1796,1,15,-1,-1,-1
201520L638715,1,9,0,4,0,0,0,0,0,0,2,1,1,1,44,7,-1,-1,-1,-1,-1,-1
201520L638715,2,9,0,18,0,0,0,0,0,0,1,1,6,2,-1,-1,1360,1,6,-1,-1,-1
201520L654915,1,9,0,8,0,1,0,0,0,0,2,1,6,1,48,8,1364,1,-1,-1,1,-1
201520L654915,2,9,0,18,0,1,0,0,0,0,1,1,6,2,43,7,1586,1,1,-1,-1,-1
201520M000665,1,9,0,18,0,1,0,0,0,0,1,1,6,3,-1,-1,-1,-1,-1,-1,-1,-1
201520M000665,2,9,0,7,0,1,0,0,0,0,2,1,2,2,18,4,1229,1,11,-1,1,-1
201520M000675,1,9,0,9,0,6,0,0,0,0,1,1,6,2,48,8,1797,8,1,-1,1,-1
201520M000675,2,20,0,18,0,8,0,0,0,0,1,1,1,1,34,6,-1,-1,-1,-1,-1,-1
201520M000785,1,9,0,9,0,8,0,0,7,0,1,1,6,2,38,7,-1,-1,-1,-1,1,-1
201520M000785,2,9,0,18,0,8,0,0,0,0,1,1,6,2,30,6,1796,1,1,-1,1,-1
201520M000785,3,9,0,18,0,8,0,0,0,0,1,1,6,1,54,8,1995,2,6,-1,1,-1
201520M000785,4,9,0,3,0,1,0,0,0,0,1,1,6,1,52,8,-1,-1,-1,-1,1,-1
201520M000845,1,21,0,4,0,4,0,0,0,0,1,1,6,1,63,9,-1,2,12,-1,1,-1
201520M000845,2,1,0,18,0,4,0,0,0,0,1,1,6,1,35,6,-1,-1,-1,-1,1,-1
201520M000875,1,2,0,15,0,8,0,0,1,0,1,1,1,1,20,4,125,1,4,-1,1,-1
201520M000875,2,9,0,9,0,8,0,0,0,0,4,1,1,2,29,6,1248,2,1,-1,2,-1
201520M000915,1,9,0,14,0,0,0,0,0,0,1,1,6,2,25,5,1299,1,10,-1,1,-1
201520M001105,1,9,0,7,0,6,0,0,0,0,3,1,2,2,43,7,1299,1,15,-1,1,-1
201520M001105,2,1,0,18,0,8,0,0,0,0,1,1,6,2,-1,-1,-1,-1,-1,-1,-1,-1
201520M001115,1,9,0,9,0,6,0,0,0,0,3,1,6,2,38,7,1560,2,4,-1,1,-1
201520M001115,2,5,0,18,0,8,1,0,1,0,1,1,6,1,22,5,599,1,8,-1,1,-1
201520M001215,1,9,0,18,0,0,0,0,0,0,1,1,6,3,-1,-1,-1,-1,-1,-1,-1,-1
201520M001215,2,1,0,18,0,0,0,10,0,0,2,1,6,2,34,6,-1,-1,-1,-1,1,-1
201520M001225,1,9,0,5,0,0,0,0,0,0,1,1,6,3,-1,-1,-1,-1,-1,-1,-1,-1
201520M001235,1,9,0,5,0,2,0,0,0,0,1,1,1,2,32,6,1968,2,3,-1,2,-1
201520M001245,1,19,0,18,0,2,0,0,0,0,1,1,6,1,24,5,2198,2,1,-1,1,-1
201520M001245,2,9,0,4,0,2,0,0,0,0,2,1,3,2,38,7,-1,-1,-1,-1,1,-1
201520M001255,1,9,0,4,0,1,0,0,0,0,1,1,6,1,-1,-1,-1,-1,-1,-1,-1,-1
201520M001255,2,9,0,4,0,1,0,0,0,0,2,1,6,2,23,5,1598,1,10,-1,1,-1
201520M001505,1,9,0,18,0,2,0,0,0,0,1,1,1,1,50,8,-1,-1,-1,-1,1,-1
201520M001515,1,9,0,18,0,8,5,0,0,0,4,1,6,1,30,6,-1,-1,-1,-1,1,-1
201520M001515,2,9,0,18,0,8,0,0,0,0,1,1,6,1,55,8,1461,2,4,-1,1,-1
201520M001535,1,9,0,18,0,1,0,0,0,0,1,1,6,2,-1,-1,1997,1,6,-1,-1,-1
201520M001535,2,9,0,3,0,1,0,0,0,0,2,1,6,2,20,4,1198,1,9,-1,1,-1
201520M001545,1,9,0,1,0,8,0,0,0,0,2,1,6,1,-1,-1,2401,2,13,-1,1,-1
201520M001545,2,9,0,3,0,8,0,0,0,0,1,1,6,2,31,6,1397,1,16,-1,1,-1
201520M001555,1,19,0,4,0,1,0,0,0,0,1,1,6,1,-1,-1,1998,2,13,-1,-1,-1
201520M001555,2,9,0,3,0,1,0,0,0,0,2,1,6,2,46,8,-1,-1,-1,-1,1,-1
201520M001575,1,8,0,9,0,6,0,0,0,0,1,1,6,1,-1,-1,2664,2,14,-1,1,-1
201520M001575,2,9,0,18,0,8,0,0,0,0,1,1,6,2,19,4,1242,1,2,-1,1,-1
201520M001605,1,9,0,18,0,4,0,0,0,0,1,1,2,1,-1,-1,-1,-1,-1,-1,1,-1
201520M001605,2,1,0,18,0,3,0,0,0,0,1,1,2,1,28,6,-1,-1,-1,-1,1,-1
201520M001615,1,9,0,5,0,4,0,0,0,0,1,1,2,2,54,8,1368,1,2,-1,1,-1
201520M001615,2,9,0,4,0,3,0,0,0,0,1,1,6,1,28,6,1968,2,5,-1,1,-1
201520M001645,1,9,0,9,0,5,0,0,0,0,4,1,6,1,-1,-1,1998,2,11,-1,-1,-1
201520M001645,2,1,0,18,0,8,1,10,1,0,1,1,1,1,31,6,-1,-1,-1,-1,1,-1
201520M001665,1,9,0,9,0,8,0,0,0,0,1,1,6,1,-1,-1,1896,2,16,-1,-1,-1
201520M001665,2,9,0,5,0,8,0,0,0,0,1,1,2,1,37,7,-1,-1,-1,-1,1,-1
201520M001855,1,9,0,7,0,8,0,0,0,0,2,1,6,3,-1,-1,-1,-1,-1,-1,-1,-1
201520M001855,2,1,0,18,0,8,0,0,0,0,1,1,2,1,45,7,-1,-1,-1,-1,1,-1
201520M001865,1,9,0,16,0,0,1,7,6,0,3,1,1,1,19,4,-1,-1,-1,-1,1,-1
201520M001865,2,19,0,17,0,0,0,0,0,0,1,1,1,1,36,7,-1,-1,-1,-1,1,-1
201520M001885,1,9,0,18,0,8,0,10,0,0,3,1,6,1,25,5,-1,-1,-1,-1,1,-1
201520M001885,2,8,0,18,0,8,0,0,0,0,1,1,1,1,31,6,2664,2,14,-1,1,-1
201520M001955,1,9,0,18,0,0,1,4,1,0,1,1,6,1,34,6,1998,1,20,-1,3,-1
201520M001955,2,9,0,2,0,0,0,0,0,0,2,1,6,2,-1,-1,-1,-1,-1,-1,-1,-1
201520M001975,1,9,0,9,0,8,0,0,0,0,3,1,6,2,28,6,1490,1,10,-1,1,-1
201520M001975,2,2,0,14,0,8,0,0,0,0,4,1,4,1,16,4,50,1,2,-1,1,-1
201520M002005,1,9,0,1,0,0,0,0,0,0,2,1,6,1,-1,-1,1997,1,10,-1,-1,-1
201520M002005,2,19,0,2,0,0,0,0,0,0,2,1,6,1,44,7,2151,2,12,-1,1,-1
201520M002025,1,9,0,9,0,5,0,0,0,0,1,1,6,1,-1,-1,-1,-1,-1,-1,-1,-1
201520M002035,1,8,0,5,0,1,0,0,0,0,0,1,1,1,-1,-1,2148,2,6,-1,-1,-1
201520M002045,1,8,0,18,9,1,0,10,0,0,1,1,6,1,-1,-1,2499,2,9,-1,1,-1
201520M002285,1,9,0,16,0,0,0,4,7,0,1,1,6,2,26,6,-1,-1,-1,-1,2,-1
201520M002285,2,9,0,2,6,0,0,0,0,0,1,1,6,1,28,6,1388,1,10,-1,1,-1
201520M002285,3,9,0,2,6,0,0,0,0,0,2,1,6,2,-1,-1,1242,1,6,-1,-1,-1
201520M002295,1,9,0,18,0,0,0,7,0,0,1,1,6,1,22,5,2000,2,10,-1,1,-1
201520M002315,1,9,0,14,0,0,0,0,0,0,1,1,6,1,-1,-1,-1,-1,-1,-1,-1,-1
201520M002345,1,9,0,4,0,0,0,0,0,0,2,1,1,1,64,9,1596,1,10,-1,1,-1
201520M002345,2,19,0,4,0,0,0,0,0,0,1,1,1,1,34,6,-1,-1,-1,-1,1,-1
201520M002355,1,9,0,18,0,1,0,0,0,0,1,1,6,1,-1,-1,-1,-1,-1,-1,-1,-1
201520M002355,2,9,0,3,0,1,0,0,0,0,2,1,6,2,42,7,1598,1,7,-1,1,-1
201520M002355,3,9,0,3,0,1,0,0,0,0,2,1,6,2,-1,-1,-1,-1,-1,-1,-1,-1
201520M002405,1,9,0,5,0,0,0,0,0,0,3,1,1,2,39,7,1560,2,3,-1,1,-1
201520M002405,2,1,0,18,0,0,0,0,0,0,1,1,1,1,27,6,-1,-1,-1,-1,1,-1
201520M002415,1,9,0,18,0,0,0,0,0,0,1,1,6,1,55,8,1368,1,4,-1,1,-1
201520M002515,1,9,0,5,0,4,0,0,0,0,1,1,6,1,47,8,1796,2,1,-1,1,-1
201520M002515,2,1,0,18,0,8,0,0,0,0,1,1,6,1,35,6,-1,-1,-1,-1,1,-1
201520M002545,1,11,0,18,0,0,0,8,0,0,4,1,6,1,-1,-1,8268,2,13,-1,-1,-1
201520M002545,2,9,0,2,0,0,0,0,0,0,3,1,6,2,46,8,1390,1,6,-1,1,-1
201520M002555,1,9,0,17,0,0,0,0,0,0,1,1,6,1,23,5,1364,1,7,-1,1,-1
201520M002555,2,9,0,16,0,0,1,10,7,10,1,1,6,1,-1,-1,1248,2,8,-1,-1,-1
201520M002565,1,8,0,5,0,1,0,0,0,0,3,1,1,1,-1,-1,-1,-1,-1,-1,-1,-1
201520M002575,1,9,0,9,0,6,0,0,0,0,3,1,6,1,55,8,1560,2,8,-1,1,-1
201520M002575,2,3,0,14,0,8,5,0,0,0,1,1,1,1,30,6,-1,-1,-1,-1,1,-1
201520M002585,1,9,0,18,0,8,0,0,0,0,1,1,6,1,-1,-1,-1,-1,-1,-1,-1,-1
201520M002585,2,3,0,18,0,8,5,0,0,0,2,1,2,1,44,7,124,1,8,-1,1,-1
201520M002595,1,9,0,7,0,5,0,0,0,0,1,1,6,1,22,5,998,1,13,-1,1,-1
201520M002615,1,9,0,9,0,6,0,0,0,0,1,1,6,2,36,7,1396,1,3,-1,1,-1
201520M002635,1,9,0,18,0,0,0,0,0,0,4,1,2,2,18,4,1496,2,1,-1,1,-1
201520M002645,1,8,0,9,0,5,0,0,0,0,4,1,1,1,-1,-1,2499,2,8,-1,-1,-1
201520M002645,2,1,0,18,0,8,0,0,0,0,1,1,4,1,18,4,-1,-1,-1,-1,1,-1
201520M002655,1,9,0,18,0,4,0,0,0,0,1,1,6,1,51,8,1896,2,10,-1,1,-1
201520M002655,2,1,0,18,0,8,0,0,0,0,2,1,6,1,27,6,-1,-1,-1,-1,-1,-1
201520M002665,1,9,0,6,0,0,0,0,0,0,3,1,6,1,73,10,996,1,1,-1,1,-1
201520M002665,2,9,0,18,0,0,0,0,0,0,1,1,1,1,39,7,-1,-1,-1,-1,1,-1
201520M002675,1,9,0,9,0,6,0,0,0,0,1,1,6,2,29,6,1598,2,1,-1,1,-1
201520M002675,2,9,0,18,0,8,0,0,0,0,4,1,6,2,49,8,1399,1,10,-1,1,-1
201520M002685,1,9,0,16,0,0,0,0,0,0,1,1,6,2,17,4,-1,-1,-1,-1,1,-1
201520M002685,2,9,0,17,0,0,0,4,0,0,1,1,6,2,65,9,-1,-1,-1,-1,1,-1
201520M002685,3,9,0,2,0,0,0,0,0,0,3,1,6,3,-1,-1,1598,1,14,-1,-1,-1
201520M002695,1,9,0,16,0,0,1,0,0,0,1,1,2,1,34,6,1396,1,16,-1,1,-1
201520M002695,2,9,0,17,0,0,0,4,0,0,1,1,6,1,92,11,1395,1,2,-1,1,-1
201520M002695,3,9,0,2,9,0,0,0,0,0,3,1,6,3,-1,-1,-1,-1,-1,-1,-1,-1
201520M002705,1,9,0,1,2,2,0,0,0,0,2,1,6,1,39,7,1598,1,8,-1,1,-1
201520M002715,1,9,0,18,0,0,0,0,0,0,1,1,6,2,61,9,2143,2,2,-1,1,-1
201520M002715,2,9,0,3,0,0,0,0,0,0,2,1,2,2,53,8,-1,-1,-1,-1,1,-1
201520M002725,1,9,0,9,0,8,0,0,0,0,1,1,6,1,45,7,1388,1,8,-1,1,-1
201520M002725,2,9,0,18,0,8,0,0,0,0,1,1,6,1,27,6,1686,2,8,-1,1,-1
201520M002725,3,9,0,18,0,1,0,0,0,0,3,1,6,1,72,10,1396,1,18,-1,1,-1
201520M002735,1,9,0,5,0,2,0,0,0,0,3,1,6,1,61,9,1999,1,2,-1,1,-1
201520M002745,1,9,0,12,0,0,0,0,0,0,3,1,6,1,-1,-1,1587,1,9,-1,1,-1
201520M002745,2,9,0,18,0,0,0,0,0,0,1,1,6,2,25,5,1360,1,6,-1,1,-1
201520M002745,3,9,0,2,0,0,0,0,0,0,4,1,6,3,46,8,2967,2,1,-1,3,-1
201520M002805,1,9,0,9,0,5,0,0,0,0,1,1,6,1,59,9,1598,1,10,-1,1,-1
201520M002805,2,90,0,18,0,8,0,0,0,0,1,1,6,1,57,9,2970,2,1,-1,1,-1
201520M002815,1,9,0,17,0,0,1,10,7,0,1,1,6,1,30,6,1596,1,12,-1,1,-1
201520M002815,2,9,0,2,0,0,0,0,0,0,2,1,6,1,44,7,-1,-1,-1,-1,1,-1
201520M002825,1,9,0,16,0,2,1,10,7,10,1,1,6,1,42,7,-1,-1,-1,-1,-1,-1
201520M002835,1,9,0,18,0,1,0,0,0,0,1,1,6,1,23,5,1197,1,1,-1,1,-1
201520M002835,2,9,0,3,0,1,0,0,0,0,2,1,6,2,28,6,1229,1,2,-1,1,-1
201520M002845,1,11,0,4,0,1,0,0,0,0,1,1,1,1,60,9,-1,-1,-1,-1,1,-1