Accident_Index,Vehicle_Reference,Vehicle_Type,Towing_and_Articulation,Vehicle_Manoeuvre,Vehicle_Location-Restricted_Lane,Junction_Location,Skidding_and_Overturning,Hit_Object_in_Carriageway,Vehicle_Leaving_Carriageway,Hit_Object_off_Carriageway,1st_Point_of_Impact,Was_Vehicle_Left_Hand_Drive?,Journey_Purpose_of_Driver,Sex_of_Driver,Age_of_Driver,Age_Band_of_Driver,Engine_Capacity_(CC),Propulsion_Code,Age_of_Vehicle,Driver_IMD_Decile,Driver_Home_Area_Type,Vehicle_IMD_Decile
201520M002875,1,9,0,9,0,5,0,0,0,0,1,1,2,1,32,6,2143,2,4,-1,1,-1
201520M002875,2,1,0,9,0,1,0,0,0,0,1,1,6,1,46,8,-1,-1,-1,-1,1,-1
201520M003085,1,9,0,9,0,8,0,0,0,0,4,1,3,1,33,6,1956,2,6,-1,1,-1
201520M003085,2,9,0,18,0,8,0,0,0,0,1,1,6,1,47,8,2993,2,1,-1,1,-1
201520M003085,3,9,0,4,0,1,0,0,0,0,1,1,6,2,51,8,1596,1,2,-1,1,-1
201520M003105,1,9,0,4,0,8,0,10,0,0,1,1,1,1,-1,-1,1995,1,13,-1,-1,-1
201520M003105,2,9,0,10,0,8,0,0,0,0,2,1,6,1,26,6,2967,2,5,-1,1,-1
201520M003135,1,9,0,18,0,8,0,0,0,0,1,1,6,1,-1,-1,973,1,13,-1,-1,-1
201520M003135,2,9,0,9,0,8,0,0,0,0,3,1,6,1,20,4,1229,1,5,-1,1,-1
201520M003205,1,9,0,7,0,6,1,10,3,2,1,1,6,1,18,4,-1,-1,-1,-1,1,-1
201520M003205,2,9,0,2,0,8,0,0,0,0,4,1,6,2,-1,-1,1598,1,11,-1,1,-1
201520M003215,1,9,0,9,0,3,0,0,0,0,1,1,6,1,20,4,1229,1,4,-1,-1,-1
201520M003215,2,9,0,9,0,3,0,0,0,0,2,2,6,1,40,7,-1,-1,-1,-1,1,-1
201520M003225,1,9,0,18,0,1,0,0,0,0,1,1,6,1,73,10,1461,2,3,-1,1,-1
201520M003225,2,9,0,10,0,1,0,0,0,0,2,1,6,1,37,7,1968,2,4,-1,1,-1
201520M003235,1,9,0,9,0,5,0,0,0,0,1,1,6,1,-1,-1,1796,1,8,-1,1,-1
201520M003235,2,1,0,9,0,1,0,0,0,0,1,1,2,1,37,7,-1,-1,-1,-1,1,-1
201520M003245,1,11,0,18,0,3,0,0,0,0,1,1,1,2,35,6,3900,2,9,-1,1,-1
201520M003245,2,9,0,18,0,3,0,0,0,0,2,1,2,1,21,5,1598,1,6,-1,1,-1
201520M003285,1,9,0,18,0,0,0,0,0,0,1,1,6,2,-1,-1,1360,1,9,-1,-1,-1
201520M003285,2,9,0,4,0,0,0,0,0,0,2,1,1,2,28,6,2000,2,6,-1,1,-1
201520M003295,1,9,0,9,0,3,0,0,0,0,2,1,6,2,38,7,1242,1,3,-1,1,-1
201520M003295,2,9,0,9,0,3,0,0,0,0,2,1,6,1,-1,-1,-1,-1,-1,-1,-1,-1
201520M003295,3,9,0,9,0,3,0,0,0,0,0,1,6,3,-1,-1,-1,-1,-1,-1,-1,-1
201520M003575,1,9,0,15,2,0,0,10,1,4,1,1,6,1,23,5,2671,1,16,-1,3,-1
201520M003575,2,9,0,11,0,0,0,0,0,0,4,1,6,1,56,9,1997,2,4,-1,1,-1
201520M003575,3,9,0,3,0,0,0,0,0,0,2,1,6,2,25,5,1390,1,5,-1,1,-1
201520M003625,1,9,0,9,0,6,0,0,0,0,1,1,6,2,20,4,1299,1,7,-1,1,-1
201520M003625,2,4,0,18,0,8,0,0,0,0,2,1,6,1,19,4,-1,-1,-1,-1,1,-1
201520M003655,1,9,0,5,0,4,0,0,0,0,1,1,6,1,27,6,1598,1,15,-1,1,-1
201520M003655,2,3,0,7,0,3,0,0,0,0,4,1,6,1,68,10,124,1,4,-1,1,-1
201520M003665,1,9,0,18,0,2,1,4,7,0,1,1,6,1,18,4,-1,-1,-1,-1,3,-1
201520M003665,2,9,0,2,0,1,0,0,0,0,1,1,6,1,41,7,1753,2,8,-1,1,-1
201520M003705,1,9,0,13,0,1,0,10,7,4,2,1,1,2,35,6,998,1,7,-1,1,-1
201520M003705,2,1,0,9,0,1,0,0,0,0,2,1,1,1,41,7,-1,-1,-1,-1,1,-1
201520M003745,1,9,0,1,0,1,0,0,0,0,2,1,6,3,-1,-1,-1,-1,-1,-1,-1,-1
201520M003925,1,9,0,9,0,5,0,0,0,0,4,1,6,2,26,6,-1,-1,-1,-1,1,-1
201520M003925,2,9,0,18,0,8,0,0,0,0,1,1,6,1,58,9,2494,1,11,-1,1,-1
201520M003935,1,9,0,9,0,8,0,0,0,0,4,1,6,1,79,11,998,1,1,-1,1,-1
201520M003935,2,8,0,18,0,8,0,0,0,0,1,1,1,1,31,6,2499,2,8,-1,1,-1
201520M003945,1,9,0,9,0,5,1,0,0,0,4,1,6,2,42,7,2143,2,1,-1,2,-1
201520M003945,2,9,0,18,0,8,0,0,0,0,1,1,6,1,31,6,998,1,1,-1,1,-1
201520M003965,1,8,0,18,0,2,0,0,0,0,1,1,1,1,37,7,2402,2,9,-1,1,-1
201520M003975,1,3,0,18,0,2,0,0,0,0,1,1,6,1,17,4,125,1,3,-1,1,-1
201520M003975,2,9,0,4,0,2,0,0,0,0,2,1,6,1,31,6,1968,2,4,-1,1,-1
201520M004055,1,9,0,18,0,0,0,0,0,0,1,1,2,2,47,8,1399,2,6,-1,1,-1
201520M004125,1,9,0,4,0,1,0,0,0,0,1,1,6,2,39,7,1149,1,6,-1,1,-1
201520M004125,2,5,0,3,0,1,0,0,0,0,2,1,6,1,40,7,748,1,14,-1,1,-1
201520M004125,3,9,0,3,0,1,0,0,0,0,2,1,6,1,36,7,1596,1,10,-1,1,-1
201520M004125,4,9,0,3,0,1,0,0,0,0,2,1,6,1,44,7,1596,1,15,-1,1,-1
201520M004175,1,9,0,18,0,0,0,0,0,0,1,1,6,2,-1,-1,-1,-1,-1,-1,1,-1
201520M004185,1,9,0,18,0,2,0,0,0,0,1,1,6,1,42,7,2300,1,18,-1,1,-1
201520M004195,1,9,0,4,4,1,0,0,0,0,4,1,2,2,28,6,1596,1,2,-1,1,-1
201520M004195,2,1,0,18,4,1,1,0,1,0,1,1,2,1,33,6,-1,-1,-1,-1,2,-1
201520M004215,1,8,0,18,0,1,0,0,0,0,1,1,1,1,63,9,2664,2,14,-1,1,-1
201520M004415,1,19,0,9,0,6,0,0,0,0,1,1,1,1,74,10,1248,2,2,-1,1,-1
201520M004415,2,1,0,18,0,8,0,0,0,0,4,1,6,1,47,8,-1,-1,-1,-1,1,-1
201520M004435,1,9,0,18,0,0,5,10,1,4,1,1,6,1,58,9,1422,2,7,-1,1,-1
201520M004515,1,19,0,4,0,3,1,0,0,0,1,1,1,1,39,7,-1,-1,-1,-1,1,-1
201520M004515,2,9,0,4,0,3,0,0,0,0,2,1,2,2,58,9,1364,1,8,-1,1,-1
201520M004525,1,9,0,5,0,4,0,0,0,0,1,1,2,1,55,8,1364,1,9,-1,1,-1
201520M004525,2,1,0,18,0,8,0,0,0,0,4,1,6,1,29,6,-1,-1,-1,-1,1,-1
201520M004535,1,9,0,18,0,3,1,10,2,10,1,1,6,1,18,4,-1,-1,-1,-1,1,-1
201520M004565,1,9,0,18,0,8,0,0,0,0,1,1,6,3,-1,-1,-1,-1,-1,-1,-1,-1
201520M004565,2,19,0,18,0,8,0,0,0,0,4,1,1,1,43,7,2143,2,4,-1,1,-1
201520M004575,1,9,0,5,0,0,0,0,0,0,4,1,6,1,-1,-1,1587,1,14,-1,-1,-1
201520M004575,2,8,0,18,0,0,0,0,0,0,3,1,1,1,51,8,2499,2,7,-1,-1,-1
201520M004625,1,11,0,7,0,1,0,0,0,0,0,1,1,1,45,7,7300,2,2,-1,1,-1
201520M004635,1,9,0,18,0,1,1,10,1,2,1,1,6,1,-1,-1,1997,1,8,-1,-1,-1
201520M004635,2,9,0,2,0,2,0,0,0,0,2,1,6,3,-1,-1,1390,1,15,-1,-1,-1
201520M004645,1,1,0,18,0,1,5,10,1,0,4,1,6,2,-1,-1,-1,-1,-1,-1,1,-1
201520M004645,2,9,0,7,0,1,0,0,0,0,1,1,6,2,34,6,1598,1,7,-1,1,-1
201520M004655,1,9,0,9,0,6,0,0,0,0,1,1,1,2,20,4,1248,2,6,-1,1,-1
201520M004655,2,1,0,18,0,8,0,0,0,0,4,1,6,1,27,6,-1,-1,-1,-1,1,-1
201520M004665,1,9,0,17,0,4,0,0,0,0,3,1,1,1,59,9,998,1,2,-1,1,-1
201520M004665,2,19,0,18,0,3,0,0,0,0,1,1,1,1,25,5,2287,2,4,-1,1,-1
201520M004675,1,9,0,9,0,6,0,0,0,0,3,1,6,2,23,5,1242,1,1,-1,1,-1
201520M004675,2,9,0,18,0,8,0,0,0,0,1,1,6,1,23,5,1597,1,26,-1,1,-1
201520M004685,1,9,0,18,0,7,0,0,0,0,1,1,6,1,46,8,-1,-1,-1,-1,1,-1
201520M004685,2,9,0,18,0,8,0,0,0,0,2,1,6,1,48,8,1991,2,6,-1,1,-1
201520M004685,3,9,0,18,0,7,0,0,0,0,0,1,6,3,-1,-1,-1,-1,-1,-1,-1,-1
201520M004705,1,9,0,9,0,7,0,0,0,0,1,1,6,1,20,4,973,1,12,-1,1,-1
201520M004705,2,3,0,14,0,8,0,0,0,0,4,1,1,1,24,5,124,1,2,-1,1,-1
201520M004715,1,9,0,18,0,2,0,0,0,0,1,1,6,1,46,8,1796,1,16,-1,1,-1
201520M004715,2,9,0,3,0,2,0,0,0,0,2,1,6,1,53,8,1998,1,11,-1,1,-1
201520M004725,1,9,0,11,0,1,1,0,0,0,1,1,6,1,53,8,998,1,3,-1,1,-1
201520M004725,2,9,0,3,0,1,0,0,0,0,2,1,6,1,61,9,2457,1,15,-1,1,-1
201520M004735,1,9,0,4,0,1,1,0,0,0,1,1,6,3,-1,-1,1896,2,6,-1,-1,-1
201520M004735,2,9,0,3,0,1,0,0,0,0,2,1,1,1,50,8,2993,2,3,-1,1,-1
201520M004755,1,9,0,18,0,8,0,0,0,0,1,1,6,2,27,6,1796,1,15,-1,1,-1
201520M004755,2,9,0,9,0,8,0,7,0,1,1,1,2,1,34,6,-1,-1,-1,-1,1,-1
201520M004755,3,9,0,3,0,2,0,0,0,0,1,1,6,1,37,7,1560,2,1,-1,1,-1
201520M004765,1,9,0,18,0,1,0,0,0,0,1,1,6,1,34,6,1400,1,16,-1,1,-1
201520M004765,2,21,1,3,0,1,0,0,0,0,2,1,1,1,54,8,12740,2,3,-1,1,-1
201520M004805,1,9,0,18,0,1,0,0,0,0,1,1,6,1,-1,-1,1896,2,15,-1,-1,-1
201520M004805,2,9,0,18,0,1,0,0,0,0,2,1,6,1,41,7,-1,-1,-1,-1,1,-1
201520M004865,1,9,0,18,0,8,0,0,0,0,1,1,6,2,19,4,1390,1,11,-1,1,-1
201520M004865,2,9,0,9,0,6,0,0,0,0,3,1,6,1,45,7,1796,1,12,-1,1,-1
201520M004895,1,9,0,18,0,0,0,0,0,0,1,1,6,2,27,6,1896,2,9,-1,1,-1
201520M004895,2,9,0,18,0,0,0,0,0,0,3,1,6,1,67,10,1997,2,12,-1,1,-1
201520M004915,1,3,0,4,0,1,1,10,0,0,1,1,6,1,22,5,124,1,6,-1,1,-1
201520M004915,2,9,0,4,0,1,0,0,0,0,2,1,1,2,54,8,998,1,2,-1,1,-1
201520M004975,1,9,0,18,0,0,0,0,0,0,1,1,6,1,31,6,1999,1,8,-1,1,-1
201520M004975,2,9,0,18,0,0,0,0,0,0,2,1,6,1,25,5,1995,2,5,-1,1,-1
201520M004985,1,19,0,18,0,8,0,0,0,0,1,1,6,1,28,6,-1,-1,-1,-1,1,-1
201520M004985,2,9,0,1,0,8,0,0,0,0,1,1,6,2,27,6,1200,1,1,-1,1,-1
201520M004985,3,9,0,4,0,1,0,0,0,0,1,1,1,1,-1,-1,1956,2,3,-1,1,-1
201520M004985,4,9,0,4,0,1,0,0,0,0,1,1,1,1,-1,-1,1956,2,3,-1,1,-1
201520M004985,5,19,0,4,0,1,0,0,0,0,1,1,1,1,-1,-1,1997,2,3,-1,-1,-1
201520M005285,1,9,0,18,0,0,0,0,0,0,1,1,6,1,19,4,1596,1,9,-1,1,-1
201520M005365,1,9,0,9,0,5,0,0,0,0,1,1,6,2,70,10,1390,1,8,-1,1,-1
201520M005365,2,9,0,18,0,8,0,0,0,0,3,1,6,1,25,5,-1,-1,-1,-1,1,-1
201520M005375,1,9,0,7,0,6,0,0,0,0,3,1,2,2,59,9,1390,1,6,-1,1,-1
201520M005385,1,9,0,18,0,1,0,0,0,0,1,1,6,1,-1,-1,1973,1,18,-1,-1,-1
201520M005385,2,9,0,3,0,1,0,0,0,0,2,1,6,1,35,6,1560,2,9,-1,1,-1
201520M005405,1,9,0,18,0,2,0,0,0,0,4,1,1,1,36,7,-1,-1,-1,-1,1,-1
201520M005415,1,19,0,5,0,4,0,0,0,0,1,1,1,1,47,8,1968,2,1,-1,1,-1
201520M005415,2,5,0,18,0,8,0,0,7,0,4,1,1,1,50,8,1255,1,6,-1,1,-1
201520M005425,1,10,0,18,0,0,0,0,0,0,1,1,6,1,-1,-1,-1,-1,-1,-1,-1,-1
201520M005475,1,2,0,16,0,0,0,4,0,0,1,1,2,1,19,4,49,1,11,-1,1,-1
201520M005475,2,19,0,2,0,0,0,0,0,0,4,1,6,1,50,8,1997,2,8,-1,1,-1
201520M005505,1,9,0,9,0,6,0,0,0,0,1,1,6,1,-1,-1,1360,1,8,-1,-1,-1
201520M005505,2,9,0,5,0,8,0,0,0,0,1,1,3,1,59,9,1910,2,7,-1,1,-1
201520M005515,1,9,0,18,0,0,0,0,0,0,1,1,6,3,-1,-1,1781,1,14,-1,-1,-1
201520M005515,2,9,0,4,0,0,0,0,0,0,2,1,6,2,19,4,1398,2,10,-1,1,-1
201520M005565,1,21,4,7,0,3,0,7,7,1,1,1,1,1,45,7,7146,2,5,-1,1,-1
201520M005565,2,9,0,18,0,1,0,0,0,0,3,1,6,1,20,4,1798,1,1,-1,2,-1
201520M005565,3,9,0,18,0,1,0,0,0,0,1,1,6,1,57,9,1997,1,1,-1,3,-1
201520M005565,4,9,0,2,0,1,0,0,0,0,1,1,6,2,-1,-1,1995,2,10,-1,-1,-1
201520M005885,1,9,0,7,9,6,0,0,0,0,1,1,6,2,-1,-1,-1,-1,-1,-1,-1,-1
201520M005885,2,1,0,18,9,8,0,0,0,0,3,1,6,2,16,4,-1,-1,-1,-1,1,-1
201520M005945,1,21,1,7,0,8,0,0,0,0,3,1,6,1,58,9,12900,2,8,-1,1,-1
201520M005945,2,9,0,18,0,8,1,10,1,7,1,1,2,1,44,7,1998,2,7,-1,1,-1
201520M006035,1,9,0,18,0,0,0,0,0,0,1,1,6,2,45,7,-1,-1,-1,-1,2,-1
201520M006035,2,9,0,18,0,0,0,10,1,10,1,1,6,2,24,5,1364,1,7,-1,1,-1
201520M006085,1,9,0,18,0,0,0,0,0,0,1,1,6,2,65,9,1229,1,5,-1,1,-1
201520M006105,1,9,0,5,0,1,0,0,0,0,1,1,6,1,-1,-1,-1,-1,-1,-1,-1,-1
201520M006105,2,9,0,5,0,1,0,0,0,0,2,1,6,2,26,6,1396,1,12,-1,1,-1
201520M006115,1,9,0,4,0,2,0,0,0,0,1,1,2,2,25,5,1796,1,9,-1,1,-1
201520M006115,2,9,0,4,0,2,0,0,0,0,2,1,2,2,45,7,1586,1,1,-1,1,-1
201520M006115,3,9,0,3,0,2,0,0,0,0,2,1,2,2,60,9,1968,2,1,-1,1,-1
201520M006115,4,9,0,3,0,2,0,0,0,0,2,1,2,2,29,6,1229,1,7,-1,1,-1
201520M006125,1,9,0,18,0,2,0,10,0,0,1,1,6,3,-1,-1,-1,-1,-1,-1,-1,-1
201520M006145,1,9,0,9,9,2,0,10,1,0,4,1,6,1,-1,-1,3239,1,18,-1,-1,-1
201520M006205,1,9,0,18,0,8,0,0,0,0,1,1,6,1,41,7,2902,2,10,-1,1,-1
201520M006205,2,9,0,18,0,8,0,0,0,0,4,1,1,1,-1,-1,1248,2,3,-1,1,-1
201520M006225,1,9,0,9,9,2,0,0,0,0,1,1,6,3,-1,-1,-1,-1,-1,-1,-1,-1
201520M006275,1,9,0,1,0,1,0,0,0,0,2,1,2,1,48,8,2000,2,9,-1,1,-1
201520M006285,1,1,0,18,0,0,0,0,0,0,4,1,1,1,20,4,-1,-1,-1,-1,1,-1
201520M006285,2,9,0,18,0,0,0,0,0,0,1,1,1,2,27,6,1398,2,8,-1,1,-1
201520M006295,1,9,0,18,0,3,0,0,0,0,1,1,6,1,-1,-1,1596,1,6,-1,-1,-1
201520M006295,2,9,0,18,0,3,0,10,1,0,2,1,1,2,18,4,1242,1,4,-1,1,-1
201520M006325,1,9,0,5,0,1,0,0,0,0,1,1,6,1,-1,-1,-1,-1,-1,-1,-1,-1
201520M006325,2,1,0,18,0,1,0,0,0,0,2,1,2,1,27,6,-1,-1,-1,-1,1,-1
201520M006335,1,19,0,1,0,0,0,0,0,0,2,1,6,1,35,6,-1,-1,-1,-1,-1,-1
201520M006455,1,9,0,18,0,0,0,0,0,0,1,1,6,1,-1,-1,-1,-1,-1,-1,-1,-1
201520M006475,1,9,0,4,0,2,1,0,0,0,1,1,2,1,28,6,1995,2,8,-1,1,-1
201520M006475,2,3,0,3,0,2,2,0,0,0,2,1,6,2,62,9,125,1,1,-1,1,-1
201520M006475,3,9,0,3,0,2,0,0,0,0,2,1,2,1,24,5,1598,1,3,-1,2,-1
201520M006485,1,9,0,9,0,8,0,0,0,0,4,1,6,2,34,6,1560,2,1,-1,1,-1
201520M006485,2,1,0,18,0,8,0,0,0,0,1,1,6,1,16,4,-1,-1,-1,-1,1,-1
201520M006495,1,9,0,17,0,0,1,7,4,2,1,1,6,1,28,6,-1,-1,-1,-1,-1,-1
201520M006535,1,9,0,18,0,2,0,0,0,0,1,1,6,1,66,10,1242,1,19,-1,1,-1
201520M006535,2,9,0,3,0,2,0,0,0,0,2,1,1,2,48,8,1248,2,1,-1,1,-1
201520M006545,1,9,0,18,0,0,0,0,0,0,1,1,6,1,31,6,1398,1,-1,-1,1,-1
201520M006545,2,9,0,18,0,0,0,0,0,0,1,1,6,2,48,8,2460,2,10,-1,1,-1
201520M006555,1,9,0,5,0,8,0,0,0,0,1,1,6,3,-1,-1,-1,-1,-1,-1,-1,-1
201520M006555,2,1,0,18,0,8,2,0,0,0,2,1,2,2,34,6,-1,-1,-1,-1,1,-1
201520M006565,1,9,0,18,0,0,0,0,0,0,1,1,6,1,31,6,1998,2,7,-1,1,-1
201520M006565,2,9,0,18,0,0,0,0,0,0,2,1,1,1,63,9,-1,-1,-1,-1,1,-1
201520M006575,1,9,0,13,0,0,0,0,0,0,4,1,1,1,59,9,-1,-1,-1,-1,1,-1
201520M006575,2,9,0,18,0,0,0,0,0,0,3,1,1,1,44,7,1800,1,9,-1,1,-1
201520M006585,1,9,0,9,0,5,0,0,0,0,4,1,6,1,18,4,1124,1,11,-1,1,-1
201520M006585,2,9,0,18,0,8,0,0,0,0,1,1,6,2,30,6,1598,1,12,-1,1,-1
201520M006585,3,9,0,4,0,1,0,0,0,0,4,1,6,2,32,6,1399,2,4,-1,1,-1
201520M006595,1,9,0,18,0,8,0,0,0,0,1,1,6,3,-1,-1,-1,-1,-1,-1,-1,-1
201520M006615,1,9,0,18,0,0,0,0,0,0,1,1,6,3,-1,-1,-1,-1,-1,-1,-1,-1
201520M006615,2,9,0,2,0,0,0,0,0,0,0,1,6,2,45,7,1997,2,10,-1,1,-1
201520M006635,1,9,0,18,0,0,0,0,0,0,1,1,6,1,28,6,2521,1,8,-1,1,-1
201520M006635,2,9,0,18,0,0,0,0,0,0,1,1,6,1,55,8,1796,1,8,-1,1,-1
201520M006715,1,9,0,18,0,1,0,0,0,0,1,1,2,2,41,7,1598,1,13,-1,1,-1
201520M006735,1,9,0,18,0,0,0,0,0,0,1,1,2,1,48,8,1995,2,5,-1,1,-1
201520M006735,2,19,0,3,0,0,0,0,0,0,2,1,1,1,62,9,2198,2,4,-1,1,-1
201520M006735,3,9,0,3,0,0,0,0,0,0,2,1,2,1,52,8,1560,2,2,-1,1,-1
201520M006735,4,19,0,3,0,0,0,0,0,0,2,1,2,1,28,6,1896,2,7,-1,1,-1
201520M006735,5,9,0,3,0,0,0,0,0,0,2,1,6,1,45,7,1242,1,3,-1,1,-1
201520M006745,1,19,0,12,0,8,0,0,0,0,2,1,6,3,-1,-1,-1,-1,-1,-1,-1,-1
201520M006745,2,9,0,17,0,8,0,0,0,0,1,1,6,2,36,7,1242,1,1,-1,1,-1
201520M006765,1,9,0,9,0,8,0,0,0,0,1,1,6,2,38,7,-1,-1,-1,-1,1,-1
201520M006765,2,9,0,18,0,8,0,0,0,0,3,1,6,2,40,7,1461,2,7,-1,1,-1
201520M006785,1,9,0,18,0,3,1,2,1,1,4,1,6,1,31,6,1390,1,14,-1,1,-1
201520M006795,1,9,0,18,0,0,0,4,1,10,1,1,6,1,35,6,1968,2,4,-1,3,-1
201520M006795,2,9,0,2,0,0,0,0,0,0,2,1,6,1,-1,-1,1360,1,8,-1,-1,-1
201520M006795,3,9,0,2,0,0,0,0,0,0,1,1,6,1,-1,-1,2993,2,5,-1,-1,-1
201520M007015,1,9,0,18,0,1,0,0,0,0,1,1,6,2,30,6,1796,1,7,-1,1,-1
201520M007015,2,9,0,4,0,1,0,0,0,0,2,1,6,1,56,9,1997,2,3,-1,1,-1
201520M007075,1,9,0,18,0,0,0,0,0,0,1,1,6,1,26,6,1900,2,15,-1,1,-1
201520M007075,2,1,0,18,0,0,0,0,0,0,4,1,4,1,13,3,-1,-1,-1,-1,1,-1
201520M007125,1,9,0,12,0,8,0,0,0,0,1,1,6,2,45,7,-1,-1,-1,-1,1,-1
201520M007125,2,9,0,12,0,8,0,0,0,0,2,1,6,2,-1,-1,998,1,10,-1,1,-1
201520M007145,1,9,0,18,0,0,0,4,0,0,1,1,6,1,17,4,1396,1,14,-1,1,-1
201520M007145,2,9,0,2,0,0,0,0,0,0,2,1,6,2,50,8,1390,1,4,-1,1,-1
201520M007195,1,9,0,7,0,3,0,0,0,0,2,1,6,2,29,6,1388,1,9,-1,1,-1
201520M007195,2,1,0,18,0,8,0,0,0,0,1,1,6,1,18,4,-1,-1,-1,-1,1,-1
201520M007225,1,9,0,18,0,8,0,0,0,0,1,1,6,1,-1,-1,1596,1,11,-1,-1,-1
201520M007225,2,9,0,3,0,8,0,0,0,0,2,1,6,2,39,7,2494,1,16,-1,1,-1
201520M007265,1,9,0,18,0,0,0,0,0,0,4,1,6,1,19,4,1600,1,11,-1,1,-1
201520M007265,2,1,0,5,0,0,0,0,0,0,1,1,6,1,75,10,-1,-1,-1,-1,1,-1
201520M007275,1,9,0,5,0,4,0,0,0,0,3,1,6,2,51,8,1124,1,11,-1,1,-1
201520M007275,2,9,0,9,0,3,0,0,0,0,1,1,6,2,18,4,998,1,-1,-1,-1,-1
201520M007285,1,19,0,1,9,0,0,0,0,0,2,1,6,2,-1,-1,1870,2,10,-1,1,-1
201520M007285,2,9,0,2,9,0,0,0,0,0,4,1,6,1,26,6,1598,1,9,-1,1,-1
201520M007295,1,9,0,18,0,0,0,4,0,0,1,1,6,1,-1,-1,1896,2,15,-1,-1,-1
201520M007295,2,19,0,2,6,0,0,0,0,0,2,1,6,1,39,7,1560,2,-1,-1,-1,-1
201520M007305,1,9,0,18,0,0,0,0,0,0,1,1,6,1,27,6,1149,1,13,-1,1,-1
201520M007305,2,9,0,18,0,0,0,0,0,0,2,1,6,2,19,4,1390,1,2,-1,1,-1
201520M007305,3,9,0,4,0,0,0,0,0,0,0,1,6,1,51,8,1596,1,11,-1,1,-1
201520M007315,1,1,0,18,9,1,0,0,0,0,1,1,1,1,19,4,-1,-1,-1,-1,1,-1
201520M007315,2,9,0,4,0,1,0,0,0,0,4,1,1,1,58,9,1796,1,16,-1,1,-1
201520M007325,1,9,0,18,0,1,0,0,0,0,1,1,6,3,-1,-1,-1,-1,-1,-1,-1,-1
201520M007325,2,9,0,3,0,1,0,0,0,0,2,1,1,1,22,5,1242,1,1,-1,2,-1
201520M007335,1,9,0,9,0,8,0,0,0,0,3,1,1,1,37,7,-1,-1,-1,-1,1,-1
201520M007335,2,5,0,13,0,8,0,0,0,0,1,1,6,1,43,7,520,1,8,-1,1,-1
201520M007345,1,9,0,7,0,5,0,0,0,0,1,1,1,1,43,7,1919,2,7,-1,1,-1
201520M007355,1,19,0,1,0,0,0,0,0,0,2,1,6,1,-1,-1,-1,-1,-1,-1,1,-1
201520M007355,2,9,0,18,0,0,0,0,0,0,4,1,6,2,28,6,1360,1,7,-1,1,-1
201520M007395,1,9,0,4,0,0,0,0,0,0,1,1,6,2,-1,-1,1240,1,12,-1,-1,-1
201520M007395,2,9,0,3,0,0,0,0,0,0,2,1,2,2,23,5,1242,1,2,-1,1,-1
201520M007405,1,9,0,18,0,2,0,0,0,0,4,1,1,1,60,9,-1,-1,-1,-1,1,-1
201520M007415,1,9,0,18,0,0,0,0,0,0,4,1,6,1,81,11,1339,1,5,-1,1,-1
201520M007425,1,9,0,7,0,1,0,0,0,0,4,1,6,1,24,5,1596,1,4,-1,1,-1
201520M007425,2,1,0,18,0,1,0,0,0,0,1,1,6,1,45,7,-1,-1,-1,-1,1,-1
201520M007445,1,9,0,4,0,0,0,0,0,0,2,1,1,2,34,6,998,1,2,-1,3,-1
201520M007445,2,9,0,4,0,0,0,0,0,0,2,1,1,1,20,4,1595,1,15,-1,1,-1
201520M007445,3,9,0,4,0,0,0,0,0,0,2,1,1,1,50,8,1686,2,3,-1,1,-1
201520M007455,1,9,0,18,0,0,0,0,0,0,4,1,1,1,35,6,1997,2,2,-1,1,-1
201520M007465,1,9,0,9,0,6,0,0,0,0,3,1,1,1,45,7,1124,1,15,-1,1,-1
201520M007465,2,3,0,17,0,8,1,0,0,0,4,1,1,1,48,8,125,1,1,-1,1,-1
201520M007475,1,9,0,18,0,0,0,0,0,0,1,1,6,2,35,6,1984,2,6,-1,1,-1
201520M007485,1,9,0,9,0,6,0,0,0,0,1,1,6,1,-1,-1,1332,1,17,-1,-1,-1
201520M007485,2,1,0,17,0,8,2,0,0,0,4,1,1,1,43,7,-1,-1,-1,-1,1,-1
201520M007495,1,9,0,18,0,0,0,0,0,0,1,1,6,1,22,5,1997,2,12,-1,1,-1
201520M007495,2,1,0,18,0,0,0,0,0,0,1,1,6,1,45,7,-1,-1,-1,-1,1,-1
201520M007515,1,9,0,3,0,0,0,0,0,0,2,1,6,1,27,6,1598,2,3,-1,1,-1
201520M007515,2,9,0,18,0,0,0,0,0,0,1,1,6,2,-1,-1,998,1,1,-1,1,-1
201520M007525,1,11,0,18,0,3,0,0,0,0,1,1,6,1,-1,-1,-1,-1,-1,-1,-1,-1
201520M007535,1,9,0,18,0,0,0,10,1,4,1,1,6,2,33,6,1797,8,6,-1,-1,-1
201520M007545,1,9,0,18,0,1,0,0,0,0,1,1,6,2,-1,-1,1389,1,13,-1,1,-1
201520M007545,2,9,0,3,0,1,0,0,0,0,2,1,6,1,23,5,1242,1,10,-1,1,-1
201520M007545,3,9,0,3,0,1,0,0,0,0,2,1,6,1,-1,-1,1397,1,8,-1,1,-1
201520M007555,1,8,0,4,0,1,0,0,0,0,0,1,1,1,-1,-1,-1,-1,-1,-1,-1,-1
201520M007565,1,9,0,14,0,0,0,0,0,0,1,1,1,1,46,8,1900,2,13,-1,1,-1
201520M007575,1,9,0,9,0,6,0,0,0,0,1,1,6,1,70,10,1948,1,12,-1,1,-1