Accident_Index,Vehicle_Reference,Vehicle_Type,Towing_and_Articulation,Vehicle_Manoeuvre,Vehicle_Location-Restricted_Lane,Junction_Location,Skidding_and_Overturning,Hit_Object_in_Carriageway,Vehicle_Leaving_Carriageway,Hit_Object_off_Carriageway,1st_Point_of_Impact,Was_Vehicle_Left_Hand_Drive?,Journey_Purpose_of_Driver,Sex_of_Driver,Age_of_Driver,Age_Band_of_Driver,Engine_Capacity_(CC),Propulsion_Code,Age_of_Vehicle,Driver_IMD_Decile,Driver_Home_Area_Type,Vehicle_IMD_Decile
201520M011125,2,9,0,18,0,0,0,0,0,0,0,1,6,1,61,9,1388,1,2,-1,1,-1
201520M011125,3,9,0,2,0,0,0,0,0,0,4,1,6,1,-1,-1,1598,1,13,-1,1,-1
201520M011125,4,9,0,2,0,0,0,0,0,0,3,1,6,2,-1,-1,1598,1,11,-1,-1,-1
201520M011205,1,9,0,7,0,6,0,0,0,0,0,1,6,2,-1,-1,-1,-1,-1,-1,-1,-1
201520M011205,2,9,0,18,0,2,1,0,0,0,3,1,6,3,-1,-1,-1,-1,-1,-1,-1,-1
201520M011205,3,9,0,18,0,1,0,0,0,0,3,1,6,2,48,8,1598,1,12,-1,1,-1
201520M011235,1,21,0,18,0,0,0,0,0,0,1,1,1,1,43,7,12809,2,1,-1,2,-1
201520M011255,1,9,0,16,0,7,0,7,0,0,1,1,6,1,48,8,1997,2,13,-1,1,-1
201520M011335,1,9,0,12,0,0,0,0,0,0,1,1,6,1,45,7,1242,1,12,-1,1,-1
201520M011335,2,9,0,4,0,0,0,0,0,0,2,1,6,1,39,7,875,1,2,-1,1,-1
201520M011335,3,9,0,4,0,0,0,0,0,0,2,1,6,2,36,7,2720,2,10,-1,1,-1
201520M011355,1,9,0,11,0,5,0,0,0,0,4,1,6,1,26,6,1388,1,11,-1,1,-1
201520M011355,2,3,0,12,0,7,0,0,0,0,1,1,6,1,21,5,124,1,2,-1,1,-1
201520M011415,1,9,0,18,0,0,0,4,0,0,1,1,6,2,35,6,1360,1,14,-1,1,-1
201520M011415,2,9,0,5,0,0,0,4,0,0,1,1,6,1,26,6,1242,1,19,-1,1,-1
201520M011415,3,9,0,2,0,0,0,0,0,0,3,1,6,1,-1,-1,1248,2,9,-1,-1,-1
201520M011415,4,9,0,2,0,0,0,0,0,0,4,1,6,1,-1,-1,1781,1,14,-1,-1,-1
201520M011425,1,19,0,18,0,1,1,0,0,0,1,1,6,1,30,6,1868,2,15,-1,1,-1
201520M011425,2,9,0,18,0,1,0,0,0,0,2,1,6,2,39,7,1598,2,2,-1,1,-1
201520M011435,1,9,0,18,0,0,0,0,0,0,1,1,6,1,35,6,2993,2,2,-1,1,-1
201520M011455,1,9,0,18,0,1,0,0,0,0,1,1,1,1,-1,-1,1968,2,2,-1,1,-1
201520M011455,2,9,0,10,0,1,0,0,0,0,2,1,2,1,40,7,1299,1,13,-1,1,-1
201520M011455,3,9,0,10,0,1,0,0,0,0,2,1,6,2,63,9,1229,1,8,-1,1,-1
201520M011465,1,9,0,18,0,0,0,0,0,0,4,1,6,3,-1,-1,-1,-1,-1,-1,-1,-1
201520M011475,1,9,0,18,0,3,0,0,0,0,1,1,6,1,22,5,1560,2,3,-1,3,-1
201520M011475,2,9,0,3,0,4,0,0,0,0,3,1,6,2,29,6,2148,2,7,-1,1,-1
201520M011495,1,9,0,18,0,0,0,10,1,2,1,1,6,1,38,7,1598,1,3,-1,1,-1
201520M011495,2,9,0,2,6,0,0,0,0,0,3,1,6,3,-1,-1,3456,8,5,-1,-1,-1
201520M011495,3,9,0,2,0,0,0,0,0,0,3,1,6,3,-1,-1,3456,8,5,-1,-1,-1
201520M011495,4,9,0,2,0,0,0,0,0,0,3,1,6,3,-1,-1,3456,8,3,-1,-1,-1
201520M011505,1,9,0,17,0,0,2,4,0,0,1,1,6,1,37,7,1390,1,7,-1,1,-1
201520M011505,2,9,0,2,0,0,0,0,0,0,1,1,6,2,71,10,2148,2,9,-1,2,-1
201520M011555,1,1,0,18,0,0,0,0,0,0,3,1,6,1,14,3,-1,-1,-1,-1,1,-1
201520M011555,2,9,0,13,0,0,0,0,0,0,4,1,6,1,-1,-1,-1,-1,-1,-1,1,-1
201520M011565,1,9,0,18,0,8,0,0,0,0,1,1,6,2,-1,-1,1984,1,7,-1,-1,-1
201520M011565,2,9,0,3,0,8,0,0,0,0,2,1,6,2,49,8,2496,2,13,-1,1,-1
201520M011575,1,11,0,2,6,0,0,0,0,0,0,1,1,1,32,6,8268,2,14,-1,1,-1
201520M011585,1,9,0,18,0,0,0,0,0,0,1,1,6,1,24,5,1197,1,1,-1,1,-1
201520M011585,2,9,0,18,0,0,0,0,0,0,1,1,6,1,19,4,2497,2,10,-1,1,-1
201520M011595,1,9,0,5,0,1,0,0,0,0,1,1,6,1,24,5,1596,1,8,-1,1,-1
201520M011595,2,1,0,18,0,1,0,0,0,0,1,1,6,1,13,3,-1,-1,-1,-1,1,-1
201520M011605,1,9,0,18,0,0,0,0,0,0,1,1,6,1,23,5,1968,2,7,-1,1,-1
201520M011615,1,9,0,5,0,0,0,0,0,0,1,1,6,1,75,10,1206,1,2,-1,1,-1
201520M011615,2,1,0,18,0,0,1,0,0,0,1,1,6,1,24,5,-1,-1,-1,-1,1,-1
201520M011625,1,3,0,13,0,8,0,0,0,0,1,1,6,1,20,4,124,1,1,-1,1,-1
201520M011625,2,9,0,9,0,5,0,0,0,0,3,1,6,1,-1,-1,1995,2,4,-1,1,-1
201520M011635,1,9,0,18,0,4,0,7,0,0,1,1,2,1,19,4,998,1,2,-1,3,-1
201520M011635,2,9,0,5,0,4,0,0,0,0,3,1,2,2,21,5,1896,2,10,-1,1,-1
201520M011645,1,9,0,3,0,1,0,0,0,0,2,1,6,1,53,8,1868,2,13,-1,1,-1
201520M011645,2,9,0,18,0,1,0,0,0,0,1,1,6,1,-1,-1,2464,1,18,-1,-1,-1
201520M011665,1,3,0,18,0,2,0,0,0,0,1,1,6,1,22,5,125,1,4,-1,1,-1
201520M011665,2,9,0,14,0,1,0,0,0,0,1,1,6,2,67,10,1398,1,1,-1,1,-1
201520M011665,3,19,0,2,0,1,0,0,0,0,0,1,6,3,-1,-1,2402,2,13,-1,-1,-1
201520M011685,1,9,0,18,0,2,0,0,0,0,1,1,2,2,32,6,1242,1,1,-1,1,-1
201520M011695,1,9,0,18,0,0,0,4,0,0,1,1,6,1,53,8,1398,2,10,-1,1,-1
201520M011695,2,8,0,2,0,0,0,0,0,0,1,1,2,1,54,8,2402,2,13,-1,1,-1
201520M011725,1,9,0,18,0,0,0,0,0,0,1,1,6,3,-1,-1,-1,-1,-1,-1,-1,-1
201520M011735,1,9,0,18,0,0,1,0,0,0,1,1,1,1,40,7,2199,2,6,-1,3,-1
201520M011735,2,19,0,4,0,0,0,0,0,0,2,1,1,1,-1,-1,1995,2,4,-1,-1,-1
201520M011735,3,9,0,4,0,0,0,0,0,0,2,1,6,2,43,7,2199,2,3,-1,3,-1
201520M011745,1,9,0,1,0,2,0,0,1,7,4,1,6,1,46,8,1800,1,16,-1,1,-1
201520M011775,1,9,0,9,0,8,0,0,0,0,3,1,6,1,29,6,-1,-1,-1,-1,1,-1
201520M011775,2,9,0,18,0,8,0,0,0,0,1,1,6,1,31,6,1587,1,10,-1,1,-1
201520M011785,1,1,0,18,0,1,0,0,0,0,1,1,2,1,27,6,-1,-1,-1,-1,1,-1
201520M011785,2,9,0,3,0,1,0,0,0,0,4,1,6,1,40,7,1995,2,11,-1,1,-1
201520M011795,1,9,0,18,0,0,1,0,1,0,3,1,6,2,41,7,1240,1,12,-1,1,-1
201520M011795,2,9,0,18,0,0,0,0,0,0,1,1,6,1,35,6,2143,2,1,-1,1,-1
201520M011815,1,9,0,18,0,4,0,0,0,0,3,1,6,3,-1,-1,1598,1,7,-1,-1,-1
201520M011815,2,9,0,18,0,8,0,0,0,0,1,1,6,2,60,9,1968,2,9,-1,1,-1
201520M011895,1,9,0,5,0,0,0,0,0,0,1,1,6,2,24,5,1242,1,7,-1,1,-1
201520M011895,2,1,0,18,0,0,0,0,0,0,1,1,6,1,14,3,-1,-1,-1,-1,1,-1
201520M011905,1,9,0,16,9,0,1,0,8,10,1,1,6,3,-1,-1,1390,1,12,-1,-1,-1
201520M011905,2,9,0,2,9,0,0,0,0,0,2,1,6,2,46,8,1598,2,1,-1,1,-1
201520M011925,1,3,0,15,2,8,0,0,0,0,0,1,6,1,48,8,124,1,2,-1,1,-1
201520M011925,2,19,0,7,0,5,0,0,0,0,0,1,1,1,27,6,-1,-1,-1,-1,-1,-1
201520M011935,1,9,0,2,0,0,0,0,0,0,4,1,6,1,-1,-1,-1,-1,-1,-1,-1,-1
201520M011945,1,8,0,5,0,1,0,0,0,0,1,1,1,1,38,7,2499,2,4,-1,1,-1
201520M011945,2,9,0,18,0,2,0,0,0,0,1,1,6,1,38,7,1596,1,14,-1,1,-1
201520M012025,1,9,0,18,0,4,0,0,0,0,1,1,6,1,-1,-1,1798,1,7,-1,1,-1
201520M012025,2,1,0,18,0,3,0,0,0,0,4,1,1,1,28,6,-1,-1,-1,-1,1,-1
201520M012035,1,9,0,18,0,2,0,4,0,0,1,1,6,2,31,6,1598,1,-1,-1,1,-1
201520M012035,2,9,0,2,0,1,0,0,0,0,1,1,6,1,-1,-1,2179,2,2,-1,1,-1
201520M012035,3,9,0,2,0,1,0,0,0,0,1,1,6,2,69,10,1560,2,8,-1,1,-1
201520M012045,1,8,0,5,0,2,0,0,0,0,1,1,1,1,38,7,2499,2,1,-1,1,-1
201520M012045,2,1,0,18,0,2,0,0,0,0,1,1,6,1,27,6,-1,-1,-1,-1,1,-1
201520M012055,1,11,0,7,0,1,0,10,4,1,3,1,6,3,-1,-1,8268,2,13,-1,-1,-1
201520M012075,1,9,0,4,0,0,0,0,0,0,1,1,6,2,-1,-1,1596,1,9,-1,-1,-1
201520M012075,2,1,0,4,0,0,0,0,0,0,1,1,6,1,23,5,-1,-1,-1,-1,1,-1
201520M012095,1,9,0,1,0,0,0,0,0,0,2,1,1,1,24,5,-1,-1,-1,-1,1,-1
201520M012095,2,90,0,18,0,0,0,0,0,0,1,1,6,1,54,8,-1,-1,-1,-1,1,-1
201520M012105,1,9,0,18,0,8,0,10,1,10,1,1,2,2,30,6,1198,1,11,-1,1,-1
201520M012105,2,9,0,9,0,6,0,0,0,0,0,1,6,3,-1,-1,-1,-1,-1,-1,-1,-1
201520M012155,1,9,0,18,0,0,0,0,0,0,4,1,6,2,34,6,1598,1,5,-1,-1,-1
201520M012175,1,9,0,18,0,8,0,0,0,0,1,1,6,2,40,7,1997,2,11,-1,1,-1
201520M012175,2,9,0,9,0,5,0,0,0,0,4,1,6,1,-1,-1,1995,2,12,-1,1,-1
201520M012195,1,19,0,18,0,0,5,0,0,0,1,1,1,1,51,8,2148,2,7,-1,1,-1
201520M012195,2,9,0,18,0,0,0,0,0,0,1,1,6,1,26,6,1461,2,10,-1,1,-1
201520M012205,1,9,0,18,0,3,0,10,1,0,1,1,6,1,45,7,1968,2,3,-1,1,-1
201520M012205,2,9,0,18,0,3,0,0,0,0,0,1,1,1,-1,-1,1956,2,3,-1,-1,-1
201520M012215,1,9,0,18,0,8,0,0,0,0,1,1,6,1,24,5,998,1,10,-1,1,-1
201520M012215,2,3,0,18,0,6,5,0,0,0,4,1,6,1,21,5,125,1,-1,-1,1,-1
201520M012225,1,5,0,18,0,0,0,0,0,0,1,1,6,1,38,7,599,1,13,-1,1,-1
201520M012225,2,9,0,18,0,0,0,0,0,0,1,1,6,2,49,8,1598,1,11,-1,1,-1
201520M012275,1,9,0,18,0,1,0,0,0,0,1,1,4,1,-1,-1,1598,1,10,-1,-1,-1
201520M012275,2,9,0,18,0,1,0,0,0,0,2,1,6,1,-1,-1,1997,2,1,-1,1,-1
201520M012275,3,9,0,4,0,1,0,0,0,0,2,1,6,1,23,5,1360,1,6,-1,1,-1
201520M012305,1,9,0,11,0,1,0,0,0,0,1,1,6,1,31,6,1124,1,13,-1,1,-1
201520M012305,2,9,0,11,0,1,0,0,0,0,2,1,2,2,36,7,1349,1,9,-1,1,-1
201520M012315,1,9,0,18,0,1,1,0,0,0,1,1,6,1,24,5,1596,1,7,-1,1,-1
201520M012315,2,9,0,10,0,1,0,0,0,0,2,1,6,2,23,5,998,1,9,-1,1,-1
201520M012325,1,9,0,9,0,6,0,0,0,0,1,1,6,2,40,7,1598,2,4,-1,1,-1
201520M012325,2,9,0,18,0,8,0,0,0,0,3,1,6,2,77,11,998,1,5,-1,1,-1
201520M012335,1,9,0,1,0,6,0,0,0,0,2,1,6,1,52,8,998,1,-1,-1,1,-1
201520M012335,2,9,0,9,0,6,0,0,0,0,1,1,1,1,60,9,1870,2,11,-1,1,-1
201520M012385,1,9,0,18,0,3,2,7,7,10,1,1,6,1,28,6,1796,1,13,-1,1,-1
201520M012405,1,3,0,16,0,0,1,0,0,0,1,1,2,1,20,4,124,1,6,-1,1,-1
201520M012405,2,8,0,17,0,0,0,0,0,0,3,1,2,1,28,6,-1,-1,-1,-1,1,-1
201520M012415,1,3,0,18,0,8,0,0,0,0,4,1,1,1,27,6,120,1,8,-1,1,-1
201520M012415,2,9,0,9,0,8,0,0,0,0,3,1,1,1,27,6,-1,-1,-1,-1,1,-1
201520M012425,1,9,0,18,0,0,0,10,1,10,1,1,6,1,21,5,1587,1,9,-1,1,-1
201520M012445,1,9,0,18,0,1,0,10,1,0,1,1,6,1,28,6,1997,2,11,-1,1,-1
201520M012445,2,9,0,2,0,2,0,0,0,0,3,1,6,1,-1,-1,-1,-1,-1,-1,1,-1
201520M012445,3,9,0,2,0,2,0,0,0,0,1,1,6,2,-1,-1,1242,1,8,-1,1,-1
201520M012445,4,9,0,2,0,2,0,0,0,0,3,1,6,2,-1,-1,1248,1,4,-1,1,-1
201520M012445,5,9,0,2,0,2,0,0,0,0,1,1,6,1,-1,-1,1896,2,11,-1,1,-1
201520M012465,1,9,0,9,0,3,0,0,0,0,2,1,2,1,58,9,1242,1,15,-1,1,-1
201520M012465,2,9,0,18,0,3,0,0,0,0,1,1,6,1,24,5,1598,2,4,-1,1,-1
201520M012475,1,9,0,7,0,2,0,0,0,0,4,1,6,1,32,6,1850,1,15,-1,1,-1
201520M012475,2,1,0,18,0,2,0,0,0,0,1,1,6,2,26,6,-1,-1,-1,-1,1,-1
201520M012485,1,9,0,9,0,4,0,0,0,0,1,1,6,2,40,7,1242,1,12,-1,1,-1
201520M012485,2,1,0,18,0,4,0,0,0,0,1,1,2,1,41,7,-1,-1,-1,-1,1,-1
201520M012495,1,9,0,9,0,4,0,0,0,0,1,1,6,2,40,7,1242,1,12,-1,1,-1
201520M012495,2,1,0,18,0,4,0,0,0,0,3,1,2,1,41,7,-1,-1,-1,-1,1,-1
201520M012505,1,9,0,9,0,8,0,0,0,0,4,1,6,3,-1,-1,1995,2,1,-1,-1,-1
201520M012505,2,1,0,18,0,8,0,0,0,0,1,1,6,1,52,8,-1,-1,-1,-1,1,-1
201520M012515,1,9,0,18,0,1,0,0,0,0,1,1,6,1,24,5,1198,1,1,-1,1,-1
201520M012515,2,9,0,3,0,1,0,0,0,0,2,1,2,2,32,6,1995,2,5,-1,1,-1
201520M012565,1,9,0,9,0,2,0,0,0,0,3,1,6,1,-1,-1,2198,1,11,-1,-1,-1
201520M012565,2,9,0,3,0,1,0,0,0,0,3,1,2,1,41,7,1900,2,15,-1,1,-1
201520M012595,1,9,0,18,0,0,1,4,8,7,4,1,6,1,39,7,1995,2,5,-1,1,-1
201520M012595,2,21,1,2,6,0,0,0,0,0,2,1,6,1,49,8,10837,2,4,-1,1,-1
201520M012625,1,9,0,3,0,1,0,0,0,0,2,1,6,1,44,7,1596,1,5,-1,1,-1
201520M012625,2,9,0,4,0,1,0,0,0,0,1,1,6,1,-1,-1,1686,2,7,-1,1,-1
201520M012645,1,9,0,18,0,8,0,0,0,0,1,1,6,1,39,7,1796,1,9,-1,1,-1
201520M012645,2,9,0,9,0,8,0,0,0,0,4,1,6,1,19,4,1124,1,13,-1,1,-1
201520M012655,1,9,0,18,0,1,0,0,0,0,1,1,6,1,-1,-1,1984,1,14,-1,-1,-1
201520M012655,2,9,0,18,0,1,0,0,0,0,2,1,2,1,31,6,998,1,1,-1,1,-1
201520M012665,1,9,0,18,0,8,0,0,0,0,1,1,6,3,-1,-1,1598,2,-1,-1,-1,-1
201520M012665,2,9,0,16,0,8,0,0,0,0,4,1,6,2,23,5,1590,1,13,-1,1,-1
201520M012675,1,9,0,14,0,0,0,0,0,0,4,1,2,2,35,6,1242,1,-1,-1,1,-1
201520M012675,2,11,0,2,0,0,0,0,0,0,0,1,1,1,54,8,6696,2,1,-1,-1,-1
201520M012685,1,9,0,18,0,1,0,0,0,0,1,1,6,1,32,6,2179,2,1,-1,1,-1
201520M012695,1,9,0,18,0,1,1,0,0,0,4,1,6,2,-1,-1,1598,2,2,-1,-1,-1
201520M012705,1,9,0,18,0,1,0,0,0,0,1,1,6,1,39,7,1997,2,4,-1,1,-1
201520M012705,2,1,0,18,0,1,0,0,0,0,1,1,6,1,31,6,-1,-1,-1,-1,1,-1
201520M012725,1,9,0,5,0,8,0,0,0,0,1,1,2,2,20,4,998,1,12,-1,1,-1
201520M012725,2,9,0,18,0,8,0,4,7,0,1,1,6,2,34,6,1560,2,9,-1,1,-1
201520M012725,3,19,0,2,0,1,0,0,0,0,2,1,6,1,49,8,-1,-1,-1,-1,1,-1
201520M012725,4,9,0,2,0,1,0,0,0,0,2,1,6,2,51,8,998,1,1,-1,1,-1
201520M012815,1,1,0,5,0,0,5,0,0,0,4,1,6,1,14,3,-1,-1,-1,-1,-1,-1
201520M012815,2,9,0,18,0,0,0,0,0,0,1,1,6,1,34,6,2179,2,4,-1,1,-1
201520M012825,1,9,0,7,0,1,0,0,0,0,1,1,6,1,-1,-1,1391,1,14,-1,-1,-1
201520M012825,2,1,0,4,0,1,0,0,0,0,1,1,6,1,23,5,-1,-1,-1,-1,1,-1
201520M012835,1,3,0,18,9,0,0,4,1,0,1,1,6,3,-1,-1,125,1,-1,-1,-1,-1
201520M012835,2,9,0,2,9,0,0,0,0,0,2,1,6,1,49,8,1896,2,13,-1,1,-1
201520M012835,3,9,0,18,0,0,0,0,0,0,0,1,6,1,29,6,1995,2,11,-1,1,-1
201520M012855,1,9,0,14,0,0,0,0,0,0,4,1,6,3,-1,-1,1497,1,10,-1,2,-1
201520M012855,2,19,0,2,0,0,0,0,0,0,0,1,1,1,41,7,2198,2,3,-1,1,-1
201520M012865,1,9,0,18,0,8,0,0,0,0,1,1,6,2,32,6,1587,1,13,-1,1,-1
201520M012865,2,9,0,5,0,8,0,0,0,0,3,1,6,1,-1,-1,1341,1,16,-1,1,-1
201520M012875,1,9,0,9,0,8,0,0,0,0,4,1,6,1,30,6,1596,1,10,-1,1,-1
201520M012875,2,9,0,5,0,8,0,0,0,0,1,1,6,2,30,6,1796,1,7,-1,1,-1
201520M012885,1,5,0,18,0,1,2,0,0,0,3,1,6,1,24,5,599,1,17,-1,1,-1
201520M012895,1,9,0,18,0,8,0,0,0,0,1,1,6,1,29,6,-1,-1,-1,-1,1,-1
201520M012895,2,11,0,18,0,8,0,0,0,0,4,1,6,1,31,6,8268,2,14,-1,1,-1
201520M012905,1,9,0,18,0,8,1,0,0,0,1,1,6,1,27,6,1364,2,5,-1,1,-1
201520M012905,2,9,0,18,0,8,0,0,0,0,4,1,6,1,47,8,1587,1,13,-1,1,-1
201520M012915,1,9,0,9,0,8,0,0,0,0,1,1,6,2,31,6,999,1,3,-1,1,-1
201520M012915,2,9,0,18,0,8,5,10,2,4,3,1,6,1,50,8,1360,1,3,-1,1,-1
201520M012925,1,9,0,7,0,2,0,0,0,0,4,1,6,1,67,10,1896,2,14,-1,1,-1
201520M012925,2,1,0,18,0,2,0,0,0,0,1,1,6,1,37,7,-1,-1,-1,-1,1,-1
201520M012935,1,9,0,18,0,0,2,4,0,0,1,1,6,1,78,11,1197,1,4,-1,1,-1
201520M012935,2,9,0,2,0,0,0,0,0,0,2,1,6,3,-1,-1,1248,1,-1,-1,-1,-1
201520M012945,1,9,0,18,9,0,0,10,7,10,1,1,6,2,81,11,1390,1,11,-1,1,-1
201520M013065,1,11,0,18,0,2,0,0,0,0,4,1,1,1,46,8,9360,2,4,-1,1,-1
201520M013065,2,1,0,18,0,2,0,0,0,0,3,1,2,1,53,8,-1,-1,-1,-1,1,-1
201520M013075,1,9,0,18,0,1,0,0,0,0,1,1,6,3,-1,-1,2231,2,10,-1,-1,-1
201520M013075,2,1,0,18,0,1,0,0,0,0,2,1,6,1,47,8,-1,-1,-1,-1,1,-1
201520M013085,1,9,0,9,0,8,0,0,0,0,1,1,6,2,21,5,1388,1,10,-1,1,-1
201520M013085,2,9,0,18,0,8,0,0,0,0,1,1,6,1,50,8,1995,2,3,-1,-1,-1
201520M013095,1,9,0,18,0,8,0,0,0,0,1,1,6,2,41,7,1997,2,11,-1,1,-1
201520M013095,2,9,0,9,0,8,0,0,0,0,1,1,2,1,32,6,1749,1,12,-1,1,-1
201520M013125,1,90,0,5,0,8,0,0,0,0,1,1,6,1,29,6,-1,-1,-1,-1,1,-1
201520M013125,2,9,0,18,0,8,0,0,0,0,1,1,6,1,53,8,1986,2,10,-1,1,-1
201520M013165,1,9,0,16,0,8,1,6,7,7,1,1,2,1,27,6,1364,1,10,-1,1,-1
201520M013185,1,9,0,7,0,6,0,0,0,0,1,1,6,1,18,4,1895,1,14,-1,1,-1
201520M013185,2,9,0,3,0,8,0,0,0,0,3,1,6,1,77,11,998,1,-1,-1,1,-1
201520M013185,3,19,0,3,0,8,0,0,0,0,3,1,1,1,24,5,2198,2,-1,-1,1,-1
201520M013195,1,9,0,18,0,0,0,0,0,0,2,1,6,1,21,5,1560,2,-1,-1,1,-1
201520M013195,2,9,0,18,0,0,0,0,0,0,1,1,6,3,-1,-1,-1,-1,-1,-1,-1,-1
201520M013205,1,9,0,18,0,0,0,0,0,0,4,1,6,3,-1,-1,-1,-1,-1,-1,-1,-1
201520M013205,2,1,0,18,0,0,0,10,1,0,3,1,1,1,32,6,-1,-1,-1,-1,1,-1
201520M013215,1,9,0,14,0,0,5,4,0,0,4,1,6,1,31,6,1598,2,-1,-1,1,-1
201520M013215,2,9,0,2,0,0,0,10,0,0,3,1,6,2,65,9,1598,1,13,-1,1,-1
201520M013295,1,9,0,18,0,0,0,4,0,0,1,1,6,1,19,4,1395,1,2,-1,1,-1
201520M013295,2,9,0,3,0,0,0,0,0,0,2,1,6,1,20,4,998,1,12,-1,1,-1
201520M013295,3,9,0,5,0,0,0,0,0,0,1,1,6,2,36,7,1968,2,8,-1,1,-1
201520M013295,4,19,0,2,0,0,0,0,0,0,2,1,6,1,-1,-1,2151,2,14,-1,-1,-1
201520M013295,5,9,0,2,0,0,0,0,0,0,4,1,6,1,-1,-1,1596,1,13,-1,-1,-1
201520M013315,1,9,0,9,0,6,0,0,0,0,1,1,1,1,50,8,1364,2,8,-1,1,-1
201520M013315,2,4,0,18,0,8,0,0,0,0,4,1,6,1,54,8,278,1,-1,-1,1,-1
201520M013335,1,9,0,4,0,0,0,0,0,0,1,1,6,2,38,7,1995,2,2,-1,1,-1
201520M013335,2,9,0,3,0,0,0,0,0,0,2,1,6,1,21,5,1390,1,4,-1,1,-1
201520M013335,3,9,0,3,0,0,0,0,0,0,2,1,6,2,38,7,1896,2,14,-1,1,-1
201520M013335,4,9,0,3,0,0,0,0,0,0,2,1,6,2,28,6,1390,1,5,-1,3,-1
201520M013355,1,9,0,18,0,1,0,0,0,0,1,1,6,1,52,8,998,1,4,-1,1,-1
201520M013355,2,9,0,10,0,1,0,0,0,0,2,1,6,1,52,8,1796,1,12,-1,1,-1
201520M013405,1,9,0,18,0,2,0,0,0,0,1,1,6,1,21,5,1390,1,11,-1,1,-1
201520M013405,2,1,0,18,0,2,0,0,0,0,1,1,6,2,16,4,-1,-1,-1,-1,1,-1
201520M013425,1,9,0,9,0,8,0,0,0,0,1,1,6,1,-1,-1,1198,1,12,-1,-1,-1
201520M013425,2,9,0,18,0,8,0,0,0,0,1,1,6,1,36,7,1997,2,14,-1,1,-1
201520M013445,1,9,0,6,0,0,0,0,0,0,3,1,6,1,54,8,-1,-1,-1,-1,1,-1
201520M013445,2,3,0,18,0,0,0,0,0,0,1,1,6,1,17,4,124,1,-1,-1,1,-1
201520M013455,1,9,0,11,0,8,0,0,0,0,4,1,6,1,54,8,1198,1,5,-1,1,-1
201520M013455,2,9,0,12,0,8,0,0,0,0,3,1,6,1,39,7,1910,2,7,-1,1,-1
201520M013545,1,19,0,9,0,5,0,0,0,0,3,1,2,1,30,6,1560,2,1,-1,1,-1
201520M013545,2,3,0,18,0,8,0,0,0,0,1,1,6,1,24,5,124,1,3,-1,1,-1
201520M013565,1,9,0,7,0,8,0,0,0,0,4,1,6,2,41,7,1242,1,13,-1,1,-1
201520M013565,2,9,0,18,0,8,0,0,0,0,1,1,6,2,57,9,1598,1,6,-1,1,-1
201520M013575,1,9,0,18,0,8,0,0,0,0,1,1,6,1,29,6,3600,1,14,-1,1,-1
201520M013575,2,9,0,9,0,8,0,0,0,0,1,1,6,1,30,6,1968,2,8,-1,1,-1
201520M013585,1,9,0,7,0,2,0,0,0,0,1,1,6,2,56,9,1240,1,12,-1,1,-1
201520M013585,2,1,0,18,0,2,0,0,0,0,2,1,4,2,59,9,-1,-1,-1,-1,1,-1
201520M013605,1,9,0,6,0,2,0,0,0,0,3,1,6,1,18,4,1229,1,-1,-1,1,-1
201520M013605,2,9,0,18,0,2,0,0,0,0,1,1,6,2,19,4,998,1,-1,-1,1,-1
201520M013625,1,9,0,9,0,8,0,0,0,0,1,1,1,2,53,8,1560,2,9,-1,1,-1
201520M013625,2,5,0,18,0,8,0,0,0,0,1,1,1,1,48,8,988,1,11,-1,1,-1
201520M013635,1,9,0,18,0,1,0,0,0,0,1,1,6,3,-1,-1,1995,1,10,-1,-1,-1
201520M013635,2,9,0,3,0,1,0,0,0,0,2,1,6,1,21,5,1240,1,11,-1,1,-1
201520M013645,1,9,0,1,0,0,0,0,0,0,2,1,6,1,18,4,998,1,-1,-1,1,-1
201520M013665,1,9,0,18,0,1,1,0,0,0,1,1,6,1,-1,-1,1149,1,12,-1,-1,-1
201520M013665,2,9,0,3,0,1,0,0,0,0,2,1,6,1,22,5,1968,2,3,-1,1,-1
201520M013675,1,11,0,2,0,0,0,0,0,0,0,1,1,1,47,8,7300,2,2,-1,1,-1
201520M013695,1,9,0,13,0,0,0,4,0,0,4,1,6,1,27,6,1870,2,10,-1,1,-1
201520M013695,2,9,0,4,0,0,0,0,0,0,3,1,6,2,35,6,1995,2,6,-1,1,-1
201520M013695,3,9,0,2,0,0,0,0,0,0,3,1,6,2,43,7,2099,1,13,-1,1,-1
201520M013735,1,9,0,5,0,1,0,0,0,0,1,1,6,1,49,8,1968,2,7,-1,1,-1
201520M013735,2,9,0,9,0,1,0,0,0,0,2,1,6,1,35,6,2179,2,4,-1,1,-1
201520M013745,1,9,0,16,0,1,0,0,0,0,4,1,6,3,-1,-1,-1,-1,-1,-1,-1,-1
201520M013745,2,1,0,16,0,1,0,0,0,0,3,1,1,1,37,7,-1,-1,-1,-1,1,-1
201520M013755,1,20,1,18,0,0,0,0,0,0,1,1,1,1,24,5,12809,2,-1,-1,3,-1
201520M013755,2,9,0,3,0,0,0,0,0,0,2,1,1,1,49,8,1896,2,9,-1,1,-1