Accident_Index,Vehicle_Reference,Vehicle_Type,Towing_and_Articulation,Vehicle_Manoeuvre,Vehicle_Location-Restricted_Lane,Junction_Location,Skidding_and_Overturning,Hit_Object_in_Carriageway,Vehicle_Leaving_Carriageway,Hit_Object_off_Carriageway,1st_Point_of_Impact,Was_Vehicle_Left_Hand_Drive?,Journey_Purpose_of_Driver,Sex_of_Driver,Age_of_Driver,Age_Band_of_Driver,Engine_Capacity_(CC),Propulsion_Code,Age_of_Vehicle,Driver_IMD_Decile,Driver_Home_Area_Type,Vehicle_IMD_Decile
201520M013755,3,9,0,3,0,0,0,0,0,0,2,1,1,1,27,6,1598,1,3,-1,1,-1
201520M013755,4,9,0,3,0,0,0,0,0,0,2,1,6,1,46,8,1364,1,9,-1,1,-1
201520M013765,1,9,0,18,0,2,0,0,0,0,1,1,6,1,28,6,998,1,12,-1,1,-1
201520M013765,2,9,0,2,0,1,0,0,0,0,1,1,6,1,33,6,1995,2,2,-1,1,-1
201520M013775,1,9,0,18,0,0,1,8,0,0,1,1,6,1,20,4,1598,1,14,-1,1,-1
201520M013775,2,9,0,2,0,0,0,0,0,0,3,1,6,2,42,7,998,1,2,-1,1,-1
201520M013785,1,9,0,18,0,1,0,0,0,0,1,1,6,2,32,6,1598,1,13,-1,1,-1
201520M013785,2,9,0,4,0,1,0,0,0,0,2,1,6,1,33,6,1560,2,6,-1,1,-1
201520M013895,1,1,0,18,0,0,0,0,0,0,1,1,6,1,25,5,-1,-1,-1,-1,1,-1
201520M013895,2,9,0,18,0,0,0,0,0,0,4,1,1,2,19,4,1686,2,11,-1,1,-1
201520M013905,1,3,0,17,0,3,0,0,0,0,1,1,6,1,21,5,125,1,-1,-1,1,-1
201520M013905,2,9,0,18,0,4,0,0,0,0,3,1,6,2,55,8,1399,2,3,-1,1,-1
201520M013915,1,9,0,9,0,5,0,0,0,0,4,1,6,1,76,11,1997,2,-1,-1,1,-1
201520M013915,2,5,0,5,0,8,0,0,0,0,1,1,6,1,52,8,670,1,3,-1,1,-1
201520M013945,1,9,0,18,0,0,0,0,0,0,4,1,6,1,-1,-1,1582,2,-1,-1,-1,-1
201520M013955,1,9,0,9,0,8,0,0,0,0,1,1,6,2,-1,-1,1364,1,9,-1,-1,-1
201520M013955,2,9,0,3,0,8,0,0,0,0,1,1,6,2,52,8,1896,2,15,-1,1,-1
201520M013965,1,9,0,9,0,5,0,0,0,0,1,1,1,1,28,6,1248,2,4,-1,1,-1
201520M013965,2,9,0,18,0,8,0,0,0,0,3,1,1,1,43,7,2496,7,10,-1,1,-1
201520M013975,1,9,0,17,9,0,0,10,1,2,1,1,6,1,65,9,1998,1,1,-1,1,-1
201520M013985,1,9,0,9,0,6,0,0,0,0,4,1,6,2,25,5,1968,2,-1,-1,1,-1
201520M014005,1,9,0,18,0,1,0,0,0,0,1,1,2,1,50,8,1289,1,15,-1,1,-1
201520M014005,2,9,0,3,0,1,0,0,0,0,2,1,6,2,55,8,1497,1,10,-1,1,-1
201520M014005,3,9,0,3,0,1,0,0,0,0,2,1,1,1,-1,-1,1798,1,7,-1,1,-1
201520M014015,1,9,0,18,0,0,0,4,0,0,1,1,2,1,35,6,1461,2,2,-1,1,-1
201520M014015,2,20,5,2,0,0,0,0,0,0,1,1,1,1,-1,-1,-1,-1,-1,-1,-1,-1
201520M014025,1,9,0,18,0,0,0,4,0,0,1,1,6,1,30,6,1397,1,8,-1,1,-1
201520M014025,2,9,0,2,0,0,0,0,0,0,1,1,6,3,-1,-1,1560,2,5,-1,-1,-1
201520M014055,1,2,0,18,0,8,0,0,0,0,1,1,6,1,25,5,-1,-1,-1,-1,1,-1
201520M014055,2,9,0,7,0,5,0,0,0,0,2,1,6,2,27,6,-1,-1,-1,-1,1,-1
201520M014065,1,9,0,11,0,0,0,0,0,0,4,1,6,1,-1,-1,1498,1,-1,-1,-1,-1
201520M014065,2,9,0,18,0,0,0,0,0,0,1,1,6,2,36,7,1896,2,9,-1,1,-1
201520M014075,1,9,0,7,0,6,0,0,0,0,3,1,3,1,25,5,1499,2,-1,-1,1,-1
201520M014075,2,9,0,18,0,1,1,4,0,0,1,1,1,2,25,5,1910,2,8,-1,1,-1
201520M014075,3,19,0,2,9,8,0,0,0,0,4,1,6,1,51,8,2800,2,13,-1,1,-1
201520M014085,1,9,0,16,0,0,1,0,7,1,1,1,6,1,15,3,1598,1,9,-1,-1,-1
201520M014085,2,9,0,16,0,0,0,0,0,0,0,1,1,1,53,8,-1,-1,-1,-1,-1,-1
201520M014095,1,9,0,9,0,8,0,0,0,0,1,1,6,2,26,6,1388,1,7,-1,1,-1
201520M014095,2,2,0,5,0,8,0,0,0,0,2,1,6,1,19,4,49,1,15,-1,1,-1
201520M014105,1,9,0,6,0,0,0,0,0,0,3,1,6,1,27,6,1796,1,12,-1,1,-1
201520M014105,2,2,0,18,0,0,0,0,0,0,1,1,6,1,25,5,49,1,10,-1,1,-1
201520M014125,1,9,0,9,0,5,0,0,0,0,1,1,6,1,42,7,2993,2,-1,-1,1,-1
201520M014125,2,9,0,18,0,8,0,0,0,0,1,1,6,1,65,9,1781,1,11,-1,1,-1
201520M014155,1,9,0,18,0,1,0,0,0,0,1,1,6,1,31,6,1796,7,14,-1,1,-1
201520M014155,2,9,0,3,0,1,0,0,0,0,2,1,6,2,38,7,1998,2,11,-1,1,-1
201520M014165,1,9,0,4,0,0,0,0,0,0,1,1,6,1,52,8,1598,1,14,-1,-1,-1
201520M014175,1,9,0,18,0,4,0,0,0,0,1,1,6,2,-1,-1,-1,-1,-1,-1,-1,-1
201520M014175,2,1,0,18,0,8,0,0,0,0,3,1,6,1,9,2,-1,-1,-1,-1,1,-1
201520M014185,1,9,0,5,0,0,0,0,0,0,1,1,6,3,-1,-1,-1,-1,-1,-1,-1,-1
201520M014195,1,8,0,18,0,8,0,0,0,0,1,1,1,1,76,11,2664,2,14,-1,1,-1
201520M014195,2,9,0,9,0,8,0,0,0,0,3,1,6,1,39,7,1796,1,11,-1,-1,-1
201520M014205,1,9,0,18,0,0,5,0,7,2,3,1,6,1,18,4,1560,2,9,-1,1,-1
201520M014215,1,3,0,4,0,0,0,0,0,0,0,1,6,1,37,7,125,2,1,-1,1,-1
201520M014225,1,9,0,4,0,1,0,0,0,0,1,1,6,2,76,11,1364,1,11,-1,1,-1
201520M014225,2,9,0,3,0,1,0,0,0,0,2,1,6,1,24,5,1896,2,14,-1,1,-1
201520M014245,1,9,0,9,0,8,0,0,0,0,2,1,6,2,42,7,1396,1,17,-1,1,-1
201520M014245,2,3,0,18,0,8,0,0,0,0,1,1,6,1,34,6,-1,-1,-1,-1,1,-1
201520M014255,1,9,0,4,0,1,0,0,0,0,1,1,6,1,-1,-1,-1,-1,-1,-1,-1,-1
201520M014255,2,9,0,2,0,1,0,0,0,0,2,1,6,2,53,8,998,1,13,-1,1,-1
201520M014265,1,9,0,12,0,8,0,0,0,0,2,1,6,2,70,10,1590,1,13,-1,1,-1
201520M014265,2,11,0,11,0,8,0,0,0,0,1,1,1,1,46,8,4461,2,2,-1,1,-1
201520M014295,1,9,0,18,0,1,0,0,0,0,1,1,6,3,-1,-1,1598,1,13,-1,-1,-1
201520M014295,2,9,0,9,0,1,0,0,0,0,2,1,6,2,29,6,1400,2,8,-1,1,-1
201520M014315,1,9,0,9,0,5,0,0,0,0,1,1,1,1,52,8,1753,2,9,-1,1,-1
201520M014315,2,1,0,18,0,8,0,0,0,0,1,1,2,1,44,7,-1,-1,-1,-1,1,-1
201520M014375,1,9,0,9,0,8,0,0,0,0,1,1,6,1,18,4,1598,2,-1,-1,1,-1
201520M014375,2,9,0,18,0,8,0,0,0,0,3,1,6,1,31,6,1598,2,-1,-1,1,-1
201520M014385,1,9,0,14,0,1,0,0,0,0,4,1,3,2,-1,-1,1587,1,15,-1,1,-1
201520M014385,2,9,0,3,0,1,0,0,0,0,3,1,3,2,32,6,1390,1,-1,-1,1,-1
201520M014405,1,9,0,5,0,0,0,0,0,0,4,1,6,1,-1,-1,1986,2,7,-1,1,-1
201520M014405,2,9,0,18,0,0,0,0,0,0,3,1,6,2,26,6,1229,1,5,-1,1,-1
201520M014425,1,9,0,4,0,8,0,0,0,0,1,1,6,1,32,6,3189,1,9,-1,1,-1
201520M014425,2,3,0,4,0,8,5,0,0,0,2,1,6,1,30,6,124,1,4,-1,1,-1
201520M014565,1,9,0,9,0,5,0,0,0,0,1,1,2,2,26,6,1396,1,13,-1,1,-1
201520M014565,2,9,0,18,0,8,0,0,0,0,1,1,6,2,35,6,1753,2,9,-1,1,-1
201520M014565,3,9,0,3,0,1,0,0,0,0,1,1,6,1,31,6,1997,1,14,-1,1,-1
201520M014605,1,9,0,18,0,8,1,0,0,0,4,1,6,2,22,5,999,1,-1,-1,1,-1
201520M014605,2,9,0,18,0,8,0,0,0,0,1,1,6,1,42,7,1275,1,16,-1,1,-1
201520M014615,1,9,0,5,0,3,0,0,0,0,1,1,6,1,22,5,1560,2,4,-1,1,-1
201520M014615,2,1,0,18,0,2,0,0,0,0,1,1,6,1,26,6,-1,-1,-1,-1,1,-1
201520M014625,1,9,0,18,0,4,0,0,0,0,1,1,1,1,34,6,1590,1,13,-1,1,-1
201520M014625,2,1,0,18,0,3,0,0,0,0,2,1,1,1,45,7,-1,-1,-1,-1,1,-1
201520M014645,1,19,0,9,0,6,0,0,0,0,1,1,1,1,46,8,1998,2,13,-1,1,-1
201520M014645,2,9,0,18,0,8,0,0,0,0,4,1,6,1,37,7,1596,1,9,-1,1,-1
201520M014655,1,9,0,7,0,6,0,0,0,0,3,1,1,1,31,6,1910,2,8,-1,1,-1
201520M014655,2,1,0,18,0,8,0,0,0,0,4,1,1,1,38,7,-1,-1,-1,-1,1,-1
201520M014665,1,9,0,13,0,0,0,0,0,0,1,1,6,3,-1,-1,1781,1,11,-1,-1,-1
201520M014665,2,9,0,17,0,0,0,0,0,0,1,1,6,2,36,7,1598,1,9,-1,1,-1
201520M014665,3,10,0,3,0,0,0,0,0,0,3,1,1,1,49,8,-1,-1,-1,-1,1,-1
201520M014685,1,9,0,18,0,0,0,0,0,0,1,1,6,1,56,9,1246,1,10,-1,-1,-1
201520M014685,2,1,0,18,0,0,0,0,0,0,1,1,6,1,12,3,-1,-1,-1,-1,1,-1
201520M014705,1,11,0,5,0,1,0,4,8,1,1,1,1,1,77,11,8268,2,11,-1,2,-1
201520M014705,2,11,0,2,0,1,0,0,0,0,2,1,1,1,-1,-1,4500,2,4,-1,-1,-1
201520M014715,1,9,0,14,0,0,0,0,0,0,1,1,6,1,41,7,1998,1,5,-1,1,-1
201520M014715,2,9,0,18,0,0,0,0,0,0,1,1,6,1,44,7,1968,2,5,-1,1,-1
201520M014715,3,9,0,18,0,0,0,0,0,0,1,1,6,1,52,8,-1,-1,-1,-1,1,-1
201520M014735,1,1,0,5,0,1,0,0,0,0,1,1,1,1,36,7,-1,-1,-1,-1,1,-1
201520M014735,2,9,0,4,0,1,0,0,0,0,2,1,6,3,-1,-1,-1,-1,-1,-1,-1,-1
201520M014745,1,9,0,18,0,1,0,0,0,0,1,1,6,1,-1,-1,1390,1,13,-1,-1,-1
201520M014755,1,9,0,18,0,0,0,0,0,0,1,1,6,1,-1,-1,-1,-1,-1,-1,-1,-1
201520M014765,1,9,0,18,0,1,0,0,0,0,1,1,3,2,-1,-1,1461,2,6,-1,-1,-1
201520M014765,2,9,0,3,0,1,0,0,0,0,2,1,6,1,29,6,1242,1,12,-1,1,-1
201520M014775,1,9,0,5,0,0,0,0,0,0,2,1,6,2,-1,-1,1598,1,8,-1,-1,-1
201520M014795,1,9,0,18,0,0,0,0,0,0,1,1,1,2,20,4,1388,1,12,-1,1,-1
201520M014795,2,9,0,3,0,0,0,0,0,0,2,1,3,2,37,7,1995,2,10,-1,1,-1
201520M014805,1,2,0,18,0,8,2,0,0,0,1,1,6,1,43,7,124,1,14,-1,1,-1
201520M014805,2,9,0,9,0,5,0,0,0,0,1,1,6,2,34,6,1461,2,1,-1,1,-1
201520M014895,1,1,0,18,0,8,0,0,0,0,1,1,1,1,-1,-1,-1,-1,-1,-1,1,-1
201520M014895,2,9,0,5,0,8,0,0,0,0,1,1,6,1,-1,-1,-1,-1,-1,-1,1,-1
201520M014925,1,9,0,9,0,6,0,0,0,0,1,1,6,2,20,4,1390,1,14,-1,1,-1
201520M014925,2,9,0,18,0,8,0,0,0,0,4,1,6,1,28,6,1248,1,1,-1,1,-1
201520M014925,3,9,0,18,0,8,0,0,0,0,1,1,1,1,43,7,-1,-1,-1,-1,2,-1
201520M014945,1,8,0,9,0,8,0,0,7,0,2,1,1,1,31,6,2499,2,7,-1,1,-1
201520M014945,2,9,0,18,0,8,0,0,1,0,1,1,6,2,17,4,1956,2,-1,-1,1,-1
201520M014975,1,9,0,5,0,0,0,0,0,0,1,1,6,1,37,7,1900,2,9,-1,1,-1
201520M014975,2,8,0,5,0,0,0,0,0,0,1,1,1,1,26,6,2402,2,10,-1,1,-1
201520M014985,1,9,0,1,0,0,0,0,0,0,2,1,6,3,-1,-1,-1,-1,-1,-1,-1,-1
201520M015025,1,9,0,5,0,0,0,0,0,0,1,1,2,1,39,7,1968,2,8,-1,1,-1
201520M015025,2,9,0,3,0,0,0,0,0,0,2,1,2,2,25,5,998,1,12,-1,1,-1
201520M015025,3,9,0,3,0,0,0,0,0,0,2,1,2,2,27,6,1248,1,1,-1,1,-1
201520M015035,1,9,0,7,0,5,0,0,0,0,1,1,6,3,-1,-1,1598,1,1,-1,-1,-1
201520M015035,2,1,0,18,0,8,0,0,0,0,2,1,6,1,77,11,-1,-1,-1,-1,1,-1
201520M015045,1,9,0,18,0,0,0,0,0,0,1,1,6,3,-1,-1,-1,-1,-1,-1,-1,-1
201520M015045,2,1,0,18,0,0,0,0,0,0,2,1,6,1,28,6,-1,-1,-1,-1,1,-1
201520M015065,1,9,0,9,0,6,0,0,0,0,0,1,6,1,27,6,1968,2,2,-1,1,-1
201520M015065,2,5,0,18,0,8,1,0,0,0,0,1,6,1,35,6,599,1,8,-1,1,-1
201520M015105,1,9,0,9,0,8,0,0,0,0,0,1,6,1,-1,-1,995,1,9,-1,-1,-1
201520M015105,2,3,0,18,0,8,2,0,0,0,0,1,6,1,21,5,125,1,6,-1,1,-1
201520M015135,1,9,0,18,0,0,1,10,7,10,4,1,1,1,-1,-1,2616,1,10,-1,1,-1
201520M015135,2,9,0,2,0,0,0,0,0,0,1,1,6,1,39,7,1997,2,8,-1,1,-1
201520M015155,1,19,0,9,0,6,0,0,0,0,1,1,1,1,45,7,2143,2,5,-1,1,-1
201520M015175,1,9,0,18,0,8,0,0,0,0,1,1,6,1,25,5,2204,2,10,-1,1,-1
201520M015175,2,9,0,10,0,8,0,0,0,0,2,1,6,2,67,10,1422,2,14,-1,1,-1
201520M015185,1,3,0,18,0,0,2,0,0,0,1,1,6,1,21,5,125,1,2,-1,3,-1
201520M015185,2,19,0,3,0,0,0,0,0,0,2,1,6,1,32,6,2300,2,10,-1,1,-1
201520M015285,1,9,0,18,0,0,2,10,7,10,3,1,6,1,23,5,1796,1,10,-1,1,-1
201520M015285,2,9,0,18,0,0,0,0,0,0,0,1,1,1,-1,-1,2993,2,1,-1,1,-1
201520M015325,1,9,0,18,0,2,0,0,0,0,4,1,2,2,59,9,1390,1,7,-1,1,-1
201520M015405,1,9,0,7,0,4,0,0,0,0,3,1,2,1,25,5,1360,1,12,-1,1,-1
201520M015405,2,9,0,18,0,8,0,0,0,0,1,1,2,1,50,8,2143,2,3,-1,3,-1
201520M015415,1,9,0,15,0,3,0,0,0,0,3,1,6,3,-1,-1,-1,-1,-1,-1,-1,-1
201520M015415,2,1,0,11,0,3,0,0,0,0,4,1,6,1,44,7,-1,-1,-1,-1,3,-1
201520M015425,1,9,0,13,0,2,0,0,0,0,3,1,2,1,32,6,1995,2,9,-1,1,-1
201520M015465,1,9,0,18,0,0,0,0,0,0,1,1,6,1,-1,-1,1108,1,13,-1,-1,-1
201520M015465,2,9,0,5,0,0,0,0,0,0,3,1,6,1,25,5,1598,1,8,-1,1,-1
201520M015475,1,19,0,18,0,0,0,0,0,0,4,1,6,1,-1,-1,-1,-1,-1,-1,-1,-1
201520M015475,2,1,0,18,0,0,0,0,0,0,2,1,6,2,65,9,-1,-1,-1,-1,1,-1
201520M015485,1,9,0,4,0,0,0,0,0,0,1,1,6,1,-1,-1,-1,-1,-1,-1,-1,-1
201520M015485,2,9,0,3,0,0,0,0,0,0,2,1,6,3,-1,-1,-1,-1,-1,-1,-1,-1
201520M015495,1,19,0,10,0,1,0,0,0,0,4,1,6,1,27,6,2461,2,12,-1,1,-1
201520M015495,2,1,0,18,0,1,0,0,0,0,1,1,6,1,11,3,-1,-1,-1,-1,-1,-1
201520M015505,1,9,0,18,0,1,1,0,0,0,1,1,6,3,-1,-1,-1,-1,-1,-1,-1,-1
201520M015515,1,9,0,18,0,0,0,0,0,0,1,1,6,1,50,8,1299,1,10,-1,1,-1
201520M015525,1,9,0,18,0,0,0,0,0,0,1,1,6,1,-1,-1,-1,-1,-1,-1,-1,-1
201520M015525,2,9,0,3,0,0,0,0,0,0,2,1,6,2,47,8,1598,1,2,-1,1,-1
201520M015535,1,9,0,9,0,8,0,0,0,0,1,1,6,2,-1,-1,1598,2,3,-1,-1,-1
201520M015535,2,9,0,9,0,8,0,0,0,0,3,1,6,2,49,8,1598,1,13,-1,1,-1
201520M015545,1,9,0,18,0,8,0,0,0,0,4,1,6,3,-1,-1,-1,-1,-1,-1,-1,-1
201520M015545,2,1,0,18,0,8,0,0,0,0,1,1,6,1,36,7,-1,-1,-1,-1,1,-1
201520M015555,1,9,0,18,0,8,0,0,0,0,3,1,6,2,80,11,1596,1,7,-1,1,-1
201520M015565,1,9,0,18,0,8,0,0,0,0,1,1,2,1,48,8,1339,1,10,-1,1,-1
201520M015565,2,9,0,9,0,6,0,0,0,0,4,1,6,1,38,7,2495,2,21,-1,1,-1
201520M015575,1,9,0,18,0,2,0,0,0,0,1,1,2,2,50,8,1198,1,1,-1,3,-1
201520M015595,1,9,0,9,0,5,0,0,0,0,2,1,6,1,35,6,1362,1,2,-1,1,-1
201520M015595,2,9,0,18,0,8,0,0,0,0,1,1,1,1,63,9,1995,2,9,-1,1,-1
201520M015615,1,9,0,9,0,2,0,0,0,0,1,1,6,1,79,11,1388,1,3,-1,1,-1
201520M015615,2,1,0,5,0,2,0,0,0,0,3,1,6,1,35,6,-1,-1,-1,-1,-1,-1
201520M015625,1,9,0,6,0,8,0,0,0,0,3,1,6,1,47,8,1497,1,11,-1,1,-1
201520M015625,2,5,0,18,0,1,5,0,0,0,1,1,2,1,40,7,1352,1,9,-1,1,-1
201520M015645,1,9,0,18,0,1,0,0,0,0,1,1,3,1,-1,-1,2435,1,14,-1,1,-1
201520M015645,2,9,0,3,0,1,0,0,0,0,2,1,1,2,49,8,1587,1,11,-1,2,-1
201520M015655,1,9,0,1,0,1,0,0,0,0,2,1,6,1,21,5,1995,2,7,-1,1,-1
201520M015695,1,9,0,18,0,0,0,0,0,0,1,1,6,3,-1,-1,-1,-1,-1,-1,-1,-1
201520M015695,2,9,0,3,0,0,0,0,0,0,2,1,1,1,27,6,-1,-1,-1,-1,3,-1
201520M015715,1,9,0,5,0,0,0,0,0,0,1,1,6,2,50,8,1390,1,11,-1,1,-1
201520M015755,1,2,0,18,0,8,0,0,0,0,2,1,6,1,17,4,-1,-1,-1,-1,1,-1
201520M015755,2,9,0,18,0,8,0,0,0,0,1,1,2,1,50,8,1968,2,-1,-1,-1,-1
201520M015765,1,9,0,18,0,8,0,0,0,0,4,1,6,2,36,7,1956,2,5,-1,1,-1
201520M015765,2,9,0,9,0,8,0,0,0,0,2,1,6,2,62,9,1360,1,8,-1,1,-1
201520M015795,1,9,0,18,0,0,0,0,0,0,1,1,6,1,61,9,2000,2,11,-1,1,-1
201520M015795,2,9,0,18,0,0,0,0,0,0,1,1,6,1,31,6,1896,2,13,-1,1,-1
201520M015845,1,9,0,18,0,8,0,0,0,0,4,1,6,2,60,9,1598,1,8,-1,1,-1
201520M015845,2,9,0,9,0,6,0,0,0,0,1,1,6,2,18,4,998,1,2,-1,1,-1
201520M015855,1,11,0,18,0,0,0,0,0,0,0,1,1,1,49,8,7300,2,12,-1,1,-1
201520M015855,2,9,0,6,0,0,0,0,0,0,0,1,6,3,-1,-1,-1,-1,-1,-1,-1,-1
201520M015865,1,9,0,17,0,0,0,0,0,0,1,1,6,1,25,5,1587,1,14,-1,2,-1
201520M015865,2,9,0,16,0,0,0,0,1,0,1,1,6,1,69,10,1896,2,13,-1,1,-1
201520M015885,1,9,0,6,0,8,0,0,0,0,3,1,2,2,60,9,1461,2,9,-1,-1,-1
201520M015885,2,9,0,18,0,8,0,0,0,0,4,1,6,1,64,9,1397,1,3,-1,1,-1
201520M015895,1,9,0,18,0,8,0,0,0,0,2,1,6,2,-1,-1,1000,1,1,-1,-1,-1
201520M015895,2,9,0,9,0,6,0,0,0,0,1,1,6,2,30,6,1398,2,9,-1,2,-1
201520M015905,1,9,0,18,0,0,2,10,1,4,1,1,2,1,26,6,1560,2,10,-1,1,-1
201520M015945,1,9,0,18,0,1,0,0,0,0,1,1,6,2,20,4,1197,1,-1,-1,1,-1
201520M015955,1,8,0,17,0,0,0,0,0,0,1,1,6,1,26,6,1560,2,1,-1,1,-1
201520M015955,2,9,0,16,0,0,0,0,0,0,1,1,6,1,25,5,1695,1,13,-1,1,-1
201520M015965,1,9,0,9,0,4,0,0,0,0,1,1,6,1,25,5,1997,2,9,-1,1,-1
201520M015965,2,1,0,18,0,4,0,0,0,0,1,1,1,1,57,9,-1,-1,-1,-1,2,-1
201520M015985,1,9,0,4,0,1,0,0,0,0,1,1,6,1,22,5,1349,1,1,-1,1,-1
201520M015985,2,9,0,4,0,1,0,0,0,0,2,1,6,2,-1,-1,1299,1,9,-1,1,-1
201520M015985,3,9,0,4,0,1,0,0,0,0,2,1,6,1,24,5,1397,1,7,-1,1,-1
201520M016005,1,9,0,18,0,8,0,0,0,0,1,1,6,1,25,5,1896,2,13,-1,1,-1
201520M016005,2,9,0,9,0,8,1,0,0,0,3,1,6,1,27,6,1997,1,12,-1,1,-1
201520M016025,1,9,0,9,0,5,0,0,0,0,1,1,6,1,51,8,1360,1,10,-1,1,-1
201520M016025,2,2,0,18,0,8,0,0,0,0,1,1,6,1,26,6,124,1,1,-1,-1,-1
201520M016035,1,90,0,18,0,0,0,0,0,0,1,1,6,1,86,11,-1,-1,-1,-1,1,-1
201520M016035,2,3,0,18,0,0,0,0,0,0,1,1,2,1,36,7,-1,-1,-1,-1,1,-1
201520M016045,1,9,0,18,0,1,1,7,1,7,1,1,2,1,24,5,1679,1,18,-1,1,-1
201520M016105,1,9,0,18,0,0,0,0,0,0,1,1,6,1,62,9,1398,1,6,-1,1,-1
201520M016175,1,9,0,1,0,6,0,0,0,0,0,1,6,2,58,9,1149,1,11,-1,1,-1
201520M016175,2,3,0,18,0,1,2,10,1,0,1,1,6,1,24,5,125,1,4,-1,1,-1
201520M016185,1,9,0,18,0,0,0,0,0,0,4,1,6,2,23,5,1390,1,6,-1,1,-1
201520M016195,1,4,0,16,0,2,2,4,0,0,1,1,6,1,24,5,-1,-1,-1,-1,1,-1
201520M016195,2,19,0,4,0,1,0,0,0,0,1,1,2,1,29,6,1560,2,7,-1,1,-1
201520M016195,3,9,0,2,0,2,0,0,0,0,2,1,6,3,-1,-1,1598,1,13,-1,-1,-1
201520N001165,1,9,0,9,0,1,0,0,0,0,4,1,6,2,71,10,1596,1,3,-1,1,-1
201520N001855,1,9,0,5,0,4,0,0,0,0,1,1,6,1,53,8,1595,1,12,-1,1,-1
201520N001855,2,1,0,18,0,4,0,0,0,0,1,1,6,1,41,7,-1,-1,-1,-1,1,-1
201520N002745,1,19,0,1,0,1,0,0,0,0,2,1,1,1,53,8,2198,2,1,-1,1,-1
201520N002805,1,8,0,18,0,0,0,0,0,0,1,1,1,1,61,9,1794,1,8,-1,1,-1
201520N002805,2,1,0,18,0,0,0,0,0,0,1,1,6,1,9,2,-1,-1,-1,-1,1,-1
201520N003685,1,9,0,18,0,6,0,0,0,0,1,1,2,1,63,9,-1,-1,-1,-1,1,-1
201520N003685,2,19,0,18,0,8,2,0,0,0,4,1,1,1,33,6,1248,2,5,-1,1,-1
201520N003685,3,9,0,18,0,8,0,0,0,0,3,1,2,1,-1,-1,1598,2,3,-1,-1,-1
201520N004305,1,3,0,18,0,8,5,0,0,0,0,1,6,1,21,5,124,1,8,-1,1,-1
201520N004305,2,9,0,9,0,6,0,0,0,0,0,1,6,3,-1,-1,-1,-1,-1,-1,-1,-1
201520N004585,1,9,0,18,0,1,0,0,0,0,4,1,2,2,31,6,998,1,8,-1,1,-1
201520N004755,1,9,0,4,0,1,0,0,0,0,1,1,6,1,-1,-1,1794,1,11,-1,2,-1
201520N004755,2,9,0,3,0,1,0,0,0,0,2,1,6,2,28,6,1587,1,11,-1,1,-1
201520N004775,1,9,0,17,0,0,1,10,1,10,4,1,6,1,18,4,1997,2,5,-1,3,-1
201520N004815,1,9,0,17,0,8,0,0,0,0,1,1,6,1,42,7,-1,-1,-1,-1,1,-1
201520N004815,2,9,0,9,0,8,0,0,0,0,1,1,6,1,18,4,998,1,2,-1,1,-1
201520N004815,3,9,0,16,0,8,0,0,0,0,1,1,6,1,55,8,-1,-1,-1,-1,1,-1
201520N004825,1,9,0,18,0,0,0,0,0,0,0,1,6,1,-1,-1,-1,-1,-1,-1,-1,-1
201520N004825,2,9,0,18,0,0,0,0,1,9,4,1,6,2,25,5,1587,1,11,-1,1,-1
201520N004845,1,9,0,9,0,4,0,0,0,0,1,1,6,2,40,7,1596,1,9,-1,1,-1
201520N004845,2,9,0,3,0,3,0,0,0,0,2,1,6,1,38,7,1596,1,11,-1,1,-1
201520N005035,1,8,0,9,0,8,0,0,0,0,1,1,1,1,28,6,1996,2,8,-1,1,-1
201520N005035,2,1,0,18,0,8,0,0,0,0,1,1,1,1,61,9,-1,-1,-1,-1,1,-1
201520N005755,1,9,0,9,0,6,0,0,0,0,4,1,6,1,18,4,-1,-1,-1,-1,1,-1
201520N005755,2,9,0,18,0,8,0,0,0,0,1,1,6,1,24,5,1968,2,12,-1,1,-1
201520N005765,1,9,0,14,0,8,0,10,7,0,1,1,6,3,-1,-1,-1,-1,-1,-1,-1,-1
201520N005765,2,9,0,10,0,1,0,0,0,0,3,1,2,2,27,6,1242,1,11,-1,1,-1
201520N005795,1,9,0,18,0,0,1,10,1,1,1,1,6,2,21,5,998,1,2,-1,1,-1
201520N005815,1,9,0,9,0,6,0,0,0,0,3,1,6,1,-1,-1,2148,2,11,-1,-1,-1
201520N005815,2,9,0,18,0,8,0,0,0,0,1,1,6,2,49,8,1753,2,11,-1,1,-1
201520N005895,1,9,0,18,0,0,0,0,0,0,1,1,1,2,25,5,1242,1,9,-1,1,-1
201520N006095,1,9,0,9,0,6,0,0,0,0,3,1,6,1,33,6,-1,-1,-1,-1,-1,-1
201520N006095,2,3,0,18,0,8,0,0,0,0,1,1,6,1,18,4,124,1,8,-1,1,-1
201520N006105,1,9,0,5,0,8,0,0,0,0,1,1,2,1,23,5,1390,1,16,-1,1,-1
201520N006105,2,2,0,5,0,8,0,0,0,0,1,1,2,1,20,4,49,1,1,-1,1,-1
201520N006195,1,9,0,18,0,0,1,4,0,0,1,1,6,1,26,6,1975,1,11,-1,1,-1
201520N006195,2,9,0,2,0,0,0,0,0,0,2,1,1,2,51,8,1360,1,15,-1,1,-1