Accident_Index,Vehicle_Reference,Vehicle_Type,Towing_and_Articulation,Vehicle_Manoeuvre,Vehicle_Location-Restricted_Lane,Junction_Location,Skidding_and_Overturning,Hit_Object_in_Carriageway,Vehicle_Leaving_Carriageway,Hit_Object_off_Carriageway,1st_Point_of_Impact,Was_Vehicle_Left_Hand_Drive?,Journey_Purpose_of_Driver,Sex_of_Driver,Age_of_Driver,Age_Band_of_Driver,Engine_Capacity_(CC),Propulsion_Code,Age_of_Vehicle,Driver_IMD_Decile,Driver_Home_Area_Type,Vehicle_IMD_Decile
201520N006205,1,9,0,18,0,0,0,0,0,0,1,1,6,1,19,4,1198,1,5,-1,1,-1
201520N006205,2,9,0,4,0,0,0,0,0,0,2,1,6,1,22,5,999,1,2,-1,1,-1
201520N006215,1,9,0,2,9,0,0,0,0,0,3,1,1,1,61,9,1997,2,13,-1,1,-1
201520N006215,2,1,0,18,9,0,0,8,0,0,1,1,1,1,20,4,-1,-1,-1,-1,1,-1
201520N007085,1,20,0,18,0,0,0,0,0,0,1,1,6,1,40,7,2148,2,11,-1,-1,-1
201520N007155,1,9,0,18,0,0,0,0,0,0,1,1,6,1,-1,-1,-1,-1,-1,-1,1,-1
201520N007155,2,9,0,3,0,0,0,0,0,0,2,1,6,2,26,6,1995,2,1,-1,1,-1
201520N007335,1,9,0,5,0,0,0,0,0,0,3,1,6,1,-1,-1,-1,-1,-1,-1,-1,-1
201520N007335,2,3,0,18,0,0,1,0,0,0,1,1,6,1,23,5,-1,-1,-1,-1,1,-1
201520N007525,1,9,0,3,0,0,0,0,0,0,2,1,6,1,69,10,2179,2,1,-1,1,-1
201520N007525,2,9,0,18,0,0,0,0,0,0,1,1,6,1,-1,-1,-1,-1,-1,-1,-1,-1
201520N007695,1,9,0,18,0,8,0,0,0,0,1,1,1,2,18,4,1329,1,5,-1,1,-1
201520N007695,2,9,0,9,0,6,0,0,0,0,3,1,1,2,45,7,1969,2,-1,-1,1,-1
201520N007705,1,9,0,8,0,1,0,0,0,0,2,1,6,1,33,6,1590,1,23,-1,1,-1
201520N007705,2,9,0,18,0,1,0,0,0,0,1,1,6,1,-1,-1,1896,2,12,-1,1,-1
201520N007745,1,19,0,16,0,4,1,7,7,1,1,1,1,1,24,5,1753,2,7,-1,1,-1
201520N008025,1,9,0,18,0,0,0,0,0,0,1,1,6,2,43,7,2000,1,9,-1,3,-1
201520N008065,1,20,1,18,0,4,0,0,0,0,1,1,6,1,30,6,7146,2,5,-1,-1,-1
201520N008065,2,9,0,18,0,4,0,0,0,0,4,1,6,2,49,8,1598,2,2,-1,2,-1
201520N008625,1,9,0,4,0,8,0,0,0,0,3,1,1,1,37,7,1794,1,8,-1,1,-1
201520N008625,2,9,0,9,0,5,0,0,0,0,1,1,1,2,-1,-1,998,1,1,-1,1,-1
201520N009205,1,9,0,9,0,4,0,0,0,0,1,1,6,1,87,11,3498,1,7,-1,1,-1
201520N009205,2,1,0,18,0,4,0,0,0,0,2,1,6,2,50,8,-1,-1,-1,-1,1,-1
201520N009255,1,9,0,15,0,0,0,0,0,0,1,1,2,1,32,6,2199,2,3,-1,1,-1
201520N009265,1,2,0,18,0,0,1,0,0,0,1,1,6,1,16,4,50,1,2,-1,1,-1
201520N009265,2,3,0,18,0,0,1,0,0,0,4,1,6,1,19,4,124,1,5,-1,1,-1
201520N009295,1,9,0,18,0,1,1,0,0,0,1,1,2,1,21,5,1461,2,5,-1,1,-1
201520N009295,2,9,0,3,0,1,0,0,0,0,2,1,6,2,70,10,1198,1,6,-1,1,-1
201520N009295,3,9,0,3,0,1,0,0,0,0,2,1,6,1,82,11,1596,1,10,-1,1,-1
201520N009355,1,9,0,18,0,8,0,0,0,0,1,1,1,1,23,5,1999,1,1,-1,3,-1
201520N009355,2,9,0,18,0,8,0,0,0,0,3,1,1,1,30,6,1590,1,14,-1,1,-1
201520N009675,1,9,0,18,0,1,0,0,0,0,1,1,6,2,-1,-1,-1,-1,-1,-1,-1,-1
201520N009735,1,9,0,13,0,0,1,4,6,0,1,1,3,1,21,5,1199,1,11,-1,1,-1
201520N009735,2,9,0,18,0,0,0,0,0,0,0,1,6,1,41,7,1390,1,12,-1,1,-1
201520N009735,3,9,0,2,0,0,0,0,0,0,3,1,6,1,55,8,1389,1,16,-1,1,-1
201520N009895,1,9,0,17,0,2,0,10,0,0,1,1,6,2,27,6,1248,2,5,-1,-1,-1
201520N009895,2,9,0,16,0,1,0,0,0,0,1,1,6,1,26,6,1390,1,18,-1,1,-1
201520N010325,1,9,0,18,0,4,5,10,1,0,1,1,6,1,26,6,1997,2,2,-1,1,-1
201520N010325,2,9,0,18,0,4,0,10,7,0,1,1,2,1,28,6,-1,-1,-1,-1,1,-1
201520N010345,1,9,0,18,0,8,0,0,0,0,1,1,6,2,-1,-1,1988,1,15,-1,1,-1
201520N010345,2,9,0,18,0,8,0,0,0,0,4,1,6,1,53,8,1896,2,15,-1,1,-1
201520N010495,1,9,0,18,0,0,0,0,0,0,1,1,6,1,33,6,1798,1,10,-1,3,-1
201520N010725,1,9,0,9,0,2,0,0,0,0,1,1,1,1,22,5,1242,1,2,-1,1,-1
201520N010995,1,9,0,18,0,2,0,0,0,0,1,1,1,2,-1,-1,998,1,6,-1,1,-1
201520N010995,2,1,0,18,0,2,0,0,0,0,3,1,6,2,21,5,-1,-1,-1,-1,1,-1
201520N011085,1,11,0,18,0,1,0,0,0,0,1,1,1,1,54,8,6696,2,2,-1,1,-1
201520N011685,1,9,0,7,0,8,0,0,0,0,0,1,6,3,-1,-1,-1,-1,-1,-1,-1,-1
201520N011685,2,11,0,5,0,8,0,0,0,0,0,1,1,1,42,7,7300,2,14,-1,1,-1
201520N011885,1,19,0,18,0,0,1,0,0,0,1,1,6,1,-1,-1,2402,2,15,-1,1,-1
201520N011885,2,9,0,6,0,0,0,0,0,0,2,1,2,2,41,7,1995,2,2,-1,1,-1
201520N012015,1,9,0,10,0,5,0,0,0,0,1,1,6,1,-1,-1,1910,2,9,-1,-1,-1
201520N012015,2,8,0,4,0,5,0,0,0,0,2,1,1,1,50,8,1896,2,9,-1,1,-1
201520N012045,1,9,0,6,0,2,0,0,0,0,1,1,6,1,43,7,1590,1,11,-1,1,-1
201520N012045,2,9,0,18,0,2,5,0,0,0,3,1,6,2,30,6,1968,2,6,-1,1,-1
201520N012155,1,9,0,7,0,6,0,10,3,4,1,1,6,1,28,6,1124,1,17,-1,1,-1
201520N012155,2,9,0,7,0,6,0,0,0,0,0,1,1,1,-1,-1,2967,2,2,-1,-1,-1
201520N012275,1,1,0,18,0,1,0,0,0,0,2,1,6,1,19,4,-1,-1,-1,-1,1,-1
201520N012275,2,8,0,18,0,1,0,0,0,0,1,1,6,1,-1,-1,-1,-1,-1,-1,1,-1
201520N012715,1,9,0,11,0,1,0,0,0,0,1,1,6,3,-1,-1,2000,2,9,-1,-1,-1
201520N012715,2,9,0,18,0,1,0,0,0,0,3,1,6,1,20,4,1397,1,7,-1,1,-1
201520N012775,1,9,0,7,0,6,0,0,0,0,3,1,2,1,48,8,1461,2,9,-1,1,-1
201520N012775,2,1,0,18,0,8,0,0,0,0,1,1,6,1,46,8,-1,-1,-1,-1,1,-1
201520N012785,1,9,0,18,0,2,0,0,0,0,4,1,6,2,53,8,1796,1,11,-1,1,-1
201520N012915,1,9,0,3,0,0,0,0,0,0,2,1,1,2,23,5,1598,2,1,-1,1,-1
201520N012915,2,9,0,18,0,0,0,0,0,0,1,1,6,1,22,5,1246,1,10,-1,1,-1
201520N013045,1,9,0,14,0,1,0,10,7,4,1,1,6,1,18,4,1242,1,6,-1,1,-1
201520N013045,2,9,0,18,0,2,0,0,0,0,1,1,2,1,50,8,1956,2,1,-1,1,-1
201520N013055,1,11,0,18,0,0,0,0,0,0,2,1,1,3,-1,-1,-1,-1,-1,-1,-1,-1
201520N013325,1,9,0,18,0,2,0,4,0,0,1,1,6,1,-1,-1,-1,-1,-1,-1,1,-1
201520N013325,2,19,0,2,6,2,0,0,0,0,2,1,6,1,72,10,-1,-1,-1,-1,1,-1
201520N013345,1,9,0,1,0,8,0,0,0,0,2,1,6,1,-1,-1,1596,1,10,-1,1,-1
201520N013345,2,9,0,1,0,8,0,0,0,0,3,1,6,1,74,10,1997,2,5,-1,1,-1
201520N013355,1,9,0,7,9,8,0,0,0,0,1,1,6,2,53,8,1461,2,4,-1,1,-1
201520N014045,1,9,0,18,0,0,0,0,0,0,1,1,6,2,66,10,1388,1,12,-1,1,-1
201520N014045,2,9,0,3,0,0,0,0,0,0,2,1,6,2,67,10,998,1,6,-1,-1,-1
201520N014045,3,9,0,3,0,0,0,0,0,0,2,1,6,2,38,7,1398,1,-1,-1,1,-1
201520N014075,1,9,0,9,0,8,1,0,0,0,1,1,2,1,34,6,1995,2,2,-1,1,-1
201520N014075,2,9,0,14,0,8,1,0,0,0,1,1,2,1,52,8,1596,1,9,-1,1,-1
201520N014085,1,9,0,18,0,8,0,10,1,10,1,1,6,2,22,5,-1,-1,-1,-1,1,-1
201520N014085,2,9,0,18,0,8,0,0,0,0,1,1,6,2,32,6,1968,2,4,-1,1,-1
201520N015095,1,9,0,1,0,0,0,0,0,0,2,1,6,1,-1,-1,1299,1,10,-1,1,-1
201520N015105,1,9,0,5,0,0,0,0,0,0,3,1,6,1,32,6,1796,1,16,-1,1,-1
201520N015855,1,9,0,9,0,6,0,0,0,0,1,1,6,1,28,6,1686,2,4,-1,1,-1
201520N015855,2,1,0,18,0,8,0,0,0,0,4,1,6,1,52,8,-1,-1,-1,-1,-1,-1
201520N016585,1,9,0,18,0,1,0,0,0,0,1,1,1,1,-1,-1,-1,-1,-1,-1,-1,-1
201520N016745,1,9,0,9,0,8,0,0,0,0,3,1,6,3,-1,-1,-1,-1,-1,-1,-1,-1
201520N016745,2,9,0,18,0,8,0,0,0,0,3,1,6,2,42,7,1360,1,5,-1,1,-1
201520N017575,1,9,0,14,0,1,0,0,0,0,1,1,6,1,-1,-1,-1,-1,-1,-1,-1,-1
201520N017635,1,9,0,18,0,0,0,4,1,0,1,1,6,1,25,5,1999,1,7,-1,1,-1
201520N017635,2,19,0,2,0,0,0,0,0,0,2,1,6,1,25,5,2400,2,12,-1,1,-1
201520N017645,1,9,0,13,0,8,1,10,7,1,1,1,6,2,19,4,998,1,2,-1,1,-1
201520N017645,2,9,0,9,0,8,0,0,0,0,2,1,6,2,19,4,1149,1,12,-1,1,-1
201520N017915,1,9,0,18,0,0,0,0,0,0,1,1,6,1,27,6,1896,2,9,-1,1,-1
201520N018335,1,9,0,16,0,1,0,10,1,3,1,1,6,2,-1,-1,-1,-1,-1,-1,1,-1
201520N018335,2,9,0,17,0,2,0,0,0,0,1,1,6,2,26,6,1998,1,24,-1,1,-1
201520N018555,1,9,0,3,0,0,0,0,0,0,2,1,1,2,23,5,1299,1,12,-1,-1,-1
201520N018555,2,9,0,3,0,0,0,0,0,0,1,1,6,1,-1,-1,1995,2,1,-1,-1,-1
201520N018765,1,2,0,7,0,6,2,0,0,0,1,1,6,1,17,4,-1,-1,-1,-1,1,-1
201520N018765,2,9,0,18,0,1,0,0,0,0,1,1,6,1,-1,-1,1242,1,5,-1,1,-1
201520N019285,1,9,0,18,0,8,0,0,0,0,3,1,2,2,20,4,998,1,1,-1,1,-1
201520N019285,2,5,0,18,0,8,0,0,0,0,1,1,6,1,19,4,599,1,18,-1,1,-1
201520N020395,1,9,0,18,0,1,0,0,0,0,1,1,6,1,-1,-1,1598,2,-1,-1,-1,-1
201520N020395,2,9,0,3,0,1,0,0,0,0,2,1,6,2,42,7,-1,-1,-1,-1,1,-1
201520N020395,3,9,0,3,0,1,0,0,0,0,2,1,6,1,35,6,1998,2,2,-1,1,-1
201520N020795,1,19,0,14,0,1,0,0,0,0,1,1,6,1,-1,-1,1995,2,8,-1,-1,-1
201520N020815,1,4,0,14,0,0,0,0,0,0,3,1,2,1,23,5,125,1,2,-1,1,-1
201520N020815,2,9,0,4,0,0,0,0,0,0,2,1,2,2,54,8,1560,2,7,-1,1,-1
201520N021165,1,9,0,18,0,0,0,0,0,0,1,1,6,1,48,8,1360,1,11,-1,1,-1
201520N021645,1,9,0,9,0,1,0,10,7,1,4,1,6,1,28,6,1248,2,7,-1,1,-1
201520N021645,2,9,0,9,0,1,0,0,0,0,3,1,1,1,49,8,2993,2,3,-1,-1,-1
201520N021645,3,9,0,18,0,1,0,0,0,0,0,1,1,1,52,8,2993,2,2,-1,1,-1
201520N022095,1,9,0,18,0,0,0,0,0,0,4,1,6,1,32,6,2171,1,12,-1,-1,-1
201520N022155,1,19,0,5,0,0,0,0,0,0,1,1,6,1,41,7,1868,2,12,-1,1,-1
201520N022155,2,9,0,18,0,0,0,0,0,0,1,1,6,2,55,8,1598,1,7,-1,1,-1
201520N022475,1,9,0,16,0,0,1,0,0,0,1,1,6,1,18,4,1364,1,11,-1,1,-1
201520N022475,2,9,0,17,0,0,0,0,0,0,1,1,1,2,30,6,1686,2,8,-1,1,-1
201520N023055,1,9,0,17,0,8,0,0,0,0,1,1,6,1,25,5,-1,-1,-1,-1,1,-1
201520N023055,2,9,0,18,0,8,0,0,0,0,4,1,6,1,37,7,2993,2,9,-1,1,-1
201520N023525,1,9,0,9,0,8,0,0,0,0,4,1,6,2,46,8,2696,2,8,-1,1,-1
201520N023525,2,9,0,18,0,8,0,0,0,0,1,1,6,1,40,7,1998,2,8,-1,1,-1
201520N023845,1,19,0,2,0,0,0,0,0,0,0,1,6,1,32,6,1968,2,4,-1,1,-1
201520N023845,2,9,0,5,0,0,0,0,0,0,1,1,6,1,-1,-1,1596,1,15,-1,-1,-1
201520N024715,1,8,0,18,0,8,0,0,0,0,2,1,1,1,-1,-1,2231,2,8,-1,1,-1
201520N024715,2,9,0,12,0,8,0,0,0,0,1,1,6,2,-1,-1,1242,1,10,-1,1,-1
201520N025155,1,9,0,4,0,1,0,0,0,0,1,1,6,1,67,10,1240,1,9,-1,1,-1
201520N025155,2,9,0,3,0,1,0,0,0,0,2,1,6,1,54,8,1061,1,9,-1,1,-1
201520N025165,1,9,0,4,0,0,0,0,0,0,1,1,6,2,-1,-1,1299,1,14,-1,1,-1
201520N025165,2,9,0,3,0,0,0,0,0,0,2,1,6,1,71,10,2720,2,9,-1,1,-1
201520N025175,1,9,0,18,0,1,0,0,0,0,1,1,6,1,-1,-1,-1,-1,-1,-1,-1,-1
201520N025175,2,9,0,8,0,1,0,0,0,0,2,1,6,1,26,6,1398,1,9,-1,1,-1
201520N025245,1,9,0,18,0,1,0,0,0,0,1,1,6,2,20,4,1299,1,13,-1,-1,-1
201520N025245,2,9,0,3,0,1,0,0,0,0,2,1,3,2,29,6,1560,2,8,-1,1,-1
201520N025595,1,8,0,18,0,1,0,0,0,0,1,1,2,1,24,5,1400,1,10,-1,1,-1
201520N025595,2,9,0,3,0,1,0,0,0,0,2,1,1,1,57,9,-1,-1,-1,-1,3,-1
201520N025595,3,17,0,3,0,1,0,0,0,0,2,1,1,1,47,8,-1,-1,-1,-1,1,-1
201520N025745,1,8,0,3,0,0,0,0,0,0,2,1,1,1,-1,-1,-1,-1,-1,-1,-1,-1
201520N025745,2,9,0,18,0,0,0,0,0,0,1,1,6,3,-1,-1,-1,-1,-1,-1,-1,-1
201520N025745,3,9,0,18,0,0,0,0,0,0,2,1,6,3,-1,-1,-1,-1,-1,-1,-1,-1
201520N025845,1,9,0,18,0,8,0,0,0,0,1,1,6,1,23,5,-1,-1,-1,-1,1,-1
201520N025845,2,9,0,18,0,8,0,0,0,0,1,1,6,2,34,6,998,1,1,-1,1,-1
201520N025925,1,9,0,9,0,6,0,0,0,0,1,1,1,1,64,9,1998,2,8,-1,-1,-1
201520N025925,2,1,0,18,0,8,0,0,0,0,1,1,1,1,36,7,-1,-1,-1,-1,1,-1
201520N025965,1,9,0,9,0,8,0,0,0,0,3,1,6,1,34,6,-1,-1,-1,-1,1,-1
201520N025965,2,9,0,18,0,8,0,0,0,0,3,1,1,2,41,7,1598,2,1,-1,2,-1
201520N027305,1,9,0,18,0,0,0,0,0,0,1,1,6,2,22,5,1242,1,1,-1,1,-1
201520N027305,2,9,0,3,0,0,0,0,0,0,2,1,2,1,42,7,1968,2,3,-1,1,-1
201520N027545,1,9,0,18,0,0,0,0,0,0,0,1,6,3,-1,-1,-1,-1,-1,-1,-1,-1
201520N027545,2,11,0,18,0,0,0,0,0,0,0,1,6,1,52,8,9000,2,5,-1,1,-1
201520N027795,1,9,0,7,0,5,0,0,0,0,1,1,6,1,-1,-1,1390,1,13,-1,-1,-1
201520N027795,2,1,0,15,0,8,0,0,0,0,3,1,6,1,24,5,-1,-1,-1,-1,-1,-1
201520N028115,1,9,0,11,0,1,0,0,0,0,1,1,6,1,-1,-1,999,1,6,-1,-1,-1
201520N028115,2,9,0,3,0,1,0,0,0,0,2,1,6,2,28,6,-1,-1,-1,-1,1,-1
201520N028775,1,9,0,18,0,1,0,0,0,0,1,1,6,1,24,5,1995,2,12,-1,1,-1
201520N028775,2,9,0,3,0,1,0,0,0,0,2,1,6,2,40,7,1596,1,4,-1,1,-1
201520N029195,1,9,0,5,0,6,0,0,0,0,2,1,6,1,-1,-1,1968,2,3,-1,1,-1
201520N029195,2,9,0,18,0,8,0,0,0,0,1,1,6,2,18,4,-1,-1,-1,-1,1,-1
201520N029565,1,1,0,18,0,0,0,0,0,0,1,1,6,1,27,6,-1,-1,-1,-1,1,-1
201520N029565,2,9,0,18,0,0,0,0,0,0,4,1,1,2,37,7,2231,2,8,-1,1,-1
201520N029895,1,9,0,9,0,5,0,0,0,0,2,1,2,2,41,7,1590,1,11,-1,1,-1
201520N029895,2,9,0,18,0,8,0,0,0,0,1,1,6,1,19,4,1596,1,12,-1,2,-1
201520N029905,1,5,0,18,0,8,1,0,0,0,3,1,6,1,63,9,1600,1,14,-1,1,-1
201520N029905,2,9,0,9,0,6,1,0,0,0,1,1,6,1,-1,-1,-1,-1,-1,-1,-1,-1
201520N029915,1,9,0,18,0,1,0,0,0,0,1,1,3,1,71,10,1988,2,9,-1,1,-1
201520N029915,2,9,0,3,0,1,0,0,0,0,2,1,6,2,57,9,1598,1,5,-1,1,-1
201520N030095,1,9,0,9,0,8,0,0,0,0,1,1,6,1,36,7,1753,2,9,-1,1,-1
201520N030095,2,9,0,13,0,8,0,0,0,0,4,1,6,1,19,4,1560,2,1,-1,1,-1
201520N030125,1,9,0,8,0,1,0,0,0,0,2,1,6,2,48,8,1360,1,14,-1,1,-1
201520N030125,2,9,0,18,0,1,0,0,0,0,1,1,6,2,24,5,1995,1,8,-1,1,-1
201520N030195,1,19,0,18,0,8,0,0,0,0,1,1,6,1,-1,-1,-1,-1,-1,-1,-1,-1
201520N030195,2,9,0,17,0,8,0,0,0,0,4,1,6,1,34,6,1781,1,13,-1,1,-1
201520N030435,1,9,0,18,0,8,0,0,0,0,4,1,1,1,37,7,1349,1,10,-1,1,-1
201520N030435,2,1,0,18,0,8,0,0,0,0,1,1,6,1,15,3,-1,-1,-1,-1,1,-1
201520N030515,1,9,0,3,0,1,0,0,0,0,2,1,6,2,33,6,1248,1,3,-1,1,-1
201520N030515,2,9,0,18,0,1,0,0,0,0,2,1,6,1,-1,-1,1796,1,10,-1,-1,-1
201520N030515,3,9,0,18,0,1,0,0,0,0,2,1,6,2,-1,-1,1968,2,4,-1,1,-1
201520N030585,1,9,0,9,0,8,0,0,0,0,1,1,6,2,-1,-1,1397,1,4,-1,1,-1
201520N030585,2,1,0,18,0,8,0,0,0,0,1,1,6,1,19,4,-1,-1,-1,-1,1,-1
201520N030595,1,3,0,12,0,0,1,0,0,0,3,1,2,1,18,4,124,1,1,-1,1,-1
201520N030595,2,9,0,18,0,0,0,0,0,0,4,1,6,1,-1,-1,-1,-1,-1,-1,-1,-1
201520N030675,1,19,0,18,0,3,0,0,0,0,2,1,1,1,20,4,2198,2,7,-1,1,-1
201520N030675,2,21,0,18,0,8,0,0,0,0,1,2,1,1,64,9,-1,-1,-1,-1,-1,-1
201520N030695,1,9,0,18,0,1,0,0,0,0,1,1,6,3,-1,-1,-1,-1,-1,-1,-1,-1
201520N030805,1,9,0,18,0,0,0,0,0,0,1,1,6,2,-1,-1,2926,2,11,-1,-1,-1
201520N030805,2,9,0,3,0,0,0,0,0,0,2,1,1,1,62,9,1598,2,1,-1,1,-1
201520N030845,1,9,0,9,0,6,0,0,0,0,1,1,6,1,47,8,1596,1,2,-1,1,-1
201520N030845,2,9,0,18,0,8,0,0,0,0,1,1,6,2,18,4,1242,1,-1,-1,1,-1
201520N030895,1,9,0,12,0,3,0,0,0,0,3,1,2,2,44,7,1198,1,-1,-1,1,-1
201520N030895,2,9,0,5,0,3,0,0,0,0,4,1,6,1,27,6,1587,1,9,-1,-1,-1
201520N031235,1,5,0,18,0,3,0,0,0,0,1,1,6,1,21,5,599,1,3,-1,1,-1
201520N031235,2,9,0,3,0,2,0,0,0,0,2,1,6,1,64,9,1560,2,4,-1,1,-1
201520N031385,1,9,0,3,0,4,0,0,0,0,2,1,2,2,30,6,1997,2,10,-1,1,-1
201520N031385,2,9,0,18,0,4,0,0,0,0,1,1,6,1,-1,-1,1364,1,8,-1,1,-1
201520N031445,1,9,0,9,0,8,0,4,0,0,1,1,6,1,18,4,1124,1,9,-1,1,-1
201520N031445,2,9,0,18,0,8,0,0,0,0,1,1,6,1,48,8,1296,1,9,-1,1,-1
201520N031445,3,9,0,2,0,2,0,0,0,0,4,1,6,1,20,4,1968,2,4,-1,1,-1
201520N032105,1,9,0,5,0,6,0,0,0,0,1,1,6,1,52,8,-1,-1,-1,-1,1,-1
201520N032105,2,9,0,16,0,8,5,0,0,0,4,1,6,2,27,6,1124,1,13,-1,1,-1
201520N032245,1,9,0,18,0,0,0,0,0,0,1,1,6,2,34,6,-1,-1,-1,-1,1,-1
201520N032245,2,9,0,18,0,0,0,0,0,0,1,1,6,1,35,6,2993,2,9,-1,1,-1
201520N032305,1,9,0,4,0,1,0,0,0,0,1,1,6,2,18,4,1399,2,3,-1,1,-1
201520N032335,1,9,0,18,0,0,0,4,1,10,1,1,6,1,43,7,2143,2,3,-1,1,-1
201520N032335,2,9,0,2,0,0,0,0,0,0,3,1,6,1,55,8,1999,1,6,-1,-1,-1
201520N032645,1,9,0,9,0,8,0,0,0,0,1,1,6,1,86,11,1149,1,14,-1,1,-1
201520N032645,2,1,0,18,0,8,0,0,0,0,1,1,6,1,41,7,-1,-1,-1,-1,3,-1
201520N032645,3,9,0,3,0,1,0,0,0,0,3,1,6,1,54,8,1968,2,-1,-1,1,-1
201520N032775,1,9,0,5,0,6,0,0,0,0,4,1,6,2,38,7,1497,1,13,-1,1,-1
201520N032775,2,9,0,18,0,8,0,0,0,0,1,1,6,1,53,8,1598,1,6,-1,1,-1
201520N032955,1,9,0,18,0,0,0,0,0,0,1,1,6,2,28,6,1968,2,8,-1,1,-1
201520N032955,2,9,0,5,0,0,0,0,0,0,3,1,6,2,66,10,899,1,16,-1,1,-1
201520N032995,1,9,0,4,0,0,0,0,0,0,2,1,6,2,54,8,1598,1,5,-1,1,-1
201520N032995,2,9,0,18,0,0,0,0,0,0,1,1,6,1,-1,-1,1798,1,2,-1,1,-1
201520N033175,1,9,0,9,0,1,0,0,0,0,1,1,1,1,43,7,1339,1,7,-1,1,-1
201520N033175,2,9,0,9,0,1,0,0,0,0,2,1,6,1,53,8,1685,2,-1,-1,1,-1
201520N033655,1,9,0,18,0,0,0,0,0,0,1,1,6,2,41,7,1229,1,8,-1,1,-1
201520N033675,1,9,0,9,0,6,0,0,0,0,1,1,1,2,23,5,1242,1,-1,-1,1,-1
201520N033675,2,1,0,18,0,8,0,0,0,0,1,1,1,1,40,7,-1,-1,-1,-1,2,-1
201520N033745,1,9,0,18,0,4,0,0,0,0,1,1,6,2,24,5,1390,1,8,-1,1,-1
201520N033745,2,10,0,9,0,3,1,0,0,0,3,1,3,2,45,7,-1,-1,-1,-1,-1,-1
201520N033795,1,19,0,1,9,2,0,0,0,0,2,1,6,1,-1,-1,1560,2,-1,-1,-1,-1
201520N033835,1,9,0,1,0,0,0,0,0,0,2,1,6,2,-1,-1,-1,-1,-1,-1,-1,-1
201520N033995,1,10,0,4,0,1,0,0,0,0,1,1,1,1,-1,-1,1995,2,5,-1,-1,-1
201520N033995,2,9,0,3,0,1,0,0,0,0,2,1,2,1,42,7,998,1,1,-1,1,-1
201520N034145,1,9,0,18,0,1,1,0,0,0,1,1,6,1,-1,-1,1199,1,13,-1,-1,-1
201520N034145,2,9,0,8,0,1,0,0,0,0,2,1,2,2,60,9,1390,1,9,-1,1,-1
201520N034145,3,9,0,18,0,8,0,0,0,0,4,1,2,1,42,7,1598,1,8,-1,1,-1
201520N034145,4,19,0,18,0,8,0,0,0,0,1,1,1,1,30,6,2143,2,4,-1,1,-1
201520N034175,1,9,0,18,0,1,0,0,0,0,1,1,6,1,54,8,1360,1,15,-1,1,-1
201520N034175,2,9,0,18,0,2,0,0,0,0,1,1,6,1,59,9,1796,1,11,-1,1,-1
201520N034205,1,9,0,18,0,3,0,0,0,0,1,1,1,1,-1,-1,2494,2,5,-1,-1,-1
201520N034205,2,9,0,18,0,3,0,0,0,0,3,1,6,2,30,6,1250,1,9,-1,1,-1
201520N034225,1,9,0,3,0,1,0,0,0,0,2,1,6,1,33,6,1995,2,8,-1,1,-1
201520N034225,2,9,0,4,0,1,0,0,0,0,1,1,6,1,34,6,2184,2,13,-1,1,-1
201520N034395,1,9,0,17,0,0,0,10,1,2,1,1,6,1,69,10,1229,1,9,-1,1,-1
201520N034415,1,9,0,5,0,0,0,0,0,0,1,1,6,1,21,5,1461,2,6,-1,1,-1
201520N034415,2,9,0,17,0,0,0,4,0,0,3,1,6,1,-1,-1,1596,1,11,-1,1,-1
201520N034415,3,9,0,2,0,0,0,0,0,0,2,1,6,1,-1,-1,1360,1,10,-1,-1,-1
201520N034485,1,9,0,14,0,2,0,0,0,0,1,1,6,2,32,6,1242,1,12,-1,1,-1
201520N034495,1,9,0,9,0,6,0,4,0,0,4,1,6,1,64,9,1769,1,12,-1,1,-1
201520N034495,2,1,0,9,0,5,0,0,0,0,1,1,6,1,33,6,-1,-1,-1,-1,1,-1
201520N034495,3,9,0,2,0,2,0,0,0,0,2,1,6,1,60,9,1970,1,7,-1,1,-1
201520N034595,1,9,0,9,0,8,0,0,0,0,1,1,6,2,42,7,1197,1,1,-1,1,-1
201520N034595,2,9,0,14,0,8,0,0,0,0,4,1,6,1,24,5,1587,1,7,-1,1,-1
201520N034935,1,9,0,9,0,8,0,0,0,0,1,1,6,1,22,5,2295,1,12,-1,1,-1
201520N034935,2,9,0,18,0,8,0,10,7,10,1,1,6,2,50,8,1390,1,4,-1,1,-1
201520N035035,1,2,0,7,0,6,0,0,0,0,1,1,2,1,57,9,-1,-1,-1,-1,1,-1
201520N035035,2,20,0,18,0,2,0,0,0,0,2,1,2,1,48,8,-1,-1,-1,-1,1,-1
201520N036715,1,9,0,9,0,8,0,0,0,0,1,1,1,1,34,6,1998,1,17,-1,1,-1
201520N036715,2,9,0,18,0,8,0,0,0,0,1,1,1,2,18,4,1124,1,15,-1,1,-1
201520N037015,1,9,0,9,0,6,0,0,0,0,1,1,6,1,33,6,1997,2,5,-1,1,-1
201520N037015,2,5,0,17,0,8,5,0,0,0,4,1,2,1,37,7,599,1,7,-1,1,-1
201520N037635,1,11,0,18,0,2,0,0,0,0,1,1,1,1,61,9,7300,2,12,-1,1,-1
201520N037765,1,9,0,18,0,4,0,0,0,0,3,1,6,1,62,9,1596,1,19,-1,1,-1
201520N037765,2,9,0,18,0,3,5,0,0,0,4,1,3,2,34,6,1386,1,3,-1,1,-1