Accident_Index,Vehicle_Reference,Vehicle_Type,Towing_and_Articulation,Vehicle_Manoeuvre,Vehicle_Location-Restricted_Lane,Junction_Location,Skidding_and_Overturning,Hit_Object_in_Carriageway,Vehicle_Leaving_Carriageway,Hit_Object_off_Carriageway,1st_Point_of_Impact,Was_Vehicle_Left_Hand_Drive?,Journey_Purpose_of_Driver,Sex_of_Driver,Age_of_Driver,Age_Band_of_Driver,Engine_Capacity_(CC),Propulsion_Code,Age_of_Vehicle,Driver_IMD_Decile,Driver_Home_Area_Type,Vehicle_IMD_Decile
201520N059125,1,19,0,18,0,0,0,4,0,0,1,1,2,1,29,6,2198,2,5,-1,1,-1
201520N059125,2,9,0,2,0,0,0,0,0,0,3,1,6,2,38,7,1984,2,9,-1,1,-1
201520N059135,1,3,0,18,0,8,1,0,0,0,1,1,6,1,23,5,124,1,2,-1,1,-1
201520N059135,2,9,0,9,9,6,0,0,0,0,3,1,2,1,69,10,2967,1,11,-1,1,-1
201520N059145,1,9,0,18,0,2,0,0,0,0,3,1,6,1,50,8,-1,-1,-1,-1,-1,-1
201520N059145,2,1,0,18,0,2,0,0,0,0,1,1,2,1,41,7,-1,-1,-1,-1,1,-1
201520N059395,1,9,0,18,0,1,0,0,0,0,1,1,6,3,-1,-1,-1,-1,-1,-1,-1,-1
201520N059485,1,9,0,4,0,1,0,0,0,0,1,1,6,1,-1,-1,1398,2,-1,-1,1,-1
201520N059485,2,9,0,3,0,1,0,0,0,0,2,1,6,1,47,8,1995,2,11,-1,1,-1
201520N059495,1,4,0,18,0,0,1,0,0,0,1,1,6,1,-1,-1,-1,-1,-1,-1,-1,-1
201520N059495,2,9,0,3,0,0,0,0,0,0,4,1,6,2,32,6,1560,2,5,-1,1,-1
201520N059595,1,9,0,9,9,5,0,0,0,0,1,1,1,2,41,7,1560,2,2,-1,1,-1
201520N059605,1,9,0,18,0,1,0,4,7,0,1,1,6,1,55,8,2979,1,13,-1,1,-1
201520N059605,2,8,0,2,0,2,0,0,1,0,1,1,1,1,34,6,2400,1,9,-1,1,-1
201520N059615,1,9,0,9,0,5,0,0,0,0,4,1,6,1,69,10,1896,2,15,-1,1,-1
201520N059615,2,9,0,18,0,8,0,0,0,0,1,1,2,1,32,6,1582,2,-1,-1,1,-1
201520N059625,1,9,0,18,0,0,0,0,0,0,1,1,6,1,25,5,1984,1,7,-1,1,-1
201520N500035,1,9,0,18,0,0,0,0,0,0,1,1,2,2,23,5,1248,1,2,-1,1,-1
201520N500035,2,9,0,4,0,0,0,0,0,0,2,1,6,2,66,10,1242,1,2,-1,1,-1
201520S002765,1,9,0,7,0,2,0,0,0,0,1,1,6,2,56,9,-1,-1,-1,-1,1,-1
201520S002765,2,9,0,18,0,1,0,0,0,0,1,1,6,2,-1,-1,-1,-1,-1,-1,-1,-1
201520S002775,1,9,0,18,0,0,0,4,0,0,1,1,6,1,83,11,999,1,3,-1,1,-1
201520S002775,2,19,0,2,0,0,0,0,0,0,2,1,1,1,31,6,2287,2,3,-1,1,-1
201520S002885,1,9,0,18,0,0,0,0,0,0,3,1,3,2,43,7,1360,1,12,-1,1,-1
201520S003935,1,9,0,14,0,0,0,0,0,0,4,1,2,2,34,6,1242,1,15,-1,1,-1
201520S004325,1,9,0,16,0,0,1,0,0,0,1,1,2,1,37,7,2499,1,5,-1,1,-1
201520S004325,2,9,0,16,0,0,0,0,0,0,3,1,2,1,44,7,1753,2,8,-1,1,-1
201520S004325,3,19,0,2,0,0,0,0,0,0,2,1,1,1,44,7,2198,2,2,-1,1,-1
201520S004325,4,9,0,16,0,0,1,4,1,7,4,1,2,2,27,6,-1,-1,-1,-1,1,-1
201520S004695,1,9,0,18,0,0,1,0,0,0,1,1,1,2,32,6,1997,1,11,-1,1,-1
201520S004695,2,9,0,5,0,0,0,0,0,0,1,1,3,1,41,7,1598,7,12,-1,1,-1
201520S004705,1,9,0,18,0,8,0,0,0,0,3,1,6,2,38,7,-1,-1,-1,-1,1,-1
201520S004705,2,21,1,18,0,8,0,0,0,0,1,1,1,1,50,8,-1,-1,-1,-1,1,-1
201520S004715,1,9,0,18,0,6,0,0,0,0,1,1,6,1,29,6,1598,2,1,-1,1,-1
201520S004715,2,9,0,18,0,8,0,0,0,0,3,1,6,1,24,5,1242,1,4,-1,1,-1
201520S004725,1,9,0,9,0,6,0,0,0,0,3,1,6,2,30,6,1398,2,11,-1,1,-1
201520S004725,2,9,0,9,0,6,0,0,0,0,3,1,2,1,41,7,1587,1,14,-1,-1,-1
201520S005085,1,9,0,9,0,8,0,0,0,0,3,1,6,3,-1,-1,-1,-1,-1,-1,-1,-1
201520S005085,2,9,0,18,0,8,0,0,0,0,1,1,6,2,32,6,-1,-1,-1,-1,1,-1
201520S005105,1,9,0,7,0,6,0,0,0,0,1,1,6,2,-1,-1,-1,-1,-1,-1,-1,-1
201520S005105,2,1,0,18,4,8,0,0,0,0,2,1,2,1,31,6,-1,-1,-1,-1,1,-1
201520S005155,1,3,0,13,0,8,0,0,0,0,1,1,6,1,47,8,124,1,3,-1,1,-1
201520S005155,2,9,0,9,0,5,0,0,0,0,3,1,6,2,49,8,1422,2,14,-1,1,-1
201520S005825,1,9,0,10,0,8,0,0,0,0,1,1,6,1,50,8,-1,-1,-1,-1,-1,-1
201520S005825,2,9,0,4,0,8,0,0,0,0,1,1,3,1,70,10,999,1,15,-1,1,-1
201520S005835,1,9,0,9,0,6,0,0,0,0,3,1,6,1,26,6,1796,1,12,-1,1,-1
201520S005835,2,19,0,14,0,8,0,0,0,0,1,1,1,1,29,6,2151,2,11,-1,1,-1
201520S005875,1,9,0,7,0,5,0,0,0,0,1,1,3,2,37,7,1398,2,12,-1,1,-1
201520S005875,2,1,0,18,3,8,0,0,0,0,1,1,1,1,35,6,-1,-1,-1,-1,1,-1
201520S005905,1,9,0,4,0,2,0,0,0,0,1,1,2,2,47,8,1896,2,8,-1,1,-1
201520S005955,1,9,0,18,0,0,0,0,0,0,4,1,6,2,28,6,1598,1,6,-1,1,-1
201520S005955,2,9,0,13,0,0,0,0,0,0,3,1,6,1,-1,-1,2148,2,6,-1,-1,-1
201520S006335,1,19,0,5,0,2,0,0,0,0,1,1,6,1,-1,-1,1248,2,7,-1,-1,-1
201520S006335,2,9,0,3,0,2,0,0,0,0,2,1,6,2,45,7,1390,1,10,-1,1,-1
201520S007135,1,9,0,18,0,0,0,0,0,0,1,1,2,1,19,4,1598,1,2,-1,1,-1
201520S007195,1,9,0,18,0,0,0,0,0,0,1,1,6,1,53,8,1388,1,4,-1,1,-1
201520S007255,1,3,0,18,0,0,0,0,0,0,1,1,6,1,22,5,125,1,3,-1,1,-1
201520S007255,2,9,0,5,0,0,0,0,0,0,2,1,6,2,46,8,995,1,4,-1,1,-1
201520S007255,3,9,0,18,0,0,0,0,0,0,1,1,6,2,38,7,1598,1,8,-1,1,-1
201520S007395,1,9,0,7,0,6,1,0,0,0,1,1,6,3,-1,-1,-1,-1,-1,-1,-1,-1
201520S007405,1,9,0,9,0,8,0,0,0,0,3,1,6,1,-1,-1,-1,-1,-1,-1,-1,-1
201520S007405,2,1,0,4,0,8,2,0,0,0,1,1,2,1,20,4,-1,-1,-1,-1,1,-1
201520S007415,1,9,0,1,0,8,0,0,0,0,2,1,6,1,23,5,1149,1,6,-1,1,-1
201520S007715,1,9,0,7,0,2,0,0,0,0,1,1,2,1,20,4,1599,1,10,-1,1,-1
201520S007755,1,9,0,4,0,0,0,0,0,0,1,1,1,2,20,4,998,1,7,-1,1,-1
201520S007845,1,9,0,4,0,8,0,0,0,0,2,1,6,1,20,4,1364,1,9,-1,1,-1
201520S007845,2,11,0,18,0,8,0,0,0,0,1,1,1,1,-1,-1,8268,2,10,-1,-1,-1
201520S007845,3,9,0,5,0,8,0,0,0,0,0,1,6,3,-1,-1,-1,-1,-1,-1,-1,-1
201520S007995,1,17,0,5,0,8,0,0,0,0,1,1,1,1,-1,-1,3990,2,11,-1,-1,-1
201520S007995,2,9,0,18,0,8,0,0,0,0,4,1,6,1,61,9,1398,1,3,-1,1,-1
201520S008005,1,9,0,9,0,8,0,0,0,0,1,1,6,1,-1,-1,-1,-1,-1,-1,-1,-1
201520S008005,2,9,0,18,0,8,0,0,0,0,3,1,2,2,21,5,1242,1,3,-1,3,-1
201520S008015,1,9,0,18,0,1,1,10,1,10,1,1,6,1,20,4,-1,-1,-1,-1,1,-1
201520S008045,1,9,0,9,0,5,0,0,0,0,1,1,6,1,77,11,1108,1,8,-1,1,-1
201520S008075,1,9,0,9,0,6,0,0,0,0,2,1,6,2,44,7,1390,1,18,-1,1,-1
201520S008075,2,5,0,13,0,8,1,0,0,0,1,1,2,1,55,8,805,1,3,-1,1,-1
201520S008085,1,9,0,5,0,8,0,0,0,0,1,1,6,2,55,8,1242,1,1,-1,-1,-1
201520S008085,2,9,0,18,0,8,0,0,0,0,4,1,6,2,47,8,1242,1,4,-1,1,-1
201520S008145,1,19,0,18,0,1,0,0,0,0,1,1,1,1,35,6,-1,-1,-1,-1,-1,-1
201520S008145,2,9,0,8,0,1,0,0,0,0,2,1,1,2,25,5,1198,1,2,-1,1,-1
201520S008285,1,9,0,18,0,0,0,0,0,0,1,1,6,1,-1,-1,1956,2,1,-1,1,-1
201520S008285,2,9,0,3,0,0,0,0,0,0,2,1,1,1,22,5,1399,2,7,-1,1,-1
201520S008405,1,5,0,5,0,0,2,0,0,0,4,1,2,1,50,8,-1,-1,-1,-1,1,-1
201520S008635,1,9,0,18,0,0,0,10,1,0,1,1,6,3,-1,-1,-1,-1,-1,-1,-1,-1
201520S008645,1,9,0,1,0,2,0,0,0,0,2,1,6,2,34,6,-1,-1,-1,-1,1,-1
201520S008655,1,9,0,5,0,8,0,10,0,0,3,1,6,1,43,7,1396,1,12,-1,1,-1
201520S008655,2,9,0,18,0,8,0,0,0,0,1,1,6,2,29,6,1598,1,12,-1,1,-1
201520S009055,1,19,0,18,0,6,0,0,0,0,1,1,1,1,21,5,1995,2,7,-1,1,-1
201520S009055,2,19,0,18,0,8,0,10,1,7,3,1,1,1,42,7,1997,2,8,-1,1,-1
201520S009095,1,9,0,18,0,0,0,0,0,0,3,1,6,1,28,6,1781,1,12,-1,1,-1
201520S009095,2,9,0,18,0,0,0,0,0,0,1,1,6,2,54,8,1968,2,1,-1,1,-1
201520S009165,1,9,0,9,0,3,0,0,0,0,1,1,1,1,46,8,1596,1,11,-1,1,-1
201520S009165,2,1,0,18,0,8,0,0,0,0,2,1,2,2,-1,-1,-1,-1,-1,-1,1,-1
201520S009245,1,3,0,14,0,8,0,0,0,0,1,1,6,2,44,7,124,1,14,-1,1,-1
201520S009245,2,9,0,9,0,8,0,0,0,0,1,1,6,2,29,6,1248,1,4,-1,1,-1
201520S009685,1,9,0,18,0,8,0,0,0,0,4,1,6,2,63,9,1598,1,7,-1,1,-1
201520S009685,2,9,0,18,0,8,0,0,0,0,1,1,6,2,60,9,-1,-1,-1,-1,1,-1
201520S009765,1,9,0,9,0,6,0,0,0,0,3,1,6,2,64,9,1796,1,12,-1,1,-1
201520S009765,2,1,0,18,0,8,0,0,0,0,1,1,6,2,49,8,-1,-1,-1,-1,1,-1
201520S009835,1,9,0,9,0,1,1,6,1,10,1,1,6,1,18,4,1242,1,7,-1,1,-1
201520S009925,1,19,0,18,0,1,1,0,0,0,1,1,6,1,34,6,-1,-1,-1,-1,1,-1
201520S009925,2,9,0,9,0,1,0,0,0,0,2,1,6,1,37,7,1242,1,1,-1,1,-1
201520S009925,3,9,0,18,0,2,0,0,0,0,1,1,6,1,35,6,1910,2,14,-1,1,-1
201520S010005,1,9,0,18,0,1,0,0,0,0,1,1,2,2,47,8,1596,1,15,-1,1,-1
201520S010015,1,9,0,18,0,0,0,0,0,0,1,1,6,3,-1,-1,-1,-1,-1,-1,-1,-1
201520S010015,2,1,0,18,0,0,0,0,1,0,2,1,1,1,43,7,-1,-1,-1,-1,1,-1
201520S010185,1,8,0,3,0,0,0,0,0,0,2,1,1,1,34,6,2204,2,8,-1,-1,-1
201520S010185,2,9,0,18,0,0,0,0,0,0,1,1,6,1,-1,-1,2498,1,18,-1,-1,-1
201520S010265,1,9,0,18,0,0,0,0,0,0,1,1,6,2,29,6,1198,1,1,-1,1,-1
201520S010265,2,90,0,18,0,0,0,0,0,0,2,1,6,1,48,8,-1,-1,-1,-1,1,-1
201520S010275,1,9,0,18,0,0,0,0,0,0,1,1,6,1,45,7,-1,-1,-1,-1,1,-1
201520S010275,2,9,0,18,0,0,0,0,0,0,2,1,6,2,35,6,1598,2,5,-1,1,-1
201520S010565,1,9,0,6,0,0,0,0,0,0,1,1,6,2,-1,-1,1398,2,7,-1,-1,-1
201520S010565,2,9,0,18,0,0,0,0,0,0,3,1,3,2,58,9,1198,1,11,-1,1,-1
201520S010695,1,9,0,4,0,6,0,0,0,0,1,1,1,1,-1,-1,1968,2,3,-1,-1,-1
201520S010695,2,1,0,18,0,8,5,0,0,0,2,1,2,1,26,6,-1,-1,-1,-1,1,-1
201520S010715,1,9,0,13,0,8,0,0,0,0,1,1,6,1,-1,-1,2000,1,15,-1,-1,-1
201520S010715,2,9,0,9,0,5,0,0,0,0,1,1,6,2,35,6,1242,1,3,-1,1,-1
201520S010965,1,9,0,18,0,0,0,0,0,0,1,1,2,1,62,9,1686,2,5,-1,1,-1
201520S011065,1,9,0,3,0,1,0,0,0,0,2,1,1,1,48,8,1598,1,11,-1,1,-1
201520S011065,2,9,0,18,0,1,0,0,0,0,1,1,1,1,54,8,1794,1,14,-1,1,-1
201520S011065,3,9,0,18,0,8,0,0,0,0,0,1,6,1,30,6,1956,2,1,-1,-1,-1
201520S011475,1,9,0,6,0,5,0,0,0,0,2,1,6,2,23,5,1198,1,2,-1,1,-1
201520S011475,2,8,0,18,0,8,0,0,0,0,1,1,1,1,39,7,1997,2,10,-1,1,-1
201520S011495,1,9,0,18,0,8,0,0,0,0,1,1,6,2,32,6,1242,1,7,-1,1,-1
201520S011495,2,9,0,18,0,8,0,0,0,0,4,1,1,1,50,8,2231,2,7,-1,1,-1
201520S011695,1,19,0,18,0,8,0,0,0,0,1,1,6,1,41,7,-1,-1,-1,-1,1,-1
201520S011695,2,9,0,16,0,8,0,0,0,0,1,1,1,1,46,8,1229,1,3,-1,1,-1
201520S011705,1,9,0,18,0,2,0,0,0,0,4,1,6,2,45,7,1910,2,8,-1,1,-1
201520S011715,1,9,0,18,0,8,1,10,3,10,1,1,2,1,23,5,1364,1,9,-1,1,-1
201520S011715,2,9,0,18,0,8,1,0,0,0,4,1,2,2,49,8,-1,-1,-1,-1,1,-1
201520S011715,3,9,0,18,0,8,0,0,0,0,4,1,6,2,45,7,1390,1,10,-1,1,-1
201520S011955,1,9,0,9,0,8,0,0,0,0,1,1,1,2,60,9,-1,-1,-1,-1,1,-1
201520S011955,2,9,0,18,0,8,0,0,0,0,1,1,6,1,-1,-1,-1,-1,-1,-1,-1,-1
201520S012055,1,9,0,18,0,0,0,0,0,0,1,1,6,1,59,9,1588,1,12,-1,1,-1
201520S012215,1,9,0,18,0,1,0,0,0,0,3,1,2,2,33,6,1360,1,11,-1,1,-1
201520S012215,2,1,0,17,0,1,0,0,0,0,1,1,2,1,61,9,-1,-1,-1,-1,1,-1
201520S012565,1,9,0,18,0,3,0,0,0,0,1,1,1,2,25,5,1360,1,4,-1,1,-1
201520S012605,1,9,0,18,0,8,0,0,0,0,1,1,6,1,-1,-1,1598,2,1,-1,-1,-1
201520S012605,2,9,0,18,0,8,0,0,0,0,4,1,6,1,39,7,1399,2,11,-1,1,-1
201520S012645,1,9,0,18,0,0,0,0,0,0,1,1,3,2,42,7,1242,1,2,-1,1,-1
201520S012665,1,9,0,13,0,0,0,0,0,0,1,1,6,1,26,6,2967,2,8,-1,3,-1
201520S012665,2,9,0,18,0,0,0,0,0,0,0,1,6,2,57,9,1124,1,10,-1,1,-1
201520S012665,3,9,0,18,0,0,0,0,0,0,1,1,6,1,21,5,-1,-1,-1,-1,1,-1
201520S012825,1,9,0,18,0,0,0,0,0,0,1,1,2,2,30,6,1242,1,8,-1,1,-1
201520S012875,1,9,0,18,0,8,0,0,0,0,0,1,6,2,52,8,-1,-1,-1,-1,1,-1
201520S012875,2,9,0,18,0,8,0,7,3,1,1,1,6,1,40,7,-1,-1,-1,-1,1,-1
201520S012875,3,9,0,3,0,1,0,0,0,0,3,1,6,2,47,8,1390,1,2,-1,1,-1
201520S013025,1,9,0,9,0,5,0,0,0,0,1,1,6,2,28,6,1968,2,1,-1,3,-1
201520S013025,2,9,0,18,0,1,0,0,0,0,1,1,6,1,53,8,1248,2,7,-1,1,-1
201520S013065,1,9,0,9,0,8,0,0,0,0,3,1,2,1,35,6,998,1,12,-1,1,-1
201520S013065,2,5,0,18,0,8,0,0,0,0,1,1,6,1,38,7,659,1,1,-1,1,-1
201520S013135,1,5,0,18,0,0,1,4,0,0,1,1,1,1,29,6,600,1,18,-1,1,-1
201520S013135,2,9,0,2,0,0,0,0,0,0,1,1,6,1,56,9,1560,2,3,-1,1,-1
201520S013245,1,9,0,18,0,6,1,10,1,0,3,1,6,2,36,7,1389,1,12,-1,1,-1
201520S013245,2,9,0,18,0,8,1,10,7,0,1,1,6,1,20,4,1229,1,3,-1,1,-1
201520S013285,1,9,0,5,0,6,0,0,0,0,1,1,6,1,-1,-1,1398,1,1,-1,-1,-1
201520S013285,2,9,0,18,0,8,0,0,0,0,3,1,6,2,48,8,1586,1,11,-1,1,-1
201520S013285,3,9,0,3,0,1,0,0,0,0,1,1,6,3,-1,-1,1499,2,1,-1,-1,-1
201520S013295,1,9,0,18,0,2,0,0,0,0,1,1,3,2,38,7,1582,2,5,-1,1,-1
201520S013315,1,9,0,18,0,1,0,0,0,0,1,1,2,1,37,7,1339,1,13,-1,1,-1
201520S013315,2,9,0,5,0,1,0,0,0,0,1,1,6,1,-1,-1,1781,1,12,-1,-1,-1
201520S013375,1,9,0,4,0,0,0,0,0,0,1,1,2,2,53,8,1242,1,2,-1,1,-1
201520S013375,2,4,0,3,0,0,0,0,0,0,2,1,2,1,52,8,348,1,20,-1,1,-1
201520S013405,1,9,0,9,0,8,0,0,0,0,3,1,6,1,39,7,1896,2,9,-1,1,-1
201520S013405,2,1,0,18,0,8,0,0,0,0,1,1,6,1,21,5,-1,-1,-1,-1,1,-1
201520S013415,1,9,0,5,0,0,0,0,0,0,3,1,1,1,40,7,2204,2,10,-1,1,-1
201520S013485,1,9,0,18,9,8,1,10,3,10,1,1,6,1,20,4,-1,-1,-1,-1,1,-1
201520S013575,1,9,0,18,0,8,0,0,0,0,1,1,6,1,28,6,1896,2,7,-1,1,-1
201520S013575,2,9,0,9,0,8,0,0,0,0,4,1,6,2,22,5,-1,-1,-1,-1,1,-1
201520S013675,1,9,0,18,0,2,5,10,1,2,1,1,6,2,20,4,-1,-1,-1,-1,1,-1
201520S013675,2,9,0,2,0,2,0,0,0,0,0,1,6,2,45,7,1598,1,5,-1,1,-1
201520S013685,1,9,0,7,9,6,0,0,0,0,1,1,6,1,-1,-1,-1,-1,-1,-1,-1,-1
201520S013695,1,9,0,9,0,3,0,0,0,0,3,1,6,2,33,6,1229,1,1,-1,1,-1
201520S013695,2,9,0,18,0,8,1,10,7,4,1,1,6,3,-1,-1,1598,1,7,-1,-1,-1
201520S013845,1,9,0,9,0,6,0,0,0,0,4,1,1,1,48,8,1248,2,1,-1,-1,-1
201520S014055,1,9,0,18,0,8,0,0,0,0,1,1,2,1,24,5,-1,-1,-1,-1,1,-1
201520S014055,2,9,0,18,0,8,0,10,1,10,1,1,6,1,42,7,1497,1,13,-1,1,-1
201520S014775,1,9,0,9,0,8,0,0,0,0,3,1,6,2,55,8,-1,-1,-1,-1,1,-1
201520S014775,2,5,0,18,0,8,0,0,0,0,1,1,6,1,26,6,748,1,10,-1,1,-1
201520S015075,1,9,0,7,0,6,0,0,0,0,3,1,6,1,65,9,-1,-1,-1,-1,1,-1
201520S015075,2,9,0,18,0,8,0,0,0,0,1,1,6,2,33,6,1595,1,8,-1,1,-1
201520S015885,1,3,0,17,0,1,1,10,0,0,1,1,6,1,20,4,124,1,16,-1,-1,-1
201520S016135,1,3,0,18,0,2,5,10,2,2,4,1,6,1,23,5,125,1,10,-1,1,-1
201520S016275,1,19,0,9,0,8,0,0,0,0,1,1,6,1,71,10,2402,2,11,-1,1,-1
201520S016275,2,1,0,18,0,8,0,0,0,0,3,1,6,1,64,9,-1,-1,-1,-1,1,-1
201520S016345,1,9,0,18,0,0,0,0,0,0,2,1,6,2,37,7,1598,1,13,-1,1,-1
201520S016345,2,9,0,18,0,0,0,0,0,0,1,1,6,1,28,6,1396,1,18,-1,1,-1
201520S016345,3,9,0,18,0,0,0,0,0,0,1,1,6,1,39,7,1560,2,6,-1,1,-1
201520S016435,1,9,0,18,0,1,0,0,0,0,1,1,6,1,-1,-1,1910,2,8,-1,-1,-1
201520S016435,2,9,0,3,0,1,0,0,0,0,2,1,6,1,33,6,1995,2,11,-1,1,-1
201520S016515,1,9,0,5,0,6,0,0,0,0,1,1,1,2,50,8,1328,1,9,-1,1,-1
201520S016515,2,1,0,18,0,8,0,0,0,0,1,1,6,1,25,5,-1,-1,-1,-1,1,-1
201520S016555,1,9,0,5,0,8,0,10,1,2,4,1,6,1,22,5,-1,-1,-1,-1,-1,-1
201520S016555,2,9,0,18,0,8,0,0,0,0,1,1,6,2,25,5,1339,1,9,-1,1,-1
201520S016605,1,9,0,18,0,3,0,0,0,0,1,1,1,2,28,6,1497,1,15,-1,1,-1
201520S016645,1,9,0,18,0,0,0,0,0,0,1,1,1,1,24,5,1686,2,9,-1,1,-1
201520S016725,1,9,0,18,0,1,0,0,0,0,1,1,6,1,52,8,1998,2,8,-1,1,-1
201520S016725,2,9,0,9,0,2,0,0,0,0,1,1,6,1,-1,-1,-1,-1,-1,-1,-1,-1
201520S017305,1,9,0,18,0,0,0,0,0,0,1,1,6,2,62,9,1240,1,9,-1,1,-1
201520S017325,1,9,0,18,0,1,0,0,0,0,1,1,1,1,65,9,1753,2,8,-1,1,-1
201520S017375,1,21,1,18,0,1,0,0,0,0,1,2,1,1,59,9,-1,-1,-1,-1,1,-1
201520S017465,1,9,0,18,0,1,0,0,0,0,1,1,6,1,71,10,2435,1,16,-1,1,-1
201520S017605,1,8,0,18,0,8,0,0,0,0,1,1,1,1,59,9,2496,2,18,-1,1,-1
201520S017605,2,9,0,9,0,8,0,10,7,0,1,1,6,2,44,7,1360,1,6,-1,1,-1
201520S018525,1,9,0,17,0,0,1,10,1,0,1,1,6,3,-1,-1,-1,-1,-1,-1,-1,-1
201520S018525,2,9,0,16,0,0,1,0,0,0,3,1,3,1,42,7,1968,2,1,-1,1,-1
201520S018575,1,9,0,13,0,8,0,0,7,0,4,1,1,1,41,7,2967,2,4,-1,1,-1
201520S018575,2,9,0,9,0,8,0,0,7,0,3,1,6,1,56,9,-1,-1,-1,-1,1,-1
201520S018695,1,9,0,18,0,2,0,11,0,0,2,1,6,1,60,9,1270,1,21,-1,1,-1
201520S018705,1,9,0,18,0,1,0,0,0,0,1,1,1,1,35,6,2198,2,9,-1,1,-1
201520S019065,1,8,0,9,0,5,0,0,0,0,4,1,1,1,63,9,-1,-1,-1,-1,-1,-1
201520S019065,2,1,0,18,0,8,0,0,0,0,1,1,1,1,37,7,-1,-1,-1,-1,1,-1
201520S019585,1,9,0,5,0,6,0,0,0,0,1,1,6,1,53,8,-1,-1,-1,-1,1,-1
201520S019585,2,9,0,18,0,8,1,7,0,0,3,1,6,1,39,7,1896,2,7,-1,1,-1
201520S019585,3,9,0,18,0,8,1,0,0,0,1,1,6,1,41,7,1596,1,1,-1,1,-1
201520S019595,1,9,0,9,0,5,0,0,0,0,4,1,6,2,56,9,1598,1,3,-1,1,-1
201520S019595,2,9,0,18,0,8,0,0,0,0,1,1,2,1,34,6,1900,2,9,-1,1,-1
201520S019815,1,9,0,9,0,5,0,0,0,0,3,1,6,1,71,10,2231,2,8,-1,3,-1
201520S019815,2,9,0,18,0,8,0,0,0,0,1,1,6,2,47,8,1596,1,14,-1,1,-1
201520S020285,1,9,0,4,0,0,0,0,0,0,1,1,2,2,56,9,1598,1,2,-1,1,-1
201520S020325,1,9,0,5,0,6,0,0,0,0,1,1,6,2,66,10,1560,2,5,-1,1,-1
201520S020325,2,9,0,18,0,8,0,0,0,0,4,1,6,1,25,5,-1,-1,-1,-1,1,-1
201520S020375,1,9,0,18,0,8,0,0,0,0,4,1,6,2,53,8,1598,1,9,-1,1,-1
201520S020375,2,9,0,18,0,8,0,0,0,0,1,1,6,1,33,6,1598,1,7,-1,1,-1
201520S020435,1,9,0,18,0,0,0,0,0,0,1,1,1,1,71,10,1799,1,18,-1,1,-1
201520S020555,1,9,0,9,0,6,0,0,0,0,2,1,6,2,20,4,1598,2,1,-1,1,-1
201520S020555,2,9,0,4,0,6,0,0,0,0,1,1,6,1,-1,-1,1598,1,5,-1,-1,-1
201520S020575,1,9,0,18,0,4,0,0,0,0,1,1,6,1,24,5,1686,2,2,-1,1,-1
201520S020575,2,1,0,18,0,3,0,0,0,0,1,1,6,1,33,6,-1,-1,-1,-1,1,-1
201520S020735,1,9,0,18,0,2,0,0,0,0,1,1,6,1,37,7,-1,-1,-1,-1,1,-1
201520S020755,1,9,0,18,0,3,0,0,0,0,4,1,6,1,24,5,1299,1,8,-1,1,-1
201520S020755,2,9,0,18,0,3,0,0,0,0,1,1,6,3,-1,-1,998,1,9,-1,-1,-1
201520S020905,1,19,0,18,0,1,0,0,0,0,1,1,6,1,-1,-1,2463,2,13,-1,1,-1
201520S020905,2,9,0,3,0,8,0,0,0,0,2,1,6,2,28,6,1349,1,11,-1,1,-1
201520S020905,3,9,0,5,0,1,0,0,0,0,1,1,6,1,-1,-1,1951,2,13,-1,1,-1
201520S021005,1,9,0,18,9,0,0,10,7,10,1,1,6,1,18,4,-1,-1,-1,-1,-1,-1
201520S021005,2,9,0,2,9,0,0,0,0,0,4,1,6,3,-1,-1,1400,2,8,-1,1,-1
201520S021025,1,9,0,18,0,8,1,0,0,0,1,1,6,1,27,6,1598,1,11,-1,-1,-1
201520S021025,2,9,0,18,0,1,0,0,0,0,1,1,6,1,22,5,1600,1,11,-1,1,-1
201520S021025,3,9,0,9,0,6,0,0,0,0,2,1,6,2,38,7,1896,2,14,-1,1,-1
201520S021085,1,9,0,4,0,8,0,0,0,0,1,1,6,1,-1,-1,1364,1,7,-1,1,-1
201520S021085,2,9,0,3,0,8,0,0,0,0,2,1,6,1,64,9,1598,1,13,-1,1,-1
201520S021095,1,9,0,18,0,0,0,10,1,5,1,1,6,1,37,7,1362,1,1,-1,1,-1
201520S021095,2,9,0,5,0,0,0,0,0,0,2,1,6,1,37,7,1560,2,9,-1,1,-1
201520S021135,1,8,0,14,0,0,0,0,0,0,1,1,6,3,-1,-1,-1,-1,-1,-1,-1,-1
201520S021185,1,9,0,18,0,0,0,0,0,0,1,1,6,1,66,10,1396,1,15,-1,1,-1
201520S021225,1,9,0,1,0,8,0,0,0,0,2,1,6,2,-1,-1,1390,1,14,-1,-1,-1
201520S021225,2,9,0,18,0,8,0,0,0,0,3,1,6,1,45,7,1796,1,8,-1,1,-1
201520S021375,1,9,0,3,0,8,0,0,0,0,0,1,1,2,31,6,1956,2,1,-1,1,-1
201520S021385,1,9,0,2,0,2,0,0,0,0,1,1,1,1,27,6,1956,2,1,-1,-1,-1
201520S021385,2,19,0,1,0,1,0,4,0,0,2,1,6,3,-1,-1,2298,2,5,-1,-1,-1