Accident_Index,Vehicle_Reference,Vehicle_Type,Towing_and_Articulation,Vehicle_Manoeuvre,Vehicle_Location-Restricted_Lane,Junction_Location,Skidding_and_Overturning,Hit_Object_in_Carriageway,Vehicle_Leaving_Carriageway,Hit_Object_off_Carriageway,1st_Point_of_Impact,Was_Vehicle_Left_Hand_Drive?,Journey_Purpose_of_Driver,Sex_of_Driver,Age_of_Driver,Age_Band_of_Driver,Engine_Capacity_(CC),Propulsion_Code,Age_of_Vehicle,Driver_IMD_Decile,Driver_Home_Area_Type,Vehicle_IMD_Decile
201520S021465,1,9,0,7,0,3,0,0,0,0,3,1,6,2,20,4,1242,1,3,-1,1,-1
201520S021465,2,9,0,18,0,4,0,0,0,0,1,1,6,1,-1,-1,-1,-1,-1,-1,-1,-1
201520S021885,1,8,0,18,0,0,0,0,0,0,3,1,1,1,-1,-1,1997,2,10,-1,1,-1
201520S021895,1,9,0,5,0,0,0,0,0,0,1,1,6,1,-1,-1,-1,-1,-1,-1,-1,-1
201520S021895,2,9,0,18,0,0,1,0,0,0,4,1,1,1,19,4,1988,2,11,-1,1,-1
201520S021915,1,9,0,18,0,8,0,0,0,0,1,1,6,1,-1,-1,1984,1,14,-1,-1,-1
201520S021915,2,9,0,9,0,5,0,0,0,0,4,1,6,1,38,7,1997,1,14,-1,1,-1
201520S021925,1,9,0,4,0,1,1,0,0,0,1,1,6,1,-1,-1,-1,-1,-1,-1,1,-1
201520S021925,2,9,0,3,0,1,0,0,0,0,2,1,1,2,43,7,998,1,1,-1,1,-1
201520S022015,1,5,0,18,0,8,0,0,0,0,1,1,6,1,31,6,-1,-1,-1,-1,1,-1
201520S022015,2,9,0,9,0,5,0,0,0,0,2,1,6,1,27,6,1364,1,5,-1,1,-1
201520S022415,1,9,0,18,0,2,0,7,1,10,3,1,6,1,22,5,1995,2,7,-1,1,-1
201520S022465,1,9,0,1,0,2,0,0,0,0,2,1,6,1,-1,-1,1560,2,10,-1,1,-1
201520S022465,2,9,0,3,0,1,0,0,0,0,1,1,3,1,33,6,2231,2,6,-1,-1,-1
201520S022495,1,8,0,18,0,8,0,0,0,0,2,1,1,1,40,7,1794,1,9,-1,1,-1
201520S022495,2,9,0,18,0,8,0,0,0,0,1,1,1,1,39,7,1798,1,11,-1,1,-1
201520S022495,3,9,0,3,0,1,0,0,0,0,0,1,1,1,36,7,1956,2,1,-1,-1,-1
201520S022945,1,9,0,18,0,8,0,10,3,7,1,1,6,1,19,4,1390,1,12,-1,-1,-1
201520S022945,2,9,0,18,0,8,0,10,7,0,3,1,1,1,42,7,2143,2,3,-1,1,-1
201520S022945,3,9,0,4,0,8,0,0,0,0,1,1,1,1,-1,-1,1686,2,8,-1,-1,-1
201520S023325,1,9,0,18,0,0,0,0,0,0,1,1,6,1,-1,-1,-1,-1,-1,-1,-1,-1
201520S023325,2,1,0,18,0,0,5,0,0,0,4,1,4,1,13,3,-1,-1,-1,-1,-1,-1
201520S023335,1,9,0,18,0,0,0,10,7,4,1,1,6,2,22,5,1388,1,8,-1,1,-1
201520S023735,1,9,0,18,0,1,0,0,0,0,1,1,6,1,-1,-1,1560,2,9,-1,1,-1
201520S023735,2,9,0,3,0,1,0,0,0,0,2,1,6,1,37,7,1984,1,9,-1,1,-1
201520S023735,3,9,0,3,0,1,0,0,0,0,2,1,6,1,33,6,-1,-1,-1,-1,1,-1
201520S023815,1,9,0,18,0,1,0,0,0,0,1,1,2,2,53,8,1086,1,9,-1,1,-1
201520S023825,1,9,0,5,0,6,0,0,0,0,1,1,1,1,25,5,1995,1,8,-1,2,-1
201520S023825,2,9,0,18,0,1,0,0,0,0,1,1,1,2,59,9,1339,1,12,-1,-1,-1
201520S024125,1,1,0,15,0,2,0,8,0,0,3,1,2,1,40,7,-1,-1,-1,-1,1,-1
201520S024125,2,9,0,3,0,2,0,0,0,0,4,1,6,2,28,6,1998,2,14,-1,1,-1
201520S024545,1,9,0,9,0,6,0,0,0,0,4,1,6,1,76,11,1796,1,5,-1,1,-1
201520S024545,2,5,0,18,0,1,5,10,1,0,3,1,6,1,20,4,600,1,17,-1,1,-1
201520S025105,1,9,0,18,0,0,0,0,0,0,4,1,6,1,70,10,-1,-1,-1,-1,-1,-1
201520S025105,2,1,0,18,0,0,0,0,0,0,3,1,1,1,17,4,-1,-1,-1,-1,1,-1
201520S025255,1,9,0,16,0,1,1,0,0,0,1,1,6,1,31,6,2497,1,10,-1,1,-1
201520S025255,2,9,0,3,0,1,0,0,0,0,2,1,1,2,43,7,1248,1,5,-1,1,-1
201520S025395,1,9,0,18,0,1,0,0,0,0,1,1,1,2,52,8,1586,1,-1,-1,1,-1
201520S025395,2,1,0,12,0,1,0,0,0,0,3,1,6,1,14,3,-1,-1,-1,-1,1,-1
201520S025515,1,19,0,18,0,6,0,0,0,0,3,1,1,1,45,7,-1,-1,-1,-1,1,-1
201520S025515,2,9,0,18,0,8,0,0,0,0,1,1,6,1,62,9,1229,1,4,-1,1,-1
201520S025885,1,9,0,14,0,2,0,0,0,0,1,1,2,1,51,8,1896,2,11,-1,1,-1
201520S025955,1,19,0,18,0,0,0,0,0,0,1,1,1,1,41,7,2188,2,12,-1,1,-1
201520S025955,2,20,0,18,0,0,0,0,0,0,1,1,1,1,45,7,7146,2,5,-1,1,-1
201520S026465,1,9,0,12,0,8,0,0,0,0,3,1,6,3,-1,-1,-1,-1,-1,-1,-1,-1
201520S026465,2,9,0,18,0,8,0,0,0,0,4,1,6,1,29,6,1598,1,2,-1,1,-1
201520S026795,1,9,0,9,0,2,0,0,0,0,3,1,6,2,44,7,1598,1,2,-1,1,-1
201520S026905,1,9,0,18,0,0,0,0,0,0,1,1,6,1,50,8,-1,-1,-1,-1,-1,-1
201520S026975,1,9,0,5,0,6,0,0,0,0,4,1,6,1,72,10,2378,7,11,-1,1,-1
201520S026975,2,9,0,18,0,8,0,0,0,0,1,1,6,2,27,6,1229,1,-1,-1,1,-1
201520S027095,1,9,0,18,0,1,0,0,0,0,1,1,6,2,47,8,1242,1,4,-1,1,-1
201520S027095,2,9,0,8,0,1,0,0,0,0,2,1,1,2,47,8,1149,1,2,-1,1,-1
201520S027225,1,9,0,18,0,0,0,0,0,0,4,1,2,1,54,8,2902,2,11,-1,1,-1
201520S027395,1,9,0,12,0,0,0,0,0,0,1,1,6,2,-1,-1,1198,1,2,-1,1,-1
201520S027395,2,9,0,3,0,0,0,0,0,0,4,1,6,2,29,6,1796,1,1,-1,1,-1
201520S027405,1,9,0,9,0,5,0,0,0,0,1,1,6,1,49,8,4398,1,13,-1,1,-1
201520S027405,2,9,0,18,0,8,5,10,2,4,1,1,6,2,43,7,1598,1,12,-1,1,-1
201520S027745,1,9,0,5,0,8,1,0,0,0,4,1,6,1,20,4,1298,1,13,-1,1,-1
201520S027745,2,9,0,18,0,8,1,0,0,0,1,1,6,2,27,6,1198,1,-1,-1,1,-1
201520S027755,1,9,0,4,0,0,0,0,0,0,1,1,6,2,-1,-1,-1,-1,-1,-1,-1,-1
201520S027755,2,9,0,4,0,0,0,0,0,0,2,1,6,1,-1,-1,-1,-1,-1,-1,-1,-1
201520S027755,3,9,0,3,0,0,0,0,0,0,2,1,2,1,30,6,998,1,1,-1,1,-1
201520S027855,1,9,0,7,0,6,0,0,0,0,1,1,6,1,46,8,1753,2,8,-1,1,-1
201520S027855,2,9,0,18,0,2,0,0,0,0,4,1,6,2,44,7,1364,1,7,-1,1,-1
201520S027955,1,3,0,18,0,1,0,0,0,0,1,1,1,1,24,5,124,1,5,-1,-1,-1
201520S027955,2,9,0,4,0,1,0,0,0,0,2,1,2,1,36,7,1598,1,6,-1,1,-1
201520S027985,1,9,0,5,0,6,0,0,0,0,3,1,6,2,25,5,1149,1,1,-1,1,-1
201520S027985,2,11,0,18,0,8,0,0,0,0,3,1,1,1,33,6,8268,2,11,-1,3,-1
201520S028045,1,9,0,1,0,1,0,0,1,0,2,1,6,1,-1,-1,2987,2,10,-1,-1,-1
201520S028245,1,9,0,18,0,0,0,0,0,0,3,1,6,3,-1,-1,-1,-1,-1,-1,-1,-1
201520S028255,1,9,0,18,0,0,0,4,0,0,1,1,6,1,27,6,-1,-1,-1,-1,1,-1
201520S028255,2,19,0,2,0,0,0,0,0,0,2,1,6,1,-1,-1,2402,2,6,-1,-1,-1
201520S028415,1,9,0,18,0,0,1,0,0,0,1,1,6,1,51,8,2000,1,19,-1,1,-1
201520S028415,2,9,0,3,0,0,0,0,0,0,2,1,6,1,34,6,1461,2,-1,-1,1,-1
201520S028835,1,9,0,18,0,0,0,10,4,4,1,1,6,1,38,7,1781,1,13,-1,1,-1
201520S028965,1,8,0,5,0,6,0,0,0,0,1,1,6,2,61,9,2496,2,16,-1,1,-1
201520S028965,2,9,0,18,0,8,0,0,0,0,3,1,3,2,25,5,1242,1,6,-1,1,-1
201520S029235,1,9,0,4,0,0,0,0,0,0,2,1,1,2,25,5,1296,1,9,-1,1,-1
201520S029235,2,9,0,12,0,0,0,0,0,0,1,1,6,1,-1,-1,2902,2,11,-1,-1,-1
201520S029295,1,9,0,9,0,8,0,0,0,0,1,1,1,1,46,8,1997,2,6,-1,1,-1
201520S029295,2,9,0,13,0,8,0,10,2,2,1,1,1,1,35,6,1598,1,5,-1,-1,-1
201520S029355,1,9,0,18,0,0,0,0,0,0,4,1,1,1,53,8,1598,1,7,-1,1,-1
201520S029385,1,9,0,18,0,1,0,0,0,0,3,1,6,2,31,6,1400,1,8,-1,1,-1
201520S029425,1,9,0,18,0,2,0,0,0,0,2,1,6,1,69,10,-1,-1,-1,-1,1,-1
201520S029425,2,9,0,18,0,2,0,0,0,0,1,1,6,2,70,10,1197,1,4,-1,1,-1
201520S029435,1,9,0,18,0,2,0,0,0,0,1,1,6,1,-1,-1,1061,1,10,-1,1,-1
201520S029435,2,9,0,18,0,2,0,0,0,0,2,1,6,2,46,8,1968,2,12,-1,1,-1
201520S029485,1,9,0,5,0,0,0,0,0,0,3,1,6,3,-1,-1,1956,2,1,-1,-1,-1
201520S029485,2,9,0,18,0,0,0,0,0,0,4,1,6,1,27,6,1397,1,13,-1,1,-1
201520S029495,1,9,0,5,0,0,0,0,0,0,4,1,6,2,70,10,1086,1,6,-1,1,-1
201520S029495,2,1,0,18,0,0,0,0,0,0,1,1,6,1,32,6,-1,-1,-1,-1,1,-1
201520S029605,1,9,0,18,0,1,0,0,0,0,1,1,6,2,39,7,1587,1,9,-1,1,-1
201520S029785,1,9,0,18,0,0,0,4,0,0,4,1,1,2,21,5,1242,1,12,-1,1,-1
201520S029785,2,9,0,2,0,0,0,0,0,0,2,1,6,2,64,9,2736,1,12,-1,1,-1
201520S029795,1,9,0,5,0,8,0,7,0,0,1,1,6,1,41,7,1598,1,10,-1,1,-1
201520S029795,2,9,0,18,0,8,0,0,0,0,4,1,6,1,44,7,1364,1,7,-1,1,-1
201520S029875,1,9,0,18,0,1,0,0,0,0,1,1,6,2,71,10,1596,1,8,-1,1,-1
201520S029875,2,9,0,3,0,1,0,0,0,0,2,1,6,1,49,8,1995,2,8,-1,1,-1
201520S030065,1,9,0,18,0,1,0,0,0,0,1,1,6,2,69,10,1798,1,9,-1,1,-1
201520S030175,1,9,0,18,0,4,0,0,0,0,1,1,6,1,35,6,1364,1,7,-1,1,-1
201520S030175,2,9,0,18,0,4,0,0,0,0,1,1,6,2,29,6,2179,2,3,-1,1,-1
201520S030185,1,8,0,7,5,8,0,0,0,0,4,1,1,1,38,7,2362,1,9,-1,1,-1
201520S030185,2,1,0,18,5,8,1,0,0,0,1,1,6,1,14,3,-1,-1,-1,-1,1,-1
201520S030225,1,8,0,18,0,0,0,0,0,0,1,1,6,1,81,11,-1,-1,-1,-1,1,-1
201520S030325,1,19,0,18,0,1,0,0,0,0,1,1,6,3,-1,-1,2151,2,11,-1,-1,-1
201520S030325,2,9,0,8,0,1,0,0,0,0,2,1,2,2,27,6,1398,1,1,-1,1,-1
201520S030355,1,9,0,4,0,1,0,0,0,0,1,1,2,2,46,8,1995,2,1,-1,1,-1
201520S030445,1,9,0,5,0,2,0,10,1,0,3,1,6,3,-1,-1,1560,2,6,-1,-1,-1
201520S030445,2,9,0,5,0,2,0,0,0,0,4,1,6,1,22,5,1149,1,10,-1,1,-1
201520S030465,1,1,0,18,0,3,0,0,0,0,4,1,6,1,53,8,-1,-1,-1,-1,3,-1
201520S030465,2,9,0,4,0,4,0,0,0,0,1,1,6,2,-1,-1,1596,1,9,-1,1,-1
201520S030495,1,9,0,7,0,1,0,0,0,0,4,1,6,1,43,7,998,1,-1,-1,1,-1
201520S030495,2,1,0,18,0,1,0,0,0,0,1,1,6,1,28,6,-1,-1,-1,-1,1,-1
201520S030505,1,9,0,18,0,8,0,0,0,0,1,1,6,1,45,7,2171,1,10,-1,1,-1
201520S030505,2,9,0,18,0,8,0,0,0,0,1,1,6,1,45,7,998,1,17,-1,1,-1
201520S030535,1,9,0,18,0,1,0,0,0,0,1,1,6,1,-1,-1,-1,-1,-1,-1,-1,-1
201520S030535,2,9,0,3,0,1,0,0,0,0,2,1,1,2,51,8,1242,1,6,-1,1,-1
201520S030615,1,9,0,18,0,4,0,0,0,0,1,1,6,1,83,11,1560,2,3,-1,1,-1
201520S030615,2,9,0,6,0,3,0,0,0,0,1,1,6,1,46,8,1461,2,2,-1,1,-1
201520S030625,1,9,0,16,0,0,0,0,0,0,1,1,1,1,23,5,-1,-1,-1,-1,1,-1
201520S030625,2,9,0,17,0,0,0,0,0,0,3,1,1,1,46,8,1596,1,7,-1,1,-1
201520S030815,1,9,0,5,0,8,0,0,0,0,1,1,6,1,25,5,1199,1,13,-1,-1,-1
201520S030815,2,9,0,18,0,8,0,0,0,0,3,1,3,2,32,6,1229,1,2,-1,1,-1
201520S030855,1,9,0,18,0,1,0,0,0,0,1,1,6,1,35,6,1995,2,11,-1,3,-1
201520S030855,2,9,0,9,0,1,0,0,0,0,1,1,6,1,22,5,1598,1,13,-1,1,-1
201520S030885,1,9,0,7,0,5,0,10,4,2,1,1,2,2,23,5,1229,1,2,-1,1,-1
201520S030925,1,9,0,9,0,6,0,0,0,0,3,1,6,1,33,6,1242,1,5,-1,1,-1
201520S030925,2,9,0,18,0,8,0,0,0,0,1,1,6,1,27,6,1390,1,16,-1,1,-1
201520S031155,1,9,0,5,0,4,0,0,0,0,1,1,6,3,-1,-1,-1,-1,-1,-1,-1,-1
201520S031155,2,1,0,18,0,5,0,0,0,0,1,1,6,1,21,5,-1,-1,-1,-1,1,-1
201520S031215,1,9,0,18,0,1,1,10,4,4,1,1,2,1,68,10,1086,1,7,-1,1,-1
201520S031225,1,9,0,18,0,0,0,0,0,0,1,1,6,1,64,9,1560,2,5,-1,1,-1
201520S031335,1,9,0,9,0,8,0,0,0,0,4,1,6,1,-1,-1,1397,1,5,-1,1,-1
201520S031335,2,9,0,18,0,4,0,0,0,0,1,1,6,2,-1,-1,-1,-1,-1,-1,1,-1
201520S031345,1,19,0,9,0,6,0,0,0,0,3,1,6,1,-1,-1,1905,2,18,-1,-1,-1
201520S031345,2,1,0,17,0,8,1,0,0,0,1,1,2,1,36,7,-1,-1,-1,-1,1,-1
201520S031425,1,9,0,5,0,1,0,0,0,0,1,1,6,3,-1,-1,1998,2,11,-1,-1,-1
201520S031425,2,9,0,3,0,1,0,0,0,0,2,1,6,1,28,6,1398,2,10,-1,1,-1
201520S031475,1,11,0,5,0,0,0,0,0,0,2,1,1,1,-1,-1,8268,2,14,-1,-1,-1
201520S031475,2,9,0,18,0,0,0,0,0,0,1,1,6,1,52,8,-1,-1,-1,-1,1,-1
201520S031635,1,3,0,18,0,4,0,0,0,0,1,1,6,1,18,4,125,1,-1,-1,1,-1
201520S031635,2,9,0,18,0,8,0,0,0,0,4,1,2,2,31,6,1242,1,4,-1,1,-1
201520S031655,1,9,0,18,0,8,0,0,0,0,0,1,6,3,-1,-1,-1,-1,-1,-1,-1,-1
201520S031655,2,11,0,18,0,8,0,0,0,0,0,1,6,1,47,8,-1,-1,-1,-1,1,-1
201520S031715,1,9,0,7,0,5,0,0,0,0,1,1,6,2,-1,-1,-1,-1,-1,-1,-1,-1
201520S031755,1,9,0,18,0,0,0,0,0,0,1,1,6,1,-1,-1,2148,2,6,-1,-1,-1
201520S031835,1,9,0,18,0,0,0,0,0,0,1,1,6,1,-1,-1,1997,2,15,-1,-1,-1
201520S031835,2,9,0,18,0,0,0,0,1,0,1,1,6,2,21,5,1598,1,8,-1,1,-1
201520S031925,1,9,0,18,0,0,0,4,0,0,1,1,6,2,61,9,1497,1,12,-1,1,-1
201520S031925,2,9,0,2,0,0,0,0,0,0,2,1,6,1,23,5,1968,2,5,-1,1,-1
201520S031985,1,9,0,18,0,2,0,0,0,0,1,1,6,1,-1,-1,-1,-1,-1,-1,-1,-1
201520S031995,1,9,0,18,0,0,0,0,0,0,1,1,6,2,-1,-1,1796,1,11,-1,1,-1
201520S031995,2,9,0,18,0,0,0,0,0,0,2,1,6,2,18,4,1149,1,10,-1,1,-1
201520S032085,1,9,0,11,0,0,0,0,0,0,1,1,6,3,-1,-1,-1,-1,-1,-1,-1,-1
201520S032085,2,9,0,18,0,0,0,0,0,0,1,1,6,2,27,6,1596,1,14,-1,1,-1
201520S032115,1,9,0,2,0,0,0,0,0,0,2,1,1,1,21,5,1360,1,12,-1,1,-1
201520S032115,2,9,0,18,0,0,0,4,0,0,1,1,1,1,54,8,1461,2,9,-1,1,-1
201520S032135,1,19,0,18,0,1,0,0,0,0,1,1,1,1,32,6,2402,2,6,-1,1,-1
201520S032135,2,9,0,9,0,1,0,0,0,0,2,1,2,2,36,7,1598,1,10,-1,1,-1
201520S032165,1,9,0,5,0,0,0,0,0,0,4,1,6,1,-1,-1,-1,-1,-1,-1,-1,-1
201520S032165,2,9,0,5,0,0,0,0,0,0,3,1,6,2,22,5,1242,1,2,-1,1,-1
201520S032185,1,11,0,15,0,8,0,0,0,0,1,1,1,1,27,6,8268,2,13,-1,1,-1
201520S032185,2,9,0,9,0,5,0,0,0,0,2,1,6,1,60,9,1896,1,15,-1,1,-1
201520S032195,1,9,0,18,0,4,5,9,3,1,1,1,6,1,27,6,1998,1,6,-1,1,-1
201520S032205,1,9,0,18,0,7,0,0,0,0,2,1,6,1,-1,-1,1900,2,10,-1,-1,-1
201520S032205,2,9,0,18,0,7,0,0,0,0,1,1,6,1,-1,-1,1598,2,1,-1,-1,-1
201520S032205,3,5,0,18,0,7,0,0,0,0,1,1,6,1,47,8,996,1,10,-1,1,-1
201520S032285,1,10,0,10,0,1,0,0,0,0,2,1,1,2,31,6,-1,-1,-1,-1,-1,-1
201520S032285,2,8,0,8,0,1,0,0,0,0,1,1,2,1,-1,-1,1794,1,12,-1,1,-1
201520S032365,1,9,0,18,0,0,0,4,1,4,1,1,1,1,29,6,2231,2,9,-1,1,-1
201520S032365,2,9,0,2,0,0,0,0,0,0,4,1,6,2,24,5,1124,1,10,-1,1,-1
201520S032375,1,9,0,5,0,8,0,0,0,0,3,1,6,2,63,9,1895,1,15,-1,1,-1
201520S032375,2,9,0,18,0,8,0,0,0,0,1,1,2,1,47,8,1985,1,18,-1,1,-1
201520S032395,1,9,0,18,0,1,0,0,0,0,1,1,2,2,55,8,1598,1,15,-1,1,-1
201520S032455,1,9,0,5,0,0,0,0,0,0,1,1,6,1,-1,-1,-1,-1,-1,-1,-1,-1
201520S032455,2,1,0,5,0,0,0,0,0,0,1,1,6,1,14,3,-1,-1,-1,-1,1,-1
201520S032465,1,9,0,18,0,0,0,0,0,0,1,1,1,1,36,7,1999,1,10,-1,1,-1
201520S032525,1,9,0,1,0,0,0,0,0,0,2,1,6,1,-1,-1,1900,2,9,-1,-1,-1
201520S032585,1,9,0,18,0,2,0,0,0,0,1,1,6,1,38,7,1149,1,12,-1,1,-1
201520S032665,1,5,0,8,0,1,0,0,0,0,2,1,1,1,19,4,750,1,14,-1,1,-1
201520S032665,2,9,0,5,0,1,1,0,0,0,1,1,2,2,49,8,1199,1,11,-1,1,-1
201520S032685,1,11,0,4,0,0,0,0,0,0,0,1,1,1,34,6,8268,2,14,-1,1,-1
201520S032765,1,9,0,3,0,0,0,0,0,0,2,1,6,1,42,7,1769,1,12,-1,1,-1
201520S032765,2,9,0,18,0,0,0,0,0,0,1,1,6,1,-1,-1,1396,1,17,-1,1,-1
201520S032905,1,9,0,7,9,2,0,10,1,2,1,1,2,2,50,8,1296,1,7,-1,1,-1
201520S033185,1,9,0,9,0,8,0,0,0,0,3,1,6,2,63,9,2184,2,11,-1,1,-1
201520S033185,2,11,0,18,0,1,0,0,4,0,1,1,1,1,48,8,8268,2,14,-1,1,-1
201520S033195,1,9,0,4,0,1,0,0,0,0,1,1,6,2,31,6,998,1,9,-1,1,-1
201520S033195,2,9,0,4,0,1,0,0,0,0,2,1,6,1,24,5,1396,1,13,-1,1,-1
201520S033865,1,9,0,14,0,0,0,0,0,0,2,1,6,2,45,7,-1,-1,-1,-1,1,-1
201520S033865,2,1,0,3,0,0,0,0,0,0,1,1,2,1,20,4,-1,-1,-1,-1,1,-1
201520S034005,1,9,0,18,0,0,0,0,0,0,1,1,6,1,44,7,898,1,2,-1,1,-1
201520S034005,2,9,0,3,0,0,0,0,0,0,2,1,6,1,43,7,1596,1,10,-1,1,-1
201520S034025,1,9,0,18,0,4,0,0,0,0,3,1,6,1,28,6,1197,1,1,-1,1,-1
201520S034025,2,9,0,18,0,4,0,0,0,0,1,1,6,2,20,4,1242,1,1,-1,1,-1
201520S034285,1,9,0,2,0,1,0,0,0,0,3,1,6,2,-1,-1,1360,1,14,-1,-1,-1
201520S034285,2,1,0,14,0,1,0,8,0,0,1,1,6,1,18,4,-1,-1,-1,-1,1,-1
201520S034295,1,11,0,5,0,1,0,0,0,0,1,1,6,3,-1,-1,5883,2,13,-1,-1,-1
201520S034295,2,11,0,2,0,2,0,0,0,0,3,1,6,3,-1,-1,8268,2,12,-1,-1,-1
201520S034305,1,3,0,13,0,0,0,0,0,0,1,1,6,1,20,4,-1,-1,-1,-1,-1,-1
201520S034305,2,9,0,6,0,0,0,0,0,0,3,1,1,2,21,5,998,1,12,-1,1,-1
201520S034315,1,9,0,18,0,0,1,0,0,0,1,1,6,1,23,5,1598,1,16,-1,1,-1
201520S034315,2,9,0,18,0,0,0,10,0,0,1,1,6,1,18,4,973,1,14,-1,1,-1
201520S034445,1,9,0,13,0,0,0,4,0,0,3,1,6,1,25,5,1870,2,14,-1,1,-1
201520S034445,2,9,0,17,0,0,0,0,0,0,1,1,6,2,68,10,2204,2,9,-1,1,-1
201520S034445,3,9,0,2,0,0,0,0,0,0,1,1,6,1,36,7,998,1,15,-1,1,-1
201520S034445,4,9,0,2,0,0,0,0,0,0,3,1,6,1,66,10,1598,1,6,-1,1,-1
201520S034445,5,9,0,2,0,0,0,0,0,0,1,1,6,2,44,7,1560,2,6,-1,1,-1
201520S034545,1,9,0,18,0,2,0,0,0,0,3,1,6,2,22,5,1395,1,1,-1,1,-1
201520S034545,2,9,0,11,0,3,0,0,0,0,1,1,6,1,-1,-1,2979,1,2,-1,-1,-1
201520S034555,1,9,0,9,0,4,0,0,0,0,1,1,6,2,31,6,1968,2,7,-1,-1,-1
201520S034555,2,9,0,18,0,4,0,0,0,0,2,1,6,1,45,7,2496,2,12,-1,1,-1
201520S034575,1,21,1,7,0,4,0,0,0,0,1,1,1,1,22,5,6870,2,3,-1,2,-1
201520S034575,2,9,0,5,0,4,0,0,0,0,2,1,3,2,35,6,998,1,16,-1,1,-1
201520S034625,1,9,0,18,0,0,0,0,0,0,1,1,6,1,20,4,-1,-1,-1,-1,-1,-1
201520S034635,1,9,0,17,0,0,0,0,0,0,1,1,1,1,22,5,1781,1,15,-1,1,-1
201520S034635,2,9,0,14,0,0,0,4,0,0,1,1,6,1,34,6,1242,1,1,-1,1,-1
201520S034635,3,9,0,2,0,0,0,0,0,0,3,1,6,1,-1,-1,1598,1,13,-1,-1,-1
201520S034645,1,9,0,18,0,0,0,0,0,0,1,1,6,2,50,8,1753,2,5,-1,1,-1
201520S034645,2,9,0,3,0,0,0,0,0,0,2,1,6,1,33,6,1560,2,2,-1,1,-1
201520S034715,1,9,0,7,0,8,0,0,0,0,1,1,6,3,-1,-1,-1,-1,-1,-1,-1,-1
201520S034715,2,1,0,18,0,8,0,0,0,0,4,1,1,1,36,7,-1,-1,-1,-1,1,-1
201520S034755,1,9,0,18,0,0,0,0,0,0,1,1,6,2,-1,-1,-1,-1,-1,-1,-1,-1
201520S034755,2,9,0,4,0,0,0,0,0,0,2,1,6,2,21,5,1348,1,13,-1,1,-1
201520S034905,1,9,0,4,0,1,0,0,0,0,1,1,6,1,50,8,2495,2,25,-1,1,-1
201520S034905,2,9,0,10,0,1,0,0,0,0,2,1,1,2,21,5,1242,1,-1,-1,1,-1
201520S034925,1,1,0,18,0,8,0,0,0,0,4,1,6,1,10,2,-1,-1,-1,-1,1,-1
201520S034925,2,9,0,5,0,8,0,0,0,0,1,1,6,2,53,8,1796,1,16,-1,1,-1
201520S036735,1,9,0,18,0,8,0,0,0,0,3,1,6,1,-1,-1,1598,1,5,-1,1,-1
201520S036735,2,9,0,18,0,8,0,0,0,0,4,1,6,1,24,5,998,1,36,-1,1,-1
201520S037335,1,9,0,9,0,6,0,0,0,0,3,1,1,1,41,7,1198,1,-1,-1,1,-1
201520S037335,2,9,0,18,0,8,0,0,0,0,1,1,1,1,53,8,1588,1,12,-1,1,-1
201520S038155,1,9,0,9,0,5,0,10,4,10,3,1,6,1,24,5,1796,1,13,-1,1,-1
201520S038155,2,9,0,18,0,8,0,0,0,0,1,1,6,1,34,6,1896,2,12,-1,1,-1
201520S038435,1,19,0,9,0,8,0,0,0,0,3,1,6,1,46,8,1998,2,11,-1,1,-1
201520S038435,2,2,0,18,0,8,1,0,0,0,1,1,6,1,17,4,49,1,11,-1,1,-1
201520S038445,1,19,0,7,0,6,0,0,0,0,3,1,6,1,28,6,1461,2,3,-1,-1,-1
201520S038445,2,9,0,18,0,8,0,0,0,0,1,1,6,1,20,4,1587,1,13,-1,1,-1
201520S038475,1,9,0,18,0,8,0,0,0,0,4,1,6,3,-1,-1,1560,2,3,-1,-1,-1
201520S038475,2,9,0,9,0,5,0,0,0,0,3,1,6,2,29,6,1198,1,7,-1,1,-1
201520S038825,1,9,0,18,0,2,0,0,0,0,1,1,6,1,51,8,2398,1,17,-1,1,-1
201520S038825,2,1,0,18,0,2,0,0,0,0,1,1,6,1,7,2,-1,-1,-1,-1,1,-1
201520S038945,1,9,0,18,0,2,1,10,1,10,1,1,2,1,33,6,1461,2,2,-1,1,-1
201520S038945,2,9,0,16,0,1,1,0,0,0,1,1,6,3,-1,-1,4163,1,3,-1,-1,-1
201520S038995,1,19,0,18,0,8,1,0,0,0,4,1,6,1,58,9,1868,2,12,-1,1,-1
201520S038995,2,1,0,18,0,8,0,0,1,0,1,1,1,1,20,4,-1,-1,-1,-1,1,-1
201520S039185,1,9,0,18,9,0,0,10,1,10,1,1,6,2,69,10,998,1,5,-1,1,-1
201520S039325,1,9,0,18,0,1,0,0,0,0,1,1,6,2,-1,-1,-1,-1,-1,-1,-1,-1
201520S039355,1,9,0,18,0,1,0,0,0,0,1,1,1,1,18,4,1198,1,12,-1,1,-1
201520S039355,2,9,0,3,0,1,0,0,0,0,2,1,6,1,32,6,1995,2,8,-1,1,-1
201520S039405,1,11,0,18,0,0,0,0,0,0,0,1,6,1,27,6,-1,-1,-1,-1,1,-1
201520S039425,1,9,0,18,0,8,0,0,0,0,3,1,6,2,34,6,2000,2,9,-1,1,-1