Accident_Index,Vehicle_Reference,Vehicle_Type,Towing_and_Articulation,Vehicle_Manoeuvre,Vehicle_Location-Restricted_Lane,Junction_Location,Skidding_and_Overturning,Hit_Object_in_Carriageway,Vehicle_Leaving_Carriageway,Hit_Object_off_Carriageway,1st_Point_of_Impact,Was_Vehicle_Left_Hand_Drive?,Journey_Purpose_of_Driver,Sex_of_Driver,Age_of_Driver,Age_Band_of_Driver,Engine_Capacity_(CC),Propulsion_Code,Age_of_Vehicle,Driver_IMD_Decile,Driver_Home_Area_Type,Vehicle_IMD_Decile
201520S039425,2,3,0,9,0,5,0,0,0,0,4,1,6,1,34,6,124,1,1,-1,1,-1
201520S039455,1,9,0,7,0,6,0,0,0,0,1,1,6,2,40,7,1360,1,16,-1,1,-1
201520S039455,2,1,0,18,0,2,5,0,0,0,2,1,2,1,25,5,-1,-1,-1,-1,1,-1
201520S039465,1,19,0,9,0,6,0,0,0,0,0,1,6,1,32,6,1995,2,8,-1,1,-1
201520S039465,2,3,0,18,0,2,0,10,1,1,1,1,2,1,31,6,124,1,4,-1,1,-1
201520S039485,1,9,0,18,0,1,0,0,0,0,3,1,6,1,56,9,1895,1,17,-1,1,-1
201520S039485,2,5,0,14,0,1,0,4,0,0,4,1,6,1,41,7,998,1,3,-1,1,-1
201520S039485,3,9,0,2,9,1,0,0,0,0,2,1,6,2,53,8,1560,2,3,-1,1,-1
201520S039495,1,9,0,18,0,0,0,0,0,0,1,1,6,2,29,6,1796,1,14,-1,1,-1
201520S039495,2,9,0,18,0,0,0,0,0,0,1,1,6,1,31,6,1598,1,11,-1,1,-1
201520S039505,1,9,0,5,0,1,0,0,0,0,1,1,6,3,-1,-1,1596,1,1,-1,-1,-1
201520S039715,1,9,0,12,0,0,0,0,0,0,1,1,6,3,-1,-1,1796,1,7,-1,-1,-1
201520S039715,2,9,0,18,0,0,0,0,0,0,4,1,6,1,36,7,1968,2,11,-1,1,-1
201520S039865,1,9,0,18,0,0,0,0,0,0,1,1,3,2,36,7,1461,2,4,-1,1,-1
201520S039865,2,9,0,3,0,0,0,0,0,0,2,1,3,2,37,7,1997,2,8,-1,1,-1
201520S039875,1,9,0,5,0,0,0,4,0,0,1,1,6,1,20,4,1198,1,8,-1,1,-1
201520S039875,2,9,0,18,0,0,0,4,0,0,3,1,6,2,20,4,1198,1,9,-1,1,-1
201520S039875,3,9,0,2,0,0,0,0,0,0,3,1,6,2,20,4,1242,1,6,-1,1,-1
201520S039875,4,9,0,2,0,0,0,0,0,0,3,1,6,1,-1,-1,-1,-1,-1,-1,1,-1
201520S040215,1,9,0,18,9,0,0,10,7,0,3,1,2,1,28,6,2521,1,7,-1,1,-1
201520S040495,1,9,0,18,0,3,0,9,0,0,1,1,6,3,-1,-1,1910,2,9,-1,-1,-1
201520S040495,2,9,0,2,0,1,0,0,0,0,0,1,1,1,61,9,1956,2,4,-1,1,-1
201520S040495,3,9,0,18,0,8,0,0,0,0,3,1,1,2,50,8,1149,1,6,-1,1,-1
201520S040505,1,19,0,9,0,4,0,0,0,0,4,1,1,1,26,6,2198,2,1,-1,1,-1
201520S040505,2,5,0,18,0,4,0,0,0,0,1,1,6,1,52,8,1450,1,14,-1,1,-1
201520S040515,1,8,0,9,0,5,0,0,0,0,3,1,6,1,40,7,1997,2,7,-1,1,-1
201520S040725,1,9,0,9,0,8,0,0,0,0,1,1,6,1,41,7,1598,2,5,-1,1,-1
201520S040725,2,9,0,18,0,8,0,0,0,0,3,1,2,1,37,7,1242,1,12,-1,1,-1
201520S040735,1,9,0,7,0,1,0,0,0,0,1,1,6,1,-1,-1,-1,-1,-1,-1,-1,-1
201520S040735,2,1,0,18,0,1,0,0,0,0,1,1,6,1,-1,-1,-1,-1,-1,-1,1,-1
201520S040745,1,19,0,7,0,8,0,0,0,0,1,1,6,3,-1,-1,2148,2,11,-1,-1,-1
201520S040745,2,1,0,7,0,8,0,0,0,0,1,1,6,2,58,9,-1,-1,-1,-1,1,-1
201520S040805,1,9,0,5,0,1,0,0,0,0,1,1,6,2,-1,-1,1398,1,1,-1,-1,-1
201520S040815,1,9,0,18,0,4,0,0,0,0,1,1,6,3,-1,-1,-1,-1,-1,-1,-1,-1
201520S040815,2,1,0,18,0,8,0,0,0,0,4,1,6,1,30,6,-1,-1,-1,-1,1,-1
201520S041075,1,3,0,7,0,5,0,0,0,0,4,1,6,1,-1,-1,124,1,9,-1,-1,-1
201520S041075,2,1,0,18,0,1,0,0,0,0,1,1,6,1,44,7,-1,-1,-1,-1,1,-1
201520S041145,1,9,0,4,0,1,0,0,0,0,2,1,6,2,35,6,1799,1,9,-1,1,-1
201520S041145,2,9,0,18,0,1,1,0,0,0,1,1,6,2,23,5,1598,1,6,-1,1,-1
201520S041175,1,9,0,18,0,8,0,0,0,0,1,1,6,1,57,9,1796,1,13,-1,1,-1
201520S041175,2,9,0,10,0,1,0,0,0,0,2,1,6,2,42,7,1799,1,7,-1,1,-1
201520S041195,1,8,0,18,0,0,0,0,0,0,1,1,1,1,34,6,1797,8,6,-1,1,-1
201520S041195,2,9,0,18,0,0,0,0,0,0,1,1,6,1,34,6,1956,2,4,-1,1,-1
201520S041255,1,9,0,18,0,4,0,0,0,0,3,1,6,2,29,6,1360,1,4,-1,1,-1
201520S041255,2,1,0,18,0,4,0,0,0,0,1,1,6,1,50,8,-1,-1,-1,-1,1,-1
201520S041325,1,9,0,18,0,1,1,7,1,2,1,1,6,1,-1,-1,1598,1,17,-1,-1,-1
201520S041325,2,9,0,18,0,1,0,0,0,0,0,1,1,1,-1,-1,2967,2,2,-1,1,-1
201520S041345,1,9,0,18,0,2,0,10,7,1,1,1,1,1,34,6,1956,2,2,-1,-1,-1
201520S041345,2,9,0,18,0,1,0,0,0,0,3,1,2,1,65,9,1598,1,4,-1,1,-1
201520S041375,1,9,0,3,0,1,0,0,0,0,2,1,6,2,46,8,1360,1,11,-1,1,-1
201520S041375,2,19,0,18,0,1,0,0,0,0,2,1,6,1,-1,-1,2198,2,8,-1,-1,-1
201520S041425,1,3,0,18,0,0,2,0,0,0,1,1,1,1,55,8,125,1,-1,-1,1,-1
201520S041445,1,9,0,5,0,6,0,0,0,0,1,1,6,3,-1,-1,-1,-1,-1,-1,-1,-1
201520S041445,2,1,0,18,0,8,0,0,0,0,2,1,4,1,14,3,-1,-1,-1,-1,1,-1
201520S041455,1,9,0,7,0,4,0,0,0,0,1,1,6,2,29,6,1149,1,1,-1,1,-1
201520S041455,2,5,0,18,0,3,0,0,0,0,4,1,6,1,34,6,800,1,5,-1,3,-1
201520S041475,1,9,0,16,0,1,1,10,1,2,3,1,6,1,22,5,1196,1,18,-1,1,-1
201520S041495,1,9,0,18,0,0,1,0,0,0,1,1,6,1,25,5,998,1,13,-1,1,-1
201520S041505,1,9,0,9,0,6,0,0,0,0,3,1,6,1,44,7,1560,2,9,-1,3,-1
201520S041505,2,9,0,18,0,8,1,0,0,0,4,1,6,2,57,9,1968,2,8,-1,1,-1
201520S041525,1,5,0,18,0,8,1,0,0,0,1,1,6,1,38,7,998,1,4,-1,3,-1
201520S041525,2,9,0,9,0,5,0,0,0,0,1,1,6,1,35,6,1199,1,12,-1,1,-1
201520S041535,1,9,0,18,0,4,1,0,0,0,1,1,6,1,24,5,1896,2,10,-1,1,-1
201520S041535,2,9,0,18,0,4,1,0,0,0,4,1,6,1,32,6,1968,2,6,-1,1,-1
201520S041545,1,9,0,18,0,0,0,0,0,0,1,1,2,1,33,6,1997,2,10,-1,1,-1
201520S041555,1,9,0,18,0,8,0,0,0,0,1,1,2,2,49,8,1997,2,14,-1,1,-1
201520S041555,2,1,0,18,0,8,0,0,0,0,1,1,2,1,47,8,-1,-1,-1,-1,1,-1
201520S041565,1,9,0,18,0,0,0,0,0,0,1,1,2,1,48,8,1905,2,19,-1,1,-1
201520S041585,1,9,0,18,0,1,1,0,0,0,1,1,6,1,-1,-1,-1,-1,-1,-1,-1,-1
201520S041585,2,9,0,7,0,5,0,0,0,0,2,1,6,1,25,5,1998,1,4,-1,1,-1
201520S042515,1,3,0,4,0,0,0,0,0,0,1,1,1,1,18,4,124,1,2,-1,1,-1
201520S042515,2,19,0,4,0,0,0,0,0,0,2,1,2,1,18,4,2299,2,17,-1,1,-1
201520S042535,1,9,0,9,0,6,0,0,1,2,1,1,3,1,36,7,1968,2,3,-1,1,-1
201520S042535,2,9,0,18,0,8,0,7,4,0,3,1,2,2,31,6,1398,1,9,-1,3,-1
201520S042545,1,3,0,16,0,0,0,0,0,0,1,1,6,1,-1,-1,124,1,2,-1,-1,-1
201520S042545,2,3,0,18,0,0,0,0,0,0,1,1,6,1,45,7,-1,-1,-1,-1,1,-1
201520S042565,1,9,0,18,0,2,0,4,0,0,1,1,1,1,28,6,-1,-1,-1,-1,1,-1
201520S042565,2,9,0,2,0,1,0,0,0,0,1,1,6,1,60,9,1242,1,10,-1,1,-1
201520S042565,3,11,0,3,0,1,0,4,0,0,4,1,1,1,63,9,6700,2,8,-1,1,-1
201520S042575,1,9,0,18,0,0,0,0,0,0,1,1,6,1,40,7,1590,1,14,-1,1,-1
201520S042575,2,9,0,6,0,0,0,0,0,0,3,1,6,1,-1,-1,1995,2,-1,-1,-1,-1
201520S042585,1,1,0,18,0,4,5,0,0,0,1,1,6,1,20,4,-1,-1,-1,-1,1,-1
201520S042585,2,9,0,18,0,3,0,0,0,0,4,1,6,2,36,7,1397,1,14,-1,1,-1
201520S042595,1,9,0,6,0,0,0,0,0,0,1,1,6,1,39,7,1598,1,17,-1,1,-1
201520S042595,2,3,0,18,0,0,0,0,0,0,1,1,1,1,27,6,690,1,1,-1,-1,-1
201520S042605,1,9,0,18,0,0,0,0,0,0,1,1,6,2,72,10,1699,1,9,-1,1,-1
201520S042605,2,9,0,18,0,0,0,0,0,0,4,1,6,1,-1,-1,2171,1,11,-1,1,-1
201520S042695,1,3,0,14,0,0,5,0,0,0,1,1,6,1,17,4,124,1,7,-1,1,-1
201520S042695,2,9,0,17,0,0,0,0,0,0,1,1,6,1,46,8,1390,1,8,-1,1,-1
201520S042715,1,9,0,18,0,0,0,0,0,0,1,1,6,2,67,10,1124,1,4,-1,1,-1
201520S042725,1,9,0,5,0,4,0,0,0,0,1,1,6,3,-1,-1,-1,-1,-1,-1,-1,-1
201520S042725,2,3,0,18,0,3,0,0,0,0,1,1,6,1,20,4,125,1,2,-1,1,-1
201520S042735,1,9,0,13,0,0,1,4,0,0,1,1,6,1,-1,-1,1596,1,14,-1,-1,-1
201520S042735,2,19,0,18,0,0,0,0,0,0,1,1,6,1,49,8,2198,2,-1,-1,1,-1
201520S042735,3,9,0,2,0,0,0,0,0,0,3,1,6,2,62,9,1794,1,11,-1,1,-1
201520S042735,4,9,0,2,0,0,0,0,0,0,3,1,6,1,-1,-1,1348,1,14,-1,3,-1
201520S042735,5,9,0,18,0,0,0,0,0,0,1,1,6,1,69,10,1769,1,11,-1,1,-1
201520S042755,1,9,0,7,0,6,0,0,0,0,3,1,6,2,25,5,1242,1,10,-1,1,-1
201520S042755,2,3,0,18,0,8,0,0,0,0,1,1,6,1,19,4,124,1,-1,-1,1,-1
201520S043055,1,9,0,5,0,1,0,0,0,0,1,1,1,1,46,8,1560,2,5,-1,1,-1
201520S043055,2,8,0,7,0,1,0,0,0,0,2,1,1,1,46,8,1587,1,6,-1,1,-1
201520S043075,1,9,0,18,0,0,0,0,0,0,1,1,1,2,23,5,1390,1,6,-1,1,-1
201520S043075,2,19,0,18,0,0,0,4,0,0,3,1,6,1,34,6,2143,2,-1,-1,1,-1
201520S043075,3,9,0,2,0,0,0,0,0,0,3,1,6,3,-1,-1,1968,2,9,-1,1,-1
201520S043085,1,11,0,18,0,0,0,0,0,0,0,1,1,1,-1,-1,8268,2,13,-1,-1,-1
201520S043095,1,9,0,5,0,6,0,0,0,0,1,1,6,2,50,8,1248,1,1,-1,-1,-1
201520S043095,2,9,0,18,0,8,0,0,0,0,1,1,6,1,23,5,1199,1,15,-1,2,-1
201520S043105,1,9,0,18,0,1,0,0,0,0,1,1,6,2,44,7,-1,-1,-1,-1,1,-1
201520S043435,1,9,0,6,0,0,0,0,0,0,0,1,6,1,79,11,1596,1,7,-1,1,-1
201520S043435,2,5,0,18,0,0,0,0,0,0,0,1,6,1,44,7,749,1,7,-1,1,-1
201520S043625,1,9,0,9,0,5,0,0,0,0,4,1,2,2,46,8,1999,1,5,-1,1,-1
201520S043625,2,1,0,18,0,8,0,0,0,0,1,1,2,1,35,6,-1,-1,-1,-1,1,-1
201520S043725,1,9,0,13,0,8,0,0,0,0,1,1,6,1,23,5,1598,1,7,-1,1,-1
201520S043725,2,9,0,9,0,5,0,10,7,0,3,1,6,2,38,7,1587,1,13,-1,1,-1
201520S043785,1,3,0,18,0,0,0,0,0,0,1,1,6,1,17,4,124,1,10,-1,1,-1
201520S043785,2,9,0,6,0,0,0,0,0,0,2,1,6,1,-1,-1,1590,1,13,-1,-1,-1
201520S043805,1,9,0,9,0,6,0,0,0,0,3,1,6,2,19,4,1598,1,9,-1,1,-1
201520S043805,2,9,0,13,0,8,0,0,0,0,1,1,6,2,-1,-1,1248,1,5,-1,1,-1
201520S043825,1,9,0,18,0,0,0,4,0,0,1,1,6,1,-1,-1,1086,1,11,-1,-1,-1
201520S043825,2,8,0,2,0,0,0,0,0,0,2,1,1,1,38,7,1995,2,10,-1,1,-1
201520S044155,1,9,0,4,0,1,0,0,0,0,3,1,1,1,23,5,1560,2,3,-1,1,-1
201520S044155,2,1,0,18,0,1,0,0,0,0,1,1,6,1,-1,-1,-1,-1,-1,-1,1,-1
201520S044165,1,9,0,18,0,8,0,0,0,0,1,1,2,2,53,8,1598,1,8,-1,1,-1
201520S044165,2,9,0,9,0,6,0,0,0,0,3,1,2,1,37,7,1968,2,5,-1,1,-1
201520S044355,1,9,0,4,0,0,0,0,0,0,2,1,6,1,25,5,1560,2,1,-1,1,-1
201520S044355,2,9,0,5,0,0,0,0,0,0,1,1,6,1,55,8,1242,1,14,-1,1,-1
201520S044795,1,1,0,18,0,1,0,0,0,0,1,1,6,1,15,3,-1,-1,-1,-1,1,-1
201520S044795,2,9,0,18,0,1,0,0,0,0,4,1,6,1,77,11,1560,2,1,-1,1,-1
201520S044825,1,9,0,5,0,8,1,0,0,0,1,1,6,2,41,7,1560,2,-1,-1,1,-1
201520S044825,2,9,0,18,0,8,1,0,0,0,4,1,6,1,40,7,2987,2,5,-1,1,-1
201520S044835,1,9,0,18,0,0,0,0,0,0,1,1,6,1,40,7,1598,1,11,-1,1,-1
201520S044835,2,8,0,18,0,0,0,0,0,0,1,1,1,1,54,8,2664,2,15,-1,1,-1
201520S044965,1,9,0,7,0,5,1,0,0,0,1,1,6,1,-1,-1,1968,2,7,-1,-1,-1
201520S044965,2,9,0,8,0,1,0,0,0,0,3,1,2,2,57,9,1242,1,1,-1,1,-1
201520S044975,1,9,0,4,0,1,1,0,0,0,1,1,6,2,29,6,1995,1,8,-1,1,-1
201520S044975,2,9,0,9,0,5,0,0,0,0,2,1,6,2,41,7,1388,1,11,-1,1,-1
201520S045345,1,9,0,18,0,0,0,0,0,0,1,1,6,1,-1,-1,1199,1,13,-1,-1,-1
201520S045345,2,9,0,18,0,0,0,0,0,0,1,1,6,1,43,7,1390,1,8,-1,1,-1
201520S045435,1,9,0,18,0,4,0,0,0,0,1,1,6,1,29,6,2494,1,12,-1,1,-1
201520S045435,2,9,0,18,0,3,0,0,0,0,1,1,6,2,29,6,1796,1,10,-1,1,-1
201520S045445,1,19,0,9,0,5,0,0,0,0,1,1,6,1,-1,-1,-1,-1,-1,-1,-1,-1
201520S045445,2,9,0,10,0,1,0,0,0,0,2,1,6,1,32,6,998,1,1,-1,1,-1
201520S045565,1,9,0,18,0,0,0,0,0,0,3,1,6,1,66,10,1328,1,8,-1,1,-1
201520S045575,1,9,0,18,0,4,0,0,0,0,3,1,6,1,30,6,1753,2,8,-1,1,-1
201520S045575,2,9,0,18,0,3,0,0,0,0,1,1,6,2,42,7,1229,1,10,-1,1,-1
201520S045855,1,9,0,11,0,0,1,0,0,0,1,1,6,1,-1,-1,2996,1,6,-1,1,-1
201520S045855,2,9,0,3,0,0,0,0,0,0,2,1,6,2,61,9,1400,2,8,-1,1,-1
201520S045975,1,9,0,9,0,6,0,0,0,0,3,1,6,1,26,6,1560,2,5,-1,1,-1
201520S045975,2,9,0,18,0,1,0,0,0,0,1,1,6,2,34,6,1390,1,14,-1,1,-1
201520S046075,1,9,0,9,0,7,0,0,0,0,3,1,6,1,23,5,-1,-1,-1,-1,1,-1
201520S046075,2,9,0,18,0,8,1,0,0,0,1,1,6,2,42,7,1796,1,8,-1,1,-1
201520S046085,1,3,0,18,0,1,1,0,0,0,1,1,6,1,21,5,689,1,-1,-1,1,-1
201520S046085,2,9,0,5,0,1,0,0,0,0,2,1,2,2,25,5,1248,2,6,-1,1,-1
201520S046095,1,9,0,9,0,6,0,0,0,0,1,1,6,1,37,7,1397,1,13,-1,1,-1
201520S046095,2,5,0,18,0,8,2,0,0,0,1,1,1,1,53,8,1084,1,18,-1,1,-1
201520S046235,1,9,0,18,0,8,0,10,7,10,1,1,6,2,42,7,1386,1,3,-1,1,-1
201520S046235,2,11,0,18,0,8,0,10,1,4,3,1,1,1,43,7,7300,2,3,-1,1,-1
201520S046315,1,9,0,2,0,0,0,0,0,0,2,1,6,1,39,7,1598,1,12,-1,1,-1
201520S046315,2,9,0,14,0,0,0,8,0,0,1,1,6,1,87,11,1339,1,3,-1,1,-1
201520S046465,1,9,0,12,0,1,0,0,0,0,3,1,6,1,-1,-1,-1,-1,-1,-1,-1,-1
201520S046465,2,9,0,18,0,1,0,0,0,0,2,1,6,1,30,6,1995,2,1,-1,1,-1
201520S046475,1,9,0,18,0,1,0,0,0,0,4,1,6,3,-1,-1,-1,-1,-1,-1,-1,-1
201520S046545,1,9,0,18,0,2,0,0,0,0,1,1,6,1,-1,-1,-1,-1,-1,-1,-1,-1
201520S046545,2,9,0,3,0,2,0,0,0,0,2,1,2,2,38,7,1329,1,4,-1,1,-1
201520S046575,1,19,0,7,0,6,0,0,0,0,1,1,6,1,25,5,1248,2,5,-1,1,-1
201520S046575,2,9,0,18,0,8,0,0,0,0,1,1,6,1,30,6,998,1,1,-1,1,-1
201520S046595,1,9,0,18,0,0,0,10,0,0,1,1,6,3,-1,-1,4941,1,14,-1,-1,-1
201520S046595,2,9,0,2,0,0,0,0,0,0,3,1,6,2,26,6,998,1,14,-1,1,-1
201520S046725,1,90,0,18,0,8,2,10,1,0,1,1,6,1,41,7,-1,-1,-1,-1,1,-1
201520S046835,1,9,0,18,0,8,0,0,0,0,1,1,6,1,34,6,-1,-1,-1,-1,1,-1
201520S046835,2,9,0,18,0,8,0,0,0,0,3,1,6,2,31,6,1242,1,1,-1,1,-1
201520S046845,1,9,0,9,0,7,0,0,0,0,1,1,6,1,-1,-1,-1,-1,-1,-1,-1,-1
201520S046845,2,9,0,18,0,8,0,0,0,0,3,1,6,1,35,6,1560,2,10,-1,1,-1
201520S047035,1,1,0,18,0,8,0,0,0,0,2,1,6,1,18,4,-1,-1,-1,-1,1,-1
201520S047035,2,9,0,7,0,8,0,0,0,0,1,1,6,3,-1,-1,1600,2,4,-1,-1,-1
201520S047355,1,9,0,18,0,1,0,0,0,0,4,1,6,1,19,4,1598,1,-1,-1,1,-1
201520S047365,1,9,0,3,0,2,0,0,0,0,2,1,6,2,28,6,1229,1,2,-1,1,-1
201520S047365,2,19,0,4,0,2,0,0,0,0,4,1,1,1,-1,-1,2198,2,5,-1,-1,-1
201520S047395,1,9,0,1,0,5,0,0,0,0,2,1,6,1,-1,-1,-1,-1,-1,-1,-1,-1
201520S047625,1,9,0,9,0,8,0,0,0,0,1,1,6,1,-1,-1,-1,-1,-1,-1,-1,-1
201520S047625,2,9,0,18,0,8,0,0,0,0,4,1,6,2,38,7,1388,1,6,-1,1,-1
201520S047635,1,11,0,4,0,0,0,0,0,0,1,1,1,1,-1,-1,-1,-1,-1,-1,-1,-1
201520S047645,1,9,0,18,0,8,0,0,0,0,1,1,6,3,-1,-1,-1,-1,-1,-1,-1,-1
201520S047645,2,9,0,18,0,8,0,0,0,0,4,1,1,3,-1,-1,1896,2,11,-1,-1,-1
201520S047655,1,1,0,18,0,8,0,0,0,0,1,1,2,1,30,6,-1,-1,-1,-1,1,-1
201520S047655,2,9,0,9,0,8,0,0,0,0,4,1,6,2,-1,-1,1400,2,8,-1,-1,-1
201520S047915,1,9,0,9,0,8,0,0,0,0,1,1,1,1,39,7,1598,1,9,-1,1,-1
201520S047915,2,9,0,18,0,8,5,0,0,0,1,1,1,2,50,8,1242,1,10,-1,1,-1
201520S047925,1,9,0,9,0,8,0,0,0,0,1,1,6,1,82,11,1339,1,7,-1,1,-1
201520S047925,2,5,0,18,0,8,5,0,0,0,4,1,6,1,35,6,847,1,-1,-1,1,-1
201520S047935,1,9,0,14,0,1,2,4,0,0,1,1,6,2,22,5,1197,1,1,-1,1,-1
201520S047935,2,9,0,9,0,5,0,0,0,0,3,1,6,1,36,7,1339,1,12,-1,1,-1
201520S047935,3,9,0,2,0,2,0,0,0,0,3,1,6,1,41,7,1598,1,7,-1,1,-1
201520S047945,1,9,0,18,0,8,0,0,0,0,1,1,6,1,31,6,2993,2,8,-1,1,-1
201520S047945,2,9,0,9,0,5,0,0,0,0,4,1,6,1,27,6,1896,2,13,-1,1,-1
201520S047955,1,9,0,18,0,8,0,0,0,0,4,1,6,2,62,9,1598,1,4,-1,1,-1
201520S047955,2,9,0,18,0,8,0,0,0,0,1,1,6,2,38,7,1896,2,9,-1,1,-1
201520S048265,1,9,0,18,0,2,0,4,0,0,1,1,6,1,18,4,1390,1,9,-1,1,-1
201520S048265,2,19,0,5,0,1,0,0,0,0,0,1,6,1,20,4,2494,2,7,-1,1,-1
201520S048265,3,9,0,2,0,1,0,0,0,0,1,1,6,1,31,6,1796,1,11,-1,1,-1
201520S048265,4,9,0,2,0,1,0,0,0,0,1,1,6,2,45,7,1587,1,11,-1,1,-1
201520S048365,1,9,0,18,0,4,0,0,0,0,3,1,2,2,39,7,1560,2,4,-1,1,-1
201520S048365,2,5,0,18,0,4,1,0,0,0,1,1,2,1,22,5,999,1,3,-1,1,-1
201520S048385,1,9,0,1,0,0,1,4,1,0,1,1,6,3,-1,-1,1396,1,11,-1,-1,-1
201520S048385,2,9,0,2,0,0,0,0,0,0,2,1,6,1,-1,-1,1956,2,3,-1,-1,-1
201520S048385,3,9,0,2,0,0,0,0,0,0,2,1,6,1,-1,-1,-1,-1,-1,-1,-1,-1
201520S048385,4,9,0,2,0,0,0,0,0,0,0,1,1,1,-1,-1,2967,2,1,-1,-1,-1
201520S048395,1,9,0,18,0,0,0,0,0,0,1,1,6,1,-1,-1,1997,1,12,-1,-1,-1
201520S048395,2,9,0,3,0,0,0,0,0,0,2,1,6,1,58,9,1596,1,3,-1,1,-1
201520S048415,1,9,0,18,0,5,0,0,0,0,3,1,6,1,71,10,1598,1,1,-1,1,-1
201520S048415,2,9,0,18,0,8,0,0,0,0,1,1,6,1,31,6,1398,1,13,-1,1,-1
201520S048415,3,9,0,3,0,1,0,0,0,0,1,1,6,1,34,6,1598,1,17,-1,2,-1
201520S048455,1,9,0,3,0,0,0,0,0,0,2,1,6,1,30,6,1910,2,8,-1,1,-1
201520S048455,2,9,0,18,0,0,0,0,0,0,1,1,6,1,-1,-1,1995,2,10,-1,-1,-1
201520S048605,1,9,0,6,0,0,0,0,0,0,1,1,6,1,44,7,2902,2,9,-1,1,-1
201520S048605,2,9,0,18,0,0,0,0,0,0,1,1,6,1,-1,-1,1598,1,9,-1,1,-1
201520S048675,1,9,0,5,0,2,0,0,0,0,1,1,6,1,-1,-1,1896,2,13,-1,-1,-1
201520S048675,2,19,0,18,0,2,0,0,0,0,4,1,6,1,36,7,2178,2,9,-1,1,-1
201520S049375,1,9,0,12,0,0,0,0,0,0,4,1,6,2,52,8,1242,1,6,-1,1,-1
201520S049375,2,5,0,18,0,0,1,0,0,0,1,1,6,1,20,4,749,1,17,-1,1,-1
201520S049415,1,9,0,18,0,8,0,0,0,0,4,1,6,1,51,8,1896,2,12,-1,1,-1
201520S049415,2,1,0,18,0,5,0,0,0,0,1,1,6,2,13,3,-1,-1,-1,-1,1,-1
201520S049435,1,9,0,15,0,0,0,8,0,0,1,1,1,2,50,8,1598,1,9,-1,1,-1
201520S049435,2,9,0,2,0,0,0,8,0,0,4,1,6,2,56,9,899,1,1,-1,1,-1
201520S049595,1,9,0,5,0,8,0,0,0,0,3,1,6,1,51,8,1461,2,1,-1,1,-1
201520S049595,2,9,0,18,0,8,1,0,0,0,1,1,6,1,23,5,1242,1,3,-1,1,-1
201520S049915,1,9,0,9,0,5,0,0,0,0,4,1,6,1,23,5,2494,1,16,-1,3,-1
201520S049915,2,9,0,18,0,8,0,0,0,0,1,1,6,1,48,8,1997,2,12,-1,1,-1
201520S049925,1,19,0,18,0,8,1,0,0,0,1,1,1,1,27,6,1870,2,13,-1,1,-1
201520S049925,2,9,0,18,0,8,0,0,0,0,4,1,6,2,33,6,1598,2,5,-1,1,-1
201520S049935,1,9,0,9,0,2,0,0,0,0,1,1,6,2,34,6,2497,1,10,-1,1,-1
201520S050015,1,9,0,9,0,6,0,0,0,0,1,1,6,3,-1,-1,-1,-1,-1,-1,-1,-1
201520S050025,1,9,0,5,0,1,0,0,0,0,1,1,6,1,19,4,1329,1,3,-1,1,-1
201520S050085,1,9,0,9,0,8,0,0,0,0,4,1,6,1,33,6,1396,1,13,-1,1,-1
201520S050085,2,9,0,18,0,8,0,0,0,0,1,1,2,1,61,9,1596,1,7,-1,1,-1
201520S050095,1,9,0,18,0,8,0,0,0,0,1,1,6,1,34,6,4163,1,9,-1,1,-1
201520S050095,2,19,0,9,0,5,0,0,0,0,4,1,6,1,-1,-1,2151,2,10,-1,-1,-1
201520S050105,1,9,0,9,0,5,0,0,0,0,1,1,1,2,-1,-1,1997,1,8,-1,1,-1
201520S050105,2,1,0,18,0,8,0,0,0,0,1,1,6,1,46,8,-1,-1,-1,-1,1,-1
201520S050135,1,5,0,16,0,0,5,10,1,10,1,1,6,1,24,5,1157,1,17,-1,1,-1
201520S050165,1,9,0,8,0,1,0,0,0,0,1,1,1,1,46,8,1598,1,14,-1,1,-1
201520S050185,1,9,0,16,0,0,0,4,0,0,1,1,6,1,-1,-1,1390,1,15,-1,-1,-1
201520S050185,2,9,0,2,0,0,0,0,1,4,2,1,6,1,36,7,1229,1,2,-1,1,-1
201520S050205,1,9,0,1,9,6,0,0,0,0,2,1,6,1,-1,-1,2496,1,12,-1,-1,-1
201520S050205,2,90,0,18,9,8,0,0,0,0,1,1,6,2,69,10,-1,-1,-1,-1,1,-1
201520S050215,1,90,0,18,0,2,5,0,0,0,1,1,6,1,36,7,448,1,5,-1,1,-1
201520S050215,2,9,0,18,0,2,0,0,0,0,2,1,6,3,-1,-1,-1,-1,-1,-1,-1,-1
201520S050485,1,9,0,5,0,4,0,0,0,0,3,1,6,1,23,5,1997,2,6,-1,1,-1
201520S050485,2,1,0,18,0,3,0,0,0,0,1,1,6,1,23,5,-1,-1,-1,-1,1,-1
201520S050485,3,3,0,5,0,4,0,0,0,0,0,1,6,3,-1,-1,-1,-1,-1,-1,-1,-1
201520S050495,1,9,0,18,0,0,0,0,0,0,4,1,6,1,29,6,1598,1,3,-1,1,-1
201520S050495,2,9,0,18,0,0,0,0,0,0,3,1,6,2,35,6,1197,1,2,-1,1,-1