Accident_Index,Vehicle_Reference,Vehicle_Type,Towing_and_Articulation,Vehicle_Manoeuvre,Vehicle_Location-Restricted_Lane,Junction_Location,Skidding_and_Overturning,Hit_Object_in_Carriageway,Vehicle_Leaving_Carriageway,Hit_Object_off_Carriageway,1st_Point_of_Impact,Was_Vehicle_Left_Hand_Drive?,Journey_Purpose_of_Driver,Sex_of_Driver,Age_of_Driver,Age_Band_of_Driver,Engine_Capacity_(CC),Propulsion_Code,Age_of_Vehicle,Driver_IMD_Decile,Driver_Home_Area_Type,Vehicle_IMD_Decile
201520S050625,1,19,0,7,0,6,0,0,0,0,1,1,6,1,-1,-1,1868,2,12,-1,-1,-1
201520S050625,2,9,0,3,0,2,0,0,0,0,4,1,6,1,50,8,1794,1,9,-1,1,-1
201520S050675,1,9,0,18,0,8,0,0,0,0,3,1,6,1,-1,-1,-1,-1,-1,-1,-1,-1
201520S050675,2,1,0,18,0,8,0,0,0,0,4,1,1,1,23,5,-1,-1,-1,-1,1,-1
201520S050685,1,9,0,18,0,0,0,0,0,0,4,1,6,3,-1,-1,-1,-1,-1,-1,-1,-1
201520S050695,1,1,0,18,0,4,0,0,0,0,3,1,6,1,15,3,-1,-1,-1,-1,1,-1
201520S050695,2,9,0,18,0,4,0,0,0,0,1,1,1,2,45,7,1246,1,8,-1,1,-1
201520S050705,1,9,0,18,0,0,0,0,0,0,1,1,6,1,34,6,1956,2,1,-1,1,-1
201520S051055,1,9,0,18,9,0,1,10,1,3,1,1,6,1,21,5,1388,1,12,-1,1,-1
201520S051085,1,9,0,18,0,8,1,0,0,0,1,1,6,1,-1,-1,-1,-1,-1,-1,-1,-1
201520S051085,2,9,0,9,0,3,1,0,0,0,4,1,6,2,25,5,998,1,9,-1,1,-1
201520S051145,1,9,0,9,0,8,0,0,0,0,1,1,3,2,50,8,1242,1,-1,-1,1,-1
201520S051145,2,9,0,18,0,8,0,0,0,0,3,1,6,2,26,6,1991,2,10,-1,-1,-1
201520S051145,3,9,0,18,0,8,0,0,0,0,3,1,6,2,36,7,1598,1,13,-1,1,-1
201520S051155,1,9,0,5,6,4,0,0,0,0,3,1,6,1,-1,-1,1397,1,15,-1,-1,-1
201520S051155,2,9,0,18,0,8,0,0,0,0,1,1,6,1,27,6,1598,1,12,-1,1,-1
201520S051225,1,2,0,18,0,6,0,0,0,0,3,1,6,1,16,4,49,1,6,-1,1,-1
201520S051225,2,9,0,18,0,8,0,0,0,0,1,1,6,1,24,5,1587,1,16,-1,1,-1
201520S051235,1,9,0,9,0,6,0,0,0,0,3,1,2,2,25,5,998,1,2,-1,1,-1
201520S051235,2,9,0,18,0,8,0,0,0,0,1,1,2,1,30,6,1968,2,1,-1,1,-1
201520S051245,1,9,0,8,0,1,0,0,0,0,2,1,6,1,41,7,1968,2,10,-1,1,-1
201520S051245,2,9,0,4,0,1,0,0,0,0,1,1,6,2,-1,-1,1229,1,3,-1,-1,-1
201520S051345,1,19,0,5,0,6,0,0,0,0,1,1,2,2,34,6,1968,2,9,-1,1,-1
201520S051345,2,19,0,18,0,8,1,10,2,2,3,1,1,1,53,8,1560,2,1,-1,1,-1
201520S051365,1,19,0,18,0,8,0,0,0,0,1,1,1,2,58,9,1248,2,1,-1,1,-1
201520S051395,1,9,0,9,0,5,1,0,0,0,3,1,6,2,33,6,1242,1,1,-1,1,-1
201520S051395,2,9,0,18,0,8,0,0,0,0,1,1,6,2,27,6,1242,1,4,-1,1,-1
201520S051665,1,9,0,18,0,1,0,0,0,0,1,1,6,2,34,6,2143,2,4,-1,1,-1
201520S051675,1,9,0,9,0,2,0,0,0,0,1,1,6,2,18,4,1229,1,5,-1,1,-1
201520S051695,1,9,0,18,0,0,0,0,0,0,1,1,6,2,-1,-1,-1,-1,-1,-1,-1,-1
201520S051695,2,9,0,18,0,0,0,0,0,0,4,1,1,2,55,8,1360,1,10,-1,1,-1
201520S051795,1,9,0,9,0,8,0,0,0,0,1,1,2,1,23,5,1364,1,9,-1,1,-1
201520S051795,2,5,0,18,0,8,0,4,1,0,1,1,2,1,35,6,1050,1,-1,-1,2,-1
201520S051795,3,9,0,2,0,2,0,0,0,0,3,1,6,1,-1,-1,998,1,-1,-1,-1,-1
201520S051835,1,9,0,16,0,0,1,10,1,2,3,1,2,1,34,6,1984,1,13,-1,1,-1
201520S051895,1,9,0,7,0,4,0,0,0,0,1,1,1,1,55,8,1560,2,-1,-1,1,-1
201520S051895,2,1,0,7,0,3,0,0,0,0,3,1,1,1,37,7,-1,-1,-1,-1,-1,-1
201520S051955,1,11,0,18,0,0,0,0,0,0,1,1,1,1,56,9,8268,2,11,-1,1,-1
201520S051955,2,9,0,3,0,0,0,0,0,0,2,1,6,2,36,7,1461,2,2,-1,1,-1
201520S052105,1,19,0,5,0,1,0,0,0,0,1,1,6,1,29,6,2402,2,4,-1,1,-1
201520S052105,2,5,0,5,0,1,0,0,0,0,2,1,1,1,33,6,108,1,-1,-1,1,-1
201520S052105,3,9,0,18,0,8,0,0,0,0,0,1,6,3,-1,-1,-1,-1,-1,-1,-1,-1
201520S052175,1,5,0,4,0,0,0,0,0,0,1,1,6,1,25,5,599,1,6,-1,1,-1
201520S052175,2,19,0,4,0,0,0,0,0,0,2,1,6,1,-1,-1,-1,-1,-1,-1,-1,-1
201520S052185,1,9,0,18,0,8,0,0,0,0,1,1,6,3,-1,-1,-1,-1,-1,-1,-1,-1
201520S052185,2,19,0,18,0,8,2,0,0,0,4,1,1,1,60,9,2198,2,1,-1,1,-1
201520S052205,1,3,0,18,0,2,0,0,0,0,1,1,6,1,15,3,125,1,2,-1,1,-1
201520S052205,2,11,0,9,0,5,0,0,0,0,3,1,1,1,26,6,9000,2,5,-1,1,-1
201520S052215,1,9,0,18,0,4,0,0,0,0,3,1,6,1,53,8,1200,1,2,-1,1,-1
201520S052215,2,1,0,18,0,8,0,0,0,0,1,1,6,1,44,7,-1,-1,-1,-1,1,-1
201520S052225,1,9,0,6,0,0,0,0,0,0,3,1,6,1,-1,-1,-1,-1,-1,-1,-1,-1
201520S052225,2,9,0,6,0,0,0,0,0,0,4,1,1,1,58,9,2231,2,9,-1,1,-1
201520S052235,1,19,0,18,0,2,2,7,1,0,1,1,1,2,29,6,2402,2,10,-1,1,-1
201520S052245,1,9,0,9,0,6,0,0,0,0,1,1,1,1,46,8,1995,2,14,-1,1,-1
201520S052245,2,9,0,18,0,8,1,0,0,0,4,1,3,2,35,6,1388,1,12,-1,1,-1
201520S052255,1,9,0,14,0,0,0,0,0,0,1,1,6,1,63,9,1240,1,9,-1,1,-1
201520S052255,2,9,0,2,0,0,0,0,0,0,4,1,6,3,-1,-1,1997,2,13,-1,1,-1
201520S052265,1,9,0,13,0,8,1,0,0,0,1,1,6,3,-1,-1,1389,1,14,-1,-1,-1
201520S052265,2,19,0,9,0,5,0,0,0,0,3,1,1,1,57,9,2494,2,11,-1,1,-1
201520S052275,1,9,0,18,0,0,0,4,7,10,1,1,6,2,31,6,1598,2,1,-1,1,-1
201520S052275,2,9,0,2,0,0,0,0,0,0,3,1,6,3,54,8,1986,2,10,-1,1,-1
201520S052275,3,9,0,2,0,0,0,0,0,0,2,1,6,3,28,6,1229,1,8,-1,1,-1
201520S052275,4,9,0,2,0,0,0,0,0,0,1,1,6,3,-1,-1,1598,1,9,-1,1,-1
201520S052485,1,9,0,18,0,0,0,0,0,0,1,1,6,1,50,8,1896,2,15,-1,1,-1
201520S052635,1,9,0,4,0,1,0,0,0,0,1,1,6,1,56,9,1242,1,10,-1,1,-1
201520S052635,2,1,0,18,0,1,0,0,0,0,1,1,6,1,9,2,-1,-1,-1,-1,1,-1
201520S052645,1,19,0,17,0,8,0,0,0,0,1,1,6,1,31,6,-1,-1,-1,-1,1,-1
201520S052645,2,9,0,9,0,8,0,0,0,0,1,1,6,2,20,4,1242,1,1,-1,1,-1
201520S052655,1,9,0,9,0,5,0,0,0,0,1,1,6,1,-1,-1,-1,-1,-1,-1,-1,-1
201520S052655,2,1,0,18,0,8,0,0,0,0,1,1,2,1,22,5,-1,-1,-1,-1,1,-1
201520S052665,1,9,0,17,0,0,0,0,0,0,1,1,6,2,52,8,1598,1,10,-1,1,-1
201520S052665,2,9,0,14,0,0,0,0,0,0,1,1,6,2,50,8,998,1,9,-1,1,-1
201520S052705,1,1,0,18,0,8,0,0,0,0,2,1,6,1,15,3,-1,-1,-1,-1,1,-1
201520S052705,2,9,0,9,0,8,0,0,0,0,1,1,6,2,20,4,1229,1,-1,-1,1,-1
201520S052785,1,9,0,3,0,1,0,0,0,0,0,1,6,3,-1,-1,-1,-1,-1,-1,-1,-1
201520S052785,2,3,0,5,0,1,0,0,0,0,1,1,2,1,22,5,125,1,-1,-1,1,-1
201520S052795,1,1,0,18,0,5,0,0,0,0,1,1,1,1,-1,-1,-1,-1,-1,-1,1,-1
201520S052795,2,9,0,7,0,5,0,0,0,0,4,1,6,2,-1,-1,1329,1,3,-1,-1,-1
201520S052835,1,9,0,6,0,2,0,0,0,0,3,1,6,2,21,5,1242,1,4,-1,1,-1
201520S052835,2,9,0,18,0,2,0,0,0,0,4,1,6,1,-1,-1,-1,-1,-1,-1,-1,-1
201520S053035,1,9,0,1,0,1,0,0,0,0,2,1,6,2,-1,-1,1461,2,7,-1,-1,-1
201520S053055,1,9,0,18,0,1,5,7,7,1,3,1,2,1,44,7,1120,2,4,-1,1,-1
201520S053055,2,9,0,3,0,1,0,0,0,0,3,1,2,1,42,7,1896,2,13,-1,1,-1
201520S053195,1,9,0,18,0,1,0,0,0,0,1,1,6,1,-1,-1,1968,2,8,-1,-1,-1
201520S053195,2,8,0,12,0,1,0,0,0,0,2,1,1,1,36,7,1798,7,5,-1,1,-1
201520S053315,1,9,0,9,0,6,0,0,0,0,1,1,3,2,35,6,1396,1,10,-1,1,-1
201520S053315,2,3,0,13,0,8,0,0,0,0,1,1,1,1,24,5,125,1,-1,-1,1,-1
201520S053325,1,9,0,7,0,5,0,0,0,0,0,1,6,3,-1,-1,-1,-1,-1,-1,-1,-1
201520S053325,2,9,0,18,0,1,0,0,0,0,2,1,2,1,21,5,1984,1,8,-1,1,-1
201520S053325,3,9,0,18,0,1,0,0,0,0,1,1,1,1,40,7,-1,-1,-1,-1,1,-1
201520S053325,4,9,0,11,0,1,0,0,0,0,1,1,6,2,31,6,1995,1,9,-1,3,-1
201520S053335,1,9,0,9,0,8,0,0,0,0,1,1,2,1,63,9,1596,1,9,-1,1,-1
201520S053335,2,1,0,18,0,8,0,0,0,0,1,1,2,1,53,8,-1,-1,-1,-1,1,-1
201520S053395,1,9,0,3,0,1,0,0,0,0,2,1,6,2,47,8,1951,2,13,-1,1,-1
201520S053395,2,9,0,4,0,1,0,0,0,0,1,1,6,1,-1,-1,1206,1,5,-1,-1,-1
201520S053405,1,9,0,12,0,8,0,0,0,0,3,1,1,2,27,6,1997,2,5,-1,1,-1
201520S053405,2,5,0,18,0,8,0,0,4,0,1,1,1,1,27,6,999,1,1,-1,1,-1
201520S053575,1,9,0,18,0,0,2,10,6,7,1,1,6,1,26,6,2295,1,16,-1,1,-1
201520S053575,2,9,0,18,0,0,0,0,0,0,3,1,3,2,35,6,1242,1,8,-1,1,-1
201520S053585,1,9,0,18,0,4,0,10,7,2,3,1,6,3,-1,-1,-1,-1,-1,-1,-1,-1
201520S053585,2,8,0,18,0,4,0,0,0,0,1,1,1,1,34,6,1997,2,5,-1,1,-1
201520S053595,1,9,0,14,0,0,0,0,0,0,1,1,1,2,44,7,1968,2,5,-1,1,-1
201520S053595,2,9,0,18,0,0,0,0,0,0,2,1,1,2,48,8,998,1,6,-1,1,-1
201520S053605,1,9,0,18,0,2,0,0,0,0,4,1,1,2,61,9,998,1,1,-1,1,-1
201520S054245,1,9,0,14,0,0,0,0,0,0,1,1,6,2,25,5,1242,1,3,-1,1,-1
201520S054245,2,9,0,18,0,0,0,0,0,0,1,1,6,1,18,4,1299,1,17,-1,-1,-1
201520S054265,1,9,0,9,0,5,0,0,0,0,4,1,2,1,69,10,1560,2,7,-1,3,-1
201520S054265,2,3,0,18,0,8,0,0,0,0,1,1,2,1,19,4,124,1,-1,-1,1,-1
201520S054275,1,9,0,13,0,1,0,10,7,10,4,1,6,1,-1,-1,-1,-1,-1,-1,-1,-1
201520S054275,2,9,0,9,0,5,0,0,0,0,3,1,1,1,24,5,998,1,-1,-1,1,-1
201520S054355,1,9,0,16,0,0,5,10,7,4,1,1,1,1,56,9,1399,2,9,-1,1,-1
201520S054365,1,9,0,5,0,1,0,0,0,0,0,1,3,1,29,6,1560,2,2,-1,1,-1
201520S054365,2,1,0,18,0,1,2,0,0,0,0,1,6,1,16,4,-1,-1,-1,-1,1,-1
201520S054375,1,9,0,4,0,0,0,0,0,0,4,1,6,2,43,7,1360,1,10,-1,1,-1
201520S054435,1,9,0,18,0,2,0,0,0,0,1,1,6,1,37,7,1248,2,11,-1,1,-1
201520S054435,2,11,0,3,0,2,0,0,0,0,2,1,1,2,48,8,9000,2,5,-1,-1,-1
201520S054465,1,9,0,18,0,4,0,0,0,0,1,1,6,1,23,5,-1,-1,-1,-1,1,-1
201520S054465,2,1,0,18,0,3,0,0,0,0,4,1,6,2,-1,-1,-1,-1,-1,-1,1,-1
201520S054485,1,9,0,18,0,0,0,0,0,0,1,1,6,1,-1,-1,2354,1,12,-1,-1,-1
201520S054485,2,9,0,3,0,0,0,0,0,0,2,1,6,1,35,6,1240,1,5,-1,1,-1
201520S054715,1,9,0,16,0,0,0,0,0,0,1,1,6,1,22,5,1995,2,-1,-1,1,-1
201520S054715,2,9,0,17,0,0,0,0,0,0,1,1,6,1,68,10,1599,1,10,-1,1,-1
201520S054725,1,9,0,18,0,8,0,0,0,0,1,1,6,3,-1,-1,1595,1,7,-1,-1,-1
201520S054725,2,9,0,9,0,5,0,0,0,0,4,1,6,1,46,8,1395,1,1,-1,-1,-1
201520S054735,1,19,0,12,0,0,0,0,0,0,1,1,6,1,-1,-1,2799,2,15,-1,-1,-1
201520S054735,2,9,0,18,0,0,0,0,0,0,4,1,6,2,32,6,1598,1,9,-1,1,-1
201520S054775,1,9,0,9,0,8,0,0,0,0,4,1,6,1,20,4,1560,2,5,-1,1,-1
201520S054775,2,9,0,18,0,8,0,0,0,0,1,1,6,2,26,6,1596,1,4,-1,1,-1
201520S054965,1,9,0,18,0,6,1,0,0,0,1,1,6,2,28,6,1956,2,-1,-1,1,-1
201520S054965,2,9,0,18,0,8,0,0,0,0,4,1,6,1,23,5,2497,2,10,-1,1,-1
201520S055105,1,9,0,18,0,4,0,0,0,0,1,1,6,1,52,8,1988,2,11,-1,1,-1
201520S055105,2,9,0,18,0,4,0,10,1,0,4,1,6,1,52,8,1299,1,14,-1,1,-1
201520S055345,1,19,0,18,0,8,0,0,0,0,1,1,6,3,-1,-1,1598,2,1,-1,-1,-1
201520S055345,2,9,0,10,0,8,0,0,7,10,2,1,1,1,58,9,1590,1,16,-1,1,-1
201520S055515,1,19,0,18,0,0,0,0,0,0,1,1,1,1,33,6,2198,2,9,-1,1,-1
201520S055515,2,9,0,3,0,0,0,0,0,0,2,1,1,1,37,7,1582,2,1,-1,1,-1
201520S055595,1,9,0,9,0,6,0,0,0,0,3,1,6,2,20,4,1248,2,6,-1,1,-1
201520S055595,2,9,0,18,0,8,0,0,0,0,1,1,6,1,31,6,2283,2,14,-1,1,-1
201520S055695,1,9,0,3,0,2,0,0,0,0,2,1,2,2,40,7,1598,1,13,-1,1,-1
201520S055695,2,9,0,5,0,2,0,0,0,0,1,1,6,1,-1,-1,-1,-1,-1,-1,-1,-1
201520S055725,1,3,0,5,0,6,0,0,0,0,1,1,1,1,17,4,124,1,7,-1,-1,-1
201520S055725,2,9,0,18,0,8,0,0,0,0,3,1,6,1,46,8,2290,1,14,-1,1,-1
201520S055925,1,9,0,14,0,1,0,0,0,0,1,1,6,1,32,6,1598,1,2,-1,1,-1
201520S056065,1,9,0,5,0,8,0,0,0,0,0,1,6,1,75,10,1598,1,6,-1,1,-1
201520S056065,2,9,0,18,0,2,0,10,0,0,1,1,3,2,38,7,1240,7,10,-1,1,-1
201520S056325,1,9,0,1,0,2,0,0,0,0,2,1,6,2,67,10,1229,1,11,-1,1,-1
201520S056705,1,9,0,18,0,8,0,0,0,0,4,1,6,1,47,8,1910,2,8,-1,1,-1
201520S056705,2,9,0,5,0,8,0,0,0,0,1,1,6,2,-1,-1,1598,2,4,-1,1,-1
201520S056715,1,9,0,3,0,1,0,0,0,0,2,1,3,2,34,6,1995,1,5,-1,1,-1
201520S056715,2,9,0,18,0,1,0,0,0,0,1,1,6,2,40,7,1598,1,10,-1,1,-1
201520S056765,1,9,0,18,0,4,0,0,0,0,1,1,2,1,33,6,-1,-1,-1,-1,1,-1
201520S056765,2,1,0,18,0,4,0,0,0,0,4,1,2,1,45,7,-1,-1,-1,-1,1,-1
201520S056775,1,9,0,18,0,1,0,0,0,0,1,1,6,1,-1,-1,1360,1,13,-1,-1,-1
201520S056775,2,9,0,3,0,1,0,0,0,0,2,1,6,2,54,8,998,1,1,-1,1,-1
201520S056875,1,9,0,7,0,6,0,0,0,0,1,1,6,3,-1,-1,-1,-1,-1,-1,-1,-1
201520S056875,2,1,0,10,0,8,0,0,0,0,3,1,6,2,16,4,-1,-1,-1,-1,1,-1
201520S056885,1,9,0,18,0,0,0,0,0,0,4,1,1,1,25,5,1781,1,11,-1,1,-1
201520S056885,2,20,0,12,0,0,0,0,0,0,3,1,6,1,-1,-1,7790,2,11,-1,-1,-1
201520S056895,1,9,0,9,0,6,0,0,0,0,0,1,6,3,-1,-1,-1,-1,-1,-1,-1,-1
201520S056895,2,5,0,18,0,1,0,10,7,4,1,1,6,1,38,7,749,1,12,-1,1,-1
201520S056945,1,9,0,18,0,8,0,10,1,10,3,1,6,1,91,11,1149,1,3,-1,1,-1
201520S056945,2,9,0,18,0,8,0,0,0,0,1,1,6,1,27,6,1598,2,-1,-1,1,-1
201520S056965,1,9,0,15,0,8,0,0,0,0,3,1,6,1,-1,-1,1596,1,13,-1,-1,-1
201520S056965,2,9,0,7,0,5,0,0,0,0,4,1,6,2,39,7,1600,1,9,-1,1,-1
201520S056985,1,5,0,18,0,8,0,0,0,0,1,1,6,1,20,4,738,1,16,-1,-1,-1
201520S056985,2,9,0,9,0,5,0,0,0,0,4,1,6,2,35,6,1905,2,19,-1,1,-1
201520S056995,1,9,0,9,0,6,0,0,0,0,1,1,1,2,40,7,1560,2,3,-1,1,-1
201520S056995,2,9,0,18,0,8,0,0,0,0,4,1,6,2,43,7,1598,1,7,-1,1,-1
201520S057015,1,9,0,18,0,1,0,0,0,0,1,1,2,2,36,7,1198,1,4,-1,1,-1
201520S057045,1,9,0,18,0,2,0,10,1,3,1,1,1,1,23,5,1248,2,3,-1,1,-1
201520S057045,2,9,0,9,0,6,0,0,0,0,0,1,2,2,29,6,998,1,-1,-1,1,-1
201520S057055,1,9,0,9,0,8,0,0,0,0,1,1,1,2,24,5,1461,2,11,-1,1,-1
201520S057055,2,9,0,3,0,8,0,0,0,0,1,1,1,2,24,5,1242,1,17,-1,1,-1
201520S057335,1,9,0,18,0,0,0,4,0,0,1,1,6,2,32,6,1896,2,11,-1,1,-1
201520S057335,2,9,0,2,0,0,0,0,0,0,2,1,6,1,44,7,-1,-1,-1,-1,1,-1
201520S057335,3,9,0,2,0,0,0,0,0,0,1,1,6,1,44,7,1390,1,10,-1,1,-1
201520S057335,4,9,0,2,0,0,0,0,0,0,1,1,6,1,46,8,1796,1,12,-1,1,-1
201520S057345,1,9,0,18,0,0,0,7,7,4,3,1,6,1,22,5,1242,1,13,-1,1,-1
201520S057355,1,3,0,18,0,0,0,0,0,0,1,1,1,1,19,4,124,1,-1,-1,1,-1
201520S057365,1,9,0,9,0,6,0,0,0,0,1,1,2,2,55,8,1587,1,12,-1,1,-1
201520S057375,1,9,0,7,0,6,0,0,0,0,1,1,6,1,28,6,998,1,2,-1,1,-1
201520S057375,2,1,0,18,0,8,0,0,0,0,4,1,6,1,-1,-1,-1,-1,-1,-1,1,-1
201520S057745,1,9,0,9,0,6,0,0,0,0,2,1,6,1,34,6,1984,1,7,-1,1,-1
201520S057745,2,9,0,18,0,8,0,10,1,4,1,1,6,1,38,7,3222,2,12,-1,1,-1
201520S057755,1,9,0,7,0,2,0,0,0,0,1,1,6,3,-1,-1,973,1,14,-1,-1,-1
201520S057755,2,19,0,3,0,1,0,0,0,0,3,1,6,1,42,7,2500,2,10,-1,1,-1
201520S057755,3,9,0,3,0,1,0,0,0,0,1,1,6,1,42,7,1461,2,5,-1,1,-1
201520S057785,1,9,0,6,0,0,0,0,0,0,4,1,6,1,-1,-1,1794,1,12,-1,1,-1
201520S057785,2,9,0,18,0,0,0,0,0,0,3,1,6,2,20,4,1598,1,10,-1,1,-1
201520S057795,1,9,0,7,0,6,0,0,0,0,1,1,6,1,-1,-1,2000,2,11,-1,-1,-1
201520S057795,2,9,0,18,0,8,0,0,0,0,3,1,1,1,50,8,1596,1,12,-1,1,-1
201520S057805,1,9,0,18,0,1,0,0,0,0,4,1,6,1,42,7,1968,2,2,-1,1,-1
201520S057825,1,9,0,18,0,0,0,0,0,0,1,1,6,1,-1,-1,-1,-1,-1,-1,-1,-1
201520S057825,2,9,0,3,0,0,0,0,0,0,2,1,6,1,52,8,1995,2,11,-1,1,-1
201520S057905,1,1,0,18,0,8,0,0,0,0,1,1,6,1,49,8,-1,-1,-1,-1,1,-1
201520S057905,2,9,0,9,0,1,0,0,0,0,1,1,6,3,-1,-1,-1,-1,-1,-1,-1,-1
201520S058035,1,9,0,18,0,0,0,0,0,0,3,1,6,1,21,5,1796,1,11,-1,1,-1
201520S058035,2,19,0,18,0,0,0,0,0,0,1,1,6,1,54,8,1560,2,3,-1,3,-1
201520S058145,1,9,0,18,0,2,0,0,0,0,1,1,6,1,-1,-1,-1,-1,-1,-1,-1,-1
201520S058275,1,9,0,18,0,6,0,0,0,0,3,1,6,1,-1,-1,5998,1,1,-1,1,-1
201520S058275,2,1,0,9,0,3,0,0,0,0,1,1,6,1,30,6,-1,-1,-1,-1,1,-1
201520S058295,1,9,0,18,0,8,0,0,0,0,4,1,6,1,21,5,1248,2,9,-1,1,-1
201520S058295,2,9,0,9,0,6,0,0,0,0,1,1,6,3,-1,-1,-1,-1,-1,-1,-1,-1
201520S058365,1,20,0,1,0,5,0,0,0,0,4,1,1,1,61,9,5132,2,1,-1,1,-1
201520S058365,2,19,0,18,0,1,0,0,0,0,1,1,1,1,42,7,1998,2,12,-1,1,-1
201520S058505,1,9,0,5,0,6,0,0,0,0,1,1,6,1,57,9,1968,2,1,-1,2,-1
201520S058505,2,9,0,18,0,8,0,10,1,5,1,1,1,1,38,7,1910,2,9,-1,-1,-1
201520S058575,1,1,0,4,0,2,0,0,0,0,3,1,6,1,10,2,-1,-1,-1,-1,1,-1
201520S058575,2,9,0,18,0,2,0,0,0,0,1,1,6,1,59,9,2143,2,6,-1,1,-1
201520S058595,1,9,0,5,0,6,0,0,1,0,1,1,2,2,24,5,1339,1,8,-1,1,-1
201520S058595,2,9,0,18,0,8,0,0,0,0,3,1,2,2,43,7,2993,2,4,-1,1,-1
201520S058595,3,9,0,8,0,1,0,0,0,0,1,1,2,1,37,7,1998,2,10,-1,1,-1
201520S058605,1,9,0,18,0,4,0,0,0,0,3,1,1,2,23,5,1398,2,6,-1,1,-1
201520S058605,2,9,0,18,0,4,0,0,0,0,4,1,1,1,40,7,-1,-1,-1,-1,1,-1
201520S058665,1,1,0,18,0,0,0,0,0,0,4,1,2,2,48,8,-1,-1,-1,-1,1,-1
201520S058665,2,9,0,12,0,0,0,0,0,0,1,1,6,2,-1,-1,-1,-1,-1,-1,-1,-1
201520S058735,1,19,0,18,0,8,0,0,0,0,1,1,2,1,41,7,-1,-1,-1,-1,1,-1
201520S058735,2,9,0,5,0,6,0,0,0,0,1,1,6,2,-1,-1,1596,1,9,-1,1,-1
201520S058745,1,9,0,18,0,8,0,0,0,0,4,1,6,3,-1,-1,-1,-1,-1,-1,-1,-1
201520S058745,2,9,0,18,0,8,0,0,0,0,1,1,6,1,34,6,1997,1,11,-1,1,-1
201520S058755,1,9,0,18,0,8,0,0,0,0,4,1,6,1,-1,-1,1749,1,14,-1,1,-1
201520S058755,2,9,0,18,0,8,0,0,0,0,3,1,6,1,22,5,1596,1,3,-1,1,-1
201520S058765,1,9,0,6,0,5,0,0,0,0,1,1,1,1,47,8,1753,2,8,-1,1,-1
201520S058765,2,9,0,18,0,8,1,10,0,0,2,1,1,2,33,6,1598,1,9,-1,1,-1
201520S058805,1,9,0,18,0,8,1,0,0,0,2,1,6,2,25,5,998,1,6,-1,1,-1
201520S058805,2,9,0,9,0,8,0,0,0,0,1,1,6,1,40,7,2497,1,10,-1,1,-1
201520S058865,1,9,0,18,0,0,0,0,0,0,1,1,6,1,26,6,1395,1,-1,-1,1,-1
201520S058925,1,9,0,5,0,8,0,0,0,0,1,1,6,2,27,6,1997,1,8,-1,1,-1
201520S058925,2,9,0,18,0,8,0,0,0,0,3,1,6,2,43,7,1339,1,9,-1,1,-1
201520S058925,3,9,0,3,0,8,0,0,0,0,1,1,6,2,19,4,1242,1,1,-1,1,-1
201520S058935,1,9,0,18,0,0,0,0,0,0,1,1,6,2,76,11,1596,1,7,-1,1,-1
201520S058945,1,9,0,5,9,8,0,0,0,0,1,1,6,1,35,6,-1,-1,-1,-1,-1,-1
201520S058945,2,1,0,18,9,8,0,0,0,0,3,1,1,2,20,4,-1,-1,-1,-1,1,-1
201520S059015,1,9,0,15,0,8,0,0,0,0,1,1,6,1,24,5,2498,2,18,-1,1,-1
201520S059015,2,9,0,18,0,8,0,0,0,0,4,1,6,1,21,5,2000,2,10,-1,1,-1
201520S059165,1,9,0,9,0,6,0,0,0,0,3,1,6,2,46,8,1596,1,5,-1,1,-1
201520S059165,2,9,0,18,0,8,0,0,0,0,1,1,6,1,42,7,2148,2,10,-1,1,-1
201520S059175,1,5,0,9,0,5,0,0,0,0,4,1,6,1,46,8,1690,1,-1,-1,1,-1
201520S059175,2,9,0,18,0,8,0,0,0,0,1,1,6,1,35,6,2987,2,6,-1,1,-1
201520S059185,1,9,0,5,0,0,0,10,1,4,3,1,6,1,36,7,1124,1,12,-1,1,-1
201520S059185,2,9,0,18,0,0,0,0,0,0,1,1,6,1,31,6,1598,1,13,-1,1,-1
201520S059195,1,9,0,9,0,8,0,0,0,0,1,1,6,1,21,5,1390,1,9,-1,1,-1
201520S059195,2,9,0,18,0,8,0,0,0,0,1,1,6,1,-1,-1,-1,-1,-1,-1,1,-1
201520S059235,1,8,0,18,0,2,0,7,0,0,1,1,6,1,-1,-1,1997,2,14,-1,1,-1
201520S059245,1,9,0,1,0,0,0,4,0,0,2,1,6,1,17,4,1397,1,12,-1,1,-1
201520S059245,2,9,0,2,0,0,0,0,0,0,2,1,6,2,39,7,999,1,8,-1,1,-1
201520S059255,1,9,0,18,0,8,1,10,1,1,1,1,6,1,26,6,1364,1,10,-1,1,-1
201520S059255,2,9,0,5,0,6,0,10,1,10,2,1,6,1,77,11,2490,2,16,-1,1,-1
201520S059265,1,9,0,18,0,8,0,0,0,0,4,1,1,1,35,6,1590,1,12,-1,1,-1
201520S059265,2,9,0,18,0,8,0,0,0,0,3,1,1,2,43,7,1598,2,1,-1,1,-1
201520S059275,1,9,0,9,0,5,0,0,0,0,3,1,6,2,-1,-1,-1,-1,-1,-1,-1,-1
201520S059275,2,1,0,17,0,8,0,0,0,0,1,1,6,1,26,6,-1,-1,-1,-1,1,-1