Accident_Index,Vehicle_Reference,Vehicle_Type,Towing_and_Articulation,Vehicle_Manoeuvre,Vehicle_Location-Restricted_Lane,Junction_Location,Skidding_and_Overturning,Hit_Object_in_Carriageway,Vehicle_Leaving_Carriageway,Hit_Object_off_Carriageway,1st_Point_of_Impact,Was_Vehicle_Left_Hand_Drive?,Journey_Purpose_of_Driver,Sex_of_Driver,Age_of_Driver,Age_Band_of_Driver,Engine_Capacity_(CC),Propulsion_Code,Age_of_Vehicle,Driver_IMD_Decile,Driver_Home_Area_Type,Vehicle_IMD_Decile
201520S059285,1,21,1,1,0,1,0,0,0,0,2,1,1,1,45,7,-1,-1,-1,-1,-1,-1
201520S059285,2,5,0,18,0,3,0,0,0,0,1,1,6,1,27,6,645,1,6,-1,1,-1
201520S059285,3,9,0,18,0,3,0,0,0,0,1,1,6,1,34,6,2143,2,-1,-1,1,-1
201520S059295,1,9,0,5,9,6,0,0,0,0,1,1,6,1,-1,-1,-1,-1,-1,-1,-1,-1
201520S059305,1,9,0,9,0,8,0,0,0,0,1,1,6,2,23,5,1000,1,-1,-1,1,-1
201520S059305,2,9,0,18,0,8,0,0,0,0,3,1,2,1,32,6,2179,2,8,-1,1,-1
201520S059315,1,9,0,9,0,8,0,10,0,0,4,1,6,2,30,6,1198,1,5,-1,1,-1
201520S059315,2,9,0,18,0,8,0,0,0,0,1,1,2,1,32,6,1389,1,11,-1,1,-1
201520S059335,1,1,0,18,0,3,0,0,0,0,1,1,6,1,45,7,-1,-1,-1,-1,1,-1
201520S059335,2,9,0,18,0,8,0,0,0,0,1,1,6,1,-1,-1,-1,-1,-1,-1,1,-1
201520S059345,1,9,0,18,0,8,0,0,0,0,1,1,6,2,-1,-1,998,1,4,-1,-1,-1
201520S059345,2,1,0,18,0,8,0,0,0,0,1,1,2,1,17,4,-1,-1,-1,-1,1,-1
201520S059385,1,9,0,9,0,3,0,0,0,0,0,1,6,2,-1,-1,-1,-1,-1,-1,-1,-1
201520S059385,2,9,0,18,0,1,0,0,0,0,1,1,6,1,-1,-1,1299,1,15,-1,-1,-1
201520S059385,3,9,0,18,0,1,0,0,0,0,2,1,6,2,-1,-1,1499,2,-1,-1,1,-1
201520S059725,1,9,0,9,0,8,0,0,0,0,4,1,6,1,26,6,1995,2,11,-1,1,-1
201520S059725,2,3,0,18,0,8,1,0,0,0,4,1,2,1,38,7,125,1,-1,-1,1,-1
201520S059745,1,9,0,18,0,8,0,0,0,0,1,1,6,2,26,6,-1,-1,-1,-1,1,-1
201520S059745,2,9,0,18,0,8,2,10,1,0,3,1,6,2,47,8,1997,2,-1,-1,1,-1
201520S059765,1,9,0,17,0,3,1,0,0,0,1,1,6,1,34,6,1397,1,6,-1,1,-1
201520S059765,2,9,0,4,0,1,5,7,0,0,3,1,6,2,33,6,1995,2,5,-1,1,-1
201520S059795,1,9,0,18,0,4,0,0,0,0,4,1,6,1,22,5,1995,2,11,-1,1,-1
201520S059795,2,9,0,18,0,4,0,10,7,1,1,1,6,2,28,6,998,1,-1,-1,1,-1
201520S059805,1,9,0,9,0,5,0,0,0,0,1,1,6,1,-1,-1,1686,2,11,-1,-1,-1
201520S059805,2,1,0,18,0,8,0,0,0,0,1,1,6,1,22,5,-1,-1,-1,-1,1,-1
201520S059815,1,9,0,18,0,4,0,0,0,0,1,1,6,2,-1,-1,2995,1,12,-1,-1,-1
201520S059815,2,9,0,18,0,8,0,0,0,0,4,1,6,1,72,10,1587,1,6,-1,1,-1
201520S059935,1,9,0,9,0,6,0,0,0,0,1,1,6,2,43,7,1796,1,14,-1,1,-1
201520S606275,1,8,0,18,0,3,0,10,0,0,4,1,1,1,43,7,2902,2,8,-1,1,-1
201520S606275,2,9,0,18,0,4,0,0,0,0,1,1,6,1,-1,-1,1396,1,13,-1,-1,-1
201520S608175,1,9,0,18,0,8,0,0,0,0,4,1,6,3,-1,-1,1560,2,3,-1,-1,-1
201520S608175,2,9,0,9,0,8,0,0,0,0,3,1,6,2,29,6,1198,1,7,-1,1,-1
201520S619615,1,9,0,5,0,6,0,0,0,0,1,1,1,2,24,5,1299,1,13,-1,1,-1
201520S619615,2,9,0,18,0,8,0,0,0,0,4,1,6,2,40,7,1956,2,3,-1,1,-1
201520T000725,1,9,0,9,9,5,0,0,0,0,1,1,6,1,-1,-1,-1,-1,-1,-1,-1,-1
201520T002735,1,9,0,9,0,6,0,0,0,0,3,1,1,2,39,7,-1,-1,-1,-1,1,-1
201520T002735,2,9,0,18,0,8,0,0,0,0,1,1,6,2,20,4,996,1,6,-1,1,-1
201520T003185,1,9,0,18,0,0,0,0,0,0,1,1,6,2,-1,-1,-1,-1,-1,-1,-1,-1
201520T003185,2,1,0,18,0,0,0,0,0,0,1,1,4,1,13,3,-1,-1,-1,-1,1,-1
201520T003965,1,9,0,18,0,0,0,0,0,0,1,1,6,3,-1,-1,-1,-1,-1,-1,-1,-1
201520T004315,1,9,0,18,0,0,0,0,0,0,1,1,6,3,-1,-1,-1,-1,-1,-1,-1,-1
201520T004335,1,9,0,14,0,0,0,0,0,0,1,1,2,1,23,5,1229,1,1,-1,1,-1
201520T004745,1,9,0,18,0,8,0,0,0,0,1,1,2,1,44,7,1396,1,14,-1,-1,-1
201520T004745,2,9,0,4,0,8,0,0,0,0,2,1,2,2,24,5,1995,2,9,-1,1,-1
201520T004765,1,19,0,18,0,8,0,0,0,0,1,1,6,1,40,7,2148,2,8,-1,1,-1
201520T004765,2,9,0,9,0,8,0,0,0,0,1,1,6,3,-1,-1,-1,-1,-1,-1,-1,-1
201520T004855,1,9,0,18,9,0,0,4,7,0,1,1,6,1,38,7,1753,2,11,-1,1,-1
201520T004855,2,9,0,2,9,0,0,0,0,0,1,1,6,1,42,7,-1,-1,-1,-1,1,-1
201520T004975,1,9,0,9,0,8,0,0,0,0,4,1,6,1,84,11,-1,-1,-1,-1,1,-1
201520T004975,2,9,0,18,0,8,0,0,0,0,3,1,6,2,58,9,1498,1,9,-1,1,-1
201520T004985,1,9,0,5,0,4,0,0,0,0,1,1,6,1,47,8,1422,2,14,-1,-1,-1
201520T004995,1,9,0,18,0,6,0,0,0,0,1,1,6,1,-1,-1,-1,-1,-1,-1,-1,-1
201520T004995,2,9,0,18,0,8,0,0,0,0,4,1,6,2,23,5,1461,2,1,-1,1,-1
201520T005015,1,9,0,18,0,8,0,10,3,0,1,1,6,2,20,4,1229,1,8,-1,1,-1
201520T005015,2,9,0,18,0,8,0,10,1,10,3,1,6,1,-1,-1,1956,2,3,-1,1,-1
201520T005425,1,3,0,18,0,0,0,0,0,0,1,1,1,1,33,6,125,1,3,-1,1,-1
201520T005465,1,9,0,9,0,8,0,0,0,0,3,1,6,1,-1,-1,1686,2,8,-1,-1,-1
201520T005465,2,11,0,18,0,8,0,0,0,0,1,1,1,1,41,7,6700,2,8,-1,1,-1
201520T005775,1,9,0,17,0,8,2,10,1,10,1,1,2,2,24,5,998,1,1,-1,1,-1
201520T005785,1,9,0,18,0,0,0,4,7,0,1,1,6,1,20,4,998,1,14,-1,1,-1
201520T005785,2,9,0,2,0,0,0,0,0,0,2,1,6,1,29,6,1597,2,1,-1,1,-1
201520T005865,1,11,0,18,0,0,0,0,0,0,1,1,1,1,28,6,6696,2,2,-1,1,-1
201520T005925,1,9,0,5,0,8,0,0,0,0,1,1,6,3,-1,-1,-1,-1,-1,-1,-1,-1
201520T005925,2,9,0,18,0,8,1,4,0,0,4,1,6,1,29,6,-1,-1,-1,-1,1,-1
201520T005925,3,9,0,2,0,2,0,0,0,0,3,1,6,1,41,7,1598,1,14,-1,1,-1
201520T005935,1,9,0,18,0,0,0,10,1,2,1,1,6,2,22,5,-1,-1,-1,-1,1,-1
201520T005965,1,19,0,18,0,1,0,0,0,0,1,1,6,3,-1,-1,-1,-1,-1,-1,-1,-1
201520T005965,2,9,0,4,0,1,0,0,0,0,2,1,6,1,40,7,1497,1,14,-1,1,-1
201520T005975,1,9,0,1,0,2,0,4,0,0,2,1,6,1,45,7,1753,2,8,-1,1,-1
201520T005975,2,9,0,2,0,1,0,0,0,0,2,1,6,1,28,6,1781,1,13,-1,1,-1
201520T005985,1,19,0,9,9,5,0,0,0,0,1,1,6,1,-1,-1,-1,-1,-1,-1,-1,-1
201520T005995,1,9,0,18,0,1,1,0,0,0,1,1,6,1,-1,-1,1242,1,16,-1,-1,-1
201520T005995,2,9,0,3,0,1,0,0,0,0,2,1,6,2,34,6,1498,1,2,-1,1,-1
201520T006005,1,9,0,18,0,0,1,0,0,0,1,1,2,1,71,10,1796,1,8,-1,1,-1
201520T006025,1,9,0,4,0,1,0,10,1,10,1,1,6,1,-1,-1,-1,-1,-1,-1,-1,-1
201520T006025,2,9,0,4,0,1,0,0,0,0,2,1,1,1,41,7,1968,2,9,-1,1,-1
201520T006285,1,9,0,14,0,0,0,0,0,0,1,1,1,2,41,7,1398,1,7,-1,1,-1
201520T006295,1,9,0,9,0,2,0,0,0,0,1,1,1,1,19,4,1199,1,13,-1,1,-1
201520T006315,1,9,0,18,0,0,1,4,0,0,1,1,6,3,-1,-1,1796,1,8,-1,-1,-1
201520T006315,2,9,0,2,0,0,0,0,0,0,3,1,1,1,30,6,-1,-1,-1,-1,1,-1
201520T007315,1,9,0,18,0,4,0,0,0,0,1,1,6,3,-1,-1,-1,-1,-1,-1,-1,-1
201520T007315,2,1,0,7,0,3,0,0,0,0,2,1,6,1,21,5,-1,-1,-1,-1,1,-1
201520T007325,1,9,0,9,0,6,0,0,0,0,1,1,6,2,28,6,998,1,12,-1,1,-1
201520T007325,2,9,0,18,0,8,1,0,0,0,3,1,6,1,51,8,1560,2,9,-1,1,-1
201520T007345,1,9,0,18,0,0,0,0,0,0,1,1,6,1,39,7,1896,2,14,-1,1,-1
201520T007445,1,1,0,18,0,8,0,0,0,0,4,1,6,2,30,6,-1,-1,-1,-1,1,-1
201520T007445,2,9,0,4,0,4,0,0,0,0,1,1,6,1,-1,-1,1398,1,4,-1,-1,-1
201520T007515,1,9,0,1,0,2,0,0,0,0,2,1,6,1,27,6,1781,1,14,-1,1,-1
201520T007835,1,9,0,7,0,3,0,0,0,0,4,1,6,1,39,7,1761,1,15,-1,1,-1
201520T007835,2,1,0,12,0,3,0,0,0,0,1,1,6,1,30,6,-1,-1,-1,-1,1,-1
201520T007875,1,9,0,18,0,0,1,0,0,0,1,1,6,3,-1,-1,-1,-1,-1,-1,-1,-1
201520T007875,2,9,0,3,0,0,0,0,0,0,2,1,6,1,61,9,-1,-1,-1,-1,1,-1
201520T007875,3,9,0,3,0,0,0,0,0,0,2,1,6,1,38,7,1998,2,8,-1,1,-1
201520T007885,1,9,0,9,0,5,0,0,0,0,1,1,2,1,59,9,998,1,2,-1,1,-1
201520T007945,1,9,0,18,0,0,0,0,0,0,1,1,6,1,-1,-1,-1,-1,-1,-1,-1,-1
201520T007955,1,9,0,9,0,6,0,0,0,0,1,1,2,2,46,8,1598,1,7,-1,1,-1
201520T007955,2,3,0,18,0,8,0,0,0,0,3,1,2,2,41,7,125,1,3,-1,-1,-1
201520T007985,1,9,0,18,0,3,1,0,0,0,1,1,1,1,25,5,1086,1,9,-1,1,-1
201520T007985,2,19,0,17,0,3,0,0,0,0,2,1,1,1,-1,-1,2198,2,2,-1,-1,-1
201520T007985,3,20,0,17,0,3,0,0,0,0,0,1,6,1,-1,-1,-1,-1,-1,-1,-1,-1
201520T008035,1,9,0,18,0,8,0,0,0,0,1,1,2,2,30,6,-1,-1,-1,-1,1,-1
201520T008035,2,9,0,18,0,8,0,0,1,0,3,1,2,2,44,7,1686,2,9,-1,1,-1
201520T008055,1,9,0,18,0,1,0,0,0,0,1,1,6,1,34,6,1995,2,7,-1,1,-1
201520T008055,2,9,0,3,0,1,0,0,0,0,2,1,6,1,35,6,1598,1,10,-1,1,-1
201520T008465,1,19,0,1,0,1,0,0,0,0,2,1,6,1,-1,-1,2402,2,14,-1,-1,-1
201520T008465,2,9,0,3,0,1,0,0,0,0,1,1,6,2,34,6,1595,1,7,-1,1,-1
201520T008695,1,8,0,18,0,0,0,0,0,0,1,1,6,1,-1,-1,-1,-1,-1,-1,-1,-1
201520T008745,1,9,0,3,0,1,0,0,0,0,2,1,6,2,31,6,1896,2,11,-1,1,-1
201520T008745,2,9,0,18,0,1,0,0,0,0,1,1,6,2,-1,-1,1998,1,15,-1,-1,-1
201520T009105,1,9,0,9,0,2,0,0,0,0,1,1,6,1,-1,-1,-1,-1,-1,-1,-1,-1
201520T009175,1,9,0,18,0,0,0,0,0,0,2,1,6,2,44,7,1299,1,13,-1,1,-1
201520T009175,2,2,0,18,0,0,0,0,0,0,1,1,6,1,16,4,50,1,3,-1,1,-1
201520T009195,1,9,0,18,0,1,0,0,0,0,4,1,6,1,33,6,1896,2,14,-1,1,-1
201520T009225,1,9,0,9,0,8,0,0,0,0,1,1,6,3,-1,-1,-1,-1,-1,-1,-1,-1
201520T009225,2,9,0,7,0,8,0,0,0,0,3,1,6,2,39,7,2143,2,5,-1,1,-1
201520T009285,1,9,0,14,0,0,1,0,0,0,1,1,6,1,80,11,1598,1,14,-1,1,-1
201520T009305,1,9,0,9,0,2,0,0,0,0,1,1,6,1,23,5,1390,1,6,-1,1,-1
201520T009305,2,9,0,18,0,1,0,0,0,0,1,1,6,1,29,6,1242,1,1,-1,1,-1
201520T009315,1,9,0,16,0,0,1,10,7,10,4,1,1,1,20,4,1229,1,8,-1,1,-1
201520T009345,1,9,0,18,0,1,0,0,0,0,1,1,6,2,30,6,-1,-1,-1,-1,-1,-1
201520T009405,1,9,0,5,0,7,0,0,0,0,4,1,6,3,-1,-1,1229,1,8,-1,1,-1
201520T009405,2,1,0,18,0,8,0,0,0,0,3,1,1,1,35,6,-1,-1,-1,-1,-1,-1
201520T009435,1,9,0,18,0,0,0,10,1,0,1,1,6,1,28,6,1968,2,7,-1,1,-1
201520T009495,1,9,0,18,0,4,0,0,0,0,3,1,2,1,41,7,1598,2,4,-1,1,-1
201520T009495,2,9,0,18,0,4,0,0,0,0,1,1,2,2,37,7,1242,1,11,-1,1,-1
201520T009695,1,9,0,18,0,0,0,8,0,0,1,1,6,2,41,7,1396,1,14,-1,1,-1
201520T009695,2,9,0,2,0,0,0,0,0,0,3,1,6,1,-1,-1,1794,1,9,-1,-1,-1
201520T009865,1,9,0,18,0,6,0,0,0,0,4,1,6,1,29,6,1796,1,7,-1,1,-1
201520T009865,2,9,0,18,0,8,0,0,0,0,1,1,6,2,29,6,-1,-1,-1,-1,1,-1
201520T010135,1,9,0,7,0,6,0,0,0,0,1,1,6,1,-1,-1,1229,1,6,-1,-1,-1
201520T010135,2,9,0,18,0,8,0,0,0,0,4,1,6,1,20,4,1197,1,1,-1,1,-1
201520T010145,1,9,0,14,0,0,0,0,0,0,1,1,6,3,-1,-1,-1,-1,-1,-1,-1,-1
201520T010165,1,9,0,9,0,6,0,0,0,0,1,1,2,1,57,9,-1,-1,-1,-1,1,-1
201520T010165,2,1,0,9,0,8,0,0,0,0,1,1,6,1,44,7,-1,-1,-1,-1,1,-1
201520T010215,1,9,0,2,0,0,0,0,0,0,3,1,6,2,-1,-1,1598,1,6,-1,-1,-1
201520T010215,2,3,0,18,0,0,0,8,0,0,4,1,6,1,28,6,125,1,1,-1,1,-1
201520T010255,1,9,0,18,0,0,1,0,0,0,1,1,6,3,-1,-1,2198,2,10,-1,-1,-1
201520T010365,1,9,0,18,0,0,0,0,0,0,1,1,6,2,43,7,1997,2,2,-1,1,-1
201520T010605,1,9,0,18,0,8,0,0,0,0,3,1,6,1,39,7,-1,-1,-1,-1,1,-1
201520T010605,2,9,0,18,0,8,0,0,0,0,1,1,6,1,27,6,2698,2,7,-1,1,-1
201520T010615,1,9,0,9,0,5,0,0,0,0,1,1,6,3,-1,-1,-1,-1,-1,-1,-1,-1
201520T010625,1,9,0,17,0,0,0,0,0,0,1,1,6,1,22,5,1595,1,6,-1,1,-1
201520T010625,2,9,0,16,0,0,0,0,0,0,1,1,6,1,43,7,-1,-1,-1,-1,1,-1
201520T010655,1,9,0,18,0,8,0,0,0,0,1,1,6,1,-1,-1,1781,1,8,-1,-1,-1
201520T010655,2,9,0,3,0,8,0,0,0,0,2,1,1,2,21,5,998,1,3,-1,1,-1
201520T010975,1,9,0,3,0,1,0,0,0,0,2,1,6,1,37,7,1896,2,12,-1,1,-1
201520T010975,2,19,0,18,0,1,0,0,0,0,1,1,6,1,-1,-1,1998,2,14,-1,-1,-1
201520T011045,1,9,0,5,9,0,0,0,0,0,1,1,6,1,-1,-1,2231,2,9,-1,-1,-1
201520T011045,2,9,0,18,0,0,0,0,0,0,1,1,6,2,22,5,1124,1,10,-1,1,-1
201520T011075,1,9,0,14,0,0,0,0,0,0,3,1,2,1,39,7,-1,-1,-1,-1,1,-1
201520T011075,2,9,0,18,0,0,0,0,0,0,3,1,3,1,48,8,1900,2,9,-1,1,-1
201520T011145,1,9,0,9,0,5,0,0,0,0,1,1,6,1,-1,-1,1149,1,11,-1,-1,-1
201520T011145,2,9,0,3,0,1,0,0,0,0,1,1,6,1,29,6,1995,2,11,-1,1,-1
201520T011435,1,9,0,5,0,8,0,0,0,0,1,1,1,1,40,7,2143,2,3,-1,1,-1
201520T011435,2,9,0,18,0,8,0,0,0,0,3,1,1,2,28,6,1995,2,4,-1,1,-1
201520T011465,1,9,0,9,9,6,0,0,0,0,4,1,6,2,20,4,-1,-1,-1,-1,-1,-1
201520T011745,1,9,0,18,0,6,0,0,0,0,1,1,6,1,19,4,1124,1,13,-1,1,-1
201520T011745,2,9,0,18,0,8,0,0,3,10,1,1,6,2,37,7,-1,-1,-1,-1,1,-1
201520T011775,1,9,0,18,0,0,0,0,0,0,1,1,6,1,-1,-1,1596,1,15,-1,-1,-1
201520T011775,2,9,0,3,0,0,0,0,0,0,2,1,2,1,33,6,1956,2,4,-1,1,-1
201520T011805,1,9,0,7,0,6,0,0,0,0,1,1,6,3,-1,-1,-1,-1,-1,-1,-1,-1
201520T011805,2,9,0,18,0,8,0,0,0,0,3,1,6,1,64,9,2926,2,15,-1,1,-1
201520T011925,1,9,0,9,0,2,0,0,0,0,1,1,1,1,47,8,-1,-1,-1,-1,-1,-1
201520T011925,2,90,0,18,0,2,0,0,0,0,1,1,6,1,49,8,-1,-1,-1,-1,1,-1
201520T012025,1,9,0,7,0,8,0,0,0,0,1,1,6,2,78,11,1242,1,1,-1,1,-1
201520T012025,2,9,0,18,0,8,0,0,0,0,1,1,6,2,57,9,1999,1,10,-1,1,-1
201520T012025,3,9,0,3,0,1,0,0,0,0,1,1,6,1,23,5,-1,-1,-1,-1,1,-1
201520T012035,1,5,0,13,0,8,1,0,0,0,1,1,1,1,42,7,645,1,8,-1,1,-1
201520T012035,2,8,0,9,0,8,0,0,0,0,3,1,1,1,51,8,2438,6,16,-1,1,-1
201520T012085,1,8,0,1,0,0,0,4,0,0,2,1,1,1,54,8,-1,-1,-1,-1,1,-1
201520T012085,2,9,0,3,0,0,0,0,0,0,4,1,6,1,30,6,-1,-1,-1,-1,1,-1
201520T012085,3,9,0,2,0,0,0,0,0,0,4,1,6,2,-1,-1,996,1,6,-1,-1,-1
201520T012085,4,19,0,2,0,0,0,0,0,0,2,1,6,1,61,9,2188,2,13,-1,1,-1
201520T012085,5,9,0,2,0,0,0,0,0,0,4,1,6,1,-1,-1,1242,1,12,-1,-1,-1
201520T012175,1,9,0,9,9,8,0,10,7,10,1,1,6,1,21,5,1598,2,1,-1,1,-1
201520T012175,2,9,0,18,9,8,0,10,7,10,4,1,6,1,45,7,998,1,1,-1,1,-1
201520T012175,3,9,0,2,9,2,0,0,0,0,2,1,6,3,-1,-1,998,1,12,-1,-1,-1
201520T012205,1,9,0,16,0,0,1,10,7,10,1,1,2,1,22,5,-1,-1,-1,-1,1,-1
201520T012205,2,9,0,2,0,0,0,0,0,0,4,1,6,3,-1,-1,1461,2,12,-1,-1,-1
201520T012205,3,9,0,2,0,0,0,0,0,0,4,1,6,3,-1,-1,1796,1,13,-1,-1,-1
201520T012225,1,9,0,18,0,0,0,10,1,0,1,1,6,1,-1,-1,1753,2,12,-1,-1,-1
201520T012225,2,9,0,3,0,0,0,0,0,0,2,1,6,2,27,6,999,1,1,-1,1,-1
201520T012305,1,9,0,18,0,0,0,0,0,0,4,1,3,2,36,7,1685,2,2,-1,1,-1
201520T012305,2,1,0,18,0,0,0,0,0,0,1,1,6,1,14,3,-1,-1,-1,-1,1,-1
201520T012325,1,4,0,5,0,3,0,0,0,0,3,1,6,1,56,9,599,1,10,-1,1,-1
201520T012325,2,9,0,5,0,3,0,0,0,0,4,1,6,1,29,6,1600,2,6,-1,1,-1
201520T012465,1,9,0,18,0,1,0,0,0,0,1,1,6,2,-1,-1,1329,1,5,-1,-1,-1
201520T012535,1,9,0,18,0,8,0,0,0,0,1,1,6,1,-1,-1,-1,-1,-1,-1,-1,-1
201520T012535,2,19,0,18,0,8,0,0,0,0,3,1,1,1,-1,-1,2463,2,10,-1,1,-1
201520T012655,1,9,0,18,0,0,0,0,0,0,1,1,6,1,-1,-1,1598,2,2,-1,-1,-1
201520T012655,2,8,0,6,0,0,0,0,0,0,4,1,1,1,59,9,1997,2,10,-1,1,-1
201520T012675,1,20,0,4,0,0,0,0,0,0,3,2,2,1,54,8,-1,-1,-1,-1,-1,-1
201520T012675,2,1,0,13,0,0,0,0,0,0,1,1,6,2,35,6,-1,-1,-1,-1,1,-1
201520T012685,1,9,0,9,0,6,0,0,0,0,1,1,2,1,34,6,1560,2,10,-1,1,-1
201520T012685,2,4,0,18,0,8,0,0,0,0,4,1,2,1,19,4,249,1,4,-1,1,-1
201520T012815,1,9,0,18,0,0,0,0,0,0,1,1,6,3,-1,-1,-1,-1,-1,-1,-1,-1
201520T012885,1,9,0,9,0,2,0,0,0,0,3,1,6,1,75,10,998,1,5,-1,1,-1
201520T012935,1,9,0,18,0,1,0,0,0,0,1,1,6,1,34,6,1149,1,13,-1,1,-1
201520T012935,2,9,0,3,0,1,0,0,0,0,2,1,6,2,30,6,-1,-1,-1,-1,1,-1
201520T013265,1,9,0,18,0,2,0,0,0,0,1,1,6,1,51,8,1360,1,8,-1,1,-1
201520T013395,1,9,0,13,0,8,0,0,0,0,1,1,6,1,32,6,1998,1,14,-1,1,-1
201520T013395,2,9,0,9,0,8,0,0,0,0,3,1,6,1,20,4,1390,1,11,-1,1,-1
201520T013435,1,11,0,18,0,2,0,0,0,0,3,1,1,1,-1,-1,9000,2,5,-1,-1,-1
201520T013455,1,90,0,7,0,2,0,0,0,0,4,1,1,1,45,7,7142,2,8,-1,-1,-1
201520T013475,1,3,0,12,0,0,5,0,0,0,2,1,1,2,26,6,125,1,1,-1,1,-1
201520T013475,2,9,0,18,0,0,0,0,0,0,1,1,6,3,-1,-1,-1,-1,-1,-1,-1,-1
201520T013585,1,9,0,9,0,5,0,0,0,0,1,1,3,2,47,8,1968,2,5,-1,1,-1
201520T013585,2,1,0,18,0,8,0,0,0,0,3,1,6,1,41,7,-1,-1,-1,-1,1,-1
201520T014005,1,9,0,18,0,0,1,7,4,6,1,1,6,1,-1,-1,-1,-1,-1,-1,-1,-1
201520T014005,2,9,0,18,0,0,0,0,0,0,1,1,6,2,70,10,1598,1,2,-1,1,-1
201520T014095,1,9,0,18,0,6,0,0,0,0,1,1,1,1,43,7,1560,2,10,-1,1,-1
201520T014095,2,9,0,18,0,8,0,0,0,0,3,1,1,1,46,8,1497,1,10,-1,1,-1
201520T014115,1,9,0,18,0,1,0,0,0,0,1,1,6,1,48,8,2497,2,13,-1,1,-1
201520T014115,2,9,0,3,0,1,0,0,0,0,2,1,6,2,22,5,1149,1,13,-1,1,-1
201520T014125,1,9,0,18,0,1,0,0,0,0,1,1,6,1,70,10,1339,1,1,-1,1,-1
201520T014155,1,9,0,5,0,8,0,0,0,0,1,1,6,2,36,7,1896,2,9,-1,1,-1
201520T014155,2,9,0,18,0,8,0,0,0,0,3,1,6,1,37,7,2990,1,23,-1,1,-1
201520T014195,1,9,0,9,0,5,0,0,0,0,1,1,1,1,43,7,1896,2,8,-1,1,-1
201520T014195,2,9,0,18,0,8,0,0,0,0,1,1,3,1,36,7,-1,-1,-1,-1,1,-1
201520T014215,1,9,0,18,0,1,0,0,0,0,1,1,6,1,-1,-1,1598,2,1,-1,-1,-1
201520T014215,2,9,0,10,0,1,0,0,0,0,2,1,6,1,31,6,1598,2,4,-1,1,-1
201520T014535,1,8,0,18,0,0,0,0,0,0,1,1,6,1,27,6,1995,2,11,-1,1,-1
201520T014535,2,9,0,18,0,0,0,0,0,0,1,1,2,2,47,8,1896,2,13,-1,1,-1
201520T014865,1,9,0,7,0,6,0,0,0,0,1,1,1,1,54,8,1560,2,2,-1,1,-1
201520T014885,1,9,0,18,0,8,0,0,0,0,3,1,6,2,35,6,1596,1,10,-1,1,-1
201520T014885,2,9,0,18,0,8,0,0,0,0,1,1,6,1,23,5,1149,1,9,-1,1,-1
201520T015115,1,9,0,7,0,6,0,0,0,0,1,1,6,1,-1,-1,-1,-1,-1,-1,-1,-1
201520T015115,2,1,0,18,0,8,0,0,0,0,1,1,2,2,43,7,-1,-1,-1,-1,1,-1
201520T015125,1,9,0,9,0,2,2,4,0,0,1,1,6,1,62,9,-1,-1,-1,-1,1,-1
201520T015125,2,9,0,2,0,2,0,0,0,0,3,1,6,1,19,4,1390,1,11,-1,1,-1
201520T015125,3,9,0,2,0,2,0,0,0,0,3,1,6,1,52,8,1596,1,10,-1,1,-1
201520T015125,4,9,0,2,0,2,0,0,0,0,3,1,6,1,-1,-1,2204,2,8,-1,1,-1
201520T015135,1,9,0,18,0,0,0,0,0,0,1,1,6,1,-1,-1,-1,-1,-1,-1,-1,-1
201520T015145,1,9,0,7,0,5,0,0,0,0,0,1,6,3,-1,-1,-1,-1,-1,-1,-1,-1
201520T015145,2,9,0,18,0,1,1,0,0,0,1,1,1,2,24,5,1242,1,6,-1,1,-1
201520T015145,3,9,0,18,0,1,1,0,0,0,2,1,6,1,-1,-1,3498,1,15,-1,-1,-1
201520T015785,1,9,0,18,0,1,0,4,0,0,4,1,6,2,-1,-1,1242,1,3,-1,-1,-1
201520T015785,2,9,0,2,0,2,0,0,0,0,4,1,6,2,34,6,1461,2,9,-1,1,-1
201520T015815,1,9,0,18,0,1,0,0,0,0,4,1,6,2,-1,-1,2967,2,1,-1,-1,-1
201520T016045,1,9,0,18,0,0,0,0,0,0,1,1,6,1,32,6,1598,1,11,-1,1,-1
201520T016215,1,9,0,13,0,8,0,10,7,0,1,1,6,3,-1,-1,1895,1,14,-1,-1,-1
201520T016215,2,9,0,9,0,5,0,10,7,0,3,1,6,1,41,7,-1,-1,-1,-1,1,-1
201520T016285,1,9,0,9,0,8,0,7,0,0,4,1,6,2,41,7,1240,1,10,-1,1,-1
201520T016285,2,9,0,18,0,8,0,7,0,0,1,1,6,2,21,5,-1,-1,-1,-1,1,-1
201520T016325,1,9,0,18,0,8,0,0,0,0,1,1,6,1,28,6,1595,1,9,-1,1,-1
201520T016325,2,9,0,9,0,5,0,0,0,0,4,1,6,2,26,6,-1,-1,-1,-1,1,-1
201520T016455,1,9,0,18,0,6,0,0,0,0,1,1,3,2,37,7,-1,-1,-1,-1,1,-1
201520T016455,2,9,0,18,0,8,0,0,0,0,3,1,3,2,25,5,1248,2,7,-1,1,-1
201520T016455,3,21,0,10,0,1,0,0,0,0,1,1,1,1,40,7,7146,2,8,-1,1,-1
201520T016465,1,9,0,18,0,0,1,4,0,0,1,1,6,1,-1,-1,1999,1,9,-1,-1,-1
201520T016465,2,9,0,2,0,0,0,0,0,0,3,1,6,2,35,6,1086,1,5,-1,1,-1
201520T016545,1,9,0,18,0,1,0,0,0,0,1,1,6,2,29,6,1679,1,15,-1,1,-1