Accident_Index,Vehicle_Reference,Vehicle_Type,Towing_and_Articulation,Vehicle_Manoeuvre,Vehicle_Location-Restricted_Lane,Junction_Location,Skidding_and_Overturning,Hit_Object_in_Carriageway,Vehicle_Leaving_Carriageway,Hit_Object_off_Carriageway,1st_Point_of_Impact,Was_Vehicle_Left_Hand_Drive?,Journey_Purpose_of_Driver,Sex_of_Driver,Age_of_Driver,Age_Band_of_Driver,Engine_Capacity_(CC),Propulsion_Code,Age_of_Vehicle,Driver_IMD_Decile,Driver_Home_Area_Type,Vehicle_IMD_Decile
201520T016545,2,9,0,18,0,1,0,0,0,0,2,1,6,1,41,7,998,1,14,-1,1,-1
201520T016655,1,9,0,14,0,8,0,0,0,0,1,1,6,1,-1,-1,1246,1,10,-1,-1,-1
201520T016655,2,9,0,9,0,5,0,0,0,0,1,1,6,2,35,6,1590,1,11,-1,1,-1
201520T016665,1,9,0,5,9,8,0,0,0,0,1,1,6,3,-1,-1,-1,-1,-1,-1,-1,-1
201520T016665,2,1,0,18,9,8,0,0,0,0,1,1,6,1,40,7,-1,-1,-1,-1,1,-1
201520T016675,1,9,0,18,0,2,0,0,0,0,1,1,6,1,22,5,1368,1,9,-1,1,-1
201520T016695,1,19,0,18,0,8,0,0,0,0,1,1,1,1,51,8,2461,2,10,-1,1,-1
201520T016695,2,19,0,18,0,8,0,0,0,0,2,1,1,1,37,7,-1,-1,-1,-1,1,-1
201520T016695,3,9,0,7,0,5,0,0,1,10,2,1,2,1,34,6,3189,1,12,-1,1,-1
201520T016775,1,9,0,18,0,8,0,0,0,0,1,1,6,1,-1,-1,2799,1,20,-1,-1,-1
201520T016775,2,9,0,18,0,1,0,0,0,0,2,1,6,1,50,8,-1,-1,-1,-1,1,-1
201520T017555,1,9,0,18,0,0,0,0,0,0,1,1,6,2,38,7,1598,1,12,-1,1,-1
201520T017555,2,9,0,18,0,0,0,0,0,0,2,1,6,1,29,6,1956,2,1,-1,1,-1
201520T017555,3,9,0,5,0,0,0,0,0,0,0,1,6,3,-1,-1,-1,-1,-1,-1,-1,-1
201520T017735,1,9,0,9,0,6,0,0,0,0,1,1,2,1,58,9,2188,2,10,-1,3,-1
201520T017735,2,2,0,18,0,8,1,0,0,0,1,1,2,1,17,4,50,1,7,-1,1,-1
201520T017755,1,3,0,7,0,2,0,0,0,0,1,1,6,1,18,4,124,1,6,-1,1,-1
201520T017755,2,9,0,3,0,1,0,0,0,0,3,1,6,2,51,8,1364,1,11,-1,1,-1
201520T017755,3,9,0,3,0,1,0,0,0,0,0,1,6,1,-1,-1,1956,2,3,-1,-1,-1
201520T018065,1,1,0,18,0,2,0,0,0,0,2,1,6,1,15,3,-1,-1,-1,-1,1,-1
201520T018065,2,8,0,9,0,2,0,0,0,0,1,1,6,1,-1,-1,-1,-1,-1,-1,-1,-1
201520T018215,1,9,0,14,0,0,0,0,0,0,1,1,6,1,26,6,-1,-1,-1,-1,1,-1
201520T018245,1,9,0,18,0,2,1,10,4,1,1,1,6,1,27,6,998,1,16,-1,1,-1
201520T018245,2,9,0,18,0,2,2,0,0,0,0,1,1,1,51,8,1995,2,2,-1,1,-1
201520T018245,3,9,0,18,0,2,2,0,0,0,0,1,1,1,38,7,2993,2,2,-1,1,-1
201520T018265,1,9,0,13,0,3,0,0,0,0,3,1,6,3,-1,-1,-1,-1,-1,-1,-1,-1
201520T018265,2,9,0,7,0,3,0,10,1,0,4,1,3,2,44,7,2204,2,8,-1,1,-1
201520T018395,1,9,0,9,0,6,0,0,0,0,3,1,6,1,-1,-1,1240,1,9,-1,-1,-1
201520T018395,2,9,0,18,0,8,0,0,0,0,1,1,6,2,22,5,1198,1,-1,-1,1,-1
201520T018445,1,9,0,13,0,2,0,0,0,0,1,1,6,2,27,6,1349,1,10,-1,1,-1
201520T018445,2,9,0,18,0,1,0,0,0,0,1,1,6,2,57,9,-1,-1,-1,-1,-1,-1
201520T018495,1,9,0,13,0,0,0,4,0,0,4,1,6,1,24,5,-1,-1,-1,-1,1,-1
201520T018495,2,9,0,18,0,0,0,0,0,0,1,1,6,1,23,5,-1,-1,-1,-1,1,-1
201520T018495,3,9,0,18,0,0,0,0,0,0,3,1,6,1,22,5,1896,2,13,-1,1,-1
201520T018495,4,9,0,2,0,0,0,0,0,0,2,1,6,2,48,8,1995,2,8,-1,1,-1
201520T018515,1,11,0,18,0,1,0,0,0,0,4,1,1,1,44,7,6700,2,7,-1,1,-1
201520T019175,1,9,0,18,0,6,0,0,0,0,1,1,6,1,54,8,2987,2,5,-1,1,-1
201520T019175,2,9,0,18,0,8,0,0,0,0,3,1,1,2,30,6,1248,2,3,-1,-1,-1
201520T019335,1,20,0,5,0,6,0,0,0,10,4,1,1,1,37,7,3908,2,11,-1,1,-1
201520T019375,1,9,0,18,0,0,1,7,0,0,1,1,6,1,36,7,1995,2,1,-1,1,-1
201520T019425,1,9,0,18,0,0,0,0,0,0,1,1,6,1,36,7,-1,-1,-1,-1,1,-1
201520T019425,2,8,0,18,0,0,0,0,0,0,1,1,6,1,49,8,2402,2,11,-1,1,-1
201520T019635,1,9,0,13,0,0,0,10,7,0,1,1,6,1,35,6,1968,2,8,-1,-1,-1
201520T019635,2,9,0,18,0,0,0,0,0,0,3,1,6,1,35,6,1995,2,3,-1,1,-1
201520T019645,1,1,0,9,0,8,0,0,0,0,3,1,6,1,65,9,-1,-1,-1,-1,1,-1
201520T019645,2,9,0,7,0,8,0,0,0,0,1,1,6,1,80,11,1598,1,15,-1,1,-1
201520T019695,1,9,0,18,0,1,0,10,4,0,1,1,2,1,64,9,1398,1,12,-1,1,-1
201520T019695,2,1,0,18,0,1,0,0,0,0,1,1,6,1,42,7,-1,-1,-1,-1,1,-1
201520T019825,1,9,0,18,0,0,1,4,0,0,1,1,6,1,80,11,-1,-1,-1,-1,1,-1
201520T019825,2,9,0,2,0,0,0,0,0,0,2,1,6,1,-1,-1,1796,1,4,-1,-1,-1
201520T019825,3,9,0,18,0,0,0,0,0,0,1,1,1,1,51,8,2720,2,6,-1,1,-1
201520T019945,1,9,0,9,0,5,0,0,0,0,1,1,6,1,45,7,-1,-1,-1,-1,1,-1
201520T019945,2,3,0,18,0,8,0,0,0,0,1,1,6,1,24,5,125,1,8,-1,1,-1
201520T020115,1,9,0,18,0,6,0,0,0,0,3,1,6,2,50,8,973,1,13,-1,1,-1
201520T020115,2,3,0,18,0,8,0,0,0,0,1,1,2,1,19,4,124,1,12,-1,1,-1
201520T020345,1,9,0,18,0,1,1,0,0,0,1,1,6,3,-1,-1,1896,2,11,-1,-1,-1
201520T020345,2,9,0,9,0,1,1,10,7,10,2,1,6,1,55,8,1598,1,12,-1,1,-1
201520T020355,1,9,0,18,0,8,1,0,0,0,1,1,6,3,-1,-1,1149,1,15,-1,-1,-1
201520T020355,2,9,0,9,0,6,0,0,0,0,3,1,1,1,36,7,1199,2,4,-1,1,-1
201520T020505,1,5,0,5,0,1,0,0,0,0,1,1,6,1,25,5,779,1,2,-1,1,-1
201520T020565,1,1,0,18,0,0,5,0,0,0,3,1,6,2,12,3,-1,-1,-1,-1,1,-1
201520T020565,2,11,0,18,0,0,0,0,0,0,3,1,1,1,-1,-1,8847,2,3,-1,-1,-1
201520T020585,1,9,0,7,0,5,0,4,0,0,1,1,6,1,19,4,1560,2,6,-1,1,-1
201520T020585,2,9,0,2,0,1,0,0,0,0,2,1,6,2,26,6,1242,1,8,-1,1,-1
201520T020585,3,9,0,18,0,1,0,0,0,0,4,1,6,2,24,5,1598,1,7,-1,1,-1
201520T020605,1,9,0,18,0,0,0,0,0,0,1,1,6,1,26,6,1229,1,8,-1,1,-1
201520T020605,2,9,0,18,0,0,0,0,0,0,1,1,2,1,27,6,1149,1,9,-1,1,-1
201520T020705,1,8,0,3,0,2,0,0,0,0,4,1,6,1,-1,-1,-1,-1,-1,-1,-1,-1
201520T020705,2,1,0,18,0,2,0,8,0,0,3,1,6,1,28,6,-1,-1,-1,-1,1,-1
201520T020725,1,9,0,18,0,0,0,0,0,0,1,1,6,1,87,11,1596,1,6,-1,1,-1
201520T020775,1,19,0,5,9,6,0,0,0,0,1,1,2,1,-1,-1,1560,2,1,-1,-1,-1
201520T020775,2,1,0,18,9,8,0,0,0,0,1,1,6,1,30,6,-1,-1,-1,-1,1,-1
201520T020825,1,9,0,18,0,8,0,0,0,0,1,1,6,1,28,6,1951,2,13,-1,1,-1
201520T020825,2,9,0,18,0,8,5,10,1,2,3,1,6,2,42,7,998,1,-1,-1,1,-1
201520T020835,1,9,0,18,0,0,0,0,0,0,1,1,3,2,31,6,1968,2,8,-1,1,-1
201520T020895,1,9,0,7,0,2,0,4,0,0,1,1,6,3,-1,-1,2967,1,16,-1,-1,-1
201520T020895,2,9,0,3,0,1,0,0,0,0,1,1,6,1,35,6,1396,1,13,-1,-1,-1
201520T020895,3,9,0,3,0,1,0,0,0,0,1,1,6,3,-1,-1,1598,1,9,-1,-1,-1
201520T021045,1,9,0,14,0,1,0,0,0,0,1,1,6,1,27,6,-1,-1,-1,-1,-1,-1
201520T021045,2,9,0,4,0,1,0,0,0,0,2,1,2,2,40,7,1598,1,9,-1,1,-1
201520T021055,1,9,0,16,0,0,5,4,0,0,1,1,1,1,25,5,1951,2,12,-1,1,-1
201520T021055,2,9,0,2,0,0,0,4,0,0,3,1,6,1,36,7,1560,2,3,-1,1,-1
201520T021055,3,9,0,2,0,0,0,4,0,0,1,1,6,1,-1,-1,2494,1,14,-1,1,-1
201520T021055,4,9,0,2,0,0,0,0,0,0,1,1,6,1,-1,-1,2171,2,12,-1,1,-1
201520T021145,1,9,0,5,0,0,0,0,0,0,1,1,6,1,39,7,1560,2,3,-1,1,-1
201520T021155,1,9,0,4,0,8,0,4,0,0,3,1,6,2,29,6,1329,1,5,-1,1,-1
201520T021155,2,9,0,18,0,8,0,0,0,0,1,1,6,1,37,7,2792,1,12,-1,1,-1
201520T021155,3,9,0,2,0,2,0,0,0,0,2,1,6,1,-1,-1,1998,2,3,-1,-1,-1
201520T021155,4,9,0,2,0,2,0,0,0,0,2,1,6,1,-1,-1,1461,2,4,-1,-1,-1
201520T021205,1,9,0,18,0,4,0,0,0,0,1,1,6,3,-1,-1,-1,-1,-1,-1,-1,-1
201520T021205,2,9,0,18,0,3,0,0,0,0,1,1,6,2,23,5,1242,1,9,-1,1,-1
201520T021965,1,9,0,9,0,6,0,0,0,0,1,1,1,1,25,5,1596,1,8,-1,1,-1
201520T021965,2,1,0,18,0,8,0,0,0,0,1,1,6,2,-1,-1,-1,-1,-1,-1,1,-1
201520T022085,1,9,0,18,0,0,0,0,0,0,1,1,6,2,28,6,1248,2,9,-1,1,-1
201520T022275,1,9,0,5,0,4,0,0,0,0,1,1,6,1,37,7,1968,2,3,-1,1,-1
201520T022275,2,1,0,18,0,8,5,0,0,0,1,1,6,1,33,6,-1,-1,-1,-1,1,-1
201520T022285,1,9,0,9,0,8,0,0,0,0,1,1,6,1,28,6,1997,2,10,-1,1,-1
201520T022285,2,9,0,18,0,8,0,0,0,0,3,1,6,2,46,8,1360,1,7,-1,1,-1
201520T023115,1,9,0,9,0,1,0,0,0,0,1,1,6,2,-1,-1,-1,-1,-1,-1,-1,-1
201520T023495,1,11,0,9,0,8,0,0,0,0,1,1,1,1,22,5,9000,2,5,-1,1,-1
201520T023495,2,9,0,18,0,8,0,0,0,0,1,1,2,2,42,7,1598,1,12,-1,1,-1
201520T023505,1,9,0,18,0,1,0,0,0,0,4,1,6,2,20,4,1198,1,4,-1,-1,-1
201520T023505,2,1,0,17,9,2,0,0,0,0,1,1,6,1,13,3,-1,-1,-1,-1,1,-1
201520T023535,1,9,0,7,0,3,0,0,0,0,4,1,6,2,60,9,1299,1,14,-1,-1,-1
201520T023535,2,9,0,18,0,8,0,0,0,0,3,1,6,1,39,7,1896,2,9,-1,-1,-1
201520T023545,1,9,0,18,0,0,0,0,0,0,1,1,6,1,24,5,1397,1,13,-1,1,-1
201520T023545,2,9,0,4,0,0,0,0,0,0,2,1,6,1,43,7,1997,2,10,-1,1,-1
201520T023745,1,19,0,18,0,1,0,0,0,0,1,1,6,1,-1,-1,2496,2,16,-1,-1,-1
201520T023745,2,9,0,3,0,1,0,0,0,0,2,1,6,1,30,6,1240,1,12,-1,1,-1
201520T023745,3,9,0,10,0,8,0,0,0,0,2,1,6,1,-1,-1,1299,1,15,-1,-1,-1
201520T023795,1,9,0,18,0,0,0,0,0,0,4,1,1,2,46,8,1596,1,12,-1,1,-1
201520T023915,1,9,0,18,0,0,0,0,0,0,1,1,6,3,-1,-1,-1,-1,-1,-1,-1,-1
201520T025115,1,9,0,18,0,0,0,0,0,0,1,1,6,1,-1,-1,1998,1,12,-1,-1,-1
201520T025115,2,8,0,3,0,0,0,0,0,0,4,1,1,1,53,8,1796,7,11,-1,1,-1
201520T025115,3,9,0,18,0,0,0,0,1,0,2,1,6,1,27,6,2521,1,8,-1,1,-1
201520T025115,4,9,0,2,0,0,0,0,0,0,1,1,6,1,25,5,1395,1,1,-1,-1,-1
201520T025125,1,11,0,5,0,0,0,0,0,0,1,1,1,1,49,8,9000,2,5,-1,1,-1
201520T025135,1,9,0,9,0,5,0,0,0,0,0,1,6,3,-1,-1,2204,2,11,-1,-1,-1
201520T025135,2,9,0,18,0,1,0,0,0,0,1,1,1,2,41,7,1995,2,5,-1,1,-1
201520T025135,3,9,0,18,0,1,0,0,0,0,2,1,6,2,32,6,1390,1,2,-1,-1,-1
201520T025145,1,9,0,1,0,8,0,0,0,0,2,1,2,1,30,6,-1,-1,-1,-1,1,-1
201520T025145,2,9,0,18,0,8,0,0,0,0,3,1,2,2,21,5,1368,1,7,-1,1,-1
201520T025185,1,9,0,18,0,1,0,0,0,0,1,1,6,1,52,8,1796,1,11,-1,1,-1
201520T025185,2,9,0,3,0,1,0,0,0,0,2,1,6,1,38,7,2231,2,7,-1,1,-1
201520T025205,1,9,0,11,0,3,0,0,0,0,0,1,6,3,-1,-1,-1,-1,-1,-1,-1,-1
201520T025205,2,9,0,18,0,3,0,0,0,0,2,1,6,2,40,7,1240,1,12,-1,1,-1
201520T025205,3,9,0,18,0,3,0,0,0,0,3,1,6,1,35,6,-1,-1,-1,-1,1,-1
201520T025205,4,9,0,18,0,3,0,0,0,0,0,1,6,3,-1,-1,-1,-1,-1,-1,-1,-1
201520T025275,1,9,0,9,0,5,0,0,0,0,4,1,6,1,50,8,1398,1,11,-1,1,-1
201520T025275,2,1,0,18,0,1,0,0,0,0,1,1,2,1,45,7,-1,-1,-1,-1,3,-1
201520T025325,1,9,0,18,0,0,0,0,0,0,1,1,6,1,23,5,1598,2,-1,-1,1,-1
201520T025325,2,9,0,18,0,0,1,0,0,0,2,1,6,1,21,5,1968,2,3,-1,1,-1
201520T025325,3,9,0,18,0,0,0,0,0,0,4,1,2,1,37,7,1997,1,13,-1,1,-1
201520T025385,1,9,0,15,0,4,1,0,0,0,1,1,6,2,21,5,1686,2,11,-1,1,-1
201520T025385,2,9,0,5,0,4,1,0,0,0,4,1,6,2,24,5,998,1,13,-1,1,-1
201520T025385,3,9,0,5,0,4,0,10,1,7,3,1,6,2,65,9,-1,-1,-1,-1,1,-1
201520T025405,1,9,0,18,0,6,0,0,0,0,1,1,6,2,-1,-1,1796,1,6,-1,-1,-1
201520T025405,2,2,0,18,0,8,0,0,0,0,4,1,1,1,21,5,-1,-1,-1,-1,1,-1
201520T025445,1,9,0,14,0,0,0,0,0,0,1,1,6,3,-1,-1,1896,2,8,-1,-1,-1
201520T025445,2,9,0,18,0,0,0,0,0,0,1,1,6,1,56,9,998,1,14,-1,1,-1
201520T025505,1,19,0,9,0,4,0,0,0,0,3,1,6,1,23,5,1968,2,4,-1,1,-1
201520T025505,2,9,0,18,0,4,0,0,0,0,1,1,6,1,27,6,998,1,12,-1,1,-1
201520T025535,1,9,0,9,0,6,0,7,0,0,1,1,6,2,29,6,1240,1,6,-1,1,-1
201520T025535,2,9,0,4,0,2,0,0,0,0,1,1,6,1,36,7,1995,2,9,-1,1,-1
201520T025545,1,9,0,18,0,0,0,0,0,0,1,1,6,1,19,4,-1,-1,-1,-1,1,-1
201520T025545,2,9,0,18,0,0,0,0,0,0,1,1,6,2,31,6,1242,1,5,-1,1,-1
201520T025555,1,9,0,4,0,2,0,0,0,0,2,1,1,2,22,5,1598,2,1,-1,1,-1
201520T025555,2,9,0,18,0,2,0,0,0,0,1,1,6,1,37,7,-1,-1,-1,-1,1,-1
201520T025575,1,9,0,9,0,5,0,0,0,0,1,1,6,1,38,7,1896,2,14,-1,1,-1
201520T025725,1,9,0,18,0,0,0,0,0,0,1,1,6,1,-1,-1,-1,-1,-1,-1,-1,-1
201520T025905,1,9,0,9,0,2,0,0,0,0,1,1,6,1,31,6,1968,2,7,-1,1,-1
201520T025915,1,9,0,18,0,2,0,0,0,0,1,1,6,3,-1,-1,-1,-1,-1,-1,-1,-1
201520T026265,1,9,0,9,0,6,1,10,3,10,1,1,1,1,50,8,1956,2,3,-1,-1,-1
201520T026265,2,9,0,18,0,8,1,0,0,0,3,1,1,1,43,7,-1,-1,-1,-1,1,-1
201520T026285,1,3,0,13,0,0,0,0,0,0,4,1,2,2,27,6,102,1,-1,-1,1,-1
201520T026285,2,9,0,18,0,0,0,0,0,0,3,1,6,1,39,7,2143,2,2,-1,1,-1
201520T026475,1,9,0,7,0,1,0,0,0,0,4,1,6,3,-1,-1,1240,1,7,-1,-1,-1
201520T026475,2,1,0,15,0,1,0,0,0,0,1,1,2,1,23,5,-1,-1,-1,-1,1,-1
201520T026485,1,19,0,18,0,4,0,0,0,0,1,1,6,3,-1,-1,-1,-1,-1,-1,-1,-1
201520T026485,2,9,0,9,0,3,0,0,0,0,4,1,6,2,25,5,998,1,-1,-1,1,-1
201520T026565,1,9,0,14,0,0,0,0,0,0,1,1,1,2,28,6,998,1,3,-1,1,-1
201520T026895,1,9,0,18,0,0,0,0,0,0,1,1,6,1,35,6,2231,2,9,-1,1,-1
201520T026895,2,9,0,18,0,0,0,0,0,0,1,1,6,2,22,5,1149,1,12,-1,1,-1
201520T026895,3,9,0,18,0,0,0,0,0,0,2,1,6,1,34,6,1360,1,7,-1,1,-1
201520T026895,4,8,0,18,0,0,0,0,0,0,0,1,1,3,-1,-1,-1,-1,-1,-1,-1,-1
201520T027115,1,9,0,18,0,1,0,0,0,0,1,1,6,3,-1,-1,-1,-1,-1,-1,-1,-1
201520T027235,1,9,0,4,0,2,0,0,0,0,1,1,6,1,23,5,973,1,12,-1,1,-1
201520T027235,2,9,0,4,0,2,0,0,0,0,2,1,6,2,36,7,998,1,11,-1,1,-1
201520T027245,1,8,0,6,0,0,0,0,0,0,3,1,6,1,-1,-1,1896,2,9,-1,1,-1
201520T027245,2,5,0,13,0,0,0,0,0,0,4,1,2,1,51,8,599,1,9,-1,1,-1
201520T027315,1,9,0,18,0,0,0,0,0,0,4,1,6,2,66,10,1398,1,14,-1,-1,-1
201520T027335,1,9,0,9,0,6,0,0,0,0,1,1,6,1,-1,-1,-1,-1,-1,-1,-1,-1
201520T027335,2,9,0,18,0,1,0,0,0,0,1,1,6,1,27,6,1799,1,7,-1,1,-1
201520T027555,1,5,0,13,0,1,0,0,0,0,1,1,6,1,24,5,600,1,18,-1,1,-1
201520T027555,2,9,0,9,0,5,0,0,0,0,3,1,6,1,31,6,1999,1,2,-1,1,-1
201520T027665,1,9,0,5,0,6,0,0,0,0,1,1,6,3,-1,-1,-1,-1,-1,-1,-1,-1
201520T027665,2,1,0,18,0,8,0,0,0,0,2,1,4,1,14,3,-1,-1,-1,-1,1,-1
201520T027665,3,9,0,5,0,6,0,0,0,0,0,1,6,3,-1,-1,-1,-1,-1,-1,-1,-1
201520T027685,1,9,0,18,0,0,0,0,0,0,1,1,2,1,29,6,1398,1,3,-1,1,-1
201520T027685,2,9,0,5,0,0,0,0,0,0,1,1,3,2,45,7,1000,1,1,-1,1,-1
201520T027765,1,9,0,18,0,2,1,4,0,0,3,1,6,1,19,4,1397,1,13,-1,1,-1
201520T027765,2,8,0,2,0,1,1,0,0,0,1,1,1,1,35,6,1995,2,9,-1,1,-1
201520T027775,1,9,0,18,0,4,0,0,0,0,1,1,6,2,21,5,1398,1,13,-1,1,-1
201520T027775,2,9,0,9,0,8,0,0,0,0,4,1,6,2,47,8,1461,2,5,-1,1,-1
201520T027885,1,9,0,18,0,0,0,0,0,0,1,1,6,2,25,5,1598,1,9,-1,1,-1
201520T027885,2,9,0,18,0,0,0,0,0,0,2,1,6,1,-1,-1,1998,2,6,-1,1,-1
201520T027975,1,21,1,9,0,8,0,0,0,0,4,1,1,1,42,7,10518,2,6,-1,1,-1
201520T027975,2,9,0,18,0,8,0,0,0,0,3,1,2,2,35,6,-1,-1,-1,-1,1,-1
201520T028145,1,9,0,4,0,1,0,0,0,0,2,1,6,1,42,7,1686,2,12,-1,1,-1
201520T028145,2,9,0,5,0,2,0,0,0,0,1,1,6,2,-1,-1,1590,1,13,-1,1,-1
201520T028395,1,9,0,18,0,1,0,0,0,0,1,1,6,1,-1,-1,-1,-1,-1,-1,-1,-1
201520T028395,2,9,0,3,0,1,0,0,0,0,2,1,6,2,26,6,1198,1,5,-1,1,-1
201520T028425,1,19,0,18,0,4,0,0,0,0,1,1,6,1,43,7,2402,2,5,-1,1,-1
201520T028425,2,9,0,18,0,3,1,0,0,0,4,1,6,2,47,8,1299,1,19,-1,1,-1
201520T028475,1,9,0,9,0,5,0,0,0,0,1,1,6,1,77,11,1364,1,1,-1,1,-1
201520T028475,2,3,0,18,0,8,0,0,0,0,3,1,2,2,20,4,125,1,1,-1,1,-1
201520T028645,1,9,0,18,0,0,0,0,0,0,1,1,6,1,62,9,1598,1,7,-1,1,-1
201520T028645,2,9,0,4,0,0,0,0,0,0,1,1,6,1,40,7,1461,2,10,-1,1,-1
201520T028885,1,9,0,18,0,0,0,0,0,0,1,1,6,3,-1,-1,-1,-1,-1,-1,-1,-1
201520T028945,1,9,0,18,0,1,0,0,0,0,1,1,6,2,-1,-1,-1,-1,-1,-1,-1,-1
201520T028945,2,9,0,3,0,1,0,0,0,0,2,1,6,2,40,7,1200,1,1,-1,1,-1
201520T028945,3,9,0,3,0,1,0,0,0,0,2,1,6,2,-1,-1,1997,2,11,-1,1,-1
201520T028985,1,9,0,18,0,1,0,0,0,0,4,1,6,1,50,8,1296,1,7,-1,-1,-1
201520T028985,2,3,0,15,0,1,0,0,0,0,3,1,6,1,20,4,-1,-1,-1,-1,1,-1
201520T029005,1,9,0,7,0,4,0,0,0,0,1,1,1,1,56,9,1995,2,9,-1,-1,-1
201520T029005,2,5,0,7,0,4,0,0,0,0,2,1,6,1,40,7,599,1,13,-1,1,-1
201520T029015,1,9,0,18,0,1,0,0,0,0,4,1,2,1,29,6,1968,2,1,-1,1,-1
201520T029025,1,20,0,18,0,1,0,0,0,0,1,1,2,1,48,8,-1,-1,-1,-1,1,-1
201520T029025,2,9,0,18,0,1,0,0,0,0,2,1,6,1,24,5,1560,2,2,-1,1,-1
201520T029025,3,9,0,18,0,1,0,0,0,0,2,1,6,3,59,9,-1,-1,-1,-1,2,-1
201520T029055,1,8,0,18,0,3,0,0,0,0,3,1,1,1,40,7,1995,2,11,-1,1,-1
201520T029055,2,9,0,18,0,3,0,0,0,0,1,1,6,1,22,5,1910,2,10,-1,1,-1
201520T029065,1,9,0,18,0,8,0,0,0,0,1,1,6,1,60,9,996,1,2,-1,1,-1
201520T029065,2,9,0,3,0,8,0,0,0,0,4,1,6,2,39,7,1998,2,7,-1,1,-1
201520T029115,1,9,0,7,0,5,0,0,0,0,4,1,6,1,41,7,2993,2,3,-1,1,-1
201520T029115,2,9,0,18,0,8,0,0,0,0,1,1,6,1,31,6,-1,-1,-1,-1,1,-1
201520T029165,1,9,0,1,0,0,0,0,0,0,2,1,1,1,-1,-1,1910,2,8,-1,1,-1
201520T029165,2,9,0,18,0,0,1,0,0,0,1,1,1,1,30,6,-1,-1,-1,-1,1,-1
201520T029215,1,9,0,13,0,1,0,0,0,0,4,1,6,1,27,6,1900,2,9,-1,1,-1
201520T029215,2,9,0,9,0,1,0,0,0,0,3,1,6,1,23,5,1896,2,11,-1,1,-1
201520T029245,1,9,0,18,0,8,0,0,0,0,4,1,6,2,30,6,1124,1,13,-1,1,-1
201520T029245,2,9,0,5,0,6,0,0,0,0,1,1,6,1,-1,-1,2204,2,11,-1,-1,-1
201520T029305,1,9,0,8,0,1,0,0,0,0,2,1,6,2,31,6,1799,1,9,-1,1,-1
201520T029305,2,9,0,18,0,1,0,0,0,0,1,1,6,1,-1,-1,-1,-1,-1,-1,-1,-1
201520T029325,1,9,0,9,0,5,0,0,0,0,1,1,6,1,23,5,-1,-1,-1,-1,1,-1
201520T029325,2,8,0,18,0,8,0,10,4,0,3,1,6,1,46,8,1995,2,11,-1,1,-1
201520T029325,3,9,0,2,0,2,0,0,0,0,1,1,6,1,26,6,-1,-1,-1,-1,1,-1
201520T029325,4,9,0,2,0,2,0,0,0,0,3,1,6,1,42,7,-1,-1,-1,-1,1,-1
201520T029445,1,9,0,6,0,1,0,0,0,0,1,1,6,2,18,4,1242,1,5,-1,1,-1
201520T029515,1,5,0,9,0,5,0,0,0,0,1,1,6,1,28,6,675,1,4,-1,1,-1
201520T029515,2,9,0,18,0,8,0,0,0,0,1,1,6,2,50,8,1596,1,8,-1,1,-1
201520T029545,1,9,0,9,0,6,0,0,0,0,3,1,6,2,29,6,1388,1,5,-1,1,-1
201520T029545,2,9,0,18,0,8,0,0,0,0,1,1,1,1,41,7,-1,-1,-1,-1,1,-1
201520T029625,1,9,0,4,0,1,0,0,0,0,1,1,6,1,-1,-1,1364,2,6,-1,1,-1
201520T029625,2,9,0,3,0,1,0,0,0,0,2,1,6,2,29,6,998,1,15,-1,1,-1
201520T029625,3,9,0,8,0,1,0,0,0,0,2,1,6,2,-1,-1,-1,-1,-1,-1,-1,-1
201520T029715,1,9,0,18,0,2,0,0,0,0,1,1,6,1,66,10,1587,1,12,-1,1,-1
201520T029715,2,9,0,4,0,2,0,0,0,0,2,1,6,2,51,8,1329,1,6,-1,1,-1
201520T029925,1,9,0,18,0,1,0,10,0,0,1,1,6,1,20,4,1149,1,13,-1,1,-1
201520T029925,2,9,0,17,0,2,0,0,0,0,1,1,6,2,31,6,1388,1,12,-1,1,-1
201520T029995,1,9,0,18,0,4,0,0,0,0,3,1,6,1,-1,-1,-1,-1,-1,-1,-1,-1
201520T029995,2,9,0,18,0,8,0,0,0,0,4,1,1,1,42,7,1560,2,4,-1,-1,-1
201520T030025,1,9,0,4,0,0,0,0,0,0,2,1,2,1,36,7,1995,2,13,-1,1,-1
201520T030025,2,19,0,4,0,0,0,0,0,0,1,1,2,1,-1,-1,2800,2,12,-1,-1,-1
201520T030085,1,9,0,18,0,0,1,0,0,0,1,1,6,1,26,6,2494,1,28,-1,1,-1
201520T030085,2,9,0,6,0,0,0,0,0,0,3,1,6,2,20,4,1229,1,10,-1,1,-1
201520T030105,1,9,0,18,0,8,0,0,0,0,1,1,6,3,-1,-1,2926,2,13,-1,-1,-1
201520T030105,2,9,0,18,0,6,0,10,7,7,4,1,6,1,22,5,1149,1,9,-1,-1,-1
201520T030115,1,9,0,7,0,6,0,0,0,0,1,1,6,1,32,6,1242,1,2,-1,1,-1
201520T030115,2,9,0,18,0,8,1,0,0,0,1,1,6,2,31,6,1997,2,14,-1,1,-1
201520T030145,1,9,0,18,0,0,0,0,0,0,1,1,6,1,24,5,2143,2,3,-1,1,-1
201520T030145,2,9,0,6,0,0,0,0,0,0,3,1,6,1,41,7,1850,1,14,-1,1,-1