Accident_Index,Vehicle_Reference,Vehicle_Type,Towing_and_Articulation,Vehicle_Manoeuvre,Vehicle_Location-Restricted_Lane,Junction_Location,Skidding_and_Overturning,Hit_Object_in_Carriageway,Vehicle_Leaving_Carriageway,Hit_Object_off_Carriageway,1st_Point_of_Impact,Was_Vehicle_Left_Hand_Drive?,Journey_Purpose_of_Driver,Sex_of_Driver,Age_of_Driver,Age_Band_of_Driver,Engine_Capacity_(CC),Propulsion_Code,Age_of_Vehicle,Driver_IMD_Decile,Driver_Home_Area_Type,Vehicle_IMD_Decile
201520T030165,1,9,0,8,0,1,0,0,0,0,2,1,6,1,36,7,1339,1,13,-1,1,-1
201520T030165,2,9,0,3,0,1,0,0,0,0,1,1,6,1,-1,-1,1796,1,4,-1,1,-1
201520T030255,1,9,0,9,0,8,1,0,0,0,1,1,6,2,23,5,-1,-1,-1,-1,1,-1
201520T030255,2,9,0,18,0,8,1,0,0,0,1,1,6,1,42,7,2231,2,8,-1,1,-1
201520T030265,1,9,0,18,0,4,0,0,0,0,3,1,6,2,84,11,1598,1,3,-1,3,-1
201520T030265,2,9,0,18,0,4,0,0,0,0,4,1,6,2,53,8,-1,-1,-1,-1,-1,-1
201520T030285,1,11,0,5,0,4,0,0,0,0,1,1,1,1,-1,-1,7300,2,11,-1,1,-1
201520T030285,2,9,0,18,0,8,0,0,0,0,4,1,6,1,-1,-1,-1,-1,-1,-1,1,-1
201520T030345,1,9,0,7,0,6,0,4,0,0,1,1,6,1,85,11,1229,1,2,-1,1,-1
201520T030345,2,20,0,2,0,8,0,0,0,0,4,1,1,1,29,6,8970,2,11,-1,1,-1
201520T030405,1,9,0,17,0,0,0,7,0,0,3,1,6,1,47,8,1198,1,6,-1,1,-1
201520T030405,2,9,0,4,0,0,0,0,0,0,3,1,6,1,80,11,1296,1,7,-1,1,-1
201520T030555,1,9,0,18,0,0,0,0,0,0,1,1,6,2,25,5,-1,-1,-1,-1,-1,-1
201520T030555,2,9,0,18,0,0,0,0,0,0,2,1,2,1,23,5,1560,2,-1,-1,1,-1
201520T030575,1,9,0,18,0,0,0,0,0,0,1,1,6,1,29,6,1968,2,4,-1,1,-1
201520T030575,2,9,0,3,0,0,0,0,0,0,2,1,6,1,47,8,1339,8,3,-1,1,-1
201520T030605,1,9,0,3,0,1,0,0,0,0,3,1,6,2,26,6,1242,1,9,-1,1,-1
201520T030605,2,9,0,7,0,2,0,0,0,0,1,1,6,1,-1,-1,-1,-1,-1,-1,-1,-1
201520T030655,1,9,0,3,0,1,0,0,0,0,2,1,6,1,24,5,998,1,8,-1,-1,-1
201520T030655,2,9,0,18,0,1,0,0,0,0,1,1,6,1,-1,-1,-1,-1,-1,-1,-1,-1
201520T030665,1,9,0,18,0,0,0,0,0,0,1,1,6,2,-1,-1,-1,-1,-1,-1,-1,-1
201520T030665,2,9,0,6,0,0,0,0,0,0,4,1,6,2,20,4,1968,2,7,-1,1,-1
201520T030715,1,9,0,2,0,2,0,8,0,0,3,1,6,2,33,6,1298,1,13,-1,1,-1
201520T030715,2,1,0,14,0,2,0,8,0,0,1,1,6,1,42,7,-1,-1,-1,-1,1,-1
201520T030725,1,9,0,5,0,2,0,0,0,0,1,1,6,1,49,8,-1,-1,-1,-1,1,-1
201520T030725,2,9,0,3,0,1,0,0,0,0,2,1,6,2,44,7,1229,1,6,-1,1,-1
201520T030735,1,9,0,18,0,1,0,0,0,0,1,1,6,1,30,6,-1,-1,-1,-1,-1,-1
201520T030795,1,9,0,18,0,0,1,4,0,0,1,1,6,1,-1,-1,998,1,16,-1,1,-1
201520T030795,2,9,0,5,0,0,0,0,0,0,2,1,6,1,42,7,1998,2,11,-1,1,-1
201520T030795,3,9,0,2,0,0,0,0,0,0,3,1,6,1,35,6,1995,2,10,-1,-1,-1
201520T030795,4,9,0,2,0,0,0,0,0,0,1,1,6,1,45,7,1396,1,12,-1,1,-1
201520T030795,5,9,0,2,0,0,0,0,0,0,2,1,6,2,42,7,1984,1,15,-1,1,-1
201520T030795,6,9,0,2,0,0,0,0,0,0,4,1,6,2,-1,-1,1149,1,16,-1,1,-1
201520T030825,1,9,0,5,0,6,0,0,0,0,1,1,6,2,33,6,1796,1,15,-1,1,-1
201520T030825,2,9,0,18,0,8,0,0,0,0,4,1,6,2,47,8,1598,1,7,-1,1,-1
201520T030835,1,9,0,18,0,8,0,0,0,0,3,1,6,1,23,5,1598,1,-1,-1,1,-1
201520T030835,2,9,0,9,0,8,0,0,0,0,1,1,6,1,44,7,1796,1,12,-1,1,-1
201520T030945,1,9,0,9,0,2,0,0,0,0,1,1,3,2,28,6,-1,-1,-1,-1,1,-1
201520T030945,2,9,0,18,0,1,0,0,0,0,4,1,2,1,29,6,1995,1,4,-1,1,-1
201520T030955,1,9,0,4,0,0,0,0,0,0,1,1,6,1,39,7,1995,2,10,-1,1,-1
201520T031015,1,5,0,18,0,1,0,0,0,0,1,1,6,3,-1,-1,-1,-1,-1,-1,-1,-1
201520T031125,1,9,0,18,0,8,0,0,0,0,1,1,6,3,-1,-1,-1,-1,-1,-1,-1,-1
201520T031125,2,9,0,18,0,8,0,4,0,0,4,1,6,2,52,8,998,1,8,-1,1,-1
201520T031125,3,9,0,2,0,2,0,0,0,0,3,1,6,2,52,8,1783,1,12,-1,1,-1
201520T031145,1,9,0,18,0,0,0,0,0,0,1,1,1,1,51,8,-1,-1,-1,-1,3,-1
201520T031145,2,9,0,3,0,0,0,0,0,0,2,1,1,2,55,8,1590,1,18,-1,1,-1
201520T031305,1,19,0,5,9,8,0,0,0,0,1,1,6,1,40,7,1753,2,9,-1,-1,-1
201520T031305,2,1,0,18,9,8,0,0,0,0,1,1,6,1,19,4,-1,-1,-1,-1,1,-1
201520T031315,1,9,0,18,0,0,0,0,0,0,1,1,6,1,40,7,1956,2,4,-1,1,-1
201520T031315,2,9,0,18,0,0,0,10,1,10,1,1,6,1,23,5,1229,1,3,-1,1,-1
201520T031355,1,9,0,18,0,1,0,0,0,0,1,1,6,1,-1,-1,1124,1,11,-1,-1,-1
201520T031355,2,9,0,3,0,1,0,0,0,0,2,1,6,1,48,8,1391,1,20,-1,1,-1
201520T031405,1,9,0,18,0,0,0,0,0,0,4,1,6,1,33,6,998,1,1,-1,1,-1
201520T031405,2,9,0,18,0,0,0,0,0,0,3,1,6,1,-1,-1,1360,1,12,-1,1,-1
201520T031435,1,9,0,5,0,0,0,0,0,0,1,1,6,3,-1,-1,-1,-1,-1,-1,-1,-1
201520T031435,2,3,0,18,0,0,0,0,0,0,4,1,6,1,18,4,124,1,2,-1,1,-1
201520T031515,1,9,0,18,0,1,0,7,2,5,3,1,6,1,-1,-1,1587,1,16,-1,-1,-1
201520T031515,2,9,0,10,0,1,0,0,0,0,4,1,1,1,30,6,2979,1,11,-1,1,-1
201520T031535,1,9,0,18,0,0,0,0,0,0,1,1,6,3,-1,-1,1798,1,8,-1,-1,-1
201520T031535,2,9,0,11,0,0,0,0,0,0,2,1,6,2,33,6,1386,1,8,-1,1,-1
201520T031585,1,10,0,18,0,0,0,0,0,0,1,1,6,1,-1,-1,2198,2,5,-1,-1,-1
201520T031585,2,9,0,3,0,0,0,0,0,0,2,1,6,2,54,8,1150,1,11,-1,1,-1
201520T031615,1,9,0,18,0,0,0,0,0,0,1,1,6,1,-1,-1,-1,-1,-1,-1,-1,-1
201520T031615,2,9,0,3,0,0,0,0,0,0,2,1,6,2,21,5,998,1,6,-1,1,-1
201520T031695,1,9,0,18,0,0,0,4,0,0,1,1,6,2,32,6,1997,2,13,-1,1,-1
201520T031695,2,9,0,2,0,0,0,0,0,0,2,1,6,2,25,5,1242,1,7,-1,1,-1
201520T031785,1,9,0,18,0,8,0,0,0,0,1,1,6,1,-1,-1,-1,-1,-1,-1,-1,-1
201520T031785,2,9,0,9,0,8,0,0,0,0,4,1,6,2,20,4,1242,1,10,-1,1,-1
201520T031815,1,9,0,9,0,8,0,0,0,0,3,1,6,1,27,6,998,1,13,-1,1,-1
201520T031815,2,9,0,9,0,8,0,0,0,0,3,1,6,2,27,6,1398,1,2,-1,1,-1
201520T031915,1,9,0,9,0,2,0,0,0,0,3,1,6,1,33,6,3222,2,11,-1,1,-1
201520T031915,2,9,0,3,0,2,0,0,0,0,1,1,6,1,65,9,1598,1,2,-1,1,-1
201520T031935,1,9,0,7,2,5,0,0,0,0,0,1,6,2,-1,-1,-1,-1,-1,-1,-1,-1
201520T031935,2,11,0,5,0,1,0,0,0,0,0,1,1,1,45,7,8268,2,12,-1,1,-1
201520T031955,1,9,0,9,0,8,0,0,0,0,2,1,6,2,19,4,1870,2,3,-1,1,-1
201520T031955,2,9,0,17,0,8,1,0,0,0,4,1,1,1,34,6,2231,2,7,-1,1,-1
201520T031965,1,9,0,2,0,0,0,0,0,0,0,1,1,1,36,7,1598,1,7,-1,1,-1
201520T031965,2,8,0,18,0,0,0,0,0,0,1,1,6,1,-1,-1,2400,2,7,-1,1,-1
201520T032005,1,9,0,1,0,0,0,4,0,0,2,1,6,1,-1,-1,1796,1,12,-1,-1,-1
201520T032005,2,3,0,2,0,0,0,0,0,0,1,1,6,1,30,6,124,1,1,-1,1,-1
201520T032015,1,8,0,9,0,6,0,0,0,0,1,1,1,1,53,8,1998,1,10,-1,1,-1
201520T032015,2,9,0,18,0,8,0,0,0,0,1,1,6,1,24,5,1995,2,9,-1,1,-1
201520T032095,1,9,0,3,0,1,0,0,0,0,2,1,6,1,37,7,1339,1,12,-1,1,-1
201520T032095,2,9,0,4,0,1,0,0,0,0,1,1,6,3,-1,-1,-1,-1,-1,-1,-1,-1
201520T032175,1,9,0,18,0,8,0,0,0,0,4,1,2,2,55,8,1242,1,2,-1,1,-1
201520T032175,2,9,0,9,0,8,0,0,0,0,1,1,6,3,-1,-1,-1,-1,-1,-1,-1,-1
201520T032325,1,9,0,3,0,0,0,0,0,0,2,1,6,2,31,6,1686,2,2,-1,1,-1
201520T032325,2,9,0,18,0,0,0,0,0,0,1,1,6,3,-1,-1,-1,-1,-1,-1,-1,-1
201520T032445,1,9,0,4,0,2,0,0,0,0,1,1,6,1,-1,-1,2143,2,1,-1,1,-1
201520T032445,2,2,0,3,0,2,0,0,0,0,2,1,6,1,28,6,49,1,-1,-1,1,-1
201520T032495,1,9,0,9,0,6,0,0,0,0,3,1,1,1,-1,-1,1896,2,12,-1,-1,-1
201520T032495,2,1,0,18,0,8,0,0,0,0,1,1,1,1,23,5,-1,-1,-1,-1,1,-1
201520T032505,1,9,0,3,0,1,0,0,0,0,1,1,6,2,48,8,1149,1,7,-1,1,-1
201520T032505,2,9,0,14,0,1,0,0,0,0,1,1,6,3,-1,-1,1968,2,8,-1,-1,-1
201520T032535,1,9,0,9,0,3,0,0,0,0,3,1,1,1,42,7,-1,-1,-1,-1,1,-1
201520T032545,1,9,0,18,0,0,0,0,0,0,1,1,6,2,28,6,1229,1,7,-1,1,-1
201520T032545,2,1,0,18,0,0,0,0,0,0,1,1,6,1,9,2,-1,-1,-1,-1,1,-1
201520T032555,1,9,0,9,0,8,0,0,0,0,1,1,6,1,40,7,2967,2,4,-1,1,-1
201520T032555,2,9,0,18,0,8,0,10,4,4,1,1,1,2,64,9,1685,2,3,-1,1,-1
201520T032565,1,8,0,18,0,0,0,0,0,0,1,1,6,1,47,8,-1,-1,-1,-1,1,-1
201520T032635,1,9,0,18,0,0,1,0,0,0,1,1,6,1,-1,-1,-1,-1,-1,-1,-1,-1
201520T032635,2,9,0,3,0,0,0,0,0,0,2,1,1,2,54,8,1242,1,10,-1,1,-1
201520T032635,3,9,0,3,0,0,0,0,0,0,2,1,6,1,-1,-1,1396,1,12,-1,-1,-1
201520T032675,1,9,0,14,0,0,0,0,0,0,1,1,6,3,-1,-1,-1,-1,-1,-1,-1,-1
201520T032705,1,20,1,1,0,0,0,0,0,0,2,1,6,1,60,9,2998,2,4,-1,-1,-1
201520T032705,2,9,0,3,0,0,0,0,0,0,3,1,6,2,19,4,1242,1,9,-1,1,-1
201520T032825,1,9,0,18,9,0,0,4,0,0,4,1,6,1,28,6,2148,2,7,-1,1,-1
201520T032825,2,90,0,3,9,0,0,0,0,0,3,1,6,1,85,11,-1,-1,-1,-1,1,-1
201520T032855,1,9,0,18,0,8,0,0,0,0,1,1,6,2,61,9,998,1,10,-1,1,-1
201520T032855,2,9,0,18,0,8,0,0,0,0,1,1,6,2,24,5,1968,2,11,-1,1,-1
201520T032865,1,9,0,5,0,8,0,0,0,0,1,1,6,1,33,6,1986,2,8,-1,1,-1
201520T032865,2,8,0,4,0,8,0,0,0,0,2,1,1,1,33,6,1997,2,14,-1,1,-1
201520T032865,3,9,0,18,0,8,0,0,0,0,2,1,2,2,49,8,2400,2,2,-1,1,-1
201520T032875,1,9,0,18,0,8,0,0,0,0,1,1,6,2,-1,-1,2993,2,8,-1,1,-1
201520T032875,2,9,0,18,0,8,0,0,0,0,4,1,6,2,25,5,1086,1,9,-1,1,-1
201520T032885,1,9,0,18,0,2,0,0,0,0,1,1,6,1,35,6,1461,2,2,-1,1,-1
201520T032885,2,9,0,3,0,2,0,0,0,0,2,1,6,2,34,6,1598,1,9,-1,1,-1
201520T032935,1,9,0,18,0,0,0,0,0,0,1,1,6,2,53,8,1493,1,15,-1,1,-1
201520T033155,1,9,0,18,0,8,0,0,0,0,4,1,6,1,29,6,1461,2,-1,-1,1,-1
201520T033155,2,9,0,7,0,8,0,0,0,0,3,1,6,1,26,6,1596,1,16,-1,1,-1
201520T033165,1,9,0,7,0,5,0,0,0,0,1,1,1,1,46,8,1364,2,-1,-1,2,-1
201520T033165,2,9,0,14,0,8,1,0,0,0,1,1,6,3,-1,-1,-1,-1,-1,-1,-1,-1
201520T033205,1,9,0,18,9,0,0,10,1,10,1,1,6,2,23,5,1598,1,11,-1,1,-1
201520T033275,1,9,0,9,0,6,0,0,0,0,1,1,6,1,28,6,1248,2,11,-1,1,-1
201520T033275,2,9,0,18,0,8,0,4,7,0,4,1,6,1,42,7,1995,2,4,-1,1,-1
201520T033275,3,9,0,2,0,2,0,0,0,0,4,1,6,2,45,7,1587,1,17,-1,1,-1
201520T033275,4,9,0,2,0,1,0,0,0,0,1,1,6,1,44,7,998,1,14,-1,1,-1
201520T033585,1,8,0,3,0,0,0,0,0,0,2,1,1,1,30,6,1797,8,2,-1,1,-1
201520T033585,2,9,0,18,0,0,0,0,0,0,1,1,6,3,-1,-1,2324,1,12,-1,-1,-1
201520T033615,1,9,0,5,0,1,0,0,0,0,1,1,6,2,-1,-1,1769,1,11,-1,-1,-1
201520T033685,1,9,0,18,0,2,0,0,0,0,1,1,6,1,42,7,-1,-1,-1,-1,-1,-1
201520T033715,1,9,0,18,0,1,0,0,0,0,1,1,6,1,-1,-1,-1,-1,-1,-1,-1,-1
201520T033725,1,9,0,5,0,1,0,0,0,0,1,1,6,2,-1,-1,1149,1,13,-1,-1,-1
201520T033725,2,9,0,18,0,1,0,0,0,0,4,1,6,1,33,6,1896,2,11,-1,1,-1
201520T033985,1,9,0,7,0,1,0,0,0,0,1,1,6,1,25,5,1956,2,2,-1,1,-1
201520T033985,2,9,0,7,0,1,0,0,0,0,2,1,6,1,35,6,998,1,15,-1,1,-1
201520T034055,1,9,0,5,0,4,0,0,0,0,1,1,6,2,31,6,1956,2,2,-1,1,-1
201520T034055,2,9,0,5,0,4,0,0,0,0,1,1,6,2,23,5,1199,1,12,-1,1,-1
201520T034065,1,9,0,9,0,8,0,0,0,0,1,1,6,1,46,8,1896,2,13,-1,1,-1
201520T034065,2,9,0,18,0,8,0,0,0,0,1,1,6,2,83,11,1999,1,11,-1,1,-1
201520T034075,1,9,0,18,0,0,0,0,0,0,1,1,6,3,-1,-1,1598,1,1,-1,-1,-1
201520T034075,2,9,0,3,0,0,0,0,0,0,2,1,6,1,53,8,1493,1,17,-1,1,-1
201520T034085,1,9,0,18,0,0,0,0,0,0,1,1,6,1,30,6,1598,2,1,-1,-1,-1
201520T034085,2,9,0,3,0,0,0,0,0,0,2,1,6,2,65,9,2179,2,1,-1,2,-1
201520T034135,1,9,0,14,0,1,0,0,0,0,4,1,6,1,29,6,1896,2,12,-1,1,-1
201520T034155,1,9,0,18,0,0,0,0,0,0,1,1,6,1,25,5,1968,2,8,-1,1,-1
201520T034155,2,9,0,4,0,0,0,0,0,0,2,1,6,2,30,6,998,1,11,-1,1,-1
201520T034165,1,9,0,5,0,1,0,0,0,0,4,1,6,2,26,6,1296,1,8,-1,1,-1
201520T034185,1,1,0,18,0,8,0,0,0,0,1,1,6,1,15,3,-1,-1,-1,-1,-1,-1
201520T034185,2,9,0,18,0,8,0,0,0,0,1,1,6,1,27,6,1596,1,10,-1,1,-1
201520T034245,1,9,0,18,0,8,0,0,0,0,3,1,6,1,50,8,1497,1,11,-1,1,-1
201520T034245,2,9,0,18,0,8,0,0,0,0,1,1,6,2,43,7,1200,1,-1,-1,1,-1
201520T034255,1,2,0,18,9,0,0,10,1,10,1,1,6,1,15,3,-1,-1,-1,-1,1,-1
201520T034255,2,9,0,18,0,0,0,0,0,0,0,1,6,1,51,8,1956,2,3,-1,1,-1
201520T034345,1,9,0,7,0,6,0,0,0,0,1,1,6,1,-1,-1,-1,-1,-1,-1,-1,-1
201520T034405,1,9,0,9,0,5,0,0,0,0,3,1,6,2,90,11,1388,1,11,-1,1,-1
201520T034405,2,9,0,10,0,1,0,0,0,0,3,1,2,2,45,7,1242,1,2,-1,1,-1
201520T034515,1,9,0,18,0,0,0,0,0,0,1,1,6,2,55,8,998,1,16,-1,1,-1
201520T034515,2,9,0,3,0,0,0,0,0,0,2,1,2,1,46,8,1995,2,2,-1,1,-1
201520T034515,3,9,0,18,0,0,0,0,0,0,1,1,2,1,27,6,1984,1,14,-1,1,-1
201520T034655,1,9,0,18,0,1,0,0,0,0,1,1,6,1,29,6,1390,1,14,-1,1,-1
201520T034665,1,9,0,9,0,6,0,0,0,0,0,1,6,2,-1,-1,1299,1,13,-1,-1,-1
201520T034665,2,9,0,18,0,8,0,0,0,0,2,1,2,2,32,6,1598,1,11,-1,1,-1
201520T034665,3,9,0,18,0,8,0,0,0,0,1,1,2,1,21,5,1229,1,9,-1,1,-1
201520T034685,1,9,0,18,0,1,0,7,7,1,1,1,6,1,61,9,3980,1,18,-1,1,-1
201520T034705,1,9,0,18,0,0,0,0,0,0,1,1,6,1,24,5,998,1,16,-1,1,-1
201520T034705,2,9,0,3,0,0,0,0,0,0,2,1,6,1,47,8,2088,2,17,-1,1,-1
201520T034705,3,9,0,3,0,0,0,0,0,0,2,1,6,1,-1,-1,1586,1,11,-1,-1,-1
201520T034745,1,9,0,6,0,6,0,0,0,0,3,1,6,1,22,5,1364,1,5,-1,1,-1
201520T034745,2,9,0,18,0,8,0,0,0,0,1,1,6,1,56,9,1995,2,9,-1,-1,-1
201520T034825,1,9,0,18,0,1,0,0,0,0,1,1,6,2,28,6,1995,2,10,-1,-1,-1
201520T034825,2,9,0,7,0,5,0,0,0,0,2,1,6,1,75,10,1896,2,10,-1,1,-1
201520T034855,1,11,0,18,0,0,0,2,0,0,1,1,1,3,-1,-1,-1,-1,-1,-1,-1,-1
201520T034945,1,9,0,18,0,4,0,0,0,0,4,1,6,3,-1,-1,-1,-1,-1,-1,-1,-1
201520T034945,2,9,0,18,0,4,0,10,1,10,3,1,6,2,49,8,1398,1,1,-1,3,-1
201520T035065,1,90,0,18,9,1,0,0,0,0,1,1,6,1,70,10,-1,-1,-1,-1,-1,-1
201520T035115,1,9,0,4,0,0,0,0,0,0,1,1,6,1,21,5,1461,2,11,-1,1,-1
201520T035115,2,9,0,4,0,0,0,0,0,0,2,1,6,1,40,7,-1,-1,-1,-1,1,-1
201520T035155,1,9,0,18,0,0,0,0,0,0,1,1,6,1,-1,-1,-1,-1,-1,-1,-1,-1
201520T035165,1,8,0,18,0,0,0,0,0,0,4,1,6,1,-1,-1,-1,-1,-1,-1,-1,-1
201520T035185,1,9,0,18,0,6,0,0,0,0,1,1,6,2,-1,-1,-1,-1,-1,-1,-1,-1
201520T035185,2,9,0,18,0,8,0,0,0,0,4,1,2,2,29,6,1299,1,12,-1,1,-1
201520T035355,1,9,0,6,0,0,0,0,0,0,1,1,6,1,-1,-1,1560,2,1,-1,-1,-1
201520T035355,2,9,0,18,0,0,0,0,0,0,3,1,6,1,27,6,1600,2,6,-1,1,-1
201520T035395,1,9,0,18,0,1,0,0,0,0,1,1,6,1,-1,-1,2231,2,8,-1,-1,-1
201520T035395,2,9,0,10,0,1,0,0,0,0,2,1,2,2,46,8,998,1,12,-1,1,-1
201520T035425,1,9,0,7,0,6,0,0,0,0,1,1,2,1,23,5,3982,1,19,-1,1,-1
201520T035425,2,9,0,18,0,8,0,0,0,0,1,1,2,2,61,9,1229,1,4,-1,1,-1
201520T035925,1,9,0,9,0,5,0,0,0,0,1,1,1,2,47,8,-1,-1,-1,-1,1,-1
201520T035925,2,1,0,18,0,8,0,0,0,0,3,1,6,1,19,4,-1,-1,-1,-1,1,-1
201520T035975,1,9,0,9,0,6,0,0,0,0,1,1,6,2,33,6,1296,1,7,-1,1,-1
201520T035975,2,5,0,18,0,8,0,0,0,0,1,1,6,1,37,7,645,1,6,-1,1,-1
201520T035995,1,3,0,18,0,0,1,4,7,0,1,1,6,1,16,4,-1,-1,-1,-1,1,-1
201520T035995,2,9,0,2,0,0,0,0,0,0,2,1,6,1,27,6,1390,1,14,-1,1,-1
201520T036265,1,9,0,18,0,0,0,0,0,0,1,1,6,2,-1,-1,1360,1,8,-1,-1,-1
201520T036265,2,9,0,4,0,0,0,0,0,0,2,1,3,2,35,6,1896,2,10,-1,1,-1
201520T036785,1,9,0,11,0,8,0,0,0,0,3,1,6,3,-1,-1,-1,-1,-1,-1,-1,-1
201520T036785,2,9,0,11,0,8,0,10,1,2,4,1,6,1,32,6,1397,1,8,-1,1,-1
201520T036905,1,9,0,18,0,0,2,10,1,10,3,1,2,1,24,5,1896,2,11,-1,1,-1
201520T036915,1,9,0,14,0,0,0,0,0,0,1,1,6,1,49,8,1905,2,17,-1,1,-1
201520T036935,1,9,0,13,0,8,1,0,0,0,1,1,6,1,-1,-1,1598,2,2,-1,-1,-1
201520T036935,2,9,0,10,0,8,0,0,0,0,3,1,6,2,55,8,1198,1,1,-1,1,-1
201520T036935,3,9,0,18,0,1,0,0,0,0,1,1,6,1,53,8,2967,2,-1,-1,3,-1
201520T036935,4,9,0,18,0,1,0,0,0,0,3,1,6,1,52,8,-1,-1,-1,-1,1,-1
201520T037105,1,9,0,18,0,0,0,0,0,0,1,1,6,2,58,9,1360,1,8,-1,1,-1
201520T037125,1,9,0,5,0,0,0,0,0,0,1,1,6,1,-1,-1,1198,1,8,-1,-1,-1
201520T037135,1,9,0,4,0,0,0,0,0,0,1,1,6,1,70,10,1596,1,1,-1,1,-1
201520T037215,1,9,0,18,0,1,0,0,0,0,0,1,6,1,22,5,1995,2,9,-1,1,-1
201520T037215,2,9,0,18,0,1,0,10,1,4,2,1,1,1,44,7,1998,2,14,-1,1,-1
201520T037405,1,9,0,18,0,0,0,0,0,0,1,1,6,1,38,7,1896,2,13,-1,1,-1
201520T037405,2,9,0,1,0,0,0,0,0,0,1,1,6,1,34,6,1781,1,12,-1,1,-1
201520T037415,1,9,0,18,0,4,0,0,0,0,3,1,1,1,22,5,1398,1,-1,-1,1,-1
201520T037415,2,1,0,18,0,3,0,0,0,0,4,1,1,1,58,9,-1,-1,-1,-1,1,-1
201520T037495,1,9,0,18,0,6,0,0,0,0,1,1,6,1,57,9,2148,2,14,-1,1,-1
201520T037495,2,9,0,18,0,8,0,0,0,0,1,1,1,2,29,6,1761,1,15,-1,1,-1
201520T037495,3,9,0,8,0,1,0,0,0,0,1,1,3,1,47,8,1794,1,7,-1,1,-1
201520T037745,1,90,0,7,0,8,0,0,0,0,0,1,1,1,-1,-1,-1,-1,-1,-1,-1,-1
201520T037785,1,19,0,4,0,2,0,0,0,0,1,1,6,1,47,8,2143,2,4,-1,1,-1
201520T037785,2,9,0,4,0,2,0,0,0,0,2,1,6,2,22,5,1149,1,4,-1,1,-1
201520T037795,1,9,0,7,0,6,0,0,0,0,2,1,6,1,39,7,1397,1,11,-1,1,-1
201520T037795,2,9,0,18,0,2,0,0,0,0,1,1,6,1,-1,-1,1769,1,12,-1,-1,-1
201520T038355,1,9,0,18,0,0,0,0,0,0,1,1,6,1,31,6,1968,2,10,-1,1,-1
201520T038495,1,9,0,18,0,0,1,10,1,10,1,1,6,1,23,5,1590,1,17,-1,1,-1
201520T038505,1,9,0,18,0,2,1,7,0,0,1,1,6,3,-1,-1,1896,2,9,-1,-1,-1
201520T038505,2,9,0,18,0,1,0,0,0,0,3,1,6,1,44,7,2967,2,4,-1,1,-1
201520T038605,1,2,0,18,0,8,0,0,0,0,4,1,6,1,16,4,49,1,-1,-1,1,-1
201520T038605,2,9,0,5,0,8,0,0,0,0,1,1,6,1,-1,-1,1587,1,12,-1,1,-1
201520T038705,1,9,0,9,0,8,0,0,0,0,4,1,6,1,42,7,998,1,18,-1,1,-1
201520T038705,2,9,0,18,0,8,0,0,0,0,1,1,6,1,56,9,1598,1,14,-1,1,-1
201520T038875,1,3,0,18,0,0,1,0,0,0,1,1,6,1,25,5,124,1,1,-1,1,-1
201520T038875,2,9,0,18,0,0,0,0,0,0,3,1,6,2,41,7,1398,2,5,-1,1,-1
201520T039115,1,9,0,2,0,0,0,0,0,0,4,1,6,1,44,7,1969,2,-1,-1,1,-1
201520T039115,2,9,0,1,0,0,0,4,0,0,2,1,6,1,-1,-1,1685,2,1,-1,1,-1
201520T039145,1,9,0,7,0,6,0,0,0,0,3,1,6,1,34,6,2967,2,9,-1,1,-1
201520T039145,2,9,0,18,0,8,0,0,0,0,4,1,6,1,33,6,1598,1,13,-1,1,-1
201520T039155,1,9,0,18,0,3,0,0,0,0,1,1,6,2,31,6,1390,1,16,-1,1,-1
201520T039155,2,9,0,18,0,4,0,0,0,0,3,1,6,1,21,5,998,1,11,-1,1,-1
201520T039165,1,9,0,18,0,0,0,10,1,10,1,1,6,1,43,7,1560,2,10,-1,1,-1
201520T039305,1,9,0,9,0,6,0,0,0,0,1,1,6,2,26,6,1229,1,5,-1,1,-1
201520T039305,2,9,0,18,0,8,5,10,1,10,1,1,6,1,21,5,1197,1,-1,-1,1,-1
201520T039315,1,9,0,18,0,0,0,0,0,0,1,1,6,1,70,10,2664,2,14,-1,1,-1
201520T039345,1,9,0,18,0,2,0,0,0,0,4,1,1,2,31,6,1242,1,6,-1,1,-1
201520T039415,1,9,0,18,0,0,0,0,0,0,1,1,6,2,28,6,998,1,1,-1,1,-1
201520T039445,1,9,0,18,0,1,0,0,0,0,1,1,6,1,45,7,2982,2,12,-1,1,-1
201520T039575,1,9,0,9,0,6,0,0,0,0,1,1,6,1,34,6,1896,2,15,-1,1,-1
201520T039575,2,5,0,14,0,8,0,0,0,0,4,1,6,1,52,8,582,1,14,-1,1,-1
201520T039705,1,9,0,18,0,0,0,0,0,0,1,1,6,1,75,10,1360,1,8,-1,1,-1
201520T039775,1,9,0,9,0,8,0,0,0,0,4,1,1,1,52,8,3598,1,8,-1,1,-1
201520T039775,2,9,0,18,0,8,1,0,0,0,1,1,1,1,32,6,1598,1,13,-1,1,-1
201520T039785,1,9,0,18,0,0,0,0,0,0,1,1,3,2,43,7,1598,1,13,-1,1,-1
201520T039795,1,1,0,17,0,1,0,0,0,0,1,1,6,1,30,6,-1,-1,-1,-1,1,-1
201520T039795,2,9,0,7,0,1,0,0,0,0,4,1,6,3,-1,-1,-1,-1,-1,-1,-1,-1