Accident_Index,Vehicle_Reference,Vehicle_Type,Towing_and_Articulation,Vehicle_Manoeuvre,Vehicle_Location-Restricted_Lane,Junction_Location,Skidding_and_Overturning,Hit_Object_in_Carriageway,Vehicle_Leaving_Carriageway,Hit_Object_off_Carriageway,1st_Point_of_Impact,Was_Vehicle_Left_Hand_Drive?,Journey_Purpose_of_Driver,Sex_of_Driver,Age_of_Driver,Age_Band_of_Driver,Engine_Capacity_(CC),Propulsion_Code,Age_of_Vehicle,Driver_IMD_Decile,Driver_Home_Area_Type,Vehicle_IMD_Decile
201520T039805,1,9,0,18,0,0,0,0,0,0,1,1,6,3,-1,-1,-1,-1,-1,-1,-1,-1
201520T039855,1,90,0,7,0,6,0,0,0,0,1,1,1,1,25,5,-1,-1,-1,-1,1,-1
201520T039855,2,9,0,18,0,8,0,0,0,0,1,1,3,2,28,6,1386,1,8,-1,1,-1
201520T039895,1,19,0,18,0,0,0,0,0,0,1,1,6,1,28,6,1998,2,14,-1,1,-1
201520T039895,2,9,0,3,0,0,0,0,0,0,2,1,1,1,32,6,1248,2,2,-1,1,-1
201520T040225,1,9,0,5,0,4,0,0,0,0,1,1,6,2,51,8,1390,1,13,-1,1,-1
201520T040225,2,1,0,18,0,3,0,0,0,0,1,1,1,1,-1,-1,-1,-1,-1,-1,1,-1
201520T040235,1,20,0,15,0,4,0,0,0,0,3,1,6,1,-1,-1,12130,2,10,-1,-1,-1
201520T040235,2,8,0,18,0,8,0,0,0,0,4,1,3,2,47,8,1587,1,16,-1,1,-1
201520T040245,1,9,0,7,0,5,0,4,0,0,1,1,6,1,-1,-1,1299,1,15,-1,-1,-1
201520T040245,2,9,0,2,0,2,0,0,0,0,4,1,6,2,53,8,998,1,8,-1,1,-1
201520T040275,1,9,0,18,0,0,0,10,1,2,1,1,1,2,26,6,1299,1,13,-1,1,-1
201520T040355,1,9,0,14,0,0,0,0,0,0,1,1,6,1,-1,-1,2148,2,7,-1,-1,-1
201520T040355,2,9,0,17,0,0,0,0,0,0,1,1,6,2,23,5,1229,1,10,-1,1,-1
201520T040385,1,9,0,18,0,8,0,0,0,0,1,1,6,1,34,6,1995,1,12,-1,1,-1
201520T040385,2,9,0,18,0,8,0,0,0,0,3,1,6,1,28,6,1461,2,9,-1,1,-1
201520T040385,3,9,0,18,0,8,0,0,0,0,0,1,1,1,-1,-1,2993,2,2,-1,-1,-1
201520T040535,1,9,0,18,0,0,0,0,0,0,1,1,6,1,41,7,-1,-1,-1,-1,2,-1
201520T040535,2,8,0,18,0,0,0,0,0,0,2,1,1,1,30,6,2149,2,8,-1,1,-1
201520T040575,1,9,0,13,0,8,0,0,0,0,4,1,6,3,-1,-1,-1,-1,-1,-1,-1,-1
201520T040575,2,1,0,16,0,8,0,0,0,0,3,1,2,1,28,6,-1,-1,-1,-1,1,-1
201520T040715,1,9,0,18,0,8,0,0,0,0,1,1,1,2,-1,-1,1598,1,1,-1,1,-1
201520T040715,2,1,0,18,0,8,0,0,0,0,2,1,1,1,31,6,-1,-1,-1,-1,1,-1
201520T040935,1,9,0,18,0,6,0,0,0,0,1,1,6,2,20,4,1229,1,1,-1,1,-1
201520T040935,2,9,0,18,0,8,0,0,0,0,3,1,6,2,57,9,1364,1,8,-1,1,-1
201520T041105,1,9,0,18,0,3,0,0,0,0,1,1,6,3,-1,-1,2480,1,3,-1,-1,-1
201520T041105,2,9,0,3,0,3,0,0,0,0,2,1,6,1,28,6,1794,1,12,-1,1,-1
201520T041215,1,9,0,18,0,8,0,0,0,0,3,1,6,1,-1,-1,1999,1,9,-1,1,-1
201520T041215,2,3,0,7,0,8,0,0,0,0,1,1,6,1,17,4,102,1,12,-1,1,-1
201520T041225,1,9,0,5,9,6,0,0,0,0,1,1,6,2,45,7,1598,1,2,-1,-1,-1
201520T041235,1,9,0,18,0,0,0,0,0,0,1,1,6,1,-1,-1,1970,1,10,-1,-1,-1
201520T041235,2,9,0,3,0,0,0,0,0,0,2,1,6,2,20,4,1242,1,11,-1,1,-1
201520T041235,3,9,0,3,0,0,0,0,0,0,2,1,6,1,-1,-1,1248,2,6,-1,-1,-1
201520T041305,1,9,0,9,0,6,0,0,0,0,1,1,6,1,-1,-1,-1,-1,-1,-1,-1,-1
201520T041305,2,1,0,18,0,8,0,0,0,0,4,1,1,1,44,7,-1,-1,-1,-1,1,-1
201520T041315,1,9,0,9,0,5,0,0,0,0,1,1,6,1,34,6,1968,2,8,-1,1,-1
201520T041315,2,1,0,18,0,8,0,0,0,0,1,1,6,1,45,7,-1,-1,-1,-1,3,-1
201520T041385,1,9,0,18,0,4,0,0,0,0,1,1,6,2,-1,-1,1389,1,13,-1,-1,-1
201520T041385,2,3,0,18,0,3,5,0,0,0,4,1,6,1,17,4,-1,-1,-1,-1,1,-1
201520T041395,1,9,0,4,0,1,0,0,0,0,2,1,6,1,-1,-1,-1,-1,-1,-1,-1,-1
201520T041395,2,11,0,3,0,1,0,0,0,0,1,1,1,1,-1,-1,-1,-1,-1,-1,-1,-1
201520T041405,1,9,0,5,0,8,0,0,0,0,1,1,6,2,25,5,998,1,10,-1,1,-1
201520T041405,2,9,0,18,0,8,1,0,0,0,3,1,1,1,52,8,1956,2,3,-1,1,-1
201520T041715,1,19,0,7,0,1,0,0,0,0,4,1,6,1,50,8,2148,2,9,-1,-1,-1
201520T041715,2,9,0,7,0,1,0,0,0,0,3,1,6,1,33,6,1968,2,7,-1,1,-1
201520T041755,1,9,0,18,0,0,0,0,0,0,1,1,6,2,25,5,1248,1,1,-1,1,-1
201520T041755,2,9,0,4,0,0,0,0,0,0,2,1,6,1,36,7,1598,2,3,-1,-1,-1
201520T041935,1,9,0,9,0,6,0,0,0,0,3,1,6,2,39,7,1686,2,11,-1,1,-1
201520T041935,2,9,0,18,0,8,0,0,0,0,1,1,6,1,38,7,2993,2,10,-1,1,-1
201520T041945,1,9,0,14,0,0,0,0,0,0,1,1,6,1,43,7,1799,1,7,-1,1,-1
201520T041955,1,9,0,18,0,6,0,0,1,0,4,1,6,2,25,5,1390,1,12,-1,1,-1
201520T041955,2,9,0,18,0,8,0,0,1,0,1,1,6,1,36,7,1999,1,1,-1,1,-1
201520T041995,1,9,0,18,0,2,0,0,0,0,1,1,6,2,-1,-1,-1,-1,-1,-1,-1,-1
201520T042005,1,9,0,7,0,5,0,0,0,0,1,1,6,1,-1,-1,-1,-1,-1,-1,-1,-1
201520T042005,2,9,0,8,0,1,0,0,0,0,1,1,6,2,32,6,1329,1,4,-1,1,-1
201520T042015,1,9,0,18,0,1,0,0,0,0,1,1,6,1,-1,-1,1997,2,15,-1,-1,-1
201520T042015,2,9,0,3,0,1,0,0,0,0,2,1,6,1,69,10,1995,1,5,-1,1,-1
201520T042065,1,9,0,18,0,0,0,0,0,0,1,1,1,2,57,9,1995,2,1,-1,1,-1
201520T042075,1,9,0,16,0,8,0,0,0,0,3,1,6,1,-1,-1,1388,1,11,-1,-1,-1
201520T042075,2,9,0,17,0,8,0,0,0,0,3,1,6,1,52,8,1974,2,14,-1,1,-1
201520T042085,1,9,0,18,0,0,1,10,1,2,1,1,6,1,-1,-1,1199,1,14,-1,-1,-1
201520T042085,2,9,0,2,9,0,2,0,0,0,1,1,6,2,-1,-1,1968,2,9,-1,1,-1
201520T042095,1,9,0,18,0,0,0,0,0,0,1,1,3,2,36,7,1598,1,5,-1,1,-1
201520T042095,2,9,0,4,0,0,0,0,0,0,2,1,3,2,27,6,2688,2,15,-1,1,-1
201520T042105,1,9,0,5,0,0,0,0,0,0,4,1,6,3,-1,-1,-1,-1,-1,-1,-1,-1
201520T042105,2,90,0,18,0,0,0,0,0,0,3,1,6,1,24,5,348,1,8,-1,1,-1
201520T042115,1,9,0,18,0,0,0,0,0,0,1,1,6,2,35,6,1560,2,6,-1,1,-1
201520T042115,2,9,0,3,0,0,0,0,0,0,2,1,6,1,31,6,1896,2,11,-1,1,-1
201520T042115,3,9,0,3,0,0,0,0,0,0,2,1,6,2,49,8,1598,1,4,-1,1,-1
201520T042135,1,9,0,18,0,8,0,0,0,0,1,1,6,1,-1,-1,1598,1,16,-1,-1,-1
201520T042135,2,9,0,18,0,8,0,0,0,0,1,1,6,2,39,7,1422,2,5,-1,1,-1
201520T042145,1,9,0,18,0,0,0,0,0,0,1,1,6,1,19,4,1390,1,12,-1,1,-1
201520T042145,2,9,0,3,0,0,0,0,0,0,2,1,6,1,70,10,999,1,1,-1,1,-1
201520T042145,3,9,0,3,0,0,0,0,0,0,2,1,6,3,-1,-1,-1,-1,-1,-1,-1,-1
201520T042165,1,9,0,18,0,0,0,0,0,0,1,1,6,3,-1,-1,1560,2,10,-1,-1,-1
201520T042165,2,9,0,4,0,0,0,0,0,0,2,1,6,2,24,5,1422,2,1,-1,1,-1
201520T042185,1,9,0,7,0,8,0,0,0,0,1,1,6,2,36,7,2698,2,7,-1,1,-1
201520T042185,2,9,0,18,0,8,0,0,0,0,4,1,6,1,22,5,1398,1,-1,-1,1,-1
201520T042215,1,9,0,18,0,2,0,10,1,2,1,1,6,2,27,6,1984,1,8,-1,1,-1
201520T042215,2,9,0,18,0,2,0,0,0,0,0,1,6,3,-1,-1,-1,-1,-1,-1,-1,-1
201520T042225,1,9,0,7,0,3,0,0,0,0,4,1,6,2,59,9,2148,2,12,-1,1,-1
201520T042225,2,1,0,18,0,8,0,0,0,0,1,1,6,1,28,6,-1,-1,-1,-1,1,-1
201520T042235,1,9,0,18,0,2,0,0,0,0,3,1,6,1,48,8,1598,1,6,-1,1,-1
201520T042235,2,9,0,18,0,2,0,10,4,1,4,1,6,2,35,6,1598,1,11,-1,1,-1
201520T042245,1,9,0,1,9,0,0,0,0,0,2,1,6,1,41,7,1798,1,6,-1,1,-1
201520T042245,2,1,0,18,9,0,0,0,0,0,3,1,6,1,12,3,-1,-1,-1,-1,1,-1
201520T042295,1,9,0,18,0,0,1,0,0,0,1,1,6,1,15,3,1747,1,17,-1,1,-1
201520T042325,1,9,0,7,0,1,0,0,0,0,1,1,6,1,50,8,998,1,13,-1,1,-1
201520T042335,1,9,0,18,0,0,0,0,0,0,1,1,6,3,-1,-1,-1,-1,-1,-1,-1,-1
201520T042345,1,9,0,18,0,1,0,0,0,0,1,1,6,1,-1,-1,1686,2,11,-1,-1,-1
201520T042345,2,9,0,3,0,1,0,0,0,0,2,1,6,1,43,7,1900,2,16,-1,1,-1
201520T042365,1,10,0,18,0,1,0,0,0,0,2,1,1,1,49,8,-1,-1,-1,-1,1,-1
201520T042365,2,9,0,18,0,1,0,0,0,0,1,1,6,1,25,5,1910,2,7,-1,-1,-1
201520T042525,1,9,0,2,0,0,0,0,0,0,3,1,2,1,56,9,1348,1,15,-1,1,-1
201520T042525,2,9,0,18,0,0,0,4,0,0,1,1,6,3,-1,-1,-1,-1,-1,-1,-1,-1
201520T042775,1,9,0,14,0,0,0,0,0,0,1,1,2,1,30,6,1198,1,6,-1,1,-1
201520T042995,1,9,0,14,0,0,0,0,0,0,4,1,6,1,23,5,1396,1,15,-1,1,-1
201520T042995,2,1,0,5,0,0,0,0,0,0,1,1,6,1,13,3,-1,-1,-1,-1,1,-1
201520T043005,1,9,0,18,0,1,0,0,0,0,1,1,1,2,23,5,1242,1,8,-1,1,-1
201520T043005,2,9,0,3,0,1,0,0,0,0,2,1,1,1,24,5,2143,2,3,-1,1,-1
201520T043015,1,9,0,13,0,2,0,0,0,0,1,1,6,3,-1,-1,-1,-1,-1,-1,-1,-1
201520T043015,2,9,0,16,0,2,1,10,1,10,2,1,6,1,53,8,1794,1,6,-1,1,-1
201520T043115,1,9,0,18,0,0,0,4,0,0,1,1,6,2,26,6,1598,1,13,-1,1,-1
201520T043115,2,9,0,2,0,0,0,0,0,0,4,1,6,2,-1,-1,2401,2,13,-1,-1,-1
201520T043115,3,19,0,2,0,0,0,0,0,0,2,1,6,3,-1,-1,1560,2,2,-1,1,-1
201520T043115,4,19,0,2,0,0,0,0,0,0,2,1,6,1,-1,-1,-1,-1,-1,-1,-1,-1
201520T043125,1,9,0,18,0,1,0,0,0,0,1,1,6,1,20,4,1198,1,2,-1,1,-1
201520T043125,2,8,0,3,0,1,0,0,0,0,2,1,1,1,57,9,1995,2,9,-1,1,-1
201520T043125,3,9,0,3,0,1,0,0,0,0,2,1,2,1,41,7,2000,1,11,-1,1,-1
201520T043125,4,9,0,3,0,1,0,0,0,0,2,1,6,1,19,4,1398,1,-1,-1,1,-1
201520T043125,5,9,0,3,0,1,0,0,0,0,3,1,6,1,52,8,1997,2,8,-1,1,-1
201520T043135,1,9,0,9,0,8,0,0,0,0,4,1,6,1,46,8,1299,1,13,-1,1,-1
201520T043135,2,9,0,18,0,8,0,0,0,0,1,1,6,1,38,7,1461,2,1,-1,1,-1
201520T043395,1,9,0,15,0,0,0,0,0,0,4,1,6,1,-1,-1,1598,1,15,-1,-1,-1
201520T043395,2,19,0,2,0,0,0,0,0,0,0,1,1,1,36,7,2998,2,6,-1,-1,-1
201520T043395,3,5,0,4,0,0,0,0,0,0,1,1,2,1,51,8,600,1,15,-1,1,-1
201520T043395,4,19,0,5,0,0,0,0,0,0,2,1,2,1,36,7,1870,2,11,-1,-1,-1
201520T043405,1,9,0,9,0,6,0,0,0,0,1,1,6,1,-1,-1,-1,-1,-1,-1,-1,-1
201520T043405,2,9,0,18,0,8,0,0,0,0,4,1,2,1,36,7,1984,2,7,-1,1,-1
201520T043485,1,5,0,18,0,0,0,0,0,0,1,1,1,1,48,8,998,1,11,-1,1,-1
201520T043485,2,17,0,11,0,0,0,0,0,0,4,1,1,1,43,7,4400,2,1,-1,1,-1
201520T043495,1,9,0,18,9,0,1,10,1,5,1,1,6,1,21,5,2993,2,1,-1,1,-1
201520T043535,1,9,0,14,0,0,0,0,0,0,1,1,6,1,37,7,1910,2,7,-1,1,-1
201520T043545,1,3,0,18,0,8,0,0,0,0,1,1,6,1,57,9,124,1,1,-1,1,-1
201520T043545,2,9,0,9,0,5,0,0,0,0,3,1,6,1,55,8,1995,1,13,-1,1,-1
201520T043575,1,9,0,1,0,0,0,0,0,0,3,1,6,1,-1,-1,2148,2,11,-1,-1,-1
201520T043675,1,9,0,14,0,0,0,0,0,0,1,1,6,1,23,5,1968,2,1,-1,1,-1
201520T043735,1,9,0,7,0,2,0,0,0,0,1,1,6,3,-1,-1,1896,2,9,-1,-1,-1
201520T043735,2,9,0,3,0,1,0,0,0,0,3,1,6,1,28,6,1596,1,14,-1,1,-1
201520T043745,1,19,0,18,0,0,2,0,0,0,3,1,6,1,23,5,1298,1,10,-1,1,-1
201520T043755,1,9,0,17,0,8,0,0,0,0,1,1,6,1,22,5,1995,2,6,-1,1,-1
201520T043755,2,9,0,17,0,8,0,0,0,0,2,1,6,1,23,5,-1,-1,-1,-1,1,-1
201520T043775,1,9,0,18,0,1,0,0,0,0,1,1,6,3,-1,-1,1900,2,16,-1,-1,-1
201520T043775,2,9,0,8,0,1,0,0,0,0,2,1,6,1,50,8,1240,1,9,-1,1,-1
201520T043845,1,9,0,2,0,0,0,0,0,0,3,1,6,1,39,7,1896,2,9,-1,1,-1
201520T043845,2,11,0,18,0,0,0,4,0,0,1,1,6,3,-1,-1,-1,-1,-1,-1,-1,-1
201520T043935,1,9,0,2,0,0,0,0,0,0,4,1,6,2,-1,-1,1598,1,10,-1,1,-1
201520T043935,2,21,1,18,0,0,0,8,0,0,1,1,6,3,-1,-1,-1,-1,-1,-1,-1,-1
201520T044135,1,9,0,9,0,5,0,0,0,0,1,1,6,1,-1,-1,1995,2,12,-1,-1,-1
201520T044145,1,9,0,18,0,1,0,0,0,0,1,1,6,2,27,6,1198,1,2,-1,1,-1
201520T044415,1,9,0,18,0,4,0,0,0,0,1,1,6,3,-1,-1,1360,1,12,-1,-1,-1
201520T044415,2,9,0,18,0,3,0,0,1,4,4,1,1,1,51,8,1994,2,7,-1,1,-1
201520T044475,1,9,0,18,0,0,0,0,0,0,1,1,1,1,36,7,2231,2,9,-1,1,-1
201520T044495,1,9,0,6,0,0,0,0,0,0,4,1,6,1,30,6,1596,1,8,-1,1,-1
201520T044495,2,9,0,18,0,0,0,0,0,0,1,1,6,1,61,9,1799,1,9,-1,1,-1
201520T044525,1,9,0,6,0,8,0,0,0,0,1,1,6,1,27,6,1995,2,8,-1,1,-1
201520T044525,2,9,0,18,0,8,0,0,0,0,3,1,1,1,32,6,1995,2,8,-1,1,-1
201520T044535,1,9,0,3,0,0,0,0,0,0,2,1,6,1,33,6,1598,1,3,-1,1,-1
201520T044535,2,9,0,18,0,0,0,0,0,0,1,1,6,1,-1,-1,1299,1,11,-1,1,-1
201520T044545,1,9,0,18,0,1,0,0,0,0,1,1,6,1,25,5,1686,2,13,-1,1,-1
201520T044545,2,9,0,9,0,2,0,0,0,0,1,1,6,1,21,5,1995,2,5,-1,1,-1
201520T044555,1,9,0,9,0,2,0,0,0,0,4,1,6,1,47,8,1598,1,7,-1,1,-1
201520T044665,1,9,0,18,0,0,0,0,0,0,1,1,6,2,-1,-1,1197,1,1,-1,1,-1
201520T044665,2,9,0,3,0,0,0,0,0,0,2,1,6,1,52,8,1798,1,11,-1,1,-1
201520T044675,1,8,0,5,0,8,0,0,0,0,1,1,1,1,48,8,1598,2,4,-1,1,-1
201520T044675,2,9,0,9,0,5,0,0,0,0,1,1,1,2,-1,-1,998,1,12,-1,1,-1
201520T044685,1,9,0,15,0,8,0,0,0,0,1,1,6,1,27,6,1390,1,15,-1,1,-1
201520T044685,2,9,0,9,0,5,0,0,0,0,4,1,6,1,24,5,998,1,14,-1,1,-1
201520T044695,1,9,0,18,0,1,0,4,0,0,1,1,6,1,33,6,1598,2,1,-1,1,-1
201520T044695,2,19,0,2,0,1,0,0,0,0,2,1,1,1,-1,-1,1997,2,1,-1,-1,-1
201520T044745,1,19,0,5,0,0,0,0,0,0,2,1,6,1,-1,-1,-1,-1,-1,-1,-1,-1
201520T044745,2,9,0,18,0,0,0,0,0,0,1,1,6,2,42,7,1598,1,15,-1,1,-1
201520T044765,1,9,0,5,0,6,0,0,0,0,3,1,6,1,19,4,1360,1,11,-1,1,-1
201520T044765,2,9,0,18,0,8,0,10,0,0,1,1,6,2,34,6,1390,1,11,-1,1,-1
201520T044935,1,9,0,7,2,8,5,0,0,0,3,1,6,2,33,6,1988,1,14,-1,1,-1
201520T044935,2,19,0,18,0,8,0,0,0,0,4,1,1,1,28,6,2300,2,11,-1,1,-1
201520T044985,1,9,0,9,0,5,0,0,0,0,1,1,2,2,34,6,1461,2,10,-1,1,-1
201520T044985,2,1,0,18,0,8,0,0,0,0,1,1,2,1,46,8,-1,-1,-1,-1,1,-1
201520T044995,1,9,0,18,0,8,0,10,1,4,1,1,6,2,45,7,1591,1,3,-1,1,-1
201520T044995,2,9,0,9,0,8,0,0,0,0,4,1,6,1,40,7,1896,2,12,-1,1,-1
201520T045005,1,9,0,18,0,0,0,0,0,0,2,1,6,3,-1,-1,-1,-1,-1,-1,-1,-1
201520T045005,2,9,0,18,0,0,0,0,0,0,1,1,6,1,22,5,995,1,9,-1,1,-1
201520T045005,3,9,0,18,0,0,0,0,0,0,2,1,2,1,35,6,1388,1,7,-1,1,-1
201520T045005,4,9,0,18,0,0,0,0,0,0,1,1,6,2,27,6,1364,1,9,-1,1,-1
201520T045025,1,9,0,5,0,0,0,4,0,0,1,1,6,2,-1,-1,1398,1,3,-1,-1,-1
201520T045025,2,9,0,2,0,0,0,0,0,0,2,1,6,1,40,7,2360,1,14,-1,1,-1
201520T045035,1,9,0,4,0,0,0,0,0,0,1,1,6,2,37,7,1598,1,7,-1,1,-1
201520T045105,1,9,0,14,0,0,0,0,0,0,1,1,6,1,81,11,1900,2,8,-1,1,-1
201520T045165,1,9,0,18,0,3,0,0,0,0,3,1,6,1,35,6,1896,2,14,-1,-1,-1
201520T045175,1,9,0,14,0,0,0,0,0,0,3,1,6,2,-1,-1,-1,-1,-1,-1,-1,-1
201520T045355,1,9,0,18,0,1,0,0,0,0,1,1,6,3,-1,-1,1396,1,18,-1,-1,-1
201520T045375,1,3,0,18,0,1,2,0,0,0,1,1,6,1,16,4,124,1,5,-1,1,-1
201520T045375,2,11,0,18,0,2,0,0,0,0,1,1,1,1,43,7,9000,2,8,-1,1,-1
201520T045385,1,9,0,9,0,6,0,0,0,0,1,1,6,1,-1,-1,-1,-1,-1,-1,-1,-1
201520T045385,2,9,0,18,0,8,0,0,0,0,1,1,6,2,58,9,1299,1,12,-1,1,-1
201520T045395,1,9,0,9,0,8,0,0,0,0,1,1,1,2,34,6,1598,2,1,-1,1,-1
201520T045395,2,5,0,7,0,1,0,0,0,0,1,1,6,1,21,5,600,1,14,-1,1,-1
201520T045415,1,9,0,13,0,8,1,4,7,0,1,1,6,1,40,7,1984,1,7,-1,1,-1
201520T045415,2,9,0,9,0,5,0,0,0,0,1,1,6,2,35,6,1299,1,12,-1,1,-1
201520T045415,3,9,0,2,0,2,0,0,0,0,4,1,6,1,-1,-1,1598,1,-1,-1,-1,-1
201520T045425,1,9,0,18,0,8,0,0,0,0,1,1,6,2,22,5,1598,2,1,-1,1,-1
201520T045425,2,1,0,18,0,8,0,0,0,0,3,1,6,1,18,4,-1,-1,-1,-1,1,-1
201520T045595,1,9,0,9,0,6,0,0,0,0,1,1,1,1,40,7,1896,2,10,-1,1,-1
201520T045595,2,9,0,18,0,8,1,0,0,0,3,1,1,1,31,6,1995,2,8,-1,1,-1
201520T045605,1,3,0,18,0,4,0,0,0,0,1,1,2,1,18,4,124,1,1,-1,1,-1
201520T045605,2,1,0,9,0,4,0,0,0,0,3,1,2,1,61,9,-1,-1,-1,-1,-1,-1
201520T045815,1,9,0,18,0,8,0,0,0,0,1,1,2,1,29,6,1362,1,1,-1,1,-1
201520T045815,2,9,0,18,0,8,0,0,0,0,2,1,1,1,35,6,1896,2,7,-1,1,-1
201520T045835,1,9,0,18,0,8,0,0,0,0,1,1,6,3,-1,-1,-1,-1,-1,-1,-1,-1
201520T045835,2,9,0,9,0,8,0,0,0,0,4,1,6,2,44,7,2184,2,10,-1,1,-1
201520T045985,1,9,0,3,0,0,0,0,0,0,1,1,6,2,-1,-1,-1,-1,-1,-1,-1,-1
201520T046005,1,9,0,3,0,1,0,0,0,0,1,1,1,1,31,6,1956,2,3,-1,1,-1
201520T046005,2,9,0,7,0,6,0,0,0,0,1,1,6,1,16,4,998,1,16,-1,1,-1
201520T046045,1,9,0,18,0,8,0,0,0,0,1,1,2,1,22,5,1386,1,10,-1,1,-1
201520T046045,2,11,0,6,0,8,0,0,0,0,3,1,1,1,29,6,4500,2,-1,-1,1,-1
201520T046105,1,9,0,18,0,0,0,0,0,0,1,1,6,2,-1,-1,1242,1,15,-1,-1,-1
201520T046105,2,9,0,3,0,0,0,0,0,0,2,1,6,1,28,6,2204,2,9,-1,1,-1
201520T046135,1,9,0,5,0,1,0,0,0,0,1,1,2,2,42,7,1968,2,2,-1,1,-1
201520T046135,2,9,0,5,0,1,0,0,0,0,1,1,2,2,24,5,1229,1,8,-1,1,-1
201520T046225,1,9,0,18,0,0,1,0,0,0,1,1,2,1,22,5,1995,2,8,-1,1,-1
201520T046225,2,9,0,3,0,0,0,0,0,0,2,1,2,2,34,6,973,1,12,-1,1,-1
201520T046455,1,9,0,18,0,0,0,4,7,4,1,1,6,1,18,4,2494,1,17,-1,1,-1
201520T046455,2,9,0,18,0,0,0,0,0,0,0,1,1,1,-1,-1,-1,-1,-1,-1,-1,-1
201520T046455,3,9,0,2,0,0,0,0,0,0,3,1,6,2,-1,-1,1200,1,12,-1,-1,-1
201520T046455,4,9,0,2,0,0,0,0,0,0,3,1,6,1,-1,-1,1968,2,1,-1,-1,-1
201520T046515,1,9,0,9,0,5,0,0,0,0,2,1,6,2,20,4,1229,1,1,-1,1,-1
201520T046515,2,9,0,13,0,8,0,0,0,0,1,1,6,1,-1,-1,1388,1,14,-1,-1,-1
201520T046585,1,9,0,18,0,1,0,0,0,0,1,1,6,3,-1,-1,998,1,13,-1,-1,-1
201520T046585,2,9,0,3,0,1,0,0,0,0,2,1,6,1,45,7,1364,1,5,-1,1,-1
201520T046585,3,9,0,7,0,6,0,0,0,0,3,1,6,1,-1,-1,1896,2,10,-1,-1,-1
201520T046705,1,9,0,18,0,0,0,4,0,0,1,1,6,2,24,5,1497,8,-1,-1,1,-1
201520T046705,2,9,0,2,0,0,0,0,0,0,2,1,6,2,58,9,1200,1,2,-1,1,-1
201520T046715,1,9,0,11,0,0,1,0,0,0,1,1,6,1,82,11,1242,1,2,-1,-1,-1
201520T046715,2,9,0,14,0,0,0,4,0,0,3,1,6,2,29,6,1990,1,11,-1,-1,-1
201520T046715,3,9,0,2,9,0,0,0,0,0,3,1,6,1,-1,-1,2148,2,8,-1,1,-1
201520T046715,4,9,0,2,9,0,0,0,0,0,3,1,6,1,-1,-1,-1,-1,-1,-1,1,-1
201520T046735,1,9,0,14,0,0,0,0,0,0,1,1,6,1,26,6,1796,1,12,-1,1,-1
201520T046995,1,9,0,18,0,4,0,0,0,0,1,1,6,1,30,6,1997,2,12,-1,1,-1
201520T046995,2,9,0,18,0,3,0,0,0,0,4,1,6,1,38,7,1360,1,9,-1,1,-1
201520T047015,1,9,0,18,0,8,0,0,0,0,1,1,6,1,47,8,1299,1,10,-1,1,-1
201520T047015,2,1,0,18,0,8,0,0,0,0,1,1,6,1,16,4,-1,-1,-1,-1,1,-1
201520T047095,1,19,0,18,0,4,0,0,0,0,1,1,6,1,58,9,1995,2,5,-1,1,-1
201520T047095,2,9,0,3,0,4,0,0,0,0,2,1,6,1,56,9,1299,1,13,-1,1,-1
201520T047125,1,9,0,18,0,1,0,0,0,0,1,1,6,1,59,9,1973,1,15,-1,1,-1
201520T047135,1,9,0,18,0,1,0,4,0,0,1,1,6,1,-1,-1,1995,2,5,-1,-1,-1
201520T047135,2,9,0,4,0,1,0,0,0,0,2,1,6,1,-1,-1,1229,1,10,-1,-1,-1
201520T047135,3,9,0,2,0,1,0,0,0,0,4,1,6,3,-1,-1,1999,1,11,-1,-1,-1
201520T047145,1,9,0,9,0,6,0,0,0,0,1,1,6,2,28,6,-1,-1,-1,-1,1,-1
201520T047145,2,9,0,18,0,8,0,0,0,0,4,1,6,2,33,6,-1,3,1,-1,1,-1
201520T047155,1,9,0,3,0,8,0,0,0,0,1,1,2,2,43,7,1586,1,8,-1,1,-1
201520T047155,2,9,0,1,0,5,0,0,0,0,2,1,6,3,-1,-1,1390,1,13,-1,-1,-1
201520T047415,1,9,0,18,0,0,0,0,0,0,4,1,6,1,22,5,1896,2,14,-1,1,-1
201520T047415,2,9,0,12,0,0,0,0,0,0,3,1,6,1,-1,-1,-1,-1,-1,-1,-1,-1
201520T047425,1,9,0,1,0,0,0,4,0,0,2,1,6,1,-1,-1,1390,1,15,-1,-1,-1
201520T047425,2,19,0,2,0,0,0,0,0,0,0,1,6,3,-1,-1,1868,2,9,-1,-1,-1
201520T047425,3,9,0,2,0,0,0,0,0,0,3,1,6,1,47,8,1998,2,11,-1,1,-1
201520T047725,1,9,0,18,0,2,0,0,0,0,1,1,6,2,27,6,1395,1,2,-1,1,-1
201520T047725,2,1,0,18,0,2,5,0,0,0,1,1,6,1,23,5,-1,-1,-1,-1,1,-1
201520T047755,1,9,0,18,0,0,0,0,0,0,0,1,6,3,-1,-1,-1,-1,-1,-1,-1,-1
201520T047755,2,9,0,18,0,0,0,10,1,10,1,1,6,2,22,5,1229,1,8,-1,1,-1
201520T047765,1,9,0,18,0,2,0,0,0,0,4,1,1,2,34,6,1685,2,-1,-1,1,-1