Accident_Index,Vehicle_Reference,Vehicle_Type,Towing_and_Articulation,Vehicle_Manoeuvre,Vehicle_Location-Restricted_Lane,Junction_Location,Skidding_and_Overturning,Hit_Object_in_Carriageway,Vehicle_Leaving_Carriageway,Hit_Object_off_Carriageway,1st_Point_of_Impact,Was_Vehicle_Left_Hand_Drive?,Journey_Purpose_of_Driver,Sex_of_Driver,Age_of_Driver,Age_Band_of_Driver,Engine_Capacity_(CC),Propulsion_Code,Age_of_Vehicle,Driver_IMD_Decile,Driver_Home_Area_Type,Vehicle_IMD_Decile
201520T047765,2,1,0,18,0,2,0,0,0,0,1,1,1,1,30,6,-1,-1,-1,-1,1,-1
201520T047785,1,9,0,18,0,6,0,0,0,0,1,1,6,1,-1,-1,1968,2,7,-1,-1,-1
201520T047785,2,9,0,18,0,8,0,0,0,0,4,1,2,1,27,6,-1,-1,-1,-1,1,-1
201520T047855,1,9,0,18,0,2,0,0,0,0,1,1,6,2,23,5,1995,2,10,-1,1,-1
201520T047875,1,9,0,18,0,8,0,0,0,0,1,1,6,2,21,5,1598,1,2,-1,1,-1
201520T047875,2,9,0,18,0,8,0,0,0,0,2,1,6,1,35,6,1363,2,10,-1,1,-1
201520T047875,3,9,0,18,0,1,0,0,0,0,0,1,1,1,-1,-1,2993,2,2,-1,-1,-1
201520T047965,1,9,0,18,0,1,0,0,0,0,1,1,6,2,-1,-1,-1,-1,-1,-1,1,-1
201520T047965,2,9,0,3,0,1,0,0,0,0,2,1,6,1,28,6,1796,1,7,-1,1,-1
201520T047975,1,9,0,1,0,6,0,0,0,0,2,1,6,1,27,6,1596,1,13,-1,1,-1
201520T047975,2,9,0,3,0,1,0,0,0,0,1,1,6,1,34,6,1560,2,8,-1,1,-1
201520T047985,1,9,0,7,0,8,0,0,0,0,1,1,6,1,-1,-1,1995,2,10,-1,-1,-1
201520T047985,2,1,0,18,0,8,0,0,0,0,4,1,6,1,46,8,-1,-1,-1,-1,1,-1
201520T047995,1,9,0,7,0,3,0,0,0,0,1,1,6,1,-1,-1,2987,2,4,-1,-1,-1
201520T047995,2,9,0,3,0,3,0,0,0,0,2,1,6,2,45,7,1348,1,14,-1,1,-1
201520T048015,1,9,0,18,0,8,0,0,0,0,3,1,6,1,25,5,1461,2,1,-1,1,-1
201520T048015,2,9,0,18,0,8,0,0,0,0,1,1,6,1,30,6,1995,2,6,-1,1,-1
201520T048025,1,9,0,18,0,0,0,0,0,0,1,1,6,1,-1,-1,998,1,15,-1,-1,-1
201520T048025,2,9,0,3,0,0,0,0,0,0,2,1,6,1,37,7,1339,1,13,-1,1,-1
201520T048045,1,9,0,4,0,2,0,0,0,0,1,1,6,2,30,6,1248,2,10,-1,-1,-1
201520T048045,2,9,0,3,0,2,0,0,0,0,2,1,1,1,26,6,-1,-1,-1,-1,1,-1
201520T048055,1,9,0,18,0,8,0,0,0,0,1,1,6,1,30,6,1149,1,10,-1,-1,-1
201520T048055,2,9,0,18,0,8,0,0,0,0,3,1,6,1,45,7,2143,2,1,-1,1,-1
201520T048065,1,9,0,18,0,1,0,0,0,0,3,1,6,2,46,8,1588,1,17,-1,1,-1
201520T048065,2,1,0,18,0,1,0,0,0,0,1,1,6,2,16,4,-1,-1,-1,-1,1,-1
201520T048275,1,9,0,14,0,0,0,0,0,0,4,1,6,2,51,8,1248,1,6,-1,1,-1
201520T048325,1,9,0,18,0,1,0,4,0,0,1,1,6,1,20,4,1995,1,11,-1,-1,-1
201520T048325,2,9,0,2,0,1,0,0,0,0,3,1,6,1,34,6,2204,2,10,-1,1,-1
201520T048335,1,9,0,18,0,1,1,0,0,0,1,1,6,1,-1,-1,-1,-1,-1,-1,-1,-1
201520T048335,2,9,0,3,0,1,0,0,0,0,2,1,6,1,36,7,998,1,1,-1,1,-1
201520T048345,1,9,0,18,0,0,0,0,0,0,4,1,6,2,-1,-1,1896,2,7,-1,-1,-1
201520T048585,1,9,0,18,0,2,0,0,0,0,0,1,1,1,-1,-1,-1,-1,-1,-1,1,-1
201520T048585,2,9,0,13,0,3,0,0,0,0,1,1,6,1,25,5,-1,-1,-1,-1,1,-1
201520T048585,3,9,0,18,0,3,0,0,0,0,2,1,2,2,38,7,1595,1,7,-1,1,-1
201520T048625,1,9,0,18,0,0,0,0,0,0,1,1,6,1,-1,-1,1598,1,10,-1,-1,-1
201520T048625,2,9,0,4,0,0,0,0,0,0,2,1,6,2,-1,-1,1364,1,6,-1,1,-1
201520T048625,3,9,0,3,0,0,0,0,0,0,2,1,6,2,-1,-1,1900,2,11,-1,-1,-1
201520T048635,1,3,0,9,0,5,1,0,0,0,1,1,1,1,24,5,125,1,16,-1,1,-1
201520T048635,2,8,0,17,0,8,0,0,0,0,1,1,1,1,47,8,-1,-1,-1,-1,1,-1
201520T048645,1,9,0,7,9,5,0,0,0,0,1,1,6,1,22,5,1398,1,11,-1,1,-1
201520T048645,2,1,0,18,9,8,0,0,0,0,1,1,6,1,12,3,-1,-1,-1,-1,1,-1
201520T048655,1,9,0,18,0,0,1,0,0,0,1,1,6,1,-1,-1,998,1,11,-1,-1,-1
201520T048655,2,9,0,3,0,0,0,0,0,0,2,1,1,1,29,6,1598,2,1,-1,1,-1
201520T048805,1,9,0,18,0,0,0,0,0,0,1,1,6,2,-1,-1,1596,1,12,-1,-1,-1
201520T048805,2,9,0,3,0,0,0,0,0,0,2,1,6,1,28,6,1968,2,9,-1,1,-1
201520T048805,3,9,0,3,0,0,0,0,0,0,2,1,6,2,-1,-1,1197,1,2,-1,-1,-1
201520T048905,1,8,0,5,0,0,0,0,0,0,0,1,6,1,-1,-1,1794,1,12,-1,-1,-1
201520T048955,1,9,0,7,0,8,0,0,0,0,1,1,6,3,-1,-1,-1,-1,-1,-1,-1,-1
201520T048955,2,9,0,5,0,8,0,0,0,0,3,1,1,1,48,8,1762,1,15,-1,1,-1
201520T049155,1,9,0,9,0,2,0,0,0,0,1,1,6,2,29,6,1794,1,10,-1,1,-1
201520T049155,2,9,0,18,0,1,0,0,0,0,1,1,6,1,28,6,1900,2,10,-1,1,-1
201520T049155,3,19,0,18,0,1,0,0,0,0,1,1,1,1,60,9,2148,2,8,-1,1,-1
201520T049165,1,1,0,18,0,1,0,0,0,0,1,1,6,1,14,3,-1,-1,-1,-1,1,-1
201520T049165,2,9,0,4,0,1,0,0,0,0,3,1,6,2,31,6,1364,1,6,-1,1,-1
201520T049185,1,9,0,18,0,0,0,0,0,0,4,1,6,1,41,7,1995,2,13,-1,1,-1
201520T049185,2,9,0,5,0,0,0,0,0,0,2,1,6,1,-1,-1,1299,1,13,-1,-1,-1
201520T049295,1,9,0,14,0,2,0,4,0,0,1,1,1,2,47,8,1197,1,-1,-1,1,-1
201520T049295,2,19,0,2,0,1,0,0,0,0,1,1,6,3,-1,-1,2499,2,17,-1,1,-1
201520T049305,1,9,0,18,0,0,1,0,0,0,1,1,2,2,41,7,1242,1,14,-1,1,-1
201520T049305,2,9,0,4,0,0,0,0,0,0,2,1,6,2,30,6,1461,2,3,-1,1,-1
201520T049315,1,9,0,18,0,8,0,0,0,0,1,1,6,1,37,7,1968,2,6,-1,1,-1
201520T049315,2,9,0,7,0,6,0,0,0,0,3,1,6,2,26,6,1360,1,8,-1,1,-1
201520T049325,1,9,0,7,0,2,0,7,7,1,1,1,1,1,23,5,1598,2,-1,-1,1,-1
201520T049335,1,9,0,16,0,0,0,0,0,0,1,1,6,1,21,5,1896,2,7,-1,1,-1
201520T049335,2,9,0,17,0,0,0,0,0,0,3,1,6,1,35,6,1299,1,13,-1,1,-1
201520T049335,3,9,0,17,0,0,0,0,0,0,1,1,6,1,25,5,1896,2,10,-1,2,-1
201520T049345,1,9,0,7,0,6,0,0,0,0,1,1,6,1,21,5,1781,1,12,-1,1,-1
201520T049345,2,9,0,18,0,1,1,0,0,0,3,1,6,1,43,7,2261,1,8,-1,1,-1
201520T049355,1,9,0,5,0,8,0,0,0,0,3,1,6,1,30,6,2967,2,5,-1,1,-1
201520T049355,2,9,0,18,0,8,0,0,0,0,1,1,6,2,38,7,1399,2,3,-1,1,-1
201520T049365,1,9,0,18,0,4,1,10,7,10,1,1,6,1,26,6,1299,1,11,-1,1,-1
201520T049365,2,9,0,18,0,4,0,0,0,0,1,1,6,3,-1,-1,1390,1,11,-1,-1,-1
201520T049385,1,9,0,18,0,4,0,0,0,0,1,1,6,1,28,6,998,1,15,-1,1,-1
201520T049385,2,9,0,18,0,4,0,10,7,0,3,1,6,1,19,4,-1,-1,-1,-1,1,-1
201520T049405,1,9,0,1,0,8,0,0,0,0,2,1,6,1,30,6,1396,1,15,-1,-1,-1
201520T049405,2,9,0,18,0,8,0,0,0,0,4,1,6,1,36,7,1339,1,9,-1,1,-1
201520T049455,1,9,0,4,0,0,0,0,0,0,1,1,6,3,-1,-1,973,1,12,-1,-1,-1
201520T049455,2,8,0,3,0,0,0,0,0,0,2,1,1,1,38,7,1896,2,10,-1,1,-1
201520T049465,1,9,0,1,0,2,0,0,0,0,2,1,6,2,-1,-1,1794,1,10,-1,-1,-1
201520T049475,1,9,0,18,0,4,0,0,0,0,1,1,6,1,25,5,1995,2,8,-1,1,-1
201520T049475,2,9,0,18,0,4,1,0,0,0,3,1,6,1,40,7,1896,2,13,-1,1,-1
201520T049495,1,9,0,5,0,4,0,0,0,0,1,1,2,2,43,7,1390,1,13,-1,1,-1
201520T049495,2,1,0,7,0,3,0,0,0,0,1,1,6,1,32,6,-1,-1,-1,-1,1,-1
201520T049505,1,9,0,18,0,0,0,0,0,0,1,1,6,2,27,6,1200,1,13,-1,1,-1
201520T049535,1,9,0,7,0,6,0,0,0,0,1,1,6,2,18,4,1242,1,10,-1,1,-1
201520T049535,2,9,0,18,0,1,0,0,0,0,1,1,6,2,54,8,1596,1,1,-1,1,-1
201520T049545,1,9,0,18,0,1,2,10,2,2,1,1,6,1,21,5,4511,1,12,-1,1,-1
201520T049555,1,9,0,18,0,4,0,0,0,0,1,1,2,1,28,6,2967,2,1,-1,1,-1
201520T049555,2,9,0,18,0,8,0,0,0,0,4,1,2,1,55,8,1956,2,4,-1,1,-1
201520T049565,1,9,0,9,0,6,0,0,0,0,3,1,6,1,23,5,1598,2,1,-1,1,-1
201520T049565,2,9,0,18,0,8,0,0,0,0,1,1,6,2,23,5,1240,1,12,-1,1,-1
201520T049575,1,9,0,14,0,0,0,0,0,0,1,1,6,1,28,6,998,1,14,-1,1,-1
201520T049575,2,9,0,18,0,0,0,0,0,0,1,1,6,1,22,5,-1,-1,-1,-1,1,-1
201520T049745,1,9,0,16,0,4,1,9,3,0,3,1,6,1,26,6,1399,2,3,-1,1,-1
201520T049745,2,9,0,16,0,4,0,0,0,0,0,1,1,1,-1,-1,2967,2,2,-1,1,-1
201520T049785,1,9,0,5,0,8,0,0,0,0,1,1,6,1,30,6,1997,2,12,-1,1,-1
201520T049785,2,9,0,18,0,8,0,0,0,0,3,1,6,2,39,7,1896,2,10,-1,1,-1
201520T049835,1,9,0,16,0,0,0,0,0,0,1,1,6,1,24,5,4395,1,3,-1,1,-1
201520T049885,1,9,0,18,0,1,1,0,0,0,1,1,6,1,25,5,1396,1,11,-1,-1,-1
201520T049885,2,9,0,3,0,1,0,0,0,0,2,1,6,2,40,7,1798,1,7,-1,1,-1
201520T049945,1,9,0,18,0,4,1,0,0,0,1,1,6,1,-1,-1,1560,2,1,-1,-1,-1
201520T049945,2,1,0,18,0,3,0,0,0,0,4,1,6,1,47,8,-1,-1,-1,-1,1,-1
201520T050435,1,9,0,18,0,0,0,0,0,0,1,1,6,1,-1,-1,-1,-1,-1,-1,-1,-1
201520T050435,2,9,0,3,0,0,0,0,0,0,2,1,6,2,32,6,1198,1,4,-1,1,-1
201520T050435,3,9,0,3,0,0,0,0,0,0,2,1,6,1,49,8,2993,2,7,-1,1,-1
201520T050715,1,9,0,18,0,8,0,0,0,0,1,1,6,2,42,7,2967,2,1,-1,1,-1
201520T050715,2,9,0,18,0,8,0,10,7,1,4,1,6,2,50,8,1390,1,12,-1,1,-1
201520T050725,1,9,0,9,0,8,0,0,0,0,4,1,6,1,30,6,1461,2,1,-1,1,-1
201520T050725,2,9,0,8,0,8,0,0,0,0,1,1,6,1,18,4,1198,1,13,-1,1,-1
201520T050755,1,9,0,1,0,0,0,0,0,0,2,1,6,1,72,10,1388,1,7,-1,1,-1
201520T050755,2,1,0,3,0,0,0,0,0,0,1,1,6,2,46,8,-1,-1,-1,-1,1,-1
201520T050765,1,9,0,15,2,0,0,0,0,0,3,1,6,3,-1,-1,1968,2,5,-1,1,-1
201520T050765,2,1,0,18,0,0,0,0,0,0,1,1,1,1,34,6,-1,-1,-1,-1,1,-1
201520T050785,1,9,0,18,0,1,0,0,0,0,1,1,6,1,-1,-1,1796,1,13,-1,-1,-1
201520T050785,2,9,0,3,0,1,0,0,0,0,2,1,1,1,49,8,1995,2,12,-1,1,-1
201520T050795,1,9,0,18,0,3,0,0,0,0,1,1,6,1,50,8,1896,2,12,-1,-1,-1
201520T050795,2,3,0,18,0,3,0,0,0,0,4,1,6,1,51,8,123,1,26,-1,-1,-1
201520T050875,1,9,0,18,0,4,0,0,0,0,3,1,6,1,81,11,973,1,14,-1,1,-1
201520T050875,2,1,0,9,0,4,5,0,0,0,4,1,6,1,-1,-1,-1,-1,-1,-1,1,-1
201520T050895,1,9,0,18,0,1,0,0,0,0,1,1,2,2,21,5,1598,1,1,-1,1,-1
201520T050895,2,9,0,3,0,1,0,0,0,0,2,1,6,1,24,5,1686,2,2,-1,1,-1
201520T050905,1,9,0,18,0,0,0,0,0,0,4,1,6,1,39,7,1560,2,1,-1,1,-1
201520T050905,2,19,0,18,0,0,0,0,0,0,3,1,1,1,51,8,2400,2,14,-1,1,-1
201520T050925,1,9,0,18,0,1,0,0,0,0,1,1,6,1,29,6,1995,2,9,-1,1,-1
201520T050925,2,1,0,5,0,1,0,0,0,0,4,1,6,1,29,6,-1,-1,-1,-1,1,-1
201520T050935,1,9,0,14,0,0,0,0,0,0,1,1,6,1,24,5,1108,1,13,-1,1,-1
201520T050955,1,9,0,9,0,5,0,0,0,0,1,1,6,2,42,7,1968,2,6,-1,1,-1
201520T050955,2,9,0,18,0,8,0,0,0,0,3,1,6,1,43,7,1910,2,5,-1,1,-1
201520T051105,1,9,0,15,0,0,0,0,0,0,4,1,6,1,46,8,2993,2,1,-1,1,-1
201520T051165,1,9,0,1,0,2,0,10,1,7,2,1,6,1,-1,-1,1560,2,5,-1,-1,-1
201520T051165,2,9,0,5,0,1,0,0,0,0,1,1,6,1,27,6,1796,1,7,-1,-1,-1
201520T051185,1,9,0,18,0,0,0,0,0,0,1,1,6,2,34,6,2685,2,11,-1,1,-1
201520T051195,1,9,0,18,0,1,0,0,0,0,3,1,6,1,58,9,1686,2,8,-1,1,-1
201520T051205,1,9,0,9,0,6,0,0,0,0,1,1,6,2,35,6,1796,1,10,-1,1,-1
201520T051215,1,9,0,18,0,1,0,0,0,0,1,1,6,3,-1,-1,1560,2,9,-1,-1,-1
201520T051215,2,9,0,9,0,1,0,0,4,0,2,1,1,1,28,6,2497,2,8,-1,1,-1
201520T051385,1,19,0,18,0,1,0,0,0,0,1,1,6,1,-1,-1,1905,2,17,-1,1,-1
201520T051385,2,9,0,4,0,1,0,0,0,0,2,1,6,1,23,5,1995,2,4,-1,1,-1
201520T051455,1,9,0,18,0,0,0,0,0,0,1,1,6,1,18,4,2926,2,15,-1,1,-1
201520T051455,2,9,0,3,0,0,0,0,0,0,2,1,6,1,59,9,1995,2,3,-1,1,-1
201520T051465,1,9,0,1,9,0,0,0,0,0,2,1,6,1,-1,-1,-1,-1,-1,-1,-1,-1
201520T051585,1,9,0,7,0,6,0,0,0,0,1,1,6,2,-1,-1,973,1,13,-1,-1,-1
201520T051585,2,9,0,18,0,8,0,0,0,0,4,1,6,2,41,7,1896,2,13,-1,1,-1
201520T051645,1,9,0,3,0,0,0,0,0,0,2,1,6,1,36,7,2354,1,11,-1,1,-1
201520T051645,2,9,0,18,0,0,0,0,0,0,1,1,6,1,-1,-1,-1,-1,-1,-1,-1,-1
201520T051725,1,9,0,18,0,4,0,0,0,0,1,1,6,3,-1,-1,2793,1,18,-1,-1,-1
201520T051725,2,9,0,18,0,4,5,10,1,2,4,1,1,1,46,8,-1,-1,-1,-1,1,-1
201520T051745,1,9,0,1,9,6,0,0,0,0,2,1,6,1,-1,-1,-1,-1,-1,-1,-1,-1
201520T052065,1,9,0,1,9,8,0,0,0,0,4,1,6,1,33,6,1242,1,9,-1,1,-1
201520T052065,2,1,0,18,9,8,0,0,0,0,2,1,6,1,14,3,-1,-1,-1,-1,1,-1
201520T052075,1,8,0,5,0,1,0,0,0,0,1,1,1,1,-1,-1,1986,2,5,-1,1,-1
201520T052075,2,9,0,18,0,1,0,0,0,0,2,1,6,1,-1,-1,-1,-1,-1,-1,-1,-1
201520T052285,1,9,0,9,6,6,0,0,0,0,1,1,6,2,-1,-1,-1,-1,-1,-1,-1,-1
201520T052295,1,9,0,3,0,8,0,0,0,0,2,1,6,1,23,5,3199,1,10,-1,1,-1
201520T052295,2,9,0,11,0,8,0,0,0,0,1,1,6,1,-1,-1,1798,1,4,-1,-1,-1
201520T052305,1,9,0,18,0,2,0,0,0,0,1,1,6,1,51,8,1242,1,-1,-1,1,-1
201520T052315,1,9,0,9,0,6,0,0,0,0,1,1,6,2,43,7,1598,1,12,-1,1,-1
201520T052315,2,5,0,18,0,8,5,0,0,0,4,1,6,1,24,5,-1,-1,-1,-1,1,-1
201520T052325,1,9,0,18,0,8,1,0,0,0,1,1,2,1,21,5,2993,2,5,-1,2,-1
201520T052325,2,9,0,9,0,6,1,10,7,0,3,1,6,2,75,10,1499,1,10,-1,1,-1
201520T052365,1,9,0,18,0,0,0,0,0,0,3,1,6,1,21,5,1360,1,8,-1,1,-1
201520T052375,1,9,0,18,0,0,0,0,0,0,1,1,6,1,-1,-1,-1,-1,-1,-1,-1,-1
201520T052375,2,9,0,4,0,0,0,0,0,0,2,1,1,1,29,6,1149,1,12,-1,1,-1
201520T052385,1,9,0,18,0,8,0,0,0,0,3,1,6,2,-1,-1,1392,1,16,-1,-1,-1
201520T052385,2,9,0,18,0,8,0,0,0,0,1,1,1,2,44,7,1896,2,9,-1,1,-1
201520T052395,1,9,0,18,0,1,0,0,0,0,1,1,6,1,-1,-1,973,1,14,-1,-1,-1
201520T052395,2,9,0,10,0,1,0,0,0,0,2,1,6,1,21,5,1242,1,7,-1,1,-1
201520T052405,1,19,0,9,0,8,0,0,0,0,1,1,1,1,28,6,1248,2,1,-1,-1,-1
201520T052405,2,1,0,18,0,8,0,0,0,0,4,1,6,1,21,5,-1,-1,-1,-1,1,-1
201520T052465,1,9,0,9,0,5,0,0,0,0,1,1,6,1,17,4,-1,-1,-1,-1,1,-1
201520T052465,2,9,0,18,0,8,0,0,0,0,4,1,6,1,54,8,1497,1,10,-1,1,-1
201520T052465,3,9,0,9,0,1,0,0,0,0,0,1,1,1,-1,-1,2993,2,2,-1,-1,-1
201520T052715,1,9,0,18,0,0,1,4,0,0,1,1,6,1,50,8,2967,1,7,-1,1,-1
201520T052715,2,9,0,18,0,0,1,10,1,0,1,1,6,1,38,7,1598,2,1,-1,1,-1
201520T052715,3,9,0,2,0,0,0,0,0,0,3,1,6,1,-1,-1,1198,1,12,-1,1,-1
201520T052725,1,9,0,9,0,8,0,0,0,0,4,1,1,1,23,5,1968,2,1,-1,1,-1
201520T052725,2,5,0,18,0,8,0,0,0,0,1,1,1,1,27,6,1202,1,-1,-1,1,-1
201520T052745,1,9,0,4,0,1,0,0,0,0,1,1,6,3,-1,-1,1598,1,10,-1,-1,-1
201520T052745,2,9,0,18,0,1,0,0,0,0,2,1,2,2,24,5,1242,1,-1,-1,1,-1
201520T052755,1,9,0,18,0,0,0,0,0,0,0,1,6,3,-1,-1,-1,-1,-1,-1,-1,-1
201520T052755,2,1,0,18,9,0,0,0,0,0,0,1,6,1,11,3,-1,-1,-1,-1,1,-1
201520T052855,1,9,0,18,0,0,0,0,0,0,4,1,6,1,-1,-1,-1,-1,-1,-1,-1,-1
201520T052865,1,9,0,18,0,2,0,0,0,0,1,1,6,3,-1,-1,-1,-1,-1,-1,-1,-1
201520T052945,1,9,0,12,0,0,0,0,0,0,0,1,6,3,-1,-1,-1,-1,-1,-1,-1,-1
201520T052945,2,11,0,2,0,0,0,0,0,0,0,1,1,1,-1,-1,7300,2,11,-1,-1,-1
201520T052945,3,5,0,18,0,0,2,0,0,0,0,1,6,1,49,8,1157,1,17,-1,1,-1
201520T052985,1,9,0,4,0,1,0,0,0,0,1,1,6,1,80,11,1896,2,10,-1,1,-1
201520T053005,1,9,0,14,0,0,0,0,0,0,1,1,6,1,55,8,1870,2,10,-1,1,-1
201520T053005,2,90,0,2,0,0,0,0,0,0,0,1,1,1,-1,-1,7146,2,2,-1,-1,-1
201520T053015,1,9,0,9,0,6,0,0,0,0,3,1,6,2,23,5,-1,-1,-1,-1,1,-1
201520T053015,2,3,0,18,0,8,0,0,0,0,1,1,6,1,18,4,125,1,1,-1,1,-1
201520T053095,1,9,0,18,0,0,0,0,0,0,1,1,6,2,23,5,1198,1,4,-1,1,-1
201520T053095,2,9,0,18,0,0,0,0,0,0,2,1,6,2,21,5,1461,2,-1,-1,1,-1
201520T053355,1,9,0,1,0,0,0,0,0,0,2,1,6,2,-1,-1,1364,1,10,-1,-1,-1
201520T053355,2,9,0,3,0,0,0,0,0,0,3,1,6,2,29,6,1399,2,11,-1,1,-1
201520T053375,1,9,0,1,0,2,0,0,0,0,2,1,6,1,-1,-1,1995,2,10,-1,-1,-1
201520T053755,1,9,0,5,0,8,0,0,0,0,1,1,6,1,46,8,1242,1,11,-1,1,-1
201520T053755,2,9,0,18,0,8,0,0,0,0,4,1,6,1,-1,-1,1968,2,5,-1,-1,-1
201520T053775,1,9,0,9,0,5,1,11,0,0,1,1,6,1,19,4,998,1,16,-1,1,-1
201520T053775,2,9,0,9,0,5,0,0,0,0,1,1,6,1,39,7,2993,2,1,-1,-1,-1
201520T053795,1,9,0,14,0,0,0,0,0,0,1,1,6,1,-1,-1,1598,1,20,-1,1,-1
201520T053845,1,9,0,7,0,6,1,0,0,0,1,1,6,1,-1,-1,1896,2,12,-1,-1,-1
201520T053845,2,9,0,3,0,1,0,0,0,0,1,1,6,1,43,7,1968,2,7,-1,1,-1
201520T053855,1,9,0,4,0,1,0,0,0,0,1,1,6,1,20,4,1229,1,6,-1,1,-1
201520T053855,2,9,0,3,0,1,0,0,0,0,2,1,2,2,41,7,2231,2,8,-1,1,-1
201520T053865,1,9,0,9,0,6,0,0,0,0,1,1,6,1,32,6,4163,1,-1,-1,1,-1
201520T053865,2,9,0,18,0,8,0,7,0,0,4,1,6,2,41,7,1296,1,8,-1,1,-1
201520T053875,1,9,0,14,0,0,0,0,0,0,1,1,6,3,-1,-1,-1,-1,-1,-1,-1,-1
201520T053875,2,9,0,2,0,0,0,0,0,0,0,1,6,2,-1,-1,1900,2,16,-1,1,-1
201520T053885,1,9,0,18,0,8,1,0,0,0,1,1,6,1,23,5,1360,1,13,-1,1,-1
201520T053885,2,3,0,18,0,8,0,0,0,0,1,1,1,1,31,6,125,1,-1,-1,1,-1
201520T053915,1,9,0,18,0,8,0,0,0,0,0,1,6,3,-1,-1,-1,-1,-1,-1,-1,-1
201520T053915,2,9,0,18,0,8,0,4,0,0,1,1,6,1,24,5,2148,2,14,-1,1,-1
201520T053915,3,9,0,2,0,2,0,0,0,0,2,1,6,2,-1,-1,1999,1,6,-1,-1,-1
201520T053935,1,19,0,4,0,0,0,0,0,0,1,1,1,1,28,6,-1,-1,-1,-1,1,-1
201520T053935,2,9,0,3,0,0,0,0,0,0,2,1,1,2,43,7,1598,1,6,-1,1,-1
201520T053965,1,9,0,3,0,1,0,0,0,0,2,1,6,2,34,6,2199,2,2,-1,1,-1
201520T053965,2,9,0,18,0,1,0,0,0,0,1,1,6,3,23,5,-1,-1,-1,-1,-1,-1
201520T054015,1,9,0,5,0,0,0,0,0,0,3,1,3,2,41,7,1396,1,17,-1,1,-1
201520T054015,2,9,0,18,0,0,0,0,0,0,1,1,3,2,40,7,1598,1,12,-1,1,-1
201520T054035,1,9,0,18,0,8,0,0,0,0,1,1,6,3,-1,-1,1398,1,1,-1,-1,-1
201520T054035,2,9,0,18,0,8,0,0,0,0,4,1,6,1,19,4,1149,1,12,-1,1,-1
201520T054045,1,9,0,6,0,2,0,0,0,0,4,1,6,1,22,5,1598,1,8,-1,1,-1
201520T054045,2,9,0,18,0,8,0,0,1,2,3,1,6,1,29,6,1896,2,11,-1,1,-1
201520T054055,1,9,0,18,0,8,0,0,0,0,1,1,6,2,22,5,1341,1,11,-1,1,-1
201520T054055,2,9,0,18,0,8,0,0,0,0,2,1,6,1,58,9,1360,1,11,-1,1,-1
201520T054205,1,9,0,10,0,1,0,0,0,0,2,1,6,2,58,9,1298,1,10,-1,1,-1
201520T054205,2,19,0,18,0,1,0,0,0,0,1,1,6,1,-1,-1,1753,2,10,-1,-1,-1
201520T054385,1,9,0,18,0,0,0,0,0,0,1,1,6,1,29,6,1198,1,7,-1,1,-1
201520T054405,1,9,0,4,0,1,0,0,0,0,3,1,3,2,42,7,1248,2,9,-1,1,-1
201520T054415,1,9,0,7,0,1,0,0,0,0,1,1,6,1,-1,-1,-1,-1,-1,-1,-1,-1
201520T054415,2,1,0,18,0,1,0,0,0,0,1,1,4,1,12,3,-1,-1,-1,-1,1,-1
201520T054445,1,9,0,18,0,1,0,0,0,0,1,1,6,2,22,5,-1,-1,-1,-1,-1,-1
201520T054445,2,9,0,8,0,1,0,0,0,0,2,1,2,1,26,6,1329,1,2,-1,1,-1
201520T054475,1,9,0,9,0,1,0,0,0,0,4,1,6,1,-1,-1,1995,2,4,-1,-1,-1
201520T054475,2,9,0,10,0,1,0,0,0,0,3,1,6,1,22,5,1598,2,3,-1,1,-1
201520T054505,1,9,0,18,0,2,1,0,0,0,4,1,2,1,28,6,1997,2,14,-1,1,-1
201520T054515,1,5,0,18,0,8,0,0,0,0,3,1,2,1,27,6,599,1,7,-1,1,-1
201520T054515,2,9,0,9,0,6,0,0,0,0,1,1,2,1,45,7,1896,2,19,-1,1,-1
201520T054545,1,9,0,9,0,8,0,0,0,0,0,1,6,1,-1,-1,1587,1,18,-1,-1,-1
201520T054545,2,9,0,18,0,8,0,0,0,0,2,1,1,1,33,6,2967,2,2,-1,1,-1
201520T054545,3,9,0,18,0,8,0,0,0,0,1,1,6,1,18,4,1197,1,1,-1,2,-1
201520T054875,1,9,0,1,0,6,0,0,0,0,2,1,6,3,-1,-1,-1,-1,-1,-1,-1,-1
201520T054875,2,1,0,18,0,8,0,0,0,0,4,1,6,1,45,7,-1,-1,-1,-1,1,-1
201520T054885,1,9,0,18,0,1,0,0,0,0,1,1,6,3,-1,-1,1598,2,1,-1,-1,-1
201520T054885,2,9,0,8,0,1,0,0,0,0,2,1,1,1,25,5,1796,1,8,-1,1,-1
201520T054895,1,9,0,18,0,0,0,0,0,0,1,1,6,1,26,6,1242,1,10,-1,1,-1
201520T054895,2,9,0,3,0,0,0,0,0,0,2,1,6,2,32,6,1587,1,11,-1,1,-1
201520T055115,1,9,0,18,0,1,0,0,0,0,1,1,6,1,28,6,1991,1,1,-1,1,-1
201520T055115,2,9,0,18,0,1,0,0,0,0,2,1,6,2,53,8,1598,1,11,-1,1,-1
201520T055205,1,9,0,1,9,6,0,0,0,0,2,1,6,1,-1,-1,-1,-1,-1,-1,-1,-1
201520T055305,1,9,0,7,0,6,0,4,0,0,1,1,6,3,-1,-1,-1,-1,-1,-1,-1,-1