Accident_Index,Vehicle_Reference,Vehicle_Type,Towing_and_Articulation,Vehicle_Manoeuvre,Vehicle_Location-Restricted_Lane,Junction_Location,Skidding_and_Overturning,Hit_Object_in_Carriageway,Vehicle_Leaving_Carriageway,Hit_Object_off_Carriageway,1st_Point_of_Impact,Was_Vehicle_Left_Hand_Drive?,Journey_Purpose_of_Driver,Sex_of_Driver,Age_of_Driver,Age_Band_of_Driver,Engine_Capacity_(CC),Propulsion_Code,Age_of_Vehicle,Driver_IMD_Decile,Driver_Home_Area_Type,Vehicle_IMD_Decile
201520T055305,2,9,0,2,0,2,0,0,0,0,2,1,6,1,45,7,2378,1,11,-1,1,-1
201520T055385,1,9,0,18,0,8,0,0,0,0,1,1,2,1,48,8,1497,1,14,-1,1,-1
201520T055385,2,9,0,9,0,6,0,0,0,0,3,1,6,1,-1,-1,1968,2,6,-1,-1,-1
201520T055395,1,9,0,18,0,0,1,7,6,4,4,1,6,1,28,6,1991,1,1,-1,-1,-1
201520T055475,1,9,0,7,0,6,0,0,0,0,3,1,6,1,-1,-1,1388,1,13,-1,2,-1
201520T055475,2,9,0,18,0,8,0,0,0,0,1,1,6,1,68,10,1229,1,2,-1,1,-1
201520T055485,1,9,0,9,0,8,0,0,0,0,3,1,2,1,40,7,1716,2,15,-1,1,-1
201520T055485,2,9,0,18,0,8,0,0,0,0,1,1,2,1,53,8,998,1,14,-1,1,-1
201520T055495,1,9,0,18,0,8,0,0,1,10,3,1,6,2,50,8,-1,-1,-1,-1,-1,-1
201520T055495,2,9,0,18,0,8,0,0,7,10,1,1,6,2,24,5,973,1,12,-1,1,-1
201520T055505,1,9,0,18,0,1,0,0,0,0,1,1,6,2,-1,-1,1229,1,5,-1,1,-1
201520T055505,2,9,0,9,0,5,0,0,0,0,2,1,6,2,36,7,1995,2,10,-1,1,-1
201520T055545,1,9,0,9,0,1,0,0,0,0,4,1,6,1,26,6,1149,1,12,-1,1,-1
201520T055545,2,9,0,9,0,1,0,0,0,0,3,1,6,1,-1,-1,1896,2,8,-1,-1,-1
201520T055995,1,9,0,4,9,1,0,10,7,0,4,1,3,1,41,7,1995,2,10,-1,1,-1
201520T056005,1,11,0,4,0,1,0,0,0,0,0,1,1,1,60,9,9000,2,5,-1,1,-1
201520T056015,1,8,0,5,0,0,0,0,0,0,0,1,1,1,56,9,1896,2,8,-1,1,-1
201520T056215,1,9,0,18,0,0,0,0,0,0,1,1,6,1,-1,-1,1999,1,8,-1,-1,-1
201520T056215,2,1,0,18,0,0,0,0,0,0,3,1,2,1,28,6,-1,-1,-1,-1,1,-1
201520T056265,1,9,0,18,0,0,0,0,0,0,1,1,6,3,-1,-1,-1,-1,-1,-1,-1,-1
201520T056275,1,19,0,11,0,1,0,0,0,0,4,1,1,3,-1,-1,2287,2,2,-1,-1,-1
201520T056275,2,9,0,18,0,1,0,0,0,0,3,1,6,1,22,5,1497,1,13,-1,1,-1
201520T056395,1,9,0,18,0,0,0,0,0,0,1,1,6,2,21,5,1364,1,11,-1,1,-1
201520T056455,1,9,0,4,0,1,0,0,0,0,4,1,6,1,72,10,2494,1,22,-1,1,-1
201520T056455,2,1,0,18,0,1,0,0,0,0,3,1,6,1,51,8,-1,-1,-1,-1,1,-1
201520T056465,1,9,0,18,0,0,5,0,0,0,1,1,6,1,24,5,1968,2,9,-1,1,-1
201520T056465,2,9,0,18,0,0,0,0,0,0,1,1,6,2,35,6,1998,1,12,-1,1,-1
201520T056465,3,9,0,18,0,0,0,0,0,0,1,1,6,3,-1,-1,1587,1,8,-1,-1,-1
201520T056475,1,9,0,9,0,5,5,10,7,0,1,1,6,2,45,7,3222,2,12,-1,1,-1
201520T056485,1,9,0,18,0,1,0,0,0,0,1,1,6,3,-1,-1,1796,1,12,-1,-1,-1
201520T056485,2,9,0,18,0,1,0,0,0,0,2,1,1,1,44,7,2360,7,12,-1,1,-1
201520T056495,1,9,0,6,2,0,0,0,0,0,4,1,6,1,31,6,1560,2,9,-1,1,-1
201520T056495,2,5,0,15,2,0,0,0,0,0,1,1,1,1,22,5,645,1,10,-1,1,-1
201520T056505,1,9,0,18,0,1,0,0,0,0,1,1,6,2,-1,-1,-1,-1,-1,-1,-1,-1
201520T056525,1,9,0,9,0,5,0,0,0,0,1,1,6,1,26,6,1339,1,12,-1,1,-1
201520T056525,2,9,0,18,0,8,0,0,0,0,1,1,6,1,26,6,1998,1,11,-1,1,-1
201520T056535,1,9,0,5,0,4,0,0,0,0,1,1,6,2,35,6,1796,1,5,-1,1,-1
201520T056535,2,1,0,18,0,3,0,0,0,0,4,1,1,1,22,5,-1,-1,-1,-1,1,-1
201520T056545,1,9,0,9,0,6,0,0,0,0,1,1,6,2,25,5,1590,1,14,-1,1,-1
201520T056545,2,9,0,17,0,8,0,0,0,0,4,1,6,1,52,8,1600,1,16,-1,1,-1
201520T056575,1,9,0,18,0,0,0,0,0,0,1,1,6,1,-1,-1,1668,1,14,-1,1,-1
201520T056575,2,9,0,3,0,0,0,0,0,0,2,1,6,2,44,7,1598,1,12,-1,1,-1
201520T056615,1,8,0,18,0,0,0,0,0,0,2,1,1,1,-1,-1,2148,2,10,-1,-1,-1
201520T056615,2,9,0,18,0,0,0,0,0,0,1,1,6,3,-1,-1,-1,-1,-1,-1,-1,-1
201520T056745,1,9,0,9,0,3,0,0,0,0,1,1,6,1,25,5,1598,1,1,-1,1,-1
201520T056905,1,9,0,18,9,0,1,10,7,4,4,1,6,1,26,6,-1,-1,-1,-1,1,-1
201520T056905,2,9,0,2,9,0,0,0,0,0,3,1,6,1,-1,-1,1590,1,14,-1,1,-1
201520T056915,1,9,0,9,0,6,0,0,0,0,1,1,6,1,54,8,1995,2,11,-1,1,-1
201520T056915,2,1,0,18,0,8,0,0,0,0,1,1,6,1,18,4,-1,-1,-1,-1,1,-1
201520T056925,1,19,0,9,0,8,0,0,0,0,3,1,1,1,40,7,2402,2,12,-1,1,-1
201520T056925,2,1,0,18,0,8,0,0,0,0,1,1,6,2,42,7,-1,-1,-1,-1,1,-1
201520T056935,1,9,0,18,0,8,0,0,0,0,0,1,6,1,39,7,1968,2,-1,-1,1,-1
201520T056955,1,9,0,18,0,1,0,0,0,0,1,1,6,1,23,5,998,1,17,-1,1,-1
201520T057005,1,9,0,11,0,0,0,0,0,0,4,1,6,1,-1,-1,1198,1,8,-1,-1,-1
201520T057005,2,9,0,18,0,0,0,0,0,0,3,1,6,1,37,7,2179,2,11,-1,1,-1
201520T057025,1,9,0,18,0,8,0,0,0,0,4,1,2,1,36,7,2967,1,9,-1,1,-1
201520T057025,2,9,0,7,0,8,0,0,0,0,1,1,6,3,-1,-1,-1,-1,-1,-1,-1,-1
201520T057065,1,21,1,18,0,3,5,10,1,2,4,1,1,1,31,6,12900,2,6,-1,1,-1
201520T057085,1,9,0,9,0,6,0,0,0,0,4,1,1,1,59,9,1998,2,6,-1,1,-1
201520T057095,1,11,0,18,0,2,0,0,0,0,1,1,1,1,23,5,7300,2,3,-1,1,-1
201520T057145,1,9,0,18,0,0,0,0,0,0,1,1,1,2,-1,-1,1796,1,10,-1,1,-1
201520T057165,1,11,0,5,0,0,0,0,0,0,3,1,1,1,-1,-1,8268,2,11,-1,-1,-1
201520T057165,2,9,0,18,0,0,0,0,0,0,3,1,6,1,24,5,1242,1,6,-1,1,-1
201520T057175,1,9,0,9,0,8,0,0,0,0,1,1,6,1,-1,-1,1390,1,9,-1,-1,-1
201520T057175,2,9,0,18,0,8,0,0,0,0,3,1,6,2,49,8,1968,2,9,-1,1,-1
201520T057205,1,9,0,7,0,6,0,10,1,10,1,1,6,3,-1,-1,1596,1,5,-1,-1,-1
201520T057205,2,8,0,18,0,2,0,0,0,0,1,1,1,1,37,7,1896,2,11,-1,1,-1
201520T057205,3,9,0,2,0,2,0,0,0,0,4,1,6,2,50,8,1598,2,3,-1,1,-1
201520T057215,1,9,0,18,0,3,0,0,0,0,4,1,3,2,27,6,1461,2,8,-1,1,-1
201520T057245,1,9,0,18,0,0,1,0,0,0,1,1,6,1,-1,-1,1598,2,5,-1,1,-1
201520T057245,2,9,0,18,0,0,1,0,0,0,4,1,6,1,31,6,1587,1,12,-1,1,-1
201520T057245,3,9,0,18,0,0,0,0,0,0,0,1,6,1,-1,-1,1400,1,10,-1,1,-1
201520T057255,1,9,0,7,0,2,0,0,0,0,3,1,6,3,-1,-1,1998,2,8,-1,-1,-1
201520T057265,1,9,0,7,0,6,0,0,0,0,3,1,6,1,-1,-1,2184,2,10,-1,-1,-1
201520T057265,2,9,0,18,0,8,0,0,0,0,4,1,6,2,41,7,1299,1,11,-1,1,-1
201520T057405,1,19,0,18,0,2,0,0,0,0,4,1,1,1,-1,-1,-1,-1,-1,-1,-1,-1
201520T057435,1,9,0,5,0,0,0,0,0,0,1,1,1,1,33,6,1796,1,7,-1,1,-1
201520T057665,1,9,0,7,0,8,0,0,0,0,1,1,6,2,29,6,1242,1,2,-1,1,-1
201520T057665,2,9,0,18,0,8,0,4,0,0,4,1,6,2,56,9,1497,1,11,-1,1,-1
201520T057665,3,9,0,2,0,2,0,0,0,0,1,1,6,3,-1,-1,1998,1,15,-1,-1,-1
201520T057725,1,9,0,16,0,1,1,0,8,7,2,1,6,2,19,4,1598,1,10,-1,1,-1
201520T057725,2,9,0,18,0,8,0,0,0,0,1,1,6,2,49,8,1242,1,3,-1,1,-1
201520T057725,3,19,0,18,0,1,0,0,0,0,1,1,1,1,43,7,2143,2,2,-1,1,-1
201520T057735,1,9,0,18,0,0,0,10,1,4,1,1,1,1,41,7,1198,1,2,-1,1,-1
201520T058195,1,8,0,12,0,0,0,0,0,0,3,1,6,1,-1,-1,1968,2,-1,-1,-1,-1
201520T058195,2,3,0,14,0,0,0,0,0,0,1,1,2,1,27,6,125,1,1,-1,1,-1
201520T058225,1,9,0,9,0,6,0,0,0,0,1,1,6,3,-1,-1,1796,1,13,-1,1,-1
201520T058225,2,9,0,18,0,8,0,0,0,0,4,1,6,1,43,7,1598,1,12,-1,1,-1
201520T058245,1,9,0,9,0,5,0,0,0,0,1,1,6,1,-1,-1,-1,-1,-1,-1,-1,-1
201520T058385,1,9,0,7,0,8,0,0,0,0,1,1,6,1,-1,-1,2198,1,14,-1,-1,-1
201520T058385,2,9,0,18,0,8,0,0,0,0,4,1,6,1,44,7,1299,1,11,-1,1,-1
201520T058395,1,8,0,9,0,8,0,0,0,0,1,1,1,1,35,6,1995,2,9,-1,1,-1
201520T058395,2,9,0,18,0,8,0,0,0,0,3,1,6,2,55,8,998,1,17,-1,1,-1
201520T058405,1,9,0,9,0,6,0,0,0,0,3,1,6,2,80,11,998,1,17,-1,1,-1
201520T058405,2,9,0,18,0,8,0,0,0,0,1,1,3,2,27,6,1896,2,8,-1,1,-1
201520T058435,1,9,0,18,0,0,0,0,0,0,4,1,6,2,30,6,998,1,7,-1,1,-1
201520T058435,2,9,0,5,0,0,0,0,0,0,1,1,6,3,40,7,-1,-1,-1,-1,-1,-1
201520T058625,1,9,0,18,0,0,0,0,0,0,1,1,6,1,27,6,1461,2,1,-1,1,-1
201520T058625,2,9,0,3,0,0,0,0,0,0,2,1,2,1,32,6,-1,-1,-1,-1,1,-1
201520T058625,3,9,0,3,0,0,0,0,0,0,2,1,6,2,36,7,1329,1,4,-1,1,-1
201520T058625,4,9,0,3,0,0,0,0,0,0,2,1,6,2,43,7,1598,1,10,-1,1,-1
201520T058685,1,9,0,18,0,4,0,0,0,0,1,1,6,1,51,8,2401,2,8,-1,1,-1
201520T058685,2,1,0,18,0,3,0,0,0,0,2,1,4,1,17,4,-1,-1,-1,-1,1,-1
201520T058705,1,9,0,18,0,0,0,0,0,0,1,1,6,1,46,8,1598,1,8,-1,1,-1
201520T058715,1,9,0,10,0,8,0,0,0,0,4,1,6,2,55,8,1587,1,14,-1,1,-1
201520T058715,2,5,0,18,0,8,0,0,0,0,1,1,6,1,70,10,1047,1,37,-1,1,-1
201520T058775,1,9,0,18,0,2,0,0,0,0,1,1,6,1,-1,-1,-1,-1,-1,-1,-1,-1
201520T058775,2,9,0,3,0,2,0,0,0,0,2,1,6,1,43,7,1986,2,8,-1,1,-1
201520T058795,1,9,0,13,0,0,0,0,0,0,4,1,6,1,-1,-1,-1,-1,-1,-1,-1,-1
201520T058795,2,1,0,16,0,0,0,0,0,0,2,1,6,1,10,2,-1,-1,-1,-1,-1,-1
201520T058815,1,9,0,18,0,8,1,0,0,0,4,1,6,2,25,5,1229,1,3,-1,1,-1
201520T058815,2,9,0,18,0,8,0,0,0,0,1,1,6,1,-1,-1,1149,1,14,-1,-1,-1
201520T058955,1,9,0,13,0,0,0,0,0,0,4,1,6,1,-1,-1,-1,-1,-1,-1,-1,-1
201520T058955,2,1,0,14,0,0,0,0,0,0,3,1,6,1,24,5,-1,-1,-1,-1,1,-1
201520T059155,1,9,0,5,0,0,0,0,0,0,0,1,6,3,-1,-1,-1,-1,-1,-1,-1,-1
201520T059155,2,9,0,14,0,0,0,10,7,10,1,1,6,2,44,7,1598,1,2,-1,1,-1
201520T059325,1,9,0,18,0,8,0,0,0,0,1,1,6,1,-1,-1,1796,1,12,-1,-1,-1
201520T059325,2,9,0,18,0,8,0,0,0,0,1,1,6,2,36,7,1699,1,8,-1,1,-1
201520T059365,1,9,0,18,0,4,0,0,0,0,1,1,6,2,40,7,1968,2,10,-1,1,-1
201520T059365,2,9,0,18,0,3,0,0,0,0,4,1,6,1,30,6,1968,2,8,-1,1,-1
201520T059375,1,9,0,14,0,0,0,0,0,0,1,1,6,1,31,6,2494,1,15,-1,1,-1
201520T059405,1,9,0,10,0,1,0,0,0,0,2,1,6,1,25,5,1390,1,12,-1,1,-1
201520T059405,2,9,0,5,0,1,0,0,0,0,1,1,6,1,24,5,2993,2,9,-1,-1,-1
201520T059425,1,11,0,14,0,3,0,4,0,0,1,1,1,1,-1,-1,4462,2,7,-1,-1,-1
201520T059425,2,9,0,2,0,2,0,0,0,0,3,1,6,3,-1,-1,1299,1,11,-1,-1,-1
201520T059425,3,9,0,2,0,2,0,0,0,0,3,1,6,3,-1,-1,1995,2,10,-1,-1,-1
201520T059425,4,9,0,2,0,2,0,0,0,0,3,1,6,3,-1,-1,1896,2,13,-1,-1,-1
201520T059445,1,9,0,16,0,4,0,0,0,0,3,1,6,2,21,5,1364,1,9,-1,1,-1
201520T059445,2,9,0,16,0,4,0,0,0,0,1,1,6,1,27,6,1686,2,9,-1,1,-1
201520T059455,1,9,0,18,0,1,0,0,0,0,1,1,6,1,-1,-1,1398,2,8,-1,-1,-1
201520T059455,2,9,0,3,0,1,0,0,0,0,2,1,6,2,34,6,1598,2,4,-1,1,-1
201520T059465,1,9,0,18,0,1,0,0,0,0,1,1,6,1,-1,-1,998,1,4,-1,-1,-1
201520T059465,2,9,0,4,0,1,0,0,0,0,2,1,6,1,47,8,1598,1,12,-1,1,-1
201520T059475,1,9,0,18,0,6,0,0,0,0,1,1,6,1,40,7,1560,2,8,-1,-1,-1
201520T059475,2,9,0,18,0,8,0,0,0,0,4,1,6,1,23,5,1598,1,11,-1,1,-1
201520T059635,1,9,0,18,0,2,0,0,0,0,1,1,6,1,23,5,2979,1,2,-1,1,-1
201520T059635,2,9,0,7,0,6,1,0,7,1,2,1,6,1,83,11,1796,1,18,-1,1,-1
201520T059635,3,9,0,18,0,1,0,0,0,0,0,1,1,1,-1,-1,2967,2,2,-1,-1,-1
201520T059665,1,9,0,9,0,8,0,0,0,0,3,1,6,2,20,4,998,1,1,-1,1,-1
201520T059665,2,9,0,18,0,8,0,0,0,0,1,1,6,1,46,8,1461,2,10,-1,1,-1
201520T059775,1,9,0,18,0,0,0,0,0,0,2,1,6,1,33,6,1598,2,-1,-1,1,-1
201520T059775,2,90,0,18,0,0,0,0,0,0,1,1,6,1,-1,-1,-1,-1,-1,-1,-1,-1
201520T059885,1,9,0,18,0,0,1,4,7,0,1,1,6,1,29,6,1956,2,-1,-1,1,-1
201520T059885,2,9,0,18,0,0,0,0,0,0,1,1,1,1,30,6,1956,2,-1,-1,1,-1
201520T059885,3,9,0,2,0,0,0,0,0,0,1,1,6,3,-1,-1,1124,1,16,-1,1,-1
201520T500015,1,9,0,18,0,0,0,0,0,0,1,1,6,1,-1,-1,3200,1,9,-1,1,-1
201520T600725,1,9,0,5,0,4,0,0,0,0,1,1,2,1,25,5,1198,1,4,-1,-1,-1
201520T600725,2,1,0,18,0,3,0,0,0,0,2,1,2,1,44,7,-1,-1,-1,-1,1,-1
201520T601245,1,9,0,18,0,0,0,0,0,0,1,1,6,1,-1,-1,1339,1,6,-1,-1,-1
201520T602485,1,9,0,9,0,6,0,0,0,0,1,1,6,1,19,4,1229,1,7,-1,1,-1
201520T602485,2,3,0,18,0,8,0,0,0,0,1,1,2,1,17,4,124,1,1,-1,1,-1
201520T605945,1,9,0,18,0,0,0,0,0,0,1,1,6,1,34,6,1124,1,15,-1,1,-1
201520T605945,2,9,0,3,0,0,0,0,0,0,2,1,6,2,-1,-1,1296,1,15,-1,1,-1
201520T606165,1,9,0,9,0,5,0,0,0,0,1,1,6,1,-1,-1,1796,1,2,-1,-1,-1
201520T606165,2,1,0,18,0,8,0,0,0,0,1,1,2,1,49,8,-1,-1,-1,-1,1,-1
201520W000815,1,9,0,13,0,1,1,4,0,0,1,1,6,1,31,6,-1,-1,-1,-1,1,-1
201520W000815,2,10,0,2,0,1,0,0,0,0,2,1,6,1,54,8,2500,2,6,-1,1,-1
201520W002815,1,9,0,14,0,0,0,0,0,0,1,1,6,1,21,5,1686,2,10,-1,1,-1
201520W003835,1,9,0,18,0,2,2,10,4,0,3,1,6,1,43,7,2148,2,13,-1,1,-1
201520W003995,1,9,0,18,0,2,0,0,0,0,4,1,2,1,45,7,1995,2,9,-1,1,-1
201520W004645,1,9,0,18,0,8,0,0,0,0,4,1,6,2,28,6,1598,1,14,-1,1,-1
201520W004645,2,9,0,9,0,6,0,0,0,0,1,1,6,2,46,8,1598,1,8,-1,1,-1
201520W004655,1,9,0,4,0,4,1,0,0,0,1,1,6,1,34,6,1997,2,6,-1,3,-1
201520W004655,2,9,0,18,0,3,0,0,0,0,4,1,6,2,44,7,998,1,12,-1,1,-1
201520W004665,1,21,4,11,0,8,3,0,0,0,4,1,1,1,48,8,12777,2,5,-1,1,-1
201520W004665,2,8,0,18,0,8,0,0,0,0,3,1,1,1,44,7,1896,2,8,-1,1,-1
201520W004685,1,9,0,18,0,1,0,0,0,0,3,1,6,2,25,5,1461,2,3,-1,1,-1
201520W004685,2,9,0,12,0,1,0,0,0,0,4,1,6,1,-1,-1,1896,2,7,-1,1,-1
201520W004785,1,9,0,5,0,1,0,0,0,0,1,1,1,2,-1,-1,1598,1,8,-1,-1,-1
201520W004785,2,9,0,5,0,1,0,0,0,0,2,1,1,1,65,9,1499,2,-1,-1,1,-1
201520W004795,1,9,0,7,0,5,5,10,5,1,1,1,6,1,21,5,1398,1,5,-1,1,-1
201520W004835,1,9,0,9,0,8,0,0,0,0,3,1,6,3,-1,-1,-1,-1,-1,-1,-1,-1
201520W004835,2,1,0,18,0,8,0,0,0,0,4,1,1,1,39,7,-1,-1,-1,-1,1,-1
201520W004865,1,9,0,3,0,1,0,0,0,0,2,1,6,1,42,7,1910,2,8,-1,1,-1
201520W004865,2,11,0,5,0,1,0,0,0,0,1,1,1,1,26,6,6696,2,2,-1,1,-1
201520W005025,1,9,0,9,0,5,0,0,0,0,4,1,6,1,32,6,-1,-1,-1,-1,1,-1
201520W005025,2,1,0,18,0,8,0,0,0,0,1,1,2,1,39,7,-1,-1,-1,-1,1,-1
201520W005055,1,9,0,5,0,1,0,0,0,0,1,1,6,1,48,8,998,1,16,-1,1,-1
201520W005235,1,21,0,9,0,8,0,0,0,0,3,1,1,1,33,6,12419,2,4,-1,1,-1
201520W005405,1,9,0,8,0,1,0,0,0,0,2,1,2,1,46,8,1995,2,11,-1,1,-1
201520W005405,2,9,0,9,0,1,0,0,0,0,1,1,6,3,-1,-1,1397,1,5,-1,-1,-1
201520W005415,1,9,0,18,0,8,1,9,2,7,3,1,6,1,-1,-1,-1,-1,-1,-1,-1,-1
201520W005415,2,21,0,7,0,8,0,0,0,0,4,1,1,2,26,6,6370,2,9,-1,-1,-1
201520W005445,1,9,0,9,0,6,0,0,0,0,1,1,6,1,20,4,2993,2,9,-1,-1,-1
201520W005445,2,9,0,18,0,8,0,0,0,0,1,1,6,1,26,6,2148,2,6,-1,1,-1
201520W005495,1,9,0,1,0,0,0,0,0,0,1,1,6,2,32,6,1388,1,12,-1,1,-1
201520W005855,1,9,0,18,0,0,0,0,0,0,4,1,6,2,25,5,1399,2,8,-1,1,-1
201520W005855,2,9,0,12,0,0,0,0,0,0,1,1,6,3,-1,-1,1364,1,11,-1,-1,-1
201520W005885,1,1,0,18,0,0,2,11,0,0,1,1,1,1,20,4,-1,-1,-1,-1,1,-1
201520W005915,1,9,0,18,0,1,0,0,0,0,1,1,6,2,23,5,1390,1,14,-1,1,-1
201520W005945,1,10,0,7,0,5,0,0,0,0,3,1,3,1,35,6,2402,2,10,-1,1,-1
201520W005945,2,21,1,7,0,5,0,0,0,0,4,1,1,1,45,7,12419,2,1,-1,1,-1
201520W006015,1,9,0,18,0,1,0,0,0,0,1,1,6,1,19,4,1596,1,16,-1,1,-1
201520W006015,2,9,0,11,0,1,0,0,0,0,2,1,6,2,22,5,1149,1,8,-1,1,-1
201520W006015,3,9,0,11,0,1,0,0,0,0,2,1,1,1,60,9,1968,2,4,-1,1,-1
201520W006115,1,9,0,18,0,8,0,0,0,0,4,1,6,1,-1,-1,-1,-1,-1,-1,-1,-1
201520W006115,2,5,0,18,0,8,0,0,0,0,1,1,6,1,57,9,-1,-1,-1,-1,1,-1
201520W006185,1,90,0,5,0,8,0,0,0,0,1,1,1,2,24,5,2999,2,1,-1,1,-1
201520W006185,2,9,0,18,0,8,0,0,0,0,3,1,2,2,52,8,1686,2,9,-1,1,-1
201520W006225,1,20,0,18,0,1,0,0,0,0,4,1,1,1,66,10,3920,2,5,-1,1,-1
201520W006625,1,9,0,18,0,0,0,0,0,0,1,1,6,1,-1,-1,-1,-1,-1,-1,-1,-1
201520W006825,1,9,0,11,0,0,5,10,0,0,1,1,6,1,31,6,1995,2,8,-1,-1,-1
201520W006825,2,9,0,2,0,0,0,0,0,0,3,1,6,3,-1,-1,1493,1,19,-1,-1,-1
201520W006825,3,9,0,2,0,0,0,0,0,0,1,1,6,3,-1,-1,-1,-1,-1,-1,-1,-1
201520W006825,4,9,0,2,0,0,0,0,0,0,2,1,6,3,-1,-1,-1,-1,-1,-1,-1,-1
201520W007305,1,9,0,18,0,8,0,0,0,0,1,1,6,1,23,5,1896,2,8,-1,1,-1
201520W007365,1,19,0,18,0,0,0,4,0,0,1,1,6,1,-1,-1,2402,2,12,-1,-1,-1
201520W007365,2,9,0,2,0,0,0,0,0,0,2,1,6,1,54,8,1762,1,15,-1,1,-1
201520W007375,1,9,0,18,0,1,0,0,0,0,1,1,6,2,-1,-1,1242,1,8,-1,-1,-1
201520W007375,2,9,0,7,0,1,0,0,0,0,2,1,2,1,51,8,1798,1,12,-1,1,-1
201520W007385,1,1,0,18,9,1,0,0,0,0,1,1,6,1,17,4,-1,-1,-1,-1,1,-1
201520W007385,2,19,0,7,0,5,0,0,0,0,4,1,6,1,-1,-1,2998,2,10,-1,1,-1
201520W007425,1,9,0,2,6,2,0,0,0,0,1,1,1,1,35,6,1124,1,10,-1,1,-1
201520W007425,2,19,0,7,0,3,0,4,0,0,1,1,6,1,-1,-1,-1,-1,-1,-1,-1,-1
201520W007485,1,9,0,17,0,0,0,0,0,0,1,1,6,1,-1,-1,1364,1,1,-1,-1,-1
201520W007505,1,9,0,18,0,0,0,0,0,0,0,1,6,3,-1,-1,-1,-1,-1,-1,-1,-1
201520W007505,2,9,0,18,0,0,0,0,0,0,3,1,6,1,-1,-1,1364,1,1,-1,-1,-1
201520W007505,3,9,0,13,0,0,0,0,0,0,4,1,6,2,26,6,-1,-1,-1,-1,1,-1
201520W007505,4,9,0,13,0,0,0,0,0,0,1,1,6,2,22,5,1968,2,1,-1,-1,-1
201520W007535,1,9,0,18,0,0,0,0,0,0,1,1,6,1,31,6,1497,1,12,-1,1,-1
201520W007545,1,11,0,7,0,2,0,10,1,0,4,1,6,1,-1,-1,-1,-1,-1,-1,-1,-1
201520W007565,1,9,0,18,0,8,0,10,1,1,3,1,6,1,22,5,4991,1,6,-1,1,-1
201520W007565,2,9,0,9,0,8,0,0,0,0,1,1,6,1,19,4,-1,-1,-1,-1,1,-1
201520W007595,1,8,0,9,0,8,0,0,0,0,1,1,6,1,-1,-1,1896,2,6,-1,1,-1
201520W007595,2,1,0,18,0,8,0,0,0,0,1,1,6,1,30,6,-1,-1,-1,-1,1,-1
201520W007655,1,9,0,3,0,8,0,0,0,0,2,1,1,1,58,9,1598,1,13,-1,1,-1
201520W007655,2,9,0,17,0,8,0,0,0,0,1,1,6,1,43,7,1753,2,8,-1,1,-1
201520W007665,1,9,0,9,0,5,0,0,0,0,4,1,6,1,28,6,-1,-1,-1,-1,-1,-1
201520W007665,2,9,0,18,0,8,0,0,0,0,1,1,2,1,33,6,1590,1,10,-1,1,-1
201520W007675,1,19,0,18,0,0,0,0,0,0,1,1,1,1,28,6,2402,2,10,-1,1,-1
201520W007685,1,9,0,3,0,0,0,0,0,0,2,1,1,1,46,8,1995,1,9,-1,1,-1
201520W007685,2,9,0,18,0,0,0,0,0,0,1,1,1,1,56,9,1242,1,2,-1,1,-1
201520W007735,1,9,0,3,0,1,0,0,0,0,2,1,6,2,27,6,-1,-1,-1,-1,1,-1
201520W007735,2,9,0,18,0,1,0,0,0,0,1,1,6,1,62,9,1910,2,9,-1,1,-1
201520W007765,1,9,0,18,0,3,5,10,1,7,1,1,2,2,43,7,-1,-1,-1,-1,1,-1
201520W007775,1,9,0,13,0,8,0,0,0,0,1,1,6,1,27,6,1149,1,11,-1,-1,-1
201520W007775,2,9,0,9,0,5,0,0,0,0,4,1,6,1,34,6,1753,2,7,-1,1,-1
201520W007785,1,9,0,5,0,1,0,0,0,0,3,1,6,1,63,9,-1,-1,-1,-1,1,-1
201520W007785,2,20,0,5,0,1,0,0,0,0,4,1,1,1,46,8,4250,2,9,-1,1,-1
201520W007795,1,9,0,18,0,3,0,0,0,0,4,1,6,2,33,6,1360,1,12,-1,1,-1
201520W007795,2,9,0,5,0,4,0,0,0,0,1,1,6,1,63,9,2902,2,11,-1,1,-1
201520W007805,1,9,0,18,0,8,0,10,2,10,4,1,6,1,32,6,1248,2,7,-1,1,-1
201520W007805,2,9,0,5,0,8,0,0,0,0,3,1,1,2,52,8,1229,1,9,-1,1,-1
201520W007815,1,9,0,7,0,6,0,0,0,0,2,1,6,1,51,8,-1,-1,-1,-1,1,-1
201520W007815,2,9,0,18,0,8,0,0,0,0,1,1,6,2,-1,-1,1598,1,1,-1,-1,-1
201520W007855,1,8,0,18,0,0,0,0,0,0,1,1,1,1,50,8,1995,2,12,-1,1,-1
201520W007935,1,9,0,9,0,3,0,0,0,0,3,1,6,2,52,8,1299,1,13,-1,1,-1
201520W007935,2,9,0,18,0,3,0,0,0,0,4,1,6,1,35,6,1389,1,18,-1,1,-1
201520W007965,1,9,0,16,0,3,0,0,0,0,1,1,6,3,-1,-1,-1,-1,-1,-1,-1,-1
201520W007975,1,9,0,18,0,6,0,0,0,0,4,1,6,1,52,8,2993,2,8,-1,1,-1
201520W007975,2,9,0,18,0,8,0,0,0,0,1,1,6,2,33,6,1198,1,11,-1,1,-1