Accident_Index,Vehicle_Reference,Vehicle_Type,Towing_and_Articulation,Vehicle_Manoeuvre,Vehicle_Location-Restricted_Lane,Junction_Location,Skidding_and_Overturning,Hit_Object_in_Carriageway,Vehicle_Leaving_Carriageway,Hit_Object_off_Carriageway,1st_Point_of_Impact,Was_Vehicle_Left_Hand_Drive?,Journey_Purpose_of_Driver,Sex_of_Driver,Age_of_Driver,Age_Band_of_Driver,Engine_Capacity_(CC),Propulsion_Code,Age_of_Vehicle,Driver_IMD_Decile,Driver_Home_Area_Type,Vehicle_IMD_Decile
201520W008175,1,9,0,18,0,1,0,0,0,0,1,1,6,1,42,7,2362,1,9,-1,1,-1
201520W008175,2,9,0,7,0,1,0,0,0,0,2,1,6,2,58,9,1390,1,5,-1,1,-1
201520W008265,1,9,0,18,0,0,0,0,0,0,1,1,2,1,25,5,1999,1,8,-1,1,-1
201520W008295,1,9,0,17,0,8,0,0,0,0,1,1,6,1,23,5,1896,2,8,-1,1,-1
201520W008395,1,9,0,18,0,1,0,0,0,0,3,1,3,2,41,7,2987,2,9,-1,1,-1
201520W009035,1,9,0,4,0,1,0,0,0,0,1,1,3,2,40,7,1588,1,12,-1,1,-1
201520W009065,1,9,0,9,0,5,0,0,0,0,1,1,1,1,57,9,1997,1,8,-1,1,-1
201520W009065,2,1,0,18,0,8,0,0,0,0,1,1,6,1,45,7,-1,-1,-1,-1,1,-1
201520W009075,1,19,0,1,0,0,0,0,0,0,2,1,6,3,-1,-1,-1,-1,-1,-1,-1,-1
201520W009075,2,9,0,4,0,0,0,0,0,0,1,1,1,2,55,8,1349,1,6,-1,1,-1
201520W009115,1,9,0,7,0,7,0,0,0,0,1,1,6,1,50,8,2149,2,8,-1,-1,-1
201520W009115,2,1,0,18,0,8,5,0,0,0,2,1,6,1,18,4,-1,-1,-1,-1,1,-1
201520W009125,1,9,0,7,0,6,0,0,0,0,1,1,1,1,-1,-1,1598,2,3,-1,-1,-1
201520W009155,1,9,0,18,0,8,0,10,1,0,3,1,6,1,27,6,1497,1,14,-1,1,-1
201520W009155,2,9,0,18,0,8,0,0,0,0,1,1,6,1,47,8,-1,-1,-1,-1,1,-1
201520W009335,1,9,0,18,0,8,0,0,0,0,3,1,6,1,45,7,-1,-1,-1,-1,1,-1
201520W009335,2,9,0,5,0,8,0,10,7,0,4,1,2,2,23,5,-1,-1,-1,-1,1,-1
201520W009365,1,9,0,5,0,4,0,0,0,0,2,1,6,2,28,6,-1,-1,-1,-1,1,-1
201520W009365,2,9,0,17,0,4,0,0,0,0,1,1,6,1,23,5,1896,2,9,-1,1,-1
201520W009385,1,9,0,3,0,1,0,0,0,0,1,1,1,1,64,9,2143,2,3,-1,1,-1
201520W009385,2,9,0,2,0,1,0,0,0,0,2,1,6,2,33,6,1781,1,12,-1,1,-1
201520W009395,1,9,0,18,0,0,1,10,7,4,4,1,6,1,27,6,-1,-1,-1,-1,1,-1
201520W009415,1,9,0,6,0,0,0,0,0,0,3,1,6,1,38,7,1995,2,12,-1,1,-1
201520W009415,2,3,0,14,0,0,0,0,0,0,1,1,6,1,19,4,124,1,6,-1,-1,-1
201520W009425,1,9,0,9,0,6,0,0,0,0,1,1,6,2,45,7,-1,-1,-1,-1,1,-1
201520W009425,2,9,0,18,0,8,1,0,0,0,3,1,6,2,32,6,1995,2,5,-1,1,-1
201520W009445,1,9,0,18,0,0,0,0,0,0,1,1,6,1,26,6,2993,2,10,-1,1,-1
201520W009665,1,3,0,18,0,5,0,0,0,0,1,1,2,1,35,6,102,1,8,-1,1,-1
201520W009665,2,9,0,9,0,8,0,0,0,0,4,1,6,1,49,8,1396,1,13,-1,1,-1
201520W009725,1,11,0,14,0,0,0,4,0,0,4,1,1,1,55,8,6696,2,1,-1,1,-1
201520W009725,2,11,0,2,0,0,0,0,0,0,2,1,1,1,37,7,6696,2,1,-1,1,-1
201520W009745,1,9,0,7,0,1,0,0,0,0,4,1,6,3,-1,-1,-1,-1,-1,-1,-1,-1
201520W009785,1,11,0,18,0,3,0,0,0,0,1,1,1,3,-1,-1,-1,-1,-1,-1,-1,-1
201520W009795,1,9,0,9,0,5,0,0,0,0,1,1,6,1,-1,-1,1587,1,8,-1,1,-1
201520W009815,1,9,0,18,0,0,0,0,0,0,1,1,6,1,-1,-1,-1,-1,-1,-1,-1,-1
201520W009995,1,9,0,18,0,8,0,0,0,0,1,1,1,1,34,6,1389,1,20,-1,1,-1
201520W009995,2,9,0,18,0,8,0,0,0,0,1,1,6,1,28,6,1995,2,1,-1,-1,-1
201520W010075,1,19,0,18,0,1,0,0,0,0,1,1,6,3,-1,-1,2287,2,1,-1,1,-1
201520W010085,1,9,0,18,0,8,0,0,0,0,1,1,6,3,-1,-1,-1,-1,-1,-1,-1,-1
201520W010085,2,1,0,7,0,3,0,0,0,0,3,1,2,1,37,7,-1,-1,-1,-1,2,-1
201520W010105,1,9,0,18,0,0,0,0,0,0,3,1,6,3,-1,-1,-1,-1,-1,-1,-1,-1
201520W010105,2,9,0,2,0,0,0,0,0,0,0,1,6,2,80,11,1242,1,5,-1,1,-1
201520W010115,1,8,0,9,0,3,0,0,0,0,1,1,6,1,-1,-1,-1,-1,-1,-1,-1,-1
201520W010155,1,11,0,2,0,1,0,0,0,0,0,1,6,1,-1,-1,-1,-1,-1,-1,-1,-1
201520W010175,1,9,0,15,0,8,0,0,0,0,4,1,6,1,48,8,1461,2,6,-1,1,-1
201520W010175,2,9,0,9,0,1,0,10,7,10,3,1,2,2,34,6,1388,1,3,-1,1,-1
201520W010195,1,9,0,3,0,2,0,0,0,0,2,1,6,1,28,6,1900,2,17,-1,1,-1
201520W010195,2,9,0,18,0,2,0,0,0,0,1,1,1,2,-1,-1,1229,1,7,-1,-1,-1
201520W010225,1,9,0,13,0,0,0,0,0,0,1,1,6,2,-1,-1,1242,1,16,-1,-1,-1
201520W010225,2,19,0,4,0,0,0,0,0,0,3,1,1,1,26,6,2800,2,15,-1,1,-1
201520W010245,1,8,0,18,0,1,0,0,0,0,1,1,1,1,40,7,1794,1,9,-1,1,-1
201520W010285,1,9,0,18,0,0,0,0,0,0,1,1,1,1,-1,-1,-1,-1,-1,-1,1,-1
201520W010355,1,8,0,18,0,1,0,0,0,0,1,1,6,1,-1,-1,-1,-1,-1,-1,-1,-1
201520W010355,2,8,0,3,0,1,0,0,0,0,2,1,1,1,43,7,2204,2,11,-1,1,-1
201520W010575,1,9,0,18,0,1,0,0,0,0,1,1,6,1,-1,-1,-1,-1,-1,-1,1,-1
201520W010575,2,9,0,18,0,1,0,0,0,0,2,1,1,2,28,6,1598,1,2,-1,-1,-1
201520W010595,1,9,0,18,0,4,0,0,0,0,1,1,6,1,56,9,1998,1,8,-1,1,-1
201520W010595,2,5,0,18,0,8,0,0,0,0,4,1,6,1,36,7,748,1,23,-1,1,-1
201520W010665,1,11,0,13,0,8,0,0,0,0,3,1,1,3,-1,-1,-1,-1,-1,-1,-1,-1
201520W010665,2,1,0,18,0,8,2,10,0,0,4,1,2,1,31,6,-1,-1,-1,-1,1,-1
201520W010675,1,9,0,4,0,0,0,0,0,0,2,1,2,1,41,7,2993,2,4,-1,1,-1
201520W010675,2,9,0,18,0,0,0,0,0,0,1,1,6,1,-1,-1,1968,2,-1,-1,-1,-1
201520W010775,1,9,0,18,0,0,0,0,0,0,4,1,6,1,26,6,-1,-1,-1,-1,1,-1
201520W010985,1,9,0,4,9,0,0,0,1,0,1,1,6,1,32,6,1587,1,11,-1,1,-1
201520W011015,1,9,0,18,0,2,0,0,0,0,1,1,6,2,24,5,1398,1,12,-1,1,-1
201520W011095,1,9,0,9,0,6,0,0,0,0,2,1,6,1,-1,-1,2401,2,11,-1,-1,-1
201520W011095,2,9,0,18,0,8,0,0,0,0,1,1,6,1,19,4,1364,1,9,-1,1,-1
201520W011105,1,9,0,18,0,8,0,0,0,0,1,1,6,2,47,8,1590,1,13,-1,1,-1
201520W011105,2,9,0,18,0,4,0,0,0,0,3,1,6,2,-1,-1,1199,1,12,-1,-1,-1
201520W011125,1,19,0,9,0,2,0,0,0,0,1,1,1,1,-1,-1,1560,2,3,-1,1,-1
201520W011135,1,9,0,1,0,6,0,0,0,0,2,1,6,1,-1,-1,-1,-1,-1,-1,-1,-1
201520W011415,1,9,0,5,0,8,0,0,0,0,1,1,1,1,22,5,1968,2,8,-1,1,-1
201520W011415,2,9,0,1,0,6,0,0,1,10,1,1,6,2,35,6,1229,1,2,-1,1,-1
201520W011425,1,9,0,5,0,1,0,0,0,0,3,1,6,1,47,8,1598,1,9,-1,-1,-1
201520W011425,2,1,0,14,0,1,0,0,0,0,4,1,6,1,26,6,-1,-1,-1,-1,1,-1
201520W011535,1,9,0,6,0,8,0,10,4,0,1,1,1,1,34,6,1598,2,3,-1,1,-1
201520W011575,1,9,0,7,9,8,0,0,0,0,1,1,1,1,35,6,2362,7,11,-1,1,-1
201520W011585,1,9,0,18,0,8,0,10,1,7,3,1,6,1,19,4,1229,1,8,-1,1,-1
201520W011585,2,9,0,9,0,8,0,0,3,6,1,1,6,2,44,7,1299,1,14,-1,1,-1
201520W011655,1,9,0,17,0,2,0,0,0,0,1,1,6,1,-1,-1,1596,1,10,-1,-1,-1
201520W011655,2,1,0,16,0,1,0,0,0,0,1,1,1,1,50,8,-1,-1,-1,-1,1,-1
201520W011725,1,9,0,9,0,5,1,7,7,10,1,1,6,1,21,5,1781,1,14,-1,1,-1
201520W011765,1,9,0,18,0,0,0,4,0,0,1,1,6,2,-1,-1,1493,1,16,-1,-1,-1
201520W011765,2,9,0,2,0,0,0,0,0,0,2,1,6,2,31,6,1390,1,6,-1,-1,-1
201520W011895,1,9,0,6,0,0,0,0,0,0,3,1,6,1,41,7,-1,-1,-1,-1,1,-1
201520W011895,2,9,0,13,0,0,0,0,0,0,1,1,6,1,19,4,1595,1,11,-1,1,-1
201520W011935,1,9,0,9,0,6,0,0,0,0,1,1,6,1,50,8,1339,1,6,-1,1,-1
201520W011935,2,9,0,14,0,8,0,0,0,0,4,1,6,1,20,4,1598,1,9,-1,1,-1
201520W011945,1,9,0,9,0,6,0,0,0,0,1,1,6,2,30,6,2979,1,12,-1,1,-1
201520W011945,2,9,0,18,0,8,0,0,0,0,4,1,6,1,29,6,1686,2,10,-1,1,-1
201520W011945,3,9,0,10,0,8,1,0,0,0,3,1,1,1,69,10,2987,2,4,-1,1,-1
201520W012115,1,9,0,5,0,1,0,0,0,0,1,1,6,1,-1,-1,-1,-1,-1,-1,-1,-1
201520W012115,2,9,0,3,0,1,0,0,0,0,2,1,6,1,46,8,1794,1,11,-1,1,-1
201520W012165,1,9,0,18,0,0,0,4,0,0,4,1,2,1,-1,-1,1498,1,-1,-1,-1,-1
201520W012165,2,9,0,2,0,0,0,0,0,0,3,1,6,3,-1,-1,1124,1,14,-1,-1,-1
201520W012235,1,9,0,18,0,1,0,0,0,0,1,1,6,1,-1,-1,-1,-1,-1,-1,-1,-1
201520W012235,2,9,0,10,0,1,0,0,0,0,2,1,6,1,37,7,1896,2,8,-1,1,-1
201520W012245,1,9,0,4,0,1,0,0,0,0,1,1,6,1,-1,-1,-1,-1,-1,-1,-1,-1
201520W012245,2,5,0,3,0,1,0,0,0,0,2,1,6,1,26,6,599,1,16,-1,1,-1
201520W012405,1,8,0,5,0,0,0,0,0,0,0,1,6,1,40,7,1998,2,9,-1,-1,-1
201520W012455,1,9,0,18,0,8,0,0,0,0,1,1,2,2,38,7,1598,1,8,-1,1,-1
201520W012455,2,1,0,18,0,8,5,0,0,0,2,1,6,1,59,9,-1,-1,-1,-1,1,-1
201520W012585,1,9,0,1,0,0,0,0,0,0,2,1,6,3,-1,-1,2496,1,11,-1,-1,-1
201520W012585,2,1,0,18,0,0,1,0,0,0,1,1,4,2,37,7,-1,-1,-1,-1,1,-1
201520W012595,1,9,0,9,0,3,0,0,0,0,1,1,6,1,42,7,-1,-1,-1,-1,1,-1
201520W012595,2,9,0,9,0,3,0,0,0,0,4,1,6,2,30,6,1149,1,13,-1,1,-1
201520W012705,1,9,0,9,0,6,0,0,0,0,1,1,6,1,-1,-1,1796,1,7,-1,-1,-1
201520W012705,2,9,0,18,0,8,0,10,7,0,3,1,6,2,50,8,1598,1,2,-1,1,-1
201520W012725,1,9,0,5,0,6,0,0,0,0,1,1,6,1,23,5,1364,1,9,-1,1,-1
201520W012725,2,8,0,18,0,8,1,10,1,10,3,1,2,1,40,7,1995,2,9,-1,1,-1
201520W012895,1,9,0,5,9,6,0,0,0,0,1,1,6,1,47,8,1595,1,9,-1,1,-1
201520W012905,1,9,0,18,0,0,0,0,0,0,4,1,6,1,-1,-1,-1,-1,-1,-1,-1,-1
201520W012905,2,9,0,18,0,0,0,0,0,0,3,1,2,1,33,6,-1,-1,-1,-1,1,-1
201520W012925,1,9,0,13,0,8,0,0,0,0,3,1,6,1,30,6,1995,2,5,-1,1,-1
201520W012925,2,9,0,18,0,8,0,0,0,0,4,1,6,2,32,6,1596,1,9,-1,1,-1
201520W012955,1,8,0,5,0,2,0,0,0,0,0,1,6,1,-1,-1,1998,1,8,-1,-1,-1
201520W012975,1,9,0,1,0,6,0,0,0,0,3,1,6,1,24,5,1596,1,14,-1,1,-1
201520W012985,1,19,0,4,0,1,0,0,0,0,4,1,6,1,-1,-1,-1,-1,-1,-1,-1,-1
201520W012995,1,9,0,18,0,8,0,0,0,0,4,1,6,1,50,8,-1,-1,-1,-1,1,-1
201520W012995,2,9,0,18,0,8,0,0,0,0,1,1,6,1,36,7,2982,2,1,-1,2,-1
201520W013035,1,9,0,7,0,2,5,10,2,2,1,1,6,1,33,6,1998,2,12,-1,1,-1
201520W013335,1,9,0,2,0,0,0,0,0,0,3,1,6,1,63,9,-1,-1,-1,-1,1,-1
201520W013335,2,9,0,18,0,0,0,4,0,0,1,1,6,3,-1,-1,-1,-1,-1,-1,-1,-1
201520W013425,1,9,0,1,0,0,0,0,0,0,2,1,6,2,32,6,1995,2,7,-1,1,-1
201520W013465,1,9,0,17,0,8,0,0,0,0,2,1,2,1,62,9,2982,2,12,-1,1,-1
201520W013465,2,9,0,18,0,8,0,0,0,0,1,1,6,3,-1,-1,-1,-1,-1,-1,-1,-1
201520W013805,1,9,0,5,0,0,0,0,0,0,3,1,6,1,26,6,1390,1,1,-1,1,-1
201520W013805,2,9,0,18,0,0,0,0,0,0,4,1,6,2,24,5,1198,1,1,-1,1,-1
201520W013935,1,9,0,10,0,1,0,0,0,0,2,1,6,1,39,7,1388,1,12,-1,1,-1
201520W013935,2,9,0,18,0,1,0,0,0,0,1,1,6,1,-1,-1,-1,-1,-1,-1,-1,-1
201520W014025,1,9,0,18,0,1,0,0,0,0,1,1,6,1,-1,-1,-1,-1,-1,-1,-1,-1
201520W014035,1,3,0,5,0,8,5,0,0,0,4,1,6,1,35,6,124,1,2,-1,1,-1
201520W014035,2,9,0,18,0,8,0,0,0,0,1,1,6,2,31,6,1248,2,8,-1,1,-1
201520W014105,1,9,0,18,0,4,0,0,0,0,1,1,6,1,50,8,1995,2,12,-1,1,-1
201520W014105,2,9,0,3,0,8,0,0,0,0,2,1,1,2,26,6,1199,1,13,-1,1,-1
201520W014145,1,9,0,14,0,0,0,0,0,0,1,1,6,2,36,7,1560,2,11,-1,1,-1
201520W014165,1,9,0,18,0,1,1,0,0,0,1,1,6,1,34,6,1999,1,20,-1,1,-1
201520W014165,2,9,0,18,0,2,0,0,0,0,1,1,6,1,34,6,1229,1,-1,-1,1,-1
201520W014165,3,9,0,18,0,2,0,0,0,0,3,1,6,1,41,7,1956,2,1,-1,1,-1
201520W014205,1,9,0,17,0,1,1,10,1,4,3,1,6,1,20,4,1968,2,12,-1,1,-1
201520W014225,1,9,0,18,0,0,0,0,0,0,1,1,6,1,41,7,1975,1,13,-1,1,-1
201520W014235,1,9,0,7,0,5,0,0,0,0,2,1,6,1,25,5,1597,2,1,-1,1,-1
201520W014235,2,11,0,18,0,8,0,0,0,0,1,1,1,1,50,8,6696,2,2,-1,1,-1
201520W014245,1,9,0,18,0,4,0,0,0,0,3,1,6,1,25,5,1248,2,8,-1,1,-1
201520W014245,2,9,0,18,0,8,0,0,0,0,1,1,6,2,41,7,-1,-1,-1,-1,1,-1
201520W014825,1,9,0,9,0,3,0,0,0,0,1,1,6,1,47,8,1396,1,16,-1,1,-1
201520W014845,1,9,0,9,0,8,0,0,0,0,3,1,6,1,82,11,-1,-1,-1,-1,1,-1
201520W014845,2,9,0,18,0,8,0,10,7,10,1,1,6,2,67,10,-1,-1,-1,-1,1,-1
201520W014945,1,9,0,3,0,0,0,0,0,0,2,1,6,1,39,7,1968,2,4,-1,1,-1
201520W014945,2,9,0,18,0,0,0,0,0,0,1,1,6,2,-1,-1,998,1,-1,-1,-1,-1
201520W015055,1,9,0,4,0,3,0,0,0,0,3,1,6,1,-1,-1,998,1,11,-1,-1,-1
201520W015055,2,9,0,4,0,3,0,0,0,0,4,1,6,2,44,7,1596,1,9,-1,1,-1
201520W015155,1,9,0,7,0,1,0,0,0,0,1,1,6,1,62,9,1598,2,2,-1,1,-1
201520W015155,2,3,0,15,2,1,0,10,1,0,2,1,2,1,19,4,124,1,6,-1,1,-1
201520W015425,1,9,0,18,0,1,0,0,0,0,1,1,6,1,-1,-1,998,1,1,-1,1,-1
201520W015425,2,9,0,3,0,1,0,0,0,0,2,1,6,2,55,8,1364,1,3,-1,1,-1
201520W015515,1,9,0,13,0,0,0,0,0,0,1,1,6,1,26,6,1998,1,11,-1,1,-1
201520W015515,2,9,0,18,0,0,0,0,0,0,2,1,6,1,59,9,-1,-1,-1,-1,1,-1
201520W015515,3,9,0,18,0,0,0,0,0,0,0,1,1,1,-1,-1,2967,2,2,-1,-1,-1
201520W015925,1,9,0,7,0,1,0,0,0,0,1,1,6,3,-1,-1,1242,1,15,-1,-1,-1
201520W016005,1,9,0,1,0,2,0,0,0,0,2,1,6,1,-1,-1,1598,1,10,-1,-1,-1
201520W016005,2,9,0,4,0,1,0,0,0,0,1,1,6,1,34,6,1598,1,8,-1,1,-1
201520W016105,1,9,0,18,0,8,1,0,1,0,3,1,6,2,18,4,-1,-1,-1,-1,1,-1
201520W016105,2,9,0,18,0,8,0,0,0,0,1,1,6,1,33,6,-1,-1,-1,-1,1,-1
201520W016265,1,9,0,18,0,0,5,10,8,4,1,1,6,1,27,6,1995,1,10,-1,1,-1
201520W016265,2,9,0,4,0,0,0,0,0,0,2,1,6,1,53,8,3199,1,14,-1,1,-1
201520W016395,1,9,0,5,0,8,0,0,0,0,1,1,6,1,33,6,1896,2,11,-1,1,-1
201520W016395,2,1,0,18,0,8,0,0,0,0,1,1,2,1,30,6,-1,-1,-1,-1,1,-1
201520W016495,1,9,0,18,0,1,0,0,0,0,4,1,6,3,-1,-1,1368,1,6,-1,-1,-1
201520W016535,1,9,0,18,0,0,0,0,0,0,1,1,6,1,-1,-1,1870,2,11,-1,-1,-1
201520W016535,2,9,0,3,0,0,0,0,0,0,2,1,6,1,39,7,1994,2,13,-1,1,-1
201520W016635,1,9,0,12,0,0,0,10,7,0,2,1,6,2,55,8,-1,-1,-1,-1,1,-1
201520W016635,2,9,0,17,0,0,0,10,0,0,1,1,6,1,30,6,1343,1,11,-1,1,-1
201520W016735,1,9,0,11,0,3,0,0,0,0,0,1,1,2,-1,-1,-1,-1,-1,-1,-1,-1
201520W016735,2,3,0,14,0,3,1,0,0,0,0,1,1,1,24,5,125,1,6,-1,1,-1
201520W016945,1,9,0,2,0,0,0,0,0,0,0,1,6,2,20,4,1242,1,12,-1,1,-1
201520W016945,2,19,0,18,0,0,0,8,0,0,1,1,6,1,40,7,2198,2,3,-1,-1,-1
201520W017285,1,9,0,18,0,8,0,0,0,0,4,1,6,2,23,5,1398,1,2,-1,1,-1
201520W017285,2,9,0,12,0,8,0,0,0,0,3,1,6,2,-1,-1,-1,-1,-1,-1,-1,-1
201520W017295,1,9,0,5,0,0,0,0,0,0,1,1,6,3,-1,-1,1248,2,11,-1,-1,-1
201520W017335,1,9,0,18,0,8,0,0,0,0,1,1,6,1,-1,-1,1968,2,7,-1,-1,-1
201520W017335,2,9,0,7,0,5,0,0,0,0,2,1,6,2,50,8,1240,1,6,-1,1,-1
201520W017345,1,9,0,4,0,0,0,0,0,0,1,1,6,1,-1,-1,1968,2,8,-1,-1,-1
201520W017345,2,9,0,3,0,0,0,0,0,0,2,1,2,2,22,5,995,1,2,-1,1,-1
201520W017345,3,9,0,3,0,0,0,0,0,0,2,1,6,1,-1,-1,1598,1,8,-1,-1,-1
201520W017345,4,11,0,3,0,0,0,0,0,0,2,1,1,1,-1,-1,-1,-1,-1,-1,-1,-1
201520W017365,1,9,0,1,0,0,0,4,0,0,2,1,6,1,33,6,1598,2,2,-1,1,-1
201520W017365,2,9,0,2,0,0,0,0,0,0,1,1,1,1,-1,-1,1956,2,3,-1,1,-1
201520W017475,1,9,0,6,0,0,0,0,0,0,3,1,6,1,30,6,1590,1,16,-1,-1,-1
201520W017475,2,3,0,18,0,0,0,0,0,0,1,1,6,1,21,5,125,1,10,-1,1,-1
201520W017485,1,9,0,9,0,5,0,0,0,0,1,1,6,1,34,6,1998,1,17,-1,1,-1
201520W017485,2,9,0,18,0,8,0,4,1,0,1,1,6,1,58,9,1986,2,9,-1,1,-1
201520W017485,3,9,0,2,0,2,0,4,0,0,2,1,6,1,62,9,1199,1,12,-1,1,-1
201520W017485,4,9,0,2,0,2,0,0,0,0,2,1,6,1,-1,-1,1598,1,12,-1,-1,-1
201520W017495,1,9,0,9,0,1,0,0,0,0,1,1,6,1,29,6,1796,1,12,-1,1,-1
201520W017495,2,9,0,4,0,1,0,0,0,0,2,1,6,1,38,7,2231,2,7,-1,1,-1
201520W017545,1,3,0,14,0,8,2,10,7,0,1,1,6,1,24,5,124,1,2,-1,1,-1
201520W017545,2,9,0,9,0,6,0,0,0,0,1,1,6,2,30,6,1995,2,11,-1,1,-1
201520W017585,1,9,0,18,0,8,0,0,0,0,3,1,6,1,-1,-1,1199,1,13,-1,-1,-1
201520W017585,2,9,0,18,0,8,0,0,0,0,1,1,6,1,22,5,1686,2,10,-1,1,-1
201520W017595,1,9,0,5,0,1,0,0,0,0,1,1,6,1,-1,-1,-1,-1,-1,-1,-1,-1
201520W017625,1,9,0,9,0,5,0,0,0,0,1,1,2,2,-1,-1,1198,1,9,-1,-1,-1
201520W017625,2,4,0,4,0,8,0,0,0,0,1,1,6,1,18,4,124,1,5,-1,1,-1
201520W017695,1,10,0,10,0,8,0,0,0,0,3,1,6,1,47,8,2402,2,9,-1,1,-1
201520W017695,2,9,0,14,0,8,0,0,0,0,4,1,6,1,-1,-1,1560,2,3,-1,-1,-1
201520W017705,1,19,0,9,0,5,0,0,0,0,4,1,1,1,30,6,2148,2,7,-1,1,-1
201520W017705,2,3,0,7,0,8,5,0,0,0,1,1,2,1,18,4,124,1,12,-1,1,-1
201520W017715,1,9,0,7,0,5,0,0,0,0,1,1,6,3,-1,-1,1997,1,14,-1,-1,-1
201520W017725,1,9,0,18,0,0,0,0,0,0,1,1,6,1,-1,-1,2488,2,1,-1,1,-1
201520W017725,2,9,0,18,0,0,0,0,0,0,2,1,6,2,40,7,1798,1,10,-1,1,-1
201520W017745,1,8,0,18,0,0,0,0,0,0,1,1,6,1,-1,-1,2204,2,8,-1,1,-1
201520W018075,1,20,1,5,0,8,0,0,0,0,1,1,6,3,-1,-1,-1,-1,-1,-1,-1,-1
201520W018075,2,9,0,5,0,4,0,0,0,0,3,1,1,2,41,7,1242,1,6,-1,1,-1
201520W018105,1,9,0,18,0,1,0,0,0,0,1,1,6,2,-1,-1,1328,1,12,-1,1,-1
201520W018105,2,9,0,3,0,1,0,0,0,0,2,1,1,1,49,8,1299,1,12,-1,1,-1
201520W018155,1,9,0,9,0,8,0,0,0,0,1,1,6,1,-1,-1,1598,1,9,-1,-1,-1
201520W018155,2,9,0,18,0,8,0,0,0,0,1,1,6,1,51,8,1248,2,11,-1,3,-1
201520W018205,1,9,0,11,0,8,0,10,0,0,4,1,2,1,41,7,-1,-1,-1,-1,1,-1
201520W018205,2,11,0,9,0,8,0,0,0,0,2,1,1,1,39,7,4760,2,2,-1,1,-1
201520W018255,1,9,0,18,0,1,0,0,0,0,1,1,6,1,39,7,1997,2,12,-1,1,-1
201520W018345,1,9,0,18,0,1,0,0,0,0,1,1,1,1,39,7,1590,1,20,-1,1,-1
201520W018345,2,1,0,18,0,1,0,0,0,0,2,1,1,1,22,5,-1,-1,-1,-1,1,-1
201520W018375,1,9,0,18,0,8,0,0,0,0,1,1,1,1,45,7,1910,2,8,-1,1,-1
201520W018375,2,9,0,9,0,8,0,0,0,0,2,1,6,2,-1,-1,1995,2,4,-1,2,-1
201520W018435,1,9,0,17,0,8,0,0,0,0,3,1,6,2,46,8,1749,1,14,-1,1,-1
201520W018435,2,9,0,9,0,8,0,0,0,0,4,1,6,2,26,6,1461,2,2,-1,1,-1
201520W018505,1,9,0,18,0,0,0,0,0,0,1,1,1,1,45,7,1896,2,11,-1,1,-1
201520W018545,1,11,0,4,0,3,0,0,0,0,0,1,1,1,61,9,8268,2,14,-1,1,-1
201520W018645,1,8,0,4,0,0,0,0,0,0,1,1,1,1,35,6,1910,2,7,-1,1,-1
201520W018645,2,9,0,4,0,0,0,0,0,0,2,1,1,1,33,6,1390,1,12,-1,1,-1
201520W018645,3,9,0,4,0,0,0,0,0,0,2,1,1,1,29,6,998,1,14,-1,1,-1
201520W018655,1,9,0,3,2,1,0,0,0,0,2,1,2,1,35,6,1997,2,7,-1,1,-1
201520W018655,2,9,0,18,2,1,0,0,0,0,1,1,6,1,35,6,1124,1,12,-1,1,-1
201520W018715,1,9,0,16,0,0,0,10,1,5,1,1,6,1,-1,-1,1229,1,11,-1,1,-1
201520W018745,1,19,0,18,0,1,0,0,0,0,1,1,6,1,48,8,2198,2,8,-1,1,-1
201520W018745,2,9,0,8,0,1,0,0,0,0,2,1,6,1,28,6,1595,1,9,-1,1,-1
201520W018795,1,11,0,18,0,0,0,0,0,0,1,1,2,1,42,7,6370,2,3,-1,1,-1
201520W018805,1,9,0,9,0,8,0,0,0,0,0,1,1,1,58,9,2143,2,1,-1,1,-1
201520W018805,2,1,0,18,0,8,0,0,0,0,0,1,6,1,30,6,-1,-1,-1,-1,-1,-1
201520W018835,1,5,0,18,0,0,1,0,0,0,1,1,6,1,28,6,1402,1,12,-1,1,-1
201520W018845,1,9,0,18,0,4,0,0,0,0,3,1,6,1,-1,-1,-1,-1,-1,-1,-1,-1
201520W018845,2,1,0,17,0,8,0,0,0,0,1,1,1,1,34,6,-1,-1,-1,-1,1,-1
201520W018955,1,9,0,9,0,6,0,0,0,0,3,1,2,2,45,7,1197,1,1,-1,1,-1
201520W018955,2,1,0,18,0,8,0,0,0,0,1,1,2,1,54,8,-1,-1,-1,-1,1,-1
201520W018985,1,9,0,7,0,6,0,0,0,0,1,1,6,3,-1,-1,-1,-1,-1,-1,-1,-1
201520W018985,2,1,0,18,0,8,0,0,0,0,4,1,2,1,27,6,-1,-1,-1,-1,1,-1
201520W019045,1,19,0,1,0,1,0,0,0,0,2,1,6,1,41,7,2402,2,5,-1,1,-1
201520W019325,1,9,0,18,0,1,1,0,0,0,1,1,6,1,21,5,1197,1,1,-1,1,-1
201520W019325,2,21,0,7,0,1,0,0,0,0,2,1,1,1,37,7,12913,2,4,-1,1,-1
201520W019605,1,9,0,7,0,6,0,0,0,0,1,1,6,3,-1,-1,1560,2,10,-1,-1,-1
201520W019605,2,8,0,7,0,6,0,0,0,0,2,1,1,1,40,7,2499,2,6,-1,1,-1
201520W019685,1,5,0,13,0,0,0,10,7,1,4,1,6,1,51,8,998,1,12,-1,-1,-1