Accident_Index,Vehicle_Reference,Vehicle_Type,Towing_and_Articulation,Vehicle_Manoeuvre,Vehicle_Location-Restricted_Lane,Junction_Location,Skidding_and_Overturning,Hit_Object_in_Carriageway,Vehicle_Leaving_Carriageway,Hit_Object_off_Carriageway,1st_Point_of_Impact,Was_Vehicle_Left_Hand_Drive?,Journey_Purpose_of_Driver,Sex_of_Driver,Age_of_Driver,Age_Band_of_Driver,Engine_Capacity_(CC),Propulsion_Code,Age_of_Vehicle,Driver_IMD_Decile,Driver_Home_Area_Type,Vehicle_IMD_Decile
201520W019685,2,8,0,12,0,0,0,0,0,0,3,1,6,1,38,7,1796,1,12,-1,1,-1
201520W019895,1,8,0,18,0,1,0,0,0,0,1,1,6,1,-1,-1,2496,2,17,-1,-1,-1
201520W019895,2,8,0,18,0,1,0,0,0,0,2,1,1,1,-1,-1,1896,2,12,-1,1,-1
201520W020295,1,19,0,5,0,8,0,4,0,0,3,1,6,1,49,8,1896,2,8,-1,1,-1
201520W020295,2,8,0,18,0,8,0,0,0,0,1,1,1,1,59,9,1968,2,6,-1,1,-1
201520W020295,3,9,0,2,0,2,0,4,0,0,2,1,6,2,22,5,-1,-1,-1,-1,1,-1
201520W020305,1,9,0,17,0,2,0,10,1,2,1,1,6,1,65,9,-1,-1,-1,-1,1,-1
201520W020315,1,9,0,18,0,8,0,0,0,0,0,1,6,2,-1,-1,-1,-1,-1,-1,-1,-1
201520W020315,2,11,0,18,0,1,0,0,0,0,0,1,1,1,42,7,7300,2,3,-1,1,-1
201520W020365,1,9,0,3,0,8,0,0,0,0,4,1,6,1,50,8,1794,1,12,-1,1,-1
201520W020365,2,90,0,18,0,8,0,8,0,0,3,1,1,1,-1,-1,5883,2,9,-1,-1,-1
201520W020415,1,9,0,9,0,2,0,0,0,0,1,1,6,1,-1,-1,-1,-1,-1,-1,-1,-1
201520W020495,1,9,0,7,0,3,0,0,0,0,4,1,2,1,33,6,1596,1,7,-1,1,-1
201520W020495,2,9,0,18,0,3,0,0,0,0,1,1,6,1,-1,-1,2979,1,1,-1,-1,-1
201520W020515,1,9,0,18,0,1,0,0,0,0,1,1,6,2,29,6,1560,2,10,-1,1,-1
201520W020765,1,9,0,9,0,6,0,0,0,0,1,1,6,1,17,4,-1,-1,-1,-1,1,-1
201520W020765,2,9,0,18,0,8,0,0,0,0,4,1,6,2,48,8,-1,-1,-1,-1,1,-1
201520W020845,1,90,0,18,0,2,0,0,0,0,1,1,6,1,25,5,-1,-1,-1,-1,1,-1
201520W020845,2,9,0,18,0,1,0,0,0,0,3,1,6,2,51,8,1591,1,3,-1,1,-1
201520W020875,1,9,0,14,0,0,0,0,0,0,1,1,1,1,74,10,2926,2,13,-1,1,-1
201520W020875,2,19,0,2,0,0,0,0,0,0,0,1,1,1,39,7,4580,2,2,-1,1,-1
201520W020915,1,19,0,9,0,5,0,0,0,0,4,1,1,1,43,7,-1,-1,-1,-1,1,-1
201520W020915,2,9,0,18,0,8,0,0,0,0,1,1,6,2,49,8,998,1,2,-1,1,-1
201520W020915,3,9,0,3,0,1,0,0,0,0,1,1,6,1,37,7,1198,1,11,-1,1,-1
201520W020965,1,9,0,9,0,6,0,0,0,0,3,1,6,3,-1,-1,1796,1,9,-1,-1,-1
201520W020965,2,5,0,18,0,8,0,0,0,0,1,1,6,1,23,5,-1,-1,-1,-1,1,-1
201520W020995,1,1,0,5,4,8,0,0,0,0,2,1,1,1,30,6,-1,-1,-1,-1,1,-1
201520W020995,2,11,0,5,0,6,0,0,0,0,1,1,1,1,-1,-1,6700,2,7,-1,-1,-1
201520W021015,1,9,0,18,0,0,0,0,0,0,1,1,6,1,-1,-1,-1,-1,-1,-1,-1,-1
201520W021015,2,1,0,18,0,0,0,0,0,0,4,1,6,1,30,6,-1,-1,-1,-1,1,-1
201520W021035,1,9,0,18,0,0,0,0,0,0,1,1,6,1,21,5,1896,2,9,-1,1,-1
201520W021035,2,9,0,18,0,0,0,0,0,0,2,1,6,1,38,7,1596,1,12,-1,1,-1
201520W021075,1,9,0,9,0,5,0,0,0,0,1,1,6,1,22,5,1598,1,10,-1,1,-1
201520W021105,1,9,0,4,0,0,0,0,0,0,1,1,6,1,52,8,2793,1,18,-1,1,-1
201520W021115,1,9,0,9,0,8,0,0,0,0,4,1,6,1,43,7,1968,2,7,-1,1,-1
201520W021115,2,5,0,18,0,8,0,0,0,0,1,1,6,1,29,6,998,1,6,-1,1,-1
201520W021125,1,9,0,18,0,0,0,4,0,0,1,1,6,1,34,6,1198,1,11,-1,1,-1
201520W021125,2,9,0,2,0,0,0,4,0,0,1,1,6,3,-1,-1,1951,2,14,-1,1,-1
201520W021125,3,9,0,2,0,0,0,4,0,0,2,1,6,3,-1,-1,1560,2,10,-1,1,-1
201520W021125,4,9,0,2,0,0,0,4,0,0,2,1,6,3,-1,-1,-1,-1,-1,-1,1,-1
201520W021135,1,9,0,18,0,2,0,0,0,0,1,1,6,1,-1,-1,1968,2,5,-1,-1,-1
201520W021135,2,9,0,4,0,2,0,0,0,0,2,1,6,1,59,9,2231,2,8,-1,1,-1
201520W021175,1,9,0,18,0,8,1,10,1,7,1,1,6,2,17,4,1360,1,12,-1,1,-1
201520W021175,2,9,0,7,0,8,0,10,1,0,1,1,6,1,53,8,1590,1,14,-1,1,-1
201520W021215,1,9,0,13,0,1,0,0,0,0,1,1,6,1,-1,-1,1598,1,10,-1,-1,-1
201520W021215,2,9,0,18,0,2,0,0,0,0,1,1,6,1,38,7,-1,-1,-1,-1,1,-1
201520W022325,1,9,0,18,0,1,0,0,0,0,1,1,6,1,21,5,1229,1,7,-1,1,-1
201520W022345,1,9,0,6,0,0,0,0,0,0,2,1,6,1,44,7,1587,1,13,-1,1,-1
201520W022345,2,9,0,18,0,0,0,0,0,0,1,1,6,1,40,7,1596,1,3,-1,1,-1
201520W022425,1,9,0,9,0,6,0,0,0,0,1,1,6,1,20,4,2143,2,1,-1,-1,-1
201520W022485,1,9,0,18,0,8,1,0,0,0,1,1,6,1,57,9,-1,-1,-1,-1,-1,-1
201520W022485,2,9,0,18,0,8,0,10,3,10,3,1,6,2,55,8,-1,-1,-1,-1,1,-1
201520W022515,1,9,0,9,0,8,0,0,0,0,4,1,6,2,20,4,1364,1,7,-1,1,-1
201520W022515,2,3,0,18,0,8,0,0,0,0,1,1,6,1,15,3,-1,-1,-1,-1,1,-1
201520W022935,1,9,0,18,0,4,0,10,7,4,1,1,1,1,-1,-1,1598,1,7,-1,-1,-1
201520W022935,2,9,0,17,0,8,0,0,0,0,4,1,6,1,32,6,1968,2,10,-1,1,-1
201520W022935,3,9,0,18,0,8,0,0,0,0,0,1,1,1,-1,-1,2993,2,2,-1,-1,-1
201520W022985,1,9,0,18,0,8,0,0,0,0,1,1,6,1,57,9,875,1,1,-1,1,-1
201520W022985,2,9,0,18,0,8,0,0,1,10,2,1,6,1,30,6,1397,1,6,-1,1,-1
201520W023245,1,9,0,18,0,8,0,0,0,0,3,1,2,2,22,5,1242,1,6,-1,1,-1
201520W023245,2,20,0,18,0,8,0,0,0,0,1,1,1,3,-1,-1,5880,2,9,-1,-1,-1
201520W023375,1,9,0,18,0,1,0,0,0,0,1,1,6,3,-1,-1,-1,-1,-1,-1,-1,-1
201520W023375,2,1,0,18,0,1,0,0,0,0,2,1,6,1,48,8,-1,-1,-1,-1,1,-1
201520W023435,1,9,0,7,0,8,0,0,0,0,1,1,6,2,51,8,1299,1,12,-1,1,-1
201520W023565,1,9,0,18,0,1,0,0,0,0,1,1,1,2,28,6,1399,2,6,-1,1,-1
201520W023575,1,9,0,3,0,3,0,0,0,0,3,1,6,1,-1,-1,1997,2,-1,-1,-1,-1
201520W023575,2,1,0,18,0,3,0,0,0,0,1,1,6,1,24,5,-1,-1,-1,-1,1,-1
201520W023595,1,9,0,18,0,0,0,0,0,0,1,1,6,1,-1,-1,1496,2,-1,-1,-1,-1
201520W023595,2,9,0,3,0,0,0,0,0,0,2,1,6,1,46,8,1248,1,5,-1,1,-1
201520W023635,1,9,0,18,5,1,0,0,0,0,1,1,6,1,53,8,-1,-1,-1,-1,1,-1
201520W023635,2,9,0,7,5,1,0,0,0,0,2,1,6,1,30,6,998,1,11,-1,1,-1
201520W023755,1,9,0,1,0,7,0,0,0,0,2,1,6,1,32,6,1600,1,4,-1,1,-1
201520W023775,1,8,0,5,0,1,0,0,0,0,4,1,1,1,-1,-1,1896,2,6,-1,1,-1
201520W023785,1,9,0,18,0,0,0,4,0,0,1,1,6,1,-1,-1,1598,2,3,-1,-1,-1
201520W023785,2,9,0,4,0,0,0,0,0,0,2,1,6,1,30,6,1461,2,12,-1,1,-1
201520W023785,3,9,0,2,0,0,0,0,0,0,3,1,6,3,-1,-1,-1,-1,-1,-1,-1,-1
201520W023805,1,9,0,18,0,4,0,0,0,0,1,1,6,1,21,5,1586,1,1,-1,1,-1
201520W023805,2,9,0,18,0,8,0,0,3,0,4,1,6,1,28,6,1968,2,5,-1,1,-1
201520W023895,1,1,0,18,0,0,0,0,0,0,1,1,6,1,28,6,-1,-1,-1,-1,1,-1
201520W023895,2,19,0,13,0,0,0,0,0,0,3,1,1,1,60,9,1461,2,4,-1,3,-1
201520W023955,1,19,0,1,9,1,0,0,1,0,2,1,6,1,-1,-1,-1,-1,-1,-1,-1,-1
201520W024065,1,9,0,18,0,0,0,0,0,0,1,1,6,2,38,7,1794,1,10,-1,1,-1
201520W024095,1,9,0,18,0,8,0,4,0,0,4,1,6,1,-1,-1,1900,2,8,-1,-1,-1
201520W024095,2,9,0,18,0,8,0,0,0,0,1,1,1,1,44,7,1560,2,4,-1,1,-1
201520W024095,3,9,0,2,0,2,0,0,0,0,1,1,6,3,-1,-1,-1,-1,-1,-1,-1,-1
201520W025055,1,9,0,18,0,1,0,0,0,0,1,1,6,1,-1,-1,2497,1,11,-1,-1,-1
201520W025055,2,9,0,3,0,1,0,0,0,0,2,1,1,1,50,8,1995,2,12,-1,1,-1
201520W025195,1,9,0,18,0,6,0,0,0,0,4,1,2,2,24,5,1390,1,3,-1,1,-1
201520W025195,2,19,0,15,0,8,0,0,0,0,1,1,6,1,-1,-1,-1,-1,-1,-1,-1,-1
201520W025215,1,9,0,9,0,8,0,10,8,10,4,1,6,1,20,4,1229,1,10,-1,1,-1
201520W025215,2,9,0,18,0,8,0,10,1,10,1,1,6,1,25,5,1590,1,12,-1,1,-1
201520W025225,1,3,0,4,0,1,0,0,0,0,1,1,6,1,54,8,124,1,1,-1,1,-1
201520W025225,2,3,0,4,0,1,0,0,0,0,2,1,6,1,35,6,124,1,1,-1,1,-1
201520W025235,1,9,0,18,0,1,0,0,0,0,1,1,6,1,74,10,1086,1,9,-1,1,-1
201520W025235,2,9,0,3,0,1,0,0,0,0,2,1,2,1,58,9,1995,2,3,-1,1,-1
201520W025265,1,9,0,1,0,5,0,0,0,0,2,1,6,1,56,9,1991,1,2,-1,1,-1
201520W025365,1,9,0,4,0,1,0,0,0,0,1,1,6,1,-1,-1,1910,2,8,-1,-1,-1
201520W025365,2,9,0,3,0,1,0,0,0,0,2,1,6,1,26,6,1229,1,9,-1,1,-1
201520W025365,3,9,0,3,0,1,0,0,0,0,2,1,2,1,43,7,1781,1,10,-1,1,-1
201520W025415,1,9,0,9,0,8,0,0,0,0,1,1,2,2,34,6,1296,1,8,-1,1,-1
201520W025415,2,5,0,18,0,8,0,0,0,0,1,1,2,1,43,7,1298,1,12,-1,1,-1
201520W025465,1,9,0,18,0,1,0,0,0,0,1,1,6,1,-1,-1,1753,2,12,-1,-1,-1
201520W025465,2,9,0,3,0,1,0,0,0,0,2,1,2,2,44,7,1598,1,9,-1,1,-1
201520W025525,1,9,0,18,0,2,0,0,0,0,1,1,1,1,36,7,1896,2,7,-1,1,-1
201520W025565,1,9,0,7,0,4,0,0,0,0,4,1,6,1,-1,-1,1390,1,11,-1,1,-1
201520W025565,2,9,0,7,0,4,0,0,0,0,3,1,6,1,36,7,998,1,7,-1,1,-1
201520W025695,1,9,0,9,0,8,0,0,0,0,1,1,6,1,-1,-1,-1,-1,-1,-1,-1,-1
201520W025695,2,8,0,4,0,8,0,0,0,0,1,1,1,1,53,8,1769,1,9,-1,1,-1
201520W025705,1,11,0,9,0,5,0,0,0,0,1,1,1,1,-1,-1,-1,-1,-1,-1,-1,-1
201520W025835,1,9,0,9,0,6,0,0,0,0,2,1,2,1,53,8,1968,2,5,-1,1,-1
201520W025835,2,3,0,18,0,2,0,0,0,0,1,1,2,1,31,6,125,1,1,-1,1,-1
201520W025975,1,9,0,18,0,2,0,0,0,0,4,1,6,2,-1,-1,-1,-1,-1,-1,-1,-1
201520W026275,1,9,0,12,0,8,0,0,0,0,2,1,6,2,-1,-1,-1,-1,-1,-1,-1,-1
201520W026275,2,8,0,18,0,8,1,0,0,0,1,1,6,1,-1,-1,1997,2,12,-1,-1,-1
201520W026305,1,9,0,18,0,0,0,0,0,0,3,1,6,1,-1,-1,1598,1,13,-1,-1,-1
201520W026435,1,9,0,18,0,1,0,0,0,0,1,1,6,1,-1,-1,1968,2,8,-1,-1,-1
201520W026605,1,9,0,9,0,8,0,0,0,0,1,1,6,1,32,6,1850,1,14,-1,1,-1
201520W026605,2,3,0,18,0,8,0,0,0,0,1,1,6,2,23,5,108,1,3,-1,1,-1
201520W026625,1,19,0,18,0,1,0,0,0,0,1,1,6,1,-1,-1,1998,2,12,-1,-1,-1
201520W026765,1,9,0,5,0,8,0,0,0,0,1,1,1,1,34,6,1896,2,12,-1,1,-1
201520W026765,2,9,0,18,0,8,0,0,0,0,4,1,6,1,32,6,1968,2,4,-1,1,-1
201520W026835,1,9,0,18,0,1,0,0,0,0,1,1,6,1,37,7,1590,1,11,-1,2,-1
201520W026835,2,9,0,9,0,6,0,0,0,0,1,1,6,1,-1,-1,-1,-1,-1,-1,-1,-1
201520W027125,1,9,0,18,0,2,0,0,0,0,1,1,6,3,-1,-1,-1,-1,-1,-1,-1,-1
201520W027195,1,9,0,4,0,0,0,0,0,0,2,1,6,2,34,6,1896,2,8,-1,1,-1
201520W027195,2,9,0,4,0,0,0,0,0,0,2,1,6,1,-1,-1,2204,2,8,-1,-1,-1
201520W027195,3,9,0,4,0,0,0,0,0,0,1,1,6,1,-1,-1,1390,1,8,-1,-1,-1
201520W027285,1,11,0,18,0,1,0,0,0,0,3,1,1,1,-1,-1,9000,2,7,-1,-1,-1
201520W027285,2,5,0,13,0,1,1,0,0,0,1,1,6,1,-1,-1,-1,-1,-1,-1,-1,-1
201520W027455,1,9,0,3,0,1,0,0,0,0,2,1,6,2,25,5,1968,2,8,-1,1,-1
201520W027455,2,9,0,4,0,1,1,0,0,0,1,1,6,1,27,6,1796,1,11,-1,1,-1
201520W027495,1,9,0,5,0,0,0,0,0,0,1,1,6,2,26,6,1497,8,1,-1,1,-1
201520W027695,1,9,0,14,0,1,0,0,0,0,1,1,6,1,27,6,1242,1,7,-1,1,-1
201520W027695,2,19,0,2,0,1,0,0,0,0,0,1,6,3,-1,-1,-1,-1,-1,-1,-1,-1
201520W027705,1,9,0,9,0,5,0,10,1,10,1,1,6,2,31,6,998,1,17,-1,1,-1
201520W027705,2,9,0,18,0,8,0,0,0,0,1,1,6,1,30,6,1762,1,22,-1,1,-1
201520W027715,1,19,0,4,0,1,0,0,0,0,4,1,1,1,30,6,2402,2,8,-1,1,-1
201520W027715,2,1,0,5,0,1,0,0,0,0,4,1,6,1,10,2,-1,-1,-1,-1,1,-1
201520W027715,3,1,0,5,0,1,0,0,0,0,0,1,6,1,14,3,-1,-1,-1,-1,1,-1
201520W027915,1,9,0,18,0,4,0,0,0,0,1,1,6,1,25,5,1984,1,9,-1,1,-1
201520W027915,2,9,0,18,0,4,0,10,7,7,3,1,2,1,44,7,1618,1,2,-1,1,-1
201520W027965,1,9,0,18,0,4,0,0,0,0,3,1,6,1,63,9,1560,2,7,-1,1,-1
201520W027965,2,9,0,18,0,3,0,0,0,0,1,1,6,1,22,5,1600,1,11,-1,1,-1
201520W028285,1,9,0,7,0,5,0,0,0,0,1,1,6,1,-1,-1,1686,2,5,-1,-1,-1
201520W028345,1,9,0,4,0,0,0,0,0,0,1,1,1,2,19,4,998,1,10,-1,1,-1
201520W028345,2,9,0,4,0,0,0,0,0,0,2,1,1,2,41,7,998,1,14,-1,-1,-1
201520W028345,3,9,0,4,0,0,0,0,0,0,2,1,1,2,37,7,1968,2,-1,-1,1,-1
201520W028365,1,9,0,7,0,2,0,0,0,0,2,1,6,1,20,4,1362,1,2,-1,1,-1
201520W028365,2,9,0,7,0,2,0,0,0,0,1,1,6,3,-1,-1,1700,2,14,-1,1,-1
201520W028375,1,9,0,18,0,0,0,0,0,0,1,1,2,1,33,6,2000,1,11,-1,1,-1
201520W028525,1,9,0,18,0,4,0,0,0,0,1,1,6,1,30,6,1560,2,3,-1,1,-1
201520W028525,2,9,0,18,0,3,0,0,0,0,1,1,6,1,48,8,-1,-1,-1,-1,1,-1
201520W028625,1,9,0,18,0,5,0,0,0,0,4,1,6,2,33,6,1198,1,5,-1,1,-1
201520W028625,2,1,0,18,0,8,0,0,0,0,1,1,2,1,42,7,-1,-1,-1,-1,1,-1
201520W028685,1,9,0,5,0,6,0,0,0,0,1,1,2,1,23,5,1560,2,2,-1,1,-1
201520W028685,2,9,0,18,0,8,5,0,0,0,1,1,2,1,21,5,1229,1,9,-1,1,-1
201520W028685,3,8,0,18,0,1,0,4,0,0,3,1,6,1,68,10,2402,2,13,-1,1,-1
201520W028685,4,9,0,2,0,1,0,0,0,0,1,1,6,1,22,5,1368,1,6,-1,1,-1
201520W028785,1,9,0,9,0,4,0,0,0,0,1,1,2,1,42,7,1896,2,13,-1,1,-1
201520W028785,2,9,0,18,0,8,0,0,0,0,1,1,2,1,41,7,1248,2,6,-1,1,-1
201520W028805,1,9,0,13,0,0,0,0,0,0,1,1,1,1,-1,-1,2993,2,3,-1,-1,-1
201520W028805,2,9,0,4,0,0,0,0,0,0,2,1,6,1,20,4,1248,2,8,-1,1,-1
201520W028815,1,9,0,5,0,6,0,0,0,0,1,1,6,1,-1,-1,-1,-1,-1,-1,-1,-1
201520W028815,2,9,0,18,0,8,0,4,0,0,3,1,6,2,24,5,1242,1,2,-1,1,-1
201520W028815,3,9,0,2,0,2,0,0,0,0,3,1,6,1,54,8,1968,2,-1,-1,1,-1
201520W028825,1,9,0,5,0,0,0,0,0,0,1,1,2,1,33,6,1422,2,7,-1,1,-1
201520W028825,2,9,0,4,0,0,0,0,0,0,2,1,2,1,30,6,1560,2,4,-1,1,-1
201520W028825,3,9,0,4,0,0,0,0,0,0,3,1,2,1,27,6,1388,1,5,-1,1,-1
201520W028825,4,9,0,4,0,0,0,0,0,0,2,1,2,1,36,7,1794,7,7,-1,1,-1
201520W028925,1,9,0,18,0,1,0,4,0,0,1,1,6,1,27,6,1392,1,15,-1,-1,-1
201520W028925,2,9,0,18,0,1,0,0,0,0,2,1,6,1,59,9,1149,1,10,-1,1,-1
201520W028925,3,9,0,2,0,1,0,4,0,0,2,1,6,1,-1,-1,-1,-1,-1,-1,1,-1
201520W028925,4,9,0,2,0,1,0,0,0,0,2,1,6,2,-1,-1,-1,-1,-1,-1,1,-1
201520W028925,5,9,0,2,0,1,0,0,0,0,2,1,6,3,27,6,1197,1,-1,-1,1,-1
201520W028935,1,9,0,5,0,4,0,0,0,0,1,1,6,1,24,5,1900,2,10,-1,1,-1
201520W028935,2,1,0,18,0,8,0,0,0,0,1,1,6,1,37,7,-1,-1,-1,-1,1,-1
201520W028995,1,9,0,18,0,0,0,0,0,0,1,1,6,1,77,11,1560,2,3,-1,1,-1
201520W028995,2,9,0,18,0,0,0,0,0,0,1,1,6,2,54,8,1341,1,10,-1,1,-1
201520W029045,1,9,0,9,0,2,0,0,0,0,1,1,6,2,32,6,1497,1,9,-1,1,-1
201520W029075,1,9,0,14,0,0,0,0,0,0,0,1,6,1,-1,-1,-1,-1,-1,-1,-1,-1
201520W029105,1,9,0,18,0,8,0,0,0,0,1,1,6,2,39,7,1998,1,10,-1,1,-1
201520W029105,2,8,0,18,0,8,0,0,0,0,4,1,1,1,52,8,1762,1,16,-1,1,-1
201520W029145,1,9,0,18,0,0,0,10,1,5,1,1,6,2,42,7,1339,1,8,-1,1,-1
201520W029155,1,9,0,5,0,1,0,0,0,0,1,1,6,1,39,7,1598,1,7,-1,1,-1
201520W029155,2,9,0,18,0,1,0,0,0,0,2,1,6,2,22,5,1598,2,5,-1,1,-1
201520W029175,1,9,0,18,0,4,0,0,0,0,4,1,6,2,28,6,1461,2,1,-1,-1,-1
201520W029175,2,19,0,18,0,6,0,0,0,0,1,1,6,1,-1,-1,-1,-1,-1,-1,-1,-1
201520W029255,1,9,0,13,0,1,0,10,7,10,1,1,6,2,23,5,998,1,1,-1,1,-1
201520W029255,2,9,0,9,0,1,0,0,0,0,0,1,6,1,32,6,1984,1,9,-1,1,-1
201520W029285,1,9,0,2,0,0,0,0,0,0,2,1,6,1,28,6,-1,-1,-1,-1,1,-1
201520W029285,2,19,0,18,0,0,0,4,0,0,1,1,6,3,-1,-1,-1,-1,-1,-1,-1,-1
201520W029535,1,9,0,18,0,0,0,0,0,0,3,1,6,1,-1,-1,1360,1,9,-1,-1,-1
201520W029535,2,9,0,18,0,0,0,0,0,0,4,1,6,1,44,7,1995,2,4,-1,1,-1
201520W029645,1,9,0,18,0,0,0,4,0,0,1,1,6,2,33,6,-1,-1,-1,-1,1,-1
201520W029645,2,9,0,2,0,0,0,0,0,0,2,1,6,2,51,8,1910,2,10,-1,1,-1
201520W029645,3,9,0,2,0,0,0,0,0,0,2,1,6,1,55,8,1997,2,13,-1,1,-1
201520W029685,1,9,0,18,0,1,0,0,0,0,4,1,6,1,-1,-1,-1,-1,-1,-1,-1,-1
201520W029695,1,9,0,5,0,2,0,0,0,0,3,1,6,3,-1,-1,-1,-1,-1,-1,-1,-1
201520W029705,1,8,0,18,0,8,0,0,0,0,1,1,1,1,26,6,1995,2,6,-1,1,-1
201520W029705,2,9,0,18,0,8,0,7,1,1,3,1,2,1,21,5,1560,2,9,-1,1,-1
201520W029725,1,9,0,12,0,2,0,0,0,0,3,1,1,2,25,5,1598,1,2,-1,1,-1
201520W029725,2,3,0,5,0,2,0,0,0,0,4,1,1,1,26,6,125,1,12,-1,1,-1
201520W029735,1,9,0,7,0,5,0,0,0,0,1,1,3,1,38,7,1461,2,9,-1,1,-1
201520W029745,1,9,0,18,0,0,0,0,0,0,1,1,1,1,25,5,998,1,15,-1,1,-1
201520W029745,2,9,0,18,0,0,0,0,0,0,1,1,6,1,31,6,1461,2,1,-1,1,-1
201520W029755,1,9,0,18,0,0,0,4,0,0,4,1,6,2,39,7,1995,2,4,-1,1,-1
201520W029755,2,19,0,2,6,0,0,0,0,0,3,1,6,3,-1,-1,1461,2,3,-1,-1,-1
201520W029775,1,9,0,14,0,1,0,0,0,0,4,1,6,2,21,5,2184,2,10,-1,1,-1
201520W029805,1,9,0,18,0,1,0,0,0,0,1,1,6,1,-1,-1,998,1,9,-1,1,-1
201520W029805,2,3,0,4,0,1,0,0,0,0,2,1,6,1,29,6,124,1,6,-1,1,-1
201520W029815,1,9,0,18,0,0,0,0,0,0,3,1,6,1,26,6,1329,1,3,-1,1,-1
201520W029835,1,3,0,18,0,8,2,10,1,0,1,1,4,1,18,4,124,1,3,-1,1,-1
201520W029835,2,9,0,1,0,6,0,0,0,0,0,1,3,1,72,10,1587,1,12,-1,1,-1
201520W029885,1,9,0,4,0,1,0,0,0,0,1,1,6,2,-1,-1,1197,1,1,-1,-1,-1
201520W029885,2,9,0,3,0,1,0,0,0,0,2,1,6,1,43,7,1461,2,10,-1,1,-1
201520W030055,1,11,0,4,0,8,1,0,0,0,1,1,1,1,50,8,8268,2,14,-1,1,-1
201520W030055,2,9,0,5,0,8,1,10,7,10,4,1,2,2,25,5,1796,1,8,-1,1,-1
201520W030075,1,9,0,18,0,4,0,0,0,0,2,1,6,3,-1,-1,-1,-1,-1,-1,-1,-1
201520W030135,1,9,0,14,0,1,0,0,0,0,4,1,6,1,36,7,2148,2,9,-1,1,-1
201520W030295,1,9,0,9,0,8,0,0,0,0,0,1,2,3,-1,-1,-1,-1,-1,-1,-1,-1
201520W030295,2,9,0,18,0,8,1,10,1,10,1,1,2,1,-1,-1,2387,2,14,-1,1,-1
201520W030305,1,9,0,18,0,1,0,0,0,0,1,1,6,1,38,7,1968,2,1,-1,1,-1
201520W030365,1,11,0,18,2,2,0,0,0,0,4,1,1,1,54,8,6696,2,2,-1,1,-1
201520W030385,1,9,0,18,0,0,0,0,0,0,4,1,6,3,-1,-1,-1,-1,-1,-1,-1,-1
201520W030415,1,8,0,18,0,0,1,0,0,0,1,1,1,1,-1,-1,2362,1,9,-1,-1,-1
201520W030485,1,9,0,18,0,0,0,0,0,0,1,1,6,2,-1,-1,-1,-1,-1,-1,-1,-1
201520W030525,1,21,0,5,0,4,0,0,0,0,1,1,1,1,51,8,-1,-1,-1,-1,1,-1
201520W030525,2,9,0,11,0,3,0,10,7,1,4,1,6,1,22,5,1896,2,13,-1,1,-1
201520W030565,1,9,0,9,0,5,0,0,0,0,1,1,6,3,-1,-1,-1,-1,-1,-1,-1,-1
201520W030635,1,9,0,9,0,6,0,0,0,0,2,1,6,2,39,7,1242,1,9,-1,3,-1
201520W030635,2,9,0,3,0,2,0,0,0,0,3,1,6,1,37,7,1248,2,11,-1,1,-1
201520W030645,1,9,0,18,0,1,0,0,0,0,1,1,6,1,-1,-1,-1,-1,-1,-1,-1,-1
201520W030645,2,8,0,18,0,1,0,0,0,0,2,1,6,1,60,9,2231,2,9,-1,1,-1
201520W030745,1,9,0,4,0,0,0,0,0,0,1,1,6,2,-1,-1,1242,1,4,-1,1,-1
201520W030745,2,9,0,3,0,0,0,0,0,0,2,1,3,1,49,8,1794,1,9,-1,1,-1
201520W030755,1,9,0,18,0,8,0,0,0,0,4,1,6,2,26,6,1299,1,12,-1,1,-1
201520W030755,2,9,0,9,0,8,0,0,0,0,1,1,6,1,-1,-1,1248,2,10,-1,-1,-1
201520W030785,1,9,0,9,0,4,1,4,0,0,1,1,6,1,27,6,1392,1,17,-1,1,-1
201520W030785,2,9,0,18,0,1,1,0,0,0,1,1,6,2,33,6,2993,2,-1,-1,1,-1
201520W030785,3,9,0,2,0,1,0,0,0,0,3,1,6,2,-1,-1,1995,2,7,-1,1,-1
201520W030785,4,9,0,2,0,1,0,0,0,0,2,1,6,1,-1,-1,1968,2,8,-1,1,-1
201520W030875,1,9,0,5,0,0,0,0,0,0,3,1,6,1,32,6,1997,2,11,-1,1,-1
201520W030875,2,3,0,18,0,0,0,4,0,0,4,1,6,1,28,6,102,1,10,-1,1,-1
201520W030875,3,9,0,2,0,0,0,0,0,0,4,1,6,1,-1,-1,2000,2,10,-1,1,-1
201520W030915,1,9,0,18,0,1,0,0,0,0,1,1,6,1,35,6,1995,2,11,-1,1,-1
201520W030915,2,9,0,3,0,1,0,0,0,0,2,1,6,2,40,7,1968,2,5,-1,1,-1
201520W031025,1,9,0,18,9,0,0,10,7,2,1,1,6,1,20,4,2967,1,15,-1,1,-1
201520W031055,1,9,0,3,0,8,0,0,0,0,1,1,6,1,40,7,2993,2,10,-1,1,-1
201520W031055,2,9,0,9,0,6,0,0,0,0,4,1,6,2,38,7,1396,1,11,-1,1,-1
201520W031195,1,9,0,5,0,1,0,0,0,0,1,1,1,1,41,7,1598,1,7,-1,3,-1
201520W031275,1,9,0,9,0,1,0,0,0,0,3,1,2,2,51,8,-1,-1,-1,-1,1,-1
201520W031275,2,9,0,18,0,1,0,0,0,0,1,1,2,2,33,6,1388,1,10,-1,1,-1