Accident_Index,Vehicle_Reference,Vehicle_Type,Towing_and_Articulation,Vehicle_Manoeuvre,Vehicle_Location-Restricted_Lane,Junction_Location,Skidding_and_Overturning,Hit_Object_in_Carriageway,Vehicle_Leaving_Carriageway,Hit_Object_off_Carriageway,1st_Point_of_Impact,Was_Vehicle_Left_Hand_Drive?,Journey_Purpose_of_Driver,Sex_of_Driver,Age_of_Driver,Age_Band_of_Driver,Engine_Capacity_(CC),Propulsion_Code,Age_of_Vehicle,Driver_IMD_Decile,Driver_Home_Area_Type,Vehicle_IMD_Decile
201520W031365,1,9,0,9,0,5,0,0,0,0,1,1,6,2,25,5,1984,1,13,-1,1,-1
201520W031365,2,9,0,18,0,8,0,0,0,0,1,1,6,1,50,8,1798,1,7,-1,1,-1
201520W031375,1,9,0,9,0,1,0,0,0,0,2,1,1,1,32,6,1598,1,8,-1,1,-1
201520W031375,2,5,0,13,0,1,1,0,0,0,1,1,1,1,23,5,1050,1,9,-1,-1,-1
201520W031455,1,9,0,18,0,0,0,0,0,0,3,1,6,1,38,7,1796,1,11,-1,1,-1
201520W031455,2,9,0,6,0,0,0,0,0,0,1,1,6,1,-1,-1,1596,1,10,-1,-1,-1
201520W031605,1,9,0,18,0,1,0,0,0,0,1,1,6,1,25,5,1796,1,12,-1,1,-1
201520W031605,2,9,0,3,0,1,0,0,0,0,2,1,6,3,-1,-1,-1,-1,-1,-1,-1,-1
201520W031685,1,9,0,9,0,6,0,0,0,0,1,1,6,2,41,7,1240,1,10,-1,1,-1
201520W031685,2,9,0,9,0,1,0,0,0,0,3,1,6,2,28,6,1595,1,8,-1,1,-1
201520W031705,1,9,0,8,0,5,0,0,0,0,1,1,6,3,-1,-1,-1,-1,-1,-1,-1,-1
201520W031705,2,8,0,18,0,8,0,0,0,0,4,1,1,1,46,8,2664,2,16,-1,-1,-1
201520W031725,1,9,0,3,0,1,0,0,0,0,2,1,6,2,-1,-1,1598,2,1,-1,-1,-1
201520W031725,2,9,0,3,0,1,0,0,0,0,2,1,6,2,29,6,1398,1,2,-1,1,-1
201520W031725,3,9,0,18,0,1,0,0,0,0,1,1,6,1,-1,-1,1995,2,5,-1,-1,-1
201520W031865,1,9,0,18,0,0,0,0,0,0,2,1,6,2,-1,-1,1390,1,12,-1,1,-1
201520W031865,2,9,0,18,0,0,0,0,0,0,1,1,6,2,25,5,998,1,6,-1,1,-1
201520W031885,1,9,0,5,0,1,0,0,0,0,1,1,1,2,43,7,1956,2,3,-1,1,-1
201520W031895,1,9,0,18,0,0,0,10,1,0,1,1,6,1,22,5,2000,2,10,-1,1,-1
201520W031895,2,9,0,18,0,0,0,0,0,0,1,1,6,2,37,7,2143,2,-1,-1,1,-1
201520W032025,1,9,0,18,0,8,0,0,0,0,1,1,2,2,39,7,1796,2,3,-1,1,-1
201520W032025,2,9,0,18,0,8,0,0,0,0,2,1,2,1,28,6,1798,1,9,-1,1,-1
201520W032025,3,9,0,18,0,8,0,0,0,0,2,1,2,2,42,7,1996,1,13,-1,1,-1
201520W032025,4,9,0,18,0,8,0,0,0,0,2,1,2,1,34,6,1240,1,12,-1,1,-1
201520W032035,1,9,0,18,0,0,5,4,0,0,4,1,6,1,24,5,1896,2,8,-1,1,-1
201520W032035,2,9,0,2,0,0,0,0,0,0,4,1,6,1,37,7,2999,2,9,-1,1,-1
201520W032035,3,9,0,2,0,0,0,0,0,0,4,1,6,1,20,4,1598,1,9,-1,1,-1
201520W032225,1,11,0,4,0,0,0,0,0,0,1,1,1,1,36,7,7300,2,10,-1,1,-1
201520W032235,1,9,0,9,0,6,0,0,0,0,1,1,6,1,37,7,2967,1,15,-1,1,-1
201520W032235,2,9,0,18,0,8,0,0,0,0,3,1,6,1,32,6,1686,2,9,-1,1,-1
201520W032275,1,9,0,9,0,6,0,0,0,0,3,1,2,1,25,5,1995,2,5,-1,1,-1
201520W032275,2,1,0,14,0,8,0,0,0,0,1,1,6,2,57,9,-1,-1,-1,-1,1,-1
201520W032295,1,9,0,7,0,2,0,0,0,0,1,1,6,1,-1,-1,1396,7,10,-1,1,-1
201520W032295,2,9,0,7,0,2,0,0,0,0,2,1,6,1,56,9,1198,1,12,-1,1,-1
201520W032355,1,9,0,1,0,0,0,0,0,0,2,1,6,1,-1,-1,1587,1,13,-1,-1,-1
201520W032575,1,9,0,18,0,1,0,0,0,0,1,1,6,1,24,5,1299,1,13,-1,-1,-1
201520W032575,2,9,0,3,0,1,0,0,0,0,2,1,6,2,29,6,1598,2,3,-1,1,-1
201520W032615,1,9,0,18,0,4,0,0,0,0,1,1,6,1,31,6,1360,1,14,-1,1,-1
201520W032615,2,9,0,18,0,4,1,0,0,0,3,1,6,1,73,10,1986,2,9,-1,1,-1
201520W032625,1,9,0,4,0,1,0,0,0,0,1,1,6,1,-1,-1,1598,1,14,-1,-1,-1
201520W032625,2,9,0,3,0,1,0,0,0,0,2,1,6,1,21,5,1590,1,11,-1,1,-1
201520W032695,1,9,0,3,0,1,0,0,0,0,2,1,6,1,42,7,1388,1,12,-1,1,-1
201520W032695,2,9,0,18,0,1,0,0,0,0,1,1,6,3,-1,-1,1229,1,10,-1,-1,-1
201520W033125,1,9,0,1,9,0,0,0,0,0,2,1,6,2,30,6,1600,2,6,-1,1,-1
201520W033135,1,8,0,1,0,2,0,0,0,0,2,1,6,1,41,7,1796,1,11,-1,1,-1
201520W033365,1,9,0,3,0,1,0,0,0,0,2,1,6,1,34,6,1797,8,5,-1,1,-1
201520W033365,2,9,0,4,0,1,0,0,0,0,1,1,6,3,-1,-1,973,1,15,-1,3,-1
201520W033375,1,1,0,4,0,0,0,0,0,0,3,1,6,1,44,7,-1,-1,-1,-1,1,-1
201520W033375,2,9,0,4,0,0,0,0,0,0,3,1,6,1,70,10,1124,1,13,-1,1,-1
201520W033375,3,9,0,18,0,0,0,0,0,0,0,1,6,3,-1,-1,1198,1,7,-1,-1,-1
201520W033415,1,21,5,5,0,0,0,0,0,0,1,1,1,1,-1,-1,11967,2,2,-1,-1,-1
201520W033425,1,9,0,18,0,0,1,10,1,7,2,1,2,2,43,7,1560,2,3,-1,-1,-1
201520W033425,2,9,0,18,0,0,1,4,1,10,3,1,2,1,46,8,1596,1,10,-1,1,-1
201520W033425,3,9,0,2,0,0,0,0,0,0,2,1,6,1,-1,-1,1753,2,12,-1,1,-1
201520W033515,1,90,0,18,9,0,0,0,0,0,1,1,6,1,-1,-1,2970,2,4,-1,-1,-1
201520W033535,1,9,0,18,0,1,0,0,1,10,1,1,6,3,-1,-1,1968,2,9,-1,-1,-1
201520W033535,2,9,0,3,0,1,0,0,0,0,4,1,6,1,27,6,1598,2,1,-1,1,-1
201520W033575,1,90,0,3,0,0,0,10,1,0,2,1,6,1,35,6,-1,-1,-1,-1,1,-1
201520W033575,2,9,0,18,0,0,0,0,0,0,1,1,6,3,-1,-1,-1,-1,-1,-1,-1,-1
201520W033595,1,9,0,18,0,0,0,4,0,0,2,1,2,2,26,6,1229,1,8,-1,1,-1
201520W033595,2,9,0,18,0,0,0,0,0,0,1,1,6,3,-1,-1,1461,2,11,-1,-1,-1
201520W033595,3,9,0,2,0,0,0,0,0,0,2,1,6,3,-1,-1,-1,-1,-1,-1,-1,-1
201520W033605,1,9,0,18,0,1,0,0,0,0,1,1,6,1,-1,-1,1598,1,10,-1,-1,-1
201520W033605,2,9,0,4,0,1,0,0,0,0,2,1,6,1,52,8,1560,2,6,-1,1,-1
201520W033605,3,9,0,4,0,1,0,0,0,0,2,1,6,1,73,10,1956,2,4,-1,1,-1
201520W033645,1,9,0,18,2,8,0,0,0,0,1,1,6,1,20,4,1390,1,9,-1,1,-1
201520W033645,2,9,0,8,0,1,0,0,0,0,1,1,6,2,45,7,1388,1,12,-1,1,-1
201520W033645,3,9,0,18,0,8,0,0,0,0,1,1,6,1,45,7,1598,1,11,-1,-1,-1
201520W033735,1,9,0,18,0,0,0,0,0,0,1,1,6,1,-1,-1,-1,-1,-1,-1,-1,-1
201520W033735,2,9,0,18,0,0,0,0,0,0,2,1,6,1,21,5,2198,2,10,-1,1,-1
201520W033735,3,9,0,18,0,0,0,0,0,0,2,1,6,3,-1,-1,-1,-1,-1,-1,-1,-1
201520W033755,1,9,0,15,0,1,0,0,0,0,1,1,2,2,23,5,-1,-1,-1,-1,1,-1
201520W033775,1,9,0,9,0,5,0,0,0,0,1,1,6,1,76,11,698,1,11,-1,1,-1
201520W033775,2,9,0,18,0,8,0,0,0,0,3,1,6,1,38,7,1984,1,5,-1,1,-1
201520W033785,1,9,0,18,0,8,0,0,0,0,1,1,6,2,66,10,1991,2,6,-1,1,-1
201520W033785,2,1,0,18,0,8,0,0,3,6,1,1,6,1,11,3,-1,-1,-1,-1,-1,-1
201520W033845,1,11,0,4,0,1,0,0,0,0,4,1,1,1,63,9,7300,2,14,-1,1,-1
201520W033855,1,3,0,18,0,8,0,0,0,0,1,1,6,1,-1,-1,125,1,4,-1,-1,-1
201520W033855,2,9,0,9,0,8,0,0,0,0,4,1,6,1,27,6,1995,2,8,-1,1,-1
201520W033875,1,9,0,3,0,0,0,0,0,0,1,1,3,1,37,7,2401,2,10,-1,1,-1
201520W033875,2,3,0,14,0,0,0,0,0,0,1,1,6,1,18,4,-1,-1,-1,-1,1,-1
201520W033885,1,9,0,18,0,6,5,10,7,1,4,1,6,2,27,6,1198,1,12,-1,1,-1
201520W033885,2,9,0,18,0,8,0,0,0,0,1,1,6,1,47,8,1991,2,12,-1,1,-1
201520W033895,1,9,0,1,0,0,0,0,0,0,2,1,6,1,-1,-1,-1,-1,-1,-1,-1,-1
201520W033925,1,5,0,18,0,2,1,4,1,0,4,1,6,1,34,6,-1,-1,-1,-1,1,-1
201520W033925,2,21,0,2,0,2,0,0,0,0,2,1,6,3,-1,-1,4580,2,9,-1,-1,-1
201520W033965,1,9,0,9,0,5,0,0,0,0,1,1,6,1,50,8,1870,2,10,-1,1,-1
201520W033965,2,9,0,18,0,8,0,0,1,0,3,1,6,1,39,7,2000,2,10,-1,1,-1
201520W033975,1,9,0,9,0,5,0,4,0,0,1,1,6,1,36,7,1397,1,12,-1,1,-1
201520W033975,2,9,0,2,0,2,0,0,0,0,2,1,6,2,28,6,1598,2,4,-1,1,-1
201520W034045,1,9,0,18,0,1,0,0,0,0,1,1,6,1,-1,-1,-1,-1,-1,-1,-1,-1
201520W034045,2,9,0,8,0,1,0,0,0,0,2,1,6,2,55,8,1124,1,8,-1,1,-1
201520W034115,1,9,0,18,0,2,0,0,0,0,1,1,6,2,-1,-1,1364,1,8,-1,-1,-1
201520W034115,2,9,0,18,0,2,0,0,0,0,2,1,2,2,35,6,2184,2,1,-1,1,-1
201520W034125,1,9,0,9,0,8,0,0,0,0,4,1,6,1,22,5,1199,2,4,-1,1,-1
201520W034125,2,9,0,18,0,8,0,0,0,0,1,1,6,1,24,5,1753,2,13,-1,1,-1
201520W034195,1,9,0,18,0,0,0,4,0,0,1,1,6,1,36,7,1997,2,13,-1,1,-1
201520W034195,2,9,0,2,0,0,1,4,0,0,1,1,6,1,25,5,1390,1,8,-1,1,-1
201520W034195,3,9,0,2,0,0,0,0,0,0,2,1,6,1,-1,-1,-1,-1,-1,-1,1,-1
201520W034275,1,9,0,18,0,1,0,0,0,0,2,1,6,1,-1,-1,1995,2,11,-1,-1,-1
201520W034275,2,9,0,8,0,1,0,0,0,0,2,1,6,1,30,6,-1,-1,-1,-1,1,-1
201520W034335,1,9,0,18,0,3,0,0,0,0,3,1,6,2,52,8,1388,1,2,-1,1,-1
201520W034335,2,9,0,18,0,3,0,0,0,0,1,1,6,1,50,8,3628,2,5,-1,1,-1
201520W034335,3,9,0,18,0,3,0,0,0,0,2,1,6,2,42,7,2199,2,3,-1,1,-1
201520W034355,1,11,0,5,0,0,0,0,0,0,4,1,1,1,40,7,-1,2,12,-1,1,-1
201520W034375,1,3,0,16,0,0,0,7,4,10,1,1,6,1,27,6,124,1,1,-1,1,-1
201520W034375,2,9,0,12,0,0,0,0,0,0,2,1,6,1,-1,-1,-1,-1,-1,-1,-1,-1
201520W034425,1,9,0,18,0,0,0,10,7,0,1,1,6,3,-1,-1,-1,-1,-1,-1,-1,-1
201520W034425,2,9,0,3,0,0,0,0,0,0,2,1,6,1,48,8,1390,1,13,-1,1,-1
201520W034455,1,3,0,18,0,0,5,0,0,0,4,1,1,1,23,5,123,1,-1,-1,1,-1
201520W034455,2,9,0,13,0,0,0,0,0,0,4,1,6,3,-1,-1,-1,-1,-1,-1,-1,-1
201520W034505,1,21,0,18,0,0,0,0,0,0,4,1,1,1,59,9,4461,2,3,-1,1,-1
201520W034535,1,9,0,6,0,0,0,0,0,0,4,1,1,1,46,8,1995,2,6,-1,1,-1
201520W034535,2,9,0,18,0,0,0,0,0,0,3,1,1,1,34,6,1396,2,4,-1,1,-1
201520W034585,1,9,0,18,0,0,0,0,0,0,1,1,6,2,48,8,1968,2,1,-1,1,-1
201520W034845,1,9,0,7,0,1,0,0,0,0,2,1,1,1,53,8,1242,1,1,-1,-1,-1
201520W034845,2,9,0,7,0,1,0,0,0,0,1,1,6,3,-1,-1,-1,-1,-1,-1,-1,-1
201520W034975,1,9,0,9,0,8,0,0,0,0,3,1,2,1,40,7,998,1,12,-1,1,-1
201520W034975,2,9,0,18,0,8,1,0,0,0,1,1,2,1,36,7,1392,1,19,-1,1,-1
201520W034985,1,9,0,7,0,6,0,0,0,0,3,1,6,2,35,6,1968,2,10,-1,-1,-1
201520W034985,2,9,0,18,0,8,0,0,0,0,1,1,6,2,25,5,1242,1,5,-1,1,-1
201520W035025,1,9,0,18,0,8,1,0,0,0,1,1,6,1,26,6,-1,-1,-1,-1,1,-1
201520W035125,1,9,0,7,0,6,0,0,0,0,1,1,6,1,73,10,2720,2,7,-1,1,-1
201520W035125,2,9,0,18,0,8,1,0,0,0,1,1,6,1,27,6,2000,1,16,-1,1,-1
201520W035135,1,9,0,5,0,8,0,0,0,0,1,1,2,1,23,5,1699,1,10,-1,1,-1
201520W035135,2,9,0,3,0,8,0,0,0,0,2,1,2,2,36,7,1397,1,6,-1,1,-1
201520W035145,1,9,0,4,0,1,0,0,0,0,1,1,6,1,25,5,1910,2,8,-1,1,-1
201520W035145,2,9,0,4,0,1,0,0,0,0,2,1,6,2,44,7,998,1,12,-1,1,-1
201520W035145,3,8,0,4,0,1,0,0,0,0,2,1,6,1,-1,-1,1896,2,7,-1,1,-1
201520W035235,1,9,0,18,0,8,0,0,0,0,1,1,6,1,32,6,1360,1,12,-1,1,-1
201520W035235,2,9,0,7,0,6,0,0,0,0,1,1,6,1,-1,-1,1390,1,10,-1,-1,-1
201520W035245,1,9,0,9,0,6,0,0,0,0,1,1,3,2,36,7,1587,1,11,-1,-1,-1
201520W035245,2,1,0,18,0,8,0,0,0,0,1,1,1,1,19,4,-1,-1,-1,-1,-1,-1
201520W035345,1,9,0,16,9,8,0,10,1,10,1,1,6,3,-1,-1,-1,-1,-1,-1,-1,-1
201520W035375,1,9,0,6,0,0,0,0,0,0,3,1,2,1,35,6,1199,1,14,-1,1,-1
201520W035375,2,9,0,18,0,0,0,0,0,0,1,1,6,1,50,8,1598,2,2,-1,1,-1
201520W035405,1,9,0,18,0,4,0,0,0,0,1,1,6,1,-1,-1,1984,1,7,-1,1,-1
201520W035405,2,1,0,9,0,3,0,0,0,0,1,1,6,1,37,7,-1,-1,-1,-1,1,-1
201520W035695,1,9,0,18,0,0,0,0,0,0,1,1,6,1,28,6,1390,1,3,-1,1,-1
201520W035695,2,9,0,18,0,0,0,0,0,0,1,1,6,1,47,8,1598,1,12,-1,1,-1
201520W035735,1,9,0,5,0,0,0,0,0,0,1,1,6,1,-1,-1,-1,-1,-1,-1,-1,-1
201520W035745,1,9,0,9,0,6,0,0,0,0,3,1,1,1,32,6,1595,1,17,-1,1,-1
201520W035745,2,3,0,18,0,8,0,0,0,0,2,1,1,1,23,5,125,1,-1,-1,1,-1
201520W035765,1,9,0,4,0,8,1,0,0,0,1,1,6,1,47,8,1998,2,10,-1,1,-1
201520W035765,2,9,0,18,0,8,0,0,0,0,2,1,6,1,73,10,1598,1,16,-1,1,-1
201520W035765,3,9,0,18,0,8,0,0,0,0,1,1,6,1,31,6,1198,1,9,-1,1,-1
201520W035825,1,8,0,9,0,5,0,0,0,0,1,1,1,1,47,8,1686,2,3,-1,1,-1
201520W035825,2,9,0,4,0,1,0,0,0,0,1,1,6,2,45,7,-1,-1,-1,-1,1,-1
201520W035835,1,9,0,9,0,5,0,0,0,0,4,1,3,2,36,7,1398,1,6,-1,1,-1
201520W035835,2,1,0,18,0,8,0,0,0,0,1,1,2,1,41,7,-1,-1,-1,-1,1,-1
201520W035935,1,19,0,1,0,1,0,0,0,0,2,1,1,1,47,8,1560,2,6,-1,1,-1
201520W036075,1,9,0,9,0,8,0,0,0,0,1,1,1,2,45,7,1896,2,7,-1,1,-1
201520W036075,2,9,0,18,0,8,0,0,0,0,1,1,6,2,34,6,1997,2,11,-1,1,-1
201520W036085,1,11,0,4,0,0,0,0,0,0,1,1,1,1,34,6,6696,2,1,-1,1,-1
201520W036085,2,9,0,3,0,0,0,0,0,0,2,1,1,1,34,6,1753,2,7,-1,1,-1
201520W036525,1,9,0,1,0,2,0,0,0,0,2,1,6,1,-1,-1,1783,7,13,-1,-1,-1
201520W036525,2,9,0,3,0,1,0,0,0,0,1,1,2,1,42,7,993,1,12,-1,-1,-1
201520W036565,1,5,0,5,0,4,0,0,0,0,3,1,4,1,32,6,998,1,12,-1,1,-1
201520W036565,2,9,0,7,0,3,0,0,0,0,4,1,6,2,23,5,1198,1,11,-1,1,-1
201520W036615,1,9,0,9,0,6,0,0,0,0,1,1,6,3,-1,-1,1896,2,13,-1,-1,-1
201520W036615,2,9,0,18,0,8,0,0,0,0,1,1,6,2,53,8,2148,2,9,-1,1,-1
201520W036725,1,9,0,18,0,8,0,0,0,0,1,1,6,1,47,8,1896,2,13,-1,1,-1
201520W036725,2,9,0,18,0,8,0,0,0,0,1,1,6,2,29,6,998,1,11,-1,1,-1
201520W036755,1,9,0,7,0,5,0,0,0,0,0,1,6,3,-1,-1,-1,-1,-1,-1,-1,-1
201520W036755,2,11,0,18,0,8,0,0,0,0,0,1,1,1,-1,-1,-1,-1,-1,-1,-1,-1
201520W036765,1,9,0,18,0,1,0,0,0,0,1,1,1,1,-1,-1,-1,-1,-1,-1,1,-1
201520W036765,2,9,0,3,0,1,0,0,0,0,2,1,6,2,37,7,1364,1,7,-1,1,-1
201520W036775,1,9,0,5,0,8,0,0,0,0,1,1,1,2,59,9,1995,2,2,-1,1,-1
201520W036775,2,9,0,18,0,8,0,0,0,0,1,1,6,3,-1,-1,-1,-1,-1,-1,-1,-1
201520W036885,1,9,0,14,0,0,0,0,0,0,1,1,6,1,35,6,1781,1,11,-1,1,-1
201520W037165,1,9,0,11,0,1,0,0,0,0,4,1,6,1,31,6,1995,2,11,-1,1,-1
201520W037165,2,8,0,18,0,1,0,10,1,7,3,1,1,1,36,7,1997,2,9,-1,1,-1
201520W037295,1,9,0,18,0,0,0,0,0,0,1,1,6,1,27,6,1997,2,-1,-1,1,-1
201520W037295,2,9,0,3,0,0,0,0,0,0,2,1,6,1,32,6,5461,1,1,-1,1,-1
201520W037325,1,9,0,9,0,5,0,0,0,0,4,1,6,1,30,6,1753,2,12,-1,-1,-1
201520W037325,2,9,0,18,0,8,0,0,0,0,1,1,6,1,-1,-1,1396,1,10,-1,1,-1
201520W037435,1,9,0,9,0,8,0,0,0,0,1,1,6,1,48,8,1596,1,9,-1,1,-1
201520W037435,2,4,0,18,0,8,1,0,0,0,1,1,6,1,29,6,-1,-1,-1,-1,1,-1
201520W037445,1,9,0,18,0,1,0,0,0,0,1,1,6,2,-1,-1,1397,1,5,-1,1,-1
201520W037445,2,9,0,3,0,1,0,0,0,0,2,1,6,1,51,8,1998,1,13,-1,1,-1
201520W037775,1,9,0,3,0,1,0,0,0,0,2,1,6,2,38,7,1968,2,3,-1,1,-1
201520W037775,2,9,0,5,0,1,0,0,0,0,1,1,6,2,20,4,1398,1,2,-1,-1,-1
201520W038245,1,9,0,18,0,2,0,0,0,0,4,1,2,1,38,7,3498,1,11,-1,1,-1
201520W038265,1,8,0,4,0,1,0,0,0,0,1,1,6,1,-1,-1,-1,-1,-1,-1,-1,-1
201520W038275,1,9,0,1,9,8,0,0,0,0,2,1,6,1,-1,-1,-1,-1,-1,-1,-1,-1
201520W038325,1,8,0,18,0,0,0,0,0,0,0,1,6,1,19,4,1590,1,11,-1,1,-1
201520W038345,1,9,0,18,0,0,0,0,0,0,1,1,6,1,39,7,998,1,15,-1,1,-1
201520W038345,2,9,0,3,0,0,0,0,0,0,2,1,6,2,51,8,1397,1,13,-1,1,-1
201520W038345,3,9,0,18,0,0,0,0,0,0,1,1,6,1,34,6,1396,1,12,-1,1,-1
201520W038415,1,9,0,5,0,6,0,0,0,0,1,1,6,1,-1,-1,-1,-1,-1,-1,-1,-1
201520W038755,1,3,0,18,4,0,0,0,0,0,1,1,6,1,-1,-1,-1,-1,-1,-1,-1,-1
201520W038865,1,9,0,18,0,0,0,0,0,0,1,1,6,1,-1,-1,-1,-1,-1,-1,-1,-1
201520W038865,2,9,0,2,0,0,0,0,0,0,0,1,6,1,59,9,1896,2,19,-1,1,-1
201520W038885,1,9,0,18,0,0,0,4,1,0,1,1,6,1,20,4,1242,1,9,-1,1,-1
201520W038885,2,19,0,2,9,0,0,0,0,0,1,1,1,3,-1,-1,2402,2,4,-1,-1,-1
201520W038935,1,9,0,18,0,0,0,10,7,10,1,1,6,2,33,6,1390,1,10,-1,1,-1
201520W038975,1,9,0,12,0,2,0,0,0,0,1,1,6,1,39,7,1497,1,14,-1,1,-1
201520W038975,2,9,0,18,0,2,2,10,6,10,1,1,6,1,68,10,1339,1,9,-1,1,-1
201520W039015,1,9,0,18,0,0,0,0,0,0,1,1,6,1,45,7,1800,1,16,-1,1,-1
201520W039015,2,1,0,18,0,0,0,0,0,0,3,1,6,1,11,3,-1,-1,-1,-1,1,-1
201520W039055,1,9,0,9,0,8,0,10,7,0,1,1,6,1,35,6,1598,1,15,-1,1,-1
201520W039055,2,9,0,18,0,8,0,10,1,0,1,1,6,1,74,10,1796,2,3,-1,1,-1
201520W039075,1,9,0,18,0,0,0,0,0,0,3,1,6,1,-1,-1,1598,1,18,-1,-1,-1
201520W039135,1,9,0,18,0,1,0,0,0,0,1,1,6,2,-1,-1,1389,1,19,-1,-1,-1
201520W039135,2,9,0,8,0,1,0,0,0,0,2,1,6,1,37,7,1596,1,7,-1,1,-1
201520W039435,1,11,0,9,0,8,0,0,0,0,1,1,1,1,41,7,8268,2,11,-1,1,-1
201520W039585,1,9,0,5,0,6,0,0,0,0,1,1,6,2,31,6,1596,1,12,-1,1,-1
201520W039585,2,9,0,18,0,8,0,0,0,0,4,1,6,1,35,6,1968,2,7,-1,1,-1
201520W039675,1,1,0,13,0,0,0,0,0,0,4,1,4,1,14,3,-1,-1,-1,-1,1,-1
201520W039675,2,9,0,18,0,0,0,0,0,0,1,1,6,1,28,6,2993,2,9,-1,1,-1
201520W039825,1,20,0,18,0,0,0,0,0,0,4,1,6,1,-1,-1,-1,-1,-1,-1,-1,-1
201520W039825,2,9,0,12,0,0,0,0,0,0,2,1,6,2,46,8,1150,1,8,-1,1,-1
201520W039945,1,9,0,18,0,1,0,0,0,0,1,1,6,1,23,5,1242,1,12,-1,1,-1
201520W039945,2,9,0,5,0,1,0,0,0,0,2,1,6,2,28,6,1998,1,11,-1,1,-1
201520W039965,1,19,0,18,0,3,0,0,0,0,1,1,6,1,42,7,2151,2,11,-1,1,-1
201520W039965,2,9,0,18,0,3,0,0,0,0,2,1,6,1,-1,-1,1995,2,11,-1,1,-1
201520W040335,1,9,0,7,0,8,0,0,0,0,1,1,6,3,-1,-1,-1,-1,-1,-1,-1,-1
201520W040335,2,1,0,18,0,8,0,0,0,0,1,1,6,1,16,4,-1,-1,-1,-1,1,-1
201520W040585,1,9,0,6,0,1,0,0,0,0,1,1,6,1,-1,-1,1396,1,15,-1,1,-1
201520W040585,2,1,0,18,0,1,0,0,0,0,1,1,1,1,43,7,-1,-1,-1,-1,1,-1
201520W040695,1,9,0,1,0,1,0,4,0,0,2,1,6,1,-1,-1,1095,2,11,-1,1,-1
201520W040695,2,9,0,2,0,2,0,0,0,0,1,1,6,1,29,6,1995,2,10,-1,1,-1
201520W040755,1,9,0,6,0,0,1,0,0,0,3,1,6,1,47,8,1198,1,3,-1,1,-1
201520W040755,2,19,0,18,0,0,0,0,0,0,4,1,1,1,28,6,2143,2,5,-1,1,-1
201520W040765,1,11,0,9,0,1,0,0,0,0,3,1,1,1,33,6,8268,2,11,-1,1,-1
201520W040765,2,9,0,13,0,1,0,0,0,0,4,1,6,1,37,7,2993,2,8,-1,1,-1
201520W040775,1,9,0,2,6,0,0,0,0,0,3,1,6,1,25,5,1956,2,6,-1,2,-1
201520W040775,2,11,0,14,0,0,0,8,0,0,1,1,1,1,57,9,6700,2,6,-1,1,-1
201520W040835,1,9,0,7,0,5,0,0,0,0,1,1,6,1,19,4,998,1,3,-1,1,-1
201520W040845,1,9,0,9,0,6,0,0,0,0,1,1,6,1,22,5,1398,2,4,-1,1,-1
201520W040845,2,9,0,5,0,8,0,0,0,0,4,1,6,2,25,5,1896,2,11,-1,1,-1
201520W040855,1,9,0,14,0,2,0,0,0,0,3,1,2,1,52,8,1995,2,1,-1,1,-1
201520W040865,1,4,0,13,0,1,0,0,0,0,1,1,2,1,55,8,220,1,13,-1,1,-1
201520W040865,2,9,0,9,0,1,0,0,0,0,1,1,6,1,33,6,1900,2,10,-1,1,-1
201520W040875,1,9,0,18,0,8,0,0,7,10,1,1,1,2,34,6,1968,2,9,-1,1,-1
201520W040875,2,9,0,18,0,8,0,0,0,0,1,1,1,1,30,6,1910,2,8,-1,1,-1
201520W040875,3,9,0,3,0,1,0,0,0,0,1,1,6,1,34,6,1598,1,7,-1,1,-1
201520W040885,1,9,0,18,0,1,0,0,0,0,4,1,6,1,40,7,-1,-1,-1,-1,-1,-1
201520W040885,2,1,0,18,0,2,0,0,0,0,2,1,1,1,38,7,-1,-1,-1,-1,1,-1
201520W040895,1,9,0,18,0,0,1,0,0,0,1,1,2,2,44,7,2184,2,12,-1,1,-1
201520W040915,1,9,0,9,0,8,0,0,0,0,1,1,6,1,41,7,1997,2,5,-1,1,-1
201520W040915,2,9,0,18,0,8,0,0,0,0,3,1,1,1,34,6,1896,2,10,-1,1,-1
201520W041085,1,9,0,3,0,0,0,0,0,0,2,1,6,2,57,9,998,1,19,-1,1,-1
201520W041085,2,9,0,18,0,0,0,0,0,0,1,1,6,1,-1,-1,-1,-1,-1,-1,-1,-1
201520W041125,1,9,0,18,0,0,0,0,0,0,1,1,6,1,-1,-1,-1,-1,-1,-1,-1,-1
201520W041155,1,9,0,5,0,8,0,0,0,0,1,1,6,1,19,4,1199,1,11,-1,1,-1
201520W041155,2,9,0,18,0,8,0,0,0,0,1,1,6,2,26,6,1242,1,8,-1,1,-1
201520W041155,3,9,0,3,0,1,0,0,0,0,1,1,6,1,29,6,3498,1,9,-1,1,-1
201520W041165,1,9,0,9,0,8,0,0,0,0,4,1,6,2,65,9,1400,1,10,-1,1,-1
201520W041165,2,5,0,18,0,8,2,0,0,0,1,1,6,1,24,5,996,1,13,-1,1,-1
201520W041185,1,1,0,18,0,1,0,0,0,0,3,1,1,1,40,7,-1,-1,-1,-1,1,-1
201520W041185,2,9,0,11,0,1,0,0,0,0,4,1,6,3,-1,-1,-1,-1,-1,-1,-1,-1