Accident_Index,Vehicle_Reference,Vehicle_Type,Towing_and_Articulation,Vehicle_Manoeuvre,Vehicle_Location-Restricted_Lane,Junction_Location,Skidding_and_Overturning,Hit_Object_in_Carriageway,Vehicle_Leaving_Carriageway,Hit_Object_off_Carriageway,1st_Point_of_Impact,Was_Vehicle_Left_Hand_Drive?,Journey_Purpose_of_Driver,Sex_of_Driver,Age_of_Driver,Age_Band_of_Driver,Engine_Capacity_(CC),Propulsion_Code,Age_of_Vehicle,Driver_IMD_Decile,Driver_Home_Area_Type,Vehicle_IMD_Decile
201520W041275,1,9,0,18,0,8,0,10,1,10,4,1,6,1,20,4,1997,1,10,-1,1,-1
201520W041275,2,9,0,18,0,8,0,0,0,0,3,1,1,1,-1,-1,2993,2,2,-1,1,-1
201520W041415,1,5,0,18,0,0,0,0,0,0,1,1,2,1,27,6,899,1,16,-1,1,-1
201520W041415,2,19,0,3,0,0,0,0,0,0,2,1,1,1,52,8,2198,2,1,-1,1,-1
201520W041735,1,3,0,7,0,1,0,10,0,0,4,1,6,1,17,4,124,1,5,-1,1,-1
201520W041745,1,9,0,1,0,0,0,0,0,0,2,1,6,1,27,6,1984,1,7,-1,1,-1
201520W041745,2,9,0,4,0,0,0,0,0,0,1,1,6,1,31,6,2967,2,3,-1,1,-1
201520W041965,1,20,0,18,0,8,0,0,0,0,1,1,6,3,-1,-1,-1,-1,-1,-1,-1,-1
201520W041965,2,9,0,12,0,8,0,0,7,7,3,1,6,1,19,4,-1,-1,-1,-1,1,-1
201520W042025,1,9,0,9,0,8,0,0,0,0,2,1,6,1,19,4,1198,1,11,-1,1,-1
201520W042025,2,9,0,18,0,8,0,0,0,0,1,1,6,2,34,6,1124,1,11,-1,1,-1
201520W042375,1,11,0,5,0,0,0,0,0,0,0,1,1,1,38,7,7300,2,3,-1,1,-1
201520W042395,1,9,0,13,0,3,2,10,1,1,1,1,1,1,27,6,2497,2,9,-1,1,-1
201520W042555,1,20,0,9,0,8,0,4,0,0,1,1,6,1,39,7,2402,2,8,-1,-1,-1
201520W042555,2,9,0,2,0,2,0,0,0,0,2,1,6,2,38,7,1998,1,12,-1,1,-1
201520W042675,1,1,0,18,0,8,5,0,0,0,2,1,1,1,47,8,-1,-1,-1,-1,1,-1
201520W042675,2,9,0,7,0,6,0,0,0,0,1,1,6,1,54,8,2597,1,14,-1,1,-1
201520W042685,1,21,1,1,0,2,0,4,0,0,2,1,6,1,-1,-1,10837,2,2,-1,-1,-1
201520W042685,2,19,0,2,0,1,0,0,0,0,4,1,6,1,38,7,2402,2,15,-1,1,-1
201520W042705,1,9,0,18,9,2,0,0,7,0,4,1,6,1,35,6,-1,-1,-1,-1,-1,-1
201520W042945,1,11,0,5,0,0,0,0,0,0,1,1,1,1,25,5,7300,2,13,-1,1,-1
201520W042945,2,9,0,4,0,0,0,0,0,0,2,1,2,2,34,6,-1,-1,-1,-1,1,-1
201520W042955,1,9,0,18,0,1,0,10,7,2,1,1,3,2,58,9,1995,2,2,-1,1,-1
201520W042965,1,9,0,4,0,2,1,10,1,10,1,1,1,1,26,6,1061,1,11,-1,1,-1
201520W042975,1,9,0,18,0,2,0,0,0,0,4,1,6,2,36,7,1598,1,10,-1,1,-1
201520W042985,1,9,0,18,0,0,0,0,0,0,1,1,6,1,19,4,1984,1,5,-1,1,-1
201520W043025,1,9,0,9,0,8,0,10,2,7,4,1,6,1,25,5,1086,1,10,-1,1,-1
201520W043025,2,9,0,18,0,8,5,10,7,7,1,1,6,1,22,5,2261,1,6,-1,1,-1
201520W043035,1,9,0,9,0,5,0,0,0,0,0,1,1,1,-1,-1,-1,-1,-1,-1,-1,-1
201520W043035,2,3,0,18,0,1,0,0,0,0,4,1,6,1,28,6,125,1,7,-1,1,-1
201520W043035,3,9,0,3,0,1,0,0,0,0,2,1,6,1,50,8,1896,2,7,-1,1,-1
201520W043035,4,9,0,3,0,1,0,0,0,0,0,1,6,2,31,6,1596,1,9,-1,-1,-1
201520W043035,5,9,0,3,0,1,0,0,0,0,0,1,6,1,-1,-1,-1,-1,-1,-1,-1,-1
201520W043065,1,4,0,12,0,6,0,0,0,0,3,1,6,1,33,6,599,1,14,-1,1,-1
201520W043065,2,9,0,11,0,5,0,0,0,0,1,1,1,3,-1,-1,-1,-1,-1,-1,-1,-1
201520W043195,1,9,0,18,0,0,0,0,0,0,4,1,6,1,47,8,1596,1,14,-1,1,-1
201520W043205,1,9,0,8,0,8,0,0,0,0,3,1,6,1,26,6,1596,1,11,-1,1,-1
201520W043205,2,1,0,18,0,8,0,0,0,0,1,1,6,1,14,3,-1,-1,-1,-1,1,-1
201520W043415,1,9,0,18,0,8,0,0,0,0,1,1,1,1,21,5,1124,1,12,-1,1,-1
201520W043415,2,9,0,18,0,8,0,0,0,0,3,1,6,2,-1,-1,1398,1,3,-1,1,-1
201520W043425,1,8,0,17,0,0,0,0,0,0,3,1,1,3,-1,-1,-1,-1,-1,-1,-1,-1
201520W043445,1,19,0,7,9,8,0,0,0,0,1,1,1,1,60,9,2198,2,1,-1,1,-1
201520W043445,2,1,0,18,9,8,0,0,0,0,1,1,6,1,33,6,-1,-1,-1,-1,1,-1
201520W043505,1,19,0,18,0,0,0,0,0,0,1,1,6,1,20,4,1560,2,4,-1,-1,-1
201520W043505,2,9,0,3,0,0,0,0,0,0,2,1,6,1,30,6,1997,2,7,-1,1,-1
201520W043595,1,9,0,18,0,8,0,0,0,0,1,1,6,1,-1,-1,1149,1,13,-1,-1,-1
201520W043595,2,9,0,18,0,8,0,0,0,0,4,1,6,1,18,4,1390,1,11,-1,2,-1
201520W043595,3,9,0,18,0,8,0,0,0,0,1,1,6,2,23,5,1600,2,5,-1,1,-1
201520W043605,1,9,0,9,0,8,0,0,0,0,1,1,1,1,52,8,1995,2,4,-1,1,-1
201520W043605,2,9,0,18,0,8,0,0,0,0,2,1,6,1,21,5,1870,2,12,-1,1,-1
201520W043635,1,9,0,5,0,3,0,0,0,0,2,1,6,1,-1,-1,1149,1,8,-1,-1,-1
201520W043635,2,11,0,5,0,3,0,0,0,0,1,1,1,1,29,6,8268,2,14,-1,1,-1
201520W043795,1,9,0,18,0,4,0,0,0,0,1,1,6,1,-1,-1,1590,1,10,-1,-1,-1
201520W043795,2,9,0,18,0,8,0,0,0,0,4,1,6,2,24,5,1390,1,9,-1,1,-1
201520W043815,1,9,0,18,0,8,0,0,0,0,1,1,6,2,33,6,1598,1,7,-1,1,-1
201520W043815,2,9,0,7,0,8,0,0,0,0,1,1,2,1,22,5,1600,2,5,-1,1,-1
201520W043835,1,9,0,14,0,0,0,0,0,0,3,1,6,1,-1,-1,1497,1,11,-1,-1,-1
201520W043855,1,9,0,17,0,0,0,0,0,0,1,1,6,1,48,8,1686,2,11,-1,1,-1
201520W043855,2,9,0,13,0,0,0,0,0,0,4,1,6,1,-1,-1,1988,1,14,-1,-1,-1
201520W044045,1,9,0,9,0,5,0,0,0,0,1,1,3,2,32,6,1398,1,4,-1,1,-1
201520W044045,2,1,0,18,0,8,0,0,0,0,3,1,2,1,-1,-1,-1,-1,-1,-1,1,-1
201520W044055,1,8,0,14,0,0,0,0,0,0,1,1,1,1,47,8,1896,2,11,-1,1,-1
201520W044065,1,19,0,9,0,8,0,0,0,0,1,1,1,1,24,5,1560,2,1,-1,1,-1
201520W044065,2,9,0,18,0,8,0,0,0,0,1,1,1,1,36,7,1956,2,3,-1,1,-1
201520W044075,1,9,0,18,0,8,0,0,0,0,3,1,6,3,-1,-1,-1,-1,-1,-1,-1,-1
201520W044075,2,9,0,18,0,8,0,0,0,0,1,1,6,1,36,7,973,1,16,-1,1,-1
201520W044115,1,9,0,1,9,1,0,4,0,0,2,1,6,3,-1,-1,-1,-1,-1,-1,-1,-1
201520W044115,2,9,0,2,9,2,0,0,0,0,2,1,1,1,43,7,-1,-1,-1,-1,1,-1
201520W044285,1,9,0,8,0,1,0,0,0,0,2,1,6,2,41,7,1299,1,11,-1,1,-1
201520W044285,2,9,0,18,0,1,0,0,0,0,1,1,6,2,-1,-1,1388,1,10,-1,1,-1
201520W044295,1,9,0,9,0,6,0,0,0,0,0,1,6,1,-1,-1,-1,-1,-1,-1,-1,-1
201520W044295,2,9,0,18,0,8,0,4,0,0,1,1,6,1,25,5,1984,1,1,-1,1,-1
201520W044295,3,9,0,2,0,2,0,4,0,0,3,1,6,2,34,6,1199,1,11,-1,1,-1
201520W044295,4,19,0,2,0,2,0,4,0,0,2,1,6,1,40,7,2496,2,16,-1,1,-1
201520W044315,1,9,0,9,0,5,5,0,0,0,3,1,6,1,49,8,1896,2,12,-1,1,-1
201520W044315,2,9,0,18,0,8,0,0,0,0,1,1,6,3,-1,-1,1587,1,15,-1,1,-1
201520W044325,1,9,0,18,0,2,0,0,0,0,1,1,2,1,50,8,1199,1,15,-1,1,-1
201520W044325,2,1,0,18,0,2,0,0,0,0,1,1,6,1,20,4,-1,-1,-1,-1,1,-1
201520W044335,1,9,0,5,0,0,0,0,0,0,4,1,2,2,27,6,1242,1,9,-1,3,-1
201520W044335,2,1,0,18,0,0,0,0,0,0,1,1,6,1,41,7,-1,-1,-1,-1,1,-1
201520W044345,1,9,0,9,0,8,0,0,0,0,1,1,6,1,25,5,1149,1,11,-1,1,-1
201520W044345,2,9,0,18,0,8,0,0,0,0,1,1,6,2,36,7,999,1,5,-1,1,-1
201520W044365,1,9,0,18,0,0,0,10,1,2,1,1,6,2,19,4,1596,1,10,-1,1,-1
201520W044365,2,9,0,18,0,0,0,0,0,0,0,1,6,3,-1,-1,-1,-1,-1,-1,-1,-1
201520W044375,1,9,0,1,0,1,0,0,1,10,2,1,6,3,-1,-1,1796,2,2,-1,-1,-1
201520W044845,1,9,0,18,0,1,0,0,0,0,4,1,6,1,32,6,1390,1,11,-1,1,-1
201520W044855,1,9,0,18,0,4,0,0,0,0,1,1,2,2,41,7,1461,2,-1,-1,1,-1
201520W044855,2,19,0,18,0,3,0,0,0,0,4,1,2,1,25,5,2460,2,7,-1,1,-1
201520W044875,1,9,0,18,0,1,1,0,0,0,1,1,6,2,34,6,1595,1,11,-1,1,-1
201520W044875,2,9,0,9,0,5,0,0,0,0,2,1,6,1,36,7,1995,2,7,-1,1,-1
201520W044885,1,9,0,18,0,8,0,0,0,0,1,1,6,1,-1,-1,1995,2,13,-1,-1,-1
201520W044885,2,9,0,18,0,8,0,0,0,0,3,1,1,1,33,6,1956,2,1,-1,-1,-1
201520W044905,1,9,0,18,0,4,0,0,0,0,1,1,6,1,20,4,1590,1,10,-1,1,-1
201520W044905,2,9,0,18,0,3,1,0,0,0,4,1,2,2,54,8,993,1,16,-1,1,-1
201520W044915,1,9,0,18,0,8,0,0,0,0,4,1,6,1,39,7,1910,2,7,-1,1,-1
201520W044915,2,9,0,7,0,8,0,0,0,0,3,1,6,1,21,5,1398,1,2,-1,1,-1
201520W044925,1,9,0,18,0,1,0,0,0,0,1,1,6,1,19,4,1108,1,12,-1,1,-1
201520W044925,2,9,0,3,0,1,0,0,0,0,2,1,6,1,31,6,1598,1,9,-1,1,-1
201520W044955,1,9,0,18,0,1,0,0,0,0,1,1,6,2,25,5,1390,1,4,-1,1,-1
201520W044955,2,9,0,8,0,1,0,0,0,0,2,1,6,1,38,7,1796,1,17,-1,1,-1
201520W045015,1,9,0,18,2,8,0,0,0,0,1,1,6,1,-1,-1,-1,-1,-1,-1,-1,-1
201520W045015,2,9,0,9,0,8,0,0,0,0,1,1,6,2,33,6,2993,2,5,-1,1,-1
201520W045115,1,9,0,11,0,0,0,0,0,0,0,1,6,2,-1,-1,-1,-1,-1,-1,-1,-1
201520W045115,2,11,0,18,0,0,0,0,0,0,0,1,1,1,32,6,7300,2,8,-1,-1,-1
201520W045135,1,9,0,18,0,1,0,0,0,0,1,1,2,1,47,8,-1,-1,-1,-1,1,-1
201520W045135,2,9,0,4,0,1,0,0,0,0,2,1,6,1,49,8,1973,1,15,-1,1,-1
201520W045145,1,9,0,9,0,8,0,0,0,0,3,1,1,1,38,7,1761,1,13,-1,1,-1
201520W045145,2,3,0,18,0,8,5,0,0,0,1,1,1,1,42,7,124,1,7,-1,1,-1
201520W045155,1,1,0,4,0,0,0,0,0,0,1,1,6,1,14,3,-1,-1,-1,-1,1,-1
201520W045155,2,9,0,3,0,0,0,0,0,0,1,1,6,2,46,8,2148,2,12,-1,1,-1
201520W045295,1,19,0,18,0,8,0,0,0,0,1,1,1,1,26,6,1968,2,1,-1,1,-1
201520W045295,2,1,0,18,0,8,0,0,0,0,1,1,6,1,-1,-1,-1,-1,-1,-1,-1,-1
201520W045455,1,9,0,13,0,3,0,0,0,0,4,1,6,1,30,6,2171,1,12,-1,1,-1
201520W045455,2,9,0,16,0,3,0,10,1,1,3,1,6,2,19,4,1598,1,9,-1,1,-1
201520W045465,1,9,0,18,0,2,5,10,1,7,1,1,6,1,21,5,1364,1,11,-1,1,-1
201520W045475,1,5,0,18,0,8,5,0,0,0,1,1,6,1,22,5,998,1,13,-1,1,-1
201520W045475,2,9,0,9,0,5,0,0,0,0,1,1,6,2,43,7,1000,1,1,-1,1,-1
201520W045485,1,1,0,18,0,0,0,0,0,0,4,1,6,1,15,3,-1,-1,-1,-1,1,-1
201520W045485,2,9,0,18,0,0,0,0,0,0,1,1,6,1,19,4,1388,1,9,-1,1,-1
201520W045495,1,9,0,18,0,8,0,0,0,0,1,1,6,1,31,6,1956,2,-1,-1,1,-1
201520W045495,2,9,0,7,0,8,0,0,0,0,2,1,6,1,38,7,1329,1,6,-1,1,-1
201520W045525,1,9,0,4,0,0,0,0,0,0,1,1,6,1,23,5,998,1,11,-1,1,-1
201520W045525,2,9,0,3,0,0,0,0,0,0,2,1,6,2,42,7,1364,1,8,-1,1,-1
201520W045535,1,9,0,3,0,1,0,0,0,0,4,1,1,1,48,8,1995,2,13,-1,1,-1
201520W045535,2,3,0,3,0,1,0,0,0,0,3,1,1,1,29,6,124,1,4,-1,1,-1
201520W045545,1,9,0,13,0,8,1,10,1,10,4,1,6,1,57,9,1598,2,3,-1,1,-1
201520W045545,2,19,0,9,0,8,0,0,0,0,3,1,6,1,33,6,1968,2,2,-1,1,-1
201520W045775,1,19,0,18,0,8,0,0,0,0,1,1,6,3,-1,-1,-1,-1,-1,-1,-1,-1
201520W045775,2,9,0,18,0,8,0,0,0,0,1,1,6,1,26,6,998,1,4,-1,1,-1
201520W045805,1,9,0,4,0,0,0,0,0,0,4,1,6,1,-1,-1,2967,2,2,-1,-1,-1
201520W045805,2,1,0,18,0,0,0,8,0,0,1,1,6,1,24,5,-1,-1,-1,-1,1,-1
201520W045845,1,9,0,18,0,2,1,10,7,10,1,1,6,1,19,4,1948,1,17,-1,1,-1
201520W045865,1,9,0,18,0,8,0,0,0,0,1,1,6,2,39,7,1984,1,11,-1,1,-1
201520W045865,2,9,0,9,0,6,0,0,7,7,4,1,6,2,25,5,1598,2,2,-1,1,-1
201520W045925,1,9,0,7,0,5,0,0,0,0,1,1,6,1,-1,-1,1400,1,16,-1,-1,-1
201520W045925,2,9,0,10,0,1,0,0,3,0,3,1,6,1,41,7,1910,2,9,-1,1,-1
201520W045935,1,9,0,4,0,0,0,0,0,0,1,1,6,1,61,9,998,1,1,-1,1,-1
201520W045945,1,9,0,18,0,8,0,0,0,0,1,1,6,2,35,6,998,1,13,-1,1,-1
201520W045945,2,9,0,1,0,8,0,0,0,0,3,1,6,1,19,4,1388,1,10,-1,1,-1
201520W046115,1,9,0,9,0,8,0,0,0,0,1,1,6,1,-1,-1,1598,2,3,-1,-1,-1
201520W046115,2,9,0,18,0,8,0,0,0,0,1,1,6,1,45,7,1422,2,7,-1,1,-1
201520W046275,1,9,0,5,0,2,0,0,0,0,3,1,2,1,21,5,1299,1,12,-1,1,-1
201520W046275,2,20,0,3,0,1,0,0,0,0,3,1,6,1,48,8,-1,-1,-1,-1,1,-1
201520W046285,1,9,0,16,0,1,0,0,0,0,1,1,6,1,25,5,2143,2,-1,-1,1,-1
201520W046285,2,9,0,17,0,2,0,0,0,0,1,1,1,1,55,8,2179,2,-1,-1,1,-1
201520W046535,1,9,0,5,0,4,0,0,0,0,1,1,2,1,51,8,1900,2,17,-1,1,-1
201520W046535,2,9,0,5,0,4,0,0,0,0,2,1,6,1,-1,-1,1998,2,11,-1,-1,-1
201520W046535,3,9,0,18,0,3,0,0,0,0,0,1,6,3,-1,-1,-1,-1,-1,-1,-1,-1
201520W046555,1,9,0,5,0,4,0,0,0,0,1,1,6,1,-1,-1,1997,1,11,-1,-1,-1
201520W046555,2,9,0,5,0,4,0,0,0,0,4,1,6,2,23,5,1242,1,1,-1,1,-1
201520W046635,1,19,0,1,0,0,0,0,0,0,2,1,6,1,-1,-1,2148,2,8,-1,-1,-1
201520W046645,1,9,0,18,0,1,0,0,0,0,1,1,6,3,-1,-1,1599,1,14,-1,-1,-1
201520W046645,2,9,0,3,0,1,0,0,0,0,2,1,6,2,37,7,1560,2,1,-1,1,-1
201520W046825,1,9,0,18,0,8,0,0,0,0,2,1,6,1,34,6,1796,1,15,-1,1,-1
201520W046825,2,9,0,18,0,1,0,0,0,0,1,1,6,2,-1,-1,-1,-1,-1,-1,-1,-1
201520W046985,1,9,0,9,0,5,0,0,0,0,1,1,6,1,23,5,1229,1,3,-1,1,-1
201520W046985,2,1,0,18,0,8,0,0,0,0,3,1,1,1,52,8,-1,-1,-1,-1,1,-1
201520W047085,1,9,0,18,0,1,0,0,0,0,1,1,6,1,25,5,2979,1,6,-1,1,-1
201520W047085,2,9,0,3,0,1,0,0,0,0,2,1,6,2,35,6,-1,-1,-1,-1,1,-1
201520W047335,1,9,0,18,0,1,0,0,0,0,1,1,6,3,-1,-1,-1,-1,-1,-1,-1,-1
201520W047335,2,8,0,3,0,1,0,0,0,0,2,1,1,1,26,6,1910,2,10,-1,1,-1
201520W047335,3,9,0,3,0,1,0,0,0,0,2,1,6,3,-1,-1,-1,-1,-1,-1,-1,-1
201520W047375,1,9,0,18,0,1,0,0,0,0,1,1,6,1,25,5,1870,2,9,-1,1,-1
201520W047375,2,8,0,10,0,1,0,0,0,0,2,1,1,2,38,7,1598,1,2,-1,1,-1
201520W047385,1,19,0,5,0,8,0,0,0,0,1,1,1,1,43,7,2198,2,1,-1,1,-1
201520W047385,2,1,0,18,0,8,0,0,0,0,1,1,1,2,55,8,-1,-1,-1,-1,1,-1
201520W047405,1,9,0,18,0,1,0,0,0,0,1,1,6,1,-1,-1,1364,1,10,-1,-1,-1
201520W047405,2,9,0,10,0,1,0,0,0,0,2,1,6,2,22,5,1229,1,10,-1,1,-1
201520W047445,1,9,0,18,0,3,0,0,0,0,1,1,6,2,36,7,1998,1,6,-1,1,-1
201520W047445,2,9,0,18,0,4,0,0,0,0,3,1,6,1,24,5,1596,1,11,-1,1,-1
201520W047475,1,9,0,5,0,0,0,0,0,0,1,1,6,1,41,7,1997,2,13,-1,1,-1
201520W047475,2,3,0,17,0,0,0,0,0,0,1,1,6,1,33,6,125,1,14,-1,1,-1
201520W047485,1,9,0,4,0,1,0,0,0,0,1,1,6,1,-1,-1,-1,-1,-1,-1,-1,-1
201520W047485,2,9,0,3,0,1,0,0,0,0,2,1,1,2,42,7,1242,1,4,-1,1,-1
201520W047495,1,9,0,9,0,6,0,0,0,0,1,1,6,2,42,7,1242,1,9,-1,1,-1
201520W047495,2,9,0,18,0,8,0,0,0,0,1,1,6,2,38,7,1995,1,9,-1,1,-1
201520W047525,1,9,0,9,0,2,0,0,0,0,1,1,6,1,-1,-1,1910,2,7,-1,-1,-1
201520W047525,2,1,0,5,0,1,0,0,0,0,1,1,6,1,68,10,-1,-1,-1,-1,1,-1
201520W047535,1,19,0,18,0,2,0,0,0,0,1,1,2,1,62,9,1753,2,10,-1,1,-1
201520W047545,1,9,0,18,0,8,0,0,0,0,3,1,6,1,23,5,-1,-1,-1,-1,1,-1
201520W047545,2,9,0,18,0,8,0,0,0,0,1,1,6,1,20,4,1896,2,8,-1,1,-1
201520W047565,1,9,0,4,0,8,0,0,0,0,1,1,6,2,27,6,1598,1,11,-1,1,-1
201520W047565,2,9,0,9,0,8,0,0,0,0,1,1,6,1,39,7,1995,2,11,-1,1,-1
201520W047575,1,9,0,18,0,0,0,0,0,0,1,1,6,1,29,6,1997,2,6,-1,1,-1
201520W047595,1,9,0,18,0,8,0,0,0,0,4,1,6,1,20,4,1299,1,12,-1,1,-1
201520W047595,2,9,0,18,0,8,0,0,0,0,1,1,1,1,-1,-1,-1,-1,-1,-1,-1,-1
201520W047595,3,9,0,3,0,1,0,0,0,0,1,1,6,1,41,7,1984,1,7,-1,1,-1
201520W047805,1,8,0,18,0,8,0,0,0,0,4,1,1,1,65,9,1995,2,10,-1,1,-1
201520W047805,2,9,0,7,0,8,0,0,0,0,1,1,6,2,-1,-1,-1,-1,-1,-1,-1,-1
201520W047865,1,19,0,1,9,8,0,0,0,0,2,1,6,1,29,6,1560,2,1,-1,1,-1
201520W047905,1,9,0,9,0,6,0,0,0,0,1,1,6,1,53,8,1998,2,11,-1,1,-1
201520W047905,2,9,0,18,0,8,0,0,0,0,1,1,6,1,32,6,1598,2,4,-1,3,-1
201520W048005,1,9,0,18,0,8,0,0,0,0,1,1,6,1,-1,-1,1896,2,12,-1,-1,-1
201520W048005,2,9,0,7,0,8,0,0,0,0,2,1,6,2,24,5,1995,2,1,-1,1,-1
201520W048035,1,9,0,18,0,0,0,0,0,0,1,1,6,1,-1,-1,-1,-1,-1,-1,-1,-1
201520W048035,2,9,0,3,0,0,0,0,0,0,2,1,6,2,36,7,1598,1,9,-1,1,-1
201520W048105,1,8,0,9,0,1,0,0,0,0,3,1,2,1,34,6,1896,2,9,-1,1,-1
201520W048105,2,3,0,13,0,1,2,0,0,0,1,1,2,1,48,8,599,1,4,-1,1,-1
201520W048105,3,9,0,18,0,8,0,0,0,0,1,1,2,1,47,8,1794,7,7,-1,1,-1
201520W048255,1,9,0,18,0,0,0,0,0,0,1,1,6,3,-1,-1,2493,8,1,-1,-1,-1
201520W048255,2,9,0,3,0,0,0,0,0,0,2,1,6,1,31,6,2496,2,10,-1,1,-1
201520W048435,1,9,0,5,0,1,0,0,0,0,1,1,6,2,-1,-1,1598,1,11,-1,-1,-1
201520W048435,2,9,0,3,0,1,0,0,0,0,2,1,6,1,24,5,1598,1,7,-1,1,-1
201520W048465,1,9,0,18,0,3,0,0,0,0,3,1,6,2,-1,-1,1598,1,5,-1,-1,-1
201520W048465,2,9,0,18,0,4,0,10,0,0,4,1,6,2,30,6,1390,1,11,-1,2,-1
201520W048475,1,9,0,18,0,8,0,0,0,0,1,1,1,1,37,7,-1,-1,-1,-1,1,-1
201520W048475,2,9,0,18,0,8,0,0,1,1,1,1,6,1,45,7,796,1,14,-1,1,-1
201520W048485,1,9,0,18,0,0,1,6,0,0,1,1,6,1,27,6,2993,2,7,-1,1,-1
201520W048495,1,9,0,18,0,6,0,0,0,0,1,1,1,3,-1,-1,1995,2,11,-1,-1,-1
201520W048495,2,9,0,18,0,8,0,0,0,0,3,1,6,1,34,6,1590,1,12,-1,1,-1
201520W048505,1,9,0,5,0,0,0,0,0,0,1,1,6,1,63,9,-1,-1,-1,-1,1,-1
201520W048505,2,1,0,18,0,0,0,0,0,0,1,1,6,1,8,2,-1,-1,-1,-1,1,-1
201520W048545,1,9,0,18,0,8,0,0,0,0,1,1,6,1,45,7,1242,1,11,-1,1,-1
201520W048545,2,9,0,9,0,5,0,0,0,0,4,1,6,1,28,6,1896,2,16,-1,1,-1
201520W048695,1,9,0,18,0,0,0,0,0,0,1,1,6,2,-1,-1,-1,-1,-1,-1,-1,-1
201520W048705,1,9,0,8,0,1,0,0,0,0,2,1,6,2,30,6,1199,1,11,-1,1,-1
201520W048705,2,9,0,9,0,1,0,0,0,0,1,1,6,1,-1,-1,1968,2,7,-1,1,-1
201520W048765,1,9,0,2,0,1,0,0,0,0,2,1,1,1,52,8,1998,2,8,-1,1,-1
201520W048765,2,9,0,18,0,1,0,4,0,0,2,1,6,3,-1,-1,-1,-1,-1,-1,-1,-1
201520W048775,1,21,1,11,0,0,0,0,0,0,1,1,1,1,-1,-1,12740,2,5,-1,-1,-1
201520W048775,2,9,0,18,0,0,0,0,0,0,2,1,6,2,53,8,1248,1,1,-1,1,-1
201520W048785,1,9,0,18,0,1,0,0,0,0,1,1,6,1,-1,-1,1997,1,12,-1,-1,-1
201520W048785,2,9,0,3,0,1,0,0,0,0,2,1,6,1,47,8,1598,1,13,-1,1,-1
201520W048965,1,9,0,18,0,1,0,0,0,0,1,1,6,1,-1,-1,1896,2,9,-1,-1,-1
201520W048965,2,9,0,8,0,1,0,0,0,0,2,1,6,2,31,6,1364,1,6,-1,1,-1
201520W048975,1,9,0,4,0,4,0,0,0,0,1,1,6,2,52,8,1596,1,7,-1,1,-1
201520W048975,2,9,0,18,0,4,0,0,0,0,2,1,6,2,43,7,1596,1,14,-1,1,-1
201520W049025,1,9,0,18,0,0,1,0,0,0,1,1,6,2,18,4,1299,1,12,-1,1,-1
201520W049025,2,9,0,18,0,0,0,0,0,0,1,1,6,2,36,7,1198,1,4,-1,1,-1
201520W049035,1,9,0,18,0,0,0,0,0,0,1,1,6,1,41,7,1598,1,11,-1,1,-1
201520W049075,1,9,0,18,0,8,0,0,0,0,3,1,6,2,24,5,1229,1,11,-1,1,-1
201520W049075,2,9,0,18,0,8,0,0,0,0,1,1,6,1,39,7,1396,1,13,-1,1,-1
201520W049095,1,9,0,1,0,2,0,0,0,0,2,1,6,3,-1,-1,998,1,7,-1,-1,-1
201520W049095,2,9,0,3,0,1,0,0,0,0,1,1,6,2,36,7,973,1,12,-1,1,-1
201520W049105,1,3,0,18,0,0,2,0,0,0,0,1,2,1,26,6,124,1,-1,-1,1,-1
201520W049105,2,9,0,12,0,0,0,0,0,0,0,1,4,3,-1,-1,-1,-1,-1,-1,-1,-1
201520W049115,1,19,0,18,0,8,1,0,0,0,1,1,1,1,44,7,1998,2,9,-1,1,-1
201520W049115,2,9,0,3,0,8,0,0,0,0,2,1,6,1,20,4,1349,1,4,-1,1,-1
201520W049225,1,9,0,9,0,8,0,0,0,0,1,1,6,1,38,7,-1,-1,-1,-1,1,-1
201520W049225,2,9,0,18,0,8,0,0,0,0,1,1,6,2,28,6,1598,1,7,-1,1,-1
201520W049265,1,9,0,4,0,0,0,0,0,0,1,1,6,2,49,8,1275,1,16,-1,1,-1
201520W049275,1,9,0,18,0,1,0,0,0,0,1,1,6,2,49,8,1388,1,10,-1,1,-1
201520W049285,1,9,0,18,0,8,1,0,0,0,4,1,6,1,79,11,1794,1,12,-1,1,-1
201520W049285,2,9,0,9,0,8,5,0,0,0,3,1,6,1,21,5,1248,1,-1,-1,1,-1
201520W049425,1,9,0,18,0,0,0,0,0,0,1,1,6,3,-1,-1,-1,-1,-1,-1,-1,-1
201520W049445,1,9,0,18,0,0,0,0,0,0,2,1,6,1,38,7,1598,1,14,-1,1,-1
201520W049445,2,9,0,18,0,0,0,0,0,0,1,1,6,1,-1,-1,1968,2,5,-1,-1,-1
201520W049605,1,4,0,18,0,2,2,4,0,0,1,1,6,1,17,4,-1,-1,-1,-1,1,-1
201520W049605,2,8,0,2,0,1,0,0,0,0,4,1,6,1,61,9,1910,2,10,-1,1,-1
201520W049605,3,8,0,4,0,1,0,0,0,0,4,1,6,2,27,6,2499,1,8,-1,1,-1
201520W049905,1,9,0,1,0,0,0,0,0,0,2,1,6,3,-1,-1,-1,-1,-1,-1,-1,-1