Accident_Index,Vehicle_Reference,Vehicle_Type,Towing_and_Articulation,Vehicle_Manoeuvre,Vehicle_Location-Restricted_Lane,Junction_Location,Skidding_and_Overturning,Hit_Object_in_Carriageway,Vehicle_Leaving_Carriageway,Hit_Object_off_Carriageway,1st_Point_of_Impact,Was_Vehicle_Left_Hand_Drive?,Journey_Purpose_of_Driver,Sex_of_Driver,Age_of_Driver,Age_Band_of_Driver,Engine_Capacity_(CC),Propulsion_Code,Age_of_Vehicle,Driver_IMD_Decile,Driver_Home_Area_Type,Vehicle_IMD_Decile
201520W050045,1,9,0,18,9,0,0,10,1,0,1,1,6,3,-1,-1,1794,1,13,-1,-1,-1
201520W050045,2,90,0,18,9,0,0,0,0,0,4,1,6,1,73,10,-1,-1,-1,-1,1,-1
201520W050065,1,9,0,9,0,1,0,0,0,0,1,1,6,1,-1,-1,1364,1,8,-1,-1,-1
201520W050065,2,9,0,9,0,1,0,0,0,0,2,1,6,2,42,7,1360,1,8,-1,1,-1
201520W050155,1,9,4,18,0,8,0,0,0,0,1,1,1,1,77,11,2835,2,20,-1,1,-1
201520W050245,1,9,0,9,0,8,0,0,0,0,1,1,6,2,25,5,1398,1,-1,-1,1,-1
201520W050245,2,1,0,18,0,8,0,0,0,0,1,1,1,1,42,7,-1,-1,-1,-1,1,-1
201520W050405,1,9,0,18,0,0,0,0,0,0,1,1,6,2,45,7,1364,1,9,-1,1,-1
201520W050405,2,9,0,18,0,0,0,0,0,0,1,1,6,1,16,4,-1,-1,-1,-1,1,-1
201520W050415,1,9,0,5,0,0,0,0,0,0,1,1,6,1,28,6,998,1,9,-1,1,-1
201520W050425,1,9,0,18,0,8,0,0,0,0,3,1,6,1,34,6,1299,1,14,-1,1,-1
201520W050425,2,9,0,9,0,8,0,0,0,0,1,1,6,2,46,8,1200,1,12,-1,1,-1
201520W050445,1,9,0,9,0,2,0,0,0,0,1,1,6,2,23,5,-1,-1,-1,-1,1,-1
201520W050465,1,9,0,18,0,8,0,0,0,0,1,1,6,2,35,6,2143,2,1,-1,1,-1
201520W050465,2,9,0,9,0,8,0,0,0,0,1,1,6,1,28,6,1968,2,11,-1,1,-1
201520W050465,3,9,0,9,0,8,0,10,1,6,3,1,6,1,47,8,1998,2,5,-1,1,-1
201520W050465,4,9,0,9,0,8,0,0,0,0,1,1,6,2,49,8,1600,2,4,-1,-1,-1
201520W050475,1,9,0,18,0,8,0,0,0,0,1,1,6,3,-1,-1,-1,-1,-1,-1,-1,-1
201520W050475,2,1,0,18,0,8,0,0,0,0,1,1,1,1,32,6,-1,-1,-1,-1,1,-1
201520W050505,1,9,0,18,0,8,0,0,0,0,1,1,6,3,-1,-1,-1,-1,-1,-1,-1,-1
201520W050505,2,9,0,18,0,8,0,10,7,7,4,1,6,1,22,5,1996,1,17,-1,1,-1
201520W050515,1,9,0,9,0,6,0,0,0,0,1,1,6,2,53,8,1229,1,5,-1,1,-1
201520W050515,2,3,0,18,0,8,0,0,0,0,4,1,2,1,26,6,125,1,2,-1,1,-1
201520W050525,1,9,0,9,0,8,0,0,0,0,1,1,6,1,49,8,1998,2,10,-1,1,-1
201520W050525,2,9,0,18,0,8,0,0,0,0,3,1,6,1,39,7,1896,2,17,-1,1,-1
201520W050545,1,19,0,9,0,2,0,0,0,0,1,1,6,1,21,5,2198,2,1,-1,1,-1
201520W050575,1,11,0,5,0,3,0,0,0,0,1,1,6,1,-1,-1,-1,-1,-1,-1,-1,-1
201520W050575,2,9,0,3,0,3,0,0,0,0,2,1,6,2,33,6,1896,2,13,-1,1,-1
201520W050585,1,9,0,6,0,0,0,7,6,0,3,1,6,2,25,5,1397,1,12,-1,1,-1
201520W050585,2,9,0,18,0,0,0,0,0,0,1,1,6,1,29,6,1968,2,4,-1,1,-1
201520W050835,1,19,0,18,0,0,0,0,0,0,2,1,6,1,45,7,1998,2,11,-1,-1,-1
201520W050835,2,1,0,18,0,0,0,0,0,0,1,1,2,1,29,6,-1,-1,-1,-1,1,-1
201520W050845,1,9,0,1,0,2,0,0,0,0,2,1,6,1,24,5,1598,2,1,-1,1,-1
201520W050975,1,9,0,18,0,8,0,10,7,10,1,1,6,1,32,6,1598,1,8,-1,1,-1
201520W050975,2,9,0,18,0,8,0,0,0,0,1,1,6,1,55,8,2987,2,7,-1,1,-1
201520W051015,1,9,0,5,0,4,0,0,0,0,1,1,1,1,45,7,1598,2,2,-1,1,-1
201520W051015,2,1,0,18,0,8,0,0,0,0,1,1,6,1,24,5,-1,-1,-1,-1,1,-1
201520W051025,1,9,0,18,0,2,0,0,0,0,1,1,1,1,43,7,1997,2,1,-1,1,-1
201520W051375,1,9,0,18,0,8,0,0,0,0,1,1,6,1,25,5,-1,-1,-1,-1,-1,-1
201520W051375,2,9,0,18,0,8,0,0,0,0,1,1,6,2,39,7,1498,1,6,-1,1,-1
201520W051445,1,2,0,14,0,0,0,0,0,0,3,1,1,1,46,8,49,1,-1,-1,1,-1
201520W051445,2,9,0,6,0,0,0,0,0,0,4,1,6,2,32,6,1798,1,4,-1,1,-1
201520W051475,1,9,0,3,0,1,0,0,0,0,2,1,1,1,70,10,998,1,2,-1,1,-1
201520W051475,2,9,0,18,0,1,0,0,0,0,1,1,6,1,-1,-1,1560,2,10,-1,-1,-1
201520W051575,1,19,0,7,0,1,0,0,0,0,1,1,6,1,-1,-1,1896,2,9,-1,-1,-1
201520W051575,2,1,0,18,0,1,0,0,0,0,1,1,4,1,18,4,-1,-1,-1,-1,1,-1
201520W051715,1,9,0,14,0,1,0,0,0,0,1,1,2,2,23,5,1242,1,4,-1,3,-1
201520W051845,1,9,0,18,0,8,0,0,1,1,3,1,2,1,34,6,1956,2,2,-1,1,-1
201520W051845,2,9,0,5,0,8,0,0,0,0,1,1,6,1,55,8,-1,-1,-1,-1,1,-1
201520W051865,1,9,0,18,0,1,0,0,0,0,1,1,6,3,-1,-1,1299,1,14,-1,-1,-1
201520W051865,2,1,0,18,0,1,0,0,0,0,2,1,6,1,47,8,-1,-1,-1,-1,1,-1
201520W051905,1,9,0,9,0,8,0,0,0,0,3,1,6,1,39,7,1598,1,10,-1,1,-1
201520W051905,2,3,0,13,0,8,0,0,0,0,1,1,6,1,19,4,124,1,2,-1,1,-1
201520W051915,1,9,0,18,0,4,0,0,7,2,1,1,6,1,20,4,1598,2,1,-1,1,-1
201520W051915,2,9,0,18,0,4,0,0,0,0,4,1,6,1,43,7,2148,2,7,-1,1,-1
201520W051925,1,9,0,18,0,1,0,0,0,0,3,1,2,2,50,8,1997,1,14,-1,1,-1
201520W051945,1,8,0,7,0,6,0,0,0,0,1,1,1,1,53,8,2148,2,9,-1,1,-1
201520W051965,1,5,0,18,0,2,1,0,0,0,1,1,6,1,33,6,749,1,5,-1,1,-1
201520W051975,1,9,0,18,0,1,0,0,0,0,1,1,3,2,30,6,1598,1,13,-1,1,-1
201520W051995,1,5,0,18,0,0,0,0,0,0,1,1,6,1,39,7,599,1,10,-1,1,-1
201520W052005,1,9,0,9,0,6,0,0,0,0,3,1,6,1,30,6,1896,2,14,-1,1,-1
201520W052005,2,9,0,18,0,8,0,0,0,0,1,1,6,1,62,9,3456,8,8,-1,1,-1
201520W052015,1,19,0,7,0,8,0,0,0,0,0,1,1,1,43,7,2148,2,9,-1,1,-1
201520W052015,2,1,0,18,0,8,2,0,0,0,0,1,1,1,-1,-1,-1,-1,-1,-1,1,-1
201520W052095,1,9,0,9,0,8,0,0,0,0,0,1,6,2,30,6,1198,1,9,-1,1,-1
201520W052095,2,3,0,18,0,8,1,0,0,0,0,1,6,1,59,9,-1,-1,-1,-1,1,-1
201520W052355,1,9,0,18,0,8,0,0,0,0,1,1,2,1,43,7,1968,2,1,-1,1,-1
201520W052355,2,1,0,18,0,8,0,0,0,0,4,1,2,2,48,8,-1,-1,-1,-1,1,-1
201520W052355,3,1,0,18,0,8,0,0,0,0,4,1,2,2,-1,-1,-1,-1,-1,-1,-1,-1
201520W052525,1,19,0,9,0,5,0,0,0,0,4,1,1,2,45,7,-1,-1,-1,-1,1,-1
201520W052625,1,9,0,5,0,0,0,0,0,0,2,1,6,2,35,6,1198,1,5,-1,1,-1
201520W052625,2,9,0,18,0,0,0,0,0,0,1,1,6,1,-1,-1,1248,2,4,-1,-1,-1
201520W052775,1,9,0,2,9,2,0,0,0,0,4,1,6,3,-1,-1,1988,1,12,-1,-1,-1
201520W052805,1,9,0,18,0,0,0,0,0,0,1,1,2,2,25,5,1499,1,-1,-1,1,-1
201520W052815,1,9,0,5,0,2,0,0,0,0,1,1,1,2,49,8,998,1,6,-1,1,-1
201520W052875,1,11,0,2,0,0,0,0,0,0,2,1,1,1,52,8,7300,2,13,-1,1,-1
201520W052875,2,9,0,18,0,0,0,4,0,0,1,1,6,3,-1,-1,-1,-1,-1,-1,-1,-1
201520W053085,1,9,0,4,0,0,0,0,0,0,1,1,6,1,44,7,1870,2,10,-1,1,-1
201520W053085,2,9,0,4,0,0,0,0,0,0,2,1,6,1,40,7,1896,2,13,-1,1,-1
201520W053235,1,5,0,13,0,8,0,0,0,0,1,1,1,1,48,8,782,1,5,-1,-1,-1
201520W053235,2,9,0,9,0,8,0,0,0,0,3,1,1,1,44,7,1991,1,1,-1,-1,-1
201520W053345,1,9,0,18,0,8,0,0,0,0,4,1,1,2,36,7,1598,1,13,-1,1,-1
201520W053345,2,9,0,9,0,8,0,0,0,0,3,1,6,1,24,5,-1,-1,-1,-1,-1,-1
201520W053465,1,9,0,1,0,2,0,4,0,0,2,1,6,1,-1,-1,1598,1,8,-1,-1,-1
201520W053465,2,9,0,2,0,2,0,0,0,0,2,1,3,1,36,7,1388,1,12,-1,1,-1
201520W053475,1,9,0,18,0,1,0,0,0,0,4,1,1,1,26,6,1364,1,5,-1,1,-1
201520W053485,1,9,0,1,0,2,0,4,0,0,2,1,6,1,35,6,1598,1,8,-1,-1,-1
201520W053485,2,9,0,2,0,2,0,0,0,0,2,1,3,1,36,7,1388,1,12,-1,1,-1
201520W053505,1,9,0,18,0,8,0,0,0,0,3,1,6,1,24,5,1596,1,3,-1,1,-1
201520W053505,2,9,0,18,0,8,0,0,0,0,1,1,6,1,48,8,1896,2,11,-1,1,-1
201520W053515,1,9,0,9,0,8,0,0,0,0,1,1,6,1,-1,-1,1796,1,15,-1,-1,-1
201520W053515,2,9,0,5,0,8,0,10,1,7,1,1,6,1,22,5,1598,1,8,-1,1,-1
201520W053525,1,9,0,14,0,0,0,0,0,0,1,1,6,3,-1,-1,-1,-1,-1,-1,-1,-1
201520W053535,1,9,0,9,0,6,0,0,0,0,3,1,6,1,21,5,1896,2,10,-1,1,-1
201520W053535,2,9,0,18,0,8,5,0,0,0,1,1,6,1,31,6,1360,1,13,-1,1,-1
201520W053535,3,9,0,4,0,1,0,0,0,0,1,1,6,1,24,5,-1,-1,-1,-1,1,-1
201520W053535,4,9,0,4,0,1,0,0,0,0,1,1,6,1,41,7,1598,1,8,-1,-1,-1
201520W053545,1,9,0,18,0,0,0,0,0,0,4,1,6,1,52,8,1596,1,12,-1,1,-1
201520W053545,2,1,0,4,0,0,0,0,0,0,1,1,6,1,12,3,-1,-1,-1,-1,1,-1
201520W053555,1,19,0,9,0,1,0,0,0,0,3,1,1,1,23,5,2287,2,3,-1,1,-1
201520W053555,2,3,0,13,0,1,0,0,0,0,4,1,2,1,27,6,124,1,1,-1,1,-1
201520W053615,1,9,0,18,0,1,0,0,0,0,1,1,6,2,27,6,1997,1,12,-1,1,-1
201520W053615,2,9,0,3,0,1,0,0,0,0,2,1,6,1,35,6,1598,2,5,-1,1,-1
201520W053825,1,9,0,18,0,8,1,0,0,0,1,1,6,1,22,5,1868,2,13,-1,1,-1
201520W053825,2,9,0,9,0,6,0,4,7,0,3,1,6,2,83,11,1598,1,5,-1,1,-1
201520W053825,3,9,0,2,0,1,0,0,0,0,1,1,6,1,30,6,1229,1,10,-1,1,-1
201520W053925,1,9,0,18,0,8,0,0,0,0,1,1,6,1,42,7,1986,2,7,-1,1,-1
201520W053925,2,9,0,18,0,8,0,0,0,0,2,1,6,1,46,8,1796,1,12,-1,1,-1
201520W053945,1,9,0,18,0,8,0,0,0,0,1,1,6,3,-1,-1,2354,7,12,-1,-1,-1
201520W053945,2,9,0,6,0,8,0,0,0,0,3,1,6,1,23,5,1242,1,3,-1,1,-1
201520W053955,1,9,0,13,0,0,5,0,0,0,1,1,6,1,19,4,1595,1,9,-1,1,-1
201520W053955,2,9,0,18,0,0,0,0,0,0,2,1,6,1,28,6,1796,1,11,-1,1,-1
201520W053995,1,11,0,4,0,1,0,0,0,0,0,1,1,1,-1,-1,-1,-1,-1,-1,-1,-1
201520W054085,1,9,0,18,0,3,0,0,0,0,2,1,6,1,24,5,1968,2,7,-1,-1,-1
201520W054085,2,9,0,18,0,3,0,0,0,0,1,1,6,1,32,6,1994,2,11,-1,1,-1
201520W054095,1,9,0,2,0,0,0,0,0,0,3,1,6,1,60,9,1870,2,12,-1,1,-1
201520W054095,2,9,0,14,0,0,0,8,0,0,4,1,6,1,71,10,2496,1,12,-1,1,-1
201520W054105,1,9,0,9,0,8,0,0,0,0,1,1,6,1,-1,-1,1896,2,8,-1,1,-1
201520W054105,2,9,0,18,0,8,0,0,0,0,3,1,6,2,31,6,1229,1,10,-1,1,-1
201520W054215,1,9,0,18,0,3,0,0,0,0,1,1,6,3,-1,-1,2967,2,9,-1,-1,-1
201520W054215,2,9,0,7,0,3,0,0,0,0,4,1,6,1,34,6,1150,1,9,-1,1,-1
201520W054225,1,9,0,18,0,8,0,0,0,0,1,1,6,1,-1,-1,1587,1,13,-1,-1,-1
201520W054225,2,9,0,18,0,8,0,0,0,0,4,1,6,1,30,6,1995,2,11,-1,1,-1
201520W054425,1,9,0,18,0,0,0,0,0,0,1,1,2,2,20,4,1229,1,8,-1,1,-1
201520W054685,1,9,0,18,0,1,0,0,0,0,1,1,6,1,-1,-1,1390,1,19,-1,-1,-1
201520W054685,2,9,0,3,0,1,0,0,0,0,2,1,1,1,61,9,1598,2,4,-1,1,-1
201520W054695,1,9,0,18,9,2,0,0,0,0,1,1,6,1,26,6,2143,2,-1,-1,1,-1
201520W054705,1,9,0,5,0,6,0,0,0,0,1,1,1,1,41,7,1560,2,4,-1,1,-1
201520W054705,2,9,0,18,0,8,0,10,1,2,4,1,6,2,29,6,1995,2,2,-1,1,-1
201520W054765,1,21,1,4,0,1,0,0,0,0,1,1,1,1,50,8,-1,-1,-1,-1,1,-1
201520W054765,2,9,0,5,0,1,0,4,0,0,3,1,6,2,28,6,1197,1,4,-1,1,-1
201520W054765,3,9,0,2,0,3,0,0,0,0,4,1,6,1,40,7,2148,2,8,-1,1,-1
201520W054795,1,9,0,12,0,0,0,0,0,0,2,1,6,1,-1,-1,1242,1,9,-1,-1,-1
201520W054795,2,9,0,18,0,0,0,0,0,0,1,1,1,1,47,8,1598,1,9,-1,1,-1
201520W054925,1,9,0,5,0,1,0,0,0,0,3,1,6,1,28,6,1968,2,9,-1,1,-1
201520W054935,1,5,0,18,0,0,2,0,0,0,3,1,6,1,25,5,599,1,11,-1,1,-1
201520W054945,1,8,0,5,0,1,0,0,0,0,4,1,1,1,-1,-1,-1,-1,-1,-1,-1,-1
201520W055035,1,11,0,2,0,0,0,0,0,0,0,1,1,1,39,7,8268,2,12,-1,1,-1
201520W055215,1,9,0,8,0,1,0,0,0,0,2,1,6,1,59,9,1348,1,13,-1,1,-1
201520W055215,2,9,0,18,0,1,0,0,0,0,1,1,6,2,-1,-1,1000,1,1,-1,1,-1
201520W055335,1,9,0,4,0,1,0,0,0,0,2,1,6,1,56,9,1686,2,10,-1,1,-1
201520W055335,2,9,0,18,0,1,0,0,0,0,1,1,6,1,-1,-1,1896,2,12,-1,-1,-1
201520W055375,1,9,0,3,0,0,0,0,0,0,1,1,6,2,44,7,1995,2,10,-1,1,-1
201520W055375,2,8,0,1,0,0,0,0,0,0,2,1,6,1,-1,-1,1896,2,10,-1,-1,-1
201520W055605,1,9,0,18,0,1,0,7,7,1,4,1,6,2,48,8,1397,1,6,-1,1,-1
201520W055625,1,2,0,18,0,3,0,0,0,0,3,1,6,2,55,8,125,1,9,-1,1,-1
201520W055625,2,9,0,18,0,3,0,0,0,0,1,1,6,3,-1,-1,-1,-1,-1,-1,-1,-1
201520W055685,1,9,0,1,0,1,0,0,0,0,1,1,6,1,30,6,1598,1,2,-1,-1,-1
201520W055705,1,9,0,18,0,0,0,0,0,0,1,1,6,1,35,6,1497,1,10,-1,1,-1
201520W055745,1,9,0,18,0,1,0,0,0,0,1,1,6,1,-1,-1,-1,-1,-1,-1,1,-1
201520W055745,2,9,0,18,0,1,0,0,0,0,2,1,1,1,48,8,1318,1,-1,-1,1,-1
201520W055765,1,9,0,5,0,6,0,0,0,0,1,1,1,2,45,7,1248,2,1,-1,-1,-1
201520W055765,2,9,0,18,0,8,0,0,0,0,4,1,6,1,42,7,1798,8,2,-1,1,-1
201520W055845,1,9,0,11,0,0,0,0,0,0,1,1,1,1,45,7,998,1,15,-1,1,-1
201520W055845,2,3,0,18,0,0,5,0,0,0,3,1,1,1,18,4,125,1,6,-1,1,-1
201520W055855,1,9,0,5,0,0,5,4,0,0,1,1,6,1,27,6,1590,1,10,-1,1,-1
201520W055855,2,9,0,2,0,0,0,0,0,0,1,1,6,1,39,7,1968,2,8,-1,1,-1
201520W055865,1,9,0,18,0,8,0,0,0,0,1,1,6,1,33,6,1390,1,12,-1,1,-1
201520W055865,2,9,0,18,0,8,0,0,0,0,3,1,6,2,33,6,1995,2,-1,-1,1,-1
201520W055885,1,8,0,4,0,2,0,0,0,0,1,1,1,1,51,8,1999,1,8,-1,1,-1
201520W055895,1,9,0,18,0,0,0,0,0,0,1,1,6,1,61,9,1968,2,1,-1,1,-1
201520W055915,1,9,0,18,0,2,0,0,0,0,1,1,6,3,-1,-1,-1,-1,-1,-1,-1,-1
201520W056025,1,19,0,18,0,1,0,0,0,0,1,1,6,1,-1,-1,2402,2,14,-1,-1,-1
201520W056025,2,9,0,3,0,1,0,0,0,0,2,1,6,2,19,4,998,1,10,-1,1,-1
201520W056045,1,90,0,18,0,8,0,0,0,0,1,1,6,1,23,5,-1,-1,-1,-1,1,-1
201520W056045,2,9,0,18,0,4,0,0,0,0,1,1,6,1,-1,-1,1242,1,8,-1,1,-1
201520W056055,1,9,0,10,0,1,0,0,0,0,2,1,6,2,29,6,1968,2,-1,-1,1,-1
201520W056055,2,9,0,16,0,1,0,0,0,0,1,1,6,3,-1,-1,-1,-1,-1,-1,-1,-1
201520W056075,1,9,0,9,0,8,0,0,0,0,1,1,6,2,54,8,1199,2,4,-1,1,-1
201520W056075,2,9,0,18,0,8,0,0,0,0,1,1,6,1,40,7,1896,2,11,-1,1,-1
201520W056095,1,9,0,12,0,1,0,0,0,0,1,1,6,1,42,7,2231,2,9,-1,1,-1
201520W056095,2,3,0,13,0,1,1,0,0,0,4,1,6,1,24,5,125,1,8,-1,1,-1
201520W056105,1,9,0,7,9,8,0,0,0,0,1,1,6,2,32,6,1461,2,-1,-1,1,-1
201520W056105,2,3,0,18,0,8,0,0,0,0,4,1,2,1,18,4,124,1,2,-1,1,-1
201520W056205,1,9,0,9,0,2,2,4,0,0,1,1,6,1,27,6,1598,1,12,-1,1,-1
201520W056205,2,9,0,2,0,2,0,0,0,0,2,1,6,2,39,7,1229,1,1,-1,1,-1
201520W056205,3,9,0,2,0,1,0,0,0,0,1,1,6,2,22,5,1390,1,8,-1,1,-1
201520W056225,1,9,0,7,0,5,0,10,0,0,2,1,6,1,27,6,2993,2,-1,-1,-1,-1
201520W056225,2,9,0,18,0,1,0,10,0,0,1,1,6,3,-1,-1,1968,2,8,-1,-1,-1
201520W056235,1,9,0,18,0,8,0,0,0,0,1,1,6,1,24,5,1242,1,9,-1,1,-1
201520W056235,2,9,0,18,0,8,0,0,0,0,1,1,3,2,41,7,1390,1,7,-1,1,-1
201520W056345,1,9,0,1,9,8,0,0,0,0,2,1,6,1,-1,-1,1790,1,6,-1,1,-1
201520W056355,1,3,0,9,0,6,0,0,0,0,1,1,6,1,20,4,-1,-1,-1,-1,1,-1
201520W056355,2,9,0,18,0,1,0,0,0,0,1,1,6,3,-1,-1,1197,1,-1,-1,-1,-1
201520W056365,1,9,0,9,0,6,0,0,0,0,3,1,6,1,25,5,1951,2,11,-1,-1,-1
201520W056365,2,3,0,18,0,8,0,0,0,0,1,1,2,1,29,6,599,1,6,-1,1,-1
201520W056375,1,8,0,2,0,1,0,4,0,0,1,1,1,1,36,7,1896,2,7,-1,1,-1
201520W056375,2,19,0,14,0,1,0,0,0,0,3,1,6,3,-1,-1,2198,2,-1,-1,-1,-1
201520W056405,1,9,0,4,0,1,0,0,0,0,4,1,6,1,60,9,1198,1,3,-1,1,-1
201520W056405,2,9,0,9,0,5,0,10,7,0,1,1,6,1,-1,-1,1390,1,4,-1,-1,-1
201520W056425,1,9,0,12,0,0,0,0,0,0,3,1,3,1,41,7,1686,2,2,-1,1,-1
201520W056425,2,9,0,16,0,0,0,10,4,1,4,1,2,1,40,7,1781,1,18,-1,1,-1
201520W056625,1,9,0,18,0,8,0,0,0,0,4,1,6,2,62,9,1389,1,12,-1,1,-1
201520W056625,2,9,0,18,0,8,0,0,0,0,3,1,6,2,-1,-1,-1,-1,-1,-1,-1,-1
201520W056725,1,9,0,9,0,1,0,0,0,0,1,1,6,3,-1,-1,-1,-1,-1,-1,-1,-1
201520W056735,1,9,0,18,9,2,0,10,1,0,1,1,6,1,-1,-1,-1,-1,-1,-1,-1,-1
201520W056785,1,9,0,18,0,1,0,0,0,0,1,1,6,1,-1,-1,1587,1,13,-1,-1,-1
201520W056785,2,9,0,3,0,1,0,0,0,0,2,1,6,2,55,8,1364,1,8,-1,1,-1
201520W056855,1,9,0,18,0,8,0,0,0,0,1,1,6,2,-1,-1,-1,-1,-1,-1,-1,-1
201520W056855,2,1,0,18,0,8,0,0,0,0,1,1,2,1,42,7,-1,-1,-1,-1,1,-1
201520W056865,1,9,0,18,0,8,1,10,1,2,1,1,1,2,22,5,1995,2,10,-1,1,-1
201520W056865,2,9,0,9,0,6,0,0,0,0,0,1,6,3,-1,-1,-1,-1,-1,-1,-1,-1
201520W056975,1,9,0,9,0,6,0,0,0,0,4,1,6,1,-1,-1,1596,1,13,-1,-1,-1
201520W056975,2,8,0,18,0,8,0,0,0,0,3,1,1,1,56,9,2402,2,10,-1,1,-1
201520W057035,1,8,0,5,0,0,0,0,0,0,1,1,1,1,-1,-1,2402,2,10,-1,-1,-1
201520W057235,1,9,0,18,0,8,0,0,7,10,3,1,6,1,23,5,1590,1,12,-1,1,-1
201520W057235,2,19,0,18,0,8,0,0,7,0,1,1,1,1,56,9,1598,1,-1,-1,1,-1
201520W057275,1,9,0,4,0,1,0,0,0,0,1,1,6,2,40,7,-1,-1,-1,-1,-1,-1
201520W057275,2,9,0,8,0,1,0,0,0,0,2,1,6,2,18,4,1386,1,11,-1,1,-1
201520W057325,1,9,0,9,0,4,0,0,0,0,1,1,6,3,-1,-1,1598,1,14,-1,-1,-1
201520W057325,2,9,0,18,0,3,1,0,0,0,4,1,6,1,25,5,1395,1,1,-1,1,-1
201520W057635,1,9,0,18,0,0,0,4,1,10,1,1,6,2,43,7,698,1,12,-1,1,-1
201520W057635,2,9,0,2,0,0,0,0,0,0,2,1,6,2,-1,-1,1396,1,9,-1,1,-1
201520W057645,1,9,0,18,0,1,0,0,0,0,1,1,6,1,41,7,1493,1,18,-1,1,-1
201520W057645,2,8,0,3,0,1,0,0,0,0,2,1,1,1,35,6,1998,1,10,-1,-1,-1
201520W057685,1,9,0,18,0,0,0,4,0,0,4,1,6,1,-1,-1,1896,2,9,-1,-1,-1
201520W057685,2,9,0,2,0,0,0,0,0,0,3,1,6,1,53,8,1590,1,11,-1,1,-1
201520W057915,1,9,0,18,0,8,0,0,0,0,1,1,6,1,70,10,1600,2,6,-1,1,-1
201520W057915,2,9,0,18,0,8,0,0,0,0,4,1,6,2,32,6,999,1,1,-1,1,-1
201520W057945,1,9,0,9,0,6,0,10,2,7,4,1,6,3,-1,-1,2993,2,-1,-1,-1,-1
201520W057945,2,9,0,18,0,1,0,10,1,7,1,1,6,1,40,7,1995,2,14,-1,1,-1
201520W057945,3,9,0,10,0,1,0,0,0,0,1,1,6,1,45,7,3997,2,8,-1,2,-1
201520W057965,1,9,0,18,0,2,0,0,0,0,1,1,6,1,-1,-1,1968,2,5,-1,1,-1
201520W057975,1,9,0,18,0,0,0,0,0,0,1,1,6,2,20,4,1242,1,3,-1,-1,-1
201520W057975,2,8,0,18,0,0,0,0,0,0,1,1,2,1,38,7,1794,1,7,-1,1,-1
201520W057985,1,9,0,18,0,0,0,0,0,0,1,1,6,1,41,7,-1,-1,-1,-1,1,-1
201520W058155,1,9,0,18,0,1,0,0,0,0,1,1,6,1,-1,-1,-1,-1,-1,-1,-1,-1
201520W058155,2,9,0,18,0,1,0,0,0,0,1,1,6,1,74,10,1956,2,4,-1,1,-1
201520W058165,1,9,0,18,0,2,1,10,1,10,1,1,6,1,42,7,1396,1,11,-1,1,-1
201520W058165,2,9,0,18,0,2,0,0,0,0,2,1,6,1,-1,-1,1997,2,11,-1,1,-1
201520W058185,1,9,0,18,0,1,0,0,0,0,1,1,6,3,-1,-1,-1,-1,-1,-1,-1,-1
201520W058185,2,9,0,8,0,1,0,0,0,0,2,1,1,1,34,6,1794,7,7,-1,1,-1
201520W058205,1,9,0,18,0,1,0,0,0,0,1,1,6,3,-1,-1,-1,-1,-1,-1,-1,-1
201520W058355,1,9,0,18,0,8,0,0,0,0,4,1,6,2,25,5,1995,2,11,-1,1,-1
201520W058355,2,1,0,9,0,6,0,0,0,0,1,1,6,1,13,3,-1,-1,-1,-1,1,-1
201520W058375,1,9,0,18,0,0,0,0,0,0,1,1,6,1,25,5,-1,-1,-1,-1,-1,-1
201520W058375,2,9,0,3,0,0,0,0,0,0,2,1,6,1,20,4,2143,2,1,-1,1,-1
201520W058415,1,9,0,8,0,1,0,0,0,0,1,1,6,1,23,5,1598,1,10,-1,1,-1
201520W058415,2,9,0,1,0,2,0,0,0,0,2,1,6,3,-1,-1,1968,2,8,-1,-1,-1
201520W058455,1,9,0,18,0,8,0,0,0,0,1,1,6,2,29,6,1229,1,1,-1,1,-1
201520W058455,2,3,0,18,0,8,0,0,0,0,1,1,1,1,55,8,125,1,2,-1,1,-1
201520W058485,1,9,0,18,0,2,0,0,0,0,4,1,6,2,24,5,998,1,8,-1,2,-1
201520W058525,1,9,0,1,0,2,0,4,1,0,1,1,6,1,-1,-1,1998,1,16,-1,-1,-1
201520W058525,2,9,0,2,0,1,0,0,0,0,1,1,6,3,-1,-1,1396,1,13,-1,-1,-1
201520W058525,3,9,0,2,0,1,0,0,0,0,1,1,1,1,29,6,1956,2,3,-1,1,-1
201520W058525,4,9,0,2,0,1,0,0,0,0,1,1,6,3,-1,-1,1388,1,12,-1,-1,-1
201520W058525,5,9,0,2,0,2,0,0,0,0,3,1,6,3,-1,-1,-1,-1,-1,-1,-1,-1
201520W058525,6,9,0,1,0,8,0,0,0,0,3,1,6,1,33,6,1968,2,4,-1,1,-1
201520W058525,7,9,0,2,0,1,0,0,0,0,1,1,6,3,-1,-1,1339,1,11,-1,-1,-1
201520W058555,1,9,0,9,0,8,0,0,0,0,4,1,6,2,40,7,2204,2,9,-1,1,-1
201520W058555,2,5,0,18,0,8,0,0,0,0,1,1,6,1,22,5,636,1,14,-1,1,-1
201520W058785,1,9,0,5,0,6,0,0,0,0,1,1,6,1,45,7,-1,-1,-1,-1,-1,-1