Accident_Index,Vehicle_Reference,Vehicle_Type,Towing_and_Articulation,Vehicle_Manoeuvre,Vehicle_Location-Restricted_Lane,Junction_Location,Skidding_and_Overturning,Hit_Object_in_Carriageway,Vehicle_Leaving_Carriageway,Hit_Object_off_Carriageway,1st_Point_of_Impact,Was_Vehicle_Left_Hand_Drive?,Journey_Purpose_of_Driver,Sex_of_Driver,Age_of_Driver,Age_Band_of_Driver,Engine_Capacity_(CC),Propulsion_Code,Age_of_Vehicle,Driver_IMD_Decile,Driver_Home_Area_Type,Vehicle_IMD_Decile
201520W058785,2,9,0,18,0,1,0,0,0,0,3,1,6,2,20,4,1360,1,9,-1,1,-1
201520W058855,1,9,0,5,0,8,0,0,0,0,4,1,1,2,19,4,1360,1,8,-1,-1,-1
201520W058855,2,9,0,12,0,8,0,0,0,0,1,1,6,3,-1,-1,-1,-1,-1,-1,-1,-1
201520W058885,1,9,0,7,0,8,0,0,0,0,1,1,6,1,20,4,1229,1,9,-1,1,-1
201520W058885,2,9,0,9,0,8,0,0,0,0,4,1,6,1,-1,-1,1794,1,13,-1,1,-1
201520W058885,3,9,0,18,0,1,0,0,0,0,0,1,1,1,-1,-1,-1,-1,-1,-1,-1,-1
201520W058895,1,9,0,7,0,1,1,10,1,10,1,1,6,1,53,8,-1,-1,-1,-1,1,-1
201520W058905,1,4,0,18,0,2,1,0,0,0,1,1,6,1,49,8,-1,-1,-1,-1,1,-1
201520W058905,2,9,0,18,0,1,0,0,0,0,1,1,6,1,72,10,3456,8,7,-1,1,-1
201520W058915,1,9,0,5,0,6,0,0,0,0,1,1,6,1,44,7,1497,8,10,-1,1,-1
201520W058915,2,9,0,9,0,8,0,0,0,0,4,1,6,1,-1,-1,1997,2,13,-1,-1,-1
201520W059045,1,3,0,7,0,8,0,0,0,0,1,1,6,1,29,6,124,1,7,-1,1,-1
201520W059045,2,9,0,9,0,6,0,0,0,0,1,1,6,1,66,10,2268,2,1,-1,1,-1
201520W059065,1,9,0,7,0,6,0,0,0,0,1,1,6,1,71,10,1951,2,13,-1,1,-1
201520W059065,2,1,0,18,0,8,0,0,0,0,4,1,6,2,30,6,-1,-1,-1,-1,1,-1
201520W059085,1,9,0,5,0,4,0,0,0,0,4,1,6,1,-1,-1,-1,-1,-1,-1,-1,-1
201520W059085,2,1,0,7,0,3,0,0,0,0,2,1,2,2,29,6,-1,-1,-1,-1,1,-1
201520W059105,1,9,0,9,0,8,0,0,0,0,3,1,2,2,48,8,1390,1,2,-1,1,-1
201520W059105,2,9,0,18,0,8,0,0,0,0,1,1,6,1,-1,-1,1598,1,14,-1,-1,-1
201520W059115,1,9,0,18,0,8,0,0,0,0,1,1,2,2,26,6,1598,1,2,-1,3,-1
201520W059115,2,10,0,18,0,8,0,0,0,0,3,1,2,2,67,10,-1,-1,-1,-1,-1,-1
201520W059115,3,9,0,18,0,8,0,0,0,0,3,1,2,1,25,5,1560,2,2,-1,1,-1
201520W059355,1,2,0,18,0,8,0,0,0,0,1,1,6,1,18,4,49,1,1,-1,1,-1
201520W059355,2,9,0,9,0,5,0,0,0,0,1,1,6,1,-1,-1,1599,1,7,-1,-1,-1
201520W059415,1,9,0,18,0,8,0,0,0,0,1,1,6,3,-1,-1,-1,-1,-1,-1,-1,-1
201520W059415,2,9,0,18,0,8,0,0,0,0,4,1,6,1,19,4,1598,1,9,-1,1,-1
201520W059435,1,21,1,9,0,8,0,0,0,0,4,1,1,1,-1,-1,12882,2,8,-1,-1,-1
201520W059435,2,9,0,18,0,8,0,0,0,0,3,1,6,2,30,6,1995,1,8,-1,1,-1
201520W059565,1,9,0,4,0,0,0,0,0,0,1,1,1,1,26,6,973,1,12,-1,1,-1
201520W059565,2,1,0,18,0,0,0,0,0,0,1,1,1,1,31,6,-1,-1,-1,-1,1,-1
201520W059575,1,9,0,9,0,5,0,0,0,0,4,1,6,3,-1,-1,-1,-1,-1,-1,-1,-1
201520W059575,2,1,0,18,0,8,0,0,0,0,1,1,2,1,48,8,-1,-1,-1,-1,1,-1
201520W059715,1,9,0,18,0,1,0,0,0,0,1,1,6,1,-1,-1,1995,2,10,-1,-1,-1
201520W059715,2,9,0,3,0,1,0,0,0,0,2,1,2,1,31,6,1995,2,5,-1,1,-1
201520W059785,1,9,0,9,0,6,0,0,0,0,4,1,1,1,23,5,999,1,8,-1,1,-1
201520W059785,2,5,0,18,0,8,0,0,0,0,1,1,6,2,48,8,599,1,18,-1,3,-1
201520W059825,1,9,0,16,0,4,1,9,3,7,1,1,6,1,36,7,-1,-1,-1,-1,1,-1
201520W059835,1,9,0,18,0,0,0,0,0,0,3,1,1,2,63,9,1598,1,9,-1,1,-1
201520W059835,2,9,0,5,0,0,0,0,0,0,1,1,6,1,25,5,-1,-1,-1,-1,-1,-1
201520W059845,1,9,0,7,0,6,1,0,0,0,3,1,6,1,46,8,1149,1,-1,-1,-1,-1
201520W059845,2,19,0,18,0,8,1,0,0,0,1,1,1,1,19,4,2148,2,10,-1,1,-1
201520W059925,1,9,0,9,0,5,0,0,0,0,1,1,6,2,34,6,1956,2,1,-1,1,-1
201520W059925,2,3,0,18,0,8,0,0,0,0,1,1,6,2,31,6,-1,-1,-1,-1,1,-1
201520W059945,1,9,0,18,0,0,0,0,1,1,1,1,6,1,31,6,1997,1,8,-1,1,-1
201520W059955,1,9,0,18,0,0,0,0,0,0,1,1,6,1,22,5,1995,2,6,-1,1,-1
201520W601895,1,9,0,18,0,1,0,0,0,0,1,1,6,1,-1,-1,-1,-1,-1,-1,-1,-1
201520W605595,1,9,0,3,0,2,0,0,0,0,2,1,6,1,22,5,1968,2,9,-1,1,-1
201520W605595,2,9,0,18,0,2,0,0,0,0,1,1,6,1,-1,-1,-1,-1,-1,-1,-1,-1
201520W610835,1,9,0,18,0,4,0,0,0,0,3,1,6,3,-1,-1,1197,1,-1,-1,-1,-1
201520W610835,2,8,0,18,0,3,0,0,0,0,1,1,1,1,30,6,1599,1,10,-1,-1,-1
201520W611205,1,9,0,3,0,0,0,0,0,0,2,1,1,2,32,6,2496,2,10,-1,1,-1
201520W611205,2,9,0,18,0,0,0,0,0,0,1,1,6,1,-1,-1,1560,2,7,-1,-1,-1
201520Z000035,1,21,1,18,0,0,0,0,0,0,1,1,1,1,59,9,10308,2,4,-1,1,-1
201520Z000035,2,9,0,18,0,0,0,0,0,0,2,1,1,1,45,7,1998,2,10,-1,1,-1
201520Z000035,3,9,0,18,0,0,0,0,0,0,2,1,1,1,22,5,1499,2,1,-1,1,-1
201520Z000135,1,21,1,11,0,1,0,0,0,0,4,1,1,1,-1,-1,12740,2,1,-1,-1,-1
201520Z000135,2,4,0,18,0,1,0,0,0,0,3,1,6,1,19,4,398,1,14,-1,1,-1
201520Z000145,1,9,0,18,0,0,0,0,0,0,1,1,1,1,19,4,-1,-1,-1,-1,1,-1
201520Z000145,2,9,0,18,0,0,0,0,0,0,2,1,1,2,32,6,1461,2,1,-1,1,-1
201520Z000145,3,9,0,18,0,0,0,0,0,0,2,1,1,1,-1,-1,-1,-1,-1,-1,-1,-1
201520Z000165,1,21,1,11,0,8,0,0,0,0,4,1,1,1,39,7,10308,2,4,-1,1,-1
201520Z000165,2,9,0,18,0,8,1,0,0,0,3,1,6,1,33,6,-1,-1,-1,-1,1,-1
201520Z000195,1,9,0,16,0,0,0,0,0,0,1,1,6,2,31,6,-1,-1,-1,-1,1,-1
201520Z000195,2,9,0,16,0,0,0,0,0,0,2,1,2,2,50,8,1995,2,1,-1,1,-1
201520Z000205,1,9,0,18,0,0,1,10,1,7,1,1,6,2,51,8,-1,-1,-1,-1,1,-1
201520Z000215,1,9,0,4,0,0,0,0,0,0,1,1,6,1,46,8,-1,-1,-1,-1,3,-1
201520Z000215,2,9,0,4,0,0,0,0,0,0,2,1,6,1,67,10,-1,-1,-1,-1,1,-1
201520Z000215,3,9,0,4,0,0,0,0,0,0,2,1,6,1,36,7,2199,2,5,-1,3,-1
201520Z000215,4,9,0,18,0,0,0,0,0,0,2,1,6,1,67,10,1390,1,4,-1,1,-1
201520Z000225,1,21,1,18,0,0,1,0,0,0,1,2,6,1,-1,-1,-1,-1,-1,-1,-1,-1
201520Z000225,2,9,0,18,0,0,0,0,0,0,4,1,6,1,50,8,1968,2,10,-1,1,-1
201520Z000235,1,9,0,18,0,0,0,0,0,0,3,1,6,1,53,8,1995,2,2,-1,1,-1
201520Z000235,2,9,0,18,0,0,0,0,0,0,4,1,1,2,45,7,1995,2,3,-1,1,-1
201520Z000235,3,19,0,18,0,0,0,0,0,0,2,1,1,1,30,6,2198,2,1,-1,1,-1
201520Z000235,4,9,0,18,0,0,0,0,0,0,2,1,2,1,23,5,-1,-1,-1,-1,3,-1
201520Z000235,5,9,0,18,0,0,0,0,0,0,1,1,1,2,21,5,1389,1,10,-1,1,-1
201520Z000235,6,9,0,18,0,0,0,0,0,0,1,1,2,1,46,8,-1,-1,-1,-1,2,-1
201520Z000275,1,9,0,4,6,0,0,0,0,0,0,1,1,1,-1,-1,2967,2,2,-1,-1,-1
201520Z000275,2,19,0,4,6,0,0,0,0,0,0,1,6,1,31,6,-1,-1,-1,-1,2,-1
201520Z000285,1,9,0,18,0,7,0,0,0,0,1,1,6,1,49,8,2685,2,10,-1,1,-1
201520Z000285,2,19,0,18,0,7,0,0,0,0,2,1,6,1,43,7,1868,2,14,-1,1,-1
201520Z000285,3,9,0,18,0,7,0,0,0,0,2,1,6,1,27,6,1598,1,10,-1,1,-1
201520Z000395,1,21,1,12,0,0,0,0,0,0,3,2,1,1,37,7,-1,-1,-1,-1,-1,-1
201520Z000395,2,9,0,18,0,0,1,7,7,6,4,1,6,1,50,8,2198,2,10,-1,3,-1
201520Z000445,1,9,0,4,0,0,0,0,0,0,2,1,6,2,22,5,1242,1,3,-1,1,-1
201520Z000445,2,9,0,4,0,0,0,0,0,0,1,1,6,1,64,9,1910,2,12,-1,1,-1
201520Z000455,1,9,0,4,0,0,0,0,0,0,1,1,1,1,55,8,2179,2,1,-1,1,-1
201520Z000455,2,9,0,3,0,0,0,0,0,0,2,1,1,1,40,7,-1,-1,-1,-1,1,-1
201520Z000515,1,21,1,11,0,0,0,0,0,0,1,2,1,1,48,8,-1,-1,-1,-1,-1,-1
201520Z000515,2,9,0,18,0,0,1,0,0,0,3,1,1,1,32,6,2148,2,9,-1,1,-1
201520Z000535,1,9,0,4,0,0,0,0,5,6,2,1,6,2,27,6,1242,1,8,-1,1,-1
201520Z000535,2,9,0,18,0,0,1,0,0,0,1,1,6,1,40,7,3498,1,3,-1,1,-1
201520Z000535,3,9,0,18,0,0,1,0,0,0,1,1,6,2,61,9,-1,-1,-1,-1,2,-1
201520Z000535,4,19,0,18,0,0,0,0,0,0,3,1,1,1,42,7,2287,2,8,-1,1,-1
201520Z000545,1,9,0,12,0,0,0,0,0,0,2,1,6,3,-1,-1,-1,-1,-1,-1,-1,-1
201520Z000545,2,9,0,18,0,0,0,0,7,6,1,1,6,2,54,8,-1,-1,-1,-1,1,-1
201520Z000545,3,9,0,18,0,0,0,0,0,0,1,1,6,2,56,9,1968,2,-1,-1,1,-1
201520Z000555,1,9,0,12,0,0,0,0,0,0,3,1,6,3,-1,-1,-1,-1,-1,-1,-1,-1
201520Z000555,2,9,0,13,0,0,0,0,0,0,4,1,1,1,30,6,1360,1,10,-1,1,-1
201520Z000575,1,20,0,11,0,0,0,0,0,0,1,1,6,1,-1,-1,-1,-1,-1,-1,-1,-1
201520Z000575,2,9,0,18,0,0,0,7,0,0,3,1,6,1,26,6,1149,1,9,-1,1,-1
201520Z000575,3,9,0,18,0,0,0,0,0,0,0,1,6,3,-1,-1,1995,2,6,-1,-1,-1
201520Z000595,1,9,0,18,0,0,0,0,0,0,1,1,6,1,26,6,1596,1,4,-1,1,-1
201520Z000595,2,9,0,18,0,0,0,0,4,0,2,1,6,1,56,9,1686,2,1,-1,1,-1
201520Z000605,1,9,0,18,0,2,0,0,0,0,1,1,6,3,-1,-1,-1,-1,-1,-1,-1,-1
201520Z000605,2,19,0,4,0,2,0,0,0,0,2,1,1,1,35,6,2198,2,3,-1,1,-1
201520Z000615,1,9,0,4,0,0,0,0,0,0,1,1,6,2,-1,-1,1363,2,12,-1,1,-1
201520Z000615,2,9,0,4,0,0,0,0,0,0,2,1,1,2,50,8,1968,2,2,-1,1,-1
201520Z000665,1,21,1,12,0,0,0,0,0,0,3,2,1,1,45,7,-1,-1,-1,-1,-1,-1
201520Z000665,2,9,0,18,0,0,1,0,0,0,2,1,6,1,58,9,998,1,3,-1,1,-1
201520Z000685,1,21,1,18,0,0,0,0,0,0,1,1,1,1,53,8,12777,2,4,-1,1,-1
201520Z000685,2,9,0,18,0,0,0,0,0,0,2,1,2,2,33,6,1560,2,7,-1,1,-1
201520Z000685,3,9,0,18,0,0,0,0,0,0,2,1,2,1,48,8,2987,2,5,-1,1,-1
201520Z000705,1,9,0,18,0,0,0,0,1,7,3,1,6,2,35,6,-1,-1,-1,-1,1,-1
201520Z000705,2,21,1,18,0,0,0,0,0,0,4,1,1,1,48,8,12777,2,3,-1,1,-1
201520Z000735,1,9,0,11,0,5,0,0,0,0,2,1,1,1,45,7,1896,2,12,-1,1,-1
201520Z000735,2,9,0,18,0,5,0,0,0,0,1,1,2,1,32,6,1753,2,8,-1,1,-1
201520Z000735,3,9,0,18,0,5,0,0,0,0,2,1,2,2,40,7,1910,2,7,-1,1,-1
201520Z000755,1,9,0,12,0,0,1,7,1,6,1,1,6,2,23,5,1229,1,2,-1,1,-1
201520Z000755,2,9,0,18,0,0,0,0,1,6,3,1,6,1,27,6,2993,2,8,-1,1,-1
201520Z000755,3,9,0,18,0,0,0,0,0,0,4,1,6,1,58,9,996,1,5,-1,2,-1
201520Z000765,1,9,0,18,0,0,0,0,0,0,1,1,6,1,43,7,1396,1,13,-1,1,-1
201520Z000765,2,9,0,18,0,0,0,0,0,0,1,1,2,1,47,8,2499,1,3,-1,1,-1
201520Z000765,3,9,0,18,0,0,0,0,0,0,3,1,6,1,26,6,-1,-1,-1,-1,1,-1
201520Z000785,1,21,1,18,0,0,0,0,0,0,1,1,1,1,32,6,11946,2,8,-1,1,-1
201520Z000785,2,21,1,4,0,0,0,0,0,0,2,1,1,1,45,7,12900,2,3,-1,1,-1
201520Z000785,3,21,1,4,0,0,1,2,0,0,1,1,1,1,48,8,3920,2,8,-1,1,-1
201520Z000795,1,9,0,18,0,0,1,0,0,0,1,1,2,2,26,6,998,1,14,-1,1,-1
201520Z000795,2,21,1,18,0,0,0,0,0,0,2,1,6,3,-1,-1,-1,-1,-1,-1,-1,-1
201520Z000795,3,21,1,18,0,0,0,0,0,0,3,1,1,1,63,9,12740,2,3,-1,1,-1
201520Z000815,1,19,0,18,0,0,0,0,0,0,1,1,6,1,50,8,-1,-1,-1,-1,3,-1
201520Z000815,2,9,0,3,0,0,0,0,0,0,1,1,3,1,37,7,1229,1,2,-1,2,-1
201520Z000815,3,9,0,3,0,0,0,0,0,0,2,1,6,2,32,6,1197,1,3,-1,1,-1
201520Z000915,1,21,0,11,0,0,0,0,0,0,1,1,1,1,63,9,11978,2,24,-1,1,-1
201520Z000915,2,9,0,18,0,0,0,0,0,0,3,1,6,1,64,9,-1,-1,-1,-1,1,-1
201520Z000925,1,9,0,18,0,0,1,0,4,6,1,1,6,1,35,6,1896,2,14,-1,1,-1
201520Z000925,2,9,0,12,0,0,1,0,0,0,4,1,6,2,40,7,1598,1,10,-1,1,-1
201520Z000995,1,20,0,15,0,2,0,0,0,0,3,1,1,1,-1,-1,2998,2,3,-1,-1,-1
201520Z000995,2,9,0,18,0,2,0,0,0,0,4,1,1,1,62,9,4394,1,9,-1,1,-1
201520Z001015,1,19,0,18,0,0,0,0,0,0,1,1,6,1,30,6,2198,2,4,-1,-1,-1
201520Z001015,2,19,0,3,0,0,0,0,0,0,2,1,1,1,36,7,2143,2,1,-1,1,-1
201520Z001025,1,9,0,18,0,8,0,0,0,0,1,1,2,1,31,6,1598,1,12,-1,1,-1
201520Z001025,2,9,0,18,0,8,0,0,0,0,2,1,1,2,25,5,1199,2,-1,-1,1,-1
201520Z001025,3,9,0,18,0,8,0,0,0,0,2,1,1,1,34,6,1995,2,10,-1,1,-1
201520Z001035,1,5,0,4,0,0,1,0,0,0,4,1,2,1,33,6,599,1,16,-1,1,-1
201520Z001045,1,9,0,18,0,0,0,0,0,0,1,1,1,1,26,6,-1,-1,-1,-1,1,-1
201520Z001045,2,9,0,3,0,0,0,0,0,0,2,1,1,2,56,9,1364,1,8,-1,1,-1
201520Z001045,3,9,0,3,0,0,0,0,0,0,2,1,1,1,53,8,2967,2,2,-1,1,-1
201520Z001075,1,21,0,11,0,0,0,0,0,0,4,1,1,1,50,8,6870,2,8,-1,1,-1
201520Z001075,2,9,0,18,0,0,1,0,0,0,3,1,6,2,27,6,1368,1,5,-1,1,-1
201520Z001095,1,9,0,18,0,0,1,0,0,0,1,1,2,1,36,7,1968,2,9,-1,1,-1
201520Z001095,2,9,0,18,0,0,0,0,0,0,4,1,1,1,50,8,-1,-1,-1,-1,1,-1
201520Z001105,1,9,0,4,0,0,0,0,0,0,1,1,6,2,21,5,1199,1,11,-1,1,-1
201520Z001105,2,9,0,18,0,0,0,0,0,0,2,1,2,1,37,7,1686,2,3,-1,1,-1
201520Z001115,1,19,0,5,0,0,0,0,0,0,1,1,2,1,33,6,2198,2,6,-1,-1,-1
201520Z001115,2,9,0,3,0,0,0,0,0,0,2,1,2,1,57,9,-1,-1,-1,-1,1,-1
201520Z001135,1,19,0,18,0,0,1,0,0,0,1,1,1,1,40,7,2198,2,6,-1,-1,-1
201520Z001135,2,9,0,4,0,0,0,0,0,0,2,1,1,1,47,8,1586,1,7,-1,1,-1
201520Z001135,3,9,0,4,0,0,0,0,0,0,2,1,1,2,26,6,1242,1,6,-1,1,-1
201520Z001165,1,9,0,17,0,0,0,0,0,0,1,1,1,1,18,4,1197,1,1,-1,1,-1
201520Z001165,2,9,0,4,0,0,0,0,0,0,2,1,1,2,35,6,1124,1,13,-1,1,-1
201520Z001165,3,9,0,3,0,0,0,0,0,0,2,1,1,1,41,7,1995,2,10,-1,1,-1
201520Z001185,1,9,0,4,0,0,0,0,0,0,4,1,6,1,-1,-1,1149,1,10,-1,1,-1
201520Z001185,2,21,1,18,0,0,0,0,0,0,3,2,1,1,22,5,-1,-1,-1,-1,-1,-1
201520Z001185,3,9,0,18,0,0,0,0,0,0,4,1,6,1,20,4,1395,1,1,-1,2,-1
201520Z001215,1,21,1,12,0,0,0,0,0,0,3,2,1,1,49,8,-1,-1,-1,-1,-1,-1
201520Z001215,2,9,0,18,0,0,0,0,0,0,4,1,1,1,28,6,1995,2,8,-1,1,-1
201520Z001235,1,9,0,11,0,1,0,0,7,6,1,1,6,2,39,7,-1,-1,-1,-1,1,-1
201520Z001245,1,21,1,12,0,0,0,0,0,0,3,2,1,1,63,9,-1,-1,-1,-1,-1,-1
201520Z001245,2,9,0,18,0,0,1,0,0,0,4,1,2,1,43,7,1396,1,11,-1,1,-1
201520Z001265,1,21,1,11,0,0,0,0,0,0,1,1,1,1,51,8,10837,2,5,-1,2,-1
201520Z001265,2,9,0,18,0,0,1,7,2,7,3,1,2,2,53,8,1896,2,7,-1,1,-1
201520Z001285,1,21,1,12,0,0,0,0,0,0,1,1,1,1,56,9,-1,2,11,-1,1,-1
201520Z001285,2,9,0,18,0,0,0,0,0,0,4,1,2,1,50,8,1560,2,4,-1,1,-1
201520Z001335,1,9,0,18,0,0,0,0,0,0,1,1,2,1,39,7,-1,-1,-1,-1,1,-1
201520Z001335,2,9,0,4,0,0,0,0,0,0,2,1,1,1,26,6,1596,1,7,-1,1,-1
201520Z001345,1,19,0,18,0,0,0,0,0,0,1,1,1,1,62,9,2143,2,5,-1,3,-1
201520Z001345,2,9,0,18,0,0,0,0,0,0,1,1,6,2,49,8,2000,2,9,-1,1,-1
201520Z001345,3,9,0,18,0,0,0,0,0,0,1,1,6,1,53,8,1598,2,2,-1,-1,-1
201520Z001345,4,9,0,18,0,0,0,0,0,0,2,1,6,1,56,9,1968,2,5,-1,1,-1
201520Z001355,1,9,0,4,0,0,0,0,0,0,1,1,6,1,50,8,1956,2,6,-1,2,-1
201520Z001355,2,9,0,4,0,0,0,0,0,0,2,1,6,2,32,6,1299,1,15,-1,2,-1
201520Z001355,3,9,0,4,0,0,0,0,0,0,2,1,6,1,50,8,1596,1,3,-1,1,-1
201520Z001355,4,9,0,4,0,0,0,0,0,0,2,1,6,1,63,9,1598,7,13,-1,1,-1
201520Z001355,5,9,0,4,0,0,0,0,0,0,2,1,6,1,27,6,1242,1,12,-1,1,-1
201520Z001365,1,9,0,18,0,0,1,0,1,7,1,1,6,1,33,6,1995,2,3,-1,1,-1
201520Z001385,1,9,0,18,0,0,0,0,0,0,1,1,6,1,36,7,1995,2,-1,-1,1,-1
201520Z001385,2,19,0,18,0,0,0,0,0,0,2,1,1,1,52,8,1995,2,1,-1,3,-1
201520Z001385,3,20,0,18,0,0,0,0,0,0,2,1,1,1,58,9,2998,2,4,-1,2,-1
201520Z001415,1,9,0,18,0,1,1,0,2,7,1,1,6,2,68,10,1598,1,8,-1,1,-1
201520Z001435,1,9,0,18,0,7,0,0,0,0,1,1,6,1,25,5,-1,-1,-1,-1,1,-1
201520Z001435,2,9,0,4,0,7,0,0,0,0,2,1,6,1,37,7,2184,2,6,-1,1,-1
201520Z001465,1,9,0,18,0,0,0,0,0,0,1,1,1,1,46,8,1349,1,2,-1,1,-1
201520Z001465,2,9,0,18,0,0,0,0,0,0,2,1,1,2,23,5,1198,1,-1,-1,1,-1
201520Z001485,1,9,0,18,0,0,0,0,0,0,1,1,6,1,54,8,1968,2,2,-1,1,-1
201520Z001485,2,9,0,18,0,0,0,0,0,0,2,1,6,2,44,7,999,1,-1,-1,1,-1
201520Z001515,1,9,0,11,0,0,0,0,0,0,4,1,6,1,20,4,1686,2,10,-1,1,-1
201520Z001515,2,9,0,18,0,0,1,0,1,7,3,1,6,2,27,6,998,1,18,-1,1,-1
201520Z001525,1,20,0,11,0,0,0,0,0,0,1,1,1,1,-1,-1,-1,-1,-1,-1,-1,-1
201520Z001525,2,9,0,18,0,0,1,7,5,6,3,1,6,2,25,5,998,1,5,-1,1,-1
201520Z001535,1,9,0,18,0,0,0,0,0,0,1,1,6,1,32,6,1560,2,3,-1,1,-1
201520Z001535,2,21,1,18,0,0,0,0,0,0,2,1,1,1,55,8,6692,2,4,-1,1,-1
201520Z001545,1,9,0,18,0,0,0,0,0,0,2,1,2,1,28,6,-1,-1,-1,-1,-1,-1
201520Z001545,2,9,0,18,0,0,0,0,0,0,1,1,2,1,31,6,-1,-1,-1,-1,1,-1
201520Z001555,1,21,1,12,0,0,0,0,0,0,2,2,1,1,54,8,-1,-1,-1,-1,-1,-1
201520Z001555,2,9,0,18,0,0,0,0,1,7,4,1,6,2,58,9,1242,1,12,-1,1,-1
201520Z001575,1,9,0,4,0,7,0,0,0,0,2,1,6,2,24,5,2993,2,8,-1,1,-1
201520Z001575,2,9,0,3,0,7,0,0,0,0,1,1,6,1,21,5,2495,2,19,-1,1,-1
201520Z001575,3,9,0,3,0,7,0,0,0,0,1,1,6,1,44,7,2979,1,3,-1,1,-1
201520Z001595,1,9,0,12,0,6,1,0,1,7,3,1,6,1,47,8,1796,1,8,-1,1,-1
201520Z001595,2,21,0,18,0,8,0,0,0,0,1,1,1,1,59,9,9364,2,13,-1,1,-1
201520Z001595,3,9,0,18,0,8,1,0,1,7,4,1,2,1,43,7,1896,2,12,-1,1,-1
201520Z001615,1,9,0,18,0,0,0,0,0,0,1,1,1,1,25,5,1968,2,5,-1,1,-1
201520Z001615,2,9,0,18,0,0,0,0,0,0,2,1,1,1,27,6,1995,2,3,-1,1,-1
201520Z001615,3,9,0,18,0,0,0,0,0,0,2,1,6,2,23,5,1242,1,2,-1,1,-1
201520Z001635,1,9,0,18,0,0,0,0,0,0,4,1,6,1,49,8,-1,-1,-1,-1,1,-1
201520Z001635,2,20,0,18,0,0,0,0,0,0,1,1,6,1,-1,-1,-1,-1,-1,-1,-1,-1
201520Z001635,3,9,0,18,0,0,0,0,0,0,4,1,6,2,-1,-1,-1,-1,-1,-1,1,-1
201520Z001655,1,21,1,18,0,7,0,0,0,0,3,2,1,1,63,9,-1,-1,-1,-1,-1,-1
201520Z001655,2,9,0,18,0,8,0,0,0,0,4,1,1,2,23,5,1229,1,4,-1,-1,-1
201520Z001675,1,21,1,12,0,0,0,0,0,0,3,2,1,1,44,7,-1,-1,-1,-1,-1,-1
201520Z001675,2,9,0,18,0,0,0,0,0,0,4,1,1,2,51,8,1198,1,1,-1,1,-1
201520Z001695,1,9,0,18,0,1,0,0,0,0,1,1,6,2,-1,-1,2987,2,-1,-1,-1,-1
201520Z001695,2,9,0,3,0,1,0,0,0,0,2,1,6,2,54,8,1968,2,2,-1,3,-1
201520Z001705,1,9,0,11,0,0,0,0,0,0,1,1,6,2,48,8,1896,2,13,-1,1,-1
201520Z001705,2,19,0,18,0,0,0,0,0,0,2,1,6,1,31,6,1870,2,10,-1,1,-1
201520Z001705,3,9,0,18,0,0,0,0,0,0,2,1,6,2,31,6,-1,-1,-1,-1,3,-1
201520Z001735,1,5,0,18,0,3,2,0,0,0,1,1,2,1,41,7,599,1,18,-1,1,-1
201520Z001735,2,8,0,4,0,3,0,0,0,0,2,1,2,2,57,9,1598,1,8,-1,1,-1
201520Z001765,1,9,0,11,0,0,0,0,0,0,1,1,6,2,-1,-1,1596,1,5,-1,-1,-1
201520Z001765,2,9,0,3,0,0,0,0,0,0,2,1,2,2,31,6,1197,1,-1,-1,1,-1
201520Z001795,1,21,1,12,0,0,0,0,0,0,3,2,1,1,53,8,-1,-1,-1,-1,-1,-1
201520Z001795,2,9,0,18,0,0,1,0,0,0,4,1,6,1,27,6,1896,2,12,-1,1,-1
201520Z001805,1,9,0,12,0,0,0,0,0,0,1,1,6,1,20,4,1364,2,-1,-1,2,-1
201520Z001805,2,9,0,18,0,0,0,0,0,0,2,1,2,2,41,7,1598,1,3,-1,3,-1
201520Z001875,1,9,0,18,0,1,0,0,0,0,1,1,6,1,-1,-1,3222,2,11,-1,-1,-1
201520Z001875,2,9,0,3,0,1,0,0,0,0,2,1,6,2,42,7,1596,1,8,-1,1,-1
201520Z001885,1,21,1,4,0,0,1,0,0,0,1,1,1,1,-1,-1,-1,-1,-1,-1,3,-1
201520Z001885,2,21,1,4,0,0,0,0,0,0,2,1,1,1,28,6,12900,2,4,-1,1,-1
201520Z001905,1,9,0,4,0,0,0,0,0,0,2,1,6,2,23,5,1598,1,8,-1,1,-1
201520Z001905,2,9,0,4,0,0,0,0,0,0,1,1,6,1,-1,-1,1995,2,3,-1,-1,-1
201520Z001915,1,9,0,18,0,0,1,7,7,6,3,1,1,1,28,6,1997,2,13,-1,1,-1
201520Z001935,1,9,0,18,0,0,0,0,0,0,1,1,6,1,38,7,1339,1,8,-1,1,-1
201520Z001935,2,9,0,3,0,0,0,0,0,0,2,1,6,1,39,7,1968,2,8,-1,1,-1
201520Z001945,1,9,0,12,0,0,0,0,0,0,1,1,6,1,21,5,2706,1,1,-1,1,-1
201520Z001945,2,9,0,18,0,0,0,0,8,6,2,1,6,1,69,10,1900,2,15,-1,1,-1
201520Z001975,1,9,0,18,0,1,0,0,0,0,3,1,2,1,50,8,1910,2,8,-1,1,-1
201520Z001975,2,21,1,18,0,1,0,0,0,0,4,2,1,1,26,6,-1,-1,-1,-1,-1,-1
201520Z001975,3,21,1,18,0,1,0,0,0,0,1,1,1,1,21,5,12130,2,11,-1,1,-1
201520Z001975,4,21,1,18,0,1,0,0,0,0,1,1,1,1,58,9,12419,2,3,-1,1,-1
201520Z001975,5,21,1,18,0,1,0,0,0,0,3,1,1,1,38,7,12777,2,1,-1,-1,-1
201520Z001975,6,21,1,18,0,1,0,0,0,0,4,1,1,1,-1,-1,12419,2,4,-1,-1,-1