Accident_Index,Vehicle_Reference,Vehicle_Type,Towing_and_Articulation,Vehicle_Manoeuvre,Vehicle_Location-Restricted_Lane,Junction_Location,Skidding_and_Overturning,Hit_Object_in_Carriageway,Vehicle_Leaving_Carriageway,Hit_Object_off_Carriageway,1st_Point_of_Impact,Was_Vehicle_Left_Hand_Drive?,Journey_Purpose_of_Driver,Sex_of_Driver,Age_of_Driver,Age_Band_of_Driver,Engine_Capacity_(CC),Propulsion_Code,Age_of_Vehicle,Driver_IMD_Decile,Driver_Home_Area_Type,Vehicle_IMD_Decile
201520Z001975,7,21,1,18,0,1,0,0,0,0,1,1,1,1,48,8,-1,-1,-1,-1,1,-1
201520Z001995,1,9,0,18,0,0,1,0,0,0,1,1,6,1,69,10,1910,2,9,-1,1,-1
201520Z001995,2,9,0,18,0,0,1,0,0,0,2,1,6,1,49,8,2179,2,2,-1,1,-1
201520Z001995,3,9,0,18,0,0,1,0,0,0,2,1,6,2,51,8,1968,2,2,-1,1,-1
201520Z002035,1,10,0,4,0,0,0,0,0,0,1,1,1,1,-1,-1,-1,-1,-1,-1,-1,-1
201520Z002035,2,20,0,4,0,0,0,0,0,0,2,1,6,3,-1,-1,-1,-1,-1,-1,-1,-1
201520Z002045,1,20,0,12,0,0,0,0,0,0,1,1,6,3,-1,-1,-1,-1,-1,-1,-1,-1
201520Z002045,2,9,0,18,0,0,0,0,0,0,4,1,6,1,73,10,1997,2,12,-1,1,-1
201520Z002065,1,9,0,18,0,0,0,0,0,0,1,1,1,1,29,6,-1,-1,-1,-1,2,-1
201520Z002065,2,21,1,18,0,0,0,0,0,0,2,1,1,1,41,7,-1,-1,-1,-1,2,-1
201520Z002075,1,21,1,12,0,0,0,0,0,0,3,2,1,1,40,7,-1,-1,-1,-1,-1,-1
201520Z002075,2,9,0,18,0,0,0,0,0,0,4,1,6,2,22,5,1229,1,1,-1,1,-1
201520Z002095,1,19,0,17,0,7,0,0,0,0,2,1,1,1,35,6,2198,2,1,-1,1,-1
201520Z002095,2,9,0,18,0,7,0,0,0,0,2,1,2,1,47,8,2499,1,3,-1,1,-1
201520Z002095,3,19,0,18,0,7,1,0,0,0,1,1,2,1,34,6,2148,2,8,-1,1,-1
201520Z002145,1,21,1,18,0,0,0,0,0,0,1,1,6,1,-1,-1,12419,2,-1,-1,-1,-1
201520Z002145,2,9,0,3,0,0,0,0,0,0,2,1,6,2,49,8,1997,2,6,-1,1,-1
201520Z002205,1,9,0,18,0,0,0,0,0,0,1,1,6,2,19,4,1240,1,8,-1,1,-1
201520Z002205,2,9,0,4,0,0,0,0,0,0,2,1,6,1,25,5,1596,1,8,-1,1,-1
201520Z002215,1,9,0,4,0,0,0,0,0,0,1,1,6,1,22,5,1896,2,11,-1,1,-1
201520Z002215,2,9,0,4,0,0,0,0,0,0,2,1,2,1,33,6,-1,-1,-1,-1,1,-1
201520Z002215,3,9,0,4,0,0,0,0,0,0,2,1,6,3,-1,-1,-1,-1,-1,-1,-1,-1
201520Z002215,4,9,0,4,0,0,0,0,0,0,2,1,6,3,-1,-1,-1,-1,-1,-1,-1,-1
201520Z002225,1,21,1,12,0,0,1,0,0,0,1,2,1,1,45,7,-1,-1,-1,-1,-1,-1
201520Z002225,2,9,0,18,0,0,1,0,0,0,4,1,6,1,34,6,-1,-1,-1,-1,-1,-1
201520Z002235,1,9,0,11,0,0,0,0,0,0,1,1,6,2,35,6,1390,1,13,-1,1,-1
201520Z002235,2,9,0,18,0,0,0,0,0,0,2,1,6,1,48,8,1398,1,-1,-1,1,-1
201520Z002245,1,21,1,18,0,0,0,0,0,0,1,2,1,1,29,6,-1,-1,-1,-1,-1,-1
201520Z002245,2,9,0,18,0,0,0,0,0,0,2,1,6,2,23,5,1229,1,2,-1,1,-1
201520Z002275,1,9,0,5,0,1,0,0,0,0,1,1,6,1,-1,-1,1598,1,13,-1,-1,-1
201520Z002275,2,1,0,18,0,1,0,0,0,0,3,1,1,1,31,6,-1,-1,-1,-1,1,-1
201520Z002285,1,21,1,11,0,0,0,0,0,0,3,1,1,1,58,9,11964,2,10,-1,1,-1
201520Z002285,2,9,0,4,0,0,0,0,0,0,3,1,2,2,57,9,1242,1,9,-1,1,-1
201520Z002295,1,19,0,11,0,0,1,0,0,0,1,1,1,1,41,7,2143,2,1,-1,1,-1
201520Z002295,2,9,0,4,0,0,0,0,5,7,2,1,2,1,25,5,998,1,3,-1,1,-1
201520Z002295,3,9,0,4,0,0,0,0,0,0,2,1,6,1,49,8,1995,2,2,-1,3,-1
201520Z002295,4,9,0,4,0,0,0,0,0,0,2,1,6,1,62,9,1598,2,2,-1,1,-1
201520Z002305,1,9,0,18,0,0,0,0,5,6,1,1,6,1,34,6,1596,1,14,-1,1,-1
201520Z002365,1,9,0,4,0,0,5,0,1,9,2,1,6,2,59,9,1248,1,2,-1,1,-1
201520Z002365,2,21,5,18,0,0,0,0,0,0,1,1,1,1,47,8,12419,2,4,-1,2,-1
201520Z002395,1,21,0,18,0,0,0,0,0,0,0,1,1,1,51,8,5880,2,9,-1,1,-1
201520Z002395,2,9,0,18,0,0,0,0,0,0,0,1,6,1,52,8,1461,2,5,-1,2,-1
201520Z002425,1,21,0,18,0,0,0,0,0,0,1,1,1,1,58,9,11705,2,7,-1,-1,-1
201520Z002425,2,9,0,3,0,0,0,0,0,0,2,1,6,2,26,6,1198,1,2,-1,1,-1
201520Z002435,1,19,0,18,0,0,0,0,0,0,1,1,1,1,36,7,2402,2,10,-1,1,-1
201520Z002435,2,9,0,4,0,0,0,0,0,0,2,1,6,2,43,7,1389,1,17,-1,2,-1
201520Z002435,3,9,0,3,0,0,0,0,0,0,2,1,6,2,31,6,2993,2,3,-1,1,-1
201520Z002445,1,9,0,4,0,0,0,0,0,0,2,1,2,2,23,5,1995,2,4,-1,1,-1
201520Z002445,2,9,0,4,0,0,0,0,0,0,2,1,2,2,52,8,1399,2,9,-1,2,-1
201520Z002445,3,9,0,4,0,0,0,0,0,0,1,1,2,1,55,8,1998,2,7,-1,1,-1
201520Z002445,4,9,0,4,0,0,0,0,0,0,1,1,2,2,38,7,1560,2,2,-1,1,-1
201520Z002485,1,9,0,4,0,0,0,0,0,0,1,1,6,1,32,6,1598,1,5,-1,1,-1
201520Z002485,2,9,0,3,0,0,0,0,0,0,2,1,6,1,50,8,1753,2,11,-1,1,-1
201520Z002485,3,9,0,3,0,0,0,0,0,0,2,1,6,2,22,5,899,1,1,-1,1,-1
201520Z002495,1,9,0,12,0,0,0,0,0,0,2,1,6,1,42,7,1896,2,13,-1,1,-1
201520Z002495,2,9,0,12,0,0,0,0,0,0,1,1,6,1,19,4,1753,2,15,-1,1,-1
201520Z002525,1,21,1,11,0,0,0,0,0,0,4,1,1,1,-1,-1,-1,-1,-1,-1,-1,-1
201520Z002525,2,9,0,18,0,0,0,0,5,6,3,1,6,2,30,6,1299,1,7,-1,2,-1
201520Z002575,1,9,0,18,0,0,1,7,2,7,1,1,2,2,35,6,999,1,2,-1,1,-1
201520Z002585,1,9,0,18,0,1,0,0,0,0,1,1,6,1,38,7,1587,1,13,-1,1,-1
201520Z002585,2,9,0,18,0,1,0,0,0,0,2,1,6,1,48,8,1998,2,11,-1,1,-1
201520Z002585,3,9,0,18,0,1,0,0,0,0,2,1,6,1,48,8,1796,1,8,-1,1,-1
201520Z002595,1,9,0,18,0,0,0,0,0,0,2,1,6,1,37,7,1598,1,10,-1,1,-1
201520Z002595,2,19,0,18,0,0,0,0,0,0,1,1,6,1,40,7,1598,2,-1,-1,1,-1
201520Z002595,3,19,0,18,0,0,0,0,0,0,1,1,6,1,40,7,2402,2,5,-1,2,-1
201520Z002605,1,21,1,12,0,0,0,0,0,0,1,2,1,1,29,6,-1,-1,-1,-1,-1,-1
201520Z002605,2,9,0,18,0,0,0,0,0,0,4,1,6,1,23,5,1896,2,9,-1,1,-1
201520Z002615,1,9,0,12,0,0,0,0,0,0,0,1,6,3,-1,-1,-1,-1,-1,-1,-1,-1
201520Z002615,2,9,0,18,0,0,0,0,0,0,3,1,6,2,24,5,1797,8,-1,-1,1,-1
201520Z002645,1,9,0,16,0,2,1,0,5,6,1,1,6,2,32,6,998,1,11,-1,1,-1
201520Z002645,2,21,1,16,0,2,0,0,0,0,3,1,1,1,54,8,11705,2,7,-1,1,-1
201520Z002655,1,21,1,18,0,0,0,0,0,0,1,1,1,1,54,8,11967,2,3,-1,1,-1
201520Z002655,2,19,0,4,0,0,0,0,0,0,2,1,1,1,49,8,1560,2,1,-1,1,-1
201520Z002695,1,9,0,18,0,0,0,0,0,0,1,1,6,1,27,6,2401,2,8,-1,-1,-1
201520Z002695,2,9,0,18,0,0,0,0,0,0,2,1,6,1,52,8,1560,2,7,-1,1,-1
201520Z002705,1,9,0,18,0,8,1,0,0,0,1,1,2,2,27,6,1398,2,5,-1,-1,-1
201520Z002705,2,9,0,12,0,8,0,0,0,0,2,1,6,3,-1,-1,-1,-1,-1,-1,-1,-1
201520Z002725,1,9,0,4,0,0,0,0,0,0,1,1,2,2,-1,-1,1499,1,-1,-1,1,-1
201520Z002725,2,9,0,4,0,0,0,0,0,0,2,1,2,1,66,10,2179,2,3,-1,1,-1
201520Z002735,1,21,1,11,0,0,0,0,0,0,1,1,1,1,67,10,12900,2,4,-1,1,-1
201520Z002735,2,9,0,18,0,0,0,0,0,0,2,1,6,1,22,5,1896,2,12,-1,1,-1
201520Z002745,1,9,0,4,0,0,0,0,0,0,1,1,6,1,66,10,1368,1,-1,-1,1,-1
201520Z002745,2,9,0,4,0,0,0,0,0,0,2,1,6,1,60,9,1796,1,5,-1,1,-1
201520Z002755,1,20,0,4,0,0,0,0,0,0,1,1,1,1,31,6,6693,2,1,-1,1,-1
201520Z002755,2,9,0,3,0,0,0,0,5,6,2,1,2,2,26,6,998,1,2,-1,3,-1
201520Z002755,3,9,0,3,0,0,0,0,0,0,2,1,6,2,70,10,1968,2,5,-1,1,-1
201520Z002765,1,9,0,18,0,0,1,0,1,6,1,1,6,1,33,6,1360,1,11,-1,1,-1
201520Z002805,1,9,0,11,0,0,0,0,0,0,1,1,6,2,25,5,1242,1,2,-1,1,-1
201520Z002805,2,9,0,4,0,0,0,0,7,6,2,1,6,2,33,6,1364,2,5,-1,1,-1
201520Z002805,3,9,0,4,0,0,0,0,0,0,0,1,2,2,42,7,1461,2,1,-1,1,-1
201520Z002835,1,21,1,12,0,0,0,0,0,0,1,2,1,1,23,5,-1,-1,-1,-1,-1,-1
201520Z002835,2,9,0,4,0,0,0,0,0,0,2,1,6,1,59,9,1988,2,10,-1,1,-1
201520Z002845,1,9,0,18,0,0,0,0,0,0,1,1,6,1,23,5,1560,2,6,-1,1,-1
201520Z002845,2,9,0,18,0,0,0,0,0,0,2,1,6,2,23,5,1461,2,13,-1,1,-1
201520Z002845,3,9,0,18,0,0,0,0,0,0,2,1,6,1,43,7,2987,2,8,-1,1,-1
201520Z002855,1,9,0,18,0,0,0,0,0,0,1,1,6,1,42,7,1598,1,12,-1,1,-1
201520Z002855,2,9,0,18,0,0,0,0,0,0,2,1,6,1,52,8,1598,1,2,-1,1,-1
201520Z002875,1,21,1,4,0,0,0,0,0,0,1,1,1,1,45,7,12809,2,1,-1,-1,-1
201520Z002875,2,9,0,4,0,0,0,0,1,0,2,1,6,2,43,7,1598,1,6,-1,1,-1
201520Z002875,3,9,0,4,0,0,0,0,0,0,3,1,6,1,36,7,1910,2,9,-1,-1,-1
201520Z002925,1,9,0,18,0,0,1,0,0,0,4,1,6,2,46,8,1360,1,12,-1,1,-1
201520Z002925,2,9,0,18,0,0,1,0,7,6,1,1,6,2,38,7,1364,1,10,-1,1,-1
201520Z002935,1,9,0,18,0,0,0,0,0,0,1,1,6,1,-1,-1,1997,2,5,-1,1,-1
201520Z002935,2,9,0,18,0,0,0,0,0,0,2,1,1,1,36,7,1997,2,2,-1,1,-1
201520Z002935,3,21,1,18,0,0,0,0,0,0,4,1,6,3,-1,-1,-1,-1,-1,-1,-1,-1
201520Z002955,1,19,0,12,0,8,0,0,0,0,3,2,6,1,31,6,-1,-1,-1,-1,-1,-1
201520Z002955,2,5,0,13,0,8,0,0,7,0,4,1,6,1,31,6,803,1,-1,-1,1,-1
201520Z002965,1,19,0,18,0,1,0,0,0,0,1,1,2,1,53,8,2198,2,2,-1,1,-1
201520Z002965,2,9,0,4,0,1,0,0,0,0,2,1,6,1,49,8,1870,2,11,-1,2,-1
201520Z002985,1,9,0,18,6,0,0,4,0,0,1,1,6,2,47,8,1242,1,3,-1,1,-1
201520Z002985,2,9,0,2,6,0,0,0,0,0,2,1,6,2,30,6,1968,2,3,-1,1,-1
201520Z002995,1,9,0,18,6,0,1,4,0,0,1,1,1,1,40,7,1988,1,12,-1,1,-1
201520Z002995,2,8,0,2,0,0,0,0,0,0,2,1,6,1,48,8,1910,2,9,-1,1,-1
201520Z003025,1,21,4,18,0,0,3,7,6,6,1,1,6,1,47,8,12809,2,2,-1,1,-1
201520Z003025,2,19,0,18,0,0,1,0,0,0,2,1,6,1,31,6,1686,2,11,-1,1,-1
201520Z003025,3,19,0,18,0,0,1,0,0,0,3,1,6,1,49,8,2198,2,1,-1,1,-1
201520Z003025,4,21,4,18,0,0,0,0,0,0,3,1,6,1,56,9,11705,2,7,-1,1,-1
201520Z003035,1,9,0,11,0,0,0,0,0,0,1,1,6,1,23,5,1399,2,11,-1,3,-1
201520Z003035,2,9,0,4,0,0,0,0,0,0,2,1,6,1,20,4,1388,1,14,-1,1,-1
201520Z003035,3,9,0,4,0,0,0,0,0,0,2,1,6,2,38,7,1461,2,-1,-1,1,-1
201520Z003045,1,9,0,18,0,0,0,0,0,0,1,1,1,1,43,7,1781,1,9,-1,1,-1
201520Z003045,2,9,0,3,0,0,0,0,0,0,2,1,6,2,29,6,1299,1,12,-1,1,-1
201520Z003045,3,9,0,3,0,0,0,0,0,0,2,1,1,1,43,7,1598,2,-1,-1,1,-1
201520Z003045,4,19,0,3,0,0,0,0,0,0,2,1,1,1,49,8,1753,2,13,-1,1,-1
201520Z003055,1,9,0,18,0,0,0,0,0,0,1,1,6,2,40,7,1796,1,13,-1,1,-1
201520Z003055,2,9,0,3,0,0,0,0,0,0,2,1,1,1,61,9,998,1,-1,-1,1,-1
201520Z003055,3,9,0,3,0,0,0,0,0,0,2,1,6,1,25,5,1590,1,14,-1,1,-1
201520Z003095,1,9,0,12,0,0,1,0,7,7,1,1,6,2,21,5,999,1,15,-1,1,-1
201520Z003095,2,9,0,18,0,0,0,0,0,0,0,1,6,3,-1,-1,-1,-1,-1,-1,-1,-1
201520Z003115,1,21,1,18,0,0,0,0,0,0,1,1,1,1,57,9,-1,-1,-1,-1,-1,-1
201520Z003115,2,21,1,18,0,0,0,0,0,0,2,1,1,1,40,7,11946,2,2,-1,1,-1
201520Z003125,1,9,0,15,0,0,0,0,0,0,2,1,2,2,45,7,2231,2,7,-1,2,-1
201520Z003125,2,9,0,18,0,0,0,0,0,0,1,1,2,2,23,5,998,1,5,-1,1,-1
201520Z003125,3,9,0,18,0,0,0,0,0,0,1,1,2,2,27,6,1997,2,1,-1,1,-1
201520Z003125,4,9,0,18,0,0,0,0,0,0,1,1,2,1,24,5,1753,2,7,-1,1,-1
201520Z003125,5,9,0,18,0,0,0,0,0,0,1,1,2,2,28,6,1124,1,12,-1,3,-1
201520Z003125,6,21,1,18,0,0,0,0,0,0,3,1,6,1,32,6,12777,2,2,-1,1,-1
201520Z003145,1,9,0,18,0,0,0,0,0,0,1,1,6,1,-1,-1,1596,1,-1,-1,-1,-1
201520Z003145,2,9,0,3,0,0,0,0,0,0,2,1,6,2,24,5,1124,1,10,-1,1,-1
201520Z003145,3,9,0,3,0,0,0,0,0,0,2,1,6,2,26,6,1798,1,13,-1,1,-1
201520Z003145,4,9,0,3,0,0,0,0,0,0,2,1,6,2,20,4,1596,1,10,-1,1,-1
201520Z003155,1,9,0,4,0,0,0,0,0,0,1,1,2,1,30,6,1363,2,10,-1,1,-1
201520Z003155,2,9,0,4,0,0,0,0,0,0,2,1,2,1,39,7,1596,1,9,-1,1,-1
201520Z003155,3,9,0,4,0,0,0,0,0,0,1,1,2,1,45,7,1870,2,11,-1,1,-1
201520Z003155,4,4,0,4,0,0,0,0,0,0,1,1,2,1,32,6,996,1,16,-1,1,-1
201520Z003155,5,19,0,4,0,0,0,0,0,0,2,1,6,1,40,7,1560,2,2,-1,1,-1
201520Z003165,1,9,0,5,0,0,0,0,0,0,1,1,1,1,38,7,1560,2,3,-1,1,-1
201520Z003165,2,9,0,4,0,0,0,0,0,0,2,1,2,2,48,8,1598,1,10,-1,1,-1
201520Z003165,3,9,0,4,0,0,0,0,0,0,2,1,2,2,32,6,1560,2,4,-1,1,-1
201520Z003175,1,21,1,11,0,0,0,0,0,0,1,1,1,1,62,9,-1,-1,-1,-1,1,-1
201520Z003175,2,9,0,18,0,0,0,0,0,0,2,1,1,1,26,6,1598,1,12,-1,1,-1
201520Z003205,1,21,1,13,0,0,0,0,0,0,1,1,1,1,65,9,11705,2,7,-1,1,-1
201520Z003205,2,9,0,18,0,0,0,7,0,0,2,1,1,1,51,8,1968,2,8,-1,1,-1
201520Z003205,3,9,0,18,0,0,0,0,0,0,3,1,1,1,60,9,2143,2,2,-1,1,-1
201520Z003215,1,9,0,18,0,0,0,0,0,0,1,1,6,1,42,7,999,1,3,-1,3,-1
201520Z003215,2,9,0,3,0,0,0,0,0,0,2,1,6,2,29,6,1596,1,12,-1,1,-1
201520Z003215,3,9,0,3,0,0,0,0,0,0,2,1,6,2,49,8,1498,1,13,-1,1,-1
201520Z003245,1,9,0,18,6,0,1,0,0,0,2,1,6,2,38,7,998,1,2,-1,2,-1
201520Z003245,2,9,0,18,0,0,1,0,0,0,1,1,6,2,30,6,1598,1,9,-1,1,-1
201520Z003245,3,9,0,18,0,0,1,0,0,0,1,1,6,1,68,10,1997,1,12,-1,2,-1
201520Z003245,4,9,0,18,6,0,1,0,0,0,1,1,6,1,49,8,1995,2,14,-1,1,-1
201520Z003275,1,21,0,18,0,0,0,0,0,0,1,1,1,1,37,7,5880,2,11,-1,3,-1
201520Z003275,2,19,0,4,0,0,0,0,0,0,2,1,1,1,27,6,1753,2,9,-1,2,-1
201520Z003275,3,19,0,4,0,0,0,0,0,0,2,1,1,1,-1,-1,2287,2,-1,-1,2,-1
201520Z003275,4,9,0,4,0,0,0,0,0,0,1,1,6,2,-1,-1,1796,1,15,-1,1,-1
201520Z003285,1,9,0,4,0,0,0,0,0,0,1,1,2,1,37,7,2143,2,3,-1,1,-1
201520Z003285,2,9,0,4,0,0,0,0,0,0,2,1,2,1,33,6,1910,2,8,-1,1,-1
201520Z003295,1,9,0,4,0,0,1,0,0,0,1,1,6,1,27,6,1998,2,11,-1,1,-1
201520Z003295,2,19,0,4,0,0,1,0,0,0,2,1,1,1,58,9,2198,2,-1,-1,1,-1
201520Z003295,3,9,0,4,0,0,0,0,0,0,2,1,6,1,28,6,1560,2,-1,-1,1,-1
201520Z003325,1,9,0,12,0,0,1,0,6,0,1,1,2,1,19,4,1229,1,-1,-1,1,-1
201520Z003325,2,9,0,4,0,0,1,0,6,7,1,1,2,1,26,6,1997,1,13,-1,1,-1
201520Z003335,1,9,0,18,0,0,0,0,0,0,1,1,2,2,57,9,1242,1,-1,-1,1,-1
201520Z003335,2,9,3,4,0,0,0,0,0,0,2,1,6,1,64,9,1968,2,3,-1,1,-1
201520Z003345,1,20,0,18,0,0,0,0,0,0,1,1,1,1,46,8,-1,2,3,-1,1,-1
201520Z003345,2,19,0,4,0,0,0,0,0,0,2,1,1,1,44,7,2143,2,2,-1,1,-1
201520Z003345,3,9,0,4,0,0,0,0,0,0,2,1,6,1,53,8,1598,1,10,-1,1,-1
201520Z003355,1,9,0,4,0,0,0,0,0,0,1,1,6,1,36,7,1995,2,10,-1,1,-1
201520Z003355,2,9,0,4,0,0,0,0,0,0,2,1,6,1,46,8,-1,-1,-1,-1,1,-1
201520Z003375,1,9,0,18,0,0,0,0,5,6,1,1,6,1,33,6,1870,2,11,-1,1,-1
201520Z003375,2,9,0,18,0,0,0,7,5,6,2,1,6,1,29,6,2800,1,17,-1,3,-1
201520Z003385,1,21,1,18,0,0,0,0,0,0,1,1,1,1,38,7,10518,2,2,-1,1,-1
201520Z003385,2,9,0,18,0,0,0,0,0,0,2,1,6,1,48,8,998,1,16,-1,1,-1
201520Z003395,1,21,0,18,0,0,0,0,0,0,1,1,1,1,51,8,12777,2,8,-1,3,-1
201520Z003395,2,21,1,4,0,0,0,0,0,0,2,1,1,1,63,9,10677,2,-1,-1,1,-1
201520Z003405,1,9,0,16,6,0,2,0,0,0,1,1,6,1,21,5,1328,1,11,-1,3,-1
201520Z003405,2,9,0,2,6,0,0,0,0,0,2,1,1,2,47,8,2993,2,-1,-1,1,-1
201520Z003405,3,9,0,2,6,0,0,0,0,0,0,1,6,2,33,6,1242,1,10,-1,1,-1
201520Z003415,1,9,0,18,0,0,1,0,0,0,1,1,2,1,50,8,-1,-1,-1,-1,3,-1
201520Z003415,2,9,0,4,0,0,0,0,0,0,2,1,6,1,25,5,999,1,-1,-1,1,-1
201520Z003415,3,9,0,4,0,0,0,0,0,0,2,1,6,2,42,7,1997,1,29,-1,1,-1
201520Z003465,1,9,0,18,0,0,0,0,0,0,1,1,6,2,26,6,1896,2,14,-1,1,-1
201520Z003465,2,9,0,3,0,0,0,0,0,0,2,1,6,2,18,4,1149,1,15,-1,1,-1
201520Z003465,3,9,0,3,0,0,0,0,0,0,2,1,6,1,52,8,1995,2,2,-1,1,-1
201520Z003475,1,9,0,18,0,0,0,0,0,0,1,1,6,2,32,6,2993,2,9,-1,1,-1
201520Z003475,2,9,0,4,0,0,0,0,0,0,2,1,6,2,31,6,1198,1,7,-1,1,-1
201520Z003485,1,21,1,12,0,0,0,0,0,0,4,1,1,1,62,9,12740,2,1,-1,1,-1
201520Z003485,2,9,0,18,0,0,0,0,0,0,1,1,6,2,38,7,1796,1,15,-1,1,-1
201520Z003505,1,9,0,5,0,0,1,0,0,0,1,1,6,2,54,8,1794,1,20,-1,1,-1
201520Z003505,2,9,0,3,0,0,0,0,0,0,2,1,2,1,49,8,1956,2,2,-1,1,-1
201520Z003515,1,9,0,4,0,0,0,0,0,0,2,1,2,1,37,7,1871,2,11,-1,3,-1
201520Z003515,2,9,0,4,0,0,0,0,0,0,1,1,2,1,29,6,1896,2,13,-1,1,-1
201520Z003535,1,9,0,18,0,0,0,0,1,10,1,1,6,1,56,9,1390,1,12,-1,1,-1
201520Z003545,1,21,1,11,0,0,0,0,0,0,1,1,1,1,30,6,10677,2,-1,-1,1,-1
201520Z003545,2,9,0,18,0,0,0,0,1,9,2,1,2,1,51,8,1796,1,8,-1,1,-1
201520Z003555,1,9,0,18,0,0,0,0,0,0,1,1,2,2,29,6,1598,1,9,-1,1,-1
201520Z003555,2,21,1,4,0,0,0,0,0,0,2,1,1,1,32,6,12419,2,5,-1,1,-1
201520Z003555,3,9,0,2,0,0,0,0,0,0,4,1,2,1,47,8,-1,-1,-1,-1,1,-1
201520Z003555,4,9,0,2,0,0,0,0,0,0,3,1,1,1,19,4,1198,1,4,-1,3,-1
201520Z003585,1,21,1,11,0,0,0,0,0,0,4,1,1,1,22,5,10837,2,5,-1,1,-1
201520Z003585,2,9,0,18,0,0,0,0,0,0,3,1,3,2,31,6,998,1,2,-1,2,-1
201520Z003585,3,19,0,18,0,0,1,0,0,0,1,1,2,1,28,6,1995,2,1,-1,1,-1
201520Z003595,1,9,0,11,0,0,0,0,0,0,1,1,1,1,58,9,1560,2,4,-1,1,-1
201520Z003595,2,19,0,4,0,0,0,0,0,0,2,1,1,1,47,8,2998,2,3,-1,2,-1
201520Z003595,3,19,0,4,0,0,0,0,0,0,2,1,1,1,31,6,2198,2,-1,-1,-1,-1
201520Z003605,1,9,0,11,0,0,0,0,0,0,1,1,1,2,20,4,1299,1,9,-1,1,-1
201520Z003605,2,9,0,3,0,0,0,0,0,0,2,1,6,2,37,7,1398,2,5,-1,1,-1
201520Z003605,3,9,0,3,0,0,0,0,0,0,2,1,1,1,42,7,-1,-1,-1,-1,1,-1
201520Z003615,1,9,0,18,0,0,0,0,0,0,1,1,6,2,66,10,-1,-1,-1,-1,1,-1
201520Z003615,2,9,0,4,0,0,0,0,0,0,2,1,6,1,-1,-1,-1,-1,-1,-1,-1,-1
201520Z003625,1,9,0,18,0,0,0,0,0,0,1,1,2,1,31,6,1497,1,14,-1,1,-1
201520Z003625,2,19,0,18,0,0,0,0,0,0,2,1,1,1,67,10,2143,2,5,-1,-1,-1
201520Z003635,1,21,1,18,0,0,0,0,0,0,3,2,1,1,44,7,-1,-1,-1,-1,-1,-1
201520Z003635,2,9,0,18,0,0,0,0,0,0,2,1,6,2,43,7,1399,2,5,-1,1,-1
201520Z003645,1,9,0,18,0,0,1,0,0,0,1,1,2,2,36,7,1798,1,8,-1,1,-1
201520Z003645,2,9,0,18,0,0,1,0,0,0,2,1,2,1,28,6,1968,2,-1,-1,1,-1
201520Z003645,3,9,0,18,0,0,1,0,0,0,2,1,2,1,33,6,1496,2,-1,-1,1,-1
201520Z003655,1,21,1,12,0,0,0,0,0,0,3,2,1,1,60,9,-1,-1,-1,-1,-1,-1
201520Z003655,2,9,0,18,0,0,0,0,0,7,4,1,2,2,52,8,1560,2,1,-1,1,-1
201520Z003665,1,21,0,12,0,0,0,0,0,0,3,1,6,3,-1,-1,-1,-1,-1,-1,-1,-1
201520Z003665,2,9,0,18,0,0,0,0,0,0,4,1,6,2,39,7,1896,2,10,-1,1,-1
201520Z003675,1,9,0,4,0,0,0,0,0,0,1,1,6,1,20,4,1398,1,3,-1,1,-1
201520Z003675,2,9,0,4,0,0,0,0,0,0,2,1,6,1,53,8,2993,2,2,-1,1,-1
201520Z003685,1,9,0,18,0,0,0,0,0,0,1,1,1,1,46,8,1968,2,3,-1,1,-1
201520Z003685,2,9,0,5,0,0,0,0,0,0,2,1,6,1,25,5,1598,1,2,-1,1,-1
201520Z003685,3,9,0,3,0,0,0,0,0,0,2,1,6,2,39,7,1299,1,12,-1,1,-1
201520Z003685,4,9,0,3,0,0,0,0,0,0,2,1,6,2,31,6,1242,1,2,-1,1,-1
201520Z609285,1,19,0,18,0,1,0,0,0,0,1,1,6,1,-1,-1,2198,2,1,-1,-1,-1
201520Z609285,2,9,0,3,0,1,0,0,0,0,2,1,2,2,22,5,1360,1,11,-1,1,-1
2015210023843,1,9,0,3,0,0,0,0,0,0,2,1,6,1,26,6,1870,2,12,-1,1,-1
2015210023843,2,9,0,3,0,0,0,0,0,0,1,1,6,1,20,4,1364,1,10,-1,1,-1
2015210023846,1,9,0,7,0,6,0,0,0,0,1,1,6,2,26,6,1951,2,13,-1,1,-1
2015210023846,2,9,0,18,0,1,0,0,0,0,1,1,6,2,59,9,1598,1,1,-1,1,-1
2015210023846,3,98,0,2,0,2,0,0,0,0,0,1,6,3,-1,-1,-1,-1,-1,-1,-1,-1
2015210023851,1,8,0,18,0,0,0,0,0,0,0,1,1,1,31,6,1997,2,9,-1,1,-1
2015210023852,1,9,0,5,0,8,0,0,0,0,1,1,6,1,20,4,1299,1,13,-1,1,-1
2015210023852,2,1,0,5,0,8,0,0,0,0,2,1,6,1,46,8,-1,-1,-1,-1,1,-1
2015210023853,1,9,0,7,0,2,0,0,0,0,1,1,6,3,-1,-1,-1,-1,-1,-1,-1,-1
2015210023856,1,19,0,6,0,0,0,0,0,0,4,1,1,1,20,4,2198,2,2,-1,1,-1
2015210023856,2,9,0,18,0,0,0,0,0,0,1,1,6,1,17,4,1242,1,-1,-1,2,-1
2015210023857,1,9,0,18,0,1,0,0,0,0,1,1,5,1,21,5,1242,1,14,-1,1,-1
2015210023857,2,9,0,10,0,1,0,0,0,0,2,1,5,1,21,5,1998,1,6,-1,1,-1