Accident_Index,Vehicle_Reference,Vehicle_Type,Towing_and_Articulation,Vehicle_Manoeuvre,Vehicle_Location-Restricted_Lane,Junction_Location,Skidding_and_Overturning,Hit_Object_in_Carriageway,Vehicle_Leaving_Carriageway,Hit_Object_off_Carriageway,1st_Point_of_Impact,Was_Vehicle_Left_Hand_Drive?,Journey_Purpose_of_Driver,Sex_of_Driver,Age_of_Driver,Age_Band_of_Driver,Engine_Capacity_(CC),Propulsion_Code,Age_of_Vehicle,Driver_IMD_Decile,Driver_Home_Area_Type,Vehicle_IMD_Decile
2015210023863,1,9,0,18,0,8,0,0,7,1,3,1,6,2,18,4,1242,1,13,-1,3,-1
2015210023863,2,-1,0,18,0,8,0,0,0,0,1,1,6,3,-1,-1,-1,-1,-1,-1,-1,-1
2015210023867,1,9,0,17,0,0,1,0,0,0,3,1,6,1,25,5,1970,1,20,-1,1,-1
2015210023867,2,9,0,18,0,0,0,0,0,0,1,1,6,2,30,6,2199,2,1,-1,2,-1
2015210023879,1,9,0,18,0,0,5,10,0,0,1,1,6,2,42,7,1086,1,8,-1,1,-1
2015210023879,2,9,0,2,0,0,0,0,0,0,2,1,6,2,41,7,1360,1,12,-1,1,-1
2015210023879,3,9,0,2,0,0,0,0,0,0,2,1,6,2,35,6,1956,2,4,-1,3,-1
2015210023879,4,9,0,2,0,0,0,0,0,0,2,1,6,1,38,7,1968,2,9,-1,1,-1
2015210023880,1,9,0,18,0,0,0,0,0,0,1,1,6,1,52,8,1796,1,13,-1,1,-1
2015210023883,1,1,0,7,0,6,0,0,0,0,2,1,6,1,69,10,-1,-1,-1,-1,1,-1
2015210023883,2,9,0,18,0,8,0,0,0,0,1,1,6,2,70,10,1275,1,15,-1,1,-1
2015210023894,1,9,0,5,0,6,0,0,0,0,1,1,6,1,39,7,1998,1,8,-1,1,-1
2015210023894,2,98,0,18,0,1,1,0,0,0,1,1,6,1,78,11,2496,2,18,-1,1,-1
2015210023900,1,9,0,9,0,4,0,0,0,0,3,1,6,2,20,4,1242,1,4,-1,1,-1
2015210023900,2,9,0,18,0,8,0,0,0,0,1,1,6,2,51,8,1149,1,12,-1,3,-1
2015210023907,1,9,0,18,0,0,0,0,8,10,1,1,5,1,66,10,1956,2,4,-1,3,-1
2015210023907,2,9,0,2,0,0,0,0,1,3,2,1,5,2,-1,-1,998,1,11,-1,3,-1
2015210023907,3,9,0,2,0,0,0,0,0,0,1,1,5,2,-1,-1,1598,1,11,-1,3,-1
2015210023907,4,9,0,2,9,0,0,0,0,0,3,1,5,2,-1,-1,1896,2,7,-1,3,-1
2015210023908,1,9,0,9,0,1,0,0,0,0,1,1,5,1,-1,-1,1396,1,13,-1,-1,-1
2015210023908,2,9,0,18,0,1,0,0,0,0,1,1,2,2,55,8,1299,1,12,-1,1,-1
2015210023910,1,9,0,18,0,1,0,0,0,0,4,1,6,2,29,6,1390,1,7,-1,1,-1
2015210023910,2,1,0,18,9,1,0,0,0,0,4,1,4,1,12,3,-1,-1,-1,-1,1,-1
2015210023912,1,9,0,18,0,0,0,0,0,0,2,1,6,1,33,6,2999,2,10,-1,1,-1
2015210023912,2,3,0,9,0,0,0,0,0,0,1,1,6,1,17,4,124,1,9,-1,1,-1
2015210023917,1,9,0,18,0,8,0,0,0,0,1,1,6,1,33,6,1124,1,14,-1,1,-1
2015210023917,2,9,0,7,0,3,0,0,0,0,1,1,6,2,25,5,1229,1,3,-1,1,-1
2015210023920,1,9,0,4,0,1,0,0,0,0,2,1,6,1,65,9,2198,1,12,-1,3,-1
2015210023920,2,9,0,18,0,1,0,0,0,0,1,1,6,1,52,8,2143,2,2,-1,1,-1
2015210023924,1,9,0,9,0,1,1,0,7,9,3,1,6,2,22,5,1242,1,6,-1,3,-1
2015210023926,1,9,0,6,0,0,0,0,0,0,3,1,5,2,24,5,1124,1,10,-1,1,-1
2015210023926,2,2,0,13,0,0,0,0,0,0,1,1,5,1,16,4,49,1,1,-1,1,-1
2015210023931,1,9,0,7,0,4,0,9,0,0,3,1,1,1,58,9,1762,1,17,-1,1,-1
2015210023931,2,9,0,18,0,8,0,0,0,0,1,1,6,1,17,4,1197,1,2,-1,1,-1
2015210023933,1,8,0,18,0,8,0,0,0,0,1,1,1,1,34,6,1798,7,10,-1,1,-1
2015210023933,2,9,0,18,0,8,0,0,1,0,1,1,6,2,44,7,1598,1,14,-1,1,-1
2015210023941,1,9,0,9,0,3,0,0,0,0,4,1,6,1,38,7,2995,1,7,-1,1,-1
2015210023960,1,9,0,14,0,1,0,0,0,0,1,1,6,1,28,6,1332,1,5,-1,1,-1
2015210023960,2,9,0,2,0,1,0,0,0,0,1,1,5,1,38,7,1798,1,6,-1,1,-1
2015210023963,1,19,0,13,0,0,0,0,0,0,1,1,1,1,22,5,2198,2,2,-1,1,-1
2015210023963,2,1,0,18,0,0,0,0,0,0,3,1,6,1,58,9,-1,-1,-1,-1,1,-1
2015210023966,1,9,0,18,0,1,0,0,0,0,1,1,6,1,50,8,1591,1,2,-1,1,-1
2015210023966,2,1,0,18,0,1,1,0,0,0,4,1,6,1,6,2,-1,-1,-1,-1,1,-1
2015210023967,1,9,0,18,0,1,0,0,0,0,3,1,6,1,60,9,2099,2,9,-1,3,-1
2015210023967,2,9,0,18,0,1,0,0,0,0,4,1,6,1,31,6,1388,1,18,-1,1,-1
2015210024050,1,9,0,9,0,6,0,0,3,0,1,1,6,2,54,8,1997,1,9,-1,1,-1
2015210024050,2,9,0,18,0,8,0,0,0,0,4,1,6,1,-1,-1,-1,-1,-1,-1,3,-1
2015210024054,1,9,0,18,0,0,0,0,0,0,4,1,6,1,48,8,1995,2,2,-1,3,-1
2015210024054,2,9,0,6,0,0,0,0,0,0,1,1,6,1,35,6,1560,2,8,-1,2,-1
2015210024056,1,9,0,-1,-1,-1,-1,-1,-1,0,1,1,2,1,49,8,1248,2,4,-1,1,-1
2015210024056,2,9,0,3,0,-1,-1,-1,-1,0,1,1,1,2,39,7,1229,1,2,-1,1,-1
2015210024056,3,9,-1,3,0,-1,-1,-1,-1,0,1,1,5,2,53,8,1124,1,9,-1,1,-1
2015210024056,4,9,0,3,0,-1,-1,-1,-1,0,2,1,5,2,61,9,1149,1,7,-1,1,-1
2015210024058,1,9,0,18,0,1,0,0,0,0,1,1,6,2,22,5,1124,1,15,-1,1,-1
2015210024058,2,9,0,3,0,1,0,0,0,0,2,1,6,1,41,7,1999,1,7,-1,1,-1
2015210024065,1,19,0,3,0,0,0,0,0,0,2,1,2,1,32,6,1998,2,9,-1,1,-1
2015210024065,2,19,0,4,0,0,0,0,0,0,2,1,1,1,42,7,2143,2,3,-1,1,-1
2015210024065,3,9,0,18,0,0,0,0,0,0,1,1,2,2,35,6,1397,1,3,-1,1,-1
2015210024065,4,19,0,18,0,0,0,0,0,0,1,1,1,1,24,5,2198,2,1,-1,1,-1
2015210024065,5,9,0,18,0,0,0,0,0,0,1,1,6,3,-1,-1,-1,-1,-1,-1,-1,-1
2015210024086,1,98,1,-1,-1,0,-1,-1,-1,0,-1,1,1,1,38,7,-1,-1,-1,-1,-1,-1
2015210024086,2,3,-1,3,0,0,-1,-1,-1,0,1,1,5,1,39,7,125,1,5,-1,1,-1
2015210024097,1,9,0,3,0,0,0,0,0,0,1,1,5,1,32,6,1396,1,14,-1,1,-1
2015210024097,2,9,0,18,0,0,0,0,0,0,1,1,5,2,64,9,1797,8,3,-1,1,-1
2015210024102,1,9,0,16,0,0,0,0,1,2,1,1,6,2,30,6,1397,1,7,-1,1,-1
2015210024109,1,9,0,18,0,2,0,0,0,0,1,1,6,3,-1,-1,1798,1,7,-1,1,-1
2015210024109,2,9,0,4,0,2,0,0,1,0,2,1,6,1,38,7,2457,1,7,-1,2,-1
2015210024129,1,9,0,14,0,1,0,0,0,0,1,1,6,3,-1,-1,-1,-1,-1,-1,-1,-1
2015210024129,2,1,0,14,0,1,0,0,0,0,1,1,6,1,21,5,-1,-1,-1,-1,1,-1
2015210024136,1,9,0,9,0,6,0,0,0,0,3,1,6,1,86,11,1343,1,12,-1,1,-1
2015210024136,2,9,0,18,0,8,0,0,0,0,1,1,6,2,48,8,1399,2,7,-1,1,-1
2015210024136,3,98,0,10,0,1,0,0,0,0,0,1,1,1,66,10,2287,2,3,-1,3,-1
2015210024138,1,9,0,18,0,0,0,0,0,0,1,1,6,1,74,10,1896,2,12,-1,1,-1
2015210024144,1,9,0,5,0,6,0,0,0,0,1,1,6,1,83,11,1997,2,15,-1,1,-1
2015210024144,2,9,0,18,0,8,0,0,0,0,1,1,6,2,31,6,1248,2,2,-1,1,-1
2015210024146,1,9,0,18,0,1,1,0,0,0,1,1,6,3,-1,-1,-1,-1,-1,-1,-1,-1
2015210024146,2,9,0,8,0,1,0,0,0,0,2,1,6,2,27,6,1798,1,10,-1,1,-1
2015210024152,1,3,0,13,0,8,0,0,0,0,1,1,2,1,18,4,125,1,2,-1,3,-1
2015210024152,2,9,0,9,0,5,0,0,0,0,2,1,2,1,21,5,1086,1,6,-1,1,-1
2015210024162,1,9,0,18,0,8,0,0,0,0,1,1,6,2,17,4,1390,1,11,-1,3,-1
2015210024162,2,9,0,9,0,6,0,0,0,0,3,1,6,1,20,4,1956,2,4,-1,1,-1
2015210024166,1,9,-1,-1,-1,0,-1,-1,-1,0,-1,1,6,2,38,7,995,1,11,-1,1,-1
2015210024167,1,9,0,5,8,0,0,0,0,0,3,1,2,1,18,4,1248,2,10,-1,1,-1
2015210024167,2,9,0,18,0,0,0,0,0,0,4,1,2,1,40,7,1896,2,12,-1,1,-1
2015210024177,1,19,0,5,0,6,0,0,0,0,1,2,6,1,65,9,1560,2,1,-1,3,-1
2015210024177,2,9,0,18,0,1,0,0,0,0,1,1,6,1,62,9,2685,2,11,-1,2,-1
2015210024180,1,9,0,4,0,0,0,0,0,0,2,1,6,1,48,8,2987,2,8,-1,3,-1
2015210024180,2,9,0,18,0,0,0,0,0,0,1,1,6,2,35,6,1997,1,11,-1,3,-1
2015210024182,1,9,0,16,0,2,0,0,1,0,3,1,6,2,25,5,998,1,16,-1,1,-1
2015210024184,1,9,0,18,0,0,0,0,0,0,3,1,6,1,40,7,1998,1,11,-1,1,-1
2015210024199,1,21,1,9,0,8,5,0,1,0,4,1,1,1,50,8,12580,2,10,-1,1,-1
2015210024212,1,9,0,7,0,0,0,0,0,0,1,1,6,1,51,8,1769,1,12,-1,1,-1
2015210024212,2,9,0,18,0,0,0,0,0,0,3,1,6,2,45,7,1396,1,4,-1,1,-1
2015210024218,1,98,-1,18,-1,0,0,0,0,0,4,1,1,1,48,8,12777,2,6,-1,3,-1
2015210024218,2,9,-1,8,-1,0,0,0,0,0,2,1,1,1,38,7,2401,2,14,-1,1,-1
2015210024223,1,9,0,18,0,1,0,0,0,0,1,1,6,1,70,10,1596,1,10,-1,1,-1
2015210024223,2,9,0,4,0,1,0,0,0,0,2,1,6,2,60,9,998,1,16,-1,1,-1
2015210024226,1,9,0,5,0,1,0,0,0,0,4,1,6,1,28,6,1339,1,9,-1,1,-1
2015210024226,2,9,0,18,0,1,0,0,0,0,1,1,6,1,50,8,1364,1,6,-1,1,-1
2015210024231,1,9,0,4,0,2,5,0,0,0,1,1,5,2,40,7,1399,2,11,-1,3,-1
2015210024232,1,9,0,18,0,0,0,0,7,7,1,1,6,1,23,5,1905,2,18,-1,1,-1
2015210024233,1,9,0,18,0,1,0,0,0,0,1,1,1,1,57,9,-1,3,1,-1,2,-1
2015210024233,2,9,0,8,0,1,0,0,0,0,1,1,1,2,50,8,1997,2,13,-1,1,-1
2015210024240,1,9,0,9,0,6,0,0,0,0,3,1,5,2,28,6,1498,1,7,-1,1,-1
2015210024240,2,9,0,17,0,8,0,0,0,0,3,1,6,1,44,7,1995,2,6,-1,2,-1
2015210024249,1,9,0,17,0,0,0,0,1,10,1,1,6,1,27,6,1796,1,13,-1,2,-1
2015210024249,2,9,0,16,0,0,0,0,0,0,1,1,6,2,46,8,1984,2,3,-1,3,-1
2015210024250,1,9,-1,-1,-1,0,-1,-1,-1,0,-1,1,6,1,39,7,1997,2,7,-1,1,-1
2015210024250,2,3,-1,-1,-1,0,-1,-1,-1,0,-1,1,6,1,17,4,125,1,3,-1,1,-1
2015210024260,1,9,0,18,0,1,0,0,0,0,1,1,6,1,38,7,1598,1,6,-1,1,-1
2015210024260,2,9,0,7,0,6,0,0,0,0,2,1,6,2,58,9,1200,1,-1,-1,1,-1
2015210024293,1,9,0,11,0,8,0,0,0,0,1,1,5,3,-1,-1,-1,-1,-1,-1,-1,-1
2015210024293,2,19,0,18,0,8,0,0,0,0,1,1,5,1,28,6,2198,2,8,-1,1,-1
2015210024293,3,9,0,18,0,8,0,0,0,0,2,1,5,2,54,8,1198,1,1,-1,2,-1
2015210024298,1,19,0,14,0,0,0,0,0,0,1,1,6,1,48,8,-1,-1,-1,-1,1,-1
2015210024298,2,9,0,3,0,0,0,0,0,0,2,1,6,2,41,7,1398,1,3,-1,1,-1
2015210024302,1,9,0,18,0,0,0,0,0,0,1,1,6,3,-1,-1,1798,1,12,-1,-1,-1
2015210024302,2,9,0,18,0,0,0,0,0,0,3,1,6,2,27,6,998,1,13,-1,1,-1
2015210024302,3,9,0,18,0,0,0,0,0,0,0,1,1,1,-1,-1,1248,2,2,-1,-1,-1
2015210024309,1,9,0,7,0,1,0,0,0,0,1,1,6,2,34,6,1364,1,1,-1,1,-1
2015210024309,2,1,0,18,0,1,0,0,0,0,1,1,6,1,76,11,-1,-1,-1,-1,1,-1
2015210024315,1,21,0,11,0,3,0,0,0,0,1,1,1,1,53,8,12777,2,6,-1,1,-1
2015210024315,2,9,0,7,0,3,0,0,0,0,3,1,2,2,44,7,1997,1,2,-1,2,-1
2015210024325,1,9,0,11,0,3,0,0,0,0,4,1,6,1,50,8,1685,2,-1,-1,1,-1
2015210024325,2,9,0,18,0,8,0,0,0,0,3,1,6,2,47,8,-1,-1,-1,-1,1,-1
2015210024326,1,9,0,9,0,5,0,0,0,0,1,1,5,2,37,7,1781,1,14,-1,1,-1
2015210024329,1,9,0,18,0,0,0,0,0,0,1,1,3,2,48,8,1794,1,9,-1,2,-1
2015210024331,1,19,0,9,0,6,0,0,0,0,1,1,6,1,32,6,1998,2,10,-1,1,-1
2015210024331,2,1,0,18,0,8,0,0,0,0,4,1,1,2,36,7,-1,-1,-1,-1,1,-1
2015210024336,1,9,0,9,0,6,0,0,0,0,4,1,6,2,43,7,1597,1,13,-1,3,-1
2015210024336,2,3,0,18,0,1,0,0,0,0,4,1,6,1,18,4,124,1,4,-1,1,-1
2015210024339,1,9,0,1,0,2,0,0,0,0,2,1,6,3,-1,-1,1242,1,14,-1,-1,-1
2015210024339,2,9,0,2,0,1,0,0,0,0,0,1,6,2,49,8,2495,1,14,-1,1,-1
2015210024340,1,9,0,16,0,8,0,0,0,0,1,1,6,2,26,6,1587,1,12,-1,1,-1
2015210024340,2,9,0,5,0,6,0,0,0,0,3,1,6,2,27,6,1368,1,5,-1,1,-1
2015210024342,1,98,0,18,0,1,0,0,0,0,1,1,6,1,26,6,-1,-1,-1,-1,1,-1
2015210024342,2,9,0,4,0,1,0,0,0,0,2,1,6,2,51,8,1242,1,4,-1,1,-1
2015210024342,3,9,0,10,0,1,0,0,0,0,2,1,6,1,50,8,1341,1,11,-1,1,-1
2015210024346,1,98,0,18,0,0,1,0,0,0,1,1,6,1,71,10,-1,-1,-1,-1,3,-1
2015210024346,2,9,0,4,0,0,0,0,0,0,2,1,6,2,52,8,1149,1,17,-1,1,-1
2015210024346,3,98,0,4,0,0,0,0,0,0,2,1,6,1,29,6,-1,-1,-1,-1,1,-1
2015210024348,1,9,0,9,0,8,0,0,0,0,1,1,6,1,18,4,1149,1,13,-1,1,-1
2015210024348,2,3,0,18,0,8,0,0,0,0,3,1,6,1,18,4,124,1,6,-1,1,-1
2015210024355,1,9,0,18,0,4,0,0,0,0,3,1,6,1,18,4,1199,1,16,-1,1,-1
2015210024355,2,9,0,18,0,4,0,0,0,0,4,1,6,1,19,4,1595,1,10,-1,1,-1
2015210024364,1,19,0,18,0,1,0,0,0,0,1,1,6,1,41,7,4580,2,7,-1,3,-1
2015210024364,2,19,0,3,0,1,0,0,0,0,2,1,6,1,57,9,2198,2,-1,-1,1,-1
2015210024370,1,9,0,9,0,5,2,0,1,10,1,1,6,1,26,6,1968,2,1,-1,2,-1
2015210024371,1,8,0,7,0,6,0,0,0,0,3,1,1,1,37,7,1598,2,3,-1,1,-1
2015210024371,2,8,0,16,0,8,0,0,0,0,1,1,1,1,38,7,1910,2,7,-1,1,-1
2015210024373,1,9,0,18,0,8,0,0,0,0,1,1,6,1,31,6,-1,-1,-1,-1,1,-1
2015210024373,2,9,0,3,0,8,0,0,0,0,2,1,6,1,48,8,1796,1,10,-1,2,-1
2015210024373,3,21,1,3,0,8,0,0,0,0,2,1,6,1,48,8,12419,2,1,-1,2,-1
2015210024374,1,98,0,18,0,0,0,0,0,0,0,1,6,3,-1,-1,-1,-1,-1,-1,-1,-1
2015210024377,1,21,1,18,0,0,3,7,0,0,1,1,1,1,53,8,-1,-1,-1,-1,1,-1
2015210024379,1,98,0,9,0,5,0,0,0,0,0,1,6,1,35,6,2300,2,9,-1,1,-1
2015210024379,2,5,0,9,0,5,0,0,0,0,4,1,5,1,43,7,647,1,12,-1,1,-1
2015210024380,1,9,5,9,0,5,0,0,0,0,2,1,1,1,48,8,1951,2,9,-1,3,-1
2015210024380,2,9,0,18,0,1,0,0,0,0,1,1,6,2,69,10,1242,1,15,-1,2,-1
2015210024390,1,9,0,18,0,0,0,0,7,10,1,1,5,1,46,8,1998,1,17,-1,1,-1
2015210024390,2,9,0,18,0,0,0,0,0,0,0,1,1,1,51,8,1968,2,5,-1,1,-1
2015210024390,3,9,0,2,0,0,0,0,0,0,3,1,5,1,-1,-1,1560,2,10,-1,-1,-1
2015210024390,4,9,0,2,0,0,0,0,0,0,1,1,5,1,-1,-1,1597,1,16,-1,-1,-1
2015210024390,5,9,0,2,0,0,0,0,0,0,1,1,6,1,25,5,1997,2,11,-1,-1,-1
2015210024390,6,9,0,2,0,0,0,0,0,0,3,1,5,2,-1,-1,1248,2,10,-1,-1,-1
2015210024390,7,9,0,2,0,0,0,0,0,0,1,1,5,1,-1,-1,2435,6,20,-1,-1,-1
2015210024390,8,9,0,2,0,0,0,0,0,0,2,1,5,1,-1,-1,1997,2,2,-1,-1,-1
2015210024390,9,9,0,2,0,0,0,0,0,0,2,1,5,1,-1,-1,1598,1,11,-1,-1,-1
2015210024396,1,9,0,5,0,6,0,0,0,0,1,1,6,1,75,10,1598,1,7,-1,1,-1
2015210024396,2,9,0,17,0,8,0,0,0,0,1,1,6,2,52,8,1461,2,3,-1,1,-1
2015210024399,1,9,0,18,0,1,0,0,0,0,1,1,6,1,44,7,1956,2,5,-1,1,-1
2015210024399,2,9,0,18,0,2,0,0,0,0,1,1,6,1,-1,-1,1968,2,2,-1,1,-1
2015210024404,1,9,0,18,0,0,0,0,1,7,1,1,6,1,25,5,1399,2,9,-1,1,-1
2015210024407,1,9,0,5,0,4,0,0,0,0,3,1,6,1,29,6,1956,2,5,-1,1,-1
2015210024407,2,1,0,9,0,8,0,0,0,0,1,1,6,1,53,8,-1,-1,-1,-1,1,-1
2015210024410,1,9,0,16,0,0,0,0,0,0,2,1,6,1,22,5,2498,1,20,-1,1,-1
2015210024410,2,17,4,17,0,0,0,0,0,0,3,1,1,1,54,8,6702,2,3,-1,3,-1
2015210024418,1,9,0,9,0,6,0,0,0,0,1,1,6,1,32,6,1968,2,9,-1,1,-1
2015210024418,2,9,0,10,0,1,0,0,0,0,4,1,6,2,26,6,1560,2,8,-1,3,-1
2015210024418,3,9,0,18,0,8,0,0,0,0,4,1,6,1,46,8,998,1,6,-1,1,-1
2015210024420,1,9,0,4,0,0,1,0,1,7,1,1,1,2,18,4,1242,1,7,-1,1,-1
2015210024420,2,9,0,15,0,0,0,0,0,0,0,1,6,3,-1,-1,-1,-1,-1,-1,-1,-1
2015210024433,1,9,0,18,0,8,0,0,0,0,1,1,6,1,65,9,2656,1,13,-1,1,-1
2015210024433,2,9,0,3,0,8,0,0,0,0,2,1,6,1,43,7,1120,2,2,-1,1,-1
2015210024433,3,9,0,3,0,8,0,0,0,0,2,1,6,1,36,7,1598,2,3,-1,1,-1
2015210024437,1,9,0,18,0,2,0,0,0,0,1,1,6,1,25,5,3499,1,37,-1,1,-1
2015210024443,1,98,0,4,7,0,0,0,0,0,1,1,6,1,49,8,12900,2,8,-1,1,-1
2015210024443,2,19,0,4,7,0,0,0,0,0,2,1,6,1,33,6,1560,2,1,-1,1,-1
2015210024449,1,9,0,18,0,0,0,0,0,0,1,1,6,2,30,6,1596,1,6,-1,2,-1
2015210024449,2,9,0,18,0,0,0,0,0,0,1,1,5,2,42,7,1560,2,-1,-1,1,-1
2015210024450,1,97,0,18,9,0,1,0,0,0,1,1,6,3,-1,-1,-1,-1,-1,-1,-1,-1
2015210024450,2,9,0,2,0,0,0,0,0,0,2,1,5,1,52,8,1398,1,1,-1,1,-1
2015210024471,1,9,0,18,0,2,0,0,0,0,4,1,6,1,27,6,998,1,2,-1,1,-1
2015210024472,1,9,0,9,0,5,0,0,0,0,4,1,6,2,39,7,1598,1,9,-1,1,-1
2015210024476,1,9,0,15,0,8,5,10,1,2,1,1,1,1,37,7,2143,2,5,-1,1,-1
2015210024476,2,9,0,7,0,5,0,0,0,0,4,1,5,1,87,11,1590,1,14,-1,3,-1
2015210024479,1,9,0,9,0,8,0,0,1,11,4,1,6,1,62,9,1598,2,5,-1,1,-1
2015210024479,2,9,0,13,0,5,0,0,1,11,3,1,1,2,40,7,1248,2,2,-1,1,-1
2015210024481,1,9,0,18,0,3,0,0,0,0,1,1,6,1,28,6,1685,2,3,-1,1,-1
2015210024481,2,19,0,18,0,3,0,0,0,0,2,1,6,1,39,7,-1,-1,-1,-1,1,-1
2015210024485,1,9,0,18,7,0,0,0,1,0,1,1,1,1,42,7,1339,1,9,-1,1,-1
2015210024485,2,9,0,2,6,0,0,0,0,0,1,1,1,1,62,9,2494,2,2,-1,1,-1
2015210024485,3,19,0,2,6,0,0,0,0,0,1,1,1,1,48,8,1968,2,2,-1,3,-1
2015210024490,1,9,0,17,9,0,0,0,1,0,1,1,6,1,60,9,1149,1,13,-1,1,-1
2015210024491,1,9,0,18,0,0,0,0,0,0,1,1,6,1,49,8,1968,2,4,-1,1,-1
2015210024491,2,9,0,18,0,0,0,0,0,0,2,1,6,1,55,8,2199,2,3,-1,1,-1
2015210024493,1,9,0,18,0,3,1,0,1,2,4,1,6,2,26,6,1198,1,11,-1,1,-1
2015210024494,1,9,0,18,0,6,0,0,0,0,3,1,1,1,66,10,-1,-1,-1,-1,1,-1
2015210024494,2,9,0,18,0,8,0,0,0,0,1,1,6,2,31,6,1796,1,16,-1,1,-1
2015210024498,1,9,0,18,0,1,0,0,0,0,1,1,6,1,51,8,3199,1,17,-1,-1,-1
2015210024498,2,9,0,3,0,1,0,0,0,0,2,1,6,2,44,7,1995,2,1,-1,3,-1
2015210024500,1,9,0,18,0,4,1,9,3,0,1,1,6,1,35,6,2494,1,13,-1,1,-1
2015210024500,2,9,0,18,0,4,0,0,0,0,0,1,1,1,32,6,1956,2,3,-1,1,-1
2015210024503,1,9,0,9,0,5,0,0,0,0,4,1,6,1,49,8,1598,2,2,-1,2,-1
2015210024503,2,5,0,18,0,8,0,0,0,0,1,1,6,1,31,6,750,1,10,-1,2,-1
2015210024507,1,9,0,18,0,1,0,0,0,0,1,1,6,1,23,5,1905,2,21,-1,3,-1
2015210024507,2,9,0,10,0,1,0,0,0,0,2,1,6,2,49,8,1598,2,2,-1,3,-1
2015210024510,1,4,0,16,0,1,1,0,0,0,1,1,6,1,22,5,125,1,1,-1,1,-1
2015210024512,1,9,0,18,0,4,0,0,0,0,1,1,1,1,53,8,1956,2,1,-1,1,-1
2015210024512,2,19,0,11,0,8,0,0,0,0,1,1,1,1,24,5,2143,2,1,-1,1,-1
2015210024512,3,9,0,3,0,8,0,0,0,0,2,1,1,1,54,8,-1,-1,-1,-1,3,-1
2015210024513,1,9,0,16,0,5,5,0,7,7,1,1,6,2,56,9,1900,2,10,-1,1,-1
2015210024515,1,9,0,18,0,8,0,0,0,0,1,1,6,3,-1,-1,-1,-1,-1,-1,-1,-1
2015210024521,1,19,0,17,0,0,0,0,0,0,1,1,6,1,26,6,-1,-1,-1,-1,1,-1
2015210024521,2,19,0,2,0,0,0,0,0,0,1,1,6,1,21,5,1560,2,5,-1,1,-1
2015210024521,3,98,0,16,0,0,0,0,0,0,1,1,6,1,64,9,2198,2,-1,-1,1,-1
2015210024533,1,9,0,18,0,0,2,10,8,10,1,1,6,2,19,4,1598,1,10,-1,1,-1
2015210024534,1,9,0,9,0,6,0,0,0,0,1,1,6,2,87,11,1461,2,12,-1,2,-1
2015210024534,2,9,0,5,0,8,0,0,0,0,1,1,6,1,73,10,1998,2,11,-1,1,-1
2015210024539,1,9,0,18,0,1,0,0,0,0,4,1,6,2,31,6,1398,1,-1,-1,1,-1
2015210024539,2,1,0,18,4,1,0,0,0,0,1,1,2,1,29,6,-1,-1,-1,-1,1,-1
2015210024542,1,9,0,18,0,0,0,0,6,11,1,1,2,1,23,5,1870,2,11,-1,1,-1
2015210024542,2,9,0,18,0,0,0,0,0,0,0,1,6,3,-1,-1,-1,-1,-1,-1,-1,-1
2015210024544,1,9,0,18,0,1,0,0,0,0,1,1,6,1,43,7,1910,2,8,-1,1,-1
2015210024544,2,9,0,18,0,1,0,0,0,0,1,1,6,1,23,5,1995,2,10,-1,1,-1
2015210024548,1,9,0,9,0,6,0,0,0,0,1,1,5,1,91,11,1398,1,12,-1,1,-1
2015210024548,2,9,0,18,0,8,1,0,0,0,1,1,6,2,37,7,1560,2,7,-1,1,-1
2015210024552,1,9,0,18,0,1,0,0,0,0,1,1,6,2,-1,-1,-1,-1,-1,-1,-1,-1
2015210024554,1,9,0,18,0,8,0,0,0,0,0,1,6,3,-1,-1,-1,-1,-1,-1,-1,-1
2015210024554,2,9,0,12,0,8,0,0,0,0,3,1,6,1,57,9,4511,1,11,-1,1,-1
2015210024554,3,5,0,18,0,8,0,0,0,0,1,1,6,1,17,4,124,1,6,-1,1,-1
2015210024555,1,9,0,18,0,0,1,0,1,11,1,1,6,1,42,7,1753,2,14,-1,1,-1
2015210024563,1,11,0,4,0,0,0,0,0,0,0,1,1,1,72,10,3900,2,12,-1,1,-1
2015210024566,1,9,0,18,0,0,1,4,0,0,1,1,2,1,34,6,1968,2,1,-1,2,-1
2015210024566,2,98,0,18,0,0,0,0,0,0,1,1,1,1,48,8,6700,2,-1,-1,1,-1
2015210024568,1,-1,-1,-1,-1,0,-1,-1,-1,0,-1,1,6,3,-1,-1,-1,-1,-1,-1,-1,-1
2015210024572,1,9,0,18,0,0,0,0,0,0,1,1,1,2,21,5,1198,1,9,-1,1,-1
2015210024572,2,9,0,4,0,0,0,0,0,0,2,1,1,2,38,7,1968,2,3,-1,1,-1
2015210024590,1,19,0,1,0,1,0,0,0,0,2,1,6,1,-1,-1,1870,2,11,-1,1,-1
2015210024598,1,1,0,9,0,0,0,0,0,0,1,1,6,1,-1,-1,-1,-1,-1,-1,-1,-1
2015210024598,2,9,0,18,0,0,0,0,0,0,1,1,6,1,71,10,1995,2,1,-1,1,-1