Accident_Index,Vehicle_Reference,Vehicle_Type,Towing_and_Articulation,Vehicle_Manoeuvre,Vehicle_Location-Restricted_Lane,Junction_Location,Skidding_and_Overturning,Hit_Object_in_Carriageway,Vehicle_Leaving_Carriageway,Hit_Object_off_Carriageway,1st_Point_of_Impact,Was_Vehicle_Left_Hand_Drive?,Journey_Purpose_of_Driver,Sex_of_Driver,Age_of_Driver,Age_Band_of_Driver,Engine_Capacity_(CC),Propulsion_Code,Age_of_Vehicle,Driver_IMD_Decile,Driver_Home_Area_Type,Vehicle_IMD_Decile
2015210024600,1,9,0,9,0,5,0,0,0,0,1,1,6,3,-1,-1,-1,-1,-1,-1,-1,-1
2015210024600,2,4,0,18,0,8,0,0,0,0,3,1,6,1,50,8,249,1,5,-1,1,-1
2015210024605,1,5,0,18,0,1,0,0,0,0,1,1,6,1,23,5,599,1,23,-1,1,-1
2015210024605,2,9,0,4,0,1,0,0,0,0,2,1,6,2,23,5,1229,1,8,-1,1,-1
2015210024609,1,9,0,16,0,0,0,0,0,0,1,1,6,2,35,6,1587,1,12,-1,1,-1
2015210024609,2,9,0,17,0,0,0,0,0,0,1,1,6,2,54,8,1997,2,6,-1,1,-1
2015210024614,1,9,0,18,0,6,0,0,3,11,1,1,6,2,39,7,1560,2,-1,-1,1,-1
2015210024615,1,9,0,4,0,0,0,0,0,0,1,1,5,2,23,5,1149,1,12,-1,1,-1
2015210024615,2,1,0,3,0,0,0,0,0,0,1,1,5,1,48,8,-1,-1,-1,-1,1,-1
2015210024630,1,9,0,4,0,1,0,0,0,0,1,1,6,1,43,7,1796,1,11,-1,1,-1
2015210024630,2,9,0,5,0,1,0,0,0,0,1,1,6,2,58,9,1390,1,5,-1,1,-1
2015210024641,1,19,0,1,0,0,0,0,0,0,2,1,5,1,-1,-1,-1,-1,-1,-1,1,-1
2015210024641,2,1,0,3,0,0,0,0,0,0,1,1,5,1,44,7,-1,-1,-1,-1,1,-1
2015210024643,1,9,0,7,0,5,0,0,0,0,1,1,5,1,77,11,2179,2,10,-1,1,-1
2015210024647,1,9,0,16,0,0,0,0,0,0,3,1,6,2,46,8,1591,1,4,-1,3,-1
2015210024647,2,9,0,17,0,0,0,0,0,0,1,1,2,2,22,5,1229,1,4,-1,3,-1
2015210024648,1,9,0,18,0,1,0,0,1,10,1,1,6,2,47,8,1299,1,7,-1,1,-1
2015210024652,1,9,0,7,0,6,0,0,0,0,3,1,2,1,50,8,1995,2,10,-1,1,-1
2015210024652,2,9,0,18,0,8,0,0,0,0,1,1,6,1,50,8,1998,2,11,-1,1,-1
2015210024653,1,9,0,18,0,2,1,0,0,0,1,1,6,2,36,7,1598,1,3,-1,1,-1
2015210024656,1,9,0,18,0,1,1,0,0,0,1,1,2,1,49,8,1796,1,4,-1,1,-1
2015210024656,2,9,0,10,0,1,0,0,0,0,2,1,2,1,51,8,1896,2,10,-1,1,-1
2015210024672,1,9,0,18,0,0,0,0,0,0,1,1,6,1,54,8,1390,1,10,-1,1,-1
2015210024672,2,9,0,18,0,0,0,0,1,0,3,1,6,2,31,6,1998,1,12,-1,1,-1
2015210024672,3,9,0,2,0,0,0,0,0,0,2,1,6,2,-1,-1,1998,1,11,-1,-1,-1
2015210024672,4,9,0,2,0,0,0,0,0,0,2,1,6,2,-1,-1,1248,2,4,-1,-1,-1
2015210024675,1,8,0,3,0,0,0,0,0,0,1,1,6,1,25,5,1995,2,3,-1,1,-1
2015210024675,2,9,0,3,0,0,0,0,0,0,2,1,6,2,53,8,1870,2,11,-1,1,-1
2015210024676,1,9,0,18,0,4,0,0,0,0,1,1,6,1,44,7,1968,2,2,-1,1,-1
2015210024676,2,19,0,4,0,4,0,0,0,0,2,1,6,1,23,5,1968,2,3,-1,3,-1
2015210024682,1,9,0,18,0,0,5,0,0,0,1,1,6,1,77,11,1229,1,7,-1,1,-1
2015210024682,2,9,0,2,0,0,0,0,0,0,2,1,6,1,49,8,1968,2,6,-1,1,-1
2015210024684,1,9,0,12,0,8,0,0,0,0,2,1,6,2,18,4,1242,1,-1,-1,1,-1
2015210024684,2,5,0,9,0,8,0,0,0,0,4,1,6,1,44,7,599,1,15,-1,1,-1
2015210024685,1,9,0,4,0,3,1,0,3,0,1,1,5,1,18,4,1390,1,10,-1,1,-1
2015210024689,1,9,0,9,0,4,0,0,0,0,1,1,6,2,62,9,1242,1,9,-1,1,-1
2015210024689,2,11,0,18,0,8,0,0,0,0,4,1,1,1,33,6,6370,2,3,-1,1,-1
2015210024692,1,21,1,11,0,0,0,0,0,0,4,1,1,3,47,8,12809,2,-1,-1,1,-1
2015210024692,2,9,0,18,0,0,0,0,4,10,3,1,6,1,54,8,1196,1,19,-1,1,-1
2015210024699,1,5,0,7,9,0,0,0,7,0,4,1,6,1,35,6,1137,1,15,-1,1,-1
2015210024699,2,9,0,18,9,0,0,0,1,0,1,1,6,2,21,5,1198,1,6,-1,1,-1
2015210024701,1,10,0,9,0,5,0,0,0,0,4,1,1,1,43,7,-1,-1,-1,-1,1,-1
2015210024701,2,3,0,18,0,8,0,0,0,0,1,1,1,2,20,4,124,1,2,-1,1,-1
2015210024733,1,9,0,4,0,8,0,0,0,0,2,1,6,1,29,6,2720,2,8,-1,1,-1
2015210024733,2,9,0,4,0,8,0,0,0,0,1,1,6,1,30,6,1796,1,13,-1,1,-1
2015210024734,1,21,1,18,0,0,0,0,0,0,1,1,1,2,40,7,12777,2,7,-1,1,-1
2015210024734,2,9,0,3,0,0,0,0,0,0,2,1,2,2,34,6,1686,2,14,-1,3,-1
2015210024734,3,9,0,3,0,0,0,0,0,0,2,1,2,2,25,5,1229,1,10,-1,1,-1
2015210024739,1,9,0,18,0,2,0,0,0,0,4,1,6,1,27,6,1596,1,10,-1,1,-1
2015210024740,1,9,0,15,0,0,0,0,1,0,3,1,6,1,60,9,1997,2,14,-1,2,-1
2015210024740,2,9,0,13,0,0,0,0,1,0,4,1,6,1,54,8,1299,1,12,-1,1,-1
2015210024741,1,9,0,18,0,0,5,0,7,11,1,1,6,1,70,10,1596,1,5,-1,1,-1
2015210024749,1,2,0,14,0,8,0,0,0,0,1,1,5,1,16,4,1390,1,9,-1,1,-1
2015210024749,2,9,0,9,0,4,0,0,0,0,1,1,5,2,36,7,1956,2,3,-1,1,-1
2015210024750,1,17,4,18,0,0,0,0,7,3,1,1,1,1,37,7,-1,2,3,-1,2,-1
2015210024752,1,9,0,6,0,0,0,0,0,0,1,1,6,1,44,7,1598,1,7,-1,2,-1
2015210024752,2,5,0,18,0,0,0,0,0,0,4,1,6,1,53,8,998,1,11,-1,1,-1
2015210024753,1,9,-1,-1,-1,0,-1,-1,-1,0,-1,1,6,1,50,8,1560,2,1,-1,1,-1
2015210024753,2,1,-1,-1,-1,0,-1,-1,-1,0,-1,1,6,1,-1,-1,-1,-1,-1,-1,-1,-1
2015210024754,1,9,0,9,0,6,0,0,0,0,3,1,6,1,35,6,2993,2,3,-1,1,-1
2015210024754,2,8,0,7,0,8,0,0,0,0,1,1,6,1,44,7,1753,2,7,-1,1,-1
2015210024758,1,9,0,18,0,1,0,0,0,0,1,1,6,1,61,9,2148,2,13,-1,1,-1
2015210024769,1,1,0,4,0,1,0,0,0,0,1,1,6,1,66,10,-1,-1,-1,-1,1,-1
2015210024769,2,9,0,10,0,1,0,0,0,0,2,1,6,1,18,4,1198,1,9,-1,1,-1
2015210024785,1,9,0,17,0,0,0,0,0,0,1,1,6,1,23,5,1796,1,15,-1,1,-1
2015210024785,2,9,0,16,0,0,0,0,0,0,1,1,6,2,48,8,1598,1,3,-1,1,-1
2015210024786,1,9,0,18,0,0,0,0,0,0,4,1,6,2,58,9,1398,2,12,-1,3,-1
2015210024791,1,9,0,7,0,0,0,0,0,0,0,1,1,1,30,6,1324,1,16,-1,1,-1
2015210024791,2,97,0,18,0,0,0,0,1,0,1,1,2,1,53,8,675,1,7,-1,1,-1
2015210024795,1,9,0,4,0,0,0,0,0,0,1,1,2,2,25,5,1598,1,7,-1,3,-1
2015210024795,2,9,0,4,0,0,0,0,0,0,2,1,3,2,26,6,1598,2,3,-1,1,-1
2015210024823,1,9,0,18,0,6,0,0,0,0,0,1,6,1,48,8,1988,1,18,-1,1,-1
2015210024823,2,11,0,4,0,1,0,0,0,0,0,1,1,1,47,8,6700,2,1,-1,1,-1
2015210024836,1,9,0,6,0,8,0,0,4,0,1,1,5,2,68,10,1686,2,1,-1,2,-1
2015210024836,2,5,0,13,0,8,0,0,0,0,1,1,6,1,62,9,1584,1,7,-1,1,-1
2015210024843,1,5,0,13,0,8,0,0,0,0,4,1,6,1,45,7,652,1,1,-1,1,-1
2015210024843,2,9,0,9,0,5,0,0,0,0,3,1,6,1,43,7,1596,1,8,-1,1,-1
2015210024847,1,9,0,14,0,1,0,0,0,0,1,1,6,2,23,5,1248,2,10,-1,1,-1
2015210024847,2,9,0,2,0,1,0,0,0,0,4,1,6,2,-1,-1,1910,2,10,-1,1,-1
2015210024848,1,9,0,18,0,1,0,0,0,0,1,1,6,1,24,5,1198,1,1,-1,1,-1
2015210024848,2,9,0,3,0,1,0,0,0,0,2,1,6,1,39,7,2987,2,5,-1,1,-1
2015210024852,1,9,0,17,0,0,0,0,5,6,1,1,6,1,28,6,-1,-1,-1,-1,1,-1
2015210024852,2,21,1,17,0,0,0,0,0,0,3,1,6,1,47,8,11967,2,3,-1,2,-1
2015210024853,1,1,0,14,0,1,0,0,0,0,1,1,6,1,29,6,-1,-1,-1,-1,1,-1
2015210024853,2,8,0,18,0,2,0,0,0,0,1,1,1,1,39,7,-1,-1,-1,-1,1,-1
2015210024854,1,9,0,18,0,2,0,0,0,0,1,1,6,2,37,7,1896,2,17,-1,1,-1
2015210024854,2,9,0,2,0,2,0,0,1,10,2,1,6,2,32,6,1997,2,1,-1,1,-1
2015210024854,3,9,0,2,0,2,0,0,0,0,1,1,6,1,31,6,-1,-1,-1,-1,3,-1
2015210024857,1,9,0,16,0,0,0,0,7,9,1,1,5,1,18,4,998,1,2,-1,1,-1
2015210024860,1,9,0,18,0,1,0,0,0,0,1,1,6,1,46,8,1990,1,19,-1,1,-1
2015210024860,2,9,0,2,0,1,0,0,0,0,3,1,6,1,24,5,1388,1,4,-1,3,-1
2015210024860,3,9,0,2,0,1,0,0,0,0,1,1,6,1,-1,-1,-1,-1,-1,-1,1,-1
2015210024864,1,9,0,18,9,0,0,0,1,0,1,1,6,1,55,8,-1,-1,-1,-1,-1,-1
2015210024864,2,19,0,2,9,0,0,0,0,0,1,1,6,1,38,7,-1,-1,-1,-1,1,-1
2015210024867,1,9,0,16,0,0,0,0,0,0,1,1,6,1,35,6,1910,2,8,-1,1,-1
2015210024867,2,9,0,18,0,0,0,0,0,0,1,1,6,1,30,6,1242,1,3,-1,3,-1
2015210024871,1,8,0,18,0,0,0,0,0,0,1,1,6,1,28,6,124,1,13,-1,1,-1
2015210024871,2,98,0,18,0,0,0,0,0,0,1,1,1,1,49,8,3920,2,2,-1,1,-1
2015210024882,1,9,0,18,0,0,0,0,0,0,1,1,5,1,27,6,1388,1,8,-1,1,-1
2015210024882,2,9,0,18,0,0,0,0,0,0,1,1,5,1,46,8,-1,-1,-1,-1,1,-1
2015210024895,1,9,-1,-1,-1,-1,-1,-1,-1,0,-1,1,6,1,44,7,998,1,9,-1,1,-1
2015210024895,2,9,-1,-1,-1,-1,-1,-1,-1,0,-1,1,6,1,34,6,1910,2,8,-1,1,-1
2015210024902,1,9,0,18,0,0,0,0,0,0,1,1,6,2,22,5,998,1,3,-1,1,-1
2015210024902,2,9,0,18,0,0,0,0,0,0,1,1,6,1,28,6,1997,1,15,-1,1,-1
2015210024902,3,9,0,18,0,0,0,0,0,0,2,1,6,1,29,6,-1,-1,-1,-1,1,-1
2015210024907,1,9,0,18,0,1,0,0,0,0,1,1,6,1,80,11,1560,2,6,-1,1,-1
2015210024907,2,9,0,4,0,1,0,0,0,0,2,1,6,2,39,7,1995,2,3,-1,1,-1
2015210024909,1,9,0,18,6,0,0,0,1,9,1,1,6,1,89,11,1598,1,8,-1,3,-1
2015210024909,2,9,0,18,0,0,0,0,0,0,1,1,6,1,23,5,1796,1,11,-1,2,-1
2015210024910,1,9,0,18,0,1,0,0,0,0,1,1,6,2,34,6,1910,2,9,-1,3,-1
2015210024910,2,9,0,10,0,1,0,0,0,0,2,1,6,2,39,7,1396,1,16,-1,3,-1
2015210024912,1,9,0,1,0,1,0,0,0,0,2,1,6,1,23,5,1968,2,4,-1,1,-1
2015210024912,2,9,0,2,0,1,0,0,0,0,0,1,1,1,-1,-1,1560,2,5,-1,-1,-1
2015210024912,3,9,0,2,0,1,0,0,0,0,1,1,6,1,34,6,1390,1,16,-1,1,-1
2015210024916,1,9,0,11,0,0,0,0,0,0,4,1,6,1,25,5,1968,2,10,-1,-1,-1
2015210024916,2,9,0,18,0,0,0,0,0,0,3,1,6,1,41,7,-1,-1,-1,-1,1,-1
2015210024920,1,9,0,1,0,0,0,0,0,0,2,1,6,1,21,5,1995,1,4,-1,3,-1
2015210024920,2,9,0,2,0,0,0,0,0,0,1,1,6,1,34,6,1229,1,10,-1,1,-1
2015210024921,1,9,0,18,0,6,0,0,0,0,3,1,6,2,25,5,1298,1,12,-1,1,-1
2015210024921,2,1,0,18,0,8,0,0,0,0,1,1,6,1,43,7,-1,-1,-1,-1,1,-1
2015210024922,1,21,1,18,0,0,0,0,0,0,1,1,1,1,54,8,12900,2,7,-1,1,-1
2015210024922,2,9,0,2,6,0,0,0,1,0,2,1,6,1,71,10,-1,-1,-1,-1,1,-1
2015210024927,1,9,0,16,0,1,0,0,0,0,2,1,6,2,61,9,1560,2,3,-1,1,-1
2015210024927,2,9,0,7,0,8,0,0,0,0,1,1,6,1,20,4,1242,1,8,-1,2,-1
2015210024927,3,9,0,7,0,8,0,0,0,0,1,1,6,2,20,4,1396,2,-1,-1,1,-1
2015210024936,1,9,0,5,0,4,0,0,0,0,1,1,6,2,27,6,898,1,-1,-1,1,-1
2015210024936,2,11,0,18,0,8,0,0,0,0,4,1,1,1,30,6,7300,2,8,-1,1,-1
2015210024941,1,9,0,5,0,6,0,0,0,0,3,1,2,1,27,6,1910,2,7,-1,1,-1
2015210024941,2,9,0,18,0,8,0,0,0,0,4,1,2,2,26,6,1997,1,12,-1,1,-1
2015210024949,1,9,0,16,0,0,0,0,0,0,1,1,6,1,43,7,1997,1,13,-1,1,-1
2015210024949,2,21,1,17,0,0,0,0,0,0,3,1,1,1,47,8,10518,2,7,-1,1,-1
2015210025024,1,9,-1,-1,-1,0,-1,-1,-1,0,-1,1,6,1,28,6,1997,1,16,-1,1,-1
2015210025024,2,9,-1,-1,-1,0,-1,-1,-1,0,-1,1,6,1,33,6,1343,1,11,-1,-1,-1
2015210025024,3,9,-1,-1,-1,0,-1,-1,-1,0,-1,1,6,2,55,8,1870,2,10,-1,-1,-1
2015210025027,1,9,0,18,0,0,0,0,0,0,1,1,6,1,63,9,2497,2,10,-1,1,-1
2015210025038,1,8,0,5,0,6,0,0,0,0,1,1,6,1,70,10,1997,2,5,-1,1,-1
2015210025038,2,9,0,18,0,8,0,0,0,0,3,1,6,1,38,7,1199,1,13,-1,1,-1
2015210025042,1,9,0,18,0,0,0,0,0,0,1,1,6,1,20,4,1598,1,16,-1,1,-1
2015210025042,2,9,0,18,0,0,0,0,0,0,2,1,1,2,50,8,1995,2,9,-1,1,-1
2015210025042,3,9,0,18,0,0,0,0,0,0,2,1,6,1,45,7,1461,2,5,-1,1,-1
2015210025046,1,90,0,5,0,2,0,0,0,0,-1,1,6,1,30,6,-1,-1,-1,-1,1,-1
2015210025046,2,9,-1,2,0,-1,0,0,0,0,-1,1,6,1,53,8,1598,2,3,-1,1,-1
2015210025053,1,9,0,18,0,0,0,0,0,0,3,1,1,1,58,9,2494,2,12,-1,3,-1
2015210025053,2,9,0,3,0,0,0,0,0,0,3,1,6,2,46,8,1968,2,2,-1,2,-1
2015210025072,1,9,0,17,0,0,0,10,1,11,1,1,6,1,20,4,1390,1,10,-1,1,-1
2015210025077,1,9,0,18,0,1,0,0,0,0,4,1,5,1,33,6,1199,1,13,-1,1,-1
2015210025080,1,19,0,18,0,0,0,0,0,0,1,1,6,1,30,6,1870,2,12,-1,1,-1
2015210025080,2,9,0,18,0,0,0,0,0,0,2,1,1,1,65,9,1560,2,-1,-1,1,-1
2015210025080,3,9,0,18,0,0,0,0,0,0,2,1,1,2,25,5,1598,1,14,-1,1,-1
2015210025080,4,9,0,18,0,0,0,0,0,0,2,1,1,1,36,7,2179,2,3,-1,1,-1
2015210025085,1,5,0,18,0,0,0,0,0,0,4,1,6,1,62,9,839,1,5,-1,1,-1
2015210025085,2,9,0,3,0,0,0,0,0,0,3,1,6,1,29,6,-1,-1,-1,-1,1,-1
2015210025090,1,9,0,18,0,0,0,0,0,0,1,1,6,2,67,10,2099,1,11,-1,1,-1
2015210025090,2,9,0,2,0,0,0,0,0,0,4,1,6,1,25,5,1598,1,5,-1,1,-1
2015210025090,3,9,0,2,0,0,0,0,0,0,2,1,6,1,60,9,-1,-1,-1,-1,1,-1
2015210025102,1,9,0,9,0,6,0,0,0,0,3,1,6,2,80,11,1998,1,10,-1,3,-1
2015210025102,2,19,0,17,0,8,0,0,0,0,1,1,1,1,34,6,2143,2,1,-1,3,-1
2015210025107,1,9,0,18,0,6,0,0,0,0,1,1,6,1,72,10,2435,1,10,-1,1,-1
2015210025107,2,9,0,18,0,8,0,0,0,0,3,1,6,2,64,9,1248,2,1,-1,3,-1
2015210025108,1,9,0,18,0,1,0,0,0,0,1,1,6,1,78,11,2199,2,3,-1,1,-1
2015210025108,2,3,0,18,0,2,0,0,0,0,4,1,6,1,17,4,124,1,7,-1,1,-1
2015210025109,1,9,0,13,0,0,0,0,0,0,1,1,6,1,45,7,1598,1,18,-1,1,-1
2015210025109,2,9,0,16,0,0,0,0,0,0,1,1,5,1,68,10,1796,1,23,-1,3,-1
2015210025109,3,9,0,16,0,0,0,0,0,0,1,1,6,2,48,8,1368,1,5,-1,3,-1
2015210025113,1,9,0,18,0,4,0,0,0,0,3,1,2,2,32,6,1968,2,5,-1,3,-1
2015210025113,2,5,0,18,0,8,0,0,0,0,1,1,6,1,34,6,700,1,29,-1,1,-1
2015210025119,1,9,0,17,0,0,0,0,0,0,1,1,6,1,38,7,-1,-1,-1,-1,2,-1
2015210025119,2,9,0,16,0,0,0,0,0,0,1,1,6,1,50,8,1396,1,18,-1,1,-1
2015210025138,1,9,0,18,0,-1,0,0,0,0,1,1,1,1,59,9,1870,2,14,-1,1,-1
2015210025138,2,3,0,18,0,1,0,0,0,0,-1,1,1,1,21,5,124,1,11,-1,1,-1
2015210025146,1,9,0,1,0,0,0,0,0,0,0,1,1,1,69,10,-1,-1,-1,-1,1,-1
2015210025147,1,9,0,18,0,1,0,0,0,0,1,1,2,2,49,8,1398,1,2,-1,1,-1
2015210025147,2,9,0,18,0,1,0,0,0,0,1,1,2,1,56,9,1781,1,16,-1,3,-1
2015210025149,1,9,-1,-1,-1,0,-1,-1,-1,0,-1,1,6,1,40,7,1896,2,6,-1,1,-1
2015210025151,1,9,0,18,0,0,0,0,0,0,3,1,6,2,20,4,1422,2,8,-1,1,-1
2015210025151,2,21,1,18,0,0,0,0,0,0,3,1,1,1,40,7,12777,2,5,-1,1,-1
2015210025151,3,9,0,18,0,0,0,0,4,6,1,1,6,1,27,6,1582,2,1,-1,1,-1
2015210025152,1,9,0,9,0,1,0,0,0,0,0,1,6,1,24,5,1968,2,8,-1,3,-1
2015210025152,2,3,0,4,0,1,0,0,0,0,3,1,6,1,31,6,-1,-1,-1,-1,1,-1
2015210025155,1,9,0,18,0,0,0,0,0,0,1,1,6,1,18,4,1242,1,8,-1,1,-1
2015210025155,2,9,0,3,0,0,0,0,0,0,2,1,6,2,39,7,1998,2,9,-1,3,-1
2015210025155,3,9,0,3,0,0,0,0,0,0,2,1,2,2,47,8,1596,1,6,-1,2,-1
2015210025157,1,9,0,13,0,8,0,0,0,0,1,1,6,3,-1,-1,-1,-1,-1,-1,-1,-1
2015210025157,2,9,0,9,0,5,0,0,7,11,3,1,6,2,68,10,1598,2,3,-1,1,-1
2015210025161,1,9,0,18,0,0,0,0,0,0,1,1,6,2,70,10,1998,1,12,-1,1,-1
2015210025161,2,9,0,18,0,0,0,0,0,0,1,1,6,2,50,8,1398,1,1,-1,1,-1
2015210025161,3,9,0,18,0,0,0,0,0,0,2,1,6,1,68,10,3600,1,12,-1,2,-1
2015210025161,4,9,0,18,0,0,0,0,0,0,2,1,6,1,64,9,1794,1,11,-1,1,-1
2015210025161,5,9,0,18,0,0,0,0,0,0,2,1,6,1,29,6,1968,2,3,-1,1,-1
2015210025167,1,9,0,7,0,4,0,0,0,0,1,1,6,2,30,6,2000,2,11,-1,1,-1
2015210025167,2,9,0,7,0,4,0,0,0,0,2,1,6,2,31,6,1124,1,13,-1,1,-1
2015210025173,1,9,0,18,0,0,0,0,0,0,1,1,6,1,19,4,1242,1,14,-1,1,-1
2015210025173,2,9,0,2,0,0,0,0,0,0,2,1,3,1,65,9,1560,2,4,-1,3,-1
2015210025189,1,-1,0,4,0,1,0,0,0,0,1,1,6,3,-1,-1,-1,-1,-1,-1,-1,-1
2015210025189,2,9,0,3,0,1,0,0,0,0,2,1,6,2,54,8,1596,1,9,-1,2,-1
2015210025198,1,19,0,18,0,0,0,0,0,0,1,1,6,1,23,5,2143,2,3,-1,1,-1
2015210025198,2,9,0,3,0,0,0,0,0,0,2,1,6,1,36,7,1995,2,10,-1,2,-1
2015210025203,1,9,0,9,0,6,0,0,0,0,1,1,1,1,46,8,1124,1,14,-1,1,-1
2015210025203,2,11,0,18,0,8,0,0,0,0,3,1,6,1,29,6,4461,2,1,-1,1,-1
2015210025211,1,98,0,18,0,0,0,0,0,0,0,1,6,3,35,6,-1,-1,-1,-1,-1,-1
2015210025211,2,19,0,2,6,0,0,0,0,0,0,1,6,3,-1,-1,-1,-1,-1,-1,-1,-1
2015210025215,1,9,0,9,0,8,0,0,0,0,0,1,6,2,48,8,998,1,1,-1,1,-1
2015210025215,2,9,0,3,0,5,0,0,0,0,0,1,6,3,-1,-1,-1,-1,-1,-1,-1,-1
2015210025215,3,1,0,3,0,8,0,0,0,0,0,1,6,1,41,7,-1,-1,-1,-1,1,-1
2015210025218,1,21,1,13,0,0,0,0,0,0,4,1,6,3,-1,-1,-1,-1,-1,-1,-1,-1
2015210025218,2,1,0,16,0,0,0,0,0,0,3,1,6,1,39,7,-1,-1,-1,-1,1,-1
2015210025228,1,9,0,3,0,0,0,0,0,0,4,1,6,1,49,8,1399,2,12,-1,1,-1
2015210025228,2,22,0,4,0,0,5,0,0,0,-1,1,6,1,86,11,-1,-1,-1,-1,1,-1
2015210025230,1,9,0,18,0,1,0,0,0,0,1,1,6,2,24,5,1995,2,1,-1,1,-1
2015210025232,1,9,0,9,0,6,0,0,0,0,3,1,6,1,36,7,1587,1,12,-1,3,-1
2015210025232,2,9,0,18,0,8,0,0,0,0,4,1,6,1,67,10,2495,2,9,-1,3,-1
2015210025236,1,22,0,18,0,1,0,0,0,0,3,1,6,2,83,11,-1,-1,-1,-1,1,-1
2015210025236,2,9,0,18,0,1,0,0,0,0,3,1,6,2,27,6,998,1,2,-1,1,-1
2015210025256,1,98,0,18,0,3,0,0,0,0,1,1,6,1,52,8,4461,2,6,-1,3,-1
2015210025256,2,4,0,18,0,4,0,0,0,0,1,1,6,1,60,9,499,1,11,-1,1,-1
2015210025260,1,9,0,9,0,5,0,0,0,0,4,1,6,2,22,5,1229,1,-1,-1,1,-1
2015210025260,2,5,0,18,0,8,0,0,0,0,1,1,6,1,60,9,599,1,4,-1,1,-1
2015210025263,1,97,0,18,0,4,1,9,0,0,1,1,6,1,18,4,125,1,3,-1,1,-1
2015210025264,1,9,0,5,0,1,0,0,0,0,2,1,6,1,-1,-1,1389,1,12,-1,1,-1
2015210025264,2,9,0,2,0,1,0,0,0,0,1,1,6,2,50,8,999,1,-1,-1,1,-1
2015210025265,1,9,0,3,0,0,0,0,0,0,1,1,6,1,55,8,1329,1,6,-1,1,-1
2015210025265,2,9,0,3,0,0,0,0,0,0,2,1,6,2,28,6,1229,1,1,-1,1,-1
2015210025268,1,1,0,-1,-1,0,0,0,0,0,-1,1,6,1,4,1,-1,-1,-1,-1,1,-1
2015210025268,2,9,-1,-1,-1,0,-1,-1,-1,0,-1,1,6,2,19,4,1149,1,10,-1,1,-1
2015210025269,1,9,0,18,0,0,2,0,1,11,1,1,6,1,56,9,998,1,13,-1,1,-1
2015210025272,1,9,0,18,0,0,0,0,0,0,1,1,6,1,22,5,1956,2,-1,-1,1,-1
2015210025272,2,9,0,18,0,0,0,0,0,0,2,1,6,2,63,9,1685,2,1,-1,1,-1
2015210025274,1,9,0,18,0,6,0,0,0,0,1,1,3,1,55,8,1796,1,16,-1,1,-1
2015210025274,2,9,0,18,0,8,0,0,0,0,1,1,2,2,39,7,1796,1,11,-1,1,-1
2015210025277,1,9,0,1,0,0,0,0,0,0,2,1,6,1,-1,-1,-1,-1,-1,-1,-1,-1
2015210025277,2,9,0,2,0,0,0,0,0,0,1,1,6,1,32,6,1242,1,18,-1,-1,-1
2015210025279,1,9,0,13,0,0,0,0,0,0,1,1,6,2,26,6,1396,1,6,-1,3,-1
2015210025279,2,5,0,3,0,0,0,0,0,0,3,1,6,2,44,7,954,1,13,-1,1,-1
2015210025322,1,9,0,5,0,0,0,0,0,0,1,1,6,2,31,6,1598,2,3,-1,1,-1
2015210025322,2,9,0,5,0,0,0,0,0,0,2,1,6,2,29,6,-1,-1,-1,-1,1,-1
2015210025326,1,9,0,18,0,1,0,0,0,0,1,1,6,1,40,7,1995,2,4,-1,1,-1
2015210025326,2,9,0,4,0,8,0,0,0,0,2,1,6,2,39,7,1398,1,3,-1,1,-1
2015210025327,1,98,0,4,0,1,0,0,0,0,1,1,1,1,59,9,12419,2,3,-1,2,-1
2015210025327,2,9,0,18,0,1,0,0,0,0,2,1,6,1,20,4,1560,2,6,-1,1,-1
2015210025330,1,9,0,18,0,0,0,0,0,0,1,1,6,1,68,10,1685,2,2,-1,1,-1
2015210025333,1,19,0,18,0,6,0,0,0,0,3,1,1,1,26,6,2143,2,4,-1,1,-1
2015210025333,2,9,0,18,0,8,0,0,0,0,1,1,1,2,27,6,1242,1,3,-1,1,-1
2015210025337,1,9,0,8,0,1,0,0,0,0,1,1,1,1,63,9,1956,2,4,-1,1,-1
2015210025337,2,9,0,18,0,1,0,0,0,0,1,1,1,1,53,8,1596,1,1,-1,3,-1
2015210025338,1,9,0,9,0,1,0,0,0,0,2,1,6,1,22,5,1984,1,14,-1,1,-1
2015210025338,2,9,0,18,0,1,0,0,0,0,1,1,6,2,39,7,1587,1,17,-1,1,-1
2015210025348,1,9,0,18,0,8,5,10,7,11,1,1,6,1,31,6,1988,1,13,-1,-1,-1
2015210025348,2,9,0,18,0,1,0,0,0,0,0,1,6,1,47,8,1956,2,1,-1,-1,-1
2015210025350,1,9,0,13,0,0,0,0,0,0,4,1,6,2,21,5,1984,1,4,-1,1,-1
2015210025350,2,1,0,18,0,0,0,0,0,0,3,1,6,3,-1,-1,-1,-1,-1,-1,2,-1
2015210025358,1,1,0,16,0,8,0,0,0,0,4,1,6,1,17,4,-1,-1,-1,-1,1,-1
2015210025358,2,9,0,5,0,4,0,0,0,0,4,1,1,1,30,6,1560,2,6,-1,1,-1