Accident_Index,Vehicle_Reference,Vehicle_Type,Towing_and_Articulation,Vehicle_Manoeuvre,Vehicle_Location-Restricted_Lane,Junction_Location,Skidding_and_Overturning,Hit_Object_in_Carriageway,Vehicle_Leaving_Carriageway,Hit_Object_off_Carriageway,1st_Point_of_Impact,Was_Vehicle_Left_Hand_Drive?,Journey_Purpose_of_Driver,Sex_of_Driver,Age_of_Driver,Age_Band_of_Driver,Engine_Capacity_(CC),Propulsion_Code,Age_of_Vehicle,Driver_IMD_Decile,Driver_Home_Area_Type,Vehicle_IMD_Decile
2015210025371,1,9,0,18,0,1,0,0,0,0,1,1,5,2,51,8,1199,1,14,-1,3,-1
2015210025371,2,9,0,4,0,1,0,0,0,0,1,1,5,1,34,6,1951,2,15,-1,-1,-1
2015210025371,3,9,0,3,0,1,0,0,0,0,2,1,6,2,51,8,1398,1,-1,-1,1,-1
2015210025373,1,9,0,9,0,6,0,0,0,0,1,1,3,2,33,6,1968,2,7,-1,1,-1
2015210025373,2,9,0,18,0,8,0,0,0,0,3,1,3,2,54,8,1242,1,9,-1,1,-1
2015210025380,1,9,0,18,0,0,0,0,0,0,1,1,4,2,17,4,-1,-1,-1,-1,3,-1
2015210025380,2,9,0,3,0,0,0,0,0,0,2,1,3,2,51,8,-1,-1,-1,-1,3,-1
2015210025381,1,9,0,4,0,0,0,0,0,0,1,1,6,2,45,7,1747,1,12,-1,1,-1
2015210025381,2,9,0,5,0,0,0,0,0,0,2,1,6,2,49,8,998,1,3,-1,1,-1
2015210025389,1,8,0,9,0,1,0,0,0,0,1,1,1,1,69,10,1794,1,7,-1,1,-1
2015210025389,2,9,0,18,0,-1,0,0,0,0,1,1,2,1,26,6,1968,2,2,-1,1,-1
2015210025396,1,9,0,18,0,1,0,0,0,0,1,1,6,2,28,6,998,1,13,-1,3,-1
2015210025396,2,9,0,18,0,1,0,0,0,0,2,1,6,1,41,7,-1,-1,-1,-1,1,-1
2015210025400,1,9,0,18,0,0,0,0,0,0,1,1,6,1,18,4,973,1,12,-1,3,-1
2015210025400,2,9,0,18,0,0,0,0,0,0,2,1,6,1,64,9,1560,2,9,-1,1,-1
2015210025400,3,9,0,18,0,0,0,0,0,0,2,1,6,1,54,8,1749,1,13,-1,1,-1
2015210025403,1,98,0,9,0,3,5,0,0,0,3,1,1,1,33,6,12130,2,10,-1,1,-1
2015210025412,1,98,0,18,0,0,0,0,0,0,4,1,6,1,61,9,12419,2,4,-1,1,-1
2015210025412,2,9,0,18,0,0,0,0,0,0,3,1,6,2,24,5,1124,1,15,-1,1,-1
2015210025419,1,9,0,10,0,1,0,0,0,0,3,1,6,1,29,6,1796,1,7,-1,1,-1
2015210025419,2,9,0,18,0,1,0,0,0,0,1,1,6,2,32,6,1598,2,2,-1,3,-1
2015210025425,1,9,0,16,0,0,2,10,0,0,1,1,6,2,35,6,2926,2,11,-1,1,-1
2015210025429,1,9,0,18,0,0,0,0,0,0,1,1,6,1,23,5,1368,1,3,-1,1,-1
2015210025431,1,9,0,7,0,6,0,0,0,0,3,1,6,1,24,5,1390,1,7,-1,1,-1
2015210025431,2,9,0,18,0,1,0,0,0,0,4,1,6,1,28,6,1242,1,9,-1,1,-1
2015210025449,1,9,0,13,0,0,0,0,0,0,3,1,2,1,52,8,4511,1,11,-1,3,-1
2015210025449,2,5,0,13,0,0,0,0,0,0,4,1,5,1,70,10,-1,-1,-1,-1,1,-1
2015210025459,1,9,0,18,0,6,0,0,0,0,1,1,6,2,33,6,1587,1,10,-1,1,-1
2015210025459,2,98,0,18,0,8,0,0,0,0,4,1,6,1,62,9,12900,2,4,-1,1,-1
2015210025459,3,9,0,18,0,1,0,0,0,0,3,1,6,1,42,7,1598,1,3,-1,3,-1
2015210025459,4,9,0,18,0,1,0,0,0,0,3,1,6,1,55,8,2143,2,6,-1,1,-1
2015210025460,1,9,-1,-1,-1,-1,-1,-1,-1,0,-1,1,2,2,27,6,1248,1,5,-1,1,-1
2015210025460,2,9,-1,18,0,1,-1,0,0,0,-1,1,2,2,26,6,1560,2,1,-1,1,-1
2015210025463,1,9,0,18,0,6,0,0,0,0,1,1,6,1,56,9,1598,1,9,-1,3,-1
2015210025463,2,9,0,18,0,8,0,0,0,0,1,1,6,1,44,7,-1,-1,-1,-1,1,-1
2015210025470,1,9,0,17,0,1,0,0,0,0,1,1,6,1,52,8,1995,2,10,-1,1,-1
2015210025470,2,1,0,17,0,1,0,0,0,0,2,1,6,1,43,7,-1,-1,-1,-1,1,-1
2015210025472,1,9,-1,-1,-1,1,-1,-1,-1,0,-1,1,6,3,-1,-1,1686,2,5,-1,-1,-1
2015210025472,2,9,-1,-1,-1,1,-1,-1,-1,0,-1,1,6,2,31,6,999,1,12,-1,1,-1
2015210025473,1,9,0,18,0,0,0,0,0,0,1,1,6,1,25,5,1781,1,13,-1,1,-1
2015210025486,1,9,0,16,0,2,0,0,0,0,1,1,6,3,-1,-1,-1,-1,-1,-1,-1,-1
2015210025489,1,9,0,7,0,6,0,0,0,0,4,1,6,1,42,7,1368,1,3,-1,1,-1
2015210025491,1,9,0,17,0,4,1,0,2,7,1,1,6,1,17,4,1596,1,10,-1,1,-1
2015210025507,1,9,0,9,0,6,0,0,0,0,1,1,6,1,67,10,-1,-1,-1,-1,-1,-1
2015210025507,2,9,0,9,0,5,0,0,0,0,1,1,6,2,41,7,-1,-1,-1,-1,-1,-1
2015210025508,1,9,0,18,0,1,0,0,0,0,1,1,6,1,23,5,1248,2,10,-1,1,-1
2015210025508,2,9,0,3,0,1,0,0,0,0,2,1,6,1,41,7,1496,2,-1,-1,1,-1
2015210025511,1,9,0,17,0,0,0,0,1,11,1,1,6,1,37,7,1686,2,10,-1,1,-1
2015210025513,1,9,0,7,0,5,0,0,0,0,1,1,6,1,24,5,1390,1,16,-1,1,-1
2015210025513,2,9,0,18,0,1,0,0,0,0,1,1,6,1,69,10,-1,-1,-1,-1,1,-1
2015210025519,1,9,0,18,0,2,0,0,0,0,1,1,5,1,62,9,1596,1,-1,-1,2,-1
2015210025519,2,9,0,3,0,1,0,0,0,0,2,1,5,2,65,9,2179,2,-1,-1,3,-1
2015210025519,3,9,0,3,0,1,0,0,0,0,2,1,5,1,46,8,1968,2,4,-1,1,-1
2015210025528,1,9,0,5,0,4,0,0,0,0,1,1,6,1,70,10,1686,2,4,-1,1,-1
2015210025528,2,9,0,18,0,8,0,0,0,0,2,1,6,2,32,6,1339,1,11,-1,1,-1
2015210025529,1,9,0,9,0,5,0,0,0,0,1,1,6,1,84,11,1796,1,12,-1,1,-1
2015210025529,2,9,0,18,0,8,0,0,0,0,1,1,6,2,37,7,1995,2,1,-1,3,-1
2015210025541,1,9,0,18,0,0,0,6,0,0,1,1,6,2,19,4,1796,1,11,-1,1,-1
2015210025546,1,9,0,18,0,0,0,0,7,11,1,1,6,1,53,8,-1,-1,-1,-1,1,-1
2015210025555,1,9,0,18,0,8,0,0,0,0,1,1,6,2,23,5,1124,1,11,-1,1,-1
2015210025555,2,9,0,3,0,1,0,0,0,0,1,1,6,1,80,11,1783,1,13,-1,1,-1
2015210025555,3,9,0,9,0,8,0,0,0,0,2,1,6,2,52,8,1386,1,3,-1,1,-1
2015210025571,1,20,0,18,0,1,0,0,0,0,1,1,1,1,31,6,-1,-1,-1,-1,1,-1
2015210025571,2,9,0,3,0,1,0,0,0,0,2,1,6,1,53,8,1998,8,-1,-1,1,-1
2015210025572,1,9,0,18,0,1,1,0,0,0,1,1,5,1,25,5,1360,1,17,-1,1,-1
2015210025575,1,9,0,18,0,8,0,0,0,0,3,1,6,1,-1,-1,973,1,17,-1,1,-1
2015210025575,2,8,0,18,0,8,0,0,0,0,1,1,1,1,34,6,1798,1,8,-1,1,-1
2015210025582,1,9,0,18,0,0,0,0,0,0,4,1,6,1,64,9,1997,2,1,-1,1,-1
2015210025590,1,21,0,18,0,0,0,0,0,0,2,1,1,1,39,7,-1,-1,-1,-1,-1,-1
2015210025590,2,21,0,18,0,0,0,0,0,0,1,1,1,1,59,9,12900,2,5,-1,2,-1
2015210025591,1,9,0,18,0,0,0,0,0,0,3,1,6,1,47,8,-1,-1,-1,-1,1,-1
2015210025591,2,9,0,13,0,0,0,0,0,0,4,1,6,1,-1,-1,1395,1,-1,-1,-1,-1
2015210025605,1,9,0,18,0,0,0,0,0,0,1,1,6,2,64,9,1560,2,8,-1,1,-1
2015210025605,2,9,0,4,0,0,0,0,0,0,2,1,6,2,17,4,1461,2,3,-1,1,-1
2015210025658,1,9,3,13,0,0,1,0,0,0,1,1,6,1,48,8,1598,1,11,-1,1,-1
2015210025658,2,5,0,16,0,0,1,0,0,0,4,1,6,1,39,7,599,1,6,-1,1,-1
2015210025658,3,5,0,16,0,0,1,0,0,0,4,1,6,1,40,7,748,1,4,-1,1,-1
2015210025658,4,5,2,16,0,0,1,0,0,0,4,1,6,1,40,7,-1,-1,-1,-1,1,-1
2015210025659,1,9,0,18,0,4,0,0,0,0,1,1,6,1,21,5,1796,1,13,-1,1,-1
2015210025659,2,9,0,18,0,8,0,0,0,0,4,1,6,1,20,4,1796,1,22,-1,1,-1
2015210025660,1,9,0,18,0,0,0,0,0,0,4,1,6,2,37,7,1242,1,4,-1,1,-1
2015210025665,1,9,0,18,0,1,0,0,0,0,1,1,6,1,17,4,1997,2,13,-1,1,-1
2015210025665,2,9,0,2,9,1,0,0,0,0,2,1,6,3,-1,-1,-1,-1,-1,-1,-1,-1
2015210025667,1,5,0,16,0,0,0,0,0,0,1,1,6,1,50,8,1198,1,3,-1,3,-1
2015210025667,2,19,0,17,0,0,0,0,0,0,1,1,6,1,44,7,2198,2,1,-1,1,-1
2015210025670,1,1,0,9,0,5,0,0,0,0,1,1,6,2,35,6,-1,-1,-1,-1,1,-1
2015210025670,2,8,0,10,0,1,0,0,0,0,3,1,6,1,34,6,1995,2,2,-1,1,-1
2015210025673,1,9,0,15,0,1,0,0,1,11,1,1,6,2,18,4,1299,1,12,-1,1,-1
2015210025673,2,19,0,7,0,5,0,0,0,0,1,1,6,1,53,8,2143,2,3,-1,1,-1
2015210025678,1,9,0,18,0,0,0,0,0,0,1,1,6,1,82,11,1951,2,11,-1,1,-1
2015210025691,1,19,0,11,0,1,0,0,0,0,2,1,6,1,42,7,1998,2,10,-1,1,-1
2015210025691,2,9,0,18,0,1,0,0,0,0,1,1,6,1,25,5,1956,2,1,-1,1,-1
2015210025693,1,9,-1,9,0,8,0,0,0,0,1,1,2,2,18,4,998,1,9,-1,1,-1
2015210025693,2,9,-1,9,0,8,0,0,0,0,4,1,1,2,45,7,1596,1,7,-1,1,-1
2015210025695,1,9,0,18,0,0,0,0,0,0,1,1,5,1,42,7,1389,1,14,-1,1,-1
2015210025703,1,9,0,16,0,0,0,0,0,0,1,1,6,3,-1,-1,-1,-1,-1,-1,-1,-1
2015210025729,1,9,0,18,0,1,0,0,1,0,1,1,2,2,22,5,1400,1,16,-1,1,-1
2015210025729,2,9,0,3,0,1,0,0,0,0,2,1,6,2,74,10,1834,1,11,-1,1,-1
2015210025729,3,9,0,3,0,1,0,0,0,0,2,1,2,1,45,7,1560,2,-1,-1,1,-1
2015210025731,1,9,0,5,0,6,0,0,0,0,1,1,6,1,67,10,1242,1,16,-1,1,-1
2015210025749,1,5,0,16,0,0,1,0,7,10,0,1,5,1,50,8,1000,1,18,-1,1,-1
2015210025750,1,19,0,18,0,1,0,0,0,0,1,1,6,1,50,8,1868,2,10,-1,2,-1
2015210025750,2,9,0,3,0,1,0,0,0,0,2,1,6,1,36,7,1896,2,14,-1,1,-1
2015210025758,1,9,0,9,0,5,0,0,0,0,1,1,6,2,24,5,1360,1,9,-1,1,-1
2015210025758,2,9,0,18,0,8,0,0,0,0,1,1,6,2,54,8,1149,1,14,-1,1,-1
2015210025759,1,9,-1,-1,-1,-1,-1,-1,-1,0,-1,1,6,2,24,5,1229,1,10,-1,1,-1
2015210025759,2,9,-1,-1,-1,-1,-1,-1,-1,0,-1,1,1,1,36,7,1956,2,-1,-1,-1,-1
2015210025763,1,9,0,4,0,0,1,0,2,11,1,1,5,1,17,4,1753,2,13,-1,1,-1
2015210025763,2,9,0,17,0,0,0,0,0,0,1,1,1,1,32,6,1997,2,7,-1,3,-1
2015210025773,1,9,0,9,0,6,0,0,0,0,1,1,6,2,83,11,1199,1,13,-1,3,-1
2015210025773,2,9,0,18,0,8,0,0,0,0,4,1,1,2,29,6,1248,2,8,-1,1,-1
2015210025774,1,9,0,18,0,1,0,0,0,0,1,1,6,1,85,11,1896,2,12,-1,1,-1
2015210025774,2,9,0,3,0,1,0,0,0,0,2,1,6,1,42,7,1798,8,1,-1,1,-1
2015210025780,1,9,0,18,0,1,0,0,0,0,1,1,6,1,24,5,1390,1,9,-1,1,-1
2015210025780,2,9,0,3,0,1,0,0,0,0,2,1,6,1,26,6,1299,1,15,-1,1,-1
2015210025783,1,9,0,16,0,0,0,0,0,0,1,1,6,1,-1,-1,1598,1,14,-1,1,-1
2015210025785,1,9,0,18,0,1,0,0,0,0,2,1,5,1,65,9,2231,2,3,-1,1,-1
2015210025785,2,9,0,4,0,1,0,0,0,0,1,1,5,1,-1,-1,999,1,-1,-1,1,-1
2015210025786,1,9,0,11,0,0,0,0,0,0,1,1,6,1,-1,-1,2926,2,13,-1,1,-1
2015210025786,2,19,0,18,0,0,0,0,0,0,2,1,6,1,23,5,2299,2,4,-1,1,-1
2015210025788,1,9,0,5,0,6,0,0,0,0,1,1,6,1,19,4,1984,1,10,-1,1,-1
2015210025788,2,9,0,18,0,8,0,0,0,0,4,1,6,2,51,8,1399,2,7,-1,1,-1
2015210025788,3,9,0,18,0,1,0,0,0,0,0,1,1,1,44,7,2993,2,1,-1,3,-1
2015210025789,1,9,0,18,0,0,0,7,2,4,1,1,5,1,41,7,1364,2,2,-1,2,-1
2015210025792,1,9,0,18,0,0,0,0,0,0,1,1,6,2,45,7,1599,1,12,-1,1,-1
2015210025792,2,21,1,3,0,0,0,0,0,0,2,1,1,1,56,9,-1,-1,-1,-1,1,-1
2015210025796,1,98,0,18,0,3,5,0,0,0,3,1,1,1,51,8,11946,2,4,-1,1,-1
2015210025800,1,3,0,18,0,0,0,0,0,0,3,1,6,1,18,4,124,1,7,-1,1,-1
2015210025800,2,3,0,4,0,0,0,0,0,0,3,1,6,1,19,4,-1,-1,-1,-1,1,-1
2015210025800,3,19,0,18,0,0,0,0,0,0,3,1,6,1,40,7,1996,2,4,-1,1,-1
2015210025800,4,9,0,3,0,0,0,0,0,0,0,1,6,1,42,7,-1,-1,-1,-1,1,-1
2015210025800,5,2,0,4,0,0,0,0,0,0,0,1,6,1,17,4,49,1,3,-1,3,-1
2015210025801,1,9,0,18,0,1,0,0,0,0,1,1,6,1,30,6,1598,1,2,-1,1,-1
2015210025804,1,9,0,12,0,1,0,0,0,0,3,1,6,1,-1,-1,2967,2,1,-1,1,-1
2015210025804,2,21,1,18,0,1,0,0,0,0,4,1,6,1,-1,-1,-1,-1,-1,-1,1,-1
2015210025823,1,9,0,18,0,0,0,0,0,0,3,1,6,2,58,9,998,1,3,-1,1,-1
2015210025823,2,11,0,18,0,0,0,0,0,0,3,1,1,1,48,8,5900,2,9,-1,1,-1
2015210025826,1,9,0,18,0,0,0,0,0,0,3,1,5,1,26,6,1598,1,8,-1,1,-1
2015210025830,1,9,0,18,0,0,0,0,5,6,1,1,6,1,23,5,1396,1,15,-1,1,-1
2015210025830,2,9,0,18,0,0,0,0,0,0,3,1,5,1,36,7,-1,-1,-1,-1,1,-1
2015210025830,3,9,0,18,0,0,0,0,0,0,1,1,6,1,47,8,2179,2,8,-1,1,-1
2015210025831,1,98,1,9,0,0,0,0,0,0,1,1,1,1,38,7,11946,2,4,-1,1,-1
2015210025831,2,10,0,18,0,0,0,0,0,0,1,1,6,1,23,5,2446,2,14,-1,1,-1
2015210025833,1,98,0,9,0,4,0,0,0,0,4,1,6,1,46,8,12740,2,4,-1,1,-1
2015210025833,2,5,0,18,0,8,0,0,0,0,1,1,6,1,66,10,1198,1,16,-1,1,-1
2015210025835,1,9,0,3,0,0,0,0,0,0,1,1,6,2,-1,-1,1397,1,15,-1,-1,-1
2015210025835,2,9,0,3,0,0,0,0,0,0,2,1,1,1,23,5,1598,1,5,-1,1,-1
2015210025840,1,9,0,1,0,0,0,0,0,0,4,1,6,1,55,8,1499,2,-1,-1,1,-1
2015210025840,2,1,0,18,0,0,0,0,0,0,1,1,6,1,6,2,-1,-1,-1,-1,1,-1
2015210025845,1,9,0,18,0,0,5,0,7,10,1,1,1,2,50,8,1398,2,11,-1,2,-1
2015210025846,1,9,0,18,0,0,0,0,0,0,1,1,6,1,44,7,1968,2,2,-1,-1,-1
2015210025846,2,9,0,18,0,0,0,0,1,0,2,1,3,2,34,6,1339,1,13,-1,1,-1
2015210025847,1,9,0,16,0,0,1,0,2,10,1,1,6,2,45,7,1198,1,12,-1,1,-1
2015210025847,2,9,0,17,0,0,0,0,0,0,1,1,6,1,51,8,1783,1,13,-1,1,-1
2015210025849,1,9,0,17,0,0,5,10,1,0,1,1,6,1,60,9,1598,1,2,-1,3,-1
2015210025852,1,5,0,11,0,8,0,0,0,0,4,1,6,1,48,8,600,1,13,-1,1,-1
2015210025852,2,9,0,18,0,8,0,0,0,0,3,1,2,2,34,6,1560,2,-1,-1,1,-1
2015210025853,1,9,0,7,0,5,0,0,0,0,3,1,6,2,30,6,1248,1,6,-1,1,-1
2015210025853,2,1,0,16,0,1,0,0,0,0,1,1,6,1,58,9,-1,-1,-1,-1,1,-1
2015210025855,1,9,0,18,0,0,0,0,0,0,1,1,6,1,22,5,1242,1,12,-1,1,-1
2015210025855,2,9,0,18,0,0,0,0,0,0,1,1,6,1,36,7,2143,2,2,-1,1,-1
2015210025859,1,9,0,4,0,0,1,0,0,0,3,1,6,1,27,6,1781,1,11,-1,1,-1
2015210025859,2,9,0,16,0,0,0,0,0,0,3,1,6,1,49,8,1995,1,8,-1,1,-1
2015210025864,1,9,0,18,0,0,0,0,0,0,3,1,6,2,64,9,996,1,6,-1,1,-1
2015210025864,2,21,1,18,0,0,0,0,0,0,1,1,6,1,35,6,12900,2,7,-1,1,-1
2015210025865,1,9,0,18,0,0,-1,0,0,0,-1,1,2,1,28,6,1998,1,11,-1,1,-1
2015210025877,1,9,0,5,0,1,0,0,0,0,1,1,6,2,49,8,998,1,14,-1,1,-1
2015210025877,2,9,0,18,0,1,0,0,0,0,1,1,6,2,39,7,1596,1,11,-1,1,-1
2015210025877,3,97,0,10,0,1,0,0,0,0,1,1,6,1,47,8,49,1,11,-1,1,-1
2015210025886,1,5,0,18,0,0,0,0,0,0,1,1,6,1,25,5,998,1,10,-1,1,-1
2015210025886,2,9,0,13,0,0,0,0,0,0,2,1,6,1,48,8,-1,-1,-1,-1,1,-1
2015210025886,3,98,0,18,0,0,0,0,0,0,0,1,6,1,27,6,4250,2,10,-1,1,-1
2015210025891,1,9,0,17,0,0,2,0,8,7,3,1,6,1,26,6,1242,1,6,-1,1,-1
2015210025894,1,2,0,18,0,2,0,0,0,0,1,1,6,1,24,5,49,1,4,-1,1,-1
2015210025894,2,9,0,18,0,1,0,0,0,0,1,1,6,2,63,9,1242,1,3,-1,1,-1
2015210025900,1,9,0,9,0,5,0,0,0,0,1,1,1,1,18,4,1242,1,9,-1,1,-1
2015210025900,2,9,0,18,0,1,0,0,0,0,1,1,1,2,22,5,1242,1,17,-1,1,-1
2015210025905,1,9,0,9,0,6,0,0,0,0,3,1,6,1,25,5,1896,2,7,-1,1,-1
2015210025905,2,9,0,18,0,8,0,0,0,0,1,1,6,2,31,6,1242,1,7,-1,1,-1
2015210025958,1,9,0,18,0,1,0,0,0,0,1,1,1,2,22,5,1242,1,2,-1,2,-1
2015210025958,2,9,0,3,0,1,0,0,0,0,2,1,1,2,46,8,1896,2,12,-1,1,-1
2015210025965,1,9,0,3,0,1,0,0,0,0,1,1,2,1,25,5,2771,1,13,-1,1,-1
2015210025965,2,9,0,5,0,1,0,0,0,0,2,1,3,2,40,7,1422,2,14,-1,1,-1
2015210025971,1,9,0,5,0,4,0,0,0,0,1,1,5,1,61,9,-1,-1,-1,-1,2,-1
2015210025971,2,9,0,4,0,4,0,0,0,0,2,1,5,3,35,6,1995,2,10,-1,-1,-1
2015210025973,1,9,0,17,0,0,0,0,0,0,3,1,6,2,39,7,1995,2,8,-1,1,-1
2015210025973,2,98,0,17,0,0,0,0,0,0,4,1,1,1,20,4,-1,-1,-1,-1,-1,-1
2015210025977,1,8,0,9,0,1,0,0,0,0,3,1,6,1,35,6,2987,2,6,-1,1,-1
2015210025977,2,3,0,18,0,1,0,0,0,0,4,1,2,1,18,4,123,1,21,-1,1,-1
2015210025978,1,9,0,9,0,5,0,0,0,0,4,1,6,1,79,11,1124,1,7,-1,1,-1
2015210025978,2,5,0,18,0,8,0,0,0,0,1,1,6,1,25,5,-1,-1,-1,-1,2,-1
2015210025982,1,9,0,12,0,0,0,0,0,0,3,1,5,2,46,8,1299,1,15,-1,1,-1
2015210025982,2,98,0,18,0,0,0,0,0,0,3,1,1,1,57,9,12900,2,6,-1,1,-1
2015210025983,1,9,0,18,0,4,0,0,1,0,1,1,5,1,46,8,1988,1,14,-1,1,-1
2015210025989,1,9,0,2,0,0,0,0,0,0,3,1,6,2,21,5,1275,1,15,-1,1,-1
2015210025990,1,9,0,1,0,6,0,0,0,0,0,1,3,1,56,9,1598,1,2,-1,1,-1
2015210025990,2,9,0,2,0,2,0,0,0,0,2,1,5,2,35,6,1242,1,11,-1,1,-1
2015210025992,1,5,0,13,0,0,0,0,0,0,4,1,2,1,50,8,865,1,-1,-1,1,-1
2015210025992,2,9,0,6,0,0,0,0,0,0,1,1,2,1,68,10,-1,-1,-1,-1,3,-1
2015210025993,1,9,0,5,0,8,0,0,0,0,1,1,1,1,31,6,2179,2,2,-1,1,-1
2015210025993,2,9,0,3,0,8,0,0,0,0,2,1,1,2,24,5,1560,2,1,-1,1,-1
2015210026000,1,9,0,7,0,6,0,0,0,0,1,1,5,1,40,7,1997,2,10,-1,2,-1
2015210026000,3,5,0,16,0,0,0,0,0,0,1,1,5,1,21,5,124,1,1,-1,2,-1
2015210026002,1,9,0,18,0,0,0,0,0,0,1,1,6,1,37,7,1461,2,12,-1,1,-1
2015210026002,2,9,0,18,0,0,0,0,0,0,2,1,1,2,47,8,1590,1,16,-1,3,-1
2015210026002,3,9,0,18,0,0,0,0,0,0,2,1,1,2,38,7,1395,1,-1,-1,2,-1
2015210026004,1,9,0,18,0,2,0,0,0,0,1,1,6,2,35,6,1248,1,2,-1,1,-1
2015210026004,2,9,0,4,0,2,0,0,0,0,2,1,6,2,-1,-1,1368,1,5,-1,1,-1
2015210026007,1,9,0,18,0,0,0,0,0,0,4,1,6,1,60,9,1390,1,13,-1,1,-1
2015210026009,1,9,0,18,0,1,0,11,0,0,4,1,6,2,31,6,2993,2,2,-1,3,-1
2015210026010,1,9,0,18,0,1,0,0,0,0,1,1,6,1,19,4,1598,1,12,-1,3,-1
2015210026010,2,9,0,4,0,1,0,0,0,0,2,1,6,2,51,8,998,1,3,-1,1,-1
2015210026011,1,9,0,18,0,1,0,0,0,0,1,1,6,2,26,6,1360,1,14,-1,2,-1
2015210026011,2,9,0,3,0,1,0,0,0,0,2,1,6,2,25,5,-1,-1,-1,-1,1,-1
2015210026013,1,9,0,16,0,0,0,0,1,11,1,1,6,1,65,9,1995,2,4,-1,2,-1
2015210026014,1,9,0,9,0,1,0,0,0,0,4,1,6,1,80,11,1991,2,9,-1,1,-1
2015210026014,2,9,0,7,0,1,0,0,0,0,1,1,6,2,57,9,1598,1,12,-1,1,-1
2015210026021,1,9,0,18,0,8,0,0,0,0,4,1,6,2,44,7,1242,1,10,-1,1,-1
2015210026021,2,9,0,18,0,8,0,0,0,0,1,1,6,1,21,5,1199,1,13,-1,1,-1
2015210026022,1,5,0,16,0,8,0,0,0,0,1,1,6,1,24,5,749,1,15,-1,1,-1
2015210026022,2,98,0,9,0,6,0,0,0,0,3,1,2,1,51,8,3920,2,10,-1,3,-1
2015210026025,1,3,0,3,0,0,0,0,0,0,4,1,1,1,39,7,124,1,-1,-1,1,-1
2015210026025,2,3,0,3,0,0,0,0,0,0,1,1,6,1,33,6,125,1,9,-1,1,-1
2015210026026,1,9,0,1,0,0,0,0,0,0,2,1,5,1,65,9,1995,2,5,-1,1,-1
2015210026028,1,9,0,18,0,0,5,0,0,0,1,1,6,1,23,5,2495,2,18,-1,2,-1
2015210026028,2,21,1,18,0,0,0,0,0,0,1,1,1,1,54,8,12777,2,3,-1,1,-1
2015210026031,1,9,0,18,0,1,0,0,0,0,1,1,6,1,18,4,1595,1,6,-1,3,-1
2015210026031,2,9,0,4,0,1,0,0,0,0,2,1,6,1,19,4,1360,1,9,-1,1,-1
2015210026031,3,9,0,7,0,5,0,0,0,0,2,1,6,1,44,7,1349,1,6,-1,3,-1
2015210026032,1,5,0,16,0,0,0,0,7,11,1,1,6,1,41,7,1352,1,4,-1,3,-1
2015210026033,1,9,0,18,0,8,0,0,0,0,4,1,6,2,29,6,1248,2,5,-1,1,-1
2015210026033,2,9,0,18,0,8,0,0,0,0,3,1,6,1,48,8,1598,1,11,-1,1,-1
2015210026042,1,9,0,18,0,0,0,0,0,0,3,1,5,1,21,5,1124,1,12,-1,1,-1
2015210026043,1,9,0,1,9,0,0,0,0,0,2,1,6,2,75,10,1298,1,13,-1,1,-1
2015210026045,1,9,0,18,0,0,0,0,0,0,1,1,5,2,50,8,1198,1,2,-1,1,-1
2015210026045,2,9,0,3,0,0,0,0,0,0,2,1,5,1,50,8,1910,2,8,-1,1,-1
2015210026049,1,9,0,17,0,4,0,0,0,0,1,1,6,1,19,4,1242,1,9,-1,3,-1
2015210026049,2,1,0,17,0,8,0,0,0,0,1,1,6,1,47,8,-1,-1,-1,-1,2,-1
2015210026050,1,98,1,5,0,0,0,0,0,0,1,1,6,1,-1,-1,1995,2,8,-1,1,-1
2015210026050,2,9,0,18,0,0,0,0,0,0,4,1,6,2,17,4,1149,1,1,-1,1,-1
2015210026052,1,9,0,18,0,6,0,0,0,0,1,1,6,2,47,8,1360,1,7,-1,1,-1
2015210026052,2,9,0,18,0,8,0,0,0,0,1,1,6,2,58,9,1399,2,10,-1,3,-1
2015210026054,1,9,0,18,0,1,0,0,0,0,1,1,6,1,30,6,1242,1,7,-1,1,-1
2015210026054,2,9,0,3,0,1,0,0,0,0,2,1,6,2,23,5,1598,1,9,-1,1,-1
2015210026054,3,9,0,3,0,1,0,0,0,0,2,1,6,1,67,10,1596,1,8,-1,3,-1
2015210026061,1,2,0,14,0,2,0,0,0,0,1,1,5,1,23,5,49,1,4,-1,1,-1
2015210026061,2,8,0,14,0,2,0,0,0,0,1,1,1,1,44,7,-1,-1,-1,-1,1,-1
2015210026061,3,9,0,17,0,1,0,0,0,0,0,1,5,1,33,6,998,1,3,-1,1,-1
2015210026062,1,17,0,18,0,1,0,0,0,0,1,1,6,3,-1,-1,-1,2,8,-1,-1,-1
2015210026062,2,9,0,10,0,1,0,0,0,0,2,1,6,1,58,9,2204,1,-1,-1,1,-1
2015210026063,1,21,1,4,0,1,0,0,0,0,1,1,1,1,66,10,12900,2,7,-1,1,-1
2015210026063,2,9,0,4,0,1,0,0,0,0,2,1,6,2,69,10,1198,1,2,-1,1,-1