Accident_Index,Vehicle_Reference,Vehicle_Type,Towing_and_Articulation,Vehicle_Manoeuvre,Vehicle_Location-Restricted_Lane,Junction_Location,Skidding_and_Overturning,Hit_Object_in_Carriageway,Vehicle_Leaving_Carriageway,Hit_Object_off_Carriageway,1st_Point_of_Impact,Was_Vehicle_Left_Hand_Drive?,Journey_Purpose_of_Driver,Sex_of_Driver,Age_of_Driver,Age_Band_of_Driver,Engine_Capacity_(CC),Propulsion_Code,Age_of_Vehicle,Driver_IMD_Decile,Driver_Home_Area_Type,Vehicle_IMD_Decile
2015210026064,1,19,0,18,0,6,0,0,0,0,4,1,1,1,35,6,2198,2,1,-1,1,-1
2015210026064,2,97,0,18,0,8,0,0,0,0,1,1,6,1,42,7,1585,1,3,-1,1,-1
2015210026073,1,3,0,18,0,0,0,0,0,0,4,1,6,1,17,4,124,1,-1,-1,2,-1
2015210026081,1,9,0,18,0,0,0,0,0,0,1,1,6,1,23,5,1368,1,6,-1,1,-1
2015210026081,2,9,0,4,0,0,0,0,0,0,2,1,6,2,23,5,1086,1,12,-1,1,-1
2015210026087,1,5,0,13,0,8,0,0,0,0,1,1,6,1,40,7,1170,1,10,-1,1,-1
2015210026087,2,9,0,9,0,5,0,0,0,0,1,1,6,1,30,6,1968,2,5,-1,1,-1
2015210026198,1,19,0,18,0,0,0,0,0,0,3,1,1,1,22,5,-1,-1,-1,-1,1,-1
2015210026198,2,9,0,18,0,0,0,0,0,0,3,1,6,1,41,7,995,1,5,-1,1,-1
2015210026205,1,9,0,18,0,0,0,0,0,0,3,1,6,1,29,6,2401,2,12,-1,1,-1
2015210026205,2,9,0,18,0,0,0,0,0,0,4,1,6,1,28,6,1896,2,13,-1,1,-1
2015210026208,1,9,0,3,0,0,0,0,0,0,2,1,1,1,53,8,2184,2,-1,-1,3,-1
2015210026208,2,97,0,18,0,0,0,0,0,0,1,1,1,1,47,8,999,1,1,-1,1,-1
2015210026208,3,9,0,2,0,0,0,0,0,0,3,1,6,3,-1,-1,1299,1,9,-1,-1,-1
2015210026209,1,3,0,18,0,2,0,10,1,0,1,1,6,1,43,7,124,1,5,-1,1,-1
2015210026211,1,9,0,18,0,0,1,0,0,0,1,1,6,1,18,4,1124,1,16,-1,3,-1
2015210026211,2,9,0,18,0,0,0,0,0,0,1,1,6,2,54,8,1956,2,3,-1,2,-1
2015210026212,1,9,0,9,0,1,0,0,0,0,4,1,6,1,75,10,1984,1,8,-1,2,-1
2015210026212,2,9,0,18,0,1,0,0,0,0,1,1,6,1,18,4,1390,1,3,-1,3,-1
2015210026214,1,9,0,17,0,8,0,0,0,0,1,1,2,2,32,6,1596,1,10,-1,1,-1
2015210026214,2,9,0,9,0,5,0,0,0,0,1,1,6,2,45,7,1968,2,7,-1,1,-1
2015210026216,1,9,0,18,0,0,0,0,0,0,4,1,6,2,34,6,998,1,15,-1,1,-1
2015210026216,2,98,0,2,0,0,0,0,0,0,3,1,6,1,36,7,1998,2,11,-1,1,-1
2015210026221,1,9,0,-1,-1,-1,0,0,0,0,-1,1,6,1,59,9,-1,-1,-1,-1,1,-1
2015210026221,2,1,-1,-1,-1,-1,-1,-1,-1,0,-1,1,6,1,-1,-1,-1,-1,-1,-1,-1,-1
2015210026222,1,98,0,18,0,0,0,0,0,0,1,1,1,1,65,9,12580,2,9,-1,1,-1
2015210026222,2,9,0,18,0,0,0,0,0,0,1,1,1,2,50,8,1598,1,8,-1,1,-1
2015210026223,1,19,0,14,0,0,0,0,0,0,1,1,6,1,34,6,1686,2,13,-1,1,-1
2015210026223,2,9,0,2,0,0,0,0,0,0,3,1,6,1,57,9,-1,-1,-1,-1,1,-1
2015210026224,1,9,0,18,0,0,0,0,0,0,0,1,2,1,39,7,1124,1,14,-1,1,-1
2015210026224,2,1,0,18,0,0,0,0,0,0,0,1,6,1,67,10,-1,-1,-1,-1,1,-1
2015210026230,1,9,0,18,0,8,0,0,0,0,1,1,6,3,-1,-1,-1,-1,-1,-1,-1,-1
2015210026230,2,1,0,18,0,8,0,0,0,0,3,1,6,1,29,6,-1,-1,-1,-1,1,-1
2015210026237,1,9,0,18,0,1,0,0,0,0,3,1,6,1,18,4,1229,1,7,-1,2,-1
2015210026238,1,20,1,11,0,0,0,0,0,0,1,1,1,1,45,7,-1,-1,-1,-1,1,-1
2015210026238,2,9,0,15,0,0,0,0,0,0,2,1,2,1,28,6,1596,1,-1,-1,-1,-1
2015210026239,1,8,-1,18,0,0,0,0,0,0,4,1,6,3,-1,-1,-1,-1,-1,-1,-1,-1
2015210026239,2,1,-1,18,0,0,0,0,0,0,3,1,6,1,34,6,-1,-1,-1,-1,1,-1
2015210026240,1,9,0,9,0,5,0,0,0,0,1,1,6,2,22,5,998,1,2,-1,1,-1
2015210026240,2,9,0,18,0,8,0,0,0,0,4,1,6,2,72,10,1386,1,11,-1,2,-1
2015210026242,1,9,0,9,0,5,0,0,0,0,1,1,6,1,60,9,1598,1,11,-1,1,-1
2015210026242,2,3,0,18,0,1,0,0,0,0,1,1,6,1,25,5,124,1,10,-1,1,-1
2015210026243,1,9,0,18,0,0,0,0,0,0,3,1,6,1,69,10,1242,1,3,-1,1,-1
2015210026246,1,9,0,18,0,1,0,0,0,0,1,1,6,1,34,6,-1,-1,-1,-1,1,-1
2015210026246,2,3,0,18,0,1,0,0,0,0,1,1,6,1,19,4,124,1,2,-1,1,-1
2015210026247,1,9,0,17,0,0,2,0,2,11,1,1,6,1,21,5,2993,2,9,-1,2,-1
2015210026247,2,9,0,16,0,0,0,0,0,0,1,1,6,2,49,8,1896,2,14,-1,3,-1
2015210026249,1,9,0,18,0,1,0,0,0,0,1,1,6,1,-1,-1,1149,1,13,-1,1,-1
2015210026251,1,21,1,9,0,8,0,0,0,0,1,2,1,1,46,8,-1,-1,-1,-1,-1,-1
2015210026251,2,9,0,18,0,3,0,0,0,0,1,1,6,2,37,7,1200,1,2,-1,1,-1
2015210026253,1,9,0,18,0,1,0,0,0,0,1,1,6,1,67,10,1598,1,6,-1,1,-1
2015210026255,1,9,0,17,0,2,0,0,0,0,1,1,6,1,31,6,1900,2,8,-1,1,-1
2015210026255,2,9,0,16,0,1,0,0,0,0,1,1,6,1,73,10,1388,1,6,-1,1,-1
2015210026256,1,9,0,17,0,6,0,0,0,0,3,1,1,1,46,8,2143,2,2,-1,1,-1
2015210026256,2,3,0,18,0,1,0,0,0,0,3,1,6,1,18,4,125,1,1,-1,1,-1
2015210026266,1,9,0,9,0,4,0,0,0,0,2,1,6,1,83,11,-1,-1,-1,-1,3,-1
2015210026266,2,9,0,18,0,3,0,0,0,0,1,1,6,1,42,7,1975,1,6,-1,2,-1
2015210026267,1,9,0,17,0,3,0,10,0,0,1,1,6,1,17,4,1598,1,10,-1,1,-1
2015210026267,2,11,0,16,0,8,0,0,0,0,3,1,1,1,45,7,9000,2,10,-1,3,-1
2015210026273,1,9,0,12,0,8,0,0,0,0,3,1,6,2,23,5,996,1,3,-1,1,-1
2015210026273,2,9,0,5,0,8,0,0,0,0,4,1,6,1,21,5,1396,1,18,-1,1,-1
2015210026276,1,5,0,18,0,0,0,0,0,0,1,1,2,1,22,5,-1,-1,-1,-1,1,-1
2015210026276,2,9,0,4,0,0,0,0,0,0,2,1,6,2,21,5,1198,1,7,-1,1,-1
2015210026284,1,19,0,7,0,5,0,0,0,0,4,1,1,1,26,6,1868,2,12,-1,1,-1
2015210026286,1,9,0,18,0,0,0,0,0,0,1,1,5,1,58,9,2997,1,12,-1,1,-1
2015210026286,2,9,0,18,0,0,0,0,0,0,2,1,5,2,33,6,1598,1,13,-1,1,-1
2015210026287,1,9,0,18,0,2,0,0,1,7,1,1,6,1,89,11,1976,1,4,-1,1,-1
2015210026288,1,9,0,9,0,5,0,0,0,0,1,1,6,1,78,11,1598,1,1,-1,1,-1
2015210026288,2,4,0,18,0,8,0,0,0,0,1,1,6,1,23,5,124,1,1,-1,1,-1
2015210026288,3,9,0,8,0,1,0,0,0,0,3,1,6,2,62,9,2993,2,6,-1,1,-1
2015210026289,1,3,0,16,0,0,0,0,0,0,1,1,6,1,24,5,124,1,5,-1,1,-1
2015210026290,1,9,0,18,0,0,5,0,2,11,1,1,6,1,33,6,-1,-1,-1,-1,-1,-1
2015210026291,1,9,0,18,0,6,0,0,0,0,1,1,6,2,45,7,1896,2,13,-1,2,-1
2015210026291,2,9,0,18,0,8,5,0,1,4,1,1,6,1,21,5,1968,2,4,-1,1,-1
2015210026300,1,9,0,18,0,0,0,0,0,0,1,1,2,2,47,8,1246,1,9,-1,1,-1
2015210026300,2,17,4,18,0,0,0,0,0,0,1,1,1,1,19,4,6702,2,4,-1,3,-1
2015210026301,1,9,0,7,0,6,0,0,1,11,1,1,6,1,83,11,998,1,12,-1,1,-1
2015210026301,2,98,0,18,0,8,0,0,0,0,4,1,1,1,39,7,12777,2,1,-1,1,-1
2015210026310,1,9,0,16,0,0,0,0,0,0,1,1,6,1,30,6,-1,-1,-1,-1,-1,-1
2015210026310,2,9,0,17,0,0,0,0,0,0,1,1,6,2,59,9,1396,1,6,-1,1,-1
2015210026314,1,9,0,18,0,4,0,0,0,0,1,1,6,1,17,4,1596,1,8,-1,1,-1
2015210026318,1,19,0,5,0,2,0,10,0,0,4,1,6,1,26,6,1968,2,1,-1,1,-1
2015210026319,1,9,0,9,0,6,0,0,0,0,1,1,6,1,-1,-1,1398,2,11,-1,-1,-1
2015210026319,2,9,0,9,0,5,0,0,0,0,2,1,6,2,22,5,1761,1,14,-1,3,-1
2015210026325,1,9,0,18,0,1,0,0,0,0,1,1,6,1,48,8,1968,2,1,-1,1,-1
2015210026325,2,9,0,5,0,6,0,0,0,0,3,1,6,1,34,6,1896,2,13,-1,1,-1
2015210026342,1,9,0,4,0,0,0,0,0,0,2,1,6,1,22,5,1968,2,9,-1,1,-1
2015210026342,2,19,0,18,0,0,0,0,0,0,1,1,1,1,29,6,2198,2,1,-1,1,-1
2015210026342,3,9,0,3,0,0,0,0,0,0,2,1,6,1,33,6,1968,2,6,-1,1,-1
2015210026349,1,9,0,18,0,0,0,0,0,0,3,1,6,1,20,4,1968,2,9,-1,1,-1
2015210026349,2,9,0,18,0,0,0,0,0,0,3,1,6,1,63,9,1599,1,8,-1,1,-1
2015210026360,1,1,0,18,0,4,0,0,0,0,3,1,1,1,25,5,-1,-1,-1,-1,1,-1
2015210026360,2,9,0,7,0,3,0,0,0,0,1,1,6,1,25,5,1968,2,3,-1,1,-1
2015210026361,1,98,0,9,0,6,0,0,0,0,1,1,6,1,52,8,1995,2,7,-1,1,-1
2015210026361,2,9,0,7,0,5,0,0,0,0,1,1,6,1,26,6,998,1,8,-1,1,-1
2015210026365,1,9,0,18,0,0,0,0,0,0,1,1,5,2,48,8,1588,1,11,-1,1,-1
2015210026366,1,9,0,18,0,1,0,0,0,0,1,1,6,1,-1,-1,1870,2,13,-1,1,-1
2015210026366,2,9,0,4,0,1,0,0,0,0,2,1,6,1,42,7,1753,2,8,-1,1,-1
2015210026366,3,9,0,4,0,1,0,0,0,0,2,1,6,1,35,6,1968,2,2,-1,1,-1
2015210026366,4,9,0,3,0,1,0,0,0,0,2,1,6,1,-1,-1,1686,2,3,-1,-1,-1
2015210026373,1,9,0,18,0,0,0,0,1,4,3,1,6,1,26,6,1299,1,13,-1,1,-1
2015210026373,2,9,0,18,0,0,0,0,0,0,2,1,6,1,41,7,-1,-1,-1,-1,1,-1
2015210026377,1,9,0,18,0,0,0,7,0,0,1,1,6,1,34,6,1597,1,5,-1,1,-1
2015210026380,1,9,0,17,0,0,0,0,0,0,1,1,2,1,20,4,1587,1,13,-1,1,-1
2015210026380,2,90,0,2,0,0,0,0,0,0,2,1,1,1,42,7,6370,2,2,-1,1,-1
2015210026380,3,9,0,18,0,0,0,0,0,0,3,1,2,1,55,8,2982,2,1,-1,3,-1
2015210026384,1,9,0,18,0,0,0,0,0,0,1,1,6,1,31,6,1461,2,1,-1,1,-1
2015210026384,2,9,0,4,0,0,0,0,0,0,2,1,6,1,62,9,1248,1,2,-1,3,-1
2015210026384,3,9,0,4,0,0,0,0,0,0,2,1,6,1,26,6,2521,1,5,-1,1,-1
2015210026387,1,9,0,18,0,0,0,12,7,11,1,1,6,1,20,4,1781,1,14,-1,1,-1
2015210026389,1,9,0,13,0,8,0,0,0,0,1,1,2,1,18,4,1229,1,6,-1,1,-1
2015210026389,2,2,0,9,0,5,0,0,0,0,3,1,2,1,17,4,49,1,6,-1,1,-1
2015210026390,1,21,0,18,0,4,0,0,0,0,3,1,1,1,24,5,-1,-1,-1,-1,-1,-1
2015210026390,2,9,0,18,0,4,0,0,0,0,4,1,6,2,43,7,1995,2,1,-1,3,-1
2015210026392,1,1,0,18,0,0,0,0,0,0,1,1,6,1,74,10,-1,-1,-1,-1,1,-1
2015210026392,2,9,0,2,0,0,0,0,0,0,2,1,5,2,56,9,1197,1,-1,-1,2,-1
2015210026393,1,9,0,18,0,1,0,0,0,0,1,1,1,1,36,7,1560,2,6,-1,1,-1
2015210026393,2,9,0,4,0,1,0,0,0,0,2,1,6,1,25,5,1364,2,10,-1,1,-1
2015210026401,1,9,0,18,0,4,0,0,0,0,3,1,6,1,45,7,1896,2,10,-1,1,-1
2015210026401,2,3,0,18,0,4,0,0,0,0,4,1,6,1,18,4,125,1,6,-1,1,-1
2015210026410,1,9,0,18,0,1,0,0,0,0,1,1,6,1,60,9,1461,2,10,-1,1,-1
2015210026410,2,3,0,18,0,1,0,0,0,0,1,1,6,1,20,4,-1,-1,-1,-1,1,-1
2015210026412,1,9,0,17,0,0,0,0,2,10,1,1,6,2,19,4,1360,1,15,-1,1,-1
2015210026414,1,9,0,1,0,6,0,0,0,0,0,1,2,1,43,7,1560,2,5,-1,1,-1
2015210026414,2,9,0,18,0,8,0,0,0,0,0,1,6,1,48,8,999,1,1,-1,1,-1
2015210026426,1,21,0,18,0,0,0,0,0,0,-1,1,6,1,57,9,12809,2,2,-1,1,-1
2015210026426,2,9,0,18,0,0,0,0,0,0,1,1,6,1,28,6,875,1,1,-1,1,-1
2015210026431,1,9,0,17,0,0,0,0,0,0,2,1,5,1,20,4,998,1,11,-1,3,-1
2015210026431,2,9,0,17,0,0,0,0,0,0,2,1,5,1,44,7,-1,-1,-1,-1,2,-1
2015210026431,3,9,0,17,0,0,0,0,0,0,1,1,5,1,50,8,1560,2,9,-1,1,-1
2015210026431,4,9,0,4,0,0,0,0,0,0,2,1,6,3,-1,-1,-1,-1,-1,-1,-1,-1
2015210026435,1,9,0,1,0,0,0,0,0,0,2,1,6,1,37,7,1794,1,9,-1,1,-1
2015210026438,1,9,0,4,0,1,0,0,0,0,1,1,6,3,-1,-1,1997,2,14,-1,-1,-1
2015210026438,2,9,0,18,0,1,0,0,0,0,2,1,6,2,27,6,998,1,17,-1,2,-1
2015210026443,1,9,0,18,0,6,0,0,0,0,1,1,1,1,49,8,1686,2,2,-1,1,-1
2015210026443,2,10,0,5,0,8,0,0,0,0,4,1,1,1,74,10,2402,2,10,-1,1,-1
2015210026446,1,9,0,18,0,0,0,0,0,0,1,1,5,2,41,7,1388,1,12,-1,1,-1
2015210026450,1,9,0,9,0,6,0,0,0,0,3,1,6,1,39,7,-1,-1,-1,-1,1,-1
2015210026450,2,3,0,18,0,8,0,0,0,0,1,1,2,1,20,4,124,1,4,-1,1,-1
2015210026452,1,9,0,9,0,4,5,10,0,0,1,1,6,1,33,6,796,1,8,-1,2,-1
2015210026453,1,9,0,17,0,0,0,0,0,0,1,1,2,1,19,4,1299,1,16,-1,3,-1
2015210026454,1,9,0,18,0,8,0,0,0,0,1,1,6,1,65,9,2597,1,12,-1,2,-1
2015210026454,2,21,0,18,0,8,0,0,0,0,2,1,1,1,51,8,12419,2,8,-1,1,-1
2015210026458,1,98,5,18,0,1,0,0,0,0,3,1,6,3,-1,-1,-1,-1,-1,-1,-1,-1
2015210026458,2,1,0,18,0,1,0,0,0,0,1,1,1,1,31,6,-1,-1,-1,-1,-1,-1
2015210026463,1,21,0,18,0,0,0,0,1,7,1,1,1,1,30,6,11946,2,2,-1,1,-1
2015210026463,2,20,0,18,0,0,0,0,0,0,2,1,1,1,37,7,-1,-1,-1,-1,1,-1
2015210026463,3,20,0,18,0,0,0,0,0,0,2,1,1,1,56,9,-1,-1,-1,-1,1,-1
2015210026466,1,9,0,18,0,0,0,0,0,0,0,1,5,3,35,6,2179,2,3,-1,-1,-1
2015210026466,2,9,0,18,0,0,0,0,0,0,1,1,5,2,44,7,1598,1,3,-1,1,-1
2015210026468,1,9,0,6,0,8,0,0,0,0,1,1,6,2,45,7,1560,2,5,-1,1,-1
2015210026468,2,1,0,18,0,3,0,0,0,0,3,1,6,2,32,6,-1,-1,-1,-1,1,-1
2015210026472,1,9,0,9,0,8,0,0,0,0,1,1,6,1,30,6,1896,2,13,-1,1,-1
2015210026472,2,9,0,16,0,6,0,0,0,0,3,1,6,1,33,6,1364,1,10,-1,1,-1
2015210026478,1,9,0,18,0,1,0,0,0,0,1,1,2,1,40,7,1796,1,12,-1,1,-1
2015210026478,2,9,0,4,0,1,0,0,0,0,2,1,2,2,24,5,1598,2,3,-1,2,-1
2015210026478,3,9,0,4,0,1,0,0,0,0,2,1,2,1,55,8,1797,8,2,-1,1,-1
2015210026481,1,9,0,13,0,0,0,0,0,0,3,1,6,3,-1,-1,-1,-1,-1,-1,-1,-1
2015210026481,2,5,0,13,0,0,1,0,7,0,1,1,6,1,20,4,847,1,-1,-1,3,-1
2015210026487,1,19,0,4,0,4,0,0,0,0,1,1,5,1,30,6,-1,-1,-1,-1,1,-1
2015210026487,2,5,0,4,0,8,1,0,0,0,1,1,5,1,55,8,600,1,12,-1,1,-1
2015210026492,1,9,0,18,0,2,0,0,0,0,1,1,6,2,29,6,-1,-1,-1,-1,1,-1
2015210026492,2,9,0,3,0,2,0,0,0,0,2,1,6,2,42,7,998,1,3,-1,3,-1
2015210026492,3,9,0,3,0,2,0,0,0,0,2,1,6,1,24,5,1560,2,3,-1,1,-1
2015210026495,1,19,0,7,0,2,0,0,0,0,4,1,6,1,46,8,4462,2,2,-1,1,-1
2015210026497,1,9,0,18,0,0,2,0,1,10,1,1,6,1,22,5,999,1,-1,-1,1,-1
2015210026500,1,9,0,5,0,0,0,0,0,0,3,1,2,1,26,6,2495,2,17,-1,2,-1
2015210026500,2,3,0,13,0,0,0,0,0,0,4,1,6,1,28,6,125,1,1,-1,2,-1
2015210026501,1,9,0,1,0,2,0,0,0,0,2,1,6,1,56,9,2402,2,8,-1,3,-1
2015210026501,2,9,0,10,0,1,0,0,0,0,1,1,6,1,17,4,1598,1,5,-1,1,-1
2015210026504,1,9,0,16,0,0,5,0,1,11,1,1,5,1,72,10,-1,-1,-1,-1,-1,-1
2015210026505,1,9,0,18,0,1,0,0,0,0,0,1,6,1,42,7,1679,1,14,-1,1,-1
2015210026535,1,9,0,9,0,6,0,0,0,0,3,1,6,2,70,10,1686,2,13,-1,1,-1
2015210026535,2,9,0,18,0,8,0,0,0,0,1,1,2,2,64,9,1360,1,3,-1,1,-1
2015210026537,1,9,0,18,0,0,0,0,0,0,1,1,6,1,38,7,1396,1,13,-1,1,-1
2015210026549,1,9,0,13,0,0,5,0,0,0,1,1,6,1,46,8,2996,1,10,-1,1,-1
2015210026549,2,9,0,18,0,0,2,0,0,0,1,1,6,1,17,4,1390,1,4,-1,3,-1
2015210026549,3,9,0,18,0,0,0,0,0,0,1,1,6,1,67,10,5204,1,5,-1,-1,-1
2015210026549,4,9,0,18,0,0,0,0,0,0,1,1,6,2,41,7,1997,2,7,-1,3,-1
2015210026549,5,9,0,18,0,0,0,0,0,0,1,1,6,1,32,6,-1,-1,-1,-1,2,-1
2015210026558,1,8,0,18,0,2,0,0,0,0,1,1,6,1,-1,-1,-1,-1,-1,-1,-1,-1
2015210026560,1,9,0,18,0,1,0,0,0,0,1,1,6,2,50,8,1998,1,13,-1,1,-1
2015210026560,2,9,0,9,0,5,0,0,0,0,2,1,6,1,33,6,2179,2,7,-1,3,-1
2015210026568,1,9,0,18,0,0,0,0,0,0,1,1,6,1,66,10,1360,1,12,-1,1,-1
2015210026573,1,19,0,18,0,2,0,0,0,0,4,1,6,3,-1,-1,-1,-1,-1,-1,-1,-1
2015210026576,1,9,0,13,0,0,0,0,0,0,2,1,6,2,54,8,1422,2,-1,-1,3,-1
2015210026576,2,98,0,18,0,0,0,0,0,0,1,1,6,1,48,8,12902,2,2,-1,2,-1
2015210026618,1,9,0,1,0,2,0,0,0,0,2,1,6,1,30,6,1560,2,7,-1,1,-1
2015210026618,2,9,0,3,0,1,0,0,0,0,1,1,6,1,47,8,1997,1,10,-1,1,-1
2015210026622,1,9,0,18,0,1,0,0,0,0,1,1,1,1,50,8,1769,1,13,-1,1,-1
2015210026622,2,9,0,10,0,1,0,0,0,0,2,1,1,2,50,8,1598,1,1,-1,1,-1
2015210026630,1,9,0,6,0,8,0,0,0,0,3,1,6,3,-1,-1,-1,-1,-1,-1,-1,-1
2015210026630,2,5,0,18,0,8,0,0,0,0,1,1,6,1,44,7,600,1,19,-1,2,-1
2015210026640,1,9,0,18,0,1,5,0,0,0,1,1,6,1,24,5,1360,1,10,-1,1,-1
2015210026640,2,19,0,7,0,5,0,0,0,0,2,1,1,1,46,8,2198,2,3,-1,1,-1
2015210026644,1,9,0,9,0,6,0,0,0,0,1,1,5,3,-1,-1,1596,1,14,-1,-1,-1
2015210026644,2,9,0,18,0,8,0,0,0,0,1,1,5,2,21,5,1461,2,-1,-1,1,-1
2015210026649,1,9,0,18,0,0,0,0,5,6,1,1,6,1,33,6,1560,2,8,-1,1,-1
2015210026654,1,9,4,16,0,1,0,0,0,0,1,1,1,1,61,9,-1,-1,-1,-1,3,-1
2015210026654,2,9,0,3,0,1,0,0,0,0,2,1,6,2,40,7,1360,1,6,-1,1,-1
2015210026655,1,9,0,9,0,6,0,0,0,0,1,1,6,1,54,8,1840,1,14,-1,1,-1
2015210026655,2,9,0,18,0,1,0,0,0,0,1,1,6,1,21,5,1198,1,5,-1,1,-1
2015210026655,3,19,0,18,0,1,0,0,0,0,1,1,6,1,44,7,1995,2,3,-1,1,-1
2015210026659,1,9,0,9,0,6,0,0,0,0,1,1,6,2,22,5,1299,1,13,-1,1,-1
2015210026659,2,5,0,14,0,8,0,0,0,0,1,1,6,1,67,10,649,1,-1,-1,1,-1
2015210026663,1,90,0,15,0,8,0,0,0,0,1,1,6,1,26,6,-1,-1,-1,-1,1,-1
2015210026663,2,9,4,7,0,5,0,0,0,0,4,1,6,1,53,8,-1,-1,-1,-1,3,-1
2015210026664,1,9,0,9,0,5,0,0,0,0,2,1,6,2,30,6,1560,2,3,-1,1,-1
2015210026664,2,9,0,18,0,8,0,0,0,0,1,1,6,1,19,4,1598,1,6,-1,1,-1
2015210026668,1,9,0,13,0,0,0,0,7,7,1,1,6,2,43,7,1998,1,12,-1,1,-1
2015210026668,2,9,0,16,0,0,0,10,0,0,1,1,6,1,24,5,2170,2,11,-1,1,-1
2015210026669,1,5,0,17,0,0,0,0,1,1,1,1,5,1,28,6,599,1,5,-1,1,-1
2015210026670,1,9,0,16,0,0,0,0,0,0,1,1,6,1,19,4,1390,1,-1,-1,3,-1
2015210026670,2,9,0,16,0,0,0,0,0,0,1,1,6,1,24,5,4196,1,9,-1,1,-1
2015210026673,1,9,0,16,0,0,0,0,0,0,3,1,6,1,22,5,1598,1,12,-1,3,-1
2015210026673,2,9,0,17,0,0,0,0,0,0,3,1,2,1,25,5,1596,1,12,-1,1,-1
2015210026674,1,9,0,17,0,0,5,10,7,0,1,1,6,1,20,4,1149,1,8,-1,1,-1
2015210026681,1,9,0,18,0,0,0,0,0,0,1,1,2,1,23,5,1956,2,4,-1,1,-1
2015210026681,2,9,0,18,0,0,0,0,0,0,2,1,2,1,45,7,1598,2,1,-1,1,-1
2015210026683,1,9,0,7,0,5,0,0,7,11,1,1,6,2,29,6,2143,2,2,-1,1,-1
2015210026686,1,9,0,6,0,0,0,0,1,0,1,1,6,1,-1,-1,1968,2,8,-1,1,-1
2015210026686,2,9,0,17,0,0,0,0,4,0,1,1,6,1,36,7,1598,1,10,-1,1,-1
2015210026687,1,9,0,18,0,4,0,0,0,0,0,1,6,1,35,6,2995,1,5,-1,1,-1
2015210026687,2,5,0,18,0,8,0,0,0,0,0,1,6,1,29,6,1157,1,14,-1,1,-1
2015210026691,1,9,0,9,0,6,0,0,0,0,1,1,6,1,-1,-1,-1,-1,-1,-1,-1,-1
2015210026691,2,1,0,18,0,8,0,0,0,0,4,1,6,1,16,4,-1,-1,-1,-1,2,-1
2015210026693,1,9,0,14,0,2,1,0,0,0,1,1,6,1,18,4,1120,1,20,-1,1,-1
2015210026693,2,9,0,17,0,1,0,0,0,0,1,1,6,2,74,10,1595,1,12,-1,2,-1
2015210026694,1,9,0,18,0,4,0,0,0,0,1,1,1,1,46,8,1968,2,5,-1,1,-1
2015210026694,2,1,0,18,0,8,0,0,0,0,3,1,1,1,51,8,-1,-1,-1,-1,1,-1
2015210026702,1,20,0,9,0,6,0,0,0,0,3,1,6,1,45,7,2287,2,2,-1,1,-1
2015210026702,2,5,0,17,0,8,0,0,0,0,1,1,6,1,40,7,636,1,11,-1,3,-1
2015210026705,1,4,0,18,0,0,0,0,4,6,3,1,6,1,39,7,499,1,17,-1,1,-1
2015210026707,1,9,0,6,0,0,0,0,0,0,1,1,6,1,61,9,1995,2,11,-1,1,-1
2015210026707,2,9,0,18,0,0,0,0,0,0,1,1,6,1,24,5,1598,1,15,-1,1,-1
2015210026709,1,9,0,16,0,1,0,0,0,0,1,1,6,3,-1,-1,1388,1,12,-1,-1,-1
2015210026709,2,9,0,3,0,1,0,0,0,0,2,1,6,2,58,9,1956,2,5,-1,1,-1
2015210026719,1,9,0,18,0,0,0,0,0,0,1,1,6,1,31,6,1199,1,13,-1,1,-1
2015210026719,2,9,0,18,0,0,0,0,0,0,2,1,6,1,43,7,4235,1,32,-1,1,-1
2015210026720,1,9,0,9,0,8,0,0,0,0,1,1,6,2,35,6,1796,1,11,-1,1,-1
2015210026726,1,9,0,18,0,6,0,0,0,0,1,1,6,2,42,7,1686,2,1,-1,1,-1
2015210026726,2,10,0,18,0,8,0,0,0,0,1,1,6,1,52,8,2400,2,11,-1,1,-1
2015210026727,1,9,0,4,9,2,0,0,0,0,2,1,1,1,24,5,998,1,14,-1,1,-1
2015210026728,1,9,0,18,0,0,0,0,0,0,1,1,6,2,33,6,1124,1,12,-1,1,-1
2015210026729,1,21,1,18,0,0,4,0,0,0,0,1,1,1,38,7,12740,2,2,-1,1,-1
2015210026729,2,21,1,13,0,0,0,0,0,0,1,1,1,1,65,9,12777,2,8,-1,2,-1
2015210026731,1,9,0,16,0,0,0,0,0,0,1,1,2,1,24,5,1372,1,18,-1,2,-1
2015210026731,2,9,0,17,0,0,0,0,0,0,1,1,2,1,47,8,1896,2,7,-1,3,-1
2015210026732,1,98,0,18,0,0,0,0,0,0,0,1,6,1,53,8,12777,2,4,-1,1,-1
2015210026732,2,9,0,18,0,0,0,0,0,0,2,1,6,2,38,7,1587,1,9,-1,1,-1
2015210026732,3,9,0,18,0,0,0,0,0,0,2,1,6,1,17,4,1242,1,3,-1,1,-1
2015210026732,4,9,0,18,0,0,0,0,0,0,1,1,6,1,23,5,1198,1,4,-1,1,-1