Accident_Index,Vehicle_Reference,Vehicle_Type,Towing_and_Articulation,Vehicle_Manoeuvre,Vehicle_Location-Restricted_Lane,Junction_Location,Skidding_and_Overturning,Hit_Object_in_Carriageway,Vehicle_Leaving_Carriageway,Hit_Object_off_Carriageway,1st_Point_of_Impact,Was_Vehicle_Left_Hand_Drive?,Journey_Purpose_of_Driver,Sex_of_Driver,Age_of_Driver,Age_Band_of_Driver,Engine_Capacity_(CC),Propulsion_Code,Age_of_Vehicle,Driver_IMD_Decile,Driver_Home_Area_Type,Vehicle_IMD_Decile
2015210026737,1,9,0,18,0,0,0,0,0,0,1,1,6,2,29,6,1598,1,24,-1,1,-1
2015210026737,2,9,0,4,0,0,0,0,0,0,2,1,6,2,52,8,1229,1,9,-1,1,-1
2015210026737,3,9,0,18,0,0,0,0,1,0,2,1,6,1,86,11,1968,2,1,-1,1,-1
2015210026737,4,9,0,18,0,0,0,0,0,0,2,1,6,1,60,9,1997,2,5,-1,1,-1
2015210026741,1,9,0,5,0,4,0,0,0,0,1,1,6,2,-1,-1,1299,1,12,-1,1,-1
2015210026741,2,9,0,3,0,1,0,0,0,0,2,1,6,2,47,8,998,1,6,-1,1,-1
2015210026744,1,9,0,9,0,8,0,0,0,0,1,1,6,2,17,4,998,1,-1,-1,3,-1
2015210026744,2,9,0,3,0,1,0,0,0,0,3,1,6,2,46,8,1968,2,3,-1,2,-1
2015210026744,3,9,0,3,0,1,0,0,0,0,1,1,6,1,27,6,1248,2,9,-1,3,-1
2015210026750,1,9,0,18,0,0,0,0,0,0,1,1,6,1,54,8,2771,2,20,-1,1,-1
2015210026750,2,9,0,3,0,0,0,0,0,0,1,1,6,1,45,7,1586,1,7,-1,1,-1
2015210026752,1,9,0,9,0,6,0,0,0,0,2,1,6,1,24,5,1968,2,5,-1,1,-1
2015210026752,2,5,0,18,0,8,0,0,0,0,1,1,6,1,-1,-1,-1,-1,-1,-1,1,-1
2015210026753,1,9,0,14,0,0,0,0,0,0,1,1,6,1,84,11,1587,1,16,-1,2,-1
2015210026753,2,20,0,2,0,0,0,0,0,0,1,1,1,1,41,7,2998,2,10,-1,3,-1
2015210026754,1,9,0,17,0,0,2,0,1,11,3,1,6,1,21,5,1388,1,12,-1,2,-1
2015210026756,1,9,0,18,0,0,0,0,0,0,1,1,6,1,21,5,1590,1,10,-1,1,-1
2015210026756,2,9,0,18,0,0,0,0,0,0,2,1,6,2,34,6,1390,1,7,-1,1,-1
2015210026762,1,9,0,7,0,1,0,0,0,0,1,1,6,2,17,4,1242,1,8,-1,1,-1
2015210026762,2,98,0,8,0,1,0,0,0,0,3,1,6,1,45,7,2402,2,14,-1,3,-1
2015210026768,1,9,0,9,0,2,0,0,0,0,4,1,6,2,30,6,1390,1,5,-1,1,-1
2015210026771,1,9,0,18,0,0,0,0,0,0,4,1,6,2,27,6,1390,1,2,-1,1,-1
2015210026776,1,8,0,18,0,4,0,0,0,0,1,1,1,1,48,8,1598,1,8,-1,1,-1
2015210026776,2,1,0,9,0,8,0,0,0,0,4,1,5,1,27,6,-1,-1,-1,-1,1,-1
2015210026783,1,9,-1,-1,-1,-1,-1,-1,-1,0,-1,1,6,2,57,9,898,1,1,-1,1,-1
2015210026799,1,9,0,4,0,0,0,0,0,0,1,1,6,1,23,5,1560,2,7,-1,1,-1
2015210026799,2,9,0,4,0,0,0,0,0,0,2,1,6,1,30,6,1560,2,2,-1,1,-1
2015210026824,1,9,0,16,0,0,0,0,0,0,1,1,6,1,30,6,1781,1,13,-1,1,-1
2015210026824,2,9,0,17,0,0,0,0,0,0,1,1,6,2,20,4,1598,1,4,-1,1,-1
2015210026825,1,9,0,17,0,0,5,0,1,2,1,1,6,1,28,6,1587,1,10,-1,1,-1
2015210026825,2,9,0,18,0,0,0,0,0,0,3,1,6,1,42,7,1753,2,9,-1,1,-1
2015210026827,1,9,0,14,0,0,0,0,0,0,0,1,5,1,35,6,-1,-1,-1,-1,-1,-1
2015210026827,2,11,0,2,0,0,0,0,0,0,0,1,1,1,35,6,-1,-1,-1,-1,1,-1
2015210026834,1,9,0,14,0,1,0,0,0,0,1,1,2,2,61,9,1108,1,6,-1,1,-1
2015210026837,1,19,0,3,0,0,0,0,0,0,2,1,1,1,21,5,-1,-1,-1,-1,1,-1
2015210026837,2,19,0,3,0,0,0,0,0,0,2,1,1,1,44,7,2402,2,7,-1,1,-1
2015210026837,3,19,0,3,0,0,0,0,0,0,2,1,1,1,28,6,2143,2,1,-1,1,-1
2015210026837,4,98,5,3,0,0,0,0,0,0,2,1,1,1,55,8,11946,2,3,-1,1,-1
2015210026837,5,98,5,18,0,0,0,0,0,0,1,1,1,1,54,8,12902,2,2,-1,1,-1
2015210026839,1,9,0,1,0,2,0,0,0,0,2,1,6,1,-1,-1,1061,1,10,-1,1,-1
2015210026839,2,19,0,3,0,2,0,0,0,0,1,1,1,1,43,7,2800,2,13,-1,1,-1
2015210026842,1,9,0,5,9,6,0,0,0,0,1,1,6,2,30,6,1968,2,3,-1,1,-1
2015210026842,2,1,0,18,9,8,0,0,0,0,1,1,6,1,19,4,-1,-1,-1,-1,1,-1
2015210026852,1,9,0,7,0,2,0,0,0,0,1,1,6,1,23,5,1560,2,3,-1,1,-1
2015210026852,2,1,0,5,0,8,0,0,0,0,1,1,6,1,13,3,-1,-1,-1,-1,1,-1
2015210026858,1,98,0,18,0,8,0,0,0,0,1,1,1,1,50,8,12902,2,2,-1,1,-1
2015210026858,2,10,0,18,0,8,0,0,0,0,2,1,5,1,50,8,2400,2,10,-1,1,-1
2015210026861,1,9,0,18,0,0,0,0,0,0,1,1,6,2,37,7,1870,2,11,-1,1,-1
2015210026861,2,9,0,18,0,0,0,0,0,0,1,1,6,2,41,7,1242,1,6,-1,3,-1
2015210026861,3,9,0,18,0,0,0,0,0,0,2,1,6,2,65,9,1618,1,-1,-1,2,-1
2015210026862,1,5,0,13,0,1,0,0,0,0,1,1,2,1,51,8,1050,1,4,-1,1,-1
2015210026862,2,9,0,9,0,1,0,0,0,0,3,1,6,1,26,6,1242,1,5,-1,1,-1
2015210026862,3,19,0,7,0,1,0,0,0,0,1,1,6,1,41,7,2198,2,-1,-1,1,-1
2015210026868,1,9,0,9,0,6,0,0,0,0,1,1,6,2,55,8,1248,1,5,-1,1,-1
2015210026868,2,9,0,17,0,8,0,0,0,0,1,1,6,1,31,6,1910,2,10,-1,1,-1
2015210026872,1,9,0,18,0,0,0,0,0,0,1,1,1,1,18,4,1242,1,2,-1,1,-1
2015210026872,2,9,0,3,0,0,0,0,0,0,2,1,6,1,77,11,1769,1,11,-1,3,-1
2015210026872,3,98,0,2,0,0,0,4,0,0,0,1,1,1,54,8,9200,2,12,-1,1,-1
2015210026874,1,9,0,18,0,4,0,0,0,0,2,1,6,2,-1,-1,-1,-1,-1,-1,-1,-1
2015210026874,2,4,0,18,0,8,0,0,0,0,4,1,1,1,20,4,398,1,17,-1,1,-1
2015210026876,1,9,0,18,0,0,0,0,0,0,2,1,6,2,66,10,-1,-1,-1,-1,3,-1
2015210026877,1,97,0,9,0,6,0,0,0,0,1,1,6,1,45,7,-1,-1,-1,-1,3,-1
2015210026877,2,9,0,18,0,8,0,0,0,0,1,1,6,2,40,7,1969,2,-1,-1,1,-1
2015210026882,1,9,0,13,0,0,0,0,0,0,3,1,6,3,-1,-1,-1,-1,-1,-1,-1,-1
2015210026882,2,9,0,18,0,0,0,0,0,0,3,1,6,1,22,5,2000,1,15,-1,1,-1
2015210026887,1,19,0,18,0,8,0,0,0,0,1,1,6,1,37,7,-1,-1,-1,-1,1,-1
2015210026887,2,9,0,18,0,6,0,0,0,0,1,1,6,2,38,7,998,1,5,-1,1,-1
2015210026891,1,19,0,1,0,1,0,0,0,0,2,1,2,1,24,5,2198,2,5,-1,1,-1
2015210026891,2,5,0,4,0,1,0,0,0,0,4,1,6,1,20,4,599,1,2,-1,3,-1
2015210026897,1,9,0,16,0,0,5,0,1,10,1,1,6,1,23,5,1364,1,6,-1,2,-1
2015210026898,1,9,0,18,0,1,0,0,0,0,1,1,3,2,18,4,1198,1,11,-1,1,-1
2015210026898,2,9,0,10,0,1,0,0,0,0,2,1,2,2,27,6,1686,2,5,-1,1,-1
2015210026902,1,90,0,9,0,6,0,0,0,0,3,1,1,1,50,8,-1,-1,-1,-1,3,-1
2015210026902,2,9,0,18,0,8,2,0,1,9,1,1,6,2,27,6,1248,1,6,-1,2,-1
2015210026903,1,9,0,5,0,1,0,0,0,0,4,1,5,1,50,8,1761,1,17,-1,1,-1
2015210026903,2,1,0,5,0,1,0,0,0,0,2,1,5,1,-1,-1,-1,-1,-1,-1,-1,-1
2015210026904,1,9,0,18,0,0,2,0,0,0,4,1,6,3,-1,-1,1685,2,1,-1,-1,-1
2015210026904,2,9,0,2,0,0,0,0,0,0,3,1,5,2,-1,-1,1386,1,6,-1,1,-1
2015210026905,1,9,0,18,0,2,0,0,0,0,1,1,6,1,35,6,1995,2,9,-1,1,-1
2015210026905,2,9,0,3,0,2,0,0,0,0,2,1,6,2,57,9,1896,2,9,-1,1,-1
2015210026905,3,9,0,3,0,2,0,0,0,0,2,1,6,1,20,4,1192,1,37,-1,1,-1
2015210026907,1,9,0,13,0,1,0,0,0,0,1,1,6,3,-1,-1,-1,-1,-1,-1,-1,-1
2015210026910,1,9,0,17,0,0,1,10,7,4,1,1,5,1,35,6,1368,1,6,-1,1,-1
2015210026912,1,5,0,18,0,8,0,0,0,0,4,1,2,1,37,7,599,1,16,-1,1,-1
2015210026912,2,9,0,18,0,8,0,0,0,0,3,1,6,1,92,11,1995,1,6,-1,1,-1
2015210026916,1,9,-1,18,0,-1,0,0,0,0,1,1,6,1,26,6,1596,1,10,-1,1,-1
2015210026916,2,9,-1,18,0,-1,0,0,0,0,1,1,2,2,72,10,1397,1,6,-1,1,-1
2015210026918,1,9,0,5,0,6,0,0,0,0,1,1,6,1,-1,-1,2179,2,4,-1,1,-1
2015210026918,2,9,0,16,0,8,0,0,0,0,4,1,6,1,33,6,1968,2,4,-1,1,-1
2015210026927,1,9,0,18,0,0,0,0,0,0,1,1,5,1,26,6,-1,-1,-1,-1,2,-1
2015210026930,1,9,0,18,0,4,0,0,0,0,1,1,6,2,54,8,1995,2,14,-1,1,-1
2015210026930,2,1,0,18,0,4,0,0,0,0,1,1,6,1,44,7,-1,-1,-1,-1,1,-1
2015210026932,1,9,0,9,0,2,0,0,1,7,1,1,6,1,25,5,1400,1,17,-1,1,-1
2015210026933,1,9,0,17,0,0,0,0,0,0,1,1,6,1,29,6,-1,-1,-1,-1,1,-1
2015210026933,2,9,0,17,0,0,0,0,0,0,1,1,6,1,17,4,1242,1,6,-1,1,-1
2015210026935,1,9,0,13,0,0,0,0,0,0,1,1,6,1,78,11,1968,2,7,-1,1,-1
2015210026935,2,9,4,18,0,0,0,0,0,0,2,1,6,1,65,9,2495,2,10,-1,3,-1
2015210026936,1,1,0,18,0,0,1,0,0,0,1,1,6,1,55,8,-1,-1,-1,-1,1,-1
2015210026936,2,17,4,13,0,0,0,0,0,0,4,1,1,1,35,6,-1,2,20,-1,3,-1
2015210026939,1,9,0,18,0,2,0,0,0,0,1,1,6,3,-1,-1,-1,-1,-1,-1,-1,-1
2015210026940,1,9,0,3,0,0,0,0,0,0,2,1,6,1,36,7,1686,2,8,-1,1,-1
2015210026940,2,3,0,16,0,0,0,0,0,0,2,1,6,1,22,5,125,1,5,-1,1,-1
2015210026940,3,21,0,3,0,0,0,0,0,0,0,1,6,1,36,7,7146,2,5,-1,1,-1
2015210026942,1,9,0,18,0,0,0,0,0,0,3,1,6,1,-1,-1,1685,2,-1,-1,1,-1
2015210026942,2,98,0,18,0,0,0,0,0,0,3,1,6,3,-1,-1,-1,-1,-1,-1,-1,-1
2015210026942,3,97,0,18,0,0,0,0,0,0,0,1,6,1,36,7,998,1,24,-1,1,-1
2015210026946,1,9,0,18,0,6,0,0,0,0,1,1,5,2,74,10,1240,1,8,-1,1,-1
2015210026946,2,9,0,18,0,8,0,0,0,0,4,1,5,2,29,6,1995,2,2,-1,1,-1
2015210026953,1,9,0,18,0,8,0,0,0,0,0,1,6,1,30,6,1794,1,15,-1,-1,-1
2015210026961,1,5,0,10,0,1,0,0,0,0,1,1,6,1,50,8,647,1,14,-1,3,-1
2015210026961,2,4,0,9,0,5,0,0,0,0,1,1,6,1,17,4,125,1,5,-1,1,-1
2015210026962,1,9,0,18,0,1,1,0,5,6,1,1,6,2,28,6,1086,1,9,-1,2,-1
2015210026966,1,9,0,18,0,8,0,0,0,0,4,1,6,3,-1,-1,2993,2,10,-1,-1,-1
2015210026966,2,9,0,9,0,8,0,0,0,0,3,1,6,2,38,7,2179,2,7,-1,1,-1
2015210026972,1,9,0,9,0,3,0,0,0,0,1,1,6,2,42,7,1299,1,14,-1,3,-1
2015210026972,2,3,0,9,0,3,0,0,0,0,2,1,6,1,21,5,124,1,2,-1,1,-1
2015210026975,1,9,0,18,0,4,0,0,0,0,2,1,6,3,-1,-1,1422,2,11,-1,-1,-1
2015210026975,2,9,0,18,0,8,0,0,0,0,1,1,6,2,28,6,1896,2,9,-1,1,-1
2015210026979,1,9,0,14,0,0,0,0,0,0,1,1,6,1,22,5,1149,1,7,-1,1,-1
2015210026988,1,9,0,16,0,0,0,0,5,6,1,1,6,2,43,7,1596,1,15,-1,1,-1
2015210026994,1,9,0,9,0,6,0,0,0,0,3,1,6,1,52,8,1598,2,3,-1,1,-1
2015210026994,2,9,0,18,0,8,0,0,0,0,1,1,6,2,22,5,1995,2,12,-1,1,-1
2015210026997,1,9,0,18,0,0,0,0,0,0,1,1,6,1,19,4,1398,1,-1,-1,1,-1
2015210026997,2,9,0,18,0,0,0,0,0,0,2,1,6,2,49,8,1598,1,13,-1,1,-1
2015210027003,1,9,0,18,0,4,0,0,0,0,1,1,6,1,32,6,1560,2,6,-1,1,-1
2015210027003,2,9,0,8,0,4,0,0,0,0,2,1,5,1,22,5,1386,1,2,-1,1,-1
2015210027010,1,9,0,18,0,0,0,0,0,0,4,1,6,1,44,7,1896,2,15,-1,1,-1
2015210027011,1,9,0,18,0,1,0,0,0,0,1,1,5,1,21,5,1368,1,6,-1,1,-1
2015210027011,2,9,0,4,0,1,0,0,0,0,2,1,5,2,27,6,1240,1,10,-1,1,-1
2015210027014,1,9,0,14,0,0,0,0,0,0,4,1,6,2,62,9,1598,1,10,-1,-1,-1
2015210027031,1,9,0,18,0,0,0,0,0,0,1,1,5,1,27,6,1995,2,4,-1,2,-1
2015210027031,2,9,0,18,0,0,0,0,0,0,2,1,5,1,51,8,-1,-1,-1,-1,1,-1
2015210027031,3,9,0,18,0,0,0,0,0,0,3,1,5,1,45,7,1995,2,6,-1,1,-1
2015210027031,4,19,0,18,0,0,0,0,0,0,2,1,5,1,41,7,-1,-1,-1,-1,1,-1
2015210027036,1,9,0,9,0,6,0,0,0,0,2,1,6,1,29,6,1968,2,4,-1,1,-1
2015210027036,2,5,0,18,0,8,1,0,0,0,3,1,2,1,44,7,999,1,6,-1,1,-1
2015210027037,1,21,0,9,0,5,0,0,0,0,2,1,1,1,50,8,-1,-1,-1,-1,1,-1
2015210027037,2,9,0,17,0,8,1,0,0,0,1,1,2,1,25,5,2969,1,26,-1,1,-1
2015210027044,1,9,0,9,0,0,0,0,0,0,1,1,6,2,52,8,1797,8,-1,-1,1,-1
2015210027044,2,9,0,18,0,0,0,0,0,0,1,1,6,1,31,6,-1,-1,-1,-1,1,-1
2015210027050,1,9,0,-1,-1,-1,0,0,0,0,-1,1,6,1,-1,-1,2099,2,8,-1,1,-1
2015210027050,2,3,0,-1,-1,-1,0,0,0,0,-1,1,6,2,35,6,-1,-1,-1,-1,1,-1
2015210027064,1,9,0,18,0,0,0,0,0,0,1,1,6,2,35,6,1968,2,7,-1,1,-1
2015210027064,2,19,0,4,0,0,0,0,0,0,2,1,2,1,52,8,-1,-1,-1,-1,1,-1
2015210027065,1,5,0,3,0,1,5,0,0,0,1,1,6,1,52,8,600,1,16,-1,1,-1
2015210027065,2,9,0,10,0,1,0,0,0,0,3,1,6,1,54,8,1995,2,1,-1,1,-1
2015210027067,1,9,0,18,0,1,0,0,0,0,1,1,6,2,68,10,1596,1,3,-1,1,-1
2015210027067,2,9,0,3,0,1,0,0,0,0,2,1,6,2,62,9,1598,1,10,-1,1,-1
2015210027074,1,9,0,18,0,0,0,0,0,0,1,1,6,1,43,7,1587,1,21,-1,1,-1
2015210027074,2,9,0,4,0,0,0,0,0,0,2,1,6,2,19,4,1242,1,1,-1,3,-1
2015210027075,1,9,0,3,0,0,0,0,0,0,2,1,1,2,30,6,1390,1,14,-1,2,-1
2015210027075,2,9,0,4,0,0,1,0,0,0,1,1,6,1,60,9,1388,1,4,-1,1,-1
2015210027079,1,9,0,7,0,2,0,0,0,0,1,1,5,2,49,8,2143,2,1,-1,1,-1
2015210027079,2,1,0,9,0,2,0,0,0,0,2,1,5,1,43,7,-1,-1,-1,-1,1,-1
2015210027081,1,9,-1,18,0,0,0,0,0,0,1,1,1,1,44,7,1686,2,6,-1,1,-1
2015210027081,2,9,-1,18,0,0,0,0,0,0,2,1,1,2,42,7,-1,-1,-1,-1,1,-1
2015210027081,3,9,-1,18,0,0,0,0,0,0,2,1,1,2,31,6,2179,2,12,-1,1,-1
2015210027089,1,9,0,18,0,0,0,0,0,0,1,1,6,1,25,5,1796,1,25,-1,1,-1
2015210027089,2,9,0,18,0,0,0,0,0,0,2,1,6,2,48,8,1206,1,1,-1,1,-1
2015210027089,3,9,0,18,0,0,0,0,0,0,2,1,6,1,63,9,2172,2,14,-1,1,-1
2015210027093,1,9,0,4,0,1,0,0,0,0,0,1,5,2,53,8,1461,2,1,-1,3,-1
2015210027093,2,97,0,4,0,1,1,0,0,0,0,1,5,1,16,4,49,1,11,-1,1,-1
2015210027095,1,19,0,11,0,0,0,0,0,0,2,1,1,1,32,6,1870,2,12,-1,1,-1
2015210027095,2,3,0,18,0,0,0,0,0,0,1,1,6,1,19,4,125,1,2,-1,2,-1
2015210027097,1,9,0,17,0,0,0,0,0,0,1,1,6,1,29,6,1968,2,-1,-1,1,-1
2015210027097,2,8,0,16,0,0,0,0,0,0,3,1,6,1,39,7,2664,2,13,-1,1,-1
2015210027098,1,9,0,18,0,0,0,0,0,0,1,1,6,2,33,6,1997,2,8,-1,2,-1
2015210027099,1,9,0,9,0,6,0,0,0,0,1,1,1,2,19,4,1246,1,10,-1,1,-1
2015210027099,2,9,0,18,0,1,0,0,0,0,3,1,6,2,44,7,1796,1,13,-1,1,-1
2015210027105,1,97,0,14,0,8,0,0,0,0,1,1,6,1,51,8,-1,-1,-1,-1,1,-1
2015210027105,2,9,0,5,0,6,0,0,0,0,4,1,6,1,49,8,1798,8,1,-1,1,-1
2015210027107,1,19,0,4,0,3,0,0,0,0,1,1,1,1,48,8,2800,2,10,-1,1,-1
2015210027107,2,19,0,9,0,3,0,0,0,0,2,1,1,1,32,6,2402,2,9,-1,1,-1
2015210027107,3,9,0,18,0,3,0,0,0,0,0,1,5,2,29,6,1598,1,3,-1,3,-1
2015210027108,1,9,0,18,0,6,0,0,0,0,4,1,6,1,42,7,1796,1,4,-1,3,-1
2015210027108,2,5,0,18,0,8,0,0,0,0,1,1,6,1,49,8,1050,1,5,-1,1,-1
2015210027109,1,9,0,16,0,1,0,0,0,0,1,1,6,2,23,5,1999,1,10,-1,1,-1
2015210027109,2,9,0,10,0,1,0,0,0,0,2,1,6,2,27,6,1753,2,7,-1,1,-1
2015210027110,1,9,0,1,0,0,0,0,0,0,4,1,6,1,57,9,1995,2,4,-1,1,-1
2015210027111,1,9,0,16,0,0,0,0,0,0,3,1,6,2,48,8,1584,1,48,-1,2,-1
2015210027111,2,9,0,11,0,0,0,0,0,0,4,1,6,2,-1,-1,1679,1,14,-1,1,-1
2015210027113,1,9,0,18,0,0,0,0,0,0,1,1,6,1,22,5,1396,1,18,-1,1,-1
2015210027113,2,9,0,18,0,0,0,0,0,0,2,1,6,1,43,7,1461,2,1,-1,1,-1
2015210027113,3,9,0,2,0,0,0,0,0,0,1,1,6,2,26,6,1197,1,1,-1,1,-1
2015210027113,4,9,0,2,0,0,0,0,0,0,2,1,6,2,71,10,1988,1,11,-1,1,-1
2015210027114,1,9,0,16,9,1,0,10,1,0,1,1,6,1,21,5,1248,2,10,-1,1,-1
2015210027114,2,1,0,16,9,1,0,0,0,0,3,1,6,1,14,3,-1,-1,-1,-1,1,-1
2015210027114,3,1,0,16,9,1,0,0,0,0,3,1,6,1,14,3,-1,-1,-1,-1,1,-1
2015210027115,1,9,0,18,0,0,0,0,0,0,1,1,6,1,72,10,-1,-1,-1,-1,1,-1
2015210027115,2,9,0,18,0,0,0,0,0,0,2,1,6,2,41,7,1390,1,5,-1,1,-1
2015210027115,3,9,0,18,0,0,0,0,0,0,2,1,6,1,26,6,1368,1,2,-1,1,-1
2015210027116,1,9,0,17,0,0,1,0,1,11,4,1,6,1,18,4,1242,1,14,-1,1,-1
2015210027117,1,9,3,9,0,6,0,0,0,0,4,1,6,1,64,9,1968,2,6,-1,1,-1
2015210027117,2,9,0,18,0,8,0,0,0,0,1,1,6,1,23,5,-1,-1,-1,-1,3,-1
2015210027134,1,11,0,4,0,0,1,0,0,0,0,1,1,1,43,7,6700,2,3,-1,1,-1
2015210027146,1,9,0,2,0,0,0,0,0,0,3,1,6,2,39,7,1968,2,1,-1,1,-1
2015210027146,2,9,0,4,0,0,0,0,0,0,4,1,6,1,68,10,1240,1,12,-1,1,-1
2015210027160,1,9,0,18,0,0,5,0,0,0,1,1,6,1,28,6,1896,2,6,-1,1,-1
2015210027160,2,9,0,2,0,0,0,0,0,0,2,1,6,2,-1,-1,1587,1,14,-1,1,-1
2015210027160,3,9,0,2,0,0,0,0,0,0,2,1,6,1,-1,-1,1870,2,12,-1,1,-1
2015210027164,1,9,0,18,0,0,0,0,0,0,4,1,1,2,23,5,1984,1,14,-1,1,-1
2015210027169,1,9,0,9,0,6,0,0,0,0,3,1,6,2,25,5,1590,1,12,-1,1,-1
2015210027169,2,9,0,18,0,8,0,0,0,0,1,1,6,1,72,10,2143,2,4,-1,1,-1
2015210027176,1,98,1,9,0,8,0,0,0,0,3,1,6,3,-1,-1,-1,-1,-1,-1,-1,-1
2015210027176,2,9,0,9,0,8,0,0,0,0,1,1,6,2,31,6,2261,1,12,-1,3,-1
2015210027177,1,9,-1,-1,-1,-1,-1,-1,-1,0,-1,1,6,1,28,6,1598,1,4,-1,1,-1
2015210027177,2,97,-1,-1,-1,-1,-1,-1,-1,0,-1,1,6,1,25,5,124,1,5,-1,1,-1
2015210027180,1,20,1,7,0,1,0,0,0,0,1,1,1,1,44,7,4500,2,-1,-1,1,-1
2015210027180,2,3,0,3,0,1,0,0,0,0,2,1,6,2,45,7,124,1,8,-1,1,-1
2015210027182,1,19,0,16,0,0,1,0,1,10,1,1,2,1,67,10,1868,2,9,-1,2,-1
2015210027183,1,9,0,9,0,5,0,0,0,0,4,1,6,1,67,10,1396,1,3,-1,3,-1
2015210027183,2,8,0,18,0,8,0,0,0,0,4,1,1,1,46,8,1910,2,9,-1,1,-1
2015210027192,1,9,0,18,0,5,0,0,0,0,1,1,1,1,49,8,1995,2,3,-1,1,-1
2015210027192,2,9,0,18,0,8,0,0,1,1,3,1,6,1,77,11,1396,1,9,-1,1,-1
2015210027193,1,9,0,17,0,0,2,10,1,11,1,1,6,1,20,4,-1,-1,-1,-1,1,-1
2015210027194,1,8,0,18,0,1,0,0,0,0,4,1,1,1,29,6,-1,-1,-1,-1,1,-1
2015210027196,1,9,0,18,0,1,0,0,0,0,1,1,6,1,-1,-1,-1,-1,-1,-1,2,-1
2015210027196,2,9,0,3,0,1,0,0,0,0,2,1,6,2,25,5,1364,1,1,-1,1,-1
2015210027197,1,9,0,18,0,6,0,0,0,0,3,1,6,1,75,10,1596,1,6,-1,1,-1
2015210027197,2,9,0,18,0,8,0,0,0,0,1,1,6,1,22,5,1988,1,14,-1,1,-1
2015210027200,1,9,0,18,0,4,0,0,0,0,1,1,6,1,47,8,1598,1,13,-1,1,-1
2015210027200,2,1,0,18,0,4,0,0,0,0,4,1,6,1,24,5,-1,-1,-1,-1,1,-1
2015210027206,1,9,0,9,0,6,0,0,0,0,3,1,6,1,26,6,1242,1,5,-1,1,-1
2015210027206,2,5,0,17,0,8,0,0,0,0,1,1,2,1,51,8,1050,1,4,-1,1,-1
2015210027217,1,5,0,13,0,8,0,0,0,0,1,1,6,1,21,5,600,1,8,-1,1,-1
2015210027217,2,9,0,18,0,6,5,0,0,0,3,1,6,2,57,9,973,1,15,-1,1,-1
2015210027217,3,98,0,18,0,1,0,0,0,0,0,1,1,1,56,9,-1,-1,-1,-1,1,-1
2015210027232,1,9,0,18,0,8,0,0,0,0,1,1,6,1,21,5,1242,1,16,-1,1,-1
2015210027232,2,9,0,9,0,5,0,0,0,0,4,1,1,2,37,7,1596,1,11,-1,1,-1
2015210027232,3,9,0,18,0,1,0,0,0,0,4,1,6,2,29,6,1968,2,1,-1,1,-1
2015210027255,1,9,0,9,0,5,0,0,0,0,4,1,6,2,26,6,1364,1,6,-1,1,-1
2015210027255,2,4,0,18,0,8,0,0,0,0,1,1,5,1,28,6,400,1,25,-1,1,-1
2015210027257,1,5,0,13,0,0,0,0,0,0,1,1,5,1,44,7,999,1,-1,-1,2,-1
2015210027257,2,5,0,18,0,0,0,0,0,0,1,1,5,1,48,8,996,1,15,-1,1,-1
2015210027257,3,9,0,18,0,0,0,0,0,0,1,1,5,1,58,9,1339,1,1,-1,3,-1
2015210027258,1,9,0,14,0,0,0,0,0,0,1,1,6,2,23,5,-1,-1,-1,-1,1,-1
2015210027258,2,9,0,18,0,0,0,0,0,0,1,1,6,1,21,5,1781,1,13,-1,1,-1
2015210027260,1,9,0,18,0,6,0,0,0,0,1,1,6,1,19,4,1390,1,13,-1,1,-1
2015210027260,2,9,0,18,0,8,0,0,0,0,4,1,1,1,64,9,1997,2,6,-1,1,-1
2015210027261,1,9,0,18,0,0,0,0,0,0,1,1,6,3,-1,-1,-1,-1,-1,-1,-1,-1
2015210027262,1,9,0,9,0,2,0,0,0,0,1,1,6,1,18,4,1398,1,1,-1,1,-1
2015210027262,2,9,0,18,0,8,0,0,0,0,1,1,6,1,24,5,1598,1,14,-1,3,-1
2015210027265,1,9,0,18,0,0,0,0,0,0,1,1,6,1,-1,-1,1598,1,10,-1,1,-1
2015210027265,2,9,0,18,0,0,0,0,0,0,2,1,6,1,43,7,1951,2,11,-1,3,-1
2015210027266,1,9,0,12,0,8,0,0,0,0,3,1,6,3,-1,-1,-1,-1,-1,-1,-1,-1
2015210027266,2,5,0,7,0,3,0,0,0,0,4,1,1,1,58,9,600,1,17,-1,1,-1
2015210027278,1,9,0,9,0,5,0,0,0,0,1,1,6,2,71,10,1989,1,15,-1,2,-1
2015210027278,2,1,0,18,4,8,0,0,0,0,1,1,6,1,45,7,-1,-1,-1,-1,1,-1
2015210027278,3,9,0,4,0,1,0,0,0,0,3,1,6,1,32,6,1598,1,9,-1,1,-1
2015210027281,1,9,0,18,0,0,0,0,0,0,1,1,6,1,27,6,973,1,15,-1,1,-1
2015210027294,1,9,0,13,0,0,0,0,0,0,1,1,1,1,46,8,1753,2,9,-1,1,-1
2015210027294,2,1,0,18,0,0,0,0,0,0,2,1,6,1,48,8,-1,-1,-1,-1,1,-1