Accident_Index,Vehicle_Reference,Vehicle_Type,Towing_and_Articulation,Vehicle_Manoeuvre,Vehicle_Location-Restricted_Lane,Junction_Location,Skidding_and_Overturning,Hit_Object_in_Carriageway,Vehicle_Leaving_Carriageway,Hit_Object_off_Carriageway,1st_Point_of_Impact,Was_Vehicle_Left_Hand_Drive?,Journey_Purpose_of_Driver,Sex_of_Driver,Age_of_Driver,Age_Band_of_Driver,Engine_Capacity_(CC),Propulsion_Code,Age_of_Vehicle,Driver_IMD_Decile,Driver_Home_Area_Type,Vehicle_IMD_Decile
2015210027296,1,9,0,17,0,1,0,0,2,4,1,1,6,1,27,6,1998,1,7,-1,1,-1
2015210027302,1,5,0,18,0,1,0,0,0,0,1,1,6,1,47,8,1050,1,7,-1,1,-1
2015210027302,2,9,0,4,0,1,0,0,0,0,2,1,6,2,21,5,1242,1,1,-1,1,-1
2015210027304,1,9,0,18,0,0,0,0,0,0,1,1,6,1,19,4,1598,1,5,-1,1,-1
2015210027304,2,9,0,3,0,0,0,0,0,0,2,1,6,2,57,9,1200,1,-1,-1,1,-1
2015210027304,3,9,0,3,0,0,0,0,0,0,2,1,6,1,64,9,1968,2,1,-1,1,-1
2015210027305,1,9,0,18,0,2,0,0,0,0,1,1,1,2,22,5,1242,1,10,-1,1,-1
2015210027310,1,9,0,18,0,0,0,0,0,0,1,1,6,1,29,6,1364,1,-1,-1,1,-1
2015210027310,2,9,0,18,0,0,0,0,0,0,2,1,1,1,42,7,1149,1,14,-1,-1,-1
2015210027316,1,9,0,13,0,0,0,0,0,0,1,1,5,1,31,6,1968,2,7,-1,1,-1
2015210027316,2,9,0,18,0,0,0,0,0,0,1,1,5,1,80,11,998,1,2,-1,1,-1
2015210027317,1,9,0,18,0,0,0,0,1,7,1,1,6,1,18,4,998,1,8,-1,1,-1
2015210027317,2,9,0,18,0,0,0,0,0,0,1,1,6,1,18,4,1149,1,14,-1,1,-1
2015210027317,3,2,0,18,0,0,0,0,0,0,0,1,6,1,17,4,49,1,3,-1,3,-1
2015210027322,1,9,0,18,0,2,0,0,0,0,1,1,6,1,37,7,1995,2,12,-1,1,-1
2015210027322,2,1,0,18,0,6,0,0,0,0,3,1,6,1,39,7,-1,-1,-1,-1,1,-1
2015210027323,1,98,0,12,0,0,0,0,0,0,1,2,6,1,42,7,-1,-1,-1,-1,-1,-1
2015210027323,2,9,0,18,0,0,0,0,0,0,1,1,6,2,33,6,1995,2,13,-1,1,-1
2015210027331,1,9,0,9,0,6,0,0,0,0,1,1,1,2,39,7,1800,1,10,-1,1,-1
2015210027331,2,9,0,18,0,6,0,0,0,0,1,1,6,1,34,6,1796,1,9,-1,1,-1
2015210027332,1,8,0,5,0,0,0,0,0,0,1,1,6,1,47,8,1910,2,5,-1,1,-1
2015210027358,1,9,0,14,0,1,0,0,0,0,1,1,6,1,45,7,1956,2,5,-1,1,-1
2015210027358,2,9,0,9,0,6,0,0,0,0,1,1,1,2,23,5,1600,1,4,-1,1,-1
2015210027358,3,19,0,2,9,1,0,0,0,0,0,1,6,1,-1,-1,-1,-1,-1,-1,1,-1
2015210027360,1,9,0,18,0,8,0,0,0,0,3,1,6,1,23,5,1389,1,17,-1,1,-1
2015210027360,2,1,0,18,0,6,0,0,0,0,1,1,6,1,14,3,-1,-1,-1,-1,1,-1
2015210027365,1,5,0,16,0,1,1,0,0,0,1,1,6,1,22,5,645,1,5,-1,1,-1
2015210027365,2,9,0,17,0,1,0,0,0,0,1,1,6,2,29,6,1598,1,7,-1,1,-1
2015210027372,1,9,-1,-1,-1,0,-1,-1,-1,0,-1,1,6,2,23,5,1896,2,10,-1,1,-1
2015210027372,2,9,-1,-1,-1,0,-1,-1,-1,0,-1,1,6,3,-1,-1,1390,1,10,-1,-1,-1
2015210027387,1,19,0,18,0,8,0,0,0,0,2,1,1,1,28,6,2143,2,2,-1,1,-1
2015210027387,2,9,0,18,0,8,0,0,0,0,1,1,6,1,77,11,1198,1,8,-1,1,-1
2015210027391,1,9,0,18,0,2,0,0,1,3,1,1,6,1,31,6,1762,1,18,-1,1,-1
2015210027392,1,9,0,7,0,1,0,0,0,0,1,1,6,1,24,5,1229,1,2,-1,3,-1
2015210027392,2,9,0,7,0,1,0,0,0,0,2,1,6,1,55,8,1248,1,3,-1,1,-1
2015210027395,1,9,-1,18,0,0,0,0,0,0,1,1,6,1,29,6,2254,1,15,-1,1,-1
2015210027395,2,9,0,3,0,0,0,0,0,0,2,1,6,2,33,6,1910,2,11,-1,1,-1
2015210027395,3,9,0,3,0,0,0,0,0,0,2,1,6,1,47,8,1956,2,2,-1,1,-1
2015210027400,1,9,0,18,0,0,0,0,0,0,4,1,6,1,72,10,1997,1,11,-1,1,-1
2015210027402,1,9,0,5,0,6,0,0,0,0,1,1,5,2,84,11,1199,1,13,-1,1,-1
2015210027402,2,9,0,18,0,8,0,0,0,0,1,1,5,1,24,5,-1,-1,-1,-1,1,-1
2015210027403,1,9,0,18,0,1,0,0,0,0,1,1,6,1,28,6,1995,2,9,-1,3,-1
2015210027403,2,9,0,4,0,2,0,0,0,0,1,1,6,1,54,8,1582,2,5,-1,3,-1
2015210027408,1,9,0,18,0,0,0,0,0,0,1,1,6,3,-1,-1,796,1,14,-1,-1,-1
2015210027408,2,9,0,18,0,0,0,0,0,0,1,1,6,1,72,10,1360,1,8,-1,1,-1
2015210027408,3,9,0,18,0,0,0,0,0,0,1,1,6,1,32,6,1595,1,11,-1,1,-1
2015210027410,1,9,0,18,0,0,0,0,0,0,1,1,6,1,46,8,1840,1,13,-1,1,-1
2015210027410,2,9,0,4,0,0,0,0,0,0,2,1,1,1,35,6,1248,2,3,-1,1,-1
2015210027414,1,9,0,18,0,0,0,0,0,0,1,1,1,2,19,4,1328,1,10,-1,1,-1
2015210027414,2,9,0,17,0,0,0,0,0,0,1,1,6,1,57,9,-1,-1,-1,-1,1,-1
2015210027418,1,9,0,18,0,0,0,0,0,0,1,1,6,1,59,9,1341,1,13,-1,1,-1
2015210027418,2,9,0,18,0,0,0,0,0,0,2,1,6,2,52,8,1598,1,13,-1,1,-1
2015210027440,1,11,0,-1,-1,0,-1,-1,-1,0,-1,1,1,1,66,10,7300,2,7,-1,1,-1
2015210027446,1,9,0,18,0,0,0,0,0,0,1,1,5,1,24,5,1497,1,12,-1,1,-1
2015210027446,2,9,0,18,0,0,0,0,0,0,0,1,5,1,36,7,1910,2,10,-1,1,-1
2015210027458,1,9,0,13,0,0,0,0,0,0,0,1,6,3,-1,-1,-1,-1,-1,-1,-1,-1
2015210027458,2,9,0,4,0,0,0,0,0,0,2,1,1,1,44,7,1599,1,10,-1,2,-1
2015210027458,3,19,0,17,0,0,0,0,0,0,1,1,1,1,45,7,2198,2,5,-1,1,-1
2015210027488,1,9,0,3,0,1,0,0,0,0,1,1,6,2,-1,-1,1200,1,1,-1,1,-1
2015210027488,2,9,0,18,0,1,0,0,0,0,2,1,6,3,-1,-1,-1,-1,-1,-1,-1,-1
2015210027496,1,2,0,7,0,1,0,0,0,0,2,1,6,1,19,4,124,1,5,-1,1,-1
2015210027496,2,2,0,7,0,1,0,0,0,0,1,1,6,1,18,4,49,1,3,-1,1,-1
2015210027501,1,9,0,18,0,0,0,0,0,0,1,1,6,1,29,6,1968,2,4,-1,1,-1
2015210027501,2,9,0,4,0,0,0,0,0,0,2,1,6,2,36,7,1242,1,11,-1,1,-1
2015210027510,1,9,0,18,0,0,0,0,1,10,1,1,1,1,41,7,1584,1,8,-1,1,-1
2015210027511,1,21,1,10,0,1,0,0,0,0,1,1,6,1,44,7,-1,-1,-1,-1,1,-1
2015210027513,1,21,1,4,0,0,0,0,0,0,2,1,6,1,46,8,11705,2,6,-1,1,-1
2015210027513,2,9,0,4,0,0,0,0,0,0,2,1,6,1,36,7,-1,-1,-1,-1,1,-1
2015210027513,3,98,0,4,0,0,0,0,0,0,2,1,6,1,28,6,-1,-1,-1,-1,-1,-1
2015210027513,4,9,0,4,0,0,0,0,0,0,2,1,6,1,46,8,1600,2,5,-1,1,-1
2015210027513,5,21,1,18,0,0,0,0,0,0,1,1,6,1,63,9,11705,2,3,-1,1,-1
2015210027526,1,9,0,18,0,0,0,0,0,0,-1,1,6,2,26,6,1149,1,9,-1,1,-1
2015210027534,1,8,0,5,0,0,0,0,0,0,4,1,1,1,35,6,1998,2,5,-1,1,-1
2015210027553,1,98,1,11,0,0,0,0,0,0,4,1,6,1,27,6,11705,2,8,-1,-1,-1
2015210027553,2,9,0,18,0,0,0,0,1,0,3,1,6,2,27,6,1598,2,-1,-1,1,-1
2015210027555,1,97,0,18,0,1,0,0,0,0,4,1,6,1,20,4,-1,-1,-1,-1,1,-1
2015210027555,2,9,0,10,0,2,0,0,0,0,1,1,1,1,39,7,1997,2,7,-1,1,-1
2015210027560,1,9,0,18,0,0,0,0,0,0,1,1,6,1,32,6,1910,2,7,-1,1,-1
2015210027560,2,9,0,18,0,0,0,0,0,0,2,1,6,2,63,9,1997,2,1,-1,1,-1
2015210027562,1,21,1,11,0,0,0,0,0,0,1,1,1,1,54,8,12900,2,4,-1,1,-1
2015210027562,2,9,0,18,0,0,0,0,0,0,2,1,2,1,30,6,-1,-1,-1,-1,1,-1
2015210027562,3,9,0,18,0,0,1,0,0,0,2,1,6,1,27,6,2497,2,13,-1,1,-1
2015210027564,1,9,0,5,0,0,0,0,0,0,2,1,6,2,22,5,1598,2,4,-1,1,-1
2015210027566,1,9,0,5,0,6,0,0,0,0,3,1,6,2,52,8,2495,2,11,-1,3,-1
2015210027566,2,5,0,18,0,8,0,0,0,0,1,1,6,1,26,6,800,1,2,-1,1,-1
2015210027567,1,5,0,13,0,8,0,0,0,0,1,1,6,1,44,7,999,1,6,-1,1,-1
2015210027567,2,9,0,6,0,6,0,0,0,0,2,1,6,1,29,6,-1,-1,-1,-1,1,-1
2015210027570,1,9,0,18,0,6,0,0,0,0,1,1,5,1,22,5,998,1,10,-1,3,-1
2015210027570,2,9,0,9,0,5,0,0,0,0,1,1,5,1,21,5,1995,2,4,-1,3,-1
2015210027573,1,9,0,18,0,1,0,0,0,0,1,1,6,2,74,10,1896,2,7,-1,3,-1
2015210027576,1,9,0,18,0,1,0,0,0,0,1,1,6,1,18,4,1149,1,8,-1,1,-1
2015210027578,1,98,0,9,0,6,0,0,0,0,1,1,1,2,48,8,1560,2,1,-1,3,-1
2015210027578,2,9,0,16,0,8,0,0,1,10,1,1,6,1,21,5,1781,1,15,-1,1,-1
2015210027581,1,4,0,14,0,8,0,10,0,0,1,1,6,1,70,10,408,1,39,-1,1,-1
2015210027581,2,9,0,10,0,1,0,0,0,0,3,1,6,2,58,9,1997,2,4,-1,3,-1
2015210027588,1,19,0,18,0,1,0,0,0,0,1,1,1,1,54,8,-1,-1,-1,-1,1,-1
2015210027588,2,9,0,10,0,1,0,0,0,0,1,1,1,1,49,8,1798,1,11,-1,1,-1
2015210027590,1,9,0,13,0,8,0,10,7,10,1,1,6,1,37,7,-1,-1,-1,-1,1,-1
2015210027590,2,9,0,2,9,2,0,0,0,0,0,1,6,3,-1,-1,-1,-1,-1,-1,-1,-1
2015210027590,3,9,0,2,9,2,0,0,0,0,0,1,6,3,-1,-1,-1,-1,-1,-1,-1,-1
2015210027594,1,9,0,1,0,0,0,0,0,0,2,1,5,2,41,7,1896,2,12,-1,1,-1
2015210027594,2,9,0,2,0,0,0,0,0,0,1,1,5,2,54,8,1498,1,1,-1,1,-1
2015210027595,1,9,-1,-1,-1,-1,-1,-1,-1,0,-1,1,6,3,-1,-1,-1,-1,-1,-1,-1,-1
2015210027600,1,9,0,6,0,0,0,0,0,0,3,1,6,1,42,7,1753,2,14,-1,1,-1
2015210027600,2,9,0,18,0,0,0,0,0,0,1,1,6,1,42,7,2204,2,7,-1,1,-1
2015210027613,1,9,0,18,0,0,0,0,0,0,1,1,6,1,36,7,1796,1,15,-1,1,-1
2015210027613,2,19,0,18,0,0,0,0,0,0,1,1,6,1,35,6,-1,-1,-1,-1,1,-1
2015210027624,1,9,0,18,0,6,0,0,0,0,1,1,6,2,26,6,1360,1,11,-1,1,-1
2015210027624,2,9,0,18,0,8,0,0,0,0,4,1,2,2,25,5,1368,1,5,-1,2,-1
2015210027633,1,19,0,1,0,1,0,0,0,0,2,1,5,1,54,8,2464,2,6,-1,1,-1
2015210027646,1,-1,0,14,0,0,0,0,0,0,4,1,6,3,-1,-1,-1,-1,-1,-1,-1,-1
2015210027659,1,9,0,18,0,2,0,0,0,0,1,1,6,1,35,6,1956,2,4,-1,1,-1
2015210027659,2,9,0,18,0,2,0,0,0,0,2,1,6,2,29,6,1896,2,11,-1,1,-1
2015210027675,1,9,0,1,0,0,0,0,0,0,3,1,6,1,31,6,1587,1,9,-1,1,-1
2015210027676,1,9,0,17,0,0,0,0,0,0,1,1,6,1,18,4,1199,2,3,-1,1,-1
2015210027676,2,9,0,16,0,0,0,0,0,0,1,1,6,2,24,5,998,1,16,-1,1,-1
2015210027686,1,9,0,18,0,1,0,0,0,0,0,1,1,1,60,9,1968,2,5,-1,-1,-1
2015210027686,2,1,0,18,5,1,0,0,0,0,4,1,6,1,15,3,-1,-1,-1,-1,-1,-1
2015210027708,1,9,-1,-1,-1,0,-1,-1,-1,0,-1,1,6,2,35,6,998,1,1,-1,1,-1
2015210027708,2,9,-1,-1,-1,0,-1,-1,-1,0,-1,1,6,1,30,6,1998,2,7,-1,1,-1
2015210027709,1,1,0,16,0,0,0,0,0,0,0,1,6,1,36,7,-1,-1,-1,-1,1,-1
2015210027709,2,20,0,13,0,0,0,10,0,0,1,1,1,1,42,7,11946,2,11,-1,1,-1
2015210027710,1,9,0,18,0,0,5,0,1,4,1,1,6,1,24,5,1398,2,8,-1,1,-1
2015210027713,1,9,0,18,0,0,5,0,7,0,3,1,6,1,27,6,1796,1,11,-1,1,-1
2015210027715,1,9,0,1,0,0,0,0,0,0,2,1,6,2,29,6,1591,1,6,-1,1,-1
2015210027716,1,9,0,18,0,0,0,0,0,0,4,1,6,1,18,4,2495,2,13,-1,3,-1
2015210027721,1,21,1,12,0,0,0,0,0,0,1,2,1,1,57,9,-1,-1,-1,-1,-1,-1
2015210027721,2,9,0,18,0,0,0,0,0,0,2,1,6,1,49,8,2993,2,1,-1,3,-1
2015210027734,1,8,0,18,0,1,0,0,0,0,1,1,5,1,40,7,-1,-1,-1,-1,-1,-1
2015210027734,2,1,0,9,0,6,0,0,0,0,1,1,5,1,19,4,-1,-1,-1,-1,1,-1
2015210027736,1,8,0,17,0,0,0,0,0,0,1,1,1,1,-1,-1,1598,2,4,-1,1,-1
2015210027767,1,9,-1,-1,-1,0,-1,-1,-1,0,-1,1,6,1,30,6,1998,1,13,-1,1,-1
2015210027780,1,9,0,18,0,1,0,0,0,0,3,1,6,1,20,4,-1,-1,-1,-1,1,-1
2015210027780,2,1,0,18,0,1,0,0,0,0,1,1,6,1,7,2,-1,-1,-1,-1,1,-1
2015210027781,1,9,0,18,0,8,0,0,0,0,1,1,6,1,23,5,1995,2,2,-1,1,-1
2015210027781,2,9,0,5,0,6,0,0,0,0,1,1,6,1,18,4,1390,1,11,-1,3,-1
2015210027782,1,9,0,4,0,1,0,0,0,0,1,1,5,2,57,9,2495,2,12,-1,2,-1
2015210027782,2,9,0,4,0,1,0,0,0,0,1,1,5,2,41,7,996,1,3,-1,1,-1
2015210027782,3,9,0,4,0,1,0,0,0,0,2,1,5,1,33,6,1560,2,5,-1,1,-1
2015210027784,1,9,0,18,0,8,0,0,0,0,0,1,6,3,-1,-1,-1,-1,-1,-1,-1,-1
2015210027784,2,9,0,4,0,1,0,0,0,0,2,1,6,1,-1,-1,1796,1,12,-1,1,-1
2015210027784,3,9,0,18,0,1,0,0,0,0,1,1,1,1,35,6,1900,2,16,-1,2,-1
2015210027788,1,9,0,18,0,0,0,0,0,0,4,1,2,1,60,9,1587,1,12,-1,1,-1
2015210027788,2,1,0,18,0,0,0,0,0,0,1,1,6,1,13,3,-1,-1,-1,-1,1,-1
2015210027788,3,1,0,18,0,0,0,0,0,0,1,1,6,1,13,3,-1,-1,-1,-1,1,-1
2015210027791,1,9,0,11,0,3,0,0,0,0,3,1,6,2,-1,-1,1968,2,1,-1,1,-1
2015210027791,2,9,0,9,0,8,0,0,0,0,0,1,6,1,21,5,1596,1,13,-1,1,-1
2015210027803,1,9,0,7,0,5,0,0,0,0,1,1,5,1,18,4,1124,1,11,-1,1,-1
2015210027803,2,9,0,18,0,1,0,0,0,0,3,1,5,2,27,6,1149,1,15,-1,2,-1
2015210027803,3,9,0,2,0,2,0,0,0,0,2,1,6,1,28,6,1995,2,1,-1,1,-1
2015210027803,4,9,0,2,0,2,0,0,0,0,2,1,6,2,24,5,1598,2,1,-1,1,-1
2015210027810,1,21,1,12,0,0,0,0,0,0,3,1,6,1,47,8,-1,-1,-1,-1,-1,-1
2015210027810,2,9,0,18,0,0,0,0,0,0,4,1,6,1,44,7,1991,1,1,-1,1,-1
2015210027814,1,9,0,18,0,8,0,0,0,0,1,1,6,1,25,5,1560,2,6,-1,2,-1
2015210027814,2,9,0,9,0,5,0,0,0,0,1,1,6,1,46,8,1968,2,2,-1,1,-1
2015210027815,1,9,-1,-1,-1,0,-1,-1,-1,0,-1,1,6,1,52,8,1796,1,7,-1,1,-1
2015210027815,2,9,-1,-1,-1,0,-1,-1,-1,0,-1,1,2,1,34,6,1896,2,9,-1,1,-1
2015210027815,3,9,-1,-1,-1,0,-1,-1,-1,0,-1,1,6,1,27,6,1995,2,8,-1,1,-1
2015210027817,1,98,0,12,0,0,0,0,0,0,1,1,6,1,45,7,-1,-1,-1,-1,-1,-1
2015210027817,2,9,0,17,0,0,0,0,1,7,1,1,6,1,35,6,-1,-1,-1,-1,2,-1
2015210027827,1,8,0,5,0,1,0,0,0,0,3,1,1,1,31,6,1910,2,7,-1,1,-1
2015210027830,1,11,0,10,0,8,0,0,0,0,1,1,1,1,39,7,3900,2,12,-1,1,-1
2015210027830,2,9,0,18,0,8,0,0,0,0,4,1,6,2,30,6,1781,1,16,-1,1,-1
2015210027833,1,9,0,18,0,0,0,0,0,0,1,1,6,1,64,9,2148,2,6,-1,1,-1
2015210027833,2,9,0,18,0,0,0,0,0,0,2,1,6,1,51,8,1497,1,11,-1,1,-1
2015210027833,3,9,0,4,0,0,0,0,0,0,1,1,6,1,61,9,-1,-1,-1,-1,1,-1
2015210027833,4,9,0,18,0,0,0,0,0,0,1,1,6,1,55,8,-1,-1,-1,-1,3,-1
2015210027833,5,21,1,18,0,0,0,0,0,0,3,1,6,1,67,10,11967,2,5,-1,1,-1
2015210027841,1,9,0,18,0,2,0,0,0,0,4,1,6,2,21,5,1248,1,3,-1,1,-1
2015210027844,1,9,0,18,0,1,5,0,0,0,1,1,6,1,25,5,998,1,1,-1,1,-1
2015210027844,2,9,0,2,0,1,0,0,0,0,3,1,6,3,-1,-1,1995,2,-1,-1,-1,-1
2015210027845,1,9,0,18,0,4,0,0,0,0,1,1,6,2,48,8,-1,-1,-1,-1,1,-1
2015210027845,2,9,0,18,0,4,0,0,0,0,2,1,6,1,-1,-1,1598,1,12,-1,1,-1
2015210027846,1,9,0,5,0,6,0,0,0,0,1,1,6,2,75,10,1388,1,8,-1,2,-1
2015210027846,2,98,1,18,0,8,0,0,0,0,1,1,1,1,42,7,4500,2,8,-1,1,-1
2015210027849,1,9,0,18,0,0,0,0,0,0,0,1,5,2,22,5,1242,1,13,-1,1,-1
2015210027851,1,9,0,18,0,0,0,0,0,0,1,1,6,2,37,7,1398,2,4,-1,2,-1
2015210027851,2,9,0,18,0,0,0,0,0,0,1,1,6,2,51,8,1242,1,11,-1,1,-1
2015210027852,1,9,-1,-1,-1,0,-1,-1,-1,0,-1,1,6,2,31,6,1242,1,11,-1,1,-1
2015210027852,2,-1,-1,-1,-1,0,-1,-1,-1,0,-1,1,6,3,-1,-1,-1,-1,-1,-1,-1,-1
2015210027853,1,1,0,18,0,0,0,0,0,0,0,1,6,1,46,8,-1,-1,-1,-1,1,-1
2015210027855,1,9,0,1,0,0,0,0,0,0,2,1,6,1,24,5,3175,1,11,-1,1,-1
2015210027857,1,9,0,5,0,0,0,0,0,0,1,1,6,1,66,10,1998,1,20,-1,1,-1
2015210027857,2,9,0,5,0,0,0,0,0,0,1,1,6,2,51,8,1242,1,11,-1,1,-1
2015210027857,3,9,0,2,0,0,0,0,0,0,1,1,1,1,-1,-1,1198,1,2,-1,1,-1
2015210027858,1,9,0,18,0,1,0,0,3,0,2,1,6,1,26,6,2179,2,8,-1,3,-1
2015210027858,2,9,0,3,0,4,0,0,3,0,1,1,6,1,67,10,1329,1,3,-1,1,-1
2015210027861,1,9,0,18,0,1,0,0,0,0,1,1,6,3,-1,-1,-1,-1,-1,-1,-1,-1
2015210027866,1,9,0,9,0,6,0,0,0,0,1,1,6,1,83,11,1398,1,4,-1,1,-1
2015210027866,2,9,0,17,0,8,0,0,0,0,4,1,6,2,25,5,998,1,2,-1,1,-1
2015210027867,1,9,0,18,0,4,0,0,0,0,1,1,1,1,-1,-1,1753,2,5,-1,1,-1
2015210027867,2,1,0,18,0,8,0,0,0,0,4,1,1,1,35,6,-1,-1,-1,-1,1,-1
2015210027871,1,11,0,5,0,8,0,0,0,0,1,1,1,1,60,9,5900,2,13,-1,1,-1
2015210027876,1,9,0,18,0,0,5,0,7,10,1,1,6,1,73,10,1595,2,5,-1,1,-1
2015210027898,1,8,0,9,0,2,0,0,0,0,0,1,1,1,58,9,1956,2,2,-1,1,-1
2015210027909,1,9,0,18,0,8,0,0,0,0,1,1,5,2,56,9,-1,-1,-1,-1,3,-1
2015210027909,2,21,0,18,0,3,0,0,0,0,4,1,1,1,46,8,-1,-1,-1,-1,2,-1
2015210027910,1,21,4,11,0,0,1,0,0,0,1,1,1,1,46,8,12419,2,2,-1,1,-1
2015210027910,2,9,0,17,0,0,5,0,4,6,2,1,1,2,43,7,1149,1,9,-1,1,-1
2015210027928,1,9,0,18,0,1,0,0,0,0,4,1,6,1,78,11,-1,-1,-1,-1,1,-1
2015210027931,1,9,-1,-1,-1,2,-1,-1,-1,0,-1,1,6,2,50,8,1242,1,13,-1,-1,-1
2015210027936,1,9,0,9,0,8,0,0,0,0,3,1,6,2,21,5,1197,1,2,-1,1,-1
2015210027936,2,9,0,18,0,8,0,0,0,0,4,1,6,1,27,6,1968,2,10,-1,1,-1
2015210027944,1,3,0,18,0,0,0,0,1,10,4,1,6,1,19,4,124,1,1,-1,1,-1
2015210027944,2,98,0,2,6,0,0,0,0,0,2,1,5,1,-1,-1,1995,2,5,-1,-1,-1
2015210028012,1,21,1,18,0,0,0,0,0,0,1,1,1,1,44,7,6370,2,3,-1,1,-1
2015210028012,2,1,0,18,9,0,0,0,0,0,2,1,6,2,8,2,-1,-1,-1,-1,1,-1
2015210028017,1,9,0,18,0,1,0,0,0,0,1,1,6,3,-1,-1,-1,-1,-1,-1,-1,-1
2015210028017,2,9,0,11,0,1,0,0,0,0,3,1,6,1,22,5,1229,1,-1,-1,3,-1
2015210028017,3,8,0,18,0,1,0,0,0,0,2,1,6,1,-1,-1,-1,-1,-1,-1,1,-1
2015210028018,1,9,0,7,0,1,0,0,0,0,1,1,6,1,44,7,1796,1,1,-1,3,-1
2015210028018,2,3,0,3,0,1,0,0,0,0,2,1,6,1,64,9,-1,-1,-1,-1,1,-1
2015210028019,1,9,0,18,0,1,0,0,0,0,1,1,6,2,70,10,1968,2,1,-1,1,-1
2015210028019,2,1,0,18,0,1,0,0,0,0,1,1,6,1,15,3,-1,-1,-1,-1,1,-1
2015210028022,1,9,0,4,0,1,0,0,0,0,1,1,6,2,24,5,1493,2,7,-1,1,-1
2015210028022,2,9,0,4,0,1,0,0,0,0,2,1,6,2,33,6,1598,1,3,-1,-1,-1
2015210028022,3,9,0,4,0,1,0,0,0,0,2,1,6,1,38,7,1910,2,7,-1,1,-1
2015210028023,1,9,0,18,0,0,5,0,0,0,1,1,6,2,22,5,1586,1,6,-1,3,-1
2015210028023,2,9,0,4,0,0,0,0,0,0,2,1,6,2,34,6,1399,2,7,-1,1,-1
2015210028035,1,9,0,17,0,0,0,0,0,0,1,1,6,2,26,6,998,1,1,-1,1,-1
2015210028035,2,9,0,16,0,0,0,0,0,0,1,1,6,1,45,7,-1,-1,-1,-1,3,-1
2015210028047,1,9,0,9,0,6,0,0,0,0,1,1,1,1,34,6,-1,-1,-1,-1,1,-1
2015210028047,2,9,0,18,0,8,0,0,0,0,1,1,1,1,22,5,1248,2,8,-1,3,-1
2015210028050,1,19,0,5,0,6,0,0,0,0,3,1,6,1,26,6,2198,2,6,-1,2,-1
2015210028050,2,9,0,18,0,8,0,0,0,0,1,1,6,1,21,5,1124,1,14,-1,2,-1
2015210028051,1,9,0,5,0,1,0,0,0,0,1,1,6,1,47,8,1956,2,2,-1,1,-1
2015210028051,2,19,0,4,0,4,0,0,0,0,2,1,6,1,25,5,2198,2,8,-1,1,-1
2015210028069,1,9,0,13,0,8,0,0,0,0,1,1,6,1,25,5,1796,1,19,-1,1,-1
2015210028069,2,9,0,9,0,5,0,0,0,0,3,1,6,2,53,8,-1,-1,-1,-1,1,-1
2015210028076,1,9,0,6,0,6,0,0,0,0,1,1,2,1,26,6,1390,1,2,-1,1,-1
2015210028076,2,4,0,18,0,8,0,0,0,0,1,1,6,1,20,4,124,1,3,-1,1,-1
2015210028083,1,3,0,14,0,0,0,0,0,0,1,1,6,1,16,4,124,1,-1,-1,3,-1
2015210028084,1,97,0,13,0,8,0,0,0,0,4,1,6,1,43,7,988,1,12,-1,2,-1
2015210028084,2,9,0,9,0,8,0,0,0,0,3,1,6,2,44,7,1951,2,9,-1,3,-1
2015210028126,1,21,1,18,0,0,0,0,0,0,1,1,1,1,46,8,12777,2,8,-1,1,-1
2015210028126,2,9,0,4,0,0,0,0,0,0,2,1,6,2,56,9,1275,1,16,-1,1,-1
2015210028128,1,9,0,18,0,0,0,0,0,0,1,1,6,1,42,7,1798,1,7,-1,1,-1
2015210028128,2,9,0,4,0,0,0,0,0,0,2,1,5,1,22,5,1124,1,12,-1,1,-1
2015210028128,3,9,0,4,0,0,0,0,0,0,2,1,6,1,33,6,1968,2,-1,-1,1,-1
2015210028128,4,9,0,3,0,0,0,0,0,0,2,1,1,1,49,8,1968,2,4,-1,1,-1
2015210028132,1,9,0,9,0,2,0,0,0,0,1,1,6,1,44,7,1398,1,2,-1,1,-1
2015210028138,1,9,0,18,0,0,0,0,5,6,1,1,6,1,23,5,1910,2,11,-1,1,-1
2015210028138,2,98,1,18,0,0,0,0,0,0,2,1,1,1,36,7,12900,2,6,-1,1,-1
2015210028138,3,9,0,18,0,0,0,0,0,0,3,1,1,1,45,7,1496,2,1,-1,1,-1
2015210028141,1,2,0,9,0,6,0,0,0,0,1,1,6,1,-1,-1,-1,-1,-1,-1,-1,-1
2015210028141,2,4,0,18,0,8,0,0,0,0,4,1,6,1,30,6,124,1,3,-1,1,-1
2015210028142,1,9,0,17,0,0,1,0,1,11,1,1,6,2,56,9,1240,1,8,-1,2,-1
2015210028146,1,9,0,18,0,0,0,0,0,0,1,1,6,1,53,8,1896,2,9,-1,2,-1
2015210028146,2,9,0,3,0,0,0,0,0,0,2,1,6,1,36,7,1796,1,4,-1,2,-1
2015210028146,3,9,0,3,0,0,0,0,0,0,2,1,6,2,41,7,1390,1,16,-1,1,-1
2015210028146,4,9,0,3,0,0,0,0,0,0,2,1,6,1,19,4,1598,1,12,-1,3,-1
2015210028149,1,9,0,5,0,1,0,0,0,0,1,1,6,1,36,7,1399,2,5,-1,1,-1