Accident_Index,Vehicle_Reference,Vehicle_Type,Towing_and_Articulation,Vehicle_Manoeuvre,Vehicle_Location-Restricted_Lane,Junction_Location,Skidding_and_Overturning,Hit_Object_in_Carriageway,Vehicle_Leaving_Carriageway,Hit_Object_off_Carriageway,1st_Point_of_Impact,Was_Vehicle_Left_Hand_Drive?,Journey_Purpose_of_Driver,Sex_of_Driver,Age_of_Driver,Age_Band_of_Driver,Engine_Capacity_(CC),Propulsion_Code,Age_of_Vehicle,Driver_IMD_Decile,Driver_Home_Area_Type,Vehicle_IMD_Decile
2015210030719,1,9,0,18,0,1,0,0,0,0,1,1,6,1,43,7,2494,1,16,-1,1,-1
2015210030719,2,9,0,10,0,1,0,0,0,0,2,1,6,2,56,9,1596,1,13,-1,1,-1
2015210030740,1,9,0,9,0,6,0,0,0,0,1,1,6,2,54,8,1598,2,3,-1,3,-1
2015210030740,2,9,0,18,0,8,1,0,7,0,1,1,6,2,38,7,1598,1,2,-1,3,-1
2015210030751,1,9,0,18,0,2,0,0,0,0,1,1,5,2,69,10,1598,1,13,-1,3,-1
2015210030758,1,9,0,5,0,1,0,0,0,0,1,1,6,1,20,4,1995,2,11,-1,1,-1
2015210030758,2,9,0,4,0,1,0,0,0,0,2,1,6,1,64,9,1200,1,-1,-1,1,-1
2015210030766,1,9,0,5,0,1,0,0,0,0,1,1,6,1,40,7,1995,2,11,-1,1,-1
2015210030766,2,2,0,18,0,8,0,0,0,0,2,1,2,1,47,8,49,1,13,-1,1,-1
2015210030782,1,9,0,16,0,2,0,0,0,0,3,1,6,2,38,7,996,1,2,-1,1,-1
2015210030782,2,9,0,16,0,2,0,0,0,0,4,1,2,2,19,4,1149,1,14,-1,1,-1
2015210030783,1,9,0,1,0,6,0,0,0,0,4,1,6,2,40,7,2987,2,8,-1,1,-1
2015210030783,2,1,0,18,0,1,0,0,0,0,1,1,6,1,41,7,-1,-1,-1,-1,2,-1
2015210030784,1,9,0,17,0,8,0,0,0,0,1,1,6,1,84,11,1781,1,14,-1,1,-1
2015210030784,2,9,0,9,0,6,0,0,0,0,3,1,6,1,71,10,2687,1,15,-1,1,-1
2015210030788,1,9,0,18,0,0,0,0,0,0,1,1,5,1,56,9,2143,2,3,-1,3,-1
2015210030788,2,9,0,4,0,0,0,0,0,0,2,1,5,2,43,7,1197,1,-1,-1,1,-1
2015210030792,1,8,0,9,0,5,0,0,0,0,3,1,1,1,42,7,1598,2,3,-1,1,-1
2015210030792,2,2,0,10,0,1,0,0,0,0,1,1,6,1,41,7,49,1,1,-1,1,-1
2015210030793,1,9,0,11,0,0,1,0,1,0,1,1,6,1,46,8,1598,1,13,-1,1,-1
2015210030797,1,9,0,17,0,2,0,0,0,0,1,1,6,2,67,10,1086,1,10,-1,1,-1
2015210030797,2,9,0,4,0,2,0,0,0,0,2,1,6,2,67,10,1242,1,3,-1,1,-1
2015210030798,1,9,0,9,0,0,0,0,0,0,1,1,5,2,44,7,1328,1,13,-1,1,-1
2015210030801,1,2,0,4,0,0,0,0,0,0,1,1,6,1,16,4,49,1,-1,-1,1,-1
2015210030801,2,9,0,18,0,0,0,0,0,0,2,1,6,2,39,7,998,1,1,-1,3,-1
2015210030806,1,98,0,11,0,0,0,0,0,0,1,1,1,1,54,8,12900,2,5,-1,1,-1
2015210030806,2,9,0,18,0,0,0,0,1,0,2,1,6,2,54,8,1798,1,8,-1,2,-1
2015210030810,1,9,0,9,0,5,0,0,0,0,3,1,6,1,43,7,1968,2,6,-1,1,-1
2015210030810,2,9,0,18,0,8,0,0,0,0,3,1,6,1,45,7,1229,1,5,-1,2,-1
2015210030812,1,9,0,18,0,4,0,0,0,0,1,1,6,1,63,9,1968,2,-1,-1,1,-1
2015210030812,2,9,0,18,0,4,1,0,0,0,2,1,6,1,32,6,2494,1,15,-1,1,-1
2015210030818,1,9,0,17,0,0,0,0,7,3,1,1,6,2,20,4,1398,2,3,-1,1,-1
2015210030830,1,19,0,13,0,1,0,0,0,0,4,1,6,1,-1,-1,-1,-1,-1,-1,1,-1
2015210030830,2,1,0,18,0,1,0,0,0,0,1,1,6,1,27,6,-1,-1,-1,-1,-1,-1
2015210030859,1,21,1,4,0,0,3,0,0,0,1,1,1,3,-1,-1,-1,-1,-1,-1,-1,-1
2015210030859,2,9,0,3,0,0,0,6,4,6,2,1,2,1,44,7,2597,1,14,-1,3,-1
2015210030859,3,9,0,3,0,0,0,0,0,0,2,1,2,1,30,6,1598,2,-1,-1,2,-1
2015210030867,1,9,0,18,0,0,0,0,0,0,1,1,3,1,44,7,-1,-1,-1,-1,1,-1
2015210030876,1,9,0,18,0,1,0,0,0,0,3,1,6,2,31,6,1461,2,8,-1,-1,-1
2015210030878,1,9,0,18,0,2,0,0,0,0,1,1,6,1,20,4,1781,1,16,-1,1,-1
2015210030878,2,9,0,18,0,2,0,0,0,0,2,1,6,1,23,5,1781,1,12,-1,1,-1
2015210030879,1,9,0,18,0,0,0,0,0,0,1,1,6,2,35,6,1968,2,3,-1,1,-1
2015210030879,2,9,0,4,0,0,0,0,0,0,2,1,6,1,60,9,1242,1,3,-1,1,-1
2015210030880,1,90,0,12,0,1,1,0,0,0,1,1,1,1,36,7,-1,-1,-1,-1,1,-1
2015210030880,2,3,0,18,0,8,5,0,2,0,1,1,6,1,18,4,124,1,6,-1,1,-1
2015210030886,1,9,0,16,0,0,0,0,7,0,1,1,6,2,31,6,1587,1,14,-1,1,-1
2015210030890,1,9,0,9,0,6,0,0,0,0,1,1,6,1,48,8,2597,1,14,-1,-1,-1
2015210030890,2,97,0,18,0,1,0,0,0,0,1,1,6,1,48,8,996,1,10,-1,1,-1
2015210030891,1,9,0,18,0,0,0,0,0,0,1,1,6,1,26,6,-1,-1,-1,-1,-1,-1
2015210030891,2,21,1,11,0,0,0,0,0,0,1,1,6,2,54,8,-1,-1,-1,-1,3,-1
2015210030893,1,9,0,17,0,1,0,0,0,0,1,1,6,1,41,7,1991,2,13,-1,1,-1
2015210030893,2,9,0,10,0,1,0,0,0,0,2,1,6,2,36,7,1598,1,2,-1,2,-1
2015210030894,1,9,0,18,0,2,0,0,0,0,1,1,6,2,80,11,796,1,6,-1,3,-1
2015210030900,1,9,0,17,0,0,0,0,0,0,1,1,6,1,31,6,1400,1,15,-1,1,-1
2015210030900,2,9,0,16,0,0,0,0,0,0,1,1,6,2,58,9,1398,1,1,-1,3,-1
2015210030901,1,19,0,18,0,1,0,0,0,0,1,1,1,1,21,5,1968,2,4,-1,1,-1
2015210030901,2,9,0,10,0,1,0,0,0,0,2,1,6,2,31,6,899,1,2,-1,1,-1
2015210030904,1,9,0,4,0,8,0,0,0,0,1,1,6,2,31,6,1242,1,11,-1,1,-1
2015210030904,2,9,0,4,0,8,0,0,0,0,2,1,6,2,34,6,1388,1,4,-1,1,-1
2015210030904,3,98,0,9,0,1,0,0,0,0,0,1,1,2,50,8,-1,-1,-1,-1,-1,-1
2015210030916,1,9,0,18,0,0,0,6,0,0,1,1,1,1,23,5,-1,-1,-1,-1,1,-1
2015210030920,1,9,0,18,0,1,0,0,0,0,1,1,2,1,25,5,1998,1,15,-1,1,-1
2015210030920,2,3,0,4,0,1,0,0,0,0,2,1,1,1,50,8,124,1,1,-1,1,-1
2015210030923,1,9,0,7,0,8,0,0,0,0,4,1,6,1,21,5,1598,2,5,-1,1,-1
2015210030923,2,9,0,7,0,8,0,0,1,7,3,1,6,1,21,5,1596,1,1,-1,2,-1
2015210030924,1,9,0,9,0,5,0,0,0,0,1,1,6,2,50,8,1781,1,12,-1,2,-1
2015210030924,2,9,0,18,0,8,0,0,0,0,3,1,6,1,59,9,1560,2,1,-1,1,-1
2015210030927,1,9,0,18,0,4,0,0,0,0,0,1,5,3,35,6,-1,-1,-1,-1,-1,-1
2015210030927,2,11,0,18,0,8,0,0,0,0,0,1,1,2,35,6,-1,-1,-1,-1,-1,-1
2015210030931,1,19,0,9,0,5,0,0,0,0,4,1,1,1,22,5,2143,2,1,-1,1,-1
2015210030931,2,9,0,18,0,8,0,0,0,0,1,1,6,1,68,10,1498,1,6,-1,1,-1
2015210030937,1,9,0,7,0,2,0,0,0,0,4,1,6,2,54,8,1685,2,1,-1,1,-1
2015210030986,1,9,0,10,0,0,0,0,0,0,1,1,5,1,35,6,1794,1,7,-1,1,-1
2015210030986,2,9,0,18,0,0,0,0,0,0,1,1,5,1,60,9,2309,1,23,-1,1,-1
2015210030990,1,19,0,14,0,1,0,0,0,0,1,1,1,1,52,8,1248,2,5,-1,1,-1
2015210030990,2,9,0,3,0,1,0,0,0,0,2,1,6,2,48,8,1124,1,7,-1,1,-1
2015210030991,1,9,0,7,0,8,0,0,0,0,1,1,2,1,26,6,2967,2,8,-1,1,-1
2015210030991,2,9,0,18,0,8,0,0,0,0,2,1,2,2,20,4,1000,1,15,-1,1,-1
2015210030996,1,9,0,7,0,6,0,0,0,0,1,1,5,2,76,11,1798,1,8,-1,1,-1
2015210030996,2,1,0,18,0,-1,0,0,0,0,1,1,2,1,25,5,-1,-1,-1,-1,1,-1
2015210030997,1,9,0,18,0,1,0,0,1,11,1,1,2,1,32,6,1896,2,8,-1,1,-1
2015210030997,2,9,0,10,0,1,0,0,0,0,0,1,6,2,41,7,1242,1,8,-1,1,-1
2015210030998,1,3,0,13,0,8,0,0,0,0,1,1,6,1,19,4,125,1,-1,-1,1,-1
2015210030998,2,8,0,9,0,8,0,0,0,0,3,1,1,1,44,7,1686,2,9,-1,1,-1
2015210031000,1,9,0,16,0,1,0,0,0,0,3,1,2,2,63,9,1968,2,7,-1,1,-1
2015210031000,2,1,0,18,0,1,0,0,0,0,1,1,6,1,11,3,-1,-1,-1,-1,1,-1
2015210031003,1,98,0,18,0,0,0,0,0,0,1,1,6,1,23,5,2402,2,8,-1,1,-1
2015210031003,2,9,0,4,0,0,0,0,0,0,2,1,6,1,54,8,2616,1,11,-1,1,-1
2015210031003,3,98,0,4,0,0,0,0,0,0,2,1,6,1,53,8,2143,2,1,-1,1,-1
2015210031034,1,9,0,18,0,0,0,0,1,2,1,1,5,2,28,6,2993,2,10,-1,3,-1
2015210031042,1,19,0,18,0,8,0,0,0,0,1,1,6,1,31,6,-1,-1,-1,-1,1,-1
2015210031042,2,9,0,1,0,6,0,0,0,0,2,1,6,2,27,6,1596,1,5,-1,1,-1
2015210031043,1,97,0,9,0,1,0,0,0,0,3,1,6,1,32,6,124,1,2,-1,1,-1
2015210031043,2,9,0,8,0,1,0,0,0,0,1,1,6,1,36,7,1497,1,11,-1,1,-1
2015210031044,1,9,0,4,0,1,0,0,0,0,1,1,6,2,23,5,1390,1,3,-1,1,-1
2015210031044,2,1,0,18,0,1,0,0,0,0,1,1,6,1,15,3,-1,-1,-1,-1,1,-1
2015210031047,1,8,0,7,0,3,0,0,0,0,1,1,6,1,39,7,1598,2,5,-1,1,-1
2015210031047,2,1,0,9,0,8,0,0,0,0,2,1,6,2,52,8,-1,-1,-1,-1,1,-1
2015210031048,1,9,0,18,0,0,0,0,0,0,3,1,6,1,47,8,-1,-1,-1,-1,1,-1
2015210031048,2,9,0,18,0,0,0,0,0,0,3,1,6,1,33,6,1910,2,9,-1,1,-1
2015210031052,1,9,0,13,0,8,5,0,7,0,4,1,6,1,38,7,1587,1,11,-1,3,-1
2015210031052,2,9,2,9,0,5,0,0,0,0,3,1,6,1,53,8,2765,2,17,-1,3,-1
2015210031054,1,9,0,18,0,0,0,0,0,0,1,1,6,1,40,7,-1,-1,-1,-1,1,-1
2015210031054,2,9,0,4,0,0,0,0,0,0,2,1,6,1,41,7,-1,-1,-1,-1,1,-1
2015210031055,1,9,0,16,0,8,0,0,0,0,1,1,6,1,58,9,2993,2,2,-1,1,-1
2015210031055,2,9,0,10,0,8,0,0,0,0,2,1,6,2,57,9,1198,1,1,-1,3,-1
2015210031057,1,9,0,9,0,2,0,0,0,0,1,1,6,2,44,7,1596,1,13,-1,1,-1
2015210031063,1,9,0,18,0,0,0,0,0,0,1,1,6,2,27,6,1598,2,5,-1,1,-1
2015210031065,1,9,0,18,0,1,0,0,0,0,4,1,6,1,39,7,2720,2,10,-1,1,-1
2015210031065,2,9,0,18,0,1,0,0,0,0,1,1,6,1,24,5,1360,1,15,-1,1,-1
2015210031073,1,9,0,9,0,5,0,0,0,0,1,1,1,1,42,7,1998,2,9,-1,2,-1
2015210031073,2,1,0,18,0,8,0,0,0,0,1,1,6,1,48,8,-1,-1,-1,-1,-1,-1
2015210031079,1,9,0,4,0,1,1,0,0,0,1,1,6,2,33,6,1798,1,10,-1,1,-1
2015210031079,2,9,0,18,0,1,0,0,0,0,1,1,6,1,67,10,1248,1,3,-1,1,-1
2015210031079,3,97,0,18,0,1,1,0,0,0,1,1,6,1,37,7,125,1,2,-1,1,-1
2015210031081,1,9,0,13,0,0,0,0,0,0,4,1,6,2,44,7,1560,2,2,-1,1,-1
2015210031081,2,1,0,18,0,0,0,0,0,0,3,1,2,1,61,9,-1,-1,-1,-1,1,-1
2015210031082,1,9,0,18,0,1,0,0,0,0,3,1,6,1,69,10,1997,2,6,-1,1,-1
2015210031082,2,1,0,9,0,6,0,0,0,0,1,1,6,1,7,2,-1,-1,-1,-1,1,-1
2015210031090,1,9,0,18,0,0,0,0,0,0,1,1,1,1,31,6,1299,1,13,-1,1,-1
2015210031090,2,9,0,4,0,0,0,0,0,0,2,1,6,1,34,6,1968,2,11,-1,2,-1
2015210031092,1,2,0,5,0,1,0,0,0,0,1,1,2,1,16,4,50,1,4,-1,1,-1
2015210031092,2,2,0,3,0,1,0,0,0,0,2,1,6,3,-1,-1,-1,-1,-1,-1,-1,-1
2015210031097,1,9,0,18,0,1,0,0,0,0,1,1,5,1,23,5,-1,-1,-1,-1,1,-1
2015210031097,2,9,0,3,0,1,0,0,0,0,2,1,5,1,31,6,1910,2,7,-1,1,-1
2015210031097,3,9,0,9,0,6,0,0,0,0,3,1,5,1,39,7,2199,2,5,-1,1,-1
2015210031098,1,9,0,18,0,2,0,0,0,0,1,1,6,1,40,7,1124,1,15,-1,1,-1
2015210031098,2,9,0,18,0,2,0,0,0,0,1,1,6,1,32,6,1956,2,4,-1,1,-1
2015210031102,1,9,0,18,0,0,0,0,0,0,1,1,2,1,29,6,1587,1,7,-1,1,-1
2015210031104,1,9,-1,-1,-1,0,-1,-1,-1,0,-1,1,5,1,35,6,1248,1,2,-1,1,-1
2015210031104,2,9,0,18,0,0,0,0,0,0,2,1,5,1,55,8,1968,2,1,-1,1,-1
2015210031133,1,9,0,18,0,1,0,0,0,0,1,1,6,2,57,9,1396,1,11,-1,1,-1
2015210031133,2,9,0,4,0,1,0,0,0,0,2,1,6,3,-1,-1,-1,-1,-1,-1,-1,-1
2015210031137,1,9,0,3,0,1,0,0,0,0,1,1,6,2,36,7,1968,2,8,-1,1,-1
2015210031137,2,9,0,3,0,1,0,0,0,0,2,1,6,1,20,4,1242,1,1,-1,1,-1
2015210031142,1,9,0,18,0,0,0,0,0,0,0,1,5,2,43,7,1598,2,2,-1,1,-1
2015210031142,2,9,0,18,0,0,0,0,0,0,2,1,5,2,42,7,1560,2,4,-1,1,-1
2015210031143,1,9,0,18,0,0,0,0,0,0,1,1,2,1,55,8,2143,2,3,-1,1,-1
2015210031143,2,19,0,2,0,0,0,0,0,0,2,1,6,1,63,9,2198,2,7,-1,1,-1
2015210031146,1,9,0,18,0,0,0,0,0,0,1,1,6,2,18,4,1199,2,4,-1,1,-1
2015210031146,2,9,0,18,0,0,0,0,0,0,2,1,6,1,42,7,1598,1,11,-1,1,-1
2015210031146,3,9,0,4,0,0,0,0,0,0,2,1,6,1,33,6,998,1,-1,-1,1,-1
2015210031151,1,9,0,18,0,0,0,0,0,0,2,1,5,1,40,7,1124,1,15,-1,1,-1
2015210031151,2,9,0,18,0,0,0,0,0,0,1,1,5,1,32,6,1956,2,4,-1,1,-1
2015210031155,1,9,0,17,0,0,0,0,1,0,4,1,6,1,35,6,-1,-1,-1,-1,1,-1
2015210031156,1,9,0,18,0,1,0,0,0,0,1,1,6,2,25,5,1995,2,4,-1,1,-1
2015210031156,2,9,0,4,0,1,0,0,4,6,2,1,6,1,49,8,1560,2,3,-1,1,-1
2015210031162,1,9,0,18,0,0,0,0,0,0,1,1,1,1,26,6,2231,2,8,-1,1,-1
2015210031163,1,19,0,18,0,1,0,0,0,0,1,1,1,1,21,5,-1,-1,-1,-1,1,-1
2015210031163,2,9,0,3,0,1,0,0,0,0,2,1,1,2,23,5,1598,1,2,-1,1,-1
2015210031163,3,9,0,10,0,1,0,0,0,0,2,1,6,1,21,5,1390,1,10,-1,2,-1
2015210031168,1,9,0,18,0,0,0,0,0,0,1,1,6,1,24,5,1461,2,10,-1,3,-1
2015210031168,2,9,0,18,0,0,0,0,0,0,2,1,1,2,68,10,1896,2,7,-1,1,-1
2015210031169,1,9,0,18,0,1,0,0,0,0,1,1,6,2,55,8,1396,1,-1,-1,1,-1
2015210031169,2,9,0,4,0,1,0,0,0,0,2,1,6,1,43,7,1997,2,-1,-1,-1,-1
2015210031171,1,9,0,18,0,4,0,0,0,0,1,1,6,1,21,5,1149,1,3,-1,3,-1
2015210031171,2,9,0,9,0,8,0,0,0,0,4,1,6,1,28,6,1461,2,9,-1,1,-1
2015210031173,1,9,0,18,0,0,0,0,0,0,1,1,2,1,24,5,2967,2,1,-1,1,-1
2015210031173,2,9,0,4,0,0,0,0,0,0,2,1,1,2,39,7,1587,1,10,-1,1,-1
2015210031188,1,9,0,18,0,1,0,0,0,0,1,1,5,1,-1,-1,1124,1,16,-1,1,-1
2015210031188,2,9,0,3,0,1,0,0,0,0,2,1,6,2,35,6,1997,2,-1,-1,1,-1
2015210031192,1,9,0,18,0,4,0,0,0,0,0,1,6,3,-1,-1,-1,-1,-1,-1,-1,-1
2015210031192,2,3,0,18,0,8,0,10,0,0,1,1,2,2,25,5,125,1,2,-1,2,-1
2015210031197,1,9,0,9,0,5,0,0,0,0,1,1,6,1,27,6,1328,1,5,-1,1,-1
2015210031197,2,9,0,18,0,8,0,0,0,0,1,1,6,2,47,8,998,1,5,-1,1,-1
2015210031203,1,98,0,18,0,0,0,0,0,0,1,1,6,1,27,6,2402,2,13,-1,1,-1
2015210031203,2,9,0,3,0,0,0,0,0,0,2,1,2,1,36,7,1796,1,8,-1,1,-1
2015210031203,3,9,0,3,0,0,0,0,0,0,2,1,6,1,54,8,1598,1,9,-1,3,-1
2015210031205,1,9,0,18,0,0,0,0,0,0,1,1,2,1,44,7,1753,2,7,-1,3,-1
2015210031205,2,9,0,4,0,0,0,0,0,0,2,1,2,2,30,6,1596,1,1,-1,3,-1
2015210031207,1,2,0,16,0,2,1,0,0,0,1,1,2,1,16,4,49,1,14,-1,3,-1
2015210031212,1,9,0,18,0,1,0,0,0,0,1,1,6,1,50,8,1242,1,15,-1,1,-1
2015210031212,2,9,0,10,0,1,0,0,0,0,2,1,6,1,47,8,1999,1,8,-1,1,-1
2015210031213,1,21,0,4,0,0,0,0,0,0,1,1,1,1,40,7,-1,-1,-1,-1,1,-1
2015210031213,2,19,0,4,0,0,0,0,0,0,2,1,1,1,40,7,2800,2,12,-1,1,-1
2015210031213,3,9,0,4,0,0,0,0,0,0,2,1,2,1,37,7,1596,1,10,-1,1,-1
2015210031219,1,5,0,15,0,8,0,0,0,0,1,1,1,2,52,8,748,1,29,-1,1,-1
2015210031219,2,9,0,3,0,1,0,0,0,0,1,1,6,2,51,8,1390,1,8,-1,1,-1
2015210031219,3,98,5,7,0,8,0,0,0,0,2,1,1,1,28,6,12130,2,9,-1,1,-1
2015210031224,1,9,0,18,0,0,0,0,0,0,1,1,5,1,33,6,1598,1,5,-1,1,-1
2015210031224,2,9,0,18,0,0,0,0,0,0,0,1,5,1,27,6,1397,1,6,-1,1,-1
2015210031232,1,9,0,4,0,1,0,0,0,0,1,1,6,1,28,6,1968,2,7,-1,1,-1
2015210031232,2,9,0,4,0,1,0,0,0,0,2,1,6,2,44,7,1796,1,7,-1,1,-1
2015210031238,1,9,0,18,0,0,0,0,0,0,3,1,1,1,28,6,1560,2,2,-1,1,-1
2015210031249,1,9,-1,-1,-1,0,-1,-1,-1,0,-1,1,6,2,-1,-1,1796,1,16,-1,1,-1
2015210031258,1,97,0,18,0,2,1,0,0,0,1,1,6,1,18,4,124,1,-1,-1,2,-1
2015210031258,2,9,0,9,0,2,0,0,0,0,2,1,6,1,81,11,1560,2,6,-1,-1,-1
2015210031264,1,9,0,9,0,8,0,0,0,0,1,1,6,2,20,4,996,1,6,-1,1,-1
2015210031264,2,9,0,18,0,8,0,0,0,0,3,1,6,1,52,8,1598,2,2,-1,2,-1
2015210031268,1,9,0,7,0,0,0,0,0,0,2,1,5,1,27,6,1598,2,-1,-1,1,-1
2015210031268,2,9,0,18,0,0,0,0,0,0,1,1,5,2,25,5,1388,1,11,-1,1,-1
2015210031276,1,9,0,16,0,1,0,0,0,0,1,1,6,2,31,6,1595,1,7,-1,2,-1
2015210031276,2,9,0,10,0,1,0,0,0,0,2,1,6,1,48,8,1994,1,20,-1,1,-1
2015210031307,1,9,0,7,0,4,0,0,0,0,2,1,6,1,26,6,1328,1,7,-1,1,-1
2015210031307,2,9,0,9,0,8,0,0,0,0,1,1,6,1,28,6,1242,1,11,-1,1,-1
2015210031310,1,9,0,18,0,1,0,0,0,0,4,1,6,2,39,7,-1,-1,-1,-1,1,-1
2015210031312,1,9,0,18,0,0,0,0,0,0,1,1,6,2,30,6,799,2,5,-1,1,-1
2015210031312,2,9,0,3,0,0,0,0,0,0,2,1,6,1,21,5,1390,1,14,-1,1,-1
2015210031312,3,9,0,3,0,0,0,0,0,0,2,1,6,1,64,9,1398,2,10,-1,2,-1
2015210031313,1,9,0,4,0,5,0,0,0,0,1,1,6,2,37,7,2776,2,11,-1,1,-1
2015210031313,2,98,0,17,0,8,0,0,0,0,4,1,6,1,44,7,8970,2,10,-1,2,-1
2015210031327,1,8,0,7,0,1,0,0,0,0,1,1,6,1,25,5,1360,1,11,-1,3,-1
2015210031327,2,9,0,18,0,1,0,0,0,0,1,1,6,2,55,8,1896,2,13,-1,1,-1
2015210031335,1,9,0,9,0,6,0,0,0,0,1,1,6,3,-1,-1,-1,-1,-1,-1,-1,-1
2015210031335,2,1,0,18,0,8,0,0,0,0,3,1,6,2,53,8,-1,-1,-1,-1,3,-1
2015210031345,1,9,0,14,0,4,0,0,0,0,3,1,6,1,22,5,1998,1,16,-1,1,-1
2015210031345,2,9,0,18,0,1,0,0,1,0,0,1,1,1,29,6,1956,2,-1,-1,3,-1
2015210031345,3,19,0,5,0,4,0,0,0,0,3,1,1,1,27,6,1896,2,5,-1,1,-1
2015210031359,1,1,0,18,0,6,0,0,0,0,1,1,6,1,16,4,-1,-1,-1,-1,1,-1
2015210031359,2,9,0,9,0,8,0,0,0,0,4,1,6,1,52,8,2204,2,6,-1,1,-1
2015210031368,1,9,0,9,0,6,0,0,0,0,1,1,6,2,75,10,996,1,5,-1,1,-1
2015210031368,2,9,0,18,0,8,0,0,0,0,1,1,6,1,63,9,2777,2,7,-1,1,-1
2015210031377,1,9,0,18,0,8,0,0,0,0,4,1,6,1,45,7,1968,2,-1,-1,1,-1
2015210031377,2,5,0,5,0,4,0,0,0,0,1,1,6,1,35,6,-1,-1,-1,-1,1,-1
2015210031397,1,9,0,18,0,0,0,12,0,0,1,1,6,1,76,11,1910,2,7,-1,3,-1
2015210031400,1,9,0,18,0,1,0,0,0,0,1,1,6,2,23,5,1299,1,12,-1,1,-1
2015210031400,2,9,0,9,0,8,0,0,0,0,3,1,6,2,47,8,1997,2,13,-1,1,-1
2015210031407,1,9,0,5,0,6,0,0,0,0,4,1,6,1,54,8,1229,1,7,-1,1,-1
2015210031421,1,98,0,18,0,0,0,0,0,0,1,1,1,1,48,8,11946,2,3,-1,3,-1
2015210031421,2,19,0,4,0,0,0,0,0,0,2,1,1,1,38,7,2298,2,4,-1,2,-1
2015210031423,1,9,0,7,0,6,0,0,0,0,1,1,6,1,57,9,1997,2,-1,-1,1,-1
2015210031423,2,9,0,17,0,8,0,0,0,0,1,1,6,2,24,5,1998,1,12,-1,1,-1
2015210031426,1,9,0,1,0,0,0,0,0,0,2,1,5,1,-1,-1,-1,-1,-1,-1,-1,-1
2015210031426,2,8,0,2,0,0,0,0,0,0,1,1,6,1,-1,-1,1997,2,9,-1,1,-1
2015210031428,1,9,0,18,0,0,0,0,0,0,0,1,5,2,35,6,1242,1,15,-1,1,-1
2015210031442,1,9,0,18,0,2,0,0,0,0,3,1,5,1,35,6,1560,2,2,-1,1,-1
2015210031451,1,19,0,17,0,0,0,0,0,0,1,1,6,1,22,5,2198,2,2,-1,3,-1
2015210031451,2,1,0,17,0,0,0,0,0,0,2,1,6,1,46,8,-1,-1,-1,-1,1,-1
2015210031454,1,9,0,9,0,5,0,0,0,0,1,1,6,3,-1,-1,-1,-1,-1,-1,-1,-1
2015210031454,2,9,0,18,0,8,0,0,0,0,1,1,6,2,-1,-1,-1,-1,-1,-1,1,-1
2015210031455,1,9,0,3,0,1,0,0,0,0,1,1,6,2,28,6,998,1,2,-1,1,-1
2015210031455,2,98,0,3,0,1,0,0,0,0,2,1,6,1,29,6,2496,2,20,-1,1,-1
2015210031456,1,9,0,10,0,8,0,0,0,0,1,1,6,1,40,7,1910,2,8,-1,1,-1
2015210031456,2,9,0,18,0,1,0,0,0,0,4,1,2,1,31,6,1997,2,2,-1,1,-1
2015210031463,1,9,0,9,0,2,1,0,0,0,3,1,1,2,39,7,2494,1,16,-1,1,-1
2015210031463,2,9,0,9,0,2,0,0,4,0,4,1,1,2,42,7,1905,2,17,-1,1,-1
2015210031468,1,9,0,18,0,0,0,0,0,0,1,1,6,2,22,5,1199,2,3,-1,1,-1
2015210031473,1,9,0,9,0,6,0,0,0,0,3,1,6,2,33,6,1368,1,8,-1,1,-1
2015210031473,2,9,0,18,0,8,0,0,0,0,1,1,6,1,36,7,1686,2,4,-1,1,-1
2015210031489,1,9,0,4,0,1,0,0,0,0,1,1,6,1,-1,-1,1560,2,2,-1,1,-1
2015210031489,2,9,0,3,0,1,0,0,0,0,2,1,6,2,45,7,1242,1,12,-1,1,-1
2015210031501,1,9,0,16,0,0,0,0,0,0,1,1,5,1,35,6,1870,2,16,-1,-1,-1
2015210031501,2,9,0,18,0,0,0,0,0,0,1,1,5,1,43,7,998,1,1,-1,1,-1
2015210031506,1,98,1,15,0,0,0,0,0,0,1,1,1,1,38,7,10800,2,1,-1,1,-1
2015210031506,2,9,0,13,0,0,0,0,0,0,3,1,5,2,21,5,1248,2,-1,-1,1,-1
2015210031513,1,9,0,18,0,2,1,0,7,4,1,1,1,1,29,6,1598,1,16,-1,1,-1
2015210031517,1,21,1,12,0,0,0,0,0,0,3,1,1,1,47,8,-1,-1,-1,-1,-1,-1
2015210031517,2,9,0,18,0,0,0,0,0,0,4,1,1,2,44,7,1461,2,-1,-1,1,-1
2015210031524,1,9,0,9,0,6,0,0,0,0,1,1,5,1,18,4,1598,1,8,-1,-1,-1
2015210031524,2,9,0,18,0,1,0,0,0,0,1,1,5,2,78,11,1951,2,10,-1,1,-1
2015210031524,3,9,0,18,0,1,0,0,0,0,1,1,5,1,74,10,1591,1,2,-1,1,-1
2015210031530,1,9,0,16,0,0,0,0,0,0,1,1,1,1,34,6,2792,1,13,-1,1,-1
2015210031535,1,9,0,17,0,0,0,0,0,0,1,1,6,2,23,5,1997,2,1,-1,2,-1