Accident_Index,Vehicle_Reference,Vehicle_Type,Towing_and_Articulation,Vehicle_Manoeuvre,Vehicle_Location-Restricted_Lane,Junction_Location,Skidding_and_Overturning,Hit_Object_in_Carriageway,Vehicle_Leaving_Carriageway,Hit_Object_off_Carriageway,1st_Point_of_Impact,Was_Vehicle_Left_Hand_Drive?,Journey_Purpose_of_Driver,Sex_of_Driver,Age_of_Driver,Age_Band_of_Driver,Engine_Capacity_(CC),Propulsion_Code,Age_of_Vehicle,Driver_IMD_Decile,Driver_Home_Area_Type,Vehicle_IMD_Decile
2015210031535,2,9,0,16,0,0,0,0,0,0,1,1,6,1,65,9,1248,2,6,-1,1,-1
2015210031542,1,8,0,6,0,0,0,0,0,0,1,1,1,1,-1,-1,2148,2,7,-1,1,-1
2015210031542,2,9,0,18,0,0,0,0,0,0,4,1,6,2,17,4,1229,1,10,-1,3,-1
2015210031562,1,9,0,4,0,1,1,0,0,0,1,1,6,1,18,4,1968,2,11,-1,2,-1
2015210031562,2,9,0,4,0,1,0,0,0,0,2,1,2,2,20,4,1397,1,8,-1,1,-1
2015210031565,1,3,0,18,0,2,0,0,0,0,4,1,6,1,17,4,125,1,-1,-1,2,-1
2015210031565,2,3,0,18,0,2,0,0,0,0,4,1,6,1,17,4,125,1,-1,-1,2,-1
2015210031592,1,9,0,17,0,0,0,0,1,4,1,1,6,1,25,5,1388,1,13,-1,3,-1
2015210031637,1,9,0,18,0,1,0,0,0,0,1,1,6,1,19,4,-1,-1,-1,-1,3,-1
2015210031637,2,9,0,9,0,5,0,0,0,0,2,1,6,2,35,6,1995,2,4,-1,3,-1
2015210031709,1,9,0,18,0,0,0,0,8,7,3,1,6,1,28,6,1598,1,8,-1,1,-1
2015210031713,1,9,0,18,0,0,0,0,0,0,1,1,5,2,24,5,1598,1,11,-1,1,-1
2015210031713,2,9,0,18,0,0,0,0,0,0,2,1,5,1,41,7,1400,1,16,-1,1,-1
2015210031713,3,8,0,18,0,0,0,0,0,0,0,1,5,1,60,9,1968,2,8,-1,1,-1
2015210031717,1,9,0,18,0,1,1,0,0,0,1,1,6,2,20,4,1895,1,17,-1,1,-1
2015210031717,2,9,0,10,0,1,0,0,0,0,2,1,6,1,61,9,1997,2,14,-1,1,-1
2015210031719,1,9,0,4,0,1,0,0,0,0,1,1,6,2,35,6,1198,1,1,-1,2,-1
2015210031725,1,9,0,9,0,5,0,0,0,0,4,1,6,2,46,8,1598,1,11,-1,1,-1
2015210031725,2,9,0,18,0,8,0,0,0,0,4,1,6,2,20,4,1242,1,12,-1,3,-1
2015210031728,1,9,0,13,0,1,0,0,0,0,1,1,2,1,22,5,-1,-1,-1,-1,1,-1
2015210031728,2,9,0,9,0,5,0,0,0,0,1,1,2,1,22,5,1229,1,6,-1,1,-1
2015210031745,1,9,0,9,0,2,0,0,0,0,1,1,1,1,35,6,-1,-1,-1,-1,1,-1
2015210031746,1,5,0,4,0,1,0,0,0,0,1,1,5,1,64,9,-1,-1,-1,-1,3,-1
2015210031751,1,9,0,18,0,1,0,0,0,0,1,1,6,2,31,6,1896,2,14,-1,1,-1
2015210031751,2,9,0,4,0,1,0,0,0,0,2,1,6,1,61,9,1995,2,13,-1,1,-1
2015210031753,1,9,-1,18,0,0,0,0,0,0,2,1,6,2,44,7,1124,1,13,-1,3,-1
2015210031753,2,1,0,18,0,0,0,0,0,0,1,1,6,2,20,4,-1,-1,-1,-1,1,-1
2015210031754,1,9,0,13,0,0,1,0,5,6,1,1,6,2,21,5,1229,7,6,-1,1,-1
2015210031756,1,9,0,9,0,6,0,0,0,0,1,1,1,1,64,9,1956,2,6,-1,1,-1
2015210031756,2,9,0,18,0,8,0,0,0,0,1,1,1,2,25,5,1229,1,1,-1,1,-1
2015210031761,1,9,0,18,0,0,0,0,0,0,1,1,6,2,28,6,1997,1,10,-1,1,-1
2015210031761,2,9,0,4,0,0,1,0,4,6,2,1,6,1,50,8,1363,2,11,-1,2,-1
2015210031789,1,9,0,18,0,0,0,0,0,0,0,1,5,3,35,6,-1,-1,-1,-1,-1,-1
2015210031789,2,9,0,18,0,0,0,0,0,0,2,1,5,1,65,9,-1,-1,-1,-1,1,-1
2015210031799,1,9,0,18,0,1,0,0,0,0,3,1,1,1,23,5,1997,1,15,-1,1,-1
2015210031809,1,9,0,16,0,2,0,0,0,0,1,1,6,2,44,7,1229,1,2,-1,1,-1
2015210031809,2,19,0,4,0,2,0,0,0,0,2,1,6,1,27,6,2148,2,6,-1,1,-1
2015210031879,1,9,0,10,0,0,0,0,0,0,2,1,6,1,24,5,-1,-1,-1,-1,1,-1
2015210031879,2,97,0,10,0,0,0,0,0,0,1,1,6,1,57,9,1000,1,7,-1,1,-1
2015210031880,1,9,0,18,0,1,0,0,0,0,1,1,2,2,42,7,1560,2,7,-1,1,-1
2015210031880,2,9,0,18,0,1,0,0,0,0,2,1,1,1,38,7,1969,2,-1,-1,1,-1
2015210031897,1,9,0,9,0,8,0,0,0,0,1,1,6,1,29,6,1781,1,13,-1,1,-1
2015210031897,2,2,0,18,0,8,0,0,0,0,1,1,6,1,29,6,49,1,16,-1,1,-1
2015210031898,1,9,0,17,0,0,0,0,0,0,1,1,6,2,28,6,1242,1,15,-1,1,-1
2015210031898,2,9,0,16,0,0,0,0,0,0,1,1,6,2,78,11,1108,1,11,-1,1,-1
2015210031903,1,9,0,18,0,0,0,0,2,7,1,1,6,1,33,6,2495,1,12,-1,-1,-1
2015210031903,2,9,0,18,0,0,0,0,0,0,2,1,6,1,25,5,1910,2,6,-1,1,-1
2015210031904,1,9,0,18,0,6,0,0,3,4,1,1,2,1,58,9,1598,2,-1,-1,1,-1
2015210031907,1,9,0,18,0,6,0,0,0,0,1,1,6,2,80,11,1388,1,6,-1,1,-1
2015210031907,2,9,0,18,0,8,0,0,0,0,4,1,1,1,26,6,998,1,-1,-1,2,-1
2015210031914,1,9,0,4,0,0,1,0,0,0,1,1,2,1,22,5,1199,2,4,-1,3,-1
2015210031914,2,9,0,4,0,0,0,0,0,0,2,1,2,2,21,5,1598,1,13,-1,3,-1
2015210031926,1,9,0,18,0,4,0,0,0,0,1,1,6,2,28,6,1360,1,10,-1,1,-1
2015210031926,2,2,0,18,0,8,0,0,0,0,1,1,6,1,16,4,-1,-1,-1,-1,3,-1
2015210031931,1,1,0,18,0,6,0,0,0,0,3,1,6,1,18,4,-1,-1,-1,-1,1,-1
2015210031931,2,9,0,18,0,8,0,0,0,0,1,1,6,2,20,4,1598,1,9,-1,1,-1
2015210031943,1,9,0,9,0,5,0,0,0,0,4,1,6,1,40,7,1995,2,2,-1,1,-1
2015210031943,2,9,0,18,0,8,0,0,0,0,1,1,6,2,47,8,1124,1,6,-1,1,-1
2015210031947,1,9,0,18,0,1,5,0,7,11,1,1,2,2,36,7,1596,1,5,-1,1,-1
2015210031947,2,9,0,2,6,1,0,0,0,0,3,1,5,1,-1,-1,2495,2,12,-1,-1,-1
2015210031949,1,19,0,9,0,6,0,0,0,0,3,1,6,1,50,8,2402,2,11,-1,3,-1
2015210031949,2,21,1,18,0,1,0,0,0,0,1,1,1,1,42,7,10837,2,9,-1,1,-1
2015210031969,1,9,0,18,0,8,0,0,0,0,1,1,6,1,68,10,1598,1,11,-1,2,-1
2015210031969,2,9,0,9,0,8,0,0,0,0,3,1,6,2,37,7,1246,1,7,-1,1,-1
2015210031981,1,9,0,5,0,8,0,0,0,0,1,1,2,1,30,6,1595,1,14,-1,1,-1
2015210031981,2,5,0,9,0,8,0,0,0,0,4,1,2,1,33,6,1199,1,1,-1,1,-1
2015210031988,1,9,0,18,0,0,0,0,0,0,4,1,6,3,-1,-1,-1,-1,-1,-1,-1,-1
2015210031989,1,9,0,5,0,6,0,0,0,0,1,1,6,1,40,7,2179,2,7,-1,2,-1
2015210031989,2,19,0,3,0,8,0,0,0,0,4,1,6,1,35,6,2198,2,3,-1,3,-1
2015210031991,1,9,0,18,0,0,0,0,0,0,1,1,2,2,24,5,1360,1,9,-1,1,-1
2015210031991,2,9,0,4,0,0,0,0,0,0,2,1,2,2,43,7,1796,1,5,-1,1,-1
2015210031991,3,9,0,18,0,0,0,0,0,0,2,1,5,2,-1,-1,1299,1,11,-1,1,-1
2015210031991,4,9,0,18,0,0,0,0,0,0,2,1,5,1,29,6,1560,2,1,-1,1,-1
2015210031996,1,9,0,17,0,0,0,0,1,4,1,1,6,1,24,5,2497,2,11,-1,1,-1
2015210031999,1,9,0,18,0,8,5,0,0,0,1,1,6,2,20,4,1248,2,11,-1,1,-1
2015210031999,2,9,0,18,0,8,0,0,0,0,1,1,6,1,18,4,1390,1,8,-1,1,-1
2015210032003,1,2,0,18,0,1,0,0,0,0,1,1,5,1,48,8,125,1,1,-1,1,-1
2015210032003,2,9,0,1,0,6,0,0,0,0,2,1,5,2,61,9,1598,1,2,-1,1,-1
2015210032010,1,8,0,5,0,0,0,0,0,0,0,1,1,1,-1,-1,-1,-1,-1,-1,-1,-1
2015210032011,1,9,0,18,0,0,0,0,0,0,0,1,6,1,42,7,1598,2,-1,-1,1,-1
2015210032011,2,3,0,18,0,0,1,0,0,0,4,1,6,1,17,4,124,1,5,-1,1,-1
2015210032015,1,-1,0,11,0,0,0,0,0,0,4,1,6,3,-1,-1,-1,-1,-1,-1,-1,-1
2015210032015,2,9,0,18,0,0,0,0,5,6,1,1,6,1,47,8,1686,2,9,-1,1,-1
2015210032017,1,9,0,6,0,0,0,0,0,0,1,1,5,1,35,6,1560,2,3,-1,-1,-1
2015210032017,2,1,0,18,5,0,0,0,0,0,1,1,5,1,46,8,-1,-1,-1,-1,-1,-1
2015210032021,1,9,0,9,0,0,0,0,0,0,1,1,6,2,42,7,1596,1,5,-1,1,-1
2015210032021,3,3,0,13,0,0,0,0,0,0,1,1,6,2,48,8,124,1,2,-1,1,-1
2015210032026,1,9,0,18,0,0,0,0,1,2,4,1,5,1,21,5,1242,1,15,-1,1,-1
2015210032029,1,9,0,18,0,0,0,0,0,0,4,1,6,2,61,9,1591,1,3,-1,1,-1
2015210032038,1,9,0,14,0,1,0,0,0,0,1,1,1,2,48,8,1596,1,3,-1,1,-1
2015210032038,2,22,0,18,0,6,0,0,0,0,4,1,6,2,24,5,-1,-1,-1,-1,1,-1
2015210032043,1,9,0,9,0,2,0,0,0,0,4,1,6,1,46,8,1995,2,12,-1,1,-1
2015210032043,2,9,0,2,0,2,0,0,0,0,3,1,5,1,-1,-1,3189,1,9,-1,-1,-1
2015210032045,1,9,0,7,0,5,0,0,1,1,1,1,6,2,54,8,998,1,-1,-1,1,-1
2015210032045,2,9,0,4,0,1,0,0,0,0,3,1,1,2,20,4,1368,1,8,-1,-1,-1
2015210032067,1,9,0,18,0,1,0,0,1,1,1,1,6,2,33,6,1598,1,10,-1,1,-1
2015210032069,1,9,0,7,0,5,0,0,0,0,1,1,6,1,30,6,1199,1,15,-1,1,-1
2015210032074,1,9,0,9,0,6,0,0,0,0,1,1,6,1,43,7,1968,2,2,-1,2,-1
2015210032074,2,9,0,18,0,1,0,0,0,0,4,1,6,1,49,8,1986,2,7,-1,1,-1
2015210032075,1,9,0,9,0,2,0,0,0,0,1,1,6,1,74,10,1598,1,11,-1,1,-1
2015210032090,1,9,0,18,0,0,0,0,0,0,2,1,6,1,25,5,1968,2,6,-1,1,-1
2015210032090,2,9,0,18,0,0,0,0,0,0,2,1,6,2,50,8,2776,2,9,-1,1,-1
2015210032090,3,9,0,18,0,0,0,0,0,0,1,1,6,1,62,9,1686,2,13,-1,1,-1
2015210032099,1,98,0,4,0,1,0,0,0,0,1,1,6,1,51,8,2800,2,16,-1,1,-1
2015210032099,2,1,0,7,0,5,1,0,0,0,1,1,6,1,36,7,-1,-1,-1,-1,1,-1
2015210032105,1,3,0,18,0,0,0,0,7,2,1,1,5,1,25,5,-1,-1,-1,-1,1,-1
2015210032116,1,9,0,18,0,1,0,0,0,0,1,1,6,1,82,11,1390,1,13,-1,1,-1
2015210032118,1,98,0,4,0,0,0,0,0,0,1,1,5,1,44,7,12777,2,7,-1,1,-1
2015210032118,2,9,0,4,0,0,0,0,0,0,2,1,5,2,25,5,1598,1,3,-1,1,-1
2015210032121,1,9,0,18,0,4,0,0,0,0,1,1,5,1,35,6,-1,-1,-1,-1,1,-1
2015210032121,2,1,0,9,0,8,0,0,0,0,1,1,5,1,28,6,-1,-1,-1,-1,1,-1
2015210032123,1,11,0,18,0,8,0,0,0,0,3,1,1,1,71,10,9400,2,10,-1,1,-1
2015210032123,2,9,0,18,0,8,0,0,0,0,4,1,6,1,41,7,2993,2,11,-1,1,-1
2015210032179,1,9,0,18,0,0,0,0,1,7,1,1,5,1,42,7,-1,-1,-1,-1,1,-1
2015210032183,1,98,1,4,0,0,0,0,0,0,1,1,1,2,43,7,12580,2,9,-1,1,-1
2015210032183,2,9,0,4,0,0,0,0,0,0,2,1,6,1,29,6,1598,2,4,-1,2,-1
2015210032183,3,9,0,4,0,0,0,0,0,0,2,1,6,1,45,7,1995,2,4,-1,1,-1
2015210032187,1,9,0,18,0,0,0,0,0,0,1,1,6,1,79,11,1998,2,10,-1,-1,-1
2015210032187,2,9,0,18,0,0,0,0,0,0,1,1,6,1,53,8,1339,8,7,-1,1,-1
2015210032202,1,9,0,7,0,5,1,0,7,4,1,1,6,2,24,5,1497,1,10,-1,1,-1
2015210032206,1,3,0,13,0,8,0,0,0,0,4,1,1,1,19,4,125,1,5,-1,1,-1
2015210032206,2,9,0,9,0,5,0,0,0,0,1,1,1,1,21,5,1598,1,4,-1,2,-1
2015210032225,1,9,0,18,0,0,0,0,0,0,1,1,6,3,-1,-1,-1,-1,-1,-1,-1,-1
2015210032226,1,9,0,18,0,0,0,6,0,0,1,1,6,1,21,5,998,1,10,-1,1,-1
2015210032227,1,9,0,18,0,1,0,0,0,0,4,1,6,1,42,7,1328,1,-1,-1,1,-1
2015210032227,2,9,0,18,0,2,0,0,0,0,4,1,6,1,41,7,1796,1,7,-1,2,-1
2015210032256,1,9,0,18,0,6,0,0,3,0,1,1,6,1,28,6,1998,2,-1,-1,1,-1
2015210032256,2,9,0,18,0,8,0,0,1,11,3,1,6,1,64,9,-1,-1,-1,-1,1,-1
2015210032293,1,9,0,16,0,0,0,0,7,11,1,1,6,2,23,5,1199,2,4,-1,2,-1
2015210032319,1,8,0,18,0,1,0,0,0,0,4,1,1,1,36,7,1995,2,2,-1,1,-1
2015210032319,2,9,0,18,0,1,0,0,0,0,4,1,6,2,-1,-1,1560,2,1,-1,1,-1
2015210032322,1,9,0,1,0,0,0,0,0,0,2,1,1,2,21,5,998,1,-1,-1,1,-1
2015210032357,1,9,0,18,0,0,2,0,1,10,1,1,6,2,57,9,1198,1,6,-1,1,-1
2015210032403,1,9,0,16,0,0,1,0,4,6,3,1,5,1,18,4,-1,-1,-1,-1,1,-1
2015210032463,1,9,0,11,0,0,0,0,1,7,1,1,6,2,68,10,1598,1,12,-1,1,-1
2015210032463,2,9,0,16,0,0,0,0,0,0,2,1,6,2,54,8,1242,1,4,-1,3,-1
2015210032463,3,9,0,16,0,0,0,0,0,0,0,1,6,2,35,6,1591,1,-1,-1,1,-1
2015210032478,1,9,0,18,0,8,0,0,1,2,1,1,6,1,87,11,1598,1,8,-1,1,-1
2015210032486,1,9,0,3,0,1,0,0,0,0,1,1,6,2,68,10,998,1,1,-1,1,-1
2015210032486,2,9,0,3,0,1,0,0,0,0,2,1,6,1,22,5,1560,2,3,-1,2,-1
2015210032492,1,9,0,9,0,6,0,0,0,0,1,1,6,1,18,4,1242,1,1,-1,2,-1
2015210032492,2,97,0,10,0,1,0,0,0,0,1,1,6,2,40,7,649,1,6,-1,1,-1
2015210032503,1,9,0,11,0,0,0,0,0,0,4,1,6,1,-1,-1,1124,1,16,-1,1,-1
2015210032503,2,5,0,18,0,0,0,0,0,0,3,1,1,1,34,6,997,1,10,-1,1,-1
2015210032515,1,9,0,18,0,1,0,0,0,0,1,1,6,2,40,7,1560,2,9,-1,1,-1
2015210032515,2,9,0,10,0,1,0,0,0,0,2,1,6,1,21,5,1968,2,2,-1,1,-1
2015210032518,1,9,0,17,0,0,2,10,8,10,1,1,2,1,24,5,1199,1,11,-1,3,-1
2015210032521,1,9,0,17,0,0,0,0,0,0,1,1,6,1,56,9,2495,2,11,-1,1,-1
2015210032521,2,1,0,18,0,0,0,0,0,0,1,1,2,1,26,6,-1,-1,-1,-1,1,-1
2015210032529,1,19,0,16,0,0,2,10,0,0,1,1,6,1,37,7,1686,2,11,-1,3,-1
2015210032529,2,9,0,17,0,0,0,0,0,0,1,1,6,1,45,7,1968,2,4,-1,3,-1
2015210032533,1,9,0,18,0,0,0,0,0,0,4,1,6,1,25,5,2497,1,13,-1,1,-1
2015210032533,2,9,0,2,0,0,0,0,0,0,3,1,6,1,28,6,1986,2,8,-1,1,-1
2015210032545,1,9,0,18,0,1,0,0,0,0,1,1,6,2,34,6,1229,1,7,-1,1,-1
2015210032545,2,9,0,18,0,1,0,0,0,0,2,1,6,1,44,7,1896,2,13,-1,-1,-1
2015210032547,1,9,0,9,0,6,0,0,0,0,1,1,2,1,52,8,1794,1,14,-1,1,-1
2015210032552,1,9,0,7,0,1,0,0,0,0,2,1,6,1,84,11,1339,1,-1,-1,1,-1
2015210032552,2,9,0,18,0,1,0,0,0,0,4,1,6,1,37,7,1598,1,-1,-1,1,-1
2015210032554,1,9,0,5,0,8,0,0,0,0,3,1,5,1,54,8,-1,-1,-1,-1,1,-1
2015210032554,2,9,0,2,0,5,0,0,0,0,3,1,5,2,27,6,1598,1,8,-1,1,-1
2015210032557,1,9,0,18,0,1,0,0,0,0,1,1,6,1,44,7,1796,1,11,-1,1,-1
2015210032557,2,9,0,9,0,8,0,0,0,0,1,1,6,1,33,6,5204,1,9,-1,1,-1
2015210032568,1,90,0,16,0,0,0,0,0,0,0,1,6,3,-1,-1,-1,-1,-1,-1,-1,-1
2015210032568,2,9,0,17,0,0,0,0,0,0,1,1,1,1,20,4,1242,1,6,-1,2,-1
2015210032568,3,9,0,16,0,0,0,0,0,0,3,1,6,2,24,5,1461,2,4,-1,1,-1
2015210032572,1,19,0,18,0,0,0,0,0,0,1,1,6,1,49,8,1870,2,12,-1,1,-1
2015210032572,2,9,0,18,0,0,0,0,0,0,1,1,6,2,49,8,1242,1,3,-1,1,-1
2015210032572,3,9,0,18,0,0,0,0,0,0,2,1,6,2,47,8,1984,1,1,-1,1,-1
2015210032616,1,9,0,4,0,0,0,0,0,0,1,1,6,1,23,5,1199,1,11,-1,3,-1
2015210032616,2,19,0,4,0,0,0,0,0,0,2,1,6,1,35,6,2402,2,5,-1,1,-1
2015210032630,1,9,0,7,0,1,0,0,0,0,1,1,6,2,63,9,1086,1,5,-1,-1,-1
2015210032630,2,9,0,4,0,4,0,0,0,0,2,1,6,1,-1,-1,2000,2,7,-1,1,-1
2015210032634,1,9,0,18,0,0,0,0,0,0,4,1,6,2,78,11,1968,2,2,-1,3,-1
2015210032651,1,9,0,18,0,0,0,0,0,0,1,1,6,1,21,5,1360,1,9,-1,1,-1
2015210032651,2,9,0,18,0,0,0,0,0,0,2,1,6,1,36,7,1968,2,8,-1,1,-1
2015210032652,1,9,0,18,0,1,0,0,0,0,1,1,6,1,30,6,1598,2,2,-1,1,-1
2015210032652,2,9,0,10,0,1,0,0,0,0,2,1,6,1,29,6,-1,-1,-1,-1,2,-1
2015210032653,1,9,0,4,0,0,0,0,0,0,4,1,6,1,-1,-1,2993,2,6,-1,1,-1
2015210032653,2,1,0,18,0,0,0,0,0,0,3,1,2,1,35,6,-1,-1,-1,-1,1,-1
2015210032669,1,98,0,11,0,8,0,0,0,0,4,1,1,1,41,7,12580,2,10,-1,1,-1
2015210032669,2,9,0,18,0,8,0,0,0,0,3,1,6,2,36,7,1984,2,5,-1,2,-1
2015210032679,1,11,0,13,0,0,0,0,0,0,4,1,1,1,30,6,9000,2,10,-1,1,-1
2015210032679,2,1,0,18,0,0,0,0,0,0,3,1,5,1,18,4,-1,-1,-1,-1,1,-1
2015210032685,1,9,0,16,0,1,0,0,0,0,1,1,6,1,-1,-1,2496,1,12,-1,1,-1
2015210032685,2,8,0,3,0,1,0,0,0,0,2,1,6,2,35,6,2198,2,1,-1,1,-1
2015210032699,1,9,0,7,9,6,0,0,0,0,1,1,5,1,25,5,-1,-1,-1,-1,1,-1
2015210032704,1,19,0,18,0,1,0,0,0,0,1,1,6,1,43,7,2402,2,4,-1,1,-1
2015210032704,2,9,0,10,0,1,0,0,0,0,2,1,1,1,63,9,1596,1,12,-1,1,-1
2015210032704,3,9,0,18,0,1,0,0,0,0,1,1,2,1,52,8,2184,2,9,-1,3,-1
2015210032706,1,21,1,12,0,0,0,0,0,0,3,1,1,1,51,8,-1,-1,-1,-1,-1,-1
2015210032706,2,9,0,18,0,0,0,0,0,0,4,1,2,2,33,6,1598,1,9,-1,2,-1
2015210032709,1,9,0,18,0,1,0,0,0,0,1,1,1,1,45,7,1461,2,13,-1,1,-1
2015210032709,2,9,0,3,0,1,0,0,0,0,2,1,6,1,26,6,-1,-1,-1,-1,1,-1
2015210032709,3,9,0,3,0,1,0,0,0,0,2,1,1,2,50,8,1595,1,7,-1,1,-1
2015210032709,4,9,0,3,0,1,0,0,0,0,2,1,6,2,33,6,1910,2,6,-1,-1,-1
2015210032737,1,8,0,9,0,2,0,0,0,0,3,1,1,1,42,7,1997,2,5,-1,1,-1
2015210032742,1,9,0,4,0,1,0,0,0,0,1,1,2,2,53,8,1299,1,13,-1,1,-1
2015210032742,2,9,0,4,0,1,0,0,0,0,2,1,2,2,39,7,1798,1,8,-1,1,-1
2015210032762,1,19,0,4,0,0,0,0,0,0,1,1,1,1,55,8,1968,2,2,-1,1,-1
2015210032762,2,9,0,4,0,0,0,0,0,0,2,1,2,1,36,7,2982,2,4,-1,1,-1
2015210032762,3,9,0,4,0,0,0,0,0,0,2,1,2,2,29,6,1596,1,10,-1,1,-1
2015210032764,1,9,0,18,0,1,0,0,0,0,4,1,5,2,47,8,1399,2,4,-1,1,-1
2015210032784,1,9,0,18,0,2,0,0,0,0,1,1,6,1,55,8,2800,2,20,-1,1,-1
2015210032784,2,8,0,4,0,2,0,0,0,0,2,1,1,1,35,6,1997,2,9,-1,1,-1
2015210032793,1,9,0,9,0,6,0,0,0,0,1,1,6,1,65,9,2198,2,7,-1,1,-1
2015210032793,2,9,0,16,0,8,0,0,1,10,3,1,2,2,46,8,1461,2,-1,-1,1,-1
2015210032799,1,9,0,18,0,0,0,0,0,0,0,1,5,2,35,6,1229,1,1,-1,1,-1
2015210032811,1,9,0,9,0,6,0,0,0,0,1,1,1,1,40,7,1560,2,3,-1,1,-1
2015210032811,2,3,0,18,0,8,0,0,0,0,1,1,6,1,23,5,125,1,-1,-1,1,-1
2015210032827,1,19,0,18,0,1,0,0,0,0,1,1,1,1,41,7,2148,2,9,-1,1,-1
2015210032827,2,9,0,5,0,8,0,0,0,0,1,1,6,2,56,9,1229,1,7,-1,1,-1
2015210032901,1,9,0,4,0,0,0,0,0,0,1,1,6,2,22,5,1398,1,-1,-1,3,-1
2015210032901,2,9,0,3,0,0,0,0,0,0,2,1,6,1,34,6,1968,2,3,-1,2,-1
2015210032928,1,21,1,12,0,0,0,0,0,0,1,2,1,1,42,7,-1,-1,-1,-1,-1,-1
2015210032928,2,9,0,18,0,0,0,0,0,0,2,1,6,1,54,8,1796,1,8,-1,1,-1
2015210032929,1,9,0,18,0,1,0,0,0,0,1,1,6,1,40,7,-1,-1,-1,-1,1,-1
2015210032929,2,1,0,18,0,1,0,0,0,0,1,1,6,1,53,8,-1,-1,-1,-1,1,-1
2015210032934,1,9,0,1,0,0,0,0,0,0,3,1,1,1,60,9,1598,2,4,-1,1,-1
2015210032934,2,9,0,2,0,0,0,0,0,0,1,1,5,1,21,5,1390,1,14,-1,1,-1
2015210032934,3,9,0,2,0,0,0,0,0,0,1,1,5,1,67,10,1598,1,13,-1,1,-1
2015210032934,4,9,0,2,0,0,0,0,0,0,1,1,5,2,67,10,-1,-1,-1,-1,1,-1
2015210032937,1,9,0,16,0,0,0,12,0,0,1,1,6,2,47,8,1349,1,7,-1,1,-1
2015210032937,2,9,0,4,0,0,0,0,0,0,1,1,6,1,43,7,1997,2,3,-1,1,-1
2015210032953,1,9,0,6,0,6,0,0,0,0,2,1,6,1,20,4,1986,2,8,-1,1,-1
2015210032953,2,9,0,7,0,8,0,0,0,0,3,1,6,2,18,4,1199,1,11,-1,1,-1
2015210032979,1,9,0,18,0,3,0,0,1,11,1,1,6,1,32,6,1598,2,3,-1,1,-1
2015210032979,2,98,0,2,5,0,0,0,0,0,4,1,1,1,54,8,11967,2,5,-1,1,-1
2015210032983,1,9,0,9,0,0,0,0,0,0,1,1,6,1,56,9,2902,2,10,-1,1,-1
2015210032983,2,3,0,18,0,0,0,0,1,0,1,1,6,1,16,4,124,1,22,-1,1,-1
2015210032986,1,9,0,4,0,1,0,0,0,0,1,1,6,1,34,6,1582,2,8,-1,1,-1
2015210032986,2,9,0,4,0,1,0,0,0,0,2,1,6,2,46,8,1242,1,1,-1,1,-1
2015210032991,1,9,0,16,0,8,5,0,0,0,1,1,6,1,20,4,998,1,15,-1,1,-1
2015210033080,1,9,0,16,0,0,0,0,0,0,1,1,1,1,43,7,1799,1,8,-1,1,-1
2015210033080,2,9,0,4,0,0,0,0,0,0,2,1,1,2,45,7,1596,1,1,-1,1,-1
2015210033085,1,9,0,5,0,0,0,0,0,0,1,1,6,1,55,8,998,1,7,-1,1,-1
2015210033085,2,9,0,2,0,0,0,0,0,0,3,1,6,1,30,6,2231,2,10,-1,1,-1
2015210033093,1,3,0,18,0,4,0,0,0,0,1,1,5,1,52,8,-1,-1,-1,-1,1,-1
2015210033093,2,9,0,18,0,8,0,0,0,0,4,1,6,2,56,9,2184,2,8,-1,3,-1
2015210033100,1,9,0,5,0,6,0,0,0,0,0,1,5,2,-1,-1,1598,1,2,-1,1,-1
2015210033100,2,9,0,18,0,1,0,0,0,0,0,1,6,2,-1,-1,1229,1,6,-1,3,-1
2015210033100,3,3,0,4,0,1,1,0,0,0,1,1,6,1,20,4,125,1,3,-1,1,-1
2015210033105,1,9,0,18,0,0,0,0,0,0,1,1,2,2,29,6,1229,1,4,-1,1,-1
2015210033105,2,9,0,4,0,0,0,0,0,0,2,1,1,1,21,5,-1,-1,-1,-1,1,-1
2015210033105,3,9,0,4,0,0,0,0,0,0,2,1,6,1,-1,-1,998,1,-1,-1,1,-1
2015210033105,4,-1,0,4,0,0,0,0,0,0,2,1,6,1,-1,-1,-1,-1,-1,-1,1,-1
2015210033110,1,9,0,16,0,0,0,0,7,0,3,1,6,1,73,10,1997,2,6,-1,1,-1
2015210033110,2,9,0,17,0,0,0,0,0,0,3,1,6,2,72,10,1388,1,4,-1,1,-1
2015210033115,1,9,0,9,0,6,0,0,0,0,1,1,6,1,41,7,1242,1,4,-1,1,-1
2015210033115,2,9,0,18,0,8,0,0,0,0,1,1,6,1,38,7,2495,2,28,-1,-1,-1
2015210033121,1,19,0,9,0,6,0,0,0,0,1,1,1,1,30,6,1686,2,8,-1,2,-1
2015210033121,2,19,0,14,0,8,0,0,0,0,4,1,1,1,47,8,1560,2,7,-1,3,-1
2015210033122,1,9,0,4,0,1,0,0,0,0,2,1,6,1,30,6,1968,2,7,-1,1,-1
2015210033122,2,9,0,18,0,1,0,0,0,0,1,1,6,1,30,6,1685,2,3,-1,1,-1