Accident_Index,Vehicle_Reference,Vehicle_Type,Towing_and_Articulation,Vehicle_Manoeuvre,Vehicle_Location-Restricted_Lane,Junction_Location,Skidding_and_Overturning,Hit_Object_in_Carriageway,Vehicle_Leaving_Carriageway,Hit_Object_off_Carriageway,1st_Point_of_Impact,Was_Vehicle_Left_Hand_Drive?,Journey_Purpose_of_Driver,Sex_of_Driver,Age_of_Driver,Age_Band_of_Driver,Engine_Capacity_(CC),Propulsion_Code,Age_of_Vehicle,Driver_IMD_Decile,Driver_Home_Area_Type,Vehicle_IMD_Decile
2015210033128,1,9,0,9,0,6,0,0,0,0,4,1,6,1,63,9,998,1,-1,-1,1,-1
2015210033128,2,9,0,17,0,8,0,0,0,0,4,1,1,2,29,6,1598,1,11,-1,1,-1
2015210033195,1,98,0,1,0,0,0,0,0,0,2,1,6,1,-1,-1,-1,-1,-1,-1,2,-1
2015210033239,1,9,0,18,0,0,2,0,2,0,1,1,6,1,25,5,1968,2,8,-1,1,-1
2015210033239,2,9,0,18,0,0,1,0,0,0,1,1,6,2,26,6,998,1,3,-1,1,-1
2015210033239,3,9,0,2,0,0,0,0,0,0,3,1,6,2,32,6,1398,1,-1,-1,1,-1
2015210033239,4,9,0,2,0,0,0,0,0,0,2,1,6,1,58,9,1248,2,8,-1,1,-1
2015210033239,5,9,0,18,0,0,0,0,0,0,0,1,6,1,30,6,-1,-1,-1,-1,1,-1
2015210033249,1,9,0,18,0,0,0,0,0,0,2,1,6,2,27,6,2922,1,17,-1,1,-1
2015210033249,2,20,0,18,0,0,0,0,0,0,1,1,6,1,60,9,6693,2,2,-1,1,-1
2015210033262,1,9,0,18,0,1,0,0,0,0,1,1,6,2,73,10,1364,1,8,-1,1,-1
2015210033262,2,9,0,3,0,1,0,0,0,0,2,1,6,1,29,6,1997,1,11,-1,1,-1
2015210033262,3,9,0,9,0,5,0,0,0,0,0,1,6,3,-1,-1,-1,-1,-1,-1,-1,-1
2015210033266,1,9,0,18,0,0,1,0,7,4,1,1,1,1,56,9,1560,2,10,-1,1,-1
2015210033293,1,9,0,18,0,1,0,0,0,0,1,1,6,1,24,5,1360,1,9,-1,1,-1
2015210033293,2,1,0,18,0,1,0,0,0,0,1,1,6,1,45,7,-1,-1,-1,-1,1,-1
2015210033301,1,9,0,4,0,0,0,0,0,0,1,1,6,1,33,6,1390,1,12,-1,1,-1
2015210033301,2,9,0,4,0,0,0,0,0,0,2,1,6,1,32,6,1248,2,10,-1,1,-1
2015210033311,1,9,0,18,0,1,0,0,0,0,2,1,6,1,23,5,1360,1,16,-1,1,-1
2015210033311,2,9,0,18,0,1,0,0,0,0,1,1,6,2,39,7,2188,2,11,-1,1,-1
2015210033329,1,9,0,18,0,0,0,0,0,0,1,1,6,1,24,5,1596,1,13,-1,1,-1
2015210033329,2,9,0,4,0,0,0,0,0,0,2,1,6,1,23,5,1560,2,5,-1,1,-1
2015210033330,1,9,0,18,0,8,0,0,0,0,4,1,3,1,41,7,1910,2,10,-1,1,-1
2015210033330,2,9,0,18,0,8,0,0,0,0,0,1,3,2,33,6,1560,2,3,-1,1,-1
2015210033334,1,90,0,9,0,6,0,0,0,0,2,1,1,1,24,5,-1,-1,-1,-1,2,-1
2015210033334,2,8,0,18,0,1,0,0,0,0,1,1,1,1,35,6,2231,2,7,-1,1,-1
2015210033338,1,9,0,7,0,8,0,0,0,0,0,1,6,2,29,6,2967,2,8,-1,1,-1
2015210033345,1,9,0,14,0,0,0,0,0,0,1,1,1,1,-1,-1,1686,2,2,-1,3,-1
2015210033345,2,9,0,6,0,0,0,0,0,0,1,1,1,1,40,7,1461,2,4,-1,1,-1
2015210033360,1,9,0,7,0,5,0,0,0,0,1,1,1,1,48,8,1896,2,9,-1,1,-1
2015210033360,2,19,0,17,0,1,1,0,0,0,1,1,1,1,45,7,1560,2,3,-1,1,-1
2015210033365,1,9,-1,-1,-1,-1,-1,-1,-1,0,-1,1,2,2,28,6,1198,1,2,-1,1,-1
2015210033365,2,9,-1,-1,-1,-1,-1,-1,-1,0,-1,1,6,1,56,9,1968,2,2,-1,1,-1
2015210033420,1,9,0,18,0,8,0,0,0,0,1,1,6,2,68,10,1229,1,10,-1,1,-1
2015210033420,2,9,0,18,0,8,0,0,0,0,1,1,6,1,23,5,1598,1,1,-1,1,-1
2015210033420,3,9,0,18,0,8,-1,-1,-1,0,1,1,6,1,32,6,1560,2,-1,-1,1,-1
2015210033423,1,9,0,17,0,0,1,0,0,0,1,1,6,1,27,6,1686,2,13,-1,1,-1
2015210033423,2,9,0,17,0,0,1,0,0,0,4,1,6,1,62,9,998,1,13,-1,1,-1
2015210033455,1,9,0,9,0,6,0,0,0,0,1,1,6,1,61,9,1596,1,-1,-1,1,-1
2015210033455,2,5,0,17,0,8,0,0,0,0,1,1,6,1,30,6,1250,1,13,-1,1,-1
2015210033468,1,11,0,18,0,1,0,0,0,0,1,1,1,1,22,5,9360,2,6,-1,1,-1
2015210033468,2,9,0,7,0,5,0,0,0,0,2,1,2,1,55,8,1910,2,7,-1,1,-1
2015210033468,3,9,0,3,0,5,0,0,0,0,2,1,2,2,26,6,1598,1,10,-1,1,-1
2015210033469,1,9,0,9,0,6,0,0,0,0,2,1,6,1,18,4,1197,1,-1,-1,1,-1
2015210033469,2,9,0,18,0,8,0,0,0,0,1,1,6,1,35,6,1781,1,14,-1,1,-1
2015210033540,1,9,0,18,0,3,0,10,0,0,1,1,6,2,18,4,1299,1,13,-1,1,-1
2015210033540,2,9,0,18,0,3,0,0,0,0,4,1,6,2,47,8,1398,1,-1,-1,1,-1
2015210033540,3,9,0,18,0,4,0,0,0,0,1,1,6,1,20,4,-1,-1,-1,-1,3,-1
2015210033581,1,19,0,4,0,0,0,0,0,0,1,1,6,1,39,7,-1,-1,-1,-1,1,-1
2015210033581,2,21,1,4,0,0,0,0,0,0,2,1,1,1,25,5,-1,-1,-1,-1,-1,-1
2015210033581,3,21,1,4,0,0,0,0,0,0,0,1,1,1,33,6,12740,2,2,-1,1,-1
2015210033588,1,9,0,18,0,1,0,0,0,0,1,1,6,1,35,6,1998,2,10,-1,1,-1
2015210033588,2,9,0,3,0,1,0,0,0,0,2,1,6,1,39,7,1794,1,13,-1,1,-1
2015210033602,1,9,0,9,0,6,0,0,0,0,3,1,6,2,18,4,1360,1,17,-1,3,-1
2015210033602,2,9,0,18,0,1,1,0,0,0,1,1,6,2,19,4,998,1,3,-1,3,-1
2015210033606,1,9,0,18,0,0,0,0,0,0,1,1,6,1,29,6,1686,2,3,-1,1,-1
2015210033606,2,9,0,18,0,0,0,0,0,0,1,1,6,2,45,7,1968,2,3,-1,3,-1
2015210033606,3,9,0,18,0,0,0,0,0,0,1,1,6,2,39,7,1796,1,11,-1,1,-1
2015210033613,1,9,0,9,0,6,0,0,0,0,1,1,6,1,65,9,1995,1,11,-1,3,-1
2015210033613,2,9,0,12,0,8,0,0,0,0,3,1,1,2,39,7,-1,-1,-1,-1,1,-1
2015210033614,1,9,0,18,0,8,0,0,7,2,1,1,2,1,31,6,1560,2,6,-1,1,-1
2015210033615,1,9,0,18,0,4,0,0,0,0,1,1,3,1,29,6,1461,2,5,-1,1,-1
2015210033615,2,1,0,18,0,8,0,0,0,0,1,1,6,1,24,5,-1,-1,-1,-1,-1,-1
2015210033628,1,9,0,9,0,6,0,0,0,0,1,1,6,2,57,9,1995,2,-1,-1,1,-1
2015210033628,2,9,0,18,0,8,0,0,0,0,3,1,6,2,61,9,1197,1,-1,-1,1,-1
2015210033662,1,9,0,16,0,0,0,0,0,0,3,1,6,2,39,7,1995,2,1,-1,1,-1
2015210033666,1,9,0,18,0,1,0,0,0,0,1,1,1,1,36,7,1995,2,2,-1,1,-1
2015210033668,1,9,0,18,0,1,0,0,0,0,1,1,6,2,34,6,1360,1,6,-1,1,-1
2015210033668,2,9,0,10,0,1,0,0,0,0,2,1,6,2,39,7,1968,2,2,-1,1,-1
2015210033673,1,9,0,9,0,8,0,0,0,0,1,1,6,2,25,5,1149,1,12,-1,1,-1
2015210033673,2,5,0,13,0,8,0,0,0,0,1,1,6,1,31,6,690,1,-1,-1,1,-1
2015210033677,1,9,0,18,0,1,0,0,0,0,-1,1,6,1,-1,-1,1560,2,4,-1,-1,-1
2015210033677,2,9,0,7,0,8,0,0,0,0,-1,1,6,1,22,5,1796,1,13,-1,1,-1
2015210033677,3,9,0,8,0,8,0,0,0,0,-1,1,6,2,39,7,1968,2,4,-1,1,-1
2015210033681,1,9,0,17,0,0,0,0,0,0,1,1,6,2,68,10,1598,1,9,-1,1,-1
2015210033681,2,9,0,2,0,0,0,4,0,0,2,1,5,1,62,9,1910,2,9,-1,1,-1
2015210033690,1,19,0,16,0,1,0,0,0,0,1,1,6,1,36,7,-1,-1,-1,-1,-1,-1
2015210033690,2,9,0,17,0,1,0,0,0,0,1,1,6,1,20,4,1956,2,3,-1,1,-1
2015210033690,3,9,0,10,0,5,0,0,0,0,0,1,2,1,32,6,-1,-1,-1,-1,3,-1
2015210033690,4,9,0,17,0,1,0,0,0,0,3,1,6,1,45,7,2400,2,1,-1,3,-1
2015210033702,1,9,0,7,0,6,0,0,0,0,1,1,6,2,61,9,1560,2,7,-1,1,-1
2015210033708,1,8,0,16,0,1,0,0,0,0,1,1,1,1,37,7,1798,8,-1,-1,1,-1
2015210033708,2,9,0,17,0,2,0,0,0,0,1,1,6,1,64,9,1598,2,3,-1,1,-1
2015210033788,1,9,0,18,0,2,0,0,0,0,3,1,6,2,47,8,1753,2,16,-1,1,-1
2015210033790,1,9,0,18,0,0,0,0,0,0,3,1,2,1,56,9,2495,2,13,-1,3,-1
2015210033795,1,9,0,16,0,0,5,0,1,10,4,1,6,1,33,6,1200,1,-1,-1,3,-1
2015210033795,2,9,0,16,0,0,0,0,0,0,0,1,6,3,-1,-1,-1,-1,-1,-1,-1,-1
2015210033804,1,9,0,9,0,6,0,0,0,0,1,1,2,1,55,8,1998,2,10,-1,1,-1
2015210033804,2,9,0,18,0,8,0,0,0,0,1,1,3,2,51,8,1753,2,12,-1,1,-1
2015210033811,1,9,0,18,0,8,0,0,0,0,1,1,6,1,27,6,-1,-1,-1,-1,1,-1
2015210033811,2,9,0,18,0,8,0,9,0,0,1,1,1,2,50,8,1198,1,2,-1,1,-1
2015210033811,3,9,0,3,0,1,0,0,0,0,3,1,6,2,40,7,1896,2,5,-1,1,-1
2015210033842,1,9,0,18,0,0,0,0,0,0,0,1,5,1,35,6,1598,2,4,-1,-1,-1
2015210033842,2,9,0,18,0,0,0,0,0,0,1,1,5,1,42,7,1753,2,13,-1,1,-1
2015210033866,1,9,0,13,0,0,0,0,0,0,4,1,6,1,39,7,-1,-1,-1,-1,3,-1
2015210033866,2,1,0,18,0,0,0,0,0,0,3,1,6,1,58,9,-1,-1,-1,-1,3,-1
2015210033933,1,19,0,18,0,0,0,0,0,0,1,1,6,3,-1,-1,-1,-1,-1,-1,-1,-1
2015210033933,2,1,0,18,0,0,0,0,0,0,2,1,6,1,47,8,-1,-1,-1,-1,-1,-1
2015210033938,1,9,0,17,0,0,1,10,8,10,3,1,2,2,19,4,996,1,3,-1,1,-1
2015210033967,1,9,0,18,0,0,0,0,0,0,1,1,6,1,80,11,1591,1,-1,-1,1,-1
2015210033967,2,9,0,18,0,0,0,0,0,0,2,1,6,2,56,9,1797,1,16,-1,1,-1
2015210033975,1,98,0,18,0,0,0,0,0,0,0,1,1,1,44,7,-1,-1,-1,-1,-1,-1
2015210033975,2,9,0,18,0,0,0,0,0,0,1,1,6,2,58,9,998,1,1,-1,1,-1
2015210033981,1,9,0,4,0,0,0,0,0,0,2,1,6,2,61,9,1994,1,17,-1,-1,-1
2015210033981,2,9,0,4,0,0,0,0,0,0,2,1,6,2,34,6,1597,1,7,-1,1,-1
2015210033981,3,9,0,4,0,0,0,0,0,0,2,1,6,2,30,6,1598,2,3,-1,1,-1
2015210033982,1,9,0,7,0,6,0,0,0,0,1,1,6,1,35,6,1995,2,7,-1,1,-1
2015210033982,2,9,0,18,0,8,0,0,0,0,4,1,6,1,61,9,1870,2,9,-1,1,-1
2015210033988,1,9,0,7,0,0,1,10,7,0,1,1,6,3,-1,-1,1984,1,15,-1,-1,-1
2015210033988,2,9,0,18,0,0,0,0,0,0,0,1,6,1,36,7,2993,2,1,-1,-1,-1
2015210033993,1,9,0,18,0,1,0,0,0,0,1,1,6,2,21,5,1242,1,4,-1,3,-1
2015210033993,2,9,0,7,0,5,0,0,0,0,4,1,6,1,59,9,2765,2,17,-1,3,-1
2015210033997,1,9,0,18,0,0,0,0,0,0,1,1,6,2,-1,-1,2143,2,1,-1,1,-1
2015210033997,2,9,0,3,0,0,0,0,0,0,2,1,1,2,49,8,1299,1,13,-1,1,-1
2015210033998,1,9,0,7,0,5,1,0,0,0,1,1,6,1,-1,-1,1796,1,15,-1,1,-1
2015210033998,2,9,0,9,0,1,0,0,0,0,3,1,1,1,37,7,1995,2,9,-1,1,-1
2015210034004,1,9,0,18,0,4,0,0,0,0,1,1,6,1,59,9,1399,1,8,-1,1,-1
2015210034004,2,8,0,18,0,3,0,0,0,0,1,1,6,2,30,6,1596,1,6,-1,1,-1
2015210034090,1,9,0,5,0,8,0,0,0,0,3,1,6,2,66,10,1753,2,13,-1,1,-1
2015210034090,2,97,0,9,0,5,0,0,0,0,1,1,6,2,47,8,689,1,-1,-1,1,-1
2015210034121,1,9,0,18,0,0,0,0,0,0,1,1,6,1,-1,-1,1968,2,4,-1,1,-1
2015210034121,2,9,0,18,0,0,0,0,0,0,3,1,6,2,58,9,1498,1,7,-1,1,-1
2015210034124,1,9,0,18,0,8,0,0,0,0,1,1,6,1,22,5,2143,2,3,-1,1,-1
2015210034124,2,9,0,4,0,8,0,0,0,0,2,1,6,1,20,4,1242,1,13,-1,1,-1
2015210034124,3,9,0,4,0,8,0,0,0,0,2,1,6,1,31,6,1368,1,11,-1,1,-1
2015210034129,1,9,0,18,0,0,0,0,0,0,1,1,6,1,-1,-1,1360,1,6,-1,2,-1
2015210034129,2,9,0,18,0,0,0,0,0,0,1,1,6,1,-1,-1,1798,1,4,-1,1,-1
2015210034141,1,9,0,17,0,0,1,0,2,10,4,1,6,1,46,8,1997,2,6,-1,3,-1
2015210034141,2,9,0,17,0,0,0,0,0,0,1,1,6,2,31,6,1600,1,2,-1,2,-1
2015210034141,3,9,0,17,0,0,0,0,0,0,1,1,6,2,54,8,2688,2,12,-1,1,-1
2015210034163,1,9,0,18,0,0,0,0,0,0,4,1,5,1,61,9,2204,2,9,-1,1,-1
2015210034168,1,9,0,18,0,0,0,0,0,0,1,1,6,1,31,6,1299,1,17,-1,1,-1
2015210034168,2,9,0,3,0,0,0,0,0,0,2,1,2,2,43,7,1242,1,2,-1,3,-1
2015210034168,3,9,0,3,0,0,0,0,0,0,2,1,6,1,71,10,1998,2,11,-1,1,-1
2015210034169,1,9,0,18,0,0,0,0,0,0,4,1,6,1,59,9,1598,2,1,-1,1,-1
2015210034175,1,9,0,9,0,8,0,0,0,0,0,1,6,1,42,7,1598,2,1,-1,1,-1
2015210034176,1,9,0,18,0,0,2,0,2,10,4,1,6,1,17,4,1199,1,11,-1,1,-1
2015210034182,1,9,0,7,0,6,0,0,0,0,4,1,5,1,46,8,-1,-1,-1,-1,1,-1
2015210034184,1,19,0,9,0,6,0,0,0,0,1,1,1,1,-1,-1,2143,2,4,-1,1,-1
2015210034184,2,9,0,3,0,8,0,0,0,0,3,1,6,1,57,9,1997,1,14,-1,1,-1
2015210034189,1,9,0,18,0,1,0,0,0,0,1,1,6,2,73,10,1998,1,13,-1,1,-1
2015210034191,1,5,0,18,0,0,0,0,0,0,1,1,6,1,37,7,750,1,2,-1,1,-1
2015210034191,2,5,0,4,0,0,0,0,0,0,2,1,6,1,28,6,999,1,4,-1,1,-1
2015210034193,1,9,0,18,0,8,0,0,0,0,0,1,6,1,43,7,-1,-1,-1,-1,1,-1
2015210034193,2,1,0,18,0,8,0,0,0,0,1,1,6,1,36,7,-1,-1,-1,-1,1,-1
2015210034197,1,9,0,18,0,8,0,0,0,0,1,1,5,1,22,5,1560,2,8,-1,1,-1
2015210034197,2,8,0,18,0,4,0,0,0,0,3,1,1,1,35,6,1598,2,4,-1,1,-1
2015210034197,3,9,0,3,0,1,0,0,0,0,3,1,1,1,35,6,1299,1,15,-1,1,-1
2015210034211,1,9,0,18,0,0,0,0,0,0,1,1,1,1,42,7,2204,2,9,-1,1,-1
2015210034223,1,90,0,18,0,6,0,0,0,0,4,1,6,1,30,6,234,1,10,-1,1,-1
2015210034223,2,9,0,18,0,8,0,0,0,0,1,1,6,2,28,6,1991,2,9,-1,1,-1
2015210034231,1,9,0,18,0,0,0,0,0,0,1,1,2,1,19,4,1395,1,-1,-1,1,-1
2015210034231,2,9,0,4,0,0,0,0,0,0,2,1,6,1,68,10,1968,2,2,-1,1,-1
2015210034257,1,9,0,18,0,0,0,0,0,0,1,1,6,1,57,9,2967,2,8,-1,3,-1
2015210034257,2,9,0,18,0,0,0,0,0,0,2,1,6,1,63,9,1995,2,9,-1,1,-1
2015210034257,3,9,0,18,0,0,0,0,0,0,2,1,6,1,56,9,1997,2,9,-1,1,-1
2015210034257,4,19,0,5,0,0,0,0,0,0,2,1,6,1,53,8,2402,2,5,-1,1,-1
2015210034297,1,9,0,18,0,0,0,0,0,0,3,1,6,1,21,5,1400,2,9,-1,3,-1
2015210034301,1,9,0,13,0,1,0,0,0,0,3,1,6,1,56,9,1390,1,3,-1,2,-1
2015210034301,2,19,0,9,0,8,0,0,0,0,1,1,1,1,43,7,1598,2,-1,-1,1,-1
2015210034301,3,21,0,18,0,1,0,0,0,0,0,1,6,3,-1,-1,-1,-1,-1,-1,-1,-1
2015210034308,1,9,0,18,0,0,0,0,0,0,1,1,2,1,50,8,2000,2,9,-1,1,-1
2015210034308,2,1,0,18,0,0,0,0,0,0,2,1,2,1,20,4,-1,-1,-1,-1,1,-1
2015210034328,1,9,0,18,0,1,0,0,0,0,1,1,6,3,-1,-1,-1,-1,-1,-1,-1,-1
2015210034328,2,8,0,3,0,1,0,0,0,0,2,1,1,1,39,7,1598,2,3,-1,1,-1
2015210034337,1,9,0,9,0,8,0,0,0,0,4,1,6,1,27,6,3498,1,11,-1,1,-1
2015210034337,2,9,0,12,0,8,0,0,0,0,3,1,6,2,51,8,1997,2,6,-1,3,-1
2015210034344,1,3,0,18,0,1,0,0,0,0,1,1,2,1,32,6,125,1,-1,-1,2,-1
2015210034344,2,9,0,9,0,1,0,0,0,0,1,1,2,2,56,9,1329,1,2,-1,3,-1
2015210034354,1,9,0,18,0,1,0,0,0,0,1,1,1,1,44,7,1968,2,4,-1,1,-1
2015210034354,2,9,0,4,0,1,0,0,0,0,2,1,6,2,44,7,1229,1,2,-1,1,-1
2015210034354,3,9,0,4,0,1,0,0,0,0,2,1,6,1,22,5,1896,2,9,-1,1,-1
2015210034363,1,98,0,10,0,1,0,0,0,0,1,1,6,1,36,7,1995,2,1,-1,1,-1
2015210034363,2,9,0,10,0,1,0,0,0,0,2,1,2,2,31,6,1598,2,4,-1,1,-1
2015210034369,1,9,0,18,0,1,0,0,0,0,1,1,6,1,22,5,1332,1,18,-1,1,-1
2015210034379,1,9,0,9,0,0,0,0,0,0,1,1,6,2,20,4,1242,1,1,-1,1,-1
2015210034379,2,3,0,18,0,0,0,0,0,0,1,1,6,1,21,5,124,1,-1,-1,1,-1
2015210034381,1,9,0,18,0,8,0,0,0,0,1,1,6,1,44,7,1596,1,15,-1,1,-1
2015210034381,2,9,0,9,0,8,0,0,0,0,1,1,1,2,21,5,1229,1,4,-1,1,-1
2015210034405,1,9,0,18,0,8,0,0,0,0,1,1,6,1,23,5,1968,2,6,-1,1,-1
2015210034405,2,9,0,3,0,8,0,0,0,0,2,1,1,1,25,5,1896,2,8,-1,1,-1
2015210034454,1,9,0,18,0,4,0,0,0,0,1,1,6,1,66,10,1997,2,7,-1,1,-1
2015210034454,2,3,0,9,0,4,0,0,0,0,4,1,6,1,23,5,125,1,3,-1,1,-1
2015210034456,1,9,0,5,0,0,0,0,0,0,4,1,6,1,68,10,1598,1,2,-1,3,-1
2015210034468,1,9,0,16,0,0,1,0,7,0,1,1,6,1,25,5,2995,1,-1,-1,1,-1
2015210034495,1,9,0,9,0,2,0,0,0,0,1,1,1,2,29,6,1995,2,4,-1,1,-1
2015210034495,2,3,0,18,0,8,0,0,0,0,1,1,6,1,24,5,90,1,12,-1,1,-1
2015210034522,1,21,1,6,0,8,0,0,0,0,3,1,1,1,42,7,12900,2,7,-1,1,-1
2015210034522,2,9,0,9,0,3,0,0,0,0,1,1,6,2,49,8,1998,2,13,-1,1,-1
2015210034574,1,9,0,18,0,8,0,0,0,0,4,1,5,2,44,7,1956,2,-1,-1,1,-1
2015210034574,2,9,0,18,0,8,0,0,0,0,1,1,5,1,35,6,1598,1,8,-1,1,-1
2015210034585,1,9,0,3,0,1,0,0,0,0,1,1,2,1,35,6,1149,1,4,-1,1,-1
2015210034585,2,98,1,3,0,1,0,0,0,0,1,1,1,1,60,9,12419,2,4,-1,1,-1
2015210034585,3,9,0,3,0,1,0,0,0,0,2,1,2,1,43,7,1242,1,11,-1,-1,-1
2015210034585,4,9,0,3,0,1,0,0,0,0,2,1,6,1,49,8,-1,-1,-1,-1,1,-1
2015210034585,5,9,0,3,0,1,0,0,0,0,1,1,2,1,25,5,-1,-1,-1,-1,-1,-1
2015210034585,6,9,0,3,0,1,0,0,0,0,2,1,6,2,24,5,1395,1,2,-1,1,-1
2015210034585,7,-1,0,3,0,1,0,0,0,0,2,1,6,3,-1,-1,-1,-1,-1,-1,-1,-1
2015210034597,1,9,-1,-1,-1,-1,-1,-1,-1,0,-1,1,6,2,20,4,998,1,10,-1,1,-1
2015210034597,2,1,-1,-1,-1,-1,-1,-1,-1,0,-1,1,2,1,-1,-1,-1,-1,-1,-1,-1,-1
2015210034611,1,9,0,18,0,6,0,0,0,0,1,1,6,2,76,11,1956,2,1,-1,1,-1
2015210034611,2,9,0,18,0,8,0,0,1,0,3,1,2,2,-1,-1,1242,1,7,-1,1,-1
2015210034619,1,9,0,9,0,6,0,0,0,0,1,1,6,2,77,11,1299,1,13,-1,1,-1
2015210034619,2,9,0,18,0,1,0,0,0,0,4,1,6,1,49,8,-1,-1,-1,-1,3,-1
2015210034651,1,9,0,9,0,6,0,0,0,0,1,1,6,2,56,9,2179,2,-1,-1,1,-1
2015210034651,2,9,0,18,0,8,0,0,0,0,4,1,6,1,42,7,1560,2,4,-1,1,-1
2015210034668,1,9,0,4,0,1,0,0,0,0,1,1,6,2,27,6,1364,2,12,-1,1,-1
2015210034668,2,9,0,4,0,1,0,0,0,0,2,1,3,2,38,7,1299,1,10,-1,2,-1
2015210034689,1,9,0,18,0,0,0,0,0,0,3,1,6,2,32,6,1968,2,6,-1,2,-1
2015210034689,2,9,0,18,0,0,0,0,7,0,1,1,6,2,45,7,3000,1,12,-1,1,-1
2015210034690,1,9,0,3,0,0,0,0,0,0,0,1,6,2,44,7,2720,2,11,-1,1,-1
2015210034690,2,16,0,18,0,0,0,0,0,0,0,1,5,2,49,8,-1,-1,-1,-1,3,-1
2015210034714,1,9,0,5,0,0,0,0,0,0,4,1,6,2,39,7,1595,1,8,-1,-1,-1
2015210034716,1,9,0,9,0,5,0,0,0,0,1,1,5,1,62,9,1598,2,1,-1,1,-1
2015210034716,2,3,0,18,0,8,0,0,0,0,1,1,5,1,19,4,-1,-1,-1,-1,1,-1
2015210034730,1,9,0,18,0,1,0,0,0,0,1,1,6,2,61,9,1997,2,10,-1,3,-1
2015210034730,2,9,0,3,0,1,0,0,3,0,2,1,6,1,48,8,1364,1,10,-1,1,-1
2015210034730,3,9,0,3,0,1,0,0,3,0,2,1,6,1,72,10,2494,1,18,-1,1,-1
2015210034740,1,21,1,11,0,0,0,0,0,0,1,1,1,1,-1,-1,12419,2,-1,-1,2,-1
2015210034740,2,9,0,18,0,0,0,0,0,0,1,1,6,1,71,10,1984,1,14,-1,1,-1
2015210034754,1,10,0,18,0,8,0,0,0,0,1,1,1,1,34,6,2499,2,14,-1,1,-1
2015210034754,2,9,0,4,0,8,0,0,0,0,2,1,6,1,55,8,1995,2,3,-1,1,-1
2015210034754,3,9,0,18,0,8,0,0,0,0,0,1,1,2,-1,-1,1248,2,2,-1,3,-1
2015210034793,1,9,0,18,0,0,0,0,0,0,1,1,6,1,29,6,1598,1,5,-1,1,-1
2015210034793,2,9,0,3,0,0,0,0,0,0,2,1,6,1,60,9,1598,1,7,-1,2,-1
2015210034793,3,9,0,3,0,0,0,0,0,0,2,1,6,1,50,8,1422,2,14,-1,1,-1
2015210034845,1,20,1,18,0,7,0,0,0,0,4,1,1,1,53,8,-1,-1,-1,-1,1,-1
2015210034845,2,9,0,18,0,7,0,0,0,0,3,1,1,2,22,5,1398,1,-1,-1,1,-1
2015210034855,1,9,0,13,0,8,0,0,0,0,1,1,1,2,27,6,1598,2,1,-1,1,-1
2015210034855,2,19,0,9,0,5,0,0,0,0,3,1,1,1,29,6,1560,2,3,-1,1,-1
2015210034858,1,9,0,16,0,8,0,0,0,0,1,1,6,1,19,4,1199,1,13,-1,1,-1
2015210034858,2,98,0,17,0,8,0,0,0,0,1,1,6,1,56,9,-1,-1,-1,-1,1,-1
2015210034890,1,9,0,18,0,0,0,0,0,0,1,1,1,1,22,5,1368,1,1,-1,1,-1
2015210034890,2,98,1,18,0,0,0,0,0,0,4,1,6,1,48,8,11967,2,4,-1,1,-1
2015210034897,1,9,0,18,0,0,1,0,0,0,1,1,6,2,26,6,1360,1,15,-1,1,-1
2015210034897,2,9,0,2,0,0,0,0,0,0,1,1,6,2,32,6,1598,1,8,-1,-1,-1
2015210034905,1,19,0,16,0,1,0,0,0,0,1,1,6,1,25,5,-1,-1,-1,-1,1,-1
2015210034905,2,9,0,3,0,1,0,0,0,0,2,1,6,2,25,5,1968,2,7,-1,1,-1
2015210034905,3,9,0,10,0,1,0,0,0,0,2,1,6,1,43,7,-1,-1,-1,-1,1,-1
2015210034908,1,98,1,9,0,8,0,0,0,0,1,1,1,1,35,6,12900,2,7,-1,1,-1
2015210034908,2,9,0,18,0,8,0,0,0,0,4,1,6,1,46,8,1968,2,6,-1,1,-1
2015210034910,1,3,0,13,0,0,0,7,0,0,1,1,6,1,22,5,124,1,3,-1,1,-1
2015210034910,2,9,0,18,0,0,0,0,0,0,1,1,6,1,59,9,2987,2,9,-1,1,-1
2015210034935,1,9,0,16,0,0,0,0,0,0,1,1,6,1,24,5,1910,2,7,-1,-1,-1
2015210034935,2,9,0,17,0,0,0,0,0,0,3,1,6,1,23,5,1240,1,10,-1,1,-1
2015210034939,1,9,0,18,0,1,0,0,0,0,1,1,6,1,44,7,1149,1,16,-1,1,-1
2015210034947,1,9,-1,-1,-1,-1,-1,-1,-1,0,-1,1,6,2,40,7,1995,2,11,-1,1,-1
2015210034947,2,9,-1,-1,-1,-1,-1,-1,-1,0,-1,1,6,2,25,5,998,1,8,-1,1,-1
2015210034958,1,9,0,4,0,0,0,0,0,0,1,1,6,2,45,7,1598,1,12,-1,1,-1
2015210034958,2,97,0,18,0,0,0,0,0,0,3,1,6,1,49,8,1215,1,-1,-1,1,-1
2015210034958,3,19,0,12,0,0,0,0,0,0,2,1,6,1,67,10,1398,2,4,-1,1,-1
2015210035005,1,-1,0,6,0,1,0,0,0,0,3,1,6,3,-1,-1,-1,-1,-1,-1,-1,-1