Accident_Index,Vehicle_Reference,Vehicle_Type,Towing_and_Articulation,Vehicle_Manoeuvre,Vehicle_Location-Restricted_Lane,Junction_Location,Skidding_and_Overturning,Hit_Object_in_Carriageway,Vehicle_Leaving_Carriageway,Hit_Object_off_Carriageway,1st_Point_of_Impact,Was_Vehicle_Left_Hand_Drive?,Journey_Purpose_of_Driver,Sex_of_Driver,Age_of_Driver,Age_Band_of_Driver,Engine_Capacity_(CC),Propulsion_Code,Age_of_Vehicle,Driver_IMD_Decile,Driver_Home_Area_Type,Vehicle_IMD_Decile
2015210035005,2,5,0,18,0,1,0,0,0,0,1,1,6,1,26,6,649,1,1,-1,1,-1
2015210035006,1,9,0,18,0,0,0,0,0,0,1,1,5,1,49,8,-1,-1,-1,-1,2,-1
2015210035006,2,9,0,4,0,0,0,0,0,0,2,1,5,1,25,5,1248,2,9,-1,1,-1
2015210035008,1,9,0,18,0,1,0,0,0,0,1,1,5,1,76,11,1422,2,14,-1,1,-1
2015210035008,2,5,0,8,0,1,0,0,0,0,3,1,5,1,35,6,-1,-1,-1,-1,1,-1
2015210035009,1,9,0,17,0,8,0,0,0,0,1,1,6,2,54,8,1560,2,7,-1,1,-1
2015210035009,2,1,0,12,0,8,0,0,0,0,1,1,6,1,26,6,-1,-1,-1,-1,3,-1
2015210035039,1,8,0,18,0,4,0,0,0,0,1,1,6,1,30,6,1796,1,7,-1,1,-1
2015210035039,2,1,0,9,0,8,0,0,0,0,2,1,6,1,38,7,-1,-1,-1,-1,1,-1
2015210035042,1,9,-1,18,0,4,0,0,0,0,-1,1,6,1,-1,-1,1998,1,6,-1,1,-1
2015210035042,2,9,0,18,0,4,0,0,0,0,2,1,6,2,33,6,1560,2,9,-1,1,-1
2015210035070,1,9,0,9,0,6,0,0,0,0,1,1,6,1,21,5,1242,1,9,-1,1,-1
2015210035070,2,9,0,18,0,8,0,0,0,0,1,1,6,1,68,10,1398,1,5,-1,1,-1
2015210035073,1,9,0,9,0,5,0,0,0,0,1,1,6,1,41,7,1598,1,7,-1,1,-1
2015210035073,2,9,0,18,0,8,0,0,0,0,1,1,6,2,53,8,1598,1,4,-1,-1,-1
2015210035074,1,9,0,18,0,8,0,0,0,0,1,1,6,1,24,5,2000,2,11,-1,1,-1
2015210035074,2,9,0,18,0,8,0,0,0,0,4,1,6,2,49,8,1396,1,11,-1,1,-1
2015210035081,1,9,0,18,0,3,0,0,0,0,1,1,6,1,-1,-1,1298,1,13,-1,-1,-1
2015210035081,2,9,0,18,0,3,0,0,0,0,2,1,6,1,18,4,1360,1,15,-1,1,-1
2015210035082,1,9,0,18,0,6,0,0,0,0,1,1,2,1,51,8,1596,1,14,-1,1,-1
2015210035082,2,1,0,18,0,8,0,0,0,0,2,1,1,1,52,8,-1,-1,-1,-1,3,-1
2015210035097,1,9,0,18,0,2,0,0,8,11,1,1,6,1,36,7,1910,2,6,-1,1,-1
2015210035114,1,23,0,18,0,0,0,0,0,0,3,1,2,1,26,6,124,1,-1,-1,1,-1
2015210035114,2,9,0,18,0,0,0,0,0,0,2,1,1,1,48,8,1995,2,1,-1,1,-1
2015210035114,3,9,0,4,0,0,0,0,0,0,2,1,1,1,32,6,1598,2,-1,-1,1,-1
2015210035116,1,9,0,16,0,5,1,0,7,7,1,1,2,1,26,6,1596,1,10,-1,1,-1
2015210035129,1,9,0,7,0,3,0,0,0,0,3,1,1,1,19,4,1798,1,-1,-1,3,-1
2015210035129,2,9,0,9,0,8,0,0,0,0,4,1,4,2,17,4,1242,1,2,-1,-1,-1
2015210035155,1,9,0,9,0,5,0,0,0,0,1,1,6,2,24,5,1390,1,9,-1,3,-1
2015210035155,2,9,0,18,0,8,0,0,0,0,1,1,2,1,42,7,1560,2,4,-1,1,-1
2015210035158,1,98,0,6,0,0,0,0,0,0,3,1,6,1,41,7,1753,2,11,-1,1,-1
2015210035158,2,9,0,18,0,0,0,0,0,0,1,1,2,1,30,6,1968,2,7,-1,1,-1
2015210035218,1,9,0,4,0,1,1,0,5,6,3,1,6,1,38,7,1994,1,10,-1,1,-1
2015210035218,2,9,0,17,0,1,0,0,0,0,2,1,6,2,24,5,1397,1,7,-1,3,-1
2015210035227,1,9,0,18,0,2,0,0,0,0,1,1,6,1,38,7,1598,1,7,-1,2,-1
2015210035227,2,9,0,3,0,2,0,0,0,0,2,1,6,1,47,8,1461,2,4,-1,2,-1
2015210035227,3,9,0,3,0,2,0,0,0,0,2,1,2,2,63,9,1998,2,8,-1,-1,-1
2015210035239,1,3,0,18,0,0,0,0,0,0,1,1,6,1,18,4,124,1,11,-1,1,-1
2015210035239,2,9,0,2,0,0,0,0,0,0,2,1,5,2,37,7,1910,2,7,-1,1,-1
2015210035253,1,9,0,5,0,0,0,0,0,0,0,1,6,2,-1,-1,1968,2,9,-1,1,-1
2015210035253,2,10,0,4,0,0,0,0,0,0,0,1,6,1,52,8,2402,2,12,-1,1,-1
2015210035255,1,98,0,5,0,0,0,0,0,0,1,1,6,1,39,7,1998,2,13,-1,-1,-1
2015210035255,2,1,0,18,0,0,0,0,0,0,1,1,6,1,47,8,-1,-1,-1,-1,1,-1
2015210035257,1,98,0,1,0,0,0,0,0,0,-1,1,6,1,-1,-1,-1,-1,-1,-1,1,-1
2015210035258,1,19,0,18,0,2,0,0,0,0,1,1,1,1,27,6,-1,-1,-1,-1,1,-1
2015210035258,2,9,0,3,0,2,0,0,0,0,1,1,6,2,69,10,1999,1,8,-1,-1,-1
2015210035258,3,8,0,4,0,2,0,0,0,0,2,1,1,1,36,7,1998,2,5,-1,1,-1
2015210035261,1,9,0,16,0,0,5,0,1,10,1,1,6,1,21,5,1560,2,2,-1,1,-1
2015210035269,1,98,5,12,0,0,0,0,0,0,1,1,1,1,52,8,-1,-1,-1,-1,-1,-1
2015210035269,2,9,0,18,0,0,0,0,0,0,1,1,6,1,33,6,1390,1,16,-1,1,-1
2015210035271,1,9,0,7,0,8,0,0,0,0,1,1,1,1,45,7,1368,1,8,-1,1,-1
2015210035271,2,1,0,18,0,8,0,0,0,0,1,1,6,1,14,3,-1,-1,-1,-1,1,-1
2015210035274,1,9,0,18,0,1,0,0,0,0,1,1,6,2,65,9,1997,2,8,-1,1,-1
2015210035281,1,9,0,18,0,0,0,0,0,0,1,1,6,1,62,9,2204,2,9,-1,1,-1
2015210035311,1,9,0,18,0,0,0,10,0,0,1,1,6,2,73,10,1560,2,1,-1,3,-1
2015210035311,2,9,0,2,0,0,0,0,0,0,2,1,5,2,45,7,2926,2,10,-1,3,-1
2015210035371,1,3,0,13,0,8,0,0,0,0,1,1,6,1,25,5,125,1,9,-1,1,-1
2015210035371,2,9,0,9,0,5,0,0,0,0,3,1,1,1,54,8,2493,8,1,-1,1,-1
2015210035381,1,21,1,11,0,0,0,0,0,0,1,1,1,1,34,6,12902,2,-1,-1,1,-1
2015210035381,2,9,0,16,0,0,0,0,0,0,3,1,2,2,26,6,1240,1,10,-1,1,-1
2015210035382,1,9,0,6,8,0,0,0,0,0,2,1,6,1,85,11,1248,1,5,-1,1,-1
2015210035382,2,9,0,18,0,0,0,0,0,0,1,1,6,1,43,7,1248,1,2,-1,3,-1
2015210035391,1,-1,-1,-1,-1,0,-1,-1,-1,0,-1,1,6,3,-1,-1,-1,-1,-1,-1,-1,-1
2015210035403,1,9,0,18,0,6,0,0,0,0,1,1,6,3,-1,-1,-1,-1,-1,-1,-1,-1
2015210035403,2,1,0,18,0,8,0,0,0,0,1,1,6,1,12,3,-1,-1,-1,-1,1,-1
2015210035423,1,9,0,5,0,0,0,0,0,0,1,1,6,2,-1,-1,1364,1,1,-1,-1,-1
2015210035423,2,9,0,3,0,0,0,0,0,0,2,1,6,2,39,7,1956,2,1,-1,1,-1
2015210035492,1,9,0,16,0,2,0,0,0,0,1,1,6,1,18,4,1199,1,12,-1,1,-1
2015210035492,2,9,0,4,0,2,0,0,0,0,2,1,6,2,43,7,1388,1,5,-1,1,-1
2015210035505,1,9,0,18,0,0,0,0,0,0,1,1,6,1,28,6,1968,2,8,-1,3,-1
2015210035505,2,9,0,4,0,0,0,0,0,0,2,1,6,2,26,6,1390,1,17,-1,1,-1
2015210035506,1,9,0,18,0,1,0,0,0,0,3,1,6,1,-1,-1,-1,-1,-1,-1,-1,-1
2015210035512,1,9,0,18,0,0,0,0,0,0,1,1,6,3,-1,-1,1364,1,11,-1,-1,-1
2015210035512,2,9,0,18,0,0,0,0,0,0,2,1,1,2,22,5,1398,1,-1,-1,1,-1
2015210035517,1,9,0,18,0,0,1,0,0,0,1,1,6,2,22,5,1299,1,9,-1,2,-1
2015210035517,2,11,0,18,0,0,0,0,0,0,3,1,1,1,35,6,12800,2,1,-1,1,-1
2015210035522,1,9,0,18,0,4,0,0,0,0,1,1,6,2,24,5,1149,1,13,-1,1,-1
2015210035522,2,9,0,18,0,8,0,0,0,0,4,1,6,2,22,5,1364,1,7,-1,2,-1
2015210035527,1,9,0,18,0,0,0,0,0,0,1,1,5,1,21,5,1360,1,10,-1,1,-1
2015210035527,2,9,0,4,0,0,0,0,0,0,2,1,5,2,43,7,1686,2,10,-1,1,-1
2015210035533,1,9,0,-1,-1,-1,0,0,0,0,1,1,6,1,32,6,1968,2,4,-1,1,-1
2015210035538,1,9,0,18,0,0,0,0,0,0,4,1,6,1,81,11,1984,1,5,-1,-1,-1
2015210035538,2,9,0,2,0,0,0,0,0,0,3,1,6,1,20,4,1398,1,10,-1,1,-1
2015210035539,1,9,0,18,0,0,0,0,0,0,1,1,6,1,38,7,-1,-1,-1,-1,1,-1
2015210035539,2,9,0,18,0,0,0,0,0,0,2,1,6,1,62,9,1968,2,4,-1,1,-1
2015210035545,1,9,0,18,0,0,5,0,1,11,1,1,6,2,24,5,1360,1,7,-1,1,-1
2015210035556,1,9,0,5,0,1,0,0,0,0,2,1,6,1,62,9,1229,1,2,-1,1,-1
2015210035556,2,3,0,18,0,1,0,0,0,0,1,1,6,1,19,4,124,1,1,-1,1,-1
2015210035572,1,9,0,9,0,1,0,0,0,0,1,1,6,2,22,5,1199,1,13,-1,1,-1
2015210035572,2,9,0,18,0,1,0,0,0,0,1,1,6,2,32,6,1896,2,13,-1,1,-1
2015210035574,1,9,0,5,0,1,0,0,0,0,1,1,6,1,83,11,1398,1,2,-1,1,-1
2015210035574,2,9,0,5,0,4,0,0,0,0,2,1,6,1,35,6,1242,1,6,-1,1,-1
2015210035657,1,19,0,5,0,6,0,0,0,0,1,1,1,1,25,5,-1,-1,-1,-1,1,-1
2015210035657,2,9,0,18,0,8,0,0,0,0,4,1,6,2,25,5,1360,1,6,-1,1,-1
2015210035661,1,9,0,16,0,0,2,0,8,11,1,1,6,1,25,5,1598,2,-1,-1,1,-1
2015210035666,1,19,0,18,0,1,0,0,0,0,1,1,6,1,76,11,-1,-1,-1,-1,1,-1
2015210035666,2,9,0,8,0,1,0,0,0,0,2,1,6,2,49,8,1248,2,2,-1,1,-1
2015210035673,1,9,0,16,0,0,1,0,1,10,1,1,6,1,18,4,1598,1,9,-1,1,-1
2015210035674,1,9,0,18,0,0,0,0,0,0,1,1,5,2,17,4,1461,2,11,-1,3,-1
2015210035674,2,9,0,3,0,0,0,0,0,0,2,1,5,2,50,8,1400,1,15,-1,2,-1
2015210035674,3,9,0,3,0,0,0,0,0,0,3,1,5,1,38,7,-1,-1,-1,-1,3,-1
2015210035678,1,9,0,5,0,4,0,0,0,0,1,1,6,1,54,8,2143,2,-1,-1,3,-1
2015210035678,2,1,0,3,0,4,0,0,0,0,2,1,1,1,43,7,-1,-1,-1,-1,3,-1
2015210035681,1,-1,0,18,0,0,0,0,0,0,1,1,6,3,-1,-1,-1,-1,-1,-1,-1,-1
2015210035682,1,9,0,18,0,1,0,0,0,0,1,1,6,2,-1,-1,1995,2,3,-1,1,-1
2015210035682,2,9,0,7,0,5,0,0,0,0,2,1,6,1,17,4,1229,1,-1,-1,2,-1
2015210035692,1,9,0,18,0,1,0,0,0,0,1,1,6,1,44,7,1596,1,14,-1,-1,-1
2015210035692,2,9,0,18,0,1,0,0,0,0,2,1,6,1,32,6,-1,-1,-1,-1,1,-1
2015210035703,1,9,0,18,0,1,0,0,0,0,1,1,6,1,25,5,2198,1,12,-1,1,-1
2015210035703,2,8,0,7,0,1,0,0,0,0,2,1,1,1,34,6,1995,2,8,-1,1,-1
2015210035703,3,9,0,10,0,1,0,0,0,0,3,1,6,1,21,5,-1,-1,-1,-1,1,-1
2015210035704,1,9,0,5,0,0,0,0,0,0,4,1,1,2,38,7,1560,2,4,-1,1,-1
2015210035707,1,9,0,9,0,0,0,0,0,0,1,1,2,1,62,9,1797,1,16,-1,2,-1
2015210035708,1,9,0,13,0,2,0,0,0,0,4,1,6,3,-1,-1,1242,1,9,-1,-1,-1
2015210035708,2,1,0,18,0,2,0,0,0,0,3,1,6,2,52,8,-1,-1,-1,-1,1,-1
2015210035722,1,9,0,18,0,0,0,0,5,6,1,1,6,1,-1,-1,1761,1,16,-1,1,-1
2015210035723,1,9,0,18,0,0,0,0,0,0,1,1,6,1,53,8,1997,2,14,-1,3,-1
2015210035723,2,9,0,18,0,0,0,0,0,0,1,1,2,1,22,5,1600,1,15,-1,1,-1
2015210035724,1,3,0,7,0,3,0,0,0,0,3,1,6,1,42,7,-1,-1,-1,-1,1,-1
2015210035724,2,9,0,9,0,8,0,0,0,0,3,1,6,1,42,7,1598,1,2,-1,1,-1
2015210035728,1,9,0,17,0,0,2,0,0,0,1,1,6,1,18,4,1248,2,9,-1,2,-1
2015210035732,1,9,0,18,0,0,0,0,0,0,1,1,6,1,19,4,1200,1,12,-1,1,-1
2015210035732,2,9,0,18,0,0,0,0,0,0,0,1,6,1,29,6,1781,1,11,-1,1,-1
2015210035759,1,9,0,5,0,4,0,0,0,0,1,1,2,1,47,8,1995,2,3,-1,1,-1
2015210035759,2,9,0,9,0,8,0,0,0,0,4,1,2,2,37,7,998,1,3,-1,1,-1
2015210035762,1,9,0,18,0,0,0,0,7,2,1,1,6,2,81,11,1229,1,9,-1,1,-1
2015210035799,1,9,0,9,0,4,0,0,0,0,3,1,6,1,18,4,1242,1,6,-1,1,-1
2015210035799,2,9,0,18,0,8,0,0,0,0,1,1,6,2,-1,-1,-1,-1,-1,-1,1,-1
2015210035810,1,21,1,18,0,1,0,0,0,0,1,1,1,1,47,8,12419,2,2,-1,1,-1
2015210035810,2,9,0,10,0,1,0,0,0,0,2,1,6,2,52,8,1397,1,8,-1,3,-1
2015210035831,1,9,0,16,0,2,0,0,1,10,1,1,6,1,23,5,1910,2,7,-1,1,-1
2015210035853,1,8,0,9,0,6,0,0,0,0,1,1,6,3,-1,-1,-1,-1,-1,-1,-1,-1
2015210035853,2,1,0,18,0,8,0,0,0,0,1,1,6,1,37,7,-1,-1,-1,-1,1,-1
2015210035856,1,9,0,16,0,0,0,0,0,0,1,1,2,2,52,8,998,1,-1,-1,3,-1
2015210035856,2,9,0,2,0,0,0,4,0,0,2,1,6,1,28,6,-1,-1,-1,-1,3,-1
2015210035857,1,9,0,5,0,0,0,0,0,0,1,1,6,1,43,7,-1,-1,-1,-1,1,-1
2015210035857,2,97,0,18,0,0,1,0,0,0,1,1,6,1,17,4,124,1,2,-1,1,-1
2015210035863,1,9,0,18,0,0,0,0,0,0,1,1,6,1,25,5,2143,2,2,-1,1,-1
2015210035863,2,90,3,4,0,0,0,0,0,0,1,1,6,1,53,8,1600,1,45,-1,2,-1
2015210035863,3,9,0,18,0,0,0,0,0,0,2,1,6,1,31,6,1461,2,8,-1,1,-1
2015210035873,1,9,0,18,0,2,0,0,0,0,1,1,6,1,-1,-1,1596,1,1,-1,1,-1
2015210035873,2,9,0,3,0,2,0,0,0,0,2,1,6,2,47,8,998,1,4,-1,1,-1
2015210035890,1,9,0,18,0,0,1,0,0,0,1,1,6,2,31,6,1198,1,9,-1,1,-1
2015210035890,2,9,0,4,0,0,0,0,0,0,2,1,6,2,47,8,1956,2,3,-1,1,-1
2015210035918,1,3,0,18,0,0,1,0,0,0,3,1,3,2,18,4,125,1,-1,-1,2,-1
2015210035928,1,9,0,7,0,6,0,0,0,0,3,1,6,2,41,7,1598,1,6,-1,1,-1
2015210035928,2,9,0,18,0,8,0,0,0,0,4,1,6,1,24,5,1896,2,9,-1,1,-1
2015210035944,1,9,0,15,0,0,0,0,0,0,1,1,2,1,22,5,1798,1,11,-1,1,-1
2015210035944,2,9,0,18,0,0,0,0,0,0,1,1,2,1,56,9,1910,2,5,-1,3,-1
2015210035944,3,9,0,18,0,0,0,0,0,0,1,1,2,2,27,6,875,1,3,-1,1,-1
2015210035944,4,98,1,18,0,0,0,0,0,0,1,1,1,1,54,8,-1,-1,-1,-1,2,-1
2015210035964,1,9,0,13,0,0,0,0,1,0,3,1,6,1,24,5,1998,2,13,-1,1,-1
2015210035964,2,9,0,17,0,0,0,0,4,6,2,1,6,1,52,8,2401,2,13,-1,1,-1
2015210035964,3,9,0,13,0,0,0,0,0,0,4,1,6,1,46,8,1995,2,-1,-1,1,-1
2015210035969,1,9,0,18,0,0,0,0,0,0,1,1,6,1,69,10,1149,1,7,-1,1,-1
2015210035969,2,9,0,18,0,0,0,0,0,0,2,1,6,2,65,9,996,1,3,-1,1,-1
2015210035969,3,9,0,18,0,0,0,0,0,0,2,1,6,2,58,9,1560,2,4,-1,1,-1
2015210035969,4,9,0,18,0,0,0,0,0,0,2,1,6,1,53,8,1769,2,21,-1,1,-1
2015210035969,5,9,-1,18,0,0,0,0,0,0,2,1,6,2,50,8,1248,1,4,-1,1,-1
2015210035982,1,9,0,12,0,2,0,0,4,6,3,1,6,2,41,7,1598,1,14,-1,1,-1
2015210035982,2,9,0,18,0,2,0,0,4,6,4,1,6,1,54,8,1995,1,9,-1,3,-1
2015210035992,1,9,0,12,0,0,0,0,0,0,1,1,6,1,23,5,1229,1,6,-1,1,-1
2015210035992,2,9,0,4,0,0,0,0,0,0,2,1,6,2,38,7,1390,1,14,-1,1,-1
2015210036009,1,19,0,18,0,0,0,0,0,0,4,1,1,1,39,7,-1,-1,-1,-1,2,-1
2015210036023,1,9,0,18,0,0,0,0,0,0,1,1,6,1,73,10,1461,2,2,-1,1,-1
2015210036023,2,9,0,18,0,0,0,0,0,0,1,1,6,2,24,5,1968,2,7,-1,1,-1
2015210036023,3,9,0,2,0,0,0,0,0,0,1,1,6,2,35,6,1598,1,7,-1,1,-1
2015210036051,1,9,0,18,0,0,0,0,0,0,3,1,6,1,76,11,2765,2,16,-1,1,-1
2015210036051,2,9,0,18,0,0,0,0,0,0,3,1,2,2,23,5,1364,1,6,-1,1,-1
2015210036052,1,9,0,18,0,0,0,0,0,0,4,1,5,2,59,9,2183,2,5,-1,1,-1
2015210036071,1,9,0,18,0,0,0,0,0,0,1,1,1,1,41,7,1995,2,9,-1,2,-1
2015210036071,2,9,0,4,0,0,0,0,0,0,2,1,6,2,55,8,1997,2,2,-1,1,-1
2015210036071,3,9,0,4,0,0,0,0,0,0,2,1,6,2,32,6,1997,2,6,-1,1,-1
2015210036160,1,11,0,5,6,1,0,0,0,0,4,1,1,2,45,7,3900,2,10,-1,1,-1
2015210036160,2,9,0,2,6,1,0,0,0,0,3,1,6,1,33,6,1198,1,7,-1,1,-1
2015210036175,1,9,0,6,0,5,0,0,0,0,1,1,5,1,82,11,1794,1,12,-1,1,-1
2015210036175,2,9,0,17,0,8,0,0,0,0,1,1,5,2,21,5,1398,1,-1,-1,1,-1
2015210036184,1,2,0,11,0,0,-1,0,0,0,1,1,6,1,16,4,49,1,-1,-1,1,-1
2015210036184,2,9,0,18,0,0,-1,0,0,0,2,1,1,2,28,6,1995,2,-1,-1,1,-1
2015210036185,1,2,0,18,0,0,0,0,0,0,-1,1,5,1,23,5,49,1,-1,-1,1,-1
2015210036185,2,3,0,18,0,0,0,0,0,0,-1,1,5,1,20,4,125,1,9,-1,1,-1
2015210036190,1,9,0,18,0,6,0,0,0,0,4,1,6,2,56,9,1997,2,7,-1,1,-1
2015210036190,2,9,0,18,0,8,0,0,0,0,1,1,6,2,29,6,1598,1,7,-1,1,-1
2015210036190,3,9,0,8,0,1,0,0,0,0,4,1,6,1,31,6,1798,1,8,-1,1,-1
2015210036190,4,9,0,3,0,8,0,0,0,0,1,1,6,1,50,8,1197,1,-1,-1,1,-1
2015210036195,1,9,0,9,0,2,0,0,0,0,1,1,6,1,47,8,1248,1,6,-1,1,-1
2015210036204,1,9,0,5,0,2,0,0,0,0,1,1,6,1,20,4,1388,1,8,-1,1,-1
2015210036204,2,9,0,18,0,8,0,0,0,0,4,1,6,1,25,5,1229,1,8,-1,1,-1
2015210036226,1,9,0,18,0,1,0,0,0,0,1,1,6,1,32,6,1686,2,6,-1,1,-1
2015210036234,1,21,1,11,0,8,0,0,0,0,3,1,6,1,61,9,11967,2,2,-1,1,-1
2015210036234,2,9,0,3,0,8,0,0,0,0,4,1,1,1,35,6,1995,2,1,-1,1,-1
2015210036241,1,11,0,4,0,0,0,0,0,0,0,1,1,1,45,7,7300,2,13,-1,1,-1
2015210036243,1,9,0,4,0,0,0,0,0,0,1,1,6,1,24,5,1896,2,11,-1,1,-1
2015210036243,2,9,0,4,0,0,0,0,0,0,2,1,6,2,25,5,1598,2,3,-1,1,-1
2015210036243,3,9,0,4,0,0,0,0,0,0,0,1,6,3,-1,-1,-1,-1,-1,-1,-1,-1
2015210036243,4,9,0,12,0,0,0,0,0,0,0,1,6,3,-1,-1,-1,-1,-1,-1,-1,-1
2015210036243,5,21,1,2,0,0,0,0,0,0,0,1,6,3,-1,-1,-1,-1,-1,-1,-1,-1
2015210036247,1,9,0,4,0,0,1,0,0,0,3,1,2,2,36,7,1396,1,15,-1,1,-1
2015210036247,2,98,0,7,0,0,0,0,0,0,3,1,1,1,40,7,12902,2,1,-1,1,-1
2015210036252,1,9,0,18,0,4,0,0,0,0,1,1,2,1,50,8,1998,2,8,-1,3,-1
2015210036259,1,9,0,18,0,0,0,0,0,0,1,1,6,2,-1,-1,1598,1,7,-1,1,-1
2015210036259,2,9,0,4,0,0,0,0,0,0,2,1,6,1,33,6,1598,2,3,-1,1,-1
2015210036267,1,21,1,12,0,0,0,0,0,0,3,2,1,1,57,9,-1,-1,-1,-1,-1,-1
2015210036267,2,9,0,18,0,0,0,0,1,7,4,1,1,1,40,7,2993,2,1,-1,3,-1
2015210036280,1,9,0,18,0,1,0,0,0,0,4,1,6,2,21,5,1242,1,1,-1,-1,-1
2015210036308,1,9,0,7,0,5,0,0,0,0,0,1,6,3,-1,-1,-1,-1,-1,-1,-1,-1
2015210036308,2,3,0,4,0,1,1,0,0,0,0,1,6,1,27,6,125,1,1,-1,1,-1
2015210036342,1,9,0,4,0,4,0,0,0,0,1,1,6,1,74,10,1197,1,-1,-1,1,-1
2015210036342,2,9,0,4,0,4,0,0,0,0,1,1,6,1,-1,-1,1229,1,9,-1,3,-1
2015210036354,1,9,0,13,0,0,0,0,0,0,1,1,5,1,24,5,1368,1,7,-1,1,-1
2015210036354,2,21,0,13,0,0,0,0,0,0,2,1,1,1,36,7,-1,-1,-1,-1,1,-1
2015210036362,1,9,0,18,0,0,0,0,0,0,1,1,5,1,58,9,1589,1,16,-1,1,-1
2015210036362,2,9,0,13,0,0,0,0,0,0,2,1,5,1,43,7,2435,1,16,-1,1,-1
2015210036366,1,3,0,18,0,0,1,0,0,0,4,1,2,1,26,6,-1,-1,-1,-1,1,-1
2015210036373,1,1,-1,18,0,8,0,0,0,0,-1,1,6,1,23,5,-1,-1,-1,-1,1,-1
2015210036373,2,9,-1,5,0,8,0,0,0,0,-1,1,6,3,-1,-1,-1,-1,-1,-1,-1,-1
2015210036414,1,9,0,9,0,8,0,0,0,0,1,1,1,1,33,6,1598,1,7,-1,1,-1
2015210036414,2,9,0,18,0,1,0,0,0,0,1,1,1,2,23,5,1461,2,8,-1,3,-1
2015210036432,1,9,0,18,0,0,0,0,0,0,4,1,6,1,50,8,1199,1,13,-1,1,-1
2015210036450,1,9,0,18,0,1,0,0,0,0,1,1,1,2,29,6,1995,2,5,-1,1,-1
2015210036450,2,9,0,4,0,1,0,0,0,0,2,1,5,2,23,5,1242,1,-1,-1,1,-1
2015210036490,1,19,0,10,0,1,0,0,0,0,2,1,6,1,-1,-1,1560,2,1,-1,3,-1
2015210036490,2,19,0,18,0,1,0,0,0,0,1,1,6,1,51,8,2402,2,7,-1,3,-1
2015210036491,1,9,0,18,0,8,0,0,0,0,1,1,5,2,83,11,1596,1,13,-1,3,-1
2015210036491,2,9,0,9,0,6,0,0,0,0,3,1,5,1,44,7,1998,2,6,-1,1,-1
2015210036493,1,9,0,17,0,8,0,0,0,0,1,1,6,2,28,6,1360,1,9,-1,1,-1
2015210036493,2,8,0,9,0,8,0,0,0,0,2,1,1,1,51,8,-1,-1,-1,-1,1,-1
2015210036502,1,9,0,18,0,0,0,0,0,0,1,1,6,2,42,7,2777,2,6,-1,1,-1
2015210036502,2,9,0,18,0,0,0,0,0,0,2,1,6,1,56,9,-1,-1,-1,-1,1,-1
2015210036502,3,9,0,18,0,0,0,0,0,0,2,1,6,2,68,10,1248,1,1,-1,1,-1
2015210036502,4,9,0,18,0,0,0,0,0,0,2,1,6,1,27,6,1995,2,8,-1,1,-1
2015210036506,1,4,0,17,0,0,0,0,0,0,0,1,6,1,23,5,498,1,9,-1,1,-1
2015210036506,2,9,0,4,0,0,0,0,0,0,0,1,6,2,26,6,1242,1,2,-1,1,-1
2015210036542,1,98,0,18,0,0,0,0,0,0,1,1,1,1,32,6,2198,2,-1,-1,2,-1
2015210036542,2,98,0,4,0,0,0,0,0,0,2,1,1,1,57,9,2198,2,-1,-1,2,-1
2015210036542,3,98,0,4,0,0,0,0,0,0,2,1,1,1,-1,-1,10837,2,-1,-1,1,-1
2015210036546,1,9,0,18,0,0,0,10,1,10,1,1,6,1,18,4,1388,1,11,-1,1,-1
2015210036547,1,9,0,18,0,1,0,0,0,0,1,1,6,1,-1,-1,1149,1,13,-1,1,-1
2015210036547,2,9,0,5,0,1,0,0,0,0,2,1,6,2,60,9,1242,1,3,-1,1,-1
2015210036550,1,9,0,17,0,0,0,0,0,0,1,1,6,2,69,10,1242,1,8,-1,1,-1
2015210036563,1,9,0,18,0,0,0,0,0,0,3,1,6,2,33,6,1242,1,5,-1,1,-1
2015210036563,2,9,0,18,0,0,0,0,0,0,3,1,6,1,48,8,-1,-1,-1,-1,1,-1
2015210036575,1,9,0,4,0,0,0,0,0,0,1,1,6,1,52,8,1968,2,5,-1,3,-1
2015210036575,2,9,0,4,0,0,0,0,0,0,2,1,6,2,20,4,1560,2,2,-1,1,-1
2015210036588,1,9,0,7,0,8,0,0,0,0,1,1,3,1,30,6,1560,2,10,-1,1,-1
2015210036588,2,9,0,18,0,8,0,0,0,0,1,1,6,2,26,6,1598,1,10,-1,1,-1
2015210036603,1,98,0,18,0,1,0,0,0,0,1,1,1,1,48,8,-1,-1,-1,-1,-1,-1
2015210036603,2,9,0,4,0,5,0,0,0,0,2,1,6,2,49,8,-1,-1,-1,-1,1,-1
2015210036615,1,10,0,5,0,4,0,0,0,0,3,1,1,1,60,9,2402,2,6,-1,1,-1
2015210036615,2,1,0,18,0,8,0,0,0,0,1,1,6,1,25,5,-1,-1,-1,-1,1,-1
2015210036618,1,9,0,3,0,0,0,0,0,0,2,1,6,2,32,6,1997,1,10,-1,1,-1
2015210036618,2,9,0,18,0,0,0,0,0,0,1,1,6,1,33,6,1587,1,11,-1,1,-1