Accident_Index,Vehicle_Reference,Vehicle_Type,Towing_and_Articulation,Vehicle_Manoeuvre,Vehicle_Location-Restricted_Lane,Junction_Location,Skidding_and_Overturning,Hit_Object_in_Carriageway,Vehicle_Leaving_Carriageway,Hit_Object_off_Carriageway,1st_Point_of_Impact,Was_Vehicle_Left_Hand_Drive?,Journey_Purpose_of_Driver,Sex_of_Driver,Age_of_Driver,Age_Band_of_Driver,Engine_Capacity_(CC),Propulsion_Code,Age_of_Vehicle,Driver_IMD_Decile,Driver_Home_Area_Type,Vehicle_IMD_Decile
2015210036654,1,9,0,18,0,0,0,0,0,0,3,1,6,1,76,11,1242,1,5,-1,-1,-1
2015210036660,1,9,0,18,0,8,0,0,0,0,1,1,6,1,24,5,1560,2,3,-1,1,-1
2015210036660,2,9,0,18,0,6,0,0,0,0,1,1,1,2,37,7,1198,1,-1,-1,1,-1
2015210036662,1,9,0,18,0,0,0,0,0,0,0,1,5,1,35,6,1995,2,7,-1,-1,-1
2015210036662,2,9,0,18,0,0,0,0,0,0,2,1,5,1,51,8,1560,2,6,-1,1,-1
2015210036675,1,9,0,3,0,1,0,0,0,0,2,1,6,2,48,8,2996,1,9,-1,1,-1
2015210036675,2,9,0,18,0,1,0,0,0,0,1,1,6,1,-1,-1,1596,1,14,-1,1,-1
2015210036688,1,9,0,9,0,6,0,0,0,0,4,1,5,2,81,11,1197,1,1,-1,1,-1
2015210036688,2,9,0,18,0,8,0,0,0,0,1,1,5,1,22,5,2401,2,11,-1,1,-1
2015210036697,1,9,0,5,0,1,0,0,0,0,1,1,6,2,43,7,1242,1,16,-1,1,-1
2015210036697,2,9,0,4,0,1,0,0,0,0,2,1,2,2,51,8,1461,2,2,-1,1,-1
2015210036826,1,8,0,18,0,0,0,0,0,0,1,1,1,1,41,7,1753,2,7,-1,1,-1
2015210036826,2,9,0,18,0,0,0,0,0,0,1,1,6,2,24,5,1149,1,7,-1,1,-1
2015210036826,3,9,0,18,0,0,0,0,0,0,1,1,6,2,35,6,-1,-1,-1,-1,1,-1
2015210036826,4,9,0,18,0,0,0,0,0,0,1,1,6,2,57,9,1997,1,5,-1,1,-1
2015210036826,5,9,0,18,0,0,0,0,0,0,1,1,6,1,54,8,1896,2,9,-1,1,-1
2015210036826,6,9,0,4,0,0,0,0,0,0,2,1,6,2,-1,-1,1587,1,10,-1,1,-1
2015210036830,1,9,0,12,0,0,0,0,0,0,3,1,6,1,24,5,1598,1,12,-1,1,-1
2015210036830,2,11,0,18,0,0,0,0,0,0,4,1,1,1,47,8,6370,2,3,-1,2,-1
2015210036847,1,9,0,12,0,0,5,0,1,0,3,1,6,1,19,4,1296,1,7,-1,1,-1
2015210036847,2,9,0,18,0,0,0,0,4,6,4,1,6,1,42,7,1956,2,-1,-1,2,-1
2015210036848,1,9,0,7,0,6,0,0,0,0,1,1,1,1,26,6,1598,2,-1,-1,1,-1
2015210036848,2,9,0,4,0,8,0,0,0,0,2,1,2,2,58,9,1120,1,16,-1,1,-1
2015210036848,3,9,0,4,0,8,0,0,0,0,2,1,6,1,37,7,1560,2,10,-1,1,-1
2015210036858,1,9,0,18,0,4,0,0,0,0,1,1,5,1,45,7,1600,1,11,-1,1,-1
2015210036858,2,1,0,18,0,8,0,0,0,0,1,1,5,1,36,7,-1,-1,-1,-1,1,-1
2015210036867,1,3,0,18,0,8,0,0,0,0,1,1,6,1,38,7,125,1,11,-1,1,-1
2015210036867,2,9,0,5,0,2,0,0,0,0,3,1,6,1,36,7,1685,2,3,-1,1,-1
2015210036868,1,9,0,18,0,0,0,0,0,0,1,1,6,2,42,7,1587,1,10,-1,1,-1
2015210036868,2,9,0,18,0,0,0,0,0,0,2,1,6,2,42,7,1598,1,2,-1,1,-1
2015210036868,3,9,0,18,0,0,0,0,0,0,2,1,6,2,35,6,1995,2,2,-1,1,-1
2015210036898,1,9,0,6,0,0,0,0,0,0,1,1,6,2,27,6,1598,1,11,-1,1,-1
2015210036898,2,9,0,18,0,0,0,0,0,0,2,1,6,1,52,8,1995,2,3,-1,1,-1
2015210036900,1,9,0,18,0,8,0,0,0,0,1,1,6,1,54,8,1986,2,10,-1,1,-1
2015210036900,2,11,0,18,0,8,0,0,0,0,1,1,1,1,-1,-1,5883,2,14,-1,2,-1
2015210036903,1,9,0,13,0,0,0,0,0,0,1,1,6,1,67,10,1988,2,11,-1,2,-1
2015210036903,2,9,0,18,0,0,0,0,0,0,1,1,6,1,25,5,1596,1,6,-1,1,-1
2015210036903,3,11,0,18,0,0,0,0,0,0,1,1,1,1,33,6,3900,2,12,-1,1,-1
2015210036909,1,1,0,18,0,1,0,0,0,0,1,1,6,1,-1,-1,-1,-1,-1,-1,1,-1
2015210036909,2,9,0,7,0,1,0,0,0,0,2,1,6,2,55,8,1397,1,11,-1,1,-1
2015210036917,1,9,0,18,0,0,0,0,0,0,1,1,1,2,23,5,1362,1,3,-1,1,-1
2015210036917,2,9,0,18,0,0,0,0,0,0,2,1,6,1,68,10,1796,1,13,-1,1,-1
2015210036917,3,9,0,18,0,0,0,0,0,0,2,1,6,1,39,7,-1,-1,-1,-1,1,-1
2015210036918,1,9,0,9,0,6,0,0,0,0,3,1,6,2,72,10,1910,2,8,-1,3,-1
2015210036918,2,9,0,18,0,8,0,0,1,11,1,1,6,1,28,6,1896,2,10,-1,1,-1
2015210036921,1,9,0,18,0,1,0,0,0,0,1,1,6,2,72,10,1493,2,7,-1,1,-1
2015210036921,2,9,0,18,0,1,0,0,0,0,1,1,6,1,55,8,1560,2,-1,-1,1,-1
2015210036921,3,98,0,18,0,1,0,0,0,0,1,1,6,1,49,8,-1,-1,-1,-1,1,-1
2015210036931,1,19,0,18,0,1,0,0,0,0,1,1,6,1,34,6,-1,-1,-1,-1,1,-1
2015210036931,2,9,0,3,0,1,0,0,0,0,1,1,6,1,20,4,1242,1,5,-1,1,-1
2015210036931,3,9,0,10,0,1,0,0,0,0,2,1,6,1,31,6,1206,1,4,-1,1,-1
2015210036932,1,9,0,9,0,5,0,0,1,0,4,1,6,2,21,5,1598,1,13,-1,1,-1
2015210036932,2,9,0,18,0,1,0,0,0,0,0,1,1,1,-1,-1,1956,2,1,-1,1,-1
2015210036932,3,9,0,2,0,2,0,0,0,0,3,1,6,1,62,9,1948,1,14,-1,1,-1
2015210036934,1,9,0,18,0,4,5,9,0,0,1,1,6,1,21,5,1587,1,10,-1,1,-1
2015210036941,1,9,0,9,0,8,0,0,0,0,1,1,6,1,71,10,1242,1,8,-1,1,-1
2015210036941,2,9,0,9,0,8,0,0,0,0,3,1,6,2,53,8,1600,1,13,-1,1,-1
2015210036949,1,9,0,9,0,6,0,0,0,0,3,1,6,1,85,11,1299,1,15,-1,1,-1
2015210036949,2,9,0,17,0,8,0,0,0,0,1,1,1,2,22,5,1360,1,11,-1,1,-1
2015210036952,1,9,0,13,0,0,0,0,5,6,1,1,6,1,44,7,1995,2,2,-1,1,-1
2015210036952,2,9,0,16,0,0,0,0,0,0,2,1,6,1,54,8,1973,1,17,-1,3,-1
2015210036955,1,9,-1,-1,-1,0,-1,-1,-1,0,-1,1,6,1,-1,-1,2993,2,4,-1,1,-1
2015210036960,1,9,0,18,0,0,0,0,0,0,1,1,5,1,42,7,1248,2,6,-1,1,-1
2015210036960,2,9,0,18,0,0,0,0,0,0,2,1,5,2,38,7,2143,2,-1,-1,1,-1
2015210036960,3,9,0,18,0,0,0,0,0,0,1,1,5,1,38,7,1970,1,19,-1,1,-1
2015210036963,1,9,0,18,0,8,0,0,0,0,1,1,6,1,29,6,1998,1,17,-1,1,-1
2015210036963,2,9,0,9,0,6,0,0,0,0,1,1,5,1,35,6,3824,1,10,-1,1,-1
2015210036972,1,9,0,16,0,8,0,0,7,2,1,1,6,2,76,11,1596,1,1,-1,2,-1
2015210036978,1,9,0,9,0,6,0,0,0,0,3,1,6,1,78,11,1598,1,9,-1,1,-1
2015210036978,2,2,0,18,0,8,0,0,0,0,1,1,4,1,16,4,49,1,5,-1,1,-1
2015210036980,1,98,0,1,0,0,0,0,0,0,2,1,6,1,33,6,7698,2,-1,-1,3,-1
2015210036980,2,9,0,3,0,0,0,0,0,0,1,1,1,2,26,6,1242,1,9,-1,2,-1
2015210036983,1,2,0,18,0,0,0,0,0,0,1,1,6,3,-1,-1,-1,-1,-1,-1,-1,-1
2015210036983,2,9,0,4,0,0,0,0,0,0,2,1,6,2,45,7,-1,-1,-1,-1,1,-1
2015210036989,1,9,0,18,0,1,1,7,1,0,1,1,5,2,22,5,-1,-1,-1,-1,3,-1
2015210036993,1,1,0,18,0,1,0,0,0,0,1,1,5,1,20,4,-1,-1,-1,-1,-1,-1
2015210036993,2,9,0,9,0,6,0,0,0,0,3,1,5,1,46,8,1560,2,6,-1,1,-1
2015210037001,1,9,0,18,0,8,0,0,0,0,1,1,1,2,41,7,998,1,4,-1,1,-1
2015210037001,2,9,0,18,0,6,0,0,0,0,4,1,6,1,41,7,1998,1,12,-1,1,-1
2015210037004,1,9,0,18,0,1,0,0,0,0,1,1,5,1,37,7,1995,2,4,-1,1,-1
2015210037004,2,9,0,10,0,1,0,0,0,0,2,1,5,1,47,8,-1,-1,-1,-1,-1,-1
2015210037034,1,9,0,17,0,0,5,0,1,11,1,1,6,2,18,4,1149,1,8,-1,3,-1
2015210037045,1,9,-1,-1,-1,0,-1,-1,-1,0,-1,1,6,1,-1,-1,1968,2,-1,-1,1,-1
2015210037045,2,9,-1,-1,-1,0,-1,-1,-1,0,-1,1,2,2,26,6,1248,2,4,-1,1,-1
2015210037050,1,21,1,4,0,0,0,0,0,0,1,1,1,1,62,9,12419,2,2,-1,1,-1
2015210037050,2,9,0,4,0,0,0,0,0,0,2,1,2,2,56,9,1968,2,3,-1,3,-1
2015210037056,1,9,0,9,0,5,0,0,0,0,4,1,6,1,66,10,1598,2,1,-1,1,-1
2015210037056,2,9,0,18,0,8,0,0,0,0,1,1,6,1,20,4,1388,1,4,-1,-1,-1
2015210037056,3,9,0,10,0,1,0,0,0,0,3,1,1,2,47,8,1396,2,-1,-1,2,-1
2015210037060,1,2,0,13,0,1,0,0,0,0,4,1,1,1,17,4,49,1,3,-1,2,-1
2015210037060,2,9,0,9,0,1,0,0,0,0,3,1,6,2,-1,-1,1896,2,11,-1,3,-1
2015210037079,1,9,0,18,0,0,0,0,0,0,1,1,5,1,54,8,1560,2,-1,-1,1,-1
2015210037079,2,1,0,18,0,0,0,0,0,0,0,1,5,1,42,7,-1,-1,-1,-1,1,-1
2015210037170,1,9,0,18,0,0,0,0,0,0,1,1,6,1,23,5,2498,1,16,-1,2,-1
2015210037170,2,9,0,18,0,0,0,0,0,0,1,1,1,1,37,7,1686,2,2,-1,1,-1
2015210037170,3,9,0,18,0,0,0,0,0,0,1,1,1,1,32,6,1956,2,3,-1,1,-1
2015210037183,1,9,0,18,0,0,0,0,0,0,1,1,6,2,70,10,1986,2,7,-1,3,-1
2015210037184,1,9,0,18,0,0,0,0,0,0,1,1,1,2,56,9,3724,1,11,-1,1,-1
2015210037184,2,9,0,18,0,0,0,0,0,0,2,1,6,3,-1,-1,1999,1,13,-1,1,-1
2015210037189,1,9,0,18,0,1,1,0,0,0,1,1,6,2,23,5,1242,1,5,-1,1,-1
2015210037189,2,9,0,4,0,1,0,0,0,0,2,1,6,1,38,7,1596,1,12,-1,1,-1
2015210037195,1,4,0,16,0,0,1,0,7,7,1,1,2,1,21,5,471,1,2,-1,1,-1
2015210037196,1,9,0,18,0,0,0,0,0,0,1,1,6,1,42,7,1984,1,4,-1,3,-1
2015210037196,2,9,0,18,0,0,0,0,0,0,1,1,1,1,44,7,1753,2,7,-1,-1,-1
2015210037196,3,9,0,2,0,0,0,0,0,0,3,1,6,1,73,10,1086,1,11,-1,2,-1
2015210037196,4,9,0,2,0,0,0,0,0,0,3,1,5,2,38,7,1242,1,4,-1,1,-1
2015210037213,1,9,0,16,0,0,2,10,0,0,1,1,6,1,31,6,1299,1,12,-1,1,-1
2015210037229,1,9,0,18,0,0,5,0,1,11,4,1,6,1,33,6,2401,2,10,-1,3,-1
2015210037234,1,9,0,7,0,2,0,0,0,0,3,1,2,1,38,7,2987,2,-1,-1,1,-1
2015210037234,2,1,0,18,0,8,0,0,0,0,1,1,6,1,51,8,-1,-1,-1,-1,1,-1
2015210037237,1,90,0,7,0,8,2,0,1,3,3,1,1,1,21,5,234,1,8,-1,1,-1
2015210037263,1,22,0,5,9,8,0,0,0,0,1,1,6,1,82,11,-1,-1,-1,-1,1,-1
2015210037302,1,9,0,8,0,1,0,0,0,0,2,1,6,1,53,8,1997,2,10,-1,1,-1
2015210037302,2,9,0,18,0,1,0,0,0,0,1,1,6,2,34,6,1299,1,10,-1,1,-1
2015210037324,1,9,0,9,0,8,0,0,0,0,1,1,6,2,44,7,998,1,16,-1,1,-1
2015210037324,2,5,0,18,0,1,0,0,0,0,4,1,6,1,43,7,748,1,23,-1,1,-1
2015210037331,1,9,0,18,0,1,0,0,0,0,1,1,6,1,44,7,1390,1,15,-1,1,-1
2015210037331,2,9,0,18,0,1,0,0,0,0,3,1,6,2,46,8,1598,1,11,-1,1,-1
2015210037334,1,9,0,13,0,0,0,0,4,6,3,1,6,1,37,7,1995,1,10,-1,1,-1
2015210037341,1,9,0,18,0,0,0,0,0,0,2,1,5,2,19,4,1124,1,12,-1,1,-1
2015210037341,2,9,0,18,0,0,0,0,0,0,1,1,5,1,30,6,2231,2,8,-1,1,-1
2015210037343,1,9,0,2,9,0,0,0,0,0,0,1,6,1,19,4,-1,-1,-1,-1,1,-1
2015210037343,2,9,0,18,0,0,0,0,0,0,1,1,2,1,23,5,1388,1,3,-1,1,-1
2015210037344,1,9,0,9,0,6,0,0,0,0,1,1,6,3,-1,-1,-1,-1,-1,-1,-1,-1
2015210037347,1,9,0,9,0,5,0,0,0,0,1,1,6,2,20,4,1388,1,12,-1,1,-1
2015210037347,2,1,0,16,0,8,0,0,0,0,1,1,6,2,50,8,-1,-1,-1,-1,3,-1
2015210037357,1,9,0,16,0,0,2,0,1,11,1,1,6,1,23,5,1998,2,12,-1,1,-1
2015210037360,1,9,0,18,0,0,0,0,0,0,4,1,6,1,59,9,1398,2,2,-1,1,-1
2015210037385,1,8,0,18,0,1,2,0,0,0,1,1,1,1,37,7,1968,2,7,-1,1,-1
2015210037385,2,19,0,2,0,1,0,0,0,0,3,1,6,1,-1,-1,2198,2,1,-1,1,-1
2015210037414,1,9,0,5,0,0,0,0,0,0,1,1,6,1,47,8,1796,1,10,-1,1,-1
2015210037414,2,9,0,18,0,0,0,0,0,0,1,1,6,1,43,7,1339,1,8,-1,1,-1
2015210037418,1,9,0,17,0,0,0,0,0,0,1,1,6,2,54,8,1242,1,8,-1,2,-1
2015210037418,2,9,0,3,0,0,0,0,0,0,2,1,6,2,37,7,1596,1,14,-1,1,-1
2015210037448,1,9,0,1,0,0,0,0,0,0,2,1,6,1,41,7,1968,2,-1,-1,3,-1
2015210037460,1,9,0,18,0,0,1,0,5,6,1,1,6,1,66,10,2143,2,3,-1,1,-1
2015210037460,2,19,0,18,0,0,0,0,0,0,1,1,1,1,41,7,1995,2,6,-1,1,-1
2015210037468,1,98,0,4,0,0,0,0,0,0,1,1,1,1,33,6,1686,2,12,-1,1,-1
2015210037468,2,9,0,4,0,0,0,0,0,0,2,1,1,1,39,7,1968,2,4,-1,1,-1
2015210037474,1,-1,0,13,0,0,0,0,0,0,1,1,1,1,38,7,12740,2,4,-1,1,-1
2015210037474,2,9,0,16,0,0,0,0,1,9,1,1,6,1,27,6,1389,1,14,-1,3,-1
2015210037485,1,9,0,7,0,6,0,0,0,0,1,1,6,1,-1,-1,1968,2,8,-1,1,-1
2015210037485,2,9,0,18,0,8,0,0,0,0,1,1,6,1,47,8,-1,-1,-1,-1,1,-1
2015210037496,1,8,0,5,0,1,0,0,0,0,3,1,2,1,-1,-1,1910,2,10,-1,1,-1
2015210037513,1,9,0,18,0,2,0,0,0,0,1,1,6,1,44,7,-1,-1,-1,-1,1,-1
2015210037513,2,9,0,4,0,2,0,0,0,0,2,1,6,1,42,7,1368,1,2,-1,1,-1
2015210037516,1,9,0,18,0,8,0,0,0,0,1,1,6,2,79,11,1968,2,8,-1,1,-1
2015210037516,2,9,0,9,0,5,0,0,0,0,1,1,6,1,31,6,1797,8,5,-1,2,-1
2015210037516,3,9,0,4,0,1,0,0,0,0,1,1,6,2,78,11,1796,1,14,-1,1,-1
2015210037527,1,9,0,18,0,1,0,0,0,0,1,1,6,1,28,6,1299,1,12,-1,1,-1
2015210037527,2,9,0,10,0,1,0,0,0,0,2,1,6,1,75,10,1598,1,7,-1,1,-1
2015210037534,1,9,0,18,0,0,0,0,0,0,1,1,5,1,40,7,-1,-1,-1,-1,1,-1
2015210037534,2,9,0,2,0,0,0,0,0,0,2,1,6,1,17,4,1363,2,12,-1,1,-1
2015210037547,1,9,0,16,0,2,1,0,7,0,1,1,6,1,24,5,1389,1,14,-1,3,-1
2015210037547,2,9,0,17,0,1,0,0,0,0,1,1,6,1,58,9,1598,1,-1,-1,1,-1
2015210037550,1,9,0,5,0,6,0,0,0,0,1,1,1,1,52,8,-1,-1,-1,-1,1,-1
2015210037550,2,1,0,15,0,8,0,0,0,0,1,1,6,1,48,8,-1,-1,-1,-1,1,-1
2015210037556,1,9,0,16,0,5,0,0,0,0,1,1,6,1,65,9,1396,2,1,-1,1,-1
2015210037556,2,9,0,16,0,6,0,0,0,0,1,1,2,1,26,6,1388,1,4,-1,3,-1
2015210037594,1,9,-1,-1,-1,-1,-1,-1,-1,0,-1,1,1,1,27,6,3226,2,15,-1,1,-1
2015210037594,2,97,-1,-1,-1,-1,-1,-1,-1,0,-1,1,2,1,32,6,125,1,8,-1,1,-1
2015210037686,1,9,0,18,0,0,1,0,1,7,1,1,6,1,27,6,2993,2,-1,-1,1,-1
2015210037686,2,9,0,18,0,0,0,0,0,0,4,1,6,1,37,7,1968,2,-1,-1,1,-1
2015210037881,1,9,0,18,0,1,0,0,0,0,1,1,6,2,22,5,1388,1,13,-1,1,-1
2015210037881,2,9,0,4,0,1,0,0,0,0,2,1,6,1,64,9,1560,2,1,-1,1,-1
2015210037913,1,9,0,12,0,7,0,0,0,0,1,1,6,2,22,5,1328,1,6,-1,-1,-1
2015210037913,2,98,0,18,0,8,0,0,0,0,4,1,6,1,53,8,12777,2,5,-1,-1,-1
2015210038041,1,9,0,9,0,5,0,0,0,0,1,1,6,1,58,9,1598,2,6,-1,-1,-1
2015210038041,2,9,0,17,0,8,0,0,0,0,3,1,6,1,50,8,1999,1,11,-1,-1,-1
2015210038055,1,9,0,12,0,0,0,0,4,6,1,1,6,2,34,6,1598,1,6,-1,1,-1
2015210038055,2,21,4,13,0,0,0,0,0,0,4,1,6,1,37,7,12419,2,-1,-1,1,-1
2015210038391,1,9,0,18,0,4,0,0,0,0,1,1,6,2,49,8,1248,2,8,-1,-1,-1
2015210038391,2,9,0,18,0,8,0,0,0,0,4,1,2,1,32,6,-1,-1,-1,-1,1,-1
2015210038418,1,19,0,18,0,0,0,0,0,0,1,1,6,1,-1,-1,-1,-1,-1,-1,-1,-1
2015210038418,2,9,0,3,0,0,0,0,0,0,2,1,6,2,54,8,1596,1,10,-1,1,-1
2015210038476,1,9,0,18,0,1,0,0,0,0,1,1,6,1,35,6,-1,-1,-1,-1,-1,-1
2015210038476,2,9,0,10,0,1,0,0,0,0,1,1,6,2,26,6,998,1,4,-1,1,-1
2015210038522,1,98,-1,-1,-1,0,-1,-1,-1,0,-1,1,6,3,-1,-1,-1,-1,-1,-1,-1,-1
2015210038544,1,9,0,18,0,0,0,0,0,0,0,1,6,2,42,7,1598,1,5,-1,1,-1
2015210038612,1,9,0,9,0,0,0,0,0,0,1,1,6,1,37,7,2497,2,11,-1,3,-1
2015210038612,2,11,0,18,0,0,0,0,0,0,1,1,6,1,26,6,7300,2,13,-1,1,-1
2015210038616,1,9,0,17,0,1,0,0,0,0,1,1,6,1,35,6,1910,2,9,-1,1,-1
2015210038616,2,9,0,10,0,1,0,0,0,0,2,1,6,1,25,5,2494,1,16,-1,1,-1
2015210039572,1,9,0,17,0,0,2,0,1,10,3,1,6,2,18,4,1598,1,11,-1,1,-1
2015210039726,1,9,0,16,0,0,0,0,1,9,1,1,6,2,25,5,1997,2,10,-1,1,-1
2015210040008,1,9,0,5,0,6,0,0,0,0,1,1,5,1,74,10,1598,1,12,-1,1,-1
2015210040008,2,1,0,18,0,8,0,0,0,0,1,1,2,1,50,8,-1,-1,-1,-1,1,-1
2015210040090,1,9,0,5,0,0,0,0,0,0,1,1,6,2,49,8,1461,2,2,-1,3,-1
2015210040090,2,9,0,18,0,0,0,0,0,0,1,1,6,1,76,11,1598,1,11,-1,1,-1
2015210040911,1,9,0,17,0,0,2,0,1,0,1,1,2,2,18,4,1587,1,11,-1,-1,-1
2015210041807,1,19,0,18,0,1,0,0,0,0,1,1,1,2,29,6,-1,-1,-1,-1,3,-1
2015210041807,2,9,0,4,0,1,0,0,0,0,2,1,6,1,66,10,1796,1,9,-1,1,-1
2015210041807,3,9,0,3,0,1,0,0,0,0,2,1,6,1,20,4,1596,1,10,-1,1,-1
2015210042267,1,9,0,18,0,2,0,0,0,0,1,1,6,1,62,9,1995,2,12,-1,3,-1
2015210042267,2,9,0,9,0,1,0,0,0,0,3,1,6,1,42,7,1956,2,2,-1,2,-1
2015210042623,1,8,-1,5,0,0,-1,-1,0,0,-1,1,6,3,-1,-1,-1,-1,-1,-1,-1,-1
2015210043072,1,3,0,18,0,1,0,0,0,0,1,1,6,1,17,4,124,1,11,-1,1,-1
2015210043072,2,9,0,4,0,1,0,0,0,0,2,1,6,2,61,9,1997,2,14,-1,1,-1
2015210043201,1,9,0,18,0,0,0,0,0,0,1,1,6,2,36,7,2902,2,12,-1,1,-1
2015210043201,2,98,0,18,0,0,0,0,0,0,1,1,1,1,54,8,12777,2,2,-1,1,-1
2015210044786,1,9,0,7,0,5,0,0,0,0,1,1,6,1,-1,-1,1997,2,9,-1,1,-1
2015210044786,2,9,0,4,0,1,0,0,0,0,3,1,5,1,20,4,1242,1,6,-1,1,-1
2015210046393,1,9,0,14,0,0,0,0,0,0,1,1,6,1,35,6,1299,1,14,-1,1,-1
2015210046393,2,9,0,18,0,0,0,0,0,0,2,1,6,2,25,5,1997,2,4,-1,1,-1
2015210046393,3,9,0,18,0,0,0,0,0,0,1,1,6,2,53,8,2231,2,8,-1,1,-1
2015210046944,1,9,0,9,0,6,0,0,0,0,3,1,6,1,52,8,998,1,3,-1,1,-1
2015210046944,2,9,0,18,0,8,0,0,1,0,1,1,1,1,39,7,-1,-1,-1,-1,2,-1
2015210048698,1,9,0,18,0,0,0,7,4,0,1,1,5,2,68,10,2298,1,16,-1,1,-1
2015210048698,2,9,0,18,0,0,0,0,0,0,1,1,5,1,71,10,-1,-1,-1,-1,1,-1
2015210049745,1,-1,0,13,0,0,0,0,0,0,4,1,6,3,-1,-1,-1,-1,-1,-1,-1,-1
2015210049745,2,9,0,18,0,0,0,0,0,0,3,1,1,2,68,10,1598,1,13,-1,1,-1
2015210049807,1,19,0,18,0,0,0,0,0,0,1,1,6,1,31,6,1560,2,1,-1,-1,-1
2015210050611,1,3,0,17,0,0,0,0,0,0,3,1,6,2,33,6,125,1,-1,-1,1,-1
2015210050611,2,9,0,16,0,0,0,0,0,0,1,1,6,1,65,9,1587,1,9,-1,1,-1
2015210051103,1,9,0,18,0,1,0,0,0,0,1,1,6,1,91,11,1396,1,20,-1,1,-1
2015210051103,2,9,0,2,0,1,0,0,0,0,2,1,6,2,31,6,1368,1,9,-1,-1,-1
2015210057277,1,9,0,18,0,0,0,0,0,0,1,1,1,1,36,7,3200,2,11,-1,1,-1
2015210064408,1,9,0,9,0,8,0,0,0,0,1,1,6,1,55,8,1598,1,6,-1,1,-1
2015210064408,2,5,0,18,0,8,0,0,0,0,1,1,6,1,19,4,883,1,-1,-1,1,-1
2015210069075,1,9,0,18,0,0,0,0,0,0,1,1,6,2,50,8,1398,1,3,-1,1,-1
2015210072139,1,9,0,18,0,0,0,0,0,0,4,1,6,2,60,9,1240,1,6,-1,1,-1
2015215000066,1,9,0,18,0,0,0,0,0,0,1,1,5,1,18,4,1242,1,15,-1,1,-1
2015215000066,2,9,0,4,0,0,0,0,0,0,2,1,6,2,24,5,1997,2,3,-1,1,-1
2015215000066,3,9,0,4,0,0,0,0,0,0,0,1,6,3,-1,-1,-1,-1,-1,-1,-1,-1
2015215000074,1,9,0,18,0,8,0,0,0,0,3,1,6,1,75,10,-1,-1,-1,-1,1,-1
2015215000074,2,3,0,17,0,8,0,0,0,0,4,1,6,1,25,5,124,1,10,-1,1,-1
2015215000097,1,9,0,18,0,8,0,0,0,0,4,1,5,1,20,4,-1,-1,-1,-1,1,-1
2015215000097,2,9,0,18,0,8,0,0,0,0,1,1,5,2,28,6,1200,1,2,-1,1,-1
2015215000107,1,9,0,17,0,0,2,0,1,7,1,1,2,1,38,7,1896,2,14,-1,1,-1
2015215000116,1,9,0,5,0,1,0,0,0,0,1,1,2,1,34,6,973,1,12,-1,1,-1
2015215000116,2,9,0,3,0,1,0,0,0,0,2,1,6,2,41,7,1242,1,1,-1,1,-1
2015215000128,1,9,0,4,0,0,0,0,0,0,2,1,6,2,51,8,1910,2,7,-1,-1,-1
2015215000128,2,9,0,18,0,0,0,0,0,0,1,1,5,1,59,9,-1,-1,-1,-1,1,-1
2015215000128,3,9,0,4,0,0,0,0,0,0,2,1,6,1,69,10,999,1,3,-1,1,-1
2015215000128,4,9,0,18,0,0,0,0,0,0,2,1,6,1,21,5,1560,2,8,-1,3,-1
2015215000133,1,9,0,18,0,0,0,0,0,0,1,1,5,1,68,10,1997,2,12,-1,1,-1
2015215000136,1,9,0,18,0,0,5,0,1,0,1,1,6,1,22,5,-1,-1,-1,-1,1,-1
2015215000141,1,9,0,9,0,4,0,0,0,0,1,1,2,1,32,6,1360,1,12,-1,1,-1
2015215000141,2,9,0,18,0,8,0,0,0,0,4,1,6,2,50,8,1461,2,6,-1,3,-1
2015215000158,1,9,0,16,0,0,1,0,0,0,1,1,6,1,31,6,1598,1,6,-1,1,-1
2015215000158,2,9,0,17,0,0,0,0,0,0,1,1,6,1,83,11,1598,2,-1,-1,1,-1
2015215000174,1,9,0,18,0,8,0,0,0,0,1,1,2,1,26,6,1595,1,8,-1,1,-1
2015215000174,2,9,0,18,0,8,0,0,7,11,4,1,6,1,33,6,1199,2,4,-1,1,-1
2015215000179,1,9,0,18,0,1,0,0,0,0,1,1,2,1,50,8,1596,1,7,-1,1,-1
2015215000179,2,9,0,4,0,1,0,0,0,0,2,1,5,1,54,8,1995,2,1,-1,1,-1
2015215000194,1,9,0,6,0,8,0,0,0,0,3,1,1,1,46,8,1598,1,8,-1,1,-1
2015215000194,2,9,0,17,0,1,0,0,0,0,1,1,1,1,56,9,2477,2,10,-1,1,-1
2015215000208,1,9,0,17,0,0,2,0,7,10,4,1,5,1,67,10,1390,1,12,-1,1,-1
2015215000210,1,9,0,13,0,8,1,0,1,10,1,1,6,1,26,6,-1,-1,-1,-1,3,-1
2015215000222,1,9,0,18,0,0,1,0,1,11,1,1,6,1,19,4,-1,-1,-1,-1,2,-1
2015215000223,1,9,0,18,0,8,0,0,0,0,1,1,1,1,48,8,1988,2,11,-1,1,-1
2015215000225,1,8,0,2,0,0,0,0,0,0,0,1,1,1,57,9,1968,2,6,-1,1,-1