Accident_Index,Vehicle_Reference,Vehicle_Type,Towing_and_Articulation,Vehicle_Manoeuvre,Vehicle_Location-Restricted_Lane,Junction_Location,Skidding_and_Overturning,Hit_Object_in_Carriageway,Vehicle_Leaving_Carriageway,Hit_Object_off_Carriageway,1st_Point_of_Impact,Was_Vehicle_Left_Hand_Drive?,Journey_Purpose_of_Driver,Sex_of_Driver,Age_of_Driver,Age_Band_of_Driver,Engine_Capacity_(CC),Propulsion_Code,Age_of_Vehicle,Driver_IMD_Decile,Driver_Home_Area_Type,Vehicle_IMD_Decile
2015215000592,1,9,0,18,0,0,5,0,1,4,1,1,6,1,50,8,-1,-1,-1,-1,-1,-1
2015215000600,1,9,0,12,0,0,0,0,4,7,1,1,2,1,29,6,-1,-1,-1,-1,1,-1
2015215000600,2,20,1,13,0,0,3,0,0,0,1,1,1,2,41,7,-1,-1,-1,-1,1,-1
2015215000600,3,20,1,17,0,0,0,0,0,0,1,1,1,1,40,7,-1,-1,-1,-1,1,-1
2015215000600,4,20,1,17,0,0,3,0,0,0,1,1,1,2,67,10,-1,-1,-1,-1,-1,-1
2015215000601,1,9,0,18,0,1,0,0,0,0,1,1,2,1,37,7,1799,1,7,-1,1,-1
2015215000601,2,9,0,9,0,8,0,0,0,0,4,1,2,2,32,6,1149,1,11,-1,1,-1
2015215000603,1,9,0,9,0,5,0,0,0,0,4,1,6,1,18,4,-1,-1,-1,-1,1,-1
2015215000603,2,3,0,18,0,8,0,0,0,0,1,1,6,1,25,5,124,1,8,-1,1,-1
2015215000607,1,3,0,4,0,0,0,0,0,0,1,1,2,1,33,6,125,1,8,-1,2,-1
2015215000607,2,19,0,3,0,0,0,0,0,0,2,1,2,1,43,7,2402,2,11,-1,1,-1
2015215000612,1,9,0,9,0,6,0,0,0,0,3,1,6,2,42,7,1686,2,4,-1,1,-1
2015215000612,2,9,0,16,0,8,0,0,0,0,1,1,6,2,24,5,-1,-1,-1,-1,1,-1
2015215000615,1,9,0,13,0,0,0,0,7,2,1,1,6,1,19,4,1598,1,11,-1,1,-1
2015215000616,1,9,0,18,0,0,0,4,1,11,1,1,5,1,25,5,-1,-1,-1,-1,1,-1
2015215000616,2,9,0,2,0,0,0,0,0,0,1,1,6,3,-1,-1,-1,-1,-1,-1,1,-1
2015215000617,1,21,1,11,0,7,0,0,0,0,3,1,1,1,-1,-1,12777,2,4,-1,-1,-1
2015215000617,2,9,0,18,0,8,0,0,0,0,4,1,2,1,40,7,-1,-1,-1,-1,1,-1
2015215000627,1,90,0,14,0,8,0,0,0,0,3,1,1,2,55,8,2999,2,1,-1,-1,-1
2015215000627,2,9,0,9,0,6,0,0,0,0,4,1,6,2,29,6,1388,1,8,-1,1,-1
2015215000628,1,9,0,9,0,5,0,0,7,11,1,1,5,1,32,6,1896,2,14,-1,1,-1
2015215000628,2,9,0,18,0,8,0,0,1,11,1,1,2,1,48,8,1398,1,4,-1,1,-1
2015215000633,1,9,0,16,0,0,0,0,0,0,1,1,6,1,38,7,-1,-1,-1,-1,1,-1
2015215000633,2,9,0,17,0,0,0,0,0,0,1,1,6,1,28,6,1910,2,9,-1,1,-1
2015215000634,1,9,0,9,0,5,0,0,0,0,1,1,6,2,56,9,-1,-1,-1,-1,1,-1
2015215000634,2,3,0,18,0,8,0,0,0,0,3,1,6,1,38,7,-1,-1,-1,-1,1,-1
2015215000635,1,9,0,18,0,6,0,0,0,0,1,1,1,2,49,8,998,1,5,-1,1,-1
2015215000635,2,9,0,9,0,5,0,0,0,0,1,1,3,1,47,8,1997,2,10,-1,1,-1
2015215000638,1,19,0,18,0,0,0,0,0,0,1,1,1,1,76,11,1598,2,8,-1,1,-1
2015215000639,1,19,0,18,0,0,0,0,0,0,1,1,1,1,35,6,2143,2,1,-1,1,-1
2015215000643,1,9,0,13,0,0,0,0,0,0,1,1,5,1,31,6,-1,-1,-1,-1,1,-1
2015215000643,2,9,0,18,0,0,0,0,0,0,1,1,2,2,43,7,998,1,1,-1,1,-1
2015215000643,3,9,0,18,0,0,0,11,0,0,1,1,2,1,24,5,1229,1,8,-1,3,-1
2015215000643,4,9,0,18,0,0,0,0,0,0,0,1,1,1,38,7,1989,1,16,-1,1,-1
2015215000643,5,9,0,18,0,0,0,0,0,0,0,1,5,1,50,8,1956,2,5,-1,3,-1
2015215000647,1,9,0,18,0,4,0,0,0,0,1,1,1,2,40,7,1396,1,11,-1,3,-1
2015215000647,2,9,0,9,0,8,0,0,0,0,1,1,2,2,23,5,-1,-1,-1,-1,-1,-1
2015215000651,1,9,0,18,0,0,1,0,2,11,1,1,2,1,24,5,1199,2,1,-1,2,-1
2015215000654,1,9,0,16,0,0,1,0,0,0,1,1,1,2,45,7,1796,1,15,-1,1,-1
2015215000654,2,9,0,4,0,0,0,0,0,0,2,1,6,2,74,10,1339,1,9,-1,3,-1
2015215000655,1,9,0,18,0,0,0,0,0,0,1,1,5,1,43,7,1984,2,3,-1,1,-1
2015215000655,2,21,0,18,0,0,0,0,0,0,3,1,5,1,29,6,15607,2,12,-1,2,-1
2015215000657,1,9,0,5,0,6,0,0,0,0,1,1,6,2,63,9,1242,1,1,-1,1,-1
2015215000657,2,9,0,17,0,8,0,0,0,0,1,1,3,2,44,7,-1,-1,-1,-1,1,-1
2015215000660,1,9,0,18,0,8,0,0,0,0,1,1,6,2,20,4,-1,-1,-1,-1,3,-1
2015215000660,2,9,0,18,0,8,0,0,0,0,3,1,6,1,62,9,1968,2,2,-1,1,-1
2015215000663,1,9,0,18,0,1,0,0,0,0,3,1,1,1,35,6,1461,2,2,-1,1,-1
2015215000663,2,21,1,18,0,2,0,0,0,0,3,1,1,1,53,8,12740,2,4,-1,1,-1
2015215000664,1,9,0,18,0,0,0,0,0,0,1,1,6,1,39,7,2993,2,10,-1,1,-1
2015215000664,2,9,0,18,0,0,1,0,1,7,1,1,1,1,69,10,2231,2,6,-1,1,-1
2015215000665,1,9,0,18,0,0,0,0,0,0,1,1,6,1,40,7,-1,-1,-1,-1,2,-1
2015215000666,1,9,0,17,0,0,0,10,7,11,3,1,6,2,19,4,1299,1,9,-1,1,-1
2015215000673,1,9,0,13,0,0,0,0,0,0,4,1,2,1,29,6,1591,1,1,-1,1,-1
2015215000673,2,1,0,18,0,0,0,0,0,0,3,1,5,1,17,4,-1,-1,-1,-1,3,-1
2015215000676,1,-1,-1,16,0,0,0,0,0,0,1,1,6,3,-1,-1,-1,-1,-1,-1,-1,-1
2015215000676,2,9,0,16,0,0,1,0,0,0,2,1,6,2,32,6,-1,-1,-1,-1,1,-1
2015215000676,3,11,0,-1,0,0,0,0,0,0,2,1,1,3,-1,-1,-1,-1,-1,-1,-1,-1
2015215000681,1,9,0,5,0,6,0,0,0,0,1,1,6,1,23,5,1995,1,4,-1,1,-1
2015215000681,2,9,0,14,0,1,0,0,0,0,1,1,6,2,40,7,1956,2,-1,-1,3,-1
2015215000681,3,19,0,3,0,1,0,0,0,0,0,1,6,3,-1,-1,-1,-1,-1,-1,-1,-1
2015215000683,1,21,5,6,0,0,0,0,0,0,0,1,1,1,29,6,12130,2,18,-1,1,-1
2015215000683,2,9,0,4,0,0,0,0,0,0,2,1,2,1,24,5,1198,1,2,-1,1,-1
2015215000683,3,9,0,17,0,0,0,0,0,0,1,1,2,2,24,5,1242,1,1,-1,1,-1
2015215000683,4,9,0,17,0,0,0,0,0,0,1,1,2,2,33,6,-1,-1,-1,-1,1,-1
2015215000684,1,9,0,17,0,0,2,0,1,10,1,1,2,1,22,5,1229,1,4,-1,1,-1
2015215000686,1,9,0,17,0,1,0,0,0,0,4,1,6,1,50,8,1200,1,1,-1,3,-1
2015215000688,1,9,0,18,0,8,0,0,0,0,1,1,6,1,-1,-1,1398,1,2,-1,-1,-1
2015215000688,2,1,0,18,0,8,0,0,0,0,1,1,1,1,27,6,-1,-1,-1,-1,3,-1
2015215000690,1,9,0,18,0,2,0,0,0,0,4,1,1,2,32,6,1388,1,12,-1,1,-1
2015215000697,1,9,0,18,0,1,0,0,0,0,1,1,6,1,33,6,-1,-1,-1,-1,-1,-1
2015215000697,2,9,0,3,0,1,0,0,0,0,2,1,6,2,54,8,1086,1,5,-1,1,-1
2015215000699,1,9,0,16,0,0,2,0,2,10,1,1,6,1,21,5,-1,-1,-1,-1,2,-1
2015215000706,1,9,0,4,0,1,0,0,0,0,1,1,6,1,-1,-1,1997,2,12,-1,1,-1
2015215000706,2,9,0,3,0,1,0,0,0,0,2,1,2,1,21,5,1242,1,7,-1,3,-1
2015215000708,1,9,0,9,0,6,0,0,0,0,3,1,6,2,48,8,1586,1,9,-1,3,-1
2015215000708,2,9,0,18,0,8,0,0,0,0,1,1,6,2,72,10,996,1,1,-1,1,-1
2015215000710,1,9,0,17,0,0,5,10,1,11,4,1,6,2,18,4,-1,-1,-1,-1,2,-1
2015215000711,1,9,0,7,0,4,0,0,0,0,1,1,6,3,-1,-1,-1,-1,-1,-1,-1,-1
2015215000711,2,3,0,17,0,8,0,0,0,0,4,1,2,1,52,8,-1,-1,-1,-1,1,-1
2015215000717,1,9,0,17,0,0,2,0,1,1,1,1,1,1,26,6,-1,-1,-1,-1,1,-1
2015215000720,1,11,0,18,0,8,0,0,0,0,4,1,1,1,54,8,9000,2,11,-1,-1,-1
2015215000722,1,9,0,6,8,0,0,0,0,0,3,1,6,1,50,8,1968,2,1,-1,1,-1
2015215000722,2,9,0,18,0,0,0,0,0,0,1,1,6,2,35,6,1968,2,2,-1,-1,-1
2015215000724,1,9,0,9,0,6,0,0,0,0,3,1,6,2,33,6,1598,2,4,-1,1,-1
2015215000724,2,3,0,14,0,8,0,0,0,0,1,1,2,1,23,5,125,1,11,-1,1,-1
2015215000727,1,19,0,18,0,1,0,0,0,0,1,1,6,1,40,7,2198,2,2,-1,-1,-1
2015215000727,2,9,0,3,0,1,0,0,0,0,2,1,6,2,53,8,1870,2,10,-1,1,-1
2015215000731,1,9,0,9,0,6,0,0,0,0,3,1,6,3,-1,-1,2685,2,10,-1,-1,-1
2015215000731,2,9,0,18,0,8,0,0,0,0,1,1,6,1,30,6,-1,-1,-1,-1,1,-1
2015215000732,1,9,0,18,0,6,0,0,0,0,1,1,6,2,22,5,998,1,1,-1,1,-1
2015215000732,2,9,0,18,0,8,0,0,0,0,3,1,6,2,42,7,-1,-1,-1,-1,1,-1
2015215000737,1,9,0,18,0,8,0,0,0,0,1,1,6,1,56,9,-1,-1,-1,-1,-1,-1
2015215000737,2,9,0,18,0,8,0,0,0,0,4,1,6,1,64,9,954,1,15,-1,1,-1
2015215000739,1,9,0,4,0,2,1,0,0,0,1,1,6,2,30,6,1598,2,3,-1,1,-1
2015215000739,2,9,0,3,0,2,0,0,0,0,2,1,2,1,-1,-1,1596,1,13,-1,1,-1
2015215000740,1,9,0,16,0,0,1,0,0,0,1,1,1,1,51,8,-1,-1,-1,-1,3,-1
2015215000740,2,9,0,17,0,0,0,0,0,0,1,1,1,1,43,7,2495,2,19,-1,1,-1
2015215000741,1,19,0,9,0,8,0,0,0,0,1,1,1,1,21,5,1461,2,8,-1,1,-1
2015215000741,2,9,0,11,0,1,0,0,0,0,1,1,5,2,30,6,1242,1,13,-1,1,-1
2015215000742,1,9,0,17,0,8,0,0,8,1,1,1,6,1,81,11,-1,-1,-1,-1,1,-1
2015215000743,1,9,0,13,0,8,0,0,0,0,4,1,6,1,41,7,2204,2,7,-1,3,-1
2015215000743,2,9,0,6,0,5,0,0,0,0,3,1,6,2,24,5,1798,1,5,-1,1,-1
2015215000744,1,9,0,9,0,6,0,0,0,0,3,1,6,2,40,7,1968,2,3,-1,3,-1
2015215000744,2,9,0,18,0,8,0,0,0,0,1,1,6,2,77,11,1248,2,8,-1,1,-1
2015215000745,1,9,0,16,0,0,1,0,7,1,1,1,1,2,35,6,3200,2,11,-1,1,-1
2015215000746,1,9,0,3,0,1,0,0,0,0,2,1,6,1,33,6,1198,1,12,-1,-1,-1
2015215000746,2,9,0,5,0,1,0,0,0,0,1,1,5,2,48,8,2088,2,19,-1,1,-1
2015215000748,1,9,0,18,0,1,0,0,0,0,1,1,6,1,25,5,998,1,2,-1,2,-1
2015215000757,1,9,0,18,0,0,0,0,0,0,1,1,6,1,41,7,1910,2,8,-1,1,-1
2015215000757,2,9,0,18,0,0,0,0,0,0,1,1,6,2,44,7,1299,1,7,-1,3,-1
2015215000758,1,9,0,4,0,0,0,0,0,0,2,1,1,1,37,7,1595,1,3,-1,1,-1
2015215000758,2,9,0,18,0,0,0,0,0,0,1,1,1,1,49,8,-1,-1,-1,-1,-1,-1
2015215000758,3,9,0,18,0,0,0,0,0,0,1,1,1,2,50,8,-1,-1,-1,-1,1,-1
2015215000758,4,9,0,18,0,0,0,0,0,0,1,1,1,1,48,8,-1,-1,-1,-1,1,-1
2015215000758,5,9,0,18,0,0,0,0,0,0,1,1,6,1,44,7,2967,2,2,-1,1,-1
2015215000758,6,9,0,18,0,0,0,0,0,0,1,1,1,1,46,8,1364,1,8,-1,1,-1
2015215000759,1,9,0,9,0,8,0,0,0,0,4,1,6,1,58,9,1896,2,9,-1,3,-1
2015215000759,2,9,0,18,0,8,0,0,0,0,1,1,6,1,76,11,1248,1,5,-1,1,-1
2015215000762,1,19,0,18,0,4,0,0,0,0,1,1,6,1,24,5,-1,-1,-1,-1,1,-1
2015215000762,2,9,0,18,0,8,0,0,0,0,4,1,6,2,44,7,-1,-1,-1,-1,1,-1
2015215000763,1,9,0,7,0,2,1,0,0,0,1,1,6,1,43,7,-1,-1,-1,-1,1,-1
2015215000763,2,9,0,7,0,2,0,0,0,0,2,1,6,1,54,8,1968,2,1,-1,1,-1
2015215000765,1,9,0,9,0,6,0,0,0,0,3,1,6,2,57,9,2597,1,13,-1,2,-1
2015215000765,2,9,0,18,0,8,0,0,0,0,1,1,6,1,58,9,1598,2,4,-1,1,-1
2015215000765,3,9,0,3,0,1,0,0,0,0,0,1,6,2,-1,-1,-1,-1,-1,-1,-1,-1
2015215000766,1,9,0,9,0,8,0,0,0,0,3,1,6,1,40,7,1900,2,11,-1,1,-1
2015215000766,2,9,0,18,0,8,0,0,0,0,1,1,6,1,18,4,-1,-1,-1,-1,1,-1
2015215000767,1,9,0,18,0,8,1,9,0,1,1,1,6,2,35,6,4511,1,9,-1,1,-1
2015215000768,1,9,0,1,0,0,0,0,0,0,4,1,5,1,19,4,1389,1,18,-1,1,-1
2015215000769,1,9,0,18,0,0,0,0,0,0,3,1,6,1,31,6,-1,-1,-1,-1,1,-1
2015215000771,1,9,0,9,0,5,0,0,0,0,4,1,6,1,56,9,1781,1,15,-1,1,-1
2015215000771,2,9,0,18,0,8,0,0,0,0,1,1,6,1,47,8,-1,-1,-1,-1,1,-1
2015215000772,1,9,0,5,0,6,0,0,0,0,1,1,6,2,78,11,1296,1,7,-1,3,-1
2015215000772,2,9,0,18,0,8,0,0,0,0,4,1,1,1,-1,-1,1997,2,12,-1,1,-1
2015215000774,1,8,0,18,0,0,0,0,0,0,1,1,3,1,47,8,1560,2,5,-1,1,-1
2015215000774,2,9,0,3,0,0,0,0,0,0,2,1,2,1,49,8,2720,2,10,-1,1,-1
2015215000775,1,9,0,9,0,5,0,0,0,0,1,2,6,1,-1,-1,-1,-1,-1,-1,-1,-1
2015215000775,2,1,0,18,0,8,0,0,0,0,3,1,2,1,-1,-1,-1,-1,-1,-1,1,-1
2015215000776,1,9,0,18,0,0,0,0,0,0,1,1,6,1,-1,-1,1364,2,9,-1,1,-1
2015215000776,2,9,0,3,0,0,0,0,0,0,2,1,5,2,26,6,2993,2,9,-1,1,-1
2015215000776,3,9,0,3,0,0,0,0,0,0,2,1,6,3,-1,-1,-1,-1,-1,-1,-1,-1
2015215000777,1,9,0,18,0,2,0,0,0,0,3,1,6,1,53,8,2793,1,16,-1,1,-1
2015215000779,1,9,0,18,0,1,0,0,0,0,1,1,6,3,-1,-1,-1,-1,-1,-1,-1,-1
2015215000779,2,9,0,4,0,1,0,0,0,0,2,1,6,2,42,7,1461,2,6,-1,2,-1
2015215000789,1,9,0,13,0,2,0,0,0,0,4,1,6,3,-1,-1,-1,-1,-1,-1,-1,-1
2015215000789,2,3,0,7,0,2,0,0,0,0,1,1,2,2,44,7,125,1,1,-1,1,-1
2015215000791,1,9,0,7,0,6,0,0,0,0,1,1,6,2,47,8,1685,2,2,-1,1,-1
2015215000792,1,8,0,5,0,4,0,0,0,0,1,1,6,1,45,7,1910,2,7,-1,1,-1
2015215000792,2,9,0,4,0,8,0,0,0,0,2,1,6,1,41,7,1896,2,9,-1,1,-1
2015215000795,1,9,0,18,0,8,0,0,0,0,1,1,2,1,21,5,1998,1,17,-1,1,-1
2015215000795,2,9,0,18,0,8,0,0,0,0,1,1,6,2,45,7,-1,-1,-1,-1,2,-1
2015215000798,1,2,0,18,0,8,0,0,0,0,1,1,6,1,17,4,50,1,9,-1,1,-1
2015215000798,2,9,0,9,0,5,0,0,0,0,4,1,2,1,32,6,1998,1,16,-1,2,-1
2015215000799,1,9,0,9,0,8,0,0,1,9,1,1,5,1,16,4,-1,-1,-1,-1,-1,-1
2015215000806,1,8,0,5,0,0,0,0,0,0,0,1,1,2,53,8,1753,2,5,-1,-1,-1
2015215000810,1,9,0,1,0,0,0,0,0,0,2,1,6,1,36,7,1998,2,16,-1,1,-1
2015215000810,2,9,0,2,0,0,0,0,0,0,1,1,1,1,40,7,-1,-1,-1,-1,-1,-1
2015215000810,3,9,0,2,0,0,0,0,0,0,3,1,6,3,-1,-1,1240,1,9,-1,-1,-1
2015215000810,4,9,0,4,0,0,0,0,0,0,0,1,1,1,-1,-1,1984,1,5,-1,-1,-1
2015215000811,1,9,0,1,0,0,0,0,0,0,2,1,5,1,47,8,1968,2,5,-1,1,-1
2015215000823,1,9,0,18,0,0,0,0,0,0,1,1,6,2,32,6,1598,1,10,-1,1,-1
2015215000823,2,9,0,18,0,0,0,0,0,0,2,1,1,2,29,6,-1,-1,-1,-1,1,-1
2015215000824,1,9,0,18,0,1,0,0,1,4,1,1,5,1,31,6,-1,-1,-1,-1,1,-1
2015215000825,1,9,0,18,0,0,0,0,4,6,1,1,5,1,29,6,2231,2,9,-1,1,-1
2015215000828,1,9,0,18,0,0,0,0,0,0,1,1,1,2,39,7,-1,-1,-1,-1,2,-1
2015215000828,2,9,0,4,0,0,0,0,0,0,2,1,2,1,25,5,1248,2,6,-1,2,-1
2015215000830,1,9,0,17,0,0,0,0,1,4,1,1,1,1,40,7,2995,1,4,-1,1,-1
2015215000830,2,9,0,16,0,0,0,1,0,0,1,1,6,1,62,9,1984,1,8,-1,1,-1
2015215000830,3,9,0,2,0,0,0,0,0,0,1,1,6,2,23,5,998,1,3,-1,1,-1
2015215000832,1,21,0,11,0,8,0,0,0,0,1,1,1,1,46,8,12900,2,4,-1,1,-1
2015215000832,2,9,0,18,0,8,0,0,0,0,1,1,2,2,40,7,-1,-1,-1,-1,2,-1
2015215000836,1,9,0,5,0,4,0,0,0,0,1,1,2,1,25,5,1587,1,17,-1,1,-1
2015215000836,2,8,0,9,0,8,0,0,0,0,4,1,1,1,54,8,1995,2,8,-1,1,-1
2015215000837,1,9,0,16,0,8,0,0,0,0,1,1,5,1,35,6,973,1,13,-1,1,-1
2015215000837,2,9,0,18,0,4,0,0,0,0,1,1,6,3,-1,-1,-1,-1,-1,-1,-1,-1
2015215000838,1,1,0,18,0,1,0,0,0,0,3,1,6,1,23,5,-1,-1,-1,-1,-1,-1
2015215000838,2,9,0,18,0,2,0,0,0,0,3,1,6,2,37,7,1685,2,4,-1,1,-1
2015215000839,1,9,0,18,0,1,0,0,0,0,1,1,6,1,71,10,1796,7,12,-1,1,-1
2015215000839,2,9,0,3,0,1,0,0,0,0,2,1,1,2,45,7,2996,1,7,-1,1,-1
2015215000839,3,9,0,9,0,8,0,0,0,0,1,1,6,1,-1,-1,-1,-1,-1,-1,1,-1
2015215000847,1,9,0,18,0,0,0,0,0,0,4,1,6,2,64,9,1781,1,12,-1,1,-1
2015215000851,1,9,0,13,0,0,1,0,8,11,1,1,6,1,20,4,1968,2,11,-1,-1,-1
2015215000851,2,9,0,18,0,0,0,0,1,11,1,1,5,2,59,9,1998,2,9,-1,1,-1
2015215000852,1,9,0,14,0,1,0,0,0,0,1,1,5,1,27,6,-1,-1,-1,-1,-1,-1
2015215000852,2,3,0,9,0,2,0,0,0,0,3,1,2,1,24,5,124,1,1,-1,1,-1
2015215000853,1,9,0,5,0,5,0,0,0,0,1,1,1,2,37,7,1398,1,2,-1,1,-1
2015215000854,1,9,0,18,0,0,0,0,0,0,3,1,6,1,34,6,-1,-1,-1,-1,1,-1
2015215000854,2,19,0,18,0,0,0,0,0,0,3,1,1,1,56,9,-1,-1,-1,-1,1,-1
2015215000854,3,9,0,18,0,0,0,0,0,0,3,1,6,1,46,8,1956,2,5,-1,1,-1
2015215000856,1,9,0,18,0,4,0,0,0,0,1,1,2,1,55,8,1560,2,2,-1,1,-1
2015215000856,2,1,0,9,0,8,0,0,0,0,2,1,2,1,40,7,-1,-1,-1,-1,1,-1
2015215000859,1,9,0,7,0,5,0,0,0,0,1,1,5,1,32,6,-1,-1,-1,-1,3,-1
2015215000859,2,1,0,18,0,8,0,0,0,0,4,1,6,2,50,8,-1,-1,-1,-1,1,-1
2015215000860,1,9,0,9,0,5,0,0,0,0,3,1,6,1,49,8,1995,1,4,-1,1,-1
2015215000860,2,4,0,18,0,8,0,0,0,0,3,1,6,1,21,5,471,1,1,-1,1,-1
2015215000861,1,9,0,17,0,0,0,0,0,0,1,1,2,1,-1,-1,1968,2,6,-1,-1,-1
2015215000861,2,9,0,4,0,0,0,0,0,0,2,1,2,2,30,6,-1,-1,-1,-1,1,-1
2015215000864,1,9,0,17,0,0,5,0,1,10,1,1,6,2,24,5,-1,-1,-1,-1,1,-1
2015215000864,2,9,0,18,0,0,0,0,0,0,0,1,6,2,55,8,1968,2,3,-1,3,-1
2015215000866,1,9,0,18,0,0,1,0,0,0,1,1,6,2,-1,-1,1149,1,16,-1,1,-1
2015215000866,2,9,0,3,0,0,0,0,0,0,2,1,6,1,54,8,1560,2,3,-1,1,-1
2015215000867,1,9,0,18,0,0,0,0,0,0,1,1,6,2,37,7,1968,2,4,-1,1,-1
2015215000868,1,9,0,16,0,8,1,0,7,3,1,1,6,1,19,4,-1,-1,-1,-1,3,-1
2015215000873,1,9,0,9,0,6,0,0,0,0,1,1,6,2,40,7,2184,2,-1,-1,3,-1
2015215000873,2,11,0,17,0,8,0,0,0,0,1,1,1,1,46,8,9000,2,15,-1,1,-1
2015215000877,1,9,4,13,0,1,0,0,0,0,1,1,6,1,35,6,1995,2,5,-1,-1,-1
2015215000877,2,9,0,7,0,6,0,0,0,0,3,1,6,2,30,6,1242,1,4,-1,1,-1
2015215000877,3,9,0,18,0,1,0,0,0,0,0,1,6,3,-1,-1,-1,-1,-1,-1,-1,-1
2015215000878,1,9,0,18,0,0,1,0,1,4,1,1,6,1,20,4,-1,-1,-1,-1,1,-1
2015215000879,1,9,0,9,0,6,0,0,0,0,1,1,6,2,54,8,1951,2,12,-1,3,-1
2015215000879,2,9,0,18,0,1,0,0,0,0,3,1,6,1,43,7,1781,1,11,-1,1,-1
2015215000879,3,9,0,16,0,8,0,0,1,10,3,1,6,1,55,8,-1,-1,-1,-1,2,-1
2015215000880,1,9,0,4,0,0,0,0,5,6,4,1,2,1,25,5,1998,1,14,-1,1,-1
2015215000880,2,17,0,16,0,0,0,0,0,0,3,1,1,1,52,8,4329,2,5,-1,1,-1
2015215000880,3,9,0,14,0,0,0,0,0,0,3,1,2,2,24,5,1149,1,5,-1,1,-1
2015215000880,4,19,0,12,0,0,0,0,0,0,0,1,6,3,-1,-1,-1,-1,-1,-1,-1,-1
2015215000881,1,9,0,4,0,0,1,0,0,0,1,1,6,1,33,6,1910,2,13,-1,1,-1
2015215000881,2,9,0,3,0,0,0,0,0,0,2,1,6,1,27,6,1124,1,11,-1,1,-1
2015215000885,1,9,0,18,0,4,0,0,0,0,1,1,6,3,-1,-1,-1,-1,-1,-1,-1,-1
2015215000885,2,1,0,9,0,8,0,0,0,0,4,1,6,1,20,4,-1,-1,-1,-1,1,-1
2015215000886,1,9,0,5,0,4,0,0,0,0,1,1,2,2,43,7,1598,1,11,-1,1,-1
2015215000886,2,1,0,18,0,8,0,0,0,0,4,1,6,1,53,8,-1,-1,-1,-1,1,-1
2015215000887,1,9,0,5,0,8,0,0,0,0,1,1,6,2,32,6,1796,1,8,-1,1,-1
2015215000887,2,1,0,18,0,8,0,0,0,0,4,1,2,2,24,5,-1,-1,-1,-1,1,-1
2015215000888,1,9,0,18,0,0,0,0,0,0,4,1,6,1,46,8,-1,-1,-1,-1,2,-1
2015215000889,1,19,0,18,0,0,0,0,0,0,1,1,2,1,49,8,2148,2,8,-1,2,-1
2015215000889,2,5,0,4,0,0,0,0,0,0,2,1,2,1,44,7,918,1,17,-1,1,-1
2015215000890,1,9,0,9,0,6,0,0,0,0,1,1,6,1,36,7,1956,2,5,-1,1,-1
2015215000890,2,8,0,18,0,8,0,0,0,0,3,1,1,1,37,7,1997,2,7,-1,1,-1
2015215000891,1,21,1,18,0,0,0,0,0,0,1,2,1,1,52,8,-1,-1,-1,-1,-1,-1
2015215000891,2,21,1,4,0,0,0,0,0,0,0,1,1,1,54,8,-1,-1,-1,-1,1,-1
2015215000891,3,9,0,11,0,0,0,0,1,7,4,1,6,1,42,7,2184,2,11,-1,1,-1
2015215000892,1,9,0,18,0,2,0,0,0,0,1,1,1,1,28,6,-1,-1,-1,-1,1,-1
2015215000892,2,9,0,18,0,2,0,0,0,0,2,1,6,2,81,11,1349,1,5,-1,2,-1
2015215000895,1,9,0,17,0,1,1,0,0,0,4,1,6,1,14,3,-1,-1,-1,-1,-1,-1
2015215000895,2,9,0,17,0,1,1,0,0,0,3,1,6,1,19,4,-1,-1,-1,-1,-1,-1
2015215000900,1,21,1,12,0,0,0,0,0,0,3,1,1,1,51,8,-1,-1,-1,-1,-1,-1
2015215000900,2,9,0,13,0,0,0,0,1,7,4,1,1,1,23,5,1242,1,8,-1,1,-1
2015215000901,1,9,0,14,0,1,0,0,0,0,1,1,6,1,-1,-1,1591,1,4,-1,2,-1
2015215000901,2,8,0,10,0,8,0,0,0,0,2,1,1,1,68,10,1794,1,11,-1,1,-1
2015215000901,3,9,0,18,0,8,0,0,0,0,1,1,2,1,35,6,1997,2,13,-1,1,-1
2015215000902,1,9,0,18,0,0,0,0,7,3,3,1,6,1,23,5,1360,1,9,-1,1,-1
2015215000904,1,9,0,18,0,0,0,0,0,0,1,1,6,2,38,7,1396,2,4,-1,3,-1
2015215000907,1,9,0,5,0,0,0,0,0,0,1,1,6,2,-1,-1,1598,1,7,-1,-1,-1
2015215000907,2,9,0,14,0,0,0,0,0,0,2,1,3,2,43,7,1299,1,13,-1,1,-1
2015215000912,1,9,0,7,0,6,0,0,0,0,1,1,6,1,30,6,1242,1,2,-1,1,-1
2015215000912,2,9,0,18,0,8,0,0,0,0,1,1,6,1,23,5,1330,1,18,-1,1,-1
2015215000916,1,9,0,16,0,0,0,10,1,10,1,1,3,2,36,7,1598,1,5,-1,1,-1
2015215000919,1,9,0,14,0,0,0,0,0,0,4,1,5,1,21,5,1364,1,8,-1,1,-1
2015215000919,2,8,0,9,0,0,0,0,0,0,3,1,1,1,34,6,-1,-1,-1,-1,1,-1
2015215000943,1,10,0,18,0,0,0,0,0,0,1,1,1,1,28,6,-1,-1,-1,-1,1,-1
2015215000944,1,10,0,16,0,0,0,0,1,10,3,2,2,1,27,6,-1,-1,-1,-1,3,-1
2015215000944,2,21,1,17,0,0,0,0,0,0,4,2,1,1,42,7,-1,-1,-1,-1,-1,-1