Accident_Index,Vehicle_Reference,Vehicle_Type,Towing_and_Articulation,Vehicle_Manoeuvre,Vehicle_Location-Restricted_Lane,Junction_Location,Skidding_and_Overturning,Hit_Object_in_Carriageway,Vehicle_Leaving_Carriageway,Hit_Object_off_Carriageway,1st_Point_of_Impact,Was_Vehicle_Left_Hand_Drive?,Journey_Purpose_of_Driver,Sex_of_Driver,Age_of_Driver,Age_Band_of_Driver,Engine_Capacity_(CC),Propulsion_Code,Age_of_Vehicle,Driver_IMD_Decile,Driver_Home_Area_Type,Vehicle_IMD_Decile
2015215001279,2,5,0,18,0,8,0,0,0,0,1,1,2,1,36,7,599,1,23,-1,1,-1
2015215001283,1,9,0,9,0,6,0,0,0,0,3,1,6,1,92,11,1388,1,11,-1,1,-1
2015215001283,2,9,0,18,0,1,0,0,0,0,1,1,6,1,19,4,1149,1,12,-1,1,-1
2015215001287,1,9,0,13,0,0,2,0,1,2,1,1,5,1,42,7,-1,-1,-1,-1,1,-1
2015215001289,1,21,1,18,0,8,0,0,0,0,3,1,1,1,-1,-1,-1,-1,-1,-1,-1,-1
2015215001289,2,19,0,18,0,8,0,0,0,0,4,1,1,1,41,7,1996,2,3,-1,1,-1
2015215001290,1,9,0,18,0,0,0,0,0,0,1,1,1,1,47,8,1968,2,2,-1,2,-1
2015215001290,2,9,0,4,0,0,0,0,0,0,2,1,2,1,48,8,-1,-1,-1,-1,1,-1
2015215001290,3,9,0,4,0,0,0,0,0,0,2,1,6,1,29,6,2497,2,11,-1,1,-1
2015215001291,1,9,0,9,0,5,0,0,0,0,1,1,1,1,22,5,1995,2,4,-1,1,-1
2015215001291,2,9,0,18,0,8,0,0,0,0,3,1,6,2,18,4,998,1,6,-1,1,-1
2015215001293,1,9,0,17,0,0,0,0,0,0,1,1,6,1,21,5,1984,1,14,-1,1,-1
2015215001293,2,9,0,18,0,0,0,0,0,0,1,1,6,1,34,6,-1,-1,-1,-1,2,-1
2015215001294,1,9,0,5,0,6,0,0,0,0,1,1,3,2,38,7,1397,1,14,-1,1,-1
2015215001294,2,9,0,18,0,8,0,0,0,0,1,1,3,2,33,6,1998,2,5,-1,1,-1
2015215001295,1,9,0,18,0,0,0,0,0,0,1,1,2,2,17,4,1360,1,10,-1,1,-1
2015215001295,2,1,0,18,0,0,0,0,0,0,4,1,6,1,11,3,-1,-1,-1,-1,1,-1
2015215001296,1,2,0,18,0,8,0,10,0,0,1,1,6,1,16,4,-1,-1,-1,-1,2,-1
2015215001302,1,9,0,9,0,6,0,0,0,0,1,1,6,2,40,7,1998,1,8,-1,-1,-1
2015215001302,2,9,0,14,0,8,0,0,0,0,4,1,6,2,46,8,1997,2,8,-1,1,-1
2015215001304,1,9,0,18,0,1,0,0,0,0,1,1,6,1,33,6,1995,2,12,-1,3,-1
2015215001304,2,9,0,3,0,1,0,0,0,0,2,1,6,2,38,7,1798,1,10,-1,1,-1
2015215001305,1,9,0,9,0,6,0,0,0,0,1,1,5,1,57,9,2179,2,-1,-1,3,-1
2015215001305,2,9,0,3,0,2,0,0,0,0,4,1,1,1,54,8,1798,1,10,-1,3,-1
2015215001308,1,9,0,9,0,5,0,0,0,0,1,1,6,1,22,5,1364,1,8,-1,1,-1
2015215001308,2,9,0,18,0,8,0,0,0,0,1,1,1,1,45,7,-1,-1,-1,-1,1,-1
2015215001309,1,9,0,16,0,0,1,0,7,11,3,1,2,2,19,4,-1,-1,-1,-1,1,-1
2015215001311,1,9,0,18,0,8,0,0,0,0,1,1,1,1,22,5,1999,1,7,-1,1,-1
2015215001311,2,1,0,18,0,8,0,0,0,0,1,1,6,2,9,2,-1,-1,-1,-1,1,-1
2015215001316,1,9,0,18,0,8,0,0,0,0,1,1,6,1,32,6,1360,1,11,-1,1,-1
2015215001316,2,9,0,18,0,8,0,0,0,0,1,1,6,2,61,9,-1,-1,-1,-1,1,-1
2015215001320,1,9,0,6,0,8,0,0,0,0,3,1,6,1,20,4,-1,-1,-1,-1,1,-1
2015215001320,2,9,0,14,0,8,0,0,0,0,1,1,6,1,37,7,1596,1,1,-1,1,-1
2015215001324,1,9,0,17,0,0,2,10,7,1,1,1,1,1,21,5,1956,2,1,-1,3,-1
2015215001332,1,9,0,14,0,0,5,0,0,0,1,1,6,1,49,8,-1,-1,-1,-1,1,-1
2015215001332,2,9,0,2,0,0,0,0,0,0,3,1,6,1,-1,-1,1461,2,2,-1,1,-1
2015215001334,1,9,0,18,0,0,0,0,4,6,1,1,6,2,26,6,1248,1,5,-1,1,-1
2015215001334,2,21,1,2,6,0,0,0,0,0,2,1,1,1,62,9,12777,2,4,-1,3,-1
2015215001334,3,9,0,18,0,0,0,0,0,0,1,1,6,1,21,5,-1,-1,-1,-1,1,-1
2015215001335,1,9,0,9,0,8,0,0,1,7,1,1,2,2,37,7,1388,1,9,-1,1,-1
2015215001336,1,9,0,9,0,6,0,0,0,0,1,1,3,2,32,6,1296,1,8,-1,1,-1
2015215001336,2,8,0,1,0,8,0,0,0,0,4,1,1,1,30,6,-1,-1,-1,-1,1,-1
2015215001338,1,9,0,9,0,8,0,0,0,0,1,1,6,1,67,10,1242,1,6,-1,1,-1
2015215001338,2,4,0,1,0,8,0,0,0,0,3,1,6,1,28,6,125,1,2,-1,1,-1
2015215001346,1,9,0,9,0,5,0,0,0,0,1,1,6,1,60,9,1995,2,7,-1,1,-1
2015215001346,2,9,0,18,0,8,0,0,0,0,3,1,6,1,47,8,1896,2,12,-1,1,-1
2015215001349,1,9,0,5,0,1,0,0,0,0,1,1,1,2,24,5,1242,1,6,-1,1,-1
2015215001349,2,9,0,3,0,1,0,0,0,0,2,1,1,1,32,6,-1,-1,-1,-1,1,-1
2015215001351,1,9,0,5,0,0,0,0,0,0,3,1,6,2,22,5,1199,1,11,-1,1,-1
2015215001354,1,11,0,4,0,0,0,0,0,0,0,1,1,1,29,6,5883,2,14,-1,2,-1
2015215001355,1,9,0,9,0,6,0,0,0,0,1,1,5,1,79,11,1197,1,3,-1,1,-1
2015215001355,2,9,0,18,0,8,0,0,0,0,1,1,5,1,31,6,1398,2,1,-1,1,-1
2015215001356,1,9,0,16,0,8,0,0,0,0,1,1,5,2,23,5,-1,-1,-1,-1,2,-1
2015215001356,2,9,0,17,0,8,0,0,0,0,1,1,2,2,39,7,1968,2,3,-1,3,-1
2015215001357,1,9,0,9,0,6,0,0,0,0,1,1,6,2,21,5,1229,1,9,-1,1,-1
2015215001357,2,9,0,18,0,8,0,0,0,0,1,1,6,1,30,6,1248,2,8,-1,1,-1
2015215001358,1,9,0,18,0,0,1,0,7,11,3,1,1,1,25,5,1910,2,9,-1,1,-1
2015215001359,1,9,0,18,0,6,0,0,0,0,1,1,1,2,55,8,1198,1,1,-1,1,-1
2015215001359,2,1,0,17,0,8,0,0,0,0,4,1,1,1,39,7,-1,-1,-1,-1,1,-1
2015215001360,1,9,0,16,0,0,1,0,1,11,0,1,6,1,46,8,1999,1,2,-1,3,-1
2015215001361,1,9,0,17,0,0,0,10,7,11,3,1,5,1,18,4,1248,2,6,-1,1,-1
2015215001370,1,9,0,18,0,1,0,0,1,0,1,1,5,1,70,10,-1,-1,-1,-1,-1,-1
2015215001370,2,9,0,18,0,1,0,0,0,0,1,1,3,2,64,9,1997,2,8,-1,3,-1
2015215001370,3,9,0,4,0,1,0,0,0,0,2,1,2,2,46,8,1560,2,2,-1,2,-1
2015215001382,1,9,0,18,0,8,0,0,0,0,4,1,6,1,71,10,1896,2,10,-1,2,-1
2015215001382,2,21,0,18,0,8,0,0,0,0,1,1,1,1,41,7,6374,2,2,-1,1,-1
2015215001383,1,8,0,18,0,0,0,0,0,0,1,1,1,1,27,6,1896,2,7,-1,1,-1
2015215001383,2,9,0,3,0,0,0,0,0,0,2,1,6,1,20,4,-1,-1,-1,-1,1,-1
2015215001383,3,9,0,3,0,0,0,0,0,0,2,1,1,1,41,7,1968,2,4,-1,1,-1
2015215001384,1,9,0,18,0,0,0,0,0,0,1,1,2,1,50,8,1998,1,16,-1,-1,-1
2015215001385,1,9,0,13,0,0,5,0,0,2,1,1,6,1,51,8,-1,-1,-1,-1,1,-1
2015215001385,2,9,0,13,0,0,0,0,0,0,3,1,2,2,51,8,1560,2,10,-1,1,-1
2015215001389,1,9,0,17,0,1,0,0,0,0,1,1,5,2,21,5,998,1,3,-1,1,-1
2015215001389,2,9,0,9,0,8,0,0,0,0,4,1,5,2,30,6,1995,2,10,-1,1,-1
2015215001390,1,9,0,4,0,8,0,0,0,0,2,1,6,1,23,5,1389,1,14,-1,1,-1
2015215001390,2,9,0,18,0,8,0,0,0,0,1,1,6,1,37,7,1910,2,10,-1,1,-1
2015215001391,1,9,0,18,0,2,0,0,0,0,1,1,2,1,29,6,1994,2,13,-1,1,-1
2015215001391,2,19,0,18,0,1,0,0,0,0,1,1,2,1,54,8,1753,2,11,-1,-1,-1
2015215001393,1,9,0,1,0,4,0,0,0,0,0,1,5,2,40,7,998,1,10,-1,1,-1
2015215001393,2,9,0,5,0,4,0,0,0,0,1,1,2,2,17,4,999,1,3,-1,1,-1
2015215001394,1,9,0,18,0,1,0,0,0,0,2,1,5,2,41,7,1896,2,13,-1,1,-1
2015215001394,2,9,0,18,0,1,0,0,0,0,1,1,6,1,58,9,-1,-1,-1,-1,1,-1
2015215001413,1,9,0,5,0,6,0,0,0,0,1,1,2,2,24,5,1229,1,5,-1,2,-1
2015215001413,2,9,0,17,0,8,0,0,0,0,1,1,5,1,54,8,1956,2,3,-1,3,-1
2015215001414,1,9,0,18,0,1,0,0,0,0,1,1,6,1,40,7,-1,-1,-1,-1,1,-1
2015215001414,2,9,0,4,0,1,0,0,0,0,2,1,5,2,24,5,1248,2,8,-1,1,-1
2015215001414,3,9,0,9,0,5,0,0,0,0,0,1,6,3,-1,-1,-1,-1,-1,-1,-1,-1
2015215001421,1,1,0,1,0,0,0,0,0,0,2,1,6,1,-1,-1,-1,-1,-1,-1,-1,-1
2015215001428,1,9,0,4,0,0,0,0,0,0,2,1,1,2,31,6,1461,2,4,-1,1,-1
2015215001428,2,19,0,18,0,0,0,0,0,0,1,1,1,1,26,6,2287,2,4,-1,1,-1
2015215001428,3,19,0,18,0,0,0,0,0,0,1,1,1,1,56,9,1560,2,2,-1,-1,-1
2015215001428,4,9,0,18,0,0,0,0,0,0,1,1,1,2,71,10,2993,2,2,-1,2,-1
2015215001430,1,9,0,18,0,0,0,0,0,0,1,1,3,2,36,7,1598,1,8,-1,1,-1
2015215001432,1,9,0,18,0,2,0,0,0,0,1,1,5,2,41,7,1560,2,8,-1,-1,-1
2015215001432,2,21,0,4,0,2,0,0,0,0,2,1,1,1,24,5,9290,2,4,-1,1,-1
2015215001435,1,9,0,9,0,8,0,0,0,0,3,1,2,2,20,4,1490,1,8,-1,3,-1
2015215001435,2,9,0,18,0,8,0,0,0,0,1,1,5,1,60,9,-1,-1,-1,-1,1,-1
2015215001436,1,9,0,5,0,0,0,0,0,0,1,1,5,1,64,9,1910,2,9,-1,1,-1
2015215001436,2,5,0,18,0,0,0,0,0,0,4,1,5,1,24,5,583,1,16,-1,3,-1
2015215001437,1,9,0,18,0,1,0,0,0,0,1,1,6,1,19,4,1896,2,11,-1,1,-1
2015215001437,2,9,0,4,0,1,0,0,7,0,2,1,5,2,33,6,1997,2,14,-1,1,-1
2015215001437,3,9,0,10,0,1,0,0,0,0,2,1,6,1,45,7,-1,-1,-1,-1,1,-1
2015215001438,1,9,0,12,0,0,0,0,0,0,1,1,6,1,35,6,1398,1,2,-1,1,-1
2015215001438,2,9,0,18,0,0,0,0,0,0,2,1,6,2,48,8,2976,1,12,-1,3,-1
2015215001440,1,9,0,9,0,8,0,0,0,0,1,1,6,3,-1,-1,-1,-1,-1,-1,-1,-1
2015215001441,1,9,0,10,0,5,0,0,0,0,2,1,6,2,55,8,1198,1,6,-1,-1,-1
2015215001441,2,9,0,4,0,1,0,0,0,0,2,1,6,1,35,6,-1,-1,-1,-1,1,-1
2015215001441,3,9,0,4,0,1,0,0,0,0,2,1,6,1,35,6,1910,2,9,-1,-1,-1
2015215001441,4,9,0,12,0,1,0,0,0,0,1,1,6,1,45,7,2198,1,17,-1,1,-1
2015215001441,5,9,0,18,0,1,0,0,0,0,1,1,6,1,35,6,1560,2,3,-1,1,-1
2015215001442,1,9,0,1,0,0,0,0,0,0,2,1,6,1,20,4,1686,2,10,-1,1,-1
2015215001443,1,9,0,5,0,1,0,0,0,0,1,1,2,2,39,7,1396,1,10,-1,1,-1
2015215001443,2,9,0,5,0,1,0,0,0,0,1,1,6,1,52,8,-1,-1,-1,-1,1,-1
2015215001443,3,9,0,8,0,6,0,0,0,0,2,1,2,2,17,4,1299,1,11,-1,1,-1
2015215001444,1,9,0,9,0,5,0,0,0,0,1,1,2,2,48,8,1796,1,10,-1,1,-1
2015215001445,1,19,0,9,0,6,0,0,0,0,1,1,6,1,33,6,2198,2,8,-1,1,-1
2015215001445,2,9,0,18,0,8,0,0,0,0,4,1,6,2,25,5,1995,2,10,-1,1,-1
2015215001446,1,9,0,18,0,2,0,0,0,0,1,1,6,1,40,7,1798,1,10,-1,1,-1
2015215001446,2,9,0,7,0,2,0,0,0,0,4,1,6,1,31,6,1798,1,6,-1,1,-1
2015215001452,1,9,0,18,0,1,0,0,0,0,1,1,6,1,29,6,1995,2,15,-1,1,-1
2015215001452,2,9,0,9,0,5,0,0,0,0,2,1,6,1,46,8,2972,1,17,-1,1,-1
2015215001455,1,9,0,18,0,0,0,0,0,0,1,1,6,1,47,8,1229,1,5,-1,1,-1
2015215001456,1,9,0,18,0,0,0,0,0,0,1,1,6,1,27,6,-1,-1,-1,-1,1,-1
2015215001456,2,9,0,3,0,0,0,0,0,0,2,1,2,2,50,8,1343,1,11,-1,1,-1
2015215001461,1,9,0,18,0,8,0,0,7,4,1,1,6,1,48,8,1984,1,7,-1,1,-1
2015215001464,1,9,0,18,0,2,0,0,0,0,1,1,6,2,45,7,1997,1,10,-1,1,-1
2015215001476,1,9,0,1,0,6,0,0,0,0,2,1,5,1,49,8,995,1,3,-1,2,-1
2015215001476,2,9,0,18,0,8,0,0,0,0,1,1,1,1,32,6,1968,2,2,-1,1,-1
2015215001478,1,19,0,16,0,0,0,0,0,0,3,1,1,1,50,8,-1,-1,-1,-1,1,-1
2015215001478,2,9,0,17,0,0,0,0,0,0,3,1,6,1,59,9,-1,-1,-1,-1,1,-1
2015215001478,3,9,0,17,0,0,0,0,0,0,3,1,6,1,62,9,1560,2,3,-1,2,-1
2015215001480,1,9,0,18,0,6,0,0,0,0,1,1,3,2,45,7,-1,-1,-1,-1,1,-1
2015215001480,2,9,0,18,0,8,0,0,0,0,4,1,6,2,27,6,-1,-1,-1,-1,3,-1
2015215001482,1,9,0,18,0,1,0,0,0,0,1,1,6,1,28,6,1800,1,16,-1,-1,-1
2015215001482,2,9,0,3,0,1,0,0,0,0,2,1,1,1,41,7,1870,2,9,-1,1,-1
2015215001484,1,9,0,4,0,1,0,0,0,0,2,1,1,1,28,6,1896,2,13,-1,-1,-1
2015215001484,2,9,0,18,0,1,0,0,0,0,1,1,1,2,-1,-1,1124,1,10,-1,1,-1
2015215001485,1,21,1,12,0,0,0,0,0,0,3,1,1,1,31,6,-1,-1,-1,-1,-1,-1
2015215001485,2,9,0,13,0,0,0,0,0,0,4,1,6,1,59,9,-1,-1,-1,-1,1,-1
2015215001486,1,9,0,18,0,2,0,0,0,0,1,1,6,1,29,6,-1,-1,-1,-1,1,-1
2015215001486,2,9,0,14,0,1,0,0,0,0,1,1,6,2,44,7,-1,-1,-1,-1,1,-1
2015215001487,1,9,0,18,0,1,0,0,0,0,1,1,2,2,41,7,1598,1,13,-1,1,-1
2015215001488,1,9,0,17,0,0,0,0,1,11,1,1,6,1,22,5,2494,1,28,-1,1,-1
2015215001504,1,9,0,7,0,6,0,0,0,0,1,1,6,1,80,11,2497,2,6,-1,2,-1
2015215001504,2,9,0,18,0,8,0,0,0,0,1,1,6,1,56,9,-1,-1,-1,-1,1,-1
2015215001505,1,19,0,9,0,6,0,0,0,0,1,1,1,1,49,8,2198,2,5,-1,1,-1
2015215001505,2,9,0,18,0,8,1,0,1,11,4,1,6,1,63,9,1799,1,17,-1,1,-1
2015215001507,1,5,0,14,0,1,0,0,0,0,1,1,6,1,22,5,649,1,5,-1,1,-1
2015215001507,2,9,0,9,0,6,0,0,0,0,1,1,6,1,46,8,998,1,3,-1,1,-1
2015215001508,1,9,0,18,0,1,0,0,0,0,1,1,6,1,61,9,998,1,1,-1,1,-1
2015215001508,2,9,0,3,0,1,0,0,0,0,2,1,6,1,28,6,1242,1,11,-1,1,-1
2015215001508,3,9,0,3,0,1,0,0,0,0,2,1,6,2,40,7,1995,2,1,-1,1,-1
2015215001511,1,5,0,18,0,0,0,0,0,0,1,1,6,1,20,4,892,1,17,-1,1,-1
2015215001511,2,9,0,3,0,0,0,0,0,0,2,1,6,2,39,7,998,1,1,-1,1,-1
2015215001513,1,9,0,18,0,3,1,0,1,2,1,1,1,1,21,5,1198,1,3,-1,1,-1
2015215001518,1,9,0,18,0,6,0,0,0,0,3,1,6,1,68,10,-1,-1,-1,-1,1,-1
2015215001518,2,9,0,18,0,8,0,0,0,0,1,1,6,1,21,5,998,1,6,-1,1,-1
2015215001522,1,9,0,17,0,1,1,10,1,11,1,1,6,1,19,4,-1,-1,-1,-1,-1,-1
2015215001524,1,5,0,18,0,2,0,0,0,0,3,1,6,1,37,7,998,1,6,-1,1,-1
2015215001524,2,5,0,18,0,2,0,0,0,0,4,1,6,1,32,6,645,1,15,-1,1,-1
2015215001525,1,19,0,5,0,6,0,0,0,0,1,1,6,1,50,8,2953,2,9,-1,3,-1
2015215001525,2,9,0,5,0,5,0,0,0,0,2,1,6,2,48,8,-1,-1,-1,-1,3,-1
2015215001528,1,9,0,9,0,6,0,0,0,0,1,1,6,2,71,10,1598,1,12,-1,1,-1
2015215001531,1,9,0,9,0,5,0,0,0,0,1,1,1,2,55,8,1598,1,11,-1,1,-1
2015215001531,2,9,0,18,0,8,0,0,0,0,1,1,1,2,54,8,1461,2,1,-1,1,-1
2015215001534,1,9,0,7,0,8,0,0,0,0,4,1,5,2,42,7,1997,2,2,-1,-1,-1
2015215001534,2,1,0,18,0,8,0,0,0,0,4,1,5,1,29,6,-1,-1,-1,-1,1,-1
2015215001535,1,9,0,18,0,2,0,0,0,0,1,1,6,1,34,6,1242,1,8,-1,1,-1
2015215001537,1,9,0,9,9,5,0,0,0,0,0,1,5,1,33,6,1461,2,4,-1,1,-1
2015215001540,1,9,0,7,0,6,0,0,0,0,3,1,6,1,20,4,1229,1,9,-1,1,-1
2015215001540,2,9,0,17,0,8,1,0,4,6,4,1,6,2,46,8,998,1,26,-1,1,-1
2015215001545,1,9,0,7,0,6,0,0,0,0,2,1,6,1,26,6,-1,-1,-1,-1,1,-1
2015215001545,2,9,0,18,0,8,0,0,0,0,1,1,6,2,24,5,2993,2,7,-1,2,-1
2015215001546,1,8,0,18,0,1,0,0,0,0,1,1,1,1,32,6,1896,2,8,-1,1,-1
2015215001546,2,9,0,10,0,5,0,0,0,0,2,1,6,1,32,6,1461,2,8,-1,1,-1
2015215001548,1,9,0,9,0,5,0,0,0,0,1,1,6,3,-1,-1,-1,-1,-1,-1,-1,-1
2015215001548,2,1,0,18,4,8,0,0,0,0,3,1,6,1,24,5,-1,-1,-1,-1,-1,-1
2015215001549,1,9,0,18,0,0,0,0,0,0,1,1,6,1,58,9,1299,1,8,-1,1,-1
2015215001549,2,21,1,18,0,0,0,0,0,0,2,1,1,1,43,7,11967,2,3,-1,1,-1
2015215001564,1,9,0,18,0,4,0,0,0,0,2,1,4,1,18,4,1149,1,11,-1,1,-1
2015215001564,2,9,0,18,0,8,0,0,0,0,1,1,1,1,65,9,1997,2,8,-1,2,-1
2015215001567,1,9,0,18,0,0,0,0,0,0,1,1,6,1,-1,-1,1995,2,5,-1,-1,-1
2015215001568,1,8,0,4,0,0,0,0,0,0,0,1,6,1,68,10,1997,2,5,-1,1,-1
2015215001574,1,9,0,18,0,0,0,0,3,4,1,1,2,1,21,5,-1,-1,-1,-1,1,-1
2015215001575,1,10,0,18,0,0,0,0,0,0,3,1,1,1,39,7,-1,-1,-1,-1,1,-1
2015215001575,2,9,0,18,0,0,0,0,0,0,3,1,6,2,36,7,1461,2,-1,-1,1,-1
2015215001576,1,9,0,1,0,2,0,0,0,0,2,1,5,2,29,6,1396,1,12,-1,1,-1
2015215001576,2,9,0,3,0,2,0,0,0,0,1,1,5,1,42,7,1598,1,10,-1,1,-1
2015215001577,1,8,0,18,0,0,0,0,0,0,1,1,1,1,30,6,1910,2,8,-1,1,-1
2015215001577,2,19,0,3,0,0,0,0,0,0,2,1,6,1,17,4,1753,2,3,-1,1,-1
2015215001580,1,9,0,17,0,8,0,0,0,0,1,1,6,1,64,9,2204,2,9,-1,3,-1
2015215001580,2,1,0,9,0,5,0,0,0,0,1,1,6,1,55,8,-1,-1,-1,-1,1,-1
2015215001588,1,9,0,18,0,1,0,0,0,0,1,1,6,1,-1,-1,1731,1,18,-1,-1,-1
2015215001588,2,9,0,11,0,1,0,0,0,0,2,1,1,1,26,6,1560,2,6,-1,1,-1
2015215001592,1,9,0,7,0,8,0,0,0,0,1,1,5,2,46,8,898,1,1,-1,1,-1
2015215001592,2,1,0,18,0,8,0,0,0,0,4,1,1,1,49,8,-1,-1,-1,-1,1,-1
2015215001594,1,9,0,9,0,5,0,0,0,0,1,1,6,2,57,9,-1,-1,-1,-1,3,-1
2015215001594,2,1,0,18,0,8,0,0,0,0,1,1,2,1,17,4,-1,-1,-1,-1,1,-1
2015215001597,1,9,0,16,0,0,0,0,0,0,3,1,6,1,45,7,1995,2,11,-1,1,-1
2015215001597,2,9,0,17,0,0,0,0,0,0,3,1,2,2,21,5,1242,1,1,-1,1,-1
2015215001598,1,9,0,16,0,0,1,0,7,11,3,1,2,2,22,5,1242,1,3,-1,1,-1
2015215001600,1,9,0,17,0,8,5,0,0,0,1,1,5,1,21,5,1124,1,12,-1,1,-1
2015215001601,1,3,0,18,0,0,0,4,0,0,2,1,1,1,36,7,-1,-1,-1,-1,1,-1
2015215001601,2,1,0,18,0,0,0,0,0,0,3,1,1,1,38,7,-1,-1,-1,-1,1,-1
2015215001601,3,9,0,2,0,0,0,0,0,0,0,1,6,3,-1,-1,1896,2,15,-1,1,-1
2015215001603,1,19,0,1,0,5,0,0,0,0,2,1,2,1,61,9,1560,2,7,-1,1,-1
2015215001605,1,9,0,18,0,2,0,0,0,0,3,1,3,2,40,7,2488,2,9,-1,3,-1
2015215001605,2,9,0,9,0,2,0,0,0,0,1,1,6,2,20,4,1299,1,13,-1,1,-1
2015215001612,1,9,0,14,0,1,0,0,0,0,1,1,6,1,40,7,1956,2,3,-1,1,-1
2015215001613,1,9,0,18,0,0,0,0,6,6,1,1,1,1,62,9,1242,1,2,-1,1,-1
2015215001616,1,9,0,18,0,0,5,0,1,4,4,1,1,1,41,7,1796,1,15,-1,1,-1
2015215001617,1,9,0,18,0,2,0,0,0,0,1,1,6,1,75,10,1461,2,2,-1,1,-1
2015215001617,2,9,0,2,0,2,0,0,0,0,3,1,6,1,67,10,1599,1,15,-1,1,-1
2015215001617,3,9,0,2,0,2,0,0,0,0,2,1,6,2,43,7,1332,1,17,-1,1,-1
2015215001617,4,9,0,18,0,1,0,0,0,0,1,1,6,1,53,8,1560,2,2,-1,1,-1
2015215001618,1,9,0,18,0,1,0,0,0,0,1,1,6,2,37,7,1796,1,9,-1,1,-1
2015215001618,2,8,0,3,0,1,0,0,0,0,2,1,2,1,47,8,1991,2,7,-1,1,-1
2015215001619,1,9,0,12,0,8,0,0,0,0,2,1,6,1,38,7,1998,1,6,-1,1,-1
2015215001619,2,5,0,18,0,8,0,0,0,0,1,1,2,1,46,8,649,1,6,-1,1,-1
2015215001620,1,9,0,9,0,6,0,0,0,0,0,1,6,1,-1,-1,1910,2,7,-1,1,-1
2015215001621,1,9,0,14,0,0,0,0,0,0,1,1,6,1,34,6,1984,1,12,-1,1,-1
2015215001621,2,9,0,3,0,0,0,0,0,0,2,1,6,2,24,5,1242,1,14,-1,1,-1
2015215001621,3,9,0,3,0,0,0,0,0,0,2,1,6,1,56,9,1587,1,13,-1,1,-1
2015215001622,1,9,0,17,0,0,5,0,1,0,1,1,1,2,44,7,1242,1,1,-1,-1,-1
2015215001623,1,9,0,1,0,2,0,0,0,0,2,1,1,1,26,6,1242,1,11,-1,1,-1
2015215001625,1,9,0,18,0,0,0,0,1,7,4,1,6,1,19,4,1596,1,4,-1,1,-1
2015215001626,1,9,0,15,0,1,0,0,0,0,1,2,6,1,29,6,-1,-1,-1,-1,-1,-1
2015215001626,2,9,0,10,0,5,0,0,0,0,2,1,6,1,44,7,2204,2,7,-1,1,-1
2015215001630,1,9,0,18,0,8,0,0,7,1,3,1,5,2,20,4,-1,-1,-1,-1,2,-1
2015215001630,2,19,0,18,0,8,0,0,0,0,3,1,1,1,32,6,2198,2,8,-1,3,-1
2015215001635,1,9,0,18,0,0,0,0,7,10,1,1,6,1,20,4,1560,2,6,-1,3,-1
2015215001635,2,9,0,18,0,0,0,0,0,0,1,1,6,1,53,8,1896,2,10,-1,1,-1
2015215001635,3,19,0,4,0,0,0,0,0,0,2,1,6,1,32,6,1598,2,3,-1,1,-1
2015215001638,1,9,0,9,0,5,0,0,0,0,4,1,1,1,24,5,2191,2,1,-1,1,-1
2015215001638,2,9,0,18,0,8,0,0,0,0,1,1,6,2,63,9,1997,2,1,-1,-1,-1
2015215001640,1,9,0,12,0,0,0,0,0,0,2,1,5,1,25,5,1998,1,12,-1,2,-1
2015215001640,2,9,0,16,0,0,0,0,0,0,1,1,1,1,39,7,2993,2,1,-1,3,-1
2015215001642,1,9,0,5,0,6,0,0,0,0,1,1,5,1,26,6,1598,2,1,-1,1,-1
2015215001642,2,19,0,17,0,8,0,0,1,10,4,1,1,1,27,6,-1,-1,-1,-1,1,-1
2015215001643,1,8,0,17,0,4,0,0,0,0,3,1,1,1,37,7,-1,-1,-1,-1,1,-1
2015215001643,2,9,0,18,0,8,0,0,0,0,1,1,6,1,22,5,1984,1,4,-1,1,-1
2015215001647,1,9,0,18,0,0,5,0,5,6,1,1,5,2,19,4,1124,1,9,-1,3,-1
2015215001647,2,9,0,18,0,0,0,0,0,0,1,1,1,1,37,7,1997,2,5,-1,1,-1
2015215001649,1,9,0,17,0,0,0,0,1,0,4,1,5,1,22,5,-1,-1,-1,-1,1,-1
2015215001656,1,8,0,9,0,5,0,0,0,0,4,1,1,1,49,8,-1,-1,-1,-1,1,-1
2015215001656,2,8,0,18,0,8,0,0,0,0,1,1,1,1,38,7,1686,2,6,-1,1,-1
2015215001658,1,9,0,18,0,0,0,0,0,0,3,1,6,1,39,7,1997,1,5,-1,1,-1
2015215001658,2,9,0,18,0,0,0,0,0,0,3,1,6,1,43,7,1197,1,1,-1,1,-1
2015215001660,1,9,0,18,0,0,0,0,0,0,1,1,2,1,24,5,-1,-1,-1,-1,2,-1
2015215001660,2,9,0,4,0,0,0,0,0,0,2,1,1,2,48,8,1461,2,2,-1,1,-1
2015215001666,1,9,0,16,0,0,0,0,0,0,4,1,5,2,39,7,1242,1,14,-1,1,-1
2015215001668,1,1,0,18,0,6,0,0,0,0,1,1,6,1,29,6,-1,-1,-1,-1,-1,-1
2015215001668,2,9,0,17,0,8,0,0,0,0,1,1,1,1,46,8,1797,8,5,-1,1,-1