Accident_Index,Vehicle_Reference,Vehicle_Type,Towing_and_Articulation,Vehicle_Manoeuvre,Vehicle_Location-Restricted_Lane,Junction_Location,Skidding_and_Overturning,Hit_Object_in_Carriageway,Vehicle_Leaving_Carriageway,Hit_Object_off_Carriageway,1st_Point_of_Impact,Was_Vehicle_Left_Hand_Drive?,Journey_Purpose_of_Driver,Sex_of_Driver,Age_of_Driver,Age_Band_of_Driver,Engine_Capacity_(CC),Propulsion_Code,Age_of_Vehicle,Driver_IMD_Decile,Driver_Home_Area_Type,Vehicle_IMD_Decile
2015215001968,2,9,0,18,0,0,0,0,0,0,3,1,6,1,51,8,2995,1,3,-1,1,-1
2015215001968,3,9,0,18,0,0,0,0,0,0,1,1,6,1,73,10,1248,2,11,-1,1,-1
2015215001969,1,11,0,13,0,0,0,0,0,0,0,1,1,1,59,9,4461,2,1,-1,1,-1
2015215001969,2,1,0,18,0,0,0,0,0,0,0,1,6,1,26,6,-1,-1,-1,-1,1,-1
2015215001970,1,9,0,18,0,0,0,0,0,0,1,1,1,2,49,8,998,1,4,-1,1,-1
2015215001970,2,9,0,18,0,0,0,0,0,0,2,1,1,2,40,7,1368,1,5,-1,1,-1
2015215001972,1,9,0,18,0,8,0,0,0,0,1,1,2,1,47,8,-1,-1,-1,-1,1,-1
2015215001972,2,9,0,4,0,8,0,0,0,0,2,1,1,1,27,6,1598,2,3,-1,1,-1
2015215001975,1,9,0,18,0,0,5,0,1,11,4,1,1,2,29,6,-1,-1,-1,-1,2,-1
2015215001977,1,9,0,18,0,8,0,0,0,0,4,1,6,2,52,8,1951,2,13,-1,1,-1
2015215001977,2,9,0,18,0,8,0,0,0,0,1,1,6,1,34,6,1997,1,12,-1,1,-1
2015215001980,1,9,0,4,0,0,1,0,5,6,1,1,6,2,35,6,-1,-1,-1,-1,1,-1
2015215001980,2,9,0,4,0,0,0,0,0,0,3,1,6,2,42,7,1560,2,7,-1,1,-1
2015215001982,1,9,0,18,0,1,0,0,3,11,1,1,2,1,36,7,1896,2,11,-1,1,-1
2015215001986,1,9,0,18,0,8,0,0,0,0,1,1,5,1,30,6,1242,1,13,-1,2,-1
2015215001986,2,9,0,10,0,5,0,0,0,0,2,1,5,2,52,8,1896,2,11,-1,1,-1
2015215001993,1,9,0,16,0,1,2,0,8,11,1,1,5,2,18,4,1086,1,11,-1,1,-1
2015215001994,1,9,0,9,0,8,0,0,0,0,1,1,5,1,70,10,1329,1,4,-1,1,-1
2015215001994,2,11,0,7,0,8,0,0,0,0,1,1,1,1,49,8,9000,2,10,-1,1,-1
2015215001995,1,9,0,7,0,2,0,0,0,0,4,1,6,1,50,8,998,1,4,-1,-1,-1
2015215001997,1,9,0,4,0,0,0,0,0,0,2,1,1,2,60,9,1560,2,-1,-1,1,-1
2015215001997,2,9,0,4,0,0,0,0,0,0,2,1,2,1,31,6,1998,2,10,-1,1,-1
2015215001997,3,9,0,18,0,0,0,0,0,0,1,1,1,2,41,7,1461,2,1,-1,1,-1
2015215002000,1,9,0,17,0,0,0,0,0,0,1,1,6,1,22,5,-1,-1,-1,-1,1,-1
2015215002000,2,9,0,16,0,0,0,0,0,0,1,1,1,1,63,9,1998,2,10,-1,1,-1
2015215002001,1,9,0,7,0,8,0,0,0,0,4,1,5,1,31,6,-1,-1,-1,-1,1,-1
2015215002004,1,9,0,9,0,8,0,0,0,0,3,1,6,1,-1,-1,-1,-1,-1,-1,-1,-1
2015215002004,2,9,0,9,0,8,0,0,0,0,4,1,6,1,23,5,1995,2,4,-1,1,-1
2015215002009,1,9,0,18,0,0,0,0,0,0,1,1,6,3,-1,-1,-1,-1,-1,-1,-1,-1
2015215002011,1,9,0,14,0,2,0,0,0,0,4,1,6,1,25,5,-1,-1,-1,-1,1,-1
2015215002011,2,1,0,18,0,6,0,0,0,0,1,1,6,2,29,6,-1,-1,-1,-1,1,-1
2015215002015,1,19,0,9,0,6,0,0,0,0,1,1,1,1,22,5,2143,2,3,-1,1,-1
2015215002015,2,9,0,17,0,8,0,0,0,0,4,1,6,2,47,8,2143,2,2,-1,3,-1
2015215002016,1,9,0,13,0,1,0,0,0,0,1,1,6,1,39,7,2616,1,10,-1,1,-1
2015215002016,2,9,0,18,0,8,0,0,0,0,1,1,5,2,44,7,1560,2,3,-1,1,-1
2015215002016,3,9,0,10,0,8,0,0,0,0,0,1,6,1,45,7,2967,2,1,-1,1,-1
2015215002017,1,9,0,18,0,8,0,0,0,0,1,1,5,1,23,5,998,1,12,-1,1,-1
2015215002017,2,9,0,4,0,8,0,0,0,0,2,1,5,1,18,4,1389,1,17,-1,1,-1
2015215002017,3,9,0,4,0,8,0,0,1,10,2,1,5,1,22,5,1390,1,6,-1,-1,-1
2015215002027,1,1,0,18,0,8,0,0,0,0,3,1,2,1,38,7,-1,-1,-1,-1,1,-1
2015215002027,2,9,0,18,0,8,0,0,0,0,1,1,2,1,46,8,-1,-1,-1,-1,1,-1
2015215002030,1,9,0,18,0,0,5,7,2,6,1,1,5,2,29,6,1360,1,10,-1,1,-1
2015215002030,2,19,0,18,0,0,0,0,0,0,1,1,1,1,27,6,2143,2,2,-1,1,-1
2015215002031,1,9,0,9,0,8,0,0,0,0,1,1,1,1,33,6,1998,1,11,-1,1,-1
2015215002031,2,9,0,18,0,8,0,0,0,0,1,1,5,1,37,7,2902,2,12,-1,1,-1
2015215002033,1,3,0,18,0,0,0,0,0,0,1,1,6,3,-1,-1,-1,-1,-1,-1,-1,-1
2015215002035,1,9,0,13,0,8,0,0,0,0,1,1,6,1,40,7,1598,1,11,-1,2,-1
2015215002035,2,1,0,18,0,8,0,0,0,0,2,1,1,1,23,5,-1,-1,-1,-1,1,-1
2015215002038,1,9,0,17,0,0,5,0,1,10,1,1,6,2,18,4,1598,1,5,-1,1,-1
2015215002044,1,9,0,18,0,0,0,0,0,0,1,1,5,1,31,6,1753,2,4,-1,1,-1
2015215002044,2,9,0,18,0,0,0,0,0,0,2,1,5,1,41,7,1596,1,8,-1,1,-1
2015215002044,3,9,0,18,0,0,0,0,0,0,2,1,5,1,62,9,2497,2,6,-1,1,-1
2015215002045,1,3,0,4,0,0,0,0,0,0,2,1,2,1,59,9,124,1,4,-1,1,-1
2015215002045,2,9,0,18,0,0,0,0,0,0,1,1,5,2,61,9,1799,1,9,-1,1,-1
2015215002046,1,9,0,18,0,6,0,0,7,1,1,1,6,1,78,11,1299,1,13,-1,1,-1
2015215002046,2,9,0,18,0,8,0,0,0,0,1,1,2,2,31,6,1360,1,13,-1,1,-1
2015215002047,1,9,0,9,0,6,0,0,0,0,1,1,2,2,27,6,-1,-1,-1,-1,1,-1
2015215002047,2,9,0,17,0,8,0,0,0,0,4,1,2,2,24,5,1600,2,4,-1,2,-1
2015215002048,1,9,0,18,0,0,0,0,0,0,1,1,5,1,59,9,2497,2,2,-1,1,-1
2015215002048,2,9,0,12,0,0,0,0,0,0,2,1,5,2,57,9,1598,1,7,-1,-1,-1
2015215002048,3,19,0,12,0,0,0,0,0,0,3,1,1,1,24,5,1996,2,4,-1,3,-1
2015215002048,4,9,0,2,0,0,0,0,0,0,3,1,6,1,41,7,1798,1,10,-1,-1,-1
2015215002051,1,9,0,12,0,1,0,0,0,0,3,1,1,2,35,6,1364,1,6,-1,1,-1
2015215002051,2,21,1,18,0,1,0,0,0,0,1,1,1,1,55,8,-1,-1,-1,-1,1,-1
2015215002062,1,21,0,18,0,0,0,0,0,0,1,1,1,1,45,7,4250,2,8,-1,1,-1
2015215002062,2,1,0,2,0,0,0,0,0,0,0,1,6,1,62,9,-1,-1,-1,-1,1,-1
2015215002064,1,4,0,18,0,0,0,0,0,0,1,1,6,1,55,8,244,1,9,-1,1,-1
2015215002067,1,9,0,18,0,2,0,0,0,0,1,1,2,1,27,6,2967,2,3,-1,3,-1
2015215002067,2,9,0,3,0,2,0,0,0,0,2,1,6,1,48,8,1968,2,7,-1,2,-1
2015215002069,1,9,0,5,0,8,0,0,0,0,1,1,6,1,36,7,1753,2,11,-1,1,-1
2015215002069,2,8,0,18,0,8,0,0,0,0,4,1,1,1,29,6,1968,2,7,-1,1,-1
2015215002081,1,8,0,7,0,8,0,0,0,0,0,1,1,1,28,6,-1,-1,-1,-1,-1,-1
2015215002087,1,9,0,18,0,0,0,0,7,4,1,1,6,1,29,6,-1,-1,-1,-1,1,-1
2015215002089,1,11,0,18,0,0,0,0,3,4,3,1,1,1,60,9,4461,2,4,-1,1,-1
2015215002089,2,9,0,18,0,0,0,0,0,0,3,1,5,1,64,9,1896,2,9,-1,1,-1
2015215002089,3,9,0,18,0,0,0,0,0,0,3,1,6,2,57,9,2231,2,2,-1,1,-1
2015215002090,1,9,0,7,0,5,0,0,0,0,4,1,2,1,46,8,1422,2,14,-1,1,-1
2015215002090,2,1,0,18,0,8,0,0,0,0,1,1,6,1,59,9,-1,-1,-1,-1,1,-1
2015215002091,1,9,0,9,0,8,0,0,0,0,1,1,5,2,22,5,1596,1,9,-1,1,-1
2015215002091,2,9,0,18,0,8,0,0,0,0,1,1,6,2,40,7,1397,1,7,-1,-1,-1
2015215002092,1,9,0,5,0,6,0,0,0,0,1,1,6,1,80,11,1999,1,6,-1,2,-1
2015215002092,2,1,0,17,0,8,0,0,0,0,1,1,6,1,55,8,-1,-1,-1,-1,2,-1
2015215002096,1,11,0,5,0,5,0,0,0,0,0,1,1,1,43,7,9000,2,16,-1,1,-1
2015215002098,1,3,0,18,0,0,0,10,0,0,4,1,6,1,50,8,124,1,-1,-1,3,-1
2015215002101,1,9,0,18,0,0,0,0,0,0,1,1,5,1,67,10,1086,1,9,-1,1,-1
2015215002101,2,21,0,18,0,0,0,0,0,0,2,1,1,1,44,7,12913,2,6,-1,-1,-1
2015215002103,1,9,0,18,0,0,0,0,0,0,3,1,6,1,33,6,1800,1,16,-1,1,-1
2015215002103,2,9,0,18,0,0,0,0,0,0,3,1,2,1,59,9,2495,2,14,-1,1,-1
2015215002104,1,19,0,7,0,8,0,0,0,0,4,1,1,1,59,9,2298,2,4,-1,1,-1
2015215002105,1,9,0,9,0,6,0,0,0,0,4,1,6,1,27,6,1390,1,8,-1,1,-1
2015215002105,2,8,0,18,0,8,0,0,1,11,1,1,6,1,24,5,1968,2,6,-1,1,-1
2015215002107,1,9,0,6,0,8,0,0,0,0,3,1,6,1,54,8,1360,1,10,-1,1,-1
2015215002107,2,9,0,13,0,8,0,0,0,0,1,1,6,2,45,7,1388,1,7,-1,1,-1
2015215002110,1,9,0,18,0,0,0,0,0,0,1,1,5,2,36,7,1753,2,9,-1,1,-1
2015215002114,1,9,0,18,0,1,0,0,0,0,1,1,6,2,45,7,1199,1,1,-1,1,-1
2015215002114,2,9,0,4,0,1,0,0,0,0,2,1,6,1,50,8,-1,-1,-1,-1,1,-1
2015215002115,1,9,0,18,0,0,0,0,1,3,1,1,6,1,46,8,-1,-1,-1,-1,3,-1
2015215002116,1,9,0,13,0,0,0,0,0,0,0,1,6,1,-1,-1,-1,-1,-1,-1,-1,-1
2015215002116,2,1,0,18,0,0,0,0,1,11,1,1,6,2,59,9,-1,-1,-1,-1,3,-1
2015215002118,1,9,0,7,0,8,0,0,0,0,4,1,2,2,46,8,1497,8,6,-1,1,-1
2015215002118,2,1,0,18,4,8,0,0,0,0,1,1,6,1,33,6,-1,-1,-1,-1,1,-1
2015215002119,1,9,0,10,0,1,0,0,0,0,2,1,5,2,64,9,1598,2,2,-1,1,-1
2015215002119,2,9,0,4,0,1,0,0,0,0,2,1,5,2,47,8,1968,2,6,-1,1,-1
2015215002119,3,9,0,18,0,1,0,0,0,0,1,1,1,1,53,8,-1,-1,-1,-1,-1,-1
2015215002125,1,9,0,18,0,4,0,0,0,0,3,1,6,1,30,6,1598,1,10,-1,-1,-1
2015215002125,2,9,0,18,0,4,0,0,0,0,4,1,6,2,23,5,1596,1,8,-1,1,-1
2015215002126,1,9,0,9,0,5,0,0,0,0,1,1,6,1,40,7,2967,2,5,-1,1,-1
2015215002126,2,1,0,7,0,5,0,0,0,0,1,1,6,1,50,8,-1,-1,-1,-1,3,-1
2015215002127,1,9,0,18,0,2,0,10,1,0,1,1,6,2,26,6,1242,1,12,-1,1,-1
2015215002128,1,3,0,18,0,1,0,0,0,0,1,1,6,1,42,7,124,1,-1,-1,1,-1
2015215002128,2,9,0,8,0,1,0,0,0,0,2,1,5,2,21,5,973,1,15,-1,1,-1
2015215002128,3,9,0,5,0,6,0,0,0,0,0,1,5,2,29,6,1405,1,11,-1,-1,-1
2015215002129,1,9,0,4,0,1,0,0,0,0,2,1,2,1,24,5,2993,2,8,-1,1,-1
2015215002129,2,9,0,18,0,1,0,0,0,0,1,1,6,1,43,7,1968,2,-1,-1,3,-1
2015215002129,3,9,0,4,0,1,0,0,0,0,3,1,2,2,34,6,2494,8,-1,-1,2,-1
2015215002129,4,19,0,18,0,1,0,0,0,0,4,1,1,1,54,8,1995,2,7,-1,1,-1
2015215002129,5,9,0,18,0,1,0,0,0,0,1,1,6,2,35,6,1248,2,4,-1,3,-1
2015215002130,1,9,0,18,0,1,0,0,0,0,1,1,6,1,25,5,1242,1,13,-1,1,-1
2015215002133,1,3,0,17,0,0,0,0,0,0,1,1,6,1,50,8,124,1,7,-1,2,-1
2015215002134,1,9,0,18,0,2,0,0,0,0,1,1,2,1,20,4,1590,1,12,-1,3,-1
2015215002134,2,9,0,3,0,2,0,0,0,0,2,1,3,2,42,7,1995,2,7,-1,1,-1
2015215002134,3,9,0,3,0,2,0,0,0,0,2,1,3,2,39,7,1598,1,6,-1,1,-1
2015215002134,4,9,0,3,0,2,0,0,0,0,2,1,2,1,52,8,1995,1,9,-1,3,-1
2015215002137,1,9,0,17,0,0,0,0,0,0,4,1,3,2,53,8,1596,1,11,-1,1,-1
2015215002143,1,9,0,18,0,0,0,0,0,0,1,1,5,1,19,4,1199,1,12,-1,1,-1
2015215002143,2,9,0,2,0,0,0,0,0,0,4,1,6,3,-1,-1,1968,2,3,-1,-1,-1
2015215002143,3,9,0,2,0,0,0,0,0,0,2,1,6,3,-1,-1,1598,1,8,-1,-1,-1
2015215002143,4,9,0,18,0,0,0,0,0,0,0,1,1,1,-1,-1,2993,2,1,-1,-1,-1
2015215002144,1,9,0,18,0,0,5,0,7,11,1,1,5,1,83,11,1997,1,4,-1,1,-1
2015215002144,2,9,0,18,0,0,0,0,7,11,2,1,5,1,43,7,1968,2,8,-1,1,-1
2015215002145,1,9,0,18,0,1,0,0,0,0,1,1,5,1,29,6,1984,1,20,-1,1,-1
2015215002145,2,9,0,10,0,1,0,0,0,0,2,1,5,1,50,8,1560,2,9,-1,1,-1
2015215002147,1,19,0,14,0,0,0,0,0,0,1,1,6,1,30,6,-1,-1,-1,-1,-1,-1
2015215002147,2,1,0,14,0,0,0,0,0,0,1,1,6,1,11,3,-1,-1,-1,-1,1,-1
2015215002149,1,9,0,18,0,8,0,0,0,0,1,1,5,1,72,10,1343,1,12,-1,1,-1
2015215002149,2,9,0,9,0,8,0,0,0,0,4,1,1,2,28,6,2497,1,9,-1,2,-1
2015215002152,1,9,0,18,0,8,0,0,0,0,4,1,6,1,54,8,1242,1,18,-1,1,-1
2015215002152,2,1,0,18,0,6,0,0,0,0,1,1,6,1,14,3,-1,-1,-1,-1,1,-1
2015215002155,1,9,0,18,0,0,0,0,1,11,1,1,6,1,34,6,1686,2,2,-1,3,-1
2015215002156,1,9,0,16,0,2,1,0,8,1,3,1,6,2,24,5,1242,1,11,-1,1,-1
2015215002166,1,9,0,18,0,8,0,0,0,0,1,1,6,1,-1,-1,1587,1,13,-1,-1,-1
2015215002166,2,9,0,9,0,6,0,0,0,0,4,1,2,2,34,6,-1,-1,-1,-1,2,-1
2015215002169,1,21,0,18,0,0,0,0,0,0,1,2,1,1,30,6,-1,-1,-1,-1,-1,-1
2015215002169,2,19,0,4,0,0,0,0,0,0,2,1,1,1,38,7,1753,2,3,-1,1,-1
2015215002170,1,19,0,9,0,8,0,0,0,0,1,1,1,1,26,6,2143,2,1,-1,-1,-1
2015215002170,2,9,0,18,0,8,0,0,0,0,4,1,5,2,25,5,1299,1,12,-1,1,-1
2015215002175,1,1,0,5,0,8,0,0,0,0,1,1,6,1,8,2,-1,-1,-1,-1,1,-1
2015215002175,2,9,0,18,0,8,0,0,0,0,4,1,2,2,39,7,1995,2,7,-1,1,-1
2015215002176,1,9,0,5,0,8,0,0,0,0,1,1,6,2,29,6,1360,1,12,-1,1,-1
2015215002176,2,9,0,18,0,8,0,0,0,0,3,1,6,2,36,7,1341,1,11,-1,1,-1
2015215002178,1,3,0,9,0,2,0,0,0,0,0,1,5,1,19,4,124,1,1,-1,1,-1
2015215002182,1,9,0,7,0,6,0,0,0,0,1,1,5,1,22,5,1124,1,11,-1,1,-1
2015215002182,2,9,0,17,0,8,0,0,0,0,1,1,5,1,70,10,1968,2,10,-1,2,-1
2015215002186,1,9,0,16,0,0,5,0,0,0,1,1,6,2,24,5,1198,1,8,-1,1,-1
2015215002191,1,90,0,18,0,0,0,0,0,0,2,1,5,1,29,6,-1,-1,-1,-1,3,-1
2015215002191,2,9,0,18,0,0,0,0,0,0,1,1,6,1,17,4,998,1,4,-1,2,-1
2015215002193,1,9,0,9,0,6,0,0,0,0,3,1,2,2,19,4,1240,1,12,-1,1,-1
2015215002193,2,9,0,18,0,8,0,0,0,0,1,1,1,1,57,9,-1,-1,-1,-1,1,-1
2015215002197,1,8,0,15,0,1,0,0,0,0,1,1,1,1,25,5,1968,2,6,-1,1,-1
2015215002197,2,19,0,7,0,1,0,0,0,0,4,1,2,1,25,5,1753,2,8,-1,1,-1
2015215002198,1,19,0,18,0,0,0,0,0,0,1,1,1,1,24,5,2148,2,6,-1,1,-1
2015215002198,2,8,0,3,0,0,0,0,0,0,2,1,1,1,43,7,2204,2,9,-1,1,-1
2015215002199,1,9,0,16,0,0,0,0,1,10,4,1,5,1,20,4,1396,1,13,-1,1,-1
2015215002199,2,9,0,16,0,0,0,0,0,0,0,1,1,1,54,8,1956,2,-1,-1,1,-1
2015215002200,1,9,0,14,0,0,0,0,0,0,4,1,6,2,73,10,1199,1,1,-1,2,-1
2015215002200,2,9,0,2,0,0,0,0,0,0,3,1,6,1,30,6,-1,-1,-1,-1,1,-1
2015215002202,1,19,0,18,0,2,0,0,0,0,0,1,6,1,43,7,1686,2,17,-1,1,-1
2015215002221,1,9,0,5,0,1,0,0,0,0,1,1,6,2,45,7,1388,1,12,-1,3,-1
2015215002221,2,9,0,8,0,1,0,0,0,0,2,1,6,1,39,7,1368,1,10,-1,1,-1
2015215002224,1,9,0,18,0,1,0,0,0,0,1,1,6,1,19,4,1498,1,1,-1,1,-1
2015215002224,2,9,0,10,0,1,0,0,0,0,2,1,5,2,41,7,1995,2,5,-1,1,-1
2015215002230,1,9,0,18,0,1,0,0,0,0,1,1,6,2,20,4,1200,1,3,-1,3,-1
2015215002230,2,9,0,18,0,1,0,0,0,0,1,1,6,1,30,6,1997,1,3,-1,1,-1
2015215002230,3,9,0,10,0,5,0,0,0,0,2,1,5,2,19,4,1242,1,1,-1,1,-1
2015215002232,1,9,0,9,0,6,0,0,0,0,1,1,1,2,35,6,1390,1,12,-1,1,-1
2015215002232,2,9,0,18,0,8,0,0,0,0,1,1,1,2,53,8,1997,2,-1,-1,3,-1
2015215002240,1,19,0,9,0,5,0,0,0,0,1,1,5,1,35,6,1753,2,8,-1,1,-1
2015215002240,2,9,0,18,0,8,0,0,0,0,1,1,5,2,51,8,1587,1,10,-1,1,-1
2015215002241,1,21,0,18,0,0,0,0,0,0,1,1,1,1,45,7,12130,2,11,-1,-1,-1
2015215002241,2,9,0,13,0,0,0,0,0,0,2,1,5,1,55,8,1686,2,10,-1,1,-1
2015215002243,1,9,0,9,0,8,0,0,0,0,1,1,5,1,35,6,1686,2,10,-1,2,-1
2015215002243,2,9,0,9,0,8,0,0,0,0,2,1,5,1,20,4,1149,1,8,-1,1,-1
2015215002244,1,9,0,5,0,1,0,0,0,0,3,1,5,1,41,7,1499,1,1,-1,1,-1
2015215002244,2,5,0,18,0,8,0,0,0,0,4,1,2,1,48,8,1170,1,4,-1,1,-1
2015215002246,1,9,0,5,0,6,0,0,0,0,1,1,5,2,32,6,1799,1,7,-1,1,-1
2015215002246,2,1,0,18,9,8,0,0,0,0,4,1,5,1,10,2,-1,-1,-1,-1,1,-1
2015215002248,1,9,0,7,0,2,0,0,1,11,4,1,5,2,30,6,1242,1,10,-1,1,-1
2015215002249,1,19,0,18,0,0,0,0,0,0,1,1,1,2,22,5,2300,2,10,-1,1,-1
2015215002249,2,9,0,4,0,0,0,0,0,0,2,1,6,2,48,8,1598,2,3,-1,1,-1
2015215002249,3,19,0,4,0,0,0,0,0,0,2,1,1,1,47,8,2198,2,4,-1,1,-1
2015215002249,4,9,0,4,0,0,0,0,0,0,2,1,2,1,43,7,2499,1,3,-1,1,-1
2015215002250,1,9,0,9,7,0,1,0,7,4,1,1,5,1,18,4,1242,1,7,-1,2,-1
2015215002251,1,2,0,18,0,8,0,0,0,0,1,1,6,1,17,4,50,1,4,-1,1,-1
2015215002251,2,9,0,9,0,5,0,0,0,0,2,1,6,1,47,8,1794,1,9,-1,1,-1
2015215002254,1,5,0,4,0,1,0,0,0,0,1,1,2,1,29,6,599,1,10,-1,1,-1
2015215002254,2,9,0,10,0,8,0,0,0,0,2,1,5,2,36,7,1364,2,5,-1,3,-1
2015215002255,1,9,0,18,0,6,0,0,0,0,4,1,6,2,20,4,1797,8,1,-1,3,-1
2015215002255,2,9,0,18,0,8,0,0,7,11,4,1,5,1,57,9,1248,1,4,-1,3,-1
2015215002257,1,9,0,5,0,0,0,0,0,0,1,1,6,1,45,7,1995,2,3,-1,1,-1
2015215002257,2,9,0,2,0,0,0,0,0,0,0,1,2,1,21,5,1390,1,14,-1,3,-1
2015215002258,1,9,0,17,0,0,0,0,1,10,1,1,2,1,19,4,1364,1,9,-1,1,-1
2015215002265,1,9,0,16,0,0,0,10,0,0,4,1,5,1,25,5,1910,2,8,-1,1,-1
2015215002266,1,9,0,13,0,0,1,0,1,11,4,1,5,2,61,9,998,1,13,-1,3,-1
2015215002266,2,1,0,17,0,0,0,0,0,0,0,1,6,3,-1,-1,-1,-1,-1,-1,-1,-1
2015215002273,1,9,0,10,0,1,0,0,7,4,3,1,2,1,41,7,1968,2,5,-1,2,-1
2015215002273,2,9,0,14,0,8,0,0,0,0,1,1,1,1,41,7,-1,-1,-1,-1,2,-1
2015215002274,1,9,0,9,0,6,0,0,0,0,1,1,6,1,19,4,-1,-1,-1,-1,3,-1
2015215002274,2,9,0,18,0,8,0,0,0,0,3,1,6,1,32,6,1396,1,14,-1,1,-1
2015215002283,1,9,0,4,0,0,0,0,0,0,1,1,1,1,19,4,1596,1,6,-1,1,-1
2015215002283,2,9,0,4,0,0,0,0,0,0,2,1,2,2,57,9,1242,1,8,-1,1,-1
2015215002283,3,9,0,4,0,0,0,0,0,0,2,1,1,1,43,7,1995,2,1,-1,1,-1
2015215002294,1,8,0,18,0,0,0,0,0,0,1,1,3,1,39,7,1997,2,8,-1,1,-1
2015215002294,2,9,0,4,0,0,0,0,0,0,2,1,6,2,-1,-1,-1,-1,-1,-1,-1,-1
2015215002296,1,9,0,18,0,1,0,0,0,0,1,1,5,1,27,6,-1,-1,-1,-1,1,-1
2015215002296,2,9,0,4,0,1,0,0,0,0,2,1,5,1,55,8,1870,2,12,-1,1,-1
2015215002296,3,9,0,4,0,1,0,0,0,0,2,1,5,2,59,9,1796,1,11,-1,1,-1
2015215002296,4,9,0,10,0,1,0,0,0,0,0,1,5,1,38,7,1598,1,15,-1,1,-1
2015215002310,1,9,0,9,0,6,0,0,0,0,4,1,6,1,27,6,1400,1,16,-1,1,-1
2015215002310,2,3,0,18,0,8,0,0,0,0,1,1,6,1,33,6,-1,-1,-1,-1,1,-1
2015215002317,1,9,0,18,0,0,0,0,0,0,1,1,6,1,49,8,1997,2,7,-1,-1,-1
2015215002317,2,9,0,4,0,0,0,0,0,0,2,1,6,1,34,6,1995,2,1,-1,1,-1
2015215002317,3,9,0,4,0,0,0,0,0,0,2,1,6,1,53,8,1248,1,3,-1,1,-1
2015215002324,1,9,0,18,0,8,0,0,0,0,1,1,5,2,82,11,1390,1,3,-1,3,-1
2015215002324,2,11,0,9,0,8,0,0,0,0,4,1,1,1,59,9,7300,2,13,-1,1,-1
2015215002337,1,8,0,9,0,5,0,0,0,0,0,1,1,3,-1,-1,-1,-1,-1,-1,-1,-1
2015220032940,1,9,0,18,0,0,0,0,0,0,1,1,6,1,69,10,1497,8,9,-1,1,-1
2015220032965,1,9,0,18,0,0,0,0,0,0,1,1,6,1,24,5,-1,-1,-1,-1,-1,-1
2015220032985,1,1,0,5,0,1,0,0,0,0,1,1,6,2,16,4,-1,-1,-1,-1,1,-1
2015220032985,2,9,0,18,0,1,0,0,0,0,1,1,6,2,50,8,1461,2,5,-1,1,-1
2015220032985,3,8,0,18,0,2,0,0,0,0,1,1,1,1,26,6,1997,2,11,-1,1,-1
2015220032987,1,9,0,8,0,1,0,0,0,0,2,1,6,2,54,8,1798,1,1,-1,1,-1
2015220032987,2,9,0,8,0,1,0,0,0,0,1,1,2,1,27,6,2494,1,17,-1,-1,-1
2015220032989,1,9,0,18,0,4,0,0,0,0,1,1,6,1,31,6,1686,2,5,-1,1,-1
2015220032989,2,98,0,2,0,1,0,0,0,0,0,1,6,3,30,6,2198,2,8,-1,-1,-1
2015220033007,1,9,0,2,6,0,0,0,0,0,1,1,1,1,40,7,-1,-1,-1,-1,-1,-1
2015220033007,2,9,0,1,6,0,0,4,0,0,2,1,6,3,23,5,2830,2,19,-1,-1,-1
2015220033025,1,9,0,9,0,4,0,0,0,0,1,1,6,1,33,6,1149,1,14,-1,-1,-1
2015220033025,2,1,0,18,0,8,0,0,0,0,4,1,5,1,54,8,-1,-1,-1,-1,1,-1
2015220033028,1,9,0,18,0,0,5,0,8,4,1,1,5,1,24,5,1587,1,7,-1,3,-1
2015220033030,1,9,0,18,0,0,1,0,5,6,1,1,6,1,22,5,1796,1,12,-1,2,-1
2015220033031,1,9,0,9,0,5,0,0,0,0,1,1,5,2,37,7,1198,1,5,-1,2,-1
2015220033031,2,9,0,18,0,8,0,0,1,0,1,1,5,1,79,11,1560,2,2,-1,1,-1
2015220033033,1,9,0,17,0,0,0,0,0,0,1,1,6,1,57,9,2685,2,11,-1,-1,-1
2015220033033,2,9,0,4,0,0,1,0,0,0,2,1,1,2,30,6,1560,2,1,-1,-1,-1
2015220033033,3,9,0,4,0,0,0,0,0,0,2,1,6,2,23,5,999,1,1,-1,-1,-1
2015220033035,1,98,1,18,0,0,5,0,0,0,3,1,1,1,39,7,12900,2,5,-1,3,-1
2015220033036,1,9,0,18,0,1,1,0,2,4,4,1,5,1,22,5,1149,1,9,-1,1,-1
2015220033038,1,9,0,18,0,0,0,0,0,0,1,1,5,2,27,6,1598,1,8,-1,1,-1
2015220033038,2,9,0,4,0,0,0,12,0,0,1,1,5,1,32,6,-1,3,2,-1,1,-1
2015220033039,1,9,0,1,0,6,0,4,0,0,2,1,6,2,40,7,1598,1,10,-1,3,-1
2015220033039,2,9,0,2,0,8,0,0,0,0,2,1,6,1,27,6,1798,1,6,-1,3,-1
2015220033041,1,9,0,18,0,0,0,0,0,0,1,1,6,1,56,9,2720,2,6,-1,3,-1
2015220033041,2,9,0,17,0,0,0,0,0,0,1,1,6,1,53,8,-1,-1,-1,-1,3,-1