Accident_Index,Vehicle_Reference,Vehicle_Type,Towing_and_Articulation,Vehicle_Manoeuvre,Vehicle_Location-Restricted_Lane,Junction_Location,Skidding_and_Overturning,Hit_Object_in_Carriageway,Vehicle_Leaving_Carriageway,Hit_Object_off_Carriageway,1st_Point_of_Impact,Was_Vehicle_Left_Hand_Drive?,Journey_Purpose_of_Driver,Sex_of_Driver,Age_of_Driver,Age_Band_of_Driver,Engine_Capacity_(CC),Propulsion_Code,Age_of_Vehicle,Driver_IMD_Decile,Driver_Home_Area_Type,Vehicle_IMD_Decile
2015220037591,1,9,0,4,9,1,0,10,0,0,4,1,6,1,60,9,-1,-1,-1,-1,1,-1
2015220037598,1,9,0,9,0,6,0,0,0,0,3,1,5,1,53,8,-1,-1,-1,-1,3,-1
2015220037598,2,3,0,18,0,8,0,0,0,0,1,1,5,1,20,4,125,1,20,-1,1,-1
2015220037607,1,9,0,4,0,1,1,10,1,10,1,1,5,1,21,5,1229,1,8,-1,3,-1
2015220037607,2,9,0,8,0,1,0,0,0,0,4,1,5,1,23,5,1968,2,9,-1,1,-1
2015220037607,3,9,0,8,0,1,0,0,0,0,2,1,5,2,63,9,1896,2,12,-1,1,-1
2015220037607,4,9,0,10,0,8,0,0,0,0,2,1,2,2,45,7,1299,1,7,-1,3,-1
2015220037607,5,9,0,10,0,8,0,0,0,0,1,1,5,1,59,9,1461,2,6,-1,3,-1
2015220037608,1,9,0,17,0,0,2,0,6,4,2,1,5,2,52,8,2902,2,11,-1,3,-1
2015220037616,1,9,0,18,0,0,0,0,0,0,1,1,6,1,19,4,2494,1,11,-1,1,-1
2015220037634,1,9,0,7,0,6,0,0,0,0,1,1,6,2,90,11,1198,1,12,-1,1,-1
2015220037634,2,1,0,16,0,8,0,0,0,0,4,1,5,1,26,6,-1,-1,-1,-1,1,-1
2015220037660,1,9,0,17,0,8,0,0,0,0,4,1,5,1,64,9,1399,2,12,-1,1,-1
2015220037660,2,9,0,16,0,8,0,0,0,0,1,1,5,1,40,7,1329,1,6,-1,1,-1
2015220037738,1,9,0,9,0,6,0,0,0,0,3,1,6,1,72,10,-1,-1,-1,-1,3,-1
2015220037738,2,9,0,18,0,8,0,0,0,0,1,1,5,2,32,6,1798,1,4,-1,1,-1
2015220037787,1,9,0,4,0,0,0,0,0,0,1,1,5,2,25,5,1686,2,11,-1,3,-1
2015220037787,2,9,0,4,0,0,0,0,0,0,2,1,5,1,51,8,2204,2,6,-1,1,-1
2015220037787,3,9,0,4,0,0,0,0,0,0,2,1,5,1,44,7,1910,2,10,-1,2,-1
2015220037787,4,9,0,4,0,0,0,0,0,0,2,1,5,1,48,8,3628,2,8,-1,1,-1
2015220037794,1,9,0,4,0,8,0,0,0,0,1,1,6,3,34,6,-1,-1,-1,-1,-1,-1
2015220037794,2,9,0,8,0,8,0,0,0,0,2,1,5,2,33,6,1248,1,3,-1,2,-1
2015220037815,1,9,0,18,0,2,0,0,0,0,3,1,5,1,64,9,-1,-1,-1,-1,1,-1
2015220037817,1,9,0,9,0,6,0,0,0,0,1,1,1,1,26,6,1896,2,11,-1,1,-1
2015220037817,2,3,0,18,0,8,0,0,0,0,1,1,1,1,22,5,124,1,2,-1,1,-1
2015220037857,1,9,0,18,0,0,0,0,0,0,1,1,6,3,27,6,-1,-1,-1,-1,-1,-1
2015220037857,2,98,0,18,0,0,0,0,0,0,2,1,1,1,49,8,-1,-1,-1,-1,1,-1
2015220037909,1,9,0,10,0,8,0,0,0,0,2,1,5,1,47,8,1339,1,7,-1,1,-1
2015220037909,2,98,1,16,0,8,0,0,0,0,1,1,1,1,47,8,-1,-1,-1,-1,-1,-1
2015220037922,1,10,0,18,0,0,0,0,0,0,0,1,1,1,38,7,-1,-1,-1,-1,1,-1
2015220037929,1,9,0,1,0,1,0,0,0,0,2,1,6,3,28,6,-1,-1,-1,-1,-1,-1
2015220038086,1,9,0,18,0,0,0,0,0,0,1,1,5,2,35,6,1591,1,4,-1,1,-1
2015220038120,1,9,0,18,0,8,0,0,0,0,4,1,5,2,75,10,1299,1,10,-1,1,-1
2015220038120,2,9,0,9,0,6,0,0,0,0,3,1,5,2,65,9,1299,1,6,-1,3,-1
2015220038163,1,9,0,18,0,0,0,0,1,0,1,1,2,1,34,6,1997,2,11,-1,1,-1
2015220038165,1,9,0,17,0,8,1,0,1,4,4,1,1,1,26,6,1598,2,1,-1,3,-1
2015220038202,1,9,0,18,0,0,0,4,0,0,1,1,5,1,65,9,1086,1,10,-1,1,-1
2015220038202,2,9,0,2,0,0,0,0,0,0,1,1,5,2,46,8,1596,1,3,-1,1,-1
2015220038228,1,98,0,1,0,0,0,0,0,0,2,1,6,1,25,5,1996,2,5,-1,2,-1
2015220038278,1,9,0,18,0,0,0,0,1,10,1,1,5,1,58,9,-1,-1,-1,-1,3,-1
2015220038286,1,9,0,18,0,0,0,0,0,0,1,1,6,1,30,6,1956,2,2,-1,-1,-1
2015220038286,2,97,0,18,0,0,0,0,0,0,2,1,6,1,55,8,-1,-1,-1,-1,1,-1
2015220038290,1,9,0,4,0,0,0,0,0,0,4,1,2,1,53,8,1388,1,7,-1,1,-1
2015220038290,2,98,0,18,0,0,0,0,0,0,3,1,2,1,25,5,2402,2,4,-1,2,-1
2015220038290,3,9,0,18,0,0,0,0,0,0,1,1,2,2,28,6,1598,1,3,-1,1,-1
2015220038388,1,9,0,18,0,0,0,4,0,0,4,1,6,1,44,7,1968,2,4,-1,1,-1
2015220038388,2,9,0,2,0,0,0,0,0,0,3,1,6,2,48,8,1984,1,-1,-1,1,-1
2015220038388,3,9,0,2,0,0,0,0,0,0,3,1,6,1,51,8,1798,1,2,-1,1,-1
2015220038458,1,9,0,2,0,0,0,0,0,0,3,1,6,3,-1,-1,-1,-1,-1,-1,-1,-1
2015220038458,2,9,0,13,0,0,0,0,0,0,1,1,6,1,53,8,-1,-1,-1,-1,3,-1
2015220038466,1,9,0,7,0,6,0,0,0,0,3,1,5,1,17,4,1348,1,14,-1,2,-1
2015220038466,2,9,0,18,0,8,0,0,0,0,1,1,5,1,21,5,1919,2,7,-1,2,-1
2015220038466,3,9,0,18,0,8,0,0,0,0,3,1,5,1,45,7,1986,1,26,-1,1,-1
2015220038510,1,9,0,9,0,5,0,0,0,0,1,1,5,1,72,10,1596,1,6,-1,1,-1
2015220038510,2,1,0,17,0,8,0,0,0,0,3,1,5,2,30,6,-1,-1,-1,-1,1,-1
2015220038573,1,98,0,18,0,0,0,0,0,0,4,1,6,3,34,6,-1,-1,-1,-1,-1,-1
2015220038605,1,9,0,9,0,6,0,0,0,0,1,1,6,1,31,6,1956,2,6,-1,3,-1
2015220038605,2,3,0,18,0,8,0,0,0,0,4,1,2,2,20,4,-1,-1,-1,-1,3,-1
2015220038618,1,9,0,18,0,0,0,10,0,0,0,1,6,3,42,7,-1,-1,-1,-1,-1,-1
2015220038637,1,9,0,7,0,5,1,0,7,4,1,1,5,2,29,6,1956,2,-1,-1,1,-1
2015220038637,2,9,0,7,0,5,0,0,0,0,0,1,1,1,32,6,-1,-1,-1,-1,1,-1
2015220038642,1,9,0,13,0,0,0,0,0,0,3,1,2,1,34,6,1896,2,10,-1,1,-1
2015220038642,2,9,0,16,0,0,0,0,1,0,3,1,5,1,29,6,1781,1,14,-1,3,-1
2015220038642,3,98,1,18,0,0,0,0,0,0,3,1,1,1,34,6,12419,2,-1,-1,1,-1
2015220038654,1,9,0,9,0,6,0,0,0,0,1,1,5,1,68,10,996,1,2,-1,1,-1
2015220038654,2,9,0,18,0,8,0,0,0,0,1,1,5,2,63,9,1198,1,12,-1,1,-1
2015220038676,1,9,0,18,0,1,0,0,0,0,1,1,5,1,32,6,-1,3,-1,-1,2,-1
2015220038686,1,9,0,4,0,1,0,0,0,0,2,1,5,2,27,6,1124,1,10,-1,1,-1
2015220038686,2,9,0,4,0,1,0,0,0,0,1,1,1,2,21,5,1598,1,3,-1,1,-1
2015220038688,1,98,0,18,0,8,0,0,0,0,3,1,1,1,52,8,2198,2,5,-1,-1,-1
2015220038688,2,9,0,9,0,6,0,0,0,0,4,1,1,2,20,4,1198,1,5,-1,1,-1
2015220038705,1,9,0,16,0,0,0,0,0,0,3,1,5,1,46,8,-1,-1,-1,-1,1,-1
2015220038707,1,8,0,7,0,6,0,0,0,0,0,1,1,1,34,6,-1,-1,-1,-1,-1,-1
2015220038707,2,1,0,18,0,1,0,0,7,10,1,1,5,2,10,2,-1,-1,-1,-1,1,-1
2015220038714,1,9,0,3,0,0,0,0,0,0,2,1,6,1,37,7,1900,2,10,-1,1,-1
2015220038714,2,9,0,4,0,0,0,0,0,0,1,1,6,1,76,11,-1,-1,-1,-1,1,-1
2015220038758,1,9,0,16,0,8,0,0,0,0,1,1,1,2,51,8,1289,1,16,-1,3,-1
2015220038758,2,9,0,10,0,8,0,0,0,0,2,1,1,1,40,7,1560,2,1,-1,3,-1
2015220038779,1,9,0,4,0,0,0,0,0,0,1,1,1,1,45,7,2179,2,3,-1,-1,-1
2015220038779,2,9,0,4,0,0,0,0,0,0,2,1,6,2,19,4,1242,1,4,-1,1,-1
2015220038790,1,9,0,18,0,0,0,0,0,0,1,1,2,2,27,6,1242,1,8,-1,1,-1
2015220038790,2,9,0,4,0,0,0,0,0,0,2,1,6,2,30,6,1364,1,-1,-1,1,-1
2015220038790,3,9,0,3,0,0,0,0,0,0,2,1,6,2,51,8,1599,1,13,-1,1,-1
2015220038822,1,9,0,18,0,0,0,0,0,0,1,1,6,1,19,4,1198,1,9,-1,3,-1
2015220038822,2,9,0,9,0,0,0,0,0,0,2,1,2,2,82,11,1242,1,13,-1,1,-1
2015220038837,1,9,0,18,0,0,0,0,0,0,1,1,6,2,32,6,1995,2,-1,-1,2,-1
2015220038848,1,9,0,18,0,0,1,4,0,0,4,1,6,1,17,4,1149,1,14,-1,1,-1
2015220038848,2,9,0,2,0,0,0,0,0,0,4,1,6,1,20,4,1388,1,11,-1,1,-1
2015220038851,1,8,0,5,0,0,0,0,0,0,4,1,1,1,18,4,1997,2,9,-1,1,-1
2015220038869,1,9,0,9,0,5,0,0,0,0,1,1,6,1,36,7,999,1,1,-1,1,-1
2015220038937,1,9,0,18,0,0,0,0,0,0,1,1,5,1,55,8,1685,2,-1,-1,-1,-1
2015220038939,1,9,0,4,0,0,1,0,0,0,1,1,2,2,63,9,998,1,14,-1,2,-1
2015220038939,2,98,1,16,0,0,0,0,0,0,1,1,1,1,54,8,12902,2,-1,-1,1,-1
2015220038978,1,9,0,17,0,0,5,10,0,0,3,1,5,1,18,4,1390,1,14,-1,3,-1
2015220039057,1,9,0,18,0,7,0,0,0,0,1,1,2,2,34,6,1769,1,12,-1,1,-1
2015220039057,2,9,0,18,0,7,0,0,0,0,2,1,5,1,57,9,998,1,9,-1,3,-1
2015220039059,1,8,0,9,0,5,0,0,0,0,1,1,1,1,49,8,1995,2,-1,-1,1,-1
2015220039059,2,9,0,18,0,1,1,0,0,0,1,1,5,1,27,6,-1,-1,-1,-1,2,-1
2015220039084,1,9,0,13,0,0,2,0,1,0,2,1,2,2,47,8,1392,1,20,-1,1,-1
2015220039084,2,98,0,16,0,0,0,0,0,0,1,1,1,1,32,6,1753,2,8,-1,3,-1
2015220039103,1,98,0,18,0,1,0,0,0,0,1,1,6,1,53,8,1968,2,3,-1,3,-1
2015220039103,2,9,0,10,0,1,0,0,0,0,2,1,6,2,35,6,1389,1,21,-1,1,-1
2015220039103,3,9,0,10,0,1,0,0,0,0,2,1,6,2,39,7,1461,2,5,-1,1,-1
2015220039129,1,9,0,18,0,0,1,0,1,0,1,1,6,1,22,5,1360,1,13,-1,1,-1
2015220039139,1,9,0,18,0,0,0,0,0,0,1,1,6,2,37,7,1390,1,14,-1,1,-1
2015220039139,2,3,0,18,0,0,0,0,0,0,2,1,5,1,29,6,125,1,2,-1,1,-1
2015220039153,1,9,0,18,0,0,0,4,0,0,4,1,5,1,63,9,1796,1,17,-1,1,-1
2015220039153,2,9,0,2,0,0,0,0,0,0,4,1,6,1,23,5,1968,2,3,-1,-1,-1
2015220039154,1,9,0,17,0,0,2,0,2,4,4,1,5,2,83,11,993,1,19,-1,3,-1
2015220039185,1,11,0,18,0,1,0,0,0,0,0,1,1,2,42,7,5900,2,8,-1,1,-1
2015220039196,1,9,0,18,0,0,0,0,0,0,4,1,6,2,47,8,1596,1,3,-1,1,-1
2015220039212,1,98,0,9,0,5,0,0,0,0,3,1,6,1,50,8,1870,2,13,-1,1,-1
2015220039212,2,9,0,17,0,8,1,0,0,0,3,1,1,2,24,5,1598,1,7,-1,3,-1
2015220039229,1,98,1,18,0,3,5,0,1,2,4,1,1,1,22,5,12900,2,7,-1,1,-1
2015220039231,1,11,0,17,0,0,0,0,0,0,0,1,1,1,48,8,-1,-1,-1,-1,-1,-1
2015220039231,2,9,0,16,0,0,0,0,0,0,0,1,6,3,35,6,1753,2,6,-1,-1,-1
2015220039239,1,3,0,18,0,4,1,0,0,0,1,1,5,1,22,5,125,1,12,-1,1,-1
2015220039242,1,9,0,18,0,8,0,0,0,0,1,1,6,1,51,8,1598,1,6,-1,1,-1
2015220039243,1,9,0,9,0,6,0,0,0,0,1,1,6,1,57,9,1997,2,-1,-1,2,-1
2015220039243,2,9,0,18,0,1,0,0,7,0,4,1,5,2,40,7,1995,1,12,-1,1,-1
2015220039255,1,9,0,9,0,6,0,0,0,0,1,1,6,2,29,6,-1,-1,-1,-1,1,-1
2015220039255,2,9,0,18,0,1,0,0,0,0,4,1,6,2,50,8,-1,-1,-1,-1,2,-1
2015220039264,1,9,0,18,0,8,0,0,0,0,1,1,5,2,90,11,1389,1,17,-1,3,-1
2015220039264,2,9,0,10,0,8,0,0,0,0,2,1,5,1,51,8,4511,1,11,-1,1,-1
2015220039268,1,9,0,18,0,4,0,0,0,0,1,1,5,2,85,11,998,1,7,-1,1,-1
2015220039268,2,98,0,9,0,8,0,0,0,0,4,1,1,1,52,8,1560,2,8,-1,1,-1
2015220039271,1,9,0,18,0,0,0,0,0,0,1,1,6,1,33,6,1995,2,10,-1,1,-1
2015220039271,2,9,0,3,0,0,0,0,0,0,2,1,6,2,51,8,1399,2,12,-1,1,-1
2015220039281,1,3,0,4,0,0,0,10,0,0,4,1,5,1,24,5,124,1,1,-1,1,-1
2015220039295,1,9,0,18,0,4,1,10,1,2,1,1,5,1,22,5,998,1,22,-1,1,-1
2015220039303,1,9,0,18,0,0,5,0,1,9,1,1,6,1,43,7,1910,2,9,-1,3,-1
2015220039308,1,9,0,17,0,2,0,0,0,0,1,1,5,1,50,8,1685,2,1,-1,3,-1
2015220039308,2,9,0,14,0,1,0,0,0,0,1,1,5,1,35,6,1124,1,17,-1,2,-1
2015220039309,1,9,0,13,0,0,1,0,0,0,1,1,5,1,38,7,1998,1,26,-1,2,-1
2015220039309,2,9,0,18,0,0,1,0,1,0,1,1,5,1,66,10,1998,1,25,-1,3,-1
2015220039316,1,9,0,14,0,1,0,0,0,0,4,1,6,1,18,4,1598,1,12,-1,1,-1
2015220039322,1,11,0,17,9,2,0,0,1,4,1,1,1,1,44,7,4461,2,2,-1,1,-1
2015220039325,1,11,0,16,0,0,0,0,0,0,3,1,1,3,44,7,-1,-1,-1,-1,-1,-1
2015220039325,2,9,0,17,0,0,0,0,1,1,3,1,2,2,18,4,1995,2,11,-1,1,-1
2015220039329,1,9,0,18,0,0,1,0,2,0,4,1,5,1,18,4,1598,1,15,-1,1,-1
2015220039344,1,9,0,18,0,0,0,0,0,0,1,1,5,1,31,6,1242,1,17,-1,1,-1
2015220039344,2,9,0,18,0,0,0,0,7,0,3,1,5,1,66,10,1796,1,15,-1,1,-1
2015220039344,3,9,0,18,0,0,0,0,1,0,1,1,5,2,24,5,1240,1,11,-1,2,-1
2015220039358,1,9,0,9,0,6,0,0,0,0,1,1,1,1,25,5,1900,2,10,-1,1,-1
2015220039358,2,9,0,18,0,8,0,0,0,0,3,1,5,1,20,4,1596,1,10,-1,1,-1
2015220039366,1,9,0,7,0,5,0,0,0,0,3,1,6,2,33,6,1796,1,11,-1,3,-1
2015220039366,2,9,0,18,0,1,0,0,0,0,1,1,6,2,44,7,-1,-1,-1,-1,-1,-1
2015220039370,1,9,0,18,0,0,1,0,1,0,3,1,6,1,18,4,999,1,1,-1,1,-1
2015220039370,2,9,0,18,0,0,1,0,1,0,3,1,6,1,29,6,1870,2,13,-1,1,-1
2015220039371,1,9,0,5,0,6,0,0,0,0,1,1,6,1,21,5,1149,1,17,-1,1,-1
2015220039371,2,9,0,18,0,1,0,0,0,0,3,1,6,2,38,7,1753,2,12,-1,1,-1
2015220039371,3,9,0,2,0,1,0,0,0,0,2,1,6,1,26,6,1995,1,10,-1,1,-1
2015220039371,4,9,0,2,0,1,0,0,0,0,1,1,6,1,78,11,1587,1,13,-1,1,-1
2015220039384,1,9,0,9,0,8,0,0,1,0,4,1,6,2,63,9,2987,2,5,-1,1,-1
2015220039384,2,9,0,18,0,1,0,0,0,0,1,1,6,1,64,9,1997,2,15,-1,1,-1
2015220039386,1,9,0,17,0,0,1,0,0,0,1,1,6,2,42,7,998,1,4,-1,3,-1
2015220039386,2,9,0,16,0,0,1,0,0,0,1,1,5,1,42,7,1796,1,13,-1,1,-1
2015220039390,1,9,0,17,0,0,2,0,1,0,1,1,1,1,59,9,998,1,2,-1,1,-1
2015220039400,1,20,1,18,0,8,1,0,0,0,1,1,1,1,33,6,-1,-1,-1,-1,1,-1
2015220039400,2,9,0,10,0,8,0,0,0,0,2,1,5,2,41,7,2993,2,4,-1,3,-1
2015220039401,1,9,0,18,0,8,0,0,0,0,1,1,2,1,21,5,-1,-1,-1,-1,1,-1
2015220039401,2,9,0,4,0,8,0,0,0,0,2,1,2,2,23,5,1400,2,9,-1,1,-1
2015220039402,1,9,0,18,0,0,0,7,4,6,1,1,6,1,22,5,1149,1,6,-1,1,-1
2015220039402,2,98,1,18,0,0,0,0,0,0,2,1,1,1,50,8,12900,2,4,-1,3,-1
2015220039402,3,9,0,18,0,0,0,0,0,0,1,1,6,1,67,10,2231,2,6,-1,3,-1
2015220039402,4,9,0,18,0,0,0,0,0,0,1,1,6,1,40,7,1995,2,3,-1,3,-1
2015220039402,5,9,0,18,0,0,0,0,0,0,1,1,6,1,33,6,1339,1,10,-1,1,-1
2015220039410,1,9,0,18,0,8,0,0,0,0,1,1,6,2,68,10,1870,2,12,-1,3,-1
2015220039410,2,98,0,10,0,8,0,0,0,0,2,1,1,1,43,7,3920,2,7,-1,2,-1
2015220039415,1,9,0,18,0,7,0,0,0,0,1,1,5,1,63,9,2967,1,11,-1,-1,-1
2015220039415,2,9,0,4,0,7,0,0,0,0,2,1,5,1,55,8,1796,1,14,-1,1,-1
2015220039419,1,9,0,18,0,0,0,0,0,0,1,1,6,2,28,6,1796,1,7,-1,3,-1
2015220039419,2,9,0,18,0,0,0,12,0,0,2,1,6,1,26,6,1595,1,6,-1,1,-1
2015220039420,1,9,0,17,0,0,2,0,8,9,1,1,6,1,21,5,1229,1,6,-1,3,-1
2015220039422,1,9,0,3,0,2,0,0,0,0,2,1,3,2,44,7,1598,1,12,-1,1,-1
2015220039422,2,9,0,4,0,2,0,0,0,0,1,1,1,2,43,7,2199,2,6,-1,1,-1
2015220039424,1,9,0,18,0,0,0,0,0,0,4,1,6,2,28,6,1390,1,15,-1,1,-1
2015220039426,1,9,0,18,0,1,0,0,0,0,1,1,5,1,62,9,1560,2,8,-1,1,-1
2015220039459,1,9,0,18,0,0,0,0,0,0,2,1,5,1,66,10,1364,1,4,-1,2,-1
2015220039459,2,98,0,18,0,0,0,10,0,0,1,1,1,1,24,5,1560,2,4,-1,1,-1
2015220039462,1,3,0,18,0,0,1,0,0,0,0,1,2,1,23,5,124,1,5,-1,2,-1
2015220039469,1,9,0,16,0,0,1,0,8,0,1,1,6,1,21,5,1596,1,11,-1,1,-1
2015220039473,1,3,0,13,0,8,0,0,0,0,1,1,5,1,19,4,124,1,11,-1,2,-1
2015220039473,2,9,0,9,0,5,0,0,0,0,3,1,5,2,48,8,1461,2,9,-1,1,-1
2015220039487,1,9,0,18,0,8,0,0,0,0,1,1,5,1,73,10,1686,2,12,-1,2,-1
2015220039487,2,98,0,9,0,5,0,0,0,0,1,1,1,1,57,9,2148,2,6,-1,1,-1
2015220039488,1,9,0,4,0,0,0,0,0,0,1,1,2,1,58,9,1997,2,10,-1,-1,-1
2015220039488,2,9,0,3,0,0,0,0,5,6,2,1,2,1,21,5,999,1,1,-1,3,-1
2015220039488,3,9,0,3,0,0,0,0,0,0,2,1,2,2,31,6,1968,2,8,-1,2,-1
2015220039513,1,9,0,9,0,6,0,0,0,0,1,1,5,1,24,5,1686,2,11,-1,1,-1
2015220039513,2,9,0,18,0,8,0,0,0,0,4,1,5,1,52,8,-1,-1,-1,-1,-1,-1
2015220039524,1,9,0,9,0,4,0,0,0,0,1,1,5,1,74,10,1248,2,3,-1,1,-1
2015220039524,2,3,0,9,0,8,0,0,0,0,4,1,2,2,21,5,125,1,-1,-1,1,-1
2015220039527,1,9,0,5,0,6,0,0,0,0,3,1,5,2,18,4,1339,1,13,-1,1,-1
2015220039527,2,3,0,18,0,1,0,0,0,0,0,1,5,1,22,5,125,1,8,-1,2,-1
2015220039553,1,98,0,9,0,1,0,0,0,0,3,1,1,1,33,6,1248,2,7,-1,1,-1
2015220039553,2,3,0,18,0,1,0,0,0,0,1,1,6,1,18,4,125,1,30,-1,1,-1
2015220039557,1,9,0,18,0,4,0,0,7,0,3,1,6,1,72,10,1598,1,2,-1,1,-1
2015220039557,2,9,0,18,0,8,0,0,0,0,3,1,6,2,58,9,1968,2,4,-1,3,-1
2015220039573,1,98,0,4,0,0,0,0,0,0,2,1,1,1,28,6,6693,2,1,-1,-1,-1
2015220039573,2,9,0,4,0,0,0,0,0,0,1,1,1,2,28,6,1229,1,2,-1,1,-1
2015220039573,3,9,0,4,0,0,0,0,0,0,0,1,1,1,65,9,1598,1,7,-1,3,-1
2015220039584,1,9,0,5,0,0,0,0,0,0,1,1,6,2,63,9,-1,-1,-1,-1,1,-1
2015220039584,2,1,0,5,0,0,0,0,0,0,1,1,2,1,46,8,-1,-1,-1,-1,1,-1
2015220039591,1,9,0,18,0,0,1,0,4,0,1,1,1,2,45,7,-1,-1,-1,-1,2,-1
2015220039591,2,9,0,18,0,0,0,0,4,0,1,1,1,2,20,4,2402,2,6,-1,2,-1
2015220039597,1,98,4,18,0,4,0,0,0,0,2,1,1,1,38,7,10837,2,3,-1,-1,-1
2015220039597,2,1,0,18,0,8,0,0,0,0,1,1,2,1,60,9,-1,-1,-1,-1,2,-1
2015220039628,1,9,0,4,0,0,0,0,0,0,1,1,5,1,40,7,1560,2,3,-1,1,-1
2015220039628,2,9,0,3,0,0,0,0,0,0,2,1,5,1,31,6,1686,2,2,-1,1,-1
2015220039637,1,9,0,9,0,5,0,0,1,0,1,1,2,2,50,8,1149,1,11,-1,2,-1
2015220039637,2,98,0,18,0,1,0,0,0,0,1,1,1,1,57,9,2402,2,10,-1,1,-1
2015220039640,1,9,0,4,0,1,0,0,2,4,2,1,5,2,42,7,1597,2,-1,-1,1,-1
2015220039640,2,9,0,18,0,1,0,0,0,0,1,1,5,1,42,7,-1,-1,-1,-1,1,-1
2015220039650,1,9,0,16,0,0,2,0,0,0,1,1,5,1,17,4,1679,1,15,-1,2,-1
2015220039655,1,9,0,18,0,0,0,0,1,11,1,1,5,1,66,10,-1,-1,-1,-1,3,-1
2015220039655,2,9,0,18,0,0,0,0,1,0,1,1,2,2,56,9,1493,2,5,-1,3,-1
2015220039658,1,9,0,16,0,0,2,0,1,4,1,1,5,1,19,4,1389,1,14,-1,1,-1
2015220039697,1,9,0,5,0,8,1,0,1,1,1,1,2,1,18,4,1229,1,4,-1,1,-1
2015220039697,2,9,0,9,0,5,0,0,0,0,4,1,2,2,22,5,1149,1,13,-1,1,-1
2015220039700,1,9,0,18,0,1,0,0,0,0,4,1,6,2,40,7,1968,2,1,-1,-1,-1
2015220039700,2,98,0,12,0,1,0,0,0,0,3,1,1,1,28,6,2143,2,-1,-1,1,-1
2015220039714,1,11,0,2,0,1,0,0,0,0,2,1,1,1,55,8,5883,2,13,-1,1,-1
2015220039714,2,11,0,5,0,1,0,4,0,0,1,1,1,1,62,9,5883,2,14,-1,2,-1
2015220039715,1,9,0,18,0,0,0,0,0,0,0,1,5,2,63,9,1399,2,11,-1,3,-1
2015220039716,1,98,0,18,0,0,0,0,0,0,4,1,5,1,35,6,-1,-1,-1,-1,1,-1
2015220039732,1,98,0,16,0,0,0,0,7,10,1,1,5,1,25,5,1896,2,9,-1,1,-1
2015220039797,1,9,4,16,0,0,0,0,0,0,3,1,5,1,66,10,-1,-1,-1,-1,3,-1
2015220039797,2,9,0,17,0,0,0,0,0,0,3,1,5,1,59,9,1560,2,1,-1,3,-1
2015220039823,1,9,0,9,0,6,0,0,3,10,1,1,5,1,80,11,1560,2,4,-1,2,-1
2015220039823,2,9,0,18,0,1,0,0,0,0,4,1,5,1,68,10,1560,2,6,-1,3,-1
2015220039831,1,9,0,9,0,5,0,0,0,0,4,1,5,1,67,10,1422,2,10,-1,1,-1
2015220039831,2,90,0,18,0,1,1,0,0,0,1,1,1,1,59,9,-1,-1,-1,-1,1,-1
2015220039862,1,9,0,18,0,8,0,0,0,0,3,1,5,1,89,11,1390,1,15,-1,3,-1
2015220039862,2,9,0,18,0,8,0,0,0,0,3,1,5,1,62,9,1086,1,10,-1,1,-1
2015220039873,1,9,0,16,0,0,5,0,1,0,1,1,6,1,17,4,1596,1,10,-1,1,-1
2015220039933,1,9,0,16,0,0,5,0,1,4,1,1,5,1,44,7,2495,2,12,-1,3,-1
2015220039934,1,9,0,4,0,1,0,0,0,0,1,1,6,1,34,6,1242,1,-1,-1,-1,-1
2015220039934,2,9,0,8,0,1,0,0,0,0,2,1,5,2,23,5,899,1,2,-1,1,-1
2015220039935,1,2,0,18,0,0,0,0,1,0,1,1,5,2,20,4,49,1,1,-1,3,-1
2015220039950,1,9,0,5,0,4,0,0,0,0,1,1,5,1,25,5,1997,1,14,-1,1,-1
2015220039950,2,9,0,3,0,1,0,0,0,0,2,1,5,1,47,8,-1,-1,-1,-1,1,-1
2015220039954,1,9,0,18,0,8,0,0,0,0,1,1,5,1,49,8,1598,2,2,-1,1,-1
2015220039954,2,9,0,10,0,8,0,0,0,0,2,1,5,1,34,6,-1,-1,-1,-1,3,-1
2015220039967,1,98,0,16,0,0,0,4,0,0,1,1,1,1,34,6,-1,-1,-1,-1,-1,-1
2015220039967,2,90,0,2,0,0,0,0,0,0,2,1,1,1,30,6,-1,-1,-1,-1,-1,-1
2015220039979,1,9,0,18,0,0,1,0,1,11,1,1,6,1,18,4,2987,2,3,-1,3,-1
2015220039984,1,9,0,16,0,0,5,0,2,4,4,1,5,1,71,10,1299,1,20,-1,1,-1
2015220039991,1,9,0,3,0,1,0,0,0,0,2,1,2,2,49,8,999,1,6,-1,1,-1
2015220039991,2,9,0,18,0,1,0,0,0,0,1,1,6,1,40,7,1968,2,6,-1,3,-1
2015220039995,1,9,0,5,0,6,0,0,3,2,1,1,5,2,83,11,1590,1,20,-1,1,-1
2015220040013,1,9,0,18,0,1,0,0,0,0,1,1,6,3,31,6,995,1,8,-1,-1,-1