Accident_Index,Vehicle_Reference,Vehicle_Type,Towing_and_Articulation,Vehicle_Manoeuvre,Vehicle_Location-Restricted_Lane,Junction_Location,Skidding_and_Overturning,Hit_Object_in_Carriageway,Vehicle_Leaving_Carriageway,Hit_Object_off_Carriageway,1st_Point_of_Impact,Was_Vehicle_Left_Hand_Drive?,Journey_Purpose_of_Driver,Sex_of_Driver,Age_of_Driver,Age_Band_of_Driver,Engine_Capacity_(CC),Propulsion_Code,Age_of_Vehicle,Driver_IMD_Decile,Driver_Home_Area_Type,Vehicle_IMD_Decile
2015220040013,2,9,0,10,0,1,0,0,0,0,2,1,5,2,33,6,1870,2,8,-1,1,-1
2015220040019,1,9,0,9,0,5,0,0,0,0,4,1,5,1,81,11,1783,1,13,-1,1,-1
2015220040019,2,1,0,18,5,1,0,0,0,0,1,1,5,2,13,3,-1,-1,-1,-1,1,-1
2015220040033,1,9,0,16,0,0,0,0,0,0,1,1,5,1,78,11,1799,1,9,-1,1,-1
2015220040033,2,9,0,3,0,0,0,0,0,0,2,1,5,2,30,6,-1,-1,-1,-1,1,-1
2015220040053,1,9,0,18,0,1,0,0,0,0,1,1,6,1,26,6,1956,2,2,-1,-1,-1
2015220040061,1,9,0,18,0,0,0,0,0,0,1,1,5,1,64,9,1896,2,10,-1,1,-1
2015220040063,1,9,0,9,0,6,0,0,0,0,4,1,1,2,21,5,998,1,8,-1,1,-1
2015220040063,2,9,0,18,0,8,0,0,0,0,1,1,5,1,20,4,1686,2,12,-1,1,-1
2015220040071,1,9,0,18,0,1,0,0,1,0,1,1,5,1,42,7,1685,2,5,-1,1,-1
2015220040071,2,9,0,9,0,6,0,0,0,0,1,1,5,2,37,7,1390,1,13,-1,2,-1
2015220040076,1,9,0,9,0,6,0,0,0,0,1,1,5,1,71,10,2183,2,4,-1,3,-1
2015220040076,2,9,0,18,0,8,0,0,0,0,4,1,5,2,63,9,1560,2,1,-1,3,-1
2015220040125,1,9,0,9,0,6,0,0,0,0,1,1,1,1,48,8,1968,2,6,-1,1,-1
2015220040125,2,9,0,18,0,8,0,0,0,0,1,1,2,2,47,8,1596,1,10,-1,1,-1
2015220040466,1,9,0,9,0,5,0,10,1,3,1,1,5,1,20,4,1108,1,14,-1,1,-1
2015220040493,1,9,0,16,0,0,0,10,2,10,1,1,5,1,25,5,1397,1,14,-1,1,-1
2015220040516,1,9,0,17,0,0,1,0,7,11,1,1,5,1,24,5,1796,1,15,-1,3,-1
2015220040594,1,9,0,16,0,0,2,0,8,0,3,1,2,1,38,7,1388,1,6,-1,1,-1
2015220040720,1,9,0,18,0,0,0,0,0,0,1,1,2,1,44,7,1896,2,10,-1,3,-1
2015220040731,1,9,0,17,0,0,0,0,7,9,1,1,2,1,44,7,-1,-1,-1,-1,3,-1
2015220040733,1,9,0,18,0,0,2,0,8,4,1,1,6,1,33,6,2199,2,7,-1,1,-1
2015220040750,1,9,0,17,0,0,1,0,1,4,1,1,5,1,56,9,1589,1,15,-1,2,-1
2015220040758,1,21,1,17,0,0,5,0,1,9,4,1,1,1,38,7,10308,2,3,-1,-1,-1
2015220040806,1,9,0,14,0,2,0,8,0,0,4,1,6,3,32,6,-1,-1,-1,-1,-1,-1
2015220040806,2,9,0,2,0,2,0,0,0,0,3,1,5,2,26,6,1598,1,14,-1,1,-1
2015220040821,1,9,0,16,0,0,0,0,0,0,3,1,5,1,47,8,1461,2,1,-1,-1,-1
2015220040821,2,9,0,17,0,0,1,0,0,0,1,1,5,1,38,7,1299,1,13,-1,1,-1
2015220040827,1,9,0,9,0,6,0,0,0,0,1,1,2,1,58,9,1398,2,-1,-1,1,-1
2015220040827,2,9,0,16,0,8,0,0,0,0,1,1,2,2,56,9,1598,1,6,-1,1,-1
2015220040845,1,9,0,18,9,0,0,0,0,0,4,1,5,1,68,10,1998,1,-1,-1,1,-1
2015220040860,1,8,0,17,0,0,1,0,1,9,4,1,1,1,40,7,2231,2,10,-1,1,-1
2015220040896,1,2,0,12,0,0,0,0,0,0,1,1,6,1,28,6,-1,-1,-1,-1,1,-1
2015220040896,2,9,0,4,0,0,0,0,0,0,2,1,6,1,40,7,1199,2,3,-1,3,-1
2015220040923,1,9,0,5,0,7,0,4,0,0,1,1,5,2,76,11,1400,2,9,-1,3,-1
2015220040923,2,9,0,2,0,8,0,4,0,0,2,1,5,1,45,7,1968,2,1,-1,3,-1
2015220040923,3,9,0,2,0,8,0,4,0,0,2,1,5,1,18,4,1596,1,5,-1,3,-1
2015220040952,1,9,0,10,0,1,0,0,0,0,2,1,2,1,45,7,1896,2,8,-1,3,-1
2015220040952,2,9,0,4,0,1,0,0,0,0,1,1,2,2,22,5,1364,1,9,-1,2,-1
2015220040995,1,9,0,18,0,0,2,0,7,10,1,1,6,1,19,4,1199,1,13,-1,1,-1
2015220041013,1,9,0,13,0,1,0,0,0,0,1,1,5,1,38,7,1834,1,14,-1,2,-1
2015220041013,2,9,0,10,0,1,0,0,0,0,2,1,5,1,80,11,1124,1,6,-1,3,-1
2015220041013,3,9,0,18,0,8,0,0,0,0,1,1,5,2,37,7,-1,-1,-1,-1,-1,-1
2015220041023,1,9,0,9,0,6,0,0,0,0,1,1,1,1,63,9,1896,2,10,-1,-1,-1
2015220041023,2,3,0,18,0,8,1,0,0,0,1,1,2,2,41,7,125,1,4,-1,3,-1
2015220041039,1,9,0,9,0,2,0,0,0,0,1,1,6,2,57,9,1997,2,2,-1,1,-1
2015220041039,2,3,0,18,0,1,0,0,1,0,1,1,6,1,60,9,125,1,4,-1,1,-1
2015220041047,1,11,0,5,0,0,0,0,0,0,4,1,1,1,68,10,4461,2,-1,-1,-1,-1
2015220041091,1,9,0,18,0,8,0,0,0,0,1,1,2,2,33,6,1598,2,5,-1,1,-1
2015220041091,2,9,0,9,0,5,0,0,0,0,1,1,2,2,22,5,1149,1,8,-1,3,-1
2015220041128,1,9,0,10,0,5,0,0,0,0,1,1,6,1,31,6,1686,2,13,-1,1,-1
2015220041136,1,9,0,1,0,6,0,0,0,0,2,1,5,2,47,8,1870,2,8,-1,3,-1
2015220041176,1,3,0,6,0,0,0,0,0,0,4,1,5,1,19,4,124,1,8,-1,1,-1
2015220041176,2,9,0,4,0,0,0,0,0,0,0,1,1,1,43,7,2993,2,-1,-1,1,-1
2015220041187,1,98,0,18,0,0,0,0,0,0,1,1,1,1,26,6,-1,-1,-1,-1,1,-1
2015220041187,2,9,0,4,0,0,0,0,0,0,2,1,2,2,53,8,1596,1,11,-1,1,-1
2015220041187,3,9,0,4,0,0,0,0,0,0,4,1,2,1,22,5,998,1,1,-1,1,-1
2015220041187,4,9,0,18,0,0,0,0,0,0,3,1,5,2,40,7,1968,2,4,-1,-1,-1
2015220041205,1,9,0,9,0,6,0,0,0,0,3,1,5,2,36,7,1598,2,1,-1,1,-1
2015220041205,2,9,0,18,0,8,0,0,0,0,1,1,5,2,30,6,1995,2,7,-1,3,-1
2015220041207,1,9,0,3,0,8,0,0,0,0,2,1,2,2,23,5,-1,-1,-1,-1,1,-1
2015220041207,2,9,0,4,0,8,1,0,0,0,1,1,1,1,33,6,1997,2,12,-1,1,-1
2015220041228,1,9,0,9,0,6,0,0,0,0,3,1,5,1,82,11,1796,1,12,-1,1,-1
2015220041228,2,3,0,14,0,8,0,0,0,0,1,1,2,1,23,5,124,1,17,-1,1,-1
2015220041250,1,9,0,18,0,0,0,0,0,0,1,1,2,1,39,7,2993,2,9,-1,1,-1
2015220041250,2,9,0,18,0,0,0,0,0,0,2,1,5,2,78,11,-1,-1,-1,-1,1,-1
2015220041250,3,9,0,18,0,0,0,0,0,0,2,1,5,1,25,5,1896,2,13,-1,1,-1
2015220041274,1,9,0,7,0,6,0,0,7,10,1,1,5,2,67,10,1364,1,-1,-1,2,-1
2015220041274,2,9,0,9,0,6,0,0,0,0,4,1,5,2,45,7,1364,1,4,-1,1,-1
2015220041287,1,9,0,4,0,1,0,0,0,0,4,1,2,2,29,6,1560,2,4,-1,3,-1
2015220041287,2,9,0,18,0,1,0,0,0,0,1,1,2,1,41,7,1560,2,-1,-1,1,-1
2015220041287,3,9,0,4,0,1,0,0,0,0,2,1,2,1,28,6,2191,2,2,-1,3,-1
2015220041292,1,9,0,4,0,0,0,0,0,0,2,1,1,1,34,6,-1,-1,-1,-1,1,-1
2015220041292,2,9,0,18,0,0,0,0,0,0,1,1,2,2,34,6,998,1,7,-1,1,-1
2015220041297,1,9,0,9,0,5,0,0,0,0,1,1,5,1,78,11,1973,1,16,-1,3,-1
2015220041297,2,1,0,18,0,8,0,0,0,0,1,1,5,2,16,4,-1,-1,-1,-1,1,-1
2015220041322,1,9,0,9,0,5,0,0,0,0,1,1,5,1,71,10,-1,-1,-1,-1,3,-1
2015220041341,1,9,0,18,0,0,0,0,0,0,4,1,2,1,41,7,1598,1,12,-1,3,-1
2015220041406,1,98,0,1,0,2,0,0,0,0,2,1,1,1,58,9,2143,2,3,-1,2,-1
2015220041406,2,9,0,18,0,2,0,0,0,0,1,1,2,2,28,6,1364,1,5,-1,1,-1
2015220041429,1,9,0,18,0,6,0,0,0,0,1,1,6,2,48,8,1499,1,-1,-1,3,-1
2015220041429,2,1,0,18,0,1,0,0,0,0,1,1,6,1,56,9,-1,-1,-1,-1,-1,-1
2015220041430,1,9,0,18,0,0,0,0,0,0,4,1,2,2,28,6,999,1,10,-1,1,-1
2015220041447,1,9,0,5,0,6,0,0,0,0,4,1,6,2,26,6,1587,1,9,-1,1,-1
2015220041447,2,9,0,18,0,1,0,0,0,0,1,1,6,1,47,8,1679,1,16,-1,1,-1
2015220041462,1,9,0,18,0,2,1,0,1,4,4,1,5,1,35,6,3999,1,4,-1,3,-1
2015220041488,1,9,0,6,0,8,0,0,0,0,3,1,1,1,31,6,1968,2,9,-1,1,-1
2015220041488,2,9,0,18,0,8,1,0,0,0,1,1,5,1,31,6,1798,1,9,-1,1,-1
2015220041499,1,9,0,5,0,6,0,0,0,0,3,1,1,2,52,8,1299,1,10,-1,1,-1
2015220041499,2,1,0,18,0,8,0,0,0,0,1,1,5,1,20,4,-1,-1,-1,-1,1,-1
2015220041533,1,9,0,9,0,0,0,0,0,0,4,1,6,1,57,9,1998,1,11,-1,2,-1
2015220041533,2,9,0,18,0,0,0,0,0,0,1,1,6,2,35,6,1796,1,14,-1,1,-1
2015220041534,1,9,0,16,0,0,2,0,2,4,4,1,1,1,38,7,-1,-1,-1,-1,1,-1
2015220041552,1,98,0,9,0,6,0,0,0,0,1,1,2,1,44,7,2198,2,1,-1,3,-1
2015220041552,2,1,0,17,0,8,0,0,0,0,1,1,2,1,24,5,-1,-1,-1,-1,2,-1
2015220041738,1,98,0,2,0,0,0,4,0,0,3,1,1,1,35,6,6871,2,12,-1,-1,-1
2015220041738,2,9,0,14,0,0,5,0,0,0,1,1,6,1,55,8,1956,2,5,-1,1,-1
2015220041837,1,9,0,5,0,0,0,0,0,0,4,1,5,1,70,10,1598,1,12,-1,1,-1
2015220041940,1,3,0,18,0,1,0,0,0,0,1,1,2,1,22,5,125,1,-1,-1,1,-1
2015220041940,2,98,0,9,0,6,0,0,0,0,1,1,2,1,44,7,1995,2,7,-1,1,-1
2015220041944,1,9,0,17,0,0,1,0,0,0,1,1,6,1,19,4,1124,1,13,-1,1,-1
2015220041944,2,98,0,16,0,0,2,0,7,0,1,1,6,1,35,6,2488,2,7,-1,3,-1
2015220042071,1,9,0,18,0,2,0,0,0,0,1,1,5,2,84,11,1997,2,11,-1,1,-1
2015220042119,1,3,0,17,0,0,0,0,1,11,1,1,5,1,22,5,125,1,2,-1,3,-1
2015220042126,1,98,0,18,0,0,0,0,1,0,1,1,5,1,55,8,-1,-1,-1,-1,2,-1
2015220042126,2,9,0,18,0,0,0,0,0,0,2,1,5,1,26,6,2000,1,15,-1,1,-1
2015220042136,1,9,0,18,0,0,0,0,0,0,1,1,5,2,41,7,1248,1,6,-1,1,-1
2015220042136,2,98,1,18,0,0,0,0,0,0,3,1,1,1,56,9,6870,2,9,-1,-1,-1
2015220042151,1,9,0,18,0,0,0,10,2,1,1,1,5,1,69,10,2286,1,37,-1,1,-1
2015220042151,2,9,0,18,0,0,0,0,0,0,2,1,5,1,66,10,1968,2,3,-1,-1,-1
2015220042175,1,9,0,4,0,1,0,0,0,0,1,1,5,2,51,8,1598,1,14,-1,1,-1
2015220042175,2,9,0,8,0,1,0,0,0,0,2,1,5,2,40,7,1388,1,9,-1,1,-1
2015220042223,1,9,0,7,0,2,0,4,7,2,1,1,5,1,22,5,1242,1,15,-1,3,-1
2015220042223,2,9,0,2,0,1,0,0,0,0,3,1,5,1,48,8,1956,2,4,-1,-1,-1
2015220042232,1,9,0,9,0,4,0,0,0,0,3,1,6,1,55,8,989,1,10,-1,2,-1
2015220042232,2,1,0,18,0,3,0,0,0,0,4,1,2,1,47,8,-1,-1,-1,-1,3,-1
2015220042258,1,98,0,18,0,0,0,0,0,0,3,1,1,1,45,7,5880,2,12,-1,-1,-1
2015220042258,2,9,0,18,0,0,0,0,0,0,3,1,5,2,19,4,1229,1,5,-1,3,-1
2015220042361,1,9,0,18,0,0,0,0,1,3,1,1,5,2,44,7,1149,1,6,-1,1,-1
2015220042498,1,9,0,9,0,5,0,0,0,0,4,1,5,2,46,8,1248,1,2,-1,1,-1
2015220042498,2,3,0,18,0,1,0,0,0,0,1,1,5,1,31,6,-1,-1,-1,-1,1,-1
2015220043924,1,9,0,18,0,0,0,0,0,0,3,1,6,1,28,6,1896,2,12,-1,1,-1
2015220043924,2,9,0,18,0,0,0,0,0,0,1,1,6,1,34,6,1968,2,-1,-1,1,-1
2015220044462,1,11,0,4,0,0,0,0,0,0,4,1,1,1,38,7,8848,2,1,-1,1,-1
2015220046456,1,9,0,7,0,6,0,0,0,0,4,1,6,2,45,7,1598,2,2,-1,-1,-1
2015220046572,1,9,0,17,0,0,2,0,8,2,4,1,2,1,26,6,1389,1,13,-1,1,-1
2015220047809,1,9,0,18,0,8,0,0,4,6,1,1,5,1,45,7,1582,2,4,-1,-1,-1
2015220047809,2,9,0,9,0,6,0,0,0,0,1,1,5,2,55,8,1398,2,12,-1,3,-1
2015220049248,1,9,0,9,0,6,0,0,0,0,1,1,5,1,17,4,1242,1,7,-1,1,-1
2015220049248,2,9,0,17,0,8,0,0,0,0,4,1,5,2,54,8,1299,1,7,-1,3,-1
2015220050788,1,2,0,18,0,1,0,0,1,1,1,1,5,1,16,4,-1,-1,-1,-1,-1,-1
2015220050788,2,9,0,4,0,1,0,0,0,0,2,1,5,2,21,5,998,1,-1,-1,1,-1
2015220052896,1,98,0,2,0,0,0,0,0,0,3,1,5,1,27,6,1995,2,2,-1,3,-1
2015220052896,2,9,0,5,0,0,0,4,0,0,1,1,6,1,23,5,1910,2,8,-1,-1,-1
2015220053096,1,9,0,4,0,0,0,0,0,0,2,1,1,1,54,8,-1,-1,-1,-1,1,-1
2015220053096,2,9,0,4,0,0,1,0,0,0,1,1,5,2,36,7,1596,1,2,-1,-1,-1
2015220054494,1,9,0,18,0,8,0,0,0,0,1,1,6,1,36,7,1299,1,15,-1,1,-1
2015220054494,2,9,0,4,0,8,0,0,0,0,2,1,5,1,24,5,1363,2,10,-1,3,-1
2015220055006,1,8,0,5,0,0,0,0,0,0,0,1,1,1,35,6,2179,2,8,-1,-1,-1
2015220055080,1,3,0,9,0,5,0,0,0,0,1,1,5,1,61,9,124,1,4,-1,3,-1
2015220055080,2,9,0,13,0,8,0,0,0,0,4,1,1,2,49,8,1248,2,4,-1,2,-1
2015220056692,1,9,0,18,0,8,0,0,0,0,1,1,1,1,43,7,2993,2,3,-1,1,-1
2015220056692,2,9,0,18,0,8,0,0,0,0,1,1,5,1,34,6,1998,2,11,-1,1,-1
2015220056834,1,9,0,17,0,0,2,0,5,6,1,1,5,2,44,7,2000,1,16,-1,1,-1
2015220062040,1,9,0,18,0,8,0,0,0,0,1,1,1,1,37,7,1461,2,1,-1,-1,-1
2015220062040,2,1,0,18,0,8,0,10,0,0,1,1,5,1,26,6,-1,-1,-1,-1,1,-1
2015220063628,1,9,0,18,0,0,0,0,0,0,4,1,2,1,61,9,-1,-1,-1,-1,1,-1
201522C500041,1,9,0,9,0,5,0,0,0,0,1,1,6,1,32,6,1242,1,11,-1,1,-1
201522C500041,2,4,0,16,0,8,0,0,0,0,1,1,6,1,49,8,124,1,2,-1,1,-1
201522C500054,1,9,0,5,0,1,0,0,0,0,3,1,6,1,39,7,2993,2,7,-1,1,-1
201522C500091,1,9,0,17,0,3,0,0,0,0,0,1,6,1,37,7,1560,2,3,-1,1,-1
201522C500123,1,9,0,18,0,4,0,9,0,0,1,1,6,1,27,6,1781,1,12,-1,1,-1
201522C500123,2,9,0,18,0,4,0,9,0,0,2,1,6,2,29,6,-1,-1,-1,-1,1,-1
201522C500138,1,9,0,7,0,5,0,0,0,0,4,1,6,3,-1,-1,-1,-1,-1,-1,-1,-1
201522C500139,1,9,0,6,0,8,0,0,0,0,3,1,6,2,26,6,998,1,2,-1,1,-1
201522C500139,2,9,0,13,0,8,0,0,0,0,1,1,6,1,53,8,1968,2,2,-1,1,-1
201522C500152,1,9,0,18,0,1,1,0,1,10,1,1,6,1,28,6,-1,-1,-1,-1,1,-1
201522C500153,1,9,0,9,0,6,0,0,0,0,1,1,6,3,25,5,-1,-1,-1,-1,1,-1
201522C500153,2,9,0,18,0,8,0,0,0,0,1,1,1,1,36,7,3721,1,1,-1,1,-1
201522C500171,1,9,0,18,0,8,1,0,0,0,1,1,2,1,22,5,-1,-1,-1,-1,1,-1
201522C500171,2,9,0,10,0,8,0,0,0,0,2,1,1,1,46,8,-1,-1,-1,-1,1,-1
201522C500179,1,9,0,9,0,5,0,0,0,0,1,1,6,1,66,10,1898,2,15,-1,1,-1
201522C500179,2,3,0,18,0,8,0,0,0,0,1,1,2,1,20,4,125,1,2,-1,1,-1
201522C500181,1,9,0,13,0,0,0,0,0,0,1,1,6,1,59,9,1199,1,11,-1,3,-1
201522C500181,2,1,0,17,0,0,0,0,0,0,3,1,6,2,49,8,-1,-1,-1,-1,3,-1
201522C500191,1,21,1,4,0,1,0,0,0,0,1,2,1,1,44,7,-1,-1,-1,-1,-1,-1
201522C500191,2,9,0,3,0,1,0,0,0,0,2,1,6,2,40,7,1995,2,5,-1,2,-1
201522C500211,1,20,0,18,0,8,0,0,0,0,1,1,1,1,59,9,3920,2,9,-1,2,-1
201522C500211,2,9,0,9,0,5,0,0,0,0,2,1,6,1,35,6,-1,-1,-1,-1,1,-1
201522C500221,1,19,0,16,0,0,1,0,0,0,1,1,1,1,49,8,-1,-1,-1,-1,3,-1
201522C500221,2,20,0,17,0,0,1,0,0,0,1,1,1,1,46,8,3920,2,9,-1,1,-1
201522C500225,1,9,0,16,0,0,0,0,1,0,1,1,2,2,46,8,1968,2,4,-1,3,-1
201522C500225,2,9,0,17,0,0,0,0,1,0,1,1,2,1,68,10,2231,2,4,-1,1,-1
201522C500236,1,9,0,7,0,3,1,10,1,1,1,1,2,1,22,5,1598,2,6,-1,1,-1
201522C500240,1,9,0,5,0,4,0,0,0,0,3,1,6,1,30,6,1124,1,13,-1,2,-1
201522C500240,2,1,0,18,0,8,0,0,0,0,1,1,6,2,29,6,-1,-1,-1,-1,1,-1
201522C500267,1,9,0,18,0,0,0,0,0,0,3,1,1,1,45,7,-1,-1,-1,-1,3,-1
201522C500267,2,9,0,18,0,0,0,0,0,0,3,1,6,1,18,4,1296,1,8,-1,2,-1
201522C500267,3,9,0,18,0,0,5,0,7,1,4,1,6,2,30,6,-1,-1,-1,-1,1,-1
201522C500274,1,9,0,18,0,0,0,0,0,0,1,1,2,1,41,7,1398,1,-1,-1,1,-1
201522C500274,2,9,0,4,0,0,0,0,0,0,2,1,2,1,46,8,2143,2,3,-1,2,-1
201522C500281,1,9,0,16,0,0,2,10,1,0,3,1,6,2,17,4,-1,-1,-1,-1,1,-1
201522C500295,1,9,0,18,0,3,0,0,0,0,4,1,6,2,24,5,998,1,1,-1,2,-1
201522C500296,1,9,0,17,0,0,1,0,1,4,1,1,2,2,71,10,1796,1,10,-1,1,-1
201522C500298,1,9,0,13,0,8,0,0,0,0,1,1,6,1,17,4,1229,1,6,-1,3,-1
201522C500298,2,9,0,9,0,5,0,0,0,0,3,1,6,1,19,4,1149,1,11,-1,3,-1
201522C500307,1,9,0,18,0,4,0,0,0,0,3,1,6,2,48,8,-1,-1,-1,-1,1,-1
201522C500307,2,9,0,18,0,8,0,0,0,0,1,1,2,1,66,10,-1,-1,-1,-1,1,-1
201522C500327,1,20,1,18,0,0,0,0,0,0,3,1,1,3,-1,-1,-1,-1,-1,-1,-1,-1
201522C500327,2,9,0,18,0,0,0,0,0,0,3,1,6,1,59,9,1968,2,3,-1,1,-1
201522C500328,1,9,0,5,0,4,0,0,0,0,0,1,6,1,35,6,-1,-1,-1,-1,-1,-1
201522C500328,2,9,0,5,0,4,0,0,0,0,2,1,6,2,21,5,1753,2,9,-1,-1,-1
201522C500328,3,9,0,18,0,4,0,0,0,0,1,1,6,1,79,11,-1,-1,-1,-1,3,-1
201522C500331,1,9,0,18,0,4,0,0,0,0,3,1,2,2,27,6,1242,1,5,-1,2,-1
201522C500331,2,9,0,18,0,8,0,0,0,0,1,1,2,1,29,6,1199,1,13,-1,1,-1
201522C500338,1,9,0,18,0,0,0,0,0,0,1,1,2,2,39,7,2000,2,7,-1,1,-1
201522C500338,2,9,0,4,0,0,0,0,0,0,2,1,6,2,29,6,1795,1,16,-1,3,-1
201522C500341,1,9,0,18,0,1,0,0,0,0,1,1,6,2,51,8,1598,1,10,-1,1,-1
201522C500343,1,2,0,17,0,0,1,0,0,0,3,1,2,1,16,4,49,1,9,-1,3,-1
201522C500345,1,9,0,16,0,0,0,0,0,0,1,1,6,1,21,5,1329,1,5,-1,1,-1
201522C500345,2,9,0,17,0,0,0,10,1,0,3,1,2,1,67,10,1596,1,13,-1,1,-1
201522C500345,3,9,0,17,0,0,0,0,0,0,1,1,6,1,53,8,1499,2,-1,-1,1,-1
201522C500353,1,9,0,7,0,5,0,0,0,0,3,1,6,1,27,6,1586,1,9,-1,-1,-1
201522C500365,1,9,0,11,0,5,0,0,0,0,0,1,6,3,-1,-1,-1,-1,-1,-1,-1,-1
201522C500365,2,9,0,5,0,8,0,0,0,0,2,1,6,2,33,6,1997,2,11,-1,3,-1
201522C500365,3,9,0,5,0,8,0,0,0,0,1,1,6,1,43,7,-1,-1,-1,-1,-1,-1
201522C500409,1,9,0,13,0,8,5,0,0,0,1,1,6,1,29,6,-1,-1,-1,-1,1,-1
201522C500409,2,19,0,9,0,6,0,10,0,0,1,1,6,1,28,6,1686,2,14,-1,1,-1
201522C500419,1,9,0,18,0,0,0,0,0,0,1,1,6,1,36,7,-1,-1,-1,-1,3,-1
201522C500419,2,3,0,14,0,0,0,0,0,0,1,1,6,3,-1,-1,-1,-1,-1,-1,-1,-1
201522C500420,1,19,4,9,0,5,0,0,0,0,3,1,1,1,73,10,2477,2,10,-1,3,-1
201522C500420,2,1,0,10,0,1,0,0,0,0,1,1,6,1,19,4,-1,-1,-1,-1,1,-1
201522C500426,1,9,0,13,0,0,0,0,7,0,1,1,1,1,22,5,-1,-1,-1,-1,3,-1
201522C500426,2,9,0,17,0,0,0,0,0,0,1,1,6,2,36,7,1995,2,4,-1,3,-1
201522C500442,1,9,0,9,0,1,0,0,0,0,1,1,6,2,40,7,-1,-1,-1,-1,-1,-1
201522C500442,2,1,0,18,0,1,0,0,0,0,1,1,6,1,28,6,-1,-1,-1,-1,1,-1
201522C500459,1,9,0,18,0,0,0,0,0,0,4,1,2,1,26,6,1461,2,3,-1,3,-1
201522C500465,1,5,0,18,0,8,1,0,0,0,1,1,2,1,48,8,998,1,30,-1,1,-1
201522C500466,1,9,0,18,0,2,0,4,0,0,1,1,6,1,84,11,-1,-1,-1,-1,1,-1
201522C500466,2,9,0,2,0,1,0,0,0,0,2,1,6,1,50,8,1968,2,4,-1,1,-1
201522C500468,1,19,0,5,0,6,0,0,0,0,1,1,1,1,42,7,4580,2,2,-1,3,-1
201522C500468,2,9,0,5,0,6,0,0,0,0,2,1,3,2,47,8,1124,1,11,-1,1,-1
201522C500469,1,9,0,9,0,5,0,0,0,0,3,1,6,2,31,6,1596,1,9,-1,1,-1
201522C500469,2,1,0,13,0,1,0,0,0,0,1,1,6,2,66,10,-1,-1,-1,-1,1,-1
201522C500470,1,9,0,18,0,0,0,0,0,0,1,1,2,1,57,9,1598,1,10,-1,1,-1
201522C500470,2,1,0,18,0,0,0,0,0,0,2,1,2,1,35,6,-1,-1,-1,-1,1,-1
201522C500471,1,9,0,13,0,0,0,0,0,0,1,1,6,3,-1,-1,-1,-1,-1,-1,-1,-1
201522C500471,2,9,0,2,0,0,0,0,0,0,0,1,6,2,32,6,1798,1,4,-1,1,-1
201522C500497,1,9,0,17,0,0,1,0,0,0,4,1,6,2,23,5,1389,1,17,-1,3,-1
201522C500497,2,9,0,18,0,0,0,0,0,0,1,1,6,1,73,10,2497,2,21,-1,3,-1
201522C500498,1,9,0,9,0,5,0,0,0,0,1,1,6,1,37,7,2967,2,4,-1,1,-1
201522C500498,2,5,0,18,0,1,0,0,0,0,3,1,6,1,28,6,899,1,16,-1,1,-1
201522C500498,3,9,0,10,0,1,0,0,0,0,0,1,6,2,47,8,1596,1,14,-1,1,-1
201522C500502,1,1,0,18,0,0,0,0,0,0,2,1,6,1,49,8,-1,-1,-1,-1,3,-1
201522C500502,2,9,0,16,0,0,0,0,0,0,1,1,6,2,30,6,1390,1,4,-1,1,-1
201522C500508,1,9,0,4,0,1,0,0,0,0,2,1,6,3,-1,-1,-1,-1,-1,-1,-1,-1
201522C500508,2,9,0,18,0,1,0,0,0,0,1,1,3,1,74,10,1599,1,6,-1,1,-1
201522C500508,3,9,0,18,0,1,0,0,0,0,1,1,3,1,50,8,1997,2,5,-1,2,-1
201522C500510,1,9,0,18,0,0,0,0,0,0,1,1,6,1,53,8,4999,1,10,-1,1,-1
201522C500510,2,8,0,18,0,0,0,4,0,0,1,1,1,1,35,6,2664,2,13,-1,1,-1
201522C500510,3,19,0,2,0,0,0,0,0,0,3,1,6,1,49,8,2143,2,4,-1,1,-1
201522C500517,1,9,0,4,0,1,0,0,0,0,1,1,6,1,82,11,1248,1,1,-1,1,-1
201522C500517,2,9,0,10,0,1,0,0,0,0,2,1,6,2,27,6,1388,1,12,-1,1,-1
201522C500525,1,11,0,9,0,6,0,0,0,0,0,1,1,1,44,7,-1,-1,-1,-1,-1,-1
201522C500525,2,9,0,4,0,8,0,0,0,0,2,1,6,1,63,9,2401,2,8,-1,1,-1
201522C500525,3,1,0,18,0,8,0,0,0,0,1,1,6,1,42,7,-1,-1,-1,-1,1,-1
201522C500553,1,9,0,18,0,3,0,0,0,0,2,1,6,3,-1,-1,-1,-1,-1,-1,-1,-1
201522C500553,2,9,0,18,0,8,0,0,0,0,1,1,2,2,29,6,1242,1,1,-1,1,-1
201522C500554,1,9,0,18,0,0,0,0,0,0,1,1,2,1,21,5,1584,1,9,-1,1,-1
201522C500554,2,9,0,4,0,0,0,0,0,0,2,1,2,2,47,8,2204,2,9,-1,3,-1
201522C500555,1,1,0,5,0,0,0,0,0,0,1,1,6,1,19,4,-1,-1,-1,-1,1,-1
201522C500555,2,9,0,18,0,0,0,0,0,0,1,1,6,3,-1,-1,-1,-1,-1,-1,-1,-1
201522C500561,1,9,0,5,0,6,0,0,0,0,3,1,2,2,33,6,-1,-1,-1,-1,1,-1