Accident_Index,Vehicle_Reference,Vehicle_Type,Towing_and_Articulation,Vehicle_Manoeuvre,Vehicle_Location-Restricted_Lane,Junction_Location,Skidding_and_Overturning,Hit_Object_in_Carriageway,Vehicle_Leaving_Carriageway,Hit_Object_off_Carriageway,1st_Point_of_Impact,Was_Vehicle_Left_Hand_Drive?,Journey_Purpose_of_Driver,Sex_of_Driver,Age_of_Driver,Age_Band_of_Driver,Engine_Capacity_(CC),Propulsion_Code,Age_of_Vehicle,Driver_IMD_Decile,Driver_Home_Area_Type,Vehicle_IMD_Decile
201522C500561,2,1,0,14,0,1,0,0,0,0,1,1,6,1,35,6,-1,-1,-1,-1,1,-1
201522C500562,1,9,0,17,0,0,2,0,1,4,4,1,2,2,20,4,-1,-1,-1,-1,2,-1
201522C500568,1,9,0,4,0,1,0,0,0,0,1,1,2,3,-1,-1,1388,1,11,-1,-1,-1
201522C500568,2,9,0,3,0,1,0,0,0,0,2,1,6,2,48,8,1560,2,4,-1,1,-1
201522C500574,1,9,0,14,0,0,0,8,0,0,4,1,6,3,-1,-1,-1,-1,-1,-1,-1,-1
201522C500574,2,9,0,2,0,0,0,0,0,0,3,1,6,1,38,7,1997,2,3,-1,1,-1
201522C500576,1,9,0,18,0,0,0,0,2,2,1,1,6,1,34,6,-1,-1,-1,-1,1,-1
201522C500581,1,8,0,9,0,5,0,0,0,0,3,1,1,1,44,7,-1,-1,-1,-1,-1,-1
201522C500595,1,19,0,13,0,0,0,0,0,0,3,1,1,1,50,8,-1,-1,-1,-1,1,-1
201522C500595,2,19,0,18,0,0,0,0,0,0,3,1,1,1,52,8,-1,-1,-1,-1,1,-1
201522C500597,1,90,0,7,0,5,0,0,0,0,1,1,1,1,51,8,-1,-1,-1,-1,1,-1
201522C500602,1,3,0,18,7,0,1,4,0,0,1,1,6,1,19,4,125,1,1,-1,1,-1
201522C500602,2,9,0,2,6,0,5,0,0,0,2,1,6,2,47,8,1248,1,3,-1,1,-1
201522C500607,1,9,0,18,0,0,0,0,2,4,1,1,2,1,41,7,1995,2,1,-1,1,-1
201522C500607,2,19,0,18,0,0,0,0,1,4,2,1,6,1,25,5,1248,2,7,-1,3,-1
201522C500626,1,9,0,18,0,0,2,0,1,10,1,1,6,1,39,7,-1,-1,-1,-1,-1,-1
201522C500644,1,9,0,9,0,2,0,0,7,10,3,1,6,1,17,4,-1,-1,-1,-1,1,-1
201522C500646,1,2,0,18,0,0,1,0,0,0,3,1,2,2,75,10,49,1,10,-1,3,-1
201522C500649,1,90,0,18,0,0,0,0,4,6,1,1,1,1,53,8,1560,2,5,-1,3,-1
201522C500649,2,9,0,4,0,0,0,0,0,0,2,1,2,1,37,7,3301,1,9,-1,1,-1
201522C500649,3,9,0,4,0,0,0,0,0,0,2,1,6,1,35,6,1798,8,2,-1,1,-1
201522C500658,1,9,0,18,0,0,0,0,0,0,2,1,6,1,31,6,1197,1,1,-1,1,-1
201522C500658,2,9,0,18,0,0,1,0,0,0,1,1,6,1,20,4,1199,1,12,-1,1,-1
201522C500658,3,9,0,18,0,0,1,0,0,0,1,1,6,2,21,5,1242,1,5,-1,2,-1
201522C500662,1,9,0,18,0,0,0,0,0,0,1,1,6,1,71,10,-1,-1,-1,-1,1,-1
201522C500662,2,9,0,18,0,0,0,0,0,0,1,1,6,1,29,6,1599,1,16,-1,1,-1
201522C500669,1,9,0,13,0,8,0,0,0,0,4,1,6,1,18,4,-1,-1,-1,-1,1,-1
201522C500669,2,1,0,9,0,5,0,0,0,0,1,1,6,1,71,10,-1,-1,-1,-1,3,-1
201522C500670,1,9,0,18,0,8,0,4,0,0,1,1,6,1,74,10,1197,1,4,-1,-1,-1
201522C500670,2,20,0,2,0,8,0,0,0,0,1,1,6,1,49,8,3920,2,9,-1,-1,-1
201522C500675,1,9,0,18,0,0,2,0,5,6,3,1,6,1,38,7,-1,-1,-1,-1,1,-1
201522C500675,2,9,0,18,0,0,1,0,0,0,1,1,6,1,49,8,-1,-1,-1,-1,1,-1
201522C500678,1,9,0,9,0,5,0,0,0,0,1,1,6,2,61,9,-1,-1,-1,-1,1,-1
201522C500678,2,9,0,18,0,8,0,0,0,0,1,1,2,1,35,6,-1,-1,-1,-1,1,-1
201522C500679,1,9,0,4,0,1,0,0,0,0,1,1,2,2,28,6,-1,-1,-1,-1,-1,-1
201522C500679,2,9,0,7,0,2,0,10,0,0,4,1,2,1,24,5,1362,1,2,-1,1,-1
201522C500682,1,9,0,17,0,8,0,0,0,0,1,1,6,2,53,8,1560,2,2,-1,3,-1
201522C500682,2,9,0,16,0,8,0,0,0,0,1,1,6,2,26,6,-1,-1,-1,-1,1,-1
201522C500683,1,9,0,7,0,6,0,0,0,0,3,1,2,1,33,6,1995,2,8,-1,3,-1
201522C500683,2,1,0,13,0,8,0,0,0,0,1,1,6,1,38,7,-1,-1,-1,-1,1,-1
201522C500690,1,9,0,10,0,8,0,0,0,0,2,1,1,2,20,4,1598,1,12,-1,2,-1
201522C500690,2,9,0,18,0,8,0,0,0,0,1,1,2,2,21,5,-1,-1,-1,-1,3,-1
201522C500697,1,9,0,18,0,0,0,0,0,0,1,1,1,1,29,6,1600,2,3,-1,1,-1
201522C500697,2,9,0,4,0,0,0,0,0,0,2,1,6,2,27,6,698,1,12,-1,1,-1
201522C500700,1,9,0,18,0,0,0,0,0,0,1,1,2,1,21,5,1598,1,2,-1,1,-1
201522C500700,2,9,0,4,0,0,0,0,0,0,2,1,2,2,44,7,-1,-1,-1,-1,1,-1
201522C500701,1,9,0,1,0,8,0,0,0,0,2,1,2,1,51,8,1595,1,11,-1,1,-1
201522C500703,1,9,0,18,0,0,0,0,0,0,1,1,6,2,68,10,1798,1,-1,-1,3,-1
201522C500703,2,9,0,18,0,0,0,0,1,0,1,1,6,1,39,7,1596,1,14,-1,1,-1
201522C500703,3,9,0,18,0,0,0,0,0,0,1,1,6,1,62,9,1493,2,8,-1,1,-1
201522C500706,1,1,0,18,9,8,0,0,0,0,1,1,2,1,16,4,-1,-1,-1,-1,1,-1
201522C500706,2,9,0,5,9,6,0,0,0,0,4,1,2,1,70,10,2967,2,8,-1,3,-1
201522C500717,1,9,0,5,0,0,0,0,0,0,3,1,1,2,57,9,1598,2,1,-1,3,-1
201522C500717,2,5,0,18,0,0,0,0,0,0,1,1,6,2,37,7,487,1,17,-1,2,-1
201522C500726,1,9,0,18,0,8,0,0,0,0,3,1,6,1,28,6,-1,-1,-1,-1,1,-1
201522C500726,2,9,0,5,0,6,0,0,0,0,1,1,2,1,44,7,1798,1,4,-1,2,-1
201522C500741,1,9,0,9,0,6,0,0,0,0,1,1,1,2,37,7,1461,2,6,-1,1,-1
201522C500741,2,9,0,18,0,8,0,0,7,0,1,1,2,2,19,4,-1,-1,-1,-1,2,-1
201522C500754,1,9,0,5,0,4,0,0,0,0,1,1,2,1,49,8,2191,2,2,-1,2,-1
201522C500754,2,1,0,9,0,8,0,9,0,0,1,1,2,2,56,9,-1,-1,-1,-1,1,-1
201522C500766,1,8,0,18,0,0,0,0,0,0,4,1,1,3,-1,-1,-1,-1,-1,-1,-1,-1
201522C500766,2,1,0,18,0,0,1,0,0,0,2,1,6,1,20,4,-1,-1,-1,-1,1,-1
201522C500781,1,9,0,5,0,6,0,0,0,0,1,1,6,1,56,9,1988,1,15,-1,-1,-1
201522C500781,2,9,0,2,0,8,0,0,0,0,3,1,6,1,33,6,1396,1,13,-1,1,-1
201522C500804,1,9,0,18,0,0,0,4,0,0,1,1,6,1,27,6,1968,2,2,-1,1,-1
201522C500804,2,9,0,2,0,0,0,0,0,0,2,1,6,1,69,10,-1,-1,-1,-1,3,-1
201522C500808,1,9,0,3,0,1,0,0,0,0,2,1,2,2,32,6,1364,1,8,-1,3,-1
201522C500808,2,3,0,5,0,1,0,0,0,0,1,1,6,1,20,4,124,1,6,-1,3,-1
201522C500813,1,9,0,18,0,8,0,0,0,0,2,1,6,2,76,11,1587,1,6,-1,3,-1
201522C500813,2,19,0,7,0,3,0,0,0,0,1,1,6,3,-1,-1,2463,2,10,-1,-1,-1
201522C500828,1,9,0,9,0,5,0,0,0,0,1,1,2,2,43,7,1995,2,3,-1,3,-1
201522C500828,2,9,0,18,0,8,0,0,0,0,1,1,6,1,69,10,1493,2,10,-1,1,-1
201522C500837,1,19,0,4,0,0,1,0,0,0,1,1,1,1,34,6,-1,-1,-1,-1,1,-1
201522C500837,2,9,0,4,0,0,0,0,0,0,2,1,6,1,53,8,-1,-1,-1,-1,3,-1
201522C500837,3,9,0,4,0,0,0,0,0,0,2,1,2,1,44,7,2993,2,5,-1,1,-1
201522C500837,4,9,0,3,0,0,0,0,0,0,2,1,1,2,21,5,1598,2,2,-1,1,-1
201522C500837,5,11,0,18,0,0,0,0,0,0,3,1,1,1,66,10,12000,2,6,-1,1,-1
201522C500837,6,21,1,18,0,0,0,0,0,0,3,1,1,1,51,8,12777,2,2,-1,1,-1
201522C500838,1,9,0,14,0,0,0,4,0,0,1,1,2,1,22,5,-1,-1,-1,-1,1,-1
201522C500838,2,9,0,2,0,0,0,0,0,0,2,1,2,2,53,8,1598,1,8,-1,1,-1
201522C500848,1,9,0,7,0,6,0,0,0,0,1,1,2,1,43,7,-1,-1,-1,-1,2,-1
201522C500848,2,9,0,18,0,8,0,0,7,0,1,1,2,1,39,7,2495,2,9,-1,3,-1
201522C500859,1,9,0,18,0,8,0,0,0,0,4,1,6,1,75,10,1998,1,13,-1,3,-1
201522C500860,1,9,0,18,0,1,0,0,0,0,1,1,6,2,35,6,-1,-1,-1,-1,1,-1
201522C500860,2,9,0,4,0,1,0,0,0,0,2,1,6,1,35,6,-1,-1,-1,-1,2,-1
201522C500860,3,9,0,4,0,1,0,0,0,0,2,1,6,1,39,7,2926,2,12,-1,3,-1
201522C500862,1,9,0,9,0,6,0,0,0,0,1,1,6,2,58,9,1598,2,3,-1,-1,-1
201522C500862,2,9,0,18,0,8,0,0,0,0,4,1,3,2,50,8,1995,2,1,-1,3,-1
201522C500863,1,9,0,7,8,0,0,0,0,0,1,1,1,1,63,9,-1,-1,-1,-1,1,-1
201522C500863,2,9,0,9,7,0,0,0,0,0,1,1,6,1,48,8,-1,-1,-1,-1,-1,-1
201522C500865,1,9,0,18,0,0,0,0,0,0,4,1,6,3,-1,-1,-1,-1,-1,-1,-1,-1
201522C500866,1,9,0,17,0,0,1,0,7,10,1,1,2,1,54,8,1349,1,2,-1,1,-1
201522C500868,1,9,0,10,0,1,0,0,0,0,2,1,2,2,44,7,1198,1,1,-1,1,-1
201522C500868,2,9,0,18,0,1,0,0,0,0,1,1,6,2,39,7,1998,1,12,-1,-1,-1
201522C500875,1,9,0,9,0,6,0,0,0,0,1,1,2,1,51,8,1598,1,14,-1,3,-1
201522C500875,2,3,0,14,0,8,0,0,0,0,1,1,6,1,18,4,125,1,1,-1,2,-1
201522C500880,1,9,0,16,0,0,0,0,0,0,1,1,6,1,23,5,-1,-1,-1,-1,1,-1
201522C500880,2,21,1,17,0,0,0,0,0,0,1,1,1,1,40,7,12740,2,2,-1,3,-1
201522C500886,1,3,0,18,0,0,0,0,0,0,1,1,2,1,18,4,124,1,3,-1,1,-1
201522C500886,2,9,0,13,0,0,0,0,0,0,1,1,6,3,29,6,1896,2,11,-1,1,-1
201522C500898,1,9,0,5,0,6,0,0,0,0,1,1,6,2,64,9,1397,1,11,-1,3,-1
201522C500898,2,3,0,18,0,1,0,0,0,0,1,1,6,1,21,5,124,1,1,-1,1,-1
201522C500902,1,9,0,18,9,0,0,0,1,0,1,1,6,2,54,8,1998,1,3,-1,3,-1
201522C500904,1,8,0,10,0,8,0,0,0,0,1,1,1,1,69,10,1997,2,5,-1,1,-1
201522C500904,2,9,0,18,0,8,0,0,0,0,1,1,6,2,42,7,-1,-1,-1,-1,1,-1
201522C500905,1,2,0,18,0,0,0,4,0,0,1,1,6,1,22,5,49,1,3,-1,1,-1
201522C500905,2,9,0,2,0,0,0,0,0,0,1,1,6,2,28,6,998,1,9,-1,1,-1
201522C500912,1,9,0,18,0,0,0,0,0,0,4,1,2,2,49,8,1149,1,4,-1,1,-1
201522C500915,1,9,0,4,0,6,0,0,0,0,2,1,6,3,-1,-1,-1,-1,-1,-1,-1,-1
201522C500915,2,9,0,17,0,8,0,0,0,0,1,1,6,2,24,5,1999,1,14,-1,2,-1
201522C500917,1,9,0,16,0,0,0,0,0,0,1,1,2,1,31,6,1587,1,14,-1,1,-1
201522C500917,2,2,0,6,0,0,0,0,0,0,1,1,6,1,16,4,49,1,1,-1,1,-1
201522C500935,1,9,0,16,0,0,0,0,4,6,1,1,6,1,21,5,1599,1,12,-1,1,-1
201522C500935,2,9,0,17,0,0,0,0,0,0,1,1,6,2,28,6,1497,1,12,-1,1,-1
201522C500937,1,9,0,9,0,6,0,0,0,0,3,1,6,1,72,10,1395,1,1,-1,1,-1
201522C500937,2,4,0,18,0,8,0,0,0,0,1,1,6,1,26,6,124,1,16,-1,1,-1
201522C500950,1,9,0,18,0,0,0,4,0,0,1,1,6,1,30,6,1896,2,11,-1,1,-1
201522C500950,2,9,0,2,0,0,0,0,0,0,1,1,6,1,84,11,898,1,-1,-1,1,-1
201522C500950,3,9,0,2,0,0,0,0,0,0,1,1,6,2,41,7,1596,1,13,-1,1,-1
201522C500950,4,9,0,3,0,0,0,0,0,0,1,1,6,1,42,7,1781,1,18,-1,1,-1
201522C500957,1,19,0,18,0,1,0,4,0,0,1,1,6,1,29,6,-1,-1,-1,-1,1,-1
201522C500957,2,9,0,2,0,1,0,0,0,0,2,1,6,3,-1,-1,-1,-1,-1,-1,1,-1
201522C500957,3,9,0,2,0,1,0,0,0,0,2,1,6,3,-1,-1,1951,2,14,-1,1,-1
201522C500957,4,9,0,2,0,1,0,0,0,0,2,1,6,3,-1,-1,1360,1,13,-1,1,-1
201522C500959,1,3,0,16,0,0,0,0,0,0,1,1,6,1,17,4,125,1,13,-1,3,-1
201522C500959,2,2,0,16,0,0,1,0,0,0,2,1,6,1,17,4,49,1,12,-1,3,-1
201522C500961,1,21,1,16,0,0,0,0,0,0,1,1,1,1,35,6,11967,2,2,-1,1,-1
201522C500961,2,9,0,17,0,0,0,0,0,0,1,1,2,1,27,6,1242,1,15,-1,3,-1
201522C500966,1,9,0,9,0,6,0,0,0,0,1,1,3,1,33,6,1956,2,4,-1,1,-1
201522C500966,2,1,0,10,0,1,0,0,0,0,1,1,6,2,41,7,-1,-1,-1,-1,2,-1
201522C501002,1,9,0,18,0,0,1,0,4,6,1,1,6,1,37,7,1598,1,10,-1,1,-1
201522C501002,2,9,3,18,0,0,2,0,1,9,2,1,6,1,68,10,2495,2,12,-1,1,-1
201522C501003,1,9,0,4,0,0,0,0,0,0,1,1,6,2,36,7,-1,-1,-1,-1,2,-1
201522C501003,2,21,0,18,0,0,0,0,0,0,1,1,1,1,60,9,-1,-1,-1,-1,1,-1
201522C501009,1,3,0,18,0,0,1,0,1,0,1,1,2,1,29,6,124,1,26,-1,2,-1
201522C501013,1,8,0,16,0,0,0,0,0,0,1,1,1,1,30,6,2959,2,11,-1,3,-1
201522C501022,1,9,0,18,0,0,0,0,0,0,1,1,6,1,39,7,-1,-1,-1,-1,3,-1
201522C501022,2,9,0,18,0,0,0,0,0,0,1,1,6,2,20,4,-1,-1,-1,-1,3,-1
201522C501028,1,9,0,18,0,8,0,10,7,3,4,1,6,1,33,6,999,1,15,-1,1,-1
201522C501028,2,9,0,9,0,6,0,0,0,0,1,1,6,2,20,4,1753,2,11,-1,1,-1
201522C501030,1,9,0,9,0,6,0,0,0,0,1,1,2,2,22,5,-1,-1,-1,-1,1,-1
201522C501030,2,11,0,18,0,8,0,0,0,0,1,1,1,1,77,11,-1,2,15,-1,1,-1
201522C501032,1,9,0,18,0,0,1,0,0,0,1,1,6,1,17,4,973,1,12,-1,3,-1
201522C501032,2,9,0,4,0,0,0,0,0,0,1,1,6,2,40,7,1584,1,9,-1,3,-1
201522C501045,1,1,0,18,0,6,0,0,0,0,1,1,2,1,21,5,-1,-1,-1,-1,1,-1
201522C501045,2,9,0,7,0,6,0,0,0,0,4,1,1,1,49,8,2199,2,5,-1,1,-1
201522C501047,1,1,0,18,4,8,0,0,0,0,1,1,2,1,28,6,-1,-1,-1,-1,1,-1
201522C501047,2,9,0,9,0,5,0,0,0,0,1,1,2,1,34,6,1149,1,10,-1,1,-1
201522C501052,1,90,0,18,0,0,0,4,0,0,3,1,6,1,22,5,-1,-1,-1,-1,1,-1
201522C501052,2,9,0,2,0,0,0,0,0,0,3,1,6,1,46,8,-1,-1,-1,-1,1,-1
201522C501052,3,9,0,2,0,0,0,0,0,0,3,1,6,3,-1,-1,1866,2,11,-1,1,-1
201522C501058,1,9,0,4,0,1,0,0,0,0,1,1,6,1,-1,-1,1587,1,18,-1,-1,-1
201522C501058,2,9,0,10,0,1,0,0,0,0,2,1,2,2,39,7,-1,-1,-1,-1,1,-1
201522C501060,1,9,0,4,0,0,0,4,0,0,1,1,6,1,24,5,1796,1,14,-1,1,-1
201522C501060,2,9,0,2,0,0,0,10,1,0,2,1,6,1,71,10,1968,2,7,-1,1,-1
201522C501060,3,9,0,2,0,0,0,0,0,0,2,1,6,2,38,7,1896,2,9,-1,1,-1
201522C501066,1,8,0,9,0,5,0,0,0,0,1,1,1,1,32,6,1560,2,1,-1,1,-1
201522C501075,1,9,0,3,0,0,0,0,0,0,2,1,1,1,29,6,999,1,1,-1,1,-1
201522C501075,2,9,0,4,0,0,0,0,0,0,2,1,1,2,50,8,1598,2,1,-1,1,-1
201522C501075,3,9,0,18,0,0,0,0,0,0,1,1,1,2,51,8,1968,2,6,-1,-1,-1
201522C501082,1,9,0,9,0,5,0,0,7,10,1,1,6,2,71,10,-1,-1,-1,-1,1,-1
201522C501082,2,9,0,18,0,8,0,0,0,0,1,1,6,1,26,6,-1,-1,-1,-1,3,-1
201522C501085,1,5,0,13,0,8,0,0,0,0,1,1,6,1,46,8,865,1,9,-1,2,-1
201522C501085,2,9,0,9,0,5,0,0,0,0,1,1,6,2,23,5,1242,1,11,-1,-1,-1
201522C501102,1,9,0,18,0,0,0,0,0,0,1,1,6,2,46,8,1349,1,4,-1,2,-1
201522C501102,2,21,0,18,0,0,0,0,0,0,3,2,1,1,26,6,-1,-1,-1,-1,-1,-1
201522C501120,1,9,0,18,0,1,0,0,0,0,1,1,6,1,79,11,-1,-1,-1,-1,3,-1
201522C501120,2,9,0,3,0,1,0,0,0,0,2,1,6,1,24,5,2979,1,12,-1,1,-1
201522C501120,3,9,0,3,0,1,0,0,0,0,2,1,6,2,46,8,1798,1,5,-1,1,-1
201522C501120,4,9,0,10,0,8,0,0,0,0,2,1,6,1,23,5,1248,2,11,-1,1,-1
201522C501127,1,21,1,14,7,0,0,0,0,0,1,1,1,1,57,9,12900,2,3,-1,-1,-1
201522C501127,2,21,1,2,6,0,0,0,0,0,2,1,1,1,36,7,12777,2,4,-1,1,-1
201522C501135,1,9,0,18,0,2,0,0,0,0,4,1,6,2,67,10,1390,1,12,-1,1,-1
201522C501141,1,5,0,18,0,1,0,0,0,0,1,1,6,1,23,5,645,1,10,-1,3,-1
201522C501141,2,9,0,3,0,1,0,0,0,0,2,1,6,2,30,6,1896,2,7,-1,1,-1
201522C501154,1,9,0,16,0,0,0,0,0,0,0,1,6,3,-1,-1,-1,-1,-1,-1,-1,-1
201522C501154,2,5,0,17,0,0,0,0,0,0,1,1,6,1,32,6,599,1,20,-1,1,-1
201522C501154,3,5,0,17,0,0,0,0,0,0,1,1,6,1,40,7,599,1,13,-1,1,-1
201522C501169,1,9,0,9,0,6,0,0,0,0,1,1,2,2,24,5,1598,2,5,-1,3,-1
201522C501169,2,9,0,18,0,8,0,0,0,0,1,1,2,2,47,8,1560,2,1,-1,3,-1
201522C501172,1,9,0,5,0,6,0,0,0,0,1,1,6,1,43,7,1896,2,10,-1,3,-1
201522C501172,2,9,0,18,0,8,0,0,0,0,4,1,1,1,51,8,1598,1,4,-1,1,-1
201522C501174,1,9,0,9,0,5,0,0,0,0,1,1,6,1,43,7,1896,2,10,-1,3,-1
201522C501174,2,9,0,18,0,1,0,0,0,0,3,1,6,1,54,8,1997,2,6,-1,1,-1
201522C501188,1,9,0,5,0,1,0,0,0,0,1,1,6,3,-1,-1,-1,-1,-1,-1,-1,-1
201522C501217,1,9,0,18,0,0,2,0,1,4,1,1,2,2,23,5,1598,1,9,-1,1,-1
201522C501223,1,1,0,14,0,1,0,0,0,0,4,1,6,1,59,9,-1,-1,-1,-1,-1,-1
201522C501223,2,9,0,3,0,1,0,0,0,0,3,1,6,1,57,9,1198,1,12,-1,1,-1
201522C501231,1,9,0,9,0,5,0,0,0,0,0,1,6,2,69,10,1991,2,5,-1,1,-1
201522C501231,2,1,0,18,0,1,0,0,0,0,0,1,6,1,43,7,-1,-1,-1,-1,3,-1
201522C501232,1,9,0,4,0,8,0,0,0,0,2,1,3,2,52,8,1149,1,15,-1,1,-1
201522C501232,2,2,0,18,0,1,0,0,0,0,1,1,6,1,16,4,49,1,6,-1,3,-1
201522C501233,1,9,0,18,0,0,0,0,0,0,1,1,6,2,47,8,1598,1,11,-1,1,-1
201522C501233,2,9,0,18,0,0,0,0,0,0,1,1,6,1,68,10,2231,2,8,-1,3,-1
201522C501233,3,9,0,4,0,0,0,0,0,0,2,1,6,2,20,4,-1,-1,-1,-1,-1,-1
201522C501233,4,9,0,4,0,0,0,0,0,0,0,1,6,3,34,6,1200,1,2,-1,1,-1
201522C501238,1,2,0,18,0,1,0,0,0,0,1,1,2,1,17,4,49,1,10,-1,1,-1
201522C501238,2,9,0,9,0,6,0,0,0,0,3,1,6,2,32,6,1598,2,3,-1,3,-1
201522C501244,1,19,0,5,0,0,0,0,0,0,1,1,1,1,52,8,2287,2,5,-1,3,-1
201522C501244,2,1,0,18,0,0,0,0,0,0,1,1,6,1,6,2,-1,-1,-1,-1,1,-1
201522C501254,1,9,0,17,0,2,0,0,1,10,1,1,6,1,34,6,1598,1,10,-1,1,-1
201522C501260,1,9,0,18,0,0,0,0,0,0,4,1,6,2,18,4,1360,1,6,-1,1,-1
201522C501280,1,9,0,9,0,6,0,0,7,0,3,1,6,2,19,4,1396,1,11,-1,1,-1
201522C501280,2,9,0,18,0,8,0,0,0,0,1,1,6,1,44,7,2000,1,8,-1,2,-1
201522C501282,1,9,0,18,0,1,0,0,0,0,1,1,2,2,36,7,1995,2,5,-1,3,-1
201522C501282,2,9,0,4,0,1,0,0,0,0,2,1,2,2,22,5,1598,2,3,-1,3,-1
201522C501283,1,9,0,18,0,0,0,0,0,0,1,1,6,1,74,10,-1,-1,-1,-1,1,-1
201522C501283,2,9,0,18,0,0,0,0,0,0,3,1,6,1,42,7,-1,-1,-1,-1,1,-1
201522C501283,3,9,0,18,0,0,0,0,0,0,1,1,6,1,28,6,1686,2,10,-1,1,-1
201522C501290,1,9,0,18,0,0,0,0,1,0,1,1,6,1,22,5,-1,-1,-1,-1,-1,-1
201522C501291,1,9,0,5,0,6,0,0,0,0,4,1,2,1,38,7,1796,1,7,-1,2,-1
201522C501291,2,5,0,13,0,1,1,0,1,10,1,1,6,1,45,7,998,1,6,-1,2,-1
201522C501313,1,1,0,18,0,0,0,0,0,0,4,1,6,1,40,7,-1,-1,-1,-1,3,-1
201522C501313,2,21,0,13,0,0,0,0,0,0,0,1,1,3,-1,-1,-1,-1,-1,-1,-1,-1
201522C501322,1,9,0,17,0,8,0,0,1,3,1,1,6,1,20,4,1596,1,11,-1,1,-1
201522C501323,1,9,0,14,0,0,2,0,1,4,1,1,6,1,25,5,1984,1,19,-1,3,-1
201522C501323,2,9,0,18,0,0,0,0,0,0,1,1,6,2,75,10,998,1,5,-1,3,-1
201522C501329,1,5,0,16,0,0,1,10,1,9,4,1,6,1,53,8,898,1,2,-1,3,-1
201522C501352,1,21,0,4,0,0,1,0,0,0,1,1,1,1,51,8,11967,2,5,-1,1,-1
201522C501352,2,21,1,4,0,0,0,0,0,0,2,1,1,1,47,8,12740,2,3,-1,1,-1
201522C501355,1,21,1,18,0,8,0,0,0,0,1,1,1,1,44,7,11021,2,12,-1,2,-1
201522C501355,2,9,0,5,0,7,0,0,0,0,3,1,1,1,41,7,1984,2,2,-1,1,-1
201522C501367,1,9,0,5,0,2,0,10,1,10,4,1,6,2,24,5,-1,-1,-1,-1,-1,-1
201522C501373,1,9,0,9,0,5,1,0,0,0,1,1,6,2,71,10,999,1,-1,-1,1,-1
201522C501373,2,9,0,18,0,8,1,0,0,0,1,1,6,1,45,7,-1,-1,-1,-1,1,-1
201522C501373,3,9,0,10,0,1,0,0,0,0,1,1,6,2,54,8,2401,2,11,-1,1,-1
201522C501374,1,9,0,5,0,1,0,0,0,0,1,1,6,3,-1,-1,1995,2,4,-1,-1,-1
201522C501377,1,9,0,16,0,0,1,0,7,0,1,1,6,1,21,5,-1,-1,-1,-1,1,-1
201522C501391,1,9,0,4,0,2,0,0,0,0,2,1,6,1,32,6,-1,-1,-1,-1,1,-1
201522C501391,2,9,0,18,0,2,0,0,0,0,1,1,6,1,28,6,1686,2,7,-1,1,-1
201522C501393,1,9,0,16,0,0,0,0,0,0,2,1,6,1,49,8,1598,1,5,-1,1,-1
201522C501393,2,9,0,16,0,0,0,0,0,0,2,1,6,1,29,6,1753,2,7,-1,1,-1
201522C501393,3,9,0,16,0,0,1,0,4,6,1,1,6,2,27,6,1798,2,3,-1,1,-1
201522C501400,1,9,0,5,0,8,0,0,0,0,1,1,6,1,46,8,1598,1,6,-1,1,-1
201522C501400,2,1,0,5,0,6,0,0,0,0,1,1,6,1,13,3,-1,-1,-1,-1,1,-1
201522C501423,1,9,0,14,0,0,0,0,0,0,1,1,6,1,65,9,1388,1,5,-1,1,-1
201522C501423,2,9,0,5,0,0,0,0,0,0,3,1,6,1,37,7,2172,2,13,-1,1,-1
201522C501428,1,9,0,18,0,0,0,0,0,0,3,1,2,2,55,8,-1,-1,-1,-1,1,-1
201522C501428,2,9,0,18,0,0,0,0,0,0,3,1,6,1,67,10,1364,1,1,-1,1,-1
201522C501448,1,21,0,7,0,6,0,0,1,2,1,1,1,1,40,7,6870,2,3,-1,-1,-1
201522C501449,1,9,0,7,0,4,0,0,0,0,3,1,2,1,35,6,1422,2,6,-1,2,-1
201522C501449,2,1,0,18,0,8,0,0,0,0,4,1,6,2,50,8,-1,-1,-1,-1,1,-1
201522C501465,1,9,0,9,0,6,0,0,0,0,1,1,6,1,39,7,1560,2,9,-1,1,-1
201522C501470,1,9,0,18,0,0,1,0,0,0,1,1,6,1,25,5,3246,1,12,-1,1,-1
201522C501470,2,9,0,18,0,0,0,0,0,0,3,1,6,2,42,7,1339,1,9,-1,1,-1
201522C501470,3,9,0,18,0,0,0,0,0,0,3,1,6,1,49,8,1399,1,9,-1,1,-1
201522C501470,4,9,0,18,0,0,0,0,0,0,1,1,6,1,36,7,1998,2,7,-1,3,-1
201522C501476,1,11,0,18,0,8,0,0,0,0,1,1,1,1,32,6,8268,2,14,-1,3,-1
201522C501476,2,9,0,9,0,5,0,0,0,0,2,1,6,2,23,5,1364,2,8,-1,1,-1
201522C501487,1,3,0,4,0,1,0,0,0,0,3,1,6,2,20,4,99,1,30,-1,3,-1
201522C501491,1,9,0,17,0,0,0,0,2,10,1,1,2,1,53,8,-1,-1,-1,-1,3,-1
201522C501512,1,9,0,5,0,6,0,0,0,0,0,1,6,1,69,10,2497,2,8,-1,3,-1
201522C501512,2,1,0,18,0,8,0,0,0,0,3,1,6,1,34,6,-1,-1,-1,-1,1,-1