Accident_Index,Vehicle_Reference,Vehicle_Type,Towing_and_Articulation,Vehicle_Manoeuvre,Vehicle_Location-Restricted_Lane,Junction_Location,Skidding_and_Overturning,Hit_Object_in_Carriageway,Vehicle_Leaving_Carriageway,Hit_Object_off_Carriageway,1st_Point_of_Impact,Was_Vehicle_Left_Hand_Drive?,Journey_Purpose_of_Driver,Sex_of_Driver,Age_of_Driver,Age_Band_of_Driver,Engine_Capacity_(CC),Propulsion_Code,Age_of_Vehicle,Driver_IMD_Decile,Driver_Home_Area_Type,Vehicle_IMD_Decile
201522C501520,1,9,0,7,0,6,0,0,0,0,1,1,6,1,52,8,1951,2,9,-1,1,-1
201522C501520,2,1,0,4,0,8,0,0,0,0,3,1,6,2,43,7,-1,-1,-1,-1,1,-1
201522C501527,1,9,0,1,0,1,0,0,0,0,2,1,6,1,27,6,1397,1,14,-1,1,-1
201522C501527,2,9,0,10,0,1,0,0,0,0,1,1,6,2,49,8,998,1,1,-1,3,-1
201522C501532,1,9,0,18,0,0,0,0,0,0,0,1,6,2,59,9,1461,2,5,-1,3,-1
201522C501532,2,9,0,12,0,0,0,0,5,6,3,1,6,3,-1,-1,-1,-1,-1,-1,-1,-1
201522C501532,3,9,0,18,0,0,0,0,4,6,3,1,6,1,28,6,1796,1,13,-1,1,-1
201522C501532,4,9,0,18,0,0,0,0,0,0,1,1,6,1,28,6,1360,1,16,-1,1,-1
201522C501532,5,9,0,18,0,0,0,11,0,0,3,1,6,1,35,6,2987,2,3,-1,-1,-1
201522C501533,1,9,0,7,0,6,0,0,0,0,3,1,6,3,-1,-1,-1,-1,-1,-1,-1,-1
201522C501544,1,9,0,13,0,0,0,0,1,3,1,1,6,2,27,6,1396,1,12,-1,1,-1
201522C501544,2,9,0,18,0,0,0,11,0,0,1,1,6,1,57,9,-1,-1,-1,-1,1,-1
201522C501544,3,19,0,18,0,0,0,11,0,0,1,1,1,1,52,8,1995,2,5,-1,1,-1
201522C501550,1,19,0,18,0,0,0,0,0,0,2,1,6,2,41,7,1753,2,11,-1,3,-1
201522C501550,2,9,0,18,0,0,0,0,0,0,1,1,6,3,-1,-1,-1,-1,-1,-1,-1,-1
201522C501560,1,9,0,4,0,1,0,0,0,0,1,1,6,3,-1,-1,1149,1,3,-1,1,-1
201522C501560,2,9,0,8,0,1,0,0,0,0,2,1,6,2,19,4,1149,1,8,-1,1,-1
201522C501565,1,5,0,16,0,0,0,0,0,0,4,1,6,1,54,8,1584,1,8,-1,2,-1
201522C501565,2,9,0,6,8,0,0,0,0,0,0,1,6,1,53,8,-1,-1,-1,-1,2,-1
201522C501580,1,19,0,2,0,8,0,0,0,0,4,1,1,1,44,7,2179,2,8,-1,3,-1
201522C501580,2,9,0,5,0,8,0,0,0,0,3,1,6,3,-1,-1,-1,-1,-1,-1,-1,-1
201522C501586,1,9,0,9,0,5,0,0,0,0,1,1,6,1,30,6,-1,-1,-1,-1,3,-1
201522C501586,2,9,0,18,0,8,0,0,0,0,1,1,6,2,68,10,1395,1,-1,-1,1,-1
201522C501587,1,9,0,18,0,0,0,0,0,0,4,1,6,1,64,9,1995,2,3,-1,3,-1
201522C501587,2,9,0,2,0,0,0,0,0,0,0,1,6,1,43,7,1956,2,4,-1,1,-1
201522C501604,1,9,0,7,0,5,0,0,0,0,4,1,6,1,45,7,2143,2,2,-1,3,-1
201522C501604,2,1,0,18,0,8,0,0,0,0,3,1,6,1,36,7,-1,-1,-1,-1,2,-1
201522C501617,1,9,0,18,0,8,0,0,0,0,1,1,6,2,46,8,998,1,5,-1,2,-1
201522C501617,2,9,0,9,0,5,0,0,0,0,2,1,6,2,47,8,1598,1,12,-1,3,-1
201522C501619,1,9,0,9,0,6,0,0,0,0,1,1,6,2,62,9,1995,2,8,-1,2,-1
201522C501619,2,1,0,9,0,5,0,0,0,0,1,1,6,1,47,8,-1,-1,-1,-1,2,-1
201522C501632,1,9,0,18,0,0,0,0,1,3,1,1,6,1,29,6,1149,1,13,-1,1,-1
201522C501634,1,9,0,4,0,8,0,0,0,0,1,1,6,1,66,10,1968,2,2,-1,-1,-1
201522C501634,2,9,0,9,0,5,0,0,0,0,1,1,6,2,51,8,2184,2,9,-1,3,-1
201522C501635,1,9,0,17,0,0,1,10,7,10,4,1,6,2,18,4,1242,1,9,-1,1,-1
201522C501636,1,9,0,18,0,8,5,0,0,0,1,1,6,2,33,6,1198,1,4,-1,1,-1
201522C501636,2,9,0,10,0,8,0,0,0,0,2,1,6,2,31,6,1149,1,10,-1,1,-1
201522C501636,3,9,0,18,0,8,0,0,0,0,3,1,6,2,39,7,2967,2,1,-1,1,-1
201522C501636,4,19,0,8,9,8,0,0,0,0,3,1,6,1,67,10,1995,2,8,-1,1,-1
201522C501640,1,9,0,9,0,5,0,0,0,0,3,1,2,1,49,8,1984,1,13,-1,1,-1
201522C501640,2,2,0,14,0,8,0,0,0,0,1,1,6,1,17,4,50,1,1,-1,-1,-1
201522C501642,1,4,0,14,0,0,0,0,0,0,1,1,6,3,-1,-1,-1,-1,-1,-1,-1,-1
201522C501644,1,9,0,4,0,1,0,0,0,0,1,1,6,1,32,6,-1,-1,-1,-1,-1,-1
201522C501644,2,9,0,8,0,1,0,0,0,0,2,1,2,1,35,6,1360,1,12,-1,1,-1
201522C501648,1,9,0,9,0,6,0,0,1,10,3,1,6,1,83,11,1396,1,13,-1,3,-1
201522C501648,2,9,0,18,0,8,0,0,0,0,1,1,6,2,77,11,2494,1,11,-1,3,-1
201522C501654,1,9,0,16,0,0,0,0,0,0,0,1,6,3,-1,-1,-1,-1,-1,-1,-1,-1
201522C501654,2,2,0,17,0,0,1,0,0,0,3,1,6,1,16,4,50,1,-1,-1,3,-1
201522C501663,1,9,0,3,0,4,0,0,0,0,1,1,6,1,41,7,-1,-1,-1,-1,3,-1
201522C501663,2,9,0,3,0,4,0,0,0,0,2,1,6,1,61,9,-1,-1,-1,-1,1,-1
201522C501664,1,9,0,5,0,0,0,0,0,0,1,1,1,1,60,9,1560,2,5,-1,1,-1
201522C501664,2,9,0,5,0,0,0,0,0,0,2,1,1,1,60,9,2926,2,14,-1,3,-1
201522C501664,3,9,0,5,0,0,0,0,0,0,2,1,1,1,49,8,1198,1,1,-1,1,-1
201522C501665,1,9,0,18,0,0,0,0,1,0,1,1,6,1,16,4,1275,1,16,-1,1,-1
201522C501665,2,9,0,4,0,0,2,0,1,0,2,1,1,1,52,8,1951,2,11,-1,1,-1
201522C501666,1,9,0,5,0,4,0,0,0,0,1,1,2,1,60,9,1997,2,10,-1,-1,-1
201522C501666,2,3,0,4,0,1,0,0,0,0,2,1,2,1,50,8,125,1,3,-1,1,-1
201522C501674,1,9,0,4,0,0,0,0,0,0,1,1,1,2,55,8,1798,1,6,-1,1,-1
201522C501674,2,9,0,4,0,0,0,0,0,0,2,1,1,1,41,7,-1,-1,-1,-1,1,-1
201522C501679,1,9,0,18,0,2,0,0,0,0,1,1,6,1,55,8,1895,1,16,-1,1,-1
201522C501681,1,9,0,17,0,0,2,0,1,4,1,1,6,1,17,4,1242,1,11,-1,2,-1
201522C501685,1,21,1,9,0,8,5,0,1,2,4,1,1,1,68,10,12900,2,5,-1,-1,-1
201522C501698,1,9,0,9,0,5,0,0,0,0,3,1,2,1,37,7,1995,2,11,-1,1,-1
201522C501698,2,1,0,18,9,8,0,0,0,0,1,1,6,1,51,8,-1,-1,-1,-1,1,-1
201522C501705,1,19,0,3,0,0,0,0,0,0,2,1,6,1,30,6,2198,2,2,-1,1,-1
201522C501705,2,9,0,3,0,0,0,0,0,0,2,1,6,2,86,11,998,1,5,-1,1,-1
201522C501705,3,9,0,4,0,0,1,0,0,0,1,1,6,1,54,8,-1,-1,-1,-1,3,-1
201522C501717,1,9,0,9,0,5,0,0,0,0,1,1,6,1,35,6,1596,1,10,-1,1,-1
201522C501717,2,1,0,18,0,6,0,0,0,0,3,1,6,1,39,7,-1,-1,-1,-1,1,-1
201522C501738,1,9,0,18,0,1,0,0,0,0,1,1,6,1,85,11,1229,1,8,-1,2,-1
201522C501738,2,9,0,3,0,1,0,0,0,0,2,1,6,1,31,6,1596,1,6,-1,1,-1
201522C501738,3,9,0,10,0,1,0,0,0,0,2,1,6,2,68,10,1339,1,7,-1,3,-1
201522C501748,1,9,0,7,0,4,0,0,0,0,3,1,1,1,33,6,1995,2,11,-1,1,-1
201522C501748,2,1,0,18,0,8,0,0,0,0,2,1,6,1,44,7,-1,-1,-1,-1,1,-1
201522C501762,1,9,0,12,0,0,0,0,0,0,1,1,1,1,34,6,1560,2,3,-1,1,-1
201522C501762,2,9,0,18,0,0,0,0,0,0,2,1,6,2,59,9,1560,2,6,-1,1,-1
201522C501775,1,9,0,4,0,1,0,0,0,0,3,1,6,2,35,6,1995,2,12,-1,1,-1
201522C501775,2,5,0,13,0,1,0,0,0,0,4,1,6,1,38,7,1250,1,15,-1,1,-1
201522C501788,1,21,1,4,0,0,0,0,0,0,2,1,1,1,50,8,10308,2,7,-1,1,-1
201522C501788,2,9,0,18,0,0,5,0,0,0,3,1,2,1,63,9,1997,2,9,-1,1,-1
201522C501795,1,9,0,18,0,2,0,0,0,0,1,1,2,2,53,8,1598,1,13,-1,1,-1
201522C501801,1,9,0,16,0,0,0,0,6,10,1,1,6,1,23,5,2300,1,30,-1,1,-1
201522C501805,1,19,0,17,0,0,5,0,1,9,2,1,6,1,46,8,1868,2,15,-1,3,-1
201522C501807,1,9,0,18,0,0,0,0,0,0,1,1,2,2,39,7,1596,1,8,-1,1,-1
201522C501807,2,9,0,14,0,0,0,4,0,0,1,1,6,1,56,9,998,1,14,-1,1,-1
201522C501807,3,9,0,2,0,0,0,0,0,0,3,1,6,1,23,5,1341,1,14,-1,2,-1
201522C501821,1,9,0,4,9,0,0,0,0,0,1,1,3,3,-1,-1,-1,-1,-1,-1,-1,-1
201522C501826,1,1,0,18,0,8,0,0,0,0,3,1,6,1,49,8,-1,-1,-1,-1,1,-1
201522C501826,2,19,0,7,0,8,0,0,0,0,4,1,2,1,38,7,2477,2,14,-1,1,-1
201522C501830,1,9,0,5,0,6,0,0,0,0,3,1,6,1,33,6,1999,1,2,-1,1,-1
201522C501830,2,5,0,18,0,8,0,0,0,0,1,1,6,1,30,6,999,1,8,-1,1,-1
201522C501831,1,9,0,12,0,1,0,0,0,0,3,1,6,3,-1,-1,-1,-1,-1,-1,-1,-1
201522C501831,2,9,0,18,0,1,0,0,0,0,4,1,6,1,29,6,-1,-1,-1,-1,1,-1
201522C501835,1,5,0,13,0,0,0,0,0,0,1,1,2,1,51,8,1137,1,17,-1,1,-1
201522C501835,2,9,0,17,0,0,0,0,0,0,3,1,2,1,60,9,1490,1,8,-1,1,-1
201522C501835,3,19,0,16,0,0,0,0,0,0,3,1,2,1,40,7,1968,2,-1,-1,1,-1
201522C501839,1,1,0,18,0,8,0,0,0,0,3,1,2,1,29,6,-1,-1,-1,-1,1,-1
201522C501839,2,9,0,9,0,6,0,0,0,0,1,1,2,2,64,9,1753,2,9,-1,1,-1
201522C501843,1,9,0,5,0,4,0,0,0,0,1,1,6,2,56,9,999,1,1,-1,1,-1
201522C501843,2,9,0,3,0,1,0,0,0,0,2,1,6,1,42,7,1870,2,12,-1,1,-1
201522C501853,1,9,0,3,0,0,0,0,0,0,2,1,3,2,27,6,-1,-1,-1,-1,3,-1
201522C501853,2,1,0,18,0,0,0,0,0,0,1,1,4,1,14,3,-1,-1,-1,-1,3,-1
201522C501856,1,9,0,18,0,8,0,0,1,10,3,1,1,2,31,6,1686,2,2,-1,-1,-1
201522C501856,2,21,1,18,0,6,0,0,0,0,1,1,1,1,47,8,6870,2,5,-1,-1,-1
201522C501856,3,9,0,18,0,2,0,0,0,0,0,1,6,3,-1,-1,-1,-1,-1,-1,-1,-1
201522C501859,1,9,0,9,0,5,0,0,0,0,1,1,6,2,31,6,-1,-1,-1,-1,1,-1
201522C501859,2,9,0,18,0,8,0,0,0,0,1,1,6,1,29,6,1493,1,17,-1,1,-1
201522C501860,1,9,0,9,0,5,0,0,0,0,3,1,6,1,56,9,-1,-1,-1,-1,3,-1
201522C501860,2,9,0,13,0,8,0,0,0,0,1,1,6,1,18,4,1560,2,7,-1,2,-1
201522C501866,1,9,0,4,0,0,0,0,0,0,1,1,1,1,26,6,-1,-1,-1,-1,3,-1
201522C501866,2,9,0,3,0,0,0,0,0,0,2,1,6,2,62,9,1389,1,21,-1,2,-1
201522C501866,3,9,0,3,0,0,0,0,0,0,2,1,6,2,72,10,1398,1,-1,-1,1,-1
201522C501868,1,9,0,9,0,5,0,0,0,0,3,1,2,2,48,8,1598,2,1,-1,1,-1
201522C501868,2,1,0,14,0,8,0,0,0,0,1,1,2,1,43,7,-1,-1,-1,-1,1,-1
201522C501869,1,9,0,18,0,0,0,0,0,0,1,1,6,2,54,8,2461,2,10,-1,3,-1
201522C501869,2,9,0,4,0,0,0,0,0,0,2,1,6,2,32,6,1896,2,13,-1,2,-1
201522C501869,3,9,0,3,0,0,0,0,0,0,2,1,6,2,29,6,1149,1,17,-1,2,-1
201522C501870,1,19,0,16,0,1,0,0,0,0,1,1,1,1,22,5,2198,2,7,-1,1,-1
201522C501870,2,9,0,3,0,1,0,0,0,0,2,1,6,1,61,9,1910,2,8,-1,3,-1
201522C501870,3,19,0,3,0,1,0,0,0,0,2,1,1,1,42,7,-1,-1,-1,-1,1,-1
201522C501872,1,9,0,9,0,6,0,0,0,0,1,1,2,2,46,8,1988,1,9,-1,1,-1
201522C501872,2,9,0,18,0,8,0,0,0,0,1,1,6,1,35,6,998,1,2,-1,-1,-1
201522C501879,1,9,0,18,0,0,0,0,0,0,1,1,1,1,42,7,2000,2,4,-1,1,-1
201522C501879,2,9,0,4,0,0,0,0,0,0,2,1,1,1,51,8,2993,2,-1,-1,3,-1
201522C501879,3,9,0,4,0,0,0,0,0,0,2,1,1,2,51,8,1968,2,4,-1,3,-1
201522C501892,1,21,1,9,0,6,0,0,0,0,1,1,1,1,47,8,12419,2,6,-1,1,-1
201522C501892,2,1,0,5,0,6,0,0,0,0,1,1,6,1,62,9,-1,-1,-1,-1,3,-1
201522C501893,1,9,0,18,0,0,0,0,0,0,3,1,6,1,-1,-1,1598,2,2,-1,-1,-1
201522C501897,1,9,0,17,0,0,0,0,0,0,0,1,6,3,-1,-1,-1,-1,-1,-1,-1,-1
201522C501897,2,11,0,4,0,0,0,0,0,0,0,1,1,1,47,8,-1,-1,-1,-1,1,-1
201522C501910,1,9,0,9,0,5,0,0,7,10,1,1,6,1,71,10,1329,1,2,-1,3,-1
201522C501910,2,9,0,18,0,8,0,0,1,0,1,1,6,1,27,6,1988,1,14,-1,1,-1
201522C501919,1,9,0,9,0,5,0,0,0,0,4,1,6,1,27,6,1461,2,6,-1,3,-1
201522C501919,2,3,0,18,0,8,0,0,0,0,1,1,2,1,19,4,124,1,-1,-1,1,-1
201522C501920,1,9,0,17,0,0,1,0,1,0,3,1,2,1,29,6,1999,1,8,-1,1,-1
201522C501920,2,9,0,16,0,0,0,0,0,0,3,1,2,2,24,5,1240,1,9,-1,1,-1
201522C501929,1,19,0,7,0,6,0,0,0,0,1,1,2,1,52,8,2987,2,4,-1,3,-1
201522C501929,2,1,0,7,0,6,0,0,0,0,2,1,6,1,37,7,-1,-1,-1,-1,1,-1
201522C501939,1,9,0,4,0,0,0,0,0,0,2,1,6,2,34,6,999,1,-1,-1,1,-1
201522C501939,2,9,0,4,0,0,0,0,0,0,2,1,6,2,19,4,1598,1,3,-1,1,-1
201522C501939,3,9,0,4,0,0,0,0,0,0,1,1,6,2,56,9,1390,1,4,-1,1,-1
201522C501951,1,9,0,17,0,0,0,0,7,10,1,1,6,1,84,11,-1,-1,-1,-1,2,-1
201522C501952,1,9,0,18,0,8,0,0,0,0,1,1,1,1,27,6,2199,2,3,-1,1,-1
201522C501952,2,9,0,4,0,8,0,0,0,0,2,1,6,2,41,7,1896,2,9,-1,3,-1
201522C501952,3,9,0,3,0,8,0,0,0,0,2,1,6,2,69,10,1560,2,3,-1,3,-1
201522C501958,1,9,0,18,0,1,0,0,0,0,1,1,6,2,80,11,1339,1,3,-1,1,-1
201522C501958,2,21,1,1,0,6,0,0,0,0,2,1,1,1,42,7,11705,2,9,-1,2,-1
201522C501961,1,9,0,2,0,0,0,0,0,0,2,1,3,2,39,7,1198,1,1,-1,2,-1
201522C501961,2,9,0,14,0,0,0,4,0,0,1,1,6,2,40,7,1598,1,14,-1,3,-1
201522C501966,1,90,0,4,9,8,0,0,7,0,1,1,6,2,40,7,-1,-1,-1,-1,1,-1
201522C501975,1,9,0,3,0,0,0,0,0,0,2,1,6,1,41,7,2495,2,13,-1,2,-1
201522C501975,2,9,0,12,0,0,0,0,0,0,4,1,6,2,62,9,1395,1,1,-1,1,-1
201522C501979,1,19,0,18,0,0,0,0,0,0,4,1,2,1,27,6,2198,2,2,-1,1,-1
201522C501982,1,9,0,18,0,8,0,0,0,0,3,1,1,1,24,5,1422,2,12,-1,2,-1
201522C501984,1,2,0,5,0,6,0,0,0,0,1,1,6,1,16,4,49,1,5,-1,1,-1
201522C501984,2,9,0,17,0,8,0,0,0,0,4,1,6,2,76,11,998,1,8,-1,1,-1
201522C502003,1,19,0,18,0,2,0,0,0,0,1,1,6,1,51,8,2198,2,3,-1,-1,-1
201522C502003,2,9,0,3,0,2,0,0,0,0,2,1,3,2,40,7,1997,2,12,-1,1,-1
201522C502012,1,9,0,10,0,1,0,0,0,0,2,1,6,2,61,9,1994,1,12,-1,3,-1
201522C502012,2,9,0,9,0,4,0,0,0,0,1,1,6,2,69,10,-1,-1,-1,-1,3,-1
201522C502020,1,9,0,18,0,0,0,0,0,0,1,1,6,1,30,6,1198,1,11,-1,2,-1
201522C502020,2,9,0,18,0,0,0,0,0,0,2,1,6,1,26,6,1984,1,6,-1,1,-1
201522C502020,3,9,0,18,0,0,0,0,0,0,2,1,6,1,44,7,2987,2,9,-1,1,-1
201522C502023,1,90,0,2,9,1,0,0,0,0,4,1,1,1,46,8,-1,-1,-1,-1,-1,-1
201522C502023,2,9,0,1,9,6,0,4,0,0,4,1,6,2,88,11,998,1,12,-1,1,-1
201522C502024,1,9,0,1,0,5,0,0,0,0,3,1,6,3,-1,-1,1399,2,3,-1,-1,-1
201522C502028,1,9,0,18,0,2,0,0,0,0,4,1,6,1,30,6,1560,2,8,-1,2,-1
201522C502028,2,9,0,18,0,2,0,0,0,0,3,1,6,2,23,5,1997,2,8,-1,1,-1
201522C502073,1,9,0,18,0,0,0,0,0,0,4,1,6,1,-1,-1,-1,-1,-1,-1,-1,-1
201522C502091,1,9,0,6,0,0,0,0,0,0,1,1,6,1,50,8,1896,2,10,-1,1,-1
201522C502091,2,5,0,14,0,0,0,0,7,7,1,1,6,1,54,8,595,1,12,-1,2,-1
201522C502094,1,9,0,17,0,0,1,10,1,10,1,1,6,2,18,4,1598,1,12,-1,1,-1
201522C502098,1,5,0,16,0,8,1,0,7,9,1,1,6,1,69,10,-1,-1,-1,-1,1,-1
201522C502099,1,9,0,13,0,0,0,0,0,0,4,1,6,1,81,11,1798,1,3,-1,3,-1
201522C502099,2,1,0,18,0,0,0,0,0,0,3,1,6,2,76,11,-1,-1,-1,-1,1,-1
201522C502102,1,9,0,5,0,0,0,10,1,10,1,1,6,1,87,11,1364,1,8,-1,1,-1
201522C502124,1,9,0,5,0,0,5,4,0,0,1,1,6,2,55,8,1596,1,-1,-1,1,-1
201522C502124,2,9,0,2,0,0,0,0,0,0,4,1,6,2,50,8,1598,1,6,-1,1,-1
201522C502124,3,9,0,2,0,0,0,0,0,0,3,1,6,2,45,7,1997,2,10,-1,1,-1
201522C502145,1,9,0,16,0,0,1,0,1,9,1,1,6,2,30,6,1560,2,10,-1,1,-1
201522C502148,1,9,0,18,0,0,0,4,0,0,1,1,6,1,26,6,1396,1,13,-1,1,-1
201522C502148,2,19,0,2,0,0,0,0,0,0,1,1,1,1,43,7,2143,2,5,-1,-1,-1
201522C502166,1,9,0,18,0,1,0,0,0,0,1,1,6,2,37,7,1896,2,12,-1,1,-1
201522C502166,2,9,0,4,0,1,0,0,0,0,2,1,6,1,23,5,1984,1,12,-1,-1,-1
201522C502177,1,19,0,18,0,0,5,4,0,0,1,1,1,1,26,6,1598,2,-1,-1,1,-1
201522C502177,2,8,0,2,0,0,0,4,0,0,2,1,6,1,41,7,2664,2,15,-1,1,-1
201522C502177,3,9,0,2,0,0,0,4,0,0,2,1,6,1,40,7,-1,-1,-1,-1,1,-1
201522C502177,4,9,0,2,0,0,0,4,0,0,2,1,6,1,40,7,1198,1,12,-1,1,-1
201522C502179,1,9,0,18,0,0,0,0,5,6,1,1,6,1,29,6,1900,2,15,-1,1,-1
201522C502179,2,21,1,18,0,0,0,0,0,0,1,1,1,1,62,9,12900,2,4,-1,-1,-1
201522C502179,3,9,0,4,0,0,0,0,0,0,2,1,6,1,25,5,1368,1,6,-1,1,-1
201522C502179,4,21,1,18,0,0,0,0,0,0,2,1,1,1,53,8,12900,2,8,-1,1,-1
201522C502181,1,9,0,18,0,0,0,0,0,0,4,1,6,1,66,10,999,1,8,-1,1,-1
201522C502182,1,9,0,18,0,0,0,0,0,0,3,1,6,1,76,11,-1,-1,-1,-1,1,-1
201522C502182,2,5,0,13,0,0,1,0,7,2,4,1,6,1,24,5,998,1,1,-1,1,-1
201522C502184,1,9,0,5,0,6,0,0,7,10,1,1,6,1,66,10,3199,1,19,-1,1,-1
201522C502184,2,9,0,18,0,8,0,0,1,10,3,1,6,1,67,10,-1,-1,-1,-1,1,-1
201522C502189,1,9,0,8,0,1,0,0,0,0,2,1,6,2,40,7,1900,2,15,-1,3,-1
201522C502189,2,9,0,4,0,1,0,0,0,0,1,1,6,1,27,6,1396,1,11,-1,3,-1
201522C502191,1,9,0,18,0,1,0,0,0,0,1,1,6,1,64,9,1597,1,17,-1,1,-1
201522C502192,1,9,0,10,0,8,0,0,0,0,2,1,6,2,40,7,1299,1,12,-1,1,-1
201522C502192,2,5,0,15,0,8,1,0,0,0,1,1,6,1,38,7,998,1,10,-1,-1,-1
201522C502196,1,9,0,4,0,1,0,0,0,0,2,1,6,2,56,9,1390,1,6,-1,1,-1
201522C502196,2,19,0,4,0,1,0,0,0,0,1,1,6,1,57,9,1598,2,2,-1,-1,-1
201522C502226,1,9,0,9,0,5,0,0,0,0,2,1,2,1,34,6,1461,2,5,-1,1,-1
201522C502226,2,2,0,14,0,8,0,0,0,0,1,1,6,2,16,4,49,1,-1,-1,1,-1
201522C502227,1,9,0,18,0,8,0,0,0,0,1,1,1,2,35,6,1596,1,5,-1,1,-1
201522C502228,1,9,0,18,0,4,0,0,0,0,1,1,6,3,-1,-1,1998,1,12,-1,-1,-1
201522C502228,2,9,0,10,0,1,0,0,0,0,2,1,6,2,70,10,1199,1,10,-1,1,-1
201522C502242,1,9,0,18,0,0,1,0,0,0,1,1,6,1,48,8,1997,2,12,-1,1,-1
201522C502255,1,9,0,18,0,0,0,0,0,0,4,1,6,2,43,7,2902,2,10,-1,1,-1
201522C502264,1,9,0,7,0,5,0,0,0,10,4,1,6,2,56,9,1994,2,10,-1,1,-1
201522C502267,1,9,0,3,0,1,0,0,0,0,2,1,3,2,27,6,1896,2,21,-1,1,-1
201522C502267,2,19,0,18,0,1,0,0,0,0,1,1,1,1,46,8,2198,2,5,-1,1,-1
201522C502297,1,9,0,18,0,8,1,0,0,0,1,1,6,1,73,10,1390,1,5,-1,1,-1
201522C502297,2,9,0,3,0,8,0,0,0,0,2,1,6,1,61,9,2204,2,6,-1,1,-1
201522C502297,3,9,0,10,0,8,0,0,0,0,2,1,6,1,39,7,1598,2,-1,-1,1,-1
201522C502312,1,9,0,18,0,0,0,0,0,0,4,1,6,1,32,6,1388,1,12,-1,1,-1
201522C502314,1,9,0,13,0,0,0,0,1,9,4,1,2,2,20,4,998,1,1,-1,-1,-1
201522C502314,2,11,0,18,0,0,0,0,0,0,3,1,1,1,72,10,4461,2,4,-1,1,-1
201522C502317,1,9,0,18,0,0,0,10,1,10,1,1,6,2,35,6,1240,1,12,-1,1,-1
201522C502325,1,19,0,16,0,3,0,0,0,0,1,1,1,1,42,7,2198,2,2,-1,1,-1
201522C502325,2,9,0,3,0,3,0,0,0,0,2,1,6,1,32,6,1598,1,13,-1,1,-1
201522C502333,1,9,0,5,0,4,0,0,0,0,4,1,2,2,24,5,1398,1,13,-1,3,-1
201522C502333,2,1,0,5,0,4,0,0,0,0,1,1,2,2,37,7,-1,-1,-1,-1,-1,-1
201522C502334,1,5,0,14,0,8,0,0,0,0,1,1,6,1,57,9,1584,1,8,-1,1,-1
201522C502334,2,9,0,10,0,8,0,0,0,0,2,1,6,2,64,9,1339,1,4,-1,1,-1
201522C502338,1,9,0,9,0,6,0,0,0,0,1,1,6,1,24,5,1199,1,11,-1,1,-1
201522C502338,2,9,0,18,0,8,0,0,0,0,3,1,6,1,56,9,4999,1,-1,-1,-1,-1
201522C502344,1,9,0,16,0,8,0,0,0,0,1,1,1,2,40,7,1596,1,3,-1,1,-1
201522C502344,2,9,0,17,0,8,0,0,1,0,3,1,6,1,62,9,1199,1,13,-1,1,-1
201522C502344,3,9,0,17,0,8,0,0,0,0,1,1,1,1,42,7,1598,1,9,-1,2,-1
201522C502346,1,9,0,13,0,1,1,0,0,0,3,1,1,1,34,6,1910,2,9,-1,1,-1
201522C502346,2,11,0,18,0,1,0,0,0,0,3,1,1,1,66,10,11630,2,13,-1,-1,-1
201522C502346,3,9,0,18,0,2,1,0,1,0,3,1,6,1,62,9,2477,2,11,-1,3,-1
201522C502380,1,9,0,2,0,0,0,0,0,0,3,1,6,1,37,7,2204,2,7,-1,1,-1
201522C502380,2,1,0,16,0,0,0,8,0,0,1,1,6,1,57,9,-1,-1,-1,-1,1,-1
201522C502382,1,9,0,9,0,6,0,0,0,0,1,1,6,1,34,6,-1,-1,-1,-1,-1,-1
201522C502382,2,1,0,18,0,8,0,0,0,0,3,1,6,1,45,7,-1,-1,-1,-1,1,-1
201522C502398,1,21,1,4,0,8,1,0,1,0,1,1,1,1,48,8,10837,2,2,-1,-1,-1
201522C502398,2,19,0,3,0,8,0,0,0,0,2,1,1,1,47,8,1968,2,2,-1,1,-1
201522C502398,3,9,0,10,0,8,0,0,0,0,2,1,6,2,77,11,1242,1,9,-1,3,-1
201522C502400,1,9,0,18,0,8,0,0,0,0,1,1,6,2,25,5,1299,1,13,-1,3,-1
201522C502400,2,9,0,3,0,8,0,0,0,0,2,1,6,1,33,6,-1,-1,-1,-1,1,-1
201522C502412,1,20,0,5,0,4,0,0,0,0,1,1,1,1,47,8,4461,2,3,-1,1,-1
201522C502412,2,9,0,10,0,1,0,0,0,0,2,1,6,1,44,7,3199,1,13,-1,3,-1
201522C502417,1,5,0,15,0,0,0,0,0,0,1,1,6,1,45,7,-1,-1,-1,-1,1,-1
201522C502417,2,9,0,5,0,0,0,0,0,0,1,1,2,2,53,8,2497,2,13,-1,3,-1
201522C502419,1,9,0,7,9,6,0,0,0,0,1,1,6,2,57,9,-1,-1,-1,-1,-1,-1
201522C502431,1,3,0,18,0,1,0,0,0,0,1,1,6,1,27,6,124,1,-1,-1,1,-1
201522C502431,2,9,0,10,0,1,0,0,0,0,2,1,6,2,41,7,1149,1,13,-1,1,-1
201522C502432,1,9,0,4,0,1,0,0,0,0,1,1,6,2,34,6,1995,2,10,-1,2,-1
201522C502432,2,1,0,3,0,1,0,0,0,0,2,1,6,1,55,8,-1,-1,-1,-1,3,-1