Accident_Index,Vehicle_Reference,Vehicle_Type,Towing_and_Articulation,Vehicle_Manoeuvre,Vehicle_Location-Restricted_Lane,Junction_Location,Skidding_and_Overturning,Hit_Object_in_Carriageway,Vehicle_Leaving_Carriageway,Hit_Object_off_Carriageway,1st_Point_of_Impact,Was_Vehicle_Left_Hand_Drive?,Journey_Purpose_of_Driver,Sex_of_Driver,Age_of_Driver,Age_Band_of_Driver,Engine_Capacity_(CC),Propulsion_Code,Age_of_Vehicle,Driver_IMD_Decile,Driver_Home_Area_Type,Vehicle_IMD_Decile
201522D500282,4,9,0,2,0,0,0,0,0,0,3,1,6,3,40,7,1461,2,2,-1,1,-1
201522D500282,5,9,0,2,0,0,0,0,0,0,1,1,6,3,32,6,1598,1,8,-1,2,-1
201522D500319,1,9,0,18,0,0,0,0,0,0,1,1,6,1,42,7,-1,-1,-1,-1,1,-1
201522D500319,2,9,0,5,0,0,0,0,0,0,2,1,6,1,48,8,-1,-1,-1,-1,1,-1
201522D500319,3,9,0,5,0,0,0,0,0,0,2,1,6,2,62,9,1598,1,13,-1,1,-1
201522D500319,4,9,0,5,0,0,0,0,0,0,2,1,6,1,49,8,1984,1,4,-1,3,-1
201522D500321,1,20,4,18,0,8,0,0,0,0,4,1,1,1,62,9,3920,2,4,-1,3,-1
201522D500321,2,9,0,9,0,6,0,0,0,0,1,1,6,1,88,11,1896,2,13,-1,1,-1
201522D500335,1,9,0,9,0,7,0,0,3,0,1,1,6,1,31,6,-1,-1,-1,-1,1,-1
201522D500335,2,9,0,5,0,8,0,0,0,0,1,1,6,1,24,5,-1,-1,-1,-1,1,-1
201522D500370,1,9,0,5,0,8,0,0,0,0,1,1,1,2,39,7,-1,-1,-1,-1,-1,-1
201522D500370,2,9,0,10,0,8,0,0,0,0,1,1,6,1,73,10,-1,-1,-1,-1,1,-1
201522D500370,3,9,0,10,0,8,0,0,0,0,1,1,2,2,21,5,1596,1,12,-1,1,-1
201522D500384,1,19,0,6,8,0,0,0,0,0,3,1,1,1,28,6,1995,2,2,-1,1,-1
201522D500384,2,9,0,18,0,0,0,0,0,0,1,1,1,1,47,8,2993,2,2,-1,1,-1
201522D500388,1,9,0,13,0,8,1,0,7,10,1,1,6,1,21,5,1149,1,14,-1,1,-1
201522D500388,2,19,0,9,0,5,0,0,0,0,1,1,6,1,35,6,2461,2,5,-1,1,-1
201522D500391,1,9,0,4,0,0,0,0,0,0,1,1,2,1,22,5,1968,2,10,-1,1,-1
201522D500391,2,9,0,4,0,0,0,0,0,0,2,1,2,2,21,5,-1,-1,-1,-1,1,-1
201522D500391,3,9,0,4,0,0,0,0,0,0,2,1,2,2,28,6,1120,2,2,-1,-1,-1
201522D500400,1,9,0,18,0,0,0,0,0,0,1,1,1,1,42,7,1596,1,1,-1,1,-1
201522D500400,2,9,0,18,0,0,0,0,0,0,2,1,6,2,40,7,-1,-1,-1,-1,1,-1
201522D500410,1,9,0,18,0,0,0,0,0,0,1,1,6,2,33,6,1753,2,15,-1,2,-1
201522D500410,2,9,0,18,0,0,0,0,0,0,2,1,6,2,53,8,1587,1,14,-1,2,-1
201522D500413,1,9,0,3,0,0,0,0,0,0,2,1,6,1,25,5,1598,1,15,-1,2,-1
201522D500413,2,9,0,3,0,0,0,0,1,9,2,1,6,2,37,7,1399,2,9,-1,1,-1
201522D500413,3,9,0,18,0,0,0,0,0,0,1,1,6,1,83,11,-1,-1,-1,-1,1,-1
201522D500416,1,9,0,9,0,8,0,0,0,0,1,1,6,1,-1,-1,-1,-1,-1,-1,-1,-1
201522D500417,1,9,0,14,0,2,0,0,0,0,1,1,6,3,-1,-1,1596,1,6,-1,-1,-1
201522D500428,1,9,0,18,0,0,0,4,0,0,1,1,6,1,28,6,-1,-1,-1,-1,-1,-1
201522D500428,2,2,0,2,0,0,0,0,0,0,2,1,6,1,56,9,49,1,3,-1,1,-1
201522D500434,1,9,0,4,0,0,1,0,0,0,1,1,6,2,46,8,2893,1,4,-1,3,-1
201522D500434,2,9,0,4,0,0,1,0,0,0,1,1,6,2,47,8,-1,-1,-1,-1,1,-1
201522D500490,1,9,0,7,0,6,0,0,0,0,1,1,1,2,28,6,1596,1,5,-1,2,-1
201522D500490,2,9,0,18,0,1,0,0,0,0,1,1,6,1,42,7,1995,2,3,-1,1,-1
201522D500495,1,21,0,2,0,0,0,0,0,0,0,1,1,1,50,8,-1,-1,-1,-1,-1,-1
201522D500495,2,9,0,14,0,0,0,0,0,0,1,1,6,2,33,6,1997,2,11,-1,1,-1
201522D500496,1,9,0,9,0,6,0,0,0,0,3,1,6,3,-1,-1,-1,-1,-1,-1,-1,-1
201522D500496,2,9,0,9,0,5,0,0,0,0,3,1,6,2,23,5,998,1,7,-1,1,-1
201522D500504,1,9,0,14,0,1,0,0,0,0,1,1,6,2,71,10,-1,-1,-1,-1,1,-1
201522D500504,2,9,0,14,0,2,0,0,0,0,1,1,6,1,25,5,1598,1,12,-1,1,-1
201522D500521,1,9,0,3,0,1,0,0,0,0,2,1,3,1,51,8,1398,2,13,-1,1,-1
201522D500521,2,9,0,4,0,1,0,0,0,0,1,1,1,1,43,7,1997,2,7,-1,1,-1
201522D500542,1,9,0,18,0,8,0,0,0,0,1,1,6,2,33,6,-1,-1,-1,-1,1,-1
201522D500542,2,9,0,18,0,1,0,0,0,0,1,1,6,1,53,8,2967,2,1,-1,1,-1
201522D500542,3,9,0,3,0,1,0,0,0,0,0,1,6,1,47,8,1248,1,6,-1,1,-1
201522D500590,1,9,0,9,0,6,0,0,0,0,1,1,4,1,23,5,2792,1,18,-1,1,-1
201522D500590,2,3,0,14,0,1,0,0,0,0,4,1,6,1,36,7,125,1,5,-1,1,-1
201522D500598,1,9,0,18,0,1,0,0,0,0,4,1,2,1,30,6,-1,-1,-1,-1,1,-1
201522D500603,1,9,0,12,0,1,0,0,0,0,3,1,2,2,54,8,-1,-1,-1,-1,3,-1
201522D500603,2,19,0,18,0,1,0,0,0,0,4,1,1,1,20,4,2402,2,7,-1,1,-1
201522D500604,1,9,0,9,0,6,0,0,0,0,3,1,2,1,25,5,-1,-1,-1,-1,1,-1
201522D500604,2,5,0,18,0,1,0,0,1,9,1,1,2,1,22,5,988,1,12,-1,1,-1
201522D500619,1,9,0,17,0,0,1,0,1,10,1,1,2,2,22,5,-1,-1,-1,-1,1,-1
201522D500619,2,9,0,18,0,0,1,0,0,0,1,1,3,2,45,7,2143,2,2,-1,1,-1
201522D500622,1,9,0,18,0,0,5,0,7,3,1,1,6,1,39,7,5998,10,5,-1,3,-1
201522D500623,1,8,0,5,0,0,0,0,0,0,4,1,1,1,32,6,-1,-1,-1,-1,1,-1
201522D500623,2,9,0,18,0,0,0,0,0,0,1,1,6,1,26,6,-1,-1,-1,-1,1,-1
201522D500627,1,9,0,18,0,0,0,0,0,0,4,1,2,2,50,8,998,1,4,-1,3,-1
201522D500628,1,9,0,1,0,6,0,0,0,0,2,1,6,3,-1,-1,1360,1,10,-1,-1,-1
201522D500640,1,1,0,7,0,6,0,0,0,0,0,1,2,1,43,7,-1,-1,-1,-1,1,-1
201522D500640,2,9,0,9,0,1,0,0,0,0,0,1,6,3,-1,-1,-1,-1,-1,-1,-1,-1
201522D500643,1,9,0,5,0,4,0,0,0,0,3,1,2,1,22,5,1499,8,1,-1,1,-1
201522D500643,2,1,0,18,0,8,0,0,0,0,4,1,6,1,43,7,-1,-1,-1,-1,1,-1
201522D500652,1,9,0,18,0,2,0,0,0,0,4,1,6,3,-1,-1,1796,1,11,-1,-1,-1
201522D500652,2,9,0,18,0,2,0,0,0,0,3,1,6,1,28,6,1299,1,15,-1,1,-1
201522D500668,1,9,0,7,0,6,0,0,0,0,4,1,6,2,53,8,1997,2,3,-1,1,-1
201522D500668,2,1,0,18,0,8,0,0,0,0,1,1,6,1,47,8,-1,-1,-1,-1,1,-1
201522D500672,1,19,0,16,0,1,2,0,2,10,1,1,6,1,28,6,1598,2,1,-1,1,-1
201522D500673,1,19,0,7,0,6,0,0,0,0,1,1,2,1,28,6,2463,2,11,-1,1,-1
201522D500673,2,4,0,18,0,8,1,0,0,0,1,1,6,1,60,9,124,1,1,-1,1,-1
201522D500674,1,9,0,18,0,0,1,0,5,6,1,1,1,1,21,5,-1,-1,-1,-1,1,-1
201522D500674,2,21,1,18,0,0,1,0,4,6,3,1,1,1,52,8,10518,2,2,-1,1,-1
201522D500680,1,9,0,18,0,8,0,0,0,0,1,1,6,1,30,6,998,1,7,-1,1,-1
201522D500680,2,9,0,9,0,5,0,0,7,1,1,1,3,2,39,7,-1,-1,-1,-1,1,-1
201522D500681,1,8,0,5,0,2,0,0,0,0,1,1,1,1,42,7,1560,2,8,-1,1,-1
201522D500685,1,9,0,16,0,0,0,0,0,0,1,1,6,2,57,9,1896,2,12,-1,1,-1
201522D500685,2,9,0,17,0,0,1,0,0,0,4,1,6,2,25,5,-1,-1,-1,-1,3,-1
201522D500685,3,9,0,17,0,0,1,4,0,0,1,1,6,2,21,5,1229,1,7,-1,1,-1
201522D500688,1,9,0,5,0,4,0,0,0,0,1,1,2,2,48,8,1560,2,4,-1,1,-1
201522D500688,2,9,0,3,0,1,0,0,0,0,2,1,6,2,31,6,1388,1,12,-1,1,-1
201522D500704,1,9,0,7,0,3,0,0,0,0,3,1,6,2,23,5,-1,-1,-1,-1,1,-1
201522D500704,2,9,0,7,0,3,0,0,0,0,4,1,6,2,58,9,1390,1,2,-1,1,-1
201522D500705,1,9,0,18,0,0,0,4,0,0,1,1,6,1,44,7,1956,2,2,-1,1,-1
201522D500705,2,9,0,2,0,0,0,0,0,0,2,1,1,1,53,8,2993,2,3,-1,-1,-1
201522D500712,1,9,0,5,0,0,0,0,0,0,1,1,6,1,76,11,-1,-1,-1,-1,1,-1
201522D500712,2,19,0,2,0,0,0,0,0,0,2,1,1,1,37,7,1870,2,9,-1,1,-1
201522D500715,1,9,0,7,0,6,0,0,0,0,3,1,2,2,42,7,1364,1,8,-1,1,-1
201522D500715,2,1,0,18,0,8,0,0,0,0,1,1,2,1,66,10,-1,-1,-1,-1,1,-1
201522D500725,1,9,0,18,0,8,0,0,0,0,1,1,6,1,68,10,3199,1,14,-1,1,-1
201522D500725,2,19,0,10,0,8,0,0,0,0,2,1,1,1,27,6,2198,2,1,-1,1,-1
201522D500728,1,9,0,9,0,5,0,0,0,0,1,1,2,1,23,5,1910,2,7,-1,1,-1
201522D500728,2,21,0,4,0,8,0,0,0,0,1,1,1,1,23,5,6370,2,8,-1,2,-1
201522D500730,1,9,0,18,0,1,0,0,0,0,3,1,2,1,24,5,1598,1,3,-1,1,-1
201522D500730,2,19,0,18,0,1,0,0,0,0,0,1,6,1,76,11,2477,2,11,-1,3,-1
201522D500736,1,9,0,13,0,1,0,0,0,0,0,1,6,3,-1,-1,-1,-1,-1,-1,-1,-1
201522D500736,2,1,0,18,0,1,0,10,1,0,1,1,6,1,38,7,-1,-1,-1,-1,1,-1
201522D500744,1,9,0,18,0,0,0,0,0,0,1,1,2,2,27,6,1598,1,10,-1,3,-1
201522D500744,2,1,0,18,0,0,0,0,0,0,2,1,2,1,47,8,-1,-1,-1,-1,1,-1
201522D500745,1,9,0,1,0,1,0,0,0,0,2,1,6,2,38,7,-1,-1,-1,-1,-1,-1
201522D500769,1,9,0,18,0,0,0,0,0,0,4,1,6,3,-1,-1,-1,-1,-1,-1,-1,-1
201522D500779,1,9,0,17,0,0,0,0,0,0,3,1,6,1,19,4,1995,1,4,-1,1,-1
201522D500779,2,9,0,16,0,0,0,0,0,0,3,1,6,1,37,7,1795,1,11,-1,3,-1
201522D500789,1,9,0,18,0,0,0,0,5,6,4,1,2,1,36,7,-1,-1,-1,-1,1,-1
201522D500789,2,9,0,12,0,0,0,0,0,0,3,1,2,2,44,7,1598,1,10,-1,3,-1
201522D500791,1,21,0,4,0,0,0,0,0,0,1,1,1,1,30,6,11967,2,11,-1,1,-1
201522D500791,2,10,0,3,0,0,0,0,0,0,2,1,3,1,54,8,2148,2,11,-1,-1,-1
201522D500791,3,9,0,3,0,0,0,0,0,0,2,1,6,2,49,8,1124,1,14,-1,1,-1
201522D500791,4,19,0,3,0,0,0,0,0,0,2,1,6,1,58,9,-1,-1,-1,-1,-1,-1
201522D500830,1,9,0,9,7,5,0,0,0,0,1,1,6,2,51,8,2902,2,8,-1,1,-1
201522D500830,2,1,0,18,0,1,0,0,7,0,1,1,6,1,38,7,-1,-1,-1,-1,-1,-1
201522D500864,1,5,0,18,0,8,1,4,1,10,1,1,6,1,38,7,599,1,17,-1,1,-1
201522D500864,2,19,0,2,9,2,0,0,0,0,2,1,6,1,29,6,2151,2,11,-1,1,-1
201522D500877,1,9,0,17,0,0,0,0,1,4,1,1,6,1,18,4,1229,1,7,-1,1,-1
201522D500892,1,9,0,18,0,0,5,10,1,10,1,1,6,1,18,4,1598,1,1,-1,3,-1
201522D500906,1,9,0,5,0,4,0,0,0,0,1,1,6,1,71,10,1995,1,4,-1,1,-1
201522D500906,2,9,0,18,0,4,0,0,0,0,4,1,6,1,19,4,1798,1,-1,-1,1,-1
201522D500914,1,9,0,9,0,6,0,0,0,0,3,1,6,2,63,9,1598,2,4,-1,1,-1
201522D500914,2,9,0,18,0,8,1,0,0,0,1,1,1,1,32,6,-1,-1,-1,-1,1,-1
201522D500933,1,9,0,18,0,0,0,0,1,7,4,1,6,1,47,8,-1,-1,-1,-1,1,-1
201522D500933,2,9,0,11,0,0,0,0,0,0,0,1,6,1,22,5,1368,1,6,-1,3,-1
201522D500942,1,11,0,2,0,1,0,0,0,0,2,1,3,2,47,8,2998,2,9,-1,1,-1
201522D500942,2,9,0,14,0,1,0,4,0,0,1,1,2,1,53,8,2151,2,16,-1,1,-1
201522D500945,1,11,0,4,0,1,0,0,0,0,0,1,1,1,46,8,-1,-1,-1,-1,-1,-1
201522D500948,1,9,0,17,0,0,0,0,0,0,1,1,2,1,30,6,2967,2,2,-1,1,-1
201522D500948,2,9,0,16,0,0,0,0,0,0,1,1,2,2,32,6,1388,1,13,-1,1,-1
201522D500977,1,9,0,4,0,0,0,0,0,0,2,1,6,2,20,4,1360,1,9,-1,1,-1
201522D500977,2,9,0,18,0,0,0,0,0,0,1,1,6,1,40,7,-1,-1,-1,-1,-1,-1
201522D500977,3,9,0,18,0,0,0,0,0,0,1,1,6,1,25,5,-1,-1,-1,-1,-1,-1
201522D500978,1,19,0,18,0,0,0,0,1,1,4,1,1,1,37,7,1995,2,1,-1,3,-1
201522D500983,1,8,0,18,0,2,0,0,0,1,4,1,1,1,32,6,1995,2,3,-1,1,-1
201522D500985,1,9,0,16,0,0,2,0,6,2,4,1,6,1,46,8,1497,1,10,-1,1,-1
201522D500989,1,3,0,18,0,0,0,0,0,0,2,1,2,1,25,5,124,1,1,-1,1,-1
201522D500989,2,9,0,18,0,0,0,0,0,0,1,1,2,1,25,5,1796,1,14,-1,1,-1
201522D500989,3,9,0,3,0,0,0,0,0,0,2,1,2,2,22,5,1242,1,6,-1,1,-1
201522D500990,1,9,0,9,0,5,0,0,0,0,1,1,6,2,49,8,2993,2,3,-1,3,-1
201522D500990,2,1,0,10,0,1,0,0,0,0,2,1,6,1,24,5,-1,-1,-1,-1,1,-1
201522D501005,1,9,0,18,0,8,0,0,0,0,1,1,2,1,44,7,1896,2,7,-1,3,-1
201522D501005,2,9,0,9,0,6,0,0,0,0,1,1,2,2,22,5,-1,-1,-1,-1,3,-1
201522D501014,1,9,0,17,0,0,1,0,8,4,1,1,6,1,21,5,1910,2,7,-1,-1,-1
201522D501014,2,9,0,17,0,0,1,0,0,0,1,1,6,1,42,7,-1,-1,-1,-1,1,-1
201522D501015,1,9,0,9,0,3,0,0,0,0,4,1,2,2,37,7,1240,1,6,-1,1,-1
201522D501023,1,19,0,18,0,0,0,0,0,0,1,1,1,1,32,6,-1,-1,-1,-1,1,-1
201522D501023,2,21,1,18,0,0,0,0,0,0,2,1,1,1,48,8,-1,-1,-1,-1,1,-1
201522D501034,1,4,0,13,0,8,1,0,1,0,1,1,6,1,31,6,599,1,12,-1,1,-1
201522D501034,2,9,0,12,0,8,0,0,0,0,2,1,6,2,63,9,1397,1,5,-1,1,-1
201522D501041,1,9,0,18,0,8,0,0,0,0,1,1,6,1,32,6,-1,-1,-1,-1,1,-1
201522D501041,2,9,0,9,0,5,0,0,0,0,2,1,1,1,37,7,-1,-1,-1,-1,3,-1
201522D501041,3,9,0,4,0,8,0,0,0,0,1,1,2,2,23,5,1299,1,14,-1,1,-1
201522D501043,1,9,0,6,0,0,0,0,0,0,3,1,6,1,48,8,1360,1,8,-1,2,-1
201522D501043,2,5,0,14,0,0,0,0,0,0,4,1,6,1,40,7,1043,1,1,-1,1,-1
201522D501051,1,19,0,1,0,0,0,0,0,0,2,1,1,1,44,7,1248,2,4,-1,1,-1
201522D501051,2,5,0,3,0,0,0,0,0,0,1,1,6,1,54,8,1352,1,8,-1,3,-1
201522D501065,1,9,0,9,0,6,0,0,0,0,3,1,6,1,17,4,998,1,1,-1,1,-1
201522D501065,2,9,0,18,0,8,0,0,1,0,1,1,2,2,43,7,1560,2,11,-1,1,-1
201522D501067,1,9,0,9,0,6,0,0,0,0,1,1,6,1,60,9,1587,1,13,-1,1,-1
201522D501067,2,5,0,18,0,8,0,0,0,0,1,1,6,1,71,10,998,1,12,-1,1,-1
201522D501069,1,9,0,16,0,0,1,10,1,4,1,1,6,1,21,5,1388,1,11,-1,1,-1
201522D501073,1,9,0,5,0,4,0,0,0,0,0,1,6,3,-1,-1,1598,1,8,-1,-1,-1
201522D501073,2,9,0,5,0,4,0,0,0,0,2,1,6,1,28,6,1995,2,11,-1,3,-1
201522D501073,3,9,0,5,0,4,0,0,0,0,1,1,1,1,29,6,1461,2,4,-1,1,-1
201522D501084,1,19,0,18,0,4,0,0,0,0,3,1,6,3,-1,-1,1995,2,2,-1,1,-1
201522D501084,2,9,0,18,0,4,0,0,0,0,0,1,1,1,27,6,1999,1,8,-1,3,-1
201522D501099,1,19,0,18,0,1,0,0,0,0,1,1,6,1,22,5,-1,-1,-1,-1,1,-1
201522D501099,2,9,0,10,0,8,0,0,0,0,2,1,6,2,57,9,1753,2,14,-1,1,-1
201522D501161,1,9,0,18,0,0,0,0,0,0,1,1,6,3,-1,-1,-1,-1,-1,-1,-1,-1
201522D501165,1,21,1,6,0,8,0,0,0,0,1,1,1,1,73,10,12740,2,5,-1,2,-1
201522D501165,2,21,0,17,0,8,1,0,7,1,1,1,1,1,42,7,12419,2,2,-1,1,-1
201522D501171,1,9,0,9,0,5,0,0,0,0,4,1,3,2,29,6,1900,2,15,-1,1,-1
201522D501171,2,9,0,18,0,8,0,0,0,0,1,1,6,2,33,6,1364,1,6,-1,1,-1
201522D501171,3,9,0,10,0,1,0,0,0,0,1,1,2,1,58,9,4396,1,13,-1,1,-1
201522D501199,1,20,0,3,0,1,0,0,0,0,3,1,1,1,34,6,-1,-1,-1,-1,1,-1
201522D501199,2,1,0,7,0,5,0,0,0,0,1,1,6,1,64,9,-1,-1,-1,-1,-1,-1
201522D501220,1,5,0,14,0,1,0,0,0,0,1,1,6,1,21,5,689,1,-1,-1,1,-1
201522D501220,2,9,0,9,0,6,0,0,0,0,1,1,3,2,38,7,1390,1,4,-1,3,-1
201522D501220,3,19,0,3,0,1,0,0,0,0,0,1,1,1,40,7,-1,-1,-1,-1,-1,-1
201522D501224,1,9,0,16,0,0,5,10,7,9,1,1,6,1,28,6,1997,1,16,-1,-1,-1
201522D501228,1,9,0,15,0,2,0,10,0,0,1,1,6,1,31,6,1389,1,14,-1,1,-1
201522D501228,2,11,0,18,0,2,0,0,0,0,4,1,1,1,54,8,6370,2,11,-1,1,-1
201522D501230,1,9,0,18,0,0,2,6,8,10,1,1,6,1,81,11,998,1,14,-1,-1,-1
201522D501251,1,9,0,4,0,0,0,0,0,0,1,1,6,2,51,8,3199,1,11,-1,3,-1
201522D501256,1,9,0,18,0,0,0,0,1,4,1,1,6,2,27,6,1896,2,11,-1,1,-1
201522D501259,1,9,0,18,0,0,1,0,5,6,2,1,6,1,21,5,1124,1,14,-1,1,-1
201522D501259,2,9,0,18,0,0,1,0,0,0,1,1,6,1,62,9,-1,-1,-1,-1,1,-1
201522D501275,1,9,0,18,0,8,1,10,8,10,1,1,2,1,40,7,1124,1,14,-1,1,-1
201522D501275,2,9,0,9,0,6,0,0,0,0,1,1,2,1,48,8,1796,1,14,-1,1,-1
201522D501287,1,9,0,17,0,0,1,0,1,10,4,1,6,1,28,6,1598,1,13,-1,1,-1
201522D501292,1,19,0,2,0,0,0,0,0,0,2,1,1,1,46,8,2402,2,13,-1,1,-1
201522D501292,2,9,0,18,0,0,1,4,0,0,1,1,2,2,69,10,999,1,10,-1,1,-1
201522D501299,1,9,0,17,0,0,2,0,2,3,1,1,6,1,26,6,-1,-1,-1,-1,3,-1
201522D501316,1,21,0,17,0,2,0,0,0,0,3,1,1,3,-1,-1,-1,-1,-1,-1,-1,-1
201522D501316,2,11,0,16,0,1,0,0,0,0,3,1,1,1,50,8,-1,2,15,-1,1,-1
201522D501318,1,9,0,5,0,4,0,0,0,0,1,1,6,1,28,6,-1,-1,-1,-1,1,-1
201522D501318,2,9,0,4,0,1,0,0,0,0,2,1,6,2,24,5,1599,1,11,-1,1,-1
201522D501328,1,9,0,18,0,0,0,0,4,6,1,1,6,1,70,10,-1,-1,-1,-1,1,-1
201522D501336,1,1,0,14,0,0,0,0,0,0,4,1,6,1,41,7,-1,-1,-1,-1,1,-1
201522D501336,2,9,0,5,0,0,0,0,0,0,1,1,6,3,-1,-1,-1,-1,-1,-1,-1,-1
201522D501368,1,9,0,18,0,8,0,0,0,0,4,1,6,1,47,8,2172,2,12,-1,1,-1
201522D501368,2,1,0,4,0,6,1,0,0,0,1,1,6,1,12,3,-1,-1,-1,-1,1,-1
201522D501370,1,5,0,16,0,2,1,10,7,10,2,1,6,1,50,8,929,1,14,-1,1,-1
201522D501371,1,9,0,9,0,6,0,0,0,0,3,1,6,1,69,10,999,1,10,-1,1,-1
201522D501371,2,9,0,18,0,8,0,0,0,0,1,1,6,2,34,6,1242,1,4,-1,-1,-1
201522D501388,1,9,0,18,0,1,0,0,0,0,1,1,3,2,49,8,1364,1,2,-1,1,-1
201522D501388,2,9,0,10,0,1,0,0,0,0,2,1,2,2,47,8,1560,2,2,-1,1,-1
201522D501411,1,1,0,18,9,1,0,0,0,0,1,1,6,1,13,3,-1,-1,-1,-1,1,-1
201522D501411,2,9,0,9,0,6,0,0,0,0,4,1,6,1,53,8,1999,1,10,-1,-1,-1
201522D501420,1,9,0,14,0,1,0,0,0,0,4,1,6,3,-1,-1,-1,-1,-1,-1,-1,-1
201522D501420,2,9,0,2,0,2,0,0,0,0,4,1,6,2,33,6,1896,2,10,-1,1,-1
201522D501421,1,1,0,18,9,0,0,8,0,0,1,1,6,1,5,1,-1,-1,-1,-1,1,-1
201522D501421,2,9,0,2,9,0,0,0,0,0,3,1,6,3,-1,-1,1242,1,13,-1,-1,-1
201522D501436,1,9,0,7,0,7,0,0,1,10,1,1,6,1,24,5,1896,2,13,-1,3,-1
201522D501436,2,9,0,18,0,8,0,0,5,6,4,1,2,2,49,8,1781,1,14,-1,1,-1
201522D501437,1,3,0,18,0,0,0,0,7,0,1,1,6,1,19,4,124,1,6,-1,1,-1
201522D501457,1,19,0,18,0,4,0,0,0,0,1,1,2,1,45,7,2459,2,16,-1,1,-1
201522D501457,2,9,0,18,0,1,0,0,0,0,2,1,6,2,48,8,1198,1,4,-1,1,-1
201522D501463,1,9,0,18,0,1,0,0,0,0,1,1,1,1,35,6,1956,2,-1,-1,1,-1
201522D501463,2,5,0,8,0,1,0,0,0,0,2,1,2,1,42,7,553,1,22,-1,1,-1
201522D501483,1,9,0,17,0,8,1,10,1,2,2,1,6,1,18,4,1242,1,9,-1,2,-1
201522D501497,1,9,0,5,0,6,0,0,0,0,1,1,2,1,40,7,-1,-1,-1,-1,1,-1
201522D501497,2,9,0,8,0,1,0,0,0,0,2,1,2,1,52,8,-1,-1,-1,-1,1,-1
201522D501503,1,9,0,18,0,0,0,0,0,0,1,1,6,1,31,6,2198,1,11,-1,3,-1
201522D501503,2,9,0,4,0,0,0,0,0,0,2,1,6,2,58,9,1796,1,13,-1,1,-1
201522D501509,1,5,0,12,0,4,0,0,0,0,3,1,6,1,68,10,-1,-1,-1,-1,1,-1
201522D501509,2,19,0,11,0,4,0,0,0,0,4,1,6,1,27,6,-1,-1,-1,-1,1,-1
201522D501551,1,9,0,10,0,1,0,0,0,0,3,1,6,1,37,7,1461,2,6,-1,1,-1
201522D501551,2,1,0,18,0,6,0,0,0,0,1,1,6,1,9,2,-1,-1,-1,-1,1,-1
201522D501558,1,9,0,7,0,5,0,0,0,0,4,1,6,1,56,9,1598,2,2,-1,1,-1
201522D501558,2,1,0,18,0,8,0,0,0,0,3,1,6,1,30,6,-1,-1,-1,-1,-1,-1
201522D501567,1,9,0,9,0,6,0,0,0,0,1,1,6,1,17,4,998,1,10,-1,1,-1
201522D501567,2,9,0,18,0,8,0,0,0,0,3,1,6,1,67,10,1598,1,3,-1,1,-1
201522D501581,1,9,0,9,0,6,0,0,0,0,1,1,2,1,42,7,1596,1,15,-1,1,-1
201522D501581,2,3,0,14,0,8,0,0,7,0,1,1,6,1,18,4,-1,-1,-1,-1,1,-1
201522D501582,1,9,0,9,0,6,0,0,0,0,3,1,6,1,33,6,1360,1,14,-1,-1,-1
201522D501582,2,9,0,18,0,8,0,0,0,0,1,1,6,1,19,4,1149,1,11,-1,1,-1
201522D501602,1,9,0,12,0,8,0,0,0,0,3,1,6,1,43,7,1968,2,2,-1,1,-1
201522D501602,2,3,0,11,0,8,0,0,0,0,4,1,6,1,20,4,125,1,-1,-1,1,-1
201522D501607,1,9,0,9,0,6,0,0,0,0,1,1,2,2,24,5,1339,1,8,-1,1,-1
201522D501607,2,9,0,17,0,8,0,0,0,0,4,1,2,2,55,8,1339,8,4,-1,1,-1
201522D501607,3,9,0,16,0,8,0,0,0,0,1,1,2,2,38,7,1598,1,7,-1,3,-1
201522D501611,1,19,0,2,0,0,0,0,0,0,2,1,6,1,30,6,2198,2,8,-1,1,-1
201522D501611,2,9,0,16,0,0,0,4,0,0,1,1,6,1,25,5,1596,1,18,-1,1,-1
201522D501613,1,9,0,18,0,0,0,0,0,0,1,1,6,1,23,5,1349,1,2,-1,1,-1
201522D501613,2,9,0,4,0,0,0,0,0,0,2,1,6,1,18,4,-1,-1,-1,-1,1,-1
201522D501613,3,9,0,4,0,0,0,0,0,0,2,1,6,1,30,6,-1,-1,-1,-1,1,-1
201522D501627,1,9,0,18,0,0,0,0,7,10,1,1,2,1,42,7,-1,-1,-1,-1,2,-1
201522D501627,2,21,0,13,0,0,0,0,0,0,0,1,1,3,-1,-1,-1,-1,-1,-1,-1,-1
201522D501638,1,9,0,9,0,6,0,0,0,0,3,1,6,1,31,6,1388,1,9,-1,1,-1
201522D501638,2,5,0,18,0,8,0,0,0,0,1,1,6,2,63,9,689,1,1,-1,1,-1
201522D501657,1,4,0,9,0,2,1,0,0,0,3,1,2,1,52,8,493,1,7,-1,1,-1
201522D501661,1,19,0,18,0,8,0,0,0,0,1,1,1,1,58,9,1998,2,12,-1,1,-1
201522D501661,2,9,0,10,0,8,0,0,0,0,2,1,1,2,34,6,1198,1,10,-1,1,-1
201522D501675,1,9,0,17,0,0,0,0,7,0,1,1,2,1,21,5,1461,2,2,-1,1,-1