Accident_Index,Vehicle_Reference,Vehicle_Type,Towing_and_Articulation,Vehicle_Manoeuvre,Vehicle_Location-Restricted_Lane,Junction_Location,Skidding_and_Overturning,Hit_Object_in_Carriageway,Vehicle_Leaving_Carriageway,Hit_Object_off_Carriageway,1st_Point_of_Impact,Was_Vehicle_Left_Hand_Drive?,Journey_Purpose_of_Driver,Sex_of_Driver,Age_of_Driver,Age_Band_of_Driver,Engine_Capacity_(CC),Propulsion_Code,Age_of_Vehicle,Driver_IMD_Decile,Driver_Home_Area_Type,Vehicle_IMD_Decile
201522D501675,2,9,0,16,0,0,0,0,7,0,1,1,2,1,33,6,1995,2,-1,-1,2,-1
201522D501691,1,9,0,18,0,0,5,0,1,10,1,1,6,2,23,5,1364,1,7,-1,1,-1
201522D501697,1,9,0,4,0,0,0,0,0,0,1,1,1,1,20,4,998,1,2,-1,1,-1
201522D501697,2,9,0,4,0,0,0,0,0,0,2,1,1,2,43,7,1896,2,11,-1,1,-1
201522D501706,1,9,0,4,0,0,1,0,0,0,2,1,6,2,42,7,1560,2,5,-1,3,-1
201522D501706,2,19,0,4,0,0,1,0,0,0,2,1,6,1,63,9,2402,2,9,-1,1,-1
201522D501706,3,9,0,4,0,0,1,0,0,0,2,1,6,1,62,9,2143,2,1,-1,-1,-1
201522D501706,4,9,0,4,0,0,1,0,0,0,1,1,6,3,33,6,-1,-1,-1,-1,-1,-1
201522D501706,5,9,0,4,0,0,1,0,1,0,4,1,6,1,44,7,2993,2,-1,-1,1,-1
201522D501706,6,9,0,4,0,0,1,0,1,7,2,1,6,1,55,8,2149,2,8,-1,-1,-1
201522D501706,7,21,1,4,0,0,1,0,0,0,1,1,1,1,56,9,-1,-1,-1,-1,-1,-1
201522D501706,8,9,0,4,0,0,1,0,0,0,2,1,6,1,45,7,1956,2,3,-1,1,-1
201522D501706,9,9,0,4,0,0,1,0,0,0,1,1,6,3,44,7,-1,-1,-1,-1,-1,-1
201522D501706,10,9,0,4,0,0,1,0,0,0,2,1,6,2,42,7,-1,-1,-1,-1,1,-1
201522D501706,11,9,0,4,0,0,1,0,0,0,1,1,6,2,41,7,1596,1,3,-1,1,-1
201522D501706,12,9,0,4,0,0,0,0,0,0,2,1,6,1,61,9,1997,2,3,-1,2,-1
201522D501706,13,19,0,4,0,0,1,0,4,6,1,1,1,1,42,7,1870,2,10,-1,1,-1
201522D501706,14,9,0,4,0,0,1,0,0,0,1,1,6,1,58,9,-1,-1,-1,-1,1,-1
201522D501706,15,19,0,4,0,0,1,0,0,0,2,1,1,1,48,8,2998,2,2,-1,1,-1
201522D501706,16,9,0,4,0,0,1,0,0,0,2,1,6,1,42,7,1390,1,7,-1,1,-1
201522D501710,1,9,0,18,0,0,0,0,0,0,1,1,6,1,32,6,1796,1,6,-1,1,-1
201522D501710,2,9,0,4,0,0,0,0,0,0,4,1,6,1,41,7,1686,2,11,-1,1,-1
201522D501729,1,9,0,17,0,1,0,0,0,0,1,1,6,2,26,6,-1,-1,-1,-1,1,-1
201522D501729,2,9,0,4,0,1,0,0,0,0,2,1,6,1,36,7,1997,2,13,-1,1,-1
201522D501734,1,9,0,4,0,0,0,0,0,0,1,1,6,1,43,7,1242,1,9,-1,1,-1
201522D501739,1,9,0,18,0,0,0,0,0,0,4,1,6,2,-1,-1,-1,-1,-1,-1,-1,-1
201522D501745,1,9,0,14,0,0,0,0,0,0,4,1,2,2,47,8,-1,-1,-1,-1,1,-1
201522D501747,1,9,0,18,0,0,0,0,0,0,1,1,6,2,31,6,2993,2,7,-1,2,-1
201522D501753,1,10,0,17,0,0,2,0,1,0,1,1,2,1,52,8,2998,2,6,-1,2,-1
201522D501753,2,19,0,16,0,0,0,0,0,0,3,1,2,1,27,6,2198,2,6,-1,3,-1
201522D501761,1,9,0,4,0,1,0,0,0,0,2,1,6,2,35,6,1598,2,4,-1,2,-1
201522D501761,2,9,0,18,0,1,1,0,0,0,1,1,6,2,46,8,-1,-1,-1,-1,2,-1
201522D501761,3,9,0,18,0,1,1,0,0,0,1,1,2,2,32,6,1598,2,2,-1,1,-1
201522D501761,4,19,0,18,0,1,1,0,0,0,1,1,1,1,51,8,1995,2,2,-1,2,-1
201522D501770,1,1,0,18,0,8,0,0,0,0,1,1,6,1,43,7,-1,-1,-1,-1,2,-1
201522D501770,2,9,0,18,0,4,0,0,0,0,1,1,1,1,37,7,1997,2,4,-1,1,-1
201522D501790,1,9,0,14,0,0,0,0,0,0,4,1,6,3,-1,-1,1390,1,9,-1,-1,-1
201522D501790,2,9,0,2,0,0,0,0,0,0,3,1,6,2,43,7,1995,2,2,-1,1,-1
201522D501791,1,9,0,18,0,0,5,0,1,0,3,1,1,1,36,7,-1,-1,-1,-1,1,-1
201522D501791,2,9,0,18,0,0,1,0,0,0,3,1,6,1,31,6,-1,-1,-1,-1,1,-1
201522D501806,1,19,0,18,0,0,0,0,0,0,1,1,6,3,32,6,7146,2,7,-1,3,-1
201522D501806,2,9,0,5,0,0,0,0,0,0,1,1,6,2,23,5,998,1,14,-1,1,-1
201522D501842,1,9,0,17,0,0,2,0,1,4,1,1,6,1,21,5,998,1,4,-1,1,-1
201522D501851,1,9,0,18,0,2,0,0,0,0,1,1,6,3,-1,-1,-1,-1,-1,-1,-1,-1
201522D501851,2,1,0,18,0,1,0,0,0,0,2,1,6,1,12,3,-1,-1,-1,-1,1,-1
201522D501854,1,9,0,7,0,5,0,0,0,0,4,1,6,2,63,9,1796,1,11,-1,3,-1
201522D501854,2,1,0,18,0,8,0,0,0,0,1,1,6,1,64,9,-1,-1,-1,-1,1,-1
201522D501875,1,9,0,9,0,5,0,0,0,0,1,1,1,1,38,7,-1,-1,-1,-1,1,-1
201522D501875,2,9,0,18,0,8,0,0,0,0,1,1,6,2,35,6,-1,-1,-1,-1,1,-1
201522D501880,1,9,0,18,0,0,0,0,0,0,1,1,6,1,65,9,1598,1,2,-1,2,-1
201522D501880,2,9,0,18,0,0,0,0,1,0,1,1,6,1,31,6,1984,1,2,-1,1,-1
201522D501916,1,9,0,18,0,5,1,10,1,4,1,1,6,1,24,5,2204,2,5,-1,3,-1
201522D501931,1,9,0,18,0,8,0,0,0,0,1,1,1,1,28,6,1796,1,9,-1,1,-1
201522D501931,2,9,0,9,0,5,5,0,0,0,1,1,3,2,74,10,1328,1,10,-1,1,-1
201522D501931,3,9,0,3,0,8,0,0,0,0,0,1,6,2,36,7,-1,-1,-1,-1,-1,-1
201522D501943,1,9,0,9,0,6,0,0,0,0,1,1,6,1,54,8,1197,1,4,-1,1,-1
201522D501943,2,9,0,18,0,8,0,0,0,0,1,1,1,1,32,6,1995,2,11,-1,3,-1
201522D501957,1,9,0,6,0,1,0,0,0,0,3,1,6,1,44,7,-1,-1,-1,-1,2,-1
201522D501957,2,19,0,7,0,5,0,0,0,0,1,1,1,1,40,7,-1,-1,-1,-1,-1,-1
201522D501959,1,9,0,7,0,4,0,0,0,0,1,1,6,2,40,7,2993,2,9,-1,1,-1
201522D501959,2,1,0,18,0,8,0,0,0,0,2,1,2,1,23,5,-1,-1,-1,-1,1,-1
201522D501962,1,9,0,5,0,4,0,0,0,0,1,1,3,2,37,7,1149,1,8,-1,1,-1
201522D501962,2,9,0,5,0,4,0,0,0,0,2,1,1,2,33,6,2143,2,2,-1,1,-1
201522D501968,1,9,0,18,0,8,0,0,0,0,1,1,6,1,51,8,1388,1,12,-1,1,-1
201522D501968,2,9,0,9,0,6,0,0,0,0,3,1,6,1,62,9,1396,2,4,-1,1,-1
201522D501969,1,5,0,17,0,0,0,0,1,10,1,1,6,2,48,8,865,1,3,-1,1,-1
201522D501985,1,9,0,3,0,0,0,10,7,10,1,1,6,1,66,10,1388,1,4,-1,1,-1
201522D502021,1,9,0,18,0,7,0,0,0,0,1,1,6,1,80,11,1229,1,1,-1,1,-1
201522D502021,2,19,0,18,0,1,0,0,0,0,1,1,1,1,45,7,1995,2,7,-1,1,-1
201522D502022,1,9,0,3,0,0,0,0,0,0,2,1,6,2,46,8,1388,1,12,-1,3,-1
201522D502022,2,9,0,18,0,0,0,0,0,0,1,1,6,1,24,5,1900,2,17,-1,1,-1
201522D502025,1,9,0,18,0,0,0,0,0,0,1,1,6,2,58,9,1461,2,10,-1,1,-1
201522D502047,1,9,0,18,0,0,0,0,0,0,1,1,2,1,24,5,1686,2,11,-1,1,-1
201522D502047,2,9,0,18,0,0,0,0,0,0,1,1,6,1,43,7,1686,2,5,-1,1,-1
201522D502048,1,19,0,18,0,0,5,4,0,0,1,1,2,1,27,6,1248,2,1,-1,1,-1
201522D502048,2,9,0,2,0,0,0,0,0,0,3,1,6,1,63,9,1753,2,5,-1,1,-1
201522D502092,1,9,0,17,0,5,0,0,0,0,4,1,6,2,45,7,1798,1,10,-1,1,-1
201522D502131,1,19,0,7,0,6,0,0,0,0,4,1,6,3,-1,-1,-1,-1,-1,-1,-1,-1
201522D502170,1,9,0,18,0,2,0,0,0,0,4,1,6,3,-1,-1,-1,-1,-1,-1,-1,-1
201522D502174,1,9,0,9,0,6,0,0,0,0,1,1,6,1,60,9,1896,2,14,-1,1,-1
201522D502174,2,5,0,14,0,8,0,4,0,0,1,1,6,1,27,6,-1,-1,-1,-1,1,-1
201522D502174,3,9,0,2,0,8,0,0,0,0,3,1,6,2,55,8,1242,1,9,-1,1,-1
201522D502174,4,9,0,2,0,8,0,0,0,0,3,1,6,2,52,8,1598,1,14,-1,2,-1
201522D502178,1,4,0,13,0,2,0,0,0,0,3,1,6,1,17,4,125,1,4,-1,1,-1
201522D502178,2,9,0,18,0,1,0,0,0,0,3,1,6,1,40,7,1998,2,12,-1,1,-1
201522D502193,1,9,0,18,0,1,0,0,0,0,1,1,6,1,21,5,-1,-1,-1,-1,1,-1
201522D502193,2,9,0,4,0,1,0,0,0,0,2,1,6,1,52,8,1497,1,15,-1,1,-1
201522D502195,1,9,0,5,0,4,0,0,0,0,1,1,6,2,41,7,1560,2,6,-1,1,-1
201522D502195,2,9,0,4,0,4,0,0,0,0,2,1,6,1,28,6,998,1,13,-1,-1,-1
201522D502219,1,9,0,7,0,6,0,0,0,0,4,1,6,1,28,6,1685,2,-1,-1,1,-1
201522D502219,2,9,0,18,0,8,1,0,0,0,1,1,6,1,48,8,1997,2,14,-1,1,-1
201522D502237,1,9,0,18,0,8,0,0,7,6,1,1,6,1,37,7,1362,1,3,-1,2,-1
201522D502237,2,9,0,9,0,6,0,0,1,7,1,1,6,1,61,9,1951,2,10,-1,3,-1
201522D502238,1,9,0,9,0,6,0,0,0,0,3,1,6,2,53,8,-1,-1,-1,-1,1,-1
201522D502238,2,5,0,18,0,8,1,0,0,0,1,1,6,1,50,8,618,1,10,-1,1,-1
201522D502247,1,19,0,13,0,0,0,0,0,0,0,1,6,3,-1,-1,-1,-1,-1,-1,-1,-1
201522D502247,2,3,0,17,0,0,1,0,7,0,3,1,2,1,21,5,-1,-1,-1,-1,2,-1
201522D502252,1,9,0,18,0,1,0,0,0,0,4,1,6,3,-1,-1,1686,2,1,-1,-1,-1
201522D502252,2,1,0,18,9,1,0,0,0,0,3,1,6,1,7,2,-1,-1,-1,-1,1,-1
201522D502271,1,9,0,18,0,0,0,0,0,0,1,1,6,1,59,9,-1,-1,-1,-1,1,-1
201522D502271,2,9,0,18,0,0,0,0,0,0,2,1,6,2,72,10,1992,2,8,-1,-1,-1
201522D502324,1,9,0,17,0,0,1,0,1,4,1,1,6,1,17,4,-1,-1,-1,-1,1,-1
201522D502403,1,9,0,5,9,6,0,0,0,0,3,1,6,2,49,8,1499,1,6,-1,1,-1
201522D502403,2,1,0,18,9,8,0,0,0,0,1,1,6,1,14,3,-1,-1,-1,-1,-1,-1
201522D502406,1,9,0,4,0,0,0,0,0,0,2,1,1,1,71,10,1968,2,7,-1,1,-1
201522D502406,2,9,0,4,0,0,0,0,0,0,2,1,6,1,53,8,2958,2,10,-1,1,-1
201522D502406,3,9,0,18,0,0,0,0,0,0,1,1,6,1,33,6,1598,1,8,-1,2,-1
201522D502410,1,9,0,18,0,0,1,0,0,0,1,1,6,1,21,5,1299,1,14,-1,3,-1
201522D502410,2,9,0,4,0,0,0,0,0,0,2,1,6,1,42,7,2143,2,3,-1,1,-1
201522D502410,3,9,0,4,0,0,0,0,0,0,2,1,6,2,40,7,1685,2,2,-1,1,-1
201522D502413,1,9,0,5,0,4,0,0,0,0,1,1,2,2,31,6,1598,2,3,-1,1,-1
201522D502413,2,1,0,9,0,8,0,0,0,0,4,1,6,1,55,8,-1,-1,-1,-1,1,-1
201522D502427,1,9,0,9,0,5,0,0,0,0,4,1,2,2,27,6,1997,1,12,-1,1,-1
201522D502427,2,1,0,18,0,8,0,0,0,0,1,1,2,1,34,6,-1,-1,-1,-1,1,-1
201522D502443,1,8,0,18,0,1,0,0,0,0,3,1,1,1,62,9,-1,-1,-1,-1,1,-1
201522D502443,2,9,0,13,0,1,0,0,0,0,1,1,6,1,23,5,1199,1,14,-1,3,-1
201522D502446,1,9,0,18,0,0,0,0,0,0,1,1,6,1,25,5,1195,1,17,-1,1,-1
201522D502446,2,9,0,3,0,0,0,0,0,0,2,1,2,2,22,5,1398,2,12,-1,1,-1
201522D502448,1,9,0,18,0,8,0,0,0,0,1,1,1,2,30,6,1360,1,16,-1,3,-1
201522D502448,2,8,0,7,0,6,0,0,0,0,1,1,1,1,53,8,1995,2,2,-1,1,-1
201522D502450,1,21,0,9,0,5,0,0,0,0,2,1,1,1,-1,-1,-1,-1,-1,-1,-1,-1
201522D502455,1,9,0,9,0,1,0,0,0,0,2,1,6,2,73,10,1149,1,15,-1,1,-1
201522D502455,2,9,0,18,0,1,0,0,0,0,1,1,6,1,18,4,1686,2,10,-1,1,-1
201522D502458,1,9,0,18,0,3,0,0,0,0,1,2,6,1,49,8,1997,2,5,-1,1,-1
201522D502460,1,9,0,9,0,6,0,0,0,0,1,1,6,1,22,5,1896,2,15,-1,1,-1
201522D502475,1,9,0,7,0,4,1,10,1,2,3,1,2,2,26,6,1149,1,13,-1,1,-1
201522D502490,1,9,0,18,0,0,0,0,0,0,3,1,6,2,47,8,1390,1,10,-1,1,-1
201522D502490,2,9,0,18,0,0,0,0,0,0,3,1,6,1,48,8,1598,2,1,-1,1,-1
201522D502490,3,9,0,18,0,0,1,10,1,10,1,1,2,2,30,6,1896,2,11,-1,1,-1
201522D502502,1,9,0,7,0,5,0,0,0,0,4,1,6,1,74,10,1364,1,1,-1,2,-1
201522D502502,2,1,0,15,0,8,0,0,0,0,1,1,6,1,45,7,-1,-1,-1,-1,1,-1
201522D502505,1,19,0,18,0,1,0,0,1,10,1,1,1,2,50,8,1560,2,1,-1,1,-1
201522D502532,1,21,1,18,0,1,0,0,0,0,1,1,1,1,22,5,12900,2,8,-1,3,-1
201522D502532,2,9,0,3,0,1,0,0,0,0,2,1,2,1,32,6,1339,1,6,-1,1,-1
201522D502533,1,9,0,18,0,1,0,0,0,0,1,1,1,1,22,5,1339,1,6,-1,1,-1
201522D502533,2,9,0,18,0,1,0,0,0,0,2,1,3,2,29,6,1242,1,11,-1,1,-1
201522D502582,1,9,0,3,0,1,0,0,0,0,2,1,6,2,60,9,999,1,3,-1,1,-1
201522D502582,2,19,0,5,0,1,0,0,0,0,1,1,1,1,44,7,2287,2,7,-1,1,-1
201522D502590,1,9,0,17,0,0,0,0,0,0,4,1,6,2,25,5,1229,1,5,-1,1,-1
201522D502590,2,1,0,16,0,0,0,0,0,0,3,1,6,2,59,9,-1,-1,-1,-1,1,-1
201522D502595,1,1,0,18,0,8,0,0,0,0,3,1,6,1,54,8,-1,-1,-1,-1,3,-1
201522D502595,2,9,0,4,0,6,0,0,0,0,0,1,6,1,-1,-1,1388,1,9,-1,-1,-1
201522D502619,1,19,0,1,0,0,0,0,0,0,2,1,6,3,-1,-1,1998,2,13,-1,1,-1
201522D502619,2,9,0,18,0,0,0,0,0,0,1,1,6,1,26,6,1388,1,12,-1,2,-1
201522D502622,1,9,0,11,0,2,0,0,0,0,4,1,6,2,20,4,1240,1,7,-1,1,-1
201522D502622,2,90,0,18,0,2,0,0,0,0,1,1,6,1,-1,-1,2800,2,10,-1,-1,-1
201522D502644,1,9,0,13,0,0,1,0,0,0,4,1,6,1,41,7,1896,2,13,-1,1,-1
201522D502667,1,9,0,9,9,5,0,0,0,0,3,1,6,2,40,7,1461,2,5,-1,-1,-1
201522D502667,2,1,0,18,9,8,0,0,0,0,1,1,4,1,12,3,-1,-1,-1,-1,-1,-1
201522D502674,1,9,0,4,0,2,0,0,0,0,0,1,6,1,24,5,-1,-1,-1,-1,1,-1
201522D502674,2,9,0,4,0,2,0,0,0,0,2,1,6,1,30,6,2521,1,9,-1,1,-1
201522D502674,3,9,0,18,0,2,0,0,0,0,1,1,6,2,27,6,1198,1,5,-1,-1,-1
201522D502674,4,9,0,18,0,2,0,0,0,0,1,1,6,1,53,8,1461,2,5,-1,1,-1
201522D502674,5,9,0,18,0,2,0,0,0,0,1,1,6,1,38,7,2993,2,4,-1,3,-1
201522D502678,1,9,0,18,0,0,1,0,0,0,1,1,2,2,31,6,1796,1,15,-1,1,-1
201522D502678,2,1,0,5,0,0,0,0,0,0,3,1,6,1,9,2,-1,-1,-1,-1,1,-1
201522D502701,1,9,0,18,0,0,0,10,7,10,1,1,6,2,23,5,1598,1,18,-1,1,-1
201522D502702,1,9,0,18,0,0,0,4,0,0,1,1,6,2,24,5,1086,1,6,-1,1,-1
201522D502702,2,9,0,2,0,0,0,0,0,0,2,1,6,2,52,8,1598,2,4,-1,1,-1
201522D502709,1,9,0,9,0,6,0,0,0,0,1,1,6,2,25,5,1798,1,5,-1,1,-1
201522D502709,2,9,0,18,0,8,0,0,7,0,3,1,6,1,49,8,1598,1,13,-1,1,-1
201522D502728,1,9,0,4,0,8,0,0,0,0,2,1,6,1,36,7,2993,2,9,-1,-1,-1
201522D502728,2,9,0,4,0,8,0,0,0,0,1,1,1,1,40,7,-1,-1,-1,-1,3,-1
201522D502728,3,9,0,4,0,8,0,0,0,0,1,1,6,2,63,9,1582,2,5,-1,2,-1
201522D502728,4,9,0,4,0,8,0,0,0,0,1,1,2,1,60,9,1997,2,10,-1,1,-1
201522D502741,1,9,0,5,0,4,0,0,0,0,3,1,6,2,28,6,1910,2,9,-1,1,-1
201522D502741,2,9,0,18,0,8,0,0,0,0,1,1,2,1,46,8,1198,1,12,-1,1,-1
201522D502746,1,9,0,16,0,0,5,0,1,0,1,1,2,1,36,7,1360,1,10,-1,1,-1
201522D502754,1,1,0,18,0,0,1,0,0,0,1,1,6,1,35,6,-1,-1,-1,-1,1,-1
201522D502754,2,9,0,3,0,0,0,0,0,0,1,1,6,2,27,6,1910,2,8,-1,1,-1
201522D502772,1,9,0,9,0,6,0,0,0,0,0,1,6,3,-1,-1,1587,1,15,-1,-1,-1
201522D502772,2,9,0,16,0,8,5,0,2,9,4,1,1,1,31,6,2982,2,3,-1,1,-1
201522D502775,1,5,0,18,0,3,0,0,0,0,1,1,6,1,56,9,999,1,8,-1,1,-1
201522D502782,1,9,0,5,9,6,0,0,0,0,4,1,6,1,56,9,2987,2,3,-1,1,-1
201522D502782,2,1,0,18,9,8,0,0,0,0,1,1,6,1,22,5,-1,-1,-1,-1,1,-1
201522D502799,1,11,0,5,0,6,0,0,0,0,2,1,1,1,40,7,-1,-1,-1,-1,-1,-1
201522D502799,2,3,0,5,0,6,0,0,0,0,1,1,6,1,22,5,125,1,12,-1,1,-1
201522D502803,1,90,0,18,0,1,2,4,0,0,3,1,6,1,26,6,653,1,12,-1,1,-1
201522D502803,2,9,0,2,0,2,0,0,0,0,3,1,6,3,-1,-1,1296,1,31,-1,-1,-1
201522D502805,1,9,0,18,0,0,0,0,0,0,4,1,6,2,56,9,1598,1,3,-1,1,-1
201522D502859,1,9,0,9,0,5,0,0,0,0,4,1,6,1,18,4,1870,2,11,-1,-1,-1
201522D502859,2,9,0,18,0,8,0,0,0,0,1,1,6,2,26,6,1364,1,6,-1,1,-1
201522D502862,1,9,0,18,0,4,0,0,0,0,1,1,6,1,18,4,1399,2,9,-1,-1,-1
201522D502862,2,1,0,9,0,8,0,0,0,0,2,1,6,1,40,7,-1,-1,-1,-1,1,-1
201522D502863,1,9,0,9,0,5,0,10,7,1,4,1,6,1,44,7,1968,2,8,-1,1,-1
201522D502863,2,9,0,17,0,8,0,0,0,0,1,1,6,1,21,5,1984,1,14,-1,1,-1
201522D502865,1,9,0,4,0,1,0,0,0,0,1,1,6,1,57,9,1896,2,9,-1,1,-1
201522D502865,2,9,0,3,0,1,0,0,0,0,2,1,6,2,30,6,1248,1,2,-1,1,-1
201522D502873,1,9,0,4,0,8,1,0,0,0,1,1,6,1,61,9,-1,-1,-1,-1,-1,-1
201522D502873,2,9,0,9,0,6,0,0,0,0,3,1,6,2,30,6,1328,1,8,-1,1,-1
201522D502880,1,9,0,18,0,4,5,9,2,10,2,1,6,2,30,6,1598,1,12,-1,1,-1
201522D502880,2,9,0,18,0,4,0,0,0,0,1,1,6,3,-1,-1,-1,-1,-1,-1,-1,-1
201522D502908,1,9,0,1,0,1,0,0,0,0,2,1,6,1,21,5,1984,1,19,-1,2,-1
201522D502908,2,9,0,4,0,2,0,0,0,0,4,1,1,1,33,6,1248,2,3,-1,-1,-1
201522D502925,1,9,0,5,0,4,0,0,0,0,1,1,6,2,-1,-1,-1,-1,-1,-1,-1,-1
201522D502925,2,9,0,5,0,4,0,0,0,0,2,1,6,2,28,6,1560,2,6,-1,1,-1
201522D502937,1,9,0,18,0,8,0,0,0,0,3,1,6,2,42,7,1968,2,2,-1,3,-1
201522D502937,2,9,0,18,0,8,0,0,0,0,4,1,6,2,41,7,1598,2,4,-1,1,-1
201522D502939,1,9,0,6,0,0,0,0,0,0,4,1,6,3,-1,-1,-1,-1,-1,-1,-1,-1
201522D502944,1,9,0,5,0,8,0,0,1,0,4,1,6,2,55,8,-1,-1,-1,-1,3,-1
201522D502944,2,9,0,18,0,8,0,0,1,0,1,1,6,1,60,9,1753,2,7,-1,1,-1
201522D502946,1,19,0,4,0,6,0,0,0,0,1,1,1,1,47,8,-1,-1,-1,-1,1,-1
201522D502946,2,9,0,18,0,8,0,0,0,0,4,1,6,1,62,9,1984,1,14,-1,1,-1
201522D502948,1,9,0,4,0,1,0,0,0,0,1,1,6,2,39,7,1991,2,6,-1,3,-1
201522D502948,2,9,0,4,0,1,0,0,0,0,1,1,6,2,67,10,1242,1,8,-1,3,-1
201522D502948,3,9,0,4,0,1,0,0,0,0,2,1,6,3,-1,-1,-1,-1,-1,-1,-1,-1
201522D502949,1,9,0,18,0,0,0,0,0,0,3,1,6,3,-1,-1,-1,-1,-1,-1,-1,-1
201522D502949,2,9,0,18,0,0,0,0,0,0,3,1,6,1,20,4,-1,-1,-1,-1,1,-1
201522D502971,1,9,0,18,0,0,0,0,0,0,1,1,6,1,25,5,1560,2,2,-1,1,-1
201522D502971,2,9,0,18,0,0,0,0,0,0,2,1,6,1,67,10,2993,2,-1,-1,1,-1
201522D502990,1,9,0,18,2,6,0,0,0,0,3,1,6,2,44,7,1997,1,14,-1,1,-1
201522D502990,2,1,0,18,2,8,0,0,0,0,1,1,6,1,45,7,-1,-1,-1,-1,1,-1
201522D503023,1,9,0,9,0,6,0,0,0,0,1,1,6,2,26,6,-1,-1,-1,-1,1,-1
201522D503023,2,9,0,18,0,1,0,0,0,0,1,1,6,1,39,7,1896,2,13,-1,1,-1
201522D503023,3,9,0,18,0,1,0,0,0,0,1,1,6,1,35,6,1968,2,-1,-1,-1,-1
201522D503023,4,9,0,18,0,1,0,0,0,0,1,1,6,2,55,8,-1,-1,-1,-1,1,-1
201522D503026,1,9,0,16,0,0,0,0,7,4,1,1,6,1,18,4,1598,1,8,-1,1,-1
201522D503030,1,9,0,18,0,0,0,0,1,4,1,1,6,2,22,5,1349,1,5,-1,1,-1
201522D503044,1,5,0,13,0,2,0,10,1,10,1,1,6,1,42,7,1180,1,24,-1,1,-1
201522D503054,1,9,0,9,0,5,0,0,0,0,1,1,6,2,29,6,998,1,2,-1,1,-1
201522D503054,2,9,0,13,0,8,0,10,7,2,1,1,6,2,25,5,1595,1,12,-1,1,-1
201522D503059,1,19,0,5,0,1,0,0,0,0,1,1,1,1,23,5,1997,2,3,-1,1,-1
201522D503059,2,9,0,3,0,1,0,0,0,0,2,1,6,2,36,7,1997,1,13,-1,1,-1
201522D503060,1,1,0,18,0,8,0,0,0,0,3,1,6,1,46,8,-1,-1,-1,-1,1,-1
201522D503060,2,9,0,9,0,4,0,0,0,0,1,1,6,3,-1,-1,-1,-1,-1,-1,-1,-1
201522D503061,1,9,0,18,0,0,0,4,0,0,4,1,6,1,27,6,1910,2,7,-1,1,-1
201522D503061,2,9,0,2,0,0,0,0,0,0,3,1,6,1,30,6,2494,1,15,-1,-1,-1
201522D503061,3,9,0,2,0,0,0,0,0,0,2,1,6,1,40,7,2979,1,12,-1,-1,-1
201522D503061,4,9,0,2,0,0,0,0,0,0,2,1,6,1,33,6,1997,2,13,-1,1,-1
201522D503062,1,9,0,7,0,4,0,0,0,0,3,1,6,2,28,6,1390,1,6,-1,1,-1
201522D503062,2,9,0,18,0,8,0,0,0,0,4,1,6,2,55,8,3436,1,2,-1,1,-1
201522D503064,1,9,0,18,0,0,0,4,7,0,1,1,6,1,31,6,1299,1,14,-1,1,-1
201522D503064,2,19,0,2,0,0,0,0,0,0,1,1,6,1,56,9,2402,2,13,-1,1,-1
201522D503065,1,19,0,18,0,4,0,0,0,0,1,1,6,1,73,10,1868,2,9,-1,1,-1
201522D503065,2,9,0,4,0,1,0,0,0,0,2,1,6,2,51,8,1596,1,16,-1,1,-1
201522D503067,1,9,0,6,0,0,0,0,0,0,1,2,1,1,34,6,-1,-1,-1,-1,-1,-1
201522D503067,2,9,0,18,0,0,0,0,0,0,1,1,6,1,22,5,1242,1,9,-1,1,-1
201522D503068,1,9,0,18,0,8,0,9,0,0,2,1,6,2,41,7,1399,1,9,-1,1,-1
201522D503068,2,19,0,18,0,8,0,0,0,0,1,1,1,1,40,7,2198,2,2,-1,1,-1
201522D503088,1,9,0,18,0,3,2,10,1,0,4,1,6,1,56,9,848,1,21,-1,1,-1
201522D503089,1,19,0,18,0,1,0,0,0,0,4,1,1,3,-1,-1,7146,2,7,-1,-1,-1
201522D503089,2,9,0,7,0,1,0,0,0,0,4,1,6,2,50,8,1999,1,8,-1,1,-1
201522D503094,1,9,0,18,0,0,0,0,0,0,1,1,6,2,30,6,1398,1,2,-1,-1,-1
201522D503108,1,9,3,18,0,0,0,0,0,0,2,1,6,2,37,7,2720,2,9,-1,1,-1
201522D503108,2,9,0,18,0,0,2,0,1,7,4,1,6,1,52,8,-1,-1,-1,-1,1,-1
201522D503120,1,5,0,18,0,0,0,0,0,0,1,1,6,1,55,8,-1,-1,-1,-1,3,-1
201522D503120,2,9,0,4,0,0,0,0,0,0,2,1,6,1,68,10,1364,1,1,-1,1,-1
201522D503120,3,9,0,18,0,0,0,0,0,0,1,1,6,2,26,6,1999,1,14,-1,1,-1
201522D503126,1,9,0,16,0,0,2,0,2,0,1,1,6,1,28,6,-1,-1,-1,-1,1,-1
201522D503126,2,9,0,17,0,0,0,0,0,0,1,1,6,1,67,10,2231,2,8,-1,3,-1
201522D503131,1,8,0,4,0,2,0,0,0,0,3,1,1,3,-1,-1,-1,-1,-1,-1,-1,-1
201522D503136,1,9,0,6,0,8,0,0,0,0,3,1,6,1,20,4,1199,2,2,-1,3,-1
201522D503136,2,19,0,18,0,8,0,0,0,0,1,1,1,1,40,7,2464,2,8,-1,1,-1