Accident_Index,Vehicle_Reference,Vehicle_Type,Towing_and_Articulation,Vehicle_Manoeuvre,Vehicle_Location-Restricted_Lane,Junction_Location,Skidding_and_Overturning,Hit_Object_in_Carriageway,Vehicle_Leaving_Carriageway,Hit_Object_off_Carriageway,1st_Point_of_Impact,Was_Vehicle_Left_Hand_Drive?,Journey_Purpose_of_Driver,Sex_of_Driver,Age_of_Driver,Age_Band_of_Driver,Engine_Capacity_(CC),Propulsion_Code,Age_of_Vehicle,Driver_IMD_Decile,Driver_Home_Area_Type,Vehicle_IMD_Decile
201522E500283,2,9,0,9,0,6,0,0,0,0,1,1,6,2,82,11,1598,2,5,-1,3,-1
201522E500306,1,9,0,18,0,0,1,0,7,10,1,1,6,2,25,5,1497,1,14,-1,3,-1
201522E500342,1,9,0,16,0,0,2,0,7,10,3,1,6,1,22,5,-1,-1,-1,-1,3,-1
201522E500361,1,9,0,5,0,2,0,0,0,0,0,1,6,1,79,11,998,1,3,-1,1,-1
201522E500366,1,9,0,18,0,0,0,0,0,0,1,1,6,2,43,7,1995,2,5,-1,2,-1
201522E500366,2,9,0,18,0,0,0,0,0,0,1,1,6,1,37,7,1229,1,7,-1,3,-1
201522E500379,1,19,0,18,0,0,0,0,7,2,3,1,1,1,32,6,2402,2,12,-1,1,-1
201522E500387,1,2,0,9,0,8,0,0,0,0,1,1,6,2,55,8,49,1,1,-1,-1,-1
201522E500387,2,9,0,18,0,4,0,0,0,0,3,1,2,1,48,8,-1,-1,-1,-1,3,-1
201522E500393,1,1,0,17,0,8,0,0,0,0,1,1,6,2,18,4,-1,-1,-1,-1,3,-1
201522E500393,2,9,0,5,0,4,0,0,0,0,2,1,6,2,68,10,-1,-1,-1,-1,2,-1
201522E500411,1,9,0,4,0,0,0,0,0,0,2,1,6,2,44,7,1229,1,4,-1,1,-1
201522E500411,2,20,0,18,0,0,0,0,0,0,1,1,1,1,40,7,3920,2,1,-1,-1,-1
201522E500412,1,9,0,18,0,0,1,0,1,1,1,1,2,2,27,6,1364,1,9,-1,3,-1
201522E500418,1,9,0,13,0,0,1,0,0,0,1,1,2,1,37,7,1997,1,17,-1,1,-1
201522E500418,2,9,0,18,0,0,0,0,2,10,1,1,2,1,21,5,1582,2,2,-1,1,-1
201522E500418,3,9,0,18,0,0,0,0,0,0,0,1,2,1,42,7,1560,2,1,-1,1,-1
201522E500423,1,9,0,17,0,0,2,0,7,10,4,1,1,2,24,5,-1,-1,-1,-1,2,-1
201522E500423,2,21,1,16,0,0,1,0,0,0,1,1,1,1,49,8,10837,2,8,-1,1,-1
201522E500430,1,9,0,9,0,6,0,0,0,0,1,1,6,1,27,6,1896,2,13,-1,3,-1
201522E500430,2,9,0,17,0,8,0,0,0,0,1,1,6,2,54,8,2495,2,19,-1,1,-1
201522E500436,1,9,0,18,0,1,0,0,0,0,1,1,6,1,77,11,1988,2,11,-1,3,-1
201522E500436,2,9,0,4,0,1,0,0,0,0,2,1,1,1,65,9,1896,2,6,-1,1,-1
201522E500436,3,9,0,3,0,1,0,0,0,0,2,1,1,1,52,8,2204,2,7,-1,1,-1
201522E500438,1,9,0,17,0,0,1,0,7,10,1,1,1,1,41,7,1560,2,4,-1,2,-1
201522E500440,1,9,0,18,0,0,5,4,0,0,1,1,1,1,46,8,-1,-1,-1,-1,1,-1
201522E500440,2,9,0,2,0,0,0,0,0,0,3,1,6,2,48,8,1997,2,14,-1,1,-1
201522E500472,1,9,0,13,0,2,1,0,0,0,1,1,2,1,21,5,1362,1,2,-1,2,-1
201522E500472,2,9,0,18,0,2,0,0,1,1,1,1,2,1,55,8,-1,-1,-1,-1,1,-1
201522E500472,3,21,0,18,0,1,0,0,0,0,1,1,1,1,48,8,-1,-1,-1,-1,3,-1
201522E500478,1,9,0,18,0,1,0,0,0,0,1,1,6,1,31,6,1896,2,17,-1,1,-1
201522E500478,2,9,0,18,0,6,0,0,0,0,1,1,2,2,20,4,1229,1,4,-1,-1,-1
201522E500483,1,3,0,15,0,1,0,0,0,0,1,1,2,1,18,4,124,1,6,-1,1,-1
201522E500483,2,9,0,9,0,5,0,0,0,0,4,1,3,2,21,5,998,1,11,-1,1,-1
201522E500492,1,21,0,18,0,1,0,0,0,0,1,1,1,1,53,8,12900,2,7,-1,2,-1
201522E500492,2,9,0,7,0,5,0,0,0,0,2,1,6,1,23,5,-1,-1,-1,-1,3,-1
201522E500516,1,9,0,16,0,0,1,0,7,10,1,1,6,1,23,5,-1,-1,-1,-1,2,-1
201522E500530,1,9,0,4,0,6,1,0,0,0,1,1,2,1,32,6,-1,-1,-1,-1,3,-1
201522E500530,2,21,1,18,0,8,0,0,0,0,4,1,1,1,54,8,-1,-1,-1,-1,-1,-1
201522E500533,1,9,0,3,0,0,0,0,0,0,1,1,6,1,49,8,1984,1,7,-1,3,-1
201522E500533,2,11,0,1,0,0,0,0,0,0,2,1,1,1,38,7,4250,2,14,-1,1,-1
201522E500539,1,11,0,4,0,1,0,0,0,0,0,1,1,1,32,6,4500,2,5,-1,1,-1
201522E500543,1,9,0,18,0,1,0,0,1,3,1,1,2,1,18,4,998,1,13,-1,3,-1
201522E500543,2,9,0,9,0,6,0,0,0,0,0,1,2,2,45,7,-1,-1,-1,-1,3,-1
201522E500545,1,9,0,18,0,0,0,0,0,0,1,1,2,1,32,6,1560,2,4,-1,1,-1
201522E500545,2,21,1,18,0,0,0,0,0,0,2,1,1,1,50,8,12580,2,10,-1,3,-1
201522E500552,1,9,0,3,0,0,0,0,0,0,2,1,6,2,31,6,998,1,16,-1,3,-1
201522E500552,2,9,0,18,0,0,0,0,0,0,1,1,6,2,75,10,1086,1,12,-1,-1,-1
201522E500566,1,9,0,17,0,0,2,0,1,4,1,1,2,2,22,5,-1,-1,-1,-1,1,-1
201522E500586,1,9,0,5,0,6,0,0,0,0,0,1,6,3,-1,-1,698,1,11,-1,-1,-1
201522E500589,1,2,0,18,0,0,0,0,0,0,2,1,6,1,40,7,-1,-1,-1,-1,1,-1
201522E500589,2,9,0,18,0,0,0,0,0,0,1,1,6,1,44,7,-1,-1,-1,-1,-1,-1
201522E500593,1,9,0,18,0,0,0,0,0,0,1,1,6,1,41,7,2995,1,1,-1,-1,-1
201522E500593,2,9,0,3,0,0,0,0,0,0,2,1,6,2,21,5,1360,1,7,-1,1,-1
201522E500594,1,2,0,18,0,0,0,0,0,0,3,1,6,2,16,4,49,1,3,-1,1,-1
201522E500599,1,9,0,16,0,1,1,0,1,0,1,1,2,1,26,6,-1,-1,-1,-1,3,-1
201522E500599,2,9,0,10,0,8,0,0,0,0,2,1,6,1,75,10,3498,1,10,-1,3,-1
201522E500605,1,9,0,18,0,3,1,0,1,1,3,1,6,2,65,9,1360,1,8,-1,1,-1
201522E500605,2,9,0,18,0,3,0,0,0,0,4,1,6,1,19,4,-1,-1,-1,-1,3,-1
201522E500611,1,21,1,18,0,0,0,0,0,0,1,1,1,3,-1,-1,-1,-1,-1,-1,-1,-1
201522E500611,2,1,0,18,0,0,0,0,1,0,3,1,2,1,50,8,-1,-1,-1,-1,3,-1
201522E500621,1,21,1,2,0,0,0,0,0,0,0,1,1,1,32,6,12809,2,1,-1,2,-1
201522E500637,1,9,0,17,0,0,0,0,7,10,1,1,6,2,52,8,-1,-1,-1,-1,3,-1
201522E500638,1,1,0,18,0,2,0,0,0,0,1,1,2,2,35,6,-1,-1,-1,-1,1,-1
201522E500650,1,9,0,18,0,0,0,0,0,0,1,1,6,3,-1,-1,-1,-1,-1,-1,-1,-1
201522E500650,2,9,0,3,0,0,0,0,0,0,2,1,6,1,48,8,1598,1,8,-1,1,-1
201522E500693,1,19,0,16,0,0,1,0,0,0,1,1,6,1,58,9,-1,-1,-1,-1,1,-1
201522E500693,2,21,1,17,0,0,0,0,0,0,2,1,1,1,53,8,11967,2,2,-1,-1,-1
201522E500716,1,9,0,18,0,0,2,10,1,9,3,1,2,1,18,4,1149,1,12,-1,1,-1
201522E500729,1,9,0,17,0,0,1,0,7,4,1,1,6,2,47,8,1388,1,12,-1,1,-1
201522E500739,1,9,0,9,0,5,0,0,0,0,1,1,6,1,45,7,1956,2,2,-1,3,-1
201522E500740,1,9,0,9,0,6,0,0,0,0,1,1,1,2,37,7,1299,1,19,-1,1,-1
201522E500740,2,1,0,15,0,8,0,0,0,0,1,1,2,1,33,6,-1,-1,-1,-1,1,-1
201522E500757,1,9,0,17,0,0,2,0,2,10,1,1,6,2,30,6,-1,-1,-1,-1,1,-1
201522E500783,1,9,0,4,0,1,0,0,0,0,1,1,6,2,17,4,973,1,13,-1,2,-1
201522E500783,2,9,0,18,0,1,0,0,0,0,1,1,6,1,73,10,1560,2,10,-1,3,-1
201522E500805,1,21,0,18,0,1,0,0,0,0,1,1,1,1,47,8,12740,2,2,-1,3,-1
201522E500805,2,9,0,7,0,6,0,0,0,0,1,1,2,2,41,7,1896,2,6,-1,3,-1
201522E500806,1,9,0,4,0,1,0,0,0,0,1,1,6,2,36,7,1598,1,8,-1,1,-1
201522E500806,2,9,0,4,0,1,0,0,0,0,2,1,6,1,33,6,1461,2,7,-1,1,-1
201522E500807,1,9,0,17,0,0,5,0,1,1,1,1,6,1,24,5,1587,1,13,-1,3,-1
201522E500814,1,9,0,9,0,5,0,0,0,0,1,1,2,2,26,6,-1,-1,-1,-1,1,-1
201522E500814,2,9,0,18,0,8,0,0,0,0,3,1,2,2,30,6,-1,-1,-1,-1,1,-1
201522E500831,1,9,0,9,0,6,0,0,1,1,3,1,6,1,78,11,-1,-1,-1,-1,3,-1
201522E500831,2,9,0,12,0,8,0,0,0,0,1,1,2,2,18,4,1149,1,9,-1,2,-1
201522E500831,3,21,1,7,0,5,0,0,0,0,0,1,1,1,40,7,12900,2,3,-1,1,-1
201522E500852,1,9,0,9,0,5,0,0,0,0,1,1,6,1,69,10,1968,2,3,-1,-1,-1
201522E500852,2,9,0,18,0,8,0,0,0,0,1,1,6,1,49,8,1461,2,3,-1,-1,-1
201522E500895,1,9,0,3,0,8,0,0,0,0,4,1,2,2,58,9,1149,1,7,-1,3,-1
201522E500895,2,9,0,7,0,4,0,0,0,0,1,1,3,1,78,11,1560,2,9,-1,1,-1
201522E500903,1,9,0,18,0,0,5,12,1,0,1,1,6,1,21,5,1242,1,12,-1,-1,-1
201522E500923,1,19,0,18,0,0,0,0,7,0,1,1,6,1,28,6,1686,2,12,-1,1,-1
201522E500923,2,9,0,3,0,0,0,0,0,0,1,1,6,2,51,8,1598,1,11,-1,1,-1
201522E500923,3,9,0,18,0,0,0,0,0,0,3,1,1,1,47,8,2993,2,3,-1,-1,-1
201522E500923,4,9,0,18,0,0,0,0,0,0,4,1,1,1,44,7,2993,2,3,-1,-1,-1
201522E500943,1,9,0,18,0,0,0,0,0,0,1,1,1,1,68,10,-1,-1,-1,-1,3,-1
201522E500943,2,9,0,4,0,0,0,0,0,0,1,1,6,2,57,9,1242,1,5,-1,1,-1
201522E500962,1,9,0,17,0,0,2,10,0,0,4,1,6,1,18,4,1124,1,12,-1,2,-1
201522E500962,2,9,0,17,0,0,0,0,0,0,0,1,6,1,23,5,998,1,2,-1,3,-1
201522E500964,1,9,0,7,0,8,0,0,0,0,4,1,6,3,-1,-1,-1,-1,-1,-1,-1,-1
201522E500965,1,9,0,18,0,0,0,0,0,0,1,1,6,2,24,5,1598,1,10,-1,1,-1
201522E500965,2,19,0,4,0,0,0,0,0,0,2,1,1,1,32,6,2198,2,1,-1,1,-1
201522E500973,1,1,0,9,0,8,0,0,0,0,4,1,2,1,52,8,-1,-1,-1,-1,3,-1
201522E500973,2,9,0,5,0,4,0,0,0,0,1,1,6,1,45,7,3498,1,3,-1,1,-1
201522E500974,1,9,0,18,0,1,1,0,0,0,1,1,2,2,21,5,1600,2,4,-1,1,-1
201522E500974,2,9,0,10,0,1,0,0,0,0,2,1,2,2,26,6,-1,-1,-1,-1,3,-1
201522E500980,1,9,0,14,0,8,0,0,7,10,1,1,6,1,30,6,1995,2,13,-1,1,-1
201522E500980,2,9,0,5,0,6,0,0,0,0,3,1,6,1,18,4,1461,2,11,-1,3,-1
201522E500981,1,9,0,9,0,6,0,0,0,0,1,1,6,2,32,6,1956,2,4,-1,1,-1
201522E500991,1,9,0,13,0,0,0,0,0,0,3,1,6,3,-1,-1,-1,-1,-1,-1,-1,-1
201522E500991,2,5,0,14,0,0,1,0,7,9,4,1,6,1,53,8,1298,1,11,-1,3,-1
201522E500994,1,19,4,3,0,0,0,0,0,0,2,1,1,1,24,5,-1,-1,-1,-1,3,-1
201522E500994,2,9,0,18,0,0,0,0,0,0,1,1,2,1,34,6,-1,-1,-1,-1,3,-1
201522E501053,1,1,0,18,0,0,0,0,0,0,1,1,6,3,-1,-1,-1,-1,-1,-1,-1,-1
201522E501064,1,9,0,17,0,0,5,0,1,0,4,1,6,1,17,4,1195,1,23,-1,3,-1
201522E501072,1,9,0,6,0,8,0,0,0,0,1,1,2,2,43,7,-1,-1,-1,-1,1,-1
201522E501072,2,2,0,9,0,5,0,0,0,0,1,1,2,2,32,6,50,1,20,-1,1,-1
201522E501076,1,19,0,4,0,2,0,0,0,0,1,1,6,1,-1,-1,-1,-1,-1,-1,-1,-1
201522E501076,2,9,0,3,0,2,0,0,0,0,2,1,6,2,17,4,1390,1,14,-1,3,-1
201522E501077,1,9,0,5,0,0,0,0,0,0,3,1,6,1,70,10,1968,2,-1,-1,-1,-1
201522E501077,2,1,0,14,0,0,0,0,0,0,3,1,2,1,54,8,-1,-1,-1,-1,3,-1
201522E501107,1,9,0,18,0,0,0,0,0,0,1,1,6,3,-1,-1,-1,-1,-1,-1,-1,-1
201522E501137,1,9,0,18,0,3,0,0,0,0,3,1,6,1,45,7,1596,1,5,-1,1,-1
201522E501137,2,4,0,18,0,3,0,0,0,0,4,1,6,1,38,7,599,1,3,-1,1,-1
201522E501149,1,9,0,9,0,5,0,0,0,0,1,1,6,1,47,8,1896,2,13,-1,2,-1
201522E501149,2,9,0,18,0,1,1,0,0,0,1,1,3,2,21,5,1461,2,2,-1,3,-1
201522E501158,1,19,0,18,0,0,0,0,0,0,1,1,1,1,50,8,2402,2,9,-1,3,-1
201522E501158,2,21,1,4,0,0,0,0,0,0,2,1,1,1,24,5,-1,-1,-1,-1,3,-1
201522E501184,1,9,0,9,0,6,1,0,1,1,4,1,6,1,27,6,-1,-1,-1,-1,3,-1
201522E501192,1,9,0,5,0,2,0,0,0,0,1,1,6,2,79,11,1399,1,9,-1,3,-1
201522E501192,2,1,0,18,0,1,0,10,1,0,1,1,6,1,54,8,-1,-1,-1,-1,1,-1
201522E501258,1,5,0,4,0,8,1,0,0,0,2,1,6,1,29,6,996,1,8,-1,1,-1
201522E501258,2,9,0,18,0,8,0,0,0,0,4,1,6,2,25,5,2143,2,1,-1,1,-1
201522E501271,1,9,0,16,0,0,0,0,0,0,1,1,1,2,31,6,998,1,2,-1,1,-1
201522E501271,2,9,0,17,0,0,0,0,0,0,1,1,2,2,21,5,1149,1,12,-1,3,-1
201522E501298,1,9,0,18,0,0,0,4,0,0,1,1,6,1,72,10,2799,1,21,-1,1,-1
201522E501298,2,9,0,2,0,0,0,4,0,0,2,1,6,1,75,10,1997,2,14,-1,3,-1
201522E501298,3,9,0,2,0,0,0,4,0,0,1,1,6,2,41,7,1798,1,8,-1,1,-1
201522E501304,1,9,0,18,0,8,0,0,0,0,1,1,6,1,18,4,1598,2,1,-1,3,-1
201522E501321,1,9,0,9,0,5,0,0,0,0,1,1,6,2,60,9,1995,2,1,-1,1,-1
201522E501321,2,1,0,18,0,8,0,0,0,0,1,1,6,1,40,7,-1,-1,-1,-1,3,-1
201522E501321,3,9,0,8,0,1,0,0,0,0,3,1,6,2,40,7,2495,2,19,-1,1,-1
201522E501330,1,21,1,11,0,3,0,0,0,0,1,1,1,1,57,9,10308,2,8,-1,1,-1
201522E501330,2,9,0,18,0,3,0,0,0,0,3,1,6,2,19,4,1968,2,5,-1,3,-1
201522E501354,1,1,0,18,0,0,0,11,0,0,1,1,6,1,65,9,-1,-1,-1,-1,1,-1
201522E501356,1,9,0,18,0,8,0,0,0,0,1,1,2,2,30,6,1248,2,5,-1,3,-1
201522E501356,2,9,0,4,0,8,0,0,0,0,2,1,6,1,71,10,-1,-1,-1,-1,3,-1
201522E501356,3,9,0,3,0,8,0,0,0,0,2,1,6,1,55,8,3200,2,9,-1,-1,-1
201522E501356,4,9,0,9,0,5,0,0,0,0,3,1,1,1,60,9,-1,-1,-1,-1,3,-1
201522E501361,1,9,0,16,0,0,0,0,0,0,1,1,6,2,58,9,1461,2,3,-1,3,-1
201522E501361,2,9,0,17,0,0,0,0,0,0,1,1,1,1,57,9,1997,2,14,-1,3,-1
201522E501366,1,1,0,18,0,0,0,0,0,0,2,1,2,1,27,6,-1,-1,-1,-1,1,-1
201522E501387,1,9,0,7,0,4,0,0,0,0,1,1,6,2,40,7,1997,2,6,-1,1,-1
201522E501387,2,1,0,17,0,8,0,0,0,0,4,1,1,2,33,6,-1,-1,-1,-1,1,-1
201522E501410,1,9,0,9,0,5,0,0,0,0,3,1,2,1,19,4,1493,1,18,-1,2,-1
201522E501410,2,1,0,7,0,6,0,0,0,0,1,1,2,1,27,6,-1,-1,-1,-1,1,-1
201522E501426,1,9,0,4,0,8,0,0,0,0,2,1,6,2,41,7,1339,1,12,-1,1,-1
201522E501426,2,9,0,18,0,8,0,0,0,0,1,1,6,1,89,11,-1,-1,-1,-1,1,-1
201522E501438,1,9,0,18,0,0,0,0,0,0,1,1,6,1,51,8,1910,2,9,-1,1,-1
201522E501438,2,9,0,4,0,0,0,0,0,0,2,1,1,1,54,8,1998,2,8,-1,3,-1
201522E501441,1,3,0,16,0,0,0,0,0,0,1,1,6,1,18,4,124,1,5,-1,3,-1
201522E501441,2,9,0,17,0,0,0,0,0,0,3,1,6,1,59,9,1399,2,6,-1,-1,-1
201522E501442,1,1,0,18,0,0,0,0,0,0,1,1,6,1,15,3,-1,-1,-1,-1,1,-1
201522E501442,2,9,0,18,0,0,0,0,0,0,1,1,6,1,42,7,-1,-1,-1,-1,3,-1
201522E501444,1,1,0,3,0,0,0,0,0,0,2,1,6,1,26,6,-1,-1,-1,-1,3,-1
201522E501444,2,19,0,1,0,0,0,0,0,0,2,1,6,3,-1,-1,-1,-1,-1,-1,-1,-1
201522E501450,1,9,0,18,0,2,0,0,0,0,1,1,6,1,29,6,1796,1,12,-1,1,-1
201522E501451,1,20,0,18,0,0,0,0,7,7,3,1,1,1,76,11,2998,2,9,-1,1,-1
201522E501451,2,9,0,13,0,0,1,0,1,10,4,1,6,1,72,10,1798,1,2,-1,1,-1
201522E501453,1,1,0,18,0,0,0,0,0,0,1,1,6,2,9,2,-1,-1,-1,-1,1,-1
201522E501453,2,9,0,4,0,0,0,0,0,0,3,1,6,1,49,8,2902,2,11,-1,1,-1
201522E501455,1,9,0,18,0,0,0,0,0,0,1,1,6,1,26,6,1229,1,9,-1,1,-1
201522E501455,2,9,0,4,0,0,0,0,0,0,2,1,1,1,24,5,-1,-1,-1,-1,1,-1
201522E501458,1,9,0,17,0,0,5,4,0,0,1,1,6,1,18,4,-1,-1,-1,-1,1,-1
201522E501458,2,9,0,2,0,0,0,0,0,0,2,1,6,1,40,7,2470,2,23,-1,3,-1
201522E501475,1,9,0,16,0,0,2,0,1,4,1,1,6,1,20,4,-1,-1,-1,-1,1,-1
201522E501477,1,9,0,17,0,0,5,0,7,10,1,1,6,1,22,5,1587,1,13,-1,1,-1
201522E501480,1,9,0,16,0,0,5,0,8,10,3,1,6,1,20,4,1360,1,14,-1,1,-1
201522E501481,1,9,0,16,0,0,5,0,2,3,1,1,6,2,17,4,-1,-1,-1,-1,3,-1
201522E501490,1,10,0,4,0,0,0,0,0,0,2,1,1,1,65,9,2198,2,1,-1,1,-1
201522E501490,2,9,0,18,0,0,0,0,0,0,1,1,6,1,40,7,1968,2,2,-1,1,-1
201522E501504,1,9,0,16,0,0,0,0,8,10,1,1,6,2,92,11,999,1,14,-1,3,-1
201522E501506,1,8,0,14,0,0,0,0,0,0,3,1,1,1,36,7,1910,2,7,-1,2,-1
201522E501515,1,9,0,13,0,0,0,0,0,0,4,1,6,1,68,10,599,1,13,-1,3,-1
201522E501515,2,1,0,18,0,0,0,0,0,0,3,1,6,1,36,7,-1,-1,-1,-1,3,-1
201522E501519,1,5,0,18,0,2,0,0,0,0,0,1,6,1,56,9,1000,1,4,-1,1,-1
201522E501528,1,21,0,7,0,5,0,10,0,0,3,1,1,3,-1,-1,-1,-1,-1,-1,-1,-1
201522E501529,1,17,5,4,0,0,0,0,0,0,2,1,1,1,22,5,-1,2,6,-1,3,-1
201522E501529,2,21,1,16,0,0,0,0,0,0,1,1,1,1,25,5,-1,-1,-1,-1,1,-1
201522E501545,1,9,0,4,9,2,1,10,1,0,1,1,1,1,48,8,1686,2,1,-1,1,-1
201522E501549,1,19,0,1,0,5,0,0,0,0,2,1,6,1,45,7,1905,2,15,-1,1,-1
201522E501549,2,1,0,4,0,8,0,0,0,0,4,1,6,1,34,6,-1,-1,-1,-1,-1,-1
201522E501555,1,9,0,1,9,6,0,0,0,0,2,1,6,2,31,6,998,1,1,-1,1,-1
201522E501572,1,1,0,18,9,0,0,0,0,0,3,1,6,1,15,3,-1,-1,-1,-1,1,-1
201522E501572,2,21,1,18,0,0,0,0,0,0,4,1,1,3,-1,-1,12777,2,5,-1,-1,-1
201522E501574,1,9,0,18,0,1,1,0,0,0,1,1,6,1,66,10,-1,-1,-1,-1,1,-1
201522E501574,2,9,0,5,0,6,0,0,0,0,3,1,6,2,27,6,1994,2,14,-1,1,-1
201522E501574,3,9,0,3,0,1,0,0,0,0,1,1,6,2,69,10,-1,-1,-1,-1,1,-1
201522E501579,1,9,0,5,0,1,0,0,0,0,1,1,6,1,65,9,2497,1,12,-1,3,-1
201522E501579,2,9,0,10,0,1,0,0,0,0,2,1,6,2,44,7,1956,2,-1,-1,1,-1
201522E501589,1,5,0,13,0,8,0,0,0,0,4,1,6,1,62,9,1585,2,5,-1,1,-1
201522E501589,2,8,0,9,0,5,0,0,0,0,3,1,6,2,37,7,2720,2,8,-1,3,-1
201522E501601,1,9,0,16,0,0,2,0,1,4,1,1,1,2,35,6,1242,1,13,-1,3,-1
201522E501601,2,19,0,17,0,0,0,0,0,0,0,1,6,3,-1,-1,-1,-1,-1,-1,-1,-1
201522E501603,1,9,0,18,0,0,0,0,0,0,3,1,2,2,39,7,1390,1,16,-1,1,-1
201522E501603,2,9,0,18,0,0,0,0,0,0,3,1,6,3,-1,-1,-1,-1,-1,-1,-1,-1
201522E501610,1,9,0,11,0,2,0,0,0,0,1,1,6,2,37,7,2922,1,12,-1,1,-1
201522E501621,1,9,0,9,0,6,1,0,0,0,1,1,6,1,64,9,1850,1,13,-1,3,-1
201522E501621,2,9,0,18,0,8,0,0,0,0,4,1,6,2,66,10,1389,1,14,-1,2,-1
201522E501639,1,9,0,9,0,6,1,0,0,0,1,1,6,2,34,6,1896,2,10,-1,3,-1
201522E501639,2,9,0,18,0,8,1,0,7,10,1,1,6,1,21,5,1997,2,14,-1,3,-1
201522E501660,1,19,0,17,0,0,0,0,1,4,1,1,1,1,30,6,2143,2,5,-1,1,-1
201522E501662,1,21,1,17,0,0,5,0,1,10,4,1,1,1,22,5,11946,2,4,-1,3,-1
201522E501668,1,1,0,18,0,8,0,0,0,0,4,1,6,1,46,8,-1,-1,-1,-1,1,-1
201522E501668,2,9,0,9,0,6,0,0,0,0,1,1,6,2,32,6,-1,-1,-1,-1,-1,-1
201522E501669,1,5,0,16,0,5,1,0,7,10,1,1,6,1,24,5,847,1,2,-1,2,-1
201522E501672,1,9,0,17,0,0,2,0,2,10,1,1,6,1,18,4,1199,1,12,-1,3,-1
201522E501684,1,9,0,9,9,6,0,0,0,0,4,1,3,2,42,7,999,1,3,-1,1,-1
201522E501714,1,20,0,18,0,0,0,0,0,0,0,1,1,1,37,7,5880,2,10,-1,3,-1
201522E501718,1,9,0,18,0,1,0,0,4,1,1,1,6,2,28,6,1997,2,10,-1,1,-1
201522E501721,1,9,0,16,0,0,0,0,8,0,1,1,2,2,27,6,1390,1,10,-1,3,-1
201522E501725,1,19,0,9,0,6,0,0,0,0,1,1,6,1,60,9,2198,2,5,-1,2,-1
201522E501725,2,9,0,17,0,8,2,0,0,0,1,1,6,1,60,9,2184,2,11,-1,1,-1
201522E501808,1,9,0,16,0,0,0,0,0,0,0,1,6,3,-1,-1,-1,-1,-1,-1,-1,-1
201522E501808,2,5,0,17,0,0,1,0,1,7,1,1,6,1,21,5,599,1,21,-1,3,-1
201522E501809,1,9,0,16,0,2,0,10,1,4,1,1,2,2,43,7,-1,-1,-1,-1,1,-1
201522E501817,1,9,0,18,0,0,0,0,2,0,1,1,6,1,28,6,1461,2,1,-1,-1,-1
201522E501817,2,9,0,18,0,0,0,0,0,0,1,1,6,2,69,10,1910,2,8,-1,1,-1
201522E501819,1,9,0,16,0,8,1,0,0,0,1,1,6,2,73,10,-1,-1,-1,-1,3,-1
201522E501819,2,9,0,18,0,8,5,0,1,1,3,1,6,1,71,10,1596,1,12,-1,3,-1
201522E501829,1,9,0,18,0,4,0,0,0,0,1,1,6,1,80,11,1339,1,4,-1,1,-1
201522E501829,2,9,0,18,0,3,5,0,0,0,4,1,6,1,58,9,1840,1,15,-1,1,-1
201522E501850,1,9,0,13,0,0,1,0,0,0,1,1,2,1,27,6,1896,2,12,-1,1,-1
201522E501850,2,21,1,18,0,0,0,0,0,0,3,1,1,1,65,9,10308,2,7,-1,1,-1
201522E501850,3,21,1,18,0,0,0,0,0,0,2,1,1,1,49,8,11967,2,1,-1,2,-1
201522E501855,1,3,0,4,0,8,0,0,0,0,1,1,6,1,18,4,125,1,5,-1,3,-1
201522E501855,2,19,0,10,0,8,0,0,0,0,2,1,6,1,46,8,1870,2,8,-1,3,-1
201522E501855,3,17,4,18,0,8,0,0,0,0,3,1,1,3,-1,-1,-1,-1,-1,-1,-1,-1
201522E501863,1,9,0,4,0,8,0,0,0,0,2,1,6,2,44,7,1995,2,4,-1,3,-1
201522E501863,2,9,0,18,0,8,0,0,0,0,1,1,2,2,22,5,1598,1,13,-1,1,-1
201522E501878,1,5,0,7,0,5,1,0,0,0,4,1,6,1,53,8,599,1,13,-1,3,-1
201522E501889,1,21,0,13,0,8,0,0,0,0,4,1,1,1,55,8,5880,2,4,-1,1,-1
201522E501889,2,90,0,9,0,5,0,0,0,0,3,1,1,1,45,7,2184,2,11,-1,2,-1
201522E501904,1,8,0,5,0,6,0,0,0,0,3,1,1,2,64,9,1685,2,1,-1,1,-1
201522E501906,1,5,0,17,0,0,1,0,1,10,4,1,6,1,37,7,1125,2,5,-1,1,-1
201522E501907,1,3,0,17,0,0,1,0,2,10,4,1,6,1,29,6,125,1,9,-1,2,-1
201522E501911,1,9,0,18,0,2,0,0,0,0,1,1,6,1,17,4,-1,-1,-1,-1,3,-1
201522E501911,2,9,0,4,0,2,0,0,0,0,2,1,6,2,63,9,-1,-1,-1,-1,1,-1
201522E501915,1,9,0,9,0,6,0,0,0,0,1,1,6,1,48,8,1794,1,10,-1,1,-1
201522E501915,2,9,0,17,0,8,0,0,0,0,1,1,6,1,45,7,1461,2,2,-1,2,-1
201522E501936,1,21,2,17,0,0,1,0,0,0,3,2,1,1,41,7,-1,-1,-1,-1,-1,-1
201522E501936,2,9,0,16,0,0,0,0,1,10,3,1,1,2,29,6,1896,2,13,-1,1,-1
201522E501936,3,9,0,16,0,0,0,0,0,0,1,1,6,2,17,4,1242,1,11,-1,3,-1