Accident_Index,Vehicle_Reference,Vehicle_Type,Towing_and_Articulation,Vehicle_Manoeuvre,Vehicle_Location-Restricted_Lane,Junction_Location,Skidding_and_Overturning,Hit_Object_in_Carriageway,Vehicle_Leaving_Carriageway,Hit_Object_off_Carriageway,1st_Point_of_Impact,Was_Vehicle_Left_Hand_Drive?,Journey_Purpose_of_Driver,Sex_of_Driver,Age_of_Driver,Age_Band_of_Driver,Engine_Capacity_(CC),Propulsion_Code,Age_of_Vehicle,Driver_IMD_Decile,Driver_Home_Area_Type,Vehicle_IMD_Decile
201522E501946,1,2,0,18,0,0,0,0,0,0,4,1,6,1,16,4,49,1,9,-1,1,-1
201522E501946,2,9,0,6,0,0,0,0,0,0,1,1,6,1,28,6,2457,1,6,-1,1,-1
201522E501947,1,10,0,13,0,0,0,0,0,0,4,1,6,1,40,7,2998,2,8,-1,1,-1
201522E501947,2,1,0,18,0,0,0,0,0,0,3,1,6,1,35,6,-1,-1,-1,-1,1,-1
201522E501954,1,9,0,17,0,0,0,0,7,4,1,1,6,2,20,4,1968,2,6,-1,3,-1
201522E501970,1,4,0,18,0,8,0,0,0,0,1,1,6,1,30,6,-1,-1,-1,-1,1,-1
201522E501970,2,9,0,10,0,8,0,0,0,0,2,1,6,2,44,7,1560,2,10,-1,1,-1
201522E501986,1,9,0,9,0,6,0,0,0,0,1,1,6,1,81,11,2254,1,15,-1,3,-1
201522E501986,2,9,0,18,0,8,0,0,0,0,4,1,6,2,76,11,1248,1,2,-1,3,-1
201522E501996,1,9,0,9,0,5,1,0,0,0,1,1,6,1,17,4,-1,-1,-1,-1,3,-1
201522E501996,2,9,0,18,0,8,0,0,1,10,3,1,6,1,48,8,2143,12,1,-1,3,-1
201522E502007,1,9,0,16,0,0,1,0,1,0,1,1,6,2,34,6,1229,1,6,-1,3,-1
201522E502007,2,3,0,17,0,0,0,0,1,0,1,1,6,1,18,4,124,1,1,-1,3,-1
201522E502011,1,9,0,18,0,0,0,0,0,0,1,1,6,2,20,4,1400,1,10,-1,3,-1
201522E502011,2,9,0,4,0,0,0,0,0,0,2,1,6,1,31,6,1360,1,9,-1,1,-1
201522E502017,1,1,0,18,0,1,0,0,0,0,1,1,6,1,12,3,-1,-1,-1,-1,1,-1
201522E502017,2,9,0,18,0,1,0,0,0,0,4,1,6,2,48,8,1242,1,1,-1,1,-1
201522E502034,1,9,0,17,0,0,1,0,1,0,1,1,6,1,22,5,1360,1,15,-1,3,-1
201522E502034,2,9,0,16,0,0,0,0,0,0,1,1,6,1,43,7,1984,1,18,-1,3,-1
201522E502040,1,9,0,18,0,1,1,0,0,0,1,1,6,2,44,7,2461,2,6,-1,1,-1
201522E502040,2,9,0,7,0,1,0,0,0,0,2,1,2,1,53,8,1686,2,11,-1,3,-1
201522E502064,1,9,0,18,0,0,0,0,0,0,0,1,6,2,35,6,1461,2,6,-1,3,-1
201522E502064,2,9,0,13,0,0,0,0,0,0,0,1,6,1,44,7,-1,-1,-1,-1,-1,-1
201522E502084,1,9,0,16,0,1,2,10,2,9,1,1,6,1,41,7,2401,2,11,-1,3,-1
201522E502087,1,9,0,6,8,0,0,0,0,0,1,1,6,1,55,8,1798,1,8,-1,1,-1
201522E502087,2,9,0,18,0,0,0,0,7,0,1,1,6,1,63,9,1995,2,5,-1,2,-1
201522E502090,1,9,0,9,0,6,0,0,0,0,3,1,6,1,77,11,1999,1,8,-1,3,-1
201522E502090,2,9,0,18,0,8,0,0,0,0,1,1,6,1,45,7,1997,2,13,-1,1,-1
201522E502093,1,9,0,17,0,0,2,0,7,0,3,1,6,2,31,6,1461,2,13,-1,2,-1
201522E502114,1,9,0,18,0,0,0,0,0,0,1,1,6,1,82,11,1997,2,2,-1,2,-1
201522E502114,2,9,0,18,0,0,0,0,0,0,1,1,6,2,75,10,1198,1,3,-1,1,-1
201522E502114,3,9,0,18,0,0,0,0,0,0,1,1,6,1,53,8,1999,1,9,-1,3,-1
201522E502117,1,5,0,17,0,8,0,0,7,0,1,1,6,1,24,5,645,1,8,-1,3,-1
201522E502117,2,9,0,5,0,6,0,0,0,0,1,1,6,2,81,11,999,1,14,-1,3,-1
201522E502125,1,19,0,12,0,8,1,0,1,10,3,1,1,1,42,7,2400,2,11,-1,1,-1
201522E502125,2,9,0,13,0,8,2,0,0,0,4,1,1,1,37,7,2400,2,-1,-1,-1,-1
201522E502141,1,9,0,18,0,1,0,0,1,10,1,1,6,1,55,8,1896,2,14,-1,1,-1
201522E502159,1,9,0,9,0,5,0,0,7,0,1,1,6,1,25,5,1598,1,20,-1,2,-1
201522E502159,2,9,0,18,0,8,0,0,1,0,1,1,6,1,56,9,1796,1,12,-1,3,-1
201522E502187,1,9,0,18,0,8,0,0,0,0,1,1,6,1,74,10,1871,2,13,-1,1,-1
201522E502187,2,9,0,18,0,8,2,10,1,10,1,1,6,1,47,8,1299,1,10,-1,-1,-1
201522E502197,1,9,0,18,0,8,1,0,0,0,1,1,2,2,39,7,2499,2,15,-1,1,-1
201522E502197,2,9,0,4,0,8,0,0,0,0,2,1,6,1,66,10,-1,-1,-1,-1,3,-1
201522E502197,3,9,0,10,0,8,0,0,0,0,0,1,6,1,46,8,2198,1,11,-1,3,-1
201522E502211,1,17,0,9,0,5,0,0,0,0,2,1,1,1,24,5,4400,2,9,-1,-1,-1
201522E502211,2,5,0,13,0,8,0,0,0,0,1,1,2,1,25,5,599,1,5,-1,3,-1
201522E502254,1,9,0,9,0,3,0,0,0,0,4,1,6,2,31,6,1390,1,3,-1,3,-1
201522E502254,2,19,0,18,0,4,0,0,0,0,1,1,1,2,31,6,-1,-1,-1,-1,1,-1
201522E502331,1,9,0,18,0,4,0,0,0,0,3,1,6,1,43,7,1229,1,3,-1,2,-1
201522E502331,2,1,0,18,0,8,1,0,0,0,1,1,6,1,32,6,-1,-1,-1,-1,3,-1
201522E502349,1,9,0,18,0,4,1,0,1,0,3,1,6,1,20,4,1360,1,17,-1,3,-1
201522E502349,2,9,0,18,0,8,0,0,0,0,1,1,6,1,22,5,1587,1,16,-1,2,-1
201522E502362,1,9,0,17,0,0,0,12,0,0,1,1,2,2,58,9,1970,1,10,-1,3,-1
201522E502362,2,9,0,16,0,0,0,0,0,0,1,1,1,1,48,8,2685,2,10,-1,3,-1
201522E502376,1,9,0,7,0,6,0,0,0,0,3,1,6,2,64,9,1197,1,1,-1,2,-1
201522E502376,2,21,1,18,0,8,0,0,0,0,1,1,1,1,64,9,6370,2,9,-1,-1,-1
201522E502396,1,9,0,16,0,0,0,0,1,4,1,1,6,1,67,10,1910,2,7,-1,1,-1
201522E502404,1,9,0,7,0,6,0,0,0,0,3,1,1,1,28,6,1998,2,13,-1,2,-1
201522E502404,2,1,0,18,0,8,0,0,0,0,1,1,2,1,32,6,-1,-1,-1,-1,1,-1
201522E502435,1,9,0,2,0,8,0,0,0,0,2,1,6,2,36,7,1198,1,6,-1,1,-1
201522E502435,2,9,0,14,0,8,0,4,0,0,4,1,6,2,68,10,1242,1,5,-1,3,-1
201522E502442,1,9,0,18,0,8,0,0,0,0,1,1,6,1,41,7,1596,1,11,-1,1,-1
201522E502442,2,9,0,10,0,8,0,0,0,0,2,1,6,2,40,7,1956,2,4,-1,3,-1
201522E502451,1,9,0,5,0,8,1,0,0,0,1,1,6,1,43,7,1390,1,9,-1,1,-1
201522E502451,2,9,0,5,0,8,0,0,0,0,2,1,6,3,-1,-1,3960,1,18,-1,-1,-1
201522E502453,1,9,0,7,0,6,0,0,0,0,3,1,6,2,32,6,1299,1,13,-1,1,-1
201522E502453,2,19,0,18,0,8,0,0,0,0,1,1,1,2,68,10,1560,2,6,-1,1,-1
201522E502474,1,19,0,18,0,8,0,0,0,0,2,1,6,1,73,10,2460,2,7,-1,1,-1
201522E502474,2,9,0,18,0,8,0,0,0,0,1,1,6,2,37,7,1560,2,4,-1,1,-1
201522E502474,3,9,0,18,0,8,0,0,0,1,0,1,6,2,22,5,1229,1,1,-1,3,-1
201522E502477,1,19,0,18,0,1,0,0,0,0,1,1,6,1,24,5,1598,2,3,-1,3,-1
201522E502477,2,9,0,3,0,1,0,0,0,0,2,1,6,1,42,7,1991,1,11,-1,1,-1
201522E502488,1,8,0,5,0,8,0,0,0,0,3,1,1,1,-1,-1,-1,-1,-1,-1,-1,-1
201522E502527,1,9,0,16,0,0,1,0,0,0,1,1,6,1,21,5,1299,1,13,-1,3,-1
201522E502527,2,9,0,17,0,0,0,0,0,0,1,1,1,2,35,6,1686,2,13,-1,1,-1
201522E502528,1,9,0,16,0,0,0,0,7,10,1,1,6,1,17,4,1587,1,18,-1,1,-1
201522E502528,2,9,0,17,0,0,0,0,0,0,1,1,6,1,17,4,1896,2,6,-1,1,-1
201522E502594,1,19,0,17,0,0,5,0,7,0,1,1,6,1,26,6,1998,2,10,-1,3,-1
201522E502627,1,9,0,16,0,8,0,6,7,0,1,1,2,1,20,4,-1,-1,-1,-1,1,-1
201522E502627,2,9,0,16,0,1,1,0,0,0,1,1,2,1,58,9,1596,1,12,-1,-1,-1
201522E502627,3,9,0,16,0,1,0,0,0,0,2,1,2,1,38,7,1910,2,8,-1,-1,-1
201522E502629,1,9,0,9,0,6,0,0,0,0,1,1,6,3,-1,-1,-1,-1,-1,-1,-1,-1
201522E502629,2,1,0,18,0,8,0,10,1,0,3,1,2,1,36,7,-1,-1,-1,-1,1,-1
201522E502636,1,9,0,9,0,5,0,0,0,0,1,1,2,2,22,5,1896,2,11,-1,-1,-1
201522E502636,2,4,0,18,0,8,0,0,0,0,1,1,2,1,20,4,124,1,9,-1,2,-1
201522E502651,1,9,0,17,0,8,0,0,0,0,1,1,1,1,45,7,1299,1,15,-1,1,-1
201522E502651,2,9,0,16,0,8,0,0,0,0,1,1,6,2,29,6,2902,2,13,-1,1,-1
201522E502669,1,9,0,18,0,0,5,0,2,10,1,1,6,1,48,8,993,1,12,-1,3,-1
201522E502676,1,9,0,9,0,6,0,0,0,0,0,1,6,1,84,11,1991,2,5,-1,-1,-1
201522E502676,2,9,0,18,0,8,0,10,0,0,4,1,1,2,28,6,-1,-1,-1,-1,1,-1
201522E502694,1,9,0,5,0,0,0,0,0,0,1,1,6,3,-1,-1,1995,2,3,-1,-1,-1
201522E502694,2,19,0,2,0,0,0,0,0,0,0,1,1,1,24,5,2464,2,8,-1,3,-1
201522E502704,1,9,0,9,0,5,0,0,0,0,4,1,1,2,56,9,996,1,1,-1,1,-1
201522E502704,2,3,0,18,0,8,0,0,0,0,1,1,6,1,20,4,125,1,2,-1,1,-1
201522E502719,1,9,0,16,0,0,2,0,7,4,1,1,6,1,23,5,1998,1,21,-1,3,-1
201522E502725,1,5,0,9,0,8,1,0,0,0,3,1,6,1,61,9,798,1,3,-1,1,-1
201522E502727,1,9,0,16,0,0,1,0,0,0,1,1,6,1,18,4,1905,2,17,-1,-1,-1
201522E502729,1,9,0,17,0,8,1,0,2,10,1,1,2,2,31,6,-1,-1,-1,-1,1,-1
201522E502738,1,9,0,17,0,2,0,0,0,0,1,1,6,1,20,4,1390,1,9,-1,2,-1
201522E502738,2,9,0,16,0,1,0,0,0,0,1,1,6,1,82,11,1796,1,11,-1,1,-1
201522E502757,1,9,0,18,0,1,0,10,0,0,1,1,6,1,37,7,1461,2,1,-1,-1,-1
201522E502757,2,19,0,3,0,1,0,0,0,0,2,1,6,1,34,6,1868,2,16,-1,1,-1
201522E502807,1,9,0,18,0,8,0,0,0,0,3,1,6,1,29,6,1686,2,1,-1,1,-1
201522E502807,2,5,0,18,0,5,0,0,0,0,1,1,6,1,44,7,999,1,7,-1,1,-1
201522E502831,1,9,0,18,0,3,0,10,0,0,1,1,6,2,19,4,1149,1,12,-1,-1,-1
201522E502831,2,9,0,18,0,4,0,0,0,0,1,1,6,1,34,6,-1,-1,-1,-1,2,-1
201522E502866,1,9,0,17,0,0,0,4,7,10,1,1,6,2,19,4,999,1,1,-1,1,-1
201522E502866,2,9,0,2,0,0,0,10,1,10,2,1,6,2,69,10,1598,1,12,-1,2,-1
201522E502868,1,9,0,18,0,8,0,0,1,10,1,1,6,1,23,5,1390,1,3,-1,3,-1
201522E502868,2,19,0,4,0,1,0,0,0,0,0,1,1,1,54,8,1998,2,9,-1,1,-1
201522E502877,1,9,0,14,0,0,0,0,0,0,3,1,6,3,-1,-1,2179,2,7,-1,-1,-1
201522E502877,2,9,5,18,0,0,0,0,0,0,3,1,6,1,46,8,1910,2,7,-1,1,-1
201522E502879,1,9,0,13,0,0,2,0,7,10,1,1,6,1,18,4,1598,1,10,-1,3,-1
201522E502882,1,9,0,16,0,0,0,10,8,2,1,1,6,3,-1,-1,2495,2,18,-1,-1,-1
201522E502882,2,9,0,18,0,0,0,0,0,0,1,1,6,1,63,9,1995,1,8,-1,3,-1
201522E502935,1,9,0,9,0,6,0,0,0,0,1,1,6,2,80,11,996,1,5,-1,3,-1
201522E502935,2,21,0,18,0,8,0,0,0,0,1,1,1,1,63,9,3920,2,10,-1,1,-1
201522E502957,1,19,0,5,0,1,0,0,0,0,1,1,1,1,64,9,2198,2,3,-1,1,-1
201522E502957,2,9,0,3,0,1,0,0,0,0,2,1,6,1,47,8,1598,1,16,-1,2,-1
201522E503028,1,9,0,16,0,0,2,10,7,10,1,1,6,1,26,6,1396,1,10,-1,1,-1
201522E503031,1,9,0,9,0,6,0,0,0,0,1,1,6,2,60,9,1997,1,14,-1,3,-1
201522E503031,2,9,0,18,0,8,0,0,0,0,1,1,6,1,45,7,2494,1,15,-1,3,-1
201522E503069,1,21,1,18,0,0,0,0,0,0,1,1,1,1,49,8,10518,2,2,-1,-1,-1
201522E503069,2,9,0,4,0,0,0,0,0,0,2,1,6,1,79,11,1360,1,11,-1,-1,-1
201522E503069,3,9,0,3,0,0,0,0,0,0,2,1,1,1,34,6,1560,2,1,-1,3,-1
201522E503072,1,9,0,9,0,5,0,0,0,0,1,1,2,2,42,7,1329,1,1,-1,1,-1
201522E503072,2,5,0,18,0,1,0,0,0,0,3,1,6,1,36,7,998,1,7,-1,1,-1
201522E503074,1,9,0,16,0,0,0,0,7,4,3,1,6,2,34,6,1753,2,9,-1,1,-1
201522E503074,2,9,0,17,0,0,0,0,0,0,3,1,6,2,34,6,1598,1,3,-1,-1,-1
201522E503105,1,9,0,9,0,5,0,0,0,0,4,1,6,1,53,8,1968,2,5,-1,1,-1
201522E503105,2,9,0,18,0,8,0,0,0,0,1,1,6,2,56,9,1799,1,9,-1,1,-1
201522E503115,1,9,0,16,0,0,5,0,1,4,4,1,2,2,19,4,-1,-1,-1,-1,2,-1
201522E503127,1,9,0,18,0,0,0,0,0,0,3,1,6,2,23,5,1229,1,4,-1,3,-1
201522E503127,2,9,0,18,0,0,0,0,0,0,3,1,6,2,38,7,998,1,1,-1,1,-1
201522E503129,1,9,0,4,0,1,0,0,0,0,1,1,6,1,48,8,1199,2,3,-1,3,-1
201522E503129,2,9,0,3,0,1,0,0,0,0,2,1,6,1,40,7,1598,1,12,-1,3,-1
201522E503137,1,9,0,18,0,0,1,0,4,6,1,1,1,1,22,5,1560,2,1,-1,1,-1
201522E503137,2,19,0,18,0,0,0,0,0,0,1,1,1,1,37,7,1598,2,-1,-1,1,-1
201522E503178,1,3,0,17,0,0,1,0,1,0,4,1,6,1,20,4,124,1,3,-1,1,-1
201522E503200,1,9,0,17,0,8,0,0,0,0,1,1,6,1,24,5,2324,1,12,-1,1,-1
201522E503200,2,9,0,10,0,8,1,0,0,0,2,1,6,1,48,8,1796,1,10,-1,1,-1
201522E503206,1,1,0,18,0,1,1,8,0,0,1,1,6,1,40,7,-1,-1,-1,-1,-1,-1
201522E503206,2,9,0,3,0,1,0,0,0,0,4,1,6,3,-1,-1,-1,-1,-1,-1,-1,-1
201522E503211,1,9,0,7,0,5,0,10,7,10,1,1,6,1,21,5,-1,-1,-1,-1,1,-1
201522E503216,1,1,0,18,0,1,0,0,0,0,1,1,6,2,35,6,-1,-1,-1,-1,1,-1
201522E503216,2,9,0,6,0,1,0,0,0,0,1,1,6,1,-1,-1,-1,-1,-1,-1,-1,-1
201522E503257,1,9,0,17,0,2,0,10,7,10,1,1,6,1,18,4,1587,1,13,-1,3,-1
201522E503257,2,9,0,17,0,2,0,0,0,0,0,1,6,1,19,4,1242,1,14,-1,3,-1
201522E503261,1,9,0,16,0,0,1,0,0,0,1,1,2,2,19,4,998,1,12,-1,3,-1
201522E503261,2,9,0,17,0,0,0,0,0,0,1,1,2,1,38,7,1390,1,9,-1,-1,-1
201522E503266,1,19,0,18,0,4,0,0,0,0,1,1,1,1,45,7,2198,2,1,-1,-1,-1
201522E503266,2,9,0,3,0,3,0,0,0,0,2,1,6,1,49,8,1999,1,9,-1,1,-1
201522E503307,1,9,0,18,0,0,5,10,1,10,1,1,6,1,50,8,1497,1,13,-1,1,-1
201522E503314,1,9,4,18,0,0,5,10,0,0,4,1,1,1,27,6,2402,2,5,-1,2,-1
201522E503317,1,9,0,4,0,1,0,0,0,0,1,1,6,1,31,6,1968,2,11,-1,1,-1
201522E503317,2,1,0,18,0,2,0,0,0,0,1,1,6,1,13,3,-1,-1,-1,-1,1,-1
201522E503319,1,1,0,18,0,4,0,0,0,0,3,1,6,1,26,6,-1,-1,-1,-1,-1,-1
201522E503319,2,9,0,18,0,8,0,0,0,0,1,1,6,1,62,9,-1,-1,-1,-1,1,-1
201522E503320,1,8,0,17,0,2,1,0,7,4,4,1,1,1,49,8,1995,2,9,-1,1,-1
201522E503325,1,19,4,18,0,0,0,0,0,0,0,1,1,1,21,5,2402,2,4,-1,3,-1
201522E503325,2,9,0,18,0,0,0,0,1,10,1,1,6,1,57,9,1360,1,15,-1,3,-1
201522E503337,1,9,0,18,0,0,0,0,0,0,3,1,6,1,19,4,998,1,1,-1,1,-1
201522E503337,2,9,0,18,0,0,0,0,0,0,3,1,6,2,28,6,2179,2,3,-1,3,-1
201522E503343,1,9,0,17,0,0,2,0,7,10,1,1,2,1,21,5,1362,1,1,-1,3,-1
201522E503350,1,9,0,1,0,0,0,0,0,0,2,1,1,2,58,9,1596,1,10,-1,2,-1
201522E503352,1,9,0,17,0,0,0,0,0,0,1,1,6,2,33,6,1360,1,14,-1,-1,-1
201522E503352,2,9,0,16,0,0,0,0,1,0,1,1,2,1,38,7,1598,1,16,-1,1,-1
201522E503354,1,3,0,7,0,5,1,0,7,10,1,1,6,1,24,5,125,1,-1,-1,1,-1
201522E503369,1,9,0,18,0,8,0,0,0,0,1,1,6,2,-1,-1,1598,2,1,-1,-1,-1
201522E503369,2,1,0,18,0,6,0,0,0,0,1,1,6,2,16,4,-1,-1,-1,-1,1,-1
201522E503373,1,9,0,18,0,0,0,0,0,0,1,1,6,2,21,5,1397,1,13,-1,3,-1
201522E503393,1,4,0,18,0,3,0,0,5,2,1,1,6,1,64,9,1170,1,4,-1,3,-1
201522E503413,1,9,0,18,0,8,0,0,0,0,1,1,6,1,58,9,1390,1,2,-1,3,-1
201522E503413,2,9,0,10,0,8,0,0,0,0,2,1,6,2,18,4,-1,-1,-1,-1,2,-1
201522E503441,1,9,0,18,0,0,1,0,0,0,3,1,2,1,39,7,1587,1,12,-1,-1,-1
201522E503441,2,20,4,18,0,0,0,0,0,0,1,1,1,1,55,8,-1,-1,-1,-1,-1,-1
201522E503447,1,9,0,7,0,6,0,0,0,0,1,1,1,1,40,7,2497,2,12,-1,3,-1
201522E503447,2,1,0,18,0,6,0,0,0,0,1,1,2,1,29,6,-1,-1,-1,-1,1,-1
201522E503448,1,5,0,18,0,0,0,0,0,0,1,1,6,1,48,8,1200,1,64,-1,3,-1
201522E503456,1,9,0,18,0,0,0,11,0,0,0,1,6,1,28,6,1588,1,13,-1,2,-1
201522E503520,1,9,0,18,0,8,0,0,0,0,1,1,6,2,41,7,-1,-1,-1,-1,3,-1
201522E503520,2,8,0,3,0,8,0,0,0,0,2,1,1,1,42,7,1995,2,5,-1,1,-1
201522E503520,3,9,0,10,0,8,0,0,0,0,2,1,6,1,50,8,1956,2,1,-1,-1,-1
201522E503531,1,9,0,18,0,0,1,0,0,0,1,1,6,1,68,10,1461,2,8,-1,-1,-1
201522E503531,2,9,0,4,0,0,0,0,0,0,2,1,6,2,22,5,1199,1,11,-1,-1,-1
201522E503531,3,9,0,4,0,0,0,0,0,0,2,1,6,2,47,8,1397,1,14,-1,2,-1
201522E503544,1,90,5,5,0,0,0,0,0,0,1,1,6,2,21,5,-1,-1,-1,-1,1,-1
201522E503544,2,9,0,18,0,0,0,0,0,0,3,1,6,1,63,9,1124,1,12,-1,3,-1
201522E503544,3,9,0,3,0,0,0,0,0,0,1,1,6,2,74,10,1560,2,4,-1,3,-1
201522E503544,4,9,0,3,0,0,0,0,0,0,0,1,6,1,75,10,-1,-1,-1,-1,3,-1
201522E503573,1,19,0,13,0,0,0,0,0,0,0,1,1,1,27,6,1968,2,3,-1,2,-1
201522E503573,2,19,0,18,0,0,0,0,7,0,1,1,1,1,27,6,1598,2,1,-1,-1,-1
201522E503622,1,9,0,9,0,6,0,0,0,0,0,1,2,2,66,10,1896,2,17,-1,-1,-1
201522E503622,2,9,0,18,0,1,0,10,0,0,4,1,6,1,21,5,1968,2,6,-1,1,-1
201522E503627,1,1,0,18,0,0,0,0,0,0,3,1,6,1,49,8,-1,-1,-1,-1,1,-1
201522E503627,2,9,0,13,0,0,0,0,0,0,4,1,6,3,-1,-1,-1,-1,-1,-1,-1,-1
201522E503633,1,9,0,9,0,5,0,0,0,0,4,1,6,1,48,8,3189,1,11,-1,3,-1
201522E503633,2,2,0,18,0,8,0,0,0,0,1,1,6,1,19,4,49,1,15,-1,-1,-1
201522E503636,1,5,0,17,0,0,1,0,7,0,3,1,6,1,46,8,1450,1,13,-1,3,-1
201522E503637,1,9,0,18,0,1,1,0,0,0,3,1,6,1,48,8,1229,1,9,-1,3,-1
201522E503641,1,9,0,18,0,0,0,0,0,0,1,1,6,2,19,4,1299,1,12,-1,3,-1
201522E503641,2,9,0,4,0,0,0,0,0,0,2,1,6,1,44,7,-1,-1,-1,-1,1,-1
201522E503642,1,9,0,17,0,0,5,0,8,0,1,1,6,1,36,7,1995,2,13,-1,3,-1
201522E503653,1,9,0,13,0,0,0,0,0,0,4,1,2,2,22,5,1329,1,3,-1,1,-1
201522E503653,2,1,0,18,0,0,0,10,1,0,3,1,6,2,58,9,-1,-1,-1,-1,1,-1
201522E503656,1,5,0,16,0,0,0,0,7,0,1,1,6,1,28,6,646,1,10,-1,3,-1
201522E503656,2,9,0,17,0,0,0,0,0,0,1,1,2,1,52,8,-1,-1,-1,-1,3,-1
201522E503701,1,9,0,17,0,0,0,0,1,4,1,1,6,1,78,11,1328,1,6,-1,-1,-1
201522E503717,1,9,0,9,0,4,0,0,0,0,1,1,6,2,72,10,2170,2,10,-1,1,-1
201522E503717,2,1,0,17,0,8,0,0,0,0,4,1,6,2,49,8,-1,-1,-1,-1,1,-1
201522E503719,1,5,0,14,0,0,0,0,0,0,4,1,2,1,45,7,599,1,8,-1,3,-1
201522E503719,2,1,0,14,0,0,0,0,0,0,3,1,6,1,44,7,-1,-1,-1,-1,-1,-1
201522E503722,1,9,0,13,0,0,0,0,0,0,1,1,6,1,45,7,1753,2,7,-1,-1,-1
201522E503722,2,9,0,16,0,0,0,0,0,0,1,1,6,1,47,8,1679,1,17,-1,1,-1
201522E503723,1,9,0,9,0,6,0,0,0,0,4,1,2,2,48,8,1598,2,3,-1,1,-1
201522E503723,2,4,0,13,0,8,0,0,0,0,3,1,2,1,61,9,124,1,5,-1,1,-1
201522E503726,1,19,4,5,0,6,0,0,0,0,2,1,2,1,69,10,-1,-1,-1,-1,-1,-1
201522E503726,2,5,0,17,0,8,0,0,0,0,1,1,6,1,33,6,748,1,33,-1,1,-1
201522E503727,1,9,0,9,0,5,0,0,0,0,3,1,6,2,53,8,2148,2,11,-1,1,-1
201522E503727,2,9,0,18,0,6,0,0,0,0,4,1,6,2,54,8,-1,-1,-1,-1,1,-1
201522E503752,1,9,0,4,0,1,1,0,0,0,1,1,6,1,17,4,1997,2,11,-1,3,-1
201522E503752,2,9,0,17,0,8,0,0,0,0,1,1,6,1,66,10,1242,1,2,-1,3,-1
201522E503801,1,9,0,18,0,2,0,0,0,0,1,1,1,1,53,8,-1,-1,-1,-1,1,-1
201522E503817,1,9,0,1,9,6,0,0,1,10,4,1,6,1,82,11,1240,1,6,-1,1,-1
201522E503821,1,5,0,9,0,8,0,0,0,0,4,1,6,1,54,8,899,1,14,-1,1,-1
201522E503821,2,9,0,17,0,4,0,0,0,0,1,1,6,2,74,10,1399,1,5,-1,1,-1
201522E503837,1,9,0,18,0,0,0,0,0,0,1,1,6,1,77,11,1398,1,11,-1,1,-1
201522E503837,2,9,0,18,0,0,0,0,0,0,1,1,6,2,21,5,1360,1,9,-1,3,-1
201522E503855,1,9,0,18,0,0,0,0,0,0,1,1,6,3,-1,-1,-1,-1,-1,-1,-1,-1
201522E503878,1,9,0,18,0,1,0,0,1,0,1,1,2,1,53,8,2685,2,11,-1,1,-1
201522E503878,2,21,1,9,0,6,0,0,0,0,3,1,1,1,56,9,12900,2,7,-1,3,-1
201522E503892,1,9,0,18,0,6,0,0,0,0,3,1,1,2,26,6,1560,2,7,-1,1,-1
201522E503892,2,9,0,18,0,1,0,0,7,1,4,1,6,2,69,10,1598,1,8,-1,1,-1
201522E503917,1,9,0,18,0,4,0,0,0,0,3,1,6,2,18,4,-1,-1,-1,-1,1,-1
201522E503917,2,1,0,18,0,3,0,0,0,0,1,1,6,2,41,7,-1,-1,-1,-1,1,-1
201522E503951,1,9,0,16,0,0,0,0,1,1,1,1,6,2,25,5,2378,1,11,-1,3,-1
201522E503957,1,9,0,18,0,0,0,0,0,0,1,1,6,2,50,8,2198,2,4,-1,-1,-1
201522E503957,2,9,0,18,0,0,0,0,0,0,1,1,6,1,52,8,1198,1,-1,-1,-1,-1
201522E503959,1,9,0,9,0,8,0,0,0,0,3,1,6,2,18,4,1242,1,5,-1,3,-1
201522E503959,2,9,0,11,0,8,0,0,0,0,4,1,6,1,73,10,-1,-1,-1,-1,3,-1
201522E503967,1,19,0,17,0,0,5,0,7,10,4,1,1,1,28,6,2148,2,6,-1,1,-1
201522E503986,1,9,0,18,0,0,0,0,7,9,1,1,6,1,83,11,-1,-1,-1,-1,1,-1
201522E503993,1,9,0,9,0,6,0,0,0,0,1,1,6,1,52,8,1998,2,7,-1,3,-1
201522E503993,2,9,0,18,0,8,0,10,1,10,4,1,6,2,30,6,1598,1,15,-1,1,-1
201522E503995,1,9,0,17,0,8,5,0,7,0,4,1,6,2,21,5,1360,1,15,-1,-1,-1
201522E503995,2,9,0,18,0,8,0,0,0,0,1,1,6,1,50,8,2495,2,13,-1,3,-1
201522E504004,1,9,0,18,0,0,0,4,0,0,1,1,6,2,34,6,1984,1,8,-1,1,-1
201522E504004,2,9,0,2,0,0,0,0,0,0,1,1,6,2,55,8,1997,1,14,-1,3,-1
201522E504022,1,9,0,7,0,6,0,0,0,0,3,1,6,2,70,10,1390,1,10,-1,3,-1
201522E504022,2,21,0,9,0,6,0,0,0,0,4,1,1,3,-1,-1,-1,-1,-1,-1,-1,-1
201522E504032,1,9,0,9,0,5,0,0,7,0,3,1,6,1,42,7,2179,2,8,-1,3,-1