Accident_Index,Vehicle_Reference,Vehicle_Type,Towing_and_Articulation,Vehicle_Manoeuvre,Vehicle_Location-Restricted_Lane,Junction_Location,Skidding_and_Overturning,Hit_Object_in_Carriageway,Vehicle_Leaving_Carriageway,Hit_Object_off_Carriageway,1st_Point_of_Impact,Was_Vehicle_Left_Hand_Drive?,Journey_Purpose_of_Driver,Sex_of_Driver,Age_of_Driver,Age_Band_of_Driver,Engine_Capacity_(CC),Propulsion_Code,Age_of_Vehicle,Driver_IMD_Decile,Driver_Home_Area_Type,Vehicle_IMD_Decile
201522E504032,2,9,0,13,0,8,0,0,7,0,1,1,6,1,29,6,2494,1,14,-1,2,-1
201522E504034,1,9,0,9,0,6,0,0,0,0,1,1,6,1,46,8,2494,2,2,-1,1,-1
201522E504034,2,9,0,18,0,8,0,0,0,0,4,1,1,2,30,6,1998,2,6,-1,3,-1
201522E504049,1,9,0,13,0,8,0,0,0,0,1,1,1,1,40,7,2982,2,2,-1,3,-1
201522E504049,2,17,4,9,0,5,0,0,0,0,3,1,1,1,20,4,-1,2,8,-1,3,-1
201522E504057,1,9,0,17,0,8,0,0,2,4,4,1,6,1,21,5,-1,-1,-1,-1,3,-1
201522E504057,2,20,0,5,0,6,0,0,0,0,0,1,1,1,34,6,-1,-1,-1,-1,-1,-1
201522E504121,1,9,0,9,0,5,0,0,0,0,1,1,6,1,48,8,-1,-1,-1,-1,1,-1
201522E504121,2,3,0,8,0,1,0,0,0,0,1,1,6,1,40,7,125,1,-1,-1,1,-1
201522E504130,1,9,0,8,0,1,0,0,0,0,2,1,6,2,56,9,1951,2,15,-1,1,-1
201522E504130,2,9,0,4,0,1,0,0,0,0,1,1,6,3,-1,-1,1497,1,13,-1,-1,-1
201522E504141,1,9,0,17,0,0,1,0,1,9,1,1,6,1,17,4,1299,1,7,-1,3,-1
201522E504151,1,9,0,5,0,4,0,0,0,0,1,1,6,1,59,9,1560,2,2,-1,-1,-1
201522E504151,2,9,0,4,0,1,0,0,0,0,2,1,6,1,29,6,-1,-1,-1,-1,1,-1
201522E504212,1,9,0,9,0,5,0,0,0,0,1,1,2,2,30,6,-1,-1,-1,-1,1,-1
201522E504218,1,9,0,17,0,0,5,0,1,1,1,1,6,1,19,4,1910,2,11,-1,1,-1
201522E504220,1,9,0,13,0,0,0,0,0,0,1,1,6,1,27,6,3222,2,10,-1,1,-1
201522E504220,2,9,0,18,0,0,0,0,0,0,1,1,6,1,24,5,1596,1,5,-1,3,-1
201522E504234,1,9,0,18,0,0,0,0,7,4,1,1,1,2,21,5,2231,2,3,-1,1,-1
201522E504237,1,9,0,4,0,1,0,0,0,0,1,1,6,2,41,7,1689,2,13,-1,3,-1
201522E504237,2,9,0,3,0,1,0,0,0,0,2,1,6,2,32,6,1796,1,16,-1,1,-1
201522E504237,3,9,0,3,0,1,0,0,0,0,2,1,6,2,58,9,1388,1,7,-1,1,-1
201522E504239,1,20,0,2,0,0,0,0,0,0,4,1,1,1,47,8,4500,2,1,-1,1,-1
201522E504239,2,9,0,17,0,0,1,4,2,0,1,1,2,1,25,5,1597,1,7,-1,3,-1
201522E504243,1,9,0,7,0,5,1,0,7,4,1,1,6,1,52,8,1868,2,15,-1,1,-1
201522E504252,1,8,0,16,0,0,0,0,0,0,1,1,1,1,48,8,-1,-1,-1,-1,1,-1
201522E504252,2,19,0,17,0,0,0,0,0,0,1,1,1,1,30,6,2143,2,-1,-1,-1,-1
201522F500073,1,8,0,18,0,1,0,4,0,0,1,1,1,1,55,8,-1,-1,-1,-1,1,-1
201522F500073,2,9,0,2,0,1,0,0,1,0,2,1,6,2,26,6,-1,-1,-1,-1,1,-1
201522F500080,1,9,0,16,0,8,1,0,0,0,1,1,6,1,19,4,1905,2,18,-1,3,-1
201522F500080,2,9,0,3,0,8,0,0,0,0,2,1,6,2,33,6,1997,2,12,-1,2,-1
201522F500088,1,9,0,16,0,0,0,0,0,0,1,1,6,1,48,8,1896,2,12,-1,3,-1
201522F500088,2,90,0,16,0,0,0,0,0,0,2,1,6,2,44,7,-1,-1,-1,-1,1,-1
201522F500096,1,9,0,11,0,2,0,0,0,0,0,1,6,3,-1,-1,-1,-1,-1,-1,-1,-1
201522F500096,2,5,0,18,0,2,0,10,0,0,1,1,2,1,20,4,599,1,4,-1,1,-1
201522F500113,1,9,0,13,0,0,0,0,0,0,0,1,1,1,33,6,1686,2,1,-1,-1,-1
201522F500113,2,9,0,4,0,0,0,0,0,0,2,1,6,2,66,10,1560,2,8,-1,3,-1
201522F500113,3,9,0,4,0,0,0,0,0,0,1,1,6,2,22,5,1598,1,10,-1,1,-1
201522F500125,1,9,0,18,0,8,0,0,0,0,1,1,6,2,49,8,1199,2,3,-1,2,-1
201522F500125,2,9,0,8,0,8,0,0,0,0,2,1,6,2,37,7,1461,2,11,-1,3,-1
201522F500127,1,9,0,16,0,0,0,0,8,10,1,1,6,2,20,4,-1,-1,-1,-1,2,-1
201522F500149,1,9,0,18,0,4,0,0,0,0,1,1,6,2,61,9,1150,1,7,-1,1,-1
201522F500149,2,1,0,18,0,8,0,0,0,0,4,1,6,1,66,10,-1,-1,-1,-1,1,-1
201522F500164,1,5,0,16,0,0,0,0,7,10,1,1,6,1,55,8,998,1,10,-1,2,-1
201522F500172,1,19,0,18,0,0,0,0,0,0,1,1,1,1,23,5,1995,2,2,-1,3,-1
201522F500172,2,9,0,4,0,0,0,0,0,0,2,1,1,1,42,7,1984,1,2,-1,1,-1
201522F500172,3,21,4,4,0,0,0,0,0,0,2,1,1,1,21,5,11705,2,10,-1,3,-1
201522F500174,1,9,0,9,0,6,0,0,0,0,1,1,6,1,60,9,1994,1,11,-1,3,-1
201522F500174,2,5,0,18,0,8,1,0,0,0,1,1,6,1,35,6,1352,1,6,-1,1,-1
201522F500176,1,9,0,4,0,0,0,0,0,0,1,1,2,2,20,4,1390,1,12,-1,2,-1
201522F500176,2,19,0,4,0,0,0,0,0,0,2,1,1,1,42,7,4485,2,1,-1,3,-1
201522F500190,1,9,0,18,0,0,0,0,0,0,4,1,6,2,49,8,1995,2,9,-1,3,-1
201522F500195,1,90,0,18,0,0,0,0,1,10,1,1,6,1,42,7,-1,-1,-1,-1,3,-1
201522F500195,2,9,0,18,0,0,0,0,0,0,1,1,6,1,45,7,1910,2,9,-1,-1,-1
201522F500213,1,9,0,18,0,4,0,0,0,0,3,1,6,1,51,8,1364,1,1,-1,3,-1
201522F500213,2,1,0,18,0,8,0,0,0,0,1,1,6,1,58,9,-1,-1,-1,-1,1,-1
201522F500220,1,21,1,18,0,0,0,0,0,0,1,1,1,1,57,9,12777,2,4,-1,1,-1
201522F500220,2,9,0,3,0,0,0,0,0,0,2,1,6,1,25,5,-1,-1,-1,-1,1,-1
201522F500220,3,19,0,3,0,0,0,0,0,0,2,1,2,2,58,9,-1,-1,-1,-1,1,-1
201522F500222,1,9,0,17,0,0,2,0,7,10,1,1,6,2,60,9,-1,-1,-1,-1,2,-1
201522F500228,1,17,0,9,0,5,0,0,7,0,1,1,6,1,39,7,904,2,1,-1,3,-1
201522F500228,2,9,0,17,0,8,0,0,0,0,3,1,6,1,45,7,1984,2,3,-1,-1,-1
201522F500237,1,9,0,18,0,0,0,0,0,0,1,1,6,1,66,10,1985,1,18,-1,1,-1
201522F500250,1,9,0,18,0,4,0,0,0,0,1,1,6,2,50,8,1598,2,2,-1,1,-1
201522F500250,2,9,0,9,0,8,0,0,0,0,2,1,1,2,53,8,1560,2,-1,-1,1,-1
201522F500254,1,9,0,18,0,0,0,0,0,0,1,1,1,2,20,4,1956,2,-1,-1,-1,-1
201522F500254,2,9,0,4,0,0,0,0,0,0,2,1,6,1,44,7,2993,2,11,-1,1,-1
201522F500254,3,9,0,4,0,0,0,0,0,0,2,1,6,1,42,7,1753,2,15,-1,2,-1
201522F500268,1,9,0,18,0,0,0,0,2,4,1,1,1,2,37,7,1896,2,15,-1,1,-1
201522F500275,1,9,0,2,0,0,0,0,0,0,2,1,6,1,71,10,1997,2,12,-1,1,-1
201522F500275,2,9,0,4,0,0,0,4,0,0,1,1,6,1,92,11,1796,1,7,-1,2,-1
201522F500277,1,9,0,4,0,4,0,0,0,0,1,1,6,2,42,7,1997,2,11,-1,1,-1
201522F500277,2,9,0,18,0,8,0,0,0,0,1,1,1,2,42,7,1587,1,15,-1,1,-1
201522F500279,1,9,0,18,0,8,0,0,0,0,1,1,6,1,30,6,1995,2,5,-1,-1,-1
201522F500279,2,9,0,4,0,8,0,0,0,0,2,1,6,2,23,5,998,1,-1,-1,2,-1
201522F500279,3,9,0,10,0,8,0,0,0,0,2,1,6,1,47,8,2498,1,15,-1,3,-1
201522F500285,1,9,0,17,0,0,0,0,0,0,4,1,6,2,49,8,1798,1,7,-1,3,-1
201522F500285,2,1,0,17,0,0,0,0,0,0,3,1,6,1,12,3,-1,-1,-1,-1,2,-1
201522F500288,1,9,0,18,0,0,0,0,0,0,1,1,6,2,60,9,-1,-1,-1,-1,1,-1
201522F500288,2,9,0,18,0,0,0,0,0,0,1,1,6,1,22,5,-1,-1,-1,-1,2,-1
201522F500288,3,17,0,18,0,0,1,6,0,0,2,1,1,1,23,5,6788,2,1,-1,3,-1
201522F500292,1,19,0,18,0,0,0,0,0,0,4,1,6,3,-1,-1,-1,-1,-1,-1,-1,-1
201522F500292,2,9,0,2,0,0,0,0,0,0,0,1,6,1,43,7,2926,2,13,-1,1,-1
201522F500299,1,9,0,1,0,0,0,0,0,0,2,1,6,1,56,9,2143,2,3,-1,3,-1
201522F500301,1,9,0,18,0,0,5,0,1,0,1,1,2,2,56,9,-1,-1,-1,-1,2,-1
201522F500301,2,9,0,18,0,0,0,0,0,0,1,1,1,1,38,7,-1,-1,-1,-1,1,-1
201522F500357,1,19,0,16,0,0,0,0,0,0,3,1,1,1,23,5,-1,-1,-1,-1,2,-1
201522F500357,2,21,1,17,0,0,1,0,0,0,3,1,1,1,53,8,10837,2,4,-1,1,-1
201522F500399,1,9,0,18,0,1,0,0,0,0,1,1,3,2,29,6,1598,1,8,-1,3,-1
201522F500401,1,9,0,13,0,8,0,0,0,0,4,1,6,3,-1,-1,-1,-1,-1,-1,-1,-1
201522F500401,2,9,0,4,0,8,0,0,0,0,3,1,6,2,52,8,1560,2,7,-1,2,-1
201522F500432,1,9,0,18,0,0,0,0,0,0,1,1,2,2,43,7,1598,1,8,-1,2,-1
201522F500441,1,1,0,18,0,0,0,10,0,0,1,1,6,1,26,6,-1,-1,-1,-1,1,-1
201522F500467,1,9,0,17,0,0,1,0,0,0,3,1,6,1,32,6,1360,1,4,-1,-1,-1
201522F500467,2,9,0,16,0,0,0,0,0,0,3,1,6,2,23,5,1587,1,10,-1,-1,-1
201522F500482,1,3,0,13,0,0,0,0,0,0,1,1,2,1,41,7,150,1,2,-1,1,-1
201522F500482,2,9,0,9,0,0,0,0,0,0,3,1,6,1,23,5,1598,1,13,-1,1,-1
201522F500484,1,9,0,18,0,1,0,0,0,0,1,1,6,1,22,5,1984,1,14,-1,2,-1
201522F500484,2,9,0,3,0,1,0,0,0,0,2,1,6,2,27,6,1896,2,9,-1,2,-1
201522F500485,1,9,0,18,0,1,0,0,0,0,1,1,6,1,18,4,-1,-1,-1,-1,2,-1
201522F500485,2,9,0,10,0,1,0,0,0,0,2,1,6,2,58,9,-1,-1,-1,-1,3,-1
201522F500520,1,9,0,14,0,1,0,0,0,0,3,1,1,2,26,6,1686,2,2,-1,-1,-1
201522F500524,1,9,0,3,0,1,0,0,0,0,2,1,6,1,32,6,1997,1,14,-1,1,-1
201522F500524,2,9,0,5,0,1,0,0,0,0,1,1,6,3,-1,-1,-1,-1,-1,-1,-1,-1
201522F500526,1,19,0,1,0,8,0,0,0,0,2,1,1,3,-1,-1,1753,2,9,-1,1,-1
201522F500526,2,3,0,4,0,8,0,0,0,0,1,1,6,1,18,4,125,1,2,-1,1,-1
201522F500535,1,19,0,18,0,0,0,0,0,0,1,1,1,1,50,8,2461,2,6,-1,1,-1
201522F500535,2,19,0,3,0,0,0,0,0,0,2,1,1,1,38,7,-1,-1,-1,-1,1,-1
201522F500535,3,9,0,3,0,0,0,0,0,0,2,1,6,2,44,7,1229,1,6,-1,2,-1
201522F500538,1,9,0,18,0,0,0,0,0,0,1,1,2,1,21,5,1390,1,11,-1,2,-1
201522F500563,1,9,0,4,0,1,0,0,0,0,1,1,6,1,42,7,2393,1,13,-1,1,-1
201522F500563,2,9,0,3,0,1,0,0,0,0,2,1,6,1,45,7,-1,-1,-1,-1,1,-1
201522F500565,1,9,0,18,0,0,2,0,1,4,1,1,6,2,17,4,-1,-1,-1,-1,2,-1
201522F500579,1,9,0,18,0,1,0,0,0,0,1,1,6,3,-1,-1,1998,2,13,-1,-1,-1
201522F500579,2,9,0,9,0,1,0,0,0,0,2,1,6,1,22,5,1368,1,3,-1,3,-1
201522F500585,1,9,0,1,0,0,0,0,0,0,2,1,6,2,38,7,1956,2,1,-1,3,-1
201522F500592,1,9,0,7,0,6,1,10,0,0,1,1,2,1,24,5,1242,1,11,-1,1,-1
201522F500592,2,9,0,3,0,1,0,0,0,0,1,1,2,2,28,6,1149,1,5,-1,3,-1
201522F500632,1,9,0,4,0,1,0,0,0,0,2,1,6,2,41,7,1582,2,3,-1,1,-1
201522F500632,2,19,0,18,0,1,1,0,0,0,1,1,6,3,-1,-1,-1,-1,-1,-1,-1,-1
201522F500642,1,9,0,18,0,1,0,0,0,0,4,1,6,2,76,11,1360,1,10,-1,1,-1
201522F500651,1,19,0,18,0,6,2,0,1,0,3,1,6,2,25,5,2287,2,3,-1,1,-1
201522F500651,2,9,0,18,0,1,1,0,0,0,1,1,6,2,49,8,2198,2,-1,-1,3,-1
201522F500651,3,9,0,18,0,1,0,0,0,0,1,1,6,2,44,7,1390,1,10,-1,3,-1
201522F500654,1,9,0,3,0,1,0,0,0,0,2,1,6,2,54,8,1992,2,9,-1,-1,-1
201522F500654,2,9,0,4,0,1,0,0,0,0,1,1,6,1,75,10,1850,1,16,-1,1,-1
201522F500656,1,9,0,18,0,0,0,0,0,0,1,1,6,1,81,11,-1,-1,-1,-1,3,-1
201522F500656,2,9,0,18,0,0,0,0,2,10,1,1,6,1,82,11,-1,-1,-1,-1,3,-1
201522F500657,1,9,0,18,0,2,0,0,0,0,1,1,3,2,56,9,-1,-1,-1,-1,1,-1
201522F500657,2,21,1,18,0,1,0,0,0,0,1,1,1,1,28,6,7146,2,7,-1,3,-1
201522F500661,1,2,0,18,0,0,1,0,0,0,3,1,6,1,17,4,49,1,4,-1,1,-1
201522F500667,1,9,0,1,0,6,0,0,0,0,2,1,6,2,27,6,1598,1,8,-1,-1,-1
201522F500686,1,9,0,4,0,1,0,10,7,10,1,1,6,2,80,11,-1,-1,-1,-1,3,-1
201522F500718,1,9,0,4,0,3,0,0,0,0,1,1,6,1,58,9,1560,2,1,-1,-1,-1
201522F500718,2,9,0,3,0,2,0,0,0,0,2,1,6,2,28,6,1900,2,10,-1,1,-1
201522F500722,1,9,0,13,0,0,0,0,0,0,0,1,6,3,-1,-1,-1,-1,-1,-1,-1,-1
201522F500722,2,9,0,18,0,0,2,0,1,10,1,1,6,2,42,7,-1,-1,-1,-1,3,-1
201522F500727,1,90,0,9,0,5,0,0,8,10,2,1,1,1,70,10,-1,-1,-1,-1,2,-1
201522F500727,2,9,0,18,0,8,0,0,0,0,1,1,6,1,25,5,-1,-1,-1,-1,2,-1
201522F500731,1,1,0,18,0,0,0,11,0,0,1,1,6,1,47,8,-1,-1,-1,-1,1,-1
201522F500732,1,1,0,18,0,0,0,4,0,0,1,1,6,1,22,5,-1,-1,-1,-1,1,-1
201522F500732,2,9,0,2,0,0,0,0,0,0,2,1,6,2,59,9,1598,1,6,-1,1,-1
201522F500770,1,19,0,8,0,1,0,0,0,0,2,1,6,1,40,7,-1,-1,-1,-1,-1,-1
201522F500770,2,1,0,18,0,1,0,0,0,0,1,1,2,1,33,6,-1,-1,-1,-1,1,-1
201522F500773,1,9,0,13,0,0,0,0,0,0,3,1,6,3,-1,-1,-1,-1,-1,-1,-1,-1
201522F500773,2,19,0,18,0,0,0,0,0,0,3,1,2,1,41,7,1686,2,7,-1,1,-1
201522F500782,1,9,0,18,0,0,5,0,2,10,1,1,6,2,34,6,-1,-1,-1,-1,2,-1
201522F500796,1,5,0,13,0,8,1,0,7,0,1,1,6,1,40,7,1441,1,3,-1,1,-1
201522F500796,2,9,0,9,0,5,0,0,0,0,3,1,6,1,21,5,-1,-1,-1,-1,3,-1
201522F500802,1,9,0,9,0,2,0,0,0,0,1,1,6,1,48,8,996,1,2,-1,2,-1
201522F500803,1,9,0,17,0,0,5,0,7,3,3,1,6,2,18,4,1149,1,10,-1,3,-1
201522F500810,1,19,0,9,0,5,0,0,0,0,1,1,6,1,49,8,1686,2,14,-1,3,-1
201522F500810,2,1,0,18,0,8,0,0,0,0,1,1,6,1,41,7,-1,-1,-1,-1,3,-1
201522F500817,1,9,0,16,0,0,1,10,2,0,4,1,6,1,32,6,-1,-1,-1,-1,3,-1
201522F500817,2,9,0,17,0,0,0,0,1,0,1,1,2,1,47,8,-1,-1,-1,-1,3,-1
201522F500825,1,19,0,16,0,8,0,0,0,0,1,1,1,1,33,6,2148,2,8,-1,1,-1
201522F500825,2,9,0,3,0,8,0,0,0,0,2,1,2,1,39,7,1198,1,3,-1,1,-1
201522F500825,3,9,0,10,0,8,0,0,0,0,2,1,6,1,42,7,-1,-1,-1,-1,1,-1
201522F500849,1,9,0,5,0,6,0,0,0,0,1,1,6,2,17,4,1124,1,10,-1,1,-1
201522F500849,2,1,0,17,0,8,0,0,0,0,2,1,6,1,49,8,-1,-1,-1,-1,3,-1
201522F500854,1,9,0,4,0,0,1,0,0,0,1,1,6,2,18,4,1198,1,8,-1,-1,-1
201522F500854,2,9,0,4,0,0,0,0,0,0,1,1,6,2,20,4,1149,1,8,-1,1,-1
201522F500882,1,9,0,17,0,0,0,0,7,10,1,1,6,1,58,9,1398,1,1,-1,2,-1
201522F500883,1,9,0,9,0,6,0,0,3,0,3,1,2,2,30,6,-1,-1,-1,-1,3,-1
201522F500883,2,9,0,18,0,8,0,0,7,0,1,1,2,2,23,5,998,1,6,-1,2,-1
201522F500885,1,9,0,18,0,0,0,0,0,0,1,1,6,2,41,7,-1,-1,-1,-1,3,-1
201522F500888,1,9,0,18,0,7,0,0,0,0,1,1,6,1,50,8,-1,-1,-1,-1,3,-1
201522F500888,2,9,0,18,0,8,0,0,0,0,3,1,2,2,45,7,-1,-1,-1,-1,3,-1
201522F500899,1,9,0,18,0,0,1,0,0,0,1,1,6,1,20,4,1560,2,3,-1,2,-1
201522F500899,2,9,0,18,0,0,1,0,0,0,1,1,6,1,68,10,2926,2,12,-1,2,-1
201522F500911,1,9,0,9,0,6,0,0,0,0,1,1,6,3,-1,-1,1995,2,11,-1,2,-1
201522F500911,2,9,0,18,0,8,0,0,0,0,1,1,6,2,41,7,-1,-1,-1,-1,2,-1
201522F500925,1,9,0,17,0,0,2,0,0,0,1,1,6,1,43,7,-1,-1,-1,-1,1,-1
201522F500925,2,9,0,16,0,0,0,0,0,0,1,1,6,1,32,6,2393,1,5,-1,2,-1
201522F500936,1,9,0,9,0,6,0,0,0,0,1,1,6,2,63,9,1248,1,4,-1,1,-1
201522F500936,2,9,0,16,0,8,0,0,0,0,1,1,1,1,41,7,1968,2,1,-1,1,-1
201522F500968,1,19,0,18,0,0,0,0,0,0,1,1,6,1,38,7,2148,2,5,-1,1,-1
201522F500968,2,10,0,4,0,0,0,0,0,0,1,1,1,2,61,9,2402,2,10,-1,3,-1
201522F500970,1,1,0,18,0,0,0,0,0,0,1,1,6,1,62,9,-1,-1,-1,-1,1,-1
201522F500976,1,9,0,4,0,1,0,0,0,0,1,1,2,1,23,5,1781,1,14,-1,1,-1
201522F500976,2,1,0,18,0,1,0,0,0,0,1,1,6,2,44,7,-1,-1,-1,-1,1,-1
201522F500993,1,9,0,9,0,6,0,0,0,0,1,1,6,1,22,5,1560,2,10,-1,2,-1
201522F500995,1,9,0,18,0,0,5,0,2,10,4,1,6,1,19,4,1242,1,1,-1,-1,-1
201522F500996,1,9,0,17,0,0,2,0,7,4,1,1,2,2,26,6,1197,1,-1,-1,1,-1
201522F501006,1,9,4,13,0,0,0,0,0,0,4,1,6,1,29,6,-1,-1,-1,-1,3,-1
201522F501006,2,1,0,18,0,0,0,0,1,0,3,1,6,2,49,8,-1,-1,-1,-1,2,-1
201522F501011,1,3,0,18,0,8,1,0,0,0,1,1,6,3,-1,-1,97,1,28,-1,-1,-1
201522F501011,2,1,0,9,0,6,0,0,0,0,2,1,6,1,64,9,-1,-1,-1,-1,2,-1
201522F501026,1,9,0,18,0,0,1,0,0,0,1,1,2,2,23,5,1598,1,11,-1,1,-1
201522F501026,2,9,0,18,0,0,0,0,0,0,2,1,2,2,41,7,998,1,1,-1,1,-1
201522F501026,3,19,0,18,0,0,0,0,0,0,2,1,1,1,52,8,1753,2,2,-1,3,-1
201522F501026,4,19,0,18,0,0,0,0,0,0,2,1,1,1,36,7,1995,2,8,-1,2,-1
201522F501026,5,9,0,18,0,0,0,0,0,0,2,1,2,1,24,5,-1,-1,-1,-1,1,-1
201522F501026,6,9,0,18,0,0,0,0,0,0,2,1,2,2,54,8,-1,-1,-1,-1,3,-1
201522F501070,1,9,0,17,0,0,2,0,2,0,1,1,6,1,26,6,1596,1,2,-1,1,-1
201522F501071,1,9,0,14,0,0,5,4,0,0,1,1,6,2,54,8,-1,-1,-1,-1,3,-1
201522F501071,2,9,0,2,0,0,0,0,0,0,2,1,6,2,64,9,998,1,2,-1,3,-1
201522F501089,1,9,0,18,0,0,0,0,0,0,4,1,6,2,51,8,1422,2,14,-1,3,-1
201522F501089,2,1,0,18,0,0,0,0,0,0,3,1,6,1,24,5,-1,-1,-1,-1,3,-1
201522F501117,1,20,0,18,0,1,1,0,1,10,1,1,1,1,46,8,-1,2,11,-1,1,-1
201522F501117,2,19,0,3,0,1,0,0,0,0,2,1,1,1,55,8,2402,2,4,-1,1,-1
201522F501119,1,3,0,18,0,0,0,0,7,0,3,1,6,1,34,6,125,1,6,-1,1,-1
201522F501121,1,5,0,17,0,0,1,0,2,10,1,1,6,1,29,6,999,1,5,-1,1,-1
201522F501132,1,9,0,13,0,0,0,0,0,0,4,1,6,1,31,6,1998,1,1,-1,1,-1
201522F501132,2,1,0,18,0,0,0,0,0,0,1,1,6,1,58,9,-1,-1,-1,-1,1,-1
201522F501144,1,9,0,13,0,0,0,0,7,0,1,1,3,2,43,7,1560,2,5,-1,3,-1
201522F501144,2,17,4,9,0,0,0,0,0,0,3,1,1,1,51,8,-1,2,7,-1,3,-1
201522F501145,1,9,0,17,0,0,1,0,2,4,1,1,2,1,35,6,-1,-1,-1,-1,1,-1
201522F501173,1,9,0,5,0,0,0,0,0,0,3,1,6,1,75,10,796,1,7,-1,2,-1
201522F501173,2,3,0,18,0,0,0,0,0,0,1,1,2,2,25,5,124,1,6,-1,2,-1
201522F501191,1,9,0,4,0,8,0,0,0,0,1,1,6,2,41,7,1995,2,6,-1,-1,-1
201522F501191,2,1,0,14,0,8,1,0,7,2,1,1,6,1,24,5,-1,-1,-1,-1,3,-1
201522F501216,1,9,0,18,0,6,0,0,0,0,1,1,6,2,21,5,1598,1,12,-1,2,-1
201522F501216,2,9,0,17,0,8,0,0,0,0,1,1,6,1,44,7,1461,2,8,-1,2,-1
201522F501219,1,9,0,16,0,2,0,0,7,4,1,1,6,1,63,9,1364,2,5,-1,3,-1
201522F501225,1,5,0,18,0,0,1,0,0,0,3,1,6,1,65,9,-1,-1,-1,-1,1,-1
201522F501234,1,9,0,18,0,0,1,0,8,10,1,1,6,1,53,8,1364,1,8,-1,3,-1
201522F501263,1,9,0,13,0,0,0,10,1,4,3,1,2,1,19,4,-1,-1,-1,-1,1,-1
201522F501264,1,9,0,9,0,5,0,0,0,0,1,1,2,1,27,6,1910,2,9,-1,1,-1
201522F501264,2,3,0,18,0,1,1,0,1,10,1,1,2,1,39,7,124,1,13,-1,-1,-1
201522F501264,3,9,0,2,0,2,0,0,0,0,3,1,6,3,-1,-1,-1,-1,-1,-1,3,-1
201522F501268,1,19,0,9,0,5,0,0,1,1,1,1,6,1,78,11,-1,-1,-1,-1,2,-1
201522F501268,2,9,0,18,0,8,0,0,1,1,3,1,6,1,38,7,1968,2,6,-1,3,-1
201522F501277,1,9,0,18,0,8,1,0,1,10,4,1,6,2,47,8,1598,2,1,-1,1,-1
201522F501277,2,19,0,18,0,6,0,0,0,0,1,1,1,1,48,8,4461,2,6,-1,1,-1
201522F501285,1,9,0,18,0,4,0,9,1,1,1,1,6,1,20,4,-1,-1,-1,-1,1,-1
201522F501302,1,9,0,4,0,1,0,0,0,0,1,1,6,1,58,9,998,1,12,-1,3,-1
201522F501302,2,11,0,18,0,8,0,0,0,0,4,1,1,1,47,8,7300,2,11,-1,1,-1
201522F501305,1,9,0,3,0,2,0,0,0,0,2,1,6,1,47,8,1796,1,14,-1,2,-1
201522F501305,2,9,0,18,0,2,0,0,0,0,1,1,6,2,26,6,1995,2,9,-1,3,-1
201522F501306,1,9,0,18,0,0,0,0,1,4,1,1,6,1,21,5,-1,-1,-1,-1,3,-1
201522F501310,1,9,0,9,0,6,0,0,0,0,1,1,6,1,24,5,2495,2,18,-1,3,-1
201522F501310,2,1,0,18,0,8,1,0,0,0,1,1,6,1,42,7,-1,-1,-1,-1,1,-1
201522F501319,1,9,0,17,0,0,2,0,8,4,1,1,6,1,46,8,1995,2,3,-1,3,-1
201522F501334,1,9,0,12,0,5,0,0,0,0,3,1,6,3,-1,-1,-1,-1,-1,-1,-1,-1
201522F501334,2,1,0,7,0,5,0,0,0,0,4,1,6,1,57,9,-1,-1,-1,-1,1,-1
201522F501341,1,9,0,3,0,0,0,0,0,0,2,1,6,1,27,6,2172,2,13,-1,1,-1
201522F501341,2,9,0,4,0,0,0,0,0,0,1,1,6,2,26,6,-1,-1,-1,-1,-1,-1
201522F501348,1,1,0,18,9,8,0,0,0,0,1,1,2,2,28,6,-1,-1,-1,-1,1,-1
201522F501348,2,9,0,5,9,6,0,0,0,0,1,1,1,2,52,8,1339,1,10,-1,2,-1
201522F501363,1,9,0,14,0,0,0,4,0,0,4,1,6,1,72,10,1997,2,15,-1,2,-1
201522F501363,2,9,0,2,0,0,0,0,0,0,3,1,6,2,64,9,1598,1,9,-1,1,-1
201522F501372,1,1,0,9,0,5,0,0,0,0,4,1,6,2,14,3,-1,-1,-1,-1,1,-1
201522F501372,2,9,0,18,0,8,0,0,0,0,1,1,6,2,29,6,1398,2,7,-1,1,-1
201522F501397,1,9,0,10,0,8,0,0,0,0,2,1,6,2,67,10,1997,2,7,-1,1,-1
201522F501397,2,9,0,4,0,8,0,0,0,0,2,1,6,2,33,6,1598,1,8,-1,1,-1
201522F501397,3,9,0,4,0,8,0,0,0,0,2,1,6,2,57,9,1197,1,1,-1,1,-1
201522F501397,4,9,0,4,0,8,0,0,0,0,1,1,6,1,52,8,1560,2,2,-1,1,-1
201522F501405,1,9,0,18,0,0,0,0,0,0,1,1,6,1,27,6,1794,1,15,-1,1,-1
201522F501405,2,9,0,18,0,0,0,0,0,0,1,1,6,2,26,6,1991,2,12,-1,1,-1
201522F501422,1,9,0,18,0,1,0,0,0,0,4,1,6,2,17,4,1199,1,13,-1,3,-1
201522F501427,1,9,0,18,0,6,0,0,1,10,1,1,6,2,71,10,1995,1,12,-1,3,-1
201522F501427,2,9,0,18,0,8,0,0,0,0,4,1,6,2,73,10,1998,1,13,-1,3,-1