Accident_Index,Vehicle_Reference,Vehicle_Type,Towing_and_Articulation,Vehicle_Manoeuvre,Vehicle_Location-Restricted_Lane,Junction_Location,Skidding_and_Overturning,Hit_Object_in_Carriageway,Vehicle_Leaving_Carriageway,Hit_Object_off_Carriageway,1st_Point_of_Impact,Was_Vehicle_Left_Hand_Drive?,Journey_Purpose_of_Driver,Sex_of_Driver,Age_of_Driver,Age_Band_of_Driver,Engine_Capacity_(CC),Propulsion_Code,Age_of_Vehicle,Driver_IMD_Decile,Driver_Home_Area_Type,Vehicle_IMD_Decile
2015230033573,1,9,0,17,0,4,0,9,2,7,1,1,6,1,72,10,2495,2,12,-1,1,-1
2015230033573,2,9,0,17,0,4,0,9,3,1,0,1,6,1,43,7,1360,1,8,-1,3,-1
2015230033596,1,9,0,5,0,4,0,0,0,0,1,1,5,2,50,8,1197,1,1,-1,1,-1
2015230033596,2,9,0,3,0,1,0,0,0,0,2,1,6,1,34,6,-1,-1,-1,-1,-1,-1
2015230033634,1,9,0,5,0,0,0,0,0,0,1,1,2,1,26,6,1388,1,5,-1,1,-1
2015230033634,2,9,0,3,0,0,0,0,0,0,0,1,2,1,18,4,1149,1,5,-1,3,-1
2015230033685,1,9,0,18,0,4,0,0,0,0,1,1,6,1,44,7,-1,-1,-1,-1,-1,-1
2015230033685,2,9,0,3,0,1,0,0,0,0,2,1,6,2,54,8,1598,1,9,-1,1,-1
2015230033706,1,9,0,18,0,0,0,0,1,0,1,1,6,1,49,8,1968,2,6,-1,3,-1
2015230033706,2,9,0,18,0,0,0,0,1,0,2,1,6,1,28,6,1329,1,6,-1,1,-1
2015230033706,3,9,0,18,0,0,0,0,7,0,1,1,6,2,23,5,1248,1,2,-1,-1,-1
2015230033930,1,9,0,16,0,0,0,0,7,0,4,1,5,1,56,9,1199,1,11,-1,-1,-1
2015230033930,2,9,0,17,0,0,0,0,1,9,3,1,5,1,40,7,2496,1,12,-1,2,-1
2015230034034,1,9,0,9,0,6,0,0,0,0,1,1,6,3,34,6,-1,-1,-1,-1,-1,-1
2015230034034,2,9,0,3,0,8,0,0,0,0,3,1,5,1,68,10,1796,1,2,-1,1,-1
2015230034048,1,9,0,15,0,2,0,10,0,0,1,1,6,3,-1,-1,1198,1,9,-1,-1,-1
2015230034048,2,9,0,4,0,1,0,0,0,0,1,1,1,1,37,7,1686,2,3,-1,-1,-1
2015230034082,1,4,0,18,0,0,1,0,0,0,1,1,6,1,21,5,347,1,31,-1,2,-1
2015230034082,2,11,0,18,0,0,0,0,0,0,1,1,1,1,60,9,9186,2,3,-1,1,-1
2015230034086,1,9,0,16,0,0,0,0,0,0,1,1,2,1,46,8,1360,1,11,-1,1,-1
2015230034086,2,9,0,17,0,0,0,0,1,0,1,1,5,1,29,6,1560,2,3,-1,1,-1
2015230034107,1,9,0,5,0,8,0,0,0,0,1,1,2,2,61,9,1390,2,14,-1,1,-1
2015230034228,1,9,0,17,0,0,1,0,1,4,4,1,5,1,18,4,998,1,6,-1,1,-1
2015230034240,1,9,0,18,0,7,0,0,0,0,1,1,5,2,24,5,-1,-1,-1,-1,-1,-1
2015230034240,2,9,0,4,0,7,0,0,0,0,2,1,5,2,39,7,1198,1,9,-1,2,-1
2015230034242,1,1,0,18,0,0,0,11,0,0,1,1,2,1,29,6,-1,-1,-1,-1,1,-1
2015230034249,1,9,0,18,0,6,0,0,7,10,1,1,5,2,76,11,1598,1,7,-1,3,-1
2015230034249,2,9,0,18,0,8,0,0,0,0,1,1,2,1,52,8,1596,1,10,-1,-1,-1
2015230034254,1,9,0,18,0,6,0,0,0,0,3,1,1,1,60,9,-1,-1,-1,-1,3,-1
2015230034254,2,97,0,18,0,8,0,0,0,0,1,1,1,1,48,8,748,1,22,-1,3,-1
2015230034271,1,9,0,12,0,1,0,0,0,0,3,1,2,1,31,6,2979,1,11,-1,1,-1
2015230034271,2,5,0,13,0,1,0,0,0,0,4,1,2,2,25,5,649,1,-1,-1,1,-1
2015230034271,3,9,0,3,0,1,0,0,0,0,3,1,2,1,22,5,1349,1,3,-1,1,-1
2015230034372,1,9,0,13,0,0,0,12,0,0,1,1,2,2,52,8,1995,2,4,-1,3,-1
2015230034385,1,9,0,4,0,8,0,0,0,0,1,1,5,1,39,7,1582,2,-1,-1,1,-1
2015230034385,2,9,0,4,0,8,0,0,0,0,2,1,5,2,28,6,1560,2,9,-1,1,-1
2015230034385,3,9,0,7,0,5,0,0,0,0,2,1,5,2,19,4,1598,2,2,-1,2,-1
2015230034396,1,9,0,4,0,6,1,0,3,9,1,1,6,1,17,4,1461,2,9,-1,1,-1
2015230034507,1,9,0,18,0,4,0,0,0,0,1,1,5,2,89,11,1596,1,10,-1,1,-1
2015230034752,1,9,0,16,0,8,0,0,0,0,1,1,5,2,31,6,1360,1,17,-1,1,-1
2015230034752,2,9,0,17,0,8,0,0,0,0,1,1,5,2,27,6,1360,1,15,-1,-1,-1
2015230034767,1,9,0,7,0,5,0,4,0,0,1,1,6,1,67,10,1968,2,2,-1,2,-1
2015230034767,2,9,0,2,0,8,0,0,0,0,3,1,6,1,59,9,1896,2,17,-1,1,-1
2015230034804,1,9,0,18,0,6,0,0,0,0,1,1,6,1,31,6,2184,2,11,-1,3,-1
2015230034804,2,9,0,8,0,1,0,0,0,0,2,1,1,2,47,8,1560,2,2,-1,1,-1
2015230034877,1,9,0,16,0,0,0,10,1,10,1,1,5,1,18,4,1368,1,6,-1,1,-1
2015230034948,1,9,0,18,0,0,0,0,0,0,3,1,5,1,47,8,1997,2,12,-1,1,-1
2015230034989,1,9,0,4,0,0,0,0,0,0,1,1,6,2,34,6,1997,2,10,-1,1,-1
2015230034989,2,9,0,4,0,0,0,0,0,0,2,1,5,2,46,8,2685,2,10,-1,1,-1
2015230035151,1,20,1,18,0,0,0,4,0,0,1,1,1,1,38,7,-1,-1,-1,-1,1,-1
2015230035151,2,9,0,2,0,0,0,0,0,0,2,1,5,2,53,8,1596,1,12,-1,1,-1
2015230035284,1,98,0,17,0,0,0,0,0,0,1,1,1,1,46,8,2198,2,7,-1,1,-1
2015230035284,2,9,0,16,0,0,0,0,0,0,3,1,1,1,61,9,1995,2,2,-1,2,-1
2015230035454,1,9,0,4,0,1,0,0,0,0,1,1,6,3,34,6,1349,1,5,-1,-1,-1
2015230035454,2,9,0,4,0,1,0,0,0,0,2,1,5,2,42,7,1398,1,2,-1,1,-1
2015230035460,1,9,0,13,0,2,0,0,0,0,4,1,6,3,26,6,-1,-1,-1,-1,-1,-1
2015230035460,2,1,0,18,0,2,0,0,0,0,2,1,2,1,18,4,-1,-1,-1,-1,1,-1
2015230035468,1,9,0,18,0,2,0,0,0,0,1,1,5,1,58,9,-1,-1,-1,-1,3,-1
2015230035526,1,9,0,18,0,1,0,0,1,1,1,1,5,2,44,7,1796,1,5,-1,-1,-1
2015230035584,1,9,0,13,0,8,0,0,0,0,1,1,2,1,44,7,1998,2,7,-1,1,-1
2015230035584,2,9,0,9,0,5,0,0,7,0,3,1,2,1,20,4,1149,1,12,-1,3,-1
2015230035591,1,9,0,1,0,6,0,0,0,0,2,1,6,1,44,7,1995,2,10,-1,-1,-1
2015230035695,1,19,0,18,0,6,5,0,0,0,4,1,1,1,66,10,2148,2,7,-1,1,-1
2015230035695,2,19,0,18,0,8,1,0,0,0,1,1,1,1,27,6,2148,2,10,-1,3,-1
2015230035715,1,98,0,18,0,6,0,0,1,9,3,1,1,1,40,7,1248,2,3,-1,1,-1
2015230035715,2,9,0,18,0,8,0,0,0,0,1,1,5,1,65,9,1968,2,3,-1,1,-1
2015230035740,1,1,0,18,0,0,0,12,0,0,1,1,5,1,62,9,-1,-1,-1,-1,3,-1
2015230035841,1,8,0,18,0,0,0,0,0,0,1,1,1,1,74,10,1997,2,2,-1,3,-1
2015230035854,1,5,0,18,0,0,0,0,0,0,1,1,6,1,25,5,599,1,3,-1,-1,-1
2015230036072,1,9,0,18,0,1,0,0,0,0,1,1,5,2,25,5,1796,1,7,-1,-1,-1
2015230036105,1,9,0,17,0,0,0,0,0,0,1,1,6,3,39,7,1229,1,10,-1,-1,-1
2015230036105,2,9,0,3,0,0,0,0,0,0,2,1,6,2,49,8,-1,-1,-1,-1,1,-1
2015230036264,1,8,0,11,0,4,0,0,0,0,2,1,1,1,42,7,1560,2,2,-1,3,-1
2015230036264,2,9,0,18,0,4,0,0,0,0,1,1,5,2,21,5,-1,-1,-1,-1,-1,-1
2015230036403,1,9,0,7,0,5,0,0,0,0,1,1,6,2,56,9,1242,1,5,-1,1,-1
2015230036403,2,1,0,18,0,8,0,0,0,0,4,1,2,1,35,6,-1,-1,-1,-1,1,-1
2015230036423,1,5,0,18,0,8,0,0,0,0,1,1,2,1,29,6,997,1,10,-1,1,-1
2015230036423,2,9,0,7,0,6,0,0,0,0,2,1,5,1,31,6,-1,-1,-1,-1,-1,-1
2015230036515,1,98,0,11,0,0,0,0,0,0,1,1,1,1,43,7,-1,-1,-1,-1,1,-1
2015230036515,2,98,1,4,0,0,0,0,0,0,2,1,1,1,57,9,12777,2,1,-1,2,-1
2015230036621,1,9,0,18,0,2,0,0,0,0,0,1,5,1,45,7,1396,1,7,-1,1,-1
2015230036621,2,9,0,17,0,1,0,0,0,0,0,1,1,1,30,6,2993,2,-1,-1,1,-1
2015230036701,1,3,0,18,0,4,1,0,0,0,1,1,6,1,43,7,100,1,14,-1,1,-1
2015230036723,1,9,0,17,0,0,1,0,7,0,4,1,6,1,22,5,1896,2,10,-1,3,-1
2015230036723,2,9,0,18,0,0,0,0,0,0,1,1,6,2,30,6,-1,-1,-1,-1,1,-1
2015230036801,1,3,0,18,0,0,0,0,0,0,1,1,6,1,19,4,124,1,-1,-1,1,-1
2015230036801,2,9,0,10,0,0,0,0,0,0,2,1,6,2,42,7,1968,2,6,-1,1,-1
2015230036874,1,98,0,11,7,0,0,0,0,0,4,1,2,1,31,6,1560,2,6,-1,1,-1
2015230036874,2,9,0,15,6,0,0,0,2,1,3,1,1,1,42,7,2993,2,3,-1,-1,-1
2015230036874,3,9,0,3,0,0,0,0,0,0,2,1,2,1,55,8,1968,2,1,-1,1,-1
2015230036912,1,9,0,7,0,6,0,0,0,0,0,1,6,3,33,6,-1,-1,-1,-1,-1,-1
2015230036912,2,9,0,18,0,1,1,0,1,0,1,1,1,1,32,6,1995,2,9,-1,1,-1
2015230036913,1,9,0,7,9,6,0,0,0,0,3,1,6,1,68,10,1997,2,14,-1,1,-1
2015230036913,2,1,0,18,9,8,0,0,0,0,1,1,3,1,11,3,-1,-1,-1,-1,1,-1
2015230036939,1,9,4,18,0,0,3,0,0,0,3,1,6,3,45,7,-1,-1,-1,-1,3,-1
2015230036939,2,9,0,18,0,0,0,0,1,0,3,1,2,1,45,7,1995,2,12,-1,1,-1
2015230036945,1,4,0,9,0,6,1,0,0,0,3,1,2,1,23,5,125,1,11,-1,2,-1
2015230036971,1,9,0,18,0,1,0,0,0,0,1,1,6,3,30,6,-1,-1,-1,-1,-1,-1
2015230036994,1,9,0,18,0,0,0,0,0,0,1,1,1,1,42,7,1753,2,7,-1,1,-1
2015230036994,2,9,0,4,0,0,0,0,0,0,0,1,1,1,47,8,1685,2,1,-1,-1,-1
2015230037005,1,9,0,5,0,4,0,0,0,0,1,1,6,3,25,5,-1,-1,-1,-1,-1,-1
2015230037005,2,9,0,9,0,3,0,0,0,0,4,1,6,2,19,4,1149,1,14,-1,1,-1
2015230037006,1,9,0,11,0,0,0,0,0,0,2,1,6,1,35,6,-1,-1,-1,-1,-1,-1
2015230037006,2,9,0,18,0,0,0,0,0,0,1,1,2,1,37,7,1242,1,14,-1,1,-1
2015230037006,3,19,0,18,0,0,0,0,0,0,1,1,1,1,26,6,-1,-1,-1,-1,1,-1
2015230037066,1,3,0,9,0,6,1,10,0,0,3,1,5,1,27,6,125,1,10,-1,1,-1
2015230037088,1,9,0,18,0,0,0,0,0,0,0,1,6,3,40,7,-1,-1,-1,-1,-1,-1
2015230037088,2,1,0,18,0,0,0,10,1,0,4,1,6,2,54,8,-1,-1,-1,-1,1,-1
2015230037410,1,98,0,18,0,0,0,0,4,6,1,1,6,3,21,5,1686,2,11,-1,-1,-1
2015230037410,2,9,0,18,0,0,0,0,1,0,2,1,6,1,24,5,1753,2,10,-1,1,-1
2015230037632,1,9,0,4,0,1,0,0,0,0,1,1,6,1,34,6,2987,2,3,-1,1,-1
2015230037632,2,9,0,3,0,1,0,0,0,0,2,1,6,2,31,6,998,1,7,-1,1,-1
2015230037632,3,9,0,3,0,1,0,0,0,0,2,1,6,1,45,7,1686,2,11,-1,1,-1
2015230037645,1,9,0,14,0,2,0,0,0,0,1,1,2,2,46,8,1360,1,5,-1,2,-1
2015230037674,1,9,0,18,0,0,0,0,0,0,3,1,6,1,30,6,1769,2,23,-1,3,-1
2015230037674,2,9,0,18,0,0,0,0,0,0,4,1,5,1,82,11,1997,1,11,-1,3,-1
2015230037674,3,98,1,18,0,0,1,0,1,4,1,1,1,1,31,6,16400,2,-1,-1,2,-1
2015230037708,1,9,0,9,0,4,0,0,0,0,4,1,6,2,68,10,1998,2,9,-1,3,-1
2015230037708,2,2,0,18,0,3,1,0,0,0,2,1,5,2,70,10,49,1,2,-1,1,-1
2015230037745,1,9,0,5,0,6,0,0,0,0,3,1,5,1,60,9,1560,2,3,-1,1,-1
2015230037745,2,97,0,18,0,8,0,0,0,0,1,1,5,1,18,4,124,1,14,-1,1,-1
2015230037820,1,9,0,13,0,0,2,0,7,11,1,1,5,2,24,5,1242,1,14,-1,1,-1
2015230037820,2,9,0,16,0,0,0,0,0,0,0,1,5,1,23,5,1388,1,10,-1,1,-1
2015230037851,1,1,0,18,0,8,0,0,0,0,1,1,2,1,49,8,-1,-1,-1,-1,1,-1
2015230037851,2,9,0,10,0,1,0,0,0,0,3,1,6,3,47,8,-1,-1,-1,-1,-1,-1
2015230037859,1,9,0,18,0,0,0,0,0,0,0,1,6,3,33,6,-1,-1,-1,-1,-1,-1
2015230037859,2,9,0,18,0,0,1,0,1,9,1,1,5,2,23,5,1388,1,11,-1,1,-1
2015230037886,1,9,0,9,0,5,0,0,0,0,3,1,5,1,29,6,1999,1,13,-1,1,-1
2015230037950,1,9,0,9,0,6,0,0,0,0,0,1,6,1,33,6,1798,1,10,-1,1,-1
2015230037950,2,97,0,18,0,8,1,0,0,0,3,1,1,1,49,8,750,1,25,-1,1,-1
2015230037964,1,9,0,4,0,1,0,0,0,0,1,1,6,3,27,6,1360,1,14,-1,-1,-1
2015230037964,2,9,0,10,0,1,0,0,0,0,2,1,2,1,25,5,-1,-1,-1,-1,1,-1
2015230037967,1,9,0,18,0,0,0,0,0,0,0,1,6,3,34,6,-1,-1,-1,-1,-1,-1
2015230037967,2,9,0,18,0,0,0,0,7,10,1,1,5,2,75,10,1296,1,9,-1,3,-1
2015230038054,1,9,0,14,0,1,0,0,0,0,4,1,6,3,22,5,3993,1,-1,-1,-1,-1
2015230038054,2,9,0,3,0,1,0,0,0,0,3,1,2,1,26,6,1461,2,-1,-1,1,-1
2015230038175,1,9,0,18,0,0,0,0,0,0,1,1,2,1,45,7,2993,2,-1,-1,-1,-1
2015230038175,2,9,0,4,0,0,0,0,0,0,2,1,2,2,23,5,1242,1,11,-1,1,-1
2015230038294,1,98,0,12,0,0,0,0,0,0,3,1,1,3,45,7,-1,-1,-1,-1,-1,-1
2015230038294,2,9,0,18,0,0,1,0,0,0,4,1,5,1,23,5,1497,8,8,-1,1,-1
2015230038424,1,9,0,18,0,4,1,9,3,1,1,1,6,1,31,6,1398,2,12,-1,1,-1
2015230038471,1,9,0,18,0,0,0,0,0,0,1,1,6,3,34,6,-1,-1,-1,-1,-1,-1
2015230038471,2,9,0,3,0,0,0,0,0,0,2,1,5,2,47,8,1956,2,2,-1,1,-1
2015230038691,1,9,0,16,0,0,5,0,7,3,1,1,6,1,42,7,1598,1,5,-1,3,-1
2015230038745,1,9,0,5,0,1,0,0,0,0,1,1,6,1,-1,-1,2204,2,9,-1,1,-1
2015230038821,1,9,0,1,0,0,0,4,0,0,2,1,5,2,92,11,1242,1,18,-1,1,-1
2015230038821,2,9,0,2,0,0,0,0,0,0,3,1,6,2,53,8,2765,2,19,-1,1,-1
2015230038948,1,9,0,16,0,0,2,0,2,4,3,1,2,1,36,7,1870,2,9,-1,1,-1
2015230039064,1,9,0,14,0,0,0,8,0,0,4,1,6,2,81,11,-1,-1,-1,-1,1,-1
2015230039064,2,9,0,2,0,0,0,0,0,0,3,1,6,3,-1,-1,-1,-1,-1,-1,-1,-1
2015230039083,1,9,0,18,0,0,0,0,0,0,1,1,6,2,37,7,1390,1,5,-1,1,-1
2015230039083,2,9,0,3,0,0,0,0,0,0,2,1,5,1,28,6,1360,1,6,-1,1,-1
2015230039087,1,9,0,12,0,2,0,0,0,0,2,1,5,1,65,9,-1,-1,-1,-1,3,-1
2015230039087,2,4,0,18,0,2,1,0,0,0,1,1,2,1,20,4,-1,-1,-1,-1,1,-1
2015230039137,1,9,0,18,0,1,0,0,0,0,1,1,6,2,75,10,1242,1,3,-1,-1,-1
2015230039137,2,3,0,4,0,1,0,0,0,0,2,1,6,1,23,5,125,1,-1,-1,1,-1
2015230039208,1,9,0,18,0,1,2,0,7,0,1,2,2,1,29,6,-1,-1,-1,-1,1,-1
2015230039215,1,9,0,17,0,0,1,6,7,11,3,1,6,1,32,6,2000,2,11,-1,-1,-1
2015230039218,1,9,0,17,0,0,1,0,1,9,1,1,5,2,42,7,1910,2,8,-1,1,-1
2015230039222,1,9,0,9,0,5,0,0,0,0,0,2,6,2,61,9,1242,1,14,-1,1,-1
2015230039227,1,1,0,18,9,0,0,10,0,0,4,1,5,2,50,8,-1,-1,-1,-1,1,-1
2015230039233,1,9,0,16,0,0,0,0,0,0,1,1,1,1,40,7,-1,-1,-1,-1,1,-1
2015230039233,2,9,0,4,0,0,0,0,0,0,2,1,1,2,44,7,1198,1,1,-1,1,-1
2015230039233,3,9,0,17,0,0,0,0,0,0,3,1,1,2,35,6,1461,2,-1,-1,2,-1
2015230039240,1,98,0,14,0,0,0,4,7,0,1,1,6,1,47,8,1560,2,8,-1,1,-1
2015230039240,2,9,0,2,0,0,0,0,1,0,2,1,6,2,31,6,1399,2,4,-1,1,-1
2015230039262,1,9,0,18,0,0,5,0,0,0,4,1,1,2,20,4,1242,1,1,-1,1,-1
2015230039266,1,9,0,9,0,6,0,0,0,0,0,1,1,1,35,6,1598,2,5,-1,1,-1
2015230039267,1,9,0,9,0,5,0,0,0,0,1,1,6,1,30,6,1970,1,14,-1,1,-1
2015230039267,2,3,0,18,0,8,0,0,0,0,3,1,6,1,42,7,125,1,2,-1,1,-1
2015230039274,1,9,0,18,0,1,0,7,0,0,1,1,5,2,42,7,1796,1,12,-1,1,-1
2015230039280,1,8,0,1,0,1,0,0,0,0,2,1,5,3,39,7,-1,-1,-1,-1,1,-1
2015230039302,1,9,0,18,0,1,0,0,0,0,1,1,6,1,21,5,1399,2,11,-1,1,-1
2015230039306,1,9,0,16,0,8,0,0,0,0,1,1,2,1,57,9,1995,2,2,-1,1,-1
2015230039306,2,9,0,3,0,8,0,0,0,0,2,1,2,1,55,8,1499,2,-1,-1,1,-1
2015230039306,3,9,0,10,0,8,0,0,0,0,2,1,3,2,40,7,2720,2,7,-1,1,-1
2015230039319,1,9,0,18,0,0,0,0,0,0,1,1,5,2,28,6,1769,1,10,-1,1,-1
2015230039319,2,9,0,4,0,0,0,0,0,0,2,1,1,1,44,7,-1,-1,-1,-1,-1,-1
2015230039319,3,9,0,4,0,0,0,0,0,0,2,1,1,1,56,9,1590,1,11,-1,1,-1
2015230039336,1,9,0,14,0,4,0,0,0,0,4,1,5,1,51,8,1560,2,8,-1,2,-1
2015230039336,2,22,0,5,0,8,0,0,0,0,3,1,5,1,86,11,-1,-1,-1,-1,1,-1
2015230039352,1,9,0,18,0,4,0,0,0,0,1,1,1,2,44,7,-1,-1,-1,-1,1,-1
2015230039352,2,1,0,9,0,8,0,0,0,0,2,1,5,1,35,6,-1,-1,-1,-1,1,-1
2015230039360,1,9,0,18,8,0,2,0,1,0,1,1,1,1,25,5,-1,-1,-1,-1,3,-1
2015230039367,1,9,0,13,0,0,0,0,7,0,1,1,5,1,38,7,1598,1,10,-1,1,-1
2015230039367,2,9,0,18,0,0,0,0,0,0,1,1,5,1,72,10,1598,1,13,-1,1,-1
2015230039377,1,9,0,18,0,0,0,0,0,0,4,1,6,1,41,7,-1,-1,-1,-1,2,-1
2015230039388,1,1,0,18,0,4,0,0,0,0,3,1,6,1,52,8,-1,-1,-1,-1,1,-1
2015230039388,2,9,0,18,0,8,0,0,0,0,1,1,6,1,66,10,1753,2,14,-1,3,-1
2015230039406,1,9,0,17,0,6,0,0,3,9,1,1,5,2,77,11,1360,1,10,-1,2,-1
2015230039408,1,9,0,9,0,4,0,6,0,0,1,1,5,1,22,5,1396,1,15,-1,3,-1
2015230039408,2,9,0,18,0,3,0,0,0,0,1,1,6,2,44,7,1461,2,-1,-1,1,-1
2015230039412,1,9,0,11,0,5,0,0,0,0,4,1,6,2,32,6,1998,1,11,-1,1,-1
2015230039412,2,9,0,18,0,5,0,0,0,0,3,1,5,2,33,6,-1,-1,-1,-1,1,-1
2015230039421,1,9,0,17,0,0,2,0,7,3,4,1,5,1,18,4,1299,1,13,-1,-1,-1
2015230039423,1,9,0,18,0,1,0,0,0,0,4,1,5,2,66,10,1995,2,11,-1,1,-1
2015230039428,1,9,0,18,0,0,0,0,5,6,3,1,5,2,19,4,1149,1,11,-1,1,-1
2015230039438,1,9,0,18,0,1,0,0,0,0,1,1,5,2,45,7,1896,2,11,-1,1,-1
2015230039438,2,5,0,9,0,6,1,0,0,0,3,1,2,1,21,5,636,1,10,-1,-1,-1
2015230039447,1,9,0,18,0,0,2,10,0,0,4,1,5,1,18,4,1242,1,9,-1,2,-1
2015230039472,1,9,0,11,7,0,0,4,1,0,1,1,6,1,73,10,2179,2,3,-1,1,-1
2015230039472,2,9,0,2,6,0,0,0,0,0,3,1,6,1,63,9,1968,2,2,-1,3,-1
2015230039485,1,9,0,4,0,1,0,0,0,0,1,1,5,2,28,6,1398,1,3,-1,1,-1
2015230039485,2,9,0,4,0,1,0,0,0,0,2,1,5,2,61,9,1598,1,13,-1,3,-1
2015230039485,3,9,0,4,0,1,0,0,0,0,2,1,5,1,55,8,1781,1,18,-1,1,-1
2015230039516,1,9,0,9,0,5,0,0,0,0,1,1,5,2,31,6,1395,1,-1,-1,1,-1
2015230039516,2,9,0,17,0,8,0,0,0,0,1,1,5,1,35,6,1995,2,3,-1,2,-1
2015230039563,1,9,0,18,0,0,1,0,0,0,1,1,6,2,50,8,2143,2,3,-1,3,-1
2015230039563,2,9,0,4,0,0,0,0,0,0,2,1,6,2,37,7,2993,2,2,-1,3,-1
2015230039563,3,9,0,4,0,0,0,0,0,0,2,1,6,2,37,7,1461,2,1,-1,3,-1
2015230039563,4,9,0,4,0,0,0,0,0,0,2,1,6,2,57,9,1560,2,-1,-1,1,-1
2015230039567,1,2,0,4,0,1,1,0,0,0,4,1,2,2,17,4,98,1,-1,-1,2,-1
2015230039589,1,98,0,18,0,0,0,0,0,0,4,1,1,1,65,9,1870,2,13,-1,2,-1
2015230039589,2,1,0,18,0,0,0,0,0,0,2,1,2,1,41,7,-1,-1,-1,-1,1,-1
2015230039600,1,9,0,18,0,8,0,0,0,0,1,1,6,2,70,10,1198,1,-1,-1,3,-1
2015230039600,2,98,0,18,0,8,1,0,1,11,3,1,2,1,61,9,2460,2,6,-1,-1,-1
2015230039626,1,9,0,18,0,0,1,0,2,10,1,1,2,1,26,6,1590,1,11,-1,2,-1
2015230039646,1,9,0,7,0,6,0,0,0,0,1,1,1,1,64,9,1598,1,16,-1,1,-1
2015230039648,1,9,0,18,0,0,0,0,0,0,1,1,5,2,52,8,1299,1,9,-1,1,-1
2015230039649,1,98,1,9,0,6,0,0,0,0,3,1,1,1,47,8,-1,-1,-1,-1,-1,-1
2015230039649,2,9,0,18,0,1,0,0,0,0,1,1,2,1,24,5,-1,-1,-1,-1,1,-1
2015230039698,1,9,0,4,0,0,1,0,0,0,1,1,2,2,52,8,2776,2,11,-1,1,-1
2015230039698,2,9,0,4,0,0,0,0,0,0,2,1,5,2,26,6,1587,1,9,-1,3,-1
2015230039705,1,9,0,9,0,5,0,0,0,0,1,1,5,1,34,6,1796,1,15,-1,1,-1
2015230039705,2,1,0,4,0,1,0,0,0,0,1,1,2,1,37,7,-1,-1,-1,-1,1,-1
2015230039709,1,9,0,9,0,6,0,0,0,0,1,1,5,2,61,9,1587,1,13,-1,1,-1
2015230039709,2,9,0,18,0,1,0,0,0,0,1,1,5,1,50,8,1587,1,10,-1,2,-1
2015230039734,1,9,0,18,0,3,5,10,0,0,4,1,2,1,41,7,1596,1,-1,-1,1,-1
2015230039757,1,9,0,9,0,2,5,0,0,0,1,1,5,1,79,11,848,1,17,-1,1,-1
2015230039757,2,9,0,18,0,1,0,0,0,0,1,1,5,1,33,6,1968,2,1,-1,1,-1
2015230039771,1,9,0,9,0,5,0,0,0,0,4,1,2,1,19,4,-1,-1,-1,-1,1,-1
2015230039771,2,1,0,18,0,1,0,0,0,0,1,1,2,1,63,9,-1,-1,-1,-1,1,-1
2015230039802,1,9,0,18,0,4,1,9,3,2,1,1,5,1,43,7,2199,2,5,-1,1,-1
2015230039816,1,9,0,9,0,6,0,0,0,0,4,1,5,1,48,8,1242,1,11,-1,1,-1
2015230039816,2,9,0,18,0,1,0,0,0,0,3,1,5,2,20,4,998,1,1,-1,1,-1
2015230039877,1,9,0,18,0,0,0,0,0,0,1,1,5,1,35,6,1997,2,10,-1,-1,-1
2015230039877,2,9,0,3,0,0,0,0,0,0,2,1,5,2,48,8,1581,1,15,-1,1,-1
2015230039883,1,9,0,18,0,0,2,0,1,0,1,1,5,2,36,7,998,1,10,-1,1,-1
2015230039888,1,9,0,18,0,0,5,0,1,1,1,1,6,1,37,7,1242,1,11,-1,3,-1
2015230039913,1,9,0,9,0,6,0,0,0,0,1,1,5,1,80,11,2597,1,11,-1,1,-1
2015230039931,1,9,0,13,0,0,0,0,0,0,4,1,2,1,27,6,1997,2,1,-1,-1,-1
2015230039931,2,1,0,18,0,0,0,0,1,0,3,1,2,1,25,5,-1,-1,-1,-1,1,-1
2015230039958,1,9,0,9,0,5,0,0,0,0,1,1,5,2,77,11,1368,1,1,-1,1,-1
2015230040012,1,9,0,18,0,0,0,0,0,0,1,1,5,1,88,11,1997,2,11,-1,2,-1
2015230040012,2,9,0,10,0,0,0,0,0,0,2,1,1,1,39,7,-1,-1,-1,-1,1,-1
2015230040035,1,9,0,5,0,1,0,0,4,10,1,1,2,1,33,6,1995,2,2,-1,-1,-1
2015230040035,2,9,0,5,0,1,0,0,4,10,2,1,2,2,47,8,-1,-1,-1,-1,1,-1
2015230040039,1,9,0,9,0,8,0,0,0,0,1,1,5,1,18,4,1995,1,2,-1,1,-1
2015230040043,1,1,0,18,9,1,0,0,0,0,1,1,5,2,15,3,-1,-1,-1,-1,1,-1
2015230040043,2,9,0,18,0,1,0,0,0,0,4,1,5,1,23,5,1991,2,10,-1,1,-1
2015230040044,1,9,0,13,0,0,1,0,0,0,0,1,6,3,40,7,-1,-1,-1,-1,-1,-1
2015230040044,2,19,0,13,0,0,1,0,4,0,1,1,1,1,49,8,2148,2,9,-1,1,-1
2015230040044,3,21,1,18,0,0,0,0,0,0,3,1,1,1,48,8,12419,2,3,-1,1,-1