Accident_Index,Vehicle_Reference,Vehicle_Type,Towing_and_Articulation,Vehicle_Manoeuvre,Vehicle_Location-Restricted_Lane,Junction_Location,Skidding_and_Overturning,Hit_Object_in_Carriageway,Vehicle_Leaving_Carriageway,Hit_Object_off_Carriageway,1st_Point_of_Impact,Was_Vehicle_Left_Hand_Drive?,Journey_Purpose_of_Driver,Sex_of_Driver,Age_of_Driver,Age_Band_of_Driver,Engine_Capacity_(CC),Propulsion_Code,Age_of_Vehicle,Driver_IMD_Decile,Driver_Home_Area_Type,Vehicle_IMD_Decile
2015230040046,1,9,0,18,0,0,0,4,0,0,1,1,5,1,41,7,2967,2,4,-1,3,-1
2015230040046,2,9,0,1,0,0,0,0,0,0,2,1,5,1,42,7,2496,2,13,-1,1,-1
2015230040056,1,98,0,18,0,1,0,0,0,0,1,1,2,1,58,9,-1,-1,-1,-1,3,-1
2015230040056,2,9,0,10,0,1,0,0,0,0,2,1,2,2,36,7,1597,2,2,-1,3,-1
2015230040083,1,1,0,14,0,2,1,0,0,0,1,1,2,1,26,6,-1,-1,-1,-1,1,-1
2015230040083,2,9,0,3,0,2,0,0,0,0,3,1,2,2,35,6,1386,1,7,-1,1,-1
2015230040107,1,9,0,16,0,0,0,0,8,7,1,1,6,1,74,10,1198,1,7,-1,2,-1
2015230040131,1,9,0,18,0,8,0,0,0,0,1,1,5,3,25,5,1796,1,13,-1,-1,-1
2015230040131,2,90,0,18,0,8,0,0,0,0,1,1,1,2,41,7,2999,2,2,-1,1,-1
2015230040144,1,9,0,4,0,0,0,0,0,0,2,1,5,1,40,7,2148,2,6,-1,1,-1
2015230040144,2,9,0,18,0,0,0,0,0,0,1,1,5,2,25,5,1198,1,-1,-1,1,-1
2015230040149,1,9,0,4,0,0,0,0,0,0,1,1,5,1,27,6,1596,1,10,-1,1,-1
2015230040149,2,9,0,4,0,0,0,0,0,0,2,1,5,1,39,7,2496,2,13,-1,3,-1
2015230040149,3,9,0,4,0,0,0,0,0,0,2,1,5,1,30,6,1969,2,-1,-1,1,-1
2015230040158,1,9,0,18,0,1,0,0,0,0,1,1,5,2,47,8,1995,1,9,-1,1,-1
2015230040158,2,9,0,3,0,1,0,0,0,0,2,1,5,1,29,6,1587,1,12,-1,1,-1
2015230040160,1,9,0,4,0,1,0,0,0,0,1,1,5,2,36,7,1968,2,1,-1,-1,-1
2015230040160,2,9,0,3,0,1,0,0,0,0,2,1,5,1,52,8,1796,1,16,-1,3,-1
2015230040183,1,9,0,18,0,8,0,0,0,0,1,1,2,2,21,5,1398,1,1,-1,-1,-1
2015230040183,2,9,0,10,0,8,0,0,0,0,2,1,5,1,48,8,1850,1,18,-1,1,-1
2015230040194,1,9,0,5,0,0,0,0,0,0,3,1,3,2,42,7,-1,-1,-1,-1,-1,-1
2015230040208,1,9,0,13,0,0,0,0,0,0,1,1,5,2,35,6,1242,1,9,-1,1,-1
2015230040208,2,9,0,18,0,0,0,0,1,3,1,1,5,1,37,7,-1,-1,-1,-1,1,-1
2015230040209,1,3,0,17,0,0,0,0,2,0,1,1,2,1,42,7,124,1,1,-1,1,-1
2015230040210,1,9,0,18,0,0,0,0,0,0,1,1,2,2,25,5,1598,2,2,-1,1,-1
2015230040210,2,9,0,18,0,0,0,0,0,0,1,1,2,1,48,8,1968,2,1,-1,1,-1
2015230040210,3,9,0,4,0,0,0,0,5,6,2,1,2,1,51,8,-1,-1,-1,-1,1,-1
2015230040222,1,9,0,18,0,1,0,0,0,0,1,1,1,1,53,8,2720,2,9,-1,2,-1
2015230040222,2,9,0,4,0,1,0,0,0,0,2,1,5,2,35,6,1341,1,10,-1,1,-1
2015230040230,1,98,0,18,0,0,0,0,0,0,1,1,1,1,30,6,4580,2,4,-1,1,-1
2015230040230,2,9,0,18,0,0,0,0,0,0,2,1,2,1,51,8,1560,2,3,-1,1,-1
2015230040233,1,9,0,9,0,5,0,0,0,0,1,1,5,1,45,7,2987,2,9,-1,1,-1
2015230040313,1,9,0,18,0,8,0,0,0,0,4,1,5,2,29,6,1390,1,13,-1,3,-1
2015230040313,2,1,0,18,0,1,0,0,0,0,1,1,5,1,24,5,-1,-1,-1,-1,1,-1
2015230040323,1,1,0,18,0,8,0,0,0,0,1,1,5,1,29,6,-1,-1,-1,-1,1,-1
2015230040323,2,9,0,5,0,8,0,0,0,0,3,1,5,1,55,8,998,1,-1,-1,1,-1
2015230040325,1,9,0,18,0,0,0,0,0,0,1,1,1,1,19,4,1149,1,16,-1,1,-1
2015230040325,2,9,0,18,0,0,0,0,0,0,2,1,1,1,42,7,1496,2,-1,-1,3,-1
2015230040336,1,22,0,5,0,1,0,0,0,0,1,1,5,1,78,11,-1,-1,-1,-1,2,-1
2015230040336,2,98,0,18,0,6,0,0,0,0,2,1,6,3,40,7,-1,-1,-1,-1,-1,-1
2015230040353,1,9,0,18,0,0,0,0,0,0,1,1,5,1,38,7,1905,2,18,-1,1,-1
2015230040353,2,9,0,3,0,0,0,0,0,0,2,1,1,2,48,8,1598,1,4,-1,1,-1
2015230040353,3,9,0,3,0,0,0,0,0,0,2,1,1,1,55,8,1968,2,5,-1,3,-1
2015230040379,1,98,1,18,0,0,0,0,0,0,1,1,1,1,29,6,12740,2,4,-1,1,-1
2015230040379,2,19,0,18,0,0,0,0,0,0,2,1,5,1,57,9,2143,2,1,-1,2,-1
2015230040379,3,9,0,18,0,0,0,0,0,0,2,1,5,1,25,5,1968,2,4,-1,1,-1
2015230040379,4,19,0,18,0,0,0,0,0,0,2,1,5,3,48,8,1968,2,5,-1,1,-1
2015230040379,5,9,0,18,0,0,0,0,0,0,2,1,5,1,21,5,1242,1,9,-1,-1,-1
2015230040379,6,9,0,18,0,0,0,0,0,0,2,1,5,1,54,8,1796,1,-1,-1,1,-1
2015230040380,1,9,0,18,0,0,0,0,0,0,1,1,2,1,42,7,2776,2,9,-1,1,-1
2015230040380,2,9,0,4,0,0,0,0,0,0,2,1,2,1,70,10,1599,1,11,-1,1,-1
2015230040380,3,9,0,3,0,0,0,0,0,0,2,1,2,2,36,7,998,1,8,-1,1,-1
2015230040380,4,9,0,3,0,0,0,0,0,0,2,1,2,1,23,5,1398,1,-1,-1,1,-1
2015230040380,5,9,0,3,0,0,0,0,0,0,2,1,2,1,26,6,-1,-1,-1,-1,1,-1
2015230040385,1,9,0,4,0,0,0,0,0,0,1,1,2,1,23,5,1598,1,2,-1,1,-1
2015230040385,2,9,0,4,0,0,0,0,0,0,2,1,2,1,21,5,1796,1,7,-1,1,-1
2015230040386,1,9,0,18,0,0,0,0,0,0,1,1,6,2,49,8,-1,-1,-1,-1,3,-1
2015230040386,2,9,0,4,0,0,0,0,0,0,2,1,6,1,64,9,5654,1,9,-1,3,-1
2015230040386,3,9,0,4,0,0,0,0,0,0,2,1,6,1,23,5,1560,2,-1,-1,1,-1
2015230040435,1,8,0,18,0,7,0,0,0,0,1,1,1,1,39,7,2148,2,7,-1,1,-1
2015230040435,2,9,0,18,0,7,0,0,4,0,2,1,5,1,54,8,2495,2,18,-1,1,-1
2015230040441,1,9,0,18,0,0,0,0,0,0,1,1,2,1,53,8,1997,2,5,-1,2,-1
2015230040441,2,9,0,3,0,0,0,0,0,0,2,1,2,1,46,8,1997,2,7,-1,1,-1
2015230040441,3,9,0,3,0,0,0,0,0,0,2,1,2,2,32,6,1240,1,8,-1,1,-1
2015230040449,1,9,0,13,0,1,0,0,0,0,4,1,2,2,28,6,3189,1,8,-1,1,-1
2015230040449,2,90,0,9,0,5,0,0,0,0,3,1,1,1,47,8,-1,-1,-1,-1,1,-1
2015230040454,1,9,0,18,0,1,0,10,0,0,3,1,5,1,31,6,1956,2,1,-1,1,-1
2015230040457,1,9,0,18,0,8,0,0,0,0,4,1,5,1,64,9,1242,1,-1,-1,1,-1
2015230040457,2,9,0,5,0,6,0,0,0,0,1,1,2,2,35,6,1598,1,7,-1,1,-1
2015230040473,1,9,0,18,0,0,0,0,0,0,1,1,5,1,34,6,1598,1,2,-1,-1,-1
2015230040473,2,9,0,4,0,0,0,0,0,0,2,1,2,1,41,7,-1,-1,-1,-1,3,-1
2015230040473,3,9,0,4,0,0,0,0,0,0,2,1,5,1,47,8,2099,2,8,-1,1,-1
2015230040484,1,9,0,9,0,6,0,0,0,0,1,1,2,1,56,9,1461,2,-1,-1,3,-1
2015230040484,2,9,0,18,0,8,0,0,0,0,1,1,3,2,38,7,-1,-1,-1,-1,1,-1
2015230040485,1,9,0,16,0,0,1,10,1,2,1,1,5,2,41,7,-1,-1,-1,-1,3,-1
2015230040487,1,9,0,13,0,8,0,0,0,0,1,1,1,1,35,6,1595,1,3,-1,-1,-1
2015230040487,2,9,0,9,0,6,0,0,0,0,3,1,1,2,48,8,-1,-1,-1,-1,1,-1
2015230040490,1,9,0,9,0,6,0,0,0,0,3,1,5,2,36,7,1200,1,1,-1,1,-1
2015230040490,2,1,0,18,0,8,0,0,0,0,4,1,6,1,41,7,-1,-1,-1,-1,1,-1
2015230040505,1,9,0,18,0,6,0,0,0,0,4,1,2,1,26,6,-1,-1,-1,-1,1,-1
2015230040505,2,9,0,18,0,8,0,0,0,0,1,1,2,2,37,7,1685,2,1,-1,2,-1
2015230040505,3,9,0,3,0,1,0,0,0,0,3,1,2,1,62,9,2199,2,1,-1,-1,-1
2015230040512,1,9,0,18,0,3,0,0,0,0,1,1,5,1,35,6,1596,1,16,-1,1,-1
2015230040512,2,9,0,4,0,3,0,0,0,0,2,1,5,1,38,7,-1,-1,-1,-1,1,-1
2015230040521,1,9,0,9,0,6,0,0,0,0,1,1,5,1,45,7,1598,1,18,-1,1,-1
2015230040521,2,3,0,18,0,8,0,0,0,0,1,1,2,1,25,5,125,1,2,-1,1,-1
2015230040522,1,9,0,4,0,0,0,0,0,0,2,1,5,1,37,7,1998,1,16,-1,-1,-1
2015230040522,2,98,1,18,0,0,0,0,0,0,1,1,1,1,57,9,11120,2,1,-1,1,-1
2015230040526,1,9,0,4,0,0,0,0,0,0,1,1,5,1,84,11,1560,2,1,-1,3,-1
2015230040526,2,98,0,3,0,0,0,0,0,0,2,1,1,1,46,8,2287,2,1,-1,1,-1
2015230040526,3,21,1,3,0,0,0,0,0,0,2,1,1,1,36,7,12419,2,5,-1,1,-1
2015230040527,1,9,0,5,0,4,0,0,0,0,1,1,2,2,28,6,1995,2,1,-1,1,-1
2015230040527,2,9,0,4,0,4,0,0,0,0,2,1,2,2,40,7,1206,1,3,-1,1,-1
2015230040537,1,9,0,18,0,0,0,0,0,0,1,1,5,2,26,6,1360,1,8,-1,1,-1
2015230040537,2,98,0,4,0,0,0,0,0,0,2,1,1,1,22,5,2287,2,4,-1,1,-1
2015230040571,1,9,0,18,0,4,0,9,0,0,1,1,2,2,39,7,1461,2,9,-1,1,-1
2015230040572,1,9,0,9,0,6,0,0,1,10,3,1,5,1,50,8,1597,1,21,-1,1,-1
2015230040572,2,9,0,18,0,1,1,0,0,0,1,1,5,1,19,4,1124,1,13,-1,1,-1
2015230040623,1,9,0,7,0,6,0,10,1,1,1,1,5,1,79,11,1124,1,13,-1,2,-1
2015230040631,1,9,0,18,0,0,0,0,0,0,4,1,5,1,27,6,1598,1,3,-1,1,-1
2015230040640,1,9,0,18,0,0,1,2,5,6,1,1,5,1,20,4,1896,2,14,-1,1,-1
2015230040653,1,9,0,4,0,1,0,0,0,0,1,1,5,1,41,7,1997,2,6,-1,-1,-1
2015230040653,2,9,0,3,0,1,0,0,0,0,2,1,5,1,50,8,1560,2,6,-1,1,-1
2015230040653,3,9,0,3,0,1,0,0,0,0,2,1,5,1,56,9,1560,2,2,-1,1,-1
2015230040663,1,9,0,18,0,0,0,0,0,0,1,1,1,1,53,8,-1,-1,-1,-1,1,-1
2015230040665,1,9,0,18,0,1,0,0,0,0,0,1,1,1,34,6,1769,1,11,-1,1,-1
2015230040665,2,9,0,7,0,5,0,0,0,0,4,1,6,1,48,8,1461,2,-1,-1,1,-1
2015230040667,1,9,0,18,0,0,0,4,0,0,1,1,5,1,41,7,1991,2,7,-1,1,-1
2015230040667,2,10,0,2,0,0,0,0,1,10,2,1,1,2,40,7,2402,2,6,-1,1,-1
2015230040696,1,9,0,9,0,6,0,0,0,0,1,1,5,1,32,6,1242,1,7,-1,1,-1
2015230040696,2,9,0,7,0,5,0,0,0,0,3,1,1,2,47,8,-1,-1,-1,-1,1,-1
2015230040700,1,98,0,11,0,8,0,0,0,0,4,1,1,1,44,7,12900,2,7,-1,-1,-1
2015230040700,2,9,0,18,0,8,0,0,0,0,3,1,5,1,47,8,1598,2,1,-1,1,-1
2015230040702,1,98,1,9,0,3,5,0,0,0,3,1,1,1,40,7,10837,2,-1,-1,1,-1
2015230040709,1,98,4,5,0,0,0,0,0,0,1,1,1,1,55,8,-1,-1,-1,-1,-1,-1
2015230040709,2,9,0,5,0,0,0,0,0,0,2,1,5,2,29,6,998,1,1,-1,1,-1
2015230040709,3,9,0,5,0,0,0,0,0,0,2,1,5,1,35,6,2179,2,8,-1,1,-1
2015230040713,1,8,0,6,0,8,0,0,0,0,3,1,1,1,47,8,1560,2,2,-1,1,-1
2015230040713,2,9,0,18,0,8,0,0,0,0,1,1,2,2,43,7,1598,1,9,-1,-1,-1
2015230040727,1,9,0,9,0,5,0,0,0,0,1,1,5,1,35,6,-1,-1,-1,-1,1,-1
2015230040727,2,9,0,17,0,8,0,0,0,0,1,1,5,2,31,6,1242,1,2,-1,1,-1
2015230040734,1,9,0,5,0,6,0,0,0,0,4,1,5,2,76,11,1339,1,10,-1,1,-1
2015230040734,2,98,0,18,0,8,0,0,0,0,1,1,1,1,58,9,3920,2,3,-1,2,-1
2015230040737,1,9,0,9,0,5,0,0,0,0,1,1,5,2,32,6,1910,2,9,-1,1,-1
2015230040737,2,9,0,18,0,8,0,0,0,0,1,1,5,1,24,5,998,1,1,-1,1,-1
2015230040756,1,9,0,14,0,0,0,0,0,0,1,1,6,1,27,6,1242,1,11,-1,3,-1
2015230040756,2,9,0,6,0,0,0,0,0,0,3,1,6,2,70,10,1086,1,9,-1,1,-1
2015230040775,1,98,0,18,0,0,0,0,0,0,3,1,1,1,33,6,-1,-1,-1,-1,2,-1
2015230040775,2,98,0,18,0,0,0,0,0,0,3,1,1,1,51,8,10837,2,5,-1,2,-1
2015230040777,1,9,0,9,0,6,0,0,0,0,3,1,2,2,26,6,1590,1,10,-1,1,-1
2015230040789,1,9,0,18,0,1,1,0,0,0,1,1,2,2,37,7,1461,2,2,-1,1,-1
2015230040789,2,9,0,4,0,1,0,0,0,0,2,1,1,1,56,9,1968,2,-1,-1,1,-1
2015230040795,1,9,0,9,0,6,0,0,0,0,1,1,5,1,46,8,1560,2,3,-1,1,-1
2015230040795,2,9,0,18,0,8,0,0,0,0,4,1,5,1,82,11,1587,1,18,-1,1,-1
2015230040824,1,9,0,18,0,0,1,0,0,0,1,1,1,1,42,7,2993,2,-1,-1,3,-1
2015230040824,2,9,0,18,0,0,0,0,4,6,2,1,1,1,55,8,1991,1,17,-1,1,-1
2015230040825,1,9,0,9,0,6,0,0,0,0,1,1,3,2,42,7,2993,2,2,-1,1,-1
2015230040825,2,3,0,18,0,8,0,0,0,0,1,1,2,1,17,4,124,1,5,-1,2,-1
2015230040887,1,9,0,18,0,1,0,0,0,0,1,1,5,2,53,8,1998,2,12,-1,3,-1
2015230040931,1,2,0,18,0,0,0,10,1,9,4,1,5,1,16,4,-1,-1,-1,-1,-1,-1
2015230040959,1,9,0,7,0,3,0,0,1,7,3,1,2,1,24,5,-1,-1,-1,-1,1,-1
2015230040959,2,98,1,11,0,3,0,0,0,0,4,1,1,1,48,8,12777,2,-1,-1,-1,-1
2015230040992,1,98,0,4,0,1,0,0,0,0,1,1,2,1,35,6,2300,2,11,-1,-1,-1
2015230040992,2,9,0,4,0,1,0,0,4,6,2,1,5,2,48,8,1108,1,8,-1,1,-1
2015230040994,1,9,0,11,0,3,0,0,1,1,4,1,2,1,30,6,1798,1,7,-1,1,-1
2015230040994,2,9,0,7,0,3,0,0,0,0,1,1,2,1,63,9,1968,2,9,-1,1,-1
2015230041041,1,98,0,9,0,4,0,0,0,0,3,1,5,3,35,6,-1,-1,-1,-1,-1,-1
2015230041041,2,1,0,18,0,8,0,0,0,0,1,1,2,1,40,7,-1,-1,-1,-1,1,-1
2015230041049,1,3,0,18,0,8,1,0,0,0,4,1,2,2,36,7,125,1,2,-1,1,-1
2015230041057,1,9,0,18,0,0,0,0,1,4,4,1,2,2,19,4,1388,1,13,-1,3,-1
2015230041083,1,9,0,18,0,0,5,2,0,0,1,1,5,1,63,9,1596,1,11,-1,3,-1
2015230041084,1,9,0,18,0,1,0,0,0,0,1,1,5,1,40,7,1896,2,9,-1,1,-1
2015230041084,2,9,0,5,0,1,0,0,0,0,2,1,5,1,37,7,1796,1,6,-1,1,-1
2015230041093,1,98,0,1,0,0,0,0,0,0,2,1,6,1,55,8,-1,-1,-1,-1,-1,-1
2015230041093,2,9,0,2,0,0,0,0,0,0,1,1,6,3,-1,-1,-1,-1,-1,-1,-1,-1
2015230041094,1,9,0,9,9,0,0,0,0,0,4,1,5,1,70,10,998,1,3,-1,1,-1
2015230041094,2,1,0,18,9,0,0,0,0,0,1,1,5,1,16,4,-1,-1,-1,-1,1,-1
2015230041099,1,1,0,9,0,0,0,0,0,0,2,1,6,1,34,6,-1,-1,-1,-1,1,-1
2015230041099,2,5,0,13,0,0,0,0,0,0,1,1,6,1,32,6,675,1,2,-1,3,-1
2015230041099,3,9,0,18,0,0,0,0,0,0,3,1,6,2,65,9,1968,2,3,-1,1,-1
2015230041105,1,9,0,7,5,5,0,0,0,0,1,1,2,1,27,6,1994,2,11,-1,2,-1
2015230041105,2,1,0,18,5,8,0,0,0,0,1,1,2,1,34,6,-1,-1,-1,-1,1,-1
2015230041147,1,9,0,7,0,4,0,0,0,0,4,1,6,3,30,6,-1,-1,-1,-1,-1,-1
2015230041147,2,1,0,5,0,4,0,0,0,0,3,1,6,1,42,7,-1,-1,-1,-1,1,-1
2015230041155,1,9,0,9,0,5,0,0,0,0,1,1,2,1,58,9,1149,1,14,-1,1,-1
2015230041155,2,9,0,18,0,8,0,0,1,11,1,1,5,1,31,6,1229,1,5,-1,1,-1
2015230041163,1,9,0,5,0,6,0,0,0,0,1,1,5,2,51,8,1968,2,2,-1,3,-1
2015230041163,2,9,0,18,0,8,0,0,7,4,3,1,5,1,81,11,1999,1,9,-1,1,-1
2015230041167,1,9,0,18,0,8,1,10,7,0,1,1,5,1,28,6,1995,1,8,-1,1,-1
2015230041167,2,9,0,7,0,6,1,0,0,0,1,1,5,2,77,11,-1,-1,-1,-1,-1,-1
2015230041174,1,9,0,18,0,0,0,0,1,0,1,1,5,1,19,4,1598,2,-1,-1,1,-1
2015230041174,2,9,0,18,0,0,1,0,0,0,1,1,2,1,41,7,2993,2,-1,-1,1,-1
2015230041174,3,9,0,18,0,0,1,0,1,10,4,1,2,1,35,6,1686,2,1,-1,1,-1
2015230041193,1,9,0,5,0,6,0,0,0,0,1,1,2,1,18,4,1242,1,-1,-1,1,-1
2015230041193,2,9,0,18,0,2,0,0,0,0,4,1,5,2,45,7,1242,1,2,-1,1,-1
2015230041242,1,9,0,4,0,1,0,0,0,0,1,1,6,2,39,7,1896,2,13,-1,1,-1
2015230041242,2,5,0,3,0,1,0,0,0,0,2,1,2,1,44,7,1352,1,4,-1,1,-1
2015230041271,1,9,0,16,0,0,1,0,0,0,1,1,5,1,21,5,1997,1,13,-1,1,-1
2015230041271,2,9,0,18,0,0,0,0,0,0,1,1,1,1,58,9,1560,2,3,-1,1,-1
2015230041279,1,9,0,7,0,5,0,0,0,0,3,1,5,1,23,5,1360,1,10,-1,1,-1
2015230041293,1,9,0,12,0,0,0,0,0,0,1,1,5,2,26,6,1499,1,-1,-1,1,-1
2015230041293,2,9,0,4,0,0,0,0,0,0,2,1,5,1,64,9,-1,-1,-1,-1,1,-1
2015230041293,3,9,0,3,0,0,0,0,0,0,2,1,5,1,23,5,1598,1,4,-1,1,-1
2015230041293,4,9,0,3,0,0,0,0,0,0,2,1,5,2,46,8,1328,1,12,-1,1,-1
2015230041302,1,9,0,16,0,0,1,0,2,7,1,1,5,1,48,8,1968,2,6,-1,1,-1
2015230041308,1,9,0,18,0,0,1,0,1,10,1,1,6,1,52,8,1679,1,16,-1,1,-1
2015230041309,1,9,0,17,0,0,1,0,7,9,1,1,1,2,47,8,1598,1,10,-1,2,-1
2015230041324,1,9,0,18,0,0,2,0,1,4,4,1,5,1,37,7,1956,2,5,-1,1,-1
2015230041353,1,9,0,9,0,6,0,0,0,0,1,1,2,1,55,8,1796,1,7,-1,1,-1
2015230041353,2,9,0,18,0,1,0,0,0,0,3,1,2,2,46,8,1560,2,4,-1,-1,-1
2015230041353,3,9,0,18,0,1,0,0,0,0,1,1,2,1,77,11,1339,1,9,-1,-1,-1
2015230041353,4,9,0,18,0,1,0,0,0,0,1,1,2,2,47,8,1242,1,-1,-1,1,-1
2015230041389,1,9,0,18,0,8,0,0,1,1,1,1,6,1,64,9,-1,-1,-1,-1,1,-1
2015230041407,1,9,0,4,0,0,0,0,0,0,1,1,2,2,32,6,1989,1,15,-1,1,-1
2015230041407,2,9,0,3,0,0,0,0,0,0,2,1,1,1,30,6,1499,2,-1,-1,1,-1
2015230041439,1,11,0,5,0,8,0,0,0,0,2,1,1,1,45,7,6370,2,8,-1,1,-1
2015230041439,2,3,0,18,0,8,0,0,0,0,1,1,2,1,31,6,125,1,-1,-1,1,-1
2015230041446,1,9,0,18,0,0,0,0,0,0,1,1,2,1,28,6,1998,1,13,-1,3,-1
2015230041446,2,9,0,18,0,0,0,0,0,0,1,1,6,2,36,7,2967,1,15,-1,1,-1
2015230041466,1,9,0,18,0,0,0,0,0,0,1,1,5,1,34,6,1798,1,13,-1,-1,-1
2015230041468,1,9,0,9,0,6,0,0,0,0,1,1,5,1,62,9,1388,1,7,-1,2,-1
2015230041468,2,3,0,17,0,8,0,0,0,0,1,1,5,1,19,4,124,1,10,-1,1,-1
2015230041492,1,9,0,7,0,5,0,0,0,0,1,1,5,1,73,10,1390,1,1,-1,1,-1
2015230041506,1,9,0,18,0,0,0,4,1,11,1,1,5,1,82,11,1956,2,1,-1,1,-1
2015230041506,2,9,0,2,0,0,0,0,0,0,1,1,6,3,48,8,1896,2,13,-1,-1,-1
2015230041508,1,9,0,18,0,0,0,0,0,0,4,1,5,2,61,9,1329,1,1,-1,2,-1
2015230041513,1,9,0,9,0,5,0,0,0,0,1,1,5,1,74,10,1200,1,-1,-1,3,-1
2015230041522,1,9,0,9,0,5,0,0,0,0,1,1,5,2,82,11,1242,1,8,-1,1,-1
2015230041522,2,1,0,18,0,8,0,0,0,0,1,1,5,1,38,7,-1,-1,-1,-1,-1,-1
2015230041689,1,9,0,3,0,1,0,0,0,0,1,1,6,2,33,6,2179,2,6,-1,1,-1
2015230041689,2,9,0,2,0,1,0,0,0,0,2,1,6,2,48,8,1796,1,11,-1,3,-1
2015230041698,1,9,0,18,0,0,1,0,1,3,1,1,5,2,17,4,1242,1,10,-1,2,-1
2015230041720,1,9,0,17,0,0,0,0,0,0,1,1,5,1,35,6,1598,1,12,-1,1,-1
2015230041720,2,9,0,16,0,0,0,0,0,0,1,1,6,1,57,9,1197,1,-1,-1,-1,-1
2015230041723,1,9,0,9,0,6,0,0,0,0,3,1,6,1,21,5,1200,1,-1,-1,1,-1
2015230041723,2,9,0,18,0,8,0,0,0,0,1,1,6,1,27,6,1360,1,9,-1,1,-1
2015230041727,1,9,0,18,0,3,1,0,1,7,1,1,5,1,51,8,3239,1,18,-1,1,-1
2015230041772,1,9,0,9,0,6,0,0,0,0,1,1,2,1,72,10,-1,-1,-1,-1,-1,-1
2015230041772,2,9,0,18,0,8,5,10,1,4,3,1,5,1,48,8,-1,-1,-1,-1,1,-1
2015230041775,1,9,0,18,0,0,0,0,0,0,4,1,5,1,57,9,-1,-1,-1,-1,1,-1
2015230041775,2,98,1,12,0,0,0,0,0,0,3,2,1,1,40,7,-1,-1,-1,-1,-1,-1
2015230041800,1,9,0,18,0,0,0,4,1,0,1,1,2,1,24,5,1596,1,17,-1,1,-1
2015230041800,2,98,1,2,0,0,0,0,0,0,2,1,1,1,67,10,11705,2,8,-1,3,-1
2015230041806,1,9,0,18,0,8,0,0,7,9,1,1,5,1,32,6,2982,2,1,-1,-1,-1
2015230041806,2,9,0,9,0,5,0,0,0,0,3,1,5,2,42,7,3000,1,9,-1,2,-1
2015230041818,1,9,0,4,0,1,0,0,0,0,2,1,5,1,42,7,1995,2,2,-1,3,-1
2015230041818,2,9,0,5,0,4,0,0,0,0,1,1,5,2,43,7,1598,2,5,-1,3,-1
2015230041823,1,9,0,18,0,4,0,0,0,0,1,1,6,3,33,6,-1,-1,-1,-1,-1,-1
2015230041823,2,3,0,7,0,4,0,0,0,0,2,1,5,1,18,4,125,1,7,-1,3,-1
2015230041828,1,21,1,11,0,0,0,0,0,0,4,1,1,1,69,10,12777,2,3,-1,2,-1
2015230041828,2,9,0,18,0,0,0,0,0,0,3,1,1,1,30,6,1560,2,8,-1,1,-1
2015230041843,1,9,0,9,0,6,0,0,0,0,3,1,5,2,38,7,1388,1,3,-1,1,-1
2015230041843,2,2,0,17,0,8,1,0,0,0,1,1,5,1,16,4,49,1,11,-1,1,-1
2015230041862,1,9,0,4,0,0,1,0,0,0,1,1,5,1,60,9,2720,2,10,-1,1,-1
2015230041862,2,9,0,4,0,0,0,0,0,0,2,1,5,1,51,8,1199,1,14,-1,1,-1
2015230041862,3,9,0,4,0,0,0,0,0,0,2,1,5,1,28,6,1600,2,6,-1,1,-1
2015230041866,1,9,0,16,0,8,0,0,0,0,1,1,5,2,57,9,5461,1,4,-1,1,-1
2015230041866,2,9,0,10,0,8,0,0,0,0,2,1,2,1,38,7,1360,1,9,-1,-1,-1
2015230041879,1,9,0,18,0,1,0,0,0,0,1,1,2,1,19,4,1364,1,6,-1,-1,-1
2015230041879,2,9,0,4,0,1,0,0,0,0,2,1,2,1,31,6,2926,2,12,-1,3,-1
2015230041881,1,9,0,4,0,0,1,0,0,0,1,1,1,1,34,6,1910,2,9,-1,1,-1
2015230041881,2,8,0,4,0,0,0,0,0,0,2,1,1,1,34,6,2402,2,15,-1,1,-1
2015230041886,1,9,0,18,0,0,0,0,1,0,1,1,6,1,20,4,1248,1,3,-1,-1,-1
2015230041886,2,9,0,18,0,0,0,0,1,0,1,1,1,1,38,7,1998,2,8,-1,3,-1
2015230041937,1,9,0,9,0,6,0,0,0,0,1,1,5,2,37,7,1299,1,12,-1,1,-1
2015230041937,2,9,0,18,0,8,0,0,0,0,1,1,5,2,23,5,1398,1,-1,-1,-1,-1
2015230041964,1,9,0,9,0,6,0,0,0,0,1,1,6,2,77,11,1339,1,6,-1,1,-1
2015230041974,1,9,0,17,0,8,0,0,0,0,1,1,5,1,53,8,2435,1,14,-1,2,-1
2015230041974,2,9,0,17,0,8,0,0,0,0,2,1,5,1,22,5,1598,1,12,-1,1,-1
2015230041975,1,9,0,18,0,1,0,0,0,0,1,1,5,1,53,8,2204,2,8,-1,1,-1
2015230041975,2,9,0,4,0,1,0,0,0,0,2,1,5,2,31,6,1560,2,4,-1,2,-1
2015230041975,3,9,0,3,0,1,0,0,0,0,2,1,5,2,32,6,1560,2,2,-1,3,-1
2015230041986,1,9,0,16,0,8,0,0,0,0,1,1,5,1,33,6,1598,2,4,-1,1,-1