Accident_Index,Vehicle_Reference,Vehicle_Type,Towing_and_Articulation,Vehicle_Manoeuvre,Vehicle_Location-Restricted_Lane,Junction_Location,Skidding_and_Overturning,Hit_Object_in_Carriageway,Vehicle_Leaving_Carriageway,Hit_Object_off_Carriageway,1st_Point_of_Impact,Was_Vehicle_Left_Hand_Drive?,Journey_Purpose_of_Driver,Sex_of_Driver,Age_of_Driver,Age_Band_of_Driver,Engine_Capacity_(CC),Propulsion_Code,Age_of_Vehicle,Driver_IMD_Decile,Driver_Home_Area_Type,Vehicle_IMD_Decile
2015230041986,2,9,0,9,0,5,0,0,0,0,4,1,5,1,34,6,1989,1,16,-1,1,-1
2015230041987,1,9,0,9,0,6,0,0,0,0,3,1,5,2,42,7,1598,1,7,-1,1,-1
2015230041987,2,9,0,4,0,8,0,0,0,0,1,1,5,1,33,6,1390,1,9,-1,1,-1
2015230042001,1,9,0,17,0,2,0,0,7,10,1,1,5,2,25,5,1796,1,15,-1,1,-1
2015230042011,1,9,0,18,0,0,0,0,0,0,2,1,5,2,31,6,1390,1,2,-1,1,-1
2015230042011,2,21,0,18,0,0,0,0,0,0,1,2,1,1,46,8,-1,-1,-1,-1,-1,-1
2015230042011,3,98,0,18,0,0,0,0,0,0,2,1,1,1,30,6,1700,2,15,-1,1,-1
2015230042062,1,9,0,1,0,6,0,0,0,0,2,1,6,2,21,5,2000,2,12,-1,1,-1
2015230042062,2,9,0,18,0,8,0,0,0,0,4,1,5,1,19,4,2170,2,10,-1,1,-1
2015230042073,1,9,0,16,0,8,1,0,7,2,3,1,5,1,30,6,1991,1,17,-1,1,-1
2015230042097,1,9,0,16,0,0,1,0,7,0,1,1,5,2,31,6,1596,1,16,-1,1,-1
2015230042097,2,9,0,2,6,0,0,0,0,0,1,1,5,2,44,7,1242,1,9,-1,1,-1
2015230042129,1,9,0,18,0,6,0,0,7,0,4,1,5,1,29,6,1796,1,7,-1,2,-1
2015230042129,2,9,0,18,0,8,0,0,0,0,1,1,5,1,37,7,-1,-1,-1,-1,1,-1
2015230042130,1,9,0,18,0,0,1,10,1,4,1,1,2,1,40,7,1998,1,9,-1,1,-1
2015230042164,1,9,0,16,0,0,1,0,7,7,1,1,5,1,19,4,-1,-1,-1,-1,3,-1
2015230043786,1,9,0,18,0,1,5,10,8,4,3,1,6,2,39,7,973,1,12,-1,1,-1
2015230044057,1,98,0,7,0,6,0,0,0,0,4,1,1,1,29,6,2402,2,8,-1,1,-1
2015230046401,1,9,0,7,0,5,0,0,0,0,1,1,6,1,48,8,999,1,-1,-1,-1,-1
2015230046580,1,3,0,18,0,0,1,4,0,0,1,1,5,1,19,4,49,1,3,-1,2,-1
2015230046580,2,98,0,2,0,0,0,0,0,0,2,1,6,3,34,6,2402,2,4,-1,-1,-1
2015230051967,1,9,0,18,0,0,0,0,0,0,1,1,5,1,73,10,1396,1,5,-1,1,-1
2015230051967,2,1,0,18,0,0,0,0,0,0,3,1,4,1,9,2,-1,-1,-1,-1,-1,-1
201523C502792,1,9,0,17,0,8,0,0,0,0,3,1,1,1,38,7,1753,2,10,-1,1,-1
201523C502792,2,9,0,5,0,6,0,0,0,0,1,1,6,1,70,10,2987,2,3,-1,1,-1
201523M035740,1,9,0,4,0,1,0,0,0,0,1,1,2,1,26,6,1796,1,13,-1,1,-1
201523M035740,2,8,0,9,0,8,0,0,0,0,1,1,1,1,52,8,1997,2,1,-1,1,-1
201523M064999,1,21,0,18,0,0,0,0,0,0,1,1,1,1,47,8,6370,2,10,-1,-1,-1
201523M064999,2,21,1,18,0,0,0,0,0,0,2,1,1,1,63,9,12740,2,4,-1,1,-1
201523M065017,1,9,0,11,0,0,0,0,0,0,4,1,6,2,20,4,1896,2,8,-1,1,-1
201523M065017,2,21,1,18,0,0,0,0,0,0,3,1,1,1,38,7,12900,2,5,-1,-1,-1
201523M065017,3,9,0,18,0,0,0,0,0,0,0,1,1,1,54,8,3628,2,6,-1,-1,-1
201523M065025,1,21,4,12,0,0,0,0,0,0,0,1,1,1,41,7,-1,-1,-1,-1,-1,-1
201523M065025,2,9,0,18,0,0,0,0,6,6,1,1,1,1,48,8,1248,2,5,-1,1,-1
201523M065055,1,9,0,18,0,0,0,0,1,7,1,1,2,2,31,6,-1,-1,-1,-1,1,-1
201523M065076,1,9,0,18,0,0,0,0,0,0,1,1,1,1,26,6,1124,1,13,-1,1,-1
201523M065076,2,19,0,3,0,0,0,0,0,0,2,1,1,1,49,8,1753,2,3,-1,1,-1
201523M065076,3,9,0,18,6,0,0,0,0,0,1,1,1,2,48,8,1596,1,8,-1,1,-1
201523M065151,1,19,0,4,0,0,1,0,0,0,1,1,1,1,33,6,1968,2,1,-1,-1,-1
201523M065151,2,21,1,3,0,0,0,0,0,0,2,1,1,1,61,9,-1,-1,-1,-1,-1,-1
201523M065165,1,19,0,18,0,0,0,0,0,0,1,1,1,1,38,7,2148,2,7,-1,1,-1
201523M065165,2,9,0,18,0,0,0,0,0,0,2,1,1,1,44,7,1995,2,1,-1,1,-1
201523M065165,3,19,0,3,0,0,0,0,0,0,2,1,1,1,58,9,1560,2,3,-1,-1,-1
201523M065166,1,19,0,11,0,7,0,0,0,0,2,1,6,1,43,7,1598,2,1,-1,1,-1
201523M065166,2,9,0,18,0,8,0,0,0,0,1,1,6,2,37,7,1968,2,1,-1,1,-1
201523M065166,3,9,0,4,0,8,0,0,0,0,2,1,6,1,34,6,1968,2,5,-1,1,-1
201523M065166,4,9,0,18,0,8,0,0,0,0,1,1,6,2,26,6,-1,-1,-1,-1,1,-1
201523M065208,1,9,0,16,0,0,1,0,2,7,1,1,6,1,18,4,-1,-1,-1,-1,1,-1
201523M065225,1,9,0,13,0,0,1,0,0,0,3,1,6,1,28,6,-1,-1,-1,-1,1,-1
201523M065225,2,21,1,18,0,0,0,0,0,0,2,1,1,1,55,8,12740,2,2,-1,1,-1
201523M065228,1,21,1,12,0,0,0,0,0,0,3,1,1,1,30,6,12777,2,2,-1,-1,-1
201523M065228,2,9,0,18,0,0,0,0,8,6,4,1,6,2,42,7,-1,-1,-1,-1,3,-1
201523M065228,3,19,0,18,0,0,0,0,0,0,1,1,1,1,35,6,-1,-1,-1,-1,1,-1
201523M065247,1,9,0,18,0,0,0,0,0,0,3,1,6,3,-1,-1,-1,-1,-1,-1,-1,-1
201523M065247,2,9,0,18,0,0,1,0,8,6,4,1,6,1,36,7,-1,-1,-1,-1,1,-1
201523M065247,3,9,0,18,0,0,0,0,0,0,1,1,6,2,24,5,1390,1,4,-1,1,-1
201523M065247,4,9,0,18,0,0,0,0,0,0,3,1,6,2,54,8,1497,8,2,-1,1,-1
201523M065249,1,21,1,12,0,0,4,0,0,0,3,1,1,1,42,7,-1,-1,-1,-1,-1,-1
201523M065249,2,9,0,18,0,0,0,0,1,9,4,1,2,2,41,7,-1,-1,-1,-1,1,-1
201523M065268,1,5,0,11,0,8,0,0,1,0,1,1,6,1,24,5,918,1,16,-1,1,-1
201523M065270,1,21,1,18,0,0,3,0,1,0,1,1,1,1,37,7,10518,2,8,-1,1,-1
201523M065270,2,9,0,4,0,0,0,0,1,0,2,1,6,1,53,8,2493,8,2,-1,1,-1
201523M065286,1,21,1,4,0,0,0,0,0,0,1,1,1,1,27,6,11705,2,5,-1,1,-1
201523M065286,2,19,0,4,0,0,0,0,0,0,2,1,2,1,39,7,-1,-1,-1,-1,2,-1
201523M065286,3,9,0,4,0,0,0,0,0,0,2,1,6,2,41,7,1461,2,2,-1,1,-1
201523M065286,4,9,0,4,0,0,0,0,0,0,2,1,6,1,49,8,1896,2,16,-1,2,-1
201523M065314,1,5,0,16,0,5,0,10,0,0,4,1,6,1,48,8,1084,1,14,-1,1,-1
201523M065318,1,9,0,18,0,1,1,0,7,1,1,1,6,1,41,7,1997,2,10,-1,1,-1
201523M065364,1,9,0,18,0,0,1,0,0,0,1,1,1,1,55,8,2198,1,7,-1,1,-1
201523M065364,2,11,0,18,0,0,0,0,0,0,2,1,1,1,68,10,11967,2,10,-1,1,-1
201523M065364,3,9,0,18,0,0,1,0,1,9,4,1,6,1,27,6,2143,2,1,-1,1,-1
201523M065364,4,21,0,18,0,0,0,0,0,0,3,1,1,1,44,7,12809,2,1,-1,-1,-1
201523M065375,1,9,0,18,0,0,0,0,0,0,0,1,6,1,28,6,998,1,15,-1,1,-1
201523M065375,2,9,0,18,0,0,0,11,0,0,1,1,6,1,53,8,2987,2,4,-1,1,-1
201523M065377,1,9,0,18,0,0,0,0,0,0,1,1,2,1,24,5,1560,2,4,-1,1,-1
201523M065377,2,9,0,4,0,0,0,0,0,0,2,1,2,2,56,9,2967,2,1,-1,1,-1
201523M065473,1,9,0,18,0,0,0,0,1,7,1,1,6,1,27,6,-1,-1,-1,-1,1,-1
201523M065473,2,9,0,18,0,0,0,0,1,0,2,1,6,1,67,10,1390,1,6,-1,2,-1
201523M065496,1,9,0,18,0,0,1,0,5,6,3,1,2,2,25,5,998,1,5,-1,1,-1
201523M065496,2,21,1,18,0,0,0,0,0,0,3,1,1,1,54,8,12902,2,-1,-1,-1,-1
201523M065513,1,20,0,18,0,0,0,0,0,0,1,1,1,1,49,8,4500,2,1,-1,1,-1
201523M065513,2,9,0,18,0,0,0,0,0,0,2,1,6,1,67,10,1299,1,9,-1,1,-1
201523M065513,3,9,0,18,0,0,0,0,0,0,2,1,6,1,40,7,-1,-1,-1,-1,-1,-1
201523M065518,1,21,1,12,0,0,0,0,0,0,0,1,1,1,50,8,-1,-1,-1,-1,-1,-1
201523M065518,2,9,0,18,0,0,0,0,0,0,4,1,2,1,22,5,1388,1,3,-1,1,-1
201523M065535,1,9,0,18,0,1,0,0,0,0,1,1,6,1,22,5,1995,2,5,-1,1,-1
201523M065535,2,9,0,4,0,1,0,0,0,0,2,1,2,2,46,8,1390,1,19,-1,1,-1
201523M065569,1,19,0,18,0,0,1,0,5,7,1,1,1,1,32,6,2143,2,1,-1,1,-1
201523M065569,2,9,0,18,0,0,0,0,5,0,4,1,6,1,46,8,-1,-1,-1,-1,1,-1
201523M065569,3,21,1,18,0,0,0,0,0,0,3,1,1,1,41,7,12777,2,4,-1,3,-1
201523M065571,1,9,0,18,0,0,1,0,1,0,3,1,6,2,49,8,1598,2,2,-1,2,-1
201523M065571,2,9,0,18,0,0,1,0,1,0,3,1,6,1,34,6,1896,2,13,-1,1,-1
201523M065595,1,9,0,18,0,0,2,0,1,10,1,1,6,1,23,5,1910,2,9,-1,-1,-1
201523M065595,2,9,0,18,0,0,0,0,0,0,0,1,6,3,-1,-1,-1,-1,-1,-1,-1,-1
201523M065599,1,21,1,18,0,0,0,0,0,0,1,1,1,1,40,7,10837,2,9,-1,1,-1
201523M065599,2,9,0,3,0,0,0,0,0,0,2,1,6,1,25,5,1560,2,2,-1,1,-1
201523M065599,3,19,0,3,0,0,0,0,0,0,2,1,6,1,48,8,2151,2,12,-1,1,-1
201523M065599,4,9,0,3,0,0,0,0,0,0,2,1,6,1,45,7,2993,2,4,-1,1,-1
201523M065599,5,9,0,3,0,0,0,0,0,0,2,1,6,1,38,7,1560,2,2,-1,1,-1
201523M065599,6,9,0,3,0,0,0,0,0,0,2,1,6,1,69,10,1796,1,7,-1,1,-1
201523M065616,1,9,0,12,0,0,0,0,0,0,0,1,6,3,-1,-1,-1,-1,-1,-1,-1,-1
201523M065616,2,9,0,13,0,0,1,0,4,6,3,1,6,1,22,5,1399,2,10,-1,1,-1
201523M065621,1,9,0,2,0,0,0,0,0,0,0,1,6,2,40,7,1388,1,11,-1,1,-1
201523M065621,2,9,0,14,0,0,0,0,5,6,1,1,6,2,51,8,-1,-1,-1,-1,1,-1
201523M065735,1,21,0,11,0,0,0,0,0,0,1,1,1,1,51,8,10518,2,9,-1,-1,-1
201523M065735,2,9,0,18,0,0,0,0,4,6,2,1,6,1,32,6,1686,2,10,-1,1,-1
201523M065743,1,9,0,18,0,0,0,0,0,0,1,1,6,1,48,8,1995,2,3,-1,3,-1
201523M065743,2,9,0,4,0,0,0,0,0,0,2,1,6,1,54,8,2987,2,4,-1,3,-1
201523M065746,1,9,0,18,0,0,0,0,0,0,1,1,2,1,26,6,1975,1,10,-1,1,-1
201523M065746,2,9,0,4,0,0,0,0,0,0,3,1,2,2,52,8,2993,2,4,-1,3,-1
201523M065746,3,9,0,4,0,0,0,0,0,0,4,1,2,1,17,4,1229,1,8,-1,1,-1
201523M065805,1,21,1,11,0,0,0,0,0,0,4,1,1,1,56,9,12419,2,4,-1,2,-1
201523M065805,2,9,0,18,0,0,0,0,1,0,3,1,6,1,24,5,1242,1,4,-1,1,-1
201523M065816,1,9,0,11,0,0,1,0,0,0,1,1,6,1,21,5,1195,1,18,-1,1,-1
201523M065816,2,21,1,18,0,0,0,0,0,0,2,1,1,1,60,9,12900,2,4,-1,1,-1
201523M065817,1,21,1,18,0,0,0,0,1,0,1,1,1,1,48,8,-1,2,12,-1,-1,-1
201523M065817,2,19,0,4,0,0,0,0,0,0,2,1,1,1,37,7,1968,2,5,-1,1,-1
201523M065817,3,9,0,4,0,0,0,0,1,7,2,1,6,2,49,8,1968,2,5,-1,1,-1
201523M065839,1,9,0,18,0,0,1,0,8,6,1,1,6,1,26,6,998,1,11,-1,1,-1
201523M065839,2,21,1,18,0,0,0,0,0,0,3,1,1,1,42,7,10518,2,6,-1,-1,-1
201523M065839,3,19,0,18,0,0,5,0,0,0,1,1,1,1,56,9,-1,-1,-1,-1,-1,-1
201523M065844,1,9,0,18,0,0,0,0,1,0,1,1,2,1,43,7,1870,2,11,-1,1,-1
201523M065844,2,9,0,18,0,0,0,0,0,0,2,1,2,1,43,7,1149,1,10,-1,1,-1
201523M065849,1,9,0,18,0,0,1,0,1,0,3,1,6,1,36,7,1910,2,8,-1,1,-1
201523M065908,1,21,1,12,0,0,0,0,0,0,1,1,1,1,34,6,-1,-1,-1,-1,-1,-1
201523M065908,2,9,0,18,0,0,0,0,1,7,4,1,6,2,60,9,1388,1,6,-1,3,-1
201523M065922,1,21,1,4,0,0,0,0,0,0,1,1,1,1,43,7,12900,2,4,-1,2,-1
201523M065922,2,19,0,4,0,0,0,0,0,0,2,1,1,1,34,6,2148,2,9,-1,1,-1
201523M065922,3,21,1,4,0,0,0,0,0,0,2,1,1,1,37,7,-1,-1,-1,-1,-1,-1
201523M065937,1,9,0,12,0,0,0,0,0,0,1,1,1,1,32,6,1998,1,13,-1,1,-1
201523M065937,2,19,0,12,0,0,0,0,0,0,3,1,1,1,47,8,2143,2,4,-1,1,-1
201523M065952,1,19,0,16,0,0,0,0,1,0,1,1,2,1,21,5,1868,2,15,-1,1,-1
201523M065958,1,9,0,13,0,0,1,0,5,6,1,1,6,2,27,6,1360,1,14,-1,1,-1
201523M065963,1,9,0,18,0,0,1,0,5,6,1,1,6,1,49,8,-1,-1,-1,-1,-1,-1
201523M065963,2,11,0,18,0,0,0,0,0,0,3,1,1,1,57,9,10837,2,-1,-1,1,-1
201523M066002,1,9,0,18,0,0,1,0,0,0,1,1,6,1,30,6,2198,2,10,-1,1,-1
201523M066002,2,9,0,4,0,0,0,0,0,0,2,1,1,2,23,5,1598,2,2,-1,1,-1
201523M066002,3,19,0,4,0,0,0,0,0,0,0,1,6,3,-1,-1,-1,-1,-1,-1,-1,-1
201523M066003,1,9,0,18,0,0,0,0,0,0,2,1,6,2,24,5,1200,1,2,-1,1,-1
201523M066003,2,19,0,18,0,0,0,0,0,0,1,1,1,1,47,8,1968,2,3,-1,1,-1
201523M066003,3,9,0,18,0,0,0,0,0,0,0,1,6,1,32,6,1997,12,2,-1,1,-1
201523M066003,4,9,0,18,0,0,0,0,0,0,4,1,1,1,25,5,1560,2,-1,-1,3,-1
201523M066003,5,9,0,18,0,0,0,0,0,0,1,1,1,1,48,8,1461,2,1,-1,-1,-1
201523M066032,1,9,0,18,0,0,2,0,1,0,1,1,6,1,40,7,1796,1,8,-1,1,-1
201523M066032,2,9,0,18,0,0,0,0,0,0,2,1,6,2,48,8,2435,1,9,-1,1,-1
201523M066048,1,9,0,18,0,0,1,0,1,0,2,1,6,1,28,6,2143,2,-1,-1,1,-1
201523M066048,2,21,0,18,0,0,0,0,0,0,2,1,1,1,31,6,5880,2,5,-1,1,-1
201523M066103,1,9,0,18,0,0,0,0,0,0,1,1,1,1,62,9,998,1,1,-1,1,-1
201523M066103,2,9,0,4,0,0,0,0,0,0,2,1,1,1,38,7,1596,1,3,-1,1,-1
201523M066116,1,9,0,18,0,0,0,0,0,0,3,1,2,2,28,6,1197,1,-1,-1,1,-1
201523M066116,2,21,1,18,0,0,0,0,0,0,1,1,1,1,51,8,12777,2,3,-1,1,-1
201523M066144,1,9,0,18,0,0,1,0,1,4,4,1,2,2,27,6,1296,1,9,-1,1,-1
201523M066171,1,9,0,18,0,0,2,0,8,6,1,1,6,1,37,7,1398,2,11,-1,1,-1
201523M066174,1,9,0,4,0,0,0,0,0,0,1,1,2,1,19,4,1360,1,12,-1,1,-1
201523M066174,2,19,0,4,0,0,0,0,0,0,2,1,1,1,65,9,-1,-1,-1,-1,1,-1
201523M066175,1,9,0,13,0,1,1,0,1,4,1,1,6,1,26,6,1560,2,8,-1,1,-1
201523M066180,1,21,0,12,0,0,0,0,0,0,1,1,6,3,-1,-1,-1,-1,-1,-1,-1,-1
201523M066180,2,9,0,18,0,0,0,0,0,0,2,1,6,1,43,7,1951,2,10,-1,1,-1
201523M066180,3,9,0,18,0,0,0,0,0,0,1,1,6,1,39,7,2987,2,8,-1,1,-1
201523M066185,1,9,0,18,0,0,0,0,0,0,1,1,6,2,23,5,1499,2,1,-1,1,-1
201523M066185,2,9,0,4,0,0,0,0,0,0,2,1,6,2,53,8,1999,1,12,-1,1,-1
201523M066206,1,9,0,18,0,0,2,0,1,10,1,1,6,2,74,10,1339,1,11,-1,1,-1
201523M066254,1,9,0,18,0,0,0,0,0,0,1,1,1,1,25,5,1984,1,-1,-1,1,-1
201523M066254,2,9,0,18,0,0,0,0,0,0,2,1,6,2,55,8,1997,1,14,-1,1,-1
201523M066260,1,21,1,18,0,0,0,0,0,0,3,1,1,1,57,9,11967,2,4,-1,1,-1
201523M066260,2,9,0,12,0,0,0,0,4,6,4,1,6,2,35,6,1598,1,9,-1,1,-1
201523M066276,1,9,0,18,0,8,1,0,4,4,1,1,6,1,46,8,2696,2,8,-1,1,-1
201523M066285,1,9,0,18,0,0,1,0,0,0,1,1,6,1,32,6,1968,2,5,-1,3,-1
201523M066285,2,19,0,3,0,0,0,0,0,0,2,1,2,1,34,6,2198,2,8,-1,2,-1
201523M066285,3,19,0,3,0,0,0,0,0,0,2,1,1,1,64,9,1598,2,2,-1,-1,-1
201523M066331,1,9,0,18,0,0,0,0,4,6,1,1,6,1,39,7,1783,1,12,-1,1,-1
201523M066336,1,9,0,4,0,0,0,0,0,0,1,1,6,1,46,8,1997,2,12,-1,1,-1
201523M066336,2,9,0,4,0,0,0,0,0,0,2,1,6,1,54,8,1598,2,-1,-1,3,-1
201523M066364,1,21,1,12,0,0,0,0,0,0,3,1,1,1,57,9,-1,-1,-1,-1,-1,-1
201523M066364,2,9,0,13,0,0,0,0,0,0,4,1,6,2,41,7,995,1,6,-1,1,-1
201523M066365,1,9,0,18,0,0,1,0,0,0,1,1,6,1,19,4,1796,1,10,-1,-1,-1
201523M066365,2,9,0,4,0,0,0,0,0,0,2,1,6,1,21,5,1988,1,14,-1,1,-1
201523M066365,3,9,0,4,0,0,0,0,0,0,2,1,6,1,60,9,2179,2,1,-1,1,-1
201523M066366,1,11,0,4,0,0,1,0,0,0,1,1,1,2,55,8,10900,2,13,-1,-1,-1
201523M066366,2,9,0,4,0,0,0,0,0,0,2,1,6,1,42,7,1390,1,8,-1,1,-1
201523M066366,3,9,0,4,0,0,0,0,0,0,2,1,6,1,81,11,1799,1,7,-1,3,-1
201523M066374,1,21,1,4,0,0,0,0,0,0,1,1,1,1,30,6,12419,2,5,-1,1,-1
201523M066374,2,9,0,3,0,0,0,0,0,0,2,1,1,1,29,6,-1,-1,-1,-1,-1,-1
201523M066374,3,9,0,3,0,0,0,0,0,0,2,1,2,2,47,8,998,1,2,-1,1,-1
201523M066424,1,9,0,4,0,0,0,0,0,0,1,1,2,2,22,5,1149,1,13,-1,1,-1
201523M066424,2,9,0,4,0,0,0,0,0,0,2,1,2,2,43,7,1995,2,12,-1,1,-1
201523M066424,3,9,0,4,0,0,0,0,0,0,2,1,6,1,17,4,1598,1,10,-1,1,-1
201523M066444,1,9,0,18,0,0,0,0,0,0,0,1,2,2,47,8,1995,2,6,-1,-1,-1
201523M066444,2,9,0,4,0,0,0,0,0,0,0,1,6,1,35,6,1598,1,8,-1,1,-1
201523M066444,3,9,0,18,0,0,0,0,0,0,1,1,6,1,44,7,1461,2,9,-1,1,-1
201523M066444,4,19,0,4,0,0,0,0,0,0,2,1,1,1,38,7,2287,2,-1,-1,1,-1
201523M066444,5,10,0,18,0,0,0,0,0,0,1,1,1,1,45,7,-1,-1,-1,-1,1,-1
201523M066444,6,9,0,4,0,0,0,0,0,0,2,1,6,1,28,6,1995,2,7,-1,-1,-1
201523M066507,1,19,0,18,0,0,1,0,1,9,1,1,1,1,45,7,1248,2,8,-1,1,-1
201523M066529,1,21,1,12,0,0,0,0,0,0,3,1,1,1,28,6,-1,-1,-1,-1,-1,-1
201523M066529,2,9,0,18,0,0,0,0,0,0,4,1,2,1,47,8,1560,2,3,-1,1,-1
201523M066531,1,9,0,11,0,0,1,0,0,0,4,1,6,2,34,6,1599,1,12,-1,1,-1
201523M066531,2,21,1,18,0,0,0,0,0,0,3,1,1,1,48,8,12902,2,-1,-1,2,-1
201523M066565,1,5,0,12,0,8,1,0,4,0,2,1,6,1,61,9,1450,1,9,-1,1,-1
201523M066565,2,9,0,18,0,8,0,0,0,0,1,1,6,1,46,8,1198,1,-1,-1,1,-1
201523M066573,1,21,1,12,0,0,0,0,0,0,3,1,1,1,48,8,-1,-1,-1,-1,-1,-1
201523M066573,2,9,0,18,0,0,0,0,0,0,1,1,1,2,31,6,1461,2,1,-1,3,-1
201523M066573,3,9,0,18,0,0,0,0,0,0,4,1,1,1,33,6,1598,2,1,-1,1,-1
201523M066664,1,9,0,1,0,2,0,0,0,0,0,1,6,3,-1,-1,-1,-1,-1,-1,-1,-1
201523M066664,2,9,0,18,0,8,0,0,1,0,4,1,1,2,22,5,1229,1,1,-1,-1,-1
201523M400017,1,9,0,11,0,0,5,0,2,7,1,1,6,2,20,4,-1,-1,-1,-1,3,-1
201523M400075,1,9,0,18,0,0,0,0,0,0,1,1,6,1,47,8,-1,-1,-1,-1,1,-1
201523M400075,2,9,0,18,0,0,0,0,0,0,2,1,6,1,31,6,1995,2,8,-1,1,-1
201523M400075,3,21,1,18,0,0,0,0,0,0,1,1,1,1,34,6,10837,2,6,-1,-1,-1
201523M400103,1,21,1,12,0,0,0,0,0,0,3,1,1,1,30,6,-1,-1,-1,-1,-1,-1
201523M400103,2,9,0,18,0,0,0,0,1,10,4,1,6,2,27,6,-1,-1,-1,-1,3,-1
201523M400115,1,9,0,18,0,2,0,0,0,0,1,1,6,1,17,4,998,1,4,-1,1,-1
201523M400115,2,9,0,4,0,2,0,0,0,0,2,1,6,3,-1,-1,-1,-1,-1,-1,-1,-1
201523M400115,3,9,0,18,0,2,0,0,0,0,1,1,6,1,36,7,1991,2,8,-1,1,-1
201523M400117,1,9,0,18,0,0,1,0,5,6,3,1,6,1,18,4,1124,1,12,-1,1,-1
201523M400117,2,9,0,18,0,0,0,0,0,0,1,1,6,1,41,7,1870,2,11,-1,1,-1
201523M400166,1,9,0,13,0,0,2,0,8,6,1,1,6,2,24,5,1598,1,10,-1,-1,-1
201523M400191,1,9,0,18,0,0,0,0,1,0,1,1,6,1,41,7,1998,2,9,-1,1,-1
201523M400191,2,9,0,18,0,0,0,0,5,6,1,1,6,1,44,7,-1,-1,-1,-1,1,-1
201523M400191,3,9,0,18,0,0,0,0,5,6,1,1,6,1,21,5,-1,-1,-1,-1,-1,-1
201523M400191,4,9,0,18,0,0,0,0,0,0,1,1,6,2,22,5,-1,-1,-1,-1,1,-1
201523M400191,5,9,0,18,0,0,0,0,0,0,1,1,6,1,62,9,1199,2,4,-1,3,-1
201523M400191,6,9,0,18,0,0,0,0,0,0,1,1,6,2,32,6,-1,-1,-1,-1,1,-1
201523M400192,1,9,0,4,0,0,0,0,0,0,1,1,6,1,35,6,1299,1,8,-1,1,-1
201523M400192,2,9,0,4,0,0,0,0,0,0,2,1,6,1,27,6,1968,2,2,-1,2,-1
201523M400272,1,21,1,18,0,0,0,0,0,0,1,1,1,1,27,6,-1,-1,-1,-1,-1,-1
201523M400272,2,9,0,18,0,0,0,0,0,0,2,1,6,1,19,4,-1,-1,-1,-1,2,-1
201523M400272,3,19,0,18,0,0,0,0,0,0,2,1,1,1,38,7,-1,-1,-1,-1,1,-1
201523M400272,4,9,0,18,0,0,0,0,0,0,2,1,2,1,53,8,1968,2,2,-1,2,-1
201523M400272,5,9,0,18,0,0,0,0,0,0,2,1,6,2,38,7,1598,1,4,-1,1,-1
201523M400283,1,9,0,12,0,0,0,0,0,0,0,1,6,3,-1,-1,-1,-1,-1,-1,-1,-1
201523M400283,2,9,0,18,0,0,1,0,1,10,1,1,6,2,42,7,1598,1,9,-1,2,-1
201523M400317,1,9,0,12,0,0,5,0,1,7,1,1,6,2,21,5,1389,1,9,-1,1,-1
201523M400332,1,9,0,2,0,0,0,0,0,0,0,1,6,1,42,7,1870,2,13,-1,1,-1
201523M400332,2,9,0,4,0,0,0,0,0,0,2,1,6,2,33,6,1896,2,13,-1,1,-1
201523M400332,3,5,0,4,0,0,1,0,0,0,1,1,6,1,54,8,1340,1,20,-1,3,-1
201523M400332,4,9,0,4,0,0,0,0,0,0,1,1,6,1,38,7,1968,2,7,-1,1,-1
201523M400410,1,9,0,18,0,0,0,0,0,0,1,1,1,1,28,6,1995,2,-1,-1,1,-1
201523M400410,2,9,0,18,0,0,0,0,0,0,2,1,6,1,33,6,2993,2,8,-1,1,-1
201523M400410,3,9,0,18,0,0,0,0,0,0,1,1,6,2,18,4,1598,1,12,-1,1,-1
201523M400410,4,9,0,18,0,0,0,0,0,0,0,1,6,2,23,5,1896,2,9,-1,1,-1
201523M400410,5,9,0,18,0,0,0,0,0,0,4,1,6,1,30,6,2143,2,-1,-1,-1,-1
201523M400410,6,20,0,3,0,0,0,0,0,0,3,1,1,1,49,8,-1,-1,-1,-1,1,-1
201523M400415,1,9,0,11,0,0,5,0,1,7,4,1,6,1,31,6,1997,1,6,-1,1,-1
201523M400415,2,9,0,18,0,0,1,0,0,0,3,1,6,2,26,6,1896,2,7,-1,1,-1
201523M400444,1,9,0,18,0,0,2,0,1,9,1,1,6,2,48,8,-1,-1,-1,-1,1,-1
201523M400444,2,9,0,18,0,0,0,0,0,0,1,1,1,1,41,7,1997,2,2,-1,1,-1
201523M400466,1,9,0,18,0,8,1,0,5,6,1,1,1,1,38,7,2171,1,14,-1,1,-1
201523M400466,2,9,0,18,0,8,2,0,0,0,2,1,1,1,28,6,1461,2,1,-1,1,-1
201523M400488,1,9,0,13,0,0,2,0,1,4,4,1,6,1,46,8,1598,1,11,-1,1,-1
201523M400496,1,9,0,18,0,0,1,0,2,7,1,1,6,2,67,10,1296,1,8,-1,1,-1