Accident_Index,Vehicle_Reference,Vehicle_Type,Towing_and_Articulation,Vehicle_Manoeuvre,Vehicle_Location-Restricted_Lane,Junction_Location,Skidding_and_Overturning,Hit_Object_in_Carriageway,Vehicle_Leaving_Carriageway,Hit_Object_off_Carriageway,1st_Point_of_Impact,Was_Vehicle_Left_Hand_Drive?,Journey_Purpose_of_Driver,Sex_of_Driver,Age_of_Driver,Age_Band_of_Driver,Engine_Capacity_(CC),Propulsion_Code,Age_of_Vehicle,Driver_IMD_Decile,Driver_Home_Area_Type,Vehicle_IMD_Decile
201523M400543,1,19,0,18,0,0,0,0,0,0,1,1,1,1,25,5,2287,2,7,-1,3,-1
201523M400543,2,21,1,4,0,0,0,0,0,0,1,1,1,1,34,6,-1,-1,-1,-1,-1,-1
201523M400543,3,21,1,4,6,0,0,0,0,0,0,1,1,1,43,7,-1,-1,-1,-1,-1,-1
201523M400617,1,19,0,4,0,0,0,0,0,0,1,1,1,1,48,8,-1,-1,-1,-1,-1,-1
201523M400617,2,9,0,4,0,0,0,0,0,0,2,1,6,1,24,5,-1,-1,-1,-1,1,-1
201523M400635,1,9,0,18,0,0,5,0,0,0,1,1,4,1,42,7,1997,1,13,-1,1,-1
201523M400635,2,21,1,18,0,0,0,0,0,0,3,1,1,1,54,8,12740,2,-1,-1,1,-1
201523M400635,3,21,1,18,0,0,1,0,0,0,1,1,1,1,34,6,11967,2,4,-1,1,-1
201523M400635,4,21,0,18,0,0,0,0,0,0,1,1,1,1,31,6,9290,2,3,-1,1,-1
201523M400701,1,19,0,4,0,0,0,0,0,0,1,1,1,1,44,7,1248,2,-1,-1,1,-1
201523M400701,2,9,0,4,0,0,0,0,0,0,1,1,6,1,47,8,1398,1,5,-1,1,-1
201523M400701,3,9,0,4,0,0,0,0,0,0,2,1,1,1,44,7,1798,1,3,-1,1,-1
201523M400708,1,19,0,4,0,0,0,0,0,0,1,1,2,1,56,9,1598,2,2,-1,1,-1
201523M400708,2,9,0,4,0,0,0,0,0,0,2,1,2,1,54,8,1896,2,11,-1,1,-1
201523M400708,3,9,0,4,0,0,0,0,0,0,2,1,2,1,33,6,998,1,1,-1,1,-1
201523M400708,4,9,0,4,0,0,0,0,0,0,2,1,2,1,58,9,2143,2,5,-1,1,-1
201523M400713,1,9,0,18,0,0,5,0,1,9,1,1,1,1,24,5,1360,1,14,-1,1,-1
201523M400769,1,9,0,18,0,0,1,0,5,6,1,1,6,2,20,4,1598,1,8,-1,1,-1
201523M400769,2,21,1,12,0,0,0,0,0,0,3,1,1,1,41,7,12900,2,4,-1,1,-1
201523M400793,1,9,0,18,0,0,2,0,1,4,1,1,1,2,25,5,1598,1,11,-1,1,-1
201523M400827,1,9,0,18,0,0,1,0,1,0,1,1,6,1,72,10,-1,-1,-1,-1,1,-1
201523M400827,2,9,0,3,0,0,0,0,0,0,2,1,6,2,23,5,1997,2,5,-1,3,-1
201523M400827,3,21,1,3,0,0,0,0,0,0,2,1,1,1,30,6,12900,2,3,-1,1,-1
201523M401032,1,9,0,18,0,0,0,0,5,6,1,1,6,1,83,11,1598,1,6,-1,1,-1
201523M401032,2,9,0,18,0,0,0,0,0,0,1,1,6,1,41,7,2143,2,3,-1,-1,-1
201523M401032,3,9,0,18,0,0,0,0,0,0,1,1,6,1,47,8,1399,2,4,-1,1,-1
201523M401060,1,9,0,4,0,0,1,0,0,0,1,1,6,1,18,4,-1,-1,-1,-1,3,-1
201523M401060,2,9,0,4,0,0,0,0,0,0,2,1,6,1,25,5,1461,2,-1,-1,3,-1
201523M401060,3,9,0,4,0,0,0,0,0,0,0,1,6,2,47,8,1679,1,15,-1,1,-1
201523M401061,1,9,0,18,0,0,0,0,0,0,1,1,2,1,29,6,1086,1,8,-1,3,-1
201523M401061,2,9,0,18,0,0,0,0,0,0,1,1,6,1,34,6,1796,1,10,-1,1,-1
201523M401061,3,9,0,18,0,0,0,0,0,0,1,1,6,2,24,5,1339,1,12,-1,1,-1
201523M401061,4,9,0,4,0,0,0,0,0,0,2,1,6,2,50,8,1560,2,2,-1,1,-1
201523M401174,1,9,0,18,0,0,0,2,0,0,3,1,6,1,22,5,1995,2,5,-1,1,-1
201523M401189,1,98,0,18,0,0,0,0,0,0,1,1,6,2,42,7,-1,-1,-1,-1,3,-1
201523M401189,2,9,0,18,0,0,0,0,0,0,2,1,1,1,33,6,1499,2,-1,-1,1,-1
201523M401189,3,19,0,4,0,0,0,0,0,0,2,1,1,1,55,8,2143,2,3,-1,1,-1
201523M420419,1,9,0,18,0,0,0,0,0,0,1,1,6,1,23,5,1198,1,7,-1,3,-1
201523M420419,2,21,1,18,0,0,0,0,0,0,4,1,1,1,54,8,12130,2,10,-1,1,-1
201523M420419,3,9,0,18,0,0,0,0,0,0,4,1,6,2,37,7,1560,2,2,-1,1,-1
201523M420419,4,9,0,18,0,0,0,0,0,0,2,1,6,2,46,8,1598,2,1,-1,1,-1
201523M420477,1,21,1,4,0,0,0,0,0,0,1,1,1,1,61,9,12902,2,2,-1,1,-1
201523M420477,2,9,0,4,0,0,0,0,0,0,2,1,6,1,20,4,1397,1,8,-1,1,-1
201523M420477,3,9,0,4,0,0,0,0,0,0,2,1,6,2,63,9,1991,2,6,-1,2,-1
201523M420477,4,9,0,4,0,0,0,0,0,0,2,1,6,1,62,9,1242,1,10,-1,1,-1
201523M420561,1,19,0,18,0,0,0,0,0,0,1,1,1,1,39,7,2143,2,4,-1,1,-1
201523M420561,2,9,0,18,0,0,1,0,4,6,2,1,6,2,18,4,1242,1,6,-1,1,-1
201523M420816,1,9,4,11,0,7,0,0,0,0,2,1,6,1,39,7,1995,2,11,-1,3,-1
201523M420816,2,5,0,18,0,8,0,0,0,0,1,1,6,1,45,7,999,1,2,-1,1,-1
201523M420823,1,9,0,18,0,1,0,0,0,0,1,1,6,2,26,6,1984,1,4,-1,1,-1
201523M420823,2,9,0,3,0,1,0,0,0,0,2,1,6,1,35,6,2993,2,-1,-1,1,-1
201523M420956,1,21,1,18,0,0,0,0,0,0,1,1,1,1,46,8,12777,2,4,-1,-1,-1
201523M420956,2,9,0,4,0,0,0,0,0,0,2,1,1,1,56,9,1461,2,6,-1,2,-1
201523M420964,1,21,1,18,0,0,0,0,0,0,1,1,1,1,32,6,12902,2,2,-1,1,-1
201523M420964,2,9,0,18,0,0,0,0,0,0,2,1,6,2,44,7,999,1,1,-1,1,-1
201523M420964,3,9,0,18,0,0,0,0,0,0,2,1,6,1,36,7,-1,-1,-1,-1,2,-1
201523M420964,4,9,0,18,0,0,0,0,0,0,2,1,6,1,52,8,1590,1,10,-1,1,-1
201523M420967,1,9,0,18,0,0,0,0,1,7,2,1,6,2,26,6,2499,2,12,-1,1,-1
201523M420967,2,19,0,18,0,0,0,0,0,0,4,1,6,1,22,5,1998,2,12,-1,3,-1
201523M420967,3,21,1,18,0,0,0,0,0,0,4,1,1,1,58,9,-1,-1,-1,-1,1,-1
201523M420989,1,9,0,4,0,0,1,0,0,0,1,1,6,1,26,6,-1,-1,-1,-1,1,-1
201523M420989,2,9,0,4,0,0,0,0,0,0,2,1,6,1,27,6,1997,2,-1,-1,2,-1
201523M420989,3,9,0,4,0,0,0,0,0,0,2,1,6,2,41,7,1596,1,5,-1,3,-1
201523M425060,1,21,0,11,0,0,0,0,0,0,4,1,1,1,27,6,7146,2,5,-1,3,-1
201523M425060,2,9,0,12,0,0,0,6,5,6,3,1,6,1,73,10,1242,1,8,-1,1,-1
201523M425069,1,9,0,18,0,0,0,0,0,0,1,1,6,2,21,5,1598,2,4,-1,1,-1
201523M425069,2,9,0,4,0,0,0,0,0,0,2,1,6,1,34,6,1686,2,4,-1,1,-1
201523M425069,3,9,0,4,0,0,0,0,0,0,2,1,6,2,32,6,1896,2,6,-1,1,-1
201523M425069,4,9,0,4,0,0,0,0,0,0,2,1,6,1,49,8,1598,2,2,-1,2,-1
201523M425156,1,21,0,12,0,0,0,0,0,0,3,1,1,1,54,8,11946,2,7,-1,-1,-1
201523M425156,2,90,0,18,0,0,1,0,4,6,4,1,1,1,33,6,-1,-1,-1,-1,1,-1
201523M425161,1,9,0,4,0,0,0,0,0,0,1,1,1,1,33,6,1998,2,9,-1,3,-1
201523M425161,2,9,0,4,0,0,0,0,0,0,2,1,6,2,43,7,1360,1,9,-1,1,-1
201523M425182,1,9,0,11,0,0,0,0,0,0,1,1,6,2,36,7,-1,-1,-1,-1,1,-1
201523M425182,2,19,0,4,0,0,0,0,0,0,2,1,1,1,41,7,2198,2,3,-1,1,-1
201523M425209,1,9,0,4,0,0,1,0,0,0,1,1,6,1,42,7,2993,2,2,-1,1,-1
201523M425209,2,9,0,4,0,0,0,0,0,0,2,1,6,1,49,8,1968,2,3,-1,1,-1
201523M425209,3,9,0,4,0,0,0,0,0,0,2,1,6,1,29,6,-1,-1,-1,-1,1,-1
201523M425209,4,9,0,4,0,0,0,0,0,0,2,1,6,2,22,5,1200,1,1,-1,1,-1
201523M425209,5,19,0,18,0,0,0,0,0,0,1,1,1,1,28,6,1995,2,2,-1,1,-1
201523M425248,1,9,0,18,0,0,0,0,0,0,1,1,6,1,53,8,-1,-1,-1,-1,3,-1
201523M425248,2,9,0,4,0,0,0,0,0,0,2,1,6,1,59,9,1598,2,2,-1,-1,-1
201523M425280,1,19,0,18,0,0,0,0,0,0,1,1,1,1,33,6,1995,2,1,-1,1,-1
201523M425280,2,9,0,18,0,0,0,0,0,0,2,1,6,1,63,9,1984,1,2,-1,3,-1
201523M425410,1,9,0,18,0,0,1,0,0,0,1,1,6,1,28,6,-1,-1,-1,-1,1,-1
201523M425410,2,9,0,3,0,0,0,0,0,0,2,1,6,1,59,9,2143,2,4,-1,3,-1
201523M425410,3,9,0,3,0,0,0,0,0,0,2,1,6,1,53,8,2143,2,2,-1,1,-1
201523M425465,1,9,0,4,0,0,1,0,0,0,2,1,6,1,32,6,-1,-1,-1,-1,1,-1
201523M425465,2,9,0,4,0,0,1,0,0,0,1,1,6,2,27,6,1397,1,8,-1,2,-1
201523M425465,3,9,0,4,0,0,0,0,0,0,2,1,6,1,30,6,1998,2,13,-1,1,-1
201523M425485,1,9,0,4,0,0,0,0,0,0,1,1,2,1,22,5,2402,2,6,-1,1,-1
201523M425485,2,9,0,4,0,0,0,0,0,0,2,1,6,1,24,5,1242,1,12,-1,-1,-1
201523M425485,3,19,0,4,0,0,0,0,0,0,2,1,2,1,43,7,2198,2,4,-1,1,-1
201523M425485,4,9,0,4,0,0,0,0,0,0,2,1,2,1,45,7,1598,2,-1,-1,2,-1
201523M425485,5,19,0,4,0,0,0,0,0,0,2,1,2,1,31,6,-1,-1,-1,-1,1,-1
201523M425485,6,9,0,4,0,0,0,0,0,0,2,1,2,1,31,6,1596,1,-1,-1,1,-1
201523M425485,7,9,0,4,0,0,0,0,0,0,0,1,6,1,20,4,1984,1,6,-1,1,-1
201523M425783,1,9,0,18,0,0,1,0,5,6,3,1,6,1,26,6,1995,2,10,-1,1,-1
201523M425783,2,9,0,18,0,0,0,0,1,7,3,1,6,2,61,9,1396,2,2,-1,1,-1
201523M426136,1,21,1,18,0,0,1,0,0,0,1,1,1,1,47,8,12900,2,3,-1,1,-1
201523M426136,2,9,0,4,0,0,0,0,0,0,2,1,1,1,32,6,-1,-1,-1,-1,1,-1
201523M426136,3,19,0,4,0,0,0,0,0,0,2,1,1,1,23,5,-1,-1,-1,-1,1,-1
201523M426136,4,21,1,4,0,0,0,0,0,0,2,1,1,1,49,8,10518,2,7,-1,2,-1
201523M426223,1,19,0,4,0,0,1,0,0,0,1,1,1,1,35,6,2187,2,11,-1,1,-1
201523M426223,2,19,0,4,0,0,0,0,0,0,2,1,1,1,34,6,2402,2,8,-1,1,-1
201523M426363,1,9,0,18,0,1,0,0,0,0,1,1,6,2,39,7,1598,2,1,-1,1,-1
201523M426363,2,19,0,4,0,1,0,0,0,0,2,1,1,1,47,8,1968,2,-1,-1,2,-1
201523M426363,3,9,0,4,0,1,0,0,0,0,2,1,6,1,62,9,4511,1,8,-1,1,-1
201523M426363,4,9,0,4,0,1,0,0,0,0,2,1,6,2,21,5,1560,2,5,-1,1,-1
201523M426371,1,9,0,13,0,0,1,0,0,0,4,1,2,2,31,6,1598,2,4,-1,-1,-1
201523M426371,2,8,0,18,0,0,0,0,0,0,3,1,1,1,36,7,1686,2,10,-1,1,-1
201523M426455,1,9,0,18,0,0,0,0,0,0,1,1,6,2,25,5,1242,1,8,-1,1,-1
201523M426455,2,9,0,4,0,0,0,0,0,0,2,1,6,2,28,6,998,1,1,-1,3,-1
201523M426508,1,19,0,18,0,0,0,0,0,0,1,1,6,1,30,6,2148,2,9,-1,1,-1
201523M426508,2,9,0,4,0,0,0,0,0,0,2,1,6,2,29,6,1590,1,13,-1,1,-1
201523M426508,3,9,0,4,0,0,0,0,0,0,2,1,6,1,23,5,1386,1,12,-1,1,-1
201523M426508,4,9,0,4,0,0,0,0,0,0,2,1,6,1,28,6,1399,2,3,-1,1,-1
201523M426509,1,21,1,12,0,2,0,0,0,0,3,1,1,1,64,9,-1,-1,-1,-1,-1,-1
201523M426509,2,9,0,18,0,2,0,0,0,0,4,1,6,2,59,9,1984,1,10,-1,1,-1
201523M426564,1,9,0,18,0,2,0,0,0,0,1,1,1,1,39,7,-1,-1,-1,-1,1,-1
201523M426564,2,9,0,4,0,2,0,0,0,0,2,1,1,1,44,7,1910,2,7,-1,1,-1
201523M426609,1,21,1,11,0,0,0,0,0,0,3,1,1,1,23,5,-1,-1,-1,-1,-1,-1
201523M426609,2,9,0,18,0,0,0,0,0,0,4,1,6,2,64,9,1229,1,9,-1,1,-1
201523M695219,1,9,0,18,0,0,2,0,5,6,3,1,6,1,55,8,-1,-1,-1,-1,1,-1
201523M695367,1,9,0,13,0,0,1,0,7,6,1,1,6,2,21,5,999,1,16,-1,1,-1
201523M695367,2,9,0,18,0,0,0,0,0,0,2,1,2,1,38,7,2179,2,6,-1,1,-1
201523M695394,1,9,0,18,0,0,0,0,0,0,1,1,6,1,54,8,1968,2,-1,-1,-1,-1
201523M695394,2,9,0,4,0,0,0,0,0,0,2,1,6,1,48,8,-1,-1,-1,-1,1,-1
201523M695394,3,21,4,3,0,0,0,0,0,0,3,1,1,1,40,7,-1,-1,-1,-1,1,-1
201523M695394,4,9,0,4,0,0,0,0,0,0,2,1,1,2,64,9,1984,1,6,-1,3,-1
201523M695676,1,9,0,18,0,0,0,0,4,6,1,1,6,1,34,6,1995,2,3,-1,2,-1
201523M695677,1,9,0,18,0,0,2,0,1,7,4,1,1,1,23,5,1199,1,12,-1,1,-1
201523M695677,2,9,0,13,0,0,1,0,2,7,3,1,1,2,56,9,1597,1,21,-1,-1,-1
201523M695807,1,9,0,18,0,0,0,0,1,7,1,1,1,1,27,6,-1,-1,-1,-1,1,-1
201523M695807,2,9,0,4,0,0,0,0,0,0,2,1,6,2,68,10,1386,1,6,-1,1,-1
201523M696241,1,9,0,16,0,0,0,0,8,7,1,1,6,2,25,5,1229,1,8,-1,1,-1
201523M696244,1,9,0,4,0,0,1,0,0,0,1,1,2,1,39,7,1997,2,13,-1,1,-1
201523M696244,2,9,0,4,0,0,0,0,0,0,2,1,2,2,49,8,1686,2,6,-1,1,-1
201523M696244,3,9,0,4,0,0,1,0,0,0,1,1,2,2,27,6,-1,-1,-1,-1,1,-1
201523M696261,1,9,0,16,0,0,1,0,7,0,1,1,6,1,22,5,1299,1,10,-1,1,-1
201523M696575,1,9,0,16,0,0,0,0,2,7,1,1,2,1,31,6,1753,2,15,-1,1,-1
201523N025002,1,9,0,18,0,4,0,0,0,0,1,1,6,1,68,10,1995,2,16,-1,1,-1
201523N025006,1,19,0,5,0,6,0,0,0,0,3,1,1,1,72,10,1560,2,2,-1,2,-1
201523N025006,2,9,0,18,0,1,0,0,0,0,1,1,6,2,75,10,-1,-1,-1,-1,-1,-1
201523N025007,1,9,0,12,0,0,0,0,0,0,2,1,2,1,24,5,-1,-1,-1,-1,3,-1
201523N025007,2,9,0,13,0,0,0,0,0,0,1,1,6,1,47,8,-1,-1,-1,-1,1,-1
201523N025014,1,9,0,16,0,0,2,0,7,0,3,1,2,2,20,4,1242,1,2,-1,1,-1
201523N025018,1,9,0,13,0,0,5,0,0,0,4,1,6,1,28,6,-1,-1,-1,-1,1,-1
201523N025018,2,9,0,18,0,0,0,0,0,0,3,1,6,1,33,6,1364,1,8,-1,1,-1
201523N025018,3,9,0,18,0,0,0,0,0,0,1,1,6,1,63,9,-1,-1,-1,-1,2,-1
201523N025023,1,9,0,18,9,0,0,0,0,0,1,1,6,1,42,7,1840,1,13,-1,1,-1
201523N025023,2,1,0,5,9,0,0,0,0,0,2,1,2,1,24,5,-1,-1,-1,-1,1,-1
201523N025030,1,9,0,5,0,6,0,0,0,0,4,1,1,1,55,8,1968,2,2,-1,1,-1
201523N025030,2,9,0,18,0,1,0,0,0,0,1,1,6,2,52,8,1598,1,1,-1,1,-1
201523N025036,1,9,0,18,0,2,0,0,0,0,1,1,6,1,34,6,1997,1,11,-1,1,-1
201523N025039,1,9,0,18,0,0,0,0,7,2,1,1,2,1,25,5,1199,1,11,-1,1,-1
201523N025040,1,20,0,18,0,0,0,11,0,0,1,1,1,1,44,7,3920,2,7,-1,1,-1
201523N025042,1,1,0,17,0,0,1,0,0,0,3,1,6,1,50,8,-1,-1,-1,-1,3,-1
201523N025051,1,9,0,9,0,6,0,0,0,0,1,1,6,1,54,8,2979,1,11,-1,1,-1
201523N025051,2,9,0,13,0,8,1,0,0,0,4,1,6,1,22,5,-1,-1,-1,-1,3,-1
201523N025052,1,9,0,9,0,6,0,0,0,0,1,1,6,1,22,5,1390,1,10,-1,1,-1
201523N025052,2,9,0,18,0,8,0,0,0,0,4,1,6,1,62,9,-1,-1,-1,-1,1,-1
201523N025058,1,9,0,18,0,0,0,4,0,0,1,1,6,2,41,7,1398,1,12,-1,1,-1
201523N025058,2,9,0,2,0,0,0,0,0,0,2,1,6,2,22,5,1398,2,6,-1,-1,-1
201523N025058,3,9,0,2,0,0,0,0,0,0,2,1,6,2,21,5,1399,2,9,-1,1,-1
201523N025064,1,19,0,18,0,0,0,0,0,0,1,1,2,1,28,6,-1,-1,-1,-1,1,-1
201523N025064,2,9,0,4,0,0,0,0,0,0,2,1,2,1,27,6,1910,2,9,-1,1,-1
201523N025070,1,9,0,9,0,8,0,0,0,0,1,1,6,2,28,6,1598,2,4,-1,-1,-1
201523N025070,2,1,0,18,0,1,0,0,0,0,1,1,2,1,21,5,-1,-1,-1,-1,-1,-1
201523N025071,1,19,0,9,0,5,0,0,0,0,1,1,1,1,22,5,2402,2,4,-1,-1,-1
201523N025071,2,9,0,16,0,8,0,0,0,0,1,1,2,2,42,7,1798,1,6,-1,1,-1
201523N025074,1,9,0,9,0,6,0,0,0,0,3,1,6,2,20,4,998,1,1,-1,1,-1
201523N025074,2,9,0,18,0,1,0,0,0,0,1,1,6,1,25,5,1590,1,10,-1,2,-1
201523N025081,1,9,0,18,0,0,0,0,0,0,1,1,6,1,53,8,1910,2,10,-1,1,-1
201523N025081,2,9,0,3,0,0,0,0,0,0,2,1,6,2,37,7,1397,1,14,-1,2,-1
201523N025081,3,9,0,3,0,0,0,0,0,0,2,1,6,1,30,6,1968,2,5,-1,1,-1
201523N025089,1,5,0,13,0,1,0,0,7,0,1,1,2,1,45,7,749,1,10,-1,1,-1
201523N025089,2,9,0,9,0,8,0,0,0,0,3,1,6,1,40,7,1794,1,11,-1,1,-1
201523N025090,1,9,0,18,0,6,1,0,0,0,1,1,2,1,71,10,1984,1,10,-1,2,-1
201523N025090,2,9,0,18,0,8,0,0,0,0,4,1,2,1,41,7,998,1,2,-1,1,-1
201523N025098,1,9,0,18,0,0,0,0,1,4,1,1,6,1,50,8,-1,-1,-1,-1,1,-1
201523N025106,1,9,0,18,0,8,0,0,0,0,1,1,6,1,32,6,1587,1,13,-1,-1,-1
201523N025106,2,9,0,9,0,5,0,0,7,0,2,1,6,2,39,7,1242,1,2,-1,1,-1
201523N025113,1,9,0,18,0,0,0,0,1,0,1,1,6,2,63,9,-1,-1,-1,-1,1,-1
201523N025113,2,9,0,18,0,0,0,0,0,0,1,1,6,1,29,6,1560,2,7,-1,1,-1
201523N025114,1,9,0,16,0,0,0,0,0,0,1,1,2,2,63,9,1598,1,4,-1,1,-1
201523N025114,2,9,0,17,0,0,0,0,0,0,1,1,1,2,48,8,1685,2,2,-1,3,-1
201523N025118,1,9,0,18,0,0,1,0,2,10,1,1,2,1,35,6,-1,-1,-1,-1,1,-1
201523N025120,1,1,0,5,0,0,0,0,0,0,3,1,6,1,31,6,-1,-1,-1,-1,-1,-1
201523N025120,2,9,0,18,0,0,0,0,0,0,1,1,6,2,40,7,-1,-1,-1,-1,1,-1
201523N025123,1,9,0,18,0,0,0,0,0,0,1,1,2,1,39,7,-1,-1,-1,-1,1,-1
201523N025123,2,21,1,4,0,0,0,0,0,0,2,1,1,1,52,8,10837,2,2,-1,1,-1
201523N025128,1,9,0,16,0,0,0,0,0,0,1,1,6,1,33,6,-1,-1,-1,-1,1,-1
201523N025128,2,9,0,18,0,0,0,0,0,0,1,1,6,2,28,6,-1,-1,-1,-1,3,-1
201523N025135,1,3,0,18,0,3,1,0,0,0,3,1,2,1,22,5,125,1,1,-1,1,-1
201523N025142,1,9,0,9,0,6,0,0,0,0,3,1,6,2,53,8,-1,-1,-1,-1,1,-1
201523N025142,2,20,0,18,0,1,0,0,0,0,1,1,1,2,28,6,4764,2,2,-1,1,-1
201523N025148,1,9,0,1,0,6,0,0,0,0,2,1,6,2,53,8,1598,1,3,-1,1,-1
201523N025149,1,9,0,18,0,0,5,0,1,10,1,1,6,1,17,4,-1,-1,-1,-1,1,-1
201523N025152,1,9,0,5,0,6,0,0,0,0,0,1,6,1,33,6,1242,1,7,-1,1,-1
201523N025152,2,3,0,18,0,1,1,4,0,0,3,1,6,1,38,7,-1,-1,-1,-1,1,-1
201523N025152,3,9,0,2,0,8,0,0,0,0,3,1,6,1,44,7,1798,1,8,-1,-1,-1
201523N025153,1,19,0,18,0,0,0,4,0,0,1,1,1,1,26,6,2198,2,5,-1,1,-1
201523N025153,2,9,0,2,0,0,0,0,0,0,2,1,6,1,54,8,599,1,11,-1,1,-1
201523N025160,1,21,0,9,0,5,0,0,0,0,1,1,1,1,30,6,-1,-1,-1,-1,-1,-1
201523N025160,2,9,0,18,0,1,0,0,0,0,1,1,6,1,71,10,-1,-1,-1,-1,1,-1
201523N025162,1,9,0,1,0,3,0,0,0,0,2,1,6,1,36,7,1587,1,10,-1,1,-1
201523N025162,2,5,0,2,0,3,0,0,0,0,1,1,1,1,40,7,-1,-1,-1,-1,-1,-1
201523N025164,1,9,0,18,0,0,2,10,7,10,1,1,2,1,24,5,-1,-1,-1,-1,1,-1
201523N025167,1,9,0,7,0,6,0,0,0,0,1,1,6,3,-1,-1,-1,-1,-1,-1,-1,-1
201523N025170,1,9,0,17,0,0,1,0,2,10,4,1,6,2,26,6,1248,2,1,-1,3,-1
201523N025183,1,20,0,9,0,5,0,0,0,0,1,1,1,1,48,8,6370,2,13,-1,1,-1
201523N025183,2,11,0,18,0,8,0,0,0,0,1,1,1,1,59,9,7300,2,2,-1,1,-1
201523N025185,1,9,0,18,0,0,0,0,0,0,1,1,6,1,46,8,1988,1,12,-1,1,-1
201523N025190,1,9,0,13,0,0,1,0,2,10,1,1,6,1,19,4,-1,-1,-1,-1,1,-1
201523N025190,2,19,0,16,0,0,0,0,0,0,1,1,2,1,21,5,1461,2,5,-1,1,-1
201523N025190,3,9,0,16,0,0,0,0,0,0,0,1,2,1,19,4,1796,1,8,-1,1,-1
201523N025194,1,21,1,18,0,1,0,0,0,0,1,1,1,1,50,8,10518,2,2,-1,-1,-1
201523N025194,2,9,0,10,0,1,0,0,0,0,2,1,6,1,23,5,1999,1,9,-1,1,-1
201523N025199,1,19,0,9,0,6,0,0,0,0,4,1,1,1,32,6,1968,2,2,-1,1,-1
201523N025199,2,9,0,18,0,1,0,0,0,0,1,1,6,2,30,6,-1,-1,-1,-1,2,-1
201523N025201,1,9,0,17,0,0,5,10,2,4,1,1,6,2,18,4,1397,1,8,-1,1,-1
201523N025203,1,9,0,18,0,0,0,0,0,0,1,1,6,1,60,9,1560,2,8,-1,1,-1
201523N025203,2,17,0,18,0,0,0,0,1,0,2,1,1,1,43,7,-1,2,15,-1,1,-1
201523N025203,3,9,0,18,0,0,0,0,0,0,1,1,6,1,75,10,-1,-1,-1,-1,1,-1
201523N025214,1,9,0,17,0,0,1,0,7,10,1,1,6,2,21,5,1598,1,10,-1,1,-1
201523N025215,1,9,0,18,0,1,0,0,0,0,1,1,2,2,37,7,1200,1,2,-1,1,-1
201523N025215,2,9,0,10,0,1,0,0,0,0,2,1,1,2,49,8,1248,2,2,-1,1,-1
201523N025217,1,20,0,9,0,6,0,0,0,0,1,1,1,1,48,8,3920,2,3,-1,1,-1
201523N025217,2,9,0,18,0,1,0,0,0,0,4,1,6,1,65,9,1560,2,2,-1,1,-1
201523N025230,1,9,0,18,0,1,0,0,0,0,1,1,6,2,75,10,1339,1,3,-1,1,-1
201523N025230,2,9,0,3,0,1,0,0,0,0,2,1,6,2,26,6,1349,1,5,-1,1,-1
201523N025233,1,8,0,18,0,0,0,0,0,0,1,1,1,1,47,8,1997,2,8,-1,1,-1
201523N025234,1,9,0,18,0,8,0,0,0,0,4,1,6,3,-1,-1,-1,-1,-1,-1,-1,-1
201523N025234,2,9,0,3,0,8,0,0,0,0,3,1,2,2,25,5,1200,1,1,-1,1,-1
201523N025239,1,9,0,17,0,0,0,0,0,0,0,1,6,3,-1,-1,-1,-1,-1,-1,-1,-1
201523N025239,2,9,0,16,0,0,0,0,1,4,1,1,6,1,42,7,1598,1,1,-1,-1,-1
201523N025240,1,9,0,9,0,5,1,0,0,0,3,1,6,1,49,8,2495,2,16,-1,1,-1
201523N025243,1,9,0,18,0,0,1,0,0,0,1,1,6,1,58,9,1596,1,3,-1,1,-1
201523N025243,2,9,0,4,0,0,0,0,0,0,2,1,6,1,76,11,1896,2,11,-1,1,-1
201523N025244,1,9,0,17,0,0,1,0,7,11,1,1,2,1,28,6,-1,-1,-1,-1,1,-1
201523N025256,1,21,0,18,0,4,0,0,0,0,1,1,1,1,54,8,-1,-1,-1,-1,1,-1
201523N025256,2,9,0,9,0,3,0,0,0,0,3,1,1,1,45,7,1998,2,11,-1,1,-1
201523N025261,1,3,0,4,0,1,1,0,0,0,4,1,2,2,46,8,125,1,4,-1,2,-1
201523N025262,1,9,0,7,0,6,0,0,0,0,1,1,6,3,-1,-1,-1,-1,-1,-1,-1,-1
201523N025262,2,9,0,18,0,8,0,0,0,0,1,1,6,2,73,10,-1,-1,-1,-1,-1,-1
201523N025263,1,9,0,4,0,8,0,0,0,0,1,1,6,2,21,5,1598,1,12,-1,1,-1
201523N025263,2,19,0,3,0,8,0,0,0,0,2,1,6,1,39,7,-1,-1,-1,-1,1,-1
201523N025263,3,9,0,3,0,8,0,0,0,0,2,1,1,1,50,8,-1,-1,-1,-1,3,-1
201523N025278,1,9,0,4,0,0,1,0,0,0,1,1,6,2,29,6,1597,1,11,-1,-1,-1
201523N025278,2,9,0,4,0,0,0,0,0,0,2,1,6,2,68,10,1598,1,12,-1,1,-1
201523N025278,3,9,0,4,0,0,0,0,0,0,2,1,6,2,32,6,1598,1,14,-1,1,-1
201523N025279,1,19,0,18,0,6,0,0,0,0,4,1,1,1,61,9,2143,2,3,-1,1,-1