Accident_Index,Vehicle_Reference,Vehicle_Type,Towing_and_Articulation,Vehicle_Manoeuvre,Vehicle_Location-Restricted_Lane,Junction_Location,Skidding_and_Overturning,Hit_Object_in_Carriageway,Vehicle_Leaving_Carriageway,Hit_Object_off_Carriageway,1st_Point_of_Impact,Was_Vehicle_Left_Hand_Drive?,Journey_Purpose_of_Driver,Sex_of_Driver,Age_of_Driver,Age_Band_of_Driver,Engine_Capacity_(CC),Propulsion_Code,Age_of_Vehicle,Driver_IMD_Decile,Driver_Home_Area_Type,Vehicle_IMD_Decile
201523N025279,2,9,0,18,0,8,0,0,0,0,1,1,6,2,69,10,998,1,4,-1,1,-1
201523N025281,1,9,0,18,0,0,0,4,0,0,1,1,6,1,27,6,2698,2,8,-1,2,-1
201523N025281,2,9,0,2,0,0,0,0,0,0,2,1,6,2,48,8,-1,-1,-1,-1,1,-1
201523N025290,1,9,0,5,0,1,0,0,0,0,1,1,6,2,30,6,1598,1,8,-1,1,-1
201523N025290,2,9,0,7,0,6,0,0,0,0,2,1,6,2,20,4,-1,-1,-1,-1,1,-1
201523N025303,1,9,0,9,0,6,0,0,0,0,3,1,6,1,20,4,1242,1,10,-1,2,-1
201523N025303,2,9,0,18,0,1,0,0,0,0,4,1,6,2,65,9,1242,1,3,-1,3,-1
201523N025304,1,19,0,18,0,1,0,0,0,0,4,1,2,1,45,7,-1,-1,-1,-1,-1,-1
201523N025305,1,21,1,7,0,6,0,4,0,0,4,1,1,1,56,9,12777,2,1,-1,1,-1
201523N025305,2,9,0,2,0,8,0,0,0,0,2,1,6,2,31,6,1248,1,5,-1,1,-1
201523N025305,3,9,0,2,0,8,0,0,0,0,4,1,6,3,-1,-1,-1,-1,-1,-1,-1,-1
201523N025307,1,9,0,5,0,4,2,0,0,0,3,1,6,1,62,9,1364,1,11,-1,3,-1
201523N025307,2,1,0,18,0,8,0,0,0,0,1,1,2,1,25,5,-1,-1,-1,-1,1,-1
201523N025308,1,9,0,4,0,1,0,0,0,0,1,1,2,2,44,7,1600,1,16,-1,1,-1
201523N025308,2,9,0,4,0,1,0,0,0,0,2,1,6,1,25,5,1995,2,9,-1,-1,-1
201523N025310,1,9,0,9,0,5,0,0,0,0,0,1,6,3,-1,-1,-1,-1,-1,-1,-1,-1
201523N025310,2,9,0,4,0,1,0,0,0,0,2,1,6,1,58,9,1997,2,13,-1,1,-1
201523N025310,3,9,0,18,0,1,0,0,0,0,1,1,6,1,48,8,1598,1,10,-1,1,-1
201523N025319,1,9,0,18,0,6,1,7,0,0,4,1,1,1,36,7,1968,2,9,-1,2,-1
201523N025319,2,20,0,18,0,8,0,0,0,0,1,1,1,1,48,8,-1,-1,-1,-1,3,-1
201523N025320,1,9,0,14,0,8,2,0,0,0,3,1,6,1,36,7,1560,2,9,-1,1,-1
201523N025320,2,21,1,13,0,8,0,0,0,0,1,1,1,1,26,6,12900,2,5,-1,1,-1
201523N025327,1,9,0,18,0,1,0,0,0,0,1,1,6,2,49,8,1910,2,14,-1,1,-1
201523N025327,2,9,0,3,0,1,0,0,0,0,2,1,6,2,40,7,998,1,1,-1,1,-1
201523N025327,3,9,0,3,0,1,0,0,0,0,2,1,6,1,27,6,1197,1,-1,-1,1,-1
201523N025327,4,9,0,3,0,1,0,0,0,0,2,1,2,1,42,7,1998,2,11,-1,1,-1
201523N025329,1,9,0,13,0,0,0,0,0,0,1,1,6,2,66,10,1794,1,13,-1,1,-1
201523N025329,2,9,0,6,0,0,0,0,0,0,1,1,6,2,30,6,1248,1,5,-1,1,-1
201523N025344,1,9,0,7,0,6,0,0,0,0,1,1,2,1,61,9,1968,2,2,-1,1,-1
201523N025344,2,9,0,4,0,6,0,0,0,0,2,1,2,2,56,9,1499,2,2,-1,1,-1
201523N025345,1,9,0,2,0,2,0,0,0,0,4,1,3,2,46,8,1386,1,7,-1,1,-1
201523N025345,2,1,0,18,0,6,0,4,0,0,1,1,4,1,15,3,-1,-1,-1,-1,1,-1
201523N025346,1,9,0,13,0,8,0,0,0,0,4,1,6,1,19,4,-1,-1,-1,-1,3,-1
201523N025346,2,9,0,9,0,5,0,0,0,0,3,1,6,1,19,4,1598,1,12,-1,1,-1
201523N025358,1,9,0,6,0,0,0,0,0,0,3,1,6,2,67,10,1043,1,25,-1,1,-1
201523N025358,2,9,0,18,0,0,0,0,7,0,1,1,6,1,35,6,1984,1,23,-1,2,-1
201523N025380,1,9,0,16,0,1,1,0,0,0,1,1,1,2,26,6,1242,1,2,-1,3,-1
201523N025380,2,19,0,17,0,2,0,0,0,0,1,1,1,2,59,9,-1,-1,-1,-1,1,-1
201523N025383,1,9,0,5,0,6,0,0,0,0,1,1,6,2,18,4,1240,1,10,-1,-1,-1
201523N025383,2,9,0,18,0,1,1,0,1,10,4,1,6,2,28,6,1461,2,4,-1,1,-1
201523N025391,1,21,1,11,0,8,0,0,0,0,0,1,1,3,-1,-1,11021,2,11,-1,-1,-1
201523N025391,2,9,0,17,0,8,0,10,1,2,1,1,2,1,31,6,1388,1,6,-1,1,-1
201523N025392,1,9,0,9,0,6,0,0,0,0,1,1,2,1,48,8,1991,2,6,-1,1,-1
201523N025395,1,9,0,7,0,6,0,0,0,0,3,1,6,2,28,6,998,1,13,-1,1,-1
201523N025395,2,9,0,18,0,8,0,0,0,0,1,1,2,1,30,6,1995,2,2,-1,1,-1
201523N025395,3,9,0,3,0,2,0,0,0,0,2,1,6,1,46,8,1399,2,5,-1,1,-1
201523N025408,1,9,0,16,0,0,0,0,1,9,3,1,2,2,54,8,-1,-1,-1,-1,1,-1
201523N025408,2,19,0,17,0,0,0,0,1,4,1,1,1,1,54,8,-1,-1,-1,-1,1,-1
201523N025409,1,9,0,4,0,0,0,0,0,0,2,1,2,1,23,5,1910,2,8,-1,1,-1
201523N025409,2,9,0,18,0,0,0,0,0,0,1,1,1,2,40,7,1596,1,6,-1,1,-1
201523N025409,3,19,0,18,0,0,0,0,0,0,1,1,1,1,44,7,1995,2,6,-1,2,-1
201523N025409,4,9,0,18,0,0,0,0,0,0,1,1,2,1,63,9,1998,1,14,-1,-1,-1
201523N025411,1,3,0,18,0,0,0,0,1,0,3,1,6,1,19,4,-1,-1,-1,-1,1,-1
201523N025411,2,9,0,18,0,0,0,0,0,0,3,1,6,2,56,9,-1,-1,-1,-1,3,-1
201523N025414,1,9,0,9,1,5,0,0,0,0,4,1,6,1,53,8,2198,2,9,-1,3,-1
201523N025414,2,9,0,18,0,1,0,0,1,0,1,1,6,1,53,8,2982,2,18,-1,1,-1
201523N025421,1,9,0,18,0,4,5,9,1,2,1,1,6,1,21,5,-1,-1,-1,-1,-1,-1
201523N025432,1,9,0,9,0,6,0,0,0,0,3,1,6,1,41,7,1399,1,12,-1,1,-1
201523N025432,2,9,0,18,0,8,0,0,0,0,1,1,6,2,22,5,1587,1,13,-1,1,-1
201523N025434,1,9,0,9,0,6,0,0,0,0,3,1,6,1,25,5,-1,-1,-1,-1,1,-1
201523N025434,2,9,0,18,0,8,0,0,0,0,1,1,6,1,41,7,1896,2,10,-1,-1,-1
201523N025438,1,9,0,9,0,5,0,0,0,0,4,1,6,2,17,4,1388,1,7,-1,1,-1
201523N025438,2,3,0,18,0,1,0,0,0,0,1,1,6,1,29,6,125,1,14,-1,1,-1
201523N025446,1,9,0,18,0,1,0,0,0,0,1,1,6,1,24,5,1242,1,16,-1,-1,-1
201523N025446,2,9,0,5,0,6,0,0,0,0,3,1,6,2,32,6,1598,2,3,-1,1,-1
201523N025446,3,9,0,2,0,1,0,0,0,0,3,1,6,2,36,7,998,1,10,-1,1,-1
201523N025446,4,9,0,2,0,2,0,0,0,0,3,1,6,2,28,6,1198,1,6,-1,1,-1
201523N025448,1,19,0,1,0,6,0,0,0,0,2,1,6,3,-1,-1,-1,-1,-1,-1,-1,-1
201523N025459,1,9,0,18,0,0,0,0,0,0,4,1,6,1,21,5,2000,2,4,-1,3,-1
201523N025461,1,9,0,16,0,2,1,0,7,9,1,1,6,1,40,7,-1,-1,-1,-1,1,-1
201523N025462,1,9,0,18,0,2,0,0,7,10,1,1,6,1,24,5,-1,-1,-1,-1,1,-1
201523N025463,1,10,0,4,0,0,0,0,0,0,3,1,1,1,55,8,-1,-1,-1,-1,-1,-1
201523N025467,1,9,0,6,0,0,0,0,0,0,3,1,6,1,29,6,1396,1,12,-1,1,-1
201523N025467,2,5,0,13,0,0,0,0,0,0,1,1,6,1,60,9,500,1,42,-1,1,-1
201523N025468,1,9,0,9,0,5,0,0,0,0,4,1,6,2,19,4,1149,1,5,-1,-1,-1
201523N025468,2,9,0,5,0,1,0,0,0,0,3,1,6,2,25,5,1598,1,13,-1,1,-1
201523N025469,1,9,0,13,0,0,0,0,0,0,4,1,6,3,-1,-1,-1,-1,-1,-1,-1,-1
201523N025469,2,1,0,17,0,0,0,0,0,0,3,1,6,1,25,5,-1,-1,-1,-1,1,-1
201523N025477,1,9,0,18,0,0,0,0,0,0,4,1,6,1,47,8,1997,2,9,-1,1,-1
201523N025489,1,9,0,9,0,8,0,0,0,0,4,1,6,2,76,11,1299,1,17,-1,2,-1
201523N025489,2,9,0,18,0,1,1,0,1,10,1,1,6,1,17,4,1766,1,27,-1,1,-1
201523N025491,1,9,0,18,0,5,0,0,0,0,4,1,6,2,81,11,1388,1,12,-1,1,-1
201523N025491,2,1,0,17,0,1,0,0,0,0,1,1,6,1,24,5,-1,-1,-1,-1,-1,-1
201523N025493,1,9,0,16,0,0,2,10,7,0,1,1,6,1,23,5,1998,2,9,-1,1,-1
201523N025497,1,9,0,18,0,8,0,0,0,0,1,1,6,2,34,6,1399,1,6,-1,-1,-1
201523N025497,2,9,0,18,0,8,0,0,0,0,2,1,6,2,25,5,1896,2,13,-1,1,-1
201523N025515,1,9,0,5,0,6,0,0,0,0,1,1,2,1,37,7,1199,1,14,-1,1,-1
201523N025515,2,9,0,18,0,1,0,0,0,0,4,1,1,1,41,7,-1,-1,-1,-1,-1,-1
201523N025517,1,9,0,18,0,4,0,0,1,2,1,1,1,1,41,7,4196,1,7,-1,1,-1
201523N025517,2,9,0,18,0,8,0,0,1,0,4,1,1,2,27,6,-1,-1,-1,-1,1,-1
201523N025526,1,9,0,18,0,6,0,10,3,7,1,1,6,1,81,11,1991,2,5,-1,1,-1
201523N025528,1,9,0,18,0,1,0,0,0,0,1,1,6,2,18,4,1299,1,8,-1,1,-1
201523N025528,2,9,0,3,0,1,0,0,0,0,2,1,6,2,41,7,1968,2,6,-1,1,-1
201523N025529,1,9,0,9,0,6,0,0,0,0,3,1,1,1,41,7,-1,-1,-1,-1,1,-1
201523N025529,2,9,0,18,0,1,0,0,0,0,1,1,6,2,54,8,1086,1,5,-1,1,-1
201523N025532,1,9,0,5,0,6,0,0,0,0,1,1,6,1,52,8,1796,1,15,-1,2,-1
201523N025532,2,1,0,18,0,8,0,0,0,0,3,1,6,1,27,6,-1,-1,-1,-1,2,-1
201523N025543,1,9,0,18,0,0,0,0,0,0,4,1,6,2,41,7,1956,2,2,-1,2,-1
201523N025544,1,9,0,4,0,1,0,0,0,0,1,1,6,1,40,7,1198,1,-1,-1,1,-1
201523N025544,2,9,0,3,0,1,0,0,0,0,2,1,6,1,29,6,2231,2,9,-1,1,-1
201523N025546,1,9,0,3,0,0,0,0,0,0,2,1,3,2,36,7,1794,1,8,-1,1,-1
201523N025546,2,3,0,18,0,0,0,0,0,0,1,1,2,1,24,5,124,1,11,-1,1,-1
201523N025547,1,5,0,18,0,0,0,0,0,0,1,1,6,1,37,7,1000,1,-1,-1,1,-1
201523N025547,2,9,0,4,0,0,0,0,0,0,2,1,6,1,53,8,1910,2,12,-1,1,-1
201523N025560,1,5,0,16,0,0,0,0,7,6,3,1,6,1,38,7,781,1,13,-1,1,-1
201523N025568,1,9,0,16,0,2,0,0,0,0,1,1,6,2,18,4,1229,1,7,-1,1,-1
201523N025568,2,21,1,17,0,1,0,0,7,0,1,1,1,1,43,7,12902,2,2,-1,1,-1
201523N025568,3,21,1,18,0,1,0,0,0,0,3,1,1,1,61,9,10518,2,9,-1,3,-1
201523N025570,1,19,4,16,0,1,0,0,0,0,3,1,1,1,31,6,2800,2,12,-1,2,-1
201523N025570,2,9,0,17,0,1,0,0,0,0,3,1,6,2,38,7,1999,1,14,-1,1,-1
201523N025573,1,9,0,16,0,8,1,10,1,4,1,1,6,2,19,4,1390,1,15,-1,3,-1
201523N025574,1,9,0,1,0,0,0,0,7,10,3,1,6,2,78,11,1596,1,-1,-1,1,-1
201523N025575,1,9,0,5,0,6,0,0,0,0,3,1,2,1,25,5,1240,1,8,-1,1,-1
201523N025575,2,5,0,18,0,1,0,0,0,0,1,1,2,1,64,9,599,1,15,-1,1,-1
201523N025577,1,9,0,5,0,4,0,0,0,0,3,1,2,2,50,8,1360,1,7,-1,1,-1
201523N025577,2,1,0,9,0,8,0,0,0,0,1,1,2,1,56,9,-1,-1,-1,-1,-1,-1
201523N025582,1,9,0,18,0,1,0,0,0,0,1,1,2,2,60,9,1951,2,9,-1,3,-1
201523N025583,1,9,0,5,0,6,0,0,0,0,3,1,2,1,61,9,1596,1,12,-1,3,-1
201523N025583,2,9,0,17,0,8,0,0,0,0,1,1,2,2,55,8,1796,1,14,-1,1,-1
201523N025593,1,9,0,18,0,0,0,0,0,0,1,1,6,1,25,5,2993,2,7,-1,2,-1
201523N025593,2,9,0,3,0,0,0,0,0,0,2,1,6,2,36,7,1598,2,3,-1,2,-1
201523N025600,1,19,0,1,0,0,0,0,0,0,2,1,6,1,43,7,-1,-1,-1,-1,-1,-1
201523N025610,1,9,0,9,0,6,0,0,0,0,3,1,6,2,51,8,1422,2,12,-1,1,-1
201523N025610,2,20,4,17,0,8,1,0,0,0,1,1,1,1,63,9,-1,-1,-1,-1,1,-1
201523N025611,1,1,0,18,0,0,0,4,0,0,1,1,6,1,15,3,-1,-1,-1,-1,1,-1
201523N025611,2,9,0,2,0,0,0,0,0,0,2,1,6,1,35,6,1598,1,10,-1,1,-1
201523N025612,1,9,0,9,0,5,0,0,0,0,4,1,6,1,34,6,-1,-1,-1,-1,1,-1
201523N025612,2,9,0,18,0,8,0,0,0,0,1,1,6,1,20,4,-1,-1,-1,-1,1,-1
201523N025612,3,9,0,10,0,1,0,0,0,0,1,1,6,1,38,7,1598,1,10,-1,1,-1
201523N025613,1,9,0,18,0,1,5,4,0,0,1,1,2,2,31,6,1984,1,14,-1,1,-1
201523N025613,2,9,0,2,0,2,0,4,0,0,1,1,6,2,42,7,1686,2,12,-1,1,-1
201523N025613,3,9,0,2,0,2,0,4,0,0,1,1,6,1,19,4,-1,-1,-1,-1,3,-1
201523N025615,1,9,0,18,0,0,0,0,1,9,4,1,6,1,19,4,1248,2,8,-1,1,-1
201523N025617,1,19,0,18,0,1,1,0,0,0,1,1,1,1,57,9,5861,2,18,-1,1,-1
201523N025617,2,9,0,3,0,1,0,0,0,0,2,1,2,1,41,7,-1,-1,-1,-1,1,-1
201523N025617,3,9,0,10,0,1,0,0,0,0,2,1,2,1,47,8,-1,-1,-1,-1,1,-1
201523N025623,1,9,0,5,0,8,0,0,0,0,3,1,6,2,22,5,1461,2,10,-1,1,-1
201523N025624,1,19,0,9,0,8,0,0,0,0,1,1,6,3,-1,-1,-1,-1,-1,-1,-1,-1
201523N025628,1,9,0,18,0,3,0,0,0,0,3,1,6,3,-1,-1,1329,1,4,-1,-1,-1
201523N025628,2,9,0,18,0,3,0,0,0,0,4,1,6,1,77,11,1598,2,2,-1,1,-1
201523N025632,1,1,0,18,9,0,0,0,0,0,1,1,6,1,13,3,-1,-1,-1,-1,1,-1
201523N025635,1,9,0,18,0,8,0,0,0,0,3,1,6,2,77,11,1386,1,12,-1,1,-1
201523N025637,1,5,0,16,0,0,0,0,5,6,3,1,6,1,40,7,999,1,7,-1,3,-1
201523N025641,1,9,0,18,0,0,0,0,0,0,4,1,6,2,33,6,1398,1,2,-1,1,-1
201523N025642,1,21,0,17,0,2,0,0,0,0,0,1,1,1,28,6,6870,2,10,-1,1,-1
201523N025642,2,9,0,4,0,1,0,11,0,0,1,1,6,1,31,6,2148,2,12,-1,1,-1
201523N025651,1,9,0,18,0,8,0,0,0,0,1,1,1,1,40,7,-1,-1,-1,-1,1,-1
201523N025651,2,9,0,4,0,8,0,0,0,0,2,1,2,2,44,7,2685,2,13,-1,3,-1
201523N025651,3,19,0,10,0,8,0,0,0,0,2,1,6,1,57,9,-1,-1,-1,-1,1,-1
201523N025663,1,1,0,12,0,8,0,0,0,0,1,1,6,2,42,7,-1,-1,-1,-1,-1,-1
201523N025663,2,9,0,7,0,3,0,0,0,0,4,1,2,1,20,4,1242,1,1,-1,1,-1
201523N025669,1,9,0,18,0,3,0,0,0,0,1,1,6,1,37,7,1197,1,4,-1,1,-1
201523N025669,2,9,0,4,0,3,0,0,0,0,2,1,1,1,34,6,1395,1,1,-1,3,-1
201523N025669,3,9,0,5,0,4,0,0,0,0,0,1,1,2,33,6,2993,2,3,-1,-1,-1
201523N025678,1,21,1,6,8,0,0,0,0,0,1,1,1,1,44,7,12900,2,4,-1,1,-1
201523N025678,2,19,0,18,0,0,0,0,1,10,1,1,1,1,28,6,1598,2,-1,-1,1,-1
201523N025682,1,9,0,18,0,0,0,4,0,0,1,1,2,1,19,4,1199,1,12,-1,1,-1
201523N025682,2,9,0,2,9,0,0,0,0,0,2,1,6,1,42,7,1997,2,10,-1,2,-1
201523N025685,1,21,4,12,0,8,1,0,0,0,1,1,1,1,39,7,-1,-1,-1,-1,-1,-1
201523N025685,2,9,0,18,0,8,0,0,0,0,4,1,6,2,62,9,1200,1,2,-1,1,-1
201523N025687,1,9,0,17,0,0,2,10,8,4,1,1,6,2,26,6,1753,2,13,-1,1,-1
201523N025690,1,9,0,6,0,8,0,0,0,0,3,1,6,2,36,7,1360,1,12,-1,1,-1
201523N025690,2,5,0,13,0,8,0,0,0,0,4,1,6,1,38,7,988,1,12,-1,3,-1
201523N025692,1,9,0,9,0,6,0,10,1,10,3,1,2,1,48,8,1598,2,2,-1,1,-1
201523N025692,2,9,0,18,0,8,0,0,0,0,1,1,6,2,24,5,1299,1,13,-1,1,-1
201523N025695,1,9,0,18,0,8,0,0,0,0,1,1,6,2,21,5,1149,1,11,-1,1,-1
201523N025695,2,9,0,10,0,8,0,0,0,0,2,1,6,2,35,6,1598,1,12,-1,1,-1
201523N025708,1,19,0,12,0,3,0,0,0,0,1,1,1,1,47,8,2402,2,4,-1,1,-1
201523N025708,2,9,0,16,0,3,2,10,1,1,4,1,2,2,42,7,1242,1,3,-1,3,-1
201523N025709,1,9,0,4,0,1,0,0,0,0,2,1,1,1,32,6,1598,1,9,-1,1,-1
201523N025709,2,9,0,18,0,4,0,0,0,0,1,1,6,2,58,9,1339,1,7,-1,1,-1
201523N025714,1,9,0,12,0,0,0,0,2,7,1,1,1,2,33,6,-1,-1,-1,-1,1,-1
201523N025715,1,1,0,18,9,0,0,0,0,0,0,1,4,1,12,3,-1,-1,-1,-1,1,-1
201523N025715,2,3,0,18,0,0,1,0,0,0,1,1,6,1,29,6,-1,-1,-1,-1,1,-1
201523N025715,3,9,0,18,0,0,0,0,0,0,2,1,6,1,67,10,1598,1,11,-1,1,-1
201523N025718,1,9,0,16,0,2,0,0,0,0,3,1,6,2,51,8,-1,3,1,-1,1,-1
201523N025724,1,9,0,11,0,3,0,0,0,0,3,1,6,2,77,11,1329,1,6,-1,2,-1
201523N025724,2,5,0,18,0,3,0,0,0,0,1,1,1,1,25,5,1150,1,5,-1,1,-1
201523N025727,1,9,0,9,0,3,0,0,0,0,3,1,6,1,30,6,1598,1,11,-1,1,-1
201523N025727,2,3,0,3,0,1,0,0,0,0,3,1,6,1,22,5,125,1,-1,-1,1,-1
201523N025729,1,9,0,17,0,0,0,0,1,10,4,1,6,2,27,6,1242,1,3,-1,1,-1
201523N025730,1,9,0,5,0,6,0,0,0,0,1,1,6,2,71,10,1124,1,9,-1,1,-1
201523N025730,2,3,0,18,0,8,0,0,0,0,4,1,2,1,24,5,125,1,1,-1,-1,-1
201523N025732,1,9,0,18,0,0,0,0,0,0,1,1,6,1,72,10,1590,1,14,-1,1,-1
201523N025739,1,9,0,9,0,6,0,0,0,0,1,1,6,2,24,5,1405,1,12,-1,1,-1
201523N025739,2,9,0,18,0,8,0,0,0,0,1,1,6,2,36,7,1994,2,11,-1,1,-1
201523N025745,1,9,0,18,0,4,0,0,0,0,1,1,6,2,44,7,1248,2,2,-1,-1,-1
201523N025745,2,9,0,4,0,1,0,0,0,0,2,1,6,2,34,6,1461,2,5,-1,1,-1
201523N025755,1,4,0,17,0,8,0,0,1,0,4,1,1,1,24,5,124,1,2,-1,2,-1
201523N025762,1,9,0,18,0,6,0,0,0,0,1,1,6,3,-1,-1,-1,-1,-1,-1,-1,-1
201523N025762,2,1,0,18,0,8,0,0,0,0,2,1,6,1,18,4,-1,-1,-1,-1,3,-1
201523N025767,1,9,0,9,0,5,0,0,0,0,4,1,6,1,82,11,1997,2,14,-1,1,-1
201523N025767,2,3,0,18,0,8,0,0,0,0,1,1,6,1,49,8,123,1,26,-1,-1,-1
201523N025769,1,9,0,9,0,5,0,0,0,0,3,1,6,1,51,8,1299,1,13,-1,2,-1
201523N025769,2,3,0,13,0,8,0,0,0,0,4,1,2,1,23,5,124,1,4,-1,2,-1
201523N025771,1,9,0,18,0,3,0,0,0,0,4,1,6,1,28,6,-1,-1,-1,-1,-1,-1
201523N025779,1,9,0,18,0,0,0,0,0,0,1,1,6,1,33,6,2997,1,19,-1,1,-1
201523N025779,2,9,0,3,0,0,0,0,0,0,2,1,6,2,35,6,2231,2,5,-1,2,-1
201523N025787,1,9,0,1,0,5,0,0,0,0,2,1,1,1,39,7,2993,2,3,-1,1,-1
201523N025787,2,5,0,4,0,5,0,0,0,0,1,1,6,1,66,10,998,1,9,-1,2,-1
201523N025793,1,21,1,18,0,8,0,0,0,0,1,1,1,1,55,8,10518,2,3,-1,1,-1
201523N025793,2,9,0,10,0,8,0,0,0,0,2,1,2,2,35,6,1229,1,-1,-1,1,-1
201523N025794,1,19,0,18,0,1,0,0,0,0,2,1,6,3,-1,-1,-1,-1,-1,-1,-1,-1
201523N025795,1,1,0,18,0,6,0,0,0,0,1,1,6,1,30,6,-1,-1,-1,-1,1,-1
201523N025795,2,9,0,3,0,2,0,0,0,0,2,1,6,2,42,7,1360,1,11,-1,1,-1
201523N025796,1,19,0,1,0,1,0,0,0,0,2,1,6,3,-1,-1,-1,-1,-1,-1,-1,-1
201523N025797,1,19,0,18,0,6,0,0,0,0,4,1,1,2,35,6,-1,-1,-1,-1,-1,-1
201523N025797,2,1,0,18,0,8,0,0,0,0,1,1,6,1,18,4,-1,-1,-1,-1,1,-1
201523N025800,1,21,1,16,0,4,5,10,0,0,4,1,1,1,51,8,12777,2,2,-1,1,-1
201523N025812,1,9,0,5,0,4,0,0,0,0,3,1,2,1,31,6,1368,1,11,-1,1,-1
201523N025812,2,9,0,18,0,8,0,0,0,0,1,1,6,2,29,6,1242,1,1,-1,1,-1
201523N025814,1,9,0,9,0,6,0,0,0,0,4,1,2,1,47,8,1248,1,1,-1,1,-1
201523N025814,2,5,0,14,0,1,0,0,0,0,1,1,2,1,46,8,1164,1,8,-1,2,-1
201523N025824,1,9,0,10,0,0,0,0,0,0,4,1,2,1,51,8,1197,1,-1,-1,1,-1
201523N025824,2,9,0,12,0,0,0,0,7,1,3,1,6,1,33,6,1598,1,12,-1,1,-1
201523N025827,1,9,0,18,0,1,0,0,0,0,1,1,6,2,17,4,1124,1,16,-1,3,-1
201523N025827,2,19,0,3,0,1,0,0,0,0,2,1,1,1,39,7,1995,2,6,-1,-1,-1
201523N025827,3,19,0,3,0,3,0,0,0,0,2,1,1,1,60,9,2148,2,7,-1,1,-1
201523N025828,1,9,0,16,0,2,0,0,0,0,0,1,6,1,20,4,1587,1,16,-1,1,-1
201523N025830,1,9,0,18,0,0,0,0,0,0,1,1,6,1,19,4,1341,1,11,-1,1,-1
201523N025831,1,9,0,2,0,0,0,0,0,0,3,1,6,2,58,9,-1,-1,-1,-1,1,-1
201523N025831,2,1,0,18,9,0,0,8,0,0,1,1,4,2,12,3,-1,-1,-1,-1,1,-1
201523N025833,1,3,0,16,0,3,1,0,0,0,1,1,6,1,34,6,123,1,-1,-1,1,-1
201523N025833,2,9,0,4,0,1,0,0,0,0,1,1,1,1,57,9,2987,2,6,-1,3,-1
201523N025834,1,9,0,1,0,6,0,0,0,0,2,1,2,2,55,8,1587,1,9,-1,1,-1
201523N025838,1,9,0,18,0,0,0,0,0,0,1,1,6,1,66,10,-1,-1,-1,-1,1,-1
201523N025838,2,5,0,18,0,0,0,0,0,0,3,1,6,1,32,6,999,1,8,-1,1,-1
201523N025838,3,9,0,2,0,0,0,0,0,0,2,1,6,2,24,5,1242,1,5,-1,1,-1
201523N025841,1,9,0,18,0,0,5,0,1,10,1,1,6,2,18,4,1242,1,-1,-1,1,-1
201523N025843,1,9,0,18,0,2,0,0,0,0,4,1,6,1,63,9,998,1,9,-1,1,-1
201523N025851,1,21,1,9,0,8,0,0,0,0,3,1,1,1,44,7,-1,-1,-1,-1,-1,-1
201523N025851,2,5,0,18,0,3,1,0,0,0,1,1,6,1,32,6,599,1,16,-1,1,-1
201523N025853,1,9,0,6,0,0,0,0,0,0,3,1,6,1,31,6,1399,2,11,-1,1,-1
201523N025853,2,5,0,14,0,0,0,0,0,0,1,1,6,1,34,6,1285,1,-1,-1,1,-1
201523N025854,1,9,0,18,0,0,0,0,0,0,1,1,1,1,46,8,1995,2,-1,-1,1,-1
201523N025854,2,4,0,18,0,0,0,0,0,0,1,1,2,1,50,8,234,1,19,-1,1,-1
201523N025854,3,9,0,4,0,0,0,0,0,0,2,1,1,1,56,9,1984,1,11,-1,2,-1
201523N025854,4,9,0,3,0,0,0,0,0,0,2,1,1,2,54,8,2143,2,-1,-1,1,-1
201523N025867,1,9,0,18,0,8,0,0,0,0,4,1,6,1,33,6,1596,1,10,-1,3,-1
201523N025867,2,1,0,18,0,6,0,0,0,0,1,1,6,2,12,3,-1,-1,-1,-1,1,-1
201523N025868,1,9,0,17,0,1,0,0,1,1,1,1,6,2,45,7,1229,1,6,-1,1,-1
201523N025873,1,1,0,4,0,8,0,0,0,0,1,1,6,1,40,7,-1,-1,-1,-1,1,-1
201523N025873,2,9,0,4,0,8,0,0,0,0,2,1,6,2,40,7,1798,1,11,-1,1,-1
201523N025876,1,9,0,17,0,8,0,0,0,0,3,1,6,2,27,6,-1,-1,-1,-1,-1,-1
201523N025876,2,19,0,11,0,3,0,0,0,0,1,1,6,1,38,7,1248,2,7,-1,-1,-1
201523N025883,1,9,0,18,0,8,0,0,0,0,3,1,6,1,23,5,1396,1,11,-1,-1,-1
201523N025883,2,9,0,9,0,5,0,0,0,0,1,1,6,1,26,6,1968,2,10,-1,3,-1
201523N025884,1,9,0,9,0,6,0,0,0,0,1,1,6,1,75,10,1997,2,2,-1,1,-1
201523N025884,2,9,0,18,0,8,0,0,0,0,1,1,2,2,27,6,1798,1,8,-1,1,-1
201523N025888,1,9,0,9,0,6,0,0,0,0,3,1,1,1,49,8,1598,2,1,-1,1,-1
201523N025888,2,2,0,13,0,8,0,0,0,0,1,1,2,1,21,5,49,1,5,-1,1,-1
201523N025890,1,9,0,18,0,0,0,0,0,0,4,1,6,3,-1,-1,-1,-1,-1,-1,-1,-1
201523N025893,1,9,0,18,0,4,1,0,7,0,1,1,6,1,23,5,1329,1,4,-1,1,-1