Accident_Index,Vehicle_Reference,Vehicle_Type,Towing_and_Articulation,Vehicle_Manoeuvre,Vehicle_Location-Restricted_Lane,Junction_Location,Skidding_and_Overturning,Hit_Object_in_Carriageway,Vehicle_Leaving_Carriageway,Hit_Object_off_Carriageway,1st_Point_of_Impact,Was_Vehicle_Left_Hand_Drive?,Journey_Purpose_of_Driver,Sex_of_Driver,Age_of_Driver,Age_Band_of_Driver,Engine_Capacity_(CC),Propulsion_Code,Age_of_Vehicle,Driver_IMD_Decile,Driver_Home_Area_Type,Vehicle_IMD_Decile
201523N026484,4,9,0,2,0,0,0,4,0,0,1,1,6,1,33,6,1497,1,10,-1,1,-1
201523N026484,5,9,0,2,0,0,0,4,0,0,2,1,6,1,59,9,1396,1,13,-1,1,-1
201523N026488,1,9,0,9,0,6,0,0,0,0,1,1,6,3,-1,-1,1600,1,11,-1,-1,-1
201523N026488,2,9,0,18,0,8,0,0,0,0,2,1,6,2,43,7,1598,2,2,-1,1,-1
201523N026511,1,20,0,17,0,8,0,0,0,0,1,1,1,1,42,7,11021,2,9,-1,-1,-1
201523N026511,2,9,0,10,0,8,0,0,0,0,1,1,1,1,57,9,1968,2,1,-1,1,-1
201523N026514,1,9,0,5,0,4,0,0,0,0,3,1,6,1,70,10,3248,1,17,-1,1,-1
201523N026514,2,9,0,9,0,8,0,0,0,0,1,1,1,1,43,7,1968,2,2,-1,1,-1
201523N026515,1,19,0,18,0,0,0,0,0,0,1,1,6,1,55,8,2402,2,11,-1,1,-1
201523N026515,2,9,0,18,0,0,0,0,0,0,1,1,6,2,67,10,1388,1,9,-1,1,-1
201523N026522,1,10,0,5,0,6,0,0,0,0,1,1,1,1,50,8,-1,-1,-1,-1,1,-1
201523N026522,2,9,0,18,0,8,0,0,0,0,1,1,1,1,35,6,-1,-1,-1,-1,3,-1
201523N026525,1,9,0,17,0,6,0,0,0,0,3,1,6,2,23,5,1560,2,2,-1,1,-1
201523N026525,2,9,0,17,0,8,0,0,0,0,1,1,6,2,21,5,1242,1,14,-1,1,-1
201523N026527,1,9,0,5,0,2,0,0,0,0,1,1,6,1,66,10,1998,2,9,-1,1,-1
201523N026527,2,9,0,3,0,2,0,0,0,0,2,1,6,1,27,6,1560,2,5,-1,1,-1
201523N026528,1,19,0,9,0,6,0,0,0,0,3,1,2,1,44,7,1968,2,2,-1,3,-1
201523N026528,2,9,0,17,0,8,0,0,0,0,1,1,2,2,22,5,998,1,-1,-1,1,-1
201523N026534,1,9,0,17,0,5,0,0,0,0,1,1,6,2,24,5,1242,1,-1,-1,1,-1
201523N026543,1,9,0,4,0,0,0,0,0,0,1,1,6,2,21,5,1200,1,1,-1,-1,-1
201523N026543,2,9,0,3,0,0,0,0,0,0,2,1,6,2,50,8,1242,1,6,-1,-1,-1
201523N026543,3,9,0,3,0,0,0,0,0,0,2,1,6,1,35,6,2198,1,14,-1,1,-1
201523N026545,1,9,0,4,0,8,0,0,0,0,1,1,2,2,36,7,1368,1,3,-1,1,-1
201523N026545,2,9,0,10,0,8,0,0,0,0,2,1,2,2,58,9,1598,1,13,-1,1,-1
201523N026553,1,9,0,9,0,6,0,0,0,0,3,1,6,1,55,8,1998,2,13,-1,1,-1
201523N026553,2,9,0,18,0,1,0,0,0,0,1,1,6,1,51,8,1560,2,9,-1,-1,-1
201523N026583,1,9,0,9,0,6,0,0,0,0,1,1,1,1,44,7,-1,-1,-1,-1,1,-1
201523N026583,2,9,0,18,0,8,0,0,0,0,1,1,6,2,67,10,1461,2,-1,-1,1,-1
201523N026584,1,9,0,18,0,1,0,0,0,0,1,1,6,1,59,9,1242,1,10,-1,1,-1
201523N026595,1,9,0,18,0,8,0,0,0,0,1,1,1,1,36,7,1197,1,2,-1,1,-1
201523N026610,1,9,0,7,0,3,0,0,0,0,1,1,6,3,-1,-1,1984,1,12,-1,-1,-1
201523N026610,2,9,0,5,0,8,0,0,1,7,2,1,6,2,31,6,-1,-1,-1,-1,1,-1
201523N026621,1,11,0,18,0,2,0,0,0,0,1,1,1,1,64,9,4500,2,5,-1,1,-1
201523N030758,1,9,0,18,0,0,1,10,1,4,4,1,6,1,23,5,2793,1,18,-1,-1,-1
201523N035015,1,9,0,18,0,4,5,9,0,0,1,1,6,1,79,11,1905,2,22,-1,1,-1
201523N035024,1,9,0,18,0,0,2,0,1,4,1,1,6,2,64,9,-1,-1,-1,-1,1,-1
201523N035026,1,9,0,7,0,6,0,0,0,0,1,1,6,2,40,7,1275,1,15,-1,1,-1
201523N035026,2,9,0,3,0,2,0,0,0,0,2,1,6,1,19,4,1242,1,9,-1,1,-1
201523N035026,3,19,0,3,0,2,0,0,0,0,2,1,1,1,51,8,2998,2,2,-1,1,-1
201523N035029,1,1,0,18,0,1,0,0,0,0,1,1,4,1,15,3,-1,-1,-1,-1,1,-1
201523N035029,2,1,0,7,0,5,0,0,0,0,1,1,4,1,13,3,-1,-1,-1,-1,1,-1
201523N035031,1,9,0,5,0,6,0,0,0,0,1,1,6,1,24,5,-1,-1,-1,-1,1,-1
201523N035031,2,9,0,18,0,8,0,0,0,0,4,1,6,1,39,7,1995,2,4,-1,1,-1
201523N035037,1,19,0,16,0,0,1,0,0,0,1,1,2,1,51,8,2402,2,14,-1,1,-1
201523N035037,2,9,0,18,0,0,0,0,0,0,1,1,2,2,41,7,1900,2,10,-1,3,-1
201523N035041,1,9,0,18,0,0,0,0,0,0,1,1,6,2,29,6,1598,1,2,-1,-1,-1
201523N035041,2,9,0,4,0,0,0,0,0,0,2,1,6,1,64,9,-1,-1,-1,-1,1,-1
201523N035049,1,9,0,18,0,0,0,0,1,10,4,1,6,2,18,4,-1,-1,-1,-1,1,-1
201523N035067,1,9,0,5,0,6,5,0,0,0,1,1,6,3,38,7,2967,2,3,-1,-1,-1
201523N035067,2,1,0,18,0,6,0,0,0,0,1,1,4,2,11,3,-1,-1,-1,-1,1,-1
201523N035083,1,9,0,17,0,1,2,0,1,10,4,1,2,2,58,9,-1,-1,-1,-1,1,-1
201523N035088,1,9,0,14,0,8,0,10,7,10,1,1,6,1,21,5,-1,-1,-1,-1,1,-1
201523N035088,2,9,0,18,0,8,0,10,7,0,1,1,1,1,44,7,2993,2,3,-1,-1,-1
201523N035088,3,9,0,18,0,8,0,0,0,0,1,1,6,1,53,8,-1,-1,-1,-1,1,-1
201523N035097,1,9,0,17,0,0,1,0,0,0,1,1,2,1,51,8,5000,1,6,-1,3,-1
201523N035097,2,9,0,16,0,0,0,0,7,10,1,1,6,1,19,4,-1,-1,-1,-1,2,-1
201523N035097,3,9,0,16,0,0,0,0,1,10,1,1,2,1,56,9,1794,1,12,-1,-1,-1
201523N035100,1,19,0,12,0,3,0,0,0,0,3,1,1,2,24,5,-1,-1,-1,-1,-1,-1
201523N035100,2,9,0,18,0,3,0,0,0,0,4,1,2,2,46,8,1998,1,10,-1,1,-1
201523N035107,1,9,0,5,0,4,0,0,0,0,1,1,2,1,40,7,1368,1,7,-1,1,-1
201523N035107,2,9,0,4,0,1,0,0,0,0,2,1,2,1,54,8,998,1,12,-1,1,-1
201523N035115,1,9,0,18,0,0,0,0,0,0,1,1,2,1,62,9,-1,-1,-1,-1,1,-1
201523N035115,2,9,0,18,0,0,0,0,0,0,1,1,2,2,58,9,1390,1,3,-1,3,-1
201523N035117,1,19,0,18,0,0,0,0,0,0,4,1,6,1,32,6,2499,2,10,-1,-1,-1
201523N035119,1,19,0,9,0,5,0,0,0,0,4,1,1,1,30,6,-1,-1,-1,-1,1,-1
201523N035119,2,3,0,18,0,1,1,0,0,0,1,1,6,1,22,5,124,1,1,-1,1,-1
201523N035122,1,9,0,18,0,2,0,0,0,0,4,1,6,1,74,10,1986,1,4,-1,1,-1
201523N035122,2,9,0,2,0,2,0,0,0,0,0,1,6,2,38,7,-1,-1,-1,-1,1,-1
201523N035126,1,9,0,7,0,6,0,0,0,0,1,1,1,1,46,8,1956,2,1,-1,1,-1
201523N035126,2,9,0,18,0,8,0,0,0,0,4,1,1,1,34,6,-1,-1,-1,-1,1,-1
201523N035129,1,4,0,16,0,5,1,2,0,0,3,1,6,1,63,9,249,1,33,-1,1,-1
201523N035130,1,19,0,18,0,0,0,0,0,0,1,1,6,1,65,9,1753,2,9,-1,1,-1
201523N035130,2,9,0,18,0,0,0,0,0,0,2,1,6,2,42,7,2776,2,9,-1,3,-1
201523N035138,1,9,0,14,0,0,0,8,0,0,1,1,6,3,-1,-1,-1,-1,-1,-1,-1,-1
201523N035138,2,9,0,2,0,0,0,0,0,0,4,1,6,2,37,7,1997,2,9,-1,3,-1
201523N035141,1,3,0,18,0,0,1,0,0,0,3,1,2,2,19,4,124,1,3,-1,3,-1
201523N035146,1,9,0,18,0,0,0,0,0,0,1,1,6,1,30,6,1796,2,1,-1,-1,-1
201523N035146,2,9,0,9,0,0,0,0,0,0,2,1,6,1,23,5,1870,2,11,-1,1,-1
201523N035147,1,1,0,18,0,0,0,0,0,0,4,1,6,1,25,5,-1,-1,-1,-1,1,-1
201523N035174,1,21,1,16,0,0,3,0,0,0,3,1,1,1,57,9,12809,2,1,-1,1,-1
201523N035174,2,9,0,17,0,0,0,0,1,0,3,1,6,1,50,8,1298,1,-1,-1,1,-1
201523N035174,3,9,0,17,0,0,0,0,1,0,1,1,6,1,57,9,1124,1,6,-1,1,-1
201523N035176,1,9,0,17,0,0,0,0,0,0,1,1,1,1,60,9,1968,2,2,-1,-1,-1
201523N035176,2,9,0,16,0,0,0,0,0,0,1,1,2,2,46,8,-1,-1,-1,-1,1,-1
201523N035177,1,9,0,18,0,1,0,0,0,0,1,1,1,1,35,6,-1,-1,-1,-1,1,-1
201523N035177,2,9,0,4,0,1,0,0,0,0,2,1,6,3,-1,-1,-1,-1,-1,-1,-1,-1
201523N035188,1,9,0,9,0,6,0,10,0,0,3,1,6,1,21,5,-1,-1,-1,-1,1,-1
201523N035188,2,9,0,18,0,1,0,0,0,0,3,1,6,2,44,7,1968,2,10,-1,-1,-1
201523N035189,1,9,0,18,0,1,0,0,0,0,1,1,6,1,43,7,1781,1,11,-1,1,-1
201523N035195,1,9,0,18,0,0,1,0,7,0,1,1,6,1,49,8,1679,1,14,-1,1,-1
201523N035197,1,9,0,5,0,4,0,0,0,0,1,1,6,2,81,11,1229,1,8,-1,3,-1
201523N035197,2,1,0,18,0,8,0,0,0,0,2,1,6,2,23,5,-1,-1,-1,-1,1,-1
201523N035200,1,9,0,18,0,0,0,0,0,0,3,1,6,1,86,11,1397,1,14,-1,-1,-1
201523N035210,1,9,0,7,0,6,0,0,0,0,1,1,6,3,-1,-1,-1,-1,-1,-1,-1,-1
201523N035223,1,9,0,13,0,0,0,0,0,0,4,1,6,3,-1,-1,-1,-1,-1,-1,-1,-1
201523N035223,2,1,0,16,0,0,0,0,0,0,1,1,2,1,39,7,-1,-1,-1,-1,1,-1
201523N035235,1,8,0,18,0,0,0,0,0,0,1,1,6,3,-1,-1,-1,-1,-1,-1,-1,-1
201523N035237,1,9,0,18,0,0,0,0,0,0,1,1,2,1,43,7,1598,1,9,-1,3,-1
201523N035251,1,2,0,9,0,8,1,0,0,0,3,1,6,1,49,8,125,1,10,-1,-1,-1
201523N035253,1,19,0,16,0,0,0,0,7,11,1,1,1,1,35,6,2143,2,1,-1,1,-1
201523N035254,1,9,0,16,0,0,1,0,0,0,1,1,2,1,28,6,-1,-1,-1,-1,1,-1
201523N035254,2,9,0,4,0,0,0,0,1,9,1,1,6,1,54,8,1986,2,8,-1,3,-1
201523N035260,1,9,0,18,0,0,0,0,1,10,1,1,6,1,26,6,-1,-1,-1,-1,1,-1
201523N035266,1,9,0,18,0,0,0,0,0,0,1,1,6,1,19,4,1598,1,12,-1,3,-1
201523N035266,2,1,0,18,0,0,0,0,1,9,2,1,6,1,46,8,-1,-1,-1,-1,1,-1
201523N035287,1,9,0,17,0,0,1,0,0,0,1,1,1,1,28,6,2495,2,15,-1,1,-1
201523N035287,2,9,0,3,0,0,0,0,0,0,2,1,2,1,63,9,1598,1,16,-1,1,-1
201523N035288,1,9,0,9,0,6,0,0,0,0,1,1,6,2,42,7,1197,1,4,-1,1,-1
201523N035288,2,9,0,18,0,1,0,0,0,0,1,1,1,1,64,9,1956,2,1,-1,1,-1
201523N035296,1,1,0,5,0,6,0,0,0,0,1,1,4,1,13,3,-1,-1,-1,-1,1,-1
201523N035296,2,9,0,18,0,2,0,0,0,0,1,1,6,2,50,8,1560,2,1,-1,3,-1
201523N035298,1,9,0,18,0,8,0,0,0,0,1,1,6,1,32,6,1999,1,7,-1,1,-1
201523N035298,2,9,0,4,0,8,0,0,0,0,2,1,6,2,38,7,-1,-1,-1,-1,1,-1
201523N035298,3,9,0,10,0,8,0,0,0,0,2,1,6,1,36,7,1390,1,12,-1,1,-1
201523N035312,1,9,0,16,0,0,2,0,1,1,1,1,2,1,51,8,1328,1,14,-1,1,-1
201523N035317,1,9,0,17,0,0,2,0,1,9,1,1,2,2,47,8,-1,-1,-1,-1,1,-1
201523N035321,1,9,0,18,0,2,0,0,0,0,1,1,2,1,24,5,1984,1,11,-1,1,-1
201523N035321,2,1,0,18,0,6,0,0,0,0,3,1,2,1,40,7,-1,-1,-1,-1,-1,-1
201523N035325,1,21,1,2,0,0,0,0,0,0,2,1,1,1,48,8,12130,2,12,-1,1,-1
201523N035325,2,21,1,18,0,0,1,4,0,0,1,1,1,1,53,8,11967,2,3,-1,1,-1
201523N035325,3,20,0,18,0,0,1,0,0,0,1,1,1,1,61,9,6871,2,7,-1,1,-1
201523N035326,1,9,0,18,0,2,0,0,0,0,1,1,6,2,18,4,1242,1,3,-1,1,-1
201523N035328,1,9,0,18,0,1,0,0,0,0,1,1,6,2,63,9,1299,1,8,-1,1,-1
201523N035328,2,1,0,18,0,6,0,0,0,0,1,1,6,1,7,2,-1,-1,-1,-1,1,-1
201523N035330,1,9,0,18,0,0,0,0,0,0,1,1,1,1,36,7,-1,-1,-1,-1,2,-1
201523N035330,2,21,0,4,0,0,0,0,0,0,2,1,1,1,51,8,9200,2,9,-1,2,-1
201523N035330,3,9,0,18,0,0,0,0,1,0,1,1,6,2,61,9,-1,-1,-1,-1,1,-1
201523N035335,1,9,0,7,0,6,0,0,0,0,1,1,6,2,28,6,1910,2,9,-1,1,-1
201523N035335,2,1,0,18,0,2,0,0,0,0,2,1,6,2,56,9,-1,-1,-1,-1,1,-1
201523N035338,1,19,0,1,0,6,0,0,0,0,2,1,1,1,40,7,2488,2,1,-1,1,-1
201523N035338,2,9,0,18,0,8,0,0,0,0,4,1,6,2,73,10,-1,-1,-1,-1,1,-1
201523N035349,1,9,0,18,0,1,0,0,0,0,1,1,6,3,-1,-1,-1,-1,-1,-1,-1,-1
201523N035349,2,1,0,18,0,6,0,0,0,0,3,1,6,1,16,4,-1,-1,-1,-1,1,-1
201523N035355,1,21,0,5,0,3,0,0,0,0,1,1,1,1,30,6,4461,2,3,-1,2,-1
201523N035355,2,9,4,5,0,3,0,0,0,0,2,1,6,2,47,8,1997,2,5,-1,3,-1
201523N035356,1,9,0,18,0,0,0,2,0,0,4,1,6,1,35,6,1598,1,4,-1,1,-1
201523N035359,1,9,0,1,0,6,0,0,0,0,2,1,6,2,18,4,999,1,1,-1,1,-1
201523N035359,2,9,0,18,0,8,0,10,1,10,4,1,6,1,42,7,1329,1,6,-1,1,-1
201523N035363,1,9,0,9,0,6,0,0,0,0,1,1,6,1,33,6,998,1,5,-1,1,-1
201523N035363,2,9,0,18,0,8,0,0,0,0,1,1,6,2,28,6,1560,2,3,-1,2,-1
201523N035363,3,9,0,8,0,1,0,0,0,0,1,1,6,1,39,7,1997,2,3,-1,1,-1
201523N035363,4,9,0,18,0,1,0,0,0,0,1,1,6,2,59,9,1984,1,7,-1,2,-1
201523N035365,1,9,0,16,0,0,0,0,7,0,4,1,6,1,29,6,1560,2,9,-1,1,-1
201523N035365,2,9,0,17,0,0,0,0,0,0,1,1,6,1,64,9,-1,-1,-1,-1,1,-1
201523N035379,1,9,0,5,1,6,0,0,1,0,1,1,2,2,20,4,1242,1,3,-1,1,-1
201523N035379,2,9,0,18,0,1,0,0,0,0,1,1,2,2,49,8,2959,2,8,-1,3,-1
201523N035387,1,9,0,18,0,1,1,0,0,0,1,1,6,1,28,6,1242,1,9,-1,1,-1
201523N035387,2,9,0,4,0,1,0,0,0,0,2,1,6,1,31,6,1799,1,8,-1,1,-1
201523N035393,1,9,0,18,0,8,0,0,0,0,1,1,6,2,31,6,-1,-1,-1,-1,1,-1
201523N035393,2,19,0,3,0,8,0,0,0,0,2,1,1,1,33,6,1753,2,11,-1,1,-1
201523N035393,3,9,0,10,0,8,0,0,0,0,2,1,2,1,35,6,998,1,3,-1,1,-1
201523N035394,1,9,0,13,0,1,0,0,7,10,1,1,6,2,31,6,1360,1,15,-1,1,-1
201523N035394,2,9,0,9,0,8,0,0,0,0,3,1,6,2,54,8,1590,1,12,-1,1,-1
201523N035412,1,8,0,1,0,1,0,0,0,0,2,1,1,3,-1,-1,-1,-1,-1,-1,-1,-1
201523N035416,1,9,0,18,0,1,0,0,0,0,1,1,6,1,40,7,-1,-1,-1,-1,-1,-1
201523N035416,2,1,0,5,0,6,0,0,0,0,1,1,6,1,23,5,-1,-1,-1,-1,1,-1
201523N035422,1,9,0,5,0,1,0,0,0,0,1,1,6,1,42,7,1796,1,6,-1,-1,-1
201523N035422,2,3,0,14,0,1,0,0,0,0,4,1,6,2,49,8,124,1,5,-1,2,-1
201523N035431,1,9,0,18,0,0,0,0,0,0,1,1,6,1,74,10,1685,2,3,-1,1,-1
201523N035431,2,9,0,18,0,0,0,0,0,0,1,1,6,1,71,10,-1,-1,-1,-1,1,-1
201523N035431,3,21,1,3,0,0,0,0,0,0,3,1,1,1,33,6,12740,2,3,-1,1,-1
201523N035435,1,9,0,18,0,1,5,7,1,1,1,1,6,1,33,6,1108,1,11,-1,1,-1
201523N035449,1,9,0,9,0,6,0,0,0,0,3,1,6,3,-1,-1,-1,-1,-1,-1,-1,-1
201523N035449,2,9,0,18,0,1,1,0,7,0,4,1,6,1,47,8,1399,2,3,-1,1,-1
201523N035487,1,11,0,4,0,0,0,0,0,0,0,1,1,1,66,10,-1,-1,-1,-1,1,-1
201523N035493,1,9,0,9,0,5,0,0,0,0,4,1,6,1,22,5,1395,1,-1,-1,1,-1
201523N035493,2,9,0,18,0,1,0,0,0,0,1,1,6,2,65,9,1596,1,2,-1,2,-1
201523N035495,1,11,0,4,0,1,0,0,0,0,1,1,1,1,47,8,8268,2,9,-1,1,-1
201523N035495,2,19,0,3,0,1,0,0,0,0,2,1,6,1,58,9,1968,2,-1,-1,1,-1
201523N035495,3,9,0,10,0,8,0,0,0,0,2,1,6,1,32,6,-1,-1,-1,-1,3,-1
201523N035503,1,3,0,18,0,0,0,0,0,0,1,1,6,1,23,5,125,1,4,-1,3,-1
201523N035503,2,9,0,2,0,0,0,0,0,0,4,1,6,2,48,8,1995,2,10,-1,1,-1
201523N035527,1,3,0,17,0,2,0,0,1,0,1,1,6,1,17,4,125,1,3,-1,3,-1
201523N035538,1,9,0,18,0,1,0,0,0,0,4,1,3,2,37,7,1461,2,1,-1,1,-1
201523N035539,1,9,0,18,0,0,0,0,0,0,4,1,6,2,33,6,1596,1,6,-1,3,-1
201523N035551,1,9,0,9,0,6,0,0,0,0,3,1,3,2,44,7,1896,2,14,-1,1,-1
201523N035551,2,1,0,3,0,1,0,0,0,0,1,1,6,1,39,7,-1,-1,-1,-1,1,-1
201523N035562,1,9,0,18,0,2,0,0,0,0,4,1,6,1,29,6,1995,2,3,-1,1,-1
201523N035563,1,9,0,18,0,0,0,0,0,0,1,1,6,3,-1,-1,-1,-1,-1,-1,-1,-1
201523N035563,2,3,0,18,0,0,0,0,0,0,2,1,6,1,18,4,125,1,3,-1,1,-1
201523N035564,1,9,0,9,0,5,0,0,0,0,1,1,6,1,18,4,1388,1,12,-1,1,-1
201523N035564,2,9,0,18,0,8,0,0,0,0,3,1,6,1,45,7,1588,1,14,-1,1,-1
201523N035572,1,9,0,18,0,2,0,11,0,0,1,1,6,2,21,5,-1,-1,-1,-1,1,-1
201523N035572,2,9,0,2,0,2,0,0,0,0,3,1,6,3,-1,-1,1956,2,2,-1,-1,-1
201523N035607,1,9,0,5,0,4,0,0,0,0,1,1,6,2,37,7,-1,-1,-1,-1,1,-1
201523N035607,2,1,0,18,0,8,0,0,0,0,2,1,6,1,58,9,-1,-1,-1,-1,1,-1
201523N035625,1,9,0,18,0,0,0,0,0,0,1,1,6,2,27,6,1753,2,15,-1,1,-1
201523N035639,1,9,0,18,0,2,0,0,0,0,4,1,6,2,58,9,1951,2,13,-1,3,-1
201523N035645,1,9,0,17,0,0,2,0,1,2,4,1,6,2,23,5,1598,1,13,-1,1,-1
201523N035647,1,9,0,18,0,0,0,0,0,0,1,1,6,3,-1,-1,-1,-1,-1,-1,-1,-1
201523N035647,2,1,0,18,0,0,0,0,0,0,3,1,6,1,57,9,-1,-1,-1,-1,-1,-1
201523N035649,1,9,0,13,0,0,0,0,0,0,4,1,6,1,37,7,1998,2,14,-1,1,-1
201523N035649,2,1,0,18,0,0,0,0,0,0,3,1,6,2,23,5,-1,-1,-1,-1,1,-1
201523N035662,1,19,0,9,0,5,0,0,7,10,4,1,1,1,54,8,2143,2,-1,-1,1,-1
201523N035662,2,9,0,18,0,1,0,0,0,0,1,1,6,1,18,4,1390,1,9,-1,3,-1
201523N035662,3,9,0,3,0,1,0,0,0,0,2,1,6,2,40,7,-1,-1,-1,-1,-1,-1
201523N035679,1,9,0,17,0,0,1,0,8,4,2,1,6,2,51,8,1868,2,15,-1,-1,-1
201523N035679,2,9,0,16,0,0,0,0,0,0,0,1,6,3,-1,-1,-1,-1,-1,-1,-1,-1
201523N035680,1,9,0,18,0,4,0,0,0,0,1,1,6,2,21,5,1199,1,11,-1,1,-1
201523N035680,2,9,0,9,0,3,0,0,0,0,1,1,6,2,29,6,1896,2,11,-1,1,-1
201523N035702,1,19,0,11,0,1,0,0,0,0,4,1,6,3,-1,-1,-1,-1,-1,-1,-1,-1
201523N035702,2,19,0,4,0,1,0,0,0,0,3,1,1,1,42,7,2143,2,3,-1,1,-1
201523N035703,1,9,0,18,0,0,0,0,0,0,3,1,1,2,31,6,1895,1,15,-1,-1,-1
201523N035706,1,9,0,13,0,2,0,0,0,0,4,1,6,3,-1,-1,1968,2,1,-1,-1,-1
201523N035706,2,9,0,18,0,2,0,0,0,0,3,1,3,1,46,8,1997,2,3,-1,1,-1
201523N035713,1,9,0,5,0,6,0,0,0,0,1,1,2,1,54,8,2400,1,17,-1,1,-1
201523N035713,2,9,0,18,0,8,0,0,0,0,1,1,2,1,65,9,1798,1,6,-1,1,-1
201523N035736,1,9,0,5,0,6,2,0,0,0,3,1,6,1,66,10,1248,2,2,-1,1,-1
201523N035736,2,9,0,18,0,1,0,0,0,0,1,1,6,1,82,11,2401,2,11,-1,3,-1
201523N035738,1,9,0,5,0,4,0,0,0,0,1,1,2,1,23,5,1422,2,7,-1,1,-1
201523N035738,2,1,0,18,0,8,0,0,0,0,1,1,2,1,41,7,-1,-1,-1,-1,1,-1
201523N035747,1,9,0,18,0,8,0,0,0,0,1,1,2,1,24,5,1560,2,2,-1,1,-1
201523N035747,2,9,0,3,0,8,0,0,0,0,2,1,2,2,18,4,998,1,3,-1,2,-1
201523N035747,3,9,0,10,0,8,0,0,0,0,2,1,2,2,48,8,1598,1,2,-1,1,-1
201523N035749,1,9,0,13,0,0,5,10,1,0,4,1,1,2,43,7,1596,1,14,-1,1,-1
201523N035749,2,9,0,18,0,0,0,0,0,0,3,1,6,2,41,7,1598,7,13,-1,3,-1
201523N035763,1,9,0,18,0,8,0,0,0,0,3,1,6,2,52,8,2494,1,17,-1,3,-1
201523N035768,1,9,0,18,0,1,0,0,0,0,1,1,6,2,33,6,1968,2,2,-1,1,-1
201523N035768,2,9,0,3,0,1,0,0,0,0,2,1,6,2,33,6,1199,1,15,-1,1,-1
201523N035770,1,9,0,2,0,1,0,0,0,0,4,1,6,1,22,5,-1,-1,-1,-1,-1,-1
201523N035772,1,9,0,18,0,8,0,0,0,0,1,1,6,2,-1,-1,1596,1,14,-1,-1,-1
201523N035772,2,9,0,9,0,6,0,0,0,0,3,1,3,1,27,6,1590,1,25,-1,1,-1
201523N035778,1,90,0,18,0,1,0,0,0,0,1,1,1,1,54,8,5480,2,10,-1,1,-1
201523N035778,2,9,4,10,0,1,0,0,1,9,2,1,1,1,58,9,2982,2,4,-1,3,-1
201523N035778,3,9,0,18,0,2,0,0,0,0,1,1,6,1,31,6,1995,2,11,-1,2,-1
201523N035784,1,9,0,5,0,1,0,0,0,0,1,1,6,1,40,7,1149,1,6,-1,-1,-1
201523N035784,2,9,0,3,0,1,0,0,0,0,2,1,6,1,18,4,1124,1,13,-1,1,-1
201523N035788,1,9,0,17,0,2,1,0,1,10,4,1,2,2,38,7,1149,1,16,-1,3,-1
201523N035789,1,9,0,17,0,0,1,0,1,10,1,1,2,2,24,5,1242,1,7,-1,2,-1
201523N035790,1,19,0,18,0,8,0,0,0,0,2,1,1,2,25,5,1461,2,4,-1,1,-1
201523N035790,2,9,0,7,0,5,0,0,1,11,2,1,6,1,44,7,1598,1,9,-1,-1,-1
201523N035802,1,9,0,4,0,1,1,0,0,0,1,1,2,1,48,8,2993,2,5,-1,3,-1
201523N035802,2,9,0,3,0,1,0,0,0,0,2,1,2,2,20,4,998,1,1,-1,2,-1
201523N035802,3,9,0,3,0,1,0,0,0,0,2,1,2,1,30,6,1198,1,5,-1,1,-1
201523N035803,1,9,0,7,0,6,0,0,0,0,3,1,6,1,85,11,1124,1,13,-1,1,-1
201523N035803,2,9,0,18,0,1,0,0,0,0,1,1,6,2,37,7,2231,2,2,-1,2,-1
201523N035829,1,9,0,18,0,6,0,0,0,0,4,1,6,2,19,4,1499,2,1,-1,1,-1
201523N035829,2,9,0,18,0,8,0,0,0,0,1,1,6,1,21,5,998,1,-1,-1,3,-1
201523N035852,1,5,0,17,0,1,1,0,0,0,1,1,6,1,34,6,738,1,26,-1,1,-1
201523N035852,2,9,0,3,0,1,0,0,0,0,2,1,6,1,49,8,1399,1,4,-1,2,-1
201523N035857,1,9,0,18,0,8,0,0,0,0,1,1,6,2,38,7,1422,2,12,-1,1,-1
201523N035857,2,9,0,10,0,8,0,0,0,0,2,1,6,2,28,6,1389,1,17,-1,1,-1
201523N035859,1,90,0,5,0,0,0,10,1,10,1,1,6,1,24,5,700,1,9,-1,1,-1
201523N035860,1,9,0,1,0,1,0,0,0,0,2,1,6,1,38,7,1461,2,1,-1,-1,-1
201523N035860,2,9,0,10,0,1,0,0,0,0,1,1,6,2,52,8,1598,2,5,-1,3,-1
201523N035862,1,9,0,18,0,1,0,0,0,0,1,1,6,2,64,9,-1,-1,-1,-1,2,-1
201523N035862,2,9,0,4,0,1,0,0,0,0,2,1,6,1,41,7,1998,1,12,-1,1,-1
201523N035863,1,9,0,18,0,1,0,0,0,10,1,1,2,1,35,6,1994,7,9,-1,1,-1
201523N035863,2,9,0,9,0,5,0,0,7,10,2,1,2,1,22,5,1896,2,8,-1,1,-1
201523N035879,1,1,0,16,0,8,0,0,0,0,3,1,6,1,40,7,-1,-1,-1,-1,-1,-1
201523N035879,2,9,0,13,0,8,0,0,0,0,0,1,6,2,82,11,1364,1,5,-1,3,-1
201523N035881,1,3,0,13,0,1,0,0,0,0,1,1,2,1,23,5,-1,-1,-1,-1,3,-1
201523N035881,2,9,0,9,0,5,0,0,0,0,3,1,6,1,26,6,-1,-1,-1,-1,1,-1