Accident_Index,Vehicle_Reference,Vehicle_Type,Towing_and_Articulation,Vehicle_Manoeuvre,Vehicle_Location-Restricted_Lane,Junction_Location,Skidding_and_Overturning,Hit_Object_in_Carriageway,Vehicle_Leaving_Carriageway,Hit_Object_off_Carriageway,1st_Point_of_Impact,Was_Vehicle_Left_Hand_Drive?,Journey_Purpose_of_Driver,Sex_of_Driver,Age_of_Driver,Age_Band_of_Driver,Engine_Capacity_(CC),Propulsion_Code,Age_of_Vehicle,Driver_IMD_Decile,Driver_Home_Area_Type,Vehicle_IMD_Decile
201523N035886,1,3,0,18,0,0,1,0,0,0,3,1,6,1,22,5,124,1,4,-1,1,-1
201523N035894,1,9,0,4,0,0,0,0,0,0,3,1,6,2,29,6,-1,-1,-1,-1,1,-1
201523N035894,2,9,0,16,0,0,1,0,0,0,3,1,6,1,34,6,1597,1,30,-1,1,-1
201523N035903,1,9,0,18,0,8,0,0,0,0,1,1,2,1,44,7,1598,1,4,-1,1,-1
201523N035903,2,19,0,17,0,8,0,0,0,0,1,1,1,1,59,9,2198,2,2,-1,1,-1
201523N035905,1,1,0,15,0,1,0,0,0,0,1,1,2,1,61,9,-1,-1,-1,-1,1,-1
201523N035905,2,9,0,9,0,5,0,0,0,0,4,1,1,1,51,8,-1,-1,-1,-1,1,-1
201523N035913,1,9,0,18,0,0,0,0,0,0,1,1,6,2,19,4,1240,1,6,-1,2,-1
201523N035913,2,8,0,18,0,0,0,0,0,0,1,1,1,1,45,7,1598,2,1,-1,1,-1
201523N035918,1,9,0,18,0,8,0,0,0,0,1,1,6,1,-1,-1,-1,-1,-1,-1,-1,-1
201523N035918,2,1,0,9,0,8,0,0,0,0,2,1,2,1,43,7,-1,-1,-1,-1,1,-1
201523N035927,1,5,0,18,0,8,1,0,0,0,4,1,6,1,38,7,599,1,15,-1,1,-1
201523N035927,2,5,0,3,0,1,0,0,0,0,3,1,6,1,29,6,599,1,13,-1,1,-1
201523N035932,1,9,0,13,0,0,0,0,0,0,1,1,6,1,50,8,1910,2,8,-1,3,-1
201523N035932,2,9,0,18,0,0,1,0,1,2,2,1,2,1,47,8,1242,1,14,-1,1,-1
201523N035941,1,9,0,18,0,0,0,0,0,0,1,1,3,2,39,7,1900,2,9,-1,1,-1
201523N035941,2,9,0,4,0,0,0,0,0,0,2,1,3,2,44,7,1896,2,10,-1,1,-1
201523N035942,1,9,0,18,0,1,0,0,0,0,1,1,6,3,-1,-1,-1,-1,-1,-1,-1,-1
201523N035942,2,9,0,18,0,4,0,0,0,0,2,1,3,2,37,7,1388,1,9,-1,1,-1
201523N035956,1,9,0,18,0,1,0,0,0,0,1,1,1,1,38,7,1598,2,4,-1,1,-1
201523N035956,2,9,0,3,0,1,0,0,0,0,2,1,2,2,29,6,998,1,6,-1,1,-1
201523N035956,3,9,0,3,0,1,0,0,0,0,2,1,2,1,29,6,1999,1,-1,-1,1,-1
201523N035956,4,9,0,3,0,1,0,0,0,0,2,1,2,1,47,8,-1,-1,-1,-1,1,-1
201523N035959,1,9,0,18,0,0,0,0,0,0,1,1,2,2,28,6,1560,2,1,-1,2,-1
201523N035959,2,19,0,4,0,0,1,0,1,9,2,1,1,1,58,9,1598,2,3,-1,1,-1
201523N035961,1,9,0,5,0,6,0,0,0,0,3,1,6,2,48,8,1242,1,6,-1,-1,-1
201523N035961,2,1,0,18,0,1,0,0,0,0,1,1,6,1,33,6,-1,-1,-1,-1,3,-1
201523N035968,1,9,0,5,0,6,0,0,0,0,4,1,6,1,38,7,1796,1,11,-1,1,-1
201523N035968,2,9,0,18,1,1,0,0,0,0,1,1,6,1,30,6,-1,-1,-1,-1,-1,-1
201523N035975,1,9,0,18,0,0,0,0,0,0,0,1,6,2,55,8,1796,1,11,-1,3,-1
201523N035975,2,9,0,18,0,0,0,11,0,0,1,1,6,2,47,8,1197,1,1,-1,1,-1
201523N035980,1,9,0,9,0,3,0,0,0,0,3,1,6,1,30,6,1364,1,6,-1,1,-1
201523N035980,2,5,0,13,0,3,0,0,0,0,1,1,6,1,39,7,998,1,8,-1,-1,-1
201523N035983,1,5,0,18,0,1,1,0,0,0,1,1,1,1,34,6,899,1,20,-1,1,-1
201523N035983,2,9,0,9,0,8,0,0,0,0,4,1,6,1,32,6,1910,2,7,-1,1,-1
201523N035990,1,9,0,16,0,0,2,0,2,7,4,1,2,1,26,6,1242,1,13,-1,2,-1
201523N035991,1,21,1,9,0,6,0,0,0,0,1,1,1,1,56,9,-1,-1,-1,-1,-1,-1
201523N035991,2,1,0,18,0,1,0,0,0,0,1,1,2,1,45,7,-1,-1,-1,-1,1,-1
201523N035992,1,9,0,9,0,5,0,0,0,0,4,1,2,1,20,4,1299,1,14,-1,3,-1
201523N035992,2,19,0,18,0,1,0,0,1,2,1,1,1,1,43,7,2198,2,-1,-1,2,-1
201523N035992,3,9,0,2,0,1,0,0,0,0,3,1,6,1,36,7,1968,2,9,-1,1,-1
201523N036004,1,9,0,7,0,5,0,0,7,1,1,1,6,1,94,11,1242,1,17,-1,1,-1
201523N036005,1,9,0,7,0,6,0,0,0,0,1,1,6,1,29,6,1998,1,15,-1,1,-1
201523N036005,2,9,0,18,0,8,0,0,0,0,1,1,6,2,18,4,998,1,11,-1,3,-1
201523N036005,3,9,0,4,0,6,0,0,0,0,1,1,1,1,41,7,2993,2,3,-1,-1,-1
201523N036006,1,9,0,9,0,8,0,0,0,0,1,1,6,1,24,5,1499,2,1,-1,2,-1
201523N036006,2,9,0,18,0,1,0,0,0,0,1,1,6,2,20,4,1242,1,3,-1,2,-1
201523N036011,1,9,0,17,0,0,0,0,0,0,3,1,6,1,64,9,2685,2,11,-1,-1,-1
201523N036011,2,9,0,16,0,0,5,0,7,0,3,1,1,1,27,6,1598,2,4,-1,1,-1
201523N036035,1,9,0,18,0,3,0,0,0,0,1,1,2,2,35,6,1240,1,9,-1,1,-1
201523N036035,2,9,0,4,0,3,0,0,0,0,2,1,2,2,65,9,1988,1,11,-1,1,-1
201523N036049,1,9,0,5,0,1,0,0,0,0,3,1,6,3,-1,-1,-1,-1,-1,-1,-1,-1
201523N036057,1,9,0,18,0,0,2,0,7,9,3,1,2,1,37,7,1997,2,11,-1,1,-1
201523N036058,1,9,0,1,0,6,0,0,0,0,2,1,6,2,30,6,1995,1,20,-1,-1,-1
201523N036058,2,9,0,18,0,1,0,0,0,0,1,1,2,2,58,9,1124,1,12,-1,1,-1
201523N036065,1,9,0,5,0,6,0,0,0,0,0,1,6,1,53,8,1968,2,9,-1,1,-1
201523N036065,2,11,0,18,0,8,0,0,0,0,0,1,1,1,55,8,3900,2,11,-1,1,-1
201523N036065,3,9,0,2,0,1,0,0,0,0,0,1,6,3,-1,-1,1560,2,1,-1,-1,-1
201523N036066,1,19,0,18,0,1,0,0,0,0,1,1,6,2,31,6,2370,2,21,-1,1,-1
201523N036066,2,9,0,4,0,1,0,0,0,0,2,1,6,2,26,6,1242,1,14,-1,1,-1
201523N036068,1,9,0,7,0,6,0,0,0,0,3,1,2,1,71,10,1997,2,3,-1,3,-1
201523N036068,2,9,0,18,0,8,0,0,0,0,1,1,2,1,25,5,-1,-1,-1,-1,1,-1
201523N036071,1,19,0,1,0,2,0,4,0,0,2,1,6,1,48,8,1995,2,8,-1,-1,-1
201523N036071,2,9,0,2,0,1,0,0,0,0,2,1,6,1,73,10,1988,1,10,-1,1,-1
201523N036081,1,9,0,18,0,8,1,0,0,0,1,1,1,1,42,7,1598,1,17,-1,1,-1
201523N036081,2,9,0,4,0,8,0,0,0,0,2,1,6,2,28,6,1560,2,8,-1,1,-1
201523N036088,1,9,0,18,0,0,0,0,0,0,1,1,6,1,43,7,1896,2,10,-1,-1,-1
201523N036088,2,9,0,3,0,0,0,0,0,0,2,1,6,1,32,6,1968,2,2,-1,-1,-1
201523N036088,3,9,0,3,0,0,0,0,0,0,2,1,6,2,48,8,1598,1,12,-1,1,-1
201523N036088,4,9,0,3,0,0,0,0,0,0,2,1,6,1,29,6,2143,2,1,-1,-1,-1
201523N036089,1,1,0,9,0,6,0,0,0,0,4,1,6,1,7,2,-1,-1,-1,-1,1,-1
201523N036089,2,9,0,18,0,1,0,0,0,0,1,1,6,2,58,9,1598,1,3,-1,1,-1
201523N036090,1,9,0,9,0,5,0,0,0,0,1,1,6,2,-1,-1,-1,-1,-1,-1,-1,-1
201523N036100,1,9,0,5,0,4,0,0,0,0,1,1,2,2,19,4,1399,2,4,-1,2,-1
201523N036100,2,9,0,3,0,1,0,0,0,0,2,1,2,2,27,6,1596,1,12,-1,1,-1
201523N036107,1,21,1,7,0,3,5,10,4,6,4,1,1,1,65,9,-1,-1,-1,-1,1,-1
201523N036138,1,9,0,5,0,6,0,0,0,0,3,1,6,1,34,6,-1,-1,-1,-1,1,-1
201523N036138,2,1,0,17,0,8,0,0,0,0,1,1,6,2,25,5,-1,-1,-1,-1,1,-1
201523N036145,1,9,0,9,0,5,0,0,0,0,1,1,2,1,37,7,2231,2,10,-1,1,-1
201523N036145,2,9,0,18,0,8,0,0,0,0,1,1,2,2,52,8,1968,2,2,-1,3,-1
201523N036163,1,9,0,7,0,4,0,0,0,0,1,1,6,1,23,5,1895,1,14,-1,1,-1
201523N036163,2,1,0,18,0,8,0,0,0,0,2,1,6,2,67,10,-1,-1,-1,-1,1,-1
201523N036167,1,5,0,13,0,8,0,0,0,0,4,1,6,1,57,9,1157,1,12,-1,1,-1
201523N036167,2,9,0,18,0,8,0,0,0,0,3,1,6,1,29,6,-1,-1,-1,-1,1,-1
201523N036169,1,9,0,17,0,2,0,0,0,0,3,1,6,1,59,9,1598,1,14,-1,1,-1
201523N036169,2,9,0,16,0,2,0,0,1,0,3,1,6,1,70,10,1396,1,3,-1,3,-1
201523N036177,1,1,0,18,0,0,0,0,0,0,1,1,6,1,50,8,-1,-1,-1,-1,1,-1
201523N036177,2,9,0,18,0,0,0,0,0,0,1,1,6,1,23,5,1685,2,2,-1,1,-1
201523N036182,1,9,0,18,0,2,0,0,0,0,1,1,6,2,36,7,1339,1,8,-1,1,-1
201523N036182,2,9,0,4,0,2,0,0,0,0,2,1,6,1,37,7,-1,-1,-1,-1,1,-1
201523N036203,1,9,0,17,0,0,5,0,7,10,1,1,6,1,25,5,1596,1,12,-1,1,-1
201523N036212,1,5,0,9,0,6,0,0,0,0,4,1,6,1,62,9,899,1,12,-1,1,-1
201523N036213,1,9,0,9,0,6,0,0,0,0,3,1,2,2,19,4,1242,1,1,-1,-1,-1
201523N036213,2,9,0,18,0,8,0,0,0,0,1,1,6,2,33,6,1242,1,6,-1,3,-1
201523N036221,1,9,0,9,0,6,0,0,0,0,1,1,6,3,-1,-1,-1,-1,-1,-1,-1,-1
201523N036221,2,5,0,18,0,8,0,0,0,0,3,1,6,1,56,9,1402,1,13,-1,1,-1
201523N036222,1,9,0,4,0,1,0,0,0,0,0,1,6,3,-1,-1,-1,-1,-1,-1,-1,-1
201523N036222,2,9,0,4,0,1,1,0,0,0,2,1,6,1,34,6,1587,1,14,-1,-1,-1
201523N036222,3,9,0,18,0,1,1,0,0,0,1,1,6,1,56,9,1598,1,1,-1,1,-1
201523N036228,1,9,0,17,0,0,0,4,0,0,1,1,6,3,-1,-1,1598,1,7,-1,-1,-1
201523N036228,2,19,0,2,0,0,0,0,0,0,1,1,6,1,44,7,2198,2,-1,-1,-1,-1
201523N036230,1,9,0,18,0,0,0,0,0,0,1,1,2,1,43,7,2200,1,14,-1,1,-1
201523N036230,2,9,0,18,0,0,0,0,0,0,2,1,2,1,38,7,1587,1,16,-1,1,-1
201523N036253,1,9,0,17,0,0,1,6,1,10,1,1,6,1,39,7,1497,1,12,-1,1,-1
201523N036265,1,1,0,18,0,0,0,4,0,0,1,1,6,1,14,3,-1,-1,-1,-1,1,-1
201523N036265,2,9,0,2,0,0,0,0,0,0,3,1,6,2,48,8,1798,1,8,-1,2,-1
201523N036267,1,9,0,2,0,0,0,0,0,0,3,1,6,2,74,10,998,1,13,-1,1,-1
201523N036267,2,9,0,14,0,0,0,8,0,0,1,1,6,2,63,9,-1,-1,-1,-1,2,-1
201523N036275,1,9,0,18,0,0,0,0,1,4,1,1,2,1,27,6,1598,1,11,-1,1,-1
201523N036278,1,1,0,18,0,0,0,0,0,0,3,1,6,1,27,6,-1,-1,-1,-1,3,-1
201523N036278,2,9,0,18,0,0,0,0,0,0,1,1,6,1,24,5,1998,1,11,-1,1,-1
201523N036295,1,5,0,4,0,0,1,0,0,0,4,1,6,1,67,10,961,1,3,-1,1,-1
201523N036304,1,9,0,16,0,0,2,0,7,10,4,1,1,2,42,7,1951,2,10,-1,1,-1
201523N036312,1,9,0,9,0,6,0,0,1,10,3,1,6,2,25,5,1496,2,-1,-1,1,-1
201523N036312,2,9,0,18,0,8,1,0,0,0,1,1,2,1,21,5,1199,1,11,-1,1,-1
201523N036325,1,9,0,9,0,5,0,0,0,0,1,1,2,1,33,6,-1,-1,-1,-1,1,-1
201523N036325,2,9,0,18,0,8,0,0,0,0,1,1,6,1,47,8,2099,2,9,-1,3,-1
201523N036326,1,9,0,18,0,0,0,0,0,0,1,1,1,1,56,9,1998,2,9,-1,1,-1
201523N036327,1,9,0,18,0,0,0,0,0,0,1,1,2,2,17,4,1199,1,11,-1,1,-1
201523N036333,1,9,0,9,0,6,0,0,0,0,1,1,2,1,23,5,1560,2,10,-1,3,-1
201523N036333,2,3,0,18,0,8,0,0,0,0,1,1,2,1,64,9,124,1,25,-1,1,-1
201523N036340,1,9,0,5,0,6,0,0,0,0,3,1,6,1,35,6,2184,2,6,-1,1,-1
201523N036340,2,2,0,18,0,8,0,0,0,0,4,1,6,2,16,4,49,1,7,-1,1,-1
201523N036344,1,9,0,15,0,8,0,0,0,0,1,1,6,1,29,6,1397,1,16,-1,1,-1
201523N036344,2,5,0,7,0,5,0,0,0,0,4,1,6,1,53,8,998,1,8,-1,1,-1
201523N036352,1,9,0,17,0,0,5,0,1,1,1,1,2,2,29,6,1299,1,12,-1,1,-1
201523N036352,2,9,0,18,0,0,0,0,0,0,3,1,2,1,34,6,2231,2,8,-1,1,-1
201523N036354,1,9,0,16,0,0,1,0,1,0,4,1,2,1,43,7,1896,2,11,-1,1,-1
201523N036367,1,9,0,5,0,6,0,0,7,0,4,1,2,1,49,8,1598,1,11,-1,1,-1
201523N036367,2,9,0,18,0,1,1,0,0,0,1,1,2,1,52,8,2198,2,-1,-1,3,-1
201523N036376,1,9,0,4,0,8,0,0,0,0,1,1,6,1,46,8,1968,2,1,-1,1,-1
201523N036376,2,9,0,4,0,8,0,0,0,0,2,1,1,1,27,6,1240,1,6,-1,1,-1
201523N036380,1,9,0,18,0,1,0,0,0,0,1,1,1,1,75,10,1199,2,4,-1,1,-1
201523N036380,2,9,0,18,0,2,0,10,0,0,1,1,2,1,25,5,-1,-1,-1,-1,1,-1
201523N036402,1,9,0,9,0,5,0,0,0,0,4,1,6,1,59,9,2685,2,10,-1,1,-1
201523N036402,2,9,0,18,0,1,0,0,0,0,1,1,6,1,43,7,1149,1,1,-1,3,-1
201523N036402,3,9,0,8,0,1,0,0,0,0,1,1,6,2,26,6,1298,1,13,-1,1,-1
201523N036416,1,9,0,17,0,0,1,0,8,0,1,1,2,1,21,5,1360,1,10,-1,1,-1
201523N036416,2,9,0,18,0,0,0,0,0,0,1,1,2,1,44,7,1799,1,16,-1,1,-1
201523N036422,1,9,0,6,0,0,1,0,0,0,3,1,6,1,82,11,1870,2,14,-1,1,-1
201523N036422,2,17,0,14,0,0,0,0,0,0,1,1,1,1,44,7,4400,2,2,-1,1,-1
201523N036434,1,9,0,7,0,3,5,7,7,0,1,1,2,1,31,6,973,1,14,-1,1,-1
201523N036445,1,9,0,18,0,0,0,0,0,0,4,1,6,3,-1,-1,1360,1,6,-1,-1,-1
201523N036457,1,1,0,18,0,8,0,0,0,0,3,1,6,1,20,4,-1,-1,-1,-1,1,-1
201523N036457,2,9,0,18,0,8,0,0,0,0,1,1,6,2,51,8,1200,1,-1,-1,1,-1
201523N036458,1,9,0,17,0,0,1,7,7,4,1,1,2,1,28,6,2494,1,11,-1,1,-1
201523N036463,1,21,1,11,0,3,3,0,0,0,4,1,1,1,58,9,12900,2,3,-1,1,-1
201523N036463,2,9,0,7,0,3,0,0,0,0,3,1,6,2,48,8,1796,1,12,-1,1,-1
201523N036466,1,9,0,18,0,6,0,0,0,0,1,1,6,1,64,9,996,1,4,-1,1,-1
201523N036466,2,9,0,18,0,8,0,0,1,0,1,1,6,1,27,6,1598,1,13,-1,1,-1
201523N036472,1,9,0,18,0,8,1,0,7,9,1,1,2,2,19,4,1596,1,6,-1,2,-1
201523N036472,2,19,0,9,0,5,1,0,0,0,2,1,1,1,32,6,-1,-1,-1,-1,1,-1
201523N036473,1,3,0,13,0,8,0,0,0,0,1,1,6,1,17,4,124,1,6,-1,3,-1
201523N036473,2,19,0,7,0,5,0,0,0,0,2,1,1,1,44,7,2143,2,1,-1,1,-1
201523N036478,1,9,0,13,0,1,1,0,1,9,1,1,2,1,41,7,2143,2,1,-1,3,-1
201523N036478,2,9,0,9,0,5,0,0,0,0,4,1,6,2,37,7,1598,1,8,-1,1,-1
201523N036491,1,8,0,9,0,5,0,4,0,0,4,1,1,1,40,7,1560,2,3,-1,1,-1
201523N036491,2,9,0,2,0,2,0,0,0,0,3,1,6,1,24,5,2179,2,1,-1,1,-1
201523N036494,1,9,0,11,0,0,0,0,0,0,1,1,2,1,21,5,1587,1,16,-1,1,-1
201523N036494,2,17,0,18,0,0,0,0,0,0,2,1,1,1,51,8,3990,2,14,-1,-1,-1
201523N036495,1,9,0,16,0,0,0,0,7,10,1,1,6,1,34,6,1391,1,14,-1,1,-1
201523N036496,1,9,0,5,8,0,0,0,0,0,3,1,1,1,72,10,3724,1,12,-1,3,-1
201523N036496,2,9,0,18,0,0,0,0,7,4,1,1,6,2,25,5,1198,1,8,-1,3,-1
201523N036498,1,8,0,18,0,2,0,0,0,0,1,1,6,3,-1,-1,-1,-1,-1,-1,-1,-1
201523N036499,1,9,0,18,0,1,0,0,0,0,4,1,3,2,34,6,1560,2,10,-1,2,-1
201523N036502,1,1,0,18,9,8,0,0,0,0,1,1,6,1,18,4,-1,-1,-1,-1,1,-1
201523N036502,2,9,0,7,9,5,0,0,0,0,1,1,2,2,51,8,1396,1,14,-1,1,-1
201523N036503,1,9,0,16,0,1,0,0,7,10,1,1,6,1,26,6,1388,1,4,-1,1,-1
201523N036506,1,9,0,4,0,4,0,0,0,0,2,1,2,2,35,6,1560,2,8,-1,1,-1
201523N036506,2,9,0,18,0,4,0,0,0,0,1,1,6,2,23,5,1124,1,11,-1,-1,-1
201523N036521,1,9,0,9,0,5,0,0,0,0,1,1,2,1,42,7,1390,1,14,-1,2,-1
201523N036521,2,1,0,18,0,8,0,0,0,0,1,1,2,1,27,6,-1,-1,-1,-1,1,-1
201523N036549,1,11,0,15,0,4,0,0,0,0,3,1,1,3,-1,-1,-1,-1,-1,-1,-1,-1
201523N036549,2,9,0,9,0,4,0,0,0,0,4,1,6,2,37,7,2204,2,8,-1,1,-1
201523N036552,1,9,0,5,0,4,0,0,0,0,1,1,6,3,-1,-1,-1,-1,-1,-1,-1,-1
201523N036552,2,1,0,18,0,8,0,0,0,0,4,1,2,1,48,8,-1,-1,-1,-1,1,-1
201523N036557,1,9,0,9,0,6,0,0,0,0,1,1,6,1,79,11,1398,2,5,-1,1,-1
201523N036557,2,5,0,17,0,8,0,0,0,0,4,1,2,1,48,8,1000,1,28,-1,1,-1
201523N036566,1,9,0,18,0,0,0,0,0,0,1,1,2,1,40,7,1242,1,15,-1,1,-1
201523N036566,2,9,0,3,0,0,0,0,0,0,2,1,2,2,33,6,1598,1,1,-1,1,-1
201523N036566,3,9,0,3,0,0,0,0,0,0,2,1,2,1,46,8,2179,2,2,-1,3,-1
201523N036571,1,19,0,18,0,2,0,0,0,0,1,1,6,1,31,6,2298,2,3,-1,-1,-1
201523N036571,2,9,0,3,0,2,0,0,0,0,2,1,6,2,35,6,2179,2,8,-1,1,-1
201523N036571,3,9,0,3,0,2,0,0,0,0,2,1,6,1,53,8,1956,2,4,-1,1,-1
201523N036572,1,9,0,9,0,6,0,0,8,4,4,1,2,1,41,7,998,1,2,-1,1,-1
201523N036572,2,9,0,18,0,8,0,0,0,0,1,1,2,2,34,6,1468,1,9,-1,1,-1
201523N036606,1,9,0,13,0,1,0,0,0,0,0,1,6,1,-1,-1,-1,-1,-1,-1,-1,-1
201523N036606,2,9,0,18,0,1,1,10,0,0,1,1,6,1,20,4,1596,1,15,-1,3,-1
201523N036611,1,9,0,18,0,0,0,0,0,0,1,1,6,1,48,8,2495,2,14,-1,3,-1
201523N036611,2,1,0,18,0,0,0,0,1,7,2,1,6,1,37,7,-1,-1,-1,-1,1,-1
201523N036615,1,9,0,16,0,0,0,0,0,0,1,1,6,1,67,10,1560,2,4,-1,1,-1
201523N036615,2,1,0,17,0,0,0,0,0,0,3,1,6,1,47,8,-1,-1,-1,-1,1,-1
201523N065277,1,19,0,18,0,0,0,0,0,0,1,1,6,1,-1,-1,-1,-1,-1,-1,-1,-1
201523N065277,2,19,0,18,0,0,0,0,0,0,2,1,1,1,26,6,2148,2,9,-1,1,-1
201523NO35686,1,9,0,17,0,0,0,10,1,2,1,1,2,2,56,9,1598,1,15,-1,1,-1
201523S010004,1,9,0,9,0,6,0,0,0,0,1,1,6,2,29,6,-1,-1,-1,-1,1,-1
201523S010004,2,9,0,18,0,8,0,0,0,0,1,1,6,2,62,9,1598,1,7,-1,3,-1
201523S010006,1,9,0,18,0,0,0,0,0,0,1,1,6,1,18,4,-1,-1,-1,-1,2,-1
201523S010006,2,9,0,18,0,0,0,0,0,0,1,1,6,1,87,11,-1,-1,-1,-1,1,-1
201523S010016,1,21,0,16,0,0,5,0,2,0,4,1,1,1,29,6,7201,2,8,-1,-1,-1
201523S010024,1,3,0,9,0,6,1,0,0,0,4,1,2,1,26,6,125,1,12,-1,1,-1
201523S010028,1,11,0,7,0,5,0,0,0,0,4,1,1,1,37,7,3900,2,9,-1,2,-1
201523S010029,1,9,0,16,0,0,2,0,2,0,1,1,6,1,28,6,1796,1,15,-1,1,-1
201523S010029,2,9,0,4,0,0,0,0,0,0,1,1,6,1,49,8,1968,2,3,-1,1,-1
201523S010035,1,9,0,9,0,6,0,0,0,0,1,1,6,2,63,9,1388,1,9,-1,1,-1
201523S010035,2,9,0,18,0,8,1,10,1,10,4,1,3,2,32,6,-1,-1,-1,-1,1,-1
201523S010041,1,9,0,5,0,4,0,0,0,0,1,1,6,2,43,7,-1,3,1,-1,-1,-1
201523S010041,2,1,0,18,0,8,0,0,0,0,4,1,6,1,22,5,-1,-1,-1,-1,3,-1
201523S010044,1,9,0,16,0,0,0,0,0,0,1,1,2,1,29,6,1995,2,9,-1,1,-1
201523S010044,2,9,0,17,0,0,0,0,0,0,1,1,6,2,57,9,-1,-1,-1,-1,1,-1
201523S010044,3,9,0,17,0,0,0,0,0,0,4,1,6,2,30,6,1596,1,1,-1,1,-1
201523S010046,1,9,0,18,0,0,0,0,2,7,1,1,2,2,23,5,-1,-1,-1,-1,1,-1
201523S010047,1,9,0,18,0,1,0,0,0,0,1,1,6,2,52,8,1229,1,2,-1,1,-1
201523S010056,1,9,0,18,0,8,0,0,0,0,4,1,6,1,29,6,1596,1,6,-1,1,-1
201523S010061,1,9,0,9,0,6,0,0,0,0,0,1,6,2,57,9,1595,2,5,-1,1,-1
201523S010061,2,5,0,18,0,8,1,0,0,0,4,1,6,1,25,5,600,1,17,-1,1,-1
201523S010062,1,9,0,9,0,6,0,0,0,0,1,1,2,1,40,7,-1,-1,-1,-1,-1,-1
201523S010062,2,9,0,18,0,1,0,0,0,0,1,1,2,1,39,7,1591,1,3,-1,3,-1
201523S010066,1,9,0,5,0,6,0,0,0,0,3,1,2,2,39,7,1896,2,14,-1,-1,-1
201523S010066,2,1,0,18,0,8,0,0,0,0,1,1,2,1,38,7,-1,-1,-1,-1,1,-1
201523S010070,1,9,0,18,0,1,0,0,0,0,1,1,2,2,54,8,1242,1,8,-1,2,-1
201523S010070,2,9,0,9,0,6,0,0,0,0,3,1,6,2,37,7,-1,-1,-1,-1,2,-1
201523S010074,1,9,0,11,0,0,0,0,0,0,4,1,2,1,39,7,1499,2,2,-1,-1,-1
201523S010074,2,9,0,18,0,0,0,0,0,6,1,1,2,2,21,5,-1,-1,-1,-1,1,-1
201523S010081,1,9,0,17,0,0,2,0,7,10,1,1,6,1,39,7,-1,-1,-1,-1,-1,-1
201523S010087,1,19,0,5,0,0,0,0,0,0,0,1,6,1,40,7,-1,-1,-1,-1,-1,-1
201523S010090,1,9,0,5,0,6,0,0,0,0,4,1,6,2,20,4,1390,1,11,-1,1,-1
201523S010090,2,9,0,5,0,8,0,0,0,0,1,1,6,1,46,8,1997,2,3,-1,1,-1
201523S010091,1,9,0,18,0,6,1,0,0,0,3,1,6,1,42,7,-1,-1,-1,-1,1,-1
201523S010091,2,9,0,18,0,1,0,0,0,0,1,1,6,2,40,7,1598,1,9,-1,1,-1
201523S010121,1,9,0,7,0,6,0,0,0,0,1,1,6,2,28,6,-1,-1,-1,-1,-1,-1
201523S010121,2,1,0,18,0,8,0,0,0,0,2,1,1,1,31,6,-1,-1,-1,-1,1,-1
201523S010135,1,9,0,9,0,5,0,0,0,0,1,1,6,1,22,5,1390,1,11,-1,1,-1
201523S010135,2,1,0,18,0,8,0,0,0,0,1,1,6,1,52,8,-1,-1,-1,-1,1,-1
201523S010136,1,9,0,5,0,6,0,0,0,0,1,1,6,1,40,7,2179,2,1,-1,-1,-1
201523S010136,2,9,0,18,0,8,0,0,0,0,3,1,2,1,47,8,1598,1,11,-1,1,-1
201523S010142,1,9,0,18,0,2,0,0,0,0,1,1,6,1,47,8,2435,1,16,-1,2,-1
201523S010143,1,19,0,18,0,0,0,0,6,6,1,1,1,1,47,8,1560,2,1,-1,1,-1
201523S010143,2,19,0,4,0,0,0,0,0,0,2,1,1,1,16,4,-1,-1,-1,-1,1,-1
201523S010148,1,9,0,13,0,0,0,0,0,0,4,1,2,1,28,6,1968,1,9,-1,1,-1
201523S010148,2,1,0,18,0,0,0,0,1,0,3,1,2,1,45,7,-1,-1,-1,-1,3,-1
201523S010149,1,8,0,9,0,5,0,0,0,0,1,1,1,1,45,7,-1,-1,-1,-1,-1,-1
201523S010149,2,1,0,18,0,1,0,0,0,0,1,1,2,1,63,9,-1,-1,-1,-1,1,-1
201523S010156,1,9,0,9,0,5,0,0,0,0,4,1,1,2,26,6,1360,1,12,-1,1,-1
201523S010156,2,1,0,18,0,8,0,0,0,0,1,1,2,1,35,6,-1,-1,-1,-1,1,-1
201523S010157,1,19,0,18,0,8,0,0,0,0,1,1,1,1,46,8,2300,2,10,-1,1,-1
201523S010157,2,9,0,9,0,6,0,0,0,0,3,1,6,2,20,4,998,1,1,-1,1,-1
201523S010160,1,9,0,18,0,2,0,0,0,0,4,1,6,3,-1,-1,-1,-1,-1,-1,-1,-1
201523S010170,1,9,0,18,0,6,0,0,0,0,1,1,6,2,65,9,-1,-1,-1,-1,1,-1
201523S010170,2,9,0,18,0,8,0,4,0,0,3,1,1,1,53,8,-1,-1,-1,-1,1,-1
201523S010170,3,9,0,2,0,2,0,0,0,0,1,1,6,1,44,7,996,1,5,-1,1,-1
201523S010170,4,9,0,2,0,2,0,0,0,0,4,1,6,2,31,6,998,1,5,-1,1,-1