Accident_Index,Vehicle_Reference,Vehicle_Type,Towing_and_Articulation,Vehicle_Manoeuvre,Vehicle_Location-Restricted_Lane,Junction_Location,Skidding_and_Overturning,Hit_Object_in_Carriageway,Vehicle_Leaving_Carriageway,Hit_Object_off_Carriageway,1st_Point_of_Impact,Was_Vehicle_Left_Hand_Drive?,Journey_Purpose_of_Driver,Sex_of_Driver,Age_of_Driver,Age_Band_of_Driver,Engine_Capacity_(CC),Propulsion_Code,Age_of_Vehicle,Driver_IMD_Decile,Driver_Home_Area_Type,Vehicle_IMD_Decile
201523S010789,4,9,0,3,0,1,0,0,0,0,2,1,6,2,34,6,1968,2,-1,-1,1,-1
201523S010790,1,9,0,18,0,5,0,0,0,0,1,1,6,2,61,9,-1,-1,-1,-1,1,-1
201523S010790,2,1,0,18,0,8,0,0,0,0,4,1,6,1,52,8,-1,-1,-1,-1,1,-1
201523S010796,1,9,0,5,0,6,0,10,1,1,1,1,2,2,31,6,1797,8,5,-1,1,-1
201523S010796,2,1,0,18,0,8,0,0,0,0,3,1,2,1,24,5,-1,-1,-1,-1,1,-1
201523S010796,3,9,0,10,0,1,0,0,0,1,1,1,2,2,50,8,1973,1,14,-1,1,-1
201523S010798,1,9,0,7,0,4,0,0,0,0,1,1,6,2,32,6,1781,1,13,-1,1,-1
201523S010798,2,9,0,17,0,8,0,0,0,0,4,1,6,1,44,7,-1,-1,-1,-1,-1,-1
201523S010799,1,1,0,18,0,4,0,0,0,0,3,1,6,1,20,4,-1,-1,-1,-1,-1,-1
201523S010799,2,9,0,9,0,8,0,0,0,0,4,1,6,2,56,9,599,1,14,-1,1,-1
201523S010803,1,9,0,18,0,1,0,0,0,0,4,1,6,1,25,5,1229,1,2,-1,1,-1
201523S010820,1,9,0,9,0,5,0,0,0,0,1,1,6,1,43,7,1108,1,6,-1,-1,-1
201523S010820,2,1,0,18,0,8,0,0,0,0,1,1,2,1,29,6,-1,-1,-1,-1,1,-1
201523S010824,1,9,0,18,0,0,0,10,1,11,4,1,6,2,81,11,1108,1,5,-1,1,-1
201523S010824,2,19,0,2,0,0,0,4,0,0,2,1,1,3,-1,-1,2148,2,6,-1,-1,-1
201523S010824,3,19,0,2,0,0,0,4,0,0,2,1,1,3,-1,-1,2148,2,8,-1,-1,-1
201523S010826,1,9,0,17,0,0,2,0,1,10,1,1,2,2,45,7,1149,1,8,-1,1,-1
201523S010841,1,9,0,13,0,0,0,0,0,0,1,1,6,1,23,5,2979,1,-1,-1,1,-1
201523S010842,1,9,0,9,0,6,0,0,0,0,1,1,6,1,69,10,1499,2,-1,-1,-1,-1
201523S010842,2,9,0,18,0,8,0,10,7,11,4,1,6,1,75,10,1985,1,14,-1,3,-1
201523S010843,1,9,0,4,0,1,0,0,0,0,1,1,2,2,23,5,1598,1,3,-1,1,-1
201523S010843,2,9,0,3,0,1,0,0,0,0,2,1,6,2,53,8,1422,2,10,-1,2,-1
201523S010845,1,9,0,16,0,0,5,0,1,9,1,1,2,2,23,5,1242,1,14,-1,1,-1
201523S010846,1,9,0,16,0,0,0,0,1,9,1,1,6,2,18,4,1229,1,5,-1,1,-1
201523S010851,1,9,0,4,0,0,0,0,0,0,1,1,6,1,25,5,1398,1,12,-1,3,-1
201523S010854,1,9,0,18,0,0,5,0,1,7,1,1,6,2,30,6,1149,1,15,-1,1,-1
201523S010855,1,5,0,13,0,0,0,0,1,0,1,1,2,1,33,6,954,1,13,-1,1,-1
201523S010855,2,9,0,18,0,0,0,0,0,0,3,1,6,1,48,8,1596,1,10,-1,1,-1
201523S010863,1,9,0,18,0,0,0,10,7,10,1,1,2,2,18,4,998,1,12,-1,2,-1
201523S010863,2,9,0,2,0,0,0,10,1,10,2,1,2,2,20,4,1242,1,12,-1,2,-1
201523S010871,1,9,0,18,0,8,0,0,0,0,1,1,6,1,49,8,2495,2,20,-1,2,-1
201523S010871,2,9,0,3,0,8,0,0,0,0,2,1,6,1,61,9,1598,1,6,-1,2,-1
201523S010873,1,8,0,1,0,0,0,0,0,0,2,1,1,1,-1,-1,-1,-1,-1,-1,-1,-1
201523S010875,1,9,0,9,0,6,0,0,0,0,1,1,6,1,76,11,1968,2,2,-1,1,-1
201523S010875,2,9,0,18,0,8,0,0,0,0,1,1,2,2,38,7,1242,1,13,-1,1,-1
201523S010877,1,9,0,6,0,8,0,0,0,0,3,1,6,2,69,10,1329,1,-1,-1,1,-1
201523S010877,2,9,0,18,0,8,0,0,1,4,1,1,6,2,48,8,1968,2,8,-1,2,-1
201523S010878,1,90,0,18,9,2,0,0,0,0,1,1,6,1,71,10,-1,-1,-1,-1,1,-1
201523S010884,1,3,0,18,0,0,1,0,0,0,1,1,6,1,32,6,124,1,12,-1,1,-1
201523S010884,2,9,0,18,0,0,0,0,0,0,1,1,6,1,48,8,1242,1,1,-1,2,-1
201523S010890,1,9,0,17,0,0,0,4,0,0,1,1,6,1,28,6,2494,1,17,-1,3,-1
201523S010890,2,9,0,2,0,0,0,0,0,0,2,1,6,1,54,8,1968,2,2,-1,1,-1
201523S010896,1,9,0,18,0,8,0,0,0,0,1,1,6,2,20,4,1360,1,12,-1,1,-1
201523S010896,2,9,0,10,0,8,0,0,0,0,2,1,6,2,38,7,-1,-1,-1,-1,-1,-1
201523S010896,3,9,0,18,0,8,0,0,0,0,1,1,6,1,21,5,-1,-1,-1,-1,-1,-1
201523S010898,1,11,0,4,0,0,0,0,0,0,4,1,1,1,60,9,6700,2,3,-1,-1,-1
201523S010900,1,9,0,7,0,6,0,0,0,0,4,1,6,3,-1,-1,-1,-1,-1,-1,-1,-1
201523S010900,2,1,0,18,0,8,0,0,0,0,1,1,2,1,16,4,-1,-1,-1,-1,1,-1
201523S010904,1,9,0,4,0,1,0,0,0,0,1,1,6,1,35,6,2993,2,9,-1,1,-1
201523S010904,2,9,0,10,0,1,0,0,0,0,2,1,6,2,18,4,1242,1,2,-1,2,-1
201523S010907,1,19,0,9,0,6,0,0,0,0,0,1,6,3,-1,-1,-1,-1,-1,-1,-1,-1
201523S010907,2,9,0,18,0,8,0,0,7,3,3,1,1,1,30,6,1910,2,10,-1,1,-1
201523S010911,1,3,0,18,0,0,0,12,0,0,1,1,6,1,45,7,-1,-1,-1,-1,1,-1
201523S010915,1,9,0,18,0,0,5,4,7,0,4,1,2,1,25,5,1360,1,12,-1,2,-1
201523S010915,2,9,0,2,0,0,0,0,0,0,1,1,6,2,28,6,1360,1,10,-1,1,-1
201523S010915,3,9,0,2,0,0,0,0,0,0,2,1,6,1,23,5,1781,1,14,-1,-1,-1
201523S010919,1,9,0,5,0,1,0,0,0,0,4,1,6,1,33,6,1388,1,6,-1,1,-1
201523S010923,1,5,0,18,0,0,1,0,0,0,3,1,6,1,27,6,599,1,-1,-1,3,-1
201523S010931,1,9,0,18,0,0,0,0,0,0,1,1,6,3,-1,-1,-1,-1,-1,-1,-1,-1
201523S010933,1,9,0,9,0,6,0,0,0,0,1,1,6,1,69,10,2495,2,11,-1,1,-1
201523S010933,2,5,0,18,0,8,0,0,0,0,1,1,2,1,25,5,750,1,1,-1,1,-1
201523S010935,1,5,0,9,0,6,0,0,0,0,4,1,6,1,63,9,919,1,13,-1,1,-1
201523S010937,1,9,0,9,0,5,0,0,0,0,1,1,6,1,27,6,1560,2,8,-1,1,-1
201523S010937,2,9,0,18,0,8,0,0,0,0,1,1,6,2,51,8,1598,2,2,-1,3,-1
201523S010937,3,9,0,3,0,1,0,0,0,0,1,1,6,1,55,8,1598,1,5,-1,2,-1
201523S010953,1,9,0,9,0,6,0,0,0,0,3,1,2,2,20,4,1360,1,9,-1,1,-1
201523S010953,2,9,0,9,0,5,0,0,0,0,3,1,6,1,40,7,-1,-1,-1,-1,-1,-1
201523S010954,1,9,0,17,0,2,1,0,0,0,1,1,6,1,19,4,1389,1,13,-1,1,-1
201523S010954,2,19,0,14,0,2,0,0,0,0,1,1,1,1,56,9,2500,2,11,-1,1,-1
201523S010958,1,9,0,9,0,1,0,0,0,0,4,1,6,2,29,6,1796,1,15,-1,1,-1
201523S010958,2,1,0,15,4,1,0,0,0,0,1,1,2,2,29,6,-1,-1,-1,-1,1,-1
201523S010962,1,9,0,9,0,6,0,0,0,0,3,1,2,1,54,8,1388,1,10,-1,3,-1
201523S010962,2,9,0,18,0,1,0,0,0,0,1,1,2,1,54,8,-1,-1,-1,-1,1,-1
201523S010965,1,1,0,9,0,5,0,0,0,0,1,1,6,2,71,10,-1,-1,-1,-1,1,-1
201523S010972,1,9,0,18,0,0,0,0,0,0,1,1,6,2,68,10,1200,1,-1,-1,-1,-1
201523S010972,2,9,0,4,0,0,0,0,0,0,2,1,6,2,44,7,1596,1,1,-1,1,-1
201523S010974,1,9,0,5,0,1,0,0,0,0,1,1,6,2,22,5,1197,1,2,-1,1,-1
201523S010979,1,9,0,9,0,5,0,0,0,0,1,1,6,3,-1,-1,-1,-1,-1,-1,-1,-1
201523S010979,2,1,0,4,0,1,0,0,0,0,1,1,6,1,24,5,-1,-1,-1,-1,1,-1
201523S010983,1,9,0,18,0,1,0,4,0,0,3,1,6,1,26,6,1997,2,3,-1,1,-1
201523S010983,2,9,0,2,0,1,0,0,0,0,4,1,6,1,25,5,2967,2,7,-1,1,-1
201523S010988,1,9,0,18,0,0,0,0,0,0,1,1,6,3,-1,-1,-1,-1,-1,-1,-1,-1
201523S010988,2,9,0,18,0,0,0,0,0,0,3,1,6,1,73,10,1399,2,12,-1,-1,-1
201523S010997,1,9,0,5,0,4,0,0,0,0,1,1,6,2,59,9,1299,1,7,-1,1,-1
201523S010997,2,9,0,4,0,4,0,0,0,0,2,1,6,3,-1,-1,1598,1,13,-1,-1,-1
201523S011002,1,9,0,5,0,6,0,0,0,0,1,1,6,1,73,10,2000,1,17,-1,2,-1
201523S011002,2,5,0,18,0,8,1,0,0,0,3,1,6,1,24,5,599,1,11,-1,-1,-1
201523S011003,1,9,0,9,0,6,0,0,0,0,3,1,6,1,80,11,1388,1,10,-1,2,-1
201523S011003,2,9,0,18,0,8,0,0,0,0,1,1,6,2,24,5,899,1,19,-1,3,-1
201523S011005,1,4,0,18,0,2,0,0,0,0,1,1,2,1,33,6,125,1,-1,-1,1,-1
201523S011005,2,1,0,18,0,6,0,0,0,0,1,1,2,1,20,4,-1,-1,-1,-1,1,-1
201523S011009,1,9,0,7,0,6,0,0,0,0,1,1,6,2,20,4,1299,1,12,-1,1,-1
201523S011009,2,19,0,18,0,8,0,0,0,0,4,1,1,1,26,6,-1,-1,-1,-1,1,-1
201523S011010,1,9,0,9,0,6,0,0,0,0,1,1,6,1,33,6,1398,1,-1,-1,-1,-1
201523S011010,2,9,0,18,0,8,0,0,0,0,1,1,6,1,81,11,-1,-1,-1,-1,1,-1
201523S011020,1,8,0,18,0,0,0,0,0,0,1,1,1,1,63,9,-1,-1,-1,-1,1,-1
201523S011023,1,1,0,18,0,0,0,0,0,0,1,1,6,2,65,9,-1,-1,-1,-1,1,-1
201523S011023,2,1,0,18,0,0,0,0,0,0,3,1,6,2,59,9,-1,-1,-1,-1,3,-1
201523S011023,3,1,0,18,0,0,0,0,0,0,2,1,6,2,56,9,-1,-1,-1,-1,-1,-1
201523S011024,1,9,0,5,0,0,0,0,0,0,3,1,1,1,44,7,-1,-1,-1,-1,-1,-1
201523S011024,2,5,0,13,0,0,0,0,7,0,4,1,6,1,29,6,1052,1,16,-1,3,-1
201523S011026,1,9,0,9,0,6,0,0,0,0,3,1,6,2,36,7,1390,1,15,-1,1,-1
201523S011026,2,9,0,18,0,8,0,0,0,0,1,1,6,1,71,10,998,1,3,-1,3,-1
201523S011026,3,9,0,18,0,8,0,0,0,0,1,1,1,2,35,6,1598,2,-1,-1,1,-1
201523S011035,1,10,0,18,0,4,0,0,0,0,1,1,6,1,40,7,2198,2,-1,-1,-1,-1
201523S011035,2,3,0,18,0,8,0,0,0,0,4,1,6,1,24,5,124,1,1,-1,1,-1
201523S011039,1,9,0,18,0,1,0,0,0,0,1,1,6,1,28,6,1896,2,11,-1,-1,-1
201523S011039,2,9,0,3,0,1,0,0,0,0,2,1,6,1,60,9,998,1,13,-1,-1,-1
201523S011042,1,9,0,18,0,0,0,0,0,0,1,1,6,1,20,4,1896,2,10,-1,1,-1
201523S011042,2,9,0,4,0,0,0,0,0,0,2,1,6,1,50,8,2987,2,9,-1,1,-1
201523S011042,3,9,0,18,0,0,0,0,0,0,3,1,6,1,45,7,1999,1,5,-1,2,-1
201523S011044,1,9,0,9,0,5,0,0,0,0,4,1,6,2,27,6,-1,-1,-1,-1,-1,-1
201523S011044,2,9,0,17,0,8,0,0,0,0,1,1,6,2,47,8,1242,1,18,-1,1,-1
201523S011052,1,9,0,13,0,0,0,0,0,0,4,1,6,1,65,9,505,1,8,-1,1,-1
201523S011052,2,1,0,18,0,0,0,0,0,0,3,1,6,2,26,6,-1,-1,-1,-1,1,-1
201523S011056,1,9,0,18,0,3,0,0,0,0,1,1,6,1,18,4,-1,-1,-1,-1,-1,-1
201523S011056,2,1,0,18,0,8,0,0,0,0,1,1,6,1,39,7,-1,-1,-1,-1,1,-1
201523S011065,1,19,0,18,0,0,0,0,0,0,1,1,1,1,50,8,2299,2,2,-1,3,-1
201523S011065,2,9,0,4,0,0,0,0,0,0,2,1,6,1,32,6,1984,1,1,-1,1,-1
201523S011065,3,9,0,4,0,0,0,0,0,0,2,1,6,2,30,6,1248,1,2,-1,1,-1
201523S011065,4,9,0,4,0,0,0,0,0,0,2,1,6,1,27,6,1332,1,8,-1,1,-1
201523S011068,1,1,0,18,0,8,0,0,0,0,1,1,2,1,23,5,-1,-1,-1,-1,1,-1
201523S011068,2,9,0,9,0,5,0,0,0,0,4,1,2,2,54,8,1388,1,11,-1,1,-1
201523S011071,1,9,0,13,0,0,2,0,1,1,1,1,2,2,21,5,1248,2,7,-1,3,-1
201523S011073,1,9,0,9,0,8,0,0,0,0,4,1,6,1,19,4,1968,2,10,-1,3,-1
201523S011073,2,9,0,18,0,1,1,0,0,0,1,1,6,2,21,5,1299,1,11,-1,1,-1
201523S011080,1,9,0,9,0,5,0,0,0,0,1,1,6,1,19,4,1149,1,17,-1,1,-1
201523S011080,2,9,0,18,0,8,2,0,1,0,1,1,6,1,19,4,1275,1,23,-1,3,-1
201523S011088,1,9,0,9,0,5,0,0,0,0,1,1,6,1,73,10,1900,2,10,-1,1,-1
201523S011088,2,9,0,18,0,1,0,0,0,0,1,1,6,1,82,11,-1,-1,-1,-1,3,-1
201523S011089,1,11,0,6,0,8,0,10,0,0,0,1,1,2,44,7,4580,2,6,-1,1,-1
201523S011113,1,9,0,18,0,0,0,0,0,0,4,1,6,1,40,7,2987,2,7,-1,1,-1
201523S011120,1,9,0,7,0,5,0,0,0,0,4,1,6,2,38,7,1910,2,9,-1,3,-1
201523S011120,2,1,0,4,0,1,0,0,0,0,1,1,2,1,53,8,-1,-1,-1,-1,1,-1
201523S011128,1,9,0,18,0,8,0,0,0,0,1,1,2,1,34,6,1995,2,1,-1,1,-1
201523S011128,2,9,0,3,0,8,0,0,0,0,2,1,2,1,43,7,2496,1,11,-1,1,-1
201523S011128,3,9,0,10,0,8,0,0,0,0,2,1,1,1,35,6,2993,2,3,-1,3,-1
201523S011133,1,9,0,18,0,0,0,0,0,0,4,1,6,1,70,10,1242,1,-1,-1,2,-1
201523S011151,1,9,0,17,0,2,0,10,2,2,1,1,6,1,23,5,-1,-1,-1,-1,1,-1
201523S011176,1,9,0,9,0,0,0,0,0,0,3,1,6,1,65,9,1686,2,11,-1,-1,-1
201523S011176,2,1,0,14,0,0,0,0,0,0,4,1,6,1,52,8,-1,-1,-1,-1,-1,-1
201523S012222,1,9,0,18,0,0,1,0,1,7,1,1,6,2,44,7,1598,1,8,-1,2,-1
201523S020228,1,9,0,18,0,2,0,0,0,0,1,1,1,2,70,10,2400,2,1,-1,-1,-1
201523S020228,2,9,0,18,0,1,0,0,0,0,1,1,1,1,43,7,1198,1,4,-1,1,-1
201523S020539,1,9,0,18,0,4,0,0,0,0,1,1,1,2,47,8,1686,2,11,-1,3,-1
201523S020539,2,9,0,18,0,8,0,0,0,0,2,1,1,2,52,8,1242,1,1,-1,1,-1
201523S020539,3,9,0,18,0,8,0,0,0,0,2,1,6,1,48,8,1199,1,12,-1,1,-1
201523S020858,1,5,0,13,0,0,0,0,0,0,3,1,6,1,25,5,1585,1,4,-1,3,-1
201523S020858,2,19,0,18,0,0,0,0,0,0,3,1,1,1,33,6,-1,-1,-1,-1,-1,-1
201523S023043,1,9,0,18,0,0,1,0,1,3,1,1,6,1,36,7,-1,-1,-1,-1,2,-1
201523S030007,1,21,0,17,0,0,2,0,1,4,4,1,1,1,56,9,-1,-1,-1,-1,-1,-1
201523S030014,1,9,0,18,0,4,0,0,0,0,3,1,6,2,74,10,1560,2,1,-1,2,-1
201523S030014,2,1,0,18,0,8,0,0,0,0,4,1,6,1,32,6,-1,-1,-1,-1,2,-1
201523S030015,1,2,0,4,0,1,1,0,0,0,4,1,2,1,16,4,49,2,1,-1,-1,-1
201523S030020,1,9,0,9,0,6,0,0,0,0,3,1,2,2,25,5,1149,1,7,-1,2,-1
201523S030020,2,3,0,18,0,8,0,0,0,0,1,1,6,1,58,9,125,1,1,-1,3,-1
201523S030021,1,19,0,4,0,0,1,0,0,0,1,1,1,1,25,5,1753,2,13,-1,1,-1
201523S030021,2,21,0,4,0,0,1,0,1,0,1,1,1,1,62,9,12580,2,9,-1,1,-1
201523S030022,1,9,0,18,0,2,0,0,0,0,4,1,6,2,62,9,1390,1,5,-1,3,-1
201523S030031,1,9,0,5,0,6,0,0,0,0,3,1,6,1,22,5,1400,1,15,-1,1,-1
201523S030031,2,1,0,18,0,8,0,0,0,0,1,1,6,1,78,11,-1,-1,-1,-1,1,-1
201523S030033,1,9,0,18,0,0,0,0,0,0,1,1,2,2,25,5,1242,1,3,-1,1,-1
201523S030033,2,19,0,9,0,0,0,0,0,0,2,1,1,1,33,6,1753,2,12,-1,3,-1
201523S030034,1,9,0,5,0,6,0,0,1,0,1,1,2,1,74,10,-1,-1,-1,-1,3,-1
201523S030034,2,9,0,18,0,8,0,0,0,0,1,1,2,1,26,6,1968,2,7,-1,3,-1
201523S030045,1,19,0,7,0,5,0,0,0,0,1,1,1,1,32,6,2143,2,4,-1,-1,-1
201523S030049,1,9,0,18,0,0,0,0,0,0,4,1,2,1,53,8,1598,2,1,-1,1,-1
201523S030058,1,2,0,4,0,0,1,10,0,0,4,1,6,1,17,4,46,1,7,-1,3,-1
201523S030060,1,11,0,17,0,0,1,0,1,9,4,1,3,1,24,5,11630,2,16,-1,1,-1
201523S030073,1,9,0,13,0,1,2,0,7,10,1,1,2,2,55,8,-1,-1,-1,-1,3,-1
201523S030073,2,9,0,7,0,6,0,0,0,0,3,1,2,1,57,9,1560,2,5,-1,2,-1
201523S030076,1,19,0,9,0,5,0,0,0,0,1,1,1,1,28,6,-1,-1,-1,-1,1,-1
201523S030076,2,9,0,18,0,1,0,0,0,0,1,1,2,1,56,9,-1,-1,-1,-1,3,-1
201523S030076,3,9,0,10,0,1,0,0,0,0,1,1,1,1,41,7,2179,2,1,-1,2,-1
201523S030076,4,9,0,18,0,1,0,0,0,0,3,1,2,1,24,5,2179,2,8,-1,3,-1
201523S030079,1,9,0,18,0,1,0,0,0,0,1,1,6,1,22,5,-1,-1,-1,-1,1,-1
201523S030079,2,9,0,10,0,8,0,0,0,0,2,1,6,2,46,8,1598,1,7,-1,2,-1
201523S030079,3,9,0,18,0,8,0,0,0,0,3,1,6,2,52,8,2179,2,1,-1,3,-1
201523S030082,1,9,0,4,0,1,1,0,0,0,1,1,6,1,45,7,1997,2,7,-1,-1,-1
201523S030082,2,9,0,3,0,1,0,0,0,0,2,1,6,1,49,8,1586,1,7,-1,3,-1
201523S030083,1,9,0,18,0,0,0,0,0,0,1,1,2,2,19,4,-1,-1,-1,-1,1,-1
201523S030083,2,9,0,3,0,0,0,0,0,0,2,1,3,1,68,10,1968,2,5,-1,2,-1
201523S030083,3,9,0,3,0,0,0,0,0,0,2,1,2,2,48,8,2179,2,2,-1,3,-1
201523S030094,1,9,0,18,0,0,0,0,0,0,1,1,2,1,38,7,-1,-1,-1,-1,1,-1
201523S030094,2,9,0,4,0,0,0,0,0,0,2,1,6,2,47,8,1587,1,11,-1,2,-1
201523S030094,3,9,0,4,0,0,0,0,0,0,2,1,6,1,51,8,2799,1,16,-1,-1,-1
201523S030094,4,9,0,4,0,0,0,0,0,0,2,1,6,2,26,6,1975,1,9,-1,2,-1
201523S030095,1,9,0,18,0,0,0,0,0,0,4,1,6,3,-1,-1,-1,-1,-1,-1,-1,-1
201523S030104,1,9,0,18,0,1,0,0,0,0,1,1,6,2,30,6,1360,1,3,-1,2,-1
201523S030104,2,9,0,9,0,8,0,0,0,0,2,1,6,1,71,10,-1,-1,-1,-1,2,-1
201523S030112,1,1,0,18,0,6,0,0,0,0,1,1,6,1,49,8,-1,-1,-1,-1,1,-1
201523S030112,2,9,0,18,0,8,0,0,0,0,4,1,6,1,41,7,2494,1,11,-1,1,-1
201523S030113,1,19,0,18,0,0,0,0,0,0,1,1,1,1,34,6,2143,2,3,-1,-1,-1
201523S030113,2,9,0,3,0,0,0,0,0,0,2,1,1,2,43,7,1997,2,1,-1,1,-1
201523S030116,1,9,0,16,0,0,0,0,0,0,1,1,6,1,88,11,-1,-1,-1,-1,1,-1
201523S030116,2,9,0,17,0,0,0,0,0,0,1,1,6,1,69,10,1461,2,1,-1,3,-1
201523S030120,1,9,0,5,0,6,0,0,7,10,3,1,6,2,29,6,1598,2,5,-1,1,-1
201523S030120,2,9,0,18,0,1,1,0,0,0,1,1,6,1,28,6,-1,-1,-1,-1,3,-1
201523S030122,1,9,0,18,0,0,0,0,7,10,1,1,2,1,17,4,-1,-1,-1,-1,2,-1
201523S030122,2,9,0,18,0,0,0,0,0,0,1,1,2,1,51,8,2671,1,12,-1,1,-1
201523S030123,1,19,0,5,0,6,0,0,0,0,1,1,1,1,28,6,1248,2,8,-1,-1,-1
201523S030123,2,19,0,17,0,8,0,0,0,0,4,1,1,2,48,8,2188,2,12,-1,3,-1
201523S030126,1,9,0,17,0,0,2,0,7,0,1,1,6,1,19,4,-1,-1,-1,-1,1,-1
201523S030127,1,9,0,18,0,0,0,0,0,0,1,1,6,1,32,6,1390,1,4,-1,2,-1
201523S030127,2,9,0,4,0,0,0,0,0,0,2,1,6,2,50,8,998,1,-1,-1,3,-1
201523S030129,1,9,0,18,0,0,2,0,1,10,1,1,6,1,80,11,1598,1,8,-1,1,-1
201523S030133,1,19,0,7,0,6,0,0,0,0,4,1,6,1,40,7,1867,2,9,-1,-1,-1
201523S030133,2,9,0,7,0,6,0,0,0,0,3,1,6,1,53,8,1796,1,1,-1,1,-1
201523S030134,1,9,0,18,0,0,2,0,2,9,4,1,6,2,45,7,-1,-1,-1,-1,3,-1
201523S030137,1,19,0,6,0,8,0,0,0,0,3,1,6,1,43,7,-1,-1,-1,-1,2,-1
201523S030137,2,19,0,7,0,6,0,0,7,10,3,1,1,1,25,5,2402,2,11,-1,-1,-1
201523S030151,1,9,0,18,0,0,0,0,7,0,1,1,6,1,27,6,-1,-1,-1,-1,-1,-1
201523S030151,2,9,0,18,0,0,0,0,0,0,1,1,6,2,43,7,-1,-1,-1,-1,1,-1
201523S030153,1,9,0,17,0,0,2,0,7,4,4,1,2,1,35,6,-1,-1,-1,-1,-1,-1
201523S030154,1,9,0,18,0,4,0,0,0,0,1,1,6,2,77,11,1396,1,4,-1,1,-1
201523S030154,2,1,0,18,0,8,0,0,0,0,4,1,6,2,49,8,-1,-1,-1,-1,1,-1
201523S030158,1,1,0,15,0,0,0,6,0,0,4,1,6,1,49,8,-1,-1,-1,-1,1,-1
201523S030158,2,17,4,18,0,0,0,0,0,0,0,1,1,1,19,4,6728,2,5,-1,3,-1
201523S030161,1,9,0,18,0,0,0,0,0,0,1,1,2,1,66,10,1686,2,13,-1,2,-1
201523S030161,2,9,0,3,0,0,0,0,0,0,2,1,6,2,68,10,1560,2,2,-1,3,-1
201523S030161,3,9,0,3,0,0,0,0,0,0,2,1,2,1,73,10,1796,1,6,-1,2,-1
201523S030165,1,5,0,13,0,8,1,0,0,0,1,1,2,1,47,8,599,1,6,-1,2,-1
201523S030165,2,9,0,9,0,5,0,0,0,0,2,1,2,2,36,7,-1,-1,-1,-1,2,-1
201523S030167,1,9,0,9,0,6,0,0,1,0,2,1,6,1,76,11,-1,-1,-1,-1,1,-1
201523S030167,2,9,0,18,0,8,0,0,7,10,1,1,6,1,45,7,2979,1,1,-1,3,-1
201523S030171,1,9,0,18,0,8,0,0,0,0,1,1,6,3,-1,-1,-1,-1,-1,-1,-1,-1
201523S030171,2,9,0,5,0,6,0,0,0,0,2,1,6,1,67,10,2319,1,16,-1,2,-1
201523S030179,1,9,0,9,0,5,0,0,0,0,1,1,6,2,51,8,2171,1,14,-1,1,-1
201523S030179,2,9,0,18,0,8,0,0,0,0,1,1,6,2,28,6,-1,-1,-1,-1,1,-1
201523S030183,1,11,0,13,0,0,0,0,7,9,4,1,1,1,22,5,4580,2,8,-1,1,-1
201523S030183,2,19,0,4,0,0,0,0,7,10,3,1,1,1,50,8,2402,2,8,-1,1,-1
201523S030185,1,9,0,16,0,2,2,0,1,4,3,1,2,2,23,5,1124,1,14,-1,1,-1
201523S030186,1,9,0,16,0,0,0,0,0,0,1,1,6,1,22,5,1124,1,11,-1,1,-1
201523S030186,2,9,0,4,0,0,0,0,0,0,2,1,1,1,58,9,1984,1,4,-1,3,-1
201523S030188,1,9,0,16,0,1,0,0,7,3,1,1,6,1,46,8,1753,2,7,-1,1,-1
201523S030189,1,9,0,11,0,0,0,4,0,0,1,1,6,1,77,11,-1,-1,-1,-1,3,-1
201523S030189,2,9,0,2,0,0,0,0,0,0,2,1,1,1,38,7,2993,2,1,-1,-1,-1
201523S030189,3,9,0,2,0,0,0,0,0,0,0,1,6,1,44,7,-1,-1,-1,-1,3,-1
201523S030189,4,9,0,2,0,0,0,0,0,0,0,1,1,1,38,7,2993,2,3,-1,-1,-1
201523S030199,1,9,0,9,0,6,0,0,0,0,1,1,1,1,30,6,-1,-1,-1,-1,1,-1
201523S030199,2,9,0,18,0,8,5,10,7,10,1,1,2,2,37,7,-1,-1,-1,-1,3,-1
201523S030201,1,9,0,18,0,0,0,6,0,0,4,1,2,2,41,7,1364,1,8,-1,3,-1
201523S030203,1,9,0,5,0,6,0,0,0,0,4,1,6,1,40,7,-1,-1,-1,-1,3,-1
201523S030203,2,9,0,18,0,8,1,0,0,0,1,1,6,2,40,7,-1,-1,-1,-1,-1,-1
201523S030208,1,9,0,9,0,5,0,0,0,0,1,1,1,1,40,7,-1,-1,-1,-1,-1,-1
201523S030208,2,9,0,18,0,1,0,0,0,0,1,1,6,1,44,7,1956,2,3,-1,2,-1
201523S030208,3,9,0,10,0,1,0,0,0,0,3,1,6,1,71,10,1956,2,3,-1,3,-1
201523S030214,1,9,0,17,0,0,0,0,0,0,3,1,6,2,28,6,2776,2,11,-1,-1,-1
201523S030214,2,1,0,16,0,0,0,0,0,0,3,1,2,2,67,10,-1,-1,-1,-1,1,-1
201523S030218,1,8,0,9,0,5,0,0,0,0,4,1,1,1,31,6,1753,2,5,-1,1,-1
201523S030218,2,9,0,18,0,1,0,0,7,0,1,1,6,2,20,4,1242,1,6,-1,2,-1
201523S030219,1,9,0,16,0,0,2,0,8,10,3,1,6,2,31,6,998,1,3,-1,1,-1
201523S030220,1,9,0,9,0,8,0,0,0,0,1,1,2,1,31,6,3724,1,10,-1,3,-1