Accident_Index,Vehicle_Reference,Vehicle_Type,Towing_and_Articulation,Vehicle_Manoeuvre,Vehicle_Location-Restricted_Lane,Junction_Location,Skidding_and_Overturning,Hit_Object_in_Carriageway,Vehicle_Leaving_Carriageway,Hit_Object_off_Carriageway,1st_Point_of_Impact,Was_Vehicle_Left_Hand_Drive?,Journey_Purpose_of_Driver,Sex_of_Driver,Age_of_Driver,Age_Band_of_Driver,Engine_Capacity_(CC),Propulsion_Code,Age_of_Vehicle,Driver_IMD_Decile,Driver_Home_Area_Type,Vehicle_IMD_Decile
201523S030220,2,9,0,18,0,1,0,0,0,0,1,1,2,1,31,6,1598,1,1,-1,1,-1
201523S030231,1,9,0,5,0,6,0,0,0,0,3,1,6,1,68,10,1968,2,6,-1,1,-1
201523S030231,2,9,0,18,0,6,0,0,0,0,1,1,6,1,28,6,1598,1,10,-1,-1,-1
201523S030233,1,9,0,6,0,0,0,0,7,0,3,1,2,2,43,7,-1,-1,-1,-1,1,-1
201523S030233,2,9,0,14,0,0,1,0,0,0,1,1,1,1,28,6,-1,-1,-1,-1,1,-1
201523S030237,1,9,0,17,0,0,2,0,2,9,1,1,6,1,25,5,3498,1,7,-1,-1,-1
201523S030239,1,1,0,16,0,8,0,0,0,0,1,1,6,1,42,7,-1,-1,-1,-1,1,-1
201523S030239,2,9,0,17,0,8,0,0,0,0,1,1,6,2,73,10,-1,-1,-1,-1,3,-1
201523S030240,1,9,0,1,0,6,0,0,7,10,2,1,6,1,84,11,1388,1,10,-1,1,-1
201523S030243,1,9,0,17,0,0,2,7,1,10,4,1,6,1,31,6,998,1,15,-1,3,-1
201523S030246,1,9,0,5,0,6,0,0,0,0,4,1,6,1,48,8,-1,-1,-1,-1,-1,-1
201523S030246,2,1,0,18,0,8,0,0,0,0,1,1,6,1,72,10,-1,-1,-1,-1,1,-1
201523S030249,1,9,0,9,0,6,0,0,0,0,1,1,6,1,72,10,1598,1,7,-1,3,-1
201523S030250,1,9,0,18,0,0,0,6,0,0,3,1,6,1,77,11,-1,-1,-1,-1,-1,-1
201523S030262,1,9,0,13,0,0,1,0,0,0,3,1,2,1,55,8,1998,2,12,-1,1,-1
201523S030262,2,21,1,18,0,0,0,0,0,0,3,1,2,1,46,8,10677,2,1,-1,-1,-1
201523S030262,3,9,0,18,0,0,0,0,0,0,3,1,2,1,28,6,1560,2,6,-1,2,-1
201523S030262,4,21,1,18,0,0,0,0,0,0,3,1,1,1,43,7,11946,2,10,-1,1,-1
201523S030262,5,19,0,18,0,0,0,0,0,0,1,1,1,1,41,7,1399,2,6,-1,1,-1
201523S030262,6,9,0,18,0,0,0,0,0,0,1,1,1,2,35,6,1968,2,1,-1,1,-1
201523S030263,1,9,0,17,0,0,5,0,7,9,1,1,1,1,31,6,1560,2,10,-1,-1,-1
201523S030264,1,9,0,17,0,0,5,10,7,4,4,1,2,2,20,4,-1,-1,-1,-1,3,-1
201523S030266,1,9,0,5,0,6,0,0,0,0,4,1,6,1,48,8,1781,1,14,-1,3,-1
201523S030266,2,9,0,18,0,8,0,0,1,0,1,1,6,1,58,9,998,1,10,-1,1,-1
201523S030270,1,4,0,4,0,0,1,0,0,0,3,1,2,1,18,4,125,1,-1,-1,2,-1
201523S030284,1,9,0,18,0,8,1,0,0,0,1,1,6,1,27,6,1998,1,23,-1,3,-1
201523S030284,2,9,0,9,0,6,0,0,0,0,3,1,6,2,24,5,-1,-1,-1,-1,3,-1
201523S030286,1,9,0,9,0,5,0,0,0,0,1,1,6,1,19,4,-1,-1,-1,-1,1,-1
201523S030286,2,9,0,18,0,8,0,0,0,0,1,1,6,1,26,6,-1,-1,-1,-1,1,-1
201523S030287,1,9,0,18,0,0,0,0,0,0,1,1,6,1,39,7,999,1,1,-1,-1,-1
201523S030287,2,9,0,18,0,0,0,0,1,0,1,1,1,2,30,6,998,1,2,-1,3,-1
201523S030315,1,9,0,17,0,0,2,0,2,9,1,1,6,1,17,4,1390,1,14,-1,1,-1
201523S030322,1,9,0,18,0,6,0,0,0,0,3,1,6,1,73,10,1968,2,1,-1,2,-1
201523S030322,2,9,0,18,0,8,1,0,0,0,1,1,2,1,29,6,2979,1,10,-1,1,-1
201523S030325,1,9,0,18,0,1,0,0,0,0,1,1,6,3,-1,-1,-1,-1,-1,-1,-1,-1
201523S030325,2,9,0,3,0,1,0,0,3,0,2,1,6,2,45,7,1995,2,2,-1,3,-1
201523S030327,1,9,0,18,0,0,0,0,0,0,1,1,6,1,69,10,-1,-1,-1,-1,2,-1
201523S030327,2,9,0,18,0,0,0,0,0,0,1,1,6,2,24,5,2000,2,4,-1,1,-1
201523S030329,1,5,0,16,0,0,0,0,0,0,4,1,6,1,50,8,1198,1,1,-1,-1,-1
201523S030330,1,2,0,9,0,6,0,0,0,0,1,1,6,1,31,6,49,1,8,-1,2,-1
201523S030330,2,9,0,18,0,8,0,0,0,0,1,1,6,2,22,5,1395,1,1,-1,1,-1
201523S030339,1,5,0,16,0,4,1,0,0,0,3,1,6,1,58,9,980,1,37,-1,2,-1
201523S030343,1,9,0,18,0,0,1,0,0,0,1,1,6,1,24,5,-1,-1,-1,-1,2,-1
201523S030343,2,9,0,18,0,0,0,0,7,0,1,1,6,1,41,7,1896,2,8,-1,2,-1
201523S030343,3,9,0,3,0,0,0,0,0,0,0,1,6,1,47,8,1997,2,11,-1,1,-1
201523S030343,4,1,0,18,0,0,0,0,0,0,0,1,6,1,42,7,-1,-1,-1,-1,1,-1
201523S030352,1,9,0,18,0,0,0,0,0,0,1,1,6,1,43,7,1598,1,9,-1,1,-1
201523S030352,2,11,0,18,0,0,0,0,0,0,2,1,1,1,66,10,9360,2,2,-1,1,-1
201523S030354,1,9,0,9,0,6,0,0,0,0,1,1,6,2,69,10,1598,1,11,-1,1,-1
201523S030354,2,1,0,18,0,8,0,0,0,0,2,1,4,1,12,3,-1,-1,-1,-1,1,-1
201523S030355,1,1,0,18,0,0,0,0,0,0,3,1,6,2,17,4,-1,-1,-1,-1,1,-1
201523S030355,2,9,0,4,0,0,0,0,0,0,1,1,6,2,32,6,-1,-1,-1,-1,1,-1
201523S030358,1,9,0,13,0,0,0,0,0,0,1,1,2,2,34,6,1360,1,11,-1,3,-1
201523S030358,2,19,0,18,0,0,0,0,0,0,3,1,2,1,24,5,2148,2,8,-1,1,-1
201523S030358,3,9,0,18,0,0,0,0,0,0,1,1,1,2,40,7,1582,2,4,-1,2,-1
201523S030362,1,1,0,9,0,5,0,0,0,0,3,1,6,1,41,7,-1,-1,-1,-1,3,-1
201523S030362,2,5,0,13,0,8,0,0,0,0,4,1,6,1,54,8,981,1,34,-1,2,-1
201523S030374,1,9,0,18,0,1,0,4,0,0,1,1,6,1,37,7,1149,1,17,-1,3,-1
201523S030374,2,9,0,2,0,2,0,0,0,0,1,1,6,1,57,9,1984,1,5,-1,1,-1
201523S030375,1,5,0,16,0,0,1,0,7,0,1,1,6,1,28,6,599,1,11,-1,1,-1
201523S030384,1,9,0,7,0,4,0,0,0,0,3,1,6,1,38,7,2183,2,5,-1,2,-1
201523S030384,2,1,0,18,0,8,0,0,0,0,1,1,6,1,43,7,-1,-1,-1,-1,1,-1
201523S030384,3,1,0,18,0,8,0,0,0,0,1,1,6,1,33,6,-1,-1,-1,-1,2,-1
201523S030384,4,1,0,18,0,8,0,0,0,0,1,1,6,1,45,7,-1,-1,-1,-1,1,-1
201523S030385,1,9,0,9,0,6,0,0,0,0,3,1,3,2,18,4,1299,1,10,-1,2,-1
201523S030385,2,9,0,18,0,8,0,0,0,0,1,1,3,2,41,7,1368,1,8,-1,-1,-1
201523S030391,1,3,0,16,0,0,1,0,0,0,4,1,2,1,29,6,125,1,-1,-1,1,-1
201523S030391,2,9,0,18,0,0,0,0,0,0,3,1,2,1,46,8,1598,1,2,-1,1,-1
201523S030391,3,17,0,17,0,0,0,0,0,0,0,1,1,1,32,6,4400,2,7,-1,3,-1
201523S030391,4,17,4,18,0,0,0,0,0,0,0,1,1,1,66,10,6057,2,5,-1,3,-1
201523S030392,1,20,0,18,0,1,0,0,0,0,1,1,1,1,54,8,3920,2,10,-1,1,-1
201523S030392,2,9,0,10,0,8,0,0,0,0,2,1,6,2,78,11,1984,1,11,-1,3,-1
201523S030393,1,9,0,18,0,0,0,0,0,0,3,1,6,1,85,11,1149,1,4,-1,1,-1
201523S030396,1,9,0,9,0,6,0,0,0,0,1,1,6,1,43,7,1910,2,7,-1,-1,-1
201523S030396,2,1,0,18,0,8,0,0,0,0,1,1,6,1,60,9,-1,-1,-1,-1,1,-1
201523S030398,1,9,0,9,0,5,0,0,0,0,4,1,2,1,27,6,1560,2,4,-1,1,-1
201523S030398,2,9,0,18,0,8,0,0,0,0,1,1,6,1,29,6,2996,1,7,-1,1,-1
201523S030399,1,3,0,18,0,6,0,0,0,0,1,1,2,1,19,4,125,1,13,-1,1,-1
201523S030399,2,21,1,18,0,8,0,0,0,0,1,1,1,1,39,7,12900,2,4,-1,1,-1
201523S030403,1,9,0,16,0,0,2,0,2,1,1,1,2,1,20,4,-1,-1,-1,-1,1,-1
201523S030405,1,9,0,5,0,8,0,0,0,0,3,1,6,1,22,5,1368,1,8,-1,3,-1
201523S030405,2,1,0,14,0,1,0,0,0,0,1,1,6,1,49,8,-1,-1,-1,-1,1,-1
201523S030406,1,5,0,16,0,0,0,0,7,0,3,1,6,1,35,6,1000,1,6,-1,1,-1
201523S030412,1,9,0,17,0,1,2,10,8,4,1,1,6,1,49,8,1796,1,13,-1,2,-1
201523S030413,1,9,0,18,0,6,0,0,0,0,3,1,6,1,83,11,1560,2,9,-1,1,-1
201523S030413,2,9,0,18,0,8,0,0,0,0,1,1,2,2,21,5,999,1,2,-1,1,-1
201523S030416,1,9,0,16,0,8,1,0,8,0,1,1,6,2,52,8,998,1,4,-1,3,-1
201523S030421,1,9,0,6,0,1,0,0,0,0,1,1,3,1,56,9,1985,1,15,-1,3,-1
201523S030421,2,1,0,18,0,1,1,0,0,0,1,1,6,1,58,9,-1,-1,-1,-1,1,-1
201523S030428,1,9,0,18,0,3,0,10,1,2,1,1,6,1,83,11,1591,1,2,-1,2,-1
201523S030432,1,9,0,18,0,0,1,0,7,9,1,1,6,1,29,6,1360,1,9,-1,3,-1
201523S030436,1,9,0,9,0,6,0,0,0,0,1,1,2,2,23,5,1798,1,9,-1,1,-1
201523S030436,2,9,0,18,0,8,0,0,0,0,4,1,2,2,35,6,1896,2,10,-1,1,-1
201523S030442,1,2,0,17,0,0,0,0,1,9,3,1,6,1,16,4,49,1,8,-1,1,-1
201523S030445,1,9,0,18,0,6,0,0,0,0,1,1,6,1,45,7,1596,1,13,-1,3,-1
201523S030445,2,9,0,18,0,8,0,0,0,0,3,1,6,2,68,10,1598,1,13,-1,3,-1
201523S030445,3,9,0,18,0,8,1,0,1,10,1,1,6,2,40,7,1995,1,7,-1,1,-1
201523S030450,1,9,0,4,0,1,0,0,0,0,1,1,6,1,40,7,-1,-1,-1,-1,-1,-1
201523S030463,1,9,0,18,0,8,0,11,0,0,3,1,6,2,66,10,998,1,4,-1,3,-1
201523S030472,1,4,0,16,0,1,0,10,8,10,3,1,6,1,21,5,125,1,8,-1,2,-1
201523S030476,1,21,1,18,0,8,0,0,0,0,1,1,1,1,58,9,11021,2,13,-1,-1,-1
201523S030476,2,9,0,10,0,8,0,0,0,0,2,1,6,2,35,6,1397,1,7,-1,1,-1
201523S030492,1,21,1,18,0,0,0,0,0,0,1,1,1,1,53,8,-1,-1,-1,-1,1,-1
201523S030492,2,9,0,4,0,0,0,0,1,7,2,1,1,1,51,8,-1,-1,-1,-1,1,-1
201523S030492,3,9,0,4,0,0,0,0,7,7,2,1,6,1,62,9,2000,2,11,-1,3,-1
201523S030492,4,9,0,4,0,0,0,0,1,7,2,1,6,2,67,10,-1,-1,-1,-1,-1,-1
201523S030492,5,9,0,4,0,0,0,0,0,0,2,1,6,2,33,6,1461,2,5,-1,1,-1
201523S030492,6,5,0,18,0,0,0,0,0,0,1,1,6,1,26,6,748,1,18,-1,1,-1
201523S030500,1,20,0,18,0,1,0,0,0,0,1,1,1,3,-1,-1,-1,-1,-1,-1,-1,-1
201523S030500,2,19,0,4,0,1,0,0,0,0,2,1,6,1,32,6,2198,2,1,-1,-1,-1
201523S030500,3,9,0,3,0,1,0,0,0,0,2,1,2,2,23,5,1596,1,9,-1,2,-1
201523S030500,4,9,0,3,0,1,0,0,0,0,2,1,6,2,21,5,1560,2,7,-1,-1,-1
201523S030501,1,9,0,18,0,8,0,0,0,0,1,1,6,1,81,11,1596,1,-1,-1,3,-1
201523S030501,2,9,0,9,0,6,0,0,0,0,3,1,6,1,68,10,1388,1,13,-1,1,-1
201523S030505,1,9,0,9,0,6,0,0,0,0,4,1,6,1,60,9,1995,2,-1,-1,1,-1
201523S030505,2,4,0,18,0,8,0,0,0,0,1,1,6,1,48,8,-1,-1,-1,-1,1,-1
201523S030507,1,9,0,5,0,4,0,0,0,0,3,1,6,1,82,11,1598,1,2,-1,3,-1
201523S030507,2,1,0,18,0,8,0,0,0,0,1,1,6,1,37,7,-1,-1,-1,-1,1,-1
201523S030512,1,9,0,16,0,0,1,0,7,10,3,1,2,1,21,5,1596,1,-1,-1,1,-1
201523S030512,2,9,0,18,0,0,0,0,0,0,3,1,6,1,68,10,1587,1,8,-1,1,-1
201523S030517,1,9,0,18,0,6,0,0,0,0,1,1,6,1,22,5,1995,2,10,-1,2,-1
201523S030517,2,9,0,18,0,8,0,0,1,10,3,1,6,1,70,10,1896,2,13,-1,3,-1
201523S030520,1,9,0,7,0,6,0,0,0,0,4,1,6,2,26,6,-1,-1,-1,-1,2,-1
201523S030523,1,9,0,16,0,8,0,0,0,0,0,1,6,1,49,8,2982,2,1,-1,3,-1
201523S030527,1,3,0,16,0,0,1,11,0,0,1,1,6,1,31,6,125,1,-1,-1,2,-1
201523S030527,2,9,0,16,0,0,0,11,0,0,1,1,6,1,37,7,1896,2,12,-1,1,-1
201523S030541,1,9,0,18,0,6,0,0,0,0,1,1,6,2,71,10,1587,1,17,-1,3,-1
201523S030541,2,9,0,18,0,8,0,0,0,0,3,1,2,1,57,9,2993,2,-1,-1,1,-1
201523S030541,3,9,0,8,0,1,0,0,0,0,1,1,2,1,72,10,1560,2,6,-1,1,-1
201523S030546,1,9,0,18,0,6,0,0,0,0,4,1,6,2,38,7,1984,1,12,-1,1,-1
201523S030546,2,9,0,18,0,8,0,0,0,0,1,1,6,2,45,7,1598,2,1,-1,3,-1
201523S030546,3,19,0,3,0,1,0,0,0,0,3,1,6,1,43,7,1995,2,2,-1,3,-1
201523S030549,1,9,0,5,0,6,0,0,0,0,1,1,6,1,64,9,1360,1,12,-1,1,-1
201523S030549,2,9,0,18,0,8,0,0,0,0,4,1,2,1,52,8,1896,2,13,-1,2,-1
201523S030551,1,90,0,18,9,0,0,0,0,0,1,1,6,1,-1,-1,-1,-1,-1,-1,-1,-1
201523S030559,1,9,0,9,0,5,0,0,0,0,1,1,6,1,20,4,1560,2,10,-1,1,-1
201523S030559,2,9,0,18,0,8,0,0,0,0,1,1,6,2,64,9,1995,1,4,-1,1,-1
201523S030570,1,9,0,4,0,1,0,0,0,0,1,1,6,3,-1,-1,1968,2,6,-1,-1,-1
201523S030570,2,1,0,18,0,8,0,0,0,0,4,1,4,2,10,2,-1,-1,-1,-1,1,-1
201523S030572,1,11,0,18,0,0,0,11,0,0,1,1,1,1,66,10,8268,2,14,-1,3,-1
201523S030573,1,9,0,4,0,1,0,0,0,0,1,1,6,1,18,4,1242,1,-1,-1,2,-1
201523S030573,2,4,0,4,0,1,0,0,0,0,2,1,6,1,66,10,650,1,18,-1,1,-1
201523S030573,3,19,0,4,0,8,0,0,0,0,0,1,1,1,39,7,2198,2,2,-1,1,-1
201523S030573,4,9,0,10,0,8,0,0,0,0,0,1,6,1,36,7,1364,1,1,-1,1,-1
201523S030575,1,9,0,9,0,5,0,0,7,0,4,1,6,1,68,10,1398,1,-1,-1,-1,-1
201523S030575,2,9,0,18,0,8,0,0,0,0,1,1,6,2,49,8,1997,2,11,-1,3,-1
201523S030576,1,9,0,16,0,3,1,10,7,2,4,1,6,1,22,5,2926,2,15,-1,1,-1
201523S030581,1,9,0,6,0,6,0,0,0,0,3,1,6,1,20,4,-1,-1,-1,-1,1,-1
201523S030581,2,9,0,18,0,8,0,0,0,0,1,1,6,1,87,11,2496,1,8,-1,3,-1
201523S030585,1,5,0,13,0,1,0,0,1,0,1,1,6,1,42,7,1198,1,3,-1,3,-1
201523S030585,2,9,0,7,0,6,0,0,0,0,1,1,6,1,31,6,1986,2,10,-1,1,-1
201523S030585,3,9,0,18,0,1,0,0,0,0,1,1,6,1,70,10,1560,2,5,-1,1,-1
201523S030591,1,5,0,7,0,6,0,0,0,0,1,1,6,1,51,8,1170,1,1,-1,1,-1
201523S030591,2,9,0,18,0,8,0,0,0,0,3,1,2,2,35,6,1896,2,13,-1,1,-1
201523S030595,1,9,0,13,0,1,0,0,0,0,3,1,2,1,25,5,-1,-1,-1,-1,3,-1
201523S030595,2,9,0,7,0,8,0,0,0,0,1,1,3,2,37,7,1598,1,10,-1,3,-1
201523S030597,1,9,0,17,0,0,5,0,2,4,1,1,6,1,26,6,1984,1,12,-1,3,-1
201523S030602,1,9,0,17,0,0,1,0,0,0,1,1,3,1,39,7,1229,1,5,-1,1,-1
201523S030602,2,9,0,16,0,0,0,0,0,0,1,1,2,1,46,8,1995,2,2,-1,1,-1
201523S030603,1,9,0,18,0,0,0,0,0,0,4,1,2,2,47,8,1598,2,3,-1,3,-1
201523S030603,2,1,0,18,0,0,0,0,0,0,3,1,6,1,36,7,-1,-1,-1,-1,1,-1
201523S030608,1,9,0,18,0,1,1,0,0,0,1,1,2,1,21,5,1997,2,13,-1,-1,-1
201523S030608,2,9,0,3,0,1,0,0,0,0,2,1,6,2,28,6,1995,2,5,-1,1,-1
201523S030608,3,9,0,3,0,1,0,0,0,0,2,1,6,2,18,4,1360,1,7,-1,3,-1
201523S030611,1,9,0,16,0,0,1,10,1,9,3,1,6,1,25,5,1248,2,4,-1,3,-1
201523S030616,1,9,0,18,0,1,0,0,0,0,1,1,6,2,43,7,1796,1,16,-1,1,-1
201523S030616,2,9,0,4,0,1,0,0,0,0,2,1,2,2,31,6,1968,2,-1,-1,3,-1
201523S030623,1,9,0,13,0,0,1,0,0,0,1,1,6,1,40,7,1498,1,43,-1,2,-1
201523S030623,2,19,0,17,0,0,0,0,1,4,1,1,1,1,25,5,2198,2,1,-1,1,-1
201523S030627,1,9,0,16,0,2,5,10,7,4,1,1,6,1,27,6,1590,1,13,-1,1,-1
201523S030630,1,9,0,18,0,1,0,0,0,0,1,1,6,1,30,6,1560,2,5,-1,-1,-1
201523S030630,2,9,0,9,0,5,0,0,0,0,2,1,6,2,45,7,1149,1,4,-1,2,-1
201523S030632,1,9,0,5,9,6,0,0,0,0,4,1,3,1,43,7,1998,2,11,-1,3,-1
201523S030632,2,1,0,18,9,8,0,0,0,0,1,1,6,1,21,5,-1,-1,-1,-1,-1,-1
201523S030637,1,9,0,5,0,1,0,0,0,0,1,1,6,2,25,5,1598,1,6,-1,3,-1
201523S030637,2,9,0,8,0,1,0,0,0,0,2,1,6,2,50,8,2179,2,2,-1,2,-1
201523S030638,1,5,0,17,0,0,0,0,1,9,1,1,6,1,55,8,1198,1,4,-1,-1,-1
201523S030638,2,9,0,16,0,0,1,0,1,0,1,1,6,1,45,7,4735,1,6,-1,2,-1
201523S030641,1,9,0,4,0,0,0,0,0,0,1,1,6,1,18,4,1329,1,-1,-1,1,-1
201523S030641,2,9,0,4,0,0,0,0,0,0,2,1,2,2,34,6,1998,1,11,-1,1,-1
201523S030644,1,5,0,13,0,0,0,0,0,0,3,1,6,1,66,10,675,1,8,-1,1,-1
201523S030644,2,5,0,18,0,0,0,0,0,0,1,1,6,1,41,7,1000,1,2,-1,1,-1
201523S030644,3,9,0,18,0,0,0,0,0,0,0,1,6,1,54,8,2198,2,11,-1,3,-1
201523S030646,1,3,0,17,0,0,0,0,0,0,3,1,6,2,26,6,125,1,-1,-1,1,-1
201523S030655,1,9,0,9,0,6,0,0,0,0,3,1,6,1,18,4,-1,-1,-1,-1,2,-1
201523S030655,2,9,0,18,0,8,0,0,0,0,1,1,6,1,21,5,1956,2,2,-1,-1,-1
201523S030658,1,9,0,9,0,5,0,0,0,0,1,1,2,1,43,7,1197,1,1,-1,2,-1
201523S030658,2,9,0,18,0,8,1,0,1,0,1,1,2,2,31,6,1598,2,5,-1,1,-1
201523S030668,1,9,0,18,0,1,0,0,0,0,3,1,6,1,52,8,1871,2,12,-1,1,-1
201523S030668,2,1,0,18,0,1,0,0,0,0,4,1,6,2,36,7,-1,-1,-1,-1,-1,-1
201523S030672,1,9,0,18,0,0,0,0,0,0,1,1,6,3,-1,-1,-1,-1,-1,-1,-1,-1
201523S030672,2,19,0,3,0,0,0,0,0,0,2,1,1,2,35,6,1753,2,7,-1,-1,-1
201523S030677,1,9,0,5,0,0,0,0,0,0,3,1,6,3,-1,-1,-1,-1,-1,-1,-1,-1
201523S030677,2,1,0,18,0,0,0,0,0,0,4,1,6,1,41,7,-1,-1,-1,-1,3,-1
201523S030678,1,9,0,16,0,0,1,0,0,0,1,1,6,2,24,5,1398,2,13,-1,3,-1
201523S030678,2,9,0,17,0,0,0,0,0,0,1,1,6,2,66,10,1997,2,12,-1,2,-1
201523S030687,1,9,0,9,0,6,0,0,0,0,3,1,6,1,62,9,-1,-1,-1,-1,2,-1
201523S030687,2,3,0,18,0,1,1,0,0,0,1,1,6,1,22,5,124,1,8,-1,1,-1
201523S030692,1,9,0,5,0,6,0,0,0,0,1,1,6,1,64,9,1998,2,9,-1,3,-1
201523S030692,2,5,0,9,0,8,1,0,3,2,4,1,6,1,51,8,1199,1,9,-1,3,-1
201523S030695,1,9,0,18,0,0,5,0,7,3,1,1,6,2,57,9,1248,2,7,-1,3,-1
201523S030698,1,1,0,18,0,8,0,0,0,0,4,1,6,1,17,4,-1,-1,-1,-1,-1,-1
201523S030698,2,9,0,5,0,6,0,0,0,0,1,1,6,2,37,7,998,1,5,-1,1,-1
201523S030722,1,9,0,16,0,0,0,0,7,4,1,1,1,1,22,5,1598,1,11,-1,1,-1
201523S030733,1,19,0,18,0,0,0,0,7,4,1,1,1,1,42,7,1560,2,2,-1,1,-1
201523S030738,1,20,0,18,0,0,0,0,0,0,1,1,6,1,40,7,-1,-1,-1,-1,-1,-1
201523S030738,2,9,0,3,0,0,0,0,0,0,2,1,2,2,27,6,998,1,1,-1,3,-1
201523S030747,1,9,0,16,0,0,2,0,8,10,1,1,6,1,18,4,1388,1,11,-1,1,-1
201523S030748,1,20,0,4,0,1,1,0,0,0,1,1,1,1,46,8,7146,2,4,-1,2,-1
201523S030748,2,9,0,4,0,1,0,0,0,0,2,1,6,1,66,10,2993,2,8,-1,1,-1
201523S030750,1,9,0,17,0,0,1,6,0,0,4,1,6,1,22,5,1398,1,4,-1,-1,-1
201523S030752,1,5,0,18,0,1,0,0,0,0,1,1,6,1,60,9,1470,1,19,-1,1,-1
201523S030752,2,9,0,10,0,1,0,0,0,0,2,1,6,1,83,11,1242,1,3,-1,1,-1
201523S030765,1,9,0,5,0,6,0,0,7,9,3,1,6,1,77,11,1108,1,6,-1,3,-1
201523S030765,2,9,0,18,0,1,0,0,7,9,1,1,6,1,46,8,2967,1,11,-1,2,-1
201523S030766,1,9,0,9,0,5,0,0,0,0,4,1,6,1,51,8,1596,1,1,-1,-1,-1
201523S030766,2,19,0,18,0,1,0,0,0,0,1,1,6,2,53,8,-1,-1,-1,-1,1,-1
201523S030767,1,9,0,18,0,8,0,4,0,0,1,1,6,2,20,4,998,1,13,-1,2,-1
201523S030767,2,9,0,2,0,8,0,0,0,0,2,1,6,1,66,10,2495,2,20,-1,3,-1
201523S030770,1,9,0,18,0,0,0,0,1,1,1,1,6,1,30,6,2198,1,12,-1,-1,-1
201523S030776,1,9,0,17,0,0,2,10,1,10,4,1,6,1,73,10,1598,1,7,-1,2,-1
201523S030787,1,9,0,18,0,0,0,0,0,0,1,1,6,2,60,9,1985,1,18,-1,1,-1
201523S030787,2,9,0,18,0,0,0,10,1,11,3,1,6,1,78,11,1798,1,-1,-1,1,-1
201523S030821,1,9,0,4,0,0,0,0,0,0,0,1,6,3,-1,-1,-1,-1,-1,-1,-1,-1
201523S030821,2,9,0,4,0,0,0,0,0,0,2,1,6,1,45,7,1968,2,4,-1,-1,-1
201523S030821,3,9,0,18,0,0,0,0,0,0,1,1,6,1,36,7,1968,2,3,-1,1,-1
201523S030833,1,9,0,9,0,6,0,0,0,0,3,1,6,2,20,4,1242,1,-1,-1,3,-1
201523S030833,2,9,0,18,0,1,0,0,0,0,1,1,6,1,29,6,2494,1,17,-1,2,-1
201523S030838,1,9,0,18,0,0,1,0,1,10,1,1,2,2,53,8,1248,1,-1,-1,1,-1
201523S030849,1,9,0,18,0,0,0,0,0,0,3,1,6,3,-1,-1,-1,-1,-1,-1,-1,-1
201523S030849,2,1,0,18,0,0,0,0,0,0,4,1,6,1,21,5,-1,-1,-1,-1,1,-1
201523S030868,1,9,0,9,0,6,0,0,0,0,3,1,6,1,42,7,1997,2,8,-1,2,-1
201523S030868,2,1,0,18,0,8,0,0,0,0,1,1,2,1,44,7,-1,-1,-1,-1,2,-1
201523S030874,1,9,0,18,0,0,0,0,0,0,1,1,6,3,-1,-1,-1,-1,-1,-1,-1,-1
201523S030888,1,9,0,18,0,0,1,0,0,0,1,1,6,1,48,8,1975,1,10,-1,1,-1
201523S030888,2,9,0,4,0,0,0,0,0,0,2,1,6,1,27,6,1995,2,8,-1,1,-1
201523S030893,1,9,0,16,0,2,2,0,8,0,1,1,6,1,34,6,1240,1,12,-1,2,-1
201523S030901,1,9,0,17,0,0,0,0,1,0,1,1,6,1,68,10,-1,-1,-1,-1,2,-1
201523S030901,2,9,0,16,0,0,0,0,1,0,1,1,6,2,54,8,1390,1,2,-1,1,-1
201523S030901,3,9,0,16,0,0,0,0,7,0,3,1,6,1,55,8,1995,2,2,-1,1,-1
201523S030905,1,21,1,17,0,8,3,0,0,0,3,1,1,1,49,8,-1,-1,-1,-1,-1,-1
201523S030905,2,9,0,11,0,3,0,0,7,1,4,1,6,1,49,8,1956,2,5,-1,1,-1
201523S030910,1,9,0,18,0,6,0,0,0,0,4,1,6,1,20,4,1388,1,11,-1,1,-1
201523S030910,2,9,0,18,0,8,0,0,1,0,1,1,6,1,26,6,1299,1,11,-1,3,-1
201523S030917,1,9,0,18,0,0,0,0,0,0,4,1,2,1,29,6,1560,2,3,-1,1,-1
201523S030930,1,9,0,9,0,5,0,0,0,0,4,1,2,1,36,7,998,1,1,-1,3,-1
201523S030930,2,9,0,18,0,1,0,0,7,9,1,1,6,2,32,6,998,1,15,-1,2,-1
201523S030942,1,21,1,18,0,0,0,0,0,0,1,1,1,1,37,7,-1,-1,-1,-1,1,-1
201523S030942,2,9,0,18,0,0,0,0,0,0,2,1,6,2,85,11,1000,1,2,-1,1,-1
201523S030943,1,9,0,18,0,4,0,0,0,0,1,1,6,1,21,5,2495,2,13,-1,-1,-1
201523S030943,2,9,0,3,0,1,0,0,0,0,2,1,6,2,42,7,1461,2,1,-1,1,-1
201523S030944,1,9,0,9,0,8,0,0,0,0,1,1,6,1,20,4,1397,1,15,-1,1,-1