Accident_Index,Vehicle_Reference,Vehicle_Type,Towing_and_Articulation,Vehicle_Manoeuvre,Vehicle_Location-Restricted_Lane,Junction_Location,Skidding_and_Overturning,Hit_Object_in_Carriageway,Vehicle_Leaving_Carriageway,Hit_Object_off_Carriageway,1st_Point_of_Impact,Was_Vehicle_Left_Hand_Drive?,Journey_Purpose_of_Driver,Sex_of_Driver,Age_of_Driver,Age_Band_of_Driver,Engine_Capacity_(CC),Propulsion_Code,Age_of_Vehicle,Driver_IMD_Decile,Driver_Home_Area_Type,Vehicle_IMD_Decile
201523S030944,2,9,0,18,0,1,0,0,0,0,1,1,6,2,21,5,-1,-1,-1,-1,1,-1
201523S030946,1,5,0,17,0,0,0,0,0,0,4,1,6,1,68,10,865,1,-1,-1,3,-1
201523S030948,1,9,0,4,0,1,0,0,0,0,1,1,6,1,50,8,1598,2,4,-1,-1,-1
201523S030948,2,9,0,4,0,1,0,0,0,0,1,1,6,1,35,6,-1,-1,-1,-1,-1,-1
201523S030948,3,9,0,4,0,1,0,0,0,0,1,1,6,1,42,7,-1,-1,-1,-1,-1,-1
201523S030948,4,9,0,3,0,1,0,0,0,0,2,1,6,2,37,7,-1,-1,-1,-1,-1,-1
201523S030949,1,5,0,16,0,0,0,0,7,4,1,1,6,1,44,7,999,1,3,-1,3,-1
201523S030951,1,19,0,18,0,0,0,0,0,0,1,1,1,1,25,5,2402,2,12,-1,3,-1
201523S030951,2,19,0,4,0,0,0,0,0,0,2,1,1,1,35,6,2198,2,1,-1,1,-1
201523S030961,1,9,0,18,0,0,1,0,1,2,4,1,6,1,45,7,1995,2,4,-1,1,-1
201523S030975,1,9,0,18,0,8,0,0,0,0,1,1,6,2,47,8,1598,1,3,-1,3,-1
201523S030975,2,9,0,3,0,8,0,0,0,0,2,1,6,2,66,10,1896,2,13,-1,1,-1
201523S030975,3,9,0,10,0,8,0,0,0,0,2,1,6,1,30,6,1896,2,13,-1,1,-1
201523S030977,1,9,0,9,0,5,0,0,0,0,4,1,6,2,29,6,1598,2,3,-1,1,-1
201523S030977,2,5,0,18,0,1,0,0,1,0,1,1,6,1,26,6,599,1,9,-1,1,-1
201523S030985,1,9,0,9,0,6,0,0,0,0,3,1,6,1,69,10,1360,1,6,-1,2,-1
201523S030985,2,9,0,18,0,8,0,0,0,0,1,1,6,1,82,11,1108,1,6,-1,1,-1
201523S030987,1,9,0,7,0,4,0,0,0,0,1,1,6,1,67,10,1968,2,4,-1,1,-1
201523S030987,2,1,0,9,0,8,0,0,0,0,4,1,2,1,27,6,-1,-1,-1,-1,1,-1
201523S031011,1,9,0,9,0,5,0,0,0,0,1,1,1,2,25,5,1968,2,-1,-1,1,-1
201523S031011,2,9,0,18,0,1,0,0,0,0,1,1,6,1,53,8,1753,2,11,-1,3,-1
201523S031014,1,9,0,18,0,0,0,0,7,0,1,1,6,1,39,7,-1,-1,-1,-1,-1,-1
201523S031014,2,9,0,18,0,0,0,0,1,0,1,1,6,1,49,8,1598,2,2,-1,-1,-1
201523S031028,1,9,0,18,0,0,0,0,0,0,3,1,6,3,-1,-1,-1,-1,-1,-1,-1,-1
201523S031028,2,9,0,18,0,0,0,0,0,0,3,1,6,2,65,9,1896,2,15,-1,3,-1
201523S031029,1,9,0,18,0,0,0,0,1,10,1,1,6,2,31,6,1596,1,12,-1,2,-1
201523S031031,1,9,0,18,0,1,0,0,0,0,3,1,6,2,51,8,1598,1,13,-1,1,-1
201523S031045,1,9,0,5,0,6,0,0,0,0,1,1,6,2,70,10,1422,2,10,-1,2,-1
201523S031045,2,9,0,18,0,8,0,0,7,0,4,1,6,1,57,9,2993,2,-1,-1,2,-1
201523S031048,1,9,0,18,0,0,0,0,0,0,1,1,2,2,38,7,1390,1,3,-1,1,-1
201523S031048,2,9,0,13,0,0,0,0,0,0,2,1,2,1,32,6,2143,2,-1,-1,3,-1
201523S031050,1,9,0,18,0,0,0,0,1,0,1,1,2,1,50,8,1948,1,17,-1,3,-1
201523S031050,2,21,1,18,0,0,0,0,0,0,1,1,1,1,51,8,12900,2,6,-1,1,-1
201523S031057,1,11,0,18,0,1,0,0,0,0,1,1,1,1,45,7,4580,2,7,-1,-1,-1
201523S031057,2,9,0,4,0,1,0,0,0,0,2,1,1,2,42,7,1299,1,13,-1,1,-1
201523S031070,1,20,0,18,0,0,0,0,0,0,4,1,1,3,-1,-1,-1,-1,-1,-1,-1,-1
201523S031075,1,9,0,4,0,1,0,0,0,0,1,1,6,1,21,5,2861,1,21,-1,-1,-1
201523S031075,2,9,0,3,0,1,0,0,0,0,2,1,6,2,20,4,1398,1,-1,-1,1,-1
201523S031075,3,9,0,3,0,1,0,0,0,0,2,1,6,1,49,8,5000,1,4,-1,3,-1
201523S031077,1,1,0,16,0,0,1,0,7,1,1,1,6,1,44,7,-1,-1,-1,-1,-1,-1
201523S031082,1,9,0,4,0,1,0,0,0,0,2,1,6,2,36,7,1388,1,6,-1,2,-1
201523S031082,2,9,0,18,0,1,0,0,0,0,1,1,6,1,27,6,-1,-1,-1,-1,1,-1
201523S031082,3,9,0,18,0,1,0,0,0,0,1,1,6,2,41,7,2993,2,2,-1,2,-1
201523S031083,1,9,0,9,0,5,0,0,0,0,1,1,2,1,46,8,1997,2,8,-1,1,-1
201523S031083,2,3,0,18,0,1,0,0,0,0,1,1,2,1,21,5,125,1,4,-1,3,-1
201523S031085,1,9,0,18,0,0,1,0,7,9,1,1,2,1,29,6,1796,1,15,-1,3,-1
201523S031086,1,9,0,17,0,0,2,0,1,7,4,1,6,1,25,5,1679,1,14,-1,1,-1
201523S031091,1,9,0,18,0,0,1,4,0,0,1,1,6,1,54,8,1686,2,14,-1,3,-1
201523S031091,2,9,0,2,0,0,0,0,0,0,1,1,6,2,45,7,1999,1,8,-1,3,-1
201523S031091,3,9,0,2,0,0,0,0,0,0,2,1,6,2,52,8,2179,2,5,-1,3,-1
201523S031102,1,1,0,18,0,0,0,0,0,0,2,1,6,1,24,5,-1,-1,-1,-1,1,-1
201523S031102,2,9,0,18,0,0,0,0,0,0,1,1,6,3,-1,-1,-1,-1,-1,-1,-1,-1
201523S031109,1,9,0,17,0,0,0,0,7,0,4,1,6,1,77,11,2143,2,4,-1,3,-1
201523S031109,2,9,0,16,0,0,0,0,0,0,1,1,6,1,36,7,1783,1,15,-1,2,-1
201523S031109,3,9,0,17,0,0,0,0,0,0,1,1,6,2,34,6,1086,1,11,-1,-1,-1
201523S031109,4,9,0,16,0,0,0,0,0,0,3,1,6,2,62,9,1349,1,5,-1,3,-1
201523S031118,1,19,0,9,0,8,0,0,0,0,0,1,6,3,-1,-1,-1,-1,-1,-1,-1,-1
201523S031118,2,19,0,18,0,3,0,0,0,0,1,1,1,1,26,6,-1,-1,-1,-1,1,-1
201523S031118,3,11,0,4,0,3,0,0,0,0,2,1,1,2,30,6,4461,2,2,-1,3,-1
201523S031122,1,9,0,18,0,4,0,0,0,0,1,1,6,3,-1,-1,1199,1,12,-1,-1,-1
201523S031122,2,9,0,4,0,1,0,0,0,0,2,1,2,2,49,8,-1,-1,-1,-1,1,-1
201523S031145,1,9,0,18,0,0,0,0,0,0,1,1,6,1,23,5,1598,1,12,-1,1,-1
201523S031145,2,2,0,18,0,0,1,0,0,0,2,1,6,2,21,5,49,1,-1,-1,1,-1
201523S031156,1,9,0,16,0,0,1,0,1,4,1,1,6,1,39,7,1124,1,13,-1,2,-1
201523S031177,1,9,0,18,0,4,0,0,0,0,1,1,6,1,-1,-1,1388,1,5,-1,-1,-1
201523S031177,2,2,0,3,0,1,0,0,0,0,2,1,6,1,16,4,49,1,-1,-1,1,-1
201523S03D222,1,9,0,18,0,0,0,0,0,0,1,1,6,1,45,7,1956,2,1,-1,3,-1
201523S03D222,2,19,0,3,0,0,0,0,0,0,2,1,1,1,45,7,2287,2,4,-1,1,-1
201523S03D222,3,9,0,3,0,0,0,0,1,0,2,1,6,1,39,7,1600,1,16,-1,3,-1
201523S03D222,4,9,0,3,0,0,0,0,0,0,2,1,6,1,62,9,1995,1,12,-1,3,-1
201523S03D984,1,9,0,18,0,1,0,0,0,0,1,1,1,2,22,5,1560,2,4,-1,2,-1
201523S03D984,2,9,0,3,0,1,0,0,0,0,2,1,2,1,22,5,1798,1,7,-1,1,-1
201523S03D984,3,19,0,3,0,1,0,0,0,0,2,1,1,1,37,7,1753,2,5,-1,1,-1
201523S03X523,1,9,0,9,0,6,0,0,0,0,3,1,6,1,79,11,1329,1,3,-1,-1,-1
201523S03X523,2,9,0,18,0,1,1,0,0,0,1,1,6,1,54,8,1386,1,11,-1,3,-1
2015300011461,1,17,4,2,0,0,0,0,0,0,1,1,1,2,33,6,-1,2,9,-1,3,-1
2015300011461,2,9,0,18,0,0,0,0,0,0,1,1,6,1,83,11,1329,1,6,-1,1,-1
2015300011463,1,1,0,18,0,1,0,0,0,0,1,1,6,1,26,6,-1,-1,-1,-1,-1,-1
2015300011463,2,9,0,18,0,2,0,0,0,0,1,1,6,2,25,5,1229,1,2,-1,-1,-1
2015300011474,1,9,0,18,0,0,0,0,0,0,1,1,6,1,91,11,2171,1,12,-1,3,-1
2015300011477,1,9,0,18,0,0,5,4,0,0,1,1,2,1,32,6,1360,1,6,-1,1,-1
2015300011477,2,9,0,2,0,0,0,4,0,0,1,1,6,2,45,7,1242,1,11,-1,1,-1
2015300011484,1,9,0,18,0,0,0,0,0,0,3,1,6,2,75,10,-1,-1,-1,-1,3,-1
2015300011484,2,9,0,18,0,0,0,0,0,0,3,1,6,2,39,7,1598,1,11,-1,-1,-1
2015300011484,3,9,0,18,0,0,0,0,0,0,1,1,6,2,38,7,1360,1,12,-1,3,-1
2015300011486,1,9,0,13,0,0,0,0,0,0,4,1,2,1,24,5,1396,1,11,-1,1,-1
2015300011486,2,1,0,18,0,0,0,0,0,0,3,1,6,1,41,7,-1,-1,-1,-1,-1,-1
2015300011487,1,9,0,14,9,1,0,0,1,0,1,1,6,1,18,4,998,1,6,-1,2,-1
2015300011487,2,8,0,2,9,2,0,0,0,0,0,1,1,1,42,7,-1,-1,-1,-1,1,-1
2015300011489,1,9,0,2,0,0,0,0,0,0,2,1,6,1,52,8,1560,2,6,-1,1,-1
2015300011489,2,9,0,12,0,0,0,4,1,7,1,1,6,2,52,8,1991,1,1,-1,1,-1
2015300011489,3,90,0,12,0,0,0,0,0,0,0,1,6,3,-1,-1,-1,-1,-1,-1,-1,-1
2015300011493,1,8,0,5,0,1,0,0,0,0,4,1,6,3,-1,-1,-1,-1,-1,-1,-1,-1
2015300011494,1,9,0,18,0,3,1,0,7,4,1,1,6,1,23,5,1242,1,6,-1,1,-1
2015300011499,1,9,0,18,0,0,0,0,0,0,2,1,6,1,35,6,2401,2,7,-1,1,-1
2015300011499,2,9,0,18,0,0,0,0,0,0,1,1,6,1,28,6,-1,-1,-1,-1,1,-1
2015300011499,3,9,0,18,0,0,0,0,0,0,2,1,6,1,61,9,1956,2,3,-1,1,-1
2015300011499,4,9,0,18,0,0,0,0,0,0,1,1,6,1,34,6,1198,1,10,-1,1,-1
2015300011503,1,9,0,6,0,0,0,0,7,0,3,1,1,1,39,7,1762,1,15,-1,-1,-1
2015300011503,2,9,0,18,0,0,0,0,0,0,1,1,6,1,18,4,1272,1,23,-1,1,-1
2015300011503,3,9,0,18,0,0,0,0,0,0,1,1,6,1,20,4,1994,2,13,-1,1,-1
2015300011504,1,8,0,18,0,2,1,0,1,3,4,1,1,1,31,6,1896,2,5,-1,-1,-1
2015300011506,1,9,0,17,0,8,1,11,0,0,1,1,6,1,21,5,996,1,4,-1,1,-1
2015300011508,1,9,0,13,0,0,1,0,0,0,1,1,6,1,32,6,-1,-1,-1,-1,1,-1
2015300011508,2,9,0,18,0,0,0,0,1,10,1,1,2,1,42,7,-1,-1,-1,-1,1,-1
2015300011508,3,21,1,18,0,0,0,0,0,0,3,1,1,1,48,8,10518,2,2,-1,1,-1
2015300011514,1,9,0,10,0,6,0,0,0,0,1,1,1,1,20,4,973,1,12,-1,1,-1
2015300011514,2,1,0,18,0,1,0,0,0,0,1,1,6,1,76,11,-1,-1,-1,-1,3,-1
2015300011519,1,9,0,5,0,6,0,0,0,0,1,1,6,1,17,4,1229,1,6,-1,1,-1
2015300011519,2,9,0,18,0,8,0,0,0,0,4,1,6,2,34,6,1896,2,9,-1,1,-1
2015300011524,1,9,0,18,0,4,0,0,0,0,1,1,2,1,32,6,1995,2,6,-1,1,-1
2015300011524,2,1,0,18,0,8,0,0,0,0,4,1,6,2,55,8,-1,-1,-1,-1,2,-1
2015300011526,1,9,0,7,0,6,0,0,0,0,3,1,6,2,40,7,1968,2,2,-1,-1,-1
2015300011526,2,1,0,17,0,8,0,0,0,0,1,1,6,1,45,7,-1,-1,-1,-1,1,-1
2015300011533,1,19,0,13,0,0,0,0,0,0,1,1,1,1,25,5,2198,2,1,-1,1,-1
2015300011533,2,9,0,16,0,0,0,0,0,0,1,1,6,2,39,7,1560,2,1,-1,1,-1
2015300011533,3,9,0,16,0,0,1,0,0,0,1,1,6,2,29,6,998,1,6,-1,1,-1
2015300011535,1,3,0,4,0,1,0,0,0,0,1,1,6,1,21,5,124,1,1,-1,1,-1
2015300011535,2,9,0,4,0,1,0,0,0,0,2,1,6,1,47,8,1796,1,12,-1,1,-1
2015300011535,3,9,0,5,0,8,0,0,0,0,0,1,6,2,23,5,998,1,4,-1,1,-1
2015300011540,1,9,0,18,0,2,0,0,0,0,1,1,6,1,-1,-1,1587,1,17,-1,-1,-1
2015300011540,2,9,0,3,0,1,0,0,0,0,2,1,6,2,22,5,1199,2,4,-1,-1,-1
2015300011541,1,11,0,18,0,0,0,0,0,0,1,1,3,1,29,6,10000,2,26,-1,-1,-1
2015300011541,2,9,0,3,0,0,0,0,0,0,2,1,6,2,28,6,2521,1,4,-1,-1,-1
2015300011541,3,9,0,3,0,0,0,0,0,0,2,1,1,2,43,7,1560,2,3,-1,-1,-1
2015300011541,4,9,0,3,0,0,0,0,0,0,2,1,1,1,18,4,998,1,3,-1,-1,-1
2015300011544,1,9,0,18,0,4,0,0,0,0,2,1,6,2,39,7,1199,2,4,-1,1,-1
2015300011544,2,9,0,18,0,1,0,0,0,0,1,1,6,2,43,7,1997,2,11,-1,2,-1
2015300011545,1,21,0,4,0,0,0,0,0,0,2,1,6,1,51,8,9200,2,9,-1,1,-1
2015300011545,2,9,0,18,0,0,0,0,0,0,1,1,6,1,50,8,-1,-1,-1,-1,3,-1
2015300011547,1,9,0,8,0,1,0,0,0,0,1,1,6,1,25,5,1229,1,9,-1,1,-1
2015300011547,2,9,0,7,0,1,0,0,0,0,2,1,6,2,27,6,-1,-1,-1,-1,1,-1
2015300011551,1,9,0,18,0,2,0,0,0,0,4,1,6,1,34,6,1043,1,22,-1,-1,-1
2015300011555,1,9,0,11,0,0,0,0,0,0,4,1,6,1,47,8,2720,2,9,-1,1,-1
2015300011555,2,21,1,18,0,0,1,0,0,0,3,1,1,1,41,7,12902,2,1,-1,1,-1
2015300011558,1,9,0,10,0,8,0,0,0,0,2,1,6,2,27,6,1598,1,5,-1,2,-1
2015300011558,2,9,0,18,0,1,0,0,0,0,1,1,6,1,68,10,-1,-1,-1,-1,2,-1
2015300011561,1,90,0,18,0,8,0,0,0,0,1,1,2,1,57,9,-1,-1,-1,-1,1,-1
2015300011561,2,9,0,4,0,8,0,0,0,0,2,1,2,2,28,6,-1,-1,-1,-1,1,-1
2015300011561,3,9,0,4,0,2,0,0,0,0,2,1,6,1,84,11,1596,1,2,-1,1,-1
2015300011561,4,9,0,8,0,8,0,0,0,0,0,1,6,3,-1,-1,-1,-1,-1,-1,-1,-1
2015300011563,1,9,0,18,0,0,0,0,7,3,1,1,6,2,26,6,-1,-1,-1,-1,1,-1
2015300011566,1,9,0,18,0,1,0,0,0,0,1,1,2,2,27,6,1339,1,7,-1,1,-1
2015300011572,1,5,0,17,0,8,1,0,0,0,3,1,6,1,22,5,599,1,14,-1,1,-1
2015300011574,1,9,0,9,0,8,0,0,1,0,3,1,6,2,74,10,1598,1,5,-1,1,-1
2015300011574,2,9,0,13,0,1,0,0,0,0,1,1,6,1,54,8,2995,1,1,-1,1,-1
2015300011575,1,9,0,17,0,0,5,0,1,1,4,1,6,1,25,5,-1,-1,-1,-1,1,-1
2015300011586,1,9,0,9,0,2,0,0,0,0,1,1,6,2,63,9,1248,1,5,-1,1,-1
2015300011588,1,9,0,3,0,1,0,0,0,0,2,1,6,1,60,9,2495,2,12,-1,3,-1
2015300011588,2,9,0,4,0,1,0,0,0,0,1,1,2,1,32,6,1995,2,11,-1,-1,-1
2015300011597,1,2,0,16,0,8,0,0,0,0,1,1,6,1,17,4,49,1,2,-1,3,-1
2015300011597,2,9,0,10,0,8,0,0,0,0,2,1,6,2,22,5,1242,1,9,-1,1,-1
2015300011599,1,9,0,18,0,8,0,0,1,3,1,1,2,1,32,6,-1,-1,-1,-1,1,-1
2015300011599,2,9,0,9,0,8,0,0,0,0,1,1,2,2,20,4,-1,-1,-1,-1,1,-1
2015300011603,1,9,0,18,0,0,2,10,7,1,1,1,6,3,-1,-1,1149,1,12,-1,-1,-1
2015300011606,1,9,0,9,0,5,0,0,0,0,3,1,6,1,27,6,1390,1,4,-1,1,-1
2015300011611,1,19,0,17,0,8,0,0,0,0,1,1,6,1,46,8,2198,2,8,-1,1,-1
2015300011611,2,9,0,18,0,7,0,0,0,0,3,1,6,2,29,6,1461,2,7,-1,1,-1
2015300011612,1,9,0,16,0,0,1,0,7,10,3,1,6,2,21,5,998,1,8,-1,3,-1
2015300011618,1,9,0,9,0,1,1,10,3,10,1,1,6,1,33,6,1229,1,2,-1,-1,-1
2015300011619,1,9,0,4,0,0,0,4,0,0,1,1,6,1,33,6,1798,1,8,-1,1,-1
2015300011619,2,9,0,2,0,0,0,0,0,0,1,1,6,1,-1,-1,-1,-1,-1,-1,-1,-1
2015300011619,3,9,0,2,0,0,0,0,0,0,2,1,6,1,-1,-1,1598,1,6,-1,-1,-1
2015300011621,1,9,0,9,0,8,0,0,0,0,1,1,6,2,44,7,1360,1,10,-1,-1,-1
2015300011621,2,9,0,17,0,8,0,0,0,0,1,1,6,1,76,11,1560,2,1,-1,-1,-1
2015300011622,1,20,0,18,0,1,0,0,0,0,1,1,1,1,24,5,-1,-1,-1,-1,-1,-1
2015300011622,2,9,0,10,0,8,0,0,0,0,2,1,1,1,32,6,-1,-1,-1,-1,2,-1
2015300011632,1,9,0,4,0,0,0,0,0,0,2,1,6,1,38,7,1560,2,10,-1,1,-1
2015300011632,2,21,1,18,0,0,0,0,0,0,1,1,1,1,50,8,12777,2,9,-1,3,-1
2015300011634,1,3,0,18,0,0,0,0,0,0,3,1,6,1,22,5,125,1,1,-1,-1,-1
2015300011634,2,9,0,13,0,0,0,0,0,0,0,1,6,3,-1,-1,-1,-1,-1,-1,-1,-1
2015300011635,1,9,0,9,0,6,0,0,0,0,3,1,6,2,56,9,1596,1,4,-1,2,-1
2015300011635,2,5,0,18,0,8,1,0,7,0,1,1,2,1,21,5,649,1,7,-1,2,-1
2015300011636,1,9,0,4,0,0,0,0,0,0,2,1,6,2,47,8,1598,1,10,-1,1,-1
2015300011636,2,9,0,4,0,0,0,0,0,0,2,1,6,2,47,8,998,1,5,-1,1,-1
2015300011636,3,9,0,4,0,0,0,0,0,0,1,1,6,2,22,5,-1,-1,-1,-1,1,-1
2015300011645,1,19,0,14,0,0,0,0,0,0,1,1,1,1,34,6,2151,2,11,-1,1,-1
2015300011645,2,9,0,2,0,0,0,0,0,0,2,1,6,2,47,8,1560,2,1,-1,1,-1
2015300011649,1,9,0,2,0,0,0,0,0,0,3,1,6,1,75,10,1796,1,4,-1,1,-1
2015300011649,2,9,0,14,0,0,0,0,7,0,4,1,6,2,27,6,3199,1,14,-1,1,-1
2015300011649,3,9,0,18,0,0,0,0,1,0,1,1,1,1,32,6,1197,1,3,-1,1,-1
2015300011651,1,9,0,18,0,0,1,0,1,10,4,1,6,1,17,4,1560,2,9,-1,3,-1
2015300011658,1,9,0,4,0,0,0,0,0,0,2,1,2,2,25,5,-1,-1,-1,-1,1,-1
2015300011658,2,9,0,4,0,0,1,0,0,0,1,1,2,2,19,4,1248,2,3,-1,1,-1
2015300011661,1,9,0,18,0,8,0,0,0,0,1,1,2,2,54,8,1968,2,2,-1,3,-1
2015300011661,2,9,0,9,0,6,0,0,0,0,1,1,3,1,54,8,1299,1,14,-1,3,-1
2015300011665,1,19,0,18,0,1,0,0,0,0,4,1,1,1,46,8,2198,2,3,-1,-1,-1
2015300011667,1,9,0,18,0,6,0,0,3,1,3,1,2,2,26,6,1199,1,11,-1,1,-1
2015300011667,2,9,0,18,0,8,0,0,0,0,1,1,2,2,38,7,1769,1,12,-1,2,-1
2015300011672,1,9,0,9,0,2,5,4,1,0,1,1,2,2,50,8,1242,1,4,-1,1,-1
2015300011672,2,9,0,2,0,8,0,0,0,0,3,1,6,1,53,8,1242,1,14,-1,1,-1
2015300011677,1,9,0,9,0,6,0,0,0,0,3,1,2,1,24,5,1975,1,8,-1,-1,-1
2015300011677,2,3,0,18,0,8,0,0,0,0,1,1,2,1,18,4,124,1,3,-1,-1,-1
2015300011680,1,9,0,18,0,2,0,0,0,0,1,1,6,1,57,9,-1,-1,-1,-1,-1,-1
2015300011685,1,9,0,18,0,0,0,0,0,0,1,1,6,1,62,9,1242,1,11,-1,1,-1
2015300011685,2,9,0,18,0,0,0,0,0,0,3,1,6,2,47,8,1398,1,5,-1,-1,-1
2015300011696,1,3,0,18,0,0,1,0,0,0,0,1,2,1,25,5,125,1,7,-1,1,-1
2015300011700,1,9,0,18,0,0,0,0,0,0,1,1,6,2,39,7,1997,2,7,-1,2,-1
2015300011700,2,9,0,4,0,0,0,0,0,0,2,1,1,2,43,7,999,1,1,-1,1,-1
2015300011701,1,9,0,5,0,6,0,0,0,0,0,1,6,1,23,5,-1,-1,-1,-1,-1,-1
2015300011701,2,9,0,18,0,1,0,0,7,2,1,1,6,2,27,6,-1,-1,-1,-1,1,-1
2015300011703,1,90,0,13,0,0,0,0,0,0,0,1,6,1,78,11,-1,-1,-1,-1,-1,-1
2015300011703,2,16,0,18,0,0,0,0,0,0,3,1,6,2,-1,-1,-1,-1,-1,-1,3,-1
2015300011706,1,9,0,5,0,6,0,0,0,0,3,1,6,2,48,8,-1,-1,-1,-1,1,-1
2015300011706,2,1,0,18,0,1,0,0,0,0,1,1,6,1,51,8,-1,-1,-1,-1,-1,-1
2015300011707,1,9,0,16,0,0,0,0,0,0,1,1,6,1,30,6,2720,2,11,-1,1,-1
2015300011707,2,9,0,17,0,0,0,0,0,0,3,1,6,1,46,8,1560,2,1,-1,1,-1
2015300011707,3,9,0,3,0,0,0,0,1,0,2,1,6,1,58,9,-1,-1,-1,-1,2,-1
2015300011707,4,9,0,16,0,0,0,0,0,0,3,1,6,1,-1,-1,1997,2,11,-1,2,-1
2015300011711,1,11,0,17,0,0,1,0,0,0,1,1,1,2,48,8,9600,2,21,-1,1,-1
2015300011711,2,9,0,3,0,0,0,0,0,0,3,1,2,1,31,6,2148,2,13,-1,3,-1
2015300011712,1,9,0,18,0,0,1,0,7,9,1,1,1,2,-1,-1,1124,1,10,-1,1,-1
2015300011714,1,19,0,1,0,0,0,0,0,0,2,1,1,1,40,7,2496,2,18,-1,1,-1
2015300011714,2,3,0,4,0,0,0,0,0,0,1,1,6,1,72,10,49,1,13,-1,1,-1
2015300011715,1,3,0,18,0,0,1,0,0,0,3,1,6,1,18,4,124,1,1,-1,1,-1
2015300011715,2,90,0,10,0,0,0,0,0,0,0,1,6,1,24,5,-1,-1,-1,-1,1,-1
2015300011723,1,9,0,18,0,0,2,0,1,2,4,1,2,2,52,8,-1,-1,-1,-1,1,-1
2015300011724,1,19,0,18,0,4,0,0,0,0,2,1,6,3,-1,-1,-1,-1,-1,-1,-1,-1
2015300011724,2,8,0,3,0,8,0,0,0,0,2,1,6,1,33,6,-1,-1,-1,-1,-1,-1
2015300011726,1,9,0,15,0,0,1,0,7,0,4,1,6,2,52,8,-1,-1,-1,-1,-1,-1
2015300011726,2,9,0,18,0,0,0,0,0,0,1,1,6,1,29,6,-1,-1,-1,-1,1,-1
2015300011728,1,9,0,18,0,0,0,0,0,0,1,1,6,1,34,6,1896,2,14,-1,1,-1
2015300011728,2,9,0,18,0,0,0,0,1,10,1,1,6,1,45,7,-1,-1,-1,-1,2,-1
2015300011728,3,9,0,18,0,0,1,0,0,0,1,1,6,1,51,8,2685,2,12,-1,1,-1
2015300011729,1,9,0,9,0,5,0,0,0,0,1,1,6,1,57,9,1598,1,14,-1,1,-1
2015300011729,2,1,0,18,4,8,0,0,0,0,3,1,2,1,43,7,-1,-1,-1,-1,1,-1
2015300011738,1,9,0,17,0,0,2,0,0,0,1,1,6,2,28,6,-1,-1,-1,-1,-1,-1
2015300011739,1,1,0,5,0,0,0,0,0,0,3,1,6,1,43,7,-1,-1,-1,-1,1,-1
2015300011739,2,9,0,13,0,0,0,0,0,0,4,1,6,3,-1,-1,-1,-1,-1,-1,-1,-1
2015300011740,1,21,0,4,0,0,0,0,0,0,1,1,1,1,28,6,-1,-1,-1,-1,-1,-1
2015300011740,2,9,0,4,0,0,0,0,0,0,2,1,6,2,20,4,1360,1,3,-1,-1,-1
2015300011741,1,9,0,18,0,0,0,0,0,0,1,1,6,1,-1,-1,1995,2,3,-1,3,-1
2015300011753,1,1,0,18,4,8,5,0,0,0,4,1,2,1,50,8,-1,-1,-1,-1,1,-1
2015300011753,2,9,0,7,0,6,0,0,0,0,1,1,6,2,-1,-1,1242,1,12,-1,1,-1
2015300011757,1,9,0,18,0,1,1,0,0,0,1,1,6,1,37,7,1896,2,8,-1,1,-1
2015300011757,2,9,0,3,0,1,0,0,0,0,2,1,6,1,40,7,-1,-1,-1,-1,1,-1
2015300011757,3,19,0,10,0,1,0,0,0,0,3,1,1,1,59,9,1560,2,1,-1,1,-1
2015300011757,4,9,0,18,0,2,0,0,0,0,1,1,6,2,28,6,1685,2,1,-1,3,-1
2015300011762,1,9,0,5,0,8,0,0,0,0,3,1,6,2,33,6,1199,1,13,-1,1,-1
2015300011762,2,1,0,18,0,1,0,0,0,0,1,1,6,1,28,6,-1,-1,-1,-1,1,-1
2015300011768,1,19,0,16,0,0,0,0,0,0,1,1,6,1,25,5,2148,2,7,-1,1,-1
2015300011768,2,9,0,17,0,0,0,0,0,0,1,1,6,2,63,9,1197,1,4,-1,3,-1
2015300011770,1,4,0,18,0,0,2,0,0,0,1,1,6,1,18,4,124,1,15,-1,1,-1
2015300011772,1,9,0,18,0,1,0,0,0,0,1,1,2,1,23,5,1124,1,19,-1,1,-1
2015300011773,1,9,0,8,0,1,0,0,0,0,1,1,6,2,25,5,1198,1,6,-1,1,-1
2015300011773,2,1,0,18,0,1,0,0,0,0,1,1,6,1,32,6,-1,-1,-1,-1,1,-1
2015300011778,1,9,0,4,0,0,0,0,0,0,1,1,6,3,-1,-1,-1,-1,-1,-1,-1,-1
2015300011778,2,9,0,4,0,0,0,0,0,0,2,1,6,3,-1,-1,-1,-1,-1,-1,-1,-1
2015300011778,3,9,0,4,0,0,0,0,0,0,2,1,6,1,35,6,1895,1,14,-1,1,-1
2015300011779,1,9,0,9,0,6,0,0,0,0,3,1,2,1,51,8,1229,1,2,-1,1,-1
2015300011779,2,9,0,18,0,1,0,0,0,0,1,1,2,1,51,8,1587,1,13,-1,1,-1
2015300011780,1,19,0,18,9,0,0,0,0,0,4,1,1,1,46,8,2402,2,4,-1,2,-1