Accident_Index,Vehicle_Reference,Vehicle_Type,Towing_and_Articulation,Vehicle_Manoeuvre,Vehicle_Location-Restricted_Lane,Junction_Location,Skidding_and_Overturning,Hit_Object_in_Carriageway,Vehicle_Leaving_Carriageway,Hit_Object_off_Carriageway,1st_Point_of_Impact,Was_Vehicle_Left_Hand_Drive?,Journey_Purpose_of_Driver,Sex_of_Driver,Age_of_Driver,Age_Band_of_Driver,Engine_Capacity_(CC),Propulsion_Code,Age_of_Vehicle,Driver_IMD_Decile,Driver_Home_Area_Type,Vehicle_IMD_Decile
2015300011783,1,1,0,9,0,6,2,0,0,0,1,1,6,1,73,10,-1,-1,-1,-1,2,-1
2015300011783,2,9,0,18,0,8,0,0,0,0,1,1,6,1,57,9,1582,2,3,-1,2,-1
2015300011787,1,9,0,18,0,8,0,0,1,10,1,1,6,1,46,8,1968,2,2,-1,-1,-1
2015300011787,2,9,0,5,0,6,0,0,0,0,1,1,6,2,24,5,1296,1,9,-1,-1,-1
2015300011788,1,8,0,5,0,0,0,0,7,10,0,1,1,1,60,9,-1,-1,-1,-1,-1,-1
2015300011788,2,19,0,13,0,0,0,0,7,10,1,1,1,1,30,6,2402,2,8,-1,1,-1
2015300011788,3,9,0,2,6,0,0,0,0,0,3,1,6,2,-1,-1,1896,2,6,-1,1,-1
2015300011790,1,9,0,18,0,1,0,0,0,0,4,1,2,2,46,8,1968,2,2,-1,1,-1
2015300011791,1,9,0,18,0,0,0,0,0,0,4,1,1,2,26,6,1596,1,8,-1,1,-1
2015300011793,1,9,0,9,0,5,0,0,0,0,1,1,2,1,63,9,-1,-1,-1,-1,1,-1
2015300011801,1,11,0,4,0,0,1,0,1,5,1,1,6,1,59,9,9360,2,8,-1,1,-1
2015300011806,1,9,0,18,0,0,0,0,0,0,1,1,6,2,-1,-1,1329,1,6,-1,-1,-1
2015300011806,2,9,0,18,0,0,0,0,0,0,1,1,6,2,50,8,1390,1,4,-1,-1,-1
2015300011808,1,9,0,18,0,1,1,0,2,2,1,1,6,2,36,7,2184,2,8,-1,1,-1
2015300011808,2,9,0,2,0,1,0,0,0,0,1,1,6,1,64,9,1997,2,12,-1,2,-1
2015300011811,1,9,0,8,0,1,0,0,0,0,2,1,6,2,32,6,2143,2,5,-1,2,-1
2015300011811,2,9,0,7,0,1,0,0,0,0,1,1,2,2,33,6,1495,1,9,-1,1,-1
2015300011814,1,9,0,17,0,0,1,0,0,0,2,1,2,1,26,6,-1,-1,-1,-1,-1,-1
2015300011814,2,9,0,16,0,0,0,0,0,0,1,1,6,2,35,6,1360,1,8,-1,1,-1
2015300011823,1,9,0,7,0,6,1,0,0,0,4,1,6,1,73,10,-1,-1,-1,-1,3,-1
2015300011823,2,9,0,18,0,8,0,0,0,0,1,1,6,2,68,10,1968,2,2,-1,1,-1
2015300011825,1,9,0,18,0,0,0,0,0,0,1,1,6,1,37,7,2497,1,9,-1,1,-1
2015300011825,2,9,0,18,0,0,0,0,0,0,1,1,6,1,56,9,1995,2,10,-1,1,-1
2015300011833,1,21,1,5,0,4,0,0,0,0,4,1,1,1,59,9,12130,2,12,-1,1,-1
2015300011833,2,9,0,5,0,4,0,0,0,0,3,1,2,2,49,8,998,1,4,-1,2,-1
2015300011834,1,9,0,18,0,0,0,0,0,0,2,1,2,2,52,8,698,1,12,-1,1,-1
2015300011834,2,9,0,18,0,0,0,0,0,0,1,1,6,1,23,5,-1,-1,-1,-1,1,-1
2015300011835,1,9,0,16,0,3,5,0,7,7,1,1,6,1,32,6,2457,1,8,-1,1,-1
2015300011835,2,9,0,18,0,2,0,0,0,0,4,1,6,1,-1,-1,2199,2,1,-1,1,-1
2015300011839,1,9,0,9,0,1,0,0,0,0,0,1,6,3,-1,-1,-1,-1,-1,-1,-1,-1
2015300011839,2,19,0,3,0,1,0,0,0,0,2,1,1,1,26,6,2198,2,2,-1,1,-1
2015300011839,3,9,0,4,0,1,1,0,0,0,2,1,6,2,37,7,1997,2,7,-1,1,-1
2015300011839,4,9,0,4,0,1,1,4,0,0,1,1,6,1,25,5,1995,2,5,-1,1,-1
2015300011851,1,9,0,18,0,1,0,0,0,0,1,1,1,1,35,6,1968,2,2,-1,1,-1
2015300011851,2,9,0,5,0,4,0,0,0,0,2,1,1,2,27,6,1398,2,3,-1,1,-1
2015300011854,1,9,0,18,0,0,1,0,0,0,1,1,4,2,49,8,2231,2,9,-1,-1,-1
2015300011855,1,9,0,4,0,0,0,0,0,0,2,1,6,1,40,7,1896,2,12,-1,1,-1
2015300011855,2,9,0,4,0,0,0,0,0,0,2,1,6,2,-1,-1,1598,1,12,-1,-1,-1
2015300011855,3,9,0,4,0,0,0,0,0,0,1,1,6,1,31,6,1199,1,12,-1,1,-1
2015300011857,1,9,0,13,0,0,1,7,7,6,1,1,6,1,21,5,-1,-1,-1,-1,1,-1
2015300011857,2,9,0,18,0,0,0,0,0,0,2,1,1,1,-1,-1,2993,2,4,-1,3,-1
2015300011858,1,9,0,18,0,8,0,0,0,0,1,1,6,1,18,4,-1,-1,-1,-1,3,-1
2015300011858,2,9,0,9,0,8,0,0,0,0,1,1,2,1,29,6,-1,-1,-1,-1,1,-1
2015300011861,1,9,0,16,0,0,2,0,0,0,3,1,6,2,18,4,-1,-1,-1,-1,1,-1
2015300011861,2,9,0,17,0,0,0,0,0,0,3,1,6,2,30,6,1242,1,3,-1,1,-1
2015300011864,1,9,0,18,0,0,0,0,0,0,4,1,6,1,46,8,1396,2,2,-1,1,-1
2015300011874,1,9,0,9,0,1,0,0,0,0,1,1,6,1,31,6,1598,1,4,-1,1,-1
2015300011874,2,9,0,9,0,8,0,0,0,0,3,1,6,1,46,8,1248,2,9,-1,2,-1
2015300011875,1,1,0,17,0,2,1,0,0,0,4,1,2,1,49,8,-1,-1,-1,-1,1,-1
2015300011878,1,1,0,17,0,2,1,0,0,0,3,1,2,1,41,7,-1,-1,-1,-1,1,-1
2015300011881,1,9,0,5,0,0,0,0,0,0,3,1,6,3,-1,-1,1149,1,7,-1,-1,-1
2015300011881,2,9,0,18,0,0,0,0,0,0,4,1,6,1,54,8,999,1,13,-1,1,-1
2015300011883,1,9,0,18,0,8,0,2,2,1,4,1,2,2,38,7,1240,1,7,-1,3,-1
2015300011883,2,9,0,9,0,6,0,0,0,0,1,1,2,1,27,6,998,1,6,-1,1,-1
2015300011894,1,21,1,11,0,0,0,0,0,0,1,1,1,1,54,8,12900,2,4,-1,2,-1
2015300011894,2,9,0,18,0,0,0,0,0,0,3,1,6,1,50,8,1968,2,1,-1,2,-1
2015300011897,1,9,0,18,0,3,0,0,0,0,1,1,6,1,-1,-1,1998,1,2,-1,1,-1
2015300011897,2,9,0,17,0,8,0,0,0,0,3,1,2,1,41,7,-1,-1,-1,-1,1,-1
2015300011900,1,9,0,18,0,1,0,0,0,0,1,1,6,2,50,8,1968,2,4,-1,1,-1
2015300011902,1,9,0,16,0,0,1,0,7,0,1,1,6,1,25,5,-1,-1,-1,-1,1,-1
2015300011902,2,9,0,17,0,0,0,0,1,0,3,1,3,2,70,10,-1,-1,-1,-1,1,-1
2015300011902,3,9,0,17,0,0,0,0,0,0,1,1,3,2,27,6,-1,-1,-1,-1,1,-1
2015300011902,4,9,0,17,0,0,0,0,0,0,1,1,3,2,39,7,1360,1,5,-1,1,-1
2015300011903,1,9,0,9,0,2,0,0,0,0,1,1,6,1,23,5,1986,2,10,-1,1,-1
2015300011913,1,9,0,13,0,1,0,0,0,0,1,1,6,1,22,5,-1,-1,-1,-1,1,-1
2015300011913,2,9,0,9,0,8,0,0,0,0,1,1,6,2,26,6,1149,1,12,-1,1,-1
2015300011913,3,9,0,18,0,1,0,0,0,0,0,1,6,3,-1,-1,-1,-1,-1,-1,-1,-1
2015300011914,1,9,0,9,0,8,0,0,0,0,1,1,3,2,52,8,1242,1,13,-1,1,-1
2015300011914,2,4,0,13,0,1,2,10,7,0,1,1,6,1,52,8,249,1,31,-1,3,-1
2015300011918,1,9,0,4,0,0,0,0,0,0,1,1,2,1,35,6,1461,2,11,-1,1,-1
2015300011918,2,9,0,3,0,0,0,0,0,0,2,1,2,2,25,5,1870,2,10,-1,1,-1
2015300011919,1,9,0,17,0,0,0,0,0,0,1,1,6,1,22,5,1596,1,1,-1,3,-1
2015300011919,2,9,0,16,0,0,1,0,0,0,1,1,1,1,45,7,-1,-1,-1,-1,1,-1
2015300011921,1,21,1,13,0,0,0,0,0,0,1,1,1,1,47,8,12777,2,2,-1,-1,-1
2015300011921,2,17,0,18,0,0,0,0,1,9,2,1,1,1,48,8,6600,2,3,-1,3,-1
2015300011923,1,1,0,5,0,6,0,0,0,0,1,1,4,2,13,3,-1,-1,-1,-1,1,-1
2015300011923,2,9,0,18,0,8,0,0,0,0,4,1,2,2,18,4,1398,2,13,-1,1,-1
2015300011924,1,9,0,18,0,8,0,0,8,2,4,1,2,1,18,4,1596,1,1,-1,1,-1
2015300011924,2,9,0,5,0,4,0,0,0,0,1,1,6,2,77,11,-1,-1,-1,-1,1,-1
2015300011925,1,9,0,4,0,0,0,0,0,0,2,1,2,2,25,5,1461,2,4,-1,1,-1
2015300011925,2,19,0,17,0,0,0,0,0,0,1,1,2,1,32,6,2143,2,1,-1,-1,-1
2015300011926,1,9,0,7,0,8,0,0,0,0,1,1,6,2,34,6,1968,2,8,-1,1,-1
2015300011926,2,1,0,18,0,1,0,0,0,0,1,1,2,2,43,7,-1,-1,-1,-1,1,-1
2015300011928,1,9,0,18,0,0,0,0,0,0,1,1,1,1,-1,-1,-1,-1,-1,-1,2,-1
2015300011930,1,19,0,18,9,1,0,0,1,5,1,1,1,1,21,5,2143,2,2,-1,1,-1
2015300011935,1,9,0,4,0,0,0,0,0,0,2,1,6,1,33,6,1984,2,2,-1,3,-1
2015300011935,2,4,0,18,0,0,2,0,0,0,1,1,6,1,47,8,400,1,5,-1,1,-1
2015300011939,1,9,0,5,0,6,0,0,0,0,4,1,6,1,22,5,1595,1,14,-1,1,-1
2015300011941,1,9,0,6,0,1,1,0,0,0,4,1,1,2,51,8,1360,1,3,-1,1,-1
2015300011941,2,9,0,5,0,1,0,0,0,0,3,1,6,1,22,5,2521,1,9,-1,1,-1
2015300011950,1,9,0,14,0,2,0,0,0,0,0,1,6,2,33,6,1685,2,1,-1,1,-1
2015300011950,2,19,0,2,0,2,0,0,0,0,0,1,6,3,-1,-1,-1,-1,-1,-1,-1,-1
2015300011958,1,20,0,2,0,0,0,0,0,0,2,1,1,1,51,8,3920,2,6,-1,1,-1
2015300011958,2,9,0,4,0,0,1,4,0,0,1,1,6,1,71,10,999,1,3,-1,3,-1
2015300011958,3,9,0,4,0,0,1,0,0,0,1,1,6,1,58,9,1968,2,2,-1,1,-1
2015300011960,1,9,0,18,0,1,0,0,0,0,1,1,1,1,22,5,1388,1,12,-1,1,-1
2015300011960,2,9,0,5,0,8,0,0,0,0,4,1,1,1,-1,-1,1997,2,7,-1,1,-1
2015300011961,1,9,0,9,0,6,0,0,1,0,4,1,6,2,21,5,-1,-1,-1,-1,3,-1
2015300011961,2,9,0,18,0,8,0,0,0,0,1,1,2,1,25,5,1956,2,6,-1,-1,-1
2015300011967,1,9,0,9,0,5,0,0,0,0,1,1,6,1,32,6,1796,1,9,-1,1,-1
2015300011970,1,9,0,18,0,0,1,0,0,0,4,1,6,1,32,6,1360,1,9,-1,2,-1
2015300011970,2,9,0,18,0,0,0,0,0,0,3,1,6,1,26,6,2993,2,11,-1,1,-1
2015300011970,3,9,0,18,0,0,0,0,0,0,1,1,6,1,19,4,-1,-1,-1,-1,1,-1
2015300011971,1,9,0,17,0,0,0,0,0,0,1,1,6,1,20,4,2792,1,6,-1,2,-1
2015300011971,2,9,0,16,0,0,1,0,0,0,1,1,6,1,47,8,-1,-1,-1,-1,1,-1
2015300011972,1,9,0,18,0,0,0,0,0,0,3,1,6,1,27,6,1590,1,15,-1,1,-1
2015300011975,1,19,0,17,0,0,1,0,2,10,4,1,1,1,28,6,1997,2,3,-1,1,-1
2015300011975,2,9,0,16,0,0,1,0,0,0,1,1,6,1,22,5,-1,-1,-1,-1,-1,-1
2015300011977,1,90,0,18,0,8,2,0,2,4,4,1,6,1,78,11,-1,-1,-1,-1,1,-1
2015300011978,1,9,0,14,0,0,1,0,0,0,1,1,6,1,76,11,1598,1,4,-1,-1,-1
2015300011978,2,9,0,18,0,0,0,0,0,0,1,1,6,2,22,5,-1,-1,-1,-1,-1,-1
2015300011978,3,9,0,18,0,0,1,0,0,0,1,1,6,1,27,6,1896,2,9,-1,-1,-1
2015300011978,4,19,0,2,0,0,0,0,0,0,0,1,1,3,-1,-1,-1,-1,-1,-1,-1,-1
2015300011981,1,9,0,18,0,0,1,0,7,2,1,1,2,1,34,6,1198,1,10,-1,2,-1
2015300011982,1,9,0,16,0,0,5,0,0,0,1,1,6,2,24,5,1242,1,2,-1,-1,-1
2015300011985,1,9,0,4,0,1,0,0,0,0,3,1,6,2,34,6,1596,1,11,-1,-1,-1
2015300011985,2,9,0,4,0,1,0,0,0,0,2,1,6,1,-1,-1,1991,1,1,-1,-1,-1
2015300011987,1,9,0,17,0,0,2,0,1,10,1,1,2,1,21,5,-1,-1,-1,-1,3,-1
2015300011994,1,19,0,7,0,8,0,0,0,0,2,1,1,1,-1,-1,2999,2,4,-1,1,-1
2015300011994,2,9,0,17,0,1,1,0,0,0,1,1,1,2,43,7,1896,2,7,-1,1,-1
2015300012001,1,9,0,18,0,0,0,0,0,0,3,1,6,1,56,9,1968,2,2,-1,3,-1
2015300012003,1,9,0,18,0,0,0,0,0,0,1,1,6,2,49,8,1596,1,4,-1,1,-1
2015300012003,2,9,0,18,0,0,0,0,0,0,1,1,6,1,68,10,1995,2,3,-1,-1,-1
2015300012005,1,2,0,17,0,0,0,0,0,0,1,1,1,1,18,4,124,1,1,-1,-1,-1
2015300012006,1,9,0,18,0,8,1,7,2,7,1,1,6,1,23,5,1796,1,4,-1,1,-1
2015300012014,1,9,0,9,0,4,0,0,0,0,1,1,6,1,28,6,3200,1,9,-1,1,-1
2015300012014,2,1,0,18,0,8,0,0,0,0,1,1,6,2,46,8,-1,-1,-1,-1,1,-1
2015300012021,1,9,0,16,0,0,1,0,7,10,1,1,6,2,26,6,1796,1,11,-1,3,-1
2015300012022,1,9,0,18,0,0,1,0,7,4,1,1,6,1,32,6,-1,-1,-1,-1,1,-1
2015300012025,1,9,0,17,0,0,0,0,0,0,4,1,6,1,41,7,1590,1,11,-1,1,-1
2015300012025,2,1,0,17,0,0,0,0,0,0,3,1,6,2,50,8,-1,-1,-1,-1,1,-1
2015300012037,1,21,0,18,0,8,0,0,0,0,1,1,1,1,-1,-1,7790,2,3,-1,1,-1
2015300012037,2,9,0,18,0,6,0,0,0,0,3,1,2,1,43,7,1968,2,5,-1,1,-1
2015300012039,1,9,0,18,0,0,5,0,2,7,1,1,2,2,24,5,-1,-1,-1,-1,1,-1
2015300012040,1,9,0,6,0,0,0,0,0,0,0,1,6,3,-1,-1,-1,-1,-1,-1,-1,-1
2015300012040,2,1,0,18,0,0,0,0,0,0,1,1,6,2,40,7,-1,-1,-1,-1,1,-1
2015300012040,3,1,0,18,0,0,0,0,0,0,2,1,6,3,-1,-1,-1,-1,-1,-1,-1,-1
2015300012042,1,3,0,14,0,1,0,0,0,0,1,1,6,1,18,4,-1,-1,-1,-1,1,-1
2015300012042,2,9,0,10,0,8,0,0,0,0,3,1,6,1,40,7,1997,2,7,-1,1,-1
2015300012043,1,9,0,5,0,6,0,0,0,0,1,1,6,1,76,11,1149,1,6,-1,1,-1
2015300012043,2,9,0,18,0,8,0,0,0,0,0,1,6,1,38,7,1794,1,13,-1,1,-1
2015300012044,1,9,0,12,0,0,0,0,0,0,3,1,6,2,23,5,1149,1,5,-1,1,-1
2015300012044,2,3,0,18,0,0,0,0,0,0,4,1,6,1,17,4,124,1,12,-1,1,-1
2015300012047,1,9,0,11,0,3,1,0,1,10,1,1,2,2,29,6,1388,1,15,-1,1,-1
2015300012048,1,11,0,9,0,2,0,0,0,0,1,1,1,1,46,8,6700,2,7,-1,-1,-1
2015300012049,1,9,0,18,0,8,0,0,0,0,1,1,6,1,21,5,1124,1,9,-1,-1,-1
2015300012049,2,9,0,9,0,5,0,0,0,0,4,1,6,1,41,7,1598,1,14,-1,-1,-1
2015300012050,1,1,0,18,0,8,0,0,0,0,1,1,2,1,53,8,-1,-1,-1,-1,1,-1
2015300012050,2,9,0,9,0,6,0,0,0,0,1,1,2,2,40,7,1796,1,3,-1,2,-1
2015300012051,1,9,0,18,0,2,1,0,1,3,4,1,6,1,24,5,-1,-1,-1,-1,2,-1
2015300012052,1,9,0,7,0,8,0,0,0,0,4,1,2,2,36,7,998,1,1,-1,1,-1
2015300012053,1,90,0,9,0,6,0,0,0,0,1,1,1,1,41,7,-1,-1,-1,-1,-1,-1
2015300012053,2,9,0,18,0,8,0,0,0,0,3,1,6,2,52,8,1390,1,5,-1,1,-1
2015300012054,1,9,0,9,0,8,0,0,0,0,1,1,6,1,-1,-1,-1,-1,-1,-1,-1,-1
2015300012054,2,9,0,18,0,8,0,0,0,0,3,1,6,2,64,9,1242,1,8,-1,1,-1
2015300012062,1,9,0,3,0,1,0,0,0,0,2,1,4,2,24,5,1999,1,8,-1,2,-1
2015300012062,2,9,0,5,0,1,0,0,0,0,1,1,3,2,33,6,1686,2,8,-1,2,-1
2015300012066,1,9,0,18,0,1,0,0,0,0,1,1,6,2,29,6,1598,1,11,-1,1,-1
2015300012066,2,9,0,3,0,1,0,0,0,0,2,1,6,2,22,5,1390,1,2,-1,1,-1
2015300012072,1,21,1,11,0,0,0,0,0,0,4,1,6,3,-1,-1,-1,-1,-1,-1,-1,-1
2015300012072,2,9,0,11,0,0,0,0,0,0,3,1,6,1,78,11,1560,2,2,-1,1,-1
2015300012074,1,9,0,16,0,0,0,0,2,0,1,1,6,1,28,6,1598,1,11,-1,-1,-1
2015300012080,1,9,0,18,0,3,0,0,0,0,1,1,2,1,31,6,-1,-1,-1,-1,1,-1
2015300012085,1,9,0,18,0,0,0,12,0,0,1,1,1,1,45,7,1560,2,11,-1,2,-1
2015300012086,1,20,1,16,0,0,0,0,0,0,1,2,1,1,45,7,-1,-1,-1,-1,-1,-1
2015300012086,2,9,0,17,0,0,0,0,7,4,4,1,3,1,42,7,1686,2,4,-1,-1,-1
2015300012090,1,4,0,18,0,0,1,11,0,0,0,1,2,1,18,4,124,1,4,-1,2,-1
2015300012093,1,11,0,4,0,1,0,0,0,0,0,1,1,1,51,8,4250,2,13,-1,1,-1
2015300012093,2,9,0,4,0,1,0,0,0,0,0,1,6,3,51,8,1329,1,2,-1,-1,-1
2015300012095,1,19,0,18,0,4,0,0,0,0,1,1,1,1,35,6,-1,-1,-1,-1,1,-1
2015300012095,2,1,0,18,0,8,0,0,0,0,4,1,2,1,29,6,-1,-1,-1,-1,1,-1
2015300012101,1,1,0,18,0,0,0,0,0,0,1,1,6,1,15,3,-1,-1,-1,-1,-1,-1
2015300012101,2,9,0,3,0,0,0,0,0,0,2,1,2,2,22,5,1240,1,10,-1,1,-1
2015300012102,1,9,0,18,0,0,1,0,0,0,4,1,2,2,-1,-1,-1,-1,-1,-1,2,-1
2015300012102,2,9,0,18,0,0,0,0,0,0,1,1,6,1,-1,-1,1968,2,5,-1,2,-1
2015300012106,1,9,0,7,0,1,0,0,0,0,1,1,6,1,-1,-1,-1,-1,-1,-1,-1,-1
2015300012115,1,9,0,17,0,0,2,0,2,4,1,1,6,1,65,9,-1,-1,-1,-1,-1,-1
2015300012119,1,9,0,3,0,0,0,0,0,0,2,1,2,1,30,6,1560,2,9,-1,1,-1
2015300012119,2,3,0,4,0,0,1,0,0,0,1,1,1,1,26,6,124,1,6,-1,-1,-1
2015300012120,1,9,0,17,0,8,0,0,0,0,1,1,2,1,59,9,2179,2,4,-1,3,-1
2015300012120,2,9,0,7,0,8,0,0,0,0,1,1,2,1,23,5,-1,-1,-1,-1,3,-1
2015300012121,1,9,0,9,0,6,0,0,0,0,1,1,2,2,54,8,1398,1,1,-1,-1,-1
2015300012126,1,9,0,16,0,0,0,0,0,0,4,1,6,2,-1,-1,1598,1,11,-1,-1,-1
2015300012126,2,9,0,17,0,0,0,0,0,0,1,1,6,2,-1,-1,1242,1,7,-1,-1,-1
2015300012129,1,9,0,13,0,0,0,0,1,0,4,1,6,1,24,5,998,1,9,-1,1,-1
2015300012129,2,9,0,18,0,0,0,0,1,0,3,1,6,1,44,7,2143,2,1,-1,1,-1
2015300012135,1,9,0,9,0,5,0,0,0,0,1,1,6,1,34,6,1242,1,14,-1,1,-1
2015300012135,2,4,0,18,0,8,1,0,0,0,1,1,6,1,19,4,125,1,6,-1,1,-1
2015300012137,1,9,0,7,0,1,0,0,0,0,2,1,6,1,74,10,1229,1,6,-1,1,-1
2015300012137,2,3,0,18,0,1,1,0,0,0,1,1,2,1,24,5,125,1,5,-1,1,-1
2015300012147,1,9,0,16,0,7,1,0,0,0,1,1,6,2,25,5,-1,-1,-1,-1,1,-1
2015300012147,2,9,0,18,0,1,0,0,0,0,1,1,2,1,55,8,1997,2,1,-1,2,-1
2015300012153,1,9,0,18,0,8,0,0,2,0,1,1,2,1,20,4,1197,1,2,-1,1,-1
2015300012153,2,9,0,18,0,8,0,0,0,0,1,1,3,2,27,6,2204,2,6,-1,-1,-1
2015300012159,1,9,0,10,0,8,0,0,7,0,2,1,6,1,50,8,-1,-1,-1,-1,-1,-1
2015300012159,2,21,1,18,0,1,1,0,0,0,1,1,1,1,23,5,11946,2,3,-1,3,-1
2015300012159,3,9,0,18,0,1,0,0,0,0,1,1,6,2,40,7,2179,2,7,-1,1,-1
2015300012159,4,21,1,18,0,1,1,0,0,0,1,1,1,1,22,5,12777,2,7,-1,3,-1
2015300012164,1,9,0,1,0,8,0,0,0,0,2,1,6,1,-1,-1,995,1,7,-1,1,-1
2015300012166,1,9,0,3,0,0,0,0,0,0,2,1,1,1,42,7,1686,2,4,-1,-1,-1
2015300012166,2,9,0,18,0,0,0,0,0,0,1,1,1,1,33,6,1753,2,12,-1,1,-1
2015300012167,1,9,0,13,0,0,0,0,0,0,0,1,6,3,-1,-1,-1,-1,-1,-1,-1,-1
2015300012167,2,9,0,17,0,0,0,0,0,0,0,1,6,3,-1,-1,-1,-1,-1,-1,-1,-1
2015300012167,3,9,0,16,0,0,1,0,1,4,1,1,6,1,31,6,2261,1,11,-1,1,-1
2015300012182,1,9,0,5,0,1,0,0,0,0,1,1,6,1,-1,-1,1598,1,7,-1,3,-1
2015300012182,2,1,0,18,0,1,0,0,0,0,1,1,6,1,68,10,-1,-1,-1,-1,2,-1
2015300012186,1,9,0,7,0,1,0,0,0,0,1,1,3,2,53,8,2143,2,-1,-1,1,-1
2015300012186,2,9,0,7,0,6,0,0,0,0,2,1,3,2,41,7,2720,2,9,-1,1,-1
2015300012192,1,9,0,5,0,0,0,0,0,0,1,1,6,1,74,10,1998,1,16,-1,1,-1
2015300012192,2,9,0,4,0,0,0,0,0,0,0,1,6,2,33,6,1799,1,7,-1,1,-1
2015300012193,1,9,0,5,0,6,0,0,0,0,4,1,6,1,28,6,1582,2,6,-1,1,-1
2015300012193,2,1,0,18,0,8,5,0,0,0,1,1,1,1,23,5,-1,-1,-1,-1,1,-1
2015300012194,1,9,0,18,0,0,1,0,0,0,1,1,6,1,49,8,-1,-1,-1,-1,1,-1
2015300012194,2,9,0,18,0,0,0,0,0,0,2,1,6,1,60,9,-1,-1,-1,-1,1,-1
2015300012198,1,9,0,17,0,2,1,0,0,0,1,1,6,2,31,6,1753,2,12,-1,1,-1
2015300012198,2,9,0,16,0,8,0,0,0,0,1,1,6,2,78,11,1596,1,3,-1,3,-1
2015300012199,1,3,0,9,0,8,0,0,0,0,4,1,2,1,22,5,124,1,1,-1,1,-1
2015300012199,2,9,0,18,0,4,0,0,0,0,3,1,2,1,56,9,1598,2,1,-1,1,-1
2015300012201,1,9,0,18,0,1,0,0,0,0,1,1,6,2,-1,-1,1598,1,-1,-1,-1,-1
2015300012201,2,9,0,18,0,1,0,0,0,0,2,1,6,1,26,6,1796,1,10,-1,1,-1
2015300012201,3,9,0,18,0,1,0,0,0,0,2,1,6,1,18,4,1199,1,12,-1,-1,-1
2015300012209,1,9,0,4,0,0,0,0,0,0,2,1,6,2,50,8,1587,1,10,-1,1,-1
2015300012209,2,9,0,16,0,0,1,0,0,0,1,1,6,1,27,6,1368,1,5,-1,2,-1
2015300012210,1,3,0,18,0,0,2,0,1,0,3,1,6,2,22,5,-1,-1,-1,-1,-1,-1
2015300012210,2,9,0,13,0,0,0,0,0,0,4,1,6,3,-1,-1,-1,-1,-1,-1,-1,-1
2015300012211,1,20,0,18,0,0,0,0,0,0,3,1,1,1,42,7,5880,2,9,-1,1,-1
2015300012211,2,9,0,18,0,0,0,0,0,0,4,1,6,2,32,6,1968,2,2,-1,1,-1
2015300012216,1,9,0,5,0,1,0,0,0,0,1,1,6,2,-1,-1,1997,2,15,-1,1,-1
2015300012216,2,9,0,3,0,1,0,0,0,0,2,1,1,1,48,8,1796,1,12,-1,1,-1
2015300012217,1,90,0,13,0,0,0,0,0,0,1,1,6,1,76,11,-1,-1,-1,-1,1,-1
2015300012217,2,1,0,17,0,0,0,0,0,0,3,1,6,1,59,9,-1,-1,-1,-1,1,-1
2015300012222,1,9,0,17,0,0,2,0,0,0,1,1,6,2,18,4,-1,-1,-1,-1,2,-1
2015300012225,1,9,0,18,0,0,0,0,0,0,4,1,6,2,46,8,1998,1,7,-1,1,-1
2015300012225,2,1,0,18,0,0,0,0,0,0,1,1,6,1,17,4,-1,-1,-1,-1,3,-1
2015300012230,1,9,0,12,0,8,0,0,0,0,1,1,1,2,30,6,1686,2,3,-1,1,-1
2015300012230,2,9,0,9,0,8,0,0,0,0,3,1,6,1,55,8,1984,1,14,-1,1,-1
2015300012231,1,11,0,16,0,0,1,0,8,0,1,1,1,1,45,7,5883,2,14,-1,1,-1
2015300012231,2,9,0,17,0,0,0,0,1,10,1,1,6,1,64,9,2993,2,5,-1,1,-1
2015300012231,3,9,0,3,0,0,0,0,0,0,2,1,6,1,22,5,1242,1,9,-1,1,-1
2015300012231,4,9,0,18,0,0,0,0,0,0,1,1,6,1,70,10,2401,2,13,-1,1,-1
2015300012231,5,9,0,2,0,0,0,0,0,0,0,1,6,3,-1,-1,-1,-1,-1,-1,-1,-1
2015300012232,1,9,0,10,0,8,0,0,0,0,3,1,6,2,21,5,998,1,15,-1,1,-1
2015300012232,2,11,0,17,0,8,0,0,0,0,3,1,1,1,57,9,9000,2,11,-1,3,-1
2015300012233,1,9,0,18,0,0,0,0,1,2,1,1,2,2,30,6,-1,-1,-1,-1,1,-1
2015300012235,1,1,0,16,0,0,1,0,0,0,1,1,6,1,31,6,-1,-1,-1,-1,-1,-1
2015300012235,2,9,0,4,0,0,0,0,0,0,3,1,6,2,67,10,1198,1,4,-1,2,-1
2015300012237,1,9,0,18,0,8,0,0,0,0,4,1,6,2,60,9,1910,2,7,-1,1,-1
2015300012237,2,9,0,9,0,6,0,0,0,0,3,1,6,2,31,6,-1,-1,-1,-1,1,-1
2015300012240,1,9,0,5,0,2,0,0,0,0,1,1,6,3,-1,-1,-1,-1,-1,-1,-1,-1
2015300012248,1,9,0,17,0,0,0,0,0,0,4,1,6,2,30,6,1560,2,4,-1,1,-1
2015300012250,1,9,0,11,0,0,1,0,0,0,1,1,6,2,18,4,1149,1,11,-1,2,-1
2015300012251,1,9,0,9,0,6,0,0,7,0,1,1,2,1,32,6,-1,-1,-1,-1,1,-1
2015300012251,2,9,0,18,0,1,0,0,7,0,1,1,6,1,22,5,1896,2,14,-1,1,-1