Accident_Index,Vehicle_Reference,Vehicle_Type,Towing_and_Articulation,Vehicle_Manoeuvre,Vehicle_Location-Restricted_Lane,Junction_Location,Skidding_and_Overturning,Hit_Object_in_Carriageway,Vehicle_Leaving_Carriageway,Hit_Object_off_Carriageway,1st_Point_of_Impact,Was_Vehicle_Left_Hand_Drive?,Journey_Purpose_of_Driver,Sex_of_Driver,Age_of_Driver,Age_Band_of_Driver,Engine_Capacity_(CC),Propulsion_Code,Age_of_Vehicle,Driver_IMD_Decile,Driver_Home_Area_Type,Vehicle_IMD_Decile
2015300012251,3,9,0,2,9,1,0,0,0,0,3,1,6,1,49,8,-1,-1,-1,-1,1,-1
2015300012251,4,9,0,2,9,1,0,0,0,0,2,1,6,1,-1,-1,1797,8,1,-1,-1,-1
2015300012252,1,9,0,18,0,0,0,0,0,0,1,1,6,2,25,5,-1,-1,-1,-1,1,-1
2015300012252,2,9,0,3,0,0,0,0,0,0,2,1,6,1,35,6,1582,2,3,-1,1,-1
2015300012252,3,9,0,3,0,0,0,0,0,0,2,1,6,1,40,7,1598,2,3,-1,1,-1
2015300012255,1,9,0,5,0,4,0,0,0,0,1,1,6,2,20,4,1686,2,11,-1,2,-1
2015300012255,2,9,0,5,0,4,0,0,0,0,2,1,6,1,59,9,1398,2,6,-1,-1,-1
2015300012258,1,9,0,18,0,4,0,0,0,0,1,1,6,2,49,8,1598,1,7,-1,-1,-1
2015300012258,2,1,0,9,0,8,0,0,0,0,4,1,1,1,67,10,-1,-1,-1,-1,2,-1
2015300012259,1,9,0,16,0,7,1,0,1,2,1,1,2,1,20,4,-1,-1,-1,-1,-1,-1
2015300012260,1,9,0,18,0,4,0,0,0,0,1,1,2,1,22,5,1390,1,6,-1,1,-1
2015300012260,2,1,0,18,0,8,5,0,0,0,4,1,2,1,31,6,-1,-1,-1,-1,1,-1
2015300012261,1,4,0,18,0,1,0,0,0,0,1,1,1,1,38,7,250,1,26,-1,1,-1
2015300012261,2,9,0,9,0,6,0,0,0,0,3,1,1,1,47,8,1896,2,10,-1,1,-1
2015300012263,1,9,0,18,0,8,0,0,0,0,1,1,6,1,48,8,1783,1,12,-1,2,-1
2015300012263,2,9,0,9,0,5,0,0,0,0,1,1,6,2,49,8,2987,2,5,-1,3,-1
2015300012263,3,9,0,8,0,1,0,0,0,0,1,1,3,2,42,7,1598,1,14,-1,2,-1
2015300012264,1,9,0,9,0,8,0,0,0,0,1,1,2,2,29,6,1242,1,13,-1,1,-1
2015300012264,2,3,0,18,0,8,0,0,0,0,1,1,6,1,24,5,124,1,6,-1,1,-1
2015300012273,1,21,0,18,0,1,0,0,0,0,1,1,1,1,27,6,12777,2,8,-1,1,-1
2015300012273,2,9,0,4,0,1,0,0,0,0,2,1,1,1,30,6,1499,2,1,-1,1,-1
2015300012277,1,9,0,18,0,8,0,0,0,0,4,1,6,2,46,8,2148,2,6,-1,1,-1
2015300012277,2,9,0,18,0,6,0,0,0,0,1,1,6,1,-1,-1,1560,2,3,-1,-1,-1
2015300012280,1,9,0,14,0,8,1,0,8,0,1,1,6,2,18,4,1299,1,13,-1,1,-1
2015300012280,2,9,0,2,0,8,0,0,0,0,1,1,6,1,56,9,1560,2,3,-1,1,-1
2015300012296,1,9,0,3,0,0,0,0,0,0,0,1,6,3,-1,-1,-1,-1,-1,-1,-1,-1
2015300012296,2,1,0,4,0,0,2,0,0,0,3,1,6,1,48,8,-1,-1,-1,-1,-1,-1
2015300012298,1,9,0,18,0,0,0,0,0,0,1,1,6,2,25,5,1984,1,6,-1,1,-1
2015300012298,2,9,0,18,0,0,0,0,0,0,2,1,6,1,44,7,1461,2,6,-1,1,-1
2015300012298,3,9,0,18,0,0,0,0,0,0,2,1,6,2,42,7,1997,2,4,-1,1,-1
2015300012298,4,9,0,18,0,0,0,0,0,0,2,1,6,2,47,8,1399,2,12,-1,1,-1
2015300012303,1,9,0,7,0,1,0,4,0,0,1,1,6,2,36,7,1149,1,10,-1,1,-1
2015300012303,2,9,0,9,0,2,0,0,0,0,1,1,4,1,18,4,1296,1,9,-1,1,-1
2015300012303,3,9,0,2,0,1,0,0,0,0,1,1,6,1,19,4,999,1,12,-1,-1,-1
2015300012305,1,9,0,18,0,0,0,0,0,0,4,1,6,1,34,6,1560,2,8,-1,2,-1
2015300012307,1,9,0,9,0,6,0,0,0,0,4,1,1,1,-1,-1,1360,1,14,-1,1,-1
2015300012307,2,5,0,18,0,8,0,0,0,0,1,1,6,1,20,4,599,1,15,-1,1,-1
2015300012317,1,9,0,13,0,8,0,0,0,0,1,1,2,1,30,6,-1,-1,-1,-1,1,-1
2015300012317,2,9,0,7,0,6,0,0,0,0,1,1,2,1,63,9,-1,-1,-1,-1,1,-1
2015300012317,3,90,0,18,0,1,0,0,0,0,0,1,1,3,-1,-1,-1,-1,-1,-1,-1,-1
2015300012319,1,9,0,16,0,0,5,0,0,0,1,1,6,1,18,4,-1,-1,-1,-1,1,-1
2015300012319,2,9,0,17,0,0,0,0,0,0,1,1,6,2,54,8,2720,2,6,-1,3,-1
2015300012322,1,1,0,18,9,0,0,0,0,0,3,1,2,1,24,5,-1,-1,-1,-1,-1,-1
2015300012322,2,9,0,4,0,0,0,0,0,0,1,1,2,1,45,7,2987,2,3,-1,1,-1
2015300012324,1,9,0,18,0,1,2,7,1,1,1,2,6,2,73,10,-1,-1,-1,-1,-1,-1
2015300012328,1,19,0,17,0,4,0,0,0,0,3,1,1,1,42,7,4249,2,8,-1,1,-1
2015300012328,2,3,0,17,0,4,0,0,0,0,4,1,6,1,24,5,124,1,8,-1,1,-1
2015300012329,1,9,0,13,0,0,0,0,0,0,0,1,6,1,26,6,-1,-1,-1,-1,1,-1
2015300012329,2,9,0,18,0,0,1,0,0,0,1,1,6,2,29,6,-1,-1,-1,-1,2,-1
2015300012329,3,9,0,18,0,0,0,0,0,0,1,1,6,1,40,7,2231,2,5,-1,-1,-1
2015300012329,4,20,0,18,0,0,0,0,0,0,0,1,6,3,-1,-1,-1,-1,-1,-1,-1,-1
2015300012330,1,9,0,18,0,0,2,10,7,0,3,1,3,2,35,6,-1,-1,-1,-1,1,-1
2015300012337,1,9,0,14,0,0,0,0,0,0,4,1,6,2,22,5,1240,1,11,-1,2,-1
2015300012337,2,90,0,2,0,0,0,0,0,0,0,1,6,3,-1,-1,-1,-1,-1,-1,-1,-1
2015300012338,1,9,0,5,0,8,0,0,0,0,3,1,6,1,34,6,-1,-1,-1,-1,-1,-1
2015300012338,2,3,0,18,0,1,1,0,0,0,1,1,6,1,49,8,124,1,15,-1,1,-1
2015300012341,1,9,0,5,0,0,0,0,0,0,4,1,6,1,50,8,1796,1,13,-1,1,-1
2015300012346,1,9,0,9,0,5,5,4,0,0,1,1,6,1,87,11,-1,-1,-1,-1,3,-1
2015300012346,2,9,0,2,0,1,0,0,0,0,1,1,6,3,-1,-1,-1,-1,-1,-1,3,-1
2015300012348,1,5,0,18,0,0,1,0,0,0,0,1,6,1,52,8,592,1,20,-1,1,-1
2015300012349,1,9,0,4,0,0,0,0,0,0,2,1,6,1,45,7,1988,1,11,-1,-1,-1
2015300012349,2,9,0,4,0,0,0,0,0,0,1,1,6,2,62,9,2179,2,2,-1,-1,-1
2015300012353,1,19,0,3,0,1,0,0,0,0,2,1,1,1,57,9,1598,2,2,-1,-1,-1
2015300012353,2,9,0,3,0,1,0,0,0,0,2,1,1,2,24,5,1299,1,12,-1,1,-1
2015300012353,3,19,0,18,0,1,0,0,0,0,1,1,1,1,61,9,1997,2,2,-1,1,-1
2015300012358,1,9,0,5,0,0,0,0,0,0,1,1,6,2,74,10,1339,1,2,-1,1,-1
2015300012362,1,9,0,18,0,0,0,0,0,0,1,1,6,1,35,6,1995,2,11,-1,1,-1
2015300012362,2,9,0,14,0,0,0,0,0,0,1,1,6,1,65,9,-1,-1,-1,-1,1,-1
2015300012364,1,5,0,16,0,0,0,11,1,0,4,1,6,1,45,7,1050,1,8,-1,1,-1
2015300012372,1,9,0,4,0,1,0,0,0,0,1,1,6,2,45,7,1910,2,9,-1,1,-1
2015300012372,2,9,0,4,0,1,0,0,0,0,2,1,6,1,30,6,-1,-1,-1,-1,2,-1
2015300012375,1,9,0,4,0,0,0,0,0,0,1,1,6,1,32,6,1968,2,5,-1,1,-1
2015300012375,2,9,0,4,0,0,0,0,0,0,2,1,6,2,43,7,1998,1,12,-1,1,-1
2015300012376,1,9,0,17,0,2,0,0,1,2,1,1,6,1,68,10,1197,1,1,-1,1,-1
2015300012376,2,9,0,3,0,2,0,0,0,0,4,1,6,1,31,6,2204,2,5,-1,1,-1
2015300012379,1,5,0,18,0,0,1,0,0,0,0,1,1,1,35,6,1157,1,10,-1,2,-1
2015300012379,2,3,0,18,0,0,1,0,0,0,0,1,6,1,44,7,-1,-1,-1,-1,1,-1
2015300012382,1,9,0,15,0,0,1,0,0,0,4,1,6,1,52,8,2143,2,1,-1,1,-1
2015300012382,2,21,1,18,0,0,0,0,0,0,3,2,6,1,-1,-1,-1,-1,-1,-1,-1,-1
2015300012383,1,9,0,4,0,1,0,0,0,0,4,1,3,1,48,8,1995,2,10,-1,1,-1
2015300012383,2,1,0,18,0,1,0,0,0,0,2,1,6,1,33,6,-1,-1,-1,-1,-1,-1
2015300012399,1,9,0,13,0,0,1,0,0,0,3,1,6,1,33,6,-1,-1,-1,-1,3,-1
2015300012399,2,8,0,18,0,0,0,0,0,0,3,1,1,1,57,9,-1,-1,-1,-1,1,-1
2015300012399,3,19,0,18,0,0,0,0,0,0,3,1,1,1,55,8,2198,2,2,-1,2,-1
2015300012399,4,19,0,2,0,0,0,0,0,0,4,1,6,1,-1,-1,1686,2,10,-1,1,-1
2015300012401,1,9,0,9,0,5,0,0,0,0,4,1,6,2,71,10,-1,-1,-1,-1,-1,-1
2015300012401,2,3,0,18,0,8,0,0,0,0,1,1,6,1,22,5,124,1,5,-1,-1,-1
2015300012402,1,9,0,4,7,0,1,4,0,0,1,1,1,1,57,9,-1,-1,-1,-1,1,-1
2015300012402,2,21,2,2,6,0,0,0,0,0,2,1,1,1,49,8,7790,2,1,-1,1,-1
2015300012406,1,9,0,16,0,1,1,0,1,0,0,1,6,1,51,8,1360,1,14,-1,-1,-1
2015300012407,1,11,0,18,0,8,0,0,0,0,3,1,6,1,51,8,-1,-1,-1,-1,1,-1
2015300012407,2,9,0,9,0,6,0,0,0,0,1,1,3,2,42,7,1000,1,2,-1,1,-1
2015300012409,1,21,1,4,0,2,0,0,7,0,4,1,6,1,-1,-1,-1,-1,-1,-1,-1,-1
2015300012411,1,9,0,18,0,0,0,0,0,0,1,1,6,1,74,10,1596,1,12,-1,-1,-1
2015300012411,2,-1,0,2,0,0,0,0,0,0,1,1,6,3,45,7,-1,-1,-1,-1,-1,-1
2015300012414,1,9,0,1,0,0,0,11,1,2,2,1,6,1,17,4,998,1,2,-1,-1,-1
2015300012416,1,9,0,18,0,0,0,0,0,0,2,1,6,1,59,9,1998,2,7,-1,1,-1
2015300012416,2,9,0,18,0,0,0,0,0,0,1,1,6,3,30,6,-1,-1,-1,-1,1,-1
2015300012418,1,9,0,18,0,0,0,0,4,6,1,1,1,1,59,9,1995,2,4,-1,2,-1
2015300012418,2,9,0,4,0,0,0,0,0,0,2,1,2,1,26,6,-1,-1,-1,-1,1,-1
2015300012418,3,9,0,4,0,0,0,0,0,0,2,1,1,1,47,8,1499,2,-1,-1,1,-1
2015300012428,1,11,0,9,0,8,0,0,0,0,3,1,1,1,47,8,9360,2,4,-1,1,-1
2015300012429,1,9,0,18,0,0,0,0,0,0,1,1,6,1,27,6,1598,1,10,-1,1,-1
2015300012432,1,9,0,4,0,0,0,0,0,0,1,1,2,2,55,8,1242,1,8,-1,-1,-1
2015300012433,1,9,0,16,0,0,1,0,1,0,1,1,6,2,34,6,1248,1,4,-1,1,-1
2015300012433,2,9,0,17,0,0,1,0,1,0,1,1,6,1,19,4,-1,-1,-1,-1,2,-1
2015300012434,1,9,0,7,0,6,0,0,3,4,1,1,6,1,78,11,1198,1,10,-1,2,-1
2015300012442,1,9,0,3,0,0,0,0,0,0,0,1,6,2,29,6,998,1,5,-1,1,-1
2015300012442,2,19,0,4,0,0,0,0,0,0,2,1,6,1,22,5,1870,2,9,-1,1,-1
2015300012445,1,9,0,5,0,0,0,0,0,0,1,1,6,2,-1,-1,-1,-1,-1,-1,-1,-1
2015300012453,1,90,0,18,9,0,0,0,0,0,1,1,6,1,80,11,-1,3,-1,-1,1,-1
2015300012454,1,9,0,9,0,6,0,0,0,0,3,1,2,1,39,7,-1,-1,-1,-1,3,-1
2015300012454,2,9,0,18,0,1,0,0,0,0,4,1,2,2,36,7,1398,1,1,-1,1,-1
2015300012456,1,9,0,4,0,1,0,0,0,0,1,1,6,1,28,6,1998,1,12,-1,1,-1
2015300012459,1,9,0,17,0,0,0,0,0,0,1,1,1,1,57,9,1995,2,2,-1,1,-1
2015300012459,2,9,0,16,0,0,0,0,0,0,1,1,3,1,21,5,-1,-1,-1,-1,1,-1
2015300012459,3,9,0,2,0,0,0,0,0,0,2,1,6,1,41,7,1086,1,10,-1,1,-1
2015300012461,1,9,0,16,0,0,0,0,0,0,3,1,6,1,22,5,1796,1,10,-1,1,-1
2015300012461,2,9,0,3,0,0,0,0,0,0,3,1,6,2,44,7,1968,2,2,-1,1,-1
2015300012466,1,21,1,18,0,1,0,0,1,10,1,1,1,1,65,9,12740,2,2,-1,1,-1
2015300012469,1,9,0,18,0,4,0,0,0,0,1,1,6,2,31,6,1229,1,2,-1,1,-1
2015300012469,2,9,0,18,0,3,0,0,0,0,4,1,6,2,27,6,1580,1,20,-1,1,-1
2015300012473,1,9,0,8,0,6,0,0,0,0,1,1,6,1,-1,-1,1388,1,12,-1,2,-1
2015300012473,2,9,0,17,0,8,0,4,0,0,1,1,6,1,48,8,2495,2,15,-1,1,-1
2015300012473,3,9,0,2,0,8,0,4,0,0,1,1,6,3,-1,-1,1582,2,4,-1,1,-1
2015300012473,4,9,0,2,0,8,0,0,0,0,2,1,6,2,51,8,1339,1,8,-1,1,-1
2015300012475,1,9,0,17,0,0,1,7,0,0,1,1,6,2,19,4,-1,-1,-1,-1,1,-1
2015300012477,1,9,0,9,0,6,0,0,0,0,3,1,2,2,28,6,-1,-1,-1,-1,1,-1
2015300012477,2,9,0,18,0,8,0,0,0,0,1,1,3,2,39,7,1798,1,5,-1,1,-1
2015300012482,1,9,0,9,0,5,0,0,0,0,1,1,6,1,18,4,1796,1,5,-1,2,-1
2015300012482,2,2,0,18,0,1,0,0,0,0,1,1,6,1,18,4,49,1,6,-1,1,-1
2015300012483,1,9,0,13,0,0,2,0,8,4,1,1,2,1,56,9,2179,2,1,-1,3,-1
2015300012483,2,9,0,18,0,0,0,0,0,0,3,1,6,2,52,8,1612,1,5,-1,2,-1
2015300012487,1,9,0,16,0,0,0,0,8,10,1,1,6,2,36,7,1339,1,10,-1,3,-1
2015300012491,1,9,0,18,0,0,0,0,0,0,1,1,6,1,56,9,1968,2,6,-1,-1,-1
2015300012492,1,9,0,5,0,6,0,0,0,0,3,1,6,1,77,11,998,1,4,-1,3,-1
2015300012492,2,4,0,4,0,1,0,0,0,0,1,1,6,1,32,6,346,1,22,-1,1,-1
2015300012494,1,9,0,16,0,8,0,0,0,0,1,1,6,1,40,7,1598,1,10,-1,1,-1
2015300012501,1,11,0,4,0,8,0,0,0,0,1,1,6,1,51,8,4250,2,4,-1,1,-1
2015300012501,2,19,0,9,0,6,0,0,0,0,4,1,6,1,30,6,1560,2,1,-1,1,-1
2015300012508,1,9,0,17,0,0,0,0,0,0,1,1,2,1,47,8,-1,-1,-1,-1,1,-1
2015300012508,2,9,0,16,0,0,1,0,0,0,1,1,2,1,24,5,1198,1,12,-1,1,-1
2015300012515,1,9,0,5,0,8,0,0,0,0,1,1,6,2,59,9,1796,1,5,-1,2,-1
2015300012515,2,9,0,18,0,8,0,0,0,0,3,1,6,1,21,5,-1,-1,-1,-1,2,-1
2015300012517,1,9,0,9,0,8,0,0,0,0,0,1,6,1,80,11,2198,2,6,-1,-1,-1
2015300012517,2,5,0,18,0,1,0,0,0,0,0,1,1,1,50,8,-1,-1,-1,-1,3,-1
2015300012520,1,9,0,16,0,0,1,0,0,0,1,1,6,1,67,10,-1,-1,-1,-1,3,-1
2015300012520,2,9,0,17,0,0,0,0,1,10,1,1,6,1,51,8,1149,1,11,-1,1,-1
2015300012522,1,5,0,18,0,0,2,0,0,0,3,1,6,1,46,8,599,1,11,-1,2,-1
2015300012527,1,9,0,4,0,0,1,0,0,0,2,1,6,1,46,8,1598,2,2,-1,1,-1
2015300012527,2,9,0,14,0,0,0,0,5,0,1,1,6,1,50,8,1398,2,7,-1,1,-1
2015300012528,1,9,0,18,0,1,0,0,0,0,2,1,6,1,-1,-1,1968,2,10,-1,1,-1
2015300012528,2,9,0,18,0,1,0,0,0,0,1,1,6,2,34,6,1390,1,12,-1,1,-1
2015300012530,1,19,0,18,0,8,0,0,0,0,1,1,1,1,47,8,1753,2,2,-1,1,-1
2015300012530,2,9,0,5,0,8,0,0,0,0,1,1,6,1,47,8,1149,1,10,-1,1,-1
2015300012535,1,9,0,17,0,0,1,0,0,0,1,1,6,1,17,4,1242,1,16,-1,3,-1
2015300012539,1,21,0,5,0,6,0,0,1,0,1,1,1,1,53,8,-1,-1,-1,-1,3,-1
2015300012539,2,9,0,4,0,2,0,0,0,0,2,1,6,2,35,6,1328,1,12,-1,1,-1
2015300012540,1,9,0,17,0,8,0,0,0,0,1,1,6,1,25,5,1984,1,-1,-1,-1,-1
2015300012540,2,9,0,5,0,4,0,0,0,0,3,1,6,1,84,11,1560,2,5,-1,-1,-1
2015300012543,1,9,0,9,0,1,0,0,0,0,3,1,2,1,-1,-1,1229,1,3,-1,-1,-1
2015300012543,2,2,0,18,0,1,0,0,0,0,4,1,6,2,26,6,49,1,11,-1,1,-1
2015300012547,1,9,0,9,0,8,0,0,0,0,3,1,6,2,39,7,1398,1,5,-1,1,-1
2015300012547,2,9,0,7,0,2,0,0,0,0,1,1,6,1,25,5,-1,-1,-1,-1,1,-1
2015300012548,1,9,0,7,0,6,0,0,0,0,1,1,6,1,20,4,1896,2,9,-1,1,-1
2015300012548,2,1,0,4,0,1,5,0,0,0,4,1,6,1,33,6,-1,-1,-1,-1,1,-1
2015300012549,1,9,0,14,0,0,0,0,0,0,1,1,6,1,35,6,2000,2,10,-1,1,-1
2015300012549,2,9,0,17,0,0,0,0,0,0,1,1,6,2,25,5,998,1,6,-1,-1,-1
2015300012549,3,9,0,2,0,0,0,0,0,0,3,1,6,1,54,8,1986,2,5,-1,1,-1
2015300012554,1,9,0,4,0,0,0,0,0,0,1,1,6,1,-1,-1,1248,2,8,-1,1,-1
2015300012554,2,9,0,4,0,0,0,0,0,0,2,1,6,1,26,6,1399,2,11,-1,1,-1
2015300012557,1,9,0,18,0,0,5,0,0,0,1,1,6,1,54,8,-1,-1,-1,-1,1,-1
2015300012557,2,5,0,16,0,0,1,0,0,0,1,1,6,1,63,9,696,1,6,-1,1,-1
2015300012560,1,20,1,12,0,0,0,0,0,0,3,2,1,1,46,8,-1,-1,-1,-1,-1,-1
2015300012560,2,9,0,18,0,0,0,0,0,0,4,1,2,2,48,8,1799,1,6,-1,1,-1
2015300012561,1,9,0,18,0,1,0,4,0,0,3,1,1,1,29,6,1582,2,1,-1,1,-1
2015300012561,2,9,0,2,0,2,0,0,0,0,3,1,6,2,76,11,1242,1,8,-1,1,-1
2015300012561,3,9,0,2,0,2,0,0,0,0,3,1,6,2,39,7,1997,2,8,-1,1,-1
2015300012561,4,9,0,18,0,2,0,0,0,0,1,1,6,1,61,9,1198,1,6,-1,1,-1
2015300012564,1,9,0,18,0,0,0,0,0,0,1,1,6,1,28,6,1120,2,3,-1,3,-1
2015300012564,2,9,0,18,0,0,1,0,0,0,2,1,6,1,86,11,1149,1,13,-1,1,-1
2015300012564,3,9,0,18,0,0,0,0,0,0,2,1,6,2,26,6,-1,-1,-1,-1,1,-1
2015300012566,1,9,0,16,0,0,1,0,0,0,3,1,2,1,31,6,1896,2,13,-1,-1,-1
2015300012568,1,21,1,18,0,0,0,0,0,0,1,2,1,1,55,8,-1,-1,-1,-1,-1,-1
2015300012568,2,9,0,13,0,0,0,0,0,0,4,1,6,1,54,8,1686,2,2,-1,2,-1
2015300012569,1,4,0,4,0,8,0,0,0,0,4,1,6,1,25,5,125,1,16,-1,-1,-1
2015300012569,2,9,0,9,0,6,0,0,0,0,1,1,6,1,56,9,2401,2,12,-1,1,-1
2015300012570,1,9,0,4,0,1,0,0,0,0,1,1,6,1,37,7,1896,2,12,-1,1,-1
2015300012570,2,9,0,3,0,1,0,0,0,0,2,1,6,2,48,8,1999,1,14,-1,1,-1
2015300012578,1,9,0,18,0,6,0,0,1,10,1,1,6,1,72,10,1422,2,-1,-1,1,-1
2015300012581,1,9,0,9,0,5,0,0,0,0,4,1,6,1,63,9,2179,2,7,-1,2,-1
2015300012581,2,19,0,18,0,1,0,0,0,0,0,1,1,1,32,6,1998,2,9,-1,1,-1
2015300012581,3,5,0,18,0,8,5,0,0,0,1,1,2,1,52,8,599,1,15,-1,1,-1
2015300012584,1,11,0,18,0,1,0,0,0,0,0,1,1,1,44,7,7300,2,6,-1,1,-1
2015300012598,1,9,0,9,0,5,0,0,0,0,3,1,6,1,33,6,1329,1,2,-1,1,-1
2015300012598,2,3,0,15,0,8,0,0,0,0,1,1,2,1,22,5,124,1,-1,-1,1,-1
2015300012598,3,9,0,3,0,1,0,0,0,0,0,1,6,3,-1,-1,-1,-1,-1,-1,-1,-1
2015300012599,1,9,0,7,0,5,0,0,0,0,3,1,6,1,46,8,1242,1,1,-1,1,-1
2015300012600,1,4,0,13,0,0,1,0,0,0,0,1,6,1,64,9,400,1,23,-1,3,-1
2015300012602,1,9,0,9,0,6,0,0,0,0,3,1,6,1,80,11,1328,1,-1,-1,-1,-1
2015300012602,2,9,0,18,0,1,0,0,0,0,1,1,6,2,19,4,-1,-1,-1,-1,3,-1
2015300012603,1,9,0,5,0,0,0,0,7,3,1,1,6,1,74,10,1591,1,3,-1,1,-1
2015300012605,1,9,0,4,0,0,0,0,0,0,0,1,6,3,-1,-1,-1,-1,-1,-1,-1,-1
2015300012605,2,9,0,18,0,0,0,0,0,0,2,1,6,1,41,7,1998,2,12,-1,1,-1
2015300012605,3,19,0,18,0,0,0,0,0,0,1,1,1,1,41,7,2148,2,7,-1,1,-1
2015300012605,4,9,0,18,0,0,0,0,0,0,1,1,6,1,37,7,-1,-1,-1,-1,1,-1
2015300012605,5,9,0,18,0,0,0,0,0,0,1,1,2,1,65,9,1598,1,2,-1,1,-1
2015300012606,1,9,0,9,0,5,0,0,0,0,1,1,6,1,61,9,-1,-1,-1,-1,1,-1
2015300012606,2,1,0,18,0,1,0,0,0,0,3,1,6,1,50,8,-1,-1,-1,-1,2,-1
2015300012606,3,9,0,8,0,1,0,0,0,0,3,1,6,2,49,8,998,1,6,-1,1,-1
2015300012609,1,9,0,4,0,1,0,0,0,0,1,1,6,1,20,4,1248,1,6,-1,-1,-1
2015300012609,2,9,0,3,0,1,0,0,0,0,2,1,2,2,54,8,1997,2,13,-1,1,-1
2015300012610,1,9,0,1,9,6,0,0,0,0,3,1,6,1,66,10,1586,1,10,-1,1,-1
2015300012613,1,9,0,5,0,6,0,0,0,0,3,1,1,1,62,9,1798,2,3,-1,2,-1
2015300012613,2,9,0,18,0,8,0,0,0,0,3,1,1,2,34,6,1200,1,1,-1,1,-1
2015300012615,1,9,0,16,0,0,2,0,1,10,1,1,6,1,24,5,1590,1,12,-1,2,-1
2015300012618,1,9,0,17,0,1,0,0,0,0,1,1,2,2,25,5,1242,1,8,-1,1,-1
2015300012618,2,9,0,9,0,6,0,0,0,0,3,1,6,1,21,5,1997,2,1,-1,1,-1
2015300012621,1,9,0,10,0,8,0,0,0,0,2,1,6,1,62,9,1598,1,8,-1,2,-1
2015300012621,2,9,0,4,0,1,0,0,0,0,1,1,6,1,87,11,1299,1,12,-1,1,-1
2015300012623,1,11,0,18,0,1,0,0,0,0,0,1,1,1,46,8,4250,2,4,-1,1,-1
2015300012623,2,9,0,5,0,1,0,0,0,0,0,1,6,2,30,6,1390,1,9,-1,-1,-1
2015300012624,1,9,0,18,0,0,2,0,1,2,1,1,6,1,24,5,1360,1,13,-1,-1,-1
2015300012625,1,9,0,18,0,0,0,0,0,0,1,1,6,1,71,10,-1,-1,-1,-1,1,-1
2015300012627,1,9,0,18,0,0,0,0,1,10,1,1,6,2,30,6,1390,1,10,-1,3,-1
2015300012630,1,9,0,18,0,6,0,0,0,0,1,1,6,2,19,4,1596,1,13,-1,-1,-1
2015300012630,2,9,0,17,0,8,0,0,0,0,1,1,6,1,41,7,1398,1,13,-1,-1,-1
2015300012631,1,11,0,9,0,3,0,0,0,0,4,1,1,1,60,9,9000,2,6,-1,1,-1
2015300012635,1,9,0,5,0,6,0,0,0,0,1,1,6,2,45,7,1388,1,10,-1,-1,-1
2015300012635,2,9,0,18,0,1,0,0,0,0,4,1,6,1,46,8,1997,2,5,-1,-1,-1
2015300012636,1,9,0,16,0,0,2,10,7,10,1,1,6,1,18,4,1198,1,9,-1,1,-1
2015300012638,1,9,0,18,0,8,0,0,1,0,1,1,6,1,-1,-1,1968,2,8,-1,1,-1
2015300012638,2,9,0,9,0,5,0,0,0,0,1,1,6,2,40,7,-1,-1,-1,-1,1,-1
2015300012638,3,9,0,10,0,1,0,0,0,0,1,1,6,1,56,9,2199,2,1,-1,1,-1
2015300012639,1,9,0,4,0,1,0,0,0,0,1,1,6,2,32,6,-1,-1,-1,-1,-1,-1
2015300012639,2,8,0,3,0,1,0,0,0,0,0,1,6,3,-1,-1,-1,-1,-1,-1,-1,-1
2015300012640,1,9,0,18,0,1,0,0,0,0,1,1,6,1,62,9,1197,1,1,-1,1,-1
2015300012640,2,9,0,2,0,1,0,0,0,0,2,1,6,1,46,8,1368,1,2,-1,1,-1
2015300012642,1,19,0,9,0,8,0,0,0,0,3,1,6,1,52,8,2402,2,8,-1,-1,-1
2015300012642,2,5,0,14,0,1,0,0,7,10,4,1,6,1,-1,-1,1441,1,3,-1,1,-1
2015300012649,1,9,0,4,0,0,0,0,0,0,4,1,6,3,-1,-1,-1,-1,-1,-1,-1,-1
2015300012651,1,9,0,10,0,1,0,0,0,0,2,1,6,2,46,8,-1,-1,-1,-1,3,-1
2015300012651,2,9,0,18,0,1,0,0,0,0,1,1,6,2,44,7,1796,1,-1,-1,1,-1
2015300012652,1,9,0,18,0,0,0,0,0,0,1,1,6,1,-1,-1,1997,2,14,-1,-1,-1
2015300012657,1,9,0,4,0,1,0,0,0,0,1,1,6,1,37,7,1388,1,11,-1,1,-1
2015300012665,1,9,0,18,0,8,0,0,0,0,1,1,6,1,51,8,1587,1,12,-1,-1,-1
2015300012666,1,21,1,18,0,1,0,0,0,0,1,1,1,2,50,8,10837,2,1,-1,1,-1
2015300012666,2,9,0,4,0,1,0,0,0,0,2,1,6,2,49,8,1968,2,10,-1,1,-1
2015300012667,1,8,0,18,0,0,0,0,0,0,1,1,1,1,65,9,1997,2,7,-1,-1,-1
2015300012667,2,-1,0,2,0,0,0,0,0,0,0,1,6,3,-1,-1,-1,-1,-1,-1,-1,-1
2015300012669,1,9,0,7,0,2,0,0,0,0,2,1,6,3,-1,-1,-1,-1,-1,-1,-1,-1
2015300012669,2,9,0,18,0,2,0,0,0,0,3,1,2,1,31,6,1896,2,11,-1,1,-1