Accident_Index,Vehicle_Reference,Vehicle_Type,Towing_and_Articulation,Vehicle_Manoeuvre,Vehicle_Location-Restricted_Lane,Junction_Location,Skidding_and_Overturning,Hit_Object_in_Carriageway,Vehicle_Leaving_Carriageway,Hit_Object_off_Carriageway,1st_Point_of_Impact,Was_Vehicle_Left_Hand_Drive?,Journey_Purpose_of_Driver,Sex_of_Driver,Age_of_Driver,Age_Band_of_Driver,Engine_Capacity_(CC),Propulsion_Code,Age_of_Vehicle,Driver_IMD_Decile,Driver_Home_Area_Type,Vehicle_IMD_Decile
2015300012675,1,9,0,8,0,1,0,0,0,0,3,1,6,2,61,9,2199,2,1,-1,3,-1
2015300012675,2,9,0,18,0,1,0,0,0,0,1,1,6,2,-1,-1,999,1,6,-1,3,-1
2015300012675,3,9,0,9,0,8,0,0,0,0,3,1,1,1,-1,-1,998,1,2,-1,3,-1
2015300012676,1,19,0,1,0,8,0,0,0,0,2,1,6,1,32,6,1870,2,11,-1,1,-1
2015300012679,1,9,0,7,0,6,0,0,0,0,1,1,6,2,21,5,1248,2,8,-1,1,-1
2015300012679,2,1,0,18,0,8,0,0,0,0,4,1,6,2,17,4,-1,-1,-1,-1,1,-1
2015300012682,1,9,0,9,0,6,0,0,0,0,1,1,3,2,41,7,-1,-1,-1,-1,1,-1
2015300012682,2,9,0,18,0,1,0,0,0,0,1,1,6,1,-1,-1,-1,-1,-1,-1,1,-1
2015300012682,3,9,0,3,0,1,0,0,0,0,4,1,3,2,30,6,1896,2,6,-1,1,-1
2015300012682,4,90,0,18,0,1,0,0,0,0,1,1,1,1,-1,-1,8970,2,9,-1,3,-1
2015300012685,1,9,4,18,0,0,4,0,0,0,0,1,1,1,68,10,2495,2,9,-1,1,-1
2015300012686,1,9,0,9,0,6,0,0,0,0,3,1,1,1,32,6,1896,2,12,-1,3,-1
2015300012686,2,9,0,18,0,1,0,0,7,0,1,1,6,2,73,10,1389,1,14,-1,-1,-1
2015300012687,1,9,0,18,0,1,0,0,0,0,1,1,6,1,-1,-1,1598,1,13,-1,-1,-1
2015300012687,2,9,0,3,0,1,0,0,0,0,2,1,6,2,32,6,1896,2,11,-1,1,-1
2015300012691,1,9,0,9,0,8,0,0,0,0,1,1,6,2,32,6,1396,1,13,-1,1,-1
2015300012696,1,9,0,1,0,0,0,0,0,0,2,1,6,1,65,9,1598,2,1,-1,1,-1
2015300012696,2,9,0,3,0,0,0,0,0,0,1,1,6,1,42,7,1796,1,2,-1,1,-1
2015300012699,1,9,0,5,0,8,1,0,1,0,4,1,6,2,75,10,1589,1,16,-1,3,-1
2015300012699,2,9,0,18,0,8,1,0,1,0,1,1,2,2,37,7,-1,-1,-1,-1,1,-1
2015300012708,1,9,0,18,0,0,0,0,0,0,3,1,6,3,-1,-1,-1,-1,-1,-1,-1,-1
2015300012708,2,9,0,18,0,0,0,0,1,0,3,1,6,2,33,6,2184,2,2,-1,-1,-1
2015300012709,1,8,0,4,0,0,0,0,0,0,3,1,6,1,38,7,-1,-1,-1,-1,-1,-1
2015300012709,2,9,0,4,0,0,0,0,0,0,3,1,6,2,38,7,1390,1,7,-1,-1,-1
2015300012716,1,9,0,17,0,0,0,0,0,0,2,1,6,1,29,6,1895,1,17,-1,1,-1
2015300012716,2,9,0,13,0,0,2,0,1,4,1,1,6,1,66,10,1360,1,13,-1,1,-1
2015300012717,1,9,0,18,0,8,0,0,0,0,1,1,6,2,41,7,2204,2,9,-1,1,-1
2015300012717,2,1,0,18,0,8,0,0,0,0,1,1,6,2,16,4,-1,-1,-1,-1,1,-1
2015300012719,1,9,0,18,0,0,0,0,0,0,3,1,6,2,62,9,1896,2,10,-1,1,-1
2015300012719,2,9,0,2,0,0,0,0,0,0,0,1,6,3,-1,-1,-1,-1,-1,-1,-1,-1
2015300012723,1,9,0,9,0,6,0,0,0,0,3,1,6,2,51,8,-1,-1,-1,-1,1,-1
2015300012723,2,9,0,18,0,8,1,0,0,0,1,1,6,1,17,4,1396,1,16,-1,1,-1
2015300012723,3,9,0,18,0,8,0,0,0,0,1,1,1,1,53,8,1560,2,3,-1,2,-1
2015300012731,1,9,0,9,0,2,0,0,0,0,1,1,6,2,18,4,1199,1,12,-1,3,-1
2015300012731,2,1,0,18,0,1,0,0,0,0,1,1,6,1,50,8,-1,-1,-1,-1,-1,-1
2015300012735,1,9,0,7,0,2,0,0,0,0,1,1,6,2,37,7,1968,2,5,-1,3,-1
2015300012736,1,9,0,18,0,2,0,0,0,0,1,1,1,1,25,5,1396,1,14,-1,1,-1
2015300012736,2,9,0,4,0,2,0,0,0,0,2,1,6,1,54,8,-1,-1,-1,-1,1,-1
2015300012737,1,9,0,18,0,2,0,4,0,0,4,1,6,2,19,4,1229,1,2,-1,1,-1
2015300012737,2,9,0,2,0,2,0,0,0,0,3,1,6,1,54,8,998,1,5,-1,1,-1
2015300012737,3,9,0,2,0,2,0,0,0,0,4,1,6,3,-1,-1,-1,-1,-1,-1,1,-1
2015300012740,1,9,0,9,0,8,0,0,0,0,1,1,6,1,25,5,1596,1,14,-1,2,-1
2015300012740,2,8,0,18,0,1,0,0,0,0,1,1,1,1,40,7,1968,2,10,-1,1,-1
2015300012740,3,9,0,2,0,1,0,0,0,0,0,1,6,3,-1,-1,-1,-1,-1,-1,-1,-1
2015300012748,1,90,0,17,0,0,2,11,1,1,3,1,6,1,27,6,-1,-1,-1,-1,-1,-1
2015300012759,1,9,0,17,0,0,0,0,0,0,1,1,6,1,26,6,1598,1,12,-1,-1,-1
2015300012760,1,1,0,18,0,1,0,0,0,0,3,1,6,1,26,6,-1,-1,-1,-1,1,-1
2015300012760,2,9,0,18,0,2,0,0,0,0,0,1,6,1,-1,-1,-1,-1,-1,-1,-1,-1
2015300012766,1,9,0,18,9,0,0,0,0,0,0,1,6,1,-1,-1,-1,-1,-1,-1,-1,-1
2015300012766,2,1,0,18,9,0,0,0,0,0,0,1,6,1,14,3,-1,-1,-1,-1,1,-1
2015300012767,1,9,0,1,0,0,0,0,0,0,2,1,3,2,55,8,1248,2,2,-1,-1,-1
2015300012769,1,9,0,17,0,8,1,0,1,4,1,1,6,1,17,4,999,1,11,-1,1,-1
2015300012771,1,21,1,11,0,0,0,0,0,0,4,1,1,1,54,8,11967,2,5,-1,-1,-1
2015300012771,2,9,0,18,0,0,0,0,5,0,3,1,6,1,70,10,1396,1,25,-1,3,-1
2015300012773,1,9,0,18,0,7,0,0,0,0,3,1,6,1,71,10,1584,1,9,-1,1,-1
2015300012773,2,19,0,18,0,7,0,0,0,0,1,1,6,3,-1,-1,-1,-1,-1,-1,-1,-1
2015300012775,1,9,0,18,0,1,0,0,0,0,1,1,6,1,32,6,1994,2,11,-1,2,-1
2015300012775,2,9,0,1,0,1,0,0,0,0,2,1,6,2,37,7,1997,2,3,-1,2,-1
2015300012775,3,9,0,7,0,1,0,0,0,0,0,1,6,2,-1,-1,-1,-1,-1,-1,-1,-1
2015300012779,1,9,0,18,0,0,0,0,0,0,3,1,1,1,55,8,1560,2,3,-1,-1,-1
2015300012779,2,21,1,18,0,0,0,0,0,0,4,1,1,1,52,8,12900,2,4,-1,3,-1
2015300012779,3,21,1,18,0,0,0,11,0,0,1,1,1,1,56,9,10308,2,3,-1,1,-1
2015300012780,1,8,0,18,0,8,5,4,0,0,3,1,6,1,63,9,1968,2,5,-1,-1,-1
2015300012780,2,8,0,2,0,2,0,0,0,0,4,1,6,-1,-1,-1,1398,2,6,-1,-1,-1
2015300012781,1,9,0,4,0,1,0,0,0,0,1,1,6,2,44,7,1560,2,3,-1,-1,-1
2015300012782,1,9,0,18,0,0,0,0,0,0,2,1,6,2,42,7,1796,1,10,-1,1,-1
2015300012782,2,9,0,18,0,0,0,0,0,0,2,1,6,2,29,6,1998,1,7,-1,2,-1
2015300012787,1,1,0,18,0,0,0,0,0,0,0,1,6,1,-1,-1,-1,-1,-1,-1,3,-1
2015300012805,1,9,0,9,0,8,0,0,0,0,4,1,6,1,27,6,1956,2,5,-1,1,-1
2015300012805,2,9,0,18,2,1,0,0,0,0,1,1,1,1,43,7,-1,-1,-1,-1,1,-1
2015300012806,1,9,0,12,0,0,1,7,1,4,3,1,6,1,48,8,-1,-1,-1,-1,1,-1
2015300012813,1,9,0,18,0,0,0,0,0,0,1,1,6,1,38,7,2000,1,10,-1,1,-1
2015300012813,2,21,1,18,0,0,1,0,0,0,1,1,1,1,63,9,15928,2,5,-1,3,-1
2015300012813,3,9,0,18,0,0,0,0,0,0,1,1,6,1,63,9,-1,-1,-1,-1,3,-1
2015300012821,1,9,0,18,0,0,0,4,0,0,1,1,6,2,-1,-1,1242,1,4,-1,1,-1
2015300012821,2,9,0,2,0,0,0,0,1,0,2,1,6,1,69,10,-1,-1,-1,-1,1,-1
2015300012823,1,11,0,4,0,0,0,0,0,0,0,1,1,2,52,8,4250,2,9,-1,-1,-1
2015300012824,1,9,0,7,0,6,0,0,0,0,1,1,6,2,18,4,1199,1,11,-1,1,-1
2015300012824,2,9,0,18,0,1,0,0,0,0,1,1,6,2,34,6,1598,1,9,-1,1,-1
2015300012827,1,5,0,18,0,0,0,0,2,10,1,1,6,1,43,7,918,1,17,-1,1,-1
2015300012834,1,9,0,18,0,8,0,0,0,0,4,1,6,2,19,4,1360,1,12,-1,1,-1
2015300012834,2,9,0,7,0,8,0,0,0,0,4,1,6,2,86,11,1275,1,20,-1,1,-1
2015300012837,1,9,0,14,0,0,0,4,0,0,4,1,6,1,-1,-1,-1,-1,-1,-1,-1,-1
2015300012837,2,9,0,2,0,0,0,0,0,0,4,1,6,2,43,7,1796,1,15,-1,1,-1
2015300012840,1,9,0,18,0,0,0,0,0,0,1,1,1,2,45,7,1598,1,14,-1,1,-1
2015300012843,1,9,0,6,0,0,0,0,0,0,3,1,6,1,30,6,1596,1,9,-1,1,-1
2015300012843,2,9,0,2,0,0,0,0,0,0,2,1,6,1,18,4,1995,2,5,-1,1,-1
2015300012846,1,9,0,16,0,0,2,0,7,1,1,1,6,1,32,6,4163,1,9,-1,3,-1
2015300012848,1,9,0,9,0,8,0,0,0,0,1,1,6,1,57,9,-1,-1,-1,-1,2,-1
2015300012848,2,3,0,18,0,8,0,0,0,0,1,1,6,1,54,8,125,1,1,-1,2,-1
2015300012848,3,19,0,9,0,8,0,0,0,0,0,1,1,3,-1,-1,-1,-1,-1,-1,-1,-1
2015300012849,1,9,0,7,0,2,0,0,0,0,1,1,6,3,-1,-1,-1,-1,-1,-1,-1,-1
2015300012851,1,9,0,2,0,0,0,0,0,0,2,1,6,2,51,8,1242,1,5,-1,3,-1
2015300012851,2,1,0,18,0,0,0,4,0,0,1,1,6,1,51,8,-1,-1,-1,-1,1,-1
2015300012857,1,9,0,9,0,5,0,0,0,0,4,1,2,2,17,4,998,1,10,-1,-1,-1
2015300012857,2,5,0,18,0,8,0,0,0,0,1,1,6,1,64,9,1202,1,2,-1,-1,-1
2015300012858,1,9,0,16,0,0,0,0,7,10,1,1,6,1,36,7,1198,1,4,-1,3,-1
2015300012859,1,9,0,13,0,8,1,0,7,1,4,1,6,1,21,5,3246,1,12,-1,1,-1
2015300012859,2,9,0,9,0,8,0,0,0,0,3,1,6,1,23,5,1995,2,8,-1,1,-1
2015300012864,1,9,0,9,0,8,0,0,0,0,4,1,6,2,49,8,1560,2,1,-1,1,-1
2015300012864,2,5,0,18,0,8,1,0,0,0,1,1,6,1,41,7,749,1,15,-1,1,-1
2015300012865,1,9,0,4,0,1,0,0,0,0,1,1,6,1,35,6,1390,1,9,-1,1,-1
2015300012865,2,1,0,5,0,1,0,0,0,0,1,1,6,1,12,3,-1,-1,-1,-1,1,-1
2015300012868,1,9,0,18,0,0,0,0,0,0,2,1,6,2,24,5,1149,1,12,-1,1,-1
2015300012868,2,5,0,18,0,0,1,0,0,0,1,1,6,1,37,7,1584,1,4,-1,1,-1
2015300012869,1,9,0,18,0,0,2,0,1,4,1,1,6,1,17,4,1124,1,9,-1,1,-1
2015300012873,1,9,0,18,0,0,0,0,0,0,1,1,6,2,45,7,-1,-1,-1,-1,1,-1
2015300012873,2,9,0,10,0,0,0,0,0,0,2,1,6,2,36,7,1061,1,10,-1,1,-1
2015300012874,1,9,0,18,0,1,0,0,0,0,4,1,6,1,50,8,1798,8,2,-1,1,-1
2015300012874,2,1,0,18,0,2,0,0,0,0,3,1,6,1,58,9,-1,-1,-1,-1,-1,-1
2015300012880,1,9,0,9,0,8,0,0,0,0,4,1,6,2,77,11,1199,1,14,-1,1,-1
2015300012880,2,1,0,18,0,8,0,0,0,0,1,1,6,1,20,4,-1,-1,-1,-1,2,-1
2015300012881,1,9,0,5,0,6,0,0,0,0,4,1,1,1,41,7,1600,2,6,-1,3,-1
2015300012881,2,9,0,18,0,1,0,0,0,0,1,1,6,1,30,6,-1,-1,-1,-1,1,-1
2015300012884,1,9,0,5,0,8,0,0,0,0,1,1,6,1,-1,-1,-1,-1,-1,-1,1,-1
2015300012884,2,3,0,18,0,1,1,0,0,0,1,1,6,1,17,4,125,1,2,-1,1,-1
2015300012896,1,9,0,18,0,2,0,0,0,0,3,1,6,1,44,7,1781,1,18,-1,1,-1
2015300012896,2,9,0,2,0,2,0,0,0,0,0,1,6,3,-1,-1,-1,-1,-1,-1,-1,-1
2015300012898,1,21,1,11,0,0,0,0,0,0,4,1,1,1,27,6,10837,2,2,-1,-1,-1
2015300012898,2,9,0,18,0,0,1,0,0,0,1,1,6,1,48,8,-1,-1,-1,-1,1,-1
2015300012899,1,11,0,5,0,0,0,0,0,0,1,1,2,1,42,7,9000,2,6,-1,-1,-1
2015300012901,1,8,0,5,0,8,0,0,0,0,4,1,1,1,61,9,1753,2,7,-1,-1,-1
2015300012901,2,9,0,18,0,1,0,0,1,10,1,1,6,1,22,5,-1,-1,-1,-1,1,-1
2015300012902,1,19,0,18,0,0,0,0,1,2,1,1,1,1,39,7,1968,2,3,-1,1,-1
2015300012902,2,9,0,16,0,0,0,0,0,0,1,1,6,1,50,8,1995,1,6,-1,1,-1
2015300012904,1,9,0,9,0,6,0,0,0,0,4,1,1,1,85,11,-1,-1,-1,-1,1,-1
2015300012904,2,3,0,18,0,1,0,0,0,0,4,1,1,1,24,5,125,1,3,-1,1,-1
2015300012905,1,9,0,18,0,8,0,0,0,0,3,1,2,2,22,5,1242,1,10,-1,1,-1
2015300012905,2,9,0,9,0,5,0,0,0,0,1,1,2,2,60,9,1560,2,6,-1,1,-1
2015300012905,3,9,0,8,0,1,0,0,0,0,1,1,2,2,45,7,1598,1,8,-1,1,-1
2015300012908,1,9,0,10,0,8,0,0,0,0,2,1,2,2,48,8,1968,2,10,-1,1,-1
2015300012908,2,9,0,3,0,1,0,0,0,0,2,1,2,2,62,9,1388,1,8,-1,1,-1
2015300012908,3,9,0,3,0,1,0,0,0,0,2,1,2,2,23,5,1598,1,5,-1,1,-1
2015300012908,4,9,0,4,0,1,0,0,0,0,1,1,2,2,31,6,1360,1,9,-1,1,-1
2015300012910,1,9,0,16,0,0,0,0,7,4,4,1,2,1,21,5,-1,-1,-1,-1,3,-1
2015300012914,1,9,0,18,0,0,0,0,7,4,1,1,6,1,19,4,1390,1,2,-1,1,-1
2015300012916,1,90,0,18,0,0,0,0,0,0,0,1,6,3,-1,-1,-1,-1,-1,-1,-1,-1
2015300012919,1,9,0,5,0,6,0,0,0,0,3,1,6,2,57,9,1364,1,8,-1,-1,-1
2015300012919,2,1,0,18,0,8,0,0,0,0,4,1,6,2,25,5,-1,-1,-1,-1,-1,-1
2015300012921,1,9,0,13,0,8,0,0,0,0,4,1,6,1,-1,-1,1956,2,2,-1,1,-1
2015300012921,2,1,0,9,0,5,0,0,0,0,2,1,6,1,46,8,-1,-1,-1,-1,3,-1
2015300012923,1,9,0,18,0,0,0,0,0,0,1,1,6,1,52,8,1124,1,6,-1,1,-1
2015300012925,1,2,0,18,0,0,1,0,0,0,3,1,6,1,19,4,125,1,27,-1,2,-1
2015300012925,2,9,0,6,0,0,0,0,0,0,1,1,6,2,66,10,898,1,1,-1,1,-1
2015300012926,1,90,4,2,0,0,0,0,0,0,2,1,6,1,38,7,-1,2,27,-1,1,-1
2015300012926,2,9,0,14,0,0,0,0,0,0,4,1,6,1,67,10,-1,-1,-1,-1,1,-1
2015300012926,3,9,0,18,0,0,0,0,0,0,3,1,6,2,28,6,1968,2,3,-1,1,-1
2015300012927,1,9,0,14,0,8,0,0,0,0,1,1,1,2,25,5,1198,1,5,-1,1,-1
2015300012927,2,11,0,2,0,8,0,0,0,0,0,1,1,3,-1,-1,-1,-1,-1,-1,-1,-1
2015300012929,1,9,0,18,0,0,2,0,2,0,1,1,3,1,19,4,1590,1,14,-1,1,-1
2015300012931,1,9,0,13,0,0,0,0,0,0,1,1,6,1,29,6,-1,-1,-1,-1,1,-1
2015300012931,2,9,0,18,0,0,0,0,1,0,2,1,6,1,65,9,1796,1,12,-1,1,-1
2015300012932,1,19,0,18,0,0,0,0,0,0,1,1,1,1,31,6,2143,2,2,-1,1,-1
2015300012932,2,9,0,11,0,0,0,0,2,6,2,1,6,2,63,9,998,1,2,-1,1,-1
2015300012935,1,9,0,17,0,0,0,0,0,0,0,1,6,1,55,8,1995,2,12,-1,1,-1
2015300012936,1,21,1,11,0,8,0,0,0,0,4,1,1,1,34,6,12809,2,1,-1,1,-1
2015300012936,2,9,0,18,0,6,0,0,0,0,3,1,2,2,43,7,1362,1,3,-1,3,-1
2015300012938,1,9,0,9,0,6,0,0,0,0,4,1,6,2,54,8,1598,1,3,-1,-1,-1
2015300012938,2,9,0,18,0,8,0,0,0,0,3,1,6,2,51,8,1124,1,16,-1,1,-1
2015300012943,1,9,0,18,0,1,0,0,0,0,1,1,6,1,19,4,1397,1,7,-1,-1,-1
2015300012943,2,8,0,3,0,1,0,0,0,0,2,1,6,1,47,8,1896,2,8,-1,1,-1
2015300012943,3,9,0,3,0,1,0,0,0,0,2,1,6,2,-1,-1,1598,1,12,-1,1,-1
2015300012944,1,9,0,9,0,5,1,0,0,0,1,1,1,2,33,6,1596,1,1,-1,2,-1
2015300012944,2,9,0,18,0,8,0,0,0,0,3,1,1,2,53,8,998,1,2,-1,1,-1
2015300012948,1,9,0,18,0,0,0,0,0,0,4,1,6,2,71,10,1997,2,3,-1,1,-1
2015300012949,1,9,0,18,0,3,0,0,0,0,4,1,1,2,52,8,1560,2,2,-1,2,-1
2015300012949,2,9,0,18,0,3,0,0,0,0,1,1,6,2,42,7,1968,2,7,-1,3,-1
2015300012956,1,9,0,18,0,2,0,0,0,0,2,1,6,1,46,8,1896,2,15,-1,1,-1
2015300012956,2,9,0,18,0,2,0,0,0,0,1,1,2,1,47,8,-1,-1,-1,-1,1,-1
2015300012960,1,8,0,9,0,8,0,0,0,0,1,1,1,1,-1,-1,1896,2,11,-1,1,-1
2015300012960,2,9,0,18,0,8,0,0,7,0,4,1,6,2,41,7,1598,1,5,-1,1,-1
2015300012961,1,21,1,18,0,1,1,0,0,0,1,1,1,1,39,7,-1,-1,-1,-1,3,-1
2015300012961,2,9,0,4,0,1,0,0,0,0,2,1,6,1,76,11,998,1,2,-1,2,-1
2015300012961,3,9,0,9,0,8,0,0,0,0,2,1,6,1,42,7,-1,-1,-1,-1,3,-1
2015300012964,1,9,0,10,0,8,0,0,0,0,2,1,6,2,46,8,1995,2,5,-1,2,-1
2015300012964,2,9,0,18,0,1,0,0,0,0,1,1,6,1,38,7,1399,2,10,-1,3,-1
2015300012968,1,9,0,17,0,8,1,0,1,0,1,1,1,2,32,6,-1,-1,-1,-1,1,-1
2015300012969,1,9,0,4,0,1,0,0,0,0,1,1,6,2,-1,-1,1598,1,11,-1,3,-1
2015300012969,2,3,0,8,0,1,0,0,0,0,2,1,6,1,51,8,125,1,4,-1,2,-1
2015300012971,1,90,0,18,0,8,0,0,0,0,1,1,6,1,30,6,-1,-1,-1,-1,1,-1
2015300012971,2,9,0,10,0,1,0,0,0,0,3,1,6,2,36,7,2231,2,-1,-1,1,-1
2015300012972,1,9,0,9,0,8,0,0,0,0,1,1,6,2,20,4,1229,1,7,-1,1,-1
2015300012972,2,3,0,18,0,8,0,0,0,0,1,1,6,1,24,5,85,1,26,-1,1,-1
2015300012982,1,9,0,18,0,0,0,0,1,2,4,1,6,1,32,6,1995,2,5,-1,-1,-1
2015300012990,1,3,0,17,6,0,0,0,1,0,1,1,6,1,27,6,125,1,2,-1,1,-1
2015300012990,2,21,1,2,6,0,0,0,0,0,1,1,6,3,-1,-1,12777,2,1,-1,-1,-1
2015300012994,1,9,0,7,0,1,1,0,3,1,1,1,6,1,-1,-1,2698,2,9,-1,1,-1
2015300012994,2,9,0,2,9,2,0,0,0,0,3,1,6,1,47,8,1596,1,8,-1,1,-1
2015300012994,3,19,0,2,9,2,0,0,0,0,1,1,6,1,47,8,-1,-1,-1,-1,-1,-1
2015300012998,1,11,0,9,0,6,0,0,0,0,3,1,1,1,50,8,-1,2,12,-1,1,-1
2015300012998,2,11,0,8,0,1,0,0,0,0,3,1,1,1,50,8,9000,2,10,-1,-1,-1
2015300013004,1,9,0,3,0,1,0,0,0,0,2,1,2,1,50,8,1798,1,8,-1,1,-1
2015300013004,2,9,0,3,0,1,0,0,0,0,1,1,6,1,72,10,2143,2,1,-1,1,-1
2015300013006,1,21,0,11,0,0,0,0,0,0,3,1,6,1,47,8,12580,2,9,-1,1,-1
2015300013006,2,9,0,18,0,0,0,0,0,0,1,1,6,1,22,5,1197,1,4,-1,1,-1
2015300013006,3,9,0,18,0,0,1,0,0,0,4,1,1,1,37,7,1995,2,2,-1,1,-1
2015300013012,1,9,0,13,0,0,0,1,0,0,3,1,6,3,-1,-1,-1,-1,-1,-1,-1,-1
2015300013012,2,9,0,18,0,0,0,0,0,0,3,1,6,2,23,5,1248,1,3,-1,1,-1
2015300013012,3,19,0,2,0,0,0,0,0,0,0,1,6,3,-1,-1,-1,-1,-1,-1,-1,-1
2015300013015,1,9,0,7,0,2,0,0,0,0,1,1,6,2,41,7,-1,-1,-1,-1,-1,-1
2015300013015,2,9,0,18,0,1,0,0,0,0,1,1,6,2,49,8,1599,1,12,-1,1,-1
2015300013016,1,9,0,16,0,0,2,0,2,10,4,1,6,1,18,4,1149,1,13,-1,2,-1
2015300013017,1,9,0,18,0,0,1,0,4,6,1,1,6,2,22,5,1199,1,12,-1,1,-1
2015300013020,1,9,0,9,0,8,0,0,0,0,1,1,6,2,-1,-1,-1,-1,-1,-1,-1,-1
2015300013029,1,2,0,18,0,1,1,0,0,0,1,1,6,1,16,4,49,1,7,-1,1,-1
2015300013029,2,9,0,4,0,1,0,0,0,0,2,1,6,1,76,11,1597,2,1,-1,1,-1
2015300013029,3,90,0,7,0,7,0,0,0,0,0,1,6,3,-1,-1,-1,-1,-1,-1,-1,-1
2015300013032,1,9,0,16,0,0,0,0,0,0,0,1,6,3,-1,-1,-1,-1,-1,-1,-1,-1
2015300013032,2,9,0,17,0,0,0,0,2,10,1,1,2,1,17,4,998,1,27,-1,1,-1
2015300013054,1,9,0,4,0,0,0,0,1,9,2,1,6,1,26,6,5935,1,10,-1,1,-1
2015300013054,2,9,0,18,0,0,0,0,0,0,1,1,6,1,26,6,1956,2,1,-1,1,-1
2015300013062,1,9,0,18,0,0,0,0,0,0,1,1,6,1,44,7,1896,2,12,-1,-1,-1
2015300013062,2,9,0,2,0,0,0,0,0,0,2,1,6,1,31,6,1120,1,17,-1,1,-1
2015300013068,1,9,0,18,0,0,1,0,1,4,1,1,6,1,18,4,1984,1,6,-1,1,-1
2015300013071,1,90,4,13,4,1,0,0,0,0,4,1,6,1,-1,-1,-1,-1,-1,-1,1,-1
2015300013071,2,1,0,18,4,1,0,0,1,0,3,1,6,1,49,8,-1,-1,-1,-1,1,-1
2015300013082,1,9,0,18,0,0,0,0,0,0,1,1,6,1,28,6,-1,-1,-1,-1,2,-1
2015300013082,2,9,0,2,0,0,0,0,0,0,1,1,6,3,-1,-1,-1,-1,-1,-1,-1,-1
2015300013083,1,5,0,16,0,0,1,0,0,0,3,1,6,1,34,6,749,1,17,-1,2,-1
2015300013083,2,9,0,17,0,0,0,0,0,0,4,1,6,2,36,7,1951,2,12,-1,2,-1
2015300013087,1,9,0,17,0,0,0,0,2,1,1,1,2,1,32,6,1968,2,3,-1,1,-1
2015300013088,1,9,0,18,0,0,0,0,0,0,1,1,6,2,50,8,1997,1,12,-1,-1,-1
2015300013093,1,9,0,4,0,1,0,0,0,0,1,1,6,2,32,6,1896,2,12,-1,-1,-1
2015300013099,1,9,0,9,0,6,0,0,0,0,3,1,6,1,20,4,1199,1,13,-1,1,-1
2015300013099,2,9,0,18,0,8,0,0,0,0,1,1,2,1,56,9,2000,2,8,-1,1,-1
2015300013100,1,9,0,18,0,0,0,0,0,0,1,1,2,2,33,6,1686,2,3,-1,1,-1
2015300013100,2,20,0,18,0,0,2,0,0,0,1,1,1,1,49,8,4461,2,4,-1,1,-1
2015300013100,3,9,0,18,0,0,0,0,0,0,1,1,6,2,31,6,1198,1,5,-1,1,-1
2015300013100,4,9,0,18,0,0,0,0,0,0,3,1,1,1,27,6,-1,-1,-1,-1,1,-1
2015300013100,5,9,0,18,0,0,0,0,0,0,1,1,1,1,59,9,1560,2,1,-1,1,-1
2015300013103,1,9,0,4,0,0,0,0,0,0,1,1,6,1,29,6,3799,1,5,-1,1,-1
2015300013107,1,9,0,18,0,3,1,0,7,0,1,1,6,1,25,5,1124,1,13,-1,1,-1
2015300013107,2,9,0,18,0,1,0,0,0,0,1,1,6,2,27,6,998,1,1,-1,1,-1
2015300013116,1,5,0,17,0,0,1,0,1,10,1,1,6,1,27,6,599,1,9,-1,3,-1
2015300013120,1,5,0,18,0,8,0,0,0,0,1,1,6,1,46,8,1299,1,13,-1,3,-1
2015300013120,2,9,0,5,0,6,0,0,0,0,2,1,6,1,66,10,1596,1,7,-1,1,-1
2015300013125,1,9,0,17,0,3,0,0,0,0,0,1,6,3,-1,-1,-1,-1,-1,-1,-1,-1
2015300013125,2,9,0,17,0,3,0,0,7,1,1,1,6,1,19,4,1149,1,10,-1,1,-1
2015300013127,1,9,0,12,0,0,0,0,0,0,0,1,6,1,35,6,1968,2,1,-1,2,-1
2015300013127,2,5,0,18,0,0,2,0,0,0,0,1,6,1,55,8,599,1,9,-1,1,-1
2015300013128,1,9,0,9,0,5,0,0,0,0,1,1,6,1,29,6,-1,-1,-1,-1,2,-1
2015300013128,2,9,0,18,0,1,0,0,0,0,1,1,6,1,43,7,1796,1,16,-1,1,-1
2015300013128,3,9,0,8,0,6,0,0,0,0,3,1,6,2,48,8,1461,2,3,-1,1,-1
2015300013129,1,9,0,18,0,8,0,0,7,10,1,1,6,1,37,7,1995,2,8,-1,1,-1
2015300013137,1,3,0,18,0,2,0,0,0,0,1,1,6,1,24,5,124,1,8,-1,2,-1
2015300013137,2,9,0,4,0,2,0,0,0,0,2,1,6,2,39,7,1197,1,1,-1,1,-1
2015300013144,1,9,0,18,0,0,0,0,0,0,1,1,6,1,18,4,1149,1,11,-1,2,-1
2015300013145,1,9,0,9,0,8,0,0,0,0,1,1,6,1,68,10,1242,1,14,-1,1,-1
2015300013149,1,9,0,18,0,3,2,0,7,2,1,1,6,1,28,6,1968,2,8,-1,-1,-1
2015300013149,2,9,0,17,0,8,0,0,0,0,3,1,6,1,52,8,1998,1,16,-1,1,-1
2015300013150,1,9,0,9,0,1,0,0,0,0,3,1,6,2,49,8,1796,1,8,-1,1,-1
2015300013150,2,3,0,13,0,1,2,0,0,0,1,1,6,1,16,4,-1,-1,-1,-1,1,-1
2015300013153,1,9,0,18,0,8,0,0,0,0,1,1,6,2,52,8,1781,1,12,-1,3,-1