Accident_Index,Vehicle_Reference,Vehicle_Type,Towing_and_Articulation,Vehicle_Manoeuvre,Vehicle_Location-Restricted_Lane,Junction_Location,Skidding_and_Overturning,Hit_Object_in_Carriageway,Vehicle_Leaving_Carriageway,Hit_Object_off_Carriageway,1st_Point_of_Impact,Was_Vehicle_Left_Hand_Drive?,Journey_Purpose_of_Driver,Sex_of_Driver,Age_of_Driver,Age_Band_of_Driver,Engine_Capacity_(CC),Propulsion_Code,Age_of_Vehicle,Driver_IMD_Decile,Driver_Home_Area_Type,Vehicle_IMD_Decile
2015300013540,1,9,0,4,0,1,1,0,0,0,1,1,6,2,-1,-1,-1,-1,-1,-1,-1,-1
2015300013540,2,9,0,10,0,8,0,0,0,0,2,1,6,2,32,6,-1,-1,-1,-1,2,-1
2015300013541,1,9,0,18,0,0,0,0,0,0,1,1,6,2,-1,-1,998,1,1,-1,1,-1
2015300013541,2,90,0,3,0,0,0,0,0,0,0,1,1,3,-1,-1,-1,-1,-1,-1,-1,-1
2015300013546,1,9,0,4,0,1,0,0,0,0,2,1,1,2,43,7,-1,-1,-1,-1,1,-1
2015300013546,2,9,0,18,0,1,0,0,0,0,1,1,2,2,27,6,1229,1,4,-1,1,-1
2015300013548,1,9,0,18,0,0,0,0,0,0,1,1,6,1,33,6,-1,-1,-1,-1,-1,-1
2015300013548,2,19,0,18,0,0,0,0,1,7,2,1,6,1,54,8,2198,2,-1,-1,-1,-1
2015300013550,1,9,0,18,0,7,0,0,0,0,2,1,2,1,17,4,1229,1,1,-1,1,-1
2015300013550,2,9,0,3,0,7,0,0,0,0,2,1,2,2,58,9,1769,1,11,-1,1,-1
2015300013551,1,9,0,18,0,0,0,0,0,0,3,1,6,1,28,6,1598,1,5,-1,1,-1
2015300013551,2,21,1,11,0,0,0,0,0,0,4,1,1,3,-1,-1,-1,-1,-1,-1,-1,-1
2015300013552,1,9,0,5,0,6,0,0,0,0,3,1,1,1,33,6,1598,2,2,-1,-1,-1
2015300013552,2,9,0,18,0,1,0,0,0,0,1,1,6,1,73,10,1596,1,4,-1,1,-1
2015300013553,1,9,0,17,0,8,0,0,0,0,1,1,6,1,68,10,1328,1,9,-1,-1,-1
2015300013553,2,9,0,5,0,6,0,0,0,0,1,1,6,2,51,8,998,1,13,-1,-1,-1
2015300013559,1,9,0,3,0,0,0,0,0,0,2,1,6,2,40,7,1998,2,6,-1,1,-1
2015300013559,2,9,0,18,0,0,0,0,0,0,1,1,6,1,59,9,2987,2,4,-1,2,-1
2015300013570,1,9,0,18,0,2,0,0,1,10,4,1,6,1,29,6,1988,1,11,-1,-1,-1
2015300013570,2,9,0,18,0,1,0,0,0,0,0,1,6,3,-1,-1,-1,-1,-1,-1,-1,-1
2015300013571,1,9,0,18,0,4,0,0,1,0,3,1,6,1,73,10,1388,1,4,-1,1,-1
2015300013571,2,21,1,11,0,4,0,0,0,0,1,1,6,1,61,9,12000,2,14,-1,1,-1
2015300013576,1,9,0,11,0,0,0,0,1,7,4,1,6,1,80,11,1560,2,7,-1,2,-1
2015300013576,2,21,1,18,0,0,0,0,0,0,3,2,1,1,36,7,-1,-1,-1,-1,-1,-1
2015300013576,3,9,0,18,0,0,0,11,0,0,1,1,1,2,29,6,1968,2,2,-1,-1,-1
2015300013577,1,9,0,17,0,0,1,0,1,4,1,1,2,1,22,5,1242,1,15,-1,1,-1
2015300013578,1,5,0,17,0,1,2,0,0,0,0,1,6,1,68,10,600,1,20,-1,2,-1
2015300013578,2,9,0,5,0,1,0,0,0,0,0,1,6,1,37,7,-1,-1,-1,-1,1,-1
2015300013579,1,9,0,10,0,8,0,0,0,0,2,1,2,1,43,7,1598,2,2,-1,1,-1
2015300013579,2,9,0,18,0,1,1,0,0,0,1,1,6,1,25,5,1360,1,8,-1,2,-1
2015300013580,1,9,0,16,0,8,0,4,0,0,1,1,6,1,25,5,1388,1,13,-1,2,-1
2015300013580,2,9,0,2,0,1,0,0,0,0,2,1,6,2,34,6,1984,1,13,-1,2,-1
2015300013581,1,19,0,5,0,4,0,0,0,0,4,1,6,1,-1,-1,-1,-1,-1,-1,-1,-1
2015300013581,2,1,0,5,0,4,5,0,0,0,3,1,6,1,66,10,-1,-1,-1,-1,1,-1
2015300013582,1,9,0,9,0,8,0,0,0,0,1,1,2,2,58,9,1398,1,5,-1,1,-1
2015300013582,2,9,0,18,0,8,0,0,0,0,3,1,6,1,48,8,998,1,9,-1,1,-1
2015300013590,1,19,0,9,0,6,0,0,0,0,1,1,6,1,66,10,1998,2,11,-1,-1,-1
2015300013590,2,9,0,4,0,8,0,0,0,0,4,1,6,2,43,7,2179,2,2,-1,-1,-1
2015300013598,1,1,0,18,0,8,0,0,0,0,4,1,2,2,19,4,-1,-1,-1,-1,1,-1
2015300013598,2,9,0,9,0,1,0,0,0,0,1,1,6,1,35,6,1149,1,8,-1,1,-1
2015300013602,1,11,0,4,0,1,0,0,0,0,0,1,1,1,50,8,7300,2,6,-1,1,-1
2015300013602,2,9,0,4,0,1,0,0,0,0,0,1,6,3,-1,-1,-1,-1,-1,-1,-1,-1
2015300013607,1,9,0,16,0,8,0,0,0,0,1,1,6,1,25,5,2765,2,16,-1,3,-1
2015300013607,2,9,0,9,0,6,0,0,0,0,3,1,6,1,67,10,2967,1,12,-1,3,-1
2015300013608,1,9,0,11,0,0,2,7,2,10,1,1,6,1,36,7,1598,1,11,-1,1,-1
2015300013608,2,9,0,13,0,0,0,0,0,0,4,1,6,1,25,5,1968,2,6,-1,1,-1
2015300013611,1,9,0,16,0,0,0,0,7,2,1,1,6,2,33,6,1242,1,11,-1,1,-1
2015300013615,1,9,0,1,9,6,0,0,0,0,2,1,6,1,20,4,1900,2,10,-1,1,-1
2015300013615,2,1,0,18,9,1,0,0,0,0,4,1,6,1,9,2,-1,-1,-1,-1,1,-1
2015300013617,1,9,0,18,0,0,2,0,1,9,1,1,6,2,43,7,1299,1,15,-1,1,-1
2015300013620,1,9,0,18,0,0,0,0,0,0,1,1,6,1,55,8,2495,2,11,-1,1,-1
2015300013620,2,9,0,18,0,0,0,0,1,0,3,1,6,1,54,8,1781,1,15,-1,2,-1
2015300013620,3,9,0,18,0,0,0,0,1,0,3,1,6,2,34,6,1896,2,8,-1,1,-1
2015300013623,1,9,0,18,0,0,1,0,1,4,1,1,6,1,39,7,1956,2,1,-1,1,-1
2015300013624,1,9,0,18,0,1,5,0,3,0,1,1,6,2,72,10,1299,1,10,-1,3,-1
2015300013628,1,9,0,18,0,0,0,0,0,0,1,1,6,1,91,11,1896,2,13,-1,3,-1
2015300013634,1,9,0,18,0,0,0,0,0,0,1,1,6,1,-1,-1,1598,1,9,-1,1,-1
2015300013635,1,9,0,18,0,0,0,0,0,0,1,1,6,2,47,8,1986,2,10,-1,-1,-1
2015300013645,1,21,1,11,0,0,0,0,0,0,4,1,6,1,49,8,12882,2,8,-1,1,-1
2015300013645,2,9,0,18,0,0,0,0,0,0,3,1,6,1,41,7,1997,2,8,-1,1,-1
2015300013647,1,9,0,9,0,6,0,0,0,0,1,1,2,2,33,6,1598,1,3,-1,1,-1
2015300013647,2,9,0,14,0,8,0,0,0,0,1,1,1,1,41,7,1968,2,1,-1,1,-1
2015300013651,1,9,0,18,0,0,5,0,1,4,1,1,6,1,17,4,1124,1,14,-1,1,-1
2015300013651,2,9,0,2,9,0,0,4,0,0,2,1,6,1,54,8,3199,1,11,-1,-1,-1
2015300013651,3,9,0,2,9,0,0,0,0,0,2,1,6,2,53,8,1598,2,1,-1,-1,-1
2015300013652,1,9,0,18,0,0,0,0,7,10,1,1,3,1,38,7,1360,1,9,-1,1,-1
2015300013653,1,9,0,9,0,6,0,0,0,0,3,1,6,1,46,8,1248,1,4,-1,1,-1
2015300013653,2,3,0,18,0,8,0,0,0,0,1,1,6,1,62,9,124,1,12,-1,2,-1
2015300013655,1,1,0,17,0,8,5,0,0,0,4,1,6,2,35,6,-1,-1,-1,-1,1,-1
2015300013655,2,9,0,9,0,6,0,0,0,0,1,1,6,1,25,5,1364,1,7,-1,1,-1
2015300013656,1,9,0,18,0,0,0,0,0,0,1,1,6,1,70,10,1997,1,19,-1,-1,-1
2015300013656,2,9,0,4,0,0,0,0,0,0,2,1,6,1,19,4,1461,2,12,-1,1,-1
2015300013658,1,9,0,18,0,0,0,0,0,0,1,1,6,1,-1,-1,1598,1,14,-1,-1,-1
2015300013658,2,19,0,3,0,0,0,0,0,0,2,1,1,1,41,7,1598,2,8,-1,1,-1
2015300013659,1,19,0,18,0,0,0,0,0,0,1,1,1,1,55,8,1598,2,2,-1,1,-1
2015300013659,2,9,0,18,0,0,0,0,0,0,2,1,6,2,23,5,1368,1,8,-1,1,-1
2015300013662,1,21,1,18,0,0,0,0,0,0,2,2,6,3,-1,-1,-1,-1,-1,-1,-1,-1
2015300013662,2,9,3,18,0,0,0,0,0,0,1,1,6,1,58,9,2495,2,17,-1,1,-1
2015300013662,3,21,1,18,0,0,0,0,0,0,1,2,1,1,30,6,-1,-1,-1,-1,-1,-1
2015300013662,4,11,0,18,0,0,1,0,0,0,1,1,6,1,51,8,12000,2,9,-1,1,-1
2015300013664,1,9,0,16,0,0,1,0,0,0,1,1,6,1,32,6,-1,-1,-1,-1,3,-1
2015300013664,2,9,0,17,0,0,0,0,0,0,1,1,6,1,49,8,-1,-1,-1,-1,1,-1
2015300013666,1,11,0,18,0,0,0,0,0,0,0,1,1,3,-1,-1,4250,2,7,-1,-1,-1
2015300013666,2,9,0,13,0,0,0,0,0,0,0,1,6,3,-1,-1,1560,2,5,-1,-1,-1
2015300013670,1,21,1,12,0,0,0,0,0,0,0,1,6,3,-1,-1,-1,-1,-1,-1,-1,-1
2015300013670,2,9,0,18,0,0,1,0,5,6,3,1,6,1,34,6,1587,1,12,-1,1,-1
2015300013675,1,3,0,18,0,0,0,0,0,0,1,1,6,1,-1,-1,49,1,7,-1,-1,-1
2015300013675,2,9,0,3,0,0,0,0,0,0,2,1,1,2,43,7,1600,2,6,-1,1,-1
2015300013678,1,1,0,18,0,0,0,0,0,0,3,1,6,2,44,7,-1,-1,-1,-1,1,-1
2015300013678,2,90,0,13,0,0,0,0,0,0,2,1,1,1,30,6,-1,-1,-1,-1,1,-1
2015300013679,1,9,0,18,0,1,0,0,0,0,1,1,6,1,60,9,1493,2,8,-1,3,-1
2015300013679,2,9,0,3,0,1,0,0,0,0,2,1,6,1,18,4,973,1,13,-1,1,-1
2015300013681,1,9,0,17,0,0,2,0,1,0,1,1,1,1,18,4,2494,2,2,-1,-1,-1
2015300013687,1,9,0,18,7,0,0,0,1,0,1,1,6,2,37,7,1398,1,1,-1,1,-1
2015300013687,2,9,0,2,6,0,0,0,0,0,2,1,6,1,34,6,1896,2,13,-1,1,-1
2015300013688,1,9,0,18,0,1,0,0,0,0,1,1,6,1,34,6,1995,1,6,-1,1,-1
2015300013688,2,9,0,2,0,8,0,0,0,0,2,1,6,1,36,7,1968,2,7,-1,1,-1
2015300013689,1,9,0,9,0,6,0,0,1,0,1,1,2,1,61,9,1798,1,7,-1,1,-1
2015300013689,2,9,0,18,0,8,0,0,0,0,1,1,2,2,49,8,1364,1,8,-1,1,-1
2015300013692,1,90,0,13,0,0,0,0,0,0,2,1,1,1,55,8,5883,2,10,-1,1,-1
2015300013692,2,1,0,18,0,0,0,0,0,0,3,1,6,1,68,10,-1,-1,-1,-1,-1,-1
2015300013696,1,9,0,18,0,0,0,0,0,0,1,1,6,2,-1,-1,-1,-1,-1,-1,-1,-1
2015300013696,2,1,0,18,0,0,0,0,0,0,1,1,6,1,12,3,-1,-1,-1,-1,2,-1
2015300013700,1,21,4,3,0,4,0,0,0,0,2,1,1,1,38,7,10837,2,5,-1,-1,-1
2015300013700,2,9,0,4,0,4,0,0,0,0,1,1,6,2,33,6,2198,1,8,-1,2,-1
2015300013705,1,4,0,17,0,0,0,0,1,4,1,1,6,1,44,7,998,1,16,-1,1,-1
2015300013707,1,1,0,13,0,0,0,0,0,0,0,1,6,1,47,8,-1,-1,-1,-1,2,-1
2015300013707,2,9,0,5,0,0,0,0,0,0,0,1,3,2,38,7,2993,2,10,-1,1,-1
2015300013711,1,9,0,4,0,0,0,0,0,0,1,1,6,3,-1,-1,-1,-1,-1,-1,-1,-1
2015300013711,2,9,0,3,0,0,0,0,0,0,2,1,6,1,38,7,1997,2,10,-1,1,-1
2015300013717,1,9,0,18,0,8,0,0,0,0,4,1,1,2,36,7,1390,1,12,-1,2,-1
2015300013717,2,9,5,5,0,6,0,0,7,0,1,1,6,2,44,7,1995,2,13,-1,1,-1
2015300013723,1,1,0,5,0,0,0,0,0,0,2,1,1,1,47,8,-1,-1,-1,-1,1,-1
2015300013723,2,9,0,18,0,0,0,0,0,0,1,1,6,2,38,7,4163,2,8,-1,1,-1
2015300013724,1,9,0,18,0,8,0,0,0,0,4,1,6,1,87,11,1399,2,4,-1,3,-1
2015300013724,2,9,0,18,0,1,0,0,0,0,1,1,6,1,47,8,2198,2,8,-1,3,-1
2015300013724,3,9,0,3,0,1,0,0,0,0,1,1,2,2,23,5,1686,2,10,-1,3,-1
2015300013728,1,9,0,14,0,0,0,0,0,0,1,1,6,1,30,6,1368,1,5,-1,1,-1
2015300013728,2,9,0,2,0,0,0,0,0,0,2,1,6,2,62,9,1461,2,-1,-1,1,-1
2015300013729,1,9,0,5,0,6,0,0,0,0,1,1,6,2,-1,-1,-1,-1,-1,-1,-1,-1
2015300013729,2,9,0,18,0,8,0,0,0,0,3,1,6,2,25,5,1124,1,15,-1,1,-1
2015300013730,1,9,0,4,0,1,0,0,0,0,1,1,6,2,17,4,1390,1,12,-1,1,-1
2015300013730,2,9,0,9,0,1,0,0,0,0,2,1,6,2,35,6,1598,1,5,-1,-1,-1
2015300013731,1,9,0,16,0,0,2,0,1,10,1,1,6,1,30,6,1598,1,9,-1,2,-1
2015300013732,1,9,0,17,0,0,1,0,1,2,1,1,6,1,23,5,973,1,12,-1,1,-1
2015300013732,2,9,0,2,0,0,0,0,0,0,2,1,6,-1,-1,-1,1248,2,4,-1,-1,-1
2015300013733,1,9,0,18,0,4,0,0,0,0,1,1,1,1,19,4,1199,1,14,-1,1,-1
2015300013733,2,1,0,17,0,8,0,0,0,0,2,1,6,1,54,8,-1,-1,-1,-1,-1,-1
2015300013734,1,9,0,18,0,1,0,0,0,0,1,1,6,1,47,8,1686,2,12,-1,-1,-1
2015300013734,2,9,0,9,0,6,0,0,7,0,1,1,6,1,27,6,1388,1,13,-1,-1,-1
2015300013735,1,9,0,10,0,1,0,0,0,0,2,1,6,2,30,6,1896,2,12,-1,3,-1
2015300013735,2,9,0,18,0,1,0,0,0,0,1,1,2,2,44,7,998,1,8,-1,1,-1
2015300013736,1,9,0,10,0,1,0,0,0,0,1,1,1,2,51,8,1390,1,3,-1,1,-1
2015300013736,2,19,0,4,0,1,0,0,0,0,2,1,1,1,26,6,-1,-1,-1,-1,3,-1
2015300013738,1,3,0,18,0,0,0,0,0,0,3,1,2,1,22,5,124,1,1,-1,1,-1
2015300013738,2,9,0,11,0,0,0,0,0,0,4,1,6,3,-1,-1,-1,-1,-1,-1,-1,-1
2015300013739,1,9,0,18,0,1,0,0,0,0,1,1,6,1,52,8,1870,2,10,-1,1,-1
2015300013739,2,19,0,3,0,1,0,0,0,0,2,1,1,1,28,6,2298,2,2,-1,1,-1
2015300013742,1,8,0,4,0,0,0,0,0,0,4,1,6,3,-1,-1,-1,-1,-1,-1,-1,-1
2015300013743,1,9,0,3,0,0,0,0,0,0,2,1,1,1,38,7,2143,2,1,-1,1,-1
2015300013743,2,9,0,4,0,0,0,0,0,0,1,1,6,2,71,10,899,1,2,-1,1,-1
2015300013744,1,9,0,4,0,1,0,0,0,0,2,1,6,1,51,8,1896,2,12,-1,1,-1
2015300013744,2,9,0,4,0,1,1,0,0,0,1,1,6,1,62,9,796,1,15,-1,-1,-1
2015300013746,1,8,0,18,0,0,0,0,0,0,4,1,6,3,-1,-1,-1,-1,-1,-1,-1,-1
2015300013750,1,9,0,18,0,8,0,0,0,0,1,1,2,1,19,4,1360,1,11,-1,-1,-1
2015300013750,2,9,0,10,0,8,0,0,0,0,2,1,6,2,28,6,1390,1,3,-1,-1,-1
2015300013750,3,20,0,2,0,8,0,0,0,0,0,1,6,3,-1,-1,-1,-1,-1,-1,-1,-1
2015300013751,1,9,0,2,0,0,0,0,0,0,4,1,1,1,43,7,2993,2,2,-1,-1,-1
2015300013751,2,1,0,18,0,0,0,0,0,0,1,1,6,1,58,9,-1,-1,-1,-1,2,-1
2015300013757,1,9,0,12,0,0,0,0,0,0,3,1,6,1,59,9,1242,1,3,-1,1,-1
2015300013757,2,5,0,18,0,0,0,0,4,0,1,1,6,1,35,6,999,1,6,-1,1,-1
2015300013758,1,5,0,16,0,8,1,0,7,10,1,1,6,1,36,7,998,1,1,-1,1,-1
2015300013761,1,9,0,5,0,0,0,0,0,0,1,1,6,1,28,6,1900,2,9,-1,-1,-1
2015300013766,1,9,0,9,0,1,0,0,7,10,1,1,6,1,43,7,2993,2,7,-1,-1,-1
2015300013768,1,8,0,6,0,0,0,0,0,0,1,1,1,1,33,6,1995,2,10,-1,1,-1
2015300013768,2,9,0,13,0,0,0,4,0,0,4,1,2,2,21,5,1299,1,12,-1,1,-1
2015300013768,3,-1,0,2,6,0,0,0,0,0,3,1,6,-1,-1,-1,-1,-1,-1,-1,-1,-1
2015300013770,1,9,0,17,0,0,0,0,7,0,4,1,2,2,30,6,1299,1,13,-1,1,-1
2015300013770,2,19,0,16,0,0,0,0,1,0,1,1,1,1,45,7,1560,2,1,-1,2,-1
2015300013782,1,1,0,7,0,1,0,0,0,0,1,1,6,1,30,6,-1,-1,-1,-1,1,-1
2015300013782,2,9,0,2,0,1,0,0,0,0,2,1,6,1,-1,-1,1560,2,-1,-1,-1,-1
2015300013783,1,9,0,18,0,0,0,0,0,0,1,1,6,1,24,5,1781,1,8,-1,-1,-1
2015300013783,2,5,0,4,0,0,0,0,0,0,2,1,2,1,59,9,745,1,3,-1,1,-1
2015300013784,1,9,0,18,0,1,1,0,1,10,1,1,2,2,32,6,1388,1,12,-1,1,-1
2015300013784,2,9,0,9,0,6,0,0,0,0,4,1,2,1,35,6,1398,1,5,-1,1,-1
2015300013786,1,9,0,16,0,0,5,0,8,0,1,1,1,1,35,6,1197,1,2,-1,3,-1
2015300013787,1,9,0,5,9,0,0,0,0,0,4,1,6,2,75,10,1299,1,14,-1,1,-1
2015300013788,1,5,0,8,0,1,0,0,0,0,2,1,1,1,53,8,650,1,14,-1,1,-1
2015300013788,2,9,0,18,0,1,0,0,0,0,1,1,6,1,-1,-1,-1,-1,-1,-1,-1,-1
2015300013790,1,9,0,16,0,0,0,0,0,0,4,1,6,1,90,11,1590,1,10,-1,2,-1
2015300013790,2,1,0,18,0,0,0,0,1,0,3,1,6,1,74,10,-1,-1,-1,-1,-1,-1
2015300013793,1,9,0,5,0,4,0,0,1,10,3,1,6,1,18,4,998,1,10,-1,-1,-1
2015300013793,2,9,0,18,0,3,0,0,0,0,1,1,6,1,25,5,1596,1,7,-1,1,-1
2015300013794,1,9,0,18,0,0,0,0,0,0,4,1,6,3,-1,-1,-1,-1,-1,-1,-1,-1
2015300013795,1,9,0,3,0,1,0,0,0,0,2,1,6,2,61,9,1229,1,10,-1,1,-1
2015300013795,2,9,0,3,0,1,0,0,0,0,2,1,6,2,35,6,1997,2,7,-1,1,-1
2015300013795,3,9,0,4,0,1,0,0,0,0,1,1,6,1,31,6,1753,2,12,-1,1,-1
2015300013796,1,9,0,16,0,1,0,0,0,0,3,1,6,2,40,7,1968,2,10,-1,1,-1
2015300013797,1,11,0,18,0,1,0,0,0,0,1,1,1,1,-1,-1,7300,2,6,-1,-1,-1
2015300013797,2,9,0,7,0,5,0,0,0,0,2,1,6,1,19,4,1590,1,10,-1,1,-1
2015300013800,1,9,0,5,0,6,0,0,0,0,3,1,1,2,47,8,996,1,1,-1,1,-1
2015300013800,2,5,0,18,0,1,0,0,0,0,1,1,2,1,50,8,1137,1,14,-1,1,-1
2015300013801,1,9,0,16,0,0,1,0,0,0,3,1,2,2,41,7,1596,1,14,-1,1,-1
2015300013801,2,9,0,17,0,0,1,0,0,0,3,1,6,2,40,7,1896,2,11,-1,3,-1
2015300013802,1,9,0,18,0,0,0,0,0,0,1,1,6,1,32,6,1360,1,8,-1,1,-1
2015300013802,2,9,0,2,0,0,0,0,0,0,0,1,6,3,-1,-1,-1,-1,-1,-1,-1,-1
2015300013803,1,1,0,18,0,8,0,0,0,0,2,1,6,1,47,8,-1,-1,-1,-1,1,-1
2015300013803,2,9,0,18,0,4,0,0,0,0,1,1,6,1,33,6,1968,2,2,-1,1,-1
2015300013806,1,19,0,18,0,0,0,0,0,0,1,1,1,1,46,8,2143,2,5,-1,1,-1
2015300013806,2,9,0,18,0,0,0,0,0,0,2,1,2,2,21,5,1124,1,9,-1,3,-1
2015300013808,1,8,0,14,0,2,0,0,0,0,1,1,6,1,-1,-1,1968,2,8,-1,-1,-1
2015300013808,2,9,0,2,0,2,0,0,0,0,3,1,3,1,-1,-1,1582,2,1,-1,-1,-1
2015300013809,1,1,0,18,0,0,0,0,0,0,1,1,6,1,14,3,-1,-1,-1,-1,-1,-1
2015300013809,2,9,0,13,0,0,0,0,0,0,4,1,1,1,52,8,999,1,8,-1,1,-1
2015300013810,1,9,0,7,0,5,0,0,0,0,2,1,2,1,20,4,1248,2,10,-1,1,-1
2015300013810,2,1,0,18,0,1,0,0,0,0,1,1,6,1,49,8,-1,-1,-1,-1,2,-1
2015300013819,1,9,0,17,0,0,1,0,0,0,1,1,6,1,18,4,973,1,13,-1,1,-1
2015300013819,2,19,4,16,0,0,0,0,0,0,1,1,1,1,40,7,2402,2,12,-1,1,-1
2015300013823,1,9,0,4,0,0,0,0,0,0,1,1,2,2,27,6,1086,1,11,-1,1,-1
2015300013823,2,1,0,18,0,0,0,0,0,0,1,1,4,2,11,3,-1,-1,-1,-1,1,-1
2015300013824,1,9,0,17,0,0,0,0,0,0,4,1,6,1,64,9,1197,1,2,-1,1,-1
2015300013825,1,9,0,18,0,8,0,0,7,0,3,1,6,1,19,4,1596,1,-1,-1,3,-1
2015300013825,2,9,0,9,0,6,0,0,1,10,2,1,2,1,37,7,1956,2,1,-1,1,-1
2015300013831,1,20,0,7,0,5,0,0,0,0,4,1,1,1,29,6,6370,2,9,-1,1,-1
2015300013831,2,9,0,18,0,8,0,0,0,0,1,1,6,2,31,6,1360,1,6,-1,1,-1
2015300013837,1,9,0,9,0,8,0,0,0,0,1,1,6,1,31,6,-1,-1,-1,-1,1,-1
2015300013837,2,9,0,18,0,8,0,0,0,0,1,1,6,2,21,5,1328,1,11,-1,3,-1
2015300013838,1,9,0,18,0,0,0,0,0,0,1,1,1,1,-1,-1,-1,-1,-1,-1,3,-1
2015300013838,2,9,0,18,0,0,0,0,0,0,1,1,6,2,37,7,1910,2,9,-1,-1,-1
2015300013840,1,11,0,18,0,0,0,0,0,0,1,1,1,1,48,8,9000,2,6,-1,1,-1
2015300013841,1,9,0,17,0,0,0,0,0,0,1,1,6,3,-1,-1,-1,-1,-1,-1,1,-1
2015300013841,2,9,0,17,0,0,0,0,0,0,2,1,6,1,19,4,1999,1,9,-1,1,-1
2015300013844,1,4,0,17,0,0,0,0,1,0,0,1,2,1,41,7,125,1,10,-1,2,-1
2015300013849,1,1,0,17,0,0,0,4,0,0,1,1,6,1,43,7,-1,-1,-1,-1,1,-1
2015300013849,2,21,0,2,0,0,0,0,0,0,1,1,6,1,-1,-1,6370,2,11,-1,-1,-1
2015300013853,1,9,0,10,0,8,0,0,0,0,2,1,6,1,71,10,1995,2,13,-1,-1,-1
2015300013853,2,9,0,18,0,1,0,0,0,0,1,1,6,1,81,11,1596,1,6,-1,-1,-1
2015300013856,1,19,0,18,0,0,0,0,0,0,4,1,6,3,-1,-1,-1,-1,-1,-1,-1,-1
2015300013856,2,9,0,18,0,0,0,0,0,0,2,1,1,1,49,8,999,1,3,-1,-1,-1
2015300013858,1,9,0,18,0,0,5,0,0,0,1,1,6,2,54,8,1598,1,12,-1,1,-1
2015300013858,2,9,0,18,0,0,0,0,0,0,1,1,6,2,47,8,1299,1,10,-1,-1,-1
2015300013860,1,9,0,18,0,4,0,0,0,0,1,1,6,1,-1,-1,1999,1,10,-1,-1,-1
2015300013860,2,9,0,18,0,4,0,0,0,0,2,1,6,2,28,6,1618,1,1,-1,3,-1
2015300013867,1,20,0,16,0,0,0,0,0,0,0,1,6,3,-1,-1,-1,-1,-1,-1,-1,-1
2015300013867,2,2,0,17,0,0,0,0,0,0,0,1,6,1,16,4,49,1,10,-1,1,-1
2015300013868,1,9,0,18,0,2,0,0,0,0,4,1,1,2,24,5,998,1,8,-1,-1,-1
2015300013868,2,21,1,3,0,2,0,0,0,0,0,1,6,3,-1,-1,-1,-1,-1,-1,-1,-1
2015300013869,1,9,0,18,0,1,0,0,0,0,4,1,2,2,59,9,1198,1,4,-1,2,-1
2015300013870,1,9,0,13,0,0,0,0,0,0,4,1,6,1,76,11,1997,2,11,-1,2,-1
2015300013870,2,1,0,18,0,0,0,0,1,0,3,1,6,2,52,8,-1,-1,-1,-1,3,-1
2015300013871,1,9,0,5,0,4,0,0,0,0,1,1,6,1,48,8,1229,1,3,-1,1,-1
2015300013871,2,3,0,5,0,8,0,0,0,0,1,1,6,1,24,5,124,1,-1,-1,1,-1
2015300013872,1,9,0,18,0,0,0,0,0,0,1,1,6,2,52,8,1242,1,4,-1,1,-1
2015300013872,2,9,0,3,0,0,0,0,0,0,2,1,6,2,72,10,1396,1,13,-1,1,-1
2015300013872,3,9,0,3,0,0,0,0,0,0,2,1,6,2,49,8,1968,2,1,-1,1,-1
2015300013877,1,9,0,3,0,1,0,0,0,0,2,1,2,2,35,6,1360,1,16,-1,1,-1
2015300013877,2,9,0,18,0,1,0,0,0,0,1,1,2,2,46,8,1995,2,10,-1,3,-1
2015300013878,1,9,0,2,0,0,0,8,0,0,3,1,6,3,-1,-1,-1,-1,-1,-1,-1,-1
2015300013878,2,1,0,18,0,0,0,0,0,0,3,1,6,2,28,6,-1,-1,-1,-1,1,-1
2015300013882,1,9,0,17,9,0,0,0,7,9,1,1,6,1,25,5,1995,1,14,-1,-1,-1
2015300013882,2,9,0,5,0,0,0,0,0,0,0,1,6,3,-1,-1,-1,-1,-1,-1,-1,-1
2015300013883,1,9,0,18,0,0,0,0,0,0,3,1,6,2,69,10,1598,1,8,-1,1,-1
2015300013885,1,9,0,18,0,0,1,0,1,4,1,1,6,2,41,7,998,1,11,-1,1,-1
2015300013886,1,9,0,9,0,8,0,0,0,0,1,1,6,1,23,5,1598,2,2,-1,-1,-1
2015300013886,2,1,0,18,0,8,0,0,0,0,3,1,6,1,10,2,-1,-1,-1,-1,1,-1
2015300013887,1,9,0,17,0,0,0,0,7,10,1,1,6,1,45,7,2143,2,-1,-1,-1,-1
2015300013887,2,21,1,16,0,0,3,0,2,10,1,1,1,1,44,7,12900,2,4,-1,1,-1
2015300013888,1,9,0,17,0,0,1,7,5,6,1,1,6,1,48,8,1794,1,12,-1,1,-1
2015300013892,1,9,0,2,0,0,0,0,0,0,1,1,6,2,23,5,1598,1,11,-1,1,-1
2015300013892,2,9,0,6,0,0,0,0,0,0,1,1,6,2,21,5,1149,1,5,-1,1,-1
2015300013897,1,9,0,16,0,2,1,0,0,0,1,1,6,1,35,6,1596,1,14,-1,3,-1