Accident_Index,Vehicle_Reference,Vehicle_Type,Towing_and_Articulation,Vehicle_Manoeuvre,Vehicle_Location-Restricted_Lane,Junction_Location,Skidding_and_Overturning,Hit_Object_in_Carriageway,Vehicle_Leaving_Carriageway,Hit_Object_off_Carriageway,1st_Point_of_Impact,Was_Vehicle_Left_Hand_Drive?,Journey_Purpose_of_Driver,Sex_of_Driver,Age_of_Driver,Age_Band_of_Driver,Engine_Capacity_(CC),Propulsion_Code,Age_of_Vehicle,Driver_IMD_Decile,Driver_Home_Area_Type,Vehicle_IMD_Decile
2015300013897,2,9,0,4,0,1,0,0,0,0,1,1,3,2,59,9,1596,1,6,-1,3,-1
2015300013911,1,9,0,18,0,0,0,0,1,10,1,1,6,1,21,5,1242,1,8,-1,2,-1
2015300013911,2,9,0,18,0,0,0,0,1,0,0,1,6,1,30,6,2497,2,11,-1,1,-1
2015300013912,1,9,0,17,9,0,0,0,2,2,1,1,6,2,44,7,1596,1,5,-1,1,-1
2015300013913,1,8,0,4,0,2,0,0,0,0,2,1,1,1,39,7,1995,2,14,-1,1,-1
2015300013914,1,9,0,7,0,2,1,4,0,0,1,1,6,2,18,4,1248,2,11,-1,2,-1
2015300013914,2,9,0,2,0,1,0,4,0,0,1,1,6,2,61,9,1995,2,11,-1,-1,-1
2015300013914,3,9,0,2,0,2,0,0,0,0,1,1,6,3,-1,-1,-1,-1,-1,-1,-1,-1
2015300013915,1,9,0,16,0,0,1,0,1,10,1,1,2,2,45,7,973,1,16,-1,-1,-1
2015300013916,1,9,0,18,0,0,0,0,1,2,1,1,2,1,37,7,1968,2,8,-1,1,-1
2015300013917,1,9,0,4,0,1,0,0,0,0,1,1,2,2,43,7,1390,1,9,-1,1,-1
2015300013917,2,9,0,3,0,1,0,0,0,0,2,1,2,1,64,9,2295,1,16,-1,1,-1
2015300013917,3,9,0,10,0,8,0,0,0,0,2,1,2,2,38,7,1299,1,12,-1,-1,-1
2015300013918,1,9,0,13,0,0,2,0,1,9,1,1,6,1,26,6,2600,1,14,-1,-1,-1
2015300013918,2,9,0,16,0,0,0,0,0,0,0,1,6,2,43,7,1388,1,6,-1,-1,-1
2015300013923,1,9,0,18,0,1,0,0,0,0,1,1,2,1,67,10,1598,1,15,-1,-1,-1
2015300013923,2,8,0,10,0,8,0,0,0,0,2,1,6,1,51,8,1910,2,8,-1,1,-1
2015300013924,1,9,0,16,0,0,0,0,0,0,3,1,2,1,41,7,2967,2,1,-1,1,-1
2015300013924,2,9,0,17,0,0,0,0,0,0,3,1,2,1,57,9,1995,2,1,-1,1,-1
2015300013931,1,9,0,16,0,0,0,11,7,7,3,1,6,2,68,10,1299,1,10,-1,1,-1
2015300013936,1,90,0,14,0,0,0,0,0,0,4,1,6,1,-1,-1,-1,-1,-1,-1,-1,-1
2015300013936,2,19,0,2,0,0,0,0,0,0,0,1,1,3,-1,-1,-1,-1,-1,-1,-1,-1
2015300013938,1,9,0,18,0,2,0,0,0,0,1,1,6,2,74,10,1328,1,13,-1,1,-1
2015300013943,1,9,0,18,0,0,0,0,0,0,1,1,6,2,69,10,2179,2,5,-1,1,-1
2015300013943,2,9,0,4,0,0,0,0,0,0,2,1,6,2,33,6,1390,1,12,-1,1,-1
2015300013943,3,9,0,4,0,0,0,0,0,0,2,1,6,1,77,11,1598,1,9,-1,1,-1
2015300013944,1,11,0,13,0,0,0,0,0,0,4,1,1,1,71,10,11630,2,13,-1,1,-1
2015300013944,2,21,1,16,0,0,0,0,0,0,3,1,1,1,48,8,12900,2,8,-1,2,-1
2015300013944,3,9,0,18,0,0,0,0,1,0,0,1,6,2,31,6,-1,-1,-1,-1,3,-1
2015300013946,1,19,0,18,0,0,0,0,1,4,1,1,6,1,27,6,1998,2,13,-1,3,-1
2015300013946,2,21,1,18,0,0,0,0,0,0,2,1,1,1,50,8,11967,2,1,-1,1,-1
2015300013948,1,19,0,4,0,0,1,0,0,0,1,1,2,1,24,5,2143,2,4,-1,-1,-1
2015300013948,2,9,0,4,0,0,0,0,0,0,2,1,3,1,50,8,1968,2,3,-1,-1,-1
2015300013948,3,9,0,4,0,0,0,0,0,0,2,1,2,2,18,4,1229,1,8,-1,-1,-1
2015300013948,4,9,0,4,0,0,0,0,0,0,2,1,3,2,41,7,1364,1,10,-1,1,-1
2015300013952,1,9,0,9,0,8,0,0,0,0,3,1,2,1,20,4,1198,1,10,-1,3,-1
2015300013952,2,9,0,18,0,1,0,0,0,0,1,1,6,2,27,6,1229,1,3,-1,1,-1
2015300013955,1,21,1,9,0,4,0,0,0,0,4,1,1,1,57,9,12777,2,-1,-1,2,-1
2015300013955,2,5,0,7,0,4,0,0,0,0,3,1,6,1,52,8,999,1,-1,-1,2,-1
2015300013958,1,3,0,18,0,1,1,0,0,0,0,1,6,1,74,10,125,1,9,-1,1,-1
2015300013958,2,9,0,9,0,6,0,0,0,0,0,1,6,2,-1,-1,-1,-1,-1,-1,-1,-1
2015300013960,1,9,0,5,0,2,0,0,0,0,4,1,6,1,94,11,989,1,16,-1,-1,-1
2015300013960,2,1,0,18,0,1,0,0,0,0,1,1,6,1,41,7,-1,-1,-1,-1,1,-1
2015300013965,1,9,0,18,0,8,0,0,0,0,1,1,3,1,34,6,1390,1,8,-1,3,-1
2015300013965,2,9,0,9,0,5,0,0,0,0,2,1,6,1,75,10,1796,1,6,-1,2,-1
2015300013969,1,9,0,7,0,4,0,0,0,0,4,1,6,3,-1,-1,-1,-1,-1,-1,-1,-1
2015300013969,2,9,0,5,0,4,0,0,0,0,3,1,2,2,45,7,1968,2,4,-1,-1,-1
2015300013970,1,9,0,16,0,0,0,0,0,0,1,1,6,2,47,8,2401,2,10,-1,3,-1
2015300013970,2,9,0,17,0,0,0,0,0,0,1,1,1,2,41,7,1560,2,4,-1,1,-1
2015300013972,1,9,0,18,0,4,0,0,0,0,4,1,6,1,39,7,1994,1,16,-1,3,-1
2015300013972,2,9,0,18,0,3,0,0,0,0,3,1,6,1,77,11,1386,1,7,-1,1,-1
2015300013973,1,90,0,18,0,0,0,0,0,0,2,1,6,3,-1,-1,-1,-1,-1,-1,-1,-1
2015300013978,1,9,0,6,0,0,0,2,0,0,1,1,6,2,68,10,1498,1,6,-1,-1,-1
2015300013981,1,9,0,18,0,1,0,0,0,0,1,1,6,2,-1,-1,998,1,7,-1,1,-1
2015300013981,2,5,0,10,0,1,0,0,0,0,2,1,6,1,-1,-1,749,1,23,-1,-1,-1
2015300013984,1,9,0,18,0,1,0,0,0,0,4,1,6,1,46,8,1242,1,1,-1,1,-1
2015300013987,1,9,0,18,0,8,0,0,0,0,3,1,2,1,62,9,998,1,7,-1,1,-1
2015300013987,2,19,0,18,0,8,0,0,0,0,4,1,1,1,29,6,2198,2,3,-1,1,-1
2015300013988,1,90,0,18,0,0,0,0,0,0,1,1,6,1,51,8,-1,3,1,-1,1,-1
2015300013988,2,8,0,18,0,0,0,0,0,0,1,1,1,1,-1,-1,1995,2,14,-1,-1,-1
2015300013999,1,90,0,18,0,4,0,0,0,0,0,1,6,1,-1,-1,-1,-1,-1,-1,-1,-1
2015300013999,2,21,0,18,0,4,0,0,0,0,3,1,1,1,41,7,2998,2,1,-1,1,-1
2015300013999,3,3,0,18,0,8,0,0,0,0,1,1,6,2,-1,-1,124,1,1,-1,3,-1
2015300014002,1,9,0,4,0,0,0,0,0,0,2,1,6,2,60,9,1900,2,11,-1,1,-1
2015300014002,2,9,0,4,0,0,0,0,0,0,1,1,6,1,18,4,1390,1,11,-1,1,-1
2015300014005,1,1,0,18,9,0,0,0,0,0,1,1,6,2,7,2,-1,-1,-1,-1,-1,-1
2015300014005,2,9,0,18,0,0,0,0,0,0,4,1,6,1,20,4,1390,1,15,-1,3,-1
2015300014010,1,21,1,11,0,0,0,0,0,0,4,1,1,1,48,8,12740,2,2,-1,1,-1
2015300014010,2,9,0,18,0,0,1,0,0,0,3,1,6,1,19,4,998,1,12,-1,1,-1
2015300014011,1,21,1,11,0,0,0,0,0,0,4,1,1,1,44,7,12902,2,2,-1,1,-1
2015300014011,2,9,0,18,0,0,1,0,0,0,3,1,6,1,48,8,1360,1,13,-1,1,-1
2015300014013,1,9,0,9,0,8,0,0,0,0,4,1,6,1,51,8,2993,2,5,-1,3,-1
2015300014013,2,4,0,18,0,6,0,0,0,0,1,1,6,1,33,6,250,1,13,-1,1,-1
2015300014015,1,5,0,16,0,0,0,0,0,0,3,1,6,1,59,9,-1,-1,-1,-1,-1,-1
2015300014015,2,21,5,17,0,0,0,0,0,0,3,1,1,1,52,8,1290,2,2,-1,1,-1
2015300014016,1,10,0,12,2,1,0,0,0,0,3,1,6,1,57,9,-1,-1,-1,-1,1,-1
2015300014016,2,11,0,18,2,1,2,0,0,0,4,1,1,2,25,5,6696,2,1,-1,-1,-1
2015300014018,1,5,0,17,0,0,0,0,1,4,1,1,6,1,28,6,599,1,13,-1,1,-1
2015300014019,1,9,0,16,0,0,0,0,0,0,3,1,6,1,62,9,1349,1,6,-1,1,-1
2015300014019,2,9,0,17,0,0,0,0,0,0,3,1,6,1,75,10,1995,2,5,-1,3,-1
2015300014022,1,9,0,17,0,0,0,0,1,10,1,1,6,2,17,4,1229,1,10,-1,1,-1
2015300014024,1,9,0,18,0,0,0,0,0,0,1,1,6,2,30,6,1998,1,13,-1,1,-1
2015300014024,2,1,0,18,0,0,0,0,0,0,2,1,6,1,37,7,-1,-1,-1,-1,-1,-1
2015300014025,1,9,0,2,0,0,0,0,0,0,4,1,6,1,33,6,2457,1,10,-1,-1,-1
2015300014025,2,9,0,18,0,0,0,0,0,0,4,1,6,1,-1,-1,1968,2,8,-1,1,-1
2015300014029,1,4,0,18,0,8,0,0,8,4,1,1,2,1,23,5,124,1,2,-1,1,-1
2015300014031,1,9,0,18,0,8,0,0,0,0,1,1,6,2,20,4,1149,1,1,-1,2,-1
2015300014031,2,9,0,9,0,6,0,0,0,0,3,1,6,2,60,9,1242,1,1,-1,-1,-1
2015300014032,1,9,0,18,0,0,1,0,0,0,4,1,6,1,47,8,1796,1,16,-1,1,-1
2015300014033,1,1,0,18,0,0,0,12,0,0,1,1,6,2,14,3,-1,-1,-1,-1,3,-1
2015300014034,1,9,0,16,0,1,0,0,3,10,1,1,6,2,63,9,973,1,15,-1,3,-1
2015300014035,1,9,0,18,0,2,0,0,0,0,3,1,6,2,80,11,1591,1,2,-1,1,-1
2015300014035,2,9,0,18,0,1,0,0,0,0,3,1,6,2,17,4,1199,1,13,-1,1,-1
2015300014044,1,11,0,2,0,0,0,0,0,0,0,1,1,1,36,7,4461,2,1,-1,1,-1
2015300014056,1,9,0,18,0,0,0,0,0,0,3,1,6,3,-1,-1,-1,-1,-1,-1,-1,-1
2015300014056,2,5,0,18,0,0,0,0,0,0,3,1,6,1,59,9,675,1,2,-1,1,-1
2015300014060,1,9,0,16,0,1,5,0,1,9,1,1,6,1,19,4,1000,1,1,-1,1,-1
2015300014060,2,9,0,9,0,8,0,0,0,0,2,1,6,2,43,7,1560,2,5,-1,-1,-1
2015300014061,1,9,0,9,0,5,0,0,0,0,1,1,6,1,29,6,2198,1,14,-1,1,-1
2015300014061,2,9,0,18,0,8,0,0,0,0,1,1,6,1,24,5,2000,2,9,-1,1,-1
2015300014064,1,9,0,18,0,0,0,0,0,0,1,1,6,1,39,7,1360,1,13,-1,-1,-1
2015300014064,2,9,0,2,0,0,0,0,0,0,2,1,6,-1,-1,-1,1998,1,17,-1,-1,-1
2015300014066,1,9,0,17,0,0,0,0,0,0,3,1,6,3,-1,-1,-1,-1,-1,-1,-1,-1
2015300014066,2,9,0,18,0,0,0,0,0,0,3,1,6,2,42,7,2000,1,10,-1,3,-1
2015300014067,1,21,1,18,0,0,1,0,0,0,1,1,1,1,24,5,12809,2,2,-1,1,-1
2015300014067,2,21,1,2,0,0,0,0,0,0,2,1,1,1,45,7,11967,2,3,-1,1,-1
2015300014069,1,9,0,7,0,5,1,0,1,0,4,1,6,3,-1,-1,1997,1,15,-1,-1,-1
2015300014078,1,19,0,7,0,1,0,0,0,0,0,1,1,3,-1,-1,-1,-1,-1,-1,-1,-1
2015300014078,2,9,0,7,0,1,0,0,0,0,2,1,1,1,21,5,1389,1,17,-1,2,-1
2015300014078,3,9,0,18,0,1,0,0,0,0,1,1,1,3,-1,-1,-1,-1,-1,-1,-1,-1
2015300014082,1,9,0,18,0,0,1,10,2,0,4,1,6,1,19,4,1598,1,12,-1,-1,-1
2015300014084,1,9,0,9,0,5,0,0,0,0,4,1,1,2,22,5,1360,1,9,-1,1,-1
2015300014084,2,1,0,18,0,1,0,0,0,0,1,1,1,1,51,8,-1,-1,-1,-1,-1,-1
2015300014086,1,9,0,17,0,8,5,10,1,10,1,1,6,1,17,4,1396,1,12,-1,1,-1
2015300014088,1,19,0,7,0,8,0,0,0,0,1,1,1,1,62,9,1499,2,1,-1,1,-1
2015300014088,2,9,0,18,0,8,0,0,0,0,1,1,6,1,32,6,2521,1,9,-1,1,-1
2015300014088,3,9,0,18,0,1,0,0,0,0,3,1,6,2,26,6,2171,2,12,-1,1,-1
2015300014088,4,9,0,18,0,1,0,0,0,0,1,1,6,2,30,6,998,1,6,-1,3,-1
2015300014089,1,9,0,17,0,8,0,0,1,2,1,1,2,1,47,8,1997,2,11,-1,1,-1
2015300014090,1,21,1,13,0,0,0,0,0,0,4,1,1,1,47,8,12740,2,-1,-1,1,-1
2015300014090,2,1,0,18,0,0,0,0,0,0,3,1,2,1,32,6,-1,-1,-1,-1,1,-1
2015300014092,1,9,0,18,0,8,0,0,0,0,4,1,2,1,63,9,3628,2,8,-1,1,-1
2015300014092,2,1,0,18,0,8,0,0,0,0,3,1,2,1,43,7,-1,-1,-1,-1,2,-1
2015300014093,1,9,0,13,0,1,0,0,0,0,0,1,6,2,34,6,1998,1,17,-1,1,-1
2015300014093,2,1,0,12,0,1,0,0,0,0,3,1,6,1,23,5,-1,-1,-1,-1,1,-1
2015300014094,1,9,0,17,0,0,0,0,0,0,4,1,2,1,67,10,1596,1,9,-1,3,-1
2015300014094,2,9,0,16,0,0,0,0,0,0,1,1,2,1,38,7,2179,2,3,-1,1,-1
2015300014099,1,9,0,18,0,8,0,0,0,0,1,1,6,2,60,9,998,1,15,-1,1,-1
2015300014099,2,9,0,9,0,5,0,0,0,0,1,1,6,1,75,10,1197,1,4,-1,1,-1
2015300014122,1,19,0,4,0,0,0,0,0,0,2,1,1,1,-1,-1,-1,-1,-1,-1,-1,-1
2015300014122,2,3,0,18,0,0,1,0,0,0,1,1,6,1,22,5,125,1,10,-1,1,-1
2015300014122,3,9,0,14,0,0,0,0,0,0,0,1,6,3,-1,-1,-1,-1,-1,-1,-1,-1
2015300014124,1,9,0,18,0,0,0,0,7,0,1,1,6,1,78,11,1796,1,4,-1,1,-1
2015300014124,2,21,1,18,0,0,1,0,0,0,1,1,1,1,32,6,11967,2,4,-1,1,-1
2015300014125,1,9,0,9,0,6,0,0,0,0,3,1,6,1,44,7,1968,2,2,-1,2,-1
2015300014125,2,1,0,18,0,8,1,0,0,0,1,1,2,1,38,7,-1,-1,-1,-1,3,-1
2015300014127,1,9,0,13,0,8,0,0,7,3,1,1,2,1,46,8,1896,2,11,-1,2,-1
2015300014127,2,90,0,9,0,5,0,0,0,0,0,1,6,3,-1,-1,-1,-1,-1,-1,-1,-1
2015300014129,1,9,0,18,0,0,0,0,0,0,1,1,6,1,18,4,1199,1,11,-1,1,-1
2015300014134,1,9,0,2,0,0,1,0,1,10,3,1,6,1,72,10,1587,1,10,-1,3,-1
2015300014134,2,9,0,17,0,0,0,4,0,0,4,1,6,1,21,5,1995,2,10,-1,3,-1
2015300014138,1,9,0,5,0,0,0,0,0,0,1,1,6,2,22,5,1242,1,12,-1,1,-1
2015300014138,2,5,0,18,0,0,0,0,0,0,1,1,6,1,57,9,918,1,19,-1,1,-1
2015300014141,1,9,0,18,0,8,0,0,0,0,4,1,6,2,32,6,1560,2,7,-1,1,-1
2015300014141,2,1,0,18,0,6,0,0,0,0,1,1,6,1,18,4,-1,-1,-1,-1,-1,-1
2015300014144,1,9,0,18,0,0,0,0,0,0,1,1,6,3,55,8,998,1,1,-1,1,-1
2015300014147,1,9,0,16,0,0,1,0,0,0,4,1,6,1,36,7,1598,1,12,-1,3,-1
2015300014147,2,9,0,17,0,0,0,0,0,0,1,1,6,1,73,10,1995,2,1,-1,-1,-1
2015300014151,1,9,0,9,0,8,0,0,0,0,1,1,6,1,41,7,1560,2,-1,-1,-1,-1
2015300014151,2,5,0,18,0,8,0,0,0,0,4,1,6,1,33,6,599,1,8,-1,-1,-1
2015300014152,1,9,0,18,0,8,0,0,2,2,4,1,6,1,22,5,1388,1,11,-1,1,-1
2015300014152,2,9,0,18,0,8,0,0,0,0,1,1,6,3,-1,-1,1997,2,11,-1,-1,-1
2015300014157,1,1,0,18,0,8,0,0,0,0,3,1,6,1,65,9,-1,-1,-1,-1,-1,-1
2015300014157,2,9,0,7,0,6,0,0,0,0,3,1,6,2,22,5,1197,1,1,-1,-1,-1
2015300014157,3,90,0,2,0,2,0,0,0,0,0,1,6,3,-1,-1,-1,-1,-1,-1,-1,-1
2015300014159,1,9,0,18,0,8,0,0,0,0,1,1,6,1,-1,-1,1968,2,2,-1,-1,-1
2015300014159,2,90,0,8,0,1,0,0,0,0,1,1,6,1,60,9,-1,-1,-1,-1,1,-1
2015300014160,1,9,0,3,0,1,0,0,0,0,2,1,6,2,46,8,2184,2,12,-1,2,-1
2015300014160,2,1,0,18,0,1,0,0,0,0,1,1,6,1,60,9,-1,-1,-1,-1,-1,-1
2015300014171,1,9,0,18,0,8,0,0,0,0,1,1,6,1,27,6,1560,2,1,-1,2,-1
2015300014171,2,9,0,9,0,6,0,0,0,0,3,1,6,2,22,5,-1,-1,-1,-1,1,-1
2015300014176,1,11,0,18,0,1,0,0,0,0,0,1,6,2,27,6,6871,2,6,-1,1,-1
2015300014176,2,19,0,4,0,8,0,0,0,0,0,1,6,3,-1,-1,-1,-1,-1,-1,-1,-1
2015300014178,1,9,0,4,0,0,0,0,0,0,2,1,6,1,-1,-1,1560,2,6,-1,3,-1
2015300014178,2,9,0,4,0,0,0,0,0,0,2,1,6,1,49,8,2461,2,18,-1,1,-1
2015300014178,3,9,0,18,0,0,0,0,0,0,1,1,1,1,54,8,-1,-1,-1,-1,-1,-1
2015300014179,1,9,0,18,0,0,0,0,0,0,1,1,6,1,30,6,2497,2,10,-1,1,-1
2015300014179,2,9,0,8,0,0,0,0,0,0,2,1,3,2,29,6,1560,2,8,-1,1,-1
2015300014180,1,21,1,12,0,1,0,0,0,0,2,1,1,1,42,7,10518,2,8,-1,1,-1
2015300014180,2,9,0,18,0,1,0,11,0,0,2,1,6,1,56,9,1997,2,-1,-1,1,-1
2015300014180,3,19,0,18,0,1,1,0,0,0,1,1,1,1,37,7,2299,2,1,-1,1,-1
2015300014181,1,9,0,9,0,6,0,0,0,0,3,1,6,2,40,7,1368,1,6,-1,2,-1
2015300014181,2,9,0,18,0,8,0,0,0,0,1,1,6,2,20,4,1299,1,12,-1,1,-1
2015300014183,1,9,0,17,0,8,0,0,0,0,1,1,6,1,42,7,2999,2,16,-1,-1,-1
2015300014183,2,9,0,9,0,5,0,0,0,0,1,1,6,1,44,7,1560,2,1,-1,-1,-1
2015300014193,1,9,0,9,0,6,0,0,0,0,0,1,6,2,-1,-1,1388,1,13,-1,-1,-1
2015300014193,2,4,0,18,0,1,1,0,0,0,0,1,6,1,64,9,391,1,34,-1,1,-1
2015300014197,1,9,0,7,0,1,0,0,0,0,4,1,6,2,-1,-1,1248,2,3,-1,1,-1
2015300014197,2,9,0,18,0,1,0,0,1,0,1,1,2,2,47,8,875,1,1,-1,-1,-1
2015300014207,1,9,0,18,0,1,1,0,0,0,1,1,6,1,17,4,1124,1,14,-1,3,-1
2015300014207,2,9,0,3,0,1,0,0,0,0,2,1,6,1,60,9,1242,1,3,-1,1,-1
2015300014207,3,19,0,3,0,1,0,0,0,0,2,1,6,1,44,7,1995,2,8,-1,1,-1
2015300014215,1,9,0,18,0,2,0,0,0,0,1,1,6,3,-1,-1,-1,-1,-1,-1,-1,-1
2015300014223,1,2,0,10,0,1,0,0,0,0,4,1,6,1,16,4,49,1,6,-1,2,-1
2015300014223,2,9,0,5,0,1,0,0,0,0,3,1,6,1,-1,-1,1229,1,2,-1,3,-1
2015300014225,1,21,4,16,0,0,0,0,0,0,1,1,1,1,22,5,11946,2,9,-1,3,-1
2015300014225,2,1,0,16,0,0,0,0,0,0,2,1,6,1,45,7,-1,-1,-1,-1,1,-1
2015300014229,1,9,0,4,0,6,0,0,0,0,1,1,6,2,52,8,1386,1,9,-1,1,-1
2015300014229,2,9,0,18,0,8,0,0,0,0,4,1,6,1,31,6,2457,1,9,-1,1,-1
2015300014232,1,9,0,18,0,0,0,0,0,0,3,1,6,1,41,7,2987,2,3,-1,-1,-1
2015300014232,2,9,0,18,0,0,0,11,0,0,3,1,6,2,35,6,1598,1,9,-1,1,-1
2015300014236,1,2,0,5,0,4,0,0,0,0,1,1,6,1,25,5,125,1,6,-1,1,-1
2015300014236,2,19,0,18,0,8,0,0,0,0,4,1,1,1,45,7,2198,2,8,-1,1,-1
2015300014237,1,9,0,9,0,2,0,0,0,0,1,1,6,2,28,6,998,1,14,-1,2,-1
2015300014237,2,9,0,17,0,1,0,0,0,0,1,1,1,2,22,5,999,1,2,-1,1,-1
2015300014239,1,11,0,18,0,8,0,0,0,0,4,1,1,1,57,9,7300,2,6,-1,1,-1
2015300014239,2,1,0,18,0,6,0,0,0,0,1,1,6,1,5,1,-1,-1,-1,-1,-1,-1
2015300014240,1,9,0,5,0,6,0,0,0,0,1,1,2,1,43,7,998,1,17,-1,1,-1
2015300014240,2,9,0,18,0,8,0,0,0,0,4,1,6,2,47,8,1968,2,10,-1,3,-1
2015300014246,1,2,0,17,0,1,5,0,0,0,3,1,6,1,19,4,49,1,1,-1,1,-1
2015300014246,2,9,0,7,0,3,0,0,0,0,4,1,6,1,-1,-1,-1,-1,-1,-1,-1,-1
2015300014247,1,9,0,4,0,1,0,0,0,0,1,1,6,1,56,9,2099,1,13,-1,2,-1
2015300014247,2,9,0,8,0,1,0,0,0,0,2,1,3,2,27,6,1997,2,13,-1,3,-1
2015300014253,1,9,0,5,0,1,0,0,0,0,1,1,6,1,70,10,1560,2,8,-1,2,-1
2015300014253,2,2,0,5,0,6,0,0,0,0,3,1,6,1,16,4,49,1,1,-1,2,-1
2015300014256,1,5,0,18,0,8,2,11,0,0,4,1,6,1,48,8,998,1,12,-1,1,-1
2015300014258,1,10,0,3,0,0,0,0,0,0,2,1,1,1,63,9,2148,2,5,-1,2,-1
2015300014258,2,9,0,18,0,0,0,0,0,0,1,1,6,1,79,11,2179,2,2,-1,1,-1
2015300014259,1,9,0,18,0,6,0,0,0,0,1,1,6,1,25,5,-1,-1,-1,-1,1,-1
2015300014259,2,9,0,18,0,8,0,0,1,10,4,1,6,2,79,11,1991,2,3,-1,3,-1
2015300014262,1,5,0,18,0,0,0,0,1,0,1,1,6,1,79,11,1284,1,9,-1,1,-1
2015300014262,2,5,0,18,0,0,0,0,0,0,4,1,6,1,46,8,1198,1,2,-1,1,-1
2015300014263,1,9,0,18,0,0,1,0,4,6,1,1,6,2,38,7,1596,1,12,-1,2,-1
2015300014263,2,21,1,18,0,0,0,0,0,0,2,1,1,1,49,8,11705,2,14,-1,1,-1
2015300014266,1,9,0,18,0,0,0,0,1,0,0,1,6,1,37,7,1527,2,15,-1,1,-1
2015300014266,2,9,0,4,0,0,0,0,0,0,0,1,6,1,-1,-1,-1,-1,-1,-1,-1,-1
2015300014266,3,9,0,14,0,0,0,0,0,0,0,1,1,1,51,8,-1,-1,-1,-1,1,-1
2015300014266,4,9,0,14,0,0,0,0,0,0,0,1,1,1,25,5,1248,2,3,-1,1,-1
2015300014267,1,9,0,16,0,0,1,0,0,0,1,1,6,1,21,5,1998,1,8,-1,1,-1
2015300014267,2,9,0,3,0,0,0,0,0,0,2,1,6,2,37,7,1560,2,11,-1,2,-1
2015300014267,3,9,0,3,0,0,0,0,0,0,2,1,6,1,46,8,1685,2,2,-1,2,-1
2015300014270,1,9,0,4,0,8,0,0,0,0,4,1,6,1,54,8,1399,1,10,-1,-1,-1
2015300014270,2,1,0,4,0,6,0,0,0,0,1,1,6,1,13,3,-1,-1,-1,-1,-1,-1
2015300014271,1,9,0,9,0,5,0,0,0,0,4,1,6,1,26,6,1995,2,2,-1,1,-1
2015300014271,2,1,0,18,0,8,0,0,0,0,1,1,6,1,21,5,-1,-1,-1,-1,-1,-1
2015300014272,1,9,0,18,0,0,0,0,0,0,4,1,6,3,-1,-1,-1,-1,-1,-1,-1,-1
2015300014272,2,1,0,2,0,0,0,0,0,0,3,1,6,1,28,6,-1,-1,-1,-1,-1,-1
2015300014273,1,9,0,18,0,0,0,0,2,7,1,1,6,2,42,7,998,1,1,-1,1,-1
2015300014277,1,3,0,5,0,6,0,0,1,0,1,1,1,1,26,6,125,1,1,-1,1,-1
2015300014277,2,9,0,18,0,8,0,0,0,0,1,1,1,1,26,6,1995,2,10,-1,1,-1
2015300014280,1,9,0,3,0,0,0,0,0,0,2,1,2,2,31,6,1598,1,9,-1,3,-1
2015300014280,2,9,0,4,0,0,0,1,0,0,1,1,6,1,32,6,-1,-1,-1,-1,1,-1
2015300014280,3,9,0,4,0,0,0,1,0,0,1,1,2,1,46,8,-1,-1,-1,-1,1,-1
2015300014280,4,9,0,4,0,0,0,1,0,0,1,1,2,1,30,6,1984,1,5,-1,-1,-1
2015300014282,1,9,0,5,0,5,0,0,0,0,1,1,6,1,-1,-1,-1,-1,-1,-1,-1,-1
2015300014283,1,1,0,18,0,0,0,0,1,0,2,1,6,1,46,8,-1,-1,-1,-1,-1,-1
2015300014283,2,9,0,18,0,0,0,0,0,0,1,1,6,1,86,11,1229,1,9,-1,1,-1
2015300014285,1,9,0,8,0,1,0,0,0,0,2,1,1,1,28,6,-1,-1,-1,-1,1,-1
2015300014285,2,9,0,3,0,1,0,0,0,0,2,1,6,1,50,8,1299,1,11,-1,1,-1
2015300014285,3,9,0,4,0,1,0,0,0,0,1,1,2,2,42,7,1461,2,2,-1,1,-1
2015300014291,1,9,0,1,0,0,0,0,0,0,4,1,6,2,72,10,1598,1,4,-1,1,-1
2015300014291,2,9,0,2,0,0,0,0,1,0,3,1,6,2,65,9,1329,1,6,-1,1,-1
2015300014291,3,9,0,2,0,0,0,0,0,0,1,1,3,2,40,7,1598,1,8,-1,1,-1
2015300014292,1,9,0,7,0,8,1,0,1,4,1,1,6,2,39,7,1997,2,13,-1,1,-1
2015300014292,2,9,0,2,0,2,0,0,0,0,3,1,6,1,47,8,1296,1,8,-1,-1,-1
2015300014293,1,9,0,13,0,0,1,0,0,0,1,1,6,1,44,7,1840,1,19,-1,1,-1
2015300014293,2,9,0,18,0,0,0,0,0,0,1,1,6,1,39,7,1910,2,10,-1,2,-1
2015300014293,3,90,0,18,0,0,0,0,0,0,0,1,6,3,-1,-1,-1,-1,-1,-1,-1,-1
2015300014298,1,9,0,18,0,0,0,0,0,0,1,1,2,1,20,4,-1,-1,-1,-1,3,-1
2015300014298,2,9,0,18,0,0,0,0,0,0,0,1,6,2,-1,-1,1995,2,9,-1,3,-1
2015300014299,1,9,0,3,0,1,0,0,0,0,2,1,6,1,65,9,1341,1,19,-1,2,-1
2015300014299,2,9,0,5,0,1,0,0,0,0,1,1,6,2,24,5,2198,1,17,-1,1,-1