Accident_Index,Vehicle_Reference,Vehicle_Type,Towing_and_Articulation,Vehicle_Manoeuvre,Vehicle_Location-Restricted_Lane,Junction_Location,Skidding_and_Overturning,Hit_Object_in_Carriageway,Vehicle_Leaving_Carriageway,Hit_Object_off_Carriageway,1st_Point_of_Impact,Was_Vehicle_Left_Hand_Drive?,Journey_Purpose_of_Driver,Sex_of_Driver,Age_of_Driver,Age_Band_of_Driver,Engine_Capacity_(CC),Propulsion_Code,Age_of_Vehicle,Driver_IMD_Decile,Driver_Home_Area_Type,Vehicle_IMD_Decile
2015300014300,1,1,0,18,0,8,0,0,0,0,1,1,6,1,21,5,-1,-1,-1,-1,-1,-1
2015300014300,2,9,0,1,0,5,0,0,0,0,4,1,6,1,39,7,1753,2,7,-1,1,-1
2015300014301,1,9,0,9,0,6,0,0,0,0,1,1,2,2,35,6,1390,1,12,-1,1,-1
2015300014301,2,5,0,18,0,8,0,0,0,0,1,1,6,1,65,9,598,1,17,-1,1,-1
2015300014304,1,9,0,16,0,1,0,0,2,0,1,1,6,2,72,10,2231,2,5,-1,-1,-1
2015300014304,2,21,1,17,0,2,0,10,0,0,3,1,1,1,61,9,12882,2,3,-1,-1,-1
2015300014305,1,9,0,18,0,0,2,7,5,6,1,1,6,1,33,6,2996,1,22,-1,1,-1
2015300014316,1,9,0,9,0,5,0,0,0,0,4,1,6,1,25,5,1332,1,16,-1,-1,-1
2015300014316,2,1,0,15,0,1,0,0,0,0,1,1,2,1,33,6,-1,-1,-1,-1,1,-1
2015300014316,3,9,0,18,0,1,0,0,0,0,0,1,6,3,-1,-1,-1,-1,-1,-1,-1,-1
2015300014319,1,9,0,1,9,0,0,0,0,0,2,1,6,3,-1,-1,-1,-1,-1,-1,-1,-1
2015300014322,1,9,0,18,0,0,0,0,0,0,2,1,1,1,55,8,1560,2,1,-1,3,-1
2015300014322,2,9,0,18,0,0,1,0,0,0,2,1,6,1,19,4,999,1,13,-1,1,-1
2015300014322,3,9,0,18,0,0,0,0,0,0,2,1,1,2,43,7,-1,-1,-1,-1,1,-1
2015300014322,4,9,0,18,0,0,0,0,0,0,2,1,6,1,66,10,1968,2,4,-1,-1,-1
2015300014322,5,9,0,18,0,0,0,0,0,0,2,1,1,1,64,9,1900,2,10,-1,1,-1
2015300014322,6,9,0,18,0,0,0,0,0,0,1,1,1,1,47,8,-1,-1,-1,-1,1,-1
2015300014323,1,21,1,18,0,0,0,0,0,0,3,2,1,1,37,7,-1,-1,-1,-1,-1,-1
2015300014323,2,9,0,18,0,0,1,0,0,0,4,1,1,2,26,6,1598,2,-1,-1,1,-1
2015300014324,1,9,0,18,0,0,0,0,0,0,1,1,6,2,48,8,1390,1,14,-1,2,-1
2015300014324,2,9,0,5,0,0,0,0,0,0,3,1,6,1,46,8,1360,1,11,-1,2,-1
2015300014327,1,9,0,11,0,0,0,0,0,0,2,1,6,3,-1,-1,-1,-1,-1,-1,-1,-1
2015300014327,2,1,0,18,0,0,0,0,0,0,1,1,6,1,24,5,-1,-1,-1,-1,1,-1
2015300014328,1,9,0,17,0,0,0,0,0,0,3,1,6,1,80,11,1200,1,2,-1,2,-1
2015300014328,2,9,0,16,0,0,1,10,0,0,3,1,2,1,22,5,1968,2,9,-1,1,-1
2015300014329,1,9,0,9,0,6,0,0,7,0,4,1,6,2,23,5,1229,1,6,-1,1,-1
2015300014329,2,9,0,18,0,8,0,0,1,10,1,1,6,2,27,6,1364,1,7,-1,1,-1
2015300014330,1,9,0,3,0,0,0,0,0,0,1,1,6,2,-1,-1,1149,1,14,-1,-1,-1
2015300014330,2,9,0,3,0,0,0,0,0,0,2,1,2,2,27,6,1560,2,6,-1,1,-1
2015300014339,1,9,0,16,0,8,0,0,0,0,3,1,6,1,20,4,1229,1,-1,-1,1,-1
2015300014339,2,9,0,18,0,6,0,0,0,0,1,1,6,1,-1,-1,-1,-1,-1,-1,-1,-1
2015300014341,1,9,0,5,0,2,0,0,0,0,1,1,2,1,53,8,1796,1,6,-1,1,-1
2015300014342,1,9,0,3,0,0,0,0,0,0,2,1,2,1,34,6,1248,2,8,-1,1,-1
2015300014342,2,9,0,4,0,0,0,0,0,0,1,1,6,1,20,4,-1,-1,-1,-1,1,-1
2015300014343,1,9,0,5,0,1,0,0,0,0,1,1,2,1,26,6,1799,1,8,-1,-1,-1
2015300014343,2,90,0,5,0,1,0,0,0,0,3,1,6,2,18,4,-1,-1,-1,-1,-1,-1
2015300014344,1,9,0,18,0,1,0,0,1,2,1,1,6,2,27,6,1400,2,15,-1,1,-1
2015300014344,2,9,0,10,0,8,0,0,0,0,0,1,6,3,-1,-1,-1,-1,-1,-1,-1,-1
2015300014347,1,9,0,18,0,0,0,0,0,0,3,1,6,1,48,8,1598,2,2,-1,1,-1
2015300014347,2,19,0,18,0,0,0,0,0,0,3,1,1,1,43,7,1997,2,10,-1,1,-1
2015300014351,1,9,0,7,0,2,0,0,0,0,0,1,6,1,43,7,1686,2,10,-1,2,-1
2015300014351,2,9,0,18,0,2,1,10,1,1,1,1,6,1,46,8,1995,2,3,-1,1,-1
2015300014352,1,10,0,18,0,0,0,0,7,4,1,1,3,1,54,8,-1,-1,-1,-1,-1,-1
2015300014352,2,9,0,18,0,0,0,0,0,0,1,1,2,2,36,7,998,1,2,-1,-1,-1
2015300014352,3,9,0,18,0,0,0,0,0,0,2,1,2,1,31,6,2495,2,12,-1,-1,-1
2015300014358,1,21,1,12,0,0,0,0,0,0,3,2,1,1,33,6,-1,-1,-1,-1,-1,-1
2015300014358,2,9,0,18,0,0,0,0,0,0,4,1,6,1,33,6,998,1,15,-1,-1,-1
2015300014361,1,9,0,3,0,0,0,0,0,0,2,1,6,2,-1,-1,1296,1,7,-1,1,-1
2015300014361,2,3,0,3,0,0,0,0,0,0,2,1,2,1,18,4,-1,-1,-1,-1,2,-1
2015300014361,3,19,0,4,0,0,0,0,0,0,1,1,6,1,44,7,1364,2,9,-1,3,-1
2015300014363,1,9,0,18,0,0,0,0,0,0,1,1,1,1,58,9,1398,2,11,-1,1,-1
2015300014363,2,9,0,3,0,0,0,0,0,0,2,1,2,2,20,4,1590,1,12,-1,1,-1
2015300014364,1,9,0,10,0,1,0,0,0,0,2,1,2,1,56,9,2993,2,2,-1,2,-1
2015300014364,2,9,0,16,0,1,0,0,0,0,1,1,2,2,25,5,998,1,4,-1,2,-1
2015300014365,1,9,0,18,0,0,0,0,0,0,4,1,6,1,38,7,1968,2,7,-1,1,-1
2015300014366,1,21,1,11,0,0,0,0,0,0,1,1,1,1,34,6,12900,2,8,-1,-1,-1
2015300014366,2,9,0,18,0,0,0,0,0,0,4,1,6,2,30,6,1198,1,9,-1,2,-1
2015300014368,1,11,0,2,0,1,0,0,0,0,0,1,1,2,60,9,9000,2,11,-1,-1,-1
2015300014373,1,9,0,4,0,0,0,0,0,0,4,1,6,2,23,5,1461,2,9,-1,1,-1
2015300014374,1,9,0,7,0,3,0,0,0,0,4,1,6,1,36,7,1328,1,6,-1,1,-1
2015300014374,2,9,0,18,0,8,0,0,0,0,1,1,3,1,43,7,1390,1,13,-1,1,-1
2015300014376,1,9,0,5,0,0,0,0,0,0,2,1,1,1,55,8,1956,2,4,-1,1,-1
2015300014376,2,11,0,18,0,0,0,0,0,0,1,1,1,1,35,6,9000,2,5,-1,1,-1
2015300014376,3,9,0,18,0,0,0,0,4,6,2,1,6,2,54,8,1368,1,5,-1,1,-1
2015300014376,4,9,0,18,0,0,0,0,0,0,1,1,6,1,18,4,1999,1,8,-1,1,-1
2015300014380,1,4,0,18,0,1,0,0,0,0,1,1,6,1,21,5,125,1,2,-1,-1,-1
2015300014380,2,9,0,18,0,1,0,0,0,0,2,1,6,2,19,4,1390,1,4,-1,1,-1
2015300014382,1,9,0,18,0,3,1,7,7,10,4,1,6,1,21,5,1398,1,12,-1,-1,-1
2015300014382,2,9,0,18,0,3,0,0,0,0,0,1,6,3,-1,-1,-1,-1,-1,-1,-1,-1
2015300014386,1,9,0,10,0,1,0,0,0,0,2,1,6,2,26,6,1229,1,2,-1,1,-1
2015300014386,2,9,0,18,0,1,0,0,0,0,1,1,6,2,23,5,1242,1,2,-1,1,-1
2015300014387,1,9,0,17,0,0,1,0,7,0,1,1,6,2,41,7,1397,1,7,-1,2,-1
2015300014389,1,9,0,5,0,0,0,0,0,0,1,1,6,3,-1,-1,1560,2,1,-1,-1,-1
2015300014391,1,9,0,4,0,1,0,0,1,0,0,1,1,1,46,8,1998,2,8,-1,-1,-1
2015300014395,1,9,0,9,0,5,0,0,0,0,1,2,6,1,59,9,-1,-1,-1,-1,1,-1
2015300014395,2,5,0,18,0,8,1,0,0,0,1,1,6,1,28,6,599,1,20,-1,1,-1
2015300014396,1,9,0,18,0,2,0,0,0,0,1,1,6,1,29,6,973,1,16,-1,2,-1
2015300014396,2,9,0,18,0,2,0,0,0,0,2,1,6,1,42,7,2495,2,15,-1,2,-1
2015300014397,1,9,0,18,0,1,0,0,0,0,3,1,6,3,-1,-1,-1,-1,-1,-1,-1,-1
2015300014399,1,9,0,17,0,0,2,0,1,9,1,1,3,1,51,8,1600,1,17,-1,2,-1
2015300014400,1,9,0,18,0,1,2,0,7,1,1,1,6,1,21,5,-1,-1,-1,-1,2,-1
2015300014400,2,9,0,2,6,1,0,0,0,0,4,1,6,2,32,6,1493,2,9,-1,-1,-1
2015300014400,3,9,0,2,8,2,0,0,0,0,2,1,6,2,38,7,1997,2,9,-1,1,-1
2015300014401,1,9,0,9,0,2,0,0,1,4,4,1,2,1,33,6,1596,1,10,-1,1,-1
2015300014401,2,9,0,18,0,1,0,0,0,0,0,1,6,3,-1,-1,-1,-1,-1,-1,-1,-1
2015300014405,1,9,0,18,0,0,2,0,7,10,1,1,6,1,34,6,1360,1,8,-1,1,-1
2015300014407,1,9,0,7,0,4,0,0,0,0,4,1,6,1,-1,-1,1198,1,5,-1,2,-1
2015300014407,2,1,0,18,0,4,0,0,0,0,3,1,6,1,37,7,-1,-1,-1,-1,1,-1
2015300014408,1,9,0,12,0,1,1,0,0,0,3,1,6,2,24,5,1242,1,1,-1,1,-1
2015300014408,2,9,0,3,0,1,0,0,1,0,3,1,6,2,43,7,1598,1,9,-1,2,-1
2015300014408,3,9,0,18,0,1,0,0,0,0,4,1,6,2,24,5,998,1,12,-1,1,-1
2015300014410,1,9,0,16,0,0,0,0,1,0,0,1,6,2,22,5,1242,1,4,-1,1,-1
2015300014413,1,9,0,16,0,0,1,0,4,6,1,1,6,1,28,6,2171,2,12,-1,1,-1
2015300014414,1,9,0,9,0,5,0,0,7,0,1,1,6,1,71,10,1086,1,9,-1,1,-1
2015300014414,2,1,0,18,0,8,0,0,0,0,1,1,6,1,32,6,-1,-1,-1,-1,1,-1
2015300014415,1,9,0,1,0,6,0,0,0,0,2,1,6,1,41,7,1968,2,1,-1,1,-1
2015300014415,2,9,0,14,0,8,0,0,0,0,1,1,2,1,46,8,1797,8,-1,-1,1,-1
2015300014415,3,90,0,2,0,1,0,0,0,0,0,1,6,3,-1,-1,-1,-1,-1,-1,-1,-1
2015300014416,1,9,0,17,0,2,1,0,7,9,2,1,1,1,51,8,1299,1,16,-1,1,-1
2015300014421,1,9,0,18,0,8,0,0,7,10,1,1,6,1,33,6,1598,2,1,-1,1,-1
2015300014421,2,9,0,7,0,6,0,0,0,0,3,1,6,2,22,5,1360,1,10,-1,1,-1
2015300014422,1,9,0,18,0,0,0,0,0,0,1,1,6,1,28,6,1364,2,12,-1,-1,-1
2015300014422,2,9,0,2,0,0,0,0,0,0,2,1,6,3,-1,-1,1398,1,14,-1,1,-1
2015300014422,3,9,0,2,0,0,0,0,0,0,2,1,6,1,-1,-1,1762,1,16,-1,-1,-1
2015300014422,4,9,0,2,0,0,0,0,0,0,4,1,6,1,-1,-1,1388,1,17,-1,-1,-1
2015300014423,1,9,0,18,0,0,1,10,7,10,1,1,6,2,33,6,1242,1,1,-1,1,-1
2015300014425,1,9,0,4,0,0,0,0,0,0,1,1,2,2,25,5,1229,1,5,-1,1,-1
2015300014425,2,9,0,2,0,0,0,0,0,0,2,1,3,2,36,7,1598,1,9,-1,-1,-1
2015300014426,1,9,0,9,0,8,0,0,1,10,3,1,6,1,19,4,1396,1,10,-1,3,-1
2015300014426,2,9,0,17,0,8,0,0,0,0,4,1,6,1,55,8,1587,1,11,-1,3,-1
2015300014432,1,9,0,17,0,1,0,0,2,2,4,1,6,1,18,4,1198,1,11,-1,1,-1
2015300014433,1,9,0,18,0,1,0,0,0,0,1,1,6,1,28,6,1910,2,7,-1,1,-1
2015300014433,2,9,0,5,0,6,0,0,0,0,2,1,6,2,18,4,1124,1,11,-1,1,-1
2015300014444,1,9,0,18,0,3,0,0,0,0,0,1,6,3,-1,-1,-1,-1,-1,-1,-1,-1
2015300014444,2,11,0,17,0,8,0,0,0,0,1,1,6,2,41,7,9000,2,10,-1,1,-1
2015300014450,1,9,0,10,0,1,0,0,0,0,2,1,6,1,51,8,1390,1,9,-1,1,-1
2015300014450,2,9,0,4,0,1,0,0,0,0,1,1,6,1,21,5,998,1,5,-1,1,-1
2015300014450,3,9,0,18,0,1,0,0,0,0,1,1,6,1,45,7,1968,2,10,-1,1,-1
2015300014451,1,9,0,5,9,6,0,0,0,0,1,1,6,1,64,9,1796,1,9,-1,1,-1
2015300014454,1,9,0,18,0,8,0,0,0,0,1,1,6,1,46,8,2993,2,5,-1,1,-1
2015300014458,1,9,0,18,0,8,0,0,0,0,4,1,6,1,34,6,-1,-1,-1,-1,1,-1
2015300014459,1,9,0,16,0,8,0,0,7,2,1,1,6,2,74,10,1598,1,7,-1,3,-1
2015300014461,1,19,0,18,0,1,0,0,0,0,4,1,6,1,39,7,1499,2,-1,-1,1,-1
2015300014461,2,21,1,11,0,1,0,0,0,0,4,2,1,1,43,7,-1,-1,-1,-1,-1,-1
2015300014462,1,9,0,9,0,8,0,0,0,0,3,1,6,1,17,4,1149,1,10,-1,3,-1
2015300014462,2,9,0,18,0,8,0,0,0,0,1,1,2,1,19,4,1395,1,-1,-1,2,-1
2015300014463,1,3,0,13,0,0,2,0,0,0,3,1,2,1,19,4,124,1,1,-1,1,-1
2015300014463,2,9,0,18,0,0,0,0,0,0,3,1,2,1,56,9,2179,2,1,-1,3,-1
2015300014463,3,9,0,18,0,0,0,0,0,0,4,1,2,2,33,6,1598,1,7,-1,1,-1
2015300014463,4,9,0,18,0,0,0,0,0,0,2,1,6,1,70,10,1598,2,3,-1,1,-1
2015300014464,1,9,0,18,0,0,5,0,0,0,1,1,6,1,26,6,1598,1,1,-1,1,-1
2015300014464,2,9,0,2,6,0,0,0,0,0,3,1,6,2,-1,-1,1248,2,1,-1,1,-1
2015300014465,1,19,0,17,0,0,1,0,0,0,1,2,2,1,34,6,-1,-1,-1,-1,-1,-1
2015300014465,2,9,0,16,0,0,0,0,0,0,1,1,2,1,58,9,2231,2,-1,-1,2,-1
2015300014471,1,9,0,7,9,6,0,0,0,0,1,1,6,2,43,7,1339,1,10,-1,1,-1
2015300014471,2,1,0,18,9,1,0,0,0,0,1,1,6,1,23,5,-1,-1,-1,-1,1,-1
2015300014472,1,9,0,18,0,0,0,4,0,0,1,1,2,1,47,8,1560,2,3,-1,3,-1
2015300014472,2,19,0,2,0,0,0,0,1,0,2,1,1,1,62,9,2299,2,2,-1,1,-1
2015300014473,1,9,0,4,0,0,0,0,7,10,1,1,3,2,49,8,1999,1,4,-1,3,-1
2015300014479,1,19,0,6,0,0,0,0,0,0,3,1,1,1,56,9,2143,2,1,-1,1,-1
2015300014479,2,5,0,14,0,0,1,0,0,0,4,1,6,1,46,8,1157,1,18,-1,2,-1
2015300014481,1,9,0,18,0,0,1,0,7,4,4,1,6,1,24,5,1390,1,14,-1,2,-1
2015300014482,1,8,0,5,0,6,0,0,0,0,4,1,1,1,-1,-1,1896,2,13,-1,1,-1
2015300014482,2,1,0,18,0,1,0,0,0,0,1,1,6,2,22,5,-1,-1,-1,-1,1,-1
2015300014485,1,9,0,5,0,6,0,0,0,0,1,1,6,1,33,6,1896,2,12,-1,-1,-1
2015300014485,2,1,0,17,0,8,0,0,0,0,1,1,1,1,33,6,-1,-1,-1,-1,-1,-1
2015300014488,1,9,0,4,0,0,0,0,0,0,1,1,2,2,54,8,1299,1,8,-1,1,-1
2015300014488,2,9,0,3,0,0,0,0,0,0,2,1,2,2,38,7,1956,2,-1,-1,2,-1
2015300014489,1,5,0,17,0,0,0,0,0,0,3,1,6,1,59,9,1255,1,8,-1,-1,-1
2015300014490,1,2,0,18,0,0,5,4,0,0,2,1,6,1,21,5,49,1,11,-1,3,-1
2015300014490,2,9,0,2,6,0,0,0,0,0,2,1,6,2,-1,-1,1149,1,13,-1,1,-1
2015300014491,1,1,0,18,0,4,0,0,0,0,1,1,6,2,29,6,-1,-1,-1,-1,-1,-1
2015300014491,2,8,0,18,0,3,0,0,0,0,4,1,6,3,-1,-1,-1,-1,-1,-1,-1,-1
2015300014492,1,5,0,3,0,1,0,0,0,0,2,1,6,1,63,9,-1,-1,-1,-1,3,-1
2015300014492,2,20,1,5,0,4,0,4,0,0,1,1,6,1,46,8,9200,2,3,-1,2,-1
2015300014493,1,9,0,5,0,6,0,0,0,0,1,1,6,1,-1,-1,1896,2,12,-1,1,-1
2015300014493,2,1,0,18,0,8,0,0,0,0,1,1,2,2,54,8,-1,-1,-1,-1,1,-1
2015300014494,1,5,0,18,0,8,0,0,0,0,3,1,6,1,-1,-1,899,1,15,-1,1,-1
2015300014494,2,19,0,9,0,8,0,0,0,0,1,1,6,1,70,10,1248,2,-1,-1,1,-1
2015300014495,1,19,0,9,0,3,0,0,0,0,4,1,1,1,57,9,2461,2,6,-1,3,-1
2015300014495,2,9,0,17,0,8,0,0,0,0,3,1,6,1,22,5,1399,2,10,-1,-1,-1
2015300014496,1,9,0,5,0,8,0,0,0,0,1,1,2,2,30,6,1461,2,1,-1,1,-1
2015300014496,2,9,0,18,0,8,0,0,0,0,1,1,2,1,33,6,1461,2,5,-1,2,-1
2015300014497,1,2,0,3,0,1,0,0,0,0,2,1,6,1,18,4,49,1,8,-1,1,-1
2015300014497,2,8,0,5,0,1,0,0,0,0,1,1,6,1,64,9,1997,2,7,-1,1,-1
2015300014501,1,9,0,4,0,1,0,0,0,0,2,1,6,1,33,6,1998,2,11,-1,1,-1
2015300014501,2,2,0,18,0,1,0,0,0,0,1,1,1,2,16,4,49,1,11,-1,1,-1
2015300014503,1,9,0,13,0,8,1,0,0,0,2,1,6,1,23,5,1598,1,15,-1,3,-1
2015300014503,2,1,0,18,0,8,0,0,1,0,1,1,6,1,52,8,-1,-1,-1,-1,1,-1
2015300014503,3,1,0,18,0,8,0,0,0,0,0,1,6,1,43,7,-1,-1,-1,-1,3,-1
2015300014505,1,9,0,18,0,6,0,0,0,0,1,1,2,1,-1,-1,-1,-1,-1,-1,-1,-1
2015300014505,2,9,0,18,0,4,1,0,0,0,4,1,6,1,24,5,1587,1,9,-1,1,-1
2015300014508,1,9,0,3,0,1,0,0,0,0,2,1,6,1,57,9,1997,2,5,-1,1,-1
2015300014508,2,9,0,4,0,1,0,0,0,0,1,1,6,1,88,11,1388,1,8,-1,-1,-1
2015300014509,1,3,0,18,0,0,0,0,0,0,1,1,6,2,45,7,101,1,8,-1,1,-1
2015300014509,2,9,0,2,0,0,0,0,0,0,2,1,6,2,31,6,1968,2,1,-1,1,-1
2015300014510,1,9,0,18,0,0,0,0,0,0,1,1,6,2,66,10,1388,1,7,-1,1,-1
2015300014510,2,8,0,18,0,0,0,0,0,0,1,1,1,1,57,9,1896,2,11,-1,1,-1
2015300014511,1,9,0,18,0,0,0,0,0,0,1,1,6,2,-1,-1,-1,-1,-1,-1,-1,-1
2015300014511,2,9,0,3,0,0,0,0,0,0,2,1,6,2,32,6,2188,2,14,-1,2,-1
2015300014512,1,9,0,9,0,8,0,0,0,0,1,1,6,1,58,9,998,1,4,-1,3,-1
2015300014512,2,2,0,18,0,1,0,0,7,0,1,1,6,1,26,6,125,1,12,-1,3,-1
2015300014513,1,9,0,18,0,0,1,0,1,9,1,1,6,1,23,5,1596,1,12,-1,2,-1
2015300014514,1,9,0,13,0,0,2,0,1,10,1,1,6,1,37,7,1794,1,16,-1,2,-1
2015300014514,2,9,0,18,0,0,0,0,0,0,0,1,6,3,-1,-1,-1,-1,-1,-1,-1,-1
2015300014515,1,9,0,18,0,0,2,0,6,0,4,1,6,1,-1,-1,1753,2,11,-1,1,-1
2015300014515,2,21,1,18,0,0,1,0,0,0,1,1,1,1,34,6,12419,2,5,-1,2,-1
2015300014517,1,9,0,14,0,0,0,0,1,0,1,1,6,2,-1,-1,1388,1,6,-1,1,-1
2015300014517,2,9,0,2,0,0,0,0,0,0,2,1,6,1,24,5,1596,1,10,-1,1,-1
2015300014519,1,3,0,18,0,1,1,0,0,0,0,1,6,1,40,7,124,1,1,-1,1,-1
2015300014519,2,90,0,9,0,6,0,0,0,0,0,1,6,3,-1,-1,-1,-1,-1,-1,-1,-1
2015300014520,1,9,0,18,0,4,0,0,1,4,1,1,6,2,29,6,1587,1,10,-1,-1,-1
2015300014523,1,9,0,5,0,6,0,0,0,0,3,1,6,1,25,5,1242,1,9,-1,1,-1
2015300014523,2,20,0,17,0,8,0,0,0,0,1,1,1,1,28,6,6692,2,6,-1,1,-1
2015300014524,1,9,0,18,0,4,1,9,3,1,1,1,6,1,43,7,2497,2,14,-1,1,-1
2015300014525,1,3,0,8,0,1,0,0,1,0,2,1,6,1,30,6,749,1,8,-1,1,-1
2015300014525,2,9,0,5,0,1,0,0,0,0,1,1,6,2,62,9,1686,2,1,-1,1,-1
2015300014527,1,19,0,17,0,0,1,0,0,0,1,1,1,1,33,6,2977,2,13,-1,1,-1
2015300014527,2,9,0,16,0,0,0,0,0,0,1,1,6,1,44,7,1461,2,4,-1,3,-1
2015300014528,1,9,0,18,0,1,0,0,0,0,1,1,6,1,28,6,2286,2,-1,-1,-1,-1
2015300014528,2,9,0,18,0,2,0,0,0,0,2,1,6,1,21,5,1199,1,14,-1,-1,-1
2015300014528,3,9,0,2,0,2,0,0,0,0,0,1,6,1,37,7,-1,-1,-1,-1,1,-1
2015300014528,4,9,0,10,0,8,0,0,0,0,0,1,6,3,-1,-1,-1,-1,-1,-1,-1,-1
2015300014528,5,9,0,18,0,8,0,0,0,0,0,1,6,1,55,8,1242,1,3,-1,3,-1
2015300014529,1,9,0,18,0,0,0,0,0,0,1,1,6,2,49,8,2143,2,5,-1,3,-1
2015300014529,2,9,0,18,0,0,0,0,0,0,1,1,6,2,47,8,1968,2,5,-1,2,-1
2015300014529,3,9,0,18,0,0,0,0,0,0,1,1,6,1,67,10,1598,1,8,-1,1,-1
2015300014530,1,9,0,5,0,6,0,0,0,0,3,1,6,1,21,5,1998,1,12,-1,1,-1
2015300014530,2,3,0,18,0,8,0,0,0,0,4,1,6,1,19,4,124,1,2,-1,3,-1
2015300014531,1,9,0,18,0,0,0,0,0,0,3,1,2,1,45,7,-1,-1,-1,-1,2,-1
2015300014531,2,9,0,18,0,0,0,0,7,0,1,1,6,1,76,11,1560,2,4,-1,1,-1
2015300014537,1,9,0,18,0,1,0,0,0,0,1,1,2,2,50,8,1390,1,13,-1,1,-1
2015300014537,2,9,0,3,0,1,0,0,0,0,2,1,2,2,39,7,1560,2,4,-1,1,-1
2015300014542,1,9,0,9,0,2,0,0,0,0,1,1,6,2,31,6,1339,1,5,-1,1,-1
2015300014542,2,1,0,18,0,1,0,0,0,0,1,1,6,1,8,2,-1,-1,-1,-1,1,-1
2015300014543,1,9,0,4,0,0,0,0,0,0,3,1,2,1,35,6,1998,1,13,-1,1,-1
2015300014543,2,4,0,4,0,0,1,0,0,0,1,1,2,1,21,5,124,1,1,-1,1,-1
2015300014545,1,9,0,18,0,0,0,0,0,0,4,1,1,2,-1,-1,1595,1,7,-1,1,-1
2015300014545,2,9,0,18,0,0,0,0,0,0,3,1,6,1,24,5,1956,2,1,-1,1,-1
2015300014548,1,5,0,17,0,0,1,0,1,0,1,1,6,1,58,9,600,1,11,-1,1,-1
2015300014549,1,21,1,18,0,0,0,0,1,0,1,1,6,1,45,7,12780,2,9,-1,1,-1
2015300014549,2,19,0,2,6,0,0,0,0,0,2,1,6,3,57,9,2148,2,8,-1,1,-1
2015300014550,1,9,0,5,0,8,0,0,0,0,4,1,6,1,18,4,1398,1,10,-1,2,-1
2015300014550,2,9,0,18,0,8,0,0,1,0,1,1,6,2,56,9,1275,1,17,-1,1,-1
2015300014553,1,9,0,4,0,0,0,0,0,0,2,1,6,1,38,7,1396,1,13,-1,1,-1
2015300014553,2,9,0,18,0,0,0,0,0,0,1,1,6,2,27,6,1598,1,12,-1,3,-1
2015300014555,1,9,0,18,0,0,0,0,0,0,1,1,6,1,74,10,1396,1,14,-1,1,-1
2015300014556,1,21,1,17,0,0,0,0,1,7,4,1,1,1,29,6,12902,2,2,-1,-1,-1
2015300014557,1,19,0,11,0,0,0,0,0,0,1,1,1,1,-1,-1,6692,2,3,-1,3,-1
2015300014557,2,9,0,18,0,0,0,0,0,0,3,1,1,1,-1,-1,1587,1,10,-1,1,-1
2015300014561,1,9,0,7,0,6,0,0,0,0,1,1,6,1,24,5,1360,1,8,-1,1,-1
2015300014561,2,9,0,4,0,2,0,0,0,0,4,1,6,2,27,6,1596,1,14,-1,1,-1
2015300014565,1,11,0,4,0,1,0,0,0,0,0,1,6,1,51,8,9000,2,7,-1,2,-1
2015300014568,1,9,0,7,0,2,0,0,0,0,1,1,6,3,-1,-1,1586,1,9,-1,-1,-1
2015300014568,2,1,0,18,0,2,0,0,0,0,2,1,6,1,53,8,-1,-1,-1,-1,3,-1
2015300014570,1,9,0,16,0,0,0,0,0,0,1,1,6,2,20,4,1397,1,6,-1,1,-1
2015300014570,2,17,4,17,0,0,0,0,1,0,3,1,1,1,51,8,-1,2,7,-1,3,-1
2015300014571,1,9,0,17,0,0,0,0,0,0,3,1,6,1,68,10,2179,2,3,-1,1,-1
2015300014571,2,5,0,16,0,0,0,0,1,0,1,1,2,1,26,6,750,1,9,-1,1,-1
2015300014572,1,9,0,3,0,4,0,0,0,0,1,1,2,2,34,6,998,1,7,-1,1,-1
2015300014572,2,9,0,5,0,4,0,0,0,0,1,1,2,1,35,6,1998,8,-1,-1,1,-1
2015300014580,1,11,0,18,0,0,0,0,0,0,0,1,6,1,-1,-1,5900,2,11,-1,1,-1
2015300014586,1,5,0,18,0,3,5,0,0,0,4,1,6,1,30,6,1198,1,1,-1,1,-1
2015300014586,2,9,0,18,0,4,0,0,0,0,1,1,6,1,83,11,2457,1,12,-1,3,-1
2015300014588,1,9,0,17,0,0,2,0,1,4,1,1,6,2,33,6,1242,1,11,-1,-1,-1
2015300014592,1,19,0,17,0,0,0,0,1,3,1,1,2,1,36,7,1868,2,9,-1,-1,-1
2015300014597,1,90,0,7,0,6,0,0,0,0,0,1,6,3,-1,-1,-1,-1,-1,-1,-1,-1
2015300014597,2,11,0,17,0,1,0,0,0,0,0,1,1,1,41,7,6871,2,6,-1,1,-1
2015300014599,1,9,0,18,0,3,0,0,1,7,4,1,6,1,66,10,1896,2,11,-1,1,-1
2015300014599,2,21,1,18,0,8,0,0,3,2,1,1,1,1,35,6,11967,2,4,-1,-1,-1
2015300014601,1,9,0,18,0,0,0,0,0,0,1,1,6,1,20,4,1124,1,17,-1,3,-1
2015300014603,1,5,0,17,0,0,1,0,1,10,1,1,6,1,31,6,748,1,25,-1,1,-1