Accident_Index,Vehicle_Reference,Vehicle_Type,Towing_and_Articulation,Vehicle_Manoeuvre,Vehicle_Location-Restricted_Lane,Junction_Location,Skidding_and_Overturning,Hit_Object_in_Carriageway,Vehicle_Leaving_Carriageway,Hit_Object_off_Carriageway,1st_Point_of_Impact,Was_Vehicle_Left_Hand_Drive?,Journey_Purpose_of_Driver,Sex_of_Driver,Age_of_Driver,Age_Band_of_Driver,Engine_Capacity_(CC),Propulsion_Code,Age_of_Vehicle,Driver_IMD_Decile,Driver_Home_Area_Type,Vehicle_IMD_Decile
2015300015245,3,9,0,18,0,0,0,0,0,0,2,1,6,1,56,9,954,1,20,-1,1,-1
2015300015245,4,9,0,18,0,0,0,0,0,0,0,1,1,1,38,7,2953,1,1,-1,1,-1
2015300015248,1,9,0,14,0,1,0,0,0,0,3,1,6,3,-1,-1,-1,-1,-1,-1,-1,-1
2015300015248,2,9,0,17,0,2,0,0,0,0,3,1,6,2,28,6,1242,1,12,-1,-1,-1
2015300015253,1,9,0,18,0,0,0,0,0,0,1,1,6,1,45,7,1998,1,4,-1,1,-1
2015300015253,2,1,0,18,0,0,0,0,0,0,2,1,6,1,15,3,-1,-1,-1,-1,-1,-1
2015300015258,1,9,0,18,0,2,0,0,0,0,1,1,6,2,30,6,796,1,16,-1,1,-1
2015300015258,2,4,0,14,0,2,0,0,0,0,1,1,6,1,35,6,124,1,15,-1,-1,-1
2015300015258,3,9,0,2,0,2,0,0,0,0,0,1,6,3,-1,-1,-1,-1,-1,-1,-1,-1
2015300015260,1,19,0,18,0,0,0,0,0,0,1,1,1,1,28,6,2198,2,-1,-1,1,-1
2015300015260,2,9,0,2,0,0,0,0,0,0,0,1,6,3,-1,-1,-1,-1,-1,-1,-1,-1
2015300015263,1,9,0,10,0,8,0,0,0,0,2,1,6,2,26,6,1242,1,4,-1,3,-1
2015300015263,2,9,0,18,0,1,0,0,0,0,1,1,6,2,-1,-1,1360,1,9,-1,3,-1
2015300015265,1,9,0,18,0,0,1,4,0,0,1,1,6,1,31,6,1390,1,12,-1,1,-1
2015300015265,2,9,0,2,0,0,0,0,1,0,2,1,6,1,-1,-1,1984,1,8,-1,-1,-1
2015300015270,1,9,0,18,0,1,0,0,0,0,1,1,6,1,17,4,1360,1,10,-1,1,-1
2015300015270,2,9,0,3,0,1,0,0,0,0,2,1,6,1,21,5,1598,1,12,-1,1,-1
2015300015270,3,9,0,3,0,1,0,0,0,0,2,1,6,2,48,8,1390,2,12,-1,1,-1
2015300015272,1,21,1,18,0,0,0,0,0,0,0,1,1,1,50,8,12900,2,7,-1,1,-1
2015300015272,2,9,0,4,0,0,0,0,0,0,4,1,6,1,66,10,1598,1,5,-1,1,-1
2015300015272,3,9,0,4,0,0,0,0,1,9,3,1,6,2,81,11,1461,2,2,-1,3,-1
2015300015274,1,9,0,16,0,0,5,10,8,4,3,1,6,1,19,4,1229,1,9,-1,1,-1
2015300015278,1,9,0,13,0,0,2,0,7,3,4,1,6,1,30,6,1124,1,13,-1,1,-1
2015300015279,1,9,0,18,0,0,2,0,0,0,1,1,6,1,22,5,1390,1,16,-1,1,-1
2015300015279,2,9,0,18,0,0,2,0,1,0,1,1,6,2,-1,-1,2495,2,18,-1,1,-1
2015300015280,1,9,0,10,0,8,0,0,0,0,2,1,6,1,27,6,1997,2,13,-1,1,-1
2015300015280,2,4,0,18,0,1,1,4,0,0,2,1,6,1,53,8,248,1,2,-1,1,-1
2015300015281,1,8,0,5,0,0,0,0,0,0,4,1,6,1,24,5,1995,2,13,-1,-1,-1
2015300015287,1,9,0,18,0,0,5,0,1,9,1,1,6,2,71,10,1386,1,8,-1,1,-1
2015300015291,1,9,0,4,0,4,0,0,0,0,2,1,2,1,42,7,1149,1,14,-1,1,-1
2015300015291,2,9,0,5,0,4,0,0,0,0,1,1,2,1,45,7,1598,1,12,-1,1,-1
2015300015292,1,9,0,16,0,0,0,0,0,0,4,1,6,1,19,4,1364,1,11,-1,1,-1
2015300015293,1,9,0,18,0,0,0,0,0,0,1,1,6,3,-1,-1,-1,-1,-1,-1,-1,-1
2015300015293,2,1,0,18,0,0,0,0,0,0,1,1,6,1,20,4,-1,-1,-1,-1,1,-1
2015300015294,1,9,0,18,0,0,0,0,0,0,1,1,6,1,-1,-1,-1,-1,-1,-1,-1,-1
2015300015295,1,9,0,9,0,6,0,0,0,0,1,1,6,1,46,8,1248,2,10,-1,1,-1
2015300015295,2,9,0,18,0,8,0,0,0,0,1,1,6,2,32,6,1968,2,9,-1,1,-1
2015300015297,1,9,0,17,0,0,0,0,0,0,1,1,6,1,-1,-1,-1,-1,-1,-1,-1,-1
2015300015297,2,1,0,17,0,0,0,0,0,0,2,1,6,1,34,6,-1,-1,-1,-1,2,-1
2015300015302,1,9,0,5,0,0,0,0,0,0,1,1,1,1,34,6,1796,1,11,-1,1,-1
2015300015302,2,5,0,18,0,0,0,0,0,0,1,1,1,1,53,8,919,1,10,-1,3,-1
2015300015313,1,9,0,18,0,8,0,0,1,0,3,1,2,2,32,6,1242,1,7,-1,1,-1
2015300015313,2,19,0,5,0,6,0,0,3,0,1,1,6,2,66,10,2198,2,1,-1,2,-1
2015300015317,1,21,0,17,0,0,0,0,0,0,3,1,6,1,-1,-1,-1,-1,-1,-1,-1,-1
2015300015317,2,19,0,16,0,0,0,0,0,0,1,1,1,1,52,8,1998,2,9,-1,3,-1
2015300015325,1,3,0,5,0,6,0,0,0,0,1,1,6,1,25,5,124,1,5,-1,1,-1
2015300015325,2,9,0,18,0,8,0,0,0,0,1,1,6,1,55,8,1769,1,13,-1,1,-1
2015300015326,1,1,0,18,9,8,0,0,0,0,1,1,6,1,16,4,-1,-1,-1,-1,1,-1
2015300015326,2,9,0,9,9,8,0,0,0,0,4,1,2,2,31,6,1598,1,9,-1,1,-1
2015300015333,1,3,0,18,0,0,0,0,0,0,1,1,6,1,-1,-1,-1,-1,-1,-1,-1,-1
2015300015334,1,9,0,16,0,1,0,0,0,0,1,1,6,1,70,10,1799,1,8,-1,2,-1
2015300015334,2,9,0,10,0,1,0,0,0,0,0,1,6,2,69,10,2993,2,1,-1,1,-1
2015300015338,1,11,0,5,0,2,0,0,0,0,0,1,1,1,55,8,9000,2,11,-1,1,-1
2015300015341,1,21,0,11,0,0,0,0,0,0,4,1,1,1,44,7,12740,2,2,-1,1,-1
2015300015341,2,9,0,18,0,0,0,0,0,0,3,1,2,2,54,8,1598,1,8,-1,1,-1
2015300015344,1,8,0,2,0,0,0,0,0,0,2,1,1,1,17,4,-1,-1,-1,-1,-1,-1
2015300015347,1,9,0,18,0,8,0,0,0,0,1,1,6,2,53,8,1199,1,11,-1,1,-1
2015300015347,2,9,0,5,0,6,0,0,0,0,1,1,2,2,72,10,1299,1,10,-1,1,-1
2015300015348,1,5,0,16,0,0,0,0,0,0,3,1,6,1,54,8,998,1,10,-1,1,-1
2015300015348,2,5,0,17,0,0,0,0,0,0,3,1,6,1,34,6,999,1,3,-1,3,-1
2015300015348,3,90,0,17,0,0,0,0,0,0,3,1,6,1,38,7,998,1,7,-1,3,-1
2015300015348,4,5,0,18,0,0,0,0,0,0,1,1,6,1,41,7,599,1,1,-1,3,-1
2015300015349,1,5,0,13,0,0,2,0,7,2,1,1,6,1,25,5,748,1,6,-1,1,-1
2015300015349,2,90,0,18,0,0,0,0,0,0,0,1,6,3,-1,-1,-1,-1,-1,-1,-1,-1
2015300015350,1,9,0,4,0,1,0,0,0,0,0,1,6,3,-1,-1,-1,-1,-1,-1,-1,-1
2015300015350,2,9,0,4,0,1,0,0,0,0,2,1,2,2,23,5,1490,1,10,-1,1,-1
2015300015350,3,9,0,4,0,1,0,0,0,0,1,1,6,2,-1,-1,1229,1,7,-1,1,-1
2015300015355,1,9,0,7,0,2,0,0,0,0,1,1,6,1,40,7,1686,2,12,-1,2,-1
2015300015359,1,9,0,5,0,1,0,0,0,0,1,1,6,1,29,6,2688,2,14,-1,1,-1
2015300015359,2,9,0,3,0,1,0,0,0,0,2,1,6,1,35,6,1998,2,10,-1,1,-1
2015300015362,1,9,0,16,0,0,1,0,7,0,4,1,1,1,37,7,1896,2,5,-1,-1,-1
2015300015362,2,9,0,17,0,0,0,0,0,0,1,1,6,1,34,6,2967,2,3,-1,1,-1
2015300015364,1,9,0,16,0,0,1,0,1,2,1,1,6,1,17,4,1997,2,12,-1,1,-1
2015300015365,1,9,0,5,0,8,0,0,0,0,1,1,6,1,38,7,1686,2,11,-1,1,-1
2015300015365,2,9,0,5,0,8,0,0,0,0,4,1,6,2,46,8,1299,1,12,-1,-1,-1
2015300015366,1,9,0,18,0,8,1,10,1,10,1,1,6,1,28,6,2171,1,11,-1,1,-1
2015300015371,1,9,0,7,0,5,0,0,7,4,1,1,6,1,22,5,-1,-1,-1,-1,1,-1
2015300015372,1,9,0,2,0,0,0,0,0,0,1,1,6,3,-1,-1,-1,-1,-1,-1,-1,-1
2015300015372,2,1,0,18,0,0,0,4,0,0,1,1,6,1,13,3,-1,-1,-1,-1,2,-1
2015300015373,1,9,0,18,0,2,0,0,0,0,1,1,6,1,79,11,1400,1,8,-1,-1,-1
2015300015373,2,9,0,12,0,2,0,0,0,0,0,1,6,1,83,11,2199,2,5,-1,-1,-1
2015300015373,3,9,0,18,0,1,0,0,0,0,1,1,6,2,56,9,2231,2,6,-1,-1,-1
2015300015374,1,9,0,17,0,0,1,0,7,3,1,1,6,2,24,5,1984,1,8,-1,2,-1
2015300015377,1,9,0,18,0,0,0,0,0,0,1,1,6,2,54,8,1149,1,10,-1,3,-1
2015300015377,2,9,0,18,0,0,0,0,1,0,1,1,6,2,28,6,1995,2,8,-1,-1,-1
2015300015377,3,19,0,18,0,0,0,0,1,0,1,1,1,1,-1,-1,1598,2,1,-1,-1,-1
2015300015378,1,9,0,18,0,0,1,0,1,0,1,1,6,1,33,6,2521,1,5,-1,1,-1
2015300015378,2,21,0,18,0,0,0,0,1,0,2,1,1,1,23,5,2143,2,1,-1,1,-1
2015300015378,3,9,0,18,0,0,0,0,5,6,4,1,6,2,29,6,-1,-1,-1,-1,2,-1
2015300015381,1,9,0,18,0,0,0,0,0,0,4,1,6,1,57,9,998,1,16,-1,-1,-1
2015300015381,2,9,0,5,0,0,0,0,0,0,3,1,6,1,34,6,1995,2,11,-1,-1,-1
2015300015382,1,9,0,17,0,0,2,0,1,0,0,1,6,2,24,5,1229,1,9,-1,1,-1
2015300015383,1,9,0,17,0,0,1,0,2,10,3,1,6,2,20,4,1598,1,12,-1,1,-1
2015300015384,1,5,0,16,0,0,0,0,0,0,0,1,6,1,65,9,997,1,9,-1,2,-1
2015300015389,1,9,0,18,0,0,0,0,0,0,3,1,6,1,70,10,1560,2,3,-1,3,-1
2015300015389,2,1,0,18,0,0,0,0,0,0,1,1,6,1,13,3,-1,-1,-1,-1,-1,-1
2015300015391,1,9,0,17,0,0,0,0,0,0,2,1,6,2,28,6,1598,1,12,-1,1,-1
2015300015391,2,9,0,17,0,0,0,0,0,0,1,1,6,3,-1,-1,-1,-1,-1,-1,-1,-1
2015300015392,1,9,0,3,0,8,0,0,0,0,4,1,6,2,41,7,1997,2,11,-1,2,-1
2015300015392,2,9,0,5,0,1,0,0,0,0,1,1,6,2,76,11,1997,2,12,-1,3,-1
2015300015393,1,9,0,7,0,2,0,0,1,0,3,1,6,1,38,7,2993,2,1,-1,-1,-1
2015300015393,2,19,0,7,0,2,2,0,1,0,4,1,6,1,-1,-1,1868,2,11,-1,-1,-1
2015300015395,1,9,0,18,0,0,2,0,7,10,3,1,6,1,63,9,999,1,-1,-1,1,-1
2015300015395,2,20,0,18,0,0,1,0,7,0,1,1,2,1,53,8,5132,2,1,-1,3,-1
2015300015397,1,9,0,9,0,5,0,0,0,0,4,1,6,2,72,10,1395,1,-1,-1,1,-1
2015300015397,2,9,0,18,0,8,0,0,0,0,1,1,6,2,47,8,1229,1,7,-1,1,-1
2015300015403,1,9,0,9,0,5,0,0,0,0,4,1,6,2,48,8,1242,1,14,-1,-1,-1
2015300015403,2,9,0,18,0,8,0,0,0,0,1,1,6,2,41,7,1598,1,7,-1,-1,-1
2015300015404,1,9,0,5,0,6,0,0,0,0,1,1,6,1,25,5,1242,1,16,-1,1,-1
2015300015404,2,9,0,18,0,8,0,0,0,0,1,1,2,1,20,4,1299,1,10,-1,1,-1
2015300015405,1,9,0,16,0,2,0,0,1,2,1,1,6,1,21,5,1781,1,25,-1,2,-1
2015300015407,1,9,0,18,0,0,2,0,1,4,4,1,6,1,18,4,998,1,2,-1,-1,-1
2015300015408,1,4,0,16,0,0,1,0,0,0,3,1,6,1,52,8,247,1,31,-1,-1,-1
2015300015408,2,9,0,17,0,0,0,0,0,0,3,1,6,1,75,10,1596,1,1,-1,2,-1
2015300015416,1,9,0,9,0,1,0,0,0,0,1,1,2,1,53,8,1999,1,5,-1,1,-1
2015300015416,2,1,0,14,0,1,0,0,0,0,1,1,6,1,35,6,-1,-1,-1,-1,-1,-1
2015300015418,1,9,0,18,0,0,0,4,0,0,4,1,6,1,18,4,1686,2,9,-1,1,-1
2015300015418,2,9,0,2,0,0,0,0,0,0,3,1,6,3,-1,-1,1910,2,9,-1,-1,-1
2015300015418,3,9,0,2,0,0,0,0,0,0,3,1,6,3,-1,-1,1910,2,10,-1,-1,-1
2015300015418,4,9,0,2,0,0,0,0,0,0,3,1,6,3,-1,-1,1390,1,8,-1,-1,-1
2015300015425,1,11,0,4,2,0,0,0,0,0,0,1,1,1,55,8,4461,2,3,-1,1,-1
2015300015426,1,9,0,3,0,1,0,0,0,0,2,1,6,2,80,11,1242,1,12,-1,1,-1
2015300015426,2,9,0,3,0,1,0,0,0,0,2,1,6,2,48,8,1242,1,8,-1,1,-1
2015300015426,3,9,0,18,0,1,0,0,0,0,1,1,6,2,28,6,1560,2,6,-1,2,-1
2015300015429,1,9,0,1,0,6,0,0,0,0,2,1,6,2,65,9,999,1,2,-1,1,-1
2015300015429,2,1,0,18,0,8,1,0,0,0,1,1,2,1,35,6,-1,-1,-1,-1,1,-1
2015300015431,1,90,0,18,0,0,0,0,0,0,1,1,6,3,-1,-1,-1,-1,-1,-1,-1,-1
2015300015431,2,9,0,18,0,0,0,0,0,0,2,1,6,1,42,7,1598,1,16,-1,1,-1
2015300015434,1,9,0,18,0,4,0,9,0,0,1,1,6,2,75,10,1297,1,26,-1,1,-1
2015300015435,1,3,0,16,0,0,1,0,0,0,1,1,6,1,51,8,125,1,5,-1,1,-1
2015300015435,2,9,0,17,0,0,0,0,1,0,1,1,6,1,49,8,1999,1,8,-1,3,-1
2015300015436,1,9,0,17,0,0,1,0,1,10,1,1,6,1,32,6,1596,1,13,-1,1,-1
2015300015439,1,9,0,18,0,3,0,0,0,0,1,1,6,2,-1,-1,-1,-1,-1,-1,1,-1
2015300015439,2,1,0,17,0,8,0,0,0,0,3,1,1,1,22,5,-1,-1,-1,-1,1,-1
2015300015441,1,9,0,9,0,5,0,0,0,0,2,1,6,1,30,6,1596,1,8,-1,-1,-1
2015300015441,2,19,0,13,0,1,0,0,0,0,1,1,6,1,35,6,1968,2,2,-1,-1,-1
2015300015445,1,5,0,10,0,1,0,0,0,0,2,1,1,1,55,8,599,1,17,-1,-1,-1
2015300015445,2,9,0,18,0,1,0,0,0,0,1,1,1,2,59,9,1200,1,-1,-1,1,-1
2015300015449,1,9,0,5,0,1,0,0,0,0,1,1,6,2,41,7,998,1,8,-1,2,-1
2015300015449,2,9,0,3,0,1,0,0,0,0,2,1,6,1,45,7,2967,2,4,-1,3,-1
2015300015452,1,9,0,15,0,0,0,0,0,0,3,1,6,2,22,5,1398,1,-1,-1,1,-1
2015300015452,2,9,0,18,0,0,0,0,0,0,4,1,6,1,44,7,-1,-1,-1,-1,1,-1
2015300015455,1,9,0,9,0,5,0,0,0,0,4,1,6,2,-1,-1,1997,2,10,-1,1,-1
2015300015455,2,3,0,16,0,8,0,0,0,0,1,1,6,1,60,9,125,1,5,-1,1,-1
2015300015459,1,9,0,1,0,8,0,0,0,0,2,1,6,1,17,4,1229,1,9,-1,-1,-1
2015300015459,2,9,0,8,0,1,0,0,0,0,1,1,6,2,40,7,1995,2,8,-1,1,-1
2015300015459,3,9,0,18,0,1,0,0,0,0,0,1,6,3,-1,-1,-1,-1,-1,-1,-1,-1
2015300015462,1,1,0,18,0,6,0,0,0,0,1,1,6,1,12,3,-1,-1,-1,-1,-1,-1
2015300015462,2,9,0,18,0,8,0,0,0,0,1,1,6,1,20,4,-1,-1,-1,-1,3,-1
2015300015463,1,19,0,10,0,8,0,0,0,0,2,1,1,1,44,7,2198,2,3,-1,1,-1
2015300015463,2,9,0,18,0,1,0,0,0,0,1,1,6,1,24,5,1781,1,8,-1,1,-1
2015300015465,1,9,0,18,0,5,0,0,0,0,4,1,2,1,31,6,1086,1,10,-1,2,-1
2015300015465,2,1,0,17,0,8,5,0,0,0,3,1,6,2,33,6,-1,-1,-1,-1,1,-1
2015300015468,1,9,0,9,0,8,1,10,1,10,1,1,6,2,29,6,1390,1,12,-1,1,-1
2015300015471,1,3,0,18,0,0,0,0,0,0,1,1,6,1,-1,-1,124,1,15,-1,-1,-1
2015300015472,1,9,0,18,0,4,0,0,0,0,1,1,1,1,50,8,-1,-1,-1,-1,1,-1
2015300015472,2,9,0,9,0,8,0,0,0,0,4,1,6,1,37,7,1910,2,7,-1,1,-1
2015300015478,1,9,0,18,0,0,1,0,1,4,1,1,6,1,21,5,799,2,4,-1,1,-1
2015300015483,1,9,0,18,0,0,5,0,8,4,1,1,6,1,23,5,1798,1,6,-1,3,-1
2015300015485,1,9,0,9,0,5,0,0,0,0,1,1,6,3,-1,-1,-1,-1,-1,-1,-1,-1
2015300015485,2,1,0,18,0,8,0,0,0,0,1,1,6,1,30,6,-1,-1,-1,-1,-1,-1
2015300015486,1,9,0,5,0,1,0,0,0,0,1,1,6,2,34,6,1390,1,13,-1,1,-1
2015300015486,2,9,0,5,0,1,0,0,0,0,2,1,6,1,53,8,1461,2,2,-1,1,-1
2015300015487,1,9,0,16,0,0,1,0,1,2,3,1,6,1,25,5,1796,1,12,-1,-1,-1
2015300015489,1,9,0,16,0,2,5,0,7,10,1,1,6,1,22,5,1598,1,14,-1,1,-1
2015300015490,1,9,0,17,0,1,0,0,0,0,1,1,6,2,33,6,1149,1,10,-1,1,-1
2015300015490,2,9,0,18,0,2,0,0,0,0,1,1,6,1,52,8,1896,2,9,-1,1,-1
2015300015492,1,9,0,16,0,6,1,0,0,0,1,1,6,2,43,7,1390,1,14,-1,1,-1
2015300015492,2,9,0,16,0,1,0,0,0,0,1,1,6,2,35,6,1997,2,12,-1,1,-1
2015300015493,1,19,0,1,9,1,0,0,0,0,2,1,1,1,64,9,2402,2,9,-1,1,-1
2015300015493,2,90,0,18,9,1,0,0,0,0,1,1,6,2,68,10,-1,-1,-1,-1,1,-1
2015300015496,1,5,0,13,0,8,5,0,7,10,4,1,6,1,46,8,999,1,5,-1,1,-1
2015300015496,2,5,0,9,0,8,5,0,0,0,3,1,6,1,54,8,1584,1,4,-1,1,-1
2015300015499,1,9,0,18,0,6,0,0,0,0,4,1,6,1,29,6,1242,1,13,-1,1,-1
2015300015499,2,3,0,18,0,8,0,0,0,0,3,1,1,1,18,4,125,1,2,-1,1,-1
2015300015502,1,9,4,18,0,0,0,0,0,0,1,1,6,1,24,5,2495,2,18,-1,-1,-1
2015300015502,2,9,0,18,0,0,0,0,0,0,1,1,6,1,20,4,1198,1,12,-1,-1,-1
2015300015507,1,9,0,17,0,0,0,0,0,0,3,1,6,1,-1,-1,1364,1,10,-1,-1,-1
2015300015507,2,9,0,16,0,0,1,0,0,0,4,1,6,1,26,6,1124,1,15,-1,3,-1
2015300015508,1,3,0,13,0,8,0,0,0,0,1,1,6,1,24,5,125,1,-1,-1,1,-1
2015300015508,2,9,0,9,0,8,0,0,0,0,3,1,6,1,28,6,1910,2,7,-1,1,-1
2015300015510,1,9,0,4,0,0,0,0,0,0,2,1,6,1,18,4,1398,1,-1,-1,1,-1
2015300015510,2,19,0,18,0,0,0,0,0,0,1,1,1,1,40,7,2148,2,8,-1,1,-1
2015300015512,1,5,0,17,0,0,0,0,0,0,4,1,6,1,41,7,599,1,13,-1,-1,-1
2015300015513,1,9,0,17,0,2,0,0,0,0,1,1,6,3,-1,-1,1398,1,1,-1,-1,-1
2015300015517,1,3,0,18,0,0,0,0,0,0,3,1,6,1,29,6,-1,-1,-1,-1,1,-1
2015300015517,2,9,0,13,0,0,0,0,0,0,4,1,6,3,-1,-1,-1,-1,-1,-1,-1,-1
2015300015521,1,9,0,18,0,0,0,0,0,0,1,1,6,2,21,5,1398,1,13,-1,-1,-1
2015300015521,2,1,0,18,0,0,0,0,0,0,1,1,6,1,14,3,-1,-1,-1,-1,-1,-1
2015300015521,3,90,0,2,0,0,0,0,0,0,0,1,6,3,-1,-1,-1,-1,-1,-1,-1,-1
2015300015528,1,9,0,18,0,8,5,0,0,0,1,1,2,2,38,7,1598,1,5,-1,1,-1
2015300015528,2,9,0,3,0,8,0,0,0,0,2,1,6,1,44,7,1598,1,8,-1,1,-1
2015300015529,1,9,0,16,0,2,0,0,0,0,1,1,6,1,76,11,1596,1,8,-1,1,-1
2015300015529,2,9,0,17,0,1,0,0,0,0,1,1,6,1,17,4,1299,1,10,-1,1,-1
2015300015530,1,9,0,17,0,0,1,0,1,4,1,1,6,2,22,5,1149,1,12,-1,2,-1
2015300015531,1,9,0,16,0,7,1,10,5,0,4,1,2,1,29,6,1229,1,10,-1,1,-1
2015300015533,1,1,0,18,0,1,0,0,0,0,1,1,6,1,-1,-1,-1,-1,-1,-1,1,-1
2015300015533,2,9,0,4,0,1,0,0,0,0,4,1,6,2,48,8,2996,1,5,-1,1,-1
2015300015541,1,11,0,18,0,0,0,0,0,0,4,1,6,2,58,9,-1,-1,-1,-1,1,-1
2015300015544,1,9,0,1,0,2,0,0,0,0,2,1,6,1,22,5,1560,2,8,-1,-1,-1
2015300015546,1,9,0,6,0,0,0,0,0,0,1,1,6,1,50,8,1596,1,9,-1,1,-1
2015300015546,2,1,0,18,0,0,1,0,0,0,1,1,2,1,30,6,-1,-1,-1,-1,1,-1
2015300015547,1,9,0,14,0,0,0,0,0,0,3,1,6,1,28,6,1398,2,2,-1,-1,-1
2015300015547,2,3,0,4,0,0,0,0,0,0,1,1,6,1,40,7,918,1,16,-1,-1,-1
2015300015547,3,90,0,2,0,0,0,0,0,0,0,1,6,3,-1,-1,-1,-1,-1,-1,-1,-1
2015300015548,1,5,0,13,0,8,0,0,0,0,1,1,2,1,52,8,1000,1,17,-1,-1,-1
2015300015548,2,9,0,9,0,8,0,0,0,0,3,1,2,1,-1,-1,1910,2,7,-1,1,-1
2015300015555,1,9,0,18,0,0,0,0,0,0,4,1,6,1,39,7,1997,1,9,-1,1,-1
2015300015555,2,5,0,18,0,0,2,0,0,0,3,1,6,1,52,8,1157,1,10,-1,1,-1
2015300015557,1,9,0,18,0,0,0,0,0,0,1,1,6,1,70,10,1461,2,6,-1,1,-1
2015300015557,2,9,0,18,0,0,0,0,2,10,3,1,2,1,43,7,2993,2,-1,-1,3,-1
2015300015559,1,21,1,18,0,0,0,0,0,0,4,1,6,1,60,9,12809,2,2,-1,1,-1
2015300015559,2,9,0,18,0,0,0,0,0,0,3,1,6,2,-1,-1,1248,2,1,-1,1,-1
2015300015561,1,9,0,18,0,4,0,0,0,0,1,1,1,2,38,7,1968,2,2,-1,1,-1
2015300015561,2,9,0,18,0,8,5,0,0,0,4,1,6,1,66,10,1969,2,-1,-1,-1,-1
2015300015563,1,9,0,18,0,1,0,0,0,0,0,1,6,3,-1,-1,1998,1,12,-1,-1,-1
2015300015563,2,9,0,4,0,1,0,0,0,0,2,1,6,1,48,8,1560,2,2,-1,1,-1
2015300015563,3,9,0,5,0,1,0,0,0,0,1,1,6,2,-1,-1,1242,1,7,-1,-1,-1
2015300015567,1,9,0,18,0,0,0,0,0,0,4,1,6,1,49,8,1396,1,16,-1,-1,-1
2015300015567,2,1,0,18,0,0,0,0,0,0,3,1,6,1,10,2,-1,-1,-1,-1,1,-1
2015300015570,1,9,0,18,0,0,0,0,0,0,4,1,6,2,83,11,998,1,6,-1,2,-1
2015300015572,1,5,0,16,0,0,1,0,0,0,4,1,2,1,31,6,-1,-1,-1,-1,1,-1
2015300015575,1,9,0,5,0,8,0,0,0,0,4,1,6,2,78,11,998,1,9,-1,1,-1
2015300015575,2,9,0,7,0,6,0,0,0,0,1,1,6,2,18,4,1390,1,9,-1,1,-1
2015300015576,1,19,0,5,0,0,0,0,0,0,0,1,6,1,60,9,1995,2,8,-1,3,-1
2015300015576,2,1,0,13,0,0,0,10,7,0,0,1,2,1,-1,-1,-1,-1,-1,-1,1,-1
2015300015577,1,9,0,18,0,0,0,0,0,0,4,1,6,3,-1,-1,-1,-1,-1,-1,-1,-1
2015300015578,1,3,0,14,0,8,0,0,0,0,1,1,2,1,18,4,86,1,15,-1,2,-1
2015300015578,2,9,0,10,0,8,0,0,0,0,3,1,6,2,41,7,-1,-1,-1,-1,-1,-1
2015300015579,1,9,0,4,0,1,0,0,0,0,3,1,6,1,45,7,1969,2,-1,-1,2,-1
2015300015579,2,9,0,13,0,1,0,0,0,0,4,1,1,1,28,6,1686,2,3,-1,1,-1
2015300015580,1,9,0,4,0,0,0,0,0,0,2,1,6,1,39,7,1896,2,11,-1,1,-1
2015300015580,2,9,0,18,0,0,0,0,0,0,1,1,6,2,18,4,1197,1,-1,-1,1,-1
2015300015581,1,9,0,17,0,0,0,0,1,4,1,1,6,1,20,4,1398,2,9,-1,1,-1
2015300015582,1,4,0,17,0,0,0,11,1,2,1,1,6,2,22,5,124,1,8,-1,1,-1
2015300015582,2,9,0,13,0,0,0,0,0,0,0,1,6,3,-1,-1,-1,-1,-1,-1,-1,-1
2015300015584,1,9,0,16,0,0,1,0,7,0,0,1,6,1,50,8,1997,2,12,-1,1,-1
2015300015584,2,1,0,17,9,0,0,0,0,0,0,1,6,1,45,7,-1,-1,-1,-1,1,-1
2015300015586,1,9,0,11,0,1,1,0,1,1,1,1,6,1,80,11,1596,1,4,-1,1,-1
2015300015587,1,9,0,18,0,0,0,0,0,0,1,1,6,1,85,11,1248,1,-1,-1,1,-1
2015300015587,2,9,0,18,0,0,1,0,0,0,3,1,6,2,73,10,1989,1,16,-1,1,-1
2015300015587,3,9,0,18,0,0,1,0,0,0,3,1,6,1,40,7,1796,1,8,-1,1,-1
2015300015588,1,9,0,4,0,0,0,0,0,0,0,1,6,1,61,9,1596,1,6,-1,3,-1
2015300015588,2,1,0,18,0,0,0,0,0,0,1,1,6,1,44,7,-1,-1,-1,-1,1,-1
2015300015594,1,19,0,18,0,8,2,0,0,0,0,1,1,1,46,8,2402,2,14,-1,1,-1
2015300015596,1,9,0,7,0,5,0,0,0,0,4,1,6,2,21,5,1242,1,16,-1,1,-1
2015300015596,2,1,0,18,0,1,1,0,0,0,1,1,6,1,36,7,-1,-1,-1,-1,1,-1
2015300015599,1,5,0,8,0,1,0,0,0,0,3,1,6,1,51,8,798,1,2,-1,2,-1
2015300015599,2,9,0,4,0,1,0,0,0,0,1,1,6,2,26,6,1596,1,10,-1,1,-1
2015300015603,1,9,0,18,0,0,1,0,1,4,4,1,6,1,74,10,1796,1,7,-1,3,-1
2015300015604,1,1,0,18,0,0,0,0,0,0,0,1,6,1,-1,-1,-1,-1,-1,-1,-1,-1