Accident_Index,Vehicle_Reference,Vehicle_Type,Towing_and_Articulation,Vehicle_Manoeuvre,Vehicle_Location-Restricted_Lane,Junction_Location,Skidding_and_Overturning,Hit_Object_in_Carriageway,Vehicle_Leaving_Carriageway,Hit_Object_off_Carriageway,1st_Point_of_Impact,Was_Vehicle_Left_Hand_Drive?,Journey_Purpose_of_Driver,Sex_of_Driver,Age_of_Driver,Age_Band_of_Driver,Engine_Capacity_(CC),Propulsion_Code,Age_of_Vehicle,Driver_IMD_Decile,Driver_Home_Area_Type,Vehicle_IMD_Decile
2015300015606,1,9,0,17,0,8,0,0,0,0,1,1,6,2,28,6,1242,1,6,-1,1,-1
2015300015608,1,9,0,4,0,2,0,0,0,0,2,1,6,1,25,5,1998,1,11,-1,-1,-1
2015300015608,2,20,0,4,0,2,0,0,0,0,1,1,1,1,47,8,-1,-1,-1,-1,2,-1
2015300015611,1,9,0,17,0,0,1,0,2,2,1,1,6,2,39,7,1870,2,7,-1,-1,-1
2015300015612,1,9,0,4,0,0,1,0,0,0,1,1,2,2,21,5,1599,1,12,-1,3,-1
2015300015612,2,17,4,4,0,0,0,0,0,0,1,1,1,1,67,10,6728,2,3,-1,3,-1
2015300015615,1,9,0,18,0,8,0,0,0,0,1,1,6,1,26,6,-1,-1,-1,-1,2,-1
2015300015615,2,9,0,5,0,6,0,0,0,0,4,1,6,2,44,7,1995,2,8,-1,3,-1
2015300015616,1,9,0,16,0,0,1,0,1,9,2,1,1,2,41,7,1798,1,11,-1,1,-1
2015300015621,1,8,0,8,0,1,0,0,0,0,2,1,1,1,40,7,1997,2,10,-1,1,-1
2015300015621,2,9,0,5,0,1,0,0,0,0,1,1,6,1,67,10,1398,1,3,-1,1,-1
2015300015623,1,9,0,18,0,0,0,0,0,0,3,1,6,2,19,4,998,1,8,-1,1,-1
2015300015623,2,9,0,18,0,0,0,0,0,0,3,1,1,2,42,7,-1,-1,-1,-1,1,-1
2015300015625,1,21,1,11,0,0,0,0,0,0,3,1,1,1,57,9,12902,2,2,-1,1,-1
2015300015625,2,9,0,12,0,0,0,0,0,0,1,1,6,1,74,10,1242,1,8,-1,1,-1
2015300015633,1,9,0,6,0,0,1,0,0,0,1,1,6,1,-1,-1,-1,-1,-1,-1,-1,-1
2015300015636,1,9,0,9,0,8,0,0,0,0,1,1,1,2,56,9,1587,1,13,-1,1,-1
2015300015636,2,1,0,9,0,1,0,0,0,0,1,1,1,1,39,7,-1,-1,-1,-1,1,-1
2015300015637,1,3,0,18,0,0,1,0,0,0,4,1,6,1,17,4,125,1,7,-1,3,-1
2015300015638,1,8,0,18,0,0,0,0,0,0,1,1,1,1,60,9,1968,2,9,-1,2,-1
2015300015645,1,9,0,5,0,6,0,0,3,10,1,1,6,2,79,11,1596,1,6,-1,1,-1
2015300015645,2,9,0,17,0,8,0,0,0,0,4,1,6,2,66,10,2500,2,19,-1,-1,-1
2015300015647,1,9,0,14,0,0,1,0,7,0,1,1,6,1,78,11,1298,1,12,-1,1,-1
2015300015647,2,11,0,14,0,0,0,0,0,0,1,1,6,1,57,9,6374,2,3,-1,1,-1
2015300015648,1,9,0,18,0,8,0,0,0,0,1,1,1,1,47,8,998,1,6,-1,1,-1
2015300015648,2,9,0,18,0,6,1,0,0,0,1,1,6,1,18,4,1199,1,13,-1,1,-1
2015300015649,1,9,0,18,0,8,0,0,0,0,1,1,6,1,57,9,1360,1,6,-1,3,-1
2015300015649,2,19,0,18,0,6,0,0,7,0,1,1,6,1,23,5,2198,2,1,-1,1,-1
2015300015651,1,9,0,18,0,0,1,0,0,0,1,1,6,1,46,8,1761,1,20,-1,1,-1
2015300015652,1,9,0,18,0,0,0,0,0,0,2,1,1,2,52,8,1560,2,-1,-1,1,-1
2015300015652,2,9,0,18,0,0,0,0,0,0,1,1,2,1,47,8,-1,-1,-1,-1,2,-1
2015300015652,3,9,0,18,0,0,0,0,0,0,1,1,6,1,55,8,-1,-1,-1,-1,1,-1
2015300015652,4,9,0,18,0,0,0,0,0,0,1,1,6,1,39,7,-1,-1,-1,-1,1,-1
2015300015652,5,9,0,18,0,0,0,0,0,0,1,1,1,1,21,5,1997,2,1,-1,1,-1
2015300015654,1,90,0,9,0,1,0,0,0,0,0,1,6,2,-1,-1,2999,2,1,-1,-1,-1
2015300015654,2,9,0,3,0,4,0,0,0,0,2,1,6,2,37,7,998,1,8,-1,-1,-1
2015300015654,3,19,0,3,0,4,0,0,0,0,2,1,1,1,54,8,1995,2,3,-1,-1,-1
2015300015654,4,21,1,4,0,4,1,0,0,0,1,1,1,1,55,8,10837,2,2,-1,-1,-1
2015300015658,1,11,0,18,0,0,0,0,0,0,0,2,1,2,27,6,-1,-1,-1,-1,1,-1
2015300015660,1,11,0,4,0,0,0,0,0,0,0,1,1,1,43,7,7300,2,5,-1,1,-1
2015300015661,1,9,0,18,0,0,0,0,0,0,3,1,6,1,56,9,2435,1,20,-1,1,-1
2015300015661,2,9,0,2,0,0,0,0,0,0,2,1,6,2,43,7,1398,1,1,-1,1,-1
2015300015671,1,9,0,9,0,6,0,0,0,0,4,1,1,1,30,6,-1,-1,-1,-1,-1,-1
2015300015671,2,9,0,18,0,8,0,0,0,0,1,1,6,1,39,7,2500,2,16,-1,1,-1
2015300015672,1,3,0,17,0,0,0,0,1,7,4,1,6,1,17,4,125,1,3,-1,2,-1
2015300015677,1,9,0,10,0,1,0,0,0,0,2,1,6,1,39,7,1896,2,10,-1,1,-1
2015300015677,2,9,0,3,0,1,0,0,0,0,2,1,6,1,59,9,998,1,4,-1,-1,-1
2015300015677,3,9,0,4,0,1,0,0,0,0,1,1,6,2,30,6,1968,2,3,-1,-1,-1
2015300015679,1,9,0,18,0,0,0,0,0,0,1,1,6,1,33,6,1685,2,2,-1,1,-1
2015300015679,2,9,0,18,0,0,0,0,0,0,1,1,6,1,52,8,1389,1,17,-1,1,-1
2015300015684,1,9,0,9,0,8,0,0,0,0,4,1,6,1,30,6,1956,2,-1,-1,1,-1
2015300015684,2,4,0,18,0,8,0,0,0,0,1,1,6,1,20,4,124,1,5,-1,1,-1
2015300015685,1,9,0,9,0,6,0,0,0,0,1,1,6,1,23,5,1896,2,11,-1,-1,-1
2015300015685,2,9,0,18,0,8,1,0,0,0,1,1,6,1,23,5,2495,2,10,-1,-1,-1
2015300015685,3,9,0,18,0,1,1,0,0,0,1,1,1,1,29,6,-1,-1,-1,-1,-1,-1
2015300015686,1,9,0,18,0,2,0,0,0,0,1,1,6,2,29,6,1753,2,12,-1,2,-1
2015300015690,1,11,0,5,6,0,0,11,0,0,4,1,1,1,51,8,6374,2,8,-1,1,-1
2015300015691,1,9,0,18,0,4,0,0,0,0,3,1,2,1,30,6,1995,1,9,-1,1,-1
2015300015691,2,4,0,18,0,8,0,0,0,0,1,1,2,1,-1,-1,124,1,6,-1,1,-1
2015300015692,1,9,0,9,0,2,0,0,0,0,1,1,6,1,81,11,1596,1,4,-1,2,-1
2015300015692,2,1,0,18,9,8,0,0,0,0,1,1,6,1,47,8,-1,-1,-1,-1,1,-1
2015300015693,1,9,0,9,0,6,0,0,0,0,0,1,6,1,46,8,2993,2,-1,-1,2,-1
2015300015693,2,1,0,14,0,1,0,0,0,0,0,1,6,1,65,9,-1,-1,-1,-1,2,-1
2015300015693,3,90,0,3,0,1,0,0,0,0,0,1,6,3,-1,-1,-1,-1,-1,-1,-1,-1
2015300015694,1,9,0,18,0,0,0,0,0,0,1,1,6,1,71,10,1991,1,16,-1,1,-1
2015300015694,2,5,0,16,0,0,0,0,0,0,1,1,6,1,21,5,675,1,-1,-1,1,-1
2015300015696,1,9,0,2,0,0,0,0,0,0,3,1,1,2,28,6,-1,-1,-1,-1,1,-1
2015300015696,2,9,0,6,0,0,0,0,0,0,2,1,1,3,-1,-1,-1,-1,-1,-1,-1,-1
2015300015716,1,9,0,1,0,0,0,0,0,0,2,1,6,1,16,4,1994,1,15,-1,1,-1
2015300015716,2,9,0,18,0,0,0,0,0,0,1,1,6,1,67,10,-1,-1,-1,-1,1,-1
2015300015719,1,8,0,1,9,0,0,0,0,0,2,1,6,1,-1,-1,-1,-1,-1,-1,-1,-1
2015300015720,1,9,0,12,0,2,0,0,0,0,3,1,6,2,25,5,999,1,3,-1,2,-1
2015300015720,2,19,0,18,0,2,0,0,0,0,4,1,1,1,32,6,-1,-1,-1,-1,3,-1
2015300015723,1,9,0,7,0,6,0,0,0,0,3,1,6,2,30,6,1997,2,13,-1,1,-1
2015300015723,2,9,0,18,0,2,0,0,7,0,4,1,6,2,47,8,1248,2,7,-1,1,-1
2015300015723,3,9,0,2,0,2,0,0,0,0,4,1,6,1,37,7,1329,1,5,-1,-1,-1
2015300015723,4,9,0,2,0,2,0,0,0,0,3,1,6,3,36,7,1997,1,13,-1,1,-1
2015300015724,1,5,0,16,0,0,0,12,0,0,1,1,6,1,35,6,999,1,8,-1,1,-1
2015300015725,1,9,0,9,0,5,0,0,0,0,4,1,6,2,30,6,1398,1,4,-1,1,-1
2015300015725,2,1,0,18,0,8,0,0,0,0,1,1,6,1,38,7,-1,-1,-1,-1,1,-1
2015300015726,1,9,0,16,0,0,1,0,0,0,1,1,1,1,24,5,1753,2,11,-1,3,-1
2015300015726,2,9,0,3,0,0,0,0,0,0,2,1,6,1,21,5,1229,1,9,-1,1,-1
2015300015732,1,9,0,4,0,0,0,0,0,0,3,1,6,2,29,6,1956,2,6,-1,3,-1
2015300015732,2,21,1,18,0,0,0,0,0,0,3,1,6,3,-1,-1,12809,2,1,-1,-1,-1
2015300015735,1,2,0,18,0,8,0,0,0,0,1,1,2,1,21,5,125,1,2,-1,3,-1
2015300015735,2,9,0,5,0,6,0,0,0,0,1,1,6,2,19,4,1149,1,13,-1,-1,-1
2015300015748,1,9,0,7,0,6,0,0,0,0,1,1,2,2,53,8,1149,1,12,-1,-1,-1
2015300015749,1,9,0,9,0,5,0,0,0,0,4,1,6,1,27,6,1587,1,11,-1,1,-1
2015300015749,2,11,0,18,2,8,0,0,0,0,1,1,1,1,42,7,12600,2,12,-1,1,-1
2015300015749,3,9,0,3,0,1,0,0,0,0,2,1,6,1,27,6,1364,1,6,-1,1,-1
2015300015750,1,9,0,11,0,0,0,0,0,0,4,1,6,2,-1,-1,1248,2,6,-1,2,-1
2015300015750,2,5,0,18,0,0,0,0,0,0,3,1,2,2,41,7,996,1,9,-1,1,-1
2015300015751,1,3,0,18,0,8,0,0,0,0,1,1,6,1,23,5,124,1,4,-1,1,-1
2015300015751,2,19,0,9,0,5,0,0,0,0,1,1,6,1,37,7,2464,2,8,-1,1,-1
2015300015753,1,9,0,4,0,0,0,0,0,0,1,1,6,1,39,7,-1,-1,-1,-1,1,-1
2015300015753,2,9,0,4,0,0,0,0,0,0,2,1,6,1,26,6,1560,2,3,-1,1,-1
2015300015753,3,9,0,4,0,0,0,0,0,0,2,1,6,1,34,6,2967,2,4,-1,1,-1
2015300015755,1,9,0,18,0,0,0,0,0,0,1,1,6,1,45,7,1229,1,8,-1,1,-1
2015300015755,2,9,0,2,0,0,0,0,0,0,2,1,6,1,-1,-1,1995,1,7,-1,1,-1
2015300015764,1,9,0,9,0,8,0,0,0,0,1,1,6,1,20,4,2188,2,11,-1,3,-1
2015300015764,2,1,0,18,0,8,1,0,0,0,4,1,6,1,26,6,-1,-1,-1,-1,2,-1
2015300015769,1,9,0,16,0,0,1,0,5,6,1,1,6,1,26,6,1149,1,14,-1,1,-1
2015300015769,2,9,0,16,0,0,5,0,6,6,1,1,2,1,61,9,-1,-1,-1,-1,1,-1
2015300015770,1,8,0,5,0,6,0,0,0,0,0,1,1,1,45,7,1910,2,10,-1,1,-1
2015300015770,2,5,0,18,0,1,2,0,3,0,1,1,2,1,56,9,997,1,26,-1,3,-1
2015300015772,1,1,0,16,0,0,0,0,0,0,1,1,6,1,36,7,-1,-1,-1,-1,-1,-1
2015300015772,2,9,0,17,0,0,0,0,0,0,3,1,6,1,56,9,2967,2,5,-1,3,-1
2015300015773,1,3,0,14,0,0,0,4,0,0,1,1,6,1,19,4,124,1,3,-1,1,-1
2015300015773,2,8,0,2,0,0,0,0,0,0,1,1,1,1,38,7,1968,2,9,-1,1,-1
2015300015775,1,9,0,18,0,0,2,0,2,0,1,1,2,2,31,6,1299,1,10,-1,2,-1
2015300015778,1,1,0,18,0,1,0,0,0,0,1,1,6,1,44,7,-1,-1,-1,-1,3,-1
2015300015778,2,9,0,10,0,2,0,0,0,0,3,1,1,1,41,7,1560,2,6,-1,3,-1
2015300015782,1,9,0,18,0,1,0,0,0,0,1,1,2,1,53,8,2987,2,2,-1,1,-1
2015300015784,1,9,0,11,0,3,0,0,0,0,4,1,6,1,51,8,3628,2,8,-1,2,-1
2015300015784,2,9,0,18,0,8,0,0,0,0,3,1,6,1,19,4,1390,1,11,-1,1,-1
2015300015786,1,9,0,4,0,1,0,0,0,0,1,1,6,2,34,6,1968,2,2,-1,1,-1
2015300015786,2,1,0,18,0,1,0,0,0,0,4,1,6,1,18,4,-1,-1,-1,-1,1,-1
2015300015788,1,9,0,18,0,0,1,0,0,0,1,1,6,1,35,6,1598,1,1,-1,1,-1
2015300015788,2,9,0,6,0,0,1,0,0,0,3,1,1,1,26,6,1995,2,8,-1,-1,-1
2015300015791,1,9,0,18,0,0,0,0,0,0,1,1,6,1,23,5,1753,2,14,-1,3,-1
2015300015791,2,9,0,18,0,0,0,0,1,10,1,1,6,1,70,10,3996,1,16,-1,2,-1
2015300015794,1,9,0,18,0,0,0,0,0,0,1,1,6,1,54,8,1997,1,11,-1,-1,-1
2015300015794,2,9,0,18,0,0,0,0,0,0,1,1,6,1,55,8,1200,1,-1,-1,-1,-1
2015300015798,1,9,0,9,0,8,0,0,0,0,1,1,6,2,78,11,1796,1,7,-1,1,-1
2015300015798,2,9,0,18,0,8,0,0,0,0,1,1,6,1,47,8,2993,2,8,-1,2,-1
2015300015802,1,9,0,18,0,6,0,0,0,0,1,1,6,1,50,8,1951,2,10,-1,1,-1
2015300015802,2,3,0,18,0,1,0,0,0,0,1,1,6,1,21,5,125,1,11,-1,3,-1
2015300015803,1,9,0,18,0,0,0,7,8,2,1,1,2,1,32,6,1360,1,11,-1,1,-1
2015300015805,1,17,0,18,0,0,5,0,1,0,4,1,6,1,21,5,-1,2,6,-1,3,-1
2015300015806,1,9,0,18,0,0,1,0,0,0,1,1,6,2,34,6,1596,1,15,-1,1,-1
2015300015806,2,9,0,3,0,0,0,0,0,0,2,1,6,2,36,7,2170,2,10,-1,1,-1
2015300015807,1,9,0,18,0,1,0,0,0,0,1,1,6,2,-1,-1,1596,1,12,-1,-1,-1
2015300015807,2,9,0,8,0,1,0,0,0,0,2,1,6,2,18,4,1149,1,14,-1,1,-1
2015300015815,1,9,0,5,0,0,0,0,0,0,1,1,6,2,17,4,1149,1,8,-1,2,-1
2015300015815,2,90,0,2,0,0,0,0,0,0,0,1,1,3,-1,-1,-1,-1,-1,-1,-1,-1
2015300015818,1,9,0,16,0,5,0,0,0,0,0,1,6,1,42,7,1753,2,9,-1,1,-1
2015300015818,2,3,0,17,0,5,1,0,0,0,0,1,6,1,17,4,-1,-1,-1,-1,1,-1
2015300015820,1,9,0,4,0,1,0,0,0,0,2,1,6,2,44,7,2000,1,15,-1,1,-1
2015300015820,2,9,0,4,0,1,0,0,0,0,2,1,6,2,48,8,1499,2,1,-1,-1,-1
2015300015820,3,9,0,18,0,1,0,0,0,0,1,1,6,1,63,9,1968,2,5,-1,1,-1
2015300015821,1,3,0,18,0,0,0,0,0,0,1,1,2,1,18,4,124,1,6,-1,1,-1
2015300015822,1,9,0,9,0,8,0,0,0,0,1,1,6,1,23,5,1781,1,13,-1,1,-1
2015300015822,2,10,0,17,0,8,0,0,0,0,1,1,6,1,27,6,1995,2,5,-1,2,-1
2015300015823,1,9,0,5,0,0,0,0,0,0,1,1,6,1,87,11,1390,1,2,-1,3,-1
2015300015823,2,9,0,2,0,0,0,0,0,0,2,1,6,1,28,6,1598,1,5,-1,2,-1
2015300015824,1,9,0,16,0,1,1,0,2,10,1,1,6,1,20,4,1229,1,8,-1,1,-1
2015300015824,2,9,0,17,0,2,0,0,0,0,3,1,6,2,25,5,2993,2,11,-1,1,-1
2015300015831,1,9,0,18,0,0,1,0,0,0,1,1,6,1,69,10,1910,2,12,-1,2,-1
2015300015832,1,11,0,7,0,8,1,0,0,0,1,1,1,1,30,6,7300,2,7,-1,1,-1
2015300015838,1,9,0,14,0,0,0,0,0,0,0,1,6,3,-1,-1,-1,-1,-1,-1,-1,-1
2015300015838,2,11,0,18,0,0,0,0,0,0,0,1,1,1,42,7,6696,2,2,-1,3,-1
2015300015839,1,9,0,1,0,0,0,0,1,0,3,1,6,1,88,11,-1,-1,-1,-1,1,-1
2015300015839,2,9,0,2,0,0,0,0,0,0,2,1,6,2,53,8,1596,1,-1,-1,1,-1
2015300015842,1,9,0,5,0,1,0,0,0,0,1,1,6,2,69,10,1596,1,10,-1,-1,-1
2015300015844,1,19,0,18,0,1,0,0,0,0,3,1,6,1,37,7,1995,2,1,-1,1,-1
2015300015844,2,3,0,4,0,1,0,0,0,0,2,1,6,1,41,7,125,1,11,-1,1,-1
2015300015850,1,9,0,5,0,2,0,0,0,0,2,1,6,2,76,11,1587,1,10,-1,1,-1
2015300015850,2,9,0,5,0,2,0,0,0,0,2,1,6,1,31,6,1994,2,11,-1,1,-1
2015300015850,3,9,0,7,0,2,0,0,0,0,1,1,6,1,26,6,1461,2,1,-1,-1,-1
2015300015852,1,9,0,18,0,0,0,0,0,0,1,1,6,1,-1,-1,1124,1,12,-1,-1,-1
2015300015852,2,8,0,3,0,0,0,0,0,0,2,1,1,1,34,6,1995,2,13,-1,1,-1
2015300015859,1,9,0,5,0,3,0,0,0,0,1,1,6,1,-1,-1,-1,-1,-1,-1,-1,-1
2015300015859,2,9,0,5,0,4,0,0,0,0,3,1,6,2,45,7,1998,2,10,-1,1,-1
2015300015860,1,1,0,18,0,1,0,0,0,0,4,1,3,1,11,3,-1,-1,-1,-1,1,-1
2015300015860,2,9,0,18,0,1,0,0,0,0,1,1,6,3,-1,-1,-1,-1,-1,-1,-1,-1
2015300015861,1,9,0,12,0,0,0,0,0,0,3,1,2,2,24,5,1598,1,12,-1,1,-1
2015300015861,2,9,0,14,0,0,0,4,0,0,1,1,6,1,44,7,2993,2,3,-1,1,-1
2015300015861,3,9,0,2,0,0,0,0,0,0,3,1,6,1,43,7,2967,2,4,-1,3,-1
2015300015861,4,9,0,2,0,0,0,4,0,0,2,1,6,1,47,8,-1,-1,-1,-1,1,-1
2015300015861,5,9,0,2,0,0,0,0,0,0,2,1,6,2,39,7,1968,2,1,-1,1,-1
2015300015863,1,9,0,9,0,8,0,0,7,1,1,1,2,2,-1,-1,973,1,15,-1,1,-1
2015300015863,2,19,0,18,0,8,0,0,0,0,0,1,6,1,46,8,2198,2,1,-1,1,-1
2015300015864,1,9,0,7,0,8,1,10,1,7,1,1,6,1,23,5,1796,1,7,-1,-1,-1
2015300015868,1,9,0,18,0,8,0,0,0,0,4,1,1,1,33,6,1895,1,14,-1,1,-1
2015300015868,2,1,0,5,0,8,0,0,0,0,3,1,6,1,14,3,-1,-1,-1,-1,1,-1
2015300015874,1,9,0,5,0,8,0,0,0,0,1,1,6,2,66,10,1596,1,7,-1,1,-1
2015300015874,2,9,0,18,0,8,0,0,0,0,4,1,6,1,34,6,1999,1,9,-1,-1,-1
2015300015878,1,9,0,17,0,0,0,0,0,0,1,1,3,1,57,9,2993,2,2,-1,3,-1
2015300015878,2,9,0,17,0,0,0,0,0,0,2,1,1,1,39,7,1995,2,11,-1,-1,-1
2015300015880,1,5,0,18,0,4,0,0,0,0,4,1,6,1,49,8,-1,-1,-1,-1,1,-1
2015300015880,2,19,0,7,0,4,0,0,0,0,3,1,1,1,27,6,-1,-1,-1,-1,1,-1
2015300015882,1,9,0,9,0,8,0,0,0,0,1,1,6,2,26,6,599,1,14,-1,-1,-1
2015300015882,2,9,0,18,0,1,0,0,0,0,1,1,6,2,22,5,1596,1,7,-1,-1,-1
2015300015883,1,9,0,5,0,6,0,0,0,0,1,1,6,1,58,9,2199,2,3,-1,2,-1
2015300015883,2,3,0,18,0,8,0,0,1,0,1,1,6,1,34,6,125,1,15,-1,1,-1
2015300015885,1,9,0,18,0,8,0,0,0,0,0,1,6,3,-1,-1,-1,-1,-1,-1,-1,-1
2015300015885,2,11,0,18,0,8,0,0,0,0,0,1,6,2,37,7,9000,2,11,-1,1,-1
2015300015887,1,9,0,18,0,0,1,0,2,7,1,1,6,1,42,7,1596,1,13,-1,1,-1
2015300015889,1,9,0,5,0,1,0,0,0,0,1,1,1,1,37,7,1896,2,8,-1,1,-1
2015300015889,2,5,0,3,0,1,0,0,0,0,2,1,6,1,50,8,998,1,4,-1,1,-1
2015300015893,1,9,0,4,0,1,0,0,0,0,1,1,6,2,-1,-1,998,1,11,-1,-1,-1
2015300015893,2,9,0,4,0,1,0,0,0,0,2,1,2,2,49,8,1560,2,2,-1,1,-1
2015300015894,1,9,0,2,0,1,0,0,0,0,3,1,6,1,28,6,1968,2,7,-1,-1,-1
2015300015894,2,9,0,18,0,1,0,0,0,0,1,1,6,1,31,6,1595,1,14,-1,1,-1
2015300015896,1,9,0,3,0,1,0,0,0,0,2,1,6,2,41,7,1968,2,3,-1,1,-1
2015300015896,2,9,0,3,0,1,0,0,0,0,2,1,6,1,38,7,1968,2,5,-1,1,-1
2015300015896,3,9,0,3,0,1,0,0,0,0,2,1,6,1,20,4,-1,-1,-1,-1,2,-1
2015300015896,4,9,0,18,0,1,1,0,0,0,1,1,6,1,67,10,1995,2,7,-1,2,-1
2015300015897,1,9,0,10,0,8,0,0,0,0,2,1,6,1,43,7,1968,2,9,-1,2,-1
2015300015897,2,9,0,3,0,1,0,0,0,0,2,1,6,1,53,8,1968,2,-1,-1,2,-1
2015300015897,3,9,0,18,0,1,0,0,0,0,1,1,6,2,18,4,998,1,8,-1,3,-1
2015300015898,1,9,0,18,0,2,0,0,0,0,3,1,6,2,75,10,1149,1,5,-1,-1,-1
2015300015900,1,9,0,7,0,2,0,0,0,0,3,1,6,1,73,10,1339,8,9,-1,1,-1
2015300015900,2,5,0,18,0,2,5,10,4,6,4,1,6,1,30,6,998,1,14,-1,1,-1
2015300015902,1,9,0,1,9,1,0,0,0,0,2,1,6,3,-1,-1,-1,-1,-1,-1,-1,-1
2015300015905,1,9,0,9,0,5,0,0,0,0,2,1,6,1,52,8,1999,1,13,-1,1,-1
2015300015905,2,9,0,18,0,8,0,0,0,0,1,1,3,1,30,6,1199,1,11,-1,1,-1
2015300015907,1,9,0,18,0,6,0,0,0,0,1,1,6,2,33,6,1598,1,8,-1,-1,-1
2015300015907,2,9,0,18,0,8,5,0,1,9,3,1,6,2,23,5,1388,1,7,-1,1,-1
2015300015907,3,9,0,3,0,1,0,0,0,0,1,1,6,1,51,8,2191,2,-1,-1,1,-1
2015300015911,1,9,0,18,0,0,0,0,7,0,1,1,2,2,25,5,1198,1,5,-1,1,-1
2015300015911,2,10,0,18,0,0,0,0,0,0,1,1,1,1,41,7,2198,2,-1,-1,1,-1
2015300015917,1,21,0,18,0,0,0,0,0,0,4,1,1,1,35,6,12902,2,1,-1,3,-1
2015300015917,2,9,0,18,0,0,0,0,0,0,3,1,2,2,49,8,1598,1,6,-1,1,-1
2015300015918,1,9,0,7,0,4,0,0,0,0,3,1,6,2,39,7,998,1,2,-1,1,-1
2015300015918,2,1,0,18,0,8,0,0,0,0,1,1,6,1,12,3,-1,-1,-1,-1,1,-1
2015300015919,1,9,0,18,0,0,0,0,0,0,1,1,6,1,-1,-1,1560,2,4,-1,-1,-1
2015300015919,2,9,0,5,0,0,0,0,0,0,2,1,6,2,45,7,1997,2,4,-1,1,-1
2015300015920,1,9,0,4,0,0,0,0,0,0,1,1,6,3,-1,-1,1149,1,16,-1,-1,-1
2015300015920,2,9,0,3,0,0,0,0,0,0,2,1,2,1,52,8,1560,2,5,-1,1,-1
2015300015923,1,9,0,4,0,0,1,0,0,0,1,1,2,1,22,5,998,1,-1,-1,2,-1
2015300015923,2,9,0,4,0,0,0,0,0,0,2,1,2,1,49,8,1248,1,3,-1,1,-1
2015300015925,1,90,0,17,0,0,2,6,8,0,3,1,6,1,17,4,-1,-1,-1,-1,1,-1
2015300015927,1,8,0,16,0,3,0,0,0,0,4,1,1,1,38,7,1998,2,5,-1,1,-1
2015300015927,2,9,0,7,0,4,0,0,0,0,1,1,3,2,51,8,1240,1,7,-1,1,-1
2015300015929,1,9,0,1,9,0,0,0,0,0,2,1,6,1,37,7,1598,1,12,-1,1,-1
2015300015932,1,9,0,4,0,2,0,0,0,0,2,1,3,2,41,7,1299,1,12,-1,1,-1
2015300015932,2,9,0,18,0,2,0,0,0,0,1,1,6,1,29,6,1794,1,12,-1,2,-1
2015300015932,3,19,0,3,0,2,0,0,0,0,2,1,1,1,-1,-1,2402,2,6,-1,-1,-1
2015300015935,1,1,0,5,0,2,2,0,0,0,3,1,6,2,9,2,-1,-1,-1,-1,1,-1
2015300015935,2,9,0,16,0,2,0,0,0,0,4,1,6,2,51,8,996,1,4,-1,1,-1
2015300015937,1,9,0,9,0,4,0,0,0,0,1,1,3,1,-1,-1,1798,8,3,-1,-1,-1
2015300015937,2,9,0,18,0,8,0,0,0,0,1,1,3,2,27,6,1686,2,4,-1,1,-1
2015300015943,1,5,0,16,0,0,0,0,1,0,1,1,1,1,28,6,599,1,17,-1,1,-1
2015300015943,2,5,0,16,0,0,0,0,0,0,2,1,6,1,33,6,649,1,2,-1,1,-1
2015300015943,3,9,0,17,0,0,0,0,1,0,1,1,6,2,22,5,998,1,1,-1,1,-1
2015300015947,1,9,0,17,0,0,5,0,8,10,3,1,6,2,72,10,1399,2,8,-1,3,-1
2015300015947,2,9,0,16,0,0,0,0,0,0,3,1,6,2,56,9,1794,1,12,-1,-1,-1
2015300015953,1,9,0,16,0,0,0,0,0,0,1,1,3,2,42,7,2521,1,7,-1,1,-1
2015300015953,2,9,0,17,0,0,0,0,8,10,3,1,6,1,-1,-1,1386,1,10,-1,2,-1
2015300015954,1,21,1,13,0,0,0,0,0,0,4,1,1,1,53,8,12882,2,-1,-1,2,-1
2015300015954,2,9,0,18,0,0,5,0,0,0,3,1,6,1,74,10,848,1,18,-1,1,-1
2015300015955,1,9,0,9,0,5,0,0,0,0,1,1,6,2,84,11,-1,-1,-1,-1,-1,-1
2015300015955,2,9,0,18,0,8,0,0,0,0,1,1,6,2,37,7,1598,1,13,-1,-1,-1
2015300015955,3,9,0,4,0,1,0,0,0,0,3,1,6,1,69,10,1596,1,12,-1,-1,-1
2015300015957,1,11,0,18,0,2,0,0,0,0,1,1,1,1,63,9,4250,2,6,-1,1,-1
2015300015958,1,9,0,11,0,1,0,0,0,0,0,1,6,1,-1,-1,-1,-1,-1,-1,-1,-1
2015300015958,2,9,0,4,0,1,0,0,0,0,2,1,6,1,-1,-1,1997,12,4,-1,-1,-1
2015300015958,3,9,0,18,0,1,0,0,0,0,1,1,1,1,-1,-1,1968,2,1,-1,-1,-1
2015300015959,1,9,0,9,0,6,0,0,0,0,1,1,6,1,48,8,3200,1,11,-1,2,-1
2015300015959,2,9,0,18,0,8,0,0,0,0,1,1,1,2,44,7,1984,1,9,-1,3,-1
2015300015961,1,19,0,18,0,0,0,0,0,0,1,1,2,1,46,8,2874,2,16,-1,3,-1