Accident_Index,Vehicle_Reference,Vehicle_Type,Towing_and_Articulation,Vehicle_Manoeuvre,Vehicle_Location-Restricted_Lane,Junction_Location,Skidding_and_Overturning,Hit_Object_in_Carriageway,Vehicle_Leaving_Carriageway,Hit_Object_off_Carriageway,1st_Point_of_Impact,Was_Vehicle_Left_Hand_Drive?,Journey_Purpose_of_Driver,Sex_of_Driver,Age_of_Driver,Age_Band_of_Driver,Engine_Capacity_(CC),Propulsion_Code,Age_of_Vehicle,Driver_IMD_Decile,Driver_Home_Area_Type,Vehicle_IMD_Decile
2015300016590,1,9,0,16,0,0,0,0,8,10,1,1,2,2,36,7,1587,1,14,-1,-1,-1
2015300016590,2,9,0,17,0,0,0,0,0,0,4,1,2,2,46,8,-1,-1,-1,-1,2,-1
2015300016597,1,8,0,4,0,0,0,0,0,0,1,1,1,1,33,6,1997,2,7,-1,1,-1
2015300016597,2,9,0,17,0,0,0,0,0,0,3,1,6,1,23,5,1396,1,11,-1,-1,-1
2015300016597,3,9,0,16,0,0,0,0,0,0,3,1,6,2,24,5,1390,1,9,-1,2,-1
2015300016600,1,9,0,12,0,0,0,0,0,0,1,1,6,1,19,4,1362,1,2,-1,1,-1
2015300016600,2,9,0,18,0,0,0,0,0,0,4,1,6,2,51,8,1398,2,2,-1,3,-1
2015300016600,3,9,0,3,0,0,0,0,0,0,2,1,6,2,32,6,1240,1,10,-1,1,-1
2015300016603,1,9,0,5,0,0,0,0,0,0,0,1,6,3,-1,-1,-1,-1,-1,-1,-1,-1
2015300016603,2,11,0,18,0,0,0,0,0,0,0,1,1,2,42,7,7300,2,6,-1,1,-1
2015300016605,1,9,0,2,0,2,0,0,0,0,3,1,6,2,65,9,1461,2,1,-1,1,-1
2015300016605,2,21,1,4,0,1,0,0,0,0,3,1,1,1,50,8,10837,2,2,-1,1,-1
2015300016606,1,9,0,18,0,1,0,0,0,0,1,1,6,1,24,5,1198,1,13,-1,-1,-1
2015300016606,2,9,0,7,0,6,0,0,0,0,3,1,6,2,40,7,1598,1,13,-1,-1,-1
2015300016607,1,9,0,13,0,2,1,0,7,10,1,1,1,1,40,7,1686,2,2,-1,1,-1
2015300016607,2,19,0,4,0,2,0,0,0,0,0,1,1,1,31,6,2143,2,1,-1,1,-1
2015300016608,1,9,0,17,0,0,1,0,1,4,3,1,6,1,40,7,1895,1,16,-1,-1,-1
2015300016609,1,9,0,18,0,6,0,0,3,4,1,1,6,1,34,6,1598,1,12,-1,1,-1
2015300016613,1,9,0,18,0,0,0,0,0,0,1,1,6,1,28,6,1798,1,12,-1,1,-1
2015300016613,2,8,0,8,0,0,0,0,0,0,2,1,1,1,41,7,1910,2,5,-1,1,-1
2015300016614,1,11,0,5,2,0,0,0,0,0,1,1,1,1,52,8,9000,2,10,-1,-1,-1
2015300016617,1,9,0,18,0,0,0,0,0,0,1,1,6,2,42,7,1242,1,3,-1,-1,-1
2015300016617,2,9,0,18,0,0,0,0,0,0,2,1,6,1,40,7,1968,2,1,-1,1,-1
2015300016617,3,9,0,18,0,0,0,0,0,0,3,1,1,1,42,7,1968,2,1,-1,1,-1
2015300016619,1,9,0,17,0,0,1,0,0,0,4,1,6,1,-1,-1,2495,2,11,-1,-1,-1
2015300016619,2,9,0,16,0,0,0,0,1,10,1,1,6,2,-1,-1,1296,1,9,-1,-1,-1
2015300016624,1,9,0,4,0,6,1,0,3,4,1,1,6,1,31,6,1796,1,5,-1,1,-1
2015300016625,1,9,0,18,0,0,0,0,0,0,1,1,2,2,25,5,1229,1,2,-1,1,-1
2015300016625,2,9,0,3,0,0,0,0,0,0,2,1,2,1,34,6,1997,2,10,-1,1,-1
2015300016625,3,9,0,3,0,0,0,0,0,0,2,1,6,1,36,7,1399,2,6,-1,1,-1
2015300016626,1,9,0,16,0,5,0,0,7,0,2,1,2,2,44,7,1390,1,9,-1,1,-1
2015300016626,2,9,0,16,0,1,0,0,0,0,1,1,6,1,25,5,1364,1,7,-1,1,-1
2015300016628,1,9,0,5,0,6,0,0,1,0,3,1,6,1,54,8,1242,1,10,-1,1,-1
2015300016628,2,9,0,18,0,8,0,0,7,9,1,1,6,1,52,8,2993,2,6,-1,3,-1
2015300016635,1,9,0,18,0,0,0,0,0,0,2,1,6,1,39,7,1398,1,3,-1,-1,-1
2015300016635,2,9,0,18,0,0,0,0,0,0,2,1,2,2,53,8,1388,1,5,-1,-1,-1
2015300016635,3,9,0,18,0,0,0,0,0,0,1,1,6,1,55,8,1998,2,8,-1,-1,-1
2015300016635,4,9,0,18,0,0,0,0,0,0,1,1,6,2,-1,-1,-1,-1,-1,-1,-1,-1
2015300016636,1,9,0,5,0,2,0,0,0,0,3,1,6,1,80,11,1598,1,10,-1,-1,-1
2015300016636,2,9,0,18,0,1,0,0,0,0,1,1,6,1,54,8,1560,2,2,-1,-1,-1
2015300016637,1,9,0,4,0,0,0,0,0,0,1,1,6,2,25,5,1389,1,11,-1,-1,-1
2015300016640,1,9,0,18,0,0,0,0,0,0,1,1,6,2,20,4,998,1,1,-1,1,-1
2015300016640,2,9,0,2,0,0,0,0,0,0,2,1,6,1,-1,-1,1685,2,-1,-1,1,-1
2015300016642,1,90,0,5,0,6,1,0,0,0,0,1,6,3,-1,-1,-1,-1,-1,-1,-1,-1
2015300016642,2,3,0,18,0,1,1,0,0,0,0,1,2,1,27,6,125,1,-1,-1,1,-1
2015300016649,1,9,0,14,0,0,0,0,0,0,4,1,6,1,86,11,1328,1,13,-1,1,-1
2015300016649,2,90,0,3,0,0,0,0,0,0,0,1,6,3,-1,-1,-1,-1,-1,-1,-1,-1
2015300016651,1,3,0,18,0,1,0,0,0,0,1,1,6,1,22,5,124,1,5,-1,1,-1
2015300016651,2,9,0,2,0,1,0,0,0,0,1,1,6,2,-1,-1,1796,1,9,-1,1,-1
2015300016653,1,19,0,18,0,0,0,0,0,0,0,1,6,1,67,10,1753,2,12,-1,1,-1
2015300016653,2,9,0,18,0,0,0,0,0,0,2,1,2,1,26,6,1240,1,8,-1,1,-1
2015300016653,3,9,0,18,0,0,1,0,0,0,1,1,2,1,64,9,1596,1,14,-1,1,-1
2015300016655,1,9,0,18,0,8,0,0,7,0,1,1,6,1,22,5,1998,1,7,-1,3,-1
2015300016655,2,9,0,7,0,6,0,0,7,10,1,1,6,2,38,7,1968,2,-1,-1,3,-1
2015300016656,1,9,0,3,0,1,0,0,0,0,2,1,6,2,49,8,1229,1,5,-1,1,-1
2015300016656,2,9,0,5,0,1,0,0,0,0,1,1,6,2,-1,-1,1598,2,-1,-1,1,-1
2015300016656,3,9,0,5,0,1,0,0,0,0,1,1,2,2,52,8,1461,2,6,-1,2,-1
2015300016657,1,19,0,2,0,1,0,0,0,0,2,1,1,1,57,9,2143,2,-1,-1,1,-1
2015300016657,2,19,0,12,0,8,1,4,4,6,1,1,1,1,46,8,2998,2,2,-1,1,-1
2015300016657,3,19,0,18,0,8,0,4,0,0,1,1,1,1,29,6,2143,2,2,-1,1,-1
2015300016657,4,21,1,18,0,8,1,1,0,0,1,1,1,1,46,8,10518,2,7,-1,1,-1
2015300016659,1,19,0,18,0,0,0,0,0,0,1,1,1,1,46,8,1968,2,3,-1,-1,-1
2015300016659,2,9,0,18,0,0,0,0,1,4,2,1,6,2,-1,-1,2490,2,19,-1,2,-1
2015300016659,3,9,0,18,0,0,0,1,0,0,3,1,6,1,65,9,-1,-1,-1,-1,2,-1
2015300016662,1,1,0,18,0,1,0,0,0,0,3,1,6,1,46,8,-1,-1,-1,-1,1,-1
2015300016662,2,9,0,9,0,5,0,0,0,0,1,1,6,1,30,6,998,1,14,-1,1,-1
2015300016667,1,9,0,4,0,0,0,0,0,0,2,1,6,2,37,7,1124,1,8,-1,1,-1
2015300016667,2,9,0,18,0,0,0,0,0,0,1,1,6,2,27,6,1242,1,4,-1,1,-1
2015300016670,1,1,0,18,0,0,0,0,0,0,1,1,6,1,14,3,-1,-1,-1,-1,-1,-1
2015300016670,2,9,0,18,0,0,0,0,0,0,4,1,3,1,33,6,1997,2,1,-1,1,-1
2015300016671,1,9,0,10,0,1,0,0,0,0,2,1,1,2,24,5,1598,2,-1,-1,1,-1
2015300016671,2,8,0,10,0,1,0,0,0,0,2,1,1,1,58,9,1995,2,7,-1,1,-1
2015300016671,3,9,0,10,0,1,0,0,0,0,2,1,6,1,23,5,1199,1,12,-1,1,-1
2015300016671,4,9,0,18,0,1,0,0,0,0,1,1,6,1,48,8,1796,1,7,-1,1,-1
2015300016673,1,9,0,6,0,0,0,0,0,0,1,1,2,1,-1,-1,1596,1,13,-1,1,-1
2015300016673,2,1,0,13,0,0,0,0,0,0,1,1,2,1,33,6,-1,-1,-1,-1,-1,-1
2015300016675,1,9,0,13,0,8,0,0,0,0,1,1,2,1,47,8,1598,1,4,-1,1,-1
2015300016675,2,1,0,9,0,5,0,0,0,0,2,1,1,2,37,7,-1,-1,-1,-1,-1,-1
2015300016679,1,9,0,4,0,0,0,0,0,0,1,1,2,1,23,5,1388,1,11,-1,1,-1
2015300016679,2,9,0,4,0,0,0,0,0,0,2,1,3,1,47,8,1560,2,1,-1,3,-1
2015300016680,1,1,0,9,0,8,0,0,0,0,1,1,6,1,18,4,-1,-1,-1,-1,-1,-1
2015300016680,2,9,0,18,0,8,0,0,0,0,1,1,6,2,23,5,998,1,3,-1,1,-1
2015300016681,1,9,0,18,0,8,0,0,0,0,1,1,6,2,28,6,1399,2,4,-1,2,-1
2015300016681,2,9,0,17,0,8,0,0,1,2,3,1,6,1,39,7,1108,1,17,-1,1,-1
2015300016682,1,9,0,18,0,0,0,0,0,0,1,1,1,1,67,10,1998,2,10,-1,1,-1
2015300016682,2,9,0,18,0,0,1,0,0,0,1,1,6,1,54,8,1796,1,15,-1,1,-1
2015300016684,1,9,0,18,0,0,5,0,1,4,4,1,6,1,27,6,2495,2,11,-1,3,-1
2015300016685,1,9,0,13,0,0,0,0,0,0,0,1,6,3,-1,-1,-1,-1,-1,-1,-1,-1
2015300016685,2,1,0,18,0,0,0,0,1,10,4,1,6,1,32,6,-1,-1,-1,-1,-1,-1
2015300016686,1,9,0,17,0,0,0,0,1,4,1,1,6,1,17,4,1686,2,9,-1,2,-1
2015300016690,1,9,0,10,0,8,0,0,0,0,2,1,6,2,70,10,1596,1,13,-1,1,-1
2015300016690,2,9,0,16,0,1,0,0,0,0,1,1,6,2,59,9,1560,2,4,-1,1,-1
2015300016691,1,9,0,18,0,0,0,0,0,0,4,1,6,2,-1,-1,-1,-1,-1,-1,-1,-1
2015300016692,1,9,0,4,0,0,0,0,0,0,1,1,2,2,36,7,1596,1,10,-1,1,-1
2015300016692,2,9,0,4,0,0,0,0,0,0,2,1,6,1,20,4,2521,1,5,-1,3,-1
2015300016694,1,9,0,18,0,0,0,0,0,0,1,1,2,2,36,7,1461,2,9,-1,-1,-1
2015300016694,2,9,0,3,0,0,0,0,0,0,2,1,2,2,22,5,3200,2,13,-1,-1,-1
2015300016694,3,9,0,3,0,0,0,0,0,0,2,1,1,1,39,7,1997,2,5,-1,-1,-1
2015300016699,1,90,0,18,0,6,0,0,0,0,1,1,6,2,57,9,-1,-1,-1,-1,1,-1
2015300016699,2,9,0,5,0,1,0,0,0,0,4,1,6,1,-1,-1,-1,-1,-1,-1,-1,-1
2015300016700,1,9,0,5,0,3,0,0,0,0,1,1,6,3,-1,-1,-1,-1,-1,-1,-1,-1
2015300016700,2,9,0,5,0,8,0,0,0,0,2,1,6,1,48,8,2231,2,5,-1,1,-1
2015300016703,1,3,0,18,0,1,0,0,0,0,3,1,2,2,52,8,125,1,1,-1,3,-1
2015300016704,1,9,0,5,0,1,0,0,0,0,1,1,1,2,57,9,1560,2,5,-1,1,-1
2015300016705,1,9,0,18,0,0,0,0,0,0,1,1,2,2,26,6,1560,2,-1,-1,1,-1
2015300016705,2,9,0,4,0,0,0,0,0,0,2,1,2,1,49,8,1968,2,-1,-1,1,-1
2015300016705,3,9,0,3,0,0,0,0,0,0,2,1,6,1,31,6,1910,2,7,-1,1,-1
2015300016705,4,9,0,3,0,0,0,0,0,0,2,1,6,1,68,10,1598,2,-1,-1,1,-1
2015300016707,1,9,0,4,0,0,0,0,0,0,2,1,6,1,61,9,1968,2,-1,-1,1,-1
2015300016707,2,9,0,4,0,0,0,0,0,0,2,1,6,1,44,7,2143,2,-1,-1,3,-1
2015300016707,3,9,0,4,0,0,0,0,0,0,2,1,6,1,46,8,2967,2,4,-1,1,-1
2015300016707,4,9,0,4,0,0,0,0,0,0,2,1,1,2,45,7,1598,2,-1,-1,-1,-1
2015300016707,5,19,0,4,0,0,0,0,0,0,1,1,1,1,28,6,-1,-1,-1,-1,1,-1
2015300016710,1,9,0,7,0,5,0,0,0,0,4,1,2,2,19,4,1242,1,14,-1,1,-1
2015300016712,1,9,0,7,0,2,1,0,0,0,3,1,6,1,31,6,1560,2,8,-1,1,-1
2015300016712,2,9,0,9,0,1,0,0,0,0,3,1,6,1,24,5,1461,2,10,-1,1,-1
2015300016716,1,9,0,18,0,8,0,7,0,0,1,1,6,2,72,10,999,1,-1,-1,3,-1
2015300016716,2,9,0,9,0,8,0,0,0,0,4,1,6,1,59,9,998,1,15,-1,1,-1
2015300016720,1,9,0,18,0,0,0,0,0,0,1,1,6,1,36,7,1598,2,3,-1,1,-1
2015300016720,2,9,0,3,0,0,0,0,0,0,2,1,1,1,21,5,1587,1,12,-1,1,-1
2015300016723,1,9,0,4,0,1,0,0,0,0,4,1,1,2,34,6,1598,1,4,-1,-1,-1
2015300016723,2,1,0,18,0,1,0,0,0,0,1,1,6,1,50,8,-1,-1,-1,-1,-1,-1
2015300016725,1,21,4,18,0,0,0,0,0,0,3,1,1,1,42,7,12740,2,2,-1,1,-1
2015300016727,1,9,0,10,0,1,0,0,0,0,4,1,1,2,36,7,1396,1,4,-1,-1,-1
2015300016727,2,1,0,18,0,1,0,0,0,0,1,1,6,1,15,3,-1,-1,-1,-1,-1,-1
2015300016736,1,9,0,18,0,2,0,0,0,0,1,1,6,2,23,5,1149,1,11,-1,3,-1
2015300016742,1,9,0,17,0,0,0,0,0,0,3,1,6,1,78,11,1968,2,-1,-1,1,-1
2015300016742,2,19,0,16,0,0,1,0,1,10,3,1,1,1,59,9,2461,2,4,-1,1,-1
2015300016743,1,11,0,17,0,0,0,0,0,0,1,1,1,1,50,8,6370,2,14,-1,3,-1
2015300016743,2,1,0,18,0,0,0,0,1,0,3,1,4,1,13,3,-1,-1,-1,-1,1,-1
2015300016744,1,9,0,18,0,0,0,0,0,0,4,1,6,2,-1,-1,1199,2,-1,-1,1,-1
2015300016745,1,5,0,16,0,2,0,0,8,10,2,1,6,1,39,7,599,1,20,-1,1,-1
2015300016745,2,9,0,18,0,1,0,0,0,0,1,1,1,1,62,9,-1,-1,-1,-1,1,-1
2015300016748,1,9,0,18,0,0,0,0,0,0,1,1,6,1,-1,-1,1968,2,3,-1,3,-1
2015300016748,2,1,0,18,0,0,1,0,0,0,2,1,2,1,23,5,-1,-1,-1,-1,1,-1
2015300016751,1,9,0,18,0,8,0,0,0,0,1,1,6,1,57,9,1560,2,8,-1,1,-1
2015300016751,2,9,0,9,0,5,0,0,0,0,2,1,6,2,25,5,973,1,12,-1,1,-1
2015300016752,1,21,0,16,0,1,0,0,0,0,1,1,1,1,59,9,-1,-1,-1,-1,1,-1
2015300016753,1,9,0,4,0,1,0,0,0,0,1,1,6,2,57,9,1339,1,10,-1,1,-1
2015300016753,2,9,0,4,0,1,0,0,0,0,2,1,6,1,60,9,2179,2,1,-1,1,-1
2015300016754,1,9,0,9,0,8,0,0,0,0,1,1,6,1,73,10,3456,8,3,-1,3,-1
2015300016755,1,9,0,17,0,0,0,0,1,10,1,1,6,1,27,6,1299,1,15,-1,1,-1
2015300016756,1,9,0,12,0,8,0,0,0,0,3,1,2,2,22,5,1968,2,6,-1,3,-1
2015300016756,2,90,0,18,0,8,0,0,0,0,4,1,1,1,54,8,-1,-1,-1,-1,1,-1
2015300016757,1,9,0,9,0,6,0,0,0,0,3,1,6,1,59,9,1975,1,11,-1,1,-1
2015300016757,2,9,0,18,0,8,0,0,0,0,1,1,6,1,62,9,1246,1,8,-1,1,-1
2015300016759,1,9,0,18,0,2,0,7,0,0,1,1,6,1,36,7,1997,2,7,-1,1,-1
2015300016760,1,9,0,4,0,1,0,0,0,0,4,1,1,1,37,7,1995,2,6,-1,1,-1
2015300016760,2,1,0,18,0,1,1,0,0,0,0,1,6,1,15,3,-1,-1,-1,-1,1,-1
2015300016762,1,9,0,18,0,1,0,0,0,0,1,1,6,2,61,9,1388,1,7,-1,1,-1
2015300016763,1,9,0,5,0,6,0,0,0,0,1,1,6,1,74,10,1398,2,4,-1,-1,-1
2015300016763,2,9,0,16,0,8,0,0,0,0,1,1,6,1,48,8,1896,2,10,-1,1,-1
2015300016766,1,9,0,18,0,8,0,0,0,0,1,1,6,2,51,8,1461,2,4,-1,1,-1
2015300016766,2,9,0,5,0,6,0,0,0,0,1,1,6,1,20,4,1794,1,15,-1,1,-1
2015300016767,1,9,0,18,0,0,0,0,0,0,1,1,6,1,27,6,1587,1,16,-1,1,-1
2015300016775,1,19,0,5,0,0,0,0,0,0,4,1,1,1,43,7,2187,2,12,-1,1,-1
2015300016775,2,9,0,18,0,0,0,0,0,0,1,1,6,1,35,6,-1,-1,-1,-1,-1,-1
2015300016780,1,9,0,13,0,0,0,0,0,0,4,1,6,1,64,9,1582,2,3,-1,1,-1
2015300016780,2,1,0,18,0,0,0,0,0,0,3,1,6,1,66,10,-1,-1,-1,-1,-1,-1
2015300016782,1,3,0,18,0,1,0,0,1,0,4,1,6,1,19,4,125,1,5,-1,-1,-1
2015300016782,2,9,0,9,0,8,0,0,0,0,4,1,6,2,78,11,1868,2,13,-1,-1,-1
2015300016782,3,9,0,18,0,1,0,1,0,0,1,1,6,1,42,7,1242,1,8,-1,-1,-1
2015300016784,1,9,0,18,0,1,1,0,0,0,1,1,6,1,-1,-1,1461,2,-1,-1,1,-1
2015300016784,2,9,0,3,0,1,0,0,0,0,2,1,6,2,23,5,1796,1,13,-1,1,-1
2015300016786,1,9,0,18,0,1,0,0,0,0,1,1,6,2,-1,-1,-1,-1,-1,-1,-1,-1
2015300016788,1,21,1,17,0,0,0,0,0,0,3,1,1,1,39,7,12900,2,3,-1,1,-1
2015300016788,2,9,0,16,0,0,0,0,0,0,1,1,2,1,55,8,1461,2,2,-1,-1,-1
2015300016791,1,9,0,18,0,2,0,0,0,0,1,1,6,2,69,10,998,1,1,-1,1,-1
2015300016792,1,9,0,5,0,4,0,0,0,0,1,1,6,1,30,6,1368,1,9,-1,-1,-1
2015300016792,2,1,0,18,0,8,0,0,0,0,1,1,2,1,51,8,-1,-1,-1,-1,-1,-1
2015300016793,1,9,0,18,0,6,0,0,0,0,2,1,6,2,41,7,2688,2,14,-1,1,-1
2015300016793,2,9,0,18,0,8,0,0,0,0,3,1,6,1,32,6,1896,2,16,-1,3,-1
2015300016793,3,9,0,18,0,8,0,0,0,0,1,1,6,1,45,7,1995,2,5,-1,1,-1
2015300016794,1,9,0,4,0,1,0,0,0,0,1,1,6,1,33,6,1910,2,10,-1,1,-1
2015300016798,1,3,0,17,0,3,1,0,0,0,0,1,2,1,27,6,124,1,6,-1,1,-1
2015300016800,1,9,0,18,0,0,0,0,0,0,1,1,6,2,67,10,1108,1,15,-1,1,-1
2015300016800,2,9,0,2,0,0,0,0,0,0,1,1,6,1,-1,-1,1596,1,3,-1,1,-1
2015300016809,1,9,0,18,0,0,0,0,0,0,4,1,6,1,47,8,1995,2,4,-1,1,-1
2015300016809,2,90,0,2,0,0,0,0,0,0,0,1,6,3,-1,-1,-1,-1,-1,-1,-1,-1
2015300016810,1,9,0,7,0,2,0,0,0,0,1,1,6,1,19,4,1199,1,11,-1,1,-1
2015300016811,1,9,0,2,0,0,0,0,0,0,2,1,6,2,19,4,1199,1,11,-1,1,-1
2015300016811,2,19,0,18,0,0,0,4,0,0,1,1,6,1,44,7,2198,2,9,-1,1,-1
2015300016812,1,9,0,17,0,0,2,0,1,0,1,1,6,2,46,8,1796,1,13,-1,2,-1
2015300016815,1,9,0,17,0,0,1,0,1,0,1,1,2,1,26,6,1149,1,14,-1,1,-1
2015300016815,2,9,0,2,9,0,0,0,0,0,3,1,6,1,75,10,4511,1,12,-1,1,-1
2015300016817,1,9,0,18,0,8,0,4,1,10,1,1,6,2,18,4,1299,1,10,-1,1,-1
2015300016817,2,9,0,9,0,5,0,0,0,0,1,1,6,1,24,5,1781,1,10,-1,1,-1
2015300016817,3,9,0,2,0,2,0,0,0,0,4,1,6,2,31,6,1991,2,9,-1,1,-1
2015300016823,1,9,0,7,0,3,0,0,0,0,1,1,6,1,45,7,2521,1,8,-1,1,-1
2015300016823,2,1,0,18,0,2,0,0,0,0,4,1,6,1,14,3,-1,-1,-1,-1,1,-1
2015300016824,1,9,0,18,0,0,0,0,1,0,1,1,6,2,42,7,1388,1,13,-1,-1,-1
2015300016824,2,9,0,18,0,0,0,0,0,0,1,1,6,1,24,5,999,1,-1,-1,1,-1
2015300016827,1,19,0,18,0,1,0,0,0,0,2,1,6,3,-1,-1,-1,-1,-1,-1,-1,-1
2015300016827,2,9,0,18,0,1,0,0,0,0,2,1,6,1,33,6,1560,2,8,-1,2,-1
2015300016829,1,9,0,5,0,1,0,0,0,0,1,1,6,1,40,7,1753,2,6,-1,1,-1
2015300016829,2,9,0,8,0,1,0,0,0,0,2,1,6,2,71,10,1840,1,15,-1,3,-1
2015300016831,1,90,0,1,0,1,0,0,0,0,2,1,6,1,-1,-1,-1,-1,-1,-1,-1,-1
2015300016833,1,9,0,4,0,0,0,0,0,0,1,1,6,1,-1,-1,1398,1,5,-1,1,-1
2015300016833,2,9,0,3,0,0,0,0,0,0,2,1,1,1,34,6,1995,2,-1,-1,1,-1
2015300016835,1,5,0,18,0,1,0,0,0,0,1,1,6,1,21,5,919,1,9,-1,1,-1
2015300016835,2,5,0,5,0,4,0,0,0,0,2,1,6,1,20,4,600,1,9,-1,1,-1
2015300016836,1,9,0,18,0,0,0,0,0,0,1,1,6,1,31,6,1590,1,17,-1,1,-1
2015300016836,2,9,0,3,0,0,0,7,4,6,2,1,6,1,49,8,1560,2,10,-1,1,-1
2015300016838,1,9,0,13,0,8,0,0,7,10,1,1,6,1,50,8,5000,1,6,-1,1,-1
2015300016838,2,9,0,9,0,5,0,0,7,10,3,1,6,1,40,7,1995,2,-1,-1,2,-1
2015300016839,1,9,0,18,0,4,0,0,0,0,1,1,2,1,28,6,1686,2,4,-1,1,-1
2015300016839,2,1,0,18,0,8,0,0,0,0,4,1,6,1,40,7,-1,-1,-1,-1,2,-1
2015300016841,1,3,0,5,0,1,0,0,0,0,2,1,1,1,17,4,124,1,7,-1,1,-1
2015300016841,2,9,0,5,0,1,0,0,0,0,1,1,6,2,-1,-1,1328,1,2,-1,-1,-1
2015300016863,1,21,1,5,0,6,0,0,0,0,3,1,1,1,53,8,12419,2,-1,-1,1,-1
2015300016863,2,21,1,12,0,8,0,0,0,0,3,2,1,3,-1,-1,-1,-1,-1,-1,-1,-1
2015300016863,3,9,0,18,0,8,1,0,0,0,1,1,6,2,36,7,1242,1,11,-1,1,-1
2015300016865,1,9,0,16,0,0,1,0,1,10,1,1,2,1,19,4,-1,-1,-1,-1,2,-1
2015300016868,1,9,0,18,0,0,0,0,0,0,1,1,6,1,47,8,1328,1,12,-1,2,-1
2015300016872,1,9,0,18,0,0,0,0,0,0,1,1,3,2,35,6,1560,2,1,-1,1,-1
2015300016874,1,9,0,18,0,1,0,0,0,0,1,1,6,2,64,9,1598,1,11,-1,2,-1
2015300016875,1,9,0,18,0,0,0,0,7,10,1,1,6,1,24,5,1910,2,10,-1,1,-1
2015300016876,1,4,0,18,0,8,0,0,0,0,1,1,2,1,50,8,450,1,9,-1,-1,-1
2015300016882,1,9,0,5,0,4,0,0,0,0,1,1,6,2,27,6,1199,1,13,-1,-1,-1
2015300016882,2,9,0,3,0,4,0,0,0,0,2,1,6,2,63,9,1596,1,13,-1,2,-1
2015300016883,1,9,0,18,0,1,0,0,7,10,1,1,6,2,23,5,1242,1,4,-1,2,-1
2015300016885,1,9,0,18,0,6,0,0,0,0,1,1,6,2,24,5,1497,8,6,-1,1,-1
2015300016885,2,9,0,18,0,8,0,0,0,0,1,1,1,1,50,8,2143,2,1,-1,1,-1
2015300016889,1,9,0,10,0,8,0,0,0,0,2,1,6,2,18,4,1242,1,-1,-1,2,-1
2015300016889,2,9,0,18,0,1,0,0,0,0,1,1,6,1,35,6,1124,1,14,-1,2,-1
2015300016890,1,19,0,9,0,2,0,0,0,0,4,1,1,1,40,7,1598,2,-1,-1,-1,-1
2015300016890,2,9,0,18,0,1,0,0,0,0,3,1,6,1,70,10,1560,2,1,-1,-1,-1
2015300016893,1,90,0,1,0,0,0,0,0,0,2,1,6,2,-1,-1,-1,-1,-1,-1,-1,-1
2015300016898,1,1,0,18,0,8,0,0,0,0,1,1,6,1,30,6,-1,-1,-1,-1,1,-1
2015300016898,2,8,0,9,0,5,0,0,0,0,1,1,6,1,25,5,2198,2,1,-1,1,-1
2015300016906,1,9,0,9,0,2,0,0,0,0,1,1,1,1,48,8,1596,1,11,-1,-1,-1
2015300016907,1,9,0,4,0,1,0,0,0,0,1,1,6,2,28,6,1461,2,9,-1,1,-1
2015300016907,2,9,0,3,0,1,0,0,0,0,2,1,6,1,49,8,2967,2,-1,-1,1,-1
2015300016908,1,3,0,9,0,8,0,0,0,0,4,1,6,1,17,4,125,1,2,-1,1,-1
2015300016908,2,9,0,18,0,8,0,0,0,0,1,1,6,1,60,9,1398,1,5,-1,1,-1
2015300016909,1,9,0,18,0,1,0,0,0,0,4,1,6,2,56,9,999,1,1,-1,1,-1
2015300016910,1,3,0,4,0,8,1,0,0,0,3,1,6,1,35,6,125,1,11,-1,1,-1
2015300016910,2,90,0,9,0,6,0,0,0,0,4,1,6,3,-1,-1,-1,-1,-1,-1,-1,-1
2015300016913,1,9,0,18,0,1,2,0,8,10,1,1,6,1,28,6,1199,1,13,-1,1,-1
2015300016914,1,9,0,18,0,1,0,0,0,0,1,1,6,1,19,4,1396,1,17,-1,-1,-1
2015300016914,2,9,0,5,0,6,0,0,0,0,3,1,6,1,44,7,1749,1,14,-1,1,-1
2015300016916,1,9,0,18,0,0,0,0,0,0,1,1,6,1,18,4,1596,1,5,-1,3,-1
2015300016918,1,9,0,18,0,0,0,0,0,0,1,1,6,2,27,6,1598,1,8,-1,2,-1
2015300016918,2,9,0,18,0,0,0,0,0,0,2,1,6,1,20,4,3498,1,-1,-1,1,-1
2015300016924,1,9,0,18,0,1,0,0,0,0,1,1,6,2,-1,-1,-1,-1,-1,-1,-1,-1
2015300016924,2,9,0,10,0,1,0,0,0,0,2,1,6,2,-1,-1,1229,1,9,-1,2,-1
2015300016926,1,9,0,18,0,0,0,4,0,0,1,1,6,1,55,8,1461,2,1,-1,1,-1
2015300016926,2,9,0,3,0,0,0,4,0,0,2,1,6,1,40,7,1995,2,3,-1,-1,-1
2015300016926,3,9,0,2,0,0,0,0,0,0,2,1,6,2,45,7,1840,1,13,-1,1,-1
2015300016929,1,9,0,16,0,0,0,0,7,4,1,1,6,2,23,5,1364,1,-1,-1,1,-1
2015300016945,1,21,0,18,0,8,0,0,0,0,1,1,1,1,35,6,12580,2,9,-1,1,-1