Accident_Index,Vehicle_Reference,Vehicle_Type,Towing_and_Articulation,Vehicle_Manoeuvre,Vehicle_Location-Restricted_Lane,Junction_Location,Skidding_and_Overturning,Hit_Object_in_Carriageway,Vehicle_Leaving_Carriageway,Hit_Object_off_Carriageway,1st_Point_of_Impact,Was_Vehicle_Left_Hand_Drive?,Journey_Purpose_of_Driver,Sex_of_Driver,Age_of_Driver,Age_Band_of_Driver,Engine_Capacity_(CC),Propulsion_Code,Age_of_Vehicle,Driver_IMD_Decile,Driver_Home_Area_Type,Vehicle_IMD_Decile
2015300016945,2,9,0,18,0,8,0,0,0,0,2,1,2,1,23,5,1896,2,7,-1,2,-1
2015300016948,1,9,0,18,0,0,1,0,5,6,1,1,6,1,51,8,2143,2,-1,-1,3,-1
2015300016948,2,9,0,18,0,0,0,0,0,0,1,1,6,1,47,8,998,1,-1,-1,1,-1
2015300016948,3,9,0,18,0,0,0,0,0,0,4,1,6,1,39,7,1997,2,11,-1,2,-1
2015300016948,4,9,0,18,0,0,0,0,0,0,1,1,6,1,31,6,1198,1,10,-1,-1,-1
2015300016948,5,9,0,18,0,0,0,0,0,0,3,1,6,1,29,6,1560,2,10,-1,2,-1
2015300016949,1,9,0,9,0,6,0,0,0,0,3,1,6,1,-1,-1,998,1,10,-1,-1,-1
2015300016949,2,9,0,18,0,8,0,0,0,0,3,1,6,2,30,6,973,1,14,-1,1,-1
2015300016954,1,9,0,5,0,1,0,0,0,0,1,1,1,1,25,5,-1,-1,-1,-1,1,-1
2015300016954,2,9,0,8,0,1,0,0,0,0,2,1,2,1,51,8,1598,1,17,-1,2,-1
2015300016956,1,19,0,1,0,0,0,0,0,0,2,1,1,1,59,9,2143,2,2,-1,1,-1
2015300016962,1,9,0,16,0,0,1,0,0,0,1,1,6,2,36,7,2000,1,15,-1,1,-1
2015300016962,2,9,0,17,0,0,5,0,1,0,2,1,1,1,54,8,-1,-1,-1,-1,3,-1
2015300016963,1,19,0,5,0,1,0,0,0,0,1,1,1,1,26,6,1753,2,11,-1,1,-1
2015300016963,2,9,0,3,0,1,0,0,0,0,2,1,1,1,36,7,1229,1,10,-1,1,-1
2015300016964,1,9,0,7,0,5,0,0,0,0,4,1,6,2,33,6,1686,2,11,-1,1,-1
2015300016964,2,1,0,18,0,1,0,0,0,0,1,1,2,2,31,6,-1,-1,-1,-1,-1,-1
2015300016969,1,9,0,2,0,2,0,0,0,0,1,1,6,1,18,4,1149,1,13,-1,1,-1
2015300016969,2,1,0,18,0,1,0,4,0,0,1,1,6,1,50,8,-1,-1,-1,-1,-1,-1
2015300016970,1,9,0,3,0,0,0,0,0,0,2,1,2,2,52,8,2143,2,2,-1,1,-1
2015300016970,2,90,0,18,0,0,0,0,0,0,1,1,6,3,-1,-1,-1,-1,-1,-1,-1,-1
2015300016980,1,9,0,1,0,0,0,0,0,0,2,1,6,2,-1,-1,-1,-1,-1,-1,-1,-1
2015300016982,1,9,0,17,0,0,0,0,0,0,1,1,1,2,25,5,1061,1,11,-1,1,-1
2015300016982,2,19,0,2,0,0,0,0,0,0,2,1,6,1,-1,-1,1998,2,14,-1,1,-1
2015300016983,1,9,0,11,0,0,0,0,1,0,2,1,6,1,64,9,1368,1,4,-1,-1,-1
2015300016983,2,19,0,18,0,0,0,0,0,0,1,1,6,1,42,7,1998,2,10,-1,1,-1
2015300016984,1,3,0,18,0,8,0,0,1,0,1,1,6,1,17,4,125,1,6,-1,1,-1
2015300016984,2,9,0,9,0,5,0,0,0,0,4,1,2,2,46,8,2953,2,12,-1,2,-1
2015300016985,1,10,0,7,0,6,0,0,0,0,1,1,1,2,53,8,2148,2,5,-1,1,-1
2015300016985,2,1,0,18,0,8,0,0,0,0,1,1,6,1,-1,-1,-1,-1,-1,-1,2,-1
2015300016988,1,9,0,14,0,0,0,4,1,0,1,1,6,1,28,6,1986,2,8,-1,-1,-1
2015300016988,2,19,0,2,0,0,0,0,0,0,2,1,6,1,24,5,2198,2,3,-1,-1,-1
2015300016989,1,9,0,18,0,8,0,0,0,0,1,1,6,2,46,8,1229,1,7,-1,1,-1
2015300016989,2,9,0,9,0,8,0,0,0,0,4,1,6,2,61,9,2184,2,9,-1,1,-1
2015300016991,1,9,0,18,0,4,0,0,0,0,1,1,6,1,42,7,1896,2,12,-1,3,-1
2015300016991,2,9,0,18,0,8,0,0,0,0,1,1,6,2,45,7,1798,1,8,-1,1,-1
2015300016992,1,9,0,4,0,1,0,0,0,0,4,1,6,1,40,7,998,1,11,-1,-1,-1
2015300016992,2,1,0,18,4,1,0,0,0,0,1,1,6,1,-1,-1,-1,-1,-1,-1,1,-1
2015300016994,1,5,0,17,0,1,1,0,7,4,4,1,6,1,76,11,1198,1,1,-1,1,-1
2015300016995,1,9,0,18,0,0,0,0,0,0,1,1,6,1,40,7,1997,2,-1,-1,1,-1
2015300016996,1,1,0,18,0,6,0,0,0,0,3,1,6,1,21,5,-1,-1,-1,-1,1,-1
2015300016996,2,9,0,18,0,8,0,0,0,0,1,1,6,2,25,5,1596,1,7,-1,-1,-1
2015300016997,1,9,0,9,0,5,0,0,0,0,1,1,6,2,47,8,1398,1,2,-1,1,-1
2015300016997,2,1,0,18,0,8,0,0,0,0,3,1,2,1,59,9,-1,-1,-1,-1,1,-1
2015300016998,1,9,0,18,0,0,1,0,8,6,3,1,2,1,32,6,-1,-1,-1,-1,1,-1
2015300017001,1,9,0,1,0,6,0,0,0,0,2,1,6,2,47,8,1956,2,2,-1,-1,-1
2015300017001,2,90,0,18,0,1,0,0,0,0,1,1,6,2,65,9,-1,-1,-1,-1,-1,-1
2015300017003,1,9,0,9,0,6,0,0,0,0,1,1,6,1,70,10,1461,2,-1,-1,1,-1
2015300017003,2,9,0,18,0,8,5,0,7,10,1,1,6,1,32,6,1999,1,8,-1,1,-1
2015300017010,1,9,0,17,0,0,5,0,1,10,4,1,6,1,36,7,1598,1,9,-1,1,-1
2015300017012,1,9,0,18,0,6,5,0,1,10,3,1,6,2,62,9,-1,-1,-1,-1,3,-1
2015300017012,2,9,0,18,0,8,0,0,0,0,1,1,6,1,50,8,1560,2,6,-1,3,-1
2015300017013,1,19,0,1,0,1,0,0,0,0,2,1,6,1,-1,-1,2500,2,17,-1,-1,-1
2015300017013,2,9,0,3,0,2,0,0,0,0,1,1,6,1,52,8,3301,1,10,-1,3,-1
2015300017016,1,9,0,18,0,8,0,0,7,0,1,1,6,2,23,5,1997,2,15,-1,1,-1
2015300017016,2,9,0,9,0,5,0,0,0,0,1,1,6,1,-1,-1,1598,1,14,-1,-1,-1
2015300017018,1,9,0,2,0,0,0,0,0,0,0,1,6,1,49,8,2495,2,19,-1,-1,-1
2015300017018,2,9,0,14,0,0,0,0,0,0,2,1,6,2,43,7,1598,1,5,-1,3,-1
2015300017018,3,9,0,14,0,0,0,0,0,0,2,1,6,1,51,8,-1,-1,-1,-1,-1,-1
2015300017018,4,90,0,14,0,0,1,0,0,0,1,1,6,3,-1,-1,-1,-1,-1,-1,-1,-1
2015300017018,5,9,0,14,0,0,1,0,0,0,1,1,6,2,59,9,1995,2,5,-1,1,-1
2015300017019,1,9,0,18,0,2,0,0,0,0,4,1,6,3,85,11,-1,-1,-1,-1,-1,-1
2015300017020,1,9,0,18,0,4,0,0,0,0,3,1,6,1,57,9,1999,1,10,-1,1,-1
2015300017020,2,9,0,18,0,8,0,0,0,0,1,1,6,1,19,4,1364,1,7,-1,-1,-1
2015300017020,3,9,0,3,0,1,0,0,0,0,3,1,6,2,49,8,1560,2,1,-1,1,-1
2015300017023,1,9,0,9,0,6,0,0,0,0,1,1,3,2,35,6,1388,1,7,-1,1,-1
2015300017023,2,9,0,18,0,8,0,0,0,0,1,1,2,2,44,7,1598,2,1,-1,1,-1
2015300017024,1,9,0,2,0,0,0,0,0,0,2,1,2,2,38,7,1388,1,13,-1,1,-1
2015300017024,2,9,0,12,0,0,1,0,0,0,1,1,2,1,74,10,1968,2,7,-1,1,-1
2015300017025,1,9,0,18,0,8,0,0,0,0,1,1,2,2,60,9,1596,1,9,-1,2,-1
2015300017025,2,9,0,9,0,5,0,0,0,0,1,1,2,1,41,7,2598,1,16,-1,-1,-1
2015300017026,1,9,0,9,0,3,0,0,0,0,1,1,6,1,39,7,1242,1,15,-1,-1,-1
2015300017026,2,90,0,2,0,1,0,0,0,0,3,1,6,1,56,9,-1,-1,-1,-1,-1,-1
2015300017027,1,9,0,4,0,0,0,0,0,0,2,1,1,1,22,5,998,1,-1,-1,2,-1
2015300017027,2,9,0,4,0,0,0,0,0,0,1,1,6,2,41,7,1329,1,6,-1,1,-1
2015300017032,1,90,0,1,0,6,0,0,0,0,0,1,1,3,-1,-1,-1,-1,-1,-1,-1,-1
2015300017032,2,9,0,18,0,1,0,0,0,0,0,1,6,2,29,6,1598,1,8,-1,1,-1
2015300017034,1,9,0,5,0,2,0,0,7,10,3,1,6,1,39,7,1999,1,12,-1,1,-1
2015300017034,2,9,0,18,0,2,0,0,7,10,1,1,6,2,23,5,1390,1,9,-1,1,-1
2015300017036,1,9,0,18,0,0,0,0,0,0,1,1,1,1,60,9,-1,-1,-1,-1,1,-1
2015300017036,2,9,0,18,0,0,0,0,0,0,2,1,6,2,26,6,998,1,2,-1,1,-1
2015300017036,3,9,0,18,0,0,0,0,0,0,2,1,6,1,21,5,1422,2,7,-1,1,-1
2015300017037,1,9,0,5,0,4,0,0,0,0,1,1,6,1,60,9,1398,1,1,-1,-1,-1
2015300017037,2,1,0,18,0,8,0,0,0,0,2,1,6,1,46,8,-1,-1,-1,-1,1,-1
2015300017039,1,9,0,1,9,5,0,0,0,0,2,1,2,1,58,9,1598,2,4,-1,1,-1
2015300017041,1,19,0,13,0,0,0,0,0,0,4,1,6,3,-1,-1,-1,-1,-1,-1,-1,-1
2015300017041,2,1,0,18,0,0,0,0,0,0,2,1,6,1,38,7,-1,-1,-1,-1,1,-1
2015300017042,1,9,0,18,0,0,0,0,0,0,1,1,6,1,20,4,1896,2,17,-1,1,-1
2015300017042,2,9,0,18,0,0,0,0,0,0,2,1,1,2,22,5,875,1,1,-1,1,-1
2015300017043,1,9,0,18,0,4,0,0,0,0,1,1,1,1,28,6,1686,2,3,-1,1,-1
2015300017043,2,1,0,9,0,8,0,0,0,0,4,1,1,1,-1,-1,-1,-1,-1,-1,-1,-1
2015300017044,1,9,0,18,0,1,1,0,0,0,3,1,6,1,38,7,1896,2,13,-1,1,-1
2015300017044,2,9,0,18,0,2,0,0,0,0,3,1,6,1,29,6,1598,2,2,-1,1,-1
2015300017045,1,9,0,18,0,3,0,0,0,0,1,1,6,2,19,4,1199,2,4,-1,1,-1
2015300017046,1,9,0,9,0,6,0,0,0,0,1,1,6,2,17,4,-1,-1,-1,-1,2,-1
2015300017046,2,9,0,18,0,8,0,0,0,0,3,1,2,2,20,4,-1,-1,-1,-1,1,-1
2015300017047,1,9,0,17,0,0,2,0,1,10,1,1,6,1,19,4,3189,1,10,-1,1,-1
2015300017049,1,20,0,7,0,3,0,0,0,0,4,1,6,3,-1,-1,-1,-1,-1,-1,-1,-1
2015300017049,2,3,0,18,0,8,0,0,0,0,3,1,6,1,49,8,124,1,1,-1,-1,-1
2015300017053,1,9,0,18,0,0,2,0,0,0,0,1,4,2,17,4,2495,2,11,-1,3,-1
2015300017056,1,9,0,9,9,5,0,0,7,10,1,1,6,2,61,9,2231,2,2,-1,1,-1
2015300017059,1,9,0,18,0,1,0,0,0,0,1,1,2,2,-1,-1,1242,1,5,-1,-1,-1
2015300017059,2,1,0,18,0,1,0,0,0,0,2,1,4,1,13,3,-1,-1,-1,-1,1,-1
2015300017061,1,9,0,5,0,2,0,0,0,0,3,1,6,1,73,10,1995,1,2,-1,3,-1
2015300017061,2,9,0,18,0,1,0,0,0,0,1,1,6,2,47,8,1323,1,15,-1,3,-1
2015300017062,1,9,0,18,0,8,0,0,0,0,3,1,2,2,20,4,1598,2,5,-1,-1,-1
2015300017062,2,1,0,18,0,6,1,0,0,0,1,1,4,1,12,3,-1,-1,-1,-1,-1,-1
2015300017066,1,9,0,18,0,2,0,0,0,0,1,1,6,2,35,6,3000,2,15,-1,3,-1
2015300017066,2,9,0,4,0,2,0,0,0,0,2,1,6,2,47,8,2191,2,-1,-1,2,-1
2015300017066,3,9,0,4,0,2,0,0,0,0,2,1,6,2,64,9,1560,2,4,-1,3,-1
2015300017068,1,9,0,9,0,5,0,0,0,0,1,1,6,1,33,6,1242,1,8,-1,-1,-1
2015300017068,2,1,0,18,0,8,0,0,0,0,3,1,6,1,36,7,-1,-1,-1,-1,-1,-1
2015300017070,1,9,0,18,0,8,0,0,0,0,2,1,6,1,46,8,2143,2,-1,-1,3,-1
2015300017070,2,9,0,18,0,8,0,0,0,0,1,1,2,2,43,7,1598,1,4,-1,-1,-1
2015300017072,1,9,0,4,0,0,0,0,0,0,2,1,6,2,31,6,1997,2,3,-1,3,-1
2015300017072,2,19,0,4,0,0,1,0,0,0,1,1,6,1,32,6,2402,2,7,-1,1,-1
2015300017072,3,9,0,18,0,0,0,0,0,0,1,1,6,1,34,6,2231,2,8,-1,1,-1
2015300017076,1,9,0,4,0,0,0,0,0,0,1,1,2,1,27,6,1998,2,12,-1,1,-1
2015300017076,2,9,0,3,0,0,0,0,0,0,2,1,6,1,38,7,2143,2,5,-1,1,-1
2015300017081,1,5,0,18,0,1,0,0,0,0,1,1,6,1,41,7,999,1,27,-1,1,-1
2015300017081,2,9,0,4,0,2,0,0,0,0,1,1,1,1,-1,-1,1686,2,3,-1,1,-1
2015300017082,1,9,0,9,0,6,0,0,0,0,4,1,2,2,34,6,1596,1,4,-1,-1,-1
2015300017082,2,3,0,18,0,8,0,0,0,0,1,1,2,1,18,4,125,1,-1,-1,-1,-1
2015300017083,1,9,0,18,0,1,0,0,0,0,1,1,2,1,30,6,1796,1,14,-1,1,-1
2015300017083,2,9,0,3,0,1,0,0,0,0,2,1,2,2,54,8,1388,1,13,-1,1,-1
2015300017084,1,3,0,17,0,8,1,0,0,0,0,1,6,2,19,4,125,1,-1,-1,1,-1
2015300017085,1,9,0,14,0,2,0,0,0,0,1,1,6,1,40,7,1896,2,12,-1,-1,-1
2015300017085,2,11,0,2,0,2,0,0,0,0,2,1,1,1,34,6,9000,2,10,-1,1,-1
2015300017091,1,20,0,4,0,1,0,0,0,0,1,1,1,1,-1,-1,-1,-1,-1,-1,-1,-1
2015300017091,2,9,0,3,0,1,0,0,0,0,2,1,6,1,57,9,1124,1,15,-1,1,-1
2015300017093,1,9,0,4,0,8,0,0,0,0,1,1,6,1,43,7,1995,2,2,-1,2,-1
2015300017093,2,9,0,4,0,8,0,0,0,0,2,1,1,2,30,6,1596,1,9,-1,1,-1
2015300017094,1,8,0,17,0,0,0,0,0,0,0,1,1,1,30,6,1996,2,4,-1,1,-1
2015300017095,1,9,0,18,0,1,0,0,0,0,1,1,6,1,43,7,1560,2,5,-1,1,-1
2015300017100,1,9,0,17,0,8,0,0,0,0,1,1,6,2,20,4,1242,1,1,-1,1,-1
2015300017100,2,11,0,18,2,6,0,0,0,0,1,1,6,1,27,6,4768,2,-1,-1,1,-1
2015300017101,1,9,0,9,0,2,0,0,0,0,1,1,6,1,41,7,1910,2,9,-1,1,-1
2015300017101,2,1,0,18,0,1,0,0,0,0,3,1,6,1,16,4,-1,-1,-1,-1,-1,-1
2015300017103,1,5,0,18,0,0,1,0,0,0,4,1,6,1,53,8,998,1,6,-1,1,-1
2015300017105,1,9,0,17,0,0,0,0,0,0,1,1,6,1,44,7,1781,1,15,-1,3,-1
2015300017105,2,9,0,16,0,0,0,0,0,0,1,1,6,2,53,8,1248,1,6,-1,1,-1
2015300017107,1,3,0,17,0,8,2,0,0,0,1,1,6,1,21,5,125,1,2,-1,1,-1
2015300017107,2,9,0,8,0,6,0,0,0,0,3,1,6,2,44,7,1086,1,9,-1,1,-1
2015300017108,1,19,0,18,0,0,0,0,0,0,2,1,1,1,26,6,1598,2,-1,-1,1,-1
2015300017108,2,8,0,18,0,0,0,0,0,0,2,1,1,1,32,6,1956,2,3,-1,1,-1
2015300017108,3,9,0,18,0,0,1,0,0,0,1,1,6,2,49,8,1598,1,3,-1,1,-1
2015300017110,1,9,0,5,0,4,0,0,7,3,1,1,6,1,90,11,1086,1,6,-1,1,-1
2015300017110,2,9,0,5,0,4,0,0,0,0,1,1,6,2,55,8,1598,2,4,-1,2,-1
2015300017113,1,9,0,18,0,4,0,0,0,0,1,1,6,2,59,9,1598,1,-1,-1,1,-1
2015300017113,2,9,0,18,0,8,0,0,0,0,4,1,6,1,21,5,1242,1,10,-1,1,-1
2015300017117,1,9,0,17,0,0,5,0,1,10,4,1,6,1,47,8,1900,2,10,-1,1,-1
2015300017122,1,9,0,9,0,5,0,0,0,0,3,1,6,1,42,7,1998,2,8,-1,1,-1
2015300017122,2,3,0,13,0,8,0,0,7,0,4,1,6,1,18,4,124,1,1,-1,1,-1
2015300017122,3,9,0,2,9,2,0,0,0,0,1,1,6,1,-1,-1,1499,1,1,-1,-1,-1
2015300017122,4,9,0,2,6,2,0,0,0,0,3,1,6,1,-1,-1,1499,1,1,-1,-1,-1
2015300017124,1,9,0,1,0,0,0,0,0,0,2,1,6,1,34,6,2494,1,13,-1,2,-1
2015300017126,1,9,0,18,0,0,1,0,1,1,1,1,6,2,25,5,1198,1,3,-1,3,-1
2015300017126,2,9,0,18,0,0,1,0,0,0,1,1,6,1,77,11,2179,2,4,-1,3,-1
2015300017127,1,9,0,18,0,0,0,0,4,6,1,1,6,2,32,6,1995,1,12,-1,1,-1
2015300017128,1,9,0,4,0,0,0,0,0,0,2,1,6,1,36,7,1360,1,12,-1,-1,-1
2015300017128,2,9,0,18,0,0,0,0,0,0,2,1,1,2,31,6,1598,2,2,-1,-1,-1
2015300017128,3,9,0,18,0,0,0,0,0,0,1,1,2,1,20,4,2000,2,6,-1,1,-1
2015300017129,1,9,0,13,0,8,0,0,0,0,4,1,6,1,27,6,1596,1,8,-1,1,-1
2015300017129,2,9,0,9,0,5,0,0,0,0,3,1,2,1,56,9,1991,1,15,-1,1,-1
2015300017131,1,9,0,6,0,0,0,0,0,0,3,1,1,1,-1,-1,1968,2,5,-1,-1,-1
2015300017131,2,1,0,18,0,0,0,0,0,0,3,1,6,1,48,8,-1,-1,-1,-1,1,-1
2015300017132,1,9,0,18,0,0,5,0,7,10,3,1,6,1,18,4,1870,2,15,-1,1,-1
2015300017136,1,9,0,18,0,0,0,0,0,0,3,1,6,1,-1,-1,-1,-1,-1,-1,-1,-1
2015300017137,1,11,0,4,0,0,0,0,0,0,0,1,6,1,30,6,9000,2,5,-1,1,-1
2015300017139,1,9,0,3,0,0,0,0,0,0,2,1,6,1,19,4,1229,1,10,-1,3,-1
2015300017139,2,9,0,4,0,0,0,0,0,0,1,1,6,2,-1,-1,1332,1,10,-1,-1,-1
2015300017142,1,9,0,9,0,5,0,0,0,0,1,1,1,1,31,6,1686,2,3,-1,1,-1
2015300017142,2,8,0,18,0,8,0,0,0,0,1,1,6,1,35,6,1896,2,12,-1,1,-1
2015300017143,1,9,0,3,0,1,0,0,0,0,2,1,2,2,42,7,1796,1,7,-1,1,-1
2015300017143,2,9,0,4,0,1,1,0,0,0,1,1,2,1,17,4,1324,1,15,-1,1,-1
2015300017147,1,9,0,9,0,6,0,0,0,0,1,1,1,2,23,5,1388,1,11,-1,-1,-1
2015300017147,2,3,0,18,0,8,0,0,0,0,1,1,1,1,23,5,124,1,16,-1,-1,-1
2015300017150,1,9,0,18,0,0,1,0,1,10,1,1,2,2,20,4,1390,1,8,-1,3,-1
2015300017150,2,9,0,11,0,0,0,0,0,0,1,1,6,1,35,6,1461,2,1,-1,3,-1
2015300017153,1,9,0,7,0,5,0,0,0,0,4,1,6,1,41,7,2000,2,11,-1,1,-1
2015300017153,2,1,0,18,0,8,0,0,0,0,3,1,2,1,34,6,-1,-1,-1,-1,1,-1
2015300017154,1,1,0,18,0,8,0,0,0,0,1,1,6,1,-1,-1,-1,-1,-1,-1,1,-1
2015300017154,2,9,0,18,0,5,0,0,0,0,4,1,6,2,50,8,1560,2,5,-1,1,-1
2015300017155,1,9,0,18,0,0,0,0,0,0,1,1,6,1,45,7,3497,1,14,-1,3,-1
2015300017155,2,9,0,18,0,0,0,0,7,0,1,1,1,1,40,7,1968,2,2,-1,1,-1
2015300017156,1,4,0,4,0,0,2,4,0,0,3,1,6,1,51,8,892,1,21,-1,-1,-1
2015300017156,2,9,0,2,0,0,0,0,0,0,3,1,2,2,54,8,1598,2,1,-1,1,-1
2015300017157,1,3,0,9,0,8,0,0,0,0,4,1,2,1,18,4,124,1,32,-1,1,-1
2015300017157,2,9,0,18,5,8,0,0,0,0,1,1,2,1,53,8,1560,2,5,-1,1,-1
2015300017161,1,9,0,4,0,0,0,0,0,0,1,1,2,2,22,5,1242,1,6,-1,1,-1
2015300017165,1,19,0,18,0,8,0,0,0,0,1,1,1,1,21,5,2143,2,4,-1,1,-1
2015300017165,2,9,0,5,0,6,0,0,0,0,1,1,6,1,65,9,1951,2,10,-1,3,-1
2015300017167,1,9,0,18,0,2,0,0,0,0,4,1,6,1,59,9,1399,2,11,-1,1,-1
2015300017171,1,9,0,18,0,0,0,0,0,0,1,1,6,2,53,8,1560,2,10,-1,1,-1
2015300017172,1,9,0,18,0,0,0,0,0,0,2,1,6,1,25,5,1242,1,13,-1,1,-1
2015300017172,2,9,0,18,0,0,0,0,0,0,1,1,6,2,28,6,1390,1,5,-1,2,-1
2015300017176,1,1,0,5,0,6,0,0,0,0,1,1,6,1,15,3,-1,-1,-1,-1,1,-1
2015300017176,2,11,0,18,0,8,0,0,0,0,4,1,6,1,61,9,7300,2,7,-1,1,-1
2015300017177,1,9,0,17,0,8,0,0,1,0,3,1,6,1,58,9,2143,2,1,-1,1,-1
2015300017177,2,9,0,9,0,5,0,0,0,0,3,1,6,2,28,6,1246,1,10,-1,1,-1
2015300017186,1,9,0,9,0,5,0,0,0,0,1,1,6,2,51,8,1598,1,4,-1,1,-1
2015300017186,2,9,0,18,0,8,0,0,0,0,1,1,6,1,-1,-1,1582,2,7,-1,1,-1
2015300017187,1,9,0,4,0,0,0,0,0,0,2,1,2,2,37,7,1587,1,11,-1,3,-1
2015300017187,2,9,0,4,0,0,1,0,0,0,1,2,1,1,23,5,-1,-1,-1,-1,1,-1
2015300017187,3,9,0,4,0,0,1,0,0,0,1,1,1,1,53,8,-1,-1,-1,-1,1,-1
2015300017191,1,9,0,18,0,2,1,0,0,0,1,1,6,1,26,6,1242,1,8,-1,1,-1
2015300017191,2,9,0,5,0,8,0,0,0,0,0,1,6,2,65,9,1461,2,6,-1,1,-1
2015300017191,3,19,0,18,0,1,1,0,0,0,1,1,1,1,-1,-1,2402,2,8,-1,1,-1
2015300017193,1,19,0,9,6,4,0,0,0,0,1,1,1,1,52,8,2198,2,1,-1,-1,-1
2015300017193,2,1,0,18,0,8,0,0,0,0,4,1,1,1,58,9,-1,-1,-1,-1,1,-1
2015300017194,1,9,0,18,0,0,0,0,0,0,1,1,1,2,-1,-1,1598,1,8,-1,-1,-1
2015300017194,2,9,0,4,0,0,0,0,0,0,2,1,3,2,40,7,1242,1,12,-1,1,-1
2015300017196,1,9,0,16,0,0,0,0,0,0,1,1,2,1,28,6,1242,1,3,-1,-1,-1
2015300017196,2,9,0,17,0,0,0,0,0,0,1,1,1,1,49,8,1398,1,-1,-1,-1,-1
2015300017199,1,9,0,18,9,6,0,0,0,0,1,1,6,2,21,5,1390,1,3,-1,1,-1
2015300017199,2,1,0,18,9,8,0,0,0,0,4,1,6,2,18,4,-1,-1,-1,-1,1,-1
2015300017200,1,9,0,18,0,0,0,0,0,0,3,1,6,1,22,5,1997,1,14,-1,1,-1
2015300017200,2,9,0,18,0,0,0,0,0,0,3,1,6,2,35,6,1391,1,20,-1,1,-1
2015300017201,1,9,0,18,0,8,1,0,7,0,4,1,1,1,36,7,1686,2,1,-1,1,-1
2015300017201,2,9,0,5,0,6,1,0,7,10,1,1,1,1,33,6,998,1,14,-1,1,-1
2015300017202,1,21,1,13,0,0,0,0,0,0,1,1,1,1,54,8,12902,2,-1,-1,1,-1
2015300017202,2,9,0,18,0,0,0,0,0,0,2,1,1,1,53,8,1364,2,5,-1,1,-1
2015300017203,1,3,0,18,0,8,1,0,0,0,1,1,2,1,20,4,124,1,1,-1,1,-1
2015300017203,2,9,0,9,0,5,0,0,0,0,1,1,6,3,-1,-1,-1,-1,-1,-1,-1,-1
2015300017206,1,9,0,18,0,0,0,0,0,0,1,1,6,1,-1,-1,-1,-1,-1,-1,-1,-1
2015300017208,1,9,0,18,0,0,0,0,0,0,1,1,6,1,67,10,1198,1,11,-1,1,-1
2015300017210,1,9,0,14,0,2,0,0,0,0,4,1,6,1,70,10,1560,2,2,-1,-1,-1
2015300017210,2,90,0,2,0,2,0,0,0,0,0,1,6,1,44,7,-1,-1,-1,-1,1,-1
2015300017212,1,19,0,1,0,6,0,0,0,0,0,1,6,1,-1,-1,4580,2,2,-1,-1,-1
2015300017212,2,9,0,4,0,8,0,0,0,0,2,1,6,2,69,10,1368,1,4,-1,2,-1
2015300017212,3,21,0,18,0,8,0,0,0,0,1,1,6,1,60,9,10837,2,3,-1,1,-1
2015300017213,1,90,0,18,0,0,0,0,0,0,1,1,6,3,-1,-1,-1,-1,-1,-1,-1,-1
2015300017213,2,9,0,18,0,0,0,0,4,6,1,1,6,1,57,9,-1,-1,-1,-1,-1,-1
2015300017217,1,9,0,16,0,0,0,0,0,0,1,1,6,1,89,11,1396,1,17,-1,3,-1
2015300017217,2,9,0,17,0,0,0,0,0,0,1,1,6,1,45,7,2987,2,4,-1,1,-1
2015300017219,1,9,0,17,0,0,2,0,1,10,4,1,6,2,63,9,1973,1,16,-1,1,-1
2015300017222,1,9,0,9,0,6,0,0,0,0,1,1,2,2,59,9,998,1,9,-1,1,-1
2015300017222,2,1,0,18,0,8,0,0,0,0,1,1,6,1,37,7,-1,-1,-1,-1,1,-1
2015300017223,1,9,0,18,0,0,0,0,0,0,1,1,6,2,23,5,1206,1,6,-1,1,-1
2015300017227,1,9,0,5,0,4,0,0,0,0,3,1,2,1,39,7,-1,-1,-1,-1,1,-1
2015300017227,2,1,0,18,0,3,1,0,0,0,1,1,2,1,61,9,-1,-1,-1,-1,1,-1
2015300017229,1,21,1,4,0,0,0,0,0,0,1,1,1,1,50,8,11705,2,15,-1,3,-1
2015300017229,2,21,0,4,0,0,0,0,0,0,2,1,1,1,50,8,12740,2,1,-1,1,-1
2015300017230,1,20,1,12,0,2,0,0,0,0,1,1,1,1,50,8,-1,-1,-1,-1,1,-1
2015300017230,2,9,0,18,0,2,0,0,2,7,4,1,6,2,57,9,1598,2,3,-1,-1,-1
2015300017232,1,9,0,16,0,0,1,0,7,2,1,1,6,2,28,6,1590,1,13,-1,1,-1
2015300017235,1,9,0,14,0,2,0,4,0,0,1,1,6,2,39,7,1198,1,1,-1,1,-1
2015300017235,2,9,0,2,0,2,0,0,0,0,1,1,6,1,40,7,1998,2,13,-1,1,-1
2015300017238,1,9,0,18,0,6,0,0,0,0,1,1,6,1,30,6,-1,-1,-1,-1,1,-1
2015300017238,2,9,0,18,0,8,0,0,1,10,4,1,6,1,34,6,1995,2,4,-1,-1,-1
2015300017244,1,9,0,16,0,0,0,0,0,0,1,1,6,2,36,7,1398,2,10,-1,3,-1
2015300017244,2,20,0,17,0,0,0,0,0,0,1,1,1,1,46,8,4250,2,10,-1,-1,-1