Accident_Index,Vehicle_Reference,Vehicle_Type,Towing_and_Articulation,Vehicle_Manoeuvre,Vehicle_Location-Restricted_Lane,Junction_Location,Skidding_and_Overturning,Hit_Object_in_Carriageway,Vehicle_Leaving_Carriageway,Hit_Object_off_Carriageway,1st_Point_of_Impact,Was_Vehicle_Left_Hand_Drive?,Journey_Purpose_of_Driver,Sex_of_Driver,Age_of_Driver,Age_Band_of_Driver,Engine_Capacity_(CC),Propulsion_Code,Age_of_Vehicle,Driver_IMD_Decile,Driver_Home_Area_Type,Vehicle_IMD_Decile
2015300017245,1,9,0,18,0,8,0,0,7,1,1,1,6,1,22,5,1598,1,3,-1,1,-1
2015300017245,2,9,0,5,0,6,0,0,1,0,3,1,6,2,77,11,1149,1,10,-1,1,-1
2015300017246,1,9,0,18,0,0,0,0,0,0,3,1,6,2,49,8,1198,1,-1,-1,2,-1
2015300017247,1,9,0,18,0,0,0,0,0,0,1,1,6,1,15,3,1560,2,5,-1,1,-1
2015300017247,2,9,0,18,0,0,0,0,0,0,1,1,6,1,22,5,1390,1,10,-1,1,-1
2015300017247,3,9,0,18,0,0,0,0,0,0,1,1,1,1,49,8,2993,2,-1,-1,1,-1
2015300017248,1,9,0,18,0,0,0,0,0,0,1,1,6,1,-1,-1,1396,1,16,-1,1,-1
2015300017248,2,11,0,2,0,0,0,0,0,0,3,1,1,1,-1,-1,2148,2,9,-1,1,-1
2015300017252,1,9,0,18,0,0,0,0,0,0,1,1,6,2,37,7,1686,2,12,-1,-1,-1
2015300017255,1,9,0,4,0,1,0,0,0,0,1,1,1,1,-1,-1,2200,1,14,-1,2,-1
2015300017255,2,9,0,3,0,1,0,0,0,0,2,1,6,1,22,5,2200,1,14,-1,2,-1
2015300017257,1,9,0,18,0,0,0,0,0,0,1,1,6,1,87,11,1560,2,5,-1,2,-1
2015300017257,2,9,0,4,0,0,0,0,0,0,2,1,6,1,18,4,1199,1,14,-1,1,-1
2015300017257,3,9,0,4,0,0,0,0,0,0,2,1,2,1,73,10,-1,-1,-1,-1,1,-1
2015300017259,1,19,0,18,0,1,0,0,0,0,3,1,6,1,35,6,2800,2,13,-1,1,-1
2015300017260,1,9,0,9,0,5,0,0,0,0,1,1,6,2,31,6,1598,1,13,-1,1,-1
2015300017260,2,9,0,18,0,8,0,0,0,0,3,1,6,2,34,6,1587,1,9,-1,1,-1
2015300017262,1,9,0,18,0,0,0,0,0,0,3,1,6,1,37,7,1149,1,14,-1,1,-1
2015300017262,2,9,0,18,0,0,0,0,0,0,3,1,6,1,32,6,1598,1,4,-1,1,-1
2015300017263,1,9,0,18,0,0,0,0,8,10,3,1,2,1,21,5,1206,1,3,-1,1,-1
2015300017269,1,9,0,9,0,6,0,0,0,0,1,1,6,2,55,8,1229,1,8,-1,3,-1
2015300017272,1,9,0,5,0,6,0,0,0,0,0,1,6,1,51,8,1397,1,14,-1,-1,-1
2015300017272,2,9,0,18,0,8,0,0,0,0,2,1,6,1,57,9,1995,2,4,-1,-1,-1
2015300017272,3,9,0,18,0,8,0,0,0,0,1,1,6,1,31,6,1968,2,4,-1,-1,-1
2015300017274,1,9,0,18,0,8,1,0,1,10,3,1,6,1,57,9,1248,2,9,-1,1,-1
2015300017274,2,9,0,9,0,5,1,0,0,0,1,1,6,1,57,9,1995,2,-1,-1,-1,-1
2015300017275,1,9,0,18,0,2,0,0,0,0,4,1,6,2,21,5,1242,1,-1,-1,-1,-1
2015300017276,1,9,0,9,0,6,0,0,0,0,3,1,6,2,29,6,1242,1,10,-1,1,-1
2015300017276,2,9,0,18,0,8,0,0,0,0,1,1,6,1,20,4,1360,1,13,-1,2,-1
2015300017281,1,9,0,9,0,2,0,0,0,0,1,1,6,1,63,9,848,1,50,-1,-1,-1
2015300017283,1,9,0,5,0,1,0,0,0,0,1,1,6,1,-1,-1,3996,1,17,-1,-1,-1
2015300017283,2,9,0,5,0,1,0,0,0,0,2,1,6,2,-1,-1,998,1,9,-1,2,-1
2015300017285,1,9,0,17,0,0,1,0,1,4,3,1,6,1,22,5,1388,1,10,-1,1,-1
2015300017286,1,3,0,18,0,8,1,0,0,0,1,1,6,1,19,4,-1,-1,-1,-1,1,-1
2015300017286,2,20,0,18,0,8,0,0,0,0,3,1,1,1,45,7,-1,-1,-1,-1,1,-1
2015300017288,1,4,0,18,0,0,0,0,0,0,1,1,6,3,-1,-1,-1,-1,-1,-1,-1,-1
2015300017289,1,9,0,18,0,0,0,0,0,0,1,1,6,1,37,7,4244,1,7,-1,-1,-1
2015300017291,1,9,0,9,0,5,0,0,0,0,1,1,6,2,41,7,995,1,7,-1,1,-1
2015300017291,2,9,0,18,0,8,0,0,0,0,1,1,6,1,44,7,2143,2,5,-1,-1,-1
2015300017292,1,9,0,18,0,1,1,7,7,2,1,1,6,1,19,4,1753,2,11,-1,1,-1
2015300017293,1,9,0,16,0,0,0,0,2,10,1,1,6,1,17,4,1149,1,12,-1,2,-1
2015300017296,1,9,0,17,0,8,0,0,7,10,2,1,6,1,45,7,1596,1,9,-1,-1,-1
2015300017296,2,9,0,18,0,8,0,0,7,1,1,1,6,1,26,6,973,1,14,-1,-1,-1
2015300017298,1,9,0,18,0,0,1,4,0,0,1,1,6,2,25,5,2198,2,10,-1,-1,-1
2015300017298,2,19,0,2,0,0,0,0,0,0,2,1,1,1,25,5,2298,2,3,-1,-1,-1
2015300017300,1,9,0,5,0,6,0,0,0,0,1,1,6,2,58,9,1242,1,4,-1,1,-1
2015300017300,2,3,0,18,0,8,0,0,0,0,1,1,6,1,19,4,124,1,10,-1,1,-1
2015300017304,1,9,0,18,0,2,0,0,0,0,2,1,6,1,45,7,1986,2,6,-1,1,-1
2015300017304,2,9,0,18,0,2,0,0,0,0,1,1,6,2,52,8,1364,1,9,-1,1,-1
2015300017311,1,9,0,18,0,0,1,0,1,7,2,1,6,1,64,9,1834,1,16,-1,1,-1
2015300017311,2,21,4,18,0,0,0,0,0,0,1,1,1,1,-1,-1,12777,2,6,-1,1,-1
2015300017313,1,9,0,5,0,6,0,0,0,0,4,1,6,2,30,6,1360,1,14,-1,-1,-1
2015300017313,2,9,0,18,0,8,0,0,0,0,1,1,6,1,32,6,1364,1,12,-1,-1,-1
2015300017314,1,9,0,18,0,2,0,0,0,0,4,1,6,2,61,9,1200,1,1,-1,-1,-1
2015300017314,2,8,0,5,0,2,0,0,0,0,1,1,6,1,70,10,2685,2,11,-1,1,-1
2015300017319,1,9,0,18,0,0,5,0,1,4,2,1,6,1,18,4,973,1,14,-1,1,-1
2015300017325,1,9,0,18,0,3,0,0,0,0,1,1,6,1,23,5,1781,1,15,-1,1,-1
2015300017331,1,9,0,18,0,0,0,0,0,0,1,1,6,2,21,5,-1,-1,-1,-1,1,-1
2015300017332,1,9,0,16,0,0,1,0,0,0,1,1,6,1,25,5,1968,2,10,-1,1,-1
2015300017332,2,9,0,17,0,0,2,0,0,0,3,1,6,2,49,8,-1,-1,-1,-1,-1,-1
2015300017335,1,1,0,18,0,1,0,12,0,0,1,1,6,1,38,7,-1,-1,-1,-1,1,-1
2015300017336,1,9,0,9,0,8,0,0,0,0,4,1,6,1,36,7,1968,2,-1,-1,1,-1
2015300017336,2,3,0,18,0,8,2,0,0,0,1,1,6,1,27,6,124,1,5,-1,1,-1
2015300017339,1,9,0,13,0,0,2,0,1,4,1,1,6,1,21,5,1995,2,1,-1,1,-1
2015300017339,2,21,1,18,0,0,0,0,0,0,0,1,6,3,-1,-1,-1,-1,-1,-1,-1,-1
2015300017342,1,8,0,5,0,0,0,0,0,0,0,1,6,1,56,9,1364,2,-1,-1,3,-1
2015300017343,1,9,0,18,0,0,0,10,1,0,4,1,6,3,-1,-1,-1,-1,-1,-1,-1,-1
2015300017345,1,9,0,18,0,2,0,0,1,10,1,1,6,1,-1,-1,1995,2,4,-1,-1,-1
2015300017345,2,8,0,9,0,6,0,0,0,0,0,1,6,3,-1,-1,-1,-1,-1,-1,-1,-1
2015300017348,1,9,0,4,0,0,0,0,0,0,1,1,6,2,52,8,999,1,-1,-1,1,-1
2015300017348,2,9,0,4,0,0,0,0,0,0,2,1,6,1,64,9,998,1,7,-1,1,-1
2015300017348,3,9,0,4,0,0,0,0,0,0,2,1,6,2,69,10,1910,2,8,-1,1,-1
2015300017351,1,9,0,17,0,0,0,0,0,0,1,1,6,2,72,10,1248,1,-1,-1,3,-1
2015300017351,2,9,0,16,0,0,0,0,0,0,1,1,6,1,68,10,1968,2,7,-1,3,-1
2015300017352,1,9,0,18,0,4,0,0,0,0,1,1,6,2,24,5,1199,1,13,-1,1,-1
2015300017352,2,1,0,18,0,8,0,0,0,0,3,1,6,1,55,8,-1,-1,-1,-1,1,-1
2015300017353,1,9,0,18,0,7,5,0,0,0,1,1,6,1,26,6,998,1,12,-1,2,-1
2015300017353,2,9,0,18,0,7,0,0,0,0,1,1,6,1,36,7,2987,2,3,-1,1,-1
2015300017353,3,9,0,18,0,7,0,0,0,0,2,1,6,1,50,8,1896,2,11,-1,1,-1
2015300017354,1,9,0,3,0,0,0,0,0,0,2,1,6,2,28,6,2698,2,9,-1,-1,-1
2015300017354,2,9,0,3,0,0,0,0,0,0,2,1,6,1,37,7,1686,2,12,-1,-1,-1
2015300017354,3,9,0,18,0,0,0,0,0,0,1,1,6,2,20,4,1968,2,9,-1,1,-1
2015300017354,4,3,0,18,0,0,0,0,0,0,1,1,6,1,26,6,108,1,2,-1,2,-1
2015300017355,1,9,0,9,0,5,0,0,0,0,1,1,2,2,24,5,1686,2,8,-1,1,-1
2015300017357,1,9,0,18,0,0,0,0,0,0,1,1,6,3,-1,-1,-1,-1,-1,-1,-1,-1
2015300017365,1,9,0,17,0,0,0,0,0,0,1,1,6,1,45,7,1896,2,12,-1,1,-1
2015300017365,2,9,0,16,0,0,1,0,0,0,1,1,6,1,28,6,1840,1,13,-1,1,-1
2015300017370,1,9,0,18,0,0,0,0,0,0,3,1,6,2,21,5,1124,1,10,-1,1,-1
2015300017380,1,9,0,9,0,2,0,0,0,0,1,1,6,1,-1,-1,1796,1,4,-1,-1,-1
2015300017394,1,9,0,18,0,1,0,0,0,0,1,1,6,2,-1,-1,1368,1,7,-1,1,-1
2015300017394,2,9,0,3,0,1,0,0,0,0,2,1,6,1,58,9,1968,2,6,-1,1,-1
2015300017403,1,9,0,18,0,0,0,0,0,0,0,1,6,3,-1,-1,-1,-1,-1,-1,-1,-1
2015300017403,2,9,0,18,0,0,0,0,0,0,2,1,6,1,21,5,1397,1,7,-1,3,-1
2015300017403,3,9,0,18,0,0,0,0,0,0,1,1,6,2,26,6,1229,1,10,-1,1,-1
2015300017403,4,9,0,18,0,0,0,0,0,0,1,1,6,2,25,5,1995,2,7,-1,-1,-1
2015300017403,5,9,0,18,0,0,0,0,0,0,1,1,6,2,30,6,1598,1,5,-1,1,-1
2015300017413,1,9,0,4,0,1,0,0,0,0,2,1,6,1,23,5,1598,1,12,-1,-1,-1
2015300017413,2,9,0,16,0,1,0,0,0,0,1,1,6,2,26,6,1598,1,10,-1,-1,-1
2015300017417,1,19,0,1,0,2,0,0,0,0,2,1,1,1,34,6,2143,2,3,-1,1,-1
2015300017447,1,9,0,18,0,2,0,0,0,0,2,1,6,2,53,8,1951,2,10,-1,1,-1
2015300017447,2,9,0,18,0,1,0,0,0,0,1,1,6,1,32,6,1995,2,11,-1,-1,-1
2015300017487,1,9,0,18,0,2,0,0,0,0,1,1,1,1,22,5,1753,2,7,-1,1,-1
2015300017487,2,9,0,3,0,2,0,0,0,0,2,1,6,2,-1,-1,1390,1,6,-1,1,-1
2015300017487,3,9,0,3,0,2,0,0,0,0,2,1,6,2,-1,-1,1396,2,5,-1,1,-1
2015300017489,1,9,0,3,0,1,0,0,0,0,2,1,6,1,39,7,1968,2,3,-1,1,-1
2015300017489,2,9,0,4,0,1,0,0,0,0,1,1,6,1,43,7,1124,1,14,-1,-1,-1
2015300017491,1,9,0,18,0,2,0,0,0,0,1,1,6,2,26,6,1560,2,4,-1,-1,-1
2015300017491,2,9,0,1,8,6,0,0,0,0,3,1,6,1,-1,-1,1998,2,9,-1,-1,-1
2015300017491,3,9,0,18,0,2,0,0,0,0,1,1,6,2,-1,-1,1998,2,9,-1,-1,-1
2015300017536,1,9,0,9,0,5,0,0,0,0,4,1,6,1,35,6,1896,2,10,-1,-1,-1
2015300017536,2,1,0,18,0,8,0,0,0,0,1,1,6,1,32,6,-1,-1,-1,-1,-1,-1
2015300017571,1,9,0,18,0,8,0,0,0,0,1,1,6,1,71,10,2495,2,16,-1,3,-1
2015300017571,2,1,0,9,0,4,0,0,0,0,1,1,6,1,69,10,-1,-1,-1,-1,1,-1
2015300017622,1,9,0,18,0,0,0,0,4,6,1,1,2,2,26,6,1399,2,7,-1,1,-1
2015300017780,1,9,0,7,0,5,0,0,0,0,3,1,6,2,31,6,1910,2,9,-1,1,-1
2015300017780,2,9,0,11,0,1,0,0,0,0,4,1,6,2,19,4,1149,1,13,-1,1,-1
2015300017788,1,9,0,18,0,0,0,4,0,0,1,1,6,1,27,6,1398,1,16,-1,-1,-1
2015300017788,2,9,0,2,0,0,0,0,0,0,1,1,6,2,-1,-1,1360,1,10,-1,-1,-1
2015300018736,1,90,0,18,0,0,0,0,0,0,1,1,6,3,-1,-1,-1,-1,-1,-1,-1,-1
2015300018936,1,1,0,18,9,0,5,0,0,0,1,1,3,1,23,5,-1,-1,-1,-1,1,-1
2015300018936,2,9,0,11,9,0,0,0,0,0,4,1,6,2,36,7,2967,2,4,-1,1,-1
201531A000915,1,9,0,9,0,5,0,0,0,0,3,1,6,1,56,9,-1,-1,-1,-1,1,-1
201531A001115,1,9,0,18,0,1,0,4,0,0,1,1,6,1,26,6,-1,-1,-1,-1,-1,-1
201531A001115,2,9,0,2,0,1,0,0,0,0,2,1,6,3,-1,-1,1968,2,2,-1,-1,-1
201531A001515,1,9,0,4,0,0,0,0,0,0,2,1,2,2,25,5,1686,2,3,-1,2,-1
201531A001515,2,9,0,18,0,0,0,0,0,0,1,1,2,1,57,9,1596,1,13,-1,1,-1
201531A001515,3,9,0,18,0,0,0,0,0,0,1,1,6,2,59,9,1461,2,11,-1,2,-1
201531A002115,1,9,0,5,0,8,0,0,0,0,4,1,6,1,49,8,1339,1,2,-1,3,-1
201531A002215,1,9,0,6,0,0,0,0,0,0,1,1,1,1,46,8,1199,1,16,-1,1,-1
201531A002215,2,9,0,18,0,0,0,0,0,0,3,1,1,1,51,8,1896,2,7,-1,1,-1
201531A002415,1,9,0,5,0,1,1,0,0,0,2,1,6,1,23,5,1997,1,8,-1,1,-1
201531A002415,2,9,0,18,0,1,0,0,0,0,3,1,6,2,59,9,1461,2,9,-1,1,-1
201531A003215,1,9,0,14,0,0,0,0,0,0,4,1,6,2,55,8,998,1,2,-1,1,-1
201531A003315,1,9,0,18,0,4,0,0,0,0,1,1,6,3,-1,-1,-1,-1,-1,-1,-1,-1
201531A003315,2,1,0,9,0,8,0,0,0,0,2,1,6,1,34,6,-1,-1,-1,-1,2,-1
201531A003615,1,9,0,18,0,0,1,0,0,0,1,1,6,2,33,6,1975,1,12,-1,3,-1
201531A003615,2,9,0,4,0,0,0,0,0,0,2,1,6,2,38,7,1686,2,2,-1,1,-1
201531A003715,1,9,0,18,0,1,0,0,0,0,1,1,6,1,34,6,1242,1,14,-1,1,-1
201531A003715,2,9,0,9,0,5,0,0,7,11,2,1,6,1,78,11,-1,-1,-1,-1,1,-1
201531A004115,1,9,0,1,0,0,0,0,0,0,2,1,6,1,62,9,1598,2,-1,-1,1,-1
201531A004715,1,9,0,16,0,2,0,0,0,0,1,1,6,1,-1,-1,1360,1,5,-1,-1,-1
201531A004815,1,9,0,12,0,1,0,0,0,0,3,1,1,1,48,8,1560,2,1,-1,1,-1
201531A004815,2,9,0,14,0,1,0,0,0,0,4,1,1,1,36,7,1560,2,1,-1,1,-1
201531A005315,1,19,0,2,0,0,0,0,0,0,2,1,1,1,23,5,2198,2,7,-1,2,-1
201531A005315,2,9,0,18,0,0,0,4,0,0,1,1,2,1,23,5,-1,-1,-1,-1,1,-1
201531A006815,1,9,0,17,0,0,5,7,0,0,1,1,6,1,75,10,1598,1,7,-1,1,-1
201531A007015,1,9,0,18,0,8,2,7,7,1,4,1,6,1,74,10,-1,-1,-1,-1,1,-1
201531A007015,2,9,0,18,0,1,0,0,0,0,1,1,6,2,43,7,1781,1,12,-1,2,-1
201531A007415,1,9,0,7,0,5,1,0,7,11,1,1,2,2,36,7,-1,-1,-1,-1,1,-1
201531A007815,1,9,0,18,0,0,0,0,0,0,4,1,6,3,-1,-1,-1,-1,-1,-1,-1,-1
201531A009515,1,9,0,16,0,0,1,0,0,0,1,1,6,1,56,9,-1,-1,-1,-1,1,-1
201531A009515,2,9,0,17,0,0,0,0,1,10,1,1,6,1,54,8,-1,-1,-1,-1,1,-1
201531A010115,1,9,0,18,0,0,0,0,1,4,1,1,6,1,38,7,-1,-1,-1,-1,1,-1
201531A010215,1,21,1,13,0,0,0,0,0,0,0,1,6,3,-1,-1,-1,-1,-1,-1,-1,-1
201531A010215,2,20,0,18,0,0,0,0,1,11,1,1,1,1,50,8,7146,2,2,-1,2,-1
201531A010415,1,9,0,7,0,6,0,0,0,0,3,1,6,2,22,5,1242,1,11,-1,1,-1
201531A010415,2,11,0,18,0,8,0,0,0,0,4,1,1,1,63,9,4250,2,3,-1,1,-1
201531A010715,1,19,0,4,0,0,0,0,0,0,1,1,2,1,40,7,1968,2,1,-1,1,-1
201531A010715,2,9,0,3,0,0,0,0,0,0,2,1,6,2,28,6,1995,2,2,-1,1,-1
201531A011215,1,9,0,12,0,1,1,0,0,0,1,1,6,2,30,6,1299,1,15,-1,1,-1
201531A011215,2,9,0,5,0,1,0,0,0,0,2,1,6,2,45,7,1596,1,1,-1,1,-1
201531A012115,1,9,0,7,0,8,0,0,3,11,1,1,6,2,54,8,-1,-1,-1,-1,3,-1
201531A012315,1,9,0,9,0,5,0,0,0,0,1,1,6,1,70,10,2496,1,12,-1,1,-1
201531A012315,2,9,0,18,0,8,0,0,0,0,3,1,6,2,52,8,1242,1,4,-1,2,-1
201531A012415,1,9,0,6,0,1,0,0,0,0,4,1,6,1,67,10,1984,1,1,-1,1,-1
201531A012415,2,9,0,18,0,1,0,0,0,0,1,1,6,2,43,7,1560,2,1,-1,1,-1
201531A013015,1,9,0,9,0,5,0,0,0,0,1,1,6,1,56,9,1329,1,2,-1,1,-1
201531A013015,2,9,0,18,0,8,0,0,0,0,1,1,6,1,65,9,1242,1,4,-1,3,-1
201531A015115,1,11,0,5,0,1,0,0,0,0,0,1,1,1,57,9,4250,2,5,-1,1,-1
201531A015715,1,19,0,4,0,0,0,0,0,0,1,1,2,1,43,7,1560,2,7,-1,1,-1
201531A015715,2,9,0,3,0,0,0,0,0,0,2,1,2,2,24,5,1242,1,1,-1,1,-1
201531A016015,1,9,0,18,0,8,0,0,0,0,1,1,6,2,21,5,1242,1,11,-1,1,-1
201531A018315,1,9,0,9,0,5,0,0,0,0,1,1,6,2,57,9,998,1,1,-1,1,-1
201531A018315,2,9,0,18,0,8,0,0,0,0,1,1,6,2,57,9,996,1,-1,-1,1,-1
201531A018715,1,9,0,18,0,0,0,0,0,0,1,1,6,1,17,4,1596,1,10,-1,1,-1
201531A019315,1,9,0,18,0,8,1,10,0,0,1,1,2,1,23,5,1997,2,7,-1,1,-1
201531A019315,2,9,0,9,0,6,0,0,0,0,2,1,2,1,43,7,-1,-1,-1,-1,-1,-1
201531A020515,1,11,0,5,0,0,0,0,0,0,0,1,1,1,52,8,-1,-1,-1,-1,1,-1
201531A021515,1,9,0,16,0,0,2,0,7,11,3,1,6,2,36,7,-1,-1,-1,-1,1,-1
201531A021815,1,19,0,18,0,0,0,0,0,0,1,1,6,1,34,6,1896,2,7,-1,1,-1
201531A022115,1,9,0,9,0,6,0,0,0,0,1,1,6,1,65,9,2401,2,8,-1,1,-1
201531A022115,2,9,0,18,0,8,0,0,0,0,1,1,1,2,47,8,-1,-1,-1,-1,1,-1
201531A022415,1,19,0,18,0,1,0,0,0,0,1,1,1,1,42,7,2198,2,1,-1,1,-1
201531A022415,2,9,0,3,0,8,0,0,0,0,2,1,2,1,20,4,1199,1,13,-1,1,-1
201531A023515,1,9,0,18,0,4,0,0,0,0,1,1,2,1,55,8,1794,1,11,-1,1,-1
201531A023515,2,3,0,9,0,8,0,0,0,0,4,1,2,1,25,5,124,1,5,-1,1,-1
201531A023815,1,9,0,5,9,1,0,0,0,0,1,1,6,1,74,10,-1,-1,-1,-1,1,-1
201531A024215,1,1,0,18,0,0,0,0,0,0,1,1,2,1,39,7,-1,-1,-1,-1,3,-1
201531A024515,1,9,0,18,0,8,0,0,0,0,3,1,1,1,31,6,1956,2,3,-1,1,-1
201531A024515,2,9,0,9,0,5,0,0,0,0,1,1,2,1,32,6,1994,2,13,-1,1,-1
201531A025415,1,3,0,9,0,6,0,0,3,11,1,1,6,1,53,8,124,1,7,-1,2,-1
201531A026015,1,9,0,18,0,8,0,0,0,0,1,1,6,1,34,6,2800,2,10,-1,1,-1
201531A026015,2,9,0,18,0,8,0,7,0,0,3,1,6,1,47,8,1989,1,13,-1,3,-1
201531A026715,1,9,0,18,0,0,0,0,0,0,1,1,6,2,43,7,1360,1,10,-1,1,-1
201531A026715,2,9,0,18,0,0,0,0,0,0,2,1,6,2,72,10,998,1,3,-1,1,-1
201531A027615,1,9,0,9,9,5,0,0,0,0,1,1,6,3,-1,-1,-1,-1,-1,-1,-1,-1
201531A027815,1,3,0,18,0,0,0,0,0,0,1,1,2,1,50,8,123,1,4,-1,1,-1
201531A027815,2,9,0,4,0,0,0,0,0,0,2,1,2,1,52,8,-1,-1,-1,-1,1,-1
201531A029815,1,9,0,5,0,4,0,0,0,0,1,1,6,1,-1,-1,2401,2,9,-1,2,-1
201531A029815,2,9,0,10,0,4,0,0,0,0,2,1,6,1,74,10,1896,2,15,-1,1,-1
201531A030415,1,9,0,5,0,0,0,0,0,0,1,1,6,3,-1,-1,1398,2,11,-1,-1,-1
201531A030415,2,1,0,18,9,0,0,0,0,0,4,1,6,1,20,4,-1,-1,-1,-1,1,-1
201531A030615,1,19,0,18,0,0,0,0,0,0,1,1,6,1,46,8,1868,2,9,-1,-1,-1
201531A031615,1,9,0,18,0,8,0,0,0,0,1,1,6,2,34,6,-1,-1,-1,-1,1,-1
201531A031615,2,19,4,9,0,6,0,0,0,0,3,1,6,1,44,7,5880,2,2,-1,1,-1
201531A032615,1,1,0,18,0,8,0,0,0,0,1,1,6,1,-1,-1,-1,-1,-1,-1,1,-1
201531A032615,2,9,0,10,0,1,0,0,0,0,3,1,3,1,41,7,1598,1,10,-1,1,-1
201531A032715,1,9,0,4,0,0,0,0,0,0,2,1,6,1,31,6,1560,2,4,-1,1,-1
201531A032715,2,9,0,18,0,0,0,0,0,0,1,1,6,1,20,4,1598,1,8,-1,3,-1
201531A033515,1,9,0,18,0,0,0,7,0,0,1,1,6,1,24,5,-1,-1,-1,-1,1,-1
201531A033815,1,21,0,16,0,0,0,0,0,0,0,1,6,1,-1,-1,-1,-1,-1,-1,-1,-1
201531A033815,2,9,0,16,0,0,0,10,1,4,1,1,6,1,19,4,1596,1,7,-1,-1,-1
201531A033915,1,9,0,18,0,8,0,0,0,0,1,1,2,2,46,8,1997,2,16,-1,1,-1
201531A033915,2,9,0,18,0,8,0,0,0,0,1,1,1,1,52,8,1968,2,4,-1,1,-1
201531A034515,1,1,0,18,9,8,0,0,0,0,3,1,6,1,24,5,-1,-1,-1,-1,1,-1
201531A034515,2,9,0,18,0,1,0,0,0,0,1,1,6,2,32,6,1997,2,11,-1,2,-1
201531A034915,1,9,0,13,0,0,0,0,0,0,4,1,6,3,-1,-1,-1,-1,-1,-1,-1,-1
201531A034915,2,9,0,18,0,0,0,10,0,0,3,1,1,2,62,9,1124,1,10,-1,2,-1
201531A035015,1,9,0,18,0,0,0,0,0,0,1,1,1,2,20,4,1968,2,2,-1,1,-1
201531A035015,2,9,0,18,0,0,0,0,0,0,3,1,6,1,47,8,2198,2,9,-1,1,-1
201531A035215,1,9,0,18,0,1,0,0,0,0,1,1,2,1,25,5,2993,2,7,-1,1,-1
201531A035215,2,19,0,3,0,1,0,0,0,0,2,1,1,1,54,8,2143,2,2,-1,1,-1
201531A035915,1,21,1,11,0,0,0,0,0,0,1,1,1,1,29,6,12777,2,8,-1,1,-1
201531A035915,2,9,0,18,0,0,0,0,0,0,3,1,6,2,27,6,1896,2,14,-1,1,-1
201531A036315,1,9,0,18,0,0,0,0,0,0,1,1,6,3,-1,-1,1581,1,15,-1,-1,-1
201531A036315,2,9,0,3,0,0,0,0,0,0,2,1,6,2,33,6,1582,2,5,-1,1,-1
201531A037115,1,9,0,18,0,4,0,0,0,0,3,1,6,2,24,5,1896,2,9,-1,1,-1
201531A037915,1,9,0,18,0,0,0,0,1,7,1,1,6,1,78,11,-1,-1,-1,-1,1,-1
201531A037915,2,9,0,3,0,0,0,0,0,0,2,1,6,1,32,6,-1,-1,-1,-1,1,-1
201531A038015,1,9,0,9,0,5,0,0,0,0,4,1,6,2,52,8,1328,1,11,-1,1,-1
201531A038015,2,3,0,15,0,8,0,0,0,0,1,1,2,1,18,4,125,1,2,-1,2,-1
201531A038215,1,9,0,18,0,8,0,0,0,0,4,1,1,2,-1,-1,1596,1,5,-1,1,-1
201531A038215,2,1,0,7,0,6,0,0,0,0,1,1,1,1,-1,-1,-1,-1,-1,-1,-1,-1
201531A038615,1,9,0,16,0,0,2,0,1,2,1,1,6,1,18,4,-1,-1,-1,-1,1,-1
201531A038815,1,9,0,14,0,2,0,0,0,0,1,1,1,1,28,6,2204,2,11,-1,1,-1
201531A039815,1,11,0,5,0,0,0,0,0,0,0,1,1,1,59,9,3900,2,11,-1,1,-1
201531A041715,1,3,0,18,0,1,0,0,0,0,1,1,1,1,18,4,110,1,8,-1,1,-1
201531A041715,2,19,0,9,0,5,0,0,0,0,2,1,1,1,20,4,-1,-1,-1,-1,-1,-1
201531A042915,1,9,0,9,0,5,0,0,0,0,4,1,6,1,18,4,-1,-1,-1,-1,1,-1
201531A042915,2,9,0,18,0,1,0,0,0,0,1,1,6,1,20,4,-1,-1,-1,-1,1,-1
201531A043115,1,5,0,18,0,8,1,0,0,0,3,1,6,1,63,9,599,1,15,-1,1,-1
201531A043115,2,9,0,18,0,4,0,0,0,0,0,1,1,1,28,6,1686,2,2,-1,-1,-1
201531A043315,1,9,0,7,0,6,0,0,0,0,1,1,6,1,41,7,1490,1,10,-1,2,-1
201531A043315,2,9,0,18,0,8,0,0,0,0,4,1,6,1,39,7,1794,1,12,-1,1,-1
201531A043515,1,9,0,7,0,6,0,0,0,0,0,1,6,3,-1,-1,-1,-1,-1,-1,-1,-1
201531A043515,2,3,0,18,0,8,1,0,0,0,0,1,6,2,41,7,124,1,4,-1,1,-1
201531A043615,1,9,0,18,0,1,0,7,0,0,1,1,6,2,31,6,-1,-1,-1,-1,2,-1
201531A046115,1,9,0,18,0,8,0,0,0,0,1,1,6,1,18,4,1388,1,11,-1,1,-1
201531A046115,2,9,0,18,0,8,0,7,5,11,4,1,6,2,25,5,1997,1,7,-1,1,-1
201531A046315,1,9,0,16,0,8,0,0,0,0,1,1,6,1,19,4,1229,1,2,-1,1,-1
201531A046315,2,9,0,10,0,5,0,0,0,0,2,1,6,1,22,5,1390,1,13,-1,1,-1
201531A046515,1,9,0,18,0,0,0,4,0,0,1,1,6,2,33,6,1587,1,17,-1,1,-1