Accident_Index,Vehicle_Reference,Vehicle_Type,Towing_and_Articulation,Vehicle_Manoeuvre,Vehicle_Location-Restricted_Lane,Junction_Location,Skidding_and_Overturning,Hit_Object_in_Carriageway,Vehicle_Leaving_Carriageway,Hit_Object_off_Carriageway,1st_Point_of_Impact,Was_Vehicle_Left_Hand_Drive?,Journey_Purpose_of_Driver,Sex_of_Driver,Age_of_Driver,Age_Band_of_Driver,Engine_Capacity_(CC),Propulsion_Code,Age_of_Vehicle,Driver_IMD_Decile,Driver_Home_Area_Type,Vehicle_IMD_Decile
201531A046515,2,9,0,2,0,0,0,0,0,0,2,1,6,3,-1,-1,1988,2,10,-1,-1,-1
201531A046515,3,5,0,18,0,0,0,0,0,0,1,1,6,1,54,8,988,1,11,-1,1,-1
201531A047115,1,9,0,7,0,6,0,0,0,0,1,1,6,2,48,8,1598,1,5,-1,1,-1
201531A047115,2,9,0,18,0,8,0,0,0,0,1,1,6,2,43,7,1299,1,10,-1,1,-1
201531A047215,1,9,0,9,0,6,0,0,0,0,1,1,1,1,19,4,1248,2,5,-1,1,-1
201531A047215,2,5,0,18,0,8,0,0,0,0,4,1,6,1,50,8,647,1,10,-1,1,-1
201531A047415,1,9,0,18,0,0,1,4,7,11,1,1,6,1,42,7,-1,-1,-1,-1,1,-1
201531A047415,2,9,0,2,0,0,0,0,0,0,2,1,6,3,-1,-1,1997,1,9,-1,-1,-1
201531A048115,1,9,0,13,0,0,1,10,0,0,4,1,6,1,24,5,1896,2,14,-1,1,-1
201531A048115,2,9,0,18,0,0,0,0,0,0,1,1,6,2,69,10,1997,2,2,-1,1,-1
201531A048615,1,9,0,17,0,0,2,0,1,0,1,1,6,1,20,4,1598,2,1,-1,1,-1
201531A048815,1,9,0,17,0,0,1,0,1,10,1,1,6,1,31,6,-1,-1,-1,-1,1,-1
201531A049615,1,9,0,16,0,0,0,0,8,4,1,1,6,1,48,8,1388,1,9,-1,2,-1
201531A049815,1,9,0,10,0,6,0,0,0,0,0,1,6,3,-1,-1,-1,-1,-1,-1,-1,-1
201531A049815,2,11,0,18,0,1,0,0,0,0,0,1,1,1,55,8,4461,2,2,-1,1,-1
201531A050315,1,9,0,18,0,0,0,0,0,0,1,1,6,1,29,6,1968,2,10,-1,2,-1
201531A050315,2,9,0,3,0,0,0,0,0,0,2,1,6,1,67,10,1598,1,11,-1,1,-1
201531A050315,3,9,0,3,0,0,0,0,0,0,2,1,6,2,21,5,1349,1,2,-1,1,-1
201531A050615,1,9,0,18,0,8,0,0,0,0,1,1,6,1,25,5,-1,-1,-1,-1,1,-1
201531A050615,2,9,0,18,0,8,0,0,0,0,1,1,2,1,45,7,-1,-1,-1,-1,1,-1
201531A051015,1,11,0,4,0,0,0,0,0,0,0,1,1,1,62,9,4250,2,3,-1,1,-1
201531A051615,1,9,0,18,0,0,1,4,0,0,2,1,6,1,28,6,1999,1,21,-1,1,-1
201531A051615,2,9,0,2,0,0,0,0,0,0,4,1,6,2,-1,-1,1240,1,12,-1,-1,-1
201531A051615,3,9,0,2,0,0,0,4,1,0,1,1,6,1,-1,-1,1997,1,13,-1,-1,-1
201531A051615,4,9,0,2,0,0,0,0,0,0,2,1,6,1,-1,-1,2495,2,22,-1,-1,-1
201531A051615,5,9,0,2,0,0,0,0,0,0,2,1,6,1,-1,-1,2771,2,19,-1,-1,-1
201531A052415,1,9,0,18,0,0,0,0,0,0,1,1,1,1,38,7,2993,2,4,-1,3,-1
201531A052415,2,9,0,18,0,0,0,0,0,0,2,1,6,2,37,7,1798,1,5,-1,1,-1
201531A052515,1,9,0,13,0,0,5,0,8,1,1,1,6,1,33,6,-1,-1,-1,-1,2,-1
201531A052715,1,9,0,4,0,2,0,0,0,0,2,1,6,2,45,7,1242,1,2,-1,1,-1
201531A052715,2,2,0,4,0,2,1,0,0,0,1,1,6,1,16,4,49,1,3,-1,1,-1
201531A052815,1,9,0,10,0,1,0,0,0,0,4,1,2,2,42,7,998,1,1,-1,1,-1
201531A052815,2,1,0,18,5,1,0,0,0,0,1,1,6,1,-1,-1,-1,-1,-1,-1,-1,-1
201531A053115,1,9,0,4,0,2,0,0,0,0,2,1,6,1,26,6,1956,2,2,-1,1,-1
201531A053115,2,9,0,18,0,2,2,7,4,1,1,1,6,1,31,6,1895,1,15,-1,1,-1
201531A053615,1,1,0,18,0,2,0,0,0,0,1,1,6,1,19,4,-1,-1,-1,-1,-1,-1
201531A053615,2,9,0,7,0,5,0,0,0,0,4,1,6,1,43,7,2671,1,14,-1,-1,-1
201531A054415,1,9,0,9,0,6,0,0,0,0,3,1,6,2,18,4,1242,1,7,-1,1,-1
201531A054415,2,1,0,18,0,8,0,0,0,0,1,1,6,1,42,7,-1,-1,-1,-1,1,-1
201531A055115,1,10,0,9,0,8,0,0,0,0,1,1,6,1,-1,-1,-1,-1,-1,-1,-1,-1
201531A055315,1,9,0,7,0,6,0,0,0,0,1,1,6,2,19,4,998,1,7,-1,2,-1
201531A055315,2,22,0,18,9,6,0,0,0,0,3,1,6,1,77,11,-1,-1,-1,-1,1,-1
201531A055515,1,9,0,2,0,0,0,0,1,2,2,1,6,1,49,8,2191,2,-1,-1,1,-1
201531A055615,1,9,0,7,0,5,0,0,0,0,1,1,6,1,63,9,2435,1,12,-1,1,-1
201531A058315,1,9,0,4,0,0,0,0,0,0,2,1,6,2,67,10,1229,1,10,-1,2,-1
201531A058315,2,9,0,18,0,0,0,0,0,0,1,1,6,2,-1,-1,1968,2,7,-1,2,-1
201531A058315,3,9,0,18,0,0,0,0,0,0,2,1,6,2,-1,-1,1390,1,11,-1,1,-1
201531A058515,1,9,0,18,0,1,0,0,0,0,1,1,6,2,34,6,1364,1,8,-1,1,-1
201531A058515,2,9,0,3,0,1,0,0,0,0,2,1,6,2,44,7,1149,1,7,-1,2,-1
201531A058515,3,9,0,3,0,1,0,0,0,0,2,1,6,2,52,8,-1,-1,-1,-1,2,-1
201531A058615,1,9,0,9,0,5,0,0,7,0,1,1,6,1,25,5,1560,2,10,-1,1,-1
201531A058615,2,9,0,18,0,8,0,0,1,0,1,1,6,1,18,4,998,1,1,-1,1,-1
201531A058815,1,21,1,18,0,0,0,0,0,0,1,1,1,1,27,6,10518,2,2,-1,1,-1
201531A059115,1,9,0,17,0,0,5,0,1,1,4,1,2,1,19,4,-1,-1,-1,-1,1,-1
201531A059915,1,9,0,10,0,5,0,0,0,0,2,1,6,2,62,9,1390,1,8,-1,1,-1
201531A059915,2,8,0,18,0,1,1,0,0,0,1,1,1,1,45,7,1910,2,7,-1,1,-1
201531A059915,3,9,0,16,0,1,1,0,0,0,1,1,6,2,23,5,1582,2,1,-1,2,-1
201531A059915,4,9,0,16,0,1,1,0,0,0,1,1,6,2,42,7,1332,1,6,-1,1,-1
201531A060315,1,9,0,13,0,0,0,0,0,0,4,1,6,1,53,8,1560,2,1,-1,1,-1
201531A060315,2,21,1,18,0,0,0,0,0,0,1,2,1,1,49,8,-1,-1,-1,-1,-1,-1
201531A060515,1,9,0,18,0,8,0,0,0,0,1,1,6,1,46,8,1796,1,15,-1,1,-1
201531A060515,2,9,0,18,0,8,0,0,0,0,3,1,6,1,68,10,1399,2,4,-1,1,-1
201531A060815,1,9,0,18,0,4,1,7,3,1,1,1,6,2,27,6,1598,1,13,-1,1,-1
201531A061515,1,9,0,18,0,2,0,0,1,3,1,1,6,2,27,6,1242,1,5,-1,1,-1
201531A061615,1,9,0,9,0,5,0,0,0,0,1,1,6,1,18,4,999,1,13,-1,1,-1
201531A061615,2,9,0,3,0,1,0,0,0,0,1,1,6,2,54,8,698,1,11,-1,3,-1
201531A061915,1,9,0,9,0,6,0,0,0,0,4,1,6,2,67,10,1598,1,4,-1,2,-1
201531A061915,2,9,0,18,0,1,0,0,0,0,3,1,6,1,24,5,1910,2,10,-1,1,-1
201531A063815,1,9,0,7,0,5,0,0,0,0,1,1,6,2,48,8,998,1,6,-1,1,-1
201531A064415,1,9,0,18,0,8,0,0,0,0,1,1,6,2,38,7,996,1,2,-1,1,-1
201531A066515,1,9,0,9,0,5,0,0,0,0,2,1,6,2,43,7,-1,-1,-1,-1,-1,-1
201531A066515,2,9,0,4,0,1,0,0,0,0,0,1,6,2,45,7,1198,1,1,-1,-1,-1
201531A066515,3,19,0,18,0,8,0,0,0,0,1,1,2,1,30,6,1868,2,14,-1,1,-1
201531A066615,1,9,0,18,0,0,0,0,0,0,1,1,6,3,-1,-1,-1,-1,-1,-1,-1,-1
201531A066615,2,1,0,18,0,0,0,0,1,9,2,1,2,1,42,7,-1,-1,-1,-1,1,-1
201531A067015,1,9,0,18,0,1,2,10,7,11,1,1,6,1,23,5,1998,1,9,-1,1,-1
201531A067615,1,9,0,18,0,0,0,0,0,0,4,1,6,3,-1,-1,-1,-1,-1,-1,-1,-1
201531A067715,1,9,0,14,0,2,0,0,0,0,1,1,6,1,30,6,-1,-1,-1,-1,1,-1
201531A069515,1,9,0,4,0,1,0,0,0,0,1,1,6,3,-1,-1,-1,-1,-1,-1,-1,-1
201531A069515,2,9,0,3,0,1,0,0,0,0,2,1,2,2,49,8,1598,2,2,-1,3,-1
201531A069615,1,9,0,18,0,0,0,0,0,0,4,1,6,1,38,7,1896,2,15,-1,3,-1
201531A069915,1,9,0,18,0,1,0,0,0,0,1,1,6,1,21,5,898,1,-1,-1,-1,-1
201531A069915,2,9,0,3,0,1,0,0,0,0,2,1,6,1,48,8,1956,2,3,-1,-1,-1
201531A071915,1,9,0,9,0,5,0,0,0,0,1,1,1,1,32,6,1995,2,3,-1,-1,-1
201531A072115,1,2,0,13,0,8,1,0,0,0,1,1,2,1,19,4,49,1,13,-1,2,-1
201531A072115,2,9,0,9,0,5,0,0,0,0,3,1,6,2,21,5,1598,1,4,-1,1,-1
201531A072315,1,19,0,18,0,0,2,4,1,1,1,1,6,1,33,6,-1,-1,-1,-1,1,-1
201531A072315,2,9,0,2,0,0,0,0,0,0,1,1,6,3,-1,-1,-1,-1,-1,-1,-1,-1
201531A075215,1,9,0,5,0,1,0,0,0,0,1,1,1,1,47,8,1998,1,9,-1,2,-1
201531A075215,2,9,0,4,0,1,0,0,0,0,2,1,1,1,60,9,1686,2,3,-1,3,-1
201531A076715,1,9,0,18,0,0,0,0,0,0,1,1,6,1,30,6,1598,1,14,-1,1,-1
201531A076715,2,9,0,18,0,0,0,0,0,0,3,1,6,1,21,5,-1,-1,-1,-1,1,-1
201531A077915,1,9,0,4,0,1,0,0,0,0,1,1,2,2,24,5,1199,2,4,-1,1,-1
201531A077915,2,9,0,3,0,1,0,0,0,0,2,1,2,2,23,5,1995,2,6,-1,2,-1
201531A078215,1,9,0,7,0,5,0,0,0,0,1,1,6,3,-1,-1,-1,-1,-1,-1,-1,-1
201531A078315,1,5,0,16,0,0,0,0,7,0,1,1,6,1,21,5,600,1,-1,-1,1,-1
201531A078415,1,9,0,18,9,0,0,0,0,0,1,1,6,3,-1,-1,-1,-1,-1,-1,-1,-1
201531A078515,1,11,0,5,0,1,0,0,0,0,0,1,1,2,53,8,6696,2,1,-1,1,-1
201531A078915,1,9,0,18,0,8,0,0,0,0,4,1,1,1,41,7,1999,1,8,-1,1,-1
201531A078915,2,19,0,18,0,8,0,0,0,0,1,1,1,1,39,7,1560,2,2,-1,2,-1
201531A080615,1,9,0,18,0,2,1,0,7,7,1,1,6,1,30,6,2300,1,16,-1,1,-1
201531A080915,1,9,0,5,0,1,0,0,0,0,1,1,6,2,45,7,1461,2,2,-1,1,-1
201531A080915,2,2,0,10,0,1,0,0,0,0,2,1,6,2,64,9,50,1,8,-1,1,-1
201531A081615,1,2,0,18,0,0,0,0,0,0,1,1,6,1,16,4,49,1,13,-1,1,-1
201531A081615,2,9,0,3,0,0,0,0,0,0,2,1,2,2,41,7,1988,1,13,-1,1,-1
201531A081715,1,9,0,18,0,0,0,0,0,0,1,1,1,1,26,6,1398,1,4,-1,1,-1
201531A081715,2,1,0,18,9,0,0,0,0,0,3,1,6,1,13,3,-1,-1,-1,-1,1,-1
201531A082515,1,9,0,6,8,6,0,0,0,0,1,1,6,1,79,11,1997,2,11,-1,1,-1
201531A082515,2,9,0,18,0,8,0,0,0,0,4,1,6,2,26,6,1796,1,7,-1,1,-1
201531A082615,1,9,0,14,0,0,0,0,0,0,1,1,6,3,-1,-1,-1,-1,-1,-1,-1,-1
201531A082815,1,9,0,18,0,0,0,0,0,0,1,1,6,1,50,8,1242,1,17,-1,1,-1
201531A082915,1,9,0,18,0,0,5,0,8,11,3,1,6,1,32,6,-1,-1,-1,-1,1,-1
201531A083215,1,1,0,18,0,8,0,0,0,0,1,1,6,1,12,3,-1,-1,-1,-1,1,-1
201531A083215,2,9,0,18,0,8,0,0,0,0,1,1,6,1,32,6,1596,1,10,-1,1,-1
201531A083815,1,9,0,7,0,2,0,4,0,0,1,1,6,1,25,5,1596,1,14,-1,1,-1
201531A083815,2,9,0,2,0,2,0,0,0,0,4,1,6,3,-1,-1,-1,-1,-1,-1,-1,-1
201531A084215,1,9,0,3,0,0,0,0,0,0,2,1,6,2,56,9,1229,1,5,-1,-1,-1
201531A084215,2,9,0,18,0,0,0,0,0,0,1,1,6,1,-1,-1,1797,1,21,-1,-1,-1
201531A084515,1,9,0,4,0,1,0,0,0,0,1,1,2,2,23,5,1328,1,7,-1,1,-1
201531A084515,2,19,0,4,0,1,0,0,0,0,2,1,1,1,53,8,1560,2,3,-1,1,-1
201531A084715,1,9,0,4,0,1,0,0,0,0,4,1,6,1,62,9,1796,1,7,-1,1,-1
201531A087415,1,9,0,7,0,5,0,0,0,0,1,1,6,1,25,5,1968,2,9,-1,1,-1
201531A087415,2,9,0,18,0,1,0,0,0,0,1,1,6,2,27,6,1596,1,12,-1,1,-1
201531A088715,1,9,0,9,0,5,0,0,0,0,1,1,1,2,31,6,1598,1,5,-1,1,-1
201531A090015,1,17,0,9,0,5,0,0,0,0,3,1,1,1,25,5,4400,2,7,-1,-1,-1
201531A090015,2,9,0,13,0,8,1,0,0,0,1,1,6,1,23,5,1999,1,8,-1,1,-1
201531A090815,1,9,0,10,0,6,0,0,1,0,3,1,6,1,21,5,1360,1,13,-1,2,-1
201531A090815,2,19,0,18,0,8,0,0,0,0,1,1,1,1,27,6,2299,2,-1,-1,-1,-1
201531A091415,1,9,0,8,0,1,0,0,0,0,1,1,1,1,28,6,-1,-1,-1,-1,1,-1
201531A091415,2,9,0,8,0,1,0,0,0,0,2,1,6,1,21,5,973,1,13,-1,1,-1
201531A092015,1,9,0,7,0,6,0,0,0,0,3,1,6,2,38,7,1995,2,11,-1,1,-1
201531A092015,2,1,0,18,0,8,0,10,1,0,1,1,6,1,29,6,-1,-1,-1,-1,-1,-1
201531A093315,1,9,0,17,0,0,1,0,7,0,1,1,6,1,19,4,1149,1,13,-1,1,-1
201531A093715,1,11,0,18,0,2,0,0,0,0,3,1,1,1,63,9,4250,2,3,-1,1,-1
201531A093715,2,9,0,13,0,2,0,0,0,0,4,1,6,3,-1,-1,998,1,1,-1,-1,-1
201531A093815,1,5,0,18,0,0,0,4,0,0,3,1,6,1,50,8,1298,1,5,-1,1,-1
201531A093815,2,9,0,14,0,0,0,0,0,0,3,1,6,2,29,6,1229,1,9,-1,1,-1
201531A093815,3,9,0,2,0,0,0,0,0,0,3,1,6,3,-1,-1,1390,1,12,-1,-1,-1
201531A094515,1,21,1,18,0,0,0,0,0,0,3,2,1,1,41,7,-1,-1,-1,-1,-1,-1
201531A094515,2,9,0,11,0,0,0,0,0,0,4,1,1,2,20,4,-1,-1,-1,-1,-1,-1
201531A095015,1,9,0,18,0,0,0,0,0,0,1,1,6,2,71,10,1388,1,5,-1,2,-1
201531A095015,2,22,0,18,0,0,0,0,1,0,3,1,6,1,-1,-1,-1,-1,-1,-1,3,-1
201531A095115,1,2,0,15,0,8,0,0,0,0,1,1,6,1,20,4,49,1,16,-1,2,-1
201531A095115,2,9,0,7,0,5,0,0,0,0,4,1,6,1,65,9,1995,1,13,-1,2,-1
201531A096215,1,9,0,9,0,6,0,0,0,0,3,1,6,1,81,11,1388,1,12,-1,-1,-1
201531A096215,2,1,0,18,0,8,0,0,0,0,1,1,6,1,34,6,-1,-1,-1,-1,2,-1
201531A096315,1,9,0,18,0,0,0,0,0,0,1,1,6,3,-1,-1,1398,1,5,-1,-1,-1
201531A096315,2,9,0,3,0,0,0,0,0,0,2,1,6,1,49,8,1242,1,13,-1,1,-1
201531A096415,1,19,0,18,0,0,0,10,7,11,3,1,1,1,42,7,-1,-1,-1,-1,1,-1
201531A097215,1,9,0,4,0,1,0,0,0,0,1,1,6,2,28,6,1998,2,8,-1,1,-1
201531A097215,2,9,0,3,0,1,0,0,0,0,2,1,6,1,27,6,2720,2,10,-1,2,-1
201531A098815,1,9,0,18,0,0,0,0,0,0,4,1,6,2,-1,-1,-1,-1,-1,-1,-1,-1
201531A099015,1,8,0,5,0,1,0,0,0,0,1,1,6,1,30,6,1796,1,13,-1,1,-1
201531A099215,1,9,0,14,0,8,0,0,0,0,1,1,6,3,-1,-1,1587,1,7,-1,-1,-1
201531A099215,2,9,0,10,0,8,0,0,0,0,3,1,2,1,40,7,1597,1,8,-1,2,-1
201531A099915,1,9,0,9,0,6,0,0,0,0,4,1,2,2,24,5,998,1,8,-1,2,-1
201531A100315,1,9,0,14,0,0,0,0,0,0,1,1,6,2,57,9,2261,1,11,-1,1,-1
201531A100315,2,9,0,18,0,0,0,10,1,0,1,1,6,1,63,9,1997,2,2,-1,2,-1
201531A100315,3,19,0,2,0,0,0,0,0,0,3,1,1,1,53,8,1598,2,2,-1,-1,-1
201531A101315,1,19,0,1,9,6,0,0,0,0,2,1,6,1,23,5,1248,2,1,-1,1,-1
201531A102015,1,5,0,7,0,6,1,0,0,0,1,1,6,2,42,7,980,1,55,-1,1,-1
201531A102015,2,9,0,18,0,8,0,0,0,0,3,1,6,1,49,8,1997,2,12,-1,1,-1
201531A102915,1,9,0,9,0,8,0,0,0,0,1,1,6,2,49,8,1587,1,15,-1,1,-1
201531A102915,2,9,0,17,0,1,0,0,0,0,1,1,6,1,66,10,1584,1,10,-1,3,-1
201531A103415,1,9,0,18,0,8,1,0,0,0,1,1,6,2,31,6,1686,2,2,-1,1,-1
201531A103415,2,9,0,4,0,3,0,0,0,0,2,1,6,2,53,8,1896,2,7,-1,2,-1
201531A103415,3,9,0,3,0,2,0,0,0,0,2,1,6,2,32,6,1389,1,10,-1,1,-1
201531A104115,1,9,0,18,0,1,0,7,0,0,1,1,6,1,37,7,1686,2,10,-1,1,-1
201531A104215,1,9,0,18,0,8,0,0,0,0,4,1,3,2,61,9,1997,1,3,-1,3,-1
201531A104315,1,19,0,18,0,1,0,0,0,0,1,1,1,1,35,6,-1,-1,-1,-1,1,-1
201531A104315,2,19,0,3,0,1,0,0,0,0,2,1,1,1,49,8,2198,2,7,-1,1,-1
201531A104315,3,9,0,10,0,5,0,0,0,0,2,1,6,1,33,6,1242,1,9,-1,1,-1
201531A106715,1,9,0,18,0,8,0,0,0,0,1,1,6,2,58,9,2953,1,1,-1,1,-1
201531A106715,2,9,0,18,0,8,1,0,0,0,1,1,6,1,23,5,1587,1,14,-1,1,-1
201531A108615,1,9,0,9,0,6,0,0,0,0,1,1,1,1,50,8,1995,1,13,-1,1,-1
201531A108615,2,9,0,9,0,5,1,0,0,0,2,1,6,1,62,9,1686,2,5,-1,1,-1
201531A108715,1,9,0,18,0,0,0,0,1,11,1,1,6,1,21,5,1229,1,3,-1,3,-1
201531A108715,2,9,0,18,0,0,0,0,0,0,1,1,6,1,26,6,1910,2,9,-1,2,-1
201531A108715,3,9,0,18,0,0,0,0,0,0,1,1,6,1,51,8,1798,1,6,-1,1,-1
201531A110615,1,9,0,18,0,0,0,0,0,0,1,1,6,3,-1,-1,-1,-1,-1,-1,-1,-1
201531A110615,2,1,0,18,0,0,0,0,0,0,2,1,6,1,36,7,-1,-1,-1,-1,-1,-1
201531A110815,1,9,0,9,0,5,0,0,0,0,4,1,6,1,26,6,1968,2,3,-1,1,-1
201531A110815,2,9,0,18,0,8,0,0,0,0,1,1,2,1,57,9,1198,1,12,-1,1,-1
201531A111215,1,9,0,18,0,1,0,0,0,0,1,1,1,1,27,6,-1,-1,-1,-1,1,-1
201531A111215,2,9,0,3,0,1,0,0,0,0,2,1,6,1,49,8,1388,1,10,-1,1,-1
201531A111215,3,9,0,3,0,1,0,0,0,0,2,1,1,2,35,6,1968,2,3,-1,1,-1
201531A111315,1,9,0,18,0,0,0,10,7,2,1,1,6,1,38,7,1560,2,10,-1,1,-1
201531A111615,1,19,0,9,0,5,0,0,0,0,0,1,1,1,38,7,2198,2,3,-1,1,-1
201531A111615,2,3,0,17,0,1,1,0,0,0,4,1,2,1,27,6,124,1,1,-1,-1,-1
201531A112015,1,9,0,9,0,6,0,0,0,0,1,1,6,1,49,8,1560,2,4,-1,2,-1
201531A114515,1,9,0,9,0,6,0,0,0,0,1,1,2,2,54,8,1587,1,13,-1,3,-1
201531A114515,2,1,0,9,0,5,0,0,0,0,3,1,2,1,61,9,-1,-1,-1,-1,1,-1
201531A115415,1,9,0,9,0,6,0,0,0,0,4,1,1,1,44,7,1229,1,7,-1,2,-1
201531A115415,2,1,0,18,0,6,0,0,0,0,1,1,4,1,14,3,-1,-1,-1,-1,1,-1
201531A115615,1,9,0,18,0,8,0,0,0,0,1,1,1,1,23,5,1461,2,7,-1,1,-1
201531A115615,2,9,0,1,0,6,0,0,0,0,2,1,1,2,26,6,996,1,2,-1,1,-1
201531A115915,1,11,0,18,0,8,0,0,0,0,1,1,1,1,56,9,6871,2,6,-1,1,-1
201531A115915,2,9,0,10,0,8,0,0,0,0,1,1,6,1,85,11,1948,1,-1,-1,1,-1
201531A116015,1,3,0,18,0,1,0,0,0,0,1,1,6,1,-1,-1,-1,-1,-1,-1,-1,-1
201531A116015,2,9,0,10,0,1,0,0,0,0,3,1,6,2,28,6,1388,1,6,-1,1,-1
201531A116715,1,21,0,18,0,0,0,0,0,0,1,1,1,1,23,5,12777,2,8,-1,1,-1
201531A116715,2,9,0,4,0,0,0,0,0,0,2,1,2,1,34,6,-1,-1,-1,-1,1,-1
201531A116715,3,9,0,4,0,0,0,0,0,0,2,1,1,2,41,7,1229,1,4,-1,1,-1
201531A116715,4,9,0,4,0,0,0,0,0,0,2,1,6,1,58,9,1798,1,11,-1,3,-1
201531A116715,5,9,0,4,0,0,0,0,0,0,2,1,6,3,-1,-1,1560,2,6,-1,-1,-1
201531A118415,1,5,0,9,0,4,1,0,0,0,4,1,2,1,29,6,645,1,16,-1,1,-1
201531A118615,1,9,0,18,0,8,0,0,0,0,1,1,6,1,31,6,-1,-1,-1,-1,1,-1
201531A118615,2,19,0,3,0,2,0,0,0,0,2,1,2,1,43,7,1399,2,5,-1,1,-1
201531A118615,3,9,0,3,0,2,0,0,0,0,2,1,6,2,30,6,1598,2,1,-1,3,-1
201531A118815,1,9,0,18,0,2,0,0,0,0,1,1,6,2,26,6,1086,1,8,-1,1,-1
201531A118815,2,9,0,3,0,2,0,0,0,0,2,1,6,2,61,9,1910,2,8,-1,1,-1
201531A119315,1,9,0,9,0,6,0,0,0,0,1,1,2,2,44,7,1598,1,2,-1,1,-1
201531A119315,2,9,0,18,0,8,0,0,7,0,1,1,6,1,60,9,2199,2,-1,-1,2,-1
201531A119315,3,9,0,18,0,8,0,0,0,0,3,1,2,1,44,7,1600,1,16,-1,1,-1
201531A120515,1,19,0,18,0,0,1,0,0,0,1,1,1,1,45,7,2143,2,2,-1,1,-1
201531A120515,2,9,0,3,0,0,0,0,0,0,2,1,2,1,26,6,1339,1,13,-1,-1,-1
201531A120515,3,9,0,3,0,0,0,0,0,0,2,1,6,1,41,7,1796,1,16,-1,1,-1
201531A121315,1,9,0,13,0,2,0,4,7,11,1,1,6,1,26,6,1781,1,16,-1,2,-1
201531A121315,2,19,0,2,0,1,0,0,0,0,3,1,6,3,-1,-1,2287,2,1,-1,-1,-1
201531A121315,3,8,0,18,0,1,0,0,0,0,1,1,6,1,60,9,1582,2,4,-1,2,-1
201531A121315,4,9,0,18,0,2,0,0,0,0,1,1,6,1,52,8,1598,1,1,-1,2,-1
201531A121415,1,9,0,18,0,8,0,7,0,0,1,1,2,1,33,6,2000,2,4,-1,1,-1
201531A121415,2,19,0,3,0,1,0,0,0,0,3,1,2,1,46,8,1686,2,11,-1,1,-1
201531A121415,3,9,0,3,0,1,0,0,0,0,3,1,2,2,37,7,1242,1,6,-1,1,-1
201531A121415,4,9,0,3,0,1,0,0,0,0,3,1,2,1,62,9,1596,1,3,-1,1,-1
201531A122015,1,9,0,18,0,1,2,0,1,0,1,1,2,1,-1,-1,2993,2,8,-1,1,-1
201531A122115,1,9,0,18,0,0,5,0,1,9,1,1,6,1,39,7,1994,1,12,-1,1,-1
201531A122115,2,9,0,18,0,0,0,0,0,0,0,1,6,1,-1,-1,-1,-1,-1,-1,-1,-1
201531A122115,3,9,0,18,0,0,0,0,0,0,0,1,6,1,-1,-1,-1,-1,-1,-1,-1,-1
201531A122115,4,9,0,13,0,0,0,0,0,0,0,1,6,1,-1,-1,-1,-1,-1,-1,-1,-1
201531A122415,1,9,0,18,0,0,0,0,0,0,1,1,6,3,-1,-1,-1,-1,-1,-1,-1,-1
201531A122515,1,9,0,18,0,1,0,0,0,0,1,1,6,1,-1,-1,-1,-1,-1,-1,-1,-1
201531A122515,2,9,0,3,0,1,0,0,0,0,2,1,1,1,22,5,1598,1,7,-1,1,-1
201531A122615,1,9,0,18,0,1,1,7,0,0,1,1,6,1,39,7,1988,1,16,-1,1,-1
201531A122815,1,9,0,18,0,0,1,4,1,0,1,1,6,2,26,6,1598,1,12,-1,1,-1
201531A122815,2,9,0,2,0,0,0,0,0,0,2,1,6,3,-1,-1,1490,1,7,-1,-1,-1
201531A122915,1,9,0,18,0,8,0,0,0,0,1,1,6,1,19,4,999,1,16,-1,2,-1
201531A122915,2,3,0,7,0,5,0,0,0,0,2,1,6,1,29,6,-1,-1,-1,-1,1,-1
201531A123715,1,9,0,9,0,6,0,0,0,0,1,1,6,1,78,11,1596,1,3,-1,1,-1
201531A123715,2,9,0,9,0,5,0,0,0,0,3,1,6,1,56,9,1795,1,17,-1,1,-1
201531A126315,1,9,0,9,0,6,0,0,0,0,3,1,6,1,32,6,2777,2,8,-1,1,-1
201531A126315,2,5,0,18,0,1,0,0,0,0,1,1,6,1,45,7,1966,1,5,-1,1,-1
201531A126715,1,1,0,18,0,1,0,0,0,0,3,1,2,1,-1,-1,-1,-1,-1,-1,-1,-1
201531A127115,1,9,0,5,0,0,0,0,0,0,3,1,6,2,-1,-1,1149,1,5,-1,1,-1
201531A127115,2,9,0,13,0,0,0,0,0,0,4,1,6,1,-1,-1,998,1,2,-1,1,-1
201531A127515,1,19,0,9,0,5,0,0,0,0,1,1,6,1,61,9,2198,2,1,-1,2,-1
201531A127515,2,9,0,18,0,8,0,0,0,0,1,1,6,2,51,8,1598,1,14,-1,1,-1
201531A127715,1,9,0,18,0,0,0,0,0,0,1,1,6,1,31,6,1995,2,11,-1,1,-1
201531A127715,2,9,0,6,0,0,0,0,0,0,3,1,6,2,44,7,1560,2,8,-1,1,-1
201531A128615,1,9,0,6,0,8,0,0,0,0,0,1,6,1,84,11,1598,1,7,-1,1,-1
201531A128615,2,3,0,13,0,8,0,0,0,0,1,1,6,1,27,6,124,1,5,-1,1,-1
201531A128615,3,9,0,18,0,8,0,0,0,0,1,1,6,1,50,8,1997,2,2,-1,1,-1
201531A128815,1,9,0,7,0,5,0,0,0,0,4,1,6,1,72,10,1598,1,13,-1,1,-1