Accident_Index,Vehicle_Reference,Vehicle_Type,Towing_and_Articulation,Vehicle_Manoeuvre,Vehicle_Location-Restricted_Lane,Junction_Location,Skidding_and_Overturning,Hit_Object_in_Carriageway,Vehicle_Leaving_Carriageway,Hit_Object_off_Carriageway,1st_Point_of_Impact,Was_Vehicle_Left_Hand_Drive?,Journey_Purpose_of_Driver,Sex_of_Driver,Age_of_Driver,Age_Band_of_Driver,Engine_Capacity_(CC),Propulsion_Code,Age_of_Vehicle,Driver_IMD_Decile,Driver_Home_Area_Type,Vehicle_IMD_Decile
201531A128815,2,1,0,18,0,2,0,0,0,0,1,1,2,1,45,7,-1,-1,-1,-1,1,-1
201531A128915,1,9,0,18,0,0,1,10,1,0,1,1,1,2,22,5,1242,1,4,-1,1,-1
201531A128915,2,9,0,3,0,0,0,0,0,0,2,1,6,1,44,7,1499,2,-1,-1,3,-1
201531A129015,1,3,0,18,0,8,0,0,0,0,1,1,6,1,-1,-1,-1,-1,-1,-1,-1,-1
201531A129015,2,19,0,9,0,6,0,0,0,0,4,1,1,1,42,7,1753,2,5,-1,1,-1
201531A129115,1,9,0,10,0,1,0,0,0,0,2,1,6,2,29,6,1229,1,11,-1,1,-1
201531A129115,2,19,0,18,0,1,0,0,0,0,1,1,6,1,-1,-1,2402,2,14,-1,-1,-1
201531A129515,1,9,0,18,0,2,0,0,0,0,1,1,6,1,43,7,1461,2,10,-1,1,-1
201531A129515,2,9,0,9,0,1,0,0,0,0,3,1,6,1,-1,-1,1197,1,3,-1,-1,-1
201531A130615,1,9,0,18,0,2,0,0,0,0,1,1,3,1,39,7,1389,1,18,-1,1,-1
201531A131715,1,9,0,9,0,6,0,0,0,0,3,1,6,1,49,8,1753,2,11,-1,1,-1
201531A131715,2,20,0,18,0,8,0,0,0,0,1,1,1,1,46,8,11705,2,7,-1,1,-1
201531A131915,1,9,0,1,0,8,0,0,0,0,2,1,6,1,65,9,-1,-1,-1,-1,-1,-1
201531A132615,1,9,0,18,0,0,0,0,0,0,1,1,6,2,60,9,1560,2,2,-1,2,-1
201531A132615,2,9,0,18,0,0,0,0,0,0,1,1,6,2,42,7,998,1,6,-1,1,-1
201531A133015,1,9,0,9,0,5,0,0,0,0,1,1,1,1,22,5,1870,2,11,-1,1,-1
201531A133015,2,9,0,18,0,8,0,0,0,0,1,1,1,2,18,4,1124,1,11,-1,1,-1
201531A133915,1,3,0,18,0,0,1,0,0,0,1,1,6,1,13,3,124,1,17,-1,1,-1
201531A133915,2,9,0,18,0,0,0,0,0,0,1,1,2,2,28,6,1390,1,1,-1,1,-1
201531A134215,1,9,0,9,0,6,0,0,0,0,3,1,6,2,38,7,1497,8,6,-1,3,-1
201531A134215,2,9,0,18,0,8,0,0,0,0,1,1,6,1,68,10,2993,2,2,-1,3,-1
201531A134515,1,9,0,18,0,0,0,0,0,0,4,1,6,3,-1,-1,-1,-1,-1,-1,-1,-1
201531A134615,1,11,0,16,0,3,0,0,0,0,0,1,1,1,56,9,4461,2,2,-1,1,-1
201531A135015,1,9,0,7,0,6,0,0,0,0,1,1,6,2,52,8,1956,2,4,-1,1,-1
201531A135015,2,1,0,18,9,8,0,0,0,0,4,1,6,1,45,7,-1,-1,-1,-1,1,-1
201531A136015,1,2,0,18,0,1,0,0,0,0,1,1,6,1,23,5,49,1,1,-1,2,-1
201531A136015,2,9,0,9,0,5,0,0,0,0,1,1,1,2,47,8,998,1,7,-1,2,-1
201531A136115,1,9,0,18,0,8,0,0,0,0,1,1,6,3,-1,-1,1596,1,12,-1,-1,-1
201531A136115,2,9,0,18,0,8,0,0,0,0,2,1,6,1,65,9,999,1,5,-1,1,-1
201531A137015,1,9,0,18,0,1,0,4,0,0,4,1,2,2,23,5,1200,1,3,-1,-1,-1
201531A137015,2,9,0,5,0,1,0,0,0,0,3,1,2,2,21,5,1242,1,13,-1,1,-1
201531A137015,3,9,0,2,0,2,0,0,0,0,1,1,6,3,-1,-1,1596,1,10,-1,-1,-1
201531A138015,1,19,0,4,0,0,0,0,0,0,0,1,6,3,-1,-1,-1,-1,-1,-1,-1,-1
201531A138015,2,11,0,18,0,0,0,0,0,0,0,1,1,1,35,6,3900,2,11,-1,1,-1
201531A138615,1,9,0,7,0,5,0,0,0,0,1,1,6,1,19,4,1198,1,9,-1,1,-1
201531A138615,2,9,0,4,0,1,0,0,0,0,1,1,6,2,21,5,1086,1,9,-1,1,-1
201531A139715,1,9,0,9,0,5,0,0,7,11,3,1,6,1,41,7,1995,1,5,-1,-1,-1
201531A139715,2,3,0,13,0,1,0,0,7,0,1,1,6,1,23,5,125,1,2,-1,-1,-1
201531A140515,1,9,0,18,0,8,0,0,0,0,1,1,6,1,48,8,1968,2,5,-1,1,-1
201531A140515,2,9,0,18,0,8,0,0,0,0,1,1,2,2,48,8,999,1,-1,-1,-1,-1
201531A141615,1,19,0,18,0,1,0,0,0,0,1,1,6,2,-1,-1,2402,2,12,-1,-1,-1
201531A141615,2,19,0,4,0,1,0,0,0,0,2,1,1,1,36,7,2148,2,6,-1,1,-1
201531A142215,1,3,0,18,0,2,0,7,0,0,1,1,6,3,-1,-1,-1,-1,-1,-1,-1,-1
201531A142315,1,9,0,18,0,1,0,7,1,0,1,1,6,1,29,6,2993,2,10,-1,1,-1
201531A143015,1,9,0,18,0,0,0,4,0,0,1,1,6,1,-1,-1,1396,1,12,-1,-1,-1
201531A143015,2,9,0,2,0,0,0,0,0,0,2,1,6,2,-1,-1,1086,1,10,-1,-1,-1
201531A143015,3,9,0,2,0,0,0,0,0,0,1,1,6,1,-1,-1,2700,2,13,-1,1,-1
201531A143815,1,9,0,18,0,4,1,0,0,0,1,1,6,1,-1,-1,1596,1,14,-1,-1,-1
201531A143815,2,9,0,9,0,8,0,0,0,0,4,1,6,2,36,7,1598,1,10,-1,1,-1
201531A144415,1,9,0,1,0,1,0,0,0,0,3,1,6,1,49,8,1997,2,4,-1,1,-1
201531A144715,1,9,0,5,0,4,0,0,0,0,1,1,6,1,60,9,1796,1,16,-1,1,-1
201531A144715,2,9,0,9,0,8,0,0,0,0,4,1,2,1,24,5,1999,1,10,-1,1,-1
201531A145415,1,9,0,7,0,6,0,0,0,0,3,1,6,1,54,8,2495,2,9,-1,1,-1
201531A145415,2,1,0,18,0,1,0,0,0,0,1,1,6,1,46,8,-1,-1,-1,-1,1,-1
201531A145715,1,19,0,18,0,1,0,0,0,0,3,1,1,1,39,7,2143,2,1,-1,1,-1
201531A145815,1,9,0,18,0,0,0,0,0,0,1,1,6,1,49,8,998,1,10,-1,-1,-1
201531A147315,1,9,0,18,0,8,0,0,0,0,1,1,6,1,40,7,2198,1,14,-1,1,-1
201531A147315,2,9,0,9,0,6,0,0,0,0,3,1,6,1,28,6,1497,1,12,-1,1,-1
201531A147515,1,1,0,18,9,2,0,0,0,0,1,1,6,3,-1,-1,-1,-1,-1,-1,-1,-1
201531A147715,1,19,0,5,0,0,0,0,0,0,0,1,6,3,-1,-1,-1,-1,-1,-1,-1,-1
201531A147715,2,1,0,18,0,0,0,0,0,0,4,1,6,1,15,3,-1,-1,-1,-1,1,-1
201531A148115,1,9,0,18,0,0,1,11,0,0,1,1,6,1,36,7,1560,2,2,-1,1,-1
201531A148915,1,19,0,9,0,6,0,0,0,0,3,1,1,2,48,8,1399,2,4,-1,1,-1
201531A148915,2,9,0,18,0,8,0,0,0,0,1,1,6,1,72,10,1997,1,15,-1,3,-1
201531A149015,1,9,0,1,6,8,0,0,0,0,4,1,6,1,21,5,1968,2,8,-1,1,-1
201531A149315,1,9,0,18,0,0,0,0,0,0,1,1,6,2,31,6,1200,1,2,-1,1,-1
201531A149315,2,9,0,3,0,0,0,0,0,0,2,1,6,1,73,10,1386,1,2,-1,1,-1
201531A149315,3,9,0,3,0,0,0,0,0,0,2,1,1,2,20,4,1598,2,6,-1,2,-1
201531A149815,1,19,0,18,0,1,0,0,0,0,1,1,6,1,58,9,1868,2,9,-1,2,-1
201531A149815,2,9,0,10,0,1,0,0,0,0,2,1,1,1,27,6,1910,2,10,-1,2,-1
201531A150215,1,9,0,4,0,1,0,0,0,0,1,1,6,1,22,5,1599,1,12,-1,1,-1
201531A150215,2,8,0,3,0,1,0,0,0,0,2,1,1,1,47,8,1900,2,7,-1,-1,-1
201531A150215,3,9,0,10,0,1,0,0,0,0,2,1,6,2,56,9,1796,1,8,-1,-1,-1
201531A150515,1,1,0,18,0,1,0,0,0,0,1,1,2,1,26,6,-1,-1,-1,-1,1,-1
201531A150515,2,9,0,18,0,2,0,0,0,0,4,1,6,1,-1,-1,-1,-1,-1,-1,-1,-1
201531A151015,1,9,0,15,0,8,0,0,0,0,4,1,6,3,-1,-1,1968,2,3,-1,-1,-1
201531A151015,2,5,0,15,4,1,0,0,0,0,3,1,6,1,49,8,1298,1,13,-1,1,-1
201531A151115,1,3,0,12,0,1,0,0,0,0,3,1,6,1,27,6,124,1,3,-1,1,-1
201531A151115,2,9,0,18,0,1,0,0,0,0,4,1,6,1,51,8,-1,-1,-1,-1,1,-1
201531A152115,1,3,0,18,0,8,0,0,0,0,1,1,6,1,16,4,-1,-1,-1,-1,1,-1
201531A152115,2,19,0,18,0,8,0,0,0,0,3,1,1,1,36,7,-1,-1,-1,-1,1,-1
201531A152815,1,1,0,18,9,0,0,0,0,0,1,1,1,1,57,9,-1,-1,-1,-1,2,-1
201531A152815,2,19,0,18,0,0,0,0,0,0,4,1,1,1,74,10,2198,2,2,-1,1,-1
201531A153415,1,9,0,1,0,6,0,0,0,0,2,1,6,1,24,5,1396,1,13,-1,1,-1
201531A153415,2,8,0,18,0,8,0,0,0,0,4,1,1,1,52,8,1995,2,11,-1,1,-1
201531A153715,1,9,0,1,0,2,0,0,0,0,2,1,6,1,19,4,1600,1,10,-1,1,-1
201531A153715,2,9,0,2,0,2,0,0,0,0,0,1,6,3,-1,-1,-1,-1,-1,-1,-1,-1
201531A153715,3,19,0,2,0,2,0,0,0,0,1,1,6,1,-1,-1,1868,2,12,-1,1,-1
201531A154715,1,9,0,16,0,1,0,0,0,0,0,1,6,3,-1,-1,-1,-1,-1,-1,-1,-1
201531A154715,2,90,0,17,0,2,0,4,0,0,1,1,6,1,20,4,-1,-1,-1,-1,1,-1
201531A154715,3,9,0,2,0,2,0,0,0,0,2,1,6,3,-1,-1,1229,1,3,-1,-1,-1
201531A155215,1,1,0,18,0,1,0,0,0,0,1,1,6,1,-1,-1,-1,-1,-1,-1,-1,-1
201531A155415,1,9,0,18,0,0,0,0,0,0,3,1,6,1,76,11,898,1,1,-1,1,-1
201531A155415,2,19,4,18,0,0,0,0,0,0,3,1,1,1,35,6,2198,2,2,-1,1,-1
201531A155515,1,9,0,18,0,0,0,0,0,0,1,1,6,1,27,6,1686,2,8,-1,3,-1
201531A155515,2,9,0,18,0,0,0,0,0,0,1,1,6,1,79,11,1560,2,2,-1,1,-1
201531A155515,3,9,0,2,0,0,0,0,0,0,3,1,6,3,-1,-1,1796,1,5,-1,-1,-1
201531A156315,1,9,0,7,0,1,0,0,0,0,1,1,6,1,59,9,1598,1,10,-1,1,-1
201531A156315,2,9,0,8,0,1,0,0,0,0,2,1,6,1,68,10,1998,2,11,-1,1,-1
201531A156415,1,9,0,9,0,6,0,0,0,0,1,1,6,1,26,6,1598,1,10,-1,1,-1
201531A156415,2,9,0,18,0,1,0,0,0,0,1,1,6,1,52,8,-1,-1,-1,-1,2,-1
201531A157015,1,9,0,7,0,6,0,0,0,0,1,1,6,1,64,9,1560,2,4,-1,1,-1
201531A157015,2,1,0,18,0,8,0,0,0,0,1,1,6,1,39,7,-1,-1,-1,-1,-1,-1
201531A157115,1,9,0,17,0,0,0,0,0,0,1,1,6,2,-1,-1,-1,-1,-1,-1,-1,-1
201531A157515,1,19,0,4,0,1,2,7,1,11,1,1,1,1,51,8,2287,2,4,-1,1,-1
201531A157515,2,9,0,4,0,1,0,0,0,0,4,1,1,1,47,8,-1,-1,-1,-1,3,-1
201531A158215,1,9,0,17,0,8,0,0,0,0,1,1,6,3,-1,-1,-1,-1,-1,-1,-1,-1
201531A158215,2,1,0,16,0,1,0,0,0,0,1,1,6,1,51,8,-1,-1,-1,-1,1,-1
201531A158415,1,9,0,9,0,6,0,0,0,0,3,1,6,2,50,8,1360,1,10,-1,1,-1
201531A158415,2,5,0,18,0,8,0,0,0,0,1,1,6,1,20,4,599,1,16,-1,3,-1
201531A160215,1,9,0,3,0,1,0,0,0,0,2,1,6,2,34,6,-1,-1,-1,-1,1,-1
201531A160215,2,19,0,18,0,1,0,0,0,0,1,1,6,1,-1,-1,-1,-1,-1,-1,-1,-1
201531A160315,1,9,0,18,0,8,0,0,0,0,1,1,6,1,68,10,1796,1,8,-1,1,-1
201531A160315,2,9,0,9,0,6,0,0,0,0,4,1,6,1,53,8,1390,1,12,-1,1,-1
201531A160515,1,9,0,7,0,8,0,0,0,0,1,1,6,1,23,5,1796,1,9,-1,1,-1
201531A160515,2,1,0,9,0,8,0,0,0,0,2,1,6,1,31,6,-1,-1,-1,-1,1,-1
201531A161115,1,3,0,18,0,0,0,0,0,0,1,1,6,1,19,4,124,1,3,-1,1,-1
201531A161115,2,9,0,4,0,0,0,0,0,0,2,1,6,1,27,6,1781,1,10,-1,1,-1
201531A161815,1,9,0,18,0,0,2,10,7,1,1,1,6,1,20,4,1590,1,12,-1,1,-1
201531A162315,1,5,0,4,0,1,0,0,0,0,4,1,6,1,58,9,-1,-1,-1,-1,2,-1
201531A162815,1,9,0,18,0,8,0,0,0,0,1,1,6,2,46,8,1360,1,12,-1,2,-1
201531A162815,2,9,0,18,0,8,0,0,0,0,3,1,6,2,22,5,1296,1,7,-1,1,-1
201531A163915,1,9,0,18,0,0,0,0,0,0,3,1,6,1,40,7,998,1,-1,-1,1,-1
201531A163915,2,9,0,18,0,0,0,0,0,0,3,1,6,1,53,8,1796,1,15,-1,2,-1
201531A164515,1,9,0,18,0,1,0,0,0,0,1,1,6,2,64,9,1298,1,16,-1,1,-1
201531A164515,2,9,0,3,0,1,0,0,0,0,2,1,1,2,45,7,998,1,-1,-1,1,-1
201531A164515,3,8,0,10,0,8,0,0,0,0,2,1,1,1,47,8,1968,2,7,-1,1,-1
201531A166415,1,9,0,18,0,0,0,0,0,0,1,1,1,2,34,6,998,1,2,-1,1,-1
201531A166415,2,9,0,4,0,0,0,0,0,0,2,1,6,2,48,8,1799,1,8,-1,3,-1
201531A167115,1,1,0,18,0,1,0,0,0,0,1,1,6,1,9,2,-1,-1,-1,-1,-1,-1
201531A167115,2,9,0,8,0,1,0,0,0,0,3,1,6,2,47,8,1587,1,14,-1,1,-1
201531A167315,1,5,0,16,0,0,1,0,0,0,1,1,6,1,61,9,656,1,8,-1,1,-1
201531A167315,2,9,0,17,0,0,0,0,0,0,1,1,6,1,73,10,1198,1,10,-1,1,-1
201531A168015,1,9,0,7,0,5,0,10,7,11,1,1,6,1,18,4,1596,1,16,-1,1,-1
201531A168115,1,9,0,4,0,1,0,0,0,0,0,1,6,3,-1,-1,-1,-1,-1,-1,-1,-1
201531A168115,2,11,0,18,0,1,0,0,0,0,0,1,1,2,31,6,4250,2,3,-1,1,-1
201531A168515,1,19,0,1,0,6,0,0,0,0,2,1,1,2,24,5,1686,2,11,-1,1,-1
201531A168515,2,9,0,3,0,1,0,0,0,0,1,1,6,1,22,5,2204,2,9,-1,1,-1
201531A169315,1,3,0,18,0,1,1,0,0,0,4,1,2,1,48,8,124,1,2,-1,-1,-1
201531A169315,2,9,0,9,0,6,0,0,0,0,0,1,6,3,-1,-1,-1,-1,-1,-1,-1,-1
201531A169715,1,9,0,18,0,0,0,0,0,0,1,1,6,1,21,5,1839,1,19,-1,-1,-1
201531A169715,2,1,0,18,0,0,0,0,0,0,1,1,6,2,13,3,-1,-1,-1,-1,-1,-1
201531A170715,1,5,0,16,0,0,1,0,1,4,1,1,6,1,31,6,998,1,9,-1,2,-1
201531A170715,2,9,0,17,0,0,0,0,0,0,2,1,6,2,49,8,1248,2,4,-1,1,-1
201531A170715,3,9,0,13,0,0,0,0,0,0,0,1,6,2,45,7,1781,1,14,-1,1,-1
201531A170915,1,9,0,18,0,0,0,0,0,0,2,1,6,1,24,5,1968,2,5,-1,1,-1
201531A170915,2,9,0,18,0,0,1,0,0,0,1,1,6,2,27,6,1598,1,19,-1,1,-1
201531A171015,1,9,0,9,0,8,0,0,0,0,1,1,6,2,50,8,1598,2,1,-1,1,-1
201531A171015,2,9,0,17,0,8,0,0,0,0,4,1,6,1,27,6,1332,1,6,-1,1,-1
201531A171215,1,9,0,4,0,1,0,0,0,0,1,1,6,3,-1,-1,1997,1,11,-1,-1,-1
201531A171215,2,9,0,3,0,1,0,0,0,0,2,1,6,2,45,7,1598,1,10,-1,1,-1
201531A171415,1,9,0,5,0,1,0,0,0,0,1,1,6,3,-1,-1,1968,2,4,-1,-1,-1
201531A171615,1,8,0,9,0,5,0,0,0,0,1,1,6,2,23,5,1560,2,2,-1,2,-1
201531A171615,2,9,0,18,0,8,0,0,0,0,1,1,6,2,22,5,1596,1,5,-1,1,-1
201531A172415,1,9,0,16,0,0,2,10,8,4,1,1,2,1,24,5,1149,1,13,-1,2,-1
201531A172615,1,9,0,1,0,0,0,0,0,0,4,1,6,1,85,11,1598,1,10,-1,1,-1
201531A172815,1,9,0,17,0,8,0,10,7,11,1,1,6,2,36,7,1200,1,3,-1,1,-1
201531A172915,1,19,0,2,0,0,0,0,0,0,2,1,6,1,-1,-1,-1,-1,-1,-1,-1,-1
201531A172915,2,9,0,2,0,0,0,0,0,0,1,1,6,2,55,8,1299,1,16,-1,1,-1
201531A174215,1,9,0,18,0,0,0,0,0,0,1,1,6,1,-1,-1,-1,-1,-1,-1,-1,-1
201531A174215,2,1,0,18,0,0,0,0,0,0,2,1,6,1,24,5,-1,-1,-1,-1,1,-1
201531A174615,1,9,0,9,0,6,0,0,0,0,1,1,1,1,40,7,1560,2,8,-1,1,-1
201531A174615,2,9,0,2,0,8,0,0,0,0,4,1,1,2,22,5,875,1,3,-1,1,-1
201531A174815,1,9,0,4,0,1,0,0,0,0,1,1,6,3,-1,-1,1598,2,-1,-1,-1,-1
201531A174815,2,9,0,3,0,1,0,0,0,0,2,1,6,1,48,8,1995,2,8,-1,2,-1
201531A176215,1,9,0,18,0,0,0,0,0,0,1,1,6,1,25,5,998,1,11,-1,1,-1
201531A176215,2,19,0,2,0,0,0,0,0,0,2,1,6,1,-1,-1,1997,2,12,-1,-1,-1
201531A176315,1,9,0,17,0,0,1,0,0,0,1,1,6,1,68,10,2495,2,21,-1,2,-1
201531A176315,2,9,0,17,0,0,0,0,0,0,2,1,6,2,28,6,1360,1,12,-1,1,-1
201531A177115,1,9,0,9,0,5,0,0,0,0,1,1,6,1,39,7,1749,1,13,-1,1,-1
201531A177115,2,9,0,18,0,8,0,0,0,0,3,1,6,1,27,6,1686,2,13,-1,1,-1
201531A177415,1,9,0,9,0,6,0,0,0,0,0,1,6,3,-1,-1,-1,-1,-1,-1,-1,-1
201531A177415,2,11,0,18,0,1,0,0,0,0,0,1,1,1,51,8,3900,2,11,-1,-1,-1
201531A178415,1,3,0,18,0,0,1,0,0,0,1,1,2,1,23,5,124,1,3,-1,1,-1
201531A178415,2,9,0,3,0,0,0,0,0,0,2,1,6,1,25,5,1998,2,11,-1,1,-1
201531A178415,3,21,1,14,0,0,0,0,0,0,3,1,1,1,55,8,12740,2,2,-1,1,-1
201531A178715,1,9,0,14,0,0,0,0,0,0,1,1,6,1,26,6,1975,1,13,-1,1,-1
201531A178715,2,1,0,18,0,0,0,0,0,0,3,1,6,1,10,2,-1,-1,-1,-1,-1,-1
201531A178815,1,11,0,2,0,0,0,0,0,0,4,1,1,1,28,6,4461,2,1,-1,-1,-1
201531A179115,1,9,0,9,0,5,0,0,0,0,1,1,6,1,49,8,1560,2,6,-1,1,-1
201531A179115,2,1,0,18,0,8,0,0,0,0,1,1,6,1,18,4,-1,-1,-1,-1,1,-1
201531A179215,1,4,0,18,0,8,0,0,0,0,1,1,6,1,26,6,300,1,5,-1,1,-1
201531A179215,2,9,0,9,0,8,0,0,0,0,4,1,6,1,45,7,2204,2,8,-1,3,-1
201531A181915,1,9,0,17,0,2,0,0,0,0,1,1,6,3,-1,-1,-1,-1,-1,-1,-1,-1
201531A181915,2,1,0,16,0,1,0,0,0,0,1,1,6,1,24,5,-1,-1,-1,-1,1,-1
201531A182215,1,9,0,18,0,2,0,0,0,0,3,1,6,1,40,7,1299,1,12,-1,1,-1
201531A182315,1,9,0,9,0,6,0,0,0,0,1,1,2,2,61,9,1242,1,13,-1,1,-1
201531A182315,2,3,0,18,0,8,0,0,0,0,1,1,6,1,33,6,125,1,8,-1,1,-1
201531A182915,1,9,0,18,0,8,0,0,0,0,1,1,6,2,57,9,1995,2,-1,-1,1,-1
201531A182915,2,9,0,9,0,6,0,0,0,0,3,1,6,2,39,7,1396,2,2,-1,1,-1
201531A183415,1,9,0,18,0,1,0,0,0,0,1,1,6,3,-1,-1,-1,-1,-1,-1,-1,-1
201531A183415,2,9,0,10,0,1,0,0,0,0,2,1,6,2,28,6,1560,2,4,-1,-1,-1
201531A183815,1,9,0,5,0,0,0,0,0,0,1,1,6,1,-1,-1,-1,-1,-1,-1,-1,-1
201531A183815,2,1,0,2,0,0,0,0,0,0,2,1,6,1,24,5,-1,-1,-1,-1,1,-1
201531A184215,1,9,0,9,0,5,0,0,0,0,1,1,2,2,48,8,1591,1,6,-1,1,-1
201531A184215,2,3,0,18,0,8,0,0,0,0,1,1,2,2,18,4,124,1,7,-1,1,-1
201531A184315,1,9,0,4,0,1,0,0,0,0,1,1,6,3,-1,-1,-1,-1,-1,-1,-1,-1
201531A184315,2,9,0,3,0,1,0,0,0,0,2,1,1,2,37,7,1896,2,10,-1,2,-1
201531A184815,1,9,0,18,0,0,0,0,0,0,1,1,2,2,32,6,1998,1,15,-1,2,-1
201531A184815,2,9,0,4,0,0,0,0,0,0,2,1,6,1,27,6,2488,2,3,-1,3,-1
201531A185115,1,9,0,18,0,1,0,0,0,0,1,1,6,2,20,4,1242,1,5,-1,1,-1
201531A185115,2,9,0,3,0,1,0,0,0,0,2,1,6,1,20,4,1999,1,7,-1,1,-1
201531A185115,3,9,0,3,0,1,0,0,0,0,2,1,6,3,-1,-1,-1,-1,-1,-1,-1,-1
201531A185615,1,90,0,7,0,6,0,0,0,0,0,1,1,1,-1,-1,-1,-1,-1,-1,-1,-1
201531A185615,2,9,0,18,0,8,1,10,1,11,4,1,6,1,20,4,-1,-1,-1,-1,1,-1
201531A185615,3,9,0,1,0,6,0,0,0,0,2,1,6,2,34,6,2720,2,9,-1,1,-1
201531A185815,1,9,0,18,0,1,0,0,0,0,1,1,6,2,50,8,1999,1,3,-1,1,-1
201531A185815,2,1,0,9,0,6,0,0,0,0,1,1,6,1,13,3,-1,-1,-1,-1,-1,-1
201531A186015,1,1,0,18,0,0,0,4,0,0,1,1,2,1,36,7,-1,-1,-1,-1,1,-1
201531A186015,2,20,1,2,0,0,0,0,0,0,2,1,6,1,54,8,11970,2,9,-1,2,-1
201531A186415,1,11,0,18,0,0,0,0,0,0,1,1,1,1,26,6,4500,2,3,-1,1,-1
201531A186515,1,8,0,18,0,1,0,0,0,0,1,1,1,1,42,7,1686,2,6,-1,1,-1
201531A186515,2,9,0,3,0,1,0,0,0,0,2,1,3,2,43,7,1242,1,1,-1,1,-1
201531A186715,1,9,0,18,0,6,0,0,3,2,1,1,6,2,85,11,998,1,3,-1,1,-1
201531A187015,1,9,0,18,0,0,0,0,0,0,1,1,6,2,26,6,2204,2,8,-1,1,-1
201531A187015,2,9,0,18,0,0,0,0,0,0,2,1,6,1,55,8,1560,2,1,-1,2,-1
201531A187015,3,9,0,3,0,0,0,0,0,0,2,1,6,2,55,8,1968,2,1,-1,1,-1
201531A187815,1,9,0,4,0,1,0,0,0,0,1,1,6,1,-1,-1,1248,2,1,-1,1,-1
201531A187815,2,9,0,3,0,1,0,0,0,0,2,1,6,1,40,7,1995,2,10,-1,1,-1
201531A188715,1,9,0,9,0,5,0,0,0,0,3,1,6,2,39,7,1968,2,3,-1,1,-1
201531A188715,2,5,0,18,0,8,0,0,7,5,4,1,6,1,21,5,600,1,2,-1,1,-1
201531A189115,1,9,0,9,0,6,0,0,0,0,1,1,6,1,83,11,1386,1,7,-1,1,-1
201531A189115,2,9,0,18,0,8,0,0,0,0,1,1,6,2,24,5,998,1,5,-1,1,-1
201531A189315,1,9,0,9,0,6,0,0,7,0,1,1,6,2,25,5,998,1,11,-1,-1,-1
201531A190115,1,9,0,18,0,0,0,0,0,0,1,1,6,1,43,7,2996,1,8,-1,3,-1
201531A190115,2,9,0,18,0,0,0,0,0,0,2,1,6,2,37,7,1798,1,11,-1,1,-1
201531A190215,1,9,0,5,0,1,0,0,0,0,1,1,6,2,23,5,1199,2,5,-1,1,-1
201531A190215,2,9,0,3,0,1,0,0,0,0,2,1,6,1,39,7,1995,2,3,-1,1,-1
201531A190715,1,9,0,12,0,8,0,0,1,0,3,1,6,2,59,9,1598,1,-1,-1,1,-1
201531A190715,2,2,0,13,0,8,1,0,0,0,1,1,6,1,16,4,50,1,4,-1,1,-1
201531A192315,1,9,0,18,0,8,0,0,0,0,1,1,2,1,28,6,1998,1,12,-1,1,-1
201531A192315,2,9,0,9,0,6,1,0,2,11,4,1,2,1,51,8,-1,-1,-1,-1,3,-1
201531A192415,1,5,0,7,0,3,0,0,0,0,4,1,6,1,55,8,736,1,37,-1,1,-1
201531A192615,1,9,0,7,0,5,0,0,7,11,1,1,6,2,30,6,1995,2,7,-1,1,-1
201531A192815,1,9,0,7,0,6,0,0,0,0,1,2,2,1,-1,-1,-1,-1,-1,-1,-1,-1
201531A192815,2,9,0,18,0,8,0,10,2,2,4,1,6,1,66,10,1461,2,3,-1,1,-1
201531A193815,1,9,0,11,0,0,0,0,0,0,4,1,2,1,30,6,1997,2,8,-1,1,-1
201531A193815,2,21,1,18,0,0,0,0,0,0,3,1,1,1,55,8,-1,-1,-1,-1,1,-1
201531A195815,1,9,0,18,0,1,0,0,0,0,1,1,6,1,20,4,1596,1,2,-1,1,-1
201531A195815,2,9,0,3,0,1,0,0,0,0,2,1,6,1,21,5,1360,1,8,-1,1,-1
201531A196015,1,9,0,18,0,1,0,0,0,0,1,1,2,2,48,8,1781,1,26,-1,1,-1
201531A196015,2,9,0,3,0,1,0,0,0,0,2,1,6,2,22,5,1149,1,11,-1,-1,-1
201531A196215,1,9,0,9,0,5,0,0,0,0,1,1,6,2,26,6,1299,1,8,-1,-1,-1
201531A196215,2,9,0,18,0,1,0,0,0,0,1,1,6,1,38,7,1969,2,1,-1,-1,-1
201531A196315,1,9,0,18,0,1,1,7,7,1,1,1,2,2,20,4,1242,1,1,-1,1,-1
201531A196615,1,9,0,4,0,0,0,0,0,0,1,1,6,2,-1,-1,1339,1,9,-1,1,-1
201531A196615,2,9,0,4,0,0,0,0,0,0,2,1,6,2,43,7,1997,2,10,-1,1,-1
201531A196615,3,9,0,4,0,0,0,0,0,0,0,1,6,3,-1,-1,-1,-1,-1,-1,-1,-1
201531A196915,1,9,0,18,0,1,0,0,0,0,1,1,6,1,33,6,2148,2,8,-1,1,-1
201531A196915,2,9,0,9,0,5,0,0,0,0,4,1,6,2,55,8,1896,2,14,-1,3,-1
201531A197215,1,9,0,5,0,1,0,0,0,0,1,1,6,2,46,8,1461,2,3,-1,2,-1
201531A197215,2,9,0,3,0,1,0,0,0,0,2,1,6,2,26,6,2179,2,8,-1,1,-1