Accident_Index,Vehicle_Reference,Vehicle_Type,Towing_and_Articulation,Vehicle_Manoeuvre,Vehicle_Location-Restricted_Lane,Junction_Location,Skidding_and_Overturning,Hit_Object_in_Carriageway,Vehicle_Leaving_Carriageway,Hit_Object_off_Carriageway,1st_Point_of_Impact,Was_Vehicle_Left_Hand_Drive?,Journey_Purpose_of_Driver,Sex_of_Driver,Age_of_Driver,Age_Band_of_Driver,Engine_Capacity_(CC),Propulsion_Code,Age_of_Vehicle,Driver_IMD_Decile,Driver_Home_Area_Type,Vehicle_IMD_Decile
201531A197715,1,9,0,1,0,6,0,0,0,0,2,1,6,2,22,5,973,1,14,-1,1,-1
201531A197715,2,5,0,18,0,1,0,0,0,0,1,1,6,1,72,10,649,1,6,-1,1,-1
201531A198215,1,9,0,9,0,6,0,0,0,0,2,1,6,1,40,7,1598,1,13,-1,1,-1
201531A198215,2,9,0,16,0,2,1,0,0,0,1,1,6,1,22,5,1199,1,14,-1,1,-1
201531A198515,1,19,0,18,0,1,0,0,0,0,1,1,6,1,28,6,1997,2,15,-1,1,-1
201531A198515,2,19,0,3,0,1,0,0,0,0,2,1,6,1,44,7,1996,2,1,-1,1,-1
201531A198915,1,9,0,7,0,6,0,0,0,0,1,1,6,1,32,6,1489,1,20,-1,1,-1
201531A199115,1,19,0,9,0,5,0,0,0,0,1,1,1,1,40,7,2198,2,2,-1,1,-1
201531A199115,2,9,0,18,0,8,1,0,4,6,3,1,6,2,47,8,1995,2,13,-1,1,-1
201531A199515,1,9,0,18,0,8,0,0,0,0,1,1,6,1,47,8,1999,1,-1,-1,1,-1
201531A199515,2,9,0,18,0,6,0,0,0,0,4,1,6,2,58,9,1386,1,9,-1,1,-1
201531A200315,1,9,0,4,7,8,0,10,0,0,3,1,6,1,24,5,1149,1,13,-1,1,-1
201531A201215,1,9,0,18,0,0,0,0,1,0,4,1,6,3,-1,-1,-1,-1,-1,-1,-1,-1
201531A201715,1,9,0,18,0,1,0,0,0,0,1,1,6,1,-1,-1,-1,-1,-1,-1,-1,-1
201531A201715,2,9,0,8,0,1,0,0,0,0,2,1,6,2,49,8,1229,1,2,-1,1,-1
201531A202115,1,9,0,9,0,5,0,0,0,0,4,1,6,2,30,6,1388,1,4,-1,1,-1
201531A202115,2,9,0,18,0,8,0,0,0,0,3,1,1,1,54,8,1396,1,16,-1,1,-1
201531A203115,1,9,0,18,0,1,0,0,0,0,1,1,6,1,27,6,1598,1,8,-1,2,-1
201531A203115,2,9,0,3,0,1,0,0,0,0,2,1,6,1,54,8,1396,1,-1,-1,1,-1
201531A203315,1,9,0,16,0,0,0,0,0,0,4,1,6,2,21,5,1560,2,5,-1,2,-1
201531A203315,2,9,0,17,0,0,0,0,0,0,1,1,6,2,17,4,998,1,29,-1,2,-1
201531A203415,1,9,0,9,0,6,0,0,0,0,1,1,6,2,90,11,1299,1,21,-1,1,-1
201531A203415,2,9,0,18,0,8,0,0,0,0,3,1,2,2,42,7,1998,2,8,-1,1,-1
201531A204315,1,9,0,17,0,0,1,0,0,0,3,1,6,2,65,9,1598,1,5,-1,1,-1
201531A204315,2,19,0,16,0,0,0,0,0,0,1,1,6,1,28,6,1248,2,-1,-1,1,-1
201531A205415,1,9,0,9,0,6,0,0,0,0,1,1,6,2,-1,-1,1229,1,10,-1,1,-1
201531A205415,2,3,0,17,0,8,0,0,0,0,4,1,6,1,-1,-1,124,1,6,-1,1,-1
201531A205615,1,9,0,18,0,0,0,4,0,0,1,1,1,2,29,6,1599,1,10,-1,1,-1
201531A205615,2,9,0,2,0,0,0,0,0,0,2,1,3,1,32,6,-1,-1,-1,-1,-1,-1
201531A205615,3,9,0,2,0,0,0,0,0,0,2,1,2,1,-1,-1,1596,1,10,-1,-1,-1
201531A205815,1,9,0,18,0,1,1,0,0,0,1,1,6,1,34,6,1590,1,15,-1,-1,-1
201531A205815,2,9,0,3,0,1,0,0,0,0,2,1,6,2,-1,-1,1398,1,3,-1,1,-1
201531A206015,1,9,0,18,0,0,0,0,7,0,1,1,6,2,53,8,1560,2,2,-1,1,-1
201531A206015,2,9,0,18,0,0,0,0,0,0,1,1,6,1,23,5,2000,2,10,-1,1,-1
201531A206115,1,9,0,1,0,1,0,0,0,0,2,1,6,1,24,5,1108,1,14,-1,2,-1
201531A206115,2,9,0,3,0,1,0,0,0,0,1,1,6,1,38,7,1956,2,2,-1,1,-1
201531A206215,1,9,0,9,0,5,0,10,4,6,3,1,1,2,20,4,1328,1,6,-1,1,-1
201531A206215,2,9,0,18,0,8,1,7,4,1,1,1,6,2,55,8,2902,2,11,-1,1,-1
201531A206615,1,9,0,17,0,0,1,0,1,0,3,1,2,1,22,5,2893,1,3,-1,1,-1
201531A206615,2,9,0,16,0,0,0,0,0,0,1,1,2,2,30,6,1493,2,11,-1,1,-1
201531A207215,1,9,0,18,0,1,0,0,0,0,1,1,6,1,46,8,1242,1,12,-1,1,-1
201531A207215,2,9,0,10,0,1,0,0,0,0,2,1,6,2,60,9,1229,1,7,-1,1,-1
201531A207615,1,9,0,13,0,0,0,0,0,0,1,1,2,1,39,7,1998,1,11,-1,1,-1
201531A207615,2,19,0,18,0,0,0,0,0,0,1,1,1,1,51,8,2402,2,10,-1,1,-1
201531A207715,1,9,0,18,0,0,1,10,7,11,4,1,6,1,26,6,1560,2,7,-1,1,-1
201531A208115,1,9,0,18,0,2,0,0,0,0,1,1,6,1,-1,-1,1596,1,10,-1,-1,-1
201531A208115,2,1,0,18,0,2,0,0,0,0,3,1,6,2,29,6,-1,-1,-1,-1,1,-1
201531A210415,1,11,0,18,0,1,0,0,0,0,1,1,1,1,50,8,4250,2,6,-1,2,-1
201531A210415,2,9,0,10,0,1,0,0,0,0,2,1,1,1,25,5,1598,2,2,-1,1,-1
201531A210615,1,9,0,3,0,1,0,0,0,0,1,1,6,1,43,7,1896,2,9,-1,1,-1
201531A210615,2,9,0,7,0,5,0,0,0,0,1,1,6,3,-1,-1,-1,-1,-1,-1,-1,-1
201531A211115,1,9,0,18,0,0,1,0,0,0,1,1,6,2,55,8,1248,2,1,-1,1,-1
201531A211115,2,9,0,3,0,0,0,0,0,0,2,1,6,1,46,8,1995,2,7,-1,1,-1
201531A211115,3,9,0,3,0,0,0,0,0,0,2,1,6,2,71,10,2494,2,12,-1,1,-1
201531A211415,1,9,0,18,0,0,0,0,0,0,1,1,6,2,50,8,1598,1,12,-1,1,-1
201531A211515,1,9,0,18,0,8,5,0,0,0,3,1,6,1,77,11,999,1,-1,-1,3,-1
201531A211515,2,9,0,18,0,1,0,0,0,0,1,1,6,1,59,9,2495,2,12,-1,1,-1
201531A211915,1,9,0,18,0,6,0,0,0,0,4,1,6,2,45,7,1197,1,2,-1,1,-1
201531A211915,2,9,0,18,0,1,0,0,0,0,1,1,6,2,35,6,1086,1,9,-1,1,-1
201531A213515,1,9,0,15,0,1,0,0,1,0,3,1,1,2,20,4,1995,2,1,-1,1,-1
201531A213515,2,9,0,18,0,1,0,0,0,0,4,1,6,1,78,11,1794,1,11,-1,1,-1
201531A214115,1,9,0,4,0,0,0,0,0,0,2,1,6,2,23,5,1968,2,10,-1,1,-1
201531A214115,2,9,0,18,0,0,0,0,0,0,1,1,6,1,17,4,2993,2,9,-1,1,-1
201531A214815,1,9,0,18,0,8,0,0,0,0,1,1,6,1,45,7,1596,1,8,-1,1,-1
201531A214915,1,3,0,18,0,8,1,0,0,0,3,1,6,1,24,5,125,1,-1,-1,1,-1
201531A214915,2,9,0,9,0,8,0,0,0,0,1,1,6,2,34,6,1588,1,11,-1,1,-1
201531A215115,1,5,0,18,0,0,1,0,0,0,1,1,6,1,45,7,652,1,8,-1,1,-1
201531A215115,2,19,0,4,0,0,0,0,0,0,2,1,1,1,23,5,2198,2,8,-1,1,-1
201531A215115,3,9,0,18,0,0,0,0,0,0,0,1,1,3,-1,-1,-1,-1,-1,-1,-1,-1
201531A215315,1,19,0,18,0,0,0,0,0,0,1,1,6,2,37,7,2402,2,12,-1,1,-1
201531A215315,2,19,0,3,0,0,0,0,0,0,2,1,1,1,30,6,2402,2,8,-1,1,-1
201531A215915,1,9,0,5,0,0,0,0,0,0,1,1,6,3,-1,-1,1796,1,11,-1,-1,-1
201531A215915,2,9,0,18,0,0,1,0,0,0,1,1,2,2,35,6,1490,1,7,-1,1,-1
201531A216015,1,9,0,1,0,6,0,0,0,0,2,1,6,2,26,6,1910,2,15,-1,1,-1
201531A216015,2,9,0,18,0,8,0,0,1,0,4,1,6,1,54,8,1796,1,11,-1,1,-1
201531A216115,1,9,0,5,0,0,0,0,0,0,1,1,6,1,30,6,2967,2,6,-1,1,-1
201531A216615,1,1,0,18,6,0,0,0,0,0,1,1,6,1,33,6,-1,-1,-1,-1,1,-1
201531A216615,2,9,0,2,6,0,0,0,0,0,2,1,6,1,57,9,-1,-1,-1,-1,1,-1
201531A217515,1,9,0,18,0,0,0,0,0,0,1,1,1,2,37,7,1995,2,3,-1,1,-1
201531A217515,2,19,0,4,0,0,0,0,0,0,2,1,1,1,46,8,2402,2,12,-1,1,-1
201531A218015,1,9,0,9,0,8,0,0,0,0,1,1,6,2,52,8,1968,2,8,-1,1,-1
201531A218015,2,9,0,18,0,8,0,0,0,0,1,1,6,2,50,8,1598,1,8,-1,-1,-1
201531A219115,1,9,0,18,0,2,0,0,0,0,1,1,6,3,-1,-1,-1,-1,-1,-1,-1,-1
201531A219315,1,9,0,18,0,2,0,0,0,0,1,1,6,3,-1,-1,-1,-1,-1,-1,-1,-1
201531A219815,1,9,0,16,0,0,2,0,8,4,1,1,2,1,21,5,1242,1,11,-1,1,-1
201531A220815,1,9,0,18,0,1,0,0,0,0,1,1,1,2,31,6,1360,1,14,-1,1,-1
201531A221415,1,9,0,18,0,0,0,0,0,0,1,1,6,3,-1,-1,-1,-1,-1,-1,-1,-1
201531A222715,1,9,0,8,0,1,0,0,0,0,2,1,6,2,28,6,1242,1,2,-1,1,-1
201531A222715,2,9,0,5,0,1,0,0,0,0,1,1,6,1,40,7,1364,1,1,-1,1,-1
201531A223715,1,9,4,18,0,8,0,0,0,0,3,1,1,1,56,9,1000,1,1,-1,1,-1
201531A225215,1,3,0,13,0,1,0,0,0,0,1,1,2,1,19,4,124,1,1,-1,1,-1
201531A225215,2,19,0,7,0,6,0,0,0,0,1,1,1,1,25,5,1995,2,2,-1,1,-1
201531A227015,1,9,0,18,0,8,0,0,0,0,1,1,1,1,52,8,1598,2,6,-1,1,-1
201531A227715,1,9,0,18,0,1,0,0,0,0,1,1,6,1,43,7,1598,1,1,-1,1,-1
201531A227715,2,9,0,3,0,1,0,0,0,0,2,1,6,1,38,7,1388,1,6,-1,1,-1
201531A228915,1,19,0,17,0,0,0,0,1,0,1,1,1,1,44,7,2300,2,9,-1,1,-1
201531A228915,2,9,0,16,0,0,0,0,1,0,1,1,6,2,48,8,1590,1,12,-1,3,-1
201531A229715,1,9,0,2,0,0,0,0,0,0,3,1,6,1,43,7,1997,1,12,-1,1,-1
201531A229715,2,22,0,14,0,0,0,0,0,0,1,1,2,1,31,6,-1,-1,-1,-1,-1,-1
201531A231115,1,9,0,9,0,5,0,0,0,0,1,1,6,3,-1,-1,-1,-1,-1,-1,-1,-1
201531A231415,1,9,0,9,0,5,0,0,0,0,1,1,3,2,26,6,1598,1,9,-1,1,-1
201531A231915,1,19,0,18,0,0,1,0,1,11,1,1,1,1,42,7,2402,2,6,-1,3,-1
201531A231915,2,20,0,4,0,0,0,0,0,0,2,1,1,1,43,7,6692,2,4,-1,1,-1
201531A232015,1,9,0,5,0,0,0,0,0,0,1,1,6,1,-1,-1,1998,1,9,-1,-1,-1
201531A232015,2,8,0,5,0,0,0,0,0,0,2,1,1,1,50,8,1753,2,6,-1,1,-1
201531A232215,1,9,0,12,6,0,0,0,0,0,3,1,6,1,-1,-1,1984,1,13,-1,-1,-1
201531A232215,2,9,0,18,0,0,0,0,0,0,4,1,6,1,33,6,2495,2,13,-1,1,-1
201531A232315,1,9,0,3,0,0,0,0,1,11,4,1,6,1,51,8,1998,2,1,-1,1,-1
201531A232315,2,1,0,18,0,0,0,10,1,11,3,1,6,1,22,5,-1,-1,-1,-1,1,-1
201531A233415,1,19,0,5,0,6,0,0,0,0,4,1,6,2,33,6,2148,2,9,-1,-1,-1
201531A233415,2,1,0,18,9,1,0,0,0,0,1,1,2,1,18,4,-1,-1,-1,-1,-1,-1
201531A234315,1,9,0,9,0,6,0,0,0,0,3,1,6,1,58,9,1998,2,11,-1,1,-1
201531A234315,2,3,0,13,0,8,0,0,0,0,1,1,6,1,25,5,124,1,6,-1,1,-1
201531A235015,1,9,0,18,0,0,0,0,1,0,4,1,1,1,73,10,1596,1,3,-1,1,-1
201531A235115,1,9,0,16,0,0,1,0,7,0,1,1,6,1,23,5,1796,1,14,-1,1,-1
201531A235115,2,9,0,18,0,0,0,0,0,0,1,1,6,2,58,9,1299,1,14,-1,1,-1
201531A235315,1,9,0,18,0,0,0,0,0,0,1,1,6,2,61,9,1296,1,7,-1,1,-1
201531A235315,2,19,0,4,0,0,0,0,0,0,2,1,1,1,41,7,4249,2,2,-1,1,-1
201531A235915,1,19,0,4,0,0,0,0,0,0,1,1,2,1,20,4,2402,2,7,-1,1,-1
201531A235915,2,9,0,3,0,0,0,0,0,0,2,1,2,1,31,6,1995,2,4,-1,1,-1
201531A235915,3,9,0,3,0,0,0,0,0,0,0,1,6,1,19,4,2143,2,2,-1,-1,-1
201531A236215,1,9,0,18,0,1,0,0,0,0,1,1,6,2,44,7,1995,2,12,-1,2,-1
201531A236215,2,9,0,10,0,1,0,0,0,0,2,1,6,1,51,8,1587,1,11,-1,1,-1
201531A236215,3,9,0,10,0,5,0,0,0,0,2,1,6,2,42,7,998,1,3,-1,1,-1
201531A236415,1,9,0,9,0,6,0,0,0,0,4,1,6,1,50,8,2179,2,10,-1,1,-1
201531A236415,2,9,0,18,0,8,0,0,0,0,3,1,1,1,31,6,1997,2,-1,-1,1,-1
201531A236715,1,9,0,11,0,0,0,0,0,0,1,1,6,2,34,6,1995,2,4,-1,1,-1
201531A236715,2,9,0,3,0,0,0,0,0,0,2,1,6,2,41,7,1388,1,11,-1,1,-1
201531A236715,3,9,0,3,0,0,0,0,0,0,2,1,2,1,43,7,1388,1,5,-1,1,-1
201531A237415,1,9,0,18,0,1,2,7,0,0,1,1,6,1,19,4,1149,1,15,-1,-1,-1
201531A237715,1,19,0,18,0,1,2,10,0,0,4,1,6,1,32,6,1461,2,12,-1,2,-1
201531A238015,1,9,0,9,0,8,0,0,0,0,4,1,6,2,32,6,1910,2,7,-1,1,-1
201531A238015,2,9,0,18,0,8,0,0,0,0,1,1,6,1,21,5,-1,-1,-1,-1,1,-1
201531A238115,1,9,0,18,0,0,1,4,0,0,1,1,6,1,21,5,1248,2,4,-1,1,-1
201531A238115,2,9,0,2,0,0,0,0,0,0,3,1,6,3,-1,-1,1984,1,13,-1,-1,-1
201531A238115,3,9,0,2,0,0,0,0,0,0,2,1,6,3,-1,-1,1598,1,5,-1,-1,-1
201531A238115,4,9,0,2,0,0,0,0,0,0,2,1,6,3,-1,-1,1199,1,13,-1,-1,-1
201531A240415,1,9,0,17,0,0,2,0,7,0,3,1,6,1,17,4,1199,1,11,-1,1,-1
201531A241015,1,9,0,9,0,6,0,0,0,0,3,1,2,2,19,4,1242,1,11,-1,1,-1
201531A241015,2,9,0,18,0,8,0,0,0,0,1,1,2,1,53,8,1598,1,9,-1,1,-1
201531A241315,1,9,0,18,0,0,0,0,0,0,1,1,6,1,68,10,1598,1,3,-1,1,-1
201531A241315,2,9,0,18,0,0,0,0,0,0,1,1,6,1,69,10,2435,1,17,-1,1,-1
201531A241515,1,9,0,3,0,1,0,0,0,0,3,1,2,2,48,8,1388,1,7,-1,1,-1
201531A241715,1,1,0,18,9,2,0,0,0,0,1,1,1,1,25,5,-1,-1,-1,-1,-1,-1
201531A241715,2,9,0,18,0,3,0,0,0,0,4,1,6,1,56,9,1796,1,6,-1,1,-1
201531A242015,1,9,0,18,0,0,0,0,0,0,1,1,6,1,-1,-1,-1,-1,-1,-1,-1,-1
201531A243015,1,9,0,18,0,8,0,0,0,0,3,1,1,1,39,7,1598,2,4,-1,1,-1
201531A243015,2,9,0,18,0,8,0,0,0,0,1,1,6,2,23,5,1798,1,6,-1,-1,-1
201531A244215,1,9,0,3,0,1,0,0,0,0,2,1,6,1,52,8,1679,1,13,-1,1,-1
201531A244215,2,9,0,3,0,1,0,0,0,0,2,1,6,1,71,10,1753,2,13,-1,1,-1
201531A244215,3,9,0,4,0,1,0,0,0,0,1,1,6,2,46,8,1598,1,9,-1,1,-1
201531A244315,1,9,0,18,0,1,1,0,0,0,1,1,6,2,18,4,1242,1,12,-1,2,-1
201531A244315,2,9,0,3,0,4,0,0,0,0,2,1,6,1,22,5,1360,1,7,-1,2,-1
201531A245215,1,9,0,14,0,0,0,0,0,0,4,1,6,2,-1,-1,1229,1,10,-1,-1,-1
201531A245215,2,9,0,2,0,0,0,0,0,0,0,1,6,2,-1,-1,-1,-1,-1,-1,1,-1
201531A245415,1,8,0,9,0,6,0,0,0,0,1,1,1,1,24,5,1753,2,7,-1,1,-1
201531A245415,2,9,0,4,0,8,0,0,0,0,3,1,6,2,27,6,1296,1,8,-1,1,-1
201531A246215,1,9,0,9,0,6,0,0,0,0,1,1,6,2,22,5,1587,1,12,-1,-1,-1
201531A246215,2,9,0,18,0,8,0,0,0,0,1,1,6,2,46,8,1339,1,8,-1,1,-1
201531A246615,1,9,0,9,0,5,0,0,0,0,1,1,6,2,36,7,1796,1,16,-1,-1,-1
201531A246615,2,9,0,18,0,8,0,0,0,0,1,1,6,1,22,5,1390,1,2,-1,1,-1
201531A247215,1,9,0,18,0,8,0,0,0,0,1,1,6,1,21,5,1389,1,12,-1,1,-1
201531A247215,2,9,0,18,0,8,0,0,0,0,1,1,6,1,45,7,2496,1,11,-1,2,-1
201531A247315,1,9,0,18,0,1,0,0,0,0,1,1,6,2,43,7,1796,1,13,-1,1,-1
201531A247915,1,9,0,18,0,2,2,10,0,0,1,1,6,2,18,4,1598,2,3,-1,1,-1
201531A247915,2,9,0,18,0,2,1,0,0,0,2,1,6,1,26,6,1910,2,9,-1,1,-1
201531A248115,1,9,0,18,0,1,0,0,0,0,1,1,2,1,66,10,999,1,2,-1,1,-1
201531A248415,1,3,0,18,0,0,0,0,0,0,1,1,6,1,22,5,125,1,13,-1,1,-1
201531A248415,2,9,0,2,0,0,0,0,0,0,0,1,6,1,29,6,1598,2,4,-1,1,-1
201531A248715,1,9,0,18,0,0,0,4,0,0,1,1,6,2,80,11,1591,1,3,-1,1,-1
201531A248715,2,20,0,2,0,0,0,0,1,0,2,1,6,1,32,6,2402,2,9,-1,1,-1
201531A249815,1,9,0,18,0,0,0,0,0,0,1,1,6,3,-1,-1,-1,-1,-1,-1,-1,-1
201531A249815,2,1,0,18,0,0,0,0,0,0,2,1,1,1,53,8,-1,-1,-1,-1,1,-1
201531A249915,1,9,0,4,0,1,0,0,0,0,1,1,6,1,-1,-1,-1,-1,-1,-1,-1,-1
201531A249915,2,9,0,3,0,1,0,0,0,0,2,1,2,2,56,9,998,1,-1,-1,1,-1
201531A250015,1,9,0,5,0,1,0,0,0,0,1,1,2,1,28,6,-1,-1,-1,-1,1,-1
201531A250015,2,1,0,18,0,8,0,0,0,0,4,1,6,1,15,3,-1,-1,-1,-1,1,-1
201531A250215,1,9,0,18,0,1,0,0,0,0,1,1,6,3,-1,-1,1362,1,3,-1,-1,-1
201531A250215,2,9,0,8,0,1,0,0,0,0,2,1,6,1,66,10,1598,1,6,-1,1,-1
201531A250515,1,9,0,18,0,8,0,0,0,0,1,1,6,3,-1,-1,2700,2,11,-1,-1,-1
201531A250515,2,9,0,3,0,8,0,0,0,0,2,1,6,2,44,7,1242,1,5,-1,1,-1
201531A251015,1,1,0,5,9,6,0,0,0,0,4,1,2,1,68,10,-1,-1,-1,-1,-1,-1
201531A251015,2,19,0,18,0,1,0,0,0,0,1,1,2,1,31,6,1753,2,9,-1,1,-1
201531A251415,1,19,0,18,0,1,0,0,0,0,3,1,2,1,50,8,2287,2,1,-1,1,-1
201531A251415,2,9,0,18,0,1,0,0,0,0,3,1,6,2,37,7,1781,1,12,-1,1,-1
201531A252515,1,9,0,9,0,3,0,0,0,0,1,1,6,1,43,7,1598,2,2,-1,1,-1
201531A252715,1,9,0,16,0,4,0,0,0,0,1,1,1,1,42,7,1984,1,13,-1,1,-1
201531A252715,2,9,0,9,0,8,0,0,0,0,4,1,1,1,30,6,2401,2,9,-1,1,-1
201531A254215,1,2,0,18,0,0,1,0,0,0,1,1,1,2,26,6,125,1,-1,-1,1,-1
201531A254815,1,9,0,18,0,2,1,0,0,0,1,1,6,1,21,5,999,1,3,-1,1,-1
201531A254915,1,3,0,18,0,8,0,0,0,0,1,1,6,1,19,4,-1,-1,-1,-1,1,-1
201531A254915,2,9,0,9,0,5,0,0,0,0,4,1,6,1,30,6,1587,1,8,-1,1,-1
201531A255415,1,2,0,18,0,1,0,0,0,0,1,1,1,1,21,5,49,1,3,-1,1,-1
201531A255415,2,9,0,9,0,5,0,0,0,0,2,1,1,2,50,8,1999,1,10,-1,1,-1
201531A255615,1,9,0,3,0,1,0,0,0,0,2,1,6,2,25,5,1149,1,8,-1,1,-1
201531A255615,2,9,0,18,0,1,0,0,0,0,1,1,6,3,-1,-1,1596,1,13,-1,-1,-1
201531A255715,1,9,0,18,0,0,0,0,0,0,1,1,6,3,-1,-1,-1,-1,-1,-1,-1,-1
201531A255715,2,9,0,5,0,0,0,0,0,0,3,1,6,2,23,5,1229,1,3,-1,1,-1
201531A257815,1,19,0,18,0,0,0,0,0,0,1,1,6,1,19,4,1995,2,7,-1,1,-1
201531A257815,2,19,0,18,0,0,0,0,0,0,1,1,6,1,24,5,2402,2,6,-1,1,-1
201531A257815,3,9,0,18,0,0,0,0,0,0,1,1,6,1,38,7,1968,2,10,-1,2,-1
201531A259215,1,9,0,17,0,0,0,0,1,11,1,1,2,1,21,5,1995,2,6,-1,1,-1
201531A259915,1,9,0,17,0,0,0,7,7,0,3,1,2,1,19,4,1149,1,12,-1,1,-1
201531A260515,1,9,0,1,0,8,0,0,0,0,2,1,6,1,-1,-1,1390,1,12,-1,1,-1
201531A260515,2,9,0,2,0,8,0,0,0,0,2,1,6,1,21,5,-1,-1,-1,-1,1,-1
201531A260715,1,9,0,18,0,0,1,4,2,2,1,1,6,1,23,5,1596,1,14,-1,1,-1
201531A260715,2,9,0,2,0,0,0,0,0,0,3,1,6,1,-1,-1,1910,2,9,-1,-1,-1
201531A261115,1,9,0,9,0,6,0,0,0,0,1,1,3,2,17,4,1997,2,7,-1,1,-1
201531A261115,2,9,0,18,0,7,0,0,0,0,3,1,3,2,18,4,1299,1,8,-1,1,-1
201531A261315,1,9,0,9,0,5,0,0,0,0,1,1,6,1,64,9,998,1,6,-1,1,-1
201531A261315,2,3,0,18,0,8,0,0,0,0,1,1,6,1,22,5,124,1,8,-1,1,-1
201531A261515,1,11,0,14,0,0,0,0,0,0,0,1,1,1,-1,-1,9000,2,12,-1,1,-1
201531A263015,1,9,0,18,0,0,5,0,1,11,1,1,6,1,25,5,1896,2,8,-1,1,-1
201531A263815,1,9,0,4,0,0,0,0,0,0,2,1,6,1,26,6,1997,2,4,-1,1,-1
201531A263815,2,9,0,18,0,0,0,0,0,0,1,1,6,2,19,4,-1,-1,-1,-1,1,-1
201531A264215,1,9,0,9,0,6,0,0,0,0,1,1,6,1,36,7,-1,-1,-1,-1,1,-1
201531A264215,2,1,0,18,0,8,0,0,0,0,4,1,6,1,48,8,-1,-1,-1,-1,1,-1
201531A264915,1,9,0,18,0,0,2,4,0,0,1,1,6,1,21,5,1461,2,-1,-1,1,-1
201531A264915,2,9,0,2,0,0,0,0,0,0,2,1,3,2,38,7,1596,1,10,-1,1,-1
201531A265015,1,9,0,9,0,6,0,0,0,0,3,1,1,1,21,5,1999,1,12,-1,1,-1
201531A265015,2,9,0,18,0,8,0,0,0,0,1,1,6,1,52,8,1994,1,10,-1,1,-1
201531A265015,3,9,0,10,0,8,0,0,0,0,1,1,6,1,69,10,2171,1,13,-1,2,-1
201531A265315,1,9,0,18,0,0,0,0,0,0,1,1,6,2,26,6,1229,1,6,-1,1,-1
201531A266415,1,9,0,18,0,2,1,0,0,0,1,1,6,1,20,4,1299,1,16,-1,2,-1
201531A266415,2,21,0,18,0,2,0,0,0,0,2,1,1,1,26,6,6692,2,3,-1,1,-1
201531A266615,1,9,0,18,0,1,0,0,0,0,1,1,6,1,34,6,2143,2,6,-1,1,-1
201531A266615,2,9,0,3,0,1,0,0,0,0,2,1,6,1,55,8,1968,2,4,-1,2,-1
201531A266915,1,9,0,12,0,0,0,0,0,0,3,1,6,2,54,8,1997,1,4,-1,1,-1
201531A266915,2,9,0,18,0,0,0,0,0,0,4,1,6,1,50,8,1461,2,9,-1,1,-1
201531A270715,1,9,0,17,0,0,1,10,0,0,4,1,1,1,28,6,1997,2,10,-1,-1,-1
201531A270715,2,9,0,2,0,0,0,0,0,0,2,1,6,3,-1,-1,1910,2,9,-1,-1,-1
201531A270715,3,9,0,2,0,0,0,0,0,0,2,1,6,3,-1,-1,1248,2,1,-1,-1,-1
201531A271015,1,9,0,9,0,5,0,0,0,0,3,1,6,2,37,7,1761,1,15,-1,-1,-1
201531A271015,2,9,0,13,0,8,0,0,0,0,1,1,6,1,42,7,1149,1,13,-1,-1,-1
201531A271515,1,9,0,18,0,1,0,0,0,0,1,1,6,2,35,6,2488,2,7,-1,-1,-1
201531A271515,2,8,0,7,0,5,0,0,0,0,4,1,3,1,37,7,1968,2,4,-1,-1,-1
201531A271815,1,9,0,18,0,0,0,0,0,0,1,1,6,1,64,9,1560,2,6,-1,1,-1
201531A272115,1,19,0,5,0,1,0,0,1,0,3,1,6,3,-1,-1,2402,2,7,-1,-1,-1
201531A272115,2,9,0,4,0,1,0,0,0,0,4,1,6,2,26,6,2199,2,7,-1,1,-1
201531A272415,1,9,0,18,0,1,0,0,0,0,1,1,6,1,-1,-1,1242,1,14,-1,3,-1
201531A272415,2,9,0,3,0,1,0,0,0,0,2,1,6,2,41,7,1364,1,5,-1,1,-1
201531A272515,1,9,0,9,0,6,0,0,0,0,1,1,6,3,-1,-1,3222,2,10,-1,-1,-1
201531A272515,2,9,0,18,0,8,0,0,0,0,4,1,1,2,35,6,1995,2,13,-1,1,-1
201531A273015,1,9,0,18,0,0,0,0,0,0,1,1,6,1,-1,-1,-1,-1,-1,-1,-1,-1
201531A273115,1,9,0,18,0,0,0,0,0,0,1,1,6,3,-1,-1,1360,1,11,-1,-1,-1
201531A273115,2,9,0,3,0,0,0,0,0,0,2,1,6,1,64,9,1995,2,15,-1,2,-1
201531A273815,1,9,0,18,0,0,0,0,0,0,3,1,6,3,-1,-1,-1,-1,-1,-1,-1,-1
201531A273815,2,9,0,18,0,0,0,0,0,0,3,1,2,2,25,5,1461,2,10,-1,1,-1
201531A273915,1,9,0,7,0,4,0,0,0,0,3,1,6,2,26,6,1299,1,11,-1,1,-1
201531A273915,2,9,0,18,0,4,0,0,0,0,1,1,6,2,49,8,1598,1,15,-1,1,-1
201531A274615,1,9,0,3,0,0,0,0,0,0,2,1,6,3,-1,-1,-1,-1,-1,-1,-1,-1
201531A274615,2,9,0,3,0,0,0,0,0,0,2,1,6,2,70,10,999,1,5,-1,1,-1