Accident_Index,Vehicle_Reference,Vehicle_Type,Towing_and_Articulation,Vehicle_Manoeuvre,Vehicle_Location-Restricted_Lane,Junction_Location,Skidding_and_Overturning,Hit_Object_in_Carriageway,Vehicle_Leaving_Carriageway,Hit_Object_off_Carriageway,1st_Point_of_Impact,Was_Vehicle_Left_Hand_Drive?,Journey_Purpose_of_Driver,Sex_of_Driver,Age_of_Driver,Age_Band_of_Driver,Engine_Capacity_(CC),Propulsion_Code,Age_of_Vehicle,Driver_IMD_Decile,Driver_Home_Area_Type,Vehicle_IMD_Decile
201531A274615,3,9,0,18,0,0,0,0,0,0,1,1,6,1,-1,-1,1984,1,13,-1,1,-1
201531A275015,1,9,0,1,0,1,0,0,0,0,2,1,6,1,49,8,1956,2,3,-1,1,-1
201531A275215,1,9,0,9,0,6,0,0,0,0,3,1,6,1,53,8,1998,1,11,-1,2,-1
201531A275215,2,9,0,18,0,8,1,0,0,0,1,1,6,1,57,9,1198,1,6,-1,3,-1
201531A275815,1,19,0,18,0,1,0,0,0,0,1,1,1,1,-1,-1,2287,2,5,-1,-1,-1
201531A275815,2,9,0,10,0,1,0,0,0,0,2,1,6,2,43,7,1686,2,4,-1,1,-1
201531A275815,3,9,0,10,0,1,0,0,0,0,2,1,6,1,30,6,1753,2,6,-1,1,-1
201531A275915,1,9,0,9,0,6,0,0,0,0,1,1,2,1,31,6,1910,2,8,-1,1,-1
201531A275915,2,3,0,14,0,8,0,0,0,0,4,1,2,1,17,4,125,1,4,-1,1,-1
201531A276115,1,9,0,18,0,1,0,7,1,11,1,1,6,2,21,5,1242,1,8,-1,1,-1
201531A276515,1,9,0,7,0,5,0,0,0,0,1,1,6,2,-1,-1,1598,2,-1,-1,1,-1
201531A276515,2,1,0,18,0,2,0,0,0,0,3,1,6,1,-1,-1,-1,-1,-1,-1,1,-1
201531A276615,1,9,0,5,0,2,0,0,0,0,1,1,6,2,24,5,1229,1,5,-1,1,-1
201531A276715,1,9,0,18,0,1,0,0,0,0,4,1,2,1,47,8,1968,2,6,-1,1,-1
201531A277615,1,9,0,18,0,0,0,0,0,0,1,1,6,2,55,8,2204,2,6,-1,-1,-1
201531A277615,2,9,0,3,0,0,0,0,0,0,2,1,6,2,44,7,1242,1,4,-1,-1,-1
201531A277715,1,9,0,9,0,6,0,0,0,0,3,1,6,1,71,10,1582,2,3,-1,1,-1
201531A277715,2,3,0,18,0,1,0,0,0,0,1,1,6,1,16,4,124,1,-1,-1,1,-1
201531A278515,1,9,0,18,0,0,0,0,0,0,0,1,6,1,89,11,1329,1,6,-1,1,-1
201531A279415,1,9,0,9,0,6,0,0,0,0,1,1,6,1,-1,-1,1968,2,10,-1,1,-1
201531A279415,2,11,0,18,0,8,0,0,0,0,4,1,1,1,53,8,4250,2,5,-1,1,-1
201531A279915,1,9,0,18,0,2,0,0,0,0,1,1,6,1,48,8,1799,1,6,-1,1,-1
201531A280215,1,3,0,18,0,0,1,0,0,0,1,1,6,1,23,5,125,1,10,-1,1,-1
201531A280215,2,9,0,4,0,0,0,0,0,0,2,1,6,2,24,5,1896,2,7,-1,1,-1
201531A283015,1,9,0,4,0,8,0,0,0,0,1,1,6,2,22,5,1490,1,8,-1,1,-1
201531A283015,2,9,0,18,0,8,1,0,0,0,1,1,6,1,19,4,973,1,14,-1,1,-1
201531A283215,1,9,0,18,0,1,0,0,0,0,1,1,6,1,53,8,1868,2,14,-1,1,-1
201531A283215,2,9,0,18,0,1,0,0,0,0,2,1,6,1,32,6,1995,2,10,-1,1,-1
201531A283215,3,9,0,11,0,1,0,0,0,0,0,1,6,3,-1,-1,-1,-1,-1,-1,-1,-1
201531A284315,1,9,0,18,0,8,0,0,0,0,1,1,6,1,28,6,1396,1,13,-1,1,-1
201531A284815,1,19,0,5,0,0,0,0,0,0,0,1,6,1,43,7,2198,2,-1,-1,1,-1
201531A284815,2,3,0,18,0,0,1,0,0,0,3,1,6,1,24,5,125,1,9,-1,1,-1
201531A286315,1,9,0,18,0,0,0,0,0,0,1,1,6,1,74,10,2184,2,13,-1,1,-1
201531A286415,1,21,1,7,0,6,5,0,0,0,3,1,1,1,43,7,12900,2,3,-1,3,-1
201531A287415,1,9,0,7,0,6,0,0,0,0,1,1,6,1,31,6,998,1,10,-1,2,-1
201531A287415,2,9,0,14,0,1,0,0,0,0,4,1,6,1,35,6,1998,1,10,-1,1,-1
201531A288415,1,9,0,9,0,4,0,0,0,0,3,1,6,2,55,8,1299,1,16,-1,1,-1
201531A288415,2,9,0,18,0,8,0,0,0,0,1,1,6,1,62,9,998,1,2,-1,1,-1
201531A290115,1,3,0,18,0,0,1,0,0,0,1,1,2,1,19,4,124,1,4,-1,1,-1
201531A291015,1,3,0,17,0,8,0,0,0,0,3,1,2,1,20,4,124,1,5,-1,1,-1
201531A291215,1,4,0,18,0,8,0,0,0,0,3,1,6,1,17,4,-1,-1,-1,-1,1,-1
201531A291215,2,9,0,9,0,5,0,0,0,0,1,1,6,2,51,8,1242,1,5,-1,1,-1
201531A291315,1,9,0,18,0,0,0,0,0,0,1,1,6,2,22,5,1199,2,2,-1,1,-1
201531A291315,2,9,0,4,0,0,0,0,0,0,2,1,6,1,46,8,1198,1,12,-1,2,-1
201531A291815,1,3,0,18,0,8,0,0,0,0,1,1,2,1,35,6,124,1,-1,-1,1,-1
201531A291815,2,9,0,18,0,8,0,0,0,0,1,1,2,2,22,5,1388,1,11,-1,1,-1
201531A292315,1,9,0,18,0,1,1,0,0,0,1,1,6,1,40,7,1984,1,13,-1,1,-1
201531A292315,2,9,0,3,0,1,0,0,0,0,2,1,6,1,25,5,998,1,-1,-1,1,-1
201531A293615,1,9,0,18,0,1,0,0,0,0,1,1,6,2,-1,-1,1299,1,14,-1,1,-1
201531A293615,2,9,0,3,0,1,0,0,0,0,2,1,6,2,31,6,998,1,13,-1,1,-1
201531A293915,1,9,0,18,0,1,0,0,0,0,2,1,6,2,43,7,-1,-1,-1,-1,2,-1
201531A293915,2,9,0,18,0,1,1,0,0,0,1,1,6,2,23,5,-1,-1,-1,-1,1,-1
201531A294815,1,9,0,9,0,5,0,0,0,0,1,1,6,2,-1,-1,1598,1,17,-1,1,-1
201531A294815,2,9,0,18,0,8,0,0,0,0,1,1,6,1,68,10,1149,1,10,-1,1,-1
201531B001615,1,9,0,9,0,2,0,0,0,0,2,1,6,1,59,9,2987,2,-1,-1,3,-1
201531B001615,2,9,0,4,0,2,0,0,0,0,1,1,6,2,29,6,-1,-1,-1,-1,2,-1
201531B001615,3,9,0,3,0,2,0,0,0,0,1,1,6,2,48,8,-1,-1,-1,-1,-1,-1
201531B001715,1,9,0,2,0,0,0,0,0,0,4,1,6,1,71,10,1596,1,13,-1,3,-1
201531B001715,2,1,0,18,5,0,0,8,0,0,1,1,6,2,60,9,-1,-1,-1,-1,2,-1
201531B001915,1,9,0,18,0,0,0,0,0,0,1,1,1,1,21,5,1364,1,7,-1,2,-1
201531B001915,2,9,0,12,0,0,0,0,0,0,2,1,6,1,18,4,1199,1,11,-1,3,-1
201531B002015,1,20,0,18,0,1,1,0,0,0,1,1,1,1,40,7,-1,-1,-1,-1,3,-1
201531B002015,2,9,0,3,0,1,0,0,0,0,2,1,2,1,17,4,-1,-1,-1,-1,-1,-1
201531B002015,3,19,0,3,0,1,0,0,0,0,2,1,1,1,45,7,2499,2,1,-1,1,-1
201531B002715,1,9,0,2,9,0,0,0,0,0,3,1,6,1,25,5,1598,1,1,-1,-1,-1
201531B002715,2,22,0,18,9,0,0,4,0,0,1,1,6,1,59,9,-1,-1,-1,-1,2,-1
201531B003815,1,9,0,9,0,6,0,0,0,0,1,1,6,1,74,10,1461,2,6,-1,1,-1
201531B003815,2,1,0,18,0,8,0,0,0,0,1,1,6,2,55,8,-1,-1,-1,-1,1,-1
201531B004915,1,9,0,18,0,2,0,0,0,0,1,1,6,2,19,4,1248,2,7,-1,-1,-1
201531B004915,2,9,0,4,0,2,0,0,0,0,2,1,6,2,48,8,1240,1,6,-1,-1,-1
201531B004915,3,19,0,4,0,2,0,0,0,0,0,1,6,3,-1,-1,-1,-1,-1,-1,-1,-1
201531B005115,1,9,0,18,0,8,0,4,0,0,1,1,6,1,69,10,-1,-1,-1,-1,2,-1
201531B005115,2,9,0,2,0,8,0,4,1,0,1,1,6,3,-1,-1,2487,2,16,-1,-1,-1
201531B005115,3,9,0,2,0,2,0,0,0,0,2,1,6,3,-1,-1,1599,1,11,-1,-1,-1
201531B005215,1,9,0,18,0,8,0,0,0,0,1,1,1,1,29,6,1686,2,13,-1,2,-1
201531B005215,2,9,0,3,0,8,0,0,0,0,2,1,6,2,43,7,1598,1,10,-1,1,-1
201531B005215,3,9,0,3,0,8,0,0,0,0,2,1,6,2,39,7,1995,2,2,-1,2,-1
201531B005515,1,9,0,15,0,0,0,0,0,0,0,1,6,3,-1,-1,-1,-1,-1,-1,-1,-1
201531B005515,2,5,0,18,0,0,1,0,1,0,1,1,1,1,29,6,649,1,5,-1,1,-1
201531B006015,1,19,0,18,0,0,0,0,0,0,1,1,6,1,57,9,-1,-1,-1,-1,1,-1
201531B006015,2,9,0,18,0,0,0,0,0,0,2,1,6,2,41,7,1328,1,5,-1,1,-1
201531B006515,1,9,0,18,0,1,1,0,0,0,1,1,6,1,24,5,-1,-1,-1,-1,1,-1
201531B006515,2,9,0,3,0,1,0,0,0,0,2,1,2,1,48,8,-1,-1,-1,-1,2,-1
201531B007315,1,1,0,9,0,5,1,0,0,0,3,1,6,1,79,11,-1,-1,-1,-1,-1,-1
201531B007315,2,9,0,13,0,8,0,0,0,0,1,1,6,1,66,10,1997,2,16,-1,1,-1
201531B007615,1,9,0,9,0,5,0,0,0,0,4,1,3,2,31,6,1368,1,8,-1,1,-1
201531B007615,2,2,0,18,0,8,0,0,0,0,1,1,6,1,20,4,49,1,13,-1,1,-1
201531B008115,1,9,0,13,0,1,0,0,0,0,2,1,6,3,-1,-1,-1,-1,-1,-1,-1,-1
201531B008115,2,1,0,18,0,1,0,0,0,0,1,1,6,2,43,7,-1,-1,-1,-1,-1,-1
201531B008315,1,19,0,13,0,0,0,0,0,0,4,1,1,1,40,7,1753,2,4,-1,1,-1
201531B008315,2,1,0,12,0,0,0,0,0,0,3,1,6,1,68,10,-1,-1,-1,-1,1,-1
201531B008715,1,9,0,13,0,0,1,0,0,0,4,1,2,1,66,10,1991,2,9,-1,3,-1
201531B008715,2,20,0,18,0,0,0,0,0,0,3,1,1,1,56,9,5880,2,9,-1,1,-1
201531B009415,1,9,0,7,0,4,0,0,0,0,1,1,6,1,55,8,1685,2,3,-1,3,-1
201531B009415,2,1,0,9,0,5,0,0,0,0,1,1,6,1,58,9,-1,-1,-1,-1,-1,-1
201531B010015,1,9,0,16,0,0,2,0,1,11,1,1,6,1,38,7,1769,1,10,-1,3,-1
201531B010015,2,9,0,17,0,0,0,0,0,0,1,1,6,1,66,10,-1,-1,-1,-1,1,-1
201531B010615,1,9,0,13,0,0,0,0,0,0,0,1,6,3,-1,-1,-1,-1,-1,-1,-1,-1
201531B010615,2,9,0,17,0,0,1,10,7,0,3,1,2,1,45,7,-1,-1,-1,-1,2,-1
201531B010815,1,9,0,14,0,1,0,0,0,0,1,1,6,1,-1,-1,-1,-1,-1,-1,1,-1
201531B010815,2,9,0,3,0,1,0,0,1,0,2,1,3,2,32,6,1198,1,2,-1,1,-1
201531B011015,1,9,0,9,0,6,0,0,0,0,1,1,6,2,20,4,1229,1,10,-1,2,-1
201531B011015,2,1,0,18,0,8,0,0,0,0,4,1,2,1,34,6,-1,-1,-1,-1,-1,-1
201531B011615,1,9,0,18,0,1,0,4,0,0,1,1,6,1,60,9,1796,1,12,-1,3,-1
201531B011615,2,9,0,2,0,1,0,0,0,0,3,1,6,3,-1,-1,1398,2,11,-1,-1,-1
201531B013215,1,9,0,18,0,8,0,0,0,0,1,1,1,1,60,9,1968,2,4,-1,-1,-1
201531B013215,2,9,0,9,0,6,0,0,0,0,3,1,6,1,44,7,1360,1,8,-1,1,-1
201531B013415,1,9,0,16,0,0,1,0,1,9,4,1,6,2,89,11,998,1,14,-1,3,-1
201531B013515,1,19,0,4,0,1,1,0,0,0,1,1,2,1,38,7,-1,-1,-1,-1,1,-1
201531B013515,2,9,0,3,0,1,0,0,0,0,2,1,6,1,37,7,-1,-1,-1,-1,2,-1
201531B013615,1,9,0,4,0,6,1,0,0,0,0,1,6,2,32,6,1386,1,7,-1,2,-1
201531B013615,2,9,0,18,0,8,1,0,0,0,1,1,6,1,67,10,1969,2,-1,-1,1,-1
201531B013615,3,9,0,18,0,8,1,0,1,9,1,1,6,2,32,6,-1,-1,-1,-1,2,-1
201531B013715,1,9,0,16,0,0,1,0,1,0,1,1,2,1,24,5,-1,-1,-1,-1,1,-1
201531B013715,2,9,0,17,0,0,0,0,1,0,1,1,6,2,49,8,-1,-1,-1,-1,3,-1
201531B013815,1,9,0,18,0,8,0,0,0,0,3,1,1,2,38,7,1229,1,8,-1,2,-1
201531B013815,2,9,0,9,0,5,1,0,0,0,4,1,1,2,37,7,998,1,1,-1,1,-1
201531B014015,1,9,0,16,0,0,1,0,7,9,1,1,2,1,29,6,1896,2,6,-1,1,-1
201531B014015,2,19,4,17,0,0,0,0,0,0,3,1,1,1,53,8,2402,2,4,-1,1,-1
201531B014115,1,9,0,14,0,0,0,4,0,0,1,1,6,3,-1,-1,1399,2,12,-1,-1,-1
201531B014115,2,9,0,2,0,0,0,0,0,0,2,1,6,2,48,8,1341,1,10,-1,1,-1
201531B014215,1,9,0,16,0,2,1,4,0,0,1,1,6,2,22,5,-1,-1,-1,-1,1,-1
201531B014215,2,19,0,2,0,2,0,0,0,0,4,1,1,1,53,8,-1,-1,-1,-1,-1,-1
201531B014215,3,9,0,18,0,1,0,0,0,0,1,1,6,1,47,8,1395,1,-1,-1,1,-1
201531B014915,1,9,0,4,0,1,0,0,0,0,1,1,6,1,76,11,-1,-1,-1,-1,1,-1
201531B014915,2,9,0,3,0,1,0,0,0,0,2,1,1,1,-1,-1,1560,2,2,-1,-1,-1
201531B015915,1,9,0,18,0,0,0,0,0,0,1,1,6,1,51,8,-1,-1,-1,-1,1,-1
201531B015915,2,19,0,18,0,0,0,0,1,4,1,1,1,1,34,6,-1,-1,-1,-1,1,-1
201531B016315,1,9,0,18,0,0,2,10,1,6,4,1,6,1,22,5,-1,-1,-1,-1,3,-1
201531B016415,1,19,0,9,0,6,0,0,0,0,3,1,1,1,42,7,2198,2,3,-1,2,-1
201531B016415,2,3,0,13,0,1,0,0,0,0,1,1,1,1,20,4,125,1,7,-1,1,-1
201531B016415,3,9,0,18,0,1,0,0,0,0,0,1,6,3,-1,-1,-1,-1,-1,-1,-1,-1
201531B016915,1,19,0,13,0,0,0,0,0,0,0,1,1,1,42,7,2143,2,1,-1,-1,-1
201531B016915,2,9,0,13,0,0,1,0,8,10,1,1,6,1,62,9,1968,2,7,-1,1,-1
201531B016915,3,21,1,18,0,0,0,0,0,0,3,1,1,1,37,7,12902,2,3,-1,1,-1
201531B017415,1,9,0,18,0,1,0,0,0,0,1,1,6,1,77,11,1388,1,12,-1,2,-1
201531B018115,1,9,0,7,0,4,0,0,0,0,1,1,6,2,64,9,-1,-1,-1,-1,3,-1
201531B018115,2,9,0,18,0,8,0,0,0,0,4,1,6,1,19,4,999,1,-1,-1,1,-1
201531B018515,1,9,0,9,0,6,0,0,0,0,3,1,6,1,84,11,1796,1,11,-1,2,-1
201531B018515,2,9,0,18,0,8,0,0,0,0,1,1,2,1,52,8,-1,-1,-1,-1,1,-1
201531B018815,1,9,0,4,0,1,0,0,0,0,1,1,6,2,-1,-1,1461,2,4,-1,-1,-1
201531B018815,2,9,0,8,0,1,0,0,0,0,2,1,3,1,46,8,1586,1,11,-1,1,-1
201531B019515,1,9,0,14,0,0,0,0,0,0,4,1,6,2,63,9,1198,1,4,-1,1,-1
201531B020415,1,11,0,4,0,0,0,0,0,0,0,1,1,1,61,9,9000,2,6,-1,1,-1
201531B020915,1,9,0,7,0,5,0,0,0,0,3,1,6,1,19,4,-1,-1,-1,-1,2,-1
201531B020915,2,9,0,18,0,8,0,0,0,0,3,1,6,2,57,9,1461,2,9,-1,1,-1
201531B021415,1,9,0,18,0,0,5,0,7,9,1,1,6,1,17,4,1242,1,1,-1,3,-1
201531B021615,1,9,0,14,0,0,1,4,0,0,1,1,2,1,79,11,1596,1,4,-1,3,-1
201531B021615,2,9,0,18,0,0,0,0,0,0,1,1,2,2,44,7,1988,1,15,-1,3,-1
201531B021615,3,9,0,3,0,0,0,0,1,0,1,1,2,1,25,5,1997,2,13,-1,3,-1
201531B021615,4,9,0,2,0,0,0,0,0,0,2,1,6,1,25,5,1586,1,7,-1,-1,-1
201531B021715,1,1,0,7,0,6,0,0,0,0,0,1,6,3,-1,-1,-1,-1,-1,-1,-1,-1
201531B021715,2,11,0,18,0,1,0,0,0,0,0,1,1,1,41,7,4580,2,8,-1,1,-1
201531B022715,1,19,0,5,0,6,0,0,0,0,1,1,1,1,-1,-1,-1,-1,-1,-1,-1,-1
201531B022715,2,1,0,18,4,8,0,0,0,0,1,1,6,2,54,8,-1,-1,-1,-1,1,-1
201531B022815,1,9,0,9,0,5,0,0,0,0,1,1,6,3,-1,-1,-1,-1,-1,-1,-1,-1
201531B022815,2,1,0,18,0,2,0,0,0,0,2,1,4,1,10,2,-1,-1,-1,-1,2,-1
201531B023215,1,9,0,16,0,3,1,0,0,0,1,1,6,1,36,7,1896,2,10,-1,3,-1
201531B023215,2,9,0,3,0,2,0,0,0,0,2,1,6,2,32,6,1560,2,1,-1,1,-1
201531B023315,1,9,0,18,0,0,0,0,0,0,1,1,6,2,35,6,1896,2,11,-1,2,-1
201531B023315,2,9,0,2,0,0,0,0,0,0,2,1,6,1,23,5,2765,2,20,-1,2,-1
201531B023415,1,9,0,5,0,4,0,0,0,0,1,1,1,1,61,9,1598,1,5,-1,1,-1
201531B023415,2,1,0,18,0,8,0,0,0,0,2,1,6,1,51,8,-1,-1,-1,-1,1,-1
201531B023715,1,3,0,4,0,0,0,0,0,0,1,1,2,1,21,5,124,1,3,-1,-1,-1
201531B023715,2,9,0,4,0,0,0,0,0,0,2,1,2,1,27,6,-1,3,3,-1,1,-1
201531B023715,3,19,0,4,0,0,0,0,1,0,0,1,1,1,26,6,1248,2,7,-1,1,-1
201531B025215,1,9,0,16,0,0,1,0,1,9,3,1,6,1,43,7,-1,-1,-1,-1,1,-1
201531B025315,1,9,0,17,0,0,2,0,1,0,3,1,6,2,25,5,1364,1,8,-1,2,-1
201531B025515,1,9,0,13,0,0,0,0,0,0,3,1,6,2,31,6,-1,-1,-1,-1,1,-1
201531B025515,2,9,0,18,0,0,0,6,0,0,3,1,6,2,51,8,1997,2,4,-1,2,-1
201531B026315,1,9,0,18,0,0,5,0,7,4,4,1,1,1,29,6,1870,2,12,-1,2,-1
201531B026815,1,19,0,1,0,8,0,10,0,0,2,1,6,1,52,8,1753,2,4,-1,3,-1
201531B026815,2,9,0,14,0,8,0,0,0,0,4,1,6,1,46,8,2993,2,6,-1,1,-1
201531B027015,1,9,0,18,0,1,0,0,0,0,1,1,6,3,-1,-1,-1,-1,-1,-1,-1,-1
201531B027015,2,9,0,3,0,1,0,0,0,0,2,1,6,1,78,11,1388,1,12,-1,1,-1
201531B027115,1,9,0,14,0,0,0,0,0,0,1,1,6,1,90,11,1599,1,11,-1,2,-1
201531B027115,2,22,0,18,0,0,0,0,0,0,1,1,6,2,56,9,-1,-1,-1,-1,-1,-1
201531B027215,1,9,0,13,0,8,0,0,0,0,1,1,6,1,-1,-1,1390,1,13,-1,1,-1
201531B027215,2,9,0,9,0,5,0,0,0,0,3,1,6,1,69,10,3311,8,9,-1,3,-1
201531B028615,1,17,0,18,0,0,0,0,1,4,1,1,1,1,19,4,4400,2,3,-1,1,-1
201531B028915,1,9,0,9,0,6,1,0,0,0,3,1,6,1,55,8,1399,2,3,-1,2,-1
201531B028915,2,3,0,18,0,8,1,0,0,0,1,1,2,1,25,5,124,1,7,-1,2,-1
201531B029015,1,5,0,16,0,0,2,0,0,0,4,1,6,1,26,6,599,1,16,-1,1,-1
201531B029115,1,9,0,1,9,1,0,0,0,0,3,1,2,2,-1,-1,1149,1,10,-1,1,-1
201531B029115,2,1,0,18,9,1,0,0,0,0,1,1,2,1,-1,-1,-1,-1,-1,-1,-1,-1
201531B029315,1,9,0,5,8,0,0,0,0,0,3,1,2,1,48,8,1560,2,1,-1,1,-1
201531B029315,2,9,0,16,0,0,0,0,0,0,1,1,2,1,32,6,995,1,2,-1,2,-1
201531B030715,1,9,0,18,0,3,1,0,0,0,1,1,6,2,42,7,1995,2,8,-1,1,-1
201531B030915,1,9,0,9,0,1,0,0,0,0,2,1,6,1,19,4,1329,1,1,-1,1,-1
201531B030915,2,9,0,18,0,1,0,0,0,0,1,1,6,2,26,6,2148,2,6,-1,1,-1
201531B031215,1,19,0,18,0,1,1,0,0,0,1,1,1,1,32,6,2402,2,11,-1,1,-1
201531B031215,2,9,0,10,0,1,0,0,0,0,2,1,1,2,37,7,2993,2,1,-1,3,-1
201531B031415,1,9,0,18,0,0,0,0,0,0,4,1,6,3,-1,-1,-1,-1,-1,-1,-1,-1
201531B031415,2,1,0,18,9,0,0,0,0,0,3,1,1,1,26,6,-1,-1,-1,-1,2,-1
201531B031915,1,9,0,13,0,0,0,0,0,0,0,1,6,3,-1,-1,-1,-1,-1,-1,-1,-1
201531B031915,2,9,0,18,0,0,1,0,0,0,1,1,1,2,38,7,-1,-1,-1,-1,1,-1
201531B031915,3,9,0,18,0,0,0,0,0,0,1,1,2,2,60,9,1199,2,3,-1,1,-1
201531B032015,1,9,0,16,0,0,0,0,6,0,1,1,6,2,18,4,1275,1,16,-1,1,-1
201531B032115,1,9,0,18,0,0,0,0,0,0,1,1,2,1,56,9,1968,2,1,-1,3,-1
201531B032115,2,9,0,3,0,0,0,0,0,0,2,1,6,1,43,7,-1,-1,-1,-1,1,-1
201531B032215,1,9,0,17,0,0,1,0,1,11,1,1,1,1,43,7,1968,2,6,-1,1,-1
201531B032215,2,1,0,18,5,0,0,0,0,0,1,1,2,1,35,6,-1,-1,-1,-1,1,-1
201531B032415,1,9,0,17,0,8,0,0,1,0,1,1,6,1,69,10,999,1,-1,-1,2,-1
201531B033215,1,9,0,13,0,0,1,10,1,11,1,2,6,1,67,10,2457,1,5,-1,3,-1
201531B033215,2,90,0,18,0,0,0,10,7,4,3,1,1,1,49,8,7146,2,5,-1,1,-1
201531B033215,3,9,0,18,0,0,0,0,0,0,0,1,6,3,-1,-1,-1,-1,-1,-1,-1,-1
201531B033415,1,9,0,18,0,0,0,0,4,6,1,1,1,2,57,9,-1,-1,-1,-1,1,-1
201531B033415,2,21,1,18,0,0,0,0,0,0,2,1,6,1,49,8,12777,2,4,-1,1,-1
201531B034015,1,9,0,18,0,0,0,0,0,0,1,1,6,2,22,5,1600,1,4,-1,1,-1
201531B034015,2,9,0,4,0,0,0,0,0,0,2,1,6,1,30,6,1896,2,5,-1,1,-1
201531B034715,1,19,0,9,0,6,0,0,0,0,1,1,1,1,44,7,2402,2,9,-1,1,-1
201531B034715,2,9,0,17,0,8,0,0,0,0,1,1,6,1,69,10,1200,1,3,-1,2,-1
201531B035415,1,19,0,9,0,6,0,0,0,0,3,1,1,1,34,6,1560,2,3,-1,1,-1
201531B035415,2,19,0,18,0,8,1,0,0,0,1,1,1,1,61,9,1998,2,12,-1,1,-1
201531B035515,1,9,0,17,0,0,0,0,7,3,4,1,2,1,20,4,-1,-1,-1,-1,1,-1
201531B035815,1,16,0,18,9,0,0,0,0,0,1,1,6,1,19,4,-1,-1,-1,-1,2,-1
201531B035815,2,9,0,18,0,0,0,0,0,0,1,1,6,1,47,8,1994,1,8,-1,3,-1
201531B036015,1,9,0,1,0,2,0,0,0,0,2,1,6,3,-1,-1,-1,-1,-1,-1,-1,-1
201531B036515,1,9,0,5,0,6,0,0,0,0,3,1,1,2,32,6,-1,-1,-1,-1,1,-1
201531B036515,2,9,0,18,0,8,0,0,0,0,1,1,1,2,31,6,1560,2,2,-1,1,-1
201531B036815,1,19,0,16,0,0,1,0,7,0,0,1,6,1,33,6,1870,2,9,-1,1,-1
201531B037315,1,9,0,9,9,5,0,0,0,0,1,1,6,1,21,5,1598,2,-1,-1,1,-1
201531B037715,1,9,0,14,0,0,0,0,0,0,3,1,6,1,47,8,1242,1,11,-1,3,-1
201531B037715,2,9,0,2,0,0,0,0,0,0,0,1,6,3,-1,-1,-1,-1,-1,-1,-1,-1
201531B037715,3,19,0,18,0,0,0,0,1,0,3,1,1,1,62,9,2402,2,7,-1,1,-1
201531B037815,1,9,0,18,0,1,0,0,0,0,1,1,6,3,-1,-1,1798,1,10,-1,-1,-1
201531B037815,2,9,0,3,0,1,0,0,0,0,2,1,6,2,30,6,1968,2,4,-1,1,-1
201531B039015,1,9,0,9,0,6,0,0,1,0,3,1,6,2,29,6,-1,-1,-1,-1,1,-1
201531B039015,2,9,0,18,0,8,0,0,0,0,1,1,6,1,49,8,-1,-1,-1,-1,2,-1
201531B039515,1,9,0,10,0,8,0,0,0,0,2,1,2,1,25,5,1498,1,5,-1,1,-1
201531B039515,2,9,0,18,0,1,0,0,0,0,1,1,2,1,22,5,1598,1,15,-1,1,-1
201531B039915,1,9,0,9,0,6,0,0,0,0,3,1,6,2,18,4,1360,1,11,-1,-1,-1
201531B039915,2,9,0,17,0,8,0,0,0,0,1,1,6,1,40,7,998,1,3,-1,1,-1
201531B040015,1,9,0,9,0,6,0,0,0,0,1,1,6,1,44,7,1343,1,11,-1,1,-1
201531B040015,2,9,0,9,0,5,0,0,0,0,0,1,6,1,49,8,1398,2,11,-1,1,-1
201531B040015,3,9,0,18,0,8,1,0,0,0,4,1,6,1,34,6,1910,2,12,-1,1,-1
201531B040115,1,3,0,17,0,0,0,10,0,0,1,1,6,2,46,8,-1,-1,-1,-1,2,-1
201531B040915,1,9,0,18,0,0,0,0,0,0,3,1,6,1,35,6,1995,2,13,-1,1,-1
201531B040915,2,9,0,18,0,0,0,0,0,0,4,1,6,1,18,4,1686,2,3,-1,-1,-1
201531B041915,1,9,0,16,0,0,0,0,7,9,1,1,6,1,49,8,1984,2,3,-1,3,-1
201531B041915,2,9,0,17,0,0,0,0,0,0,3,1,6,1,49,8,2099,1,12,-1,1,-1
201531B043415,1,9,0,1,9,6,0,0,1,0,2,1,6,1,69,10,1997,2,14,-1,1,-1
201531B043915,1,9,0,17,0,0,1,10,7,9,4,1,6,2,19,4,1198,1,-1,-1,3,-1
201531B044015,1,9,0,18,0,0,0,0,0,0,1,1,6,2,51,8,1360,1,12,-1,1,-1
201531B044015,2,19,0,4,0,0,0,0,0,0,2,1,1,1,52,8,2143,2,5,-1,3,-1
201531B044215,1,9,0,9,0,6,0,0,0,0,3,1,6,1,20,4,1995,2,5,-1,2,-1
201531B045215,1,9,0,18,0,0,2,0,1,0,1,1,6,1,23,5,-1,-1,-1,-1,2,-1
201531B045315,1,9,0,17,0,0,2,0,1,0,4,1,6,2,26,6,-1,-1,-1,-1,-1,-1
201531B045915,1,19,0,4,0,0,0,0,0,0,1,1,6,2,-1,-1,-1,-1,-1,-1,-1,-1
201531B045915,2,9,0,4,0,0,0,0,0,0,2,1,6,1,32,6,1997,2,11,-1,2,-1
201531B046015,1,21,0,18,0,8,0,0,0,0,1,1,1,1,33,6,12777,2,8,-1,2,-1
201531B046015,2,9,0,4,0,8,0,0,0,0,2,1,2,2,40,7,1248,2,2,-1,2,-1