Accident_Index,Vehicle_Reference,Vehicle_Type,Towing_and_Articulation,Vehicle_Manoeuvre,Vehicle_Location-Restricted_Lane,Junction_Location,Skidding_and_Overturning,Hit_Object_in_Carriageway,Vehicle_Leaving_Carriageway,Hit_Object_off_Carriageway,1st_Point_of_Impact,Was_Vehicle_Left_Hand_Drive?,Journey_Purpose_of_Driver,Sex_of_Driver,Age_of_Driver,Age_Band_of_Driver,Engine_Capacity_(CC),Propulsion_Code,Age_of_Vehicle,Driver_IMD_Decile,Driver_Home_Area_Type,Vehicle_IMD_Decile
201531B046015,3,9,0,3,0,5,0,0,0,0,2,1,2,2,33,6,-1,-1,-1,-1,1,-1
201531B046015,4,9,0,3,0,5,0,0,0,0,2,1,1,1,55,8,1956,2,3,-1,3,-1
201531B046015,5,9,0,3,0,5,0,0,0,0,2,1,2,2,21,5,998,1,1,-1,3,-1
201531B046015,6,9,0,18,0,8,0,0,0,0,1,1,6,2,36,7,-1,-1,-1,-1,1,-1
201531B046715,1,3,0,4,0,1,1,0,0,0,3,1,2,1,23,5,124,1,5,-1,2,-1
201531B046815,1,9,0,9,0,6,0,0,0,0,1,1,6,1,89,11,1951,2,14,-1,1,-1
201531B046815,2,9,0,18,0,8,0,0,0,0,4,1,6,2,62,9,1984,1,1,-1,1,-1
201531B046815,3,9,0,3,0,1,0,0,0,0,1,1,6,1,68,10,1796,1,14,-1,1,-1
201531B046915,1,9,0,7,0,5,0,0,0,0,4,1,6,2,42,7,1398,2,13,-1,-1,-1
201531B046915,2,3,0,15,0,8,0,0,0,0,1,1,6,1,17,4,79,1,34,-1,3,-1
201531B047015,1,9,0,18,0,6,0,0,0,0,1,1,6,1,19,4,-1,-1,-1,-1,3,-1
201531B047015,2,9,0,16,0,1,1,0,1,0,1,1,6,2,40,7,1598,1,11,-1,3,-1
201531B048015,1,9,0,1,0,6,0,0,0,0,2,1,6,1,57,9,1598,1,8,-1,3,-1
201531B048715,1,9,0,18,0,0,0,0,0,0,1,1,1,1,-1,-1,-1,-1,-1,-1,-1,-1
201531B048715,2,9,0,2,0,0,0,0,0,0,2,1,6,3,-1,-1,1686,2,13,-1,-1,-1
201531B049315,1,20,0,9,0,6,0,0,0,0,4,1,1,1,-1,-1,4461,2,7,-1,-1,-1
201531B049315,2,1,0,18,0,8,0,0,0,0,1,1,6,1,38,7,-1,-1,-1,-1,1,-1
201531B049415,1,19,0,7,0,6,0,0,0,0,1,1,6,1,17,4,-1,-1,-1,-1,1,-1
201531B049415,2,9,0,18,0,8,1,0,0,0,4,1,6,1,34,6,2204,2,8,-1,1,-1
201531B050015,1,9,0,18,0,0,0,0,1,2,1,1,6,1,51,8,-1,-1,-1,-1,1,-1
201531B050215,1,1,0,18,4,1,0,0,0,0,1,1,6,1,12,3,-1,-1,-1,-1,1,-1
201531B050215,2,9,0,13,0,1,0,0,0,0,4,1,6,1,30,6,1560,2,2,-1,1,-1
201531B051915,1,9,0,9,0,6,0,10,1,0,1,1,6,1,17,4,-1,-1,-1,-1,1,-1
201531B051915,2,9,0,18,0,1,0,10,7,11,1,1,1,1,45,7,1988,2,10,-1,1,-1
201531B051915,3,9,0,3,0,1,0,0,0,0,0,1,6,3,-1,-1,-1,-1,-1,-1,-1,-1
201531B053715,1,19,0,9,0,5,0,0,0,0,3,1,6,1,32,6,1461,2,4,-1,3,-1
201531B053715,2,90,0,13,0,8,0,0,7,1,1,1,6,1,61,9,2999,2,5,-1,1,-1
201531B054615,1,1,0,18,9,0,0,0,0,0,3,1,4,2,12,3,-1,-1,-1,-1,1,-1
201531B054615,2,9,0,18,0,0,0,0,0,0,1,1,6,2,48,8,998,1,1,-1,1,-1
201531B054915,1,9,0,7,0,6,0,0,0,0,1,1,6,1,41,7,1781,1,12,-1,1,-1
201531B054915,2,9,0,18,0,8,0,0,0,0,4,1,6,1,72,10,1299,1,9,-1,2,-1
201531B055215,1,9,0,16,0,0,0,0,1,0,3,1,6,2,20,4,1796,1,10,-1,2,-1
201531B055215,2,11,0,17,0,0,0,0,1,0,3,1,6,1,51,8,4500,2,7,-1,1,-1
201531B055915,1,9,0,18,0,0,0,0,0,0,3,1,6,1,78,11,999,1,3,-1,1,-1
201531B056015,1,9,0,18,0,0,5,0,1,11,1,1,6,1,19,4,1560,2,9,-1,3,-1
201531B057015,1,9,0,16,0,0,0,0,7,11,1,1,6,1,79,11,2993,2,2,-1,3,-1
201531B057215,1,9,0,18,0,0,0,0,0,0,1,1,6,1,51,8,1968,2,2,-1,1,-1
201531B057215,2,1,0,5,9,0,0,0,0,0,4,1,6,2,-1,-1,-1,-1,-1,-1,2,-1
201531B057515,1,9,0,16,0,0,5,0,7,0,1,1,6,2,19,4,1461,2,3,-1,2,-1
201531B058715,1,21,1,18,0,8,0,0,0,0,4,1,1,1,47,8,12900,2,6,-1,-1,-1
201531B058715,2,9,0,18,0,8,0,0,0,0,2,1,1,2,47,8,1984,2,2,-1,-1,-1
201531B059415,1,19,0,17,0,0,1,0,1,4,4,1,2,1,44,7,2198,2,8,-1,3,-1
201531B059715,1,9,0,18,0,1,1,0,0,0,1,1,6,1,18,4,1242,1,11,-1,1,-1
201531B059715,2,9,0,9,0,5,0,0,0,0,3,1,6,2,35,6,1699,1,10,-1,1,-1
201531B059815,1,9,0,16,0,3,1,0,1,7,2,1,6,2,35,6,1798,1,9,-1,1,-1
201531B060015,1,9,0,18,0,0,0,10,4,6,3,1,6,2,21,5,-1,-1,-1,-1,1,-1
201531B060215,1,19,0,18,0,0,0,0,0,0,1,1,6,1,65,9,2148,2,8,-1,-1,-1
201531B060215,2,9,0,18,0,0,0,0,0,0,1,1,6,1,32,6,1995,1,14,-1,1,-1
201531B060415,1,9,0,7,0,2,0,4,7,11,1,1,6,1,18,4,1242,1,12,-1,1,-1
201531B060415,2,9,0,2,0,2,0,0,7,11,1,1,6,3,-1,-1,-1,-1,-1,-1,-1,-1
201531B060615,1,9,0,18,0,1,0,0,0,0,1,1,6,2,22,5,1796,1,15,-1,-1,-1
201531B060615,2,9,0,4,0,1,0,0,0,0,2,1,6,1,63,9,2987,2,5,-1,3,-1
201531B060715,1,21,1,12,0,0,0,0,0,0,3,2,1,1,55,8,-1,-1,-1,-1,-1,-1
201531B060715,2,9,0,18,0,0,0,0,1,0,4,1,2,2,48,8,1497,8,3,-1,2,-1
201531B061115,1,9,0,17,0,0,2,10,1,11,4,1,6,1,23,5,-1,-1,-1,-1,2,-1
201531B061215,1,5,0,13,0,0,0,0,0,0,4,1,6,1,62,9,1261,1,13,-1,1,-1
201531B061415,1,9,0,18,0,1,0,0,3,1,1,1,6,1,88,11,1596,1,13,-1,2,-1
201531B063415,1,9,0,18,0,0,0,0,0,0,1,1,6,2,80,11,1360,1,6,-1,1,-1
201531B063415,2,19,0,3,0,0,0,0,0,0,2,1,6,1,25,5,2148,2,7,-1,1,-1
201531B063415,3,9,0,3,0,0,0,0,0,0,2,1,6,2,29,6,1360,1,14,-1,1,-1
201531B063615,1,9,0,18,7,0,0,4,0,0,1,1,2,1,49,8,1968,2,1,-1,1,-1
201531B063615,2,20,0,2,6,0,0,0,0,0,2,1,1,2,24,5,-1,-1,-1,-1,3,-1
201531B064315,1,19,0,18,0,0,1,10,1,9,1,1,1,1,36,7,2148,2,8,-1,-1,-1
201531B064815,1,1,0,18,9,0,0,0,0,0,1,1,4,1,-1,-1,-1,-1,-1,-1,-1,-1
201531B064915,1,5,0,7,0,5,0,0,0,0,4,1,6,1,54,8,750,1,24,-1,2,-1
201531B064915,2,9,0,15,0,1,0,0,0,0,3,1,6,1,28,6,1198,1,6,-1,1,-1
201531B065115,1,9,0,18,0,0,0,0,0,0,4,1,6,1,21,5,2204,2,4,-1,3,-1
201531B065215,1,9,0,18,0,1,0,0,0,0,4,1,6,1,65,9,1596,1,7,-1,1,-1
201531B065915,1,9,0,13,0,0,0,0,0,0,4,1,6,3,-1,-1,-1,-1,-1,-1,-1,-1
201531B065915,2,1,0,18,0,0,0,0,0,0,3,1,6,1,33,6,-1,-1,-1,-1,1,-1
201531B066315,1,19,0,12,0,0,1,0,1,7,1,1,1,1,27,6,-1,-1,-1,-1,3,-1
201531B066315,2,11,0,18,0,0,1,0,5,6,1,1,1,1,44,7,10518,2,2,-1,1,-1
201531B067315,1,3,0,18,0,0,1,0,0,0,1,1,6,1,18,4,-1,-1,-1,-1,1,-1
201531B067315,2,9,0,14,0,0,0,0,0,0,2,1,6,1,37,7,1199,1,14,-1,1,-1
201531B067415,1,9,0,13,0,8,0,0,0,0,0,1,6,3,-1,-1,-1,-1,-1,-1,-1,-1
201531B067415,2,3,0,16,0,8,1,0,0,0,4,1,6,1,21,5,125,1,1,-1,2,-1
201531B068015,1,9,0,16,0,0,0,0,1,0,3,1,6,1,25,5,2521,1,8,-1,1,-1
201531B068015,2,19,0,17,0,0,0,0,1,0,3,1,6,2,30,6,1998,2,13,-1,1,-1
201531B068115,1,9,0,7,9,5,0,0,0,0,4,1,2,1,67,10,1598,1,8,-1,3,-1
201531B068615,1,9,0,18,0,0,0,0,0,0,2,1,2,1,33,6,-1,-1,-1,-1,3,-1
201531B068615,2,9,0,18,0,0,0,0,0,0,1,1,6,1,-1,-1,-1,-1,-1,-1,-1,-1
201531B069715,1,22,0,18,9,0,0,0,0,0,1,1,6,1,69,10,-1,-1,-1,-1,1,-1
201531B069815,1,5,0,13,0,8,1,0,0,0,1,1,6,1,28,6,600,1,15,-1,1,-1
201531B069815,2,9,0,9,0,6,0,0,0,0,2,1,6,1,43,7,1595,1,11,-1,1,-1
201531B070015,1,9,0,4,0,0,0,0,0,0,3,1,6,1,76,11,-1,-1,-1,-1,1,-1
201531B070015,2,9,0,12,0,0,0,0,0,0,4,1,6,2,-1,-1,1248,2,2,-1,2,-1
201531B070115,1,9,0,18,0,0,1,0,7,11,3,1,6,2,62,9,1598,1,6,-1,2,-1
201531B070115,2,9,0,18,0,0,0,0,0,0,1,1,6,1,53,8,973,1,14,-1,1,-1
201531B070215,1,9,0,7,0,6,0,0,0,0,3,1,6,2,18,4,973,1,15,-1,1,-1
201531B070215,2,9,0,18,0,8,0,0,0,0,1,1,2,2,26,6,1242,1,7,-1,1,-1
201531B070315,1,9,0,6,0,0,0,0,0,0,3,1,6,3,-1,-1,-1,-1,-1,-1,-1,-1
201531B070315,2,3,0,14,0,0,1,0,0,0,1,1,6,1,60,9,125,1,55,-1,1,-1
201531B070415,1,9,0,9,0,6,0,0,1,3,1,1,6,1,82,11,698,1,10,-1,3,-1
201531B070715,1,9,0,9,0,6,0,0,0,0,3,1,2,2,20,4,1242,1,3,-1,2,-1
201531B070715,2,9,0,18,0,8,0,0,0,0,1,1,6,2,51,8,1973,1,18,-1,2,-1
201531B070915,1,3,0,7,0,3,1,0,0,0,1,1,6,1,17,4,124,1,10,-1,2,-1
201531B070915,2,9,0,3,0,1,0,0,0,0,3,1,6,2,34,6,-1,-1,-1,-1,1,-1
201531B071315,1,9,0,18,0,0,0,0,0,0,3,1,6,1,-1,-1,1997,2,9,-1,3,-1
201531B071315,2,9,0,18,0,0,0,0,0,0,3,1,6,2,41,7,1995,2,11,-1,2,-1
201531B072215,1,9,0,18,0,1,0,0,0,0,1,1,6,1,48,8,1199,1,16,-1,1,-1
201531B072215,2,19,0,10,0,5,0,0,0,0,2,1,1,1,27,6,2198,2,8,-1,1,-1
201531B072415,1,9,0,18,0,6,0,0,0,0,3,1,6,2,61,9,1598,1,13,-1,1,-1
201531B072415,2,9,0,18,0,1,0,0,0,0,1,1,6,1,67,10,998,1,11,-1,1,-1
201531B072515,1,19,0,18,0,0,0,0,0,0,1,1,6,1,51,8,1560,2,8,-1,3,-1
201531B072515,2,9,0,4,0,0,0,0,0,0,2,1,6,1,42,7,1499,2,-1,-1,1,-1
201531B072615,1,19,0,18,0,0,2,0,1,0,1,1,1,1,35,6,1995,2,2,-1,2,-1
201531B072815,1,9,0,18,0,0,5,10,0,0,4,1,1,2,21,5,-1,-1,-1,-1,3,-1
201531B073915,1,9,0,17,0,0,0,0,0,0,3,1,1,2,41,7,1397,1,15,-1,-1,-1
201531B073915,2,9,0,16,0,0,0,0,0,0,3,1,6,1,72,10,-1,-1,-1,-1,-1,-1
201531B074315,1,9,0,9,0,6,0,0,0,0,1,1,6,2,32,6,1598,1,5,-1,1,-1
201531B074315,2,9,0,17,0,8,0,0,0,0,1,1,3,2,37,7,-1,-1,-1,-1,2,-1
201531B075315,1,9,0,11,0,2,0,0,0,0,4,1,6,2,58,9,3628,2,9,-1,3,-1
201531B075315,2,9,0,18,0,2,0,0,0,0,3,1,6,1,22,5,1388,1,7,-1,1,-1
201531B075515,1,11,0,5,0,1,0,0,0,0,1,1,1,1,52,8,3900,2,11,-1,3,-1
201531B075515,2,9,0,3,0,1,0,0,0,0,2,1,1,1,54,8,1896,2,13,-1,3,-1
201531B075715,1,9,0,4,0,6,0,0,0,0,1,1,6,2,27,6,1242,1,9,-1,1,-1
201531B075715,2,1,0,18,0,8,0,0,0,0,4,1,6,1,82,11,-1,-1,-1,-1,1,-1
201531B076215,1,9,0,3,0,0,0,0,0,0,2,1,6,2,-1,-1,1598,2,1,-1,1,-1
201531B076215,2,9,0,4,0,0,0,0,0,0,2,1,6,1,47,8,1461,2,2,-1,2,-1
201531B076215,3,9,0,4,0,0,0,0,0,0,1,1,6,2,50,8,1364,2,7,-1,1,-1
201531B076215,4,9,0,4,0,0,0,0,0,0,1,1,2,1,41,7,1995,2,9,-1,2,-1
201531B076415,1,9,0,9,0,5,0,0,0,0,1,1,2,1,28,6,1560,2,8,-1,2,-1
201531B076415,2,9,0,18,0,8,0,0,0,0,1,1,6,1,38,7,1396,2,1,-1,-1,-1
201531B076415,3,9,0,8,0,1,0,0,1,9,3,1,1,1,36,7,2183,2,4,-1,1,-1
201531B076515,1,9,0,18,0,4,5,9,3,1,1,1,1,1,53,8,1461,2,8,-1,2,-1
201531B076615,1,9,0,4,0,1,0,0,0,0,2,1,6,3,-1,-1,1399,1,4,-1,-1,-1
201531B076615,2,11,0,18,0,1,0,0,0,0,1,1,1,1,47,8,4580,2,8,-1,1,-1
201531B077015,1,9,0,5,0,1,0,0,0,0,1,1,6,1,78,11,-1,-1,-1,-1,1,-1
201531B077015,2,9,0,8,0,4,0,0,0,0,2,1,6,1,32,6,1560,2,6,-1,1,-1
201531B077615,1,5,0,7,0,2,1,0,0,0,1,1,6,1,56,9,998,1,8,-1,1,-1
201531B077715,1,9,0,18,0,0,0,0,7,11,1,1,6,2,69,10,1329,1,1,-1,3,-1
201531B078615,1,21,1,18,0,1,1,0,0,0,1,1,1,1,26,6,12777,2,6,-1,3,-1
201531B078615,2,9,0,10,0,5,0,0,0,0,2,1,6,1,31,6,1896,2,11,-1,2,-1
201531B078715,1,9,0,18,0,0,0,0,0,0,1,1,6,1,-1,-1,-1,-1,-1,-1,-1,-1
201531B078715,2,9,0,18,0,0,0,0,0,0,1,1,6,2,30,6,1968,2,5,-1,3,-1
201531B078815,1,9,0,2,0,2,0,0,0,0,2,1,3,1,41,7,1598,1,2,-1,1,-1
201531B078815,2,9,0,1,0,2,0,0,0,0,2,1,3,2,32,6,2720,2,9,-1,1,-1
201531B079515,1,5,0,17,0,2,1,10,1,9,4,1,6,1,29,6,848,1,4,-1,1,-1
201531B080115,1,9,0,16,0,1,1,0,1,11,1,1,6,1,39,7,1360,1,15,-1,1,-1
201531B081015,1,9,0,17,0,0,1,0,1,11,4,1,6,1,18,4,-1,-1,-1,-1,1,-1
201531B081115,1,9,0,16,0,0,0,0,7,9,4,1,3,2,27,6,1587,1,8,-1,1,-1
201531B081315,1,20,1,18,0,0,0,0,0,0,1,1,1,1,43,7,-1,-1,-1,-1,1,-1
201531B081315,2,19,0,5,0,0,0,0,0,0,2,1,6,3,-1,-1,5861,2,15,-1,-1,-1
201531B082115,1,21,1,11,0,8,0,0,0,0,1,1,1,1,-1,-1,11946,2,9,-1,-1,-1
201531B082115,2,9,0,9,0,5,0,0,0,0,3,1,2,2,38,7,2993,2,10,-1,2,-1
201531B082315,1,9,0,18,0,0,0,0,0,0,1,1,6,1,-1,-1,1560,2,10,-1,1,-1
201531B082315,2,9,0,4,0,0,0,0,0,0,2,1,6,1,34,6,1968,2,11,-1,1,-1
201531B085015,1,9,0,9,0,6,0,0,0,0,3,1,6,1,69,10,1398,1,1,-1,1,-1
201531B085015,2,9,0,18,0,8,0,0,0,0,1,1,6,1,40,7,1800,1,15,-1,1,-1
201531B085415,1,9,0,9,0,8,0,0,0,0,1,1,1,1,25,5,1781,1,14,-1,-1,-1
201531B085415,2,9,0,9,0,3,0,0,0,0,2,1,1,1,31,6,1968,2,4,-1,1,-1
201531B085615,1,9,0,18,0,0,0,0,5,6,3,1,6,1,73,10,1975,1,5,-1,1,-1
201531B085715,1,9,0,9,0,5,0,0,0,0,4,1,6,2,44,7,1149,1,10,-1,3,-1
201531B085715,2,1,0,18,0,8,0,0,0,0,1,1,6,1,53,8,-1,-1,-1,-1,1,-1
201531B085815,1,9,0,18,0,0,1,0,0,0,3,1,6,1,38,7,1360,1,13,-1,2,-1
201531B085815,2,9,0,17,0,0,0,0,0,0,3,1,1,1,60,9,2497,1,10,-1,2,-1
201531B086415,1,9,0,9,0,5,0,0,0,0,4,1,6,2,40,7,1598,1,2,-1,1,-1
201531B086415,2,9,0,18,0,1,0,0,0,0,1,1,6,2,36,7,1242,1,1,-1,1,-1
201531B087115,1,9,0,18,0,0,0,0,0,0,4,1,6,1,35,6,-1,-1,-1,-1,1,-1
201531B087115,2,1,0,18,9,0,0,0,0,0,4,1,6,1,50,8,-1,-1,-1,-1,1,-1
201531B087515,1,9,0,9,0,5,0,0,0,0,1,1,6,2,-1,-1,-1,-1,-1,-1,-1,-1
201531B087515,2,9,0,16,0,8,0,0,0,0,1,1,1,2,-1,-1,1598,1,13,-1,2,-1
201531B087615,1,9,0,7,0,5,0,0,0,0,1,1,6,2,44,7,1595,1,8,-1,1,-1
201531B087715,1,5,0,18,0,0,0,12,0,0,1,1,6,1,43,7,999,1,27,-1,2,-1
201531B088215,1,19,0,18,0,0,1,0,2,1,1,1,1,1,25,5,1968,2,1,-1,-1,-1
201531B088215,2,21,1,18,0,0,0,0,0,0,2,1,1,1,47,8,11946,2,4,-1,1,-1
201531B088315,1,9,0,9,0,6,0,0,0,0,1,1,2,2,19,4,1339,1,10,-1,3,-1
201531B088315,2,9,0,17,0,8,0,0,7,0,4,1,2,2,31,6,1997,2,7,-1,2,-1
201531B088615,1,9,0,13,0,1,0,0,0,0,1,1,6,1,65,9,2993,2,9,-1,2,-1
201531B088615,2,9,0,3,0,1,0,0,0,0,2,1,6,2,36,7,1968,2,6,-1,2,-1
201531B089015,1,9,0,16,0,0,0,0,0,0,1,1,6,1,53,8,1368,1,6,-1,1,-1
201531B089115,1,9,0,18,0,0,0,0,7,9,3,1,6,1,30,6,1396,1,12,-1,3,-1
201531B089215,1,1,0,13,0,8,0,0,0,0,1,1,2,1,47,8,-1,-1,-1,-1,1,-1
201531B089215,2,9,0,9,0,5,0,0,0,0,3,1,2,2,36,7,2231,2,2,-1,1,-1
201531B090515,1,9,0,7,0,5,0,0,0,0,2,1,6,3,-1,-1,1968,2,5,-1,-1,-1
201531B090515,2,1,0,18,0,8,0,0,0,0,1,1,1,1,58,9,-1,-1,-1,-1,3,-1
201531B090915,1,9,0,16,0,2,0,7,2,7,1,1,6,1,65,9,1998,1,3,-1,3,-1
201531B091015,1,9,0,18,0,1,0,0,0,0,1,1,6,1,35,6,1995,2,8,-1,2,-1
201531B091015,2,9,0,18,0,2,0,0,0,0,1,1,6,1,63,9,1968,2,4,-1,2,-1
201531B091215,1,9,0,9,0,6,0,0,0,0,1,1,2,2,27,6,1299,1,14,-1,1,-1
201531B091215,2,9,0,18,0,8,0,0,0,0,1,1,2,1,47,8,1956,2,3,-1,1,-1
201531B091615,1,9,0,18,0,4,1,10,3,4,1,1,6,1,24,5,1595,1,11,-1,1,-1
201531B091915,1,9,0,13,0,0,0,0,0,0,0,1,1,1,58,9,1997,2,2,-1,2,-1
201531B091915,2,20,0,18,0,0,0,0,0,0,1,1,1,1,54,8,-1,-1,-1,-1,1,-1
201531B091915,3,9,0,18,0,0,1,0,0,0,3,1,1,2,28,6,1596,1,14,-1,1,-1
201531B091915,4,9,0,18,0,0,0,0,0,0,1,1,1,1,53,8,1997,2,3,-1,3,-1
201531B092915,1,3,0,9,0,6,1,0,0,0,3,1,1,2,18,4,124,1,5,-1,1,-1
201531B094315,1,9,0,9,0,8,0,0,0,0,1,1,2,1,40,7,1461,2,5,-1,2,-1
201531B094315,2,1,0,9,0,8,0,0,0,0,2,1,6,1,30,6,-1,-1,-1,-1,-1,-1
201531B095215,1,9,0,5,0,8,0,0,0,0,4,1,6,2,60,9,2400,2,7,-1,3,-1
201531B095215,2,9,0,18,0,1,0,0,0,0,1,1,6,1,30,6,1796,1,9,-1,1,-1
201531B095215,3,9,0,10,0,1,0,0,0,0,3,1,6,1,40,7,1299,1,13,-1,1,-1
201531B095915,1,3,0,4,0,0,0,0,0,0,3,1,2,1,23,5,124,1,5,-1,2,-1
201531B096015,1,9,0,18,0,1,0,0,0,0,3,1,6,3,-1,-1,-1,-1,-1,-1,-1,-1
201531B096015,2,9,0,13,0,1,1,0,7,9,4,1,6,1,33,6,1995,2,7,-1,3,-1
201531B096915,1,9,0,17,0,8,0,0,0,0,1,1,1,1,-1,-1,1560,2,-1,-1,-1,-1
201531B096915,2,9,0,3,0,8,0,0,0,0,2,1,1,2,42,7,1998,2,8,-1,2,-1
201531B097015,1,9,0,9,0,5,0,0,0,0,1,1,6,2,72,10,1388,1,6,-1,2,-1
201531B097015,2,1,0,18,0,8,0,0,1,1,3,1,6,1,29,6,-1,-1,-1,-1,1,-1
201531B097115,1,9,0,9,0,6,0,0,0,0,4,1,6,2,-1,-1,-1,-1,-1,-1,-1,-1
201531B097115,2,3,0,9,0,6,0,0,0,0,3,1,6,1,-1,-1,125,1,8,-1,2,-1
201531B097315,1,9,0,7,0,5,0,0,0,0,1,1,6,3,-1,-1,1560,2,10,-1,-1,-1
201531B097315,2,9,0,10,0,1,0,0,0,0,3,1,6,2,40,7,1396,2,4,-1,1,-1
201531B098515,1,19,0,18,0,6,0,0,0,0,1,1,6,1,50,8,1868,2,10,-1,2,-1
201531B098515,2,3,0,18,0,8,1,0,0,0,1,1,6,2,18,4,124,1,3,-1,3,-1
201531B100215,1,9,0,16,0,0,0,0,7,0,1,1,6,1,23,5,1998,2,10,-1,3,-1
201531B100215,2,9,0,17,0,0,0,0,0,0,1,1,6,1,20,4,-1,-1,-1,-1,1,-1
201531B100415,1,9,0,9,0,5,0,0,0,0,3,2,6,2,42,7,-1,-1,-1,-1,-1,-1
201531B100415,2,4,0,18,0,8,0,0,0,0,3,1,6,1,50,8,278,1,1,-1,1,-1
201531B101015,1,9,0,9,0,6,0,0,0,0,3,1,2,2,19,4,1299,1,10,-1,1,-1
201531B101015,2,9,0,18,0,8,0,0,0,0,1,1,6,2,33,6,1998,1,7,-1,1,-1
201531B101115,1,4,0,18,0,8,0,4,0,0,1,1,6,1,32,6,-1,-1,-1,-1,1,-1
201531B101115,2,9,0,2,0,8,0,0,0,0,4,1,6,2,42,7,1998,2,7,-1,1,-1
201531B102115,1,9,0,18,0,0,0,0,0,0,3,1,6,1,72,10,1242,1,15,-1,1,-1
201531B102215,1,2,0,7,0,5,1,0,0,0,4,1,6,2,16,4,49,1,2,-1,2,-1
201531B102615,1,5,0,18,0,1,0,0,0,0,1,1,2,1,45,7,999,1,5,-1,1,-1
201531B102615,2,9,0,4,0,1,0,0,0,0,2,1,3,2,32,6,1997,2,11,-1,1,-1
201531B103515,1,19,0,11,0,3,0,0,0,0,2,1,6,3,-1,-1,1968,2,4,-1,-1,-1
201531B103515,2,4,0,18,0,3,0,0,0,0,1,1,6,1,29,6,124,1,3,-1,-1,-1
201531B103715,1,9,0,14,0,8,0,0,0,0,4,1,2,1,22,5,1364,2,7,-1,1,-1
201531B103715,2,9,0,18,0,8,0,0,1,0,1,1,6,1,58,9,2495,2,29,-1,3,-1
201531B104015,1,9,0,7,0,6,0,0,5,6,1,1,1,1,22,5,2204,2,6,-1,-1,-1
201531B104415,1,9,0,7,0,4,0,0,0,0,3,1,2,2,26,6,1560,2,5,-1,2,-1
201531B104415,2,9,0,9,0,8,0,0,0,0,1,1,6,2,43,7,1998,2,12,-1,1,-1
201531B105015,1,9,0,9,0,6,0,0,0,0,3,1,6,2,40,7,1995,2,9,-1,1,-1
201531B105015,2,3,0,18,0,8,1,0,0,0,1,1,6,1,22,5,124,1,8,-1,1,-1
201531B105115,1,9,0,2,0,0,0,0,0,0,3,1,6,2,41,7,1997,2,14,-1,1,-1
201531B105115,2,1,0,14,0,0,0,0,0,0,1,1,6,2,68,10,-1,-1,-1,-1,1,-1
201531B105215,1,9,0,14,0,0,0,0,0,0,0,1,6,1,88,11,1360,1,5,-1,-1,-1
201531B105215,2,9,0,18,0,0,0,0,0,0,1,1,6,1,17,4,1149,1,10,-1,3,-1
201531B105215,3,9,0,4,0,0,0,0,0,0,2,1,6,2,40,7,2777,2,5,-1,1,-1
201531B107515,1,21,1,16,0,0,1,0,0,0,3,1,1,1,52,8,11946,2,6,-1,2,-1
201531B107515,2,11,0,17,0,0,0,0,0,0,1,1,1,1,56,9,8268,2,12,-1,1,-1
201531B107615,1,9,0,7,0,8,0,0,0,0,4,1,6,1,58,9,1242,1,15,-1,2,-1
201531B107615,2,1,0,18,0,8,0,0,0,0,3,1,6,1,66,10,-1,-1,-1,-1,1,-1
201531B109115,1,21,1,18,0,1,0,0,0,0,1,1,1,1,36,7,12419,2,5,-1,1,-1
201531B109115,2,9,0,3,0,1,0,0,0,0,2,1,1,1,36,7,998,1,1,-1,1,-1
201531B110015,1,9,0,18,0,3,1,0,1,7,4,1,6,1,80,11,-1,-1,-1,-1,1,-1
201531B110215,1,9,0,18,0,0,0,7,0,0,1,1,6,1,26,6,1124,1,16,-1,2,-1
201531B110515,1,9,0,18,0,0,0,0,0,0,4,1,6,1,24,5,1397,1,6,-1,1,-1
201531B110715,1,9,0,16,0,0,1,0,0,0,1,1,2,1,37,7,1968,2,4,-1,3,-1
201531B110715,2,9,0,17,0,0,2,0,1,2,3,1,6,1,30,6,1242,1,8,-1,1,-1
201531B110915,1,5,0,18,0,0,1,0,0,0,1,1,6,1,50,8,1050,1,7,-1,1,-1
201531B110915,2,20,0,4,0,0,0,0,0,0,2,1,1,1,48,8,4250,2,9,-1,2,-1
201531B111015,1,9,0,18,0,0,0,0,1,0,1,1,6,2,26,6,1349,1,6,-1,1,-1
201531B111015,2,9,0,18,0,0,0,0,0,0,3,1,6,1,51,8,1781,1,13,-1,1,-1
201531B111115,1,9,0,18,0,0,1,0,7,9,1,1,6,1,65,9,3628,2,7,-1,1,-1
201531B111715,1,9,0,16,0,0,2,0,7,0,1,1,6,2,23,5,1242,1,3,-1,1,-1
201531B111915,1,5,0,18,0,3,1,7,0,0,3,1,6,2,48,8,1050,1,6,-1,1,-1
201531B112515,1,19,0,18,0,4,0,0,0,0,3,1,6,1,50,8,-1,-1,-1,-1,2,-1
201531B112515,2,3,0,18,0,8,0,0,0,0,1,1,1,1,25,5,125,1,6,-1,1,-1
201531B113315,1,19,0,18,0,0,0,0,0,0,1,1,1,1,-1,-1,1686,2,9,-1,3,-1
201531B113315,2,9,0,2,0,0,0,0,0,0,2,1,6,3,-1,-1,1229,1,9,-1,-1,-1