Accident_Index,Vehicle_Reference,Vehicle_Type,Towing_and_Articulation,Vehicle_Manoeuvre,Vehicle_Location-Restricted_Lane,Junction_Location,Skidding_and_Overturning,Hit_Object_in_Carriageway,Vehicle_Leaving_Carriageway,Hit_Object_off_Carriageway,1st_Point_of_Impact,Was_Vehicle_Left_Hand_Drive?,Journey_Purpose_of_Driver,Sex_of_Driver,Age_of_Driver,Age_Band_of_Driver,Engine_Capacity_(CC),Propulsion_Code,Age_of_Vehicle,Driver_IMD_Decile,Driver_Home_Area_Type,Vehicle_IMD_Decile
201531B113315,3,9,0,2,0,0,0,0,0,0,2,1,6,3,-1,-1,1598,1,8,-1,-1,-1
201531B113915,1,9,0,6,0,0,0,0,0,0,3,1,6,1,45,7,1956,2,1,-1,3,-1
201531B113915,2,5,0,14,0,0,0,0,0,0,1,1,6,1,45,7,599,1,13,-1,3,-1
201531B115215,1,9,0,18,0,0,0,0,0,0,3,1,6,2,49,8,1560,2,2,-1,2,-1
201531B116315,1,19,0,1,0,1,0,0,0,0,2,1,1,1,65,9,2800,2,12,-1,1,-1
201531B116815,1,5,0,18,0,0,0,0,0,0,1,1,1,1,54,8,1585,1,5,-1,1,-1
201531B117415,1,19,0,18,0,0,0,0,1,4,1,1,6,1,44,7,2461,2,4,-1,-1,-1
201531B117615,1,9,0,18,0,8,0,0,0,0,1,1,2,1,40,7,1995,2,9,-1,2,-1
201531B118515,1,22,0,7,9,6,0,0,1,0,3,1,6,1,73,10,-1,-1,-1,-1,-1,-1
201531B119215,1,11,0,18,0,0,0,0,0,0,0,1,1,1,52,8,11000,2,15,-1,1,-1
201531B119215,2,9,0,18,0,0,0,0,0,0,1,1,1,1,25,5,-1,-1,-1,-1,1,-1
201531B119615,1,9,3,18,0,0,0,0,0,0,0,1,6,3,-1,-1,-1,-1,-1,-1,-1,-1
201531B119615,2,16,0,18,0,0,0,0,0,0,0,1,6,2,-1,-1,-1,-1,-1,-1,1,-1
201531B119715,1,9,0,18,9,0,0,0,0,0,1,1,6,1,26,6,2496,2,10,-1,2,-1
201531B119715,2,1,0,18,9,0,0,0,0,0,1,1,2,1,44,7,-1,-1,-1,-1,2,-1
201531B120915,1,9,0,9,0,6,0,0,0,0,1,1,6,2,-1,-1,-1,-1,-1,-1,-1,-1
201531B120915,2,1,0,18,0,8,0,0,0,0,3,1,6,1,24,5,-1,-1,-1,-1,1,-1
201531B121115,1,9,0,18,0,8,2,0,1,2,3,1,1,1,49,8,1240,1,10,-1,2,-1
201531B121115,2,9,0,9,0,8,1,0,0,0,1,1,1,2,27,6,1364,1,5,-1,2,-1
201531B121515,1,9,0,4,0,0,0,0,1,0,2,1,6,1,79,11,1200,1,-1,-1,1,-1
201531B121515,2,9,0,18,0,0,0,0,0,0,1,1,6,1,32,6,1242,1,2,-1,1,-1
201531B121615,1,9,0,18,0,0,0,0,0,0,1,1,6,1,43,7,1124,1,15,-1,1,-1
201531B121615,2,1,0,12,0,0,0,0,0,0,2,1,6,1,52,8,-1,-1,-1,-1,1,-1
201531B123815,1,1,0,18,0,1,0,0,0,0,1,1,6,1,43,7,-1,-1,-1,-1,1,-1
201531B123815,2,9,0,5,0,1,0,0,0,0,4,1,6,2,31,6,1995,2,8,-1,1,-1
201531B125115,1,9,0,13,0,8,0,0,0,0,1,1,6,2,18,4,1299,1,12,-1,2,-1
201531B125115,2,90,0,9,0,5,0,0,0,0,3,1,1,1,41,7,4400,2,4,-1,1,-1
201531B125515,1,19,0,18,0,1,0,0,0,0,1,1,1,1,40,7,1560,2,1,-1,1,-1
201531B125515,2,17,0,10,0,5,0,0,0,0,2,1,1,1,19,4,-1,2,3,-1,3,-1
201531B125615,1,9,0,18,0,0,0,0,0,0,1,1,6,1,27,6,1781,1,12,-1,1,-1
201531B125615,2,19,0,18,0,0,0,0,0,0,2,1,6,1,35,6,2500,2,10,-1,3,-1
201531B125915,1,1,0,7,0,6,0,0,0,0,1,1,4,1,13,3,-1,-1,-1,-1,-1,-1
201531B125915,2,9,0,18,0,2,0,0,0,0,4,1,6,1,53,8,1560,2,4,-1,1,-1
201531B126015,1,1,0,18,0,0,0,0,0,0,1,1,6,1,48,8,-1,-1,-1,-1,1,-1
201531B126015,2,9,0,2,0,0,0,0,0,0,2,1,6,3,-1,-1,1398,2,2,-1,-1,-1
201531B126915,1,19,0,18,0,0,0,0,0,0,1,1,6,1,29,6,1360,1,13,-1,3,-1
201531B126915,2,21,0,3,0,0,0,0,0,0,2,1,1,1,36,7,11946,2,12,-1,2,-1
201531B127215,1,9,0,9,0,5,0,0,0,0,3,1,6,1,-1,-1,1783,1,13,-1,2,-1
201531B127215,2,1,0,18,9,1,0,0,0,0,1,1,6,2,18,4,-1,-1,-1,-1,2,-1
201531B127915,1,9,0,18,0,0,0,0,0,0,1,1,6,1,21,5,998,1,2,-1,1,-1
201531B127915,2,21,1,18,0,0,0,0,0,0,1,1,1,1,28,6,12900,2,6,-1,2,-1
201531B130115,1,5,0,13,0,0,0,0,0,0,1,1,6,1,28,6,998,1,16,-1,3,-1
201531B130115,2,9,0,18,0,0,0,0,0,0,2,1,6,2,75,10,1198,1,6,-1,1,-1
201531B130215,1,5,0,18,0,0,1,10,0,0,1,1,6,1,33,6,499,1,17,-1,3,-1
201531B130315,1,9,0,16,0,0,2,0,7,9,3,1,2,1,34,6,1124,1,16,-1,3,-1
201531B130415,1,9,0,16,0,0,0,0,7,0,3,1,6,1,49,8,2435,1,15,-1,-1,-1
201531B130415,2,9,0,17,0,0,0,0,1,0,3,1,6,2,70,10,1197,1,2,-1,1,-1
201531B130715,1,9,0,9,0,5,0,0,0,0,1,1,2,1,36,7,1324,1,16,-1,-1,-1
201531B130715,2,1,0,18,0,1,0,0,0,0,3,1,6,1,12,3,-1,-1,-1,-1,2,-1
201531B131415,1,19,0,18,0,2,0,0,0,0,1,1,6,3,-1,-1,-1,-1,-1,-1,-1,-1
201531B131415,2,9,0,3,0,2,0,0,0,0,2,1,6,1,37,7,1686,2,9,-1,1,-1
201531B132715,1,9,0,18,0,4,0,10,8,0,1,1,6,2,63,9,1587,1,11,-1,1,-1
201531B132715,2,9,0,7,0,8,0,0,0,0,4,1,6,2,32,6,1995,2,9,-1,1,-1
201531B133315,1,9,0,7,0,5,0,0,0,0,1,1,1,2,19,4,1149,1,10,-1,1,-1
201531B133315,2,1,0,18,0,1,0,0,0,0,1,1,4,1,11,3,-1,-1,-1,-1,2,-1
201531B133415,1,9,0,16,0,0,1,0,1,11,1,1,1,1,23,5,1149,1,14,-1,2,-1
201531B133515,1,9,0,18,0,3,1,7,0,0,1,1,6,1,29,6,1995,2,13,-1,1,-1
201531B133615,1,9,0,18,0,0,0,0,0,0,1,1,2,2,62,9,1984,2,2,-1,1,-1
201531B133615,2,9,0,3,0,0,0,0,0,0,2,1,6,2,32,6,1560,2,2,-1,1,-1
201531B133615,3,9,0,3,0,0,0,0,0,0,2,1,6,2,59,9,1968,2,4,-1,3,-1
201531B134015,1,9,0,18,0,0,1,0,0,0,1,1,2,2,18,4,1124,1,8,-1,1,-1
201531B134015,2,8,0,1,0,0,0,0,0,0,2,1,1,1,36,7,1896,2,5,-1,1,-1
201531B134115,1,9,0,18,0,0,0,0,2,11,4,1,6,1,25,5,1398,2,12,-1,2,-1
201531B135215,1,9,0,18,0,0,2,0,1,9,3,1,6,2,24,5,1348,1,14,-1,1,-1
201531B135315,1,19,0,16,0,0,0,0,0,0,0,1,1,1,56,9,-1,-1,-1,-1,1,-1
201531B135315,2,21,1,17,0,0,0,11,0,0,1,1,1,1,55,8,-1,-1,-1,-1,1,-1
201531B136415,1,9,0,14,0,0,0,0,0,0,4,1,6,3,-1,-1,-1,-1,-1,-1,-1,-1
201531B136515,1,9,0,9,0,4,0,0,0,0,3,1,6,2,18,4,1240,1,10,-1,3,-1
201531B136515,2,9,0,18,0,8,0,0,0,0,1,1,6,1,34,6,1896,2,12,-1,3,-1
201531B136615,1,9,0,4,0,0,0,0,0,0,1,1,6,3,-1,-1,-1,-1,-1,-1,-1,-1
201531B136615,2,9,0,3,0,0,0,0,0,0,2,1,1,2,25,5,1242,1,15,-1,1,-1
201531B136915,1,21,1,7,0,6,0,0,0,0,3,2,1,3,-1,-1,-1,-1,-1,-1,-1,-1
201531B136915,2,9,0,18,0,2,0,0,0,0,4,1,6,2,31,6,1242,1,18,-1,3,-1
201531B137315,1,9,0,9,0,5,0,0,0,0,4,1,1,1,25,5,1242,1,10,-1,1,-1
201531B137315,2,19,0,18,0,8,0,0,0,0,1,1,1,1,26,6,1995,2,5,-1,1,-1
201531B137415,1,9,0,1,0,6,0,0,0,0,2,1,6,2,19,4,-1,-1,-1,-1,1,-1
201531B137415,2,9,0,18,0,8,0,0,0,0,1,1,6,2,44,7,-1,-1,-1,-1,-1,-1
201531B137715,1,9,0,9,0,6,0,0,0,0,1,1,6,3,-1,-1,1997,2,7,-1,-1,-1
201531B137715,2,1,0,18,0,8,0,0,0,0,1,1,6,2,58,9,-1,-1,-1,-1,1,-1
201531B137815,1,20,0,18,0,0,0,0,0,0,4,1,1,1,48,8,4580,2,3,-1,1,-1
201531B138215,1,1,0,18,5,1,0,0,0,0,1,1,4,1,11,3,-1,-1,-1,-1,1,-1
201531B138215,2,9,0,7,0,6,0,0,0,0,4,1,3,2,32,6,1388,1,12,-1,1,-1
201531B138915,1,21,1,13,0,0,0,0,0,0,1,1,1,1,51,8,12740,2,-1,-1,3,-1
201531B138915,2,10,0,4,0,0,0,0,0,0,2,1,6,1,42,7,2198,2,8,-1,1,-1
201531B139215,1,19,0,9,0,5,0,0,0,0,3,1,1,1,-1,-1,2198,2,8,-1,1,-1
201531B139215,2,5,0,13,0,8,0,0,0,0,4,1,6,1,44,7,599,1,6,-1,1,-1
201531B139815,1,9,0,16,0,0,1,0,0,0,1,1,1,1,19,4,1242,1,18,-1,3,-1
201531B139815,2,9,0,17,0,0,0,0,0,0,1,1,6,2,73,10,1390,1,10,-1,2,-1
201531B139915,1,9,0,18,0,1,0,0,0,0,1,1,6,2,53,8,1560,2,-1,-1,2,-1
201531B140015,1,9,0,1,9,0,0,4,0,0,2,1,6,1,90,11,2099,1,13,-1,3,-1
201531B140015,2,9,0,2,9,0,0,0,0,0,1,1,6,1,54,8,1956,2,4,-1,1,-1
201531B141515,1,9,0,8,0,1,0,0,0,0,2,1,6,2,20,4,1124,1,12,-1,3,-1
201531B141515,2,9,0,18,0,1,0,0,0,0,1,1,6,1,-1,-1,-1,-1,-1,-1,1,-1
201531B141715,1,90,0,18,9,2,0,0,0,0,1,1,6,1,19,4,-1,-1,-1,-1,-1,-1
201531B142015,1,9,0,18,0,8,0,0,0,0,4,1,6,2,19,4,973,1,12,-1,2,-1
201531B142015,2,1,0,18,0,8,0,0,0,0,1,1,6,1,45,7,-1,-1,-1,-1,2,-1
201531B142115,1,90,0,14,0,0,0,0,0,0,0,1,1,1,40,7,8867,2,5,-1,1,-1
201531B142115,2,1,0,18,0,0,0,0,0,0,3,1,6,1,-1,-1,-1,-1,-1,-1,3,-1
201531B142415,1,19,0,5,0,4,0,0,0,0,1,1,6,1,-1,-1,1995,2,2,-1,-1,-1
201531B142415,2,9,0,5,0,4,0,0,0,0,2,1,6,2,21,5,1240,1,11,-1,3,-1
201531B143115,1,9,0,16,0,0,0,0,1,9,1,1,2,2,77,11,1560,2,6,-1,1,-1
201531B144815,1,9,0,17,0,0,0,0,7,9,3,1,6,1,80,11,2198,2,6,-1,2,-1
201531B146215,1,9,0,18,0,0,1,0,7,3,4,1,2,1,25,5,1900,2,15,-1,2,-1
201531B147215,1,9,0,16,0,0,1,0,0,0,1,1,2,1,21,5,998,1,1,-1,2,-1
201531B147215,2,9,0,17,0,0,0,0,0,0,1,1,2,1,60,9,1997,2,11,-1,2,-1
201531B147615,1,19,0,11,0,0,0,4,0,0,1,1,1,1,69,10,2198,2,1,-1,1,-1
201531B147615,2,21,1,2,0,0,0,0,0,0,2,2,1,1,45,7,11705,2,12,-1,-1,-1
201531B147815,1,5,0,17,0,0,1,0,1,10,1,1,6,1,38,7,955,1,12,-1,1,-1
201531B149415,1,9,0,18,0,0,0,6,1,0,1,1,6,1,49,8,2902,2,8,-1,2,-1
201531B150815,1,9,0,16,0,0,2,0,1,11,1,1,6,1,31,6,1896,2,14,-1,-1,-1
201531B151415,1,2,0,17,0,0,0,0,0,0,4,1,1,1,21,5,-1,-1,-1,-1,-1,-1
201531B152315,1,9,0,18,0,0,0,0,2,11,1,1,6,1,21,5,998,1,7,-1,1,-1
201531B152515,1,9,0,18,0,4,0,0,0,0,1,1,6,1,75,10,1769,1,9,-1,1,-1
201531B152515,2,1,0,18,0,8,0,0,0,0,4,1,1,2,41,7,-1,-1,-1,-1,1,-1
201531B152615,1,9,0,17,0,8,0,0,0,0,3,1,2,2,22,5,1497,1,12,-1,1,-1
201531B152615,2,9,0,7,0,3,0,0,0,0,4,1,2,1,37,7,1968,2,-1,-1,-1,-1
201531B153215,1,9,0,13,0,8,0,0,0,0,1,1,2,1,48,8,1598,1,9,-1,2,-1
201531B153215,2,9,0,9,0,5,0,0,0,0,3,1,6,2,52,8,1870,2,10,-1,2,-1
201531B153315,1,9,0,18,0,0,0,0,0,0,1,1,6,2,20,4,1896,2,14,-1,3,-1
201531B153315,2,9,0,3,0,0,0,0,0,0,2,1,6,1,53,8,2926,2,11,-1,1,-1
201531B153515,1,9,0,18,0,0,0,0,0,0,3,1,6,1,37,7,1497,1,12,-1,2,-1
201531B153515,2,9,0,18,0,0,0,0,0,0,3,1,6,1,48,8,2179,2,1,-1,1,-1
201531B153515,3,9,0,18,0,0,0,0,0,0,1,1,6,1,49,8,2687,1,10,-1,1,-1
201531B154415,1,9,0,18,0,0,5,10,7,0,3,1,6,2,26,6,998,1,3,-1,1,-1
201531B155115,1,9,0,6,0,0,0,0,0,0,4,1,6,2,70,10,1388,1,7,-1,2,-1
201531B155115,2,9,0,18,0,0,0,0,0,0,1,1,6,1,22,5,1798,1,4,-1,1,-1
201531B155615,1,5,0,13,0,8,1,0,7,0,1,1,6,1,29,6,599,1,3,-1,1,-1
201531B155615,2,9,0,9,0,5,0,0,0,0,3,1,6,2,-1,-1,1493,2,8,-1,2,-1
201531B156015,1,9,0,13,0,0,0,0,0,0,3,1,6,1,32,6,3628,2,7,-1,1,-1
201531B156015,2,9,0,17,0,0,0,0,1,4,3,1,6,1,80,11,1968,2,8,-1,1,-1
201531B156215,1,9,0,4,0,0,0,0,0,0,1,1,6,2,-1,-1,1796,1,8,-1,1,-1
201531B156215,2,9,0,3,0,0,0,0,0,0,2,1,6,2,38,7,1598,1,5,-1,1,-1
201531B156515,1,9,0,16,0,8,0,0,0,0,1,1,6,1,-1,-1,1596,1,14,-1,1,-1
201531B156515,2,9,0,18,0,8,0,0,0,0,2,1,6,1,73,10,2143,2,3,-1,-1,-1
201531B156715,1,9,0,18,0,0,0,0,0,0,1,1,6,2,20,4,1598,1,11,-1,3,-1
201531B156715,2,9,0,3,0,0,0,0,0,0,2,1,6,2,20,4,1598,1,13,-1,3,-1
201531B157315,1,19,0,4,0,0,0,0,0,0,0,1,6,3,-1,-1,-1,-1,-1,-1,-1,-1
201531B157315,2,1,0,18,0,0,0,0,0,0,0,1,1,1,20,4,-1,-1,-1,-1,1,-1
201531B157415,1,5,0,13,0,0,1,0,4,0,1,1,6,1,29,6,749,1,8,-1,1,-1
201531B157815,1,9,0,18,0,0,0,0,0,0,1,1,6,1,-1,-1,1988,1,15,-1,-1,-1
201531B157815,2,9,0,3,0,0,0,0,0,0,2,1,3,2,33,6,1997,2,7,-1,1,-1
201531B158115,1,19,0,18,0,0,0,0,0,0,0,1,6,3,-1,-1,-1,-1,-1,-1,-1,-1
201531B158115,2,1,0,18,0,0,0,0,0,0,0,1,6,1,40,7,-1,-1,-1,-1,1,-1
201531B158515,1,9,0,18,0,0,0,0,0,0,1,1,6,3,-1,-1,-1,-1,-1,-1,-1,-1
201531B158815,1,19,0,17,0,0,2,0,2,10,1,1,6,1,-1,-1,1998,2,12,-1,-1,-1
201531B159315,1,3,0,17,0,0,0,10,1,0,1,1,6,1,31,6,125,1,2,-1,3,-1
201531B159415,1,9,0,17,0,0,1,0,4,4,3,1,2,1,25,5,1398,2,12,-1,1,-1
201531B159615,1,9,0,18,0,0,2,0,7,0,1,1,6,1,22,5,1388,1,12,-1,1,-1
201531B159915,1,9,0,15,0,0,1,6,5,7,3,1,6,1,26,6,-1,-1,-1,-1,1,-1
201531B159915,2,21,1,18,0,0,0,0,0,0,0,1,1,1,-1,-1,-1,-1,-1,-1,-1,-1
201531B160115,1,9,0,1,0,0,0,0,0,0,2,1,6,3,-1,-1,1798,1,7,-1,-1,-1
201531B160115,2,9,0,3,0,0,0,0,0,0,1,1,6,1,39,7,1896,2,11,-1,1,-1
201531B160815,1,9,0,4,0,0,0,0,0,0,2,1,6,3,-1,-1,-1,-1,-1,-1,-1,-1
201531B160815,2,1,0,18,0,0,0,0,0,0,1,1,6,1,53,8,-1,-1,-1,-1,1,-1
201531B160915,1,9,0,18,0,4,1,9,0,0,4,1,6,1,40,7,2494,1,16,-1,-1,-1
201531B161015,1,1,0,18,0,8,0,0,0,0,4,1,1,1,22,5,-1,-1,-1,-1,1,-1
201531B161015,2,9,0,4,0,1,0,0,0,0,1,1,6,1,-1,-1,-1,-1,-1,-1,-1,-1
201531B161515,1,9,0,17,0,0,0,0,1,0,3,1,6,1,56,9,1388,1,3,-1,3,-1
201531B161515,2,19,0,16,0,0,0,0,0,0,3,1,1,1,46,8,2143,2,-1,-1,1,-1
201531B162115,1,19,0,18,0,8,0,0,0,0,1,1,6,2,-1,-1,2143,2,5,-1,-1,-1
201531B162115,2,1,0,9,0,6,0,0,0,0,1,1,6,1,25,5,-1,-1,-1,-1,1,-1
201531B162915,1,9,0,17,0,0,2,0,1,4,3,1,6,2,40,7,1124,1,13,-1,1,-1
201531B163515,1,9,0,18,0,0,0,0,0,0,1,1,6,1,80,11,1242,1,8,-1,-1,-1
201531B163715,1,9,0,7,0,8,0,0,0,0,4,1,6,3,-1,-1,-1,-1,-1,-1,-1,-1
201531B163715,2,1,0,18,0,4,0,0,0,0,3,1,6,1,67,10,-1,-1,-1,-1,2,-1
201531B164015,1,8,0,5,0,0,0,0,0,0,0,1,1,1,24,5,1598,2,2,-1,-1,-1
201531B164315,1,1,0,15,0,8,0,0,0,0,2,1,2,1,30,6,-1,-1,-1,-1,1,-1
201531B164315,2,9,0,7,0,5,0,0,0,0,1,1,2,1,28,6,2953,2,11,-1,1,-1
201531B164715,1,9,0,18,0,0,0,0,7,0,3,1,6,1,-1,-1,-1,-1,-1,-1,-1,-1
201531B165815,1,9,0,18,0,0,1,0,0,0,2,1,6,1,24,5,1596,1,13,-1,3,-1
201531B165815,2,9,0,18,0,0,0,0,0,0,1,1,6,1,78,11,1497,8,2,-1,1,-1
201531B166015,1,3,0,18,0,8,0,0,0,0,1,1,6,1,17,4,124,1,15,-1,2,-1
201531B166015,2,9,0,18,0,8,0,0,0,0,3,1,6,2,34,6,1400,1,13,-1,1,-1
201531B166115,1,9,0,11,7,0,0,0,0,0,4,1,6,1,52,8,1968,2,8,-1,-1,-1
201531B166115,2,1,0,18,0,0,0,0,0,0,3,1,6,1,66,10,-1,-1,-1,-1,1,-1
201531B166215,1,8,0,16,0,8,0,0,0,0,3,1,6,2,69,10,1598,2,1,-1,-1,-1
201531B166215,2,9,0,17,0,8,0,0,0,0,3,1,6,1,44,7,2496,2,19,-1,2,-1
201531B166215,3,1,0,16,0,8,0,0,0,0,1,1,6,1,29,6,-1,-1,-1,-1,-1,-1
201531B167015,1,19,0,18,0,1,0,0,0,0,4,1,6,1,-1,-1,2953,2,10,-1,1,-1
201531B167215,1,9,0,9,0,6,0,0,0,0,4,1,6,1,38,7,1598,1,1,-1,2,-1
201531B167215,2,9,0,18,0,8,0,0,0,0,1,1,6,2,54,8,1242,1,6,-1,1,-1
201531B167615,1,3,0,17,0,0,1,0,1,0,3,1,2,1,28,6,125,1,1,-1,3,-1
201531B168315,1,9,0,13,0,0,0,0,0,0,4,1,6,2,65,9,1388,1,7,-1,1,-1
201531B168315,2,1,0,14,0,0,0,0,0,0,3,1,6,1,-1,-1,-1,-1,-1,-1,-1,-1
201531B168415,1,9,0,16,0,0,5,12,2,9,4,1,6,1,34,6,2996,1,-1,-1,2,-1
201531B169815,1,9,0,9,0,6,0,0,0,0,1,1,6,2,48,8,2204,2,9,-1,1,-1
201531B169815,2,9,0,18,0,8,0,0,1,11,3,1,6,1,52,8,1598,2,1,-1,1,-1
201531B170015,1,90,0,18,0,0,0,0,0,0,1,1,6,1,-1,-1,-1,-1,-1,-1,-1,-1
201531B170015,2,1,0,18,0,0,0,0,0,0,2,1,6,1,41,7,-1,-1,-1,-1,-1,-1
201531B170515,1,5,0,14,0,1,0,0,0,0,1,1,1,1,22,5,599,1,16,-1,2,-1
201531B170515,2,9,0,9,0,5,0,0,0,0,3,1,6,1,19,4,1199,1,13,-1,1,-1
201531B170815,1,9,0,18,0,6,0,7,0,0,1,1,1,1,27,6,-1,-1,-1,-1,3,-1
201531B172115,1,9,0,18,0,0,0,0,7,4,1,1,6,1,70,10,1395,1,2,-1,1,-1
201531B172315,1,19,0,18,0,0,0,0,1,2,1,1,1,1,54,8,1997,2,-1,-1,1,-1
201531B172715,1,9,0,4,0,8,1,0,0,0,1,1,6,1,20,4,1124,1,11,-1,1,-1
201531B172715,2,9,0,3,0,8,0,0,0,0,2,1,6,1,35,6,2935,1,22,-1,2,-1
201531B173815,1,19,0,7,0,6,0,0,0,0,1,1,2,1,42,7,2402,2,13,-1,1,-1
201531B173815,2,3,0,18,0,8,0,0,0,0,4,1,2,1,40,7,124,1,-1,-1,1,-1
201531B174915,1,21,1,1,0,0,0,0,0,0,2,1,6,1,-1,-1,12740,2,1,-1,-1,-1
201531B174915,2,9,0,3,0,0,0,0,0,0,1,1,6,2,51,8,1399,2,4,-1,1,-1
201531B175115,1,9,0,18,0,8,0,0,0,0,2,1,6,1,-1,-1,1999,2,-1,-1,-1,-1
201531B175115,2,9,0,18,0,8,0,0,1,0,1,1,6,2,17,4,1299,1,13,-1,2,-1
201531B175215,1,9,0,9,0,6,0,0,0,0,0,1,6,3,-1,-1,2967,2,-1,-1,-1,-1
201531B175215,2,9,0,18,0,8,0,0,0,0,0,1,6,1,44,7,2179,2,10,-1,2,-1
201531B175615,1,9,0,18,0,8,0,0,0,0,1,1,6,1,79,11,1997,2,9,-1,1,-1
201531B175915,1,21,1,18,0,0,0,0,0,0,3,2,1,2,50,8,-1,-1,-1,-1,-1,-1
201531B175915,2,9,0,18,0,0,0,0,1,7,4,1,6,2,44,7,1390,1,12,-1,3,-1
201531B175915,3,9,0,3,0,0,0,0,0,0,2,1,6,2,50,8,998,1,11,-1,1,-1
201531B176015,1,9,0,9,0,6,0,10,7,0,1,1,6,1,91,11,993,1,13,-1,3,-1
201531B176015,2,9,0,2,9,2,0,0,0,0,1,1,6,1,-1,-1,1598,1,1,-1,-1,-1
201531B176015,3,9,0,2,9,2,0,0,7,0,1,1,6,1,-1,-1,1791,8,4,-1,-1,-1
201531B176015,4,9,0,2,0,2,0,0,0,0,1,1,6,1,-1,-1,-1,-1,-1,-1,-1,-1
201531B176015,5,9,0,2,0,2,0,0,0,0,1,1,6,1,-1,-1,-1,-1,-1,-1,-1,-1
201531B176115,1,5,0,18,0,0,0,0,0,0,1,1,6,1,23,5,1200,1,10,-1,2,-1
201531B176115,2,19,0,18,0,0,0,0,0,0,2,1,1,1,47,8,2464,2,8,-1,2,-1
201531B176415,1,9,0,5,0,6,0,0,0,0,1,1,6,2,48,8,1198,1,6,-1,2,-1
201531B176415,2,5,0,8,0,1,0,0,0,0,2,1,6,1,52,8,647,1,13,-1,3,-1
201531B176615,1,9,0,2,9,0,0,0,0,0,2,1,1,2,43,7,998,1,12,-1,2,-1
201531B176615,2,19,0,17,0,0,1,0,1,0,1,1,6,1,54,8,1248,2,9,-1,2,-1
201531B177715,1,19,0,18,0,1,0,0,0,0,1,1,1,1,43,7,1753,2,10,-1,1,-1
201531B177715,2,9,0,10,0,8,0,0,0,0,2,1,6,2,23,5,1587,1,11,-1,2,-1
201531B177915,1,9,0,6,0,0,0,0,0,0,3,1,1,1,33,6,1896,2,5,-1,-1,-1
201531B177915,2,2,0,18,0,0,0,0,0,0,4,1,6,1,17,4,85,1,14,-1,-1,-1
201531B178115,1,9,0,5,0,1,0,0,0,0,1,1,1,2,26,6,1242,1,4,-1,1,-1
201531B178115,2,5,0,3,0,1,0,0,0,0,2,1,1,2,34,6,599,1,23,-1,1,-1
201531B178515,1,9,0,17,0,0,2,0,0,0,1,1,2,1,27,6,1588,2,24,-1,2,-1
201531B178515,2,19,0,16,0,0,0,0,0,0,1,1,2,1,44,7,2143,2,3,-1,3,-1
201531B178615,1,9,0,13,0,0,1,0,0,0,1,1,6,2,74,10,1397,1,13,-1,1,-1
201531B178615,2,17,0,18,0,0,0,0,0,0,1,1,1,1,-1,-1,-1,2,3,-1,-1,-1
201531B179015,1,90,0,17,0,8,0,0,0,0,0,1,6,1,21,5,686,1,7,-1,3,-1
201531B179015,2,1,0,10,0,1,0,0,0,0,0,1,6,1,39,7,-1,-1,-1,-1,3,-1
201531B179615,1,9,0,9,0,6,0,0,0,0,1,1,6,1,74,10,2656,1,9,-1,3,-1
201531B179615,2,1,0,10,0,8,0,0,0,0,3,1,6,1,-1,-1,-1,-1,-1,-1,3,-1
201531B179715,1,9,0,18,0,0,1,0,7,9,1,1,6,2,18,4,1198,1,8,-1,1,-1
201531B180815,1,9,0,16,0,0,0,10,1,1,4,1,6,1,17,4,1360,1,11,-1,2,-1
201531B181215,1,9,0,18,0,0,0,0,0,0,1,1,6,1,48,8,1896,2,14,-1,3,-1
201531B181215,2,9,0,18,0,0,0,0,0,0,3,1,6,1,56,9,1598,1,10,-1,-1,-1
201531B181515,1,1,0,18,0,8,0,0,0,0,1,1,6,2,6,2,-1,-1,-1,-1,1,-1
201531B181515,2,1,0,18,0,8,0,0,0,0,4,1,6,1,53,8,-1,-1,-1,-1,3,-1
201531B182015,1,9,0,1,0,1,0,0,0,0,2,1,6,1,74,10,1587,1,13,-1,1,-1
201531B182015,2,1,0,18,0,1,0,0,0,0,3,1,6,1,17,4,-1,-1,-1,-1,1,-1
201531B182115,1,9,0,9,0,4,0,0,0,0,3,1,6,2,65,9,1461,2,2,-1,1,-1
201531B182115,2,9,0,18,0,8,0,0,0,0,1,1,6,1,81,11,1905,2,18,-1,1,-1
201531B182815,1,9,0,17,0,0,0,0,7,11,1,1,6,1,20,4,1686,2,10,-1,1,-1
201531B183115,1,9,0,18,0,4,0,0,0,0,1,1,6,2,-1,-1,1598,1,13,-1,3,-1
201531B183115,2,9,0,9,0,8,0,0,0,0,4,1,6,2,27,6,1499,2,1,-1,1,-1
201531B183215,1,9,0,9,0,4,0,0,0,0,1,1,1,2,19,4,998,1,6,-1,1,-1
201531B183215,2,9,0,18,0,8,0,7,0,0,4,1,1,1,29,6,1360,1,9,-1,1,-1
201531B183315,1,9,0,18,0,0,0,0,0,0,1,1,6,1,79,11,1242,1,6,-1,3,-1
201531B183315,2,20,1,18,0,0,0,0,0,0,1,1,1,1,40,7,10837,2,2,-1,-1,-1
201531B183315,3,11,0,18,0,0,0,0,1,11,1,1,6,1,24,5,-1,-1,-1,-1,-1,-1