Accident_Index,Vehicle_Reference,Vehicle_Type,Towing_and_Articulation,Vehicle_Manoeuvre,Vehicle_Location-Restricted_Lane,Junction_Location,Skidding_and_Overturning,Hit_Object_in_Carriageway,Vehicle_Leaving_Carriageway,Hit_Object_off_Carriageway,1st_Point_of_Impact,Was_Vehicle_Left_Hand_Drive?,Journey_Purpose_of_Driver,Sex_of_Driver,Age_of_Driver,Age_Band_of_Driver,Engine_Capacity_(CC),Propulsion_Code,Age_of_Vehicle,Driver_IMD_Decile,Driver_Home_Area_Type,Vehicle_IMD_Decile
201531B184415,1,9,0,1,0,0,0,0,0,0,2,1,6,1,41,7,2184,2,12,-1,1,-1
201531B184415,2,9,0,2,0,0,0,0,0,0,1,1,6,2,37,7,1997,2,12,-1,1,-1
201531B184715,1,9,0,16,0,1,1,10,8,0,1,1,6,1,24,5,1199,1,11,-1,3,-1
201531B184715,2,9,0,10,0,5,0,0,0,0,4,1,6,1,70,10,1997,2,3,-1,2,-1
201531B184715,3,9,0,18,0,1,1,0,0,0,1,1,6,2,36,7,1796,1,11,-1,1,-1
201531B185215,1,9,0,9,0,5,0,0,0,0,3,1,6,2,55,8,1997,1,13,-1,2,-1
201531B185315,1,9,0,18,0,0,5,0,8,4,3,1,6,1,21,5,1390,1,15,-1,1,-1
201531B185415,1,11,0,2,0,0,0,0,0,0,0,1,1,1,-1,-1,9600,2,18,-1,1,-1
201531B185415,2,9,0,14,0,0,0,0,0,0,4,1,6,1,18,4,1275,1,21,-1,3,-1
201531B185515,1,9,0,18,0,0,5,0,2,10,4,1,6,2,20,4,1299,1,13,-1,1,-1
201531B186315,1,9,0,17,0,0,0,0,0,0,1,1,6,1,55,8,1587,1,10,-1,1,-1
201531B186315,2,9,0,16,0,0,0,0,0,0,1,1,6,1,70,10,1397,1,13,-1,3,-1
201531B186815,1,9,0,13,0,0,0,7,0,0,1,1,6,1,55,8,1242,1,1,-1,1,-1
201531B186815,2,9,0,18,0,0,0,0,0,0,0,1,2,2,46,8,1997,2,2,-1,1,-1
201531B187615,1,9,0,18,0,0,0,12,5,6,1,1,6,2,21,5,1360,1,8,-1,1,-1
201531B188115,1,9,0,13,0,8,0,0,8,4,4,1,1,1,21,5,2400,2,1,-1,1,-1
201531B188115,2,9,0,9,0,5,0,0,0,0,1,1,6,2,29,6,1997,2,10,-1,-1,-1
201531B188315,1,9,0,9,0,8,0,0,0,0,3,1,2,1,22,5,1390,1,14,-1,1,-1
201531B188315,2,9,0,18,0,1,0,0,0,0,1,1,2,2,24,5,1995,2,5,-1,1,-1
201531B189015,1,9,0,9,0,4,0,0,0,0,1,1,6,1,26,6,1998,2,13,-1,3,-1
201531B189015,2,1,0,18,0,8,0,0,0,0,4,1,6,1,30,6,-1,-1,-1,-1,2,-1
201531B189415,1,9,0,9,0,6,0,0,0,0,4,1,6,1,-1,-1,1596,1,7,-1,-1,-1
201531B189415,2,3,0,18,0,1,0,10,0,0,1,1,6,1,21,5,125,1,-1,-1,2,-1
201531B190915,1,9,0,7,0,5,1,10,7,1,1,1,6,1,-1,-1,1388,1,13,-1,-1,-1
201531B191215,1,9,0,9,0,5,0,0,0,0,4,1,6,1,57,9,1910,2,7,-1,1,-1
201531B191215,2,9,0,18,0,8,0,0,0,0,1,1,6,1,39,7,1956,2,3,-1,2,-1
201531B192015,1,9,0,5,0,2,5,10,3,0,1,1,6,1,94,11,1240,1,11,-1,1,-1
201531B192015,2,9,0,2,0,2,0,0,0,0,1,1,6,1,-1,-1,1560,2,1,-1,-1,-1
201531B192715,1,19,0,18,0,0,1,0,1,0,1,1,1,1,34,6,1995,2,2,-1,1,-1
201531B192715,2,9,0,18,0,0,0,0,0,0,0,1,6,1,-1,-1,-1,-1,-1,-1,-1,-1
201531B193215,1,9,0,9,0,5,0,0,0,0,0,1,6,3,-1,-1,-1,-1,-1,-1,-1,-1
201531B193215,2,11,0,18,0,1,0,0,0,0,0,1,1,1,54,8,9000,2,4,-1,2,-1
201531B193315,1,9,4,13,0,2,0,0,0,0,4,1,6,1,44,7,-1,-1,-1,-1,3,-1
201531B193315,2,1,0,18,0,2,0,0,0,0,3,1,6,1,52,8,-1,-1,-1,-1,1,-1
201531B193415,1,19,0,4,0,8,0,0,0,0,2,1,1,1,30,6,2402,2,4,-1,1,-1
201531B193415,2,9,0,4,0,1,0,0,0,0,1,1,6,1,23,5,1910,2,9,-1,1,-1
201531B193415,3,9,0,4,0,1,0,0,0,0,1,1,1,1,-1,-1,1461,2,3,-1,1,-1
201531B195015,1,9,0,5,0,1,0,0,0,0,1,1,6,2,39,7,998,1,4,-1,1,-1
201531B195015,2,9,0,8,0,1,0,0,0,0,2,1,2,2,45,7,1229,1,3,-1,-1,-1
201531B195315,1,3,0,18,9,0,0,10,1,11,4,1,6,1,16,4,124,1,7,-1,3,-1
201531B196415,1,9,0,17,0,2,2,7,0,0,1,1,2,1,45,7,2996,1,8,-1,1,-1
201531B196815,1,9,0,16,0,3,1,10,1,4,1,1,2,1,22,5,1839,1,21,-1,1,-1
201531B197315,1,9,0,9,0,3,0,0,0,0,4,1,1,1,-1,-1,1995,2,3,-1,1,-1
201531B197315,2,9,0,18,0,3,0,0,0,0,3,1,6,2,48,8,1997,2,4,-1,1,-1
201531B198615,1,9,0,18,0,4,5,10,3,4,1,1,6,1,17,4,1248,2,9,-1,2,-1
201531B200015,1,9,0,7,0,6,0,0,0,0,1,1,6,1,20,4,1598,1,12,-1,1,-1
201531B200015,2,9,0,18,0,8,0,0,0,0,4,1,6,2,26,6,1242,1,7,-1,1,-1
201531B200515,1,9,0,9,0,8,2,0,1,4,2,1,2,1,24,5,2171,1,14,-1,1,-1
201531B200615,1,19,0,16,0,1,0,0,0,0,3,1,6,3,-1,-1,-1,-1,-1,-1,-1,-1
201531B200615,2,9,0,17,0,2,0,0,0,0,3,1,6,1,33,6,1560,2,7,-1,1,-1
201531B200715,1,9,0,9,0,8,0,0,0,0,3,1,6,2,32,6,1596,1,8,-1,1,-1
201531B200715,2,1,0,17,0,8,0,0,0,0,1,1,6,1,47,8,-1,-1,-1,-1,1,-1
201531B200915,1,9,0,6,0,0,0,0,0,0,3,1,6,2,25,5,1560,2,2,-1,1,-1
201531B200915,2,9,0,18,0,0,0,0,0,0,3,1,6,1,19,4,1360,1,14,-1,2,-1
201531B201815,1,9,0,18,0,1,0,0,0,0,1,1,6,1,19,4,1560,2,6,-1,1,-1
201531B201815,2,9,0,3,0,1,0,0,0,0,2,1,6,2,53,8,1749,1,14,-1,2,-1
201531B202215,1,9,0,18,0,0,0,0,7,9,3,1,1,2,18,4,1360,1,16,-1,2,-1
201531B202215,2,9,0,18,0,0,0,0,0,0,3,1,1,1,25,5,1598,1,10,-1,1,-1
201531B202815,1,9,0,18,0,4,0,9,3,1,1,1,6,1,20,4,1588,1,13,-1,1,-1
201531B203815,1,3,0,18,0,1,1,0,0,0,3,1,2,1,61,9,124,1,3,-1,2,-1
201531B204015,1,21,4,13,0,3,0,0,0,0,0,1,1,1,-1,-1,12902,2,2,-1,-1,-1
201531B204015,2,9,0,18,0,3,0,10,1,0,4,1,6,1,62,9,1248,1,-1,-1,3,-1
201531B204115,1,9,0,2,9,0,0,0,0,0,4,1,6,1,-1,-1,1198,1,10,-1,-1,-1
201531B204215,1,9,0,18,0,0,2,0,1,9,1,1,6,1,25,5,1396,1,15,-1,1,-1
201531B204715,1,9,0,9,0,5,0,0,0,0,1,1,1,2,32,6,998,1,7,-1,1,-1
201531B204715,2,9,0,18,0,8,0,0,0,0,1,1,6,2,32,6,998,1,11,-1,3,-1
201531B205215,1,9,0,9,0,6,0,0,0,0,1,1,3,1,49,8,1598,2,-1,-1,2,-1
201531B205215,2,9,0,18,0,1,0,0,0,0,4,1,6,2,17,4,1242,1,-1,-1,3,-1
201531B205315,1,9,0,9,0,6,0,0,0,0,1,1,2,1,88,11,1784,1,6,-1,1,-1
201531B205315,2,9,0,10,0,6,0,0,0,0,3,1,2,1,72,10,1580,1,21,-1,1,-1
201531B205315,3,19,0,18,0,8,0,0,0,0,3,1,2,1,44,7,2198,2,4,-1,1,-1
201531B205315,4,9,0,18,0,1,0,0,0,0,1,1,2,2,56,9,1598,2,3,-1,2,-1
201531B205315,5,9,0,18,0,1,0,0,0,0,1,1,6,2,42,7,1686,2,2,-1,2,-1
201531B205515,1,9,0,18,0,1,0,0,2,11,1,1,6,1,19,4,2188,2,11,-1,1,-1
201531B207115,1,90,0,18,0,0,2,0,0,0,0,1,1,1,18,4,-1,-1,-1,-1,3,-1
201531B207515,1,5,0,7,0,5,0,0,0,0,1,1,6,1,38,7,847,1,1,-1,3,-1
201531B207815,1,5,0,18,0,0,1,0,0,0,1,1,6,1,58,9,1520,1,14,-1,1,-1
201531B207815,2,19,0,4,0,0,0,0,0,0,2,1,1,1,44,7,2198,2,4,-1,3,-1
201531B207915,1,11,0,5,0,0,0,0,0,0,0,1,1,1,40,7,6696,2,1,-1,1,-1
201531B208215,1,1,0,18,0,8,0,0,0,0,1,1,6,2,24,5,-1,-1,-1,-1,2,-1
201531B208415,1,9,0,13,0,0,0,0,0,0,3,1,6,2,78,11,1984,1,9,-1,3,-1
201531B209115,1,9,0,17,0,0,1,10,2,4,1,1,6,1,20,4,1390,1,14,-1,3,-1
201531B209515,1,9,0,18,0,2,0,0,0,0,1,1,6,2,29,6,1229,1,2,-1,2,-1
201531B209515,2,9,0,18,0,2,0,0,0,0,2,1,2,1,33,6,1242,1,10,-1,2,-1
201531B209515,3,9,0,18,0,2,1,0,0,0,2,1,6,1,55,8,1590,1,12,-1,1,-1
201531B209515,4,9,0,18,0,2,1,0,0,0,2,1,6,2,29,6,998,1,8,-1,2,-1
201531B209615,1,10,0,9,0,6,0,0,0,0,1,1,6,1,27,6,2198,2,5,-1,1,-1
201531B209815,1,9,0,17,0,0,1,0,1,4,1,1,6,1,35,6,1998,7,13,-1,3,-1
201531B210015,1,9,0,17,0,0,2,0,1,9,1,1,6,1,19,4,1248,2,6,-1,3,-1
201531B210315,1,9,0,4,0,1,0,0,0,0,1,1,6,1,22,5,1995,2,12,-1,-1,-1
201531B210315,2,9,0,4,0,1,0,0,0,0,2,1,1,1,58,9,1968,2,3,-1,2,-1
201531B210815,1,9,0,16,0,3,1,0,0,0,1,1,6,2,29,6,1399,2,9,-1,3,-1
201531B210815,2,9,0,18,0,1,0,0,0,0,1,1,6,1,22,5,1388,1,11,-1,3,-1
201531B210915,1,9,0,16,0,0,0,0,1,0,3,1,6,2,32,6,1461,2,9,-1,1,-1
201531B210915,2,9,0,17,0,0,0,0,0,0,3,1,6,2,43,7,1598,2,2,-1,3,-1
201531B211215,1,5,0,13,0,8,0,0,7,10,1,1,6,1,57,9,1293,1,3,-1,2,-1
201531B211215,2,9,0,9,0,5,0,0,7,0,3,1,1,2,41,7,-1,-1,-1,-1,3,-1
201531B211615,1,9,0,9,0,5,0,0,0,0,4,1,6,1,53,8,1910,2,8,-1,1,-1
201531B211615,2,9,0,18,0,1,0,0,0,0,1,1,6,1,28,6,1598,1,8,-1,1,-1
201531B213015,1,9,0,9,0,8,0,0,0,0,3,1,6,1,50,8,1560,2,6,-1,1,-1
201531B213015,2,9,0,18,0,8,0,0,0,0,1,1,2,1,39,7,1598,1,11,-1,1,-1
201531B213415,1,9,0,1,0,6,0,0,0,0,2,1,6,2,44,7,1600,2,6,-1,3,-1
201531B213415,2,3,0,18,0,8,0,0,0,0,4,1,6,1,27,6,125,1,1,-1,1,-1
201531B213715,1,9,0,10,0,1,0,0,0,0,2,1,1,1,34,6,-1,-1,-1,-1,1,-1
201531B213715,2,9,0,18,0,1,0,0,0,0,1,1,6,2,49,8,1362,1,2,-1,1,-1
201531B217115,1,9,0,17,0,8,0,0,0,0,0,1,6,1,-1,-1,-1,-1,-1,-1,-1,-1
201531B217115,2,21,0,15,0,8,0,0,0,0,3,1,6,1,-1,-1,10837,2,5,-1,-1,-1
201531B217115,3,9,0,17,0,8,0,0,0,0,4,1,6,2,19,4,1149,1,7,-1,1,-1
201531B217215,1,9,0,9,0,6,0,0,0,0,1,1,6,1,42,7,-1,-1,-1,-1,1,-1
201531B217215,2,9,0,9,0,5,0,0,0,0,3,1,6,1,21,5,1124,1,6,-1,1,-1
201531B217615,1,9,0,9,0,8,0,0,0,0,1,1,6,2,-1,-1,1388,1,7,-1,1,-1
201531B217615,2,9,0,18,0,8,0,0,0,0,1,1,6,2,20,4,1242,1,10,-1,-1,-1
201531B217815,1,9,0,18,0,0,0,4,0,0,1,1,6,2,31,6,1199,1,13,-1,1,-1
201531B217815,2,19,0,2,0,0,0,0,0,0,2,1,6,1,-1,-1,1560,2,6,-1,-1,-1
201531B218815,1,9,0,9,0,6,0,0,1,1,1,1,6,2,81,11,1242,1,11,-1,2,-1
201531B218915,1,9,0,4,0,6,1,0,1,11,4,1,6,1,33,6,1988,1,14,-1,1,-1
201531B218915,2,9,0,18,0,8,0,0,0,0,1,1,6,1,41,7,1753,2,10,-1,1,-1
201531B219015,1,19,0,5,0,1,0,0,0,0,1,1,1,1,20,4,1598,2,-1,-1,1,-1
201531B219015,2,5,0,3,0,1,0,0,0,0,2,1,6,1,41,7,1002,1,26,-1,2,-1
201531B219215,1,9,0,18,0,0,5,10,1,11,1,1,6,1,30,6,1998,1,12,-1,1,-1
201531B219415,1,9,0,13,0,0,1,0,7,2,4,1,6,1,25,5,1360,1,11,-1,1,-1
201531B219415,2,9,0,16,0,0,0,0,0,0,3,1,6,1,36,7,1389,1,14,-1,1,-1
201531B219715,1,1,0,18,0,8,0,0,0,0,3,1,1,1,55,8,-1,-1,-1,-1,-1,-1
201531B219715,2,19,0,5,0,8,0,0,0,0,1,1,1,1,56,9,-1,-1,-1,-1,3,-1
201531B219915,1,9,0,9,0,6,0,0,0,0,3,1,6,2,52,8,2401,2,10,-1,1,-1
201531B219915,2,3,0,14,0,1,0,0,0,0,3,1,6,1,22,5,98,1,25,-1,2,-1
201531B220015,1,11,0,18,0,1,0,0,0,0,0,1,6,1,40,7,6700,2,4,-1,1,-1
201531B220015,2,1,0,18,0,1,0,0,0,0,0,1,6,1,-1,-1,-1,-1,-1,-1,-1,-1
201531B220215,1,9,0,18,0,0,0,0,0,0,1,1,6,1,54,8,1398,2,11,-1,2,-1
201531B220215,2,9,0,3,0,0,0,0,0,0,2,1,6,1,55,8,1598,1,5,-1,1,-1
201531B220515,1,9,0,18,0,0,0,7,0,0,1,1,6,2,79,11,1493,1,20,-1,1,-1
201531B221515,1,9,0,17,0,0,0,0,1,4,1,1,6,1,27,6,1596,1,12,-1,1,-1
201531B222415,1,9,0,16,0,0,0,0,7,4,1,1,6,1,55,8,1242,1,16,-1,-1,-1
201531B222615,1,9,0,14,0,0,0,0,0,0,4,1,6,1,29,6,2495,2,14,-1,1,-1
201531B223015,1,9,0,9,0,5,0,0,0,0,1,1,6,3,36,7,1124,1,9,-1,1,-1
201531B223015,2,9,0,18,0,8,0,0,0,0,1,1,6,2,20,4,1248,1,5,-1,1,-1
201531B223115,1,9,0,6,0,0,0,0,0,0,3,1,6,2,25,5,1368,1,4,-1,3,-1
201531B223115,2,9,0,13,0,0,0,0,0,0,1,1,6,2,61,9,1248,2,7,-1,1,-1
201531B224315,1,9,0,18,0,8,0,0,0,0,3,1,6,1,41,7,1598,1,8,-1,1,-1
201531B224315,2,19,0,18,0,8,0,0,0,0,1,1,6,1,40,7,1998,2,14,-1,-1,-1
201531B224415,1,9,0,18,0,1,0,0,0,0,4,1,2,2,31,6,1598,1,16,-1,1,-1
201531B224615,1,9,0,18,0,0,0,0,0,0,4,1,6,2,53,8,1388,1,11,-1,1,-1
201531B224915,1,9,0,18,0,8,0,0,0,0,3,1,6,2,-1,-1,999,1,3,-1,3,-1
201531B224915,2,1,0,18,0,8,0,0,0,0,1,1,6,2,6,2,-1,-1,-1,-1,1,-1
201531B225115,1,9,0,17,0,0,1,0,7,10,2,1,6,2,34,6,1396,1,13,-1,-1,-1
201531B225415,1,9,0,9,0,5,0,0,0,0,1,1,6,1,66,10,2199,2,4,-1,3,-1
201531B225415,2,9,0,18,0,8,0,0,0,0,3,1,6,1,22,5,2000,2,11,-1,3,-1
201531B225715,1,19,0,18,0,0,0,0,0,0,1,1,2,1,38,7,1598,2,-1,-1,3,-1
201531B225715,2,9,0,4,0,0,0,0,0,0,2,1,6,2,43,7,1988,2,11,-1,3,-1
201531B225715,3,9,0,4,0,0,0,0,0,0,2,1,6,2,45,7,1598,1,7,-1,3,-1
201531B226615,1,8,0,5,0,1,0,0,0,0,0,1,1,2,60,9,1998,2,9,-1,3,-1
201531B228115,1,9,0,2,0,8,0,0,0,0,1,1,6,1,46,8,1997,2,13,-1,1,-1
201531B228115,2,9,0,18,0,8,0,0,0,0,1,1,6,1,36,7,2295,1,14,-1,1,-1
201531B228115,3,9,0,10,0,5,0,0,0,0,0,1,6,1,38,7,2295,1,14,-1,1,-1
201531B228715,1,9,0,18,0,1,0,0,0,0,1,1,6,2,42,7,1596,1,2,-1,3,-1
201531B228715,2,9,0,3,0,1,0,0,0,0,2,1,2,1,24,5,1598,2,2,-1,1,-1
201531B228715,3,19,0,3,0,1,0,0,0,0,2,1,6,1,32,6,1998,2,15,-1,1,-1
201531B229015,1,9,0,9,0,5,0,0,0,0,4,1,6,1,18,4,1242,1,8,-1,2,-1
201531B229015,2,9,0,18,0,1,0,0,0,0,1,1,6,2,34,6,1364,1,8,-1,1,-1
201531B229215,1,9,0,9,0,8,0,0,0,0,1,1,6,2,47,8,2993,2,2,-1,3,-1
201531B229215,2,19,0,9,0,8,0,0,0,0,4,1,1,1,57,9,1998,2,14,-1,3,-1
201531B229815,1,9,0,9,0,6,0,0,0,0,1,1,2,2,40,7,1242,1,8,-1,1,-1
201531B229815,2,9,0,18,0,8,0,0,0,0,4,1,2,1,48,8,1242,1,3,-1,1,-1
201531B231715,1,9,0,18,0,2,0,0,0,0,1,1,6,1,17,4,1461,2,11,-1,2,-1
201531B232115,1,9,0,18,0,4,0,0,0,0,1,1,6,3,-1,-1,-1,-1,-1,-1,-1,-1
201531B232115,2,2,0,9,0,8,0,0,0,0,4,1,6,1,17,4,49,1,14,-1,3,-1
201531B232715,1,9,0,18,0,8,0,0,0,0,1,1,6,1,81,11,1998,1,7,-1,1,-1
201531B232715,2,9,0,2,0,8,0,0,0,0,2,1,6,1,-1,-1,1968,2,4,-1,-1,-1
201531B232715,3,9,0,2,0,2,0,0,0,0,2,1,6,1,-1,-1,1587,1,13,-1,-1,-1
201531B232715,4,9,0,2,0,2,0,0,0,0,1,1,6,1,-1,-1,999,1,-1,-1,-1,-1
201531B232715,5,9,0,2,0,2,0,0,0,0,1,1,6,1,-1,-1,1396,1,11,-1,-1,-1
201531B232815,1,3,0,13,0,0,1,0,7,0,3,1,3,1,54,8,85,1,19,-1,3,-1
201531B232815,2,4,0,13,0,0,0,0,0,0,0,1,6,3,-1,-1,-1,-1,-1,-1,-1,-1
201531B233515,1,5,0,16,0,1,0,0,0,0,1,1,6,1,41,7,999,1,6,-1,2,-1
201531B233515,2,9,0,10,0,8,0,0,0,0,2,1,6,1,45,7,2179,2,5,-1,1,-1
201531B234415,1,9,0,18,0,2,0,0,0,0,1,1,6,1,28,6,1124,1,7,-1,1,-1
201531B234615,1,9,0,18,0,0,0,0,0,0,1,1,6,2,20,4,1956,2,3,-1,1,-1
201531B234615,2,9,0,5,0,0,0,0,0,0,2,1,6,2,44,7,1968,2,6,-1,1,-1
201531B234715,1,19,0,16,0,0,0,0,0,0,4,1,2,1,23,5,2198,2,1,-1,1,-1
201531B234715,2,1,0,16,0,0,0,0,0,0,3,1,2,1,56,9,-1,-1,-1,-1,1,-1
201531B235215,1,9,0,9,0,6,0,0,4,6,3,1,6,1,91,11,2316,1,26,-1,3,-1
201531B235215,2,9,0,18,0,1,0,0,0,0,1,1,6,1,25,5,2720,2,6,-1,1,-1
201531B236015,1,9,0,18,0,1,0,0,0,0,1,1,6,1,17,4,1149,1,12,-1,1,-1
201531B236015,2,9,0,3,0,1,0,0,0,0,2,1,6,2,18,4,1560,2,2,-1,1,-1
201531B236115,1,5,0,18,0,0,1,0,0,0,1,1,6,1,54,8,988,1,11,-1,1,-1
201531B237015,1,3,0,9,0,6,1,0,0,0,3,1,2,1,29,6,125,1,-1,-1,2,-1
201531B237815,1,9,0,18,0,1,0,0,0,0,4,1,2,2,-1,-1,1998,1,14,-1,3,-1
201531B238315,1,9,0,5,0,4,0,0,0,0,1,1,6,2,-1,-1,1995,2,5,-1,-1,-1
201531B238315,2,3,0,18,0,8,0,0,0,0,4,1,6,2,47,8,-1,-1,-1,-1,1,-1
201531B238515,1,9,0,9,0,5,0,0,0,0,3,1,6,1,18,4,1598,1,4,-1,-1,-1
201531B238515,2,9,0,13,0,8,0,0,0,0,4,1,6,1,55,8,1388,1,3,-1,1,-1
201531B238815,1,9,0,18,0,1,1,0,0,0,1,1,6,1,23,5,1870,2,12,-1,-1,-1
201531B238815,2,9,0,10,0,1,0,0,0,0,2,1,6,1,46,8,1753,2,8,-1,2,-1
201531B238815,3,19,0,10,0,1,0,0,0,0,2,1,6,1,34,6,-1,-1,-1,-1,1,-1
201531B238915,1,9,0,7,0,2,0,0,0,0,1,1,6,1,-1,-1,1968,2,5,-1,3,-1
201531B238915,2,9,0,3,0,2,0,0,0,0,2,1,6,2,18,4,1299,1,13,-1,2,-1
201531B239015,1,9,0,17,0,0,1,0,2,4,1,1,2,1,29,6,1598,1,9,-1,2,-1
201531B239015,2,9,0,16,0,0,0,0,0,0,0,1,6,1,-1,-1,-1,-1,-1,-1,-1,-1
201531B239515,1,90,0,7,0,6,0,0,0,0,1,1,1,1,46,8,7146,2,4,-1,1,-1
201531B239515,2,9,0,10,0,5,0,0,0,0,4,1,2,2,66,10,1499,1,9,-1,2,-1
201531B239815,1,9,0,18,0,1,0,0,0,0,1,1,6,1,18,4,1600,1,15,-1,-1,-1
201531B239815,2,9,0,3,0,1,0,0,0,0,2,1,6,1,21,5,1590,1,11,-1,2,-1
201531B239915,1,19,0,5,0,6,0,0,0,0,1,1,1,1,32,6,1753,2,8,-1,-1,-1
201531B239915,2,9,0,18,0,1,0,0,0,0,4,1,6,1,29,6,1560,2,9,-1,2,-1
201531B240515,1,9,0,17,0,0,0,0,0,0,0,1,6,3,-1,-1,-1,-1,-1,-1,-1,-1
201531B240515,2,3,0,18,0,0,0,0,0,0,0,1,6,1,18,4,125,1,-1,-1,2,-1
201531B241115,1,2,0,16,0,0,0,11,0,0,1,1,6,1,16,4,-1,-1,-1,-1,1,-1
201531B241215,1,9,0,18,0,8,0,0,7,10,3,1,2,1,24,5,1299,1,12,-1,1,-1
201531B241215,2,9,0,9,0,8,0,0,0,0,1,1,6,1,40,7,1796,1,8,-1,1,-1
201531B242215,1,9,0,9,0,6,0,0,0,0,3,1,1,2,46,8,1968,2,6,-1,1,-1
201531B242215,2,9,0,18,0,8,0,4,1,0,1,1,1,1,50,8,-1,-1,-1,-1,1,-1
201531B242215,3,9,0,2,0,2,0,0,0,0,1,1,6,3,-1,-1,1590,1,12,-1,-1,-1
201531B242215,4,19,0,2,0,2,0,0,0,0,3,1,6,3,-1,-1,2198,2,-1,-1,-1,-1
201531B242315,1,9,0,18,0,0,0,12,0,0,1,1,6,1,31,6,2183,2,3,-1,3,-1
201531B243115,1,9,0,18,0,1,1,0,0,0,1,1,6,1,25,5,2204,2,8,-1,1,-1
201531B243115,2,9,0,18,0,1,0,0,0,0,2,1,6,1,18,4,-1,-1,-1,-1,3,-1
201531B243115,3,9,0,18,0,1,0,0,0,0,2,1,6,1,48,8,1910,2,7,-1,3,-1
201531B243115,4,9,0,9,0,5,0,0,0,0,2,1,6,1,38,7,1984,2,2,-1,1,-1
201531B244415,1,3,0,18,0,0,1,0,0,0,4,1,6,1,18,4,124,1,2,-1,2,-1
201531B244515,1,21,1,12,0,0,0,0,0,0,1,2,1,1,52,8,-1,-1,-1,-1,-1,-1
201531B244515,2,9,0,18,0,0,0,0,0,0,4,1,2,2,54,8,1596,1,5,-1,1,-1
201531B244915,1,9,0,6,0,0,0,0,0,0,0,1,6,1,-1,-1,1968,2,3,-1,-1,-1
201531B244915,2,21,1,18,0,0,0,0,0,0,2,2,6,1,48,8,-1,-1,-1,-1,-1,-1
201531B244915,3,19,0,18,0,0,0,0,0,0,1,1,1,1,38,7,1868,2,15,-1,3,-1
201531B245915,1,2,0,18,0,1,0,0,0,0,3,1,6,2,17,4,49,1,-1,-1,3,-1
201531B246415,1,19,0,18,0,0,0,0,0,0,4,1,6,1,40,7,1686,2,11,-1,-1,-1
201531B246415,2,9,0,18,0,0,0,0,0,0,3,1,6,2,22,5,1991,2,9,-1,3,-1
201531B246415,3,9,0,18,0,0,0,0,0,0,1,1,6,1,50,8,1560,2,4,-1,3,-1
201531B247415,1,9,0,10,0,5,0,0,0,0,2,1,6,1,17,4,1199,1,12,-1,2,-1
201531B247415,2,9,0,18,0,1,0,0,0,0,1,1,6,2,-1,-1,1995,2,1,-1,3,-1
201531B249615,1,9,0,18,0,0,0,0,1,4,1,1,2,2,28,6,1753,2,11,-1,-1,-1
201531B249615,2,9,0,3,0,0,0,0,0,0,2,1,6,2,60,9,1388,1,16,-1,-1,-1
201531B249615,3,19,0,3,0,0,0,0,0,0,2,1,6,1,65,9,-1,-1,-1,-1,-1,-1
201531B250615,1,9,0,16,0,0,5,10,1,11,1,1,6,1,27,6,1796,1,20,-1,1,-1
201531B251215,1,9,0,18,0,2,0,0,0,0,1,1,1,1,-1,-1,1560,2,1,-1,1,-1
201531B251215,2,1,0,9,0,2,0,0,0,0,4,1,6,1,18,4,-1,-1,-1,-1,1,-1
201531B251315,1,9,0,18,0,1,1,10,1,1,1,1,6,1,58,9,1360,1,9,-1,2,-1
201531B251515,1,9,0,9,0,8,0,0,0,0,4,1,6,2,23,5,1598,1,10,-1,2,-1
201531B251515,2,9,0,9,0,8,0,0,0,0,3,1,6,1,18,4,1422,2,15,-1,3,-1
201531B253315,1,9,0,3,0,1,0,0,0,0,2,1,6,2,59,9,1560,2,8,-1,1,-1
201531B253315,2,9,0,18,0,1,0,0,0,0,1,1,2,2,35,6,1242,1,1,-1,1,-1
201531B253415,1,19,0,18,0,0,0,0,0,0,4,1,6,1,-1,-1,-1,-1,-1,-1,-1,-1
201531B253715,1,9,0,9,0,8,0,0,0,0,2,1,6,1,41,7,1753,2,6,-1,2,-1
201531B253715,2,9,0,18,0,8,0,0,0,0,1,1,6,1,-1,-1,1995,1,8,-1,1,-1
201531B253715,3,19,0,18,0,1,0,0,0,0,1,1,6,1,31,6,2198,2,3,-1,2,-1
201531B253715,4,9,0,18,0,4,0,0,0,0,0,1,6,2,-1,-1,-1,-1,-1,-1,-1,-1
201531B254015,1,9,0,18,0,4,0,0,0,0,4,1,6,1,44,7,1596,1,11,-1,2,-1
201531B254015,2,1,0,9,0,8,0,0,0,0,3,1,6,1,49,8,-1,-1,-1,-1,1,-1
201531B254715,1,9,0,18,0,0,1,0,1,9,1,1,3,2,43,7,3200,2,12,-1,3,-1
201531B255115,1,9,0,17,0,0,1,0,7,11,1,1,6,2,-1,-1,1490,1,7,-1,3,-1
201531B255215,1,9,0,6,8,0,0,0,0,0,3,1,6,1,27,6,1781,1,11,-1,1,-1
201531B255215,2,9,0,18,0,0,0,0,0,0,1,1,6,1,49,8,2993,2,4,-1,1,-1