Accident_Index,Vehicle_Reference,Vehicle_Type,Towing_and_Articulation,Vehicle_Manoeuvre,Vehicle_Location-Restricted_Lane,Junction_Location,Skidding_and_Overturning,Hit_Object_in_Carriageway,Vehicle_Leaving_Carriageway,Hit_Object_off_Carriageway,1st_Point_of_Impact,Was_Vehicle_Left_Hand_Drive?,Journey_Purpose_of_Driver,Sex_of_Driver,Age_of_Driver,Age_Band_of_Driver,Engine_Capacity_(CC),Propulsion_Code,Age_of_Vehicle,Driver_IMD_Decile,Driver_Home_Area_Type,Vehicle_IMD_Decile
201531B255915,1,19,0,18,0,0,0,0,0,0,1,1,1,1,25,5,2402,2,9,-1,1,-1
201531B255915,2,9,0,2,0,0,0,0,1,11,2,1,6,3,-1,-1,-1,-1,-1,-1,-1,-1
201531B256115,1,19,0,18,0,1,0,0,0,0,1,1,1,1,42,7,2143,2,-1,-1,1,-1
201531B256115,2,9,0,10,0,5,0,0,0,0,2,1,6,1,47,8,1896,2,12,-1,1,-1
201531B256615,1,9,0,18,0,1,0,0,0,0,1,1,6,2,26,6,973,1,12,-1,1,-1
201531B256615,2,9,0,4,0,1,0,0,0,0,2,1,6,2,32,6,1796,1,11,-1,1,-1
201531B256815,1,9,0,18,0,0,1,0,0,0,1,1,6,2,42,7,1299,1,17,-1,1,-1
201531B256815,2,9,0,18,0,0,1,0,0,0,2,1,6,1,66,10,-1,-1,-1,-1,1,-1
201531B257015,1,9,0,18,0,0,1,0,0,0,1,1,6,2,22,5,-1,-1,-1,-1,3,-1
201531B257015,2,9,0,3,0,0,0,0,0,0,2,1,6,1,70,10,1595,1,6,-1,1,-1
201531B257015,3,9,0,3,0,0,0,0,0,0,2,1,6,1,52,8,-1,-1,-1,-1,2,-1
201531B257415,1,3,0,18,6,1,0,10,0,0,1,1,6,1,34,6,-1,-1,-1,-1,1,-1
201531B257615,1,9,0,7,0,1,0,0,0,0,1,1,6,2,47,8,1349,1,1,-1,2,-1
201531B257615,2,1,0,18,0,1,0,0,0,0,3,1,6,1,70,10,-1,-1,-1,-1,3,-1
201531B257715,1,9,0,18,0,0,0,0,0,0,3,1,2,2,29,6,1598,1,9,-1,3,-1
201531B257715,2,22,0,18,0,0,0,0,0,0,1,1,6,1,64,9,-1,-1,-1,-1,1,-1
201531B257915,1,19,0,18,0,0,0,0,0,0,3,1,1,1,29,6,2287,2,8,-1,1,-1
201531B259715,1,9,0,9,0,2,0,0,0,0,1,1,6,1,50,8,1248,1,2,-1,1,-1
201531B260015,1,9,0,6,0,0,0,0,0,0,3,1,6,2,38,7,2967,2,1,-1,3,-1
201531B260015,2,2,0,13,0,0,0,0,0,0,1,1,2,1,16,4,49,1,6,-1,1,-1
201531B260115,1,9,0,7,0,5,0,0,0,0,4,1,6,2,23,5,1229,1,5,-1,3,-1
201531B260315,1,9,0,9,0,4,0,0,0,0,3,1,6,1,51,8,4806,1,5,-1,3,-1
201531B260315,2,1,0,18,0,8,0,0,0,0,1,1,6,1,76,11,-1,-1,-1,-1,-1,-1
201531B260615,1,19,0,13,0,0,0,0,0,0,1,1,2,1,24,5,1560,2,-1,-1,1,-1
201531B260615,2,9,0,17,0,0,0,0,1,9,2,1,6,2,55,8,1599,1,10,-1,1,-1
201531B261215,1,9,0,9,0,3,0,0,0,0,3,1,6,1,21,5,1896,2,9,-1,2,-1
201531B261215,2,9,0,3,0,1,0,0,0,0,3,1,6,1,47,8,2521,1,8,-1,3,-1
201531B261215,3,9,0,18,0,2,0,0,1,11,2,1,6,1,68,10,796,1,13,-1,1,-1
201531B261715,1,9,0,18,0,8,0,0,0,0,3,1,1,2,47,8,796,1,11,-1,2,-1
201531B261715,2,9,0,9,0,6,0,0,0,0,1,1,1,2,31,6,1995,2,13,-1,1,-1
201531B262115,1,9,0,18,0,0,0,0,1,0,3,2,6,1,17,4,1124,1,13,-1,1,-1
201531B262215,1,21,1,9,0,5,0,0,0,0,3,1,1,1,37,7,12777,2,5,-1,1,-1
201531B262215,2,3,0,13,0,8,0,0,0,0,1,1,2,1,19,4,124,1,5,-1,2,-1
201531B263515,1,11,0,18,0,0,0,0,0,0,0,1,1,2,60,9,6700,2,4,-1,1,-1
201531B263615,1,9,0,17,0,0,0,0,1,7,1,1,6,1,55,8,1997,2,12,-1,3,-1
201531B263915,1,19,0,5,0,4,0,0,0,0,1,1,1,1,32,6,2402,2,9,-1,1,-1
201531B263915,2,1,0,18,0,8,0,0,0,0,4,1,6,1,42,7,-1,-1,-1,-1,1,-1
201531B264315,1,9,0,9,0,6,0,0,0,0,3,1,6,1,65,9,1560,2,3,-1,2,-1
201531B264315,2,9,0,18,0,8,0,0,0,0,1,1,6,1,39,7,2300,1,18,-1,2,-1
201531B264615,1,9,0,13,0,1,0,0,0,0,1,1,2,2,35,6,1896,2,7,-1,1,-1
201531B264615,2,9,0,6,0,8,0,0,0,0,3,1,6,1,46,8,1461,2,-1,-1,2,-1
201531B266215,1,9,0,13,0,0,2,0,7,0,3,1,2,1,25,5,1910,2,7,-1,1,-1
201531B266215,2,9,0,18,0,0,0,0,0,0,0,1,2,1,23,5,1896,2,11,-1,-1,-1
201531B266515,1,90,0,17,0,0,0,0,0,0,4,1,1,1,49,8,7146,2,-1,-1,1,-1
201531B266515,2,19,0,2,0,0,0,0,0,0,0,1,1,1,-1,-1,-1,-1,-1,-1,-1,-1
201531B267115,1,9,0,4,0,1,0,0,0,0,1,1,6,2,33,6,1598,1,11,-1,3,-1
201531B267115,2,9,0,3,0,1,0,0,0,0,2,1,6,2,36,7,1968,2,5,-1,3,-1
201531B267315,1,9,0,18,0,1,0,0,0,0,1,1,1,2,18,4,1242,1,7,-1,2,-1
201531B267315,2,9,0,10,0,5,0,0,0,0,2,1,1,1,29,6,999,1,14,-1,2,-1
201531B267415,1,9,0,18,0,0,1,0,8,11,3,1,6,1,22,5,-1,-1,-1,-1,2,-1
201531B267715,1,9,0,4,0,0,0,0,0,0,2,1,6,1,-1,-1,-1,-1,-1,-1,-1,-1
201531B267715,2,1,0,18,0,0,1,0,0,0,1,1,6,1,18,4,-1,-1,-1,-1,3,-1
201531B267815,1,9,0,1,0,6,0,0,0,0,2,1,6,1,73,10,2204,2,10,-1,2,-1
201531B267815,2,3,0,14,0,8,0,7,0,0,4,1,2,1,37,7,125,1,1,-1,2,-1
201531B268015,1,9,0,18,0,0,0,0,1,4,4,1,6,1,58,9,1598,2,3,-1,2,-1
201531B268115,1,9,0,18,0,6,0,0,1,0,1,1,6,1,17,4,-1,-1,-1,-1,2,-1
201531B268115,2,9,0,18,0,8,0,0,0,0,3,1,6,1,40,7,2993,2,5,-1,3,-1
201531B268515,1,9,0,18,0,0,0,0,1,2,1,1,2,1,35,6,1388,1,12,-1,1,-1
201531B269315,1,9,0,18,0,0,0,0,0,0,4,1,6,2,79,11,1248,2,5,-1,3,-1
201531B270315,1,9,0,9,0,4,0,0,0,0,1,1,3,1,28,6,1598,1,5,-1,2,-1
201531B270315,2,1,0,18,0,8,0,0,0,0,2,1,6,1,52,8,-1,-1,-1,-1,3,-1
201531B270615,1,9,0,9,0,5,0,0,0,0,1,1,6,1,30,6,998,1,19,-1,1,-1
201531B270615,2,9,0,18,0,8,0,0,0,0,1,1,6,1,75,10,1598,1,12,-1,1,-1
201531B271115,1,9,0,17,0,0,5,0,7,0,1,1,2,1,30,6,1796,1,13,-1,1,-1
201531B271715,1,3,0,18,0,0,0,12,0,0,1,1,2,1,33,6,124,1,1,-1,2,-1
201531B271915,1,9,0,18,0,1,0,0,0,0,1,2,6,2,-1,-1,-1,-1,-1,-1,-1,-1
201531B271915,2,9,0,3,0,1,0,0,0,0,2,1,2,1,20,4,1299,1,14,-1,2,-1
201531B272315,1,9,0,17,0,8,1,0,1,4,1,1,2,1,23,5,1999,1,8,-1,1,-1
201531B272915,1,9,0,9,0,6,0,0,7,0,3,1,6,1,41,7,1248,2,4,-1,3,-1
201531B272915,2,9,0,18,0,8,1,0,0,0,1,1,6,1,21,5,1199,1,14,-1,1,-1
201531B273315,1,3,0,17,0,8,0,0,0,0,1,1,6,1,20,4,124,1,-1,-1,2,-1
201531B273315,2,9,0,9,0,5,0,0,0,0,4,1,6,1,56,9,1868,2,15,-1,2,-1
201531B273715,1,9,0,4,0,1,0,0,0,0,1,1,6,1,23,5,1396,1,12,-1,1,-1
201531B273715,2,9,0,3,0,1,0,0,0,0,2,1,6,2,26,6,2616,1,9,-1,3,-1
201531B273715,3,9,0,3,0,1,0,0,0,0,2,1,1,2,34,6,1896,2,16,-1,3,-1
201531B274015,1,3,0,17,0,4,1,0,0,0,3,1,1,1,33,6,124,1,1,-1,1,-1
201531B274315,1,9,0,18,0,0,0,7,7,2,1,1,6,2,46,8,1229,1,9,-1,1,-1
201531B277415,1,9,0,11,0,0,1,0,1,11,1,1,6,2,71,10,1398,1,4,-1,1,-1
201531B277515,1,9,0,9,0,8,0,0,0,0,1,1,2,2,56,9,1398,2,4,-1,1,-1
201531B277515,2,20,0,18,0,8,2,0,1,0,4,1,1,1,27,6,4580,2,5,-1,1,-1
201531B277815,1,9,0,18,0,4,0,0,0,0,3,1,6,2,52,8,2198,1,14,-1,2,-1
201531B277815,2,1,0,18,0,8,0,0,0,0,1,1,6,1,47,8,-1,-1,-1,-1,2,-1
201531B278115,1,3,0,15,0,4,0,0,0,0,2,1,2,2,47,8,125,1,-1,-1,1,-1
201531B278115,2,9,0,18,0,4,0,0,0,0,1,1,6,1,70,10,998,1,-1,-1,2,-1
201531B278215,1,9,0,18,0,0,1,0,0,0,1,1,6,1,81,11,1588,1,14,-1,1,-1
201531B278215,2,9,0,6,0,0,0,0,0,0,4,1,2,1,46,8,4398,1,11,-1,3,-1
201531B278215,3,4,0,18,0,0,0,0,0,0,1,1,6,1,-1,-1,-1,-1,-1,-1,-1,-1
201531B279515,1,9,0,18,0,0,0,0,0,0,1,1,6,2,41,7,1685,2,4,-1,1,-1
201531B281115,1,9,0,13,0,0,0,0,7,11,1,1,2,1,69,10,2494,1,11,-1,2,-1
201531B281115,2,19,0,13,0,0,0,0,0,0,0,1,2,1,37,7,1598,2,8,-1,2,-1
201531B281415,1,9,0,2,0,0,0,0,0,0,2,1,6,1,17,4,1339,1,-1,-1,-1,-1
201531B281415,2,9,0,18,0,0,0,0,0,0,1,1,1,1,17,4,1997,2,14,-1,1,-1
201531B281615,1,9,0,9,0,6,0,0,0,0,3,1,6,2,70,10,998,1,1,-1,2,-1
201531B281615,2,9,0,18,0,8,0,0,0,0,1,1,6,2,20,4,-1,-1,-1,-1,2,-1
201531B281815,1,1,0,9,0,8,0,0,0,0,1,1,6,1,16,4,-1,-1,-1,-1,-1,-1
201531B281815,2,9,0,18,0,8,0,0,0,0,3,1,2,2,-1,-1,-1,-1,-1,-1,3,-1
201531B282015,1,9,0,7,0,5,0,0,7,9,1,1,6,2,18,4,1198,1,12,-1,1,-1
201531B283615,1,9,0,18,0,1,0,0,0,0,1,1,6,1,49,8,1896,2,9,-1,1,-1
201531B283615,2,1,0,7,0,5,0,0,0,0,2,1,6,1,59,9,-1,-1,-1,-1,-1,-1
201531B284715,1,9,0,9,0,6,0,0,0,0,1,1,1,1,55,8,2191,2,-1,-1,1,-1
201531B284715,2,19,0,18,0,8,0,0,0,0,3,1,1,1,51,8,-1,-1,-1,-1,1,-1
201531B284715,3,9,0,3,0,1,0,0,0,0,3,1,6,2,48,8,998,1,6,-1,3,-1
201531B285115,1,19,0,18,0,0,0,10,2,4,4,1,1,1,35,6,1753,2,9,-1,1,-1
201531B285915,1,21,0,11,0,0,0,0,0,0,4,1,1,1,44,7,12900,2,4,-1,1,-1
201531B285915,2,9,0,18,0,0,0,0,5,6,3,1,6,1,56,9,1582,2,3,-1,3,-1
201531B287515,1,9,0,18,0,0,1,0,1,0,4,1,6,1,53,8,1582,2,1,-1,1,-1
201531B287515,2,21,1,12,0,0,0,0,0,0,3,2,1,1,49,8,-1,-1,-1,-1,-1,-1
201531B287815,1,9,0,18,0,1,0,0,0,0,1,1,1,1,33,6,1560,2,1,-1,-1,-1
201531B287915,1,9,0,4,0,0,0,0,0,0,2,1,6,2,55,8,1461,2,5,-1,1,-1
201531B287915,2,9,0,18,0,0,0,0,0,0,1,1,6,1,59,9,1783,1,15,-1,1,-1
201531B288715,1,9,0,9,0,6,0,0,0,0,3,1,2,1,43,7,1560,2,3,-1,3,-1
201531B288715,2,9,0,18,0,1,0,0,0,0,1,1,2,1,48,8,1596,1,5,-1,1,-1
201531B288815,1,9,0,9,0,5,0,0,0,0,1,1,6,2,20,4,1997,2,12,-1,3,-1
201531B288815,2,9,0,18,0,8,0,0,0,0,1,1,6,1,63,9,1560,2,1,-1,1,-1
201531B288915,1,9,0,5,0,6,0,7,0,0,1,1,6,1,-1,-1,3199,1,20,-1,3,-1
201531B289015,1,19,0,11,0,0,0,0,0,0,4,1,1,1,49,8,2402,2,14,-1,2,-1
201531B289015,2,9,0,18,0,0,1,0,0,0,3,1,2,2,19,4,998,1,1,-1,-1,-1
201531B289115,1,9,0,18,0,0,0,0,0,0,1,1,6,2,52,8,1399,2,4,-1,3,-1
201531B289315,1,9,0,5,0,6,0,0,0,0,1,1,2,1,57,9,1364,1,6,-1,3,-1
201531B289315,2,3,0,18,0,8,0,0,1,0,3,1,2,1,28,6,125,1,1,-1,3,-1
201531B290615,1,9,0,18,0,0,2,0,6,9,3,1,6,1,60,9,2495,2,11,-1,1,-1
201531B291115,1,9,0,18,0,1,0,0,0,0,3,1,2,2,36,7,2685,2,12,-1,1,-1
201531B291415,1,9,0,18,0,0,5,4,0,0,1,1,6,2,51,8,2204,2,6,-1,3,-1
201531B291415,2,9,0,2,0,0,0,0,0,0,3,1,6,3,-1,-1,2993,2,2,-1,-1,-1
201531B291915,1,3,0,9,0,6,0,0,0,0,1,1,6,1,23,5,125,1,5,-1,1,-1
201531B291915,2,9,0,18,0,8,0,0,0,0,1,1,6,2,20,4,1598,1,11,-1,3,-1
201531B292515,1,9,0,18,0,1,5,0,0,0,1,1,6,1,19,4,1368,1,9,-1,1,-1
201531B292915,1,9,0,13,0,0,0,0,0,0,4,1,6,3,-1,-1,-1,-1,-1,-1,-1,-1
201531B292915,2,1,0,18,0,0,0,0,0,0,3,1,6,1,49,8,-1,-1,-1,-1,3,-1
201531B293515,1,9,0,4,0,0,0,0,0,0,1,1,6,2,44,7,1560,2,8,-1,3,-1
201531B293515,2,9,0,4,0,0,0,0,0,0,2,1,6,2,27,6,1199,1,11,-1,1,-1
201531B293515,3,9,0,4,0,0,0,0,0,0,2,1,6,1,69,10,1995,2,4,-1,2,-1
201531B293515,4,9,0,4,0,0,0,0,0,0,2,1,6,2,47,8,1900,2,9,-1,1,-1
201531B294115,1,9,0,9,0,6,0,0,0,0,1,1,6,2,18,4,1328,1,5,-1,1,-1
201531B294115,2,9,0,18,0,8,0,0,0,0,3,1,6,2,44,7,1229,1,8,-1,2,-1
201531C000115,1,9,0,16,0,0,1,0,0,0,3,1,6,1,22,5,1968,2,7,-1,1,-1
201531C000115,2,9,0,17,0,0,0,0,0,0,1,1,6,1,47,8,1997,2,1,-1,-1,-1
201531C000215,1,9,0,9,0,5,0,0,0,0,1,1,1,1,-1,-1,1995,2,9,-1,1,-1
201531C000215,2,1,0,18,0,8,0,0,0,0,1,1,6,1,-1,-1,-1,-1,-1,-1,1,-1
201531C000315,1,9,0,9,0,6,0,0,0,0,1,1,6,1,67,10,1360,1,15,-1,1,-1
201531C000315,2,9,0,14,0,8,0,0,0,0,1,1,6,2,23,5,1968,2,1,-1,1,-1
201531C000315,3,9,0,18,0,1,0,0,0,0,1,1,6,1,-1,-1,-1,-1,-1,-1,-1,-1
201531C000515,1,9,0,4,0,1,0,0,0,0,1,1,6,3,-1,-1,1229,1,5,-1,-1,-1
201531C000515,2,9,0,4,0,1,0,0,0,0,2,1,2,1,21,5,1242,1,12,-1,1,-1
201531C001315,1,9,0,18,0,0,0,0,0,0,1,1,6,1,21,5,1598,1,10,-1,1,-1
201531C001415,1,9,0,15,0,8,0,0,0,0,4,1,6,2,63,9,1242,1,5,-1,1,-1
201531C001415,2,9,0,18,0,8,0,0,0,0,1,1,6,1,23,5,-1,-1,-1,-1,1,-1
201531C001815,1,9,0,5,0,8,0,0,0,0,3,1,2,2,36,7,1968,2,9,-1,1,-1
201531C001815,2,19,0,7,0,6,0,0,0,0,4,1,2,1,-1,-1,1870,2,11,-1,1,-1
201531C002315,1,9,0,18,0,2,0,0,0,0,1,1,2,2,31,6,1242,1,5,-1,1,-1
201531C002515,1,9,0,5,0,1,0,0,0,0,1,1,6,1,49,8,1749,1,14,-1,1,-1
201531C002515,2,9,0,3,0,1,0,0,0,0,2,1,6,2,31,6,1598,2,1,-1,1,-1
201531C002615,1,11,0,2,0,1,0,0,0,0,0,1,1,2,44,7,9000,2,10,-1,1,-1
201531C002815,1,9,0,9,0,5,0,0,0,0,1,1,2,2,58,9,1299,1,14,-1,1,-1
201531C002815,2,1,0,18,0,8,0,0,0,0,1,1,6,1,19,4,-1,-1,-1,-1,-1,-1
201531C003515,1,9,0,9,0,8,0,0,0,0,3,1,6,3,-1,-1,-1,-1,-1,-1,-1,-1
201531C003515,2,1,0,18,0,8,0,0,0,0,1,1,6,1,33,6,-1,-1,-1,-1,1,-1
201531C004015,1,9,0,18,0,2,0,0,0,0,1,1,6,2,65,9,-1,-1,-1,-1,1,-1
201531C004415,1,19,0,18,0,0,0,4,0,0,1,1,1,1,34,6,2198,2,3,-1,1,-1
201531C004415,2,19,0,2,0,0,0,0,1,0,2,1,6,3,-1,-1,2402,2,7,-1,-1,-1
201531C004515,1,9,0,18,0,0,0,0,0,0,4,1,6,2,31,6,1299,1,10,-1,2,-1
201531C006115,1,8,0,18,0,1,0,0,0,0,0,1,1,1,-1,-1,-1,-1,-1,-1,-1,-1
201531C006215,1,9,0,18,0,1,0,0,0,0,1,1,6,1,-1,-1,1995,2,10,-1,-1,-1
201531C006215,2,9,0,10,0,1,0,0,0,0,2,1,6,2,37,7,1229,1,6,-1,1,-1
201531C006315,1,8,0,6,0,0,0,0,0,0,1,1,1,1,42,7,1797,8,4,-1,1,-1
201531C006315,2,9,0,13,0,0,0,0,0,0,4,1,1,1,41,7,1686,2,8,-1,1,-1
201531C006615,1,9,0,11,0,0,1,0,1,0,4,1,1,1,-1,-1,1461,2,4,-1,-1,-1
201531C006615,2,3,0,18,0,0,1,0,1,0,3,1,2,1,44,7,102,1,9,-1,1,-1
201531C006915,1,9,0,18,0,0,0,0,0,0,1,1,6,2,45,7,1598,1,1,-1,1,-1
201531C006915,2,19,0,18,0,0,0,0,0,0,1,1,2,1,38,7,2198,2,-1,-1,1,-1
201531C007215,1,9,0,7,0,5,0,0,0,0,4,1,6,1,29,6,1595,1,5,-1,1,-1
201531C007215,2,9,0,18,0,8,0,0,0,0,1,1,6,1,29,6,1956,2,4,-1,1,-1
201531C007515,1,9,0,18,0,1,0,0,0,0,1,1,6,2,54,8,1086,1,11,-1,1,-1
201531C007515,2,9,0,3,0,1,0,0,0,0,2,1,6,1,20,4,1229,1,10,-1,1,-1
201531C007515,3,9,0,3,0,1,0,0,0,0,2,1,6,1,37,7,1343,1,14,-1,1,-1
201531C007715,1,9,0,18,0,0,0,0,0,0,4,1,2,1,48,8,1995,1,11,-1,1,-1
201531C008015,1,9,0,9,0,6,0,0,0,0,1,1,6,2,32,6,2979,1,11,-1,1,-1
201531C008015,2,9,0,18,0,8,0,0,0,0,1,2,6,1,36,7,-1,-1,-1,-1,1,-1
201531C008515,1,3,0,9,0,6,1,11,0,0,4,1,6,1,18,4,125,1,10,-1,1,-1
201531C008915,1,19,0,9,0,6,0,0,0,0,1,1,1,1,59,9,2198,2,2,-1,1,-1
201531C009015,1,9,0,7,0,6,0,0,0,0,1,1,6,1,-1,-1,1461,2,6,-1,-1,-1
201531C009015,2,9,0,18,0,8,0,0,0,0,3,1,2,2,43,7,1248,1,1,-1,1,-1
201531C009115,1,8,0,1,0,0,0,0,0,0,2,1,1,3,-1,-1,2499,2,8,-1,-1,-1
201531C009615,1,9,0,18,0,2,0,0,1,7,1,1,2,2,23,5,1598,1,9,-1,2,-1
201531C009715,1,9,0,1,0,0,0,4,0,0,2,1,6,1,53,8,-1,-1,-1,-1,1,-1
201531C009715,2,9,0,2,0,0,0,0,0,0,1,1,6,2,68,10,1560,2,7,-1,-1,-1
201531C009815,1,9,0,9,0,6,0,0,0,0,0,1,6,3,-1,-1,-1,-1,-1,-1,-1,-1
201531C009815,2,1,0,18,0,8,1,0,0,0,0,1,6,1,31,6,-1,-1,-1,-1,1,-1
201531C011115,1,9,0,18,0,2,0,0,0,0,1,1,2,2,23,5,998,1,7,-1,1,-1
201531C011115,2,8,0,4,0,2,0,0,0,0,2,1,1,1,42,7,1598,2,2,-1,1,-1
201531C011415,1,9,0,18,0,8,0,0,0,0,1,1,6,2,24,5,-1,-1,-1,-1,1,-1
201531C011415,2,9,0,9,0,8,0,0,0,0,1,1,6,2,35,6,1398,2,9,-1,1,-1
201531C011515,1,1,0,18,0,2,0,0,0,0,1,1,2,1,30,6,-1,-1,-1,-1,1,-1
201531C011715,1,9,0,9,0,5,0,0,0,0,3,1,6,3,-1,-1,-1,-1,-1,-1,-1,-1
201531C011815,1,9,0,18,0,2,0,0,0,0,4,1,6,1,30,6,1398,2,4,-1,-1,-1
201531C012215,1,9,0,18,0,4,0,0,0,0,1,1,2,1,39,7,-1,-1,-1,-1,1,-1
201531C012215,2,9,0,9,0,8,0,0,0,0,4,1,6,2,44,7,-1,-1,-1,-1,1,-1
201531C012815,1,9,0,9,0,8,0,0,0,0,4,1,6,3,-1,-1,-1,-1,-1,-1,-1,-1
201531C012815,2,1,0,18,0,8,0,0,0,0,2,1,1,2,20,4,-1,-1,-1,-1,1,-1
201531C012915,1,9,0,14,0,0,0,0,0,0,4,1,6,3,-1,-1,-1,-1,-1,-1,-1,-1
201531C013315,1,9,0,5,0,2,0,0,0,0,1,1,6,1,61,9,1998,1,10,-1,1,-1
201531C013315,2,9,0,2,0,2,0,0,0,0,2,1,6,1,47,8,1398,1,1,-1,-1,-1
201531C013915,1,9,0,17,0,2,0,0,1,1,1,1,6,2,19,4,-1,-1,-1,-1,1,-1
201531C014315,1,19,0,18,0,0,0,0,0,0,1,1,1,1,26,6,1461,2,3,-1,1,-1
201531C014315,2,9,0,3,0,0,0,0,0,0,2,1,6,2,82,11,1242,1,6,-1,1,-1
201531C014315,3,9,0,3,0,0,0,0,0,0,2,1,6,2,52,8,1582,2,5,-1,1,-1
201531C014415,1,9,0,5,0,2,0,0,0,0,1,1,6,3,-1,-1,-1,-1,-1,-1,-1,-1
201531C014515,1,9,0,18,0,0,1,0,1,0,1,1,1,2,25,5,1242,1,12,-1,1,-1
201531C015315,1,3,0,18,0,1,0,0,0,0,3,1,6,1,21,5,124,1,13,-1,1,-1
201531C015315,2,9,0,18,0,1,0,0,0,0,4,1,6,1,20,4,1998,1,9,-1,2,-1
201531C015415,1,9,0,5,0,0,0,0,0,0,0,1,6,2,26,6,2148,2,9,-1,1,-1
201531C015415,2,9,0,3,0,0,0,0,0,0,2,1,6,2,43,7,1598,1,13,-1,1,-1
201531C015415,3,9,0,18,0,0,0,0,0,0,1,1,1,1,21,5,1797,8,6,-1,1,-1
201531C016115,1,9,0,5,0,0,0,0,0,0,3,1,6,1,57,9,-1,-1,-1,-1,1,-1
201531C016115,2,9,0,14,0,0,0,0,0,0,1,1,1,1,39,7,1560,2,2,-1,1,-1
201531C016515,1,11,0,4,0,1,0,0,0,0,0,1,1,1,53,8,9000,2,12,-1,1,-1
201531C016815,1,9,0,4,0,2,0,0,0,0,1,1,6,1,37,7,1973,1,17,-1,-1,-1
201531C016815,2,9,0,3,0,2,0,0,0,0,2,1,6,2,27,6,-1,-1,-1,-1,1,-1
201531C017015,1,9,0,7,0,2,1,4,0,0,1,1,2,1,22,5,-1,-1,-1,-1,1,-1
201531C017015,2,11,0,2,0,1,0,0,0,0,1,1,1,1,63,9,6700,2,4,-1,1,-1
201531C017015,3,9,0,4,0,1,0,0,0,0,0,1,6,3,-1,-1,-1,-1,-1,-1,-1,-1
201531C017215,1,20,4,16,0,0,0,0,0,0,4,1,6,3,-1,-1,-1,-1,-1,-1,-1,-1
201531C017215,2,1,0,16,0,0,0,0,0,0,3,1,1,1,48,8,-1,-1,-1,-1,-1,-1
201531C017515,1,9,0,18,0,1,0,0,0,0,1,1,6,2,25,5,1598,1,7,-1,1,-1
201531C017515,2,9,0,3,0,1,0,0,0,0,1,1,6,2,23,5,998,1,14,-1,1,-1
201531C017715,1,9,0,18,0,0,0,0,0,0,4,1,2,2,20,4,1229,1,-1,-1,1,-1
201531C017815,1,9,0,18,0,4,0,0,0,0,1,1,6,3,-1,-1,-1,-1,-1,-1,-1,-1
201531C017815,2,1,0,9,0,8,0,0,0,0,1,1,2,1,56,9,-1,-1,-1,-1,1,-1
201531C018015,1,9,0,18,0,1,0,0,0,0,1,1,2,2,24,5,1399,2,7,-1,1,-1
201531C018015,2,1,0,18,9,1,0,0,0,0,3,1,2,1,44,7,-1,-1,-1,-1,1,-1
201531C018415,1,9,0,9,0,5,0,0,0,0,1,1,6,1,39,7,1794,1,9,-1,1,-1
201531C018915,1,9,0,9,0,5,0,0,0,0,1,1,6,1,35,6,1587,1,14,-1,1,-1
201531C018915,2,9,0,18,0,8,0,0,0,0,1,1,6,2,51,8,-1,-1,-1,-1,3,-1
201531C018915,3,9,0,18,0,1,0,0,0,0,3,1,6,1,46,8,2967,2,8,-1,1,-1
201531C019015,1,9,0,18,0,8,0,0,0,0,1,1,6,1,-1,-1,1388,1,13,-1,-1,-1
201531C019015,2,9,0,9,0,5,0,0,0,0,4,1,6,1,66,10,1798,1,7,-1,1,-1
201531C019115,1,9,0,18,0,8,0,0,7,0,4,1,6,1,48,8,-1,-1,-1,-1,1,-1
201531C019115,2,9,0,18,0,8,0,0,0,0,1,1,6,1,45,7,4966,1,13,-1,1,-1
201531C019215,1,9,0,7,0,5,0,0,0,0,4,1,2,1,49,8,1686,2,10,-1,1,-1
201531C019815,1,9,0,18,0,1,0,0,0,0,1,1,6,2,36,7,2993,2,8,-1,1,-1
201531C019815,2,9,0,3,0,1,0,0,0,0,2,1,6,1,28,6,2000,1,16,-1,1,-1
201531C020115,1,19,0,5,2,6,0,0,0,0,3,1,6,1,-1,-1,-1,-1,-1,-1,-1,-1
201531C020115,2,9,0,18,0,2,0,0,0,0,4,1,1,2,25,5,998,1,-1,-1,1,-1
201531C020715,1,9,0,6,0,0,0,0,0,0,3,1,6,1,39,7,1396,1,18,-1,1,-1
201531C020715,2,9,0,18,0,0,0,0,0,0,1,1,6,1,31,6,1999,1,10,-1,1,-1
201531C021015,1,9,0,18,0,1,0,0,0,0,1,1,6,3,-1,-1,-1,-1,-1,-1,-1,-1
201531C021015,2,9,0,4,0,1,1,0,0,0,2,1,2,2,26,6,1360,1,4,-1,1,-1
201531C021015,3,9,0,4,0,1,1,0,0,0,2,1,1,2,55,8,-1,-1,-1,-1,1,-1
201531C021015,4,9,0,4,0,8,1,9,0,0,1,1,1,1,26,6,1596,1,4,-1,1,-1
201531C021915,1,9,0,18,0,2,0,0,0,0,1,1,6,2,57,9,-1,-1,-1,-1,1,-1
201531C022215,1,11,0,18,0,3,0,0,0,0,3,1,6,3,-1,-1,9000,2,4,-1,-1,-1
201531C022215,2,9,0,18,0,3,0,0,0,0,4,1,6,2,19,4,1229,1,6,-1,1,-1