Accident_Index,Vehicle_Reference,Vehicle_Type,Towing_and_Articulation,Vehicle_Manoeuvre,Vehicle_Location-Restricted_Lane,Junction_Location,Skidding_and_Overturning,Hit_Object_in_Carriageway,Vehicle_Leaving_Carriageway,Hit_Object_off_Carriageway,1st_Point_of_Impact,Was_Vehicle_Left_Hand_Drive?,Journey_Purpose_of_Driver,Sex_of_Driver,Age_of_Driver,Age_Band_of_Driver,Engine_Capacity_(CC),Propulsion_Code,Age_of_Vehicle,Driver_IMD_Decile,Driver_Home_Area_Type,Vehicle_IMD_Decile
201531C068415,2,5,0,15,0,8,0,0,0,0,3,1,6,1,41,7,600,1,9,-1,1,-1
201531C068515,1,3,0,13,0,2,1,4,0,0,1,1,6,1,25,5,124,1,6,-1,1,-1
201531C068515,2,9,0,2,0,1,0,0,0,0,1,1,6,1,-1,-1,1995,2,13,-1,1,-1
201531C068515,3,8,0,18,0,2,0,0,0,0,0,1,1,3,-1,-1,-1,-1,-1,-1,-1,-1
201531C068715,1,8,0,18,0,1,0,0,0,0,1,1,1,1,42,7,-1,-1,-1,-1,1,-1
201531C068715,2,9,0,4,0,1,0,0,0,0,2,1,6,3,-1,-1,-1,-1,-1,-1,-1,-1
201531C068815,1,18,5,5,0,8,0,0,0,0,3,1,6,1,-1,-1,-1,-1,-1,-1,-1,-1
201531C068915,1,9,0,18,0,0,2,4,0,0,1,1,1,1,38,7,1595,1,7,-1,1,-1
201531C068915,2,9,0,2,0,0,0,0,0,0,2,1,6,1,82,11,-1,-1,-1,-1,1,-1
201531C069215,1,9,0,14,0,0,0,0,0,0,1,1,6,1,56,9,1896,2,11,-1,1,-1
201531C070515,1,11,0,18,0,1,0,0,0,0,4,1,1,1,38,7,6700,2,3,-1,1,-1
201531C070615,1,3,0,5,0,1,0,0,0,0,1,1,6,1,63,9,124,1,5,-1,1,-1
201531C070615,2,9,0,3,0,1,0,0,0,0,2,1,6,2,51,8,1197,1,2,-1,1,-1
201531C071115,1,9,0,6,0,1,0,0,0,0,3,1,1,1,-1,-1,1968,2,5,-1,-1,-1
201531C071115,2,9,0,18,0,1,0,0,0,0,1,1,6,1,43,7,1896,2,9,-1,1,-1
201531C071415,1,8,0,3,0,1,0,0,0,0,2,1,1,1,36,7,1686,2,8,-1,1,-1
201531C071415,2,9,0,18,0,1,0,0,0,0,1,1,6,2,42,7,1685,2,-1,-1,1,-1
201531C071515,1,9,0,9,0,5,0,0,0,0,1,1,6,2,25,5,1968,2,6,-1,1,-1
201531C071515,2,9,0,3,0,2,0,0,0,0,2,1,6,1,49,8,2987,2,8,-1,1,-1
201531C071615,1,9,0,10,0,1,0,0,0,0,2,1,6,1,51,8,3960,1,16,-1,1,-1
201531C071615,2,9,0,18,0,1,0,0,0,0,1,1,6,1,21,5,1896,2,10,-1,1,-1
201531C071715,1,3,0,18,0,2,0,0,0,0,1,1,6,1,-1,-1,124,1,12,-1,-1,-1
201531C071715,2,9,0,18,0,2,0,0,0,0,2,1,1,1,38,7,-1,-1,-1,-1,1,-1
201531C072015,1,9,0,18,0,1,0,0,0,0,1,1,6,1,-1,-1,2495,2,18,-1,3,-1
201531C072015,2,9,0,3,0,1,0,0,0,0,2,1,6,2,38,7,995,1,8,-1,1,-1
201531C073015,1,11,0,18,0,1,0,0,0,0,4,1,1,1,52,8,9000,2,5,-1,1,-1
201531C073115,1,9,0,9,0,6,0,0,0,0,0,1,6,3,-1,-1,-1,-1,-1,-1,-1,-1
201531C073115,2,10,0,18,0,1,0,0,0,0,0,1,1,1,57,9,-1,2,8,-1,1,-1
201531C073215,1,19,0,18,0,8,0,0,7,1,1,1,6,1,27,6,1686,2,12,-1,1,-1
201531C073215,2,9,0,18,0,2,0,0,0,0,1,1,6,2,40,7,1246,1,8,-1,1,-1
201531C073215,3,9,0,7,0,8,0,0,0,0,4,1,6,1,55,8,1339,8,8,-1,1,-1
201531C073215,4,9,0,7,0,8,0,0,0,0,1,1,6,2,49,8,4686,1,17,-1,1,-1
201531C073315,1,90,0,5,0,1,0,0,0,0,1,1,1,1,29,6,2998,2,3,-1,2,-1
201531C073315,2,9,0,8,0,1,0,0,0,0,2,1,6,1,52,8,1796,1,8,-1,1,-1
201531C073515,1,9,0,7,0,6,1,0,0,0,1,1,6,1,-1,-1,1560,2,2,-1,1,-1
201531C073515,2,9,0,18,0,8,0,0,0,0,4,1,6,2,48,8,-1,-1,-1,-1,1,-1
201531C073615,1,9,0,9,0,8,0,0,0,0,1,1,6,3,-1,-1,-1,-1,-1,-1,-1,-1
201531C073615,2,9,0,18,0,8,0,4,0,0,3,1,6,2,27,6,1968,2,9,-1,1,-1
201531C073615,3,9,0,2,0,2,0,0,0,0,3,1,6,2,24,5,1388,1,10,-1,3,-1
201531C073815,1,9,0,17,0,8,0,0,0,0,4,1,6,3,-1,-1,-1,-1,-1,-1,-1,-1
201531C074015,1,9,0,18,0,0,0,0,0,0,1,1,6,2,63,9,1598,1,10,-1,1,-1
201531C074215,1,9,0,9,0,6,0,0,0,0,0,1,6,3,-1,-1,998,1,12,-1,-1,-1
201531C074215,2,11,0,18,0,1,0,0,0,0,0,1,1,1,44,7,5883,2,14,-1,1,-1
201531C074615,1,11,0,18,2,0,0,0,0,0,1,1,1,2,41,7,7300,2,6,-1,1,-1
201531C074815,1,11,0,18,0,1,0,7,7,1,1,1,1,3,-1,-1,6370,2,4,-1,-1,-1
201531C074815,2,9,0,18,0,8,0,0,0,0,0,1,6,1,42,7,1390,1,13,-1,1,-1
201531C075015,1,9,0,14,0,0,0,0,0,0,1,1,6,1,23,5,1149,1,14,-1,1,-1
201531C075115,1,5,0,18,0,1,0,10,0,0,1,1,6,1,31,6,918,1,19,-1,1,-1
201531C075115,2,1,0,18,0,1,0,0,0,0,4,1,1,2,51,8,-1,-1,-1,-1,1,-1
201531C075415,1,9,0,4,0,1,1,0,0,0,1,1,6,1,62,9,1794,1,13,-1,1,-1
201531C075415,2,1,0,3,0,1,0,0,0,0,2,1,2,1,33,6,-1,-1,-1,-1,1,-1
201531C075615,1,9,0,3,0,6,0,0,0,0,3,1,2,1,43,7,1995,2,11,-1,1,-1
201531C075615,2,9,0,18,0,1,0,0,0,0,1,1,6,1,23,5,1598,1,1,-1,1,-1
201531C075815,1,11,0,2,0,0,0,0,0,0,0,1,1,1,24,5,6370,2,14,-1,1,-1
201531C075915,1,1,0,18,0,0,0,0,0,0,4,1,4,1,12,3,-1,-1,-1,-1,1,-1
201531C075915,2,9,0,18,0,0,0,0,1,0,1,1,6,1,33,6,1598,1,7,-1,1,-1
201531C076015,1,9,0,5,0,1,0,0,0,0,1,1,1,1,23,5,1560,2,4,-1,1,-1
201531C076015,2,9,0,14,0,1,0,0,0,0,1,1,6,2,36,7,1242,1,6,-1,1,-1
201531C076115,1,9,0,18,0,0,0,0,0,0,1,1,3,2,25,5,1598,1,11,-1,1,-1
201531C076915,1,9,0,18,0,1,0,0,0,0,1,1,6,1,25,5,6208,1,2,-1,1,-1
201531C077215,1,11,0,18,0,1,0,0,0,0,0,1,1,1,42,7,4250,2,3,-1,2,-1
201531C077815,1,9,0,18,0,0,0,0,0,0,1,1,1,2,-1,-1,-1,-1,-1,-1,-1,-1
201531C077815,2,9,0,3,0,0,0,0,0,0,2,1,1,2,35,6,1598,1,12,-1,1,-1
201531C078115,1,9,0,5,0,1,0,0,0,0,1,1,2,2,58,9,-1,-1,-1,-1,1,-1
201531C079215,1,9,0,18,0,0,0,0,0,0,1,1,6,1,-1,-1,1753,2,12,-1,-1,-1
201531C079215,2,9,0,3,0,0,0,0,0,0,2,1,3,2,31,6,1598,1,1,-1,1,-1
201531C079415,1,9,0,18,0,2,0,0,0,0,1,1,1,2,19,4,1242,1,5,-1,1,-1
201531C079415,2,9,0,3,0,2,0,0,0,0,2,1,6,1,70,10,-1,-1,-1,-1,-1,-1
201531C079415,3,9,0,3,0,2,0,0,0,0,2,1,6,2,37,7,998,1,15,-1,1,-1
201531C079715,1,9,0,18,0,8,0,0,0,0,1,1,6,2,24,5,1598,1,14,-1,1,-1
201531C079715,2,9,0,9,0,6,0,0,0,0,3,1,2,1,33,6,1598,1,13,-1,1,-1
201531C079915,1,9,0,18,0,1,0,0,0,0,1,1,6,3,-1,-1,1199,1,12,-1,-1,-1
201531C079915,2,9,0,10,0,1,0,0,0,0,2,1,6,1,56,9,2143,2,6,-1,1,-1
201531C080215,1,9,0,12,0,2,0,0,0,0,3,1,6,1,45,7,1956,2,-1,-1,1,-1
201531C080215,2,5,0,18,0,2,0,0,0,0,4,1,6,1,69,10,1585,1,3,-1,3,-1
201531C080315,1,3,0,18,0,1,0,0,0,0,1,1,6,1,23,5,114,1,2,-1,1,-1
201531C080315,2,9,0,3,0,1,0,0,0,0,2,1,1,1,52,8,1995,2,4,-1,3,-1
201531C080515,1,11,0,4,0,0,0,0,0,0,1,1,1,3,-1,-1,9000,2,1,-1,-1,-1
201531C080515,2,9,0,3,0,0,0,0,0,0,2,1,6,3,-1,-1,-1,-1,-1,-1,-1,-1
201531C080715,1,9,0,10,0,8,0,0,0,0,1,1,2,1,30,6,1686,2,10,-1,1,-1
201531C080715,2,9,0,18,0,8,0,0,0,0,1,1,6,1,30,6,1998,2,11,-1,1,-1
201531C080815,1,9,0,18,0,1,0,0,0,0,1,1,6,1,22,5,-1,-1,-1,-1,3,-1
201531C081215,1,11,0,11,0,2,0,0,0,0,4,1,1,1,47,8,-1,-1,-1,-1,1,-1
201531C081215,2,1,0,18,0,2,1,0,0,0,3,1,2,1,53,8,-1,-1,-1,-1,1,-1
201531C081815,1,9,0,18,0,1,0,0,0,0,1,1,2,1,55,8,1560,2,4,-1,1,-1
201531C081815,2,1,0,4,0,1,0,0,0,0,2,1,2,1,41,7,-1,-1,-1,-1,1,-1
201531C081915,1,21,1,11,0,0,0,0,0,0,4,1,1,1,41,7,12740,2,1,-1,1,-1
201531C081915,2,9,0,18,0,0,0,0,4,6,3,1,6,2,40,7,1198,1,6,-1,1,-1
201531C082215,1,9,0,13,0,2,0,0,0,0,1,1,6,1,27,6,2143,2,-1,-1,-1,-1
201531C083015,1,19,0,4,0,1,0,0,0,0,2,1,2,1,49,8,1598,2,1,-1,2,-1
201531C083015,2,1,0,18,0,1,0,0,0,0,1,1,2,1,33,6,-1,-1,-1,-1,-1,-1
201531C083915,1,9,0,18,0,8,0,0,0,0,1,1,6,1,20,4,1499,1,-1,-1,-1,-1
201531C083915,2,9,0,18,0,8,0,0,0,0,2,1,6,1,25,5,1248,2,4,-1,1,-1
201531C084315,1,20,0,11,0,0,0,0,0,0,4,1,1,1,44,7,4580,2,11,-1,1,-1
201531C084315,2,9,0,18,0,0,0,0,0,0,3,1,6,2,73,10,1997,1,2,-1,1,-1
201531C084415,1,3,0,9,0,8,1,0,0,0,1,1,1,1,17,4,125,1,2,-1,1,-1
201531C084415,2,9,0,9,0,8,0,0,0,0,2,1,6,1,57,9,2720,2,6,-1,1,-1
201531C084815,1,9,0,18,0,0,0,0,0,0,1,1,6,3,-1,-1,2000,2,11,-1,-1,-1
201531C084815,2,9,0,3,0,0,0,0,0,0,2,1,1,2,26,6,998,1,6,-1,1,-1
201531C084915,1,9,0,18,0,1,0,0,0,0,1,1,6,1,21,5,1598,2,5,-1,3,-1
201531C084915,2,19,0,3,0,1,0,0,0,0,2,1,6,1,27,6,2198,2,9,-1,3,-1
201531C085115,1,9,0,9,0,6,0,0,0,0,1,1,6,2,29,6,1951,2,9,-1,1,-1
201531C085115,2,9,0,18,0,8,0,0,0,0,4,1,6,1,26,6,998,1,14,-1,1,-1
201531C085315,1,9,0,2,0,0,0,0,0,0,2,1,6,2,26,6,1984,1,13,-1,1,-1
201531C085315,2,1,0,18,0,0,0,4,0,0,1,1,6,2,47,8,-1,-1,-1,-1,1,-1
201531C085515,1,18,0,18,1,2,0,0,0,0,1,1,1,1,32,6,-1,-1,-1,-1,1,-1
201531C085915,1,9,0,18,0,8,0,4,7,1,4,1,6,1,48,8,1560,2,1,-1,1,-1
201531C085915,2,9,0,18,0,8,0,0,0,0,1,1,1,1,38,7,1332,1,16,-1,1,-1
201531C085915,3,9,0,2,0,2,0,4,0,0,2,1,6,3,-1,-1,1598,1,3,-1,-1,-1
201531C085915,4,19,0,2,0,2,0,4,0,0,2,1,6,3,-1,-1,1870,2,11,-1,-1,-1
201531C085915,5,9,0,2,0,2,0,0,0,0,2,1,6,3,-1,-1,1997,2,7,-1,-1,-1
201531C086015,1,11,0,18,0,1,0,0,0,0,0,1,1,2,45,7,-1,3,2,-1,1,-1
201531C086115,1,8,0,9,0,8,0,0,0,0,1,1,1,1,46,8,1998,2,6,-1,1,-1
201531C086115,2,9,0,17,0,4,0,0,0,0,1,1,2,2,18,4,996,1,2,-1,1,-1
201531C086215,1,2,0,17,0,0,0,0,1,10,1,1,6,1,21,5,50,1,4,-1,1,-1
201531C086315,1,9,0,18,0,2,0,0,0,0,0,1,6,2,23,5,1560,2,5,-1,1,-1
201531C086315,2,11,0,18,0,2,0,0,0,0,0,1,6,2,23,5,-1,3,2,-1,1,-1
201531C086615,1,1,0,18,0,2,0,0,0,0,3,1,2,2,21,5,-1,-1,-1,-1,1,-1
201531C086615,2,9,0,7,0,2,0,0,0,0,0,1,6,3,-1,-1,-1,-1,-1,-1,-1,-1
201531C086715,1,8,0,9,0,6,0,0,0,0,4,1,1,1,30,6,1998,2,5,-1,1,-1
201531C086715,2,9,0,18,0,8,0,0,0,0,1,1,6,1,44,7,1956,2,2,-1,1,-1
201531C086815,1,10,0,10,0,1,0,0,0,0,4,1,1,1,39,7,2198,2,4,-1,1,-1
201531C086815,2,1,0,18,0,8,0,0,0,0,1,1,6,2,22,5,-1,-1,-1,-1,1,-1
201531C086915,1,9,0,18,0,1,0,0,0,0,1,1,6,2,31,6,1995,2,12,-1,1,-1
201531C087215,1,1,0,18,9,0,0,0,0,0,1,1,6,1,-1,-1,-1,-1,-1,-1,-1,-1
201531C087215,2,9,0,17,0,0,0,0,0,0,4,1,6,1,40,7,1560,2,4,-1,1,-1
201531C087815,1,9,0,18,0,0,0,0,0,0,1,1,6,1,44,7,2148,2,4,-1,1,-1
201531C087815,2,19,0,3,0,0,0,0,0,0,2,1,6,1,46,8,2148,2,9,-1,-1,-1
201531C088015,1,21,0,5,0,1,0,0,0,0,1,1,1,1,40,7,6692,2,5,-1,1,-1
201531C088015,2,9,0,4,0,1,0,0,0,0,2,1,6,1,55,8,1781,2,11,-1,3,-1
201531C088415,1,8,0,9,0,5,0,0,0,0,1,1,6,1,34,6,2151,2,13,-1,1,-1
201531C088815,1,9,0,18,0,1,2,7,0,0,1,1,6,1,20,4,1389,1,14,-1,1,-1
201531C089415,1,8,0,4,0,1,0,0,0,0,1,1,1,1,20,4,1998,2,7,-1,1,-1
201531C089415,2,9,0,4,0,1,0,0,0,0,2,1,6,2,36,7,1199,1,15,-1,1,-1
201531C089515,1,19,0,7,0,5,0,0,0,0,1,1,1,1,60,9,1248,2,4,-1,1,-1
201531C089815,1,1,0,18,0,8,0,4,0,0,1,1,6,2,16,4,-1,-1,-1,-1,1,-1
201531C089815,2,19,0,2,0,8,0,0,0,0,2,1,6,3,-1,-1,2198,2,5,-1,-1,-1
201531C090115,1,9,0,17,0,8,0,0,0,0,1,1,6,1,-1,-1,2179,2,2,-1,1,-1
201531C090115,2,9,0,16,0,8,0,0,0,0,1,1,6,1,33,6,1149,1,10,-1,1,-1
201531C090215,1,11,0,18,0,1,0,0,0,0,0,1,1,1,57,9,4250,2,15,-1,1,-1
201531C090215,2,9,0,18,0,8,0,0,0,0,0,1,1,2,60,9,1997,2,2,-1,3,-1
201531C090315,1,3,0,4,0,2,1,0,0,0,3,1,6,2,18,4,124,1,2,-1,2,-1
201531C090415,1,9,0,18,0,1,0,0,0,0,2,1,6,1,-1,-1,1399,2,3,-1,-1,-1
201531C090415,2,9,0,18,0,1,0,0,0,0,2,1,6,1,21,5,1995,2,7,-1,1,-1
201531C090615,1,9,0,4,0,1,0,0,0,0,1,1,6,1,20,4,1896,2,13,-1,1,-1
201531C090615,2,9,0,4,0,1,0,0,0,0,2,1,6,1,39,7,1896,2,12,-1,1,-1
201531C090615,3,9,0,4,0,1,0,0,0,0,2,1,6,1,65,9,1796,1,10,-1,1,-1
201531C090615,4,8,0,4,0,1,0,0,0,0,2,1,1,1,40,7,2402,2,9,-1,1,-1
201531C090715,1,19,0,18,0,8,0,0,0,0,0,1,1,1,-1,-1,-1,-1,-1,-1,-1,-1
201531C090715,2,11,0,18,0,1,0,0,0,0,0,1,1,1,64,9,-1,-1,-1,-1,1,-1
201531C091315,1,9,0,18,0,0,0,0,0,0,1,1,6,1,38,7,1686,2,14,-1,1,-1
201531C091815,1,8,0,6,0,8,0,0,0,0,3,1,1,1,36,7,1797,8,5,-1,1,-1
201531C091815,2,3,0,18,0,8,1,0,0,0,1,1,6,1,20,4,125,1,14,-1,-1,-1
201531C092115,1,1,0,18,0,8,0,0,0,0,1,1,6,1,30,6,-1,-1,-1,-1,1,-1
201531C092115,2,9,0,3,0,8,0,0,0,0,2,1,2,2,21,5,1149,1,10,-1,-1,-1
201531C092215,1,9,0,6,0,8,0,0,0,0,3,1,6,2,40,7,1968,2,6,-1,1,-1
201531C092215,2,9,0,18,0,1,0,0,0,0,1,1,6,1,75,10,1995,1,9,-1,1,-1
201531C092315,1,8,0,6,0,2,0,0,0,0,3,1,6,1,50,8,1998,2,6,-1,-1,-1
201531C092315,2,9,0,18,0,2,0,0,0,0,1,1,6,1,26,6,3189,1,9,-1,-1,-1
201531C092415,1,9,0,18,0,8,0,0,0,0,1,1,6,1,20,4,1896,2,10,-1,1,-1
201531C092415,2,9,0,18,0,8,0,0,4,6,3,1,6,2,44,7,1248,1,4,-1,1,-1
201531C092515,1,9,0,18,0,8,0,0,0,0,1,1,6,3,-1,-1,-1,-1,-1,-1,-1,-1
201531C092715,1,1,0,18,0,0,0,0,0,0,4,1,4,1,16,4,-1,-1,-1,-1,1,-1
201531C092715,2,9,0,18,0,0,0,0,0,0,1,1,1,1,29,6,1328,1,9,-1,1,-1
201531C093115,1,9,0,18,0,1,0,0,0,0,1,1,6,1,26,6,1896,2,12,-1,1,-1
201531C093115,2,9,0,3,0,1,0,0,0,0,2,1,1,1,24,5,1399,2,5,-1,1,-1
201531C093215,1,9,0,18,0,1,0,0,0,0,1,1,3,1,37,7,1781,1,24,-1,1,-1
201531C093215,2,9,0,3,0,1,0,0,0,0,2,1,6,1,46,8,1994,2,13,-1,1,-1
201531C093415,1,9,0,9,0,5,0,0,0,0,4,1,6,2,60,9,1388,1,11,-1,1,-1
201531C093415,2,1,0,18,0,1,0,0,0,0,1,1,6,1,32,6,-1,-1,-1,-1,1,-1
201531C093615,1,9,0,9,0,6,0,0,0,0,1,1,6,3,-1,-1,-1,-1,-1,-1,-1,-1
201531C093615,2,9,0,18,0,8,0,0,0,0,1,1,1,1,33,6,1998,2,8,-1,-1,-1
201531C094015,1,9,0,3,0,1,0,0,0,0,2,1,6,2,30,6,1368,1,11,-1,1,-1
201531C094015,2,9,0,18,0,1,0,0,0,0,1,1,6,1,23,5,1896,2,13,-1,1,-1
201531C094615,1,9,0,9,9,6,0,0,0,0,3,1,6,2,28,6,1339,1,6,-1,1,-1
201531C094615,2,9,0,18,0,2,0,0,0,0,1,1,6,1,49,8,1299,1,11,-1,1,-1
201531C094715,1,1,0,18,0,2,0,0,0,0,1,1,4,1,16,4,-1,-1,-1,-1,-1,-1
201531C094715,2,9,0,5,0,2,0,0,0,0,3,1,1,2,37,7,1753,2,10,-1,1,-1
201531C094815,1,9,0,18,0,2,0,0,0,0,1,1,6,1,53,8,2401,2,8,-1,1,-1
201531C095415,1,9,0,18,0,0,0,0,0,0,3,1,6,2,56,9,1296,1,8,-1,1,-1
201531C095515,1,10,0,1,0,0,0,0,0,0,2,1,3,1,69,10,-1,-1,-1,-1,1,-1
201531C095515,2,9,0,2,0,0,0,0,0,0,4,1,6,1,-1,-1,1796,1,11,-1,1,-1
201531C095815,1,9,0,18,0,0,0,0,0,0,1,1,6,1,21,5,998,1,16,-1,1,-1
201531C095815,2,9,0,6,0,0,0,0,0,0,3,1,6,2,25,5,1390,1,1,-1,1,-1
201531C095815,3,9,0,2,0,0,0,0,0,0,2,1,6,1,30,6,1596,1,9,-1,1,-1
201531C096515,1,9,0,18,0,8,0,0,0,0,1,1,6,1,21,5,1388,1,10,-1,1,-1
201531C096515,2,9,0,9,0,5,0,0,0,0,1,1,6,1,30,6,1995,2,2,-1,1,-1
201531C096615,1,9,0,9,0,8,0,0,0,0,3,1,6,1,23,5,1229,1,5,-1,1,-1
201531C096615,2,1,0,13,0,8,0,0,0,0,4,1,1,1,56,9,-1,-1,-1,-1,1,-1
201531C096715,1,9,0,3,0,1,0,0,0,0,2,1,1,1,32,6,1499,2,2,-1,2,-1
201531C096715,2,9,0,18,0,1,0,0,0,0,1,1,6,1,-1,-1,-1,-1,-1,-1,-1,-1
201531C097415,1,9,0,18,0,1,0,0,0,0,1,1,6,1,-1,-1,1242,1,13,-1,1,-1
201531C097415,2,9,0,4,0,1,0,0,0,0,2,1,6,1,28,6,1796,1,13,-1,1,-1
201531C098015,1,9,0,5,0,8,0,0,0,0,4,1,6,2,51,8,1398,1,1,-1,1,-1
201531C098015,2,5,0,18,0,8,1,0,0,0,1,1,6,1,32,6,599,1,11,-1,1,-1
201531C098215,1,19,0,18,0,2,0,7,0,0,3,1,6,1,39,7,1686,2,13,-1,1,-1
201531C098315,1,19,0,14,0,5,0,0,0,0,4,1,6,3,-1,-1,1870,2,11,-1,-1,-1
201531C098315,2,9,0,10,0,1,0,0,0,0,3,1,6,2,25,5,1490,1,7,-1,1,-1
201531C098715,1,9,0,12,0,2,0,0,0,0,3,1,6,2,29,6,1998,1,10,-1,1,-1
201531C098715,2,9,0,18,0,2,0,0,0,0,4,1,6,1,43,7,1390,1,10,-1,1,-1
201531C098915,1,19,0,14,0,1,0,0,0,0,1,1,6,1,41,7,-1,-1,-1,-1,1,-1
201531C099415,1,9,0,1,0,1,0,0,0,0,2,1,6,3,-1,-1,-1,-1,-1,-1,-1,-1
201531C099715,1,9,0,18,0,1,0,0,0,0,1,1,1,1,31,6,1596,1,14,-1,1,-1
201531C099715,2,9,0,3,0,1,0,0,0,0,2,1,1,1,24,5,2204,2,7,-1,1,-1
201531C100015,1,9,0,18,0,1,0,0,0,0,1,1,6,1,-1,-1,1598,1,10,-1,-1,-1
201531C100015,2,9,0,18,0,1,0,0,0,0,2,1,6,2,33,6,1598,1,2,-1,1,-1
201531C100115,1,9,0,4,0,1,0,0,0,0,1,1,6,3,-1,-1,1360,1,12,-1,-1,-1
201531C100115,2,9,0,4,0,1,0,0,0,0,2,1,6,3,-1,-1,1388,1,11,-1,-1,-1
201531C100115,3,9,0,3,0,1,0,0,0,0,2,1,6,2,20,4,1199,1,16,-1,1,-1
201531C100515,1,9,0,18,0,8,0,0,0,0,1,1,1,1,24,5,1242,1,12,-1,1,-1
201531C100515,2,8,0,9,0,6,0,0,0,0,3,1,6,1,58,9,1995,2,5,-1,1,-1
201531C100615,1,9,0,4,0,1,0,0,0,0,1,1,6,1,35,6,1598,1,13,-1,-1,-1
201531C100615,2,9,0,3,0,1,0,0,0,0,2,1,6,2,31,6,1242,1,5,-1,-1,-1
201531C100715,1,8,0,18,0,1,0,0,0,0,1,1,6,1,49,8,2446,2,12,-1,1,-1
201531C100715,2,9,0,3,0,1,0,0,0,0,2,1,6,2,32,6,1798,1,7,-1,1,-1
201531C100715,3,9,0,10,0,1,0,0,0,0,2,1,6,2,36,7,1968,2,7,-1,1,-1
201531C101515,1,9,0,18,0,4,0,0,0,0,1,1,6,2,-1,-1,2993,2,7,-1,1,-1
201531C101515,2,1,0,18,0,8,1,0,0,0,1,1,2,1,55,8,-1,-1,-1,-1,1,-1
201531C101615,1,19,0,18,0,1,0,0,0,0,1,1,1,1,29,6,2143,2,1,-1,-1,-1
201531C101615,2,9,0,3,0,1,0,0,0,0,2,1,6,2,60,9,1988,1,15,-1,1,-1
201531C101815,1,9,0,7,0,5,0,0,0,0,4,1,6,2,46,8,2967,1,16,-1,1,-1
201531C101815,2,1,0,18,2,1,0,0,0,0,1,1,6,1,49,8,-1,-1,-1,-1,-1,-1
201531C101915,1,9,0,5,0,8,0,0,0,0,1,1,2,1,47,8,1298,1,13,-1,1,-1
201531C101915,2,1,0,18,0,8,0,0,0,0,4,1,6,1,36,7,-1,-1,-1,-1,-1,-1
201531C102315,1,1,0,18,5,1,1,0,0,0,1,1,6,1,38,7,-1,-1,-1,-1,1,-1
201531C102315,2,19,0,3,0,1,0,0,0,0,4,1,1,1,34,6,2151,2,11,-1,1,-1
201531C102815,1,9,0,18,0,0,0,0,0,0,4,1,6,3,-1,-1,-1,-1,-1,-1,-1,-1
201531C103015,1,9,0,11,2,8,0,0,0,0,2,1,6,2,23,5,1299,1,15,-1,1,-1
201531C103015,2,11,0,18,0,8,0,0,0,0,1,1,1,1,25,5,9000,2,10,-1,2,-1
201531C103315,1,9,0,9,0,6,0,0,0,0,1,1,6,1,-1,-1,1399,2,6,-1,-1,-1
201531C103315,2,1,0,17,0,8,0,0,0,0,4,1,2,1,42,7,-1,-1,-1,-1,1,-1
201531C103815,1,9,0,10,0,1,0,0,0,0,4,1,6,2,40,7,1910,2,8,-1,-1,-1
201531C103815,2,1,0,18,0,8,0,0,0,0,1,1,6,2,40,7,-1,-1,-1,-1,-1,-1
201531C103915,1,9,0,18,0,8,0,0,1,3,3,1,6,1,35,6,1360,1,12,-1,1,-1
201531C103915,2,9,0,9,0,5,0,0,0,0,1,1,6,1,24,5,2171,1,12,-1,1,-1
201531C104515,1,9,0,18,0,0,0,0,0,0,1,1,6,1,-1,-1,1998,1,14,-1,-1,-1
201531C104515,2,9,0,18,0,0,0,0,0,0,2,1,2,2,32,6,1560,2,-1,-1,1,-1
201531C105315,1,11,0,18,0,1,0,0,0,0,1,1,1,1,57,9,9000,2,10,-1,1,-1
201531C105315,2,9,0,3,0,1,0,0,0,0,2,1,6,1,27,6,973,1,15,-1,1,-1
201531C105315,3,8,0,3,0,8,0,0,0,0,2,1,1,1,36,7,1497,8,7,-1,1,-1
201531C105515,1,3,0,18,0,8,0,0,0,0,1,1,6,1,21,5,125,1,-1,-1,1,-1
201531C105515,2,9,0,18,0,8,0,0,0,0,3,1,6,2,32,6,1999,1,10,-1,-1,-1
201531C105615,1,5,0,4,0,4,0,0,0,0,2,1,6,1,41,7,599,1,17,-1,1,-1
201531C105615,2,9,0,5,0,1,0,0,0,0,1,1,6,2,36,7,1598,1,14,-1,-1,-1
201531C105715,1,9,0,9,0,6,0,0,0,0,3,2,6,1,24,5,-1,-1,-1,-1,1,-1
201531C105715,2,9,0,18,0,8,0,0,0,0,1,1,6,2,24,5,1390,1,3,-1,1,-1
201531C105915,1,9,0,7,0,5,0,0,0,0,1,1,2,2,37,7,1198,1,3,-1,1,-1
201531C105915,2,1,0,15,0,8,0,0,0,0,2,1,2,1,27,6,-1,-1,-1,-1,1,-1
201531C106015,1,9,0,18,0,1,0,0,0,0,1,1,6,1,36,7,1686,2,5,-1,1,-1
201531C106015,2,9,0,3,0,1,0,0,0,0,2,1,1,2,45,7,1560,2,2,-1,1,-1
201531C106115,1,11,0,18,0,1,0,10,1,0,3,1,1,2,56,9,6700,2,4,-1,1,-1
201531C106115,2,8,0,11,0,1,0,0,0,0,4,1,1,1,49,8,1797,8,4,-1,1,-1
201531C106215,1,9,0,6,0,8,0,0,0,0,3,1,6,1,20,4,1398,1,11,-1,1,-1