Accident_Index,Vehicle_Reference,Vehicle_Type,Towing_and_Articulation,Vehicle_Manoeuvre,Vehicle_Location-Restricted_Lane,Junction_Location,Skidding_and_Overturning,Hit_Object_in_Carriageway,Vehicle_Leaving_Carriageway,Hit_Object_off_Carriageway,1st_Point_of_Impact,Was_Vehicle_Left_Hand_Drive?,Journey_Purpose_of_Driver,Sex_of_Driver,Age_of_Driver,Age_Band_of_Driver,Engine_Capacity_(CC),Propulsion_Code,Age_of_Vehicle,Driver_IMD_Decile,Driver_Home_Area_Type,Vehicle_IMD_Decile
201531C106215,2,2,0,18,0,1,0,0,0,0,1,1,6,1,24,5,49,1,8,-1,1,-1
201531C106415,1,9,0,9,0,6,0,0,0,0,1,1,6,2,21,5,1229,1,7,-1,1,-1
201531C106415,2,9,0,18,0,8,0,0,0,0,3,1,6,2,44,7,1395,1,-1,-1,1,-1
201531C106515,1,9,0,18,0,2,1,0,0,0,1,1,6,2,40,7,1398,1,15,-1,1,-1
201531C106515,2,19,0,3,0,2,0,0,0,0,2,1,1,1,27,6,-1,-1,-1,-1,1,-1
201531C106815,1,9,0,7,0,6,0,0,0,0,1,1,6,3,-1,-1,2143,2,6,-1,-1,-1
201531C106815,2,9,0,18,0,8,0,0,0,0,3,1,6,2,45,7,1796,1,16,-1,1,-1
201531C107015,1,5,0,12,0,0,0,0,0,0,1,1,1,1,-1,-1,499,1,17,-1,1,-1
201531C107015,2,19,0,18,0,0,0,0,0,0,2,1,1,2,43,7,1399,2,4,-1,-1,-1
201531C107115,1,9,0,4,0,1,0,0,0,0,1,1,6,1,24,5,1598,1,9,-1,1,-1
201531C107115,2,9,0,3,0,1,0,0,0,0,2,1,6,2,54,8,1248,2,4,-1,1,-1
201531C107115,3,9,0,3,0,1,0,0,0,0,2,1,6,1,48,8,1364,1,11,-1,1,-1
201531C107415,1,9,0,5,0,1,0,0,0,0,3,1,6,3,-1,-1,1364,2,1,-1,-1,-1
201531C107415,2,9,0,13,0,1,0,0,0,0,4,1,6,2,31,6,1388,1,13,-1,1,-1
201531C107715,1,9,0,3,0,0,0,0,0,0,2,1,6,1,-1,-1,2926,2,11,-1,1,-1
201531C107715,2,9,0,3,0,0,0,0,0,0,2,1,2,1,38,7,998,1,6,-1,1,-1
201531C107715,3,9,0,18,0,0,0,0,0,0,1,1,6,1,-1,-1,-1,-1,-1,-1,-1,-1
201531C107915,1,9,0,18,0,0,0,0,0,0,1,1,6,2,30,6,2996,2,5,-1,3,-1
201531C107915,2,9,0,3,0,0,0,0,0,0,2,1,3,1,44,7,1598,1,10,-1,1,-1
201531C107915,3,9,0,3,0,0,0,0,0,0,2,1,6,2,45,7,2776,2,8,-1,1,-1
201531C107915,4,9,0,3,0,0,0,0,0,0,2,1,3,1,36,7,599,1,14,-1,1,-1
201531C108015,1,5,0,18,0,0,1,0,0,0,3,1,2,1,51,8,849,1,6,-1,3,-1
201531C108015,2,19,0,12,0,0,0,0,0,0,0,1,2,1,46,8,1868,2,12,-1,1,-1
201531C108115,1,9,0,18,0,0,0,0,0,0,1,1,6,1,67,10,1870,2,12,-1,1,-1
201531C108215,1,19,0,1,9,0,0,0,0,0,2,1,6,1,44,7,2402,2,10,-1,1,-1
201531C108415,1,9,0,3,0,1,0,0,0,0,2,1,2,1,30,6,-1,-1,-1,-1,1,-1
201531C108415,2,3,0,4,0,1,0,0,0,0,1,1,2,1,19,4,-1,-1,-1,-1,3,-1
201531C108515,1,9,0,18,0,2,0,0,0,0,0,1,6,1,32,6,4196,1,9,-1,1,-1
201531C108515,2,9,0,18,0,8,0,0,0,0,2,1,6,2,35,6,1364,1,8,-1,1,-1
201531C108515,3,9,0,18,0,8,0,0,0,0,1,1,6,1,51,8,1685,2,-1,-1,1,-1
201531C108815,1,8,0,18,0,8,0,0,0,0,1,1,6,1,78,11,2446,2,15,-1,1,-1
201531C108815,2,9,0,18,0,6,0,0,0,0,4,1,6,2,24,5,998,1,5,-1,2,-1
201531C109015,1,3,0,9,0,6,1,0,1,0,4,1,2,1,62,9,125,1,-1,-1,1,-1
201531C109515,1,9,0,9,0,4,0,0,0,0,3,1,3,2,26,6,1398,1,1,-1,1,-1
201531C109515,2,4,0,17,0,8,0,0,0,0,4,1,6,1,51,8,498,1,18,-1,1,-1
201531C109615,1,9,0,15,0,2,0,0,0,0,3,1,6,1,25,5,1399,2,3,-1,1,-1
201531C109615,2,1,0,18,0,2,0,0,0,0,4,1,6,1,25,5,-1,-1,-1,-1,1,-1
201531C109715,1,9,0,2,0,0,0,0,0,0,3,1,6,1,63,9,1399,1,12,-1,1,-1
201531C109715,2,1,0,14,0,0,0,0,0,0,1,1,3,2,28,6,-1,-1,-1,-1,1,-1
201531C109815,1,9,0,7,0,5,0,0,0,0,1,1,6,3,-1,-1,1398,1,12,-1,-1,-1
201531C109815,2,1,0,18,0,2,0,0,0,0,4,1,6,1,21,5,-1,-1,-1,-1,1,-1
201531C109915,1,1,0,7,0,8,1,0,0,0,4,1,2,1,28,6,-1,-1,-1,-1,1,-1
201531C110115,1,9,0,8,0,6,0,0,0,0,3,1,6,1,38,7,1995,1,12,-1,1,-1
201531C110115,2,1,0,18,0,8,0,0,0,0,1,1,1,2,49,8,-1,-1,-1,-1,1,-1
201531C111415,1,9,0,18,0,2,0,0,0,0,1,1,6,1,19,4,1332,1,16,-1,1,-1
201531C111415,2,9,0,3,0,2,0,0,0,0,2,1,6,1,52,8,1324,1,15,-1,1,-1
201531C112115,1,9,0,18,0,0,0,0,0,0,1,1,6,1,22,5,1242,1,5,-1,1,-1
201531C112215,1,9,0,7,0,6,0,0,0,0,1,1,2,1,28,6,1968,2,-1,-1,1,-1
201531C112215,2,1,0,18,0,8,0,0,0,0,3,1,2,1,60,9,-1,-1,-1,-1,1,-1
201531C112615,1,2,0,18,0,0,0,0,0,0,1,1,1,1,24,5,49,1,11,-1,1,-1
201531C112615,2,9,0,4,0,0,0,0,0,0,2,1,6,2,59,9,1560,2,7,-1,1,-1
201531C112815,1,9,0,4,0,0,1,0,0,0,1,1,6,2,27,6,1598,2,3,-1,1,-1
201531C112815,2,9,0,4,0,0,0,0,0,0,2,1,6,2,50,8,1995,2,13,-1,2,-1
201531C112915,1,9,0,13,0,2,0,0,0,0,4,2,6,3,-1,-1,-1,-1,-1,-1,-1,-1
201531C112915,2,1,0,18,0,2,0,0,0,0,3,1,6,1,49,8,-1,-1,-1,-1,1,-1
201531C113015,1,9,0,18,0,2,0,0,7,11,4,1,1,1,21,5,-1,-1,-1,-1,1,-1
201531C113015,2,9,0,18,0,2,0,0,0,0,3,1,6,1,45,7,1753,2,11,-1,1,-1
201531C113115,1,9,0,9,0,6,0,0,0,0,1,1,1,2,49,8,1998,1,16,-1,1,-1
201531C113115,2,9,0,18,0,8,2,7,7,11,4,1,6,1,46,8,1461,2,1,-1,1,-1
201531C113115,3,9,0,18,0,1,0,0,0,0,1,1,1,1,55,8,1560,2,5,-1,1,-1
201531C113215,1,1,0,18,0,4,0,0,0,0,1,1,6,1,21,5,-1,-1,-1,-1,-1,-1
201531C113615,1,9,0,14,0,0,0,0,0,0,1,1,6,1,-1,-1,1396,1,13,-1,-1,-1
201531C113615,2,8,0,2,0,0,0,0,0,0,1,1,6,1,33,6,2446,2,13,-1,1,-1
201531C113715,1,11,0,5,0,0,0,0,0,0,0,1,1,1,-1,-1,9000,2,12,-1,1,-1
201531C113815,1,9,0,9,0,5,0,0,0,0,1,1,6,3,-1,-1,2993,2,1,-1,-1,-1
201531C114015,1,3,0,7,0,3,1,0,0,0,4,1,6,1,18,4,125,1,-1,-1,1,-1
201531C114115,1,9,0,18,0,4,0,0,0,0,1,1,2,1,38,7,1995,2,11,-1,1,-1
201531C114115,2,1,0,18,0,8,0,0,0,0,4,1,6,2,25,5,-1,-1,-1,-1,1,-1
201531C114415,1,9,0,18,0,0,0,0,0,0,1,1,6,1,30,6,1998,2,5,-1,1,-1
201531C114415,2,9,0,3,0,0,0,0,0,0,2,1,6,1,30,6,1998,2,11,-1,1,-1
201531C114615,1,9,0,18,0,1,0,0,0,0,1,1,6,1,26,6,1360,1,11,-1,1,-1
201531C114615,2,9,0,3,0,1,0,0,0,0,2,1,6,2,43,7,1398,1,1,-1,1,-1
201531C114715,1,19,0,7,0,5,0,0,0,0,0,1,1,1,56,9,2198,2,5,-1,2,-1
201531C114715,2,1,0,18,0,1,0,0,1,0,1,1,6,1,47,8,-1,-1,-1,-1,1,-1
201531C114815,1,9,0,9,0,5,0,0,0,0,4,1,6,1,24,5,1229,1,3,-1,1,-1
201531C114815,2,3,0,18,0,8,0,0,0,0,1,1,2,1,24,5,125,1,1,-1,1,-1
201531C115115,1,8,0,18,0,0,0,0,0,0,4,1,1,1,32,6,2664,2,15,-1,1,-1
201531C115315,1,9,0,18,0,3,0,0,0,0,1,1,6,2,25,5,1248,2,6,-1,1,-1
201531C115315,2,19,0,18,0,3,0,0,0,0,4,1,6,1,47,8,-1,-1,-1,-1,1,-1
201531C115315,3,9,0,3,0,1,0,0,0,0,3,1,1,2,52,8,1796,1,6,-1,1,-1
201531C115515,1,9,0,18,0,8,0,0,0,0,1,1,6,2,-1,-1,1598,1,1,-1,-1,-1
201531C115515,2,9,0,9,0,5,0,0,0,0,4,1,6,2,42,7,1396,1,1,-1,1,-1
201531C116215,1,9,0,9,0,6,0,0,0,0,0,1,6,2,-1,-1,1398,1,10,-1,-1,-1
201531C116215,2,11,0,18,0,1,0,0,0,0,0,1,1,1,29,6,-1,-1,-1,-1,1,-1
201531C116415,1,9,0,10,0,1,0,0,0,0,3,1,1,2,23,5,1299,1,11,-1,3,-1
201531C116615,1,19,0,1,0,1,0,0,0,0,2,1,6,1,64,9,1995,2,8,-1,1,-1
201531C116615,2,9,0,3,0,1,0,0,0,0,1,1,6,2,25,5,1598,1,9,-1,2,-1
201531C117015,1,9,0,18,0,8,1,0,0,0,1,1,6,2,26,6,1560,2,7,-1,1,-1
201531C117015,2,9,0,6,0,8,0,0,0,0,3,1,6,2,35,6,1360,1,12,-1,-1,-1
201531C117115,1,9,0,18,0,0,0,0,0,0,1,1,2,1,44,7,1968,2,5,-1,1,-1
201531C117115,2,9,0,3,0,0,0,0,0,0,2,1,6,1,68,10,1598,2,5,-1,1,-1
201531C117115,3,9,0,3,0,0,0,0,0,0,2,1,6,1,58,9,1685,2,-1,-1,1,-1
201531C117215,1,9,0,18,0,1,0,0,1,0,4,1,6,2,45,7,1598,1,13,-1,1,-1
201531C117315,1,9,0,7,0,6,0,0,0,0,2,1,6,1,73,10,1997,2,2,-1,3,-1
201531C117315,2,2,0,18,0,2,1,0,0,0,1,1,6,1,-1,-1,49,1,8,-1,1,-1
201531C117715,1,9,0,18,0,0,0,0,1,0,1,1,6,2,23,5,1329,1,3,-1,1,-1
201531C119115,1,9,0,4,0,1,0,0,0,0,1,1,6,2,23,5,1968,2,-1,-1,1,-1
201531C119115,2,9,0,8,0,1,0,0,0,0,2,1,3,2,30,6,998,1,13,-1,1,-1
201531C119415,1,11,0,7,0,5,0,0,0,0,4,1,1,1,52,8,-1,-1,-1,-1,1,-1
201531C119415,2,9,0,7,0,5,0,0,0,0,3,1,6,1,25,5,1598,1,-1,-1,1,-1
201531C119515,1,9,0,18,0,1,0,0,0,0,1,1,6,1,27,6,1796,1,11,-1,1,-1
201531C119515,2,9,0,4,0,1,0,0,0,0,2,1,6,1,38,7,1242,1,13,-1,1,-1
201531C120015,1,1,0,5,0,1,0,0,0,0,2,1,2,2,47,8,-1,-1,-1,-1,1,-1
201531C120015,2,9,0,5,0,1,0,0,0,0,1,1,6,2,-1,-1,1388,1,11,-1,-1,-1
201531C120115,1,9,0,6,0,1,0,0,0,0,3,1,6,1,20,4,1686,2,7,-1,2,-1
201531C120115,2,1,0,13,0,1,0,0,0,0,1,1,6,1,28,6,-1,-1,-1,-1,1,-1
201531C120215,1,9,0,18,0,1,0,0,0,0,1,1,6,1,-1,-1,2696,2,9,-1,-1,-1
201531C120215,2,9,0,10,0,1,0,0,0,0,2,1,2,1,51,8,1390,1,14,-1,1,-1
201531C120615,1,9,0,18,0,1,0,0,0,0,1,1,2,2,27,6,1299,1,9,-1,1,-1
201531C120615,2,9,0,18,0,1,0,0,0,0,2,1,6,1,34,6,1587,1,12,-1,1,-1
201531C120715,1,9,0,7,0,6,0,0,0,0,1,1,1,1,59,9,2148,2,6,-1,1,-1
201531C120715,2,1,0,18,0,8,0,0,0,0,4,1,4,1,11,3,-1,-1,-1,-1,1,-1
201531C120815,1,1,0,18,0,8,0,0,0,0,4,1,6,1,63,9,-1,-1,-1,-1,1,-1
201531C120815,2,9,0,18,0,8,0,0,0,0,1,1,6,3,-1,-1,-1,-1,-1,-1,-1,-1
201531C121015,1,9,0,6,0,8,0,0,0,0,1,1,6,2,24,5,1686,2,13,-1,-1,-1
201531C121015,2,9,0,18,0,8,0,0,0,0,3,1,6,2,44,7,1198,1,13,-1,1,-1
201531C121215,1,8,0,18,0,1,0,0,1,3,1,1,6,2,41,7,1753,2,8,-1,1,-1
201531C121715,1,9,0,11,0,0,0,0,0,0,0,1,6,1,-1,-1,-1,-1,-1,-1,-1,-1
201531C121715,2,5,0,18,0,0,0,0,0,0,0,1,6,1,32,6,599,1,13,-1,1,-1
201531C121815,1,1,0,16,9,2,0,0,0,0,1,1,6,1,19,4,-1,-1,-1,-1,3,-1
201531C122215,1,9,0,18,0,1,0,0,0,0,1,1,1,1,-1,-1,1496,1,1,-1,1,-1
201531C123115,1,9,0,7,0,5,0,0,0,0,4,1,6,2,55,8,1086,1,10,-1,1,-1
201531C123115,2,1,0,18,0,8,0,0,0,0,1,1,6,1,24,5,-1,-1,-1,-1,-1,-1
201531C123215,1,9,0,9,0,5,0,0,0,0,4,1,6,1,25,5,1598,1,9,-1,1,-1
201531C123215,2,1,0,18,0,8,0,0,0,0,1,1,6,2,21,5,-1,-1,-1,-1,1,-1
201531C123315,1,9,0,14,0,1,0,0,0,0,1,1,6,2,31,6,1461,2,5,-1,1,-1
201531C123415,1,9,0,18,0,0,0,0,0,0,3,1,2,1,42,7,1991,2,11,-1,1,-1
201531C123515,1,11,0,13,0,0,0,0,0,0,0,1,1,1,-1,-1,-1,-1,-1,-1,-1,-1
201531C123515,2,1,0,18,0,0,0,10,1,0,1,1,6,1,23,5,-1,-1,-1,-1,1,-1
201531C123915,1,8,0,18,0,0,0,0,0,0,4,1,1,1,54,8,1896,2,10,-1,1,-1
201531C124115,1,9,0,9,0,8,0,0,0,0,3,1,1,1,33,6,-1,-1,-1,-1,1,-1
201531C124115,2,2,0,18,0,8,0,0,0,0,1,1,2,1,16,4,50,1,4,-1,1,-1
201531C124615,1,2,0,18,1,1,0,0,0,0,1,1,6,1,57,9,49,1,16,-1,1,-1
201531C124615,2,1,0,18,1,1,0,0,0,0,1,1,6,3,-1,-1,-1,-1,-1,-1,-1,-1
201531C124815,1,9,0,18,0,8,0,7,0,0,3,1,6,1,48,8,1229,1,5,-1,-1,-1
201531C124815,2,9,0,18,0,8,0,0,0,0,1,1,1,1,38,7,1560,2,3,-1,2,-1
201531C124915,1,9,0,12,0,0,0,0,0,0,3,1,6,2,24,5,1242,1,8,-1,1,-1
201531C124915,2,3,0,18,0,0,0,0,0,0,4,1,6,1,20,4,124,1,1,-1,2,-1
201531C125015,1,9,0,18,0,0,0,0,0,0,1,1,6,1,24,5,1598,1,12,-1,1,-1
201531C125015,2,9,0,3,0,0,0,0,0,0,2,1,6,1,48,8,1905,2,17,-1,1,-1
201531C125215,1,8,0,5,0,8,0,0,0,0,1,1,1,3,-1,-1,-1,-1,-1,-1,-1,-1
201531C125315,1,11,0,2,0,0,0,0,0,0,3,1,6,1,-1,-1,-1,-1,-1,-1,-1,-1
201531C125415,1,9,0,9,0,5,0,0,0,0,3,1,1,1,46,8,2000,1,10,-1,1,-1
201531C125415,2,9,0,18,0,8,0,0,0,0,4,1,1,1,23,5,1560,2,11,-1,1,-1
201531C125715,1,9,0,2,0,0,0,0,0,0,3,1,6,2,-1,-1,-1,-1,-1,-1,-1,-1
201531C125715,2,1,0,14,0,0,0,0,0,0,1,1,6,2,44,7,-1,-1,-1,-1,1,-1
201531C125815,1,19,0,4,0,1,0,0,0,0,1,1,1,1,-1,-1,2198,2,2,-1,-1,-1
201531C125815,2,9,0,8,0,1,0,0,0,0,2,1,6,2,39,7,1242,1,1,-1,1,-1
201531C126415,1,9,0,7,0,5,0,0,0,0,4,1,6,3,-1,-1,-1,-1,-1,-1,-1,-1
201531C126415,2,1,0,18,0,8,0,0,0,0,1,1,2,1,49,8,-1,-1,-1,-1,1,-1
201531C126515,1,3,0,14,0,8,0,0,0,0,1,1,2,1,18,4,100,1,8,-1,1,-1
201531C126515,2,9,0,9,0,6,0,0,0,0,3,1,6,2,55,8,2148,2,10,-1,1,-1
201531C127315,1,3,0,14,0,1,0,0,0,0,4,1,1,1,31,6,124,1,1,-1,1,-1
201531C127315,2,9,0,9,0,8,0,0,0,0,0,1,1,1,53,8,1999,1,7,-1,1,-1
201531C128415,1,5,0,7,0,6,0,0,0,0,3,1,2,1,49,8,599,1,13,-1,1,-1
201531C128415,2,8,0,18,2,8,0,0,0,0,1,1,1,1,48,8,2402,2,11,-1,1,-1
201531C129315,1,9,0,9,0,6,0,0,0,0,4,1,6,2,53,8,1240,1,11,-1,1,-1
201531C129315,2,9,0,18,0,8,0,0,0,0,1,1,6,2,45,7,1497,1,13,-1,1,-1
201531C129315,3,9,0,18,0,8,0,0,0,0,3,1,6,2,36,7,1242,1,9,-1,1,-1
201531C129615,1,19,0,18,0,2,0,0,0,0,4,1,6,1,31,6,2198,2,2,-1,1,-1
201531C130515,1,1,0,18,0,8,0,0,0,0,3,1,4,1,10,2,-1,-1,-1,-1,1,-1
201531C130515,2,9,0,18,0,8,0,0,0,0,0,1,6,1,-1,-1,1796,1,15,-1,1,-1
201531C130915,1,9,0,18,0,0,0,0,0,0,1,1,6,1,48,8,1995,2,13,-1,1,-1
201531C131115,1,8,0,9,0,5,0,0,0,0,1,1,1,1,39,7,1896,2,6,-1,1,-1
201531C131115,2,9,0,18,0,1,0,0,0,0,1,1,6,2,38,7,1798,1,-1,-1,1,-1
201531C131315,1,9,0,6,0,0,0,0,0,0,1,1,6,2,28,6,1596,1,12,-1,1,-1
201531C131315,2,9,0,18,0,0,0,0,0,0,4,1,6,1,31,6,1149,1,13,-1,1,-1
201531C131815,1,9,0,8,0,1,0,0,0,0,2,1,6,2,47,8,1796,1,15,-1,1,-1
201531C131815,2,9,0,18,0,1,0,0,0,0,1,1,6,2,-1,-1,1598,1,11,-1,-1,-1
201531C132015,1,9,0,9,0,6,0,0,0,0,1,1,6,2,62,9,1349,1,5,-1,1,-1
201531C132015,2,9,0,17,0,8,0,0,0,0,1,1,6,2,30,6,1560,2,5,-1,1,-1
201531C132415,1,19,0,7,0,6,0,0,0,0,4,1,1,1,44,7,4249,2,7,-1,1,-1
201531C132415,2,1,0,18,9,1,0,0,0,0,1,1,6,1,30,6,-1,-1,-1,-1,1,-1
201531C132515,1,9,0,18,0,0,0,0,0,0,1,1,2,1,30,6,1560,2,6,-1,1,-1
201531C132515,2,9,0,4,0,0,0,0,0,0,2,1,6,2,46,8,1997,2,4,-1,1,-1
201531C132515,3,9,0,4,0,0,0,0,0,0,2,1,6,2,49,8,1995,2,-1,-1,1,-1
201531C132815,1,9,0,3,0,1,0,0,0,0,1,1,6,1,-1,-1,1995,2,10,-1,-1,-1
201531C132815,2,9,0,3,0,1,0,0,0,0,2,1,6,1,43,7,1599,1,11,-1,1,-1
201531C132915,1,9,0,18,0,4,1,9,3,1,1,1,6,1,25,5,1998,1,-1,-1,1,-1
201531C132915,2,8,0,3,0,1,0,0,0,0,1,1,1,1,25,5,1997,2,12,-1,1,-1
201531C134715,1,9,0,18,0,4,0,0,0,0,3,1,6,2,35,6,1998,1,13,-1,1,-1
201531C134715,2,1,0,18,0,8,0,0,0,0,4,1,6,1,19,4,-1,-1,-1,-1,1,-1
201531C134915,1,9,0,9,0,5,0,0,0,0,1,1,6,2,32,6,1968,2,7,-1,1,-1
201531C134915,2,2,0,14,0,1,0,0,0,0,1,1,6,1,17,4,49,1,3,-1,1,-1
201531C134915,3,9,0,3,0,2,0,0,0,0,2,1,3,2,39,7,1995,1,9,-1,1,-1
201531C135115,1,9,0,7,0,6,0,0,0,0,1,1,6,1,-1,-1,1896,2,5,-1,-1,-1
201531C135115,2,1,0,18,0,8,0,0,0,0,4,1,6,1,41,7,-1,-1,-1,-1,1,-1
201531C135615,1,9,0,13,0,3,0,0,0,0,4,1,6,1,20,4,1229,1,-1,-1,1,-1
201531C135615,2,11,0,16,0,3,0,0,0,0,3,1,1,1,55,8,9000,2,8,-1,1,-1
201531C135715,1,1,0,18,0,8,0,0,0,0,3,1,6,1,9,2,-1,-1,-1,-1,1,-1
201531C135715,2,9,0,18,0,8,0,0,0,0,1,1,6,2,33,6,1598,1,13,-1,1,-1
201531C135815,1,11,0,5,0,2,0,0,0,0,0,1,1,1,44,7,9000,2,1,-1,1,-1
201531C135815,2,21,1,18,0,2,0,0,0,0,0,1,1,1,-1,-1,-1,-1,-1,-1,-1,-1
201531C135915,1,9,0,18,0,8,0,0,0,0,1,1,6,1,57,9,996,1,3,-1,1,-1
201531C135915,2,11,0,18,0,8,0,0,0,0,4,1,1,1,42,7,9000,2,10,-1,1,-1
201531C136215,1,9,0,9,0,6,0,0,0,0,4,1,6,1,61,9,1582,2,-1,-1,-1,-1
201531C136215,2,3,0,9,0,8,0,0,0,0,1,1,6,1,18,4,124,1,8,-1,1,-1
201531C136315,1,11,0,18,0,0,0,0,0,0,3,1,1,1,43,7,4250,2,3,-1,1,-1
201531C136715,1,9,0,18,0,0,0,0,0,0,1,1,1,1,62,9,1956,2,5,-1,1,-1
201531C136715,2,11,0,2,0,0,0,0,0,0,2,1,1,1,37,7,9000,2,9,-1,1,-1
201531C137115,1,9,0,18,0,8,1,0,0,0,4,1,6,1,51,8,1461,2,1,-1,1,-1
201531C137115,2,11,0,9,0,6,0,0,0,0,1,1,1,1,55,8,9000,2,5,-1,-1,-1
201531C137215,1,9,0,18,0,2,0,0,1,4,1,1,6,1,21,5,1596,1,12,-1,1,-1
201531C137615,1,9,0,7,0,5,0,0,0,0,4,1,6,2,63,9,1598,1,9,-1,1,-1
201531C138115,1,9,0,4,0,1,0,0,0,0,1,1,6,3,-1,-1,-1,-1,-1,-1,-1,-1
201531C138115,2,9,0,4,0,1,0,0,0,0,2,1,6,1,19,4,1896,2,11,-1,-1,-1
201531C138315,1,9,0,18,0,0,0,0,0,0,1,1,6,2,52,8,1596,1,12,-1,1,-1
201531C138315,2,8,0,3,0,0,0,0,0,0,2,1,3,1,37,7,1896,2,9,-1,1,-1
201531C138515,1,9,0,18,0,0,0,0,0,0,1,1,6,2,47,8,1797,8,1,-1,-1,-1
201531C138815,1,9,0,18,9,1,0,0,0,0,3,1,6,2,32,6,1598,1,6,-1,1,-1
201531C139515,1,9,0,18,0,8,0,0,0,0,1,1,6,1,47,8,1995,2,4,-1,1,-1
201531C139515,2,9,0,18,0,8,0,0,0,0,1,1,6,1,39,7,1560,2,7,-1,1,-1
201531C139615,1,9,0,18,0,3,0,0,0,0,4,1,6,1,31,6,1991,1,19,-1,1,-1
201531C139615,2,11,0,9,0,4,0,0,0,0,1,1,1,1,62,9,-1,-1,-1,-1,1,-1
201531C140215,1,9,0,9,0,4,0,0,0,0,1,1,1,2,21,5,1199,1,13,-1,1,-1
201531C140215,2,9,0,18,0,8,0,0,0,0,4,1,6,1,59,9,1968,2,4,-1,1,-1
201531C140315,1,9,0,18,0,2,0,0,0,0,1,1,6,3,-1,-1,-1,-1,-1,-1,-1,-1
201531C140415,1,19,0,18,0,8,0,0,0,0,1,1,1,1,43,7,2143,2,1,-1,1,-1
201531C140415,2,9,0,18,0,8,0,0,0,0,4,1,6,1,82,11,2143,2,3,-1,1,-1
201531C140715,1,9,0,9,0,5,0,0,0,0,3,1,6,1,26,6,1598,1,10,-1,1,-1
201531C140715,2,9,0,18,0,8,0,0,0,0,4,1,6,1,77,11,-1,-1,-1,-1,1,-1
201531C141315,1,1,0,4,0,1,0,0,0,0,4,1,6,1,72,10,-1,-1,-1,-1,1,-1
201531C141915,1,9,0,18,0,0,0,0,0,0,1,1,6,1,44,7,-1,-1,-1,-1,1,-1
201531C141915,2,9,0,4,0,0,0,0,0,0,2,1,6,2,54,8,2179,2,2,-1,1,-1
201531C141915,3,9,0,4,0,0,0,0,0,0,2,1,6,1,58,9,1395,1,-1,-1,1,-1
201531C142515,1,9,0,18,0,1,0,0,0,0,1,1,6,2,25,5,1390,1,5,-1,1,-1
201531C142515,2,9,0,4,0,1,0,0,0,0,2,1,6,2,30,6,1560,2,5,-1,1,-1
201531C142915,1,9,0,18,0,2,0,4,0,0,1,1,6,1,29,6,1968,2,11,-1,1,-1
201531C142915,2,19,0,2,0,2,0,0,0,0,2,1,6,3,-1,-1,2198,2,7,-1,-1,-1
201531C143215,1,9,0,7,5,8,0,0,0,0,1,1,6,3,-1,-1,1200,1,-1,-1,1,-1
201531C143515,1,9,0,9,0,6,0,0,0,0,1,1,6,1,32,6,1598,1,8,-1,1,-1
201531C143515,2,9,0,18,0,8,0,0,0,0,4,1,6,1,30,6,1998,2,11,-1,1,-1
201531C143915,1,9,0,12,0,1,0,0,0,0,3,1,6,1,17,4,998,1,11,-1,2,-1
201531C143915,2,19,0,11,0,1,0,0,0,0,4,1,6,1,-1,-1,1968,2,3,-1,1,-1
201531C144115,1,9,0,15,0,8,0,0,0,0,1,1,6,1,22,5,1396,1,13,-1,1,-1
201531C144115,2,19,0,18,0,1,0,0,0,0,0,1,6,1,-1,-1,-1,-1,-1,-1,-1,-1
201531C144315,1,9,0,18,0,2,0,0,0,0,1,1,2,1,52,8,1686,2,9,-1,1,-1
201531C144315,2,9,0,4,0,2,0,0,0,0,2,1,6,1,55,8,1560,2,7,-1,1,-1
201531C145115,1,11,0,3,0,0,0,0,0,0,2,1,1,1,45,7,7300,2,7,-1,1,-1
201531C145115,2,11,0,4,0,0,0,0,0,0,1,1,1,1,56,9,6700,2,4,-1,1,-1
201531C145215,1,11,0,18,0,1,0,0,0,0,4,1,1,1,-1,-1,-1,-1,-1,-1,-1,-1
201531C145215,2,1,0,15,4,1,0,0,0,0,3,1,6,1,24,5,-1,-1,-1,-1,1,-1
201531C145515,1,9,0,18,0,0,0,0,0,0,1,1,6,1,43,7,2993,2,-1,-1,1,-1
201531C145515,2,9,0,4,0,0,0,0,0,0,2,1,6,1,29,6,1596,1,3,-1,1,-1
201531C145515,3,19,0,4,0,0,0,0,0,0,2,1,6,1,43,7,1896,2,15,-1,1,-1
201531C145615,1,9,0,17,0,0,0,0,0,0,1,1,2,1,28,6,1598,1,6,-1,1,-1
201531C145915,1,19,0,1,0,0,0,0,0,0,2,1,1,1,51,8,2143,2,2,-1,1,-1
201531C145915,2,9,0,18,0,0,0,0,0,0,1,1,6,2,25,5,1242,1,2,-1,1,-1
201531C146115,1,8,0,18,0,0,0,0,0,0,4,1,6,1,-1,-1,-1,-1,-1,-1,-1,-1
201531C146315,1,9,0,18,0,8,0,0,0,0,1,1,6,1,70,10,2400,2,4,-1,1,-1
201531C146315,2,9,0,9,0,5,0,0,0,0,4,1,6,2,26,6,1560,2,1,-1,1,-1
201531C146415,1,9,0,9,0,6,0,0,0,0,4,1,6,2,51,8,1197,1,2,-1,1,-1