Accident_Index,Vehicle_Reference,Vehicle_Type,Towing_and_Articulation,Vehicle_Manoeuvre,Vehicle_Location-Restricted_Lane,Junction_Location,Skidding_and_Overturning,Hit_Object_in_Carriageway,Vehicle_Leaving_Carriageway,Hit_Object_off_Carriageway,1st_Point_of_Impact,Was_Vehicle_Left_Hand_Drive?,Journey_Purpose_of_Driver,Sex_of_Driver,Age_of_Driver,Age_Band_of_Driver,Engine_Capacity_(CC),Propulsion_Code,Age_of_Vehicle,Driver_IMD_Decile,Driver_Home_Area_Type,Vehicle_IMD_Decile
201531C193015,1,19,0,18,0,1,0,0,0,0,1,1,6,1,-1,-1,-1,-1,-1,-1,-1,-1
201531C193015,2,3,0,4,0,1,0,0,0,0,2,1,2,1,30,6,124,1,1,-1,1,-1
201531C193015,3,9,0,18,0,1,0,0,0,0,2,1,6,1,-1,-1,-1,-1,-1,-1,-1,-1
201531C193515,1,9,0,18,0,0,0,0,0,0,1,1,6,3,-1,-1,1299,1,12,-1,-1,-1
201531C193515,2,1,0,18,0,0,0,0,0,0,2,1,6,1,14,3,-1,-1,-1,-1,1,-1
201531C193615,1,20,0,18,0,8,0,0,0,0,1,1,1,1,-1,-1,2402,2,13,-1,-1,-1
201531C193615,2,9,0,10,0,8,0,0,0,0,2,1,6,1,26,6,1560,2,2,-1,1,-1
201531C193715,1,9,0,18,0,0,0,0,0,0,1,1,6,3,-1,-1,-1,-1,-1,-1,-1,-1
201531C193915,1,9,0,7,0,6,0,0,0,0,1,1,6,3,-1,-1,-1,-1,-1,-1,-1,-1
201531C193915,2,9,0,10,0,8,0,0,0,0,3,1,6,2,43,7,1984,1,7,-1,1,-1
201531C194115,1,9,0,18,0,8,1,0,1,2,1,1,6,1,26,6,1995,2,-1,-1,-1,-1
201531C194115,2,8,0,9,0,5,0,0,0,0,4,1,2,1,21,5,2231,2,8,-1,1,-1
201531C194315,1,9,0,18,0,0,0,0,0,0,1,1,6,3,-1,-1,-1,-1,-1,-1,-1,-1
201531C194315,2,9,0,18,0,0,0,0,0,0,2,1,6,2,54,8,1598,1,16,-1,1,-1
201531C194415,1,9,0,9,0,8,0,0,0,0,1,1,6,3,-1,-1,-1,-1,-1,-1,-1,-1
201531C194415,2,19,0,18,0,1,0,0,0,0,1,1,1,1,49,8,2143,2,1,-1,2,-1
201531C194515,1,9,0,18,0,2,0,0,0,0,1,1,6,2,36,7,1598,1,8,-1,1,-1
201531C194615,1,9,0,9,0,6,0,0,0,0,1,1,2,2,55,8,1299,1,14,-1,1,-1
201531C194615,2,5,0,18,0,8,0,0,0,0,1,1,2,2,29,6,645,1,7,-1,1,-1
201531C195115,1,1,0,18,9,0,0,8,0,0,1,1,6,1,44,7,-1,-1,-1,-1,-1,-1
201531C195115,2,9,0,2,0,0,0,0,0,0,4,1,1,1,37,7,1560,2,7,-1,1,-1
201531C195215,1,9,0,9,0,6,0,0,0,0,1,1,6,1,60,9,1497,8,6,-1,1,-1
201531C195615,1,9,0,18,0,8,0,0,0,0,4,1,1,1,48,8,2179,2,1,-1,3,-1
201531C196115,1,9,0,9,0,6,0,0,0,0,1,1,2,1,44,7,1753,2,13,-1,1,-1
201531C196115,2,3,0,18,0,8,1,0,0,0,1,1,2,1,21,5,124,1,1,-1,1,-1
201531C197015,1,9,0,18,0,0,0,0,0,0,1,1,6,2,23,5,1242,1,4,-1,1,-1
201531C197015,2,9,0,4,0,0,0,0,0,0,2,1,6,1,38,7,1995,1,16,-1,1,-1
201531C197415,1,11,0,18,0,1,0,0,0,0,0,1,1,1,58,9,6871,2,6,-1,-1,-1
201531C197515,1,9,0,18,0,1,0,0,0,0,1,1,6,1,24,5,998,1,11,-1,1,-1
201531C197515,2,9,0,10,0,1,0,0,0,0,2,1,6,2,27,6,1388,1,12,-1,1,-1
201531C197815,1,9,0,18,0,1,0,0,0,0,3,1,6,2,32,6,1124,1,12,-1,1,-1
201531C197915,1,1,0,14,0,1,0,0,0,0,1,1,6,1,20,4,-1,-1,-1,-1,1,-1
201531C197915,2,9,0,9,0,6,0,0,0,0,1,1,6,1,33,6,1984,1,5,-1,1,-1
201531C198015,1,9,0,18,0,1,0,0,0,0,1,1,6,3,-1,-1,-1,-1,-1,-1,-1,-1
201531C198015,2,9,0,3,0,1,0,0,0,0,2,1,6,2,27,6,1796,1,8,-1,1,-1
201531C198115,1,9,0,18,0,1,0,0,0,0,1,1,6,1,41,7,1598,1,2,-1,1,-1
201531C198315,1,9,0,17,0,8,0,0,0,0,4,1,6,1,20,4,1198,1,4,-1,1,-1
201531C198315,2,3,0,5,0,6,0,0,0,0,1,1,1,1,29,6,125,1,3,-1,-1,-1
201531C198415,1,9,0,18,0,0,0,0,0,0,1,1,6,2,35,6,1598,1,13,-1,2,-1
201531C198715,1,9,0,1,0,5,0,0,0,0,4,1,6,1,-1,-1,1984,2,6,-1,-1,-1
201531C199215,1,9,0,4,0,1,0,0,0,0,1,1,6,1,-1,-1,1995,2,1,-1,1,-1
201531C199215,2,9,0,4,0,1,0,0,0,0,2,1,6,2,48,8,2198,1,9,-1,1,-1
201531C199315,1,9,0,13,0,2,1,0,0,0,1,1,6,3,-1,-1,1598,1,11,-1,-1,-1
201531C199315,2,9,0,12,0,2,1,0,0,0,3,1,6,1,33,6,1988,1,12,-1,1,-1
201531C200215,1,9,0,4,0,7,0,0,0,0,1,1,6,2,57,9,1753,2,11,-1,1,-1
201531C200215,2,9,0,3,0,7,0,0,0,0,2,1,6,1,41,7,1997,2,2,-1,1,-1
201531C200815,1,9,0,4,0,8,0,0,0,0,1,1,2,1,25,5,2148,2,9,-1,1,-1
201531C200815,2,9,0,18,0,8,0,0,0,0,2,1,6,2,44,7,1299,1,12,-1,1,-1
201531C200815,3,9,0,18,0,8,0,0,0,0,2,1,6,1,57,9,-1,3,-1,-1,1,-1
201531C201015,1,9,0,18,0,2,0,0,0,0,1,1,6,3,-1,-1,-1,-1,-1,-1,-1,-1
201531C201415,1,9,0,18,0,0,0,0,0,0,1,1,6,1,-1,-1,-1,-1,-1,-1,-1,-1
201531C201415,2,1,0,18,0,0,0,0,0,0,2,1,6,1,19,4,-1,-1,-1,-1,-1,-1
201531C201615,1,9,0,14,6,0,0,0,0,0,1,1,6,3,-1,-1,1598,1,8,-1,-1,-1
201531C201615,2,9,0,2,6,0,0,0,0,0,2,1,6,2,24,5,1229,1,1,-1,1,-1
201531C201915,1,9,0,18,0,8,0,0,0,0,1,1,6,1,48,8,2967,1,8,-1,1,-1
201531C201915,2,9,0,18,0,8,0,0,0,0,3,1,6,2,59,9,1390,1,4,-1,1,-1
201531C201915,3,8,0,18,0,1,0,0,0,0,1,1,1,1,39,7,1998,2,7,-1,1,-1
201531C202015,1,90,4,12,0,1,0,0,0,0,4,1,6,1,43,7,-1,-1,-1,-1,1,-1
201531C202315,1,9,0,18,0,8,1,0,0,0,4,1,6,1,78,11,1560,2,5,-1,1,-1
201531C202315,2,9,0,18,0,1,1,0,0,0,1,1,6,2,26,6,1984,1,6,-1,2,-1
201531C202415,1,8,0,18,0,2,0,0,0,0,1,1,1,1,39,7,1968,2,8,-1,1,-1
201531C202515,1,9,0,14,0,0,0,0,0,0,1,1,6,1,42,7,1396,1,12,-1,1,-1
201531C202715,1,9,0,13,0,8,0,0,0,0,1,1,6,2,27,6,1986,2,8,-1,1,-1
201531C202715,2,9,0,3,0,2,0,0,0,0,2,1,6,1,56,9,998,1,5,-1,1,-1
201531C202715,3,9,0,3,0,2,0,0,0,0,2,1,6,1,23,5,1422,2,13,-1,1,-1
201531C202915,1,21,0,1,0,8,0,0,0,0,0,1,1,1,-1,-1,12902,2,2,-1,-1,-1
201531C202915,2,9,0,18,0,2,0,0,0,0,1,1,6,2,32,6,1596,1,4,-1,1,-1
201531C202915,3,9,0,3,0,2,0,0,0,0,2,1,6,2,-1,-1,1329,1,3,-1,1,-1
201531C203015,1,9,0,18,0,1,0,0,1,10,1,1,6,2,69,10,1591,1,-1,-1,1,-1
201531C203215,1,9,0,18,0,0,1,0,0,0,1,1,6,2,69,10,1242,1,15,-1,1,-1
201531C203215,2,9,0,18,0,0,0,0,0,0,2,1,6,1,75,10,1248,1,5,-1,1,-1
201531C203715,1,9,0,18,0,1,0,0,0,0,1,1,6,2,29,6,1390,1,1,-1,1,-1
201531C203915,1,9,0,18,0,1,0,0,0,0,1,1,6,1,-1,-1,1590,1,13,-1,-1,-1
201531C203915,2,9,0,3,0,1,0,0,0,0,2,1,2,2,-1,-1,1896,2,7,-1,1,-1
201531C204415,1,9,0,18,0,1,0,0,0,0,1,1,6,1,40,7,1997,2,14,-1,-1,-1
201531C204415,2,9,0,10,0,5,0,0,0,0,2,1,1,2,37,7,1598,1,7,-1,1,-1
201531C204515,1,9,0,18,0,0,0,0,0,0,4,1,6,3,-1,-1,-1,-1,-1,-1,-1,-1
201531C204915,1,19,0,4,0,1,0,0,0,0,1,1,6,3,-1,-1,1686,2,12,-1,-1,-1
201531C204915,2,9,0,3,0,1,0,0,0,0,2,1,3,2,42,7,1995,2,-1,-1,1,-1
201531C205115,1,9,0,16,0,0,0,0,0,0,1,1,6,2,23,5,1242,1,8,-1,1,-1
201531C205715,1,9,0,18,0,2,0,0,0,0,1,1,6,2,27,6,1798,1,12,-1,1,-1
201531C206315,1,9,0,18,0,0,0,0,0,0,1,1,2,2,28,6,1242,1,12,-1,1,-1
201531C206415,1,9,0,9,0,6,0,0,0,0,1,1,6,2,35,6,1598,1,6,-1,-1,-1
201531C206415,2,3,0,18,0,8,0,0,0,0,4,1,6,1,19,4,124,1,12,-1,1,-1
201531C206515,1,9,0,18,0,0,0,0,0,0,1,1,6,1,39,7,1598,1,11,-1,1,-1
201531C206515,2,1,0,18,0,0,0,0,0,0,1,1,6,1,37,7,-1,-1,-1,-1,1,-1
201531C206815,1,9,0,18,0,1,0,0,0,0,0,1,6,3,-1,-1,-1,-1,-1,-1,-1,-1
201531C208315,1,11,0,9,0,8,0,0,0,0,1,1,1,1,46,8,9000,2,9,-1,1,-1
201531C208315,2,11,0,9,0,2,0,0,0,0,2,1,1,1,57,9,9000,2,9,-1,1,-1
201531C208515,1,9,0,18,9,1,0,0,1,11,1,1,6,1,30,6,1968,2,-1,-1,1,-1
201531C208515,2,1,0,18,9,1,0,0,0,0,1,1,6,1,-1,-1,-1,-1,-1,-1,-1,-1
201531C208815,1,8,0,18,0,8,0,0,0,0,1,1,1,1,-1,-1,-1,-1,-1,-1,1,-1
201531C208815,2,9,0,3,0,8,0,0,0,0,2,1,6,3,-1,-1,-1,-1,-1,-1,-1,-1
201531C208915,1,9,0,18,0,1,0,0,0,0,0,1,6,1,-1,-1,-1,-1,-1,-1,-1,-1
201531C208915,2,11,0,18,0,1,0,0,0,0,0,1,1,1,49,8,7300,2,7,-1,1,-1
201531C209015,1,11,0,18,0,0,0,0,0,0,1,1,6,1,47,8,9000,2,10,-1,1,-1
201531C209015,2,9,0,18,0,0,0,0,0,0,2,1,6,1,31,6,2143,2,-1,-1,-1,-1
201531C209315,1,9,0,14,0,0,0,0,0,0,4,1,6,1,42,7,998,1,2,-1,1,-1
201531C209415,1,9,0,5,0,4,0,0,0,0,0,1,6,1,37,7,1398,1,1,-1,1,-1
201531C209415,2,9,0,18,0,4,0,0,7,2,1,1,2,1,47,8,1560,2,3,-1,-1,-1
201531C209715,1,8,0,9,0,2,0,0,0,0,1,1,1,1,47,8,1997,2,6,-1,-1,-1
201531C209915,1,9,0,13,0,0,0,0,0,0,4,1,2,2,25,5,2000,2,11,-1,1,-1
201531C209915,2,9,0,5,0,0,0,0,0,0,3,1,6,3,-1,-1,1796,1,14,-1,-1,-1
201531C210515,1,8,0,18,0,3,0,0,0,0,1,1,1,1,51,8,1797,8,5,-1,1,-1
201531C210515,2,1,0,8,9,8,0,0,0,0,3,1,2,1,35,6,-1,-1,-1,-1,1,-1
201531C212115,1,9,0,18,0,1,0,0,0,0,3,1,6,1,60,9,1598,1,6,-1,1,-1
201531C212315,1,9,0,18,0,0,0,0,0,0,1,1,2,2,24,5,973,1,14,-1,1,-1
201531C212315,2,1,0,18,0,0,0,0,0,0,3,1,6,1,9,2,-1,-1,-1,-1,1,-1
201531C212415,1,9,0,17,0,0,0,0,0,0,1,1,2,1,28,6,1299,1,18,-1,1,-1
201531C212415,2,9,0,16,0,0,0,0,0,0,1,1,6,1,27,6,1999,1,10,-1,1,-1
201531C212515,1,3,0,11,0,8,1,0,0,0,4,1,6,1,22,5,125,1,1,-1,1,-1
201531C212515,2,11,0,18,0,8,0,0,0,0,3,1,1,1,46,8,9000,2,9,-1,1,-1
201531C212615,1,9,0,18,0,8,5,0,0,0,1,1,6,2,44,7,1298,1,14,-1,1,-1
201531C212615,2,9,0,9,0,8,0,0,0,0,1,1,2,2,49,8,1598,1,7,-1,1,-1
201531C213115,1,1,0,18,0,0,0,0,0,0,1,1,6,1,15,3,-1,-1,-1,-1,-1,-1
201531C213115,2,9,0,18,0,0,0,0,0,0,1,1,6,1,77,11,1997,2,6,-1,1,-1
201531C213215,1,9,0,18,0,0,0,0,0,0,1,1,6,1,-1,-1,998,1,1,-1,-1,-1
201531C213215,2,9,0,18,0,0,0,0,0,0,2,1,6,1,-1,-1,1998,1,11,-1,1,-1
201531C213315,1,9,0,1,0,6,0,0,0,0,2,1,6,1,23,5,899,1,2,-1,3,-1
201531C213315,2,1,0,18,0,8,0,0,0,0,4,1,6,2,63,9,-1,-1,-1,-1,-1,-1
201531C213615,1,9,0,9,0,6,0,0,0,0,1,1,2,1,37,7,2143,2,-1,-1,1,-1
201531C213615,2,9,0,18,0,1,1,0,0,0,3,1,6,2,32,6,1598,1,4,-1,1,-1
201531C214215,1,9,0,18,0,1,0,0,0,0,1,1,6,2,25,5,1198,1,13,-1,1,-1
201531C214215,2,9,0,15,0,1,0,0,0,0,0,1,6,1,25,5,1968,2,9,-1,-1,-1
201531C214215,3,9,0,10,0,1,0,0,0,0,2,1,6,1,21,5,1999,1,14,-1,1,-1
201531C214215,4,9,0,10,0,1,0,0,0,0,0,1,6,1,19,4,1600,1,11,-1,1,-1
201531C214615,1,9,0,18,0,1,0,0,0,0,3,1,6,1,55,8,898,1,-1,-1,1,-1
201531C215015,1,9,0,5,0,1,0,0,0,0,1,1,6,1,56,9,1896,2,7,-1,1,-1
201531C215015,2,9,0,3,0,1,0,0,0,0,2,1,6,1,41,7,1199,1,11,-1,1,-1
201531C215015,3,9,0,3,0,1,0,0,0,0,2,1,6,1,23,5,1398,2,5,-1,1,-1
201531C215215,1,90,0,18,0,0,0,0,0,0,1,1,6,3,-1,-1,-1,-1,-1,-1,-1,-1
201531C215215,2,1,0,18,0,0,0,0,0,0,3,1,6,1,-1,-1,-1,-1,-1,-1,1,-1
201531C215415,1,1,0,18,0,8,0,0,0,0,1,1,6,1,-1,-1,-1,-1,-1,-1,-1,-1
201531C215415,2,9,0,9,0,6,0,0,0,0,3,1,2,2,43,7,1997,1,12,-1,1,-1
201531C215615,1,9,0,18,0,1,0,0,0,0,0,1,6,1,72,10,1968,2,8,-1,1,-1
201531C215615,2,9,0,18,0,1,0,0,0,0,0,1,1,1,34,6,1686,2,6,-1,1,-1
201531C216215,1,9,0,7,4,6,0,0,0,0,3,1,6,1,-1,-1,1598,1,11,-1,-1,-1
201531C216215,2,1,0,18,4,8,0,0,0,0,1,1,6,1,16,4,-1,-1,-1,-1,1,-1
201531C216515,1,11,0,2,2,2,0,0,0,0,0,1,1,1,55,8,9000,2,7,-1,1,-1
201531C216715,1,11,0,18,0,0,0,0,0,0,3,1,1,1,-1,-1,9000,2,12,-1,-1,-1
201531C216715,2,9,0,18,0,0,0,0,0,0,4,1,6,1,47,8,1598,1,9,-1,1,-1
201531C216815,1,9,0,18,0,0,0,0,0,0,1,1,1,2,50,8,1997,2,11,-1,3,-1
201531C216815,2,9,0,18,0,0,0,0,0,0,2,1,6,2,47,8,1364,2,3,-1,1,-1
201531C216915,1,9,0,18,0,1,0,0,0,0,1,1,6,1,-1,-1,-1,-1,-1,-1,-1,-1
201531C216915,2,9,0,4,0,1,0,0,0,0,2,1,2,2,36,7,1998,1,9,-1,1,-1
201531C217015,1,9,0,18,0,0,0,0,0,0,1,1,6,1,-1,-1,-1,-1,-1,-1,-1,-1
201531C217015,2,19,0,3,0,0,0,0,0,0,2,1,6,2,46,8,1753,2,10,-1,2,-1
201531C217315,1,9,0,18,0,8,0,0,0,0,1,1,6,1,-1,-1,-1,-1,-1,-1,-1,-1
201531C217915,1,21,1,18,0,0,0,0,0,0,4,1,1,1,52,8,10837,2,1,-1,1,-1
201531C217915,2,1,0,18,4,0,0,0,0,0,3,1,1,2,34,6,-1,-1,-1,-1,1,-1
201531C218115,1,9,0,18,0,1,0,0,0,0,1,1,6,1,40,7,1596,1,8,-1,1,-1
201531C218115,2,9,0,3,0,1,0,0,0,0,2,1,2,2,43,7,1598,1,11,-1,1,-1
201531C218215,1,9,0,4,0,1,0,0,0,0,1,1,6,1,-1,-1,2902,2,10,-1,-1,-1
201531C218215,2,9,0,3,0,1,0,0,0,0,2,1,6,2,28,6,2993,2,8,-1,1,-1
201531C218315,1,9,0,7,0,6,0,0,0,0,4,1,6,1,-1,-1,-1,-1,-1,-1,1,-1
201531C218315,2,9,0,18,0,8,0,0,0,0,4,1,6,1,33,6,1242,1,9,-1,1,-1
201531C218515,1,9,0,4,0,1,0,0,0,0,1,1,6,2,23,5,1199,1,13,-1,1,-1
201531C218515,2,9,0,3,0,1,0,0,0,0,2,1,6,1,53,8,-1,-1,-1,-1,-1,-1
201531C218615,1,9,0,9,0,5,0,0,0,0,1,1,6,1,-1,-1,-1,-1,-1,-1,1,-1
201531C218615,2,9,0,18,0,8,0,0,0,0,3,1,2,1,17,4,1199,1,12,-1,1,-1
201531C218715,1,9,0,8,0,1,0,0,0,0,4,1,6,1,54,8,1991,2,10,-1,1,-1
201531C218715,2,1,0,18,9,8,0,0,0,0,1,1,6,1,33,6,-1,-1,-1,-1,-1,-1
201531C219515,1,19,0,7,0,5,0,0,0,0,0,1,6,3,-1,-1,-1,-1,-1,-1,-1,-1
201531C219515,2,11,0,18,2,1,0,0,0,0,0,1,1,2,46,8,4250,2,15,-1,1,-1
201531C219615,1,9,0,7,0,6,0,0,0,0,1,1,6,2,24,5,998,1,13,-1,1,-1
201531C220115,1,2,0,11,0,1,0,0,0,0,0,1,6,3,-1,-1,-1,-1,-1,-1,-1,-1
201531C220115,2,8,0,18,0,1,0,0,0,0,0,1,1,1,40,7,2151,2,12,-1,1,-1
201531C220415,1,9,0,18,0,4,0,0,0,0,1,1,6,2,51,8,1986,2,7,-1,2,-1
201531C220415,2,9,0,9,0,8,0,0,0,0,1,2,6,1,53,8,2184,2,8,-1,1,-1
201531C221115,1,9,0,9,0,4,0,0,0,0,0,1,6,3,-1,-1,-1,-1,-1,-1,-1,-1
201531C221115,2,11,0,9,0,4,0,0,0,0,0,1,1,1,35,6,9000,2,4,-1,2,-1
201531C221315,1,11,0,9,0,8,0,0,0,0,0,1,1,1,-1,-1,-1,-1,-1,-1,-1,-1
201531C221615,1,19,0,12,0,8,0,0,0,0,3,1,6,1,18,4,1560,2,5,-1,1,-1
201531C221615,2,9,0,4,0,8,0,0,0,0,4,1,6,1,62,9,1997,2,7,-1,1,-1
201531C221915,1,19,0,1,0,6,0,0,0,0,2,1,6,3,-1,-1,-1,-1,-1,-1,-1,-1
201531C221915,2,1,0,18,0,8,0,0,0,0,1,1,6,1,43,7,-1,-1,-1,-1,1,-1
201531C222015,1,11,0,17,0,8,0,0,0,0,0,1,1,1,47,8,6700,2,3,-1,1,-1
201531C222015,2,9,0,12,0,8,0,0,0,0,0,1,6,3,-1,-1,-1,-1,-1,-1,-1,-1
201531C222115,1,9,0,18,0,0,0,0,0,0,1,1,6,1,-1,-1,-1,-1,-1,-1,-1,-1
201531C222115,2,19,0,4,0,0,0,0,0,0,2,1,1,1,-1,-1,2198,2,1,-1,1,-1
201531C222115,3,9,0,4,0,0,0,0,0,0,2,1,6,2,-1,-1,1242,1,9,-1,-1,-1
201531C222115,4,9,0,4,0,0,0,0,0,0,2,1,6,1,-1,-1,1796,1,13,-1,1,-1
201531C222815,1,8,0,4,0,1,0,0,0,0,0,1,1,1,48,8,2402,2,12,-1,1,-1
201531C223215,1,9,0,4,0,0,0,0,0,0,0,1,6,3,-1,-1,-1,-1,-1,-1,-1,-1
201531C223215,2,11,0,18,0,0,0,0,0,0,0,1,1,2,-1,-1,6700,2,4,-1,1,-1
201531C223615,1,2,0,9,0,5,0,0,0,0,1,1,6,1,-1,-1,-1,-1,-1,-1,-1,-1
201531C223815,1,9,0,13,0,1,0,0,7,1,1,1,6,2,32,6,998,1,8,-1,-1,-1
201531C223815,2,9,0,18,0,1,0,0,0,0,2,1,6,1,61,9,3248,1,17,-1,1,-1
201531C224015,1,20,1,4,0,0,0,0,0,0,1,1,1,1,52,8,6370,2,9,-1,1,-1
201531C224015,2,9,0,3,0,0,0,0,0,0,2,1,2,1,64,9,1339,1,6,-1,1,-1
201531C224015,3,9,0,3,0,0,0,0,0,0,2,1,6,2,46,8,1998,1,10,-1,1,-1
201531C224115,1,1,0,5,4,1,0,0,0,0,1,1,2,1,23,5,-1,-1,-1,-1,1,-1
201531C224115,2,11,0,5,0,1,0,0,0,0,0,1,1,1,21,5,9000,2,12,-1,1,-1
201531C224215,1,9,0,18,0,4,1,0,0,0,1,1,6,1,-1,-1,1995,2,5,-1,1,-1
201531C224215,2,9,0,9,0,8,0,0,0,0,4,1,6,1,28,6,1598,1,13,-1,1,-1
201531C224515,1,9,0,18,0,1,0,0,0,0,1,1,6,1,-1,-1,-1,-1,-1,-1,-1,-1
201531C224515,2,9,0,3,0,1,0,0,0,0,2,1,6,2,20,4,1242,1,1,-1,1,-1
201531C224715,1,9,0,13,0,0,0,0,0,0,1,1,2,1,70,10,1998,2,12,-1,1,-1
201531C224715,2,1,0,18,0,0,0,0,0,0,2,1,2,1,25,5,-1,-1,-1,-1,1,-1
201531C224815,1,9,0,15,0,0,0,0,0,0,4,1,6,1,32,6,1248,2,7,-1,1,-1
201531C224815,2,1,0,18,4,0,0,0,0,0,3,1,6,1,39,7,-1,-1,-1,-1,1,-1
201531C225015,1,3,0,18,0,1,1,10,7,11,1,1,6,1,19,4,124,1,1,-1,1,-1
201531C225015,2,9,0,9,0,6,0,0,0,0,0,1,6,1,47,8,1364,1,8,-1,1,-1
201531C225315,1,9,0,14,0,1,0,0,0,0,4,1,6,2,61,9,999,1,6,-1,1,-1
201531C225315,2,9,0,7,0,6,0,0,0,0,1,1,6,1,45,7,2401,2,10,-1,1,-1
201531C225915,1,9,0,18,0,2,0,0,0,0,3,1,6,1,24,5,2993,2,9,-1,1,-1
201531C226015,1,9,0,18,0,0,0,0,0,0,1,1,2,2,27,6,1781,1,13,-1,-1,-1
201531C226415,1,9,0,9,0,5,0,0,0,0,4,1,6,2,25,5,-1,-1,-1,-1,-1,-1
201531C226415,2,1,0,18,0,8,0,0,0,0,1,1,2,1,19,4,-1,-1,-1,-1,1,-1
201531C226515,1,9,0,18,0,1,0,0,0,0,1,1,6,3,-1,-1,-1,-1,-1,-1,-1,-1
201531C227115,1,9,0,18,0,1,0,0,0,0,1,1,6,1,-1,-1,1391,1,14,-1,1,-1
201531C227115,2,8,0,3,0,1,0,0,0,0,2,1,2,2,45,7,1461,2,-1,-1,1,-1
201531C227215,1,9,0,18,0,8,0,0,0,0,4,1,2,1,36,7,-1,-1,-1,-1,-1,-1
201531C227215,2,5,0,18,0,8,0,0,0,0,1,1,2,1,34,6,599,1,15,-1,-1,-1
201531C227315,1,9,0,9,0,6,0,0,0,0,4,1,6,1,31,6,1248,2,11,-1,1,-1
201531C227315,2,1,0,18,0,8,0,0,0,0,3,1,6,1,33,6,-1,-1,-1,-1,-1,-1
201531C227515,1,9,0,18,0,2,1,10,1,3,1,1,6,2,33,6,1840,1,16,-1,1,-1
201531C227515,2,9,0,2,0,2,0,0,0,0,3,1,6,3,-1,-1,1389,1,11,-1,-1,-1
201531C227815,1,9,0,5,0,6,0,0,0,0,1,1,6,3,-1,-1,-1,-1,-1,-1,-1,-1
201531C227815,2,1,0,18,0,1,0,0,0,0,4,1,1,1,19,4,-1,-1,-1,-1,1,-1
201531C227915,1,3,0,18,0,1,0,7,0,0,1,1,6,1,19,4,-1,-1,-1,-1,1,-1
201531C228615,1,8,0,18,0,1,0,0,0,0,2,1,6,1,48,8,2402,2,9,-1,1,-1
201531C228615,2,9,0,18,0,1,0,0,0,0,1,1,6,1,-1,-1,-1,-1,-1,-1,-1,-1
201531C228815,1,9,0,16,0,2,0,0,0,0,3,1,6,1,50,8,1596,1,13,-1,1,-1
201531C228815,2,9,0,17,0,1,0,0,0,0,3,1,6,1,30,6,1997,2,4,-1,1,-1
201531C228815,3,9,0,2,0,8,0,0,0,0,4,1,6,1,-1,-1,2179,2,5,-1,-1,-1
201531C229315,1,19,0,18,0,1,0,0,0,0,1,1,6,3,-1,-1,-1,-1,-1,-1,-1,-1
201531C229315,2,9,0,3,0,1,0,0,0,0,2,1,6,1,81,11,1124,1,11,-1,1,-1
201531C229615,1,8,0,18,0,1,0,0,0,0,1,1,6,1,32,6,1896,2,5,-1,1,-1
201531C229615,2,9,0,10,0,5,0,0,0,0,2,1,6,1,18,4,1199,1,12,-1,1,-1
201531C229915,1,9,0,7,0,5,0,0,0,0,2,1,2,2,28,6,1229,1,5,-1,1,-1
201531C229915,2,1,0,18,0,1,0,0,0,0,1,1,2,2,42,7,-1,-1,-1,-1,1,-1
201531C230015,1,9,0,7,0,5,0,0,0,0,1,1,6,2,51,8,1242,1,1,-1,1,-1
201531C230015,2,1,0,18,0,8,0,0,0,0,4,1,6,1,20,4,-1,-1,-1,-1,1,-1
201531C230115,1,9,0,11,0,0,1,0,0,0,4,1,6,1,-1,-1,1799,1,9,-1,-1,-1
201531C230115,2,9,0,18,0,0,0,0,0,0,3,1,6,1,32,6,1598,2,3,-1,1,-1
201531C230215,1,9,0,9,0,6,0,0,0,0,3,1,6,1,32,6,1242,1,9,-1,1,-1
201531C230215,2,9,0,14,0,1,1,0,0,0,1,1,6,1,53,8,1796,1,16,-1,1,-1
201531C230415,1,9,0,18,0,1,0,0,0,0,1,1,6,3,-1,-1,-1,-1,-1,-1,-1,-1
201531C230415,2,9,0,10,0,1,0,0,0,0,2,1,6,1,31,6,1396,1,10,-1,1,-1
201531C230515,1,9,0,17,0,2,0,0,0,0,1,1,2,2,34,6,1598,2,-1,-1,1,-1
201531C230615,1,9,0,18,0,0,0,0,0,0,1,1,2,1,32,6,1461,2,1,-1,-1,-1
201531C230615,2,1,0,18,0,0,0,0,0,0,4,1,6,1,24,5,-1,-1,-1,-1,-1,-1
201531C230715,1,9,0,7,0,5,0,0,0,0,4,1,2,1,24,5,1197,1,1,-1,1,-1
201531C230715,2,1,0,18,2,1,0,0,0,0,1,1,2,1,62,9,-1,-1,-1,-1,1,-1
201531C230915,1,9,0,7,0,2,0,0,0,0,1,1,6,2,59,9,1560,2,6,-1,1,-1
201531C230915,2,1,0,18,0,1,0,0,0,0,1,1,6,1,-1,-1,-1,-1,-1,-1,-1,-1
201531C231215,1,20,1,12,0,3,0,0,0,0,1,1,1,1,35,6,-1,-1,-1,-1,-1,-1
201531C231215,2,9,0,18,0,3,0,0,0,0,1,1,6,1,29,6,1598,1,10,-1,1,-1
201531C231315,1,9,0,10,0,1,0,0,0,0,3,1,1,2,44,7,1998,1,12,-1,2,-1
201531C231315,2,1,0,18,9,1,0,0,0,0,1,1,6,1,29,6,-1,-1,-1,-1,-1,-1