Accident_Index,Vehicle_Reference,Vehicle_Type,Towing_and_Articulation,Vehicle_Manoeuvre,Vehicle_Location-Restricted_Lane,Junction_Location,Skidding_and_Overturning,Hit_Object_in_Carriageway,Vehicle_Leaving_Carriageway,Hit_Object_off_Carriageway,1st_Point_of_Impact,Was_Vehicle_Left_Hand_Drive?,Journey_Purpose_of_Driver,Sex_of_Driver,Age_of_Driver,Age_Band_of_Driver,Engine_Capacity_(CC),Propulsion_Code,Age_of_Vehicle,Driver_IMD_Decile,Driver_Home_Area_Type,Vehicle_IMD_Decile
201531C231515,1,9,0,4,0,3,0,0,0,0,1,1,6,2,80,11,998,1,5,-1,1,-1
201531C231815,1,9,0,9,0,6,0,0,0,0,1,1,2,2,33,6,1560,2,2,-1,1,-1
201531C231815,2,19,0,4,0,8,0,0,0,0,4,1,1,1,41,7,2143,2,-1,-1,1,-1
201531C232515,1,9,0,9,0,5,0,0,0,0,1,1,6,1,20,4,1596,1,6,-1,1,-1
201531C232615,1,9,0,18,0,0,0,0,0,0,1,1,6,1,-1,-1,-1,-1,-1,-1,-1,-1
201531C232915,1,9,0,1,0,0,0,0,0,0,2,1,3,1,47,8,1998,1,8,-1,1,-1
201531C232915,2,8,0,2,0,0,0,0,0,0,1,1,1,1,23,5,1797,8,5,-1,-1,-1
201531C233015,1,9,0,14,0,0,0,0,0,0,1,1,6,1,34,6,1598,1,15,-1,1,-1
201531C233115,1,9,0,18,0,0,0,0,0,0,1,1,6,3,-1,-1,1975,1,12,-1,-1,-1
201531C233115,2,9,0,3,0,0,0,0,0,0,2,1,6,2,37,7,999,1,5,-1,1,-1
201531C233615,1,9,0,4,0,1,0,0,0,0,1,1,6,2,-1,-1,2179,2,2,-1,-1,-1
201531C233615,2,9,0,3,0,1,0,0,0,0,2,1,6,2,41,7,1248,2,-1,-1,1,-1
201531C233715,1,9,0,2,9,2,0,0,0,0,4,1,6,2,65,9,1229,1,2,-1,1,-1
201531C233715,2,1,0,18,9,2,0,4,0,0,1,1,1,2,42,7,-1,-1,-1,-1,1,-1
201531C233815,1,9,0,9,0,5,0,0,0,0,4,1,6,1,25,5,1198,1,5,-1,1,-1
201531C233815,2,3,0,18,0,1,0,0,0,0,1,1,2,1,-1,-1,124,1,-1,-1,1,-1
201531C234515,1,9,0,17,0,0,0,0,0,0,4,1,6,2,33,6,1398,1,5,-1,1,-1
201531C234815,1,9,0,1,0,1,0,0,0,0,2,1,6,2,-1,-1,1598,1,11,-1,1,-1
201531C234915,1,9,0,18,0,1,0,0,0,0,1,1,6,3,-1,-1,-1,-1,-1,-1,-1,-1
201531C235415,1,3,0,14,0,8,1,10,0,0,1,1,6,1,55,8,125,1,-1,-1,1,-1
201531C235415,2,9,0,14,0,8,0,0,0,0,0,1,6,1,-1,-1,1560,2,10,-1,1,-1
201531C235615,1,19,0,18,0,0,0,0,0,0,1,1,6,3,-1,-1,-1,-1,-1,-1,-1,-1
201531C235715,1,19,0,7,0,6,1,7,0,0,1,1,6,1,23,5,1997,2,9,-1,1,-1
201531C235715,2,8,0,18,0,2,0,0,0,0,2,1,1,1,58,9,-1,-1,-1,-1,1,-1
201531C235815,1,8,0,9,0,6,0,0,0,0,1,1,1,1,37,7,1497,8,8,-1,1,-1
201531C235815,2,1,0,18,0,1,0,0,0,0,1,1,6,1,15,3,-1,-1,-1,-1,1,-1
201531C236515,1,9,0,18,0,8,0,0,0,0,4,1,6,2,50,8,1600,1,15,-1,-1,-1
201531C236515,2,9,0,9,0,6,0,0,0,0,1,1,6,1,22,5,2616,1,8,-1,1,-1
201531C236615,1,9,0,4,0,0,0,0,0,0,1,1,6,2,39,7,1461,2,4,-1,1,-1
201531C236615,2,9,0,4,0,0,0,0,0,0,2,1,1,2,34,6,1398,1,1,-1,1,-1
201531C237115,1,9,0,18,0,8,0,0,0,0,1,1,6,2,56,9,1242,1,4,-1,1,-1
201531C237115,2,1,0,18,0,8,0,0,0,0,1,1,2,2,30,6,-1,-1,-1,-1,1,-1
201531C237315,1,9,0,18,0,0,0,0,0,0,1,1,2,2,26,6,1390,1,11,-1,1,-1
201531C237515,1,9,0,5,0,8,0,0,0,0,1,1,6,1,33,6,1998,2,10,-1,1,-1
201531C237515,2,1,0,18,0,8,0,0,0,0,1,1,6,2,25,5,-1,-1,-1,-1,1,-1
201531C237915,1,21,0,18,0,8,0,0,0,0,1,1,1,1,-1,-1,12902,2,1,-1,1,-1
201531C237915,2,9,0,9,0,6,0,0,0,0,3,1,1,1,52,8,-1,-1,-1,-1,1,-1
201531C238215,1,9,0,18,0,0,1,0,0,0,1,1,6,1,-1,-1,1242,1,10,-1,-1,-1
201531C238215,2,9,0,3,0,0,0,0,0,0,2,1,6,1,53,8,-1,-1,-1,-1,2,-1
201531C238715,1,1,0,18,0,8,0,0,0,0,1,1,6,1,13,3,-1,-1,-1,-1,1,-1
201531C238715,2,9,0,18,0,8,0,0,0,0,4,1,6,2,54,8,1388,1,13,-1,1,-1
201531C239415,1,9,0,7,0,6,0,0,0,0,3,1,2,1,28,6,1198,1,9,-1,1,-1
201531C239415,2,3,0,18,0,1,0,0,0,0,1,1,2,1,25,5,124,1,13,-1,1,-1
201531C240015,1,20,1,9,0,8,0,0,0,0,1,2,1,1,43,7,-1,-1,-1,-1,-1,-1
201531C240015,2,9,0,7,0,8,0,0,0,0,3,1,6,1,70,10,1997,2,3,-1,3,-1
201531C240215,1,9,0,3,0,1,0,0,0,0,2,1,2,2,48,8,1834,1,13,-1,1,-1
201531C240215,2,19,0,18,0,1,0,0,0,0,1,1,6,3,-1,-1,2402,2,9,-1,-1,-1
201531C240215,3,9,0,3,0,1,0,0,0,0,1,1,2,1,28,6,1896,2,12,-1,1,-1
201531C240715,1,9,0,12,0,1,0,0,0,0,1,1,6,3,-1,-1,1360,1,8,-1,-1,-1
201531C240715,2,9,0,3,0,1,0,0,0,0,2,1,1,1,31,6,2143,2,3,-1,1,-1
201531C240915,1,9,0,18,0,1,0,0,0,0,1,1,6,1,38,7,998,1,4,-1,1,-1
201531C240915,2,9,0,3,0,1,0,0,0,0,2,1,6,2,51,8,973,1,14,-1,1,-1
201531C241415,1,9,0,18,0,0,0,0,0,0,1,1,6,3,-1,-1,-1,-1,-1,-1,-1,-1
201531C241415,2,9,0,3,0,0,0,0,0,0,2,1,6,2,41,7,1386,1,5,-1,1,-1
201531C241415,3,5,0,3,0,0,0,0,0,0,3,1,6,1,43,7,582,1,12,-1,1,-1
201531C241415,4,9,0,3,0,0,0,0,0,0,3,1,6,1,62,9,1598,1,9,-1,1,-1
201531C241415,5,9,0,3,0,0,0,0,0,0,2,1,6,2,47,8,1560,2,7,-1,1,-1
201531C241415,6,9,0,3,0,0,0,0,0,0,2,1,6,1,45,7,1998,2,8,-1,3,-1
201531C241615,1,9,0,9,0,5,0,0,0,0,0,1,6,1,52,8,2685,2,12,-1,1,-1
201531C241615,2,5,0,18,0,1,1,0,0,0,4,1,6,1,35,6,1002,1,19,-1,1,-1
201531C242115,1,9,0,9,0,5,0,0,0,0,3,1,6,3,-1,-1,-1,-1,-1,-1,-1,-1
201531C242115,2,3,0,13,0,8,0,0,0,0,1,1,6,1,20,4,124,1,10,-1,1,-1
201531C242815,1,8,0,18,0,8,0,0,0,0,4,1,6,2,21,5,1242,1,11,-1,1,-1
201531C242815,2,1,0,18,0,8,0,0,0,0,1,1,6,1,22,5,-1,-1,-1,-1,3,-1
201531C243815,1,9,0,18,0,0,5,4,0,0,1,1,6,2,30,6,1595,1,16,-1,1,-1
201531C243815,2,9,0,2,0,0,0,0,0,0,1,1,6,3,-1,-1,2198,1,12,-1,-1,-1
201531C244715,1,8,0,5,0,1,0,0,0,0,1,1,6,1,45,7,-1,-1,-1,-1,-1,-1
201531C244815,1,9,0,18,0,8,0,0,0,0,3,1,2,1,30,6,1781,1,14,-1,-1,-1
201531C244815,2,9,0,18,0,8,0,0,0,0,4,1,6,1,23,5,1598,1,3,-1,1,-1
201531C245015,1,9,0,10,0,8,0,0,0,0,2,1,6,1,36,7,1598,1,-1,-1,1,-1
201531C245015,2,9,0,3,0,1,0,0,0,0,2,1,2,1,24,5,1598,1,7,-1,1,-1
201531C245015,3,9,0,18,0,1,0,0,0,0,1,1,6,3,-1,-1,1360,1,15,-1,-1,-1
201531C245815,1,3,0,18,0,0,1,7,0,0,3,1,2,1,37,7,125,1,6,-1,1,-1
201531C246115,1,9,0,18,0,1,0,0,0,0,1,1,6,1,27,6,1998,2,8,-1,1,-1
201531C246115,2,9,0,3,0,1,0,0,0,0,2,1,6,1,35,6,1560,2,1,-1,1,-1
201531C246715,1,9,0,18,0,0,0,0,0,0,2,1,6,1,37,7,1968,2,2,-1,-1,-1
201531C246715,2,1,0,18,0,0,0,0,0,0,1,1,6,1,19,4,-1,-1,-1,-1,-1,-1
201531C247115,1,3,0,16,0,2,0,10,5,6,3,1,6,1,18,4,124,1,15,-1,1,-1
201531C247615,1,9,0,7,0,5,0,0,0,0,1,1,1,2,55,8,1349,1,1,-1,2,-1
201531C247715,1,9,0,7,0,6,0,0,0,0,4,1,3,1,45,7,1997,1,1,-1,1,-1
201531C247715,2,1,0,7,4,6,0,0,0,0,1,1,1,1,38,7,-1,-1,-1,-1,1,-1
201531C247815,1,11,0,18,0,1,0,0,0,0,1,1,1,1,32,6,9000,2,6,-1,1,-1
201531C247815,2,9,0,10,0,1,0,0,0,0,2,1,2,2,39,7,1497,1,11,-1,1,-1
201531C248015,1,9,0,9,0,8,0,0,0,0,1,1,6,1,18,4,1598,1,9,-1,-1,-1
201531C248215,1,9,0,16,0,0,1,7,7,11,1,1,6,1,21,5,1124,1,12,-1,1,-1
201531C248215,2,9,0,17,0,0,0,0,0,0,1,1,6,1,45,7,1560,2,9,-1,1,-1
201531C248515,1,8,0,18,0,1,0,0,0,0,1,1,1,3,-1,-1,-1,-1,-1,-1,-1,-1
201531C248615,1,9,0,7,0,4,0,0,0,0,1,1,6,1,26,6,1753,2,7,-1,1,-1
201531C248615,2,9,0,18,0,8,0,0,0,0,4,1,1,2,48,8,998,1,3,-1,-1,-1
201531C248915,1,9,0,14,0,1,0,0,0,0,0,1,6,3,-1,-1,-1,-1,-1,-1,-1,-1
201531C248915,2,9,0,14,0,1,1,0,0,0,1,1,6,1,18,4,998,1,8,-1,-1,-1
201531C248915,3,19,0,3,0,2,0,0,1,0,1,1,2,1,60,9,1870,2,9,-1,-1,-1
201531C249015,1,8,0,18,0,0,0,0,0,0,1,1,1,1,40,7,-1,-1,-1,-1,1,-1
201531C249315,1,9,0,18,0,2,0,0,0,0,1,1,6,1,-1,-1,-1,-1,-1,-1,-1,-1
201531C249415,1,9,0,13,0,0,0,0,0,0,4,1,6,2,29,6,1364,1,8,-1,1,-1
201531C249515,1,9,0,9,0,5,0,0,0,0,4,1,6,1,-1,-1,999,1,-1,-1,-1,-1
201531C249515,2,1,0,18,0,8,0,0,0,0,1,1,1,1,24,5,-1,-1,-1,-1,1,-1
201531C250115,1,9,0,18,0,2,1,0,7,11,4,1,2,2,34,6,1497,1,11,-1,1,-1
201531C250115,2,9,0,2,0,2,0,0,0,0,1,1,6,3,-1,-1,1598,1,13,-1,-1,-1
201531C250315,1,9,0,4,0,1,0,0,0,0,1,1,6,3,-1,-1,-1,-1,-1,-1,-1,-1
201531C250715,1,9,0,5,0,1,0,0,0,0,1,1,6,1,21,5,1595,1,14,-1,1,-1
201531C250715,2,9,0,3,0,1,0,0,0,0,2,1,6,2,55,8,1390,1,-1,-1,-1,-1
201531C251115,1,9,0,8,0,1,0,0,0,0,4,1,6,2,47,8,2497,2,7,-1,1,-1
201531C251715,1,21,0,18,0,5,0,0,0,0,1,1,6,1,-1,-1,10837,2,4,-1,-1,-1
201531C251715,2,9,0,18,0,3,0,0,0,0,4,1,6,1,28,6,1598,1,7,-1,1,-1
201531C251915,1,1,0,7,0,2,0,0,0,0,1,1,6,1,17,4,-1,-1,-1,-1,1,-1
201531C251915,2,9,0,18,0,2,0,0,0,0,4,1,6,1,47,8,1390,1,12,-1,1,-1
201531C252015,1,9,0,18,0,1,0,0,0,0,1,1,6,3,-1,-1,-1,-1,-1,-1,-1,-1
201531C252315,1,9,0,6,0,8,0,0,1,4,1,1,6,1,84,11,1318,1,-1,-1,1,-1
201531C252415,1,9,0,12,0,2,0,0,0,0,3,1,6,1,33,6,1910,2,8,-1,1,-1
201531C252415,2,8,0,18,0,2,0,0,0,0,4,1,6,1,26,6,1998,2,6,-1,1,-1
201531C253615,1,19,0,11,0,0,0,0,0,0,0,1,6,1,-1,-1,-1,-1,-1,-1,-1,-1
201531C253615,2,19,0,16,0,0,0,0,0,0,4,1,1,1,28,6,2198,2,-1,-1,-1,-1
201531C253615,3,19,0,18,0,0,0,0,0,0,3,1,6,1,64,9,1753,2,8,-1,1,-1
201531C253815,1,9,0,18,0,1,0,0,0,0,1,1,6,1,90,11,-1,-1,-1,-1,1,-1
201531C253815,2,9,0,4,0,1,0,0,0,0,2,1,6,1,71,10,1598,1,12,-1,1,-1
201531C254315,1,5,0,18,0,1,0,0,0,0,4,1,6,1,21,5,649,1,-1,-1,1,-1
201531C254315,2,9,0,7,0,6,0,0,0,0,3,1,6,1,23,5,1968,2,11,-1,-1,-1
201531C254415,1,9,0,7,0,6,0,0,0,0,1,1,6,1,-1,-1,-1,-1,-1,-1,-1,-1
201531C254415,2,1,0,18,0,8,0,0,0,0,3,1,2,1,36,7,-1,-1,-1,-1,1,-1
201531C254615,1,19,0,18,0,1,0,0,0,0,4,1,1,1,47,8,6370,2,4,-1,1,-1
201531C255315,1,9,0,14,0,0,0,0,0,0,1,1,6,2,41,7,1199,1,13,-1,1,-1
201531C255315,2,9,0,6,8,0,0,0,0,0,3,1,2,1,29,6,1595,1,13,-1,1,-1
201531C255815,1,9,0,18,0,1,0,0,0,0,1,1,1,2,-1,-1,1794,1,14,-1,1,-1
201531C255815,2,9,0,4,0,1,0,0,0,0,2,1,6,1,31,6,-1,-1,-1,-1,1,-1
201531C256315,1,2,0,18,0,0,0,0,0,0,1,1,6,1,17,4,49,1,8,-1,1,-1
201531C256515,1,9,0,18,0,1,0,0,0,0,1,1,1,2,18,4,1242,1,2,-1,1,-1
201531C256915,1,9,0,14,0,0,0,0,0,0,4,1,6,2,59,9,1598,1,6,-1,1,-1
201531C257115,1,9,0,14,0,1,0,0,0,0,1,1,2,1,32,6,1598,1,10,-1,1,-1
201531C257115,2,9,0,9,0,6,0,0,0,0,1,1,6,1,16,4,1595,1,10,-1,1,-1
201531C257315,1,9,0,18,0,4,0,0,0,0,3,1,6,1,40,7,1994,1,12,-1,1,-1
201531C257315,2,9,0,18,0,8,0,0,0,0,1,1,1,1,48,8,-1,-1,-1,-1,1,-1
201531C258115,1,3,0,4,0,6,0,0,0,0,2,1,2,2,22,5,-1,-1,-1,-1,1,-1
201531C258115,2,9,0,5,0,1,0,0,0,0,1,1,6,1,-1,-1,1598,1,13,-1,-1,-1
201531C258215,1,9,0,9,0,6,0,0,0,0,1,1,6,1,75,10,998,1,1,-1,1,-1
201531C258215,2,9,0,18,0,8,0,0,1,11,4,1,6,1,81,11,1339,1,1,-1,1,-1
201531C258315,1,9,0,18,0,0,0,0,0,0,1,1,6,2,82,11,1560,2,1,-1,2,-1
201531C258315,2,9,0,3,0,0,0,0,0,0,2,1,6,2,41,7,1242,1,8,-1,1,-1
201531C258315,3,9,0,3,0,0,0,0,0,0,2,1,6,1,41,7,1796,1,8,-1,1,-1
201531C258415,1,9,0,18,2,0,0,0,0,0,3,1,6,1,40,7,1910,2,8,-1,1,-1
201531C258415,2,9,0,3,0,0,0,0,0,0,4,1,2,2,54,8,1968,2,9,-1,1,-1
201531C258615,1,9,0,18,0,0,0,0,0,0,1,1,6,1,57,9,1796,1,13,-1,1,-1
201531C258615,2,9,0,3,0,0,0,0,0,0,2,1,6,1,32,6,1796,1,9,-1,1,-1
201531C259115,1,9,0,12,0,1,0,0,0,0,3,1,6,1,44,7,1995,1,12,-1,1,-1
201531C259115,2,8,0,13,0,1,0,0,0,0,1,1,6,1,40,7,2499,2,7,-1,1,-1
201531C259415,1,9,0,18,0,0,1,0,5,6,3,1,6,1,22,5,2198,1,11,-1,1,-1
201531C259415,2,9,0,18,0,0,1,0,1,11,3,1,6,1,72,10,1870,2,9,-1,1,-1
201531C260215,1,11,0,4,0,0,0,0,0,0,2,1,1,3,-1,-1,-1,-1,-1,-1,-1,-1
201531C260215,2,1,0,18,0,0,0,0,0,0,1,1,6,1,19,4,-1,-1,-1,-1,1,-1
201531C260415,1,9,0,18,0,8,0,0,0,0,1,1,6,1,25,5,1995,2,9,-1,1,-1
201531C260415,2,9,0,9,0,5,0,0,0,0,1,1,6,1,42,7,1781,1,11,-1,1,-1
201531C260915,1,9,0,18,0,8,1,0,0,0,3,1,6,1,48,8,1360,1,10,-1,1,-1
201531C260915,2,9,0,18,0,8,0,0,0,0,1,1,6,1,40,7,-1,-1,-1,-1,1,-1
201531C261615,1,9,0,6,0,0,0,0,0,0,3,1,2,1,41,7,1968,2,4,-1,1,-1
201531C261615,2,5,0,13,0,0,0,0,0,0,1,1,2,1,52,8,1441,1,-1,-1,1,-1
201531C261915,1,9,0,18,0,4,0,0,0,0,1,1,2,1,55,8,1248,2,7,-1,1,-1
201531C261915,2,1,0,18,0,8,0,0,0,0,4,1,2,1,59,9,-1,-1,-1,-1,3,-1
201531C262015,1,5,0,18,0,1,1,10,7,2,1,1,6,1,48,8,1000,1,10,-1,1,-1
201531C262615,1,9,0,9,0,5,0,0,0,0,3,1,6,1,58,9,1461,2,2,-1,1,-1
201531C262615,2,1,0,18,0,8,0,0,0,0,1,1,6,1,46,8,-1,-1,-1,-1,-1,-1
201531C262715,1,9,0,18,0,1,0,0,0,0,1,1,1,2,53,8,1596,1,13,-1,1,-1
201531C263115,1,9,0,18,0,8,0,0,0,0,1,1,1,1,39,7,998,1,5,-1,1,-1
201531C263115,2,9,0,18,0,8,0,0,1,1,1,1,1,1,22,5,998,1,1,-1,-1,-1
201531C263215,1,9,0,18,0,0,0,0,0,0,1,1,6,1,21,5,1248,2,9,-1,1,-1
201531C263215,2,9,0,4,0,0,0,0,0,0,2,1,6,1,26,6,1598,1,15,-1,1,-1
201531C263315,1,9,0,18,0,0,0,0,0,0,1,1,6,3,-1,-1,1997,2,13,-1,-1,-1
201531C263415,1,9,0,9,0,5,0,0,0,0,1,1,6,1,42,7,1984,1,13,-1,1,-1
201531C263415,2,1,0,18,0,8,0,0,0,0,1,1,2,1,54,8,-1,-1,-1,-1,1,-1
201531C263715,1,9,0,9,0,6,0,0,0,0,3,1,3,2,50,8,1390,1,8,-1,1,-1
201531C263715,2,4,0,18,0,8,0,0,0,0,1,1,6,1,36,7,125,1,-1,-1,1,-1
201531C264015,1,9,0,18,0,0,0,0,0,0,1,1,6,1,26,6,1390,1,13,-1,1,-1
201531C264015,2,1,0,18,0,0,0,0,0,0,4,1,6,1,16,4,-1,-1,-1,-1,1,-1
201531C264115,1,9,0,18,0,8,0,0,0,0,1,1,6,1,62,9,1988,2,10,-1,1,-1
201531C264115,2,9,0,18,0,8,0,0,0,0,4,1,2,1,19,4,1199,2,4,-1,1,-1
201531C264415,1,9,0,18,0,0,0,0,0,0,1,1,2,1,21,5,1587,1,10,-1,1,-1
201531C264415,2,9,0,3,0,0,0,0,0,0,2,1,1,1,56,9,-1,-1,-1,-1,1,-1
201531C264415,3,9,0,3,0,0,0,0,0,0,2,1,2,2,48,8,1240,1,12,-1,1,-1
201531C264515,1,9,0,18,0,0,0,0,0,0,1,1,6,1,-1,-1,2148,2,11,-1,-1,-1
201531C264515,2,9,0,3,0,0,0,0,0,0,2,1,1,1,-1,-1,1896,2,9,-1,1,-1
201531C264715,1,11,0,5,0,0,0,0,0,0,0,1,1,1,41,7,4250,2,3,-1,1,-1
201531C265115,1,9,0,1,9,1,0,0,0,0,2,1,6,2,-1,-1,998,1,16,-1,1,-1
201531C265215,1,19,0,12,0,0,0,0,0,0,3,1,1,1,20,4,1598,2,1,-1,1,-1
201531C265215,2,8,0,18,0,0,0,0,0,0,4,1,1,1,31,6,1797,8,5,-1,1,-1
201531C265515,1,19,0,18,0,0,0,0,0,0,4,1,6,1,44,7,5880,2,7,-1,1,-1
201531C265615,1,9,0,18,0,3,0,0,0,0,1,1,6,1,-1,-1,-1,-1,-1,-1,-1,-1
201531C265615,2,1,0,18,0,8,0,0,0,0,3,1,1,2,46,8,-1,-1,-1,-1,1,-1
201531C265915,1,9,0,9,0,6,0,0,0,0,1,1,6,1,47,8,2143,2,-1,-1,1,-1
201531C265915,2,9,0,7,0,5,0,0,0,0,1,1,6,1,38,7,1998,1,16,-1,1,-1
201531C266015,1,3,0,13,0,0,0,0,0,0,1,1,6,1,21,5,124,1,8,-1,1,-1
201531C266815,1,9,0,9,0,6,0,0,0,0,0,1,6,3,-1,-1,1229,1,10,-1,-1,-1
201531C266815,2,3,0,18,0,1,1,0,0,0,1,1,2,1,43,7,124,1,5,-1,2,-1
201531C267015,1,9,0,3,4,1,0,0,0,0,4,1,6,1,31,6,1998,2,8,-1,1,-1
201531C267015,2,3,0,15,0,1,0,0,0,0,3,1,1,2,21,5,124,1,4,-1,1,-1
201531C267515,1,9,0,1,9,2,0,0,0,0,2,1,6,1,24,5,2000,2,11,-1,1,-1
201531C267615,1,3,0,18,0,1,1,0,0,0,3,1,6,1,22,5,100,1,15,-1,1,-1
201531C268215,1,11,0,18,0,1,0,0,0,0,1,1,1,1,57,9,-1,-1,-1,-1,1,-1
201531C268315,1,9,0,18,0,8,0,0,0,0,3,1,6,1,-1,-1,1796,1,9,-1,-1,-1
201531C268315,2,9,0,18,0,8,0,0,0,0,1,1,2,1,33,6,1761,1,16,-1,1,-1
201531C268415,1,9,0,7,0,5,0,0,0,0,2,1,6,1,35,6,1390,1,10,-1,1,-1
201531C268415,2,9,0,7,0,5,0,10,1,0,1,1,6,1,46,8,1598,1,10,-1,1,-1
201531C268715,1,11,0,4,0,1,0,0,0,0,1,1,1,2,33,6,6696,2,2,-1,1,-1
201531C268915,1,9,0,18,0,1,1,0,0,0,1,1,6,1,25,5,1995,2,11,-1,1,-1
201531C268915,2,9,0,18,0,2,0,0,0,0,1,1,6,1,20,4,1229,1,1,-1,1,-1
201531C269015,1,9,0,18,0,0,5,4,0,0,1,1,6,2,64,9,1242,1,4,-1,1,-1
201531C269015,2,9,0,2,0,0,0,4,0,0,3,1,6,1,-1,-1,1332,1,6,-1,-1,-1
201531C269015,3,9,0,2,0,0,0,0,0,0,1,1,6,1,-1,-1,1995,2,6,-1,-1,-1
201531C269215,1,9,0,4,0,1,0,0,0,0,1,1,1,1,-1,-1,1598,1,11,-1,1,-1
201531C269215,2,9,0,3,0,1,0,0,0,0,2,1,6,1,52,8,2997,1,18,-1,1,-1
201531C269415,1,9,0,18,0,0,0,0,0,0,1,1,2,2,40,7,1461,2,2,-1,2,-1
201531C269415,2,9,0,18,0,0,0,0,0,0,2,1,2,2,31,6,1364,1,8,-1,1,-1
201531C269615,1,19,0,18,0,1,0,0,0,0,4,1,6,1,38,7,1997,2,12,-1,1,-1
201531C269715,1,4,0,18,0,0,0,0,0,0,1,1,2,1,34,6,249,1,3,-1,1,-1
201531C270015,1,9,0,18,0,6,0,0,0,0,1,1,6,1,-1,-1,1896,2,14,-1,-1,-1
201531C270015,2,9,0,14,0,8,0,0,0,0,3,1,6,2,55,8,1995,2,1,-1,3,-1
201531C270115,1,9,0,4,0,2,0,0,0,0,3,1,1,1,47,8,1984,1,5,-1,1,-1
201531C270415,1,9,0,18,0,1,0,0,0,0,1,1,6,2,61,9,1229,1,9,-1,1,-1
201531C270515,1,9,0,9,0,5,0,0,0,0,1,1,6,1,29,6,1422,2,11,-1,1,-1
201531C270515,2,3,0,18,0,1,0,0,0,0,1,1,6,1,19,4,124,1,9,-1,1,-1
201531C270815,1,8,0,4,0,1,0,0,0,0,2,1,1,1,42,7,1797,8,4,-1,1,-1
201531C270815,2,9,0,4,0,1,0,0,0,0,1,1,1,1,50,8,1598,2,2,-1,1,-1
201531C270915,1,9,0,9,0,6,0,0,0,0,4,1,6,2,74,10,1598,1,5,-1,1,-1
201531C271215,1,9,0,5,0,4,0,0,0,0,1,1,6,2,20,4,1686,2,9,-1,1,-1
201531C271215,2,1,0,17,0,8,0,0,0,0,2,1,2,1,47,8,-1,-1,-1,-1,1,-1
201531C271315,1,9,0,18,0,8,0,0,0,0,1,1,6,1,-1,-1,1560,2,10,-1,-1,-1
201531C271315,2,9,0,12,0,7,0,0,0,0,2,1,1,2,46,8,1598,1,13,-1,1,-1
201531C272215,1,9,0,18,0,8,0,0,0,0,3,1,6,1,39,7,1598,1,9,-1,1,-1
201531C272215,2,9,0,9,0,5,0,0,0,0,3,1,6,1,19,4,1229,1,10,-1,1,-1
201531C273415,1,9,0,18,0,0,0,0,0,0,1,1,6,1,-1,-1,1587,1,14,-1,-1,-1
201531C273415,2,9,0,6,0,0,0,0,0,0,3,1,1,2,54,8,1595,1,11,-1,1,-1
201531C273415,3,9,0,2,0,0,0,0,0,0,2,1,6,1,-1,-1,1199,1,14,-1,-1,-1
201531C273515,1,9,0,18,0,8,0,0,0,0,4,1,2,1,24,5,1198,1,7,-1,1,-1
201531C273515,2,3,0,18,0,1,0,0,0,0,1,1,2,1,31,6,124,1,2,-1,1,-1
201531C274415,1,9,0,18,0,2,0,0,0,0,4,1,6,2,48,8,1299,1,14,-1,1,-1
201531C274415,2,9,0,2,0,2,0,0,0,0,3,1,6,2,33,6,1896,2,10,-1,1,-1
201531C274815,1,9,0,12,0,1,0,0,0,0,1,1,6,2,19,4,1242,1,11,-1,1,-1
201531C274815,2,9,0,4,0,1,0,0,0,0,2,1,6,2,30,6,1596,1,8,-1,1,-1
201531C275115,1,9,0,4,0,1,0,0,0,0,1,1,6,2,72,10,1299,1,9,-1,-1,-1
201531C275315,1,11,0,18,0,4,0,0,0,0,1,1,1,1,54,8,6700,2,3,-1,1,-1
201531C275315,2,9,0,9,0,8,0,0,0,0,4,1,2,2,28,6,973,1,14,-1,1,-1
201531C275515,1,9,0,18,0,2,0,0,0,0,1,1,6,1,-1,-1,1560,2,9,-1,-1,-1
201531C275515,2,9,0,18,0,2,0,0,0,0,2,1,6,1,35,6,1910,2,7,-1,1,-1
201531C276415,1,9,0,18,0,1,0,0,0,0,1,1,6,1,24,5,1596,1,10,-1,1,-1
201531C276415,2,19,0,18,0,2,0,0,0,0,1,1,2,1,26,6,1998,2,12,-1,1,-1
201531C276815,1,9,0,18,0,4,0,0,0,0,1,1,6,2,59,9,1997,1,-1,-1,1,-1
201531C276815,2,9,0,18,0,8,0,0,0,0,4,1,6,2,55,8,1242,1,1,-1,1,-1
201531C276915,1,8,0,18,0,2,0,0,0,0,1,1,6,1,34,6,-1,-1,-1,-1,-1,-1
201531C277015,1,19,0,18,0,1,0,0,0,0,1,1,6,1,35,6,1753,2,11,-1,-1,-1
201531C277015,2,9,0,4,0,1,0,0,0,0,2,1,6,1,38,7,1984,1,12,-1,1,-1
201531C277015,3,9,0,3,0,1,0,0,0,0,2,1,6,1,54,8,1461,2,2,-1,1,-1
201531C278015,1,9,0,13,0,0,0,0,0,0,4,1,6,1,57,9,1390,1,4,-1,1,-1
201531C278015,2,1,0,18,0,0,0,0,0,0,3,1,6,1,25,5,-1,-1,-1,-1,-1,-1
201531C278315,1,11,0,18,0,0,0,0,0,0,0,1,1,1,-1,-1,9000,2,10,-1,1,-1
201531C279015,1,9,0,3,0,0,0,0,0,0,2,1,6,1,66,10,1598,1,7,-1,1,-1