Accident_Index,Vehicle_Reference,Vehicle_Type,Towing_and_Articulation,Vehicle_Manoeuvre,Vehicle_Location-Restricted_Lane,Junction_Location,Skidding_and_Overturning,Hit_Object_in_Carriageway,Vehicle_Leaving_Carriageway,Hit_Object_off_Carriageway,1st_Point_of_Impact,Was_Vehicle_Left_Hand_Drive?,Journey_Purpose_of_Driver,Sex_of_Driver,Age_of_Driver,Age_Band_of_Driver,Engine_Capacity_(CC),Propulsion_Code,Age_of_Vehicle,Driver_IMD_Decile,Driver_Home_Area_Type,Vehicle_IMD_Decile
201531D036415,2,9,0,8,0,1,0,0,0,0,2,1,6,1,38,7,1896,2,10,-1,1,-1
201531D036615,1,19,0,4,0,0,0,0,0,0,0,1,6,1,63,9,1997,2,8,-1,1,-1
201531D036615,2,9,0,18,0,0,0,0,1,9,1,1,6,1,18,4,1589,1,24,-1,2,-1
201531D037015,1,9,0,18,0,1,0,0,0,0,1,1,6,2,41,7,-1,-1,-1,-1,-1,-1
201531D037015,2,9,0,3,0,1,0,0,0,0,2,1,2,1,61,9,1984,1,14,-1,1,-1
201531D037015,3,9,0,3,0,1,0,0,0,0,2,1,2,1,61,9,1968,2,1,-1,1,-1
201531D037415,1,9,0,9,0,6,0,0,0,0,1,1,6,1,61,9,1198,1,2,-1,2,-1
201531D037415,2,9,0,18,0,8,0,0,0,0,1,1,6,2,29,6,1360,1,12,-1,1,-1
201531D037515,1,9,0,7,0,6,0,0,0,0,2,1,6,1,59,9,1598,2,3,-1,1,-1
201531D037515,2,9,0,7,0,6,0,0,0,0,1,1,6,2,36,7,1582,2,3,-1,1,-1
201531D038115,1,9,0,9,0,6,0,0,0,0,1,1,6,1,83,11,1596,1,12,-1,1,-1
201531D038115,2,9,0,18,0,8,0,0,0,0,1,1,6,1,22,5,1124,1,15,-1,1,-1
201531D039115,1,9,0,16,0,0,1,0,0,0,1,1,2,1,27,6,2148,2,12,-1,1,-1
201531D039115,2,19,0,17,0,0,0,0,0,0,1,1,2,1,59,9,1998,2,10,-1,-1,-1
201531D039415,1,19,0,6,0,8,0,0,0,0,0,1,1,1,48,8,4249,2,6,-1,1,-1
201531D039415,2,2,0,14,0,1,1,0,0,0,4,1,6,2,16,4,49,1,3,-1,1,-1
201531D040315,1,9,0,18,0,1,0,0,0,0,1,1,6,3,-1,-1,-1,-1,-1,-1,-1,-1
201531D040315,2,3,0,18,0,1,0,0,0,0,2,1,2,1,20,4,124,1,4,-1,1,-1
201531D040515,1,21,1,18,0,2,0,0,0,0,4,1,1,1,31,6,10837,2,2,-1,1,-1
201531D040815,1,9,0,17,0,8,0,0,0,0,1,1,6,1,43,7,2967,2,9,-1,1,-1
201531D040815,2,9,0,18,0,4,0,0,0,0,3,1,6,2,36,7,998,1,13,-1,1,-1
201531D041115,1,9,0,12,0,0,0,0,0,0,0,1,2,2,20,4,1124,1,11,-1,1,-1
201531D041115,2,5,0,4,0,0,1,0,5,6,3,1,6,1,21,5,599,1,17,-1,1,-1
201531D041115,3,5,0,18,0,0,1,0,5,6,4,1,6,1,19,4,599,1,12,-1,3,-1
201531D041315,1,9,0,18,0,1,0,0,5,1,3,1,6,2,62,9,1248,2,10,-1,2,-1
201531D041315,2,20,1,7,0,6,0,0,0,0,1,2,1,1,48,8,-1,-1,-1,-1,-1,-1
201531D041415,1,9,0,7,0,6,0,0,0,0,1,1,6,2,-1,-1,1686,2,11,-1,-1,-1
201531D041415,2,9,0,18,0,8,0,0,0,0,4,1,6,1,56,9,1386,1,2,-1,1,-1
201531D041815,1,10,0,9,0,5,0,0,0,0,1,1,1,1,70,10,-1,-1,-1,-1,1,-1
201531D041815,2,9,0,18,0,8,0,0,0,0,1,1,6,2,29,6,-1,-1,-1,-1,1,-1
201531D042015,1,9,0,14,0,0,0,4,0,0,1,1,6,1,74,10,1242,1,5,-1,2,-1
201531D042015,2,9,0,2,0,0,0,0,0,0,2,1,6,1,67,10,1910,2,7,-1,2,-1
201531D042315,1,9,0,17,0,0,0,0,1,11,1,1,6,2,25,5,-1,-1,-1,-1,1,-1
201531D042515,1,1,0,18,0,0,0,4,0,0,1,1,6,1,44,7,-1,-1,-1,-1,3,-1
201531D042515,2,9,0,2,0,0,0,0,0,0,2,1,6,3,-1,-1,1397,1,12,-1,-1,-1
201531D043215,1,3,0,17,0,0,0,0,0,0,4,1,6,1,40,7,124,1,8,-1,1,-1
201531D043715,1,8,0,5,0,0,0,0,0,0,3,1,1,1,52,8,1995,2,9,-1,-1,-1
201531D043815,1,9,0,13,0,8,0,0,7,3,1,1,6,1,65,9,2993,2,-1,-1,1,-1
201531D043815,2,19,0,9,0,5,0,0,7,11,3,1,1,1,19,4,2198,2,6,-1,1,-1
201531D044715,1,9,0,18,0,1,0,0,0,0,1,1,1,1,-1,-1,-1,-1,-1,-1,-1,-1
201531D044715,2,19,0,3,0,1,0,0,0,0,2,1,2,1,42,7,2402,2,7,-1,1,-1
201531D044915,1,9,0,4,0,1,0,0,0,0,1,1,6,2,24,5,-1,-1,-1,-1,1,-1
201531D044915,2,9,0,18,0,1,0,0,1,4,1,1,2,1,58,9,-1,-1,-1,-1,1,-1
201531D045715,1,9,0,18,0,0,0,0,0,0,4,1,6,3,-1,-1,-1,-1,-1,-1,-1,-1
201531D045815,1,9,0,9,0,6,0,0,0,0,0,1,2,2,40,7,1781,1,13,-1,1,-1
201531D045815,2,3,0,18,0,8,0,0,0,0,0,1,2,1,29,6,124,1,-1,-1,1,-1
201531D046415,1,9,0,9,0,6,0,0,0,0,3,1,2,1,20,4,1753,2,7,-1,-1,-1
201531D046415,2,9,0,18,0,8,0,7,7,1,4,1,2,2,34,6,1598,1,1,-1,2,-1
201531D046615,1,9,0,18,0,1,0,0,0,0,1,1,2,2,19,4,-1,-1,-1,-1,1,-1
201531D046615,2,9,0,10,0,1,0,0,0,0,2,1,6,2,-1,-1,1198,1,11,-1,1,-1
201531D047315,1,9,0,18,0,0,0,0,0,0,1,1,6,1,86,11,1498,1,4,-1,1,-1
201531D047315,2,9,0,3,0,0,0,0,0,0,2,1,6,2,32,6,1199,2,1,-1,1,-1
201531D047315,3,9,0,3,0,0,0,0,0,0,2,1,6,2,58,9,1761,1,15,-1,1,-1
201531D047615,1,9,0,7,0,5,0,0,0,0,1,1,6,2,27,6,1199,1,13,-1,1,-1
201531D048215,1,9,0,16,0,0,0,0,1,9,1,1,2,1,-1,-1,-1,-1,-1,-1,1,-1
201531D048215,2,20,0,17,0,0,2,0,7,0,1,1,1,1,34,6,9290,2,4,-1,-1,-1
201531D048415,1,9,0,16,0,2,1,0,0,0,1,1,2,1,31,6,-1,-1,-1,-1,3,-1
201531D048415,2,19,0,17,0,1,0,0,0,0,3,1,1,1,59,9,2198,2,1,-1,1,-1
201531D049015,1,9,0,13,0,0,0,0,0,0,4,1,6,3,-1,-1,1595,1,14,-1,-1,-1
201531D049015,2,9,0,18,0,0,1,0,0,0,3,1,6,2,50,8,1493,2,4,-1,1,-1
201531D049915,1,9,0,18,0,4,0,0,0,0,1,1,6,2,18,4,1299,1,7,-1,1,-1
201531D049915,2,9,0,9,0,8,0,0,3,0,4,1,2,1,47,8,1596,1,8,-1,-1,-1
201531D051115,1,9,0,7,0,6,0,0,0,0,3,1,2,1,34,6,2967,2,8,-1,1,-1
201531D051115,2,1,0,18,0,8,0,0,0,0,1,1,2,1,50,8,-1,-1,-1,-1,1,-1
201531D051315,1,8,0,17,0,0,0,0,7,4,1,1,6,2,20,4,1124,1,11,-1,2,-1
201531D051815,1,19,0,18,0,8,1,0,0,0,1,1,6,1,65,9,-1,-1,-1,-1,3,-1
201531D051815,2,9,0,18,0,8,0,0,1,4,1,1,6,1,35,6,-1,-1,-1,-1,-1,-1
201531D052015,1,9,0,17,0,0,1,0,7,4,1,1,6,1,20,4,-1,-1,-1,-1,1,-1
201531D053315,1,9,0,18,0,2,0,0,0,0,4,1,3,2,32,6,1598,1,11,-1,1,-1
201531D054115,1,8,0,7,0,1,0,0,0,0,0,1,1,1,48,8,1956,2,2,-1,1,-1
201531D054115,2,9,0,4,0,8,0,0,0,0,0,1,2,1,38,7,3799,1,6,-1,1,-1
201531D054515,1,5,0,18,0,0,0,0,0,0,1,1,6,1,61,9,1100,1,19,-1,1,-1
201531D054515,2,9,0,4,0,0,0,0,0,0,2,1,6,1,45,7,2993,2,1,-1,1,-1
201531D055015,1,9,0,7,0,6,0,0,0,0,1,1,1,1,39,7,1242,1,2,-1,2,-1
201531D055015,2,1,0,18,0,8,0,0,0,0,4,1,1,1,18,4,-1,-1,-1,-1,-1,-1
201531D055815,1,9,0,9,0,5,0,0,0,0,4,1,2,1,18,4,-1,-1,-1,-1,1,-1
201531D055815,2,9,0,18,0,8,0,0,0,0,1,1,6,1,36,7,1598,1,4,-1,3,-1
201531D056115,1,9,0,16,0,8,2,10,2,0,4,1,1,2,61,9,1149,1,14,-1,2,-1
201531D056315,1,9,0,18,0,2,0,0,0,0,1,1,6,1,20,4,2261,1,11,-1,1,-1
201531D056315,2,9,0,3,0,2,0,0,0,0,2,1,6,1,63,9,1799,1,7,-1,1,-1
201531D056515,1,9,0,7,0,6,0,0,0,0,1,1,6,3,-1,-1,-1,-1,-1,-1,-1,-1
201531D057415,1,9,0,14,0,0,0,4,0,0,4,1,6,1,76,11,1124,1,8,-1,-1,-1
201531D057415,2,9,0,2,0,0,0,0,0,0,3,1,6,2,32,6,1360,1,15,-1,1,-1
201531D057915,1,9,0,9,0,6,0,0,0,0,3,1,6,2,19,4,1199,1,13,-1,1,-1
201531D057915,2,3,0,18,0,8,0,0,0,0,4,1,6,1,22,5,124,1,9,-1,1,-1
201531D058015,1,9,0,18,0,0,0,0,0,0,1,1,6,1,22,5,1499,1,9,-1,1,-1
201531D058015,2,11,0,18,0,0,0,0,0,0,1,1,1,1,45,7,9000,2,11,-1,1,-1
201531D058115,1,19,0,18,0,8,0,0,0,0,1,1,6,2,40,7,1997,2,13,-1,-1,-1
201531D058115,2,9,0,9,0,6,0,0,0,0,3,1,6,2,84,11,-1,-1,-1,-1,3,-1
201531D058215,1,9,0,18,0,0,0,0,0,0,1,1,6,2,40,7,1968,2,2,-1,1,-1
201531D058215,2,9,0,3,0,0,0,0,0,0,2,1,6,1,42,7,1686,2,2,-1,-1,-1
201531D058215,3,9,0,3,0,0,0,0,0,0,2,1,6,1,20,4,1398,1,4,-1,1,-1
201531D058215,4,9,0,3,0,0,0,0,0,0,2,1,6,2,28,6,1995,2,1,-1,1,-1
201531D059015,1,9,0,18,0,1,0,0,0,0,3,1,6,1,29,6,973,1,13,-1,1,-1
201531D060115,1,19,0,18,0,1,0,0,0,0,1,1,1,1,48,8,1968,2,-1,-1,1,-1
201531D060115,2,9,0,3,0,1,0,0,0,0,2,1,6,2,54,8,1840,1,12,-1,1,-1
201531D061015,1,9,0,17,0,0,0,0,7,0,1,1,6,2,22,5,1242,1,7,-1,1,-1
201531D061015,2,9,0,18,0,0,0,0,0,0,3,1,6,2,47,8,1398,1,1,-1,1,-1
201531D061015,3,9,0,18,0,0,0,0,0,0,1,1,6,1,81,11,1796,1,13,-1,3,-1
201531D062115,1,9,0,9,0,6,0,0,0,0,1,1,1,2,38,7,1198,1,12,-1,1,-1
201531D062115,2,8,0,18,0,1,0,7,0,0,3,1,1,1,43,7,1797,8,6,-1,-1,-1
201531D062315,1,9,0,18,0,1,0,0,0,0,1,1,1,2,46,8,1198,1,4,-1,1,-1
201531D062315,2,4,0,3,0,1,0,0,0,0,2,1,1,1,24,5,176,1,14,-1,1,-1
201531D062315,3,9,0,3,0,1,0,0,0,0,2,1,6,1,-1,-1,-1,-1,-1,-1,-1,-1
201531D062415,1,9,0,11,0,1,0,0,0,0,4,1,6,3,-1,-1,-1,-1,-1,-1,-1,-1
201531D062415,2,5,0,18,0,1,0,0,0,0,1,1,6,1,-1,-1,649,1,4,-1,1,-1
201531D062515,1,9,0,18,0,1,0,0,0,0,1,1,6,1,42,7,1198,1,5,-1,1,-1
201531D062515,2,9,0,9,0,5,0,0,0,0,4,1,1,1,26,6,1560,2,-1,-1,1,-1
201531D062615,1,8,0,9,0,5,0,0,0,0,1,1,1,1,54,8,2402,2,10,-1,1,-1
201531D062615,2,1,0,18,4,8,1,0,0,0,1,1,6,1,66,10,-1,-1,-1,-1,3,-1
201531D062715,1,9,0,18,0,0,0,0,0,0,1,1,6,2,44,7,1598,2,-1,-1,1,-1
201531D062715,2,9,0,4,0,0,0,0,0,0,2,1,6,2,49,8,1596,1,3,-1,1,-1
201531D063215,1,9,0,18,0,8,0,0,0,0,3,1,6,2,27,6,1149,1,14,-1,-1,-1
201531D063215,2,9,0,18,0,8,0,0,0,0,1,1,6,1,61,9,1560,2,4,-1,1,-1
201531D063515,1,9,0,18,0,0,0,10,1,2,1,1,6,2,66,10,998,1,1,-1,1,-1
201531D064015,1,9,0,18,0,0,0,0,7,9,3,1,6,1,49,8,1794,1,11,-1,2,-1
201531D065015,1,9,0,7,0,6,0,0,0,0,1,1,6,1,67,10,2720,2,8,-1,1,-1
201531D065015,2,1,0,18,0,8,0,0,0,0,1,1,6,2,25,5,-1,-1,-1,-1,1,-1
201531D065415,1,9,0,18,0,0,0,0,0,0,1,1,6,1,-1,-1,-1,-1,-1,-1,-1,-1
201531D065715,1,9,0,9,0,6,0,0,0,0,3,1,6,1,87,11,1298,1,15,-1,1,-1
201531D065715,2,9,0,18,0,8,0,0,0,0,1,1,6,2,21,5,1596,1,11,-1,1,-1
201531D066015,1,9,0,18,0,0,5,4,0,0,1,1,6,1,68,10,1598,1,6,-1,3,-1
201531D066015,2,8,0,2,0,0,0,0,0,0,2,1,6,3,-1,-1,1956,2,4,-1,-1,-1
201531D066015,3,19,0,2,0,0,0,0,0,0,1,1,6,3,-1,-1,1870,2,9,-1,-1,-1
201531D067115,1,9,0,18,0,2,0,0,0,0,1,1,6,1,56,9,4701,6,15,-1,2,-1
201531D067115,2,1,0,18,0,2,0,0,0,0,2,1,6,2,56,9,-1,-1,-1,-1,3,-1
201531D067215,1,19,0,18,0,1,0,0,0,0,1,1,1,1,59,9,1753,2,10,-1,1,-1
201531D067215,2,9,0,4,0,1,0,0,0,0,2,1,6,1,41,7,1560,2,2,-1,1,-1
201531D067915,1,9,0,18,0,1,0,0,0,0,1,1,6,3,-1,-1,-1,-1,-1,-1,-1,-1
201531D069015,1,9,0,18,0,0,0,0,0,0,4,1,6,2,-1,-1,-1,-1,-1,-1,-1,-1
201531D069015,2,1,0,15,0,0,0,0,0,0,3,1,2,1,32,6,-1,-1,-1,-1,1,-1
201531D069115,1,11,0,2,0,0,0,0,0,0,0,1,1,1,61,9,-1,2,12,-1,2,-1
201531D069315,1,9,0,4,0,0,0,0,0,0,1,1,6,1,27,6,-1,-1,-1,-1,-1,-1
201531D069315,2,9,0,18,0,0,0,0,0,0,2,1,6,2,-1,-1,1995,1,15,-1,1,-1
201531D069415,1,9,0,9,0,5,0,0,0,0,0,1,6,2,28,6,1198,1,12,-1,1,-1
201531D069415,2,1,0,18,0,1,0,0,0,0,0,1,6,1,53,8,-1,-1,-1,-1,1,-1
201531D070815,1,1,0,18,0,0,0,0,0,0,4,1,6,2,39,7,-1,-1,-1,-1,1,-1
201531D071015,1,9,0,9,0,6,0,0,0,0,1,1,6,1,65,9,1242,1,11,-1,1,-1
201531D071015,2,9,0,9,0,5,0,0,0,0,3,1,1,1,43,7,1598,2,3,-1,1,-1
201531D071215,1,11,0,18,0,0,0,12,0,0,1,1,1,1,45,7,9000,2,10,-1,1,-1
201531D071815,1,9,0,9,0,6,0,0,0,0,1,1,1,1,23,5,998,1,18,-1,1,-1
201531D071815,2,9,0,5,0,8,0,0,0,0,3,1,1,2,55,8,1598,1,9,-1,1,-1
201531D072715,1,9,0,2,0,0,0,0,0,0,2,1,6,3,-1,-1,3600,1,13,-1,-1,-1
201531D072715,2,19,0,18,0,0,0,0,0,0,1,1,1,1,33,6,2402,2,7,-1,3,-1
201531D072715,3,19,0,18,0,0,0,0,0,0,1,1,1,1,42,7,1461,2,9,-1,1,-1
201531D072915,1,9,0,18,0,8,0,0,0,0,1,1,6,3,-1,-1,-1,-1,-1,-1,-1,-1
201531D072915,2,9,0,3,0,1,0,0,0,0,2,1,6,1,50,8,1388,1,13,-1,2,-1
201531D073415,1,9,0,9,0,6,0,0,0,0,3,1,1,1,24,5,1686,2,2,-1,1,-1
201531D073415,2,20,0,18,0,1,0,0,0,0,4,1,6,1,62,9,2977,2,11,-1,2,-1
201531D073715,1,9,0,5,0,2,0,0,0,0,1,1,6,2,22,5,1596,1,9,-1,1,-1
201531D073715,2,9,0,13,0,2,0,0,0,0,2,1,6,1,69,10,2996,1,6,-1,1,-1
201531D074115,1,19,0,4,0,2,0,0,0,0,2,1,6,1,-1,-1,1248,2,2,-1,-1,-1
201531D074115,2,9,0,7,0,5,0,0,0,0,1,1,6,2,40,7,1398,1,4,-1,1,-1
201531D074415,1,3,0,16,0,3,1,0,0,0,3,1,6,1,24,5,124,1,2,-1,3,-1
201531D074515,1,9,0,18,0,0,1,10,2,4,1,1,6,2,20,4,-1,-1,-1,-1,1,-1
201531D074915,1,19,0,18,0,0,0,0,1,7,1,1,2,1,36,7,1870,2,9,-1,-1,-1
201531D076315,1,9,0,1,0,8,0,0,0,0,2,1,6,1,55,8,1995,2,12,-1,1,-1
201531D076315,2,9,0,10,0,1,0,0,0,0,1,1,6,1,37,7,1198,1,9,-1,1,-1
201531D077115,1,3,0,17,0,0,0,0,1,0,3,1,2,1,42,7,100,1,11,-1,1,-1
201531D077315,1,2,0,18,0,0,1,0,0,0,1,1,6,1,17,4,49,1,7,-1,1,-1
201531D077415,1,9,0,9,0,6,0,0,0,0,1,1,6,2,67,10,1242,1,9,-1,1,-1
201531D077415,2,9,0,18,0,8,0,0,0,0,4,1,6,1,26,6,1753,2,8,-1,1,-1
201531D077515,1,9,0,9,0,5,0,0,0,0,1,1,6,1,35,6,1229,1,5,-1,1,-1
201531D077515,2,1,0,18,0,8,0,0,1,0,3,1,2,1,44,7,-1,-1,-1,-1,-1,-1
201531D078015,1,9,0,3,0,0,0,0,0,0,2,1,6,1,53,8,3200,2,13,-1,2,-1
201531D078015,2,9,0,3,0,0,0,0,0,0,2,1,6,2,35,6,1560,2,3,-1,1,-1
201531D078015,3,9,0,18,0,0,0,0,0,0,1,1,6,1,18,4,998,1,5,-1,-1,-1
201531D079015,1,19,0,6,0,0,0,0,0,0,3,1,1,1,34,6,2198,2,1,-1,1,-1
201531D079015,2,5,0,13,0,0,0,0,0,0,1,1,6,1,24,5,998,1,7,-1,1,-1
201531D079315,1,4,0,18,0,2,0,0,1,1,1,1,6,1,48,8,250,1,25,-1,2,-1
201531D079815,1,9,0,18,0,1,0,0,0,0,1,1,6,1,22,5,1796,1,15,-1,1,-1
201531D079815,2,9,0,10,0,1,0,0,0,0,2,1,6,2,73,10,1396,1,4,-1,1,-1
201531D080015,1,3,0,18,0,0,0,0,1,0,4,1,6,1,52,8,124,1,4,-1,1,-1
201531D080415,1,11,0,5,0,2,0,0,0,0,0,1,1,1,33,6,7698,2,-1,-1,-1,-1
201531D081415,1,19,0,9,0,5,0,0,0,0,1,1,6,1,43,7,-1,-1,-1,-1,1,-1
201531D081515,1,11,0,16,0,0,0,0,0,0,0,1,1,3,-1,-1,-1,-1,-1,-1,-1,-1
201531D081515,2,3,0,17,0,0,0,0,1,11,1,1,6,1,22,5,124,1,6,-1,1,-1
201531D082015,1,9,0,18,0,8,0,0,0,0,1,1,6,1,28,6,998,1,4,-1,-1,-1
201531D082015,2,9,0,7,0,6,0,0,0,0,3,1,6,2,21,5,-1,-1,-1,-1,-1,-1
201531D082715,1,9,0,18,0,0,0,0,0,0,1,1,1,2,-1,-1,2000,2,10,-1,1,-1
201531D082715,2,9,0,3,0,0,0,0,0,0,2,1,1,2,31,6,1968,2,2,-1,1,-1
201531D083115,1,1,0,18,0,0,0,0,0,0,1,1,1,1,43,7,-1,-1,-1,-1,2,-1
201531D083115,2,9,0,4,0,0,0,0,0,0,2,1,6,3,-1,-1,-1,-1,-1,-1,-1,-1
201531D083415,1,9,0,18,0,4,0,0,0,0,1,1,1,1,-1,-1,1388,1,8,-1,1,-1
201531D083415,2,9,0,3,0,4,0,0,0,0,2,1,1,2,27,6,1299,1,13,-1,1,-1
201531D083515,1,9,0,17,0,0,1,10,1,7,1,1,6,1,18,4,-1,-1,-1,-1,1,-1
201531D083615,1,9,0,4,0,1,0,0,0,0,1,1,6,1,-1,-1,-1,-1,-1,-1,-1,-1
201531D083615,2,9,0,3,0,1,0,0,0,0,2,1,2,1,27,6,-1,-1,-1,-1,1,-1
201531D084115,1,19,0,6,0,8,0,0,0,0,3,1,1,1,31,6,1870,2,10,-1,1,-1
201531D084115,2,9,0,17,0,8,0,0,0,0,1,1,6,2,36,7,1299,1,14,-1,1,-1
201531D084615,1,9,0,9,0,5,0,0,0,0,4,1,1,1,24,5,1998,1,5,-1,1,-1
201531D084615,2,9,0,18,0,8,0,0,0,0,1,1,1,1,59,9,1598,1,2,-1,1,-1
201531D085215,1,19,0,18,0,0,5,0,1,9,1,1,6,1,62,9,-1,-1,-1,-1,2,-1
201531D086515,1,9,0,9,0,5,0,0,0,0,1,1,6,2,68,10,1910,2,5,-1,2,-1
201531D087015,1,11,0,17,0,8,0,4,0,0,1,1,1,1,48,8,6374,2,10,-1,-1,-1
201531D087015,2,9,0,2,0,8,0,0,0,0,2,1,6,3,-1,-1,2400,2,6,-1,-1,-1
201531D087315,1,9,0,18,0,0,0,0,0,0,3,1,6,1,27,6,1598,1,10,-1,1,-1
201531D087315,2,9,0,2,0,0,0,0,0,0,2,1,6,3,-1,-1,1997,2,10,-1,-1,-1
201531D087315,3,9,0,2,0,0,0,0,0,0,3,1,6,3,-1,-1,-1,-1,-1,-1,-1,-1
201531D087315,4,9,0,2,0,0,0,0,0,0,2,1,6,3,-1,-1,1242,1,14,-1,-1,-1
201531D087915,1,9,0,7,0,5,0,0,0,0,4,1,6,2,66,10,1388,1,3,-1,1,-1
201531D087915,2,1,0,18,0,2,0,0,0,0,1,1,6,1,15,3,-1,-1,-1,-1,1,-1
201531D088915,1,9,0,9,0,6,0,0,0,0,1,1,6,2,27,6,1796,2,-1,-1,1,-1
201531D089615,1,9,0,18,0,0,1,0,0,0,1,1,6,2,35,6,1591,1,1,-1,2,-1
201531D089615,2,1,0,18,0,0,0,0,0,0,3,1,6,2,51,8,-1,-1,-1,-1,-1,-1
201531D089915,1,9,0,18,0,8,0,0,0,0,0,1,6,3,-1,-1,-1,-1,-1,-1,-1,-1
201531D089915,2,11,0,18,0,8,0,0,0,0,0,1,1,1,64,9,6374,2,8,-1,1,-1
201531D091115,1,9,0,18,0,0,1,10,1,9,4,1,6,2,30,6,1360,1,15,-1,1,-1
201531D091515,1,19,0,18,0,0,0,0,0,0,1,1,1,1,46,8,2151,2,15,-1,1,-1
201531D091515,2,9,0,18,0,0,0,0,0,0,2,1,6,1,32,6,1360,1,10,-1,1,-1
201531D093515,1,9,0,18,0,8,0,0,0,0,1,1,6,1,-1,-1,998,1,5,-1,2,-1
201531D093515,2,9,0,18,0,8,0,0,0,0,3,1,6,1,28,6,-1,-1,-1,-1,1,-1
201531D093915,1,9,0,6,8,0,0,0,0,0,1,1,6,1,72,10,998,1,13,-1,1,-1
201531D093915,2,9,0,18,0,0,0,0,0,0,4,1,6,1,26,6,1984,1,19,-1,2,-1
201531D094115,1,21,1,4,0,1,1,0,0,0,1,1,1,1,51,8,12900,2,4,-1,3,-1
201531D094115,2,9,0,4,0,1,0,0,0,0,2,1,1,1,50,8,1685,2,2,-1,1,-1
201531D094215,1,9,0,5,0,0,0,0,0,0,1,1,6,3,-1,-1,-1,-1,-1,-1,-1,-1
201531D094415,1,9,0,7,0,6,0,0,0,0,1,1,6,1,41,7,1461,2,-1,-1,1,-1
201531D094415,2,1,0,18,0,1,0,0,0,0,4,1,6,2,24,5,-1,-1,-1,-1,1,-1
201531D094915,1,9,0,9,0,8,0,7,7,0,4,1,6,2,22,5,1364,1,7,-1,1,-1
201531D094915,2,9,0,18,0,1,0,0,0,0,1,1,6,1,59,9,1968,2,7,-1,1,-1
201531D095315,1,9,0,9,0,6,0,0,0,0,1,1,6,1,21,5,998,1,11,-1,1,-1
201531D095315,2,9,0,18,0,8,0,0,0,0,4,1,6,2,51,8,1582,2,4,-1,1,-1
201531D095615,1,9,0,9,0,6,0,0,0,0,1,1,6,2,27,6,1998,1,8,-1,-1,-1
201531D095615,2,9,0,18,0,8,0,0,0,0,4,1,6,2,19,4,1242,1,2,-1,1,-1
201531D095715,1,9,0,17,0,0,1,0,0,0,1,1,6,1,44,7,-1,-1,-1,-1,1,-1
201531D095715,2,9,0,16,0,0,0,0,0,0,1,1,6,1,71,10,1596,1,12,-1,2,-1
201531D096115,1,9,0,5,0,1,0,0,0,0,1,1,6,2,81,11,1798,1,8,-1,1,-1
201531D096815,1,9,0,14,0,0,0,0,0,0,0,1,6,1,-1,-1,2993,2,8,-1,-1,-1
201531D096815,2,9,0,18,0,0,0,0,0,0,0,1,6,1,-1,-1,-1,-1,-1,-1,-1,-1
201531D097615,1,9,0,18,0,4,0,0,0,0,1,1,1,2,53,8,1200,1,3,-1,1,-1
201531D097615,2,1,0,17,0,8,0,0,0,0,4,1,1,1,50,8,-1,-1,-1,-1,1,-1
201531D097715,1,9,0,8,0,1,0,0,0,0,2,1,6,2,31,6,-1,-1,-1,-1,-1,-1
201531D097715,2,9,0,18,0,1,0,0,0,0,1,1,6,1,43,7,1968,2,5,-1,1,-1
201531D097815,1,9,0,18,0,8,0,0,7,11,3,1,6,1,19,4,1984,1,14,-1,1,-1
201531D097915,1,9,0,18,0,1,0,0,0,0,1,1,6,1,29,6,1997,2,6,-1,1,-1
201531D097915,2,19,0,3,0,1,0,0,0,0,2,1,6,1,31,6,1686,2,12,-1,-1,-1
201531D097915,3,9,0,10,0,1,0,0,0,0,2,1,6,1,53,8,1997,2,11,-1,1,-1
201531D098115,1,9,0,18,0,8,0,0,0,0,4,1,6,1,89,11,1197,1,4,-1,1,-1
201531D098115,2,9,0,7,0,6,0,0,0,0,1,1,6,2,55,8,1598,1,12,-1,1,-1
201531D098615,1,9,0,17,0,1,0,0,0,0,4,1,6,2,25,5,1560,2,1,-1,1,-1
201531D098615,2,1,0,9,0,6,0,0,0,0,1,1,6,1,19,4,-1,-1,-1,-1,-1,-1
201531D099115,1,19,0,16,0,0,0,0,0,0,1,1,1,1,32,6,2151,2,12,-1,1,-1
201531D099115,2,19,0,17,0,0,0,0,1,11,3,1,1,1,32,6,2198,2,6,-1,1,-1
201531D099315,1,9,0,17,0,0,0,0,2,2,4,1,6,1,24,5,1389,1,14,-1,1,-1
201531D099515,1,9,0,4,7,0,0,0,1,9,1,1,6,2,37,7,1599,1,12,-1,2,-1
201531D099615,1,9,0,18,0,0,0,0,0,0,1,1,2,1,36,7,1896,2,12,-1,1,-1
201531D099615,2,9,0,18,0,0,0,0,0,0,2,1,6,1,51,8,1968,2,-1,-1,1,-1
201531D099815,1,9,0,9,0,5,0,0,0,0,4,1,6,2,40,7,1587,1,13,-1,1,-1
201531D099815,2,1,0,18,0,8,0,0,0,0,1,1,6,1,27,6,-1,-1,-1,-1,1,-1
201531D100915,1,9,0,18,0,0,0,0,1,0,1,1,6,2,74,10,1794,1,14,-1,1,-1
201531D101215,1,9,0,18,0,0,0,0,0,0,4,1,6,2,69,10,1896,2,13,-1,1,-1