Accident_Index,Vehicle_Reference,Vehicle_Type,Towing_and_Articulation,Vehicle_Manoeuvre,Vehicle_Location-Restricted_Lane,Junction_Location,Skidding_and_Overturning,Hit_Object_in_Carriageway,Vehicle_Leaving_Carriageway,Hit_Object_off_Carriageway,1st_Point_of_Impact,Was_Vehicle_Left_Hand_Drive?,Journey_Purpose_of_Driver,Sex_of_Driver,Age_of_Driver,Age_Band_of_Driver,Engine_Capacity_(CC),Propulsion_Code,Age_of_Vehicle,Driver_IMD_Decile,Driver_Home_Area_Type,Vehicle_IMD_Decile
201531D153815,3,9,0,3,0,0,0,2,0,0,2,1,2,2,-1,-1,898,1,1,-1,2,-1
201531D154115,1,9,0,18,0,1,0,0,0,0,1,1,6,2,23,5,1596,1,3,-1,1,-1
201531D154115,2,9,0,18,0,1,0,0,0,0,2,1,6,1,31,6,1598,1,17,-1,1,-1
201531D154915,1,2,0,18,0,8,0,0,0,0,1,1,6,1,23,5,-1,-1,-1,-1,1,-1
201531D154915,2,9,0,5,0,8,0,0,0,0,3,1,2,2,35,6,1560,2,7,-1,1,-1
201531D155015,1,9,0,18,0,0,0,4,0,0,1,1,6,2,37,7,1390,1,9,-1,3,-1
201531D155015,2,9,0,2,0,0,0,0,7,0,1,1,6,3,-1,-1,1968,2,5,-1,-1,-1
201531D157915,1,9,0,4,0,6,0,0,0,0,1,1,6,2,27,6,1999,1,13,-1,1,-1
201531D157915,2,20,0,18,0,8,0,0,1,2,4,1,1,1,58,9,12777,2,9,-1,1,-1
201531D158715,1,9,0,9,0,6,0,0,0,0,4,1,6,1,-1,-1,1598,2,-1,-1,-1,-1
201531D158715,2,9,0,18,0,8,0,0,0,0,3,1,6,2,20,4,998,1,5,-1,1,-1
201531D159015,1,9,0,18,0,0,0,0,0,0,1,1,6,1,17,4,1198,1,4,-1,3,-1
201531D159015,2,9,0,4,0,0,0,0,0,0,2,1,6,2,63,9,1198,1,10,-1,3,-1
201531D159015,3,9,0,4,0,0,0,0,0,0,2,1,6,1,64,9,1998,8,-1,-1,1,-1
201531D159115,1,9,0,18,0,0,0,0,0,0,1,1,6,2,46,8,1769,1,11,-1,1,-1
201531D159115,2,9,0,4,0,0,0,0,0,0,2,1,6,2,40,7,1299,1,15,-1,1,-1
201531D159215,1,9,0,18,0,0,0,0,1,0,1,1,6,1,79,11,1998,1,7,-1,3,-1
201531D159215,2,9,0,18,0,0,0,0,0,0,1,1,6,2,46,8,1595,1,12,-1,3,-1
201531D159515,1,9,0,5,0,5,0,0,0,0,1,1,6,1,20,4,1598,1,11,-1,1,-1
201531D159715,1,9,0,18,0,2,0,0,0,0,1,1,6,2,73,10,1390,1,9,-1,1,-1
201531D161415,1,5,0,18,0,0,0,0,0,0,1,1,6,1,61,9,798,1,-1,-1,2,-1
201531D161615,1,3,0,4,0,0,0,0,0,0,2,1,2,1,28,6,124,1,1,-1,1,-1
201531D161615,2,9,0,4,0,0,0,0,0,0,1,1,2,1,38,7,1149,1,12,-1,3,-1
201531D162615,1,11,0,2,0,0,0,0,0,0,0,1,1,1,55,8,-1,-1,-1,-1,2,-1
201531D162715,1,4,0,18,0,0,0,0,0,0,4,1,6,1,49,8,-1,-1,-1,-1,2,-1
201531D163315,1,9,0,18,0,0,0,0,0,0,1,1,6,1,21,5,1598,1,11,-1,1,-1
201531D163815,1,19,0,16,0,0,0,4,0,0,1,1,1,1,-1,-1,2198,2,1,-1,1,-1
201531D163815,2,9,0,2,0,0,0,0,0,0,3,1,6,2,35,6,1796,1,12,-1,1,-1
201531D164915,1,90,0,2,0,0,0,0,0,0,2,1,6,1,74,10,2286,2,11,-1,1,-1
201531D164915,2,9,0,18,0,0,0,4,0,0,1,1,6,1,23,5,1560,2,-1,-1,1,-1
201531D165015,1,9,0,5,0,1,0,0,0,0,1,1,6,1,-1,-1,1998,2,8,-1,1,-1
201531D165015,2,9,0,3,0,1,0,0,0,0,2,1,6,1,61,9,1968,2,1,-1,2,-1
201531D165115,1,9,0,18,0,0,0,0,0,0,1,1,6,1,-1,-1,1400,1,9,-1,1,-1
201531D165115,2,1,0,18,0,0,0,0,0,0,2,1,6,1,73,10,-1,-1,-1,-1,-1,-1
201531D165715,1,5,0,15,0,0,0,0,0,0,3,1,6,1,54,8,599,1,14,-1,1,-1
201531D165715,2,9,0,4,0,0,0,0,0,0,1,1,6,1,34,6,2521,1,6,-1,1,-1
201531D166315,1,9,0,5,0,0,0,0,0,0,1,1,6,3,-1,-1,-1,-1,-1,-1,-1,-1
201531D166515,1,9,0,9,0,8,0,0,0,0,3,1,6,1,79,11,2499,1,8,-1,3,-1
201531D166515,2,9,0,7,0,3,0,0,0,0,4,1,6,2,35,6,1560,2,5,-1,1,-1
201531D167415,1,9,0,6,0,8,0,0,0,0,1,1,6,2,53,8,1124,1,13,-1,1,-1
201531D167415,2,19,0,9,0,3,0,0,0,0,4,1,1,1,38,7,2198,2,2,-1,1,-1
201531D167715,1,9,0,11,0,0,1,0,0,0,1,1,6,1,42,7,1229,1,10,-1,1,-1
201531D167715,2,9,0,4,0,0,0,0,0,0,2,1,6,2,49,8,1997,2,16,-1,1,-1
201531D167915,1,9,0,18,0,1,0,0,0,0,1,1,6,1,-1,-1,1598,2,2,-1,-1,-1
201531D167915,2,9,0,8,0,1,0,0,0,0,2,1,6,2,43,7,1796,1,9,-1,1,-1
201531D168215,1,9,0,3,0,2,0,0,0,0,4,1,6,2,85,11,1398,1,15,-1,2,-1
201531D168915,1,9,0,18,0,8,0,0,0,0,1,1,6,1,-1,-1,1364,1,9,-1,1,-1
201531D168915,2,9,0,3,0,8,0,0,0,0,2,1,6,1,35,6,1398,2,4,-1,1,-1
201531D169415,1,9,0,5,0,6,0,0,0,0,3,1,6,2,25,5,1299,1,12,-1,1,-1
201531D169415,2,19,0,18,0,8,0,0,0,0,4,1,1,1,63,9,1298,1,10,-1,1,-1
201531D169615,1,9,0,17,0,0,0,10,1,2,1,1,6,1,25,5,2143,2,2,-1,1,-1
201531D170115,1,9,0,9,0,6,0,0,0,0,1,1,6,2,26,6,1389,1,18,-1,-1,-1
201531D170115,2,9,0,17,0,8,5,0,1,11,4,1,6,2,52,8,1582,2,5,-1,1,-1
201531D170215,1,20,0,18,0,0,0,0,0,0,3,1,1,1,46,8,3920,2,9,-1,-1,-1
201531D170215,2,1,0,18,0,0,0,0,0,0,3,1,6,1,63,9,-1,-1,-1,-1,3,-1
201531D171115,1,9,0,2,0,1,0,0,0,0,3,1,6,1,-1,-1,1998,1,13,-1,1,-1
201531D171115,2,1,0,14,0,1,0,0,0,0,1,1,6,1,76,11,-1,-1,-1,-1,1,-1
201531D174115,1,90,0,18,0,0,2,0,1,10,1,1,6,1,16,4,-1,-1,-1,-1,-1,-1
201531D174315,1,9,0,18,0,0,0,0,0,0,1,1,6,1,34,6,1600,1,14,-1,1,-1
201531D174315,2,9,0,3,0,0,0,0,0,0,2,1,2,1,25,5,1905,2,19,-1,2,-1
201531D174315,3,9,0,3,0,0,0,0,0,0,2,1,6,1,22,5,1388,1,11,-1,1,-1
201531D174315,4,9,0,3,0,0,0,0,0,0,2,1,6,2,29,6,1398,1,-1,-1,1,-1
201531D174415,1,5,0,17,0,0,1,0,1,2,1,1,6,1,22,5,645,1,14,-1,2,-1
201531D174515,1,9,0,18,0,1,0,0,0,0,1,1,6,2,25,5,1198,1,9,-1,1,-1
201531D175015,1,9,0,18,0,2,0,0,0,0,1,1,6,1,51,8,2495,2,24,-1,1,-1
201531D175015,2,3,0,4,0,2,0,0,0,0,2,1,2,2,21,5,125,1,1,-1,1,-1
201531D175415,1,9,0,18,0,0,0,0,0,0,1,1,1,2,45,7,1560,2,4,-1,1,-1
201531D175415,2,9,0,3,0,0,0,0,0,0,2,1,1,1,25,5,1596,1,2,-1,1,-1
201531D175515,1,2,0,18,0,8,0,0,0,0,4,1,6,1,29,6,49,1,12,-1,1,-1
201531D175515,2,19,0,18,0,8,0,0,0,0,1,1,1,2,45,7,1997,2,-1,-1,1,-1
201531D175715,1,9,0,1,0,0,0,0,0,0,2,1,6,3,-1,-1,1973,1,14,-1,-1,-1
201531D176515,1,5,0,18,0,1,1,0,0,0,1,1,6,1,27,6,749,1,11,-1,-1,-1
201531D176515,2,9,0,7,0,5,0,0,0,0,2,1,6,1,-1,-1,-1,-1,-1,-1,-1,-1
201531D176715,1,9,0,9,0,6,0,0,0,0,3,1,6,2,64,9,2497,1,4,-1,2,-1
201531D176715,2,1,0,17,0,8,1,0,0,0,1,1,6,1,43,7,-1,-1,-1,-1,1,-1
201531D176915,1,5,0,18,0,0,0,0,0,0,3,1,6,1,27,6,675,1,8,-1,1,-1
201531D177015,1,3,0,16,0,0,0,0,0,0,4,1,6,1,24,5,124,1,13,-1,2,-1
201531D177215,1,9,0,16,0,2,2,0,0,0,1,1,6,1,25,5,1596,1,13,-1,1,-1
201531D177315,1,9,0,10,0,5,0,0,0,0,2,1,6,2,45,7,995,1,2,-1,1,-1
201531D177315,2,9,0,3,0,1,0,0,0,0,2,1,1,1,37,7,1389,1,17,-1,1,-1
201531D177315,3,9,0,18,0,1,0,0,0,0,1,1,1,1,51,8,1794,1,12,-1,3,-1
201531D177515,1,9,0,5,0,1,0,0,0,0,1,1,6,2,-1,-1,1461,2,3,-1,-1,-1
201531D177515,2,9,0,5,0,1,0,0,0,0,2,1,6,2,-1,-1,1242,1,3,-1,1,-1
201531D177815,1,5,0,11,0,3,0,0,0,0,1,1,6,1,28,6,-1,-1,-1,-1,1,-1
201531D177815,2,9,0,7,0,3,0,0,0,0,2,1,6,1,20,4,2987,2,6,-1,1,-1
201531D179815,1,19,0,18,0,1,0,0,0,0,1,1,2,1,47,8,2198,2,5,-1,1,-1
201531D179815,2,9,0,3,0,1,0,0,0,0,2,1,6,2,69,10,1364,1,7,-1,1,-1
201531D180215,1,9,0,18,0,0,0,0,0,0,4,1,1,2,49,8,1596,1,11,-1,1,-1
201531D180715,1,9,0,9,0,5,0,0,0,0,1,1,6,1,75,10,1796,1,10,-1,1,-1
201531D180715,2,1,0,18,0,8,0,0,0,0,1,1,6,1,56,9,-1,-1,-1,-1,1,-1
201531D180915,1,3,0,13,0,1,0,0,0,0,1,1,1,1,22,5,124,1,5,-1,1,-1
201531D180915,2,1,0,9,0,5,0,0,0,0,2,1,6,1,16,4,-1,-1,-1,-1,1,-1
201531D181315,1,9,0,7,0,4,0,0,0,0,1,1,6,3,-1,-1,998,1,2,-1,-1,-1
201531D181315,2,1,0,18,0,8,0,0,0,0,2,1,6,1,18,4,-1,-1,-1,-1,1,-1
201531D181415,1,9,0,5,0,1,0,0,0,0,1,1,6,1,21,5,1086,1,7,-1,1,-1
201531D181415,2,9,0,3,0,1,0,0,0,0,2,1,6,2,48,8,1794,1,11,-1,1,-1
201531D182515,1,9,0,9,0,5,0,0,0,0,3,1,6,3,-1,-1,-1,-1,-1,-1,-1,-1
201531D182515,2,1,0,18,0,8,0,0,0,0,4,1,2,1,25,5,-1,-1,-1,-1,1,-1
201531D182715,1,9,0,9,0,6,0,0,0,0,0,1,6,1,-1,-1,998,1,2,-1,1,-1
201531D182715,2,11,0,18,0,8,0,0,0,0,0,1,6,1,50,8,9000,2,-1,-1,1,-1
201531D183015,1,9,0,18,0,0,0,0,0,0,1,1,2,2,40,7,1598,2,2,-1,1,-1
201531D183015,2,9,0,4,0,0,0,0,0,0,2,1,6,1,32,6,1596,1,10,-1,1,-1
201531D183915,1,9,0,9,0,8,0,0,0,0,1,1,6,1,83,11,1298,1,6,-1,1,-1
201531D183915,2,1,0,10,0,8,0,0,0,0,2,1,6,1,39,7,-1,-1,-1,-1,1,-1
201531D184015,1,9,0,9,0,6,0,0,0,0,1,1,6,1,83,11,1598,1,2,-1,3,-1
201531D184015,2,3,0,18,0,1,0,0,0,0,1,1,6,1,67,10,125,1,-1,-1,1,-1
201531D184115,1,9,0,18,0,2,0,0,0,0,2,1,6,1,22,5,998,1,1,-1,1,-1
201531D184115,2,9,0,18,0,2,0,0,0,0,1,1,6,1,57,9,1796,1,12,-1,3,-1
201531D184615,1,9,0,9,0,5,0,0,0,0,1,1,6,1,35,6,3189,1,10,-1,1,-1
201531D184615,2,9,0,18,0,8,0,0,0,0,1,1,6,1,48,8,2199,2,1,-1,1,-1
201531D184615,3,19,0,9,0,6,0,0,0,0,0,1,6,3,-1,-1,-1,-1,-1,-1,-1,-1
201531D185715,1,9,0,9,0,5,0,0,7,0,3,1,6,2,49,8,1598,1,2,-1,1,-1
201531D185715,2,5,0,13,0,8,0,0,7,0,1,1,6,1,48,8,918,1,18,-1,2,-1
201531D187215,1,4,0,18,0,8,0,0,1,0,3,1,6,1,58,9,398,1,39,-1,1,-1
201531D187215,2,9,0,18,0,8,0,0,0,0,1,1,6,2,31,6,2497,2,16,-1,1,-1
201531D187715,1,9,0,7,0,6,0,0,0,0,1,1,6,2,29,6,1200,1,-1,-1,1,-1
201531D187715,2,9,0,18,0,1,0,0,0,0,1,1,6,2,27,6,1596,1,8,-1,1,-1
201531D187715,3,9,0,2,0,1,0,0,0,0,2,1,6,3,-1,-1,1388,1,12,-1,-1,-1
201531D187915,1,9,0,7,0,6,0,0,0,0,4,1,6,2,64,9,1598,1,10,-1,1,-1
201531D187915,2,1,0,18,0,1,0,0,0,0,1,1,6,1,16,4,-1,-1,-1,-1,1,-1
201531D188415,1,9,0,15,0,0,5,0,1,11,1,1,6,1,21,5,1587,1,15,-1,1,-1
201531D188415,2,9,0,18,0,0,0,7,5,6,2,1,6,1,21,5,1198,1,11,-1,1,-1
201531D188615,1,9,0,16,0,0,1,0,0,0,1,1,6,1,-1,-1,1587,1,12,-1,-1,-1
201531D188615,2,9,0,17,0,0,0,0,0,0,3,1,6,2,26,6,1389,1,14,-1,1,-1
201531D189715,1,19,0,9,0,3,0,0,0,0,1,1,6,1,33,6,2198,2,1,-1,-1,-1
201531D189715,2,9,0,6,0,8,0,0,0,0,3,1,1,1,28,6,1299,1,13,-1,1,-1
201531D190315,1,5,0,16,0,8,1,0,0,0,3,1,6,1,26,6,645,1,16,-1,1,-1
201531D190315,2,9,0,17,0,8,0,0,0,0,3,1,6,1,35,6,1968,2,6,-1,2,-1
201531D190315,3,9,0,17,0,8,0,0,0,0,1,1,6,1,46,8,2401,2,8,-1,1,-1
201531D190415,1,9,0,18,0,0,0,0,0,0,1,1,6,1,73,10,2799,1,16,-1,-1,-1
201531D190415,2,9,0,18,0,0,0,0,0,0,1,1,6,1,70,10,1686,2,3,-1,1,-1
201531D190515,1,9,0,4,0,1,1,0,0,0,1,1,2,1,28,6,1391,1,16,-1,1,-1
201531D190515,2,9,0,3,0,1,0,0,0,0,2,1,2,1,24,5,1910,2,9,-1,1,-1
201531D191015,1,19,0,13,0,0,1,0,0,0,2,1,1,1,45,7,3920,2,11,-1,1,-1
201531D191015,2,19,0,18,0,0,1,0,0,0,1,1,2,1,26,6,-1,-1,-1,-1,1,-1
201531D191115,1,9,0,9,0,8,0,0,0,0,2,1,6,2,25,5,1461,2,1,-1,1,-1
201531D191115,2,9,0,9,0,1,0,0,0,0,1,1,6,3,-1,-1,1461,2,1,-1,-1,-1
201531D191315,1,9,0,16,0,3,1,10,7,0,3,1,6,2,22,5,1149,1,12,-1,1,-1
201531D191315,2,19,0,18,0,1,0,0,0,0,1,1,6,1,63,9,2198,2,7,-1,1,-1
201531D191415,1,9,0,5,0,4,0,0,0,0,1,1,6,3,-1,-1,2495,1,13,-1,-1,-1
201531D191415,2,9,0,8,0,4,0,0,0,0,2,1,2,2,24,5,1086,1,10,-1,1,-1
201531D192215,1,9,0,18,0,0,0,0,0,0,1,1,1,2,33,6,1998,2,10,-1,1,-1
201531D192515,1,9,0,18,0,1,0,0,0,0,1,1,6,3,-1,-1,-1,-1,-1,-1,-1,-1
201531D192515,2,9,0,18,0,1,0,0,0,0,2,1,1,2,-1,-1,1598,1,12,-1,1,-1
201531D194015,1,9,0,9,0,5,0,0,0,0,1,1,6,2,41,7,1598,1,11,-1,2,-1
201531D194015,2,9,0,16,0,1,0,0,0,0,3,1,6,2,68,10,1199,1,13,-1,1,-1
201531D194215,1,1,0,18,0,0,1,0,0,0,1,1,2,1,46,8,-1,-1,-1,-1,1,-1
201531D194815,1,9,0,9,0,6,0,0,0,0,0,1,2,1,68,10,1248,1,2,-1,2,-1
201531D194815,2,9,0,4,0,1,0,0,0,0,2,1,2,1,-1,-1,-1,-1,-1,-1,-1,-1
201531D194815,3,3,0,18,0,1,0,0,0,0,1,1,2,1,28,6,124,1,1,-1,1,-1
201531D195515,1,9,0,18,0,0,0,0,0,0,1,1,6,2,51,8,1598,1,20,-1,1,-1
201531D195515,2,9,0,4,0,0,0,0,0,0,2,1,6,1,51,8,1598,1,13,-1,1,-1
201531D195715,1,9,0,18,0,8,0,0,0,0,4,1,6,2,48,8,2967,2,1,-1,1,-1
201531D195715,2,1,0,5,0,8,0,0,0,0,3,1,6,1,82,11,-1,-1,-1,-1,1,-1
201531D195915,1,9,0,9,0,8,0,0,0,0,4,1,6,2,20,4,1200,1,2,-1,1,-1
201531D195915,2,9,0,18,0,1,0,0,0,0,1,1,6,2,63,9,1388,1,3,-1,1,-1
201531D196515,1,9,0,17,0,2,0,0,0,0,1,1,3,2,32,6,1781,1,14,-1,1,-1
201531D196715,1,9,0,7,0,6,0,0,0,0,1,1,6,1,69,10,1389,1,14,-1,1,-1
201531D196715,2,1,0,17,0,8,0,0,0,0,4,1,6,1,25,5,-1,-1,-1,-1,1,-1
201531D197115,1,9,0,7,0,8,0,0,0,0,1,1,2,1,19,4,1149,1,7,-1,1,-1
201531D197115,2,9,0,8,0,1,0,0,0,0,3,1,6,1,31,6,1998,2,11,-1,-1,-1
201531D197615,1,9,0,17,0,0,2,10,7,0,4,1,6,2,43,7,1995,1,12,-1,3,-1
201531D198815,1,3,0,17,0,0,0,10,1,0,4,1,6,1,21,5,124,1,6,-1,-1,-1
201531D199015,1,9,0,18,0,0,5,0,1,0,4,1,6,1,25,5,-1,-1,-1,-1,1,-1
201531D199415,1,9,0,17,0,0,0,0,0,0,1,1,2,2,52,8,1398,2,11,-1,1,-1
201531D199615,1,9,0,13,0,2,0,0,0,0,1,1,6,1,19,4,1332,1,18,-1,1,-1
201531D199715,1,9,0,7,0,6,0,0,0,0,3,1,2,1,25,5,2149,2,8,-1,1,-1
201531D199715,2,1,0,18,0,1,0,0,0,0,1,1,2,1,58,9,-1,-1,-1,-1,1,-1
201531D199915,1,9,0,18,0,1,0,0,0,0,1,2,6,1,30,6,-1,-1,-1,-1,1,-1
201531D199915,2,9,0,3,0,1,0,0,0,0,2,1,6,1,23,5,1998,2,6,-1,1,-1
201531D200415,1,9,0,9,0,5,0,0,0,0,1,1,6,1,86,11,1796,1,10,-1,1,-1
201531D200415,2,1,0,18,0,8,0,0,0,0,1,1,6,1,44,7,-1,-1,-1,-1,1,-1
201531D201115,1,1,0,18,0,8,0,0,0,0,1,1,6,1,47,8,-1,-1,-1,-1,1,-1
201531D201115,2,9,0,9,0,5,0,0,0,0,4,1,6,2,81,11,1299,1,13,-1,1,-1
201531D201315,1,9,0,18,0,8,0,0,0,0,1,1,2,1,36,7,1560,2,4,-1,1,-1
201531D201315,2,9,0,9,0,6,0,0,0,0,1,1,2,2,45,7,1995,2,12,-1,2,-1
201531D201515,1,9,0,12,0,3,0,0,0,0,0,1,6,1,-1,-1,-1,-1,-1,-1,-1,-1
201531D201515,2,9,0,17,0,3,1,0,0,0,2,2,2,1,-1,-1,-1,-1,-1,-1,1,-1
201531D201515,3,9,0,17,0,3,0,0,0,0,1,1,6,2,52,8,2171,2,13,-1,1,-1
201531D201515,4,9,0,17,0,3,0,0,0,0,1,1,6,1,37,7,1560,2,10,-1,1,-1
201531D202615,1,11,0,18,0,0,0,0,0,0,0,1,1,2,26,6,9000,2,11,-1,1,-1
201531D203515,1,9,0,4,0,0,0,0,0,0,1,1,6,2,20,4,1598,1,7,-1,1,-1
201531D203515,2,9,0,3,0,0,0,0,0,0,2,1,1,2,37,7,1587,1,8,-1,2,-1
201531D203615,1,9,0,15,0,1,0,0,0,0,1,1,6,2,30,6,1120,2,1,-1,3,-1
201531D203615,2,9,0,10,0,1,0,0,0,0,2,1,6,1,34,6,1994,1,12,-1,3,-1
201531D203615,3,9,0,18,0,1,0,0,0,0,3,1,6,2,31,6,1598,2,-1,-1,2,-1
201531D204615,1,3,0,18,0,1,1,0,0,0,3,1,2,1,43,7,125,1,-1,-1,1,-1
201531D204815,1,9,0,18,0,0,1,10,7,9,1,1,6,2,80,11,1242,1,2,-1,2,-1
201531D205915,1,9,0,17,0,0,2,10,1,4,1,1,6,2,24,5,1896,2,10,-1,1,-1
201531D206715,1,5,0,18,0,3,1,0,0,0,1,1,6,1,26,6,883,1,14,-1,1,-1
201531D206915,1,9,0,18,0,8,0,0,0,0,1,1,6,2,85,11,996,1,5,-1,1,-1
201531D206915,2,9,0,10,0,8,0,0,0,0,2,1,1,1,-1,-1,1796,1,15,-1,1,-1
201531D207015,1,9,0,7,0,5,0,0,0,0,4,1,2,2,40,7,1586,1,7,-1,1,-1
201531D207015,2,9,0,18,0,8,0,0,0,0,3,1,6,1,57,9,1794,1,11,-1,1,-1
201531D207315,1,9,0,7,0,4,0,0,0,0,1,1,6,1,24,5,1461,2,7,-1,1,-1
201531D207315,2,1,0,18,0,8,0,0,0,0,1,1,2,1,59,9,-1,-1,-1,-1,-1,-1
201531D207415,1,9,0,9,0,5,0,0,0,0,3,1,6,2,37,7,1248,1,2,-1,2,-1
201531D208015,1,9,0,13,0,2,0,0,0,0,1,1,6,1,63,9,-1,-1,-1,-1,1,-1
201531D208015,2,9,0,18,0,1,0,0,0,0,1,1,6,1,75,10,1595,1,2,-1,3,-1
201531D208615,1,9,0,17,0,0,0,0,1,11,1,1,1,2,46,8,996,1,6,-1,1,-1
201531D208615,2,9,0,16,0,0,0,0,0,0,0,1,6,1,53,8,1229,1,10,-1,3,-1
201531D208715,1,11,0,18,0,0,0,0,0,0,0,1,1,1,42,7,8268,2,11,-1,1,-1
201531D210115,1,11,0,18,0,8,0,0,0,0,0,1,6,1,54,8,-1,2,7,-1,1,-1
201531D210215,1,9,0,12,0,0,0,0,0,0,2,1,6,2,58,9,1364,1,8,-1,1,-1
201531D210215,2,9,0,17,0,0,0,0,0,0,1,1,6,2,60,9,1149,1,7,-1,1,-1
201531D210715,1,9,0,18,0,8,0,0,0,0,1,1,6,3,-1,-1,-1,-1,-1,-1,-1,-1
201531D210715,2,1,0,10,0,8,0,0,0,0,1,1,4,1,12,3,-1,-1,-1,-1,1,-1
201531D211015,1,9,0,17,0,0,2,10,7,9,4,1,6,1,25,5,2967,2,6,-1,3,-1
201531D211315,1,9,0,18,0,0,2,0,0,0,4,1,6,2,90,11,993,1,14,-1,1,-1
201531D211315,2,9,0,12,0,0,0,0,0,0,3,1,6,1,67,10,1198,1,-1,-1,1,-1
201531D211715,1,9,0,4,0,0,0,0,0,0,2,1,1,1,32,6,3999,1,8,-1,1,-1
201531D211715,2,19,0,4,0,0,0,0,0,0,1,1,1,1,40,7,1598,2,1,-1,3,-1
201531D211715,3,9,0,4,0,0,0,0,0,0,2,1,1,1,26,6,1242,1,10,-1,2,-1
201531D211715,4,9,0,4,0,0,0,0,0,0,1,1,6,3,-1,-1,-1,-1,-1,-1,-1,-1
201531D211815,1,9,0,16,0,1,0,0,0,0,1,1,6,1,65,9,2231,2,9,-1,1,-1
201531D211815,2,9,0,7,0,5,0,0,1,11,2,1,2,2,41,7,2299,1,19,-1,1,-1
201531D212015,1,9,0,9,0,8,0,0,0,0,1,1,2,1,28,6,1796,1,-1,-1,1,-1
201531D212015,2,9,0,16,0,8,0,0,0,0,4,1,2,1,35,6,1229,1,10,-1,1,-1
201531D212215,1,9,0,18,0,1,0,0,0,0,1,1,6,2,44,7,1598,1,6,-1,1,-1
201531D212815,1,19,0,5,0,0,0,0,0,0,1,1,1,1,-1,-1,2402,2,9,-1,1,-1
201531D212815,2,9,0,3,0,0,0,0,0,0,2,1,2,2,46,8,1242,1,2,-1,1,-1
201531D212915,1,9,0,13,0,0,0,0,0,0,4,1,1,1,54,8,1598,2,3,-1,1,-1
201531D212915,2,9,0,12,0,0,0,0,0,0,3,1,2,1,43,7,1686,2,9,-1,1,-1
201531D213815,1,9,0,7,0,5,0,0,0,0,1,1,6,2,-1,-1,1587,1,15,-1,1,-1
201531D213815,2,1,0,18,0,8,0,0,0,0,1,1,6,1,45,7,-1,-1,-1,-1,1,-1
201531D214315,1,1,0,18,9,1,0,0,0,0,1,1,2,1,24,5,-1,-1,-1,-1,-1,-1
201531D214315,2,9,0,4,0,1,0,0,0,0,4,1,6,2,47,8,1598,1,9,-1,-1,-1
201531D214515,1,10,0,18,0,8,0,7,0,0,1,1,3,1,67,10,2198,2,2,-1,3,-1
201531D214515,2,19,0,18,0,8,0,0,0,0,1,1,1,1,46,8,2497,2,1,-1,1,-1
201531D214715,1,9,0,18,0,0,0,0,0,0,4,1,6,1,60,9,1794,1,12,-1,-1,-1
201531D214715,2,9,0,18,0,0,0,0,1,9,3,1,6,1,34,6,1398,1,3,-1,3,-1
201531D215515,1,1,0,18,0,0,0,0,0,0,1,1,6,2,39,7,-1,-1,-1,-1,-1,-1
201531D215515,2,9,0,4,0,0,0,0,0,0,2,1,6,2,73,10,1398,2,11,-1,1,-1
201531D215715,1,9,0,7,0,4,0,0,0,0,3,1,2,2,23,5,1242,1,4,-1,1,-1
201531D215715,2,1,0,18,0,8,0,0,0,0,4,1,2,1,61,9,-1,-1,-1,-1,1,-1
201531D215815,1,11,0,5,0,1,0,0,0,0,0,1,1,1,62,9,9000,2,12,-1,1,-1
201531D216315,1,9,0,18,0,1,0,0,0,0,1,1,6,3,-1,-1,-1,-1,-1,-1,-1,-1
201531D216315,2,9,0,10,0,1,0,0,0,0,2,1,3,2,26,6,1229,1,6,-1,2,-1
201531D216415,1,9,0,18,0,4,0,0,0,0,1,1,3,2,43,7,2461,2,16,-1,3,-1
201531D216415,2,5,0,9,0,8,0,0,0,0,4,1,6,1,54,8,919,1,12,-1,2,-1
201531D217415,1,9,0,18,0,0,2,0,1,9,1,1,6,1,51,8,1590,1,11,-1,1,-1
201531D217715,1,9,0,11,0,0,0,0,0,0,0,1,6,1,-1,-1,-1,-1,-1,-1,-1,-1
201531D217715,2,11,0,18,2,0,0,0,0,0,0,1,6,2,42,7,-1,-1,-1,-1,1,-1
201531D218415,1,9,0,9,0,5,0,0,0,0,1,1,6,2,67,10,1298,1,15,-1,1,-1
201531D218415,2,9,0,18,0,8,0,0,0,0,3,1,6,2,30,6,1197,1,5,-1,1,-1
201531D220315,1,21,1,17,0,3,5,0,7,0,3,1,1,1,39,7,11946,2,4,-1,1,-1
201531D220615,1,9,0,18,0,0,0,6,1,0,4,1,6,2,70,10,1992,2,8,-1,3,-1
201531D220715,1,21,1,11,0,3,0,0,0,0,4,1,1,1,-1,-1,11705,2,6,-1,3,-1
201531D220715,2,9,0,7,0,3,0,0,0,0,3,1,1,1,48,8,1349,1,5,-1,1,-1
201531D220915,1,9,0,14,0,0,0,0,0,0,1,1,6,1,80,11,1591,1,2,-1,2,-1
201531D220915,2,9,0,2,0,0,0,0,0,0,3,1,6,1,75,10,1794,1,14,-1,2,-1
201531D221015,1,9,0,18,0,0,0,0,0,0,1,1,6,2,66,10,1386,1,3,-1,1,-1