Accident_Index,Vehicle_Reference,Vehicle_Type,Towing_and_Articulation,Vehicle_Manoeuvre,Vehicle_Location-Restricted_Lane,Junction_Location,Skidding_and_Overturning,Hit_Object_in_Carriageway,Vehicle_Leaving_Carriageway,Hit_Object_off_Carriageway,1st_Point_of_Impact,Was_Vehicle_Left_Hand_Drive?,Journey_Purpose_of_Driver,Sex_of_Driver,Age_of_Driver,Age_Band_of_Driver,Engine_Capacity_(CC),Propulsion_Code,Age_of_Vehicle,Driver_IMD_Decile,Driver_Home_Area_Type,Vehicle_IMD_Decile
201531D221215,1,9,0,5,0,8,0,0,0,0,1,1,2,2,41,7,1490,1,11,-1,1,-1
201531D221215,2,9,0,13,0,8,5,0,0,0,4,1,2,1,21,5,1149,1,9,-1,1,-1
201531D221715,1,9,0,9,0,8,0,0,0,0,1,1,3,2,28,6,1796,1,13,-1,1,-1
201531D221715,2,1,0,4,0,1,0,0,0,0,1,1,3,1,69,10,-1,-1,-1,-1,1,-1
201531D221815,1,9,0,16,0,0,1,0,0,0,1,1,6,2,31,6,1995,2,13,-1,2,-1
201531D221815,2,9,0,16,0,0,0,0,0,0,2,1,6,1,18,4,1198,1,12,-1,1,-1
201531D221815,3,9,0,16,0,0,0,0,0,0,2,1,6,1,63,9,1598,1,7,-1,1,-1
201531D222315,1,19,0,4,0,0,0,0,0,0,1,1,6,1,28,6,-1,-1,-1,-1,1,-1
201531D222315,2,9,0,3,0,0,0,0,0,0,2,1,1,2,28,6,1329,1,-1,-1,1,-1
201531D222515,1,9,0,18,0,1,0,0,0,0,4,1,6,1,41,7,1242,1,14,-1,1,-1
201531D223315,1,9,0,9,9,5,0,0,0,0,0,1,6,3,-1,-1,-1,-1,-1,-1,-1,-1
201531D223415,1,9,0,18,0,0,0,12,0,0,1,1,6,1,19,4,-1,-1,-1,-1,-1,-1
201531D223515,1,9,0,9,0,6,0,0,0,0,1,1,6,2,55,8,2204,2,10,-1,1,-1
201531D223515,2,9,0,18,0,8,0,0,0,0,4,1,6,2,57,9,1328,1,7,-1,3,-1
201531D223915,1,11,0,18,0,2,0,0,0,0,0,1,1,1,43,7,-1,-1,-1,-1,1,-1
201531D225615,1,1,0,18,0,6,0,0,0,0,1,1,6,1,23,5,-1,-1,-1,-1,1,-1
201531D225615,2,9,0,18,0,1,0,0,0,0,3,1,6,2,90,11,1598,1,18,-1,-1,-1
201531D225815,1,20,1,9,0,6,0,0,0,0,0,1,6,3,-1,-1,7698,2,1,-1,-1,-1
201531D225815,2,3,0,18,0,1,1,0,0,0,3,1,2,1,59,9,124,1,12,-1,1,-1
201531D226115,1,9,0,7,0,6,0,0,0,0,3,1,6,1,-1,-1,-1,-1,-1,-1,-1,-1
201531D226115,2,1,0,17,0,8,1,0,0,0,1,1,2,1,31,6,-1,-1,-1,-1,1,-1
201531D226215,1,9,0,5,0,6,0,0,0,0,4,1,6,2,42,7,1339,1,10,-1,1,-1
201531D226215,2,1,0,18,9,1,1,0,0,0,1,1,6,1,19,4,-1,-1,-1,-1,1,-1
201531D226715,1,9,0,18,0,8,0,0,0,0,1,1,6,1,43,7,1780,1,16,-1,1,-1
201531D226715,2,9,0,9,0,8,0,7,0,0,4,1,6,2,18,4,1388,1,8,-1,3,-1
201531D226815,1,9,0,18,0,0,0,0,0,0,1,1,6,2,54,8,1995,2,2,-1,1,-1
201531D226815,2,9,0,4,0,0,0,0,0,0,2,1,6,1,76,11,1339,1,9,-1,1,-1
201531D226915,1,9,0,1,0,6,0,0,0,0,2,1,6,1,75,10,996,1,6,-1,1,-1
201531D226915,2,9,0,18,0,8,0,0,0,0,1,1,2,1,19,4,998,1,3,-1,1,-1
201531D226915,3,9,0,2,0,8,0,0,0,0,4,1,6,3,-1,-1,1796,1,1,-1,-1,-1
201531D227615,1,9,0,12,0,0,0,0,4,6,1,1,1,1,60,9,1997,2,5,-1,1,-1
201531D227615,2,9,0,13,0,0,0,0,6,0,1,1,6,2,21,5,1229,1,3,-1,1,-1
201531D228015,1,9,0,18,0,0,1,0,0,0,1,1,6,2,27,6,-1,-1,-1,-1,1,-1
201531D228015,2,9,0,4,0,0,0,0,0,0,2,1,6,2,33,6,1598,2,5,-1,1,-1
201531D228215,1,9,0,18,0,0,0,10,1,7,1,1,6,2,22,5,1240,1,12,-1,1,-1
201531D228315,1,9,0,18,0,8,0,0,3,2,1,1,6,2,36,7,1749,1,9,-1,1,-1
201531D228515,1,9,0,18,0,0,0,0,0,0,1,1,6,1,52,8,2993,2,4,-1,1,-1
201531D228515,2,9,0,2,0,0,0,0,0,0,2,1,6,1,43,7,1590,1,14,-1,1,-1
201531D229115,1,9,0,9,0,2,0,0,0,0,4,1,2,1,45,7,1598,1,1,-1,1,-1
201531D229415,1,9,0,18,0,0,0,0,0,0,1,1,6,1,41,7,1598,1,12,-1,2,-1
201531D229415,2,9,0,2,0,0,0,0,0,0,2,1,6,3,-1,-1,1299,1,17,-1,-1,-1
201531D230315,1,9,0,16,0,1,0,0,0,0,1,1,6,2,25,5,998,1,-1,-1,1,-1
201531D230315,2,9,0,10,0,1,0,0,0,0,2,1,1,2,46,8,996,1,6,-1,1,-1
201531D231015,1,19,0,17,0,0,2,0,7,0,1,1,6,1,29,6,2198,2,9,-1,2,-1
201531D231015,2,9,0,18,0,0,0,0,0,0,1,1,6,1,25,5,1910,2,13,-1,1,-1
201531D231615,1,9,0,10,0,5,0,0,0,0,1,1,6,1,32,6,1598,2,4,-1,1,-1
201531D231615,2,9,0,16,0,1,0,0,0,0,3,1,6,1,25,5,1781,1,12,-1,1,-1
201531D232415,1,9,0,18,0,4,5,9,3,4,1,1,6,1,39,7,1995,2,7,-1,-1,-1
201531D233215,1,4,0,18,0,0,0,4,0,0,1,1,6,1,24,5,426,1,13,-1,2,-1
201531D233215,2,9,0,2,0,0,0,0,0,0,2,1,6,2,19,4,1329,1,3,-1,-1,-1
201531D233315,1,9,0,9,0,6,0,0,0,0,0,1,6,3,-1,-1,-1,-1,-1,-1,-1,-1
201531D233315,2,3,0,18,0,1,0,0,0,0,3,1,1,1,33,6,125,1,10,-1,2,-1
201531D233915,1,19,0,18,0,8,0,0,0,0,1,1,2,1,18,4,1896,2,8,-1,1,-1
201531D233915,2,19,0,18,0,8,0,0,0,0,3,1,2,1,52,8,2143,2,1,-1,-1,-1
201531D234015,1,3,0,13,0,1,0,0,0,0,4,1,2,2,19,4,124,1,6,-1,1,-1
201531D234015,2,9,0,7,0,5,0,0,0,0,2,1,2,2,43,7,998,1,-1,-1,1,-1
201531D234115,1,3,0,18,0,0,0,0,0,0,4,1,6,1,36,7,125,1,-1,-1,1,-1
201531D235515,1,3,0,14,0,1,0,0,0,0,1,1,6,1,24,5,124,1,11,-1,-1,-1
201531D235515,2,9,0,9,0,5,0,0,0,0,3,1,6,1,73,10,1461,2,7,-1,1,-1
201531D236315,1,19,0,6,0,8,0,0,0,0,4,1,1,1,47,8,1995,2,4,-1,1,-1
201531D236315,2,1,0,18,0,1,0,0,0,0,1,1,1,1,31,6,-1,-1,-1,-1,1,-1
201531D236815,1,9,0,12,0,0,0,0,0,0,3,1,1,1,65,9,2198,1,9,-1,2,-1
201531D236815,2,9,0,18,0,0,0,0,4,6,4,1,6,1,26,6,1390,1,15,-1,2,-1
201531D236815,3,9,0,18,0,0,0,0,0,0,3,1,6,2,39,7,-1,-1,-1,-1,2,-1
201531D237215,1,9,0,11,0,0,0,0,0,0,4,2,1,2,27,6,-1,-1,-1,-1,1,-1
201531D237215,2,9,0,18,0,0,0,0,1,7,3,1,6,1,32,6,1896,2,7,-1,1,-1
201531D237615,1,9,0,5,0,2,0,0,0,0,0,1,1,2,36,7,1587,1,13,-1,1,-1
201531D237615,2,1,0,13,0,2,1,0,0,0,1,1,4,1,12,3,-1,-1,-1,-1,1,-1
201531D238415,1,9,0,18,0,0,1,0,0,0,1,1,6,1,47,8,1124,1,18,-1,1,-1
201531D238415,2,9,0,4,0,0,0,0,0,0,2,1,1,1,55,8,-1,-1,-1,-1,1,-1
201531D238415,3,9,0,4,0,0,0,0,0,0,2,1,6,1,46,8,3800,1,-1,-1,1,-1
201531D238615,1,9,0,9,0,5,0,0,0,0,1,1,6,1,86,11,1968,2,6,-1,2,-1
201531D238615,2,5,0,18,0,8,1,10,0,0,1,1,6,1,47,8,749,1,4,-1,1,-1
201531D238615,3,9,0,10,0,1,0,0,0,0,3,1,6,1,60,9,1997,1,11,-1,3,-1
201531D239215,1,9,0,18,0,0,0,0,0,0,1,1,6,2,-1,-1,1598,1,5,-1,-1,-1
201531D239215,2,9,0,3,0,0,0,0,0,0,2,1,6,2,22,5,1368,1,8,-1,1,-1
201531D239315,1,5,0,18,0,0,1,0,0,0,3,1,6,1,68,10,1261,1,9,-1,1,-1
201531D239615,1,9,0,16,0,0,5,0,7,11,4,1,6,1,22,5,-1,-1,-1,-1,2,-1
201531D239715,1,9,0,18,0,0,0,0,0,0,1,1,6,1,78,11,1242,1,10,-1,1,-1
201531D240115,1,9,0,18,0,0,0,0,0,0,1,1,6,1,58,9,996,1,1,-1,1,-1
201531D240315,1,9,0,18,0,0,0,0,0,0,3,1,6,1,60,9,1995,2,2,-1,3,-1
201531D240315,2,20,0,18,0,0,0,0,0,0,3,1,1,1,55,8,12900,2,8,-1,1,-1
201531D240315,3,11,0,18,0,0,0,0,0,0,1,1,1,1,37,7,9600,2,-1,-1,1,-1
201531D240615,1,9,0,18,0,0,1,0,1,0,3,1,1,2,47,8,1598,2,5,-1,1,-1
201531D240615,2,9,0,18,0,0,0,0,1,0,3,1,6,1,59,9,1998,2,7,-1,1,-1
201531D240815,1,9,0,7,0,6,0,0,0,0,4,1,2,2,39,7,1995,2,5,-1,1,-1
201531D240815,2,9,0,18,0,8,1,0,0,0,1,1,2,1,28,6,1360,1,12,-1,1,-1
201531D241815,1,9,0,9,0,6,0,0,0,0,3,1,6,1,39,7,1248,2,10,-1,1,-1
201531D241915,1,9,0,18,0,8,0,0,1,11,1,1,6,1,36,7,1794,1,15,-1,1,-1
201531D242515,1,9,0,6,0,0,0,0,0,0,3,1,1,3,-1,-1,-1,-1,-1,-1,-1,-1
201531D243315,1,9,0,18,0,0,1,0,1,11,1,1,6,1,23,5,1910,2,8,-1,1,-1
201531D243315,2,9,0,2,0,0,0,0,0,0,0,1,2,1,30,6,1124,1,9,-1,-1,-1
201531D243415,1,9,0,5,0,8,0,0,0,0,4,1,6,2,20,4,1198,1,6,-1,1,-1
201531D243415,2,9,0,18,0,8,0,0,0,0,1,1,6,2,27,6,1242,1,9,-1,1,-1
201531D243515,1,9,0,18,0,0,0,10,4,6,3,1,6,1,31,6,1587,1,15,-1,1,-1
201531D243615,1,9,0,6,0,8,0,0,0,0,4,1,6,1,62,9,1124,1,8,-1,1,-1
201531D243615,2,9,0,18,0,1,0,0,1,0,4,1,6,2,72,10,1368,1,7,-1,3,-1
201531D243715,1,9,0,7,0,5,0,0,0,0,1,1,6,1,65,9,1997,2,10,-1,1,-1
201531D243915,1,9,0,18,0,0,0,0,0,0,1,1,1,2,48,8,998,1,16,-1,2,-1
201531D243915,2,9,0,4,0,0,0,0,0,0,2,1,6,1,69,10,1995,2,3,-1,3,-1
201531D244015,1,9,0,9,0,5,0,0,0,0,3,1,6,1,75,10,1497,8,3,-1,1,-1
201531D244015,2,1,0,10,0,1,0,0,0,0,1,1,2,1,34,6,-1,-1,-1,-1,1,-1
201531D244615,1,5,0,18,0,0,1,0,0,0,3,1,6,1,54,8,-1,-1,-1,-1,1,-1
201531D245515,1,19,0,5,0,0,0,0,0,0,3,1,1,1,44,7,2295,7,10,-1,2,-1
201531D245515,2,9,0,13,0,0,1,0,7,9,4,1,6,1,52,8,-1,-1,-1,-1,1,-1
201531D245615,1,2,0,8,0,6,1,0,0,0,1,1,6,1,18,4,49,1,2,-1,2,-1
201531D245615,2,3,0,3,0,2,0,0,0,0,2,1,1,1,40,7,125,1,7,-1,3,-1
201531D246015,1,9,0,9,0,6,0,0,0,0,1,1,6,1,67,10,2987,2,9,-1,1,-1
201531D246015,2,19,0,18,0,8,0,10,1,4,3,1,1,1,60,9,2143,2,3,-1,1,-1
201531D246315,1,9,0,16,0,8,0,0,0,0,1,1,6,1,22,5,1399,2,3,-1,1,-1
201531D246315,2,9,0,10,0,5,0,0,0,0,2,1,6,1,39,7,1998,2,6,-1,1,-1
201531D246515,1,9,0,13,0,0,0,4,1,4,1,1,6,2,65,9,1799,1,6,-1,1,-1
201531D246515,2,9,0,2,0,0,0,0,0,0,2,1,6,1,21,5,2979,1,14,-1,1,-1
201531D246815,1,9,0,9,0,5,0,0,0,0,4,1,6,2,41,7,1360,1,9,-1,1,-1
201531D246815,2,19,0,18,0,8,0,0,0,0,1,1,6,1,34,6,1868,2,16,-1,1,-1
201531D247015,1,9,0,4,0,1,0,0,0,0,1,1,6,1,21,5,1399,2,4,-1,1,-1
201531D247015,2,9,0,3,0,1,0,0,0,0,2,1,6,2,48,8,1349,1,3,-1,2,-1
201531D247515,1,19,0,16,0,0,0,0,0,0,1,1,1,1,45,7,2143,2,1,-1,1,-1
201531D247515,2,19,0,17,0,0,0,0,1,0,1,1,1,1,55,8,-1,-1,-1,-1,2,-1
201531D248315,1,5,0,17,0,0,0,0,1,9,1,1,6,1,37,7,599,1,9,-1,1,-1
201531D248815,1,9,0,18,0,1,0,0,0,0,1,1,2,1,30,6,1461,2,10,-1,1,-1
201531D248815,2,9,0,3,0,1,0,0,0,0,2,1,2,2,49,8,1395,1,-1,-1,2,-1
201531D249115,1,3,0,13,0,8,1,0,0,0,4,1,2,1,24,5,124,1,2,-1,1,-1
201531D249215,1,1,0,18,9,1,2,0,1,0,1,1,6,1,-1,-1,-1,-1,-1,-1,-1,-1
201531D249715,1,9,0,17,0,0,1,0,0,0,1,1,2,1,24,5,2143,2,2,-1,1,-1
201531D249715,2,1,0,16,0,0,1,0,0,0,1,1,4,1,15,3,-1,-1,-1,-1,1,-1
201531D250415,1,9,0,18,0,8,0,0,0,0,1,1,6,1,41,7,1995,1,8,-1,1,-1
201531D250415,2,5,0,18,0,8,0,0,0,0,2,1,6,1,24,5,996,1,9,-1,2,-1
201531D250815,1,9,0,17,0,0,2,0,8,0,1,1,2,1,35,6,1242,1,16,-1,1,-1
201531D250915,1,9,0,18,0,1,0,0,0,0,1,1,6,2,19,4,1398,1,-1,-1,1,-1
201531D250915,2,9,0,10,0,1,0,0,0,0,2,1,1,1,37,7,1560,2,1,-1,1,-1
201531D251615,1,9,0,18,0,0,0,0,1,2,1,1,6,1,71,10,1596,1,2,-1,1,-1
201531D252215,1,9,0,18,0,8,0,0,1,3,1,1,6,1,36,7,2993,2,11,-1,-1,-1
201531D252615,1,9,0,9,0,8,0,0,0,0,1,1,6,2,61,9,1248,2,5,-1,3,-1
201531D252615,2,19,0,17,0,8,1,0,0,0,1,1,1,1,28,6,-1,2,12,-1,1,-1
201531D252815,1,3,0,12,0,0,0,0,0,0,3,1,6,1,32,6,124,1,6,-1,1,-1
201531D252815,2,9,0,18,0,0,0,0,1,9,4,1,6,1,74,10,1596,1,11,-1,1,-1
201531D252815,3,9,0,11,0,0,0,4,0,0,1,1,6,1,68,10,1598,1,6,-1,1,-1
201531D253115,1,19,0,4,0,1,1,0,0,0,1,1,2,1,47,8,1997,2,11,-1,1,-1
201531D253115,2,9,0,3,0,1,0,0,0,0,2,1,2,2,40,7,1596,1,11,-1,2,-1
201531D253115,3,9,0,10,0,1,0,0,0,0,2,1,2,2,44,7,1398,1,5,-1,-1,-1
201531D253215,1,9,0,18,0,8,0,0,0,0,4,1,1,1,52,8,1995,2,3,-1,1,-1
201531D253215,2,9,0,18,0,8,0,0,0,0,1,1,6,1,51,8,1461,2,4,-1,1,-1
201531D254115,1,9,0,2,0,8,0,0,3,11,1,1,6,1,63,9,1997,2,6,-1,1,-1
201531D254515,1,9,0,9,0,6,0,0,0,0,1,1,6,1,-1,-1,-1,-1,-1,-1,-1,-1
201531D254515,2,9,0,18,0,8,0,10,7,11,1,1,6,2,54,8,2996,1,7,-1,3,-1
201531D255015,1,9,0,1,0,1,0,7,1,0,2,1,6,1,88,11,1086,1,8,-1,1,-1
201531D255015,2,9,0,8,0,1,0,0,0,0,4,1,6,1,46,8,1686,2,3,-1,1,-1
201531D255515,1,9,0,4,0,0,0,0,0,0,1,1,6,1,54,8,-1,-1,-1,-1,1,-1
201531D255515,2,9,0,3,0,0,0,0,0,0,2,1,6,1,57,9,1364,1,8,-1,1,-1
201531D256015,1,9,0,18,0,0,0,4,0,0,1,1,6,2,74,10,1998,1,13,-1,1,-1
201531D256015,2,9,0,2,0,0,0,0,0,0,2,1,6,2,59,9,1995,2,2,-1,2,-1
201531D256015,3,9,0,2,0,0,0,0,0,0,2,1,6,2,-1,-1,3199,1,16,-1,-1,-1
201531D256215,1,9,0,18,0,0,0,0,0,0,4,1,6,1,46,8,1968,2,10,-1,3,-1
201531D256415,1,9,0,16,0,0,0,0,0,0,1,1,6,1,53,8,1956,2,3,-1,2,-1
201531D256415,2,9,0,18,0,0,0,0,1,10,1,1,6,2,19,4,1229,1,-1,-1,2,-1
201531D256415,3,9,0,18,0,0,0,0,1,10,1,1,6,2,46,8,1685,2,1,-1,3,-1
201531D257515,1,1,0,18,9,0,0,0,0,0,1,1,2,1,16,4,-1,-1,-1,-1,-1,-1
201531D258015,1,9,0,14,0,0,1,0,0,0,1,1,2,2,42,7,1596,1,13,-1,1,-1
201531D258515,1,9,0,9,0,5,0,0,0,0,1,1,6,1,28,6,2993,2,8,-1,1,-1
201531D258515,2,3,0,18,0,8,0,0,0,0,3,1,2,2,25,5,114,1,1,-1,1,-1
201531D258715,1,19,0,18,0,0,2,0,1,7,1,1,1,1,29,6,1560,2,6,-1,2,-1
201531D258815,1,9,0,18,0,0,0,0,0,0,1,1,6,2,23,5,1124,1,12,-1,3,-1
201531D258815,2,9,0,2,0,0,0,0,0,0,2,1,6,1,22,5,1149,1,14,-1,-1,-1
201531D258815,3,9,0,2,0,0,0,0,0,0,2,1,6,1,51,8,2771,1,13,-1,-1,-1
201531D258915,1,9,0,18,0,0,0,0,0,0,4,1,6,1,40,7,-1,-1,-1,-1,-1,-1
201531D259315,1,9,0,18,0,0,0,7,0,0,1,1,6,1,65,9,1598,1,9,-1,1,-1
201531D259615,1,9,0,9,0,6,0,0,0,0,3,1,2,2,49,8,1242,1,16,-1,1,-1
201531D259615,2,2,0,18,0,8,0,0,0,0,1,1,6,1,25,5,49,1,6,-1,1,-1
201531D259815,1,19,0,9,0,6,0,0,0,0,4,1,6,1,-1,-1,-1,-1,-1,-1,-1,-1
201531D259815,2,3,0,16,0,8,0,0,0,0,1,1,6,1,19,4,124,1,9,-1,1,-1
201531D260815,1,9,0,18,0,0,1,0,5,11,1,1,6,2,48,8,998,1,5,-1,1,-1
201531D261815,1,9,0,9,0,6,0,0,0,0,1,1,2,1,46,8,-1,-1,-1,-1,3,-1
201531D261815,2,9,0,16,0,1,1,0,7,0,4,1,2,2,44,7,1995,2,10,-1,1,-1
201531D262415,1,9,0,17,0,0,1,0,1,4,1,1,6,1,24,5,1998,1,8,-1,1,-1
201531D262515,1,9,0,5,0,8,0,0,0,0,1,1,1,1,30,6,1499,2,-1,-1,2,-1
201531D262515,2,9,0,18,0,8,0,10,2,4,4,1,6,2,42,7,1910,2,12,-1,1,-1
201531D262815,1,9,0,18,0,0,0,0,0,0,1,1,2,1,56,9,1560,2,5,-1,1,-1
201531D262815,2,90,0,18,0,0,0,0,7,0,1,1,1,1,47,8,2500,2,8,-1,2,-1
201531D262915,1,19,0,18,0,1,0,0,0,0,1,1,6,1,-1,-1,2198,2,2,-1,-1,-1
201531D264815,1,9,0,9,0,5,0,0,0,0,4,1,6,1,22,5,1598,2,-1,-1,-1,-1
201531D264815,2,9,0,18,0,7,1,0,0,0,1,1,6,1,46,8,1796,1,10,-1,-1,-1
201531D264815,3,9,0,10,0,1,0,0,0,0,3,1,6,2,38,7,1598,2,5,-1,1,-1
201531D264815,4,9,0,10,0,1,0,0,0,0,1,1,6,2,47,8,1124,1,11,-1,1,-1
201531D265715,1,9,0,9,0,6,0,0,0,0,4,1,6,2,66,10,1422,2,7,-1,1,-1
201531D265715,2,19,0,18,0,8,0,0,0,0,1,1,1,1,57,9,1753,2,8,-1,2,-1
201531D265815,1,9,0,18,0,2,0,0,0,0,1,1,6,2,24,5,1149,1,14,-1,1,-1
201531D265815,2,9,0,4,0,2,0,0,0,0,2,1,6,2,62,9,1598,1,8,-1,2,-1
201531D265815,3,9,0,4,0,2,0,0,0,0,2,1,6,3,-1,-1,-1,-1,-1,-1,-1,-1
201531D266315,1,9,0,12,0,0,0,0,1,11,4,1,6,1,37,7,1956,2,1,-1,-1,-1
201531D266315,2,9,0,18,0,0,0,0,1,0,4,1,6,2,44,7,998,1,3,-1,3,-1
201531D267215,1,9,0,9,0,6,0,0,0,0,1,1,6,1,25,5,1598,1,14,-1,-1,-1
201531D267215,2,9,0,18,0,8,0,0,0,0,3,1,6,1,46,8,1397,1,6,-1,1,-1
201531D268615,1,9,0,18,0,6,0,7,7,11,4,1,6,2,-1,-1,1497,1,13,-1,1,-1
201531D268815,1,9,0,1,0,1,0,0,0,0,2,1,6,3,-1,-1,-1,-1,-1,-1,-1,-1
201531D269115,1,3,0,16,0,0,1,0,0,0,4,1,6,1,22,5,100,1,15,-1,1,-1
201531D269815,1,9,0,7,0,6,0,0,0,0,0,1,6,1,30,6,2616,1,10,-1,1,-1
201531D269915,1,9,0,1,0,1,0,0,0,0,2,1,6,1,25,5,1968,2,4,-1,2,-1
201531D270215,1,9,0,17,0,0,5,0,2,0,1,1,6,2,18,4,998,1,2,-1,1,-1
201531D271615,1,9,0,18,0,0,0,0,0,0,1,1,3,2,35,6,1242,1,11,-1,1,-1
201531D271615,2,9,0,3,0,0,0,0,0,0,2,1,1,2,24,5,1596,1,14,-1,-1,-1
201531D271615,3,9,0,3,0,0,0,0,0,0,2,1,3,2,46,8,1498,1,10,-1,-1,-1
201531D272015,1,9,0,9,0,6,0,0,0,0,3,1,6,1,40,7,1968,2,6,-1,3,-1
201531D272015,2,4,0,18,0,8,0,0,7,0,1,1,6,1,50,8,250,1,5,-1,3,-1
201531D272615,1,20,0,18,0,1,0,0,0,0,1,1,1,1,54,8,4485,2,-1,-1,1,-1
201531D272615,2,19,0,3,0,1,0,0,0,0,2,1,1,1,56,9,2143,2,2,-1,1,-1
201531D272615,3,9,0,3,0,1,0,0,0,0,2,1,2,2,46,8,1969,2,1,-1,2,-1
201531D272715,1,9,0,11,0,0,0,0,0,0,4,1,6,1,24,5,1389,1,16,-1,1,-1
201531D272715,2,19,0,18,0,0,0,0,0,0,3,1,6,1,57,9,-1,-1,-1,-1,1,-1
201531D273615,1,9,0,17,0,8,0,0,0,0,0,1,6,3,-1,-1,-1,-1,-1,-1,-1,-1
201531D273615,2,9,0,9,0,6,0,10,1,0,4,1,6,1,40,7,1149,1,7,-1,1,-1
201531D274515,1,17,4,18,0,0,0,0,0,0,1,1,6,1,30,6,8292,2,5,-1,3,-1
201531D274515,2,1,0,18,0,0,0,0,1,9,2,1,6,1,60,9,-1,-1,-1,-1,2,-1
201531D275415,1,9,0,18,0,0,0,0,0,0,1,1,6,2,71,10,1242,1,10,-1,1,-1
201531D275415,2,9,0,2,0,0,0,0,0,0,3,1,6,3,-1,-1,1598,1,1,-1,-1,-1
201531D275615,1,9,0,9,0,5,0,0,1,1,1,1,6,2,38,7,1995,2,1,-1,1,-1
201531D276015,1,9,0,18,0,1,0,0,0,0,1,1,1,1,53,8,2993,2,11,-1,1,-1
201531D276015,2,1,0,18,0,1,0,0,0,0,3,1,4,1,13,3,-1,-1,-1,-1,1,-1
201531D277115,1,9,0,9,0,4,0,0,0,0,1,1,6,2,68,10,2179,2,4,-1,3,-1
201531D277115,2,1,0,18,9,6,0,0,0,0,3,1,6,1,22,5,-1,-1,-1,-1,1,-1
201531D277215,1,9,0,18,0,0,0,0,0,0,1,1,6,3,-1,-1,-1,-1,-1,-1,-1,-1
201531D277315,1,19,0,18,0,2,0,0,0,0,1,1,6,1,35,6,2198,2,1,-1,1,-1
201531D277315,2,9,0,3,0,2,0,0,0,0,2,1,6,1,49,8,1997,2,13,-1,1,-1
201531D277915,1,21,1,17,0,0,5,0,1,4,1,1,6,1,53,8,7790,2,6,-1,1,-1
201531D278415,1,19,0,18,0,8,2,0,1,9,4,1,2,1,24,5,2461,2,11,-1,1,-1
201531D278415,2,9,0,18,0,6,1,0,2,1,1,1,2,2,-1,-1,1200,1,1,-1,3,-1
201531D278615,1,9,0,18,0,8,0,0,0,0,1,1,6,1,59,9,1798,1,8,-1,1,-1
201531D278615,2,19,0,18,0,8,0,0,0,0,2,1,6,1,51,8,1997,2,9,-1,1,-1
201531D278615,3,9,0,18,0,8,0,0,0,0,2,1,6,1,68,10,2179,2,4,-1,2,-1
201531D278715,1,9,0,1,0,8,0,0,0,0,2,1,6,1,21,5,2800,1,15,-1,1,-1
201531D278715,2,9,0,3,0,8,0,0,0,0,1,1,6,1,39,7,1199,1,13,-1,-1,-1
201531D278815,1,9,0,5,0,1,0,0,0,0,1,1,6,1,28,6,1998,2,7,-1,-1,-1
201531D278815,2,9,0,3,0,1,0,0,0,0,2,1,6,2,40,7,1598,1,8,-1,1,-1
201531D278915,1,9,0,5,0,6,0,0,0,0,1,1,6,1,59,9,2148,2,7,-1,1,-1
201531D278915,2,9,0,18,0,8,0,0,1,4,3,1,6,2,31,6,1587,1,10,-1,1,-1
201531D279615,1,9,0,18,0,0,5,4,8,0,1,1,6,1,84,11,1390,1,7,-1,1,-1
201531D279615,2,9,0,2,0,0,0,0,0,0,2,1,6,3,-1,-1,1364,2,2,-1,-1,-1
201531D279615,3,9,0,2,0,0,0,0,0,0,2,1,6,3,-1,-1,1242,1,-1,-1,-1,-1
201531D279615,4,9,0,2,0,0,0,0,0,0,2,1,6,3,-1,-1,1390,1,12,-1,-1,-1
201531D279715,1,11,0,7,0,6,0,0,0,0,0,1,1,1,54,8,9000,2,1,-1,-1,-1
201531D280015,1,9,0,3,0,0,0,0,0,0,2,1,6,1,56,9,1587,1,10,-1,2,-1
201531D280015,2,3,0,18,0,0,1,0,0,0,1,1,6,1,19,4,125,1,-1,-1,2,-1
201531D280415,1,9,0,18,0,1,0,0,0,0,1,1,6,1,26,6,1242,1,13,-1,1,-1
201531D280415,2,9,0,3,0,1,0,0,0,0,2,1,6,1,42,7,1896,2,6,-1,1,-1
201531D281215,1,9,0,18,0,0,0,0,0,0,1,1,2,2,19,4,1240,1,12,-1,1,-1
201531D281215,2,9,0,4,0,0,0,0,0,0,2,1,6,1,17,4,1398,1,-1,-1,1,-1
201531D281915,1,9,0,18,0,1,0,0,0,0,1,1,6,1,-1,-1,1910,2,7,-1,1,-1
201531D281915,2,9,0,3,0,1,0,0,0,0,2,1,3,2,25,5,1199,1,12,-1,1,-1
201531D282215,1,9,0,16,0,0,0,0,0,0,4,1,6,2,30,6,1422,2,7,-1,1,-1
201531D282515,1,9,0,9,0,8,0,0,1,2,1,1,6,1,18,4,1986,2,8,-1,1,-1
201531D282815,1,9,0,18,0,0,1,4,1,11,2,1,6,1,29,6,2000,2,11,-1,2,-1
201531D282815,2,9,0,2,0,0,0,4,1,0,1,1,6,3,-1,-1,1598,1,4,-1,-1,-1
201531D282815,3,9,0,2,0,0,0,4,0,0,1,1,6,3,-1,-1,1798,1,7,-1,-1,-1