Accident_Index,Vehicle_Reference,Vehicle_Type,Towing_and_Articulation,Vehicle_Manoeuvre,Vehicle_Location-Restricted_Lane,Junction_Location,Skidding_and_Overturning,Hit_Object_in_Carriageway,Vehicle_Leaving_Carriageway,Hit_Object_off_Carriageway,1st_Point_of_Impact,Was_Vehicle_Left_Hand_Drive?,Journey_Purpose_of_Driver,Sex_of_Driver,Age_of_Driver,Age_Band_of_Driver,Engine_Capacity_(CC),Propulsion_Code,Age_of_Vehicle,Driver_IMD_Decile,Driver_Home_Area_Type,Vehicle_IMD_Decile
201531D282815,4,9,0,2,0,0,0,0,0,0,1,1,6,3,-1,-1,5461,1,8,-1,-1,-1
201531D283315,1,9,0,9,0,6,0,0,0,0,1,1,6,2,-1,-1,1242,1,13,-1,1,-1
201531D283315,2,9,0,18,0,1,0,0,0,0,3,1,1,2,29,6,1360,1,9,-1,2,-1
201531D283815,1,9,0,9,0,5,0,0,0,0,1,1,6,1,21,5,1242,1,-1,-1,2,-1
201531D283815,2,19,0,18,0,8,0,0,0,0,1,1,6,1,54,8,-1,-1,-1,-1,1,-1
201531D283915,1,9,0,14,0,8,0,0,0,0,1,1,6,1,29,6,1398,1,1,-1,1,-1
201531D283915,2,9,0,7,0,6,0,0,0,0,1,1,6,1,29,6,1198,1,7,-1,1,-1
201531D284415,1,9,0,18,0,8,0,10,7,0,4,1,2,1,24,5,1968,2,7,-1,1,-1
201531D284415,2,5,0,9,0,6,0,0,0,0,1,1,6,1,24,5,599,1,5,-1,1,-1
201531D284915,1,19,0,18,0,0,0,0,1,11,1,1,2,1,23,5,2198,2,1,-1,-1,-1
201531D285215,1,9,0,9,0,5,0,0,0,0,1,1,1,1,28,6,998,1,3,-1,1,-1
201531D285215,2,19,0,3,0,1,0,0,0,0,1,1,1,1,52,8,1995,2,7,-1,1,-1
201531D285215,3,9,0,2,0,1,0,0,0,0,0,1,6,3,-1,-1,1242,1,12,-1,-1,-1
201531D285415,1,9,0,9,0,5,0,0,0,0,4,1,6,2,18,4,1199,1,11,-1,1,-1
201531D285415,2,9,0,18,0,8,0,0,0,0,1,1,6,1,24,5,1229,1,9,-1,1,-1
201531D285615,1,9,0,13,0,3,1,10,7,7,1,1,6,2,22,5,1242,1,7,-1,1,-1
201531D285615,2,9,0,16,0,3,0,0,0,0,0,1,6,1,-1,-1,-1,-1,-1,-1,-1,-1
201531D285815,1,21,1,13,0,0,0,0,0,0,4,1,1,1,45,7,10837,2,1,-1,2,-1
201531D285815,2,1,0,18,0,0,0,0,0,0,3,1,6,1,48,8,-1,-1,-1,-1,-1,-1
201531D286115,1,9,0,18,0,1,0,0,0,0,0,1,6,1,61,9,1997,2,7,-1,1,-1
201531D287015,1,19,0,4,0,0,0,0,0,0,2,1,1,1,52,8,-1,-1,-1,-1,2,-1
201531D287015,2,9,0,18,0,0,0,0,0,0,1,1,6,2,33,6,1299,1,13,-1,3,-1
201531D287215,1,9,0,9,0,6,0,0,0,0,3,1,1,1,43,7,1229,1,10,-1,2,-1
201531D287215,2,1,0,18,0,8,0,0,0,0,1,1,1,1,41,7,-1,-1,-1,-1,2,-1
201531D287315,1,9,0,18,0,1,0,0,0,0,1,1,6,1,29,6,1798,1,2,-1,1,-1
201531D287315,2,9,0,4,0,1,0,0,0,0,2,1,6,2,50,8,998,1,7,-1,1,-1
201531D287315,3,9,0,4,0,1,0,0,0,0,2,1,6,1,25,5,1390,1,9,-1,3,-1
201531D288015,1,9,0,18,0,0,0,0,7,0,1,1,6,1,81,11,1783,1,13,-1,1,-1
201531D288015,2,19,0,2,0,0,0,0,0,0,4,1,1,1,53,8,2143,2,-1,-1,1,-1
201531D288315,1,19,0,7,0,5,0,0,0,0,1,1,6,3,-1,-1,-1,-1,-1,-1,-1,-1
201531D288615,1,9,0,4,0,1,0,0,0,0,1,1,2,1,23,5,3222,2,12,-1,1,-1
201531D288615,2,9,0,3,0,1,0,0,0,0,2,1,2,2,21,5,1368,1,8,-1,1,-1
201531D289915,1,9,0,18,0,0,2,0,5,4,1,1,6,1,41,7,1995,1,13,-1,1,-1
201531D290515,1,9,0,18,0,8,0,0,0,0,3,1,2,2,44,7,1798,1,10,-1,1,-1
201531D290515,2,9,0,18,0,8,0,0,0,0,1,1,2,2,23,5,1242,1,2,-1,-1,-1
201531D290715,1,9,0,17,0,0,2,0,1,0,4,1,6,1,27,6,1598,1,11,-1,1,-1
201531D291715,1,9,0,18,0,8,0,0,0,0,1,1,1,1,33,6,1968,2,8,-1,1,-1
201531D291715,2,9,0,18,0,8,0,0,7,11,4,1,1,2,55,8,2706,1,1,-1,1,-1
201531D292415,1,9,0,18,0,0,0,0,0,0,1,1,1,2,28,6,1388,1,6,-1,-1,-1
201531D292415,2,9,0,4,0,0,0,0,0,0,2,1,6,1,55,8,1560,2,5,-1,-1,-1
201531D292615,1,9,0,18,0,8,1,10,0,0,4,1,3,1,27,6,1956,2,-1,-1,-1,-1
201531D292715,1,9,0,17,0,8,0,7,0,0,1,1,6,1,87,11,1461,2,3,-1,1,-1
201531D292715,2,9,0,18,0,1,0,0,0,0,3,1,6,1,24,5,2446,2,14,-1,3,-1
201531D293315,1,9,0,13,1,0,0,7,0,0,1,1,6,1,61,9,-1,-1,-1,-1,1,-1
201531D293315,2,1,0,18,1,0,0,0,0,0,1,1,6,1,71,10,-1,-1,-1,-1,1,-1
201531D293715,1,9,0,18,0,6,0,0,0,0,1,1,6,2,45,7,1591,1,7,-1,1,-1
201531D293715,2,9,0,18,0,8,1,0,1,11,4,1,6,1,18,4,1390,1,9,-1,1,-1
201531D294015,1,9,0,18,0,1,0,0,0,0,3,1,2,2,31,6,1499,1,-1,-1,1,-1
201531D294015,2,9,0,3,0,2,0,0,0,0,3,1,2,1,36,7,2401,2,8,-1,1,-1
201531D294015,3,9,0,3,0,2,0,0,0,0,3,1,6,1,57,9,1998,2,9,-1,1,-1
201531D294315,1,19,0,18,0,0,0,0,0,0,1,1,6,3,-1,-1,-1,-1,-1,-1,-1,-1
201531D294315,2,5,0,18,0,0,0,0,0,0,2,1,6,1,37,7,599,1,5,-1,1,-1
201531D294615,1,9,0,3,0,1,0,0,0,0,2,1,6,2,57,9,2993,2,4,-1,1,-1
201531D294615,2,9,0,18,0,1,0,0,0,0,1,1,6,1,84,11,1339,1,10,-1,1,-1
201531D294615,3,9,0,18,0,1,0,0,0,0,1,1,6,2,-1,-1,-1,-1,-1,-1,1,-1
201531D294715,1,9,0,9,0,4,0,0,0,0,1,1,6,1,44,7,2494,2,12,-1,1,-1
201531D294715,2,3,0,7,0,4,0,0,0,0,1,1,2,1,18,4,124,1,-1,-1,1,-1
201531P005815,1,9,0,18,0,0,0,0,5,6,1,1,6,1,48,8,1956,2,3,-1,1,-1
201531P005815,2,20,1,18,0,0,0,0,0,0,2,1,1,1,37,7,-1,-1,-1,-1,1,-1
201531P014715,1,9,0,18,0,0,0,11,0,0,1,1,6,1,-1,-1,1329,1,2,-1,1,-1
201531P020215,1,9,0,18,0,7,1,0,0,0,1,1,6,1,31,6,2987,2,9,-1,2,-1
201531P020215,2,9,0,3,0,2,0,0,0,0,2,1,6,2,25,5,1995,2,2,-1,2,-1
201531P020215,3,9,0,3,0,2,0,0,0,0,2,1,6,1,40,7,1560,2,3,-1,-1,-1
201531P020215,4,9,0,3,0,2,0,0,0,0,2,1,6,1,60,9,1753,2,5,-1,1,-1
201531P020215,5,9,0,3,0,2,0,0,0,0,2,1,6,1,59,9,1598,1,6,-1,1,-1
201531P020215,6,19,0,3,0,2,0,0,0,0,2,1,1,1,51,8,2402,2,11,-1,1,-1
201531P047915,1,9,0,3,0,1,0,0,0,0,2,1,6,1,41,7,1991,2,10,-1,1,-1
201531P047915,2,9,0,18,0,1,0,0,0,0,1,1,6,2,-1,-1,-1,-1,-1,-1,-1,-1
201531P048515,1,9,0,18,0,1,0,0,0,0,1,1,6,1,38,7,1984,1,13,-1,-1,-1
201531P048515,2,9,0,3,0,1,0,0,0,0,2,1,6,1,38,7,1956,2,1,-1,1,-1
201531P050815,1,9,0,12,0,0,0,0,0,0,1,1,2,2,46,8,1797,1,1,-1,1,-1
201531P050815,2,21,1,18,0,0,0,0,0,0,2,1,1,1,34,6,12130,2,10,-1,3,-1
201531P083715,1,9,0,18,0,0,0,0,5,6,1,1,6,1,54,8,1598,1,10,-1,1,-1
201531P083715,2,9,0,18,0,0,0,0,6,0,4,1,6,1,31,6,1560,2,3,-1,1,-1
201531P093015,1,9,0,11,0,0,2,0,5,6,1,1,6,2,49,8,1206,1,4,-1,1,-1
201531P093015,2,20,1,18,0,0,0,0,0,0,3,1,1,1,39,7,-1,-1,-1,-1,1,-1
201531P112715,1,9,0,18,0,0,1,7,2,7,2,1,6,2,35,6,1124,1,8,-1,1,-1
201531P112715,2,20,1,18,0,0,0,0,0,0,1,1,1,1,62,9,-1,-1,-1,-1,1,-1
201531P128015,1,21,0,18,0,8,0,0,0,0,1,1,1,1,43,7,9290,2,3,-1,1,-1
201531P128015,2,19,0,18,0,8,2,0,1,0,2,1,1,1,46,8,1870,2,12,-1,1,-1
201531P141415,1,9,0,11,0,0,0,0,0,0,4,1,6,1,37,7,2143,2,2,-1,1,-1
201531P141415,2,9,0,12,0,0,0,0,1,7,3,1,6,2,31,6,1388,1,12,-1,1,-1
201531P166615,1,9,0,18,0,0,1,0,0,0,3,1,6,1,38,7,1951,2,11,-1,1,-1
201531P166615,2,21,1,18,0,0,1,0,0,0,4,1,1,1,44,7,12902,2,1,-1,2,-1
201531P166615,3,21,1,18,0,0,0,0,0,0,3,1,6,1,42,7,12130,2,16,-1,3,-1
201531P187415,1,19,0,16,0,3,0,0,1,7,1,1,2,1,26,6,2494,2,3,-1,1,-1
201531P188815,1,21,1,11,0,0,0,0,0,0,1,1,1,1,-1,-1,-1,2,-1,-1,3,-1
201531P188815,2,9,0,18,0,0,1,0,0,0,3,1,6,1,39,7,1796,1,8,-1,1,-1
201531P188815,3,19,0,18,0,0,0,0,0,0,1,1,6,3,-1,-1,2198,2,3,-1,-1,-1
201531P193115,1,8,0,18,0,0,0,0,0,0,1,1,6,1,62,9,1242,1,4,-1,1,-1
201531P193115,2,9,0,18,0,0,0,0,0,0,2,1,1,2,-1,-1,1598,1,7,-1,1,-1
201531P199815,1,5,0,18,0,0,0,0,0,0,0,1,2,1,46,8,998,1,13,-1,1,-1
2015320000115,1,9,0,18,9,0,0,0,0,0,1,-1,6,1,-1,-1,-1,-1,-1,-1,-1,-1
2015320000142,1,9,0,18,0,0,5,0,1,1,1,1,6,1,25,5,-1,-1,-1,-1,2,-1
2015320000168,1,9,0,18,0,3,0,0,0,0,4,1,6,1,60,9,-1,-1,-1,-1,1,-1
2015320000168,2,8,0,11,0,3,0,0,0,0,3,1,6,1,45,7,-1,-1,-1,-1,-1,-1
2015320000285,1,9,0,18,0,0,1,0,0,4,1,1,6,2,37,7,-1,-1,-1,-1,1,-1
2015320000306,1,9,0,18,0,8,2,0,1,11,4,1,2,2,42,7,-1,-1,-1,-1,1,-1
2015320000340,1,9,0,18,0,0,1,0,7,11,1,1,6,1,30,6,1298,1,12,-1,3,-1
2015320000345,1,98,1,18,0,1,0,0,0,0,1,1,1,1,63,9,12740,2,1,-1,3,-1
2015320000345,2,9,0,10,0,1,0,0,7,10,2,1,6,2,23,5,1198,1,10,-1,3,-1
2015320000346,1,9,0,18,0,0,2,0,1,9,1,1,6,2,21,5,-1,-1,-1,-1,1,-1
2015320000366,1,9,0,18,0,0,1,0,7,0,4,1,6,1,39,7,1686,2,10,-1,3,-1
2015320000387,1,9,0,7,0,0,2,0,7,0,3,1,6,1,23,5,-1,-1,-1,-1,1,-1
2015320000405,1,9,0,18,0,0,0,0,0,0,0,1,6,1,49,8,1560,2,3,-1,2,-1
2015320000609,1,9,0,18,0,0,1,0,7,0,1,1,2,1,42,7,1799,1,8,-1,1,-1
2015320000609,2,9,0,18,0,0,1,0,1,0,3,1,6,2,47,8,1242,1,13,-1,1,-1
2015320000686,1,9,0,18,0,8,0,0,0,0,4,1,1,1,48,8,1956,2,6,-1,1,-1
2015320000686,2,11,0,7,9,8,0,0,0,0,1,1,1,1,54,8,-1,2,13,-1,1,-1
2015320000700,1,11,0,17,0,1,0,0,0,0,3,1,1,1,40,7,-1,2,16,-1,1,-1
2015320000700,2,9,0,16,0,1,0,0,0,0,3,1,6,2,18,4,1968,2,1,-1,3,-1
2015320000851,1,9,0,18,0,1,0,0,0,0,1,1,6,1,22,5,1461,2,14,-1,1,-1
2015320000851,2,1,0,18,0,1,0,0,0,0,1,1,6,1,13,3,-1,-1,-1,-1,1,-1
2015320000880,1,9,0,18,0,0,0,0,0,0,0,1,6,3,-1,-1,-1,-1,-1,-1,-1,-1
2015320000880,2,9,0,18,0,0,0,0,1,9,1,1,6,2,81,11,1242,1,8,-1,1,-1
2015320001043,1,9,-1,18,0,0,0,0,0,0,1,1,2,1,40,7,-1,-1,-1,-1,1,-1
2015320001053,1,9,0,9,0,8,0,0,0,0,3,1,6,1,58,9,1332,1,5,-1,2,-1
2015320001053,2,2,0,18,0,8,0,0,0,0,1,1,6,1,17,4,49,1,12,-1,3,-1
2015320001056,1,98,1,18,0,1,1,0,0,0,1,1,1,1,47,8,12777,2,6,-1,-1,-1
2015320001056,2,9,0,10,0,1,0,0,0,0,2,1,6,2,65,9,1390,1,3,-1,3,-1
2015320001061,1,9,0,16,0,0,1,0,0,0,3,1,1,2,48,8,1598,2,5,-1,1,-1
2015320001061,2,9,0,18,0,0,0,0,1,0,3,1,6,2,59,9,1461,2,4,-1,-1,-1
2015320001085,1,9,0,18,0,0,0,0,7,9,1,1,6,1,43,7,-1,-1,-1,-1,3,-1
2015320001085,2,9,0,2,0,0,0,0,0,0,2,1,6,2,44,7,1598,1,9,-1,3,-1
2015320001085,3,9,0,2,0,0,0,0,0,0,4,1,6,1,-1,-1,-1,-1,-1,-1,3,-1
2015320001148,1,9,0,18,0,0,0,0,0,0,1,1,6,1,56,9,-1,-1,-1,-1,2,-1
2015320001148,2,9,0,18,0,0,0,0,0,0,1,1,6,1,50,8,-1,-1,-1,-1,2,-1
2015320001210,1,9,0,3,0,4,0,0,0,0,1,-1,6,3,-1,-1,-1,-1,-1,-1,-1,-1
2015320001265,1,9,0,18,0,1,0,0,0,0,4,1,6,1,-1,-1,-1,-1,-1,-1,-1,-1
2015320001265,2,21,1,2,0,1,0,0,0,0,0,1,6,1,44,7,12777,2,8,-1,1,-1
2015320001304,1,1,0,18,0,8,0,0,0,0,4,1,1,1,26,6,-1,-1,-1,-1,1,-1
2015320001304,2,9,0,10,0,8,0,0,0,0,1,-1,6,1,26,6,2987,2,4,-1,-1,-1
2015320001306,1,9,0,18,0,0,0,0,0,0,1,1,6,1,41,7,1998,2,9,-1,1,-1
2015320001314,1,98,0,4,0,0,0,0,0,0,2,1,6,1,60,9,12600,2,13,-1,1,-1
2015320001314,2,9,0,4,0,0,0,0,0,0,1,1,2,1,53,8,2401,2,10,-1,1,-1
2015320001314,3,9,0,4,0,0,0,0,0,0,0,1,2,1,44,7,1598,2,5,-1,1,-1
2015320001324,1,9,0,18,0,0,0,0,1,3,1,1,6,2,34,6,1398,2,10,-1,1,-1
2015320001326,1,9,0,16,0,0,0,0,7,9,1,1,6,1,88,11,1242,1,10,-1,3,-1
2015320001335,1,9,0,18,0,0,0,0,0,0,3,1,6,1,68,10,-1,-1,-1,-1,1,-1
2015320001335,2,19,0,2,0,0,0,0,0,0,2,1,6,1,32,6,1998,2,10,-1,1,-1
2015320001347,1,9,0,18,0,0,0,4,0,0,2,1,6,1,19,4,1240,1,6,-1,2,-1
2015320001347,2,9,0,2,0,0,0,0,1,0,1,1,6,2,78,11,-1,-1,-1,-1,3,-1
2015320001351,1,9,0,9,0,5,0,0,0,0,4,1,6,1,73,10,1498,1,14,-1,1,-1
2015320001351,2,3,0,18,0,8,0,0,0,0,1,1,6,1,22,5,125,1,4,-1,1,-1
2015320001371,1,3,0,4,0,4,2,11,1,0,0,1,6,1,18,4,125,1,2,-1,3,-1
2015320001376,1,9,0,8,0,1,0,0,0,0,1,1,1,1,34,6,1896,2,12,-1,1,-1
2015320001376,2,9,0,8,0,1,0,0,0,0,2,1,1,2,26,6,1560,2,4,-1,1,-1
2015320001450,1,9,0,17,0,0,1,0,7,4,4,1,1,1,23,5,-1,-1,-1,-1,1,-1
2015320001499,1,9,0,18,0,8,0,0,4,0,2,1,6,2,48,8,1910,2,9,-1,1,-1
2015320001499,2,21,1,18,0,8,1,0,0,0,1,1,1,1,50,8,12900,2,4,-1,1,-1
2015320001499,3,9,0,10,0,1,0,0,0,0,2,1,2,1,33,6,-1,-1,-1,-1,1,-1
2015320001499,4,9,0,10,0,1,0,0,0,0,3,1,6,2,24,5,1999,1,10,-1,-1,-1
2015320001510,1,97,0,18,0,0,0,0,0,0,3,1,6,3,-1,-1,-1,-1,-1,-1,-1,-1
2015320001537,1,9,0,18,0,0,0,0,0,0,1,1,6,1,40,7,1997,2,6,-1,3,-1
2015320001537,2,9,0,18,0,0,0,0,0,0,1,1,6,2,20,4,1198,1,12,-1,3,-1
2015320001537,3,9,0,18,0,0,0,0,0,0,3,1,6,2,40,7,1560,2,3,-1,1,-1
2015320001545,1,9,0,16,0,4,1,0,4,2,2,1,6,1,25,5,-1,-1,-1,-1,2,-1
2015320001547,1,9,0,18,0,1,0,0,0,0,1,1,6,1,71,10,-1,-1,-1,-1,3,-1
2015320001547,2,1,0,18,0,1,0,0,0,0,3,1,6,1,13,3,-1,-1,-1,-1,3,-1
2015320001565,1,9,0,5,0,8,0,0,0,0,4,1,6,1,63,9,1991,2,3,-1,1,-1
2015320001607,1,9,0,16,0,0,1,0,7,9,3,1,1,2,53,8,1587,1,11,-1,2,-1
2015320001662,1,9,0,1,0,0,0,0,0,0,3,-1,6,1,50,8,-1,-1,-1,-1,-1,-1
2015320001663,1,9,0,18,0,0,2,0,1,1,4,1,6,2,18,4,-1,-1,-1,-1,1,-1
2015320001690,1,9,0,9,0,5,1,0,2,10,1,1,6,1,24,5,1781,1,12,-1,-1,-1
2015320001690,2,9,0,18,0,1,0,0,0,0,0,1,1,1,30,6,1686,2,3,-1,1,-1
2015320001710,1,9,0,18,0,1,0,0,0,0,1,1,6,1,30,6,1798,1,9,-1,1,-1
2015320001773,1,9,0,10,0,8,0,0,0,0,1,1,6,2,30,6,1598,1,4,-1,2,-1
2015320001773,2,1,0,18,0,8,0,0,0,0,1,1,6,1,15,3,-1,-1,-1,-1,2,-1
2015320001790,1,9,0,7,0,2,0,0,0,0,2,1,6,2,20,4,1149,1,13,-1,1,-1
2015320001790,2,3,0,18,0,1,0,0,0,0,1,1,6,1,20,4,125,1,3,-1,3,-1
2015320001871,1,9,0,16,0,0,2,0,2,4,1,1,6,1,19,4,-1,-1,-1,-1,2,-1
2015320001913,1,9,0,18,0,0,0,0,0,0,3,1,6,3,-1,-1,-1,-1,-1,-1,-1,-1
2015320001913,2,9,0,18,0,0,0,0,0,0,0,2,6,1,26,6,-1,-1,-1,-1,1,-1
2015320001972,1,9,0,18,0,0,0,0,1,0,1,1,1,1,41,7,-1,-1,-1,-1,1,-1
2015320001972,2,21,0,18,0,0,0,0,0,0,2,1,1,1,40,7,12900,2,8,-1,1,-1
2015320002025,1,9,0,18,0,6,0,0,0,0,2,1,6,1,76,11,1398,1,5,-1,3,-1
2015320002025,2,9,0,18,0,8,0,0,0,0,1,1,6,1,57,9,1198,1,-1,-1,1,-1
2015320002034,1,19,0,18,0,0,0,0,0,0,1,1,1,1,34,6,2198,2,1,-1,3,-1
2015320002034,2,9,0,4,0,0,0,0,0,0,2,1,2,2,24,5,1242,1,11,-1,2,-1
2015320002034,3,9,0,4,0,0,0,0,0,0,2,1,2,2,42,7,1360,1,9,-1,2,-1
2015320002218,1,1,0,18,0,0,0,0,0,0,1,1,6,1,-1,-1,-1,-1,-1,-1,-1,-1
2015320002290,1,9,0,5,0,8,0,0,0,0,4,1,2,1,46,8,1995,2,1,-1,2,-1
2015320002290,2,9,0,18,0,8,0,0,0,0,1,1,2,1,25,5,1229,1,7,-1,3,-1
2015320002297,1,9,0,9,0,6,0,0,0,0,0,1,6,3,-1,-1,2143,2,1,-1,-1,-1
2015320002297,2,1,0,7,0,6,0,0,0,0,0,1,6,2,12,3,-1,-1,-1,-1,1,-1
2015320002306,1,9,0,3,0,4,0,0,0,0,1,1,1,1,58,9,-1,-1,-1,-1,2,-1
2015320002306,2,9,0,3,0,4,0,0,0,0,2,1,1,2,59,9,1124,1,13,-1,3,-1
2015320002316,1,9,0,12,0,8,0,0,0,0,1,1,3,1,68,10,1329,1,6,-1,1,-1
2015320002316,2,8,0,9,0,8,0,0,0,0,4,1,3,1,50,8,-1,-1,-1,-1,1,-1
2015320002317,1,9,0,18,0,0,0,0,0,0,1,1,6,2,26,6,-1,-1,-1,-1,1,-1
2015320002317,2,9,0,3,0,0,0,0,0,0,2,1,6,2,53,8,1995,2,10,-1,1,-1
2015320002318,1,3,0,5,0,3,0,0,0,0,2,1,2,1,31,6,124,1,6,-1,3,-1
2015320002318,2,9,0,5,0,4,0,0,0,0,1,1,2,1,32,6,1956,2,2,-1,1,-1
2015320002335,1,9,0,9,0,2,0,0,0,0,1,1,2,1,56,9,1997,2,6,-1,1,-1
2015320002335,2,1,0,4,0,5,0,0,0,0,1,1,2,1,43,7,-1,-1,-1,-1,1,-1
2015320002369,1,9,0,18,0,0,1,0,1,9,1,1,1,2,21,5,1299,1,13,-1,1,-1
2015320002372,1,9,0,16,0,0,1,0,1,3,1,1,2,2,44,7,-1,-1,-1,-1,1,-1
2015320002389,1,2,0,18,0,0,1,0,0,0,1,1,6,1,18,4,124,1,5,-1,2,-1
2015320002389,2,9,4,2,0,0,0,0,0,0,2,1,6,1,55,8,2495,2,23,-1,1,-1
2015320002426,1,9,0,18,0,0,1,0,1,4,3,1,3,1,19,4,-1,-1,-1,-1,2,-1
2015320002453,1,9,0,3,0,1,0,0,0,0,1,1,6,2,72,10,1598,1,3,-1,2,-1
2015320002453,2,9,0,3,0,1,0,0,0,0,2,1,6,2,38,7,1596,1,10,-1,2,-1
2015320002453,3,19,0,3,0,1,0,0,0,0,2,1,2,1,38,7,-1,-1,-1,-1,3,-1
2015320002474,1,9,0,17,0,0,2,0,1,9,0,1,6,2,21,5,-1,-1,-1,-1,2,-1
2015320002486,1,90,0,18,0,1,0,0,0,0,1,1,6,1,34,6,-1,-1,-1,-1,2,-1
2015320002486,2,9,0,9,0,8,0,0,0,0,1,1,6,2,39,7,-1,-1,-1,-1,3,-1
2015320002491,1,19,0,5,0,1,0,0,0,0,4,1,3,1,24,5,2500,2,10,-1,3,-1
2015320002495,1,9,0,10,0,1,0,0,0,0,4,1,1,1,27,6,-1,-1,-1,-1,1,-1
2015320002495,2,19,0,18,0,8,0,0,0,0,1,1,1,1,39,7,2143,2,2,-1,2,-1
2015320002509,1,19,0,1,0,0,0,0,0,0,2,1,2,1,61,9,2463,2,10,-1,1,-1
2015320002510,1,1,0,18,0,1,0,0,1,10,4,1,6,1,18,4,-1,-1,-1,-1,1,-1
2015320002510,2,9,0,18,0,1,0,0,0,0,1,1,2,1,24,5,1596,1,12,-1,2,-1
2015320002512,1,9,0,16,0,0,0,0,1,9,1,1,6,1,27,6,1598,1,13,-1,3,-1
2015320002576,1,9,0,7,0,6,0,0,0,0,3,1,6,2,32,6,-1,-1,-1,-1,1,-1
2015320002576,2,8,0,18,0,1,0,0,0,0,3,1,1,1,57,9,-1,-1,-1,-1,1,-1
2015320002579,1,21,1,9,7,5,0,0,0,0,0,1,1,1,23,5,12900,2,4,-1,1,-1
2015320002579,2,9,0,18,0,1,0,0,0,0,1,1,6,2,54,8,1390,1,13,-1,3,-1
2015320002579,3,98,0,18,0,1,0,0,0,0,1,1,6,1,39,7,2402,2,9,-1,2,-1
2015320002628,1,90,-1,18,0,0,0,0,0,0,0,-1,6,3,-1,-1,-1,-1,-1,-1,-1,-1
2015320002628,2,21,1,18,0,0,0,0,0,0,1,1,1,1,49,8,10518,2,5,-1,2,-1
2015320002645,1,9,0,18,0,0,0,0,7,0,3,1,6,1,74,10,2685,2,10,-1,3,-1
2015320002733,1,9,0,17,0,0,1,0,7,9,4,-1,6,2,32,6,1248,2,2,-1,2,-1
2015320002772,1,9,0,18,0,0,0,0,0,0,1,2,6,1,76,11,-1,-1,-1,-1,1,-1
2015320002772,2,9,0,3,0,0,0,0,0,0,2,1,6,2,40,7,2179,2,-1,-1,3,-1
2015320002794,1,9,0,18,0,8,0,0,0,0,1,1,6,1,29,6,1753,2,6,-1,3,-1
2015320002795,1,9,0,18,0,0,0,0,1,0,4,1,6,1,80,11,-1,-1,-1,-1,3,-1
2015320002795,2,9,0,18,0,0,0,0,0,0,3,1,6,2,67,10,2199,2,5,-1,2,-1
2015320002799,1,9,0,18,0,1,0,0,0,0,1,1,6,1,53,8,-1,-1,-1,-1,1,-1
2015320002806,1,9,0,4,0,0,0,0,0,0,1,1,6,1,62,9,1798,8,3,-1,1,-1
2015320002806,2,9,0,4,0,0,1,0,0,0,1,1,6,1,72,10,1868,2,13,-1,3,-1
2015320002806,3,20,0,4,0,0,1,0,0,0,1,1,2,1,28,6,3920,2,10,-1,1,-1
2015320002806,4,19,0,4,0,0,1,0,7,0,1,1,2,1,30,6,1598,2,7,-1,-1,-1
2015320002806,5,90,-1,4,0,0,1,0,0,0,1,-1,6,1,49,8,-1,-1,-1,-1,3,-1
2015320002806,6,90,-1,4,0,0,1,0,0,0,2,-1,6,1,45,7,-1,-1,-1,-1,-1,-1
2015320002810,1,9,0,16,0,0,1,0,7,2,1,1,6,1,29,6,-1,-1,-1,-1,-1,-1
2015320002810,2,9,0,18,0,0,0,0,0,0,0,1,1,1,54,8,1598,2,4,-1,2,-1
2015320002859,1,9,0,17,0,2,1,0,1,0,1,1,6,1,26,6,-1,-1,-1,-1,1,-1
2015320002859,2,9,0,16,0,2,0,0,0,10,1,1,6,1,51,8,-1,-1,-1,-1,1,-1
2015320002878,1,9,0,16,0,0,1,0,7,0,1,1,6,1,87,11,996,1,4,-1,1,-1
2015320002892,1,3,0,17,0,1,1,0,1,0,1,1,6,1,21,5,-1,-1,-1,-1,1,-1
2015320002949,1,90,0,18,0,0,0,0,0,0,1,-1,6,3,30,6,-1,-1,-1,-1,-1,-1
2015320002994,1,9,0,18,0,0,2,0,1,0,1,1,6,2,24,5,-1,-1,-1,-1,3,-1
2015320003002,1,9,0,5,0,0,0,0,0,0,1,1,6,1,81,11,1324,1,20,-1,-1,-1
2015320003002,2,1,0,18,0,0,0,0,7,0,4,1,6,1,-1,-1,-1,-1,-1,-1,2,-1
2015320003003,1,9,0,9,0,2,0,0,0,0,0,1,6,2,46,8,1497,1,12,-1,2,-1
2015320003003,2,4,0,18,0,1,5,0,0,0,0,1,6,1,75,10,252,1,18,-1,1,-1
2015320003003,3,9,0,7,0,6,0,1,0,0,4,1,6,3,-1,-1,1242,1,6,-1,3,-1
2015320003051,1,9,0,9,0,0,0,0,7,3,3,1,6,1,62,9,-1,-1,-1,-1,3,-1
2015320003051,2,9,0,13,0,0,0,0,7,11,4,1,6,1,22,5,973,1,13,-1,3,-1
2015320003057,1,9,0,16,0,0,1,0,0,0,1,1,6,1,19,4,1299,1,12,-1,2,-1
2015320003057,2,9,0,17,0,0,0,0,0,0,3,1,6,1,62,9,1242,1,3,-1,3,-1
2015320003120,1,9,0,9,0,1,0,0,0,0,1,1,6,1,18,4,-1,-1,-1,-1,1,-1