Accident_Index,Vehicle_Reference,Vehicle_Type,Towing_and_Articulation,Vehicle_Manoeuvre,Vehicle_Location-Restricted_Lane,Junction_Location,Skidding_and_Overturning,Hit_Object_in_Carriageway,Vehicle_Leaving_Carriageway,Hit_Object_off_Carriageway,1st_Point_of_Impact,Was_Vehicle_Left_Hand_Drive?,Journey_Purpose_of_Driver,Sex_of_Driver,Age_of_Driver,Age_Band_of_Driver,Engine_Capacity_(CC),Propulsion_Code,Age_of_Vehicle,Driver_IMD_Decile,Driver_Home_Area_Type,Vehicle_IMD_Decile
2015320007818,2,1,0,18,4,1,0,0,0,0,1,1,6,1,47,8,-1,-1,-1,-1,1,-1
2015320007834,1,9,0,18,0,8,0,0,0,0,1,2,2,2,27,6,-1,-1,-1,-1,3,-1
2015320007866,1,9,0,17,0,0,1,0,1,0,3,1,6,1,33,6,1753,2,13,-1,2,-1
2015320007866,2,2,0,18,0,0,0,0,1,0,2,1,6,1,24,5,49,1,7,-1,3,-1
2015320007901,1,9,0,16,0,0,0,0,7,3,1,1,6,1,27,6,-1,-1,-1,-1,3,-1
2015320007909,1,19,0,18,0,0,0,0,0,0,1,1,1,1,45,7,2402,2,5,-1,-1,-1
2015320007909,2,9,0,3,0,0,0,0,0,0,2,1,1,1,44,7,998,1,1,-1,1,-1
2015320007936,1,9,0,18,0,0,5,0,2,4,1,1,2,2,53,8,-1,-1,-1,-1,3,-1
2015320008003,1,9,0,9,0,8,0,0,1,0,4,1,1,2,19,4,-1,-1,-1,-1,3,-1
2015320008003,2,9,0,18,0,1,1,0,0,0,1,1,6,1,56,9,1497,1,14,-1,3,-1
2015320008029,1,3,0,18,0,8,0,0,0,0,1,1,2,1,24,5,125,1,-1,-1,1,-1
2015320008029,2,98,0,5,0,8,0,0,0,0,3,1,6,3,-1,-1,-1,-1,-1,-1,-1,-1
2015320008043,1,9,0,16,0,0,1,0,1,9,1,1,6,2,17,4,-1,-1,-1,-1,2,-1
2015320008052,1,97,0,9,0,6,0,0,0,0,1,1,6,1,20,4,124,1,15,-1,3,-1
2015320008052,2,9,0,18,0,6,0,0,0,0,3,1,2,1,25,5,1968,2,10,-1,3,-1
2015320008065,1,9,0,18,0,1,0,0,0,0,1,1,6,1,23,5,1598,1,16,-1,1,-1
2015320008065,2,9,0,10,0,1,0,0,1,11,3,1,6,2,65,9,1968,2,1,-1,2,-1
2015320008065,3,9,0,10,0,1,0,0,0,0,2,1,6,2,30,6,1597,2,2,-1,3,-1
2015320008085,1,9,0,5,0,1,0,0,0,0,2,1,3,2,36,7,1796,1,13,-1,1,-1
2015320008085,2,9,0,5,0,1,0,0,0,0,1,1,6,3,30,6,-1,-1,-1,-1,-1,-1
2015320008121,1,9,0,18,0,0,0,0,0,0,1,1,2,1,68,10,998,1,14,-1,1,-1
2015320008121,2,19,0,18,0,0,0,0,0,0,2,1,2,1,52,8,2287,2,8,-1,2,-1
2015320008145,1,9,0,7,0,8,0,0,0,0,3,1,6,1,68,10,1598,2,2,-1,1,-1
2015320008145,2,9,0,18,0,8,0,0,0,0,1,1,6,2,52,8,-1,-1,-1,-1,1,-1
2015320008163,1,9,0,9,0,1,0,0,0,0,1,1,6,1,22,5,-1,-1,-1,-1,3,-1
2015320008163,2,9,0,18,0,1,0,0,0,0,1,1,6,2,50,8,1390,1,12,-1,1,-1
2015320008172,1,9,0,18,0,8,0,0,0,0,4,1,1,2,19,4,-1,-1,-1,-1,3,-1
2015320008188,1,19,0,18,0,0,1,0,0,0,1,1,1,1,25,5,2300,2,9,-1,-1,-1
2015320008188,2,9,0,4,0,0,0,0,0,0,2,1,6,2,72,10,1198,1,9,-1,3,-1
2015320008188,3,9,0,3,0,0,0,0,0,0,2,1,6,1,40,7,-1,-1,-1,-1,3,-1
2015320008188,4,9,0,3,0,0,0,0,0,0,2,1,6,2,28,6,1299,1,15,-1,2,-1
2015320008189,1,9,0,18,0,0,1,10,7,9,1,1,6,2,19,4,-1,-1,-1,-1,3,-1
2015320008241,1,9,0,16,0,0,2,0,1,4,1,1,6,1,18,4,1149,1,13,-1,1,-1
2015320008243,1,9,0,1,0,0,0,4,0,0,2,1,6,1,18,4,1461,2,9,-1,1,-1
2015320008243,2,9,0,2,0,0,0,0,0,0,2,1,6,3,18,4,1895,1,15,-1,1,-1
2015320008354,1,3,0,18,0,0,0,0,0,0,3,1,1,1,54,8,124,1,4,-1,3,-1
2015320008394,1,9,0,9,0,1,0,0,0,0,2,1,6,2,18,4,1229,1,8,-1,1,-1
2015320008394,2,9,0,5,0,1,0,0,0,0,1,1,6,1,56,9,1396,1,1,-1,1,-1
2015320008469,1,9,0,4,0,1,0,0,0,0,1,1,6,1,50,8,1461,2,2,-1,3,-1
2015320008469,2,9,0,3,0,1,0,0,0,0,2,1,6,1,31,6,1896,2,11,-1,-1,-1
2015320008469,3,9,0,3,0,1,0,0,0,0,2,1,6,2,31,6,1199,2,4,-1,1,-1
2015320008510,1,9,0,18,0,0,2,0,1,9,1,1,6,2,25,5,-1,-1,-1,-1,-1,-1
2015320008511,1,9,0,18,0,8,0,0,0,0,1,1,6,1,28,6,-1,-1,-1,-1,-1,-1
2015320008511,2,9,0,18,0,8,0,0,0,0,2,1,6,1,50,8,-1,-1,-1,-1,1,-1
2015320008530,1,9,0,18,0,0,0,0,0,0,1,1,6,1,25,5,1685,2,3,-1,1,-1
2015320008539,1,9,0,18,0,0,2,0,7,0,1,1,6,1,25,5,-1,-1,-1,-1,1,-1
2015320008557,1,9,0,15,0,0,5,0,1,0,2,1,1,1,38,7,1796,1,16,-1,1,-1
2015320008557,2,90,-1,18,0,0,0,0,0,0,0,-1,6,3,52,8,-1,-1,-1,-1,-1,-1
2015320008601,1,9,0,16,0,0,1,10,7,4,1,1,6,1,19,4,-1,-1,-1,-1,-1,-1
2015320008631,1,9,0,1,0,8,0,0,0,0,2,2,6,1,79,11,1242,1,12,-1,1,-1
2015320008657,1,9,0,3,0,0,0,0,0,0,1,1,6,2,26,6,1124,1,12,-1,2,-1
2015320008657,2,9,0,18,0,0,0,0,0,0,2,1,6,1,19,4,1399,2,11,-1,2,-1
2015320008683,1,9,0,18,0,1,0,0,0,0,1,1,6,1,61,9,1997,2,8,-1,3,-1
2015320008683,2,9,0,18,0,1,2,0,7,0,1,1,6,2,21,5,998,1,6,-1,1,-1
2015320008763,1,9,0,7,0,5,2,10,3,1,1,1,2,1,54,8,-1,-1,-1,-1,1,-1
2015320008819,1,9,0,9,0,4,0,0,0,0,1,1,2,1,29,6,1560,2,3,-1,1,-1
2015320008819,2,9,0,18,0,3,0,0,0,0,3,1,6,1,45,7,-1,-1,-1,-1,2,-1
2015320008876,1,9,0,17,0,0,2,0,8,1,1,1,1,2,24,5,-1,-1,-1,-1,1,-1
2015320008948,1,9,0,18,0,0,0,0,0,0,0,1,6,1,-1,-1,-1,-1,-1,-1,-1,-1
2015320008948,2,9,0,18,0,0,0,0,1,0,0,1,6,1,26,6,1796,1,17,-1,3,-1
2015320008951,1,9,0,18,0,0,1,0,1,9,1,1,6,2,65,9,1198,1,4,-1,2,-1
2015320008958,1,9,0,18,0,1,1,0,0,0,1,1,1,1,69,10,-1,-1,-1,-1,3,-1
2015320008958,2,19,4,3,0,1,0,0,0,0,2,1,1,1,36,7,2299,2,3,-1,1,-1
2015320008961,1,9,0,16,0,1,0,0,0,0,1,1,6,2,80,11,1229,1,9,-1,2,-1
2015320008961,2,21,1,17,0,1,0,0,0,0,1,1,1,1,52,8,12740,2,2,-1,2,-1
2015320008971,1,9,0,17,0,0,2,0,2,11,3,1,6,2,60,9,1587,1,12,-1,2,-1
2015320009017,1,9,0,18,0,0,0,0,7,0,1,1,2,1,31,6,-1,-1,-1,-1,2,-1
2015320009017,2,9,0,4,0,0,0,0,0,0,2,1,6,1,49,8,-1,-1,-1,-1,1,-1
2015320009017,3,9,0,4,0,0,0,0,0,0,2,1,2,1,51,8,2967,2,3,-1,-1,-1
2015320009100,1,9,0,9,0,8,0,0,0,0,1,1,1,1,37,7,1968,2,3,-1,1,-1
2015320009100,2,9,0,17,0,1,0,0,7,0,1,1,1,1,38,7,1968,2,6,-1,1,-1
2015320009164,1,9,0,5,0,4,0,0,0,0,2,1,6,1,71,10,2184,2,12,-1,1,-1
2015320009164,2,1,0,18,0,8,0,0,0,0,1,1,2,1,19,4,-1,-1,-1,-1,3,-1
2015320009182,1,9,0,18,0,8,0,0,0,0,1,1,6,2,81,11,-1,-1,-1,-1,1,-1
2015320009182,2,1,0,18,0,8,0,0,0,0,4,1,6,1,31,6,-1,-1,-1,-1,1,-1
2015320009185,1,9,0,10,0,1,0,0,0,0,1,1,6,1,72,10,1956,2,3,-1,1,-1
2015320009185,2,5,0,18,0,1,0,0,0,0,1,1,6,1,43,7,955,1,10,-1,1,-1
2015320009189,1,9,0,16,0,0,2,0,7,9,1,1,6,1,20,4,-1,-1,-1,-1,-1,-1
2015320009190,1,9,0,17,0,8,0,0,1,11,1,1,1,2,27,6,1995,2,12,-1,-1,-1
2015320009209,1,19,0,17,0,0,1,0,0,0,0,1,6,1,51,8,1686,2,11,-1,3,-1
2015320009340,1,9,0,18,0,0,1,0,0,0,1,1,2,1,50,8,1998,1,12,-1,3,-1
2015320009340,2,9,0,18,0,0,0,0,0,0,2,1,2,1,40,7,2179,2,1,-1,3,-1
2015320009351,1,9,0,5,0,0,0,0,0,0,0,1,6,1,85,11,1248,2,9,-1,1,-1
2015320009455,1,9,0,18,0,0,1,4,0,0,3,1,6,2,-1,-1,973,1,12,-1,-1,-1
2015320009455,2,8,0,2,6,0,0,0,0,0,0,1,1,1,41,7,1997,2,7,-1,1,-1
2015320009455,3,8,0,2,6,0,0,0,0,0,0,1,1,2,53,8,1560,2,3,-1,1,-1
2015320009465,1,1,0,18,0,8,0,0,0,0,3,1,6,1,82,11,-1,-1,-1,-1,3,-1
2015320009465,2,19,0,18,0,8,0,0,0,0,1,1,6,3,17,4,1399,2,9,-1,1,-1
2015320009536,1,9,0,18,6,0,0,0,1,0,1,1,6,2,53,8,1398,2,10,-1,3,-1
2015320009536,2,9,0,18,0,0,0,0,0,0,2,1,6,2,41,7,1896,2,5,-1,1,-1
2015320009604,1,9,0,18,0,2,0,0,3,4,4,1,6,1,23,5,2993,2,3,-1,3,-1
2015320009604,2,90,0,18,0,2,0,0,0,0,0,2,1,3,48,8,-1,-1,-1,-1,-1,-1
2015320009666,1,9,0,18,0,0,2,0,1,0,1,1,1,1,24,5,1248,1,6,-1,-1,-1
2015320009705,1,9,0,17,0,0,0,0,0,0,3,1,6,1,52,8,1997,2,4,-1,2,-1
2015320009705,2,9,0,16,0,0,0,0,0,0,1,1,6,2,59,9,1799,1,7,-1,2,-1
2015320009777,1,9,-1,18,0,0,0,0,0,0,1,-1,6,3,-1,-1,-1,-1,-1,-1,-1,-1
2015320009780,1,9,0,1,0,0,0,0,0,0,2,1,6,2,29,6,1598,1,5,-1,2,-1
2015320009780,2,9,0,18,0,0,0,0,0,0,1,1,1,1,32,6,1686,2,3,-1,1,-1
2015320009780,3,9,0,18,0,0,0,0,0,0,1,1,1,1,-1,-1,1598,2,4,-1,1,-1
2015320009786,1,9,0,18,0,0,2,0,1,9,0,1,6,2,24,5,-1,-1,-1,-1,2,-1
2015320009834,1,2,0,13,0,1,0,0,0,0,1,1,6,1,31,6,125,1,1,-1,1,-1
2015320009834,2,9,0,5,0,1,0,0,0,0,1,1,6,2,51,8,998,1,9,-1,1,-1
2015320009895,1,3,0,18,0,1,0,0,0,0,1,1,6,1,29,6,125,1,5,-1,1,-1
2015320009895,2,9,0,9,0,6,0,0,0,0,3,1,6,1,65,9,-1,-1,-1,-1,1,-1
2015320009954,1,9,0,16,0,0,1,0,1,0,4,1,2,1,42,7,1951,2,13,-1,3,-1
2015320009980,1,5,0,18,0,1,0,0,0,0,4,1,1,1,42,7,-1,-1,-1,-1,3,-1
2015320009999,1,9,0,18,0,0,1,0,0,3,1,1,6,2,29,6,-1,-1,-1,-1,3,-1
2015320010017,1,9,0,3,0,0,0,0,0,0,1,1,6,2,65,9,1995,2,5,-1,2,-1
2015320010017,2,9,0,18,0,0,0,0,0,0,1,1,6,1,76,11,2993,2,7,-1,3,-1
2015320010039,1,9,0,16,0,0,1,0,1,10,4,1,6,2,57,9,1596,1,14,-1,3,-1
2015320010046,1,9,0,18,0,0,2,0,7,9,0,1,2,2,22,5,1242,1,5,-1,3,-1
2015320010242,1,90,4,18,0,0,2,0,0,2,4,1,6,2,58,9,-1,-1,-1,-1,3,-1
2015320010411,1,9,0,13,0,1,0,0,0,0,1,1,6,2,51,8,2143,2,-1,-1,1,-1
2015320010411,2,17,4,9,0,5,0,0,0,0,3,1,1,1,31,6,-1,2,3,-1,1,-1
2015320010417,1,9,0,9,0,1,0,0,0,0,1,1,6,1,65,9,1968,2,1,-1,3,-1
2015320010417,2,9,0,18,0,1,0,0,0,0,1,1,6,1,69,10,2148,2,7,-1,3,-1
2015320010434,1,9,0,18,0,1,0,0,1,1,1,1,2,2,45,7,-1,-1,-1,-1,1,-1
2015320010438,1,9,0,17,0,1,0,0,0,0,1,2,2,2,53,8,1796,1,11,-1,3,-1
2015320010438,2,9,0,5,0,1,0,0,0,0,1,2,6,1,51,8,1298,1,10,-1,3,-1
2015320010439,1,9,0,10,0,8,0,0,0,0,4,1,6,2,53,8,1390,1,14,-1,1,-1
2015320010439,2,9,0,7,0,8,0,0,0,0,1,1,6,1,56,9,-1,-1,-1,-1,3,-1
2015320010461,1,1,0,18,0,8,0,0,0,0,1,1,6,1,18,4,-1,-1,-1,-1,3,-1
2015320010461,2,9,4,9,0,8,0,0,0,0,2,-1,6,3,-1,-1,2987,2,4,-1,-1,-1
2015320010463,1,5,0,18,0,2,1,0,0,7,1,1,2,1,26,6,599,1,16,-1,3,-1
2015320010472,1,9,0,18,0,0,0,0,0,0,1,1,6,2,42,7,3226,2,13,-1,3,-1
2015320010472,2,9,0,18,0,0,5,0,1,0,1,1,6,1,41,7,-1,-1,-1,-1,3,-1
2015320010472,3,9,0,18,0,0,0,0,1,0,1,1,6,1,31,6,1910,2,8,-1,3,-1
2015320010472,4,21,4,18,0,0,0,0,0,0,1,1,6,1,60,9,9290,2,2,-1,3,-1
2015320010601,1,8,0,17,0,8,0,0,0,0,3,-1,6,2,-1,-1,-1,-1,-1,-1,-1,-1
2015320010609,1,9,0,18,0,0,1,0,7,9,1,1,6,1,52,8,-1,-1,-1,-1,3,-1
2015320010707,1,90,-1,6,0,8,0,0,0,0,0,-1,6,3,-1,-1,-1,-1,-1,-1,-1,-1
2015320010707,2,9,0,18,0,8,0,0,0,0,2,1,6,2,52,8,1686,2,11,-1,1,-1
2015320010707,3,9,0,18,0,8,0,0,0,0,1,1,6,2,61,9,1968,2,8,-1,3,-1
2015320010767,1,9,0,9,8,0,0,0,0,0,3,1,6,1,60,9,1796,1,15,-1,3,-1
2015320010767,2,19,0,18,0,0,0,0,0,0,1,1,2,1,70,10,1753,2,11,-1,3,-1
2015320010775,1,9,0,5,0,0,0,0,0,0,3,1,6,2,23,5,1399,1,4,-1,-1,-1
2015320010775,2,3,0,18,0,0,0,0,0,0,1,1,6,1,23,5,124,1,6,-1,1,-1
2015320010796,1,9,0,9,0,5,0,0,0,0,3,1,6,1,24,5,-1,-1,-1,-1,1,-1
2015320010796,2,19,0,18,0,1,0,0,0,0,1,1,1,1,66,10,-1,-1,-1,-1,2,-1
2015320010797,1,9,0,18,0,0,1,10,0,0,1,2,6,1,30,6,-1,-1,-1,-1,-1,-1
2015320010797,2,8,0,2,0,0,0,0,0,0,4,1,1,1,44,7,1995,2,2,-1,1,-1
2015320010825,1,19,0,9,0,0,0,0,0,0,4,1,6,1,60,9,1560,2,1,-1,1,-1
2015320010825,2,1,0,18,0,0,0,0,0,0,1,1,6,1,28,6,-1,-1,-1,-1,1,-1
2015320010942,1,9,0,16,0,0,0,0,7,9,1,1,6,1,20,4,-1,-1,-1,-1,3,-1
2015320010949,1,9,0,18,0,0,0,0,1,4,1,1,6,2,20,4,1461,2,1,-1,3,-1
2015320010950,1,9,0,16,0,0,5,0,1,3,1,1,6,1,22,5,-1,-1,-1,-1,3,-1
2015320010952,1,19,0,2,0,0,0,0,0,0,0,1,6,1,52,8,-1,-1,-1,-1,1,-1
2015320010952,2,9,0,14,0,0,0,0,0,0,1,1,6,1,34,6,2996,1,10,-1,3,-1
2015320010961,1,9,0,16,0,0,0,0,1,1,4,1,6,2,50,8,1998,2,11,-1,3,-1
2015320010979,1,9,0,18,0,0,0,0,0,0,1,1,6,1,64,9,1589,1,19,-1,3,-1
2015320010979,2,9,0,2,0,0,0,0,0,0,2,1,6,1,47,8,1998,2,7,-1,1,-1
2015320011087,1,9,0,18,0,0,0,0,0,0,1,1,6,1,53,8,-1,-1,-1,-1,-1,-1
2015320011087,2,9,0,18,0,0,0,0,0,0,2,1,6,2,26,6,-1,-1,-1,-1,3,-1
2015320011119,1,9,0,13,0,0,0,0,0,0,1,1,6,2,69,10,1598,1,7,-1,1,-1
2015320011119,2,23,0,18,0,0,0,0,0,0,1,1,6,2,60,9,-1,-1,-1,-1,1,-1
2015320011181,1,5,0,18,0,1,0,0,0,0,1,1,6,1,29,6,999,1,4,-1,1,-1
2015320011181,2,9,0,9,0,8,0,0,0,0,3,1,6,1,55,8,-1,-1,-1,-1,-1,-1
2015320011197,1,9,0,18,0,2,0,0,0,0,0,1,6,1,72,10,1339,1,3,-1,3,-1
2015320011212,1,9,0,5,0,1,0,0,0,0,1,1,6,2,59,9,-1,-1,-1,-1,1,-1
2015320011212,2,9,0,18,0,8,1,0,1,0,3,1,6,1,37,7,-1,-1,-1,-1,2,-1
2015320011266,1,9,0,18,0,0,1,0,1,0,1,1,6,1,67,10,799,2,3,-1,1,-1
2015320011284,1,11,0,18,0,0,5,0,1,9,1,1,1,1,66,10,-1,2,16,-1,2,-1
2015320011305,1,3,0,9,0,8,0,0,0,0,1,1,6,1,16,4,-1,-1,-1,-1,1,-1
2015320011305,2,9,0,7,0,8,0,0,0,0,1,1,6,1,39,7,1896,2,8,-1,-1,-1
2015320011333,1,9,0,17,0,0,0,0,0,0,1,-1,6,2,-1,-1,-1,-1,-1,-1,-1,-1
2015320011502,1,9,0,18,0,0,1,0,7,10,4,1,3,2,32,6,998,1,5,-1,2,-1
2015320011561,1,19,0,9,0,6,0,0,0,0,1,1,1,1,31,6,1968,2,1,-1,2,-1
2015320011561,2,9,0,18,0,1,5,0,7,0,2,1,6,1,66,10,2500,1,22,-1,3,-1
2015320011563,1,9,0,18,0,0,1,0,0,0,3,1,1,2,22,5,1598,1,14,-1,3,-1
2015320011563,2,9,0,18,0,0,0,0,1,0,4,1,1,2,66,10,1686,2,13,-1,3,-1
2015320011577,1,97,0,18,9,0,0,0,0,0,0,1,6,3,-1,-1,-1,-1,-1,-1,-1,-1
2015320011598,1,9,0,18,0,0,1,0,7,0,1,1,6,1,26,6,1781,1,15,-1,3,-1
2015320011598,2,21,0,18,0,0,0,0,0,0,3,1,1,1,65,9,12900,2,5,-1,1,-1
2015320011599,1,9,0,18,0,0,2,0,7,0,4,1,6,2,22,5,-1,-1,-1,-1,1,-1
2015320011607,1,9,0,18,0,0,0,0,7,4,1,1,2,1,54,8,-1,-1,-1,-1,1,-1
2015320011619,1,21,0,18,0,0,0,0,0,0,3,1,1,1,53,8,7146,2,7,-1,1,-1
2015320011619,2,9,0,13,0,0,0,0,1,0,1,1,1,1,74,10,-1,-1,-1,-1,1,-1
2015320011619,3,9,0,18,0,0,0,0,1,0,1,1,2,1,47,8,-1,-1,-1,-1,1,-1
2015320011660,1,9,0,16,0,0,0,0,0,0,1,1,2,1,38,7,1995,2,5,-1,1,-1
2015320011660,2,9,0,17,0,0,0,0,0,0,1,1,6,1,51,8,-1,-1,-1,-1,3,-1
2015320011660,3,9,0,17,0,0,0,0,0,0,1,1,2,2,55,8,1120,2,3,-1,-1,-1
2015320011683,1,2,0,16,0,8,0,10,0,0,4,1,6,1,16,4,49,1,13,-1,3,-1
2015320011716,1,9,0,18,0,2,1,0,0,0,1,1,6,1,19,4,1124,1,14,-1,1,-1
2015320011716,2,9,0,9,0,1,0,0,0,0,4,1,6,2,19,4,999,1,1,-1,2,-1
2015320011746,1,9,0,10,0,6,0,0,0,0,1,-1,6,1,75,10,2143,2,1,-1,3,-1
2015320011746,2,9,0,18,0,1,0,7,0,0,1,-1,6,2,41,7,2987,2,4,-1,2,-1
2015320011746,3,21,1,18,0,1,3,0,0,0,1,1,1,1,38,7,-1,-1,-1,-1,1,-1
2015320011920,1,9,0,18,4,1,0,0,0,0,0,1,6,3,-1,-1,1390,1,5,-1,-1,-1
2015320011973,1,9,0,18,0,0,0,0,1,0,1,1,6,1,42,7,2993,2,10,-1,2,-1
2015320011973,2,9,0,18,0,0,0,0,7,0,1,1,6,1,20,4,1968,2,10,-1,2,-1
2015320012049,1,9,0,7,0,6,0,0,0,0,2,1,6,2,40,7,1422,2,13,-1,1,-1
2015320012049,2,5,0,18,0,2,0,0,0,0,0,1,6,1,54,8,1340,1,2,-1,1,-1
2015320012064,1,19,-1,10,0,1,0,0,0,0,3,1,6,1,-1,-1,-1,-1,-1,-1,-1,-1
2015320012064,2,1,0,9,0,2,0,0,0,0,1,1,6,1,21,5,-1,-1,-1,-1,1,-1
2015320012090,1,9,0,4,0,8,0,0,0,0,1,1,6,1,29,6,1997,1,12,-1,1,-1
2015320012090,2,9,0,4,0,8,0,0,0,0,2,1,6,1,50,8,4511,1,9,-1,3,-1
2015320012090,3,9,0,4,0,8,0,0,0,0,2,1,6,2,27,6,1796,1,7,-1,1,-1
2015320012110,1,9,0,18,0,1,0,0,1,0,1,1,1,1,20,4,1399,2,5,-1,1,-1
2015320012110,2,9,0,3,0,1,0,0,0,0,2,1,6,2,42,7,-1,-1,-1,-1,3,-1
2015320012110,3,9,0,3,0,1,0,0,0,0,2,1,6,2,45,7,1600,1,23,-1,3,-1
2015320012164,1,9,0,9,0,8,0,0,0,0,1,1,6,1,55,8,1999,1,9,-1,1,-1
2015320012164,2,9,0,18,0,8,0,0,1,0,1,1,6,1,24,5,1242,1,8,-1,3,-1
2015320012285,1,9,0,18,0,5,0,0,0,0,1,1,6,1,67,10,1150,1,10,-1,1,-1
2015320012285,2,9,0,9,0,8,0,0,0,0,1,1,2,2,25,5,1242,1,9,-1,1,-1
2015320012285,3,9,0,8,0,1,0,0,0,0,1,1,6,1,70,10,-1,-1,-1,-1,3,-1
2015320012309,1,9,-1,9,0,8,0,0,0,0,3,1,6,2,19,4,-1,-1,-1,-1,-1,-1
2015320012309,2,9,0,18,0,2,0,0,0,0,0,1,2,1,62,9,1968,2,3,-1,2,-1
2015320012425,1,9,0,7,0,1,0,0,1,9,4,1,6,2,17,4,1299,1,11,-1,1,-1
2015320012437,1,3,0,16,0,0,0,0,0,0,1,1,6,1,67,10,-1,-1,-1,-1,1,-1
2015320012437,2,9,0,17,0,0,0,0,0,0,1,1,6,1,68,10,1196,1,31,-1,-1,-1
2015320012456,1,9,0,5,0,2,1,0,3,0,3,1,6,1,31,6,-1,-1,-1,-1,1,-1
2015320012456,2,9,0,18,0,8,1,0,0,0,1,1,6,1,23,5,1560,2,8,-1,1,-1
2015320012524,1,9,0,18,0,0,0,0,0,0,4,1,6,2,73,10,1242,1,6,-1,2,-1
2015320012524,2,1,0,18,0,0,0,0,0,0,1,1,6,1,74,10,-1,-1,-1,-1,2,-1
2015320012560,1,9,0,5,0,1,0,0,0,0,4,1,6,1,55,8,1870,2,6,-1,3,-1
2015320012560,2,9,0,18,0,1,0,0,0,0,1,1,2,1,27,6,-1,-1,-1,-1,2,-1
2015320012590,1,9,0,4,0,8,0,0,0,0,1,1,1,1,38,7,1686,2,14,-1,1,-1
2015320012590,2,1,0,18,0,8,0,0,0,0,1,1,6,1,23,5,-1,-1,-1,-1,1,-1
2015320012628,1,9,0,18,0,8,1,0,1,3,1,1,6,2,17,4,1149,1,12,-1,3,-1
2015320012663,1,9,0,18,0,2,1,0,0,0,1,1,1,2,19,4,1299,1,12,-1,2,-1
2015320012663,2,9,0,18,0,8,2,0,0,0,4,1,6,1,64,9,1339,1,8,-1,2,-1
2015320012668,1,9,0,12,0,8,2,0,4,0,3,1,6,2,22,5,1364,1,8,-1,-1,-1
2015320012669,1,19,0,18,0,1,0,0,0,0,1,1,6,1,18,4,2198,2,2,-1,1,-1
2015320012669,2,9,0,3,0,1,0,0,0,0,1,1,6,1,30,6,1149,1,11,-1,1,-1
2015320012669,3,9,0,3,0,1,0,0,0,0,2,1,6,2,28,6,1396,2,6,-1,1,-1
2015320012693,1,21,1,17,0,0,5,0,1,2,4,1,1,1,34,6,12900,2,7,-1,-1,-1
2015320012705,1,9,0,17,0,0,0,0,7,0,3,1,1,1,52,8,1390,1,9,-1,3,-1
2015320012708,1,9,0,9,0,5,0,10,1,11,4,1,2,1,18,4,1124,1,13,-1,3,-1
2015320012711,1,19,0,7,0,8,0,0,0,0,1,-1,6,1,-1,-1,-1,-1,-1,-1,-1,-1
2015320012711,2,1,0,18,0,8,0,0,0,0,1,1,2,2,53,8,-1,-1,-1,-1,1,-1
2015320012716,1,9,0,18,0,0,2,0,1,2,1,1,6,1,28,6,1199,1,13,-1,3,-1
2015320012731,1,9,0,18,0,0,5,0,7,9,1,1,6,1,34,6,-1,-1,-1,-1,2,-1
2015320012927,1,9,-1,9,0,1,0,0,0,0,0,-1,6,2,-1,-1,-1,-1,-1,-1,-1,-1
2015320012942,1,9,0,9,0,1,0,0,0,0,1,1,6,2,40,7,-1,-1,-1,-1,-1,-1
2015320012942,2,9,0,10,0,1,0,0,0,0,3,1,3,2,45,7,1587,1,11,-1,1,-1
2015320012976,1,9,0,18,0,6,0,0,0,0,1,1,6,1,57,9,1686,2,4,-1,1,-1
2015320012976,2,9,0,18,0,8,5,0,7,0,4,1,6,2,49,8,1587,1,16,-1,1,-1
2015320012981,1,9,0,9,0,1,0,0,0,0,1,1,6,1,80,11,1997,2,2,-1,3,-1
2015320012981,2,9,0,17,0,1,0,0,0,0,3,1,6,2,54,8,1362,1,2,-1,1,-1
2015320012988,1,9,-1,18,0,0,0,0,0,0,1,-1,6,1,70,10,-1,-1,-1,-1,-1,-1
2015320013007,1,2,0,7,0,5,1,0,0,0,0,1,6,1,36,7,124,1,-1,-1,1,-1
2015320013026,1,9,0,18,0,0,0,0,0,0,1,1,1,1,48,8,-1,-1,-1,-1,1,-1
2015320013026,2,9,0,18,0,0,0,0,0,0,1,1,1,2,36,7,-1,-1,-1,-1,1,-1
2015320013047,1,9,0,16,0,0,1,0,7,0,0,-1,6,2,36,7,1598,1,5,-1,1,-1
2015320013176,1,9,0,13,0,0,0,0,0,0,1,1,6,2,45,7,1896,2,7,-1,3,-1
2015320013181,1,9,0,16,0,0,1,0,0,0,3,1,6,1,39,7,-1,-1,-1,-1,2,-1
2015320013181,2,19,0,17,0,0,0,0,0,0,1,1,1,1,31,6,1968,2,1,-1,1,-1
2015320013210,1,9,0,18,0,8,0,0,3,1,1,1,6,1,21,5,1587,1,8,-1,-1,-1
2015320013250,1,9,0,4,0,8,0,0,0,0,1,1,6,1,24,5,-1,-1,-1,-1,2,-1
2015320013250,2,9,0,4,0,8,0,0,0,0,2,1,6,2,55,8,998,1,7,-1,1,-1
2015320013320,1,9,0,10,0,1,0,0,0,0,1,1,6,1,51,8,-1,-1,-1,-1,1,-1
2015320013320,2,9,0,18,0,1,0,0,0,0,1,1,6,2,56,9,1587,1,12,-1,1,-1