Accident_Index,Vehicle_Reference,Vehicle_Type,Towing_and_Articulation,Vehicle_Manoeuvre,Vehicle_Location-Restricted_Lane,Junction_Location,Skidding_and_Overturning,Hit_Object_in_Carriageway,Vehicle_Leaving_Carriageway,Hit_Object_off_Carriageway,1st_Point_of_Impact,Was_Vehicle_Left_Hand_Drive?,Journey_Purpose_of_Driver,Sex_of_Driver,Age_of_Driver,Age_Band_of_Driver,Engine_Capacity_(CC),Propulsion_Code,Age_of_Vehicle,Driver_IMD_Decile,Driver_Home_Area_Type,Vehicle_IMD_Decile
2015320024587,2,9,0,18,0,2,0,0,0,0,4,1,6,2,48,8,1560,2,3,-1,3,-1
2015320024634,1,9,0,9,0,0,0,0,0,0,3,1,6,1,70,10,1598,1,4,-1,3,-1
2015320024634,2,9,0,16,0,0,1,0,0,0,1,1,6,1,37,7,-1,-1,-1,-1,1,-1
2015320024644,1,9,-1,18,0,0,0,0,0,0,4,-1,6,1,-1,-1,-1,-1,-1,-1,-1,-1
2015320024656,1,9,0,18,0,0,2,4,0,0,1,1,6,1,-1,-1,2494,1,15,-1,-1,-1
2015320024656,2,9,0,2,0,0,0,0,1,0,3,1,6,2,40,7,1299,1,13,-1,1,-1
2015320024903,1,9,0,17,0,0,1,0,1,10,1,1,6,1,23,5,1991,1,17,-1,1,-1
2015320024904,1,9,0,18,0,2,1,0,7,4,4,1,6,2,19,4,-1,-1,-1,-1,2,-1
2015320024904,2,9,0,18,0,1,0,0,0,0,1,1,6,1,39,7,1560,2,2,-1,1,-1
2015320024938,1,9,0,18,0,0,0,4,0,0,1,1,6,2,20,4,-1,-1,-1,-1,3,-1
2015320024938,2,19,0,2,0,0,0,0,0,0,2,1,6,3,21,5,-1,-1,-1,-1,1,-1
2015320025066,1,9,0,18,0,1,0,0,0,0,1,2,6,1,45,7,-1,-1,-1,-1,-1,-1
2015320025167,1,9,0,18,0,0,0,0,0,10,1,-1,6,1,-1,-1,1390,1,12,-1,-1,-1
2015320025178,1,9,0,18,0,0,0,0,0,0,1,1,6,1,-1,-1,1896,2,14,-1,-1,-1
2015320025178,2,9,0,3,0,0,0,0,0,0,2,1,6,1,51,8,1332,1,16,-1,2,-1
2015320025262,1,9,0,18,0,1,0,0,0,0,0,-1,6,3,-1,-1,2143,2,1,-1,-1,-1
2015320025262,2,1,0,18,0,1,0,10,0,0,0,1,6,1,17,4,-1,-1,-1,-1,1,-1
2015320025341,1,9,0,17,0,0,0,0,1,0,0,1,6,1,33,6,3000,1,11,-1,3,-1
2015320025351,1,5,0,7,0,4,0,10,7,2,3,1,6,2,60,9,535,1,19,-1,1,-1
2015320025351,2,9,0,18,0,4,0,0,0,0,0,1,6,1,33,6,1461,2,-1,-1,-1,-1
2015320025351,3,9,0,3,0,4,0,0,0,0,0,1,6,1,44,7,-1,-1,-1,-1,1,-1
2015320025351,4,5,0,3,0,4,0,0,0,0,0,1,6,1,61,9,-1,-1,-1,-1,1,-1
2015320025514,1,5,0,13,0,5,1,0,0,6,1,1,6,1,42,7,599,1,16,-1,2,-1
2015320025529,1,9,0,18,0,1,0,0,3,11,1,1,1,2,22,5,1299,1,15,-1,1,-1
2015320025530,1,9,0,18,0,0,1,0,0,0,1,1,6,2,18,4,1149,1,13,-1,-1,-1
2015320025530,2,9,0,7,0,0,0,0,1,11,2,1,6,2,44,7,-1,-1,-1,-1,3,-1
2015320025542,1,9,0,17,0,0,0,0,0,0,1,1,6,1,67,10,1229,1,6,-1,2,-1
2015320025542,2,9,0,16,0,0,0,0,0,0,1,1,6,1,59,9,1968,2,1,-1,3,-1
2015320025645,1,9,0,18,0,1,2,0,3,1,3,1,6,2,36,7,998,1,1,-1,3,-1
2015320025830,1,9,0,18,0,1,0,10,7,2,1,1,6,1,25,5,1364,1,11,-1,2,-1
2015320026013,1,9,0,9,0,2,0,0,0,0,3,1,3,2,27,6,1598,7,10,-1,1,-1
2015320026013,2,1,0,18,0,1,0,0,0,0,1,1,6,1,25,5,-1,-1,-1,-1,1,-1
2015320026037,1,9,0,16,0,0,2,0,1,11,1,1,6,1,30,6,1796,1,14,-1,3,-1
2015320026046,1,20,0,18,0,0,0,0,0,4,1,1,1,1,25,5,9200,2,4,-1,-1,-1
2015320026046,2,9,0,18,0,0,0,0,0,4,1,1,1,1,49,8,-1,-1,-1,-1,-1,-1
2015320026068,1,9,0,5,0,6,0,0,0,0,1,1,6,1,44,7,1995,2,-1,-1,3,-1
2015320026068,2,9,0,18,0,1,0,0,0,0,0,1,1,2,38,7,-1,-1,-1,-1,-1,-1
2015320026068,3,8,0,4,0,1,0,0,0,0,3,1,1,1,63,9,1998,2,8,-1,2,-1
2015320026112,1,9,0,9,0,0,0,0,0,0,1,1,2,1,37,7,1242,1,18,-1,1,-1
2015320026112,2,1,0,18,0,0,0,0,0,0,1,1,6,1,21,5,-1,-1,-1,-1,1,-1
2015320026126,1,9,0,18,0,8,0,0,0,0,3,1,6,2,43,7,998,1,1,-1,1,-1
2015320026126,2,97,0,5,0,8,0,0,0,0,1,1,6,1,18,4,49,1,4,-1,1,-1
2015320026174,1,9,0,18,0,0,1,0,7,4,2,1,1,2,22,5,1399,2,10,-1,1,-1
2015320026209,1,19,0,18,0,0,0,0,0,0,1,-1,6,3,-1,-1,-1,-1,-1,-1,-1,-1
2015320026209,2,1,0,18,0,0,0,0,0,0,1,1,6,1,28,6,-1,-1,-1,-1,1,-1
2015320026458,1,19,0,18,0,0,2,0,1,4,1,1,6,1,54,8,2198,2,1,-1,1,-1
2015320026534,1,9,0,17,0,1,0,0,0,0,1,1,6,1,78,11,1386,1,6,-1,3,-1
2015320026534,2,9,0,10,0,1,0,0,0,0,2,1,6,1,42,7,1242,1,11,-1,2,-1
2015320026581,1,17,5,18,0,0,0,0,1,9,1,1,1,1,50,8,6788,2,5,-1,1,-1
2015320026581,2,9,0,13,0,0,0,0,0,0,0,-1,6,3,-1,-1,-1,-1,-1,-1,-1,-1
2015320026629,1,9,0,18,0,1,0,0,0,0,3,1,6,1,72,10,1796,1,8,-1,-1,-1
2015320026629,2,5,0,18,0,1,0,0,0,0,1,1,6,1,54,8,1098,1,7,-1,-1,-1
2015320026635,1,9,0,18,0,1,0,0,0,0,1,2,2,1,31,6,1339,1,2,-1,3,-1
2015320026635,2,9,0,10,0,1,0,0,0,0,2,2,6,1,77,11,1976,1,4,-1,1,-1
2015320026753,1,9,0,18,0,1,0,0,0,0,4,1,6,2,46,8,1995,2,11,-1,3,-1
2015320026757,1,9,0,5,0,0,0,0,0,0,4,1,1,1,25,5,1896,2,5,-1,1,-1
2015320027343,1,9,0,18,0,1,1,0,0,0,1,1,6,1,31,6,1124,1,14,-1,-1,-1
2015320027343,2,9,0,4,0,1,0,0,0,0,1,1,1,1,43,7,1686,2,1,-1,1,-1
2015320027343,3,9,0,18,0,1,0,0,0,0,0,1,1,1,40,7,1686,2,2,-1,1,-1
2015320027368,1,9,0,7,0,4,0,0,0,0,3,1,6,2,58,9,-1,-1,-1,-1,1,-1
2015320027368,2,8,0,18,0,8,1,0,0,0,1,1,1,1,38,7,1997,2,6,-1,1,-1
2015320027502,1,9,0,9,0,4,1,0,1,2,1,1,6,2,18,4,-1,-1,-1,-1,2,-1
2015320027588,1,9,0,4,0,0,0,0,0,0,1,1,2,1,37,7,1686,2,12,-1,1,-1
2015320027588,2,9,0,4,0,0,0,0,0,0,2,1,6,1,52,8,1997,2,13,-1,2,-1
2015320027588,3,9,0,4,0,0,0,0,0,0,2,1,6,1,46,8,1968,2,4,-1,3,-1
2015320027612,1,9,0,18,0,1,1,0,1,8,0,1,6,1,31,6,1910,2,8,-1,3,-1
2015320027741,1,3,0,9,0,0,0,0,0,0,1,1,6,1,16,4,-1,-1,-1,-1,3,-1
2015320027741,2,9,0,9,0,0,0,0,1,0,1,1,6,2,35,6,1997,2,11,-1,3,-1
2015320027741,3,9,0,9,0,0,0,0,0,0,1,1,6,2,44,7,1984,1,19,-1,3,-1
2015320027755,1,9,0,9,0,8,0,0,0,0,3,1,6,1,79,11,1086,1,8,-1,-1,-1
2015320027755,2,21,1,18,0,8,0,0,4,0,1,1,1,1,36,7,-1,-1,-1,-1,1,-1
2015320027755,3,9,0,10,0,7,0,0,0,0,1,1,1,2,51,8,2987,2,2,-1,2,-1
2015320027896,1,5,0,16,0,0,0,0,0,0,3,1,6,1,40,7,782,1,1,-1,3,-1
2015320027896,2,9,0,17,0,0,0,0,0,0,3,1,6,2,42,7,2967,2,3,-1,1,-1
2015320027896,3,19,0,17,0,0,0,0,1,0,3,1,1,1,28,6,1995,2,4,-1,1,-1
2015320027919,1,9,-1,18,0,0,0,0,0,0,1,-1,6,3,-1,-1,2143,2,1,-1,-1,-1
2015320027919,2,1,0,18,0,0,0,0,0,0,1,1,6,1,34,6,-1,-1,-1,-1,1,-1
2015320027959,1,9,0,18,0,0,0,0,0,0,1,1,2,1,65,9,-1,-1,-1,-1,1,-1
2015320027959,2,9,0,3,0,0,0,0,0,0,2,1,6,1,27,6,1999,1,9,-1,1,-1
2015320027959,3,9,0,3,0,0,0,0,0,0,2,1,6,2,23,5,1398,1,5,-1,1,-1
2015320028038,1,17,0,2,9,0,0,0,0,0,2,1,6,3,63,9,-1,2,-1,-1,3,-1
2015320028038,2,9,0,18,0,0,1,0,7,0,1,1,6,2,75,10,1596,1,3,-1,3,-1
2015320028200,1,9,0,18,0,0,0,0,0,0,3,1,6,1,21,5,-1,-1,-1,-1,2,-1
2015320028200,2,10,0,11,0,0,0,0,0,0,1,1,6,1,-1,-1,2402,2,8,-1,-1,-1
2015320028287,1,9,0,3,0,1,0,0,0,0,1,1,6,2,41,7,1242,1,11,-1,1,-1
2015320028287,2,19,0,4,0,1,0,0,0,0,1,1,6,1,54,8,1896,2,9,-1,3,-1
2015320028437,1,9,0,9,0,8,0,0,0,0,3,1,6,1,-1,-1,1596,1,12,-1,3,-1
2015320028437,2,19,0,18,0,3,0,0,0,0,4,1,1,1,53,8,2464,2,5,-1,3,-1
2015320028462,1,9,0,16,0,0,0,0,0,0,1,1,1,1,29,6,-1,-1,-1,-1,1,-1
2015320028462,2,9,0,17,0,0,0,0,0,0,0,1,6,1,42,7,1968,2,10,-1,1,-1
2015320028720,1,9,3,18,0,0,0,0,0,0,1,1,6,1,64,9,2143,2,1,-1,3,-1
2015320028720,2,3,0,18,0,0,1,0,0,0,1,1,6,1,18,4,125,1,15,-1,1,-1
2015320028739,1,9,0,18,0,0,2,0,1,0,1,1,6,2,21,5,1390,1,9,-1,3,-1
2015320028966,1,5,0,17,0,8,2,0,1,0,3,1,6,1,30,6,-1,-1,-1,-1,-1,-1
2015320029178,1,9,0,9,0,8,0,0,0,0,3,1,6,1,64,9,2143,2,-1,-1,-1,-1
2015320029178,2,9,0,18,0,8,0,0,0,0,4,1,6,1,44,7,1124,1,14,-1,1,-1
2015320029301,1,3,0,18,0,1,0,0,0,0,1,1,6,1,18,4,125,1,3,-1,3,-1
2015320029301,2,9,0,10,0,1,0,0,0,0,4,1,6,1,25,5,1896,2,15,-1,3,-1
2015320029424,1,9,0,18,0,0,1,0,1,0,1,1,6,1,21,5,1896,2,15,-1,3,-1
2015320029769,1,9,0,18,0,0,0,0,0,0,1,1,6,2,22,5,998,1,14,-1,1,-1
2015320029769,2,9,0,18,0,0,0,0,0,0,2,1,6,2,32,6,1598,1,4,-1,1,-1
2015320029856,1,19,0,5,0,8,0,0,0,0,3,1,6,1,59,9,2179,2,11,-1,1,-1
2015320029856,2,1,0,18,0,8,0,0,0,0,1,1,6,2,40,7,-1,-1,-1,-1,1,-1
2015320029928,1,9,0,18,0,0,2,0,7,0,1,1,6,2,45,7,1120,2,3,-1,3,-1
2015320029959,1,11,0,4,0,0,0,0,0,0,0,1,1,1,43,7,9000,2,3,-1,1,-1
2015320029966,1,9,0,5,0,8,0,0,0,0,1,1,6,1,57,9,2967,2,10,-1,1,-1
2015320029966,2,1,0,18,0,8,0,0,0,0,2,1,6,1,13,3,-1,-1,-1,-1,1,-1
2015320030057,1,9,0,9,0,8,0,0,0,0,0,1,1,1,67,10,-1,-1,-1,-1,2,-1
2015320030057,2,5,0,18,0,1,2,0,0,0,4,1,2,1,43,7,649,1,2,-1,1,-1
2015320030076,1,9,0,18,0,2,0,0,0,0,0,1,6,1,24,5,1796,1,12,-1,1,-1
2015320030076,2,9,0,5,0,8,0,0,0,0,3,1,6,1,55,8,973,1,17,-1,1,-1
2015320030293,1,19,0,3,0,1,0,0,0,0,1,1,1,1,18,4,1997,2,14,-1,3,-1
2015320030293,2,9,0,3,0,1,0,0,0,0,2,1,6,1,52,8,1461,2,1,-1,3,-1
2015320030328,1,9,0,17,0,0,0,0,0,0,1,1,3,2,22,5,1349,1,5,-1,3,-1
2015320030328,2,9,0,16,0,0,0,0,0,0,1,1,2,1,35,6,1248,2,7,-1,2,-1
2015320030366,1,9,0,18,0,0,2,10,1,11,4,1,2,2,25,5,1149,1,9,-1,1,-1
2015320030452,1,9,0,18,0,1,1,0,2,11,1,1,2,1,31,6,1870,2,12,-1,1,-1
2015320030508,1,9,0,13,0,1,0,0,0,0,1,1,2,2,28,6,1560,2,8,-1,2,-1
2015320030508,2,9,0,3,0,1,0,0,0,0,1,1,6,2,62,9,-1,-1,-1,-1,3,-1
2015320030508,3,9,0,3,0,1,0,0,0,0,0,1,2,1,24,5,2000,1,26,-1,-1,-1
2015320030550,1,9,0,11,0,0,5,0,7,2,2,1,6,1,43,7,1229,1,1,-1,1,-1
2015320030550,2,9,0,18,0,0,0,0,0,0,1,1,6,1,29,6,2993,2,2,-1,3,-1
2015320030601,1,11,0,18,0,2,0,0,0,0,1,1,1,1,55,8,4500,2,2,-1,3,-1
2015320030601,2,1,0,4,9,6,0,0,0,0,1,1,6,1,23,5,-1,-1,-1,-1,3,-1
2015320030647,1,9,0,9,0,1,0,0,0,0,2,1,6,2,50,8,1984,1,7,-1,2,-1
2015320030647,2,5,0,18,0,1,0,0,0,0,1,1,6,1,47,8,1078,1,7,-1,2,-1
2015320030684,1,3,0,17,0,0,1,0,1,0,0,1,6,1,22,5,-1,-1,-1,-1,3,-1
2015320030687,1,9,0,16,0,0,1,0,7,4,1,1,6,1,48,8,1990,1,12,-1,1,-1
2015320030972,1,22,0,18,0,0,0,0,0,0,0,1,6,1,65,9,-1,-1,-1,-1,1,-1
2015320031111,1,90,-1,18,0,0,0,0,0,0,4,-1,6,3,-1,-1,-1,-1,-1,-1,-1,-1
2015320031149,1,5,0,16,0,1,0,0,7,4,1,1,6,1,57,9,750,1,7,-1,1,-1
2015320031232,1,9,0,18,0,0,0,0,0,0,0,-1,6,3,-1,-1,-1,-1,-1,-1,-1,-1
2015320031240,1,21,0,2,0,0,0,0,1,0,2,1,1,1,50,8,6370,2,6,-1,1,-1
2015320031240,2,21,1,18,0,0,0,4,0,0,1,1,1,1,44,7,-1,-1,-1,-1,1,-1
2015320031331,1,4,0,18,0,8,0,0,0,0,1,1,2,1,20,4,-1,-1,-1,-1,3,-1
2015320031331,2,9,0,9,0,8,0,0,7,11,4,1,6,2,24,5,1597,1,11,-1,2,-1
2015320031559,1,9,0,18,0,0,0,0,0,0,1,1,6,2,68,10,3226,2,14,-1,3,-1
2015320031559,2,21,0,18,0,0,0,0,0,0,1,1,6,1,57,9,4500,2,1,-1,2,-1
2015320031559,3,5,0,18,0,0,0,0,7,0,1,1,6,1,44,7,821,1,1,-1,-1,-1
2015320031559,4,9,0,18,0,0,0,0,0,0,1,1,6,1,48,8,2494,2,-1,-1,1,-1
2015320031722,1,9,-1,18,0,0,0,0,7,9,3,1,6,1,17,4,1598,1,12,-1,1,-1
2015320031735,1,9,0,18,0,0,0,0,0,0,1,1,6,1,88,11,1360,1,10,-1,2,-1
2015320032046,1,9,0,4,0,0,0,0,0,0,2,1,6,2,21,5,998,1,17,-1,1,-1
2015320032046,2,1,0,18,0,0,0,4,0,0,1,1,6,2,35,6,-1,-1,-1,-1,1,-1
2015320032054,1,3,0,14,0,1,2,0,0,0,1,1,4,1,17,4,124,1,3,-1,1,-1
2015320032054,2,9,0,9,0,1,0,0,0,0,3,1,6,1,26,6,1493,1,19,-1,3,-1
2015320032187,1,9,0,9,0,0,0,0,0,0,1,1,6,1,38,7,-1,-1,-1,-1,2,-1
2015320032304,1,5,0,18,0,3,1,0,0,0,1,1,6,1,29,6,996,1,18,-1,1,-1
2015320032304,2,5,0,9,0,3,0,0,0,0,2,1,6,1,55,8,-1,-1,-1,-1,2,-1
2015320032348,1,1,0,18,4,8,0,0,0,0,1,1,6,2,25,5,-1,-1,-1,-1,1,-1
2015320032348,2,9,0,7,0,8,0,0,0,0,4,1,6,1,45,7,1388,1,12,-1,1,-1
2015320032371,1,9,0,18,9,0,0,0,1,0,1,1,6,1,25,5,1360,1,11,-1,1,-1
2015320032380,1,5,0,7,0,7,1,0,7,10,4,1,3,1,45,7,1150,1,7,-1,3,-1
2015320032522,1,9,0,18,0,0,0,0,0,10,1,1,6,1,48,8,1998,2,13,-1,2,-1
2015320032594,1,97,0,18,0,0,0,0,1,0,1,1,6,1,63,9,1100,1,28,-1,2,-1
2015320032594,2,97,0,18,0,0,0,0,1,0,2,1,6,2,68,10,649,1,1,-1,3,-1
2015320032705,1,9,0,10,0,6,0,0,0,0,1,1,6,1,74,10,1997,2,3,-1,3,-1
2015320032705,2,9,0,18,0,8,5,0,1,0,4,1,6,2,74,10,1995,1,15,-1,2,-1
2015320032876,1,9,0,9,0,6,0,0,0,0,3,1,6,1,25,5,-1,-1,-1,-1,-1,-1
2015320032935,1,9,0,5,0,1,0,0,0,0,1,1,6,1,33,6,1586,1,10,-1,3,-1
2015320032935,2,9,0,18,0,1,1,0,1,4,1,1,6,1,79,11,1399,2,6,-1,3,-1
2015320032938,1,9,0,18,0,0,0,0,7,9,1,1,6,1,62,9,1870,2,9,-1,2,-1
2015320032947,1,97,0,4,0,0,2,0,0,0,0,1,6,1,49,8,1084,1,13,-1,3,-1
2015320033009,1,9,0,18,0,0,0,0,0,0,3,1,6,1,21,5,1968,2,7,-1,2,-1
2015320033009,2,5,0,13,0,0,1,0,0,0,4,1,6,1,37,7,645,1,1,-1,1,-1
2015320033037,1,9,0,18,0,5,0,0,0,0,4,1,1,2,41,7,-1,-1,-1,-1,3,-1
2015320033037,2,1,0,18,0,1,0,0,0,0,1,1,6,1,15,3,-1,-1,-1,-1,2,-1
2015320033202,1,9,0,10,0,1,0,0,0,0,2,1,1,2,51,8,1997,2,1,-1,3,-1
2015320033202,2,21,1,18,0,1,1,0,0,0,1,1,1,1,42,7,12900,2,8,-1,-1,-1
2015320033202,3,9,0,18,0,1,0,0,2,0,1,1,1,1,42,7,-1,-1,-1,-1,1,-1
2015320033247,1,9,0,5,9,0,0,0,0,0,4,1,2,2,43,7,1124,1,11,-1,1,-1
2015320033247,2,1,0,18,9,0,0,0,0,0,1,1,4,1,12,3,-1,-1,-1,-1,1,-1
2015320033264,1,9,0,18,0,1,0,0,0,0,1,1,6,2,71,10,1199,1,11,-1,1,-1
2015320033264,2,9,0,18,0,1,0,0,0,0,2,1,6,2,66,10,1753,2,14,-1,1,-1
2015320033424,1,9,0,7,0,6,0,0,0,1,1,1,1,1,24,5,1598,1,16,-1,-1,-1
2015320033424,2,1,0,18,0,8,0,0,0,0,1,1,1,1,58,9,-1,-1,-1,-1,3,-1
2015320033492,1,21,1,18,0,1,0,0,0,0,1,1,1,1,45,7,10837,2,2,-1,-1,-1
2015320033492,2,9,0,4,0,1,0,0,1,9,2,1,6,1,30,6,3628,2,6,-1,2,-1
2015320033492,3,9,0,4,0,1,0,0,1,1,2,1,6,2,63,9,1998,2,1,-1,3,-1
2015320033492,4,9,0,18,0,1,0,0,7,0,1,1,6,1,53,8,1686,2,2,-1,1,-1
2015320033492,5,5,0,18,0,1,0,0,0,0,1,1,6,1,61,9,1600,1,6,-1,1,-1
2015320033531,1,9,0,18,0,0,0,0,1,3,1,1,6,1,63,9,2967,1,16,-1,1,-1
2015320033569,1,9,0,18,0,0,0,0,1,1,1,1,1,2,53,8,-1,-1,-1,-1,3,-1
2015320033599,1,9,0,5,0,6,0,0,0,0,1,1,2,1,24,5,1396,1,11,-1,3,-1
2015320033599,2,9,0,18,0,1,0,0,0,0,1,1,2,1,30,6,1389,1,12,-1,1,-1
2015320033619,1,5,0,18,0,1,0,0,0,0,1,1,6,1,54,8,847,1,-1,-1,3,-1
2015320033619,2,19,0,3,0,1,0,0,0,0,2,1,6,1,53,8,2987,2,4,-1,2,-1
2015320033632,1,9,0,18,0,1,0,0,0,0,1,1,6,1,36,7,1248,2,8,-1,-1,-1
2015320033632,2,1,0,18,0,1,0,0,0,0,1,1,6,1,14,3,-1,-1,-1,-1,1,-1
2015320033790,1,8,-1,18,9,6,0,0,0,0,1,1,6,1,46,8,-1,-1,-1,-1,-1,-1
2015320033804,1,9,0,16,0,0,1,0,0,4,1,1,6,1,19,4,1043,1,24,-1,-1,-1
2015320033804,2,9,0,18,0,0,0,0,0,0,1,1,6,1,53,8,-1,-1,-1,-1,3,-1
2015320033915,1,9,0,18,0,0,0,0,0,3,1,1,6,2,40,7,1753,2,12,-1,1,-1
2015320034000,1,9,0,18,0,1,0,0,7,0,1,1,6,1,22,5,1388,1,11,-1,1,-1
2015320034000,2,9,0,18,0,1,0,0,0,0,0,1,1,1,40,7,-1,-1,-1,-1,1,-1
2015320034008,1,9,0,18,0,3,0,0,0,0,3,1,6,1,39,7,1598,1,10,-1,3,-1
2015320034008,2,2,0,18,0,3,0,0,0,0,4,1,6,2,35,6,114,1,1,-1,1,-1
2015320034068,1,9,0,17,0,0,0,0,0,0,1,1,2,1,33,6,1850,1,14,-1,3,-1
2015320034068,2,9,0,16,0,0,0,0,0,0,1,1,2,1,61,9,3200,2,6,-1,3,-1
2015320034124,1,9,0,5,0,4,0,0,0,0,0,1,1,1,40,7,-1,-1,-1,-1,-1,-1
2015320034124,2,5,0,18,0,4,0,0,0,0,0,1,1,1,22,5,-1,-1,-1,-1,3,-1
2015320034129,1,9,0,18,0,1,0,0,0,0,1,1,2,1,40,7,2204,2,9,-1,3,-1
2015320034129,2,9,0,7,0,1,5,0,1,0,2,1,2,1,33,6,1956,2,3,-1,1,-1
2015320034135,1,9,0,18,0,8,0,0,1,0,1,1,1,1,41,7,1997,2,3,-1,2,-1
2015320034135,2,9,0,18,0,8,0,0,0,0,2,1,6,2,32,6,1598,1,14,-1,1,-1
2015320034135,3,9,0,8,0,2,0,0,0,0,2,1,6,2,18,4,1388,1,9,-1,2,-1
2015320034142,1,9,0,13,0,1,0,0,1,9,1,1,6,1,50,8,2720,2,7,-1,3,-1
2015320034142,2,9,0,9,0,5,0,0,7,9,2,1,6,2,47,8,1896,2,12,-1,3,-1
2015320034336,1,9,0,18,0,1,1,0,0,0,1,1,1,1,18,4,1299,1,13,-1,3,-1
2015320034336,2,9,0,18,0,1,0,0,0,0,2,1,1,2,65,9,1364,1,7,-1,-1,-1
2015320034438,1,9,-1,18,0,8,0,0,0,0,1,-1,6,2,68,10,-1,-1,-1,-1,1,-1
2015320034438,2,9,0,9,0,8,0,0,0,0,1,1,6,2,20,4,1339,1,7,-1,1,-1
2015320034486,1,9,0,9,0,8,0,0,0,0,4,1,6,1,85,11,1999,1,8,-1,-1,-1
2015320034486,2,9,0,18,0,8,0,0,0,0,1,1,6,1,57,9,-1,-1,-1,-1,3,-1
2015320034486,3,9,0,3,0,1,0,0,0,0,1,1,6,2,27,6,1560,2,6,-1,3,-1
2015320034560,1,1,0,18,9,0,0,0,0,0,1,1,6,1,18,4,-1,-1,-1,-1,-1,-1
2015320034581,1,9,0,18,0,1,0,0,0,0,1,1,6,2,50,8,-1,-1,-1,-1,1,-1
2015320034581,2,9,0,18,0,1,0,0,0,0,1,1,6,2,30,6,-1,-1,-1,-1,1,-1
2015320034581,3,9,0,18,0,1,0,0,0,0,1,1,6,2,27,6,-1,-1,-1,-1,1,-1
2015320034643,1,9,4,18,0,0,0,0,0,0,1,1,1,1,50,8,2495,2,13,-1,1,-1
2015320034643,2,1,0,18,0,0,5,0,1,10,2,1,6,2,46,8,-1,-1,-1,-1,1,-1
2015320034693,1,9,0,18,0,0,0,0,0,0,1,1,2,2,23,5,1388,1,10,-1,3,-1
2015320034693,2,19,0,4,0,0,0,0,0,0,2,1,2,1,30,6,2287,2,1,-1,-1,-1
2015320034703,1,9,0,4,0,0,0,0,0,0,2,1,6,1,50,8,2148,2,11,-1,3,-1
2015320034703,2,9,0,18,0,0,0,0,0,0,1,1,6,2,32,6,-1,-1,-1,-1,1,-1
2015320034790,1,97,0,18,0,0,5,10,1,11,1,1,6,1,19,4,-1,-1,-1,-1,1,-1
2015320034870,1,9,-1,13,0,0,0,0,0,0,0,1,6,3,-1,-1,-1,-1,-1,-1,-1,-1
2015320034870,2,9,0,17,0,0,1,0,1,1,1,1,6,2,44,7,1396,1,13,-1,1,-1
2015320035010,1,9,0,9,0,1,1,0,0,0,1,1,6,1,21,5,-1,-1,-1,-1,3,-1
2015320035010,2,9,0,3,0,1,0,0,0,0,2,1,6,1,36,7,1560,2,2,-1,1,-1
2015320035015,1,9,0,9,0,1,0,0,0,0,1,1,6,1,80,11,998,1,18,-1,1,-1
2015320035015,2,3,0,18,0,8,0,0,0,0,1,1,6,1,21,5,-1,-1,-1,-1,1,-1
2015320035076,1,1,-1,18,9,0,0,0,0,0,1,1,6,3,-1,-1,-1,-1,-1,-1,-1,-1
2015320035108,1,9,0,9,0,8,0,0,0,0,1,2,6,2,76,11,1870,2,9,-1,1,-1
2015320035108,2,1,0,18,0,1,0,0,0,0,1,1,6,1,20,4,-1,-1,-1,-1,1,-1
2015320035125,1,19,0,18,0,0,1,0,0,0,1,1,6,1,28,6,2198,2,6,-1,1,-1
2015320035125,2,9,0,2,0,0,0,0,0,0,1,1,6,3,-1,-1,-1,-1,-1,-1,-1,-1
2015320035125,3,1,0,18,0,0,0,0,0,0,1,1,6,1,6,2,-1,-1,-1,-1,3,-1
2015320035294,1,9,0,4,0,4,0,0,0,0,2,1,6,1,26,6,1896,2,14,-1,-1,-1
2015320035294,2,9,0,4,0,4,0,0,0,0,1,1,6,2,21,5,1124,1,11,-1,-1,-1
2015320035321,1,1,0,3,0,8,1,0,0,0,0,1,6,1,65,9,-1,-1,-1,-1,-1,-1
2015320035382,1,9,0,18,0,0,0,0,0,0,1,1,6,2,75,10,1598,1,14,-1,-1,-1
2015320035382,2,9,0,3,0,0,0,0,0,0,0,1,6,1,39,7,1398,2,2,-1,-1,-1
2015320035382,3,9,0,3,0,0,0,0,0,0,0,1,6,1,53,8,1242,1,1,-1,1,-1
2015320035495,1,9,0,18,0,8,0,0,0,0,1,1,6,1,63,9,1796,1,13,-1,2,-1
2015320035495,2,9,0,9,0,8,0,0,0,0,1,1,6,1,21,5,1968,2,8,-1,1,-1
2015320035561,1,1,0,18,9,1,1,0,0,0,1,1,1,1,46,8,-1,-1,-1,-1,-1,-1
2015320035561,2,9,0,3,0,1,0,0,0,0,1,1,2,1,51,8,1685,2,1,-1,1,-1
2015320035701,1,9,0,18,0,0,0,0,0,0,3,1,6,2,83,11,1991,2,5,-1,-1,-1
2015320035701,2,9,0,18,0,0,0,0,0,0,3,1,6,1,50,8,1998,1,6,-1,2,-1
2015320035817,1,9,0,17,9,0,1,0,1,3,4,1,6,1,22,5,1796,1,7,-1,2,-1
2015320035824,1,1,0,18,0,0,0,0,0,0,3,1,6,1,25,5,-1,-1,-1,-1,1,-1