Accident_Index,Vehicle_Reference,Vehicle_Type,Towing_and_Articulation,Vehicle_Manoeuvre,Vehicle_Location-Restricted_Lane,Junction_Location,Skidding_and_Overturning,Hit_Object_in_Carriageway,Vehicle_Leaving_Carriageway,Hit_Object_off_Carriageway,1st_Point_of_Impact,Was_Vehicle_Left_Hand_Drive?,Journey_Purpose_of_Driver,Sex_of_Driver,Age_of_Driver,Age_Band_of_Driver,Engine_Capacity_(CC),Propulsion_Code,Age_of_Vehicle,Driver_IMD_Decile,Driver_Home_Area_Type,Vehicle_IMD_Decile
2015320035828,1,9,0,6,0,8,0,0,0,0,4,1,6,3,37,7,1598,1,6,-1,1,-1
2015320035828,2,9,0,18,0,8,0,0,0,0,1,1,6,3,44,7,2830,2,19,-1,3,-1
2015320035859,1,9,0,16,0,0,0,0,0,0,1,1,6,2,20,4,1360,1,14,-1,1,-1
2015320035911,1,8,0,5,0,2,0,0,0,0,1,1,1,1,45,7,1997,2,5,-1,1,-1
2015320035924,1,9,0,18,0,5,0,0,0,0,1,1,6,1,24,5,1988,1,13,-1,3,-1
2015320035924,2,9,0,18,0,1,0,0,0,0,1,1,6,1,30,6,2685,2,11,-1,3,-1
2015320035942,1,3,0,17,0,0,0,0,1,0,1,1,6,1,24,5,125,1,4,-1,1,-1
2015320035963,1,9,0,18,0,0,0,0,0,0,3,1,6,2,29,6,-1,-1,-1,-1,3,-1
2015320035987,1,19,0,5,0,8,0,0,0,0,1,1,6,1,43,7,1968,2,-1,-1,2,-1
2015320035987,2,9,0,18,0,8,5,0,1,9,3,1,6,1,79,11,1339,1,-1,-1,1,-1
2015320036149,1,5,0,17,0,8,2,0,1,0,1,1,6,1,42,7,749,1,6,-1,1,-1
2015320036183,1,1,0,18,0,0,1,0,0,0,2,1,6,1,26,6,-1,-1,-1,-1,1,-1
2015320036241,1,9,0,18,0,1,0,0,0,0,1,1,1,2,54,8,1995,2,2,-1,1,-1
2015320036241,2,9,0,6,0,1,0,0,6,0,2,1,6,1,18,4,1242,1,13,-1,3,-1
2015320036286,1,9,0,18,0,0,0,0,1,9,1,1,6,2,46,8,-1,-1,-1,-1,3,-1
2015320036320,1,9,0,7,0,1,0,0,1,7,1,1,6,1,21,5,1242,1,8,-1,3,-1
2015320036332,1,9,0,18,0,0,2,0,7,9,3,1,6,1,20,4,-1,-1,-1,-1,1,-1
2015320036332,2,9,0,18,0,0,0,0,0,0,4,1,6,1,64,9,1560,2,5,-1,1,-1
2015320036343,1,9,0,9,0,5,0,0,1,10,1,1,6,1,31,6,1343,1,11,-1,1,-1
2015320036345,1,9,0,18,0,1,0,0,0,0,1,1,6,2,20,4,1299,1,8,-1,2,-1
2015320036345,2,9,0,3,0,1,0,0,0,0,2,1,2,2,26,6,1390,1,13,-1,1,-1
2015320036345,3,9,-1,9,0,1,0,0,0,0,2,1,6,1,24,5,1796,1,7,-1,2,-1
2015320036740,1,9,0,18,0,8,1,0,0,0,4,1,6,1,45,7,1596,1,14,-1,2,-1
2015320036740,2,9,0,9,0,8,0,0,0,0,1,1,6,1,42,7,1598,1,2,-1,1,-1
2015320036779,1,9,0,18,0,1,0,0,0,0,0,1,1,1,44,7,1461,2,4,-1,3,-1
2015320036779,2,3,0,3,0,1,0,0,0,0,2,1,6,2,71,10,124,1,7,-1,1,-1
2015320036819,1,9,0,18,0,8,0,0,0,0,1,1,6,2,85,11,1242,1,6,-1,1,-1
2015320036819,2,20,0,10,0,1,0,0,0,0,3,1,1,1,41,7,3920,2,13,-1,1,-1
2015320036889,1,9,0,8,0,6,0,0,0,0,0,1,2,2,28,6,1124,1,13,-1,2,-1
2015320036889,2,1,0,4,0,8,0,0,0,0,1,1,6,1,13,3,-1,-1,-1,-1,1,-1
2015320037099,1,9,0,3,0,1,0,0,0,0,1,1,6,2,-1,-1,2143,2,1,-1,-1,-1
2015320037099,2,9,0,3,0,1,0,0,0,0,1,1,6,2,30,6,2987,2,4,-1,1,-1
2015320037216,1,9,0,18,0,0,0,0,0,0,1,1,6,1,47,8,2179,2,2,-1,2,-1
2015320037216,2,19,0,4,0,0,0,0,0,0,2,1,1,1,63,9,1968,2,1,-1,1,-1
2015320037216,3,9,0,5,0,0,0,0,0,0,2,1,2,2,27,6,1560,2,3,-1,2,-1
2015320037315,1,9,0,9,0,5,0,0,0,0,1,1,6,2,29,6,1587,1,13,-1,3,-1
2015320037315,2,5,0,14,0,1,0,0,0,0,1,1,6,1,66,10,-1,-1,-1,-1,1,-1
2015320037442,1,9,0,5,9,6,0,0,0,0,1,1,6,1,80,11,-1,-1,-1,-1,2,-1
2015320037483,1,9,0,18,0,2,0,0,1,10,4,1,6,1,35,6,1229,1,9,-1,-1,-1
2015320037496,1,9,0,17,0,0,1,0,7,0,3,1,6,1,25,5,1753,2,12,-1,3,-1
2015320037632,1,9,0,5,0,8,0,0,0,0,1,1,1,1,58,9,2496,1,12,-1,1,-1
2015320037632,2,9,0,18,0,8,0,0,0,0,4,1,1,1,45,7,2198,2,9,-1,2,-1
2015320037810,1,9,0,16,0,2,0,0,0,0,1,1,6,1,54,8,1461,2,1,-1,1,-1
2015320037810,2,9,0,18,0,1,1,0,1,1,2,1,6,1,57,9,1560,2,6,-1,1,-1
2015320037979,1,19,0,18,0,1,0,0,1,0,1,1,1,1,26,6,2198,2,3,-1,1,-1
2015320037979,2,3,0,18,0,1,0,0,0,0,1,1,2,1,23,5,125,1,4,-1,1,-1
2015320038021,1,9,0,7,0,1,0,0,0,0,3,1,6,1,43,7,1599,1,10,-1,1,-1
2015320038021,2,9,0,15,0,1,0,0,0,0,4,1,6,1,56,9,1598,1,10,-1,2,-1
2015320038022,1,9,0,5,0,8,0,0,0,0,1,1,6,2,67,10,1390,1,9,-1,3,-1
2015320038022,2,1,0,17,0,8,0,0,0,0,1,1,6,2,52,8,-1,-1,-1,-1,1,-1
2015320038345,1,9,0,3,0,0,0,0,0,0,2,1,6,2,27,6,1360,1,14,-1,-1,-1
2015320038345,2,9,0,3,0,0,0,0,0,0,1,1,6,1,20,4,1398,1,2,-1,3,-1
2015320038388,1,9,0,18,0,0,0,0,0,0,3,1,6,1,39,7,1195,1,18,-1,1,-1
2015320038388,2,9,0,18,0,0,0,0,0,0,4,2,6,1,67,10,2184,2,10,-1,2,-1
2015320038541,1,9,0,4,0,4,0,0,0,0,1,1,6,1,21,5,-1,-1,-1,-1,1,-1
2015320038541,2,9,0,4,0,4,0,0,0,0,2,1,6,2,40,7,-1,-1,-1,-1,1,-1
2015320038597,1,9,0,18,0,8,0,0,0,0,3,1,6,2,68,10,1598,1,14,-1,-1,-1
2015320038597,2,20,0,18,0,8,0,0,7,6,1,1,1,1,35,6,-1,-1,-1,-1,1,-1
2015320038679,1,9,0,18,0,0,5,0,1,0,3,1,6,2,58,9,-1,-1,-1,-1,3,-1
2015320038741,1,9,0,5,0,1,1,0,1,0,1,1,6,1,55,8,-1,-1,-1,-1,1,-1
2015320038741,2,9,0,18,0,1,1,0,1,0,1,1,6,2,36,7,2967,1,12,-1,2,-1
2015320038891,1,9,0,3,0,1,0,0,0,0,1,1,6,2,67,10,-1,-1,-1,-1,3,-1
2015320038891,2,9,0,3,0,1,0,0,0,0,2,1,6,1,67,10,1584,1,8,-1,1,-1
2015320039121,1,9,0,17,0,0,0,0,1,9,1,1,6,2,53,8,1587,1,8,-1,1,-1
2015320039178,1,19,5,18,0,4,0,0,0,0,3,1,6,1,53,8,2998,2,7,-1,1,-1
2015320039178,2,9,0,18,0,4,0,0,0,0,4,1,6,1,35,6,1597,1,27,-1,1,-1
2015320039274,1,9,0,18,0,0,0,7,0,0,1,1,6,1,31,6,-1,-1,-1,-1,3,-1
2015320039404,1,9,0,18,6,0,1,0,1,4,4,1,6,1,49,8,1985,1,18,-1,1,-1
2015320039581,1,9,0,9,0,6,0,0,0,0,1,1,1,2,60,9,1998,2,2,-1,2,-1
2015320039581,2,9,0,18,0,1,1,0,0,1,1,1,1,1,56,9,1968,2,2,-1,3,-1
2015320039605,1,9,0,18,0,3,0,0,1,0,1,1,6,2,46,8,1956,2,1,-1,1,-1
2015320039615,1,9,0,18,0,0,0,0,0,0,1,1,6,1,19,4,2143,2,3,-1,1,-1
2015320039615,2,19,0,18,0,0,0,0,0,0,2,1,1,1,40,7,-1,-1,-1,-1,1,-1
2015320039693,1,19,0,13,0,1,0,0,0,0,4,1,6,1,-1,-1,-1,-1,-1,-1,-1,-1
2015320039693,2,9,0,5,0,1,0,0,0,0,3,1,6,2,57,9,1584,1,11,-1,2,-1
2015320039764,1,9,0,18,0,0,1,4,0,0,1,2,6,2,61,9,1598,1,8,-1,1,-1
2015320039764,2,9,0,18,0,0,0,0,0,0,1,1,6,1,38,7,2143,2,1,-1,3,-1
2015320039764,3,9,0,18,0,0,0,0,0,0,2,1,6,2,48,8,2400,2,4,-1,3,-1
2015320040188,1,9,0,16,0,0,1,0,0,0,1,1,6,1,38,7,2494,1,14,-1,3,-1
2015320040188,2,9,0,17,0,0,2,0,1,9,1,1,6,2,24,5,1197,1,1,-1,1,-1
2015320040189,1,9,0,5,0,6,0,0,0,0,3,1,1,1,36,7,1910,2,6,-1,1,-1
2015320040189,2,3,0,18,0,1,0,0,0,0,1,1,6,1,51,8,125,1,34,-1,1,-1
2015320040223,1,11,0,18,0,2,0,5,0,0,4,1,3,1,61,9,9600,2,18,-1,3,-1
2015320040238,1,9,0,16,0,0,0,0,0,0,4,1,1,2,19,4,1149,1,13,-1,1,-1
2015320040238,2,5,0,17,0,0,0,0,1,0,1,1,1,1,46,8,999,1,6,-1,2,-1
2015320040314,1,9,0,5,0,6,0,0,0,0,3,1,6,2,49,8,1248,2,9,-1,1,-1
2015320040314,2,9,0,18,0,1,0,0,0,6,1,1,6,1,63,9,1560,2,4,-1,-1,-1
2015320040324,1,9,0,10,0,1,0,0,0,0,1,1,6,1,18,4,1405,1,11,-1,1,-1
2015320040324,2,9,0,18,0,1,0,0,0,0,1,1,6,2,25,5,1896,2,6,-1,1,-1
2015320040324,3,9,0,10,0,2,0,0,0,0,1,1,6,1,45,7,998,1,3,-1,3,-1
2015320040339,1,3,0,16,0,0,0,0,0,0,1,1,6,1,37,7,-1,-1,-1,-1,2,-1
2015320040339,2,19,0,2,0,0,0,0,0,0,2,1,1,1,39,7,1598,2,1,-1,3,-1
2015320040339,3,9,0,18,0,0,0,0,0,0,1,1,6,2,48,8,2967,2,2,-1,3,-1
2015320040348,1,9,0,4,0,1,0,0,0,0,2,1,6,2,82,11,1242,1,11,-1,1,-1
2015320040348,2,9,0,4,0,1,0,0,0,0,1,-1,6,1,40,7,-1,-1,-1,-1,-1,-1
2015320040361,1,9,0,18,0,0,0,0,1,0,1,1,6,2,22,5,1390,1,23,-1,1,-1
2015320040601,1,9,0,10,0,6,0,0,0,0,1,1,2,1,42,7,-1,-1,-1,-1,-1,-1
2015320040601,2,9,0,18,0,8,0,0,0,0,1,1,2,2,52,8,1240,1,12,-1,1,-1
2015320040745,1,9,0,18,0,8,0,0,0,0,1,1,6,2,29,6,1560,2,4,-1,3,-1
2015320040745,2,9,0,8,0,1,0,0,0,0,2,1,6,1,45,7,1396,2,6,-1,3,-1
2015320040745,3,19,0,7,0,8,0,0,0,0,1,1,1,1,44,7,2143,2,4,-1,3,-1
2015320040745,4,19,0,3,0,1,0,0,0,0,4,1,1,1,25,5,2143,2,2,-1,3,-1
2015320040756,1,9,0,18,0,0,0,0,0,0,1,1,1,2,70,10,1968,2,3,-1,3,-1
2015320040756,2,9,0,18,0,0,0,0,0,0,1,1,6,1,47,8,-1,-1,-1,-1,1,-1
2015320040822,1,9,0,18,0,8,0,0,0,0,3,1,6,2,77,11,2143,2,1,-1,1,-1
2015320040822,2,9,0,7,0,8,1,0,1,2,4,1,6,2,21,5,2987,2,4,-1,1,-1
2015320040861,1,5,0,16,0,8,0,0,0,0,1,1,6,1,52,8,599,1,9,-1,1,-1
2015320040861,2,9,0,9,0,5,0,0,0,0,0,1,2,1,60,9,1391,1,15,-1,-1,-1
2015320040928,1,19,0,18,0,0,0,0,0,0,4,1,6,1,36,7,-1,-1,-1,-1,2,-1
2015320041373,1,9,0,16,0,0,0,0,0,0,3,1,2,1,20,4,1968,2,5,-1,3,-1
2015320041373,2,21,1,17,0,0,0,0,0,0,3,1,1,1,35,6,11946,2,4,-1,1,-1
2015320041715,1,19,0,4,0,1,0,0,0,0,1,1,1,1,33,6,-1,-1,-1,-1,1,-1
2015320041715,2,9,0,10,0,1,0,0,0,0,2,1,6,2,41,7,1799,1,8,-1,1,-1
2015320041831,1,9,0,18,0,0,1,0,7,4,4,1,6,1,84,11,-1,-1,-1,-1,3,-1
2015320041831,2,20,1,4,0,0,0,0,0,0,0,1,1,1,51,8,-1,-1,-1,-1,3,-1
2015320041832,1,9,0,18,0,0,0,0,0,0,1,1,6,1,21,5,1896,2,14,-1,2,-1
2015320041832,2,9,0,18,0,0,0,0,1,9,2,1,6,1,44,7,2143,2,4,-1,3,-1
2015320041862,1,9,0,18,0,8,0,0,0,0,1,1,6,2,37,7,1398,1,4,-1,3,-1
2015320041862,2,9,0,18,0,8,0,0,0,0,4,2,6,1,49,8,-1,-1,-1,-1,1,-1
2015320041923,1,9,0,18,0,0,0,0,0,0,1,1,2,1,35,6,1995,2,2,-1,2,-1
2015320041923,2,9,0,18,0,0,0,0,0,0,2,1,6,2,46,8,1395,1,-1,-1,1,-1
2015320041996,1,9,0,17,0,0,0,0,1,10,0,1,6,1,45,7,-1,-1,-1,-1,3,-1
2015320042001,1,9,0,9,0,1,0,0,0,0,1,1,2,2,58,9,1753,2,8,-1,3,-1
2015320042001,2,9,0,9,0,1,0,0,0,0,3,1,6,2,57,9,-1,-1,-1,-1,1,-1
2015320042025,1,9,0,18,0,0,5,0,1,1,1,1,6,1,32,6,1686,2,7,-1,2,-1
2015320042027,1,1,0,18,0,0,0,0,0,0,0,1,6,2,33,6,-1,-1,-1,-1,3,-1
2015320042041,1,9,0,9,0,6,0,0,0,0,1,1,6,1,64,9,1390,1,14,-1,2,-1
2015320042041,2,3,0,18,0,1,0,0,0,1,1,1,6,1,22,5,-1,-1,-1,-1,3,-1
2015320042071,1,9,0,18,0,1,0,0,0,0,4,2,6,1,20,4,998,1,7,-1,1,-1
2015320042118,1,1,0,5,8,0,0,0,1,0,3,1,6,1,44,7,-1,-1,-1,-1,1,-1
2015320042118,2,9,4,18,0,0,0,0,0,0,4,-1,1,1,66,10,2987,2,4,-1,-1,-1
2015320042128,1,9,0,5,0,1,0,0,0,0,2,1,6,2,37,7,1108,1,12,-1,1,-1
2015320042128,2,5,0,5,0,1,0,0,0,0,1,1,6,1,58,9,1255,1,5,-1,1,-1
2015320042233,1,9,0,2,0,0,0,0,0,0,1,1,6,1,76,11,1299,1,13,-1,-1,-1
2015320042233,2,9,0,14,0,0,0,0,7,9,4,1,1,2,45,7,1598,1,8,-1,3,-1
2015320042390,1,9,0,18,0,0,0,0,0,0,1,1,6,1,68,10,1590,1,10,-1,1,-1
2015320042416,1,9,0,9,0,1,0,0,1,11,1,1,6,1,19,4,-1,-1,-1,-1,3,-1
2015320042416,2,19,0,18,0,8,0,0,0,0,1,1,1,1,54,8,1461,2,9,-1,1,-1
2015320042422,1,1,-1,18,0,6,0,0,0,0,1,1,6,1,14,3,-1,-1,-1,-1,2,-1
2015320042422,2,9,-1,18,0,1,0,0,0,0,1,-1,6,1,54,8,1686,2,2,-1,1,-1
2015320042432,1,9,0,17,0,8,0,10,1,2,1,1,6,1,17,4,1388,1,11,-1,2,-1
2015320042450,1,9,0,5,0,2,0,0,0,10,1,1,6,1,26,6,1124,1,9,-1,1,-1
2015320042450,2,9,0,2,0,1,0,0,0,0,3,1,6,3,-1,-1,1596,1,8,-1,-1,-1
2015320042557,1,5,0,18,0,0,2,12,0,0,1,1,6,1,59,9,798,1,7,-1,3,-1
2015320042602,1,9,0,18,0,0,0,0,0,0,1,1,6,1,57,9,1248,2,6,-1,-1,-1
2015320042602,2,9,0,18,0,0,0,0,0,0,1,1,6,2,39,7,1997,2,3,-1,2,-1
2015320042745,1,1,0,18,9,1,0,0,0,0,1,1,6,1,15,3,-1,-1,-1,-1,-1,-1
2015320042850,1,9,0,18,0,4,0,0,0,0,1,1,6,1,29,6,1783,1,14,-1,1,-1
2015320042850,2,1,0,17,0,8,0,0,0,0,4,1,1,2,28,6,-1,-1,-1,-1,1,-1
2015320043015,1,9,0,18,0,1,0,0,0,0,3,1,6,2,39,7,1598,1,5,-1,1,-1
2015320043015,2,9,0,9,0,6,0,0,0,0,1,1,1,2,29,6,1461,2,1,-1,1,-1
2015320043178,1,1,0,18,0,8,0,0,0,0,1,1,6,1,21,5,-1,-1,-1,-1,1,-1
2015320043178,2,9,0,18,0,8,0,0,0,0,1,1,6,1,65,9,1396,1,10,-1,1,-1
2015320043187,1,21,1,17,0,0,0,0,1,0,1,1,1,1,59,9,12900,2,4,-1,1,-1
2015320043187,2,9,0,16,0,0,0,0,7,0,1,1,1,1,29,6,-1,-1,-1,-1,3,-1
2015320043197,1,1,0,18,0,3,0,0,0,0,0,1,6,1,50,8,-1,-1,-1,-1,3,-1
2015320043268,1,22,0,18,9,0,5,2,0,0,0,1,6,1,76,11,-1,-1,-1,-1,2,-1
2015320043347,1,9,0,4,0,4,0,0,0,0,2,1,6,2,26,6,1968,2,3,-1,2,-1
2015320043347,2,9,0,14,0,4,0,0,0,0,1,1,6,1,-1,-1,1598,1,12,-1,-1,-1
2015320043679,1,9,0,5,0,4,0,0,0,0,1,-1,6,1,40,7,-1,-1,-1,-1,-1,-1
2015320043679,2,9,0,3,0,4,0,0,0,0,2,1,6,2,25,5,1560,2,10,-1,1,-1
2015320043765,1,9,0,3,0,0,0,0,0,0,1,1,6,1,68,10,1390,1,10,-1,1,-1
2015320043765,2,1,0,18,0,0,0,0,0,0,1,1,6,1,11,3,-1,-1,-1,-1,1,-1
2015320043774,1,21,0,13,0,0,0,0,0,0,4,1,1,1,60,9,4580,2,13,-1,3,-1
2015320043774,2,17,0,18,0,0,5,0,1,9,3,1,1,1,54,8,-1,-1,-1,-1,3,-1
2015320043819,1,9,0,17,0,0,0,0,1,1,1,1,6,2,72,10,1598,2,-1,-1,3,-1
2015320043877,1,9,0,2,0,0,0,4,0,0,3,1,6,2,46,8,1598,1,7,-1,2,-1
2015320043877,2,9,0,1,0,0,0,0,0,0,2,1,6,3,-1,-1,1910,2,9,-1,-1,-1
2015320043964,1,90,-1,18,8,8,0,0,0,0,2,-1,6,1,-1,-1,-1,-1,-1,-1,-1,-1
2015320043964,2,8,0,3,0,2,0,0,0,0,4,1,1,1,46,8,2499,2,8,-1,1,-1
2015320044196,1,19,0,9,0,5,0,0,0,0,3,1,1,1,41,7,-1,-1,-1,-1,1,-1
2015320044196,2,1,0,18,0,8,0,0,0,0,1,1,6,2,4,1,-1,-1,-1,-1,1,-1
2015320044351,1,1,0,18,9,1,0,0,0,0,1,1,6,1,25,5,-1,-1,-1,-1,-1,-1
2015320044351,2,22,0,18,9,1,0,0,0,0,1,1,6,2,75,10,-1,-1,-1,-1,1,-1
2015320044356,1,3,0,13,0,1,1,0,0,0,3,1,6,1,19,4,124,1,-1,-1,2,-1
2015320044356,2,9,0,18,0,1,0,0,0,0,1,1,2,1,58,9,999,1,-1,-1,2,-1
2015320044464,1,19,0,18,0,1,0,0,0,0,1,1,6,1,22,5,-1,-1,-1,-1,-1,-1
2015320044464,2,9,0,3,0,1,0,0,0,0,2,1,6,1,27,6,1998,2,10,-1,-1,-1
2015320044464,3,9,0,3,0,1,0,0,0,0,2,1,6,2,27,6,1299,1,11,-1,-1,-1
2015320044513,1,9,0,18,0,1,1,0,0,0,1,1,1,1,36,7,-1,-1,-1,-1,2,-1
2015320044513,2,9,0,10,0,1,0,0,0,0,2,1,6,1,29,6,-1,-1,-1,-1,3,-1
2015320044610,1,9,0,7,0,1,0,0,0,0,1,1,6,1,22,5,1596,1,12,-1,2,-1
2015320044610,2,9,0,18,0,1,0,0,1,4,4,1,6,2,22,5,1149,1,11,-1,-1,-1
2015320044813,1,19,0,18,0,0,0,0,1,1,1,1,1,1,31,6,2148,2,7,-1,1,-1
2015320044869,1,9,0,18,0,0,0,0,1,0,1,1,6,1,74,10,-1,-1,-1,-1,1,-1
2015320044869,2,21,1,18,0,0,0,0,1,0,1,1,1,1,50,8,-1,-1,-1,-1,2,-1
2015320044913,1,9,0,4,0,0,0,0,0,0,1,1,6,1,61,9,1997,2,16,-1,1,-1
2015320044913,2,9,0,4,0,0,0,0,0,0,1,1,6,1,17,4,998,1,9,-1,1,-1
2015320044913,3,9,0,4,0,0,0,0,0,0,2,1,6,2,44,7,898,1,1,-1,3,-1
2015320044992,1,9,0,18,0,2,0,0,0,0,1,1,6,1,31,6,2494,1,13,-1,1,-1
2015320044992,2,9,0,2,6,2,0,0,0,0,2,1,6,2,45,7,1781,1,11,-1,3,-1
2015320044992,3,9,0,2,6,2,0,0,0,0,2,1,6,2,38,7,998,1,10,-1,3,-1
2015320045010,1,9,0,18,0,0,0,0,0,0,0,-1,6,3,-1,-1,-1,-1,-1,-1,-1,-1
2015320045010,2,9,0,16,0,0,0,0,7,9,1,1,6,1,54,8,1798,1,7,-1,3,-1
2015320045013,1,5,0,4,0,4,1,0,0,0,3,1,6,1,49,8,599,1,13,-1,1,-1
2015320045013,2,9,0,18,0,8,0,0,0,0,4,1,2,2,27,6,1461,2,4,-1,3,-1
2015320045039,1,9,0,9,0,6,0,0,0,0,4,1,6,1,75,10,1329,1,3,-1,3,-1
2015320045039,2,9,0,18,0,2,0,0,0,0,3,1,2,1,75,10,1596,1,1,-1,1,-1
2015320045050,1,5,0,17,0,0,0,0,1,4,1,1,6,1,24,5,-1,-1,-1,-1,1,-1
2015320045189,1,9,0,1,0,1,0,0,0,0,2,1,2,1,40,7,-1,-1,-1,-1,-1,-1
2015320045189,2,3,0,2,0,1,5,0,0,0,1,1,2,1,20,4,124,1,1,-1,1,-1
2015320045421,1,19,0,17,0,0,2,0,0,0,4,1,6,1,44,7,-1,-1,-1,-1,1,-1
2015320045421,2,5,0,16,0,0,0,0,0,0,1,1,1,1,54,8,-1,-1,-1,-1,1,-1
2015320045583,1,9,0,18,0,0,0,0,8,4,1,1,6,2,30,6,1686,2,17,-1,3,-1
2015320045655,1,9,0,4,0,0,0,0,0,0,1,1,6,1,25,5,1995,2,13,-1,-1,-1
2015320045701,1,11,0,18,0,0,0,0,2,11,3,1,1,1,36,7,-1,-1,-1,-1,1,-1
2015320045702,1,9,0,9,0,6,0,0,0,0,1,1,6,1,43,7,1997,2,3,-1,3,-1
2015320045702,2,9,0,18,0,8,0,0,7,0,4,1,6,1,20,4,1360,1,15,-1,-1,-1
2015320045759,1,9,0,18,0,0,0,0,0,0,1,1,6,1,21,5,-1,-1,-1,-1,1,-1
2015320045759,2,9,0,18,0,0,0,0,0,0,1,1,6,2,23,5,1229,1,2,-1,3,-1
2015320045761,1,9,0,17,0,0,0,0,1,9,1,1,6,1,57,9,1498,1,17,-1,1,-1
2015320045770,1,9,0,13,0,1,0,0,0,0,1,-1,6,1,40,7,1242,1,12,-1,-1,-1
2015320045776,1,9,0,18,0,0,1,0,1,4,4,1,6,2,33,6,1968,2,8,-1,3,-1
2015320045793,1,9,0,18,0,0,0,0,0,0,1,1,2,1,28,6,1997,2,11,-1,1,-1
2015320045793,2,9,0,2,0,0,0,0,0,0,2,1,6,2,35,6,1398,2,12,-1,3,-1
2015320045856,1,9,0,18,0,3,1,0,1,9,1,1,6,2,60,9,-1,-1,-1,-1,1,-1
2015320045873,1,19,4,4,0,8,1,0,0,0,1,1,1,1,60,9,2402,2,12,-1,3,-1
2015320045873,2,9,0,10,0,8,0,0,0,0,2,1,2,2,26,6,2231,2,10,-1,-1,-1
2015320045923,1,9,0,16,0,0,5,0,1,1,1,1,6,1,19,4,1248,2,8,-1,1,-1
2015320046038,1,9,0,17,0,0,0,0,0,0,1,1,6,2,18,4,1299,1,11,-1,2,-1
2015320046038,2,9,0,18,0,0,0,0,0,0,1,1,6,1,19,4,1490,1,12,-1,1,-1
2015320046038,3,9,0,16,0,0,0,0,0,0,3,1,6,1,60,9,998,1,1,-1,1,-1
2015320046154,1,9,0,9,0,2,0,0,0,0,1,1,6,1,22,5,2993,2,2,-1,3,-1
2015320046271,1,9,0,18,0,1,0,0,0,0,1,1,6,2,27,6,1242,1,12,-1,3,-1
2015320046271,2,9,0,10,0,1,0,0,0,0,2,1,6,1,67,10,998,1,1,-1,2,-1
2015320046892,1,9,0,18,0,0,0,0,0,0,1,1,4,1,17,4,1296,1,7,-1,3,-1
2015320047114,1,9,0,4,0,1,0,0,0,0,1,1,1,1,25,5,1799,1,9,-1,1,-1
2015320047114,2,9,0,4,0,1,1,0,0,0,2,1,1,1,23,5,1968,2,-1,-1,2,-1
2015320047114,3,9,0,9,0,1,0,0,0,0,2,1,1,1,24,5,1995,2,2,-1,3,-1
2015320047180,1,5,0,17,0,0,5,0,1,4,1,1,6,1,46,8,998,1,4,-1,1,-1
2015320047282,1,9,0,18,5,6,0,0,0,0,1,-1,6,1,25,5,2143,2,1,-1,-1,-1
2015320047282,2,1,0,18,5,8,0,0,0,0,1,1,6,1,22,5,-1,-1,-1,-1,2,-1
2015320047303,1,9,0,6,0,8,0,0,0,0,1,1,6,2,59,9,2979,1,11,-1,-1,-1
2015320047303,2,3,0,18,0,1,0,0,0,0,1,1,6,1,56,9,750,1,37,-1,2,-1
2015320047429,1,9,0,6,0,0,0,0,0,0,0,1,6,2,-1,-1,-1,-1,-1,-1,-1,-1
2015320047429,2,9,-1,18,0,0,0,0,0,0,0,2,6,1,20,4,1995,2,10,-1,1,-1
2015320047622,1,9,0,18,0,8,0,0,0,0,1,1,6,1,21,5,1956,2,4,-1,1,-1
2015320047622,2,9,0,10,0,8,0,0,0,0,2,1,6,1,60,9,1598,1,3,-1,1,-1
2015320047637,1,9,0,9,0,8,0,0,0,0,1,1,6,1,25,5,1242,1,3,-1,2,-1
2015320047637,2,9,0,18,0,1,0,0,0,0,1,1,6,2,24,5,2987,2,5,-1,2,-1
2015320047955,1,9,0,9,0,6,0,0,0,0,2,1,6,2,34,6,1968,2,4,-1,1,-1
2015320047955,2,5,0,18,0,8,1,0,1,0,1,1,6,1,54,8,998,1,8,-1,3,-1
2015320048013,1,8,0,18,0,2,0,0,0,1,4,1,1,2,42,7,-1,-1,-1,-1,-1,-1
2015320048013,2,9,0,9,0,2,0,0,0,0,1,1,6,1,83,11,1360,1,7,-1,-1,-1
2015320048192,1,1,0,18,0,7,0,0,0,0,1,1,6,1,19,4,-1,-1,-1,-1,1,-1
2015320048192,2,19,0,17,0,2,0,0,0,0,4,1,6,1,-1,-1,-1,-1,-1,-1,-1,-1
2015320048194,1,9,0,18,0,0,1,0,0,0,1,1,6,2,62,9,1598,1,13,-1,1,-1
2015320048194,2,9,0,2,0,0,0,0,0,0,2,1,6,3,40,7,-1,-1,-1,-1,3,-1
2015320048298,1,1,0,18,9,0,0,0,0,0,1,1,6,1,-1,-1,-1,-1,-1,-1,-1,-1
2015320048374,1,9,0,1,0,0,0,0,0,0,3,1,6,1,48,8,2435,1,14,-1,3,-1
2015320048394,1,9,0,18,0,6,0,0,1,0,1,1,6,1,70,10,1388,1,3,-1,1,-1
2015320048394,2,9,0,18,0,8,0,0,1,11,4,1,6,1,35,6,2183,2,5,-1,3,-1
2015320048574,1,9,0,18,0,0,0,0,0,0,1,1,6,1,31,6,-1,-1,-1,-1,3,-1