Accident_Index,Vehicle_Reference,Vehicle_Type,Towing_and_Articulation,Vehicle_Manoeuvre,Vehicle_Location-Restricted_Lane,Junction_Location,Skidding_and_Overturning,Hit_Object_in_Carriageway,Vehicle_Leaving_Carriageway,Hit_Object_off_Carriageway,1st_Point_of_Impact,Was_Vehicle_Left_Hand_Drive?,Journey_Purpose_of_Driver,Sex_of_Driver,Age_of_Driver,Age_Band_of_Driver,Engine_Capacity_(CC),Propulsion_Code,Age_of_Vehicle,Driver_IMD_Decile,Driver_Home_Area_Type,Vehicle_IMD_Decile
2015320048574,2,9,0,18,0,0,0,0,0,0,2,1,6,2,17,4,1299,1,7,-1,1,-1
2015320048596,1,9,0,18,0,0,0,0,0,0,1,1,6,2,86,11,999,1,2,-1,-1,-1
2015320048672,1,20,0,18,0,4,0,0,0,0,3,1,6,1,57,9,-1,-1,-1,-1,-1,-1
2015320048672,2,9,0,18,0,8,0,0,0,0,1,1,6,1,21,5,1582,2,6,-1,1,-1
2015320048896,1,9,0,3,0,0,0,0,0,0,2,1,1,1,68,10,1997,2,3,-1,1,-1
2015320048896,2,9,0,3,0,0,0,0,0,0,2,1,6,1,19,4,1364,2,10,-1,2,-1
2015320048896,3,20,0,18,0,0,0,0,0,0,1,1,1,1,32,6,-1,-1,-1,-1,2,-1
2015320048959,1,9,0,17,0,0,1,0,0,10,1,1,6,1,28,6,2435,1,13,-1,1,-1
2015320048959,2,9,0,18,0,0,0,0,7,0,4,1,6,1,17,4,1242,1,14,-1,3,-1
2015320049076,1,9,0,4,0,0,0,0,0,0,1,1,6,2,30,6,1598,2,3,-1,-1,-1
2015320049076,2,9,0,4,0,0,0,0,0,0,2,1,2,1,45,7,-1,-1,-1,-1,2,-1
2015320049216,1,9,0,5,0,8,0,0,0,0,1,1,6,1,19,4,1329,1,6,-1,1,-1
2015320049216,2,9,0,18,0,1,2,0,0,0,4,1,1,1,34,6,1598,1,5,-1,2,-1
2015320049219,1,9,0,16,0,0,2,0,0,0,1,1,6,1,19,4,989,1,11,-1,3,-1
2015320049219,2,9,0,2,6,0,0,0,7,0,1,1,6,3,-1,-1,1968,2,4,-1,3,-1
2015320049366,1,9,0,18,0,1,0,0,0,0,3,-1,6,3,26,6,1598,1,15,-1,-1,-1
2015320049366,2,1,0,18,0,1,0,0,0,0,1,1,6,1,25,5,-1,-1,-1,-1,1,-1
2015320049562,1,9,0,4,0,1,0,0,0,0,1,-1,6,1,39,7,2143,2,1,-1,3,-1
2015320049562,2,9,0,10,0,1,0,0,0,0,2,1,6,2,59,9,2987,2,4,-1,1,-1
2015320049566,1,9,0,16,0,0,1,0,2,1,1,1,6,2,38,7,1339,1,10,-1,3,-1
2015320049588,1,2,0,18,0,1,1,0,0,0,4,1,1,2,22,5,125,1,1,-1,3,-1
2015320049638,1,9,0,18,0,4,1,9,3,1,1,1,6,1,28,6,-1,-1,-1,-1,1,-1
2015320049715,1,9,0,18,0,8,1,0,1,4,1,1,6,1,24,5,2495,2,14,-1,3,-1
2015320049874,1,9,0,18,0,0,0,0,0,0,0,-1,6,1,44,7,1991,2,8,-1,1,-1
2015320049874,2,9,-1,18,0,0,0,0,0,0,0,-1,6,3,-1,-1,-1,-1,-1,-1,-1,-1
2015320049902,1,9,0,9,0,0,0,0,0,0,1,1,6,2,23,5,1199,2,1,-1,1,-1
2015320049902,2,5,0,18,0,0,0,0,0,0,1,1,6,1,31,6,599,1,15,-1,1,-1
2015320050221,1,19,0,16,0,0,0,0,7,4,1,1,1,1,25,5,-1,-1,-1,-1,1,-1
2015320050338,1,9,0,9,0,0,0,0,7,0,4,1,2,1,20,4,-1,-1,-1,-1,1,-1
2015320050338,2,9,0,18,0,0,0,0,0,0,1,1,2,1,27,6,1984,1,8,-1,2,-1
2015320050409,1,9,-1,18,0,1,0,0,0,0,1,-1,6,1,43,7,2179,2,8,-1,-1,-1
2015320050409,2,9,0,8,0,1,0,0,0,0,2,1,6,1,78,11,1197,1,1,-1,3,-1
2015320050498,1,9,0,18,0,0,0,0,0,0,1,-1,6,1,-1,-1,-1,-1,-1,-1,-1,-1
2015320050605,1,19,0,18,0,0,1,0,7,1,1,1,1,1,57,9,2143,2,5,-1,3,-1
2015320050605,2,9,0,18,0,0,0,0,1,0,3,1,6,1,26,6,1587,1,16,-1,1,-1
2015320050610,1,9,0,18,0,1,0,0,7,4,1,1,6,1,30,6,1910,2,7,-1,-1,-1
2015320050620,1,1,0,16,0,0,5,0,7,9,0,1,6,1,52,8,-1,-1,-1,-1,2,-1
2015320050958,1,9,0,18,0,2,0,0,0,0,1,1,6,2,51,8,998,1,2,-1,1,-1
2015320050958,2,19,0,18,0,2,2,0,0,0,4,1,1,1,53,8,1753,2,7,-1,1,-1
2015320051028,1,9,0,4,0,0,0,0,1,0,4,1,2,2,31,6,1360,1,11,-1,1,-1
2015320051028,2,9,0,2,0,0,0,0,1,0,0,1,2,1,61,9,1796,1,14,-1,3,-1
2015320051076,1,9,0,5,0,1,0,0,0,0,1,1,2,1,47,8,1199,1,12,-1,3,-1
2015320051076,2,9,0,4,0,1,0,7,7,9,3,1,1,2,23,5,1242,1,14,-1,2,-1
2015320051118,1,9,0,7,0,3,5,9,7,1,3,1,6,2,18,4,1199,1,13,-1,2,-1
2015320051118,2,9,0,7,0,4,0,0,0,0,4,1,6,1,22,5,-1,-1,-1,-1,2,-1
2015320051367,1,9,0,18,0,2,0,0,0,0,4,1,6,1,62,9,1560,2,1,-1,1,-1
2015320051367,2,1,0,18,0,1,0,0,0,0,1,1,6,1,37,7,-1,-1,-1,-1,1,-1
2015320051479,1,9,0,18,0,0,0,0,0,0,3,1,2,2,46,8,1360,1,14,-1,3,-1
2015320051479,2,9,-1,18,0,0,0,0,0,0,3,-1,6,1,-1,-1,-1,-1,-1,-1,-1,-1
2015320051590,1,19,0,9,0,5,0,0,0,0,4,1,1,1,36,7,2198,2,5,-1,3,-1
2015320051590,2,9,0,18,0,1,0,0,0,0,1,1,2,2,35,6,-1,-1,-1,-1,1,-1
2015320051590,3,9,0,10,0,1,0,0,0,0,1,1,2,2,45,7,1968,2,7,-1,3,-1
2015320051673,1,9,0,18,0,0,0,0,7,4,1,1,1,1,33,6,1997,2,7,-1,3,-1
2015320051673,2,5,0,18,0,0,0,0,0,0,1,1,6,1,45,7,898,1,1,-1,-1,-1
2015320051673,3,98,0,18,0,0,0,0,0,0,3,1,1,1,54,8,11705,2,12,-1,-1,-1
2015320051688,1,98,1,18,0,0,0,0,0,0,1,1,1,1,49,8,12809,2,2,-1,2,-1
2015320051688,2,98,1,3,0,0,0,0,0,0,1,1,1,1,54,8,-1,-1,-1,-1,1,-1
2015320051688,3,9,0,3,0,0,0,0,0,0,2,1,6,1,44,7,2987,2,10,-1,1,-1
2015320051743,1,9,0,16,0,0,0,0,7,0,1,1,6,2,26,6,1299,1,13,-1,3,-1
2015320051745,1,9,0,18,0,0,1,0,0,0,1,1,6,1,27,6,1497,1,13,-1,1,-1
2015320051829,1,4,0,18,0,2,0,0,1,0,4,1,6,1,27,6,399,1,26,-1,1,-1
2015320052099,1,4,0,18,0,8,0,0,0,0,0,1,2,1,57,9,844,1,34,-1,3,-1
2015320052099,2,9,0,9,0,1,0,0,0,0,0,1,2,1,35,6,-1,-1,-1,-1,1,-1
2015320052175,1,9,0,18,0,1,0,0,0,0,1,1,6,2,75,10,1560,2,2,-1,3,-1
2015320052175,2,9,0,3,0,1,0,0,0,0,2,1,6,1,33,6,1994,2,13,-1,1,-1
2015320052194,1,9,0,4,0,1,0,0,0,0,1,1,3,2,34,6,1997,2,12,-1,1,-1
2015320052194,2,1,0,18,0,1,0,0,0,0,1,1,6,1,14,3,-1,-1,-1,-1,1,-1
2015320052273,1,1,0,18,0,0,2,0,0,0,4,1,6,1,68,10,-1,-1,-1,-1,1,-1
2015320052273,2,9,0,17,0,0,0,0,0,0,0,1,6,2,-1,-1,2987,2,4,-1,-1,-1
2015320052297,1,21,1,18,0,0,3,0,1,9,4,1,1,1,52,8,11946,2,5,-1,1,-1
2015320052316,1,3,0,18,0,1,0,0,0,0,1,1,6,1,18,4,124,1,9,-1,3,-1
2015320052316,2,9,0,9,0,8,0,0,0,0,2,1,6,1,48,8,1596,1,14,-1,2,-1
2015320052327,1,9,0,16,0,0,2,0,7,4,1,1,6,1,19,4,1360,1,16,-1,1,-1
2015320052334,1,9,0,4,0,1,0,0,0,0,1,-1,1,2,22,5,1242,1,5,-1,1,-1
2015320052334,2,9,0,3,0,1,0,0,0,0,2,-1,1,1,42,7,1242,1,15,-1,2,-1
2015320052404,1,19,4,5,0,0,0,0,0,0,4,1,1,2,39,7,2287,2,2,-1,1,-1
2015320052450,1,9,0,5,0,6,0,0,0,6,1,1,6,1,75,10,1686,2,15,-1,1,-1
2015320052450,2,9,0,18,0,1,0,0,0,0,1,1,6,1,65,9,1968,2,-1,-1,2,-1
2015320052669,1,9,0,18,0,1,0,0,0,0,1,1,6,1,29,6,-1,-1,-1,-1,3,-1
2015320052669,2,9,0,18,0,1,0,0,0,0,1,1,6,1,27,6,1753,2,14,-1,1,-1
2015320052669,3,9,0,18,0,1,0,0,0,0,1,1,6,2,29,6,1896,2,16,-1,2,-1
2015320052669,4,9,0,18,0,1,0,0,0,0,1,1,6,1,59,9,-1,-1,-1,-1,1,-1
2015320052723,1,9,0,18,0,0,0,0,7,4,1,1,6,2,58,9,1995,2,5,-1,1,-1
2015320052769,1,9,0,15,0,2,0,0,0,0,3,1,6,2,42,7,1229,1,8,-1,2,-1
2015320052769,2,9,0,9,0,2,0,0,0,0,1,1,6,2,40,7,996,1,6,-1,3,-1
2015320052868,1,9,0,18,0,1,0,0,0,0,1,1,6,1,66,10,1986,1,1,-1,1,-1
2015320052868,2,9,0,18,0,1,0,0,7,0,1,1,6,2,18,4,-1,-1,-1,-1,1,-1
2015320052882,1,9,0,9,0,1,0,0,0,0,1,1,6,1,51,8,1998,2,8,-1,2,-1
2015320052882,2,9,0,18,0,1,0,0,0,0,1,1,6,1,47,8,1596,1,6,-1,1,-1
2015320053117,1,1,0,3,0,1,0,0,0,0,3,1,6,2,29,6,-1,-1,-1,-1,1,-1
2015320053117,2,9,0,9,0,2,0,0,0,0,3,1,6,1,38,7,1910,2,7,-1,3,-1
2015320053120,1,3,0,17,0,0,1,0,1,11,1,1,6,1,20,4,125,1,-1,-1,3,-1
2015320053130,1,9,-1,18,0,1,1,0,0,0,4,1,1,2,27,6,1679,1,16,-1,-1,-1
2015320053130,2,9,-1,5,0,8,0,0,0,0,1,1,6,1,39,7,1461,2,6,-1,1,-1
2015320053141,1,9,0,4,0,0,0,0,0,0,1,1,6,1,40,7,1956,2,2,-1,1,-1
2015320053141,2,9,0,4,0,0,0,0,0,0,2,1,6,1,18,4,-1,-1,-1,-1,2,-1
2015320053141,3,9,0,4,0,0,0,0,0,0,2,1,6,1,29,6,1896,2,9,-1,1,-1
2015320053141,4,9,0,4,0,0,0,0,0,0,2,1,6,2,25,5,1248,2,7,-1,1,-1
2015320053182,1,1,0,18,0,0,0,0,0,0,0,1,6,1,53,8,-1,-1,-1,-1,1,-1
2015320053532,1,9,0,18,0,6,0,0,0,0,3,1,6,1,21,5,-1,-1,-1,-1,3,-1
2015320053532,2,9,0,18,0,8,0,0,0,0,1,1,6,1,67,10,1968,2,10,-1,1,-1
2015320053556,1,9,0,1,0,0,0,0,0,0,2,1,6,1,48,8,1997,2,8,-1,3,-1
2015320053559,1,9,0,9,0,6,0,0,0,0,1,1,6,1,27,6,1598,1,13,-1,1,-1
2015320053569,1,9,0,18,0,0,0,0,0,0,1,1,6,1,39,7,-1,-1,-1,-1,1,-1
2015320053569,2,9,0,2,0,0,0,0,0,0,0,1,6,2,58,9,1991,2,9,-1,3,-1
2015320053604,1,9,0,18,0,0,0,0,0,0,3,1,6,2,33,6,1968,2,4,-1,-1,-1
2015320053604,2,9,0,18,0,0,0,0,0,0,4,1,6,2,57,9,1199,1,14,-1,1,-1
2015320053657,1,19,0,18,0,0,0,0,0,0,2,1,6,1,24,5,2496,2,15,-1,1,-1
2015320053674,1,9,0,16,0,0,2,0,3,4,3,1,6,1,42,7,-1,-1,-1,-1,3,-1
2015320053704,1,9,0,18,0,0,0,0,7,0,3,1,6,2,23,5,998,1,10,-1,1,-1
2015320054119,1,9,0,4,0,0,0,0,0,0,1,1,6,1,47,8,-1,-1,-1,-1,1,-1
2015320054207,1,9,0,1,0,0,0,0,0,0,2,1,6,1,31,6,-1,-1,-1,-1,1,-1
2015320054212,1,9,0,18,9,2,1,10,7,0,4,1,2,1,23,5,1108,1,19,-1,-1,-1
2015320054351,1,19,0,4,0,1,0,0,0,0,1,1,2,1,55,8,1996,2,4,-1,1,-1
2015320054351,2,1,0,18,0,8,0,0,0,0,3,1,2,1,50,8,-1,-1,-1,-1,1,-1
2015320054612,1,9,0,7,0,1,0,0,0,0,1,1,6,2,22,5,1108,1,12,-1,1,-1
2015320054612,2,2,0,7,0,1,0,0,0,0,2,1,1,2,25,5,49,1,2,-1,1,-1
2015320054629,1,9,0,18,0,0,0,0,0,0,1,1,6,3,18,4,1199,1,12,-1,-1,-1
2015320054629,2,9,0,3,0,0,0,0,0,0,2,1,1,1,23,5,1598,1,11,-1,1,-1
2015320054736,1,5,0,4,0,0,1,0,0,0,1,1,6,1,29,6,748,1,25,-1,1,-1
2015320054736,2,9,0,4,0,0,0,0,0,0,2,1,6,1,30,6,1560,2,9,-1,3,-1
2015320054736,3,9,0,4,0,0,0,0,0,0,2,1,6,2,55,8,1198,1,7,-1,-1,-1
2015320054736,4,9,0,4,0,0,0,0,0,0,2,1,6,2,17,4,1198,1,7,-1,-1,-1
2015320054746,1,9,0,9,0,6,0,0,0,0,1,1,6,1,49,8,-1,-1,-1,-1,-1,-1
2015320054746,2,9,0,18,0,1,0,0,0,0,4,1,6,1,75,10,1997,2,11,-1,1,-1
2015320054746,3,9,0,8,0,2,0,0,0,0,4,1,6,2,30,6,1968,2,1,-1,2,-1
2015320054843,1,9,0,18,0,0,0,0,0,0,1,1,6,2,47,8,1296,1,7,-1,1,-1
2015320054843,2,9,0,3,0,0,0,0,0,0,2,1,6,1,28,6,1896,2,8,-1,1,-1
2015320054843,3,9,0,3,0,0,0,0,0,0,2,1,6,1,32,6,1896,2,9,-1,1,-1
2015320054907,1,9,0,18,0,0,0,0,1,2,1,1,6,2,35,6,1124,1,12,-1,1,-1
2015320054926,1,4,0,4,0,2,2,0,0,0,1,1,6,1,23,5,124,1,1,-1,2,-1
2015320054926,2,19,0,4,0,2,0,0,0,0,2,1,1,1,35,6,1870,2,10,-1,3,-1
2015320055012,1,9,0,13,0,0,0,0,0,0,4,1,6,1,47,8,-1,-1,-1,-1,3,-1
2015320055012,2,1,0,18,0,0,5,0,0,0,2,1,2,2,38,7,-1,-1,-1,-1,3,-1
2015320055058,1,19,0,18,0,1,0,0,0,0,1,1,1,1,27,6,-1,-1,-1,-1,3,-1
2015320055058,2,9,0,10,0,8,0,0,0,0,2,1,6,1,36,7,1870,2,10,-1,2,-1
2015320055094,1,9,0,18,0,0,0,10,0,2,1,1,6,2,64,9,796,1,5,-1,1,-1
2015320055095,1,9,0,16,0,8,0,0,1,9,1,1,6,1,18,4,1587,1,10,-1,3,-1
2015320055101,1,9,0,18,0,1,0,0,0,0,1,1,6,1,29,6,1798,1,13,-1,2,-1
2015320055101,2,9,0,3,0,1,0,0,0,0,2,1,6,1,69,10,1341,1,11,-1,1,-1
2015320055153,1,9,0,13,0,0,0,0,0,0,3,1,6,1,20,4,1422,2,11,-1,3,-1
2015320055153,2,9,0,13,0,0,1,0,0,0,4,1,4,1,20,4,-1,-1,-1,-1,3,-1
2015320055153,3,10,0,18,0,0,0,0,1,3,3,1,3,2,50,8,2198,2,3,-1,1,-1
2015320055306,1,9,0,18,0,0,0,0,0,0,1,1,6,1,77,11,1997,2,13,-1,1,-1
2015320055349,1,9,0,5,0,6,0,0,0,0,3,1,6,1,20,4,1796,1,6,-1,1,-1
2015320055349,2,1,0,18,0,6,0,0,0,0,1,1,6,1,24,5,-1,-1,-1,-1,1,-1
2015320055351,1,1,0,18,0,1,0,0,0,0,1,1,2,2,20,4,-1,-1,-1,-1,3,-1
2015320055351,2,9,0,7,0,1,0,0,0,0,1,1,2,1,20,4,1461,2,13,-1,1,-1
2015320055352,1,9,0,9,0,5,0,0,0,0,1,1,6,2,49,8,1991,2,9,-1,2,-1
2015320055352,2,9,0,18,0,1,0,0,0,0,1,1,2,1,25,5,1753,2,12,-1,1,-1
2015320055353,1,3,0,7,0,6,1,0,0,0,4,1,2,1,18,4,125,1,1,-1,1,-1
2015320055637,1,2,0,18,0,1,0,0,0,0,0,1,6,1,68,10,-1,-1,-1,-1,1,-1
2015320055693,1,9,0,18,0,0,1,0,7,3,3,1,6,1,66,10,1797,8,1,-1,2,-1
2015320055693,2,9,0,18,0,0,1,0,1,9,1,1,6,1,70,10,-1,-1,-1,-1,1,-1
2015320055725,1,9,0,4,0,0,0,0,0,0,1,1,6,1,17,4,-1,-1,-1,-1,1,-1
2015320055725,2,9,0,3,0,0,0,0,0,0,2,1,3,2,47,8,1598,1,9,-1,3,-1
2015320055733,1,9,0,10,0,0,0,0,0,0,2,2,6,1,53,8,-1,-1,-1,-1,3,-1
2015320055733,2,9,0,4,0,0,0,0,0,0,2,2,6,2,19,4,1124,1,11,-1,2,-1
2015320055733,3,9,0,18,0,0,0,0,1,9,1,2,6,1,60,9,1984,2,2,-1,1,-1
2015320055733,4,9,0,18,0,0,0,0,0,0,1,2,6,1,50,8,973,1,12,-1,2,-1
2015320055831,1,9,0,18,0,0,0,0,0,0,4,1,6,2,52,8,1299,1,13,-1,1,-1
2015320055831,2,1,0,18,0,0,0,0,0,0,4,1,6,1,43,7,-1,-1,-1,-1,2,-1
2015320055840,1,90,-1,16,0,0,0,0,0,0,4,-1,6,3,-1,-1,-1,-1,-1,-1,-1,-1
2015320055841,1,9,0,18,0,8,0,0,0,0,1,1,6,1,31,6,1560,2,10,-1,1,-1
2015320055841,2,9,0,18,0,8,0,0,0,0,3,1,6,2,51,8,1997,2,9,-1,1,-1
2015320055967,1,9,0,5,0,1,0,0,0,0,1,1,6,2,69,10,1198,1,6,-1,1,-1
2015320055967,2,9,0,18,0,8,0,0,0,0,3,1,6,1,45,7,-1,-1,-1,-1,3,-1
2015320055967,3,9,0,3,0,1,0,0,0,0,1,1,6,1,68,10,-1,-1,-1,-1,3,-1
2015320056045,1,9,0,9,0,8,0,0,0,0,1,1,6,1,42,7,1997,2,1,-1,3,-1
2015320056052,1,9,0,18,0,0,1,0,0,0,1,1,6,2,60,9,1968,2,1,-1,3,-1
2015320056052,2,9,0,18,0,0,0,0,0,0,1,1,6,2,34,6,1199,2,3,-1,1,-1
2015320056152,1,9,0,5,0,4,0,0,0,0,1,1,6,1,66,10,1242,1,1,-1,1,-1
2015320056152,2,1,0,18,0,3,0,0,0,0,2,1,6,1,48,8,-1,-1,-1,-1,1,-1
2015320056169,1,9,0,18,0,0,0,0,0,0,1,1,6,1,24,5,1686,2,2,-1,-1,-1
2015320056169,2,9,0,18,0,0,0,0,0,0,1,1,6,1,33,6,1753,2,5,-1,-1,-1
2015320056169,3,1,0,18,0,0,0,0,0,0,1,1,6,1,36,7,-1,-1,-1,-1,1,-1
2015320056202,1,19,0,10,0,1,0,0,0,0,1,1,2,1,56,9,2500,2,9,-1,1,-1
2015320056202,2,3,0,10,0,1,0,0,0,0,2,1,2,1,54,8,125,1,7,-1,1,-1
2015320056220,1,2,0,17,0,0,2,0,1,11,4,1,6,2,23,5,-1,-1,-1,-1,3,-1
2015320056245,1,9,0,5,0,0,0,0,0,0,1,1,3,2,29,6,1761,1,15,-1,1,-1
2015320056283,1,9,0,9,0,1,0,0,0,0,3,1,1,2,42,7,-1,-1,-1,-1,1,-1
2015320056283,2,1,0,4,0,8,0,0,0,0,1,1,1,2,43,7,-1,-1,-1,-1,1,-1
2015320056507,1,9,0,5,0,2,0,0,0,0,1,-1,6,1,40,7,2143,2,1,-1,-1,-1
2015320056507,2,1,0,18,0,2,0,0,0,0,0,1,2,2,46,8,-1,-1,-1,-1,1,-1
2015320056719,1,9,0,18,0,0,0,0,0,0,1,1,6,2,65,9,-1,-1,-1,-1,2,-1
2015320056719,2,1,0,18,0,0,5,0,0,0,2,1,6,2,16,4,-1,-1,-1,-1,1,-1
2015320056725,1,9,0,13,0,0,0,0,0,0,1,1,6,1,48,8,-1,-1,-1,-1,3,-1
2015320056725,2,17,4,9,0,0,0,0,0,0,3,1,1,1,55,8,-1,-1,-1,-1,2,-1
2015320056730,1,9,0,18,0,0,0,0,0,0,0,1,6,2,79,11,1399,1,6,-1,3,-1
2015320056730,2,1,0,18,0,0,0,0,0,0,0,1,1,1,50,8,-1,-1,-1,-1,3,-1
2015320056907,1,9,0,5,0,4,0,0,0,0,1,-1,6,1,-1,-1,2143,2,1,-1,-1,-1
2015320056907,2,1,0,5,0,1,0,0,0,0,3,1,2,1,21,5,-1,-1,-1,-1,1,-1
2015320056938,1,8,0,18,0,1,0,0,0,0,1,-1,6,1,43,7,1968,2,5,-1,1,-1
2015320056986,1,9,0,17,0,0,2,0,7,9,1,1,6,2,21,5,1997,1,12,-1,1,-1
2015320057272,1,9,0,5,0,8,0,0,0,0,1,1,6,1,30,6,1968,2,6,-1,1,-1
2015320057272,2,9,0,18,0,8,0,0,0,0,3,1,6,2,40,7,-1,-1,-1,-1,1,-1
2015320057282,1,4,0,18,0,0,0,0,0,0,0,1,6,1,24,5,124,1,4,-1,3,-1
2015320057297,1,1,0,18,0,0,0,0,0,0,0,1,6,1,16,4,-1,-1,-1,-1,1,-1
2015320057575,1,9,0,9,0,8,0,0,0,0,1,1,6,1,79,11,1968,2,4,-1,1,-1
2015320057575,2,9,0,17,0,8,0,0,0,0,1,1,6,1,46,8,1956,2,5,-1,3,-1
2015320057609,1,9,0,18,0,1,0,0,0,0,1,1,6,1,78,11,998,1,-1,-1,3,-1
2015320057609,2,9,0,8,0,1,0,0,0,0,2,1,1,1,60,9,3226,2,13,-1,1,-1
2015320057665,1,9,0,18,0,0,0,0,0,0,1,1,6,2,28,6,1461,2,9,-1,3,-1
2015320057665,2,9,0,18,0,0,0,0,0,0,2,1,6,1,77,11,1997,2,8,-1,2,-1
2015320057866,1,1,0,18,0,0,0,0,0,0,1,1,6,1,11,3,-1,-1,-1,-1,1,-1
2015320057866,2,9,0,18,0,0,0,0,0,0,3,1,6,2,45,7,1560,2,4,-1,1,-1
2015320057897,1,5,0,18,0,2,0,0,0,0,0,1,2,1,20,4,750,1,6,-1,1,-1
2015320057916,1,9,0,18,0,0,0,4,0,0,1,1,6,2,26,6,1598,1,11,-1,1,-1
2015320057916,2,9,0,2,0,0,0,4,0,0,2,1,6,3,-1,-1,1598,1,9,-1,1,-1
2015320057916,3,9,0,2,0,0,0,4,0,0,2,1,6,3,-1,-1,1997,2,5,-1,-1,-1
2015320058264,1,9,0,4,0,1,0,0,0,0,1,1,6,1,40,7,1769,1,9,-1,-1,-1
2015320058264,2,9,0,3,0,1,0,0,0,0,2,1,2,1,43,7,1560,2,1,-1,-1,-1
2015320058460,1,9,0,18,0,0,0,0,0,0,1,1,6,2,40,7,1998,1,16,-1,1,-1
2015320058460,2,9,0,3,0,0,0,0,0,0,2,1,6,2,40,7,1995,2,1,-1,1,-1
2015320058541,1,19,0,18,0,0,0,0,0,0,4,1,6,1,48,8,1997,2,12,-1,3,-1
2015320058756,1,20,0,18,0,0,0,0,7,4,1,1,1,1,26,6,-1,-1,-1,-1,1,-1
2015320058798,1,9,0,2,0,0,0,0,0,0,3,1,6,2,38,7,1598,1,9,-1,1,-1
2015320058798,2,9,0,18,0,0,0,0,0,0,4,1,6,1,84,11,1951,2,11,-1,1,-1
2015320058851,1,21,1,16,0,0,3,0,0,0,3,2,1,1,58,9,-1,-1,-1,-1,-1,-1
2015320058851,2,9,0,17,0,0,0,0,0,0,3,1,6,1,65,9,1598,1,1,-1,3,-1
2015320058887,1,9,0,18,0,0,0,0,0,0,1,1,6,1,55,8,2494,2,-1,-1,1,-1
2015320058887,2,9,0,2,0,0,0,0,0,0,2,1,2,2,61,9,1951,2,12,-1,3,-1
2015320058887,3,9,0,2,0,0,0,0,0,0,2,1,2,2,22,5,1598,1,12,-1,3,-1
2015320058887,4,19,0,2,0,0,0,0,0,0,0,1,1,1,23,5,2402,2,4,-1,1,-1
2015320058909,1,3,0,17,0,1,2,0,1,0,4,1,6,1,31,6,656,1,10,-1,1,-1
2015320058915,1,90,0,18,0,1,0,0,0,0,4,-1,6,3,-1,-1,-1,-1,-1,-1,-1,-1
2015320058954,1,9,0,18,0,0,0,0,0,0,1,1,6,1,52,8,998,1,16,-1,1,-1
2015320058954,2,9,0,18,0,0,0,0,0,0,2,1,6,1,52,8,1986,2,8,-1,2,-1
2015320059011,1,9,0,18,0,0,1,0,7,9,1,1,6,2,77,11,1198,1,6,-1,-1,-1
2015320059011,2,9,0,18,0,0,0,0,0,0,0,1,6,2,47,8,1198,1,2,-1,2,-1
2015320059011,3,9,0,18,0,0,1,0,1,9,1,1,6,2,41,7,-1,-1,-1,-1,-1,-1
2015320059020,1,3,0,7,0,0,1,0,0,0,3,1,6,1,22,5,102,1,9,-1,3,-1
2015320059131,1,9,0,9,0,8,0,0,0,0,4,2,1,1,29,6,-1,-1,-1,-1,1,-1
2015320059131,2,9,0,18,0,8,0,0,0,0,1,1,6,2,80,11,1299,1,14,-1,2,-1
2015320059306,1,9,0,14,0,8,0,0,0,0,1,1,6,2,40,7,-1,-1,-1,-1,-1,-1
2015320059481,1,9,0,1,9,8,0,0,0,0,2,1,6,1,63,9,2148,2,13,-1,1,-1
2015320059481,2,9,-1,18,9,8,0,0,0,0,3,1,6,1,44,7,-1,-1,-1,-1,1,-1
2015320059505,1,19,0,4,0,0,0,0,0,0,2,1,2,1,31,6,-1,-1,-1,-1,1,-1
2015320059505,2,9,0,4,0,0,0,0,0,0,1,1,2,2,57,9,1229,1,10,-1,2,-1
2015320059505,3,9,0,4,0,0,0,0,0,0,2,1,2,1,43,7,-1,-1,-1,-1,2,-1
2015320059508,1,9,0,13,0,1,0,0,0,0,1,1,6,1,41,7,-1,-1,-1,-1,2,-1
2015320059508,2,9,0,5,0,2,0,0,0,0,1,1,6,2,42,7,875,1,3,-1,3,-1
2015320059530,1,9,0,18,0,0,0,0,0,0,1,1,6,1,48,8,2148,2,14,-1,1,-1
2015320059530,2,9,0,10,0,0,0,0,0,0,2,1,1,1,30,6,2324,1,12,-1,3,-1
2015320059544,1,19,0,16,0,8,0,0,0,0,1,1,2,1,23,5,2500,2,8,-1,1,-1
2015320059544,2,9,0,9,0,8,0,0,1,1,3,1,6,1,62,9,1598,2,-1,-1,1,-1
2015320059598,1,90,0,18,0,8,0,0,0,0,1,1,1,1,50,8,-1,-1,-1,-1,-1,-1
2015320059598,2,9,0,18,0,8,0,0,0,0,1,1,6,1,24,5,1242,1,7,-1,1,-1
2015320059863,1,9,0,18,0,0,0,0,1,11,1,1,2,1,54,8,-1,-1,-1,-1,3,-1
2015320059901,1,5,0,18,0,0,0,12,0,0,1,1,6,1,60,9,-1,-1,-1,-1,1,-1
2015320059907,1,9,0,1,0,0,0,0,1,0,2,1,6,1,85,11,-1,-1,-1,-1,2,-1
2015320059917,1,19,0,18,0,0,0,4,0,0,1,1,6,1,63,9,2299,2,1,-1,1,-1