Accident_Index,Vehicle_Reference,Vehicle_Type,Towing_and_Articulation,Vehicle_Manoeuvre,Vehicle_Location-Restricted_Lane,Junction_Location,Skidding_and_Overturning,Hit_Object_in_Carriageway,Vehicle_Leaving_Carriageway,Hit_Object_off_Carriageway,1st_Point_of_Impact,Was_Vehicle_Left_Hand_Drive?,Journey_Purpose_of_Driver,Sex_of_Driver,Age_of_Driver,Age_Band_of_Driver,Engine_Capacity_(CC),Propulsion_Code,Age_of_Vehicle,Driver_IMD_Decile,Driver_Home_Area_Type,Vehicle_IMD_Decile
2015320070203,2,19,0,18,0,0,0,0,1,0,1,1,1,1,49,8,1997,2,10,-1,-1,-1
2015320070215,1,9,0,18,0,0,0,0,1,0,1,1,6,1,24,5,1596,1,10,-1,1,-1
2015320070215,2,9,0,3,0,0,0,0,0,0,2,1,6,1,67,10,1461,2,-1,-1,1,-1
2015320070215,3,9,0,3,0,0,0,0,0,0,2,1,6,1,35,6,1984,1,5,-1,3,-1
2015320070223,1,2,0,16,0,0,0,0,0,0,1,1,6,1,16,4,49,1,12,-1,3,-1
2015320070223,2,9,0,17,0,0,0,0,0,0,1,1,6,2,27,6,1998,2,10,-1,2,-1
2015320070387,1,9,0,18,0,0,0,0,1,9,1,1,6,2,30,6,-1,-1,-1,-1,1,-1
2015320070387,2,9,0,18,0,0,0,0,0,0,0,1,6,1,54,8,1968,2,2,-1,1,-1
2015320070411,1,9,0,17,0,0,0,0,1,9,1,1,6,1,23,5,998,1,13,-1,1,-1
2015320070528,1,1,0,18,9,1,0,0,0,0,1,1,2,1,38,7,-1,-1,-1,-1,1,-1
2015320070528,2,9,0,18,0,1,0,0,0,0,1,1,6,1,38,7,1995,2,8,-1,1,-1
2015320070675,1,9,0,18,0,1,0,0,0,0,1,1,6,1,46,8,1796,1,14,-1,1,-1
2015320070675,2,9,0,10,0,1,0,0,0,0,2,1,6,2,23,5,1560,2,6,-1,1,-1
2015320070720,1,9,0,18,0,0,0,0,0,0,4,-1,6,3,-1,-1,-1,-1,-1,-1,-1,-1
2015320070871,1,9,0,16,0,0,1,0,1,9,3,1,6,1,20,4,1149,1,11,-1,2,-1
2015320070913,1,9,0,16,0,0,2,0,8,0,1,1,6,2,17,4,1364,2,10,-1,1,-1
2015320071173,1,9,0,18,0,0,2,0,7,9,1,1,6,1,24,5,1149,1,8,-1,2,-1
2015320071173,2,90,0,18,0,0,0,0,0,0,0,-1,6,3,-1,-1,-1,-1,-1,-1,-1,-1
2015320071186,1,9,0,5,0,0,0,0,0,0,1,1,6,2,46,8,1598,2,2,-1,1,-1
2015320071198,1,19,0,8,0,1,0,0,0,0,1,1,1,1,24,5,-1,-1,-1,-1,-1,-1
2015320071198,2,1,0,18,0,6,0,0,0,0,4,1,6,1,14,3,-1,-1,-1,-1,1,-1
2015320071389,1,9,0,3,0,0,1,0,0,0,0,1,6,1,40,7,1560,2,10,-1,1,-1
2015320071389,2,9,0,3,0,0,0,0,0,0,2,1,6,2,46,8,2231,2,3,-1,2,-1
2015320071623,1,9,0,5,0,2,0,0,0,0,3,1,6,1,71,10,-1,-1,-1,-1,3,-1
2015320071623,2,9,0,18,0,1,0,0,0,0,4,1,6,2,77,11,1951,2,12,-1,3,-1
2015320071673,1,9,0,16,0,0,0,0,7,0,0,1,6,1,41,7,1968,2,-1,-1,1,-1
2015320071787,1,9,0,18,9,0,0,0,0,0,1,1,6,1,28,6,2179,2,3,-1,1,-1
2015320071787,2,1,0,18,9,0,0,0,0,0,1,1,6,1,12,3,-1,-1,-1,-1,3,-1
2015320071802,1,9,0,4,0,1,1,0,7,0,1,1,6,2,35,6,1596,1,9,-1,1,-1
2015320071802,2,9,0,4,0,1,0,0,0,0,2,1,6,1,26,6,1997,1,13,-1,3,-1
2015320071802,3,9,0,4,0,1,0,0,0,0,2,1,6,2,19,4,999,1,1,-1,1,-1
2015320071959,1,21,0,12,0,3,0,0,0,0,3,1,1,1,52,8,4461,2,6,-1,2,-1
2015320071959,2,9,0,18,0,3,1,0,0,0,4,1,2,2,22,5,1399,2,3,-1,3,-1
2015320072004,1,9,0,9,0,1,0,0,0,0,1,1,6,1,24,5,1689,2,12,-1,1,-1
2015320072085,1,9,0,3,0,1,0,0,0,0,1,1,6,1,74,10,1364,1,-1,-1,2,-1
2015320072085,2,8,0,18,0,1,0,0,0,0,1,1,1,1,51,8,1896,2,5,-1,2,-1
2015320072085,3,9,0,3,0,1,0,0,0,0,1,1,6,1,64,9,1461,2,7,-1,1,-1
2015320072151,1,9,0,3,0,1,0,0,1,0,1,1,6,1,30,6,1198,1,8,-1,3,-1
2015320072151,2,9,0,3,0,1,0,0,0,0,2,1,6,1,66,10,1396,2,2,-1,1,-1
2015320072271,1,9,0,18,0,0,0,0,0,0,4,1,6,1,50,8,1870,2,10,-1,1,-1
2015320072271,2,21,1,18,0,0,0,0,0,0,3,1,1,1,49,8,12777,2,7,-1,3,-1
2015320072273,1,9,0,18,0,0,0,0,1,9,1,1,6,2,49,8,1560,2,10,-1,1,-1
2015320072310,1,9,0,18,0,0,2,0,1,1,2,1,6,1,70,10,2500,1,19,-1,2,-1
2015320072312,1,9,0,18,0,1,0,0,0,0,2,1,1,1,32,6,-1,-1,-1,-1,2,-1
2015320072312,2,9,0,3,0,1,0,0,0,0,1,1,1,1,27,6,2143,2,5,-1,2,-1
2015320072329,1,9,0,1,0,2,0,0,0,0,2,1,6,1,75,10,1242,1,8,-1,3,-1
2015320072329,2,9,0,3,0,1,0,0,0,0,1,1,6,2,27,6,1299,1,13,-1,3,-1
2015320072416,1,9,0,17,0,0,2,0,7,0,3,1,6,1,21,5,1339,1,13,-1,1,-1
2015320072419,1,9,0,18,0,0,5,0,7,3,1,1,6,1,28,6,-1,-1,-1,-1,2,-1
2015320072681,1,9,0,18,0,1,0,0,0,0,1,1,1,3,18,4,-1,-1,-1,-1,1,-1
2015320072681,2,9,0,4,0,1,0,0,0,0,2,1,6,3,43,7,1596,1,11,-1,-1,-1
2015320072681,3,9,0,9,0,1,0,0,0,0,2,1,6,3,35,6,1997,1,10,-1,1,-1
2015320072803,1,1,0,18,9,1,0,0,0,0,1,1,2,2,25,5,-1,-1,-1,-1,1,-1
2015320072804,1,3,0,18,0,0,2,0,0,0,3,1,6,1,45,7,124,1,-1,-1,3,-1
2015320072804,2,9,0,13,0,0,0,0,0,0,4,1,6,1,65,9,2184,2,11,-1,1,-1
2015320072823,1,5,0,17,0,0,1,0,0,0,0,1,6,1,53,8,1352,1,6,-1,1,-1
2015320072940,1,9,0,15,0,1,0,0,0,0,1,2,6,2,20,4,1596,1,13,-1,3,-1
2015320072940,2,9,0,9,0,1,0,0,0,0,3,2,6,2,63,9,1969,2,-1,-1,3,-1
2015320072987,1,9,0,18,0,0,1,0,0,0,1,1,6,1,20,4,1796,1,12,-1,1,-1
2015320072987,2,9,0,18,0,0,0,0,0,0,2,1,6,1,17,4,1242,1,15,-1,2,-1
2015320073068,1,3,0,4,0,0,0,0,0,0,0,1,1,1,27,6,-1,-1,-1,-1,1,-1
2015320073140,1,9,0,3,0,1,0,0,0,0,1,1,6,1,46,8,1868,2,15,-1,1,-1
2015320073140,2,9,0,3,0,1,0,0,0,0,4,1,6,2,29,6,1360,1,12,-1,1,-1
2015320073157,1,9,0,18,0,2,0,0,0,0,3,1,1,1,61,9,1995,2,13,-1,1,-1
2015320073193,1,5,0,16,0,2,2,0,0,0,4,1,6,1,27,6,599,1,8,-1,1,-1
2015320073287,1,9,0,17,0,0,1,0,1,0,0,1,1,1,17,4,1240,1,10,-1,3,-1
2015320073287,2,90,0,16,0,0,0,0,0,0,0,-1,1,3,-1,-1,-1,-1,-1,-1,-1,-1
2015320073319,1,9,0,4,0,0,1,0,1,9,1,1,6,2,28,6,1968,2,5,-1,1,-1
2015320073319,2,9,0,4,0,0,0,0,0,0,2,1,6,1,73,10,1395,1,-1,-1,1,-1
2015320073344,1,9,0,5,0,6,0,0,1,9,3,1,6,2,25,5,-1,-1,-1,-1,3,-1
2015320073344,2,9,0,18,0,1,1,0,7,11,1,1,6,2,29,6,1968,2,6,-1,1,-1
2015320073384,1,9,0,18,0,0,0,0,0,0,1,1,6,2,54,8,-1,-1,-1,-1,3,-1
2015320073384,2,17,0,18,0,0,0,0,0,0,1,1,1,1,34,6,4400,2,5,-1,3,-1
2015320073682,1,90,0,18,0,8,0,0,0,0,1,1,6,3,-1,-1,-1,-1,-1,-1,-1,-1
2015320073682,2,1,0,18,0,8,0,0,0,0,2,1,6,1,69,10,-1,-1,-1,-1,1,-1
2015320073731,1,9,0,9,0,8,0,0,0,0,0,1,6,1,63,9,1461,2,2,-1,1,-1
2015320073784,1,19,4,18,0,8,0,0,1,11,1,1,6,1,28,6,2402,2,15,-1,3,-1
2015320073787,1,9,0,18,0,6,0,0,0,0,2,1,6,1,45,7,998,1,6,-1,1,-1
2015320073787,2,21,1,18,0,6,0,0,0,0,1,1,1,3,65,9,11120,2,1,-1,1,-1
2015320073787,3,9,0,12,0,6,0,0,0,0,3,1,6,3,72,10,1364,1,5,-1,1,-1
2015320073869,1,9,0,7,0,8,0,0,0,0,4,1,6,2,40,7,998,1,1,-1,3,-1
2015320073869,2,1,0,18,0,8,0,0,0,0,1,1,6,1,20,4,-1,-1,-1,-1,1,-1
2015320074021,1,9,0,18,0,0,0,0,0,0,1,1,2,1,59,9,1590,1,12,-1,1,-1
2015320074082,1,9,0,18,0,0,1,10,7,0,1,1,6,1,19,4,1229,1,1,-1,-1,-1
2015320074136,1,90,0,18,0,1,0,0,0,0,4,1,6,3,-1,-1,-1,-1,-1,-1,-1,-1
2015320074136,2,9,0,2,0,8,0,0,0,0,4,1,6,1,65,9,1560,2,2,-1,1,-1
2015320074223,1,9,0,9,0,5,0,0,0,0,1,1,6,1,47,8,1794,1,13,-1,3,-1
2015320074223,2,97,0,18,0,1,0,0,0,0,1,1,6,1,59,9,198,1,12,-1,2,-1
2015320074231,1,5,0,4,0,1,1,10,7,0,0,1,6,1,57,9,750,1,41,-1,2,-1
2015320074239,1,9,0,18,9,3,0,0,7,0,1,-1,6,1,21,5,-1,-1,-1,-1,-1,-1
2015320074260,1,9,0,16,0,0,1,0,7,0,1,1,2,1,31,6,1956,2,-1,-1,1,-1
2015320074260,2,9,0,16,0,0,1,0,7,0,1,1,6,2,29,6,1870,2,10,-1,1,-1
2015320074260,3,9,0,16,0,0,1,0,1,0,0,1,6,2,69,10,-1,-1,-1,-1,3,-1
2015320074412,1,9,0,13,0,8,0,0,0,0,1,1,6,1,63,9,-1,-1,-1,-1,3,-1
2015320074412,2,5,0,9,0,8,0,0,7,0,3,1,6,2,19,4,-1,-1,-1,-1,3,-1
2015320074430,1,8,0,18,0,0,0,0,0,0,1,1,1,1,26,6,1896,2,8,-1,1,-1
2015320074657,1,9,0,9,0,5,0,0,0,0,1,1,6,1,46,8,1242,1,13,-1,2,-1
2015320074657,2,5,0,13,0,8,0,0,0,0,1,1,6,1,46,8,998,1,9,-1,3,-1
2015320074664,1,9,0,18,0,1,0,0,0,0,1,1,6,2,21,5,1229,1,2,-1,-1,-1
2015320074664,2,9,0,4,0,1,0,0,0,0,2,1,6,1,32,6,1995,2,4,-1,1,-1
2015320074745,1,9,0,9,0,8,0,0,0,0,3,1,6,1,66,10,2191,2,1,-1,1,-1
2015320074745,2,9,0,18,0,1,0,0,0,0,1,1,6,1,38,7,1997,2,4,-1,1,-1
2015320074774,1,17,4,18,0,1,0,0,0,0,3,1,6,1,22,5,-1,-1,-1,-1,3,-1
2015320074774,2,9,0,9,0,1,0,0,0,0,4,1,6,1,21,5,-1,-1,-1,-1,1,-1
2015320075142,1,9,0,18,0,0,5,0,7,1,1,1,6,2,69,10,-1,-1,-1,-1,1,-1
2015320075152,1,9,0,17,0,2,0,7,0,0,1,1,6,1,88,11,1388,1,6,-1,2,-1
2015320075232,1,9,0,9,0,1,0,0,0,0,1,1,6,1,79,11,1995,2,4,-1,1,-1
2015320075232,2,9,0,10,0,1,0,0,0,0,3,1,6,2,46,8,-1,-1,-1,-1,2,-1
2015320075306,1,9,0,16,0,0,1,0,7,4,1,1,6,1,51,8,2204,2,9,-1,1,-1
2015320075428,1,9,0,18,0,2,1,0,1,4,1,1,6,1,18,4,1299,1,10,-1,2,-1
2015320075440,1,9,0,18,0,1,0,0,0,0,1,1,6,2,64,9,1299,1,7,-1,2,-1
2015320075440,2,21,1,18,0,1,0,0,0,0,2,1,1,1,47,8,10837,2,3,-1,3,-1
2015320075597,1,5,0,5,0,6,0,0,0,0,1,1,2,1,60,9,1130,1,13,-1,2,-1
2015320075597,2,1,0,18,0,8,0,0,0,0,1,1,6,2,58,9,-1,-1,-1,-1,-1,-1
2015320075673,1,9,0,4,0,0,0,0,0,0,1,1,6,3,25,5,1242,1,5,-1,-1,-1
2015320075673,2,9,0,4,0,0,0,0,0,0,2,1,6,2,25,5,1108,1,6,-1,1,-1
2015320075678,1,9,0,13,0,0,0,0,0,0,3,1,6,1,34,6,1998,1,7,-1,1,-1
2015320075678,2,5,0,13,0,0,0,0,7,3,4,1,6,1,44,7,998,1,10,-1,1,-1
2015320075678,3,9,0,18,0,0,0,0,0,0,0,1,6,1,69,10,1796,1,14,-1,-1,-1
2015320075688,1,9,0,18,0,1,0,0,0,0,1,1,6,2,63,9,973,1,13,-1,1,-1
2015320075688,2,9,0,4,0,1,0,0,0,0,2,1,6,2,47,8,1796,1,13,-1,1,-1
2015320075688,3,9,0,4,0,1,0,0,0,0,0,1,6,2,52,8,1598,2,2,-1,-1,-1
2015320075723,1,9,0,9,0,8,0,0,0,0,4,1,2,2,25,5,1781,1,12,-1,-1,-1
2015320075723,2,5,0,18,0,8,0,0,0,0,1,1,2,1,54,8,865,1,4,-1,-1,-1
2015320075808,1,19,0,4,0,1,1,0,0,0,1,1,2,1,61,9,2998,2,3,-1,3,-1
2015320075808,2,9,0,4,0,1,0,0,7,0,2,1,2,1,43,7,-1,-1,-1,-1,1,-1
2015320075809,1,9,0,17,0,0,0,0,0,11,1,1,6,1,53,8,1995,2,11,-1,1,-1
2015320075809,2,9,0,16,0,0,0,0,0,0,0,-1,6,3,-1,-1,-1,-1,-1,-1,-1,-1
2015320076109,1,9,0,9,0,8,0,0,0,0,1,1,6,2,59,9,1490,1,11,-1,1,-1
2015320076109,2,9,0,18,0,8,0,0,0,0,1,1,6,1,31,6,1598,2,1,-1,-1,-1
2015320076211,1,9,0,18,0,0,0,0,0,0,3,1,6,2,60,9,1598,1,8,-1,3,-1
2015320076211,2,5,0,18,0,0,0,0,7,9,3,1,6,1,44,7,636,1,10,-1,2,-1
2015320076212,1,20,0,9,0,5,0,0,0,0,4,1,1,1,58,9,-1,-1,-1,-1,1,-1
2015320076212,2,9,0,18,0,1,0,0,0,0,4,1,6,2,77,11,1242,1,9,-1,2,-1
2015320076325,1,9,0,5,0,2,0,0,0,0,4,1,1,2,73,10,-1,-1,-1,-1,1,-1
2015320076325,2,9,0,18,0,1,0,0,0,0,1,1,6,2,77,11,1796,1,8,-1,3,-1
2015320076379,1,9,0,9,0,1,0,0,0,0,1,1,6,1,29,6,1124,1,15,-1,1,-1
2015320076379,2,3,0,18,0,1,0,0,0,0,1,1,6,1,47,8,125,1,7,-1,3,-1
2015320076395,1,9,0,13,0,1,0,0,7,0,1,1,6,1,85,11,1587,1,11,-1,1,-1
2015320076395,2,9,0,9,0,1,0,0,7,0,2,1,6,2,32,6,1998,1,8,-1,1,-1
2015320076441,1,9,0,18,0,8,0,0,0,0,1,1,6,1,31,6,1461,2,1,-1,1,-1
2015320076441,2,1,0,18,0,2,5,0,1,0,4,1,6,1,36,7,-1,-1,-1,-1,-1,-1
2015320076446,1,5,0,16,0,0,0,0,1,10,1,1,6,1,35,6,998,1,14,-1,2,-1
2015320076446,2,21,1,17,0,0,0,0,0,0,3,1,1,1,50,8,10837,2,2,-1,1,-1
2015320076446,3,9,0,18,0,0,0,0,0,0,0,1,6,1,23,5,1598,1,7,-1,3,-1
2015320076602,1,9,0,18,0,0,0,0,1,0,1,1,6,1,70,10,2753,1,33,-1,2,-1
2015320076608,1,17,0,16,0,0,0,0,0,0,4,2,6,1,41,7,6057,2,-1,-1,3,-1
2015320076608,2,19,0,17,0,0,0,0,0,0,3,2,2,1,53,8,2298,2,1,-1,2,-1
2015320076693,1,9,0,4,0,1,1,0,0,0,1,1,6,1,55,8,2477,2,16,-1,3,-1
2015320076693,2,1,0,18,0,8,0,0,0,0,4,1,6,1,53,8,-1,-1,-1,-1,1,-1
2015320076702,1,9,0,18,0,0,0,0,1,0,2,1,6,1,37,7,-1,-1,-1,-1,1,-1
2015320076702,2,9,0,18,0,0,0,0,0,0,1,1,6,2,32,6,1951,2,11,-1,1,-1
2015320076831,1,19,0,18,0,2,0,0,0,0,1,1,1,1,25,5,1248,2,6,-1,-1,-1
2015320076831,2,1,0,18,0,6,0,0,0,0,1,1,6,1,25,5,-1,-1,-1,-1,2,-1
2015320076832,1,9,0,4,0,4,0,0,0,0,1,1,6,1,70,10,1796,1,6,-1,1,-1
2015320076832,2,9,0,4,0,4,0,0,0,0,0,1,6,1,29,6,1910,2,8,-1,2,-1
2015320076978,1,9,0,18,0,1,1,0,1,11,1,1,6,2,18,4,1388,1,13,-1,2,-1
2015320076994,1,9,0,18,0,0,1,0,7,9,1,1,6,1,28,6,998,1,15,-1,-1,-1
2015320077144,1,9,0,16,0,8,1,0,1,9,3,1,6,2,34,6,1150,1,8,-1,3,-1
2015320077201,1,9,0,10,0,1,0,0,7,9,2,1,2,2,33,6,-1,-1,-1,-1,1,-1
2015320077201,2,98,0,4,0,1,0,0,0,0,1,1,1,1,45,7,4500,2,9,-1,-1,-1
2015320077232,1,9,0,5,0,0,0,0,0,0,1,1,6,2,54,8,1499,2,1,-1,1,-1
2015320077262,1,9,0,18,0,1,0,0,0,0,3,1,6,2,26,6,2295,1,13,-1,3,-1
2015320077262,2,9,0,7,0,1,0,0,0,0,1,1,6,1,51,8,1998,1,7,-1,1,-1
2015320077314,1,2,0,9,0,1,1,0,0,0,0,1,2,1,16,4,-1,-1,-1,-1,-1,-1
2015320077341,1,9,0,16,0,0,1,0,1,11,1,1,6,2,27,6,1796,1,8,-1,3,-1
2015320077391,1,9,0,18,0,1,0,0,0,0,1,1,6,1,73,10,1390,1,5,-1,1,-1
2015320077391,2,9,0,18,0,1,0,0,0,0,2,2,6,2,67,10,-1,-1,-1,-1,1,-1
2015320077515,1,19,0,1,0,0,0,0,0,0,2,1,1,1,38,7,-1,-1,-1,-1,1,-1
2015320077539,1,21,1,18,0,0,2,0,7,9,3,1,1,1,33,6,12777,2,-1,-1,1,-1
2015320077544,1,9,0,16,0,0,1,0,1,10,1,1,6,1,59,9,1560,2,8,-1,2,-1
2015320077557,1,3,0,9,0,8,1,0,0,0,0,1,6,1,31,6,125,1,6,-1,1,-1
2015320077654,1,9,0,18,0,1,0,0,0,0,1,1,6,1,40,7,-1,-1,-1,-1,1,-1
2015320077654,2,4,0,3,0,1,0,0,0,0,2,1,6,1,45,7,-1,-1,-1,-1,1,-1
2015320077770,1,98,0,13,0,0,0,0,0,0,0,-1,6,3,-1,-1,-1,-1,-1,-1,-1,-1
2015320077770,2,2,0,18,0,0,0,0,1,9,4,1,6,1,20,4,49,1,4,-1,3,-1
2015320077897,1,9,0,18,0,0,1,0,0,0,1,1,6,1,41,7,2354,1,10,-1,1,-1
2015320077897,2,19,0,18,0,0,1,0,0,0,1,1,1,1,31,6,2287,2,8,-1,1,-1
2015320077920,1,9,0,18,0,0,0,0,0,0,1,1,6,2,18,4,1360,1,14,-1,1,-1
2015320077920,2,9,0,2,0,0,0,0,0,0,1,1,6,3,50,8,1600,2,4,-1,1,-1
2015320077920,3,9,0,2,0,0,0,0,0,0,2,1,6,3,43,7,1364,1,8,-1,2,-1
2015320077920,4,9,0,2,0,0,0,0,0,0,1,1,6,3,-1,-1,1422,2,11,-1,1,-1
2015320077994,1,19,0,18,0,0,0,0,0,0,1,1,1,1,28,6,1461,2,4,-1,1,-1
2015320077994,2,1,0,18,0,0,0,0,0,0,1,1,6,1,42,7,-1,-1,-1,-1,1,-1
2015320078141,1,5,0,13,0,0,5,0,0,0,4,1,6,1,43,7,1299,1,12,-1,1,-1
2015320078141,2,20,0,18,0,0,0,0,1,0,3,1,6,1,61,9,6871,2,21,-1,3,-1
2015320078167,1,9,0,3,0,4,0,0,0,0,1,1,6,2,43,7,1364,2,6,-1,-1,-1
2015320078167,2,9,0,5,0,4,0,0,0,0,2,1,6,2,51,8,1910,2,9,-1,2,-1
2015320078180,1,9,0,9,0,8,0,0,0,0,0,1,6,1,20,4,-1,-1,-1,-1,3,-1
2015320078180,2,5,0,18,0,1,0,0,0,0,4,1,6,1,42,7,1084,1,13,-1,2,-1
2015320078190,1,5,0,18,0,8,1,0,0,0,3,1,6,1,41,7,800,1,2,-1,3,-1
2015320078210,1,9,0,18,0,8,0,10,0,10,4,1,6,1,31,6,1796,1,13,-1,3,-1
2015320078210,2,9,0,18,0,8,0,0,0,0,1,1,6,3,-1,-1,-1,-1,-1,-1,-1,-1
2015320078283,1,9,0,16,0,1,0,0,0,0,1,1,6,1,62,9,1587,1,11,-1,-1,-1
2015320078283,2,9,0,17,0,1,0,0,0,0,1,1,6,1,52,8,2393,1,17,-1,1,-1
2015320078543,1,9,0,9,0,8,0,0,0,0,4,1,6,1,71,10,1896,2,8,-1,2,-1
2015320078543,2,5,0,18,0,1,0,0,0,0,1,1,6,1,53,8,-1,-1,-1,-1,1,-1
2015320078578,1,9,0,18,0,0,2,0,0,0,1,1,6,1,22,5,2402,2,6,-1,1,-1
2015320078578,2,9,0,2,0,0,5,0,0,0,2,-1,6,3,23,5,1360,1,12,-1,-1,-1
2015320078640,1,9,0,13,0,0,0,0,0,0,1,1,6,1,92,11,4196,1,13,-1,-1,-1
2015320078640,2,9,0,18,0,0,0,10,1,10,1,1,6,1,56,9,2496,1,11,-1,3,-1
2015320078640,3,17,5,18,0,0,0,0,0,0,0,1,1,1,42,7,-1,-1,-1,-1,3,-1
2015320078645,1,9,0,5,0,6,0,0,0,0,1,-1,6,1,43,7,1398,1,7,-1,1,-1
2015320078645,2,9,0,5,0,5,1,0,0,0,3,1,6,2,52,8,1496,2,-1,-1,1,-1
2015320078646,1,9,0,4,0,1,0,0,0,0,1,1,6,1,46,8,-1,-1,-1,-1,2,-1
2015320078646,2,9,0,3,0,1,0,0,0,0,2,1,6,1,50,8,1341,1,17,-1,1,-1
2015320078652,1,17,4,9,0,1,0,0,0,0,3,1,1,1,60,9,-1,2,20,-1,3,-1
2015320078652,2,9,0,18,0,1,0,0,0,0,1,2,6,2,63,9,-1,-1,-1,-1,2,-1
2015320078656,1,9,0,2,0,2,0,0,0,0,3,1,1,1,23,5,998,1,15,-1,-1,-1
2015320078656,2,1,0,18,0,1,0,0,0,0,4,1,6,1,14,3,-1,-1,-1,-1,1,-1
2015320078712,1,9,0,16,0,0,2,0,1,0,1,1,6,1,56,9,1973,1,14,-1,1,-1
2015320078712,2,9,0,17,0,0,0,0,1,0,1,1,6,1,45,7,1995,2,9,-1,1,-1
2015320078804,1,9,0,18,0,0,5,0,1,9,0,1,6,2,17,4,1248,2,8,-1,2,-1
2015320078808,1,9,0,5,0,8,0,0,0,0,4,1,6,2,27,6,1994,2,12,-1,3,-1
2015320078808,2,9,0,18,0,1,0,0,0,0,3,1,6,1,33,6,1997,2,6,-1,1,-1
2015320079004,1,9,0,13,0,0,0,0,0,0,1,1,6,2,60,9,2231,2,3,-1,3,-1
2015320079004,2,1,0,18,0,0,0,0,0,0,2,1,6,1,23,5,-1,-1,-1,-1,3,-1
2015320079069,1,9,0,18,0,0,0,0,0,0,1,1,6,1,50,8,1985,1,16,-1,1,-1
2015320079069,2,9,0,3,0,0,0,0,0,0,2,1,6,1,68,10,1685,2,3,-1,3,-1
2015320079118,1,9,0,4,0,1,0,0,0,0,4,1,1,1,32,6,1686,2,1,-1,-1,-1
2015320079118,2,1,0,18,0,8,0,0,0,0,1,1,6,1,15,3,-1,-1,-1,-1,1,-1
2015320079182,1,9,0,18,0,0,0,0,0,0,1,1,6,1,19,4,-1,-1,-1,-1,1,-1
2015320079182,2,9,0,3,0,0,0,0,0,0,2,1,2,2,60,9,1598,2,2,-1,2,-1
2015320079224,1,9,0,18,0,0,0,0,0,0,1,1,2,1,44,7,1794,1,11,-1,1,-1
2015320079224,2,9,0,3,0,0,1,0,1,0,2,1,2,2,22,5,1364,1,11,-1,2,-1
2015320079240,1,9,0,18,0,0,0,0,1,4,3,1,6,1,67,10,3239,1,18,-1,1,-1
2015320079493,1,22,0,18,9,2,0,0,0,0,1,1,6,2,-1,-1,-1,-1,-1,-1,1,-1
2015320079676,1,1,0,18,0,8,0,0,1,0,1,1,6,1,17,4,-1,-1,-1,-1,1,-1
2015320079676,2,9,0,18,0,8,0,0,0,0,4,1,6,2,59,9,1968,2,8,-1,1,-1
2015320079691,1,9,0,16,0,8,1,0,7,1,1,1,6,1,77,11,1798,8,2,-1,1,-1
2015320079702,1,98,0,18,0,0,0,0,0,0,1,1,1,1,33,6,10837,2,6,-1,1,-1
2015320079702,2,9,0,10,0,0,0,0,0,0,2,1,6,1,84,11,2987,2,8,-1,1,-1
2015320079745,1,9,0,18,0,1,1,4,0,0,3,1,6,2,30,6,1360,1,10,-1,1,-1
2015320079745,2,9,0,2,0,2,0,0,0,0,1,1,6,3,55,8,1598,1,10,-1,1,-1
2015320079875,1,9,0,18,0,0,0,0,7,0,1,1,6,2,51,8,1461,2,5,-1,1,-1
2015320079875,2,21,4,18,0,0,0,0,0,0,2,1,1,1,42,7,9186,2,2,-1,1,-1
2015320080178,1,19,0,1,0,2,0,0,0,0,2,1,2,1,45,7,1870,2,13,-1,1,-1
2015320080209,1,9,0,4,0,1,0,0,0,0,1,1,6,2,37,7,1248,2,2,-1,2,-1
2015320080209,2,9,0,3,0,1,0,0,0,0,2,1,6,1,57,9,1995,2,6,-1,3,-1
2015320080226,1,9,0,9,0,8,0,0,0,0,4,1,6,2,18,4,998,1,1,-1,3,-1
2015320080226,2,4,0,18,0,1,1,0,0,0,1,1,6,1,19,4,125,1,3,-1,3,-1
2015320080333,1,9,0,1,6,0,0,0,0,0,0,1,6,1,-1,-1,-1,-1,-1,-1,3,-1
2015320080336,1,9,0,18,0,0,0,0,0,0,4,1,6,3,-1,-1,996,1,1,-1,-1,-1
2015320080336,2,1,0,18,0,0,0,0,0,0,3,1,6,1,50,8,-1,-1,-1,-1,1,-1
2015320080795,1,5,0,16,0,0,0,0,0,0,1,1,6,1,60,9,-1,-1,-1,-1,1,-1
2015320080795,2,9,0,17,0,0,0,0,0,0,3,1,6,2,22,5,998,1,-1,-1,3,-1
2015320080853,1,9,0,9,0,8,0,0,0,0,3,1,6,1,58,9,1560,2,4,-1,3,-1
2015320080853,2,21,1,18,0,1,0,0,0,0,1,1,1,1,51,8,12809,2,1,-1,1,-1
2015320080921,1,9,0,18,0,8,0,0,0,0,1,1,1,1,35,6,-1,-1,-1,-1,3,-1
2015320080921,2,9,0,9,0,8,0,0,0,0,4,1,6,1,54,8,1390,1,5,-1,1,-1
2015320081129,1,9,0,1,0,0,0,0,0,0,2,1,6,1,22,5,1956,2,4,-1,2,-1
2015320081142,1,9,0,9,0,1,0,0,0,0,1,1,6,1,84,11,996,1,6,-1,3,-1