Accident_Index,Vehicle_Reference,Vehicle_Type,Towing_and_Articulation,Vehicle_Manoeuvre,Vehicle_Location-Restricted_Lane,Junction_Location,Skidding_and_Overturning,Hit_Object_in_Carriageway,Vehicle_Leaving_Carriageway,Hit_Object_off_Carriageway,1st_Point_of_Impact,Was_Vehicle_Left_Hand_Drive?,Journey_Purpose_of_Driver,Sex_of_Driver,Age_of_Driver,Age_Band_of_Driver,Engine_Capacity_(CC),Propulsion_Code,Age_of_Vehicle,Driver_IMD_Decile,Driver_Home_Area_Type,Vehicle_IMD_Decile
2015320092138,2,98,0,18,0,1,0,0,1,0,1,2,6,1,64,9,2198,2,7,-1,-1,-1
2015320092155,1,19,0,4,0,0,0,0,0,0,1,1,1,1,49,8,2198,2,4,-1,3,-1
2015320092155,2,9,0,4,0,0,0,0,0,0,2,1,1,2,24,5,1360,1,9,-1,1,-1
2015320092155,3,9,0,4,0,0,0,0,0,0,2,1,6,1,41,7,-1,-1,-1,-1,1,-1
2015320092347,1,9,0,16,0,0,2,0,1,4,1,1,6,2,23,5,1199,1,11,-1,3,-1
2015320092365,1,9,0,5,0,3,0,0,0,0,1,1,1,1,67,10,1560,2,2,-1,3,-1
2015320092365,2,9,0,3,0,3,0,0,0,0,2,1,1,2,39,7,1242,1,5,-1,1,-1
2015320092365,3,9,0,3,0,3,0,0,0,0,1,1,1,1,28,6,1248,2,4,-1,-1,-1
2015320092376,1,3,0,16,0,0,2,0,1,0,0,1,6,1,22,5,124,1,-1,-1,2,-1
2015320092453,1,9,0,5,0,1,0,0,0,0,1,-1,6,3,-1,-1,2143,2,1,-1,-1,-1
2015320092453,2,1,0,18,0,1,0,0,0,0,1,1,6,1,13,3,-1,-1,-1,-1,1,-1
2015320092507,1,98,0,5,0,2,0,0,0,0,1,1,6,1,63,9,-1,-1,-1,-1,2,-1
2015320092507,2,9,0,5,0,2,0,0,0,0,1,1,6,2,49,8,1199,1,11,-1,1,-1
2015320092508,1,9,0,18,0,0,2,0,0,0,1,1,4,1,17,4,1364,1,8,-1,1,-1
2015320092508,2,9,0,18,0,0,0,0,0,0,1,1,6,2,72,10,1248,1,6,-1,1,-1
2015320092509,1,9,0,18,0,0,0,0,0,0,3,1,2,2,20,4,1229,1,7,-1,1,-1
2015320092509,2,9,0,18,0,0,0,0,0,0,3,1,2,1,46,8,-1,-1,-1,-1,-1,-1
2015320092512,1,9,0,9,0,2,0,0,0,0,1,1,1,2,57,9,1339,1,4,-1,3,-1
2015320092512,2,9,0,18,0,1,0,0,0,1,1,1,2,2,31,6,1999,1,12,-1,1,-1
2015320092702,1,9,0,18,0,0,0,0,0,0,1,1,6,1,75,10,2184,2,11,-1,3,-1
2015320092702,2,9,0,2,0,0,0,0,0,0,2,1,6,1,55,8,-1,-1,-1,-1,3,-1
2015320092785,1,9,0,4,0,0,0,0,0,0,1,1,1,1,46,8,998,1,-1,-1,3,-1
2015320092785,2,9,0,4,0,0,0,0,0,0,2,1,1,1,47,8,2656,1,10,-1,-1,-1
2015320092914,1,9,0,3,0,1,0,0,0,0,1,1,2,1,22,5,1598,2,2,-1,-1,-1
2015320092933,1,19,0,5,0,1,0,0,0,0,1,1,2,1,57,9,2463,2,11,-1,1,-1
2015320092933,2,9,0,5,0,1,0,0,0,0,2,1,6,2,46,8,998,1,3,-1,2,-1
2015320092948,1,9,0,18,0,0,0,0,0,0,1,1,6,1,25,5,1997,1,14,-1,3,-1
2015320092953,1,19,0,18,0,0,0,0,0,0,1,1,1,1,56,9,1461,2,3,-1,-1,-1
2015320092953,2,9,0,18,0,0,0,0,0,0,1,1,6,2,59,9,-1,-1,-1,-1,-1,-1
2015320093051,1,9,0,16,0,0,2,0,1,0,0,1,6,1,24,5,1299,1,20,-1,3,-1
2015320093101,1,3,0,18,0,8,0,0,1,1,3,1,6,1,21,5,124,1,10,-1,3,-1
2015320093101,2,9,0,18,0,8,0,0,0,0,1,1,6,1,49,8,2148,2,7,-1,3,-1
2015320093263,1,9,0,18,0,0,1,0,1,0,0,1,2,1,18,4,1242,1,15,-1,1,-1
2015320093263,2,9,0,13,0,0,0,0,0,0,0,1,6,3,-1,-1,998,1,8,-1,2,-1
2015320093326,1,20,0,18,0,0,0,0,0,0,4,1,1,1,50,8,-1,-1,-1,-1,-1,-1
2015320093425,1,9,0,18,0,4,0,0,0,0,1,1,6,2,30,6,2179,2,8,-1,-1,-1
2015320093425,2,3,0,18,0,3,0,0,0,0,3,1,6,2,40,7,124,1,7,-1,-1,-1
2015320093442,1,98,0,18,0,0,0,0,7,11,1,1,1,1,62,9,8970,2,13,-1,2,-1
2015320093442,2,19,0,4,0,0,0,0,1,11,2,1,1,1,43,7,2198,2,3,-1,1,-1
2015320093442,3,17,4,10,0,0,0,0,0,0,0,1,1,1,25,5,-1,2,7,-1,3,-1
2015320093442,4,9,0,18,0,0,0,0,0,0,3,1,6,2,38,7,1796,1,11,-1,1,-1
2015320093455,1,9,0,4,0,0,0,0,0,0,1,1,6,1,33,6,1584,1,10,-1,1,-1
2015320093455,2,20,4,4,0,0,0,0,0,0,0,1,6,1,37,7,4250,2,10,-1,3,-1
2015320093471,1,19,0,17,0,0,0,0,1,4,1,1,1,1,25,5,1995,2,3,-1,1,-1
2015320093587,1,90,-1,18,0,0,0,0,0,0,1,-1,6,3,-1,-1,-1,-1,-1,-1,-1,-1
2015320093587,2,1,-1,18,0,0,0,0,0,0,1,1,6,1,43,7,-1,-1,-1,-1,-1,-1
2015320093622,1,9,0,18,0,0,2,0,7,10,1,1,2,2,20,4,1587,1,10,-1,-1,-1
2015320093854,1,9,0,10,0,1,1,0,0,0,1,1,6,1,24,5,1598,1,13,-1,1,-1
2015320093854,2,9,0,10,0,1,0,0,0,0,2,1,6,2,75,10,998,1,11,-1,3,-1
2015320093861,1,9,0,18,0,0,1,0,7,9,1,1,1,2,47,8,1749,1,14,-1,1,-1
2015320093940,1,20,0,6,0,8,0,0,4,1,2,1,1,1,21,5,-1,-1,-1,-1,-1,-1
2015320093940,2,19,0,18,0,8,1,0,1,11,1,1,1,1,40,7,2299,2,1,-1,1,-1
2015320094033,1,3,0,18,0,1,2,0,0,0,0,1,2,1,55,8,124,1,5,-1,2,-1
2015320094033,2,9,0,9,0,1,0,0,0,0,0,1,6,1,45,7,2435,1,14,-1,1,-1
2015320094158,1,9,0,18,0,8,5,0,1,2,1,1,6,1,61,9,1796,1,10,-1,2,-1
2015320094201,1,3,0,4,0,0,0,0,0,0,4,1,6,2,43,7,-1,3,3,-1,3,-1
2015320094275,1,9,0,5,0,4,0,0,0,0,3,1,6,2,67,10,1686,2,4,-1,3,-1
2015320094275,2,1,0,11,0,8,0,0,0,0,1,1,6,1,60,9,-1,-1,-1,-1,1,-1
2015320094287,1,19,0,18,0,0,0,0,1,9,1,1,6,1,61,9,2496,2,17,-1,1,-1
2015320094287,2,9,0,4,0,0,0,0,0,0,2,1,2,2,22,5,1686,2,2,-1,1,-1
2015320094544,1,9,0,13,0,0,0,0,0,0,1,1,6,1,19,4,1360,1,12,-1,-1,-1
2015320094544,2,1,0,18,0,0,0,0,1,0,2,1,6,1,51,8,-1,-1,-1,-1,2,-1
2015320094670,1,9,0,12,0,0,2,0,6,1,2,1,6,2,25,5,2494,2,28,-1,1,-1
2015320094670,2,19,0,15,0,0,1,0,0,0,1,1,6,1,45,7,2461,2,8,-1,-1,-1
2015320094792,1,97,0,18,0,0,0,0,0,0,1,1,6,1,45,7,198,1,49,-1,1,-1
2015320094826,1,9,0,10,0,1,0,0,0,0,1,1,2,1,25,5,1896,2,6,-1,1,-1
2015320094826,2,9,0,18,0,1,0,0,0,0,1,1,6,2,27,6,1339,1,9,-1,3,-1
2015320094926,1,9,0,6,0,0,0,0,0,0,3,1,6,1,49,8,1598,2,1,-1,2,-1
2015320094926,2,9,0,12,0,0,0,0,0,0,1,1,2,1,24,5,1388,1,15,-1,-1,-1
2015320094941,1,9,0,16,0,0,0,0,0,0,1,1,6,1,-1,-1,2987,2,7,-1,-1,-1
2015320094941,2,9,0,17,0,0,0,0,0,0,1,1,2,2,49,8,1390,1,11,-1,1,-1
2015320095222,1,9,0,18,0,1,0,0,0,0,1,1,6,1,78,11,1997,1,14,-1,1,-1
2015320095222,2,9,0,10,0,1,0,0,0,0,2,1,6,2,33,6,1995,2,7,-1,1,-1
2015320095222,3,19,0,10,0,1,0,0,0,0,2,1,6,1,32,6,2198,2,8,-1,1,-1
2015320095299,1,9,0,16,0,6,1,0,0,0,2,1,2,2,29,6,1397,1,13,-1,1,-1
2015320095299,2,9,0,16,0,6,0,0,0,0,1,1,2,2,40,7,1560,2,3,-1,-1,-1
2015320095322,1,9,0,18,0,1,0,0,0,0,4,1,6,1,35,6,1598,1,10,-1,1,-1
2015320095323,1,9,0,5,0,0,0,0,0,0,1,1,6,2,20,4,1388,1,12,-1,3,-1
2015320095323,2,19,0,18,0,0,0,0,0,0,1,1,1,1,23,5,2143,2,2,-1,1,-1
2015320095375,1,9,0,18,0,3,1,0,1,4,1,1,6,1,67,10,1995,2,11,-1,1,-1
2015320095509,1,9,0,5,0,8,0,0,0,0,4,1,6,2,59,9,1389,1,18,-1,1,-1
2015320095509,2,1,0,5,0,8,0,0,0,0,1,1,6,2,45,7,-1,-1,-1,-1,1,-1
2015320095682,1,19,0,18,0,0,1,0,1,0,0,1,6,1,35,6,2499,2,15,-1,1,-1
2015320095682,2,9,0,18,0,0,0,0,1,0,4,1,6,2,49,8,1896,2,11,-1,3,-1
2015320095841,1,9,0,18,0,3,0,0,0,0,1,1,6,2,45,7,1299,1,9,-1,1,-1
2015320095841,2,1,-1,18,0,8,0,0,0,0,1,1,6,1,15,3,-1,-1,-1,-1,-1,-1
2015320095868,1,9,0,9,0,8,0,0,0,0,3,1,6,2,18,4,1198,1,8,-1,2,-1
2015320095868,2,9,0,16,0,1,0,0,0,0,1,1,6,1,56,9,1390,1,9,-1,2,-1
2015320095981,1,5,0,17,0,0,1,0,1,0,0,1,6,1,24,5,-1,-1,-1,-1,3,-1
2015320096037,1,9,0,4,0,1,0,0,0,0,1,1,6,1,23,5,-1,-1,-1,-1,1,-1
2015320096037,2,9,0,5,0,1,0,0,0,0,2,1,6,1,56,9,1560,2,1,-1,3,-1
2015320096300,1,21,0,17,0,0,2,0,1,9,4,1,1,1,37,7,-1,-1,-1,-1,3,-1
2015320096341,1,9,0,18,0,1,0,0,0,0,1,1,6,2,46,8,1149,1,4,-1,2,-1
2015320096341,2,8,0,3,0,1,0,0,0,0,2,1,1,1,29,6,-1,-1,-1,-1,1,-1
2015320096341,3,9,0,10,0,1,0,0,0,0,2,1,6,2,47,8,1995,2,3,-1,3,-1
2015320096374,1,90,5,18,0,0,0,0,0,0,4,1,1,1,70,10,-1,2,6,-1,-1,-1
2015320096378,1,17,0,9,0,0,5,0,7,0,3,1,1,1,37,7,-1,2,11,-1,-1,-1
2015320096378,2,19,0,13,0,0,5,0,7,0,1,1,1,1,23,5,1896,2,8,-1,3,-1
2015320096398,1,9,0,5,0,6,0,0,0,0,1,1,6,1,25,5,-1,-1,-1,-1,-1,-1
2015320096398,2,9,0,3,0,2,0,0,0,0,4,1,6,1,46,8,-1,-1,-1,-1,2,-1
2015320096436,1,9,0,18,0,1,0,0,1,3,1,1,2,1,24,5,1991,1,22,-1,3,-1
2015320096436,2,9,0,9,0,5,0,0,0,0,1,1,6,2,62,9,1834,1,16,-1,3,-1
2015320096524,1,9,0,10,0,0,0,0,0,0,3,1,1,2,24,5,998,1,13,-1,3,-1
2015320096524,2,9,0,18,0,0,0,0,0,0,1,1,1,1,51,8,2494,2,4,-1,3,-1
2015320096582,1,9,0,3,0,8,0,0,0,0,2,1,2,2,30,6,1328,1,12,-1,1,-1
2015320096582,2,9,-1,18,0,8,0,0,0,0,1,-1,6,1,82,11,1388,1,2,-1,3,-1
2015320096981,1,4,0,18,0,2,0,0,0,0,1,1,6,1,17,4,-1,-1,-1,-1,1,-1
2015320096981,2,9,0,18,0,2,0,0,0,0,2,1,3,1,40,7,-1,-1,-1,-1,1,-1
2015320097000,1,9,0,17,0,0,0,0,7,11,3,1,6,1,72,10,1995,2,4,-1,3,-1
2015320097000,2,9,0,16,0,0,0,0,1,0,4,1,6,1,69,10,1584,1,12,-1,3,-1
2015320097283,1,9,0,18,0,0,0,0,7,4,3,1,1,1,50,8,-1,-1,-1,-1,3,-1
2015320097283,2,21,1,18,0,0,0,0,0,0,3,1,1,1,46,8,10837,2,4,-1,1,-1
2015320097353,1,9,0,18,0,0,0,0,0,0,1,1,6,1,52,8,998,1,16,-1,2,-1
2015320097353,2,1,0,5,0,0,0,0,0,0,1,1,6,1,12,3,-1,-1,-1,-1,3,-1
2015320097379,1,9,0,3,0,0,0,0,0,0,1,1,6,1,21,5,1299,1,15,-1,1,-1
2015320097379,2,9,0,18,0,0,1,0,0,0,2,1,1,1,28,6,1360,1,9,-1,2,-1
2015320097417,1,9,0,18,0,0,0,0,0,0,4,1,6,2,29,6,1895,1,15,-1,3,-1
2015320097748,1,17,5,18,0,0,4,0,0,0,1,1,1,1,61,9,-1,2,4,-1,1,-1
2015320097748,2,9,0,4,0,0,0,0,7,7,2,1,6,1,20,4,1400,1,12,-1,3,-1
2015320097748,3,9,0,4,0,0,0,0,0,0,2,1,1,1,62,9,1560,2,5,-1,3,-1
2015320097751,1,9,0,9,0,6,5,0,0,0,1,1,6,1,67,10,1461,2,-1,-1,2,-1
2015320097751,2,9,0,18,0,8,0,0,0,0,1,1,6,1,64,9,1388,1,10,-1,1,-1
2015320097866,1,9,0,13,0,0,0,0,7,9,1,1,6,1,33,6,1490,1,10,-1,1,-1
2015320098089,1,9,0,18,0,1,1,0,0,0,2,1,6,1,26,6,1493,1,16,-1,2,-1
2015320098089,2,9,0,2,0,1,0,0,0,0,2,1,6,2,30,6,1968,2,8,-1,1,-1
2015320098281,1,9,0,5,0,8,0,0,0,0,1,1,6,1,19,4,1299,1,11,-1,-1,-1
2015320098281,2,9,0,18,0,8,2,0,0,0,2,-1,6,1,66,10,1685,2,3,-1,1,-1
2015320098281,3,9,0,18,0,8,0,1,0,0,1,-1,6,1,60,9,-1,-1,-1,-1,-1,-1
2015320098401,1,9,0,18,0,0,0,0,7,0,3,1,6,1,23,5,-1,-1,-1,-1,3,-1
2015320098401,2,9,0,2,6,0,0,0,0,0,2,1,6,2,59,9,3200,2,8,-1,3,-1
2015320098403,1,9,0,4,0,0,0,0,0,0,1,1,6,1,61,9,1796,1,15,-1,3,-1
2015320098403,2,9,0,3,0,0,0,0,0,0,2,1,6,1,81,11,2497,2,9,-1,1,-1
2015320098403,3,9,0,3,0,0,0,0,0,0,2,1,6,1,43,7,1995,2,7,-1,3,-1
2015320098433,1,9,0,17,0,0,5,0,2,3,1,1,6,1,23,5,1596,1,8,-1,3,-1
2015320098502,1,19,0,9,0,6,0,0,0,0,1,1,2,1,51,8,1995,2,2,-1,3,-1
2015320098502,2,1,0,18,0,8,0,0,0,0,4,1,2,1,55,8,-1,-1,-1,-1,2,-1
2015320098512,1,9,0,4,0,0,0,0,0,0,1,1,1,1,57,9,1991,2,6,-1,2,-1
2015320098512,2,1,4,18,0,0,0,0,0,0,2,1,1,1,39,7,-1,-1,-1,-1,3,-1
2015320098512,3,9,0,4,0,0,0,0,0,0,1,1,1,1,35,6,1597,2,-1,-1,2,-1
2015320098529,1,19,0,4,0,1,0,0,0,0,2,1,6,1,37,7,1248,2,4,-1,1,-1
2015320098529,2,9,0,4,0,1,1,0,0,0,1,1,6,2,41,7,1686,2,4,-1,1,-1
2015320098529,3,9,0,4,0,1,1,0,0,0,1,1,6,1,56,9,2171,2,12,-1,1,-1
2015320098592,1,19,-1,4,0,1,0,0,0,0,1,2,6,1,40,7,3199,2,6,-1,-1,-1
2015320098592,2,9,0,3,0,2,0,0,0,0,2,-1,4,2,35,6,1398,2,12,-1,2,-1
2015320098604,1,9,0,18,0,0,0,0,0,0,4,1,6,2,49,8,2993,2,4,-1,2,-1
2015320098604,2,1,-1,18,0,0,0,0,0,0,1,1,6,1,53,8,-1,-1,-1,-1,1,-1
2015320098647,1,9,0,18,0,0,0,10,7,11,1,1,6,1,53,8,1497,8,1,-1,1,-1
2015320098680,1,9,0,6,0,0,0,0,0,0,2,1,6,2,30,6,1791,8,4,-1,-1,-1
2015320098680,2,1,0,18,0,0,0,0,0,0,2,1,4,1,10,2,-1,-1,-1,-1,3,-1
2015320098687,1,9,0,9,0,8,0,0,0,0,1,1,6,1,35,6,1299,1,13,-1,1,-1
2015320098687,2,9,0,18,0,8,0,0,0,0,2,1,6,1,59,9,2495,2,16,-1,3,-1
2015320098704,1,9,0,13,0,0,0,0,0,0,1,1,6,1,39,7,998,1,7,-1,1,-1
2015320098704,2,21,1,18,0,0,1,0,0,0,3,1,1,1,39,7,10837,2,7,-1,-1,-1
2015320098704,3,9,0,18,0,0,0,0,1,0,1,1,2,1,32,6,1597,2,-1,-1,-1,-1
2015320098705,1,20,1,18,0,0,1,0,0,0,1,1,1,1,41,7,11946,2,2,-1,1,-1
2015320098705,2,20,1,18,0,0,0,0,0,0,0,1,1,1,42,7,-1,-1,-1,-1,-1,-1
2015320098705,3,20,1,18,0,0,1,0,0,0,1,1,1,1,55,8,-1,-1,-1,-1,3,-1
2015320098763,1,9,0,5,0,6,0,0,0,0,1,1,6,2,36,7,-1,-1,-1,-1,3,-1
2015320098774,1,9,0,7,0,6,0,0,1,7,1,1,6,2,83,11,505,1,8,-1,3,-1
2015320098780,1,9,0,6,0,0,0,0,0,0,4,1,6,1,58,9,1560,2,1,-1,2,-1
2015320098780,2,9,0,18,0,0,0,0,0,0,3,1,6,2,24,5,1398,1,3,-1,1,-1
2015320098814,1,9,0,13,0,0,0,0,7,0,1,1,6,1,39,7,4475,1,17,-1,2,-1
2015320098814,2,9,0,18,0,0,0,0,0,0,3,1,6,1,50,8,2401,2,7,-1,2,-1
2015320098834,1,9,0,13,0,0,0,0,7,1,1,1,6,1,20,4,1229,1,9,-1,1,-1
2015320098834,2,19,0,17,0,0,0,0,0,0,1,1,1,1,52,8,1996,2,4,-1,3,-1
2015320098834,3,21,1,18,0,0,0,0,0,0,3,1,1,1,35,6,12809,2,3,-1,-1,-1
2015320098858,1,19,0,1,0,0,0,0,0,0,2,1,6,1,43,7,1998,2,12,-1,1,-1
2015320098858,2,9,0,18,0,0,0,0,0,0,4,1,6,1,60,9,2616,1,10,-1,3,-1
2015320098868,1,97,0,13,0,0,1,0,7,9,1,1,6,1,59,9,883,1,10,-1,2,-1
2015320098868,2,9,0,18,0,0,0,0,0,0,1,1,6,1,58,9,1598,2,4,-1,3,-1
2015320098914,1,9,0,18,0,1,0,0,0,0,1,-1,6,1,48,8,1968,2,8,-1,3,-1
2015320098914,2,9,0,3,0,1,0,0,0,0,2,-1,6,1,18,4,1242,1,13,-1,1,-1
2015320098914,3,19,0,3,0,1,0,0,0,0,2,-1,6,1,59,9,1461,2,10,-1,3,-1
2015320098916,1,9,0,1,0,0,0,0,0,0,2,1,6,1,20,4,-1,-1,-1,-1,-1,-1
2015320098924,1,9,0,18,0,0,0,0,0,0,1,1,2,2,25,5,1956,2,4,-1,3,-1
2015320098924,2,9,0,18,0,0,0,0,0,0,2,1,6,2,39,7,1598,1,11,-1,-1,-1
2015320098925,1,4,0,18,0,0,1,0,1,0,0,1,6,1,50,8,-1,-1,-1,-1,1,-1
2015320099133,1,9,0,5,0,4,0,0,0,0,1,1,6,2,64,9,1956,2,2,-1,1,-1
2015320099133,2,1,0,18,0,4,0,0,0,0,2,1,6,1,46,8,-1,-1,-1,-1,1,-1
2015320099286,1,10,0,18,0,1,0,0,0,0,1,1,1,1,53,8,1998,2,11,-1,1,-1
2015320099286,2,90,-1,18,0,1,0,0,0,0,2,-1,6,3,-1,-1,-1,-1,-1,-1,-1,-1
2015320099300,1,21,1,5,0,4,0,0,0,0,1,1,1,1,40,7,10518,2,2,-1,1,-1
2015320099300,2,5,0,3,0,4,0,0,0,0,2,1,6,1,60,9,599,1,16,-1,2,-1
2015320099341,1,9,0,10,0,1,0,0,0,0,1,1,6,1,34,6,1229,1,10,-1,1,-1
2015320099341,2,4,0,18,0,1,2,0,0,0,1,1,6,1,31,6,675,1,6,-1,3,-1
2015320099360,1,9,0,18,0,0,0,0,7,0,2,1,6,2,51,8,1461,2,10,-1,1,-1
2015320099360,2,19,0,18,0,0,0,0,0,0,1,1,1,1,65,9,2143,2,3,-1,1,-1
2015320099433,1,9,0,9,0,8,0,0,0,0,4,1,6,2,31,6,1968,2,9,-1,3,-1
2015320099433,2,9,0,18,0,8,0,0,0,0,1,1,1,1,64,9,1910,2,7,-1,3,-1
2015320099443,1,9,0,18,0,8,0,0,0,0,0,-1,6,3,-1,-1,2143,2,1,-1,-1,-1
2015320099443,2,1,-1,18,0,8,0,0,0,0,0,1,6,2,45,7,-1,-1,-1,-1,2,-1
2015320099452,1,98,0,18,0,1,0,0,0,0,1,1,1,1,55,8,-1,-1,-1,-1,3,-1
2015320099452,2,9,0,10,0,1,0,0,7,0,1,1,6,1,24,5,1275,1,20,-1,-1,-1
2015320099456,1,9,0,18,0,0,0,0,0,0,1,1,6,1,20,4,1389,1,13,-1,-1,-1
2015320099456,2,1,0,18,0,0,0,0,0,0,3,1,6,2,14,3,-1,-1,-1,-1,-1,-1
2015320099530,1,5,0,13,0,0,1,0,0,0,1,1,6,1,52,8,-1,-1,-1,-1,-1,-1
2015320099530,2,9,0,18,0,0,1,0,0,0,1,1,6,1,72,10,1598,1,5,-1,-1,-1
2015320099530,3,9,0,18,0,0,0,0,0,0,0,1,1,1,51,8,1956,2,-1,-1,3,-1
2015320099572,1,9,0,4,0,0,0,0,0,0,4,1,6,1,42,7,1997,2,2,-1,1,-1
2015320099664,1,9,0,16,0,0,0,0,0,0,1,1,3,2,41,7,1587,1,13,-1,1,-1
2015320099664,2,9,0,17,0,0,2,0,0,0,1,1,3,2,18,4,1968,2,8,-1,1,-1
2015320099700,1,1,0,18,0,8,0,0,0,0,3,1,6,2,44,7,-1,-1,-1,-1,-1,-1
2015320099700,2,9,0,4,0,1,1,0,0,0,1,1,2,1,44,7,1339,1,9,-1,1,-1
2015320099700,3,9,0,4,0,1,0,0,0,0,4,1,2,2,48,8,2400,2,3,-1,1,-1
2015320099700,4,9,0,4,0,1,0,0,0,0,2,1,2,-1,35,6,2967,2,7,-1,1,-1
2015320099823,1,9,0,9,0,8,0,0,1,0,1,1,6,2,35,6,1598,2,-1,-1,1,-1
2015320099823,2,9,0,17,0,8,0,0,7,0,1,1,6,1,45,7,1896,2,14,-1,1,-1
2015320099904,1,9,0,2,0,0,0,0,0,0,1,1,3,1,56,9,2171,2,12,-1,-1,-1
2015320099904,2,10,0,2,0,0,0,0,0,0,3,1,2,1,68,10,-1,-1,-1,-1,3,-1
2015320100059,1,9,0,15,0,0,1,0,0,0,1,1,1,1,52,8,2967,2,8,-1,3,-1
2015320100059,2,9,0,18,0,0,0,0,0,0,0,1,1,1,42,7,-1,-1,-1,-1,2,-1
2015320100059,3,2,0,18,0,0,0,0,0,0,1,1,1,2,19,4,-1,-1,-1,-1,2,-1
2015320100191,1,9,0,4,0,0,0,0,0,0,1,1,6,2,26,6,1198,1,11,-1,1,-1
2015320100191,2,9,0,4,0,0,0,0,0,0,2,1,6,1,47,8,1997,2,14,-1,3,-1
2015320100277,1,9,0,9,9,8,0,7,0,0,3,1,1,1,40,7,1686,2,3,-1,1,-1
2015320100309,1,9,0,18,0,0,2,0,7,4,1,1,6,1,34,6,2198,1,12,-1,1,-1
2015320100313,1,9,0,16,0,0,0,0,0,11,1,1,6,1,28,6,-1,-1,-1,-1,1,-1
2015320100313,2,9,0,18,0,0,0,0,0,0,2,1,6,2,44,7,1398,1,1,-1,1,-1
2015320100313,3,9,0,18,0,0,0,0,0,0,4,1,6,1,56,9,2993,2,10,-1,3,-1
2015320100317,1,9,0,18,0,0,0,0,0,0,1,1,6,2,65,9,-1,-1,-1,-1,2,-1
2015320100317,2,9,0,10,0,0,0,0,0,0,0,1,6,2,39,7,1388,7,11,-1,3,-1
2015320100329,1,3,0,18,0,1,0,0,0,0,1,1,6,1,17,4,125,1,6,-1,3,-1
2015320100329,2,98,1,9,0,1,0,0,0,0,3,1,1,1,59,9,12902,2,2,-1,1,-1
2015320100432,1,9,0,7,9,1,0,10,2,0,1,-1,6,2,24,5,-1,-1,-1,-1,-1,-1
2015320100432,2,1,-1,18,9,8,0,0,0,0,1,1,6,1,26,6,-1,-1,-1,-1,1,-1
2015320100494,1,9,0,4,0,4,0,0,0,0,2,1,6,1,59,9,1599,1,18,-1,2,-1
2015320100494,2,9,0,18,0,4,0,0,0,0,1,1,6,3,-1,-1,1956,2,6,-1,-1,-1
2015320100558,1,9,0,18,0,0,0,0,0,0,1,1,6,1,31,6,1910,2,10,-1,1,-1
2015320100636,1,19,0,18,0,1,0,0,0,0,1,1,1,1,48,8,2300,2,12,-1,1,-1
2015320100636,2,9,0,9,0,1,1,0,7,9,2,1,6,1,60,9,1198,1,3,-1,2,-1
2015320100706,1,9,0,9,0,1,0,0,7,0,4,1,2,1,24,5,-1,-1,-1,-1,2,-1
2015320100706,2,9,0,9,0,1,0,0,0,0,3,1,1,1,28,6,-1,-1,-1,-1,3,-1
2015320100785,1,9,0,18,0,0,0,0,1,9,1,1,1,1,28,6,1242,1,14,-1,3,-1
2015320100785,2,17,4,8,0,0,0,0,0,0,0,1,1,1,44,7,6728,2,5,-1,3,-1
2015320100785,3,9,0,4,0,0,0,0,0,0,0,1,6,1,26,6,1896,2,13,-1,2,-1
2015320100844,1,1,0,18,0,3,0,0,0,0,2,1,6,1,46,8,-1,-1,-1,-1,1,-1
2015320100844,2,9,0,18,0,4,0,0,0,0,1,1,6,2,50,8,1560,2,8,-1,3,-1
2015320100925,1,21,1,7,0,4,0,0,0,0,1,1,1,1,45,7,10837,2,-1,-1,-1,-1
2015320100925,2,9,0,18,0,4,0,0,0,0,3,1,6,1,34,6,1461,2,6,-1,3,-1
2015320101005,1,9,0,18,0,5,0,0,0,0,1,1,4,2,17,4,998,1,9,-1,1,-1
2015320101005,2,9,0,4,0,2,0,0,0,0,2,1,2,2,49,8,1598,1,6,-1,1,-1
2015320101115,1,9,-1,17,0,0,0,0,1,1,2,1,6,1,22,5,1598,1,12,-1,1,-1
2015320101131,1,1,0,18,0,0,0,0,0,0,1,1,6,1,14,3,-1,-1,-1,-1,1,-1
2015320101131,2,9,0,18,0,0,0,0,0,0,3,1,1,2,61,9,-1,-1,-1,-1,3,-1
2015320101227,1,5,0,18,0,0,1,0,0,0,0,1,6,1,60,9,599,1,17,-1,1,-1
2015320101235,1,9,0,18,0,0,0,0,0,0,1,1,6,1,70,10,1149,1,8,-1,3,-1
2015320101235,2,9,0,3,0,0,0,0,0,0,2,1,6,1,70,10,1995,2,-1,-1,1,-1
2015320101236,1,9,0,13,0,1,0,0,7,0,1,1,6,1,30,6,2993,2,6,-1,3,-1
2015320101236,2,9,0,10,0,1,0,0,1,0,2,1,6,1,40,7,1598,2,2,-1,3,-1
2015320101602,1,9,0,1,0,0,0,0,0,0,2,1,6,1,17,4,1396,1,10,-1,-1,-1
2015320101654,1,5,0,18,0,8,0,0,1,10,1,1,6,1,56,9,999,1,10,-1,1,-1
2015320101655,1,9,0,18,0,0,0,0,0,0,1,1,6,1,20,4,796,1,11,-1,3,-1