Accident_Index,Vehicle_Reference,Vehicle_Type,Towing_and_Articulation,Vehicle_Manoeuvre,Vehicle_Location-Restricted_Lane,Junction_Location,Skidding_and_Overturning,Hit_Object_in_Carriageway,Vehicle_Leaving_Carriageway,Hit_Object_off_Carriageway,1st_Point_of_Impact,Was_Vehicle_Left_Hand_Drive?,Journey_Purpose_of_Driver,Sex_of_Driver,Age_of_Driver,Age_Band_of_Driver,Engine_Capacity_(CC),Propulsion_Code,Age_of_Vehicle,Driver_IMD_Decile,Driver_Home_Area_Type,Vehicle_IMD_Decile
2015320101656,1,9,0,13,0,0,0,0,0,0,0,1,6,3,-1,-1,1998,2,8,-1,-1,-1
2015320101656,2,9,0,13,0,0,2,11,2,9,1,2,6,1,18,4,1199,1,11,-1,-1,-1
2015320101779,1,9,0,18,0,0,0,0,0,0,1,1,6,1,70,10,1339,1,5,-1,1,-1
2015320101779,2,19,3,18,0,0,0,0,1,0,1,1,6,1,71,10,2446,2,17,-1,2,-1
2015320102079,1,8,0,4,0,0,0,0,0,0,1,1,1,1,32,6,1997,2,5,-1,1,-1
2015320102079,2,9,0,4,0,0,0,0,0,0,0,2,6,2,39,7,1997,2,7,-1,1,-1
2015320102103,1,1,0,15,0,1,0,0,0,0,1,1,2,1,51,8,-1,-1,-1,-1,1,-1
2015320102103,2,9,0,9,0,8,0,0,0,0,4,1,2,2,29,6,-1,3,1,-1,1,-1
2015320102165,1,9,0,9,0,8,0,0,0,0,1,1,6,2,35,6,1198,1,4,-1,3,-1
2015320102165,2,9,0,18,0,8,0,0,0,0,1,1,2,1,18,4,1461,2,11,-1,1,-1
2015320102219,1,9,0,16,0,0,1,0,8,10,1,1,6,1,19,4,1388,1,8,-1,1,-1
2015320102220,1,19,0,1,5,0,0,0,0,0,0,1,1,1,38,7,2198,2,6,-1,1,-1
2015320102220,2,19,0,2,5,0,0,0,0,0,0,1,1,1,60,9,2143,2,3,-1,1,-1
2015320102283,1,9,0,18,0,1,0,10,1,0,1,1,6,1,18,4,1149,1,2,-1,1,-1
2015320102339,1,8,0,9,0,6,0,0,0,0,4,1,1,1,39,7,1910,2,8,-1,1,-1
2015320102339,2,21,1,18,0,1,0,0,0,0,1,1,1,1,37,7,10837,2,1,-1,1,-1
2015320102403,1,9,0,5,0,8,0,0,0,0,1,1,6,1,29,6,1390,1,6,-1,3,-1
2015320102403,2,5,0,3,0,8,0,0,0,0,2,1,6,2,26,6,645,1,3,-1,3,-1
2015320102621,1,9,0,17,0,0,2,0,1,0,4,1,1,1,24,5,1199,1,13,-1,2,-1
2015320102642,1,17,4,5,0,8,0,0,0,0,3,2,1,1,50,8,-1,2,5,-1,3,-1
2015320102642,2,8,0,18,0,8,1,0,0,0,1,2,1,1,50,8,1910,2,8,-1,3,-1
2015320102862,1,9,0,18,0,8,1,0,0,0,2,1,6,2,18,4,998,1,6,-1,2,-1
2015320102862,2,90,-1,18,0,8,0,0,0,0,1,-1,6,3,-1,-1,-1,-1,-1,-1,-1,-1
2015320102966,1,9,0,16,0,0,1,0,1,0,2,1,1,2,27,6,998,1,9,-1,1,-1
2015320103017,1,9,0,18,0,0,0,0,0,0,1,1,2,1,25,5,-1,-1,-1,-1,-1,-1
2015320103017,2,9,0,18,0,0,0,0,0,0,2,1,2,2,55,8,1229,1,8,-1,1,-1
2015320103017,3,9,0,18,0,0,0,0,0,0,2,1,2,1,25,5,1388,1,4,-1,1,-1
2015320103111,1,9,0,18,0,0,0,0,0,0,4,1,6,1,57,9,1398,1,14,-1,1,-1
2015320103168,1,22,0,18,0,0,0,0,0,0,1,1,6,2,64,9,-1,-1,-1,-1,-1,-1
2015320103173,1,9,0,18,0,0,0,0,0,0,0,1,1,2,54,8,1242,1,-1,-1,1,-1
2015320103296,1,9,0,18,0,0,0,0,0,0,1,1,3,2,32,6,1796,1,7,-1,1,-1
2015320103296,2,1,0,18,0,0,0,0,0,0,4,1,4,1,3,1,-1,-1,-1,-1,1,-1
2015320103308,1,9,0,18,0,0,0,0,0,0,4,1,6,1,22,5,-1,-1,-1,-1,3,-1
2015320103309,1,19,0,9,0,6,0,0,0,0,1,1,1,1,36,7,1248,2,7,-1,2,-1
2015320103309,2,9,0,18,0,1,0,0,0,0,4,1,6,1,20,4,1596,1,1,-1,1,-1
2015320103358,1,9,0,9,0,1,0,0,0,0,1,1,6,2,76,11,1598,1,8,-1,3,-1
2015320103358,2,4,0,18,0,1,0,0,0,0,1,1,6,1,62,9,200,1,30,-1,1,-1
2015320103675,1,9,0,9,0,6,0,0,0,0,1,1,6,2,62,9,1396,1,10,-1,2,-1
2015320103675,2,9,0,18,0,1,0,0,0,0,3,1,6,1,58,9,998,1,2,-1,2,-1
2015320103708,1,17,4,18,0,0,0,0,0,0,3,-1,6,3,-1,-1,-1,-1,-1,-1,-1,-1
2015320103708,2,20,0,18,0,0,0,0,0,0,3,2,1,2,32,6,-1,-1,-1,-1,-1,-1
2015320103732,1,9,0,18,0,0,0,0,0,0,3,1,6,2,82,11,1339,1,4,-1,1,-1
2015320103732,2,9,0,18,0,0,0,0,0,0,4,1,6,1,90,11,998,1,-1,-1,3,-1
2015320103745,1,9,0,18,0,0,0,0,0,0,1,1,3,1,32,6,2198,1,13,-1,3,-1
2015320103820,1,9,0,18,0,1,0,0,0,0,3,1,6,1,70,10,1586,1,-1,-1,1,-1
2015320104047,1,9,0,18,0,0,0,0,0,0,1,1,3,1,36,7,2993,2,4,-1,3,-1
2015320104047,2,19,0,2,0,0,0,0,0,0,2,1,1,1,68,10,2402,2,10,-1,3,-1
2015320104150,1,9,0,16,0,0,5,0,8,9,1,1,1,1,29,6,1896,2,15,-1,3,-1
2015320104327,1,9,0,18,0,0,0,10,1,10,4,1,6,1,51,8,1598,2,1,-1,-1,-1
2015320104327,2,17,0,18,9,0,0,0,0,0,0,1,6,3,-1,-1,-1,-1,-1,-1,-1,-1
2015320104349,1,2,0,9,9,5,0,0,0,0,0,1,2,1,16,4,49,1,-1,-1,1,-1
2015320104349,2,1,0,18,9,5,0,0,0,0,0,1,2,1,18,4,-1,-1,-1,-1,1,-1
2015320104363,1,9,0,16,0,0,2,0,1,9,3,1,2,1,29,6,2171,1,14,-1,2,-1
2015320104416,1,19,0,4,0,0,0,0,1,1,1,1,2,1,20,4,2198,2,3,-1,2,-1
2015320104416,2,19,0,18,0,0,1,0,0,0,1,1,2,1,35,6,1995,2,8,-1,2,-1
2015320104427,1,9,0,3,0,0,0,0,0,0,1,1,6,2,32,6,-1,-1,-1,-1,1,-1
2015320104427,2,2,0,3,0,0,5,0,0,0,2,1,6,2,46,8,49,1,5,-1,1,-1
2015320104614,1,9,0,7,0,5,0,0,0,0,4,1,6,2,36,7,1956,2,4,-1,1,-1
2015320104614,2,5,0,15,0,1,0,0,0,0,3,1,6,1,59,9,1199,1,3,-1,1,-1
2015320104643,1,9,0,4,0,3,0,0,0,0,1,1,6,1,71,10,1390,1,14,-1,2,-1
2015320104643,2,9,0,18,0,4,0,0,0,0,3,1,6,1,53,8,-1,-1,-1,-1,1,-1
2015320104819,1,9,0,18,0,0,0,0,1,0,1,1,6,1,84,11,1560,2,9,-1,1,-1
2015320104819,2,9,0,18,0,0,0,0,1,0,1,1,6,1,54,8,2720,2,10,-1,3,-1
2015320105085,1,9,0,18,0,8,0,0,0,0,3,1,6,1,34,6,1956,2,-1,-1,1,-1
2015320105085,2,9,0,9,0,6,0,0,0,0,1,1,6,2,64,9,998,1,2,-1,1,-1
2015320105139,1,9,0,15,0,0,0,0,0,0,4,1,6,3,-1,-1,1599,1,7,-1,-1,-1
2015320105139,2,1,-1,18,0,0,0,0,0,0,1,1,6,1,46,8,-1,-1,-1,-1,1,-1
2015320105262,1,9,0,18,0,0,0,7,0,0,1,1,6,1,55,8,1956,2,1,-1,1,-1
2015320105283,1,9,0,17,0,0,2,0,7,0,3,1,6,1,31,6,1587,1,12,-1,1,-1
2015320105400,1,5,0,18,0,8,0,0,0,0,1,1,6,1,70,10,980,1,35,-1,1,-1
2015320105400,2,9,0,18,0,8,0,0,0,0,2,1,6,2,36,7,1794,1,9,-1,1,-1
2015320105400,3,17,4,18,0,8,0,0,0,0,1,1,1,1,32,6,-1,2,4,-1,1,-1
2015320105400,4,9,0,18,0,8,0,0,0,0,1,1,6,1,37,7,1686,2,3,-1,-1,-1
2015320105587,1,9,0,18,0,0,0,0,0,0,1,1,6,2,68,10,1598,1,4,-1,-1,-1
2015320105587,2,9,0,18,0,0,0,0,0,0,1,1,6,2,62,9,999,1,3,-1,-1,-1
2015320105611,1,9,0,17,0,0,1,0,1,9,1,1,6,1,65,9,-1,-1,-1,-1,3,-1
2015320105638,1,9,0,18,0,0,0,0,1,3,1,1,6,1,65,9,-1,-1,-1,-1,1,-1
2015320105657,1,9,0,3,0,0,0,0,0,0,1,1,6,1,40,7,998,1,14,-1,1,-1
2015320105657,2,9,0,3,0,0,0,0,0,0,2,1,6,2,54,8,1229,1,10,-1,1,-1
2015320105720,1,9,0,18,0,1,0,0,0,0,1,1,6,2,21,5,1086,1,10,-1,3,-1
2015320105901,1,9,0,18,0,0,0,0,0,0,4,1,6,3,-1,-1,-1,-1,-1,-1,-1,-1
2015320105901,2,1,0,18,0,0,5,0,0,0,3,1,1,2,22,5,-1,-1,-1,-1,1,-1
2015320106188,1,9,0,18,0,2,0,0,1,2,4,1,1,2,42,7,-1,-1,-1,-1,2,-1
2015320106188,2,9,0,9,8,6,0,0,0,0,3,1,1,2,65,9,-1,-1,-1,-1,3,-1
2015320106189,1,9,0,17,0,0,0,0,1,9,2,1,6,2,34,6,1834,1,13,-1,1,-1
2015320106197,1,9,0,18,0,0,0,0,1,4,1,1,6,2,18,4,1229,1,8,-1,-1,-1
2015320106206,1,1,0,18,0,0,0,10,0,0,1,1,2,1,35,6,-1,-1,-1,-1,1,-1
2015320106368,1,9,0,16,0,0,2,0,7,0,0,1,1,1,30,6,1598,1,1,-1,-1,-1
2015320106514,1,19,0,18,0,1,0,0,0,0,4,1,1,1,24,5,2198,2,1,-1,1,-1
2015320106514,2,9,0,18,0,1,0,0,0,0,1,-1,6,2,49,8,1461,2,9,-1,3,-1
2015320106527,1,11,-1,5,0,2,0,0,0,0,0,1,1,3,-1,-1,-1,-1,-1,-1,-1,-1
2015320106570,1,9,0,9,0,6,0,0,0,0,1,1,1,1,56,9,2171,1,12,-1,3,-1
2015320106570,2,9,0,18,0,1,2,0,0,0,1,1,6,1,62,9,1995,2,2,-1,3,-1
2015320106628,1,9,0,18,0,0,1,0,0,0,1,1,2,1,18,4,1405,1,11,-1,3,-1
2015320106628,2,8,0,18,0,0,0,0,1,11,1,1,1,1,57,9,1560,2,2,-1,3,-1
2015320106645,1,1,0,18,5,1,0,0,0,0,1,1,1,1,22,5,-1,-1,-1,-1,-1,-1
2015320106652,1,9,0,9,0,8,0,0,0,0,1,1,6,1,21,5,-1,-1,-1,-1,1,-1
2015320106652,2,9,0,18,0,8,0,0,0,0,3,1,6,2,36,7,-1,-1,-1,-1,3,-1
2015320106653,1,9,0,18,0,0,0,0,0,0,4,1,1,1,36,7,1686,2,1,-1,1,-1
2015320106653,2,9,0,18,0,0,0,0,0,0,4,1,6,1,25,5,-1,-1,-1,-1,1,-1
2015320106740,1,9,0,16,0,0,2,0,1,4,1,1,1,1,24,5,1998,2,10,-1,1,-1
2015320106817,1,10,0,6,0,0,0,0,0,0,3,1,1,1,58,9,-1,-1,-1,-1,2,-1
2015320106817,2,9,0,18,0,0,0,0,0,0,1,1,1,1,54,8,1998,1,-1,-1,1,-1
2015320106844,1,9,0,9,0,6,0,0,0,0,1,1,1,2,46,8,1299,1,14,-1,3,-1
2015320106844,2,9,0,18,0,1,0,0,0,0,1,1,1,1,26,6,1199,1,12,-1,1,-1
2015320106871,1,9,0,15,0,0,0,0,0,0,4,1,1,1,58,9,1248,2,8,-1,1,-1
2015320106871,2,1,0,15,0,0,0,0,0,0,2,1,6,2,65,9,-1,-1,-1,-1,1,-1
2015320106983,1,5,0,18,0,0,0,0,0,0,1,1,1,1,57,9,-1,-1,-1,-1,-1,-1
2015320106983,2,9,0,18,0,0,0,0,0,0,3,1,2,1,36,7,-1,-1,-1,-1,-1,-1
2015320107084,1,9,0,7,0,1,0,0,1,0,4,-1,6,1,20,4,-1,-1,-1,-1,-1,-1
2015320107098,1,9,0,16,0,2,0,0,0,0,1,1,6,2,45,7,1685,2,3,-1,3,-1
2015320107098,2,9,0,17,0,1,0,0,0,0,1,1,6,1,75,10,-1,-1,-1,-1,3,-1
2015320107109,1,9,0,5,0,2,0,0,0,0,4,1,3,1,72,10,1198,1,-1,-1,-1,-1
2015320107109,2,9,-1,5,0,2,0,0,0,0,1,1,3,2,62,9,1242,1,13,-1,-1,-1
2015320107368,1,9,0,18,0,0,0,0,0,0,1,1,2,2,18,4,1061,1,12,-1,1,-1
2015320107368,2,9,0,18,0,0,0,0,0,0,2,1,2,2,49,8,1560,2,4,-1,-1,-1
2015320107368,3,9,3,18,0,0,0,0,0,0,0,1,1,1,39,7,-1,-1,-1,-1,1,-1
2015320107391,1,9,0,5,0,6,0,0,0,0,1,1,6,1,41,7,1595,1,14,-1,1,-1
2015320107391,2,19,0,18,0,2,5,0,0,0,3,1,1,1,70,10,2287,2,5,-1,3,-1
2015320107489,1,9,0,18,0,0,0,0,1,1,0,1,1,2,20,4,1229,1,9,-1,1,-1
2015320107489,2,9,0,18,0,0,0,0,1,0,1,1,6,1,56,9,1560,2,5,-1,1,-1
2015320107514,1,9,0,5,0,0,0,0,0,0,1,1,6,2,29,6,1596,1,13,-1,1,-1
2015320107560,1,9,0,17,0,0,0,0,1,0,3,1,1,1,27,6,-1,-1,-1,-1,-1,-1
2015320107571,1,9,0,18,0,0,0,0,0,0,1,1,6,1,71,10,1988,1,13,-1,3,-1
2015320107571,2,9,0,3,0,0,0,0,0,0,2,1,6,1,24,5,1596,1,14,-1,1,-1
2015320107571,3,9,0,3,0,0,0,0,0,0,2,1,6,2,56,9,1686,2,7,-1,1,-1
2015320107614,1,9,0,18,0,1,0,0,0,0,1,1,6,1,-1,-1,-1,-1,-1,-1,-1,-1
2015320107614,2,19,4,18,0,1,0,0,0,0,2,1,1,1,-1,-1,-1,-1,-1,-1,-1,-1
2015320107632,1,9,0,18,0,0,0,0,0,0,1,1,6,1,24,5,1598,1,12,-1,1,-1
2015320107632,2,9,0,3,0,0,0,0,0,0,2,1,6,2,29,6,1198,1,5,-1,1,-1
2015320107632,3,9,0,3,0,0,0,0,0,0,2,2,6,1,19,4,1796,1,10,-1,1,-1
2015320107667,1,9,0,7,0,0,2,0,7,10,3,1,6,1,20,4,1360,1,6,-1,2,-1
2015320107742,1,9,0,6,0,0,0,0,0,0,3,1,6,1,22,5,1798,1,-1,-1,3,-1
2015320107742,2,9,0,13,0,0,0,0,0,0,1,1,6,1,43,7,-1,-1,-1,-1,1,-1
2015320107880,1,9,0,18,0,0,0,0,0,0,1,1,6,2,46,8,1951,2,11,-1,3,-1
2015320107880,2,9,0,18,0,0,0,0,0,0,2,1,6,1,43,7,1587,1,12,-1,2,-1
2015320108081,1,9,0,18,0,0,0,0,7,9,1,1,6,1,23,5,1596,1,8,-1,-1,-1
2015320108363,1,9,0,18,0,4,0,0,0,0,1,1,6,1,58,9,1999,1,4,-1,-1,-1
2015320108363,2,9,0,3,0,4,0,0,0,0,2,1,6,2,31,6,1560,2,7,-1,1,-1
2015320108490,1,9,0,18,0,0,5,10,0,0,1,1,2,1,20,4,1399,2,6,-1,1,-1
2015320108492,1,9,0,18,0,1,0,0,0,0,1,1,6,1,36,7,2967,1,12,-1,1,-1
2015320108859,1,9,0,15,0,1,0,0,0,0,4,1,1,1,27,6,1298,1,4,-1,1,-1
2015320108859,2,9,0,5,0,1,0,0,0,0,1,1,6,2,29,6,1991,2,10,-1,1,-1
2015320108861,1,9,0,9,0,6,0,0,0,0,3,1,6,2,77,11,1798,1,8,-1,3,-1
2015320108861,2,20,0,17,0,1,0,0,7,9,1,1,1,1,29,6,-1,-1,-1,-1,1,-1
2015320109145,1,9,0,5,0,8,0,0,0,0,1,1,6,2,84,11,1329,1,4,-1,3,-1
2015320109145,2,9,0,18,0,1,0,0,1,0,1,1,3,2,27,6,1598,1,9,-1,1,-1
2015320109274,1,9,0,18,0,1,5,0,7,10,1,1,1,1,26,6,1560,2,3,-1,2,-1
2015320109374,1,19,0,9,0,5,0,0,0,0,1,1,1,1,45,7,2143,2,2,-1,1,-1
2015320109374,2,4,0,18,0,1,1,0,1,0,1,1,6,1,42,7,400,1,27,-1,1,-1
2015320109394,1,98,0,18,0,0,0,0,7,4,1,1,1,1,47,8,6692,2,7,-1,2,-1
2015320109477,1,9,0,3,0,0,0,0,0,0,1,1,1,1,28,6,1248,1,3,-1,1,-1
2015320109508,1,3,0,16,0,0,1,0,0,0,2,1,6,1,27,6,124,1,6,-1,2,-1
2015320109508,2,9,0,17,0,0,0,0,0,0,1,1,6,2,40,7,1560,2,3,-1,2,-1
2015320109514,1,3,0,18,0,1,0,0,0,0,1,1,6,1,18,4,125,1,-1,-1,3,-1
2015320109514,2,9,0,9,0,5,0,0,0,0,1,1,6,1,40,7,1400,1,16,-1,1,-1
2015320109873,1,9,0,3,0,0,0,0,0,0,1,1,6,1,-1,-1,-1,-1,-1,-1,-1,-1
2015320109873,2,8,0,4,0,0,0,0,0,0,2,1,1,1,32,6,-1,-1,-1,-1,-1,-1
2015320109876,1,9,0,18,0,1,0,0,0,0,1,1,6,1,38,7,-1,-1,-1,-1,1,-1
2015320109876,2,9,0,14,0,1,1,4,0,0,2,1,6,2,26,6,1587,1,14,-1,1,-1
2015320109876,3,9,0,2,9,2,0,0,0,0,1,1,6,1,34,6,1560,2,2,-1,-1,-1
2015320109923,1,9,0,18,0,0,1,0,7,4,2,1,6,1,36,7,-1,-1,-1,-1,1,-1
2015320110074,1,19,-1,18,0,1,0,0,0,0,1,1,1,1,30,6,2198,2,2,-1,1,-1
2015320110074,2,9,0,10,0,1,0,0,0,0,2,1,6,1,42,7,1329,1,1,-1,2,-1
2015320110094,1,9,0,9,0,1,0,0,0,0,1,1,6,2,69,10,1686,2,3,-1,1,-1
2015320110094,2,9,0,18,0,8,0,0,1,0,1,1,6,1,44,7,1598,1,2,-1,1,-1
2015320110094,3,9,0,10,0,2,0,0,0,0,1,1,6,2,20,4,1242,1,11,-1,1,-1
2015320110315,1,9,0,18,0,1,0,0,0,0,3,1,2,1,42,7,1968,2,6,-1,1,-1
2015320110315,2,9,0,18,0,1,0,0,0,0,3,1,2,2,28,6,1399,2,5,-1,-1,-1
2015320110315,3,9,0,18,0,1,0,0,0,0,3,1,2,1,35,6,1968,2,5,-1,2,-1
2015320110315,4,9,0,18,0,1,0,0,0,0,3,1,2,1,40,7,1248,2,4,-1,1,-1
2015320110443,1,9,0,18,0,0,2,0,1,9,1,1,1,1,41,7,1248,1,1,-1,1,-1
2015320110449,1,9,0,9,9,5,0,0,0,0,4,1,6,1,19,4,2179,2,8,-1,3,-1
2015320110534,1,9,0,18,0,8,1,0,0,0,1,1,6,2,38,7,1299,1,13,-1,1,-1
2015320110534,2,9,0,10,0,5,0,0,0,0,2,1,6,2,52,8,2199,2,1,-1,3,-1
2015320110557,1,3,0,6,0,0,0,0,0,0,1,1,6,1,18,4,125,1,4,-1,3,-1
2015320110557,2,4,0,18,0,0,0,0,0,0,3,1,6,1,21,5,471,1,-1,-1,1,-1
2015320110571,1,5,0,16,0,0,0,0,7,0,3,1,6,1,63,9,748,1,21,-1,3,-1
2015320110590,1,9,0,18,0,8,0,0,0,0,1,1,2,1,39,7,1598,2,2,-1,1,-1
2015320110590,2,9,0,18,0,8,0,0,0,0,3,1,6,2,57,9,-1,-1,-1,-1,1,-1
2015320110873,1,9,0,9,0,6,0,0,0,0,0,1,1,1,22,5,-1,-1,-1,-1,1,-1
2015320110873,2,5,0,18,0,1,1,0,0,0,0,1,6,1,70,10,700,1,28,-1,2,-1
2015320110888,1,2,0,18,0,0,0,0,0,0,1,1,2,1,39,7,49,1,17,-1,3,-1
2015320110888,2,19,0,3,0,0,0,0,0,0,2,1,2,1,32,6,2461,2,13,-1,3,-1
2015320110927,1,9,0,18,0,1,0,0,7,10,1,1,6,1,32,6,1956,2,6,-1,1,-1
2015320110927,2,9,0,5,0,2,0,0,3,10,3,1,6,2,81,11,998,1,1,-1,1,-1
2015320111170,1,9,0,18,0,1,0,0,1,0,1,1,1,1,53,8,1896,2,16,-1,1,-1
2015320111170,2,9,0,18,0,1,0,0,0,0,1,1,1,1,33,6,-1,-1,-1,-1,1,-1
2015320111322,1,9,0,9,0,4,0,0,0,0,1,1,6,2,45,7,1598,1,7,-1,1,-1
2015320111322,2,9,0,18,0,3,0,0,7,0,2,1,1,1,24,5,1398,1,-1,-1,-1,-1
2015320111436,1,19,0,18,0,0,0,0,0,0,1,1,6,1,31,6,-1,-1,-1,-1,-1,-1
2015320111468,1,9,0,6,0,0,0,0,7,11,3,1,6,2,36,7,1360,1,10,-1,1,-1
2015320111468,2,5,0,13,0,0,0,0,7,4,1,1,6,1,46,8,-1,-1,-1,-1,1,-1
2015320111475,1,19,0,17,0,0,0,0,1,9,1,1,6,1,34,6,-1,-1,-1,-1,3,-1
2015320111525,1,9,0,17,0,0,1,0,1,4,1,1,6,1,26,6,1596,1,12,-1,1,-1
2015320111532,1,9,0,18,0,1,0,0,1,1,1,1,6,1,20,4,1149,1,14,-1,3,-1
2015320111532,2,9,0,18,0,1,0,0,0,0,2,1,6,1,30,6,1896,2,14,-1,1,-1
2015320111738,1,9,0,9,0,6,0,0,1,4,2,1,6,1,72,10,1798,1,1,-1,1,-1
2015320111738,2,9,0,16,0,1,1,0,0,0,1,1,6,1,24,5,1997,1,16,-1,2,-1
2015320111749,1,9,0,18,0,8,1,0,0,0,1,1,6,2,26,6,1149,1,15,-1,1,-1
2015320111749,2,21,0,9,0,8,1,0,0,0,0,1,6,1,65,9,-1,-1,-1,-1,2,-1
2015320111859,1,9,0,4,0,0,0,0,0,0,1,1,6,1,68,10,1598,1,8,-1,1,-1
2015320111859,2,1,0,18,0,0,0,0,0,0,4,1,6,1,23,5,-1,-1,-1,-1,1,-1
2015320112211,1,9,0,18,0,0,0,0,1,0,1,1,6,2,79,11,998,1,4,-1,1,-1
2015320112211,2,9,0,7,0,0,0,0,0,0,2,1,6,1,67,10,1988,2,11,-1,-1,-1
2015320112225,1,19,0,18,0,0,1,0,7,10,1,1,1,1,52,8,1560,2,3,-1,1,-1
2015320112303,1,9,0,18,0,0,0,0,0,0,1,1,6,2,79,11,1598,1,15,-1,-1,-1
2015320112303,2,1,0,18,0,0,5,0,1,0,2,1,6,1,17,4,-1,-1,-1,-1,-1,-1
2015320112322,1,5,0,18,0,0,2,12,7,10,1,1,6,1,56,9,999,1,2,-1,2,-1
2015320112350,1,9,0,3,0,0,0,0,0,0,2,1,2,2,22,5,1229,1,-1,-1,1,-1
2015320112350,2,9,0,3,0,0,0,0,0,0,1,1,2,2,19,4,1598,1,10,-1,2,-1
2015320112350,3,9,0,3,0,0,0,0,0,0,1,1,2,2,55,8,1497,1,10,-1,1,-1
2015320112350,4,9,0,3,0,0,0,0,0,0,1,1,2,2,25,5,1299,1,12,-1,3,-1
2015320112366,1,20,0,18,0,0,5,10,0,11,4,1,6,2,42,7,-1,-1,-1,-1,3,-1
2015320112414,1,9,0,18,0,0,5,0,1,1,1,1,6,1,19,4,973,1,15,-1,3,-1
2015320112503,1,9,0,18,0,1,0,10,0,1,1,1,6,2,20,4,1229,1,4,-1,3,-1
2015320112686,1,9,0,18,0,1,0,0,0,0,1,1,6,1,20,4,1995,2,9,-1,1,-1
2015320112686,2,19,0,18,0,8,0,0,7,0,4,1,1,1,61,9,2464,2,8,-1,-1,-1
2015320112756,1,19,0,18,0,8,0,0,0,0,1,1,6,1,23,5,-1,-1,-1,-1,-1,-1
2015320112756,2,9,0,18,0,8,0,0,0,0,3,1,6,2,40,7,1600,1,4,-1,2,-1
2015320112757,1,1,0,9,0,8,0,4,0,0,1,1,6,1,18,4,-1,-1,-1,-1,-1,-1
2015320112757,2,9,0,3,0,8,0,0,0,0,1,1,6,2,61,9,1686,2,1,-1,2,-1
2015320112787,1,9,0,18,0,1,0,0,0,0,1,1,3,1,31,6,1598,2,-1,-1,3,-1
2015320112787,2,9,0,10,0,1,0,0,7,10,1,1,6,2,72,10,3311,8,9,-1,2,-1
2015320112819,1,9,0,5,0,1,0,0,0,0,0,1,2,2,40,7,1595,1,11,-1,1,-1
2015320112819,2,9,0,4,0,1,0,0,0,0,0,1,2,2,40,7,1894,1,14,-1,3,-1
2015320112831,1,98,1,18,0,0,0,0,0,0,3,1,6,2,35,6,11705,2,6,-1,-1,-1
2015320112831,2,98,1,18,0,0,0,0,0,0,3,-1,6,3,-1,-1,-1,-1,-1,-1,-1,-1
2015320112871,1,9,0,16,0,1,0,0,7,0,3,1,6,1,76,11,1390,1,10,-1,1,-1
2015320112871,2,9,0,17,0,1,0,0,1,0,3,1,6,2,29,6,1591,1,-1,-1,3,-1
2015320112876,1,9,0,18,0,0,0,0,0,0,1,1,6,1,76,11,1596,1,15,-1,1,-1
2015320112895,1,4,0,9,0,2,1,0,0,0,0,1,6,1,25,5,124,1,22,-1,3,-1
2015320112897,1,9,0,18,0,0,1,0,7,9,1,1,6,2,38,7,1560,2,8,-1,2,-1
2015320113067,1,9,0,18,0,1,0,0,0,0,1,1,1,2,43,7,1598,2,2,-1,2,-1
2015320113067,2,9,0,18,0,1,0,0,0,0,3,1,6,1,28,6,1364,1,9,-1,1,-1
2015320113067,3,9,0,18,0,1,0,0,0,0,3,1,1,1,35,6,-1,-1,-1,-1,2,-1
2015320113101,1,9,0,9,0,5,0,0,0,0,0,1,6,1,27,6,1910,2,10,-1,1,-1
2015320113101,2,9,0,18,0,8,5,0,1,9,1,1,6,1,42,7,2993,2,5,-1,3,-1
2015320113241,1,9,0,17,0,0,1,0,0,0,3,1,6,1,34,6,1781,1,15,-1,3,-1
2015320113241,2,9,0,16,0,0,0,0,7,0,3,1,6,1,46,8,1399,2,3,-1,1,-1
2015320113285,1,9,0,9,0,1,0,0,0,0,2,1,1,1,29,6,-1,-1,-1,-1,3,-1
2015320113285,2,19,0,18,0,1,1,0,0,0,1,1,1,1,22,5,1753,2,12,-1,1,-1
2015320113439,1,9,0,17,0,0,5,0,1,4,1,1,1,1,61,9,998,1,2,-1,1,-1
2015320113439,2,9,0,16,0,0,1,0,0,0,3,1,1,1,57,9,1994,1,12,-1,1,-1
2015320113442,1,9,0,18,0,8,0,0,1,0,3,1,6,1,19,4,1124,1,12,-1,3,-1
2015320113442,2,9,0,18,0,8,0,0,1,0,1,1,6,1,70,10,1896,2,17,-1,-1,-1
2015320113707,1,21,1,18,0,8,0,0,0,0,1,1,1,1,30,6,-1,-1,-1,-1,3,-1
2015320113707,2,9,0,10,0,8,0,0,0,0,2,1,6,2,22,5,1686,2,13,-1,1,-1
2015320113707,3,9,0,18,0,8,0,0,0,0,3,1,6,1,35,6,1896,2,13,-1,1,-1
2015320113795,1,9,0,5,0,8,5,0,0,0,4,1,2,1,66,10,1997,2,6,-1,1,-1
2015320113795,2,9,0,18,0,1,0,0,0,0,1,1,2,1,45,7,1968,2,3,-1,2,-1