Accident_Index,Vehicle_Reference,Vehicle_Type,Towing_and_Articulation,Vehicle_Manoeuvre,Vehicle_Location-Restricted_Lane,Junction_Location,Skidding_and_Overturning,Hit_Object_in_Carriageway,Vehicle_Leaving_Carriageway,Hit_Object_off_Carriageway,1st_Point_of_Impact,Was_Vehicle_Left_Hand_Drive?,Journey_Purpose_of_Driver,Sex_of_Driver,Age_of_Driver,Age_Band_of_Driver,Engine_Capacity_(CC),Propulsion_Code,Age_of_Vehicle,Driver_IMD_Decile,Driver_Home_Area_Type,Vehicle_IMD_Decile
2015320140797,1,9,0,3,0,1,1,0,0,0,1,1,6,1,29,6,1896,2,12,-1,1,-1
2015320140797,2,9,0,18,0,1,0,0,0,0,2,1,6,1,70,10,1598,1,7,-1,1,-1
2015320140808,1,9,0,3,0,1,0,0,0,0,2,1,6,2,41,7,998,1,2,-1,3,-1
2015320140808,2,20,0,18,0,1,1,0,0,0,1,-1,1,1,26,6,2488,2,-1,-1,-1,-1
2015320140828,1,22,0,5,0,0,0,0,0,0,2,1,6,2,66,10,-1,-1,-1,-1,2,-1
2015320140828,2,19,0,18,0,0,0,0,0,0,1,1,6,3,-1,-1,-1,-1,-1,-1,-1,-1
2015320140849,1,9,0,18,0,4,0,0,0,0,3,1,6,2,44,7,1587,1,14,-1,1,-1
2015320140849,2,9,0,9,0,3,0,0,0,0,1,1,6,1,53,8,1997,2,11,-1,1,-1
2015320140930,1,9,0,18,0,0,0,0,0,0,1,1,6,1,36,7,-1,-1,-1,-1,1,-1
2015320140930,2,9,0,1,0,0,0,0,0,0,0,1,2,2,30,6,1242,1,4,-1,1,-1
2015320141056,1,9,0,16,0,0,0,0,0,0,1,1,1,2,48,8,-1,-1,-1,-1,-1,-1
2015320141056,2,19,0,17,0,0,0,0,1,0,1,1,1,1,55,8,-1,-1,-1,-1,-1,-1
2015320141084,1,9,0,18,0,1,0,0,0,0,1,1,1,1,29,6,-1,-1,-1,-1,1,-1
2015320141084,2,9,0,10,0,1,0,0,7,1,2,1,6,1,51,8,2497,2,8,-1,2,-1
2015320141120,1,9,0,4,0,0,0,0,0,0,2,1,2,1,77,11,1969,2,-1,-1,1,-1
2015320141120,2,9,0,4,0,0,0,0,0,0,2,1,2,2,43,7,-1,-1,-1,-1,1,-1
2015320141120,3,9,0,4,0,0,0,0,0,0,1,1,2,1,49,8,1686,2,2,-1,2,-1
2015320141137,1,1,4,18,5,1,0,0,0,0,1,1,6,1,74,10,-1,-1,-1,-1,1,-1
2015320141198,1,9,0,4,0,0,0,0,0,0,0,1,6,3,-1,-1,-1,-1,-1,-1,-1,-1
2015320141198,2,9,0,18,0,0,0,0,0,0,2,1,6,2,36,7,-1,-1,-1,-1,3,-1
2015320141198,3,9,0,18,0,0,0,0,0,0,1,1,2,2,30,6,1582,2,4,-1,2,-1
2015320141340,1,9,0,9,0,6,0,0,0,0,1,1,6,1,40,7,-1,-1,-1,-1,1,-1
2015320141340,2,9,0,18,0,8,0,0,0,0,1,1,6,1,21,5,1968,2,-1,-1,3,-1
2015320141347,1,3,0,18,0,1,1,0,0,0,3,1,6,1,20,4,124,1,-1,-1,2,-1
2015320141364,1,9,0,1,0,6,0,0,0,0,2,1,6,1,42,7,1796,2,2,-1,3,-1
2015320141405,1,9,0,4,0,0,1,0,0,0,1,1,6,1,23,5,1595,1,23,-1,-1,-1
2015320141405,2,9,0,4,0,0,0,0,0,0,2,1,6,1,21,5,2993,2,9,-1,-1,-1
2015320141405,3,9,0,10,0,0,0,0,0,0,2,1,6,2,62,9,1796,2,2,-1,-1,-1
2015320141496,1,9,0,18,0,0,2,4,7,11,1,1,6,1,32,6,1798,1,13,-1,1,-1
2015320141496,2,9,0,3,9,0,0,0,0,0,0,1,6,1,67,10,1686,2,2,-1,3,-1
2015320141533,1,19,0,5,0,2,0,0,0,0,1,1,1,1,27,6,1560,2,2,-1,3,-1
2015320141533,2,9,0,18,0,2,0,0,0,0,4,1,2,2,40,7,1796,1,15,-1,1,-1
2015320141640,1,1,0,18,0,0,5,12,0,0,1,1,6,1,47,8,-1,-1,-1,-1,1,-1
2015320141701,1,9,0,15,0,2,0,0,0,0,1,1,6,1,28,6,1388,1,9,-1,1,-1
2015320141701,2,9,0,15,0,2,0,0,0,0,4,1,6,1,27,6,1398,1,-1,-1,1,-1
2015320141701,3,98,1,12,0,2,0,0,0,0,3,1,1,3,-1,-1,-1,-1,-1,-1,1,-1
2015320141702,1,9,0,2,0,1,0,0,0,0,2,1,6,2,49,8,3189,1,11,-1,1,-1
2015320141702,2,9,0,1,0,1,0,0,0,0,1,1,6,2,18,4,998,1,-1,-1,-1,-1
2015320141729,1,9,0,18,0,0,0,0,1,4,1,1,6,1,50,8,-1,-1,-1,-1,3,-1
2015320142240,1,9,0,18,0,0,1,0,0,0,1,1,6,1,29,6,2457,1,8,-1,3,-1
2015320142240,2,9,0,18,0,0,5,0,1,11,1,1,6,1,41,7,1796,1,11,-1,2,-1
2015320142314,1,8,0,18,0,0,0,0,0,0,3,1,1,1,34,6,1997,2,6,-1,1,-1
2015320142314,2,9,0,15,0,0,0,0,0,0,3,1,6,3,-1,-1,-1,-1,-1,-1,-1,-1
2015320142786,1,9,0,18,0,0,2,0,1,9,1,1,6,2,19,4,1242,1,1,-1,1,-1
2015320142799,1,9,0,18,0,0,0,7,0,1,1,1,6,1,54,8,-1,-1,-1,-1,1,-1
2015320142831,1,9,0,18,0,0,0,7,7,0,4,1,6,2,52,8,1299,1,7,-1,1,-1
2015320142936,1,9,0,7,0,8,1,7,1,1,1,1,6,1,50,8,1598,1,13,-1,1,-1
2015320143012,1,9,0,18,0,1,1,0,1,3,1,1,1,2,19,4,1242,1,9,-1,3,-1
2015320143063,1,9,0,18,0,0,2,0,7,11,1,1,6,2,22,5,-1,-1,-1,-1,1,-1
2015320143078,1,9,0,5,0,1,0,0,0,0,1,1,6,1,51,8,-1,-1,-1,-1,2,-1
2015320143078,2,9,0,9,0,1,0,0,0,0,3,1,6,1,52,8,1364,2,8,-1,-1,-1
2015320143277,1,9,0,9,0,8,0,0,0,0,1,1,6,2,31,6,1360,1,16,-1,1,-1
2015320143317,1,9,0,5,0,1,0,0,1,0,1,1,6,1,29,6,1560,2,3,-1,1,-1
2015320143317,2,9,0,3,0,1,0,0,0,0,2,1,6,1,27,6,1598,1,3,-1,1,-1
2015320143317,3,9,0,3,0,1,0,0,0,0,2,1,6,2,48,8,1749,1,15,-1,1,-1
2015320143448,1,3,0,15,0,0,1,4,0,0,1,1,6,1,50,8,125,1,-1,-1,3,-1
2015320143448,2,9,0,2,0,0,0,0,0,0,0,1,6,1,57,9,2720,2,12,-1,3,-1
2015320143463,1,1,0,9,0,8,2,0,0,0,0,1,6,1,20,4,-1,-1,-1,-1,-1,-1
2015320143538,1,4,0,17,0,0,1,0,1,1,4,1,6,1,21,5,599,1,22,-1,3,-1
2015320143633,1,9,0,7,0,6,0,0,0,0,1,1,6,2,25,5,1242,1,4,-1,-1,-1
2015320143633,2,9,0,4,0,1,0,0,0,0,4,1,6,2,48,8,1986,2,8,-1,1,-1
2015320143679,1,9,0,18,7,0,0,4,1,10,1,1,6,1,84,11,1124,1,12,-1,2,-1
2015320143679,2,21,1,2,6,0,0,0,1,0,2,2,1,1,57,9,-1,-1,-1,-1,-1,-1
2015320143785,1,9,0,17,0,0,5,0,1,9,1,1,6,2,21,5,1149,1,14,-1,-1,-1
2015320143791,1,9,0,18,0,0,0,11,0,0,1,1,6,2,29,6,1149,1,6,-1,3,-1
2015320143881,1,9,0,18,0,0,0,0,0,0,1,1,6,2,29,6,1388,1,3,-1,1,-1
2015320143881,2,9,0,18,0,0,0,0,0,0,2,1,6,1,52,8,-1,-1,-1,-1,3,-1
2015320143888,1,20,0,18,0,0,0,0,0,0,4,1,6,1,56,9,2530,2,25,-1,3,-1
2015320143888,2,1,0,18,0,0,0,0,0,0,3,1,6,1,47,8,-1,-1,-1,-1,3,-1
2015320143945,1,9,-1,18,-1,0,0,0,0,0,0,1,6,1,-1,-1,-1,-1,-1,-1,-1,-1
2015320144069,1,9,0,18,0,0,0,0,0,0,1,1,6,1,59,9,-1,-1,-1,-1,1,-1
2015320144069,2,19,0,18,0,0,0,0,0,0,1,1,6,1,34,6,2148,2,9,-1,1,-1
2015320144247,1,9,0,18,9,0,0,0,0,0,4,1,1,2,47,8,999,1,-1,-1,-1,-1
2015320144247,2,1,0,18,9,0,0,0,0,0,1,1,6,1,28,6,-1,-1,-1,-1,-1,-1
2015320144286,1,9,0,9,0,1,0,0,0,0,1,1,6,1,-1,-1,-1,-1,-1,-1,-1,-1
2015320144301,1,9,0,12,0,0,2,0,1,9,1,1,6,2,18,4,1198,1,11,-1,1,-1
201532E075514,1,90,0,18,0,0,0,0,0,0,0,1,1,1,37,7,-1,-1,-1,-1,1,-1
2015331500001,1,9,0,4,0,0,0,0,0,0,1,1,6,1,45,7,1968,2,2,-1,1,-1
2015331500001,2,9,0,3,0,0,0,0,0,0,2,1,6,1,40,7,-1,-1,-1,-1,1,-1
2015331500001,3,9,0,3,0,0,0,0,0,0,2,1,6,1,22,5,-1,-1,-1,-1,-1,-1
2015331500001,4,90,0,2,0,0,0,0,0,0,0,1,1,3,-1,-1,-1,-1,-1,-1,-1,-1
2015331500002,1,1,0,4,0,8,0,0,0,0,1,1,1,2,40,7,-1,-1,-1,-1,1,-1
2015331500002,2,9,0,9,0,6,0,0,0,0,3,1,6,2,-1,-1,2497,1,11,-1,-1,-1
2015331500003,1,9,0,7,0,5,0,0,0,0,1,1,6,2,45,7,1364,1,10,-1,-1,-1
2015331500003,2,9,0,18,0,1,0,0,0,0,3,1,6,1,18,4,1686,2,12,-1,-1,-1
2015331500004,1,9,0,9,0,5,0,0,0,0,1,1,6,1,46,8,1390,1,15,-1,1,-1
2015331500005,1,9,0,18,0,6,0,0,0,0,1,1,6,2,-1,-1,-1,-1,-1,-1,-1,-1
2015331500005,2,1,0,18,0,8,0,0,0,0,4,1,6,1,23,5,-1,-1,-1,-1,1,-1
2015331500006,1,1,0,5,0,6,0,0,0,0,2,1,4,1,12,3,-1,-1,-1,-1,-1,-1
2015331500006,2,9,0,5,0,6,0,0,0,0,1,1,1,2,48,8,1995,2,10,-1,-1,-1
2015331500008,1,9,0,5,0,8,0,0,0,0,3,1,6,1,59,9,1364,1,10,-1,-1,-1
2015331500008,2,3,0,13,0,8,0,0,0,0,1,1,6,1,34,6,-1,-1,-1,-1,-1,-1
2015331500008,3,9,0,7,0,5,0,0,0,0,0,1,6,3,-1,-1,-1,-1,-1,-1,-1,-1
2015331500009,1,9,0,18,9,6,0,0,0,0,1,1,6,3,30,6,-1,-1,-1,-1,-1,-1
2015331500009,2,1,0,18,9,8,0,0,0,0,2,1,6,1,22,5,-1,-1,-1,-1,1,-1
2015331500011,1,9,0,13,0,0,0,0,0,0,1,1,2,1,46,8,-1,-1,-1,-1,1,-1
2015331500011,2,19,0,6,0,0,0,0,0,0,4,1,1,1,50,8,-1,-1,-1,-1,-1,-1
2015331500012,1,9,0,14,0,1,0,0,0,0,4,1,6,3,-1,-1,-1,-1,-1,-1,-1,-1
2015331500013,1,9,0,5,0,2,0,0,0,0,1,1,6,2,56,9,1998,1,20,-1,2,-1
2015331500014,1,9,0,18,0,0,0,0,0,0,1,1,6,1,58,9,1753,2,7,-1,1,-1
2015331500015,1,3,0,17,0,0,0,0,0,0,1,1,1,1,17,4,124,1,7,-1,3,-1
2015331500016,1,9,0,18,0,0,0,0,1,9,1,1,6,1,90,11,1248,1,4,-1,2,-1
2015331500018,1,9,0,18,0,0,0,0,0,0,3,1,6,2,57,9,1560,2,1,-1,-1,-1
2015331500018,2,9,0,18,0,0,0,0,1,0,3,1,6,2,67,10,999,1,1,-1,1,-1
2015331500019,1,9,0,10,0,1,0,0,0,0,2,1,1,2,54,8,1398,2,7,-1,2,-1
2015331500019,2,8,4,18,0,1,0,0,0,0,1,1,2,1,42,7,-1,-1,-1,-1,3,-1
2015331500019,3,21,1,18,0,1,0,0,0,0,1,1,1,1,35,6,-1,-1,-1,-1,-1,-1
2015331500020,1,9,0,5,0,0,0,0,0,0,3,1,6,2,48,8,2495,2,19,-1,3,-1
2015331500021,1,9,0,18,0,1,0,0,0,0,1,1,2,1,39,7,1896,2,11,-1,1,-1
2015331500022,1,9,0,9,0,6,0,0,0,0,1,1,6,1,25,5,1910,2,13,-1,1,-1
2015331500022,2,9,0,18,0,8,0,0,0,0,4,1,6,2,51,8,1997,2,5,-1,3,-1
2015331500023,1,19,0,18,0,8,0,0,0,0,1,1,6,3,-1,-1,-1,-1,-1,-1,-1,-1
2015331500023,2,9,0,18,0,8,0,0,7,6,2,1,6,2,44,7,1968,2,4,-1,1,-1
2015331500023,3,9,0,4,0,8,0,0,0,0,3,1,6,1,27,6,1596,1,13,-1,3,-1
2015331500023,4,9,0,11,0,8,0,0,0,0,4,1,6,1,34,6,1349,1,10,-1,1,-1
2015331500024,1,9,0,18,0,0,0,0,0,0,1,1,2,2,31,6,1229,1,7,-1,1,-1
2015331500025,1,9,0,9,0,6,0,0,0,0,4,1,6,2,79,11,1390,1,3,-1,2,-1
2015331500025,2,1,0,18,0,8,0,0,0,0,1,1,6,1,55,8,-1,-1,-1,-1,1,-1
2015331500026,1,9,0,18,0,8,0,0,0,0,1,1,1,1,19,4,-1,-1,-1,-1,1,-1
2015331500026,2,9,0,9,0,6,0,0,0,0,2,1,6,1,74,10,1388,1,6,-1,2,-1
2015331500027,1,9,0,4,0,0,0,0,0,0,2,1,6,1,37,7,1198,1,8,-1,1,-1
2015331500027,2,9,0,11,0,0,0,0,0,0,0,1,6,1,65,9,1598,1,11,-1,-1,-1
2015331500027,3,9,0,18,0,0,0,0,0,0,1,1,6,2,30,6,1896,2,8,-1,-1,-1
2015331500028,1,9,0,18,0,1,0,0,0,0,1,1,6,1,21,5,1797,1,16,-1,-1,-1
2015331500028,2,9,0,18,0,2,0,0,0,0,1,1,6,1,57,9,4394,1,9,-1,1,-1
2015331500029,1,9,0,3,0,1,0,0,0,0,2,1,6,1,-1,-1,-1,-1,-1,-1,-1,-1
2015331500029,2,9,0,3,0,1,0,0,0,0,1,1,6,1,37,7,1998,1,13,-1,1,-1
2015331500030,1,1,0,7,0,6,0,0,0,0,1,1,1,1,42,7,-1,-1,-1,-1,-1,-1
2015331500030,2,9,0,7,0,6,0,0,0,0,1,1,1,1,-1,-1,-1,-1,-1,-1,-1,-1
2015331500031,1,9,0,18,0,3,0,0,0,0,4,1,6,1,47,8,-1,-1,-1,-1,1,-1
2015331500031,2,9,0,18,0,4,0,0,0,0,1,1,6,3,-1,-1,-1,-1,-1,-1,-1,-1
2015331500032,1,9,0,18,0,1,0,0,0,0,1,1,6,1,45,7,2143,2,2,-1,1,-1
2015331500032,2,9,0,3,0,1,0,0,0,0,2,1,6,2,50,8,1968,2,7,-1,3,-1
2015331500035,1,9,0,17,0,0,0,0,1,9,1,1,1,2,47,8,1242,1,7,-1,1,-1
2015331500036,1,21,1,4,0,0,1,0,0,0,1,1,1,1,51,8,-1,-1,-1,-1,-1,-1
2015331500036,2,5,0,17,0,0,0,0,0,0,1,1,2,1,50,8,599,1,7,-1,2,-1
2015331500037,1,9,0,4,0,1,0,0,0,0,1,1,6,1,20,4,993,1,24,-1,1,-1
2015331500038,1,9,0,16,0,0,1,0,1,4,3,1,1,2,56,9,1149,1,13,-1,1,-1
2015331500039,1,9,0,18,0,8,0,0,0,0,1,1,6,2,18,4,-1,-1,-1,-1,3,-1
2015331500039,2,9,0,5,0,8,0,0,7,1,4,1,6,2,37,7,1598,2,3,-1,1,-1
2015331500040,1,9,0,4,0,1,0,0,0,0,2,1,6,2,54,8,-1,-1,-1,-1,2,-1
2015331500040,2,21,0,18,0,1,0,0,0,0,1,1,1,1,67,10,3920,2,9,-1,1,-1
2015331500040,3,9,0,9,0,5,0,0,0,0,0,1,6,3,-1,-1,-1,-1,-1,-1,-1,-1
2015331500041,1,9,0,4,0,1,0,0,0,0,1,1,6,1,-1,-1,-1,-1,-1,-1,-1,-1
2015331500042,1,2,0,18,0,0,0,0,0,0,1,1,6,1,20,4,-1,-1,-1,-1,-1,-1
2015331500042,2,9,0,2,0,0,0,0,0,0,0,1,1,3,-1,-1,-1,-1,-1,-1,-1,-1
2015331500043,1,9,0,1,0,6,0,0,0,0,2,1,6,1,56,9,1598,2,2,-1,1,-1
2015331500044,1,3,0,18,0,8,1,0,0,0,1,1,6,1,20,4,124,1,20,-1,1,-1
2015331500044,2,9,0,9,0,6,0,0,0,0,1,1,6,1,67,10,2696,2,4,-1,3,-1
2015331500045,1,9,0,3,0,1,0,0,0,0,2,1,6,1,44,7,2179,2,14,-1,1,-1
2015331500045,2,9,0,5,0,1,0,0,0,0,1,1,6,1,20,4,1149,1,9,-1,1,-1
2015331500046,1,9,0,14,0,3,0,0,0,0,3,1,2,1,52,8,1998,2,10,-1,1,-1
2015331500046,2,9,0,3,0,8,0,0,0,0,0,1,6,3,-1,-1,-1,-1,-1,-1,-1,-1
2015331500047,1,9,0,7,0,3,0,0,0,0,3,1,1,1,40,7,1398,1,7,-1,1,-1
2015331500047,2,20,0,7,0,3,0,0,7,1,4,2,1,1,61,9,-1,-1,-1,-1,-1,-1
2015331500048,1,9,0,18,0,8,0,0,0,0,1,1,2,2,48,8,-1,-1,-1,-1,1,-1
2015331500048,2,9,0,18,0,6,0,0,0,0,1,1,6,1,-1,-1,-1,-1,-1,-1,-1,-1
2015331500049,1,9,0,9,0,5,0,0,0,0,1,1,6,2,47,8,2231,2,10,-1,1,-1
2015331500050,1,9,0,18,0,1,0,0,0,0,1,1,6,2,37,7,1598,1,8,-1,1,-1
2015331500051,1,9,0,18,0,2,0,0,0,0,1,1,6,1,63,9,-1,-1,-1,-1,1,-1
2015331500052,1,9,0,4,0,0,0,0,0,0,2,1,6,2,34,6,1299,1,14,-1,3,-1
2015331500052,2,9,0,4,0,0,0,0,0,0,2,1,2,1,24,5,1600,1,11,-1,1,-1
2015331500052,3,9,0,4,0,0,0,0,0,0,1,1,1,1,49,8,-1,-1,-1,-1,2,-1
2015331500053,1,9,0,5,0,4,0,0,0,0,3,1,2,1,60,9,1985,1,16,-1,1,-1
2015331500053,2,1,0,9,0,8,0,0,0,0,1,1,2,1,45,7,-1,-1,-1,-1,1,-1
2015331500054,1,3,0,18,0,0,0,0,0,0,2,1,2,1,45,7,125,1,1,-1,3,-1
2015331500054,2,9,0,18,0,0,0,0,0,0,1,1,2,1,22,5,1997,2,10,-1,2,-1
2015331500055,1,9,0,18,0,1,0,0,0,0,3,1,2,1,42,7,1587,1,13,-1,1,-1
2015331500055,2,4,0,18,0,1,1,0,0,0,4,1,1,1,54,8,499,1,1,-1,1,-1
2015331500056,1,9,0,18,0,0,0,0,7,4,4,1,2,2,28,6,1781,1,15,-1,1,-1
2015331500057,1,19,0,18,0,0,0,0,1,0,1,1,1,1,24,5,2143,2,-1,-1,1,-1
2015331500057,2,21,1,16,0,0,0,0,7,0,1,2,1,1,32,6,-1,-1,-1,-1,-1,-1
2015331500057,3,9,0,4,0,0,0,0,0,0,0,1,6,3,-1,-1,-1,-1,-1,-1,-1,-1
2015331500058,1,8,0,18,0,0,0,0,0,0,4,1,6,3,-1,-1,-1,-1,-1,-1,-1,-1
2015331500058,2,9,0,2,0,0,0,0,0,0,0,1,6,3,-1,-1,-1,-1,-1,-1,-1,-1
2015331500059,1,9,0,4,0,1,0,4,0,0,1,1,2,2,50,8,1598,2,4,-1,3,-1
2015331500059,2,98,1,2,0,1,0,0,0,0,2,1,1,1,44,7,-1,-1,-1,-1,-1,-1
2015331500060,1,9,0,7,0,6,0,0,0,0,1,1,2,2,48,8,1364,1,10,-1,2,-1
2015331500061,1,3,0,18,0,8,0,0,0,0,4,1,6,1,25,5,124,1,5,-1,1,-1
2015331500061,2,9,0,5,0,6,0,0,0,0,1,1,6,1,28,6,1149,1,14,-1,1,-1
2015331500063,1,9,0,6,0,0,1,0,4,0,1,1,1,1,57,9,2143,2,1,-1,1,-1
2015331500063,2,19,0,14,0,0,1,0,4,0,1,1,1,1,44,7,1968,2,4,-1,1,-1
2015331500064,1,19,0,18,0,1,1,0,1,0,2,1,1,1,60,9,1560,2,7,-1,2,-1
2015331500064,2,9,0,18,0,1,1,0,1,1,1,1,1,2,50,8,-1,-1,-1,-1,1,-1
2015331500064,3,19,0,4,0,1,5,0,0,0,2,1,1,1,31,6,2402,2,5,-1,1,-1
2015331500064,4,9,0,4,0,1,0,0,0,0,0,1,6,3,-1,-1,-1,-1,-1,-1,-1,-1
2015331500065,1,9,0,9,0,6,0,0,0,0,3,1,6,2,78,11,1390,1,7,-1,2,-1
2015331500065,2,9,0,18,0,8,0,0,0,0,1,1,6,1,31,6,-1,-1,-1,-1,1,-1
2015331500066,1,9,0,9,0,6,0,0,0,0,3,1,1,1,30,6,1686,2,1,-1,-1,-1
2015331500066,2,9,0,18,0,8,0,0,0,0,1,1,1,2,46,8,998,1,12,-1,1,-1
2015331500068,1,9,0,7,0,5,0,0,0,0,1,1,6,1,34,6,1781,1,12,-1,1,-1
2015331500069,1,9,0,18,0,2,1,10,6,0,1,1,6,1,24,5,1998,1,10,-1,1,-1
2015331500069,2,9,0,18,0,1,0,0,0,0,3,1,6,1,74,10,-1,-1,-1,-1,1,-1
2015331500069,3,9,0,18,0,1,0,0,0,0,2,1,6,1,59,9,-1,-1,-1,-1,1,-1
2015331500070,1,9,0,18,0,8,1,0,0,0,1,1,6,2,19,4,1149,1,12,-1,1,-1
2015331500070,2,9,0,9,0,6,0,0,0,0,1,1,6,1,60,9,1398,1,3,-1,1,-1
2015331500071,1,9,0,16,0,0,1,4,0,0,1,1,6,2,29,6,1390,1,4,-1,-1,-1
2015331500071,2,9,0,2,0,0,0,0,0,0,1,1,6,3,-1,-1,-1,-1,-1,-1,-1,-1
2015331500072,1,9,0,4,0,2,0,0,0,0,1,1,6,2,-1,-1,1596,1,10,-1,2,-1
2015331500073,1,9,0,4,0,1,0,0,0,0,2,1,6,2,48,8,1984,1,10,-1,1,-1
2015331500073,2,3,0,4,0,1,0,0,0,0,1,1,6,2,28,6,-1,-1,-1,-1,1,-1
2015331500074,1,9,0,17,0,0,0,0,1,4,1,1,6,1,19,4,-1,-1,-1,-1,3,-1
2015331500075,1,9,0,18,0,0,0,0,1,0,1,1,6,1,50,8,2993,2,4,-1,3,-1
2015331500075,2,9,0,16,0,0,0,10,0,0,1,1,6,1,29,6,1968,2,4,-1,1,-1
2015331500077,1,9,0,7,0,5,0,0,0,0,4,1,6,1,28,6,1493,1,17,-1,1,-1
2015331500077,2,1,0,18,0,8,0,0,0,0,3,1,6,1,28,6,-1,-1,-1,-1,1,-1
2015331500078,1,9,0,9,0,5,0,0,0,0,3,1,6,1,21,5,1388,1,13,-1,1,-1
2015331500078,2,1,0,18,0,8,0,0,0,0,1,1,6,2,20,4,-1,-1,-1,-1,1,-1
2015331500079,1,9,0,4,0,0,0,0,0,0,1,1,6,1,-1,-1,-1,-1,-1,-1,-1,-1
2015331500079,2,9,0,3,0,0,0,0,0,0,2,1,2,1,23,5,1199,2,4,-1,1,-1
2015331500080,1,9,0,7,0,5,0,0,1,0,2,1,6,1,54,8,2179,2,3,-1,3,-1
2015331500080,2,9,0,18,0,1,0,0,0,0,1,1,6,1,34,6,2179,2,11,-1,3,-1
2015331500081,1,9,0,18,0,0,0,0,0,0,1,1,1,2,28,6,999,1,1,-1,1,-1
2015331500082,1,9,0,18,0,6,0,0,0,0,1,1,6,1,27,6,2993,2,10,-1,1,-1
2015331500082,2,9,0,9,0,8,0,0,0,0,2,1,6,1,32,6,1396,1,15,-1,1,-1
2015331500083,1,9,0,9,0,6,0,0,0,0,4,1,6,1,55,8,-1,-1,-1,-1,1,-1
2015331500083,2,9,0,18,0,6,0,0,0,0,1,1,6,2,65,9,1598,1,6,-1,1,-1
2015331500084,1,9,0,16,0,0,2,0,7,10,4,1,6,2,22,5,-1,-1,-1,-1,3,-1
2015331500085,1,9,0,14,0,8,0,0,0,0,1,1,6,2,25,5,1242,1,2,-1,1,-1
2015331500086,1,9,0,9,0,5,0,0,0,0,3,1,6,1,29,6,-1,-1,-1,-1,1,-1
2015331500086,2,9,0,18,0,8,0,0,0,0,3,1,6,1,23,5,1364,1,6,-1,1,-1
2015331500088,1,9,0,18,0,1,0,0,1,2,1,1,6,1,50,8,-1,-1,-1,-1,1,-1
2015331500088,2,9,0,2,0,2,0,0,0,0,1,1,6,3,-1,-1,1956,2,1,-1,-1,-1
2015331500089,1,9,0,1,0,0,0,0,0,0,2,1,6,1,62,9,-1,-1,-1,-1,1,-1
2015331500090,1,9,0,18,0,8,0,0,0,0,4,1,6,2,30,6,-1,-1,-1,-1,-1,-1
2015331500090,2,9,0,1,0,6,0,0,0,0,2,1,6,3,-1,-1,1391,1,18,-1,-1,-1
2015331500091,1,9,0,16,0,1,0,0,0,0,3,1,6,2,-1,-1,-1,-1,-1,-1,-1,-1
2015331500092,1,9,0,2,0,1,0,0,0,0,3,1,6,1,-1,-1,-1,-1,-1,-1,-1,-1
2015331500092,2,1,0,18,0,2,0,8,0,0,1,1,1,2,57,9,-1,-1,-1,-1,2,-1
2015331500093,1,9,0,17,0,0,1,0,1,3,4,1,2,1,19,4,1149,1,13,-1,1,-1
2015331500094,1,3,0,4,0,0,1,0,0,0,1,1,6,1,24,5,124,1,1,-1,3,-1
2015331500094,2,9,0,4,0,0,1,0,0,0,2,1,6,2,20,4,1242,1,1,-1,1,-1
2015331500094,3,9,0,4,0,0,1,0,0,0,0,1,6,3,-1,-1,-1,-1,-1,-1,-1,-1
2015331500096,1,9,0,18,0,0,0,0,0,0,4,1,6,2,25,5,-1,-1,-1,-1,1,-1
2015331500096,2,21,1,12,0,0,0,0,0,0,3,2,1,1,44,7,-1,-1,-1,-1,-1,-1
2015331500096,3,9,0,18,0,0,0,0,0,0,1,1,2,2,39,7,2143,2,3,-1,3,-1
2015331500098,1,3,0,13,0,8,0,0,0,0,1,1,6,1,17,4,124,1,4,-1,2,-1
2015331500098,2,9,0,9,0,5,0,0,0,0,3,1,6,2,35,6,1796,1,14,-1,1,-1
2015331500098,3,9,0,3,0,1,0,0,0,0,0,1,6,3,-1,-1,-1,-1,-1,-1,-1,-1
2015331500098,4,9,0,3,0,1,0,0,0,0,0,1,6,3,-1,-1,-1,-1,-1,-1,-1,-1
2015331500099,1,9,0,18,0,0,0,0,0,0,1,1,6,2,50,8,2495,2,12,-1,-1,-1
2015331500099,2,9,0,18,0,0,0,0,7,6,1,1,1,1,36,7,-1,-1,-1,-1,-1,-1
2015331500099,3,98,1,18,0,0,0,0,0,0,3,1,1,3,-1,-1,-1,-1,-1,-1,-1,-1
2015331500099,4,9,0,18,0,0,0,0,0,0,0,1,6,3,-1,-1,-1,-1,-1,-1,-1,-1
2015331500100,1,9,0,3,0,0,0,0,0,0,1,1,6,1,49,8,1149,1,10,-1,1,-1
2015331500100,2,9,0,1,0,0,0,0,0,0,2,1,6,1,52,8,1995,2,2,-1,1,-1
2015331500101,1,9,0,18,0,0,0,0,0,0,1,1,6,1,85,11,-1,-1,-1,-1,1,-1
2015331500101,2,9,0,3,0,0,0,0,0,0,2,1,6,1,37,7,-1,-1,-1,-1,1,-1
2015331500101,3,9,0,3,0,0,0,0,0,0,2,1,6,2,27,6,1596,1,8,-1,1,-1
2015331500101,4,9,0,3,0,0,0,0,0,0,2,1,6,2,39,7,1398,1,8,-1,1,-1
2015331500102,1,3,0,18,0,8,0,0,0,0,1,1,2,1,17,4,125,1,11,-1,1,-1
2015331500102,2,9,0,9,0,4,0,0,0,0,1,1,2,2,25,5,998,1,11,-1,1,-1