Accident_Index,Vehicle_Reference,Vehicle_Type,Towing_and_Articulation,Vehicle_Manoeuvre,Vehicle_Location-Restricted_Lane,Junction_Location,Skidding_and_Overturning,Hit_Object_in_Carriageway,Vehicle_Leaving_Carriageway,Hit_Object_off_Carriageway,1st_Point_of_Impact,Was_Vehicle_Left_Hand_Drive?,Journey_Purpose_of_Driver,Sex_of_Driver,Age_of_Driver,Age_Band_of_Driver,Engine_Capacity_(CC),Propulsion_Code,Age_of_Vehicle,Driver_IMD_Decile,Driver_Home_Area_Type,Vehicle_IMD_Decile
2015331500103,1,9,0,17,0,0,0,0,0,0,1,1,3,2,28,6,1596,1,9,-1,3,-1
2015331500103,2,8,0,16,0,0,0,0,0,0,1,1,1,1,57,9,1598,2,5,-1,1,-1
2015331500104,1,19,0,4,0,0,1,0,0,0,1,1,1,1,56,9,-1,-1,-1,-1,-1,-1
2015331500104,2,21,1,12,0,0,1,0,0,0,2,1,1,1,54,8,8970,2,11,-1,1,-1
2015331500105,1,9,0,16,0,0,2,0,7,9,1,1,6,2,25,5,-1,-1,-1,-1,-1,-1
2015331500105,2,9,0,17,0,0,0,0,0,0,0,1,6,3,-1,-1,-1,-1,-1,-1,-1,-1
2015331500106,1,8,0,18,0,0,0,0,0,0,1,1,1,1,54,8,1998,2,6,-1,-1,-1
2015331500107,1,9,0,18,0,8,0,0,0,0,4,1,1,1,51,8,1461,2,1,-1,1,-1
2015331500107,2,9,0,2,9,8,0,0,0,0,0,1,6,3,-1,-1,-1,-1,-1,-1,-1,-1
2015331500108,1,9,0,18,0,2,0,8,0,0,4,1,6,1,34,6,1796,1,13,-1,1,-1
2015331500108,2,9,0,2,0,2,0,0,0,0,3,1,6,1,19,4,1199,1,12,-1,1,-1
2015331500109,1,9,0,18,0,1,2,0,1,1,1,1,1,2,39,7,-1,-1,-1,-1,1,-1
2015331500110,1,9,0,4,0,0,0,0,0,0,1,1,1,1,37,7,1997,2,1,-1,1,-1
2015331500110,2,9,0,4,0,0,0,0,0,0,2,1,1,1,39,7,-1,-1,-1,-1,1,-1
2015331500110,3,9,0,4,0,0,0,0,0,0,2,1,1,1,37,7,1956,2,3,-1,2,-1
2015331500111,1,9,0,1,0,0,0,0,0,0,2,1,6,1,31,6,1497,1,11,-1,1,-1
2015331500112,1,19,0,7,0,2,0,0,0,0,1,1,6,1,16,4,2402,2,15,-1,-1,-1
2015331500112,2,9,0,4,0,1,0,0,0,0,1,1,6,1,47,8,1796,1,10,-1,-1,-1
2015331500114,1,9,0,18,0,0,0,4,1,10,1,1,6,1,25,5,1595,1,15,-1,-1,-1
2015331500114,2,9,0,2,0,0,0,0,0,0,4,1,6,3,-1,-1,1242,1,12,-1,-1,-1
2015331500114,3,9,0,2,0,0,0,4,0,0,2,2,6,3,-1,-1,-1,-1,-1,-1,-1,-1
2015331500114,4,19,0,2,0,0,0,0,0,0,2,1,6,3,-1,-1,-1,-1,-1,-1,-1,-1
2015331500116,1,8,0,18,0,0,0,0,0,0,1,1,6,1,41,7,1996,2,5,-1,3,-1
2015331500116,2,9,0,3,0,0,0,0,0,0,2,1,6,1,52,8,1242,1,9,-1,1,-1
2015331500116,3,9,0,3,0,0,0,0,0,0,2,1,2,1,45,7,1998,1,19,-1,2,-1
2015331500116,4,9,0,3,0,0,0,0,0,0,2,1,6,2,50,8,1299,1,12,-1,1,-1
2015331500118,1,9,0,18,0,0,0,4,0,0,1,1,2,2,23,5,1329,1,6,-1,1,-1
2015331500118,2,9,0,2,0,0,0,0,0,0,1,1,6,3,-1,-1,2685,2,13,-1,-1,-1
2015331500119,1,9,0,17,0,2,0,0,0,0,1,1,6,3,30,6,1956,2,1,-1,-1,-1
2015331500120,1,10,0,18,0,8,0,0,0,0,1,1,6,1,37,7,-1,-1,-1,-1,1,-1
2015331500120,2,1,0,12,0,8,0,0,0,0,4,1,6,1,30,6,-1,-1,-1,-1,1,-1
2015331500121,1,9,0,9,0,6,0,0,0,0,3,1,6,1,33,6,2199,2,6,-1,1,-1
2015331500121,2,1,0,18,0,8,0,0,0,0,1,1,6,1,33,6,-1,-1,-1,-1,1,-1
2015331500121,3,9,0,3,0,1,0,0,0,0,0,1,6,3,-1,-1,-1,-1,-1,-1,-1,-1
2015331500122,1,9,0,18,0,0,0,0,0,0,1,1,6,1,-1,-1,1596,1,16,-1,-1,-1
2015331500122,2,9,0,4,0,0,0,0,0,0,2,1,6,2,57,9,1368,1,1,-1,1,-1
2015331500123,1,3,0,17,0,0,0,0,1,4,1,1,6,1,21,5,125,1,10,-1,1,-1
2015331500124,1,21,1,18,0,8,0,0,0,0,1,1,1,1,62,9,11946,2,6,-1,2,-1
2015331500124,2,19,0,9,0,5,0,0,0,0,1,1,1,1,44,7,-1,-1,-1,-1,1,-1
2015331500125,1,9,0,12,0,7,0,0,0,0,1,1,1,1,60,9,1461,2,3,-1,2,-1
2015331500125,2,9,0,12,0,7,0,0,0,0,2,1,1,1,20,4,1560,2,1,-1,2,-1
2015331500125,3,9,0,18,0,7,0,0,0,0,2,1,1,1,40,7,1753,2,13,-1,1,-1
2015331500126,1,9,0,18,0,8,0,0,0,0,4,1,6,2,34,6,1598,1,6,-1,1,-1
2015331500126,2,9,0,5,0,6,0,0,0,0,3,1,6,2,44,7,1339,8,3,-1,1,-1
2015331500127,1,9,0,4,0,1,0,0,0,0,1,1,6,1,22,5,1598,1,9,-1,1,-1
2015331500127,2,9,0,4,0,1,0,0,0,0,2,1,6,1,31,6,1364,1,8,-1,1,-1
2015331500128,1,1,0,18,0,0,0,0,0,0,3,1,6,1,43,7,-1,-1,-1,-1,1,-1
2015331500128,2,19,0,13,0,0,0,0,0,0,4,1,6,3,-1,-1,-1,-1,-1,-1,-1,-1
2015331500129,1,9,0,4,0,1,0,0,0,0,1,1,6,1,22,5,1910,2,8,-1,1,-1
2015331500129,2,9,0,12,0,1,0,0,0,0,2,1,6,1,-1,-1,1598,1,12,-1,-1,-1
2015331500130,1,9,0,9,0,5,0,0,0,0,4,1,1,1,41,7,-1,-1,-1,-1,1,-1
2015331500130,2,1,0,15,0,8,0,0,0,0,1,1,2,1,43,7,-1,-1,-1,-1,1,-1
2015331500130,3,98,0,3,0,1,0,0,0,0,0,1,6,3,-1,-1,-1,-1,-1,-1,-1,-1
2015331500131,1,9,0,18,0,8,0,0,0,0,4,1,6,1,39,7,2171,2,13,-1,1,-1
2015331500131,2,1,0,9,0,6,0,0,0,0,1,1,6,1,15,3,-1,-1,-1,-1,1,-1
2015331500132,1,9,0,18,0,0,0,0,7,6,3,1,6,1,25,5,-1,-1,-1,-1,1,-1
2015331500132,2,19,0,18,0,0,0,1,0,0,1,1,1,1,26,6,2460,2,5,-1,1,-1
2015331500133,1,9,0,16,0,0,0,0,1,9,3,1,6,1,18,4,1596,1,11,-1,3,-1
2015331500134,1,9,0,16,0,8,0,0,7,9,3,1,6,1,26,6,1598,2,3,-1,1,-1
2015331500135,1,9,0,1,0,0,0,0,0,0,1,1,6,1,-1,-1,-1,-1,-1,-1,-1,-1
2015331500135,2,9,0,2,0,0,0,0,0,0,2,1,6,3,-1,-1,2987,2,7,-1,-1,-1
2015331500136,1,9,0,18,0,5,0,0,0,0,2,1,1,2,35,6,1397,1,5,-1,1,-1
2015331500136,2,9,0,18,0,8,0,0,0,0,1,1,6,2,46,8,-1,-1,-1,-1,3,-1
2015331500137,1,9,0,16,0,1,0,0,0,0,4,1,6,1,-1,-1,-1,-1,-1,-1,-1,-1
2015331500138,1,3,0,13,0,8,0,0,0,0,4,1,2,1,20,4,124,1,1,-1,-1,-1
2015331500138,2,9,0,9,0,6,0,0,0,0,1,2,2,2,71,10,-1,-1,-1,-1,2,-1
2015331500138,3,9,0,4,0,1,0,0,0,0,0,1,6,3,-1,-1,-1,-1,-1,-1,-1,-1
2015331500139,1,9,0,9,0,4,0,0,0,0,1,1,1,1,25,5,1997,2,14,-1,-1,-1
2015331500139,2,1,0,9,0,8,0,0,0,0,4,1,6,1,53,8,-1,-1,-1,-1,1,-1
2015331500140,1,9,0,10,0,8,0,0,0,0,0,1,6,1,65,9,-1,-1,-1,-1,2,-1
2015331500140,2,3,0,18,0,8,1,0,1,10,1,1,6,1,20,4,125,1,4,-1,-1,-1
2015331500141,1,9,0,18,0,8,0,0,0,0,1,1,1,1,54,8,1240,1,8,-1,1,-1
2015331500141,2,9,0,3,0,8,0,0,0,0,2,1,1,1,52,8,2497,7,13,-1,1,-1
2015331500141,3,9,0,3,0,8,0,0,0,0,2,1,1,1,45,7,-1,-1,-1,-1,1,-1
2015331500142,1,9,0,9,0,6,0,0,0,0,3,1,6,2,30,6,1461,2,2,-1,1,-1
2015331500142,2,1,0,18,0,8,0,0,0,0,1,1,6,2,25,5,-1,-1,-1,-1,1,-1
2015331500143,1,1,0,9,0,8,0,0,0,0,4,1,6,1,50,8,-1,-1,-1,-1,1,-1
2015331500143,2,9,0,18,0,4,0,0,0,0,1,1,1,2,22,5,1390,1,9,-1,1,-1
2015331500144,1,9,4,18,0,0,0,0,0,0,4,1,6,1,76,11,-1,-1,-1,-1,-1,-1
2015331500145,1,9,0,18,0,1,0,0,0,0,1,1,6,2,-1,-1,1796,1,4,-1,-1,-1
2015331500145,2,9,0,3,0,1,0,0,0,0,2,1,6,2,33,6,1995,2,12,-1,3,-1
2015331500146,1,19,0,18,0,2,0,0,0,0,4,1,1,2,36,7,-1,-1,-1,-1,1,-1
2015331500147,1,9,0,5,9,8,0,0,0,0,4,1,6,1,50,8,1598,1,7,-1,1,-1
2015331500147,2,1,0,18,9,8,0,0,0,0,1,1,6,1,49,8,-1,-1,-1,-1,1,-1
2015331500148,1,9,0,18,0,0,0,0,2,7,4,1,6,2,25,5,1598,1,1,-1,1,-1
2015331500149,1,9,0,4,0,0,0,0,0,0,1,1,1,2,28,6,-1,-1,-1,-1,1,-1
2015331500149,2,9,0,3,0,0,0,0,0,0,2,1,1,2,46,8,2362,1,11,-1,1,-1
2015331500150,1,1,0,9,0,6,0,0,0,0,1,1,1,1,26,6,-1,-1,-1,-1,-1,-1
2015331500150,2,19,0,5,0,8,0,0,0,0,4,1,6,1,-1,-1,1997,2,13,-1,-1,-1
2015331500151,1,1,0,18,0,0,0,0,0,0,3,1,6,1,48,8,-1,-1,-1,-1,1,-1
2015331500151,2,19,0,13,0,0,0,0,0,0,4,1,2,1,60,9,2460,2,10,-1,3,-1
2015331500151,3,9,0,18,0,0,0,0,0,0,1,1,6,2,32,6,1398,1,4,-1,1,-1
2015331500152,1,9,0,18,0,2,0,0,0,0,1,1,2,1,26,6,1910,2,10,-1,1,-1
2015331500153,1,9,0,18,0,8,0,0,0,0,1,1,6,1,35,6,998,1,2,-1,-1,-1
2015331500153,2,9,0,18,0,8,0,0,0,0,1,1,6,1,27,6,1362,1,2,-1,-1,-1
2015331500154,1,9,0,10,0,1,0,0,0,0,2,1,6,1,50,8,1798,1,1,-1,1,-1
2015331500154,2,9,0,18,0,1,0,0,0,0,2,1,6,2,24,5,1995,1,2,-1,-1,-1
2015331500154,3,19,0,18,0,1,0,0,0,0,1,1,6,1,34,6,1248,2,1,-1,1,-1
2015331500155,1,9,0,7,0,4,0,0,0,0,1,1,1,1,73,10,-1,-1,-1,-1,2,-1
2015331500155,2,2,0,18,0,3,0,0,0,0,4,1,2,1,51,8,49,1,26,-1,1,-1
2015331500157,1,9,0,5,0,6,0,0,1,0,1,1,6,1,26,6,1328,1,11,-1,1,-1
2015331500157,2,1,0,18,0,8,0,0,0,0,1,1,1,1,-1,-1,-1,-1,-1,-1,-1,-1
2015331500158,1,9,0,7,0,2,0,0,0,0,1,1,6,1,45,7,1461,2,5,-1,1,-1
2015331500158,2,9,0,18,0,1,0,0,0,0,1,1,1,1,23,5,1149,1,11,-1,1,-1
2015331500159,1,9,0,18,0,0,0,0,0,0,4,1,6,2,50,8,1796,1,11,-1,-1,-1
2015331500160,1,9,0,10,0,1,0,0,0,0,2,1,6,2,47,8,1997,2,5,-1,1,-1
2015331500160,2,19,0,18,0,1,0,0,0,0,1,1,6,1,47,8,2148,2,6,-1,-1,-1
2015331500160,3,9,0,18,0,1,0,0,0,0,0,1,6,3,-1,-1,-1,-1,-1,-1,-1,-1
2015331500161,1,9,0,18,0,8,0,10,0,0,1,1,6,1,56,9,1984,1,10,-1,-1,-1
2015331500161,2,9,0,18,0,8,5,7,0,0,1,1,6,2,24,5,-1,-1,-1,-1,-1,-1
2015331500162,1,9,0,3,0,1,0,0,0,0,2,1,1,1,55,8,-1,-1,-1,-1,2,-1
2015331500162,2,9,0,4,0,1,1,0,0,0,1,1,1,1,30,6,2494,2,5,-1,3,-1
2015331500163,1,9,0,18,0,0,0,0,0,0,3,1,6,1,38,7,1896,2,12,-1,1,-1
2015331500163,2,9,0,18,0,0,0,0,0,0,3,1,6,2,35,6,1910,2,10,-1,2,-1
2015331500164,1,9,0,9,0,5,0,0,0,0,2,1,6,1,44,7,1995,1,11,-1,3,-1
2015331500164,2,9,0,4,0,8,1,0,0,0,1,1,6,2,56,9,1598,2,4,-1,3,-1
2015331500165,1,9,0,14,0,0,1,0,0,0,1,1,6,1,24,5,1956,2,4,-1,1,-1
2015331500165,2,11,0,3,0,0,0,0,0,0,0,1,1,1,40,7,-1,2,18,-1,1,-1
2015331500167,1,2,0,18,0,8,0,0,0,0,2,1,6,1,17,4,49,1,7,-1,1,-1
2015331500167,2,9,0,9,0,8,0,0,0,0,1,1,6,1,40,7,1598,1,5,-1,-1,-1
2015331500168,1,9,0,7,0,6,0,0,0,0,3,1,6,1,35,6,1229,1,9,-1,-1,-1
2015331500168,2,1,0,18,0,8,0,0,0,0,4,1,2,1,50,8,-1,-1,-1,-1,1,-1
2015331500169,1,20,0,16,0,8,0,0,0,0,1,1,1,1,43,7,5861,2,14,-1,1,-1
2015331500169,2,20,0,17,0,8,0,0,0,0,1,1,1,1,55,8,12900,2,3,-1,2,-1
2015331500170,1,9,0,7,0,3,0,0,0,0,1,1,6,1,30,6,1595,1,16,-1,-1,-1
2015331500170,2,9,0,3,0,3,0,0,0,0,2,1,6,2,44,7,1329,1,2,-1,1,-1
2015331500171,1,9,0,5,0,1,0,0,0,0,1,1,6,1,38,7,-1,-1,-1,-1,1,-1
2015331500171,2,9,0,2,0,1,0,0,0,0,0,1,6,1,25,5,-1,-1,-1,-1,-1,-1
2015331500173,1,9,0,9,0,6,0,0,0,0,0,1,6,1,30,6,-1,-1,-1,-1,-1,-1
2015331500173,2,3,0,4,0,1,1,0,0,0,4,1,6,1,22,5,124,1,14,-1,1,-1
2015331500174,1,5,0,13,0,0,0,0,7,0,4,1,6,1,38,7,1157,1,16,-1,1,-1
2015331500174,2,9,0,14,0,0,0,0,0,0,3,1,6,1,37,7,1995,2,13,-1,1,-1
2015331500175,1,9,0,9,0,5,0,7,0,0,1,1,6,1,60,9,1797,8,5,-1,-1,-1
2015331500175,2,9,0,18,0,8,0,0,0,0,1,1,6,1,50,8,-1,-1,-1,-1,-1,-1
2015331500176,1,19,0,9,0,6,0,0,0,0,1,1,1,1,22,5,2198,2,3,-1,1,-1
2015331500176,2,9,0,7,0,5,0,0,0,0,1,1,2,1,37,7,1781,1,12,-1,1,-1
2015331500177,1,9,0,4,0,0,0,0,0,0,1,1,6,2,30,6,1995,1,9,-1,-1,-1
2015331500177,2,9,0,4,0,0,0,0,0,0,2,1,6,2,38,7,1229,1,1,-1,-1,-1
2015331500177,3,9,0,4,0,0,0,0,0,0,2,1,6,1,38,7,2959,2,9,-1,-1,-1
2015331500178,1,98,0,1,0,0,0,0,0,0,2,1,1,1,-1,-1,3920,2,2,-1,-1,-1
2015331500178,2,90,0,18,0,0,0,0,0,0,1,1,6,1,54,8,-1,-1,-1,-1,1,-1
2015331500179,1,9,0,16,0,0,0,0,7,0,1,1,6,1,35,6,-1,-1,-1,-1,-1,-1
2015331500179,2,9,0,17,0,0,0,0,1,0,1,1,6,2,33,6,1968,2,4,-1,1,-1
2015331500181,1,9,0,13,0,0,0,0,1,9,1,1,6,1,35,6,-1,-1,-1,-1,1,-1
2015331500181,2,21,1,18,0,0,0,0,0,0,2,1,6,1,40,7,-1,-1,-1,-1,-1,-1
2015331500181,3,9,0,18,0,0,0,0,7,9,1,1,6,2,24,5,-1,-1,-1,-1,3,-1
2015331500183,1,19,0,7,9,8,0,0,1,0,4,1,6,1,40,7,-1,-1,-1,-1,-1,-1
2015331500183,2,1,0,18,9,8,0,0,0,0,1,1,6,1,21,5,-1,-1,-1,-1,-1,-1
2015331500184,1,1,0,18,0,8,0,0,0,0,4,1,2,1,21,5,-1,-1,-1,-1,1,-1
2015331500184,2,19,0,7,0,6,0,0,0,0,1,1,1,1,-1,-1,1753,2,7,-1,-1,-1
2015331500185,1,9,0,9,0,5,0,0,0,0,3,1,2,2,49,8,1339,1,4,-1,1,-1
2015331500185,2,9,0,18,0,8,0,0,0,0,3,1,2,1,42,7,2179,2,4,-1,1,-1
2015331500186,1,9,0,18,0,1,0,0,0,0,2,1,6,2,-1,-1,1796,1,16,-1,1,-1
2015331500186,2,9,0,3,0,1,0,0,0,0,2,1,6,1,36,7,1797,8,5,-1,1,-1
2015331500186,3,9,0,3,0,1,0,0,0,0,2,1,6,1,22,5,1360,1,16,-1,1,-1
2015331500186,4,9,0,9,0,6,0,0,0,0,0,1,6,3,-1,-1,-1,-1,-1,-1,-1,-1
2015331500187,1,11,0,7,0,6,0,0,0,0,1,1,1,1,-1,-1,-1,-1,-1,-1,-1,-1
2015331500187,2,1,0,18,0,8,0,0,0,0,3,1,2,1,42,7,-1,-1,-1,-1,1,-1
2015331500188,1,9,0,10,0,1,0,0,0,0,2,1,6,2,27,6,1397,1,5,-1,1,-1
2015331500188,2,9,0,3,0,1,0,0,0,0,2,1,6,1,40,7,1349,1,3,-1,1,-1
2015331500188,3,19,0,16,0,1,0,0,0,0,1,1,6,1,51,8,1995,2,4,-1,-1,-1
2015331500189,1,9,0,17,0,0,5,0,8,1,1,1,6,2,19,4,1598,1,11,-1,1,-1
2015331500190,1,9,0,18,0,0,0,0,1,0,2,1,6,2,52,8,999,1,3,-1,-1,-1
2015331500190,2,9,0,18,0,0,0,0,0,0,1,1,1,1,54,8,2143,2,2,-1,1,-1
2015331500190,3,9,0,4,0,0,1,1,0,0,1,1,6,2,23,5,-1,-1,-1,-1,1,-1
2015331500191,1,9,0,1,9,8,0,0,0,0,2,1,6,1,40,7,-1,-1,-1,-1,1,-1
2015331500192,1,9,0,16,0,0,0,0,7,1,1,1,6,2,56,9,1299,1,9,-1,2,-1
2015331500193,1,9,0,3,0,1,0,0,0,0,2,1,6,1,26,6,1388,1,15,-1,1,-1
2015331500193,2,1,0,4,0,1,1,0,0,0,1,1,2,1,46,8,-1,-1,-1,-1,1,-1
2015331500194,1,9,0,11,0,8,1,0,7,6,1,1,6,1,23,5,1149,1,8,-1,-1,-1
2015331500194,2,9,0,11,0,8,1,0,7,6,2,1,6,1,23,5,-1,-1,-1,-1,-1,-1
2015331500195,1,9,0,1,0,2,0,0,0,0,2,1,6,3,-1,-1,-1,-1,-1,-1,-1,-1
2015331500196,1,20,0,2,0,0,0,0,0,0,1,1,1,1,51,8,3900,2,12,-1,1,-1
2015331500197,1,9,0,18,0,8,0,0,0,0,4,1,6,1,25,5,1998,1,11,-1,1,-1
2015331500197,2,9,0,18,0,8,0,0,0,0,1,1,6,2,45,7,-1,-1,-1,-1,3,-1
2015331500198,1,3,0,4,0,1,0,0,0,0,3,1,6,1,25,5,124,1,4,-1,1,-1
2015331500199,1,9,0,11,0,1,0,0,0,0,1,1,1,1,67,10,1493,1,17,-1,1,-1
2015331500199,2,1,0,18,0,1,0,0,0,0,1,1,6,1,29,6,-1,-1,-1,-1,1,-1
2015331500200,1,9,0,16,0,0,0,0,7,9,1,1,6,2,39,7,1388,1,1,-1,2,-1
2015331500200,2,17,0,17,0,0,0,0,0,0,1,1,6,1,61,9,6702,2,8,-1,-1,-1
2015331500201,1,9,0,16,0,0,2,0,1,9,1,1,6,2,27,6,-1,-1,-1,-1,1,-1
2015331500202,1,9,0,18,0,0,0,0,0,0,1,1,6,2,21,5,1229,1,2,-1,1,-1
2015331500202,2,9,0,3,0,0,0,0,0,0,2,1,6,1,30,6,-1,-1,-1,-1,1,-1
2015331500202,3,9,0,3,0,0,0,0,0,0,2,1,6,1,41,7,1968,2,1,-1,1,-1
2015331500202,4,9,0,4,0,0,0,0,0,0,1,1,6,1,40,7,1397,1,6,-1,1,-1
2015331500203,1,9,0,18,0,0,0,0,0,0,1,1,6,1,56,9,1198,1,2,-1,-1,-1
2015331500203,2,9,0,18,0,0,0,0,0,0,1,1,6,2,38,7,1360,1,12,-1,1,-1
2015331500204,1,9,0,2,9,8,2,0,0,0,2,1,6,2,33,6,1364,1,10,-1,1,-1
2015331500205,1,9,0,13,0,0,0,0,0,0,1,1,6,3,-1,-1,-1,-1,-1,-1,-1,-1
2015331500205,2,9,0,14,0,0,0,0,0,0,3,1,6,2,35,6,1598,1,5,-1,3,-1
2015331500205,3,11,0,3,0,0,0,0,0,0,0,1,1,3,-1,-1,-1,-1,-1,-1,-1,-1
2015331500207,1,9,0,18,0,8,0,0,0,0,1,1,2,1,27,6,1242,1,15,-1,2,-1
2015331500207,2,9,0,9,0,4,0,0,0,0,3,1,6,1,25,5,1390,1,13,-1,1,-1
2015331500208,1,19,0,18,0,0,0,0,0,0,4,1,1,1,52,8,1896,2,8,-1,1,-1
2015331500208,2,1,0,18,0,0,0,0,0,0,3,1,6,1,65,9,-1,-1,-1,-1,-1,-1
2015331500209,1,9,0,18,0,8,0,0,0,0,1,1,6,1,21,5,1783,1,12,-1,1,-1
2015331500209,2,9,0,5,0,4,0,0,0,0,3,1,6,2,18,4,1360,1,12,-1,1,-1
2015331500210,1,9,0,18,0,0,0,4,0,0,1,1,2,1,45,7,2477,2,10,-1,1,-1
2015331500210,2,9,0,2,0,0,0,4,0,0,2,1,6,2,35,6,1968,2,3,-1,-1,-1
2015331500210,3,9,0,2,0,0,0,4,0,0,2,1,6,1,45,7,1968,2,4,-1,-1,-1
2015331500210,4,9,0,2,0,0,0,0,0,0,2,1,6,2,40,7,1598,1,6,-1,-1,-1
2015331500211,1,9,0,5,0,6,0,0,0,0,3,1,6,2,53,8,1560,2,4,-1,1,-1
2015331500211,2,9,0,18,0,8,0,0,0,0,1,1,6,2,37,7,1388,1,6,-1,1,-1
2015331500212,1,9,0,9,0,5,0,0,0,0,1,1,6,1,84,11,1495,1,7,-1,3,-1
2015331500212,2,9,0,4,0,8,1,0,7,0,1,1,6,2,77,11,2179,2,7,-1,3,-1
2015331500212,3,20,4,18,0,8,0,0,0,0,1,1,1,1,60,9,5193,2,4,-1,-1,-1
2015331500213,1,9,0,18,0,8,0,0,0,0,1,1,6,1,56,9,1995,2,11,-1,1,-1
2015331500213,2,9,0,9,0,5,0,0,0,0,4,1,6,2,23,5,1587,1,11,-1,1,-1
2015331500214,1,9,0,9,0,6,0,0,0,0,1,1,6,1,42,7,1398,2,12,-1,-1,-1
2015331500214,2,5,0,4,0,8,1,0,0,0,1,1,6,1,21,5,656,1,7,-1,1,-1
2015331500215,1,9,0,18,0,0,0,0,0,0,1,1,6,3,-1,-1,-1,-1,-1,-1,-1,-1
2015331500215,2,9,0,18,0,0,0,0,0,0,2,1,6,1,19,4,-1,-1,-1,-1,1,-1
2015331500216,1,9,0,18,0,4,0,0,0,0,3,1,6,1,30,6,-1,-1,-1,-1,2,-1
2015331500216,2,23,0,9,0,3,0,0,0,0,1,1,6,1,19,4,-1,-1,-1,-1,-1,-1
2015331500218,1,9,0,18,0,0,0,0,1,0,1,1,6,1,42,7,1598,1,16,-1,1,-1
2015331500218,2,9,0,18,0,0,0,0,0,0,1,1,1,1,52,8,-1,-1,-1,-1,1,-1
2015331500219,1,9,0,18,0,2,0,0,0,0,1,1,1,1,26,6,1299,1,11,-1,1,-1
2015331500219,2,22,0,18,0,2,0,0,0,0,1,1,6,2,78,11,-1,-1,-1,-1,1,-1
2015331500220,1,9,0,18,0,0,0,0,0,0,1,1,6,1,32,6,998,1,12,-1,-1,-1
2015331500220,2,90,0,2,0,0,0,0,0,0,1,1,1,2,51,8,-1,3,25,-1,1,-1
2015331500221,1,9,0,9,0,5,0,0,0,0,4,1,6,1,67,10,1360,1,11,-1,1,-1
2015331500221,2,9,0,7,0,5,1,0,0,0,1,1,6,1,32,6,1339,1,11,-1,-1,-1
2015331500221,3,9,0,3,0,1,0,0,0,0,3,1,6,1,60,9,-1,-1,-1,-1,3,-1
2015331500222,1,9,0,18,0,0,0,0,7,11,1,1,6,2,43,7,-1,-1,-1,-1,1,-1
2015331500223,1,9,0,10,0,8,0,0,0,0,2,1,6,2,58,9,998,1,5,-1,1,-1
2015331500223,2,21,1,16,0,8,0,0,0,0,1,1,1,1,65,9,-1,-1,-1,-1,2,-1
2015331500224,1,21,1,4,0,8,0,0,0,0,1,1,1,1,30,6,12809,2,2,-1,1,-1
2015331500224,2,9,0,3,0,8,0,0,0,0,2,1,6,1,34,6,-1,-1,-1,-1,1,-1
2015331500225,1,9,0,9,0,2,0,0,0,0,1,1,6,2,67,10,1598,1,12,-1,1,-1
2015331500226,1,9,0,18,0,0,0,0,1,1,3,1,6,1,19,4,1198,1,7,-1,3,-1
2015331500227,1,11,0,5,0,2,0,0,0,0,1,1,1,1,45,7,10450,2,25,-1,1,-1
2015331500227,2,1,0,18,0,2,0,0,0,0,1,1,4,1,12,3,-1,-1,-1,-1,1,-1
2015331500228,1,20,0,18,0,8,0,0,0,0,1,1,1,1,46,8,-1,-1,-1,-1,1,-1
2015331500228,2,20,0,5,0,6,0,0,0,0,1,1,1,1,47,8,5480,2,12,-1,1,-1
2015331500228,3,20,0,13,0,8,0,0,4,0,1,1,1,1,47,8,7790,2,3,-1,1,-1
2015331500229,1,9,0,17,0,2,0,10,1,9,4,1,6,2,34,6,-1,-1,-1,-1,1,-1
2015331500230,1,9,0,5,0,8,0,0,0,0,1,1,6,1,49,8,-1,-1,-1,-1,3,-1
2015331500230,2,9,0,18,0,8,0,0,0,0,3,1,6,1,56,9,2496,1,14,-1,1,-1
2015331500231,1,9,0,17,0,0,5,0,7,9,1,1,6,1,26,6,-1,-1,-1,-1,1,-1
2015331500232,1,9,0,18,0,0,0,0,0,0,3,1,6,2,75,10,1242,1,6,-1,1,-1
2015331500233,1,5,0,16,0,0,1,0,7,0,1,1,6,1,30,6,599,1,16,-1,-1,-1
2015331500234,1,9,0,18,0,0,0,0,0,0,1,1,6,3,-1,-1,-1,-1,-1,-1,-1,-1
2015331500235,1,9,0,9,0,5,0,0,0,0,4,1,6,1,61,9,1686,2,4,-1,1,-1
2015331500235,2,90,0,18,0,8,0,0,0,0,4,1,6,1,29,6,686,1,9,-1,1,-1
2015331500236,1,9,0,5,0,4,0,0,0,0,1,1,6,2,29,6,1604,7,7,-1,1,-1
2015331500236,2,1,0,18,0,8,0,0,0,0,1,1,6,1,22,5,-1,-1,-1,-1,1,-1
2015331500237,1,9,0,18,0,8,0,0,0,0,1,1,6,2,27,6,1800,1,16,-1,1,-1
2015331500237,2,8,0,7,0,4,0,0,0,0,3,1,1,1,56,9,-1,-1,-1,-1,1,-1
2015331500238,1,9,0,5,0,0,0,0,1,0,1,1,2,2,30,6,1560,2,2,-1,3,-1
2015331500238,2,1,0,18,0,0,0,0,0,0,1,1,2,1,52,8,-1,-1,-1,-1,1,-1
2015331500239,1,19,0,7,0,5,0,0,0,0,1,1,1,1,47,8,1995,2,7,-1,1,-1
2015331500239,2,9,0,7,0,5,0,0,0,0,2,1,6,1,69,10,1870,2,12,-1,1,-1
2015331500239,3,9,0,18,0,1,0,0,0,0,0,1,1,3,-1,-1,-1,-1,-1,-1,-1,-1