Accident_Index,Vehicle_Reference,Vehicle_Type,Towing_and_Articulation,Vehicle_Manoeuvre,Vehicle_Location-Restricted_Lane,Junction_Location,Skidding_and_Overturning,Hit_Object_in_Carriageway,Vehicle_Leaving_Carriageway,Hit_Object_off_Carriageway,1st_Point_of_Impact,Was_Vehicle_Left_Hand_Drive?,Journey_Purpose_of_Driver,Sex_of_Driver,Age_of_Driver,Age_Band_of_Driver,Engine_Capacity_(CC),Propulsion_Code,Age_of_Vehicle,Driver_IMD_Decile,Driver_Home_Area_Type,Vehicle_IMD_Decile
2015331500240,1,9,0,18,0,1,5,7,0,0,1,1,6,2,28,6,1399,2,5,-1,1,-1
2015331500241,1,11,0,18,0,8,0,0,0,0,1,1,1,1,62,9,-1,2,15,-1,1,-1
2015331500242,1,9,0,4,0,0,1,4,0,0,1,1,6,1,30,6,1493,1,17,-1,1,-1
2015331500242,2,9,0,2,0,0,0,0,0,0,1,1,6,3,-1,-1,-1,-1,-1,-1,-1,-1
2015331500242,3,9,0,4,0,0,0,0,0,0,1,1,6,1,20,4,1596,1,9,-1,1,-1
2015331500243,1,3,0,14,0,8,0,0,0,0,1,1,6,1,22,5,125,1,8,-1,1,-1
2015331500243,2,9,0,9,0,6,0,0,0,0,3,1,6,2,20,4,1988,1,14,-1,3,-1
2015331500244,1,1,0,9,0,5,0,0,0,0,1,1,6,1,22,5,-1,-1,-1,-1,1,-1
2015331500244,2,9,0,13,0,8,0,0,0,0,4,1,6,1,-1,-1,1386,1,7,-1,-1,-1
2015331500245,1,9,0,9,0,8,0,0,0,0,1,1,6,2,41,7,1242,1,1,-1,-1,-1
2015331500245,2,9,0,18,0,4,0,0,0,0,3,1,6,1,41,7,998,1,1,-1,1,-1
2015331500246,1,11,0,18,0,0,0,0,0,0,1,1,1,1,58,9,11967,2,15,-1,1,-1
2015331500247,1,1,0,9,0,8,1,9,0,0,4,1,6,1,44,7,-1,-1,-1,-1,3,-1
2015331500247,2,9,0,18,0,4,0,0,0,0,1,1,6,1,-1,-1,1560,2,10,-1,-1,-1
2015331500248,1,5,0,3,0,1,0,0,0,0,2,1,2,1,38,7,600,1,15,-1,1,-1
2015331500248,2,9,0,4,0,1,1,0,0,0,1,1,2,1,-1,-1,-1,-1,-1,-1,1,-1
2015331500249,1,9,0,18,0,1,0,0,0,0,1,1,2,2,30,6,1560,2,1,-1,2,-1
2015331500249,2,9,0,16,0,2,1,0,0,0,1,1,2,1,47,8,2495,2,16,-1,1,-1
2015331500250,1,9,0,4,0,2,1,1,7,0,4,1,6,1,64,9,1896,2,12,-1,3,-1
2015331500250,2,9,0,2,0,2,0,0,0,0,3,1,6,2,40,7,2922,1,11,-1,1,-1
2015331500251,1,9,0,5,0,1,0,0,0,0,1,1,6,1,30,6,1910,2,9,-1,-1,-1
2015331500251,2,1,0,5,0,1,0,0,0,0,1,1,6,1,32,6,-1,-1,-1,-1,1,-1
2015331500252,1,9,0,3,0,1,0,0,0,0,1,1,6,1,58,9,1975,1,10,-1,1,-1
2015331500252,2,9,0,4,0,1,0,0,0,0,2,1,6,1,49,8,-1,-1,-1,-1,1,-1
2015331500253,1,9,0,16,0,0,0,10,0,0,1,1,6,2,73,10,-1,-1,-1,-1,3,-1
2015331500253,2,9,0,17,0,0,0,0,1,0,1,1,6,2,76,11,2231,2,2,-1,3,-1
2015331500254,1,9,0,18,0,0,0,0,0,0,1,1,6,2,68,10,1388,1,8,-1,2,-1
2015331500254,2,9,0,2,0,0,0,0,0,0,2,1,6,1,62,9,2183,2,3,-1,2,-1
2015331500254,3,9,0,18,0,0,0,0,0,0,3,1,6,2,47,8,3050,2,21,-1,1,-1
2015331500255,1,9,0,18,0,8,0,0,0,0,4,1,2,1,37,7,1798,1,7,-1,1,-1
2015331500255,2,9,0,18,0,4,0,0,0,0,1,1,1,1,60,9,-1,-1,-1,-1,1,-1
2015331500257,1,5,0,18,0,1,0,0,0,0,3,1,1,2,38,7,936,1,7,-1,1,-1
2015331500257,2,9,0,5,0,6,0,0,0,0,0,1,1,1,20,4,1199,1,11,-1,1,-1
2015331500258,1,9,0,3,0,0,0,0,0,0,2,1,1,2,27,6,1461,2,1,-1,1,-1
2015331500258,2,3,0,4,0,0,1,0,0,0,1,1,1,1,20,4,125,1,1,-1,1,-1
2015331500259,1,9,0,18,0,5,0,0,0,0,1,1,6,1,42,7,1461,2,2,-1,1,-1
2015331500259,2,9,0,18,0,8,0,0,0,0,1,1,6,2,23,5,-1,-1,-1,-1,1,-1
2015331500260,1,9,0,9,0,5,0,0,0,0,1,1,6,2,44,7,998,1,10,-1,1,-1
2015331500260,2,3,0,18,0,8,0,0,0,0,3,1,1,1,19,4,109,1,1,-1,1,-1
2015331500261,1,9,0,9,0,5,0,0,7,4,4,1,6,1,19,4,-1,-1,-1,-1,1,-1
2015331500261,2,9,0,18,0,8,0,0,7,4,1,1,6,3,-1,-1,998,1,16,-1,-1,-1
2015331500262,1,9,0,2,0,0,0,0,0,0,0,1,6,1,42,7,1360,1,13,-1,1,-1
2015331500262,2,9,0,5,0,0,0,0,0,0,1,1,6,1,-1,-1,-1,-1,-1,-1,-1,-1
2015331500263,1,9,0,7,0,5,0,0,0,0,1,1,6,1,-1,-1,-1,-1,-1,-1,-1,-1
2015331500264,1,9,0,18,0,0,2,0,1,4,4,1,6,2,17,4,1560,2,2,-1,1,-1
2015331500265,1,1,0,4,0,1,1,0,0,0,1,1,2,2,38,7,-1,-1,-1,-1,1,-1
2015331500265,2,9,0,9,0,5,0,0,0,0,0,1,1,1,-1,-1,-1,-1,-1,-1,-1,-1
2015331500266,1,9,0,9,0,5,0,0,0,0,3,1,2,2,34,6,1997,2,11,-1,1,-1
2015331500266,2,3,0,13,0,8,0,0,0,0,1,1,2,1,23,5,125,1,2,-1,1,-1
2015331500267,1,19,0,9,0,8,0,0,0,0,3,1,1,1,29,6,2402,2,8,-1,1,-1
2015331500267,2,9,0,18,0,8,0,0,0,0,1,1,6,1,18,4,1343,1,11,-1,1,-1
2015331500268,1,9,0,18,0,8,0,0,0,0,1,1,1,2,44,7,1870,2,7,-1,1,-1
2015331500268,2,9,0,18,0,6,0,0,0,0,4,1,6,1,71,10,1794,1,11,-1,1,-1
2015331500269,1,9,0,11,0,0,1,0,1,2,1,1,6,1,23,5,1998,1,12,-1,1,-1
2015331500269,2,9,0,18,0,0,1,0,1,2,2,1,6,1,19,4,1360,1,11,-1,1,-1
2015331500270,1,9,0,17,0,0,0,0,0,0,1,1,6,2,-1,-1,998,1,9,-1,-1,-1
2015331500271,1,9,0,18,0,1,0,0,0,0,4,1,6,2,28,6,1587,1,14,-1,1,-1
2015331500272,1,9,0,17,0,1,0,0,0,0,2,1,6,1,81,11,999,1,2,-1,1,-1
2015331500272,2,19,0,17,0,1,0,0,0,0,1,1,2,1,56,9,2464,2,7,-1,1,-1
2015331500273,1,5,0,13,0,0,0,0,0,0,1,1,6,1,23,5,600,1,1,-1,1,-1
2015331500273,2,19,0,9,7,0,0,0,0,0,2,1,1,1,51,8,2143,2,1,-1,1,-1
2015331500274,1,9,0,7,0,6,0,0,0,0,1,1,6,1,20,4,-1,-1,-1,-1,1,-1
2015331500274,2,98,0,18,0,8,0,0,0,0,1,1,1,1,62,9,-1,-1,-1,-1,-1,-1
2015331500275,1,19,0,1,9,8,0,0,0,0,2,1,6,1,24,5,2198,2,9,-1,3,-1
2015331500276,1,9,0,17,0,0,1,0,7,4,1,1,6,1,18,4,1988,1,15,-1,-1,-1
2015331500277,1,9,0,16,0,0,0,0,0,0,1,1,1,1,45,7,1796,1,11,-1,3,-1
2015331500277,2,9,0,17,0,0,0,0,0,0,1,1,3,1,64,9,-1,-1,-1,-1,1,-1
2015331500278,1,9,0,9,0,5,0,0,0,0,4,1,1,1,20,4,1199,2,3,-1,1,-1
2015331500278,2,9,0,18,0,8,0,0,0,0,1,1,6,2,45,7,1598,2,2,-1,3,-1
2015331500279,1,9,0,5,0,4,0,0,0,0,2,1,6,1,46,8,1686,2,6,-1,1,-1
2015331500279,2,19,0,5,0,4,0,0,0,0,1,1,1,1,63,9,2143,2,2,-1,1,-1
2015331500280,1,9,0,12,0,0,0,0,0,0,3,1,6,2,50,8,1400,2,8,-1,1,-1
2015331500280,2,8,0,18,0,0,0,0,0,0,1,1,1,1,35,6,1461,2,5,-1,1,-1
2015331500281,1,9,0,9,0,6,0,0,0,0,1,1,6,1,29,6,1598,1,13,-1,2,-1
2015331500281,2,9,0,17,0,8,0,0,0,0,4,1,1,1,40,7,1296,1,9,-1,1,-1
2015331500282,1,9,0,10,0,1,0,0,0,0,1,1,6,1,35,6,1997,2,2,-1,1,-1
2015331500282,2,9,0,18,0,8,0,0,0,0,1,1,6,1,41,7,1956,2,5,-1,3,-1
2015331500282,3,9,0,10,0,1,0,0,0,0,4,1,6,2,55,8,1497,1,9,-1,1,-1
2015331500282,4,9,0,9,0,5,0,0,0,0,1,1,6,1,34,6,1598,1,12,-1,-1,-1
2015331500283,1,21,1,18,0,0,0,0,0,0,1,1,1,1,49,8,10837,2,3,-1,1,-1
2015331500283,2,9,0,4,0,0,0,0,0,0,2,1,6,1,33,6,-1,-1,-1,-1,1,-1
2015331500284,1,21,1,2,0,0,0,0,0,0,2,1,6,2,38,7,12900,2,8,-1,3,-1
2015331500284,2,9,0,18,0,0,0,0,0,0,1,1,6,1,23,5,2685,2,13,-1,1,-1
2015331500285,1,3,0,4,0,1,0,0,0,0,1,1,6,1,18,4,-1,-1,-1,-1,1,-1
2015331500285,2,9,0,3,0,1,0,0,0,0,2,1,6,1,46,8,2143,2,1,-1,3,-1
2015331500286,1,9,0,18,0,2,0,0,0,0,1,1,1,2,26,6,1599,1,11,-1,1,-1
2015331500287,1,9,0,16,0,0,1,0,1,10,1,1,6,1,25,5,998,1,12,-1,3,-1
2015331500287,2,9,0,17,0,0,0,0,0,0,0,1,6,3,-1,-1,-1,-1,-1,-1,-1,-1
2015331500288,1,9,0,3,0,1,0,0,0,0,2,1,2,1,25,5,1390,1,17,-1,1,-1
2015331500288,2,9,0,18,0,1,0,0,0,0,1,1,6,3,20,4,-1,-1,-1,-1,-1,-1
2015331500289,1,9,0,18,0,8,5,0,3,4,1,1,6,1,23,5,-1,-1,-1,-1,1,-1
2015331500291,1,5,0,13,0,0,0,0,0,0,1,1,6,1,28,6,599,1,12,-1,1,-1
2015331500291,2,9,0,6,0,0,0,0,0,0,3,1,6,1,48,8,-1,-1,-1,-1,3,-1
2015331500291,3,9,0,2,0,0,0,0,0,0,3,1,6,1,60,9,-1,-1,-1,-1,-1,-1
2015331500291,4,9,0,18,0,0,0,0,0,0,0,1,6,3,-1,-1,-1,-1,-1,-1,-1,-1
2015331500292,1,9,0,18,0,1,0,0,0,0,1,1,1,1,32,6,1968,2,3,-1,-1,-1
2015331500293,1,9,0,18,0,6,0,0,0,0,3,1,6,2,41,7,1975,1,9,-1,-1,-1
2015331500293,2,9,0,18,0,8,0,0,0,0,1,1,6,1,60,9,2179,2,8,-1,-1,-1
2015331500294,1,9,0,18,0,1,0,0,0,0,4,1,6,3,-1,-1,-1,-1,-1,-1,-1,-1
2015331500295,1,3,0,18,0,0,0,0,0,0,4,1,6,1,28,6,125,1,2,-1,3,-1
2015331500295,2,9,0,15,7,0,0,0,8,6,0,1,3,1,49,8,1997,2,12,-1,1,-1
2015331500295,3,9,0,18,0,0,0,0,0,0,1,1,6,1,27,6,1399,2,6,-1,1,-1
2015331500295,4,9,0,18,0,0,1,0,0,0,1,1,1,1,50,8,-1,-1,-1,-1,1,-1
2015331500296,1,9,0,9,0,6,0,0,0,0,1,1,6,3,-1,-1,-1,-1,-1,-1,-1,-1
2015331500296,2,1,0,18,0,8,0,0,0,0,4,1,6,2,26,6,-1,-1,-1,-1,1,-1
2015331500297,1,9,0,18,0,8,0,0,0,0,1,1,6,1,43,7,1598,1,11,-1,1,-1
2015331500297,2,9,0,9,0,5,0,0,7,1,1,1,6,1,22,5,-1,-1,-1,-1,1,-1
2015331500298,1,8,0,5,0,0,0,0,0,0,2,1,1,1,50,8,1598,2,2,-1,-1,-1
2015331500299,1,9,0,9,4,6,0,0,0,0,1,1,6,1,55,8,-1,-1,-1,-1,-1,-1
2015331500300,1,9,0,4,0,4,0,0,0,0,1,1,6,2,29,6,1796,1,13,-1,1,-1
2015331500300,2,9,0,18,0,3,0,0,0,0,1,1,6,2,25,5,1461,2,9,-1,1,-1
2015331500301,1,9,0,18,0,8,0,0,0,0,1,1,6,1,45,7,-1,-1,-1,-1,-1,-1
2015331500301,2,1,0,18,0,8,1,0,0,0,3,1,6,1,16,4,-1,-1,-1,-1,1,-1
2015331500302,1,9,0,4,0,8,1,0,7,11,1,1,6,1,28,6,3246,1,12,-1,1,-1
2015331500302,2,9,0,18,0,8,0,0,7,0,1,1,1,1,30,6,1229,1,9,-1,-1,-1
2015331500302,3,3,0,18,0,8,0,0,0,0,1,1,2,1,50,8,249,1,-1,-1,-1,-1
2015331500303,1,21,1,18,0,0,0,0,0,0,1,1,1,1,59,9,11946,2,9,-1,1,-1
2015331500303,2,21,1,18,0,0,0,0,0,0,2,1,1,1,38,7,10837,2,5,-1,1,-1
2015331500303,3,21,1,18,0,0,0,0,0,0,2,1,1,1,30,6,11705,2,8,-1,1,-1
2015331500304,1,9,0,3,0,1,0,0,0,0,1,1,6,1,72,10,1461,2,10,-1,1,-1
2015331500304,2,9,0,1,0,2,0,0,0,0,2,1,6,3,30,6,1360,1,9,-1,1,-1
2015331500306,1,9,0,18,0,0,0,0,0,0,1,1,6,1,54,8,1388,1,7,-1,3,-1
2015331500306,2,9,0,18,0,0,0,0,0,0,1,1,1,1,56,9,1997,2,11,-1,1,-1
2015331500307,1,9,0,6,0,2,0,0,0,0,1,1,6,1,50,8,1797,8,5,-1,1,-1
2015331500307,2,5,0,18,0,1,0,0,0,0,1,1,6,2,47,8,599,1,13,-1,1,-1
2015331500308,1,9,0,4,0,8,1,0,0,0,1,1,6,2,33,6,2143,2,2,-1,1,-1
2015331500308,2,9,0,10,0,8,0,0,0,0,2,1,6,2,47,8,1499,1,-1,-1,2,-1
2015331500309,1,9,0,4,0,1,0,0,0,0,1,1,6,2,31,6,1999,1,13,-1,1,-1
2015331500309,2,9,0,3,0,1,0,0,0,0,2,1,6,2,22,5,1199,1,12,-1,1,-1
2015331500310,1,9,0,2,0,0,0,0,0,0,1,1,6,2,71,10,1360,1,9,-1,1,-1
2015331500310,2,1,0,18,0,0,0,0,0,0,1,1,6,2,-1,-1,-1,-1,-1,-1,-1,-1
2015331500311,1,9,0,8,0,1,0,0,0,0,2,1,6,2,33,6,1398,2,9,-1,3,-1
2015331500311,2,9,0,7,0,1,0,0,0,0,1,1,6,3,-1,-1,-1,-1,-1,-1,-1,-1
2015331500312,1,19,0,17,0,0,5,0,1,2,4,1,2,1,42,7,2198,2,5,-1,1,-1
2015331500314,1,9,0,12,0,0,5,0,8,6,2,1,6,1,32,6,1328,1,11,-1,1,-1
2015331500314,2,21,1,18,0,0,0,0,0,0,1,1,6,1,31,6,12777,2,-1,-1,-1,-1
2015331500314,3,9,0,18,0,0,0,0,0,0,1,1,6,1,35,6,1968,2,1,-1,1,-1
2015331500315,1,20,0,18,0,0,0,0,0,0,1,1,1,1,45,7,4500,2,1,-1,1,-1
2015331500315,2,90,1,4,0,0,0,0,0,0,2,1,1,1,52,8,12740,2,1,-1,1,-1
2015331500315,3,9,0,18,0,0,0,0,0,0,0,1,6,3,-1,-1,-1,-1,-1,-1,-1,-1
2015331500316,1,19,0,3,0,1,0,0,0,0,2,1,6,1,29,6,1995,2,2,-1,1,-1
2015331500316,2,8,0,18,0,1,0,0,0,0,1,1,6,1,-1,-1,1560,2,9,-1,-1,-1
2015331500317,1,9,0,9,0,6,0,0,0,0,1,1,6,1,-1,-1,-1,-1,-1,-1,-1,-1
2015331500318,1,9,0,16,0,0,0,0,7,4,3,1,1,1,26,6,-1,-1,-1,-1,2,-1
2015331500319,1,9,0,18,0,0,0,0,0,0,2,1,6,2,45,7,1242,1,1,-1,1,-1
2015331500319,2,9,0,18,0,0,1,0,0,0,1,1,6,1,19,4,1360,1,15,-1,-1,-1
2015331500320,1,9,0,17,0,0,0,0,0,0,3,1,6,2,49,8,1991,2,10,-1,3,-1
2015331500320,2,9,0,17,0,0,0,0,0,0,1,1,6,2,23,5,998,1,8,-1,1,-1
2015331500320,3,9,0,16,0,0,0,0,0,0,3,1,6,1,34,6,998,1,9,-1,1,-1
2015331500321,1,9,0,18,0,0,0,0,0,0,4,1,6,1,55,8,-1,-1,-1,-1,-1,-1
2015331500322,1,9,0,16,0,0,2,0,7,3,3,1,2,2,23,5,-1,-1,-1,-1,3,-1
2015331500323,1,9,0,4,0,1,0,0,0,0,2,1,6,1,28,6,-1,-1,-1,-1,1,-1
2015331500323,2,9,0,4,0,1,0,0,0,0,2,1,6,1,35,6,-1,-1,-1,-1,1,-1
2015331500323,3,9,0,4,0,1,0,0,0,0,2,1,6,1,55,8,1398,1,2,-1,2,-1
2015331500323,4,9,0,4,0,1,0,0,0,0,1,1,6,2,54,8,1397,1,6,-1,1,-1
2015331500327,1,9,0,18,0,0,0,0,0,0,1,1,6,1,25,5,1598,1,4,-1,3,-1
2015331500327,2,9,0,4,0,0,0,0,0,0,2,1,6,1,-1,-1,1753,2,10,-1,3,-1
2015331500328,1,9,0,5,0,1,0,0,0,0,1,1,2,1,45,7,1598,1,11,-1,1,-1
2015331500328,2,9,0,3,0,1,0,0,0,0,2,1,6,1,58,9,-1,-1,-1,-1,1,-1
2015331500329,1,9,0,4,0,1,0,0,0,0,2,1,1,2,20,4,1997,2,12,-1,1,-1
2015331500329,2,9,0,4,0,1,1,0,0,0,1,1,1,1,24,5,-1,-1,-1,-1,1,-1
2015331500330,1,11,0,9,0,5,0,0,0,0,4,1,1,2,49,8,6370,2,11,-1,1,-1
2015331500331,1,9,0,9,0,6,0,0,0,0,0,1,6,3,-1,-1,1390,1,12,-1,-1,-1
2015331500331,2,9,0,3,0,1,0,0,0,0,2,1,6,1,43,7,2993,2,-1,-1,1,-1
2015331500331,3,9,0,4,0,1,0,0,0,0,1,1,6,2,32,6,1299,1,12,-1,1,-1
2015331500332,1,9,0,3,0,8,0,0,0,0,2,1,6,2,72,10,2099,1,10,-1,3,-1
2015331500332,2,9,0,18,0,8,0,0,0,0,1,1,6,2,51,8,1388,1,13,-1,1,-1
2015331500332,3,9,0,18,0,8,0,0,0,0,1,1,6,2,51,8,988,1,28,-1,1,-1
2015331500333,1,9,0,18,0,0,0,0,0,0,1,1,6,3,-1,-1,-1,-1,-1,-1,-1,-1
2015331500333,2,1,0,18,0,0,0,0,0,0,1,1,4,1,14,3,-1,-1,-1,-1,1,-1
2015331500334,1,1,0,18,0,8,0,0,0,0,1,1,6,1,17,4,-1,-1,-1,-1,-1,-1
2015331500334,2,9,0,6,0,8,0,0,0,0,3,1,6,1,-1,-1,-1,-1,-1,-1,-1,-1
2015331500335,1,9,0,7,0,5,0,0,0,0,4,1,6,1,21,5,1199,2,3,-1,1,-1
2015331500335,2,1,0,18,0,8,0,0,0,0,1,1,6,2,37,7,-1,-1,-1,-1,1,-1
2015331500336,1,9,0,2,6,0,0,0,0,0,2,1,6,1,25,5,2000,2,15,-1,1,-1
2015331500336,2,9,0,2,6,0,0,4,0,0,2,1,6,1,24,5,-1,-1,-1,-1,1,-1
2015331500336,3,9,0,18,6,0,0,4,2,7,3,1,6,1,24,5,1598,1,10,-1,2,-1
2015331500336,4,9,0,18,0,0,0,0,0,0,4,1,6,1,39,7,-1,-1,-1,-1,3,-1
2015331500337,1,9,0,9,0,6,0,0,0,0,1,1,6,1,41,7,-1,-1,-1,-1,1,-1
2015331500337,2,9,0,17,0,8,0,0,7,0,4,1,6,1,67,10,1386,1,6,-1,2,-1
2015331500338,1,9,0,5,0,6,0,0,0,0,0,1,1,2,69,10,-1,-1,-1,-1,1,-1
2015331500338,2,3,0,18,0,8,1,0,0,0,1,1,1,1,60,9,124,1,-1,-1,-1,-1
2015331500339,1,9,0,5,0,6,0,0,0,0,0,2,4,1,20,4,-1,-1,-1,-1,1,-1
2015331500339,2,19,0,18,0,8,0,0,0,0,1,1,6,1,39,7,-1,-1,-1,-1,1,-1
2015331500340,1,9,0,9,0,6,0,0,0,0,1,1,6,1,32,6,1998,1,10,-1,1,-1
2015331500340,2,1,0,18,0,8,0,0,0,0,1,1,6,1,44,7,-1,-1,-1,-1,1,-1
2015331500341,1,9,0,3,0,0,0,0,0,0,2,1,6,2,43,7,1229,1,10,-1,1,-1
2015331500341,2,19,0,4,0,0,1,0,0,0,1,1,1,1,47,8,8710,2,1,-1,3,-1
2015331500341,3,98,0,4,0,0,1,0,0,0,1,1,1,1,55,8,-1,-1,-1,-1,3,-1
2015331500342,1,9,0,9,0,5,0,0,0,0,4,1,6,3,-1,-1,-1,-1,-1,-1,-1,-1
2015331500342,2,3,0,4,0,8,1,0,0,0,1,1,2,2,24,5,133,1,1,-1,1,-1
2015331500343,1,9,0,7,0,6,0,0,0,0,1,1,6,1,35,6,1796,1,9,-1,1,-1
2015331500343,2,1,0,18,0,8,0,0,0,0,2,1,6,1,42,7,-1,-1,-1,-1,1,-1
2015331500344,1,9,0,18,0,0,2,0,1,4,1,1,6,2,69,10,1388,1,5,-1,3,-1
2015331500345,1,9,0,18,0,8,0,0,0,0,4,1,2,1,24,5,1968,2,6,-1,1,-1
2015331500345,2,9,0,5,0,4,0,10,0,0,1,1,2,1,47,8,-1,-1,-1,-1,1,-1
2015331500346,1,9,0,18,0,8,0,0,0,0,4,1,6,1,31,6,1796,1,15,-1,1,-1
2015331500346,2,9,0,5,0,4,0,0,0,0,3,1,6,1,68,10,1905,2,20,-1,1,-1
2015331500347,1,9,0,18,0,0,1,12,7,9,3,1,6,2,21,5,-1,-1,-1,-1,-1,-1
2015331500348,1,9,0,18,0,3,0,0,1,0,3,1,2,2,29,6,2204,2,7,-1,1,-1
2015331500348,2,20,0,11,0,3,0,0,0,0,4,1,1,1,-1,-1,7790,2,5,-1,-1,-1
2015331500349,1,9,0,18,0,1,0,0,0,0,1,1,6,1,61,9,1396,1,10,-1,1,-1
2015331500350,1,3,0,18,0,8,0,0,0,0,1,1,2,1,21,5,100,1,13,-1,1,-1
2015331500350,2,9,0,9,0,6,0,0,0,0,1,1,6,1,75,10,1761,1,15,-1,1,-1
2015331500350,3,19,0,3,0,1,0,0,0,0,0,1,6,3,-1,-1,-1,-1,-1,-1,-1,-1
2015331500351,1,9,0,18,0,5,0,0,0,0,4,1,6,1,50,8,998,1,15,-1,1,-1
2015331500351,2,1,0,18,0,6,0,0,0,0,1,1,6,2,39,7,-1,-1,-1,-1,1,-1
2015331500352,1,9,0,11,0,0,0,0,0,0,4,1,6,1,21,5,-1,-1,-1,-1,1,-1
2015331500352,2,8,0,18,2,0,0,0,1,0,3,1,1,1,30,6,2231,2,7,-1,1,-1
2015331500358,1,9,0,3,0,1,0,0,0,0,2,1,6,2,47,8,796,1,7,-1,1,-1
2015331500358,2,9,0,18,0,1,0,0,0,0,1,1,6,2,-1,-1,-1,-1,-1,-1,-1,-1
2015331500359,1,9,0,18,0,0,0,0,0,0,4,1,6,1,66,10,2993,2,-1,-1,3,-1
2015331500359,2,90,0,2,0,0,0,0,0,0,0,1,1,1,37,7,-1,-1,-1,-1,1,-1
2015331500359,3,9,0,2,0,0,0,0,0,0,0,1,6,3,-1,-1,-1,-1,-1,-1,-1,-1
2015331500361,1,1,0,18,0,8,0,0,0,0,1,1,6,1,14,3,-1,-1,-1,-1,-1,-1
2015331500361,2,9,0,4,9,8,0,0,0,0,4,1,6,1,58,9,1968,2,7,-1,1,-1
2015331500362,1,9,0,18,0,0,0,0,0,0,1,1,6,1,-1,-1,1493,1,20,-1,-1,-1
2015331500362,2,9,0,18,0,0,0,0,1,10,2,1,6,2,29,6,-1,-1,-1,-1,3,-1
2015331500363,1,9,0,11,0,1,0,0,0,0,4,1,6,1,-1,-1,1493,1,17,-1,-1,-1
2015331500363,2,9,0,3,0,1,0,0,0,0,2,1,6,1,54,8,1997,2,4,-1,1,-1
2015331500364,1,19,0,18,0,0,0,0,0,0,1,1,1,1,-1,-1,-1,-1,-1,-1,-1,-1
2015331500364,2,9,0,3,0,0,0,0,0,0,2,1,6,1,64,9,-1,-1,-1,-1,-1,-1
2015331500364,3,9,0,3,0,0,0,0,0,0,2,1,6,1,-1,-1,1598,2,2,-1,-1,-1
2015331500365,1,9,0,18,0,0,1,0,2,7,1,1,6,1,22,5,1995,1,8,-1,1,-1
2015331500365,2,9,0,12,0,0,2,0,2,7,2,1,6,2,27,6,1598,1,1,-1,-1,-1
2015331500366,1,19,0,4,6,0,0,0,0,0,0,1,1,1,25,5,-1,-1,-1,-1,1,-1
2015331500366,2,21,1,4,0,0,0,0,0,0,2,1,1,1,38,7,2982,2,2,-1,1,-1
2015331500366,3,9,0,18,0,0,1,0,0,0,2,1,6,2,31,6,1984,1,13,-1,1,-1
2015331500366,4,21,0,18,0,0,0,0,0,0,1,1,1,1,53,8,5900,2,8,-1,2,-1
2015331500367,1,9,0,4,0,1,0,0,0,0,4,1,1,1,43,7,-1,-1,-1,-1,1,-1
2015331500367,2,1,0,18,0,8,0,0,0,0,1,1,6,1,66,10,-1,-1,-1,-1,3,-1
2015331500368,1,9,0,17,0,0,1,0,0,0,1,1,6,1,24,5,1910,2,9,-1,2,-1
2015331500368,2,9,0,16,0,0,0,0,1,0,1,1,6,1,52,8,-1,-1,-1,-1,2,-1
2015331500369,1,9,0,18,0,5,0,0,7,0,4,1,6,1,23,5,-1,-1,-1,-1,1,-1
2015331500369,2,19,0,4,0,8,1,0,0,0,1,1,1,1,27,6,2198,2,2,-1,1,-1
2015331500369,3,9,0,8,0,1,0,0,0,0,3,1,6,2,24,5,1199,1,14,-1,1,-1
2015331500370,1,9,0,5,0,0,0,0,0,0,1,1,6,2,40,7,1598,1,9,-1,2,-1
2015331500370,2,9,0,3,0,0,0,0,0,0,2,1,6,2,27,6,1685,2,1,-1,2,-1
2015331500371,1,9,0,18,0,0,0,0,0,0,0,1,6,1,25,5,1390,1,1,-1,1,-1
2015331500371,2,8,0,18,0,0,0,0,0,0,1,1,1,1,35,6,1896,2,8,-1,1,-1
2015331500372,1,9,0,18,0,8,0,0,0,0,1,1,6,1,34,6,-1,-1,-1,-1,-1,-1
2015331500372,2,9,0,18,0,8,0,0,0,0,3,1,4,2,29,6,1794,1,11,-1,-1,-1
2015331500373,1,9,0,18,0,8,0,0,0,0,3,1,6,1,18,4,-1,-1,-1,-1,2,-1
2015331500373,2,9,0,18,0,8,0,0,0,0,1,1,6,2,-1,-1,-1,-1,-1,-1,1,-1
2015331500374,1,1,0,9,0,3,1,0,0,0,2,1,6,1,31,6,-1,-1,-1,-1,-1,-1
2015331500374,2,8,0,9,0,3,0,0,0,0,1,1,6,1,30,6,1753,2,5,-1,2,-1
2015331500375,1,9,0,9,0,5,0,0,0,0,1,1,1,2,24,5,1498,1,9,-1,1,-1
2015331500376,1,9,0,18,0,0,0,0,0,0,3,1,6,3,-1,-1,-1,-1,-1,-1,-1,-1
2015331500376,2,9,0,18,0,0,0,0,0,0,3,1,6,1,36,7,2191,2,3,-1,3,-1
2015331500377,1,9,0,18,0,0,0,4,0,0,4,1,1,2,23,5,1248,2,8,-1,1,-1
2015331500377,2,9,0,2,0,0,0,4,0,0,3,1,6,3,-1,-1,1988,1,14,-1,-1,-1
2015331500377,3,9,0,2,0,0,0,0,0,0,2,1,6,3,-1,-1,1339,1,10,-1,-1,-1