Accident_Index,Vehicle_Reference,Vehicle_Type,Towing_and_Articulation,Vehicle_Manoeuvre,Vehicle_Location-Restricted_Lane,Junction_Location,Skidding_and_Overturning,Hit_Object_in_Carriageway,Vehicle_Leaving_Carriageway,Hit_Object_off_Carriageway,1st_Point_of_Impact,Was_Vehicle_Left_Hand_Drive?,Journey_Purpose_of_Driver,Sex_of_Driver,Age_of_Driver,Age_Band_of_Driver,Engine_Capacity_(CC),Propulsion_Code,Age_of_Vehicle,Driver_IMD_Decile,Driver_Home_Area_Type,Vehicle_IMD_Decile
2015331500382,1,11,0,4,0,1,0,0,0,0,1,1,1,1,21,5,7698,2,1,-1,1,-1
2015331500382,2,9,0,4,0,1,0,0,0,0,2,1,6,1,41,7,-1,-1,-1,-1,2,-1
2015331500383,1,97,0,18,0,0,0,0,1,9,1,1,1,1,24,5,-1,-1,-1,-1,3,-1
2015331500383,2,9,0,18,0,0,0,0,0,0,0,1,6,3,25,5,-1,-1,-1,-1,-1,-1
2015331500384,1,9,0,5,0,6,0,0,0,0,1,1,6,1,25,5,1598,2,2,-1,1,-1
2015331500385,1,9,0,18,0,8,0,0,0,0,1,1,1,1,33,6,-1,-1,-1,-1,2,-1
2015331500385,2,9,0,9,0,6,0,0,8,4,3,1,1,2,35,6,1994,2,7,-1,-1,-1
2015331500386,1,9,0,18,0,0,0,11,0,0,1,1,6,2,38,7,-1,-1,-1,-1,1,-1
2015331500387,1,9,0,17,0,0,0,0,1,4,1,1,6,1,51,8,1339,1,7,-1,2,-1
2015331500388,1,9,0,18,0,1,5,0,0,0,1,1,6,1,24,5,-1,-1,-1,-1,1,-1
2015331500389,1,3,0,18,0,8,0,0,0,0,2,1,6,1,43,7,124,1,1,-1,1,-1
2015331500389,2,9,0,5,0,4,0,0,0,0,1,1,6,1,60,9,1796,1,11,-1,-1,-1
2015331500390,1,9,0,17,0,0,0,0,1,4,1,1,6,1,20,4,1124,1,12,-1,2,-1
2015331500391,1,9,0,16,0,0,0,0,0,0,1,1,6,2,70,10,1956,2,3,-1,3,-1
2015331500391,2,9,0,17,0,0,0,0,0,0,1,1,6,1,25,5,-1,-1,-1,-1,1,-1
2015331500392,1,19,0,18,0,2,0,0,0,0,4,1,2,1,67,10,1753,2,5,-1,-1,-1
2015331500393,1,9,0,13,0,0,0,0,8,6,1,1,6,1,28,6,-1,-1,-1,-1,1,-1
2015331500393,2,9,0,18,0,0,0,1,0,0,1,1,6,1,44,7,1753,2,6,-1,1,-1
2015331500393,3,9,0,18,0,0,0,1,0,0,1,1,6,1,37,7,1995,2,1,-1,1,-1
2015331500393,4,9,0,18,0,0,0,1,0,0,1,1,6,1,61,9,1339,1,3,-1,1,-1
2015331500393,5,9,0,18,0,0,0,1,0,0,1,1,6,1,26,6,1560,2,11,-1,1,-1
2015331500394,1,19,0,13,0,8,0,0,0,0,1,1,6,1,-1,-1,-1,-1,-1,-1,-1,-1
2015331500394,2,9,0,9,0,5,0,0,0,0,3,1,6,1,22,5,-1,-1,-1,-1,-1,-1
2015331500395,1,19,0,13,0,0,0,0,0,0,0,1,6,1,-1,-1,-1,-1,-1,-1,-1,-1
2015331500395,2,1,0,18,0,0,0,0,0,0,1,1,6,2,47,8,-1,-1,-1,-1,1,-1
2015331500396,1,9,0,18,0,0,0,0,0,0,1,1,6,1,39,7,1997,1,10,-1,1,-1
2015331500396,2,9,0,18,0,0,0,0,1,0,1,1,6,1,77,11,998,1,5,-1,1,-1
2015331500397,1,9,0,18,0,4,0,0,0,0,1,1,6,2,82,11,1242,1,7,-1,1,-1
2015331500397,2,9,0,9,0,8,0,0,0,0,4,1,6,1,17,4,1242,1,3,-1,1,-1
2015331500398,1,9,0,18,0,0,0,0,7,0,3,1,6,2,17,4,998,1,14,-1,2,-1
2015331500398,2,9,0,18,0,0,0,0,0,0,3,1,3,2,38,7,-1,3,1,-1,-1,-1
2015331500399,1,19,0,9,0,5,0,0,0,0,1,1,1,1,44,7,-1,-1,-1,-1,1,-1
2015331500399,2,9,0,18,0,8,0,0,0,0,1,1,2,2,49,8,1398,1,2,-1,1,-1
2015331500400,1,9,0,4,0,2,0,0,0,0,3,1,6,1,21,5,999,1,2,-1,3,-1
2015331500401,1,9,0,16,0,0,2,0,1,11,1,1,6,2,19,4,1149,1,7,-1,3,-1
2015331500402,1,9,0,9,0,5,1,0,7,11,3,1,6,1,31,6,-1,-1,-1,-1,3,-1
2015331500402,2,9,0,13,0,8,2,0,0,0,1,1,2,1,18,4,1198,1,1,-1,-1,-1
2015331500403,1,9,0,18,0,0,0,0,5,4,1,1,2,1,25,5,-1,-1,-1,-1,-1,-1
2015331500404,1,11,0,18,2,0,0,0,0,0,1,1,1,1,55,8,-1,-1,-1,-1,1,-1
2015331500404,2,9,0,11,2,0,0,0,0,0,4,1,1,1,50,8,2993,2,7,-1,1,-1
2015331500405,1,9,0,16,0,0,0,10,0,0,1,1,6,2,20,4,1299,1,12,-1,3,-1
2015331500405,2,9,0,17,0,0,5,10,7,9,1,1,6,1,42,7,-1,-1,-1,-1,2,-1
2015331500406,1,10,0,2,0,0,0,0,0,0,3,1,6,2,35,6,2461,2,13,-1,2,-1
2015331500406,2,19,0,18,0,0,0,0,0,0,4,1,6,1,45,7,1896,2,8,-1,-1,-1
2015331500407,1,9,0,7,0,6,0,0,0,0,1,1,6,1,-1,-1,-1,-1,-1,-1,-1,-1
2015331500408,1,9,4,18,0,0,4,0,0,0,1,1,6,1,27,6,-1,-1,-1,-1,1,-1
2015331500409,1,9,0,7,0,6,0,0,0,0,1,1,6,1,75,10,-1,-1,-1,-1,3,-1
2015331500409,2,9,0,18,0,8,0,0,0,0,1,1,6,2,45,7,999,1,1,-1,3,-1
2015331500410,1,9,0,17,0,0,1,10,1,0,1,1,6,2,19,4,1199,1,12,-1,1,-1
2015331500411,1,9,0,5,0,4,0,0,0,0,1,1,1,1,45,7,1248,1,6,-1,-1,-1
2015331500411,2,1,0,18,0,8,0,0,0,0,1,1,6,1,24,5,-1,-1,-1,-1,1,-1
2015331500412,1,9,0,18,0,1,0,0,0,0,1,1,6,2,65,9,998,1,4,-1,1,-1
2015331500412,2,1,0,18,0,1,0,0,0,0,1,1,6,1,43,7,-1,-1,-1,-1,1,-1
2015331500412,3,9,0,3,0,1,0,0,0,0,0,1,6,3,-1,-1,-1,-1,-1,-1,-1,-1
2015331500413,1,9,0,4,0,0,0,0,0,0,2,1,3,1,51,8,1560,2,3,-1,3,-1
2015331500413,2,9,0,18,0,0,0,0,0,0,1,1,1,1,37,7,-1,-1,-1,-1,1,-1
2015331500413,3,11,0,5,0,0,0,0,0,0,0,1,1,3,-1,-1,-1,-1,-1,-1,-1,-1
2015331500414,1,9,0,18,0,1,0,0,0,0,3,1,3,2,33,6,1149,1,14,-1,1,-1
2015331500415,1,21,1,18,0,0,0,0,0,0,1,1,1,1,60,9,11705,2,4,-1,2,-1
2015331500415,2,21,1,4,0,0,0,0,0,0,2,1,1,1,29,6,10837,2,4,-1,1,-1
2015331500416,1,9,0,13,0,0,0,0,7,10,1,1,6,1,45,7,-1,-1,-1,-1,2,-1
2015331500416,2,9,0,17,0,0,0,0,0,0,1,1,2,2,45,7,1870,2,6,-1,1,-1
2015331500416,3,9,0,16,0,0,0,0,0,0,0,1,6,3,-1,-1,-1,-1,-1,-1,-1,-1
2015331500417,1,9,0,11,0,5,0,0,1,4,1,1,4,3,-1,-1,1968,2,7,-1,-1,-1
2015331500418,1,19,0,18,0,0,0,0,0,0,4,1,6,2,-1,-1,-1,-1,-1,-1,-1,-1
2015331500421,1,9,0,18,0,0,0,4,0,0,4,1,6,1,25,5,1242,1,2,-1,1,-1
2015331500421,2,19,0,2,0,0,0,0,0,0,2,1,6,3,-1,-1,1870,2,10,-1,-1,-1
2015331500422,1,2,0,14,0,0,1,0,0,0,1,1,6,1,16,4,49,1,4,-1,1,-1
2015331500423,1,9,0,7,0,2,0,0,0,0,3,1,2,1,67,10,1598,2,1,-1,1,-1
2015331500423,2,5,0,18,0,2,1,0,7,10,1,1,2,1,23,5,645,1,16,-1,1,-1
2015331500424,1,9,0,4,0,8,1,0,0,0,1,1,1,1,49,8,-1,-1,-1,-1,2,-1
2015331500424,2,9,0,9,0,6,0,0,1,11,3,1,6,2,42,7,1994,2,17,-1,3,-1
2015331500425,1,9,0,4,0,0,0,0,0,0,1,1,6,1,25,5,1242,1,3,-1,-1,-1
2015331500425,2,9,0,3,0,0,0,0,0,0,2,1,6,1,33,6,998,1,13,-1,1,-1
2015331500426,1,9,0,18,0,0,0,0,0,0,1,1,6,3,46,8,1560,2,1,-1,-1,-1
2015331500426,2,11,0,3,0,0,0,0,0,0,0,1,1,3,-1,-1,-1,-1,-1,-1,-1,-1
2015331500427,1,9,0,18,0,8,0,0,0,0,1,1,6,1,55,8,1994,1,8,-1,3,-1
2015331500427,2,9,0,9,0,5,0,0,0,0,1,1,6,1,20,4,1499,1,-1,-1,1,-1
2015331500428,1,9,0,18,0,8,0,0,0,0,2,1,6,1,50,8,2143,2,1,-1,1,-1
2015331500428,2,19,0,11,0,8,0,0,0,0,1,1,6,1,-1,-1,7146,2,2,-1,-1,-1
2015331500431,1,19,0,18,0,0,0,0,0,0,2,1,1,1,19,4,2151,2,13,-1,3,-1
2015331500431,2,9,0,18,0,0,0,0,0,0,2,1,6,2,73,10,1339,1,7,-1,1,-1
2015331500431,3,9,0,18,0,0,0,0,0,0,2,1,6,1,33,6,1910,2,7,-1,-1,-1
2015331500431,4,9,0,4,0,0,0,0,0,0,1,1,6,1,76,11,2401,2,7,-1,1,-1
2015331500431,5,20,0,18,0,0,5,10,0,0,4,1,1,1,25,5,2148,2,7,-1,2,-1
2015331500432,1,9,0,5,0,6,0,0,0,0,1,1,2,1,42,7,1999,1,8,-1,1,-1
2015331500432,2,1,0,18,0,8,0,0,0,0,1,1,6,1,30,6,-1,-1,-1,-1,1,-1
2015331500433,1,19,0,18,0,1,0,0,0,0,4,1,1,1,34,6,2198,2,-1,-1,1,-1
2015331500434,1,8,0,1,0,0,0,0,0,0,3,1,1,1,-1,-1,1997,2,10,-1,-1,-1
2015331500435,1,9,0,18,0,2,0,0,0,0,1,1,6,1,-1,-1,1910,2,9,-1,-1,-1
2015331500435,2,5,0,3,0,2,0,0,0,0,2,1,6,2,22,5,806,1,2,-1,2,-1
2015331500436,1,20,0,9,0,6,0,0,0,0,1,1,1,1,58,9,4461,2,3,-1,-1,-1
2015331500436,2,1,0,18,0,8,0,0,0,0,1,1,6,1,41,7,-1,-1,-1,-1,1,-1
2015331500437,1,9,0,18,0,6,1,0,7,1,1,1,6,2,62,9,-1,-1,-1,-1,1,-1
2015331500437,2,9,0,18,0,8,1,0,0,0,3,1,6,1,61,9,1591,1,1,-1,1,-1
2015331500438,1,9,0,12,0,8,5,0,1,1,3,1,6,1,76,11,-1,-1,-1,-1,3,-1
2015331500438,2,19,0,13,0,8,0,0,0,0,4,1,2,1,27,6,2198,2,4,-1,-1,-1
2015331500439,1,9,0,4,0,8,1,0,0,0,4,1,6,1,73,10,1998,2,9,-1,2,-1
2015331500439,2,9,0,5,0,6,0,0,0,0,1,1,6,1,61,9,1248,2,9,-1,1,-1
2015331500440,1,9,0,16,0,0,0,0,0,0,4,1,6,1,66,10,1560,2,3,-1,-1,-1
2015331500441,1,9,0,4,0,8,1,0,0,0,1,1,6,2,30,6,-1,-1,-1,-1,-1,-1
2015331500441,2,9,0,10,0,8,0,0,0,0,2,1,6,1,21,5,-1,-1,-1,-1,-1,-1
2015331500442,1,9,0,9,0,6,0,0,0,0,1,1,6,2,61,9,1796,2,3,-1,1,-1
2015331500442,2,9,0,18,0,8,0,0,1,2,4,1,6,2,30,6,1560,2,2,-1,1,-1
2015331500443,1,3,0,3,0,0,1,0,0,0,2,1,6,1,25,5,124,1,2,-1,1,-1
2015331500443,2,9,0,18,0,0,0,0,0,0,1,1,6,1,42,7,1598,1,13,-1,-1,-1
2015331500444,1,9,0,18,0,0,0,4,1,11,1,1,6,1,74,10,1998,2,9,-1,1,-1
2015331500444,2,9,0,2,0,0,0,0,0,0,1,1,6,3,-1,-1,1896,2,7,-1,-1,-1
2015331500445,1,9,0,18,0,4,0,0,0,0,1,1,1,2,26,6,1328,1,8,-1,2,-1
2015331500445,2,1,0,18,0,3,0,0,0,0,4,1,1,1,40,7,-1,-1,-1,-1,1,-1
2015331500446,1,9,0,9,0,5,0,0,0,0,1,1,2,2,42,7,1596,1,2,-1,1,-1
2015331500446,2,98,0,4,0,8,0,0,0,0,1,1,1,1,54,8,1560,2,2,-1,1,-1
2015331500446,3,90,0,18,0,1,0,0,0,0,0,1,1,3,-1,-1,-1,-1,-1,-1,-1,-1
2015331500447,1,20,0,5,0,0,0,0,0,0,4,1,1,1,52,8,3920,2,9,-1,1,-1
2015331500448,1,9,0,18,0,8,0,0,0,0,3,1,1,2,35,6,1598,1,8,-1,1,-1
2015331500448,2,5,0,18,0,3,0,0,0,0,4,1,6,1,41,7,998,1,8,-1,1,-1
2015331500449,1,9,0,18,0,0,1,0,0,0,4,1,2,2,50,8,-1,-1,-1,-1,1,-1
2015331500449,2,9,0,18,0,0,0,0,0,0,1,1,2,1,37,7,1968,2,7,-1,1,-1
2015331500451,1,19,0,18,0,8,0,0,0,0,4,1,1,1,33,6,-1,-1,-1,-1,1,-1
2015331500451,2,9,0,5,0,6,0,0,0,0,1,1,2,1,48,8,2148,2,12,-1,1,-1
2015331500452,1,9,0,17,0,8,0,0,0,0,4,1,2,2,20,4,998,1,12,-1,2,-1
2015331500452,2,9,0,7,0,6,0,0,0,0,1,1,2,2,64,9,1364,1,6,-1,-1,-1
2015331500453,1,9,0,18,0,0,0,0,0,0,1,1,6,2,50,8,1596,1,12,-1,1,-1
2015331500454,1,9,0,15,0,8,0,0,0,0,1,1,6,1,25,5,1461,2,4,-1,1,-1
2015331500454,2,19,0,3,0,1,0,0,0,0,0,1,1,1,46,8,-1,-1,-1,-1,-1,-1
2015331500454,3,9,0,9,0,5,0,0,0,0,1,1,2,2,55,8,998,1,15,-1,-1,-1
2015331500455,1,9,0,16,0,0,0,0,0,0,1,1,6,2,43,7,1590,1,15,-1,1,-1
2015331500456,1,9,0,7,0,6,0,0,0,0,3,1,6,1,44,7,2199,2,2,-1,2,-1
2015331500456,2,9,0,18,0,8,0,0,0,0,1,1,6,2,28,6,1910,2,8,-1,1,-1
2015331500457,1,9,0,18,0,8,0,0,0,0,1,1,6,1,49,8,1796,1,17,-1,1,-1
2015331500457,2,9,0,18,0,8,0,0,0,0,3,1,6,1,53,8,-1,-1,-1,-1,-1,-1
2015331500458,1,9,0,11,0,0,5,0,1,4,1,1,6,1,71,10,2149,2,8,-1,3,-1
2015331500461,1,9,0,16,0,0,2,0,2,4,4,1,6,2,18,4,-1,-1,-1,-1,3,-1
2015331500461,2,9,0,17,0,0,0,0,0,0,0,1,6,3,-1,-1,-1,-1,-1,-1,-1,-1
2015331500462,1,11,0,7,0,3,0,0,0,0,0,1,1,1,40,7,-1,-1,-1,-1,1,-1
2015331500464,1,9,0,18,0,8,0,0,0,0,4,1,6,1,26,6,-1,-1,-1,-1,1,-1
2015331500464,2,9,0,18,0,5,0,0,0,0,1,1,6,1,21,5,1598,1,12,-1,1,-1
2015331500465,1,1,0,18,0,8,0,0,0,0,1,1,6,1,27,6,-1,-1,-1,-1,1,-1
2015331500465,2,9,0,7,0,6,0,0,0,0,2,1,6,2,-1,-1,-1,-1,-1,-1,-1,-1
2015331500467,1,97,0,18,0,0,0,0,0,0,3,1,6,1,19,4,-1,-1,-1,-1,1,-1
2015331500467,2,3,0,18,0,0,0,0,0,0,4,1,6,1,19,4,-1,-1,-1,-1,1,-1
2015331500468,1,5,0,18,0,8,0,0,0,0,1,1,6,1,47,8,-1,-1,-1,-1,2,-1
2015331500468,2,9,0,9,0,5,0,0,0,0,4,1,1,1,54,8,1229,1,8,-1,2,-1
2015331500469,1,9,0,13,0,0,2,10,7,9,4,1,6,1,28,6,-1,-1,-1,-1,2,-1
2015331500469,2,19,4,16,0,0,0,0,0,0,3,1,2,1,44,7,2402,2,11,-1,1,-1
2015331500469,3,9,0,16,0,0,0,0,0,0,0,1,6,1,26,6,1598,2,3,-1,1,-1
2015331500470,1,9,0,4,0,8,1,0,0,0,2,1,6,1,20,4,1896,2,12,-1,-1,-1
2015331500470,2,9,0,10,0,8,0,0,1,4,1,1,6,2,49,8,1588,1,11,-1,-1,-1
2015331500470,3,9,0,18,0,8,0,0,0,0,1,1,6,1,28,6,1896,2,12,-1,-1,-1
2015331500472,1,9,0,16,0,0,0,0,0,0,1,1,1,1,25,5,1389,1,17,-1,1,-1
2015331500472,2,9,0,17,0,0,0,0,0,0,1,1,1,1,51,8,2993,2,6,-1,1,-1
2015331500473,1,9,0,18,0,0,0,0,1,5,1,1,6,1,31,6,1798,8,2,-1,1,-1
2015331500473,2,9,0,18,0,0,0,0,1,5,1,1,6,1,36,7,1995,1,7,-1,1,-1
2015331500474,1,9,0,9,0,6,0,0,0,0,1,1,2,1,17,4,-1,-1,-1,-1,3,-1
2015331500474,2,9,0,4,0,8,1,0,1,7,1,1,2,1,45,7,998,1,12,-1,3,-1
2015331500475,1,19,0,18,0,8,0,0,7,1,1,1,6,1,36,7,1998,2,9,-1,1,-1
2015331500475,2,9,0,18,0,6,0,0,0,0,1,1,6,2,32,6,-1,-1,-1,-1,1,-1
2015331500476,1,2,0,4,0,8,0,0,1,0,4,1,2,1,17,4,50,1,10,-1,1,-1
2015331500476,2,9,0,18,0,8,0,0,0,0,0,1,6,3,-1,-1,-1,-1,-1,-1,-1,-1
2015331500477,1,9,0,4,0,1,1,0,0,0,1,1,6,1,19,4,1124,1,14,-1,2,-1
2015331500477,2,9,0,3,0,1,0,0,0,0,2,1,6,3,-1,-1,-1,-1,-1,-1,-1,-1
2015331500478,1,9,0,18,0,1,0,0,0,0,1,1,2,2,36,7,998,1,1,-1,3,-1
2015331500478,2,9,0,3,0,1,0,0,0,0,2,1,2,1,43,7,1399,2,5,-1,2,-1
2015331500478,3,21,1,7,0,5,0,0,0,0,0,1,1,3,-1,-1,-1,-1,-1,-1,-1,-1
2015331500480,1,9,0,18,0,0,0,0,0,0,1,1,6,2,28,6,1686,2,4,-1,1,-1
2015331500481,1,19,0,18,0,8,0,0,0,0,1,1,1,1,43,7,1995,2,4,-1,3,-1
2015331500481,2,9,0,4,0,8,0,0,0,0,2,1,1,1,35,6,998,1,1,-1,1,-1
2015331500483,1,9,0,18,0,1,0,0,0,0,4,1,6,2,70,10,998,1,6,-1,1,-1
2015331500484,1,19,0,18,0,2,0,0,0,0,4,1,1,1,61,9,1998,1,15,-1,1,-1
2015331500484,2,9,0,2,0,2,0,0,0,0,0,1,6,3,-1,-1,-1,-1,-1,-1,-1,-1
2015331500485,1,9,0,4,0,8,0,0,0,0,1,1,6,1,67,10,2143,2,4,-1,1,-1
2015331500485,2,10,0,9,0,5,0,0,0,0,4,1,6,1,42,7,2464,2,8,-1,1,-1
2015331500486,1,9,0,18,0,8,0,0,7,0,1,1,6,2,51,8,1598,1,3,-1,3,-1
2015331500486,2,9,0,18,0,6,0,0,0,0,3,1,6,1,62,9,2171,1,12,-1,1,-1
2015331500487,1,9,0,17,0,0,1,0,7,9,3,1,6,2,38,7,1360,1,11,-1,1,-1
2015331500487,2,9,0,2,9,0,1,0,7,9,1,1,6,1,46,8,-1,-1,-1,-1,1,-1
2015331500488,1,9,0,18,0,8,0,0,0,0,1,1,6,1,26,6,998,1,12,-1,1,-1
2015331500488,2,9,0,9,0,6,0,0,0,0,1,1,6,2,20,4,1587,1,11,-1,1,-1
2015331500489,1,5,0,4,0,8,1,0,0,0,4,1,6,1,56,9,999,1,6,-1,3,-1
2015331500490,1,9,0,18,0,2,5,10,1,1,1,1,6,1,38,7,1995,2,7,-1,2,-1
2015331500491,1,9,0,9,0,5,1,0,1,0,4,1,6,2,26,6,-1,-1,-1,-1,1,-1
2015331500491,2,9,0,5,0,8,1,0,1,0,1,1,1,1,-1,-1,2993,2,4,-1,-1,-1
2015331500491,3,9,0,5,0,8,0,0,0,0,3,1,6,1,-1,-1,1560,2,8,-1,-1,-1
2015331500492,1,9,0,18,0,1,0,0,0,0,1,1,6,1,23,5,998,1,11,-1,1,-1
2015331500492,2,9,0,18,0,1,0,0,0,0,2,1,6,2,46,8,998,1,2,-1,1,-1
2015331500493,1,9,0,17,0,0,1,10,1,10,1,1,6,2,39,7,1598,1,9,-1,2,-1
2015331500494,1,9,0,18,0,6,0,0,0,0,4,1,6,1,51,8,998,1,2,-1,3,-1
2015331500494,2,9,0,9,0,8,0,0,0,0,1,1,6,2,41,7,1596,1,12,-1,2,-1
2015331500495,1,9,0,18,0,8,0,0,0,0,1,1,6,1,21,5,1199,1,13,-1,2,-1
2015331500495,2,19,0,10,0,8,0,0,0,0,2,1,1,1,22,5,-1,-1,-1,-1,1,-1
2015331500496,1,19,0,3,0,1,0,0,0,0,2,1,3,1,34,6,-1,-1,-1,-1,1,-1
2015331500496,2,9,0,4,0,1,0,0,0,0,1,1,1,1,25,5,1598,1,9,-1,1,-1
2015331500497,1,9,0,4,0,1,0,0,0,0,2,1,6,1,56,9,1896,2,12,-1,1,-1
2015331500497,2,9,0,1,0,1,5,0,0,0,1,1,6,3,-1,-1,1598,1,17,-1,-1,-1
2015331500497,3,1,0,5,0,1,0,0,0,0,0,1,6,3,-1,-1,-1,-1,-1,-1,-1,-1
2015331500498,1,5,0,4,0,0,1,0,0,0,1,1,6,1,21,5,599,1,21,-1,1,-1
2015331500498,2,9,0,3,0,0,0,0,0,0,1,1,6,1,64,9,1991,2,7,-1,1,-1
2015331500499,1,5,0,13,0,8,0,0,7,0,1,1,6,1,38,7,942,1,7,-1,-1,-1
2015331500499,2,9,0,9,0,5,0,0,0,0,3,1,6,2,44,7,1995,2,3,-1,1,-1
2015331500500,1,9,0,9,0,6,0,0,0,0,3,1,6,1,19,4,-1,-1,-1,-1,2,-1
2015331500500,2,9,0,18,0,8,0,0,0,0,1,1,6,1,30,6,1590,1,-1,-1,2,-1
2015331500501,1,9,0,18,0,1,0,0,0,0,4,1,6,1,68,10,1598,1,6,-1,1,-1
2015331500501,2,9,0,2,0,1,0,0,0,0,0,1,6,3,-1,-1,-1,-1,-1,-1,-1,-1
2015331500502,1,9,0,18,0,1,0,0,0,0,4,1,6,2,25,5,1896,2,11,-1,1,-1
2015331500503,1,9,0,4,0,8,1,0,0,0,1,1,1,1,30,6,1984,1,7,-1,1,-1
2015331500503,2,9,0,9,0,6,0,0,0,0,3,1,1,1,60,9,1988,1,12,-1,1,-1
2015331500504,1,9,0,6,0,8,0,0,7,0,2,1,6,1,70,10,1560,2,4,-1,2,-1
2015331500504,2,9,0,18,0,8,0,0,1,0,1,1,6,1,38,7,2446,2,14,-1,1,-1
2015331500505,1,9,0,18,0,0,0,0,0,0,4,1,6,2,24,5,-1,-1,-1,-1,1,-1
2015331500506,1,9,0,5,0,6,0,0,0,0,1,1,6,1,38,7,1910,2,7,-1,1,-1
2015331500506,2,9,0,18,0,8,0,0,0,0,1,1,6,2,41,7,1398,1,13,-1,1,-1
2015331500508,1,1,0,18,0,8,0,0,0,0,1,1,6,1,11,3,-1,-1,-1,-1,-1,-1
2015331500508,2,9,0,10,0,8,0,0,0,0,3,1,6,1,53,8,1388,1,9,-1,1,-1
2015331500509,1,9,0,18,0,1,0,0,0,0,1,1,6,1,25,5,1995,1,8,-1,-1,-1
2015331500509,2,1,0,18,0,1,0,0,0,0,2,1,6,1,42,7,-1,-1,-1,-1,1,-1
2015331500510,1,9,0,18,0,0,0,0,0,0,4,1,6,1,24,5,1560,2,10,-1,1,-1
2015331500511,1,19,0,3,0,1,0,0,0,0,2,1,1,1,35,6,1451,2,11,-1,1,-1
2015331500511,2,20,0,3,0,1,0,0,0,0,2,1,1,1,45,7,-1,-1,-1,-1,1,-1
2015331500511,3,9,0,18,0,1,0,0,0,0,1,1,6,2,45,7,1388,1,6,-1,1,-1
2015331500511,4,9,0,8,0,1,0,0,0,0,0,1,6,3,-1,-1,-1,-1,-1,-1,-1,-1
2015331500512,1,5,0,17,0,0,0,0,0,0,1,1,6,1,48,8,656,1,10,-1,1,-1
2015331500514,1,9,0,18,0,1,0,0,4,0,1,1,2,1,38,7,1390,1,18,-1,1,-1
2015331500514,2,9,0,4,0,1,0,0,0,0,2,1,1,2,36,7,999,1,3,-1,1,-1
2015331500514,3,9,0,4,0,1,0,0,0,0,2,1,2,2,50,8,1296,1,8,-1,1,-1
2015331500514,4,9,0,4,0,1,0,0,0,0,2,1,2,1,43,7,1461,2,4,-1,1,-1
2015331500515,1,9,0,9,0,6,0,0,0,0,1,1,6,1,38,7,1596,1,1,-1,1,-1
2015331500515,2,9,0,18,0,8,0,0,0,0,1,1,6,2,60,9,-1,-1,-1,-1,1,-1
2015331500516,1,9,0,2,0,2,0,0,0,0,2,1,6,2,22,5,-1,-1,-1,-1,1,-1
2015331500516,2,1,0,18,0,2,0,0,0,0,1,1,6,1,13,3,-1,-1,-1,-1,1,-1
2015331500516,3,1,0,18,0,2,0,0,0,0,0,1,6,3,-1,-1,-1,-1,-1,-1,-1,-1
2015331500517,1,9,0,18,0,8,0,0,0,0,1,1,6,1,46,8,2198,1,12,-1,1,-1
2015331500517,2,9,0,5,0,6,0,0,0,0,1,1,6,2,22,5,1242,1,3,-1,-1,-1
2015331500518,1,9,0,9,0,5,0,0,0,0,4,1,6,1,56,9,1240,1,12,-1,1,-1
2015331500518,2,1,0,18,0,8,0,0,0,0,1,1,6,1,18,4,-1,-1,-1,-1,1,-1
2015331500519,1,9,0,18,0,0,0,0,0,0,1,1,6,1,69,10,-1,-1,-1,-1,1,-1
2015331500519,2,9,0,18,0,0,0,0,0,0,1,1,6,1,68,10,1686,2,11,-1,1,-1
2015331500520,1,9,0,11,0,8,5,0,1,0,4,1,6,1,89,11,1781,1,19,-1,2,-1
2015331500520,2,9,0,18,0,8,0,10,0,0,1,1,6,1,38,7,2143,2,2,-1,2,-1
2015331500521,1,9,0,17,0,1,0,7,0,0,1,1,6,1,65,9,3528,1,-1,-1,1,-1
2015331500522,1,1,0,18,0,2,0,0,0,0,2,1,2,1,26,6,-1,-1,-1,-1,1,-1
2015331500522,2,9,0,5,0,2,0,0,0,0,1,1,6,1,-1,-1,-1,-1,-1,-1,-1,-1
2015331500523,1,9,0,9,0,5,0,0,0,0,1,1,6,1,20,4,-1,-1,-1,-1,1,-1
2015331500523,2,9,0,18,0,8,0,0,0,0,1,1,6,1,36,7,1061,1,9,-1,1,-1
2015331500524,1,9,0,18,0,0,1,0,1,9,1,1,1,2,51,8,-1,-1,-1,-1,1,-1
2015331500525,1,9,0,18,0,1,0,4,0,0,1,1,6,1,30,6,1390,1,11,-1,2,-1
2015331500525,2,9,0,2,0,1,0,0,1,10,2,1,6,2,64,9,1560,2,8,-1,3,-1
2015331500526,1,9,0,12,0,0,1,0,1,7,4,1,6,1,56,9,3199,1,16,-1,1,-1
2015331500526,2,9,0,18,0,0,1,0,1,7,3,1,6,1,21,5,1229,1,8,-1,1,-1
2015331500528,1,1,0,18,0,0,0,0,0,0,3,1,6,1,58,9,-1,-1,-1,-1,3,-1
2015331500528,2,9,0,13,0,0,0,0,0,0,4,1,6,1,-1,-1,-1,-1,-1,-1,-1,-1
2015331500529,1,19,0,18,0,0,0,0,0,0,4,1,6,3,35,6,-1,-1,-1,-1,-1,-1
2015331500530,1,9,0,5,0,0,0,0,0,0,1,1,6,1,40,7,-1,-1,-1,-1,-1,-1
2015331500531,1,9,0,9,0,5,0,0,0,0,1,1,6,2,73,10,1349,1,6,-1,1,-1