Accident_Index,Vehicle_Reference,Vehicle_Type,Towing_and_Articulation,Vehicle_Manoeuvre,Vehicle_Location-Restricted_Lane,Junction_Location,Skidding_and_Overturning,Hit_Object_in_Carriageway,Vehicle_Leaving_Carriageway,Hit_Object_off_Carriageway,1st_Point_of_Impact,Was_Vehicle_Left_Hand_Drive?,Journey_Purpose_of_Driver,Sex_of_Driver,Age_of_Driver,Age_Band_of_Driver,Engine_Capacity_(CC),Propulsion_Code,Age_of_Vehicle,Driver_IMD_Decile,Driver_Home_Area_Type,Vehicle_IMD_Decile
2015331500676,2,9,0,18,0,8,0,0,0,0,1,1,6,1,42,7,-1,-1,-1,-1,-1,-1
2015331500677,1,9,0,18,0,0,0,0,0,0,1,1,6,1,60,9,1596,1,10,-1,2,-1
2015331500677,2,1,0,3,0,0,0,0,0,0,3,1,6,1,47,8,-1,-1,-1,-1,1,-1
2015331500678,1,9,0,14,0,1,0,0,0,0,1,1,6,3,-1,-1,1595,1,1,-1,-1,-1
2015331500678,2,1,0,18,0,2,0,0,0,0,3,1,6,1,53,8,-1,-1,-1,-1,2,-1
2015331500679,1,20,0,18,0,0,0,0,0,0,1,1,1,1,37,7,5193,2,6,-1,1,-1
2015331500679,2,21,0,18,0,0,0,0,0,0,1,1,1,1,42,7,9290,2,2,-1,1,-1
2015331500679,3,9,0,18,0,0,0,0,0,0,3,1,1,1,58,9,1968,2,2,-1,-1,-1
2015331500679,4,19,0,18,0,0,0,0,0,0,4,1,1,2,22,5,-1,-1,-1,-1,3,-1
2015331500680,1,9,0,9,0,5,0,0,0,0,4,1,6,2,30,6,1248,2,7,-1,3,-1
2015331500680,2,9,0,18,0,8,0,0,0,0,1,1,2,1,19,4,-1,-1,-1,-1,2,-1
2015331500681,1,9,0,5,9,6,0,0,0,0,1,1,6,1,-1,-1,1299,1,13,-1,-1,-1
2015331500681,2,1,0,18,9,8,0,0,0,0,3,1,1,2,37,7,-1,-1,-1,-1,1,-1
2015331500682,1,9,0,18,0,1,0,0,0,0,1,1,6,2,41,7,-1,-1,-1,-1,1,-1
2015331500682,2,1,0,18,0,6,0,0,0,0,1,1,6,1,20,4,-1,-1,-1,-1,-1,-1
2015331500683,1,9,0,6,0,0,0,0,0,0,3,1,6,1,-1,-1,1400,1,13,-1,1,-1
2015331500683,2,11,0,18,0,0,0,0,0,0,3,1,1,1,35,6,6700,2,7,-1,1,-1
2015331500684,1,3,0,18,0,0,0,0,1,0,4,1,6,1,24,5,124,1,15,-1,1,-1
2015331500692,1,9,0,13,0,0,0,0,0,0,4,1,6,1,55,8,2184,2,5,-1,1,-1
2015331500692,2,3,0,18,0,0,0,0,0,0,3,1,6,1,33,6,124,1,6,-1,-1,-1
2015331500693,1,9,0,17,0,0,0,0,1,4,1,1,6,1,40,7,1968,2,3,-1,1,-1
2015331500694,1,5,0,13,0,0,0,0,7,0,1,1,6,1,46,8,645,1,8,-1,1,-1
2015331500694,2,9,0,17,0,0,0,0,7,10,1,1,6,1,28,6,1596,1,9,-1,3,-1
2015331500694,3,9,0,16,0,0,0,0,0,0,0,1,6,3,-1,-1,-1,-1,-1,-1,-1,-1
2015331500695,1,9,0,10,0,8,0,0,0,0,2,1,6,2,36,7,1200,1,-1,-1,1,-1
2015331500695,2,9,0,18,0,8,0,0,0,0,1,1,6,1,30,6,2148,2,8,-1,-1,-1
2015331500696,1,9,0,9,0,5,0,0,0,0,3,1,6,3,-1,-1,-1,-1,-1,-1,-1,-1
2015331500696,2,1,0,18,0,8,0,0,0,0,1,1,6,1,39,7,-1,-1,-1,-1,1,-1
2015331500698,1,19,0,18,0,0,0,0,0,0,1,1,1,1,40,7,2143,2,5,-1,1,-1
2015331500698,2,9,0,4,0,0,0,0,0,0,2,1,1,1,41,7,2179,2,3,-1,1,-1
2015331500698,3,9,0,3,0,0,0,0,0,0,2,1,2,2,28,6,1461,2,3,-1,-1,-1
2015331500698,4,19,0,3,0,0,0,0,0,0,2,1,1,1,35,6,1560,2,2,-1,1,-1
2015331500699,1,9,0,2,0,0,0,0,0,0,3,1,6,1,62,9,1870,2,11,-1,1,-1
2015331500699,2,1,0,18,0,0,0,8,0,0,4,1,4,2,13,3,-1,-1,-1,-1,1,-1
2015331500700,1,9,0,9,0,6,0,0,0,0,1,1,6,2,41,7,1968,2,1,-1,2,-1
2015331500700,2,9,0,18,0,8,0,0,0,0,1,1,6,1,48,8,1984,1,20,-1,2,-1
2015331500701,1,9,0,18,0,1,0,0,1,0,1,1,2,1,45,7,1968,2,8,-1,1,-1
2015331500701,2,9,0,3,0,1,0,0,0,0,2,1,6,2,30,6,1198,1,13,-1,1,-1
2015331500701,3,9,0,3,0,1,0,0,0,0,2,1,6,2,26,6,1149,1,8,-1,1,-1
2015331500701,4,9,0,3,0,1,0,0,0,0,4,1,6,1,68,10,1461,2,7,-1,1,-1
2015331500703,1,20,0,18,0,8,0,0,0,0,1,1,1,1,70,10,4462,2,2,-1,2,-1
2015331500703,2,9,0,3,0,8,0,0,0,0,2,1,2,2,50,8,1399,2,3,-1,3,-1
2015331500704,1,9,0,13,2,2,0,0,0,0,4,1,1,3,48,8,-1,-1,-1,-1,-1,-1
2015331500704,2,1,0,16,2,2,0,0,0,0,3,1,2,1,18,4,-1,-1,-1,-1,-1,-1
2015331500705,1,9,0,4,0,6,0,0,0,0,1,1,1,1,20,4,1242,1,5,-1,1,-1
2015331500705,2,21,0,18,0,8,0,0,0,0,4,1,1,1,39,7,10518,2,5,-1,2,-1
2015331500707,1,9,0,9,0,5,5,0,0,0,1,1,6,2,43,7,998,1,15,-1,1,-1
2015331500708,1,9,0,4,0,0,0,0,0,0,1,1,1,1,49,8,1995,2,3,-1,3,-1
2015331500708,2,9,0,4,0,0,0,0,0,0,2,1,1,1,52,8,1498,1,1,-1,1,-1
2015331500708,3,9,0,4,0,0,0,0,0,0,2,1,1,1,42,7,1461,2,1,-1,3,-1
2015331500709,1,1,0,18,0,8,0,0,0,0,2,1,6,1,-1,-1,-1,-1,-1,-1,-1,-1
2015331500709,2,9,0,18,0,1,0,0,0,0,1,1,6,3,-1,-1,-1,-1,-1,-1,-1,-1
2015331500710,1,9,0,18,0,8,1,0,1,4,1,1,6,1,21,5,1388,1,11,-1,3,-1
2015331500711,1,9,0,18,0,0,0,0,0,0,3,1,6,1,18,4,1587,1,9,-1,1,-1
2015331500711,2,9,0,13,0,0,0,0,0,0,4,1,6,1,-1,-1,1596,1,14,-1,-1,-1
2015331500712,1,9,0,7,0,6,0,0,0,0,1,1,1,1,33,6,1968,2,-1,-1,1,-1
2015331500712,2,3,0,18,0,8,0,0,0,0,4,1,1,1,23,5,124,1,8,-1,1,-1
2015331500713,1,8,0,18,0,0,0,0,1,11,1,1,1,1,-1,-1,-1,-1,-1,-1,-1,-1
2015331500714,1,21,2,4,0,0,0,0,0,0,1,1,6,1,-1,-1,-1,-1,-1,-1,-1,-1
2015331500714,2,9,0,3,0,0,0,0,0,0,2,1,6,2,37,7,1598,1,15,-1,1,-1
2015331500715,1,9,0,3,0,0,0,0,0,0,0,1,6,3,-1,-1,-1,-1,-1,-1,-1,-1
2015331500715,2,9,0,3,0,0,0,12,0,0,2,1,2,1,50,8,1998,2,9,-1,1,-1
2015331500715,3,9,0,4,0,0,0,0,0,0,1,1,2,2,19,4,998,1,7,-1,2,-1
2015331500716,1,2,0,4,0,4,1,0,0,0,4,1,2,1,16,4,49,1,1,-1,1,-1
2015331500716,2,9,0,9,0,8,0,0,0,0,0,1,6,3,-1,-1,-1,-1,-1,-1,-1,-1
2015331500717,1,9,0,18,0,0,0,0,0,0,1,1,2,1,44,7,1599,1,8,-1,1,-1
2015331500717,2,19,0,3,0,0,0,0,0,0,0,1,6,3,-1,-1,-1,-1,-1,-1,-1,-1
2015331500718,1,9,0,4,0,1,0,0,0,0,2,1,1,1,38,7,-1,-1,-1,-1,3,-1
2015331500718,2,11,0,4,0,1,0,0,0,0,1,1,1,1,27,6,7300,2,10,-1,-1,-1
2015331500719,1,1,0,18,0,4,0,0,0,0,1,1,2,1,26,6,-1,-1,-1,-1,1,-1
2015331500719,2,19,0,18,0,4,0,0,0,0,1,1,6,1,25,5,-1,-1,-1,-1,-1,-1
2015331500720,1,9,0,9,0,5,0,0,0,0,1,1,6,2,60,9,1422,2,12,-1,1,-1
2015331500720,2,9,0,18,0,8,0,0,1,11,1,1,6,1,29,6,1956,2,2,-1,1,-1
2015331500721,1,19,0,18,0,1,0,0,0,0,1,1,1,1,50,8,1248,2,9,-1,2,-1
2015331500721,2,9,0,3,0,1,0,0,0,0,2,1,6,2,32,6,1956,2,2,-1,1,-1
2015331500721,3,9,0,3,0,1,0,0,0,0,2,1,6,2,31,6,1390,1,8,-1,1,-1
2015331500721,4,9,0,3,0,1,0,0,0,0,2,1,6,1,61,9,1997,1,9,-1,3,-1
2015331500722,1,9,0,18,0,0,0,0,4,6,2,1,2,1,23,5,-1,-1,-1,-1,1,-1
2015331500722,2,21,0,13,0,0,0,0,0,0,1,1,1,1,-1,-1,6692,2,7,-1,1,-1
2015331500723,1,9,0,18,0,0,0,0,0,0,1,1,6,3,-1,-1,-1,-1,-1,-1,-1,-1
2015331500724,1,9,0,11,2,1,0,0,0,0,2,1,3,2,20,4,1390,1,8,-1,1,-1
2015331500724,2,19,0,15,2,1,0,0,0,0,1,1,1,1,20,4,-1,-1,-1,-1,-1,-1
2015331500725,1,9,0,13,0,0,1,0,0,0,1,1,2,2,37,7,1968,2,1,-1,2,-1
2015331500725,2,9,0,16,0,0,2,10,1,4,2,1,6,1,52,8,1997,2,12,-1,1,-1
2015331500726,1,9,0,3,0,1,0,0,0,0,4,1,6,2,26,6,1461,2,10,-1,-1,-1
2015331500726,2,1,0,15,0,1,0,0,0,0,3,1,6,1,24,5,-1,-1,-1,-1,1,-1
2015331500727,1,11,0,18,0,0,0,0,1,0,4,1,1,1,-1,-1,-1,-1,-1,-1,-1,-1
2015331500727,2,9,0,18,0,0,0,0,0,0,0,1,1,3,-1,-1,-1,-1,-1,-1,-1,-1
2015331500728,1,9,0,3,0,0,0,0,0,0,2,1,6,1,60,9,1560,2,2,-1,1,-1
2015331500728,2,9,0,18,0,0,0,0,0,0,1,1,6,1,30,6,-1,-1,-1,-1,-1,-1
2015331500729,1,9,0,9,5,5,0,0,0,0,0,1,6,2,35,6,2400,2,7,-1,-1,-1
2015331500729,2,1,0,18,0,8,0,0,0,0,0,1,1,2,48,8,-1,-1,-1,-1,1,-1
2015331500730,1,19,0,18,0,1,0,0,0,0,1,1,6,2,-1,-1,1968,2,8,-1,-1,-1
2015331500730,2,9,0,3,0,1,0,0,0,0,2,1,6,1,27,6,1199,1,14,-1,1,-1
2015331500731,1,11,0,18,0,1,0,0,0,0,4,1,1,1,40,7,-1,-1,-1,-1,-1,-1
2015331500732,1,9,0,11,0,4,0,0,0,0,4,1,6,1,20,4,-1,-1,-1,-1,-1,-1
2015331500732,2,5,0,18,0,4,0,0,0,0,1,1,6,1,21,5,599,1,16,-1,1,-1
2015331500733,1,9,0,7,0,5,0,0,0,0,4,1,6,1,40,7,1390,1,2,-1,-1,-1
2015331500733,2,4,0,15,0,8,0,0,0,0,1,1,6,1,59,9,-1,-1,-1,-1,1,-1
2015331500734,1,9,0,3,0,1,0,0,0,0,2,1,6,1,37,7,-1,-1,-1,-1,1,-1
2015331500734,2,9,0,18,0,1,0,0,0,0,1,1,6,1,50,8,-1,-1,-1,-1,-1,-1
2015331500735,1,9,0,2,0,1,0,0,0,0,4,1,6,1,38,7,1968,2,6,-1,2,-1
2015331500735,2,9,0,18,0,2,0,8,0,0,4,1,6,3,-1,-1,-1,-1,-1,-1,-1,-1
2015331500736,1,9,0,9,0,5,0,0,0,0,1,1,6,1,25,5,1598,1,10,-1,1,-1
2015331500736,2,1,0,18,0,8,0,0,0,0,1,1,6,2,55,8,-1,-1,-1,-1,1,-1
2015331500737,1,9,0,5,0,4,0,0,1,2,3,1,6,2,70,10,1339,1,13,-1,1,-1
2015331500737,2,9,0,18,0,8,0,0,0,0,1,1,6,1,68,10,1896,2,10,-1,1,-1
2015331500738,1,9,0,1,0,2,0,0,0,0,2,1,6,1,65,9,2397,1,15,-1,1,-1
2015331500739,1,9,0,4,0,0,0,0,0,0,1,1,2,1,28,6,1968,2,2,-1,2,-1
2015331500739,2,9,0,3,0,0,0,0,0,0,2,1,2,1,30,6,1995,2,2,-1,1,-1
2015331500741,1,9,0,18,0,0,0,0,0,0,4,1,6,1,40,7,1968,2,4,-1,1,-1
2015331500741,2,9,0,6,0,0,0,0,0,0,1,1,6,2,41,7,1850,1,15,-1,1,-1
2015331500742,1,9,0,16,0,0,0,0,8,2,4,1,6,1,19,4,1390,1,6,-1,1,-1
2015331500743,1,9,0,9,0,5,0,0,0,0,1,1,6,2,49,8,1299,1,11,-1,1,-1
2015331500743,2,9,0,18,0,8,0,0,0,0,1,1,6,2,42,7,1596,1,13,-1,1,-1
2015331500746,1,9,0,11,0,8,0,0,0,0,2,1,6,2,34,6,-1,-1,-1,-1,1,-1
2015331500746,2,9,0,18,0,8,0,0,0,0,1,1,6,1,-1,-1,1229,1,10,-1,-1,-1
2015331500747,1,9,0,4,0,0,0,0,1,4,4,1,6,2,24,5,2191,2,-1,-1,1,-1
2015331500747,2,9,0,12,0,0,0,0,0,0,0,1,6,3,-1,-1,-1,-1,-1,-1,-1,-1
2015331500748,1,9,0,16,0,0,0,0,0,0,1,1,6,2,44,7,1398,1,4,-1,-1,-1
2015331500748,2,9,0,17,0,0,0,0,0,0,3,1,2,1,47,8,1390,1,8,-1,-1,-1
2015331500749,1,9,0,16,0,1,0,0,0,0,1,1,6,1,-1,-1,3993,1,-1,-1,1,-1
2015331500749,2,98,0,18,0,1,0,0,7,6,4,1,1,1,55,8,-1,-1,-1,-1,1,-1
2015331500750,1,9,0,18,0,2,1,0,0,0,1,1,2,1,21,5,1686,2,5,-1,1,-1
2015331500750,2,9,0,3,0,1,0,0,0,0,1,1,2,2,20,4,1242,1,2,-1,2,-1
2015331500751,1,9,0,17,0,0,1,0,0,0,1,1,6,1,23,5,1999,1,6,-1,-1,-1
2015331500751,2,9,0,18,0,0,0,0,0,0,1,1,1,1,61,9,-1,-1,-1,-1,-1,-1
2015331500752,1,9,0,9,0,8,0,0,0,0,1,1,2,2,46,8,1360,1,6,-1,1,-1
2015331500753,1,9,0,9,0,8,0,0,0,0,3,1,6,1,47,8,2000,2,8,-1,1,-1
2015331500754,1,19,0,18,0,3,0,0,1,1,1,1,1,1,28,6,-1,-1,-1,-1,1,-1
2015331500754,2,9,0,11,0,3,1,0,1,1,4,1,6,2,68,10,1995,2,2,-1,1,-1
2015331500755,1,9,0,18,0,0,0,0,0,0,1,1,6,1,58,9,1796,1,1,-1,1,-1
2015331500755,2,9,0,18,0,0,0,0,0,0,2,1,6,1,30,6,1998,2,7,-1,2,-1
2015331500756,1,9,0,16,0,2,0,0,0,0,1,1,1,2,38,7,1360,1,8,-1,1,-1
2015331500757,1,9,0,10,0,8,0,0,0,0,2,1,3,2,31,6,1998,1,13,-1,1,-1
2015331500757,2,9,0,18,0,8,0,0,0,0,1,1,6,1,-1,-1,-1,-1,-1,-1,-1,-1
2015331500758,1,9,0,4,0,1,0,0,0,0,2,1,6,1,41,7,1390,1,6,-1,1,-1
2015331500758,2,9,0,4,0,1,0,0,0,0,2,1,6,2,51,8,1349,1,6,-1,1,-1
2015331500758,3,9,0,4,0,1,0,0,0,0,1,1,6,2,31,6,1396,1,18,-1,-1,-1
2015331500759,1,9,0,9,0,1,0,0,0,0,4,1,6,3,-1,-1,-1,-1,-1,-1,-1,-1
2015331500759,2,1,0,18,0,1,0,0,0,0,1,1,6,1,14,3,-1,-1,-1,-1,1,-1
2015331500760,1,9,0,18,0,0,0,0,0,0,1,1,6,2,43,7,1397,1,15,-1,1,-1
2015331500761,1,9,0,4,0,0,1,0,0,0,1,1,6,1,23,5,1995,2,10,-1,1,-1
2015331500761,2,9,0,5,0,0,0,0,0,0,1,1,6,1,27,6,1998,1,12,-1,1,-1
2015331500762,1,9,0,3,0,8,0,0,0,0,2,1,6,2,58,9,998,1,12,-1,1,-1
2015331500762,2,9,0,5,0,8,0,0,0,0,1,1,6,1,32,6,1896,2,12,-1,1,-1
2015331500763,1,9,0,4,0,0,0,0,0,0,1,1,1,2,26,6,1248,1,5,-1,1,-1
2015331500763,2,9,0,3,0,0,0,0,0,0,2,1,1,1,50,8,-1,-1,-1,-1,2,-1
2015331500764,1,9,0,18,0,0,0,0,0,0,1,1,2,1,28,6,973,1,13,-1,1,-1
2015331500764,2,9,0,18,0,0,0,0,0,0,3,1,6,2,67,10,1998,2,8,-1,3,-1
2015331500765,1,9,0,4,0,0,2,2,7,9,1,1,1,1,31,6,1560,2,2,-1,3,-1
2015331500766,1,9,0,18,0,0,5,0,0,0,1,1,6,1,18,4,1124,1,13,-1,1,-1
2015331500767,1,8,0,5,0,0,0,0,0,0,4,1,1,1,30,6,1896,2,7,-1,1,-1
2015331500772,1,9,0,18,0,6,0,0,0,0,1,1,1,2,27,6,1242,1,18,-1,1,-1
2015331500772,2,9,0,18,0,8,0,0,0,0,4,1,1,2,43,7,998,1,2,-1,1,-1
2015331500773,1,19,0,16,0,0,0,0,0,0,4,1,2,1,54,8,1248,2,2,-1,1,-1
2015331500774,1,8,0,18,0,1,1,0,7,11,1,1,1,1,50,8,2460,2,8,-1,-1,-1
2015331500775,1,19,0,16,0,2,0,0,0,0,4,1,6,3,-1,-1,-1,-1,-1,-1,-1,-1
2015331500776,1,9,0,17,0,0,2,0,7,9,1,1,6,1,-1,-1,1999,1,8,-1,-1,-1
2015331500777,1,9,0,4,0,1,1,0,0,0,1,1,1,1,48,8,-1,-1,-1,-1,1,-1
2015331500777,2,9,0,4,0,1,0,0,0,0,2,1,6,1,32,6,1364,1,9,-1,1,-1
2015331500777,3,9,0,7,0,3,0,0,0,0,0,1,6,3,-1,-1,-1,-1,-1,-1,-1,-1
2015331500778,1,9,0,5,0,1,0,0,0,0,1,1,6,1,53,8,1598,1,6,-1,1,-1
2015331500779,1,9,0,4,0,8,0,0,0,0,1,1,2,1,49,8,1587,1,12,-1,1,-1
2015331500779,2,1,0,18,0,8,0,0,0,0,1,1,6,1,21,5,-1,-1,-1,-1,1,-1
2015331500780,1,9,0,16,0,0,5,0,7,10,1,1,6,1,19,4,1149,1,12,-1,2,-1
2015331500781,1,5,0,4,0,0,1,10,7,0,1,1,6,1,49,8,1157,1,9,-1,1,-1
2015331500782,1,9,0,18,0,1,0,0,0,0,1,1,2,2,18,4,1598,1,12,-1,1,-1
2015331500783,1,5,0,18,0,3,0,0,0,0,4,1,6,1,55,8,748,1,19,-1,2,-1
2015331500784,1,9,0,18,0,8,0,0,0,0,1,1,1,2,60,9,1781,1,20,-1,1,-1
2015331500784,2,9,0,9,0,5,0,0,0,0,1,1,6,2,49,8,1086,1,13,-1,-1,-1
2015331500785,1,9,0,9,0,4,0,0,0,0,1,1,6,1,63,9,2231,2,5,-1,1,-1
2015331500785,2,1,0,9,0,8,0,0,0,0,1,1,6,1,30,6,-1,-1,-1,-1,1,-1
2015331500786,1,9,0,18,0,0,1,0,0,0,1,1,2,2,25,5,1497,8,11,-1,1,-1
2015331500786,2,9,0,18,0,0,0,0,7,0,1,1,2,1,47,8,1968,2,3,-1,-1,-1
2015331500787,1,9,0,12,0,1,0,0,0,0,1,1,6,2,21,5,1199,1,12,-1,1,-1
2015331500787,2,9,0,3,0,1,0,0,0,0,2,1,1,1,25,5,1598,2,4,-1,1,-1
2015331500788,1,9,0,2,0,1,0,0,0,0,3,1,1,2,42,7,1124,1,11,-1,1,-1
2015331500788,2,1,0,18,0,1,0,8,0,0,4,1,6,1,10,2,-1,-1,-1,-1,1,-1
2015331500789,1,9,0,16,0,2,1,0,0,0,1,1,6,1,27,6,1998,1,2,-1,-1,-1
2015331500789,2,19,0,4,0,1,0,0,0,0,1,1,1,1,64,9,2287,2,2,-1,1,-1
2015331500790,1,1,0,18,0,1,0,10,0,0,1,1,6,1,27,6,-1,-1,-1,-1,1,-1
2015331500790,2,9,0,2,0,1,0,0,0,0,0,1,6,3,-1,-1,999,1,14,-1,-1,-1
2015331500790,3,90,0,9,0,2,0,0,0,0,0,1,1,3,-1,-1,-1,-1,-1,-1,-1,-1
2015331500790,4,9,0,2,0,1,0,0,0,0,0,1,6,3,-1,-1,1398,2,11,-1,-1,-1
2015331500791,1,9,0,11,0,1,0,0,0,0,4,1,1,3,-1,-1,-1,-1,-1,-1,-1,-1
2015331500791,2,1,0,18,4,1,0,0,0,0,3,1,6,2,43,7,-1,-1,-1,-1,1,-1
2015331500792,1,9,0,18,0,0,1,0,7,6,1,1,6,1,45,7,2967,2,1,-1,1,-1
2015331500792,2,9,0,18,0,0,1,0,8,6,2,1,1,1,58,9,1461,2,8,-1,1,-1
2015331500792,3,21,1,18,0,0,0,0,0,0,1,1,1,1,32,6,12777,2,3,-1,-1,-1
2015331500793,1,9,0,9,0,6,0,0,0,0,1,1,6,1,65,9,1968,2,5,-1,1,-1
2015331500793,2,9,0,18,0,6,0,0,0,0,1,1,6,2,74,10,1339,1,5,-1,1,-1
2015331500794,1,9,0,9,0,6,0,0,0,0,1,1,6,2,36,7,-1,-1,-1,-1,1,-1
2015331500794,2,1,0,18,0,1,0,0,0,0,4,1,6,1,12,3,-1,-1,-1,-1,1,-1
2015331500795,1,19,0,16,0,0,0,0,0,0,1,1,1,1,59,9,2198,2,-1,-1,1,-1
2015331500795,2,9,0,17,0,0,0,0,0,0,1,1,6,2,44,7,-1,-1,-1,-1,3,-1
2015331500796,1,9,0,16,0,0,0,0,1,0,3,1,6,2,52,8,-1,-1,-1,-1,1,-1
2015331500796,2,9,0,2,9,0,0,0,0,0,3,1,6,3,-1,-1,1998,1,11,-1,-1,-1
2015331500796,3,9,0,2,9,0,0,0,0,0,1,1,6,3,-1,-1,1686,2,13,-1,-1,-1
2015331500796,4,9,0,2,9,0,0,0,0,0,2,1,6,3,-1,-1,1339,1,11,-1,-1,-1
2015331500797,1,9,0,11,0,0,0,0,0,0,0,1,6,3,-1,-1,-1,-1,-1,-1,-1,-1
2015331500797,2,11,0,18,0,0,0,0,0,0,0,1,1,1,61,9,3900,2,10,-1,1,-1
2015331500798,1,9,0,16,0,0,1,0,7,4,1,1,6,1,17,4,1229,1,2,-1,1,-1
2015331500799,1,9,0,18,0,0,0,0,0,0,1,1,6,2,53,8,1461,2,1,-1,3,-1
2015331500799,2,9,0,18,0,0,0,0,1,10,1,1,6,2,31,6,2987,2,5,-1,2,-1
2015331500800,1,9,0,9,0,8,0,0,0,0,3,1,6,1,31,6,1968,2,3,-1,1,-1
2015331500800,2,3,0,18,0,8,0,0,0,0,1,1,6,1,42,7,125,1,5,-1,1,-1
2015331500801,1,9,0,9,0,6,0,0,0,0,1,1,2,1,46,8,1240,1,10,-1,2,-1
2015331500801,2,1,0,9,0,5,0,0,0,0,1,1,6,1,21,5,-1,-1,-1,-1,3,-1
2015331500802,1,9,0,1,0,2,0,0,0,0,2,1,6,2,-1,-1,-1,-1,-1,-1,-1,-1
2015331500803,1,9,0,18,0,8,0,0,0,0,1,1,6,3,-1,-1,-1,-1,-1,-1,-1,-1
2015331500804,1,9,0,9,0,6,0,0,0,0,1,1,6,3,-1,-1,1043,1,19,-1,-1,-1
2015331500804,2,9,0,18,0,8,0,0,0,0,3,1,6,1,49,8,1968,2,5,-1,1,-1
2015331500805,1,9,0,4,0,0,0,0,0,0,2,1,6,2,54,8,1248,1,4,-1,-1,-1
2015331500806,1,9,0,17,0,0,0,0,0,0,1,1,2,1,50,8,-1,-1,-1,-1,3,-1
2015331500806,2,9,0,2,0,0,0,0,1,11,1,1,6,2,87,11,1396,1,2,-1,3,-1
2015331500807,1,9,0,16,0,0,0,0,0,0,1,1,6,1,49,8,1686,2,10,-1,1,-1
2015331500807,2,19,0,3,0,0,0,0,0,0,0,1,1,3,-1,-1,-1,-1,-1,-1,-1,-1
2015331500808,1,3,0,4,0,1,1,0,0,0,3,1,6,1,18,4,125,1,3,-1,1,-1
2015331500809,1,9,0,18,0,2,0,0,0,0,1,1,6,2,85,11,1598,1,15,-1,1,-1
2015331500810,1,9,0,18,0,8,0,0,0,0,1,1,6,2,78,11,1197,1,-1,-1,2,-1
2015331500810,2,9,0,5,0,8,1,0,0,3,3,1,6,1,54,8,2143,2,2,-1,1,-1
2015331500811,1,9,0,18,0,8,0,0,1,1,1,1,6,1,39,7,1990,1,21,-1,1,-1
2015331500811,2,9,0,18,0,8,0,0,1,0,2,1,6,1,49,8,1596,1,16,-1,1,-1
2015331500812,1,9,0,18,0,0,0,0,0,0,1,1,2,1,28,6,1968,2,8,-1,1,-1
2015331500812,2,11,0,3,0,0,0,0,0,0,0,1,1,3,-1,-1,-1,-1,-1,-1,-1,-1
2015331500812,3,19,0,3,0,0,0,0,0,0,0,1,6,3,-1,-1,-1,-1,-1,-1,-1,-1
2015331500813,1,9,0,9,0,8,1,0,1,2,1,1,1,2,20,4,1388,1,12,-1,2,-1
2015331500814,1,9,0,18,0,0,2,0,5,6,1,1,6,1,44,7,1248,2,-1,-1,1,-1
2015331500815,1,9,0,16,0,8,0,0,0,0,1,1,6,1,71,10,1796,1,11,-1,1,-1
2015331500816,1,9,0,18,0,0,0,0,0,0,1,1,6,1,27,6,1598,1,11,-1,1,-1
2015331500816,2,9,0,18,0,0,0,0,0,0,2,1,6,2,34,6,-1,-1,-1,-1,2,-1
2015331500817,1,9,0,3,0,1,0,0,0,0,2,1,2,2,42,7,1240,1,12,-1,1,-1
2015331500817,2,3,0,4,0,1,0,0,0,0,1,1,6,1,35,6,125,1,3,-1,1,-1
2015331500818,1,9,0,11,0,8,0,0,0,0,1,1,1,1,50,8,-1,-1,-1,-1,-1,-1
2015331500818,2,98,0,3,0,8,0,0,0,0,2,1,1,1,30,6,6692,2,5,-1,-1,-1
2015331500819,1,9,0,4,0,1,0,0,0,0,1,1,6,2,35,6,-1,-1,-1,-1,1,-1
2015331500820,1,3,0,17,0,2,0,0,0,0,1,1,1,1,30,6,124,1,5,-1,1,-1
2015331500820,2,1,0,5,0,2,0,0,0,0,1,1,4,1,12,3,-1,-1,-1,-1,1,-1
2015331500821,1,9,0,9,0,5,0,0,0,0,1,1,6,1,89,11,1198,1,-1,-1,1,-1
2015331500821,2,9,0,7,0,5,0,0,0,0,1,1,6,1,36,7,-1,-1,-1,-1,3,-1
2015331500822,1,9,0,12,0,8,0,0,0,0,2,1,6,3,-1,-1,-1,-1,-1,-1,-1,-1
2015331500822,2,9,0,4,0,8,1,0,0,0,1,1,2,1,44,7,1396,1,16,-1,1,-1
2015331500822,3,9,0,5,0,6,0,0,0,0,0,1,1,2,59,9,1197,1,5,-1,1,-1
2015331500823,1,9,0,18,0,0,0,0,0,0,1,1,2,2,55,8,1198,1,2,-1,2,-1
2015331500824,1,9,0,5,0,6,0,0,0,0,1,1,6,1,88,11,2496,1,13,-1,3,-1
2015331500824,2,1,0,18,0,8,0,0,0,0,4,1,6,1,49,8,-1,-1,-1,-1,1,-1
2015331500825,1,9,0,18,0,0,0,0,0,0,1,1,6,1,51,8,4999,1,6,-1,1,-1
2015331500826,1,9,0,18,0,8,0,0,1,4,1,1,6,1,79,11,1598,2,3,-1,1,-1
2015331500826,2,9,0,18,0,8,0,0,0,0,1,1,2,2,18,4,1198,1,11,-1,2,-1
2015331500826,3,19,0,5,0,6,0,0,0,0,0,1,6,3,-1,-1,-1,-1,-1,-1,-1,-1
2015331500827,1,2,0,11,0,0,0,0,0,0,1,1,2,1,16,4,124,1,3,-1,-1,-1