Accident_Index,Vehicle_Reference,Vehicle_Type,Towing_and_Articulation,Vehicle_Manoeuvre,Vehicle_Location-Restricted_Lane,Junction_Location,Skidding_and_Overturning,Hit_Object_in_Carriageway,Vehicle_Leaving_Carriageway,Hit_Object_off_Carriageway,1st_Point_of_Impact,Was_Vehicle_Left_Hand_Drive?,Journey_Purpose_of_Driver,Sex_of_Driver,Age_of_Driver,Age_Band_of_Driver,Engine_Capacity_(CC),Propulsion_Code,Age_of_Vehicle,Driver_IMD_Decile,Driver_Home_Area_Type,Vehicle_IMD_Decile
2015331500980,2,5,0,18,0,8,0,0,0,0,1,1,6,1,19,4,600,1,20,-1,3,-1
2015331500981,1,9,0,18,0,2,0,0,0,0,4,1,6,3,-1,-1,-1,-1,-1,-1,-1,-1
2015331500982,1,9,0,18,0,8,0,0,0,0,4,1,6,1,43,7,1910,2,8,-1,1,-1
2015331500982,2,1,0,18,0,6,0,0,0,0,1,1,6,1,11,3,-1,-1,-1,-1,1,-1
2015331500983,1,9,0,3,0,4,0,0,0,0,3,1,2,2,27,6,1199,1,12,-1,2,-1
2015331500983,2,9,0,18,0,8,0,0,0,0,1,1,2,1,22,5,1598,1,3,-1,1,-1
2015331500983,3,9,0,3,0,8,0,0,0,0,0,1,6,3,-1,-1,-1,-1,-1,-1,-1,-1
2015331500984,1,9,0,18,0,5,0,0,0,0,1,1,3,1,35,6,2198,1,12,-1,1,-1
2015331500985,1,9,0,18,0,2,0,0,0,0,1,1,6,1,64,9,-1,-1,-1,-1,-1,-1
2015331500985,2,1,0,18,0,2,0,0,0,0,1,1,6,1,15,3,-1,-1,-1,-1,-1,-1
2015331500986,1,1,0,18,0,8,0,0,0,0,4,1,2,1,49,8,-1,-1,-1,-1,1,-1
2015331500986,2,1,0,18,0,6,0,0,0,0,1,1,6,1,-1,-1,-1,-1,-1,-1,-1,-1
2015331500987,1,5,0,18,0,8,0,0,0,0,1,1,2,1,53,8,998,1,6,-1,3,-1
2015331500987,2,9,0,7,0,6,0,0,0,0,3,1,6,1,57,9,1995,2,7,-1,1,-1
2015331500988,1,9,0,18,0,8,0,0,0,0,1,1,6,1,60,9,1598,1,12,-1,1,-1
2015331500988,2,1,0,18,0,6,0,0,0,0,1,1,6,1,35,6,-1,-1,-1,-1,-1,-1
2015331500989,1,3,0,13,0,0,0,0,0,0,3,1,2,1,17,4,124,1,1,-1,1,-1
2015331500989,2,19,0,12,0,0,0,0,0,0,0,1,6,3,-1,-1,-1,-1,-1,-1,-1,-1
2015331500990,1,5,0,18,0,8,1,10,0,0,1,1,2,1,25,5,599,1,17,-1,1,-1
2015331500990,2,9,0,3,0,1,0,0,0,0,3,1,1,1,52,8,-1,-1,-1,-1,1,-1
2015331500991,1,11,0,18,0,1,0,0,0,0,4,1,1,1,56,9,4250,2,12,-1,1,-1
2015331500992,1,9,0,18,0,8,0,0,1,0,1,1,6,2,21,5,998,1,8,-1,2,-1
2015331500992,2,1,0,9,0,8,0,0,1,0,2,1,6,1,70,10,-1,-1,-1,-1,2,-1
2015331500993,1,8,0,5,0,8,0,0,0,0,4,1,1,1,55,8,1686,2,2,-1,1,-1
2015331500993,2,9,0,18,0,8,0,0,0,0,1,1,6,2,34,6,1240,1,7,-1,1,-1
2015331500994,1,9,0,9,0,5,0,0,0,0,4,1,2,2,61,9,1995,2,3,-1,3,-1
2015331500994,2,3,0,15,0,8,0,0,0,0,1,1,6,1,17,4,125,1,2,-1,1,-1
2015331500994,3,19,0,10,0,8,0,0,0,0,0,1,6,3,-1,-1,-1,-1,-1,-1,-1,-1
2015331500995,1,9,0,9,0,5,0,0,0,0,1,1,6,1,18,4,1242,1,9,-1,1,-1
2015331500995,2,9,0,18,0,8,0,0,0,0,1,1,6,2,71,10,1198,1,6,-1,1,-1
2015331500996,1,9,0,9,0,8,0,0,0,0,1,1,1,1,56,9,-1,-1,-1,-1,-1,-1
2015331500996,2,9,0,2,0,8,0,0,0,0,0,1,1,1,56,9,1395,8,-1,-1,-1,-1
2015331500997,1,4,0,18,0,0,0,0,0,0,4,1,6,1,82,11,150,1,43,-1,1,-1
2015331500998,1,1,0,18,0,0,0,0,0,0,1,1,6,1,20,4,-1,-1,-1,-1,1,-1
2015331500999,1,20,0,11,0,3,0,0,0,0,1,1,1,1,47,8,6370,2,9,-1,1,-1
2015331500999,2,9,0,18,0,3,1,0,0,0,2,1,2,2,21,5,1299,1,12,-1,1,-1
2015331501000,1,8,0,18,0,0,0,0,0,0,4,1,1,1,63,9,1968,2,2,-1,-1,-1
2015331501000,2,19,0,2,0,0,0,0,0,0,0,1,6,3,-1,-1,-1,-1,-1,-1,-1,-1
2015331501001,1,9,0,4,0,8,0,0,0,0,1,1,6,1,33,6,1686,2,10,-1,2,-1
2015331501001,2,9,0,5,0,6,0,0,0,0,2,1,6,2,44,7,1968,2,2,-1,2,-1
2015331501001,3,9,0,8,0,1,0,0,0,0,3,1,6,2,49,8,1240,1,12,-1,3,-1
2015331501002,1,9,0,18,0,8,2,9,3,1,1,1,6,1,83,11,998,1,6,-1,2,-1
2015331501003,1,9,0,5,0,6,0,0,0,0,3,1,6,1,53,8,-1,-1,-1,-1,3,-1
2015331501003,2,3,0,4,0,8,1,0,0,0,4,1,6,1,29,6,124,1,7,-1,1,-1
2015331501004,1,9,0,18,0,2,0,0,0,0,1,1,6,1,18,4,973,1,15,-1,1,-1
2015331501004,2,1,0,18,0,2,0,0,0,0,1,1,6,1,14,3,-1,-1,-1,-1,1,-1
2015331501005,1,5,0,4,0,8,1,10,0,0,1,1,6,1,57,9,656,1,3,-1,1,-1
2015331501006,1,9,0,18,0,0,0,0,0,0,0,1,1,1,34,6,1753,2,4,-1,-1,-1
2015331501006,2,3,0,11,0,0,0,0,0,0,1,1,6,1,19,4,124,1,10,-1,1,-1
2015331501006,3,19,0,4,0,0,0,0,0,0,2,1,6,1,22,5,-1,-1,-1,-1,-1,-1
2015331501007,1,5,0,16,0,0,0,10,1,11,1,1,6,1,25,5,599,1,17,-1,2,-1
2015331501008,1,9,0,6,0,0,5,0,0,0,1,1,6,1,85,11,1298,1,10,-1,2,-1
2015331501008,2,9,0,18,0,0,0,0,7,4,1,1,2,2,25,5,1242,1,3,-1,1,-1
2015331501009,1,9,0,9,0,8,0,0,0,0,3,1,6,1,58,9,998,1,1,-1,1,-1
2015331501009,2,9,0,18,0,8,0,0,0,0,4,1,6,2,33,6,1896,2,10,-1,1,-1
2015331501010,1,9,0,6,0,8,0,0,0,0,3,1,6,1,57,9,1246,1,8,-1,3,-1
2015331501010,2,9,0,6,0,8,0,0,0,0,4,1,6,1,83,11,1329,1,5,-1,3,-1
2015331501011,1,9,0,18,0,4,0,0,0,0,1,1,2,2,41,7,1799,1,7,-1,2,-1
2015331501011,2,1,0,9,0,8,1,0,0,0,1,1,2,2,51,8,-1,-1,-1,-1,2,-1
2015331501012,1,8,0,5,0,1,0,0,0,0,1,1,6,1,32,6,2204,2,10,-1,1,-1
2015331501013,1,9,0,5,0,6,1,0,7,9,1,1,2,1,37,7,1398,2,2,-1,2,-1
2015331501013,2,9,0,18,0,8,0,0,0,0,3,1,6,1,28,6,1398,2,7,-1,1,-1
2015331501014,1,9,0,5,0,6,0,0,0,0,1,1,6,1,59,9,1794,1,15,-1,2,-1
2015331501014,2,9,0,7,0,8,0,10,7,0,1,1,6,1,33,6,1991,2,10,-1,1,-1
2015331501015,1,9,0,17,0,0,1,0,1,9,3,1,6,1,34,6,1595,1,24,-1,2,-1
2015331501017,1,9,0,18,0,2,0,0,0,0,1,1,2,2,58,9,1598,1,15,-1,1,-1
2015331501017,2,1,0,9,0,6,0,0,0,0,3,1,6,1,8,2,-1,-1,-1,-1,2,-1
2015331501018,1,9,0,9,0,6,0,0,0,0,4,1,6,2,22,5,1968,2,1,-1,1,-1
2015331501018,2,5,0,18,0,8,0,0,0,0,1,1,6,2,44,7,-1,-1,-1,-1,1,-1
2015331501020,1,9,0,5,0,0,0,0,0,0,3,1,6,2,25,5,998,1,-1,-1,-1,-1
2015331501020,2,8,0,3,0,0,0,0,0,0,4,1,6,1,40,7,1910,2,10,-1,-1,-1
2015331501021,1,9,0,1,9,0,0,10,1,0,2,1,6,2,25,5,1686,2,11,-1,1,-1
2015331501022,1,11,0,18,2,0,0,0,0,0,4,1,1,3,40,7,-1,-1,-1,-1,-1,-1
2015331501023,1,9,0,16,0,0,0,0,0,0,1,1,6,1,30,6,1997,2,8,-1,-1,-1
2015331501023,2,5,0,13,0,0,0,0,0,0,1,1,6,1,67,10,800,1,36,-1,-1,-1
2015331501023,3,9,0,17,0,0,0,0,0,0,0,1,6,3,-1,-1,-1,-1,-1,-1,-1,-1
2015331501025,1,9,0,7,0,3,5,0,4,0,1,1,6,1,19,4,-1,-1,-1,-1,1,-1
2015331501026,1,1,0,18,0,6,0,0,0,0,1,1,6,1,40,7,-1,-1,-1,-1,1,-1
2015331501026,2,9,0,18,0,1,0,0,0,0,1,1,6,2,55,8,1398,1,1,-1,1,-1
2015331501027,1,9,0,5,0,6,0,0,0,0,1,1,6,2,40,7,-1,-1,-1,-1,1,-1
2015331501027,2,3,0,18,0,8,0,0,0,0,1,1,1,1,21,5,125,1,3,-1,2,-1
2015331501028,1,22,0,18,0,0,0,0,0,0,1,1,6,1,73,10,-1,-1,-1,-1,-1,-1
2015331501029,1,9,0,14,0,0,0,0,0,0,3,1,6,1,31,6,2993,2,2,-1,2,-1
2015331501029,2,3,0,13,0,0,0,0,0,0,4,1,1,1,22,5,124,1,-1,-1,1,-1
2015331501029,3,90,0,3,0,0,0,0,0,0,0,1,1,3,-1,-1,-1,-1,-1,-1,-1,-1
2015331501030,1,9,0,16,0,0,1,0,1,9,2,1,2,1,29,6,1995,2,11,-1,2,-1
2015331501031,1,9,0,16,0,0,0,0,0,0,3,1,6,1,50,8,2495,2,17,-1,3,-1
2015331501031,2,9,0,17,0,0,0,0,0,0,3,1,6,1,54,8,2926,2,13,-1,1,-1
2015331501032,1,9,0,18,0,0,1,0,1,0,1,1,6,1,24,5,1896,2,8,-1,1,-1
2015331501033,1,5,0,4,0,0,0,0,0,0,3,1,1,1,50,8,599,1,16,-1,3,-1
2015331501034,1,11,0,18,0,0,0,0,0,0,1,1,1,2,27,6,9600,2,18,-1,2,-1
2015331501038,1,1,0,15,0,8,0,0,0,0,1,1,6,1,36,7,-1,-1,-1,-1,1,-1
2015331501038,2,9,0,7,0,5,0,0,0,0,4,1,2,1,68,10,2993,2,1,-1,1,-1
2015331501039,1,9,0,18,0,4,0,0,0,0,3,1,6,1,24,5,999,1,-1,-1,1,-1
2015331501039,2,5,0,18,0,8,0,0,0,0,1,1,6,2,54,8,1255,1,4,-1,-1,-1
2015331501040,1,9,0,9,0,6,0,0,0,0,3,1,6,1,77,11,1396,1,12,-1,3,-1
2015331501040,2,3,0,4,0,8,0,0,0,0,1,1,2,2,21,5,124,1,-1,-1,1,-1
2015331501041,1,9,0,10,0,8,0,0,0,0,2,1,6,2,30,6,1398,1,11,-1,1,-1
2015331501041,2,9,0,18,0,8,0,0,0,0,1,1,6,2,31,6,1339,1,10,-1,1,-1
2015331501042,1,9,0,18,0,1,0,0,0,0,3,1,6,1,18,4,1299,1,8,-1,1,-1
2015331501042,2,1,0,18,0,1,0,0,0,0,1,1,6,2,15,3,-1,-1,-1,-1,1,-1
2015331501043,1,3,0,4,6,0,0,0,0,0,1,1,6,2,44,7,125,1,45,-1,2,-1
2015331501044,1,3,0,17,0,0,0,0,1,9,1,1,6,1,20,4,125,1,2,-1,-1,-1
2015331501045,1,5,0,18,0,0,1,0,0,0,4,1,6,1,40,7,999,1,4,-1,1,-1
2015331501046,1,9,0,10,0,8,0,0,0,0,2,1,6,2,45,7,1560,2,4,-1,1,-1
2015331501046,2,9,0,4,0,8,0,0,0,0,1,1,2,2,55,8,1596,1,8,-1,1,-1
2015331501047,1,9,0,18,0,0,0,0,7,6,1,1,1,1,47,8,1995,2,1,-1,1,-1
2015331501047,2,21,1,18,0,0,0,0,0,0,2,1,1,1,37,7,12900,2,4,-1,1,-1
2015331501048,1,9,0,7,0,6,0,0,0,0,1,1,6,3,-1,-1,-1,-1,-1,-1,-1,-1
2015331501049,1,9,0,5,0,0,0,0,0,0,1,1,6,1,25,5,-1,-1,-1,-1,1,-1
2015331501049,2,3,0,18,0,0,0,0,0,0,1,1,6,1,26,6,125,1,12,-1,1,-1
2015331501050,1,3,0,4,0,0,0,0,0,0,1,1,2,1,23,5,124,1,2,-1,1,-1
2015331501050,2,21,0,4,0,0,0,0,0,0,0,1,1,1,55,8,12900,2,8,-1,1,-1
2015331501050,3,9,0,4,0,0,0,0,0,0,2,1,6,1,61,9,1794,1,9,-1,1,-1
2015331501051,1,9,0,9,0,6,0,0,0,0,1,1,6,1,35,6,1968,2,2,-1,1,-1
2015331501051,2,9,0,18,0,8,5,0,1,0,1,1,6,1,61,9,1490,1,8,-1,1,-1
2015331501052,1,9,0,9,0,5,0,0,0,0,1,1,6,1,81,11,1598,1,13,-1,1,-1
2015331501052,2,9,0,18,0,8,5,0,0,0,2,1,6,2,19,4,1242,1,3,-1,1,-1
2015331501053,1,9,0,5,0,6,5,0,0,0,3,1,6,1,66,10,2179,2,3,-1,1,-1
2015331501053,2,9,0,18,0,8,0,0,0,0,1,1,2,2,32,6,1995,2,13,-1,3,-1
2015331501054,1,9,0,17,0,0,1,0,2,10,1,1,1,2,18,4,1360,1,12,-1,2,-1
2015331501055,1,9,0,1,0,0,0,0,0,0,2,1,6,3,-1,-1,1560,2,1,-1,-1,-1
2015331501056,1,9,0,18,0,8,0,0,0,0,3,1,6,1,54,8,2000,2,9,-1,1,-1
2015331501056,2,9,0,18,0,6,0,0,0,0,1,1,6,1,19,4,1242,1,9,-1,1,-1
2015331501057,1,9,0,18,0,4,0,0,0,0,3,1,1,2,18,4,1328,1,4,-1,1,-1
2015331501057,2,5,0,18,0,8,0,0,0,0,1,1,6,1,29,6,599,1,3,-1,2,-1
2015331501058,1,9,0,7,0,5,0,0,0,0,2,1,6,2,51,8,1798,8,1,-1,1,-1
2015331501058,2,9,0,18,0,8,0,0,0,0,1,1,1,2,42,7,1197,1,5,-1,1,-1
2015331501059,1,9,0,18,0,8,0,0,1,1,1,1,2,1,36,7,1595,1,6,-1,1,-1
2015331501059,2,19,0,7,0,5,0,0,0,0,1,1,1,1,41,7,2143,2,1,-1,-1,-1
2015331501060,1,11,0,5,0,1,0,0,0,0,1,1,1,1,55,8,-1,-1,-1,-1,-1,-1
2015331501060,2,1,0,18,0,8,0,0,0,0,1,1,6,1,16,4,-1,-1,-1,-1,1,-1
2015331501061,1,9,0,18,0,2,0,0,0,0,1,1,6,1,21,5,1598,1,13,-1,1,-1
2015331501061,2,9,0,18,0,1,0,0,1,0,1,1,6,2,22,5,1242,1,14,-1,1,-1
2015331501062,1,9,0,18,0,8,0,0,0,0,1,1,6,1,28,6,1995,1,13,-1,1,-1
2015331501062,2,9,0,18,0,8,0,0,0,0,3,1,6,1,25,5,1995,2,9,-1,2,-1
2015331501062,3,9,0,8,0,1,0,0,1,1,2,1,6,2,54,8,2720,2,9,-1,3,-1
2015331501063,1,19,0,7,9,3,0,0,1,0,4,1,6,1,40,7,2198,2,1,-1,-1,-1
2015331501064,1,9,0,9,0,5,0,0,7,0,3,1,2,2,73,10,1796,1,8,-1,2,-1
2015331501064,2,3,0,13,0,8,0,0,7,0,1,1,6,1,17,4,-1,-1,-1,-1,1,-1
2015331501065,1,21,1,1,0,8,0,0,0,0,3,1,1,1,26,6,-1,-1,-1,-1,-1,-1
2015331501065,2,3,0,9,0,5,0,0,1,0,3,1,2,1,18,4,125,1,1,-1,2,-1
2015331501066,1,9,0,5,0,4,0,0,0,0,3,1,6,2,19,4,1299,1,11,-1,3,-1
2015331501066,2,9,0,18,0,8,0,0,0,0,1,1,2,2,39,7,2000,2,11,-1,1,-1
2015331501067,1,1,0,18,0,8,0,0,0,0,3,1,6,1,28,6,-1,-1,-1,-1,1,-1
2015331501067,2,11,0,13,0,8,0,0,0,0,4,1,1,1,45,7,7300,2,6,-1,-1,-1
2015331501068,1,9,0,7,0,5,1,0,2,7,1,1,6,1,19,4,2982,2,11,-1,1,-1
2015331501069,1,8,0,9,0,4,0,0,0,0,3,1,1,1,56,9,2499,2,4,-1,1,-1
2015331501069,2,9,0,18,0,8,0,0,0,0,1,1,2,1,24,5,998,1,1,-1,1,-1
2015331501070,1,5,0,18,0,1,1,0,0,0,3,1,6,1,50,8,1198,1,1,-1,-1,-1
2015331501071,1,9,0,4,0,1,0,0,0,0,1,1,6,1,62,9,1598,1,9,-1,-1,-1
2015331501071,2,9,0,3,0,1,0,0,0,0,3,1,1,2,41,7,-1,-1,-1,-1,-1,-1
2015331501074,1,19,0,18,0,0,1,0,1,0,1,1,6,1,33,6,-1,-1,-1,-1,-1,-1
2015331501076,1,9,0,13,0,0,0,0,0,0,4,1,6,1,36,7,1910,2,13,-1,1,-1
2015331501076,2,2,0,18,0,0,0,0,0,0,3,1,6,1,77,11,49,1,8,-1,1,-1
2015331501077,1,5,0,16,0,0,1,0,8,7,3,1,6,1,22,5,599,1,26,-1,-1,-1
2015331501078,1,9,0,4,0,1,1,0,1,9,1,1,6,2,47,8,1596,1,9,-1,1,-1
2015331501079,1,9,0,4,0,6,1,7,0,0,1,1,6,1,60,9,1332,1,23,-1,1,-1
2015331501079,2,1,0,18,0,8,0,0,0,0,4,1,6,1,35,6,-1,-1,-1,-1,1,-1
2015331501080,1,9,0,4,0,1,1,0,0,0,1,1,2,2,25,5,998,1,16,-1,1,-1
2015331501080,2,9,0,4,0,2,0,0,0,0,2,1,2,1,63,9,2143,2,-1,-1,1,-1
2015331501081,1,9,0,5,0,6,0,0,0,0,3,1,6,2,66,10,1798,1,3,-1,-1,-1
2015331501081,2,9,0,18,0,8,0,0,0,0,1,1,6,1,57,9,1762,1,16,-1,-1,-1
2015331501082,1,5,0,9,0,5,0,0,0,0,1,1,2,1,32,6,749,1,15,-1,1,-1
2015331501082,2,9,0,18,0,8,0,0,0,0,1,1,2,1,42,7,2993,2,2,-1,1,-1
2015331501083,1,9,0,6,0,0,0,0,0,0,0,1,2,1,49,8,1968,2,2,-1,1,-1
2015331501083,2,9,0,18,0,0,1,0,0,0,1,1,2,1,44,7,-1,-1,-1,-1,1,-1
2015331501083,3,9,0,14,0,0,1,0,0,0,3,1,6,1,23,5,1995,1,8,-1,1,-1
2015331501084,1,20,0,4,7,0,0,0,0,0,2,1,1,1,50,8,2998,2,2,-1,2,-1
2015331501084,2,9,0,18,7,0,1,0,0,0,1,1,2,1,41,7,1149,1,13,-1,2,-1
2015331501085,1,9,0,18,0,0,0,0,0,0,3,1,1,2,53,8,1595,2,5,-1,1,-1
2015331501086,1,1,0,18,0,8,0,0,0,0,4,1,6,1,56,9,-1,-1,-1,-1,1,-1
2015331501086,2,9,0,9,0,5,0,0,0,0,1,1,6,3,-1,-1,-1,-1,-1,-1,1,-1
2015331501087,1,9,0,16,0,0,0,0,0,0,1,1,6,2,23,5,1198,1,1,-1,1,-1
2015331501087,2,11,0,17,0,0,0,0,0,0,1,1,1,1,48,8,-1,-1,-1,-1,-1,-1
2015331501087,3,9,0,2,0,0,0,0,0,0,2,1,6,2,26,6,1560,2,9,-1,1,-1
2015331501088,1,9,0,4,0,0,0,0,0,0,1,1,6,2,19,4,1600,2,4,-1,1,-1
2015331501089,1,5,0,18,0,2,0,0,0,0,1,1,6,1,28,6,599,1,5,-1,3,-1
2015331501089,2,9,0,4,0,2,0,0,0,0,2,1,6,2,24,5,1124,1,12,-1,1,-1
2015331501090,1,9,0,1,9,2,0,10,1,0,2,1,6,2,56,9,2698,2,8,-1,1,-1
2015331501091,1,9,0,3,0,0,0,0,0,0,2,1,6,2,38,7,-1,-1,-1,-1,1,-1
2015331501091,2,9,0,18,0,0,0,0,0,0,1,1,6,1,29,6,1595,1,15,-1,-1,-1
2015331501092,1,9,0,18,0,0,0,0,7,4,4,1,2,2,33,6,1598,1,9,-1,2,-1
2015331501092,2,9,0,18,0,0,0,0,0,0,1,1,6,3,-1,-1,-1,-1,-1,-1,-1,-1
2015331501093,1,9,0,9,0,2,0,0,0,0,4,1,6,1,40,7,1461,2,8,-1,-1,-1
2015331501093,2,9,0,18,0,1,0,0,0,0,1,1,6,1,40,7,1399,2,11,-1,1,-1
2015331501093,3,9,0,3,0,1,0,0,0,0,0,1,6,3,-1,-1,-1,-1,-1,-1,-1,-1
2015331501094,1,9,0,18,0,8,0,0,0,0,3,1,6,2,30,6,-1,-1,-1,-1,1,-1
2015331501094,2,9,0,9,0,6,0,0,0,0,4,1,1,1,38,7,1339,1,12,-1,1,-1
2015331501095,1,1,0,18,0,0,0,0,0,0,3,1,1,1,18,4,-1,-1,-1,-1,-1,-1
2015331501095,2,9,0,13,0,0,0,0,0,0,4,1,6,2,48,8,998,1,7,-1,-1,-1
2015331501096,1,9,0,7,0,2,0,0,0,0,1,1,6,2,68,10,1248,1,3,-1,3,-1
2015331501096,2,19,0,3,0,1,0,0,0,0,1,1,1,1,59,9,-1,-1,-1,-1,2,-1
2015331501097,1,9,0,18,0,8,0,0,0,0,4,1,6,1,25,5,1590,1,11,-1,1,-1
2015331501097,2,1,0,18,0,6,0,0,0,0,1,1,6,1,18,4,-1,-1,-1,-1,1,-1
2015331501098,1,9,0,18,0,0,0,0,0,1,1,1,6,1,42,7,1198,1,1,-1,1,-1
2015331501098,2,9,0,4,0,0,0,0,0,0,2,1,2,1,48,8,-1,-1,-1,-1,1,-1
2015331501099,1,9,0,18,0,6,0,0,7,0,3,1,6,1,61,9,1328,1,8,-1,3,-1
2015331501099,2,19,0,18,0,8,0,0,0,0,4,1,2,1,28,6,2143,2,2,-1,1,-1
2015331501100,1,9,0,16,0,0,1,0,1,0,1,1,6,1,21,5,-1,-1,-1,-1,1,-1
2015331501100,2,9,0,17,0,0,0,0,1,9,1,1,6,1,62,9,2199,2,4,-1,1,-1
2015331501101,1,9,0,7,0,4,0,0,0,0,1,1,6,2,61,9,1598,1,7,-1,3,-1
2015331501101,2,1,0,9,0,8,0,0,0,0,1,1,6,2,32,6,-1,-1,-1,-1,1,-1
2015331501102,1,19,0,18,0,8,0,0,0,0,1,1,6,1,19,4,1598,2,-1,-1,1,-1
2015331501102,2,9,0,7,0,6,0,0,0,0,1,1,6,2,25,5,1598,1,5,-1,1,-1
2015331501103,1,9,0,3,0,1,0,0,0,0,2,1,6,1,44,7,4999,1,3,-1,2,-1
2015331501103,2,19,0,3,0,1,0,0,0,0,2,1,2,1,50,8,1995,2,8,-1,1,-1
2015331501103,3,9,0,4,0,1,0,0,0,0,1,1,6,2,44,7,1242,1,1,-1,2,-1
2015331501104,1,9,0,18,0,8,0,0,0,0,1,1,2,1,26,6,2401,2,11,-1,3,-1
2015331501104,2,9,0,10,0,8,0,0,0,0,2,1,2,2,55,8,2204,2,9,-1,3,-1
2015331501104,3,9,0,18,0,8,0,0,0,0,1,1,2,1,26,6,-1,-1,-1,-1,1,-1
2015331501104,4,98,0,3,6,1,0,0,0,0,0,1,1,3,-1,-1,-1,-1,-1,-1,-1,-1
2015331501105,1,9,0,18,0,0,0,0,0,0,4,1,6,3,-1,-1,1597,2,-1,-1,-1,-1
2015331501105,2,9,0,2,0,0,0,0,0,0,0,1,6,2,40,7,-1,-1,-1,-1,2,-1
2015331501106,1,21,1,11,0,0,1,0,0,0,4,1,1,1,28,6,12809,2,-1,-1,-1,-1
2015331501106,2,9,0,18,0,0,1,0,5,1,3,1,2,1,60,9,1364,1,9,-1,2,-1
2015331501107,1,9,0,1,9,0,0,0,1,0,2,1,6,2,48,8,1200,1,1,-1,-1,-1
2015331501108,1,3,0,18,0,0,0,0,1,9,1,1,6,1,45,7,999,1,6,-1,1,-1
2015331501109,1,9,0,1,0,1,0,0,0,0,2,1,6,1,-1,-1,1598,1,4,-1,-1,-1
2015331501110,1,9,0,1,9,6,0,0,0,0,2,1,6,1,69,10,1398,1,-1,-1,-1,-1
2015331501110,2,1,0,18,9,8,0,0,0,0,3,1,6,1,26,6,-1,-1,-1,-1,1,-1
2015331501111,1,8,0,18,0,1,0,0,0,0,3,1,6,1,30,6,1968,2,3,-1,-1,-1
2015331501112,1,9,0,18,0,6,0,0,0,0,1,1,6,1,30,6,1461,2,1,-1,-1,-1
2015331501112,2,1,0,17,0,8,0,0,0,0,2,1,6,1,23,5,-1,-1,-1,-1,1,-1
2015331501113,1,1,0,17,0,0,0,0,1,1,1,1,6,1,45,7,-1,-1,-1,-1,3,-1
2015331501114,1,9,0,18,0,0,2,0,8,6,1,1,6,1,39,7,1796,1,14,-1,1,-1
2015331501115,1,9,0,9,0,6,0,0,0,0,4,1,1,1,40,7,1796,1,12,-1,1,-1
2015331501115,2,9,0,18,0,8,0,0,0,0,3,1,6,2,36,7,1398,1,2,-1,1,-1
2015331501116,1,9,0,16,0,0,1,0,0,0,1,1,6,1,20,4,1596,1,14,-1,2,-1
2015331501116,2,9,0,17,0,0,0,0,0,0,1,1,6,1,63,9,1968,2,1,-1,3,-1
2015331501117,1,9,0,18,0,2,0,0,0,0,1,1,6,1,24,5,1461,2,11,-1,1,-1
2015331501118,1,9,0,4,0,0,0,0,0,0,0,1,6,2,64,9,1388,1,12,-1,2,-1
2015331501119,1,3,0,4,0,1,1,0,0,0,1,1,6,2,21,5,125,1,9,-1,1,-1
2015331501120,1,9,0,4,0,2,0,0,0,0,1,1,6,1,41,7,2143,2,5,-1,1,-1
2015331501120,2,9,0,2,0,2,0,0,0,0,2,2,6,1,29,6,-1,-1,-1,-1,1,-1
2015331501121,1,9,0,17,0,0,1,4,1,2,1,1,6,1,20,4,1390,1,9,-1,1,-1
2015331501121,2,9,0,2,0,0,0,0,0,0,2,1,6,3,-1,-1,1598,1,12,-1,-1,-1
2015331501121,3,9,0,2,0,0,0,0,0,0,2,1,6,3,-1,-1,-1,-1,-1,-1,-1,-1
2015331501122,1,9,0,2,0,2,0,4,0,0,1,1,6,1,26,6,1598,1,8,-1,-1,-1
2015331501122,2,9,0,2,0,2,0,0,0,0,2,1,1,1,33,6,-1,-1,-1,-1,-1,-1
2015331501123,1,5,0,16,0,0,0,0,0,0,3,1,6,1,68,10,805,1,13,-1,2,-1
2015331501123,2,9,0,17,0,0,0,0,0,0,3,1,6,1,41,7,1799,1,6,-1,1,-1
2015331501124,1,9,0,18,0,5,0,0,0,0,4,1,2,1,18,4,1199,1,11,-1,1,-1
2015331501124,2,5,0,18,0,8,0,0,0,0,1,1,2,1,43,7,625,1,9,-1,1,-1
2015331501125,1,9,0,18,0,8,0,0,0,0,1,1,6,1,55,8,1600,1,11,-1,-1,-1
2015331501125,2,9,0,3,0,8,0,0,0,0,2,1,6,1,31,6,1850,1,14,-1,1,-1
2015331501125,3,9,0,18,0,1,0,0,0,0,0,1,1,3,-1,-1,-1,-1,-1,-1,-1,-1
2015331501127,1,9,0,5,0,6,0,0,0,0,1,1,6,1,35,6,1461,2,10,-1,1,-1
2015331501127,2,9,0,18,0,8,0,0,0,0,1,1,6,1,59,9,1995,2,11,-1,-1,-1
2015331501128,1,2,0,18,0,1,0,0,7,1,1,1,2,1,50,8,49,1,1,-1,1,-1
2015331501128,2,1,0,18,0,1,0,0,0,0,1,1,6,1,47,8,-1,-1,-1,-1,-1,-1
2015331501131,1,9,0,5,0,6,0,0,0,0,1,1,6,2,52,8,1753,2,14,-1,1,-1
2015331501131,2,9,0,4,0,8,1,0,1,3,3,1,6,1,73,10,1596,1,7,-1,2,-1