Accident_Index,Vehicle_Reference,Vehicle_Type,Towing_and_Articulation,Vehicle_Manoeuvre,Vehicle_Location-Restricted_Lane,Junction_Location,Skidding_and_Overturning,Hit_Object_in_Carriageway,Vehicle_Leaving_Carriageway,Hit_Object_off_Carriageway,1st_Point_of_Impact,Was_Vehicle_Left_Hand_Drive?,Journey_Purpose_of_Driver,Sex_of_Driver,Age_of_Driver,Age_Band_of_Driver,Engine_Capacity_(CC),Propulsion_Code,Age_of_Vehicle,Driver_IMD_Decile,Driver_Home_Area_Type,Vehicle_IMD_Decile
2015331501276,1,8,0,3,0,0,0,0,0,0,2,1,1,2,34,6,1968,2,6,-1,1,-1
2015331501276,2,9,0,18,0,0,0,0,0,0,1,1,6,3,-1,-1,-1,-1,-1,-1,-1,-1
2015331501277,1,9,0,11,0,0,1,0,7,6,1,1,6,1,43,7,1490,1,12,-1,3,-1
2015331501277,2,9,0,4,0,0,0,0,0,0,4,1,6,2,56,9,1242,1,14,-1,1,-1
2015331501277,3,21,1,11,0,0,1,0,0,0,4,1,1,1,44,7,10837,2,2,-1,-1,-1
2015331501277,4,9,0,18,0,0,0,0,7,6,1,1,6,1,55,8,1968,2,2,-1,2,-1
2015331501278,1,19,0,4,0,0,2,0,7,9,4,1,1,1,25,5,2151,2,10,-1,-1,-1
2015331501278,2,9,0,16,0,0,0,0,0,0,1,1,1,1,54,8,-1,-1,-1,-1,1,-1
2015331501279,1,9,0,9,0,5,0,0,0,0,1,1,1,1,56,9,-1,-1,-1,-1,1,-1
2015331501279,2,5,0,18,0,8,0,0,0,0,1,1,6,1,32,6,-1,-1,-1,-1,3,-1
2015331501280,1,9,0,16,0,0,1,0,7,9,1,1,6,1,21,5,-1,-1,-1,-1,1,-1
2015331501281,1,9,0,3,0,1,0,0,0,0,2,1,2,2,46,8,2143,2,2,-1,1,-1
2015331501281,2,9,0,4,0,1,1,0,0,0,1,1,2,2,38,7,1242,1,10,-1,2,-1
2015331501282,1,9,0,16,0,0,1,0,5,6,3,1,6,2,32,6,1995,2,9,-1,1,-1
2015331501283,1,9,0,18,0,8,0,0,0,0,2,1,6,2,46,8,2457,1,15,-1,3,-1
2015331501283,2,9,0,18,0,8,0,0,0,0,1,1,6,1,59,9,2688,2,11,-1,1,-1
2015331501284,1,9,0,4,0,2,1,0,7,6,1,1,6,1,33,6,1997,2,12,-1,1,-1
2015331501284,2,9,0,18,0,2,0,0,0,0,2,1,6,1,56,9,1870,2,11,-1,1,-1
2015331501285,1,9,0,7,0,5,0,0,0,0,4,1,6,1,35,6,1598,2,4,-1,-1,-1
2015331501285,2,1,0,18,0,8,0,0,0,0,1,1,6,1,44,7,-1,-1,-1,-1,-1,-1
2015331501286,1,1,0,15,0,8,0,0,0,1,3,1,2,1,27,6,-1,-1,-1,-1,1,-1
2015331501286,2,9,0,7,0,5,0,0,0,0,4,1,6,1,50,8,-1,-1,-1,-1,-1,-1
2015331501287,1,9,0,18,0,5,0,0,0,0,2,1,6,2,-1,-1,-1,-1,-1,-1,-1,-1
2015331501288,1,9,0,18,0,5,0,0,0,0,1,1,6,2,-1,-1,1896,2,8,-1,-1,-1
2015331501288,2,9,0,18,0,6,0,0,0,0,3,1,6,1,41,7,2148,2,11,-1,-1,-1
2015331501289,1,9,0,9,0,5,5,7,0,0,1,1,6,2,27,6,1596,1,9,-1,1,-1
2015331501289,2,9,0,18,0,8,0,0,0,0,1,1,6,1,42,7,1598,2,1,-1,2,-1
2015331501290,1,5,0,13,0,1,0,10,1,1,1,1,6,1,49,8,-1,-1,-1,-1,1,-1
2015331501291,1,9,0,18,0,8,0,0,0,0,3,1,6,1,58,9,1331,1,21,-1,1,-1
2015331501291,2,9,0,18,0,8,0,0,0,0,1,1,6,1,48,8,1598,1,6,-1,1,-1
2015331501292,1,11,0,8,0,1,0,0,0,0,3,1,1,1,53,8,4250,2,14,-1,1,-1
2015331501292,2,1,0,7,0,2,0,0,0,0,4,1,2,1,28,6,-1,-1,-1,-1,2,-1
2015331501293,1,5,0,16,0,1,0,0,0,0,4,1,6,1,20,4,805,1,13,-1,1,-1
2015331501294,1,9,0,18,0,8,0,0,0,0,1,1,6,1,79,11,1124,1,15,-1,2,-1
2015331501294,2,19,0,5,0,6,0,0,0,0,3,1,6,1,28,6,1248,2,9,-1,1,-1
2015331501295,1,9,0,3,0,1,0,0,0,0,2,1,6,2,40,7,1896,2,9,-1,1,-1
2015331501295,2,9,0,3,0,1,0,0,0,0,2,1,6,2,79,11,1199,1,14,-1,1,-1
2015331501295,3,9,0,18,0,1,0,0,0,0,1,1,6,3,-1,-1,1796,1,15,-1,-1,-1
2015331501296,1,9,0,17,0,1,0,0,0,0,1,1,2,1,53,8,-1,-1,-1,-1,3,-1
2015331501296,2,1,0,7,0,6,1,0,0,0,1,1,6,1,37,7,-1,-1,-1,-1,1,-1
2015331501296,3,1,0,7,0,6,1,0,0,0,3,1,6,1,38,7,-1,-1,-1,-1,-1,-1
2015331501297,1,1,0,5,0,0,0,0,0,0,1,1,6,1,55,8,-1,-1,-1,-1,1,-1
2015331501297,2,9,0,18,0,0,0,0,0,0,3,1,6,2,49,8,999,1,-1,-1,1,-1
2015331501298,1,8,0,3,0,1,0,0,0,0,2,1,1,1,46,8,1995,2,10,-1,1,-1
2015331501298,2,9,0,18,0,1,0,0,0,0,1,1,6,2,-1,-1,1149,1,14,-1,-1,-1
2015331501299,1,9,0,4,0,8,1,0,4,10,1,1,1,1,21,5,1968,2,8,-1,1,-1
2015331501299,2,9,0,5,0,8,0,0,0,0,3,1,2,1,53,8,1997,2,1,-1,1,-1
2015331501300,1,8,0,9,0,8,0,0,0,0,3,1,6,1,59,9,1910,2,9,-1,1,-1
2015331501300,2,9,0,18,0,8,0,0,0,0,4,1,6,2,81,11,1339,1,11,-1,1,-1
2015331501301,1,9,0,4,0,1,0,0,0,0,1,1,6,2,34,6,1995,2,10,-1,1,-1
2015331501302,1,9,0,5,0,4,0,0,1,2,3,1,6,1,17,4,1242,1,-1,-1,1,-1
2015331501302,2,9,0,18,0,8,0,0,0,0,1,1,6,1,46,8,2204,2,5,-1,1,-1
2015331501303,1,21,1,17,0,0,3,10,1,10,1,1,1,1,63,9,7790,2,9,-1,2,-1
2015331501304,1,9,0,15,0,8,0,0,0,0,1,1,6,1,36,7,1590,1,27,-1,1,-1
2015331501304,2,19,4,7,0,5,0,0,0,0,2,1,1,1,27,6,1995,2,1,-1,-1,-1
2015331501305,1,9,0,9,0,8,0,0,0,0,1,1,6,2,36,7,2496,2,11,-1,1,-1
2015331501305,2,9,0,18,0,4,0,0,0,0,3,1,6,1,31,6,1995,2,6,-1,1,-1
2015331501306,1,9,0,4,0,8,0,10,7,1,4,1,2,1,21,5,1997,2,11,-1,1,-1
2015331501306,2,9,0,7,0,6,0,10,0,0,1,1,2,2,52,8,998,1,13,-1,1,-1
2015331501307,1,9,0,1,0,2,0,0,0,0,2,1,6,1,-1,-1,-1,-1,-1,-1,-1,-1
2015331501307,2,1,0,3,0,1,0,0,0,0,1,1,6,1,41,7,-1,-1,-1,-1,1,-1
2015331501308,1,11,0,4,0,0,0,0,0,0,4,1,1,1,-1,-1,6696,2,1,-1,-1,-1
2015331501309,1,21,1,18,0,1,0,0,0,0,1,1,1,1,50,8,-1,-1,-1,-1,-1,-1
2015331501309,2,9,0,10,0,1,0,0,0,0,2,1,6,2,44,7,1896,2,8,-1,-1,-1
2015331501310,1,9,0,6,0,8,0,0,7,11,3,1,6,2,23,5,999,1,2,-1,3,-1
2015331501310,2,90,0,13,0,8,0,0,0,0,1,1,1,1,57,9,2999,2,3,-1,1,-1
2015331501310,3,9,0,4,0,1,0,0,0,0,1,1,6,2,43,7,1598,2,1,-1,1,-1
2015331501311,1,11,1,9,0,5,0,0,0,0,1,1,6,1,40,7,6370,2,11,-1,-1,-1
2015331501312,1,1,0,18,0,6,0,0,0,0,1,1,2,1,25,5,-1,-1,-1,-1,1,-1
2015331501312,2,9,0,3,0,1,0,0,0,0,1,1,6,1,-1,-1,-1,-1,-1,-1,-1,-1
2015331501313,1,11,0,5,0,0,0,0,0,0,4,1,6,1,50,8,-1,-1,-1,-1,-1,-1
2015331501314,1,1,0,18,0,0,0,0,0,0,1,1,6,1,25,5,-1,-1,-1,-1,1,-1
2015331501314,2,8,0,6,0,0,0,0,0,0,1,1,6,1,40,7,-1,-1,-1,-1,-1,-1
2015331501315,1,9,0,18,0,0,0,0,7,4,1,1,6,1,27,6,1198,1,2,-1,-1,-1
2015331501316,1,9,0,5,0,1,0,0,0,0,3,1,2,2,55,8,-1,-1,-1,-1,1,-1
2015331501316,2,8,0,3,0,1,0,0,0,0,0,1,6,3,-1,-1,-1,-1,-1,-1,-1,-1
2015331501317,1,9,0,17,0,0,1,0,8,4,1,1,1,1,36,7,1596,1,15,-1,1,-1
2015331501318,1,9,0,18,0,8,0,0,0,0,1,1,6,3,-1,-1,-1,-1,-1,-1,-1,-1
2015331501318,2,1,0,18,0,6,0,0,0,0,1,1,6,1,60,9,-1,-1,-1,-1,1,-1
2015331501319,1,1,0,18,0,8,0,0,0,0,3,1,6,1,41,7,-1,-1,-1,-1,1,-1
2015331501319,2,19,0,9,0,6,0,0,0,0,1,1,6,1,-1,-1,1753,2,4,-1,-1,-1
2015331501321,1,9,0,15,0,0,2,0,2,10,1,1,6,1,59,9,4163,1,4,-1,3,-1
2015331501321,2,9,0,18,0,0,0,0,0,0,0,1,6,3,-1,-1,-1,-1,-1,-1,-1,-1
2015331501321,3,9,0,18,0,0,0,0,0,0,0,1,6,3,-1,-1,-1,-1,-1,-1,-1,-1
2015331501322,1,9,0,16,0,2,2,0,1,9,3,1,2,2,48,8,1364,1,6,-1,1,-1
2015331501323,1,9,0,17,0,0,1,0,1,4,1,1,6,1,19,4,1242,1,12,-1,1,-1
2015331501324,1,9,0,16,0,0,2,0,7,9,1,1,6,1,26,6,1242,1,12,-1,2,-1
2015331501325,1,3,0,16,0,0,0,0,0,0,1,1,6,1,20,4,124,1,-1,-1,1,-1
2015331501325,2,9,0,17,0,0,0,0,0,0,1,1,6,1,23,5,1400,1,8,-1,1,-1
2015331501326,1,9,0,18,0,0,0,0,0,0,1,1,1,1,36,7,1598,2,-1,-1,1,-1
2015331501326,2,9,0,4,0,0,0,0,0,0,2,1,1,1,28,6,1296,1,8,-1,1,-1
2015331501326,3,9,0,4,0,0,0,0,0,0,2,1,1,1,64,9,1896,2,7,-1,1,-1
2015331501327,1,9,0,3,0,1,0,0,0,0,2,1,6,2,24,5,1368,1,7,-1,1,-1
2015331501327,2,9,0,5,0,1,0,0,0,0,1,1,6,1,24,5,-1,-1,-1,-1,-1,-1
2015331501328,1,1,0,18,0,6,0,0,0,0,4,1,6,1,16,4,-1,-1,-1,-1,1,-1
2015331501328,2,9,0,18,0,8,0,0,0,0,1,1,6,1,49,8,1896,2,11,-1,1,-1
2015331501329,1,9,0,18,0,2,0,0,0,0,1,1,6,1,35,6,1794,1,10,-1,-1,-1
2015331501330,1,9,0,9,0,4,0,9,0,0,4,1,2,2,19,4,1299,1,12,-1,2,-1
2015331501330,2,21,1,18,0,4,0,0,0,0,3,1,6,3,-1,-1,12809,2,2,-1,-1,-1
2015331501331,1,3,0,9,0,4,0,0,0,0,1,1,6,1,17,4,124,1,2,-1,1,-1
2015331501331,2,9,0,7,0,3,0,0,0,0,3,1,6,3,-1,-1,-1,-1,-1,-1,-1,-1
2015331501332,1,9,0,4,0,2,0,0,0,0,2,1,6,1,50,8,2143,2,-1,-1,1,-1
2015331501332,2,9,0,18,0,2,0,0,0,0,1,1,6,1,-1,-1,-1,-1,-1,-1,-1,-1
2015331501333,1,9,0,3,0,1,0,0,0,0,2,1,6,1,41,7,1995,2,4,-1,1,-1
2015331501333,2,9,0,18,0,1,0,0,0,0,1,1,6,1,-1,-1,1389,1,14,-1,-1,-1
2015331501334,1,9,0,11,0,1,5,0,0,0,1,1,6,1,62,9,1968,2,3,-1,2,-1
2015331501334,2,9,0,3,0,1,0,0,0,0,2,1,6,1,37,7,1975,1,10,-1,1,-1
2015331501335,1,9,0,12,0,1,1,0,1,2,1,1,2,1,21,5,1781,1,26,-1,2,-1
2015331501335,2,9,0,18,0,1,0,0,0,0,4,1,2,1,51,8,2993,2,2,-1,1,-1
2015331501335,3,9,0,18,0,1,0,0,0,0,2,1,2,1,41,7,1197,1,4,-1,1,-1
2015331501336,1,9,0,18,0,8,0,0,0,0,1,1,6,1,59,9,1796,1,9,-1,1,-1
2015331501336,2,8,0,4,0,8,0,0,0,0,2,1,1,2,22,5,1149,1,10,-1,1,-1
2015331501337,1,9,0,6,0,0,0,0,0,0,3,1,6,1,24,5,1596,1,14,-1,1,-1
2015331501337,2,9,0,13,0,0,0,0,0,0,1,1,6,1,33,6,1398,2,6,-1,1,-1
2015331501338,1,9,0,5,0,1,0,0,0,0,1,1,1,1,42,7,1248,2,2,-1,1,-1
2015331501338,2,1,0,18,0,1,0,0,0,0,2,1,6,1,19,4,-1,-1,-1,-1,1,-1
2015331501339,1,8,0,3,0,1,0,0,0,0,2,1,1,1,46,8,1560,2,8,-1,1,-1
2015331501339,2,9,0,18,0,1,0,0,0,0,1,1,6,1,-1,-1,1388,1,14,-1,-1,-1
2015331501339,3,9,0,18,0,1,0,0,0,0,0,1,1,3,-1,-1,-1,-1,-1,-1,-1,-1
2015331501340,1,9,0,18,0,4,0,10,0,0,3,1,6,1,33,6,1910,2,10,-1,1,-1
2015331501340,2,9,0,18,0,3,0,0,0,0,1,1,6,1,23,5,1686,2,6,-1,1,-1
2015331501341,1,9,0,17,0,0,0,0,0,0,1,1,1,2,30,6,1124,1,11,-1,1,-1
2015331501341,2,9,0,16,0,0,0,0,0,0,1,1,6,2,56,9,1796,1,16,-1,-1,-1
2015331501342,1,9,0,7,0,2,0,0,0,0,1,1,2,2,32,6,1398,1,2,-1,1,-1
2015331501343,1,5,0,13,0,0,1,0,1,0,1,1,6,1,50,8,953,1,9,-1,3,-1
2015331501343,2,9,0,17,0,0,0,0,0,0,0,1,6,3,-1,-1,-1,-1,-1,-1,-1,-1
2015331501344,1,9,0,9,0,2,0,0,0,0,1,1,6,2,73,10,1229,1,8,-1,1,-1
2015331501345,1,9,0,1,0,2,0,0,0,0,2,1,6,1,91,11,1349,1,5,-1,2,-1
2015331501346,1,9,0,18,0,2,0,0,0,0,1,1,1,1,30,6,1968,2,-1,-1,1,-1
2015331501346,2,19,0,3,0,2,0,0,0,0,0,1,6,3,-1,-1,-1,-1,-1,-1,-1,-1
2015331501346,3,1,0,5,0,2,0,0,0,0,1,1,6,2,23,5,-1,-1,-1,-1,1,-1
2015331501347,1,9,0,16,0,0,0,0,0,0,1,1,6,2,30,6,1560,2,3,-1,1,-1
2015331501347,2,9,0,17,0,0,0,0,0,0,3,1,6,1,51,8,1995,2,5,-1,2,-1
2015331501348,1,9,0,18,0,2,0,0,0,0,2,1,6,2,27,6,1956,2,4,-1,1,-1
2015331501348,2,21,1,11,0,2,0,0,0,0,1,1,1,1,63,9,12900,2,5,-1,1,-1
2015331501349,1,9,0,18,0,2,0,0,0,0,1,1,6,1,48,8,1998,1,6,-1,1,-1
2015331501350,1,8,0,5,0,0,0,0,0,0,4,1,1,1,40,7,-1,-1,-1,-1,-1,-1
2015331501351,1,9,0,5,0,0,0,0,0,0,3,1,6,3,-1,-1,1360,1,14,-1,-1,-1
2015331501351,2,19,0,13,0,0,0,0,0,0,4,1,1,1,45,7,2298,2,4,-1,3,-1
2015331501353,1,9,0,18,0,3,0,0,0,0,1,1,2,1,19,4,1124,1,13,-1,1,-1
2015331501354,1,9,0,9,0,2,0,0,0,0,0,1,6,2,26,6,1598,1,12,-1,-1,-1
2015331501355,1,9,0,4,0,0,0,0,0,0,1,1,6,2,49,8,1248,1,1,-1,1,-1
2015331501355,2,9,0,2,0,0,0,0,0,0,0,1,6,3,-1,-1,-1,-1,-1,-1,-1,-1
2015331501356,1,9,0,16,0,0,0,0,1,10,1,1,1,1,45,7,1999,1,13,-1,1,-1
2015331501357,1,9,0,16,0,0,0,0,0,0,1,1,6,1,64,9,1986,2,8,-1,3,-1
2015331501357,2,10,0,17,0,0,0,0,0,0,1,2,6,1,42,7,-1,-1,-1,-1,-1,-1
2015331501358,1,3,0,18,0,0,0,0,1,0,4,1,6,1,29,6,124,1,11,-1,2,-1
2015331501359,1,10,0,18,0,6,0,0,0,0,1,1,6,1,40,7,-1,-1,-1,-1,-1,-1
2015331501359,2,1,0,18,0,8,0,0,0,0,4,1,1,1,32,6,-1,-1,-1,-1,1,-1
2015331501360,1,19,0,2,0,0,0,0,0,0,2,1,1,1,29,6,2143,2,1,-1,2,-1
2015331501360,2,9,0,18,0,0,0,0,0,0,1,1,6,3,-1,-1,1910,2,11,-1,-1,-1
2015331501361,1,9,0,4,0,0,0,0,0,0,2,1,6,2,23,5,1388,1,7,-1,1,-1
2015331501361,2,9,0,18,0,0,0,0,0,0,1,1,6,1,-1,-1,1753,2,14,-1,-1,-1
2015331501361,3,20,0,18,0,0,0,12,0,0,0,1,6,1,-1,-1,-1,-1,-1,-1,-1,-1
2015331501362,1,9,0,18,0,8,5,0,1,9,1,1,2,1,62,9,1796,1,16,-1,1,-1
2015331501363,1,9,0,18,0,5,0,0,0,0,4,1,6,1,44,7,1598,1,8,-1,1,-1
2015331501363,2,1,0,18,0,8,0,0,0,0,1,1,6,1,22,5,-1,-1,-1,-1,1,-1
2015331501364,1,9,0,11,0,8,0,0,0,0,4,1,6,2,-1,-1,1995,1,6,-1,1,-1
2015331501364,2,9,0,18,0,8,0,0,0,0,3,1,6,2,38,7,-1,-1,-1,-1,1,-1
2015331501365,1,9,0,9,0,8,0,0,0,0,1,1,6,1,-1,-1,-1,-1,-1,-1,-1,-1
2015331501365,2,9,0,9,0,8,0,0,1,1,2,1,6,1,22,5,1590,1,10,-1,1,-1
2015331501366,1,9,0,9,0,5,0,0,0,0,4,1,1,1,46,8,1248,1,2,-1,3,-1
2015331501366,2,19,0,18,0,8,0,0,0,0,1,1,6,1,72,10,1248,2,11,-1,1,-1
2015331501367,1,9,0,5,0,6,0,0,0,0,3,1,6,2,43,7,1956,2,4,-1,1,-1
2015331501367,2,9,0,18,0,8,0,0,0,0,1,1,6,2,57,9,1390,1,12,-1,1,-1
2015331501368,1,9,0,9,0,6,0,0,0,3,3,1,2,1,72,10,2400,2,1,-1,3,-1
2015331501368,2,3,0,4,0,8,0,0,0,0,1,1,2,1,33,6,125,1,4,-1,-1,-1
2015331501369,1,9,0,18,0,8,0,0,0,0,3,1,6,1,43,7,2685,2,12,-1,1,-1
2015331501369,2,9,0,9,0,6,0,0,0,0,1,1,2,2,22,5,1229,1,8,-1,1,-1
2015331501370,1,9,0,18,0,0,0,0,0,0,1,1,6,1,26,6,1598,1,11,-1,1,-1
2015331501370,2,9,0,2,0,0,0,0,0,0,3,1,6,3,-1,-1,1796,1,12,-1,1,-1
2015331501371,1,9,0,18,0,0,5,4,0,0,4,1,1,2,38,7,1799,1,8,-1,1,-1
2015331501371,2,9,0,2,0,0,0,4,0,0,3,1,6,3,-1,-1,1910,2,9,-1,-1,-1
2015331501371,3,9,0,2,0,0,0,0,0,0,3,1,6,3,-1,-1,1896,2,11,-1,-1,-1
2015331501371,4,9,0,2,0,0,0,0,0,0,1,1,6,3,-1,-1,1998,1,10,-1,-1,-1
2015331501372,1,9,0,9,0,6,0,0,0,0,3,1,1,2,29,6,1461,2,3,-1,1,-1
2015331501372,2,9,0,18,0,8,0,0,0,0,1,1,6,1,26,6,1796,1,10,-1,1,-1
2015331501373,1,9,0,3,0,1,0,0,0,0,2,1,6,2,59,9,1598,1,3,-1,1,-1
2015331501373,2,9,0,18,0,1,0,0,0,0,1,1,6,1,20,4,-1,-1,-1,-1,2,-1
2015331501373,3,9,0,18,0,1,0,0,0,0,1,1,6,2,41,7,-1,-1,-1,-1,1,-1
2015331501373,4,9,0,18,0,1,0,0,0,0,1,1,6,1,46,8,1997,2,5,-1,1,-1
2015331501373,5,9,0,9,0,5,0,0,0,0,0,1,6,3,-1,-1,-1,-1,-1,-1,-1,-1
2015331501375,1,9,0,18,0,0,0,0,0,0,4,1,6,2,73,10,1242,1,2,-1,3,-1
2015331501376,1,9,0,3,0,1,0,0,0,0,2,1,6,2,60,9,1198,1,8,-1,-1,-1
2015331501376,2,9,0,18,0,1,0,0,0,0,1,1,6,2,30,6,1598,1,14,-1,1,-1
2015331501377,1,9,0,9,0,5,0,0,0,0,1,1,6,1,25,5,1997,1,13,-1,-1,-1
2015331501377,2,9,0,18,0,8,0,0,0,0,1,1,6,1,46,8,-1,-1,-1,-1,3,-1
2015331501378,1,9,0,1,0,0,0,0,0,0,2,1,6,1,20,4,-1,-1,-1,-1,-1,-1
2015331501379,1,9,0,9,0,5,0,0,7,10,3,1,6,1,70,10,-1,-1,-1,-1,2,-1
2015331501379,2,19,0,13,0,8,0,0,0,0,1,1,1,1,47,8,2198,2,4,-1,-1,-1
2015331501380,1,9,0,16,0,0,1,0,2,0,1,1,6,1,33,6,1896,2,9,-1,-1,-1
2015331501380,2,9,0,17,0,0,0,0,0,0,1,1,6,2,30,6,2200,1,15,-1,3,-1
2015331501380,3,9,0,17,0,0,0,0,0,0,0,1,6,3,-1,-1,-1,-1,-1,-1,-1,-1
2015331501382,1,9,0,18,0,1,0,0,0,0,1,1,6,3,-1,-1,-1,-1,-1,-1,-1,-1
2015331501383,1,5,0,13,0,0,1,0,0,0,4,1,6,1,44,7,1000,1,10,-1,1,-1
2015331501383,2,98,0,18,0,0,0,0,0,0,0,1,1,3,-1,-1,-1,-1,-1,-1,-1,-1
2015331501383,3,98,0,18,0,0,0,0,0,0,0,1,1,3,-1,-1,-1,-1,-1,-1,-1,-1
2015331501384,1,9,0,18,0,1,0,0,0,0,2,1,1,1,61,9,998,1,9,-1,1,-1
2015331501384,2,9,0,18,0,1,0,0,0,0,1,1,1,1,46,8,-1,-1,-1,-1,1,-1
2015331501385,1,9,0,3,0,1,0,0,0,0,2,1,6,2,23,5,1242,1,2,-1,1,-1
2015331501385,2,9,0,18,0,1,0,0,0,0,1,1,6,2,26,6,1242,1,12,-1,-1,-1
2015331501386,1,9,0,17,0,1,2,10,1,1,1,1,6,1,26,6,1895,1,16,-1,1,-1
2015331501388,1,9,0,18,0,0,0,10,1,4,1,1,6,2,62,9,1339,1,13,-1,1,-1
2015331501389,1,5,0,9,0,8,0,0,0,0,4,1,6,1,42,7,1137,1,18,-1,1,-1
2015331501389,2,9,0,18,0,4,0,0,0,0,1,1,6,1,51,8,1998,2,4,-1,3,-1
2015331501390,1,9,0,17,0,0,1,0,0,0,2,1,2,2,45,7,1086,1,6,-1,1,-1
2015331501390,2,9,0,16,0,0,0,0,0,0,2,1,2,1,55,8,1390,1,11,-1,1,-1
2015331501391,1,9,0,18,0,8,0,0,0,0,1,1,1,2,58,9,1840,1,16,-1,1,-1
2015331501391,2,9,0,5,0,6,0,0,7,2,1,1,6,1,23,5,1242,1,14,-1,1,-1
2015331501392,1,9,0,18,0,4,1,9,3,7,1,1,2,1,33,6,1400,2,8,-1,1,-1
2015331501393,1,9,0,4,0,1,0,0,0,0,1,1,6,1,22,5,1229,1,-1,-1,1,-1
2015331501393,2,9,0,8,0,1,0,0,0,0,2,1,6,1,24,5,1198,1,3,-1,1,-1
2015331501394,1,9,0,7,0,5,0,0,0,0,1,1,6,1,20,4,1248,2,7,-1,1,-1
2015331501394,2,1,0,18,0,8,0,0,0,0,1,1,6,2,48,8,-1,-1,-1,-1,1,-1
2015331501395,1,9,0,18,0,0,0,0,0,0,1,1,6,1,84,11,1968,2,6,-1,1,-1
2015331501395,2,11,0,3,0,0,0,0,0,0,2,1,1,1,55,8,5900,2,10,-1,1,-1
2015331501396,1,9,0,3,0,1,0,0,0,0,2,1,6,2,26,6,1896,2,7,-1,1,-1
2015331501396,2,9,0,4,0,1,0,0,0,0,1,1,6,2,57,9,1242,1,3,-1,1,-1
2015331501397,1,9,0,16,0,0,2,0,2,10,1,1,6,1,19,4,1596,1,17,-1,2,-1
2015331501398,1,9,0,4,0,1,0,0,0,0,1,1,6,1,41,7,1560,2,9,-1,2,-1
2015331501398,2,1,0,18,0,6,0,0,0,0,3,1,6,1,10,2,-1,-1,-1,-1,2,-1
2015331501399,1,9,0,1,0,2,0,0,0,0,2,1,6,1,41,7,1248,2,11,-1,1,-1
2015331501399,2,19,0,2,0,1,0,0,0,0,0,1,6,3,-1,-1,-1,-1,-1,-1,-1,-1
2015331501400,1,3,0,9,0,8,0,10,0,0,4,1,6,1,22,5,124,1,2,-1,-1,-1
2015331501401,1,9,0,9,9,5,0,0,0,0,2,1,6,3,-1,-1,-1,-1,-1,-1,-1,-1
2015331501401,2,1,0,18,9,8,0,0,0,0,1,1,6,1,26,6,-1,-1,-1,-1,1,-1
2015331501402,1,4,0,18,0,1,0,0,7,10,3,1,6,1,21,5,-1,-1,-1,-1,1,-1
2015331501403,1,9,0,12,0,0,5,0,1,2,1,1,6,1,32,6,1364,1,8,-1,1,-1
2015331501403,2,9,0,18,0,0,0,0,0,0,2,1,6,1,26,6,1242,1,4,-1,1,-1
2015331501404,1,3,0,18,0,0,0,0,0,0,1,1,6,1,39,7,125,1,5,-1,1,-1
2015331501404,2,9,0,2,0,0,0,0,0,0,2,1,6,3,-1,-1,1686,2,3,-1,-1,-1
2015331501405,1,5,0,4,0,0,1,0,0,0,4,1,6,1,21,5,806,1,-1,-1,2,-1
2015331501405,2,5,0,4,0,0,1,0,0,0,4,1,6,1,21,5,599,1,17,-1,1,-1
2015331501405,3,17,4,18,0,0,0,0,0,0,0,1,1,1,66,10,-1,2,7,-1,3,-1
2015331501407,1,9,0,10,0,8,0,0,0,0,2,1,2,1,56,9,2993,2,1,-1,3,-1
2015331501407,2,9,0,18,0,8,1,0,0,0,1,1,2,2,35,6,1289,1,15,-1,1,-1
2015331501408,1,9,0,16,0,0,1,0,1,4,4,1,1,1,40,7,1299,1,14,-1,1,-1
2015331501408,2,9,0,17,0,0,0,0,0,0,0,1,6,3,-1,-1,-1,-1,-1,-1,-1,-1
2015331501409,1,9,0,17,0,0,1,0,1,3,3,1,6,1,56,9,1461,2,1,-1,2,-1
2015331501409,2,9,0,16,0,0,0,0,0,0,1,1,6,1,19,4,1598,1,10,-1,1,-1
2015331501410,1,19,0,17,0,0,5,0,7,3,1,1,1,1,24,5,2148,2,10,-1,1,-1
2015331501411,1,9,0,17,0,0,1,0,7,4,1,1,2,2,26,6,1240,1,8,-1,2,-1
2015331501412,1,9,0,18,0,8,0,0,0,0,1,1,6,1,20,4,-1,-1,-1,-1,2,-1
2015331501412,2,9,0,9,0,4,0,0,0,0,2,1,2,1,22,5,1229,1,2,-1,1,-1
2015331501413,1,9,0,13,0,0,1,0,2,7,4,1,2,1,57,9,1560,2,9,-1,1,-1
2015331501413,2,21,1,12,0,0,0,0,0,0,3,2,1,1,-1,-1,-1,-1,-1,-1,-1,-1
2015331501414,1,19,0,9,0,6,0,0,0,0,3,1,1,1,35,6,2143,2,1,-1,1,-1
2015331501414,2,9,0,18,0,8,0,0,0,0,1,1,6,2,88,11,998,1,15,-1,-1,-1
2015331501415,1,9,0,18,0,0,0,0,0,0,2,1,6,2,26,6,1686,2,11,-1,-1,-1
2015331501415,2,9,0,18,0,0,0,0,0,0,1,1,6,2,24,5,1242,1,1,-1,-1,-1
2015331501415,3,9,0,18,0,0,0,0,7,0,0,1,6,3,-1,-1,-1,-1,-1,-1,-1,-1
2015331501416,1,9,0,9,0,5,0,0,0,0,0,1,6,1,23,5,1198,1,3,-1,1,-1