Accident_Index,Vehicle_Reference,Vehicle_Type,Towing_and_Articulation,Vehicle_Manoeuvre,Vehicle_Location-Restricted_Lane,Junction_Location,Skidding_and_Overturning,Hit_Object_in_Carriageway,Vehicle_Leaving_Carriageway,Hit_Object_off_Carriageway,1st_Point_of_Impact,Was_Vehicle_Left_Hand_Drive?,Journey_Purpose_of_Driver,Sex_of_Driver,Age_of_Driver,Age_Band_of_Driver,Engine_Capacity_(CC),Propulsion_Code,Age_of_Vehicle,Driver_IMD_Decile,Driver_Home_Area_Type,Vehicle_IMD_Decile
2015331501565,2,9,0,6,0,0,0,0,0,0,1,1,6,1,-1,-1,1796,1,15,-1,-1,-1
2015331501567,1,9,0,17,0,2,0,0,0,0,1,1,6,3,-1,-1,-1,-1,-1,-1,-1,-1
2015331501568,1,9,0,9,0,5,0,0,0,0,2,1,6,1,78,11,1198,1,10,-1,-1,-1
2015331501568,2,9,0,4,0,8,1,0,0,0,1,1,6,1,25,5,1995,2,5,-1,1,-1
2015331501569,1,9,0,18,0,0,0,0,0,0,3,1,6,1,42,7,1796,1,4,-1,2,-1
2015331501569,2,11,0,3,0,0,0,0,0,0,0,1,1,3,-1,-1,-1,-1,-1,-1,-1,-1
2015331501570,1,9,0,17,0,0,1,0,2,4,1,1,2,2,22,5,1968,2,7,-1,3,-1
2015331501571,1,9,0,18,0,0,0,0,0,0,3,1,6,1,76,11,2720,2,10,-1,1,-1
2015331501572,1,9,0,1,0,6,0,0,0,0,0,1,6,1,25,5,1598,1,8,-1,-1,-1
2015331501573,1,9,0,5,0,4,0,0,0,0,3,1,3,2,40,7,1329,1,4,-1,1,-1
2015331501573,2,1,0,9,0,8,0,0,0,0,1,1,6,1,30,6,-1,-1,-1,-1,1,-1
2015331501574,1,1,0,18,0,0,0,0,0,0,2,1,6,1,49,8,-1,-1,-1,-1,3,-1
2015331501574,2,1,0,18,0,0,0,0,0,0,3,1,6,1,49,8,-1,-1,-1,-1,1,-1
2015331501574,3,19,0,13,0,0,0,0,0,0,1,1,6,3,-1,-1,-1,-1,-1,-1,-1,-1
2015331501575,1,9,0,16,0,0,0,0,0,0,4,1,1,1,29,6,1388,1,8,-1,1,-1
2015331501575,2,19,0,2,0,0,0,0,0,0,0,1,6,3,-1,-1,-1,-1,-1,-1,-1,-1
2015331501575,3,17,0,2,0,0,0,0,0,0,0,1,6,3,-1,-1,-1,-1,-1,-1,-1,-1
2015331501576,1,9,0,3,0,1,0,0,0,0,4,1,3,2,29,6,1798,2,11,-1,1,-1
2015331501576,2,11,0,18,0,4,0,0,0,0,3,1,1,3,-1,-1,10520,2,8,-1,-1,-1
2015331501577,1,5,0,16,0,0,1,10,0,0,3,1,6,1,27,6,599,1,1,-1,1,-1
2015331501578,1,9,0,9,0,5,0,0,0,0,1,1,6,2,24,5,2000,1,16,-1,2,-1
2015331501578,2,3,0,13,0,8,0,0,0,0,1,1,6,1,18,4,124,1,5,-1,-1,-1
2015331501578,3,9,0,10,0,1,0,0,0,0,0,1,6,1,25,5,1390,1,13,-1,1,-1
2015331501578,4,19,0,4,0,1,0,0,0,0,0,1,6,3,-1,-1,-1,-1,-1,-1,-1,-1
2015331501579,1,9,0,16,0,0,5,0,7,0,4,1,1,1,27,6,1198,1,5,-1,1,-1
2015331501581,1,9,0,18,0,0,0,0,0,0,1,1,6,1,45,7,1598,1,12,-1,1,-1
2015331501581,2,3,0,6,0,0,0,0,0,0,1,1,1,1,22,5,109,1,-1,-1,1,-1
2015331501582,1,9,0,14,0,0,0,0,0,0,1,1,6,2,34,6,1997,2,9,-1,1,-1
2015331501583,1,9,0,18,0,0,0,0,0,0,4,1,6,1,31,6,1461,2,4,-1,1,-1
2015331501583,2,9,0,18,0,0,0,0,0,0,1,1,6,1,38,7,1997,2,7,-1,1,-1
2015331501583,3,9,0,12,0,0,0,0,0,0,3,1,6,1,-1,-1,1461,2,10,-1,-1,-1
2015331501584,1,9,0,18,0,0,0,0,0,0,1,1,6,3,-1,-1,1197,1,-1,-1,-1,-1
2015331501584,2,9,0,3,0,0,0,0,0,0,2,1,6,2,57,9,2204,2,9,-1,1,-1
2015331501585,1,9,0,4,0,0,0,0,0,0,1,1,2,1,27,6,1896,2,12,-1,1,-1
2015331501585,2,9,0,4,0,0,0,0,0,0,2,1,2,1,28,6,1870,2,12,-1,1,-1
2015331501585,3,9,0,4,0,0,0,0,0,0,2,1,2,1,49,8,1199,1,12,-1,1,-1
2015331501585,4,9,0,4,0,0,0,0,0,0,2,1,2,1,50,8,2993,2,1,-1,1,-1
2015331501586,1,9,0,16,0,0,1,10,1,0,2,1,1,1,34,6,1796,1,20,-1,3,-1
2015331501587,1,9,0,4,0,1,1,0,0,0,2,1,6,1,55,8,1994,2,13,-1,2,-1
2015331501587,2,9,0,4,0,1,1,0,0,0,1,1,6,2,24,5,1956,2,6,-1,1,-1
2015331501587,3,9,0,4,0,1,1,0,0,0,1,1,6,1,19,4,-1,-1,-1,-1,2,-1
2015331501587,4,9,0,4,0,8,0,0,0,0,0,1,6,3,-1,-1,-1,-1,-1,-1,-1,-1
2015331501588,1,9,0,16,0,0,5,0,8,0,1,1,6,1,24,5,1400,1,15,-1,-1,-1
2015331501589,1,9,0,16,0,0,2,0,1,9,1,1,2,1,51,8,1868,2,16,-1,1,-1
2015331501590,1,9,0,2,0,0,0,0,0,0,1,1,1,1,29,6,998,1,-1,-1,1,-1
2015331501590,2,9,0,18,0,0,0,0,0,0,1,1,6,1,-1,-1,-1,-1,-1,-1,-1,-1
2015331501590,3,9,0,2,0,0,0,0,0,0,0,1,6,3,-1,-1,-1,-1,-1,-1,-1,-1
2015331501591,1,9,0,4,0,1,1,0,0,0,1,1,6,1,57,9,-1,-1,-1,-1,1,-1
2015331501591,2,9,0,3,0,1,0,0,0,0,2,1,6,1,43,7,1794,1,14,-1,1,-1
2015331501591,3,9,0,4,0,1,0,0,0,0,0,1,6,1,42,7,1994,1,13,-1,1,-1
2015331501592,1,9,0,17,0,0,0,0,1,10,1,1,6,1,18,4,-1,-1,-1,-1,2,-1
2015331501593,1,9,0,18,0,1,0,0,0,0,4,1,2,1,32,6,1560,2,4,-1,1,-1
2015331501593,2,9,0,5,0,1,0,0,0,0,3,1,6,1,-1,-1,1199,1,13,-1,-1,-1
2015331501594,1,9,0,16,0,1,0,0,0,0,1,1,6,1,32,6,2494,1,12,-1,1,-1
2015331501594,2,9,0,4,0,1,0,0,0,0,2,1,6,1,18,4,1299,1,18,-1,1,-1
2015331501595,1,19,0,3,0,8,0,0,0,0,4,1,1,1,49,8,2198,2,3,-1,-1,-1
2015331501595,2,9,0,7,0,6,0,0,0,0,3,1,6,2,43,7,1590,1,14,-1,1,-1
2015331501596,1,9,0,17,0,0,1,0,1,2,1,1,6,2,31,6,-1,-1,-1,-1,2,-1
2015331501597,1,19,0,18,0,2,0,0,0,0,4,1,2,1,31,6,-1,-1,-1,-1,1,-1
2015331501598,1,9,0,9,0,5,0,0,0,0,1,1,6,1,33,6,1596,1,13,-1,1,-1
2015331501598,2,9,0,18,0,8,0,0,0,0,3,1,6,2,50,8,1388,1,5,-1,1,-1
2015331501599,1,9,0,3,0,8,0,0,0,0,2,1,6,1,32,6,2967,2,7,-1,1,-1
2015331501599,2,9,0,4,0,8,0,0,0,0,1,1,6,1,50,8,-1,-1,-1,-1,1,-1
2015331501600,1,9,0,18,0,0,0,0,0,0,1,1,6,1,-1,-1,-1,-1,-1,-1,-1,-1
2015331501600,2,9,0,2,0,0,0,0,0,0,0,1,6,3,-1,-1,-1,-1,-1,-1,-1,-1
2015331501601,1,9,0,18,0,8,0,0,0,0,4,1,6,3,-1,-1,-1,-1,-1,-1,-1,-1
2015331501601,2,1,0,18,5,8,0,0,0,0,2,1,6,1,50,8,-1,-1,-1,-1,1,-1
2015331501602,1,9,0,18,0,8,0,0,0,0,3,1,6,1,60,9,1596,1,8,-1,2,-1
2015331501602,2,11,0,18,0,8,0,0,0,0,3,1,1,1,32,6,-1,-1,-1,-1,1,-1
2015331501602,3,9,0,18,0,4,0,0,0,0,4,1,1,1,23,5,1398,1,2,-1,-1,-1
2015331501603,1,9,0,3,0,1,0,0,0,0,2,1,6,2,28,6,1360,1,18,-1,2,-1
2015331501603,2,9,0,1,0,2,0,0,0,0,2,1,1,2,45,7,1995,2,5,-1,-1,-1
2015331501603,3,9,0,3,0,1,0,0,0,0,1,1,6,2,31,6,2497,2,10,-1,2,-1
2015331501604,1,9,0,9,0,5,0,0,0,0,3,1,6,1,19,4,998,1,-1,-1,1,-1
2015331501604,2,3,0,13,0,8,1,0,7,0,1,1,1,1,34,6,124,1,-1,-1,1,-1
2015331501605,1,9,0,4,0,0,1,0,0,0,1,1,6,1,21,5,1149,1,10,-1,3,-1
2015331501606,1,9,0,5,0,0,0,0,0,0,1,1,6,2,38,7,1386,1,11,-1,1,-1
2015331501607,1,9,0,18,0,6,0,0,1,1,1,1,2,1,41,7,1399,2,7,-1,1,-1
2015331501607,2,21,1,4,0,8,0,0,7,1,1,1,1,1,45,7,5193,2,1,-1,1,-1
2015331501608,1,21,0,5,0,2,0,0,0,0,1,1,1,1,45,7,-1,-1,-1,-1,1,-1
2015331501609,1,9,0,18,0,3,0,0,0,0,3,1,2,1,49,8,1896,2,7,-1,1,-1
2015331501610,1,9,0,13,0,0,1,0,1,4,1,1,6,2,40,7,973,1,13,-1,1,-1
2015331501610,2,9,0,17,0,0,0,0,0,0,0,1,6,3,-1,-1,-1,-1,-1,-1,-1,-1
2015331501611,1,9,0,4,0,1,0,0,0,0,1,1,6,1,23,5,1560,2,3,-1,2,-1
2015331501611,2,9,0,3,0,1,0,0,0,0,2,1,6,1,33,6,1598,2,2,-1,1,-1
2015331501611,3,9,0,3,0,2,0,0,0,0,1,1,6,1,36,7,2435,1,15,-1,1,-1
2015331501612,1,1,0,18,0,8,0,0,0,0,3,1,1,1,48,8,-1,-1,-1,-1,1,-1
2015331501612,2,19,0,4,0,1,1,0,0,0,1,1,6,1,-1,-1,-1,-1,-1,-1,-1,-1
2015331501613,1,19,0,18,0,1,0,0,0,0,1,1,6,1,45,7,2151,2,13,-1,3,-1
2015331501613,2,9,0,3,0,1,0,0,0,0,2,1,6,1,61,9,1248,2,9,-1,1,-1
2015331501613,3,19,0,3,0,1,0,0,0,0,2,1,1,1,47,8,2402,2,6,-1,1,-1
2015331501614,1,9,0,5,0,6,0,0,0,0,1,1,6,1,46,8,1597,1,7,-1,1,-1
2015331501614,2,1,0,18,0,8,0,0,0,0,4,1,6,2,52,8,-1,-1,-1,-1,1,-1
2015331501615,1,9,0,9,0,8,0,0,0,0,3,1,6,2,43,7,1796,1,9,-1,1,-1
2015331501615,2,9,0,3,0,8,0,0,0,0,3,1,6,2,37,7,-1,-1,-1,-1,1,-1
2015331501616,1,9,0,4,0,0,0,0,0,0,1,1,6,1,78,11,2198,2,8,-1,1,-1
2015331501616,2,9,0,4,0,0,0,0,0,0,2,1,1,1,30,6,1560,2,2,-1,-1,-1
2015331501616,3,9,0,4,0,0,0,0,0,0,2,1,1,1,34,6,-1,-1,-1,-1,-1,-1
2015331501616,4,19,0,4,0,0,0,0,0,0,2,1,1,1,39,7,-1,-1,-1,-1,-1,-1
2015331501617,1,9,0,18,0,0,0,0,0,0,4,1,6,3,-1,-1,2199,2,3,-1,-1,-1
2015331501619,1,3,0,9,0,6,0,0,1,0,3,1,6,1,17,4,124,1,10,-1,1,-1
2015331501619,2,9,0,16,0,8,0,0,0,0,1,1,6,1,35,6,-1,-1,-1,-1,-1,-1
2015331501620,1,9,0,4,0,1,0,0,0,0,1,1,6,1,25,5,-1,-1,-1,-1,-1,-1
2015331501621,1,9,0,16,0,0,1,0,1,4,1,1,1,1,23,5,1242,1,12,-1,3,-1
2015331501622,1,9,0,9,0,6,0,0,0,0,1,1,1,1,69,10,-1,-1,-1,-1,1,-1
2015331501623,1,9,0,1,0,0,0,0,0,0,2,1,6,1,65,9,1686,2,21,-1,1,-1
2015331501624,1,5,0,16,0,0,1,0,0,0,1,1,2,1,54,8,1170,1,10,-1,1,-1
2015331501625,1,9,0,17,0,0,5,10,1,1,3,1,6,1,21,5,1299,1,14,-1,1,-1
2015331501626,1,9,0,9,0,5,0,0,0,0,4,1,2,1,65,9,1587,1,14,-1,-1,-1
2015331501626,2,2,0,18,0,8,0,0,0,0,1,1,6,1,17,4,49,1,16,-1,1,-1
2015331501627,1,9,0,9,0,5,0,0,0,0,4,1,6,1,68,10,1997,2,11,-1,3,-1
2015331501627,2,3,0,18,0,8,0,0,0,0,1,1,6,1,19,4,124,1,3,-1,1,-1
2015331501629,1,9,0,7,0,6,0,0,0,0,4,1,6,1,37,7,1896,2,9,-1,1,-1
2015331501629,2,1,0,18,0,8,0,0,0,0,1,1,1,1,28,6,-1,-1,-1,-1,1,-1
2015331501631,1,9,0,1,0,6,0,0,0,0,2,1,6,1,-1,-1,-1,-1,-1,-1,-1,-1
2015331501632,1,9,0,17,0,2,0,0,0,0,1,1,2,3,38,7,-1,-1,-1,-1,1,-1
2015331501633,1,9,0,9,0,3,0,0,0,0,1,1,6,2,25,5,1598,1,11,-1,1,-1
2015331501634,1,9,0,9,0,5,0,0,7,0,2,1,2,2,45,7,1390,1,10,-1,3,-1
2015331501634,2,19,0,18,0,1,0,0,1,10,1,1,1,1,29,6,2143,2,2,-1,1,-1
2015331501634,3,9,0,18,0,1,0,0,7,10,1,1,1,1,56,9,-1,-1,-1,-1,1,-1
2015331501634,4,9,0,18,0,1,0,0,1,0,3,1,6,1,59,9,-1,-1,-1,-1,1,-1
2015331501634,5,9,0,18,0,1,0,0,0,0,1,1,6,3,-1,-1,-1,-1,-1,-1,-1,-1
2015331501635,1,9,0,18,0,8,0,0,0,0,1,1,6,2,48,8,1997,2,10,-1,-1,-1
2015331501635,2,9,0,9,0,6,0,0,0,0,3,1,6,2,22,5,1998,2,10,-1,2,-1
2015331501636,1,9,0,18,0,2,0,0,0,0,1,1,6,3,-1,-1,-1,-1,-1,-1,-1,-1
2015331501636,2,1,0,18,0,2,0,0,0,0,3,1,6,2,10,2,-1,-1,-1,-1,1,-1
2015331501637,1,9,0,4,0,2,0,0,0,0,4,1,3,2,28,6,1388,1,15,-1,2,-1
2015331501639,1,8,0,5,0,6,0,0,0,0,4,1,3,1,60,9,1896,2,9,-1,1,-1
2015331501639,2,9,0,18,0,8,0,0,0,0,1,1,6,1,69,10,1998,2,9,-1,1,-1
2015331501640,1,9,0,3,0,0,0,0,0,0,2,1,6,2,28,6,1398,1,11,-1,1,-1
2015331501640,2,9,0,12,0,0,0,0,0,0,1,1,6,1,48,8,1896,2,9,-1,1,-1
2015331501641,1,9,0,6,0,2,0,0,0,0,3,1,2,1,30,6,1396,1,14,-1,1,-1
2015331501641,2,9,0,18,0,1,0,0,0,0,1,1,6,1,36,7,1389,1,14,-1,1,-1
2015331501642,1,9,0,5,0,6,0,0,3,2,1,1,6,1,65,9,1389,1,10,-1,1,-1
2015331501643,1,9,0,6,0,0,0,0,0,0,1,1,6,1,-1,-1,1560,2,4,-1,-1,-1
2015331501644,1,9,0,18,0,6,0,0,0,0,1,1,6,2,17,4,1248,1,2,-1,1,-1
2015331501644,2,9,0,16,0,8,0,0,0,7,4,1,1,2,45,7,1997,2,7,-1,1,-1
2015331501645,1,9,0,17,0,0,1,0,7,9,4,1,6,1,21,5,1493,1,18,-1,1,-1
2015331501646,1,11,0,17,0,0,0,0,1,1,1,1,2,1,50,8,7300,2,7,-1,1,-1
2015331501647,1,19,0,18,0,0,0,0,0,0,1,1,1,1,42,7,2143,2,2,-1,1,-1
2015331501647,2,9,0,18,0,0,0,0,0,0,2,1,1,1,52,8,-1,-1,-1,-1,1,-1
2015331501647,3,9,0,18,0,0,0,0,0,0,2,1,1,1,46,8,-1,-1,-1,-1,1,-1
2015331501648,1,9,0,9,0,4,0,0,0,0,1,1,6,1,23,5,998,1,10,-1,1,-1
2015331501648,2,9,0,18,0,3,0,0,0,0,3,1,6,2,23,5,1968,2,7,-1,1,-1
2015331501649,1,9,0,3,0,1,0,0,0,0,2,1,2,1,36,7,1997,1,13,-1,1,-1
2015331501649,2,9,0,4,0,1,0,0,0,0,1,1,6,2,55,8,1798,1,10,-1,1,-1
2015331501649,3,9,0,4,0,1,0,0,0,0,1,1,2,1,45,7,-1,-1,-1,-1,1,-1
2015331501650,1,9,0,18,0,1,0,0,0,0,4,1,6,1,50,8,1968,2,9,-1,1,-1
2015331501650,2,1,0,18,0,6,0,0,0,0,1,1,6,1,10,2,-1,-1,-1,-1,1,-1
2015331501651,1,9,0,1,0,6,0,0,0,0,2,1,6,2,23,5,1388,1,11,-1,1,-1
2015331501651,2,8,0,18,0,8,0,0,0,0,1,1,1,1,65,9,1968,2,7,-1,1,-1
2015331501652,1,9,0,4,0,0,0,0,0,0,2,1,6,1,26,6,1995,2,7,-1,3,-1
2015331501652,2,9,0,4,0,0,1,0,0,0,1,1,6,3,23,5,1368,1,6,-1,1,-1
2015331501653,1,9,0,16,0,0,2,10,7,11,3,1,1,2,35,6,1598,1,8,-1,1,-1
2015331501654,1,21,0,18,0,0,0,0,0,0,3,1,1,1,60,9,12809,2,1,-1,1,-1
2015331501654,2,1,0,14,0,0,0,0,0,0,1,1,6,1,57,9,-1,-1,-1,-1,1,-1
2015331501654,3,9,0,3,0,0,0,0,0,0,0,1,6,3,-1,-1,-1,-1,-1,-1,-1,-1
2015331501655,1,9,0,17,0,0,1,7,0,0,1,1,3,1,32,6,1598,1,11,-1,1,-1
2015331501656,1,9,0,5,0,6,0,0,0,0,1,1,6,1,58,9,2143,2,6,-1,1,-1
2015331501656,2,9,0,18,0,8,0,0,0,0,1,1,6,1,61,9,2435,1,17,-1,1,-1
2015331501657,1,9,0,16,0,0,0,0,0,0,1,1,3,2,57,9,1398,2,12,-1,2,-1
2015331501657,2,9,0,18,0,0,0,0,0,0,1,1,6,1,59,9,-1,-1,-1,-1,3,-1
2015331501658,1,9,0,9,0,6,0,0,0,0,1,1,6,2,-1,-1,1598,1,14,-1,-1,-1
2015331501658,2,1,0,18,0,8,0,0,0,0,4,1,6,2,43,7,-1,-1,-1,-1,1,-1
2015331501659,1,9,0,17,0,0,0,0,1,4,4,1,6,1,45,7,2435,1,15,-1,1,-1
2015331501660,1,19,0,4,0,8,1,0,0,0,1,1,1,1,45,7,2198,2,2,-1,1,-1
2015331501660,2,9,0,9,0,6,0,0,0,0,3,1,6,1,77,11,2198,1,13,-1,2,-1
2015331501661,1,9,0,18,0,8,0,0,0,0,3,1,6,2,23,5,1598,2,3,-1,2,-1
2015331501661,2,9,0,7,0,6,0,0,7,0,1,1,6,3,-1,-1,-1,-1,-1,-1,-1,-1
2015331501662,1,9,0,17,0,0,0,0,0,0,1,1,2,2,25,5,998,1,11,-1,1,-1
2015331501662,2,9,0,16,0,0,0,0,0,0,1,1,6,1,23,5,1997,1,7,-1,2,-1
2015331501662,3,9,0,17,0,0,0,0,0,0,1,1,2,1,40,7,-1,-1,-1,-1,1,-1
2015331501663,1,9,0,9,0,8,0,0,0,0,1,1,6,1,26,6,1910,2,8,-1,1,-1
2015331501663,2,9,0,18,0,8,0,0,0,0,1,1,6,1,22,5,1896,2,7,-1,1,-1
2015331501664,1,9,0,5,0,1,0,0,0,0,0,1,6,1,-1,-1,-1,-1,-1,-1,-1,-1
2015331501666,1,9,0,4,0,0,0,0,0,0,2,1,6,1,52,8,1398,1,13,-1,1,-1
2015331501666,2,9,0,18,0,0,0,0,0,0,1,1,6,1,26,6,1461,2,2,-1,1,-1
2015331501667,1,19,0,18,0,2,0,0,0,0,1,1,6,1,17,4,1560,2,3,-1,1,-1
2015331501667,2,9,0,18,0,1,0,0,0,0,1,1,6,1,51,8,-1,-1,-1,-1,1,-1
2015331501668,1,1,0,10,0,8,0,0,0,0,3,1,6,2,41,7,-1,-1,-1,-1,1,-1
2015331501668,2,9,0,17,0,8,0,0,0,0,3,1,6,2,60,9,-1,-1,-1,-1,-1,-1
2015331501669,1,9,0,13,0,1,5,7,0,0,1,1,2,1,24,5,-1,-1,-1,-1,1,-1
2015331501669,2,9,0,4,0,1,0,0,0,0,2,1,6,2,65,9,1598,2,5,-1,1,-1
2015331501670,1,9,0,2,0,0,0,0,0,0,3,1,6,1,-1,-1,1968,2,-1,-1,1,-1
2015331501670,2,9,0,18,0,0,0,8,0,0,3,1,6,3,-1,-1,2777,2,7,-1,-1,-1
2015331501671,1,9,0,18,0,8,0,0,0,0,1,1,6,3,-1,-1,-1,-1,-1,-1,-1,-1
2015331501671,2,1,0,18,0,8,0,0,0,0,2,1,4,1,15,3,-1,-1,-1,-1,-1,-1
2015331501672,1,9,0,18,0,8,0,0,0,0,1,1,6,1,54,8,2902,2,12,-1,-1,-1
2015331501672,2,9,0,3,0,8,0,0,0,0,2,1,6,2,29,6,1753,2,13,-1,-1,-1
2015331501673,1,21,0,13,0,0,0,0,0,0,1,1,1,1,54,8,6370,2,6,-1,1,-1
2015331501673,2,1,0,18,0,0,0,0,0,0,1,1,6,2,41,7,-1,-1,-1,-1,2,-1
2015331501674,1,9,0,16,0,0,0,0,0,0,1,1,6,1,24,5,1968,2,1,-1,3,-1
2015331501674,2,5,0,17,0,0,0,0,1,11,1,1,6,1,54,8,800,1,4,-1,2,-1
2015331501675,1,9,0,9,0,5,0,0,0,0,1,1,6,1,26,6,1995,2,3,-1,1,-1
2015331501676,1,9,0,4,0,8,1,0,0,0,3,1,2,2,33,6,1390,1,3,-1,3,-1
2015331501676,2,21,1,9,0,6,0,0,0,0,4,1,6,1,31,6,11967,2,2,-1,2,-1
2015331501676,3,21,0,2,0,1,0,0,0,0,3,1,6,1,25,5,-1,-1,-1,-1,1,-1
2015331501677,1,9,0,17,0,0,1,0,7,10,1,1,2,1,23,5,1598,2,3,-1,3,-1
2015331501678,1,19,0,4,0,4,1,0,0,0,1,1,6,3,-1,-1,-1,-1,-1,-1,-1,-1
2015331501678,2,9,0,9,0,8,0,0,1,11,4,1,6,2,58,9,1598,1,13,-1,1,-1
2015331501679,1,19,0,16,0,8,0,0,0,0,1,1,6,1,31,6,2464,2,5,-1,1,-1
2015331501679,2,9,0,10,0,8,0,0,0,0,2,1,6,1,58,9,1995,2,1,-1,3,-1
2015331501680,1,9,0,7,4,6,0,0,0,0,3,1,6,2,30,6,1339,1,9,-1,-1,-1
2015331501680,2,1,0,18,4,8,0,0,0,0,1,1,6,1,65,9,-1,-1,-1,-1,1,-1
2015331501681,1,9,0,18,0,0,0,0,0,0,4,1,6,3,-1,-1,-1,-1,-1,-1,-1,-1
2015331501682,1,5,0,18,0,0,0,12,1,10,1,1,6,1,50,8,1198,1,6,-1,-1,-1
2015331501683,1,9,0,17,0,0,0,0,1,4,3,1,6,1,69,10,-1,-1,-1,-1,3,-1
2015331501684,1,9,0,16,0,0,1,0,1,9,4,1,6,1,17,4,1229,1,8,-1,3,-1
2015331501685,1,9,0,18,0,0,0,0,0,0,1,1,6,1,54,8,1995,2,8,-1,1,-1
2015331501686,1,9,0,3,0,1,0,0,0,0,2,1,6,2,23,5,1198,1,8,-1,1,-1
2015331501686,2,9,0,4,0,1,0,0,0,0,1,1,6,1,-1,-1,-1,-1,-1,-1,-1,-1
2015331501687,1,9,0,18,0,0,0,0,0,0,4,1,2,1,34,6,-1,-1,-1,-1,1,-1
2015331501687,2,9,0,15,0,0,0,0,0,0,1,1,6,3,-1,-1,-1,-1,-1,-1,-1,-1
2015331501688,1,9,0,18,0,0,0,0,0,0,1,1,2,1,45,7,-1,-1,-1,-1,1,-1
2015331501688,2,9,0,18,0,0,1,0,7,10,1,1,6,1,55,8,1497,1,12,-1,1,-1
2015331501689,1,9,0,3,0,1,0,0,0,0,2,1,6,3,-1,-1,1797,8,5,-1,-1,-1
2015331501689,2,9,0,4,0,1,0,0,0,0,1,1,6,1,36,7,1360,1,8,-1,1,-1
2015331501690,1,1,0,18,0,8,0,0,0,0,3,1,6,2,56,9,-1,-1,-1,-1,1,-1
2015331501690,2,9,0,7,0,5,0,0,0,0,4,1,6,3,-1,-1,-1,-1,-1,-1,-1,-1
2015331501692,1,9,0,5,0,4,0,0,0,0,1,1,1,1,25,5,1968,2,9,-1,1,-1
2015331501692,2,3,0,9,0,3,0,0,0,0,4,1,1,1,30,6,100,1,8,-1,1,-1
2015331501693,1,9,0,16,0,0,1,0,1,3,1,1,6,1,19,4,1198,1,11,-1,1,-1
2015331501694,1,9,0,17,0,0,5,0,1,9,1,1,6,2,26,6,1598,1,12,-1,1,-1
2015331501695,1,9,0,7,0,8,0,0,0,0,2,1,6,2,66,10,998,1,7,-1,2,-1
2015331501695,2,9,0,3,0,8,0,0,0,0,1,1,6,2,39,7,1364,1,-1,-1,2,-1
2015331501696,1,9,0,18,0,0,2,4,0,0,1,1,6,1,24,5,1396,1,12,-1,1,-1
2015331501696,2,9,0,2,0,0,0,0,0,0,1,1,6,3,-1,-1,1149,1,5,-1,-1,-1
2015331501697,1,9,0,9,0,8,0,9,0,0,3,1,1,1,42,7,-1,-1,-1,-1,1,-1
2015331501697,2,98,1,18,0,8,0,0,0,0,3,2,1,1,47,8,-1,-1,-1,-1,-1,-1
2015331501698,1,9,0,9,0,5,0,0,0,0,1,1,6,1,33,6,1998,1,12,-1,1,-1
2015331501698,2,1,0,18,0,6,0,0,0,0,1,1,6,1,40,7,-1,-1,-1,-1,1,-1
2015331501699,1,19,0,18,0,0,0,0,0,0,1,1,1,1,41,7,1560,2,-1,-1,1,-1
2015331501699,2,9,0,18,0,0,0,0,5,6,2,1,6,1,71,10,2720,2,9,-1,1,-1
2015331501700,1,9,0,18,0,8,2,0,0,0,1,1,1,1,50,8,1997,2,1,-1,1,-1
2015331501700,2,9,0,18,0,6,2,0,0,0,1,1,6,1,45,7,1149,1,13,-1,1,-1
2015331501701,1,9,0,11,0,0,0,0,0,0,4,1,2,2,23,5,1360,1,8,-1,1,-1
2015331501701,2,1,0,18,0,0,0,0,1,10,3,1,2,1,46,8,-1,-1,-1,-1,1,-1
2015331501702,1,9,0,4,0,1,0,0,0,0,1,1,6,1,28,6,-1,-1,-1,-1,1,-1
2015331501702,2,9,0,3,0,1,0,0,0,0,2,1,6,1,32,6,1995,2,8,-1,-1,-1
2015331501702,3,9,0,3,0,1,0,0,0,0,2,1,6,1,40,7,2143,2,2,-1,1,-1
2015331501703,1,9,0,17,0,0,0,0,0,0,1,1,6,1,46,8,1968,2,5,-1,1,-1
2015331501703,2,9,0,16,0,0,0,0,0,0,1,1,6,1,51,8,2143,2,2,-1,1,-1
2015331501704,1,9,0,14,0,2,0,0,0,0,4,1,6,1,27,6,1995,1,6,-1,1,-1
2015331501705,1,9,0,18,0,0,0,0,0,0,1,1,6,2,49,8,1390,1,10,-1,1,-1
2015331501706,1,9,0,4,0,0,0,0,0,0,4,1,2,1,25,5,1586,1,9,-1,1,-1
2015331501708,1,9,0,3,0,1,0,0,0,0,2,1,6,2,54,8,1796,1,3,-1,1,-1
2015331501708,2,9,0,4,0,1,0,0,0,0,1,1,6,1,-1,-1,2495,2,17,-1,1,-1
2015331501708,3,90,0,18,0,1,0,0,0,0,0,1,1,3,-1,-1,-1,-1,-1,-1,-1,-1
2015331501709,1,1,0,13,0,2,0,0,0,0,1,1,1,1,26,6,-1,-1,-1,-1,1,-1
2015331501709,2,9,0,5,0,2,0,0,0,0,3,1,6,2,49,8,1598,2,1,-1,3,-1
2015331501711,1,9,0,18,0,0,0,10,7,11,1,1,6,1,73,10,1753,2,14,-1,2,-1
2015331501712,1,8,0,3,0,8,0,0,0,0,2,1,1,1,36,7,-1,-1,-1,-1,1,-1