Accident_Index,Vehicle_Reference,Vehicle_Type,Towing_and_Articulation,Vehicle_Manoeuvre,Vehicle_Location-Restricted_Lane,Junction_Location,Skidding_and_Overturning,Hit_Object_in_Carriageway,Vehicle_Leaving_Carriageway,Hit_Object_off_Carriageway,1st_Point_of_Impact,Was_Vehicle_Left_Hand_Drive?,Journey_Purpose_of_Driver,Sex_of_Driver,Age_of_Driver,Age_Band_of_Driver,Engine_Capacity_(CC),Propulsion_Code,Age_of_Vehicle,Driver_IMD_Decile,Driver_Home_Area_Type,Vehicle_IMD_Decile
2015331501712,2,9,0,3,0,8,0,0,0,0,2,1,6,1,-1,-1,-1,-1,-1,-1,-1,-1
2015331501712,3,9,0,18,0,8,0,0,0,0,1,1,6,1,-1,-1,1968,2,11,-1,-1,-1
2015331501714,1,9,0,18,0,1,0,0,0,0,1,1,6,1,29,6,1598,1,14,-1,-1,-1
2015331501714,2,9,0,3,0,1,0,0,0,0,2,1,6,1,35,6,-1,-1,-1,-1,-1,-1
2015331501715,1,8,0,16,0,1,0,0,0,0,3,1,1,1,30,6,1685,2,2,-1,1,-1
2015331501715,2,1,0,18,0,1,0,0,0,0,1,1,6,1,13,3,-1,-1,-1,-1,1,-1
2015331501716,1,1,0,18,0,2,0,0,0,0,1,1,6,1,23,5,-1,-1,-1,-1,-1,-1
2015331501717,1,9,0,18,0,1,0,0,0,0,3,1,6,1,50,8,1997,2,7,-1,2,-1
2015331501717,2,9,0,18,0,1,0,0,0,0,4,1,6,2,71,10,1242,1,3,-1,2,-1
2015331501717,3,9,0,7,0,5,0,0,0,0,0,1,6,3,-1,-1,-1,-1,-1,-1,-1,-1
2015331501718,1,9,0,2,0,0,0,0,0,0,0,1,6,2,48,8,1997,2,11,-1,-1,-1
2015331501718,2,9,0,18,0,0,0,0,0,0,0,1,6,3,-1,-1,-1,-1,-1,-1,-1,-1
2015331501719,1,9,0,18,0,0,0,0,0,0,1,1,6,1,52,8,1582,2,2,-1,1,-1
2015331501720,1,9,0,5,0,0,0,0,0,0,2,1,1,1,50,8,1686,2,4,-1,-1,-1
2015331501720,2,9,0,5,0,0,0,0,0,0,2,1,1,1,38,7,1560,2,1,-1,-1,-1
2015331501720,3,9,0,5,0,0,0,0,0,0,1,1,1,2,36,7,1124,1,13,-1,-1,-1
2015331501721,1,9,0,18,0,0,0,0,0,0,3,1,6,3,50,8,2179,2,3,-1,-1,-1
2015331501721,2,1,0,18,0,0,0,0,0,0,3,1,6,1,42,7,-1,-1,-1,-1,1,-1
2015331501722,1,9,0,5,0,1,0,0,0,0,1,1,6,2,30,6,2204,2,11,-1,-1,-1
2015331501723,1,9,0,18,0,0,0,0,0,0,1,1,6,2,-1,-1,1598,1,9,-1,-1,-1
2015331501723,2,8,0,18,0,0,0,0,0,0,1,1,1,1,-1,-1,1997,2,6,-1,-1,-1
2015331501724,1,9,0,7,0,6,0,0,0,0,3,1,1,1,60,9,998,1,2,-1,1,-1
2015331501724,2,1,0,17,0,8,0,0,0,0,1,1,6,2,27,6,-1,-1,-1,-1,-1,-1
2015331501725,1,9,0,7,0,0,0,0,0,0,1,1,1,1,40,7,-1,-1,-1,-1,-1,-1
2015331501725,2,1,0,18,0,0,0,0,0,0,1,1,6,1,19,4,-1,-1,-1,-1,-1,-1
2015331501726,1,98,0,18,0,8,0,0,0,0,3,1,6,3,-1,-1,-1,-1,-1,-1,-1,-1
2015331501726,2,9,0,10,0,8,0,0,0,0,3,1,1,1,46,8,-1,-1,-1,-1,-1,-1
2015331501727,1,9,0,18,0,8,0,0,0,0,3,1,6,1,77,11,1339,1,9,-1,1,-1
2015331501727,2,9,0,18,0,8,0,0,0,0,1,1,2,1,56,9,-1,-1,-1,-1,-1,-1
2015331501728,1,5,0,18,0,0,0,0,0,0,1,1,1,1,43,7,599,1,10,-1,1,-1
2015331501728,2,98,0,2,0,0,0,0,0,0,2,1,6,3,-1,-1,2874,2,17,-1,-1,-1
2015331501729,1,9,0,18,0,8,0,0,0,0,1,1,2,2,34,6,1988,2,11,-1,2,-1
2015331501729,2,9,0,9,0,8,0,0,0,0,3,1,2,2,23,5,1390,1,2,-1,1,-1
2015331501730,1,9,0,5,0,6,0,0,0,0,3,1,6,1,39,7,1248,2,9,-1,1,-1
2015331501730,2,9,0,5,0,8,0,0,0,0,1,1,6,1,18,4,1390,1,8,-1,1,-1
2015331501730,3,9,0,5,0,8,0,0,0,0,1,1,6,1,68,10,-1,3,-1,-1,1,-1
2015331501731,1,9,0,9,0,6,0,0,0,0,1,1,6,1,31,6,2494,1,14,-1,1,-1
2015331501731,2,3,0,13,0,8,0,0,0,0,1,1,6,1,29,6,124,1,1,-1,1,-1
2015331501731,3,9,0,18,0,1,0,0,0,0,0,1,6,3,-1,-1,-1,-1,-1,-1,-1,-1
2015331501732,1,9,0,13,0,0,0,0,0,0,4,1,6,1,58,9,1997,2,5,-1,1,-1
2015331501732,2,1,0,18,0,0,0,0,0,0,2,1,6,1,59,9,-1,-1,-1,-1,1,-1
2015331501732,3,9,0,18,0,0,0,0,0,0,0,1,6,3,-1,-1,-1,-1,-1,-1,-1,-1
2015331501733,1,9,0,18,0,0,0,0,0,0,1,1,6,2,67,10,999,1,1,-1,1,-1
2015331501733,2,9,0,2,0,0,0,0,0,0,1,1,6,3,-1,-1,1600,1,16,-1,-1,-1
2015331501734,1,9,0,17,0,0,0,0,0,0,1,1,6,2,37,7,1399,2,5,-1,1,-1
2015331501735,1,9,0,18,0,3,1,0,7,7,2,1,6,1,30,6,1968,2,11,-1,-1,-1
2015331501735,2,9,0,12,0,4,0,0,0,0,1,1,6,1,59,9,1200,1,1,-1,-1,-1
2015331501736,1,9,0,18,0,1,1,0,0,0,1,1,2,1,20,4,1596,1,12,-1,2,-1
2015331501736,2,9,0,18,0,1,1,0,2,11,1,1,2,1,50,8,1200,1,-1,-1,1,-1
2015331501736,3,9,0,3,0,1,0,0,0,0,2,1,2,1,20,4,1294,1,20,-1,1,-1
2015331501736,4,9,0,10,0,1,0,0,0,0,2,1,2,2,40,7,1360,1,14,-1,3,-1
2015331501737,1,9,0,1,9,6,0,0,0,0,2,1,6,1,30,6,-1,-1,-1,-1,2,-1
2015331501738,1,9,0,16,0,0,1,0,0,0,3,1,6,1,23,5,1388,1,12,-1,-1,-1
2015331501738,2,9,0,18,0,0,0,0,0,0,1,1,6,1,80,11,1399,2,8,-1,-1,-1
2015331501739,1,9,0,3,0,0,0,0,0,0,2,1,6,1,65,9,2720,2,8,-1,2,-1
2015331501739,2,9,0,4,0,0,0,0,0,0,1,1,6,1,49,8,-1,-1,-1,-1,1,-1
2015331501740,1,9,0,18,0,0,5,0,1,4,1,1,6,1,22,5,1988,1,12,-1,1,-1
2015331501741,1,9,0,5,0,3,0,0,0,0,2,1,6,1,24,5,1587,1,9,-1,1,-1
2015331501741,2,9,0,4,0,4,0,0,0,0,1,1,6,1,71,10,1388,1,9,-1,1,-1
2015331501742,1,9,0,18,0,2,1,7,7,1,4,1,6,1,27,6,1686,2,14,-1,1,-1
2015331501743,1,9,0,4,0,6,1,0,0,0,1,1,2,1,26,6,1956,2,3,-1,-1,-1
2015331501743,2,9,0,18,0,8,0,0,1,3,4,1,2,2,63,9,1560,2,5,-1,1,-1
2015331501743,3,9,0,18,0,8,0,0,0,0,3,1,2,1,40,7,1582,2,5,-1,-1,-1
2015331501744,1,9,0,16,0,1,0,0,0,0,3,1,2,2,61,9,1242,1,2,-1,1,-1
2015331501745,1,9,0,3,0,1,0,0,0,0,2,1,6,2,23,5,1598,1,10,-1,-1,-1
2015331501745,2,9,0,14,0,1,0,0,0,0,1,1,1,2,41,7,998,1,15,-1,-1,-1
2015331501747,1,9,0,4,0,0,0,0,0,0,1,1,6,1,37,7,1348,1,13,-1,1,-1
2015331501747,2,9,0,3,0,0,0,0,0,0,2,1,6,1,27,6,1984,1,-1,-1,1,-1
2015331501747,3,9,0,3,0,0,0,0,0,0,1,1,6,1,22,5,-1,-1,-1,-1,1,-1
2015331501748,1,9,0,18,0,1,0,0,0,0,1,1,6,2,22,5,1390,1,3,-1,2,-1
2015331501749,1,8,0,18,0,0,0,0,0,0,1,1,1,1,58,9,1686,2,5,-1,1,-1
2015331501749,2,1,0,9,0,0,0,0,0,0,3,1,4,1,12,3,-1,-1,-1,-1,-1,-1
2015331501750,1,9,0,18,0,0,0,0,0,0,1,1,6,1,24,5,1598,1,-1,-1,-1,-1
2015331501750,2,9,0,4,0,0,0,0,0,0,2,1,6,1,41,7,2171,1,14,-1,1,-1
2015331501750,3,9,0,4,0,0,0,0,0,0,2,1,6,1,31,6,1598,2,4,-1,1,-1
2015331501750,4,9,0,4,0,0,0,0,0,0,2,1,6,1,46,8,1560,2,3,-1,-1,-1
2015331501751,1,9,0,16,0,0,2,0,7,10,1,1,2,1,18,4,1396,1,15,-1,3,-1
2015331501752,1,9,0,18,0,0,0,0,1,4,1,1,6,1,24,5,2597,1,14,-1,1,-1
2015331501753,1,9,0,9,0,5,0,0,0,0,1,1,6,1,30,6,1685,2,-1,-1,1,-1
2015331501753,2,9,0,18,0,8,0,0,2,1,1,1,6,2,43,7,1364,1,8,-1,1,-1
2015331501754,1,9,0,17,0,0,1,0,1,9,1,1,6,1,42,7,1896,2,8,-1,1,-1
2015331501754,2,9,0,16,0,0,0,0,1,0,1,1,6,1,60,9,1997,2,3,-1,1,-1
2015331501755,1,9,0,4,0,0,0,0,0,0,2,1,2,2,22,5,1753,2,10,-1,1,-1
2015331501755,2,3,0,4,0,0,0,0,0,0,1,1,2,1,21,5,125,1,-1,-1,2,-1
2015331501756,1,9,0,9,0,5,0,0,0,0,1,1,1,2,80,11,1396,1,12,-1,-1,-1
2015331501756,2,9,0,18,0,8,0,0,0,0,1,1,1,2,30,6,1910,2,9,-1,-1,-1
2015331501758,1,3,0,5,0,8,0,0,0,0,3,1,6,1,21,5,124,1,8,-1,1,-1
2015331501758,2,9,0,5,0,8,0,0,0,0,4,1,2,2,43,7,996,1,1,-1,1,-1
2015331501760,1,9,0,4,0,0,0,0,0,0,2,1,6,1,20,4,1364,1,6,-1,1,-1
2015331501760,2,9,0,18,0,0,0,0,0,0,1,1,6,1,-1,-1,1968,2,7,-1,1,-1
2015331501761,1,9,0,17,0,0,0,0,1,10,1,1,6,2,36,7,1149,1,11,-1,-1,-1
2015331501763,1,19,0,12,0,0,0,0,0,0,1,1,1,1,26,6,-1,-1,-1,-1,1,-1
2015331501763,2,9,0,18,0,0,0,0,1,7,2,1,6,1,41,7,1796,1,7,-1,-1,-1
2015331501763,3,21,1,2,6,0,0,0,0,0,3,1,1,1,31,6,12777,2,-1,-1,1,-1
2015331501765,1,9,0,7,0,6,0,0,0,0,3,1,6,2,38,7,1398,1,10,-1,1,-1
2015331501765,2,9,0,14,0,8,0,0,0,0,1,1,6,1,34,6,2987,2,6,-1,1,-1
2015331501766,1,9,0,9,0,5,0,0,0,0,1,1,6,1,-1,-1,-1,-1,-1,-1,-1,-1
2015331501767,1,9,0,13,0,0,0,0,0,0,3,1,6,2,20,4,1242,1,7,-1,1,-1
2015331501767,2,9,0,13,0,0,0,0,0,0,4,1,6,1,-1,-1,-1,-1,-1,-1,-1,-1
2015331501768,1,9,0,18,0,1,0,0,0,0,1,1,6,2,28,6,1968,2,3,-1,-1,-1
2015331501768,2,19,0,3,0,1,0,0,0,0,2,1,2,1,24,5,1248,2,5,-1,-1,-1
2015331501768,3,9,0,3,0,1,0,0,1,4,2,1,6,2,80,11,1275,1,18,-1,-1,-1
2015331501769,1,9,0,18,0,2,0,0,0,0,1,1,6,1,30,6,1994,1,17,-1,1,-1
2015331501770,1,9,0,18,0,0,0,0,1,7,1,1,1,1,30,6,2494,8,-1,-1,1,-1
2015331501770,2,19,0,18,0,0,0,0,0,0,2,1,1,1,45,7,3920,2,6,-1,1,-1
2015331501771,1,9,0,7,0,3,0,0,7,11,1,1,6,1,27,6,1388,1,9,-1,1,-1
2015331501772,1,9,0,11,0,0,0,0,0,0,1,1,1,1,27,6,1796,1,12,-1,2,-1
2015331501772,2,8,0,18,0,0,0,0,7,6,2,1,6,1,21,5,1360,1,3,-1,1,-1
2015331501773,1,19,0,12,0,8,0,0,0,0,0,1,1,1,-1,-1,2198,2,2,-1,-1,-1
2015331501773,2,9,0,4,0,1,0,0,0,0,2,1,6,2,-1,-1,998,1,15,-1,-1,-1
2015331501773,3,9,0,18,0,1,0,0,0,0,1,1,6,2,24,5,1896,2,11,-1,1,-1
2015331501774,1,9,0,16,0,0,1,0,7,4,1,1,1,1,18,4,1124,1,15,-1,2,-1
2015331501775,1,20,5,16,0,2,0,0,8,4,1,1,1,1,57,9,-1,-1,-1,-1,-1,-1
2015331501775,2,9,0,4,0,1,0,0,0,0,0,1,6,3,-1,-1,-1,-1,-1,-1,-1,-1
2015331501776,1,9,0,18,0,4,0,0,0,0,1,1,2,2,38,7,1388,1,17,-1,1,-1
2015331501776,2,19,0,18,0,3,0,0,1,0,4,1,1,1,62,9,1560,2,1,-1,1,-1
2015331501777,1,9,0,18,0,8,0,0,0,0,1,1,3,2,49,8,1398,2,12,-1,1,-1
2015331501777,2,9,0,9,0,6,0,0,0,0,3,1,3,2,38,7,1388,1,3,-1,1,-1
2015331501778,1,9,0,18,0,6,0,0,0,0,1,1,6,1,60,9,1461,2,5,-1,1,-1
2015331501778,2,9,0,18,0,8,0,0,0,0,1,1,6,1,31,6,1587,1,10,-1,-1,-1
2015331501781,1,9,0,9,0,5,0,0,0,0,0,1,6,3,24,5,1248,2,11,-1,-1,-1
2015331501781,2,1,0,18,0,8,0,0,0,0,0,1,2,1,25,5,-1,-1,-1,-1,1,-1
2015331501782,1,1,0,5,0,8,0,0,0,0,3,1,6,2,41,7,-1,-1,-1,-1,1,-1
2015331501782,2,97,0,14,0,8,0,0,0,0,1,1,6,3,-1,-1,-1,-1,-1,-1,-1,-1
2015331501783,1,9,0,4,0,4,0,0,0,0,2,1,6,2,40,7,1360,1,13,-1,1,-1
2015331501783,2,9,0,5,0,4,0,0,0,0,1,1,2,1,60,9,1199,1,11,-1,1,-1
2015331501784,1,9,0,9,0,5,0,0,0,0,1,1,6,1,60,9,998,1,17,-1,1,-1
2015331501784,2,9,0,18,0,8,0,0,0,0,3,1,6,1,58,9,996,1,1,-1,1,-1
2015331501785,1,9,0,18,0,4,0,0,0,0,3,1,6,1,30,6,3246,1,11,-1,1,-1
2015331501785,2,1,0,18,0,8,0,0,0,0,1,1,6,1,43,7,-1,-1,-1,-1,1,-1
2015331501786,1,9,0,5,0,8,0,0,0,0,1,1,6,2,42,7,1598,2,2,-1,1,-1
2015331501786,2,9,0,18,0,4,0,0,0,0,4,1,6,2,60,9,1998,2,7,-1,2,-1
2015331501787,1,9,0,4,0,4,0,0,0,0,2,1,6,1,25,5,1124,1,13,-1,1,-1
2015331501787,2,9,0,18,0,4,0,0,0,0,1,1,6,1,-1,-1,1968,2,7,-1,-1,-1
2015331501788,1,9,0,17,0,0,0,0,7,10,1,1,2,1,23,5,1390,1,7,-1,1,-1
2015331501789,1,9,0,18,0,0,0,0,0,0,1,1,6,2,33,6,1988,1,11,-1,2,-1
2015331501789,2,9,0,18,0,0,0,0,0,0,2,1,6,1,51,8,1598,1,4,-1,1,-1
2015331501790,1,9,0,9,0,6,0,0,0,0,3,1,6,2,50,8,1560,2,2,-1,1,-1
2015331501790,2,9,0,17,0,8,0,0,0,0,1,1,6,1,25,5,1968,2,7,-1,1,-1
2015331501791,1,9,0,16,0,0,5,0,7,9,1,1,6,1,18,4,973,1,14,-1,3,-1
2015331501792,1,9,0,18,0,8,1,0,7,1,1,1,6,1,47,8,1970,1,13,-1,2,-1
2015331501792,2,9,0,7,0,7,0,0,1,4,1,1,6,1,53,8,1248,2,8,-1,1,-1
2015331501793,1,9,0,18,0,0,0,0,1,4,1,1,6,2,20,4,1242,1,2,-1,3,-1
2015331501794,1,9,0,11,0,0,0,0,0,0,1,1,2,1,30,6,1868,2,14,-1,1,-1
2015331501794,2,9,0,2,0,0,0,0,0,0,2,1,1,3,47,8,-1,-1,-1,-1,1,-1
2015331501795,1,1,0,18,0,1,0,0,0,0,1,1,6,1,20,4,-1,-1,-1,-1,-1,-1
2015331501796,1,11,0,9,0,3,0,0,0,0,1,1,1,1,64,9,9000,2,10,-1,1,-1
2015331501796,2,9,0,11,0,3,0,0,1,0,4,1,1,2,47,8,998,1,-1,-1,1,-1
2015331501797,1,9,0,18,0,0,5,0,0,0,1,1,6,2,21,5,1400,1,15,-1,-1,-1
2015331501797,2,9,0,2,0,0,0,0,0,0,2,1,6,3,-1,-1,-1,-1,-1,-1,-1,-1
2015331501798,1,9,0,17,0,0,1,0,0,0,1,1,2,1,36,7,1389,1,16,-1,1,-1
2015331501798,2,9,0,18,0,0,0,0,1,0,1,1,2,1,42,7,2488,1,10,-1,1,-1
2015331501799,1,9,0,2,0,1,0,0,0,0,3,1,6,1,25,5,-1,-1,-1,-1,-1,-1
2015331501799,2,1,0,14,0,1,0,0,0,0,1,1,6,1,49,8,-1,-1,-1,-1,1,-1
2015331501800,1,9,0,18,0,2,0,0,0,0,1,1,6,1,25,5,1229,1,7,-1,-1,-1
2015331501800,2,9,0,4,0,2,0,0,0,0,2,1,6,1,49,8,1762,1,17,-1,1,-1
2015331501800,3,9,0,18,0,1,0,0,0,0,0,1,6,3,-1,-1,-1,-1,-1,-1,-1,-1
2015331501801,1,9,0,18,0,0,5,0,1,4,3,1,1,1,26,6,1794,1,13,-1,-1,-1
2015331501802,1,9,0,4,0,0,0,0,0,0,2,1,6,2,51,8,998,1,3,-1,1,-1
2015331501802,2,9,0,4,0,0,1,0,0,0,1,1,2,1,46,8,1997,2,7,-1,1,-1
2015331501803,1,9,0,2,0,2,0,0,0,0,3,1,6,1,22,5,2902,2,13,-1,1,-1
2015331501803,2,19,0,18,0,2,0,0,0,0,4,1,6,1,-1,-1,-1,-1,-1,-1,-1,-1
2015331501804,1,9,0,18,0,6,0,0,7,1,3,1,6,1,22,5,1595,1,7,-1,-1,-1
2015331501804,2,9,0,18,0,8,0,0,0,0,1,1,6,1,35,6,1390,1,11,-1,1,-1
2015331501804,3,9,0,18,0,1,0,0,0,0,0,1,1,1,42,7,2993,2,4,-1,1,-1
2015331501805,1,9,0,18,0,6,2,4,0,0,1,1,6,1,29,6,1796,1,11,-1,-1,-1
2015331501805,2,9,0,2,0,2,0,0,0,0,2,1,6,3,46,8,1997,2,14,-1,-1,-1
2015331501805,3,9,0,2,0,2,0,0,0,0,2,1,6,3,-1,-1,1388,1,12,-1,-1,-1
2015331501806,1,9,0,4,0,2,0,0,0,0,2,1,6,2,37,7,1598,1,11,-1,1,-1
2015331501806,2,9,0,18,0,2,0,0,0,0,1,1,6,2,46,8,2319,1,15,-1,1,-1
2015331501807,1,9,0,17,0,0,1,0,0,0,3,1,6,2,23,5,1199,1,15,-1,3,-1
2015331501807,2,9,0,18,0,0,0,0,0,0,1,1,6,1,70,10,1995,2,2,-1,1,-1
2015331501809,1,9,0,17,0,0,1,0,1,2,1,1,6,1,22,5,1595,1,16,-1,1,-1
2015331501810,1,19,0,17,0,0,0,0,7,11,1,1,2,1,27,6,1896,2,7,-1,1,-1
2015331501811,1,3,0,17,0,0,0,0,0,0,1,1,1,1,33,6,124,1,3,-1,1,-1
2015331501811,2,17,4,3,0,0,0,0,0,0,3,1,1,1,29,6,5985,2,11,-1,2,-1
2015331501814,1,9,0,18,0,0,0,0,0,0,2,1,1,1,45,7,1995,2,5,-1,2,-1
2015331501814,2,9,0,18,0,0,0,0,0,0,2,1,1,1,48,8,1753,2,12,-1,1,-1
2015331501814,3,9,0,18,0,0,0,0,0,0,1,1,1,1,55,8,1360,1,14,-1,-1,-1
2015331501815,1,19,0,4,0,0,0,0,0,0,2,1,1,1,26,6,1870,2,14,-1,1,-1
2015331501815,2,9,0,4,0,0,0,0,1,0,1,1,1,2,25,5,-1,-1,-1,-1,3,-1
2015331501816,1,9,0,18,0,0,0,0,0,0,1,1,2,1,56,9,1248,1,5,-1,2,-1
2015331501816,2,9,0,4,0,0,0,0,0,0,2,1,2,2,29,6,1598,2,5,-1,1,-1
2015331501817,1,9,0,9,0,5,0,0,1,10,1,1,1,1,39,7,1995,2,11,-1,1,-1
2015331501817,2,9,0,4,0,8,0,0,1,0,1,1,6,2,50,8,1998,2,9,-1,3,-1
2015331501818,1,9,0,17,0,8,1,0,0,0,1,1,1,1,47,8,-1,-1,-1,-1,1,-1
2015331501818,2,9,0,7,0,6,1,0,0,0,3,1,6,1,31,6,1560,2,10,-1,1,-1
2015331501819,1,22,0,18,0,0,5,0,0,0,1,1,6,1,65,9,-1,-1,-1,-1,1,-1
2015331501819,2,9,0,18,0,0,0,0,0,0,3,1,6,1,38,7,999,1,-1,-1,1,-1
2015331501820,1,9,0,7,0,6,0,0,0,0,1,1,6,1,21,5,1390,1,6,-1,1,-1
2015331501821,1,9,0,18,0,0,0,0,0,0,2,1,2,1,42,7,-1,-1,-1,-1,-1,-1
2015331501821,2,9,0,18,0,0,0,0,5,0,2,1,2,1,38,7,1995,2,-1,-1,1,-1
2015331501821,3,9,0,12,0,0,0,0,0,0,1,1,2,2,51,8,1461,2,-1,-1,1,-1
2015331501822,1,9,0,4,0,1,1,0,0,0,1,1,6,2,19,4,796,1,15,-1,1,-1
2015331501822,2,9,0,3,0,1,0,0,0,0,2,1,6,1,22,5,1984,1,1,-1,1,-1
2015331501823,1,9,0,4,0,8,1,0,0,0,1,1,6,1,23,5,1242,1,13,-1,2,-1
2015331501823,2,9,0,10,0,8,0,0,0,0,2,1,6,2,32,6,1868,2,15,-1,2,-1
2015331501824,1,9,0,11,0,3,0,0,0,0,1,1,6,1,50,8,1995,2,11,-1,1,-1
2015331501824,2,9,0,18,0,3,0,0,0,0,2,1,6,1,36,7,1598,1,10,-1,1,-1
2015331501825,1,9,0,17,0,8,1,0,0,0,1,1,6,1,21,5,1299,1,14,-1,2,-1
2015331501825,2,9,0,16,0,8,0,0,0,0,1,1,6,1,30,6,1798,2,15,-1,1,-1
2015331501826,1,9,0,12,0,0,1,0,1,7,3,1,6,2,32,6,2993,2,8,-1,1,-1
2015331501826,2,9,0,18,0,0,0,0,0,0,4,1,6,1,32,6,3628,2,7,-1,1,-1
2015331501827,1,9,0,18,0,1,2,0,1,4,1,1,1,1,27,6,-1,-1,-1,-1,-1,-1
2015331501827,2,9,0,12,0,1,0,0,0,0,0,1,1,1,51,8,-1,-1,-1,-1,1,-1
2015331501827,3,21,1,18,0,8,0,0,0,0,0,1,1,3,-1,-1,-1,-1,-1,-1,-1,-1
2015331501828,1,3,0,18,0,3,0,10,0,0,3,1,6,1,59,9,125,1,13,-1,1,-1
2015331501829,1,9,0,15,0,8,0,0,0,0,3,1,6,1,45,7,1968,2,-1,-1,-1,-1
2015331501829,2,5,0,11,0,8,1,0,1,0,1,1,6,1,32,6,675,1,8,-1,1,-1
2015331501830,1,9,0,18,0,0,0,0,7,9,1,1,6,1,28,6,-1,-1,-1,-1,3,-1
2015331501830,2,3,0,18,0,0,0,0,1,4,2,1,6,1,29,6,125,1,-1,-1,1,-1
2015331501831,1,9,0,15,0,1,0,10,1,0,1,2,6,1,-1,-1,-1,-1,-1,-1,-1,-1
2015331501831,2,9,0,3,0,1,0,0,0,0,2,1,6,3,-1,-1,-1,-1,-1,-1,-1,-1
2015331501832,1,5,0,14,0,8,0,0,0,0,1,1,2,1,24,5,636,1,12,-1,1,-1
2015331501832,2,9,0,9,0,8,0,0,0,0,1,1,2,2,26,6,-1,-1,-1,-1,1,-1
2015331501833,1,19,0,3,0,1,0,0,0,0,2,1,2,1,19,4,2143,2,5,-1,1,-1
2015331501833,2,9,0,18,0,1,0,0,0,0,1,1,1,1,63,9,-1,-1,-1,-1,1,-1
2015331501833,3,9,0,9,0,5,0,0,0,0,0,1,6,3,-1,-1,-1,-1,-1,-1,-1,-1
2015331501834,1,9,0,18,0,1,0,0,0,0,3,1,6,1,26,6,1956,2,1,-1,1,-1
2015331501835,1,21,1,2,0,0,0,0,0,0,0,2,1,1,48,8,10837,2,1,-1,2,-1
2015331501835,2,9,0,18,0,0,0,0,0,0,4,1,6,3,-1,-1,-1,-1,-1,-1,-1,-1
2015331501836,1,9,0,18,0,0,2,10,0,0,1,1,6,2,25,5,1364,1,6,-1,-1,-1
2015331501837,1,9,0,18,9,8,0,0,0,0,1,1,1,1,36,7,1896,2,14,-1,1,-1
2015331501837,2,1,0,18,9,8,0,0,0,0,3,1,6,1,22,5,-1,-1,-1,-1,1,-1
2015331501838,1,9,0,18,0,2,0,0,0,0,1,1,6,1,90,11,1149,1,19,-1,1,-1
2015331501838,2,1,0,18,0,2,0,0,0,0,2,1,6,2,43,7,-1,-1,-1,-1,1,-1
2015331501839,1,9,0,4,0,5,1,0,3,9,1,1,6,2,67,10,-1,-1,-1,-1,3,-1
2015331501839,2,9,0,18,0,8,0,0,1,9,3,1,6,2,55,8,1968,2,-1,-1,3,-1
2015331501840,1,19,0,18,0,2,0,0,0,0,4,1,1,2,34,6,2299,2,-1,-1,1,-1
2015331501841,1,9,0,5,0,0,0,0,0,0,3,1,6,1,51,8,1198,1,11,-1,1,-1
2015331501841,2,1,0,18,0,0,0,0,0,0,3,1,6,1,53,8,-1,-1,-1,-1,1,-1
2015331501841,3,98,0,2,0,0,0,0,0,0,0,1,1,3,-1,-1,-1,-1,-1,-1,-1,-1
2015331501842,1,9,0,18,0,0,5,0,0,0,1,1,6,2,40,7,1560,2,8,-1,1,-1
2015331501842,2,9,0,3,0,0,0,0,0,0,1,1,2,2,45,7,1991,2,6,-1,3,-1
2015331501843,1,9,0,4,0,0,1,0,0,0,1,1,6,2,26,6,-1,-1,-1,-1,3,-1
2015331501843,2,9,0,3,0,0,0,0,0,0,2,1,6,2,24,5,1910,2,6,-1,1,-1
2015331501843,3,9,0,3,0,0,0,0,0,0,2,1,6,1,38,7,1196,1,30,-1,1,-1
2015331501844,1,9,0,4,0,0,0,0,0,0,2,1,2,1,37,7,1997,2,8,-1,2,-1
2015331501844,2,9,0,4,0,0,0,0,0,0,1,1,1,2,37,7,1995,2,-1,-1,-1,-1
2015331501845,1,9,0,16,0,0,1,0,7,9,1,1,6,2,28,6,1968,2,1,-1,1,-1
2015331501846,1,9,0,18,0,8,0,0,0,0,3,1,6,1,32,6,1896,2,10,-1,1,-1
2015331501846,2,9,0,5,0,6,0,0,0,0,1,1,6,1,22,5,1598,1,7,-1,1,-1
2015331501847,1,9,0,18,0,1,0,0,0,0,1,1,2,1,24,5,-1,-1,-1,-1,-1,-1
2015331501847,2,9,0,3,0,1,0,0,0,0,2,1,2,2,37,7,2874,2,11,-1,1,-1
2015331501847,3,9,0,3,0,1,0,0,0,0,2,1,2,1,60,9,1496,2,-1,-1,1,-1
2015331501848,1,9,0,9,0,8,0,0,0,0,1,1,2,1,23,5,1781,1,14,-1,1,-1
2015331501848,2,21,1,9,0,6,0,0,0,0,4,1,1,1,43,7,11000,2,15,-1,1,-1
2015331501849,1,19,0,14,0,8,0,0,0,0,1,1,1,1,55,8,-1,-1,-1,-1,1,-1
2015331501849,2,21,1,18,0,8,0,0,0,0,1,1,1,1,53,8,-1,-1,-1,-1,2,-1
2015331501849,3,9,0,10,0,8,0,0,0,0,0,1,6,3,-1,-1,-1,-1,-1,-1,-1,-1
2015331501850,1,9,0,7,9,5,0,0,1,0,1,1,6,2,-1,-1,-1,-1,-1,-1,-1,-1
2015331501850,2,1,0,7,9,8,0,0,0,0,3,1,4,1,12,3,-1,-1,-1,-1,2,-1