Accident_Index,Vehicle_Reference,Vehicle_Type,Towing_and_Articulation,Vehicle_Manoeuvre,Vehicle_Location-Restricted_Lane,Junction_Location,Skidding_and_Overturning,Hit_Object_in_Carriageway,Vehicle_Leaving_Carriageway,Hit_Object_off_Carriageway,1st_Point_of_Impact,Was_Vehicle_Left_Hand_Drive?,Journey_Purpose_of_Driver,Sex_of_Driver,Age_of_Driver,Age_Band_of_Driver,Engine_Capacity_(CC),Propulsion_Code,Age_of_Vehicle,Driver_IMD_Decile,Driver_Home_Area_Type,Vehicle_IMD_Decile
2015331501990,3,9,0,3,0,2,0,0,1,10,2,1,2,1,30,6,1590,1,10,-1,1,-1
2015331501990,4,9,0,18,0,8,0,0,0,0,0,1,6,3,-1,-1,-1,-1,-1,-1,-1,-1
2015331501991,1,5,0,4,0,0,1,0,0,0,1,1,1,1,20,4,600,1,15,-1,-1,-1
2015331501992,1,9,0,18,0,8,0,0,0,0,1,1,6,1,48,8,2148,2,13,-1,1,-1
2015331501992,2,9,0,18,0,8,0,0,0,0,2,1,6,2,26,6,1686,2,7,-1,-1,-1
2015331501993,1,9,0,18,0,1,0,0,0,0,4,1,6,2,45,7,1968,2,2,-1,1,-1
2015331501993,2,9,0,2,0,1,0,0,0,0,0,1,6,3,-1,-1,-1,-1,-1,-1,-1,-1
2015331501994,1,9,0,4,0,0,0,0,0,0,1,1,6,2,50,8,1390,1,2,-1,2,-1
2015331501994,2,9,0,4,0,0,0,0,0,0,2,1,1,1,45,7,1995,2,11,-1,1,-1
2015331501995,1,9,0,18,0,0,0,0,0,0,1,1,6,1,82,11,1388,1,5,-1,3,-1
2015331501996,1,19,0,1,0,8,0,0,0,0,4,1,1,1,22,5,2148,2,8,-1,1,-1
2015331501996,2,3,0,18,0,8,0,0,0,0,1,1,6,1,23,5,124,1,2,-1,1,-1
2015331501997,1,9,0,18,0,1,0,0,0,0,1,1,6,3,-1,-1,-1,-1,-1,-1,-1,-1
2015331501998,1,9,0,17,0,0,2,0,7,9,1,1,6,1,36,7,1910,2,9,-1,1,-1
2015331501999,1,9,0,7,0,6,0,0,8,6,1,1,6,2,19,4,1299,1,13,-1,-1,-1
2015331501999,2,9,0,4,0,8,0,0,0,0,4,1,3,2,45,7,2770,2,9,-1,1,-1
2015331501999,3,19,0,4,0,8,0,0,0,0,3,1,1,1,61,9,-1,-1,-1,-1,1,-1
2015331501999,4,9,0,4,0,8,0,0,0,0,1,1,6,2,45,7,2987,2,-1,-1,3,-1
2015331502000,1,9,0,4,0,1,0,0,0,0,1,1,1,2,25,5,-1,-1,-1,-1,1,-1
2015331502000,2,9,0,3,0,1,0,0,0,0,2,1,1,2,31,6,1598,1,8,-1,2,-1
2015331502001,1,9,0,9,0,6,0,0,0,0,1,1,1,2,25,5,1242,1,2,-1,3,-1
2015331502001,2,9,0,16,0,8,0,0,0,0,1,1,1,1,37,7,1598,1,9,-1,3,-1
2015331502002,1,9,0,18,0,8,0,0,0,0,1,1,1,2,54,8,1242,1,4,-1,1,-1
2015331502002,2,1,0,7,0,6,0,0,0,0,1,1,3,1,14,3,-1,-1,-1,-1,1,-1
2015331502003,1,21,1,17,0,0,5,0,1,9,4,1,1,1,47,8,16120,2,3,-1,2,-1
2015331502003,2,9,0,16,0,0,0,0,0,0,0,1,6,3,-1,-1,-1,-1,-1,-1,-1,-1
2015331502004,1,9,0,4,0,1,0,0,0,0,1,1,6,2,19,4,1360,1,9,-1,3,-1
2015331502004,2,9,0,4,0,1,0,0,0,0,2,1,1,2,43,7,998,1,-1,-1,1,-1
2015331502005,1,9,0,18,0,8,0,0,0,0,4,1,6,3,-1,-1,-1,-1,-1,-1,-1,-1
2015331502005,2,9,0,18,0,6,0,0,0,0,1,1,6,2,35,6,-1,-1,-1,-1,-1,-1
2015331502006,1,3,0,18,0,0,0,4,0,0,1,1,2,1,28,6,125,1,3,-1,1,-1
2015331502006,2,9,0,2,0,0,0,0,0,0,2,1,2,2,56,9,1896,2,13,-1,-1,-1
2015331502006,3,19,0,14,0,0,0,0,0,0,0,1,6,3,-1,-1,-1,-1,-1,-1,-1,-1
2015331502007,1,9,0,7,0,6,0,0,0,0,1,1,6,1,31,6,1997,2,8,-1,1,-1
2015331502007,2,2,0,18,0,8,0,0,0,0,1,1,6,1,16,4,49,1,9,-1,1,-1
2015331502007,3,9,0,10,0,8,0,0,0,0,0,1,6,3,-1,-1,-1,-1,-1,-1,-1,-1
2015331502008,1,9,0,3,0,1,0,0,1,4,2,1,6,1,32,6,1997,1,11,-1,1,-1
2015331502008,2,19,0,4,0,1,1,0,0,0,1,1,1,1,43,7,1995,2,5,-1,1,-1
2015331502008,3,9,0,3,0,1,0,0,0,0,2,1,6,1,26,6,1968,2,8,-1,1,-1
2015331502009,1,9,0,10,0,8,0,0,0,0,2,1,6,2,20,4,1195,1,18,-1,2,-1
2015331502009,2,9,0,18,0,8,0,0,0,0,1,1,2,1,41,7,1497,1,12,-1,1,-1
2015331502009,3,9,0,18,0,8,0,0,0,0,3,1,1,1,30,6,2494,1,12,-1,-1,-1
2015331502010,1,2,0,18,0,0,1,0,0,0,3,1,2,1,42,7,124,1,9,-1,1,-1
2015331502011,1,17,0,18,0,7,0,0,0,0,2,1,2,1,42,7,-1,2,10,-1,2,-1
2015331502011,2,9,0,12,0,7,0,0,0,0,1,1,2,1,63,9,1242,1,13,-1,1,-1
2015331502012,1,5,0,7,0,8,0,0,0,0,1,1,6,1,20,4,649,1,3,-1,3,-1
2015331502012,2,9,0,7,0,8,0,0,0,0,3,1,6,1,-1,-1,-1,-1,-1,-1,-1,-1
2015331502013,1,9,0,18,0,1,0,0,0,0,1,1,6,3,-1,-1,-1,-1,-1,-1,-1,-1
2015331502014,1,20,0,9,0,5,0,0,0,0,4,1,1,1,37,7,-1,-1,-1,-1,-1,-1
2015331502014,2,9,0,16,0,8,0,0,0,0,1,1,1,1,28,6,-1,-1,-1,-1,1,-1
2015331502015,1,9,0,17,0,0,2,0,7,1,1,1,6,1,28,6,1364,1,3,-1,1,-1
2015331502016,1,9,0,18,0,0,0,4,0,0,1,1,2,1,46,8,-1,-1,-1,-1,2,-1
2015331502016,2,20,0,2,0,0,0,0,0,0,1,1,1,3,-1,-1,2999,2,8,-1,-1,-1
2015331502017,1,9,0,18,0,1,0,0,0,0,1,1,6,1,-1,-1,-1,-1,-1,-1,-1,-1
2015331502017,2,1,0,18,0,1,0,0,0,0,1,1,6,1,29,6,-1,-1,-1,-1,1,-1
2015331502018,1,9,0,18,0,2,5,4,0,0,4,1,6,1,39,7,1598,2,1,-1,1,-1
2015331502018,2,9,0,2,0,1,0,0,0,0,4,1,6,1,40,7,1596,1,15,-1,-1,-1
2015331502019,1,5,0,17,0,0,0,0,1,0,4,1,6,1,27,6,599,1,10,-1,1,-1
2015331502020,1,9,0,16,0,0,0,0,7,4,1,1,6,1,19,4,1248,2,8,-1,2,-1
2015331502021,1,9,0,5,8,8,0,0,0,0,3,1,6,2,21,5,-1,-1,-1,-1,-1,-1
2015331502021,2,9,0,18,0,8,0,0,0,0,4,1,6,2,43,7,2198,1,10,-1,1,-1
2015331502022,1,21,0,15,0,8,1,0,1,11,1,1,1,1,46,8,12740,2,5,-1,1,-1
2015331502022,2,9,0,10,0,8,0,0,0,0,2,1,2,2,30,6,998,1,1,-1,1,-1
2015331502022,3,9,0,18,0,8,0,0,0,0,1,1,6,2,47,8,1968,2,4,-1,1,-1
2015331502023,1,9,0,1,0,8,0,0,0,0,2,1,6,2,47,8,1149,1,11,-1,1,-1
2015331502024,1,9,0,17,0,8,0,0,0,0,3,1,6,1,62,9,1998,1,11,-1,1,-1
2015331502024,2,9,0,18,0,6,0,0,1,9,3,1,6,2,22,5,1596,1,4,-1,2,-1
2015331502025,1,9,0,17,0,0,0,0,1,9,1,1,1,1,32,6,1984,1,14,-1,2,-1
2015331502025,2,9,0,16,0,0,0,0,0,0,0,1,6,3,-1,-1,-1,-1,-1,-1,-1,-1
2015331502026,1,9,0,17,0,0,2,0,1,9,1,1,6,1,37,7,-1,-1,-1,-1,1,-1
2015331502027,1,9,0,18,0,5,0,0,0,0,1,1,6,3,-1,-1,1995,2,11,-1,-1,-1
2015331502027,2,9,0,18,0,8,0,0,0,0,1,1,6,2,33,6,1242,1,-1,-1,1,-1
2015331502028,1,1,0,18,0,8,0,0,0,0,1,1,1,1,23,5,-1,-1,-1,-1,2,-1
2015331502028,2,9,0,18,0,4,0,0,0,0,3,1,6,1,-1,-1,1198,1,1,-1,-1,-1
2015331502029,1,9,0,9,0,5,1,0,0,0,4,1,6,2,59,9,1769,1,11,-1,1,-1
2015331502029,2,9,0,18,0,8,1,0,0,0,1,1,6,2,49,8,1360,1,8,-1,1,-1
2015331502030,1,9,0,18,0,8,0,0,0,0,2,1,2,1,35,6,1349,1,3,-1,1,-1
2015331502030,2,9,0,18,0,8,0,0,0,0,2,1,2,2,29,6,1598,1,-1,-1,1,-1
2015331502030,3,9,0,4,0,8,0,0,0,0,1,1,6,2,25,5,1598,1,2,-1,3,-1
2015331502031,1,19,0,5,0,2,0,0,0,0,0,1,6,3,-1,-1,-1,-1,-1,-1,-1,-1
2015331502031,2,3,0,4,0,1,1,0,1,10,4,1,6,1,22,5,124,1,-1,-1,2,-1
2015331502032,1,9,0,3,0,1,0,0,0,0,2,1,6,1,55,8,1794,1,11,-1,1,-1
2015331502032,2,9,0,4,0,1,0,0,0,0,1,1,6,2,-1,-1,1248,2,6,-1,-1,-1
2015331502033,1,9,0,5,0,8,0,0,0,0,1,1,6,2,-1,-1,-1,-1,-1,-1,-1,-1
2015331502034,1,9,0,7,0,6,0,0,0,0,1,1,2,1,39,7,998,1,-1,-1,1,-1
2015331502034,2,3,0,18,0,8,0,0,0,0,1,1,1,1,29,6,109,1,1,-1,1,-1
2015331502035,1,9,0,18,0,1,0,0,0,0,1,1,6,1,22,5,1968,2,7,-1,1,-1
2015331502035,2,9,0,18,0,2,0,0,0,0,3,1,6,2,29,6,1397,1,6,-1,1,-1
2015331502035,3,9,0,5,0,1,0,0,0,0,2,1,6,1,26,6,1968,2,1,-1,1,-1
2015331502036,1,9,0,18,0,1,0,4,0,0,1,1,6,1,-1,-1,1198,1,10,-1,-1,-1
2015331502036,2,9,0,3,0,2,0,0,0,0,1,1,6,1,37,7,998,1,10,-1,1,-1
2015331502036,3,9,0,2,0,2,0,0,0,0,3,1,6,1,61,9,2496,2,12,-1,1,-1
2015331502037,1,9,0,18,0,8,0,0,0,0,2,1,6,1,55,8,1598,1,15,-1,1,-1
2015331502037,2,9,0,9,0,6,0,0,0,0,1,1,6,1,25,5,1360,1,12,-1,-1,-1
2015331502038,1,9,0,18,0,0,0,0,0,0,3,1,6,2,35,6,1598,2,3,-1,1,-1
2015331502038,2,9,0,11,0,0,0,0,0,0,4,1,6,1,-1,-1,-1,-1,-1,-1,-1,-1
2015331502038,3,9,0,18,0,0,0,0,0,0,0,1,6,3,-1,-1,-1,-1,-1,-1,-1,-1
2015331502039,1,9,0,10,0,8,0,0,0,0,2,1,6,1,25,5,-1,-1,-1,-1,1,-1
2015331502039,2,9,0,18,0,8,0,0,0,0,1,1,6,1,-1,-1,-1,-1,-1,-1,-1,-1
2015331502040,1,9,0,9,0,6,0,0,0,0,3,1,6,2,36,7,1968,2,1,-1,1,-1
2015331502041,1,9,0,4,0,8,0,0,0,0,1,1,6,3,-1,-1,-1,-1,-1,-1,-1,-1
2015331502041,2,1,0,5,0,8,0,0,0,0,1,1,6,1,28,6,-1,-1,-1,-1,1,-1
2015331502042,1,9,0,18,0,1,0,0,0,0,1,1,6,1,73,10,2438,1,25,-1,1,-1
2015331502042,2,9,0,18,0,1,0,0,0,0,1,1,6,1,-1,-1,-1,-1,-1,-1,-1,-1
2015331502043,1,9,0,4,0,1,0,0,0,0,4,1,6,2,51,8,1596,1,9,-1,1,-1
2015331502043,2,1,0,18,0,6,0,0,0,0,1,1,6,1,20,4,-1,-1,-1,-1,-1,-1
2015331502044,1,9,0,17,0,0,1,0,7,0,1,1,6,1,24,5,1229,1,3,-1,3,-1
2015331502044,2,21,1,16,0,0,1,0,1,0,1,1,1,1,50,8,4580,2,8,-1,2,-1
2015331502045,1,9,0,18,0,0,0,0,7,4,2,1,6,1,28,6,2521,1,8,-1,1,-1
2015331502046,1,9,0,18,0,0,0,0,0,0,1,1,6,2,77,11,1275,1,25,-1,2,-1
2015331502046,2,5,0,18,0,0,0,0,1,0,1,1,1,1,51,8,748,1,24,-1,1,-1
2015331502047,1,9,0,4,0,0,0,0,0,0,1,1,6,2,-1,-1,1390,1,15,-1,1,-1
2015331502048,1,9,0,18,0,0,1,0,1,10,1,1,6,1,19,4,1360,1,16,-1,1,-1
2015331502049,1,9,0,18,0,0,0,0,0,0,1,1,6,1,74,10,1997,1,12,-1,1,-1
2015331502050,1,9,0,7,0,6,0,0,1,0,1,1,2,2,66,10,1560,2,5,-1,-1,-1
2015331502050,2,9,0,18,0,8,0,0,0,0,1,1,2,1,63,9,1364,2,7,-1,-1,-1
2015331502051,1,9,0,18,0,2,0,0,0,0,1,1,2,2,58,9,2521,1,6,-1,1,-1
2015331502052,1,9,0,18,0,0,0,0,7,0,3,1,6,1,84,11,-1,-1,-1,-1,1,-1
2015331502052,2,9,0,18,0,0,0,0,0,0,3,1,6,1,42,7,1997,2,8,-1,1,-1
2015331502053,1,97,0,18,0,8,1,0,3,11,1,1,6,1,19,4,-1,-1,-1,-1,-1,-1
2015331502054,1,9,0,5,0,1,0,0,0,0,2,1,2,1,35,6,-1,-1,-1,-1,2,-1
2015331502054,2,11,0,18,0,1,0,0,0,0,1,1,1,3,-1,-1,-1,-1,-1,-1,-1,-1
2015331502055,1,9,0,13,0,0,0,0,0,0,3,1,6,2,28,6,1242,1,11,-1,2,-1
2015331502055,2,9,0,13,0,0,0,0,0,0,4,1,6,1,-1,-1,1796,1,18,-1,-1,-1
2015331502055,3,16,0,18,0,0,0,0,0,0,0,1,6,3,-1,-1,-1,-1,-1,-1,-1,-1
2015331502055,4,16,0,18,0,0,0,0,0,0,0,1,6,3,-1,-1,-1,-1,-1,-1,-1,-1
2015331502056,1,9,0,13,0,0,0,0,0,0,1,1,6,3,-1,-1,-1,-1,-1,-1,-1,-1
2015331502056,2,1,0,18,0,0,0,10,1,0,2,1,6,2,35,6,-1,-1,-1,-1,3,-1
2015331502057,1,9,0,13,0,0,1,0,0,0,1,1,2,1,20,4,1389,1,20,-1,1,-1
2015331502057,2,9,0,16,0,0,1,0,0,0,1,1,2,1,45,7,-1,-1,-1,-1,1,-1
2015331502057,3,1,0,18,0,0,0,0,1,9,1,1,6,1,40,7,-1,-1,-1,-1,1,-1
2015331502058,1,9,0,16,0,0,1,0,7,0,1,1,6,1,91,11,1197,1,1,-1,2,-1
2015331502058,2,21,0,17,0,0,0,0,0,0,3,1,1,1,46,8,6693,2,2,-1,1,-1
2015331502059,1,9,0,9,0,5,0,0,0,0,1,1,6,1,34,6,1968,2,1,-1,1,-1
2015331502059,2,9,0,18,0,8,0,0,7,7,1,1,6,1,27,6,2521,1,8,-1,1,-1
2015331502060,1,19,0,9,0,6,0,0,0,0,3,1,6,1,35,6,1995,2,6,-1,3,-1
2015331502060,2,9,0,18,0,8,0,0,0,0,1,1,6,1,30,6,1997,2,12,-1,1,-1
2015331502062,1,9,0,4,0,0,0,0,0,0,1,1,6,1,45,7,1339,1,11,-1,1,-1
2015331502062,2,9,0,18,0,0,0,0,0,0,1,1,6,2,81,11,1390,1,11,-1,3,-1
2015331502063,1,9,0,18,0,8,0,0,0,0,1,1,6,1,30,6,1995,2,7,-1,1,-1
2015331502063,2,9,0,14,0,8,0,0,0,0,1,1,6,2,33,6,1242,1,3,-1,1,-1
2015331502063,3,9,0,10,0,8,0,0,0,0,0,1,6,3,-1,-1,-1,-1,-1,-1,-1,-1
2015331502064,1,9,0,3,0,8,0,0,0,0,1,1,2,2,52,8,1389,1,12,-1,1,-1
2015331502064,2,9,0,3,0,8,0,0,0,0,4,1,2,1,32,6,3200,1,9,-1,1,-1
2015331502064,3,3,0,14,0,8,0,0,0,0,4,1,2,1,24,5,124,1,4,-1,1,-1
2015331502064,4,9,0,7,0,5,0,0,0,0,1,1,2,1,38,7,1499,2,-1,-1,1,-1
2015331502065,1,9,0,6,0,0,0,0,0,0,1,1,6,2,41,7,1389,1,19,-1,1,-1
2015331502065,2,9,0,18,0,0,0,0,0,0,1,1,2,2,22,5,998,1,1,-1,-1,-1
2015331502066,1,3,0,17,0,0,0,0,1,9,1,1,1,1,34,6,114,1,1,-1,1,-1
2015331502067,1,9,0,4,0,0,0,0,0,0,2,1,6,1,20,4,1229,1,3,-1,2,-1
2015331502067,2,9,0,18,0,0,0,0,0,0,1,1,6,3,-1,-1,-1,-1,-1,-1,-1,-1
2015331502067,3,9,0,4,0,0,0,0,0,0,0,1,6,3,-1,-1,-1,-1,-1,-1,-1,-1
2015331502068,1,9,0,4,0,2,0,0,0,0,1,1,6,1,44,7,1969,2,-1,-1,1,-1
2015331502068,2,9,0,3,0,2,0,0,0,0,2,1,6,2,33,6,1968,2,8,-1,1,-1
2015331502068,3,9,0,3,0,2,0,0,0,0,2,1,6,2,24,5,1598,1,5,-1,2,-1
2015331502069,1,3,0,18,0,0,1,0,2,4,1,1,6,1,25,5,125,1,10,-1,3,-1
2015331502070,1,9,0,18,0,8,0,0,0,0,1,1,6,2,41,7,-1,-1,-1,-1,1,-1
2015331502070,2,9,0,9,0,5,0,0,0,0,1,1,6,1,-1,-1,-1,-1,-1,-1,-1,-1
2015331502071,1,9,0,3,0,1,0,0,0,0,2,1,6,2,38,7,1896,2,10,-1,-1,-1
2015331502071,2,9,0,5,0,1,0,0,0,0,1,1,6,2,20,4,1242,1,4,-1,1,-1
2015331502072,1,9,0,17,0,0,0,0,1,11,1,1,6,2,24,5,1598,1,12,-1,2,-1
2015331502073,1,3,0,4,0,0,1,0,0,0,1,1,1,1,20,4,124,1,1,-1,1,-1
2015331502073,2,9,0,4,0,0,0,0,0,0,0,1,6,3,-1,-1,-1,-1,-1,-1,-1,-1
2015331502074,1,9,0,9,0,5,0,0,0,0,4,1,2,2,18,4,1242,1,9,-1,1,-1
2015331502074,2,9,0,18,0,8,0,0,0,0,4,1,6,2,45,7,1598,1,10,-1,3,-1
2015331502075,1,9,0,17,0,0,1,0,1,9,3,1,6,2,23,5,1248,2,7,-1,1,-1
2015331502076,1,9,0,7,0,2,0,0,0,0,1,1,1,1,54,8,1598,1,6,-1,1,-1
2015331502077,1,19,0,4,0,0,0,0,0,0,2,1,6,1,36,7,-1,-1,-1,-1,-1,-1
2015331502077,2,9,0,4,0,0,0,0,0,0,2,1,6,1,22,5,1497,1,13,-1,1,-1
2015331502077,3,19,0,4,0,0,0,0,0,0,2,1,6,1,25,5,1399,2,5,-1,-1,-1
2015331502077,4,9,0,4,0,0,0,0,0,0,1,1,6,1,30,6,1360,1,11,-1,-1,-1
2015331502078,1,9,0,16,0,0,1,0,7,0,4,1,1,2,24,5,1850,1,13,-1,1,-1
2015331502078,2,9,0,17,0,0,0,0,0,0,1,1,1,1,45,7,998,1,-1,-1,1,-1
2015331502079,1,9,0,9,0,8,0,0,0,0,4,1,6,1,38,7,1995,2,3,-1,1,-1
2015331502079,2,9,0,18,0,4,0,0,0,0,1,1,6,1,23,5,1198,1,12,-1,1,-1
2015331502080,1,9,0,16,0,0,1,0,7,4,4,1,6,1,17,4,1360,1,13,-1,2,-1
2015331502081,1,9,0,18,0,6,0,0,1,11,1,1,6,1,36,7,-1,-1,-1,-1,1,-1
2015331502081,2,9,0,17,0,8,0,0,0,0,1,1,6,1,75,10,1596,1,4,-1,-1,-1
2015331502082,1,9,0,18,0,4,0,0,0,0,4,1,6,2,53,8,1248,2,7,-1,1,-1
2015331502082,2,9,0,18,0,8,0,10,0,0,1,1,6,2,72,10,1910,2,7,-1,2,-1
2015331502084,1,9,0,13,0,0,2,0,7,9,3,1,6,2,18,4,-1,-1,-1,-1,2,-1
2015331502084,2,9,0,13,0,0,2,0,7,9,1,1,6,1,44,7,-1,-1,-1,-1,3,-1
2015331502084,3,9,0,18,0,0,0,0,0,0,0,1,6,3,-1,-1,-1,-1,-1,-1,-1,-1
2015331502085,1,9,0,18,0,0,0,0,0,0,4,1,6,1,45,7,-1,-1,-1,-1,-1,-1
2015331502086,1,9,4,18,0,5,0,0,0,0,4,1,6,1,60,9,1998,2,10,-1,1,-1
2015331502086,2,1,0,18,0,8,0,0,0,0,1,1,6,1,22,5,-1,-1,-1,-1,1,-1
2015331502088,1,19,0,9,0,5,0,0,0,0,3,1,1,1,48,8,1753,2,4,-1,3,-1
2015331502088,2,9,0,13,0,8,0,0,0,0,4,1,6,1,42,7,1870,2,13,-1,-1,-1
2015331502089,1,9,0,1,0,3,0,0,0,0,1,1,2,2,42,7,1360,1,8,-1,1,-1
2015331502089,2,9,0,18,0,3,0,0,7,7,4,1,2,1,37,7,1397,1,8,-1,2,-1
2015331502090,1,9,0,18,0,1,0,0,1,3,1,1,1,2,23,5,1360,1,10,-1,1,-1
2015331502090,2,21,1,9,0,8,0,0,0,0,0,1,1,1,23,5,12777,2,7,-1,-1,-1
2015331502091,1,9,0,3,0,1,0,0,0,0,2,1,6,2,47,8,1596,1,5,-1,1,-1
2015331502091,2,9,0,4,0,1,0,0,0,0,1,1,6,1,18,4,1199,1,12,-1,1,-1
2015331502092,1,9,0,4,0,0,0,0,0,0,1,1,6,1,19,4,1299,1,13,-1,1,-1
2015331502092,2,9,0,4,0,0,0,0,0,0,2,1,2,2,20,4,1149,1,12,-1,1,-1
2015331502093,1,5,0,18,0,0,0,0,2,0,1,1,2,1,45,7,749,1,20,-1,1,-1
2015331502094,1,9,0,9,0,5,0,0,0,0,3,1,6,2,21,5,1240,1,11,-1,1,-1
2015331502094,2,1,0,13,0,8,0,0,0,0,1,1,6,1,17,4,-1,-1,-1,-1,1,-1
2015331502095,1,9,0,18,0,4,1,0,0,0,1,1,6,1,28,6,1390,1,12,-1,1,-1
2015331502095,2,9,0,18,0,8,1,0,0,0,4,1,6,1,80,11,1120,2,3,-1,1,-1
2015331502096,1,9,0,18,0,0,0,6,1,11,1,1,6,1,19,4,1248,2,9,-1,1,-1
2015331502096,2,9,0,13,0,0,0,10,1,2,1,1,6,3,-1,-1,1870,2,11,-1,-1,-1
2015331502096,3,9,0,18,0,0,0,0,0,0,0,1,6,3,-1,-1,-1,-1,-1,-1,-1,-1
2015331502097,1,1,0,18,0,8,0,0,0,0,4,1,1,1,44,7,-1,-1,-1,-1,1,-1
2015331502097,2,9,0,18,0,4,0,0,0,0,1,1,6,1,50,8,1796,1,14,-1,-1,-1
2015331502098,1,9,0,18,0,6,0,0,0,0,3,1,6,1,20,4,1390,1,10,-1,1,-1
2015331502098,2,9,0,9,0,8,0,7,0,0,4,1,1,2,27,6,1599,1,7,-1,1,-1
2015331502099,1,9,0,18,0,8,1,0,1,9,1,1,6,1,22,5,3498,1,9,-1,1,-1
2015331502100,1,9,0,6,0,8,0,0,0,0,3,1,6,2,23,5,1587,1,12,-1,1,-1
2015331502100,2,1,0,13,0,8,1,0,0,0,1,1,6,1,29,6,-1,-1,-1,-1,2,-1
2015331502101,1,9,0,6,0,8,0,0,0,0,3,1,2,2,25,5,1895,1,14,-1,1,-1
2015331502101,2,9,0,18,0,8,0,0,0,0,4,1,2,1,68,10,2378,1,10,-1,1,-1
2015331502102,1,9,0,4,0,8,0,0,0,0,1,1,6,1,20,4,1598,2,4,-1,-1,-1
2015331502102,2,9,0,18,0,6,0,0,0,0,1,1,6,1,35,6,1560,2,10,-1,-1,-1
2015331502103,1,9,0,18,0,1,0,0,0,0,4,1,2,2,48,8,998,1,16,-1,1,-1
2015331502104,1,11,0,5,2,1,0,0,0,0,4,1,1,1,49,8,-1,2,15,-1,1,-1
2015331502104,2,9,0,5,0,1,0,0,0,0,3,1,6,1,32,6,1995,2,5,-1,1,-1
2015331502104,3,9,0,5,0,1,0,0,0,0,3,1,6,1,59,9,1396,2,-1,-1,1,-1
2015331502104,4,5,0,13,0,1,0,0,0,0,4,1,6,1,25,5,656,1,10,-1,1,-1
2015331502106,1,9,0,2,0,0,0,0,0,0,1,1,6,1,57,9,1398,8,3,-1,3,-1
2015331502106,2,9,0,14,0,0,0,0,0,0,1,1,6,2,43,7,1598,2,-1,-1,2,-1
2015331502106,3,9,0,18,0,0,0,4,0,0,1,1,6,1,30,6,1248,2,8,-1,-1,-1
2015331502107,1,9,0,18,0,8,0,0,0,0,4,1,6,1,44,7,1997,2,1,-1,2,-1
2015331502107,2,9,0,5,0,6,0,0,0,0,1,1,6,1,24,5,1360,1,13,-1,1,-1
2015331502107,3,90,0,18,0,1,0,0,0,0,0,1,1,3,-1,-1,-1,-1,-1,-1,-1,-1
2015331502108,1,9,0,15,0,1,1,10,5,6,2,1,6,1,33,6,2993,2,-1,-1,1,-1
2015331502109,1,9,0,18,0,2,0,0,0,0,1,1,6,2,83,11,1895,1,16,-1,1,-1
2015331502109,2,9,0,18,0,2,0,0,0,0,4,1,6,2,50,8,1461,2,9,-1,1,-1
2015331502109,3,9,0,18,0,2,0,0,0,0,2,1,6,1,44,7,-1,-1,-1,-1,2,-1
2015331502109,4,9,0,3,0,1,0,0,0,0,1,1,6,1,90,11,1360,1,17,-1,1,-1
2015331502109,5,9,0,3,0,1,0,0,0,0,1,1,6,2,52,8,1994,1,11,-1,-1,-1
2015331502109,6,1,0,3,0,1,0,0,0,0,1,1,6,1,12,3,-1,-1,-1,-1,1,-1
2015331502109,7,1,0,3,0,1,0,0,0,0,1,1,6,2,15,3,-1,-1,-1,-1,1,-1
2015331502110,1,9,0,9,0,5,0,0,0,0,4,1,6,1,38,7,2720,2,7,-1,2,-1
2015331502110,2,3,0,18,0,8,0,0,0,0,1,1,1,1,20,4,125,1,7,-1,2,-1
2015331502111,1,9,0,4,0,1,0,0,0,0,1,1,6,2,42,7,-1,-1,-1,-1,1,-1
2015331502111,2,9,0,3,0,1,0,0,0,0,2,1,6,1,59,9,-1,-1,-1,-1,1,-1
2015331502112,1,9,0,16,0,0,0,0,0,0,4,1,6,2,30,6,1299,1,13,-1,2,-1
2015331502112,2,1,0,18,0,0,0,0,0,0,1,1,4,1,12,3,-1,-1,-1,-1,1,-1
2015331502113,1,9,0,18,0,0,0,0,0,0,1,1,6,1,23,5,1560,2,4,-1,-1,-1
2015331502113,2,11,0,3,0,0,0,0,0,0,0,1,1,3,-1,-1,-1,-1,-1,-1,-1,-1
2015331502114,1,9,0,17,0,8,1,0,1,7,2,1,1,1,24,5,1399,2,12,-1,1,-1
2015331502115,1,9,0,18,0,8,0,0,0,0,1,1,6,1,47,8,1390,1,17,-1,1,-1
2015331502115,2,9,0,9,0,5,0,0,0,0,1,1,6,1,29,6,1984,2,1,-1,1,-1
2015331502116,1,9,0,18,0,0,5,0,1,4,2,1,6,1,23,5,1398,2,13,-1,1,-1
2015331502117,1,3,0,4,0,0,0,4,0,0,3,1,1,1,31,6,124,1,1,-1,1,-1
2015331502117,2,9,0,18,0,0,0,0,0,0,3,1,6,3,-1,-1,-1,-1,-1,-1,-1,-1
2015331502117,3,9,0,2,0,0,0,0,0,0,3,1,6,3,-1,-1,1968,2,11,-1,-1,-1
2015331502118,1,9,0,4,0,1,0,0,0,0,2,1,6,2,26,6,1390,1,8,-1,1,-1
2015331502118,2,9,0,4,0,1,1,0,0,0,1,1,6,2,20,4,1388,1,12,-1,1,-1
2015331502118,3,11,0,12,0,1,0,0,0,0,0,1,1,3,-1,-1,-1,-1,-1,-1,-1,-1