Accident_Index,Vehicle_Reference,Vehicle_Type,Towing_and_Articulation,Vehicle_Manoeuvre,Vehicle_Location-Restricted_Lane,Junction_Location,Skidding_and_Overturning,Hit_Object_in_Carriageway,Vehicle_Leaving_Carriageway,Hit_Object_off_Carriageway,1st_Point_of_Impact,Was_Vehicle_Left_Hand_Drive?,Journey_Purpose_of_Driver,Sex_of_Driver,Age_of_Driver,Age_Band_of_Driver,Engine_Capacity_(CC),Propulsion_Code,Age_of_Vehicle,Driver_IMD_Decile,Driver_Home_Area_Type,Vehicle_IMD_Decile
2015331502119,1,9,0,18,0,2,0,0,0,0,1,1,6,2,28,6,-1,-1,-1,-1,1,-1
2015331502120,1,9,0,4,0,8,1,0,0,0,1,1,6,1,35,6,1896,2,15,-1,1,-1
2015331502120,2,9,0,7,0,6,0,0,0,0,3,1,6,2,30,6,999,1,1,-1,2,-1
2015331502121,1,9,0,18,0,1,0,0,0,0,2,1,6,2,34,6,-1,-1,-1,-1,2,-1
2015331502121,2,9,0,18,0,1,0,0,0,0,1,1,6,2,-1,-1,1598,1,12,-1,-1,-1
2015331502122,1,9,0,5,0,1,0,0,0,0,1,1,6,2,-1,-1,-1,-1,-1,-1,-1,-1
2015331502123,1,9,0,9,0,5,0,0,0,0,4,1,6,1,25,5,1527,2,16,-1,1,-1
2015331502123,2,3,0,18,0,8,0,0,0,0,1,1,6,1,22,5,-1,-1,-1,-1,1,-1
2015331502124,1,9,0,18,0,0,0,0,0,0,1,1,6,3,-1,-1,-1,-1,-1,-1,-1,-1
2015331502125,1,9,0,4,0,0,1,0,0,0,1,1,6,2,82,11,1364,1,9,-1,1,-1
2015331502126,1,9,0,6,0,0,0,0,0,0,3,1,1,2,43,7,1995,2,3,-1,1,-1
2015331502126,2,9,0,4,0,0,1,0,0,0,1,1,2,1,18,4,999,1,13,-1,1,-1
2015331502127,1,9,0,4,0,1,0,0,1,9,1,1,6,1,54,8,-1,-1,-1,-1,1,-1
2015331502127,2,20,0,4,0,2,1,10,0,0,1,1,1,1,59,9,-1,-1,-1,-1,1,-1
2015331502127,3,9,0,3,0,1,0,0,0,0,0,1,6,3,-1,-1,-1,-1,-1,-1,-1,-1
2015331502128,1,9,0,18,0,2,0,0,0,0,1,1,2,2,28,6,1587,1,12,-1,1,-1
2015331502129,1,9,0,9,0,8,0,0,0,0,4,1,6,1,34,6,1968,2,8,-1,1,-1
2015331502129,2,9,0,5,0,8,0,0,0,0,1,1,6,2,35,6,1997,2,3,-1,3,-1
2015331502130,1,9,0,9,0,5,0,0,1,0,4,1,6,2,17,4,1198,1,6,-1,3,-1
2015331502130,2,9,0,4,0,8,1,0,0,0,1,1,1,1,51,8,-1,-1,-1,-1,1,-1
2015331502131,1,19,0,9,0,6,0,0,7,0,3,1,1,1,45,7,1560,2,2,-1,1,-1
2015331502131,2,9,0,18,0,8,0,0,0,0,1,1,6,1,26,6,1796,1,6,-1,1,-1
2015331502133,1,8,0,3,0,2,0,0,0,0,2,1,1,2,62,9,1560,2,11,-1,1,-1
2015331502133,2,9,0,3,0,2,0,0,0,0,2,1,6,1,77,11,1396,1,16,-1,2,-1
2015331502133,3,9,0,4,0,2,0,0,0,0,1,1,6,2,57,9,1598,1,11,-1,1,-1
2015331502134,1,9,0,13,0,0,1,0,7,6,1,1,2,1,33,6,1198,1,11,-1,1,-1
2015331502134,2,98,0,18,0,0,0,0,0,0,0,1,1,3,-1,-1,-1,-1,-1,-1,-1,-1
2015331502135,1,19,0,18,0,8,0,0,0,0,1,1,1,1,32,6,-1,-1,-1,-1,1,-1
2015331502135,2,9,0,3,0,8,0,0,0,0,1,1,6,1,20,4,-1,-1,-1,-1,1,-1
2015331502135,3,9,0,3,0,8,0,0,0,0,1,1,6,2,30,6,-1,-1,-1,-1,1,-1
2015331502137,1,9,0,17,0,0,1,10,7,1,1,1,2,1,27,6,1988,2,10,-1,-1,-1
2015331502138,1,9,0,18,0,4,0,0,0,0,1,1,6,1,36,7,1956,2,6,-1,1,-1
2015331502138,2,9,0,18,0,8,0,0,7,2,4,1,6,2,28,6,998,1,12,-1,1,-1
2015331502139,1,9,0,18,9,6,0,0,0,0,4,1,2,1,37,7,1968,2,4,-1,3,-1
2015331502139,2,1,0,18,9,8,0,0,0,0,1,1,2,1,35,6,-1,-1,-1,-1,1,-1
2015331502140,1,11,0,18,0,1,0,0,0,0,1,1,1,1,41,7,5883,2,15,-1,-1,-1
2015331502141,1,9,0,16,0,0,0,0,7,10,1,1,6,1,26,6,2494,1,16,-1,2,-1
2015331502141,2,9,0,18,0,0,0,0,0,0,2,1,1,1,40,7,1997,1,13,-1,2,-1
2015331502142,1,9,0,1,0,8,0,0,0,0,2,1,6,1,29,6,-1,-1,-1,-1,1,-1
2015331502143,1,9,0,5,0,6,0,0,0,0,1,1,6,1,35,6,1248,2,11,-1,-1,-1
2015331502143,2,9,0,18,0,8,0,0,0,0,1,1,6,1,25,5,2171,1,14,-1,1,-1
2015331502144,1,5,0,17,0,0,0,0,1,10,1,1,6,1,54,8,1298,1,1,-1,1,-1
2015331502145,1,9,0,10,0,8,0,0,1,4,2,1,6,1,21,5,1150,1,7,-1,1,-1
2015331502145,2,9,0,18,0,8,0,0,0,0,1,1,6,1,22,5,1229,1,8,-1,2,-1
2015331502146,1,9,0,9,0,5,0,0,0,0,1,1,2,1,62,9,1984,1,-1,-1,-1,-1
2015331502146,2,1,0,15,0,8,0,0,0,0,3,1,6,1,30,6,-1,-1,-1,-1,1,-1
2015331502146,3,9,0,3,0,1,0,0,0,0,0,1,6,3,-1,-1,-1,-1,-1,-1,-1,-1
2015331502146,4,11,0,3,0,1,0,0,0,0,0,1,1,3,-1,-1,-1,-1,-1,-1,-1,-1
2015331502147,1,9,0,18,0,1,0,0,0,0,1,1,6,1,40,7,-1,-1,-1,-1,-1,-1
2015331502147,2,9,0,6,0,2,0,0,0,0,4,1,6,2,31,6,1995,2,3,-1,-1,-1
2015331502148,1,9,0,9,0,6,0,0,0,0,1,1,6,1,21,5,1595,1,11,-1,1,-1
2015331502148,2,9,0,18,0,8,0,0,0,0,1,1,6,2,19,4,998,1,15,-1,1,-1
2015331502149,1,9,0,3,0,0,0,0,0,0,3,1,1,2,25,5,1686,2,4,-1,-1,-1
2015331502149,2,3,0,18,0,0,0,0,0,0,4,1,1,1,28,6,-1,-1,-1,-1,-1,-1
2015331502150,1,9,0,3,0,1,0,0,0,0,2,1,6,2,50,8,1388,1,12,-1,-1,-1
2015331502150,2,9,0,5,0,1,0,0,0,0,1,1,6,2,40,7,2198,2,10,-1,-1,-1
2015331502151,1,5,0,18,0,0,1,0,0,0,3,1,6,1,25,5,1137,1,11,-1,1,-1
2015331502152,1,9,0,16,0,0,1,0,7,4,3,1,6,2,26,6,1753,2,13,-1,1,-1
2015331502153,1,9,0,5,0,6,0,0,0,0,1,1,6,2,60,9,1388,1,3,-1,2,-1
2015331502153,2,90,0,18,0,8,0,7,0,0,4,1,1,1,48,8,-1,-1,-1,-1,1,-1
2015331502154,1,9,0,18,0,8,1,0,0,0,4,1,6,2,27,6,1339,1,9,-1,1,-1
2015331502154,2,9,0,9,0,5,0,0,0,0,1,1,6,2,47,8,1198,1,4,-1,1,-1
2015331502158,1,9,0,4,0,0,0,0,0,0,1,1,6,2,19,4,1198,1,3,-1,3,-1
2015331502159,1,9,0,9,0,5,0,0,0,0,3,1,6,1,-1,-1,-1,-1,-1,-1,-1,-1
2015331502160,1,9,0,18,0,0,1,0,0,0,4,1,6,1,24,5,1988,1,14,-1,1,-1
2015331502160,2,9,0,18,0,0,0,4,1,2,1,1,6,2,25,5,1229,1,9,-1,1,-1
2015331502160,3,9,0,2,9,0,0,0,0,0,3,1,6,3,-1,-1,1388,1,9,-1,-1,-1
2015331502161,1,9,0,18,0,1,0,0,1,0,3,1,2,1,35,6,-1,-1,-1,-1,1,-1
2015331502161,2,9,0,11,0,1,0,0,0,0,4,1,6,3,-1,-1,1988,2,10,-1,-1,-1
2015331502162,1,9,0,4,0,0,0,0,0,0,1,1,6,1,46,8,1560,2,6,-1,1,-1
2015331502163,1,9,0,18,0,3,0,6,0,0,1,1,6,2,20,4,-1,-1,-1,-1,1,-1
2015331502165,1,9,0,18,0,0,0,0,7,5,1,1,6,2,82,11,1341,1,13,-1,1,-1
2015331502165,2,9,0,4,0,0,0,0,0,0,2,1,6,2,57,9,1997,2,15,-1,1,-1
2015331502166,1,9,0,1,0,0,0,10,1,0,2,1,6,3,-1,-1,-1,-1,-1,-1,-1,-1
2015331502167,1,9,0,5,0,4,0,0,0,0,3,1,6,2,-1,-1,1686,2,3,-1,1,-1
2015331502167,2,1,0,18,0,8,0,0,0,0,1,1,6,1,32,6,-1,-1,-1,-1,2,-1
2015331502168,1,9,0,17,0,1,0,0,1,2,1,1,6,1,21,5,1999,1,9,-1,1,-1
2015331502169,1,9,0,11,0,8,0,0,1,10,1,1,6,2,24,5,1149,1,8,-1,1,-1
2015331502171,1,9,0,18,0,0,0,0,0,0,1,1,6,2,19,4,-1,-1,-1,-1,2,-1
2015331502171,2,9,0,3,0,0,0,0,0,0,2,1,6,2,-1,-1,1594,1,9,-1,1,-1
2015331502172,1,9,0,4,0,0,0,0,0,0,2,1,6,1,49,8,1596,1,4,-1,1,-1
2015331502172,2,19,0,18,0,0,0,0,0,0,1,1,6,1,-1,-1,2198,2,7,-1,-1,-1
2015331502172,3,11,0,5,0,0,0,0,0,0,0,1,1,3,-1,-1,-1,-1,-1,-1,-1,-1
2015331502173,1,9,0,18,0,0,0,0,1,9,1,1,6,1,19,4,1995,2,6,-1,3,-1
2015331502175,1,9,0,2,0,0,0,0,0,0,4,1,6,2,36,7,1242,1,9,-1,1,-1
2015331502175,2,9,0,18,0,0,0,8,0,0,4,1,6,3,-1,-1,-1,-1,-1,-1,-1,-1
2015331502176,1,9,0,18,0,0,0,4,0,0,1,1,6,1,43,7,1598,2,-1,-1,1,-1
2015331502176,2,9,0,2,0,0,0,0,0,0,2,1,6,1,37,7,1997,2,11,-1,3,-1
2015331502177,1,9,0,9,0,5,0,0,0,0,1,1,6,1,52,8,2148,2,6,-1,1,-1
2015331502177,2,1,0,18,0,8,0,0,0,0,3,1,6,1,16,4,-1,-1,-1,-1,1,-1
2015331502178,1,9,0,18,0,1,0,0,0,0,4,1,6,1,61,9,1299,1,8,-1,1,-1
2015331502179,1,9,0,1,0,5,0,0,0,0,3,1,6,1,69,10,2926,2,11,-1,3,-1
2015331505000,1,9,0,18,0,4,0,0,0,0,1,1,6,1,46,8,-1,-1,-1,-1,-1,-1
2015331505000,2,1,0,18,0,8,0,0,0,0,4,1,6,1,43,7,-1,-1,-1,-1,-1,-1
2015331505002,1,9,0,18,0,8,0,0,0,0,1,1,6,3,-1,-1,-1,-1,-1,-1,-1,-1
2015331505007,1,9,0,18,0,0,0,0,0,0,1,1,6,1,46,8,-1,-1,-1,-1,-1,-1
2015331505008,1,9,0,18,0,0,0,0,0,0,0,1,6,1,56,9,1686,2,2,-1,-1,-1
2015331505008,2,1,0,18,0,0,0,0,0,0,0,1,1,1,-1,-1,-1,-1,-1,-1,-1,-1
2015331505009,1,9,0,18,0,0,0,0,0,0,0,1,6,2,29,6,1997,2,7,-1,-1,-1
2015331505010,1,9,0,18,0,0,0,0,0,0,0,1,1,1,-1,-1,1753,2,6,-1,-1,-1
2015331505011,1,9,0,18,0,0,0,0,0,0,0,1,6,1,19,4,1229,1,2,-1,-1,-1
2015331505011,2,9,0,18,0,0,0,0,0,0,0,1,6,1,34,6,1796,1,12,-1,-1,-1
2015331505017,1,9,0,18,0,0,0,0,0,0,0,1,6,1,22,5,1364,1,10,-1,-1,-1
2015331505017,2,1,0,18,0,0,0,0,0,0,0,1,6,1,77,11,-1,-1,-1,-1,-1,-1
2015331505021,1,9,0,18,0,0,0,0,0,0,0,1,6,1,38,7,-1,-1,-1,-1,-1,-1
2015331505021,2,9,0,18,0,0,0,0,0,0,0,1,6,1,22,5,1781,1,14,-1,-1,-1
2015331505022,1,9,0,18,0,0,0,0,0,0,0,1,6,1,48,8,1598,1,12,-1,-1,-1
2015331505022,2,9,0,18,0,0,0,0,0,0,0,1,6,2,19,4,-1,-1,-1,-1,-1,-1
2015331505023,1,9,0,18,0,0,0,0,0,0,0,1,6,1,30,6,1995,2,9,-1,-1,-1
2015331505023,2,9,0,18,0,0,0,0,0,0,0,1,6,1,31,6,1598,1,9,-1,-1,-1
2015331505028,1,9,0,4,0,1,0,0,0,0,4,1,6,1,22,5,1796,1,8,-1,-1,-1
2015331505028,2,1,0,18,0,1,0,0,0,0,2,1,6,1,33,6,-1,-1,-1,-1,1,-1
2015331505030,1,9,0,18,0,0,0,0,0,0,0,1,6,2,37,7,1975,2,17,-1,-1,-1
2015331505030,2,9,0,18,0,0,0,0,0,0,0,1,6,1,37,7,1986,2,6,-1,-1,-1
2015331505031,1,9,0,18,0,0,0,0,0,0,0,1,6,2,24,5,-1,-1,-1,-1,-1,-1
2015331505031,2,1,0,18,0,0,0,0,0,0,0,1,6,1,62,9,-1,-1,-1,-1,-1,-1
2015331505033,1,20,0,18,0,8,0,0,0,0,0,1,6,1,43,7,9200,2,2,-1,-1,-1
2015331505033,2,9,0,18,0,8,0,0,0,0,0,1,6,2,49,8,-1,-1,-1,-1,-1,-1
2015331505034,1,9,0,18,0,0,0,0,0,0,0,1,6,1,49,8,1587,1,11,-1,-1,-1
2015331505035,1,9,0,18,0,1,0,0,0,0,0,1,6,1,35,6,1360,1,11,-1,-1,-1
2015331505035,2,9,0,18,0,1,0,0,0,0,0,1,6,1,54,8,1360,1,11,-1,-1,-1
2015331505036,1,9,0,18,0,0,0,0,0,0,0,1,6,3,-1,-1,-1,-1,-1,-1,-1,-1
2015331505036,2,9,0,18,0,0,0,0,0,0,0,1,6,1,54,8,1895,1,15,-1,-1,-1
2015331505037,1,9,0,18,0,0,0,0,0,0,0,1,6,2,48,8,-1,-1,-1,-1,-1,-1
2015331505037,2,9,0,18,0,0,0,0,0,0,0,1,6,3,-1,-1,-1,-1,-1,-1,-1,-1
2015331505037,3,9,0,18,0,0,0,0,0,0,0,1,6,2,30,6,1598,2,2,-1,-1,-1
2015331505037,4,9,0,18,0,0,0,0,0,0,0,1,6,2,36,7,1596,1,1,-1,-1,-1
2015331505040,1,9,0,18,0,0,0,0,0,0,0,1,6,1,53,8,1598,1,10,-1,-1,-1
2015331505040,2,1,0,18,0,0,0,0,0,0,0,1,6,1,27,6,-1,-1,-1,-1,-1,-1
2015331505041,1,9,0,18,0,8,0,0,0,0,0,1,6,2,42,7,1956,2,4,-1,-1,-1
2015331505044,1,19,0,18,0,8,0,0,0,0,3,1,6,1,35,6,1753,2,11,-1,1,-1
2015331505044,2,9,0,9,0,6,0,0,0,0,4,1,6,1,-1,-1,1995,2,2,-1,1,-1
2015331505046,1,9,0,18,0,0,0,0,0,0,0,1,6,2,39,7,1896,2,11,-1,-1,-1
2015331505047,1,9,0,18,0,0,0,0,0,0,0,1,6,1,55,8,1991,2,10,-1,-1,-1
2015331505047,2,9,0,18,0,0,0,0,0,0,0,1,6,1,39,7,-1,-1,-1,-1,-1,-1
2015331505048,1,9,0,4,0,1,0,0,0,0,1,1,1,1,45,7,1997,2,8,-1,2,-1
2015331505048,2,9,0,4,0,1,0,0,0,0,2,1,1,2,24,5,998,1,4,-1,1,-1
2015331505048,3,17,0,18,0,1,0,0,0,0,0,1,6,3,-1,-1,-1,-1,-1,-1,-1,-1
2015331505050,1,9,0,18,0,8,0,0,0,0,0,1,6,2,39,7,1299,1,15,-1,-1,-1
2015331505050,2,9,0,18,0,8,0,0,0,0,0,1,6,3,-1,-1,-1,-1,-1,-1,-1,-1
2015331505052,1,9,0,18,0,8,0,0,0,0,0,1,6,1,66,10,2295,1,13,-1,-1,-1
2015331505052,2,9,0,18,0,8,0,0,0,0,0,1,6,1,17,4,998,1,7,-1,-1,-1
2015331505053,1,9,0,18,0,8,0,0,0,0,0,1,6,1,-1,-1,1582,2,6,-1,-1,-1
2015331505054,1,9,0,18,0,0,0,0,0,0,0,1,6,2,34,6,1968,2,6,-1,-1,-1
2015331505054,2,9,0,18,0,0,0,0,0,0,0,1,6,2,28,6,1388,1,5,-1,-1,-1
2015331505054,3,19,0,18,0,0,0,0,0,0,0,1,6,1,23,5,-1,-1,-1,-1,-1,-1
2015331505055,1,9,0,18,0,0,0,0,0,0,0,1,6,3,-1,-1,-1,-1,-1,-1,-1,-1
2015331505060,1,9,0,18,0,0,0,0,0,0,0,1,6,1,50,8,1328,1,12,-1,-1,-1
2015331505060,2,9,0,18,0,0,0,0,0,0,0,1,6,1,-1,-1,-1,-1,-1,-1,-1,-1
2015331505061,1,9,0,18,0,0,0,0,0,0,0,1,6,1,42,7,1686,2,15,-1,-1,-1
2015331505062,1,9,0,18,0,8,0,0,0,0,0,1,6,1,21,5,1229,1,6,-1,-1,-1
2015331505062,2,9,0,18,0,8,0,0,0,0,0,1,6,2,74,10,2148,2,11,-1,-1,-1
2015331505062,3,9,0,18,0,8,0,0,0,0,0,1,6,1,21,5,2191,2,1,-1,-1,-1
2015331505063,1,9,0,18,0,0,0,0,0,0,0,1,6,1,18,4,1995,2,6,-1,-1,-1
2015331505064,1,9,0,18,0,0,0,0,0,0,0,1,6,1,58,9,1998,1,12,-1,-1,-1
2015331505065,1,9,0,18,0,0,0,0,0,0,0,1,6,3,-1,-1,-1,-1,-1,-1,-1,-1
2015331505066,1,1,0,18,0,0,0,0,0,0,0,1,6,1,59,9,-1,-1,-1,-1,-1,-1
2015331505067,1,21,0,18,0,0,0,0,0,0,0,1,6,1,53,8,10518,2,8,-1,-1,-1
2015331505067,2,21,0,18,0,0,0,0,0,0,0,1,6,1,42,7,-1,-1,-1,-1,-1,-1
2015331505067,3,9,0,18,0,0,0,0,0,0,0,1,6,1,45,7,-1,-1,-1,-1,-1,-1
2015331505068,1,9,0,18,0,0,0,0,0,0,0,1,6,3,-1,-1,-1,-1,-1,-1,-1,-1
2015331505071,1,9,0,18,0,2,0,0,0,0,0,1,6,1,57,9,1598,1,14,-1,-1,-1
2015331505072,1,9,0,18,0,0,0,0,0,0,0,1,6,1,49,8,-1,-1,-1,-1,-1,-1
2015331505072,2,1,0,18,0,0,0,0,0,0,0,1,6,1,36,7,-1,-1,-1,-1,-1,-1
2015331505074,1,9,0,18,0,0,0,0,0,0,0,1,6,1,39,7,1086,1,12,-1,-1,-1
2015331505075,1,1,0,18,0,8,0,0,0,0,0,1,6,1,54,8,-1,-1,-1,-1,-1,-1
2015331505075,2,9,0,18,0,8,0,0,0,0,0,1,1,1,-1,-1,1896,2,14,-1,-1,-1
2015331505076,1,9,0,18,0,0,0,0,0,0,0,1,6,1,36,7,4134,2,1,-1,-1,-1
2015331505076,2,9,0,18,0,0,0,0,0,0,0,1,6,1,-1,-1,-1,-1,-1,-1,-1,-1
2015331505078,1,5,0,18,0,0,0,0,0,0,0,1,6,1,35,6,600,1,15,-1,-1,-1
2015331505078,2,9,0,18,0,0,0,0,0,0,0,1,6,1,-1,-1,1951,2,11,-1,-1,-1
2015331505080,1,9,0,18,0,0,0,0,0,0,0,1,6,1,18,4,1988,1,15,-1,-1,-1
2015331505082,1,9,0,18,0,0,0,0,0,0,0,1,6,1,18,4,-1,-1,-1,-1,-1,-1
2015331505082,2,9,0,18,0,0,0,0,0,0,0,1,6,2,26,6,1390,1,14,-1,-1,-1
2015331505084,1,9,0,18,0,0,0,0,0,0,0,1,6,1,62,9,1560,2,1,-1,-1,-1
2015331505084,2,9,0,18,0,0,0,0,0,0,0,1,6,3,40,7,999,1,2,-1,-1,-1
2015331505085,1,9,0,18,0,8,0,0,0,0,0,1,6,1,24,5,1686,2,5,-1,-1,-1
2015331505085,2,5,0,18,0,8,0,0,0,0,0,1,6,1,46,8,899,1,19,-1,-1,-1
2015331505086,1,1,0,18,0,1,0,0,0,0,0,1,6,2,48,8,-1,-1,-1,-1,-1,-1
2015331505086,2,9,0,18,0,1,0,0,0,0,0,1,6,1,41,7,1997,2,16,-1,-1,-1
2015331505089,1,98,0,18,0,0,0,0,0,0,0,1,6,1,-1,-1,-1,-1,-1,-1,-1,-1
2015331505089,2,9,0,18,0,0,0,0,0,0,0,1,6,2,35,6,1988,1,13,-1,-1,-1
2015331505094,1,9,0,18,0,1,0,0,0,0,0,1,6,2,30,6,1229,1,4,-1,-1,-1
2015331505094,2,9,0,18,0,1,0,0,0,0,0,1,6,1,69,10,1560,2,4,-1,-1,-1
2015331505095,1,9,0,18,0,0,0,0,0,0,0,1,6,3,-1,-1,-1,-1,-1,-1,-1,-1
2015331505095,2,9,0,18,0,0,0,0,0,0,0,1,6,2,20,4,1248,2,7,-1,-1,-1
2015331505096,1,9,0,18,0,8,0,0,0,0,0,1,6,2,29,6,1242,1,9,-1,-1,-1
2015331505096,2,9,0,18,0,8,0,0,0,0,0,1,6,2,33,6,-1,-1,-1,-1,-1,-1
2015331505100,1,1,0,18,0,8,0,0,0,0,0,1,6,1,43,7,-1,-1,-1,-1,-1,-1
2015331505100,2,9,0,18,0,8,0,0,0,0,0,1,6,1,28,6,1598,2,2,-1,-1,-1
2015331505104,1,9,0,18,0,0,0,0,0,0,0,1,6,1,-1,-1,-1,-1,-1,-1,-1,-1
2015331505104,2,9,0,18,0,0,0,0,0,0,0,1,6,2,57,9,1242,1,17,-1,-1,-1
2015331505105,1,9,0,18,0,0,0,0,0,0,0,1,6,1,31,6,1598,1,12,-1,-1,-1
2015331505106,1,9,0,18,0,8,0,0,0,0,0,1,6,2,23,5,1398,2,4,-1,-1,-1
2015331505106,2,1,0,18,0,8,0,0,0,0,0,1,6,1,-1,-1,-1,-1,-1,-1,-1,-1
2015331505108,1,9,0,18,0,0,0,0,0,0,0,1,6,1,59,9,1968,2,8,-1,-1,-1
2015331505108,2,9,0,18,0,0,0,0,0,0,0,1,6,1,-1,-1,1968,2,6,-1,-1,-1
2015331505112,1,9,0,18,0,0,0,0,0,0,0,1,6,1,19,4,1560,2,8,-1,-1,-1
2015331505113,1,19,0,18,0,0,0,0,0,0,0,1,6,1,64,9,2198,2,2,-1,-1,-1
2015331505114,1,9,0,18,0,8,1,0,0,0,3,1,6,2,51,8,-1,-1,-1,-1,3,-1
2015331505114,2,9,0,5,0,8,0,0,0,0,1,1,6,2,54,8,1582,2,3,-1,1,-1
2015331505115,1,9,0,18,0,0,0,0,0,0,0,1,6,2,20,4,1199,1,12,-1,-1,-1
2015331505115,2,9,0,18,0,0,0,0,0,0,0,1,6,2,19,4,1360,1,4,-1,-1,-1
2015331505117,1,9,0,18,0,8,0,0,0,0,0,1,6,2,33,6,1598,1,11,-1,-1,-1
2015331505118,1,21,0,18,0,0,0,0,0,0,0,1,6,1,45,7,12740,2,1,-1,-1,-1
2015331505118,2,20,0,18,0,0,0,0,0,0,0,1,6,1,45,7,11946,2,6,-1,-1,-1
2015331505118,3,21,0,18,0,0,0,0,0,0,0,1,6,1,54,8,12777,2,3,-1,-1,-1
2015331505220,1,9,0,13,0,2,0,0,0,0,4,1,6,1,35,6,1498,1,8,-1,2,-1
2015331505220,2,1,0,18,0,2,0,0,0,0,3,1,6,1,31,6,-1,-1,-1,-1,1,-1
2015331505223,1,9,0,18,0,0,0,0,0,0,0,1,6,2,21,5,1870,2,9,-1,-1,-1
2015331505225,1,19,0,18,0,8,2,10,4,0,1,1,6,1,18,4,2148,2,7,-1,3,-1
2015331505226,1,9,0,18,0,0,0,0,0,0,0,1,6,1,34,6,1598,1,7,-1,-1,-1
2015331505226,2,9,0,18,0,0,0,0,0,0,0,1,6,2,-1,-1,1242,1,1,-1,-1,-1
2015331505228,1,19,0,6,0,0,0,2,0,0,3,1,6,1,40,7,-1,-1,-1,-1,-1,-1
2015331505229,1,9,0,18,0,0,0,0,0,0,0,1,6,2,39,7,1984,1,3,-1,-1,-1
2015331505231,1,9,0,18,0,0,0,0,0,0,0,1,6,2,-1,-1,1399,2,10,-1,-1,-1
2015331505231,2,1,0,18,0,0,0,0,0,0,0,1,6,1,51,8,-1,-1,-1,-1,-1,-1
2015331505233,1,2,0,18,0,0,0,0,0,0,0,1,6,1,41,7,114,1,1,-1,-1,-1
2015331505234,1,9,0,18,0,0,0,0,0,0,0,1,6,2,37,7,1242,1,3,-1,-1,-1
2015331505234,2,1,0,18,0,0,0,0,0,0,0,1,6,1,18,4,-1,-1,-1,-1,-1,-1
2015331505235,1,9,0,18,0,0,0,0,0,0,0,1,6,3,-1,-1,-1,-1,-1,-1,-1,-1
2015331505236,1,9,0,9,0,6,0,0,0,0,1,1,6,2,52,8,1399,2,7,-1,1,-1
2015331505236,2,9,0,4,0,8,0,0,0,0,3,1,6,1,39,7,2171,1,9,-1,-1,-1
2015331505236,3,9,0,18,0,8,0,0,0,0,3,1,6,1,77,11,1598,1,5,-1,1,-1
2015331505237,1,9,0,18,0,2,0,0,0,0,0,1,6,2,56,9,1598,1,12,-1,-1,-1
2015331505240,1,9,0,18,0,0,0,0,0,0,0,1,6,2,40,7,1598,1,10,-1,-1,-1
2015331505241,1,9,0,18,0,0,0,0,0,0,0,1,6,2,-1,-1,1461,2,2,-1,-1,-1
2015331505241,2,2,0,18,0,0,0,0,0,0,0,1,6,1,17,4,49,1,6,-1,-1,-1
2015331505243,1,9,0,18,0,8,0,0,0,0,0,1,6,2,34,6,1360,1,13,-1,-1,-1
2015331505243,2,1,0,18,0,8,0,0,0,0,0,1,6,1,37,7,-1,-1,-1,-1,-1,-1
2015331505245,1,1,0,18,0,8,0,0,0,0,0,1,6,1,23,5,-1,-1,-1,-1,-1,-1
2015331505245,2,9,0,18,0,8,0,0,0,0,0,1,6,3,-1,-1,-1,-1,-1,-1,-1,-1
2015331505246,1,9,0,18,0,8,0,0,0,0,0,1,6,2,-1,-1,998,1,2,-1,-1,-1
2015331505246,2,9,0,18,0,8,0,0,0,0,0,1,6,2,30,6,-1,-1,-1,-1,-1,-1
2015331505247,1,9,0,18,0,0,0,0,0,0,0,1,6,1,57,9,1997,2,4,-1,-1,-1
2015331505247,2,9,0,18,0,0,0,0,0,0,0,1,6,1,63,9,1598,1,13,-1,-1,-1
2015331505248,1,9,0,18,0,0,0,0,0,0,0,1,6,1,58,9,1984,1,7,-1,-1,-1
2015331505248,2,1,0,18,0,0,0,0,0,0,0,1,6,1,-1,-1,-1,-1,-1,-1,-1,-1
2015331505251,1,22,0,18,0,0,0,0,0,0,0,1,6,1,21,5,-1,-1,-1,-1,-1,-1
2015331505251,2,1,0,18,0,0,0,0,0,0,0,1,6,2,41,7,-1,-1,-1,-1,-1,-1
2015331505252,1,9,0,18,0,8,0,0,0,0,0,1,6,1,34,6,1999,1,8,-1,-1,-1
2015331505252,2,9,0,18,0,8,0,0,0,0,0,1,6,1,-1,-1,1998,2,7,-1,-1,-1
2015331505255,1,11,0,18,0,1,0,0,0,0,0,1,1,1,45,7,9200,2,9,-1,-1,-1
2015331505256,1,9,0,18,0,0,0,0,0,0,0,1,6,1,18,4,-1,-1,-1,-1,-1,-1
2015331505259,1,9,0,18,0,0,0,0,0,0,0,1,6,3,-1,-1,-1,-1,-1,-1,-1,-1
2015331505260,1,9,0,18,0,0,0,0,0,0,0,1,6,1,68,10,1896,2,10,-1,-1,-1
2015331505260,2,1,0,18,0,0,0,0,0,0,0,1,6,1,22,5,-1,-1,-1,-1,-1,-1
2015331505261,1,9,0,9,0,6,0,0,0,0,0,1,6,1,67,10,1242,1,12,-1,-1,-1
2015331505261,2,9,0,18,0,8,0,0,0,0,0,1,6,1,20,4,1956,2,2,-1,-1,-1