Accident_Index,Vehicle_Reference,Vehicle_Type,Towing_and_Articulation,Vehicle_Manoeuvre,Vehicle_Location-Restricted_Lane,Junction_Location,Skidding_and_Overturning,Hit_Object_in_Carriageway,Vehicle_Leaving_Carriageway,Hit_Object_off_Carriageway,1st_Point_of_Impact,Was_Vehicle_Left_Hand_Drive?,Journey_Purpose_of_Driver,Sex_of_Driver,Age_of_Driver,Age_Band_of_Driver,Engine_Capacity_(CC),Propulsion_Code,Age_of_Vehicle,Driver_IMD_Decile,Driver_Home_Area_Type,Vehicle_IMD_Decile
2015331505262,1,9,0,18,0,0,0,0,0,0,0,1,6,2,34,6,1388,1,12,-1,-1,-1
2015331505262,2,9,0,18,0,0,0,0,0,0,0,1,6,1,22,5,-1,-1,-1,-1,-1,-1
2015331505263,1,9,0,18,0,0,0,0,0,0,0,1,6,1,54,8,-1,-1,-1,-1,-1,-1
2015331505267,1,9,0,18,0,0,0,0,0,0,0,1,6,1,34,6,-1,-1,-1,-1,-1,-1
2015331505267,2,9,0,18,0,0,0,0,0,0,0,1,6,1,-1,-1,-1,-1,-1,-1,-1,-1
2015331505268,1,9,0,18,0,0,0,0,0,0,0,1,6,2,83,11,1198,1,3,-1,-1,-1
2015331505268,2,1,0,18,0,0,0,0,0,0,0,1,6,1,18,4,-1,-1,-1,-1,-1,-1
2015331505269,1,9,0,18,0,0,0,0,0,0,0,1,6,2,46,8,1598,1,14,-1,-1,-1
2015331505270,1,9,0,18,0,0,0,0,0,0,0,1,6,2,30,6,1796,1,8,-1,-1,-1
2015331505270,2,9,0,18,0,0,0,0,0,0,0,1,6,1,58,9,-1,-1,-1,-1,-1,-1
2015331505271,1,9,0,18,0,0,0,0,0,0,0,1,6,2,22,5,1200,1,3,-1,-1,-1
2015331505271,2,9,0,18,0,0,0,0,0,0,0,1,6,1,65,9,-1,-1,-1,-1,-1,-1
2015331505272,1,3,0,18,0,0,0,0,0,0,0,1,6,1,61,9,124,1,8,-1,-1,-1
2015331505272,2,9,0,18,0,0,0,0,0,0,0,1,6,2,68,10,2685,2,12,-1,-1,-1
2015331505273,1,9,0,18,0,0,0,0,0,0,0,1,6,1,21,5,3123,1,9,-1,-1,-1
2015331505274,1,9,0,18,0,0,0,0,0,0,0,1,6,1,-1,-1,1388,1,9,-1,-1,-1
2015331505274,2,9,0,18,0,0,0,0,0,0,0,1,6,3,-1,-1,-1,-1,-1,-1,-1,-1
2015331505275,1,9,0,18,0,0,0,0,0,0,0,1,6,1,81,11,-1,-1,-1,-1,-1,-1
2015331505275,2,9,0,18,0,0,0,0,0,0,0,1,6,1,25,5,-1,-1,-1,-1,-1,-1
2015331505276,1,9,0,18,0,0,0,0,0,0,0,1,6,1,36,7,-1,-1,-1,-1,-1,-1
2015331505276,2,1,0,18,0,0,0,0,0,0,0,1,6,1,24,5,-1,-1,-1,-1,-1,-1
2015331505277,1,9,0,18,0,0,0,0,0,0,0,1,6,1,56,9,1910,2,7,-1,-1,-1
2015331505277,2,9,0,18,0,0,0,0,0,0,0,1,6,1,-1,-1,1968,2,8,-1,-1,-1
2015331505278,1,9,0,18,0,0,0,0,0,0,0,1,6,2,-1,-1,1398,2,13,-1,-1,-1
2015331505278,2,1,0,18,0,0,0,0,0,0,0,1,6,1,25,5,-1,-1,-1,-1,-1,-1
2015331505279,1,9,0,18,0,0,0,0,0,0,0,1,6,3,-1,-1,999,1,17,-1,-1,-1
2015331505280,1,9,0,18,0,8,0,0,0,0,0,1,6,2,53,8,1560,2,1,-1,-1,-1
2015331505280,2,9,0,18,0,8,0,0,0,0,0,1,6,1,25,5,1995,2,9,-1,-1,-1
2015331505281,1,9,0,18,0,0,0,0,0,0,0,1,6,2,31,6,1968,2,6,-1,-1,-1
2015331505281,2,1,0,18,0,0,0,0,0,0,0,1,6,1,34,6,-1,-1,-1,-1,-1,-1
2015331505282,1,9,0,18,0,1,0,0,0,0,0,1,6,3,-1,-1,-1,-1,-1,-1,-1,-1
2015331505285,1,9,0,18,0,0,0,0,0,0,0,1,6,1,21,5,973,1,13,-1,-1,-1
2015331505287,1,9,0,7,0,6,0,0,0,0,1,1,6,2,-1,-1,-1,-1,-1,-1,-1,-1
2015331505287,2,1,0,18,0,8,0,0,0,0,1,1,6,1,52,8,-1,-1,-1,-1,2,-1
2015331505289,1,9,0,18,0,0,0,0,0,0,0,1,6,1,29,6,1598,1,13,-1,-1,-1
2015331505289,2,9,0,18,0,0,0,0,0,0,0,1,6,2,55,8,-1,-1,-1,-1,-1,-1
2015331505292,1,9,0,18,0,0,0,0,0,0,0,1,6,1,63,9,989,1,12,-1,-1,-1
2015331505292,2,19,0,18,0,0,0,0,0,0,0,1,6,1,32,6,1998,2,11,-1,-1,-1
2015331505292,3,9,0,18,0,0,0,0,0,0,0,1,6,2,49,8,-1,-1,-1,-1,-1,-1
2015331505294,1,9,0,18,0,0,0,0,0,0,0,1,6,1,56,9,-1,-1,-1,-1,-1,-1
2015331505298,1,9,0,18,0,0,0,0,0,0,0,1,6,2,43,7,998,1,13,-1,-1,-1
2015331505299,1,9,0,9,0,6,0,0,0,0,1,1,6,2,37,7,973,1,15,-1,1,-1
2015331505299,2,9,0,18,0,8,0,0,0,0,3,1,1,1,38,7,1896,2,10,-1,1,-1
2015331505300,1,9,0,18,0,0,0,0,0,0,0,1,6,1,-1,-1,1896,2,9,-1,-1,-1
2015331505300,2,9,0,18,0,0,0,0,0,0,0,1,6,1,31,6,1398,2,-1,-1,-1,-1
2015331505301,1,9,0,18,0,2,0,0,0,0,1,1,6,1,57,9,1870,2,12,-1,1,-1
2015331505301,2,1,0,18,0,2,0,0,0,0,4,1,6,2,30,6,-1,-1,-1,-1,1,-1
2015331505305,1,9,0,18,0,0,0,0,0,0,0,1,6,2,36,7,1598,1,5,-1,-1,-1
2015331505305,2,9,0,18,0,0,0,0,0,0,0,1,6,2,42,7,-1,-1,-1,-1,-1,-1
2015331505306,1,9,0,18,0,0,0,0,0,0,0,1,6,2,69,10,1197,1,2,-1,-1,-1
2015331505306,2,9,0,18,0,0,0,0,0,0,0,1,6,2,38,7,1560,2,4,-1,-1,-1
2015331505307,1,9,0,18,0,0,0,0,0,0,0,1,6,3,-1,-1,-1,-1,-1,-1,-1,-1
2015331505307,2,4,0,18,0,0,0,0,0,0,0,1,6,1,57,9,600,1,13,-1,-1,-1
2015331505309,1,9,0,18,0,0,0,0,0,0,0,1,6,1,21,5,1399,2,6,-1,-1,-1
2015331505309,2,9,0,18,0,0,0,0,0,0,0,1,6,1,80,11,1896,2,15,-1,-1,-1
2015331505317,1,9,0,18,0,0,0,0,0,0,0,1,6,3,-1,-1,-1,-1,-1,-1,-1,-1
2015331505319,1,9,0,18,0,0,0,0,0,0,0,1,6,2,43,7,2495,2,14,-1,-1,-1
2015331505330,1,9,0,16,0,0,5,0,7,2,1,1,6,1,37,7,1975,1,9,-1,-1,-1
2015331505334,1,9,0,18,0,0,0,0,0,0,0,1,6,2,80,11,1598,1,12,-1,-1,-1
2015331505335,1,9,0,18,0,0,0,0,0,0,4,1,6,1,70,10,2401,2,9,-1,-1,-1
2015331505335,2,9,0,18,0,0,0,0,0,0,0,1,6,1,22,5,1398,2,10,-1,-1,-1
2015331505336,1,9,0,18,0,0,0,0,0,0,0,1,6,2,29,6,2000,1,6,-1,-1,-1
2015331505338,1,9,0,18,0,0,0,0,0,0,0,1,6,1,85,11,1461,2,11,-1,-1,-1
2015331505339,1,9,0,18,0,0,0,0,0,0,0,1,6,3,-1,-1,-1,-1,-1,-1,-1,-1
2015331505341,1,3,0,18,0,0,0,0,0,0,0,1,6,1,40,7,-1,-1,-1,-1,-1,-1
2015331505346,1,9,0,4,0,0,0,0,0,0,2,1,2,1,50,8,1242,1,17,-1,1,-1
2015331505346,2,9,0,14,0,0,0,0,0,0,3,1,6,1,50,8,1968,2,8,-1,-1,-1
2015331505346,3,9,0,18,0,0,0,0,0,0,1,1,6,1,-1,-1,1598,1,16,-1,-1,-1
2015331505347,1,9,0,18,0,0,0,0,0,0,0,1,6,1,-1,-1,2494,1,13,-1,-1,-1
2015331505347,2,9,0,18,0,0,0,0,0,0,0,1,6,1,-1,-1,998,1,8,-1,-1,-1
2015331505348,1,9,0,18,0,0,0,0,0,0,0,1,6,1,83,11,1997,2,10,-1,-1,-1
2015331505349,1,9,0,18,0,0,0,0,0,0,0,1,6,1,-1,-1,1596,1,9,-1,-1,-1
2015331505349,2,9,0,18,0,0,0,0,0,0,0,1,6,2,52,8,1796,1,8,-1,-1,-1
2015331505351,1,9,0,18,0,0,0,0,0,0,0,1,6,1,76,11,1461,2,5,-1,-1,-1
2015331505355,1,9,0,18,0,0,0,0,0,0,0,1,6,1,30,6,1299,1,13,-1,-1,-1
2015331505357,1,20,0,18,0,0,0,0,0,0,4,1,1,1,32,6,4580,2,8,-1,-1,-1
2015331505357,2,1,0,18,0,0,0,0,0,0,1,1,6,1,51,8,-1,-1,-1,-1,-1,-1
2015331505358,1,9,0,18,0,0,0,0,0,0,0,1,6,1,30,6,1956,2,3,-1,-1,-1
2015331505358,2,9,0,18,0,0,0,0,0,0,0,1,6,1,-1,-1,1900,2,16,-1,-1,-1
2015331505359,1,19,0,18,0,8,0,0,0,0,0,1,6,3,-1,-1,-1,-1,-1,-1,-1,-1
2015331505359,2,9,0,18,0,8,0,0,0,0,0,1,6,2,28,6,1596,1,12,-1,-1,-1
2015331505361,1,9,0,4,0,0,0,0,0,0,2,1,2,1,29,6,1360,1,12,-1,1,-1
2015331505361,2,9,0,4,0,0,0,0,0,0,1,1,2,2,25,5,1124,1,14,-1,2,-1
2015331505363,1,9,0,18,0,0,0,0,0,0,0,1,6,3,-1,-1,1956,2,5,-1,-1,-1
2015331505363,2,9,0,18,0,0,0,0,0,0,0,1,6,3,-1,-1,-1,-1,-1,-1,-1,-1
2015331505363,3,9,0,18,0,0,0,0,0,0,0,1,6,1,56,9,-1,-1,-1,-1,-1,-1
2015331505363,4,9,0,18,0,0,0,0,0,0,0,1,6,1,44,7,-1,-1,-1,-1,-1,-1
2015331505364,1,9,0,18,0,0,0,0,0,0,0,1,6,1,-1,-1,1686,2,2,-1,-1,-1
2015331505364,2,1,0,18,0,0,0,0,0,0,0,1,6,1,15,3,-1,-1,-1,-1,-1,-1
2015331505368,1,9,0,18,0,0,0,0,0,0,1,1,6,2,51,8,-1,-1,-1,-1,1,-1
2015331505369,1,9,0,18,0,0,0,0,0,0,0,1,6,1,20,4,998,1,-1,-1,-1,-1
2015331505369,2,3,0,18,0,0,0,0,0,0,0,1,6,1,47,8,125,1,53,-1,-1,-1
2015331505370,1,9,0,18,0,0,0,0,0,0,0,1,6,1,-1,-1,1242,1,12,-1,-1,-1
2015331505370,2,1,0,18,0,0,0,0,0,0,0,1,6,1,38,7,-1,-1,-1,-1,-1,-1
2015331505371,1,9,0,18,0,0,0,0,0,0,0,1,6,1,40,7,1368,1,5,-1,-1,-1
2015331505372,1,9,0,18,0,0,0,0,0,0,0,1,6,2,44,7,1242,1,18,-1,-1,-1
2015331505373,1,98,0,18,0,0,0,0,0,0,0,1,6,3,-1,-1,-1,-1,-1,-1,-1,-1
2015331505373,2,16,0,18,0,0,0,0,0,0,0,1,6,2,17,4,-1,-1,-1,-1,-1,-1
2015331505378,1,9,0,9,0,5,0,0,0,0,1,1,6,1,45,7,2993,2,9,-1,-1,-1
2015331505378,2,9,0,4,0,8,0,0,0,0,1,1,6,2,38,7,1149,1,7,-1,-1,-1
2015331505380,1,9,0,18,0,8,0,0,0,0,0,1,6,1,44,7,-1,-1,-1,-1,-1,-1
2015331505380,2,9,0,18,0,8,0,0,0,0,0,1,6,3,-1,-1,-1,-1,-1,-1,-1,-1
2015331505381,1,9,0,18,0,0,0,0,0,0,0,1,6,1,44,7,-1,-1,-1,-1,-1,-1
2015331505381,2,9,0,18,0,0,0,0,0,0,0,1,6,2,43,7,1796,1,9,-1,-1,-1
2015331505384,1,4,0,18,0,0,0,0,0,0,0,1,6,1,44,7,-1,-1,-1,-1,-1,-1
2015331505384,2,9,0,18,0,0,0,0,0,0,0,1,6,3,-1,-1,-1,-1,-1,-1,-1,-1
2015331505385,1,9,0,18,0,0,0,0,0,0,0,1,6,1,53,8,1596,1,7,-1,-1,-1
2015331505386,1,9,0,18,0,8,0,0,0,0,0,1,6,1,25,5,1968,2,6,-1,-1,-1
2015331505386,2,9,0,18,0,8,0,0,0,0,0,1,6,3,21,5,-1,-1,-1,-1,-1,-1
2015331505387,1,4,0,18,0,0,0,0,0,0,0,1,6,1,17,4,-1,-1,-1,-1,-1,-1
2015331505387,2,9,0,18,0,0,0,0,0,0,0,1,6,1,47,8,-1,-1,-1,-1,-1,-1
2015331505388,1,9,0,18,0,0,0,0,0,0,0,1,6,2,49,8,1998,1,16,-1,-1,-1
2015331505388,2,9,0,18,0,0,0,0,0,0,0,1,6,3,-1,-1,1998,2,11,-1,-1,-1
2015331505389,1,9,0,9,0,4,0,0,0,0,1,1,6,2,44,7,1598,1,10,-1,2,-1
2015331505389,2,3,0,18,0,8,0,0,0,0,4,1,2,1,33,6,124,1,6,-1,1,-1
2015331505390,1,9,0,18,0,0,0,0,0,0,0,1,6,1,23,5,1796,1,15,-1,-1,-1
2015331505393,1,5,0,18,0,0,0,0,0,0,0,1,6,1,48,8,1199,1,14,-1,-1,-1
2015331505403,1,9,0,18,0,0,0,0,0,0,0,1,6,2,53,8,1149,1,12,-1,-1,-1
2015331505404,1,1,0,18,0,0,0,0,0,0,0,1,6,1,42,7,-1,-1,-1,-1,-1,-1
2015331505404,2,9,0,18,0,0,0,0,0,0,0,1,6,1,24,5,1796,1,9,-1,-1,-1
2015331505405,1,9,0,18,0,0,0,0,0,0,0,1,6,2,54,8,1198,1,3,-1,-1,-1
2015331505407,1,9,0,18,0,0,0,0,0,0,0,1,6,2,49,8,998,1,1,-1,-1,-1
2015331505408,1,9,0,18,0,0,0,0,0,0,0,1,6,1,54,8,1587,1,8,-1,-1,-1
2015331505408,2,21,0,18,0,0,0,0,0,0,0,1,6,1,42,7,-1,-1,-1,-1,-1,-1
2015331505410,1,1,0,18,0,0,0,0,0,0,0,1,6,1,26,6,-1,-1,-1,-1,-1,-1
2015331505411,1,9,0,18,0,8,0,0,0,0,0,1,6,3,-1,-1,-1,-1,-1,-1,-1,-1
2015331505412,1,21,0,18,0,8,0,0,0,0,0,1,6,1,56,9,9186,2,2,-1,-1,-1
2015331505412,2,19,0,18,0,8,0,0,0,0,0,1,6,1,40,7,-1,-1,-1,-1,-1,-1
2015331505413,1,90,0,18,0,0,0,0,0,0,0,1,6,1,50,8,1997,2,2,-1,-1,-1
2015331505417,1,9,0,18,0,8,0,0,0,0,0,1,6,1,79,11,1108,1,13,-1,-1,-1
2015331505417,2,9,0,18,0,8,0,0,0,0,0,1,6,1,-1,-1,1399,2,11,-1,-1,-1
2015331505422,1,9,0,9,0,5,0,0,0,0,1,1,1,1,18,4,999,1,2,-1,-1,-1
2015331505422,2,9,0,18,0,8,0,0,0,0,1,1,1,2,44,7,1598,1,11,-1,2,-1
2015331505423,1,9,0,18,0,0,0,0,0,0,0,1,6,1,73,10,-1,-1,-1,-1,-1,-1
2015331505428,1,9,0,18,0,8,0,0,0,0,0,1,6,1,28,6,1968,2,1,-1,-1,-1
2015331505428,2,9,0,18,0,8,0,0,0,0,0,1,6,2,34,6,1997,2,6,-1,-1,-1
2015331505429,1,9,0,18,0,8,0,0,0,0,0,1,6,1,64,9,2494,1,18,-1,-1,-1
2015331505429,2,9,0,18,0,8,0,0,0,0,0,1,6,1,56,9,1598,1,9,-1,-1,-1
2015331505431,1,9,0,18,0,8,0,0,0,0,0,1,6,1,26,6,1995,2,6,-1,-1,-1
2015331505431,2,9,0,18,0,8,0,0,0,0,0,1,6,1,26,6,1197,1,-1,-1,-1,-1
2015331505432,1,9,0,18,0,1,0,0,0,0,0,1,6,1,63,9,898,1,1,-1,-1,-1
2015331505432,2,11,0,18,0,1,0,0,0,0,0,1,6,1,54,8,4500,2,5,-1,-1,-1
2015331505433,1,1,0,18,0,0,0,0,0,0,0,1,6,1,45,7,-1,-1,-1,-1,-1,-1
2015331505435,1,2,0,3,0,1,0,0,0,0,1,1,1,2,42,7,49,1,2,-1,1,-1
2015331505435,2,19,0,1,0,2,0,0,0,0,2,1,6,1,42,7,1896,2,11,-1,1,-1
2015331505439,1,9,0,18,0,0,0,0,0,0,0,1,6,1,21,5,1686,2,1,-1,-1,-1
2015331505439,2,9,0,18,0,0,0,0,0,0,0,1,6,2,57,9,1360,1,13,-1,-1,-1
2015331505440,1,9,0,18,0,8,0,0,0,0,0,1,6,1,-1,-1,-1,-1,-1,-1,-1,-1
2015331505440,2,9,0,18,0,8,0,0,0,0,0,1,6,2,26,6,1360,1,11,-1,-1,-1
2015331505442,1,9,0,12,0,3,0,0,0,0,1,1,6,1,41,7,2143,2,4,-1,1,-1
2015331505442,2,9,0,13,0,3,0,0,0,0,4,1,6,2,30,6,1896,2,11,-1,1,-1
2015331505446,1,9,0,18,0,8,0,0,0,0,0,1,6,1,27,6,-1,-1,-1,-1,-1,-1
2015331505448,1,9,0,18,0,8,0,0,0,0,0,1,6,1,44,7,1910,2,7,-1,-1,-1
2015331505448,2,9,0,18,0,8,0,0,0,0,0,1,6,1,29,6,1398,2,5,-1,-1,-1
2015331505448,3,9,0,18,0,8,0,0,0,0,0,1,6,2,17,4,-1,-1,-1,-1,-1,-1
2015331505462,1,11,0,13,0,8,0,0,0,0,4,1,1,1,42,7,4250,2,10,-1,1,-1
2015331505462,2,1,0,16,0,8,0,0,0,0,3,1,6,1,16,4,-1,-1,-1,-1,1,-1
2015331505464,1,9,0,18,0,0,0,0,0,0,0,1,6,2,45,7,1368,1,7,-1,-1,-1
2015331505464,2,9,0,18,0,0,0,0,0,0,0,1,6,1,18,4,1560,2,3,-1,-1,-1
2015331505466,1,9,0,18,0,0,0,0,0,0,0,1,6,1,18,4,1896,2,13,-1,-1,-1
2015331505468,1,9,0,18,0,0,0,0,0,0,0,1,6,1,81,11,1248,1,1,-1,-1,-1
2015331505474,1,9,0,18,0,0,0,0,0,0,0,1,6,1,29,6,-1,-1,-1,-1,-1,-1
2015331505474,2,9,0,18,0,0,0,0,0,0,0,1,6,1,-1,-1,1956,2,1,-1,-1,-1
2015331505474,3,9,0,18,0,0,0,0,0,0,0,1,6,1,-1,-1,1596,1,11,-1,-1,-1
2015331505477,1,9,0,18,0,0,0,0,0,0,0,1,6,1,48,8,1796,1,10,-1,-1,-1
2015331505480,1,9,0,18,0,0,0,0,0,0,0,1,6,1,77,11,1124,1,12,-1,-1,-1
2015331505481,1,9,0,18,0,0,0,0,0,0,0,1,6,1,18,4,1242,1,14,-1,-1,-1
2015331505493,1,9,0,18,0,0,0,0,0,0,0,1,6,1,56,9,-1,-1,-1,-1,-1,-1
2015331505493,2,1,0,18,0,0,0,0,0,0,0,1,6,1,35,6,-1,-1,-1,-1,-1,-1
2015331505494,1,9,0,18,0,1,0,0,0,0,0,1,6,2,69,10,1329,1,3,-1,-1,-1
2015331505494,2,97,0,18,0,1,0,0,0,0,0,1,6,1,44,7,898,1,1,-1,-1,-1
2015331505495,1,9,0,18,0,0,0,0,0,0,0,1,6,1,-1,-1,2199,2,-1,-1,-1,-1
2015331505495,2,97,0,18,0,0,0,0,0,0,0,1,6,1,32,6,124,1,5,-1,-1,-1
2015331505496,1,9,0,18,0,8,0,0,0,0,0,1,6,1,28,6,1396,1,-1,-1,-1,-1
2015331505501,1,9,0,18,0,0,0,0,0,0,0,1,6,1,57,9,1493,1,15,-1,-1,-1
2015331505502,1,9,0,18,0,8,0,0,0,0,0,1,6,1,-1,-1,2191,2,2,-1,-1,-1
2015331505502,2,9,0,18,0,8,0,0,0,0,0,1,6,2,31,6,1242,1,-1,-1,-1,-1
2015331505504,1,9,0,18,0,0,0,0,0,0,0,1,6,2,31,6,1360,1,13,-1,-1,-1
2015331505507,1,9,0,18,0,1,0,0,0,0,3,1,6,3,-1,-1,-1,-1,-1,-1,-1,-1
2015331505510,1,9,0,16,0,0,2,0,7,0,1,1,6,1,23,5,1596,1,11,-1,3,-1
2015331505511,1,9,0,3,0,1,0,0,0,0,2,1,6,1,19,4,1242,1,9,-1,1,-1
2015331505511,2,9,0,5,0,1,0,0,0,0,1,1,6,2,20,4,1984,1,8,-1,1,-1
2015331505512,1,9,0,18,0,0,0,0,0,0,0,1,6,2,65,9,1198,1,4,-1,-1,-1
2015331505516,1,9,0,18,0,0,0,0,0,0,0,1,6,2,54,8,1329,1,3,-1,-1,-1
2015331505516,2,9,0,18,0,0,0,0,0,0,0,1,6,2,48,8,1598,1,5,-1,-1,-1
2015331505516,3,1,0,18,0,0,0,0,0,0,0,1,6,1,15,3,-1,-1,-1,-1,-1,-1
2015331505518,1,9,0,18,0,0,0,0,0,0,0,1,6,1,68,10,1560,2,5,-1,-1,-1
2015331505518,2,9,0,18,0,0,0,0,0,0,0,1,6,1,-1,-1,-1,-1,-1,-1,-1,-1
2015331505520,1,9,0,18,0,0,0,0,0,0,0,1,6,1,18,4,1124,1,12,-1,-1,-1
2015331505520,2,9,0,18,0,0,0,0,0,0,0,1,6,1,49,8,1994,1,12,-1,-1,-1
2015331505522,1,9,0,18,0,0,0,0,0,0,0,1,6,1,-1,-1,1598,2,1,-1,-1,-1
2015331505522,2,9,0,18,0,0,0,0,0,0,0,1,6,2,28,6,1598,1,11,-1,-1,-1
2015331505525,1,9,0,18,0,8,0,0,0,0,0,1,6,1,54,8,1995,2,-1,-1,-1,-1
2015331505525,2,1,0,18,0,8,0,0,0,0,0,1,6,1,43,7,-1,-1,-1,-1,-1,-1
2015331505534,1,9,0,18,0,0,0,0,0,0,0,1,6,1,54,8,1560,2,8,-1,-1,-1
2015331505539,1,9,0,18,0,0,0,0,0,0,0,1,6,1,33,6,1686,2,2,-1,-1,-1
2015331505540,1,9,0,18,0,1,0,0,0,0,0,1,6,1,-1,-1,1686,2,3,-1,-1,-1
2015331505540,2,9,0,18,0,1,0,0,0,0,0,1,6,2,39,7,1560,2,2,-1,-1,-1
2015331505540,3,9,0,18,0,1,0,0,0,0,0,1,6,1,42,7,1199,2,1,-1,-1,-1
2015331505542,1,9,0,18,0,0,0,0,0,0,0,1,6,2,57,9,1968,2,3,-1,-1,-1
2015331505544,1,9,0,18,0,0,0,0,0,0,0,1,6,2,44,7,1461,2,3,-1,-1,-1
2015331505544,2,9,0,18,0,0,0,0,0,0,0,1,6,1,27,6,-1,-1,-1,-1,-1,-1
2015331505548,1,9,0,18,0,1,0,0,0,0,0,1,6,1,28,6,1461,2,1,-1,-1,-1
2015331505548,2,9,0,18,0,1,0,0,0,0,0,1,6,1,38,7,1984,1,-1,-1,-1,-1
2015331505551,1,9,0,18,0,8,0,0,0,0,0,1,6,2,35,6,1685,2,2,-1,-1,-1
2015331505554,1,9,0,18,0,0,0,0,1,9,1,1,6,1,23,5,3498,1,10,-1,-1,-1
2015331505555,1,9,0,18,0,0,0,0,0,0,0,1,6,1,58,9,2143,2,4,-1,-1,-1
2015331505556,1,9,0,18,0,0,0,0,0,0,0,1,6,2,-1,-1,1686,2,1,-1,-1,-1
2015331505556,2,9,0,18,0,0,0,0,0,0,0,1,6,1,27,6,1596,1,12,-1,-1,-1
2015331505559,1,9,0,3,0,1,0,0,0,0,2,1,6,2,47,8,5439,1,14,-1,-1,-1
2015331505559,2,9,0,3,0,1,0,0,0,0,2,1,6,2,54,8,1997,2,15,-1,1,-1
2015331505559,3,9,0,18,0,1,0,0,0,0,1,1,2,2,18,4,1398,1,2,-1,1,-1
2015331505560,1,9,0,18,0,0,0,0,0,0,0,1,6,1,20,4,1198,1,2,-1,-1,-1
2015331505560,2,9,0,18,0,0,0,0,0,0,0,1,6,1,-1,-1,1984,1,4,-1,-1,-1
2015331505561,1,9,0,18,0,0,0,0,0,0,0,1,6,2,68,10,1339,1,5,-1,-1,-1
2015331505562,1,9,0,18,0,0,0,0,0,0,0,1,6,2,-1,-1,1686,2,1,-1,-1,-1
2015331505562,2,9,0,18,0,0,0,0,0,0,0,1,1,1,-1,-1,1598,2,-1,-1,-1,-1
2015331505563,1,97,0,18,0,2,0,0,0,0,0,1,6,1,62,9,-1,-1,-1,-1,-1,-1
2015331505563,2,19,0,18,0,2,0,0,0,0,0,1,6,3,-1,-1,-1,-1,-1,-1,-1,-1
2015331505564,1,9,0,18,0,0,0,0,0,0,0,1,6,1,56,9,1398,2,-1,-1,-1,-1
2015331505565,1,19,0,18,0,0,0,0,0,0,0,1,6,1,30,6,2198,2,3,-1,-1,-1
2015331505565,2,1,0,18,0,0,0,0,0,0,0,1,6,1,27,6,-1,-1,-1,-1,-1,-1
2015331505566,1,9,0,18,0,0,0,0,0,0,0,1,6,1,23,5,1242,1,12,-1,-1,-1
2015331505567,1,9,0,18,0,0,0,0,0,0,0,1,6,2,46,8,-1,-1,-1,-1,-1,-1
2015331505567,2,98,0,18,0,0,0,0,0,0,0,1,6,1,53,8,12130,2,10,-1,-1,-1
2015331505568,1,9,0,18,0,0,0,0,0,0,0,1,6,1,39,7,1968,2,2,-1,-1,-1
2015331505568,2,9,0,18,0,0,0,0,0,0,0,1,6,1,35,6,996,1,3,-1,-1,-1
2015331505569,1,8,0,18,0,8,0,7,0,0,1,1,1,1,38,7,1560,2,7,-1,1,-1
2015331505569,2,9,0,9,0,5,5,7,0,0,1,1,2,1,32,6,-1,-1,-1,-1,1,-1
2015331505570,1,19,0,18,0,0,0,0,0,0,0,1,6,1,29,6,1598,2,-1,-1,-1,-1
2015331505570,2,9,0,18,0,0,0,0,0,0,0,1,6,1,23,5,1124,1,13,-1,-1,-1
2015331505572,1,9,0,18,0,1,0,0,0,0,1,1,6,1,40,7,1242,1,3,-1,-1,-1
2015331505572,2,9,0,3,0,1,0,0,0,0,2,1,6,2,30,6,1995,2,13,-1,-1,-1
2015331505573,1,9,0,18,0,1,0,0,0,0,0,1,6,1,-1,-1,1686,2,2,-1,-1,-1
2015331505573,2,1,0,18,0,1,0,0,0,0,0,1,6,1,23,5,-1,-1,-1,-1,-1,-1
2015331505577,1,9,0,18,0,0,0,0,0,0,0,1,6,1,-1,-1,2993,2,-1,-1,-1,-1
2015331505577,2,9,0,18,0,0,0,0,0,0,0,1,6,1,26,6,1910,2,9,-1,-1,-1
2015331505578,1,9,0,18,0,0,0,0,0,0,0,1,6,3,-1,-1,-1,-1,-1,-1,-1,-1
2015331505780,1,9,0,18,0,0,0,0,0,0,0,1,6,1,63,9,2987,2,9,-1,-1,-1
2015331505781,1,9,0,4,0,0,0,0,0,0,2,1,6,1,21,5,1910,2,6,-1,-1,-1
2015331505781,2,9,0,4,0,0,0,0,0,0,0,1,6,1,45,7,1968,2,4,-1,3,-1
2015331505781,3,9,0,4,0,0,0,0,0,0,1,1,6,1,23,5,1242,1,3,-1,2,-1
2015331505781,4,19,0,4,0,0,0,0,0,0,1,1,6,1,34,6,2198,2,3,-1,1,-1
2015331505781,5,9,0,4,0,0,0,0,0,0,1,1,6,1,26,6,1753,2,7,-1,2,-1
2015331505781,6,9,0,4,0,0,0,0,0,0,1,1,6,1,18,4,-1,-1,-1,-1,1,-1
2015331505781,7,19,0,4,0,0,0,0,0,0,1,1,6,1,33,6,1598,2,-1,-1,1,-1
2015331505783,1,9,0,18,0,0,0,0,0,0,0,1,6,2,38,7,1582,2,-1,-1,-1,-1
2015331505783,2,21,0,18,0,0,0,0,0,0,0,1,6,3,39,7,10837,2,3,-1,-1,-1
2015331505785,1,9,0,18,0,0,0,0,0,0,0,1,6,3,-1,-1,-1,-1,-1,-1,-1,-1