Accident_Index,Vehicle_Reference,Vehicle_Type,Towing_and_Articulation,Vehicle_Manoeuvre,Vehicle_Location-Restricted_Lane,Junction_Location,Skidding_and_Overturning,Hit_Object_in_Carriageway,Vehicle_Leaving_Carriageway,Hit_Object_off_Carriageway,1st_Point_of_Impact,Was_Vehicle_Left_Hand_Drive?,Journey_Purpose_of_Driver,Sex_of_Driver,Age_of_Driver,Age_Band_of_Driver,Engine_Capacity_(CC),Propulsion_Code,Age_of_Vehicle,Driver_IMD_Decile,Driver_Home_Area_Type,Vehicle_IMD_Decile
2015331505790,1,9,0,18,0,0,0,0,0,0,0,1,6,2,22,5,1388,1,10,-1,-1,-1
2015331505791,1,9,0,18,0,0,0,0,0,0,0,1,6,2,26,6,1349,1,10,-1,-1,-1
2015331505791,2,9,0,18,0,0,0,0,0,0,0,1,6,1,26,6,1149,1,16,-1,-1,-1
2015331505791,3,9,0,18,0,0,0,0,0,0,0,1,6,2,27,6,1596,1,13,-1,-1,-1
2015331505791,4,19,0,18,0,0,0,0,0,0,0,1,6,3,59,9,1868,2,16,-1,-1,-1
2015331505793,1,9,0,18,0,0,0,0,0,0,0,1,6,2,46,8,-1,-1,-1,-1,-1,-1
2015331505794,1,9,0,18,0,1,0,0,0,0,0,1,6,1,42,7,3222,2,12,-1,-1,-1
2015331505795,1,9,0,18,0,0,0,0,0,0,0,1,6,3,-1,-1,-1,-1,-1,-1,-1,-1
2015331505795,2,9,0,18,0,0,0,0,0,0,0,1,6,2,48,8,1199,1,15,-1,-1,-1
2015331505798,1,9,0,18,0,0,0,0,0,0,0,1,6,3,-1,-1,-1,-1,-1,-1,-1,-1
2015331505799,1,9,0,18,0,1,0,0,0,0,0,1,6,1,37,7,1986,2,9,-1,-1,-1
2015331505799,2,9,0,18,0,1,0,0,0,0,0,1,6,1,35,6,-1,-1,-1,-1,-1,-1
2015331505799,3,9,0,18,0,1,0,0,0,0,0,1,6,1,53,8,-1,-1,-1,-1,-1,-1
2015331505804,1,9,0,3,0,0,0,0,0,0,2,1,6,2,53,8,1461,2,-1,-1,-1,-1
2015331505804,2,9,0,17,0,0,0,0,0,0,2,1,2,2,53,8,1242,1,12,-1,1,-1
2015331505804,3,9,0,4,0,0,1,0,0,0,1,1,2,2,33,6,1242,1,8,-1,1,-1
2015331505806,1,9,0,18,0,0,0,0,0,0,0,1,6,1,23,5,1527,2,19,-1,-1,-1
2015331505806,2,9,0,18,0,0,0,0,0,0,0,1,6,1,28,6,1910,2,11,-1,-1,-1
2015331505807,1,9,0,18,0,0,0,0,0,0,0,1,6,3,-1,-1,-1,-1,-1,-1,-1,-1
2015331505807,2,19,0,18,0,0,0,0,0,0,0,1,6,1,30,6,1560,2,-1,-1,-1,-1
2015331505808,1,9,0,18,0,0,0,0,0,0,0,1,6,1,46,8,1390,1,14,-1,-1,-1
2015331505809,1,9,0,18,0,8,0,0,0,0,0,1,6,3,58,9,1582,2,1,-1,-1,-1
2015331505809,2,3,0,18,0,8,0,0,0,0,0,1,6,1,30,6,-1,-1,-1,-1,-1,-1
2015331505810,1,9,0,7,0,6,0,0,0,0,0,1,6,2,44,7,1968,2,3,-1,-1,-1
2015331505815,1,9,0,18,0,0,0,0,0,0,0,1,6,1,-1,-1,1956,2,1,-1,-1,-1
2015331505819,1,9,0,18,0,0,0,0,0,0,0,1,6,1,36,7,1896,2,10,-1,-1,-1
2015331505823,1,9,0,18,0,0,0,0,0,0,0,1,6,2,21,5,998,1,-1,-1,-1,-1
2015331505823,2,9,0,18,0,0,0,0,0,0,0,1,6,3,-1,-1,-1,-1,-1,-1,-1,-1
2015331505824,1,9,0,18,0,8,0,0,0,0,0,1,6,1,18,4,1199,1,15,-1,-1,-1
2015331505824,2,9,0,18,0,8,0,0,0,0,0,1,6,1,32,6,1968,2,9,-1,-1,-1
2015331505826,1,9,0,18,0,1,0,0,0,0,0,1,6,3,-1,-1,-1,-1,-1,-1,-1,-1
2015331505827,1,9,0,18,0,1,0,0,0,0,0,1,6,1,63,9,1596,1,11,-1,-1,-1
2015331505829,1,9,0,18,0,0,0,0,0,0,1,1,6,1,36,7,1984,1,6,-1,-1,-1
2015331505829,2,9,0,3,0,0,0,0,0,0,2,1,1,2,57,9,1597,1,18,-1,1,-1
2015331600078,1,9,0,13,0,0,0,0,0,0,4,1,6,1,55,8,1753,2,7,-1,-1,-1
2015331600078,2,1,0,18,0,0,0,0,0,0,3,1,6,2,55,8,-1,-1,-1,-1,1,-1
201534NC00605,1,9,0,18,0,8,0,0,0,0,1,1,6,2,31,6,2720,2,7,-1,1,-1
201534NC00605,2,9,0,3,0,8,0,0,0,0,2,1,1,2,49,8,1596,1,7,-1,1,-1
201534NC01545,1,9,0,18,0,0,0,0,0,0,4,1,6,1,-1,-1,-1,-1,-1,-1,-1,-1
201534NC01575,1,9,0,18,0,8,0,0,0,0,1,1,6,1,-1,-1,-1,-1,-1,-1,-1,-1
201534NC01575,2,9,0,3,0,8,0,0,0,0,2,1,2,1,26,6,1968,2,7,-1,1,-1
201534NC01945,1,9,0,9,0,8,0,0,0,0,1,1,2,1,48,8,1968,2,1,-1,2,-1
201534NC01945,2,9,0,18,0,8,0,0,0,0,2,1,2,1,48,8,1199,1,15,-1,1,-1
201534NC03205,1,9,0,18,0,8,0,0,0,0,4,1,6,1,-1,-1,1242,1,15,-1,-1,-1
201534NC03205,2,9,0,18,0,8,0,0,0,0,2,1,6,2,40,7,-1,-1,-1,-1,1,-1
201534NC03215,1,9,0,3,0,8,0,0,0,0,2,1,6,2,43,7,1248,1,2,-1,1,-1
201534NC03215,2,9,0,3,0,8,0,0,0,0,1,1,1,1,48,8,-1,-1,-1,-1,1,-1
201534NC03715,1,8,0,18,0,0,0,0,0,0,1,1,1,1,-1,-1,2402,2,13,-1,-1,-1
201534NC03715,2,9,0,2,0,0,0,0,0,0,2,1,6,3,-1,-1,1296,1,8,-1,-1,-1
201534NC03885,1,19,0,18,0,0,1,0,0,0,3,1,6,1,50,8,2300,2,9,-1,1,-1
201534NC04385,1,9,0,9,0,8,0,0,0,0,1,1,1,1,27,6,-1,-1,-1,-1,3,-1
201534NC04385,2,9,0,18,0,8,0,0,0,0,1,1,6,1,31,6,1995,1,11,-1,-1,-1
201534NC05305,1,9,0,9,0,8,0,0,0,0,1,1,3,1,32,6,3199,1,15,-1,1,-1
201534NC05305,2,9,0,3,0,8,0,0,0,0,2,1,3,2,34,6,1910,2,9,-1,1,-1
201534NC05315,1,9,0,18,0,8,0,0,0,0,1,1,6,2,74,10,1198,1,3,-1,1,-1
201534NC05315,2,9,0,10,0,8,0,0,0,0,2,1,6,2,67,10,1368,1,7,-1,1,-1
201534NC05655,1,8,0,18,0,8,0,0,0,0,1,1,1,1,57,9,2402,2,9,-1,1,-1
201534NC06685,1,9,0,18,0,0,5,0,0,0,1,1,6,2,25,5,2179,2,7,-1,1,-1
201534NC06685,2,19,0,2,0,0,0,0,0,0,1,1,6,3,-1,-1,2198,2,3,-1,-1,-1
201534NC08245,1,9,0,18,0,8,0,0,0,0,1,1,6,1,29,6,1598,1,2,-1,1,-1
201534NC08245,2,9,0,3,0,8,0,0,0,0,2,1,6,1,-1,-1,1590,1,13,-1,-1,-1
201534NC09445,1,9,0,9,0,8,0,0,0,0,1,1,6,2,40,7,-1,-1,-1,-1,-1,-1
201534NC09445,2,9,0,18,0,8,0,0,0,0,1,1,6,1,58,9,1896,2,15,-1,1,-1
201534NC10185,1,19,0,18,0,8,0,0,0,0,1,1,2,1,28,6,1248,2,8,-1,-1,-1
201534NC10185,2,9,0,10,0,8,0,0,0,0,2,1,2,2,46,8,1364,1,9,-1,1,-1
201534NC10195,1,9,0,18,0,0,0,0,0,0,0,1,6,2,65,9,1299,1,19,-1,1,-1
201534NC10195,2,9,0,5,0,0,0,0,0,0,0,1,6,2,35,6,2969,2,7,-1,1,-1
201534NC10235,1,1,0,18,0,8,0,0,0,0,1,1,6,1,23,5,-1,-1,-1,-1,1,-1
201534NC10235,2,9,0,18,0,8,0,0,0,0,1,1,6,1,31,6,2496,2,12,-1,1,-1
201534NC10255,1,9,0,18,0,0,0,10,2,0,1,1,6,2,21,5,2494,1,15,-1,1,-1
201534NC10685,1,9,0,7,0,8,0,0,0,0,1,1,6,1,-1,-1,973,1,15,-1,-1,-1
201534NC10685,2,1,0,18,0,8,0,0,0,0,1,1,6,1,45,7,-1,-1,-1,-1,2,-1
201534NC11225,1,9,0,18,0,8,0,0,0,0,1,1,2,2,39,7,1499,1,-1,-1,1,-1
201534NC11775,1,9,0,18,0,0,0,0,0,0,1,1,6,1,31,6,1598,2,6,-1,1,-1
201534NC12095,1,9,0,18,0,0,0,0,0,0,1,1,6,1,-1,-1,1229,1,3,-1,-1,-1
201534NC12095,2,8,0,3,0,0,0,0,0,0,2,1,1,2,50,8,2499,2,1,-1,1,-1
201534NC12215,1,5,0,18,0,0,0,0,0,0,1,1,6,1,63,9,599,1,13,-1,1,-1
201534NC12245,1,9,0,1,0,0,0,0,0,0,1,1,6,1,-1,-1,1229,1,6,-1,-1,-1
201534NC12245,2,9,0,2,0,0,0,0,0,0,1,1,6,3,-1,-1,1686,2,1,-1,-1,-1
201534NC12335,1,9,0,18,0,8,0,0,0,0,1,1,6,1,34,6,1390,1,11,-1,1,-1
201534NC12335,2,9,0,3,0,8,0,0,0,0,2,1,6,1,-1,-1,2979,1,14,-1,1,-1
201534NC12715,1,9,0,13,0,0,0,0,0,0,0,1,6,1,61,9,1560,2,1,-1,3,-1
201534NC12715,2,5,0,18,0,0,1,0,0,0,1,1,6,1,66,10,998,1,8,-1,1,-1
201534NC12715,3,9,0,18,0,0,0,0,0,0,2,1,6,1,32,6,1968,2,1,-1,1,-1
201534NC13595,1,9,0,9,0,8,0,0,0,0,1,2,2,1,22,5,-1,-1,-1,-1,-1,-1
201534NC13595,2,9,0,18,0,8,0,0,0,0,1,1,6,1,30,6,1988,1,12,-1,-1,-1
201534NC13815,1,9,0,18,0,0,0,0,0,0,1,1,6,2,-1,-1,1995,2,13,-1,-1,-1
201534NC13815,2,9,0,18,0,0,0,0,0,0,2,1,6,2,59,9,1368,1,1,-1,1,-1
201534NC14465,1,9,0,18,0,0,5,0,1,10,4,1,6,1,18,4,1242,1,10,-1,1,-1
201534NC14465,2,9,0,18,0,0,0,0,0,0,0,1,6,1,18,4,1199,1,13,-1,-1,-1
201534NC14495,1,9,0,18,0,8,0,0,0,0,4,1,6,1,-1,-1,1499,2,2,-1,-1,-1
201534NC14495,2,1,0,18,0,8,1,0,0,0,3,1,2,1,41,7,-1,-1,-1,-1,-1,-1
201534NC14515,1,19,0,18,0,8,0,0,0,0,1,1,6,1,-1,-1,2198,2,3,-1,-1,-1
201534NC14515,2,9,0,3,0,7,0,0,0,0,2,1,2,2,39,7,2231,2,2,-1,1,-1
201534NC14525,1,9,0,13,0,8,0,0,0,0,4,1,6,3,-1,-1,-1,-1,-1,-1,-1,-1
201534NC14525,2,1,0,18,0,8,0,0,0,0,3,1,6,1,68,10,-1,-1,-1,-1,1,-1
201534NC14535,1,9,0,13,0,0,0,0,1,9,3,1,2,1,31,6,1560,2,10,-1,1,-1
201534NC14535,2,9,0,13,0,0,0,0,0,0,4,1,6,1,20,4,1984,1,7,-1,1,-1
201534NC14535,3,9,0,18,0,0,0,0,0,0,0,1,6,2,23,5,1299,1,11,-1,1,-1
201534NC16245,1,4,0,14,0,0,0,0,0,0,3,1,6,1,29,6,-1,-1,-1,-1,-1,-1
201534NC16245,2,9,0,18,0,0,0,0,0,0,4,1,6,1,40,7,1712,1,-1,-1,-1,-1
201534NC16245,3,9,0,2,0,0,0,0,0,0,0,1,6,1,-1,-1,1686,2,3,-1,-1,-1
201534NC16505,1,11,0,9,0,8,0,0,0,0,4,1,1,1,67,10,-1,2,25,-1,1,-1
201534NC16505,2,9,0,18,0,8,0,0,0,0,1,1,6,2,37,7,1398,1,1,-1,1,-1
201534NC16965,1,9,0,14,0,0,0,0,0,0,1,1,6,1,66,10,1242,1,2,-1,-1,-1
201534NC16965,2,9,0,2,0,0,0,0,0,0,2,1,6,1,27,6,-1,-1,-1,-1,-1,-1
201534NC16965,3,9,0,2,0,0,0,0,0,0,1,1,6,1,-1,-1,1794,1,12,-1,1,-1
201534NC17525,1,9,0,17,0,8,0,0,7,4,1,1,1,1,55,8,1560,2,7,-1,1,-1
201534NC18075,1,9,0,7,0,8,0,0,0,0,1,1,6,1,-1,-1,-1,-1,-1,-1,-1,-1
201534NC18075,2,9,0,9,0,8,0,0,0,0,3,1,6,1,25,5,1968,2,5,-1,1,-1
201534NC18425,1,9,0,18,0,0,0,0,0,0,4,1,6,1,-1,-1,-1,-1,-1,-1,-1,-1
201534NC18905,1,8,0,18,0,0,0,0,0,0,1,1,1,1,57,9,2664,2,15,-1,-1,-1
201534NC18905,2,9,0,2,0,0,0,0,0,0,0,1,1,1,28,6,1686,2,2,-1,-1,-1
201534NC19145,1,9,0,9,0,8,0,0,0,0,1,1,6,2,44,7,1587,1,9,-1,1,-1
201534NC19145,2,9,0,18,0,8,0,0,0,0,1,1,6,1,40,7,1968,2,6,-1,1,-1
201534NC19165,1,9,0,18,0,0,0,0,0,0,1,1,6,1,26,6,2387,2,13,-1,-1,-1
201534NC19165,2,9,0,18,0,0,0,0,1,9,1,1,1,1,62,9,2143,2,1,-1,3,-1
201534NC19165,3,21,0,18,0,0,0,0,0,0,1,1,1,1,63,9,12777,2,7,-1,3,-1
201534NC19175,1,9,0,18,0,8,0,0,0,0,1,1,2,1,34,6,1598,2,4,-1,1,-1
201534NC19175,2,19,0,3,0,8,0,0,0,0,2,1,2,1,26,6,1870,2,10,-1,1,-1
201534NC19325,1,20,0,9,0,8,0,0,0,0,1,1,1,1,49,8,6870,2,8,-1,1,-1
201534NC19325,2,9,0,18,0,8,0,0,0,0,3,1,1,2,22,5,1242,1,3,-1,3,-1
201534NC19345,1,9,0,18,0,8,0,0,0,0,1,1,2,1,60,9,1461,2,12,-1,2,-1
201534NC19345,2,19,0,3,0,8,0,0,0,0,0,1,2,1,49,8,1997,2,14,-1,1,-1
201534NC21285,1,9,0,18,0,0,0,0,7,1,1,1,6,2,30,6,1149,1,12,-1,-1,-1
201534NC21495,1,9,0,18,0,7,0,0,0,0,1,1,6,1,-1,-1,1595,1,17,-1,1,-1
201534NC21495,2,9,0,3,0,7,0,0,0,0,2,1,6,2,48,8,1595,1,9,-1,1,-1
201534NC22435,1,9,0,18,0,0,1,0,7,11,1,1,6,1,22,5,1360,1,3,-1,1,-1
201534NC22645,1,9,0,18,0,0,0,0,0,0,3,1,6,2,-1,-1,-1,-1,-1,-1,-1,-1
201534NC22645,2,9,0,18,0,0,0,0,0,0,3,1,6,2,38,7,1560,2,10,-1,1,-1
201534NC22775,1,9,0,18,0,0,0,0,0,0,1,1,6,3,-1,-1,-1,-1,-1,-1,-1,-1
201534NC22775,2,9,0,18,0,0,0,0,0,0,1,1,6,2,60,9,998,1,6,-1,1,-1
201534NC22835,1,9,0,9,0,8,0,0,0,0,2,1,6,1,39,7,2191,2,1,-1,1,-1
201534NC22835,2,9,0,18,0,8,0,0,0,0,1,1,6,1,39,7,-1,-1,-1,-1,3,-1
201534NC23005,1,9,0,18,0,8,5,10,1,10,1,1,6,1,24,5,1781,1,13,-1,-1,-1
201534NC23375,1,9,0,18,0,0,0,0,0,0,1,1,2,1,19,4,1124,1,10,-1,2,-1
201534NC23375,2,9,0,3,0,0,0,0,0,0,2,1,2,1,30,6,1994,2,11,-1,1,-1
201534NC23395,1,9,0,18,0,8,0,0,0,0,1,1,3,2,43,7,2179,2,4,-1,3,-1
201534NC23395,2,9,0,3,0,8,0,0,0,0,2,1,1,1,50,8,999,1,2,-1,2,-1
201534NC23395,3,19,0,3,0,8,0,0,0,0,2,1,1,1,45,7,2198,2,1,-1,3,-1
201534NC23525,1,8,0,7,0,8,0,0,0,0,4,1,1,1,60,9,-1,-1,-1,-1,1,-1
201534NC23695,1,9,0,18,0,8,0,0,0,0,1,1,6,2,-1,-1,1596,1,10,-1,-1,-1
201534NC23695,2,9,0,10,0,8,0,0,0,0,2,1,2,2,50,8,1149,1,1,-1,1,-1
201534NC23755,1,11,0,18,0,0,0,0,0,0,1,1,1,1,35,6,3900,2,9,-1,1,-1
201534NC23755,2,1,0,18,0,0,0,0,0,0,3,1,6,1,25,5,-1,-1,-1,-1,1,-1
201534NC24675,1,1,0,18,0,8,0,0,0,0,1,1,6,2,41,7,-1,-1,-1,-1,-1,-1
201534NC24675,2,9,0,18,0,8,0,0,0,0,4,1,1,1,39,7,1599,1,7,-1,1,-1
201534NC24685,1,9,0,9,0,8,0,0,0,0,1,1,2,1,45,7,2204,2,7,-1,1,-1
201534NC24685,2,3,0,18,0,8,0,0,0,0,1,1,2,2,57,9,113,1,11,-1,1,-1
201534NC25305,1,9,0,18,0,0,0,0,0,0,1,1,2,1,24,5,1396,1,16,-1,1,-1
201534NC25305,2,1,0,18,0,0,0,0,0,0,4,1,6,1,10,2,-1,-1,-1,-1,1,-1
201534NC25415,1,19,0,9,0,8,0,0,0,0,3,1,6,1,-1,-1,-1,-1,-1,-1,-1,-1
201534NC25415,2,9,0,18,0,8,0,0,0,0,4,1,6,2,53,8,1364,1,5,-1,1,-1
201534NC25795,1,19,0,18,0,0,0,0,0,0,1,1,1,1,29,6,1796,7,9,-1,3,-1
201534NC25795,2,1,0,18,0,0,0,0,0,0,2,1,6,1,13,3,-1,-1,-1,-1,1,-1
201534NC26165,1,8,0,1,0,8,0,0,0,0,3,1,1,1,62,9,-1,-1,-1,-1,1,-1
201534NC26165,2,9,0,18,0,8,0,0,0,0,1,1,6,3,-1,-1,-1,-1,-1,-1,-1,-1
201534NC26395,1,1,0,9,0,8,0,0,0,0,0,1,6,1,33,6,-1,-1,-1,-1,-1,-1
201534NC26395,2,19,0,18,0,8,0,0,0,0,1,1,1,1,69,10,2800,2,12,-1,1,-1
201534NC26475,1,9,0,18,0,8,0,0,0,0,1,1,6,3,-1,-1,1388,1,9,-1,-1,-1
201534NC26475,2,9,0,3,0,8,0,0,0,0,2,1,6,1,35,6,2324,1,16,-1,1,-1
201534NC27975,1,9,0,9,0,8,0,0,0,0,1,1,6,2,26,6,1599,1,11,-1,1,-1
201534NC28155,1,8,0,18,0,8,0,0,0,0,1,1,6,1,-1,-1,-1,-1,-1,-1,-1,-1
201534NC28155,2,1,0,18,0,8,0,0,0,0,4,1,6,1,25,5,-1,-1,-1,-1,-1,-1
201534NC28195,1,9,0,18,0,8,0,0,0,0,1,1,6,1,44,7,2720,2,10,-1,1,-1
201534NC28225,1,9,0,18,0,8,0,0,0,0,1,1,6,2,23,5,1598,1,13,-1,-1,-1
201534NC28225,2,21,0,18,0,8,0,0,0,0,1,1,6,1,49,8,-1,-1,-1,-1,-1,-1
201534NC28525,1,9,0,18,0,0,0,0,0,0,4,1,6,3,-1,-1,-1,-1,-1,-1,-1,-1
201534NC28935,1,4,0,18,0,8,0,0,0,0,1,1,6,1,-1,-1,-1,-1,-1,-1,-1,-1
201534NC28935,2,1,0,18,0,8,0,0,0,0,3,1,6,1,24,5,-1,-1,-1,-1,1,-1
201534NC30465,1,3,0,14,0,0,0,0,0,0,1,1,2,1,19,4,124,1,1,-1,3,-1
201534NC30465,2,9,0,9,0,0,0,0,0,0,1,1,2,1,52,8,-1,-1,-1,-1,1,-1
201534NC30525,1,9,0,18,0,0,0,0,0,0,1,1,6,1,30,6,1997,2,12,-1,1,-1
201534NC30535,1,9,0,18,0,8,0,0,0,0,1,1,6,2,60,9,1364,1,-1,-1,1,-1
201534NC30745,1,9,0,18,0,8,0,0,0,0,1,1,2,2,62,9,1299,1,10,-1,3,-1
201534NC31065,1,9,0,18,0,8,0,0,0,0,1,1,6,2,65,9,2521,1,8,-1,3,-1
201534NC31515,1,9,0,18,0,8,0,0,0,0,1,1,1,1,33,6,1598,1,13,-1,3,-1
201534NC31515,2,9,0,18,0,8,0,0,0,0,1,1,6,1,75,10,1590,1,12,-1,3,-1
201534NC31535,1,9,0,18,0,8,0,0,0,0,1,1,2,1,35,6,1900,2,10,-1,1,-1
201534NC31535,2,9,0,3,0,8,0,0,0,0,2,1,6,2,49,8,2198,1,10,-1,1,-1
201534NC31535,3,9,0,9,0,8,0,0,0,0,2,1,6,1,39,7,1560,2,8,-1,1,-1
201534NC31645,1,9,0,18,0,0,0,0,0,0,1,1,2,1,44,7,1956,2,1,-1,1,-1
201534NC31645,2,21,4,18,0,0,1,0,0,0,2,1,1,1,23,5,12740,2,4,-1,1,-1
201534NC31755,1,9,0,18,0,0,0,0,0,0,4,1,6,1,67,10,1198,1,1,-1,-1,-1
201534NC32035,1,11,0,18,0,8,0,0,0,0,4,1,6,3,-1,-1,-1,-1,-1,-1,-1,-1
201534NC32035,2,9,0,2,0,8,0,0,0,0,3,1,6,2,-1,-1,1799,1,7,-1,1,-1
201534NC32055,1,9,0,9,0,8,0,0,0,0,1,1,6,2,77,11,1364,1,10,-1,-1,-1
201534NC32055,2,3,0,18,0,8,0,0,0,0,2,1,2,1,21,5,124,1,7,-1,-1,-1
201534NC32805,1,9,0,18,0,8,1,0,0,0,1,1,6,1,35,6,1598,1,4,-1,-1,-1
201534NC32845,1,9,0,18,0,8,0,0,0,0,1,1,2,1,67,10,-1,-1,-1,-1,3,-1
201534NC32845,2,1,0,18,0,8,0,0,0,0,1,1,6,1,54,8,-1,-1,-1,-1,-1,-1
201534NC33205,1,9,0,18,0,0,5,0,1,0,1,1,6,1,44,7,1686,2,10,-1,1,-1
201534NC33375,1,9,0,18,0,8,1,0,0,0,1,1,6,1,69,10,1396,1,14,-1,3,-1
201534NC33815,1,9,0,18,0,8,0,0,0,0,1,1,2,1,51,8,1199,1,14,-1,1,-1
201534NC33815,2,1,0,18,0,8,0,0,0,0,1,1,6,1,15,3,-1,-1,-1,-1,-1,-1
201534NC34245,1,9,0,18,0,8,0,0,0,0,1,1,6,1,26,6,1781,1,14,-1,1,-1
201534NE00265,1,17,0,10,0,8,0,0,0,0,0,1,1,1,44,7,4400,2,3,-1,1,-1
201534NE00265,2,5,0,18,0,8,1,0,0,0,1,1,2,2,49,8,676,1,16,-1,2,-1
201534NE00285,1,9,0,18,0,8,0,0,0,0,3,1,6,2,54,8,1117,1,26,-1,-1,-1
201534NE00285,2,5,0,13,0,8,0,0,0,0,4,1,6,1,43,7,998,1,4,-1,1,-1
201534NE00505,1,9,0,18,0,0,0,0,0,0,1,1,6,1,26,6,-1,-1,-1,-1,1,-1
201534NE00505,2,9,0,18,0,0,0,0,0,0,1,1,2,2,25,5,-1,-1,-1,-1,1,-1
201534NE00505,3,9,0,18,0,0,0,0,0,0,3,1,2,1,23,5,-1,-1,-1,-1,1,-1
201534NE00915,1,9,0,9,0,8,0,0,0,0,1,1,6,2,25,5,1951,2,13,-1,2,-1
201534NE00915,2,1,0,18,0,8,0,0,0,0,1,1,6,1,43,7,-1,-1,-1,-1,1,-1
201534NE02805,1,10,0,18,0,8,0,0,0,0,3,1,6,1,-1,-1,-1,-1,-1,-1,-1,-1
201534NE03255,1,9,0,18,0,8,0,0,0,0,1,1,1,2,20,4,1242,1,4,-1,3,-1
201534NE03255,2,9,0,3,0,8,0,0,0,0,2,1,1,1,42,7,1995,2,1,-1,-1,-1
201534NE03255,3,3,0,18,0,8,0,0,7,0,3,1,6,2,18,4,124,1,13,-1,2,-1
201534NE03585,1,9,0,18,0,0,0,0,0,0,1,1,6,1,31,6,2179,2,6,-1,1,-1
201534NE03585,2,9,0,18,0,0,0,0,0,0,1,1,6,1,78,11,1582,2,6,-1,2,-1
201534NE03585,3,9,0,18,0,0,0,0,0,0,3,1,2,2,26,6,-1,-1,-1,-1,-1,-1
201534NE04185,1,9,0,15,0,8,0,0,0,0,4,1,6,1,-1,-1,-1,-1,-1,-1,1,-1
201534NE04185,2,9,0,18,0,8,0,0,0,0,4,1,6,2,65,9,1360,1,12,-1,1,-1
201534NE04195,1,5,0,3,0,8,0,0,0,0,1,1,6,2,54,8,745,1,4,-1,1,-1
201534NE04195,2,5,0,18,0,8,0,0,0,0,2,1,6,2,60,9,649,1,18,-1,1,-1
201534NE04645,1,9,0,18,0,0,0,0,0,0,1,1,6,2,46,8,1769,1,11,-1,1,-1
201534NE04645,2,9,0,18,0,0,0,0,0,0,1,1,6,1,19,4,1896,2,12,-1,1,-1
201534NE05015,1,9,0,14,0,0,0,0,0,0,4,1,3,2,37,7,1598,1,8,-1,2,-1
201534NE05475,1,20,0,18,0,0,0,0,0,0,1,1,1,1,42,7,-1,-1,-1,-1,1,-1
201534NE05475,2,20,0,3,0,0,0,0,0,0,2,1,1,1,54,8,-1,-1,-1,-1,2,-1
201534NE05475,3,9,0,3,0,0,0,0,0,0,2,1,2,2,32,6,1997,2,14,-1,2,-1
201534NE05475,4,9,0,3,0,0,0,0,0,0,3,1,2,2,33,6,1299,1,8,-1,2,-1
201534NE05895,1,9,0,6,0,0,0,0,1,11,1,1,6,1,30,6,1461,2,3,-1,1,-1
201534NE06015,1,9,0,18,0,0,0,0,0,0,1,1,1,2,35,6,1582,2,3,-1,3,-1
201534NE06015,2,10,0,3,0,0,0,0,0,0,2,1,1,1,39,7,-1,-1,-1,-1,1,-1
201534NE06175,1,9,0,7,0,8,0,0,0,0,3,1,6,2,24,5,1968,2,2,-1,3,-1
201534NE06175,2,1,0,18,0,8,0,0,0,0,4,1,6,1,47,8,-1,-1,-1,-1,3,-1
201534NE06215,1,9,0,18,0,8,0,0,0,0,1,1,6,2,-1,-1,1242,1,8,-1,-1,-1
201534NE06215,2,9,0,3,0,8,0,0,0,0,2,1,6,2,74,10,1598,1,12,-1,1,-1
201534NE06235,1,9,0,18,0,0,0,0,0,0,1,1,2,1,62,9,2184,2,-1,-1,1,-1
201534NE07105,1,9,0,14,0,0,0,0,0,0,4,1,6,1,43,7,1598,1,10,-1,2,-1
201534NE07255,1,9,0,1,0,0,0,0,0,0,4,1,6,2,22,5,1360,1,9,-1,2,-1
201534NE07255,2,9,0,18,0,0,1,0,0,0,1,1,6,1,53,8,-1,-1,-1,-1,2,-1
201534NE07285,1,9,0,18,0,8,0,0,0,0,1,1,6,2,78,11,1242,1,3,-1,2,-1
201534NE07285,2,9,0,2,0,8,0,0,1,11,3,1,6,3,-1,-1,1599,1,11,-1,-1,-1
201534NE07305,1,19,0,18,0,8,2,0,1,0,1,1,1,1,19,4,-1,-1,-1,-1,3,-1
201534NE07305,2,9,0,18,0,8,1,0,0,0,1,1,1,2,45,7,-1,-1,-1,-1,2,-1
201534NE07395,1,9,0,18,0,8,0,0,0,0,1,1,6,1,-1,-1,-1,-1,-1,-1,-1,-1
201534NE07395,2,9,0,3,0,8,0,0,0,0,2,1,2,1,33,6,1596,1,13,-1,1,-1
201534NE07455,1,9,0,18,0,8,0,0,0,0,1,1,3,2,30,6,1910,2,9,-1,1,-1
201534NE07455,2,9,0,10,0,8,0,0,0,0,2,1,1,1,52,8,2995,1,4,-1,3,-1
201534NE07455,3,9,0,10,0,8,0,0,0,0,2,1,6,1,60,9,1461,2,2,-1,-1,-1
201534NE07955,1,4,0,17,0,0,5,0,1,0,4,1,1,1,33,6,1170,1,5,-1,-1,-1
201534NE07965,1,9,0,18,0,0,0,0,0,0,1,1,6,2,-1,-1,1560,2,3,-1,-1,-1
201534NE07965,2,9,0,18,0,0,0,0,0,0,1,1,2,1,46,8,-1,-1,-1,-1,2,-1
201534NE08285,1,9,0,18,0,0,5,10,7,9,1,1,2,1,63,9,2143,2,6,-1,3,-1
201534NE08655,1,9,3,18,0,0,0,0,0,0,1,1,6,2,41,7,1997,2,17,-1,2,-1
201534NE08655,2,19,0,18,0,0,0,0,1,9,1,1,1,1,57,9,-1,-1,-1,-1,3,-1
201534NE08655,3,9,0,18,0,0,0,0,0,0,1,1,6,2,46,8,1598,2,6,-1,3,-1
201534NE08835,1,19,4,18,0,0,0,0,0,0,1,1,2,1,42,7,2496,2,17,-1,2,-1