Accident_Index,Vehicle_Reference,Vehicle_Type,Towing_and_Articulation,Vehicle_Manoeuvre,Vehicle_Location-Restricted_Lane,Junction_Location,Skidding_and_Overturning,Hit_Object_in_Carriageway,Vehicle_Leaving_Carriageway,Hit_Object_off_Carriageway,1st_Point_of_Impact,Was_Vehicle_Left_Hand_Drive?,Journey_Purpose_of_Driver,Sex_of_Driver,Age_of_Driver,Age_Band_of_Driver,Engine_Capacity_(CC),Propulsion_Code,Age_of_Vehicle,Driver_IMD_Decile,Driver_Home_Area_Type,Vehicle_IMD_Decile
201534NE08835,2,19,0,18,0,0,0,0,0,0,2,1,2,1,40,7,1998,2,9,-1,1,-1
201534NE08835,3,9,0,18,0,0,0,0,0,0,2,1,6,2,47,8,1339,1,12,-1,1,-1
201534NE10125,1,9,0,18,0,8,0,0,0,0,2,1,6,3,-1,-1,-1,-1,-1,-1,-1,-1
201534NE10125,2,1,0,18,0,8,0,0,0,0,2,1,6,1,16,4,-1,-1,-1,-1,1,-1
201534NE10475,1,9,0,15,0,0,0,0,0,0,1,1,6,1,85,11,1796,1,13,-1,-1,-1
201534NE10495,1,9,0,9,0,8,0,0,0,0,1,1,6,2,19,4,1199,1,15,-1,3,-1
201534NE10495,2,9,0,18,0,8,1,0,0,0,1,1,6,1,26,6,1994,1,12,-1,3,-1
201534NE10505,1,9,0,9,0,8,0,0,0,0,3,1,6,2,23,5,973,1,17,-1,3,-1
201534NE10505,2,9,0,7,0,8,0,0,0,0,0,1,6,2,-1,-1,1299,1,12,-1,-1,-1
201534NE10505,3,1,0,18,0,8,0,0,0,0,1,1,6,1,19,4,-1,-1,-1,-1,2,-1
201534NE10655,1,9,0,7,0,8,0,0,0,0,0,1,6,3,-1,-1,-1,-1,-1,-1,-1,-1
201534NE10655,2,3,0,18,0,8,5,0,0,0,0,1,2,1,18,4,-1,-1,-1,-1,1,-1
201534NE11335,1,9,0,18,0,0,2,0,2,11,1,1,6,2,19,4,998,1,5,-1,3,-1
201534NE11685,1,9,0,18,0,8,0,0,0,0,1,1,6,2,-1,-1,-1,-1,-1,-1,-1,-1
201534NE11685,2,8,0,2,0,8,0,0,0,0,1,1,1,1,28,6,1896,2,10,-1,1,-1
201534NE11705,1,9,0,18,0,0,0,0,0,0,4,1,6,1,-1,-1,-1,-1,-1,-1,-1,-1
201534NE12505,1,21,0,18,0,8,0,0,0,0,1,1,6,1,-1,-1,11705,2,7,-1,-1,-1
201534NE12505,2,9,0,10,0,8,0,0,0,0,2,1,6,1,21,5,1896,2,11,-1,3,-1
201534NE13015,1,9,0,18,0,0,0,0,0,0,1,1,6,2,50,8,1598,1,7,-1,2,-1
201534NE13435,1,9,0,16,0,0,5,0,7,9,1,1,6,1,24,5,1800,1,15,-1,1,-1
201534NE13825,1,9,0,10,0,8,0,0,0,0,2,1,6,2,38,7,1798,1,2,-1,2,-1
201534NE13825,2,9,0,18,0,8,0,0,0,0,1,1,2,1,23,5,1900,2,9,-1,1,-1
201534NE14265,1,9,0,18,0,0,0,0,0,0,1,1,1,1,57,9,-1,-1,-1,-1,1,-1
201534NE14265,2,21,1,18,0,0,0,0,0,0,1,1,1,1,43,7,12902,2,2,-1,-1,-1
201534NE15335,1,9,0,18,0,0,0,0,0,0,1,1,6,1,18,4,-1,-1,-1,-1,3,-1
201534NE15335,2,9,0,18,0,0,0,0,0,0,1,1,6,2,48,8,1497,1,10,-1,3,-1
201534NE15505,1,9,0,18,0,8,0,0,7,1,1,1,6,1,17,4,999,1,15,-1,1,-1
201534NE15505,2,9,0,18,0,8,0,0,0,0,1,1,3,2,54,8,2199,2,2,-1,3,-1
201534NE15595,1,9,0,5,0,0,0,0,0,0,3,1,6,2,55,8,2499,2,13,-1,-1,-1
201534NE15595,2,9,0,13,0,0,0,0,0,0,1,1,6,1,50,8,1988,2,10,-1,3,-1
201534NE16215,1,3,0,15,0,8,0,0,0,0,3,1,2,1,43,7,124,1,11,-1,2,-1
201534NE16225,1,9,0,13,0,0,0,0,0,0,3,1,2,2,37,7,1975,1,7,-1,1,-1
201534NE16225,2,9,0,18,0,0,0,0,0,0,1,1,2,1,34,6,1329,1,4,-1,2,-1
201534NE16225,3,19,0,18,0,0,0,0,0,0,3,1,2,1,45,7,2499,2,3,-1,3,-1
201534NE16345,1,9,0,13,0,0,5,0,0,0,1,1,6,1,24,5,1590,1,20,-1,1,-1
201534NE16345,2,20,0,18,0,0,0,0,0,0,2,1,1,1,37,7,9290,2,4,-1,3,-1
201534NE16345,3,9,0,18,0,0,0,0,0,0,1,1,6,1,60,9,1968,2,1,-1,2,-1
201534NE16425,1,8,0,18,0,0,0,0,0,0,1,1,6,1,-1,-1,-1,-1,-1,-1,-1,-1
201534NE16425,2,16,0,18,0,0,0,0,0,0,2,1,6,2,30,6,-1,-1,-1,-1,1,-1
201534NE16525,1,9,0,18,0,0,0,0,0,0,1,1,1,2,38,7,1598,2,-1,-1,1,-1
201534NE16525,2,19,0,3,0,0,0,0,0,0,2,1,1,1,51,8,1995,2,7,-1,1,-1
201534NE17015,1,9,0,9,0,8,0,0,0,0,3,1,6,2,36,7,1995,1,10,-1,1,-1
201534NE17015,2,1,0,18,0,8,0,0,0,0,1,1,6,1,35,6,-1,-1,-1,-1,1,-1
201534NE17195,1,19,0,18,0,8,0,0,0,0,3,1,6,1,30,6,1248,2,4,-1,-1,-1
201534NE17195,2,9,0,18,0,8,0,0,0,0,4,1,6,1,19,4,1596,1,10,-1,2,-1
201534NE17935,1,9,0,18,0,8,0,0,0,0,0,1,6,1,29,6,1349,1,6,-1,1,-1
201534NE17935,2,5,0,18,0,8,1,0,0,0,0,1,6,1,66,10,749,1,26,-1,1,-1
201534NE18085,1,9,0,18,0,8,0,0,0,0,3,1,6,2,-1,-1,-1,-1,-1,-1,-1,-1
201534NE18125,1,3,0,18,0,0,0,12,0,0,1,1,6,1,22,5,-1,-1,-1,-1,3,-1
201534NE18445,1,20,1,9,0,8,0,0,0,0,2,1,1,1,53,8,-1,-1,-1,-1,3,-1
201534NE18445,2,5,0,13,0,8,0,0,0,0,1,1,6,1,74,10,1000,1,12,-1,3,-1
201534NE18635,1,9,0,18,0,0,0,0,0,0,1,1,6,2,19,4,1248,2,8,-1,3,-1
201534NE18635,2,9,0,3,0,0,0,0,0,0,2,1,6,1,45,7,1992,2,7,-1,3,-1
201534NE18895,1,9,0,9,0,8,0,0,0,0,1,1,6,2,41,7,1870,2,5,-1,1,-1
201534NE18895,2,9,0,10,0,7,0,0,0,0,1,1,3,2,21,5,1686,2,1,-1,-1,-1
201534NE19335,1,3,0,18,0,8,2,0,0,0,1,1,6,1,20,4,125,1,2,-1,1,-1
201534NE19335,2,9,0,2,0,8,0,0,0,0,1,1,6,3,-1,-1,2494,1,15,-1,-1,-1
201534NE19355,1,19,0,18,0,0,1,0,0,0,1,1,2,1,30,6,2148,2,10,-1,1,-1
201534NE19355,2,9,3,7,0,0,0,0,0,0,2,1,6,1,46,8,1461,2,2,-1,3,-1
201534NE19355,3,9,0,18,0,0,0,0,0,0,1,1,1,2,28,6,1968,2,-1,-1,1,-1
201534NE19475,1,9,0,18,0,8,0,0,0,0,2,1,6,1,17,4,1596,1,7,-1,1,-1
201534NE19475,2,9,0,18,0,8,0,0,0,0,1,1,6,2,53,8,1596,1,3,-1,-1,-1
201534NE19935,1,9,0,13,0,0,0,0,0,0,1,1,1,1,44,7,1896,2,17,-1,-1,-1
201534NE19935,2,9,0,18,0,0,0,0,0,0,1,1,6,2,65,9,1910,2,7,-1,3,-1
201534NE19935,3,9,0,18,0,0,0,0,0,0,0,1,6,1,-1,-1,-1,-1,-1,-1,-1,-1
201534NE19935,4,21,0,18,0,0,0,0,0,0,0,1,6,3,-1,-1,-1,-1,-1,-1,-1,-1
201534NE20415,1,9,0,18,0,0,0,0,0,0,1,1,6,1,80,11,1898,1,14,-1,3,-1
201534NE20615,1,5,0,17,0,0,0,0,0,0,1,1,6,1,47,8,-1,-1,-1,-1,2,-1
201534NE20615,2,9,0,16,0,0,0,0,0,0,1,1,6,1,63,9,1968,2,8,-1,2,-1
201534NE20625,1,1,0,18,0,0,0,0,0,0,1,1,2,1,44,7,-1,-1,-1,-1,3,-1
201534NE20625,2,9,0,2,0,0,0,0,0,0,2,1,6,2,62,9,1149,1,7,-1,1,-1
201534NE20795,1,19,0,18,0,8,0,0,0,0,3,1,1,1,41,7,1560,2,5,-1,1,-1
201534NE20795,2,5,0,18,0,8,0,0,0,0,1,1,6,1,67,10,1101,1,32,-1,2,-1
201534NE20885,1,9,0,14,0,0,0,0,0,0,3,1,6,3,-1,-1,1596,1,12,-1,-1,-1
201534NE20885,2,9,0,14,0,0,0,0,0,0,3,1,2,2,45,7,1598,1,6,-1,2,-1
201534NE21395,1,9,0,17,0,0,0,0,7,9,1,1,6,1,73,10,2400,2,5,-1,3,-1
201534NE21395,2,9,0,16,0,0,0,0,1,9,1,1,6,2,26,6,1229,1,3,-1,3,-1
201534NE22225,1,5,0,16,0,0,0,0,7,9,1,1,6,1,36,7,1340,1,6,-1,-1,-1
201534NE22225,2,9,0,17,0,0,0,0,0,0,1,1,6,1,38,7,1364,1,7,-1,1,-1
201534NE22395,1,9,0,9,0,8,0,0,0,0,4,1,6,3,-1,-1,-1,-1,-1,-1,-1,-1
201534NE22455,1,9,0,18,0,8,0,0,0,0,3,1,6,1,80,11,1339,1,8,-1,-1,-1
201534NE22455,2,1,0,18,0,8,0,0,0,0,1,1,6,1,62,9,-1,-1,-1,-1,1,-1
201534NE22555,1,9,0,13,0,0,1,0,0,0,3,1,2,2,21,5,1598,1,12,-1,2,-1
201534NE22555,2,5,0,18,0,0,0,0,0,0,3,1,2,1,39,7,-1,-1,-1,-1,1,-1
201534NE22555,3,21,1,18,0,0,0,0,0,0,3,1,1,1,49,8,10518,2,3,-1,1,-1
201534NE22815,1,9,0,18,0,0,0,0,0,0,4,1,6,1,-1,-1,-1,-1,-1,-1,-1,-1
201534NE22975,1,9,0,9,0,8,0,0,0,0,3,1,6,3,-1,-1,-1,-1,-1,-1,-1,-1
201534NE22975,2,5,0,18,0,8,0,0,0,0,1,1,1,1,26,6,749,1,8,-1,2,-1
201534NE23205,1,9,0,12,0,0,0,0,0,0,4,1,6,1,-1,-1,-1,-1,-1,-1,-1,-1
201534NE23205,2,2,0,18,0,0,0,0,0,0,1,1,6,1,16,4,50,1,8,-1,-1,-1
201534NE23635,1,9,0,18,0,8,0,0,0,0,1,1,6,2,-1,-1,1598,1,13,-1,-1,-1
201534NE23635,2,1,0,18,0,8,0,0,0,0,1,1,6,1,20,4,-1,-1,-1,-1,1,-1
201534NE23715,1,9,0,16,0,0,0,0,0,0,1,1,6,2,20,4,1896,2,10,-1,3,-1
201534NE23715,2,9,0,17,0,0,0,0,0,0,1,1,6,2,42,7,1999,1,-1,-1,1,-1
201534NE23825,1,9,0,17,0,8,0,0,0,0,3,1,6,2,-1,-1,999,1,3,-1,-1,-1
201534NE23825,2,1,0,16,0,8,0,0,0,0,3,1,2,1,43,7,-1,-1,-1,-1,1,-1
201534NE24025,1,9,0,9,0,0,0,0,0,0,1,1,6,1,82,11,1199,1,11,-1,3,-1
201534NE24195,1,9,0,18,0,0,0,0,0,6,2,1,1,2,42,7,1685,2,1,-1,-1,-1
201534NE24195,2,19,0,18,0,0,0,0,0,0,1,1,1,1,49,8,-1,-1,-1,-1,2,-1
201534NE24305,1,9,0,11,0,0,0,0,0,0,4,1,6,3,-1,-1,3000,2,18,-1,-1,-1
201534NE24305,2,9,0,18,0,0,0,0,0,0,3,1,6,2,46,8,1598,1,5,-1,1,-1
201534NE24515,1,9,0,18,0,8,0,0,0,0,1,1,6,1,-1,-1,-1,-1,-1,-1,-1,-1
201534NE24515,2,3,0,18,0,8,0,0,0,0,1,1,6,1,20,4,124,1,21,-1,1,-1
201534NE24735,1,9,0,18,0,8,0,0,0,0,4,1,6,2,-1,-1,2295,1,12,-1,-1,-1
201534NE24835,1,9,0,7,0,8,0,0,0,0,4,1,6,1,-1,-1,1560,2,-1,-1,-1,-1
201534NE24835,2,1,0,18,0,8,0,0,0,0,4,1,1,1,47,8,-1,-1,-1,-1,1,-1
201534NE25735,1,9,0,18,0,8,0,0,0,0,3,1,6,1,81,11,1242,1,4,-1,1,-1
201534NE25735,2,1,0,18,0,8,0,0,0,0,1,1,2,1,54,8,-1,-1,-1,-1,1,-1
201534NE26325,1,9,0,18,0,8,0,0,0,0,1,1,6,1,26,6,1229,1,11,-1,1,-1
201534NE26325,2,9,0,18,0,8,0,0,0,0,1,1,6,2,54,8,2199,2,2,-1,3,-1
201534NE26355,1,9,0,9,0,8,0,0,0,0,1,1,6,2,38,7,1596,1,5,-1,1,-1
201534NE26355,2,19,0,18,0,8,0,0,0,0,1,1,6,1,64,9,2198,2,7,-1,-1,-1
201534NE26365,1,9,0,9,0,8,0,0,0,0,1,1,6,1,20,4,1124,1,15,-1,1,-1
201534NE26365,2,9,0,18,0,8,0,0,0,0,1,1,6,1,51,8,-1,-1,-1,-1,-1,-1
201534NE26485,1,17,0,18,0,0,0,0,0,0,2,1,1,1,54,8,-1,-1,-1,-1,2,-1
201534NE26485,2,9,0,18,0,0,0,0,0,0,1,1,6,2,59,9,1796,1,7,-1,1,-1
201534NE26755,1,9,0,1,0,8,0,0,0,0,2,1,6,1,32,6,1988,1,13,-1,1,-1
201534NE27165,1,9,0,7,0,8,0,0,0,0,4,1,6,3,-1,-1,-1,-1,-1,-1,-1,-1
201534NE27305,1,19,0,18,0,8,1,0,0,0,3,1,6,1,45,7,1968,2,1,-1,-1,-1
201534NE27305,2,9,0,18,0,8,0,0,7,0,1,1,6,1,64,9,-1,-1,-1,-1,2,-1
201534NE27655,1,9,0,18,0,0,5,0,1,0,1,1,6,2,30,6,1560,2,11,-1,3,-1
201534NE28185,1,9,0,9,0,8,0,0,0,0,1,1,6,1,-1,-1,2993,2,-1,-1,-1,-1
201534NE28185,2,9,0,18,0,8,0,0,0,0,3,1,6,1,-1,-1,1796,1,9,-1,-1,-1
201534NE28335,1,3,0,18,0,8,0,0,0,0,2,1,6,1,17,4,124,1,-1,-1,-1,-1
201534NE28335,2,9,0,2,0,8,0,0,0,0,2,1,6,2,-1,-1,1248,2,5,-1,-1,-1
201534NE28365,1,9,0,18,0,8,1,0,0,0,1,1,2,2,27,6,1397,1,7,-1,-1,-1
201534NE28365,2,9,0,18,0,8,1,0,0,0,2,1,2,2,52,8,1242,1,11,-1,1,-1
201534NE28705,1,9,0,16,0,0,0,0,0,0,1,1,6,2,24,5,1400,2,10,-1,3,-1
201534NE28705,2,9,0,17,0,0,0,0,0,0,1,1,6,1,65,9,-1,-1,-1,-1,-1,-1
201534NE29445,1,9,0,9,0,8,0,0,0,0,1,1,6,2,37,7,1299,1,11,-1,1,-1
201534NE29445,2,9,0,18,0,8,0,0,0,0,1,1,1,2,17,4,1242,1,10,-1,1,-1
201534NE29525,1,19,0,18,0,0,0,0,0,0,1,1,6,1,41,7,1995,2,4,-1,2,-1
201534NE29525,2,9,0,3,0,0,0,0,0,0,2,1,6,2,24,5,1360,1,6,-1,2,-1
201534NE29525,3,9,0,3,0,0,0,0,0,0,2,1,6,1,69,10,2143,2,4,-1,-1,-1
201534NE29525,4,9,0,3,0,0,0,0,0,0,2,1,6,1,59,9,1686,2,5,-1,1,-1
201534NE29905,1,9,0,18,0,8,0,0,0,0,1,1,6,2,-1,-1,1769,1,11,-1,-1,-1
201534NE29905,2,9,0,3,0,8,0,0,0,0,2,1,2,2,30,6,1398,1,3,-1,1,-1
201534NE30115,1,19,0,18,0,8,0,0,0,0,1,1,6,2,23,5,1868,2,9,-1,3,-1
201534NE30115,2,9,0,3,0,8,0,0,0,0,2,1,6,2,89,11,1331,1,20,-1,2,-1
201534NE30275,1,9,0,18,0,0,0,0,0,0,1,1,6,3,-1,-1,-1,-1,-1,-1,-1,-1
201534NE30275,2,9,0,3,0,0,0,0,0,0,2,1,3,2,44,7,1968,2,-1,-1,3,-1
201534NE30295,1,9,0,11,0,0,0,0,0,0,0,1,6,3,-1,-1,-1,-1,-1,-1,-1,-1
201534NE30295,2,9,0,18,0,0,5,0,1,9,0,1,6,1,65,9,1242,1,14,-1,2,-1
201534NE31275,1,19,0,3,0,0,0,0,0,0,2,1,2,1,23,5,1896,2,6,-1,2,-1
201534NE31275,2,9,0,18,0,0,0,0,0,0,1,1,6,1,18,4,1198,1,13,-1,1,-1
201534NE31275,3,9,0,18,0,0,0,0,0,0,1,1,6,2,27,6,1086,1,7,-1,1,-1
201534NE31275,4,9,0,11,0,0,0,0,0,0,1,1,2,1,45,7,1798,1,10,-1,3,-1
201534NE31275,5,21,0,18,0,0,0,0,0,0,3,1,6,3,-1,-1,-1,-1,-1,-1,-1,-1
201534NE31315,1,9,0,9,0,8,0,0,0,0,0,1,6,1,41,7,1198,1,6,-1,2,-1
201534NE31315,2,1,0,18,0,8,0,10,1,0,0,1,6,1,50,8,-1,-1,-1,-1,2,-1
201534NE31745,1,19,0,1,0,8,0,0,0,0,4,1,6,1,-1,-1,1560,2,3,-1,-1,-1
201534NE31765,1,9,0,3,0,8,0,0,0,0,4,1,6,3,-1,-1,-1,-1,-1,-1,-1,-1
201534NE33355,1,9,0,18,0,8,0,0,0,0,1,1,6,2,-1,-1,1796,1,7,-1,-1,-1
201534NE33355,2,9,0,4,0,8,0,0,0,0,2,1,1,1,32,6,-1,-1,-1,-1,1,-1
201534NE33355,3,9,0,3,0,8,0,0,0,0,2,1,6,1,-1,-1,2400,2,2,-1,-1,-1
201534NE33845,1,9,0,1,0,8,0,0,0,0,0,1,6,3,-1,-1,-1,-1,-1,-1,-1,-1
201534NE33855,1,9,0,18,0,8,0,0,0,0,1,1,6,1,40,7,2967,2,6,-1,1,-1
201534NE33855,2,9,0,10,0,8,0,0,0,0,2,1,2,2,50,8,1242,1,4,-1,2,-1
201534NE33865,1,9,0,18,0,8,0,0,0,0,1,1,6,2,22,5,1242,1,14,-1,1,-1
201534NE33865,2,9,0,3,0,8,0,0,0,0,2,1,6,1,63,9,1998,2,7,-1,3,-1
201534NE34125,1,9,4,18,0,8,2,0,1,0,1,1,6,1,67,10,1582,2,1,-1,3,-1
201534NE34135,1,9,0,18,0,0,2,10,7,0,1,1,2,1,34,6,-1,-1,-1,-1,1,-1
201534NE34165,1,9,0,18,0,8,5,10,7,3,1,1,6,1,26,6,2171,1,13,-1,2,-1
201534NE34185,1,9,0,18,0,0,0,12,7,4,1,1,6,1,25,5,1794,1,15,-1,-1,-1
201534NE34275,1,19,0,18,0,8,0,0,0,0,1,1,1,1,24,5,2143,2,1,-1,1,-1
201534NE34275,2,9,0,18,0,8,0,0,0,0,3,1,1,1,33,6,1968,2,5,-1,3,-1
201534NK00195,1,9,0,18,0,0,0,0,0,0,1,1,6,1,32,6,-1,-1,-1,-1,1,-1
201534NK00195,2,9,0,18,0,0,0,0,0,0,1,1,6,2,41,7,-1,-1,-1,-1,3,-1
201534NK00385,1,9,0,18,0,0,0,0,0,0,1,1,6,1,29,6,1900,2,16,-1,1,-1
201534NK00385,2,5,0,18,0,0,2,0,0,0,1,1,6,1,19,4,599,1,18,-1,1,-1
201534NK00795,1,9,0,7,0,8,0,0,0,0,3,1,6,2,-1,-1,1596,1,16,-1,-1,-1
201534NK00795,2,9,0,18,0,8,0,0,0,0,1,1,2,2,43,7,1796,1,4,-1,1,-1
201534NK00935,1,9,0,18,0,8,0,0,0,0,1,1,1,2,52,8,-1,-1,-1,-1,1,-1
201534NK00935,2,9,0,18,0,8,0,0,0,0,4,1,1,1,59,9,1598,1,15,-1,1,-1
201534NK01535,1,9,0,18,0,0,0,0,0,0,4,1,2,2,58,9,1398,1,1,-1,3,-1
201534NK02455,1,9,0,9,0,8,0,0,0,0,3,1,2,2,28,6,-1,-1,-1,-1,1,-1
201534NK02455,2,9,0,18,0,8,0,0,0,0,1,1,2,1,33,6,1560,2,5,-1,1,-1
201534NK02535,1,9,0,13,0,0,0,0,0,0,3,1,6,1,36,7,1595,1,19,-1,2,-1
201534NK02535,2,9,0,18,0,0,0,0,0,0,1,1,6,3,-1,-1,-1,-1,-1,-1,-1,-1
201534NK02815,1,9,0,18,0,8,0,0,0,0,3,1,2,1,46,8,1796,1,7,-1,1,-1
201534NK02815,2,9,0,18,0,8,0,0,0,0,1,1,1,1,46,8,1896,2,5,-1,1,-1
201534NK03235,1,9,0,18,0,0,0,0,0,0,1,1,6,1,-1,-1,-1,-1,-1,-1,-1,-1
201534NK03235,2,9,0,18,0,0,0,0,1,0,1,1,6,2,57,9,-1,-1,-1,-1,-1,-1
201534NK03395,1,9,0,9,0,8,0,0,0,0,3,1,6,2,39,7,1997,1,11,-1,1,-1
201534NK03395,2,9,0,18,0,8,0,0,0,0,1,1,6,1,49,8,-1,-1,-1,-1,1,-1
201534NK03445,1,11,0,3,0,0,0,0,0,0,0,1,1,1,53,8,-1,-1,-1,-1,1,-1
201534NK04165,1,11,0,2,0,0,0,0,0,0,4,1,1,1,64,9,3900,2,9,-1,1,-1
201534NK05685,1,9,0,3,0,0,0,0,0,0,2,1,2,2,54,8,1910,2,9,-1,3,-1
201534NK05685,2,9,0,18,0,0,0,0,0,0,1,1,6,1,59,9,1598,1,11,-1,1,-1
201534NK05695,1,9,0,18,0,0,0,0,0,0,4,1,2,1,45,7,1396,1,12,-1,2,-1
201534NK05695,2,1,0,18,0,0,0,0,0,0,3,1,6,1,54,8,-1,-1,-1,-1,2,-1
201534NK05865,1,19,0,18,0,0,0,0,0,0,4,1,1,1,39,7,2198,2,2,-1,-1,-1
201534NK06165,1,9,0,14,0,0,0,0,0,0,1,1,2,1,36,7,-1,-1,-1,-1,1,-1
201534NK06165,2,9,0,14,0,0,0,0,0,0,1,1,2,2,48,8,1198,1,4,-1,1,-1
201534NK06165,3,9,0,2,0,0,0,0,0,0,1,1,6,2,31,6,1995,2,10,-1,1,-1
201534NK06165,4,9,0,2,0,0,0,0,0,0,2,1,6,2,18,4,1198,1,12,-1,1,-1
201534NK06275,1,9,0,18,0,7,0,0,0,0,1,1,2,1,63,9,1598,1,1,-1,1,-1
201534NK06275,2,9,0,3,0,7,0,0,0,0,2,1,2,1,39,7,599,1,12,-1,1,-1
201534NK06415,1,9,0,18,0,8,0,0,0,0,1,1,6,1,-1,-1,-1,-1,-1,-1,-1,-1
201534NK06415,2,9,0,3,0,8,0,0,0,0,2,1,6,2,37,7,1242,1,5,-1,1,-1
201534NK06465,1,9,0,18,0,8,0,0,0,0,1,1,6,1,-1,-1,1390,1,7,-1,-1,-1
201534NK06465,2,9,0,3,0,8,0,0,0,0,2,1,1,2,40,7,1796,1,9,-1,1,-1
201534NK06785,1,9,0,18,0,0,0,0,0,0,1,1,2,2,31,6,-1,-1,-1,-1,1,-1
201534NK06785,2,9,0,3,0,0,0,0,0,0,2,1,6,1,-1,-1,998,1,1,-1,-1,-1
201534NK06975,1,9,0,18,0,0,0,0,0,0,3,1,6,1,-1,-1,-1,-1,-1,-1,-1,-1
201534NK06975,2,1,0,18,0,0,0,0,0,0,3,1,1,1,28,6,-1,-1,-1,-1,2,-1
201534NK07245,1,9,0,18,0,8,0,0,3,10,1,1,2,2,62,9,1598,7,11,-1,2,-1
201534NK07435,1,9,0,13,0,0,0,0,0,0,1,1,6,2,34,6,1360,1,14,-1,2,-1
201534NK07435,2,9,0,6,0,0,0,0,0,0,3,1,6,1,29,6,-1,-1,-1,-1,1,-1
201534NK07465,1,9,0,18,0,0,0,0,1,9,1,1,6,1,77,11,-1,-1,-1,-1,3,-1
201534NK07465,2,9,0,4,0,0,0,0,0,0,2,1,6,2,67,10,1499,1,-1,-1,3,-1
201534NK07475,1,9,0,18,0,8,0,0,0,0,4,1,2,1,34,6,-1,-1,-1,-1,-1,-1
201534NK07475,2,9,0,18,0,8,0,0,0,0,1,1,6,2,46,8,1242,1,3,-1,-1,-1
201534NK07925,1,9,0,18,0,8,0,0,0,0,1,1,6,2,34,6,1598,1,12,-1,1,-1
201534NK07925,2,9,0,18,0,8,0,0,0,0,2,1,6,1,23,5,-1,-1,-1,-1,1,-1
201534NK08055,1,9,0,18,0,0,0,0,0,0,3,1,6,3,-1,-1,-1,-1,-1,-1,-1,-1
201534NK08095,1,9,0,18,0,8,0,0,0,0,1,1,6,1,23,5,1905,2,18,-1,2,-1
201534NK08105,1,19,0,18,0,8,0,0,7,4,1,1,2,1,35,6,1870,2,9,-1,1,-1
201534NK08105,2,9,0,18,0,8,1,0,0,0,1,1,1,1,28,6,1968,2,4,-1,3,-1
201534NK08255,1,9,0,18,0,8,0,0,0,0,1,1,6,1,54,8,1995,2,8,-1,1,-1
201534NK08255,2,4,0,18,0,8,0,0,0,0,1,1,6,2,37,7,-1,-1,-1,-1,-1,-1
201534NK08915,1,9,0,18,0,8,0,9,7,0,1,1,6,1,76,11,1124,1,10,-1,2,-1
201534NK08935,1,19,0,18,0,0,0,0,0,0,3,1,2,1,22,5,1560,2,4,-1,3,-1
201534NK08985,1,9,0,9,0,8,0,0,0,0,3,1,6,2,34,6,1910,2,8,-1,1,-1
201534NK09585,1,9,0,13,0,0,1,0,0,0,3,1,6,2,26,6,-1,-1,-1,-1,-1,-1
201534NK09585,2,9,0,18,0,0,1,0,0,0,4,1,6,1,59,9,1997,2,10,-1,1,-1
201534NK09985,1,9,0,18,0,8,0,0,0,0,4,1,2,2,47,8,1242,1,14,-1,1,-1
201534NK10115,1,9,0,13,0,0,0,0,0,0,4,1,6,3,-1,-1,-1,-1,-1,-1,-1,-1
201534NK10115,2,1,0,14,0,0,0,0,0,0,3,1,6,1,33,6,-1,-1,-1,-1,-1,-1
201534NK10115,3,9,0,2,0,0,0,0,0,0,3,1,6,3,-1,-1,-1,-1,-1,-1,-1,-1
201534NK10205,1,9,0,1,0,8,0,0,0,0,2,1,6,1,33,6,2993,2,11,-1,1,-1
201534NK10215,1,9,0,9,0,8,0,0,0,0,3,1,6,2,36,7,2351,1,12,-1,-1,-1
201534NK10215,2,9,0,18,0,8,0,0,0,0,1,1,6,2,-1,-1,1364,2,9,-1,1,-1
201534NK10285,1,90,0,18,0,8,0,0,0,0,1,1,6,1,38,7,-1,-1,-1,-1,-1,-1
201534NK10635,1,9,0,18,0,8,0,0,0,0,1,1,2,1,63,9,2143,2,2,-1,2,-1
201534NK10755,1,9,0,18,0,8,0,0,0,0,1,1,6,2,-1,-1,-1,-1,-1,-1,-1,-1
201534NK10755,2,1,0,18,0,8,0,0,0,0,2,1,2,2,33,6,-1,-1,-1,-1,1,-1
201534NK10765,1,9,0,17,0,8,0,0,0,0,1,1,6,2,31,6,1390,1,11,-1,1,-1
201534NK10765,2,19,5,18,0,8,0,0,0,0,2,1,6,1,27,6,2198,2,4,-1,1,-1
201534NK11675,1,2,0,14,0,8,0,0,0,0,0,1,2,1,16,4,49,1,14,-1,1,-1
201534NK11675,2,9,0,9,0,8,0,0,0,0,1,1,6,2,77,11,1240,1,8,-1,-1,-1
201534NK11995,1,9,0,18,0,8,0,0,0,0,4,1,6,3,-1,-1,-1,-1,-1,-1,-1,-1
201534NK12315,1,9,0,13,0,8,2,0,1,4,1,1,6,1,25,5,-1,-1,-1,-1,1,-1
201534NK12315,2,9,0,18,0,8,0,0,0,0,0,1,6,1,44,7,1199,1,1,-1,1,-1
201534NK12325,1,9,0,9,0,8,0,0,0,0,1,1,2,2,25,5,1598,1,2,-1,1,-1
201534NK12705,1,9,0,18,0,8,0,0,0,0,4,1,6,1,-1,-1,1586,1,12,-1,-1,-1
201534NK12855,1,19,0,7,0,8,0,0,0,0,1,1,1,1,25,5,2198,2,2,-1,2,-1
201534NK12855,2,9,0,18,0,8,0,0,0,0,4,1,6,2,67,10,-1,-1,-1,-1,3,-1
201534NK13005,1,9,0,18,0,0,0,0,0,0,3,1,6,1,21,5,-1,-1,-1,-1,1,-1
201534NK13065,1,9,0,18,0,8,0,0,0,0,1,1,6,2,55,8,1956,2,6,-1,1,-1
201534NK13065,2,9,0,3,0,8,0,0,0,0,2,1,1,1,54,8,1598,2,3,-1,2,-1