Accident_Index,Vehicle_Reference,Vehicle_Type,Towing_and_Articulation,Vehicle_Manoeuvre,Vehicle_Location-Restricted_Lane,Junction_Location,Skidding_and_Overturning,Hit_Object_in_Carriageway,Vehicle_Leaving_Carriageway,Hit_Object_off_Carriageway,1st_Point_of_Impact,Was_Vehicle_Left_Hand_Drive?,Journey_Purpose_of_Driver,Sex_of_Driver,Age_of_Driver,Age_Band_of_Driver,Engine_Capacity_(CC),Propulsion_Code,Age_of_Vehicle,Driver_IMD_Decile,Driver_Home_Area_Type,Vehicle_IMD_Decile
201534NK13065,3,9,0,10,0,8,0,0,0,0,2,1,2,1,21,5,1149,1,14,-1,2,-1
201534NK13365,1,9,0,18,0,8,0,0,0,0,3,1,6,2,-1,-1,-1,-1,-1,-1,-1,-1
201534NK13705,1,9,0,18,0,8,0,0,0,0,1,1,6,2,37,7,1598,1,15,-1,1,-1
201534NK13705,2,9,0,18,0,8,0,0,0,0,4,1,2,2,22,5,998,1,9,-1,2,-1
201534NK14005,1,5,0,18,0,8,0,0,0,0,3,1,6,1,46,8,1052,1,20,-1,1,-1
201534NK14025,1,9,0,18,0,8,0,0,0,0,1,1,6,2,66,10,1198,1,1,-1,1,-1
201534NK14025,2,9,0,11,0,8,0,0,0,0,1,1,6,1,63,9,1984,1,4,-1,1,-1
201534NK14045,1,9,0,9,0,8,0,0,0,0,1,1,6,2,34,6,1991,2,8,-1,1,-1
201534NK14045,2,9,0,18,0,8,0,0,0,0,1,1,6,2,43,7,1560,2,1,-1,-1,-1
201534NK14055,1,9,0,7,0,8,0,0,0,0,1,1,6,2,52,8,2198,1,10,-1,2,-1
201534NK14055,2,9,0,18,0,8,0,0,0,0,4,1,3,1,43,7,1997,2,7,-1,1,-1
201534NK14075,1,9,0,18,0,0,1,0,0,0,1,1,6,1,19,4,1199,1,14,-1,2,-1
201534NK14075,2,9,0,3,0,0,0,0,0,0,2,1,1,2,54,8,1198,1,3,-1,1,-1
201534NK14295,1,9,0,18,0,0,5,0,1,0,1,1,2,1,45,7,1149,1,12,-1,2,-1
201534NK14295,2,9,0,3,0,0,0,0,0,0,2,1,6,1,71,10,1499,1,-1,-1,2,-1
201534NK14945,1,3,0,18,0,8,5,0,0,0,1,1,6,1,19,4,-1,-1,-1,-1,1,-1
201534NK14945,2,9,0,9,0,8,0,0,0,0,3,1,6,1,72,10,1149,1,9,-1,1,-1
201534NK14985,1,9,0,18,0,7,0,0,0,0,3,1,6,2,34,6,1590,1,1,-1,1,-1
201534NK14985,2,1,0,18,0,8,0,0,0,0,2,1,6,1,51,8,-1,-1,-1,-1,3,-1
201534NK15385,1,9,0,18,0,0,0,0,0,0,4,1,6,1,28,6,1229,1,10,-1,-1,-1
201534NK15385,2,9,0,2,0,0,0,0,0,0,3,1,6,1,66,10,1968,2,1,-1,2,-1
201534NK15755,1,9,0,18,0,0,0,0,0,0,1,1,2,1,51,8,3165,1,16,-1,1,-1
201534NK15905,1,9,0,18,0,8,0,0,0,0,1,1,6,1,33,6,1587,1,13,-1,-1,-1
201534NK15905,2,9,0,2,0,8,0,0,0,0,3,1,6,3,-1,-1,1995,2,4,-1,-1,-1
201534NK15905,3,9,0,2,0,8,0,0,0,0,2,1,6,3,-1,-1,1596,1,8,-1,-1,-1
201534NK15905,4,9,0,2,0,8,0,0,0,0,3,1,6,3,-1,-1,1598,2,1,-1,-1,-1
201534NK15985,1,9,0,18,0,7,0,0,0,0,1,1,6,1,-1,-1,1560,2,9,-1,-1,-1
201534NK15985,2,9,0,18,0,8,0,0,0,0,1,1,6,2,27,6,1598,1,13,-1,1,-1
201534NK16235,1,9,0,16,0,0,0,0,1,9,1,1,6,1,32,6,1360,1,11,-1,1,-1
201534NK16825,1,9,0,10,0,8,0,0,0,0,3,1,1,1,37,7,1968,2,4,-1,-1,-1
201534NK16825,2,9,0,7,0,8,0,0,0,0,1,1,1,1,24,5,1560,2,-1,-1,1,-1
201534NK17225,1,9,0,7,0,8,0,0,0,0,4,1,6,2,37,7,1997,2,6,-1,1,-1
201534NK17225,2,1,0,18,0,8,0,0,0,0,1,1,6,1,47,8,-1,-1,-1,-1,1,-1
201534NK17275,1,9,0,18,0,0,5,0,7,0,3,1,6,1,35,6,1248,2,11,-1,3,-1
201534NK17395,1,9,0,9,0,8,0,0,0,0,3,1,6,1,32,6,1998,1,12,-1,1,-1
201534NK17395,2,9,0,18,0,8,0,0,0,0,1,1,6,1,88,11,1198,1,12,-1,1,-1
201534NK17415,1,2,0,9,0,8,0,0,0,0,1,1,6,1,17,4,49,1,1,-1,-1,-1
201534NK17695,1,9,0,13,0,8,0,0,0,0,4,1,6,3,-1,-1,1388,1,6,-1,-1,-1
201534NK17695,2,19,0,9,0,8,0,0,0,0,3,1,1,1,32,6,2299,2,2,-1,1,-1
201534NK18095,1,9,0,18,0,8,0,0,0,0,3,1,6,2,41,7,1998,2,3,-1,1,-1
201534NK18095,2,1,0,18,0,8,0,0,0,0,1,1,6,1,26,6,-1,-1,-1,-1,3,-1
201534NK18115,1,9,0,16,0,0,1,0,7,0,1,1,6,1,16,4,998,1,5,-1,1,-1
201534NK18255,1,9,0,18,0,0,0,0,0,0,1,1,6,3,-1,-1,-1,-1,-1,-1,-1,-1
201534NK18255,2,5,0,18,0,0,0,0,0,0,2,1,6,1,48,8,955,1,11,-1,3,-1
201534NK18265,1,9,0,18,0,0,1,0,1,0,1,1,6,1,50,8,1596,1,14,-1,1,-1
201534NK18645,1,9,0,16,0,0,1,0,7,9,1,1,6,2,69,10,1242,1,12,-1,1,-1
201534NK18705,1,19,0,18,0,8,0,0,7,9,2,1,6,1,46,8,2143,2,4,-1,1,-1
201534NK18705,2,9,0,18,0,8,0,0,0,0,1,1,6,2,51,8,1560,2,3,-1,2,-1
201534NK18715,1,9,0,18,0,8,0,0,0,0,1,1,6,2,23,5,998,1,11,-1,1,-1
201534NK18715,2,9,0,18,0,8,0,0,0,0,1,1,6,1,26,6,-1,-1,-1,-1,1,-1
201534NK18925,1,9,0,18,0,0,0,0,1,4,1,1,1,1,24,5,-1,-1,-1,-1,-1,-1
201534NK19315,1,9,0,18,0,8,0,0,0,0,1,1,6,3,-1,-1,-1,-1,-1,-1,-1,-1
201534NK19315,2,5,0,18,0,8,0,0,0,0,1,1,6,1,25,5,1000,1,7,-1,1,-1
201534NK19365,1,9,0,18,0,0,0,0,0,0,1,1,6,1,31,6,1753,2,11,-1,1,-1
201534NK19365,2,9,0,18,0,0,0,0,0,0,1,1,6,1,23,5,1061,1,10,-1,-1,-1
201534NK19375,1,9,0,18,0,0,0,0,0,0,1,1,2,1,38,7,1896,2,13,-1,3,-1
201534NK19635,1,9,0,18,0,8,0,0,0,0,1,1,2,1,21,5,1390,1,10,-1,1,-1
201534NK20055,1,9,0,18,0,8,0,0,0,0,1,1,6,2,-1,-1,1796,2,1,-1,-1,-1
201534NK20055,2,9,0,18,0,8,0,0,0,0,2,1,6,1,20,4,1242,1,9,-1,1,-1
201534NK20065,1,9,0,7,0,8,0,0,0,0,1,1,6,1,20,4,1299,1,14,-1,1,-1
201534NK20065,2,9,0,2,0,8,0,0,0,0,4,1,6,2,49,8,1769,1,13,-1,-1,-1
201534NK21015,1,9,0,9,0,8,0,0,0,5,1,1,6,1,27,6,1870,2,11,-1,1,-1
201534NK21145,1,3,0,16,0,0,0,0,0,0,3,1,6,1,19,4,125,1,-1,-1,1,-1
201534NK21145,2,9,0,17,0,0,0,0,0,0,3,1,6,2,71,10,1149,1,4,-1,3,-1
201534NK21205,1,9,0,18,0,0,0,0,0,0,4,1,6,2,42,7,1686,2,5,-1,-1,-1
201534NK21205,2,3,0,18,0,0,0,0,0,0,1,1,6,1,34,6,125,1,1,-1,1,-1
201534NK21405,1,19,0,9,0,8,0,0,0,0,1,1,6,1,52,8,1868,2,9,-1,1,-1
201534NK21405,2,9,0,18,0,8,0,0,0,0,3,1,6,1,18,4,1229,1,11,-1,1,-1
201534NK21475,1,9,0,9,0,8,0,0,0,0,4,1,6,3,-1,-1,-1,-1,-1,-1,-1,-1
201534NK21475,2,1,0,18,0,8,0,0,0,0,1,1,6,1,40,7,-1,-1,-1,-1,1,-1
201534NK21675,1,19,0,18,0,8,0,0,0,0,4,1,1,1,23,5,2299,2,2,-1,2,-1
201534NK22055,1,9,0,18,0,0,0,0,0,0,1,1,6,2,28,6,1995,2,9,-1,1,-1
201534NK22065,1,9,0,9,0,8,0,0,0,0,1,1,6,1,57,9,1560,2,-1,-1,1,-1
201534NK22065,2,1,0,18,0,8,0,0,0,0,1,1,6,1,20,4,-1,-1,-1,-1,1,-1
201534NK22325,1,9,0,18,0,8,0,0,0,0,1,1,6,1,42,7,1398,1,15,-1,-1,-1
201534NK22325,2,1,0,18,0,8,0,0,0,0,4,1,6,1,20,4,-1,-1,-1,-1,-1,-1
201534NK22415,1,3,0,18,0,8,0,0,0,0,1,1,2,1,37,7,125,1,-1,-1,1,-1
201534NK22415,2,19,0,3,0,8,0,0,0,0,2,1,1,2,48,8,-1,-1,-1,-1,-1,-1
201534NK22565,1,1,0,18,0,8,0,0,0,0,2,1,6,1,54,8,-1,-1,-1,-1,-1,-1
201534NK22565,2,9,0,18,0,8,0,0,0,0,1,1,6,1,67,10,1399,2,7,-1,1,-1
201534NK22575,1,9,0,18,0,8,0,0,0,0,1,1,1,2,44,7,-1,-1,-1,-1,1,-1
201534NK22575,2,9,0,18,0,8,0,0,0,0,1,1,1,2,57,9,1398,1,1,-1,1,-1
201534NK22715,1,9,0,18,0,8,0,0,0,0,3,1,6,2,36,7,2967,2,8,-1,1,-1
201534NK22715,2,9,0,18,0,8,0,0,0,0,1,1,6,1,35,6,-1,-1,-1,-1,1,-1
201534NK22795,1,9,0,18,0,8,0,0,1,11,1,1,6,1,18,4,1388,1,10,-1,1,-1
201534NK22795,2,9,0,18,0,8,5,0,0,0,4,1,6,1,62,9,1596,1,5,-1,3,-1
201534NK22805,1,9,0,14,0,8,0,0,0,0,4,1,6,1,-1,-1,-1,-1,-1,-1,-1,-1
201534NK22865,1,9,0,18,0,8,0,0,0,0,1,1,6,2,-1,-1,1997,2,12,-1,-1,-1
201534NK22865,2,9,0,3,0,8,0,0,0,0,2,1,6,2,24,5,1596,1,15,-1,1,-1
201534NK22875,1,9,0,9,0,8,0,0,0,0,3,1,1,1,50,8,1794,1,13,-1,1,-1
201534NK22875,2,5,0,18,0,8,0,0,0,0,1,1,6,1,50,8,892,1,17,-1,-1,-1
201534NK22995,1,9,0,18,0,0,0,0,0,0,1,1,1,2,23,5,1995,2,10,-1,1,-1
201534NK22995,2,9,0,3,0,0,0,0,0,0,2,1,6,2,82,11,1796,1,12,-1,1,-1
201534NK23025,1,9,0,14,0,8,0,0,0,0,1,1,2,2,32,6,1399,2,12,-1,-1,-1
201534NK23025,2,9,0,18,0,8,0,0,0,0,1,1,6,2,42,7,1995,1,19,-1,1,-1
201534NK23705,1,9,0,12,0,8,0,0,0,0,3,1,6,1,-1,-1,-1,-1,-1,-1,-1,-1
201534NK23705,2,9,0,18,0,8,0,0,0,0,4,1,6,1,22,5,1124,1,13,-1,2,-1
201534NK23735,1,9,0,17,0,0,0,0,0,0,1,1,6,1,44,7,999,1,-1,-1,1,-1
201534NK23735,2,9,0,3,0,0,0,0,0,0,2,1,6,1,57,9,-1,-1,-1,-1,1,-1
201534NK23745,1,9,0,18,0,8,0,0,1,0,1,1,3,2,46,8,1796,1,7,-1,1,-1
201534NK23745,2,9,0,18,0,8,0,0,1,11,1,1,3,2,44,7,1998,1,8,-1,1,-1
201534NK23745,3,9,0,2,0,8,0,0,0,0,1,1,6,1,56,9,1896,2,8,-1,1,-1
201534NK23895,1,9,0,18,0,0,0,0,0,0,1,1,2,1,21,5,1149,1,15,-1,1,-1
201534NK23895,2,9,0,14,0,0,0,0,0,0,2,1,3,2,60,9,1997,2,3,-1,1,-1
201534NK23895,3,9,0,14,0,0,0,0,0,0,2,1,6,1,63,9,1800,1,16,-1,2,-1
201534NK23895,4,9,0,18,0,0,0,0,0,0,0,1,6,3,-1,-1,1968,2,-1,-1,-1,-1
201534NK23935,1,9,0,14,0,8,0,0,0,0,1,1,6,1,25,5,1956,2,6,-1,1,-1
201534NK23935,2,9,0,18,0,8,0,0,0,0,1,1,6,2,-1,-1,1991,2,11,-1,-1,-1
201534NK24185,1,9,0,18,0,0,0,0,0,0,2,1,6,1,34,6,2204,2,8,-1,1,-1
201534NK24185,2,9,0,18,0,0,0,0,0,0,1,1,1,2,46,8,1248,1,5,-1,-1,-1
201534NK24335,1,2,0,18,0,8,0,0,0,0,1,1,2,1,20,4,-1,-1,-1,-1,1,-1
201534NK24335,2,9,0,3,0,8,0,0,0,0,2,1,6,1,90,11,1397,1,4,-1,1,-1
201534NK24715,1,9,0,18,0,8,0,0,0,0,1,1,6,2,27,6,1390,1,11,-1,1,-1
201534NK24755,1,9,0,18,0,8,0,0,0,0,1,1,6,1,46,8,1598,1,2,-1,1,-1
201534NK25005,1,19,0,18,0,8,0,0,0,0,1,1,1,1,36,7,1968,2,-1,-1,3,-1
201534NK25005,2,9,0,18,0,8,0,0,0,0,1,1,2,1,52,8,1794,1,12,-1,3,-1
201534NK25295,1,9,0,18,0,8,0,0,0,0,1,1,6,2,-1,-1,-1,-1,-1,-1,-1,-1
201534NK25295,2,9,0,18,0,8,0,0,0,0,4,1,6,2,32,6,1598,1,8,-1,1,-1
201534NK26095,1,9,0,18,0,8,0,0,0,0,4,1,6,3,-1,-1,-1,-1,-1,-1,-1,-1
201534NK26455,1,9,0,17,0,0,2,0,7,11,1,1,1,1,18,4,1390,1,12,-1,2,-1
201534NK26535,1,21,1,18,0,0,1,0,0,0,1,1,1,1,31,6,12740,2,2,-1,2,-1
201534NK26535,2,9,0,3,0,0,0,0,0,0,2,1,1,1,44,7,-1,-1,-1,-1,-1,-1
201534NK26535,3,9,0,3,0,0,0,0,0,0,2,1,1,2,45,7,-1,-1,-1,-1,1,-1
201534NK26535,4,9,0,3,0,0,0,0,0,0,2,1,6,2,37,7,1686,2,10,-1,-1,-1
201534NK26745,1,9,0,7,0,8,0,0,0,0,1,1,6,2,-1,-1,1299,1,7,-1,-1,-1
201534NK26745,2,2,0,18,0,8,0,0,0,0,1,1,6,1,16,4,49,1,-1,-1,3,-1
201534NK27315,1,9,0,17,0,0,1,0,2,7,1,1,6,2,49,8,1598,1,13,-1,1,-1
201534NK27365,1,9,0,18,0,0,0,0,0,0,1,1,6,2,50,8,1597,2,1,-1,3,-1
201534NK27365,2,9,0,3,0,0,0,0,0,0,2,1,2,2,54,8,1685,2,3,-1,1,-1
201534NK27365,3,9,0,3,0,0,0,0,0,0,2,1,2,2,29,6,1242,1,7,-1,1,-1
201534NK28205,1,9,0,18,0,8,0,0,0,0,3,1,6,1,-1,-1,-1,-1,-1,-1,-1,-1
201534NK28585,1,19,0,18,0,0,0,0,0,0,1,1,6,1,44,7,-1,-1,-1,-1,1,-1
201534NK28585,2,9,0,3,0,0,0,0,0,0,2,1,6,2,77,11,-1,-1,-1,-1,1,-1
201534NK28585,3,9,0,3,0,0,0,0,0,0,2,1,6,1,70,10,2199,2,4,-1,2,-1
201534NK28915,1,9,0,18,0,8,0,0,0,0,1,1,6,3,-1,-1,2171,1,14,-1,-1,-1
201534NK28915,2,9,0,18,0,8,0,0,0,0,4,1,6,1,46,8,2993,2,1,-1,3,-1
201534NK29165,1,21,0,18,0,0,0,0,0,0,3,1,6,3,-1,-1,-1,-1,-1,-1,-1,-1
201534NK29255,1,9,0,18,0,0,5,0,1,10,1,1,6,2,18,4,1199,1,16,-1,1,-1
201534NK30125,1,9,0,18,0,8,0,0,0,0,3,1,6,1,-1,-1,2191,2,-1,-1,-1,-1
201534NK30125,2,1,0,18,0,8,0,0,0,0,3,1,6,1,31,6,-1,-1,-1,-1,-1,-1
201534NK30445,1,9,0,18,0,8,0,0,0,0,1,1,6,3,-1,-1,-1,-1,-1,-1,-1,-1
201534NK30445,2,9,0,18,0,8,0,0,0,0,3,1,6,1,33,6,1598,1,8,-1,1,-1
201534NK30795,1,21,1,18,0,0,5,0,7,7,1,1,1,1,57,9,6692,2,5,-1,-1,-1
201534NK30825,1,9,0,18,0,8,0,0,0,0,1,1,6,1,24,5,1242,1,2,-1,1,-1
201534NK30825,2,3,0,18,0,8,0,0,0,0,1,1,6,1,50,8,123,1,-1,-1,1,-1
201534NK30935,1,19,0,18,0,8,0,0,0,0,1,1,1,1,34,6,1968,2,3,-1,-1,-1
201534NK30935,2,21,0,18,0,8,0,0,0,0,2,1,6,1,-1,-1,12740,2,-1,-1,-1,-1
201534NK31015,1,9,0,18,0,8,0,0,0,0,1,1,6,2,-1,-1,1199,1,14,-1,-1,-1
201534NK31015,2,9,0,18,0,8,0,0,0,0,4,1,2,2,34,6,1242,1,3,-1,1,-1
201534NK31045,1,9,0,18,0,8,0,0,0,0,1,1,6,1,34,6,1796,1,15,-1,-1,-1
201534NK31045,2,19,0,3,0,8,0,0,0,0,2,1,6,1,56,9,2402,2,12,-1,-1,-1
201534NK31045,3,9,0,3,0,8,0,0,0,0,2,1,6,1,41,7,1956,2,5,-1,-1,-1
201534NK31045,4,9,0,3,0,8,0,0,0,0,2,1,6,1,41,7,1998,2,7,-1,2,-1
201534NK31575,1,9,0,18,0,8,0,0,0,0,4,1,6,3,-1,-1,-1,-1,-1,-1,-1,-1
201534NK31655,1,9,0,18,0,8,0,0,0,0,1,1,6,1,-1,-1,998,1,1,-1,-1,-1
201534NK31655,2,9,0,2,0,8,0,0,0,0,2,1,6,2,31,6,1388,1,12,-1,-1,-1
201534NK31675,1,9,0,18,0,8,1,0,0,0,1,1,6,1,49,8,1598,1,18,-1,1,-1
201534NK31675,2,1,0,12,0,8,0,0,0,0,3,1,1,1,15,3,-1,-1,-1,-1,1,-1
201534NK32045,1,9,0,18,0,8,0,0,0,0,1,1,6,3,-1,-1,-1,-1,-1,-1,-1,-1
201534NK32045,2,9,0,18,0,8,0,0,0,0,2,1,2,2,39,7,1796,1,4,-1,1,-1
201534NK32195,1,9,0,18,0,8,0,0,0,0,1,1,6,2,36,7,1998,1,8,-1,1,-1
201534NK32195,2,9,0,18,0,8,0,0,0,0,1,1,6,2,50,8,1242,1,7,-1,-1,-1
201534NK32205,1,9,0,18,0,8,1,0,0,1,1,1,6,2,24,5,1388,1,10,-1,1,-1
201534NK32545,1,21,0,18,0,8,0,0,0,0,1,1,1,1,32,6,12740,2,5,-1,-1,-1
201534NK32545,2,9,0,3,0,8,0,0,0,0,2,1,1,1,28,6,1198,1,8,-1,1,-1
201534NK32775,1,9,0,9,0,8,0,0,0,0,3,1,6,1,-1,-1,-1,-1,-1,-1,-1,-1
201534NK32775,2,9,0,18,0,8,0,0,0,0,1,1,6,2,46,8,2996,1,10,-1,1,-1
201534NK32795,1,9,0,18,0,8,5,0,0,0,1,1,2,1,21,5,1598,1,7,-1,2,-1
201534NK32875,1,9,0,18,0,8,0,0,0,0,1,1,6,1,-1,-1,-1,-1,-1,-1,-1,-1
201534NK32875,2,9,0,3,0,8,0,0,0,0,2,1,6,2,58,9,1398,1,4,-1,1,-1
201534NK33065,1,21,1,11,0,0,0,0,0,0,1,1,6,1,-1,-1,12900,2,8,-1,-1,-1
201534NK33065,2,9,0,18,0,0,0,0,0,0,0,1,6,1,31,6,899,1,1,-1,1,-1
201534NK33565,1,9,0,11,0,0,0,0,0,0,1,1,2,2,20,4,999,1,3,-1,-1,-1
201534NK33565,2,9,0,18,0,0,0,0,0,0,1,1,6,2,18,4,1242,1,7,-1,-1,-1
201534NK33565,3,9,0,18,0,0,0,0,0,0,2,1,6,1,-1,-1,1229,1,4,-1,-1,-1
201534NK33565,4,9,0,18,0,0,0,0,0,0,2,1,6,1,35,6,1560,2,2,-1,2,-1
201534NK34255,1,9,0,9,0,8,0,0,0,0,3,1,1,2,34,6,1596,1,3,-1,3,-1
201534NK34255,2,3,0,18,0,8,0,0,0,0,1,1,6,1,21,5,125,1,-1,-1,1,-1
201534NW00885,1,9,0,18,0,8,0,0,0,0,1,1,6,2,25,5,1149,1,7,-1,1,-1
201534NW00885,2,9,0,18,0,8,0,0,0,0,1,1,1,1,63,9,2765,2,13,-1,-1,-1
201534NW01195,1,9,0,18,0,8,0,0,0,0,1,1,6,1,23,5,1596,1,14,-1,1,-1
201534NW01455,1,9,0,14,0,0,0,0,0,0,1,1,3,1,30,6,1796,1,8,-1,1,-1
201534NW01515,1,9,0,5,0,8,0,0,0,0,1,1,6,1,28,6,1598,1,13,-1,2,-1
201534NW01515,2,2,0,14,0,8,0,0,0,0,1,1,6,1,17,4,100,1,15,-1,2,-1
201534NW01815,1,9,0,9,0,8,0,0,0,0,1,1,2,2,54,8,2401,2,6,-1,-1,-1
201534NW01925,1,9,0,18,0,0,0,0,0,0,1,1,6,1,51,8,1595,1,20,-1,1,-1
201534NW01925,2,9,0,2,0,0,0,0,0,0,2,1,6,2,64,9,2993,2,11,-1,-1,-1
201534NW02005,1,9,0,18,0,0,0,0,0,0,1,1,2,1,50,8,1968,2,4,-1,1,-1
201534NW02005,2,9,0,3,0,0,0,0,0,0,2,1,2,2,28,6,1968,2,3,-1,1,-1
201534NW02015,1,19,0,6,0,0,0,0,0,0,3,1,1,1,60,9,1248,2,2,-1,-1,-1
201534NW02015,2,21,0,18,0,0,0,0,0,0,1,1,1,1,50,8,11705,2,8,-1,1,-1
201534NW02405,1,19,0,18,0,0,0,0,0,0,1,1,1,1,26,6,-1,-1,-1,-1,-1,-1
201534NW02405,2,9,0,3,0,0,0,0,0,0,2,1,2,1,52,8,-1,-1,-1,-1,2,-1
201534NW02405,3,9,0,3,0,0,0,0,0,0,2,1,6,1,53,8,1596,1,2,-1,2,-1
201534NW02405,4,9,0,3,0,0,0,0,0,0,0,1,2,1,47,8,875,1,1,-1,2,-1
201534NW02405,5,9,0,4,0,0,0,0,0,0,2,1,6,2,30,6,-1,-1,-1,-1,2,-1
201534NW02405,6,9,0,3,0,0,0,0,0,0,2,1,6,2,28,6,1461,2,6,-1,-1,-1
201534NW02955,1,19,0,2,0,8,0,0,0,0,3,1,1,1,62,9,-1,-1,-1,-1,2,-1
201534NW02955,2,9,0,18,0,8,0,0,0,0,1,1,6,3,-1,-1,-1,-1,-1,-1,-1,-1
201534NW03245,1,90,0,9,0,8,0,0,0,0,1,1,6,1,25,5,493,1,1,-1,-1,-1
201534NW03245,2,19,0,2,0,8,0,0,0,0,1,1,6,3,-1,-1,2198,2,1,-1,-1,-1
201534NW03515,1,19,0,18,0,8,0,0,0,0,3,1,1,1,40,7,1968,2,1,-1,3,-1
201534NW03515,2,9,0,18,0,8,0,0,0,0,1,1,6,1,56,9,1560,2,3,-1,1,-1
201534NW03865,1,9,0,16,0,0,0,0,1,0,1,1,1,1,44,7,2429,1,10,-1,1,-1
201534NW03865,2,9,0,17,0,0,0,0,1,0,1,1,2,1,56,9,-1,-1,-1,-1,1,-1
201534NW04355,1,9,0,18,0,8,0,0,0,0,1,1,6,1,-1,-1,1968,2,5,-1,2,-1
201534NW04355,2,9,0,18,0,8,0,0,0,0,2,1,6,2,28,6,1242,1,12,-1,1,-1
201534NW04355,3,19,0,10,0,8,0,0,0,0,2,1,6,2,-1,-1,-1,-1,-1,-1,-1,-1
201534NW04375,1,9,0,18,0,8,0,0,0,0,1,1,1,2,23,5,1598,1,6,-1,-1,-1
201534NW04375,2,9,0,3,0,8,0,0,0,0,2,1,6,1,36,7,1461,2,4,-1,1,-1
201534NW04735,1,9,0,18,0,8,0,0,0,0,1,1,6,1,35,6,1900,2,11,-1,1,-1
201534NW04735,2,20,0,18,0,8,0,0,0,0,1,2,1,1,46,8,-1,-1,-1,-1,-1,-1
201534NW04745,1,9,0,14,0,0,0,0,0,0,1,1,2,1,31,6,-1,-1,-1,-1,1,-1
201534NW04745,2,9,0,18,0,0,0,0,0,0,1,1,6,1,26,6,1896,2,8,-1,1,-1
201534NW04755,1,9,0,18,0,0,0,0,0,0,1,1,1,2,24,5,1560,2,1,-1,1,-1
201534NW04755,2,1,0,18,0,0,0,0,0,0,2,1,6,1,52,8,-1,-1,-1,-1,1,-1
201534NW05025,1,9,0,18,0,0,0,0,0,0,1,1,2,1,38,7,998,1,15,-1,1,-1
201534NW05025,2,9,0,18,0,0,0,0,0,0,2,1,6,2,19,4,1229,1,1,-1,1,-1
201534NW05035,1,9,0,18,0,8,0,0,0,0,1,1,6,2,-1,-1,1910,2,5,-1,-1,-1
201534NW05035,2,1,0,18,0,8,0,0,0,0,3,1,2,2,32,6,-1,-1,-1,-1,3,-1
201534NW05195,1,19,0,18,0,8,0,0,0,0,1,1,6,1,38,7,1248,2,11,-1,-1,-1
201534NW05195,2,9,0,18,0,8,0,0,0,0,1,1,6,1,28,6,2148,2,10,-1,-1,-1
201534NW05205,1,9,0,9,0,8,0,0,0,0,1,1,2,1,20,4,1360,1,10,-1,1,-1
201534NW05205,2,9,0,18,0,8,0,0,0,0,1,1,6,1,20,4,1398,2,10,-1,1,-1
201534NW05215,1,9,0,14,0,0,0,0,0,0,3,1,6,1,34,6,1968,2,6,-1,1,-1
201534NW05215,2,9,0,14,0,0,0,0,0,0,3,1,1,2,23,5,1229,1,7,-1,1,-1
201534NW05215,3,9,0,2,0,0,0,0,0,0,3,1,6,2,34,6,1399,2,13,-1,1,-1
201534NW05255,1,19,0,18,0,8,0,0,0,0,1,1,6,1,-1,-1,-1,-1,-1,-1,-1,-1
201534NW05255,2,3,0,18,0,8,1,0,0,0,1,1,2,1,31,6,124,1,3,-1,1,-1
201534NW05385,1,9,0,7,0,8,0,0,1,11,3,1,3,2,33,6,1339,1,12,-1,1,-1
201534NW05385,2,9,0,18,0,8,0,0,0,0,1,1,6,1,66,10,2993,2,1,-1,3,-1
201534NW06245,1,9,0,18,0,8,0,0,0,0,1,1,2,1,32,6,1229,1,9,-1,1,-1
201534NW06285,1,9,0,18,0,8,0,0,0,0,1,1,6,1,56,9,1200,1,2,-1,1,-1
201534NW06285,2,1,0,18,0,8,0,0,0,0,4,1,6,1,55,8,-1,-1,-1,-1,1,-1
201534NW06295,1,9,0,18,0,8,0,0,0,0,1,1,3,2,62,9,1329,1,3,-1,1,-1
201534NW06295,2,1,0,18,0,8,0,0,0,0,1,1,6,1,57,9,-1,-1,-1,-1,-1,-1
201534NW06445,1,19,0,18,0,8,0,0,0,0,1,1,6,1,31,6,1896,2,6,-1,1,-1
201534NW06445,2,1,0,18,0,8,0,0,0,0,2,1,6,2,19,4,-1,-1,-1,-1,3,-1
201534NW06575,1,9,0,13,0,0,0,0,0,0,1,1,6,2,35,6,2776,2,7,-1,1,-1
201534NW06575,2,19,0,18,0,0,0,0,0,0,1,1,1,1,54,8,2198,2,3,-1,1,-1
201534NW07715,1,3,0,14,0,0,1,0,0,0,4,1,6,2,20,4,124,1,13,-1,1,-1
201534NW07715,2,9,0,14,0,0,0,0,0,0,0,1,6,2,50,8,1995,2,10,-1,1,-1
201534NW07845,1,9,0,9,0,8,0,0,0,0,4,1,6,1,62,9,-1,-1,-1,-1,1,-1
201534NW07845,2,3,0,18,0,8,0,0,0,0,1,1,2,1,32,6,125,1,1,-1,3,-1
201534NW08275,1,19,0,3,0,8,0,0,0,0,1,1,1,1,29,6,2143,2,2,-1,1,-1
201534NW08275,2,5,0,3,0,8,0,0,0,0,2,1,6,1,50,8,999,1,3,-1,2,-1
201534NW08295,1,9,0,18,0,0,1,0,7,0,4,1,6,1,29,6,1560,2,10,-1,-1,-1
201534NW08295,2,9,0,18,0,0,1,0,0,0,1,1,6,1,63,9,1686,2,5,-1,-1,-1
201534NW08305,1,9,0,18,0,8,0,0,0,0,1,1,6,1,74,10,1242,1,8,-1,2,-1
201534NW08305,2,9,0,18,0,8,0,0,0,0,1,1,6,1,82,11,1598,2,5,-1,1,-1
201534NW08315,1,9,0,6,0,8,1,0,0,0,2,1,6,1,50,8,2283,2,15,-1,1,-1