Accident_Index,Vehicle_Reference,Vehicle_Type,Towing_and_Articulation,Vehicle_Manoeuvre,Vehicle_Location-Restricted_Lane,Junction_Location,Skidding_and_Overturning,Hit_Object_in_Carriageway,Vehicle_Leaving_Carriageway,Hit_Object_off_Carriageway,1st_Point_of_Impact,Was_Vehicle_Left_Hand_Drive?,Journey_Purpose_of_Driver,Sex_of_Driver,Age_of_Driver,Age_Band_of_Driver,Engine_Capacity_(CC),Propulsion_Code,Age_of_Vehicle,Driver_IMD_Decile,Driver_Home_Area_Type,Vehicle_IMD_Decile
201534NW08315,2,9,0,18,0,8,0,0,0,0,1,1,6,2,67,10,1560,2,1,-1,1,-1
201534NW09595,1,9,0,18,0,0,0,0,0,0,1,1,6,1,59,9,-1,-1,-1,-1,-1,-1
201534NW09595,2,9,0,2,0,0,0,0,0,0,2,1,6,1,23,5,1598,1,7,-1,3,-1
201534NW09775,1,9,0,18,0,8,0,0,0,0,1,1,6,1,-1,-1,-1,-1,-1,-1,-1,-1
201534NW09965,1,9,0,9,0,8,0,0,0,0,1,1,6,1,45,7,1587,1,11,-1,-1,-1
201534NW09965,2,4,0,18,0,8,0,0,0,0,1,1,6,1,58,9,249,1,49,-1,1,-1
201534NW10485,1,9,0,18,0,0,0,0,0,0,1,1,6,1,84,11,2179,2,3,-1,2,-1
201534NW10485,2,9,0,3,0,0,0,0,0,0,2,1,6,1,59,9,1956,2,1,-1,1,-1
201534NW10645,1,9,0,18,0,8,0,0,0,0,1,1,6,1,33,6,1598,1,12,-1,1,-1
201534NW10645,2,3,0,18,0,8,0,0,0,0,1,1,6,1,26,6,125,1,3,-1,1,-1
201534NW11025,1,9,0,18,0,0,0,0,0,0,1,1,6,1,30,6,1329,1,5,-1,1,-1
201534NW11205,1,8,0,18,0,1,0,0,0,0,0,1,1,1,55,8,-1,-1,-1,-1,1,-1
201534NW11305,1,9,0,18,0,0,0,0,1,2,1,1,6,1,70,10,1461,2,1,-1,2,-1
201534NW11535,1,9,0,17,0,0,0,0,7,8,1,1,1,2,32,6,-1,-1,-1,-1,1,-1
201534NW12225,1,9,0,18,0,0,0,7,7,0,1,1,6,1,55,8,1560,2,5,-1,1,-1
201534NW12225,2,9,0,3,0,0,0,0,0,0,2,1,6,2,23,5,998,1,1,-1,1,-1
201534NW12405,1,1,0,18,0,8,0,0,0,0,1,1,6,2,28,6,-1,-1,-1,-1,1,-1
201534NW12405,2,9,0,18,0,8,0,0,0,0,3,1,2,2,43,7,1598,1,7,-1,2,-1
201534NW12995,1,9,0,18,0,8,0,0,0,0,1,1,6,1,35,6,1995,2,1,-1,-1,-1
201534NW12995,2,9,0,3,0,8,0,0,0,0,2,1,6,1,29,6,1398,2,12,-1,2,-1
201534NW12995,3,9,0,3,0,8,0,0,0,0,2,1,6,1,23,5,1998,1,11,-1,1,-1
201534NW12995,4,9,0,3,0,8,0,0,0,0,2,1,6,2,-1,-1,1968,2,2,-1,-1,-1
201534NW13225,1,11,0,18,0,0,0,0,0,0,4,1,6,1,-1,-1,-1,-1,-1,-1,-1,-1
201534NW13805,1,9,0,7,0,8,0,0,0,0,1,1,2,2,32,6,1910,2,11,-1,1,-1
201534NW13805,2,9,0,18,0,8,0,0,0,0,2,1,6,2,46,8,1398,1,5,-1,3,-1
201534NW13995,1,9,0,18,0,8,1,0,0,0,1,1,3,1,33,6,1596,1,10,-1,1,-1
201534NW13995,2,9,0,3,0,8,0,0,0,0,2,1,6,1,-1,-1,-1,-1,-1,-1,-1,-1
201534NW14365,1,9,0,18,0,8,0,0,0,0,1,1,1,2,30,6,1995,1,11,-1,-1,-1
201534NW14365,2,3,0,4,0,8,0,0,0,0,2,1,1,1,38,7,124,1,7,-1,1,-1
201534NW14425,1,9,0,16,0,8,0,0,7,10,1,1,6,1,22,5,1587,1,13,-1,2,-1
201534NW14955,1,9,0,18,0,8,0,0,0,0,1,1,6,3,-1,-1,999,1,16,-1,-1,-1
201534NW14955,2,9,0,3,0,8,0,0,0,0,2,1,2,1,29,6,-1,-1,-1,-1,1,-1
201534NW15205,1,9,0,18,0,8,1,0,0,0,1,1,6,1,24,5,973,1,15,-1,1,-1
201534NW15205,2,9,0,18,0,8,0,0,0,0,1,1,6,1,29,6,1299,1,10,-1,1,-1
201534NW15495,1,9,0,17,0,0,0,0,0,0,4,1,1,1,23,5,1598,1,9,-1,1,-1
201534NW15495,2,9,0,16,0,0,0,0,0,0,1,1,6,1,30,6,1199,1,12,-1,1,-1
201534NW15865,1,9,0,9,0,8,0,0,0,0,3,1,6,2,23,5,1598,1,8,-1,-1,-1
201534NW15865,2,9,0,18,0,8,0,0,0,0,1,1,6,1,19,4,1248,2,11,-1,1,-1
201534NW16065,1,9,0,7,0,8,0,0,0,0,4,1,1,2,37,7,996,1,1,-1,1,-1
201534NW16065,2,1,0,18,9,8,0,0,0,0,1,1,6,2,4,1,-1,-1,-1,-1,1,-1
201534NW16085,1,9,0,18,0,8,0,0,0,0,1,1,6,1,-1,-1,-1,-1,-1,-1,2,-1
201534NW16085,2,9,0,3,0,8,0,0,0,0,2,1,6,2,20,4,1242,1,9,-1,1,-1
201534NW16405,1,9,0,18,0,8,0,0,0,0,1,1,1,1,51,8,1968,2,6,-1,1,-1
201534NW16405,2,9,0,18,0,8,0,0,0,0,1,1,2,2,34,6,1598,1,5,-1,1,-1
201534NW16935,1,9,0,10,0,8,0,0,0,0,0,1,1,1,24,5,-1,-1,-1,-1,1,-1
201534NW16935,2,9,0,13,0,8,0,0,0,0,1,1,6,1,57,9,-1,-1,-1,-1,1,-1
201534NW16935,3,9,0,18,0,8,0,0,0,0,1,1,6,1,50,8,1896,2,13,-1,1,-1
201534NW16955,1,9,0,3,0,8,0,0,0,0,0,1,6,2,-1,-1,1598,1,6,-1,2,-1
201534NW16955,2,9,0,3,0,8,0,0,0,0,2,1,6,2,62,9,1242,1,13,-1,1,-1
201534NW16955,3,9,0,3,0,8,0,0,0,0,1,1,6,1,40,7,1598,1,11,-1,3,-1
201534NW16955,4,9,0,18,0,8,0,0,0,0,1,1,6,2,31,6,1339,1,3,-1,1,-1
201534NW17435,1,9,0,6,0,8,0,0,0,0,1,1,6,1,57,9,1956,2,5,-1,1,-1
201534NW17435,2,21,0,18,0,8,0,0,0,0,1,1,1,1,57,9,12777,2,6,-1,1,-1
201534NW17495,1,9,0,18,0,0,0,0,0,0,3,1,6,2,-1,-1,-1,-1,-1,-1,-1,-1
201534NW17745,1,9,0,18,0,8,1,0,1,6,1,1,6,1,29,6,1796,1,13,-1,1,-1
201534NW18105,1,9,0,16,0,0,1,10,7,4,1,1,6,2,19,4,1388,1,7,-1,1,-1
201534NW18275,1,9,0,18,0,8,0,10,1,2,1,1,6,2,68,10,1197,1,1,-1,-1,-1
201534NW19625,1,9,0,18,0,0,1,0,8,7,1,1,6,2,25,5,1390,1,12,-1,2,-1
201534NW19625,2,3,0,18,0,0,0,0,1,0,2,1,2,1,22,5,124,1,9,-1,2,-1
201534NW19695,1,9,0,16,0,0,0,0,7,9,1,1,1,1,38,7,-1,-1,-1,-1,1,-1
201534NW20075,1,9,0,18,0,0,0,0,0,0,1,1,6,2,26,6,1398,1,-1,-1,1,-1
201534NW20075,2,9,0,3,0,0,0,0,0,0,2,1,6,1,79,11,1999,1,7,-1,1,-1
201534NW20095,1,9,0,9,0,8,0,0,0,0,3,1,6,2,29,6,1910,2,9,-1,1,-1
201534NW20095,2,9,0,18,0,8,0,0,0,0,1,1,6,1,66,10,1598,1,-1,-1,2,-1
201534NW20205,1,9,0,18,0,0,0,0,0,0,4,1,6,2,35,6,1399,2,6,-1,-1,-1
201534NW20635,1,3,0,18,0,0,0,0,0,0,1,1,6,1,31,6,125,1,10,-1,-1,-1
201534NW20635,2,9,0,18,0,0,0,0,0,0,1,1,6,1,-1,-1,1199,1,11,-1,-1,-1
201534NW20785,1,9,0,18,0,8,0,0,0,0,1,1,6,1,-1,-1,1390,1,6,-1,-1,-1
201534NW20785,2,1,0,18,0,8,0,0,0,0,4,1,2,1,34,6,-1,-1,-1,-1,1,-1
201534NW21305,1,19,0,18,0,0,0,0,0,0,1,1,1,1,43,7,1560,2,-1,-1,2,-1
201534NW21305,2,9,0,3,0,0,0,0,0,0,1,1,6,1,39,7,1995,1,13,-1,1,-1
201534NW21305,3,9,0,3,0,0,0,0,0,0,2,1,6,1,61,9,1198,1,-1,-1,1,-1
201534NW22135,1,9,0,18,0,8,0,0,0,0,1,1,6,2,33,6,1896,2,12,-1,3,-1
201534NW22135,2,1,0,18,0,8,0,0,0,0,4,1,2,1,52,8,-1,-1,-1,-1,1,-1
201534NW22445,1,9,0,9,0,8,0,0,0,0,1,1,3,1,57,9,1198,1,9,-1,-1,-1
201534NW22445,2,1,0,18,0,8,0,0,0,0,1,1,6,1,38,7,-1,-1,-1,-1,-1,-1
201534NW22475,1,9,0,18,0,8,0,0,0,0,1,1,6,1,29,6,1753,2,7,-1,1,-1
201534NW22475,2,9,0,18,0,8,5,0,0,0,2,1,3,2,34,6,1995,2,3,-1,1,-1
201534NW22475,3,9,0,3,0,8,0,0,0,0,1,1,6,1,36,7,1997,1,10,-1,1,-1
201534NW22855,1,9,0,18,0,8,0,0,0,0,1,1,6,1,-1,-1,-1,-1,-1,-1,-1,-1
201534NW22855,2,9,0,3,0,8,0,0,0,0,2,1,6,2,43,7,1598,2,-1,-1,1,-1
201534NW23035,1,19,0,10,0,8,0,0,0,0,1,1,1,1,36,7,2143,2,1,-1,-1,-1
201534NW23035,2,5,0,18,0,8,0,0,0,0,1,1,6,1,62,9,600,1,15,-1,1,-1
201534NW23075,1,9,0,9,0,8,0,0,0,0,1,1,6,2,18,4,1199,1,11,-1,2,-1
201534NW23075,2,9,0,18,0,8,0,0,0,0,1,1,6,2,23,5,1968,2,8,-1,-1,-1
201534NW23315,1,19,0,18,0,0,0,0,0,0,1,1,2,1,38,7,2198,2,2,-1,2,-1
201534NW23315,2,9,0,9,0,0,0,0,7,0,2,1,6,1,62,9,1560,2,3,-1,1,-1
201534NW23605,1,9,0,18,0,0,0,0,1,0,1,1,2,1,19,4,1124,1,12,-1,1,-1
201534NW23605,2,19,0,18,0,0,0,0,0,0,2,1,1,1,31,6,1968,2,1,-1,1,-1
201534NW23655,1,9,0,18,0,8,0,0,0,0,4,1,6,2,20,4,1242,1,1,-1,2,-1
201534NW24205,1,9,0,18,0,0,0,0,0,0,1,1,2,2,19,4,1968,2,9,-1,-1,-1
201534NW24205,2,9,0,2,0,0,0,0,0,0,1,1,6,3,-1,-1,1956,2,3,-1,-1,-1
201534NW24215,1,9,0,18,0,8,0,0,0,0,0,1,6,1,30,6,1998,1,20,-1,-1,-1
201534NW24235,1,9,0,18,0,7,0,9,0,0,1,1,6,1,25,5,1560,2,4,-1,1,-1
201534NW24845,1,9,0,18,0,8,0,0,0,0,1,1,6,1,25,5,1999,1,5,-1,1,-1
201534NW24845,2,9,0,18,0,8,0,0,0,0,1,1,1,2,25,5,1242,1,13,-1,1,-1
201534NW24855,1,9,0,9,0,8,0,0,0,0,1,1,6,1,39,7,2993,2,1,-1,1,-1
201534NW24855,2,9,0,10,0,8,0,0,0,0,0,1,6,1,52,8,2143,2,3,-1,3,-1
201534NW24855,3,9,0,18,0,8,0,0,0,0,1,1,6,1,36,7,2198,1,10,-1,1,-1
201534NW25275,1,9,0,7,0,8,0,0,0,0,3,1,6,3,-1,-1,-1,-1,-1,-1,-1,-1
201534NW25275,2,1,0,18,0,8,0,0,0,0,1,1,6,1,57,9,-1,-1,-1,-1,-1,-1
201534NW25435,1,9,0,18,0,8,1,0,8,7,1,1,2,1,23,5,2494,1,14,-1,1,-1
201534NW25515,1,9,0,13,0,0,0,0,1,0,1,1,6,1,38,7,1998,1,2,-1,-1,-1
201534NW25515,2,9,0,18,0,0,0,0,0,0,1,1,6,1,68,10,1386,1,5,-1,1,-1
201534NW25515,3,9,0,18,0,0,0,0,0,0,0,1,2,2,40,7,1390,1,4,-1,2,-1
201534NW25515,4,9,0,2,0,0,0,0,0,0,1,1,6,3,-1,-1,2597,1,14,-1,-1,-1
201534NW25515,5,9,0,2,0,0,0,0,0,0,2,1,6,3,-1,-1,1390,1,11,-1,-1,-1
201534NW25525,1,9,0,18,0,0,1,0,0,0,1,1,6,1,22,5,1600,1,22,-1,1,-1
201534NW25525,2,9,0,18,0,0,0,0,0,0,2,1,6,1,42,7,1984,1,18,-1,1,-1
201534NW25685,1,19,0,9,0,8,0,0,0,0,3,1,6,1,-1,-1,1686,2,8,-1,-1,-1
201534NW25685,2,1,0,18,0,8,0,0,0,0,3,1,6,1,44,7,-1,-1,-1,-1,-1,-1
201534NW25785,1,1,0,9,0,8,0,0,0,0,3,1,2,1,54,8,-1,-1,-1,-1,1,-1
201534NW25785,2,5,0,18,0,8,0,0,0,0,1,1,6,1,62,9,198,1,35,-1,1,-1
201534NW26345,1,9,0,18,0,8,0,0,0,0,1,1,2,1,19,4,1229,1,9,-1,1,-1
201534NW26345,2,1,0,18,0,8,0,0,0,0,4,1,6,1,20,4,-1,-1,-1,-1,-1,-1
201534NW26525,1,9,0,18,0,8,0,0,0,0,4,1,6,1,-1,-1,3301,1,18,-1,-1,-1
201534NW26585,1,9,0,9,0,8,0,0,0,0,1,2,6,1,35,6,-1,-1,-1,-1,1,-1
201534NW26585,2,1,0,18,0,8,0,0,0,0,1,1,6,1,37,7,-1,-1,-1,-1,1,-1
201534NW26605,1,19,0,18,0,0,0,0,0,0,4,1,6,1,-1,-1,2151,2,13,-1,-1,-1
201534NW27345,1,9,0,9,0,8,0,0,0,0,1,1,6,2,38,7,1124,1,11,-1,1,-1
201534NW27345,2,1,0,18,0,8,0,0,0,0,1,1,6,2,18,4,-1,-1,-1,-1,1,-1
201534NW27455,1,19,0,18,0,8,0,0,0,0,1,1,6,1,-1,-1,1686,2,12,-1,-1,-1
201534NW27455,2,9,0,10,0,8,0,0,0,0,2,1,6,1,65,9,1229,1,7,-1,1,-1
201534NW27465,1,9,0,9,0,8,0,0,0,0,1,1,6,2,-1,-1,-1,-1,-1,-1,-1,-1
201534NW27465,2,1,0,18,0,8,0,0,0,0,1,1,2,2,35,6,-1,-1,-1,-1,1,-1
201534NW27635,1,19,0,18,0,8,0,0,0,0,0,1,6,1,-1,-1,-1,-1,-1,-1,-1,-1
201534NW27635,2,1,0,18,0,8,1,0,0,0,1,1,2,1,48,8,-1,-1,-1,-1,1,-1
201534NW27835,1,9,0,13,0,0,0,0,0,0,1,1,6,1,-1,-1,1199,1,15,-1,-1,-1
201534NW27835,2,9,0,18,0,0,0,0,0,0,1,1,3,2,42,7,1968,2,4,-1,1,-1
201534NW28345,1,9,0,18,0,8,0,0,0,0,3,1,6,2,37,7,1956,2,1,-1,-1,-1
201534NW28345,2,3,0,18,0,7,0,0,0,0,1,1,6,1,19,4,124,1,4,-1,1,-1
201534NW28355,1,9,0,18,0,8,0,0,0,0,1,1,6,1,51,8,973,1,14,-1,1,-1
201534NW28355,2,9,0,3,0,8,0,0,0,0,2,1,2,1,40,7,1150,1,9,-1,1,-1
201534NW28575,1,9,0,9,0,8,0,0,0,0,4,1,6,1,-1,-1,-1,-1,-1,-1,-1,-1
201534NW28575,2,22,0,18,0,8,0,0,0,0,1,1,6,2,45,7,-1,-1,-1,-1,-1,-1
201534NW29185,1,9,0,16,0,0,1,0,1,9,1,1,6,2,20,4,1199,1,11,-1,3,-1
201534NW29185,2,19,0,17,0,0,0,0,0,0,1,1,6,1,42,7,1968,2,2,-1,1,-1
201534NW29775,1,9,0,14,0,0,0,0,0,0,3,1,2,1,51,8,2435,1,15,-1,3,-1
201534NW29775,2,17,0,2,0,0,0,0,0,0,3,1,6,3,-1,-1,6788,2,-1,-1,-1,-1
201534NW29895,1,9,0,18,0,0,0,0,7,0,1,1,6,1,65,9,1799,1,4,-1,1,-1
201534NW29895,2,9,0,18,0,0,0,0,0,0,1,1,6,2,46,8,1349,1,10,-1,1,-1
201534NW29915,1,9,0,9,0,8,0,0,0,0,1,1,1,1,31,6,-1,-1,-1,-1,3,-1
201534NW29915,2,3,0,18,0,8,0,0,0,0,1,1,2,1,26,6,124,1,3,-1,1,-1
201534NW29995,1,9,0,18,0,0,0,0,1,0,1,1,2,1,64,9,1560,2,6,-1,2,-1
201534NW29995,2,9,0,18,0,0,0,0,1,0,1,1,6,1,71,10,-1,-1,-1,-1,1,-1
201534NW30015,1,9,0,18,0,0,0,0,0,0,4,1,1,1,-1,-1,-1,-1,-1,-1,-1,-1
201534NW30265,1,9,0,18,0,0,0,0,0,0,1,1,6,2,-1,-1,1461,2,10,-1,-1,-1
201534NW30475,1,19,0,18,0,8,0,0,0,0,3,1,1,1,23,5,1753,2,11,-1,1,-1
201534NW30475,2,3,0,18,0,8,0,0,0,0,1,1,6,1,17,4,-1,-1,-1,-1,1,-1
201534NW30805,1,21,0,9,0,8,0,0,0,0,1,1,1,1,31,6,4461,2,3,-1,1,-1
201534NW30805,2,9,0,18,0,8,0,0,0,0,4,1,6,2,19,4,998,1,1,-1,1,-1
201534NW30815,1,9,0,3,0,0,0,0,0,0,2,1,1,1,33,6,1364,1,7,-1,1,-1
201534NW30815,2,9,0,3,0,0,0,0,0,0,2,1,1,1,39,7,1298,1,15,-1,1,-1
201534NW30815,3,9,0,18,0,0,0,0,0,0,1,1,1,1,28,6,2495,2,12,-1,1,-1
201534NW31035,1,9,0,9,0,8,0,0,0,0,1,1,1,2,54,8,1349,1,9,-1,1,-1
201534NW31035,2,5,0,18,0,8,0,0,0,0,2,1,6,1,50,8,-1,-1,-1,-1,1,-1
201534NW31265,1,9,0,18,0,0,0,0,0,0,1,1,6,2,34,6,1390,1,4,-1,-1,-1
201534NW31265,2,9,0,13,0,0,0,0,0,0,2,1,6,2,22,5,1390,1,11,-1,1,-1
201534NW31325,1,9,0,6,0,0,0,0,0,0,1,1,1,1,18,4,1995,2,4,-1,2,-1
201534NW31325,2,5,0,14,0,0,0,0,0,0,4,1,1,1,41,7,645,1,10,-1,1,-1
201534NW31335,1,9,0,18,0,8,0,0,0,0,3,1,6,1,53,8,1796,1,15,-1,1,-1
201534NW31335,2,1,0,18,0,8,0,0,0,0,1,1,6,1,20,4,-1,-1,-1,-1,-1,-1
201534NW31875,1,9,0,9,0,8,0,0,0,0,2,1,3,1,37,7,1998,1,11,-1,1,-1
201534NW31875,2,3,0,18,0,8,0,0,0,0,1,1,2,2,30,6,-1,-1,-1,-1,1,-1
201534NW31915,1,9,0,9,0,8,0,0,0,0,2,1,6,1,27,6,1149,1,14,-1,1,-1
201534NW31915,2,5,0,18,0,8,0,0,0,0,1,1,6,1,36,7,592,1,19,-1,1,-1
201534NW31915,3,9,0,2,0,8,0,0,0,0,3,1,6,3,-1,-1,875,1,3,-1,-1,-1
201534NW32075,1,9,0,18,0,0,0,0,0,0,4,1,6,2,57,9,1339,1,3,-1,-1,-1
201534NW32465,1,11,0,5,0,0,0,0,0,0,0,1,1,1,51,8,4250,2,9,-1,1,-1
201534NW32535,1,9,0,18,0,0,1,0,0,0,1,1,6,2,19,4,1108,1,9,-1,1,-1
201534NW32535,2,9,0,3,0,0,0,0,0,0,2,1,2,1,28,6,1399,2,4,-1,1,-1
201534NW32535,3,9,0,18,0,0,0,0,1,0,1,1,2,2,19,4,1968,2,-1,-1,1,-1
201534NW32555,1,9,0,18,0,8,0,0,0,0,1,1,6,2,50,8,1910,2,7,-1,1,-1
201534NW32555,2,9,0,9,0,8,0,0,0,0,1,1,2,1,57,9,1679,1,13,-1,1,-1
201534NW32865,1,9,0,18,0,8,0,9,3,0,1,1,6,1,23,5,1995,2,11,-1,-1,-1
201534NW33115,1,9,0,18,0,0,0,0,0,0,1,1,6,2,27,6,1242,1,14,-1,1,-1
201534NW33115,2,9,0,18,0,0,0,0,0,0,2,1,1,2,57,9,1595,1,17,-1,1,-1
201534NW33135,1,9,0,18,0,8,0,0,0,0,2,1,6,2,41,7,1590,1,16,-1,1,-1
201534NW33135,2,19,0,18,0,8,1,0,0,0,1,1,1,1,24,5,2148,2,4,-1,1,-1
201534NW33315,1,9,0,7,0,8,0,0,0,0,1,1,6,1,-1,-1,-1,-1,-1,-1,-1,-1
201534NW33315,2,1,0,18,0,8,1,0,0,0,4,1,6,2,24,5,-1,-1,-1,-1,1,-1
201534NW33325,1,9,0,18,0,0,0,0,0,0,4,1,6,3,-1,-1,-1,-1,-1,-1,-1,-1
201534NW33325,2,1,0,18,0,0,0,0,0,0,3,1,6,1,37,7,-1,-1,-1,-1,-1,-1
201534NW33385,1,9,0,9,0,8,0,0,0,0,1,1,6,2,33,6,1596,1,10,-1,1,-1
201534NW33385,2,9,0,18,0,8,0,0,0,0,1,1,6,1,33,6,1998,1,10,-1,1,-1
201534NW33555,1,19,0,5,0,8,0,0,0,0,3,1,6,1,-1,-1,1560,2,-1,-1,-1,-1
201534NW33555,2,9,0,18,0,8,0,0,0,0,4,1,2,2,53,8,1299,1,9,-1,1,-1
201534NW33835,1,9,0,18,0,8,0,0,0,0,4,1,6,1,73,10,1149,1,2,-1,1,-1
201534NW34025,1,9,0,18,0,0,0,0,0,0,1,1,6,3,-1,-1,-1,-1,-1,-1,-1,-1
201534NW34025,2,3,0,18,0,0,0,0,0,0,2,1,6,1,45,7,125,1,7,-1,2,-1
201534TC80025,1,9,0,13,0,0,0,0,1,0,1,1,6,1,27,6,1998,1,13,-1,1,-1
201534TC80025,2,9,0,18,0,0,0,0,0,0,0,1,6,1,50,8,1598,1,13,-1,-1,-1
201534TC80145,1,9,0,18,0,0,0,10,1,1,1,1,6,1,21,5,1199,1,16,-1,-1,-1
201534TC80225,1,9,0,18,0,0,0,0,0,0,0,1,6,1,21,5,796,1,6,-1,1,-1
201534TC80225,2,9,0,18,0,0,0,0,0,0,0,1,6,2,50,8,1498,1,4,-1,1,-1
201534TD80055,1,9,0,18,0,0,1,0,0,0,1,1,6,1,23,5,1796,1,13,-1,2,-1
201534TD80085,1,9,0,18,0,0,0,0,0,0,1,1,6,1,24,5,2560,1,20,-1,-1,-1
201534TD80085,2,1,0,18,0,0,0,0,0,0,3,1,2,1,28,6,-1,-1,-1,-1,1,-1
201534TD80155,1,19,0,18,0,0,0,0,0,0,1,1,6,1,40,7,-1,-1,-1,-1,1,-1
201534TD80155,2,9,0,18,0,0,0,0,0,0,0,1,6,1,-1,-1,2179,2,1,-1,-1,-1
201534TD80155,3,9,0,18,0,0,0,0,0,0,0,1,6,2,-1,-1,1197,1,1,-1,-1,-1
201534TD80155,4,9,0,18,0,0,0,0,0,0,0,1,6,2,-1,-1,-1,-1,-1,-1,-1,-1
201534TD80205,1,5,0,18,0,8,0,9,0,0,1,1,6,1,42,7,-1,-1,-1,-1,-1,-1
201534TD80215,1,9,0,16,0,0,0,0,0,0,1,1,6,1,26,6,1328,1,5,-1,1,-1
201534TD80215,2,21,0,17,0,0,0,0,0,0,1,1,1,1,40,7,12740,2,2,-1,1,-1
201534TD80245,1,9,0,6,0,0,0,0,0,0,0,1,6,1,31,6,1796,1,8,-1,3,-1
201534TD80245,2,9,0,18,0,0,0,0,0,0,1,1,6,1,32,6,2967,2,7,-1,3,-1
201534TD80305,1,20,0,2,0,0,0,0,0,0,0,1,6,1,-1,-1,-1,-1,-1,-1,-1,-1
201534TD80305,2,9,0,4,0,0,0,0,0,0,0,1,1,3,-1,-1,-1,-1,-1,-1,-1,-1
201534TD80305,3,9,0,4,0,0,0,0,0,0,0,1,1,3,-1,-1,-1,-1,-1,-1,-1,-1
201534TD80305,4,9,0,4,0,0,0,0,0,0,0,1,1,3,-1,-1,-1,-1,-1,-1,-1,-1
201534TD80305,5,9,0,4,0,0,0,0,0,0,0,1,1,3,-1,-1,-1,-1,-1,-1,-1,-1
201534TD80305,6,9,0,18,0,0,0,0,0,0,0,1,1,1,41,7,1968,2,-1,-1,3,-1
201534TD80305,7,21,0,18,0,0,0,0,0,0,0,1,1,1,47,8,10677,2,-1,-1,1,-1
201534TD80305,8,21,0,18,0,0,0,0,0,0,0,1,1,1,45,7,10677,2,1,-1,1,-1
201534TD80305,9,21,0,18,0,0,0,0,0,0,0,1,1,1,50,8,11946,2,4,-1,1,-1
201534TD80305,10,21,0,18,0,0,0,0,0,0,0,1,1,1,43,7,10677,2,-1,-1,1,-1
201534TD80305,11,21,0,18,0,0,0,0,0,0,0,1,1,3,-1,-1,-1,-1,-1,-1,-1,-1
201534TE80175,1,4,0,16,0,8,0,0,0,0,4,1,6,1,83,11,279,1,1,-1,1,-1
201534TE80255,1,9,0,16,0,0,0,0,0,0,1,1,2,2,40,7,1596,1,11,-1,1,-1
201534TE80255,2,9,0,17,0,0,0,0,0,0,1,1,6,2,41,7,1596,1,10,-1,2,-1
201534TK80105,1,9,0,18,0,0,0,0,0,0,1,1,6,2,53,8,1198,1,4,-1,3,-1
201534TK80105,2,9,0,18,0,0,0,0,0,0,2,1,6,1,33,6,1598,1,9,-1,1,-1
201534TK80105,3,9,0,18,0,0,0,0,0,0,1,1,6,1,41,7,1248,2,8,-1,2,-1
201534TK80125,1,9,0,18,0,0,0,0,0,0,1,1,6,2,60,9,1490,1,10,-1,1,-1
201534TK80265,1,9,0,18,0,0,0,0,0,0,1,1,6,1,19,4,1299,1,14,-1,1,-1
201534TK80265,2,21,1,18,0,0,0,0,0,0,1,1,1,1,56,9,11967,2,3,-1,2,-1
201534TM00495,1,9,0,18,0,0,0,0,0,0,1,1,6,1,48,8,2179,2,2,-1,3,-1
201534TM00495,2,20,1,18,0,0,0,0,0,0,2,1,6,1,63,9,-1,-1,-1,-1,2,-1
201534TM01135,1,9,0,18,0,0,0,0,0,0,1,1,6,3,-1,-1,-1,-1,-1,-1,-1,-1
201534TM01135,2,9,0,18,0,0,0,0,0,0,2,1,6,1,39,7,-1,-1,-1,-1,1,-1
201534TM01155,1,21,1,18,0,0,0,0,0,0,1,1,1,1,46,8,-1,-1,-1,-1,1,-1
201534TM01155,2,21,1,3,0,0,0,0,0,0,2,1,1,1,47,8,11705,2,7,-1,1,-1
201534TM01155,3,21,1,3,0,0,0,0,0,0,2,2,1,1,-1,-1,-1,-1,-1,-1,-1,-1
201534TM01155,4,9,0,3,0,0,0,0,0,0,2,1,1,2,41,7,2835,2,19,-1,-1,-1
201534TM01805,1,9,0,18,0,0,0,0,0,0,1,1,1,2,19,4,-1,-1,-1,-1,1,-1
201534TM01805,2,9,0,3,0,0,0,0,0,0,2,1,1,2,43,7,1587,1,9,-1,1,-1
201534TM01825,1,21,1,12,0,0,0,0,0,0,3,2,1,1,30,6,-1,-1,-1,-1,-1,-1
201534TM01825,2,9,0,18,0,0,2,0,1,0,1,1,6,1,20,4,-1,-1,-1,-1,1,-1
201534TM03375,1,9,0,11,0,0,0,0,1,6,3,1,6,2,25,5,1598,2,2,-1,1,-1
201534TM03385,1,20,0,18,0,0,0,0,0,0,4,1,1,1,-1,-1,-1,-1,-1,-1,1,-1
201534TM03385,2,9,0,18,0,0,0,0,0,0,3,1,1,1,31,6,-1,-1,-1,-1,1,-1
201534TM04015,1,20,1,18,0,0,0,0,1,0,1,1,1,1,65,9,-1,-1,-1,-1,1,-1
201534TM04015,2,21,1,18,0,0,0,0,0,0,2,1,1,1,34,6,12130,2,9,-1,-1,-1
201534TM05325,1,9,0,18,0,0,2,0,2,0,1,1,6,1,47,8,-1,-1,-1,-1,-1,-1
201534TM05445,1,20,0,18,0,0,0,0,0,0,3,2,6,3,-1,-1,-1,-1,-1,-1,-1,-1
201534TM05445,2,9,0,18,0,0,0,0,0,0,4,1,1,1,32,6,1956,2,2,-1,2,-1
201534TM07855,1,19,0,18,0,0,0,0,0,0,1,1,6,3,-1,-1,1968,2,4,-1,-1,-1
201534TM07855,2,9,0,3,0,0,0,0,0,0,2,1,6,2,41,7,-1,-1,-1,-1,1,-1
201534TM09635,1,9,0,18,0,0,0,0,4,6,1,1,6,1,19,4,1595,1,15,-1,2,-1
201534TM09635,2,9,0,18,0,0,0,0,1,0,2,1,6,1,40,7,1686,2,4,-1,1,-1
201534TM11745,1,9,0,3,0,0,0,0,0,0,2,1,6,1,30,6,2231,2,7,-1,1,-1