Accident_Index,Vehicle_Reference,Vehicle_Type,Towing_and_Articulation,Vehicle_Manoeuvre,Vehicle_Location-Restricted_Lane,Junction_Location,Skidding_and_Overturning,Hit_Object_in_Carriageway,Vehicle_Leaving_Carriageway,Hit_Object_off_Carriageway,1st_Point_of_Impact,Was_Vehicle_Left_Hand_Drive?,Journey_Purpose_of_Driver,Sex_of_Driver,Age_of_Driver,Age_Band_of_Driver,Engine_Capacity_(CC),Propulsion_Code,Age_of_Vehicle,Driver_IMD_Decile,Driver_Home_Area_Type,Vehicle_IMD_Decile
201534TM11745,2,9,0,18,0,0,0,0,0,0,1,1,6,1,33,6,1390,1,10,-1,1,-1
201534TM11745,3,9,0,18,0,0,0,0,0,0,1,1,6,1,31,6,1199,2,1,-1,1,-1
201534TM11755,1,9,0,13,0,0,0,0,1,7,4,1,1,2,45,7,1598,2,2,-1,2,-1
201534TM11755,2,20,0,18,0,0,0,0,0,0,1,2,1,1,52,8,-1,-1,-1,-1,-1,-1
201534TM12975,1,21,1,12,0,0,0,0,0,0,4,2,1,1,29,6,-1,-1,-1,-1,-1,-1
201534TM12975,2,9,0,18,0,0,1,0,1,9,2,1,6,1,23,5,1995,2,9,-1,1,-1
201534TM13535,1,19,0,18,0,0,0,0,0,0,1,1,1,1,54,8,2287,2,3,-1,1,-1
201534TM13535,2,19,0,2,6,0,0,0,0,0,2,1,6,1,-1,-1,-1,-1,-1,-1,-1,-1
201534TM13535,3,9,0,18,0,0,0,0,0,0,1,1,1,1,33,6,998,1,14,-1,-1,-1
201534TM14245,1,19,0,18,0,0,0,0,0,0,1,1,1,1,31,6,-1,-1,-1,-1,1,-1
201534TM14245,2,21,0,3,0,0,0,0,0,0,2,1,1,1,61,9,3920,2,7,-1,1,-1
201534TM14245,3,9,0,3,0,0,0,0,0,0,2,1,6,1,29,6,1984,1,-1,-1,1,-1
201534TM14245,4,9,0,3,0,0,0,0,0,0,2,1,6,1,71,10,2993,2,4,-1,3,-1
201534TM14505,1,9,0,18,0,0,0,0,0,0,1,1,6,1,-1,-1,1956,2,-1,-1,-1,-1
201534TM14505,2,9,0,3,0,0,0,0,0,0,2,1,6,2,36,7,1598,1,9,-1,3,-1
201534TM14505,3,19,0,2,0,0,0,0,0,0,0,1,6,3,-1,-1,-1,-1,-1,-1,-1,-1
201534TM15315,1,20,0,18,0,0,0,0,0,0,1,1,6,3,-1,-1,-1,-1,-1,-1,-1,-1
201534TM15315,2,9,0,18,0,0,0,0,0,0,2,1,6,1,43,7,2987,2,4,-1,1,-1
201534TM16665,1,21,1,18,0,0,0,0,0,0,1,2,1,1,53,8,-1,-1,-1,-1,-1,-1
201534TM16665,2,21,1,3,0,0,0,0,0,0,1,1,1,1,31,6,-1,-1,-1,-1,3,-1
201534TM16665,3,19,0,3,0,0,0,0,0,0,1,1,1,1,42,7,2143,2,4,-1,2,-1
201534TM16665,4,21,1,3,0,0,0,0,0,0,2,1,1,2,51,8,11946,2,5,-1,1,-1
201534TM16785,1,21,1,18,0,0,0,0,0,0,1,1,1,1,52,8,12419,2,4,-1,1,-1
201534TM16785,2,9,0,3,0,0,0,0,0,0,2,1,6,2,53,8,1499,2,-1,-1,1,-1
201534TM17875,1,9,0,18,0,0,0,0,1,6,3,1,6,1,28,6,1910,2,11,-1,1,-1
201534TM17875,2,21,0,11,0,0,0,0,0,0,0,1,1,1,22,5,-1,2,13,-1,1,-1
201534TM18515,1,9,0,18,0,0,0,0,0,6,1,1,6,1,24,5,1229,1,9,-1,1,-1
201534TM19685,1,9,0,11,0,0,1,0,1,4,2,1,2,1,64,9,2000,1,20,-1,2,-1
201534TM19685,2,21,1,18,0,0,0,0,0,0,1,1,1,1,60,9,-1,-1,-1,-1,-1,-1
201534TM20805,1,5,0,18,0,0,0,0,0,0,1,1,6,1,31,6,645,1,9,-1,1,-1
201534TM20805,2,9,0,3,0,0,0,0,0,0,2,1,6,1,50,8,1686,2,6,-1,1,-1
201534TM22385,1,19,0,12,0,0,0,0,0,0,0,1,6,3,-1,-1,-1,-1,-1,-1,-1,-1
201534TM22385,2,9,0,18,0,0,0,0,0,0,2,1,6,2,29,6,1399,2,4,-1,-1,-1
201534TM22385,3,21,0,18,0,0,0,0,0,0,1,1,1,1,60,9,12900,2,4,-1,-1,-1
201534TM22385,4,9,0,12,0,0,0,0,0,0,2,1,1,1,44,7,998,1,1,-1,1,-1
201534TM22385,5,9,0,18,0,0,0,0,0,0,1,1,6,1,42,7,1598,1,7,-1,1,-1
201534TM22845,1,9,0,18,0,0,0,0,5,7,3,1,6,1,24,5,1896,2,9,-1,1,-1
201534TM22845,2,21,1,18,0,0,0,0,0,0,4,1,6,1,57,9,11946,2,7,-1,-1,-1
201534TM23725,1,9,0,18,0,0,5,0,0,0,3,1,6,2,19,4,1229,1,5,-1,1,-1
201534TM23725,2,21,1,11,0,0,0,0,0,0,1,1,1,2,41,7,12777,2,5,-1,1,-1
201534TM24495,1,21,0,18,0,0,0,0,0,0,3,2,6,3,-1,-1,-1,-1,-1,-1,-1,-1
201534TM24495,2,8,0,18,0,0,0,0,0,0,4,1,1,3,55,8,2720,2,7,-1,3,-1
201534TM25265,1,98,1,12,0,0,0,0,0,0,3,1,6,3,-1,-1,-1,-1,-1,-1,-1,-1
201534TM25265,2,9,0,18,0,0,0,0,0,0,4,1,1,2,27,6,-1,-1,-1,-1,1,-1
201534TM27755,1,9,0,18,0,0,0,0,0,0,1,1,6,1,-1,-1,1796,1,15,-1,-1,-1
201534TM27755,2,9,0,18,0,0,0,0,0,0,2,1,6,1,42,7,1362,1,3,-1,1,-1
201534TM28235,1,21,0,13,0,0,0,0,0,0,4,1,1,1,60,9,12777,2,1,-1,3,-1
201534TM28235,2,9,0,18,0,0,0,0,4,0,3,1,6,1,24,5,1149,1,13,-1,1,-1
201534TM28325,1,21,0,18,0,0,0,0,0,0,3,1,6,3,-1,-1,-1,-1,-1,-1,-1,-1
201534TM28325,2,9,0,18,0,0,0,0,5,0,4,1,1,2,23,5,1498,1,8,-1,1,-1
201534TM28485,1,9,0,18,0,0,0,0,0,0,0,1,6,3,-1,-1,-1,-1,-1,-1,-1,-1
201534TM28485,2,9,0,18,0,0,1,0,1,9,2,1,6,2,42,7,1798,1,12,-1,1,-1
201534TM28555,1,21,1,18,0,0,0,0,0,0,1,1,1,1,46,8,-1,2,1,-1,1,-1
201534TM28555,2,21,1,3,0,0,0,0,0,0,2,1,1,1,53,8,10518,2,2,-1,1,-1
201534TM28555,3,21,1,3,0,0,0,0,0,0,2,1,1,1,51,8,10837,2,1,-1,1,-1
201534TM28555,4,9,0,3,0,0,0,0,0,0,2,1,6,1,51,8,1968,2,1,-1,1,-1
201534TM28555,5,21,0,3,0,0,0,0,0,0,2,1,1,1,25,5,10837,2,4,-1,1,-1
201534TM30765,1,19,0,18,0,0,0,0,0,0,1,1,6,1,31,6,2148,2,6,-1,-1,-1
201534TM30765,2,21,0,3,0,0,0,0,0,0,2,1,6,1,54,8,11967,2,2,-1,1,-1
201534TM31525,1,21,4,18,0,0,0,0,0,0,1,1,1,1,49,8,12900,2,8,-1,1,-1
201534TM31525,2,9,0,3,0,0,0,0,0,0,2,1,6,1,57,9,1968,2,-1,-1,2,-1
201534TM32325,1,9,0,11,0,8,0,0,0,0,1,1,6,2,-1,-1,1390,1,10,-1,-1,-1
201534TM32325,2,9,0,18,0,8,0,0,0,0,2,1,2,2,32,6,1582,2,1,-1,1,-1
201534TM32395,1,9,0,18,0,0,0,0,0,0,1,1,6,1,65,9,1596,1,6,-1,1,-1
201534TM32395,2,9,0,3,0,0,0,0,0,0,2,1,6,1,36,7,2967,2,2,-1,1,-1
201534TM32395,3,9,0,3,0,0,0,0,0,0,2,1,6,1,43,7,1598,2,-1,-1,1,-1
201534TM33075,1,21,0,18,0,0,0,0,0,0,1,1,1,1,36,7,4462,2,1,-1,-1,-1
201534TM33075,2,21,0,3,0,0,0,0,0,0,2,1,1,1,34,6,-1,-1,-1,-1,1,-1
201534TM33085,1,9,0,11,0,0,0,0,0,0,4,1,6,1,47,8,1685,2,2,-1,2,-1
201534TM33085,2,21,1,18,0,0,0,0,0,0,2,2,1,1,62,9,-1,-1,-1,-1,-1,-1
201534TM33095,1,21,0,18,0,0,0,0,0,0,1,1,6,3,-1,-1,12419,2,5,-1,-1,-1
201534TM33095,2,9,0,18,0,0,0,0,0,0,2,1,6,1,43,7,1896,2,8,-1,1,-1
201534TM33175,1,19,0,3,0,0,0,0,0,0,2,1,1,1,46,8,1998,2,11,-1,1,-1
201534TM33175,2,21,0,3,0,0,0,0,0,0,2,1,1,1,53,8,12419,2,4,-1,-1,-1
201534TM33175,3,21,0,18,0,0,0,0,0,0,1,1,1,1,43,7,2998,2,5,-1,1,-1
201534TM33185,1,19,0,18,0,0,0,0,0,0,1,1,6,1,59,9,1560,2,2,-1,1,-1
201534TM33185,2,9,0,3,0,0,0,0,0,0,2,1,6,2,24,5,1198,1,4,-1,1,-1
201534TM33185,3,9,0,3,0,0,0,0,0,0,2,1,6,2,77,11,1363,2,10,-1,1,-1
201534TM33195,1,9,0,18,0,0,0,0,0,0,1,1,6,1,52,8,1910,2,9,-1,1,-1
201534TM33195,2,21,0,18,0,0,0,0,0,0,2,1,6,3,-1,-1,-1,-1,-1,-1,-1,-1
201534TN80045,1,20,0,11,0,0,0,0,0,0,1,1,1,1,26,6,10837,2,-1,-1,1,-1
201534TN80045,2,3,0,18,0,0,0,10,1,0,3,1,6,1,45,7,124,1,2,-1,1,-1
201534TN80165,1,19,0,18,0,0,0,0,0,0,1,1,6,2,25,5,1753,2,12,-1,3,-1
201534TN80165,2,21,1,3,0,0,0,0,0,0,2,1,1,1,28,6,10518,2,6,-1,-1,-1
201534TN80275,1,21,0,18,0,0,0,0,0,0,0,1,1,1,45,7,12777,2,-1,-1,1,-1
201534TS31505,1,9,0,18,0,0,0,0,1,0,1,1,6,1,58,9,1560,2,1,-1,1,-1
201534TS80015,1,9,0,16,0,8,0,0,7,4,1,1,6,1,23,5,1396,1,14,-1,-1,-1
201534TS80065,1,9,0,18,0,0,2,0,1,4,1,1,1,1,40,7,1229,1,9,-1,1,-1
201534TS80075,1,9,0,9,0,8,0,0,1,0,2,1,6,1,78,11,998,1,16,-1,1,-1
201534TS80075,2,9,0,18,0,8,1,0,0,0,1,1,2,1,56,9,1686,2,2,-1,1,-1
201534TS80095,1,5,0,17,0,8,0,0,0,0,1,1,6,1,45,7,-1,-1,-1,-1,-1,-1
201534TS80095,2,5,0,16,0,8,0,0,0,0,1,1,6,1,25,5,998,1,6,-1,1,-1
201534TS80135,1,21,0,13,0,8,0,0,0,0,4,1,1,1,24,5,9200,2,9,-1,2,-1
201534TS80135,2,1,0,9,0,8,0,0,0,0,3,1,6,1,74,10,-1,-1,-1,-1,-1,-1
201534TS80185,1,9,0,18,0,0,0,0,7,10,1,1,6,1,71,10,1000,1,2,-1,-1,-1
201534TS80195,1,9,0,18,0,0,5,0,8,4,1,1,6,1,30,6,1396,1,22,-1,3,-1
201534TW80035,1,9,0,18,0,0,0,0,0,0,1,1,6,2,32,6,1124,1,16,-1,2,-1
201534TW80035,2,1,0,18,0,0,0,0,0,0,2,1,6,1,75,10,-1,-1,-1,-1,1,-1
201534TW80115,1,9,0,18,0,0,0,0,0,0,0,1,6,1,35,6,1198,1,10,-1,-1,-1
201534TW80115,2,9,0,18,0,0,0,0,0,0,1,1,6,1,23,5,1396,1,15,-1,1,-1
201534TW80115,3,9,0,18,0,0,0,0,0,0,4,1,6,2,-1,-1,1493,2,11,-1,-1,-1
201534TW80235,1,9,0,18,0,0,2,10,2,1,4,1,6,1,19,4,1199,1,12,-1,1,-1
201534TW80285,1,9,0,6,0,8,0,0,0,0,0,1,3,2,30,6,1596,1,8,-1,1,-1
201534TW80285,2,5,0,18,0,8,0,0,0,0,1,1,6,1,35,6,899,1,15,-1,1,-1
201534TW80295,1,5,0,16,0,0,0,0,0,0,0,1,6,1,57,9,955,1,13,-1,1,-1
201534WD00135,1,9,0,18,0,0,0,10,0,0,4,1,1,2,32,6,-1,-1,-1,-1,1,-1
201534WD00135,2,9,0,18,0,0,0,0,0,0,1,1,1,2,48,8,-1,-1,-1,-1,1,-1
201534WD00215,1,9,0,17,0,0,1,0,0,0,1,1,6,1,19,4,1229,1,8,-1,3,-1
201534WD00215,2,9,0,16,0,0,0,0,0,0,3,1,6,2,46,8,1997,1,13,-1,3,-1
201534WD00225,1,9,0,10,0,8,0,0,0,0,1,1,6,2,-1,-1,2204,2,9,-1,-1,-1
201534WD00255,1,19,0,18,0,8,0,0,0,0,1,1,6,1,-1,-1,-1,-1,-1,-1,-1,-1
201534WD00375,1,9,0,18,0,0,1,0,1,0,4,1,6,1,34,6,-1,-1,-1,-1,1,-1
201534WD00465,1,9,0,18,0,0,0,0,8,6,3,1,1,2,37,7,998,1,2,-1,3,-1
201534WD00475,1,9,0,18,0,0,0,0,0,0,1,1,2,2,20,4,1199,1,14,-1,-1,-1
201534WD00475,2,9,0,18,0,0,0,0,0,0,3,1,2,1,-1,-1,1596,1,1,-1,1,-1
201534WD00485,1,9,0,18,0,8,0,0,1,9,1,1,2,1,59,9,-1,-1,-1,-1,3,-1
201534WD00835,1,9,0,9,0,8,0,0,0,0,1,1,1,2,28,6,-1,-1,-1,-1,2,-1
201534WD00835,2,9,0,18,0,8,1,0,0,0,1,1,2,1,23,5,-1,-1,-1,-1,3,-1
201534WD01145,1,20,2,18,0,0,0,0,0,0,3,1,1,1,56,9,9603,2,19,-1,3,-1
201534WD01145,2,9,0,18,0,0,0,0,0,0,1,1,6,2,59,9,-1,-1,-1,-1,2,-1
201534WD01845,1,20,1,18,0,0,1,0,0,0,1,1,1,1,24,5,-1,-1,-1,-1,-1,-1
201534WD01845,2,20,1,3,0,0,0,0,0,0,2,1,1,1,28,6,-1,-1,-1,-1,1,-1
201534WD01845,3,9,0,3,0,0,0,0,0,0,2,1,2,1,64,9,-1,-1,-1,-1,3,-1
201534WD01845,4,9,0,3,0,0,0,0,0,0,2,1,2,1,29,6,1997,2,3,-1,1,-1
201534WD01845,5,9,0,3,0,0,0,0,0,0,2,1,2,1,54,8,1560,2,5,-1,1,-1
201534WD01845,6,9,0,3,0,0,0,0,0,0,2,1,1,1,38,7,1596,1,4,-1,1,-1
201534WD01955,1,9,0,18,0,8,1,0,0,0,1,1,2,2,44,7,1396,1,17,-1,2,-1
201534WD01955,2,9,0,3,0,8,0,0,0,0,2,1,2,1,44,7,1596,1,12,-1,1,-1
201534WD01955,3,9,0,10,0,8,0,0,0,0,2,1,2,1,54,8,1998,1,12,-1,3,-1
201534WD02225,1,19,0,18,0,0,0,0,2,3,1,1,1,1,52,8,-1,-1,-1,-1,1,-1
201534WD03075,1,9,0,18,0,0,0,0,0,0,1,1,6,1,23,5,1800,1,16,-1,1,-1
201534WD03075,2,9,0,13,0,0,0,0,0,0,3,1,2,1,61,9,2720,2,7,-1,2,-1
201534WD03195,1,9,0,13,0,0,0,0,0,0,0,1,6,3,-1,-1,-1,-1,-1,-1,-1,-1
201534WD03195,2,9,0,18,0,0,1,10,2,0,1,1,2,2,30,6,-1,-1,-1,-1,1,-1
201534WD03195,3,19,4,18,0,0,1,0,0,0,3,1,1,1,40,7,2143,2,1,-1,2,-1
201534WD03265,1,9,0,16,0,0,0,0,7,0,1,1,6,1,54,8,-1,-1,-1,-1,-1,-1
201534WD03455,1,20,0,18,0,0,0,0,0,0,1,2,1,1,56,9,-1,-1,-1,-1,-1,-1
201534WD03455,2,9,0,18,0,0,0,0,0,0,1,1,6,2,60,9,-1,-1,-1,-1,1,-1
201534WD03725,1,3,0,18,0,8,0,0,7,0,1,1,6,1,18,4,125,1,10,-1,1,-1
201534WD03725,2,9,0,18,0,8,0,0,0,0,1,1,6,1,-1,-1,1242,1,14,-1,-1,-1
201534WD04025,1,9,0,17,0,0,0,0,0,0,1,1,6,2,24,5,-1,-1,-1,-1,3,-1
201534WD04025,2,9,0,16,0,0,0,0,0,0,1,1,1,1,57,9,998,1,2,-1,-1,-1
201534WD04115,1,9,0,16,0,0,0,0,0,0,0,1,6,3,-1,-1,-1,-1,-1,-1,-1,-1
201534WD04115,2,3,0,17,0,0,0,0,1,10,0,1,2,1,21,5,124,1,-1,-1,2,-1
201534WD04205,1,9,0,6,0,0,0,0,0,0,3,1,2,2,46,8,1587,1,11,-1,3,-1
201534WD04205,2,5,0,18,0,0,0,0,0,0,1,1,2,1,35,6,-1,-1,-1,-1,1,-1
201534WD04275,1,9,0,18,0,8,0,0,1,2,4,1,6,1,19,4,-1,-1,-1,-1,1,-1
201534WD04765,1,19,0,9,0,8,0,0,0,0,1,1,1,1,41,7,2800,2,11,-1,2,-1
201534WD04765,2,9,0,18,0,8,0,0,0,0,1,1,2,1,52,8,1686,2,9,-1,1,-1
201534WD04775,1,9,0,18,0,0,0,0,0,0,1,1,6,2,85,11,-1,-1,-1,-1,1,-1
201534WD04775,2,9,0,3,0,0,0,0,0,0,2,1,6,2,55,8,-1,-1,-1,-1,1,-1
201534WD04775,3,9,0,3,0,0,0,0,0,0,2,1,2,1,61,9,1598,2,4,-1,1,-1
201534WD04855,1,9,0,18,0,8,0,0,0,0,1,1,2,2,59,9,1597,2,2,-1,1,-1
201534WD04855,2,9,0,18,0,8,0,0,0,0,1,1,6,1,34,6,1968,2,3,-1,3,-1
201534WD04855,3,9,0,3,0,8,0,0,0,0,1,1,2,1,51,8,1998,1,21,-1,3,-1
201534WD05225,1,9,0,16,0,0,0,0,7,11,1,1,6,2,25,5,1998,2,1,-1,1,-1
201534WD05495,1,9,0,18,0,0,0,0,0,0,1,1,6,1,74,10,-1,-1,-1,-1,3,-1
201534WD05495,2,9,0,18,0,0,0,0,0,0,2,1,6,1,35,6,1995,2,3,-1,3,-1
201534WD05505,1,11,0,18,0,8,0,0,0,0,1,1,1,1,55,8,-1,2,23,-1,2,-1
201534WD05505,2,9,0,3,0,8,0,0,0,0,2,1,3,2,38,7,-1,-1,-1,-1,1,-1
201534WD05675,1,9,0,18,0,0,0,0,1,3,1,1,6,1,84,11,1360,1,9,-1,1,-1
201534WD06005,1,9,0,17,0,0,5,0,8,9,1,1,2,2,29,6,1896,2,10,-1,1,-1
201534WD06615,1,19,0,18,0,0,0,0,0,0,1,2,6,1,28,6,-1,-1,-1,-1,-1,-1
201534WD06615,2,21,0,3,0,0,0,0,0,0,2,1,6,1,-1,-1,12740,2,5,-1,-1,-1
201534WD06705,1,9,0,18,0,8,1,0,0,0,1,1,6,1,19,4,1390,1,15,-1,2,-1
201534WD06705,2,9,0,10,0,8,0,0,0,0,2,1,6,2,54,8,1242,1,3,-1,1,-1
201534WD06985,1,9,0,18,0,0,0,10,1,0,1,1,6,1,-1,-1,-1,-1,-1,-1,-1,-1
201534WD06985,2,9,0,2,0,0,0,0,0,0,2,1,1,1,31,6,1560,2,1,-1,1,-1
201534WD07655,1,9,0,13,0,0,0,0,0,0,3,1,6,1,46,8,1590,1,13,-1,2,-1
201534WD07655,2,1,0,18,0,0,0,0,0,0,3,1,6,1,48,8,-1,-1,-1,-1,3,-1
201534WD07975,1,9,0,18,0,8,0,0,0,0,1,1,6,2,39,7,1598,1,8,-1,1,-1
201534WD07975,2,9,0,18,0,8,0,0,0,0,1,1,2,2,25,5,1339,1,7,-1,2,-1
201534WD08815,1,9,0,6,0,0,0,0,0,0,3,1,2,1,42,7,1598,2,4,-1,1,-1
201534WD08815,2,5,0,18,0,0,1,0,0,0,1,1,1,1,32,6,1043,1,2,-1,2,-1
201534WD08855,1,21,1,18,0,8,0,0,0,0,1,1,1,1,31,6,12902,2,1,-1,1,-1
201534WD08855,2,9,0,3,0,8,0,0,0,0,2,1,6,2,55,8,-1,-1,-1,-1,-1,-1
201534WD08945,1,9,0,14,0,8,0,0,0,0,1,1,6,2,63,9,1796,1,12,-1,1,-1
201534WD08945,2,11,0,2,0,8,0,0,0,0,0,1,1,1,43,7,9000,2,7,-1,1,-1
201534WD08965,1,9,0,9,0,8,0,0,0,0,1,1,6,1,31,6,-1,-1,-1,-1,2,-1
201534WD08965,2,9,0,3,0,8,0,0,0,0,3,1,6,1,21,5,1870,2,10,-1,1,-1
201534WD08975,1,9,0,3,0,8,0,0,0,0,2,1,6,2,57,9,1968,2,3,-1,2,-1
201534WD08975,2,19,0,18,0,8,0,0,0,0,1,1,6,1,53,8,-1,-1,-1,-1,-1,-1
201534WD09235,1,19,0,16,0,8,0,0,7,11,1,1,1,1,40,7,2198,2,-1,-1,1,-1
201534WD09235,2,9,0,17,0,8,0,0,0,0,3,1,2,2,52,8,2179,2,2,-1,3,-1
201534WD09565,1,9,0,18,0,0,0,0,0,0,1,1,6,2,79,11,2967,2,-1,-1,3,-1
201534WD09565,2,9,0,18,0,0,0,0,0,0,2,1,6,1,20,4,2143,2,2,-1,1,-1
201534WD09565,3,9,0,3,0,0,0,0,0,0,2,1,6,1,79,11,2987,2,-1,-1,3,-1
201534WD09625,1,9,0,17,0,8,0,0,0,0,1,1,6,1,74,10,1461,2,-1,-1,2,-1
201534WD09625,2,9,0,18,0,8,0,0,7,9,1,1,6,1,82,11,1598,1,10,-1,2,-1
201534WD10155,1,9,0,18,0,8,0,0,0,0,1,1,2,2,50,8,1242,1,3,-1,1,-1
201534WD10155,2,9,0,3,0,8,0,0,0,0,2,1,2,2,39,7,1299,1,15,-1,1,-1
201534WD10175,1,9,0,17,0,0,0,0,2,11,1,1,6,1,25,5,1599,1,7,-1,1,-1
201534WD10295,1,9,0,14,0,8,0,0,0,0,1,1,2,1,50,8,1242,1,1,-1,1,-1
201534WD10295,2,9,0,9,0,8,0,0,0,0,3,1,2,1,27,6,1198,1,7,-1,1,-1
201534WD10375,1,19,0,13,0,0,1,0,7,0,1,1,1,1,40,7,-1,-1,-1,-1,1,-1
201534WD10375,2,19,0,18,0,0,0,0,1,0,2,1,1,1,46,8,2402,2,5,-1,1,-1
201534WD10775,1,9,0,18,0,0,0,0,0,0,1,1,6,1,18,4,1199,1,13,-1,3,-1
201534WD10775,2,9,0,18,0,0,0,0,0,0,1,1,6,2,20,4,1229,1,1,-1,3,-1
201534WD10795,1,19,0,18,0,0,0,0,0,0,2,1,6,1,44,7,2463,2,11,-1,1,-1
201534WD10795,2,20,1,18,0,0,0,0,0,0,1,1,1,1,54,8,10837,2,2,-1,-1,-1
201534WD11265,1,9,0,18,0,8,0,0,0,0,0,1,6,3,-1,-1,-1,-1,-1,-1,-1,-1
201534WD11265,2,9,0,18,0,8,0,0,0,0,0,1,2,2,28,6,1149,1,7,-1,3,-1
201534WD11265,3,9,0,18,0,8,0,0,0,0,0,1,6,3,-1,-1,-1,-1,-1,-1,-1,-1
201534WD11265,4,9,0,18,0,8,0,0,0,0,1,1,6,3,-1,-1,-1,-1,-1,-1,-1,-1
201534WD11295,1,9,0,18,0,8,0,0,1,2,1,1,6,1,30,6,1910,2,7,-1,1,-1
201534WD11375,1,9,0,17,0,0,0,0,1,4,1,1,6,2,18,4,-1,-1,-1,-1,1,-1
201534WD11905,1,3,0,18,0,0,0,0,1,11,1,1,6,1,24,5,-1,-1,-1,-1,2,-1
201534WD12005,1,19,0,18,0,8,0,0,0,0,1,1,6,1,-1,-1,-1,-1,-1,-1,3,-1
201534WD12005,2,1,0,18,0,8,0,0,0,0,1,1,6,1,34,6,-1,-1,-1,-1,1,-1
201534WD12015,1,9,0,18,0,8,0,0,0,0,2,1,2,1,32,6,1968,2,11,-1,1,-1
201534WD12015,2,5,0,18,0,8,0,0,0,0,1,1,6,1,34,6,689,1,1,-1,1,-1
201534WD12385,1,9,0,9,0,8,0,0,0,0,3,1,2,1,51,8,1798,1,2,-1,3,-1
201534WD12385,2,3,0,14,0,8,0,0,0,0,1,1,2,1,62,9,124,1,14,-1,1,-1
201534WD12665,1,9,0,18,0,8,5,0,7,0,4,1,6,1,58,9,2993,2,2,-1,1,-1
201534WD12665,2,9,0,18,0,8,0,0,0,0,1,1,2,1,53,8,1596,1,9,-1,3,-1
201534WD12685,1,9,0,17,0,0,5,0,1,10,1,1,6,1,-1,-1,-1,-1,-1,-1,-1,-1
201534WD12695,1,9,0,9,0,8,0,0,0,0,1,1,6,1,31,6,1781,1,11,-1,1,-1
201534WD12695,2,9,0,18,0,8,0,0,0,0,3,1,6,2,23,5,998,1,-1,-1,1,-1
201534WD12875,1,9,0,18,0,8,0,0,0,0,1,1,2,1,21,5,1298,1,15,-1,3,-1
201534WD12875,2,9,0,3,0,8,0,0,0,0,2,1,6,1,42,7,1995,2,1,-1,1,-1
201534WD12875,3,9,0,3,0,8,0,0,0,0,2,1,6,1,41,7,1968,2,2,-1,3,-1
201534WD12875,4,9,0,10,0,8,0,0,0,0,2,1,6,1,22,5,1587,1,10,-1,1,-1
201534WD12875,5,9,0,9,0,8,0,0,0,0,0,1,6,3,-1,-1,-1,-1,-1,-1,-1,-1
201534WD12965,1,9,0,18,0,0,2,0,0,0,1,1,6,2,68,10,1242,1,11,-1,1,-1
201534WD12965,2,9,0,2,0,0,0,0,0,0,1,1,6,3,-1,-1,1999,1,13,-1,-1,-1
201534WD13235,1,9,0,17,0,0,1,0,0,7,1,1,2,2,60,9,1596,1,10,-1,1,-1
201534WD13245,1,9,0,18,0,8,1,0,0,0,1,1,6,2,25,5,1240,1,12,-1,1,-1
201534WD13245,2,9,0,18,0,8,0,0,0,0,1,1,6,1,17,4,1398,2,3,-1,3,-1
201534WD13255,1,3,0,18,0,0,0,0,0,0,1,1,2,2,23,5,125,1,1,-1,1,-1
201534WD13255,2,16,0,18,0,0,0,0,0,0,0,1,6,2,37,7,-1,-1,-1,-1,1,-1
201534WD14445,1,21,0,6,0,8,0,0,0,0,0,1,6,3,-1,-1,12777,2,4,-1,-1,-1
201534WD14445,2,21,1,18,0,8,0,0,0,0,1,1,1,1,31,6,11967,2,3,-1,1,-1
201534WD14445,3,20,1,18,0,8,1,0,0,0,2,1,1,1,62,9,-1,-1,-1,-1,3,-1
201534WD14445,4,9,0,18,0,8,0,0,0,0,2,1,6,2,28,6,1329,1,5,-1,1,-1
201534WD14445,5,19,0,18,0,8,0,0,0,0,2,1,1,1,20,4,1753,2,2,-1,-1,-1
201534WD14475,1,9,0,18,0,0,0,0,1,0,1,1,2,1,22,5,1229,1,1,-1,2,-1
201534WD14995,1,9,0,18,0,8,1,0,0,0,1,1,1,1,40,7,1329,1,3,-1,3,-1
201534WD14995,2,5,0,18,0,8,1,0,0,0,1,1,6,1,50,8,1000,1,5,-1,1,-1
201534WD15015,1,9,0,17,0,8,0,0,0,0,1,1,2,2,32,6,1997,2,-1,-1,3,-1
201534WD15015,2,9,0,16,0,8,0,0,0,0,1,1,1,2,55,8,998,1,3,-1,3,-1
201534WD15485,1,2,0,16,0,8,0,0,0,0,1,1,2,1,22,5,49,1,9,-1,2,-1
201534WD15515,1,9,0,18,0,8,0,0,0,0,1,1,6,1,28,6,1999,1,2,-1,3,-1
201534WD15515,2,9,0,18,0,8,0,0,0,0,1,1,6,1,25,5,2800,1,16,-1,1,-1
201534WD15975,1,9,0,1,0,0,0,0,0,0,2,1,6,1,-1,-1,2497,1,14,-1,-1,-1
201534WD15975,2,9,0,18,0,0,0,0,0,0,1,1,1,2,26,6,1242,1,-1,-1,1,-1
201534WD16105,1,9,0,18,0,8,0,0,0,0,1,1,6,2,-1,-1,1598,1,10,-1,-1,-1
201534WD16105,2,9,0,3,0,8,0,0,0,0,2,1,2,2,43,7,1998,1,10,-1,-1,-1
201534WD16195,1,9,0,18,0,8,0,0,0,0,1,1,6,1,22,5,1149,1,5,-1,1,-1
201534WD16195,2,9,0,18,0,8,0,0,0,0,1,1,2,1,19,4,1299,1,14,-1,1,-1
201534WD16395,1,9,0,18,0,8,0,0,0,0,1,1,6,1,87,11,-1,-1,-1,-1,3,-1