Accident_Index,Vehicle_Reference,Vehicle_Type,Towing_and_Articulation,Vehicle_Manoeuvre,Vehicle_Location-Restricted_Lane,Junction_Location,Skidding_and_Overturning,Hit_Object_in_Carriageway,Vehicle_Leaving_Carriageway,Hit_Object_off_Carriageway,1st_Point_of_Impact,Was_Vehicle_Left_Hand_Drive?,Journey_Purpose_of_Driver,Sex_of_Driver,Age_of_Driver,Age_Band_of_Driver,Engine_Capacity_(CC),Propulsion_Code,Age_of_Vehicle,Driver_IMD_Decile,Driver_Home_Area_Type,Vehicle_IMD_Decile
201534WD16395,2,9,0,18,0,8,0,0,7,9,1,1,2,1,49,8,1582,2,4,-1,1,-1
201534WD16495,1,9,0,18,0,8,0,0,0,0,1,1,2,1,61,9,1461,2,2,-1,3,-1
201534WD16495,2,1,0,18,0,8,0,0,0,0,1,1,6,1,24,5,-1,-1,-1,-1,2,-1
201534WD16515,1,9,0,18,0,8,0,0,0,0,1,1,6,2,74,10,1328,1,11,-1,-1,-1
201534WD17255,1,21,0,11,0,0,0,0,0,0,1,1,1,1,33,6,-1,2,16,-1,2,-1
201534WD17255,2,9,0,18,0,0,1,0,0,0,3,1,6,2,52,8,1398,1,-1,-1,1,-1
201534WD17405,1,9,0,18,0,0,0,0,0,0,0,1,6,1,18,4,1124,1,13,-1,1,-1
201534WD17445,1,9,0,18,0,8,0,0,0,0,1,1,6,1,35,6,-1,-1,-1,-1,1,-1
201534WD17445,2,19,0,2,0,8,0,0,0,0,1,1,6,1,45,7,2198,2,6,-1,1,-1
201534WD17445,3,19,0,2,0,8,0,0,0,0,1,1,6,1,43,7,-1,-1,-1,-1,1,-1
201534WD17445,4,9,0,2,0,8,0,0,0,0,1,1,6,2,-1,-1,1598,1,5,-1,1,-1
201534WD17445,5,9,0,2,0,8,0,0,0,0,1,1,6,1,-1,-1,1598,1,11,-1,1,-1
201534WD17505,1,11,0,18,0,8,0,0,0,0,3,1,1,1,64,9,4250,2,9,-1,1,-1
201534WD17505,2,9,0,13,0,8,0,10,0,0,4,1,1,1,39,7,1587,1,9,-1,1,-1
201534WD17535,1,9,0,9,0,8,0,0,0,0,2,1,2,2,34,6,-1,-1,-1,-1,3,-1
201534WD17535,2,9,0,18,0,8,1,0,0,0,1,1,2,1,34,6,1969,2,1,-1,2,-1
201534WD17535,3,9,0,18,0,8,0,0,0,0,1,1,2,2,32,6,1598,1,11,-1,2,-1
201534WD17805,1,9,0,18,0,0,0,0,0,0,1,1,3,2,36,7,1686,2,6,-1,2,-1
201534WD17855,1,9,0,17,0,0,0,0,1,0,1,1,6,1,19,4,1995,2,11,-1,-1,-1
201534WD17855,2,9,0,17,0,0,0,0,1,0,1,1,6,1,21,5,1998,1,13,-1,1,-1
201534WD18455,1,5,0,18,0,0,0,0,1,0,4,1,6,1,61,9,999,1,9,-1,-1,-1
201534WD18495,1,9,0,18,0,8,0,0,0,0,1,1,6,1,75,10,1997,1,4,-1,1,-1
201534WD18495,2,9,0,18,0,8,0,0,0,0,2,1,6,2,56,9,998,1,7,-1,3,-1
201534WD18625,1,5,0,16,0,0,1,0,0,0,3,1,6,1,31,6,-1,-1,-1,-1,1,-1
201534WD18625,2,9,0,18,0,0,0,0,0,0,1,1,6,2,57,9,1461,2,-1,-1,1,-1
201534WD18685,1,9,0,18,0,0,0,0,0,0,1,1,6,1,33,6,1984,1,14,-1,-1,-1
201534WD18685,2,9,0,3,0,0,0,0,0,0,2,1,6,2,42,7,1398,1,3,-1,1,-1
201534WD18815,1,21,1,9,0,8,0,0,0,0,2,2,1,1,48,8,-1,-1,-1,-1,-1,-1
201534WD18815,2,9,0,18,0,8,0,0,0,0,1,1,1,1,26,6,-1,-1,-1,-1,1,-1
201534WD18935,1,9,0,18,0,8,0,0,0,0,3,1,2,2,57,9,999,1,2,-1,2,-1
201534WD18935,2,3,0,9,0,8,0,0,0,0,3,1,2,1,17,4,-1,-1,-1,-1,3,-1
201534WD18945,1,9,0,18,0,8,0,9,7,2,1,1,6,1,21,5,1598,1,11,-1,1,-1
201534WD19115,1,9,0,18,0,0,0,0,7,0,1,1,2,1,19,4,1586,1,5,-1,1,-1
201534WD19115,2,9,0,18,0,0,5,0,7,0,1,1,2,2,47,8,-1,-1,-1,-1,3,-1
201534WD19115,3,9,0,18,0,0,0,0,0,0,3,1,2,2,50,8,2000,2,9,-1,1,-1
201534WD19225,1,9,0,9,0,8,0,0,0,0,1,1,6,2,19,4,1242,1,5,-1,3,-1
201534WD19225,2,9,0,18,0,8,0,0,0,0,3,1,2,1,50,8,998,1,1,-1,1,-1
201534WD19305,1,9,0,13,0,0,0,0,0,0,4,1,6,1,-1,-1,-1,-1,-1,-1,-1,-1
201534WD19305,2,9,0,18,0,0,0,0,0,0,3,1,6,2,45,7,-1,-1,-1,-1,1,-1
201534WD19895,1,9,0,18,0,0,0,0,1,10,1,1,6,1,45,7,1398,2,5,-1,1,-1
201534WD19905,1,9,0,16,0,0,1,0,7,10,1,1,6,2,24,5,1299,1,8,-1,1,-1
201534WD19915,1,9,0,14,0,0,0,0,0,0,0,1,6,1,54,8,-1,-1,-1,-1,1,-1
201534WD19915,2,9,0,18,0,0,0,0,0,0,1,1,2,2,22,5,1149,1,11,-1,2,-1
201534WD19915,3,9,0,3,0,0,0,0,0,0,2,1,2,2,51,8,1560,2,1,-1,-1,-1
201534WD19915,4,9,0,3,0,0,0,0,0,0,2,1,6,1,33,6,1242,1,4,-1,-1,-1
201534WD20935,1,9,0,7,0,8,0,0,0,0,1,1,1,1,42,7,-1,-1,-1,-1,1,-1
201534WD20935,2,1,0,18,0,8,0,0,0,0,1,1,6,2,23,5,-1,-1,-1,-1,1,-1
201534WD21155,1,19,0,18,0,0,0,0,0,0,1,1,6,1,32,6,2198,2,4,-1,1,-1
201534WD21165,1,9,0,16,0,0,2,0,1,9,1,1,2,2,26,6,1229,1,10,-1,1,-1
201534WD21805,1,9,0,18,0,0,0,0,0,0,4,1,6,3,-1,-1,-1,-1,-1,-1,-1,-1
201534WD22235,1,9,0,6,0,0,0,0,0,0,1,1,6,2,26,6,1596,1,11,-1,1,-1
201534WD22235,2,5,0,18,0,0,0,0,0,0,1,1,2,1,27,6,675,1,2,-1,1,-1
201534WD22235,3,9,0,18,0,0,0,0,0,0,1,1,1,2,22,5,1242,1,2,-1,1,-1
201534WD22545,1,9,0,18,0,0,0,0,0,0,1,1,6,1,66,10,1360,1,4,-1,2,-1
201534WD22545,2,9,0,18,0,0,0,0,0,0,1,1,6,1,-1,-1,-1,-1,-1,-1,-1,-1
201534WD22585,1,9,0,5,0,8,0,0,0,0,1,1,3,2,42,7,1598,2,4,-1,3,-1
201534WD22585,2,9,0,18,0,8,0,0,0,0,1,1,3,1,27,6,1997,2,1,-1,3,-1
201534WD22825,1,9,0,17,0,0,0,0,0,0,1,1,6,2,47,8,1560,2,1,-1,2,-1
201534WD22825,2,9,0,16,0,0,0,0,0,0,1,1,3,2,28,6,1598,1,4,-1,1,-1
201534WD23065,1,9,0,18,0,8,5,9,7,0,3,1,1,1,17,4,1149,1,12,-1,2,-1
201534WD23215,1,9,0,18,0,0,1,0,1,0,1,1,6,2,67,10,1390,1,10,-1,-1,-1
201534WD23225,1,9,0,18,0,0,1,0,2,0,1,1,1,2,18,4,-1,-1,-1,-1,2,-1
201534WD23225,2,9,0,18,0,0,0,0,0,0,1,1,4,2,37,7,1753,2,7,-1,-1,-1
201534WD23405,1,9,0,16,0,0,1,0,0,0,1,1,6,1,31,6,1988,1,12,-1,-1,-1
201534WD23515,1,9,0,18,0,8,0,0,1,0,3,1,1,1,48,8,1560,2,1,-1,1,-1
201534WD23515,2,9,0,18,0,8,0,0,7,0,1,1,1,1,61,9,4367,2,-1,-1,3,-1
201534WD23805,1,9,0,18,0,8,0,0,0,0,3,1,6,2,41,7,999,1,1,-1,-1,-1
201534WD23805,2,9,0,18,0,8,0,0,0,0,4,1,6,1,70,10,-1,-1,-1,-1,-1,-1
201534WD23995,1,9,0,18,0,0,0,0,8,4,0,1,6,1,17,4,1989,1,16,-1,2,-1
201534WD24005,1,9,0,9,0,8,0,0,0,0,4,1,3,2,48,8,1598,2,2,-1,1,-1
201534WD24005,2,9,0,18,0,8,1,0,0,0,1,1,6,1,70,10,2179,2,1,-1,2,-1
201534WD24625,1,9,0,16,0,0,2,0,7,0,4,1,1,2,27,6,1299,1,13,-1,1,-1
201534WD24625,2,9,0,18,0,0,0,0,0,0,1,1,1,2,21,5,1248,1,5,-1,1,-1
201534WD24625,3,21,0,2,0,0,0,0,0,0,0,1,1,1,55,8,11000,2,16,-1,-1,-1
201534WD24645,1,9,0,16,0,0,2,0,7,10,1,1,6,1,21,5,1560,2,10,-1,2,-1
201534WD24665,1,19,0,17,0,0,0,0,0,0,1,1,2,1,40,7,1248,2,-1,-1,3,-1
201534WD24665,2,1,0,17,0,0,0,0,0,0,2,1,1,2,39,7,-1,-1,-1,-1,2,-1
201534WD24705,1,21,4,18,0,8,0,0,0,0,1,1,1,1,22,5,-1,-1,-1,-1,-1,-1
201534WD24705,2,8,0,9,0,8,0,0,0,0,2,1,1,1,48,8,-1,-1,-1,-1,1,-1
201534WD24765,1,9,0,6,0,0,0,0,0,0,3,1,6,1,36,7,1360,1,9,-1,2,-1
201534WD24765,2,5,0,18,0,0,0,0,0,0,1,1,6,1,49,8,1043,1,-1,-1,1,-1
201534WD25165,1,9,0,17,0,0,0,0,1,4,1,1,6,1,32,6,1896,2,14,-1,3,-1
201534WD25175,1,8,0,9,0,8,0,0,0,0,1,1,1,1,59,9,2497,2,4,-1,1,-1
201534WD25175,2,9,0,18,0,8,0,0,0,0,1,1,1,1,18,4,-1,-1,-1,-1,1,-1
201534WD26555,1,19,4,18,0,8,1,0,0,0,1,1,6,1,68,10,2874,2,16,-1,3,-1
201534WD26555,2,9,0,3,0,8,0,0,0,0,2,1,1,1,45,7,-1,-1,-1,-1,2,-1
201534WD26925,1,19,0,9,0,8,0,0,0,0,1,1,6,1,-1,-1,-1,-1,-1,-1,-1,-1
201534WD26925,2,5,0,18,0,8,0,0,0,0,1,1,6,1,52,8,-1,-1,-1,-1,1,-1
201534WD27065,1,19,0,18,0,8,0,0,0,0,4,1,1,1,44,7,2402,2,15,-1,-1,-1
201534WD27065,2,1,0,18,0,8,0,0,0,0,1,1,6,2,32,6,-1,-1,-1,-1,3,-1
201534WD27075,1,9,0,9,0,8,0,0,0,0,1,1,1,1,51,8,2143,2,3,-1,3,-1
201534WD27075,2,5,0,18,0,8,0,0,0,0,1,1,1,1,51,8,599,1,4,-1,2,-1
201534WD28035,1,21,1,18,0,0,1,0,0,0,1,1,1,1,61,9,12902,2,2,-1,-1,-1
201534WD28035,2,21,1,18,0,0,0,0,0,0,2,1,1,1,63,9,12900,2,8,-1,3,-1
201534WD28495,1,8,0,18,0,8,0,0,0,0,4,1,1,1,-1,-1,2499,2,8,-1,-1,-1
201534WD28545,1,3,0,18,0,8,0,0,0,0,4,1,1,2,49,8,125,1,3,-1,1,-1
201534WD28565,1,9,0,18,0,0,0,0,0,0,1,1,6,1,29,6,1995,2,13,-1,1,-1
201534WD28565,2,9,0,3,0,0,0,0,0,0,2,1,3,2,34,6,-1,-1,-1,-1,1,-1
201534WD28695,1,21,0,18,0,0,0,0,1,9,1,1,1,1,53,8,2287,2,2,-1,1,-1
201534WD28775,1,17,4,16,0,0,0,0,0,0,1,1,1,1,34,6,-1,2,6,-1,3,-1
201534WD28775,2,9,0,17,0,0,0,0,1,0,1,1,6,1,43,7,-1,-1,-1,-1,3,-1
201534WD28925,1,9,0,18,0,8,0,0,0,0,1,1,6,2,-1,-1,1560,2,5,-1,-1,-1
201534WD28925,2,8,0,10,0,8,0,0,0,0,2,1,1,1,33,6,1596,1,2,-1,1,-1
201534WD29215,1,9,0,18,0,8,0,0,0,0,1,1,6,1,73,10,998,1,-1,-1,1,-1
201534WD29215,2,9,0,3,0,8,0,0,0,0,2,1,6,1,56,9,1999,1,5,-1,1,-1
201534WD29225,1,2,0,12,0,0,1,0,0,0,0,1,6,1,47,8,50,1,3,-1,1,-1
201534WD29755,1,9,0,18,0,0,0,0,1,0,1,1,6,1,27,6,1870,2,16,-1,3,-1
201534WD29785,1,9,0,18,0,0,0,0,7,9,1,1,6,1,73,10,2720,2,8,-1,2,-1
201534WD29925,1,9,0,2,0,0,0,0,0,0,3,1,6,1,41,7,1598,2,1,-1,2,-1
201534WD29925,2,8,0,14,0,0,0,0,0,0,4,1,1,1,33,6,1598,2,3,-1,1,-1
201534WD30035,1,9,0,18,0,8,0,0,0,0,1,1,6,2,61,9,1910,2,9,-1,2,-1
201534WD30035,2,9,0,18,0,8,0,0,7,10,4,1,1,1,31,6,1598,1,9,-1,1,-1
201534WD30105,1,9,0,9,0,8,0,0,0,0,1,1,2,1,24,5,1956,2,5,-1,3,-1
201534WD30105,2,5,0,18,0,8,0,0,0,0,1,1,6,1,56,9,675,1,7,-1,3,-1
201534WD30105,3,9,0,3,0,8,0,0,0,0,1,1,6,2,53,8,1242,1,1,-1,1,-1
201534WD30145,1,9,0,7,0,8,0,0,0,0,1,1,6,2,25,5,1242,1,-1,-1,3,-1
201534WD30145,2,9,0,18,0,8,0,0,0,0,1,1,6,2,29,6,1349,1,6,-1,1,-1
201534WD30255,1,9,0,7,0,8,0,0,0,0,1,1,6,3,-1,-1,2495,2,10,-1,-1,-1
201534WD30255,2,9,0,18,0,8,0,10,0,0,3,1,1,2,30,6,1753,2,9,-1,2,-1
201534WD30305,1,9,0,18,0,0,0,0,0,0,1,1,6,1,18,4,973,1,13,-1,1,-1
201534WD30305,2,9,0,3,0,0,0,0,0,0,2,1,6,2,24,5,1197,1,1,-1,2,-1
201534WD30305,3,9,0,3,0,0,0,0,0,0,2,1,2,1,41,7,-1,-1,-1,-1,-1,-1
201534WD30505,1,9,0,18,0,0,0,0,0,0,1,1,2,1,25,5,1896,2,15,-1,1,-1
201534WD30505,2,9,0,3,0,0,0,0,0,0,2,1,2,2,45,7,1968,2,2,-1,-1,-1
201534WD30505,3,9,0,3,0,0,0,0,0,0,2,1,2,1,32,6,1997,2,-1,-1,1,-1
201534WD30515,1,9,0,17,0,0,1,0,7,0,3,1,1,2,42,7,1798,1,7,-1,1,-1
201534WD30545,1,9,0,17,0,0,1,0,7,4,3,1,6,1,23,5,-1,-1,-1,-1,1,-1
201534WD31305,1,9,0,18,0,0,0,0,1,4,1,1,6,1,21,5,-1,-1,-1,-1,2,-1
201534WD31365,1,9,0,16,0,0,1,0,0,0,1,1,6,2,56,9,1560,2,4,-1,2,-1
201534WD31365,2,9,0,17,0,0,0,0,0,0,1,1,6,2,61,9,3199,1,12,-1,2,-1
201534WD31375,1,9,0,9,0,8,0,0,0,0,1,1,6,2,-1,-1,1560,2,3,-1,2,-1
201534WD31375,2,9,0,18,0,8,1,0,0,0,1,1,6,1,21,5,1199,1,16,-1,-1,-1
201534WD31695,1,9,0,18,0,0,0,0,0,0,4,1,2,2,50,8,1499,2,2,-1,3,-1
201534WD31705,1,9,0,18,0,8,0,0,0,0,0,1,6,1,-1,-1,-1,-1,-1,-1,-1,-1
201534WD31705,2,1,0,18,0,8,0,0,0,0,0,1,6,1,22,5,-1,-1,-1,-1,3,-1
201534WD31865,1,21,0,1,0,0,0,0,0,0,4,1,1,1,50,8,-1,-1,-1,-1,-1,-1
201534WD32215,1,9,0,17,0,0,0,0,7,9,1,1,2,2,21,5,1299,1,12,-1,1,-1
201534WD32285,1,9,0,17,0,0,2,0,7,9,1,1,6,1,19,4,-1,-1,-1,-1,1,-1
201534WD33125,1,9,0,9,0,8,0,0,0,0,3,1,6,2,64,9,1198,1,-1,-1,-1,-1
201534WD33125,2,9,0,18,0,8,0,0,0,0,1,1,6,2,22,5,-1,-1,-1,-1,1,-1
201534WD33415,1,9,0,17,0,0,1,0,7,0,1,1,6,1,25,5,-1,-1,-1,-1,1,-1
201534WD33425,1,9,0,9,0,8,0,0,0,0,1,1,6,1,-1,-1,1997,2,14,-1,-1,-1
201534WD33425,2,9,0,18,0,8,0,0,0,0,1,1,6,1,39,7,1968,2,-1,-1,3,-1
201534WD33575,1,5,0,18,0,0,0,0,7,0,3,1,6,1,33,6,599,1,15,-1,-1,-1
201534WD33665,1,9,0,18,0,8,0,0,0,0,2,1,1,1,58,9,1995,2,1,-1,1,-1
201534WD33665,2,1,0,18,0,8,0,0,0,0,1,1,6,1,39,7,-1,-1,-1,-1,-1,-1
201534WD34105,1,9,0,18,0,8,0,0,0,0,1,1,2,1,34,6,-1,-1,-1,-1,1,-1
201534WD34105,2,5,0,18,0,8,0,0,0,0,2,1,2,1,53,8,1300,1,14,-1,1,-1
201534WN00275,1,9,0,9,0,8,0,0,0,0,1,1,6,1,20,4,1149,1,11,-1,-1,-1
201534WN00275,2,1,0,18,0,8,0,0,0,0,1,1,6,1,44,7,-1,-1,-1,-1,1,-1
201534WN00355,1,9,0,9,0,0,0,0,0,0,1,1,6,1,-1,-1,999,1,15,-1,-1,-1
201534WN00355,2,3,0,18,0,0,0,0,0,0,1,1,6,1,23,5,-1,-1,-1,-1,1,-1
201534WN00365,1,9,0,18,0,0,0,0,0,0,4,1,6,3,-1,-1,-1,-1,-1,-1,-1,-1
201534WN00445,1,19,0,18,0,0,0,0,0,0,1,1,6,1,-1,-1,-1,-1,-1,-1,-1,-1
201534WN00445,2,9,0,10,0,0,0,0,0,0,2,1,1,1,41,7,-1,-1,-1,-1,1,-1
201534WN00655,1,9,0,18,0,8,0,0,0,0,1,1,6,3,-1,-1,1388,1,10,-1,-1,-1
201534WN00655,2,9,0,18,0,8,0,0,0,0,2,1,6,2,41,7,1896,2,10,-1,1,-1
201534WN00665,1,9,0,7,0,8,0,0,0,0,1,1,2,1,51,8,-1,-1,-1,-1,1,-1
201534WN00685,1,9,0,18,0,8,0,0,0,0,1,1,2,2,57,9,-1,-1,-1,-1,1,-1
201534WN00685,2,9,0,18,0,8,0,0,0,0,1,1,6,2,22,5,1198,1,3,-1,1,-1
201534WN00775,1,9,0,7,0,8,0,0,0,0,4,1,6,2,-1,-1,1598,2,1,-1,-1,-1
201534WN00785,1,19,0,1,0,8,0,0,0,0,2,1,6,1,-1,-1,1996,2,8,-1,-1,-1
201534WN00785,2,9,0,3,0,8,0,0,0,2,1,1,6,1,50,8,1396,1,14,-1,1,-1
201534WN00805,1,9,0,18,0,0,0,0,0,0,1,1,3,2,29,6,-1,-1,-1,-1,1,-1
201534WN00805,2,9,0,18,0,0,0,0,0,0,1,1,6,2,50,8,-1,-1,-1,-1,1,-1
201534WN00895,1,9,0,5,0,0,0,0,0,10,1,1,6,2,30,6,1461,2,-1,-1,1,-1
201534WN00925,1,9,0,18,0,0,0,0,0,0,1,1,6,1,-1,-1,1598,1,15,-1,-1,-1
201534WN00925,2,3,0,18,0,0,0,0,0,0,1,1,6,1,32,6,124,1,1,-1,1,-1
201534WN01345,1,9,0,18,0,8,0,0,0,0,1,1,2,1,42,7,1896,2,13,-1,1,-1
201534WN01345,2,9,0,18,0,8,0,2,0,0,1,1,2,2,53,8,1242,1,3,-1,1,-1
201534WN01355,1,9,0,18,0,0,0,0,0,0,1,1,6,1,20,4,1240,1,9,-1,-1,-1
201534WN01355,2,9,0,3,0,0,0,0,0,0,2,1,6,2,29,6,1229,1,4,-1,1,-1
201534WN01365,1,9,0,18,0,8,0,0,0,0,1,1,3,2,43,7,1798,1,11,-1,1,-1
201534WN01365,2,9,0,18,0,8,0,0,0,0,2,1,6,2,-1,-1,1390,1,14,-1,-1,-1
201534WN01385,1,20,1,18,0,8,0,0,0,0,4,1,1,1,66,10,-1,-1,-1,-1,1,-1
201534WN01385,2,9,0,18,0,8,0,0,0,0,1,1,6,2,43,7,-1,-1,-1,-1,1,-1
201534WN01395,1,9,0,18,0,0,0,0,0,0,1,1,6,1,-1,-1,1596,1,10,-1,-1,-1
201534WN01395,2,9,0,3,0,0,0,0,0,0,2,1,6,2,49,8,1598,2,4,-1,2,-1
201534WN01445,1,9,0,18,0,0,0,0,0,0,1,1,6,1,-1,-1,2254,1,17,-1,-1,-1
201534WN01445,2,9,0,18,0,0,0,0,0,0,1,1,2,1,53,8,1229,1,7,-1,1,-1
201534WN01555,1,9,0,18,0,8,0,0,0,0,1,1,6,2,-1,-1,1749,1,14,-1,-1,-1
201534WN01555,2,9,0,3,0,8,0,0,0,0,2,1,6,2,44,7,998,1,6,-1,-1,-1
201534WN01565,1,9,0,18,0,8,0,0,0,0,1,1,6,3,-1,-1,-1,-1,-1,-1,-1,-1
201534WN01565,2,9,0,3,0,8,0,0,0,0,2,1,2,2,49,8,998,1,16,-1,1,-1
201534WN01785,1,19,0,9,0,0,0,0,0,0,1,1,6,1,-1,-1,-1,-1,-1,-1,-1,-1
201534WN01785,2,1,0,18,0,0,0,0,0,0,1,1,2,1,34,6,-1,-1,-1,-1,1,-1
201534WN01835,1,9,0,18,0,0,1,0,0,0,1,1,6,1,48,8,1360,1,12,-1,-1,-1
201534WN01835,2,9,0,3,0,0,0,0,0,0,2,1,6,2,19,4,998,1,8,-1,1,-1
201534WN01835,3,9,0,3,0,0,0,0,0,0,2,1,6,1,20,4,1343,1,20,-1,2,-1
201534WN01995,1,9,0,1,0,8,0,0,0,0,2,1,6,1,-1,-1,-1,-1,-1,-1,-1,-1
201534WN01995,2,9,0,18,0,8,0,0,0,0,1,1,6,1,33,6,-1,-1,-1,-1,1,-1
201534WN02105,1,9,0,18,0,8,0,0,0,0,3,1,6,2,32,6,1587,1,12,-1,1,-1
201534WN02105,2,9,0,18,0,8,0,0,0,0,1,1,2,1,23,5,1248,2,7,-1,1,-1
201534WN02195,1,9,0,18,0,8,0,0,0,0,1,1,6,2,-1,-1,-1,-1,-1,-1,-1,-1
201534WN02195,2,9,0,3,0,8,0,0,0,0,2,1,6,2,20,4,1299,1,8,-1,2,-1
201534WN02255,1,9,0,18,0,8,0,0,0,0,1,1,2,1,62,9,1343,1,12,-1,1,-1
201534WN02335,1,9,0,18,0,8,0,0,0,0,1,1,6,2,29,6,-1,-1,-1,-1,1,-1
201534WN02335,2,9,0,3,0,8,0,0,0,0,2,1,6,2,34,6,1560,2,4,-1,-1,-1
201534WN02345,1,20,0,9,0,8,0,0,0,0,1,1,1,1,51,8,4580,2,8,-1,1,-1
201534WN02345,2,9,0,18,0,8,0,0,0,0,1,1,6,2,65,9,1399,2,6,-1,1,-1
201534WN02435,1,9,0,7,0,8,0,0,0,0,1,1,2,1,21,5,1124,1,16,-1,1,-1
201534WN02445,1,9,0,9,0,8,0,0,0,0,1,1,6,1,55,8,1796,1,12,-1,1,-1
201534WN02445,2,9,0,18,0,8,0,0,1,3,3,1,6,2,91,11,-1,-1,-1,-1,1,-1
201534WN02545,1,9,0,7,0,8,0,0,0,0,1,1,6,2,-1,-1,-1,-1,-1,-1,-1,-1
201534WN02545,2,1,0,18,0,8,0,0,0,0,3,1,2,2,20,4,-1,-1,-1,-1,1,-1
201534WN02705,1,9,0,18,0,0,0,0,0,0,2,1,6,3,-1,-1,-1,-1,-1,-1,-1,-1
201534WN02825,1,9,0,18,0,8,0,0,0,0,1,1,6,1,-1,-1,-1,-1,-1,-1,-1,-1
201534WN02915,1,9,0,15,0,7,0,0,0,0,2,1,1,1,-1,-1,-1,-1,-1,-1,1,-1
201534WN02915,2,9,0,18,0,7,0,0,0,0,1,1,1,1,28,6,-1,-1,-1,-1,1,-1
201534WN02925,1,4,0,17,0,0,0,0,0,0,1,1,6,1,-1,-1,125,1,5,-1,-1,-1
201534WN02925,2,9,0,16,0,0,0,0,0,0,1,1,6,2,39,7,998,1,12,-1,1,-1
201534WN02935,1,9,0,18,0,8,0,0,0,0,1,1,6,1,-1,-1,1596,1,11,-1,-1,-1
201534WN02935,2,9,0,3,0,8,0,0,0,0,2,1,6,1,38,7,-1,-1,-1,-1,-1,-1
201534WN02975,1,8,0,18,0,8,0,0,0,0,4,1,6,3,-1,-1,-1,-1,-1,-1,-1,-1
201534WN02985,1,9,0,18,0,8,0,0,0,0,3,1,6,1,-1,-1,-1,-1,-1,-1,-1,-1
201534WN02985,2,9,0,18,0,8,1,0,0,0,0,1,6,1,29,6,1995,2,5,-1,1,-1
201534WN02995,1,9,0,18,0,8,0,0,0,0,1,1,1,1,31,6,1248,2,11,-1,1,-1
201534WN03225,1,9,0,18,0,8,0,0,0,0,0,1,3,1,40,7,2967,2,7,-1,1,-1
201534WN03275,1,9,0,9,0,8,0,0,0,0,1,1,2,1,32,6,1796,1,17,-1,1,-1
201534WN03275,2,19,0,9,0,8,0,0,0,0,1,1,1,1,33,6,1560,2,1,-1,-1,-1
201534WN03405,1,9,0,18,0,0,0,0,0,0,1,1,6,1,23,5,1248,1,3,-1,1,-1
201534WN03405,2,9,0,2,0,0,0,0,0,0,1,1,1,2,49,8,1991,2,7,-1,1,-1
201534WN03505,1,9,0,9,0,8,0,0,0,0,1,1,6,1,-1,-1,1753,2,14,-1,-1,-1
201534WN03505,2,9,0,18,0,8,0,0,0,0,3,1,6,2,51,8,998,1,-1,-1,1,-1
201534WN03675,1,9,0,9,0,8,0,0,0,0,3,1,6,3,-1,-1,-1,-1,-1,-1,-1,-1
201534WN03695,1,9,0,1,0,0,0,0,0,0,2,1,6,2,31,6,1598,1,1,-1,-1,-1
201534WN03705,1,9,0,18,0,8,1,0,0,0,1,1,1,2,19,4,1390,1,17,-1,1,-1
201534WN03705,2,9,0,7,0,8,0,0,0,0,2,1,6,2,29,6,1422,2,11,-1,-1,-1
201534WN03755,1,9,0,16,0,8,5,10,7,0,1,1,6,1,61,9,1461,2,11,-1,1,-1
201534WN03755,2,11,0,18,0,8,0,0,0,0,0,1,1,1,-1,-1,9600,2,19,-1,-1,-1
201534WN03785,1,9,0,9,0,8,0,0,0,0,3,1,6,3,-1,-1,-1,-1,-1,-1,-1,-1
201534WN03785,2,1,0,3,0,8,0,0,0,0,4,1,6,1,35,6,-1,-1,-1,-1,1,-1
201534WN03875,1,9,0,18,0,0,0,10,0,0,1,1,6,2,34,6,1390,1,3,-1,1,-1
201534WN04135,1,9,0,18,0,0,0,0,0,0,3,1,6,2,50,8,1968,2,3,-1,1,-1
201534WN04135,2,3,0,18,0,0,0,0,0,0,4,1,2,1,23,5,-1,-1,-1,-1,1,-1
201534WN04135,3,9,0,14,0,0,0,0,0,0,0,1,6,2,29,6,1299,1,14,-1,1,-1
201534WN04215,1,9,0,9,0,8,0,0,0,0,1,1,2,1,21,5,1984,1,11,-1,1,-1
201534WN04215,2,20,0,18,0,8,0,0,0,0,1,1,6,1,-1,-1,3920,2,10,-1,-1,-1
201534WN04255,1,8,0,18,0,0,0,0,0,0,1,1,6,1,-1,-1,-1,-1,-1,-1,-1,-1
201534WN04335,1,9,0,18,0,8,0,0,0,0,3,1,2,2,35,6,996,1,1,-1,1,-1
201534WN04345,1,19,0,3,0,8,0,0,0,0,2,1,1,1,39,7,2198,2,9,-1,1,-1
201534WN04345,2,9,0,18,0,8,0,0,0,0,1,1,6,1,-1,-1,1985,1,14,-1,1,-1
201534WN04365,1,9,0,18,0,8,0,0,0,0,1,1,2,1,52,8,1840,1,12,-1,2,-1
201534WN04395,1,9,0,18,0,8,0,0,0,0,1,1,6,2,59,9,1968,2,10,-1,1,-1
201534WN04395,2,9,0,18,0,8,0,10,8,0,4,1,6,1,22,5,-1,-1,-1,-1,1,-1
201534WN04395,3,9,0,2,0,8,0,0,0,0,3,1,6,3,-1,-1,-1,-1,-1,-1,-1,-1
201534WN04405,1,9,0,18,0,8,0,0,0,0,0,1,2,1,39,7,-1,-1,-1,-1,1,-1
201534WN04405,2,9,0,18,0,8,0,10,1,0,1,1,2,1,38,7,1984,1,13,-1,1,-1
201534WN04415,1,9,0,18,0,8,0,0,0,0,1,1,6,1,64,9,1968,2,2,-1,1,-1
201534WN04415,2,9,0,9,0,8,0,0,0,0,1,1,6,1,43,7,-1,-1,-1,-1,1,-1
201534WN04565,1,9,0,18,0,0,0,0,0,0,1,1,6,1,-1,-1,1242,1,9,-1,1,-1
201534WN04565,2,9,0,18,0,0,0,0,0,0,2,1,6,2,36,7,1998,2,6,-1,1,-1