Accident_Index,Vehicle_Reference,Vehicle_Type,Towing_and_Articulation,Vehicle_Manoeuvre,Vehicle_Location-Restricted_Lane,Junction_Location,Skidding_and_Overturning,Hit_Object_in_Carriageway,Vehicle_Leaving_Carriageway,Hit_Object_off_Carriageway,1st_Point_of_Impact,Was_Vehicle_Left_Hand_Drive?,Journey_Purpose_of_Driver,Sex_of_Driver,Age_of_Driver,Age_Band_of_Driver,Engine_Capacity_(CC),Propulsion_Code,Age_of_Vehicle,Driver_IMD_Decile,Driver_Home_Area_Type,Vehicle_IMD_Decile
201534WN04715,1,19,0,18,0,8,0,0,0,0,1,1,6,1,-1,-1,2143,2,3,-1,-1,-1
201534WN04715,2,9,0,3,0,8,0,0,0,0,2,1,2,2,37,7,-1,-1,-1,-1,3,-1
201534WN04725,1,9,0,2,0,8,0,0,0,0,3,1,6,2,29,6,1905,2,16,-1,1,-1
201534WN04725,2,1,0,14,0,8,0,0,0,0,1,1,6,1,33,6,-1,-1,-1,-1,1,-1
201534WN04835,1,9,0,18,0,8,0,0,1,0,1,1,6,1,44,7,1896,2,13,-1,1,-1
201534WN04835,2,9,0,18,0,8,0,0,0,0,1,1,2,1,48,8,-1,-1,-1,-1,1,-1
201534WN04845,1,11,0,18,0,8,0,0,0,0,1,1,1,1,-1,-1,6700,2,5,-1,-1,-1
201534WN04845,2,9,0,3,0,8,0,0,0,0,2,1,1,2,35,6,1329,1,3,-1,3,-1
201534WN04865,1,21,0,18,0,8,0,0,0,0,1,1,1,1,54,8,-1,-1,-1,-1,-1,-1
201534WN04865,2,9,0,3,0,8,0,0,0,0,2,1,6,2,61,9,2497,2,11,-1,1,-1
201534WN04995,1,9,0,18,0,0,0,0,0,0,1,1,6,1,-1,-1,1753,2,14,-1,-1,-1
201534WN04995,2,9,0,18,0,0,0,0,0,0,2,1,6,1,46,8,1339,8,8,-1,1,-1
201534WN05005,1,20,0,18,0,8,0,0,0,0,4,1,6,1,-1,-1,-1,-1,-1,-1,-1,-1
201534WN05005,2,9,0,18,0,8,0,0,0,0,3,1,6,2,29,6,1560,2,1,-1,1,-1
201534WN05045,1,9,0,18,0,8,0,0,0,0,1,1,2,1,62,9,1968,2,4,-1,1,-1
201534WN05045,2,9,0,9,0,8,0,0,0,0,2,1,2,2,23,5,1198,1,3,-1,1,-1
201534WN05185,1,9,0,18,0,8,0,0,0,0,0,1,6,3,-1,-1,-1,-1,-1,-1,-1,-1
201534WN05185,2,3,0,18,0,8,0,0,0,0,0,1,1,1,35,6,-1,-1,-1,-1,1,-1
201534WN05275,1,9,0,18,0,8,0,0,0,0,1,1,6,1,-1,-1,1299,1,14,-1,-1,-1
201534WN05275,2,9,0,18,0,8,0,0,0,0,2,1,6,1,45,7,1591,1,4,-1,2,-1
201534WN05295,1,9,0,9,0,6,0,0,0,0,1,1,6,1,41,7,-1,-1,-1,-1,1,-1
201534WN05295,2,2,0,18,0,8,0,0,0,0,1,1,1,1,16,4,49,1,3,-1,1,-1
201534WN05455,1,9,0,18,0,0,0,0,0,0,1,1,6,1,-1,-1,1968,2,3,-1,-1,-1
201534WN05455,2,9,0,18,0,0,0,0,0,0,2,1,2,1,56,9,1896,2,13,-1,1,-1
201534WN05465,1,9,0,18,0,0,0,0,0,0,1,1,6,3,-1,-1,-1,-1,-1,-1,-1,-1
201534WN05465,2,9,0,18,0,0,0,0,0,0,1,1,2,1,35,6,1896,2,13,-1,1,-1
201534WN05475,1,5,0,18,0,8,0,0,0,0,4,1,6,3,-1,-1,-1,-1,-1,-1,-1,-1
201534WN05485,1,9,0,9,0,8,0,0,0,0,1,1,3,3,38,7,1910,2,9,-1,1,-1
201534WN05485,2,9,0,18,0,8,0,10,1,0,1,1,6,2,-1,-1,1968,2,6,-1,-1,-1
201534WN05485,3,9,0,8,0,8,0,0,0,0,1,1,6,2,-1,-1,1240,1,11,-1,1,-1
201534WN05635,1,11,0,18,0,0,0,0,0,0,3,1,6,1,-1,-1,9000,2,3,-1,-1,-1
201534WN05635,2,9,0,1,0,0,0,0,0,0,3,1,3,2,41,7,-1,-1,-1,-1,1,-1
201534WN05665,1,20,1,18,0,8,0,0,0,0,1,1,1,1,61,9,-1,-1,-1,-1,1,-1
201534WN05665,2,9,0,3,0,8,0,0,0,0,2,1,2,2,29,6,-1,-1,-1,-1,1,-1
201534WN05705,1,9,0,18,0,8,0,0,0,0,1,1,6,1,-1,-1,1498,1,7,-1,-1,-1
201534WN05705,2,9,0,3,0,8,0,0,0,0,2,1,6,1,46,8,-1,-1,-1,-1,1,-1
201534WN05995,1,9,0,18,0,8,0,0,7,0,1,1,6,2,37,7,-1,-1,-1,-1,1,-1
201534WN05995,2,9,0,18,0,8,0,0,0,0,3,1,6,1,35,6,1590,1,16,-1,1,-1
201534WN05995,3,9,0,18,0,8,0,0,0,0,1,1,6,2,-1,-1,-1,-1,-1,-1,-1,-1
201534WN06025,1,9,0,9,0,8,0,0,0,0,1,1,2,1,59,9,-1,-1,-1,-1,1,-1
201534WN06025,2,5,0,18,0,8,0,0,0,0,1,1,6,1,50,8,650,1,16,-1,-1,-1
201534WN06255,1,5,0,13,0,8,0,0,0,0,1,1,6,1,23,5,675,1,3,-1,1,-1
201534WN06255,2,19,0,9,0,8,0,0,0,0,2,1,1,1,59,9,-1,-1,-1,-1,1,-1
201534WN06425,1,9,0,18,0,0,0,0,0,0,4,1,6,3,-1,-1,-1,-1,-1,-1,-1,-1
201534WN06435,1,9,0,9,0,8,0,0,0,0,1,1,6,3,-1,-1,-1,-1,-1,-1,-1,-1
201534WN06435,2,1,0,18,0,8,0,0,0,0,3,1,2,1,29,6,-1,-1,-1,-1,1,-1
201534WN06455,1,9,0,9,0,8,0,0,0,0,1,1,6,1,-1,-1,1598,1,10,-1,-1,-1
201534WN06455,2,3,0,18,0,8,0,0,0,0,4,1,6,1,26,6,124,1,3,-1,1,-1
201534WN06675,1,9,0,18,0,8,0,0,0,0,3,1,6,3,-1,-1,1753,2,15,-1,-1,-1
201534WN06695,1,9,0,9,0,8,0,0,0,0,1,1,2,1,37,7,1796,1,11,-1,1,-1
201534WN06695,2,9,0,18,0,8,0,0,0,0,1,1,6,1,18,4,-1,-1,-1,-1,1,-1
201534WN06795,1,9,0,18,0,8,0,0,0,0,1,1,2,2,34,6,1596,1,13,-1,1,-1
201534WN06795,2,9,0,18,0,8,0,0,0,0,2,1,6,2,20,4,1108,1,16,-1,1,-1
201534WN06855,1,9,0,9,0,8,0,0,0,0,4,1,6,1,33,6,1951,2,14,-1,1,-1
201534WN06855,2,1,0,18,0,8,0,0,0,0,3,1,6,1,30,6,-1,-1,-1,-1,1,-1
201534WN06865,1,9,0,18,0,8,0,0,0,0,1,1,6,2,36,7,1598,1,7,-1,-1,-1
201534WN06865,2,1,0,9,0,8,0,0,0,0,1,1,6,1,46,8,-1,-1,-1,-1,-1,-1
201534WN07005,1,19,0,7,0,8,0,0,0,0,4,1,2,1,35,6,2198,2,5,-1,1,-1
201534WN07015,1,9,0,2,0,8,0,0,0,0,3,1,6,2,66,10,1360,1,16,-1,1,-1
201534WN07015,2,1,0,18,0,8,0,0,0,0,4,1,6,1,21,5,-1,-1,-1,-1,1,-1
201534WN07025,1,9,0,18,0,8,0,0,0,0,3,1,1,2,32,6,1596,1,7,-1,2,-1
201534WN07035,1,9,0,9,0,8,1,0,0,0,1,1,2,1,35,6,1364,1,9,-1,1,-1
201534WN07035,2,19,0,18,0,8,1,0,0,0,1,1,1,1,46,8,9200,2,5,-1,1,-1
201534WN07295,1,9,0,18,0,0,0,0,0,0,1,1,6,1,76,11,1560,2,2,-1,2,-1
201534WN07315,1,9,0,18,0,0,0,0,0,0,1,1,6,1,44,7,1870,2,9,-1,1,-1
201534WN07315,2,19,0,18,0,0,1,0,0,0,2,1,1,1,46,8,2198,2,3,-1,1,-1
201534WN07315,3,9,0,3,0,0,0,0,0,0,2,1,2,1,32,6,1753,2,7,-1,1,-1
201534WN07325,1,9,0,9,0,8,0,0,0,0,1,1,1,1,64,9,2231,2,9,-1,1,-1
201534WN07325,2,19,0,18,0,8,0,0,0,0,1,1,1,1,28,6,2198,2,3,-1,-1,-1
201534WN07375,1,9,0,9,0,8,0,0,0,0,1,1,6,1,40,7,1598,2,2,-1,1,-1
201534WN07375,2,3,0,13,0,8,0,0,0,0,1,1,6,1,26,6,-1,-1,-1,-1,1,-1
201534WN07385,1,9,0,18,0,0,0,0,0,0,2,1,3,1,58,9,-1,-1,-1,-1,1,-1
201534WN07385,2,3,0,18,0,0,0,0,0,0,1,1,6,1,19,4,124,1,9,-1,1,-1
201534WN07385,3,3,0,18,0,0,0,0,0,0,0,1,1,1,-1,-1,-1,-1,-1,-1,-1,-1
201534WN07405,1,9,0,18,0,0,0,0,0,0,3,1,6,3,-1,-1,-1,-1,-1,-1,-1,-1
201534WN07415,1,9,0,9,0,8,0,0,0,0,1,1,6,1,24,5,1781,1,12,-1,1,-1
201534WN07415,2,9,0,18,0,8,0,0,0,0,2,1,6,1,37,7,1995,2,9,-1,-1,-1
201534WN07425,1,8,0,14,0,8,0,0,0,0,4,1,1,1,42,7,1997,2,8,-1,1,-1
201534WN07445,1,9,0,9,0,8,0,0,0,0,1,1,6,2,51,8,1198,1,7,-1,1,-1
201534WN07495,1,9,0,18,0,0,0,0,0,0,4,1,6,3,-1,-1,-1,-1,-1,-1,-1,-1
201534WN07685,1,9,0,9,0,8,0,0,0,0,1,1,6,1,87,11,-1,-1,-1,-1,1,-1
201534WN07685,2,1,0,18,0,8,0,0,0,0,3,1,6,1,34,6,-1,-1,-1,-1,1,-1
201534WN07695,1,9,0,9,0,8,0,0,0,0,1,1,1,1,39,7,-1,-1,-1,-1,1,-1
201534WN07695,2,9,0,18,0,8,0,0,0,0,1,1,6,1,20,4,1997,1,2,-1,3,-1
201534WN07705,1,9,0,3,0,0,0,0,0,0,2,1,3,2,25,5,1598,1,11,-1,1,-1
201534WN07705,2,9,0,18,0,0,0,0,0,0,1,1,6,1,20,4,1598,1,-1,-1,1,-1
201534WN07865,1,9,0,17,0,8,0,0,0,0,1,1,1,1,34,6,1587,1,12,-1,1,-1
201534WN07865,2,9,0,9,0,8,0,0,0,0,1,1,1,1,44,7,1910,2,7,-1,1,-1
201534WN07915,1,9,0,18,0,8,0,0,0,0,1,1,6,3,-1,-1,-1,-1,-1,-1,-1,-1
201534WN07915,2,1,0,18,0,8,0,0,0,0,2,1,6,1,17,4,-1,-1,-1,-1,1,-1
201534WN07935,1,9,0,18,0,0,0,0,0,0,1,1,1,2,44,7,1598,1,16,-1,1,-1
201534WN07935,2,5,0,3,0,0,0,0,0,0,2,1,2,1,49,8,-1,-1,-1,-1,1,-1
201534WN07935,3,9,0,4,0,0,0,0,0,0,2,1,1,1,48,8,1248,2,8,-1,1,-1
201534WN07945,1,9,0,18,0,0,0,0,0,0,2,1,2,1,37,7,-1,-1,-1,-1,2,-1
201534WN07945,2,20,0,11,0,0,0,0,0,0,1,1,6,1,-1,-1,9200,2,9,-1,-1,-1
201534WN08065,1,9,0,18,0,8,0,0,0,0,2,1,6,3,-1,-1,-1,-1,-1,-1,-1,-1
201534WN08065,2,9,0,3,0,8,0,0,0,0,2,1,2,2,46,8,1596,1,13,-1,1,-1
201534WN08085,1,9,0,9,0,8,0,0,0,0,1,1,6,2,-1,-1,-1,-1,-1,-1,-1,-1
201534WN08085,2,1,0,17,0,8,0,0,0,0,2,1,6,1,44,7,-1,-1,-1,-1,1,-1
201534WN08135,1,9,0,18,0,8,0,0,0,0,1,1,6,1,-1,-1,1995,2,8,-1,-1,-1
201534WN08135,2,9,0,3,0,8,0,0,0,0,2,1,6,1,73,10,1796,1,9,-1,1,-1
201534WN08325,1,9,0,18,0,0,0,0,0,0,0,1,6,3,-1,-1,-1,-1,-1,-1,-1,-1
201534WN08325,2,11,0,18,0,0,1,0,0,0,0,1,1,1,-1,-1,6871,2,6,-1,-1,-1
201534WN08425,1,9,0,18,0,8,1,0,1,1,1,1,6,1,27,6,1796,1,12,-1,1,-1
201534WN08575,1,9,0,12,0,8,0,0,0,0,1,1,6,1,-1,-1,-1,-1,-1,-1,-1,-1
201534WN08575,2,9,0,18,0,8,0,0,0,0,1,1,6,2,53,8,1461,2,12,-1,1,-1
201534WN08585,1,9,0,18,0,0,0,0,0,0,1,1,6,2,-1,-1,-1,-1,-1,-1,-1,-1
201534WN08585,2,9,0,3,0,0,0,0,0,0,2,1,6,2,19,4,1896,2,12,-1,3,-1
201534WN08595,1,9,0,9,0,8,0,0,0,0,1,1,6,1,21,5,1995,2,2,-1,3,-1
201534WN08595,2,9,0,18,0,8,0,0,0,0,1,1,6,1,23,5,-1,-1,-1,-1,1,-1
201534WN08665,1,9,0,9,0,8,0,0,0,0,1,1,6,2,51,8,-1,-1,-1,-1,1,-1
201534WN08665,2,9,0,18,0,8,0,0,0,0,3,1,6,1,40,7,1896,2,13,-1,1,-1
201534WN08675,1,9,0,15,0,0,0,0,0,0,3,1,6,1,-1,-1,-1,-1,-1,-1,-1,-1
201534WN08675,2,9,0,18,0,0,0,0,0,0,4,1,2,1,46,8,2494,1,13,-1,1,-1
201534WN08845,1,8,0,18,0,8,0,0,0,0,1,1,1,1,48,8,1995,2,12,-1,1,-1
201534WN08865,1,19,0,18,0,8,0,0,0,0,1,1,6,1,50,8,-1,-1,-1,-1,1,-1
201534WN08865,2,3,0,3,0,8,0,0,0,0,2,1,2,2,20,4,124,1,2,-1,3,-1
201534WN08865,3,9,0,18,0,8,0,0,0,0,0,1,1,2,40,7,-1,-1,-1,-1,-1,-1
201534WN08995,1,9,0,2,0,0,0,0,0,0,2,1,6,2,76,11,1360,1,12,-1,1,-1
201534WN08995,2,9,0,18,0,0,0,0,0,0,1,1,6,3,-1,-1,1796,1,9,-1,-1,-1
201534WN09275,1,9,0,9,0,8,0,0,0,0,4,1,6,3,-1,-1,-1,-1,-1,-1,-1,-1
201534WN09275,2,3,0,18,0,8,0,0,0,0,1,1,1,1,44,7,-1,-1,-1,-1,1,-1
201534WN09275,3,9,0,18,0,8,0,0,0,0,0,1,6,1,40,7,1968,2,8,-1,1,-1
201534WN09325,1,9,0,9,0,8,0,0,0,0,1,1,6,2,30,6,-1,-1,-1,-1,1,-1
201534WN09325,2,1,0,18,0,8,0,0,0,0,1,1,6,1,44,7,-1,-1,-1,-1,1,-1
201534WN09345,1,9,0,13,0,0,0,0,0,0,1,1,6,3,-1,-1,1796,1,9,-1,-1,-1
201534WN09345,2,9,0,18,0,0,0,0,0,0,1,1,6,1,33,6,1248,2,8,-1,1,-1
201534WN09345,3,19,0,2,0,0,0,0,0,0,2,1,6,3,-1,-1,1995,2,3,-1,-1,-1
201534WN09435,1,9,0,7,0,8,0,0,0,0,3,1,6,2,-1,-1,-1,-1,-1,-1,-1,-1
201534WN09455,1,9,0,7,0,8,0,0,0,0,4,1,3,2,30,6,1461,2,5,-1,1,-1
201534WN09455,2,1,0,18,5,8,0,0,0,0,1,1,1,1,16,4,-1,-1,-1,-1,1,-1
201534WN09465,1,9,0,18,0,8,0,0,0,0,1,1,6,2,-1,-1,1598,2,1,-1,-1,-1
201534WN09465,2,9,0,3,0,8,0,0,0,0,2,1,6,2,44,7,1896,2,15,-1,1,-1
201534WN09555,1,9,0,3,0,0,0,0,0,0,2,1,6,1,-1,-1,2685,2,11,-1,-1,-1
201534WN09555,2,1,0,18,0,0,0,0,0,0,1,1,6,1,16,4,-1,-1,-1,-1,-1,-1
201534WN09645,1,3,0,18,0,0,0,0,0,0,3,1,6,1,20,4,-1,-1,-1,-1,-1,-1
201534WN09645,2,9,0,18,0,0,0,0,0,0,1,1,2,1,56,9,998,1,1,-1,1,-1
201534WN09665,1,9,0,18,0,8,0,0,0,0,1,1,6,3,-1,-1,-1,-1,-1,-1,-1,-1
201534WN09665,2,9,0,3,0,8,0,0,0,0,2,1,6,2,32,6,1396,1,15,-1,3,-1
201534WN09785,1,9,0,18,0,8,0,0,0,0,1,1,1,1,36,7,2000,2,11,-1,1,-1
201534WN09785,2,1,0,18,0,8,0,0,0,0,1,1,6,2,35,6,-1,-1,-1,-1,1,-1
201534WN09895,1,9,0,9,0,8,0,0,0,0,1,1,6,1,51,8,1399,2,3,-1,1,-1
201534WN09895,2,1,0,18,0,8,0,0,0,0,1,1,6,1,34,6,-1,-1,-1,-1,1,-1
201534WN09945,1,9,0,18,0,8,0,0,0,0,1,1,6,1,24,5,2926,2,13,-1,1,-1
201534WN09945,2,9,0,18,0,8,0,0,0,0,1,1,6,1,33,6,1796,1,12,-1,1,-1
201534WN09955,1,9,0,3,0,8,0,0,0,0,1,1,6,1,-1,-1,-1,-1,-1,-1,-1,-1
201534WN09975,1,9,0,18,0,8,0,0,0,0,1,1,6,1,-1,-1,2698,2,7,-1,-1,-1
201534WN09975,2,19,0,18,0,8,0,0,0,0,1,1,1,1,21,5,2143,2,2,-1,-1,-1
201534WN09975,3,9,0,2,0,8,0,0,0,0,2,1,6,1,59,9,-1,-1,-1,-1,-1,-1
201534WN09975,4,9,0,2,0,8,0,0,0,0,4,1,6,1,50,8,1997,2,14,-1,2,-1
201534WN10165,1,9,0,7,0,8,0,0,0,0,4,1,2,2,32,6,-1,-1,-1,-1,1,-1
201534WN10245,1,9,0,18,0,8,0,0,7,10,1,1,6,1,22,5,-1,-1,-1,-1,1,-1
201534WN10665,1,9,0,7,0,8,0,0,0,0,1,1,6,1,53,8,1998,1,19,-1,1,-1
201534WN10675,1,11,0,18,0,0,0,0,0,0,0,1,6,3,-1,-1,-1,-1,-1,-1,-1,-1
201534WN10785,1,9,0,12,0,0,0,0,0,0,3,1,2,2,31,6,1198,1,13,-1,-1,-1
201534WN10785,2,1,0,18,0,0,0,0,0,0,3,1,2,1,38,7,-1,-1,-1,-1,-1,-1
201534WN11005,1,9,0,7,0,8,0,0,0,0,4,1,6,3,-1,-1,-1,-1,-1,-1,-1,-1
201534WN11035,1,19,0,18,0,0,0,0,0,0,3,1,2,1,36,7,1997,2,8,-1,1,-1
201534WN11195,1,9,0,18,0,8,0,0,0,0,1,1,6,2,-1,-1,-1,-1,-1,-1,-1,-1
201534WN11195,2,1,0,18,0,8,0,0,0,0,1,1,6,1,31,6,-1,-1,-1,-1,1,-1
201534WN11215,1,9,0,18,0,8,0,0,0,0,1,1,6,1,-1,-1,1299,1,12,-1,-1,-1
201534WN11215,2,9,0,3,0,8,0,0,0,0,2,1,6,2,21,5,1198,1,11,-1,-1,-1
201534WN11275,1,9,0,1,0,0,0,0,0,0,1,1,6,3,-1,-1,1995,2,7,-1,-1,-1
201534WN11275,2,9,0,2,0,0,0,0,0,0,1,1,6,2,29,6,1587,1,9,-1,1,-1
201534WN11285,1,9,0,17,0,0,0,0,0,0,4,1,6,3,-1,-1,-1,-1,-1,-1,-1,-1
201534WN11355,1,9,0,3,0,0,0,0,0,0,4,1,6,1,74,10,2143,2,3,-1,2,-1
201534WN11355,2,3,0,18,0,0,0,0,0,0,3,1,2,1,28,6,125,1,3,-1,1,-1
201534WN11365,1,9,0,18,0,0,0,0,0,0,1,1,6,1,43,7,2204,2,8,-1,1,-1
201534WN11385,1,5,0,13,0,8,1,0,0,0,3,1,6,1,54,8,899,1,20,-1,1,-1
201534WN11385,2,9,0,9,0,8,0,0,0,0,2,1,6,2,70,10,1968,2,1,-1,1,-1
201534WN11545,1,9,0,18,0,0,0,0,1,10,1,1,6,1,44,7,1686,2,5,-1,1,-1
201534WN11545,2,9,0,2,0,0,0,0,0,0,3,1,6,2,-1,-1,-1,-1,-1,-1,-1,-1
201534WN11545,3,9,0,2,0,0,0,0,0,0,2,1,6,3,-1,-1,1197,1,1,-1,-1,-1
201534WN11545,4,9,0,2,0,0,0,0,0,0,2,1,6,1,-1,-1,1299,1,10,-1,-1,-1
201534WN11545,5,9,0,2,0,0,0,0,0,0,2,1,6,3,-1,-1,1149,1,1,-1,-1,-1
201534WN11545,6,9,0,2,0,0,0,0,0,0,2,1,6,1,-1,-1,1995,2,4,-1,-1,-1
201534WN11695,1,9,0,18,0,8,0,0,0,0,1,1,6,1,-1,-1,1364,1,10,-1,-1,-1
201534WN11695,2,9,0,9,0,8,0,0,0,0,3,1,1,1,56,9,1497,8,9,-1,1,-1
201534WN11725,1,9,0,18,0,8,0,0,0,0,1,1,6,2,20,4,1598,1,10,-1,1,-1
201534WN11725,2,9,0,18,0,8,2,0,7,0,4,1,6,2,68,10,1242,1,18,-1,1,-1
201534WN11765,1,9,0,11,0,8,0,0,0,0,4,1,6,1,52,8,1598,2,-1,-1,3,-1
201534WN11765,2,9,0,18,0,8,0,0,0,0,3,1,2,2,47,8,1499,1,1,-1,-1,-1
201534WN11785,1,9,0,13,0,8,0,0,0,0,4,1,6,1,68,10,1796,1,10,-1,1,-1
201534WN11785,2,11,0,18,0,8,0,0,0,0,3,1,1,1,45,7,5883,2,13,-1,1,-1
201534WN11865,1,9,0,18,0,0,0,0,0,0,1,1,6,2,45,7,1595,1,9,-1,1,-1
201534WN11865,2,1,0,9,0,0,0,0,0,0,1,1,6,1,11,3,-1,-1,-1,-1,1,-1
201534WN11885,1,21,1,18,0,0,0,10,0,0,0,1,6,1,-1,-1,10837,2,4,-1,-1,-1
201534WN11885,2,9,0,18,0,0,0,0,0,0,4,1,6,1,24,5,1560,2,5,-1,3,-1
201534WN11915,1,5,0,18,0,8,0,10,1,1,2,1,6,1,55,8,535,1,22,-1,1,-1
201534WN11925,1,9,0,9,0,8,0,0,0,0,1,1,3,1,37,7,1998,2,13,-1,1,-1
201534WN12035,1,9,0,18,0,8,0,0,0,0,1,1,6,1,22,5,-1,-1,-1,-1,1,-1
201534WN12035,2,9,0,18,0,8,1,0,0,0,1,1,6,1,-1,-1,1596,1,13,-1,1,-1
201534WN12045,1,9,0,18,0,0,0,0,0,0,1,1,3,1,28,6,1149,1,12,-1,2,-1
201534WN12045,2,9,0,18,0,0,0,0,0,0,1,1,6,2,52,8,1560,2,10,-1,1,-1
201534WN12045,3,9,0,2,0,0,0,0,0,0,1,1,6,3,-1,-1,2479,1,29,-1,-1,-1
201534WN12045,4,9,0,2,0,0,0,0,0,0,2,1,6,3,-1,-1,1995,2,13,-1,-1,-1
201534WN12055,1,9,0,9,0,8,0,0,0,0,1,1,2,2,25,5,1968,2,5,-1,-1,-1
201534WN12055,2,1,0,18,0,8,0,0,0,0,3,1,6,1,49,8,-1,-1,-1,-1,1,-1
201534WN12065,1,19,0,18,0,8,0,0,0,0,1,1,6,1,-1,-1,2143,2,1,-1,-1,-1
201534WN12065,2,9,0,18,0,8,0,0,0,0,2,1,6,1,44,7,-1,-1,-1,-1,-1,-1
201534WN12235,1,9,0,18,0,8,0,0,0,0,1,1,3,2,73,10,1339,1,8,-1,1,-1
201534WN12395,1,9,0,9,0,8,0,0,0,0,4,1,6,1,38,7,1560,2,8,-1,1,-1
201534WN12395,2,9,0,18,0,8,0,0,0,0,1,1,6,1,-1,-1,1398,2,13,-1,-1,-1
201534WN12675,1,9,0,18,0,0,0,0,0,0,1,1,6,1,40,7,1360,1,12,-1,1,-1
201534WN12675,2,9,0,2,0,0,0,0,0,0,3,1,6,3,-1,-1,2295,1,14,-1,-1,-1
201534WN12725,1,9,0,18,0,8,0,0,0,0,0,1,2,1,60,9,1968,2,9,-1,1,-1
201534WN12735,1,9,0,18,0,0,0,0,0,0,1,1,2,2,50,8,1206,1,6,-1,1,-1
201534WN12745,1,9,0,18,0,8,0,0,0,0,4,1,6,2,-1,-1,-1,-1,-1,-1,-1,-1
201534WN12745,2,1,0,13,0,8,0,0,0,0,3,1,6,1,28,6,-1,-1,-1,-1,1,-1
201534WN12985,1,21,0,11,0,8,0,0,0,0,1,1,1,1,22,5,10518,2,7,-1,2,-1
201534WN12985,2,9,0,18,0,8,0,0,0,0,2,1,1,2,22,5,1248,2,11,-1,2,-1
201534WN13185,1,9,0,18,0,8,1,0,0,0,1,1,2,2,50,8,1747,1,13,-1,1,-1
201534WN13185,2,19,0,3,0,8,0,0,0,0,2,1,6,1,51,8,2198,2,6,-1,3,-1
201534WN13215,1,8,0,14,0,0,0,0,0,0,1,1,1,1,34,6,1497,8,8,-1,1,-1
201534WN13215,2,9,0,2,0,0,0,0,0,0,2,1,6,3,-1,-1,-1,-1,-1,-1,-1,-1
201534WN13415,1,9,0,1,0,8,0,0,0,0,2,1,6,1,24,5,2000,2,4,-1,1,-1
201534WN13415,2,9,0,4,0,8,0,0,0,0,1,1,6,2,41,7,1596,1,8,-1,1,-1
201534WN13425,1,9,0,9,0,8,0,0,0,0,1,1,6,2,36,7,1997,2,1,-1,-1,-1
201534WN13425,2,9,0,18,0,8,0,0,7,0,1,1,6,2,67,10,1598,1,3,-1,1,-1
201534WN13445,1,9,0,9,0,8,0,0,0,0,1,1,6,2,36,7,1968,2,1,-1,2,-1
201534WN13445,2,9,0,18,0,8,0,0,0,0,1,1,6,1,37,7,1086,1,10,-1,1,-1
201534WN13455,1,10,0,18,0,0,0,0,0,0,4,1,1,1,52,8,-1,-1,-1,-1,1,-1
201534WN13465,1,9,0,18,0,8,0,0,0,0,2,1,6,2,49,8,1596,1,6,-1,1,-1
201534WN13465,2,5,0,18,0,8,0,0,0,0,1,1,6,1,41,7,599,1,21,-1,1,-1
201534WN13475,1,9,0,18,0,0,0,0,0,0,1,1,2,1,21,5,1560,2,9,-1,1,-1
201534WN13475,2,9,0,2,0,0,0,0,0,0,3,1,6,2,25,5,1995,2,4,-1,1,-1
201534WN13585,1,9,0,18,0,0,0,0,0,0,4,1,1,1,28,6,1596,1,6,-1,1,-1
201534WN13715,1,9,0,18,0,8,0,0,0,0,1,1,2,2,34,6,1598,1,9,-1,1,-1
201534WN13715,2,9,0,18,0,8,0,0,0,0,4,1,2,2,24,5,973,1,12,-1,1,-1
201534WN13975,1,9,0,18,0,8,0,0,0,0,1,1,6,1,62,9,1588,1,16,-1,1,-1
201534WN14015,1,9,0,9,0,8,0,0,0,0,2,1,2,2,19,4,1299,1,12,-1,3,-1
201534WN14015,2,3,0,18,0,8,0,0,0,0,1,1,1,1,18,4,102,1,11,-1,1,-1
201534WN14065,1,9,0,18,0,8,0,0,0,0,1,1,2,1,56,9,1956,2,5,-1,-1,-1
201534WN14065,2,9,0,18,0,8,5,0,0,0,4,1,6,2,70,10,1598,1,3,-1,1,-1
201534WN14085,1,9,0,13,0,0,0,0,0,0,4,1,6,3,-1,-1,-1,-1,-1,-1,-1,-1
201534WN14085,2,4,0,18,0,0,0,10,0,0,3,1,6,1,40,7,-1,-1,-1,-1,1,-1
201534WN14255,1,9,0,17,0,8,1,0,0,0,1,1,2,1,19,4,-1,-1,-1,-1,1,-1
201534WN14255,2,9,0,16,0,8,0,0,0,0,1,1,6,1,35,6,1799,1,7,-1,1,-1
201534WN14285,1,9,0,18,0,0,0,0,0,0,1,1,6,2,74,10,1242,1,9,-1,1,-1
201534WN14375,1,9,0,6,0,8,0,0,0,0,2,1,6,2,41,7,1896,2,13,-1,1,-1
201534WN14375,2,1,0,3,0,8,0,0,0,0,3,1,2,1,37,7,-1,-1,-1,-1,1,-1
201534WN14455,1,9,0,2,0,0,0,0,0,0,0,1,6,1,-1,-1,1598,2,3,-1,-1,-1
201534WN14455,2,1,0,18,9,0,0,0,0,0,1,1,6,1,23,5,-1,-1,-1,-1,-1,-1
201534WN14485,1,9,0,9,0,8,0,0,0,0,1,1,6,1,25,5,-1,-1,-1,-1,1,-1
201534WN14485,2,9,0,18,0,8,0,0,0,0,1,1,2,2,26,6,1794,1,11,-1,1,-1
201534WN14545,1,9,0,13,0,8,0,0,0,0,4,1,2,1,34,6,1599,1,10,-1,1,-1
201534WN14545,2,1,0,18,0,8,0,0,0,0,3,1,6,2,36,7,-1,-1,-1,-1,1,-1
201534WN14555,1,9,0,18,0,0,0,0,0,0,1,1,6,2,30,6,1910,2,9,-1,1,-1
201534WN14555,2,9,0,2,0,0,0,10,1,0,2,1,6,1,-1,-1,1995,2,6,-1,-1,-1
201534WN14565,1,9,0,18,0,8,0,7,1,0,1,1,2,2,33,6,1198,1,9,-1,1,-1
201534WN14565,2,19,0,18,0,8,0,10,1,1,3,1,1,2,33,6,2461,2,6,-1,1,-1
201534WN14575,1,20,1,11,0,0,0,0,0,0,1,1,1,1,62,9,-1,-1,-1,-1,2,-1