Accident_Index,Vehicle_Reference,Vehicle_Type,Towing_and_Articulation,Vehicle_Manoeuvre,Vehicle_Location-Restricted_Lane,Junction_Location,Skidding_and_Overturning,Hit_Object_in_Carriageway,Vehicle_Leaving_Carriageway,Hit_Object_off_Carriageway,1st_Point_of_Impact,Was_Vehicle_Left_Hand_Drive?,Journey_Purpose_of_Driver,Sex_of_Driver,Age_of_Driver,Age_Band_of_Driver,Engine_Capacity_(CC),Propulsion_Code,Age_of_Vehicle,Driver_IMD_Decile,Driver_Home_Area_Type,Vehicle_IMD_Decile
201534WN14575,2,9,0,18,0,0,1,0,0,0,3,1,6,2,28,6,1968,2,8,-1,-1,-1
201534WN14585,1,9,0,17,0,0,0,0,0,0,3,1,6,1,-1,-1,1988,1,16,-1,-1,-1
201534WN14585,2,9,0,18,0,0,0,0,0,0,1,1,6,1,47,8,1389,1,15,-1,1,-1
201534WN14825,1,9,0,18,0,8,0,0,0,0,1,1,6,2,-1,-1,1686,2,8,-1,-1,-1
201534WN14825,2,1,0,18,0,8,0,0,0,0,2,1,6,1,54,8,-1,-1,-1,-1,-1,-1
201534WN14835,1,5,0,16,0,0,0,0,0,0,4,1,6,1,48,8,1450,1,14,-1,1,-1
201534WN14975,1,9,0,18,0,8,0,0,0,0,1,1,6,1,28,6,1598,1,14,-1,1,-1
201534WN14975,2,9,0,3,0,8,0,0,0,0,2,1,6,2,-1,-1,973,1,13,-1,2,-1
201534WN14975,3,9,0,3,0,8,0,0,0,0,2,1,6,2,80,11,998,1,11,-1,1,-1
201534WN15005,1,9,0,9,0,8,0,0,0,0,1,1,6,2,26,6,1149,1,13,-1,1,-1
201534WN15005,2,9,0,18,0,8,1,0,0,0,1,1,6,1,54,8,-1,-1,-1,-1,1,-1
201534WN15155,1,9,0,18,0,0,0,0,0,0,4,1,6,2,-1,-1,1598,1,12,-1,-1,-1
201534WN15165,1,9,0,18,0,8,0,0,0,0,4,1,6,1,-1,-1,-1,-1,-1,-1,-1,-1
201534WN15245,1,3,0,18,0,8,0,0,0,0,1,1,2,1,21,5,124,1,3,-1,1,-1
201534WN15245,2,9,0,18,0,8,0,0,0,0,2,1,6,2,56,9,-1,-1,-1,-1,1,-1
201534WN15265,1,9,0,2,0,0,0,0,0,0,3,1,1,2,30,6,1984,1,10,-1,1,-1
201534WN15265,2,9,0,18,0,0,0,0,0,0,1,1,6,2,-1,-1,4266,1,14,-1,-1,-1
201534WN15285,1,9,0,18,0,0,0,0,0,0,1,1,6,2,45,7,2231,2,8,-1,1,-1
201534WN15285,2,9,0,3,0,0,0,0,0,0,2,1,6,1,85,11,1360,1,7,-1,2,-1
201534WN15285,3,9,0,3,0,0,0,0,0,0,2,1,6,1,45,7,2494,1,18,-1,-1,-1
201534WN15285,4,9,0,3,0,0,0,0,0,0,2,1,2,2,63,9,1124,1,12,-1,1,-1
201534WN15525,1,3,0,16,0,0,0,0,7,11,1,1,6,1,18,4,125,1,3,-1,1,-1
201534WN15585,1,9,0,17,0,0,1,0,7,2,4,1,6,1,40,7,1997,1,2,-1,3,-1
201534WN15615,1,9,0,12,0,0,0,0,0,0,2,1,6,1,41,7,1590,1,24,-1,1,-1
201534WN15615,2,9,0,18,0,0,0,0,1,7,1,1,6,1,51,8,2993,2,11,-1,1,-1
201534WN15745,1,9,0,18,0,0,0,0,0,0,1,1,6,1,25,5,1598,1,12,-1,-1,-1
201534WN15745,2,1,0,18,0,0,0,0,0,0,3,1,2,1,23,5,-1,-1,-1,-1,1,-1
201534WN15825,1,9,0,18,0,1,0,0,0,0,4,1,6,3,-1,-1,-1,-1,-1,-1,-1,-1
201534WN15835,1,9,0,18,0,0,0,0,0,0,1,1,6,1,-1,-1,-1,-1,-1,-1,-1,-1
201534WN15835,2,1,0,18,0,0,0,0,0,0,2,1,2,1,17,4,-1,-1,-1,-1,1,-1
201534WN15845,1,9,0,13,0,0,0,0,0,0,1,1,6,1,-1,-1,-1,-1,-1,-1,-1,-1
201534WN15845,2,1,0,18,0,0,0,0,0,0,2,1,6,1,17,4,-1,-1,-1,-1,1,-1
201534WN15855,1,90,0,18,0,8,0,0,0,0,0,1,6,1,33,6,-1,-1,-1,-1,-1,-1
201534WN15855,2,9,0,18,0,8,0,0,0,0,0,1,2,2,41,7,1242,1,7,-1,2,-1
201534WN15885,1,9,0,18,0,8,0,0,0,0,1,1,6,1,37,7,-1,-1,-1,-1,1,-1
201534WN15885,2,9,0,3,0,8,0,0,0,0,2,1,6,2,56,9,-1,-1,-1,-1,1,-1
201534WN15885,3,9,0,3,0,8,0,0,0,0,2,1,1,2,48,8,1598,1,8,-1,1,-1
201534WN15955,1,19,0,11,0,0,0,0,0,0,4,1,6,1,-1,-1,-1,-1,-1,-1,-1,-1
201534WN15955,2,9,0,18,0,0,0,0,1,0,4,1,6,1,38,7,1398,1,15,-1,2,-1
201534WN15995,1,9,0,18,0,0,0,0,0,0,1,1,6,2,22,5,1598,1,10,-1,1,-1
201534WN15995,2,9,0,18,0,0,0,0,0,0,1,1,1,1,25,5,-1,-1,-1,-1,1,-1
201534WN16005,1,9,0,16,0,0,1,0,0,0,1,1,6,1,-1,-1,2494,1,15,-1,-1,-1
201534WN16005,2,9,0,17,0,0,0,0,0,0,1,1,1,1,29,6,1248,2,6,-1,-1,-1
201534WN16095,1,8,0,12,0,8,0,0,0,0,4,1,6,1,56,9,2402,2,10,-1,1,-1
201534WN16205,1,8,0,18,0,0,0,0,0,0,0,1,6,1,-1,-1,1794,1,9,-1,-1,-1
201534WN16335,1,9,0,18,0,0,0,0,0,0,1,1,6,2,54,8,1560,2,1,-1,3,-1
201534WN16335,2,1,0,10,0,0,0,0,0,0,2,1,6,1,10,2,-1,-1,-1,-1,1,-1
201534WN16355,1,19,0,18,0,8,0,0,0,0,4,1,6,1,68,10,-1,-1,-1,-1,1,-1
201534WN16355,2,1,0,17,0,8,0,0,0,0,2,1,2,1,41,7,-1,-1,-1,-1,1,-1
201534WN16415,1,9,0,1,0,0,0,0,0,0,2,1,6,2,41,7,1995,2,3,-1,1,-1
201534WN16415,2,9,0,18,0,0,0,0,0,0,1,1,3,2,42,7,2231,2,8,-1,1,-1
201534WN16485,1,9,0,9,0,8,0,0,0,0,0,1,2,1,48,8,1968,2,3,-1,1,-1
201534WN16485,2,1,0,18,0,8,0,0,0,0,0,1,6,1,48,8,-1,-1,-1,-1,1,-1
201534WN16535,1,9,0,18,0,8,0,0,0,0,1,1,1,2,56,9,1995,2,1,-1,3,-1
201534WN16535,2,9,0,18,0,8,5,10,1,0,2,1,6,2,22,5,1332,1,17,-1,1,-1
201534WN16565,1,9,0,18,0,8,0,0,0,0,1,1,6,1,27,6,1910,2,6,-1,1,-1
201534WN16565,2,1,0,18,0,8,0,0,0,0,1,1,6,1,31,6,-1,-1,-1,-1,-1,-1
201534WN16575,1,9,0,18,0,8,0,0,0,0,1,1,6,1,19,4,-1,-1,-1,-1,-1,-1
201534WN16635,1,9,0,18,0,0,0,0,0,0,3,1,6,1,-1,-1,-1,-1,-1,-1,-1,-1
201534WN16645,1,9,0,18,0,8,0,0,0,0,4,1,6,1,-1,-1,-1,-1,-1,-1,-1,-1
201534WN16795,1,9,0,18,0,8,0,0,0,0,1,1,6,1,-1,-1,2979,1,14,-1,-1,-1
201534WN16795,2,9,0,18,0,8,0,0,0,0,2,1,6,1,24,5,1596,1,10,-1,1,-1
201534WN16805,1,19,0,18,0,8,0,0,1,0,0,1,1,1,28,6,2402,2,10,-1,1,-1
201534WN16805,2,9,0,18,0,8,2,0,0,0,0,1,1,2,64,9,1364,2,9,-1,3,-1
201534WN16815,1,9,0,9,0,8,0,0,0,0,1,1,3,1,33,6,1753,2,14,-1,1,-1
201534WN16835,1,11,0,18,0,8,0,0,0,0,0,1,6,3,-1,-1,-1,-1,-1,-1,-1,-1
201534WN16845,1,9,0,18,0,8,0,0,0,0,1,1,6,2,44,7,-1,-1,-1,-1,1,-1
201534WN16845,2,90,0,18,0,8,0,0,0,0,1,1,6,1,5,1,-1,-1,-1,-1,-1,-1
201534WN16975,1,9,0,18,0,8,0,0,0,0,1,1,6,2,38,7,1150,1,8,-1,1,-1
201534WN16975,2,9,0,9,0,8,0,0,0,0,3,1,6,2,23,5,-1,-1,-1,-1,-1,-1
201534WN16985,1,2,0,18,0,8,0,0,0,0,4,1,6,1,-1,-1,-1,-1,-1,-1,-1,-1
201534WN16985,2,9,0,18,0,8,0,0,0,0,3,1,2,1,55,8,-1,-1,-1,-1,3,-1
201534WN16995,1,19,0,1,0,8,0,0,0,0,1,1,6,1,-1,-1,1995,2,4,-1,-1,-1
201534WN16995,2,9,0,3,0,8,0,0,0,0,1,1,6,1,32,6,2000,2,11,-1,1,-1
201534WN17205,1,9,0,18,0,8,0,0,0,0,1,1,2,1,18,4,1242,1,13,-1,1,-1
201534WN17205,2,1,0,18,0,8,0,0,0,0,4,1,6,1,31,6,-1,-1,-1,-1,-1,-1
201534WN17215,1,9,0,18,0,8,0,0,0,0,1,1,6,1,-1,-1,1951,2,12,-1,-1,-1
201534WN17245,1,19,0,18,0,8,0,0,0,0,1,1,6,1,-1,-1,1998,2,10,-1,-1,-1
201534WN17245,2,9,0,3,0,8,0,0,0,0,2,1,1,2,37,7,1910,2,7,-1,1,-1
201534WN17425,1,21,1,11,0,0,0,0,0,0,1,1,1,1,45,7,10837,2,8,-1,1,-1
201534WN17425,2,9,0,18,0,0,0,0,0,0,3,1,1,2,35,6,1560,2,-1,-1,1,-1
201534WN17515,1,8,0,18,0,0,0,0,0,0,3,1,6,1,-1,-1,-1,-1,-1,-1,-1,-1
201534WN17755,1,90,0,18,0,8,0,0,0,0,1,1,1,1,-1,-1,-1,-1,-1,-1,-1,-1
201534WN17755,2,9,0,18,0,8,0,0,0,0,1,1,6,1,35,6,1149,1,12,-1,-1,-1
201534WN17905,1,19,0,18,0,0,0,0,0,0,1,1,1,1,29,6,1968,2,4,-1,2,-1
201534WN17905,2,9,0,18,0,0,0,0,0,0,2,1,2,2,60,9,-1,-1,-1,-1,1,-1
201534WN17915,1,9,0,11,0,8,1,0,0,0,1,1,6,2,30,6,1598,1,11,-1,1,-1
201534WN18035,1,9,0,18,0,8,0,0,0,0,1,1,6,1,-1,-1,-1,-1,-1,-1,-1,-1
201534WN18035,2,9,0,3,0,8,0,0,0,0,2,1,6,1,34,6,1598,1,13,-1,1,-1
201534WN18465,1,5,0,18,0,8,0,0,0,0,4,1,2,1,50,8,749,1,11,-1,1,-1
201534WN18475,1,9,0,18,0,0,0,0,0,0,1,1,6,1,26,6,-1,-1,-1,-1,-1,-1
201534WN18475,2,9,0,2,0,0,0,0,0,0,2,1,6,3,-1,-1,1598,1,11,-1,-1,-1
201534WN18485,1,9,0,14,0,0,0,0,0,0,1,1,6,2,-1,-1,1396,1,14,-1,-1,-1
201534WN18505,1,9,0,18,0,8,0,0,0,0,1,1,6,1,49,8,1896,2,15,-1,2,-1
201534WN18525,1,3,0,18,0,8,2,0,0,0,1,1,2,1,21,5,125,1,-1,-1,1,-1
201534WN18525,2,9,0,18,0,8,0,0,0,0,1,1,6,1,58,9,1560,2,9,-1,3,-1
201534WN18695,1,9,0,3,0,8,0,0,0,0,3,1,6,2,41,7,1991,1,16,-1,1,-1
201534WN18915,1,3,0,18,0,0,0,0,0,0,1,1,6,1,22,5,124,1,1,-1,1,-1
201534WN18915,2,9,0,3,0,0,0,0,0,0,2,1,2,2,31,6,1984,1,12,-1,1,-1
201534WN19005,1,9,0,9,0,8,1,0,0,0,1,1,6,1,65,9,1598,1,11,-1,1,-1
201534WN19005,2,9,0,18,0,8,0,0,0,0,1,1,2,2,60,9,2398,1,16,-1,-1,-1
201534WN19015,1,9,0,16,0,0,0,0,0,0,1,1,6,3,-1,-1,1598,1,11,-1,-1,-1
201534WN19015,2,19,0,2,0,0,0,0,0,0,1,1,6,3,-1,-1,1995,2,4,-1,-1,-1
201534WN19015,3,19,0,2,0,0,0,0,0,0,1,1,6,3,-1,-1,2477,2,14,-1,-1,-1
201534WN19025,1,9,0,9,0,8,0,0,0,0,4,1,6,2,25,5,1199,1,14,-1,1,-1
201534WN19025,2,21,0,18,0,8,1,0,0,0,1,1,1,1,22,5,6692,2,4,-1,1,-1
201534WN19135,1,9,0,18,0,0,0,0,0,0,1,1,6,2,45,7,1997,2,13,-1,2,-1
201534WN19135,2,9,0,18,0,0,0,0,0,0,1,1,6,1,50,8,998,1,6,-1,3,-1
201534WN19155,1,9,0,18,0,8,0,0,0,0,1,1,6,2,37,7,1910,2,7,-1,1,-1
201534WN19155,2,9,0,18,0,8,1,0,0,0,4,1,6,2,21,5,1248,1,6,-1,1,-1
201534WN19485,1,9,0,18,0,8,0,0,0,0,4,1,6,2,63,9,1997,2,14,-1,1,-1
201534WN19615,1,9,0,18,0,8,0,0,0,0,1,1,6,1,-1,-1,1560,2,10,-1,-1,-1
201534WN19615,2,9,0,18,0,8,0,0,0,0,1,1,6,1,24,5,-1,-1,-1,-1,1,-1
201534WN19705,1,9,0,18,0,0,0,0,0,0,1,1,6,1,32,6,1587,1,13,-1,1,-1
201534WN19705,2,9,0,2,0,0,0,0,0,0,1,1,6,1,-1,-1,998,1,14,-1,1,-1
201534WN19705,3,19,0,2,0,0,0,0,0,0,1,1,1,1,28,6,2143,2,2,-1,1,-1
201534WN19875,1,4,0,18,0,8,0,0,0,0,1,1,6,1,21,5,-1,-1,-1,-1,-1,-1
201534WN19875,2,9,0,9,0,8,0,0,0,0,1,1,2,1,32,6,1598,1,4,-1,-1,-1
201534WN19885,1,9,0,18,0,8,1,0,7,0,1,1,6,1,29,6,1595,2,5,-1,1,-1
201534WN19925,1,9,0,9,0,8,0,0,0,0,1,1,6,1,45,7,1956,2,2,-1,1,-1
201534WN19925,2,19,0,10,0,8,0,0,0,0,3,1,6,1,57,9,2198,2,7,-1,1,-1
201534WN19945,1,9,0,18,0,8,0,0,0,0,1,1,6,2,-1,-1,1968,2,7,-1,1,-1
201534WN19945,2,3,0,18,0,8,0,0,0,0,4,1,1,1,37,7,125,1,6,-1,1,-1
201534WN20085,1,9,0,18,0,8,0,0,0,0,4,1,6,1,61,9,1398,1,13,-1,1,-1
201534WN20125,1,9,0,7,0,8,0,0,0,0,1,1,6,1,-1,-1,-1,-1,-1,-1,-1,-1
201534WN20125,2,1,0,18,0,8,0,0,0,0,2,1,6,1,13,3,-1,-1,-1,-1,1,-1
201534WN20135,1,5,0,18,0,8,1,0,0,0,1,1,6,1,40,7,749,1,12,-1,-1,-1
201534WN20135,2,9,0,9,0,8,0,0,0,0,4,1,6,1,24,5,1796,1,7,-1,1,-1
201534WN20145,1,9,0,18,0,8,1,0,0,0,1,1,6,1,34,6,1398,1,-1,-1,1,-1
201534WN20145,2,9,0,3,0,8,0,0,0,0,2,1,6,1,46,8,1951,2,14,-1,1,-1
201534WN20145,3,9,0,3,0,8,0,0,0,0,2,1,6,2,23,5,1896,2,12,-1,1,-1
201534WN20155,1,11,0,17,0,8,0,0,0,0,2,1,1,1,47,8,4461,2,2,-1,-1,-1
201534WN20165,1,8,0,18,0,8,0,0,1,4,1,1,1,1,68,10,2143,2,3,-1,-1,-1
201534WN20245,1,1,0,6,0,8,0,0,0,0,2,1,6,1,15,3,-1,-1,-1,-1,1,-1
201534WN20245,2,9,0,18,0,8,0,0,0,0,1,1,6,2,-1,-1,1242,1,8,-1,-1,-1
201534WN20255,1,1,0,18,0,0,0,0,0,0,0,1,6,1,52,8,-1,-1,-1,-1,-1,-1
201534WN20255,2,9,0,18,0,0,0,0,0,0,0,1,3,1,33,6,2967,1,7,-1,1,-1
201534WN20425,1,9,0,18,0,8,0,0,0,0,1,1,6,1,28,6,1753,2,13,-1,1,-1
201534WN20445,1,8,0,18,0,0,0,0,0,0,0,1,1,1,-1,-1,1896,2,13,-1,-1,-1
201534WN20455,1,9,0,10,0,8,0,0,0,0,2,1,2,1,44,7,-1,-1,-1,-1,1,-1
201534WN20455,2,5,0,18,0,8,0,0,0,0,1,1,6,1,24,5,599,1,14,-1,1,-1
201534WN20465,1,9,0,9,0,8,0,0,0,0,1,1,6,1,70,10,1560,2,6,-1,1,-1
201534WN20465,2,3,0,18,0,8,0,0,0,0,1,1,6,2,52,8,125,1,-1,-1,-1,-1
201534WN20485,1,9,0,18,0,8,0,0,1,1,1,1,6,1,21,5,1242,1,12,-1,3,-1
201534WN20495,1,9,0,13,0,0,0,0,0,0,3,1,6,1,-1,-1,-1,-1,-1,-1,-1,-1
201534WN20495,2,1,0,18,0,0,0,0,0,0,3,1,2,1,26,6,-1,-1,-1,-1,1,-1
201534WN20505,1,9,0,18,0,8,1,0,0,0,4,1,2,1,21,5,1248,2,5,-1,-1,-1
201534WN20505,2,1,0,18,0,8,0,0,0,0,1,1,6,1,16,4,-1,-1,-1,-1,-1,-1
201534WN20645,1,9,0,18,0,0,0,0,0,0,4,1,6,1,55,8,1998,1,7,-1,1,-1
201534WN20775,1,9,0,18,0,0,0,0,0,0,1,1,6,1,22,5,-1,-1,-1,-1,-1,-1
201534WN20775,2,20,1,18,0,0,0,0,0,0,1,1,1,1,32,6,-1,-1,-1,-1,1,-1
201534WN20895,1,9,0,18,0,8,0,0,0,0,1,1,6,3,-1,-1,-1,-1,-1,-1,-1,-1
201534WN20895,2,8,0,18,0,8,0,0,0,0,3,1,1,1,-1,-1,-1,-1,-1,-1,-1,-1
201534WN20915,1,9,0,11,0,8,0,0,0,0,4,1,6,1,-1,-1,1124,1,15,-1,-1,-1
201534WN20915,2,8,0,18,0,8,0,0,0,0,3,1,1,1,53,8,1497,8,8,-1,1,-1
201534WN21175,1,9,0,18,0,0,0,0,0,0,4,1,6,2,56,9,1598,1,1,-1,1,-1
201534WN21185,1,9,0,18,0,8,0,0,0,0,1,1,6,1,28,6,973,1,13,-1,1,-1
201534WN21185,2,9,0,3,0,8,0,0,0,0,2,1,6,1,28,6,1910,2,10,-1,1,-1
201534WN21185,3,9,0,10,0,8,0,0,0,0,2,1,2,1,32,6,1198,1,11,-1,1,-1
201534WN21195,1,9,0,18,0,0,0,0,0,0,1,1,1,1,20,4,1461,2,3,-1,2,-1
201534WN21195,2,9,0,4,0,0,0,0,0,0,2,1,6,1,21,5,1598,1,8,-1,1,-1
201534WN21195,3,9,0,2,0,0,0,0,0,0,2,1,6,2,28,6,1685,2,4,-1,1,-1
201534WN21195,4,9,0,14,0,0,0,0,0,0,2,1,6,2,19,4,1896,2,10,-1,2,-1
201534WN21265,1,9,0,18,0,8,0,0,0,0,4,1,6,1,20,4,1995,2,5,-1,1,-1
201534WN21265,2,1,0,18,0,8,0,0,0,0,3,1,6,1,26,6,-1,-1,-1,-1,1,-1
201534WN21275,1,9,0,7,0,8,1,0,1,2,3,1,6,2,43,7,1200,1,12,-1,-1,-1
201534WN21485,1,9,0,18,0,0,0,0,0,0,3,1,6,3,-1,-1,-1,-1,-1,-1,-1,-1
201534WN21485,2,3,0,13,0,0,0,0,0,0,4,1,6,1,21,5,124,1,10,-1,1,-1
201534WN21505,1,9,0,18,0,8,0,0,0,0,0,1,2,2,21,5,1242,1,1,-1,3,-1
201534WN21505,2,9,0,18,0,8,0,0,0,0,1,1,6,2,32,6,1360,1,7,-1,1,-1
201534WN21515,1,5,0,17,0,8,0,10,1,0,4,1,6,1,26,6,599,1,23,-1,-1,-1
201534WN21535,1,9,0,6,0,0,0,0,0,0,1,1,6,1,19,4,1199,1,12,-1,1,-1
201534WN21535,2,5,0,18,0,0,0,0,0,0,4,1,6,1,31,6,-1,-1,-1,-1,1,-1
201534WN21605,1,9,0,11,0,8,0,0,0,0,4,1,6,1,-1,-1,-1,-1,-1,-1,-1,-1
201534WN21605,2,9,0,18,0,8,0,0,0,0,3,1,6,2,28,6,1598,1,5,-1,1,-1
201534WN21925,1,9,0,18,0,0,0,0,0,0,1,1,6,2,23,5,1149,1,12,-1,1,-1
201534WN21935,1,9,0,18,0,0,0,0,0,0,1,1,6,1,19,4,-1,-1,-1,-1,2,-1
201534WN21935,2,9,0,3,0,0,0,0,0,0,2,1,6,1,25,5,1600,1,11,-1,1,-1
201534WN21945,1,9,0,18,0,0,0,0,0,0,1,1,6,1,42,7,1560,2,5,-1,2,-1
201534WN21945,2,1,0,9,0,0,0,0,0,0,4,1,6,1,34,6,-1,-1,-1,-1,1,-1
201534WN22045,1,9,0,18,0,8,0,0,0,0,1,1,6,1,-1,-1,1582,2,8,-1,-1,-1
201534WN22045,2,9,0,3,0,8,0,0,0,0,2,1,6,2,45,7,1560,2,5,-1,1,-1
201534WN22115,1,9,0,9,0,8,0,0,0,0,1,1,6,1,31,6,1796,1,14,-1,-1,-1
201534WN22115,2,9,0,18,0,8,0,0,0,0,1,1,6,2,40,7,-1,-1,-1,-1,1,-1
201534WN22125,1,2,0,18,0,0,0,0,0,0,1,1,6,1,20,4,-1,-1,-1,-1,-1,-1
201534WN22125,2,9,0,18,0,0,0,0,0,0,4,1,6,1,44,7,998,1,1,-1,1,-1
201534WN22145,1,9,0,9,0,8,0,0,0,0,1,1,6,2,70,10,-1,-1,-1,-1,1,-1
201534WN22145,2,9,0,18,0,8,0,0,0,2,3,1,6,2,32,6,1598,1,9,-1,3,-1
201534WN22245,1,9,0,6,0,0,0,0,0,11,1,1,3,2,46,8,-1,-1,-1,-1,1,-1
201534WN22365,1,9,0,18,0,0,0,0,0,0,1,1,6,1,-1,-1,1995,2,7,-1,-1,-1
201534WN22365,2,9,0,3,0,0,0,0,0,0,2,1,6,1,24,5,2996,1,8,-1,-1,-1
201534WN22375,1,19,0,18,0,0,0,0,0,0,1,1,6,3,-1,-1,-1,-1,-1,-1,-1,-1
201534WN22375,2,1,0,18,0,0,0,0,0,0,4,1,6,2,15,3,-1,-1,-1,-1,1,-1
201534WN22405,1,9,0,7,0,8,1,0,0,0,1,1,6,2,29,6,1299,1,14,-1,1,-1
201534WN22405,2,9,0,3,0,8,0,0,0,0,3,1,6,1,56,9,1686,2,4,-1,1,-1
201534WN22465,1,1,0,18,0,0,0,0,0,0,1,1,2,1,47,8,-1,-1,-1,-1,2,-1
201534WN22465,2,9,0,2,0,0,0,0,0,0,2,1,1,2,38,7,1998,8,-1,-1,1,-1
201534WN22885,1,9,0,9,0,8,0,0,0,0,1,1,6,1,50,8,-1,-1,-1,-1,2,-1
201534WN22885,2,5,0,18,0,8,0,0,0,0,3,1,6,1,24,5,600,1,3,-1,1,-1
201534WN22985,1,21,1,12,0,0,0,0,0,0,1,2,1,1,57,9,-1,-1,-1,-1,-1,-1
201534WN22985,2,8,0,18,0,0,0,0,0,0,4,1,1,1,57,9,1797,8,5,-1,1,-1
201534WN23365,1,3,0,18,0,8,0,0,0,0,3,1,6,1,24,5,125,1,-1,-1,1,-1
201534WN23365,2,8,0,18,0,8,0,0,0,0,1,1,6,3,-1,-1,-1,-1,-1,-1,-1,-1
201534WN23385,1,19,0,9,0,8,0,0,0,0,3,1,6,1,52,8,1248,2,2,-1,1,-1
201534WN23385,2,9,0,18,0,8,0,0,0,0,1,1,6,1,-1,-1,-1,-1,-1,-1,-1,-1
201534WN23485,1,9,0,18,0,8,0,0,0,0,1,1,6,1,-1,-1,-1,-1,-1,-1,-1,-1
201534WN23485,2,9,0,3,0,8,0,0,0,0,2,1,6,2,23,5,1560,2,3,-1,1,-1
201534WN23495,1,9,0,18,0,0,0,0,0,0,1,1,6,1,-1,-1,1242,1,12,-1,-1,-1
201534WN23495,2,19,0,18,0,0,0,0,0,0,2,1,2,1,35,6,2198,2,-1,-1,1,-1
201534WN23505,1,11,0,18,0,0,0,0,0,0,1,1,1,1,-1,-1,9000,2,4,-1,-1,-1
201534WN23535,1,9,0,18,0,8,0,0,0,0,1,1,6,1,72,10,1796,1,11,-1,-1,-1
201534WN23535,2,9,0,18,0,8,0,0,0,0,1,1,6,2,40,7,2400,2,6,-1,-1,-1
201534WN23545,1,9,0,18,0,8,0,0,0,0,1,1,2,2,36,7,1997,2,7,-1,-1,-1
201534WN23545,2,1,0,18,0,8,0,0,0,0,3,1,6,2,42,7,-1,-1,-1,-1,1,-1
201534WN23645,1,9,0,18,0,8,0,10,0,0,3,1,6,2,49,8,1360,1,10,-1,1,-1
201534WN23645,2,9,0,18,0,8,0,10,1,1,4,1,6,2,25,5,1242,1,11,-1,1,-1
201534WN23815,1,9,0,18,0,8,0,0,0,0,1,1,6,1,52,8,1596,1,21,-1,1,-1
201534WN23815,2,9,0,3,0,8,0,0,0,0,2,1,2,2,24,5,1968,2,-1,-1,3,-1
201534WN23815,3,9,0,18,0,8,0,0,0,0,1,1,6,1,29,6,973,1,12,-1,1,-1
201534WN23915,1,9,0,18,0,0,0,0,0,0,0,1,1,1,32,6,-1,-1,-1,-1,1,-1
201534WN23925,1,9,0,1,0,8,0,0,0,0,2,1,6,2,-1,-1,1995,2,16,-1,-1,-1
201534WN23925,2,9,0,18,0,8,0,0,0,0,3,1,6,1,56,9,1956,2,1,-1,-1,-1
201534WN23945,1,9,0,18,0,0,0,0,0,0,1,1,2,2,20,4,1124,1,15,-1,1,-1
201534WN23945,2,9,0,3,0,0,0,0,0,0,2,1,2,1,25,5,1364,1,5,-1,1,-1
201534WN23945,3,9,0,3,0,0,0,0,0,0,2,1,2,1,25,5,1598,1,-1,-1,2,-1
201534WN24145,1,11,0,9,0,8,0,0,0,0,1,1,1,1,54,8,4146,2,10,-1,1,-1
201534WN24145,2,3,0,18,0,8,0,0,0,0,1,1,6,1,19,4,124,1,17,-1,1,-1
201534WN24225,1,9,0,18,0,8,0,0,0,0,1,1,6,1,42,7,1242,1,12,-1,1,-1
201534WN24325,1,9,0,9,0,8,0,0,0,0,0,1,3,2,45,7,1968,2,5,-1,1,-1
201534WN24325,2,9,0,18,0,8,0,0,0,0,2,1,3,3,37,7,2231,2,9,-1,1,-1
201534WN24385,1,9,0,14,0,0,1,0,0,0,1,1,1,1,37,7,1598,1,13,-1,-1,-1
201534WN24385,2,9,0,18,0,0,0,0,0,0,1,1,6,2,57,9,1870,2,7,-1,2,-1
201534WN24505,1,9,0,18,0,0,0,0,0,0,1,1,6,2,47,8,1997,2,13,-1,1,-1
201534WN24505,2,1,0,18,0,0,0,0,0,0,1,1,6,1,11,3,-1,-1,-1,-1,-1,-1
201534WN24525,1,9,0,2,0,0,0,0,0,0,4,1,6,1,66,10,1997,2,6,-1,1,-1
201534WN24525,2,90,0,18,0,0,0,0,0,0,4,1,6,1,47,8,-1,-1,-1,-1,-1,-1
201534WN24535,1,19,0,7,0,8,0,0,0,0,1,1,1,1,24,5,2496,2,19,-1,1,-1
201534WN24535,2,1,0,18,0,8,0,0,0,0,3,1,2,1,28,6,-1,-1,-1,-1,1,-1
201534WN24635,1,90,0,18,0,8,0,0,0,0,1,1,1,1,-1,-1,7146,2,4,-1,-1,-1
201534WN24635,2,9,0,10,0,8,0,0,0,0,2,1,6,1,59,9,1589,1,19,-1,1,-1
201534WN24695,1,9,0,18,0,0,0,0,0,0,1,1,2,1,29,6,1200,1,2,-1,-1,-1
201534WN24695,2,1,0,18,0,0,0,0,0,0,3,1,6,1,13,3,-1,-1,-1,-1,-1,-1
201534WN24725,1,9,0,18,0,8,0,0,0,0,1,1,6,1,34,6,1598,2,2,-1,1,-1
201534WN24725,2,9,0,3,0,8,0,0,0,0,2,1,6,2,38,7,-1,-1,-1,-1,1,-1
201534WN24745,1,9,0,18,0,8,0,0,0,0,1,1,6,1,-1,-1,1388,1,12,-1,-1,-1
201534WN24745,2,2,0,3,0,8,0,0,0,0,2,1,1,1,22,5,49,1,6,-1,1,-1
201534WN25025,1,9,0,17,0,0,0,10,1,4,4,1,3,2,41,7,1598,1,9,-1,1,-1
201534WN25185,1,9,0,9,0,8,0,0,0,0,3,1,3,1,43,7,1360,1,9,-1,1,-1
201534WN25185,2,3,0,18,0,8,0,0,0,0,1,1,2,1,21,5,124,1,10,-1,1,-1
201534WN25195,1,9,0,18,0,0,0,0,0,0,2,1,6,2,26,6,1396,2,1,-1,2,-1
201534WN25195,2,9,0,3,0,0,0,0,0,0,1,1,6,2,-1,-1,1586,1,12,-1,-1,-1