Accident_Index,Vehicle_Reference,Vehicle_Type,Towing_and_Articulation,Vehicle_Manoeuvre,Vehicle_Location-Restricted_Lane,Junction_Location,Skidding_and_Overturning,Hit_Object_in_Carriageway,Vehicle_Leaving_Carriageway,Hit_Object_off_Carriageway,1st_Point_of_Impact,Was_Vehicle_Left_Hand_Drive?,Journey_Purpose_of_Driver,Sex_of_Driver,Age_of_Driver,Age_Band_of_Driver,Engine_Capacity_(CC),Propulsion_Code,Age_of_Vehicle,Driver_IMD_Decile,Driver_Home_Area_Type,Vehicle_IMD_Decile
201534WN25285,1,9,0,1,0,0,0,0,0,0,4,1,6,3,-1,-1,-1,-1,-1,-1,-1,-1
201534WN25395,1,9,0,18,0,0,0,0,0,0,1,1,6,3,-1,-1,1587,1,13,-1,-1,-1
201534WN25395,2,9,0,3,0,0,0,0,0,0,2,1,6,1,54,8,1995,1,4,-1,1,-1
201534WN25535,1,9,0,18,0,8,0,0,0,0,1,1,6,1,67,10,1995,1,11,-1,1,-1
201534WN25535,2,9,0,3,0,8,0,0,0,0,2,1,6,1,62,9,1997,2,2,-1,1,-1
201534WN25675,1,9,0,18,0,0,0,0,0,0,1,1,6,1,-1,-1,1686,2,8,-1,-1,-1
201534WN25675,2,19,0,2,0,0,0,0,0,0,3,1,6,1,-1,-1,1560,2,6,-1,-1,-1
201534WN25675,3,9,0,2,0,0,0,0,0,0,1,1,6,3,-1,-1,1686,2,10,-1,-1,-1
201534WN25675,4,9,0,2,0,0,0,0,0,0,1,1,6,3,-1,-1,1461,2,1,-1,-1,-1
201534WN25675,5,19,0,2,0,0,0,0,0,0,2,1,6,3,-1,-1,-1,-1,-1,-1,-1,-1
201534WN25675,6,9,0,2,0,0,0,0,0,0,1,1,6,3,-1,-1,1498,1,6,-1,-1,-1
201534WN25695,1,9,0,18,0,8,0,0,0,0,2,1,2,2,18,4,973,1,12,-1,1,-1
201534WN25695,2,9,0,18,0,8,0,0,0,0,4,1,2,1,32,6,-1,-1,-1,-1,1,-1
201534WN25705,1,9,0,9,0,8,0,0,0,0,3,1,2,2,28,6,998,1,8,-1,1,-1
201534WN25705,2,5,0,18,0,8,0,0,0,0,4,1,6,1,52,8,498,1,16,-1,1,-1
201534WN25805,1,9,0,18,0,0,0,0,0,0,1,1,2,1,34,6,1598,1,16,-1,1,-1
201534WN25805,2,9,0,3,0,0,0,0,0,0,2,1,2,2,40,7,1560,2,1,-1,1,-1
201534WN25815,1,9,0,3,0,8,0,0,0,0,3,1,3,2,25,5,1969,2,-1,-1,1,-1
201534WN25815,2,1,0,7,0,8,0,0,0,0,3,1,6,1,25,5,-1,-1,-1,-1,1,-1
201534WN25825,1,9,0,18,0,8,0,0,0,0,1,1,6,1,62,9,-1,-1,-1,-1,2,-1
201534WN25825,2,9,0,18,0,8,0,0,0,0,3,1,2,2,23,5,1149,1,8,-1,3,-1
201534WN25835,1,9,0,18,0,8,0,0,0,0,1,1,6,1,39,7,1598,1,10,-1,1,-1
201534WN25835,2,9,0,18,0,8,0,0,0,0,4,1,1,1,-1,-1,1686,2,3,-1,-1,-1
201534WN26035,1,9,0,18,0,8,0,0,0,0,1,1,6,2,-1,-1,1299,1,15,-1,-1,-1
201534WN26035,2,9,0,2,0,8,0,0,0,0,2,1,6,3,-1,-1,-1,-1,-1,-1,-1,-1
201534WN26035,3,9,0,2,0,8,0,0,0,0,1,1,6,3,-1,-1,2000,1,9,-1,-1,-1
201534WN26065,1,9,0,18,0,0,0,0,0,0,4,1,6,3,-1,-1,-1,-1,-1,-1,-1,-1
201534WN26105,1,1,0,12,0,8,0,0,0,0,3,1,6,1,45,7,-1,-1,-1,-1,1,-1
201534WN26105,2,9,0,18,0,8,0,0,0,0,4,1,6,2,26,6,1390,1,13,-1,1,-1
201534WN26115,1,19,0,12,0,8,0,0,0,0,1,1,6,1,-1,-1,1560,2,-1,-1,-1,-1
201534WN26115,2,9,0,18,0,8,0,0,0,0,4,1,2,1,29,6,1968,2,7,-1,1,-1
201534WN26125,1,9,0,18,0,0,0,0,0,0,1,1,6,1,48,8,-1,-1,-1,-1,-1,-1
201534WN26125,2,9,0,3,0,0,0,0,0,0,2,1,6,2,-1,-1,1240,1,6,-1,-1,-1
201534WN26125,3,9,0,18,0,0,0,0,0,0,1,1,6,2,58,9,1198,1,1,-1,1,-1
201534WN26135,1,3,0,18,0,0,0,0,0,0,1,1,6,1,27,6,124,1,9,-1,2,-1
201534WN26135,2,9,0,14,0,0,0,0,0,0,2,1,6,2,25,5,1850,1,15,-1,1,-1
201534WN26135,3,9,0,18,0,0,0,0,0,0,1,1,6,1,64,9,1560,2,1,-1,1,-1
201534WN26155,1,21,1,13,0,0,0,0,0,0,3,2,6,1,44,7,-1,-1,-1,-1,-1,-1
201534WN26155,2,9,0,18,0,0,0,0,0,0,4,1,1,2,48,8,1596,1,7,-1,2,-1
201534WN26295,1,9,0,18,0,8,0,0,0,0,1,1,6,1,-1,-1,-1,-1,-1,-1,-1,-1
201534WN26315,1,9,0,18,0,0,0,10,7,5,1,1,6,1,39,7,1796,1,11,-1,-1,-1
201534WN26315,2,9,0,2,0,0,0,0,0,0,2,1,6,3,-1,-1,1229,1,5,-1,-1,-1
201534WN26315,3,9,0,2,0,0,0,0,0,0,2,1,6,3,-1,-1,1560,2,5,-1,-1,-1
201534WN26335,1,9,0,12,0,0,0,0,0,0,4,1,6,1,62,9,1461,2,6,-1,1,-1
201534WN26375,1,9,0,7,0,8,0,0,0,0,1,1,1,1,30,6,-1,-1,-1,-1,-1,-1
201534WN26375,2,1,0,18,0,8,0,0,0,0,3,1,6,2,18,4,-1,-1,-1,-1,-1,-1
201534WN26445,1,9,0,18,0,0,0,0,0,0,3,1,6,3,-1,-1,1988,1,14,-1,-1,-1
201534WN26545,1,19,0,1,0,8,0,0,0,0,2,1,1,1,53,8,2298,2,5,-1,-1,-1
201534WN26765,1,9,0,18,0,8,0,0,0,0,1,1,6,1,58,9,1794,1,9,-1,1,-1
201534WN26765,2,9,0,3,0,8,0,0,0,0,2,1,2,2,51,8,-1,-1,-1,-1,2,-1
201534WN26795,1,9,0,18,0,0,0,0,0,0,1,1,2,2,35,6,1389,1,10,-1,1,-1
201534WN26805,1,9,0,10,0,8,0,0,0,0,1,1,6,1,38,7,1753,2,14,-1,-1,-1
201534WN26805,2,3,0,18,0,8,0,0,0,0,3,1,6,1,29,6,-1,-1,-1,-1,1,-1
201534WN26965,1,19,0,3,0,0,0,0,0,0,1,1,6,1,43,7,1968,2,3,-1,1,-1
201534WN26965,2,9,0,3,0,0,0,0,0,0,2,1,6,1,-1,-1,1598,1,3,-1,-1,-1
201534WN27045,1,9,0,18,0,8,2,0,0,0,1,1,6,1,22,5,1598,1,7,-1,1,-1
201534WN27045,2,9,0,18,0,8,0,0,0,0,2,1,6,2,37,7,1368,1,6,-1,-1,-1
201534WN27045,3,19,0,18,0,8,0,0,0,0,3,1,1,1,44,7,1598,2,-1,-1,1,-1
201534WN27045,4,9,0,18,0,8,0,0,1,0,1,1,6,2,34,6,1598,1,8,-1,1,-1
201534WN27055,1,9,0,13,0,0,1,0,0,0,1,1,2,1,53,8,-1,-1,-1,-1,1,-1
201534WN27055,2,9,0,18,0,0,1,0,0,0,1,1,6,2,33,6,1796,1,16,-1,1,-1
201534WN27055,3,21,0,18,0,0,1,0,0,0,1,1,6,1,58,9,-1,2,14,-1,1,-1
201534WN27135,1,9,0,13,0,0,0,0,0,0,4,1,6,1,-1,-1,-1,-1,-1,-1,-1,-1
201534WN27135,2,19,0,2,0,0,0,0,0,0,2,1,2,1,63,9,1360,1,8,-1,-1,-1
201534WN27135,3,1,0,14,0,0,0,0,0,0,2,1,6,1,19,4,-1,-1,-1,-1,1,-1
201534WN27145,1,9,0,14,0,8,0,0,0,0,4,1,6,1,45,7,1896,2,6,-1,1,-1
201534WN27155,1,9,0,12,0,0,1,0,0,0,3,1,6,2,39,7,1986,2,8,-1,1,-1
201534WN27155,2,9,0,12,0,0,0,0,0,0,4,1,2,1,25,5,-1,-1,-1,-1,1,-1
201534WN27325,1,9,0,18,0,0,0,0,0,0,1,1,6,1,21,5,-1,-1,-1,-1,1,-1
201534WN27325,2,9,0,18,0,0,0,0,0,0,0,1,1,1,47,8,2993,2,3,-1,-1,-1
201534WN27335,1,9,0,9,0,8,0,0,0,0,4,1,6,1,25,5,1995,1,8,-1,1,-1
201534WN27335,2,5,0,18,0,8,0,0,0,0,1,1,6,1,56,9,124,1,16,-1,2,-1
201534WN27355,1,9,0,18,0,8,0,0,2,2,1,1,1,2,67,10,998,1,7,-1,1,-1
201534WN27355,2,9,0,18,0,8,0,0,0,0,1,1,6,1,-1,-1,1976,1,5,-1,-1,-1
201534WN27475,1,8,0,10,0,8,0,0,0,0,1,1,1,1,38,7,2143,2,5,-1,1,-1
201534WN27645,1,9,0,9,0,8,0,0,0,0,1,1,6,1,49,8,1896,2,12,-1,1,-1
201534WN27645,2,5,0,18,0,8,0,0,0,0,3,1,2,1,57,9,1402,1,13,-1,1,-1
201534WN27985,1,9,0,18,0,8,0,10,7,0,1,1,1,1,49,8,1995,2,3,-1,-1,-1
201534WN27985,2,9,0,18,0,8,0,10,0,1,1,1,1,2,53,8,-1,-1,-1,-1,1,-1
201534WN28015,1,9,0,3,0,0,0,0,0,0,2,1,6,2,-1,-1,998,1,16,-1,-1,-1
201534WN28015,2,19,0,18,0,0,0,0,0,0,3,1,1,1,49,8,2198,2,-1,-1,1,-1
201534WN28015,3,9,0,18,0,0,0,0,0,0,1,1,1,2,64,9,1229,1,1,-1,2,-1
201534WN28055,1,9,0,17,0,1,0,0,0,0,4,1,6,1,54,8,1596,1,8,-1,1,-1
201534WN28055,2,5,0,17,0,1,0,0,0,0,3,1,2,1,21,5,645,1,12,-1,1,-1
201534WN28215,1,9,0,18,0,8,0,0,0,0,3,1,1,1,24,5,1229,1,10,-1,1,-1
201534WN28245,1,9,0,18,0,8,1,10,2,0,3,1,6,1,18,4,1396,1,10,-1,1,-1
201534WN28255,1,9,0,18,0,8,0,0,0,0,1,1,6,1,40,7,1598,1,12,-1,3,-1
201534WN28255,2,4,0,18,0,8,0,0,0,0,1,1,6,1,21,5,645,1,-1,-1,1,-1
201534WN28535,1,9,0,18,0,8,0,0,0,0,1,1,2,2,24,5,2000,2,11,-1,1,-1
201534WN28535,2,9,0,3,0,8,0,0,0,0,2,1,6,2,41,7,1598,2,2,-1,1,-1
201534WN28535,3,9,0,3,0,8,0,0,0,0,2,1,6,1,45,7,-1,-1,-1,-1,1,-1
201534WN28595,1,9,0,18,0,8,0,0,0,0,4,1,2,2,20,4,998,1,-1,-1,2,-1
201534WN28685,1,9,0,3,0,0,0,0,0,0,1,1,6,1,48,8,1390,1,14,-1,-1,-1
201534WN28685,2,9,0,18,0,0,0,0,1,11,1,1,6,3,-1,-1,-1,-1,-1,-1,-1,-1
201534WN28685,3,9,0,18,0,0,0,0,0,0,1,1,6,3,-1,-1,1798,1,11,-1,-1,-1
201534WN28715,1,9,0,9,0,8,0,0,0,0,1,1,2,1,26,6,-1,-1,-1,-1,1,-1
201534WN28785,1,19,0,18,0,8,0,0,0,0,3,1,1,1,61,9,2148,2,8,-1,-1,-1
201534WN28945,1,9,0,18,0,8,0,0,0,0,3,1,6,2,31,6,1596,1,7,-1,1,-1
201534WN28945,2,9,0,2,0,8,0,0,0,0,3,1,3,2,30,6,1598,1,3,-1,1,-1
201534WN29155,1,9,0,18,0,8,0,0,0,0,3,1,6,3,-1,-1,-1,-1,-1,-1,-1,-1
201534WN29155,2,3,0,18,0,8,0,0,0,0,1,1,2,1,51,8,125,1,1,-1,1,-1
201534WN29175,1,9,0,18,0,0,0,0,0,0,4,1,6,3,-1,-1,-1,-1,-1,-1,-1,-1
201534WN29195,1,9,0,9,0,8,0,0,0,0,1,1,6,1,22,5,1598,1,10,-1,1,-1
201534WN29195,2,9,0,18,0,8,0,0,0,0,1,1,6,2,53,8,2499,2,11,-1,-1,-1
201534WN29235,1,9,0,18,0,0,0,0,0,0,1,1,6,1,22,5,1149,1,11,-1,1,-1
201534WN29235,2,9,0,18,0,0,0,0,0,0,1,1,6,1,19,4,1124,1,14,-1,1,-1
201534WN29245,1,9,0,18,0,8,0,10,7,0,1,1,6,2,18,4,1229,1,9,-1,1,-1
201534WN29505,1,11,0,18,0,8,0,0,0,0,0,1,1,1,-1,-1,-1,-1,-1,-1,-1,-1
201534WN29515,1,9,0,6,0,0,0,0,0,0,3,1,2,1,22,5,1390,1,7,-1,3,-1
201534WN29515,2,5,0,18,0,0,0,0,0,0,1,1,2,1,35,6,745,1,1,-1,2,-1
201534WN29545,1,9,0,18,0,8,0,0,0,0,1,1,1,1,48,8,1390,1,17,-1,1,-1
201534WN29545,2,1,0,18,0,8,0,0,0,0,1,1,6,1,50,8,-1,-1,-1,-1,3,-1
201534WN29735,1,9,0,14,0,0,0,0,0,0,3,1,6,1,-1,-1,-1,-1,-1,-1,-1,-1
201534WN29735,2,9,0,14,0,0,0,0,0,0,3,1,3,2,26,6,1360,1,13,-1,1,-1
201534WN29745,1,9,0,18,0,8,0,0,0,0,1,1,2,1,36,7,1995,2,7,-1,1,-1
201534WN29745,2,9,0,18,0,8,0,0,0,0,2,1,6,2,35,6,1598,2,-1,-1,1,-1
201534WN29765,1,9,0,1,0,8,0,0,0,0,2,1,6,1,-1,-1,1560,2,8,-1,-1,-1
201534WN29765,2,9,0,18,0,8,0,0,0,0,1,1,6,1,24,5,1595,1,9,-1,1,-1
201534WN29885,1,11,0,18,0,0,0,0,0,0,1,1,1,1,52,8,6871,2,6,-1,-1,-1
201534WN29885,2,1,0,18,0,0,0,0,0,0,2,1,2,2,56,9,-1,-1,-1,-1,1,-1
201534WN29985,1,9,0,9,0,8,0,0,0,0,1,1,6,2,35,6,1596,1,9,-1,1,-1
201534WN29985,2,3,0,18,0,8,0,0,0,0,2,1,6,1,21,5,125,1,9,-1,1,-1
201534WN30095,1,3,0,13,0,8,0,0,0,0,1,1,6,1,19,4,-1,-1,-1,-1,1,-1
201534WN30095,2,9,0,9,0,8,0,0,0,0,3,1,6,1,53,8,-1,-1,-1,-1,1,-1
201534WN30285,1,9,0,18,0,8,0,0,0,0,4,1,6,1,47,8,3628,2,6,-1,1,-1
201534WN30325,1,19,0,18,0,8,0,0,0,0,1,1,1,1,37,7,1560,2,3,-1,1,-1
201534WN30335,1,9,0,18,0,8,0,0,0,0,1,1,2,2,41,7,-1,-1,-1,-1,1,-1
201534WN30335,2,9,0,9,0,8,0,0,0,0,1,1,6,2,18,4,1198,1,12,-1,-1,-1
201534WN30345,1,9,0,9,0,8,0,0,0,0,1,1,1,1,66,10,1997,2,5,-1,2,-1
201534WN30435,1,9,0,18,0,8,0,0,0,0,1,1,6,3,-1,-1,-1,-1,-1,-1,-1,-1
201534WN30485,1,9,0,12,0,0,5,0,4,0,1,1,6,2,28,6,1598,1,9,-1,2,-1
201534WN30485,2,9,0,18,0,0,0,0,0,0,2,1,2,1,54,8,1796,1,11,-1,-1,-1
201534WN30495,1,9,0,18,0,8,0,7,7,1,1,1,6,1,25,5,1461,2,-1,-1,1,-1
201534WN30555,1,9,0,9,0,8,0,0,0,0,1,1,6,1,19,4,1388,1,11,-1,1,-1
201534WN30555,2,9,0,18,0,8,0,0,0,0,1,1,6,2,54,8,1360,1,11,-1,1,-1
201534WN30755,1,9,0,12,0,0,0,0,0,0,1,1,2,1,22,5,1229,1,4,-1,1,-1
201534WN30755,2,9,0,18,0,0,1,0,4,0,2,1,6,1,59,9,799,2,5,-1,1,-1
201534WN30775,1,9,0,9,0,8,0,0,0,0,4,1,3,1,34,6,1497,1,11,-1,1,-1
201534WN30775,2,1,0,18,0,8,0,0,0,0,3,1,6,1,40,7,-1,-1,-1,-1,1,-1
201534WN30915,1,9,0,9,0,8,0,0,0,0,1,1,2,2,56,9,1389,1,14,-1,1,-1
201534WN30945,1,9,0,18,0,8,0,0,0,0,4,1,6,1,-1,-1,-1,-1,-1,-1,-1,-1
201534WN31025,1,19,0,3,0,0,0,0,0,0,0,1,1,1,30,6,2298,2,4,-1,1,-1
201534WN31025,2,19,0,5,0,0,0,0,0,0,0,1,6,3,-1,-1,-1,-1,-1,-1,-1,-1
201534WN31025,3,9,0,18,0,0,0,0,0,0,1,1,6,2,-1,-1,-1,-1,-1,-1,-1,-1
201534WN31055,1,9,0,9,0,8,0,0,0,0,4,1,6,1,20,4,998,1,2,-1,-1,-1
201534WN31075,1,9,0,18,0,8,0,0,0,0,1,1,6,2,54,8,1995,2,1,-1,3,-1
201534WN31075,2,1,0,18,0,8,0,0,0,0,1,1,6,1,19,4,-1,-1,-1,-1,1,-1
201534WN31095,1,9,0,18,0,8,0,0,0,0,1,1,1,2,35,6,1242,1,3,-1,1,-1
201534WN31095,2,1,0,18,0,8,0,0,0,0,4,1,6,1,71,10,-1,-1,-1,-1,1,-1
201534WN31105,1,9,0,9,0,8,0,0,0,0,1,1,1,1,45,7,1396,1,14,-1,1,-1
201534WN31105,2,9,0,18,0,8,0,0,0,0,1,1,6,1,55,8,2183,2,4,-1,1,-1
201534WN31285,1,9,0,9,0,8,0,0,0,0,1,1,6,1,-1,-1,1587,1,15,-1,-1,-1
201534WN31285,2,1,0,18,0,8,0,0,0,0,1,1,6,1,63,9,-1,-1,-1,-1,-1,-1
201534WN31295,1,9,0,18,0,0,0,0,0,0,1,1,6,1,-1,-1,1398,2,12,-1,-1,-1
201534WN31295,2,9,0,7,0,0,0,0,0,0,0,1,6,1,39,7,1198,1,11,-1,1,-1
201534WN31355,1,9,0,18,0,8,0,0,0,0,1,1,6,1,-1,-1,1360,1,8,-1,-1,-1
201534WN31385,1,8,0,18,0,0,0,0,0,0,4,1,1,1,34,6,1497,8,7,-1,-1,-1
201534WN31625,1,11,0,18,0,0,0,0,0,0,4,1,6,1,-1,-1,8268,2,9,-1,-1,-1
201534WN31635,1,9,0,18,0,8,0,0,0,0,1,1,2,1,55,8,1798,1,7,-1,1,-1
201534WN31685,1,3,0,18,0,0,0,0,0,0,3,1,2,1,41,7,124,1,1,-1,1,-1
201534WN31685,2,9,0,18,0,0,0,0,0,0,4,1,6,1,41,7,1968,2,7,-1,1,-1
201534WN31775,1,90,0,14,0,8,0,0,0,0,1,1,6,1,28,6,-1,-1,-1,-1,3,-1
201534WN31775,2,9,0,18,0,8,0,0,0,0,1,1,6,2,49,8,1587,1,12,-1,3,-1
201534WN31885,1,9,0,18,0,7,0,0,0,0,1,1,6,2,56,9,2776,2,8,-1,1,-1
201534WN31885,2,9,0,3,0,7,0,0,0,0,2,1,2,2,43,7,1598,2,-1,-1,1,-1
201534WN31885,3,9,0,18,0,8,0,0,0,0,4,1,2,2,67,10,1596,1,9,-1,3,-1
201534WN31905,1,2,0,9,0,8,0,0,0,0,1,1,6,1,28,6,49,2,12,-1,1,-1
201534WN31905,2,19,0,18,0,8,0,0,0,0,1,1,1,1,28,6,1870,2,11,-1,3,-1
201534WN31925,1,8,0,12,0,8,0,0,0,0,1,1,6,1,-1,-1,1968,2,8,-1,-1,-1
201534WN31925,2,9,0,18,0,8,0,0,0,0,2,1,2,2,22,5,1870,2,8,-1,1,-1
201534WN32095,1,9,0,18,0,8,0,0,0,0,1,1,6,1,-1,-1,1496,2,-1,-1,-1,-1
201534WN32095,2,9,0,9,0,8,0,0,0,0,1,1,6,1,76,11,1399,2,6,-1,1,-1
201534WN32115,1,9,0,18,0,8,0,9,7,11,1,1,6,1,22,5,1598,1,7,-1,1,-1
201534WN32165,1,9,0,3,0,8,0,0,0,0,1,1,6,1,23,5,2496,2,11,-1,1,-1
201534WN32165,2,9,0,7,0,8,0,0,0,0,1,1,6,3,-1,-1,-1,-1,-1,-1,-1,-1
201534WN32185,1,9,0,18,0,0,0,0,0,0,1,1,6,1,21,5,1598,1,12,-1,2,-1
201534WN32185,2,9,0,18,0,0,0,0,0,0,1,1,6,1,71,10,2204,2,10,-1,2,-1
201534WN32185,3,21,0,3,0,0,0,0,0,0,2,1,1,1,47,8,-1,-1,-1,-1,-1,-1
201534WN32225,1,9,0,18,0,8,0,0,0,0,1,1,6,1,63,9,-1,-1,-1,-1,1,-1
201534WN32225,2,9,0,3,0,8,0,0,0,0,2,1,6,1,18,4,1199,1,14,-1,2,-1
201534WN32295,1,19,0,11,0,2,0,0,0,0,0,1,6,1,-1,-1,2402,2,9,-1,-1,-1
201534WN32295,2,9,0,18,0,2,0,0,0,0,1,1,6,2,18,4,-1,-1,-1,-1,1,-1
201534WN32315,1,9,0,18,0,0,0,0,0,0,4,1,1,1,82,11,-1,-1,-1,-1,1,-1
201534WN32335,1,9,0,18,0,8,0,0,0,0,1,1,2,2,26,6,1598,2,2,-1,1,-1
201534WN32335,2,9,0,9,0,8,0,0,0,0,1,1,6,1,61,9,1753,2,9,-1,-1,-1
201534WN32405,1,9,0,18,0,8,0,0,0,0,1,1,6,1,19,4,1596,1,16,-1,1,-1
201534WN32405,2,8,0,18,0,8,0,0,0,0,4,1,1,1,39,7,1796,1,7,-1,1,-1
201534WN32435,1,9,0,18,0,8,0,0,0,0,1,1,6,1,53,8,1598,1,11,-1,1,-1
201534WN32435,2,9,0,18,0,8,0,0,0,0,1,1,2,1,39,7,2204,2,11,-1,1,-1
201534WN32435,3,9,0,2,0,8,0,0,0,0,2,1,6,3,-1,-1,1390,1,11,-1,-1,-1
201534WN32435,4,9,0,2,0,8,0,0,0,0,1,1,6,3,-1,-1,1108,1,5,-1,-1,-1
201534WN32455,1,9,0,18,0,0,0,0,5,6,1,1,6,2,23,5,1686,2,8,-1,1,-1
201534WN32455,2,9,0,18,0,0,0,0,0,0,0,1,6,1,66,10,2496,1,12,-1,3,-1
201534WN32525,1,9,0,7,0,8,0,10,0,1,1,1,6,1,51,8,2143,2,-1,-1,1,-1
201534WN32565,1,11,0,18,0,0,0,0,0,0,4,1,1,1,46,8,5883,2,13,-1,1,-1
201534WN32785,1,3,0,18,0,8,0,0,0,0,1,1,1,1,22,5,124,1,-1,-1,1,-1
201534WN32785,2,9,0,3,0,8,0,0,0,0,2,1,1,2,32,6,-1,-1,-1,-1,1,-1
201534WN32825,1,19,0,18,0,8,0,0,0,0,4,1,1,1,66,10,2987,2,2,-1,1,-1
201534WN32835,1,9,0,18,0,8,0,0,0,0,1,1,6,1,42,7,1596,1,12,-1,1,-1
201534WN32855,1,9,0,18,0,0,0,0,4,0,3,1,2,2,44,7,1242,1,11,-1,1,-1
201534WN32855,2,21,1,11,0,0,0,0,0,0,1,1,1,1,37,7,10837,2,2,-1,-1,-1
201534WN32985,1,9,0,12,0,8,0,0,0,0,3,1,6,1,42,7,1794,1,12,-1,-1,-1
201534WN32985,2,5,0,18,0,8,0,0,0,0,4,1,6,1,34,6,749,1,8,-1,1,-1
201534WN33005,1,9,0,18,0,8,0,0,0,0,1,1,6,1,31,6,998,1,15,-1,1,-1
201534WN33005,2,9,0,18,0,8,0,0,0,0,2,1,6,1,34,6,1956,2,2,-1,1,-1
201534WN33145,1,9,0,15,0,8,0,0,0,0,1,1,2,2,26,6,1360,1,11,-1,1,-1
201534WN33145,2,9,0,18,0,8,0,0,0,0,4,2,6,1,29,6,-1,-1,-1,-1,-1,-1
201534WN33155,1,9,0,9,0,8,0,0,0,0,1,1,2,1,31,6,1598,1,16,-1,1,-1
201534WN33155,2,1,0,18,0,8,1,0,0,0,2,1,6,1,29,6,-1,-1,-1,-1,1,-1
201534WN33165,1,9,0,9,0,8,0,0,0,0,1,1,6,2,31,6,1108,1,14,-1,-1,-1
201534WN33165,2,9,0,18,0,8,0,0,0,0,1,1,6,1,49,8,1995,1,12,-1,-1,-1
201534WN33335,1,3,0,18,0,0,0,0,0,0,0,1,6,3,-1,-1,-1,-1,-1,-1,-1,-1
201534WN33365,1,9,0,9,0,8,0,0,0,0,3,1,6,1,73,10,1248,1,2,-1,-1,-1
201534WN33365,2,1,0,18,0,8,0,0,0,0,1,1,6,1,42,7,-1,-1,-1,-1,1,-1
201534WN33455,1,9,0,18,0,8,0,0,0,0,1,1,6,2,48,8,1329,1,1,-1,1,-1
201534WN33455,2,9,0,18,0,8,0,0,0,0,4,1,1,1,28,6,1686,2,3,-1,-1,-1
201534WN33825,1,9,0,7,0,8,0,0,0,0,3,1,2,2,50,8,1229,1,2,-1,3,-1
201534WN34035,1,9,0,1,0,0,0,0,0,0,2,1,6,2,-1,-1,998,1,2,-1,-1,-1
201534WN34035,2,9,0,2,0,0,0,0,0,0,2,1,6,1,58,9,1390,1,11,-1,1,-1
201534WN34085,1,8,0,18,0,8,0,0,0,0,4,1,6,1,-1,-1,-1,-1,-1,-1,-1,-1
201534WN34175,1,90,0,18,0,8,5,0,0,2,1,1,1,1,68,10,-1,-1,-1,-1,1,-1
201534WS00205,1,9,0,18,0,8,0,0,0,0,2,1,6,1,25,5,-1,-1,-1,-1,1,-1
201534WS00205,2,21,1,18,0,8,0,7,1,0,3,1,1,1,50,8,10518,2,4,-1,1,-1
201534WS00455,1,9,0,18,0,8,0,0,0,0,1,1,6,2,46,8,1896,2,14,-1,3,-1
201534WS00455,2,9,0,18,0,8,0,0,0,0,2,1,6,1,37,7,2497,2,9,-1,1,-1
201534WS00625,1,9,0,18,0,0,0,0,0,0,1,1,1,1,32,6,-1,-1,-1,-1,1,-1
201534WS00625,2,20,4,18,0,0,0,0,0,0,1,1,1,1,49,8,-1,-1,-1,-1,1,-1
201534WS00625,3,9,0,18,0,0,0,0,0,0,1,1,2,1,36,7,-1,-1,-1,-1,-1,-1
201534WS00675,1,3,0,14,0,8,0,0,0,0,1,1,2,1,20,4,125,1,1,-1,2,-1
201534WS00675,2,9,0,3,0,8,0,0,0,0,3,1,2,1,-1,-1,1968,2,5,-1,1,-1
201534WS00675,3,9,0,3,0,8,0,0,0,0,3,1,2,1,30,6,1598,2,2,-1,2,-1
201534WS00675,4,19,0,3,0,8,0,0,0,0,1,1,1,1,49,8,2148,2,7,-1,1,-1
201534WS00695,1,9,0,8,0,0,0,0,0,0,1,1,6,1,60,9,-1,-1,-1,-1,3,-1
201534WS00695,2,9,0,18,0,0,1,0,0,0,1,1,6,1,48,8,-1,-1,-1,-1,3,-1
201534WS00945,1,20,1,18,0,8,0,0,0,0,1,1,1,1,39,7,-1,-1,-1,-1,3,-1
201534WS00945,2,9,0,3,0,8,0,0,0,0,2,1,1,1,58,9,-1,-1,-1,-1,1,-1
201534WS01265,1,9,0,16,0,0,2,0,1,9,1,1,6,1,26,6,-1,-1,-1,-1,2,-1
201534WS01275,1,9,0,18,0,0,0,0,1,4,1,1,6,2,19,4,1995,2,3,-1,1,-1
201534WS01505,1,2,0,16,0,0,0,0,0,0,3,1,6,1,16,4,49,1,11,-1,3,-1
201534WS01505,2,9,0,17,0,0,0,0,0,0,1,1,2,1,37,7,1368,1,5,-1,2,-1
201534WS01525,1,9,0,18,0,0,0,0,0,0,1,1,1,1,28,6,-1,-1,-1,-1,1,-1
201534WS01525,2,9,0,3,0,0,0,0,0,0,2,1,2,1,40,7,1796,1,4,-1,2,-1
201534WS01525,3,9,0,3,0,0,0,0,0,0,2,1,2,1,52,8,2148,2,11,-1,-1,-1
201534WS01855,1,9,0,18,0,0,0,0,7,0,1,1,3,1,48,8,-1,-1,-1,-1,3,-1
201534WS01935,1,9,0,9,0,8,0,0,0,0,1,1,1,1,18,4,1199,2,3,-1,1,-1
201534WS01935,2,9,0,18,0,8,1,0,0,0,1,1,6,2,23,5,-1,-1,-1,-1,1,-1
201534WS02095,1,9,0,13,0,0,0,0,0,0,1,1,6,1,-1,-1,1248,1,17,-1,-1,-1
201534WS02095,2,9,0,18,0,0,0,0,0,0,1,1,6,1,25,5,1753,2,8,-1,3,-1
201534WS02235,1,9,0,7,0,8,0,0,0,0,3,1,1,1,31,6,1686,2,12,-1,2,-1
201534WS02235,2,11,0,18,0,8,0,0,0,0,1,1,6,1,39,7,4250,2,9,-1,1,-1
201534WS02245,1,1,0,18,0,0,0,0,0,0,1,1,2,1,58,9,-1,-1,-1,-1,3,-1