Accident_Index,Vehicle_Reference,Vehicle_Type,Towing_and_Articulation,Vehicle_Manoeuvre,Vehicle_Location-Restricted_Lane,Junction_Location,Skidding_and_Overturning,Hit_Object_in_Carriageway,Vehicle_Leaving_Carriageway,Hit_Object_off_Carriageway,1st_Point_of_Impact,Was_Vehicle_Left_Hand_Drive?,Journey_Purpose_of_Driver,Sex_of_Driver,Age_of_Driver,Age_Band_of_Driver,Engine_Capacity_(CC),Propulsion_Code,Age_of_Vehicle,Driver_IMD_Decile,Driver_Home_Area_Type,Vehicle_IMD_Decile
2015350013415,1,9,0,4,0,1,1,0,0,0,1,1,6,1,21,5,1299,1,13,-1,2,-1
2015350013415,2,9,0,4,0,1,0,0,0,0,2,1,6,1,50,8,1560,2,10,-1,1,-1
2015350013515,1,21,1,18,0,0,1,0,0,0,1,1,1,1,44,7,15607,2,1,-1,1,-1
2015350013515,2,9,0,4,0,0,0,0,0,0,2,1,1,2,48,8,1995,2,9,-1,1,-1
2015350013515,3,9,0,4,0,0,0,0,0,0,2,1,1,2,41,7,1368,1,4,-1,1,-1
2015350013615,1,9,0,13,0,0,2,0,1,1,1,1,2,1,22,5,-1,-1,-1,-1,1,-1
2015350013715,1,9,0,5,0,0,0,0,0,0,1,1,6,1,43,7,-1,-1,-1,-1,-1,-1
2015350013715,2,1,0,18,0,0,0,0,0,0,4,1,6,2,37,7,-1,-1,-1,-1,1,-1
2015350013815,1,9,0,18,0,1,0,0,0,0,1,1,6,1,43,7,2204,2,11,-1,1,-1
2015350013815,2,9,0,4,0,1,0,0,0,0,2,1,6,1,63,9,3956,1,13,-1,1,-1
2015350013815,3,9,0,4,0,1,0,0,0,0,2,1,6,2,58,9,2151,2,15,-1,2,-1
2015350013815,4,9,0,4,0,1,0,0,0,0,2,1,6,2,48,8,1587,1,7,-1,3,-1
2015350013915,1,9,0,18,0,0,0,0,1,0,1,1,6,2,21,5,1390,1,9,-1,3,-1
2015350014015,1,19,0,4,0,0,0,0,0,0,1,1,6,1,-1,-1,1248,2,2,-1,-1,-1
2015350014015,2,9,0,4,0,0,0,0,0,0,2,1,6,2,31,6,1796,1,12,-1,2,-1
2015350014115,1,19,0,18,0,6,1,0,0,0,1,1,1,1,52,8,2463,2,11,-1,3,-1
2015350014115,2,9,0,17,0,8,0,0,0,0,1,1,6,2,58,9,1598,1,4,-1,2,-1
2015350014215,1,9,0,9,0,5,0,0,0,0,1,1,6,1,-1,-1,-1,-1,-1,-1,-1,-1
2015350014215,2,1,0,18,9,8,0,0,0,0,3,1,6,2,20,4,-1,-1,-1,-1,-1,-1
2015350014315,1,8,0,9,0,5,0,0,0,0,1,1,1,1,-1,-1,-1,-1,-1,-1,1,-1
2015350014315,2,1,0,18,0,8,0,0,0,0,3,1,2,2,21,5,-1,-1,-1,-1,1,-1
2015350014515,1,19,0,13,0,0,0,0,0,0,4,1,6,3,-1,-1,-1,-1,-1,-1,-1,-1
2015350014515,2,1,0,18,0,0,0,0,0,0,3,1,6,1,33,6,-1,-1,-1,-1,1,-1
2015350014615,1,5,0,4,0,1,5,0,0,0,3,1,6,1,28,6,645,1,13,-1,-1,-1
2015350014715,1,9,0,12,0,1,0,0,4,6,1,1,1,1,57,9,1968,2,4,-1,-1,-1
2015350014715,2,9,0,18,0,1,0,0,0,0,4,1,6,1,21,5,1598,1,3,-1,2,-1
2015350014815,1,9,0,4,0,1,0,0,0,0,1,1,2,1,53,8,1560,2,1,-1,3,-1
2015350014815,2,9,0,4,0,1,0,0,0,0,2,1,6,1,68,10,1242,1,8,-1,1,-1
2015350014815,3,9,0,4,0,1,0,0,0,0,2,1,6,2,22,5,1598,1,2,-1,1,-1
2015350014815,4,9,0,11,0,1,0,0,0,0,4,1,6,2,80,11,998,1,13,-1,1,-1
2015350014915,1,9,0,18,0,8,5,0,1,10,1,1,6,1,34,6,-1,-1,-1,-1,1,-1
2015350015015,1,9,0,9,0,6,0,0,0,0,1,1,6,1,26,6,-1,-1,-1,-1,2,-1
2015350015015,2,1,0,18,0,8,0,0,0,0,4,1,6,2,33,6,-1,-1,-1,-1,1,-1
2015350015015,3,1,0,18,0,8,0,0,0,0,4,1,6,2,43,7,-1,-1,-1,-1,1,-1
2015350015115,1,9,0,18,0,1,0,0,0,0,1,1,6,1,44,7,1999,1,25,-1,1,-1
2015350015115,2,9,0,4,0,1,0,0,0,0,2,1,6,1,55,8,1956,2,4,-1,-1,-1
2015350015215,1,9,0,18,0,8,0,0,0,0,3,1,6,1,63,9,2184,2,10,-1,1,-1
2015350015215,2,9,0,9,0,5,0,0,0,0,4,1,6,1,64,9,-1,-1,-1,-1,1,-1
2015350015315,1,9,0,18,0,4,0,0,0,0,1,1,6,1,-1,-1,1198,1,10,-1,-1,-1
2015350015315,2,8,0,18,0,3,0,0,0,0,2,1,1,1,30,6,-1,-1,-1,-1,1,-1
2015350015415,1,9,0,18,0,1,0,0,0,0,1,1,6,1,41,7,1461,2,3,-1,1,-1
2015350015415,2,9,0,10,0,1,0,0,0,0,2,1,6,2,44,7,-1,-1,-1,-1,1,-1
2015350015415,3,9,0,18,0,1,0,0,0,0,1,1,1,1,46,8,1686,2,3,-1,-1,-1
2015350015515,1,9,0,9,0,6,0,0,0,0,4,1,6,2,30,6,1997,2,10,-1,1,-1
2015350015515,2,9,0,18,0,8,0,0,1,10,1,1,1,1,30,6,1560,2,3,-1,1,-1
2015350015615,1,9,0,18,0,0,1,0,0,0,1,1,6,2,56,9,1242,1,3,-1,1,-1
2015350015615,2,19,0,18,0,0,0,0,0,0,1,1,1,1,28,6,2402,2,15,-1,3,-1
2015350015715,1,9,0,18,0,1,0,0,0,0,1,1,6,1,-1,-1,-1,-1,-1,-1,-1,-1
2015350015715,2,9,0,4,0,1,0,0,0,0,2,1,6,2,42,7,-1,-1,-1,-1,1,-1
2015350015815,1,9,0,5,0,6,0,0,0,0,1,1,6,1,29,6,-1,-1,-1,-1,3,-1
2015350015815,2,9,0,18,0,8,0,0,0,0,1,1,6,2,29,6,1984,1,4,-1,3,-1
2015350015915,1,21,0,1,9,6,0,0,0,0,2,1,6,1,28,6,-1,-1,-1,-1,-1,-1
2015350016015,1,9,0,17,0,0,2,0,1,10,1,1,6,1,18,4,-1,-1,-1,-1,3,-1
2015350016115,1,19,0,18,0,1,0,0,7,1,1,1,1,1,48,8,2143,2,2,-1,1,-1
2015350016215,1,9,0,16,0,0,0,0,1,9,1,1,6,1,18,4,-1,-1,-1,-1,2,-1
2015350016315,1,9,0,18,0,8,0,0,0,0,1,1,6,1,48,8,1896,2,10,-1,-1,-1
2015350016315,2,1,0,18,0,8,0,0,0,0,2,1,6,1,27,6,-1,-1,-1,-1,1,-1
2015350016415,1,9,0,18,0,0,0,0,0,0,1,1,1,2,35,6,999,1,-1,-1,1,-1
2015350016415,2,9,0,4,0,0,0,0,0,0,2,1,1,2,44,7,2967,2,3,-1,1,-1
2015350016515,1,9,0,16,0,8,1,0,1,1,2,1,6,2,23,5,2490,1,19,-1,2,-1
2015350016615,1,9,0,18,0,0,2,0,1,9,1,1,6,1,40,7,1149,1,15,-1,2,-1
2015350016715,1,3,0,5,0,1,0,0,0,0,2,1,2,1,22,5,125,1,4,-1,2,-1
2015350016715,2,9,0,5,0,1,0,0,0,0,1,1,1,1,29,6,-1,-1,-1,-1,3,-1
2015350016815,1,9,0,18,0,0,0,0,1,9,1,1,6,2,33,6,-1,-1,-1,-1,1,-1
2015350016915,1,21,1,18,0,0,0,0,0,0,1,1,1,1,48,8,11946,2,8,-1,1,-1
2015350016915,2,21,0,18,0,0,0,0,0,0,2,1,1,1,38,7,7201,2,8,-1,1,-1
2015350017015,1,21,0,18,0,0,0,0,0,0,1,1,1,1,67,10,9200,2,4,-1,1,-1
2015350017015,2,9,0,2,0,0,0,0,0,0,2,1,1,1,45,7,1364,2,7,-1,1,-1
2015350017015,3,9,0,4,0,0,0,4,0,0,2,1,1,1,51,8,-1,-1,-1,-1,1,-1
2015350017215,1,9,0,18,0,0,0,0,0,0,1,1,6,1,40,7,1686,2,4,-1,1,-1
2015350017215,2,9,0,18,0,0,0,0,0,0,1,1,2,1,32,6,1124,1,11,-1,1,-1
2015350017315,1,9,0,17,0,0,0,0,7,9,1,1,6,1,49,8,1753,2,9,-1,-1,-1
2015350017315,2,3,0,16,0,0,0,0,1,0,1,1,6,1,19,4,125,1,10,-1,2,-1
2015350017415,1,9,0,4,0,0,0,0,0,0,0,1,6,1,23,5,1086,1,6,-1,2,-1
2015350017415,2,11,0,12,0,0,0,0,0,0,0,1,6,1,48,8,-1,-1,-1,-1,1,-1
2015350017515,1,9,0,5,8,0,0,0,0,0,3,1,6,2,60,9,999,1,1,-1,1,-1
2015350017515,2,9,0,18,0,0,0,0,0,0,1,1,1,1,25,5,1199,1,14,-1,2,-1
2015350017615,1,21,1,18,0,1,0,0,0,0,1,2,1,1,42,7,-1,-1,-1,-1,-1,-1
2015350017615,2,9,0,4,0,1,0,0,0,0,2,1,1,1,49,8,-1,-1,-1,-1,-1,-1
2015350017715,1,9,0,5,0,1,0,0,0,0,1,1,6,1,57,9,-1,-1,-1,-1,3,-1
2015350017715,2,9,0,3,0,1,0,0,0,0,2,1,6,2,52,8,1870,2,8,-1,2,-1
2015350017815,1,9,0,9,0,5,0,0,0,0,1,1,6,1,35,6,1956,2,2,-1,1,-1
2015350017815,2,1,0,18,0,8,0,0,0,0,2,1,6,1,23,5,-1,-1,-1,-1,1,-1
2015350017915,1,9,0,9,0,5,0,0,0,0,4,1,6,2,30,6,-1,-1,-1,-1,1,-1
2015350017915,2,9,0,18,0,8,0,0,0,0,1,1,6,1,42,7,-1,-1,-1,-1,1,-1
2015350018015,1,9,0,4,0,1,0,0,0,0,1,1,1,2,30,6,998,1,3,-1,1,-1
2015350018015,2,1,0,10,0,1,0,0,0,0,2,1,1,1,54,8,-1,-1,-1,-1,3,-1
2015350018115,1,9,0,5,0,2,1,0,0,0,4,1,6,1,30,6,-1,-1,-1,-1,3,-1
2015350018115,2,9,0,18,0,1,0,0,0,0,1,1,1,2,31,6,1329,1,3,-1,1,-1
2015350018215,1,9,0,12,0,0,0,0,0,0,3,1,6,2,25,5,1124,1,11,-1,1,-1
2015350018215,2,9,0,13,0,0,0,0,0,0,4,1,1,1,23,5,1299,1,15,-1,1,-1
2015350018415,1,9,0,18,0,0,0,0,0,0,4,1,6,2,65,9,1796,1,4,-1,-1,-1
2015350018415,2,21,4,18,0,0,0,0,0,0,3,1,1,1,56,9,12740,2,1,-1,1,-1
2015350018515,1,9,0,18,0,4,0,0,0,0,1,1,6,2,80,11,1598,1,11,-1,1,-1
2015350018515,2,1,0,18,0,8,0,0,0,0,4,1,4,2,17,4,-1,-1,-1,-1,1,-1
2015350018615,1,19,0,7,0,4,0,0,0,0,1,1,6,3,-1,-1,-1,-1,-1,-1,-1,-1
2015350018615,2,8,0,4,0,4,0,0,0,0,3,1,1,1,44,7,2148,2,6,-1,1,-1
2015350018715,1,9,0,4,0,1,0,0,0,0,1,1,6,1,50,8,1120,2,2,-1,1,-1
2015350018715,2,9,0,3,0,1,0,0,0,0,2,1,6,1,43,7,996,1,1,-1,1,-1
2015350018815,1,21,1,18,0,8,0,0,0,0,1,1,1,1,-1,-1,12419,2,1,-1,1,-1
2015350018815,2,9,0,18,0,8,0,0,0,0,2,1,6,1,37,7,1968,2,8,-1,3,-1
2015350018915,1,9,0,5,0,6,0,0,0,0,1,1,2,2,37,7,1685,2,1,-1,2,-1
2015350018915,2,9,0,18,0,8,0,0,0,0,1,1,6,1,65,9,-1,-1,-1,-1,1,-1
2015350019015,1,9,0,11,0,3,0,0,0,0,3,1,2,2,42,7,1399,1,4,-1,2,-1
2015350019015,2,21,1,13,0,8,0,0,0,0,4,1,1,1,46,8,12900,2,7,-1,-1,-1
2015350019115,1,9,0,4,0,1,1,0,0,0,1,1,6,2,24,5,-1,-1,-1,-1,3,-1
2015350019115,2,20,0,10,0,1,0,0,0,0,2,1,1,1,43,7,3900,2,13,-1,2,-1
2015350019215,1,9,0,17,0,0,2,0,1,9,1,1,1,2,27,6,1598,1,11,-1,1,-1
2015350019415,1,9,0,17,0,2,0,0,1,10,1,1,2,2,34,6,1242,1,5,-1,1,-1
2015350019615,1,9,0,5,9,6,0,0,0,0,4,1,6,1,-1,-1,-1,-1,-1,-1,1,-1
2015350019615,2,1,0,18,9,8,0,0,0,0,3,1,6,1,8,2,-1,-1,-1,-1,1,-1
2015350019715,1,21,1,18,0,0,0,0,0,0,0,1,6,3,-1,-1,-1,-1,-1,-1,-1,-1
2015350019715,2,9,0,18,0,0,5,0,1,9,1,1,6,2,18,4,-1,-1,-1,-1,3,-1
2015350019815,1,9,0,16,0,1,0,0,7,0,1,1,6,2,41,7,-1,-1,-1,-1,1,-1
2015350019815,2,9,0,18,0,2,0,0,0,0,1,1,6,2,48,8,-1,-1,-1,-1,1,-1
2015350019915,1,90,0,9,0,5,0,0,0,0,2,1,1,1,35,6,-1,-1,-1,-1,1,-1
2015350019915,2,9,0,13,0,8,0,0,0,0,1,1,6,2,29,6,-1,-1,-1,-1,2,-1
2015350020015,1,9,0,15,0,8,0,0,0,0,3,1,1,1,59,9,-1,-1,-1,-1,1,-1
2015350020015,2,20,4,9,0,6,0,0,0,0,4,1,1,1,43,7,5880,2,2,-1,2,-1
2015350020115,1,9,0,18,0,0,0,0,0,0,1,1,2,1,24,5,2976,1,11,-1,1,-1
2015350020115,2,8,0,3,0,0,0,0,0,0,2,1,1,1,55,8,1870,2,12,-1,1,-1
2015350020115,3,9,0,3,0,0,0,0,0,0,2,1,6,1,23,5,1910,2,7,-1,1,-1
2015350020215,1,9,0,18,0,1,0,0,0,0,3,1,6,1,51,8,2231,2,2,-1,1,-1
2015350020315,1,9,0,4,0,1,0,0,0,0,1,1,6,2,29,6,-1,-1,-1,-1,1,-1
2015350020415,1,9,0,9,0,6,0,10,1,10,1,1,6,1,-1,-1,1596,1,9,-1,1,-1
2015350020415,2,9,0,18,0,8,0,10,1,10,3,1,1,1,24,5,1242,1,2,-1,1,-1
2015350020515,1,9,0,4,0,8,0,0,0,0,1,1,6,2,-1,-1,1686,2,3,-1,3,-1
2015350020515,2,1,0,18,0,8,0,0,0,0,4,1,6,2,36,7,-1,-1,-1,-1,1,-1
2015350020615,1,9,0,4,0,1,0,0,0,0,1,1,6,2,32,6,1242,1,4,-1,1,-1
2015350020615,2,9,0,4,0,1,0,0,0,0,2,1,6,2,53,8,1995,2,11,-1,1,-1
2015350020715,1,9,0,9,0,5,0,0,0,0,3,1,2,2,38,7,1997,2,11,-1,1,-1
2015350020715,2,9,0,14,0,1,0,0,0,0,4,1,1,2,33,6,1968,2,1,-1,1,-1
2015350020815,1,9,0,9,0,8,0,0,0,1,1,1,2,1,60,9,1598,1,8,-1,2,-1
2015350020915,1,9,0,17,0,0,1,0,1,1,1,1,1,2,49,8,1299,1,8,-1,1,-1
2015350021015,1,9,0,18,4,0,0,0,0,0,4,1,6,2,45,7,1598,2,2,-1,1,-1
2015350021115,1,8,0,5,0,8,0,0,0,0,0,1,1,1,40,7,-1,-1,-1,-1,-1,-1
2015350021315,1,19,0,4,0,0,0,0,0,0,1,1,1,1,-1,-1,1686,2,11,-1,1,-1
2015350021315,2,19,0,4,0,0,0,0,0,0,2,1,1,1,23,5,2287,2,4,-1,1,-1
2015350021415,1,3,0,14,0,0,1,8,0,0,1,1,6,1,43,7,-1,-1,-1,-1,2,-1
2015350021415,2,9,0,2,0,0,0,0,0,0,3,1,6,2,51,8,1951,2,14,-1,2,-1
2015350021515,1,9,0,17,0,0,1,0,1,4,3,1,2,2,52,8,-1,-1,-1,-1,2,-1
2015350021615,1,9,0,18,0,0,2,0,1,0,1,1,6,1,30,6,-1,-1,-1,-1,1,-1
2015350021715,1,4,0,14,0,8,2,0,7,0,4,1,1,1,51,8,124,1,8,-1,3,-1
2015350021715,2,9,0,9,0,6,0,0,0,0,3,1,3,1,35,6,1560,2,9,-1,3,-1
2015350021815,1,21,1,17,0,0,2,0,0,0,2,1,1,1,23,5,12913,2,5,-1,1,-1
2015350021815,2,21,1,16,0,0,1,0,0,0,1,1,1,1,59,9,11946,2,4,-1,1,-1
2015350021815,3,19,0,18,0,0,1,0,1,4,1,1,1,1,21,5,1753,2,12,-1,1,-1
2015350021915,1,9,0,17,2,8,0,0,0,0,1,1,6,1,32,6,1968,2,1,-1,1,-1
2015350021915,2,9,0,7,0,6,0,0,1,0,3,1,6,2,52,8,-1,-1,-1,-1,1,-1
2015350022015,1,9,0,18,0,0,2,0,7,9,1,1,6,1,32,6,2487,2,15,-1,1,-1
2015350022115,1,9,0,18,0,0,1,0,7,9,0,1,2,2,18,4,-1,-1,-1,-1,1,-1
2015350022115,2,9,0,18,0,0,0,0,0,0,0,1,6,3,-1,-1,-1,-1,-1,-1,-1,-1
2015350022215,1,9,0,18,0,0,1,0,0,0,1,1,1,1,23,5,998,1,13,-1,1,-1
2015350022215,2,9,0,4,0,0,0,0,0,0,2,1,6,2,24,5,1685,2,4,-1,1,-1
2015350022315,1,9,4,18,0,1,0,0,0,0,1,1,1,1,44,7,2663,2,20,-1,2,-1
2015350022315,2,9,0,3,0,1,0,0,0,0,2,1,6,2,53,8,1242,1,5,-1,1,-1
2015350022415,1,9,0,7,0,6,0,0,0,0,3,1,1,1,47,8,1598,2,3,-1,1,-1
2015350022415,2,9,0,18,0,8,0,0,0,0,1,1,3,2,26,6,-1,-1,-1,-1,3,-1
2015350022515,1,9,0,18,0,0,1,0,1,4,4,1,6,1,19,4,-1,-1,-1,-1,3,-1
2015350022715,1,11,0,7,0,2,0,0,0,0,1,1,1,1,-1,-1,6700,2,4,-1,-1,-1
2015350022815,1,3,0,9,0,5,1,0,0,0,3,1,2,1,20,4,125,1,1,-1,2,-1
2015350022915,1,21,1,5,8,0,0,0,0,0,0,1,1,3,-1,-1,-1,-1,-1,-1,-1,-1
2015350022915,2,21,1,12,0,0,0,0,0,0,3,2,1,1,49,8,-1,-1,-1,-1,-1,-1
2015350022915,3,9,0,18,0,0,1,0,0,0,4,1,6,2,59,9,-1,-1,-1,-1,-1,-1
2015350023115,1,5,0,5,0,0,0,0,0,0,1,1,6,1,65,9,645,1,2,-1,1,-1
2015350023115,2,21,1,13,0,0,0,0,0,0,3,1,2,1,45,7,-1,-1,-1,-1,3,-1
2015350023215,1,9,0,16,0,0,1,0,1,0,1,1,6,1,17,4,1389,1,19,-1,3,-1
2015350023215,2,21,0,17,0,0,0,0,0,0,3,1,1,1,54,8,-1,-1,-1,-1,2,-1
2015350023315,1,21,1,18,0,0,0,0,0,0,4,1,1,1,52,8,11967,2,6,-1,1,-1
2015350023315,2,9,0,18,0,0,1,11,1,4,1,1,1,1,45,7,1995,2,7,-1,3,-1
2015350023415,1,9,0,18,0,1,0,0,0,0,4,1,6,1,28,6,1870,2,12,-1,-1,-1
2015350023415,2,9,0,12,0,1,0,0,0,0,3,1,6,1,71,10,1968,2,5,-1,2,-1
2015350023415,3,9,0,11,0,1,0,11,5,6,1,1,6,2,21,5,1242,1,3,-1,3,-1
2015350023415,4,20,0,18,0,1,0,0,0,0,1,1,6,1,42,7,4500,2,1,-1,1,-1
2015350023415,5,9,0,18,0,1,0,0,0,0,2,1,6,2,44,7,1796,1,11,-1,-1,-1
2015350023415,6,9,0,12,0,1,0,0,0,0,2,1,6,2,41,7,1753,2,8,-1,3,-1
2015350023515,1,3,0,18,0,2,0,0,0,0,1,1,6,1,24,5,-1,-1,-1,-1,1,-1
2015350023515,2,9,0,18,0,1,0,0,0,0,1,1,6,2,39,7,1910,2,8,-1,1,-1
2015350023615,1,9,0,18,0,0,0,4,0,0,1,1,6,1,37,7,-1,-1,-1,-1,1,-1
2015350023615,2,9,0,2,0,0,0,0,7,0,2,1,6,3,-1,-1,-1,-1,-1,-1,3,-1
2015350023715,1,9,0,18,0,0,0,0,0,0,1,1,6,1,71,10,1998,2,7,-1,2,-1
2015350023715,2,19,0,2,0,0,0,0,0,0,2,1,1,1,38,7,-1,-1,-1,-1,1,-1
2015350023815,1,9,0,4,0,2,1,0,0,0,1,1,6,1,43,7,-1,-1,-1,-1,2,-1
2015350023815,2,9,0,3,0,2,0,0,0,0,2,1,2,1,38,7,1299,1,10,-1,1,-1
2015350023815,3,9,0,3,0,2,0,0,0,0,2,1,2,1,22,5,-1,-1,-1,-1,1,-1
2015350023915,1,20,0,9,0,6,0,0,0,0,4,1,1,1,52,8,2148,2,8,-1,1,-1
2015350023915,2,1,0,18,0,2,0,0,0,0,3,1,4,1,12,3,-1,-1,-1,-1,1,-1
2015350024015,1,9,0,5,5,6,0,0,0,0,1,1,2,1,-1,-1,1399,1,7,-1,-1,-1
2015350024015,2,1,0,18,5,1,0,0,0,0,4,1,2,1,35,6,-1,-1,-1,-1,1,-1
2015350024115,1,9,0,4,0,1,1,0,0,0,1,2,6,1,32,6,-1,-1,-1,-1,1,-1
2015350024115,2,9,0,4,0,1,1,0,0,0,2,1,6,2,27,6,-1,-1,-1,-1,1,-1
2015350024215,1,9,0,16,0,0,2,0,1,9,1,1,6,1,29,6,-1,-1,-1,-1,1,-1
2015350024315,1,9,0,11,0,0,0,4,1,0,1,1,6,1,54,8,1968,2,1,-1,1,-1
2015350024315,2,21,0,2,6,0,0,0,0,0,2,1,1,1,-1,-1,-1,-1,-1,-1,-1,-1
2015350024415,1,9,0,5,0,0,0,0,0,0,1,1,6,1,27,6,-1,-1,-1,-1,1,-1
2015350024415,2,9,0,2,0,0,0,0,1,1,2,1,6,1,28,6,1997,2,13,-1,-1,-1
2015350024515,1,9,0,3,0,0,0,0,0,0,2,1,2,2,36,7,-1,-1,-1,-1,2,-1
2015350024515,2,9,0,4,0,0,0,0,0,0,1,1,2,1,27,6,1984,1,8,-1,2,-1
2015350024615,1,21,0,12,0,0,0,0,0,0,3,2,1,1,19,4,-1,-1,-1,-1,-1,-1
2015350024615,2,9,0,13,0,0,1,0,1,1,4,1,6,2,28,6,1582,2,1,-1,2,-1
2015350024715,1,9,0,14,0,0,0,0,0,0,1,1,6,2,22,5,1086,1,5,-1,1,-1
2015350024715,2,11,0,2,2,0,0,0,0,0,0,1,1,1,-1,-1,-1,-1,-1,-1,-1,-1
2015350024815,1,9,0,9,0,6,0,0,0,0,1,1,6,2,23,5,-1,-1,-1,-1,1,-1
2015350024815,2,1,0,18,0,8,0,0,0,0,3,1,6,2,28,6,-1,-1,-1,-1,1,-1
2015350024915,1,9,0,18,0,1,0,0,0,0,0,1,6,1,-1,-1,1149,1,8,-1,2,-1
2015350024915,2,9,0,18,0,1,0,0,0,0,0,1,6,1,27,6,1597,2,2,-1,1,-1
2015350025015,1,9,0,5,0,6,0,0,0,0,1,1,1,1,44,7,1798,1,4,-1,-1,-1
2015350025015,2,11,0,18,0,8,0,0,0,0,4,1,1,1,61,9,9360,2,3,-1,-1,-1
2015350025115,1,9,0,7,0,4,0,0,0,0,1,1,6,1,60,9,-1,-1,-1,-1,-1,-1
2015350025115,2,1,0,18,8,8,0,0,0,0,4,1,6,2,29,6,-1,-1,-1,-1,1,-1
2015350025215,1,8,0,2,0,0,0,0,0,0,3,1,1,1,45,7,-1,-1,-1,-1,-1,-1
2015350025215,2,1,0,14,0,0,0,8,0,0,4,1,6,1,37,7,-1,-1,-1,-1,2,-1
2015350025415,1,9,0,9,0,6,0,0,0,0,3,1,1,1,46,8,1560,2,1,-1,-1,-1
2015350025415,2,9,0,18,0,8,0,0,0,0,1,1,6,2,35,6,1798,1,7,-1,3,-1
2015350025615,1,9,0,5,0,1,0,0,0,0,1,1,6,1,29,6,-1,-1,-1,-1,1,-1
2015350025615,2,9,0,3,0,1,0,0,0,0,2,1,6,1,62,9,-1,-1,-1,-1,1,-1
2015350025715,1,21,0,18,0,8,0,0,0,0,1,1,1,1,45,7,11946,2,5,-1,2,-1
2015350025715,2,9,0,18,0,8,0,0,0,0,1,1,6,1,39,7,2962,1,26,-1,3,-1
2015350025815,1,8,0,2,0,0,0,0,0,0,3,1,1,1,53,8,2143,2,2,-1,1,-1
2015350025815,2,1,0,14,0,0,0,8,0,0,4,1,6,2,-1,-1,-1,-1,-1,-1,-1,-1
2015350025915,1,11,0,18,0,8,0,0,0,0,1,1,1,3,-1,-1,-1,-1,-1,-1,-1,-1
2015350026015,1,9,0,18,0,0,0,0,0,0,1,1,6,2,85,11,1598,1,7,-1,1,-1
2015350026115,1,9,0,16,0,0,2,0,7,4,1,1,1,1,41,7,-1,-1,-1,-1,1,-1
2015350026215,1,9,0,16,0,2,0,0,0,0,1,1,6,2,78,11,1396,1,4,-1,-1,-1
2015350026215,2,9,0,17,0,1,0,0,0,0,1,1,6,2,58,9,1461,2,1,-1,-1,-1
2015350026315,1,9,3,5,0,6,0,0,0,0,3,1,6,1,54,8,2143,2,4,-1,3,-1
2015350026315,2,1,0,5,9,8,0,0,0,0,4,1,6,2,20,4,-1,-1,-1,-1,1,-1
2015350026415,1,9,0,13,0,0,0,0,0,0,4,1,6,1,-1,-1,1396,1,13,-1,2,-1
2015350026415,2,1,0,18,0,0,0,0,0,0,3,1,6,2,72,10,-1,-1,-1,-1,1,-1
2015350026515,1,20,0,18,0,1,0,0,0,0,1,1,6,2,49,8,-1,-1,-1,-1,2,-1
2015350026615,1,9,0,18,0,2,0,0,0,0,1,1,6,1,-1,-1,1668,1,13,-1,-1,-1
2015350026615,2,9,0,3,0,2,0,0,0,0,2,1,6,1,33,6,-1,-1,-1,-1,1,-1
2015350026715,1,9,0,18,0,0,0,0,0,0,1,1,6,1,40,7,1198,1,13,-1,-1,-1
2015350026715,2,1,0,18,0,0,0,0,0,0,2,1,6,2,33,6,-1,-1,-1,-1,1,-1
2015350026815,1,9,0,4,0,1,0,0,0,0,1,1,2,2,50,8,1396,1,10,-1,1,-1
2015350026815,2,9,0,3,0,1,0,0,0,0,2,1,2,2,56,9,1248,2,6,-1,1,-1
2015350026915,1,9,0,18,0,6,0,0,0,0,1,1,6,1,45,7,-1,-1,-1,-1,3,-1
2015350026915,2,1,0,18,0,8,0,0,0,0,1,1,6,2,19,4,-1,-1,-1,-1,1,-1
2015350027015,1,1,0,18,9,8,0,0,0,0,1,1,4,1,13,3,-1,-1,-1,-1,-1,-1
2015350027015,2,9,0,7,0,5,0,0,0,0,3,1,6,2,56,9,1991,2,5,-1,1,-1
2015350027115,1,9,0,18,0,2,0,0,0,0,4,1,6,1,52,8,1242,1,12,-1,1,-1
2015350027115,2,1,0,18,9,2,0,0,0,0,3,1,4,1,8,2,-1,-1,-1,-1,-1,-1
2015350027215,1,8,0,12,0,8,0,0,0,0,3,1,1,1,40,7,1896,2,7,-1,1,-1
2015350027215,2,9,0,18,0,8,0,0,0,0,4,1,6,1,18,4,-1,-1,-1,-1,-1,-1
2015350027315,1,9,0,7,0,1,0,0,0,0,1,1,6,1,70,10,-1,-1,-1,-1,-1,-1
2015350027315,2,9,0,10,0,1,0,0,0,0,2,1,6,2,46,8,998,1,3,-1,2,-1
2015350027415,1,11,0,5,0,0,0,0,0,0,0,1,1,1,27,6,6700,2,4,-1,1,-1
2015350027515,1,9,0,9,0,6,0,0,0,0,4,1,6,2,57,9,1560,2,8,-1,2,-1
2015350027515,2,3,0,18,0,8,2,0,0,0,1,1,6,1,28,6,124,1,2,-1,1,-1
2015350027715,1,9,0,9,0,5,0,0,0,0,3,1,6,1,25,5,-1,-1,-1,-1,1,-1
2015350027715,2,3,0,18,0,8,0,0,0,0,3,1,2,1,45,7,123,1,30,-1,1,-1
2015350027815,1,9,0,5,0,6,0,0,0,0,1,1,2,1,45,7,1968,2,5,-1,2,-1
2015350027815,2,1,0,14,0,8,0,0,0,0,2,1,2,1,27,6,-1,-1,-1,-1,3,-1