Accident_Index,Vehicle_Reference,Vehicle_Type,Towing_and_Articulation,Vehicle_Manoeuvre,Vehicle_Location-Restricted_Lane,Junction_Location,Skidding_and_Overturning,Hit_Object_in_Carriageway,Vehicle_Leaving_Carriageway,Hit_Object_off_Carriageway,1st_Point_of_Impact,Was_Vehicle_Left_Hand_Drive?,Journey_Purpose_of_Driver,Sex_of_Driver,Age_of_Driver,Age_Band_of_Driver,Engine_Capacity_(CC),Propulsion_Code,Age_of_Vehicle,Driver_IMD_Decile,Driver_Home_Area_Type,Vehicle_IMD_Decile
2015350027915,1,9,0,4,0,1,0,0,0,0,1,1,6,2,32,6,2171,1,14,-1,1,-1
2015350027915,2,9,0,8,0,1,0,0,0,0,2,1,6,2,21,5,973,1,12,-1,1,-1
2015350028015,1,3,0,9,0,6,1,0,0,0,0,1,6,2,40,7,124,1,4,-1,1,-1
2015350028215,1,9,0,16,0,0,5,0,7,4,3,1,6,1,19,4,1398,1,4,-1,1,-1
2015350028315,1,9,0,18,0,0,0,0,1,4,1,1,2,1,32,6,1396,1,6,-1,1,-1
2015350028415,1,9,0,9,0,5,0,0,0,0,1,1,2,2,43,7,1995,2,12,-1,2,-1
2015350028415,2,3,0,18,0,8,0,0,0,0,1,1,2,1,28,6,798,1,7,-1,1,-1
2015350028515,1,19,0,18,0,0,1,0,0,0,1,1,1,1,48,8,-1,-1,-1,-1,2,-1
2015350028515,2,20,0,4,0,0,0,0,0,0,2,1,1,1,54,8,4580,2,2,-1,1,-1
2015350028515,3,9,0,4,0,0,0,0,0,0,2,1,2,2,30,6,1399,1,9,-1,1,-1
2015350028515,4,19,0,3,0,0,0,0,0,0,2,1,1,1,55,8,2143,2,1,-1,1,-1
2015350028615,1,21,0,1,7,5,0,0,0,0,2,1,1,1,59,9,-1,-1,-1,-1,1,-1
2015350028615,2,11,0,16,0,8,0,0,0,0,4,1,1,1,27,6,6870,2,14,-1,2,-1
2015350028915,1,9,0,18,0,0,1,0,1,9,1,1,6,2,31,6,1229,1,9,-1,1,-1
2015350029015,1,9,0,5,0,4,0,0,0,0,1,1,6,1,20,4,1199,1,11,-1,1,-1
2015350029015,2,5,0,7,0,3,0,0,1,0,2,1,6,1,45,7,749,1,7,-1,2,-1
2015350029115,1,9,0,18,0,4,0,0,0,0,1,1,6,2,40,7,1120,2,1,-1,2,-1
2015350029115,2,1,0,18,0,8,0,0,0,0,4,1,6,1,57,9,-1,-1,-1,-1,2,-1
2015350029215,1,9,0,9,0,5,0,0,0,0,4,1,6,2,20,4,1399,2,3,-1,2,-1
2015350029215,2,1,0,17,0,8,0,0,0,0,1,1,6,2,43,7,-1,-1,-1,-1,2,-1
2015350029315,1,9,0,1,0,0,0,0,0,0,3,1,6,2,29,6,1896,2,13,-1,-1,-1
2015350029415,1,9,0,12,7,0,0,0,0,0,2,1,1,1,35,6,1796,1,9,-1,2,-1
2015350029415,2,19,0,13,0,0,0,0,0,0,1,1,6,1,-1,-1,1753,2,8,-1,2,-1
2015350029515,1,9,0,18,0,0,0,0,0,0,1,1,6,1,72,10,1998,1,6,-1,-1,-1
2015350029515,2,9,0,18,0,0,0,0,1,0,3,1,6,2,53,8,1242,1,1,-1,2,-1
2015350029515,3,9,0,18,0,0,0,0,1,0,0,1,6,1,28,6,1999,1,10,-1,1,-1
2015350029615,1,21,1,1,6,0,0,0,0,0,2,1,1,1,45,7,6370,2,5,-1,1,-1
2015350029615,2,9,0,2,6,0,0,0,0,0,1,1,6,1,46,8,2996,1,9,-1,1,-1
2015350029715,1,9,0,17,0,0,2,0,7,4,4,1,6,1,48,8,1998,1,1,-1,1,-1
2015350029815,1,9,0,18,0,1,0,0,0,0,1,1,6,2,32,6,-1,-1,-1,-1,1,-1
2015350029815,2,9,0,4,0,1,0,0,0,0,2,1,6,2,53,8,2183,2,3,-1,1,-1
2015350029815,3,9,0,3,0,1,0,0,0,0,2,1,6,2,47,8,1390,1,12,-1,1,-1
2015350029915,1,9,0,17,0,0,2,0,7,9,1,1,6,1,18,4,-1,-1,-1,-1,2,-1
2015350030015,1,9,0,5,0,6,0,0,0,0,1,1,2,2,31,6,1896,2,11,-1,1,-1
2015350030015,2,9,0,18,0,8,0,0,0,0,3,1,2,1,24,5,-1,-1,-1,-1,1,-1
2015350030115,1,9,0,10,0,1,0,0,0,0,2,1,6,1,29,6,1461,2,12,-1,1,-1
2015350030115,2,9,0,5,0,1,0,0,0,0,1,1,6,1,-1,-1,-1,-1,-1,-1,-1,-1
2015350030215,1,9,0,9,0,5,0,0,0,0,1,1,1,2,25,5,1598,2,4,-1,1,-1
2015350030215,2,1,0,18,0,8,0,0,0,0,3,1,6,1,60,9,-1,-1,-1,-1,1,-1
2015350030315,1,9,0,9,0,8,0,0,0,0,4,1,6,2,23,5,1995,1,12,-1,1,-1
2015350030315,2,1,0,18,0,4,5,0,0,0,1,1,6,1,21,5,-1,-1,-1,-1,1,-1
2015350030415,1,9,0,7,0,6,0,0,0,0,1,1,6,1,36,7,1968,2,6,-1,-1,-1
2015350030415,2,1,0,12,9,6,0,0,0,0,1,1,6,2,27,6,-1,-1,-1,-1,1,-1
2015350030515,1,9,0,18,0,8,0,0,0,0,1,1,6,1,21,5,1388,1,11,-1,3,-1
2015350030515,2,9,0,4,0,8,0,0,0,0,2,1,6,2,54,8,998,1,2,-1,2,-1
2015350030615,1,90,0,6,0,0,0,0,0,0,1,1,1,1,61,9,2800,2,5,-1,1,-1
2015350030715,1,9,0,18,0,8,0,0,0,0,4,1,6,1,79,11,1560,2,3,-1,2,-1
2015350030715,2,9,0,18,0,8,0,0,0,0,1,1,6,2,37,7,1968,2,1,-1,2,-1
2015350030815,1,9,0,4,0,0,0,0,0,0,1,1,6,1,67,10,-1,-1,-1,-1,3,-1
2015350030815,2,9,0,3,0,0,0,0,0,0,2,1,6,1,42,7,1598,2,3,-1,3,-1
2015350030815,3,9,0,3,0,0,0,0,0,0,2,1,6,2,42,7,1560,2,8,-1,-1,-1
2015350030915,1,9,0,5,4,6,0,0,0,0,1,1,6,2,55,8,1998,1,11,-1,1,-1
2015350030915,2,1,0,18,0,8,0,0,0,0,2,1,6,1,69,10,-1,-1,-1,-1,1,-1
2015350031015,1,9,0,18,0,6,0,0,0,0,1,1,6,3,-1,-1,1299,1,14,-1,-1,-1
2015350031015,2,9,0,5,0,8,0,0,0,0,3,1,1,1,25,5,1275,1,15,-1,1,-1
2015350031115,1,9,0,13,0,0,1,0,0,0,1,1,6,1,27,6,1896,2,14,-1,-1,-1
2015350031115,2,9,0,16,0,0,0,0,0,0,1,1,2,1,24,5,998,1,29,-1,2,-1
2015350031115,3,21,1,16,0,0,0,0,0,0,3,1,1,1,66,10,12900,2,6,-1,1,-1
2015350031115,4,9,0,18,0,0,0,0,0,0,1,1,2,1,37,7,2793,1,15,-1,1,-1
2015350031215,1,9,0,16,0,0,0,0,0,0,2,1,6,1,43,7,-1,-1,-1,-1,1,-1
2015350031215,2,9,0,16,0,0,0,0,0,0,1,1,6,1,43,7,-1,-1,-1,-1,1,-1
2015350031315,1,9,0,7,0,4,0,0,0,0,1,1,6,1,-1,-1,-1,-1,-1,-1,-1,-1
2015350031315,2,1,0,18,0,8,5,0,0,0,4,1,2,2,27,6,-1,-1,-1,-1,1,-1
2015350031415,1,19,0,9,0,6,0,0,0,0,1,1,1,1,50,8,1968,2,1,-1,1,-1
2015350031415,2,9,0,18,0,8,0,0,0,0,4,1,6,1,18,4,1796,1,9,-1,2,-1
2015350031515,1,9,0,18,0,0,0,0,0,0,1,1,6,2,34,6,1086,1,10,-1,1,-1
2015350031515,2,9,0,4,0,0,0,0,0,0,2,1,6,2,40,7,1753,2,6,-1,2,-1
2015350031615,1,19,0,9,0,5,1,0,0,0,1,1,1,1,45,7,2151,2,11,-1,1,-1
2015350031615,2,8,0,9,0,5,0,0,7,0,2,1,1,1,26,6,-1,-1,-1,-1,2,-1
2015350031715,1,9,0,18,0,0,2,0,2,10,1,1,6,1,46,8,-1,-1,-1,-1,3,-1
2015350031815,1,9,0,18,0,1,1,0,1,0,1,1,1,1,35,6,-1,-1,-1,-1,1,-1
2015350031815,2,9,0,7,0,5,0,0,1,10,4,1,6,1,35,6,-1,-1,-1,-1,1,-1
2015350031915,1,9,0,18,0,0,0,4,0,0,1,1,1,1,31,6,-1,-1,-1,-1,2,-1
2015350031915,2,9,0,2,0,0,0,0,0,0,1,1,6,3,-1,-1,1388,1,3,-1,2,-1
2015350032015,1,9,0,9,0,6,0,0,0,0,1,1,6,1,79,11,1388,1,4,-1,3,-1
2015350032015,2,9,0,18,0,8,0,0,0,0,4,1,6,2,64,9,1799,1,9,-1,3,-1
2015350032115,1,9,0,18,0,8,0,0,0,0,1,1,6,1,66,10,1499,2,1,-1,3,-1
2015350032115,2,9,0,9,0,5,0,0,0,0,1,1,6,2,68,10,1995,2,4,-1,3,-1
2015350032215,1,9,0,16,0,8,0,0,7,10,1,1,6,1,42,7,-1,-1,-1,-1,-1,-1
2015350032315,1,9,0,18,0,0,0,4,0,0,1,1,6,2,78,11,-1,-1,-1,-1,3,-1
2015350032315,2,9,0,2,0,0,0,0,0,0,2,1,6,1,19,4,1598,1,18,-1,3,-1
2015350032415,1,9,0,9,0,2,0,0,0,0,1,1,1,1,53,8,1598,1,10,-1,2,-1
2015350032515,1,9,0,18,0,0,0,0,0,0,1,1,6,1,26,6,1149,1,3,-1,2,-1
2015350032515,2,9,0,4,0,0,0,0,0,0,2,1,6,1,26,6,1332,1,9,-1,-1,-1
2015350032515,3,9,0,4,0,0,0,0,0,0,2,1,6,2,23,5,998,1,3,-1,2,-1
2015350032615,1,9,0,4,0,1,1,0,0,0,3,1,2,1,45,7,1560,2,1,-1,-1,-1
2015350032615,2,8,0,18,0,1,0,10,7,0,3,1,3,1,60,9,1560,2,1,-1,-1,-1
2015350032715,1,9,0,7,0,5,0,0,0,0,4,1,6,1,23,5,-1,-1,-1,-1,-1,-1
2015350032715,2,1,0,18,4,1,0,0,0,0,3,1,1,2,56,9,-1,-1,-1,-1,1,-1
2015350032815,1,9,0,18,0,0,0,0,0,0,1,1,6,1,32,6,1598,2,2,-1,1,-1
2015350032915,1,9,0,18,0,0,0,4,7,10,1,1,6,1,30,6,1389,1,14,-1,1,-1
2015350032915,2,9,0,2,9,0,0,0,0,0,3,1,6,2,30,6,1753,2,11,-1,1,-1
2015350032915,3,9,0,2,9,0,0,0,0,0,3,1,6,1,39,7,1998,1,9,-1,1,-1
2015350032915,4,9,0,2,9,0,0,0,0,0,3,1,6,1,52,8,2495,2,24,-1,1,-1
2015350033015,1,3,0,17,0,0,1,0,1,0,1,1,1,1,19,4,125,1,1,-1,1,-1
2015350033115,1,8,0,9,0,6,0,0,0,0,1,1,6,1,32,6,1998,2,6,-1,-1,-1
2015350033115,2,1,0,9,0,6,0,0,0,0,3,1,6,1,28,6,-1,-1,-1,-1,1,-1
2015350033215,1,19,0,5,0,6,0,0,0,0,1,1,6,3,-1,-1,-1,-1,-1,-1,-1,-1
2015350033215,2,1,0,18,0,8,0,0,0,0,4,1,2,1,27,6,-1,-1,-1,-1,1,-1
2015350033315,1,9,0,16,0,0,5,0,7,4,3,1,2,1,26,6,1995,2,11,-1,2,-1
2015350033415,1,9,0,17,0,0,0,0,1,0,1,1,1,2,35,6,1596,1,9,-1,-1,-1
2015350033415,2,17,0,16,0,0,5,0,7,0,1,1,1,1,32,6,4400,2,1,-1,-1,-1
2015350033415,3,9,0,17,0,0,0,0,1,0,1,1,1,1,23,5,2598,1,21,-1,-1,-1
2015350033515,1,9,0,7,0,6,0,0,0,0,4,1,6,2,93,11,1299,1,19,-1,2,-1
2015350033515,2,9,0,18,0,8,0,0,0,0,1,1,6,2,34,6,1560,2,5,-1,2,-1
2015350033615,1,9,0,18,0,0,0,0,0,0,3,1,2,1,43,7,-1,-1,-1,-1,1,-1
2015350033715,1,9,0,18,0,0,1,0,0,0,1,1,6,1,25,5,1560,2,7,-1,1,-1
2015350033715,2,3,0,18,0,0,5,0,1,10,2,1,6,1,17,4,124,1,1,-1,3,-1
2015350034015,1,9,0,18,7,0,0,0,1,10,1,1,2,1,43,7,1461,2,-1,-1,1,-1
2015350034015,2,21,0,2,6,0,0,0,0,0,2,1,1,1,50,8,11705,2,14,-1,1,-1
2015350034115,1,9,0,13,0,0,2,0,1,4,1,2,6,2,35,6,-1,-1,-1,-1,3,-1
2015350034415,1,9,0,18,0,0,0,0,0,0,1,1,2,1,24,5,1796,1,12,-1,1,-1
2015350034415,2,9,0,18,0,0,0,0,0,0,1,1,2,1,27,6,-1,-1,-1,-1,1,-1
2015350034415,3,8,0,2,0,0,0,0,0,0,2,1,1,1,30,6,1910,2,6,-1,1,-1
2015350034515,1,9,0,16,0,0,1,10,2,2,3,1,2,1,20,4,-1,-1,-1,-1,1,-1
2015350034615,1,9,0,18,0,8,0,0,0,0,1,1,6,1,55,8,1910,2,7,-1,1,-1
2015350034615,2,9,0,9,0,5,0,0,1,10,1,1,6,1,82,11,-1,-1,-1,-1,-1,-1
2015350034715,1,9,0,9,0,6,0,0,0,0,3,1,6,2,34,6,1248,1,1,-1,1,-1
2015350034715,2,9,0,18,0,1,0,0,1,10,1,1,6,1,24,5,1598,1,6,-1,1,-1
2015350034815,1,9,0,18,0,1,0,0,0,0,1,1,1,1,31,6,2204,2,8,-1,1,-1
2015350034815,2,9,0,3,0,1,0,0,0,0,2,1,1,1,52,8,2268,2,1,-1,1,-1
2015350035015,1,9,0,18,0,0,5,0,1,9,0,1,2,2,21,5,1398,2,6,-1,1,-1
2015350035115,1,21,1,12,0,1,0,0,0,0,3,2,1,1,28,6,-1,-1,-1,-1,-1,-1
2015350035115,2,9,0,13,0,1,0,0,1,4,2,1,1,1,48,8,1988,2,11,-1,1,-1
2015350035215,1,9,0,18,0,6,0,0,7,10,1,1,6,1,23,5,-1,-1,-1,-1,2,-1
2015350035215,2,9,0,18,0,8,0,0,7,10,4,1,6,2,46,8,-1,-1,-1,-1,3,-1
2015350035315,1,9,0,17,0,0,2,0,1,0,1,1,6,1,39,7,1753,2,8,-1,1,-1
2015350035415,1,9,0,9,0,5,0,0,0,0,1,1,6,1,29,6,1997,2,14,-1,1,-1
2015350035515,1,9,0,18,0,0,0,0,0,0,4,1,6,2,77,11,1798,1,5,-1,1,-1
2015350035615,1,9,0,5,0,6,0,0,0,0,1,1,6,2,42,7,1995,2,1,-1,1,-1
2015350035615,2,1,0,18,0,8,5,0,0,0,4,1,1,2,40,7,-1,-1,-1,-1,1,-1
2015350035715,1,9,0,18,0,6,0,0,0,0,0,1,6,2,46,8,-1,-1,-1,-1,3,-1
2015350035715,2,9,0,18,0,1,0,0,0,0,1,1,6,1,44,7,1598,2,4,-1,3,-1
2015350035715,3,9,0,18,0,1,0,0,0,0,2,1,6,1,60,9,2231,2,9,-1,3,-1
2015350035815,1,5,0,18,0,0,1,0,0,0,3,1,6,1,39,7,675,1,7,-1,-1,-1
2015350035915,1,9,0,18,0,1,1,0,0,0,1,1,6,1,78,11,-1,-1,-1,-1,3,-1
2015350035915,2,19,0,3,0,1,0,0,0,0,2,1,1,1,63,9,-1,-1,-1,-1,3,-1
2015350036015,1,20,1,2,0,0,3,0,1,0,1,1,6,1,55,8,-1,-1,-1,-1,1,-1
2015350036015,2,9,0,18,0,0,0,0,0,0,1,1,6,2,43,7,-1,-1,-1,-1,1,-1
2015350036015,3,9,0,3,0,0,0,0,0,0,2,1,6,1,27,6,-1,-1,-1,-1,3,-1
2015350036015,4,9,0,3,0,0,0,0,0,0,2,1,6,1,33,6,1242,1,2,-1,1,-1
2015350036015,5,9,0,3,0,0,0,0,0,0,2,1,6,1,29,6,-1,-1,-1,-1,2,-1
2015350036015,6,9,0,3,0,0,0,0,0,0,2,1,6,1,-1,-1,1360,1,10,-1,1,-1
2015350036115,1,20,0,7,0,3,0,0,0,0,4,1,1,1,50,8,4580,2,7,-1,2,-1
2015350036515,1,9,0,5,0,6,0,0,0,0,1,1,6,2,62,9,1339,1,8,-1,1,-1
2015350036515,2,1,0,5,0,6,0,0,0,0,2,1,6,1,26,6,-1,-1,-1,-1,1,-1
2015350036915,1,9,0,18,0,1,0,0,0,0,1,1,6,3,-1,-1,-1,-1,-1,-1,-1,-1
2015350036915,2,9,0,3,0,1,0,0,0,0,2,1,6,2,26,6,1199,1,13,-1,3,-1
2015350037215,1,1,0,18,0,0,0,0,0,0,3,1,6,1,92,11,-1,-1,-1,-1,1,-1
2015350037215,2,9,0,13,0,0,0,0,0,0,4,1,2,2,20,4,-1,-1,-1,-1,1,-1
2015350037315,1,9,0,18,0,0,0,0,0,0,1,1,6,1,40,7,1895,1,15,-1,1,-1
2015350037315,2,9,0,4,0,0,0,0,0,0,2,1,6,1,27,6,-1,-1,-1,-1,3,-1
2015350037315,3,9,0,4,0,0,0,0,0,0,3,1,6,1,30,6,1968,2,8,-1,-1,-1
2015350037415,1,9,0,5,0,4,0,0,0,0,0,1,6,1,36,7,1587,1,10,-1,2,-1
2015350037415,2,1,0,18,0,8,0,0,0,0,0,1,6,2,30,6,-1,-1,-1,-1,1,-1
2015350037515,1,5,0,11,0,0,0,10,1,0,1,1,2,1,47,8,998,1,10,-1,-1,-1
2015350037615,1,9,0,18,0,8,0,0,0,1,1,1,6,1,30,6,-1,-1,-1,-1,1,-1
2015350037615,2,9,0,9,0,8,0,0,0,1,1,1,2,2,24,5,1951,2,12,-1,1,-1
2015350037715,1,9,0,18,0,0,0,0,1,10,3,1,6,1,59,9,-1,-1,-1,-1,1,-1
2015350037815,1,9,0,9,0,5,0,0,0,0,1,1,6,1,33,6,1968,2,7,-1,1,-1
2015350037815,2,1,0,18,0,8,0,0,0,0,1,1,2,1,41,7,-1,-1,-1,-1,1,-1
2015350037915,1,9,0,9,0,5,0,0,0,0,4,1,6,1,23,5,1598,1,3,-1,1,-1
2015350037915,2,3,0,18,0,8,0,0,0,0,1,1,6,1,21,5,124,1,7,-1,1,-1
2015350037915,3,9,0,18,0,1,0,0,0,0,0,1,6,1,29,6,1998,2,9,-1,1,-1
2015350038015,1,9,0,1,0,6,0,0,0,0,2,1,6,1,52,8,1364,1,10,-1,1,-1
2015350038015,2,1,0,3,4,1,0,0,0,0,2,1,1,1,44,7,-1,-1,-1,-1,1,-1
2015350038115,1,9,0,5,0,0,5,0,0,10,1,1,6,2,17,4,-1,-1,-1,-1,1,-1
2015350038215,1,9,0,9,0,5,0,0,0,0,1,1,2,1,37,7,2204,2,8,-1,1,-1
2015350038215,2,1,0,18,0,8,0,0,0,0,3,1,2,1,29,6,-1,-1,-1,-1,2,-1
2015350039115,1,19,0,6,8,0,0,0,0,0,2,1,1,1,45,7,2198,2,4,-1,1,-1
2015350039115,2,5,0,18,0,0,0,0,0,0,1,1,2,1,49,8,1293,1,5,-1,1,-1
2015350039315,1,19,0,18,0,0,0,0,0,0,3,1,6,1,59,9,4461,2,4,-1,1,-1
2015350039315,2,21,0,3,0,0,0,0,0,0,2,1,6,1,42,7,10677,2,1,-1,1,-1
2015350039315,3,9,0,3,0,0,0,0,0,0,2,1,6,1,43,7,-1,-1,-1,-1,1,-1
2015350039415,1,9,0,18,0,3,5,10,1,2,1,1,6,1,27,6,1598,1,13,-1,2,-1
2015350039515,1,9,0,18,0,4,0,0,0,0,1,1,1,2,38,7,1364,2,5,-1,1,-1
2015350039515,2,9,0,18,0,8,0,0,0,0,4,1,6,1,30,6,1240,1,10,-1,1,-1
2015350039715,1,9,0,18,0,0,0,0,0,0,4,1,6,1,22,5,973,1,13,-1,1,-1
2015350039815,1,3,0,18,0,1,0,0,0,0,1,1,6,1,20,4,124,1,8,-1,1,-1
2015350039815,2,9,0,4,0,1,0,0,0,0,2,1,6,1,36,7,-1,-1,-1,-1,3,-1
2015350039915,1,9,0,18,0,1,1,0,0,0,1,1,6,2,54,8,1896,2,15,-1,1,-1
2015350039915,2,9,0,3,0,1,0,0,0,0,2,1,6,2,53,8,1796,1,8,-1,2,-1
2015350039915,3,9,0,3,0,1,0,0,0,0,2,1,6,1,37,7,1560,2,10,-1,2,-1
2015350040115,1,9,0,5,0,0,0,0,0,0,1,1,3,2,51,8,-1,-1,-1,-1,1,-1
2015350040215,1,1,0,9,0,6,0,0,0,0,1,1,2,2,26,6,-1,-1,-1,-1,1,-1
2015350040215,2,9,0,18,0,8,0,0,0,0,1,1,2,1,25,5,1390,1,14,-1,1,-1
2015350040315,1,9,0,4,0,0,0,0,0,0,1,1,6,1,35,6,2148,2,6,-1,3,-1
2015350040315,2,9,0,4,0,0,0,0,0,0,2,1,6,2,26,6,1248,2,9,-1,2,-1
2015350040515,1,9,0,16,0,0,0,0,0,0,1,1,6,1,18,4,1796,1,19,-1,3,-1
2015350040515,2,9,0,2,0,0,0,0,0,0,1,1,6,3,-1,-1,1781,1,14,-1,-1,-1
2015350040615,1,9,0,5,0,4,0,0,0,0,1,1,6,1,23,5,2616,1,10,-1,1,-1
2015350040615,2,1,0,18,0,8,0,0,0,0,4,1,6,1,23,5,-1,-1,-1,-1,1,-1
2015350040715,1,21,1,12,0,2,0,0,0,0,3,2,1,1,40,7,-1,-1,-1,-1,-1,-1
2015350040715,2,9,0,13,0,2,1,0,5,6,4,1,6,2,49,8,1560,2,8,-1,1,-1
2015350040715,3,20,0,18,0,7,0,0,0,0,3,1,1,1,50,8,4250,2,13,-1,1,-1
2015350040815,1,9,0,17,0,0,0,0,0,0,1,1,6,1,34,6,2996,1,8,-1,3,-1
2015350040815,2,9,0,16,0,0,0,0,0,0,1,1,6,1,59,9,1994,2,17,-1,2,-1
2015350040915,1,2,0,7,9,1,1,0,0,0,4,1,1,1,20,4,115,1,-1,-1,2,-1
2015350041015,1,3,0,13,0,0,0,4,0,0,1,1,6,1,16,4,49,1,1,-1,1,-1
2015350041015,2,9,0,2,0,0,0,0,0,0,2,1,6,3,-1,-1,1390,1,15,-1,-1,-1
2015350041015,3,19,0,18,0,0,0,0,0,0,4,1,1,2,62,9,2198,2,1,-1,1,-1
2015350041115,1,21,0,9,0,5,0,0,0,0,1,2,1,1,34,6,-1,-1,-1,-1,-1,-1
2015350041115,2,9,0,18,9,8,0,0,1,2,1,1,2,2,57,9,1586,1,8,-1,3,-1
2015350041215,1,9,0,18,0,0,0,0,0,0,1,1,2,2,31,6,996,1,1,-1,1,-1
2015350041215,2,1,0,18,0,0,0,0,0,0,2,1,2,2,66,10,-1,-1,-1,-1,1,-1
2015350041315,1,9,0,18,0,8,0,0,0,0,1,1,2,2,25,5,-1,-1,-1,-1,3,-1
2015350041315,2,9,0,9,0,6,0,0,0,0,2,1,2,2,26,6,1390,1,2,-1,1,-1
2015350041415,1,9,0,4,0,0,0,0,0,0,0,1,6,2,73,10,1984,2,-1,-1,-1,-1
2015350041415,2,9,0,4,0,0,0,0,0,0,2,1,6,1,-1,-1,1900,2,16,-1,3,-1
2015350041415,3,3,0,4,0,0,0,0,0,0,1,1,6,1,60,9,645,1,6,-1,1,-1
2015350041515,1,19,0,9,0,6,0,0,0,2,4,1,1,1,50,8,2287,2,2,-1,1,-1
2015350041515,2,21,0,18,0,8,0,0,0,0,1,1,1,1,37,7,9200,2,4,-1,1,-1
2015350041615,1,3,0,18,0,0,0,0,0,0,1,1,6,1,16,4,-1,-1,-1,-1,1,-1
2015350041615,2,1,0,5,0,0,0,0,0,0,3,1,6,1,35,6,-1,-1,-1,-1,1,-1
2015350041715,1,8,0,7,0,5,0,0,0,0,4,1,6,3,-1,-1,-1,-1,-1,-1,-1,-1
2015350041715,2,1,0,18,0,8,0,0,0,0,3,1,6,1,40,7,-1,-1,-1,-1,1,-1
2015350041815,1,9,0,5,0,1,0,0,0,0,1,1,6,1,20,4,-1,-1,-1,-1,2,-1
2015350041815,2,9,0,4,0,1,0,0,0,0,2,1,6,2,20,4,1461,2,12,-1,1,-1
2015350041915,1,9,0,18,0,0,0,0,0,0,1,1,6,1,28,6,2231,2,9,-1,1,-1
2015350041915,2,9,0,4,0,0,0,0,0,0,2,1,6,1,40,7,1895,1,15,-1,1,-1
2015350041915,3,9,0,4,0,0,0,0,0,0,2,1,6,1,34,6,1896,2,5,-1,1,-1
2015350042015,1,9,0,16,0,0,2,0,7,9,1,1,2,2,37,7,-1,-1,-1,-1,3,-1
2015350042115,1,9,0,18,0,0,0,0,0,0,1,1,6,2,77,11,1242,1,15,-1,1,-1
2015350042215,1,9,0,18,0,3,1,0,1,2,1,1,6,2,19,4,993,1,13,-1,1,-1
2015350042315,1,9,0,9,0,6,0,0,0,0,1,1,6,2,34,6,-1,-1,-1,-1,1,-1
2015350042315,2,9,0,18,0,8,0,0,0,0,4,1,6,1,76,11,1360,1,12,-1,1,-1
2015350042415,1,19,0,16,0,0,0,0,7,4,0,1,6,1,42,7,1248,2,9,-1,-1,-1
2015350042415,2,9,0,18,0,0,0,0,0,0,1,1,6,1,45,7,2000,2,5,-1,1,-1
2015350042515,1,9,0,18,0,2,0,0,0,0,3,1,6,2,73,10,1248,2,6,-1,2,-1
2015350042615,1,19,0,9,0,6,0,0,0,0,4,1,6,1,76,11,12900,2,8,-1,3,-1
2015350042615,2,9,0,18,0,8,1,0,1,4,1,1,6,2,43,7,-1,-1,-1,-1,-1,-1
2015350042715,1,9,0,5,0,1,0,0,0,0,1,1,6,2,27,6,1587,1,12,-1,1,-1
2015350042715,2,9,0,5,0,1,0,0,0,0,2,1,6,1,22,5,1341,1,12,-1,1,-1
2015350042815,1,9,0,15,0,0,0,0,1,0,3,1,6,1,-1,-1,1390,1,10,-1,-1,-1
2015350042815,2,9,0,18,0,0,0,0,0,0,4,1,6,1,25,5,1761,1,16,-1,1,-1
2015350042915,1,9,0,18,0,0,0,0,0,0,1,1,6,2,22,5,1299,1,13,-1,2,-1
2015350042915,2,9,0,4,0,0,0,0,0,0,2,1,6,2,45,7,1995,2,7,-1,1,-1
2015350043015,1,9,0,18,0,1,0,0,0,0,1,1,6,1,47,8,1896,2,13,-1,1,-1
2015350043015,2,9,0,3,0,1,0,0,0,0,2,1,6,2,42,7,1560,2,5,-1,1,-1
2015350043015,3,9,0,3,0,1,0,0,0,0,2,1,6,1,33,6,1588,1,13,-1,1,-1
2015350043115,1,1,0,14,0,0,0,8,0,0,4,1,6,2,-1,-1,-1,-1,-1,-1,-1,-1
2015350043115,2,9,0,2,0,0,0,0,0,0,3,1,6,1,34,6,1798,1,8,-1,-1,-1
2015350043215,1,9,0,9,0,6,0,0,0,0,3,1,6,1,21,5,1388,1,10,-1,3,-1
2015350043215,2,9,0,18,0,8,1,0,0,0,1,1,6,1,22,5,1753,2,10,-1,1,-1
2015350043315,1,9,0,2,0,0,0,0,0,0,0,1,6,2,38,7,2790,1,8,-1,1,-1
2015350043415,1,9,0,18,0,0,0,0,0,0,1,1,6,2,32,6,1461,2,2,-1,-1,-1
2015350043415,2,9,0,18,0,0,0,0,0,0,2,1,6,1,62,9,1596,1,6,-1,-1,-1
2015350043615,1,9,0,5,0,6,0,0,0,0,3,1,1,2,24,5,1762,1,18,-1,1,-1
2015350043615,2,3,0,18,0,8,0,0,0,0,1,1,1,1,20,4,124,1,1,-1,1,-1
2015350043715,1,21,0,4,0,0,0,0,0,0,1,1,1,1,26,6,4500,2,1,-1,1,-1
2015350043715,2,9,0,4,0,0,0,0,0,0,2,1,6,2,50,8,998,1,3,-1,1,-1
2015350043815,1,9,0,4,0,0,0,0,0,0,1,1,1,1,28,6,998,1,3,-1,1,-1
2015350043815,2,9,0,4,0,0,0,0,0,0,2,1,6,2,33,6,1248,1,1,-1,1,-1