Accident_Index,Vehicle_Reference,Vehicle_Type,Towing_and_Articulation,Vehicle_Manoeuvre,Vehicle_Location-Restricted_Lane,Junction_Location,Skidding_and_Overturning,Hit_Object_in_Carriageway,Vehicle_Leaving_Carriageway,Hit_Object_off_Carriageway,1st_Point_of_Impact,Was_Vehicle_Left_Hand_Drive?,Journey_Purpose_of_Driver,Sex_of_Driver,Age_of_Driver,Age_Band_of_Driver,Engine_Capacity_(CC),Propulsion_Code,Age_of_Vehicle,Driver_IMD_Decile,Driver_Home_Area_Type,Vehicle_IMD_Decile
2015350058315,1,9,0,5,0,4,0,0,0,0,1,1,6,2,85,11,3456,8,2,-1,1,-1
2015350058315,2,1,0,18,0,8,0,0,0,0,2,1,2,2,31,6,-1,-1,-1,-1,1,-1
2015350058415,1,9,0,18,0,3,0,0,0,0,1,1,2,1,29,6,1229,1,10,-1,1,-1
2015350058815,1,9,0,4,0,8,1,0,0,0,1,1,2,1,56,9,-1,-1,-1,-1,1,-1
2015350058815,2,19,0,18,0,8,1,0,0,0,2,1,2,1,30,6,-1,-1,-1,-1,1,-1
2015350058915,1,9,0,7,0,5,0,0,0,0,4,1,6,2,63,9,2231,2,2,-1,1,-1
2015350058915,2,1,0,15,4,1,0,0,0,0,3,1,6,1,47,8,-1,-1,-1,-1,3,-1
2015350059115,1,9,0,18,0,0,0,0,0,0,0,1,6,1,-1,-1,-1,-1,-1,-1,-1,-1
2015350059115,2,1,0,18,0,0,0,0,0,0,0,1,2,1,37,7,-1,-1,-1,-1,1,-1
2015350059215,1,9,0,7,0,6,0,0,0,0,1,1,6,3,-1,-1,2996,1,8,-1,1,-1
2015350059215,2,1,0,18,0,8,0,0,0,0,4,1,4,2,14,3,-1,-1,-1,-1,1,-1
2015350059315,1,9,0,18,0,1,0,0,0,0,1,1,6,1,21,5,1199,1,16,-1,3,-1
2015350059315,2,9,0,10,0,1,0,0,0,0,2,1,6,2,29,6,1124,1,14,-1,3,-1
2015350059415,1,9,0,18,0,0,0,0,0,0,1,1,6,2,60,9,998,1,9,-1,-1,-1
2015350059415,2,1,0,18,0,0,1,0,0,0,2,1,2,1,34,6,-1,-1,-1,-1,1,-1
2015350059515,1,9,0,18,0,6,0,0,0,0,1,1,6,1,19,4,1998,1,17,-1,-1,-1
2015350059515,2,9,0,7,0,5,0,0,0,0,1,1,6,1,34,6,1995,2,14,-1,1,-1
2015350059615,1,9,0,7,0,5,0,0,0,0,4,1,6,1,35,6,2494,1,15,-1,-1,-1
2015350059615,2,1,0,18,0,8,0,0,0,0,1,1,6,1,29,6,-1,-1,-1,-1,1,-1
2015350059715,1,9,0,1,0,0,0,0,0,0,2,1,6,2,-1,-1,-1,-1,-1,-1,-1,-1
2015350059815,1,9,0,18,0,1,0,0,0,0,1,1,6,2,78,11,1396,1,12,-1,2,-1
2015350059815,2,9,0,4,0,1,0,0,7,0,2,1,6,1,35,6,2143,2,3,-1,3,-1
2015350060015,1,9,0,18,0,1,0,0,0,0,1,1,6,2,26,6,1364,1,7,-1,3,-1
2015350060015,2,9,0,10,0,1,0,0,0,0,2,1,6,1,34,6,-1,-1,-1,-1,3,-1
2015350060115,1,9,0,5,0,6,0,0,3,0,3,1,6,2,62,9,1796,1,7,-1,3,-1
2015350060115,2,9,0,18,0,8,0,0,0,0,1,1,6,1,37,7,-1,-1,-1,-1,3,-1
2015350060215,1,9,0,18,0,4,0,0,0,0,1,1,6,1,40,7,998,1,18,-1,1,-1
2015350060215,2,1,0,5,0,4,0,0,0,0,3,1,6,2,20,4,-1,-1,-1,-1,1,-1
2015350060315,1,9,0,18,0,1,5,0,1,2,1,1,1,1,48,8,-1,-1,-1,-1,1,-1
2015350060515,1,9,0,7,0,5,0,0,0,0,4,1,1,1,52,8,-1,-1,-1,-1,2,-1
2015350060715,1,9,0,18,0,0,0,0,0,0,1,1,2,2,26,6,1598,2,2,-1,3,-1
2015350060715,2,9,0,4,0,0,0,0,0,0,2,1,1,1,41,7,-1,-1,-1,-1,2,-1
2015350060715,3,8,0,4,0,0,0,0,0,0,2,1,1,2,51,8,1998,2,5,-1,1,-1
2015350060815,1,9,0,9,0,5,0,0,0,0,1,1,6,1,-1,-1,-1,-1,-1,-1,1,-1
2015350060815,2,1,0,18,0,8,0,0,0,0,3,1,6,1,22,5,-1,-1,-1,-1,1,-1
2015350060915,1,9,0,18,0,6,0,0,0,0,4,1,6,1,44,7,-1,-1,-1,-1,1,-1
2015350060915,2,9,0,18,0,8,0,0,0,0,1,1,3,2,66,10,1753,2,9,-1,2,-1
2015350061115,1,19,0,9,0,6,0,0,0,0,2,1,6,1,35,6,1968,2,5,-1,1,-1
2015350061115,2,9,0,18,0,8,0,0,0,0,1,1,6,1,39,7,-1,-1,-1,-1,1,-1
2015350061215,1,4,0,18,0,1,0,0,0,0,1,1,6,1,24,5,125,1,5,-1,3,-1
2015350061215,2,9,0,4,0,1,0,0,0,0,2,1,6,2,73,10,1124,1,26,-1,1,-1
2015350061315,1,9,0,1,9,0,0,0,0,0,2,1,6,1,20,4,1242,1,11,-1,2,-1
2015350061415,1,11,0,18,0,0,0,0,0,0,1,1,1,1,48,8,9360,2,7,-1,2,-1
2015350061415,2,9,0,12,0,0,0,0,0,0,2,1,6,2,21,5,1582,2,2,-1,1,-1
2015350061515,1,9,0,13,0,8,0,0,1,4,3,1,2,1,24,5,-1,-1,-1,-1,1,-1
2015350061515,2,9,0,9,0,5,0,0,0,0,4,1,3,2,53,8,1598,2,3,-1,3,-1
2015350061615,1,9,0,9,0,6,0,0,0,0,1,1,1,1,33,6,1242,1,9,-1,1,-1
2015350061615,2,9,0,18,0,8,0,0,7,10,3,1,1,1,26,6,1968,2,2,-1,3,-1
2015350061715,1,9,0,14,0,1,5,4,0,0,1,1,6,1,62,9,-1,-1,-1,-1,3,-1
2015350061715,2,9,0,2,0,1,0,0,0,0,2,1,6,3,-1,-1,-1,-1,-1,-1,-1,-1
2015350061915,1,9,0,7,9,5,0,0,0,0,4,1,6,1,-1,-1,-1,-1,-1,-1,-1,-1
2015350061915,2,1,0,18,9,8,0,0,0,0,1,1,4,2,15,3,-1,-1,-1,-1,1,-1
2015350062115,1,9,0,18,0,0,1,0,6,0,3,1,2,1,28,6,4395,1,3,-1,1,-1
2015350062115,2,9,0,4,0,0,0,0,0,0,1,1,6,2,25,5,1399,2,3,-1,1,-1
2015350062215,1,9,0,16,0,0,5,0,0,0,1,1,6,2,27,6,1229,1,5,-1,1,-1
2015350062415,1,11,0,12,0,0,0,0,0,0,0,1,1,2,-1,-1,4461,2,1,-1,1,-1
2015350062415,2,9,0,13,0,0,0,0,0,0,0,1,6,3,-1,-1,1998,1,15,-1,-1,-1
2015350062515,1,9,0,1,9,2,0,0,0,0,2,1,6,2,58,9,1364,2,1,-1,2,-1
2015350062615,1,9,0,18,0,5,0,7,0,7,1,1,6,1,52,8,-1,-1,-1,-1,2,-1
2015350062715,1,8,0,9,0,8,0,0,0,0,3,1,1,1,64,9,1896,2,9,-1,1,-1
2015350062715,2,8,0,18,0,1,0,0,0,0,4,1,1,1,48,8,1598,2,4,-1,1,-1
2015350062815,1,11,0,5,2,0,0,0,0,0,0,1,1,1,20,4,6700,2,3,-1,3,-1
2015350062915,1,11,0,4,2,0,0,0,1,0,3,1,1,1,44,7,4461,2,1,-1,1,-1
2015350062915,2,1,0,11,2,0,0,0,0,0,3,1,2,1,16,4,-1,-1,-1,-1,1,-1
2015350063015,1,9,0,16,0,2,1,0,1,4,1,1,6,2,63,9,-1,-1,-1,-1,1,-1
2015350063215,1,9,0,11,0,1,0,0,0,0,0,1,6,1,25,5,-1,-1,-1,-1,-1,-1
2015350063215,2,11,0,18,0,1,0,0,0,0,0,1,1,1,53,8,4461,2,1,-1,-1,-1
2015350063315,1,9,0,9,0,6,0,0,0,0,1,1,6,1,17,4,1360,1,15,-1,1,-1
2015350063315,2,9,0,7,0,5,0,0,0,0,1,1,1,1,53,8,-1,-1,-1,-1,1,-1
2015350063415,1,9,0,18,0,1,0,0,0,0,1,1,6,1,-1,-1,-1,-1,-1,-1,-1,-1
2015350063415,2,9,0,3,0,1,0,0,0,0,2,1,6,2,62,9,-1,-1,-1,-1,1,-1
2015350063515,1,9,0,4,0,1,0,0,0,0,1,1,1,1,41,7,2616,1,10,-1,2,-1
2015350063515,2,9,0,3,0,1,0,0,0,0,2,1,1,1,28,6,1569,1,8,-1,2,-1
2015350063515,3,9,0,3,0,1,0,0,0,0,2,1,1,1,31,6,2495,2,19,-1,2,-1
2015350063615,1,21,0,5,6,0,0,0,0,0,0,1,6,3,-1,-1,-1,-1,-1,-1,-1,-1
2015350063615,2,9,0,18,0,0,0,0,1,9,2,1,6,1,42,7,-1,-1,-1,-1,-1,-1
2015350063615,3,9,0,4,0,0,0,0,0,0,2,1,6,1,42,7,1910,2,5,-1,1,-1
2015350063615,4,9,0,4,0,0,1,0,0,0,1,1,6,1,50,8,1495,1,6,-1,3,-1
2015350063715,1,1,0,18,5,0,0,0,0,0,1,1,6,1,70,10,-1,-1,-1,-1,1,-1
2015350063815,1,9,0,13,0,0,0,0,0,0,4,1,6,1,32,6,1998,1,15,-1,1,-1
2015350063815,2,1,0,18,0,0,0,0,0,0,3,1,2,2,30,6,-1,-1,-1,-1,1,-1
2015350064015,1,5,0,18,0,0,2,10,8,1,4,1,6,1,51,8,750,1,10,-1,2,-1
2015350064115,1,3,0,6,0,0,0,0,0,0,0,1,6,1,34,6,-1,-1,-1,-1,1,-1
2015350064215,1,10,0,9,0,8,0,0,0,0,1,1,1,1,57,9,-1,-1,-1,-1,1,-1
2015350064215,2,9,0,18,0,1,0,0,0,0,1,1,2,1,60,9,-1,-1,-1,-1,1,-1
2015350064315,1,9,0,14,0,0,5,0,0,0,4,1,6,1,79,11,1360,1,12,-1,3,-1
2015350064315,2,9,0,2,0,0,0,0,1,0,3,1,6,3,-1,-1,1598,1,12,-1,-1,-1
2015350064415,1,9,0,5,0,1,0,0,0,0,1,1,6,2,21,5,1242,1,2,-1,2,-1
2015350064415,2,9,0,3,0,1,0,0,0,0,2,1,6,1,53,8,1686,2,8,-1,1,-1
2015350064515,1,9,0,18,0,8,0,0,0,0,1,1,6,2,25,5,-1,-1,-1,-1,-1,-1
2015350064515,2,1,0,18,0,8,0,0,0,0,4,1,2,2,45,7,-1,-1,-1,-1,1,-1
2015350064615,1,5,0,13,0,8,2,0,0,0,4,1,6,1,55,8,1164,1,11,-1,3,-1
2015350064615,2,9,0,9,0,5,0,0,0,0,2,1,6,2,26,6,1598,1,8,-1,-1,-1
2015350064715,1,9,0,9,0,6,0,0,0,0,1,1,6,2,66,10,1248,2,7,-1,1,-1
2015350064815,1,9,0,11,0,0,0,0,0,0,4,1,6,1,25,5,1199,2,3,-1,1,-1
2015350064815,2,9,0,18,0,0,0,0,0,0,0,1,1,1,40,7,-1,-1,-1,-1,-1,-1
2015350064815,3,1,0,18,0,0,0,0,0,0,3,1,6,1,30,6,-1,-1,-1,-1,1,-1
2015350064915,1,9,0,14,0,1,0,0,0,0,1,1,1,2,52,8,2171,1,12,-1,1,-1
2015350064915,2,1,0,8,0,1,0,0,0,0,2,1,1,1,49,8,-1,-1,-1,-1,1,-1
2015350065015,1,19,0,18,0,8,0,0,0,0,1,1,1,1,25,5,2299,2,1,-1,1,-1
2015350065015,2,9,0,9,0,6,0,0,0,0,1,1,6,2,58,9,1349,1,4,-1,2,-1
2015350065115,1,9,0,4,0,0,0,0,0,0,1,1,6,2,26,6,1796,1,11,-1,1,-1
2015350065115,2,9,0,4,0,0,0,0,0,0,2,1,1,2,46,8,1995,2,4,-1,1,-1
2015350065215,1,9,0,18,0,0,0,0,0,0,1,1,6,2,41,7,1248,1,6,-1,2,-1
2015350065215,2,9,0,18,0,0,0,0,0,0,1,1,6,1,50,8,1896,2,11,-1,3,-1
2015350065315,1,9,0,4,0,1,0,0,0,0,1,1,1,1,59,9,2198,2,8,-1,2,-1
2015350065315,2,9,0,4,0,1,0,0,4,6,2,1,3,2,36,7,-1,-1,-1,-1,2,-1
2015350065415,1,21,1,12,0,0,0,0,0,0,1,2,1,1,-1,-1,-1,-1,-1,-1,-1,-1
2015350065415,2,9,0,18,0,0,0,0,0,0,2,1,2,1,35,6,1388,1,7,-1,1,-1
2015350065515,1,9,0,9,0,6,0,0,0,0,3,1,6,1,26,6,1596,1,13,-1,3,-1
2015350065515,2,9,0,18,0,8,0,0,0,0,1,1,6,1,46,8,1242,1,14,-1,1,-1
2015350065615,1,1,0,11,0,0,0,10,0,0,1,1,1,2,28,6,-1,-1,-1,-1,1,-1
2015350065715,1,9,0,1,0,0,0,0,0,0,2,1,6,2,-1,-1,-1,-1,-1,-1,-1,-1
2015350065715,2,1,0,18,0,0,0,0,0,0,1,1,6,2,71,10,-1,-1,-1,-1,1,-1
2015350065815,1,9,0,5,0,0,0,0,0,0,3,1,6,1,17,4,1242,1,14,-1,2,-1
2015350065815,2,9,0,14,0,0,0,0,0,0,4,1,6,1,36,7,1242,1,12,-1,1,-1
2015350065915,1,11,0,9,2,2,0,0,0,0,1,1,1,1,48,8,4461,2,1,-1,1,-1
2015350066015,1,9,0,5,0,1,0,0,0,0,1,1,2,1,49,8,2400,2,4,-1,1,-1
2015350066015,2,1,0,18,5,8,0,0,0,0,3,1,6,2,25,5,-1,-1,-1,-1,1,-1
2015350066115,1,9,0,13,0,0,0,0,0,0,4,1,6,3,-1,-1,-1,-1,-1,-1,-1,-1
2015350066115,2,1,0,18,4,0,0,0,0,0,3,1,2,1,17,4,-1,-1,-1,-1,2,-1
2015350066215,1,9,0,6,0,8,0,0,0,0,1,1,6,1,57,9,-1,-1,-1,-1,1,-1
2015350066215,2,9,0,18,0,8,0,0,7,9,1,1,6,1,24,5,-1,-1,-1,-1,1,-1
2015350066315,1,1,0,18,0,0,0,0,0,0,3,1,6,2,16,4,-1,-1,-1,-1,1,-1
2015350066315,2,9,0,13,0,0,0,0,0,0,4,1,6,3,-1,-1,-1,-1,-1,-1,-1,-1
2015350066415,1,8,0,12,0,8,0,0,0,0,3,1,1,1,-1,-1,1968,2,6,-1,-1,-1
2015350066415,2,9,0,18,0,8,0,0,0,0,4,1,6,3,-1,-1,1229,1,5,-1,-1,-1
2015350066515,1,9,0,4,0,1,0,0,0,0,1,1,6,1,22,5,1343,1,20,-1,1,-1
2015350066515,2,9,0,3,0,1,0,0,0,0,2,1,6,2,23,5,1200,1,-1,-1,1,-1
2015350066615,1,9,0,16,0,0,1,0,0,0,1,1,6,2,22,5,1240,1,11,-1,1,-1
2015350066615,2,9,0,17,0,0,1,0,0,0,4,1,6,2,20,4,1229,1,5,-1,1,-1
2015350066715,1,9,0,18,0,0,0,0,7,10,1,1,6,1,32,6,2143,2,2,-1,1,-1
2015350066715,2,9,0,18,0,0,0,4,0,0,1,1,6,1,44,7,2926,2,12,-1,1,-1
2015350066715,3,8,0,2,0,0,0,0,0,0,3,1,6,1,-1,-1,1896,2,5,-1,-1,-1
2015350066815,1,9,0,18,0,6,0,0,3,10,1,1,6,1,19,4,1149,1,13,-1,2,-1
2015350066915,1,9,0,9,0,6,0,10,7,0,3,1,6,1,63,9,2495,2,21,-1,2,-1
2015350066915,2,9,0,18,0,8,0,10,1,0,1,1,6,1,40,7,1998,1,19,-1,2,-1
2015350067015,1,9,0,16,0,0,2,0,0,0,0,1,6,1,34,6,1968,2,9,-1,3,-1
2015350067115,1,9,0,5,0,0,5,0,0,0,1,1,6,1,25,5,1364,1,6,-1,1,-1
2015350067115,2,9,0,2,0,0,0,0,0,0,4,1,6,3,-1,-1,1968,2,5,-1,1,-1
2015350067215,1,9,0,18,0,1,0,0,0,0,1,1,6,3,-1,-1,-1,-1,-1,-1,-1,-1
2015350067315,1,9,0,18,0,1,0,0,0,0,1,1,6,1,68,10,2496,1,13,-1,3,-1
2015350067315,2,1,0,4,0,1,5,0,0,0,2,1,6,2,33,6,-1,-1,-1,-1,1,-1
2015350067415,1,1,0,18,0,6,0,0,0,0,3,1,1,1,15,3,-1,-1,-1,-1,-1,-1
2015350067415,2,9,0,18,0,8,0,0,0,0,4,1,6,2,73,10,1398,2,9,-1,-1,-1
2015350067515,1,9,0,5,0,1,0,0,0,0,1,1,2,2,65,9,1364,2,8,-1,1,-1
2015350067515,2,9,0,3,0,1,0,0,0,0,2,1,1,2,39,7,-1,-1,-1,-1,1,-1
2015350067715,1,9,0,9,0,5,0,0,0,0,1,1,1,1,24,5,1560,2,-1,-1,-1,-1
2015350067715,2,9,0,18,0,8,0,0,0,0,1,1,2,1,28,6,-1,-1,-1,-1,1,-1
2015350067815,1,21,1,18,0,0,1,0,0,0,1,1,1,1,45,7,-1,-1,-1,-1,3,-1
2015350067815,2,9,0,4,0,0,0,0,1,0,2,1,6,2,28,6,1997,2,4,-1,1,-1
2015350067915,1,9,0,17,0,1,0,0,0,0,1,1,6,2,31,6,1998,1,6,-1,1,-1
2015350067915,2,9,0,9,0,1,0,0,0,0,2,1,6,1,21,5,1248,2,11,-1,1,-1
2015350068015,1,9,0,18,0,0,0,0,0,0,1,1,6,1,40,7,1910,2,7,-1,2,-1
2015350068015,2,9,0,18,0,0,1,0,0,0,1,1,6,1,22,5,-1,-1,-1,-1,3,-1
2015350068115,1,1,0,18,9,8,0,0,0,0,1,1,6,1,16,4,-1,-1,-1,-1,3,-1
2015350068115,2,9,0,18,0,8,0,0,0,0,3,1,6,2,39,7,1598,2,5,-1,3,-1
2015350068215,1,9,0,18,0,1,0,0,0,0,1,1,1,1,51,8,998,1,11,-1,1,-1
2015350068315,1,9,0,18,0,2,0,4,0,0,1,1,1,2,19,4,1598,1,10,-1,2,-1
2015350068315,2,9,0,2,0,2,0,0,0,0,2,1,1,2,-1,-1,1329,1,3,-1,2,-1
2015350068415,1,9,0,18,0,0,0,0,0,0,1,1,6,2,20,4,1242,1,10,-1,2,-1
2015350068415,2,9,0,3,0,0,0,0,0,0,2,1,6,2,52,8,1988,1,13,-1,3,-1
2015350068515,1,9,0,3,0,1,0,0,0,0,2,1,2,2,45,7,1796,1,7,-1,1,-1
2015350068515,2,9,0,4,0,1,1,0,0,0,1,1,2,2,28,6,1390,1,7,-1,3,-1
2015350068615,1,9,0,10,0,1,0,0,0,0,2,1,2,2,25,5,-1,-1,-1,-1,1,-1
2015350068615,2,9,0,18,0,1,0,0,7,0,1,1,2,1,45,7,1686,2,12,-1,1,-1
2015350068715,1,9,0,6,0,8,0,0,0,0,4,1,6,2,40,7,1389,1,19,-1,-1,-1
2015350068715,2,9,0,3,0,8,0,0,0,0,3,1,6,2,41,7,1242,1,3,-1,1,-1
2015350068815,1,1,0,18,4,8,0,0,0,0,4,1,1,1,25,5,-1,-1,-1,-1,1,-1
2015350068815,2,9,0,7,0,6,0,0,0,0,3,1,3,2,38,7,1896,2,6,-1,1,-1
2015350068915,1,9,0,18,0,6,0,0,0,0,2,1,6,2,69,10,1984,1,13,-1,1,-1
2015350068915,2,5,0,18,0,8,1,0,1,0,1,1,6,1,19,4,645,1,3,-1,3,-1
2015350069015,1,9,0,18,0,0,5,0,0,0,4,1,2,2,25,5,1149,1,9,-1,3,-1
2015350069015,2,9,0,2,0,0,0,0,0,0,4,1,6,1,29,6,2172,2,12,-1,1,-1
2015350069115,1,9,0,13,0,0,0,0,0,0,0,1,6,1,-1,-1,-1,-1,-1,-1,-1,-1
2015350069115,2,1,0,18,0,0,0,0,0,0,0,1,1,2,47,8,-1,-1,-1,-1,1,-1
2015350069215,1,9,0,18,0,0,0,0,0,0,1,1,1,1,35,6,1968,2,4,-1,-1,-1
2015350069215,2,9,0,3,0,0,0,0,0,0,2,1,1,1,60,9,1323,1,13,-1,2,-1
2015350069315,1,9,0,18,0,0,0,0,0,0,1,1,2,1,38,7,-1,-1,-1,-1,1,-1
2015350069315,2,9,0,4,0,0,0,0,0,0,2,1,6,2,30,6,1198,1,3,-1,2,-1
2015350069415,1,9,0,9,0,5,0,0,0,0,1,1,6,2,25,5,1390,1,5,-1,1,-1
2015350069415,2,5,0,18,0,8,0,0,0,0,3,1,6,1,53,8,1585,1,5,-1,1,-1
2015350069515,1,19,0,4,0,1,0,0,0,0,1,1,1,1,21,5,2198,2,2,-1,3,-1
2015350069515,2,9,0,4,0,1,0,0,0,0,2,1,1,2,70,10,1596,1,9,-1,1,-1
2015350069515,3,9,0,4,0,1,0,0,0,0,2,1,1,1,60,9,2495,2,9,-1,2,-1
2015350069615,1,4,0,11,0,0,5,0,0,0,1,1,6,1,55,8,750,1,29,-1,3,-1
2015350069615,2,9,0,18,0,0,0,0,0,0,3,1,6,1,41,7,1999,1,8,-1,3,-1
2015350069715,1,21,0,12,0,0,0,0,0,0,1,1,1,1,42,7,-1,-1,-1,-1,-1,-1
2015350069715,2,9,0,18,0,0,0,0,0,0,4,1,6,2,17,4,1198,1,5,-1,-1,-1
2015350069815,1,9,0,9,0,6,0,0,7,0,4,1,6,2,68,10,1149,1,5,-1,1,-1
2015350069815,2,19,0,18,0,8,0,0,0,0,1,1,1,1,48,8,2402,2,8,-1,1,-1
2015350070015,1,20,0,4,0,0,0,0,0,0,1,1,1,1,44,7,5193,2,6,-1,1,-1
2015350070015,2,9,0,3,0,0,0,0,0,0,2,1,1,1,44,7,-1,-1,-1,-1,1,-1
2015350070015,3,9,0,3,0,0,0,0,0,0,2,1,2,2,30,6,1995,2,2,-1,1,-1
2015350070015,4,9,0,3,0,0,0,0,0,0,2,1,2,1,42,7,1598,1,8,-1,3,-1
2015350070115,1,9,0,9,0,5,0,0,0,0,1,1,6,1,60,9,1998,1,7,-1,1,-1
2015350070115,2,9,0,18,0,7,0,0,0,0,1,1,6,2,47,8,1248,1,3,-1,-1,-1
2015350070215,1,5,0,16,0,1,0,0,0,0,1,1,6,1,52,8,1165,1,12,-1,2,-1
2015350070215,2,21,0,9,0,6,0,0,0,0,3,1,1,1,69,10,15607,2,8,-1,1,-1
2015350070315,1,9,0,5,0,1,0,0,0,0,1,1,6,2,39,7,3200,2,3,-1,3,-1
2015350070315,2,4,0,3,0,1,0,0,0,0,2,1,6,1,-1,-1,749,1,16,-1,1,-1
2015350070415,1,21,1,18,0,1,1,0,0,0,1,1,1,1,48,8,12900,2,3,-1,1,-1
2015350070415,2,19,0,4,0,1,0,0,0,0,2,1,1,1,38,7,1248,2,1,-1,1,-1
2015350070415,3,9,0,4,0,1,0,0,1,4,2,1,2,2,27,6,999,1,3,-1,1,-1
2015350070415,4,21,1,4,0,1,0,0,0,0,2,1,1,1,54,8,11946,2,4,-1,2,-1
2015350070515,1,9,0,18,0,1,0,0,0,0,1,1,1,1,24,5,-1,-1,-1,-1,3,-1
2015350070515,2,9,0,18,0,1,0,0,0,0,2,1,1,2,38,7,1240,1,11,-1,1,-1
2015350070615,1,9,0,18,0,4,0,0,0,0,1,1,6,1,49,8,1896,2,9,-1,1,-1
2015350070615,2,9,0,18,0,4,0,0,0,0,2,1,1,1,48,8,2993,2,2,-1,1,-1
2015350070715,1,2,0,13,0,0,0,0,0,0,1,1,4,1,17,4,49,1,9,-1,1,-1
2015350070715,2,9,0,2,0,0,0,0,0,0,2,1,6,1,60,9,1364,1,1,-1,3,-1
2015350070815,1,9,0,4,0,0,0,0,1,0,1,1,6,2,21,5,1422,2,11,-1,1,-1
2015350070815,2,9,0,11,0,0,0,0,1,0,2,1,6,1,87,11,1395,1,2,-1,1,-1
2015350070915,1,9,0,11,0,0,2,0,0,0,4,1,1,1,60,9,1896,2,9,-1,1,-1
2015350070915,2,21,1,18,0,0,0,0,0,0,3,2,1,1,49,8,-1,-1,-1,-1,-1,-1
2015350071015,1,9,0,18,0,0,0,0,0,0,1,1,6,2,54,8,1364,1,9,-1,2,-1
2015350071015,2,1,0,18,9,0,0,0,0,0,4,1,1,2,30,6,-1,-1,-1,-1,1,-1
2015350071115,1,9,0,18,0,4,0,0,0,0,0,1,6,2,40,7,-1,-1,-1,-1,-1,-1
2015350071115,2,3,0,18,0,8,5,10,0,0,0,1,2,1,21,5,124,1,3,-1,2,-1
2015350071215,1,5,0,13,0,8,5,0,0,0,1,1,6,1,50,8,1215,1,3,-1,2,-1
2015350071215,2,9,0,9,0,5,0,0,7,0,3,1,1,1,30,6,1686,2,2,-1,3,-1
2015350071315,1,9,0,18,0,0,0,0,0,0,1,1,6,1,43,7,2199,1,21,-1,3,-1
2015350071315,2,9,0,3,0,0,0,0,0,0,2,1,6,1,36,7,1997,2,10,-1,1,-1
2015350071415,1,9,0,5,0,6,0,0,0,0,4,1,6,1,37,7,1390,1,6,-1,3,-1
2015350071415,2,1,0,18,0,8,0,0,0,0,1,1,6,2,41,7,-1,-1,-1,-1,1,-1
2015350071515,1,9,0,18,0,0,0,0,0,0,1,1,6,1,77,11,1685,2,1,-1,3,-1
2015350071515,2,9,0,18,0,0,0,0,0,0,1,1,6,1,41,7,1995,2,9,-1,1,-1
2015350071615,1,9,0,18,0,0,1,0,7,4,1,1,6,1,21,5,1597,1,9,-1,3,-1
2015350071615,2,9,0,13,0,0,0,0,0,0,0,1,6,3,-1,-1,-1,-1,-1,-1,-1,-1
2015350071715,1,9,0,18,0,0,0,0,0,0,1,1,6,2,22,5,1390,1,1,-1,3,-1
2015350071715,2,9,0,4,0,0,0,0,0,0,2,1,6,1,70,10,1596,1,6,-1,1,-1
2015350071815,1,9,0,9,0,5,0,0,0,0,1,1,1,1,43,7,1598,2,1,-1,-1,-1
2015350071815,2,9,0,18,0,8,0,0,0,0,1,1,6,1,80,11,1968,2,8,-1,3,-1
2015350071915,1,9,0,18,0,1,0,0,0,0,1,1,6,1,21,5,1390,1,13,-1,2,-1
2015350071915,2,5,0,3,0,1,0,0,0,0,2,1,6,1,64,9,680,1,2,-1,3,-1
2015350072015,1,9,0,9,0,6,0,0,0,0,3,1,6,1,28,6,1596,1,14,-1,3,-1
2015350072015,2,1,0,18,0,8,0,0,0,0,1,1,6,1,41,7,-1,-1,-1,-1,2,-1
2015350072115,1,9,0,4,0,1,0,0,0,0,1,1,2,2,46,8,2148,2,9,-1,2,-1
2015350072115,2,9,0,4,0,1,0,0,0,0,2,1,2,2,33,6,998,1,-1,-1,2,-1
2015350072115,3,9,0,4,0,1,0,0,0,0,2,1,6,2,67,10,1248,1,1,-1,-1,-1
2015350072215,1,1,0,18,9,8,0,0,0,0,1,1,1,1,61,9,-1,-1,-1,-1,1,-1
2015350072215,2,9,0,9,0,5,0,0,0,0,1,1,1,1,35,6,1587,1,9,-1,1,-1
2015350072315,1,9,0,9,0,5,0,0,0,0,3,1,2,1,32,6,1870,2,10,-1,1,-1
2015350072315,2,1,0,18,0,8,0,0,0,0,1,1,2,1,24,5,-1,-1,-1,-1,1,-1
2015350072415,1,9,0,18,0,1,0,0,0,0,1,1,1,1,24,5,1396,1,14,-1,3,-1
2015350072415,2,9,0,4,0,1,0,0,0,0,2,1,1,2,42,7,1248,2,7,-1,3,-1
2015350072415,3,9,0,10,0,1,0,0,0,0,2,1,1,1,50,8,1968,2,1,-1,3,-1
2015350072515,1,9,0,18,0,4,0,0,0,0,1,1,6,1,59,9,1396,2,4,-1,1,-1
2015350072515,2,5,0,9,0,3,0,0,0,0,2,1,6,1,34,6,599,1,3,-1,1,-1
2015350072615,1,9,0,5,0,6,0,0,0,0,3,1,2,1,22,5,-1,-1,-1,-1,1,-1
2015350072615,2,11,0,18,0,8,0,0,0,0,1,1,1,1,50,8,6700,2,4,-1,1,-1
2015350072715,1,9,0,18,0,0,0,0,0,0,1,1,1,1,51,8,1968,2,1,-1,-1,-1
2015350072715,2,9,0,4,0,0,0,0,0,0,2,1,1,1,36,7,-1,-1,-1,-1,1,-1
2015350072715,3,9,0,4,0,0,0,0,0,0,2,1,1,1,58,9,1968,2,3,-1,1,-1