Accident_Index,Vehicle_Reference,Vehicle_Type,Towing_and_Articulation,Vehicle_Manoeuvre,Vehicle_Location-Restricted_Lane,Junction_Location,Skidding_and_Overturning,Hit_Object_in_Carriageway,Vehicle_Leaving_Carriageway,Hit_Object_off_Carriageway,1st_Point_of_Impact,Was_Vehicle_Left_Hand_Drive?,Journey_Purpose_of_Driver,Sex_of_Driver,Age_of_Driver,Age_Band_of_Driver,Engine_Capacity_(CC),Propulsion_Code,Age_of_Vehicle,Driver_IMD_Decile,Driver_Home_Area_Type,Vehicle_IMD_Decile
2015350072815,1,9,0,18,0,0,0,0,0,0,4,1,6,1,49,8,1598,1,5,-1,1,-1
2015350072815,2,90,0,18,0,0,0,0,0,0,1,1,6,1,12,3,-1,-1,-1,-1,1,-1
2015350073015,1,9,0,17,0,1,2,0,1,7,1,1,6,1,45,7,2148,2,11,-1,1,-1
2015350073115,1,1,0,18,0,2,0,0,0,0,3,1,6,1,19,4,-1,-1,-1,-1,1,-1
2015350073115,2,9,0,18,0,2,0,0,0,0,4,1,6,2,39,7,-1,-1,-1,-1,1,-1
2015350073215,1,9,0,3,0,8,0,7,0,0,1,1,6,1,39,7,1597,1,19,-1,2,-1
2015350073215,2,9,0,3,0,8,0,0,0,0,2,1,6,1,27,6,998,1,14,-1,1,-1
2015350073315,1,9,0,18,0,8,0,0,0,0,1,1,6,1,23,5,2497,1,11,-1,1,-1
2015350073315,2,9,0,9,0,6,0,0,0,0,3,1,6,2,19,4,1397,1,7,-1,1,-1
2015350073415,1,9,0,12,0,0,1,0,1,0,2,1,6,2,26,6,1598,1,10,-1,3,-1
2015350073415,2,19,0,18,0,0,2,0,1,4,1,1,1,1,26,6,2198,2,1,-1,1,-1
2015350073515,1,9,0,17,0,0,2,0,1,0,1,1,6,2,40,7,1242,1,6,-1,3,-1
2015350073615,1,9,0,18,0,0,0,0,0,0,1,1,6,2,39,7,1598,1,15,-1,2,-1
2015350073615,2,9,0,4,0,0,0,0,0,0,2,1,6,1,22,5,1196,1,19,-1,1,-1
2015350073715,1,9,0,18,0,1,0,0,0,0,1,1,6,2,38,7,1998,2,6,-1,1,-1
2015350073715,2,9,0,3,0,1,0,0,0,0,2,1,6,1,29,6,1598,1,4,-1,1,-1
2015350073815,1,9,0,18,0,0,0,0,0,0,4,1,1,1,57,9,-1,-1,-1,-1,1,-1
2015350073815,2,1,0,12,9,0,5,0,0,0,1,1,6,1,8,2,-1,-1,-1,-1,1,-1
2015350073915,1,19,0,2,0,0,0,0,0,0,4,1,1,1,-1,-1,-1,-1,-1,-1,-1,-1
2015350073915,2,1,0,18,9,0,0,8,0,0,1,1,4,2,12,3,-1,-1,-1,-1,2,-1
2015350074115,1,21,0,11,0,8,0,0,0,0,4,1,1,1,53,8,12900,2,5,-1,1,-1
2015350074115,2,9,0,18,0,8,0,0,2,7,3,1,2,1,40,7,1399,2,8,-1,2,-1
2015350074115,3,9,0,18,0,8,0,0,0,0,3,1,2,1,37,7,1587,1,13,-1,3,-1
2015350074215,1,19,0,6,0,8,0,0,0,0,3,1,1,1,47,8,-1,-1,-1,-1,1,-1
2015350074215,2,9,0,18,0,8,0,0,4,1,3,1,6,1,23,5,1984,1,4,-1,1,-1
2015350074315,1,9,0,18,0,1,0,0,0,0,1,1,6,1,32,6,1896,2,13,-1,1,-1
2015350074415,1,9,0,18,0,1,0,0,0,0,1,1,6,2,34,6,1984,1,14,-1,1,-1
2015350074515,1,21,0,4,0,4,0,0,0,0,1,1,1,1,68,10,12580,2,10,-1,3,-1
2015350074515,2,9,0,3,0,1,0,0,0,0,2,1,6,1,38,7,-1,-1,-1,-1,1,-1
2015350074615,1,9,0,16,0,0,0,0,2,0,3,1,6,1,23,5,-1,-1,-1,-1,3,-1
2015350074615,2,9,0,17,0,0,0,0,0,0,3,1,6,1,39,7,-1,-1,-1,-1,1,-1
2015350074615,3,9,0,17,0,0,0,0,0,0,3,1,6,1,29,6,-1,-1,-1,-1,2,-1
2015350074715,1,9,0,4,0,0,0,0,0,0,1,1,2,2,31,6,1198,1,7,-1,2,-1
2015350074715,2,9,0,4,0,0,0,0,0,0,2,1,2,1,39,7,1968,2,1,-1,2,-1
2015350074815,1,9,0,16,0,0,1,0,1,4,2,1,6,1,24,5,1596,1,13,-1,3,-1
2015350074915,1,5,0,4,0,0,2,0,1,4,3,1,6,1,45,7,1284,1,10,-1,1,-1
2015350075015,1,9,0,18,0,0,0,0,0,0,1,1,6,2,23,5,1360,1,11,-1,1,-1
2015350075015,2,9,0,4,0,0,0,0,0,0,2,1,6,1,82,11,1596,1,13,-1,2,-1
2015350075215,1,9,0,12,0,1,1,0,1,4,1,1,6,2,28,6,1596,1,14,-1,1,-1
2015350075315,1,9,0,18,0,0,0,0,0,0,4,1,6,1,42,7,-1,-1,-1,-1,1,-1
2015350075315,2,9,0,2,0,0,0,0,0,0,3,1,6,1,59,9,3248,1,16,-1,1,-1
2015350075615,1,4,0,18,0,8,0,0,0,0,1,1,6,1,50,8,244,1,9,-1,-1,-1
2015350075615,2,9,0,9,0,5,0,0,0,0,2,1,6,2,30,6,1599,1,13,-1,-1,-1
2015350075715,1,9,0,9,0,5,0,0,0,0,1,1,6,1,-1,-1,1339,1,6,-1,1,-1
2015350075715,2,1,0,18,0,8,0,0,0,0,1,1,6,2,25,5,-1,-1,-1,-1,1,-1
2015350075815,1,20,0,12,0,0,0,0,0,0,0,1,6,1,-1,-1,-1,-1,-1,-1,-1,-1
2015350075815,2,9,0,4,0,0,0,0,0,0,0,1,2,2,39,7,1388,1,2,-1,1,-1
2015350075915,1,9,0,1,9,0,0,0,0,0,2,1,3,1,-1,-1,1598,1,8,-1,1,-1
2015350076015,1,9,0,5,8,0,0,0,0,0,1,1,6,1,31,6,1686,2,10,-1,1,-1
2015350076015,2,9,0,18,0,0,5,0,0,0,4,1,6,1,55,8,1598,2,-1,-1,1,-1
2015350076115,1,8,0,18,0,0,0,0,0,0,4,1,1,1,50,8,1461,2,6,-1,2,-1
2015350076215,1,9,0,14,0,0,0,0,0,0,4,1,6,2,29,6,1560,2,6,-1,1,-1
2015350076515,1,9,0,5,0,1,0,0,0,0,1,1,6,1,40,7,-1,-1,-1,-1,-1,-1
2015350076515,2,9,0,4,0,1,0,0,0,0,2,1,6,2,30,6,1591,1,6,-1,1,-1
2015350076615,1,1,0,18,0,8,0,0,0,0,1,1,6,1,-1,-1,-1,-1,-1,-1,-1,-1
2015350076615,2,9,0,9,0,5,0,0,0,0,4,1,6,1,24,5,-1,-1,-1,-1,1,-1
2015350076715,1,9,0,16,0,0,1,0,7,9,1,1,6,2,29,6,1242,1,7,-1,3,-1
2015350076815,1,9,0,16,0,0,1,0,8,3,1,1,6,2,66,10,2497,1,12,-1,3,-1
2015350076915,1,9,0,13,0,0,0,0,0,0,1,1,6,2,47,8,1598,1,9,-1,1,-1
2015350076915,2,1,0,12,0,0,0,0,0,0,2,1,6,1,15,3,-1,-1,-1,-1,1,-1
2015350077015,1,9,0,13,0,0,2,0,0,9,1,1,1,1,43,7,1587,1,13,-1,3,-1
2015350077115,1,9,0,18,0,8,0,12,0,0,4,1,6,2,-1,-1,-1,-1,-1,-1,-1,-1
2015350077215,1,9,0,6,0,2,0,0,0,0,2,1,6,3,-1,-1,2497,2,8,-1,-1,-1
2015350077215,2,9,0,18,0,1,0,0,0,0,1,1,2,2,40,7,1242,1,1,-1,3,-1
2015350077315,1,9,0,17,0,8,2,0,7,0,0,1,6,2,19,4,1390,1,14,-1,1,-1
2015350077415,1,9,0,18,0,6,0,0,0,0,4,1,6,2,31,6,1956,2,1,-1,1,-1
2015350077415,2,9,0,18,0,1,0,0,0,0,1,1,6,2,42,7,1598,2,1,-1,2,-1
2015350077515,1,9,0,18,0,0,0,0,0,0,1,1,6,1,20,4,1598,1,13,-1,3,-1
2015350077515,2,9,0,4,0,0,0,0,0,0,2,1,6,2,42,7,1968,2,2,-1,3,-1
2015350077615,1,9,0,5,0,6,0,0,0,0,3,1,6,2,33,6,2035,1,9,-1,3,-1
2015350077615,2,5,0,16,0,8,0,0,0,0,1,1,6,1,32,6,1585,1,4,-1,2,-1
2015350077715,1,9,0,12,0,8,0,0,0,0,3,1,6,2,39,7,1560,2,3,-1,2,-1
2015350077715,2,9,0,18,0,8,1,10,0,0,4,1,6,1,33,6,1997,2,11,-1,1,-1
2015350077815,1,3,0,13,0,8,0,0,0,0,4,1,2,1,21,5,124,1,6,-1,1,-1
2015350077815,2,9,0,6,0,8,0,0,0,0,3,1,1,2,64,9,1329,1,2,-1,3,-1
2015350077915,1,9,0,3,0,1,0,0,0,0,2,1,6,2,52,8,1598,1,10,-1,2,-1
2015350077915,2,19,0,4,0,1,0,0,0,0,1,1,6,1,55,8,2198,2,7,-1,3,-1
2015350078015,1,8,0,18,0,4,0,0,0,0,1,1,1,1,50,8,1461,2,1,-1,3,-1
2015350078015,2,1,0,9,0,8,0,0,0,0,1,1,2,1,41,7,-1,-1,-1,-1,2,-1
2015350078115,1,9,0,9,0,6,0,0,0,0,3,1,6,2,-1,-1,1248,1,3,-1,2,-1
2015350078115,2,3,0,14,0,1,1,0,0,0,1,1,6,1,28,6,124,1,1,-1,-1,-1
2015350078215,1,9,0,18,0,0,5,0,1,0,4,1,6,1,27,6,1781,1,25,-1,2,-1
2015350078315,1,21,1,18,0,0,1,0,0,0,1,1,1,1,54,8,10308,2,6,-1,1,-1
2015350078315,2,21,1,4,0,0,0,0,0,0,2,1,1,1,52,8,10518,2,7,-1,1,-1
2015350078315,3,21,1,4,0,0,0,0,0,0,2,2,1,1,23,5,-1,-1,-1,-1,-1,-1
2015350078315,4,21,1,4,0,0,0,0,0,0,2,2,1,1,24,5,-1,-1,-1,-1,-1,-1
2015350078415,1,9,0,18,0,0,0,0,2,0,1,1,6,3,-1,-1,-1,-1,-1,-1,-1,-1
2015350078415,2,20,0,18,0,0,0,0,0,0,1,1,6,3,-1,-1,-1,-1,-1,-1,-1,-1
2015350078415,3,9,0,18,0,0,0,0,0,0,1,1,6,1,33,6,1796,1,11,-1,1,-1
2015350078515,1,9,0,4,0,3,0,0,0,0,1,1,6,1,55,8,1997,2,2,-1,1,-1
2015350078515,2,9,0,3,0,2,0,0,0,0,2,1,6,1,45,7,1560,2,10,-1,1,-1
2015350078515,3,9,0,3,0,2,0,0,0,0,2,1,6,2,26,6,1600,2,4,-1,1,-1
2015350078515,4,9,0,3,0,2,0,0,0,0,2,1,6,1,25,5,1240,1,11,-1,2,-1
2015350078615,1,9,0,18,0,0,2,0,4,6,1,1,6,2,37,7,1390,1,14,-1,1,-1
2015350078615,2,21,1,18,0,0,0,0,0,0,2,1,6,3,-1,-1,-1,-1,-1,-1,-1,-1
2015350078715,1,9,0,4,0,0,0,0,0,0,1,1,6,1,40,7,-1,-1,-1,-1,3,-1
2015350078715,2,9,0,4,0,0,0,0,0,0,2,1,1,2,50,8,1598,2,2,-1,-1,-1
2015350078715,3,9,0,4,0,0,0,0,0,0,2,1,6,1,52,8,-1,-1,-1,-1,1,-1
2015350078815,1,9,0,6,0,0,0,0,0,0,3,1,6,1,41,7,1995,2,13,-1,1,-1
2015350078815,2,4,0,18,0,0,0,0,0,0,1,1,6,1,36,7,1170,1,3,-1,1,-1
2015350078915,1,9,0,16,0,0,0,0,7,4,1,1,6,1,19,4,3790,1,18,-1,2,-1
2015350079015,1,9,0,12,0,6,0,0,1,10,1,1,6,2,31,6,1360,1,15,-1,1,-1
2015350079015,2,9,0,18,0,8,0,0,0,0,1,1,6,1,24,5,2179,2,-1,-1,3,-1
2015350079115,1,19,0,9,0,8,0,0,0,0,3,2,1,1,46,8,-1,-1,-1,-1,-1,-1
2015350079115,2,9,0,18,0,3,0,0,0,0,4,1,6,2,30,6,1422,2,10,-1,1,-1
2015350079215,1,9,0,18,0,0,0,0,0,0,3,1,6,1,45,7,-1,-1,-1,-1,2,-1
2015350079215,2,9,0,18,0,0,0,0,0,0,3,1,6,2,41,7,1598,1,10,-1,2,-1
2015350079215,3,9,0,18,0,0,0,0,0,0,1,1,6,1,21,5,1781,1,19,-1,2,-1
2015350079315,1,9,0,18,0,0,0,0,0,0,4,1,6,1,73,10,1596,1,3,-1,1,-1
2015350079415,1,9,0,18,0,1,0,0,0,0,1,1,2,2,20,4,1199,1,13,-1,2,-1
2015350079415,2,9,0,10,0,1,0,0,0,0,2,1,2,1,32,6,1198,1,4,-1,1,-1
2015350079515,1,9,0,1,9,0,0,0,0,0,0,1,6,1,67,10,1896,2,17,-1,1,-1
2015350079515,2,11,0,5,0,0,0,0,0,0,4,1,1,1,38,7,6870,2,14,-1,2,-1
2015350079615,1,9,0,9,0,6,0,0,0,0,1,1,1,1,36,7,1998,2,6,-1,1,-1
2015350079715,1,9,0,1,0,1,0,0,0,0,2,1,3,1,44,7,998,1,11,-1,1,-1
2015350079715,2,1,0,18,0,1,0,0,0,0,4,1,4,1,5,1,-1,-1,-1,-1,1,-1
2015350079815,1,1,0,18,0,0,0,4,0,0,1,1,6,1,30,6,-1,-1,-1,-1,1,-1
2015350079815,2,9,0,2,0,0,0,0,0,0,2,1,6,3,-1,-1,-1,-1,-1,-1,-1,-1
2015350079815,3,9,0,18,0,0,0,0,0,0,1,1,6,2,53,8,1339,1,12,-1,1,-1
2015350079915,1,9,0,4,0,0,0,0,0,0,2,1,6,1,45,7,1229,1,4,-1,1,-1
2015350079915,2,9,0,18,0,0,1,0,0,0,1,1,6,1,70,10,1124,1,13,-1,3,-1
2015350080115,1,9,0,18,0,0,0,0,0,0,1,1,6,1,-1,-1,-1,-1,-1,-1,-1,-1
2015350080115,2,9,0,3,0,0,0,0,0,0,2,1,6,2,47,8,1598,1,9,-1,1,-1
2015350080115,3,9,0,3,0,0,0,0,0,0,2,1,6,2,47,8,1598,1,9,-1,2,-1
2015350080215,1,9,0,9,0,5,0,0,0,0,1,1,1,1,35,6,2143,2,-1,-1,1,-1
2015350080215,2,1,0,18,4,1,5,0,0,0,1,1,6,1,46,8,-1,-1,-1,-1,1,-1
2015350080315,1,9,0,9,0,6,0,0,0,0,1,1,6,2,72,10,1198,1,12,-1,1,-1
2015350080315,2,9,0,18,0,8,0,0,0,0,4,1,6,2,35,6,1388,1,6,-1,1,-1
2015350080415,1,9,0,4,0,0,0,0,0,0,1,1,6,1,58,9,-1,-1,-1,-1,1,-1
2015350080415,2,9,0,3,0,0,0,0,0,0,2,1,2,2,22,5,1248,1,2,-1,3,-1
2015350080515,1,9,0,5,0,6,0,0,0,0,4,1,6,2,27,6,-1,-1,-1,-1,2,-1
2015350080515,2,1,0,18,0,8,0,0,0,0,1,1,6,1,75,10,-1,-1,-1,-1,1,-1
2015350080715,1,19,0,18,0,0,0,0,0,0,1,1,3,1,37,7,1870,2,12,-1,1,-1
2015350081315,1,2,0,15,0,1,1,0,0,0,1,1,4,1,16,4,49,1,6,-1,3,-1
2015350081315,2,9,0,7,0,5,0,0,0,0,2,1,2,2,18,4,1396,1,13,-1,2,-1
2015350081415,1,9,0,12,0,8,0,0,0,0,3,1,2,2,19,4,1388,1,9,-1,1,-1
2015350081415,2,9,0,18,0,8,0,0,0,0,4,1,6,2,39,7,1999,1,1,-1,1,-1
2015350081515,1,21,4,18,0,6,0,0,0,0,4,1,1,1,34,6,11967,2,7,-1,1,-1
2015350081515,2,9,0,18,0,8,0,0,0,0,1,1,6,1,18,4,1995,2,8,-1,3,-1
2015350081615,1,9,0,18,0,8,0,0,1,0,3,1,2,1,53,8,998,1,18,-1,1,-1
2015350081615,2,9,0,9,0,6,0,0,1,0,4,1,6,1,57,9,1398,1,14,-1,1,-1
2015350081715,1,9,0,18,0,4,0,10,1,1,1,1,6,2,60,9,1360,1,13,-1,1,-1
2015350081815,1,19,0,2,6,0,0,0,0,0,3,1,6,2,60,9,1997,2,10,-1,-1,-1
2015350081815,2,11,0,5,8,0,0,0,0,0,4,1,1,2,30,6,6700,2,4,-1,-1,-1
2015350081915,1,9,0,18,0,8,0,0,0,0,1,1,6,2,30,6,1198,1,1,-1,-1,-1
2015350081915,2,9,0,9,0,5,0,0,0,0,2,1,6,2,27,6,1598,1,12,-1,1,-1
2015350082015,1,1,0,18,0,0,0,0,0,0,3,1,6,2,61,9,-1,-1,-1,-1,1,-1
2015350082015,2,9,0,13,0,0,0,0,0,0,4,1,6,1,-1,-1,1997,2,6,-1,-1,-1
2015350082115,1,1,0,18,0,8,0,0,0,0,4,1,6,1,38,7,-1,-1,-1,-1,2,-1
2015350082115,2,9,0,5,0,4,0,0,0,0,1,1,6,1,-1,-1,1598,1,1,-1,1,-1
2015350082215,1,9,0,7,0,4,0,0,0,0,3,1,6,1,33,6,1497,8,10,-1,2,-1
2015350082215,2,1,0,18,0,8,0,0,0,0,2,1,6,1,56,9,-1,-1,-1,-1,1,-1
2015350082315,1,9,0,7,0,4,1,0,0,0,3,1,2,1,43,7,1248,2,7,-1,-1,-1
2015350082315,2,1,0,18,0,8,0,0,0,0,1,1,6,1,56,9,-1,-1,-1,-1,1,-1
2015350082415,1,9,0,18,0,8,1,0,0,0,1,1,1,1,24,5,-1,-1,-1,-1,1,-1
2015350082415,2,9,0,10,0,1,0,0,0,0,1,1,1,1,47,8,2996,1,9,-1,1,-1
2015350082415,3,9,0,9,0,6,0,0,0,0,3,1,6,2,20,4,998,1,11,-1,3,-1
2015350082515,1,9,0,18,0,0,0,0,0,0,3,1,6,1,-1,-1,-1,-1,-1,-1,-1,-1
2015350082615,1,9,0,9,0,5,0,0,0,0,4,1,6,3,-1,-1,2148,2,7,-1,-1,-1
2015350082615,2,1,0,18,0,8,0,0,0,0,1,1,6,1,20,4,-1,-1,-1,-1,1,-1
2015350082715,1,21,1,12,0,0,0,0,0,0,1,2,1,1,42,7,-1,-1,-1,-1,-1,-1
2015350082715,2,9,0,13,0,0,0,0,0,6,2,1,6,2,64,9,999,1,1,-1,2,-1
2015350082815,1,9,0,9,0,8,0,0,0,0,4,1,6,1,66,10,1995,2,1,-1,1,-1
2015350082815,2,9,0,18,0,8,0,0,0,0,1,1,6,1,73,10,1388,1,5,-1,2,-1
2015350082915,1,19,0,13,0,1,0,0,0,0,4,1,6,3,-1,-1,2402,2,4,-1,-1,-1
2015350082915,2,1,0,18,0,1,0,0,0,0,3,1,6,2,66,10,-1,-1,-1,-1,1,-1
2015350083015,1,9,0,18,0,3,0,9,0,1,1,1,6,2,44,7,1796,1,8,-1,2,-1
2015350083015,2,9,0,3,0,1,0,0,0,0,1,1,6,2,20,4,1242,1,6,-1,1,-1
2015350083115,1,9,0,9,0,6,0,0,0,0,1,2,6,1,36,7,-1,-1,-1,-1,-1,-1
2015350083115,2,9,0,18,0,8,1,0,1,9,4,1,6,2,46,8,1598,1,8,-1,2,-1
2015350083215,1,9,0,18,0,6,0,0,0,0,1,1,6,1,48,8,1997,2,10,-1,2,-1
2015350083215,2,9,0,18,0,8,5,0,1,0,2,1,6,1,47,8,1599,1,12,-1,3,-1
2015350085415,1,11,0,4,0,0,0,0,0,0,0,1,1,1,44,7,6700,2,4,-1,1,-1
2015350085515,1,9,0,18,0,7,1,0,2,6,1,1,6,2,51,8,1998,1,12,-1,1,-1
2015350085515,2,9,0,4,0,7,0,0,0,0,2,1,1,2,51,8,1360,1,6,-1,1,-1
2015350085615,1,9,0,17,0,0,1,10,7,9,1,1,6,2,39,7,1560,2,9,-1,2,-1
2015350085715,1,9,0,18,0,0,0,0,0,0,1,1,6,3,-1,-1,-1,-1,-1,-1,-1,-1
2015350085715,2,1,0,4,0,0,0,0,0,0,2,1,6,2,13,3,-1,-1,-1,-1,3,-1
2015350085815,1,9,0,4,0,0,0,0,0,0,1,1,6,1,19,4,1587,1,12,-1,2,-1
2015350085815,2,9,0,4,0,0,0,0,0,0,2,1,6,2,32,6,1781,1,12,-1,2,-1
2015350085915,1,9,0,18,0,1,1,0,0,0,1,1,6,1,40,7,-1,-1,-1,-1,-1,-1
2015350085915,2,9,0,3,0,1,0,0,0,0,2,1,6,2,37,7,1896,2,13,-1,1,-1
2015350086015,1,9,0,18,0,1,0,0,0,0,1,1,2,2,22,5,1399,2,11,-1,3,-1
2015350086015,2,9,0,10,0,1,0,0,0,0,2,1,2,2,22,5,1242,1,13,-1,1,-1
2015350086115,1,3,0,18,0,8,0,0,0,0,0,1,1,1,21,5,124,1,1,-1,3,-1
2015350086215,1,9,0,9,0,5,0,0,0,0,4,1,1,1,37,7,1560,2,1,-1,1,-1
2015350086215,2,9,0,18,0,8,0,0,0,0,3,1,6,2,32,6,1870,2,12,-1,2,-1
2015350086315,1,21,1,18,0,8,0,0,0,0,1,1,6,1,47,8,-1,-1,-1,-1,2,-1
2015350086315,2,21,1,4,0,8,0,0,0,0,2,1,6,1,35,6,-1,-1,-1,-1,-1,-1
2015350086415,1,19,0,18,0,1,0,0,0,0,1,1,6,3,-1,-1,-1,-1,-1,-1,-1,-1
2015350086415,2,9,0,3,0,1,0,0,0,0,2,1,2,2,31,6,1896,2,10,-1,1,-1
2015350086415,3,9,0,3,0,1,0,0,0,0,2,1,2,1,49,8,1598,1,8,-1,2,-1
2015350086415,4,9,0,3,0,1,0,0,0,0,2,1,2,1,48,8,-1,-1,-1,-1,1,-1
2015350086515,1,9,0,9,0,5,0,0,0,0,1,1,6,2,50,8,1796,1,13,-1,-1,-1
2015350086515,2,1,0,18,0,8,0,0,0,0,1,1,6,1,17,4,-1,-1,-1,-1,1,-1
2015350086615,1,9,0,9,0,5,0,0,0,0,1,1,6,2,74,10,1598,1,4,-1,1,-1
2015350086615,2,1,0,18,4,8,0,0,1,0,1,1,2,1,56,9,-1,-1,-1,-1,2,-1
2015350086715,1,19,0,5,5,6,0,0,0,0,1,1,1,1,28,6,1598,2,1,-1,-1,-1
2015350086715,2,1,0,18,5,8,0,0,0,0,3,1,6,2,28,6,-1,-1,-1,-1,1,-1
2015350086815,1,9,0,2,0,0,0,0,0,0,3,1,6,1,-1,-1,-1,-1,-1,-1,-1,-1
2015350086815,2,1,0,14,0,0,0,8,0,0,1,1,6,1,64,9,-1,-1,-1,-1,1,-1
2015350086915,1,9,0,1,0,8,0,0,0,0,4,1,6,2,25,5,-1,-1,-1,-1,1,-1
2015350086915,2,1,0,18,0,8,0,0,0,0,1,1,6,1,53,8,-1,-1,-1,-1,1,-1
2015350087015,1,9,0,5,0,6,0,0,0,0,1,1,2,2,26,6,1397,1,12,-1,-1,-1
2015350087015,2,1,0,18,0,8,0,0,0,0,1,1,2,1,31,6,-1,-1,-1,-1,1,-1
2015350087115,1,9,0,4,0,0,0,0,0,0,1,1,6,1,40,7,1591,1,6,-1,1,-1
2015350087115,2,9,0,3,0,0,0,0,0,0,2,1,6,1,55,8,1905,2,18,-1,2,-1
2015350087315,1,9,0,18,0,1,0,0,0,0,1,1,6,2,25,5,1390,1,4,-1,1,-1
2015350087315,2,9,0,4,0,1,0,0,0,0,2,1,6,2,39,7,1248,2,5,-1,3,-1
2015350087415,1,9,0,4,0,1,0,0,0,0,1,1,6,1,21,5,1896,2,10,-1,1,-1
2015350087415,2,9,0,3,0,1,0,0,0,0,2,1,6,2,58,9,1560,2,-1,-1,1,-1
2015350087515,1,9,0,1,0,8,0,0,0,0,2,1,6,2,-1,-1,2324,1,12,-1,1,-1
2015350087515,2,9,0,5,0,6,0,0,0,0,1,1,6,1,34,6,1588,1,10,-1,1,-1
2015350087615,1,21,0,18,0,0,0,0,0,0,1,1,6,1,49,8,8867,2,6,-1,2,-1
2015350087615,2,9,0,4,0,0,0,0,0,0,2,1,6,1,36,7,1896,2,16,-1,1,-1
2015350087615,3,21,0,4,0,0,0,0,0,0,2,1,6,1,44,7,11705,2,6,-1,1,-1
2015350087715,1,9,4,9,0,5,0,0,0,0,1,1,1,1,60,9,-1,-1,-1,-1,3,-1
2015350087715,2,5,0,14,0,8,0,0,0,9,1,1,6,1,24,5,599,1,9,-1,3,-1
2015350087715,3,9,0,18,0,8,0,0,0,0,1,1,6,2,35,6,-1,-1,-1,-1,1,-1
2015350087815,1,9,0,9,0,6,0,0,0,0,1,1,6,1,79,11,995,1,10,-1,2,-1
2015350087815,2,9,0,18,0,8,0,0,7,0,1,1,6,1,28,6,1796,1,13,-1,1,-1
2015350088015,1,9,0,3,0,0,0,0,0,0,2,1,2,2,25,5,-1,-1,-1,-1,1,-1
2015350088015,2,9,0,3,0,0,0,0,0,0,2,1,2,2,52,8,2393,1,11,-1,1,-1
2015350088015,3,9,0,3,0,0,0,0,0,0,2,1,2,2,26,6,1598,1,11,-1,1,-1
2015350088015,4,9,0,3,0,0,0,0,0,0,2,1,2,2,29,6,1596,1,6,-1,1,-1
2015350088015,5,9,0,18,0,0,0,0,0,0,1,1,2,1,28,6,1796,1,17,-1,1,-1
2015350088015,6,9,0,18,0,0,0,0,0,0,1,1,6,2,26,6,-1,-1,-1,-1,1,-1
2015350088115,1,5,0,4,0,0,1,0,0,0,0,1,6,1,47,8,1050,1,10,-1,2,-1
2015350088215,1,9,0,18,0,8,0,0,0,0,3,1,2,1,42,7,1587,1,10,-1,3,-1
2015350088215,2,1,0,18,0,8,0,0,0,0,1,1,2,2,34,6,-1,-1,-1,-1,3,-1
2015350088315,1,5,0,18,0,0,0,0,0,0,1,1,1,1,80,11,1340,1,7,-1,1,-1
2015350088315,2,9,0,18,0,0,0,0,0,0,3,1,6,1,45,7,1796,1,14,-1,2,-1
2015350088415,1,9,0,9,0,5,0,0,0,0,1,1,2,2,54,8,1560,2,5,-1,1,-1
2015350088415,2,9,0,13,0,1,0,0,1,0,1,1,6,2,45,7,1248,2,7,-1,1,-1
2015350088415,3,9,0,2,0,1,0,0,0,0,2,1,6,3,-1,-1,1149,1,14,-1,1,-1
2015350088415,4,9,0,2,0,1,0,0,0,0,2,1,6,3,-1,-1,1388,1,18,-1,1,-1
2015350088715,1,9,0,18,0,6,0,0,0,0,1,1,6,1,37,7,1396,1,1,-1,1,-1
2015350088715,2,9,0,18,0,8,0,0,0,0,1,1,6,2,56,9,1995,2,10,-1,3,-1
2015350088815,1,9,0,9,0,5,0,0,0,0,3,1,1,2,26,6,1390,1,12,-1,1,-1
2015350088815,2,5,0,18,0,8,2,0,0,0,1,1,6,1,40,7,1043,1,1,-1,2,-1
2015350089015,1,9,0,18,0,8,0,0,7,0,1,1,2,1,45,7,-1,-1,-1,-1,3,-1
2015350089015,2,9,0,9,0,6,0,0,0,0,3,1,2,2,28,6,1388,1,5,-1,1,-1
2015350089115,1,9,0,18,0,6,0,0,3,9,1,1,6,1,50,8,1998,2,11,-1,1,-1
2015350089215,1,9,0,16,0,0,1,0,0,0,1,1,6,1,26,6,1753,2,9,-1,1,-1
2015350089215,2,9,0,2,0,0,0,0,0,0,2,1,6,3,-1,-1,1686,2,11,-1,1,-1
2015350089215,3,9,0,2,0,0,0,0,0,0,3,1,6,1,39,7,1560,2,4,-1,1,-1
2015350089215,4,9,0,2,0,0,0,0,1,10,4,1,6,1,33,6,1390,1,9,-1,1,-1
2015350089215,5,9,0,2,0,0,0,0,0,0,2,1,6,2,31,6,1796,1,16,-1,1,-1
2015350089215,6,9,0,2,0,0,0,0,0,0,2,1,6,2,66,10,1299,1,11,-1,1,-1
2015350089315,1,19,0,17,0,8,1,0,0,0,1,1,1,1,27,6,-1,-1,-1,-1,3,-1
2015350089315,2,17,0,16,0,1,1,0,0,0,1,1,1,1,31,6,-1,-1,-1,-1,-1,-1
2015350089415,1,9,0,4,0,0,0,0,0,0,2,1,1,2,50,8,998,1,14,-1,3,-1