Accident_Index,Vehicle_Reference,Vehicle_Type,Towing_and_Articulation,Vehicle_Manoeuvre,Vehicle_Location-Restricted_Lane,Junction_Location,Skidding_and_Overturning,Hit_Object_in_Carriageway,Vehicle_Leaving_Carriageway,Hit_Object_off_Carriageway,1st_Point_of_Impact,Was_Vehicle_Left_Hand_Drive?,Journey_Purpose_of_Driver,Sex_of_Driver,Age_of_Driver,Age_Band_of_Driver,Engine_Capacity_(CC),Propulsion_Code,Age_of_Vehicle,Driver_IMD_Decile,Driver_Home_Area_Type,Vehicle_IMD_Decile
2015350089415,2,9,0,18,0,0,0,0,0,0,2,1,1,2,19,4,1248,2,6,-1,3,-1
2015350089415,3,9,0,18,0,0,0,0,0,0,2,1,1,1,45,7,1560,2,4,-1,3,-1
2015350089415,4,19,0,18,0,0,0,0,0,0,2,1,1,1,45,7,-1,-1,-1,-1,2,-1
2015350089415,5,9,0,18,0,0,0,0,0,0,1,1,6,2,35,6,1596,1,10,-1,2,-1
2015350089415,6,9,0,2,0,0,0,0,0,0,0,1,6,2,-1,-1,-1,-1,-1,-1,-1,-1
2015350089515,1,9,0,16,0,0,5,0,1,9,1,1,1,1,27,6,-1,-1,-1,-1,2,-1
2015350089615,1,8,0,7,0,5,0,0,0,0,4,1,1,1,40,7,2664,2,12,-1,1,-1
2015350089615,2,1,0,18,4,8,0,0,0,0,3,1,6,1,16,4,-1,-1,-1,-1,1,-1
2015350089715,1,19,0,3,0,1,0,0,0,0,2,1,2,1,47,8,2198,2,3,-1,3,-1
2015350089715,2,9,0,3,0,1,0,0,0,0,2,1,6,2,46,8,1560,2,4,-1,-1,-1
2015350089715,3,19,0,18,0,1,0,0,0,0,1,1,1,1,49,8,4461,2,3,-1,3,-1
2015350089815,1,9,0,18,0,1,0,0,0,0,1,1,6,1,80,11,2143,2,1,-1,3,-1
2015350089815,2,9,0,4,0,1,0,0,0,0,2,1,6,2,61,9,1248,2,6,-1,3,-1
2015350089915,1,9,0,5,0,4,0,0,0,0,3,1,6,2,84,11,1390,1,9,-1,2,-1
2015350089915,2,5,0,18,0,8,2,0,0,0,1,1,2,1,49,8,999,1,1,-1,1,-1
2015350090015,1,9,0,5,0,4,0,0,0,0,1,1,6,1,39,7,2987,2,7,-1,-1,-1
2015350090015,2,1,0,9,0,8,0,0,0,0,3,1,1,2,34,6,-1,-1,-1,-1,1,-1
2015350090115,1,9,0,4,0,0,0,0,0,0,1,1,3,2,33,6,1242,1,5,-1,1,-1
2015350090215,1,9,0,9,0,6,0,0,0,0,4,1,6,1,17,4,1390,1,15,-1,1,-1
2015350090215,2,9,0,18,0,8,0,0,0,0,1,1,6,1,52,8,1794,1,12,-1,1,-1
2015350090315,1,19,0,18,0,0,0,0,0,0,4,1,2,1,41,7,2402,2,13,-1,1,-1
2015350090415,1,9,0,17,0,0,1,0,7,9,2,1,2,1,25,5,1349,1,11,-1,1,-1
2015350090415,2,9,0,13,0,0,0,0,0,0,1,1,6,3,-1,-1,-1,-1,-1,-1,-1,-1
2015350090515,1,9,0,7,0,5,0,0,0,0,4,1,6,1,34,6,1242,1,14,-1,1,-1
2015350090515,2,1,0,18,0,8,0,0,0,0,1,1,6,1,32,6,-1,-1,-1,-1,2,-1
2015350090615,1,20,0,17,0,0,5,10,1,3,4,1,1,1,39,7,4500,2,8,-1,1,-1
2015350090715,1,9,0,18,0,8,0,0,0,0,1,1,6,2,65,9,-1,-1,-1,-1,1,-1
2015350090715,2,9,0,18,0,8,0,0,0,0,1,1,6,2,40,7,1392,1,19,-1,3,-1
2015350090815,1,9,0,14,0,0,0,0,0,0,0,1,6,1,59,9,1582,2,1,-1,-1,-1
2015350090815,2,1,0,18,0,0,2,0,0,0,0,1,6,1,51,8,-1,-1,-1,-1,1,-1
2015350090915,1,9,0,18,0,0,0,0,4,6,1,1,6,2,40,7,1596,1,4,-1,1,-1
2015350090915,2,19,0,4,0,0,0,0,5,6,2,1,1,1,41,7,-1,-1,-1,-1,2,-1
2015350091015,1,8,0,3,0,0,0,0,0,0,1,1,1,1,31,6,1598,2,-1,-1,1,-1
2015350091015,2,1,0,18,0,0,0,0,0,0,3,1,4,1,7,2,-1,-1,-1,-1,1,-1
2015350091115,1,9,0,12,0,8,0,0,0,0,3,1,6,2,69,10,1781,1,16,-1,1,-1
2015350091115,2,21,0,18,0,8,0,0,0,0,1,1,1,1,47,8,12902,2,1,-1,1,-1
2015350091115,3,9,0,18,0,8,0,0,0,0,3,1,6,1,63,9,2400,2,1,-1,1,-1
2015350091215,1,9,0,18,0,1,0,0,0,0,1,1,6,2,41,7,1149,1,12,-1,1,-1
2015350091215,2,9,0,3,0,1,0,0,0,0,2,1,6,1,46,8,1332,1,16,-1,1,-1
2015350091315,1,9,0,5,0,0,0,0,0,0,1,1,6,1,-1,-1,1686,2,13,-1,-1,-1
2015350091315,2,9,0,18,0,0,0,0,0,0,4,1,6,1,45,7,1598,1,14,-1,-1,-1
2015350091315,3,9,0,2,0,0,0,0,0,0,1,1,6,1,-1,-1,1390,1,12,-1,-1,-1
2015350091415,1,9,0,9,0,5,0,0,0,0,4,1,6,1,-1,-1,2171,1,11,-1,1,-1
2015350091415,2,1,0,18,0,8,0,0,0,0,1,1,6,2,29,6,-1,-1,-1,-1,1,-1
2015350091515,1,9,0,9,0,4,0,0,0,0,1,1,2,1,40,7,1999,1,9,-1,1,-1
2015350091515,2,4,0,18,0,4,0,0,0,0,4,1,2,1,41,7,125,1,2,-1,2,-1
2015350091615,1,9,0,9,0,6,0,0,0,0,2,1,6,1,66,10,1796,1,14,-1,1,-1
2015350091615,2,9,0,18,0,8,0,0,0,0,1,1,6,1,39,7,1984,1,10,-1,2,-1
2015350091715,1,19,0,6,0,0,0,0,0,0,3,1,1,2,41,7,2143,2,2,-1,1,-1
2015350091715,2,19,0,18,0,0,0,0,0,0,4,1,1,1,52,8,1598,2,-1,-1,1,-1
2015350091815,1,1,0,18,9,0,0,0,0,0,1,1,6,1,25,5,-1,-1,-1,-1,-1,-1
2015350091915,1,9,0,7,0,5,0,0,0,0,3,1,6,2,22,5,1248,1,2,-1,1,-1
2015350091915,2,1,0,18,0,8,0,0,0,0,4,1,6,2,35,6,-1,-1,-1,-1,2,-1
2015350092015,1,11,0,18,0,0,0,0,0,0,0,1,1,1,61,9,3900,2,9,-1,1,-1
2015350092115,1,9,0,18,0,0,1,0,0,6,1,1,6,2,21,5,1229,1,2,-1,-1,-1
2015350092215,1,1,0,18,0,8,0,0,0,0,1,1,6,1,43,7,-1,-1,-1,-1,1,-1
2015350092215,2,9,0,9,0,5,0,0,0,0,1,1,6,2,24,5,1198,1,1,-1,1,-1
2015350092315,1,9,0,16,0,0,1,7,7,1,1,1,6,1,23,5,2497,2,13,-1,1,-1
2015350092415,1,9,0,18,0,8,0,0,0,0,1,1,6,2,70,10,1997,2,9,-1,1,-1
2015350092415,2,1,0,18,0,8,0,0,0,0,2,1,2,2,40,7,-1,-1,-1,-1,1,-1
2015350092515,1,9,0,5,0,6,0,0,0,0,1,1,2,1,-1,-1,1679,1,13,-1,3,-1
2015350092515,2,1,0,18,0,8,0,0,0,0,4,1,6,1,72,10,-1,-1,-1,-1,2,-1
2015350092615,1,9,0,18,0,0,0,0,1,0,1,1,6,1,34,6,-1,-1,-1,-1,3,-1
2015350092615,2,21,0,18,0,0,1,0,0,0,1,1,1,1,50,8,-1,-1,-1,-1,3,-1
2015350092715,1,9,0,18,0,6,0,0,0,0,3,1,6,1,46,8,2179,2,4,-1,2,-1
2015350092715,2,4,0,18,0,8,1,0,0,0,1,1,2,1,22,5,398,1,14,-1,1,-1
2015350092815,1,9,0,13,0,0,0,0,0,0,1,1,2,1,20,4,1360,1,15,-1,3,-1
2015350092815,2,9,0,18,0,0,0,0,0,0,1,1,2,2,40,7,1796,1,15,-1,3,-1
2015350092915,1,11,0,4,0,1,0,0,0,0,0,1,1,1,24,5,6700,2,4,-1,1,-1
2015350093015,1,9,0,7,0,1,0,0,0,0,1,1,1,1,32,6,1582,2,1,-1,-1,-1
2015350093015,2,90,0,17,0,1,5,0,0,0,3,1,2,2,37,7,-1,-1,-1,-1,1,-1
2015350093115,1,9,0,9,0,6,0,0,0,0,4,1,6,1,81,11,1798,1,8,-1,2,-1
2015350093115,2,1,0,17,0,1,5,0,0,0,1,1,6,2,29,6,-1,-1,-1,-1,2,-1
2015350093215,1,9,0,8,0,1,0,0,0,0,1,1,6,2,47,8,1399,2,11,-1,2,-1
2015350093215,2,1,0,18,0,1,0,4,0,0,1,1,6,1,17,4,-1,-1,-1,-1,2,-1
2015350093315,1,19,0,12,0,6,0,0,0,0,3,1,6,1,32,6,2198,2,1,-1,1,-1
2015350093315,2,1,0,9,0,6,0,0,0,0,4,1,6,1,78,11,-1,-1,-1,-1,1,-1
2015350093415,1,9,0,5,0,4,0,0,0,0,3,1,6,1,66,10,1686,2,2,-1,1,-1
2015350093415,2,1,0,7,0,8,0,0,0,0,3,1,6,1,58,9,-1,-1,-1,-1,1,-1
2015350093515,1,9,0,9,0,6,0,0,1,10,3,1,1,2,32,6,1242,1,5,-1,3,-1
2015350093515,2,9,0,18,0,8,0,0,0,0,1,1,1,2,50,8,2179,2,-1,-1,1,-1
2015350093615,1,9,0,18,0,1,0,0,0,0,1,1,2,1,32,6,-1,-1,-1,-1,-1,-1
2015350093615,2,1,0,10,0,1,0,0,0,0,2,1,2,1,18,4,-1,-1,-1,-1,1,-1
2015350093715,1,9,0,9,0,5,1,0,0,0,1,1,6,1,34,6,1248,2,7,-1,1,-1
2015350093715,2,9,0,4,0,1,0,0,0,0,1,1,6,1,19,4,-1,-1,-1,-1,1,-1
2015350093815,1,9,0,9,0,5,0,0,0,0,0,1,6,3,-1,-1,-1,-1,-1,-1,-1,-1
2015350093815,2,3,0,18,0,1,1,0,0,0,4,1,2,1,26,6,124,1,21,-1,3,-1
2015350093915,1,9,0,4,0,1,0,0,0,0,0,1,6,2,26,6,1995,2,8,-1,1,-1
2015350093915,2,9,0,14,0,6,0,0,0,0,3,1,6,1,23,5,1956,2,6,-1,1,-1
2015350093915,3,9,0,17,0,8,0,0,0,0,4,1,1,2,41,7,1560,2,9,-1,1,-1
2015350094015,1,9,0,18,0,8,5,9,0,10,1,1,6,2,37,7,1364,1,10,-1,1,-1
2015350094015,2,10,0,4,0,4,0,0,0,0,1,1,1,1,32,6,-1,-1,-1,-1,1,-1
2015350094115,1,19,0,16,0,0,0,0,1,7,1,1,1,1,32,6,2148,2,8,-1,1,-1
2015350094115,2,9,0,17,0,0,0,0,7,7,1,1,6,1,49,8,1968,2,9,-1,1,-1
2015350094215,1,8,0,7,0,6,0,0,0,0,3,1,1,1,44,7,2402,2,9,-1,1,-1
2015350094215,2,9,0,18,0,1,0,0,0,0,1,1,2,1,28,6,2996,1,7,-1,1,-1
2015350094315,1,21,0,18,0,0,0,0,0,0,1,1,1,1,62,9,11021,2,13,-1,3,-1
2015350094315,2,9,0,4,0,0,0,0,0,0,2,1,6,1,21,5,2496,2,14,-1,2,-1
2015350094415,1,1,0,5,9,0,0,0,0,0,1,1,4,2,8,2,-1,-1,-1,-1,1,-1
2015350094415,2,9,0,5,0,0,0,0,0,0,1,1,2,1,59,9,2967,1,13,-1,1,-1
2015350094515,1,9,0,9,0,5,0,0,0,0,4,1,6,2,43,7,-1,-1,-1,-1,1,-1
2015350094515,2,1,0,18,0,8,0,0,0,0,1,1,6,1,30,6,-1,-1,-1,-1,-1,-1
2015350094615,1,9,0,17,0,0,1,0,8,9,1,1,6,2,48,8,1587,1,12,-1,2,-1
2015350094715,1,9,0,16,0,7,1,0,1,9,2,1,6,2,19,4,1493,1,17,-1,1,-1
2015350094915,1,21,1,17,0,8,5,0,0,0,4,1,1,1,43,7,12882,2,4,-1,1,-1
2015350095015,1,19,0,18,0,8,0,0,0,0,4,1,1,1,31,6,2151,2,14,-1,1,-1
2015350095015,2,1,0,18,0,6,0,0,0,0,1,1,6,1,11,3,-1,-1,-1,-1,-1,-1
2015350095115,1,1,0,13,0,8,0,0,0,0,1,1,6,1,16,4,-1,-1,-1,-1,1,-1
2015350095115,2,1,0,9,0,5,0,0,0,0,3,1,6,2,64,9,-1,-1,-1,-1,1,-1
2015350095315,1,9,0,9,0,5,0,0,0,0,3,1,2,1,24,5,2143,2,5,-1,2,-1
2015350095315,2,1,0,18,0,8,0,0,0,0,3,1,6,1,72,10,-1,-1,-1,-1,1,-1
2015350095415,1,19,0,9,0,6,0,0,0,0,3,1,1,1,17,4,1968,2,1,-1,1,-1
2015350095415,2,3,0,18,0,8,5,0,0,0,1,1,6,1,22,5,124,1,2,-1,-1,-1
2015350095515,1,9,0,4,0,0,0,0,0,0,0,1,6,3,-1,-1,-1,-1,-1,-1,-1,-1
2015350095515,2,21,0,4,0,0,0,0,0,0,2,1,1,1,40,7,8970,2,14,-1,3,-1
2015350095515,3,9,0,4,0,0,0,0,0,0,2,1,1,1,30,6,1596,1,11,-1,2,-1
2015350095515,4,5,0,4,0,0,0,0,0,0,1,1,1,1,40,7,670,1,2,-1,3,-1
2015350095715,1,9,0,7,0,3,2,0,0,0,3,1,6,2,59,9,1328,1,11,-1,1,-1
2015350095715,2,9,0,4,0,1,0,0,0,0,3,1,6,1,78,11,1796,1,12,-1,3,-1
2015350095715,3,9,0,4,0,1,0,0,0,0,1,1,6,2,52,8,-1,-1,-1,-1,1,-1
2015350095915,1,9,4,18,0,0,0,0,0,0,1,1,6,1,40,7,2495,2,22,-1,3,-1
2015350095915,2,9,0,4,0,0,0,0,0,0,2,1,6,1,53,8,-1,-1,-1,-1,1,-1
2015350095915,3,9,0,4,0,0,0,0,0,0,2,1,6,1,60,9,1598,2,-1,-1,-1,-1
2015350095915,4,9,0,4,0,0,0,0,0,0,1,1,6,1,55,8,1984,1,7,-1,1,-1
2015350096015,1,9,0,3,0,0,0,0,0,0,2,1,6,1,18,4,998,1,10,-1,3,-1
2015350096015,2,1,0,18,0,0,0,0,0,0,1,1,6,1,22,5,-1,-1,-1,-1,3,-1
2015350096115,1,9,0,9,0,4,0,0,0,0,1,1,6,1,61,9,1198,1,3,-1,3,-1
2015350096115,2,1,0,18,0,8,0,0,0,0,1,1,6,2,30,6,-1,-1,-1,-1,1,-1
2015350096215,1,21,1,18,0,0,0,0,0,0,1,1,1,1,64,9,-1,-1,-1,-1,1,-1
2015350096215,2,19,0,2,6,0,0,0,0,0,2,1,1,1,53,8,2198,2,4,-1,3,-1
2015350096315,1,3,0,18,0,0,1,10,1,10,1,1,2,1,17,4,124,1,8,-1,3,-1
2015350096415,1,9,0,9,0,6,0,0,0,0,2,1,6,2,18,4,998,1,15,-1,1,-1
2015350096415,2,9,0,18,0,2,0,0,0,0,1,1,2,1,24,5,1199,1,13,-1,1,-1
2015350096515,1,9,0,5,0,0,0,0,0,0,1,1,6,2,37,7,1360,1,10,-1,1,-1
2015350096515,2,1,0,18,0,0,0,0,0,0,3,1,6,1,3,1,-1,-1,-1,-1,1,-1
2015350096615,1,9,0,4,0,1,0,0,0,0,1,1,2,1,63,9,-1,-1,-1,-1,1,-1
2015350096615,2,9,0,4,0,1,0,0,0,0,2,1,2,1,52,8,996,1,3,-1,2,-1
2015350096715,1,5,0,9,0,5,0,0,0,0,3,1,6,1,40,7,535,1,21,-1,1,-1
2015350096715,2,9,0,4,0,1,0,0,0,0,3,1,2,1,41,7,1598,1,15,-1,1,-1
2015350096815,1,2,0,17,0,0,0,0,0,0,3,1,6,1,16,4,49,1,7,-1,1,-1
2015350096915,1,4,0,14,0,2,0,0,0,0,4,1,6,1,21,5,124,1,6,-1,2,-1
2015350096915,2,9,0,2,0,1,0,0,0,0,4,1,6,1,24,5,2400,2,6,-1,3,-1
2015350097015,1,9,0,16,0,0,1,0,1,10,3,1,6,1,20,4,-1,-1,-1,-1,1,-1
2015350097115,1,9,0,9,0,6,0,0,0,0,0,1,6,1,71,10,1598,1,6,-1,2,-1
2015350097115,2,3,0,18,0,8,0,0,0,0,3,1,6,1,66,10,124,1,6,-1,1,-1
2015350097215,1,1,0,18,0,8,0,0,0,0,2,1,2,1,18,4,-1,-1,-1,-1,2,-1
2015350097215,2,9,0,18,0,8,0,0,0,0,1,1,6,2,69,10,1493,2,5,-1,1,-1
2015350097315,1,9,0,18,0,7,5,0,0,6,3,1,6,1,47,8,1461,2,10,-1,1,-1
2015350097415,1,9,0,18,0,1,0,0,1,0,1,1,6,1,42,7,1968,2,-1,-1,1,-1
2015350097415,2,9,0,9,0,6,0,0,0,0,1,1,6,2,18,4,1199,1,13,-1,2,-1
2015350097515,1,9,0,13,0,0,0,0,0,0,1,1,2,1,21,5,1397,1,6,-1,-1,-1
2015350097515,2,1,0,18,0,0,0,0,0,0,2,1,6,2,47,8,-1,-1,-1,-1,1,-1
2015350097615,1,9,0,18,0,1,0,0,0,0,1,1,2,2,18,4,1390,1,12,-1,3,-1
2015350097615,2,9,0,3,0,1,0,0,0,0,2,1,6,2,42,7,1199,1,13,-1,1,-1
2015350097715,1,9,0,18,0,0,0,0,0,0,1,1,1,2,58,9,1995,2,2,-1,1,-1
2015350097715,2,9,0,3,0,0,0,0,0,0,2,1,1,2,47,8,1149,1,4,-1,1,-1
2015350097815,1,9,0,5,0,6,0,0,0,0,1,1,6,2,31,6,1398,1,4,-1,1,-1
2015350097815,2,8,0,18,0,8,0,0,0,0,4,1,6,1,64,9,2499,2,7,-1,1,-1
2015350097915,1,9,0,9,0,4,0,0,0,0,1,1,6,1,60,9,-1,-1,-1,-1,1,-1
2015350097915,2,9,0,9,0,4,0,0,0,0,3,1,6,2,25,5,1587,1,9,-1,1,-1
2015350098015,1,9,0,4,0,0,0,0,0,0,1,1,6,1,20,4,1388,1,12,-1,1,-1
2015350098015,2,9,0,4,0,0,0,0,0,0,2,1,2,2,37,7,1798,1,7,-1,2,-1
2015350098115,1,19,0,7,0,5,0,0,0,0,0,1,6,3,56,9,1753,2,4,-1,1,-1
2015350098115,2,1,0,18,0,8,5,0,0,0,0,1,6,2,33,6,-1,-1,-1,-1,1,-1
2015350098215,1,21,1,7,0,6,0,0,0,0,3,1,1,1,63,9,11946,2,8,-1,1,-1
2015350098215,2,3,0,18,0,8,0,0,0,0,0,1,2,1,54,8,-1,-1,-1,-1,1,-1
2015350098315,1,9,0,11,4,0,0,0,0,0,0,1,6,1,18,4,-1,-1,-1,-1,2,-1
2015350098315,2,90,0,18,0,0,0,0,0,0,0,1,1,1,30,6,2987,2,1,-1,3,-1
2015350098315,3,1,0,18,4,0,0,10,1,0,4,1,6,1,15,3,-1,-1,-1,-1,3,-1
2015350098415,1,19,0,18,0,2,0,0,0,0,4,1,1,1,52,8,2148,2,8,-1,2,-1
2015350098415,2,1,0,5,0,6,0,0,0,0,1,1,2,1,27,6,-1,-1,-1,-1,1,-1
2015350098515,1,9,0,18,0,5,0,0,0,0,4,1,6,3,-1,-1,-1,-1,-1,-1,-1,-1
2015350098515,2,1,0,18,0,5,0,0,0,0,3,1,1,1,29,6,-1,-1,-1,-1,1,-1
2015350098615,1,9,0,16,0,8,0,0,0,0,4,1,1,2,48,8,1991,2,9,-1,3,-1
2015350098615,2,9,0,9,0,1,0,0,0,0,1,1,1,1,57,9,2979,1,13,-1,1,-1
2015350098615,3,9,0,5,0,1,0,0,0,0,4,1,1,1,35,6,2402,2,6,-1,3,-1
2015350098715,1,9,0,9,0,6,0,0,0,0,1,1,6,2,47,8,1598,1,16,-1,1,-1
2015350098715,2,2,0,18,0,8,0,0,0,0,1,1,6,1,16,4,-1,-1,-1,-1,1,-1
2015350098815,1,1,0,18,9,8,0,0,0,0,2,1,6,1,16,4,-1,-1,-1,-1,1,-1
2015350098815,2,3,0,18,0,8,0,0,0,0,1,1,6,1,22,5,124,1,2,-1,1,-1
2015350098915,1,9,0,9,0,5,0,0,0,0,1,1,4,2,40,7,2179,2,3,-1,1,-1
2015350098915,2,1,0,15,0,1,0,0,0,0,3,1,2,1,25,5,-1,-1,-1,-1,1,-1
2015350099015,1,21,0,4,0,0,0,0,0,0,1,1,1,1,42,7,3920,2,8,-1,1,-1
2015350099015,2,9,0,4,0,0,0,0,4,0,2,1,2,2,41,7,1461,2,7,-1,2,-1
2015350099115,1,9,0,18,0,2,0,0,0,0,1,1,6,1,-1,-1,-1,-1,-1,-1,-1,-1
2015350099215,1,9,0,7,0,5,0,0,0,0,4,1,6,2,73,10,-1,-1,-1,-1,1,-1
2015350099215,2,1,0,18,0,1,0,0,0,0,3,1,6,1,15,3,-1,-1,-1,-1,-1,-1
2015350099315,1,9,0,12,0,0,0,0,7,10,1,1,2,1,37,7,1797,8,4,-1,1,-1
2015350099415,1,9,0,13,0,1,0,0,0,0,4,1,6,1,23,5,1984,1,1,-1,1,-1
2015350099415,2,9,0,9,0,1,0,0,0,0,1,1,6,2,64,9,1598,1,4,-1,1,-1
2015350099515,1,21,1,18,0,8,5,10,7,0,4,1,1,1,39,7,12900,2,5,-1,1,-1
2015350099615,1,9,0,9,0,6,0,0,0,0,1,1,6,1,77,11,2967,1,15,-1,2,-1
2015350099615,2,9,0,18,0,8,2,0,1,4,4,1,6,2,19,4,-1,-1,-1,-1,3,-1
2015350099715,1,9,0,5,0,4,0,0,0,0,1,1,1,1,45,7,1360,1,9,-1,1,-1
2015350099715,2,9,0,9,0,3,0,0,0,0,1,1,1,1,24,5,1896,2,15,-1,1,-1
2015350099815,1,9,0,16,0,0,1,0,7,9,1,1,6,2,40,7,1587,1,16,-1,3,-1
2015350099915,1,9,0,4,0,1,0,0,0,0,1,1,2,1,41,7,1598,1,7,-1,1,-1
2015350099915,2,9,0,10,0,1,0,0,0,0,2,1,6,1,17,4,1248,1,2,-1,1,-1
2015350100015,1,9,0,7,0,4,0,0,0,0,1,1,6,2,36,7,1397,1,16,-1,1,-1
2015350100015,2,9,0,18,0,8,0,0,0,0,4,1,6,1,36,7,2993,2,7,-1,1,-1
2015350100115,1,4,0,17,0,2,0,0,0,0,3,1,1,2,22,5,125,1,-1,-1,1,-1
2015350100315,1,9,0,4,0,0,0,0,0,0,1,1,6,1,55,8,-1,-1,-1,-1,1,-1
2015350100315,2,9,0,3,0,0,0,0,0,0,2,1,6,1,60,9,1781,1,14,-1,1,-1
2015350100415,1,1,0,18,0,4,0,0,0,0,3,1,4,1,14,3,-1,-1,-1,-1,1,-1
2015350100415,2,9,0,3,0,4,0,0,0,0,1,1,6,2,34,6,1360,1,11,-1,1,-1
2015350100515,1,9,0,9,0,8,0,0,0,0,1,1,1,1,48,8,-1,-1,-1,-1,3,-1
2015350100715,1,5,0,4,0,0,0,0,0,0,4,1,6,1,57,9,865,1,6,-1,1,-1
2015350100815,1,9,0,18,0,1,0,0,0,0,4,1,2,1,30,6,2204,2,8,-1,1,-1
2015350100815,2,1,0,18,0,1,0,0,0,0,1,1,6,2,-1,-1,-1,-1,-1,-1,1,-1
2015350100915,1,9,0,7,0,6,0,0,0,0,1,1,6,1,29,6,1995,2,2,-1,1,-1
2015350100915,2,9,0,9,0,5,0,0,0,0,3,1,6,1,36,7,998,1,15,-1,1,-1
2015350101015,1,9,0,18,0,1,0,0,0,0,1,1,6,1,21,5,-1,-1,-1,-1,-1,-1
2015350101015,2,9,0,3,0,1,0,0,0,0,2,1,6,1,45,7,1086,1,7,-1,1,-1
2015350101115,1,9,0,1,0,1,0,0,0,0,2,1,6,1,30,6,1896,2,15,-1,1,-1
2015350101115,2,9,0,10,0,1,0,0,0,0,1,1,1,2,38,7,1124,1,11,-1,1,-1
2015350101315,1,19,0,4,0,1,0,0,0,0,1,1,1,1,42,7,-1,-1,-1,-1,-1,-1
2015350101315,2,9,0,3,0,1,0,0,0,0,2,1,2,2,47,8,1896,2,14,-1,2,-1
2015350101415,1,9,0,18,0,1,0,0,0,0,4,1,2,2,24,5,1398,2,12,-1,1,-1
2015350101615,1,9,0,16,0,0,0,0,0,0,1,1,2,2,24,5,1242,1,8,-1,2,-1
2015350101615,2,9,0,4,0,0,0,0,0,0,2,1,2,2,22,5,998,1,12,-1,1,-1
2015350101715,1,9,3,11,0,0,0,0,0,0,4,1,6,1,54,8,1798,2,5,-1,1,-1
2015350101715,2,1,0,18,0,0,0,0,0,0,3,1,6,1,53,8,-1,-1,-1,-1,3,-1
2015350101815,1,9,0,5,0,8,0,0,0,0,4,1,6,1,70,10,1968,2,3,-1,2,-1
2015350101815,2,1,0,5,0,8,0,0,0,0,3,1,6,1,23,5,-1,-1,-1,-1,3,-1
2015350101915,1,1,0,18,0,0,0,0,0,0,1,1,6,2,32,6,-1,-1,-1,-1,-1,-1
2015350102015,1,3,0,7,0,6,0,0,0,0,0,1,6,1,35,6,109,1,2,-1,1,-1
2015350102115,1,9,0,4,0,0,1,0,0,0,1,1,6,1,32,6,2967,1,8,-1,-1,-1
2015350102115,2,9,0,4,0,0,0,0,0,0,2,1,6,1,43,7,-1,-1,-1,-1,2,-1
2015350102215,1,9,0,13,0,0,1,0,1,4,2,1,6,1,36,7,3498,1,7,-1,-1,-1
2015350102315,1,9,0,16,0,0,0,0,7,9,3,1,6,1,24,5,1896,2,13,-1,2,-1
2015350102415,1,3,0,13,0,8,0,0,0,0,1,1,6,1,-1,-1,124,1,13,-1,-1,-1
2015350102415,2,9,0,9,0,5,0,0,0,0,3,1,6,1,23,5,1596,1,8,-1,1,-1
2015350102515,1,9,0,2,0,0,0,0,0,0,3,1,1,1,29,6,1997,2,11,-1,1,-1
2015350102515,2,1,0,18,0,0,1,8,0,0,4,1,6,1,16,4,-1,-1,-1,-1,1,-1
2015350102615,1,9,0,1,0,0,0,0,0,0,4,1,1,1,67,10,1198,1,4,-1,1,-1
2015350102715,1,2,0,4,0,0,1,0,0,0,1,1,6,2,40,7,996,1,18,-1,3,-1
2015350102715,2,3,0,4,0,0,0,0,0,0,4,1,6,2,40,7,899,1,15,-1,1,-1
2015350102815,1,9,0,16,0,0,0,0,0,0,1,1,6,1,64,9,1598,1,10,-1,1,-1
2015350102815,2,9,3,17,0,0,0,0,0,0,1,1,6,2,31,6,-1,-1,-1,-1,1,-1
2015350102915,1,9,0,14,0,1,0,0,0,0,1,1,1,1,46,8,-1,-1,-1,-1,1,-1
2015350102915,2,9,0,9,0,5,0,0,0,10,3,1,6,1,61,9,-1,-1,-1,-1,1,-1
2015350103115,1,1,0,9,4,5,0,0,0,0,2,1,6,2,19,4,-1,-1,-1,-1,1,-1
2015350103115,2,9,0,5,0,8,0,0,0,0,1,1,1,1,27,6,1582,2,1,-1,1,-1
2015350103215,1,9,0,9,0,6,0,0,0,0,1,1,6,1,-1,-1,-1,-1,-1,-1,-1,-1
2015350103215,2,9,0,18,0,8,0,0,0,0,3,1,1,2,54,8,1124,1,12,-1,1,-1
2015350103415,1,9,0,1,0,6,0,0,0,0,2,1,6,3,-1,-1,-1,-1,-1,-1,-1,-1
2015350103415,2,1,0,18,0,8,0,0,0,0,3,1,6,2,24,5,-1,-1,-1,-1,1,-1
2015350103515,1,19,0,4,0,0,0,0,0,0,1,1,1,1,25,5,2198,2,9,-1,3,-1
2015350103515,2,9,0,3,0,0,0,0,0,0,2,1,6,2,21,5,1595,1,16,-1,1,-1
2015350103515,3,9,0,3,0,0,0,0,0,0,2,1,6,2,44,7,1422,2,9,-1,3,-1
2015350103615,1,9,0,5,0,1,0,0,0,0,1,1,2,1,43,7,1997,2,12,-1,1,-1
2015350103615,2,9,0,3,0,1,0,0,0,0,2,1,2,1,-1,-1,1499,1,10,-1,2,-1
2015350103715,1,9,0,12,0,8,0,0,0,0,2,1,6,2,37,7,1858,1,14,-1,1,-1
2015350103715,2,5,0,7,0,3,0,0,7,0,1,1,6,1,49,8,998,1,16,-1,1,-1