Accident_Index,Vehicle_Reference,Vehicle_Type,Towing_and_Articulation,Vehicle_Manoeuvre,Vehicle_Location-Restricted_Lane,Junction_Location,Skidding_and_Overturning,Hit_Object_in_Carriageway,Vehicle_Leaving_Carriageway,Hit_Object_off_Carriageway,1st_Point_of_Impact,Was_Vehicle_Left_Hand_Drive?,Journey_Purpose_of_Driver,Sex_of_Driver,Age_of_Driver,Age_Band_of_Driver,Engine_Capacity_(CC),Propulsion_Code,Age_of_Vehicle,Driver_IMD_Decile,Driver_Home_Area_Type,Vehicle_IMD_Decile
2015350103815,1,9,0,7,0,6,0,0,0,0,3,1,6,1,48,8,1968,2,2,-1,-1,-1
2015350103815,2,9,0,18,0,8,0,0,0,0,1,1,6,1,68,10,1596,1,11,-1,1,-1
2015350103915,1,19,0,9,0,5,0,0,0,0,1,1,1,1,50,8,-1,-1,-1,-1,-1,-1
2015350103915,2,1,0,18,0,8,0,0,0,0,1,1,2,2,50,8,-1,-1,-1,-1,1,-1
2015350104015,1,1,0,18,0,8,0,0,0,0,4,1,6,2,66,10,-1,-1,-1,-1,1,-1
2015350104015,2,9,0,7,0,8,0,0,0,0,3,1,6,1,30,6,-1,-1,-1,-1,-1,-1
2015350104115,1,9,0,18,0,1,0,0,0,0,1,1,1,1,47,8,1240,1,12,-1,3,-1
2015350104115,2,9,0,8,0,1,0,0,1,0,2,1,1,2,42,7,-1,-1,-1,-1,1,-1
2015350104215,1,9,0,16,0,0,0,0,0,0,1,1,6,2,-1,-1,-1,-1,-1,-1,-1,-1
2015350104215,2,1,0,17,0,0,0,0,0,0,1,1,6,2,13,3,-1,-1,-1,-1,1,-1
2015350104315,1,9,0,17,0,0,0,0,0,0,1,1,6,1,17,4,1329,1,5,-1,2,-1
2015350104315,2,9,0,13,0,0,0,0,0,0,1,1,2,1,52,8,1997,2,7,-1,2,-1
2015350104415,1,9,0,7,0,5,0,0,0,0,1,1,6,3,-1,-1,1461,2,-1,-1,-1,-1
2015350104415,2,1,0,18,0,8,0,0,0,0,3,1,1,1,35,6,-1,-1,-1,-1,1,-1
2015350104515,1,21,1,16,0,1,0,0,0,0,1,1,1,1,26,6,11967,2,7,-1,1,-1
2015350104515,2,9,0,10,0,1,0,0,0,0,2,1,1,2,24,5,1149,1,13,-1,2,-1
2015350104515,3,19,0,17,0,1,0,0,0,0,3,1,1,1,62,9,2402,2,7,-1,1,-1
2015350104615,1,9,0,18,0,8,0,0,0,0,1,1,6,1,65,9,1985,1,13,-1,3,-1
2015350104615,2,10,0,17,0,8,0,0,0,0,1,1,1,1,59,9,-1,-1,-1,-1,1,-1
2015350104715,1,9,0,7,0,5,0,0,0,0,1,1,6,1,33,6,1398,1,1,-1,1,-1
2015350104715,2,1,0,17,0,8,0,0,0,0,1,1,6,1,19,4,-1,-1,-1,-1,2,-1
2015350104815,1,9,0,11,0,0,0,0,0,0,0,1,6,3,-1,-1,-1,-1,-1,-1,-1,-1
2015350104815,2,1,0,18,0,0,0,10,1,0,4,1,1,1,16,4,-1,-1,-1,-1,1,-1
2015350104915,1,3,0,7,0,5,0,0,1,0,0,1,6,1,29,6,124,1,4,-1,1,-1
2015350105015,1,9,0,18,0,0,0,0,5,6,1,1,6,1,81,11,1896,2,10,-1,3,-1
2015350105115,1,9,0,17,0,0,0,0,7,10,1,1,6,1,18,4,1248,2,2,-1,1,-1
2015350105215,1,9,0,18,0,0,0,0,0,0,1,1,6,2,58,9,1360,1,12,-1,1,-1
2015350105315,1,9,0,11,0,8,0,0,0,0,4,1,3,3,-1,-1,2685,2,11,-1,-1,-1
2015350105315,2,1,0,18,0,8,0,0,0,0,3,1,6,1,80,11,-1,-1,-1,-1,1,-1
2015350105415,1,9,0,5,0,6,0,0,0,0,1,1,6,2,40,7,1275,1,17,-1,-1,-1
2015350105415,2,9,0,18,0,8,0,0,0,0,4,1,6,2,26,6,1240,1,9,-1,1,-1
2015350105515,1,9,0,18,0,0,1,10,7,4,1,1,1,1,64,9,2497,1,10,-1,3,-1
2015350105615,1,9,0,4,0,2,0,0,0,0,2,1,6,2,62,9,1686,2,1,-1,2,-1
2015350105615,2,9,0,18,0,2,0,0,0,0,1,1,6,1,41,7,-1,-1,-1,-1,3,-1
2015350105715,1,9,0,18,0,0,0,0,0,0,1,1,6,1,37,7,1596,1,13,-1,-1,-1
2015350105715,2,9,0,4,0,0,0,0,0,0,2,1,6,1,72,10,1995,2,2,-1,1,-1
2015350105815,1,1,0,9,0,3,0,0,0,0,2,1,1,1,31,6,-1,-1,-1,-1,1,-1
2015350105815,2,9,0,18,0,4,0,0,0,0,1,1,1,1,38,7,-1,-1,-1,-1,3,-1
2015350105915,1,9,0,11,0,0,0,0,0,0,4,1,6,1,50,8,1997,2,10,-1,-1,-1
2015350105915,2,1,0,18,4,0,0,0,0,0,2,1,6,2,25,5,-1,-1,-1,-1,1,-1
2015350106015,1,9,0,9,0,6,0,0,0,0,1,1,6,1,45,7,1997,2,6,-1,-1,-1
2015350106015,2,1,0,18,4,8,0,0,0,0,4,1,6,1,43,7,-1,-1,-1,-1,1,-1
2015350106115,1,9,0,7,0,6,0,0,0,0,3,1,6,1,-1,-1,-1,-1,-1,-1,-1,-1
2015350106115,2,1,0,18,0,8,0,0,0,0,1,1,6,2,40,7,-1,-1,-1,-1,1,-1
2015350106215,1,5,0,4,0,8,1,0,0,0,0,1,6,2,44,7,645,1,10,-1,1,-1
2015350106315,1,9,0,18,0,0,0,0,0,0,1,1,6,1,29,6,1149,1,12,-1,2,-1
2015350106315,2,19,0,18,0,0,0,0,0,0,1,1,1,1,71,10,2143,2,4,-1,1,-1
2015350106415,1,21,0,18,0,0,1,0,0,0,1,1,1,1,59,9,4461,2,6,-1,1,-1
2015350106415,2,9,0,3,0,0,0,0,0,0,2,1,2,1,28,6,1896,2,14,-1,1,-1
2015350106415,3,9,0,3,0,0,0,0,0,0,2,1,1,1,24,5,1248,2,1,-1,1,-1
2015350106415,4,21,0,3,0,0,0,0,0,0,2,1,1,1,54,8,12900,2,7,-1,-1,-1
2015350106515,1,9,0,18,0,1,0,0,0,0,1,1,1,1,-1,-1,2172,2,15,-1,1,-1
2015350106515,2,9,0,3,0,1,0,0,0,0,2,1,6,2,49,8,1360,1,11,-1,1,-1
2015350106615,1,9,0,18,0,1,0,0,0,0,1,1,1,2,34,6,1968,2,6,-1,2,-1
2015350106615,2,9,0,4,0,1,0,0,0,0,2,1,1,2,34,6,1248,1,1,-1,2,-1
2015350106715,1,9,0,18,0,0,0,0,0,0,1,1,6,1,54,8,2494,8,-1,-1,1,-1
2015350106715,2,9,0,4,0,0,0,0,0,0,2,1,6,2,55,8,1870,2,11,-1,1,-1
2015350106715,3,9,0,4,0,0,0,0,0,0,2,1,6,2,25,5,1598,2,3,-1,1,-1
2015350106715,4,9,0,4,0,0,0,0,0,0,2,1,6,1,33,6,1997,2,11,-1,1,-1
2015350106715,5,9,0,4,0,0,0,0,0,0,2,1,6,1,47,8,1984,1,7,-1,3,-1
2015350106815,1,9,0,17,0,0,0,0,1,10,4,1,6,1,26,6,1753,2,7,-1,1,-1
2015350106915,1,9,0,18,0,0,0,0,7,10,1,1,6,1,46,8,1968,2,3,-1,2,-1
2015350107015,1,9,0,18,0,8,0,0,0,0,1,1,6,1,39,7,-1,-1,-1,-1,2,-1
2015350107415,1,9,0,18,0,0,0,0,0,0,1,1,6,1,-1,-1,1560,2,1,-1,3,-1
2015350107415,2,9,0,10,0,0,0,0,0,0,2,1,6,1,28,6,1149,1,14,-1,2,-1
2015350107515,1,9,0,18,0,0,0,0,1,2,1,1,6,2,35,6,1992,2,7,-1,1,-1
2015350107615,1,1,0,7,0,6,0,0,0,0,1,1,6,2,50,8,-1,-1,-1,-1,3,-1
2015350107615,2,9,0,18,0,8,0,0,0,0,4,1,6,1,44,7,1461,2,5,-1,3,-1
2015350107715,1,1,0,12,0,1,0,0,0,0,2,1,1,2,19,4,-1,-1,-1,-1,1,-1
2015350107715,2,8,0,4,0,1,0,0,0,0,1,1,6,3,-1,-1,-1,-1,-1,-1,-1,-1
2015350107815,1,9,0,7,0,5,0,0,0,0,1,1,6,3,-1,-1,2319,1,15,-1,-1,-1
2015350107815,2,1,0,18,0,8,0,0,0,0,3,1,6,1,13,3,-1,-1,-1,-1,2,-1
2015350107915,1,9,0,9,0,6,0,0,0,0,1,1,6,2,44,7,1587,1,9,-1,2,-1
2015350107915,2,3,0,18,0,1,0,0,0,0,4,1,6,1,35,6,124,1,6,-1,1,-1
2015350108015,1,9,0,18,0,8,0,0,0,0,4,1,6,1,71,10,1798,1,9,-1,1,-1
2015350108015,2,1,0,9,4,5,0,0,0,0,1,1,6,1,46,8,-1,-1,-1,-1,1,-1
2015350108115,1,9,0,18,0,8,0,0,0,0,1,1,1,1,43,7,1400,1,8,-1,1,-1
2015350108115,2,9,0,7,0,6,0,0,0,0,1,1,1,1,51,8,1598,1,9,-1,1,-1
2015350108215,1,9,0,18,0,0,5,0,1,2,1,1,6,1,27,6,1998,2,10,-1,-1,-1
2015350108315,1,9,0,13,0,0,0,0,0,0,4,1,6,1,-1,-1,-1,-1,-1,-1,-1,-1
2015350108315,2,9,0,18,0,0,0,0,0,0,1,1,6,1,-1,-1,1991,1,15,-1,2,-1
2015350108415,1,9,0,18,0,0,0,0,1,7,1,1,6,1,33,6,1386,1,9,-1,1,-1
2015350108515,1,9,0,16,0,8,0,0,0,0,0,1,6,3,-1,-1,-1,-1,-1,-1,-1,-1
2015350108515,2,1,0,7,0,6,0,0,0,0,3,1,6,2,52,8,-1,-1,-1,-1,1,-1
2015350108615,1,9,0,7,0,3,0,0,0,0,0,1,2,1,45,7,1396,1,14,-1,1,-1
2015350108615,2,1,0,18,0,8,0,0,0,0,0,1,2,2,40,7,-1,-1,-1,-1,2,-1
2015350108715,1,9,0,18,0,2,0,0,0,0,4,1,2,1,42,7,1910,2,8,-1,1,-1
2015350108715,2,9,0,18,0,8,0,0,0,0,1,1,2,1,18,4,1242,1,11,-1,1,-1
2015350108815,1,5,0,18,0,3,0,0,0,0,1,1,6,1,21,5,644,1,7,-1,3,-1
2015350108815,2,9,0,9,0,8,0,0,0,0,3,1,6,2,49,8,1995,2,11,-1,-1,-1
2015350108915,1,9,0,4,0,1,0,0,0,0,1,1,6,1,39,7,-1,-1,-1,-1,1,-1
2015350108915,2,9,0,3,0,1,0,0,0,0,2,1,6,2,22,5,1560,2,-1,-1,1,-1
2015350109015,1,9,0,9,0,4,0,0,0,0,4,1,6,2,21,5,1689,2,12,-1,3,-1
2015350109015,2,90,0,9,0,4,0,0,0,0,1,1,6,1,77,11,-1,-1,-1,-1,-1,-1
2015350109115,1,9,0,4,0,0,2,0,1,3,1,1,2,1,43,7,1796,1,12,-1,2,-1
2015350109115,2,9,0,3,0,0,0,0,0,0,2,1,6,1,69,10,-1,-1,-1,-1,3,-1
2015350109115,3,9,0,3,0,0,0,0,0,0,2,1,6,2,37,7,1998,1,16,-1,3,-1
2015350109215,1,9,0,16,0,0,1,0,7,9,1,1,6,2,29,6,1599,1,10,-1,2,-1
2015350109315,1,11,0,18,7,8,0,0,0,5,1,1,1,1,-1,-1,-1,-1,-1,-1,1,-1
2015350109415,1,9,0,13,0,0,2,0,1,0,2,1,2,1,43,7,1686,2,2,-1,1,-1
2015350109415,2,9,0,13,0,0,2,0,1,0,3,1,2,1,22,5,1242,1,5,-1,2,-1
2015350109515,1,9,0,1,0,6,0,0,0,0,2,1,1,1,49,8,-1,-1,-1,-1,1,-1
2015350109515,2,9,0,18,0,8,0,0,0,0,1,1,6,1,75,10,1870,2,12,-1,1,-1
2015350109615,1,9,0,18,0,2,1,0,1,4,1,1,6,2,39,7,1461,2,5,-1,2,-1
2015350109715,1,1,0,18,0,0,0,4,0,0,1,1,6,1,46,8,-1,-1,-1,-1,3,-1
2015350109715,2,21,0,2,0,0,0,0,0,0,2,1,1,1,52,8,6871,2,7,-1,3,-1
2015350109815,1,9,0,4,0,0,0,0,0,0,1,1,6,1,42,7,1598,2,4,-1,1,-1
2015350109815,2,9,0,3,0,0,0,0,0,0,2,1,6,1,37,7,1398,1,-1,-1,1,-1
2015350109815,3,9,0,3,0,0,0,0,0,0,2,1,6,1,22,5,2000,1,10,-1,3,-1
2015350109915,1,9,0,18,0,0,1,11,0,0,3,1,2,1,68,10,973,1,15,-1,1,-1
2015350110115,1,1,0,18,0,1,0,0,0,0,1,1,6,2,16,4,-1,-1,-1,-1,1,-1
2015350110115,2,19,0,18,0,1,0,0,0,0,2,1,6,1,30,6,-1,-1,-1,-1,1,-1
2015350110215,1,9,0,2,0,8,0,0,0,0,4,1,6,1,25,5,1242,1,15,-1,1,-1
2015350110215,2,1,0,18,9,8,0,8,0,0,1,1,6,2,40,7,-1,-1,-1,-1,-1,-1
2015350110315,1,1,0,16,0,0,2,4,0,0,1,1,6,1,48,8,-1,-1,-1,-1,1,-1
2015350110315,2,9,0,2,0,0,0,0,0,0,2,1,6,2,-1,-1,1242,1,9,-1,3,-1
2015350110415,1,1,0,4,2,0,0,0,0,0,1,1,1,1,24,5,-1,-1,-1,-1,-1,-1
2015350110415,2,11,0,11,2,0,0,0,0,0,2,1,1,1,-1,-1,-1,-1,-1,-1,-1,-1
2015350110515,1,9,0,18,0,0,0,0,0,0,4,1,3,3,-1,-1,-1,-1,-1,-1,-1,-1
2015350110615,1,9,0,9,0,5,0,0,0,0,1,1,2,1,38,7,1995,2,3,-1,2,-1
2015350110615,2,9,0,4,0,8,0,0,7,0,3,1,2,2,43,7,1248,1,-1,-1,1,-1
2015350110715,1,9,0,18,0,2,1,0,0,0,1,1,2,1,31,6,1398,1,14,-1,1,-1
2015350110815,1,9,0,7,0,6,0,0,0,0,1,1,2,1,25,5,1796,1,17,-1,1,-1
2015350110815,2,1,0,9,0,6,0,0,0,0,1,1,2,1,50,8,-1,-1,-1,-1,1,-1
2015350110915,1,9,0,2,0,0,0,0,0,0,1,1,6,1,30,6,1560,2,1,-1,2,-1
2015350110915,2,1,0,18,0,0,0,4,0,0,1,1,6,2,53,8,-1,-1,-1,-1,-1,-1
2015350111015,1,19,0,18,0,1,0,0,0,0,3,1,2,1,58,9,1686,2,11,-1,1,-1
2015350111115,1,9,0,18,0,8,0,0,0,0,3,1,6,2,70,10,1242,1,1,-1,1,-1
2015350111115,2,11,0,18,0,8,0,0,0,0,1,1,1,1,50,8,6700,2,4,-1,1,-1
2015350111215,1,2,0,7,0,5,0,0,0,0,0,1,6,3,-1,-1,-1,-1,-1,-1,-1,-1
2015350111215,2,1,0,18,0,8,0,0,0,0,0,1,6,1,54,8,-1,-1,-1,-1,2,-1
2015350111315,1,9,0,7,2,5,0,0,0,0,2,1,1,1,52,8,2179,2,1,-1,3,-1
2015350111315,2,2,0,18,2,8,5,0,0,0,1,1,6,2,55,8,49,1,2,-1,1,-1
2015350111415,1,9,0,9,0,6,0,0,0,0,1,1,2,1,62,9,1968,2,3,-1,3,-1
2015350111515,1,9,0,5,0,6,0,0,0,0,3,1,6,2,40,7,1242,1,14,-1,-1,-1
2015350111515,2,1,0,18,0,8,0,0,0,0,1,1,6,1,47,8,-1,-1,-1,-1,1,-1
2015350111615,1,9,0,1,0,6,0,0,0,0,2,1,6,1,-1,-1,2143,2,2,-1,1,-1
2015350111615,2,9,0,18,0,8,0,0,0,0,4,1,6,1,37,7,1896,2,11,-1,1,-1
2015350111715,1,9,0,13,0,0,0,0,1,9,1,1,6,1,36,7,-1,-1,-1,-1,2,-1
2015350111815,1,19,0,17,0,0,2,0,2,0,3,1,6,1,40,7,1870,2,9,-1,3,-1
2015350111915,1,9,0,18,0,1,0,0,0,0,1,1,6,3,-1,-1,2544,1,18,-1,-1,-1
2015350111915,2,9,0,3,0,1,0,0,0,0,2,1,6,2,27,6,1242,1,3,-1,2,-1
2015350112015,1,9,0,9,0,5,0,0,0,0,1,1,6,1,-1,-1,2172,2,10,-1,-1,-1
2015350112015,2,1,0,18,0,8,0,0,1,0,2,1,6,1,-1,-1,-1,-1,-1,-1,1,-1
2015350112115,1,9,0,18,0,8,0,0,0,0,1,1,6,2,79,11,1339,1,1,-1,1,-1
2015350112215,1,9,0,18,0,0,0,0,0,0,4,1,6,3,-1,-1,-1,-1,-1,-1,-1,-1
2015350112315,1,9,0,9,0,6,0,0,0,0,1,1,1,1,59,9,1995,2,2,-1,3,-1
2015350112315,2,9,0,18,0,8,0,0,0,0,1,1,6,2,54,8,1986,2,8,-1,3,-1
2015350112415,1,21,1,12,0,0,0,0,0,0,3,1,6,3,-1,-1,-1,-1,-1,-1,-1,-1
2015350112415,2,9,0,13,0,0,0,0,4,0,4,1,6,1,37,7,-1,-1,-1,-1,1,-1
2015350112515,1,5,0,4,0,4,1,0,0,0,4,1,2,1,28,6,648,1,18,-1,3,-1
2015350112615,1,9,0,18,0,0,1,0,2,1,3,1,6,1,38,7,1398,2,12,-1,1,-1
2015350112715,1,9,0,18,0,1,0,0,0,0,1,1,6,1,-1,-1,-1,-1,-1,-1,-1,-1
2015350112715,2,9,0,3,0,1,0,0,0,0,2,1,6,2,63,9,1595,1,14,-1,1,-1
2015350112815,1,9,0,18,0,0,2,0,7,4,1,1,6,1,29,6,1198,1,11,-1,2,-1
2015350112915,1,9,0,17,0,0,2,0,0,0,1,1,1,1,20,4,1422,2,10,-1,2,-1
2015350113015,1,9,0,5,0,0,0,0,0,0,1,1,3,2,28,6,1399,2,9,-1,1,-1
2015350113015,2,1,0,18,9,0,0,0,0,0,0,1,6,1,7,2,-1,-1,-1,-1,1,-1
2015350113115,1,9,0,17,0,0,1,0,0,0,4,1,2,1,25,5,1360,1,8,-1,2,-1
2015350113115,2,9,0,16,0,0,0,0,0,0,1,1,2,1,43,7,1598,1,14,-1,3,-1
2015350113215,1,9,0,13,0,0,0,0,0,0,3,1,1,2,51,8,1598,2,2,-1,3,-1
2015350113215,2,21,0,18,0,0,0,0,0,0,0,1,1,1,62,9,-1,-1,-1,-1,1,-1
2015350113315,1,9,0,9,0,1,0,0,0,0,1,1,6,2,60,9,1598,1,11,-1,-1,-1
2015350113315,2,1,0,18,0,1,0,0,0,0,4,1,6,2,70,10,-1,-1,-1,-1,-1,-1
2015350113415,1,19,0,2,0,0,0,0,0,0,3,1,1,3,-1,-1,-1,-1,-1,-1,-1,-1
2015350113415,2,1,0,18,0,0,0,8,0,0,1,1,2,1,48,8,-1,-1,-1,-1,1,-1
2015350113615,1,9,0,3,0,0,0,0,0,0,2,1,6,1,46,8,1995,2,1,-1,-1,-1
2015350113615,2,9,0,3,0,0,0,0,0,0,2,1,6,2,60,9,-1,-1,-1,-1,1,-1
2015350113615,3,9,0,5,0,0,0,0,0,0,3,1,6,1,50,8,2170,2,10,-1,1,-1
2015350113715,1,19,0,7,0,6,0,0,0,0,3,1,2,1,64,9,2143,2,6,-1,1,-1
2015350113715,2,1,0,18,4,8,0,0,0,0,4,1,2,1,31,6,-1,-1,-1,-1,1,-1
2015350113815,1,1,0,3,0,1,0,0,0,0,1,1,1,1,38,7,-1,-1,-1,-1,1,-1
2015350113815,2,19,0,1,0,1,0,0,0,0,2,1,1,1,23,5,2402,2,9,-1,1,-1
2015350113915,1,9,0,18,0,0,0,7,1,0,1,1,6,2,69,10,1598,1,12,-1,2,-1
2015350114015,1,9,0,18,0,1,0,0,0,0,1,1,1,1,-1,-1,1596,1,13,-1,1,-1
2015350114015,2,9,0,10,0,8,0,0,0,0,2,1,6,2,22,5,1149,1,14,-1,1,-1
2015350114115,1,1,0,11,9,0,0,0,0,0,1,1,6,1,35,6,-1,-1,-1,-1,1,-1
2015350114115,2,9,0,18,0,0,0,0,0,0,1,1,6,2,71,10,1299,1,11,-1,3,-1
2015350114315,1,9,0,17,0,0,0,0,0,0,1,1,6,1,28,6,2993,2,6,-1,1,-1
2015350114315,2,9,0,16,0,0,0,0,0,0,1,1,6,1,24,5,1242,1,14,-1,1,-1
2015350114415,1,9,0,16,0,0,2,0,7,9,3,1,2,2,24,5,1994,1,15,-1,2,-1
2015350114515,1,9,0,16,0,0,0,0,0,0,1,1,6,1,31,6,1400,1,16,-1,1,-1
2015350114615,1,9,0,9,0,6,0,0,0,0,1,1,6,1,46,8,1796,1,7,-1,1,-1
2015350114615,2,1,0,18,0,8,0,0,0,0,4,1,6,1,16,4,-1,-1,-1,-1,1,-1
2015350114715,1,9,0,18,0,8,0,0,0,0,0,1,6,3,-1,-1,-1,-1,-1,-1,-1,-1
2015350114715,2,9,0,9,0,6,0,0,0,0,0,1,6,2,28,6,1400,1,9,-1,2,-1
2015350114815,1,9,0,18,0,4,0,0,0,0,2,1,6,1,25,5,1997,2,11,-1,1,-1
2015350114815,2,9,0,18,0,4,0,0,0,0,1,1,6,1,27,6,1590,1,17,-1,1,-1
2015350114915,1,9,0,18,0,8,0,0,0,0,0,1,6,3,-1,-1,-1,-1,-1,-1,-1,-1
2015350114915,2,1,0,18,0,8,0,0,0,0,0,1,6,1,-1,-1,-1,-1,-1,-1,1,-1
2015350115015,1,1,0,11,5,0,0,0,0,0,1,1,1,1,29,6,-1,-1,-1,-1,1,-1
2015350115015,2,1,0,18,5,0,0,0,0,0,1,1,6,3,-1,-1,-1,-1,-1,-1,-1,-1
2015350115115,1,8,0,4,0,1,0,0,0,0,1,1,1,1,21,5,1956,2,4,-1,1,-1
2015350115115,2,1,0,18,0,1,0,0,0,0,3,1,6,1,24,5,-1,-1,-1,-1,1,-1
2015350115215,1,1,0,18,7,0,0,0,0,0,1,1,1,1,20,4,-1,-1,-1,-1,1,-1
2015350115215,2,21,1,2,6,0,0,0,0,0,2,1,1,1,63,9,10837,2,4,-1,2,-1
2015350115315,1,9,0,7,0,6,0,0,0,0,4,1,6,1,47,8,1149,1,3,-1,3,-1
2015350115315,2,1,0,18,5,8,0,0,0,0,1,1,6,1,10,2,-1,-1,-1,-1,3,-1
2015350115415,1,9,0,4,0,1,0,0,0,0,2,1,6,1,69,10,1587,1,10,-1,2,-1
2015350115415,2,9,0,18,0,1,0,0,0,0,1,1,6,1,27,6,1390,1,15,-1,1,-1
2015350115415,3,9,0,9,0,6,0,0,0,0,0,1,6,2,20,4,1364,1,10,-1,-1,-1
2015350115515,1,9,0,18,0,1,0,0,0,0,1,1,6,2,35,6,998,1,13,-1,-1,-1
2015350115615,1,1,0,18,5,8,0,0,0,0,3,1,1,1,55,8,-1,-1,-1,-1,1,-1
2015350115615,2,19,0,5,5,6,0,0,0,0,1,1,6,1,40,7,2198,2,2,-1,-1,-1
2015350115715,1,9,0,4,0,1,0,0,0,0,2,1,6,2,39,7,1560,2,7,-1,1,-1
2015350115715,2,9,0,18,0,1,0,0,0,0,1,1,6,1,37,7,1896,2,14,-1,1,-1
2015350115815,1,9,0,9,8,6,0,0,0,0,3,1,6,1,43,7,1598,2,3,-1,2,-1
2015350115815,2,4,0,16,0,8,0,0,0,0,1,1,6,1,60,9,999,1,1,-1,3,-1
2015350115915,1,9,0,18,0,0,0,0,0,0,1,1,6,2,-1,-1,-1,-1,-1,-1,-1,-1
2015350115915,2,9,0,18,0,0,0,0,0,0,2,1,6,1,37,7,1998,2,13,-1,1,-1
2015350116015,1,21,0,18,0,0,1,0,0,0,1,1,1,1,30,6,10837,2,1,-1,1,-1
2015350116015,2,9,0,3,0,0,0,0,0,0,2,1,2,2,29,6,1242,1,8,-1,1,-1
2015350116015,3,9,0,3,0,0,0,0,0,0,2,1,2,1,46,8,1995,2,-1,-1,2,-1
2015350116015,4,9,0,3,0,0,0,0,0,0,2,1,2,2,52,8,1598,1,4,-1,2,-1
2015350116015,5,9,0,3,0,0,0,0,0,0,2,1,2,1,30,6,1422,2,5,-1,1,-1
2015350116015,6,19,0,3,0,0,0,0,0,0,2,1,2,1,55,8,1560,2,4,-1,1,-1
2015350116015,7,9,0,3,0,0,0,0,0,0,2,1,2,1,60,9,1582,2,2,-1,2,-1
2015350116115,1,9,0,9,0,5,0,0,0,0,1,1,6,2,42,7,1339,1,6,-1,3,-1
2015350116115,2,1,0,18,0,8,0,0,1,0,1,1,6,1,50,8,-1,-1,-1,-1,3,-1
2015350116215,1,19,0,18,0,0,0,0,0,0,1,1,1,1,30,6,2402,2,4,-1,1,-1
2015350116215,2,2,0,18,0,0,0,0,0,0,2,1,6,1,19,4,49,1,16,-1,3,-1
2015350116315,1,9,0,18,0,8,0,0,0,0,1,1,6,1,48,8,1997,2,7,-1,1,-1
2015350116315,2,9,0,18,0,8,0,0,0,0,1,1,6,1,37,7,1598,1,3,-1,2,-1
2015350116315,3,9,0,4,0,8,0,0,0,0,2,1,6,1,68,10,1600,2,6,-1,1,-1
2015350116415,1,3,0,16,0,0,0,0,0,6,3,1,6,1,30,6,125,1,1,-1,1,-1
2015350116515,1,9,0,18,0,0,1,0,1,4,1,1,6,2,33,6,1598,1,14,-1,1,-1
2015350116615,1,9,0,18,0,8,0,0,0,0,1,1,6,1,35,6,-1,-1,-1,-1,1,-1
2015350116715,1,3,0,7,0,6,0,0,0,0,0,1,6,1,18,4,125,1,-1,-1,3,-1
2015350116815,1,3,0,9,0,6,5,0,0,0,1,1,1,1,22,5,125,1,3,-1,3,-1
2015350116815,2,19,0,18,0,1,0,0,0,0,4,1,1,1,41,7,1995,2,3,-1,2,-1
2015350116915,1,9,0,18,0,1,0,0,0,0,1,1,1,1,33,6,1598,1,12,-1,1,-1
2015350116915,2,9,0,18,0,1,0,0,0,0,1,1,6,2,84,11,1390,1,17,-1,1,-1
2015350117015,1,21,0,4,0,0,0,0,0,0,1,1,1,1,37,7,6693,2,2,-1,2,-1
2015350117015,2,9,0,4,0,0,0,0,0,0,2,1,6,2,53,8,998,1,3,-1,1,-1
2015350117015,3,9,0,4,0,0,0,0,0,0,2,1,6,2,67,10,1598,2,5,-1,1,-1
2015350117015,4,9,0,4,0,0,0,0,0,0,2,1,6,1,67,10,1596,1,1,-1,3,-1
2015350117115,1,9,0,17,0,0,0,0,0,0,1,1,6,1,56,9,999,1,1,-1,-1,-1
2015350117115,2,9,0,16,0,0,0,0,0,0,1,1,6,2,73,10,1398,2,9,-1,2,-1
2015350117215,1,3,0,18,0,4,1,0,0,0,1,1,6,1,22,5,124,1,-1,-1,1,-1
2015350117315,1,3,0,18,0,0,0,0,7,4,1,1,6,1,17,4,125,1,4,-1,3,-1
2015350117515,1,9,0,13,0,0,0,0,0,0,1,1,6,2,21,5,1242,1,14,-1,1,-1
2015350117515,2,9,3,13,0,0,0,0,0,0,2,1,6,1,38,7,1598,2,4,-1,3,-1
2015350117615,1,9,0,16,0,1,5,0,0,0,4,1,6,2,18,4,1598,1,14,-1,2,-1
2015350117615,2,5,0,17,0,1,2,0,0,0,3,1,6,1,46,8,999,1,4,-1,2,-1
2015350117615,3,9,0,8,0,1,0,0,0,0,1,1,6,1,33,6,-1,-1,-1,-1,1,-1
2015350117615,4,9,0,17,0,1,0,0,0,0,1,1,6,1,41,7,-1,-1,-1,-1,2,-1
2015350117715,1,21,1,16,0,0,3,0,0,0,1,1,1,1,54,8,12809,2,1,-1,1,-1
2015350117715,2,21,1,2,0,0,0,0,0,0,2,1,1,1,33,6,12900,2,7,-1,2,-1
2015350117715,3,9,0,13,0,0,0,0,0,0,4,1,2,1,42,7,1600,2,5,-1,1,-1
2015350117915,1,9,0,10,0,8,0,0,0,0,3,1,6,1,24,5,1560,2,2,-1,2,-1
2015350117915,2,3,0,13,0,8,0,0,7,0,4,1,6,1,18,4,125,1,-1,-1,2,-1
2015350118015,1,5,0,16,0,0,5,0,0,0,1,1,6,1,56,9,2294,1,10,-1,2,-1