Accident_Index,Vehicle_Reference,Vehicle_Type,Towing_and_Articulation,Vehicle_Manoeuvre,Vehicle_Location-Restricted_Lane,Junction_Location,Skidding_and_Overturning,Hit_Object_in_Carriageway,Vehicle_Leaving_Carriageway,Hit_Object_off_Carriageway,1st_Point_of_Impact,Was_Vehicle_Left_Hand_Drive?,Journey_Purpose_of_Driver,Sex_of_Driver,Age_of_Driver,Age_Band_of_Driver,Engine_Capacity_(CC),Propulsion_Code,Age_of_Vehicle,Driver_IMD_Decile,Driver_Home_Area_Type,Vehicle_IMD_Decile
2015350133715,2,9,0,4,0,0,0,0,0,0,2,1,2,2,46,8,1242,1,4,-1,1,-1
2015350133715,3,9,0,4,0,0,0,0,0,0,2,1,2,2,39,7,2996,1,7,-1,1,-1
2015350133815,1,3,0,13,0,8,0,0,0,0,1,1,6,1,23,5,124,1,2,-1,-1,-1
2015350133815,2,9,0,9,0,6,0,0,0,0,3,1,6,1,62,9,1951,2,14,-1,-1,-1
2015350133915,1,9,0,17,0,0,1,0,1,4,1,1,6,1,19,4,1149,1,10,-1,1,-1
2015350134015,1,9,0,18,0,0,0,0,0,0,1,1,6,1,40,7,-1,-1,-1,-1,1,-1
2015350134015,2,1,0,3,0,0,0,0,0,0,2,1,6,2,60,9,-1,-1,-1,-1,2,-1
2015350134115,1,1,0,18,0,8,0,0,0,0,4,1,6,1,43,7,-1,-1,-1,-1,3,-1
2015350134115,2,9,0,4,0,1,0,0,0,0,4,1,6,2,25,5,1587,1,8,-1,1,-1
2015350134215,1,9,0,18,0,0,0,0,0,0,1,1,6,2,65,9,-1,-1,-1,-1,3,-1
2015350134215,2,9,0,4,0,0,0,0,0,0,2,1,2,2,53,8,1995,2,3,-1,1,-1
2015350134215,3,9,0,4,0,0,0,0,0,0,2,1,1,2,24,5,1995,2,-1,-1,2,-1
2015350134215,4,9,0,4,0,0,0,0,0,0,2,1,2,2,26,6,1968,2,10,-1,3,-1
2015350134315,1,9,0,18,0,0,0,0,0,0,4,1,6,3,-1,-1,-1,-1,-1,-1,-1,-1
2015350134415,1,1,0,9,0,5,0,0,0,0,1,1,6,2,22,5,-1,-1,-1,-1,-1,-1
2015350134415,2,9,0,17,0,8,0,0,0,0,3,1,6,2,40,7,1796,1,7,-1,3,-1
2015350134515,1,9,0,7,0,2,1,0,0,0,1,1,2,2,21,5,973,1,12,-1,1,-1
2015350134515,2,19,0,4,0,1,0,0,0,0,1,1,1,1,34,6,2198,2,6,-1,1,-1
2015350134615,1,3,0,16,0,0,0,0,0,0,1,1,2,1,20,4,108,1,-1,-1,2,-1
2015350134615,2,9,0,17,0,0,0,0,0,0,1,1,2,2,41,7,1796,1,6,-1,1,-1
2015350134715,1,9,0,5,0,2,0,0,0,0,1,1,6,2,80,11,1339,1,3,-1,2,-1
2015350134715,2,1,0,4,0,1,0,0,0,0,3,1,6,1,22,5,-1,-1,-1,-1,-1,-1
2015350134815,1,9,0,16,0,2,1,0,0,0,2,1,2,2,50,8,1422,2,13,-1,3,-1
2015350134915,1,11,0,9,8,5,0,0,0,0,4,1,1,1,60,9,4500,2,8,-1,1,-1
2015350134915,2,4,0,18,0,8,0,0,0,0,1,1,2,1,25,5,124,1,1,-1,1,-1
2015350135015,1,9,0,17,0,0,0,4,0,0,3,1,6,1,30,6,1796,1,12,-1,2,-1
2015350135015,2,90,0,16,0,0,0,0,0,0,4,1,6,1,59,9,5480,2,17,-1,3,-1
2015350135215,1,9,0,14,0,2,0,4,0,0,4,1,6,1,21,5,1598,2,4,-1,3,-1
2015350135215,2,9,0,2,0,2,0,0,0,0,3,1,6,3,-1,-1,1995,2,1,-1,2,-1
2015350135415,1,9,0,17,0,0,0,0,0,0,1,1,2,2,52,8,1242,1,6,-1,2,-1
2015350135415,2,1,0,18,0,0,0,0,0,0,1,1,6,1,10,2,-1,-1,-1,-1,3,-1
2015350135515,1,8,0,18,0,8,0,0,0,0,1,1,1,1,43,7,1997,2,1,-1,1,-1
2015350135515,2,19,0,9,0,5,0,0,0,0,1,1,1,1,61,9,1560,2,1,-1,-1,-1
2015350135615,1,9,0,7,5,5,0,0,0,0,3,1,6,1,66,10,1461,2,2,-1,-1,-1
2015350135615,2,1,0,18,5,8,0,0,0,0,1,1,2,1,16,4,-1,-1,-1,-1,1,-1
2015350135715,1,9,0,13,0,8,0,0,0,0,4,1,6,1,48,8,1596,1,13,-1,2,-1
2015350135715,2,9,0,9,0,5,0,0,0,0,3,1,6,1,20,4,1242,1,5,-1,1,-1
2015350135815,1,9,0,18,0,0,0,0,1,10,1,1,2,1,52,8,1586,1,9,-1,1,-1
2015350136015,1,9,0,18,0,0,0,7,4,6,1,1,6,2,42,7,2967,2,7,-1,3,-1
2015350136115,1,9,0,17,0,0,0,0,7,4,1,1,6,1,39,7,1794,1,9,-1,3,-1
2015350136215,1,9,0,5,0,6,0,0,0,0,1,1,1,2,46,8,996,1,4,-1,1,-1
2015350136215,2,9,0,18,0,8,0,0,0,0,4,1,6,2,52,8,1598,1,-1,-1,-1,-1
2015350136315,1,9,0,16,0,0,0,0,1,1,1,1,6,1,17,4,1199,1,13,-1,2,-1
2015350136415,1,9,0,18,0,1,0,0,0,0,4,1,2,2,38,7,1248,2,3,-1,1,-1
2015350136515,1,9,0,1,0,0,0,0,0,0,2,1,6,1,70,10,998,1,7,-1,2,-1
2015350136615,1,9,0,9,0,8,0,0,0,0,1,1,6,1,60,9,898,1,2,-1,1,-1
2015350136615,2,1,0,18,0,8,0,0,0,0,1,1,6,1,42,7,-1,-1,-1,-1,2,-1
2015350136715,1,9,0,16,0,4,0,0,0,0,1,1,6,1,29,6,1995,1,13,-1,1,-1
2015350136715,2,8,0,18,0,1,0,0,0,0,1,1,1,1,42,7,2664,2,14,-1,1,-1
2015350136815,1,9,0,4,0,1,0,0,0,0,2,1,6,1,60,9,1596,1,8,-1,-1,-1
2015350136815,2,9,0,4,0,1,0,0,0,0,1,1,6,2,60,9,-1,-1,-1,-1,-1,-1
2015350136815,3,19,0,4,0,1,0,0,0,0,2,1,2,1,40,7,3920,2,9,-1,-1,-1
2015350136815,4,9,0,4,0,1,0,0,0,0,1,1,6,1,50,8,3222,2,11,-1,1,-1
2015350136915,1,9,0,18,0,8,0,0,0,0,4,1,2,2,25,5,1299,1,8,-1,1,-1
2015350137015,1,21,1,18,0,0,0,0,0,0,1,1,1,1,50,8,-1,-1,-1,-1,-1,-1
2015350137015,2,20,5,4,0,0,0,0,0,0,2,2,1,1,57,9,-1,-1,-1,-1,-1,-1
2015350137115,1,19,0,9,0,5,0,0,0,0,1,1,6,2,-1,-1,2500,2,8,-1,-1,-1
2015350137115,2,1,0,3,0,1,0,0,0,0,2,1,6,2,21,5,-1,-1,-1,-1,1,-1
2015350137215,1,8,0,6,0,0,0,0,0,0,1,1,1,1,40,7,1896,2,7,-1,1,-1
2015350137215,2,9,0,18,0,0,0,4,0,0,1,1,6,1,82,11,1991,2,6,-1,1,-1
2015350137215,3,9,0,2,0,0,0,0,0,0,2,1,6,3,-1,-1,1997,2,11,-1,1,-1
2015350137315,1,9,0,18,0,7,0,0,0,0,1,1,6,2,25,5,1598,1,10,-1,2,-1
2015350137315,2,9,0,4,0,7,0,0,0,0,2,1,6,2,46,8,1769,1,13,-1,2,-1
2015350137315,3,9,0,4,0,7,0,0,0,0,2,1,6,1,27,6,1248,2,8,-1,2,-1
2015350137415,1,9,0,4,0,1,0,0,0,0,1,1,1,1,21,5,1598,1,8,-1,1,-1
2015350137415,2,9,0,10,0,1,0,0,0,0,2,1,6,1,45,7,-1,-1,-1,-1,1,-1
2015350137515,1,9,0,18,0,0,0,0,7,9,4,1,6,1,28,6,4398,1,11,-1,2,-1
2015350137515,2,9,0,6,0,0,0,0,0,0,3,1,1,1,29,6,1396,1,11,-1,1,-1
2015350137615,1,4,0,18,9,0,0,0,0,0,4,1,6,1,25,5,498,1,19,-1,-1,-1
2015350137715,1,9,0,11,0,0,0,0,0,0,0,1,6,1,55,8,1997,2,7,-1,-1,-1
2015350137715,2,10,0,18,0,0,0,0,0,6,1,1,6,2,42,7,-1,-1,-1,-1,-1,-1
2015350137815,1,19,0,9,0,8,0,0,0,0,3,1,6,1,31,6,2198,2,8,-1,-1,-1
2015350137815,2,4,0,18,0,3,0,0,0,0,4,1,6,1,49,8,998,1,8,-1,1,-1
2015350137915,1,9,0,9,0,1,0,0,0,0,4,1,6,2,27,6,1796,1,10,-1,3,-1
2015350137915,2,1,0,3,0,1,0,0,0,0,1,1,6,1,50,8,-1,-1,-1,-1,2,-1
2015350138015,1,9,0,5,0,6,0,0,0,0,1,1,6,2,-1,-1,1242,1,11,-1,-1,-1
2015350138015,2,9,0,17,0,8,1,0,0,0,4,1,6,1,57,9,1896,2,7,-1,3,-1
2015350138115,1,9,0,17,0,0,1,0,7,9,1,1,6,1,37,7,1596,1,10,-1,1,-1
2015350138215,1,9,0,3,0,1,0,0,0,0,2,1,1,2,36,7,1995,2,7,-1,1,-1
2015350138215,2,9,0,18,0,1,0,0,0,0,1,1,6,2,-1,-1,973,1,14,-1,-1,-1
2015350138315,1,9,0,18,0,8,0,0,0,0,3,1,6,2,76,11,2435,1,18,-1,1,-1
2015350138315,2,1,0,18,0,8,0,0,0,0,1,1,1,1,36,7,-1,-1,-1,-1,2,-1
2015350138415,1,1,0,12,0,0,0,0,0,0,2,1,6,1,30,6,-1,-1,-1,-1,1,-1
2015350138415,2,11,0,13,0,0,0,0,0,0,4,1,1,1,38,7,-1,-1,-1,-1,1,-1
2015350138515,1,9,0,4,0,0,0,0,0,0,1,1,1,1,61,9,999,1,1,-1,1,-1
2015350138515,2,9,0,4,0,0,0,0,0,0,2,1,6,1,28,6,1997,2,9,-1,1,-1
2015350138615,1,3,0,4,0,1,1,0,0,0,0,1,2,2,21,5,125,1,1,-1,1,-1
2015350138715,1,9,0,18,0,0,0,0,0,0,3,1,6,2,22,5,1499,2,-1,-1,-1,-1
2015350138715,2,19,0,18,0,0,0,0,0,0,2,1,6,1,50,8,2500,2,6,-1,-1,-1
2015350138715,3,9,0,18,0,0,0,0,0,0,1,1,6,1,45,7,998,1,2,-1,-1,-1
2015350138815,1,9,0,5,0,1,0,0,0,0,1,1,6,2,35,6,1598,2,3,-1,3,-1
2015350138815,2,9,0,3,0,1,0,0,0,0,2,1,2,1,40,7,1598,2,-1,-1,1,-1
2015350138815,3,9,0,5,0,1,0,0,0,0,2,1,6,1,59,9,1985,1,16,-1,1,-1
2015350138915,1,9,0,9,0,6,0,0,0,0,1,1,6,2,29,6,1587,1,14,-1,1,-1
2015350138915,2,9,0,18,0,8,0,0,1,0,4,1,6,2,48,8,1686,2,12,-1,1,-1
2015350139015,1,1,0,18,0,0,0,0,0,0,3,1,6,1,27,6,-1,-1,-1,-1,1,-1
2015350139015,2,19,0,18,0,0,0,0,0,0,4,1,1,1,24,5,2402,2,8,-1,3,-1
2015350139115,1,9,0,18,0,0,0,0,0,0,1,1,6,1,35,6,-1,-1,-1,-1,-1,-1
2015350139115,2,1,0,12,9,0,0,0,0,0,3,1,6,1,20,4,-1,-1,-1,-1,3,-1
2015350139215,1,9,0,18,0,8,1,0,0,0,1,1,6,1,29,6,1589,1,16,-1,1,-1
2015350139215,2,9,0,9,0,5,0,0,7,10,4,1,6,2,18,4,1199,1,14,-1,1,-1
2015350139315,1,19,0,5,0,4,0,0,0,0,3,1,1,1,70,10,1598,2,-1,-1,-1,-1
2015350139315,2,9,0,9,0,3,0,0,0,0,4,1,6,2,42,7,1598,2,-1,-1,2,-1
2015350139415,1,9,0,9,0,8,0,0,0,0,1,1,6,1,-1,-1,1242,1,-1,-1,-1,-1
2015350139415,2,5,0,18,0,8,0,0,0,0,1,1,6,1,40,7,847,1,2,-1,1,-1
2015350139515,1,9,0,18,0,1,0,0,1,1,1,1,6,1,18,4,1275,1,17,-1,3,-1
2015350139515,2,9,0,10,0,1,0,0,0,0,2,1,1,2,36,7,1248,2,7,-1,3,-1
2015350139615,1,9,0,5,0,1,0,0,0,0,1,1,6,1,86,11,1560,2,5,-1,1,-1
2015350139615,2,9,0,4,0,1,0,0,0,0,2,1,1,1,44,7,-1,-1,-1,-1,1,-1
2015350139715,1,9,0,18,0,1,0,0,0,0,1,1,6,1,-1,-1,1686,2,11,-1,1,-1
2015350139715,2,9,0,3,0,1,0,0,0,0,2,1,6,2,34,6,1242,1,1,-1,3,-1
2015350139815,1,9,0,1,8,0,0,0,0,0,2,1,6,1,41,7,1896,2,11,-1,1,-1
2015350139915,1,9,0,2,0,0,0,0,0,0,3,1,6,2,53,8,1796,1,8,-1,3,-1
2015350139915,2,1,0,14,0,0,0,8,0,0,1,1,6,2,43,7,-1,-1,-1,-1,2,-1
2015350140015,1,9,0,16,0,0,5,0,7,0,3,1,1,2,28,6,1598,1,9,-1,1,-1
2015350140115,1,9,0,5,0,6,0,0,0,0,1,1,1,1,22,5,1697,2,26,-1,1,-1
2015350140115,2,9,0,18,0,8,0,0,7,4,1,1,6,2,74,10,1388,1,8,-1,1,-1
2015350140215,1,9,0,18,0,0,0,0,1,4,1,1,6,2,18,4,1388,1,13,-1,3,-1
2015350140315,1,9,0,18,0,1,0,0,0,0,1,1,6,1,-1,-1,2967,2,6,-1,1,-1
2015350140315,2,9,0,4,0,1,0,0,0,0,2,1,6,2,37,7,1968,2,9,-1,1,-1
2015350140415,1,19,0,18,0,0,0,0,0,0,4,1,6,3,-1,-1,1968,2,1,-1,-1,-1
2015350140515,1,9,0,18,0,0,0,0,0,0,1,1,6,1,40,7,2402,2,7,-1,-1,-1
2015350140515,2,9,0,4,0,0,0,0,0,0,2,1,6,1,69,10,1995,2,6,-1,-1,-1
2015350140615,1,9,0,11,0,3,0,0,0,0,1,1,6,1,28,6,1995,2,10,-1,1,-1
2015350140615,2,9,0,18,0,8,0,0,0,0,1,1,6,2,35,6,1248,1,4,-1,1,-1
2015350140715,1,9,0,18,0,1,0,4,0,0,1,1,6,3,-1,-1,1995,2,8,-1,-1,-1
2015350140715,2,9,0,7,0,6,0,0,0,0,3,1,6,1,54,8,1598,1,15,-1,-1,-1
2015350140715,3,9,0,2,0,2,0,0,0,0,2,1,6,3,-1,-1,1686,2,2,-1,-1,-1
2015350140815,1,9,0,17,0,0,1,0,1,9,1,1,6,1,31,6,1596,1,14,-1,3,-1
2015350140915,1,9,0,18,0,0,0,0,0,0,1,1,1,2,31,6,2685,2,11,-1,1,-1
2015350140915,2,9,0,2,0,0,0,0,0,0,2,1,6,3,-1,-1,1995,2,9,-1,-1,-1
2015350141015,1,9,0,9,0,6,0,0,0,0,1,1,2,2,19,4,1328,1,11,-1,3,-1
2015350141015,2,5,0,18,0,8,2,0,0,0,1,1,2,1,43,7,1157,1,16,-1,2,-1
2015350141115,1,5,0,9,0,6,1,0,0,0,1,1,6,1,18,4,-1,-1,-1,-1,-1,-1
2015350141115,2,9,0,18,0,8,0,0,0,0,1,1,6,2,83,11,-1,-1,-1,-1,-1,-1
2015350141215,1,9,0,9,0,6,0,0,0,0,3,1,6,1,72,10,2290,1,11,-1,1,-1
2015350141215,2,9,0,17,0,8,0,0,0,0,4,1,1,2,19,4,1124,1,11,-1,1,-1
2015350141315,1,9,0,7,0,5,0,0,0,0,4,1,6,1,58,9,1560,2,4,-1,1,-1
2015350141315,2,1,0,18,0,8,0,0,0,0,1,1,6,1,-1,-1,-1,-1,-1,-1,-1,-1
2015350141415,1,5,0,16,0,5,2,0,0,0,0,1,6,1,44,7,1050,1,4,-1,2,-1
2015350141415,2,5,0,16,0,5,2,0,0,0,0,1,6,2,36,7,675,1,3,-1,2,-1
2015350141515,1,9,0,18,0,8,0,0,0,0,1,1,6,1,43,7,2148,2,6,-1,1,-1
2015350141615,1,1,0,18,0,1,0,0,0,0,3,1,6,1,21,5,-1,-1,-1,-1,1,-1
2015350141615,2,9,0,3,0,1,0,0,0,0,2,1,6,2,47,8,1968,2,7,-1,2,-1
2015350141615,3,9,0,3,0,1,0,0,0,0,4,1,6,1,19,4,-1,-1,-1,-1,2,-1
2015350141715,1,9,0,18,0,4,0,0,0,0,1,1,2,1,66,10,1686,2,5,-1,2,-1
2015350141715,2,1,0,17,0,8,0,0,0,0,4,1,6,1,66,10,-1,-1,-1,-1,1,-1
2015350141815,1,9,0,18,0,0,0,0,0,0,1,1,6,3,-1,-1,-1,-1,-1,-1,-1,-1
2015350141815,2,1,0,18,0,0,0,0,0,0,3,1,6,1,12,3,-1,-1,-1,-1,1,-1
2015350141915,1,11,0,18,0,0,0,0,0,0,4,1,1,1,31,6,4500,2,7,-1,3,-1
2015350142015,1,19,0,18,0,0,0,0,0,0,1,1,1,1,27,6,2198,2,4,-1,1,-1
2015350142015,2,90,0,5,0,0,0,0,0,0,4,1,6,1,68,10,-1,-1,-1,-1,1,-1
2015350142115,1,9,0,9,0,5,0,0,0,0,1,1,6,1,63,9,1390,1,2,-1,2,-1
2015350142115,2,1,0,18,4,8,0,0,0,0,3,1,6,1,40,7,-1,-1,-1,-1,1,-1
2015350142215,1,9,0,18,0,8,0,0,0,0,1,1,1,1,35,6,-1,-1,-1,-1,1,-1
2015350142215,2,9,0,9,0,8,0,0,0,0,2,1,3,2,77,11,1229,1,3,-1,2,-1
2015350142315,1,9,4,18,0,1,0,0,0,0,1,1,6,1,67,10,1422,2,9,-1,2,-1
2015350142315,2,9,0,3,0,1,0,0,0,0,2,1,6,2,54,8,1560,2,4,-1,1,-1
2015350142315,3,9,0,3,0,1,0,0,0,0,2,1,6,1,25,5,2261,1,12,-1,1,-1
2015350142315,4,9,0,10,0,8,0,0,0,0,2,1,6,1,45,7,1969,2,-1,-1,1,-1
2015350142415,1,9,0,4,0,0,1,0,0,0,1,1,6,2,33,6,1198,1,12,-1,1,-1
2015350142415,2,9,0,3,0,0,0,0,0,0,2,1,6,2,29,6,1299,1,15,-1,1,-1
2015350142415,3,9,0,3,0,0,0,0,0,0,2,1,6,1,30,6,2521,1,7,-1,1,-1
2015350142515,1,9,0,5,0,6,0,0,0,0,3,1,6,2,75,10,1339,1,3,-1,3,-1
2015350142515,2,9,0,18,0,1,0,0,0,0,1,1,6,1,46,8,-1,-1,-1,-1,3,-1
2015350142615,1,9,0,18,0,1,0,0,0,0,1,1,6,1,38,7,1998,2,12,-1,1,-1
2015350142615,2,9,0,10,0,1,0,0,0,0,2,1,6,2,36,7,1398,2,2,-1,1,-1
2015350142715,1,9,0,18,0,0,0,0,0,0,1,1,6,1,57,9,1587,1,13,-1,3,-1
2015350142715,2,21,1,18,0,0,0,0,0,0,2,1,1,1,35,6,9290,2,4,-1,1,-1
2015350142815,1,9,0,18,0,8,0,0,0,0,4,1,6,1,46,8,1997,2,11,-1,2,-1
2015350142815,2,9,0,18,0,4,0,0,0,0,1,1,2,2,61,9,1588,1,10,-1,1,-1
2015350142915,1,9,0,9,0,6,0,0,0,0,1,1,6,1,36,7,1896,2,14,-1,2,-1
2015350142915,2,9,0,18,0,8,0,0,0,0,1,1,6,1,56,9,1998,2,9,-1,1,-1
2015350142915,3,9,0,2,0,2,0,0,0,0,2,1,6,3,-1,-1,1590,1,14,-1,-1,-1
2015350143015,1,5,0,4,0,0,2,0,0,0,1,1,6,1,46,8,899,1,11,-1,2,-1
2015350143015,2,19,0,4,0,0,0,0,0,0,2,1,2,1,58,9,1998,2,15,-1,3,-1
2015350143215,1,9,0,17,0,8,0,0,1,1,1,1,6,1,32,6,1275,1,20,-1,3,-1
2015350143215,2,9,0,9,0,5,0,0,1,0,3,1,6,1,66,10,1896,2,17,-1,3,-1
2015350143315,1,9,0,16,0,0,0,0,7,4,1,1,6,2,52,8,1598,1,13,-1,1,-1
2015350143415,1,9,0,4,0,7,0,0,0,0,1,1,6,2,24,5,1299,1,16,-1,2,-1
2015350143415,2,9,0,4,0,7,0,0,0,0,2,1,1,1,25,5,1461,2,1,-1,-1,-1
2015350143615,1,9,0,18,0,4,0,0,0,0,1,1,6,1,31,6,1995,2,8,-1,1,-1
2015350143615,2,9,0,18,0,8,0,0,0,0,3,1,6,1,42,7,2204,2,8,-1,1,-1
2015350143715,1,9,0,4,0,8,0,0,0,0,1,1,1,1,41,7,1995,2,3,-1,1,-1
2015350143715,2,1,0,5,0,4,0,0,0,0,3,1,1,1,28,6,-1,-1,-1,-1,1,-1
2015350143815,1,9,0,4,0,3,0,0,0,0,1,1,6,1,19,4,1398,2,5,-1,2,-1
2015350143815,2,9,0,4,0,3,0,0,0,0,2,1,6,1,39,7,1896,2,12,-1,1,-1
2015350143915,1,9,0,18,0,0,0,0,0,0,1,1,3,2,30,6,1390,1,19,-1,1,-1
2015350144015,1,9,0,5,0,1,0,0,0,0,1,1,6,2,58,9,1598,1,5,-1,1,-1
2015350144015,2,9,0,3,0,1,0,0,0,0,2,1,6,2,46,8,1242,1,8,-1,3,-1
2015350144115,1,19,0,9,0,6,0,0,0,0,1,1,6,1,-1,-1,-1,-1,-1,-1,-1,-1
2015350144115,2,1,0,18,0,8,0,0,0,0,1,1,6,2,42,7,-1,-1,-1,-1,1,-1
2015350144215,1,5,0,14,0,8,0,0,0,0,1,1,6,1,23,5,-1,-1,-1,-1,3,-1
2015350144215,2,21,0,9,0,5,0,0,0,0,3,1,6,1,43,7,-1,-1,-1,-1,3,-1
2015350144415,1,9,0,16,0,0,5,0,7,9,3,1,6,1,61,9,2184,2,11,-1,-1,-1
2015350144515,1,9,0,12,0,8,0,0,0,0,3,1,6,1,58,9,1398,2,11,-1,2,-1
2015350144515,2,3,0,18,0,8,0,0,0,0,1,1,2,1,19,4,125,1,1,-1,3,-1
2015350144615,1,3,0,18,0,8,1,0,0,0,0,1,6,1,49,8,125,1,2,-1,1,-1
2015350144715,1,1,0,18,0,0,0,0,0,0,3,1,6,2,35,6,-1,-1,-1,-1,1,-1
2015350144715,2,9,0,13,0,0,0,0,0,0,4,1,6,1,50,8,1686,2,3,-1,-1,-1
2015350144815,1,9,0,18,0,0,1,0,7,4,3,1,1,2,30,6,1896,2,9,-1,1,-1
2015350144915,1,2,0,16,0,0,1,0,0,0,0,1,2,1,18,4,49,1,4,-1,1,-1
2015350145015,1,9,0,18,0,0,1,0,1,0,1,1,1,2,20,4,-1,-1,-1,-1,1,-1
2015350145115,1,11,0,4,0,0,0,0,0,0,1,1,1,1,-1,-1,-1,-1,-1,-1,-1,-1
2015350145115,2,1,0,18,0,0,0,0,0,0,2,1,6,1,21,5,-1,-1,-1,-1,-1,-1
2015350145215,1,9,0,2,6,0,0,0,0,0,4,1,3,2,56,9,1598,1,10,-1,1,-1
2015350145215,2,1,0,15,9,0,0,8,0,0,3,1,2,2,-1,-1,-1,-1,-1,-1,-1,-1
2015350145315,1,9,0,4,0,1,0,0,0,0,2,1,6,2,43,7,1397,1,7,-1,1,-1
2015350145315,2,9,0,18,0,1,0,0,0,0,1,1,6,3,-1,-1,-1,-1,-1,-1,-1,-1
2015350145415,1,9,0,9,0,6,0,0,0,0,1,1,1,1,55,8,1968,2,1,-1,1,-1
2015350145415,2,1,0,10,0,8,0,0,0,0,2,1,1,1,21,5,-1,-1,-1,-1,1,-1
2015350145515,1,9,0,16,0,0,0,0,0,0,3,1,6,2,70,10,1560,2,2,-1,1,-1
2015350145615,1,5,0,18,0,7,0,0,0,0,1,1,6,1,31,6,1000,1,14,-1,1,-1
2015350145615,2,9,0,4,0,7,0,0,0,0,2,1,6,1,50,8,1596,1,3,-1,1,-1
2015350145715,1,9,0,17,0,0,1,10,0,0,1,1,6,2,18,4,1149,1,13,-1,1,-1
2015350145715,2,9,0,16,0,0,0,10,1,0,1,1,6,2,28,6,1332,1,6,-1,1,-1
2015350145815,1,9,0,11,0,0,1,0,0,7,1,1,6,1,28,6,1988,1,13,-1,2,-1
2015350147015,1,9,0,2,0,0,0,0,0,0,4,1,6,1,40,7,1870,2,11,-1,2,-1
2015350147015,2,1,0,18,0,0,0,8,0,0,1,1,6,1,60,9,-1,-1,-1,-1,2,-1
2015350147115,1,9,0,5,0,6,0,0,0,0,3,1,6,2,43,7,1850,1,16,-1,3,-1
2015350147115,2,19,0,17,0,8,0,0,0,0,1,1,6,1,29,6,2143,2,-1,-1,3,-1
2015350147215,1,9,0,18,0,0,1,0,0,6,1,1,6,1,53,8,1124,1,13,-1,1,-1
2015350147315,1,19,0,18,0,0,0,0,0,0,4,1,1,3,-1,-1,-1,-1,-1,-1,-1,-1
2015350147415,1,9,0,5,0,6,0,0,3,0,1,1,6,1,20,4,1199,1,12,-1,2,-1
2015350147515,1,9,0,18,0,0,0,0,0,0,1,1,2,1,42,7,1956,2,2,-1,3,-1
2015350147515,2,9,0,4,0,0,0,0,0,0,2,1,1,1,59,9,1422,2,1,-1,1,-1
2015350147615,1,3,0,9,0,4,1,0,0,0,0,1,1,1,59,9,-1,-1,-1,-1,1,-1
2015350147715,1,9,0,18,0,6,0,0,7,0,4,1,6,2,84,11,998,1,13,-1,1,-1
2015350147715,2,9,0,18,0,8,0,0,1,0,1,1,6,2,26,6,1598,1,4,-1,1,-1
2015350147815,1,9,0,1,0,6,0,0,0,0,2,1,6,2,-1,-1,1240,1,7,-1,3,-1
2015350147815,2,9,0,18,0,8,0,0,0,0,3,1,6,2,55,8,1560,2,7,-1,3,-1
2015350147915,1,9,0,7,0,5,0,0,0,0,4,1,6,2,-1,-1,1199,1,13,-1,-1,-1
2015350147915,2,1,0,18,0,8,0,0,0,0,3,1,6,1,68,10,-1,-1,-1,-1,1,-1
2015350148015,1,9,0,18,0,8,0,0,0,0,1,1,6,1,68,10,1998,1,-1,-1,1,-1
2015350148015,2,1,0,18,0,6,0,0,0,0,1,1,6,1,-1,-1,-1,-1,-1,-1,-1,-1
2015350148115,1,3,0,4,0,1,1,0,0,0,0,1,6,1,22,5,125,1,5,-1,1,-1
2015350148215,1,9,0,1,0,6,0,0,0,0,2,1,6,1,-1,-1,1896,2,11,-1,3,-1
2015350148315,1,19,0,7,0,5,0,0,0,0,4,1,1,1,53,8,-1,-1,-1,-1,1,-1
2015350148315,2,1,0,18,0,8,0,0,0,0,3,1,2,1,26,6,-1,-1,-1,-1,1,-1
2015350148415,1,9,0,17,0,0,1,0,7,9,4,1,6,2,50,8,1461,2,11,-1,2,-1
2015350148515,1,9,0,5,0,0,0,0,0,0,1,1,6,1,41,7,1560,2,3,-1,3,-1
2015350148515,2,1,0,18,0,0,0,0,0,0,1,1,6,2,-1,-1,-1,-1,-1,-1,-1,-1
2015350148615,1,19,0,11,0,8,0,0,0,0,0,1,6,1,45,7,-1,-1,-1,-1,-1,-1
2015350148615,2,1,0,4,0,8,0,0,0,0,0,1,6,1,56,9,-1,-1,-1,-1,1,-1
2015350148715,1,9,0,18,0,0,0,0,0,0,1,1,6,1,-1,-1,1364,1,8,-1,-1,-1
2015350148715,2,9,0,4,0,0,0,0,0,0,2,1,6,1,45,7,1398,1,10,-1,1,-1
2015350148915,1,5,0,18,0,0,1,0,0,0,1,1,6,1,31,6,-1,-1,-1,-1,3,-1
2015350148915,2,9,0,18,0,0,1,0,0,0,1,1,6,2,47,8,1968,2,9,-1,3,-1
2015350149015,1,9,0,9,0,5,0,0,0,0,1,1,6,1,22,5,1360,1,13,-1,1,-1
2015350149015,2,9,0,18,0,8,0,0,0,0,1,1,2,1,45,7,998,1,3,-1,1,-1
2015350149115,1,9,0,18,0,0,0,0,1,2,1,1,6,1,17,4,1198,1,7,-1,3,-1
2015350149215,1,9,0,11,0,8,0,0,0,0,4,1,6,1,71,10,1799,1,9,-1,1,-1