Accident_Index,Vehicle_Reference,Vehicle_Type,Towing_and_Articulation,Vehicle_Manoeuvre,Vehicle_Location-Restricted_Lane,Junction_Location,Skidding_and_Overturning,Hit_Object_in_Carriageway,Vehicle_Leaving_Carriageway,Hit_Object_off_Carriageway,1st_Point_of_Impact,Was_Vehicle_Left_Hand_Drive?,Journey_Purpose_of_Driver,Sex_of_Driver,Age_of_Driver,Age_Band_of_Driver,Engine_Capacity_(CC),Propulsion_Code,Age_of_Vehicle,Driver_IMD_Decile,Driver_Home_Area_Type,Vehicle_IMD_Decile
2015350149215,2,9,0,18,0,8,0,0,0,0,3,1,1,1,18,4,998,1,-1,-1,3,-1
2015350149315,1,1,0,17,0,0,0,0,0,0,1,1,6,1,19,4,-1,-1,-1,-1,1,-1
2015350149315,2,9,0,16,0,0,0,0,0,0,1,1,6,2,28,6,-1,-1,-1,-1,1,-1
2015350149415,1,4,0,18,6,0,0,0,1,9,3,1,6,1,40,7,125,1,9,-1,2,-1
2015350149415,2,9,0,11,7,0,0,0,0,0,4,1,6,1,22,5,1968,2,8,-1,1,-1
2015350149515,1,4,0,18,0,0,0,0,1,9,1,1,6,2,57,9,244,1,16,-1,3,-1
2015350149615,1,3,0,17,0,0,2,0,7,0,1,1,6,1,43,7,125,1,-1,-1,2,-1
2015350149715,1,21,0,11,0,0,0,0,0,0,4,1,1,1,48,8,12902,2,-1,-1,1,-1
2015350149715,2,9,0,18,0,0,0,0,0,0,3,1,6,2,32,6,1149,1,6,-1,1,-1
2015350149815,1,9,0,18,0,0,0,4,0,0,4,1,6,2,35,6,1910,2,7,-1,1,-1
2015350149815,2,9,0,2,0,0,0,0,1,0,3,1,6,3,-1,-1,1986,2,10,-1,1,-1
2015350149915,1,9,0,18,0,0,0,0,7,4,1,1,1,2,26,6,1587,1,9,-1,1,-1
2015350149915,2,9,0,18,0,0,0,0,0,0,0,1,6,3,-1,-1,-1,-1,-1,-1,-1,-1
2015350150015,1,21,1,11,0,0,0,0,0,0,4,1,1,1,57,9,12900,2,8,-1,1,-1
2015350150015,2,9,0,18,0,0,2,0,0,0,3,1,6,2,64,9,1242,1,2,-1,1,-1
2015350150115,1,19,0,5,0,4,0,0,0,0,1,1,1,1,19,4,-1,-1,-1,-1,3,-1
2015350150115,2,9,0,4,0,4,0,0,0,0,2,1,6,1,48,8,1781,1,13,-1,2,-1
2015350150215,1,9,0,18,0,0,1,0,0,0,1,1,6,1,21,5,1124,1,13,-1,2,-1
2015350150215,2,9,0,4,0,0,0,0,0,0,2,1,6,2,31,6,1598,1,10,-1,1,-1
2015350150315,1,9,0,12,0,1,2,10,7,4,1,1,6,1,19,4,1398,2,13,-1,2,-1
2015350150415,1,9,0,18,0,1,0,0,0,0,1,1,6,2,31,6,1600,1,11,-1,1,-1
2015350150415,2,9,0,10,0,1,0,0,0,0,2,1,2,1,49,8,1997,2,15,-1,1,-1
2015350150515,1,9,0,18,0,0,0,0,0,0,1,1,6,2,19,4,1397,1,15,-1,1,-1
2015350150515,2,9,0,18,0,0,5,0,7,4,1,1,6,2,60,9,1560,2,1,-1,2,-1
2015350150515,3,19,0,18,0,0,0,10,0,0,1,1,1,1,43,7,1995,2,3,-1,1,-1
2015350150615,1,9,0,18,0,0,2,0,1,7,4,1,2,1,36,7,1364,1,10,-1,2,-1
2015350150815,1,9,0,18,0,0,0,0,0,0,3,1,6,2,79,11,1796,1,13,-1,2,-1
2015350150815,2,11,0,18,0,0,0,0,0,0,3,1,1,1,48,8,4461,2,-1,-1,1,-1
2015350150915,1,9,0,18,0,8,0,0,0,0,1,1,6,2,97,11,1296,1,20,-1,1,-1
2015350150915,2,9,0,18,0,8,0,0,0,0,1,1,6,2,65,9,1339,1,8,-1,1,-1
2015350151015,1,9,0,4,0,0,1,0,0,0,1,1,6,2,31,6,1598,1,13,-1,1,-1
2015350151015,2,9,0,3,0,0,0,0,0,0,2,1,6,2,29,6,1597,2,1,-1,1,-1
2015350151415,1,9,0,5,0,6,0,0,0,0,1,1,6,3,-1,-1,-1,-1,-1,-1,-1,-1
2015350151415,2,4,0,18,0,8,0,0,0,0,1,1,6,1,18,4,-1,-1,-1,-1,1,-1
2015350151615,1,9,0,18,0,1,0,0,0,0,1,1,6,2,35,6,1560,2,4,-1,-1,-1
2015350151615,2,9,0,4,0,1,0,0,0,0,2,1,6,2,42,7,998,1,5,-1,2,-1
2015350151615,3,9,0,4,0,1,0,0,0,0,2,1,6,2,45,7,-1,-1,-1,-1,2,-1
2015350151715,1,9,0,13,0,0,0,0,7,3,1,1,6,1,36,7,1598,1,11,-1,1,-1
2015350151715,2,9,0,18,0,0,0,0,0,0,1,1,6,1,-1,-1,1968,2,6,-1,1,-1
2015350151815,1,9,0,13,0,1,1,0,7,4,1,1,6,1,25,5,2000,2,11,-1,1,-1
2015350151815,2,9,0,9,0,5,0,0,0,0,3,1,2,2,60,9,1997,2,5,-1,1,-1
2015350151915,1,9,0,18,0,0,5,0,0,0,1,1,6,2,19,4,1242,1,5,-1,2,-1
2015350151915,2,9,0,18,0,0,1,0,0,0,3,1,6,1,58,9,1560,2,3,-1,1,-1
2015350152015,1,9,0,18,0,1,1,0,0,0,1,1,1,1,29,6,1296,1,8,-1,2,-1
2015350152015,2,9,0,10,0,8,0,0,0,0,2,1,6,2,45,7,1364,1,9,-1,2,-1
2015350152115,1,3,0,18,0,0,1,0,0,0,1,1,2,1,27,6,748,1,26,-1,1,-1
2015350152115,2,9,0,18,0,0,0,0,0,0,2,1,2,2,42,7,1968,2,8,-1,1,-1
2015350152215,1,9,0,11,0,0,0,0,0,0,4,1,6,2,70,10,1686,2,13,-1,3,-1
2015350152215,2,1,0,18,0,0,0,0,0,0,3,1,6,2,75,10,-1,-1,-1,-1,1,-1
2015350152315,1,9,0,18,0,4,0,0,0,0,3,1,1,2,59,9,1396,1,6,-1,3,-1
2015350152315,2,1,0,18,0,8,0,0,0,0,1,1,1,1,34,6,-1,-1,-1,-1,2,-1
2015350152415,1,9,0,4,0,0,0,0,0,0,1,1,2,1,20,4,1390,1,12,-1,-1,-1
2015350152415,2,9,0,3,0,0,0,0,0,0,2,1,2,1,50,8,1200,1,-1,-1,2,-1
2015350152515,1,9,0,17,0,0,2,0,1,4,1,1,2,2,22,5,1598,2,2,-1,2,-1
2015350152615,1,19,0,7,0,5,0,0,0,0,1,1,1,1,28,6,1995,2,7,-1,3,-1
2015350152715,1,9,0,4,0,0,0,0,0,0,2,1,6,2,38,7,1240,1,11,-1,1,-1
2015350152715,2,9,0,18,0,0,0,0,0,0,1,1,6,2,20,4,-1,-1,-1,-1,-1,-1
2015350152715,3,11,0,3,0,0,0,0,0,0,0,1,6,2,60,9,-1,-1,-1,-1,-1,-1
2015350152815,1,1,0,18,0,8,0,0,0,0,3,1,2,2,35,6,-1,-1,-1,-1,1,-1
2015350152815,2,9,0,9,0,5,0,0,0,0,1,1,6,1,45,7,-1,-1,-1,-1,-1,-1
2015350152915,1,9,0,9,0,3,0,0,0,0,1,1,6,1,27,6,1598,1,13,-1,1,-1
2015350153015,1,9,0,12,0,0,0,0,0,0,1,1,1,2,49,8,2143,2,-1,-1,2,-1
2015350153015,2,9,0,18,0,0,0,0,0,0,3,1,1,2,18,4,1299,1,12,-1,2,-1
2015350153115,1,9,0,9,0,5,0,0,0,0,1,1,6,1,41,7,2496,2,9,-1,1,-1
2015350153115,2,90,0,5,0,8,0,0,0,0,1,1,6,1,65,9,-1,-1,-1,-1,3,-1
2015350153215,1,9,0,18,0,0,0,0,0,0,1,1,2,1,27,6,2982,2,8,-1,-1,-1
2015350153215,2,9,0,3,0,0,0,0,0,0,2,1,2,2,49,8,1197,1,2,-1,2,-1
2015350153315,1,9,0,5,0,4,1,0,1,0,1,1,6,1,21,5,1753,2,15,-1,-1,-1
2015350153315,2,9,0,5,0,4,0,0,1,0,2,1,6,1,29,6,-1,-1,-1,-1,1,-1
2015350153415,1,9,0,18,0,0,0,0,0,0,1,1,6,1,-1,-1,1968,2,8,-1,-1,-1
2015350153415,2,9,0,3,0,0,0,0,0,0,2,1,6,2,35,6,1968,2,3,-1,2,-1
2015350153515,1,20,0,18,0,0,0,0,0,0,1,1,1,1,-1,-1,-1,2,21,-1,-1,-1
2015350153515,2,9,0,18,0,0,0,0,0,0,1,1,1,1,51,8,2400,1,13,-1,3,-1
2015350153715,1,9,0,3,0,1,0,0,0,0,2,1,6,1,42,7,-1,-1,-1,-1,2,-1
2015350153715,2,9,0,18,0,1,0,0,0,0,1,1,6,1,51,8,1192,1,34,-1,1,-1
2015350153815,1,9,0,1,0,8,0,0,0,0,2,1,6,2,27,6,-1,-1,-1,-1,1,-1
2015350153915,1,9,0,6,0,2,0,0,0,0,3,1,6,1,49,8,2179,2,1,-1,1,-1
2015350153915,2,4,0,13,0,2,0,0,0,0,4,1,6,1,45,7,278,1,1,-1,1,-1
2015350154015,1,9,0,17,0,1,0,4,0,0,1,1,6,2,18,4,998,1,20,-1,1,-1
2015350154015,2,9,0,2,0,1,0,0,0,0,1,1,6,3,-1,-1,1598,1,11,-1,1,-1
2015350154115,1,4,0,18,0,0,0,0,0,0,1,1,6,1,21,5,745,1,7,-1,-1,-1
2015350154115,2,9,0,4,0,0,0,0,0,0,2,1,6,2,52,8,1995,2,-1,-1,3,-1
2015350154115,3,9,0,2,0,0,0,0,0,0,0,1,6,1,-1,-1,-1,-1,-1,-1,-1,-1
2015350154215,1,20,0,18,0,0,0,0,0,0,1,1,6,1,58,9,12900,2,4,-1,2,-1
2015350154215,2,9,0,18,0,0,0,0,0,0,1,1,6,1,50,8,-1,-1,-1,-1,3,-1
2015350154215,3,19,0,18,0,0,0,0,0,0,3,1,2,2,31,6,-1,-1,-1,-1,2,-1
2015350154415,1,9,0,17,0,0,5,0,8,4,1,1,6,2,23,5,1149,1,7,-1,1,-1
2015350154515,1,9,0,18,0,0,0,0,0,0,1,1,6,1,20,4,998,1,13,-1,1,-1
2015350154515,2,9,0,4,0,0,0,0,0,0,2,1,6,1,25,5,1360,1,8,-1,2,-1
2015350154515,3,9,0,4,0,0,0,0,0,0,2,1,6,2,56,9,1248,1,1,-1,1,-1
2015350154515,4,9,0,3,0,0,0,0,0,0,2,1,6,1,22,5,2000,2,10,-1,-1,-1
2015350154615,1,9,0,5,0,8,0,0,0,0,0,1,6,1,-1,-1,1896,2,11,-1,-1,-1
2015350154615,2,1,0,18,0,8,0,0,0,0,0,1,6,1,54,8,-1,-1,-1,-1,1,-1
2015350154715,1,9,0,18,0,0,5,0,1,9,1,1,6,1,66,10,1587,1,13,-1,3,-1
2015350154715,2,9,0,18,0,0,0,0,0,0,1,1,6,1,18,4,1753,2,10,-1,3,-1
2015350154815,1,9,0,13,0,8,0,0,0,0,4,1,2,1,20,4,-1,-1,-1,-1,-1,-1
2015350154815,2,1,0,18,0,8,0,0,0,0,3,1,6,1,36,7,-1,-1,-1,-1,1,-1
2015350154915,1,9,0,18,0,0,0,0,0,0,3,1,6,2,44,7,1461,2,4,-1,2,-1
2015350154915,2,9,0,18,0,0,0,0,0,0,3,1,6,2,-1,-1,-1,-1,-1,-1,-1,-1
2015350155015,1,9,0,9,0,6,0,0,0,0,4,1,6,2,35,6,1289,1,17,-1,-1,-1
2015350155015,2,1,0,18,0,8,0,0,0,0,4,1,2,2,36,7,-1,-1,-1,-1,1,-1
2015350155115,1,9,0,18,0,7,0,0,0,0,1,1,6,1,84,11,1390,1,3,-1,1,-1
2015350155115,2,9,0,5,0,8,0,0,0,0,4,1,6,1,70,10,1598,1,3,-1,2,-1
2015350155215,1,8,0,9,0,4,0,0,0,0,3,1,1,1,45,7,1896,2,8,-1,-1,-1
2015350155215,2,1,0,18,0,8,0,0,0,0,4,1,6,1,34,6,-1,-1,-1,-1,1,-1
2015350155315,1,9,0,18,0,1,0,0,0,0,1,1,6,1,52,8,1896,2,10,-1,3,-1
2015350155315,2,21,0,2,0,1,0,0,0,0,2,1,1,1,54,8,9290,2,5,-1,3,-1
2015350155415,1,9,0,18,0,7,0,0,0,10,1,1,2,1,50,8,1870,2,12,-1,1,-1
2015350155415,2,9,0,13,0,7,0,0,0,0,0,1,2,1,23,5,1997,2,15,-1,3,-1
2015350155415,3,9,0,4,0,7,0,0,0,0,2,1,2,1,21,5,1599,1,12,-1,3,-1
2015350155415,4,21,0,4,0,8,0,0,0,0,1,1,1,1,45,7,12900,2,6,-1,1,-1
2015350155515,1,9,0,18,0,1,0,0,0,0,1,1,1,1,24,5,-1,-1,-1,-1,-1,-1
2015350155515,2,9,0,9,0,1,0,0,0,0,2,1,1,2,39,7,-1,-1,-1,-1,1,-1
2015350155615,1,8,0,9,0,5,0,0,0,0,1,1,1,1,61,9,1896,2,9,-1,1,-1
2015350155615,2,9,0,18,0,8,0,0,0,0,1,1,6,1,42,7,1590,1,13,-1,2,-1
2015350155715,1,9,0,16,0,2,0,0,0,0,1,1,6,3,-1,-1,-1,-1,-1,-1,-1,-1
2015350155815,1,9,0,9,9,5,0,0,0,0,1,1,6,1,73,10,1246,1,9,-1,1,-1
2015350155815,2,1,0,18,9,8,0,0,0,0,4,1,6,2,54,8,-1,-1,-1,-1,1,-1
2015350155915,1,9,0,4,0,0,0,0,1,4,1,1,6,2,43,7,1598,1,-1,-1,3,-1
2015350156015,1,9,0,1,0,0,0,0,0,0,2,1,6,1,-1,-1,-1,-1,-1,-1,-1,-1
2015350156115,1,9,0,18,0,1,5,0,0,0,1,1,6,2,29,6,1598,1,2,-1,2,-1
2015350156115,2,9,0,18,0,2,0,0,0,0,1,1,6,1,67,10,1997,2,4,-1,3,-1
2015350156115,3,9,0,3,0,1,0,0,0,0,3,1,6,1,74,10,1399,2,9,-1,2,-1
2015350156115,4,9,0,10,0,1,0,0,0,0,3,1,6,1,51,8,4293,1,13,-1,1,-1
2015350156215,1,9,0,4,0,0,0,0,0,0,1,1,2,1,19,4,1198,1,13,-1,-1,-1
2015350156215,2,9,0,3,0,0,0,0,0,0,2,1,1,1,33,6,1598,1,2,-1,1,-1
2015350156215,3,9,0,3,0,0,0,0,0,0,2,1,2,2,28,6,1149,1,5,-1,2,-1
2015350156315,1,9,0,9,0,5,0,0,0,0,4,1,6,1,19,4,1242,1,14,-1,3,-1
2015350156315,2,9,0,18,0,8,0,0,0,0,1,1,2,1,28,6,4000,1,10,-1,3,-1
2015350156415,1,9,0,18,0,1,0,0,0,0,1,1,6,2,42,7,1598,1,6,-1,1,-1
2015350156415,2,9,0,10,0,1,0,0,0,0,2,1,1,2,43,7,1582,2,6,-1,3,-1
2015350156515,1,9,0,5,0,6,0,0,0,0,1,1,6,1,22,5,1360,1,14,-1,3,-1
2015350156515,2,9,0,18,0,8,0,0,0,0,3,1,6,2,22,5,1339,1,8,-1,2,-1
2015350156615,1,9,0,16,0,0,5,10,7,9,1,1,6,1,54,8,-1,-1,-1,-1,1,-1
2015350156715,1,9,0,17,0,0,0,0,7,0,2,1,6,2,55,8,1588,1,21,-1,3,-1
2015350156815,1,1,0,9,9,6,0,0,0,0,1,1,1,1,52,8,-1,-1,-1,-1,3,-1
2015350156815,2,9,0,18,0,8,0,0,0,0,1,1,6,2,49,8,-1,-1,-1,-1,1,-1
2015350156915,1,9,0,5,0,8,0,0,0,0,1,1,6,1,38,7,1461,2,-1,-1,1,-1
2015350156915,2,1,0,18,0,8,0,0,0,0,1,1,6,1,15,3,-1,-1,-1,-1,1,-1
2015350157015,1,19,0,18,0,0,0,0,0,0,1,1,6,1,35,6,1560,2,1,-1,1,-1
2015350157015,2,21,1,18,0,0,0,0,0,0,2,1,1,1,43,7,-1,-1,-1,-1,1,-1
2015350157115,1,9,0,18,0,8,0,0,0,0,1,1,6,1,79,11,1896,2,15,-1,3,-1
2015350157115,2,9,0,9,0,8,5,0,0,0,4,1,6,2,54,8,2500,2,-1,-1,2,-1
2015350157215,1,9,0,18,0,3,2,0,0,0,4,1,6,2,37,7,1997,2,3,-1,1,-1
2015350157215,2,9,0,4,0,8,0,0,0,0,3,1,6,2,36,7,2179,2,1,-1,3,-1
2015350157315,1,9,0,5,0,6,0,0,0,0,3,1,6,2,-1,-1,1998,2,16,-1,-1,-1
2015350157315,2,3,0,18,0,8,0,0,0,0,1,1,6,1,38,7,125,1,1,-1,1,-1
2015350157415,1,9,0,17,0,0,2,0,7,9,2,1,6,2,26,6,1598,1,13,-1,1,-1
2015350157515,1,9,0,4,0,0,0,0,0,0,1,1,1,1,28,6,-1,-1,-1,-1,1,-1
2015350157515,2,9,0,4,0,0,0,0,0,0,2,1,1,1,72,10,2521,1,11,-1,3,-1
2015350157515,3,9,0,4,0,0,0,0,0,0,2,1,1,1,39,7,1968,2,2,-1,1,-1
2015350157615,1,9,0,9,0,6,0,0,0,0,3,1,6,2,60,9,1753,2,9,-1,1,-1
2015350157615,2,9,0,18,0,8,1,0,0,0,1,1,6,1,42,7,998,1,11,-1,3,-1
2015350157715,1,9,0,13,0,0,1,0,7,9,3,1,2,2,48,8,1968,2,1,-1,2,-1
2015350157715,2,21,0,18,0,0,0,0,0,0,3,1,1,1,24,5,5880,2,1,-1,1,-1
2015350157815,1,9,0,7,0,8,0,0,0,0,1,1,6,2,26,6,1598,2,4,-1,1,-1
2015350157815,2,90,0,18,0,8,0,0,0,0,1,1,4,2,11,3,-1,-1,-1,-1,1,-1
2015350157915,1,9,0,7,0,6,0,0,0,0,3,1,1,1,22,5,1396,2,13,-1,2,-1
2015350157915,2,9,0,18,0,8,0,0,0,0,1,1,6,2,61,9,1997,2,1,-1,1,-1
2015350157915,3,9,0,18,0,8,0,0,7,0,4,1,1,1,25,5,1242,1,9,-1,3,-1
2015350158015,1,9,0,18,0,0,0,0,0,0,1,1,1,1,20,4,1124,1,11,-1,1,-1
2015350158015,2,9,0,4,0,0,0,0,0,0,2,1,6,2,65,9,998,1,5,-1,1,-1
2015350158115,1,9,0,16,0,6,0,0,1,7,4,1,6,2,24,5,1598,1,9,-1,2,-1
2015350158215,1,9,0,18,0,4,0,0,0,0,1,1,6,1,61,9,-1,-1,-1,-1,1,-1
2015350158215,2,1,0,9,0,8,0,0,0,0,4,1,6,1,13,3,-1,-1,-1,-1,-1,-1
2015350158315,1,9,0,17,0,0,0,0,0,0,1,1,6,1,25,5,1124,1,14,-1,1,-1
2015350158315,2,9,0,16,0,0,0,0,0,0,1,1,6,1,59,9,998,1,1,-1,2,-1
2015350158415,1,21,0,11,0,0,0,0,0,0,1,1,1,1,56,9,11946,2,3,-1,1,-1
2015350158415,2,9,0,18,0,0,0,0,1,9,3,1,6,2,73,10,1799,1,6,-1,2,-1
2015350158515,1,9,0,18,0,0,5,0,0,0,1,1,2,1,46,8,998,1,18,-1,1,-1
2015350158515,2,9,0,18,0,0,0,0,0,0,1,1,2,2,39,7,2993,2,7,-1,2,-1
2015350158615,1,9,0,9,0,6,0,0,0,0,3,1,6,1,81,11,998,1,12,-1,3,-1
2015350158615,2,5,0,18,0,8,0,0,0,0,1,1,6,1,47,8,600,1,13,-1,1,-1
2015350158715,1,9,0,18,0,0,0,0,1,0,1,1,6,2,70,10,1396,1,14,-1,1,-1
2015350158715,2,90,0,18,0,0,0,0,0,0,2,1,1,1,48,8,6871,2,10,-1,3,-1
2015350158815,1,9,0,5,0,4,0,0,0,0,3,1,6,1,51,8,1339,1,3,-1,1,-1
2015350158815,2,1,0,18,0,8,0,0,0,0,4,1,6,2,27,6,-1,-1,-1,-1,1,-1
2015350158915,1,9,0,18,0,0,0,0,0,0,1,1,6,1,-1,-1,2979,1,-1,-1,-1,-1
2015350158915,2,9,0,18,0,0,0,0,1,1,1,1,6,1,60,9,1798,1,4,-1,1,-1
2015350159015,1,9,0,7,0,3,1,0,2,4,1,1,6,2,33,6,1984,1,14,-1,1,-1
2015350159115,1,9,0,17,0,0,1,0,1,4,2,1,6,2,46,8,1248,1,5,-1,2,-1
2015350159215,1,9,0,18,0,0,0,4,0,0,1,1,6,2,29,6,-1,-1,-1,-1,3,-1
2015350159215,2,9,0,2,0,0,0,0,0,0,2,1,6,3,-1,-1,-1,-1,-1,-1,-1,-1
2015350159215,3,9,0,2,0,0,0,0,0,0,2,1,6,3,-1,-1,-1,-1,-1,-1,-1,-1
2015350159315,1,1,0,5,3,2,0,0,0,0,1,1,6,2,30,6,-1,-1,-1,-1,1,-1
2015350159315,2,11,0,18,3,2,0,0,0,0,4,1,1,2,48,8,6700,2,8,-1,2,-1
2015350159415,1,5,0,18,0,1,0,0,0,0,1,1,6,1,60,9,782,1,-1,-1,1,-1
2015350159415,2,9,0,4,0,1,0,0,0,0,2,1,1,2,25,5,1995,2,4,-1,1,-1
2015350159515,1,9,0,18,0,0,0,0,1,4,1,1,6,1,23,5,2720,2,8,-1,1,-1
2015350159515,2,21,1,18,0,0,0,0,0,0,2,1,1,1,50,8,12777,2,4,-1,1,-1
2015350159615,1,9,0,4,0,0,0,0,0,0,1,1,6,1,38,7,1461,2,5,-1,2,-1
2015350159615,2,9,0,4,0,0,0,0,0,0,2,1,6,2,42,7,899,1,2,-1,3,-1
2015350159715,1,9,0,18,0,0,0,0,0,0,1,1,2,1,50,8,1910,2,9,-1,-1,-1
2015350159715,2,9,0,4,0,0,0,0,0,0,2,1,2,1,20,4,-1,-1,-1,-1,-1,-1
2015350159715,3,9,0,4,0,0,0,0,0,0,2,1,2,1,59,9,1595,1,2,-1,2,-1
2015350159815,1,9,0,5,0,4,0,0,0,0,1,1,2,1,53,8,1686,2,12,-1,2,-1
2015350159815,2,9,0,4,0,4,0,0,0,0,2,1,2,1,37,7,1390,2,13,-1,-1,-1
2015350159915,1,9,0,4,0,1,0,0,0,0,1,1,2,2,27,6,1598,2,3,-1,1,-1
2015350159915,2,9,0,3,0,1,0,0,0,0,2,1,2,2,31,6,2198,2,9,-1,3,-1
2015350160015,1,19,0,9,0,5,0,0,0,0,3,1,2,1,35,6,2198,2,1,-1,2,-1
2015350160015,2,4,0,13,0,8,0,0,7,10,1,1,6,1,35,6,647,1,9,-1,3,-1
2015350160115,1,9,0,8,0,1,0,0,0,0,2,1,6,1,88,11,1124,1,16,-1,1,-1
2015350160115,2,9,0,18,0,1,0,0,0,0,3,1,6,1,20,4,-1,-1,-1,-1,1,-1
2015350160215,1,9,0,17,0,0,0,0,0,0,1,1,6,1,28,6,1910,2,8,-1,1,-1
2015350160215,2,9,0,16,0,0,0,0,0,0,1,1,6,2,52,8,1796,1,9,-1,1,-1
2015350160315,1,9,0,4,0,4,1,9,0,1,1,1,6,2,34,6,1598,1,10,-1,2,-1
2015350160415,1,9,0,17,0,0,1,0,1,4,1,1,6,1,50,8,1398,2,10,-1,1,-1
2015350160515,1,9,0,17,0,8,1,0,1,10,1,1,6,1,24,5,1984,1,6,-1,-1,-1
2015350160715,1,9,0,5,0,6,0,0,0,0,1,1,6,1,49,8,-1,-1,-1,-1,3,-1
2015350160715,2,1,0,18,0,8,0,0,0,0,4,1,6,1,49,8,-1,-1,-1,-1,3,-1
2015350160815,1,9,0,18,0,1,0,0,0,0,1,1,1,2,48,8,998,1,2,-1,1,-1
2015350160815,2,19,0,18,0,1,0,0,0,0,2,1,1,1,49,8,2178,2,13,-1,1,-1
2015350160915,1,9,0,18,0,0,0,4,3,10,1,1,6,2,40,7,1560,2,7,-1,1,-1
2015350160915,2,9,0,2,0,0,0,0,0,0,2,1,6,1,54,8,1910,2,7,-1,1,-1
2015350161015,1,4,0,18,0,0,0,0,0,0,1,1,6,2,49,8,-1,-1,-1,-1,-1,-1
2015350161215,1,9,0,18,0,1,0,0,7,2,1,1,6,2,24,5,998,1,14,-1,2,-1
2015350161315,1,9,0,18,0,1,0,0,1,3,4,1,2,1,18,4,1299,1,7,-1,1,-1
2015350161415,1,9,0,4,0,1,0,0,0,0,1,1,6,2,55,8,1598,1,10,-1,3,-1
2015350161415,2,9,0,3,0,1,0,0,0,0,2,1,2,2,25,5,1229,1,1,-1,1,-1
2015350161415,3,1,0,18,0,8,0,0,0,0,1,1,6,1,32,6,-1,-1,-1,-1,-1,-1
2015350161515,1,9,0,10,0,1,0,0,0,0,2,1,6,2,34,6,1396,1,16,-1,1,-1
2015350161515,2,1,0,4,0,1,0,0,0,0,1,1,1,1,20,4,-1,-1,-1,-1,1,-1
2015350161615,1,9,0,16,0,0,0,0,0,0,1,1,6,1,36,7,-1,-1,-1,-1,1,-1
2015350161615,2,9,0,4,0,0,0,0,0,0,2,1,6,1,52,8,1995,2,2,-1,-1,-1
2015350161615,3,9,0,4,0,0,0,0,0,0,2,1,6,2,55,8,1968,2,1,-1,1,-1
2015350161715,1,19,0,18,0,8,0,0,1,10,1,1,1,1,23,5,1598,2,2,-1,3,-1
2015350161715,2,19,0,18,0,8,0,0,1,10,3,1,1,1,27,6,1598,2,1,-1,3,-1
2015350161815,1,9,0,2,6,0,0,0,0,0,3,1,6,1,18,4,1199,1,15,-1,-1,-1
2015350161815,2,9,0,4,0,0,0,0,0,0,1,1,6,2,26,6,1198,1,11,-1,1,-1
2015350161815,3,1,0,5,0,0,0,8,0,0,4,1,4,1,14,3,-1,-1,-1,-1,1,-1
2015350161915,1,1,0,18,5,0,0,0,0,0,4,1,6,1,40,7,-1,-1,-1,-1,3,-1
2015350162015,1,9,0,12,0,0,0,0,0,0,2,1,6,2,51,8,1229,1,2,-1,2,-1
2015350162015,2,5,0,18,0,0,0,0,0,0,1,1,6,1,52,8,600,1,13,-1,2,-1
2015350162115,1,9,0,2,0,0,0,0,0,0,3,1,6,1,41,7,1995,2,5,-1,1,-1
2015350162115,2,1,0,14,0,0,0,8,0,0,4,1,6,2,27,6,-1,-1,-1,-1,1,-1
2015350162215,1,9,0,9,0,6,0,0,0,0,1,1,2,2,58,9,1598,1,11,-1,2,-1
2015350162215,2,1,0,18,0,8,5,0,0,0,1,1,2,2,58,9,-1,-1,-1,-1,1,-1
2015350162315,1,4,0,7,0,5,0,0,0,0,4,1,6,2,17,4,108,1,-1,-1,1,-1
2015350162415,1,1,0,18,0,8,0,0,0,0,3,1,6,1,39,7,-1,-1,-1,-1,1,-1
2015350162415,2,9,0,7,0,3,0,0,0,0,4,1,6,2,30,6,-1,-1,-1,-1,-1,-1
2015350162515,1,2,0,9,0,6,0,0,0,0,1,1,6,1,27,6,125,1,4,-1,1,-1
2015350162515,2,1,0,15,0,8,0,0,0,0,1,1,2,2,38,7,-1,-1,-1,-1,1,-1
2015350162615,1,9,0,4,0,0,0,0,0,0,1,1,6,1,-1,-1,-1,-1,-1,-1,-1,-1
2015350162615,2,9,0,3,0,0,0,0,0,0,2,1,3,2,27,6,1968,2,5,-1,1,-1
2015350162715,1,9,0,2,0,0,0,0,0,0,3,1,6,1,-1,-1,-1,-1,-1,-1,-1,-1
2015350162715,2,1,0,14,0,0,0,8,0,0,1,1,6,1,33,6,-1,-1,-1,-1,1,-1
2015350162815,1,19,0,18,0,0,0,0,1,9,1,1,2,1,20,4,-1,-1,-1,-1,1,-1
2015350162915,1,1,0,7,0,6,0,0,0,0,1,1,2,1,49,8,-1,-1,-1,-1,1,-1
2015350162915,2,9,0,3,0,8,0,0,0,0,2,1,1,2,45,7,1582,2,3,-1,-1,-1
2015350163015,1,9,0,4,0,1,0,0,0,0,1,1,1,1,26,6,-1,-1,-1,-1,1,-1
2015350163015,2,9,0,4,0,1,0,0,0,0,2,1,2,2,30,6,1998,1,9,-1,1,-1
2015350163115,1,9,0,9,0,6,0,0,0,0,1,1,2,2,33,6,1388,1,12,-1,1,-1
2015350163215,1,1,0,18,0,8,0,0,0,0,2,1,6,1,11,3,-1,-1,-1,-1,2,-1