Accident_Index,Vehicle_Reference,Vehicle_Type,Towing_and_Articulation,Vehicle_Manoeuvre,Vehicle_Location-Restricted_Lane,Junction_Location,Skidding_and_Overturning,Hit_Object_in_Carriageway,Vehicle_Leaving_Carriageway,Hit_Object_off_Carriageway,1st_Point_of_Impact,Was_Vehicle_Left_Hand_Drive?,Journey_Purpose_of_Driver,Sex_of_Driver,Age_of_Driver,Age_Band_of_Driver,Engine_Capacity_(CC),Propulsion_Code,Age_of_Vehicle,Driver_IMD_Decile,Driver_Home_Area_Type,Vehicle_IMD_Decile
2015350163215,2,9,0,7,0,6,0,0,0,0,1,1,6,3,-1,-1,-1,-1,-1,-1,-1,-1
2015350163315,1,9,0,1,0,8,0,10,0,10,2,1,6,2,66,10,1896,2,7,-1,1,-1
2015350163415,1,9,0,18,0,0,0,4,0,0,1,1,6,2,19,4,1242,1,13,-1,3,-1
2015350163415,2,21,1,2,0,0,0,0,0,0,2,1,6,1,60,9,-1,-1,-1,-1,3,-1
2015350163515,1,21,1,17,0,8,1,0,0,0,3,2,1,1,24,5,-1,-1,-1,-1,-1,-1
2015350163515,2,9,0,16,0,8,2,0,1,0,1,1,6,2,59,9,-1,-1,-1,-1,3,-1
2015350163615,1,9,0,18,0,0,1,0,0,0,1,1,1,1,58,9,1968,2,2,-1,2,-1
2015350163615,2,9,0,3,0,0,0,0,1,0,2,1,2,2,34,6,1498,1,9,-1,-1,-1
2015350163615,3,19,0,3,0,0,0,0,1,0,3,1,1,1,49,8,1560,2,-1,-1,2,-1
2015350163615,4,9,0,3,0,0,0,0,0,0,2,1,1,1,52,8,1968,2,7,-1,3,-1
2015350163715,1,9,0,2,0,0,0,0,0,0,3,1,2,1,-1,-1,-1,-1,-1,-1,-1,-1
2015350163715,2,1,0,14,0,0,0,8,0,0,4,1,2,2,47,8,-1,-1,-1,-1,1,-1
2015350163815,1,9,0,7,0,5,0,0,0,0,4,1,6,1,45,7,2143,2,6,-1,1,-1
2015350163815,2,1,0,18,0,8,0,0,0,0,2,1,6,2,24,5,-1,-1,-1,-1,1,-1
2015350163915,1,21,1,12,0,8,0,0,0,0,3,1,1,1,49,8,-1,-1,-1,-1,-1,-1
2015350163915,2,9,0,11,0,8,0,0,0,0,4,1,2,1,28,6,1149,1,7,-1,3,-1
2015350164015,1,9,0,18,0,8,0,0,0,0,1,1,2,2,32,6,1598,1,2,-1,3,-1
2015350164015,2,19,0,18,0,8,0,0,0,0,3,1,2,1,39,7,2874,2,17,-1,1,-1
2015350164115,1,19,0,4,0,0,0,0,0,0,4,1,6,3,-1,-1,-1,-1,-1,-1,-1,-1
2015350164315,1,19,0,12,0,0,0,0,0,0,1,1,1,1,29,6,2143,2,2,-1,2,-1
2015350164315,2,9,0,18,0,0,0,0,1,7,2,1,1,1,56,9,-1,-1,-1,-1,2,-1
2015350164415,1,9,0,16,0,0,0,0,7,4,1,1,6,2,26,6,1595,1,15,-1,2,-1
2015350164515,1,5,0,18,0,0,0,0,0,0,3,1,2,1,34,6,689,1,-1,-1,2,-1
2015350164615,1,19,0,9,0,5,0,0,0,0,1,1,6,1,25,5,-1,-1,-1,-1,-1,-1
2015350164615,2,2,0,18,0,8,0,0,0,0,1,1,6,1,16,4,49,1,4,-1,3,-1
2015350164715,1,21,1,12,0,0,0,0,0,0,1,2,1,1,46,8,-1,-1,-1,-1,-1,-1
2015350164715,2,9,0,18,0,0,2,0,1,10,2,1,6,2,30,6,2400,1,-1,-1,1,-1
2015350164815,1,9,0,9,0,6,0,0,0,0,1,1,1,1,61,9,1149,1,8,-1,3,-1
2015350164815,2,1,0,9,0,5,0,0,0,0,1,1,6,1,18,4,-1,-1,-1,-1,-1,-1
2015350164915,1,1,0,18,9,8,0,0,0,0,1,1,4,2,16,4,-1,-1,-1,-1,1,-1
2015350164915,2,9,0,7,0,6,0,0,0,0,1,1,6,1,45,7,2143,12,-1,-1,-1,-1
2015350165015,1,9,0,18,0,0,0,0,0,0,1,1,6,2,-1,-1,-1,-1,-1,-1,-1,-1
2015350165015,2,1,0,18,0,0,0,0,0,0,4,1,1,1,16,4,-1,-1,-1,-1,2,-1
2015350165115,1,9,0,18,0,8,1,10,1,0,1,1,2,1,20,4,998,1,3,-1,3,-1
2015350165115,2,1,0,5,0,2,0,0,0,0,2,1,6,1,52,8,-1,-1,-1,-1,1,-1
2015350165215,1,9,0,18,0,0,0,0,0,0,1,1,6,2,19,4,1199,1,15,-1,1,-1
2015350165215,2,9,0,4,0,0,0,0,0,0,2,1,6,2,43,7,1598,1,11,-1,3,-1
2015350165415,1,9,0,2,0,0,0,0,0,0,3,1,6,1,37,7,2987,2,10,-1,2,-1
2015350165415,2,1,0,14,0,0,0,8,0,0,4,1,6,2,28,6,-1,-1,-1,-1,1,-1
2015350165615,1,9,0,18,0,0,0,0,0,0,1,1,2,1,30,6,1968,2,9,-1,2,-1
2015350165615,2,11,0,18,0,0,0,0,0,0,1,1,1,1,32,6,-1,-1,-1,-1,1,-1
2015350165715,1,19,0,6,0,0,0,0,0,0,0,1,1,1,30,6,1560,2,-1,-1,-1,-1
2015350165715,2,9,0,4,0,0,0,0,0,0,0,1,6,1,70,10,-1,-1,-1,-1,2,-1
2015350165915,1,3,0,18,0,0,5,10,1,0,4,1,6,1,41,7,-1,-1,-1,-1,-1,-1
2015350167015,1,9,0,17,0,0,2,0,0,4,1,1,6,1,49,8,1398,2,12,-1,1,-1
2015350167115,1,9,0,16,0,0,1,0,1,4,3,1,6,1,23,5,1598,1,7,-1,1,-1
2015350167315,1,9,0,18,0,1,0,0,0,0,1,1,1,2,51,8,1956,2,5,-1,3,-1
2015350167315,2,9,0,2,9,1,0,0,0,0,2,1,1,1,64,9,-1,-1,-1,-1,2,-1
2015350167415,1,9,0,4,0,1,0,0,0,0,1,1,6,1,39,7,1995,1,10,-1,1,-1
2015350167415,2,9,0,3,0,1,0,0,0,0,2,1,6,1,42,7,1984,1,12,-1,1,-1
2015350167515,1,9,0,7,0,6,0,0,0,0,1,1,1,1,37,7,1998,2,7,-1,1,-1
2015350167515,2,1,0,18,0,8,0,0,0,0,4,1,6,2,45,7,-1,-1,-1,-1,1,-1
2015350167715,1,9,0,18,0,4,0,0,0,0,1,1,2,1,25,5,2967,2,-1,-1,3,-1
2015350167715,2,1,0,9,0,8,0,0,0,0,2,1,2,1,20,4,-1,-1,-1,-1,1,-1
2015350167815,1,8,0,4,0,0,1,0,0,0,1,1,2,1,22,5,-1,-1,-1,-1,1,-1
2015350167815,2,9,0,2,0,0,0,0,0,0,1,1,6,3,-1,-1,1896,2,10,-1,-1,-1
2015350168015,1,9,0,18,0,3,1,10,1,2,1,1,6,2,77,11,2793,1,19,-1,1,-1
2015350168215,1,9,0,9,0,5,0,0,0,0,4,1,2,2,42,7,998,1,14,-1,1,-1
2015350168215,2,5,0,18,0,8,0,0,0,0,1,1,2,1,49,8,798,1,1,-1,2,-1
2015350168315,1,9,0,6,0,0,0,0,0,0,3,1,2,1,47,8,-1,-1,-1,-1,3,-1
2015350168315,2,5,0,13,0,0,0,0,0,0,1,1,2,1,49,8,647,1,16,-1,1,-1
2015350168415,1,21,1,12,0,0,1,0,0,0,1,2,1,1,47,8,-1,-1,-1,-1,1,-1
2015350168415,2,9,0,13,0,0,1,0,1,9,4,1,6,1,60,9,1396,1,5,-1,3,-1
2015350168515,1,9,0,9,0,1,0,0,0,0,3,1,6,1,25,5,1896,2,13,-1,1,-1
2015350168515,2,3,0,14,0,1,0,0,0,0,1,1,6,1,58,9,124,1,13,-1,2,-1
2015350168615,1,9,0,18,0,0,0,0,8,4,1,1,6,1,60,9,1149,1,12,-1,1,-1
2015350168615,2,9,0,18,0,0,0,0,0,0,0,1,6,2,34,6,1799,1,8,-1,1,-1
2015350168715,1,9,0,9,0,5,0,0,0,0,1,1,6,1,75,10,-1,-1,-1,-1,1,-1
2015350168715,2,1,0,18,0,8,0,0,0,0,1,1,6,2,27,6,-1,-1,-1,-1,1,-1
2015350168815,1,21,0,12,0,0,0,0,0,0,3,2,1,1,51,8,-1,-1,-1,-1,-1,-1
2015350168815,2,9,0,13,0,0,1,0,2,7,2,1,1,1,34,6,1998,1,20,-1,3,-1
2015350168915,1,9,0,18,0,8,0,0,0,0,4,1,6,1,50,8,1149,1,9,-1,1,-1
2015350168915,2,1,0,18,0,6,0,0,0,0,1,1,6,1,37,7,-1,-1,-1,-1,1,-1
2015350169015,1,1,0,18,5,8,0,0,0,0,1,1,6,1,-1,-1,-1,-1,-1,-1,-1,-1
2015350169015,2,1,0,9,5,8,0,0,0,0,3,1,6,2,36,7,-1,-1,-1,-1,2,-1
2015350169115,1,9,0,18,0,0,1,0,1,9,1,1,6,2,43,7,1753,2,9,-1,3,-1
2015350169215,1,9,0,13,0,8,0,0,0,0,1,1,6,2,50,8,1360,1,14,-1,1,-1
2015350169215,2,9,0,9,0,5,0,0,0,0,3,1,6,2,30,6,1685,2,2,-1,1,-1
2015350169315,1,8,0,1,0,1,0,0,0,0,2,1,6,1,-1,-1,1560,2,-1,-1,-1,-1
2015350169415,1,9,0,18,0,0,0,0,0,0,1,1,6,1,20,4,1596,1,16,-1,-1,-1
2015350169415,2,9,0,18,0,0,0,0,0,0,1,1,6,2,36,7,1248,1,5,-1,1,-1
2015350169515,1,9,0,4,0,1,0,0,0,0,2,1,6,1,-1,-1,1997,2,13,-1,-1,-1
2015350169515,2,9,0,4,0,1,0,0,0,0,1,1,6,1,45,7,1997,1,2,-1,-1,-1
2015350169615,1,9,0,5,0,6,0,0,0,0,3,1,6,1,-1,-1,-1,-1,-1,-1,-1,-1
2015350169615,2,1,0,18,0,8,0,0,0,0,1,1,6,1,71,10,-1,-1,-1,-1,1,-1
2015350169715,1,9,0,7,0,5,0,0,0,0,0,1,6,3,-1,-1,-1,-1,-1,-1,-1,-1
2015350169715,2,1,0,18,2,1,0,0,0,0,0,1,6,1,35,6,-1,-1,-1,-1,1,-1
2015350169815,1,9,0,18,0,0,0,0,0,0,1,1,6,1,30,6,1596,1,12,-1,-1,-1
2015350169815,2,8,0,4,0,0,0,0,0,0,2,1,6,1,46,8,1968,2,8,-1,1,-1
2015350169915,1,9,0,17,0,0,0,0,0,0,3,1,6,1,25,5,1246,1,10,-1,1,-1
2015350169915,2,19,0,16,0,0,0,0,0,0,3,1,1,2,24,5,1870,2,10,-1,1,-1
2015350170015,1,19,0,18,0,1,0,0,0,0,4,1,6,3,-1,-1,2402,2,11,-1,-1,-1
2015350170015,2,1,0,18,0,1,0,0,0,0,3,1,6,1,44,7,-1,-1,-1,-1,1,-1
2015350170115,1,19,0,5,0,4,0,0,0,0,1,1,6,1,35,6,-1,-1,-1,-1,1,-1
2015350170115,2,1,0,18,0,8,0,0,0,0,4,1,1,1,29,6,-1,-1,-1,-1,2,-1
2015350170215,1,9,0,7,0,1,0,0,0,0,1,1,2,2,18,4,1598,1,11,-1,3,-1
2015350170215,2,9,0,8,0,1,0,0,0,0,2,1,2,2,27,6,2198,2,8,-1,2,-1
2015350170315,1,1,0,18,9,8,0,0,0,0,3,1,6,1,19,4,-1,-1,-1,-1,1,-1
2015350170315,2,9,0,5,0,6,0,0,0,0,1,1,6,1,42,7,-1,-1,-1,-1,1,-1
2015350170615,1,3,0,17,0,0,2,0,1,9,4,1,6,1,19,4,124,1,1,-1,2,-1
2015350170715,1,21,0,4,0,1,0,0,3,9,1,1,6,1,45,7,-1,-1,-1,-1,2,-1
2015350170915,1,9,0,18,0,0,0,4,1,0,1,1,6,1,20,4,1199,1,12,-1,2,-1
2015350170915,2,9,0,2,0,0,0,0,0,0,3,1,6,3,-1,-1,1149,1,19,-1,2,-1
2015350170915,3,9,0,2,0,0,0,0,0,0,1,1,6,3,-1,-1,2143,2,3,-1,2,-1
2015350171015,1,9,0,18,0,0,0,0,0,0,1,1,6,1,26,6,1910,2,9,-1,2,-1
2015350171015,2,9,0,4,0,0,0,0,0,0,2,1,6,1,55,8,2143,2,-1,-1,-1,-1
2015350171015,3,9,0,3,0,0,0,0,0,0,2,1,6,2,58,9,1242,1,11,-1,1,-1
2015350171115,1,9,0,18,0,3,0,0,0,0,1,1,6,2,75,10,1598,2,-1,-1,-1,-1
2015350171115,2,9,0,9,0,4,0,0,0,0,2,1,6,1,51,8,1461,2,1,-1,1,-1
2015350171215,1,5,0,13,0,3,0,0,0,7,4,1,6,1,22,5,675,1,-1,-1,1,-1
2015350174015,1,9,0,18,0,8,0,4,1,10,3,1,6,1,26,6,1499,2,-1,-1,2,-1
2015350174015,2,9,0,2,0,1,0,0,0,0,4,1,6,3,-1,-1,1598,1,12,-1,-1,-1
2015350174015,3,9,0,2,0,1,0,0,0,0,3,1,6,3,-1,-1,1598,1,13,-1,-1,-1
2015350174115,1,9,0,9,0,5,0,0,0,0,4,1,6,1,18,4,1598,1,8,-1,3,-1
2015350174115,2,1,0,18,0,8,0,0,0,0,1,1,1,1,61,9,-1,-1,-1,-1,2,-1
2015350174215,1,9,0,18,0,0,0,0,0,0,1,1,6,1,29,6,1390,1,9,-1,2,-1
2015350174215,2,9,0,4,0,0,0,0,0,0,2,1,6,1,31,6,1362,1,3,-1,1,-1
2015350174215,3,9,0,4,0,0,0,0,0,0,2,1,6,1,35,6,3993,1,-1,-1,1,-1
2015350174315,1,1,0,18,0,8,0,0,0,0,4,1,2,2,31,6,-1,-1,-1,-1,1,-1
2015350174315,2,8,0,18,0,4,0,0,0,0,1,1,1,1,-1,-1,-1,-1,-1,-1,-1,-1
2015350174515,1,9,0,5,0,4,0,0,0,0,1,1,2,2,44,7,1797,8,-1,-1,3,-1
2015350174515,2,1,0,18,0,8,0,0,0,0,4,1,2,1,36,7,-1,-1,-1,-1,1,-1
2015350174615,1,9,0,9,0,4,0,0,0,0,1,1,6,2,70,10,1339,1,8,-1,1,-1
2015350174615,2,1,0,18,0,8,0,0,0,0,4,1,6,1,33,6,-1,-1,-1,-1,1,-1
2015350174715,1,9,0,9,0,5,0,0,0,0,1,1,2,2,28,6,-1,-1,-1,-1,1,-1
2015350174715,2,9,0,18,0,8,0,10,0,10,1,1,6,1,24,5,1149,1,15,-1,3,-1
2015350174815,1,9,0,3,0,7,0,0,0,0,2,1,2,1,68,10,-1,-1,-1,-1,3,-1
2015350174815,2,9,0,3,0,1,0,0,0,0,2,1,6,1,43,7,1995,2,11,-1,1,-1
2015350174815,3,9,0,18,0,7,0,0,0,0,1,1,6,1,44,7,1560,2,1,-1,1,-1
2015350174915,1,9,0,18,0,0,1,0,0,0,1,1,6,1,21,5,1896,2,14,-1,2,-1
2015350174915,2,9,0,4,0,0,0,0,0,0,1,1,6,1,45,7,1997,2,3,-1,3,-1
2015350175015,1,9,0,18,0,6,0,0,0,0,1,1,6,1,48,8,1995,2,5,-1,-1,-1
2015350175015,2,20,0,17,0,8,0,0,0,0,3,1,1,1,37,7,-1,-1,-1,-1,-1,-1
2015350175115,1,1,0,18,9,8,0,0,0,0,1,1,6,1,14,3,-1,-1,-1,-1,2,-1
2015350175115,2,9,0,5,0,6,0,0,0,0,4,1,6,1,-1,-1,2000,1,10,-1,1,-1
2015350175215,1,9,0,16,0,0,1,0,7,9,1,1,6,2,60,9,1910,2,9,-1,1,-1
2015350175315,1,9,0,7,0,5,0,0,0,0,4,1,6,1,40,7,1798,8,2,-1,1,-1
2015350175315,2,11,0,18,2,8,0,0,0,0,1,1,1,1,26,6,6700,2,5,-1,2,-1
2015350175415,1,9,0,9,0,5,0,0,0,0,4,1,6,2,35,6,973,1,13,-1,1,-1
2015350175415,2,1,0,18,0,8,0,0,0,0,1,1,2,1,44,7,-1,-1,-1,-1,1,-1
2015350175515,1,9,0,16,0,0,1,0,1,10,1,1,6,1,30,6,1991,1,15,-1,1,-1
2015350175515,2,9,0,17,0,0,1,0,0,0,1,1,6,1,81,11,998,1,12,-1,1,-1
2015350175615,1,9,0,14,0,8,0,0,0,0,3,1,6,2,-1,-1,-1,-1,-1,-1,-1,-1
2015350175615,2,1,0,18,0,8,0,0,0,0,3,1,3,2,33,6,-1,-1,-1,-1,2,-1
2015350175715,1,9,0,3,0,1,0,0,0,0,2,1,6,1,48,8,1900,2,11,-1,3,-1
2015350175715,2,9,0,4,0,1,0,0,0,0,1,1,6,1,30,6,-1,-1,-1,-1,2,-1
2015350175715,3,9,0,10,0,1,0,0,0,0,2,1,6,1,40,7,1598,1,11,-1,-1,-1
2015350175815,1,9,0,9,0,5,0,0,0,0,4,1,6,1,80,11,998,1,16,-1,3,-1
2015350175815,2,19,0,18,0,8,0,0,0,0,1,1,6,2,26,6,1560,2,-1,-1,3,-1
2015350175915,1,9,0,4,0,1,0,0,0,0,2,1,6,1,-1,-1,-1,-1,-1,-1,-1,-1
2015350175915,2,1,0,4,0,1,0,0,0,0,1,1,6,1,20,4,-1,-1,-1,-1,1,-1
2015350176015,1,9,0,2,0,0,0,0,0,0,2,1,1,2,61,9,1560,2,2,-1,2,-1
2015350176015,2,1,0,18,0,0,0,4,0,0,1,1,6,1,58,9,-1,-1,-1,-1,-1,-1
2015350176115,1,9,0,18,0,8,0,0,0,0,4,1,6,1,40,7,1991,2,7,-1,1,-1
2015350176115,2,9,0,9,0,6,0,0,0,0,1,1,6,1,-1,-1,-1,-1,-1,-1,-1,-1
2015350176215,1,9,0,3,0,1,0,0,0,0,2,1,6,1,26,6,999,1,1,-1,2,-1
2015350176215,2,19,0,4,0,1,0,0,0,0,1,1,6,1,41,7,1753,2,13,-1,2,-1
2015350176315,1,9,0,18,0,4,0,0,0,0,1,1,1,1,59,9,1896,2,9,-1,2,-1
2015350176315,2,9,0,4,0,4,0,0,0,0,2,1,6,1,33,6,1995,2,4,-1,1,-1
2015350176515,1,9,0,18,0,8,0,0,0,0,4,1,2,2,23,5,1984,2,3,-1,1,-1
2015350176515,2,1,0,12,9,8,0,0,0,0,3,1,6,1,4,1,-1,-1,-1,-1,1,-1
2015350176615,1,9,0,5,0,4,0,0,0,0,3,1,1,1,70,10,-1,-1,-1,-1,2,-1
2015350176615,2,1,0,18,0,8,0,0,0,0,4,1,2,1,46,8,-1,-1,-1,-1,1,-1
2015350176715,1,9,0,14,0,2,0,0,0,0,1,1,6,1,24,5,1968,2,4,-1,2,-1
2015350176715,2,9,0,2,0,2,0,0,0,0,2,1,6,3,-1,-1,-1,-1,-1,-1,1,-1
2015350176715,3,9,0,2,0,2,0,0,0,0,2,1,6,3,-1,-1,1796,2,3,-1,1,-1
2015350176815,1,9,0,4,0,0,0,0,0,0,1,1,2,1,33,6,1360,1,9,-1,-1,-1
2015350176815,2,19,0,4,0,0,0,0,0,0,2,1,1,1,36,7,1560,2,5,-1,1,-1
2015350176815,3,20,0,4,0,0,0,0,0,0,2,1,1,1,24,5,-1,-1,-1,-1,1,-1
2015350176915,1,5,0,12,0,0,2,10,0,0,1,1,6,1,30,6,1157,1,15,-1,1,-1
2015350177015,1,9,0,18,0,0,1,0,0,0,1,1,6,1,21,5,1399,2,3,-1,3,-1
2015350177015,2,9,0,18,0,0,0,0,0,0,2,1,6,1,42,7,-1,-1,-1,-1,1,-1
2015350177115,1,9,0,7,0,6,0,0,0,0,4,1,2,1,52,8,1896,2,7,-1,1,-1
2015350177115,2,1,0,5,4,8,0,0,0,0,1,1,4,2,11,3,-1,-1,-1,-1,1,-1
2015350177215,1,9,0,4,0,0,1,0,0,0,2,1,2,1,18,4,2497,2,11,-1,1,-1
2015350177215,2,9,0,4,0,0,1,0,0,0,1,1,2,1,18,4,1390,1,3,-1,1,-1
2015350177215,3,9,0,3,0,0,0,0,0,0,2,1,2,1,40,7,-1,-1,-1,-1,1,-1
2015350177315,1,9,0,4,0,8,0,0,0,0,2,1,6,1,49,8,1753,2,12,-1,2,-1
2015350177315,2,9,0,4,0,8,0,0,0,0,1,1,6,1,57,9,1796,1,13,-1,2,-1
2015350177415,1,9,0,18,0,4,0,0,0,0,3,1,6,1,50,8,1598,2,-1,-1,-1,-1
2015350177415,2,1,0,18,0,8,0,0,0,0,1,1,6,1,22,5,-1,-1,-1,-1,1,-1
2015350177515,1,9,0,4,0,0,0,0,0,0,2,1,6,1,77,11,996,1,2,-1,2,-1
2015350177515,2,9,0,4,0,0,0,0,0,0,1,1,6,1,25,5,1149,1,13,-1,1,-1
2015350177515,3,9,0,18,0,0,0,0,0,0,1,1,6,1,25,5,1910,2,10,-1,1,-1
2015350177615,1,9,0,4,0,0,0,0,0,0,1,1,6,1,39,7,1596,1,12,-1,1,-1
2015350177615,2,9,0,4,0,0,0,0,0,0,2,1,6,1,35,6,4619,7,13,-1,3,-1
2015350177715,1,1,0,18,0,8,0,0,0,0,1,1,6,2,45,7,-1,-1,-1,-1,2,-1
2015350177715,2,9,0,5,0,6,0,0,0,0,4,1,6,2,-1,-1,-1,-1,-1,-1,-1,-1
2015350177815,1,9,0,16,0,0,2,0,7,9,3,1,6,1,18,4,1229,1,4,-1,3,-1
2015350177915,1,20,4,7,0,5,0,0,1,0,1,1,1,1,40,7,-1,-1,-1,-1,-1,-1
2015350177915,2,1,0,18,9,8,0,0,0,0,1,1,2,1,22,5,-1,-1,-1,-1,1,-1
2015350178015,1,9,0,9,0,5,0,0,0,0,1,1,6,2,54,8,1798,1,6,-1,-1,-1
2015350178015,2,1,0,18,0,8,0,0,0,0,1,1,2,1,22,5,-1,-1,-1,-1,1,-1
2015350178115,1,9,0,18,0,0,0,0,0,0,3,1,6,1,48,8,1598,2,4,-1,1,-1
2015350178215,1,9,0,17,0,8,0,0,0,0,1,1,6,1,23,5,1198,1,10,-1,1,-1
2015350178215,2,9,0,16,0,8,0,0,0,0,1,1,6,1,26,6,1399,2,9,-1,1,-1
2015350178315,1,9,0,18,0,8,0,0,0,0,1,1,6,2,35,6,1598,1,3,-1,-1,-1
2015350178315,2,1,0,18,0,8,0,0,0,0,4,1,1,1,24,5,-1,-1,-1,-1,1,-1
2015350178415,1,9,0,18,0,8,0,0,0,0,3,1,6,1,20,4,-1,-1,-1,-1,-1,-1
2015350178415,2,9,0,9,0,8,0,0,0,0,3,1,6,1,31,6,1598,1,9,-1,1,-1
2015350178515,1,2,0,18,0,0,0,0,0,0,1,1,6,2,52,8,-1,-1,-1,-1,1,-1
2015350178515,2,19,0,1,0,0,0,0,0,0,2,1,6,1,20,4,-1,-1,-1,-1,-1,-1
2015350178615,1,19,0,18,0,0,0,0,0,0,4,1,1,1,52,8,2298,2,-1,-1,1,-1
2015350178715,1,9,0,15,0,4,0,0,0,0,3,1,1,1,-1,-1,2378,1,8,-1,-1,-1
2015350178715,2,9,0,18,0,4,0,0,0,0,4,1,2,1,59,9,1388,1,5,-1,1,-1
2015350178815,1,9,0,11,0,1,0,0,0,0,4,1,6,3,-1,-1,1995,1,10,-1,-1,-1
2015350178815,2,1,0,18,0,1,0,0,0,0,3,1,6,1,23,5,-1,-1,-1,-1,-1,-1
2015350178915,1,9,0,5,0,6,0,0,0,0,3,1,2,1,50,8,2231,2,10,-1,3,-1
2015350178915,2,1,0,18,0,8,0,0,0,0,4,1,2,1,23,5,-1,-1,-1,-1,1,-1
2015350179015,1,9,0,18,0,1,0,0,2,4,4,1,6,1,18,4,1242,1,3,-1,1,-1
2015350179115,1,9,0,9,0,6,0,0,0,0,3,1,2,2,40,7,1198,1,9,-1,1,-1
2015350179115,2,9,0,18,0,8,0,0,0,0,1,1,6,2,45,7,1582,2,5,-1,1,-1
2015350179215,1,9,0,18,0,0,0,0,7,4,1,1,6,1,21,5,1149,1,6,-1,2,-1
2015350179315,1,9,0,18,0,4,0,0,0,0,1,1,6,2,-1,-1,1086,1,8,-1,-1,-1
2015350179315,2,9,0,4,0,4,0,0,0,0,2,1,6,2,50,8,1461,2,-1,-1,3,-1
2015350179415,1,9,0,7,0,5,0,0,0,0,4,1,1,1,-1,-1,-1,-1,-1,-1,-1,-1
2015350179415,2,1,0,18,0,8,0,0,0,0,3,1,6,2,24,5,-1,-1,-1,-1,1,-1
2015350179515,1,9,0,9,0,6,0,0,0,0,4,1,2,1,39,7,1598,2,1,-1,2,-1
2015350179515,2,9,0,18,0,8,1,10,2,0,3,1,2,1,44,7,1560,2,5,-1,1,-1
2015350179615,1,9,0,18,0,0,0,0,0,0,1,1,6,1,34,6,1560,2,3,-1,1,-1
2015350179615,2,1,0,18,9,0,0,0,0,0,2,1,6,1,13,3,-1,-1,-1,-1,1,-1
2015350179715,1,9,0,4,0,5,0,0,0,0,2,1,6,1,-1,-1,-1,-1,-1,-1,-1,-1
2015350179715,2,9,0,1,0,2,0,0,0,0,2,1,6,1,22,5,1198,1,5,-1,3,-1
2015350179715,3,9,0,3,0,5,0,0,0,0,1,1,6,1,43,7,1685,2,1,-1,3,-1
2015350179815,1,9,0,13,0,0,0,0,0,0,3,1,6,1,-1,-1,1896,2,11,-1,3,-1
2015350179815,2,9,0,13,0,0,0,0,1,1,4,1,6,1,19,4,1781,1,15,-1,3,-1
2015350179915,1,9,0,12,0,8,0,0,0,0,1,1,1,1,34,6,1368,1,8,-1,2,-1
2015350179915,2,9,0,3,0,8,0,0,0,0,2,1,1,1,61,9,2184,2,9,-1,3,-1
2015350179915,3,19,0,3,0,8,0,0,0,0,2,1,1,1,27,6,2143,2,1,-1,3,-1
2015350180015,1,9,0,17,0,0,0,11,0,0,4,1,6,1,22,5,1587,1,8,-1,3,-1
2015350180115,1,9,0,18,0,0,0,0,0,0,1,1,6,2,-1,-1,-1,-1,-1,-1,-1,-1
2015350180115,2,9,0,3,0,0,0,0,0,0,2,1,3,1,37,7,1956,2,6,-1,1,-1
2015350180315,1,10,0,9,0,5,0,0,0,0,1,1,6,1,32,6,-1,-1,-1,-1,1,-1
2015350180315,2,9,0,18,0,8,0,0,0,0,1,1,6,2,36,7,1124,1,10,-1,2,-1
2015350180415,1,9,0,1,0,6,0,0,0,0,2,1,6,1,45,7,-1,-1,-1,-1,-1,-1
2015350180415,2,1,0,3,0,8,0,0,0,0,1,1,6,2,35,6,-1,-1,-1,-1,1,-1
2015350180515,1,9,0,18,0,0,0,0,0,0,1,1,6,2,26,6,1968,2,10,-1,1,-1
2015350180515,2,9,0,2,0,0,0,0,0,0,2,1,6,1,25,5,2685,2,11,-1,1,-1
2015350180715,1,9,0,13,0,0,1,0,7,0,3,1,1,1,40,7,-1,-1,-1,-1,1,-1
2015350180715,2,1,0,18,0,0,0,0,1,0,3,1,6,1,74,10,-1,-1,-1,-1,2,-1
2015350180815,1,9,0,17,0,0,2,0,1,3,1,1,6,1,17,4,1229,1,6,-1,3,-1
2015350180915,1,11,0,13,0,1,0,0,0,0,2,1,1,2,54,8,9000,2,6,-1,3,-1
2015350180915,2,1,0,18,0,1,0,0,0,0,3,1,6,1,37,7,-1,-1,-1,-1,1,-1
2015350181015,1,19,0,18,0,0,2,0,7,9,1,1,2,1,27,6,-1,-1,-1,-1,1,-1
2015350181115,1,1,0,18,0,8,0,0,0,0,4,1,6,1,25,5,-1,-1,-1,-1,1,-1
2015350181115,2,9,0,9,0,6,0,0,0,0,3,1,6,3,-1,-1,-1,-1,-1,-1,-1,-1
2015350181215,1,9,0,5,0,6,0,0,0,0,1,1,6,2,52,8,1598,1,6,-1,3,-1
2015350181215,2,1,0,18,0,8,0,0,0,0,1,1,2,2,49,8,-1,-1,-1,-1,1,-1
2015350181315,1,9,0,5,0,6,0,0,0,0,0,1,6,1,20,4,1984,1,14,-1,1,-1
2015350181315,2,1,0,18,0,1,0,0,0,0,0,1,6,2,55,8,-1,-1,-1,-1,1,-1
2015350181415,1,9,0,9,0,5,0,0,0,0,1,1,6,1,26,6,1798,1,12,-1,1,-1
2015350181515,1,9,0,18,0,0,0,0,0,0,1,1,1,2,38,7,1242,1,10,-1,1,-1
2015350181515,2,9,0,4,0,0,0,0,0,0,2,1,1,2,54,8,1461,2,3,-1,3,-1