Accident_Index,Vehicle_Reference,Vehicle_Type,Towing_and_Articulation,Vehicle_Manoeuvre,Vehicle_Location-Restricted_Lane,Junction_Location,Skidding_and_Overturning,Hit_Object_in_Carriageway,Vehicle_Leaving_Carriageway,Hit_Object_off_Carriageway,1st_Point_of_Impact,Was_Vehicle_Left_Hand_Drive?,Journey_Purpose_of_Driver,Sex_of_Driver,Age_of_Driver,Age_Band_of_Driver,Engine_Capacity_(CC),Propulsion_Code,Age_of_Vehicle,Driver_IMD_Decile,Driver_Home_Area_Type,Vehicle_IMD_Decile
2015350210015,2,1,0,6,0,0,0,0,0,0,3,1,6,1,14,3,-1,-1,-1,-1,1,-1
2015350211115,1,9,0,18,0,0,0,0,0,0,1,1,6,1,49,8,1968,2,5,-1,1,-1
2015350211115,2,4,0,18,0,0,0,0,0,0,2,1,6,2,43,7,1137,1,10,-1,3,-1
2015350211215,1,21,0,18,0,0,5,0,0,0,1,1,1,1,58,9,11967,2,4,-1,3,-1
2015350211215,2,21,2,18,0,0,3,0,0,0,2,1,1,1,47,8,-1,-1,-1,-1,1,-1
2015350211315,1,9,0,1,0,1,0,0,0,0,2,1,1,2,56,9,2143,2,3,-1,1,-1
2015350211315,2,9,0,2,0,1,0,0,0,0,1,1,6,1,61,9,1399,1,8,-1,1,-1
2015350211515,1,9,0,18,0,8,0,4,0,0,1,1,6,1,35,6,1995,1,8,-1,1,-1
2015350211515,2,9,0,2,6,8,0,0,0,0,1,1,6,2,40,7,1753,2,8,-1,1,-1
2015350211515,3,9,0,2,6,8,0,0,0,0,2,1,6,1,44,7,1596,1,11,-1,1,-1
2015350211615,1,9,0,18,0,0,0,0,0,0,1,1,6,1,19,4,1596,1,10,-1,1,-1
2015350211615,2,9,0,18,0,0,0,0,0,0,1,1,6,1,57,9,2777,2,6,-1,3,-1
2015350211715,1,19,0,18,0,0,0,0,7,9,1,1,6,1,44,7,1896,2,8,-1,1,-1
2015350211815,1,21,0,12,0,0,0,0,0,0,3,2,1,1,49,8,-1,-1,-1,-1,-1,-1
2015350211815,2,9,0,18,0,0,0,0,0,0,4,1,6,2,49,8,1242,1,5,-1,2,-1
2015350211915,1,20,0,18,0,0,0,0,0,0,1,1,6,1,46,8,-1,-1,-1,-1,1,-1
2015350212015,1,9,0,18,0,0,0,10,1,0,4,1,6,1,35,6,1248,2,11,-1,1,-1
2015350212115,1,9,0,18,0,0,5,0,1,0,1,1,1,1,26,6,-1,-1,-1,-1,-1,-1
2015350212215,1,9,0,5,0,0,0,0,0,0,3,1,6,1,77,11,-1,-1,-1,-1,2,-1
2015350212215,2,9,0,18,0,0,0,0,0,0,1,1,6,2,57,9,-1,-1,-1,-1,2,-1
2015350212315,1,9,0,18,0,0,0,0,0,0,1,1,6,1,25,5,-1,-1,-1,-1,1,-1
2015350212315,2,9,0,4,0,0,0,0,0,0,2,1,6,2,20,4,1149,1,10,-1,1,-1
2015350212315,3,9,0,4,0,0,0,0,0,0,2,1,6,1,51,8,2993,2,2,-1,3,-1
2015350212415,1,9,0,13,0,0,0,0,1,4,4,1,6,2,18,4,998,1,8,-1,1,-1
2015350212515,1,9,0,9,0,5,0,0,0,0,1,1,1,1,32,6,1753,2,13,-1,3,-1
2015350212515,2,1,0,18,0,8,0,0,0,0,1,1,6,1,25,5,-1,-1,-1,-1,1,-1
2015350212615,1,9,0,17,0,0,1,0,8,9,3,1,6,1,20,4,1910,2,12,-1,2,-1
2015350212715,1,9,0,7,0,0,0,0,0,0,2,1,6,1,58,9,1973,1,15,-1,-1,-1
2015350212715,2,9,0,18,0,0,0,0,0,0,1,1,6,1,42,7,4163,2,7,-1,-1,-1
2015350212815,1,9,0,1,0,8,0,0,0,0,2,1,6,1,30,6,-1,-1,-1,-1,1,-1
2015350212815,2,9,0,18,0,8,0,0,0,0,1,1,6,2,20,4,1242,1,4,-1,3,-1
2015350212915,1,1,0,18,0,0,0,0,0,0,3,1,6,1,36,7,-1,-1,-1,-1,-1,-1
2015350212915,2,9,0,13,0,0,0,0,0,0,4,1,6,2,64,9,1108,1,8,-1,3,-1
2015350213015,1,9,0,2,9,0,0,0,0,0,2,1,6,1,-1,-1,-1,-1,-1,-1,-1,-1
2015350213015,2,90,0,18,9,0,0,4,0,0,1,1,6,2,58,9,-1,-1,-1,-1,1,-1
2015350213115,1,9,0,18,0,8,0,0,0,0,1,1,6,1,40,7,2460,2,12,-1,1,-1
2015350213115,2,9,0,5,0,6,0,0,0,1,4,1,6,2,35,6,2497,2,10,-1,1,-1
2015350213215,1,9,0,18,0,8,0,0,0,0,1,1,6,1,30,6,1587,1,11,-1,2,-1
2015350213215,2,19,0,9,0,6,0,0,0,0,1,1,1,1,29,6,1968,2,2,-1,1,-1
2015350213315,1,9,0,9,0,5,0,0,0,0,1,1,1,1,53,8,1968,2,3,-1,1,-1
2015350213315,2,4,0,13,0,8,0,0,0,0,1,1,2,1,22,5,124,1,-1,-1,1,-1
2015350213415,1,9,0,4,0,1,0,0,0,0,1,1,6,2,25,5,1998,2,3,-1,-1,-1
2015350213415,2,9,0,3,0,1,0,0,0,0,2,1,2,2,38,7,1995,2,11,-1,1,-1
2015350213515,1,9,0,18,0,0,0,0,0,0,1,1,6,1,39,7,1956,2,4,-1,-1,-1
2015350213515,2,3,0,18,0,0,0,0,0,0,1,1,1,2,19,4,124,1,10,-1,-1,-1
2015350213715,1,9,0,7,0,3,0,0,0,0,4,1,6,2,44,7,1461,2,1,-1,1,-1
2015350213715,2,9,0,8,0,3,0,0,0,0,3,1,6,2,57,9,2204,2,7,-1,3,-1
2015350213815,1,9,0,18,0,0,0,0,0,0,1,1,6,1,21,5,1995,2,10,-1,3,-1
2015350213815,2,9,0,4,0,0,0,0,0,0,2,1,6,2,22,5,1390,1,6,-1,1,-1
2015350213815,3,9,0,4,0,0,0,0,0,0,2,1,2,1,56,9,2000,2,4,-1,1,-1
2015350213915,1,1,0,18,0,0,0,0,0,0,3,1,6,1,28,6,-1,-1,-1,-1,2,-1
2015350213915,2,9,0,18,0,0,0,0,0,0,4,1,6,1,55,8,1596,1,9,-1,3,-1
2015350214015,1,1,0,18,0,8,0,0,0,0,4,1,2,1,41,7,-1,-1,-1,-1,3,-1
2015350214015,2,9,0,7,0,6,0,0,0,0,1,1,6,2,-1,-1,1499,1,1,-1,-1,-1
2015350214115,1,19,0,9,0,6,0,0,0,0,3,1,1,1,44,7,2143,2,5,-1,2,-1
2015350214115,2,19,0,18,0,8,0,0,0,0,4,1,1,1,46,8,1560,2,1,-1,1,-1
2015350214215,1,9,0,18,0,0,0,0,0,0,1,1,6,2,29,6,1596,1,15,-1,2,-1
2015350214215,2,21,0,3,0,0,0,0,0,0,2,1,1,1,51,8,7146,2,6,-1,1,-1
2015350214315,1,4,0,9,0,6,0,0,0,0,1,1,6,1,21,5,124,1,-1,-1,1,-1
2015350214415,1,21,1,12,0,0,0,0,0,0,3,1,1,1,63,9,-1,-1,-1,-1,3,-1
2015350214415,2,9,0,13,0,0,0,0,0,0,4,1,1,1,64,9,1598,2,2,-1,1,-1
2015350214515,1,19,0,5,0,4,0,0,0,0,1,1,1,1,29,6,2143,2,1,-1,2,-1
2015350214515,2,1,0,18,0,3,0,0,0,0,4,1,2,1,32,6,-1,-1,-1,-1,3,-1
2015350214615,1,9,0,18,0,0,1,0,1,9,1,1,6,2,17,4,-1,-1,-1,-1,2,-1
2015350214715,1,10,0,18,0,0,0,0,0,0,4,1,1,2,53,8,-1,-1,-1,-1,1,-1
2015350214815,1,19,0,18,0,6,0,0,7,0,4,1,2,1,22,5,2148,2,7,-1,1,-1
2015350214815,2,9,0,18,0,8,0,0,0,0,1,1,2,2,43,7,1499,2,-1,-1,1,-1
2015350214815,3,9,0,18,0,6,0,0,1,0,3,1,2,1,30,6,1997,2,6,-1,2,-1
2015350214915,1,9,0,9,0,6,0,0,0,0,1,1,2,1,45,7,1910,2,7,-1,3,-1
2015350215015,1,9,0,2,0,0,0,0,0,0,3,1,6,1,60,9,1596,1,9,-1,-1,-1
2015350215015,2,1,0,14,0,0,0,8,0,0,1,1,6,2,50,8,-1,-1,-1,-1,2,-1
2015350215115,1,9,0,18,0,0,0,4,0,6,1,1,6,1,54,8,1999,1,7,-1,1,-1
2015350215115,2,9,0,2,0,0,0,0,0,0,2,1,6,2,54,8,1396,1,10,-1,1,-1
2015350215315,1,1,0,18,0,6,0,0,0,0,1,1,6,1,35,6,-1,-1,-1,-1,1,-1
2015350215315,2,9,0,18,0,8,0,0,0,0,3,1,6,1,31,6,998,1,11,-1,1,-1
2015350215415,1,9,0,18,0,0,0,0,7,4,3,1,6,2,40,7,1997,2,14,-1,2,-1
2015350215615,1,9,0,9,0,6,0,0,0,0,1,1,2,2,29,6,1560,2,8,-1,2,-1
2015350215615,2,9,0,18,0,8,0,0,0,0,1,1,1,2,58,9,1596,1,4,-1,1,-1
2015350215815,1,9,0,18,0,6,0,0,3,1,3,1,1,1,21,5,-1,-1,-1,-1,3,-1
2015350215815,2,19,0,18,0,8,0,0,1,9,1,1,1,1,49,8,1995,2,5,-1,1,-1
2015350215915,1,9,0,18,0,0,0,0,0,0,1,1,6,1,20,4,1997,2,15,-1,1,-1
2015350215915,2,1,0,18,0,0,0,0,0,0,2,1,2,1,45,7,-1,-1,-1,-1,3,-1
2015350216015,1,9,0,18,0,1,0,0,0,0,1,1,2,1,24,5,2204,2,10,-1,1,-1
2015350216015,2,9,0,4,0,1,0,0,0,0,2,1,2,2,24,5,1799,1,9,-1,1,-1
2015350216015,3,9,0,4,0,1,0,0,0,0,2,1,1,1,45,7,-1,-1,-1,-1,1,-1
2015350216115,1,9,0,18,0,4,5,9,3,1,1,1,2,2,30,6,1686,2,2,-1,3,-1
2015350216215,1,9,0,18,0,6,0,0,1,2,1,1,2,1,17,4,-1,-1,-1,-1,1,-1
2015350216215,2,19,0,18,0,8,0,0,1,9,3,1,2,1,23,5,1968,2,4,-1,3,-1
2015350216315,1,9,0,7,0,2,0,0,7,9,3,1,6,1,32,6,1598,2,1,-1,3,-1
2015350216415,1,9,0,18,0,1,0,0,0,0,1,1,6,2,42,7,1196,1,20,-1,1,-1
2015350216415,2,9,0,18,0,1,0,0,0,0,2,1,6,1,33,6,1390,1,8,-1,1,-1
2015350216515,1,3,0,4,0,1,2,0,0,0,0,1,6,1,62,9,124,1,8,-1,1,-1
2015350216615,1,9,0,9,0,5,0,0,0,0,1,1,6,1,67,10,1461,2,4,-1,1,-1
2015350216615,2,9,0,17,0,8,0,0,0,0,3,1,6,2,39,7,2497,2,6,-1,3,-1
2015350216715,1,9,0,18,0,8,0,0,0,0,1,1,1,2,34,6,1560,2,2,-1,1,-1
2015350216715,2,9,0,18,0,8,0,0,0,0,1,1,1,2,39,7,1975,1,11,-1,3,-1
2015350216815,1,9,0,18,0,0,0,0,0,0,1,1,1,1,58,9,2179,2,4,-1,1,-1
2015350216815,2,9,0,3,0,0,0,0,0,0,2,1,6,1,24,5,-1,-1,-1,-1,1,-1
2015350216915,1,9,0,17,0,0,5,0,7,0,4,1,6,1,55,8,2088,2,17,-1,3,-1
2015350217015,1,9,0,18,0,0,0,0,1,0,1,1,6,2,38,7,1398,2,13,-1,3,-1
2015350217015,2,9,0,18,0,0,0,0,0,0,1,1,6,2,28,6,-1,-1,-1,-1,3,-1
2015350217115,1,9,0,18,0,7,0,0,0,0,1,1,1,1,81,11,1968,2,7,-1,2,-1
2015350217115,2,9,0,4,0,7,0,0,0,0,2,1,1,2,56,9,1794,1,7,-1,2,-1
2015350217215,1,9,0,18,0,1,0,0,0,0,1,1,6,1,40,7,2800,2,20,-1,1,-1
2015350217215,2,5,0,7,0,1,0,0,0,0,2,1,6,1,37,7,749,1,17,-1,1,-1
2015350217315,1,9,0,18,0,2,0,0,7,0,1,1,6,2,45,7,1685,2,2,-1,1,-1
2015350217315,2,11,0,18,0,8,0,0,7,10,1,1,1,1,53,8,-1,-1,-1,-1,1,-1
2015350217315,3,9,0,18,0,8,0,0,0,0,1,1,6,1,26,6,1968,2,8,-1,3,-1
2015350217415,1,9,0,18,0,0,1,0,5,6,1,1,6,2,37,7,1493,2,7,-1,1,-1
2015350217515,1,9,0,18,0,4,0,0,0,0,1,1,6,1,19,4,1197,1,2,-1,1,-1
2015350217515,2,8,0,4,0,4,0,0,0,0,2,1,1,1,47,8,2231,2,7,-1,1,-1
2015350217615,1,9,0,7,0,6,0,0,0,0,1,1,6,1,-1,-1,1896,2,6,-1,2,-1
2015350217615,2,1,0,18,0,8,0,0,0,0,1,1,1,1,25,5,-1,-1,-1,-1,1,-1
2015350217715,1,9,0,9,0,6,0,0,0,0,4,1,6,1,-1,-1,1984,1,14,-1,-1,-1
2015350217715,2,9,0,18,0,8,0,0,0,0,1,1,6,2,48,8,1560,2,-1,-1,1,-1
2015350217815,1,9,0,7,0,5,0,0,0,0,4,1,6,1,-1,-1,1598,2,-1,-1,2,-1
2015350217815,2,1,0,18,0,8,0,0,0,0,1,1,4,1,17,4,-1,-1,-1,-1,2,-1
2015350217915,1,9,0,5,0,1,0,0,0,0,1,1,6,1,18,4,999,1,-1,-1,1,-1
2015350217915,2,1,0,18,0,1,0,0,0,0,1,1,6,2,17,4,-1,-1,-1,-1,1,-1
2015350218215,1,9,0,9,0,6,0,0,0,0,3,1,6,1,48,8,3000,1,14,-1,1,-1
2015350218215,2,9,0,18,0,8,1,0,0,0,1,1,6,2,22,5,1299,1,11,-1,1,-1
2015350218315,1,9,0,3,0,0,0,0,0,0,4,1,6,2,27,6,1968,2,1,-1,1,-1
2015350218315,2,1,0,18,0,0,0,0,0,0,4,1,6,2,22,5,-1,-1,-1,-1,1,-1
2015350218415,1,9,0,4,0,1,0,0,0,0,1,1,6,1,25,5,-1,-1,-1,-1,3,-1
2015350218415,2,9,0,4,0,1,0,0,0,0,2,1,6,1,27,6,1799,1,8,-1,1,-1
2015350218415,3,9,0,4,0,1,0,0,0,0,2,1,6,1,36,7,1910,2,5,-1,1,-1
2015350218515,1,9,0,9,0,6,0,0,0,0,1,1,2,1,57,9,-1,-1,-1,-1,3,-1
2015350218515,2,1,0,18,0,8,0,0,0,0,1,1,6,1,28,6,-1,-1,-1,-1,1,-1
2015350218615,1,1,0,5,5,0,0,0,0,0,1,1,4,2,15,3,-1,-1,-1,-1,1,-1
2015350218615,2,9,0,18,0,0,0,0,0,0,4,1,6,2,18,4,-1,-1,-1,-1,1,-1
2015350218715,1,1,0,18,0,0,0,0,0,0,1,1,1,1,32,6,-1,-1,-1,-1,1,-1
2015350218715,2,19,0,11,0,0,0,0,0,0,4,1,6,1,-1,-1,-1,-1,-1,-1,-1,-1
2015350218815,1,9,0,18,0,0,0,0,3,10,3,1,6,1,22,5,1896,2,15,-1,1,-1
2015350218915,1,9,0,13,0,8,5,10,6,6,1,1,6,2,71,10,1390,1,6,-1,2,-1
2015350219015,1,9,0,18,0,4,0,0,0,0,1,1,6,1,36,7,2000,2,4,-1,3,-1
2015350219015,2,9,0,18,0,8,0,0,1,9,2,1,6,1,65,9,1240,1,9,-1,2,-1
2015350219115,1,21,1,18,0,0,2,0,6,6,1,1,1,1,46,8,10837,2,2,-1,1,-1
2015350219115,2,9,0,18,0,0,1,0,5,6,3,1,1,1,25,5,1896,2,14,-1,3,-1
2015350219215,1,9,0,16,0,0,1,0,1,4,1,1,6,2,55,8,1198,1,7,-1,1,-1
2015350219315,1,9,0,7,0,6,0,0,1,0,1,1,6,1,34,6,1598,1,9,-1,3,-1
2015350219315,2,9,0,18,0,8,0,0,1,0,3,1,6,1,51,8,1560,2,3,-1,2,-1
2015350219415,1,8,0,5,0,1,0,0,0,0,4,1,1,1,28,6,1995,2,5,-1,1,-1
2015350219515,1,9,0,16,0,0,0,0,0,0,1,1,6,1,64,9,1390,1,13,-1,3,-1
2015350219515,2,9,0,17,0,0,0,0,1,0,1,1,6,1,53,8,1499,2,-1,-1,3,-1
2015350219615,1,9,0,17,0,0,1,0,1,4,3,1,2,1,20,4,1396,1,11,-1,2,-1
2015350219715,1,9,0,4,0,0,1,0,0,0,1,1,6,1,22,5,1596,1,-1,-1,2,-1
2015350219715,2,9,0,4,0,0,0,0,0,0,2,1,6,2,-1,-1,1587,1,9,-1,1,-1
2015350219815,1,9,0,18,0,0,0,0,0,0,1,1,6,1,68,10,1796,1,1,-1,1,-1
2015350219815,2,19,0,4,0,0,0,0,0,0,1,1,1,1,40,7,2198,2,5,-1,1,-1
2015350219815,3,9,0,3,0,0,0,0,0,0,2,1,6,1,47,8,1686,2,12,-1,1,-1
2015350219915,1,9,0,18,0,0,0,0,0,0,1,1,6,2,31,6,1895,1,15,-1,1,-1
2015350219915,2,9,0,4,0,0,0,0,0,0,2,1,6,1,42,7,1560,2,11,-1,1,-1
2015350220015,1,9,0,18,0,0,0,0,0,0,1,1,6,2,64,9,2148,2,13,-1,1,-1
2015350220015,2,9,0,18,0,0,0,0,1,0,1,1,6,2,34,6,1896,2,7,-1,1,-1
2015350220115,1,2,0,18,0,8,0,0,0,0,1,1,6,1,18,4,49,1,5,-1,1,-1
2015350220115,2,9,0,9,0,5,0,0,0,0,1,1,6,2,44,7,1956,2,6,-1,1,-1
2015350220215,1,9,0,7,0,3,0,0,0,0,4,1,2,2,48,8,1560,2,1,-1,3,-1
2015350220215,2,9,0,18,0,8,0,0,0,0,3,1,6,1,40,7,1794,1,10,-1,3,-1
2015350220315,1,9,0,14,0,0,0,0,0,0,3,1,6,1,27,6,1598,1,6,-1,1,-1
2015350220315,2,9,0,13,0,0,0,4,0,0,4,1,6,2,36,7,1989,1,17,-1,1,-1
2015350220315,3,9,0,2,0,0,0,0,0,0,3,1,6,3,-1,-1,1560,2,4,-1,-1,-1
2015350220415,1,9,0,18,0,0,0,0,0,0,1,1,6,1,-1,-1,-1,-1,-1,-1,-1,-1
2015350220515,1,8,0,5,0,0,0,0,0,0,3,1,1,1,25,5,2198,2,-1,-1,1,-1
2015350220515,2,3,0,18,0,0,2,0,0,0,4,1,6,1,23,5,124,1,-1,-1,1,-1
2015350220615,1,9,0,3,0,0,0,0,0,0,2,1,6,1,60,9,1997,1,13,-1,2,-1
2015350220615,2,9,0,18,0,0,0,0,0,0,1,1,6,1,30,6,1769,1,13,-1,1,-1
2015350220615,3,8,0,18,0,0,0,0,0,0,1,1,6,1,55,8,1968,2,4,-1,1,-1
2015350220715,1,21,1,9,0,5,0,0,0,0,1,1,1,1,28,6,11946,2,4,-1,1,-1
2015350220715,2,9,0,18,0,8,0,0,0,0,1,1,6,1,35,6,1753,2,12,-1,1,-1
2015350220815,1,9,0,17,0,0,0,0,1,0,1,1,2,1,24,5,1896,2,15,-1,3,-1
2015350220915,1,8,0,17,0,8,0,0,0,0,1,1,1,1,43,7,1910,2,8,-1,1,-1
2015350220915,2,1,0,4,0,8,0,0,0,0,1,1,2,2,43,7,-1,-1,-1,-1,1,-1
2015350221015,1,9,0,18,0,0,1,0,7,9,1,1,6,2,22,5,1388,1,12,-1,2,-1
2015350221115,1,9,0,18,0,4,0,0,0,0,1,1,6,1,40,7,1198,1,10,-1,1,-1
2015350221115,2,1,0,18,0,8,0,0,0,0,1,1,2,2,17,4,-1,-1,-1,-1,1,-1
2015350221215,1,9,0,9,0,6,0,0,0,0,1,1,6,1,35,6,1796,1,10,-1,1,-1
2015350221215,2,9,0,10,0,1,0,0,0,0,3,1,1,2,39,7,1597,1,11,-1,2,-1
2015350221315,1,9,0,6,0,6,0,0,0,0,2,1,6,2,21,5,1086,1,7,-1,2,-1
2015350221315,2,3,0,18,0,8,0,0,0,0,1,1,6,1,16,4,49,1,-1,-1,3,-1
2015350221415,1,9,0,1,0,0,0,0,0,0,2,1,6,1,45,7,1762,1,19,-1,2,-1
2015350221715,1,9,0,9,0,5,0,0,0,0,1,1,6,1,-1,-1,2967,2,-1,-1,3,-1
2015350221815,1,9,0,18,0,0,0,0,0,0,1,1,6,2,64,9,1339,8,3,-1,3,-1
2015350221915,1,9,0,18,0,0,2,0,7,0,1,1,6,1,38,7,1242,1,15,-1,1,-1
2015350223015,1,9,0,7,0,8,1,0,1,10,1,1,6,2,45,7,1796,1,12,-1,1,-1
2015350223215,1,9,0,13,0,8,0,0,7,9,4,1,2,1,24,5,1895,1,14,-1,1,-1
2015350223215,2,9,0,9,0,5,0,0,0,0,3,1,2,2,45,7,1598,1,4,-1,1,-1
2015350223215,3,9,0,3,0,1,0,0,0,0,0,1,6,3,-1,-1,-1,-1,-1,-1,-1,-1
2015350223315,1,9,0,16,0,0,0,0,0,0,4,1,6,1,26,6,1390,1,13,-1,2,-1
2015350223315,2,9,0,17,0,0,0,0,0,0,1,1,6,1,45,7,-1,-1,-1,-1,2,-1
2015350223415,1,1,0,18,0,0,0,0,0,0,1,1,6,1,20,4,-1,-1,-1,-1,1,-1
2015350223515,1,5,0,18,0,0,2,0,0,0,0,1,6,1,53,8,1402,1,9,-1,1,-1
2015350223715,1,9,0,18,0,2,0,0,0,0,1,1,1,1,-1,-1,1686,2,2,-1,-1,-1
2015350223815,1,9,0,18,0,0,0,0,0,0,1,1,6,1,-1,-1,1984,1,12,-1,3,-1
2015350223815,2,9,0,3,0,0,0,0,0,0,2,1,6,2,35,6,1461,2,9,-1,2,-1
2015350223915,1,9,0,18,0,8,0,0,0,0,1,1,6,3,-1,-1,-1,-1,-1,-1,-1,-1
2015350223915,2,1,0,18,0,8,0,0,0,0,1,1,6,2,44,7,-1,-1,-1,-1,1,-1
2015350224015,1,9,0,16,0,0,2,0,7,0,1,1,6,1,42,7,1896,2,12,-1,-1,-1
2015350224115,1,9,0,18,0,0,0,0,0,0,1,1,2,1,64,9,1951,2,14,-1,2,-1
2015350224215,1,9,0,18,0,0,0,0,6,0,3,1,6,1,22,5,1998,1,13,-1,1,-1
2015350224215,2,9,0,18,0,0,0,0,0,0,1,1,3,2,48,8,2435,1,13,-1,1,-1
2015350224315,1,11,0,18,0,0,0,0,0,0,3,1,1,1,22,5,9000,2,1,-1,1,-1
2015350224415,1,9,0,18,0,0,0,0,7,9,1,1,2,1,28,6,1968,2,2,-1,3,-1
2015350224415,2,9,0,18,0,0,0,0,1,9,1,1,2,2,43,7,-1,-1,-1,-1,1,-1
2015350224515,1,9,0,18,0,0,0,0,4,6,1,1,6,1,59,9,1997,1,14,-1,1,-1
2015350224615,1,9,0,18,0,0,0,0,0,0,1,1,6,2,29,6,-1,-1,-1,-1,1,-1
2015350224615,2,9,0,3,0,0,0,0,0,0,2,1,6,1,50,8,1242,1,8,-1,1,-1
2015350224615,3,9,0,3,0,0,0,0,0,0,2,1,6,1,45,7,1364,1,5,-1,3,-1
2015350224615,4,9,0,3,0,0,0,0,0,0,2,1,6,2,44,7,1968,2,5,-1,3,-1
2015350224715,1,21,0,12,0,0,0,0,0,0,3,1,6,1,49,8,-1,-1,-1,-1,-1,-1
2015350224715,2,9,0,13,0,0,0,0,0,0,1,1,6,2,31,6,1590,1,12,-1,1,-1
2015350224815,1,9,0,18,0,8,0,0,0,0,1,1,6,2,29,6,1997,2,11,-1,1,-1
2015350224815,2,9,0,4,0,8,0,0,0,0,2,1,6,2,32,6,1686,2,10,-1,1,-1
2015350224915,1,9,0,11,0,0,0,0,0,0,4,1,1,1,26,6,1198,1,4,-1,3,-1
2015350224915,2,3,0,18,0,0,0,0,0,0,3,1,6,1,18,4,125,1,3,-1,3,-1
2015350225115,1,9,0,18,0,0,0,0,1,4,1,1,6,1,43,7,1199,1,14,-1,2,-1
2015350225215,1,9,0,18,0,0,2,0,7,0,1,1,2,1,-1,-1,-1,-1,-1,-1,-1,-1
2015350249915,1,9,0,4,0,1,0,0,3,4,2,1,6,1,23,5,1560,2,10,-1,-1,-1
2015350250015,1,9,0,16,0,0,5,0,7,9,1,1,1,1,29,6,-1,-1,-1,-1,2,-1
2015360081529,1,9,0,4,0,0,0,0,0,0,1,1,6,1,24,5,1984,1,14,-1,3,-1
2015360081529,2,9,0,3,0,0,0,0,0,0,2,1,6,1,50,8,1988,2,11,-1,3,-1
2015360081529,3,9,0,3,0,0,0,0,0,0,2,1,6,2,22,5,1910,2,8,-1,1,-1
2015360086835,1,9,0,17,0,0,0,0,0,0,4,1,6,1,83,11,1686,2,11,-1,2,-1
2015360086839,1,9,0,18,0,0,0,0,1,0,1,1,2,2,54,8,1242,1,4,-1,3,-1
2015360086839,2,21,0,18,0,0,0,0,0,0,1,1,1,1,44,7,-1,-1,-1,-1,1,-1
2015360086840,1,19,0,5,0,6,0,0,0,0,1,1,1,1,42,7,2198,2,2,-1,2,-1
2015360086840,2,9,0,18,0,8,0,0,1,0,3,1,1,1,24,5,-1,-1,-1,-1,1,-1
2015360086841,1,9,0,18,0,0,0,0,7,0,1,1,6,1,23,5,1968,2,5,-1,3,-1
2015360086841,2,9,0,4,0,0,0,0,0,0,0,1,6,1,66,10,1242,1,6,-1,-1,-1
2015360086862,1,9,0,18,0,0,2,0,1,0,1,1,6,2,51,8,-1,-1,-1,-1,3,-1
2015360086876,1,9,0,7,7,0,1,0,7,4,1,1,6,1,57,9,-1,-1,-1,-1,3,-1
2015360086880,1,9,0,18,0,0,0,0,0,0,1,1,6,1,25,5,-1,-1,-1,-1,-1,-1
2015360086905,1,9,0,18,0,0,0,0,0,0,4,1,6,1,25,5,1986,2,10,-1,1,-1
2015360086940,1,9,0,4,0,1,0,0,0,0,2,1,6,2,56,9,1968,2,7,-1,3,-1
2015360086940,2,19,0,18,0,1,1,0,0,0,1,1,2,1,30,6,1997,2,11,-1,2,-1
2015360086948,1,9,0,18,0,0,0,0,1,0,1,1,6,1,27,6,2494,1,11,-1,-1,-1
2015360086970,1,9,0,18,0,0,1,0,0,0,1,1,6,1,23,5,-1,-1,-1,-1,2,-1
2015360086970,2,8,0,3,0,0,0,0,0,0,2,1,1,2,48,8,1390,1,10,-1,2,-1
2015360086970,3,9,0,4,0,0,0,0,0,0,2,1,1,1,67,10,-1,-1,-1,-1,1,-1
2015360086980,1,9,0,18,0,1,0,0,0,0,1,1,6,1,-1,-1,-1,-1,-1,-1,-1,-1
2015360087009,1,9,0,17,0,0,0,0,1,4,1,1,6,1,41,7,1968,2,10,-1,3,-1
2015360087023,1,9,0,17,0,2,1,0,0,0,1,1,6,1,48,8,-1,-1,-1,-1,3,-1
2015360087025,1,19,0,13,0,0,0,0,0,0,4,1,1,1,30,6,2198,2,4,-1,1,-1
2015360087025,2,1,0,18,0,0,0,0,1,0,2,1,6,1,46,8,-1,-1,-1,-1,2,-1
2015360087026,1,9,0,9,0,5,0,0,0,0,1,1,6,1,80,11,-1,-1,-1,-1,1,-1
2015360087026,2,11,0,18,0,8,0,0,0,0,1,1,1,1,53,8,4250,2,6,-1,2,-1
2015360087039,1,9,0,9,0,5,0,0,0,0,0,1,6,1,22,5,1229,1,3,-1,3,-1
2015360087039,2,3,0,18,0,1,0,0,1,0,1,1,6,1,19,4,-1,-1,-1,-1,1,-1
2015360087044,1,9,0,18,0,0,2,0,1,0,1,1,2,1,29,6,-1,-1,-1,-1,3,-1
2015360087046,1,9,0,17,0,0,0,0,1,1,1,1,1,1,21,5,-1,-1,-1,-1,3,-1
2015360087052,1,1,0,4,0,0,0,0,0,0,0,1,6,2,25,5,-1,-1,-1,-1,1,-1
2015360087053,1,9,0,12,0,0,0,0,0,0,3,1,6,1,35,6,1995,1,10,-1,1,-1
2015360087053,2,3,0,18,0,0,0,0,0,0,1,1,6,1,19,4,124,1,1,-1,1,-1
2015360087058,1,9,0,17,0,8,0,0,0,0,1,1,6,1,72,10,1298,1,4,-1,3,-1