Accident_Index,Vehicle_Reference,Vehicle_Type,Towing_and_Articulation,Vehicle_Manoeuvre,Vehicle_Location-Restricted_Lane,Junction_Location,Skidding_and_Overturning,Hit_Object_in_Carriageway,Vehicle_Leaving_Carriageway,Hit_Object_off_Carriageway,1st_Point_of_Impact,Was_Vehicle_Left_Hand_Drive?,Journey_Purpose_of_Driver,Sex_of_Driver,Age_of_Driver,Age_Band_of_Driver,Engine_Capacity_(CC),Propulsion_Code,Age_of_Vehicle,Driver_IMD_Decile,Driver_Home_Area_Type,Vehicle_IMD_Decile
2015360087058,2,3,0,16,0,8,1,0,0,0,1,1,1,1,38,7,108,1,2,-1,1,-1
2015360087059,1,19,0,6,8,0,0,0,0,0,1,1,6,1,19,4,2143,2,2,-1,1,-1
2015360087059,2,9,0,18,0,0,0,0,0,0,4,1,6,2,36,7,1910,2,8,-1,3,-1
2015360087080,1,1,0,18,0,0,0,0,0,0,0,1,6,2,63,9,-1,-1,-1,-1,1,-1
2015360087085,1,9,0,4,0,8,0,0,0,0,1,1,6,1,19,4,-1,-1,-1,-1,2,-1
2015360087085,2,9,0,9,0,6,0,0,7,0,3,1,6,1,48,8,1896,2,8,-1,1,-1
2015360087101,1,21,1,12,0,0,0,0,0,0,4,1,1,1,39,7,12740,2,5,-1,-1,-1
2015360087101,2,9,0,3,0,0,0,0,0,0,3,1,6,2,56,9,1753,2,5,-1,3,-1
2015360087102,1,9,0,4,0,0,0,0,4,6,1,1,1,2,21,5,1086,1,5,-1,3,-1
2015360087102,2,9,0,4,0,0,0,0,0,0,2,1,1,1,27,6,1998,2,12,-1,1,-1
2015360087103,1,19,0,4,0,0,0,0,0,0,1,1,6,1,24,5,-1,-1,-1,-1,3,-1
2015360087103,2,9,0,3,0,0,0,0,0,0,2,1,2,1,52,8,1951,2,13,-1,1,-1
2015360087103,3,9,0,3,0,0,0,0,0,0,2,1,2,1,55,8,-1,-1,-1,-1,1,-1
2015360087108,1,4,0,9,0,6,0,0,0,0,3,1,2,2,19,4,125,1,10,-1,3,-1
2015360087108,2,9,0,18,0,8,0,0,0,0,1,1,6,2,49,8,-1,-1,-1,-1,3,-1
2015360087110,1,8,0,18,9,0,0,0,1,0,1,1,1,1,37,7,1797,8,5,-1,1,-1
2015360087148,1,9,0,18,0,8,0,0,0,0,4,1,6,2,30,6,1598,1,12,-1,1,-1
2015360087148,2,9,0,5,0,4,0,0,0,0,1,1,6,2,47,8,1997,2,5,-1,3,-1
2015360087157,1,9,0,18,0,2,0,0,0,0,4,1,6,1,39,7,1870,2,10,-1,1,-1
2015360087158,1,11,0,13,0,0,0,0,0,0,4,1,1,3,-1,-1,-1,-1,-1,-1,-1,-1
2015360087158,2,1,0,18,0,0,0,0,1,0,3,1,2,2,28,6,-1,-1,-1,-1,1,-1
2015360087159,1,90,0,3,0,0,0,0,0,0,0,1,1,2,35,6,2987,2,1,-1,1,-1
2015360087159,2,20,0,4,0,0,0,0,0,0,2,1,1,1,47,8,-1,-1,-1,-1,1,-1
2015360087159,3,9,0,4,0,0,0,0,0,0,2,1,1,1,54,8,1596,1,10,-1,3,-1
2015360087159,4,9,0,4,0,0,0,0,0,0,1,1,6,1,86,11,2993,2,8,-1,3,-1
2015360087167,1,1,0,18,0,1,0,0,0,0,0,1,6,2,35,6,-1,-1,-1,-1,2,-1
2015360087175,1,1,0,18,9,8,0,0,0,0,1,1,6,1,15,3,-1,-1,-1,-1,1,-1
2015360087175,2,9,0,8,0,1,0,0,0,0,4,1,2,1,44,7,1910,2,7,-1,1,-1
2015360087177,1,21,1,4,0,3,1,0,0,0,1,1,1,1,24,5,11705,2,11,-1,3,-1
2015360087177,2,19,0,3,0,3,0,0,0,0,2,1,1,1,49,8,2143,2,1,-1,1,-1
2015360087177,3,21,1,3,0,3,0,0,0,0,2,1,1,1,66,10,12130,2,10,-1,3,-1
2015360087179,1,9,0,18,0,0,1,0,0,0,1,1,2,2,47,8,-1,-1,-1,-1,1,-1
2015360087179,2,9,0,4,0,0,0,0,0,0,2,1,6,1,76,11,-1,-1,-1,-1,1,-1
2015360087179,3,9,0,3,0,0,0,0,0,0,2,1,2,2,47,8,2231,2,9,-1,1,-1
2015360087179,4,9,0,3,0,0,0,0,0,0,2,1,6,2,-1,-1,1390,1,20,-1,1,-1
2015360087183,1,9,0,18,0,2,0,0,0,0,1,1,6,1,85,11,1598,1,14,-1,1,-1
2015360087187,1,9,0,4,0,0,1,0,1,10,4,1,6,2,55,8,1596,1,12,-1,3,-1
2015360087187,2,9,0,4,0,0,1,0,1,4,4,1,6,1,27,6,-1,-1,-1,-1,3,-1
2015360087189,1,9,0,4,0,0,1,0,0,0,1,1,6,1,49,8,-1,-1,-1,-1,3,-1
2015360087189,2,9,0,3,0,0,0,0,0,0,2,1,6,2,26,6,1364,1,6,-1,1,-1
2015360087190,1,11,0,4,0,0,0,0,1,4,1,1,1,1,52,8,9200,2,13,-1,1,-1
2015360087192,1,19,0,18,0,0,0,0,0,0,3,1,1,1,33,6,2464,2,7,-1,1,-1
2015360087203,1,1,0,18,9,8,0,0,0,0,1,1,6,2,19,4,-1,-1,-1,-1,1,-1
2015360087203,2,9,0,5,0,6,0,0,0,0,1,1,6,1,64,9,2231,2,3,-1,1,-1
2015360087205,1,9,0,18,0,0,5,0,1,4,1,1,6,2,21,5,1598,1,8,-1,2,-1
2015360087209,1,9,0,18,0,1,0,0,0,0,1,1,6,1,54,8,973,1,13,-1,2,-1
2015360087210,1,9,0,9,0,6,0,0,0,0,3,1,6,1,19,4,998,1,24,-1,3,-1
2015360087210,2,9,0,18,0,8,0,0,7,9,1,1,6,2,22,5,1242,1,4,-1,3,-1
2015360087211,1,21,0,16,0,2,0,0,0,0,1,1,1,1,50,8,6370,2,6,-1,3,-1
2015360087214,1,9,0,18,0,0,1,0,4,6,1,1,6,1,21,5,1998,1,5,-1,3,-1
2015360087222,1,9,0,4,0,2,0,0,0,0,1,1,6,3,-1,-1,1796,1,9,-1,-1,-1
2015360087222,2,9,0,3,0,2,0,0,0,0,2,1,6,2,43,7,1461,2,14,-1,1,-1
2015360087245,1,9,0,17,0,0,0,0,1,9,1,1,2,2,23,5,-1,-1,-1,-1,3,-1
2015360087248,1,9,0,9,0,6,0,0,0,0,1,1,6,2,60,9,1198,1,3,-1,1,-1
2015360087248,2,9,0,18,0,8,1,0,1,0,4,1,6,1,18,4,-1,-1,-1,-1,3,-1
2015360087252,1,9,0,5,0,1,0,0,0,0,1,1,6,2,49,8,1762,1,17,-1,1,-1
2015360087252,2,9,0,3,0,1,0,0,0,0,2,1,6,2,52,8,998,1,4,-1,1,-1
2015360087254,1,8,0,5,0,0,0,0,0,0,1,1,1,1,-1,-1,-1,-1,-1,-1,-1,-1
2015360087255,1,9,0,9,0,5,0,0,0,0,4,1,6,1,67,10,1586,1,8,-1,1,-1
2015360087255,2,9,0,18,0,8,0,0,0,0,1,1,1,2,58,9,1686,2,3,-1,1,-1
2015360087256,1,9,0,18,0,0,5,0,1,0,1,1,6,1,39,7,1299,1,13,-1,3,-1
2015360087257,1,9,0,17,0,1,0,0,0,0,1,1,1,1,29,6,1595,1,14,-1,-1,-1
2015360087257,2,9,0,16,0,2,0,0,0,0,1,1,1,1,32,6,1360,1,12,-1,3,-1
2015360087259,1,19,0,18,0,8,0,0,0,0,4,1,6,1,60,9,1461,2,4,-1,1,-1
2015360087259,2,9,0,18,0,8,0,0,0,0,1,1,6,1,56,9,-1,-1,-1,-1,1,-1
2015360087262,1,9,0,16,0,0,5,0,0,0,3,1,2,1,18,4,-1,-1,-1,-1,2,-1
2015360087262,2,9,0,17,0,0,0,0,0,0,1,1,2,1,20,4,-1,-1,-1,-1,1,-1
2015360087264,1,9,0,18,0,0,1,10,0,0,1,1,2,1,28,6,-1,-1,-1,-1,1,-1
2015360087264,2,9,0,18,0,0,0,0,1,0,1,1,2,1,48,8,-1,-1,-1,-1,1,-1
2015360087271,1,9,0,16,0,0,1,0,7,11,1,1,6,1,44,7,1242,1,9,-1,2,-1
2015360087272,1,9,0,4,0,0,1,0,0,0,1,1,1,1,52,8,-1,-1,-1,-1,1,-1
2015360087272,2,9,0,4,0,0,0,0,0,0,2,1,2,1,53,8,1598,1,8,-1,2,-1
2015360087275,1,2,0,4,0,0,1,0,0,0,3,1,2,2,57,9,49,1,8,-1,1,-1
2015360087279,1,9,0,16,0,0,2,0,1,4,4,1,2,1,18,4,-1,-1,-1,-1,3,-1
2015360087283,1,21,0,18,0,2,0,0,0,0,4,1,1,3,-1,-1,-1,-1,-1,-1,-1,-1
2015360087286,1,5,0,17,0,0,1,0,0,0,3,1,6,1,42,7,1298,1,15,-1,3,-1
2015360087288,1,9,0,18,0,2,0,0,0,0,4,1,6,2,78,11,998,1,16,-1,1,-1
2015360087288,2,1,0,18,0,2,0,0,0,0,3,1,6,1,48,8,-1,-1,-1,-1,3,-1
2015360087291,1,9,0,4,0,1,0,0,0,0,2,1,1,1,41,7,1200,1,1,-1,1,-1
2015360087291,2,9,0,4,0,1,0,0,0,0,1,1,6,1,30,6,2198,1,14,-1,2,-1
2015360087293,1,9,0,18,0,0,0,4,0,0,1,1,6,1,61,9,-1,-1,-1,-1,3,-1
2015360087293,2,19,0,2,0,0,0,0,0,0,2,1,6,1,36,7,2400,2,14,-1,2,-1
2015360087299,1,9,0,9,0,6,0,0,0,0,3,1,6,1,25,5,1242,1,9,-1,1,-1
2015360087299,2,9,0,4,0,8,0,0,0,0,1,1,6,2,34,6,-1,-1,-1,-1,1,-1
2015360087316,1,9,0,9,0,8,0,0,0,0,1,1,6,2,24,5,1598,1,13,-1,1,-1
2015360087316,2,3,0,18,0,8,0,0,0,0,1,1,2,2,19,4,125,1,1,-1,2,-1
2015360087323,1,19,0,4,0,1,1,0,0,0,1,1,6,1,45,7,2477,2,11,-1,-1,-1
2015360087323,2,19,0,3,0,1,0,0,0,0,2,1,1,1,32,6,2143,2,3,-1,1,-1
2015360087336,1,19,0,5,0,1,0,0,0,0,0,1,1,1,40,7,-1,-1,-1,-1,-1,-1
2015360087336,2,9,0,4,0,1,0,0,0,0,2,1,6,2,39,7,1560,2,3,-1,3,-1
2015360087336,3,9,0,18,0,1,0,0,0,0,1,1,6,1,-1,-1,1229,1,3,-1,-1,-1
2015360087367,1,9,0,5,0,6,0,0,0,0,3,1,6,1,74,10,-1,-1,-1,-1,2,-1
2015360087367,2,9,0,18,0,8,0,0,0,0,1,1,6,1,35,6,-1,-1,-1,-1,2,-1
2015360087371,1,9,0,18,0,0,0,0,0,0,1,1,6,1,74,10,1560,2,4,-1,-1,-1
2015360087372,1,9,0,9,0,6,0,0,0,0,1,1,6,2,55,8,1997,2,1,-1,2,-1
2015360087372,2,9,0,18,0,8,1,0,0,0,4,1,6,1,74,10,1798,1,2,-1,2,-1
2015360087373,1,9,0,18,0,0,0,0,0,0,1,1,1,2,19,4,1596,1,9,-1,3,-1
2015360087373,2,19,0,3,0,0,0,0,0,0,2,1,1,1,20,4,1248,2,8,-1,1,-1
2015360087373,3,9,0,3,0,0,0,0,0,0,2,1,1,2,32,6,1461,2,9,-1,3,-1
2015360087380,1,19,0,18,0,1,0,0,0,0,1,1,6,1,50,8,1461,2,2,-1,1,-1
2015360087387,1,21,1,18,0,1,0,0,0,0,1,1,1,1,45,7,12580,2,9,-1,3,-1
2015360087387,2,9,0,10,0,8,0,0,0,0,2,1,6,1,24,5,1360,1,11,-1,1,-1
2015360087391,1,9,0,4,0,8,1,0,0,0,4,1,1,1,45,7,1797,8,5,-1,1,-1
2015360087391,2,9,0,18,0,8,0,0,0,0,1,1,1,2,41,7,-1,-1,-1,-1,3,-1
2015360087392,1,9,0,18,0,1,1,0,1,4,1,1,6,1,18,4,1396,1,12,-1,1,-1
2015360087398,1,1,0,18,9,8,0,0,0,0,1,1,6,1,35,6,-1,-1,-1,-1,-1,-1
2015360087398,2,19,0,5,0,6,0,0,0,0,4,1,1,1,47,8,2198,2,5,-1,1,-1
2015360087416,1,9,0,1,0,8,0,0,0,0,2,1,6,1,78,11,1560,2,3,-1,1,-1
2015360087425,1,9,0,17,0,0,1,0,1,9,1,1,6,2,29,6,1242,1,8,-1,3,-1
2015360087425,2,9,0,17,0,0,1,0,0,0,4,1,6,2,69,10,1398,2,10,-1,3,-1
2015360087426,1,9,0,9,0,5,0,0,0,0,1,1,6,1,88,11,1686,2,3,-1,2,-1
2015360087426,2,3,0,18,0,8,0,0,0,0,1,1,6,1,19,4,124,1,12,-1,2,-1
2015360087428,1,9,0,16,0,0,2,0,0,0,4,1,6,2,21,5,1984,1,14,-1,-1,-1
2015360087428,2,11,0,3,0,0,0,0,0,0,0,1,1,1,40,7,-1,-1,-1,-1,1,-1
2015360087429,1,9,0,13,0,0,0,0,0,0,4,1,6,1,51,8,1968,2,9,-1,1,-1
2015360087429,2,1,0,18,0,0,0,0,0,0,3,1,2,1,47,8,-1,-1,-1,-1,3,-1
2015360087438,1,11,0,18,0,0,1,0,0,0,1,1,1,1,36,7,7300,2,13,-1,1,-1
2015360087444,1,9,0,16,0,0,1,0,1,4,1,1,6,1,18,4,-1,-1,-1,-1,2,-1
2015360087453,1,19,0,9,0,6,0,0,0,0,1,1,1,1,49,8,2187,2,12,-1,1,-1
2015360087453,2,1,0,18,0,8,0,0,0,0,4,1,1,1,40,7,-1,-1,-1,-1,1,-1
2015360087460,1,9,0,9,0,6,0,0,0,0,1,1,6,1,32,6,1995,2,16,-1,3,-1
2015360087460,2,9,0,9,0,5,0,0,0,0,1,1,6,1,60,9,1984,2,3,-1,3,-1
2015360087462,1,9,0,16,0,0,1,0,1,0,3,1,6,1,28,6,-1,1,43,-1,2,-1
2015360087462,2,9,0,17,0,0,0,0,0,0,1,1,1,1,66,10,1896,2,14,-1,3,-1
2015360087473,1,9,0,18,0,2,1,10,0,0,1,1,6,2,34,6,-1,-1,-1,-1,3,-1
2015360087474,1,9,0,18,0,8,0,0,0,0,1,1,6,1,60,9,-1,-1,-1,-1,2,-1
2015360087474,2,9,0,9,0,8,0,0,0,0,1,1,6,2,27,6,-1,-1,-1,-1,3,-1
2015360087488,1,9,0,18,0,0,0,0,0,0,1,1,6,2,49,8,1995,2,4,-1,3,-1
2015360087488,2,9,0,18,0,0,0,0,1,0,1,1,6,1,21,5,998,1,9,-1,1,-1
2015360087494,1,9,0,18,0,2,0,0,0,0,3,1,6,2,28,6,2000,2,9,-1,2,-1
2015360087496,1,9,0,2,0,0,0,0,0,0,2,1,6,2,30,6,1598,2,1,-1,1,-1
2015360087496,2,19,0,18,0,0,1,0,1,7,1,1,1,1,26,6,2198,2,1,-1,1,-1
2015360087500,1,9,0,18,0,1,0,0,0,0,1,1,6,2,78,11,1124,1,8,-1,3,-1
2015360087500,2,9,0,10,0,8,0,0,0,0,2,1,6,2,49,8,1587,1,9,-1,3,-1
2015360087501,1,98,0,16,0,0,0,0,0,0,0,1,1,1,-1,-1,-1,-1,-1,-1,-1,-1
2015360087501,2,9,0,17,0,0,0,0,1,9,4,1,6,2,28,6,1998,1,7,-1,1,-1
2015360087534,1,9,0,5,0,6,0,0,0,0,3,1,6,2,-1,-1,1398,1,4,-1,-1,-1
2015360087534,2,9,0,18,0,8,0,0,0,0,1,1,6,1,26,6,1461,2,10,-1,1,-1
2015360087536,1,9,0,18,0,0,0,0,7,9,1,1,6,2,79,11,-1,-1,-1,-1,3,-1
2015360087540,1,9,0,5,0,6,0,0,0,0,3,1,2,2,55,8,1796,1,9,-1,3,-1
2015360087540,2,1,0,18,0,8,0,0,0,0,1,1,2,1,42,7,-1,-1,-1,-1,2,-1
2015360087545,1,9,0,9,0,5,0,0,0,0,4,1,2,1,30,6,-1,-1,-1,-1,1,-1
2015360087545,2,4,0,15,0,8,0,0,0,0,1,1,2,2,46,8,124,1,9,-1,1,-1
2015360087545,3,9,0,9,0,8,0,0,0,0,0,1,6,3,-1,-1,-1,-1,-1,-1,-1,-1
2015360087546,1,9,0,4,0,0,1,0,0,0,1,1,6,1,27,6,1968,2,4,-1,2,-1
2015360087551,1,19,0,4,0,0,1,0,0,0,1,1,1,1,50,8,2800,2,9,-1,2,-1
2015360087551,2,21,0,3,0,0,0,0,0,0,2,1,1,1,39,7,4461,2,7,-1,1,-1
2015360087567,1,19,0,18,0,8,0,0,0,0,4,1,1,1,51,8,-1,-1,-1,-1,1,-1
2015360087567,2,1,0,7,0,6,0,0,1,11,1,1,6,2,38,7,-1,-1,-1,-1,1,-1
2015360087571,1,9,0,4,0,0,0,0,0,0,1,1,6,2,30,6,-1,-1,-1,-1,2,-1
2015360087571,2,20,0,3,0,0,0,0,0,0,2,1,1,1,-1,-1,6870,2,5,-1,-1,-1
2015360087577,1,19,0,9,0,5,0,0,0,0,1,1,1,1,40,7,2198,2,3,-1,1,-1
2015360087577,2,9,0,17,0,8,1,0,0,0,1,1,6,1,29,6,-1,-1,-1,-1,1,-1
2015360087583,1,9,0,16,0,2,1,0,0,0,1,1,6,1,37,7,1598,1,10,-1,-1,-1
2015360087583,2,9,0,17,0,1,0,0,0,0,1,1,6,1,52,8,-1,-1,-1,-1,3,-1
2015360087583,3,9,0,16,0,2,0,0,7,0,1,1,6,1,71,10,1997,2,8,-1,2,-1
2015360087592,1,9,0,18,0,1,0,0,0,0,1,1,6,1,73,10,1598,1,10,-1,1,-1
2015360087592,2,9,0,10,0,8,0,0,0,0,2,1,6,1,28,6,1753,2,9,-1,1,-1
2015360087602,1,9,0,16,0,0,1,0,0,0,1,1,1,1,62,9,-1,-1,-1,-1,1,-1
2015360087602,2,20,0,17,0,0,1,0,0,0,1,1,1,1,40,7,4249,2,2,-1,3,-1
2015360087617,1,19,0,18,0,8,1,0,0,0,1,1,6,1,22,5,2198,2,2,-1,1,-1
2015360087617,2,9,0,18,0,8,0,0,0,0,1,1,6,1,72,10,-1,-1,-1,-1,1,-1
2015360087617,3,9,0,10,0,8,0,0,0,0,0,1,6,1,30,6,-1,-1,-1,-1,2,-1
2015360087618,1,9,0,14,0,0,0,4,0,0,1,1,6,1,75,10,-1,-1,-1,-1,3,-1
2015360087618,2,9,0,18,0,0,0,0,0,0,1,1,6,1,69,10,1796,1,10,-1,3,-1
2015360087618,3,9,0,2,0,0,0,0,0,0,2,1,6,2,26,6,-1,-1,-1,-1,3,-1
2015360087629,1,9,0,14,0,8,0,0,0,0,1,1,6,2,25,5,1242,1,6,-1,1,-1
2015360087629,2,19,0,2,0,8,0,0,0,0,2,1,1,1,54,8,-1,-1,-1,-1,3,-1
2015360087639,1,9,0,13,0,8,1,0,1,0,1,1,2,1,28,6,998,1,13,-1,1,-1
2015360087639,2,19,0,7,0,6,1,0,0,0,1,1,2,1,34,6,-1,-1,-1,-1,1,-1
2015360087642,1,9,0,18,0,2,0,0,0,0,3,1,6,1,29,6,1799,1,9,-1,1,-1
2015360087645,1,9,0,18,0,4,0,0,0,0,1,1,6,2,-1,-1,-1,-1,-1,-1,-1,-1
2015360087645,2,1,0,18,0,8,0,0,0,0,1,1,6,2,23,5,-1,-1,-1,-1,1,-1
2015360087646,1,9,0,18,0,1,1,0,0,0,1,1,6,1,49,8,-1,-1,-1,-1,1,-1
2015360087646,2,9,0,4,0,1,0,0,0,0,2,1,6,2,40,7,-1,-1,-1,-1,3,-1
2015360087652,1,9,0,9,0,6,0,0,0,0,3,1,6,2,18,4,-1,-1,-1,-1,3,-1
2015360087652,2,9,0,18,0,8,0,0,0,0,1,1,6,1,24,5,1199,1,13,-1,1,-1
2015360087666,1,9,0,17,0,0,0,0,0,0,3,1,6,1,73,10,2179,2,7,-1,3,-1
2015360087666,2,9,0,16,0,0,1,0,0,0,3,1,6,1,65,9,-1,-1,-1,-1,3,-1
2015360087678,1,9,0,18,0,8,0,0,0,0,4,1,6,2,30,6,1299,1,13,-1,1,-1
2015360087678,2,9,0,5,0,4,0,0,0,0,1,1,6,2,20,4,1796,1,8,-1,2,-1
2015360087680,1,9,0,18,0,0,0,0,1,10,1,1,6,2,85,11,-1,-1,-1,-1,3,-1
2015360087680,2,9,0,18,0,0,0,0,0,0,2,1,6,1,17,4,-1,-1,-1,-1,2,-1
2015360087682,1,9,0,4,0,0,1,0,0,0,1,1,6,1,33,6,1493,1,12,-1,1,-1
2015360087682,2,9,0,4,0,0,0,0,0,0,2,1,6,1,26,6,1998,1,8,-1,1,-1
2015360087685,1,9,0,4,0,1,0,0,0,0,1,1,6,2,45,7,1242,1,15,-1,2,-1
2015360087685,2,9,0,4,0,1,0,0,0,0,2,1,6,1,32,6,1461,2,3,-1,1,-1
2015360087694,1,9,0,18,0,0,0,0,2,2,4,1,2,1,74,10,-1,-1,-1,-1,1,-1
2015360087711,1,9,0,18,0,0,1,0,0,0,1,1,6,2,35,6,1597,1,17,-1,3,-1
2015360087711,2,9,0,18,0,0,1,0,0,0,1,1,6,1,26,6,-1,-1,-1,-1,2,-1
2015360087718,1,9,0,16,0,0,1,0,0,0,1,1,1,1,22,5,1242,1,13,-1,3,-1
2015360087718,2,9,0,17,0,0,0,0,0,0,1,1,6,1,69,10,1596,1,10,-1,1,-1
2015360087723,1,9,0,18,0,0,1,0,7,0,1,1,6,2,52,8,1242,1,14,-1,3,-1
2015360087723,2,9,0,18,0,0,0,0,0,0,1,1,6,1,38,7,1598,1,16,-1,3,-1
2015360087725,1,9,0,18,0,0,1,0,1,0,1,1,6,2,38,7,-1,-1,-1,-1,2,-1
2015360087725,2,19,0,18,0,0,0,0,0,0,1,1,1,1,39,7,1248,2,7,-1,1,-1
2015360087742,1,9,0,18,0,2,0,0,0,0,1,1,3,1,32,6,2800,2,20,-1,3,-1
2015360087742,2,9,0,4,0,2,0,0,0,0,2,1,3,2,31,6,1997,2,13,-1,3,-1
2015360087746,1,9,0,11,0,5,0,0,0,0,4,1,6,1,80,11,-1,-1,-1,-1,2,-1
2015360087746,2,11,0,7,0,5,0,0,0,0,3,1,6,1,36,7,-1,-1,-1,-1,3,-1
2015360087752,1,9,0,18,0,8,0,0,0,0,1,1,6,2,52,8,-1,-1,-1,-1,3,-1
2015360087752,2,9,0,5,0,6,0,0,0,0,4,1,2,1,46,8,-1,-1,-1,-1,1,-1
2015360087753,1,9,0,18,0,0,1,0,1,9,1,1,1,2,39,7,1248,2,8,-1,3,-1
2015360087763,1,9,0,18,0,1,0,0,0,0,1,1,6,1,62,9,1984,2,2,-1,2,-1
2015360087763,2,9,0,3,0,1,0,0,0,0,2,1,6,2,77,11,698,1,11,-1,1,-1
2015360087763,3,19,0,18,0,2,0,0,0,0,3,1,6,1,-1,-1,2143,2,3,-1,1,-1
2015360087764,1,9,0,16,0,0,1,0,1,3,1,1,6,1,28,6,-1,-1,-1,-1,3,-1
2015360087767,1,9,0,18,0,0,0,0,0,0,1,1,6,1,33,6,1242,1,18,-1,1,-1
2015360087767,2,9,0,18,0,0,0,0,0,0,1,1,6,1,25,5,2179,2,8,-1,3,-1
2015360087785,1,9,0,18,0,1,1,0,1,7,1,1,6,1,25,5,1998,2,7,-1,3,-1
2015360087785,2,3,0,18,0,1,0,0,0,0,2,1,2,1,49,8,125,1,2,-1,-1,-1
2015360087788,1,9,0,18,0,0,0,0,0,0,4,1,6,1,-1,-1,2179,2,3,-1,3,-1
2015360087789,1,5,0,18,0,1,0,0,0,0,1,1,6,1,34,6,599,1,3,-1,2,-1
2015360087789,2,9,0,9,0,5,0,0,0,0,2,1,6,2,30,6,1461,2,1,-1,-1,-1
2015360087792,1,19,0,18,0,0,1,0,0,0,1,1,2,1,26,6,2402,2,8,-1,2,-1
2015360087792,2,19,0,18,0,0,0,0,0,0,1,1,2,1,51,8,-1,-1,-1,-1,1,-1
2015360087795,1,9,0,13,0,8,0,0,0,0,4,1,6,1,78,11,1397,1,4,-1,3,-1
2015360087795,2,1,0,9,0,5,0,0,0,0,3,1,6,1,68,10,-1,-1,-1,-1,1,-1
2015360087796,1,9,0,9,0,6,0,0,0,0,1,1,6,1,82,11,-1,-1,-1,-1,1,-1
2015360087796,2,9,0,18,0,8,0,0,0,0,1,1,6,1,53,8,-1,-1,-1,-1,3,-1
2015360087798,1,19,0,18,0,1,0,0,0,0,1,1,2,1,31,6,1753,2,8,-1,2,-1
2015360087798,2,9,0,10,0,8,0,0,0,0,2,1,6,1,33,6,1798,1,8,-1,3,-1
2015360087807,1,9,0,18,0,0,0,0,0,0,1,1,6,2,60,9,1598,2,1,-1,3,-1
2015360087807,2,9,0,18,0,0,0,0,1,0,1,1,6,1,74,10,1598,1,5,-1,3,-1
2015360087815,1,9,0,18,0,0,0,0,0,0,1,1,6,3,-1,-1,-1,-1,-1,-1,-1,-1
2015360087833,1,9,0,18,0,0,0,0,0,0,1,1,6,2,46,8,1360,1,16,-1,1,-1
2015360087833,2,9,0,13,0,0,0,0,0,0,1,1,6,2,30,6,1598,1,10,-1,2,-1
2015360087833,3,9,0,18,0,0,0,0,0,0,1,1,6,1,21,5,1596,1,14,-1,1,-1
2015360087834,1,2,0,18,0,6,0,0,0,0,3,1,6,1,19,4,49,1,5,-1,-1,-1
2015360087834,2,9,0,18,0,8,0,0,0,0,1,1,6,2,52,8,1998,1,9,-1,-1,-1
2015360087840,1,9,0,7,0,6,0,0,0,0,3,1,6,2,35,6,-1,-1,-1,-1,1,-1
2015360087840,2,9,0,18,0,8,0,0,0,0,1,1,6,2,68,10,1991,2,5,-1,1,-1
2015360087852,1,9,0,9,0,5,0,0,0,0,4,1,2,1,31,6,-1,-1,-1,-1,3,-1
2015360087852,2,9,0,18,0,8,0,0,0,0,1,1,6,1,36,7,1299,1,10,-1,1,-1
2015360087854,1,21,0,18,0,8,0,10,3,0,1,1,1,1,44,7,6692,2,5,-1,3,-1
2015360087860,1,9,0,18,0,0,0,0,0,0,1,1,6,1,70,10,-1,-1,-1,-1,3,-1
2015360087860,2,9,0,18,0,0,0,0,0,0,1,1,6,1,29,6,-1,-1,-1,-1,2,-1
2015360087868,1,9,0,16,0,8,0,10,7,10,1,1,1,1,52,8,-1,-1,-1,-1,3,-1
2015360087884,1,9,0,2,0,0,0,0,0,0,0,1,6,1,58,9,1753,2,14,-1,3,-1
2015360087884,2,9,0,14,0,0,0,0,0,0,4,1,6,1,-1,-1,-1,-1,-1,-1,-1,-1
2015360087894,1,9,0,13,0,8,1,0,7,0,1,1,6,1,34,6,-1,-1,-1,-1,1,-1
2015360087894,2,17,4,9,0,5,0,0,0,0,3,1,1,1,-1,-1,-1,2,6,-1,-1,-1
2015360087898,1,9,0,18,0,8,1,0,3,10,1,1,6,1,48,8,1968,2,6,-1,-1,-1
2015360087903,1,9,0,17,0,0,2,0,1,0,1,1,6,1,68,10,1951,2,13,-1,2,-1
2015360087904,1,9,0,17,0,0,1,0,7,9,1,1,6,2,68,10,1248,2,4,-1,-1,-1
2015360087911,1,19,0,9,0,5,0,0,0,0,4,1,6,3,-1,-1,-1,-1,-1,-1,-1,-1
2015360087911,2,3,0,18,0,8,0,0,0,0,1,1,2,1,50,8,125,1,12,-1,1,-1
2015360087912,1,9,0,5,0,6,0,0,3,10,3,1,6,2,-1,-1,2400,2,2,-1,3,-1
2015360087912,2,9,0,18,0,8,0,0,0,0,1,1,6,2,52,8,1598,1,10,-1,-1,-1
2015360087913,1,3,0,9,0,6,0,0,0,0,3,1,6,1,19,4,79,1,23,-1,3,-1
2015360087913,2,9,0,18,0,8,0,0,0,0,1,1,6,1,34,6,1995,2,9,-1,3,-1
2015360087923,1,9,0,14,0,0,0,0,0,0,1,1,6,1,22,5,1596,1,14,-1,1,-1
2015360087924,1,9,0,18,0,0,1,0,1,11,1,1,6,1,60,9,1598,2,1,-1,2,-1