Accident_Index,Vehicle_Reference,Vehicle_Type,Towing_and_Articulation,Vehicle_Manoeuvre,Vehicle_Location-Restricted_Lane,Junction_Location,Skidding_and_Overturning,Hit_Object_in_Carriageway,Vehicle_Leaving_Carriageway,Hit_Object_off_Carriageway,1st_Point_of_Impact,Was_Vehicle_Left_Hand_Drive?,Journey_Purpose_of_Driver,Sex_of_Driver,Age_of_Driver,Age_Band_of_Driver,Engine_Capacity_(CC),Propulsion_Code,Age_of_Vehicle,Driver_IMD_Decile,Driver_Home_Area_Type,Vehicle_IMD_Decile
2015360087929,1,8,0,18,0,1,0,0,0,0,3,1,1,1,51,8,1753,2,6,-1,1,-1
2015360087942,1,9,0,18,0,0,1,0,1,4,4,1,6,1,28,6,-1,-1,-1,-1,1,-1
2015360087948,1,11,0,4,0,0,0,0,0,0,0,1,1,1,58,9,7300,2,13,-1,1,-1
2015360087951,1,1,0,18,5,0,0,0,0,0,3,1,6,1,44,7,-1,-1,-1,-1,1,-1
2015360087951,2,9,0,18,0,0,0,0,0,0,1,1,6,1,33,6,1598,1,4,-1,1,-1
2015360087951,3,9,0,18,0,0,0,0,0,0,1,1,6,2,41,7,1560,2,4,-1,2,-1
2015360087961,1,9,0,4,0,1,0,0,0,0,1,1,6,1,-1,-1,2231,2,1,-1,1,-1
2015360087961,2,9,0,4,0,1,0,0,0,0,2,1,6,2,40,7,1870,2,12,-1,1,-1
2015360087963,1,9,0,5,0,4,0,0,0,0,3,1,6,2,26,6,1995,2,7,-1,1,-1
2015360087963,2,9,0,18,0,8,0,0,0,0,1,1,6,1,41,7,1896,2,15,-1,1,-1
2015360087974,1,9,0,9,0,6,0,0,0,0,3,1,2,1,56,9,4999,1,5,-1,1,-1
2015360087974,2,11,0,18,2,8,0,0,0,0,1,1,1,2,57,9,9200,2,10,-1,3,-1
2015360087975,1,9,0,18,0,0,0,0,7,4,3,1,1,1,48,8,-1,-1,-1,-1,3,-1
2015360087975,2,19,0,18,0,0,0,0,1,9,3,1,1,1,48,8,1461,2,-1,-1,1,-1
2015360087988,1,9,0,17,0,0,1,0,1,4,1,1,6,2,25,5,-1,-1,-1,-1,2,-1
2015360087988,2,9,0,16,0,0,0,0,0,0,0,1,6,3,-1,-1,-1,-1,-1,-1,-1,-1
2015360087989,1,9,0,17,0,0,2,0,1,10,4,1,6,2,17,4,-1,-1,-1,-1,3,-1
2015360087992,1,9,0,7,0,3,0,0,0,0,4,1,6,1,65,9,998,1,1,-1,1,-1
2015360087994,1,9,0,7,0,6,0,0,0,0,1,1,6,2,30,6,1390,1,18,-1,3,-1
2015360087994,2,9,0,18,0,8,0,0,0,0,4,1,2,2,45,7,1461,2,5,-1,2,-1
2015360087995,1,11,0,18,0,2,0,0,0,0,1,1,1,1,60,9,8268,2,12,-1,1,-1
2015360088000,1,9,0,4,0,1,0,0,0,0,1,1,6,1,65,9,1998,2,8,-1,1,-1
2015360088004,1,9,0,18,0,1,5,0,1,1,4,1,2,1,20,4,-1,-1,-1,-1,3,-1
2015360088006,1,9,0,17,0,0,1,0,0,0,3,1,6,1,19,4,-1,-1,-1,-1,1,-1
2015360088006,2,9,0,16,0,0,0,0,1,0,1,1,6,1,37,7,1587,1,8,-1,1,-1
2015360088009,1,9,0,18,0,0,0,0,1,4,4,1,6,1,48,8,-1,-1,-1,-1,3,-1
2015360088017,1,9,0,13,0,0,0,0,0,0,0,1,6,2,38,7,1560,2,8,-1,1,-1
2015360088017,2,5,0,13,0,0,0,0,7,0,3,1,6,1,55,8,649,1,16,-1,1,-1
2015360088025,1,9,0,17,0,0,0,0,0,0,3,1,6,3,-1,-1,-1,-1,-1,-1,-1,-1
2015360088026,1,9,0,9,0,6,0,0,0,0,3,1,2,2,25,5,-1,-1,-1,-1,1,-1
2015360088026,2,9,0,18,0,8,0,0,0,0,1,1,6,1,18,4,-1,-1,-1,-1,3,-1
2015360088027,1,3,0,16,0,3,1,0,0,0,4,1,6,1,20,4,79,1,20,-1,3,-1
2015360088029,1,3,0,13,0,2,0,0,7,1,3,1,6,1,27,6,124,1,13,-1,1,-1
2015360088032,1,9,0,17,0,0,1,0,7,11,1,1,6,1,28,6,1796,1,10,-1,1,-1
2015360088033,1,1,0,9,9,5,0,0,0,0,1,1,6,1,29,6,-1,-1,-1,-1,1,-1
2015360088055,1,9,0,18,0,8,0,0,0,0,1,1,6,1,22,5,1597,1,26,-1,2,-1
2015360088055,2,9,0,5,0,4,0,0,0,0,3,1,6,2,19,4,1242,1,2,-1,3,-1
2015360088059,1,9,0,4,0,1,0,0,0,0,1,1,2,2,35,6,1299,1,11,-1,2,-1
2015360088059,2,9,0,3,0,1,0,0,0,0,2,1,6,1,17,4,1242,1,11,-1,1,-1
2015360088063,1,20,0,17,0,0,0,0,7,11,3,1,6,1,17,4,-1,-1,-1,-1,3,-1
2015360088064,1,9,0,17,0,0,1,0,0,0,1,1,2,1,58,9,-1,-1,-1,-1,3,-1
2015360088064,2,9,0,16,0,0,0,0,0,0,3,1,2,1,36,7,1461,2,1,-1,2,-1
2015360088069,1,9,0,11,0,0,0,0,0,0,1,1,6,1,-1,-1,1242,1,1,-1,1,-1
2015360088069,2,9,0,18,0,0,0,0,0,0,3,1,6,2,34,6,1461,2,1,-1,3,-1
2015360088074,1,98,0,18,0,1,0,0,0,0,4,1,6,3,-1,-1,-1,-1,-1,-1,-1,-1
2015360088079,1,9,0,18,0,0,0,0,0,0,1,1,6,1,34,6,2685,2,12,-1,1,-1
2015360088080,1,9,0,18,0,0,0,0,0,0,1,1,6,2,37,7,1560,2,2,-1,3,-1
2015360088098,1,9,0,18,0,1,0,0,0,0,1,1,6,1,62,9,1870,2,12,-1,1,-1
2015360088098,2,19,0,3,0,1,0,0,0,0,2,1,1,1,41,7,1997,2,3,-1,1,-1
2015360088098,3,21,0,10,0,8,0,0,0,0,2,1,1,1,33,6,-1,-1,-1,-1,3,-1
2015360088104,1,9,0,16,0,0,0,0,1,0,1,1,6,2,33,6,1988,2,12,-1,3,-1
2015360088104,2,9,0,17,0,0,0,0,0,0,1,1,6,1,44,7,796,1,13,-1,3,-1
2015360088107,1,9,0,18,0,0,0,0,0,0,4,1,6,1,33,6,-1,-1,-1,-1,1,-1
2015360088107,2,1,0,14,4,0,0,0,0,0,2,1,2,2,36,7,-1,-1,-1,-1,-1,-1
2015360088127,1,9,0,3,0,0,0,0,0,0,2,1,6,1,41,7,1997,2,4,-1,1,-1
2015360088127,2,9,0,18,0,0,0,0,0,0,1,1,6,1,55,8,1598,1,14,-1,-1,-1
2015360088127,3,9,0,18,0,0,0,0,0,0,0,1,6,3,-1,-1,1199,1,14,-1,-1,-1
2015360088142,1,11,0,18,0,1,0,0,1,11,1,1,1,1,62,9,9600,2,18,-1,1,-1
2015360088142,2,9,0,3,0,1,0,0,0,0,2,1,1,1,46,8,1124,1,18,-1,1,-1
2015360088142,3,20,0,3,0,1,0,0,0,0,2,1,6,1,30,6,-1,-1,-1,-1,3,-1
2015360088142,4,9,0,3,0,1,0,0,0,0,2,1,6,1,29,6,1598,1,3,-1,1,-1
2015360088142,5,9,0,3,0,1,0,0,0,0,2,1,6,1,27,6,1390,1,11,-1,1,-1
2015360088145,1,3,0,3,0,1,0,0,0,0,0,1,6,1,24,5,125,1,6,-1,1,-1
2015360088145,2,9,0,5,0,1,0,0,0,0,4,1,6,1,72,10,1560,2,8,-1,1,-1
2015360088146,1,21,0,4,0,1,0,0,7,10,1,1,1,2,51,8,4462,2,2,-1,1,-1
2015360088146,2,21,0,4,0,1,0,0,0,0,2,1,1,1,45,7,-1,-1,-1,-1,2,-1
2015360088146,3,19,0,4,0,1,0,0,0,0,2,1,1,1,52,8,1968,2,2,-1,3,-1
2015360088146,4,19,0,4,0,1,0,0,0,0,2,1,1,1,50,8,2402,2,6,-1,1,-1
2015360088147,1,9,0,18,0,0,0,4,1,0,1,1,6,1,26,6,-1,-1,-1,-1,3,-1
2015360088147,2,9,0,2,0,0,0,0,1,11,2,1,6,2,24,5,-1,-1,-1,-1,-1,-1
2015360088147,3,9,0,3,0,0,0,0,0,0,0,1,6,1,34,6,1796,1,7,-1,-1,-1
2015360088148,1,19,0,18,0,0,0,0,0,0,3,1,6,1,41,7,2148,2,10,-1,1,-1
2015360088149,1,9,0,18,0,0,0,0,0,0,3,1,1,1,31,6,-1,-1,-1,-1,1,-1
2015360088149,2,21,0,18,0,0,0,0,1,0,3,1,1,1,65,9,12130,2,16,-1,3,-1
2015360088149,3,20,0,18,0,0,0,0,0,0,1,1,1,1,61,9,4462,2,2,-1,1,-1
2015360088150,1,9,0,18,0,0,0,0,1,0,1,1,6,1,19,4,1796,1,17,-1,1,-1
2015360088150,2,21,4,18,0,0,0,0,0,0,2,1,1,1,38,7,6870,2,8,-1,1,-1
2015360088150,3,9,0,18,0,0,0,0,0,0,0,1,6,2,-1,-1,1229,1,10,-1,-1,-1
2015360088167,1,20,0,9,0,5,0,0,0,0,0,1,1,1,20,4,-1,-1,-1,-1,3,-1
2015360088167,2,9,0,18,0,8,1,0,0,0,1,1,6,1,65,9,1598,1,5,-1,1,-1
2015360088167,3,9,0,4,0,8,0,0,1,0,1,1,6,1,40,7,1794,1,12,-1,2,-1
2015360088167,4,9,0,4,0,8,0,0,0,0,1,1,6,1,58,9,1560,2,3,-1,2,-1
2015360088169,1,9,0,17,0,2,2,0,1,8,1,1,6,2,27,6,1997,2,14,-1,1,-1
2015360088179,1,21,0,2,0,0,0,0,0,0,0,1,1,1,63,9,-1,-1,-1,-1,1,-1
2015360088179,2,2,0,14,0,0,1,0,0,0,1,1,6,1,52,8,48,1,2,-1,1,-1
2015360088185,1,20,0,18,0,8,0,0,0,0,4,1,6,1,30,6,2496,2,20,-1,1,-1
2015360088185,2,9,0,9,0,8,0,0,0,0,1,1,6,2,32,6,1598,1,12,-1,1,-1
2015360088190,1,2,0,18,0,0,1,0,0,0,4,1,6,1,17,4,108,1,1,-1,1,-1
2015360088192,1,9,0,18,0,0,0,0,0,0,1,1,6,1,70,10,1461,2,1,-1,3,-1
2015360088192,2,9,0,3,0,0,0,0,1,0,2,1,6,2,30,6,2191,2,2,-1,3,-1
2015360088192,3,9,0,3,0,0,0,0,0,0,2,1,6,1,50,8,1686,2,6,-1,1,-1
2015360088196,1,9,0,9,0,6,0,0,0,0,3,1,6,1,72,10,1968,2,2,-1,3,-1
2015360088196,2,9,0,18,0,8,0,0,0,0,1,1,6,2,56,9,1598,1,13,-1,1,-1
2015360088198,1,9,0,9,0,6,0,0,0,0,3,1,6,2,76,11,1598,1,11,-1,3,-1
2015360088198,2,19,0,18,0,8,0,0,0,0,1,1,6,1,46,8,2402,2,13,-1,3,-1
2015360088201,1,9,0,18,0,1,0,0,0,0,1,1,6,1,61,9,1461,2,6,-1,3,-1
2015360088201,2,9,0,10,0,8,0,0,0,0,2,1,6,2,46,8,1386,1,8,-1,1,-1
2015360088204,1,9,0,18,0,0,0,0,0,0,1,1,6,2,67,10,1582,2,5,-1,3,-1
2015360088204,2,9,0,3,0,0,0,0,0,0,2,1,6,1,77,11,1397,1,7,-1,3,-1
2015360088211,1,9,0,9,0,5,0,0,0,0,3,1,6,1,49,8,1595,1,11,-1,1,-1
2015360088211,2,5,0,13,0,8,0,0,0,0,1,1,6,1,65,9,1170,1,3,-1,3,-1
2015360088214,1,9,0,4,0,0,0,0,0,0,1,1,2,1,38,7,-1,-1,-1,-1,3,-1
2015360088214,2,19,0,18,0,0,1,0,1,0,1,1,1,1,42,7,2400,2,14,-1,1,-1
2015360088216,1,9,0,9,0,6,0,0,0,0,1,1,6,2,17,4,1400,1,15,-1,3,-1
2015360088216,2,9,0,18,0,8,0,0,0,0,1,1,6,2,36,7,1242,1,8,-1,1,-1
2015360088220,1,9,0,9,0,5,0,0,0,0,1,1,6,1,42,7,1598,1,9,-1,3,-1
2015360088220,2,9,0,18,0,8,0,0,0,0,1,1,6,1,28,6,1560,2,7,-1,2,-1
2015360088223,1,9,0,17,0,0,5,0,1,0,1,1,6,2,59,9,1596,1,2,-1,3,-1
2015360088226,1,9,0,9,0,6,0,0,0,0,1,1,1,2,28,6,1149,1,13,-1,2,-1
2015360088226,2,9,0,18,0,8,0,0,0,0,4,1,6,2,67,10,1229,1,9,-1,1,-1
2015360088227,1,9,0,18,0,0,5,0,1,9,4,1,6,1,82,11,1339,1,3,-1,3,-1
2015360088257,1,9,0,18,0,8,0,0,0,0,1,1,6,1,42,7,1896,2,5,-1,3,-1
2015360088257,2,9,0,9,0,6,0,0,0,0,3,1,6,1,48,8,1781,1,17,-1,1,-1
2015360088258,1,19,0,18,0,1,0,0,0,0,1,1,1,1,23,5,1998,2,11,-1,1,-1
2015360088258,2,19,0,3,0,1,0,0,0,0,2,1,1,1,39,7,1753,2,8,-1,1,-1
2015360088267,1,19,0,18,0,8,0,0,0,0,4,1,1,1,50,8,12740,2,4,-1,3,-1
2015360088267,2,9,0,9,0,6,0,0,0,0,1,1,6,2,57,9,-1,-1,-1,-1,1,-1
2015360088270,1,9,0,12,0,3,0,0,0,0,0,1,1,1,26,6,1398,1,3,-1,3,-1
2015360088270,2,5,0,4,0,3,1,0,0,0,3,1,2,1,27,6,599,1,14,-1,3,-1
2015360088274,1,9,0,17,0,0,0,0,0,0,1,1,1,1,22,5,-1,-1,-1,-1,3,-1
2015360088274,2,90,0,17,0,0,0,0,0,0,2,1,6,1,30,6,-1,-1,-1,-1,-1,-1
2015360088277,1,19,0,2,0,0,0,0,0,0,0,1,1,1,28,6,4580,2,18,-1,2,-1
2015360088277,2,9,0,4,0,0,0,0,0,0,2,1,6,1,63,9,3628,2,8,-1,1,-1
2015360088277,3,9,0,18,0,0,0,0,0,0,1,1,6,2,19,4,993,1,14,-1,3,-1
2015360088278,1,9,0,9,0,6,0,0,7,0,1,1,6,1,18,4,1596,1,14,-1,3,-1
2015360088278,2,9,0,17,0,8,0,0,0,0,1,1,6,2,54,8,1896,2,12,-1,2,-1
2015360088282,1,9,0,18,0,0,0,0,0,0,1,1,6,1,47,8,1995,2,8,-1,1,-1
2015360088282,2,9,0,2,0,0,0,0,0,0,2,1,6,3,-1,-1,1600,2,5,-1,-1,-1
2015360088284,1,9,0,14,0,0,0,0,0,0,1,1,6,1,86,11,1796,1,16,-1,2,-1
2015360088284,2,9,0,18,0,0,0,0,0,0,1,1,6,2,24,5,-1,-1,-1,-1,3,-1
2015360088290,1,11,0,18,0,0,0,0,0,0,4,1,1,3,-1,-1,-1,-1,-1,-1,-1,-1
2015360088294,1,9,0,18,0,0,0,0,0,0,1,1,6,2,-1,-1,-1,-1,-1,-1,-1,-1
2015360088294,2,9,0,18,0,0,0,0,0,0,1,1,6,2,38,7,1399,1,10,-1,3,-1
2015360088295,1,19,0,18,0,0,0,0,0,0,4,1,6,3,-1,-1,-1,-1,-1,-1,-1,-1
2015360088296,1,9,0,4,0,1,0,0,0,0,1,1,6,1,47,8,1968,2,5,-1,1,-1
2015360088296,2,19,0,3,0,1,0,0,0,0,2,1,6,1,50,8,-1,-1,-1,-1,2,-1
2015360088297,1,9,0,14,0,8,0,0,0,0,4,1,6,2,36,7,1587,1,9,-1,1,-1
2015360088298,1,3,0,18,0,1,0,0,0,0,1,1,6,1,41,7,125,1,1,-1,2,-1
2015360088298,2,9,0,10,0,8,0,0,0,0,2,1,6,2,49,8,1299,1,14,-1,3,-1
2015360088300,1,9,0,18,0,0,0,0,1,4,4,1,2,2,51,8,1896,2,7,-1,1,-1
2015360088302,1,9,0,18,0,0,0,0,1,4,1,1,1,1,46,8,-1,-1,-1,-1,3,-1
2015360088303,1,3,0,4,0,0,0,0,0,0,1,1,4,1,17,4,124,1,-1,-1,3,-1
2015360088303,2,9,0,4,0,0,0,0,0,0,2,1,6,2,33,6,1397,1,6,-1,3,-1
2015360088314,1,9,0,9,0,6,0,0,0,0,1,1,6,2,57,9,1397,1,7,-1,-1,-1
2015360088331,1,9,0,17,0,0,1,0,1,0,1,1,2,2,26,6,-1,-1,-1,-1,2,-1
2015360088331,2,9,0,16,0,0,0,0,1,0,1,1,2,1,34,6,-1,-1,-1,-1,2,-1
2015360088336,1,9,0,17,0,0,0,0,0,0,1,1,6,1,69,10,1798,1,2,-1,1,-1
2015360088336,2,9,0,16,0,0,0,0,0,0,3,1,6,1,26,6,1461,2,-1,-1,2,-1
2015360088336,3,19,0,16,0,0,0,0,0,0,3,1,6,1,37,7,2198,2,-1,-1,2,-1
2015360088341,1,9,0,18,0,8,0,0,0,0,1,1,6,1,83,11,1198,1,1,-1,3,-1
2015360088341,2,9,0,10,0,8,0,0,0,0,2,1,6,2,65,9,-1,-1,-1,-1,3,-1
2015360088341,3,21,0,18,0,8,0,0,1,0,3,1,1,1,51,8,6692,2,5,-1,1,-1
2015360088345,1,8,0,14,0,1,0,0,0,0,4,1,1,1,45,7,2143,2,1,-1,3,-1
2015360088345,2,9,0,2,0,1,0,0,0,0,3,1,6,1,41,7,1796,1,4,-1,3,-1
2015360088373,1,9,0,5,0,1,0,0,0,0,4,1,6,3,-1,-1,-1,-1,-1,-1,-1,-1
2015360088378,1,9,0,17,0,0,2,0,7,3,4,1,2,1,54,8,-1,-1,-1,-1,1,-1
2015360088380,1,9,0,9,0,6,0,0,0,0,1,1,6,2,50,8,2199,2,4,-1,3,-1
2015360088380,2,1,0,18,0,8,0,0,0,0,1,1,6,1,52,8,-1,-1,-1,-1,1,-1
2015360088383,1,9,0,16,0,0,5,0,1,11,1,1,6,2,22,5,-1,-1,-1,-1,3,-1
2015360088408,1,9,0,9,0,5,0,0,0,0,4,1,6,1,18,4,1199,1,13,-1,3,-1
2015360088408,2,9,0,18,0,8,0,0,0,0,1,1,6,2,50,8,1587,1,14,-1,2,-1
2015360088411,1,9,0,9,0,6,0,0,0,0,1,1,6,1,29,6,1341,1,13,-1,1,-1
2015360088411,2,9,0,18,0,8,0,0,0,0,1,1,6,2,73,10,1242,1,6,-1,2,-1
2015360088460,1,9,0,9,0,6,0,0,0,0,3,1,6,2,75,10,1229,1,11,-1,1,-1
2015360088460,2,9,0,18,0,8,0,0,0,0,4,1,6,2,41,7,1984,1,23,-1,2,-1
2015360088471,1,9,0,18,0,1,0,0,7,2,1,1,1,1,64,9,1995,2,2,-1,1,-1
2015360088477,1,9,0,9,0,6,0,0,0,0,3,1,6,2,78,11,-1,-1,-1,-1,2,-1
2015360088477,2,9,0,18,0,8,0,0,0,0,1,1,6,1,45,7,2993,2,4,-1,2,-1
2015360088480,1,9,0,14,0,8,0,0,0,0,1,1,6,2,65,9,1343,1,13,-1,1,-1
2015360088480,2,1,0,9,0,6,0,0,0,0,3,1,6,1,10,2,-1,-1,-1,-1,1,-1
2015360088480,3,9,0,2,0,1,0,0,0,0,0,1,6,3,-1,-1,1560,2,8,-1,-1,-1
2015360088488,1,9,0,18,0,8,1,0,7,3,1,1,6,1,18,4,1250,1,18,-1,3,-1
2015360088488,2,9,0,9,0,6,0,0,0,0,1,1,2,1,38,7,1995,2,3,-1,3,-1
2015360088496,1,9,0,18,0,0,0,6,0,0,4,1,6,1,28,6,2495,2,21,-1,-1,-1
2015360088496,2,9,0,18,0,0,0,0,0,0,0,1,6,3,-1,-1,-1,-1,-1,-1,-1,-1
2015360088502,1,19,0,18,0,0,0,0,0,0,1,1,6,1,50,8,1753,2,8,-1,-1,-1
2015360088502,2,9,0,3,0,0,0,0,0,0,2,1,3,2,47,8,1998,2,9,-1,2,-1
2015360088508,1,9,0,18,0,1,1,0,0,0,1,1,6,1,44,7,-1,-1,-1,-1,2,-1
2015360088508,2,9,0,3,0,1,0,0,0,0,2,1,6,2,25,5,1248,2,7,-1,2,-1
2015360088508,3,9,0,3,0,1,0,0,0,0,2,1,6,2,46,8,1995,2,7,-1,3,-1
2015360088521,1,9,0,9,0,5,0,0,0,0,4,1,6,1,74,10,1197,1,1,-1,1,-1
2015360088521,2,9,0,18,0,8,0,0,0,0,1,1,2,2,52,8,-1,-1,-1,-1,-1,-1
2015360088552,1,9,0,18,0,6,0,0,0,0,1,1,6,1,27,6,-1,-1,-1,-1,1,-1
2015360088552,2,9,0,18,0,8,0,0,0,0,4,1,6,1,45,7,-1,-1,-1,-1,3,-1
2015360088555,1,9,0,18,0,2,0,0,0,0,1,1,1,1,30,6,1988,1,13,-1,2,-1
2015360088559,1,9,0,18,0,8,0,0,0,0,1,1,6,1,20,4,1124,1,12,-1,3,-1
2015360088559,2,9,0,4,0,8,0,0,0,0,2,1,6,2,45,7,2000,2,9,-1,2,-1
2015360088573,1,9,0,16,0,0,0,0,1,1,1,1,2,1,23,5,1870,2,10,-1,1,-1
2015360088582,1,19,0,18,0,0,1,0,0,0,1,1,1,1,22,5,1753,2,14,-1,2,-1
2015360088582,2,21,0,18,0,0,0,0,0,0,1,1,1,1,50,8,9200,2,8,-1,1,-1
2015360088585,1,10,0,16,0,0,2,0,0,0,3,1,1,1,67,10,-1,-1,-1,-1,3,-1
2015360088585,2,9,0,17,0,0,0,0,0,0,3,1,1,1,57,9,2143,2,3,-1,-1,-1
2015360088612,1,9,0,9,0,6,0,0,0,0,1,1,1,1,34,6,1895,1,15,-1,1,-1
2015360088612,2,9,0,18,0,8,0,0,0,0,4,1,6,1,26,6,1998,1,17,-1,3,-1
2015360088614,1,9,0,18,0,0,0,0,4,6,1,1,6,1,86,11,2231,2,1,-1,3,-1
2015360088614,2,9,0,3,0,0,0,0,0,0,2,1,6,1,43,7,1998,2,8,-1,3,-1
2015360088617,1,9,0,16,0,1,0,0,0,0,1,1,6,2,38,7,2179,2,10,-1,1,-1
2015360088617,2,9,0,10,0,8,0,0,0,0,2,1,6,2,24,5,1299,1,15,-1,1,-1
2015360088617,3,9,0,17,0,8,0,0,0,0,1,1,6,2,52,8,1242,1,3,-1,1,-1
2015360088624,1,9,0,18,0,0,0,0,1,0,1,1,6,2,31,6,-1,-1,-1,-1,3,-1
2015360088624,2,9,0,3,0,0,0,0,0,0,2,1,6,2,26,6,1399,2,4,-1,3,-1
2015360088624,3,9,0,3,0,0,0,0,0,0,2,1,6,2,32,6,1598,2,2,-1,1,-1
2015360088627,1,9,0,13,0,8,5,0,7,0,1,1,6,2,58,9,-1,-1,-1,-1,3,-1
2015360088627,2,9,0,9,0,5,0,0,1,0,3,1,1,1,35,6,1999,1,10,-1,-1,-1
2015360088640,1,9,0,18,0,2,1,0,0,0,1,1,6,1,41,7,1900,2,15,-1,1,-1
2015360088640,2,9,0,18,0,1,0,0,0,0,1,1,6,2,23,5,-1,-1,-1,-1,1,-1
2015360088640,3,9,0,2,0,1,0,0,0,0,3,1,6,1,-1,-1,1599,1,10,-1,-1,-1
2015360088642,1,1,0,18,0,8,0,0,0,0,1,1,6,2,52,8,-1,-1,-1,-1,2,-1
2015360088642,2,19,0,9,0,6,0,0,0,0,3,1,6,3,-1,-1,-1,-1,-1,-1,-1,-1
2015360088646,1,9,0,18,0,1,0,0,0,0,1,1,6,2,63,9,998,1,7,-1,1,-1
2015360088646,2,9,0,3,0,1,0,0,0,0,2,1,1,2,43,7,1499,2,2,-1,1,-1
2015360088653,1,19,0,4,0,8,0,0,0,0,2,1,1,1,59,9,2298,2,3,-1,1,-1
2015360088653,2,9,0,4,0,1,0,0,0,0,1,1,6,1,21,5,-1,-1,-1,-1,-1,-1
2015360088653,3,9,0,4,0,1,0,0,0,0,1,1,6,1,49,8,1995,2,3,-1,1,-1
2015360088655,1,1,0,18,0,8,0,0,0,0,1,1,6,1,40,7,-1,-1,-1,-1,1,-1
2015360088655,2,9,0,7,0,5,0,0,0,0,4,1,6,2,32,6,1686,2,7,-1,1,-1
2015360088664,1,3,0,9,0,6,0,0,0,0,3,1,6,1,20,4,124,1,11,-1,1,-1
2015360088664,2,3,0,18,0,8,0,0,0,0,1,1,2,1,47,8,96,1,7,-1,1,-1
2015360088694,1,5,0,18,0,3,1,0,0,0,3,1,6,1,54,8,1261,1,13,-1,1,-1
2015360088697,1,9,0,9,0,6,0,0,0,0,3,1,6,1,21,5,1149,1,4,-1,1,-1
2015360088697,2,5,0,18,0,8,0,0,0,0,1,1,6,1,64,9,650,1,54,-1,1,-1
2015360088698,1,9,0,18,0,0,1,0,4,6,1,1,2,2,21,5,1968,2,5,-1,2,-1
2015360088698,2,21,1,12,0,0,0,0,0,0,2,1,1,1,67,10,12130,2,10,-1,2,-1
2015360088699,1,9,0,18,0,0,0,0,0,0,1,1,6,1,73,10,1398,2,13,-1,-1,-1
2015360088699,2,21,1,18,0,0,0,0,1,0,1,1,1,1,32,6,10837,2,2,-1,1,-1
2015360088702,1,5,0,18,0,0,0,0,0,0,4,1,6,1,45,7,583,1,18,-1,1,-1
2015360088704,1,9,0,5,0,6,0,0,0,0,1,1,6,1,68,10,1587,1,12,-1,1,-1
2015360088704,2,1,0,18,0,8,0,0,0,0,3,1,6,2,59,9,-1,-1,-1,-1,1,-1
2015360088709,1,11,0,18,0,8,0,0,0,0,4,1,1,3,-1,-1,-1,-1,-1,-1,-1,-1
2015360088711,1,21,0,11,0,0,0,0,0,0,1,1,1,1,63,9,9200,2,7,-1,3,-1
2015360088711,2,9,0,18,0,0,0,0,0,0,3,1,6,2,32,6,1398,2,12,-1,2,-1
2015360088732,1,9,0,7,0,6,0,0,0,0,3,1,6,1,24,5,1242,1,3,-1,3,-1
2015360088732,2,9,0,18,0,1,0,0,0,0,1,1,6,2,48,8,1995,2,2,-1,3,-1
2015360088733,1,1,0,18,0,8,0,0,0,0,1,1,6,2,22,5,-1,-1,-1,-1,1,-1
2015360088733,2,19,0,18,0,3,0,0,0,0,4,1,6,3,-1,-1,-1,-1,-1,-1,-1,-1
2015360088743,1,9,0,9,0,6,0,0,0,0,1,1,2,2,28,6,-1,-1,-1,-1,-1,-1
2015360088743,2,19,0,18,0,8,0,0,0,0,4,1,1,1,42,7,2148,2,7,-1,1,-1
2015360088758,1,9,0,5,0,1,0,0,0,0,1,1,6,1,44,7,1956,2,3,-1,2,-1
2015360088764,1,9,0,18,0,8,0,10,0,0,1,1,6,2,40,7,2198,1,9,-1,3,-1
2015360088764,2,20,0,18,0,8,0,0,0,0,1,1,1,1,24,5,-1,-1,-1,-1,3,-1
2015360088770,1,9,0,18,0,0,0,0,0,0,4,1,6,1,70,10,1896,2,17,-1,3,-1
2015360088776,1,9,0,17,0,0,2,0,7,0,1,1,1,2,21,5,998,1,9,-1,1,-1
2015360088785,1,9,0,9,0,6,0,0,0,0,1,1,6,2,30,6,-1,-1,-1,-1,-1,-1
2015360088785,2,1,0,18,0,8,0,0,0,0,4,1,6,2,28,6,-1,-1,-1,-1,1,-1
2015360088790,1,9,0,18,0,1,0,0,0,0,1,1,3,2,34,6,1399,2,3,-1,1,-1
2015360088796,1,4,0,18,0,8,0,0,0,0,1,1,6,1,50,8,499,1,14,-1,2,-1
2015360088796,2,9,0,9,0,6,0,0,0,0,3,1,3,1,49,8,2231,2,8,-1,1,-1
2015360088805,1,9,0,16,0,0,0,0,7,3,1,1,6,2,18,4,-1,-1,-1,-1,3,-1
2015360088807,1,19,0,18,0,4,0,0,3,0,1,1,1,1,37,7,2402,2,7,-1,1,-1
2015360088810,1,9,0,9,0,6,0,0,0,0,3,1,2,1,20,4,1595,1,26,-1,1,-1
2015360088810,2,9,0,18,0,8,1,0,0,0,1,1,2,2,26,6,1229,1,10,-1,1,-1
2015360088817,1,9,0,9,0,5,0,0,0,0,4,1,6,2,-1,-1,-1,-1,-1,-1,-1,-1