Accident_Index,Vehicle_Reference,Vehicle_Type,Towing_and_Articulation,Vehicle_Manoeuvre,Vehicle_Location-Restricted_Lane,Junction_Location,Skidding_and_Overturning,Hit_Object_in_Carriageway,Vehicle_Leaving_Carriageway,Hit_Object_off_Carriageway,1st_Point_of_Impact,Was_Vehicle_Left_Hand_Drive?,Journey_Purpose_of_Driver,Sex_of_Driver,Age_of_Driver,Age_Band_of_Driver,Engine_Capacity_(CC),Propulsion_Code,Age_of_Vehicle,Driver_IMD_Decile,Driver_Home_Area_Type,Vehicle_IMD_Decile
2015360090470,1,9,0,9,0,6,0,0,0,0,3,1,6,2,25,5,1596,1,9,-1,1,-1
2015360090470,2,3,0,18,0,8,0,0,0,0,4,1,6,2,46,8,124,1,3,-1,1,-1
2015360090471,1,19,0,18,0,0,0,0,0,0,1,1,1,1,47,8,2143,2,2,-1,2,-1
2015360090471,2,9,0,4,0,0,0,0,0,0,2,1,2,1,77,11,1598,1,10,-1,1,-1
2015360090471,3,9,0,4,0,0,0,0,0,0,2,1,1,1,52,8,1995,1,12,-1,3,-1
2015360090471,4,9,0,4,0,0,0,0,0,0,2,1,6,1,46,8,1598,1,8,-1,3,-1
2015360090472,1,9,0,18,0,0,0,0,7,9,3,1,6,1,85,11,1364,2,8,-1,3,-1
2015360090476,1,9,0,18,0,2,0,0,0,0,3,1,2,2,22,5,1149,1,10,-1,2,-1
2015360090477,1,9,0,18,0,1,0,0,1,0,1,1,6,1,21,5,1229,1,2,-1,3,-1
2015360090477,2,9,0,3,0,1,0,0,0,0,2,1,6,2,59,9,1598,1,10,-1,3,-1
2015360090477,3,9,0,18,0,2,0,0,1,0,1,1,6,1,27,6,-1,-1,-1,-1,3,-1
2015360090490,1,9,0,9,0,6,0,0,0,0,1,1,6,1,66,10,3996,1,15,-1,1,-1
2015360090490,2,8,0,18,0,8,0,0,0,0,1,1,6,1,53,8,1995,2,8,-1,2,-1
2015360090500,1,9,0,1,0,6,0,0,0,0,2,1,6,2,78,11,1399,1,8,-1,2,-1
2015360090535,1,21,1,4,0,8,0,0,0,0,1,2,1,1,-1,-1,-1,-1,-1,-1,-1,-1
2015360090535,2,9,0,3,0,8,0,0,0,0,2,1,6,2,75,10,998,1,1,-1,2,-1
2015360090539,1,9,0,9,0,5,0,0,0,0,1,1,6,1,70,10,1910,2,9,-1,-1,-1
2015360090539,2,1,0,15,4,8,0,0,0,0,1,1,2,1,32,6,-1,-1,-1,-1,1,-1
2015360090540,1,9,0,18,0,0,1,0,1,0,1,1,6,1,20,4,1229,1,7,-1,1,-1
2015360090540,2,9,0,18,0,0,1,0,4,6,3,1,6,2,30,6,1895,1,15,-1,1,-1
2015360090546,1,9,0,9,0,5,0,0,0,0,1,1,6,2,81,11,1198,1,4,-1,1,-1
2015360090546,2,1,0,10,0,1,0,0,0,0,1,1,6,2,30,6,-1,-1,-1,-1,1,-1
2015360090549,1,9,0,18,0,0,0,0,0,0,1,1,1,1,45,7,-1,-1,-1,-1,3,-1
2015360090549,2,9,0,18,0,0,1,0,0,0,1,1,1,1,65,9,1997,12,2,-1,2,-1
2015360090551,1,9,0,18,0,6,0,0,0,0,1,1,6,1,18,4,1598,1,9,-1,3,-1
2015360090551,2,9,0,18,0,8,0,0,0,0,3,1,6,2,56,9,1598,1,6,-1,3,-1
2015360090557,1,8,0,18,0,0,0,0,0,0,4,1,1,1,61,9,1996,2,7,-1,1,-1
2015360090572,1,9,0,13,0,1,0,0,0,0,4,1,6,3,-1,-1,1999,1,9,-1,-1,-1
2015360090572,2,1,0,18,0,1,0,10,0,0,3,1,2,1,30,6,-1,-1,-1,-1,1,-1
2015360090574,1,3,0,18,0,1,0,0,0,0,1,1,6,1,26,6,124,1,1,-1,3,-1
2015360090574,2,9,0,4,0,1,0,0,0,0,2,1,1,2,20,4,998,1,-1,-1,3,-1
2015360090577,1,9,0,5,0,6,0,0,0,0,1,1,6,1,54,8,1870,2,11,-1,1,-1
2015360090577,2,9,0,18,0,8,0,0,0,0,3,1,1,2,46,8,1240,1,8,-1,1,-1
2015360090580,1,9,0,4,0,0,0,0,0,0,2,1,6,1,20,4,-1,-1,-1,-1,1,-1
2015360090580,2,9,0,4,0,0,0,0,0,0,2,1,6,2,30,6,1799,1,6,-1,3,-1
2015360090580,3,9,0,18,0,0,0,0,0,0,1,1,6,2,34,6,1149,1,15,-1,1,-1
2015360090582,1,9,0,18,0,1,0,0,0,0,4,1,6,1,39,7,1598,1,12,-1,1,-1
2015360090593,1,9,0,9,0,6,0,0,0,0,1,1,6,1,42,7,2495,2,11,-1,2,-1
2015360090593,2,9,0,18,0,8,0,0,0,0,1,1,6,2,74,10,998,1,15,-1,2,-1
2015360090594,1,9,0,18,0,0,0,0,0,0,1,1,6,3,-1,-1,-1,-1,-1,-1,-1,-1
2015360090594,2,1,0,18,0,0,0,0,0,0,2,1,6,2,14,3,-1,-1,-1,-1,2,-1
2015360090595,1,1,0,18,9,8,0,0,0,0,1,1,4,1,8,2,-1,-1,-1,-1,1,-1
2015360090595,2,9,0,9,0,6,0,0,0,0,1,1,6,1,40,7,2499,2,14,-1,1,-1
2015360090607,1,19,0,18,0,0,0,0,0,0,4,1,6,1,30,6,2151,2,12,-1,-1,-1
2015360090608,1,9,0,5,0,6,0,0,0,0,1,1,6,1,-1,-1,-1,-1,-1,-1,-1,-1
2015360090609,1,9,0,5,0,4,0,0,0,0,3,1,6,1,18,4,1997,2,16,-1,1,-1
2015360090609,2,9,0,18,0,8,0,0,0,0,1,1,6,2,22,5,1560,2,5,-1,1,-1
2015360090614,1,9,0,18,0,2,0,0,0,0,1,1,6,1,20,4,1299,1,15,-1,1,-1
2015360090624,1,9,0,16,0,0,0,0,0,0,3,1,6,1,31,6,1242,1,16,-1,1,-1
2015360090624,2,9,0,17,0,0,0,0,0,0,3,1,6,1,44,7,3628,2,8,-1,3,-1
2015360090633,1,9,0,18,0,1,0,0,0,0,1,1,6,1,24,5,1299,1,17,-1,2,-1
2015360090633,2,9,0,10,0,1,0,0,0,0,2,1,6,1,23,5,1398,1,5,-1,1,-1
2015360090670,1,9,0,18,0,8,0,0,0,0,4,1,6,1,28,6,-1,-1,-1,-1,1,-1
2015360090670,2,8,0,9,0,6,0,0,0,0,1,1,1,1,47,8,1997,2,8,-1,1,-1
2015360090672,1,9,0,18,0,6,0,0,0,0,1,1,1,1,28,6,-1,-1,-1,-1,1,-1
2015360090672,2,9,0,18,0,8,0,0,0,0,3,1,6,1,83,11,1289,1,15,-1,3,-1
2015360090674,1,9,0,13,0,8,1,0,0,0,1,1,6,2,-1,-1,1299,1,12,-1,-1,-1
2015360090674,2,9,0,9,0,5,0,0,0,0,3,1,6,2,25,5,1242,1,5,-1,1,-1
2015360090690,1,9,0,18,0,4,0,0,0,0,1,1,6,1,73,10,1968,2,4,-1,3,-1
2015360090690,2,9,0,18,0,8,0,0,0,0,1,1,6,1,54,8,1951,2,10,-1,1,-1
2015360090694,1,9,0,4,0,1,0,0,0,0,1,1,2,2,22,5,998,1,9,-1,1,-1
2015360090694,2,9,0,3,0,1,0,0,0,0,2,1,2,2,27,6,998,1,16,-1,1,-1
2015360090702,1,9,0,17,0,0,0,0,1,9,1,1,6,2,18,4,1229,1,3,-1,2,-1
2015360090704,1,19,0,18,0,1,0,0,1,0,1,1,1,1,36,7,1868,2,9,-1,1,-1
2015360090704,2,9,0,10,0,8,0,0,0,0,2,1,6,1,26,6,1396,1,12,-1,3,-1
2015360090707,1,9,0,5,0,4,0,0,0,0,1,1,6,2,60,9,1968,2,5,-1,2,-1
2015360090708,1,3,0,9,0,5,0,0,0,0,1,1,6,1,17,4,108,1,-1,-1,3,-1
2015360090708,2,9,0,17,0,8,0,0,0,0,1,1,6,1,28,6,1796,1,20,-1,3,-1
2015360090709,1,9,0,9,0,6,0,0,0,0,3,1,6,1,84,11,1598,1,4,-1,2,-1
2015360090709,2,9,0,18,0,8,0,0,1,0,1,1,6,1,52,8,2198,1,12,-1,2,-1
2015360090713,1,9,0,18,0,0,0,0,1,4,3,1,1,1,22,5,1198,1,-1,-1,1,-1
2015360090713,2,9,0,3,0,0,0,0,0,0,4,1,1,1,43,7,2198,2,9,-1,3,-1
2015360090715,1,9,0,18,0,1,0,0,0,0,1,1,2,2,34,6,-1,-1,-1,-1,2,-1
2015360090715,2,9,0,4,0,1,0,0,0,0,2,1,6,1,32,6,1870,2,11,-1,2,-1
2015360090719,1,9,0,18,0,1,0,0,0,0,1,1,6,2,-1,-1,1997,1,11,-1,-1,-1
2015360090719,2,9,0,10,0,1,0,0,0,0,2,1,4,2,29,6,1399,2,12,-1,1,-1
2015360090720,1,5,0,16,0,0,0,0,0,0,3,1,6,1,21,5,750,1,16,-1,2,-1
2015360090720,2,21,0,17,0,0,0,0,0,0,3,1,1,1,23,5,12777,2,7,-1,1,-1
2015360090720,3,19,0,17,0,0,0,0,1,0,3,1,1,1,37,7,1248,2,9,-1,1,-1
2015360090723,1,2,0,7,0,3,0,0,0,0,4,1,6,1,47,8,49,1,5,-1,1,-1
2015360090723,2,9,0,9,0,8,0,0,0,0,3,1,6,1,35,6,1386,1,5,-1,1,-1
2015360090729,1,9,0,5,0,4,0,0,0,0,1,1,6,1,83,11,1591,1,2,-1,1,-1
2015360090729,2,1,0,18,0,8,0,0,0,0,2,1,6,2,31,6,-1,-1,-1,-1,1,-1
2015360090736,1,9,0,18,0,8,0,0,0,0,1,1,6,2,29,6,1896,2,11,-1,2,-1
2015360090736,2,9,0,7,0,6,0,0,0,0,3,1,6,1,25,5,1753,2,12,-1,1,-1
2015360090751,1,19,0,18,0,0,0,0,7,0,1,1,6,1,22,5,2500,2,8,-1,3,-1
2015360090751,2,9,0,18,0,0,0,0,1,0,1,1,1,1,56,9,998,1,1,-1,3,-1
2015360090754,1,9,0,13,0,0,0,0,0,0,2,1,6,1,35,6,1968,2,-1,-1,1,-1
2015360090754,2,9,0,18,0,0,0,0,0,0,1,1,6,2,35,6,1896,2,14,-1,1,-1
2015360090769,1,9,0,7,0,5,0,0,0,0,2,1,6,2,40,7,1598,2,3,-1,3,-1
2015360090769,2,1,0,18,0,8,0,0,0,0,1,1,6,1,24,5,-1,-1,-1,-1,1,-1
2015360090773,1,2,0,18,0,1,0,0,0,0,1,1,6,1,21,5,108,1,1,-1,1,-1
2015360090773,2,9,0,10,0,8,0,0,0,0,2,1,6,2,42,7,2148,2,12,-1,3,-1
2015360090778,1,9,0,9,0,6,0,0,0,0,4,1,6,1,63,9,1956,2,1,-1,1,-1
2015360090783,1,9,0,13,0,8,1,0,7,11,1,1,1,1,33,6,-1,-1,-1,-1,1,-1
2015360090783,2,9,0,9,0,5,0,0,0,0,1,1,6,2,52,8,2179,2,3,-1,3,-1
2015360090796,1,9,0,18,0,0,2,0,0,0,1,1,6,1,20,4,1796,1,15,-1,2,-1
2015360090796,2,98,0,18,0,0,0,0,0,0,3,1,6,1,40,7,11705,2,17,-1,1,-1
2015360090809,1,9,0,9,0,6,0,0,0,0,1,1,3,1,35,6,1388,1,5,-1,1,-1
2015360090809,2,1,0,18,0,8,0,0,0,0,4,1,4,1,15,3,-1,-1,-1,-1,1,-1
2015360090816,1,9,0,18,0,0,0,0,0,0,1,1,6,1,53,8,1399,1,9,-1,2,-1
2015360090816,2,9,0,18,0,0,0,0,0,0,1,1,6,2,45,7,1985,1,12,-1,3,-1
2015360090818,1,9,0,18,0,0,0,0,7,11,1,1,6,2,80,11,1590,1,12,-1,1,-1
2015360090824,1,9,0,18,0,1,0,0,0,0,1,1,2,1,31,6,2148,2,9,-1,3,-1
2015360090824,2,9,0,10,0,8,0,0,0,0,2,1,2,2,51,8,1686,2,10,-1,3,-1
2015360090824,3,9,0,3,0,1,0,0,0,0,2,1,2,1,24,5,-1,-1,-1,-1,1,-1
2015360090827,1,9,0,4,0,0,1,0,0,0,1,1,6,1,19,4,1360,1,10,-1,1,-1
2015360090827,2,9,0,3,0,0,0,0,0,0,2,1,6,1,49,8,1796,1,13,-1,3,-1
2015360090827,3,8,0,3,0,0,0,0,0,0,2,1,1,1,27,6,-1,-1,-1,-1,1,-1
2015360090835,1,9,0,13,0,3,0,0,0,0,4,1,6,2,73,10,1388,1,12,-1,1,-1
2015360090835,2,1,0,18,0,3,0,0,0,0,3,1,6,1,30,6,-1,-1,-1,-1,1,-1
2015360090851,1,9,0,17,0,0,0,0,7,0,1,1,6,2,58,9,1124,1,15,-1,1,-1
2015360090851,2,11,0,16,0,0,0,0,0,0,1,1,1,1,61,9,6696,2,2,-1,2,-1
2015360090853,1,9,0,4,0,0,0,0,0,0,1,1,6,1,39,7,-1,-1,-1,-1,1,-1
2015360090853,2,9,0,4,0,0,0,0,0,0,2,1,6,1,71,10,1248,1,5,-1,1,-1
2015360090858,1,9,0,18,0,1,0,0,7,11,1,1,6,1,81,11,1686,2,11,-1,2,-1
2015360090858,2,9,0,18,0,2,0,0,0,0,1,1,6,1,69,10,1242,1,4,-1,1,-1
2015360090860,1,9,0,18,0,1,0,0,0,0,3,1,6,3,-1,-1,-1,-1,-1,-1,-1,-1
2015360090864,1,9,0,4,0,0,1,0,0,0,1,1,6,1,21,5,1399,2,13,-1,1,-1
2015360090864,2,9,0,4,0,0,1,0,0,0,1,1,1,1,41,7,-1,-1,-1,-1,-1,-1
2015360090870,1,3,0,16,0,0,1,0,0,0,1,1,2,1,44,7,125,1,7,-1,3,-1
2015360090870,2,9,0,17,0,0,0,0,0,0,1,1,6,1,50,8,998,1,-1,-1,3,-1
2015360090912,1,9,0,4,0,2,0,0,0,0,2,1,6,1,53,8,1783,1,13,-1,1,-1
2015360090912,2,11,0,5,0,2,0,0,0,0,1,1,1,1,58,9,8268,2,12,-1,2,-1
2015360090916,1,9,0,18,0,0,2,10,0,0,1,1,6,1,20,4,998,1,16,-1,2,-1
2015360090920,1,9,0,18,0,2,0,0,7,0,1,1,6,2,34,6,1360,1,10,-1,3,-1
2015360090931,1,9,0,5,0,1,0,0,0,0,1,1,6,1,61,9,1997,2,15,-1,1,-1
2015360090931,2,9,0,3,0,1,0,0,0,0,2,1,6,2,31,6,1242,1,16,-1,1,-1
2015360090931,3,90,0,4,0,8,0,0,0,0,0,1,1,1,39,7,2987,2,1,-1,3,-1
2015360090947,1,9,0,16,0,0,1,0,1,11,1,1,6,1,20,4,1800,1,16,-1,3,-1
2015360090949,1,9,0,16,0,0,1,12,7,10,1,1,2,1,26,6,1948,1,17,-1,3,-1
2015360090959,1,21,1,2,0,8,0,0,0,0,0,1,1,1,49,8,12777,2,2,-1,3,-1
2015360090959,2,1,0,18,0,8,1,0,0,0,3,1,1,1,66,10,-1,-1,-1,-1,1,-1
2015360090961,1,9,0,18,0,0,2,0,7,0,1,1,6,1,21,5,1390,1,16,-1,2,-1
2015360090966,1,9,0,18,0,0,1,0,1,10,1,1,4,1,18,4,1124,1,14,-1,3,-1
2015360090968,1,9,0,9,0,8,0,0,0,0,1,1,6,1,19,4,1596,1,9,-1,3,-1
2015360090968,2,1,0,18,9,8,0,0,0,0,1,1,2,1,35,6,-1,-1,-1,-1,1,-1
2015360090973,1,9,0,14,0,0,0,0,0,0,1,1,6,1,19,4,1968,2,7,-1,3,-1
2015360090976,1,9,0,9,0,6,0,0,0,0,3,1,6,1,35,6,1461,2,1,-1,1,-1
2015360090976,2,5,0,18,0,8,1,0,0,0,1,1,6,1,25,5,1150,1,4,-1,1,-1
2015360090977,1,9,0,18,0,0,2,0,1,4,1,1,1,1,26,6,-1,-1,-1,-1,1,-1
2015360090978,1,9,0,18,0,0,0,0,0,0,2,1,6,1,38,7,1956,2,2,-1,3,-1
2015360090978,2,9,0,4,0,0,2,0,1,9,1,1,6,2,44,7,1997,1,16,-1,3,-1
2015360090979,1,9,0,13,0,0,0,0,0,0,2,1,6,1,33,6,1998,1,9,-1,3,-1
2015360090979,2,9,0,13,0,0,0,0,0,0,1,1,6,1,69,10,4921,2,11,-1,1,-1
2015360090992,1,9,0,9,0,6,0,0,1,0,1,1,6,2,36,7,1560,2,5,-1,1,-1
2015360090992,2,1,0,18,0,8,0,0,0,0,1,1,6,1,28,6,-1,-1,-1,-1,1,-1
2015360090993,1,9,0,9,0,8,1,0,0,0,1,1,6,1,26,6,-1,-1,-1,-1,-1,-1
2015360090993,2,5,0,18,0,8,1,0,0,0,1,1,6,1,42,7,1471,1,12,-1,2,-1
2015360090998,1,11,0,9,0,5,0,0,0,0,4,1,1,1,37,7,9600,2,20,-1,1,-1
2015360090998,2,4,0,18,0,8,0,0,1,0,1,1,6,1,19,4,124,1,1,-1,1,-1
2015360091015,1,9,0,17,0,0,1,10,1,0,4,1,6,2,29,6,1796,1,15,-1,1,-1
2015360091041,1,3,0,17,0,2,1,0,1,0,4,1,6,1,18,4,124,1,3,-1,2,-1
2015360091075,1,8,0,1,0,0,0,0,1,10,2,1,1,1,34,6,1995,2,9,-1,1,-1
2015360091081,1,19,0,18,0,3,0,0,1,0,4,1,1,1,62,9,2143,2,1,-1,1,-1
2015360091081,2,9,0,18,0,3,0,0,1,0,3,1,6,2,54,8,1560,2,4,-1,1,-1
2015360091086,1,9,0,18,0,0,0,0,0,0,1,1,6,1,90,11,1198,1,3,-1,3,-1
2015360091086,2,9,0,18,0,0,0,0,0,0,1,1,6,1,49,8,1560,2,9,-1,-1,-1
2015360091100,1,9,0,9,0,5,0,0,0,0,1,1,6,1,63,9,1198,1,4,-1,2,-1
2015360091100,2,3,0,18,2,8,0,0,0,0,1,1,2,1,22,5,124,1,15,-1,1,-1
2015360091110,1,9,0,18,0,1,0,0,0,0,1,1,6,1,30,6,998,1,3,-1,1,-1
2015360091110,2,9,0,8,0,1,0,0,0,0,2,1,6,1,65,9,1998,2,13,-1,2,-1
2015360091111,1,9,0,18,0,1,0,0,0,0,1,1,2,1,43,7,1799,1,15,-1,3,-1
2015360091111,2,9,0,4,0,1,0,0,0,0,2,1,2,1,35,6,1360,1,13,-1,3,-1
2015360091111,3,9,0,3,0,1,0,0,0,0,2,1,6,2,59,9,1399,2,9,-1,3,-1
2015360091111,4,9,0,10,0,8,0,0,0,0,2,1,6,2,79,11,1598,1,8,-1,1,-1
2015360091119,1,9,0,9,0,6,0,0,0,0,1,1,6,1,20,4,998,1,15,-1,-1,-1
2015360091119,2,9,0,18,0,8,0,0,0,0,1,1,6,2,26,6,1242,1,14,-1,1,-1
2015360091122,1,19,0,9,0,2,0,0,0,0,3,1,2,1,49,8,1753,2,4,-1,1,-1
2015360091123,1,9,0,13,0,0,0,0,0,0,0,1,6,3,-1,-1,-1,-1,-1,-1,-1,-1
2015360091123,2,9,0,13,0,0,0,0,0,0,0,1,6,3,-1,-1,-1,-1,-1,-1,-1,-1
2015360091123,3,1,0,18,0,0,0,10,1,0,4,1,6,1,59,9,-1,-1,-1,-1,3,-1
2015360091125,1,9,0,9,0,6,0,0,0,0,4,1,6,1,45,7,-1,-1,-1,-1,3,-1
2015360091125,2,9,0,18,0,8,0,0,0,0,1,1,6,1,76,11,1390,1,3,-1,1,-1
2015360091129,1,9,0,5,0,6,0,0,0,0,1,1,6,1,-1,-1,-1,-1,-1,-1,-1,-1
2015360091129,2,1,0,18,9,8,0,0,0,0,1,1,6,1,17,4,-1,-1,-1,-1,1,-1
2015360091135,1,21,1,18,0,2,0,0,0,0,1,1,1,1,36,7,11705,2,12,-1,2,-1
2015360091135,2,9,0,3,0,2,0,0,0,0,2,1,6,2,38,7,1997,2,-1,-1,1,-1
2015360091135,3,9,0,3,0,2,0,0,0,0,2,1,6,1,51,8,1597,2,-1,-1,1,-1
2015360091135,4,9,0,3,0,2,0,0,0,0,2,1,6,2,32,6,1390,1,15,-1,1,-1
2015360091135,5,9,0,18,0,2,0,0,0,0,1,1,6,2,55,8,1968,2,11,-1,1,-1
2015360091138,1,9,0,18,0,8,2,4,1,1,1,1,6,2,64,9,1390,1,13,-1,1,-1
2015360091138,2,9,0,2,0,8,0,0,0,0,2,1,6,3,-1,-1,1389,1,14,-1,-1,-1
2015360091138,3,9,0,2,0,8,0,0,0,0,3,1,6,3,-1,-1,1242,1,3,-1,-1,-1
2015360091149,1,9,0,9,0,5,0,0,0,0,1,1,6,2,36,7,1198,1,3,-1,3,-1
2015360091149,2,3,0,18,0,8,0,0,0,0,3,1,6,1,26,6,124,1,16,-1,3,-1
2015360091159,1,19,0,18,0,0,0,0,0,0,0,1,6,3,-1,-1,-1,-1,-1,-1,-1,-1
2015360091159,2,9,0,18,0,0,0,0,0,0,1,1,6,1,46,8,-1,-1,-1,-1,1,-1
2015360091162,1,9,0,11,0,3,0,0,0,0,4,1,1,1,50,8,1968,2,2,-1,2,-1
2015360091162,2,5,0,18,0,8,0,0,0,0,1,1,6,2,49,8,599,1,17,-1,3,-1
2015360091163,1,9,0,18,0,1,0,10,1,0,4,1,6,3,-1,-1,-1,-1,-1,-1,-1,-1
2015360091166,1,3,0,13,0,8,0,0,0,0,4,1,6,1,17,4,125,1,3,-1,2,-1
2015360091166,2,9,0,9,0,5,0,0,0,0,3,1,6,1,27,6,1781,1,12,-1,1,-1
2015360091175,1,9,0,16,0,0,1,0,0,0,1,1,6,1,27,6,1360,1,17,-1,-1,-1
2015360091175,2,9,0,17,0,0,0,0,0,0,1,1,6,1,70,10,1796,1,12,-1,-1,-1
2015360091176,1,9,0,18,0,0,2,0,1,11,1,1,6,1,22,5,1598,1,13,-1,3,-1
2015360091195,1,1,0,18,0,0,0,0,0,0,1,1,2,1,42,7,-1,-1,-1,-1,2,-1
2015360091195,2,17,4,2,0,0,0,0,0,0,2,1,1,1,40,7,6788,2,4,-1,1,-1
2015360091197,1,2,0,9,0,6,0,0,0,0,3,1,2,1,17,4,50,1,4,-1,-1,-1
2015360091197,2,9,0,17,0,8,1,0,0,0,1,1,2,2,62,9,1198,1,9,-1,2,-1
2015360091204,1,9,0,5,0,8,0,0,0,0,1,1,6,2,67,10,1992,2,7,-1,3,-1
2015360091204,2,9,0,18,0,8,0,0,1,4,3,1,6,1,42,7,1461,2,5,-1,2,-1
2015360091246,1,9,0,4,0,1,1,0,0,0,1,1,6,1,78,11,1998,2,13,-1,-1,-1
2015360091246,2,9,0,3,0,1,0,0,0,0,2,1,6,1,33,6,-1,-1,-1,-1,2,-1
2015360091247,1,9,0,18,0,0,0,0,7,0,1,1,6,1,66,10,998,1,-1,-1,3,-1
2015360091247,2,19,0,18,0,0,0,0,0,0,1,1,6,1,50,8,1399,2,6,-1,3,-1
2015360091248,1,9,0,16,0,0,0,0,0,0,1,1,6,3,-1,-1,-1,-1,-1,-1,-1,-1
2015360091251,1,5,0,4,0,8,1,9,3,1,1,1,1,1,41,7,644,1,7,-1,1,-1
2015360091252,1,9,0,16,0,8,0,0,0,0,1,1,6,1,57,9,1753,2,21,-1,1,-1
2015360091252,2,9,0,17,0,8,0,0,0,0,3,1,6,2,54,8,1388,1,4,-1,3,-1
2015360091254,1,5,0,16,0,0,0,0,7,0,1,1,6,1,45,7,599,1,21,-1,1,-1
2015360091254,2,9,0,17,0,0,0,0,0,0,1,1,3,2,42,7,1995,2,11,-1,3,-1
2015360091256,1,9,0,18,0,0,0,0,0,0,1,1,6,1,23,5,1364,1,5,-1,3,-1
2015360091257,1,9,0,11,0,5,0,0,0,0,0,1,6,3,-1,-1,-1,-1,-1,-1,-1,-1
2015360091257,2,9,0,18,0,5,2,0,1,9,4,1,6,2,32,6,1598,1,14,-1,3,-1
2015360091258,1,9,0,18,0,0,0,0,1,1,1,1,6,1,38,7,-1,-1,-1,-1,-1,-1
2015360091261,1,9,0,18,0,1,0,0,0,0,1,1,6,2,30,6,1360,1,11,-1,2,-1
2015360091261,2,19,0,3,0,1,0,0,0,0,2,1,2,1,31,6,1461,2,6,-1,3,-1
2015360091262,1,9,0,7,0,6,0,0,0,0,3,1,3,2,51,8,1560,2,3,-1,1,-1
2015360091262,2,19,0,18,0,8,0,0,0,0,1,1,1,1,28,6,1248,2,-1,-1,3,-1
2015360091282,1,9,0,18,0,0,0,0,7,9,3,1,6,2,25,5,1598,1,8,-1,3,-1
2015360091284,1,9,0,9,0,6,0,0,0,0,3,1,6,1,21,5,1896,2,14,-1,1,-1
2015360091284,2,9,0,18,0,8,0,0,0,0,1,1,6,1,24,5,1796,1,15,-1,3,-1
2015360091288,1,11,0,18,0,2,0,0,0,0,4,1,2,3,-1,-1,-1,-1,-1,-1,-1,-1
2015360091293,1,9,0,16,0,0,0,0,0,0,0,1,6,1,40,7,1590,1,14,-1,1,-1
2015360091293,2,9,0,17,0,0,0,0,1,2,1,1,6,2,23,5,1868,2,16,-1,1,-1
2015360091294,1,9,0,9,0,8,0,0,0,0,1,1,6,2,45,7,1896,2,14,-1,1,-1
2015360091294,2,11,0,5,0,8,0,0,0,0,1,1,1,1,64,9,6696,2,2,-1,1,-1
2015360091295,1,9,0,18,0,8,0,0,0,0,1,1,6,1,60,9,1399,1,4,-1,3,-1
2015360091295,2,9,0,18,0,8,0,0,0,0,1,1,6,1,24,5,1390,1,9,-1,1,-1
2015360091295,3,9,0,18,0,8,0,0,0,0,1,1,6,2,49,8,1870,2,12,-1,1,-1
2015360091296,1,9,0,18,0,0,0,0,0,0,1,1,6,1,25,5,1870,2,12,-1,1,-1
2015360091296,2,20,0,4,0,0,0,0,0,0,2,1,1,1,24,5,-1,-1,-1,-1,1,-1
2015360091296,3,9,0,3,0,0,0,0,0,0,0,1,6,1,64,9,1368,1,1,-1,1,-1
2015360091304,1,9,0,14,0,0,0,0,0,0,1,1,6,2,43,7,1995,2,12,-1,3,-1
2015360091304,2,9,0,2,0,0,0,0,0,0,2,1,6,2,40,7,2496,2,12,-1,1,-1
2015360091331,1,9,0,5,0,4,0,0,0,0,0,1,6,3,-1,-1,-1,-1,-1,-1,-1,-1
2015360091331,2,5,0,18,0,8,0,0,0,0,4,1,6,1,52,8,599,1,17,-1,1,-1
2015360091333,1,9,0,18,0,0,0,0,1,4,1,1,6,1,20,4,1587,1,16,-1,2,-1
2015360091335,1,19,4,9,0,5,0,0,0,0,1,1,6,1,50,8,2198,2,4,-1,-1,-1
2015360091336,1,11,0,18,0,0,0,0,0,0,1,1,1,1,54,8,-1,2,12,-1,3,-1
2015360091343,1,9,0,4,0,1,0,0,0,0,1,1,6,1,28,6,1995,1,6,-1,3,-1
2015360091343,2,9,0,3,0,1,0,0,0,0,2,1,6,1,38,7,1587,1,13,-1,1,-1
2015360091347,1,9,0,5,0,6,0,0,0,0,4,1,6,1,57,9,1998,1,13,-1,3,-1
2015360091347,2,5,0,18,0,8,0,0,0,0,3,1,6,1,44,7,998,1,8,-1,1,-1
2015360091350,1,9,0,16,0,0,1,0,1,0,1,1,6,1,19,4,1124,1,12,-1,3,-1
2015360091350,2,9,0,17,0,0,0,0,0,0,1,1,6,1,37,7,1997,2,13,-1,3,-1
2015360091351,1,9,0,9,0,6,0,0,0,0,3,1,6,1,63,9,2987,2,2,-1,3,-1
2015360091351,2,9,0,18,0,8,1,0,0,0,1,1,6,2,33,6,-1,-1,-1,-1,2,-1
2015360091354,1,9,0,13,0,0,1,0,0,0,1,1,2,1,18,4,2497,2,19,-1,3,-1
2015360091354,2,9,0,13,0,0,2,0,7,1,3,1,2,1,32,6,1997,2,14,-1,1,-1
2015360091356,1,9,0,17,0,0,5,0,1,9,1,1,6,1,49,8,1796,1,14,-1,3,-1