Accident_Index,Vehicle_Reference,Vehicle_Type,Towing_and_Articulation,Vehicle_Manoeuvre,Vehicle_Location-Restricted_Lane,Junction_Location,Skidding_and_Overturning,Hit_Object_in_Carriageway,Vehicle_Leaving_Carriageway,Hit_Object_off_Carriageway,1st_Point_of_Impact,Was_Vehicle_Left_Hand_Drive?,Journey_Purpose_of_Driver,Sex_of_Driver,Age_of_Driver,Age_Band_of_Driver,Engine_Capacity_(CC),Propulsion_Code,Age_of_Vehicle,Driver_IMD_Decile,Driver_Home_Area_Type,Vehicle_IMD_Decile
2015360091356,2,9,0,18,0,0,0,0,0,0,0,1,6,2,28,6,1560,2,7,-1,2,-1
2015360091359,1,9,0,18,0,0,5,0,7,0,1,1,6,1,25,5,1896,2,6,-1,2,-1
2015360091370,1,9,0,17,0,0,5,0,7,10,3,1,6,2,41,7,1598,1,12,-1,3,-1
2015360091372,1,9,0,16,0,0,2,0,0,0,1,1,6,2,19,4,1200,1,12,-1,3,-1
2015360091372,2,9,0,17,0,0,0,0,0,0,1,1,6,1,65,9,1973,1,14,-1,3,-1
2015360091397,1,9,0,18,0,0,0,0,7,0,1,1,6,1,19,4,1360,1,15,-1,3,-1
2015360091397,2,19,0,18,0,0,0,0,1,0,1,1,1,1,28,6,2461,2,10,-1,1,-1
2015360091398,1,9,0,9,0,5,2,10,7,0,1,1,6,2,45,7,1199,1,11,-1,3,-1
2015360091399,1,9,0,13,0,8,1,0,7,4,4,1,2,2,22,5,1587,1,13,-1,2,-1
2015360091399,2,9,0,9,0,5,0,0,0,0,3,1,2,1,25,5,1124,1,16,-1,3,-1
2015360091410,1,3,0,18,0,1,1,0,0,0,1,1,6,1,21,5,124,1,3,-1,3,-1
2015360091410,2,9,0,3,0,1,0,0,0,0,2,1,6,1,48,8,1896,2,14,-1,3,-1
2015360091412,1,9,0,18,0,0,0,0,1,4,1,1,6,1,21,5,1599,1,10,-1,2,-1
2015360091421,1,9,0,18,0,1,0,0,0,0,1,1,6,3,-1,-1,1781,1,19,-1,-1,-1
2015360091421,2,9,0,3,0,1,0,0,0,0,2,1,6,2,40,7,1296,1,44,-1,1,-1
2015360091422,1,9,0,16,0,0,0,0,0,0,1,1,6,2,48,8,1995,2,5,-1,1,-1
2015360091422,2,9,0,17,0,0,0,0,0,0,1,1,6,1,78,11,-1,-1,-1,-1,3,-1
2015360091422,3,9,0,17,0,0,0,0,0,0,1,1,6,2,40,7,1598,1,1,-1,1,-1
2015360091423,1,9,0,4,0,1,0,0,0,0,1,1,6,1,55,8,1984,1,13,-1,1,-1
2015360091423,2,9,0,3,0,1,0,0,0,0,2,1,6,2,53,8,1796,1,8,-1,-1,-1
2015360091423,3,19,0,4,0,1,0,0,0,0,1,1,6,1,25,5,-1,-1,-1,-1,-1,-1
2015360091428,1,9,0,17,0,0,0,0,0,0,3,1,6,2,30,6,1910,2,7,-1,3,-1
2015360091428,2,3,0,16,0,0,0,0,7,4,3,1,6,1,23,5,125,1,2,-1,-1,-1
2015360091429,1,9,0,5,0,6,0,0,0,0,4,1,6,1,24,5,1560,2,5,-1,1,-1
2015360091429,2,9,0,18,0,8,0,0,0,0,3,1,6,2,22,5,1596,1,17,-1,3,-1
2015360091436,1,9,0,18,0,3,1,0,1,0,1,1,6,1,27,6,1997,2,13,-1,-1,-1
2015360091440,1,9,0,17,0,8,0,0,0,0,1,1,6,2,28,6,1796,1,-1,-1,1,-1
2015360091440,2,1,0,10,0,8,0,0,0,0,1,1,6,2,44,7,-1,-1,-1,-1,1,-1
2015360091441,1,9,0,1,0,0,0,0,0,0,3,1,6,1,48,8,2993,2,2,-1,3,-1
2015360091443,1,9,0,18,0,0,1,0,0,0,1,1,6,1,61,9,1896,2,12,-1,2,-1
2015360091446,1,2,0,13,0,8,1,0,0,0,1,1,1,1,36,7,125,1,1,-1,1,-1
2015360091446,2,9,0,9,0,5,0,0,0,0,2,1,6,1,61,9,1560,2,5,-1,1,-1
2015360091449,1,21,0,18,0,1,0,0,0,0,1,1,1,1,54,8,6374,2,2,-1,1,-1
2015360091449,2,9,0,10,0,8,0,0,0,0,2,1,2,1,59,9,1242,1,15,-1,1,-1
2015360091453,1,9,0,18,0,0,0,0,1,4,1,1,6,1,26,6,1198,1,1,-1,3,-1
2015360091461,1,9,0,18,0,3,0,0,1,2,4,1,6,2,44,7,1995,2,1,-1,1,-1
2015360091469,1,9,0,5,0,6,0,0,0,0,1,1,6,2,75,10,2496,1,10,-1,2,-1
2015360091469,2,9,0,18,0,8,0,0,0,0,3,1,6,1,85,11,-1,-1,-1,-1,3,-1
2015360091472,1,9,0,16,0,0,1,0,1,4,1,1,6,2,21,5,1398,1,5,-1,2,-1
2015360091472,2,21,0,17,0,0,1,0,0,0,1,1,1,1,45,7,7698,2,2,-1,1,-1
2015360091483,1,9,0,17,0,0,0,0,7,11,1,1,2,2,62,9,1995,2,7,-1,3,-1
2015360091485,1,9,0,18,0,8,0,0,7,9,1,1,6,1,18,4,2198,1,11,-1,1,-1
2015360091485,2,9,0,10,0,1,0,0,0,0,4,1,3,2,42,7,1560,2,7,-1,3,-1
2015360091493,1,10,4,2,0,0,0,0,0,0,2,1,6,1,44,7,-1,-1,-1,-1,1,-1
2015360091493,2,1,0,18,0,0,0,0,0,0,1,1,6,1,30,6,-1,-1,-1,-1,2,-1
2015360091494,1,9,0,18,0,0,0,0,0,0,1,1,6,1,22,5,1997,1,14,-1,2,-1
2015360091499,1,9,0,5,0,6,0,0,0,0,1,1,6,2,25,5,2793,1,16,-1,1,-1
2015360091499,2,9,0,18,0,8,0,0,7,4,4,1,6,1,44,7,1991,1,14,-1,3,-1
2015360091500,1,19,0,16,0,0,1,0,0,0,1,1,6,1,23,5,1868,2,12,-1,3,-1
2015360091500,2,9,0,17,0,0,1,0,0,0,1,1,6,2,21,5,1229,1,8,-1,3,-1
2015360091500,3,9,0,17,0,0,0,0,0,0,0,1,6,1,23,5,1199,1,13,-1,1,-1
2015360091508,1,9,0,18,0,2,0,0,0,0,0,1,1,1,32,6,1560,2,1,-1,1,-1
2015360091508,2,9,0,9,0,5,0,0,0,0,1,1,6,1,70,10,1497,1,11,-1,2,-1
2015360091508,3,9,0,18,0,8,0,0,0,0,1,1,6,1,21,5,-1,-1,-1,-1,3,-1
2015360091508,4,9,0,10,0,1,0,0,0,0,1,1,6,1,50,8,-1,-1,-1,-1,1,-1
2015360091518,1,9,0,7,0,5,0,0,0,0,0,1,6,1,50,8,1598,1,13,-1,1,-1
2015360091518,2,9,0,4,0,1,1,0,0,0,2,1,6,2,19,4,1198,1,13,-1,1,-1
2015360091518,3,9,0,18,0,1,1,0,0,0,1,1,6,2,20,4,1124,1,14,-1,3,-1
2015360091521,1,9,0,9,0,6,0,0,0,0,1,1,6,2,40,7,1753,2,9,-1,1,-1
2015360091521,2,3,0,18,0,8,0,0,0,0,1,1,2,1,65,9,125,1,-1,-1,1,-1
2015360091530,1,9,0,13,0,8,1,0,0,0,4,1,6,2,55,8,1242,1,3,-1,3,-1
2015360091530,2,19,0,9,0,5,0,0,0,0,3,1,1,1,61,9,1753,2,9,-1,3,-1
2015360091543,1,9,0,5,0,6,0,0,0,0,1,1,6,1,54,8,1997,2,14,-1,3,-1
2015360091543,2,1,0,18,0,8,0,0,0,0,3,1,6,1,52,8,-1,-1,-1,-1,-1,-1
2015360091544,1,9,0,18,0,0,0,0,0,0,1,1,6,1,40,7,2148,2,10,-1,1,-1
2015360091544,2,8,0,4,0,0,0,0,0,0,2,1,1,1,34,6,1685,2,1,-1,1,-1
2015360091545,1,9,0,16,0,0,5,0,7,10,1,1,6,1,75,10,1998,1,3,-1,1,-1
2015360091549,1,97,0,18,0,1,0,0,0,0,1,1,6,1,35,6,-1,-1,-1,-1,-1,-1
2015360091549,2,9,0,8,0,1,0,0,0,0,2,1,2,2,31,6,1390,1,13,-1,1,-1
2015360091554,1,9,0,9,0,6,0,0,0,0,1,1,6,2,33,6,1956,2,1,-1,2,-1
2015360091554,2,3,0,18,0,8,0,0,0,0,1,1,6,1,59,9,124,1,2,-1,1,-1
2015360091560,1,9,0,18,0,0,0,0,0,0,4,1,6,3,-1,-1,-1,-1,-1,-1,-1,-1
2015360091573,1,9,0,4,0,2,0,0,0,0,2,1,6,1,35,6,2494,1,11,-1,2,-1
2015360091573,2,9,0,4,0,2,0,0,0,0,1,1,6,1,35,6,1968,2,9,-1,1,-1
2015360091574,1,9,0,18,0,0,0,0,0,0,1,1,2,1,44,7,1896,2,7,-1,1,-1
2015360091574,2,1,0,18,9,0,0,0,0,0,1,1,6,2,15,3,-1,-1,-1,-1,1,-1
2015360091577,1,9,0,4,0,0,1,0,0,0,1,1,6,1,22,5,-1,-1,-1,-1,3,-1
2015360091577,2,17,0,2,0,0,0,0,0,0,0,1,1,1,72,10,-1,-1,-1,-1,-1,-1
2015360091577,3,9,0,18,0,0,0,0,0,0,1,1,6,1,79,11,1229,1,11,-1,3,-1
2015360091577,4,9,0,3,0,0,0,0,0,0,0,1,6,2,28,6,-1,-1,-1,-1,3,-1
2015360091599,1,19,0,9,0,5,0,0,0,0,1,1,6,1,33,6,2402,2,8,-1,2,-1
2015360091599,2,9,0,18,0,8,0,0,0,0,1,1,6,2,29,6,1149,1,9,-1,1,-1
2015360091600,1,11,0,5,0,0,0,0,0,0,4,1,1,1,47,8,8268,2,13,-1,1,-1
2015360091601,1,9,0,18,0,8,0,0,0,0,1,1,6,1,32,6,2926,2,14,-1,-1,-1
2015360091601,2,9,0,5,0,6,0,0,0,0,1,1,6,2,39,7,1998,1,7,-1,3,-1
2015360091616,1,9,0,5,0,4,0,0,0,0,0,1,6,2,35,6,1794,1,12,-1,-1,-1
2015360091616,2,9,0,4,0,8,0,0,0,0,2,1,1,2,26,6,1199,1,12,-1,1,-1
2015360091616,3,9,0,18,0,8,0,0,0,0,1,1,3,1,43,7,1797,8,-1,-1,1,-1
2015360091620,1,9,0,6,0,0,0,0,0,0,3,1,1,1,50,8,1560,2,4,-1,-1,-1
2015360091620,2,1,0,13,0,0,0,0,0,0,4,1,6,1,42,7,-1,-1,-1,-1,1,-1
2015360091622,1,9,0,4,0,1,0,0,0,0,1,1,6,2,25,5,1598,1,8,-1,3,-1
2015360091622,2,9,0,3,0,1,0,0,0,0,2,1,6,1,26,6,1390,1,7,-1,2,-1
2015360091622,3,9,0,10,0,8,0,0,0,0,2,1,6,2,25,5,-1,-1,-1,-1,3,-1
2015360091632,1,9,0,18,0,0,0,0,0,0,1,1,6,1,24,5,1360,1,15,-1,1,-1
2015360091634,1,2,0,13,0,8,0,0,0,0,1,1,6,2,22,5,49,1,3,-1,1,-1
2015360091634,2,9,0,9,0,5,0,0,0,0,3,1,6,1,62,9,1598,1,7,-1,3,-1
2015360091635,1,9,0,18,0,0,0,0,0,0,1,1,6,2,72,10,1397,1,7,-1,1,-1
2015360091636,1,9,0,18,0,0,2,0,7,3,1,1,6,1,19,4,1360,1,13,-1,1,-1
2015360091644,1,9,0,9,0,6,0,0,0,0,1,1,6,2,55,8,1686,2,3,-1,1,-1
2015360091647,1,9,0,18,0,0,1,0,0,0,1,1,2,2,21,5,1124,1,14,-1,3,-1
2015360091647,2,19,0,2,0,0,0,0,0,0,1,1,6,1,54,8,2198,2,5,-1,1,-1
2015360091647,3,19,0,2,0,0,0,0,0,0,2,1,6,1,54,8,2198,2,7,-1,1,-1
2015360091649,1,9,0,18,0,2,0,4,0,0,1,1,6,1,81,11,1998,1,18,-1,1,-1
2015360091649,2,19,0,2,0,2,0,0,0,0,2,1,1,1,34,6,2198,2,1,-1,1,-1
2015360091660,1,9,0,18,0,0,1,0,4,6,1,1,6,1,21,5,1996,1,18,-1,3,-1
2015360091662,1,9,0,9,0,5,0,0,0,0,1,1,6,2,80,11,1339,1,8,-1,3,-1
2015360091662,2,1,0,18,0,8,0,0,0,0,2,1,6,1,63,9,-1,-1,-1,-1,3,-1
2015360091663,1,9,0,16,0,0,1,0,1,0,3,1,6,1,17,4,2495,2,17,-1,3,-1
2015360091663,2,21,1,17,0,0,1,0,0,0,3,1,1,1,56,9,10677,2,1,-1,1,-1
2015360091665,1,9,0,4,0,0,0,0,0,0,1,1,1,1,26,6,1364,2,5,-1,1,-1
2015360091665,2,9,0,3,0,0,0,0,0,0,2,1,1,2,45,7,1600,1,16,-1,1,-1
2015360091665,3,9,0,3,0,0,0,0,0,0,2,1,6,2,75,10,1360,1,8,-1,1,-1
2015360091676,1,9,0,9,0,6,0,0,0,0,1,1,6,1,72,10,1798,1,6,-1,1,-1
2015360091676,2,9,0,18,0,8,0,0,0,0,1,1,6,1,72,10,-1,-1,-1,-1,1,-1
2015360091678,1,9,0,5,0,0,0,0,0,0,3,1,2,1,28,6,1598,1,8,-1,1,-1
2015360091678,2,1,0,13,0,0,0,0,0,0,1,1,6,1,30,6,-1,-1,-1,-1,1,-1
2015360091691,1,9,0,18,0,1,1,0,0,0,1,1,6,1,55,8,1984,2,4,-1,1,-1
2015360091691,2,9,0,14,0,2,1,4,7,0,3,1,1,1,33,6,1998,2,15,-1,3,-1
2015360091691,3,9,0,2,0,2,0,0,0,0,3,1,6,2,42,7,1686,2,13,-1,1,-1
2015360091692,1,9,0,18,0,4,0,0,0,0,1,1,6,2,54,8,1587,1,12,-1,1,-1
2015360091692,2,9,0,9,0,8,0,0,0,0,1,1,6,2,18,4,1400,1,10,-1,1,-1
2015360091693,1,9,0,18,0,0,0,0,7,4,1,1,6,2,54,8,-1,-1,-1,-1,3,-1
2015360091701,1,9,0,7,0,5,1,0,1,1,1,1,1,2,36,7,1299,1,11,-1,1,-1
2015360091704,1,9,0,1,0,0,0,0,0,0,2,1,6,2,-1,-1,-1,-1,-1,-1,-1,-1
2015360091708,1,9,0,9,0,6,0,0,0,0,1,1,6,1,39,7,1360,1,13,-1,-1,-1
2015360091708,2,9,0,18,0,8,0,0,0,0,4,1,6,2,42,7,2401,2,7,-1,-1,-1
2015360091718,1,8,0,9,0,5,0,0,0,0,4,1,1,1,50,8,1797,8,1,-1,1,-1
2015360091718,2,1,0,18,0,8,0,0,0,0,1,1,6,1,49,8,-1,-1,-1,-1,3,-1
2015360091729,1,9,0,6,8,0,0,0,0,0,3,1,6,2,20,4,1386,1,12,-1,1,-1
2015360091729,2,9,0,18,0,0,5,0,1,10,4,1,6,1,56,9,1895,1,16,-1,3,-1
2015360091730,1,21,0,18,0,0,0,5,0,0,1,1,1,1,54,8,-1,-1,-1,-1,3,-1
2015360091731,1,19,0,18,0,1,0,0,0,0,1,1,6,1,19,4,2148,2,9,-1,3,-1
2015360091731,2,9,0,4,0,1,0,0,0,0,2,1,6,2,36,7,1360,1,16,-1,1,-1
2015360091736,1,3,0,16,0,0,1,0,0,0,3,1,6,2,32,6,-1,-1,-1,-1,1,-1
2015360091741,1,9,0,12,0,0,0,0,0,0,3,1,6,3,-1,-1,-1,-1,-1,-1,-1,-1
2015360091741,2,3,0,14,0,0,1,0,0,0,4,1,6,1,28,6,124,1,4,-1,1,-1
2015360091743,1,9,0,18,0,0,0,0,0,0,4,1,6,1,71,10,998,1,3,-1,1,-1
2015360091743,2,20,0,2,0,0,0,0,0,0,2,1,6,1,50,8,4751,2,14,-1,2,-1
2015360091759,1,9,0,9,0,6,0,0,0,0,1,1,6,3,-1,-1,-1,-1,-1,-1,-1,-1
2015360091759,2,5,0,18,0,8,0,0,0,0,4,1,6,1,54,8,847,1,2,-1,1,-1
2015360091761,1,9,0,18,0,2,0,0,0,0,4,1,6,2,65,9,1798,1,8,-1,1,-1
2015360091762,1,9,0,16,0,0,0,0,7,9,1,1,6,1,88,11,2799,1,21,-1,1,-1
2015360091762,2,9,0,17,0,0,0,0,1,0,3,1,6,2,62,9,1399,2,3,-1,2,-1
2015360091762,3,9,0,17,0,0,0,0,0,0,1,1,6,2,54,8,3200,2,8,-1,3,-1
2015360091764,1,9,0,9,0,6,0,0,0,0,3,1,6,2,34,6,1910,2,10,-1,2,-1
2015360091764,2,1,0,18,0,8,0,0,0,0,1,1,6,1,45,7,-1,-1,-1,-1,2,-1
2015360091768,1,9,0,17,0,8,0,0,0,0,1,1,2,2,33,6,1248,1,6,-1,1,-1
2015360091768,2,1,0,10,0,8,0,0,0,0,3,1,2,2,58,9,-1,-1,-1,-1,2,-1
2015360091770,1,9,0,18,0,8,0,0,0,0,4,1,6,2,38,7,1599,1,9,-1,1,-1
2015360091770,2,9,0,3,0,1,0,0,1,2,3,1,6,2,25,5,1149,1,11,-1,1,-1
2015360091809,1,9,0,18,0,0,0,0,0,0,4,1,6,1,-1,-1,-1,-1,-1,-1,-1,-1
2015360091810,1,19,0,1,0,0,0,0,0,0,2,1,6,1,42,7,2148,2,10,-1,1,-1
2015360091812,1,9,0,18,0,8,0,0,0,0,1,1,1,1,58,9,-1,-1,-1,-1,3,-1
2015360091812,2,1,0,7,0,6,0,0,0,0,2,1,6,1,21,5,-1,-1,-1,-1,2,-1
2015360091815,1,19,0,18,0,1,0,0,0,0,1,1,1,1,23,5,2143,2,2,-1,2,-1
2015360091815,2,9,0,10,0,8,0,0,0,0,2,1,6,1,35,6,-1,-1,-1,-1,3,-1
2015360091819,1,9,0,4,0,1,0,0,0,0,1,1,6,1,35,6,1761,1,18,-1,-1,-1
2015360091819,2,9,0,4,0,1,0,0,0,0,2,1,6,1,40,7,1997,2,12,-1,-1,-1
2015360091845,1,9,0,5,0,1,0,0,0,0,1,1,2,2,31,6,1598,2,6,-1,3,-1
2015360091845,2,5,0,8,0,1,0,0,0,0,2,1,6,1,36,7,999,1,8,-1,3,-1
2015360091847,1,9,0,5,0,4,0,0,0,0,1,1,6,1,19,4,1995,2,6,-1,1,-1
2015360091847,2,1,0,18,0,8,0,0,0,0,1,1,6,1,46,8,-1,-1,-1,-1,1,-1
2015360091851,1,9,0,9,0,6,1,0,1,0,3,1,6,2,76,11,1124,1,8,-1,3,-1
2015360091851,2,9,0,18,0,8,1,0,0,0,1,1,6,1,31,6,1388,1,13,-1,2,-1
2015360091853,1,9,0,18,0,0,5,0,7,0,1,1,2,1,19,4,1595,1,5,-1,-1,-1
2015360091866,1,9,0,9,0,6,0,0,0,0,1,1,1,2,24,5,1299,1,15,-1,3,-1
2015360091866,2,19,0,18,0,8,1,0,7,0,1,1,1,1,30,6,1870,2,11,-1,1,-1
2015360091868,1,9,0,18,0,0,0,0,0,0,1,1,6,1,35,6,1910,2,11,-1,1,-1
2015360091868,2,19,0,18,0,0,0,0,0,0,1,1,6,1,43,7,1560,2,1,-1,1,-1
2015360091868,3,9,0,18,0,0,0,0,0,0,1,1,6,1,19,4,1124,1,15,-1,1,-1
2015360091870,1,3,0,13,0,8,0,0,7,0,4,1,6,1,68,10,125,1,4,-1,2,-1
2015360091870,2,9,0,9,0,5,1,0,0,0,3,1,6,1,69,10,1686,2,6,-1,2,-1
2015360091873,1,9,0,9,0,5,0,0,0,0,3,1,1,1,25,5,-1,-1,-1,-1,2,-1
2015360091873,2,2,0,13,0,8,0,0,0,0,1,1,1,1,25,5,49,1,2,-1,2,-1
2015360091875,1,9,0,18,0,0,0,0,0,0,1,1,1,1,36,7,-1,-1,-1,-1,1,-1
2015360091877,1,9,0,5,0,8,0,0,0,0,4,1,6,1,57,9,2776,2,10,-1,1,-1
2015360091877,2,8,0,9,0,6,0,0,0,0,1,1,1,2,30,6,-1,-1,-1,-1,2,-1
2015360091886,1,9,0,16,0,8,0,0,0,0,1,1,6,1,29,6,1598,2,2,-1,3,-1
2015360091886,2,9,0,17,0,8,0,0,0,0,1,1,6,1,42,7,1364,1,6,-1,3,-1
2015360091892,1,9,0,9,0,6,0,0,0,0,1,1,6,1,17,4,1198,1,8,-1,3,-1
2015360091892,2,9,0,18,0,8,0,0,7,0,4,1,2,2,62,9,1124,1,11,-1,3,-1
2015360091893,1,9,0,18,0,0,0,0,7,10,1,1,6,2,20,4,1149,1,2,-1,2,-1
2015360091894,1,1,0,18,9,0,0,0,0,0,1,1,6,1,40,7,-1,-1,-1,-1,1,-1
2015360091894,2,9,0,18,0,0,0,0,0,0,4,1,6,1,45,7,1560,2,9,-1,1,-1
2015360091896,1,2,0,17,0,0,0,0,0,0,3,1,1,2,16,4,49,1,2,-1,3,-1
2015360091896,2,9,0,16,0,0,0,0,0,0,1,1,6,2,-1,-1,-1,-1,-1,-1,-1,-1
2015360091898,1,3,0,17,0,2,1,0,7,0,1,1,2,2,20,4,50,1,7,-1,3,-1
2015360091903,1,1,0,18,0,0,0,4,0,0,1,1,6,1,52,8,-1,-1,-1,-1,2,-1
2015360091903,2,19,0,2,0,0,0,0,0,0,2,1,1,1,48,8,1997,2,10,-1,2,-1
2015360091914,1,9,0,4,0,1,0,0,0,0,1,1,2,1,50,8,2446,1,10,-1,1,-1
2015360091914,2,9,0,3,0,1,0,0,0,0,2,1,2,1,53,8,1968,2,3,-1,2,-1
2015360091916,1,9,0,16,0,1,1,0,0,0,3,1,6,2,42,7,1587,1,18,-1,2,-1
2015360091916,2,9,0,17,0,2,0,0,0,0,3,1,6,2,67,10,1796,1,9,-1,1,-1
2015360091916,3,9,0,17,0,2,0,0,0,0,3,1,6,2,59,9,1368,1,7,-1,3,-1
2015360091916,4,19,0,4,0,2,0,0,0,0,1,1,6,1,42,7,1896,2,8,-1,3,-1
2015360091922,1,9,0,18,0,0,0,0,0,0,1,1,6,1,57,9,2179,2,-1,-1,2,-1
2015360091922,2,9,0,4,0,0,0,0,0,0,2,1,6,2,62,9,2179,2,2,-1,3,-1
2015360091924,1,9,3,4,0,1,0,0,0,0,1,1,6,1,64,9,2143,2,6,-1,1,-1
2015360091924,2,9,0,3,0,1,0,0,0,0,2,1,6,2,40,7,1997,2,6,-1,1,-1
2015360091924,3,9,0,18,0,8,0,0,0,0,4,1,6,2,40,7,1149,1,13,-1,1,-1
2015360091929,1,9,0,4,0,1,0,0,0,0,1,1,6,2,36,7,1587,1,17,-1,3,-1
2015360091929,2,9,0,8,0,1,0,0,0,0,2,1,6,2,22,5,1390,1,9,-1,3,-1
2015360091942,1,9,0,18,0,0,0,0,0,0,4,1,6,1,-1,-1,1997,2,2,-1,3,-1
2015360091946,1,9,0,18,0,1,0,0,0,0,4,1,6,1,73,10,1339,1,12,-1,1,-1
2015360091950,1,19,0,17,0,0,1,0,0,0,1,1,1,1,37,7,2198,2,-1,-1,3,-1
2015360091950,2,9,0,16,0,0,0,0,0,0,1,1,2,1,24,5,1396,2,2,-1,3,-1
2015360091961,1,9,0,4,0,1,0,0,0,0,4,1,6,1,40,7,1984,1,-1,-1,3,-1
2015360091961,2,1,0,5,5,8,0,0,0,0,1,1,6,1,70,10,-1,-1,-1,-1,2,-1
2015360091979,1,9,0,18,0,4,1,9,3,1,1,1,6,1,18,4,1497,1,12,-1,1,-1
2015360091985,1,9,0,9,0,6,0,0,0,0,1,1,6,1,20,4,1598,1,6,-1,1,-1
2015360091985,2,9,0,18,0,8,0,0,0,0,3,1,6,1,67,10,2987,2,9,-1,2,-1
2015360091986,1,9,0,9,0,8,0,0,0,0,1,1,3,2,35,6,3498,1,6,-1,2,-1
2015360091986,2,9,0,18,0,5,0,0,0,0,2,1,1,1,22,5,1686,2,2,-1,1,-1
2015360091987,1,9,0,4,0,1,0,0,0,0,1,1,6,2,70,10,1242,1,5,-1,1,-1
2015360091987,2,9,0,3,0,1,0,0,0,0,2,1,6,1,32,6,1598,1,4,-1,1,-1
2015360091988,1,9,0,18,0,0,1,0,1,10,4,1,6,1,33,6,1997,2,11,-1,1,-1
2015360091990,1,9,0,9,0,6,0,0,0,0,0,1,6,1,63,9,-1,-1,-1,-1,3,-1
2015360091990,2,9,0,17,0,1,0,0,1,4,1,1,6,1,63,9,1995,2,6,-1,3,-1
2015360091997,1,9,0,16,0,0,0,0,0,0,1,1,6,2,26,6,998,1,13,-1,2,-1
2015360091997,2,17,0,17,0,0,0,0,0,0,1,1,1,1,31,6,6728,2,-1,-1,3,-1
2015360092004,1,9,0,18,0,0,0,0,0,0,1,1,6,1,84,11,2435,1,17,-1,1,-1
2015360092004,2,9,0,18,0,0,0,0,0,0,1,1,6,1,82,11,1596,1,6,-1,1,-1
2015360092020,1,9,0,9,0,6,0,0,0,0,1,1,6,1,40,7,1895,1,17,-1,-1,-1
2015360092020,2,1,0,9,0,6,0,0,0,0,1,1,1,1,39,7,-1,-1,-1,-1,1,-1
2015360092026,1,1,0,16,0,8,0,0,0,0,1,1,6,1,58,9,-1,-1,-1,-1,1,-1
2015360092026,2,9,0,5,0,6,0,0,0,0,3,1,6,1,58,9,998,1,14,-1,3,-1
2015360092027,1,9,0,18,0,8,0,0,0,0,3,1,6,1,68,10,2987,2,3,-1,3,-1
2015360092027,2,1,0,18,9,6,0,0,0,0,1,1,6,1,13,3,-1,-1,-1,-1,1,-1
2015360092030,1,9,0,18,0,0,0,0,0,0,1,1,6,1,65,9,1596,1,10,-1,1,-1
2015360092035,1,9,0,13,0,8,0,0,7,11,1,1,1,1,20,4,1994,2,12,-1,3,-1
2015360092035,2,9,0,7,0,6,0,0,0,0,1,1,1,2,27,6,1242,1,7,-1,3,-1
2015360092035,3,8,0,18,0,8,0,0,0,0,3,1,1,1,79,11,-1,-1,-1,-1,3,-1
2015360092044,1,98,1,18,0,3,0,0,0,0,0,1,1,1,51,8,12580,2,10,-1,1,-1
2015360092044,2,9,0,3,0,1,0,0,0,0,3,1,6,2,64,9,1598,1,7,-1,1,-1
2015360092052,1,19,0,18,0,1,1,0,0,0,1,1,1,1,47,8,2143,2,2,-1,1,-1
2015360092052,2,9,0,4,0,1,0,0,0,0,2,1,2,1,24,5,1910,2,9,-1,3,-1
2015360092052,3,11,0,4,0,1,0,0,0,0,2,1,1,1,37,7,-1,2,12,-1,1,-1
2015360092053,1,9,0,18,0,0,0,0,7,0,1,1,6,1,72,10,1995,2,2,-1,1,-1
2015360092053,2,9,0,18,0,0,0,0,1,0,1,1,6,2,70,10,1560,2,5,-1,1,-1
2015360092064,1,3,0,4,0,1,0,0,0,0,1,1,2,1,22,5,124,1,5,-1,2,-1
2015360092064,2,8,0,3,0,1,0,0,0,0,2,1,1,1,52,8,1995,2,1,-1,1,-1
2015360092084,1,11,0,7,0,4,0,0,0,0,4,1,1,1,-1,-1,-1,-1,-1,-1,-1,-1
2015360092084,2,9,0,9,0,4,0,0,0,0,3,1,6,1,41,7,1895,1,16,-1,1,-1
2015360092089,1,9,0,9,0,5,0,0,0,0,3,1,6,2,30,6,1796,1,13,-1,3,-1
2015360092089,2,3,0,13,0,8,0,0,0,0,1,1,6,1,18,4,124,1,5,-1,3,-1
2015360092090,1,22,0,18,0,8,0,0,0,0,1,1,6,1,60,9,-1,-1,-1,-1,1,-1
2015360092090,2,21,0,7,0,6,0,0,0,0,1,1,1,1,58,9,7146,2,5,-1,1,-1
2015360092094,1,9,0,9,0,5,0,0,0,0,1,1,6,2,79,11,1799,1,5,-1,3,-1
2015360092094,2,5,0,18,0,8,0,0,0,0,1,1,6,1,34,6,749,1,17,-1,2,-1
2015360092096,1,3,0,16,0,0,1,0,1,11,1,1,6,1,18,4,125,1,12,-1,2,-1
2015360092098,1,9,0,4,0,0,0,0,0,0,1,1,1,1,31,6,1686,2,6,-1,1,-1
2015360092098,2,9,0,3,0,0,0,0,0,0,2,1,6,2,57,9,1242,1,3,-1,3,-1
2015360092098,3,9,0,3,0,0,0,0,0,0,2,1,6,2,56,9,1242,1,2,-1,1,-1