Accident_Index,Vehicle_Reference,Vehicle_Type,Towing_and_Articulation,Vehicle_Manoeuvre,Vehicle_Location-Restricted_Lane,Junction_Location,Skidding_and_Overturning,Hit_Object_in_Carriageway,Vehicle_Leaving_Carriageway,Hit_Object_off_Carriageway,1st_Point_of_Impact,Was_Vehicle_Left_Hand_Drive?,Journey_Purpose_of_Driver,Sex_of_Driver,Age_of_Driver,Age_Band_of_Driver,Engine_Capacity_(CC),Propulsion_Code,Age_of_Vehicle,Driver_IMD_Decile,Driver_Home_Area_Type,Vehicle_IMD_Decile
2015360092098,4,19,0,3,0,0,0,0,0,0,2,1,1,1,43,7,1598,2,-1,-1,1,-1
2015360092103,1,9,0,18,0,0,0,0,0,0,1,1,6,2,25,5,1360,1,12,-1,1,-1
2015360092103,2,19,0,3,0,0,0,0,0,0,2,1,6,1,41,7,-1,-1,-1,-1,1,-1
2015360092103,3,9,0,3,0,0,0,0,0,0,2,1,6,1,22,5,-1,-1,-1,-1,1,-1
2015360092109,1,3,0,14,0,0,0,0,0,0,1,1,6,1,17,4,124,1,6,-1,1,-1
2015360092109,2,9,0,14,0,0,0,0,0,0,1,1,6,2,52,8,1598,1,4,-1,1,-1
2015360092112,1,9,0,18,0,0,1,10,1,2,1,1,6,1,37,7,2494,1,14,-1,1,-1
2015360092114,1,5,0,7,0,2,1,10,7,1,1,1,6,2,52,8,690,1,2,-1,3,-1
2015360092116,1,9,0,4,0,0,0,0,0,0,1,1,6,2,22,5,1398,1,-1,-1,2,-1
2015360092116,2,9,0,3,0,0,0,0,0,0,2,1,6,1,46,8,1590,1,26,-1,2,-1
2015360092120,1,9,0,16,0,0,0,0,0,0,0,1,6,3,-1,-1,-1,-1,-1,-1,-1,-1
2015360092120,2,5,0,17,0,0,0,0,1,0,4,1,6,1,22,5,988,1,12,-1,1,-1
2015360092121,1,11,0,10,0,8,0,0,0,0,2,1,1,1,27,6,6374,2,9,-1,3,-1
2015360092121,2,1,0,18,0,8,1,0,0,0,1,1,2,1,49,8,-1,-1,-1,-1,3,-1
2015360092123,1,9,0,9,0,6,0,0,0,0,1,1,6,2,85,11,1870,2,11,-1,3,-1
2015360092123,2,9,0,18,0,8,0,0,0,0,4,1,6,2,75,10,1587,1,12,-1,1,-1
2015360092127,1,9,0,18,0,1,0,0,0,0,3,1,6,2,-1,-1,-1,-1,-1,-1,-1,-1
2015360092134,1,9,0,16,0,0,0,0,0,0,3,1,1,1,34,6,1968,2,6,-1,3,-1
2015360092134,2,19,0,17,0,0,0,0,0,0,3,1,1,1,51,8,2402,2,11,-1,2,-1
2015360092139,1,9,0,9,0,5,0,0,0,0,1,1,6,2,59,9,1328,1,9,-1,2,-1
2015360092139,2,5,0,18,0,8,0,0,1,0,1,1,6,1,39,7,999,1,4,-1,1,-1
2015360092148,1,9,0,17,0,8,0,0,7,0,1,1,6,1,40,7,1598,1,5,-1,3,-1
2015360092148,2,9,0,9,0,5,0,0,0,0,1,1,6,1,20,4,1399,2,4,-1,3,-1
2015360092159,1,9,0,1,0,0,0,0,0,0,2,1,6,1,60,9,1870,2,13,-1,1,-1
2015360092159,2,9,0,2,0,0,0,0,0,0,1,1,6,2,31,6,1360,1,12,-1,3,-1
2015360092161,1,17,2,9,0,8,0,0,0,0,4,1,1,1,17,4,6702,2,2,-1,3,-1
2015360092161,2,9,0,18,0,8,0,0,0,0,1,1,6,2,75,10,999,1,7,-1,2,-1
2015360092164,1,4,0,13,0,0,1,0,0,0,4,1,6,1,25,5,648,1,18,-1,1,-1
2015360092164,2,9,0,18,0,0,0,0,0,0,0,1,6,2,47,8,1461,2,2,-1,3,-1
2015360092164,3,9,0,18,0,0,0,0,0,0,0,1,6,2,70,10,1598,2,3,-1,1,-1
2015360092180,1,9,0,1,0,0,0,0,0,0,2,1,3,2,32,6,1896,2,16,-1,1,-1
2015360092185,1,9,0,4,0,0,1,0,0,0,1,1,6,2,78,11,1396,1,15,-1,2,-1
2015360092185,2,9,0,3,0,0,0,0,0,0,2,1,6,2,17,4,1299,1,13,-1,1,-1
2015360092186,1,9,0,17,0,0,0,0,7,3,4,1,6,1,19,4,1587,1,7,-1,1,-1
2015360092187,1,9,0,4,0,1,0,0,0,0,3,1,6,3,-1,-1,-1,-1,-1,-1,-1,-1
2015360092193,1,9,0,18,0,8,0,0,0,0,1,1,6,1,-1,-1,1753,2,15,-1,-1,-1
2015360092193,2,9,0,18,0,8,0,0,0,0,3,1,6,2,38,7,1598,1,8,-1,1,-1
2015360092195,1,19,0,17,0,0,5,0,1,9,1,1,6,1,29,6,-1,-1,-1,-1,3,-1
2015360092198,1,9,0,9,0,8,0,0,0,0,3,1,6,3,-1,-1,-1,-1,-1,-1,-1,-1
2015360092198,2,1,0,18,0,8,0,0,0,0,1,1,6,1,17,4,-1,-1,-1,-1,1,-1
2015360092208,1,9,0,9,0,5,0,0,0,0,1,1,1,1,26,6,1560,2,3,-1,1,-1
2015360092208,2,1,0,18,0,8,0,0,0,0,1,1,1,1,32,6,-1,-1,-1,-1,1,-1
2015360092216,1,9,0,7,0,5,0,0,0,0,4,1,6,2,35,6,1794,1,12,-1,1,-1
2015360092216,2,1,0,18,4,8,0,0,0,0,1,1,6,1,55,8,-1,-1,-1,-1,1,-1
2015360092217,1,9,0,18,0,0,0,0,0,0,1,1,6,1,54,8,1951,2,14,-1,2,-1
2015360092217,2,9,0,4,0,0,0,0,0,0,2,1,6,1,50,8,3189,1,8,-1,1,-1
2015360092217,3,9,0,4,0,0,0,0,0,0,2,1,6,2,70,10,1956,2,3,-1,2,-1
2015360092217,4,9,0,4,0,0,0,0,0,0,2,1,6,1,23,5,1995,2,5,-1,3,-1
2015360092220,1,9,0,7,0,2,0,0,0,0,1,1,6,3,-1,-1,-1,-1,-1,-1,-1,-1
2015360092220,2,1,0,18,0,2,0,0,0,0,2,1,6,1,15,3,-1,-1,-1,-1,-1,-1
2015360092221,1,9,0,14,0,1,0,0,0,0,1,1,2,2,20,4,1229,1,11,-1,1,-1
2015360092223,1,11,0,18,0,2,0,0,0,0,0,1,1,1,52,8,11630,2,20,-1,1,-1
2015360092223,2,9,0,18,0,1,0,0,0,0,1,1,2,2,38,7,1998,2,9,-1,3,-1
2015360092235,1,1,0,18,9,8,0,0,0,0,1,1,6,1,50,8,-1,-1,-1,-1,1,-1
2015360092235,2,9,0,5,0,8,0,0,0,0,3,1,6,1,-1,-1,-1,-1,-1,-1,-1,-1
2015360092240,1,19,0,18,0,0,5,0,1,4,1,1,1,1,40,7,2148,2,5,-1,-1,-1
2015360092241,1,3,0,16,0,0,0,0,0,0,1,1,2,1,19,4,124,1,7,-1,1,-1
2015360092241,2,9,0,3,0,0,0,0,0,0,2,1,2,2,35,6,1753,2,8,-1,1,-1
2015360092241,3,9,0,17,0,0,0,0,0,0,0,1,2,1,32,6,1997,2,9,-1,1,-1
2015360092242,1,9,0,18,0,8,1,0,7,1,3,1,6,3,-1,-1,1989,1,15,-1,-1,-1
2015360092242,2,9,0,5,0,6,0,0,0,0,1,1,6,1,72,10,1587,1,9,-1,3,-1
2015360092248,1,1,0,9,0,5,0,0,0,0,3,1,2,1,24,5,-1,-1,-1,-1,-1,-1
2015360092248,2,9,0,13,0,8,0,0,0,0,4,1,2,2,59,9,1388,1,11,-1,3,-1
2015360092249,1,9,0,9,0,5,1,10,1,1,1,1,6,1,18,4,-1,-1,-1,-1,3,-1
2015360092250,1,9,0,18,0,0,0,0,0,0,1,1,6,2,30,6,-1,-1,-1,-1,-1,-1
2015360092250,2,9,0,3,0,0,0,0,0,0,2,1,6,2,22,5,1598,1,9,-1,1,-1
2015360092255,1,19,0,1,0,0,0,0,0,0,2,1,6,1,21,5,1998,2,13,-1,1,-1
2015360092255,2,9,0,3,0,0,0,0,0,0,1,1,6,2,25,5,1364,1,10,-1,3,-1
2015360092271,1,9,0,9,0,8,0,0,0,0,4,1,6,2,30,6,1329,1,5,-1,2,-1
2015360092271,2,9,0,18,0,8,0,0,0,0,1,1,6,1,18,4,1242,1,12,-1,1,-1
2015360092274,1,9,0,5,0,4,0,0,0,0,3,1,6,1,38,7,1598,2,1,-1,2,-1
2015360092274,2,9,0,18,0,8,0,0,0,0,1,1,6,2,31,6,1587,1,11,-1,1,-1
2015360092279,1,21,0,4,0,0,0,0,0,0,1,1,6,3,-1,-1,10837,2,4,-1,-1,-1
2015360092279,2,9,0,3,0,0,0,0,0,0,2,1,6,1,45,7,2143,2,3,-1,2,-1
2015360092284,1,5,0,17,0,0,1,0,1,4,4,1,6,1,44,7,599,1,17,-1,1,-1
2015360092288,1,9,0,5,0,6,0,0,0,0,1,1,6,2,60,9,1560,2,1,-1,3,-1
2015360092288,2,9,0,18,0,8,0,0,0,0,4,1,6,2,42,7,3199,1,12,-1,3,-1
2015360092293,1,9,0,9,0,5,0,0,0,0,3,1,6,1,69,10,1560,2,4,-1,2,-1
2015360092293,2,9,0,18,0,8,0,0,0,0,1,1,6,1,74,10,1598,1,9,-1,3,-1
2015360092307,1,8,0,7,0,6,0,0,0,0,0,1,1,1,33,6,1753,2,5,-1,1,-1
2015360092307,2,2,0,18,0,1,1,0,0,0,3,1,2,2,17,4,49,1,3,-1,1,-1
2015360092309,1,9,0,4,0,1,0,0,0,0,1,1,2,1,34,6,1984,1,-1,-1,1,-1
2015360092309,2,9,0,8,0,1,0,0,0,0,2,1,2,1,51,8,998,1,7,-1,3,-1
2015360092311,1,9,0,16,0,0,2,10,1,10,2,1,6,2,21,5,1149,1,13,-1,3,-1
2015360092311,2,10,0,17,0,0,0,0,0,0,1,1,6,2,75,10,-1,-1,-1,-1,2,-1
2015360092315,1,9,0,7,0,8,0,0,0,0,4,1,6,3,-1,-1,-1,-1,-1,-1,-1,-1
2015360092315,2,3,0,3,0,8,0,0,0,0,3,1,2,2,27,6,-1,-1,-1,-1,3,-1
2015360092324,1,9,0,10,0,1,0,0,0,0,0,1,6,1,25,5,1598,2,1,-1,-1,-1
2015360092324,2,9,0,18,0,8,1,0,0,0,1,1,6,1,20,4,1299,1,14,-1,1,-1
2015360092324,3,9,0,18,0,8,0,0,0,0,1,1,1,2,29,6,1560,2,8,-1,1,-1
2015360092330,1,9,0,11,0,8,0,0,0,0,4,1,6,1,48,8,1596,1,14,-1,1,-1
2015360092330,2,9,0,5,0,4,0,0,0,0,3,1,6,2,19,4,998,1,9,-1,2,-1
2015360092334,1,9,0,9,0,6,0,0,0,0,1,1,6,1,34,6,1360,1,10,-1,1,-1
2015360092334,2,9,0,18,0,8,0,0,0,0,1,1,1,2,29,6,1149,1,6,-1,1,-1
2015360092340,1,9,0,11,0,3,0,0,0,0,4,1,6,1,39,7,2664,2,14,-1,1,-1
2015360092340,2,9,0,18,0,3,0,0,1,0,3,1,6,2,27,6,1149,1,8,-1,3,-1
2015360092347,1,9,0,13,0,0,0,0,0,0,3,1,6,1,19,4,1390,1,6,-1,2,-1
2015360092347,2,9,0,18,0,0,1,0,1,0,3,1,6,1,68,10,-1,-1,-1,-1,3,-1
2015360092350,1,9,0,9,0,5,0,0,0,0,1,1,6,2,81,11,1587,1,14,-1,3,-1
2015360092350,2,9,0,18,0,8,0,0,1,11,1,1,6,2,27,6,1995,2,10,-1,3,-1
2015360092357,1,9,0,4,0,1,0,0,0,0,1,1,6,1,-1,-1,-1,-1,-1,-1,-1,-1
2015360092357,2,5,0,3,0,1,0,0,0,0,2,1,2,1,40,7,599,1,9,-1,1,-1
2015360092361,1,9,0,17,0,0,0,2,1,0,1,1,6,1,87,11,1388,1,12,-1,3,-1
2015360092361,2,19,0,2,6,0,0,0,0,0,2,1,1,1,24,5,2143,2,1,-1,1,-1
2015360092372,1,9,0,17,0,2,0,0,0,0,4,1,6,1,22,5,1900,2,10,-1,1,-1
2015360092376,1,9,0,5,0,4,0,0,0,0,1,1,6,2,38,7,2496,1,11,-1,1,-1
2015360092376,2,5,0,18,0,8,0,0,0,0,4,1,6,1,21,5,649,1,5,-1,1,-1
2015360092379,1,9,0,17,0,0,1,0,7,9,1,1,6,1,71,10,2295,1,18,-1,2,-1
2015360092380,1,9,0,17,0,0,0,0,0,0,1,1,6,1,47,8,-1,-1,-1,-1,3,-1
2015360092380,2,9,0,16,0,0,0,0,0,0,1,1,6,1,20,4,1995,2,13,-1,3,-1
2015360092381,1,3,0,17,0,0,1,0,1,0,4,1,6,1,17,4,124,1,4,-1,3,-1
2015360092387,1,9,0,18,0,0,0,0,0,0,4,1,6,3,-1,-1,-1,-1,-1,-1,-1,-1
2015360092395,1,9,0,18,0,0,1,0,0,0,1,1,6,1,31,6,1956,2,5,-1,-1,-1
2015360092395,2,9,0,18,0,0,1,0,0,0,3,1,6,2,43,7,1896,2,13,-1,1,-1
2015360092395,3,9,0,18,0,0,1,0,1,0,1,1,6,1,53,8,1753,2,8,-1,3,-1
2015360092417,1,8,0,7,0,5,0,0,0,0,2,1,1,1,66,10,1896,2,8,-1,1,-1
2015360092417,2,5,0,18,0,8,0,0,0,0,1,1,2,2,47,8,498,1,23,-1,1,-1
2015360092422,1,97,0,18,0,8,0,0,0,0,1,1,6,1,25,5,1255,1,6,-1,2,-1
2015360092422,2,9,0,1,0,6,0,0,0,0,2,1,6,2,18,4,1149,1,13,-1,2,-1
2015360092424,1,21,1,5,0,6,0,0,0,0,3,1,1,1,48,8,9200,2,9,-1,3,-1
2015360092424,2,9,0,18,0,8,1,0,0,0,4,1,3,1,29,6,1900,2,16,-1,3,-1
2015360092428,1,9,0,9,0,6,0,0,0,0,1,1,2,2,54,8,996,1,2,-1,1,-1
2015360092428,2,9,0,18,0,8,0,0,0,0,3,1,1,2,40,7,1349,1,5,-1,1,-1
2015360092430,1,9,0,17,0,0,1,0,7,0,1,1,6,1,29,6,1998,1,11,-1,3,-1
2015360092432,1,3,0,18,0,3,0,0,0,0,1,1,6,1,20,4,124,1,6,-1,1,-1
2015360092432,2,1,0,18,9,1,0,0,0,0,1,1,6,1,49,8,-1,-1,-1,-1,1,-1
2015360092442,1,90,0,18,9,1,0,0,0,0,4,1,1,1,25,5,-1,-1,-1,-1,3,-1
2015360092446,1,9,0,13,0,0,0,0,0,0,1,1,6,3,-1,-1,-1,-1,-1,-1,-1,-1
2015360092446,2,1,0,18,0,0,0,0,0,0,2,1,6,1,72,10,-1,-1,-1,-1,3,-1
2015360092449,1,21,1,18,0,1,1,0,0,0,1,1,1,1,60,9,7698,2,-1,-1,1,-1
2015360092451,1,1,0,18,0,8,0,0,0,0,1,1,6,1,58,9,-1,-1,-1,-1,1,-1
2015360092452,1,9,0,7,0,5,0,0,0,0,4,1,6,3,-1,-1,-1,-1,-1,-1,-1,-1
2015360092452,2,1,0,18,0,8,0,0,0,0,1,1,6,1,23,5,-1,-1,-1,-1,2,-1
2015360092455,1,9,0,7,0,7,1,6,1,11,1,1,6,2,19,4,2664,2,15,-1,-1,-1
2015360092457,1,5,0,18,0,3,1,0,0,0,1,1,1,1,34,6,1130,1,10,-1,1,-1
2015360092460,1,9,0,18,0,0,0,0,0,0,1,1,1,1,-1,-1,-1,-1,-1,-1,-1,-1
2015360092460,2,1,0,18,0,0,0,0,1,0,2,1,6,1,25,5,-1,-1,-1,-1,3,-1
2015360092462,1,9,0,7,0,2,0,0,0,0,3,1,2,2,37,7,1968,2,2,-1,3,-1
2015360092463,1,9,0,5,0,4,0,0,0,0,1,1,6,1,-1,-1,1896,2,12,-1,-1,-1
2015360092463,2,1,0,18,0,8,0,0,0,0,4,1,2,1,31,6,-1,-1,-1,-1,1,-1
2015360092467,1,11,0,18,0,8,0,0,0,0,3,1,1,1,47,8,9360,2,4,-1,3,-1
2015360092467,2,1,0,18,0,6,0,0,0,0,1,1,6,1,41,7,-1,-1,-1,-1,-1,-1
2015360092486,1,9,0,18,0,2,1,0,1,0,1,1,6,1,41,7,2800,1,10,-1,3,-1
2015360092486,2,9,0,18,0,1,0,0,0,0,1,1,6,2,54,8,1364,2,3,-1,3,-1
2015360092486,3,9,0,10,0,8,0,0,0,0,0,1,6,1,20,4,1398,1,-1,-1,1,-1
2015360092494,1,9,0,7,0,5,0,0,0,0,4,1,6,1,68,10,1991,1,2,-1,3,-1
2015360092494,2,1,0,18,0,8,0,10,0,0,1,1,2,1,49,8,-1,-1,-1,-1,3,-1
2015360092498,1,9,0,17,0,0,0,0,0,0,1,1,1,2,30,6,1560,2,3,-1,-1,-1
2015360092498,2,9,0,16,0,0,0,0,0,0,1,1,6,2,65,9,1397,1,12,-1,3,-1
2015360092506,1,9,0,9,0,5,0,0,0,0,1,1,6,1,76,11,1396,2,3,-1,2,-1
2015360092506,2,9,0,18,0,8,0,0,0,0,1,1,6,1,77,11,2499,1,6,-1,1,-1
2015360092520,1,19,0,18,0,1,0,0,0,0,1,1,1,1,23,5,1560,2,4,-1,3,-1
2015360092520,2,9,0,4,0,1,0,0,0,0,2,1,6,1,49,8,1796,1,12,-1,-1,-1
2015360092520,3,8,0,18,0,2,0,0,0,0,1,1,6,1,33,6,1796,2,3,-1,1,-1
2015360092525,1,9,0,18,0,1,0,0,0,0,1,1,6,1,53,8,1360,1,12,-1,1,-1
2015360092525,2,9,0,4,0,1,0,0,0,0,2,1,2,1,37,7,1598,1,8,-1,3,-1
2015360092525,3,19,0,3,0,1,0,0,0,0,2,1,1,1,50,8,2143,2,2,-1,2,-1
2015360092526,1,3,0,13,0,8,0,0,0,0,1,1,6,1,17,4,124,1,21,-1,1,-1
2015360092526,2,9,0,9,0,5,0,0,0,0,3,1,6,2,40,7,1386,1,5,-1,2,-1
2015360092537,1,21,1,18,0,0,1,0,0,0,1,1,1,1,49,8,12900,2,6,-1,1,-1
2015360092539,1,9,0,18,0,0,5,6,0,0,1,1,6,1,71,10,1998,2,12,-1,-1,-1
2015360092542,1,5,0,13,0,8,1,0,7,0,1,1,6,1,27,6,599,1,15,-1,3,-1
2015360092542,2,17,4,9,0,5,0,0,0,0,3,1,1,1,36,7,6800,2,8,-1,-1,-1
2015360092557,1,3,0,18,0,1,0,7,0,0,1,1,6,1,30,6,-1,-1,-1,-1,1,-1
2015360092559,1,20,0,4,0,1,0,0,0,0,1,1,1,1,62,9,-1,-1,-1,-1,1,-1
2015360092559,2,19,0,9,0,5,0,0,0,0,2,1,1,1,43,7,1248,2,8,-1,1,-1
2015360092562,1,9,0,9,0,2,0,0,0,0,1,1,6,1,31,6,1896,2,12,-1,1,-1
2015360092562,2,1,0,9,0,2,0,0,0,0,2,1,6,1,60,9,-1,-1,-1,-1,1,-1
2015360092564,1,9,0,18,0,0,0,0,0,0,0,1,6,3,-1,-1,-1,-1,-1,-1,-1,-1
2015360092564,2,5,0,13,0,0,1,0,4,6,3,1,6,1,30,6,1098,1,7,-1,1,-1
2015360092568,1,9,0,18,0,0,0,0,0,0,4,1,6,3,-1,-1,-1,-1,-1,-1,-1,-1
2015360092588,1,9,0,16,0,8,0,0,0,0,3,1,6,1,65,9,998,1,14,-1,3,-1
2015360092588,2,1,0,17,0,8,0,0,0,0,3,1,6,1,30,6,-1,-1,-1,-1,3,-1
2015360092589,1,9,0,9,0,6,0,0,0,0,1,1,6,2,62,9,-1,-1,-1,-1,3,-1
2015360092605,1,9,0,13,0,0,0,0,0,0,4,1,6,1,-1,-1,2993,2,2,-1,-1,-1
2015360092605,2,3,0,18,0,0,0,0,0,0,3,1,6,1,17,4,124,1,8,-1,3,-1
2015360092625,1,19,0,18,0,0,0,0,0,0,1,1,1,1,55,8,1995,2,5,-1,1,-1
2015360092625,2,21,1,18,0,0,1,0,0,0,1,1,1,1,61,9,11021,2,12,-1,1,-1
2015360092633,1,19,0,18,0,0,0,0,0,0,4,1,6,1,48,8,2799,2,16,-1,1,-1
2015360092634,1,9,0,3,0,0,0,0,0,0,3,1,6,1,55,8,1560,2,1,-1,1,-1
2015360092634,2,5,0,14,0,0,0,8,0,0,4,1,6,1,49,8,1255,1,5,-1,2,-1
2015360092636,1,9,0,9,0,6,0,0,0,0,3,1,2,2,64,9,1560,2,1,-1,3,-1
2015360092636,2,9,0,18,0,8,0,0,0,0,1,1,6,1,84,11,1199,1,11,-1,2,-1
2015360092640,1,9,0,9,0,6,0,0,0,0,3,1,6,2,55,8,-1,-1,-1,-1,1,-1
2015360092640,2,9,0,18,0,8,0,0,0,0,4,1,6,1,53,8,1686,2,3,-1,3,-1
2015360092641,1,9,0,18,0,0,0,0,0,0,4,1,6,1,-1,-1,-1,-1,-1,-1,-1,-1
2015360092647,1,9,0,18,0,2,0,0,0,0,1,1,6,1,73,10,1343,1,11,-1,1,-1
2015360092647,2,9,0,3,0,2,0,0,0,0,2,1,6,2,30,6,1910,2,8,-1,3,-1
2015360092649,1,9,0,17,0,0,1,0,7,0,1,1,2,2,27,6,998,1,8,-1,3,-1
2015360092649,2,9,0,16,0,0,0,0,1,0,3,1,2,1,40,7,1360,1,10,-1,3,-1
2015360092651,1,9,0,18,0,2,1,11,1,4,1,1,2,1,53,8,1995,2,-1,-1,2,-1
2015360092654,1,5,0,18,0,0,0,0,0,0,1,1,6,1,32,6,649,1,1,-1,1,-1
2015360092670,1,9,0,18,0,0,0,0,0,0,3,1,6,1,84,11,1560,2,3,-1,2,-1
2015360092670,2,9,0,18,0,0,0,0,0,0,3,1,6,1,64,9,1910,2,12,-1,3,-1
2015360092672,1,9,0,1,0,1,0,0,0,0,2,1,6,1,-1,-1,-1,-1,-1,-1,-1,-1
2015360092672,2,9,0,3,0,1,0,0,0,0,1,1,6,2,33,6,998,1,3,-1,3,-1
2015360092731,1,9,0,18,0,0,0,0,0,0,1,1,2,1,24,5,1396,1,13,-1,2,-1
2015360092731,2,9,0,3,0,0,0,0,0,0,2,1,6,2,28,6,1968,2,4,-1,2,-1
2015360092733,1,9,0,5,0,6,1,0,3,10,1,1,6,1,80,11,2597,1,12,-1,1,-1
2015360092734,1,21,0,9,0,5,0,0,0,0,4,1,1,1,30,6,5480,1,9,-1,3,-1
2015360092734,2,9,0,18,0,8,1,0,0,0,1,1,6,1,30,6,-1,-1,-1,-1,3,-1
2015360092738,1,9,0,16,0,0,5,0,1,1,1,1,6,1,75,10,1086,1,5,-1,1,-1
2015360092739,1,9,0,9,0,6,0,0,0,0,4,1,6,1,44,7,1988,1,12,-1,1,-1
2015360092739,2,1,0,18,0,8,0,0,1,0,1,1,2,1,43,7,-1,-1,-1,-1,1,-1
2015360092761,1,17,4,18,0,0,1,0,0,0,1,1,1,1,26,6,-1,-1,-1,-1,3,-1
2015360092761,2,9,0,4,0,0,0,0,0,0,2,1,6,1,68,10,1242,1,9,-1,1,-1
2015360092761,3,9,0,4,0,0,0,0,0,0,2,1,6,1,70,10,1198,1,6,-1,1,-1
2015360092761,4,9,0,4,0,0,0,0,0,0,2,1,6,2,23,5,1796,1,6,-1,1,-1
2015360092764,1,9,0,4,0,1,0,0,0,0,1,1,3,1,32,6,1686,2,10,-1,1,-1
2015360092764,2,9,0,10,0,8,0,0,0,0,2,1,3,2,30,6,1390,1,-1,-1,1,-1
2015360092765,1,9,0,4,0,1,0,0,0,0,1,1,6,2,32,6,1796,1,10,-1,3,-1
2015360092765,2,3,0,3,0,1,0,0,0,0,2,1,6,1,40,7,125,1,2,-1,1,-1
2015360092768,1,9,0,4,0,0,0,0,0,0,2,1,1,2,31,6,1596,1,5,-1,1,-1
2015360092768,2,9,0,18,0,0,0,0,0,0,1,1,6,2,22,5,1388,1,12,-1,1,-1
2015360092775,1,9,0,4,0,1,0,0,0,0,1,1,2,1,59,9,1390,1,14,-1,3,-1
2015360092775,2,3,0,3,0,1,0,0,0,0,2,1,6,1,27,6,124,1,2,-1,1,-1
2015360092778,1,9,0,14,0,0,0,0,0,0,1,1,6,1,68,10,1560,2,6,-1,2,-1
2015360092778,2,9,0,18,0,0,0,0,0,0,1,1,6,2,66,10,1299,1,12,-1,2,-1
2015360092779,1,9,0,4,0,0,0,0,0,0,1,1,6,1,51,8,1995,1,8,-1,2,-1
2015360092779,2,19,0,4,0,0,0,0,0,0,2,1,1,1,23,5,2198,2,-1,-1,3,-1
2015360092782,1,9,0,7,0,2,0,0,7,11,1,1,6,2,23,5,1794,1,13,-1,1,-1
2015360092784,1,9,0,3,0,0,0,0,0,0,2,1,6,1,81,11,-1,-1,-1,-1,1,-1
2015360092784,2,9,0,4,0,0,0,0,0,0,2,1,6,1,27,6,1999,1,2,-1,3,-1
2015360092784,3,9,0,18,0,0,0,0,0,0,1,1,6,1,41,7,1998,2,7,-1,1,-1
2015360092787,1,1,0,10,0,8,0,0,0,0,1,1,1,1,25,5,-1,-1,-1,-1,1,-1
2015360092787,2,9,0,17,0,8,0,0,0,0,1,1,6,1,-1,-1,1997,1,11,-1,-1,-1
2015360092794,1,9,0,18,0,8,0,0,0,0,1,1,6,1,66,10,1242,1,10,-1,3,-1
2015360092794,2,9,0,9,0,6,0,0,0,0,3,1,6,1,45,7,1988,1,13,-1,3,-1
2015360092797,1,9,0,18,0,0,0,0,0,0,4,1,6,2,52,8,1299,1,10,-1,1,-1
2015360092797,2,1,0,18,9,0,0,0,0,0,1,1,6,1,14,3,-1,-1,-1,-1,1,-1
2015360092812,1,19,0,13,0,8,0,0,0,0,4,1,6,1,27,6,2287,2,6,-1,-1,-1
2015360092812,2,1,0,9,0,5,0,0,0,0,3,1,2,2,51,8,-1,-1,-1,-1,1,-1
2015360092815,1,11,0,7,0,6,0,0,1,11,4,1,1,1,56,9,9600,2,19,-1,3,-1
2015360092823,1,9,0,16,0,0,0,0,7,10,1,1,6,1,34,6,1998,2,11,-1,3,-1
2015360092823,2,19,0,17,0,0,0,0,7,10,1,1,1,1,35,6,1753,2,11,-1,3,-1
2015360092826,1,9,0,6,0,0,0,0,0,0,3,1,6,2,54,8,1598,1,10,-1,1,-1
2015360092826,2,5,0,18,0,0,0,0,0,0,1,1,6,2,58,9,1078,1,8,-1,3,-1
2015360092831,1,9,0,18,0,1,0,0,0,0,1,1,6,1,30,6,-1,-1,-1,-1,-1,-1
2015360092831,2,9,0,3,0,1,0,0,0,0,2,1,6,1,32,6,1968,2,11,-1,2,-1
2015360092832,1,19,0,9,0,6,0,0,0,0,3,1,1,1,29,6,2198,2,-1,-1,1,-1
2015360092832,2,9,0,18,0,8,0,0,0,0,1,1,6,2,38,7,1329,1,-1,-1,2,-1
2015360092836,1,9,0,7,0,5,0,0,0,0,4,1,6,1,58,9,1753,2,7,-1,1,-1
2015360092836,2,1,0,18,0,8,0,0,0,0,1,1,2,2,47,8,-1,-1,-1,-1,1,-1
2015360092845,1,9,0,16,0,0,0,0,1,4,1,1,6,2,18,4,1149,1,12,-1,3,-1
2015360092849,1,9,0,18,0,6,0,0,3,0,4,1,6,2,18,4,-1,-1,-1,-1,1,-1
2015360092849,2,9,0,18,0,8,0,0,1,1,1,1,6,1,41,7,1598,1,12,-1,3,-1
2015360092854,1,19,0,18,0,0,0,0,0,0,3,1,6,3,-1,-1,-1,-1,-1,-1,-1,-1
2015360092854,2,19,0,18,0,0,0,0,0,0,3,1,1,1,50,8,5193,2,2,-1,1,-1
2015360092878,1,9,0,18,0,0,2,10,1,0,4,1,2,2,20,4,1390,1,14,-1,2,-1
2015360092882,1,9,0,18,0,0,0,0,0,0,1,1,2,2,20,4,1968,2,-1,-1,3,-1
2015360092886,1,9,0,9,0,5,0,0,0,0,1,1,6,1,50,8,1368,1,5,-1,-1,-1
2015360092886,2,2,0,18,0,8,0,0,0,0,1,1,6,1,16,4,49,1,3,-1,1,-1