Accident_Index,Vehicle_Reference,Vehicle_Type,Towing_and_Articulation,Vehicle_Manoeuvre,Vehicle_Location-Restricted_Lane,Junction_Location,Skidding_and_Overturning,Hit_Object_in_Carriageway,Vehicle_Leaving_Carriageway,Hit_Object_off_Carriageway,1st_Point_of_Impact,Was_Vehicle_Left_Hand_Drive?,Journey_Purpose_of_Driver,Sex_of_Driver,Age_of_Driver,Age_Band_of_Driver,Engine_Capacity_(CC),Propulsion_Code,Age_of_Vehicle,Driver_IMD_Decile,Driver_Home_Area_Type,Vehicle_IMD_Decile
2015360092891,1,3,0,7,0,5,0,0,0,0,4,1,1,1,25,5,125,1,2,-1,1,-1
2015360092891,2,2,0,15,0,8,1,0,0,0,1,1,6,1,17,4,108,1,1,-1,3,-1
2015360092911,1,9,0,18,0,0,2,0,1,0,1,1,6,1,29,6,3246,1,10,-1,3,-1
2015360092912,1,1,0,18,0,6,0,0,0,0,1,1,6,1,31,6,-1,-1,-1,-1,-1,-1
2015360092912,2,9,0,18,0,8,0,0,0,0,1,1,1,1,35,6,1560,2,-1,-1,-1,-1
2015360092913,1,9,0,7,0,6,0,0,0,0,3,1,6,2,29,6,1197,1,5,-1,-1,-1
2015360092913,2,9,0,18,0,8,2,0,0,0,1,1,6,2,43,7,1560,2,5,-1,3,-1
2015360092913,3,9,0,18,0,1,0,0,0,0,1,1,6,1,55,8,875,1,3,-1,2,-1
2015360092913,4,9,0,3,0,1,0,0,0,0,3,1,6,1,52,8,2148,2,13,-1,1,-1
2015360092913,5,9,0,3,0,1,0,0,0,0,3,1,6,1,43,7,1753,2,14,-1,1,-1
2015360092920,1,90,0,9,0,8,0,0,0,0,2,1,1,1,25,5,2987,2,1,-1,-1,-1
2015360092920,2,9,0,18,0,8,0,0,0,0,1,1,6,2,44,7,1796,1,6,-1,1,-1
2015360092933,1,3,0,16,0,0,0,0,0,0,4,1,6,1,18,4,108,1,2,-1,3,-1
2015360092936,1,9,0,9,0,6,0,0,0,0,1,1,6,1,40,7,998,1,12,-1,-1,-1
2015360092936,2,1,0,18,4,8,0,0,0,0,1,1,6,2,23,5,-1,-1,-1,-1,1,-1
2015360092979,1,3,0,13,0,8,0,0,0,0,1,1,6,1,17,4,124,1,-1,-1,1,-1
2015360092979,2,9,0,9,0,6,0,0,0,0,1,1,6,1,83,11,1997,2,8,-1,3,-1
2015360092984,1,5,0,18,0,0,1,0,1,1,1,1,6,1,23,5,599,1,19,-1,1,-1
2015360092987,1,9,0,4,0,0,0,0,0,0,1,1,6,1,30,6,1896,2,6,-1,1,-1
2015360092987,2,19,0,3,0,0,0,0,0,0,2,1,1,1,22,5,2402,2,9,-1,2,-1
2015360092987,3,21,0,3,0,0,0,0,0,0,2,1,1,1,40,7,4250,2,9,-1,1,-1
2015360092989,1,11,0,18,0,8,0,0,0,0,1,1,1,1,59,9,4500,2,8,-1,1,-1
2015360092989,2,17,0,5,0,4,0,0,0,0,3,1,1,1,20,4,-1,2,21,-1,3,-1
2015360092992,1,9,0,18,0,0,5,4,0,0,1,1,6,1,59,9,1388,1,10,-1,1,-1
2015360092992,2,9,0,2,0,0,0,4,0,0,2,1,6,2,-1,-1,1598,1,13,-1,-1,-1
2015360092992,3,9,0,2,0,0,0,4,0,0,2,1,6,2,-1,-1,1896,2,17,-1,3,-1
2015360092992,4,9,0,2,0,0,0,4,0,0,2,1,6,1,74,10,1990,1,-1,-1,1,-1
2015360092992,5,9,0,2,0,0,0,0,0,0,2,1,6,1,-1,-1,1527,2,16,-1,1,-1
2015360092994,1,3,0,18,0,2,0,0,0,0,1,1,2,1,51,8,125,1,6,-1,1,-1
2015360092997,1,9,0,7,0,5,0,0,0,0,4,1,6,2,30,6,1781,1,19,-1,1,-1
2015360092997,2,1,0,18,0,8,0,0,0,0,1,1,6,2,61,9,-1,-1,-1,-1,1,-1
2015360092998,1,4,0,18,0,0,0,0,0,0,3,1,6,1,17,4,400,1,24,-1,3,-1
2015360092998,2,9,0,18,0,0,1,0,0,0,1,1,6,2,63,9,1248,1,5,-1,3,-1
2015360093002,1,2,0,13,0,8,0,0,0,0,1,1,6,1,17,4,-1,-1,-1,-1,1,-1
2015360093002,2,9,0,9,0,5,0,0,0,0,3,1,6,2,43,7,1968,2,3,-1,1,-1
2015360093003,1,9,0,9,0,6,0,0,0,0,3,1,6,1,30,6,2148,2,7,-1,1,-1
2015360093003,2,1,0,18,0,8,0,0,0,0,1,1,2,2,19,4,-1,-1,-1,-1,1,-1
2015360093008,1,1,0,5,0,6,0,0,0,0,1,1,6,1,16,4,-1,-1,-1,-1,3,-1
2015360093008,2,9,0,18,0,8,0,0,0,0,1,1,6,2,41,7,1388,1,9,-1,-1,-1
2015360093023,1,9,0,9,0,6,0,0,0,0,0,1,6,2,65,9,1242,1,2,-1,1,-1
2015360093023,2,3,0,4,0,1,1,10,0,0,4,1,1,2,47,8,124,1,3,-1,1,-1
2015360093084,1,9,0,5,0,4,0,0,0,0,1,1,6,3,-1,-1,1686,2,4,-1,-1,-1
2015360093084,2,1,0,18,0,8,0,0,0,0,4,1,2,1,34,6,-1,-1,-1,-1,1,-1
2015360093091,1,9,0,18,0,0,0,0,0,0,1,1,6,1,18,4,1200,1,11,-1,-1,-1
2015360093091,2,9,0,18,0,0,0,0,0,0,1,1,6,1,84,11,1493,1,23,-1,-1,-1
2015360093112,1,9,0,5,0,6,0,0,0,0,1,1,6,2,35,6,1968,2,-1,-1,-1,-1
2015360093112,2,9,0,18,0,8,0,0,0,0,2,1,6,1,70,10,1997,2,11,-1,2,-1
2015360093114,1,9,0,16,0,0,0,0,0,0,1,1,6,1,78,11,1598,2,3,-1,2,-1
2015360093114,2,21,0,17,0,0,0,0,1,0,1,1,1,1,49,8,9365,2,7,-1,3,-1
2015360093115,1,19,0,18,0,4,0,0,0,0,3,1,6,1,-1,-1,1997,2,9,-1,-1,-1
2015360093115,2,1,0,18,0,8,0,0,0,0,4,1,6,1,42,7,-1,-1,-1,-1,1,-1
2015360093116,1,9,0,18,0,1,0,0,0,0,1,1,6,1,-1,-1,-1,-1,-1,-1,-1,-1
2015360093116,2,1,0,5,9,1,0,0,0,0,1,1,6,1,13,3,-1,-1,-1,-1,3,-1
2015360093118,1,11,0,5,0,1,0,0,0,0,3,1,1,3,-1,-1,-1,-1,-1,-1,-1,-1
2015360093126,1,9,0,18,0,0,0,0,0,0,3,1,6,1,40,7,1600,2,6,-1,3,-1
2015360093126,2,9,0,18,0,0,0,0,0,0,3,1,6,1,50,8,1596,1,10,-1,3,-1
2015360093133,1,9,0,9,0,5,0,0,0,0,1,1,6,1,20,4,1242,1,9,-1,1,-1
2015360093133,2,5,0,18,0,8,0,0,0,0,1,1,6,1,41,7,899,1,21,-1,1,-1
2015360093142,1,8,0,5,0,4,0,0,0,0,1,1,1,1,55,8,-1,-1,-1,-1,-1,-1
2015360093142,2,1,0,18,0,8,0,0,0,0,1,1,2,1,34,6,-1,-1,-1,-1,1,-1
2015360093148,1,9,0,18,0,3,0,0,0,0,2,1,6,1,24,5,1199,1,11,-1,3,-1
2015360093148,2,9,0,18,0,8,0,0,0,0,1,1,6,2,24,5,1598,2,4,-1,1,-1
2015360093148,3,9,0,18,0,1,0,0,0,0,1,1,6,1,37,7,1994,2,12,-1,2,-1
2015360093149,1,9,0,5,0,0,0,0,0,0,3,1,6,2,31,6,1968,2,5,-1,1,-1
2015360093149,2,4,0,14,0,0,0,0,0,0,1,1,6,1,23,5,498,1,13,-1,3,-1
2015360093153,1,4,0,18,0,1,1,0,0,0,1,1,6,1,57,9,599,1,18,-1,1,-1
2015360093157,1,9,0,9,0,5,1,0,0,0,1,1,6,2,36,7,1798,1,8,-1,3,-1
2015360093157,2,9,0,18,0,8,0,0,0,0,1,1,6,1,81,11,1686,2,12,-1,1,-1
2015360093158,1,9,0,4,0,0,0,0,0,0,2,1,6,1,27,6,1896,2,13,-1,3,-1
2015360093158,2,5,0,13,0,0,0,0,0,0,1,1,6,1,28,6,599,1,8,-1,1,-1
2015360093188,1,9,0,5,0,2,0,0,0,0,3,1,6,2,44,7,1582,2,-1,-1,3,-1
2015360093188,2,4,0,13,0,2,0,0,0,0,1,1,6,1,20,4,124,1,7,-1,3,-1
2015360093190,1,9,0,17,0,0,0,0,0,0,4,1,6,3,-1,-1,1587,1,9,-1,-1,-1
2015360093194,1,5,0,18,0,2,0,0,0,0,4,1,2,1,45,7,249,1,5,-1,1,-1
2015360093194,2,9,0,12,0,2,0,0,0,0,3,1,6,1,45,7,1560,2,10,-1,2,-1
2015360093195,1,9,0,4,0,0,0,0,0,0,1,1,2,1,32,6,-1,-1,-1,-1,3,-1
2015360093195,2,9,0,3,0,0,0,0,0,0,2,1,2,1,52,8,1956,2,2,-1,2,-1
2015360093196,1,21,0,11,0,0,0,0,0,0,4,1,1,1,30,6,12580,2,9,-1,1,-1
2015360093196,2,9,0,18,0,0,0,0,1,4,3,1,6,1,57,9,998,1,2,-1,3,-1
2015360093198,1,17,4,9,0,6,0,0,0,0,3,1,1,1,22,5,4000,2,2,-1,3,-1
2015360093198,2,9,0,18,0,8,0,0,0,0,1,1,6,1,51,8,2972,1,12,-1,3,-1
2015360093213,1,9,0,18,0,0,0,0,0,0,4,1,6,1,32,6,1988,1,16,-1,2,-1
2015360093213,2,1,0,18,9,0,0,0,0,0,1,1,6,2,13,3,-1,-1,-1,-1,2,-1
2015360093226,1,9,0,18,0,8,0,0,0,0,1,1,6,1,68,10,1951,2,11,-1,2,-1
2015360093226,2,9,0,9,0,5,0,0,0,0,4,1,6,1,82,11,1968,2,2,-1,2,-1
2015360093233,1,9,0,9,0,5,0,0,0,0,4,1,6,1,84,11,-1,-1,-1,-1,1,-1
2015360093233,2,5,0,18,0,8,0,0,0,0,1,1,6,1,21,5,125,1,3,-1,2,-1
2015360093235,1,9,0,18,0,1,0,0,0,0,1,1,1,2,29,6,-1,-1,-1,-1,1,-1
2015360093235,2,9,0,3,0,1,0,0,0,0,2,1,6,2,40,7,1968,2,2,-1,3,-1
2015360093235,3,9,0,10,0,8,0,0,0,0,2,1,6,2,21,5,998,1,3,-1,3,-1
2015360093242,1,9,0,9,0,6,0,0,0,0,0,1,6,2,60,9,1997,1,1,-1,1,-1
2015360093242,2,3,0,4,0,1,1,0,0,0,4,1,6,1,20,4,124,1,5,-1,1,-1
2015360093243,1,9,0,17,0,0,1,0,7,3,4,1,1,1,19,4,2494,2,1,-1,3,-1
2015360093244,1,8,0,13,0,0,0,0,0,0,3,1,1,1,51,8,1753,2,6,-1,1,-1
2015360093244,2,9,0,13,0,0,1,0,7,1,4,1,2,1,18,4,998,1,16,-1,1,-1
2015360093247,1,9,0,18,0,1,0,0,0,0,1,1,6,1,33,6,1998,1,12,-1,3,-1
2015360093247,2,9,0,12,0,1,0,0,0,0,2,1,6,2,53,8,1242,1,14,-1,1,-1
2015360093258,1,9,0,18,0,0,0,0,0,0,3,1,6,1,21,5,1390,1,8,-1,1,-1
2015360093258,2,9,0,2,0,0,0,0,0,0,0,1,6,1,37,7,1988,1,13,-1,1,-1
2015360093261,1,9,0,18,0,1,0,0,0,0,4,1,6,3,-1,-1,-1,-1,-1,-1,-1,-1
2015360093281,1,3,0,13,0,8,0,0,7,0,4,1,6,1,21,5,124,1,11,-1,3,-1
2015360093281,2,9,0,9,0,5,0,0,0,0,3,1,6,2,31,6,1896,2,11,-1,1,-1
2015360093285,1,9,0,18,0,0,0,0,0,0,1,1,6,1,25,5,1840,1,19,-1,1,-1
2015360093285,2,9,0,4,0,0,0,0,0,0,2,1,6,2,65,9,1299,1,15,-1,3,-1
2015360093303,1,9,0,4,0,4,0,0,0,0,1,1,6,1,68,10,1242,1,1,-1,2,-1
2015360093303,2,2,0,18,0,8,0,0,0,0,2,1,6,2,37,7,108,1,2,-1,2,-1
2015360093320,1,3,0,5,0,6,0,0,0,0,3,1,6,2,18,4,124,1,3,-1,2,-1
2015360093320,2,9,0,18,0,8,0,0,0,0,1,1,6,1,30,6,1896,2,10,-1,1,-1
2015360093326,1,19,0,4,0,0,0,0,0,0,1,1,2,1,61,9,1248,2,-1,-1,3,-1
2015360093326,2,9,0,4,0,0,0,0,0,0,2,1,6,1,23,5,1900,2,15,-1,3,-1
2015360093328,1,9,0,18,0,0,5,0,7,4,1,1,6,1,34,6,1498,1,14,-1,3,-1
2015360093334,1,9,0,17,0,0,2,4,0,0,1,1,6,1,20,4,1461,2,11,-1,3,-1
2015360093334,2,8,0,2,0,0,0,0,0,0,3,1,6,1,61,9,1560,2,2,-1,3,-1
2015360093334,3,9,0,2,0,0,0,0,0,0,3,1,6,2,24,5,1149,1,14,-1,3,-1
2015360093340,1,9,0,9,0,6,0,0,0,0,3,1,6,1,28,6,1598,1,10,-1,1,-1
2015360093340,2,1,0,18,0,8,0,0,0,0,1,1,2,1,19,4,-1,-1,-1,-1,1,-1
2015360093352,1,9,0,18,0,0,0,0,0,0,4,1,6,1,19,4,-1,-1,-1,-1,2,-1
2015360093352,2,1,0,18,0,0,0,0,1,0,3,1,6,1,17,4,-1,-1,-1,-1,1,-1
2015360093353,1,9,0,18,0,0,0,0,0,0,3,1,6,1,38,7,-1,-1,-1,-1,3,-1
2015360093353,2,9,0,18,0,0,0,0,0,0,3,1,6,2,70,10,998,1,10,-1,2,-1
2015360093353,3,9,0,18,0,0,0,0,0,0,1,1,6,1,20,4,1199,1,14,-1,3,-1
2015360093365,1,9,0,9,0,5,0,0,0,0,1,1,6,1,22,5,1198,1,8,-1,-1,-1
2015360093365,2,9,0,18,0,8,0,0,0,0,1,1,6,2,44,7,1399,2,6,-1,1,-1
2015360093377,1,5,0,16,0,0,0,0,0,0,3,1,6,1,26,6,748,1,5,-1,1,-1
2015360093377,2,9,0,17,0,0,0,0,0,0,3,1,6,1,43,7,-1,-1,-1,-1,1,-1
2015360093379,1,9,0,4,0,1,0,0,0,0,3,1,6,2,64,9,954,1,23,-1,3,-1
2015360093388,1,9,0,16,0,0,1,0,7,0,1,1,6,1,66,10,1587,1,13,-1,3,-1
2015360093388,2,19,0,18,0,0,0,0,1,0,1,1,6,1,73,10,1995,2,8,-1,3,-1
2015360093395,1,1,0,18,0,1,0,0,0,0,1,1,4,2,42,7,-1,-1,-1,-1,1,-1
2015360093395,2,9,0,4,0,1,0,0,0,0,2,1,6,2,42,7,1200,1,3,-1,1,-1
2015360093403,1,9,0,7,0,6,0,0,0,0,0,1,6,1,29,6,1999,1,11,-1,-1,-1
2015360093403,2,1,0,4,0,8,1,0,0,0,3,1,4,1,17,4,-1,-1,-1,-1,1,-1
2015360093405,1,9,0,7,0,3,0,0,0,0,4,1,6,2,62,9,1398,2,12,-1,1,-1
2015360093405,2,1,0,18,0,8,0,0,0,0,1,1,6,1,50,8,-1,-1,-1,-1,1,-1
2015360093407,1,9,0,18,0,0,0,0,0,0,0,1,6,3,-1,-1,-1,-1,-1,-1,-1,-1
2015360093407,2,1,0,18,0,0,0,10,0,0,4,1,4,1,62,9,-1,-1,-1,-1,2,-1
2015360093424,1,9,0,16,0,0,1,0,0,0,1,1,6,1,76,11,1596,1,13,-1,3,-1
2015360093424,2,19,0,17,0,0,0,0,0,0,1,1,1,1,47,8,2143,2,3,-1,1,-1
2015360093435,1,9,0,4,0,0,1,0,0,0,2,1,4,2,19,4,1242,1,5,-1,1,-1
2015360093435,2,9,0,4,0,0,1,0,0,0,1,1,6,2,21,5,1360,1,11,-1,1,-1
2015360093460,1,9,0,17,0,0,2,0,7,0,1,1,1,1,48,8,1124,1,14,-1,1,-1
2015360093461,1,9,0,4,0,1,1,0,0,0,1,1,6,1,21,5,999,1,15,-1,3,-1
2015360093461,2,9,0,18,0,2,0,0,0,0,3,1,6,2,48,8,1997,1,-1,-1,-1,-1
2015360093461,3,9,0,4,0,1,0,0,0,0,2,1,6,1,21,5,1769,1,14,-1,1,-1
2015360093474,1,9,0,18,0,8,0,0,0,0,1,1,6,2,80,11,1360,1,10,-1,3,-1
2015360093474,2,9,0,3,0,1,0,0,0,0,2,1,6,1,40,7,1596,1,9,-1,3,-1
2015360093474,3,9,0,18,0,8,0,0,0,0,1,1,6,2,40,7,1229,1,1,-1,1,-1
2015360093476,1,5,0,18,0,0,0,0,1,9,4,1,6,1,45,7,779,1,2,-1,1,-1
2015360093481,1,9,0,18,0,4,0,0,1,0,1,1,6,2,28,6,996,1,6,-1,1,-1
2015360093481,2,9,0,9,0,8,0,0,0,0,3,1,6,1,71,10,-1,-1,-1,-1,2,-1
2015360093486,1,9,0,18,0,1,0,7,1,1,1,1,6,1,61,9,1591,1,2,-1,1,-1
2015360093487,1,9,0,18,0,0,0,0,0,0,4,1,6,3,-1,-1,-1,-1,-1,-1,-1,-1
2015360093491,1,9,0,18,0,2,0,0,0,0,1,1,6,3,-1,-1,-1,-1,-1,-1,-1,-1
2015360093491,2,9,0,18,0,1,0,0,0,0,1,1,6,1,51,8,-1,-1,-1,-1,2,-1
2015360093492,1,3,0,13,0,8,0,0,7,10,1,1,6,1,28,6,124,1,15,-1,3,-1
2015360093492,2,9,0,9,0,5,0,0,0,0,3,1,6,1,41,7,1997,2,6,-1,1,-1
2015360093495,1,9,0,18,0,0,2,0,7,4,1,1,6,1,57,9,2972,1,18,-1,3,-1
2015360093509,1,9,0,18,0,2,0,4,0,0,1,1,6,1,33,6,988,1,25,-1,1,-1
2015360093509,2,9,0,2,0,2,0,0,0,0,2,1,6,3,-1,-1,1596,1,5,-1,-1,-1
2015360093509,3,9,0,2,0,2,0,0,0,0,2,1,6,3,-1,-1,1994,2,17,-1,-1,-1
2015360093509,4,9,0,2,0,2,0,0,0,0,2,1,6,3,-1,-1,1422,2,12,-1,-1,-1
2015360093556,1,9,0,2,0,1,0,0,0,0,2,1,3,2,43,7,1686,2,6,-1,1,-1
2015360093556,2,9,0,4,0,1,0,0,0,0,1,1,6,1,45,7,4367,2,1,-1,-1,-1
2015360093559,1,9,0,18,0,2,0,0,0,0,1,1,1,1,57,9,1761,1,19,-1,2,-1
2015360093559,2,20,0,2,0,2,0,0,0,0,2,1,6,3,-1,-1,4764,2,8,-1,-1,-1
2015360093562,1,9,0,10,0,8,0,0,0,0,2,1,6,1,52,8,1968,2,-1,-1,3,-1
2015360093562,2,9,0,4,0,1,0,0,0,0,1,1,6,2,65,9,1229,1,1,-1,1,-1
2015360093567,1,9,0,13,0,8,0,0,0,0,1,1,6,2,34,6,1397,1,14,-1,1,-1
2015360093567,2,8,0,9,0,5,0,0,0,0,3,1,6,1,39,7,1997,2,7,-1,1,-1
2015360093568,1,9,0,9,0,5,0,0,0,0,1,2,6,1,37,7,-1,-1,-1,-1,1,-1
2015360093568,2,9,0,18,0,8,0,0,0,0,1,1,6,1,53,8,1390,1,16,-1,2,-1
2015360093569,1,5,0,16,0,8,1,0,0,0,1,1,6,1,38,7,865,1,4,-1,3,-1
2015360093569,2,9,0,17,0,8,0,0,0,0,1,1,6,2,30,6,3189,1,11,-1,3,-1
2015360093570,1,97,0,18,0,8,0,0,0,0,1,1,2,2,39,7,998,1,9,-1,1,-1
2015360093570,2,9,0,9,0,6,0,0,0,0,4,1,2,1,60,9,1390,1,1,-1,3,-1
2015360093590,1,9,0,18,0,2,1,0,7,11,1,1,6,1,26,6,1596,1,8,-1,2,-1
2015360093603,1,9,0,15,0,8,0,0,0,0,4,1,6,1,33,6,998,1,6,-1,2,-1
2015360093603,2,1,0,18,0,8,0,0,0,0,3,1,6,1,45,7,-1,-1,-1,-1,1,-1
2015360093604,1,9,0,9,0,5,0,0,0,0,1,1,6,2,21,5,1560,2,4,-1,3,-1
2015360093604,2,9,0,18,0,8,0,0,1,0,1,1,6,1,29,6,2700,2,25,-1,2,-1
2015360093610,1,9,0,16,0,2,1,0,1,4,1,1,6,1,20,4,1798,1,14,-1,1,-1
2015360093613,1,19,0,18,0,0,1,0,0,0,1,1,6,2,70,10,1996,2,2,-1,2,-1
2015360093613,2,9,0,18,0,0,0,0,7,10,1,1,1,1,38,7,1499,2,2,-1,1,-1
2015360093618,1,9,0,1,0,0,0,0,0,0,2,1,6,1,55,8,2996,1,1,-1,3,-1
2015360093619,1,9,0,3,0,8,0,0,0,0,2,1,2,2,46,8,1582,2,6,-1,2,-1
2015360093619,2,19,0,18,0,8,0,0,0,0,1,1,1,1,38,7,1560,2,-1,-1,3,-1
2015360093621,1,9,0,9,0,5,0,0,1,1,1,1,6,2,85,11,-1,-1,-1,-1,3,-1
2015360093623,1,9,0,18,0,0,0,0,0,0,1,1,1,2,55,8,1242,1,7,-1,1,-1
2015360093623,2,9,0,2,0,0,0,0,0,0,2,1,6,3,-1,-1,1399,1,8,-1,-1,-1
2015360093626,1,1,0,18,9,8,0,0,0,0,1,1,6,1,16,4,-1,-1,-1,-1,-1,-1
2015360093626,2,9,0,5,0,6,0,0,0,0,3,1,1,1,35,6,-1,-1,-1,-1,3,-1
2015360093629,1,9,0,18,0,0,0,0,0,0,1,1,6,2,27,6,1896,2,8,-1,3,-1
2015360093629,2,9,0,18,0,0,0,0,0,0,1,1,6,1,53,8,2987,2,9,-1,3,-1
2015360093631,1,21,1,12,0,0,0,0,0,0,3,1,1,1,58,9,12777,2,7,-1,2,-1
2015360093631,2,9,0,18,0,0,0,0,0,0,4,1,6,1,25,5,1587,1,12,-1,1,-1
2015360093632,1,19,0,4,0,4,0,0,0,0,1,1,2,1,34,6,2198,2,8,-1,1,-1
2015360093632,2,1,0,4,0,8,0,0,0,0,1,1,6,1,13,3,-1,-1,-1,-1,1,-1
2015360093637,1,9,0,4,0,2,0,0,0,0,1,1,6,2,40,7,1386,1,8,-1,2,-1
2015360093637,2,9,0,4,0,2,0,0,0,0,2,1,6,1,55,8,1498,1,10,-1,1,-1
2015360093637,3,8,0,4,0,2,0,0,0,0,2,1,6,1,45,7,-1,-1,-1,-1,1,-1
2015360093637,4,9,0,4,0,2,0,0,0,0,2,1,6,1,35,6,1422,2,11,-1,1,-1
2015360093643,1,4,0,18,0,0,0,0,1,0,2,1,6,1,54,8,150,1,31,-1,1,-1
2015360093643,2,4,0,18,0,0,0,0,0,0,1,1,6,1,49,8,150,1,2,-1,3,-1
2015360093649,1,9,0,18,0,8,0,0,0,0,1,1,2,2,53,8,1398,1,3,-1,-1,-1
2015360093649,2,1,0,18,0,8,0,0,0,0,3,1,2,2,52,8,-1,-1,-1,-1,1,-1
2015360093650,1,9,0,18,0,0,2,10,7,0,1,1,6,1,40,7,1870,2,12,-1,3,-1
2015360093650,2,9,0,4,0,0,0,0,0,0,2,1,6,2,52,8,1997,2,6,-1,1,-1
2015360093650,3,9,0,18,0,0,0,0,0,0,1,1,6,1,19,4,-1,-1,-1,-1,1,-1
2015360093682,1,9,0,17,0,0,1,0,1,0,3,1,6,1,71,10,2498,1,39,-1,3,-1
2015360093682,2,9,0,16,0,0,0,0,0,0,3,1,6,2,53,8,1598,1,8,-1,3,-1
2015360093691,1,9,0,4,0,0,0,0,0,0,1,1,2,2,42,7,1461,2,5,-1,3,-1
2015360093691,2,9,0,3,0,0,0,0,0,0,2,1,2,2,68,10,-1,-1,-1,-1,-1,-1
2015360093698,1,9,0,18,0,8,0,0,7,9,3,1,1,1,31,6,1582,2,-1,-1,1,-1
2015360093698,2,9,0,18,0,8,0,0,7,9,4,1,6,1,60,9,1598,1,10,-1,3,-1
2015360093699,1,8,0,18,0,0,0,0,0,0,4,1,1,1,46,8,2148,2,6,-1,1,-1
2015360093703,1,11,0,18,2,2,1,0,0,0,1,1,1,1,75,10,6700,2,4,-1,3,-1
2015360093727,1,9,0,5,0,6,0,0,0,0,4,1,6,1,40,7,1998,2,10,-1,1,-1
2015360093727,2,1,0,18,0,8,0,0,0,0,1,1,2,1,31,6,-1,-1,-1,-1,1,-1
2015360093733,1,9,0,9,0,6,0,0,0,0,1,1,6,2,36,7,1598,1,-1,-1,3,-1
2015360093733,2,9,0,18,0,8,2,0,1,4,1,1,6,2,36,7,1598,1,12,-1,3,-1
2015360093734,1,19,0,18,0,0,0,0,7,4,1,1,6,1,57,9,1248,2,8,-1,3,-1
2015360093742,1,9,0,16,0,0,2,4,1,4,1,1,6,2,29,6,1997,2,12,-1,1,-1
2015360093742,2,9,0,2,0,0,0,0,0,0,1,1,6,1,-1,-1,1796,1,14,-1,1,-1
2015360093744,1,19,0,4,0,1,0,0,0,0,1,1,6,2,48,8,2198,2,8,-1,1,-1
2015360093744,2,9,0,10,0,8,0,0,0,0,2,1,6,2,48,8,1995,2,11,-1,1,-1
2015360093753,1,9,0,9,0,6,0,0,0,0,1,1,6,2,32,6,1461,2,3,-1,1,-1
2015360093753,2,1,0,18,4,8,0,0,0,0,1,1,2,2,21,5,-1,-1,-1,-1,1,-1
2015360093753,3,1,0,18,4,8,0,0,0,0,3,1,2,1,55,8,-1,-1,-1,-1,1,-1
2015360093757,1,9,0,10,0,1,0,0,0,0,3,1,6,1,44,7,1598,1,15,-1,1,-1
2015360093759,1,9,0,18,0,2,0,0,1,11,1,1,6,1,18,4,1149,1,8,-1,3,-1
2015360093764,1,8,0,4,0,0,0,0,0,0,1,1,1,1,28,6,1753,2,6,-1,1,-1
2015360093767,1,9,0,4,0,0,0,0,0,0,1,1,6,1,20,4,1364,1,6,-1,3,-1
2015360093767,2,9,0,4,0,0,0,0,0,0,2,1,6,2,23,5,1590,1,12,-1,3,-1
2015360093772,1,9,0,18,0,8,0,10,1,11,4,1,6,2,58,9,1461,2,11,-1,1,-1
2015360093772,2,9,0,9,0,6,0,0,0,0,3,1,6,3,-1,-1,-1,-1,-1,-1,-1,-1
2015360093785,1,9,0,5,0,0,0,0,0,0,3,1,6,1,29,6,-1,-1,-1,-1,1,-1
2015360093785,2,9,0,18,0,0,0,0,0,0,1,1,6,2,20,4,1248,2,7,-1,3,-1
2015360093787,1,9,0,5,0,4,0,0,0,0,3,1,6,1,63,9,1596,1,4,-1,1,-1
2015360093787,2,1,0,18,0,8,0,0,0,0,4,1,6,1,35,6,-1,-1,-1,-1,1,-1
2015360093790,1,9,0,18,0,0,0,0,0,0,4,1,1,1,48,8,1995,2,2,-1,1,-1
2015360093796,1,17,4,16,0,2,0,0,0,0,3,1,6,3,-1,-1,-1,-1,-1,-1,-1,-1
2015360093796,2,9,0,17,0,1,0,0,0,0,3,1,1,1,40,7,-1,-1,-1,-1,1,-1
2015360093797,1,9,0,9,0,5,0,0,0,0,4,1,3,2,32,6,1794,1,11,-1,-1,-1
2015360093799,1,9,0,18,0,8,0,0,0,0,1,1,2,2,39,7,1329,1,6,-1,1,-1
2015360093799,2,9,0,18,0,8,0,0,0,0,1,1,3,2,57,9,1560,2,2,-1,1,-1
2015360093799,3,9,0,10,0,1,0,0,0,0,3,1,6,1,52,8,1560,2,7,-1,2,-1
2015360093800,1,9,0,5,0,4,0,0,0,0,3,1,6,1,74,10,1998,1,12,-1,2,-1
2015360093800,2,1,0,9,0,8,0,0,0,0,1,1,6,1,47,8,-1,-1,-1,-1,1,-1
2015360093801,1,9,0,9,0,6,0,0,0,0,1,1,1,1,46,8,2495,2,10,-1,3,-1
2015360093801,2,9,0,18,0,8,0,0,0,0,4,1,6,1,55,8,-1,-1,-1,-1,1,-1
2015360093809,1,9,0,18,0,1,0,0,0,0,1,1,6,2,23,5,1198,1,4,-1,2,-1
2015360093809,2,9,0,10,0,8,0,0,0,0,2,1,1,2,23,5,1998,1,10,-1,2,-1
2015360093813,1,9,0,4,0,0,0,0,0,0,0,1,6,3,-1,-1,-1,-1,-1,-1,-1,-1