Accident_Index,Vehicle_Reference,Vehicle_Type,Towing_and_Articulation,Vehicle_Manoeuvre,Vehicle_Location-Restricted_Lane,Junction_Location,Skidding_and_Overturning,Hit_Object_in_Carriageway,Vehicle_Leaving_Carriageway,Hit_Object_off_Carriageway,1st_Point_of_Impact,Was_Vehicle_Left_Hand_Drive?,Journey_Purpose_of_Driver,Sex_of_Driver,Age_of_Driver,Age_Band_of_Driver,Engine_Capacity_(CC),Propulsion_Code,Age_of_Vehicle,Driver_IMD_Decile,Driver_Home_Area_Type,Vehicle_IMD_Decile
2015360093813,2,11,0,4,0,0,0,0,0,0,0,1,1,1,59,9,9600,2,18,-1,3,-1
2015360093815,1,9,0,9,0,5,0,0,0,0,4,1,1,1,20,4,1198,1,4,-1,1,-1
2015360093815,2,2,0,18,0,8,0,0,0,0,1,1,6,1,17,4,124,1,6,-1,2,-1
2015360093835,1,9,0,18,0,0,1,0,0,0,1,1,1,2,43,7,1248,2,1,-1,3,-1
2015360093835,2,9,0,3,0,0,0,0,0,0,2,1,6,2,54,8,1242,1,7,-1,3,-1
2015360093835,3,19,0,3,0,0,0,0,0,0,2,1,6,1,65,9,1248,2,9,-1,3,-1
2015360093836,1,9,0,18,0,4,0,0,0,0,3,1,6,3,-1,-1,-1,-1,-1,-1,-1,-1
2015360093836,2,1,0,9,0,8,0,0,0,0,1,1,6,2,24,5,-1,-1,-1,-1,1,-1
2015360093848,1,9,0,9,0,6,0,0,0,0,3,1,6,3,-1,-1,-1,-1,-1,-1,-1,-1
2015360093848,2,1,0,18,0,8,0,0,1,0,1,1,2,2,34,6,-1,-1,-1,-1,1,-1
2015360093850,1,1,0,18,0,2,0,0,0,0,4,1,2,1,28,6,-1,-1,-1,-1,1,-1
2015360093855,1,9,0,18,0,8,0,0,0,0,3,1,6,3,-1,-1,1781,1,14,-1,-1,-1
2015360093855,2,97,0,10,0,8,0,0,0,0,3,1,6,1,54,8,948,1,23,-1,3,-1
2015360093858,1,9,0,18,0,8,0,0,0,0,4,1,6,1,42,7,1995,2,1,-1,1,-1
2015360093859,1,9,0,1,0,1,0,0,0,0,2,1,6,1,-1,-1,1587,1,8,-1,-1,-1
2015360093859,2,1,0,5,9,1,0,0,0,0,4,1,6,1,21,5,-1,-1,-1,-1,1,-1
2015360093863,1,9,0,16,0,8,0,0,0,0,3,1,6,1,26,6,2926,2,13,-1,1,-1
2015360093863,2,3,0,17,0,8,1,0,0,0,3,1,6,1,21,5,125,1,2,-1,3,-1
2015360093869,1,9,0,17,0,0,1,0,1,4,3,1,6,2,22,5,1388,1,12,-1,3,-1
2015360093870,1,3,0,17,0,0,0,10,1,10,1,1,6,1,72,10,125,1,-1,-1,2,-1
2015360093872,1,8,0,9,0,6,0,0,0,0,3,1,1,1,56,9,1198,1,1,-1,1,-1
2015360093872,2,1,0,18,0,8,0,0,0,0,1,1,6,1,33,6,-1,-1,-1,-1,1,-1
2015360093885,1,9,4,9,0,6,0,0,0,0,0,1,6,1,39,7,2720,2,7,-1,-1,-1
2015360093885,2,1,0,4,0,1,0,0,0,0,3,1,6,1,44,7,-1,-1,-1,-1,3,-1
2015360093887,1,9,0,13,0,0,1,0,0,0,1,1,6,1,17,4,1124,1,25,-1,2,-1
2015360093887,2,9,0,17,0,0,1,0,1,9,1,1,6,2,32,6,1598,2,4,-1,3,-1
2015360093890,1,9,0,6,0,0,0,0,0,0,3,1,6,1,31,6,2494,1,11,-1,2,-1
2015360093890,2,9,0,13,0,0,0,0,0,0,4,1,6,2,26,6,1598,1,9,-1,2,-1
2015360093899,1,9,0,16,0,0,0,0,0,0,3,1,6,1,20,4,998,1,1,-1,3,-1
2015360093929,1,9,0,18,0,1,0,0,7,4,1,1,1,1,21,5,1598,1,14,-1,1,-1
2015360093929,2,9,0,10,0,8,0,0,0,0,2,1,6,1,19,4,1796,1,6,-1,3,-1
2015360093937,1,9,0,13,0,0,0,0,0,0,4,1,6,3,-1,-1,2720,2,10,-1,-1,-1
2015360093937,2,1,0,18,0,0,0,0,0,0,3,1,6,1,30,6,-1,-1,-1,-1,1,-1
2015360093950,1,3,0,18,0,0,0,0,0,0,3,1,6,1,27,6,124,1,2,-1,3,-1
2015360093950,2,9,0,18,0,0,0,0,0,0,3,1,6,2,53,8,1968,2,6,-1,3,-1
2015360093951,1,19,0,18,0,0,0,0,0,0,1,1,2,1,38,7,1248,2,8,-1,1,-1
2015360093983,1,9,0,11,0,0,0,0,0,0,4,1,6,3,-1,-1,-1,-1,-1,-1,-1,-1
2015360093983,2,3,0,18,0,0,0,10,0,0,3,1,2,1,25,5,125,1,-1,-1,1,-1
2015360093993,1,1,0,4,4,8,0,0,0,0,3,1,6,2,47,8,-1,-1,-1,-1,1,-1
2015360093993,2,9,0,7,0,5,0,0,0,0,0,1,6,3,-1,-1,-1,-1,-1,-1,-1,-1
2015360093996,1,9,0,17,0,0,2,0,7,10,1,1,6,1,20,4,1199,1,13,-1,3,-1
2015360094014,1,9,0,17,0,8,1,0,3,2,1,1,2,2,23,5,1108,1,12,-1,1,-1
2015360094014,2,9,0,10,0,1,0,0,1,4,3,1,2,2,18,4,1598,1,13,-1,1,-1
2015360094016,1,9,0,18,0,0,0,0,0,0,3,1,6,1,75,10,1582,2,3,-1,1,-1
2015360094018,1,17,0,9,0,8,0,0,0,0,1,1,1,1,55,8,6728,2,4,-1,3,-1
2015360094018,2,2,0,18,0,8,0,0,0,0,1,1,6,1,26,6,108,1,2,-1,3,-1
2015360094019,1,9,0,18,0,0,0,0,0,0,4,1,1,2,51,8,1753,2,9,-1,1,-1
2015360094020,1,17,4,16,0,7,0,0,0,0,3,1,6,3,-1,-1,-1,-1,-1,-1,-1,-1
2015360094020,2,9,0,17,0,8,0,0,0,0,3,1,6,1,74,10,2143,2,2,-1,1,-1
2015360094024,1,9,0,18,0,2,0,0,0,0,1,1,6,1,-1,-1,-1,-1,-1,-1,-1,-1
2015360094024,2,1,0,18,0,2,0,0,0,0,2,1,6,1,60,9,-1,-1,-1,-1,1,-1
2015360094027,1,5,0,16,0,0,0,0,0,0,3,1,6,1,54,8,1188,1,19,-1,3,-1
2015360094027,2,21,0,17,0,0,0,0,0,0,3,1,1,1,46,8,-1,2,12,-1,3,-1
2015360094031,1,9,0,12,0,1,5,0,0,0,3,1,6,2,24,5,2979,1,13,-1,1,-1
2015360094031,2,9,0,18,0,1,1,0,0,0,4,1,6,2,28,6,1910,2,8,-1,1,-1
2015360094031,3,9,0,3,0,1,0,0,0,0,2,1,6,1,68,10,2685,2,11,-1,1,-1
2015360094031,4,9,0,3,0,1,0,0,0,0,1,1,6,2,30,6,1199,2,4,-1,1,-1
2015360094037,1,9,0,5,0,6,0,0,0,0,1,1,1,2,38,7,-1,-1,-1,-1,1,-1
2015360094037,2,9,0,18,0,8,0,0,0,0,4,1,6,2,42,7,2389,1,17,-1,1,-1
2015360094038,1,5,0,13,0,0,0,0,7,10,1,1,6,1,44,7,999,1,4,-1,3,-1
2015360094038,2,9,0,16,0,0,0,0,0,0,0,1,1,1,48,8,2231,2,8,-1,3,-1
2015360094041,1,9,0,18,0,0,0,0,0,0,1,1,6,1,38,7,1896,2,14,-1,3,-1
2015360094043,1,9,0,17,0,0,1,0,0,0,3,1,6,1,57,9,-1,-1,-1,-1,-1,-1
2015360094043,2,9,0,16,0,0,0,0,1,0,3,1,6,1,48,8,1598,2,4,-1,2,-1
2015360094044,1,9,0,17,0,0,1,0,1,9,4,1,1,1,21,5,-1,-1,-1,-1,3,-1
2015360094052,1,9,0,4,0,1,0,0,0,0,1,1,2,1,23,5,1990,1,14,-1,3,-1
2015360094052,2,9,0,18,0,2,0,0,0,0,1,1,2,2,36,7,1753,2,5,-1,1,-1
2015360094052,3,9,0,3,0,1,0,0,0,0,0,1,2,2,29,6,1587,1,8,-1,1,-1
2015360094053,1,9,0,18,0,6,0,0,0,0,1,1,1,1,65,9,-1,-1,-1,-1,-1,-1
2015360094053,2,9,0,18,0,8,0,0,0,0,1,1,6,1,63,9,2179,2,2,-1,2,-1
2015360094053,3,9,0,18,0,8,0,0,0,0,1,1,6,2,28,6,-1,-1,-1,-1,2,-1
2015360094075,1,9,0,13,0,8,0,0,0,0,4,1,6,2,63,9,998,1,3,-1,1,-1
2015360094075,2,1,0,9,0,5,0,0,0,0,3,1,6,2,30,6,-1,-1,-1,-1,1,-1
2015360094084,1,9,0,16,0,0,0,0,0,0,1,1,6,2,19,4,1597,1,25,-1,1,-1
2015360094084,2,9,0,17,0,0,0,0,0,0,1,1,6,2,35,6,1560,2,5,-1,1,-1
2015360094085,1,9,0,18,0,0,1,0,1,0,1,1,6,1,27,6,1998,1,11,-1,2,-1
2015360094085,2,9,0,18,0,0,0,0,7,0,1,1,6,2,45,7,1995,2,3,-1,3,-1
2015360094090,1,9,0,18,0,8,0,0,0,0,1,1,6,1,33,6,1968,2,-1,-1,3,-1
2015360094090,2,9,0,9,0,6,0,0,0,0,3,1,6,1,47,8,1685,2,2,-1,3,-1
2015360094092,1,9,0,18,0,0,0,0,0,0,3,1,6,3,-1,-1,-1,-1,-1,-1,-1,-1
2015360094100,1,9,0,5,0,1,0,0,0,0,1,1,1,1,22,5,1596,1,4,-1,-1,-1
2015360094100,2,9,0,8,0,1,0,0,0,0,2,1,1,2,46,8,1398,1,2,-1,3,-1
2015360094105,1,9,0,4,0,0,0,0,0,0,1,1,6,2,35,6,1598,2,-1,-1,1,-1
2015360094105,2,9,0,3,0,0,0,0,0,0,2,1,6,1,32,6,2698,2,9,-1,1,-1
2015360094109,1,9,0,18,0,0,0,0,0,0,1,1,6,1,33,6,1796,1,11,-1,1,-1
2015360094109,2,1,0,18,9,0,0,0,0,0,4,1,6,1,18,4,-1,-1,-1,-1,1,-1
2015360094126,1,9,0,4,0,1,0,0,0,0,1,1,6,3,-1,-1,-1,-1,-1,-1,-1,-1
2015360094126,2,9,0,3,0,1,0,0,0,0,2,1,6,2,21,5,1598,1,5,-1,1,-1
2015360094156,1,9,0,13,0,1,0,0,0,0,1,1,6,1,30,6,1999,1,12,-1,1,-1
2015360094156,2,9,0,8,0,8,0,0,0,0,2,1,2,1,38,7,1598,1,12,-1,1,-1
2015360094159,1,9,0,16,0,0,0,0,0,0,1,1,2,2,49,8,1390,1,7,-1,3,-1
2015360094159,2,9,0,17,0,0,0,0,1,0,1,1,1,1,27,6,1399,2,5,-1,1,-1
2015360094160,1,9,0,10,0,8,0,0,0,0,2,1,6,2,44,7,1997,2,5,-1,3,-1
2015360094160,2,9,0,18,0,1,1,0,0,0,1,1,6,1,64,9,-1,-1,-1,-1,2,-1
2015360094162,1,9,0,9,0,5,0,0,0,0,3,1,6,1,22,5,1587,1,15,-1,1,-1
2015360094162,2,4,0,13,0,8,0,0,0,0,4,1,6,1,29,6,124,1,8,-1,1,-1
2015360094163,1,9,0,18,0,3,0,0,0,0,1,1,2,1,21,5,1995,2,10,-1,1,-1
2015360094163,2,9,0,4,0,1,0,0,0,0,3,1,2,2,60,9,1388,1,9,-1,3,-1
2015360094177,1,9,0,5,0,1,0,0,0,0,1,1,6,2,32,6,1461,2,1,-1,1,-1
2015360094178,1,9,0,18,0,0,0,0,0,0,1,1,6,1,24,5,-1,-1,-1,-1,3,-1
2015360094178,2,9,0,4,0,0,0,0,0,0,2,1,6,1,59,9,1560,2,9,-1,2,-1
2015360094178,3,9,0,4,0,0,0,0,0,0,2,1,6,1,68,10,1299,1,11,-1,2,-1
2015360094178,4,9,0,4,0,0,0,0,0,0,2,1,6,2,-1,-1,1896,2,14,-1,3,-1
2015360094178,5,9,0,18,0,0,0,10,1,0,4,1,6,1,35,6,1781,1,13,-1,3,-1
2015360094184,1,9,0,18,0,3,0,0,0,0,3,1,6,2,19,4,1149,1,13,-1,2,-1
2015360094184,2,9,0,18,0,3,0,0,0,0,4,1,6,1,21,5,1968,2,5,-1,1,-1
2015360094209,1,9,0,9,0,6,0,0,0,0,1,1,6,1,25,5,1794,1,14,-1,-1,-1
2015360094209,2,1,0,18,0,8,0,0,0,0,4,1,6,1,14,3,-1,-1,-1,-1,1,-1
2015360094212,1,9,0,18,0,0,0,0,0,0,1,1,6,2,65,9,1197,1,-1,-1,3,-1
2015360094212,2,9,0,18,0,0,0,0,0,0,1,1,6,1,64,9,1598,1,7,-1,2,-1
2015360094214,1,9,0,9,0,6,0,0,0,0,3,1,6,3,-1,-1,-1,-1,-1,-1,-1,-1
2015360094214,2,1,0,18,0,8,0,0,0,0,1,1,6,1,16,4,-1,-1,-1,-1,1,-1
2015360094219,1,9,0,9,0,5,1,0,0,0,1,1,6,1,60,9,1798,2,5,-1,2,-1
2015360094219,2,9,0,18,0,8,1,0,1,11,1,1,6,1,25,5,999,1,14,-1,3,-1
2015360094222,1,9,0,18,0,8,0,0,3,11,1,1,6,1,81,11,1910,2,8,-1,1,-1
2015360094222,2,9,0,9,0,8,0,0,0,0,1,1,6,2,18,4,1299,1,14,-1,1,-1
2015360094222,3,9,0,3,0,1,0,0,0,0,1,1,6,1,61,9,1396,1,12,-1,1,-1
2015360094224,1,4,0,18,0,0,0,0,0,0,3,1,6,1,50,8,449,1,9,-1,3,-1
2015360094224,2,4,0,18,0,0,0,0,0,0,4,1,6,1,45,7,450,1,7,-1,3,-1
2015360094227,1,9,0,18,0,0,5,0,1,3,1,1,2,1,40,7,1896,2,17,-1,3,-1
2015360094234,1,9,0,17,0,1,1,10,0,0,1,1,6,1,56,9,2000,1,11,-1,3,-1
2015360094234,2,9,0,18,0,2,0,0,0,0,1,1,6,1,56,9,2000,2,6,-1,3,-1
2015360094234,3,9,0,18,0,2,0,0,0,0,3,1,6,1,46,8,2143,2,4,-1,3,-1
2015360094241,1,9,0,12,0,0,0,0,0,0,4,1,6,3,-1,-1,1328,1,9,-1,-1,-1
2015360094241,2,9,0,3,0,0,0,0,0,0,2,1,6,1,46,8,1149,1,12,-1,1,-1
2015360094258,1,9,0,18,0,1,0,0,0,0,1,1,6,2,26,6,1299,1,14,-1,1,-1
2015360094258,2,3,0,10,0,8,0,0,0,0,2,1,6,1,20,4,124,1,-1,-1,1,-1
2015360094277,1,9,0,4,0,0,0,0,0,0,1,1,6,1,50,8,1798,1,8,-1,1,-1
2015360094277,2,9,0,4,0,0,0,0,0,0,2,1,6,2,45,7,1796,1,5,-1,1,-1
2015360094282,1,9,0,18,0,0,0,0,0,0,1,1,6,1,-1,-1,1997,2,3,-1,-1,-1
2015360094282,2,9,0,3,0,0,0,0,0,0,2,1,6,1,47,8,1975,1,5,-1,2,-1
2015360094289,1,9,0,18,0,2,1,10,7,11,3,1,2,1,25,5,1896,2,12,-1,2,-1
2015360094305,1,9,0,18,0,0,0,0,0,0,3,1,3,2,34,6,1595,1,14,-1,1,-1
2015360094313,1,9,0,1,0,0,0,0,0,0,2,1,6,1,-1,-1,1797,8,4,-1,-1,-1
2015360094313,2,1,0,18,0,0,0,0,0,0,3,1,6,2,20,4,-1,-1,-1,-1,1,-1
2015360094329,1,9,0,18,0,0,0,0,0,0,3,1,6,2,59,9,1598,1,-1,-1,3,-1
2015360094333,1,9,0,9,0,6,0,0,0,0,3,1,6,1,68,10,1362,1,2,-1,-1,-1
2015360094333,2,9,0,18,0,8,0,0,0,0,1,1,6,1,26,6,1332,1,16,-1,1,-1
2015360094335,1,9,0,4,0,1,0,0,0,0,1,1,6,2,58,9,998,1,18,-1,1,-1
2015360094335,2,9,0,4,0,1,0,0,0,0,2,1,6,1,44,7,2993,2,1,-1,-1,-1
2015360094336,1,21,0,18,0,0,0,11,0,0,0,1,1,3,-1,-1,-1,-1,-1,-1,-1,-1
2015360094336,2,9,0,18,0,0,0,11,0,0,4,1,1,1,43,7,998,1,-1,-1,3,-1
2015360094362,1,9,0,18,0,0,0,0,1,4,1,1,6,1,59,9,1598,1,18,-1,1,-1
2015360094363,1,9,0,15,0,0,0,0,0,0,1,1,6,2,80,11,1753,2,11,-1,3,-1
2015360094363,2,9,0,2,0,0,0,0,0,0,2,1,6,1,53,8,1905,2,20,-1,1,-1
2015360094369,1,9,0,9,0,6,0,0,0,0,3,1,6,1,30,6,698,1,11,-1,1,-1
2015360094369,2,19,0,18,0,8,0,0,0,0,1,1,6,1,48,8,2198,2,7,-1,1,-1
2015360094372,1,9,0,18,0,8,1,0,0,0,1,1,1,1,60,9,1598,1,4,-1,1,-1
2015360094372,2,9,0,5,0,5,0,7,7,1,1,1,6,2,45,7,-1,-1,-1,-1,2,-1
2015360094373,1,9,0,17,0,0,5,0,1,3,1,1,6,1,20,4,2000,1,15,-1,1,-1
2015360094376,1,9,0,9,0,6,0,0,0,0,1,1,1,1,19,4,1149,1,13,-1,3,-1
2015360094376,2,9,0,18,0,8,0,0,0,0,1,1,1,2,19,4,-1,-1,-1,-1,3,-1
2015360094379,1,9,0,9,0,6,0,0,0,0,4,1,6,1,30,6,1997,2,5,-1,1,-1
2015360094379,2,1,0,18,9,8,0,0,0,0,1,1,4,1,16,4,-1,-1,-1,-1,1,-1
2015360094383,1,21,1,18,0,0,0,0,0,0,4,1,1,1,44,7,10837,2,2,-1,1,-1
2015360094383,2,1,0,18,0,0,0,0,0,0,3,1,6,1,52,8,-1,-1,-1,-1,3,-1
2015360094386,1,9,0,9,0,6,0,0,0,0,3,1,1,2,30,6,1396,1,14,-1,3,-1
2015360094386,2,2,0,18,0,8,1,0,0,0,1,1,1,1,17,4,49,1,11,-1,2,-1
2015360094389,1,19,0,9,0,6,0,0,0,0,3,1,6,1,45,7,1598,2,-1,-1,1,-1
2015360094389,2,5,0,18,0,8,0,0,0,0,1,1,6,1,41,7,599,1,12,-1,1,-1
2015360094390,1,19,0,9,0,6,0,0,0,0,3,1,2,1,47,8,1868,2,16,-1,1,-1
2015360094390,2,2,0,18,0,8,0,0,0,0,1,1,6,1,22,5,108,1,-1,-1,1,-1
2015360094391,1,9,0,5,0,0,0,0,0,0,1,1,2,1,32,6,1997,2,14,-1,2,-1
2015360094391,2,5,0,3,0,0,0,0,0,0,2,1,6,1,63,9,1000,1,36,-1,3,-1
2015360094393,1,9,0,18,0,8,0,0,0,0,1,1,6,2,65,9,1499,1,-1,-1,2,-1
2015360094393,2,9,0,3,0,1,0,0,0,0,3,1,6,1,58,9,998,1,5,-1,3,-1
2015360094393,3,9,0,5,0,6,0,0,1,0,1,1,6,1,56,9,3950,1,20,-1,1,-1
2015360094401,1,9,0,7,0,3,0,0,0,0,4,1,6,1,20,4,1560,2,1,-1,1,-1
2015360094401,2,1,0,7,0,3,0,0,0,0,1,1,6,2,47,8,-1,-1,-1,-1,1,-1
2015360094405,1,9,0,18,0,0,0,0,7,4,1,1,6,1,72,10,1398,2,1,-1,3,-1
2015360094409,1,9,0,18,0,0,1,0,0,0,1,1,6,1,19,4,1199,1,13,-1,3,-1
2015360094409,2,9,0,18,0,0,0,0,0,0,1,1,6,1,46,8,1590,1,11,-1,3,-1
2015360094413,1,9,0,18,0,6,0,0,7,10,4,1,6,1,29,6,1910,2,8,-1,2,-1
2015360094413,2,9,0,18,0,8,0,0,0,0,1,1,6,1,70,10,2982,2,9,-1,3,-1
2015360094419,1,19,0,9,0,5,0,0,0,0,1,1,1,1,44,7,2299,2,-1,-1,1,-1
2015360094419,2,1,0,18,0,8,0,0,0,0,3,1,2,1,41,7,-1,-1,-1,-1,1,-1
2015360094430,1,9,0,9,0,6,0,0,0,0,3,1,2,1,27,6,1986,2,8,-1,1,-1
2015360094430,2,5,0,14,0,8,0,0,0,0,1,1,2,1,20,4,-1,-1,-1,-1,1,-1
2015360094442,1,9,0,18,0,1,0,0,0,0,1,1,6,1,52,8,4554,1,20,-1,3,-1
2015360094442,2,9,0,3,0,1,0,0,0,0,2,1,6,1,22,5,1753,2,12,-1,2,-1
2015360094446,1,9,0,7,0,5,0,0,1,11,4,1,6,1,22,5,1998,2,12,-1,1,-1
2015360094446,2,9,0,18,0,8,0,0,1,11,1,1,6,2,27,6,1229,1,10,-1,3,-1
2015360094464,1,9,0,18,0,0,0,0,0,0,1,1,6,3,-1,-1,-1,-1,-1,-1,-1,-1
2015360094464,2,9,0,2,0,0,0,0,0,0,0,1,6,2,26,6,899,1,2,-1,3,-1
2015360094468,1,9,0,18,0,0,0,0,0,0,1,1,6,1,73,10,1997,1,14,-1,2,-1
2015360094468,2,19,0,18,0,0,0,0,1,9,1,1,1,1,55,8,1995,2,2,-1,2,-1
2015360094480,1,9,0,7,0,5,0,0,0,0,3,1,6,1,30,6,1598,1,14,-1,1,-1
2015360094480,2,9,0,9,0,6,0,0,0,0,4,1,6,1,30,6,1896,2,11,-1,1,-1
2015360094502,1,9,0,18,0,0,0,0,0,0,1,1,6,1,40,7,998,1,6,-1,1,-1
2015360094502,2,1,0,18,0,0,0,0,0,0,2,1,6,1,35,6,-1,-1,-1,-1,1,-1
2015360094518,1,9,0,13,0,0,0,0,0,0,4,1,6,3,-1,-1,-1,-1,-1,-1,-1,-1
2015360094518,2,1,0,18,0,0,1,10,1,0,3,1,6,1,15,3,-1,-1,-1,-1,1,-1
2015360094519,1,98,1,18,0,8,0,0,0,0,1,1,1,1,-1,-1,-1,-1,-1,-1,-1,-1
2015360094519,2,9,0,18,0,7,1,0,1,0,2,1,1,2,35,6,1242,1,5,-1,2,-1
2015360094522,1,9,0,16,0,0,2,0,7,4,1,1,3,2,37,7,1587,1,11,-1,3,-1
2015360094527,1,1,0,18,9,1,0,0,0,0,1,1,2,1,33,6,-1,-1,-1,-1,1,-1
2015360094527,2,9,0,7,0,3,0,0,0,0,4,1,2,2,57,9,998,1,-1,-1,2,-1
2015360094528,1,9,0,18,0,1,0,0,0,0,1,1,6,1,31,6,1461,2,5,-1,1,-1
2015360094528,2,9,0,9,0,6,0,0,0,0,3,1,6,2,67,10,1798,1,12,-1,1,-1
2015360094533,1,9,0,9,0,6,0,0,0,0,1,1,1,2,35,6,2148,2,10,-1,1,-1
2015360094533,2,3,0,18,0,8,0,0,0,0,1,1,1,1,58,9,98,1,27,-1,1,-1
2015360094538,1,9,0,9,0,6,1,0,0,0,4,1,6,1,35,6,1997,1,15,-1,1,-1
2015360094538,2,9,0,18,0,8,0,0,7,4,1,1,6,2,44,7,1598,1,6,-1,3,-1
2015360094539,1,9,0,7,0,2,0,0,0,0,3,1,6,3,-1,-1,-1,-1,-1,-1,-1,-1
2015360094539,2,1,0,7,0,2,0,0,0,0,4,1,4,2,11,3,-1,-1,-1,-1,1,-1
2015360094540,1,9,0,18,0,0,0,0,0,0,1,1,1,2,22,5,875,1,1,-1,3,-1
2015360094540,2,1,0,18,0,0,0,0,0,0,2,1,6,1,41,7,-1,-1,-1,-1,1,-1
2015360094546,1,19,0,9,0,6,0,0,0,0,1,1,1,1,40,7,1560,2,-1,-1,1,-1
2015360094546,2,9,0,18,0,8,0,0,0,0,3,1,2,2,30,6,1398,2,8,-1,2,-1
2015360094548,1,9,0,16,0,0,0,0,0,0,1,1,2,1,28,6,1396,1,12,-1,2,-1
2015360094548,2,9,0,17,0,0,0,0,0,0,3,1,1,1,37,7,1560,2,1,-1,2,-1
2015360094552,1,9,0,5,0,6,0,0,0,0,4,1,6,1,40,7,1598,1,6,-1,3,-1
2015360094552,2,3,0,18,0,8,0,0,0,0,1,1,6,1,17,4,124,1,4,-1,2,-1
2015360094567,1,9,0,9,0,6,0,0,0,0,1,1,6,1,39,7,1461,2,6,-1,3,-1
2015360094567,2,1,0,18,0,8,0,0,0,0,4,1,2,2,18,4,-1,-1,-1,-1,3,-1
2015360094568,1,9,0,16,0,0,2,0,7,4,1,1,2,1,50,8,1995,2,11,-1,1,-1
2015360094570,1,9,0,9,0,8,0,0,0,0,1,1,6,1,-1,-1,-1,-1,-1,-1,-1,-1
2015360094570,2,1,0,18,0,8,0,0,0,0,4,1,6,2,26,6,-1,-1,-1,-1,1,-1
2015360094571,1,9,0,7,0,2,0,0,0,0,4,1,6,1,60,9,1798,1,13,-1,1,-1
2015360094571,2,1,0,18,9,1,0,0,0,0,1,1,6,1,18,4,-1,-1,-1,-1,1,-1
2015360094574,1,9,0,4,0,0,0,0,0,0,4,1,2,1,56,9,1783,1,15,-1,-1,-1
2015360094576,1,1,0,18,0,0,0,0,0,0,1,1,6,2,53,8,-1,-1,-1,-1,1,-1
2015360094578,1,1,0,18,0,6,0,0,0,0,3,1,6,2,21,5,-1,-1,-1,-1,1,-1
2015360094578,2,9,0,18,0,8,0,0,0,0,1,1,1,1,66,10,1910,2,7,-1,3,-1
2015360094582,1,9,0,13,0,0,2,0,1,4,2,1,1,1,41,7,5935,1,8,-1,2,-1
2015360094582,2,21,0,18,0,0,0,0,0,0,3,1,1,1,30,6,9290,2,5,-1,1,-1
2015360094583,1,9,0,7,0,6,0,0,0,0,4,1,6,2,63,9,1591,1,1,-1,2,-1
2015360094585,1,9,0,18,0,0,1,0,0,0,3,1,6,2,28,6,1242,1,4,-1,3,-1
2015360094585,2,9,0,18,0,0,5,0,1,9,3,1,6,1,44,7,1999,1,13,-1,3,-1
2015360094600,1,9,0,13,0,0,0,0,7,1,1,1,2,1,47,8,1997,2,-1,-1,1,-1
2015360094600,2,20,0,17,0,0,0,0,0,0,0,1,2,1,24,5,-1,-1,-1,-1,3,-1
2015360094610,1,9,0,5,0,6,0,0,0,0,3,1,6,2,53,8,1399,2,11,-1,1,-1
2015360094610,2,9,0,18,0,8,0,0,0,0,1,1,6,2,49,8,1686,2,-1,-1,3,-1
2015360094610,3,9,0,18,0,8,0,0,0,0,0,1,2,1,52,8,998,1,3,-1,1,-1
2015360094615,1,1,0,18,0,8,0,0,0,0,1,1,6,1,19,4,-1,-1,-1,-1,-1,-1
2015360094615,2,9,0,9,0,5,0,0,0,0,4,1,6,1,21,5,1896,2,14,-1,-1,-1
2015360094617,1,9,4,18,0,0,0,0,0,0,1,1,6,1,75,10,1910,2,8,-1,1,-1
2015360094617,2,20,0,18,0,0,2,0,7,9,1,1,1,1,54,8,5193,2,2,-1,-1,-1
2015360094617,3,9,0,18,0,0,5,0,1,9,1,1,6,2,48,8,995,1,5,-1,1,-1
2015360094617,4,9,0,18,0,0,0,0,0,0,1,1,6,1,22,5,1995,2,9,-1,3,-1
2015360094618,1,90,0,18,0,0,1,0,0,0,1,1,1,2,47,8,2198,2,1,-1,1,-1
2015360094618,2,9,0,4,0,0,0,0,0,0,2,1,1,1,39,7,1956,2,4,-1,1,-1
2015360094618,3,9,0,4,0,0,0,0,0,0,2,1,6,2,40,7,1461,2,5,-1,1,-1
2015360094618,4,9,0,4,0,0,0,0,0,0,2,1,6,1,60,9,1998,1,13,-1,1,-1
2015360094620,1,9,0,9,0,1,0,0,0,0,1,1,1,1,21,5,1242,1,14,-1,1,-1
2015360094620,2,1,0,10,0,1,0,0,0,0,1,1,6,1,43,7,-1,-1,-1,-1,1,-1
2015360094624,1,21,1,7,0,5,0,0,0,0,1,1,1,1,28,6,12777,2,5,-1,-1,-1
2015360094624,2,9,0,18,0,8,0,0,0,0,2,1,2,2,58,9,1896,2,7,-1,3,-1
2015360094630,1,9,0,4,0,0,0,0,0,0,1,1,6,1,-1,-1,1596,1,1,-1,-1,-1
2015360094630,2,9,0,4,0,0,0,0,0,0,2,1,6,1,74,10,1198,1,8,-1,3,-1
2015360094630,3,9,0,4,0,0,0,0,0,0,2,1,6,1,62,9,1560,2,7,-1,-1,-1
2015360094631,1,9,0,13,0,0,0,0,0,0,2,1,1,1,44,7,2148,2,6,-1,3,-1
2015360094631,2,4,0,18,0,0,1,0,0,0,1,1,6,1,53,8,278,1,-1,-1,1,-1