Accident_Index,Vehicle_Reference,Vehicle_Type,Towing_and_Articulation,Vehicle_Manoeuvre,Vehicle_Location-Restricted_Lane,Junction_Location,Skidding_and_Overturning,Hit_Object_in_Carriageway,Vehicle_Leaving_Carriageway,Hit_Object_off_Carriageway,1st_Point_of_Impact,Was_Vehicle_Left_Hand_Drive?,Journey_Purpose_of_Driver,Sex_of_Driver,Age_of_Driver,Age_Band_of_Driver,Engine_Capacity_(CC),Propulsion_Code,Age_of_Vehicle,Driver_IMD_Decile,Driver_Home_Area_Type,Vehicle_IMD_Decile
2015360094632,1,9,0,18,0,8,0,0,4,6,1,1,6,2,28,6,1364,1,6,-1,3,-1
2015360094632,2,9,0,9,0,6,0,0,0,0,3,1,6,2,21,5,1598,1,11,-1,1,-1
2015360094638,1,9,0,18,0,0,0,0,0,0,1,1,6,2,23,5,1242,1,3,-1,1,-1
2015360094638,2,9,0,18,0,0,0,0,0,0,1,1,6,2,74,10,1398,1,-1,-1,1,-1
2015360094640,1,9,0,16,0,0,0,0,7,10,1,1,6,1,58,9,1400,1,9,-1,1,-1
2015360094645,1,9,0,16,0,0,1,0,0,0,3,1,1,2,19,4,999,1,12,-1,2,-1
2015360094645,2,9,0,17,0,0,1,0,0,0,3,1,6,2,22,5,1242,1,16,-1,2,-1
2015360094647,1,9,0,13,0,8,0,0,0,0,1,1,6,2,80,11,1198,1,8,-1,3,-1
2015360094647,2,9,0,9,0,5,0,0,0,0,3,1,6,2,65,9,1229,1,8,-1,2,-1
2015360094653,1,9,0,5,0,6,0,0,0,0,4,1,6,1,62,9,1584,1,13,-1,1,-1
2015360094653,2,9,0,18,0,8,0,0,0,0,1,1,2,1,23,5,1396,1,15,-1,1,-1
2015360094653,3,9,0,3,0,1,0,0,0,0,1,1,2,2,25,5,1598,1,8,-1,1,-1
2015360094655,1,9,0,9,0,6,0,0,0,0,3,1,6,2,20,4,1397,1,8,-1,2,-1
2015360094655,2,9,0,18,0,8,0,0,0,0,1,1,6,1,73,10,2286,1,-1,-1,2,-1
2015360094662,1,9,0,18,0,0,0,4,0,0,1,1,6,2,55,8,1198,1,9,-1,3,-1
2015360094662,2,9,0,2,0,0,0,0,0,0,2,1,6,3,-1,-1,1753,2,9,-1,3,-1
2015360094666,1,9,0,18,0,0,0,0,0,0,4,1,6,1,63,9,1560,2,-1,-1,-1,-1
2015360094667,1,19,0,1,0,0,0,0,0,0,2,1,1,1,-1,-1,1248,2,1,-1,-1,-1
2015360094667,2,3,0,3,0,0,0,0,0,0,1,1,2,2,23,5,124,1,1,-1,1,-1
2015360094671,1,11,0,18,0,0,0,0,0,0,4,1,1,3,-1,-1,-1,-1,-1,-1,-1,-1
2015360094677,1,9,0,9,0,5,0,0,0,0,4,1,6,1,83,11,1339,1,4,-1,1,-1
2015360094680,1,9,0,18,0,6,0,0,0,0,1,1,1,1,25,5,-1,-1,-1,-1,1,-1
2015360094680,2,5,0,5,0,8,0,0,0,0,1,1,2,1,55,8,599,1,5,-1,2,-1
2015360094681,1,9,0,18,0,0,0,4,0,0,1,1,6,3,-1,-1,-1,-1,-1,-1,-1,-1
2015360094681,2,9,0,2,0,0,0,0,0,0,3,1,6,1,43,7,-1,-1,-1,-1,-1,-1
2015360094700,1,9,0,9,0,6,0,0,0,0,1,1,2,1,42,7,-1,-1,-1,-1,1,-1
2015360094700,2,9,0,9,0,5,0,0,0,0,3,1,6,2,52,8,1598,1,9,-1,2,-1
2015360094710,1,9,0,9,0,5,0,0,0,0,1,1,6,1,28,6,1149,1,14,-1,1,-1
2015360094710,2,9,0,18,0,8,0,0,0,0,1,1,6,2,60,9,1399,2,12,-1,2,-1
2015360094714,1,11,0,4,0,1,0,0,0,0,1,1,1,1,53,8,9360,2,7,-1,1,-1
2015360094714,2,9,0,4,0,1,0,0,1,0,2,1,6,2,20,4,1242,1,8,-1,1,-1
2015360094714,3,9,0,4,0,1,0,0,0,0,2,1,6,2,59,9,1896,2,8,-1,3,-1
2015360094716,1,9,0,9,0,5,0,0,0,0,3,1,6,2,71,10,1360,1,6,-1,1,-1
2015360094726,1,9,0,18,0,0,0,0,0,0,4,1,6,1,50,8,1598,2,2,-1,1,-1
2015360094732,1,9,0,9,0,5,0,0,0,0,3,1,6,2,33,6,1598,1,13,-1,1,-1
2015360094732,2,3,0,13,0,8,0,0,0,0,1,1,6,1,16,4,-1,-1,-1,-1,1,-1
2015360094735,1,9,0,9,0,6,0,0,0,0,3,1,6,2,44,7,998,1,8,-1,2,-1
2015360094735,2,3,0,18,0,8,0,0,0,0,4,1,6,1,18,4,125,1,4,-1,2,-1
2015360094737,1,9,0,9,0,6,0,0,0,0,1,1,6,2,68,10,1461,2,8,-1,1,-1
2015360094741,1,21,0,18,0,1,0,0,0,0,1,1,1,1,64,9,-1,-1,-1,-1,3,-1
2015360094741,2,9,0,3,0,1,0,0,0,0,2,1,6,2,53,8,1586,1,9,-1,1,-1
2015360094741,3,9,0,3,0,1,0,0,0,0,2,1,6,2,53,8,1240,1,12,-1,3,-1
2015360094741,4,9,0,10,0,8,0,0,0,0,2,1,6,1,43,7,1560,2,3,-1,1,-1
2015360094744,1,9,0,4,0,0,0,0,0,0,1,1,6,1,23,5,1229,1,9,-1,1,-1
2015360094744,2,9,0,3,0,0,0,0,0,0,2,1,6,2,55,8,1398,2,13,-1,1,-1
2015360094748,1,8,0,17,0,1,0,0,0,0,4,1,1,1,56,9,1997,2,1,-1,3,-1
2015360094750,1,9,0,9,0,5,0,0,0,0,1,1,6,1,43,7,1896,2,12,-1,-1,-1
2015360094750,2,5,0,7,0,5,1,0,0,0,3,1,6,1,50,8,599,1,13,-1,1,-1
2015360094756,1,9,0,18,0,8,1,0,0,0,1,1,6,1,26,6,1390,1,7,-1,3,-1
2015360094756,2,9,0,3,0,8,0,0,0,0,2,1,6,1,52,8,1198,1,-1,-1,3,-1
2015360094756,3,9,0,3,0,8,0,0,0,0,2,1,6,2,20,4,1229,1,3,-1,1,-1
2015360094758,1,9,0,18,0,1,1,0,7,0,1,1,6,1,36,7,1753,2,9,-1,3,-1
2015360094758,2,19,0,4,0,1,0,0,0,0,2,1,1,1,36,7,1560,2,1,-1,1,-1
2015360094758,3,9,0,10,0,8,0,0,0,0,2,1,6,1,57,9,1598,1,2,-1,2,-1
2015360094758,4,9,0,18,0,2,5,0,1,0,1,1,1,1,50,8,1995,2,1,-1,3,-1
2015360094764,1,11,0,5,0,6,0,0,0,0,1,1,1,1,39,7,6374,2,10,-1,1,-1
2015360094764,2,9,0,18,0,8,0,0,0,0,3,1,6,2,54,8,1398,1,-1,-1,2,-1
2015360094780,1,9,0,18,0,0,0,0,0,0,4,1,6,3,-1,-1,-1,-1,-1,-1,-1,-1
2015360094781,1,9,0,9,0,5,0,0,0,0,1,1,2,1,19,4,1200,1,-1,-1,1,-1
2015360094781,2,1,0,18,4,8,0,0,0,0,3,1,2,1,23,5,-1,-1,-1,-1,1,-1
2015360094783,1,9,0,7,0,6,0,0,0,0,1,1,6,1,35,6,1599,1,13,-1,1,-1
2015360094783,2,10,0,18,0,8,0,0,0,0,3,1,1,2,46,8,2496,2,15,-1,-1,-1
2015360094784,1,9,0,9,0,6,0,0,0,0,3,1,6,2,39,7,1248,1,3,-1,1,-1
2015360094784,2,1,0,18,0,8,0,0,0,0,1,1,6,1,30,6,-1,-1,-1,-1,-1,-1
2015360094786,1,3,0,4,0,4,1,0,0,0,4,1,6,1,17,4,124,1,4,-1,2,-1
2015360094788,1,9,0,18,0,1,0,0,0,0,3,1,6,2,75,10,1242,1,6,-1,1,-1
2015360094788,2,9,0,18,0,2,0,0,0,0,3,1,6,1,33,6,1995,2,7,-1,1,-1
2015360094790,1,9,0,6,0,0,0,0,0,0,4,1,6,1,25,5,1905,2,16,-1,-1,-1
2015360094790,2,9,0,18,0,0,0,0,0,0,1,1,2,1,63,9,1968,2,4,-1,1,-1
2015360094790,3,9,0,4,0,0,0,0,0,0,1,1,6,2,20,4,1396,1,-1,-1,3,-1
2015360094790,4,9,0,3,0,0,0,0,0,0,2,1,6,2,37,7,1390,1,7,-1,3,-1
2015360094790,5,9,0,3,0,0,0,0,0,0,2,1,6,2,35,6,1999,1,10,-1,1,-1
2015360094795,1,9,0,9,0,6,0,0,0,0,1,1,6,1,26,6,2495,2,12,-1,1,-1
2015360094795,2,9,0,18,0,8,0,0,0,0,4,1,6,2,24,5,1124,1,15,-1,3,-1
2015360094809,1,9,0,18,0,4,0,0,0,0,1,1,2,2,72,10,1956,2,2,-1,3,-1
2015360094809,2,9,0,18,0,8,0,0,0,0,4,1,2,2,45,7,1240,1,10,-1,1,-1
2015360094834,1,9,0,18,0,8,0,0,0,0,3,1,6,2,46,8,-1,-1,-1,-1,1,-1
2015360094834,2,5,0,18,0,8,0,0,0,0,1,1,6,1,40,7,899,1,15,-1,1,-1
2015360094847,1,9,0,18,0,1,0,0,0,0,3,1,6,1,20,4,1560,2,5,-1,-1,-1
2015360094848,1,9,0,9,0,6,0,0,0,0,3,1,6,1,50,8,1590,1,13,-1,1,-1
2015360094848,2,4,0,18,0,8,0,0,0,0,1,1,6,1,25,5,180,1,15,-1,1,-1
2015360094895,1,9,0,18,0,0,0,0,0,0,1,1,6,1,22,5,1796,1,12,-1,1,-1
2015360094895,2,1,0,18,0,0,0,0,0,0,2,1,6,1,28,6,-1,-1,-1,-1,1,-1
2015360094897,1,1,0,18,0,0,0,0,0,0,2,1,2,1,18,4,-1,-1,-1,-1,2,-1
2015360094897,2,9,0,18,0,0,1,0,0,0,4,1,6,1,40,7,1796,1,13,-1,2,-1
2015360094900,1,9,0,12,0,8,0,0,0,0,1,1,1,1,36,7,1956,2,6,-1,1,-1
2015360094900,2,3,0,13,0,8,0,0,0,0,4,1,1,1,52,8,124,1,18,-1,1,-1
2015360094904,1,9,0,9,0,5,0,0,0,0,1,1,6,2,37,7,-1,-1,-1,-1,3,-1
2015360094904,2,3,0,3,0,1,0,0,0,0,1,1,1,1,55,8,278,1,5,-1,1,-1
2015360094922,1,8,0,13,0,0,0,0,0,0,4,1,1,1,-1,-1,-1,-1,-1,-1,-1,-1
2015360094922,2,1,0,18,0,0,0,0,0,0,1,1,2,1,19,4,-1,-1,-1,-1,1,-1
2015360094939,1,19,0,13,0,0,0,0,0,0,0,1,6,3,-1,-1,-1,-1,-1,-1,-1,-1
2015360094939,2,1,0,18,0,0,0,0,0,0,4,1,6,1,43,7,-1,-1,-1,-1,3,-1
2015360094946,1,9,0,3,0,0,0,0,0,0,2,1,2,1,66,10,2148,2,7,-1,3,-1
2015360094946,2,9,0,18,0,0,0,0,0,0,1,1,2,2,19,4,1390,1,15,-1,3,-1
2015360094950,1,9,0,7,0,5,0,0,0,0,4,1,6,1,78,11,1596,1,14,-1,3,-1
2015360094950,2,1,0,17,0,8,0,0,1,0,3,1,6,1,53,8,-1,-1,-1,-1,3,-1
2015360094953,1,21,1,16,0,1,5,0,0,0,3,1,1,1,45,7,10837,2,2,-1,-1,-1
2015360094968,1,21,0,18,0,0,0,0,0,0,1,1,1,1,57,9,5193,2,2,-1,1,-1
2015360094968,2,17,0,18,0,0,0,0,0,0,2,1,1,1,69,10,4400,2,2,-1,3,-1
2015360094978,1,9,0,18,0,4,0,0,0,0,1,1,6,3,-1,-1,1598,1,2,-1,-1,-1
2015360094978,2,9,0,5,0,6,0,0,0,0,2,1,6,2,55,8,-1,-1,-1,-1,3,-1
2015360094991,1,19,0,18,0,0,0,4,0,0,1,1,1,1,28,6,2143,2,2,-1,2,-1
2015360094991,2,9,0,2,0,0,0,0,1,10,2,1,6,2,68,10,1587,1,9,-1,2,-1
2015360094994,1,9,0,1,0,5,0,0,0,0,2,1,2,1,52,8,2204,2,8,-1,-1,-1
2015360094996,1,9,0,18,0,0,0,0,0,0,1,1,6,1,21,5,1596,1,13,-1,1,-1
2015360094996,2,9,0,18,0,0,0,0,0,0,2,1,6,2,53,8,1956,2,4,-1,1,-1
2015360095032,1,9,0,18,0,0,0,0,0,0,1,1,6,1,22,5,1242,1,11,-1,2,-1
2015360095032,2,9,0,3,0,0,0,0,0,0,2,1,1,2,28,6,1242,1,9,-1,2,-1
2015360095038,1,9,0,18,0,0,0,0,0,0,1,1,6,1,76,11,1995,2,13,-1,1,-1
2015360095038,2,9,0,2,0,0,0,0,0,0,2,1,6,1,71,10,2993,2,5,-1,1,-1
2015360095041,1,19,0,16,0,0,0,0,0,0,1,1,1,1,36,7,1870,2,13,-1,2,-1
2015360095041,2,11,0,17,0,0,0,0,0,0,1,1,1,1,63,9,11630,2,15,-1,1,-1
2015360095049,1,19,0,9,0,5,0,0,0,0,4,1,1,1,21,5,2143,2,2,-1,1,-1
2015360095049,2,5,0,18,0,8,1,0,0,0,1,1,6,1,47,8,599,1,11,-1,-1,-1
2015360095053,1,9,0,12,0,0,5,0,1,9,3,1,6,2,30,6,1796,1,7,-1,1,-1
2015360095053,2,9,0,18,0,0,0,0,0,0,4,1,6,2,47,8,2521,1,12,-1,1,-1
2015360095053,3,17,4,18,0,0,0,0,0,0,0,1,6,1,63,9,-1,2,20,-1,3,-1
2015360095057,1,9,0,18,0,0,0,0,0,0,1,1,6,2,27,6,1598,2,3,-1,2,-1
2015360095057,2,9,0,3,0,0,0,0,0,0,2,1,2,2,22,5,1390,1,7,-1,1,-1
2015360095062,1,21,0,13,0,8,0,0,0,0,4,1,1,1,64,9,12580,2,10,-1,3,-1
2015360095062,2,9,0,9,0,5,0,0,0,0,1,1,1,1,43,7,1560,2,2,-1,1,-1
2015360095062,3,9,0,2,0,1,0,0,1,0,3,1,6,3,-1,-1,1796,1,13,-1,-1,-1
2015360095068,1,9,0,9,0,5,0,0,0,0,1,1,6,3,-1,-1,1586,1,6,-1,-1,-1
2015360095068,2,1,0,18,0,8,0,0,0,0,1,1,6,1,31,6,-1,-1,-1,-1,1,-1
2015360095070,1,17,4,7,0,6,0,0,0,0,1,1,1,1,59,9,6728,2,-1,-1,3,-1
2015360095070,2,9,0,9,0,5,0,0,0,0,1,1,6,2,60,9,1994,1,10,-1,3,-1
2015360095071,1,9,0,18,0,0,1,0,0,0,1,1,6,1,29,6,1299,1,17,-1,1,-1
2015360095071,2,1,0,18,4,0,0,0,0,0,1,1,6,1,66,10,-1,-1,-1,-1,1,-1
2015360095072,1,9,0,9,0,6,0,0,0,0,3,1,6,2,43,7,1951,2,9,-1,1,-1
2015360095072,2,2,0,18,0,8,0,0,0,0,1,1,6,2,44,7,49,1,6,-1,3,-1
2015360095086,1,9,0,18,0,0,0,0,0,0,3,1,6,1,38,7,1598,1,11,-1,3,-1
2015360095086,2,9,0,18,0,0,0,0,0,0,3,1,6,1,25,5,1968,2,10,-1,3,-1
2015360095094,1,9,0,6,0,0,0,0,0,0,1,1,6,1,70,10,1360,1,16,-1,1,-1
2015360095094,2,3,0,18,0,0,1,0,1,4,1,1,6,1,19,4,124,1,5,-1,1,-1
2015360095097,1,3,0,18,0,0,0,10,0,0,4,1,6,1,19,4,125,1,8,-1,3,-1
2015360095097,2,9,0,13,0,0,0,0,0,0,0,1,6,3,-1,-1,-1,-1,-1,-1,-1,-1
2015360095098,1,9,0,16,0,0,0,0,7,4,1,1,2,2,32,6,1996,1,15,-1,3,-1
2015360095100,1,9,0,18,0,2,0,0,0,0,1,1,6,3,-1,-1,-1,-1,-1,-1,-1,-1
2015360095103,1,9,0,18,0,0,0,0,0,0,4,1,6,1,44,7,1240,1,7,-1,3,-1
2015360095103,2,1,0,18,0,0,0,0,0,0,2,1,6,1,44,7,-1,-1,-1,-1,3,-1
2015360095106,1,1,0,18,0,8,0,0,7,0,4,1,1,1,44,7,-1,-1,-1,-1,3,-1
2015360095106,2,9,0,5,0,4,0,0,0,0,3,1,1,2,57,9,996,1,1,-1,2,-1
2015360095109,1,9,0,9,0,5,0,0,0,0,1,1,6,2,55,8,1149,1,5,-1,1,-1
2015360095109,2,9,0,18,0,8,0,0,0,0,1,1,6,1,36,7,1598,1,13,-1,1,-1
2015360095118,1,9,0,16,0,0,1,0,0,0,1,1,6,1,40,7,1598,1,14,-1,1,-1
2015360095118,2,9,0,17,0,0,0,0,0,0,1,1,6,2,18,4,1560,2,7,-1,3,-1
2015360095123,1,98,0,16,0,0,0,0,0,0,3,1,6,3,-1,-1,-1,-1,-1,-1,-1,-1
2015360095123,2,11,0,17,0,0,0,0,0,0,3,1,1,1,54,8,9000,2,12,-1,2,-1
2015360095129,1,9,0,13,0,8,1,0,7,0,4,1,6,1,21,5,1242,1,16,-1,2,-1
2015360095129,2,19,0,9,0,5,0,0,0,0,3,1,1,1,33,6,2198,2,2,-1,-1,-1
2015360095140,1,9,0,7,0,2,0,0,0,0,3,1,6,1,20,4,1796,1,12,-1,1,-1
2015360095140,2,3,0,17,0,1,0,0,0,0,1,1,6,1,20,4,108,1,1,-1,2,-1
2015360095145,1,9,0,18,0,0,1,12,7,0,1,1,2,2,34,6,1598,1,11,-1,2,-1
2015360095157,1,9,0,9,0,8,0,0,0,0,4,1,6,1,76,11,1968,2,7,-1,-1,-1
2015360095157,2,9,0,18,0,8,0,0,0,0,1,1,6,2,29,6,2184,2,11,-1,1,-1
2015360095159,1,9,0,6,0,0,0,0,0,0,1,1,6,1,40,7,1968,2,2,-1,-1,-1
2015360095159,2,9,0,18,0,0,0,0,0,0,3,1,6,2,37,7,1086,1,6,-1,1,-1
2015360095165,1,19,0,1,0,0,0,0,0,0,0,1,6,1,30,6,1997,2,10,-1,1,-1
2015360095165,2,2,0,18,0,0,0,0,0,0,4,1,6,1,20,4,49,1,30,-1,1,-1
2015360095170,1,9,0,18,0,0,0,0,0,0,1,1,2,2,52,8,1390,1,12,-1,1,-1
2015360095170,2,9,0,3,0,0,0,0,0,0,2,1,6,1,47,8,1998,1,7,-1,1,-1
2015360095172,1,9,0,7,0,8,0,0,0,0,0,1,6,1,42,7,-1,-1,-1,-1,1,-1
2015360095174,1,1,0,18,0,1,0,0,0,0,4,1,6,1,15,3,-1,-1,-1,-1,1,-1
2015360095174,2,9,0,7,0,2,0,0,0,0,1,1,6,3,-1,-1,-1,-1,-1,-1,-1,-1
2015360095176,1,8,0,5,0,0,0,0,0,0,4,1,1,1,57,9,1997,2,7,-1,2,-1
2015360095177,1,9,0,5,0,6,1,0,1,0,3,1,1,1,24,5,1798,1,3,-1,3,-1
2015360095177,2,19,0,18,0,1,1,0,0,0,1,1,1,1,38,7,2402,2,9,-1,1,-1
2015360095184,1,9,0,18,0,4,2,9,3,0,1,1,6,1,25,5,1598,2,5,-1,1,-1
2015360095186,1,9,0,7,0,6,0,0,0,0,1,1,6,2,26,6,1598,1,13,-1,1,-1
2015360095186,2,1,0,18,9,8,0,0,0,0,3,1,6,1,42,7,-1,-1,-1,-1,1,-1
2015360095193,1,9,0,18,0,1,0,0,0,0,1,1,6,1,43,7,1560,2,1,-1,-1,-1
2015360095193,2,9,0,4,0,1,0,0,0,0,2,1,6,1,81,11,1596,1,3,-1,1,-1
2015360095195,1,21,1,18,0,0,0,0,0,0,1,1,1,1,61,9,10518,2,5,-1,1,-1
2015360095195,2,17,4,18,0,0,0,0,0,0,2,1,1,1,69,10,6700,2,4,-1,-1,-1
2015360095199,1,9,0,7,0,6,0,0,0,0,1,1,3,1,44,7,1956,2,4,-1,2,-1
2015360095199,2,9,0,18,0,8,0,0,0,0,3,1,2,1,42,7,1560,2,8,-1,3,-1
2015360095211,1,9,0,18,0,0,1,0,7,2,1,1,6,1,35,6,-1,-1,-1,-1,1,-1
2015360095269,1,9,0,9,0,5,0,0,0,0,3,1,6,1,18,4,1149,1,8,-1,1,-1
2015360095269,2,1,0,13,0,8,0,0,0,0,1,1,6,1,40,7,-1,-1,-1,-1,3,-1
2015360095281,1,5,0,18,0,0,0,0,0,0,3,1,2,1,53,8,1441,1,-1,-1,3,-1
2015360095285,1,9,0,9,0,6,0,0,0,0,3,1,1,2,18,4,1299,1,11,-1,2,-1
2015360095285,2,5,0,18,0,8,0,0,0,0,1,1,1,1,24,5,599,1,17,-1,2,-1
2015360095305,1,9,0,18,0,0,5,0,1,11,1,1,6,1,30,6,1596,1,15,-1,3,-1
2015360095307,1,11,0,18,0,2,0,0,0,0,4,1,1,2,49,8,8268,2,14,-1,-1,-1
2015360095309,1,9,0,6,0,0,0,0,0,0,3,1,6,3,28,6,-1,-1,-1,-1,-1,-1
2015360095309,2,1,0,13,0,0,0,0,0,0,4,1,2,1,38,7,-1,-1,-1,-1,1,-1
2015360095324,1,5,0,17,0,0,0,0,1,10,1,1,6,1,34,6,-1,-1,-1,-1,2,-1
2015360095327,1,9,0,9,0,6,0,0,0,0,3,1,6,2,67,10,998,1,-1,-1,1,-1
2015360095327,2,11,0,18,0,8,0,0,0,0,1,1,1,1,44,7,6700,2,3,-1,1,-1
2015360095328,1,9,0,18,0,0,0,4,0,0,1,1,6,1,68,10,1598,1,1,-1,3,-1
2015360095328,2,21,1,2,0,0,0,0,0,0,2,1,1,1,45,7,11705,2,11,-1,3,-1
2015360095334,1,9,0,3,0,1,0,0,0,0,2,1,6,2,75,10,1198,1,11,-1,2,-1
2015360095334,2,9,0,18,0,1,0,0,0,0,1,1,1,1,46,8,1997,2,4,-1,1,-1
2015360095340,1,9,0,18,0,0,0,0,0,0,1,1,6,3,-1,-1,-1,-1,-1,-1,-1,-1
2015360095342,1,9,0,9,0,8,0,0,0,0,1,1,6,1,40,7,-1,-1,-1,-1,-1,-1
2015360095342,2,1,0,9,0,8,0,0,0,0,3,1,6,1,18,4,-1,-1,-1,-1,1,-1
2015360095347,1,9,0,18,0,0,0,0,0,0,1,1,6,1,60,9,1968,2,9,-1,3,-1
2015360095347,2,9,0,18,0,0,0,0,0,0,1,1,6,1,62,9,2000,2,10,-1,3,-1
2015360095349,1,9,0,18,0,1,0,0,0,0,1,1,6,1,54,8,4398,1,11,-1,3,-1
2015360095349,2,9,0,7,0,5,0,0,0,0,2,1,6,2,45,7,1364,1,11,-1,3,-1
2015360095356,1,9,0,5,0,4,0,0,0,0,3,1,1,1,59,9,1242,1,5,-1,3,-1
2015360095356,2,19,0,9,0,8,0,0,0,0,1,1,1,1,55,8,1870,2,12,-1,2,-1
2015360095367,1,9,0,9,0,6,0,0,0,0,1,1,1,2,30,6,1388,1,7,-1,1,-1
2015360095367,2,9,0,10,0,8,0,0,0,0,3,1,1,2,31,6,1390,1,6,-1,1,-1
2015360095377,1,9,0,16,0,0,5,0,1,9,1,1,6,2,20,4,1299,1,10,-1,3,-1
2015360095379,1,9,0,16,0,1,1,0,0,0,1,1,6,1,-1,-1,1398,1,13,-1,1,-1
2015360095379,2,9,0,18,0,1,0,0,0,0,1,1,6,1,27,6,1798,1,2,-1,1,-1
2015360095382,1,9,0,7,0,6,0,0,0,0,1,1,6,2,30,6,998,1,12,-1,1,-1
2015360095382,2,1,0,18,0,1,0,0,0,0,1,1,6,1,16,4,-1,-1,-1,-1,-1,-1
2015360095389,1,98,0,1,8,6,0,0,0,0,2,1,6,1,29,6,2143,2,-1,-1,2,-1
2015360095389,2,9,0,17,0,1,1,4,0,0,1,1,6,1,87,11,1560,2,9,-1,3,-1
2015360095391,1,9,0,18,0,1,0,0,0,0,3,1,6,2,80,11,1598,1,4,-1,1,-1
2015360095391,2,1,0,18,9,1,0,0,0,0,1,1,6,1,13,3,-1,-1,-1,-1,1,-1
2015360095393,1,21,1,18,0,1,0,0,0,0,1,1,1,2,22,5,6700,2,-1,-1,3,-1
2015360095393,2,9,0,3,0,1,0,0,0,0,2,1,6,2,28,6,998,1,5,-1,3,-1
2015360095397,1,9,0,18,0,0,1,0,0,0,4,1,1,2,44,7,2231,2,2,-1,1,-1
2015360095399,1,9,0,18,0,1,1,0,0,0,1,1,6,1,55,8,1997,2,7,-1,1,-1
2015360095399,2,9,0,4,0,1,1,0,0,0,2,1,6,2,32,6,1389,1,15,-1,3,-1
2015360095405,1,21,1,1,0,0,0,4,0,0,2,1,1,1,60,9,12130,2,14,-1,3,-1
2015360095405,2,9,0,2,0,0,0,0,0,0,1,1,1,1,40,7,2993,2,-1,-1,-1,-1
2015360095406,1,9,0,18,0,0,0,0,0,0,1,1,6,3,-1,-1,-1,-1,-1,-1,-1,-1
2015360095406,2,1,0,18,0,0,0,0,0,0,2,1,1,1,51,8,-1,-1,-1,-1,1,-1
2015360095414,1,19,0,2,0,2,0,0,0,0,3,1,1,1,34,6,2143,2,1,-1,1,-1
2015360095414,2,21,0,3,0,1,0,0,0,0,4,1,1,1,-1,-1,6871,2,2,-1,-1,-1
2015360095418,1,9,0,9,0,4,0,0,0,0,0,1,1,1,61,9,1995,2,7,-1,1,-1
2015360095419,1,9,0,18,0,1,0,0,0,0,1,1,6,1,65,9,1783,1,13,-1,1,-1
2015360095438,1,9,0,18,0,2,0,0,0,0,1,1,6,2,-1,-1,-1,-1,-1,-1,-1,-1
2015360095438,2,19,0,2,0,2,0,0,0,0,0,1,1,1,27,6,1968,2,3,-1,3,-1
2015360095439,1,9,0,18,0,2,0,0,0,0,1,1,6,1,-1,-1,1199,1,13,-1,-1,-1
2015360095439,2,90,0,7,0,2,0,0,0,0,2,1,1,1,62,9,2987,2,1,-1,1,-1
2015360095440,1,9,0,13,0,0,0,0,7,0,1,1,6,2,62,9,1598,2,-1,-1,3,-1
2015360095440,2,9,0,18,0,0,0,0,0,0,1,1,6,2,24,5,1368,1,7,-1,2,-1
2015360095449,1,9,0,18,0,1,0,0,0,0,1,1,2,2,42,7,1229,1,10,-1,2,-1
2015360095449,2,22,0,18,0,1,0,0,1,0,2,1,6,2,80,11,-1,-1,-1,-1,-1,-1
2015360095464,1,9,0,18,0,8,0,0,0,0,4,1,6,2,41,7,1796,1,8,-1,1,-1
2015360095464,2,19,0,5,0,4,0,0,0,0,1,1,6,1,21,5,1248,2,3,-1,3,-1
2015360095478,1,9,0,9,0,5,0,0,0,0,4,1,6,1,54,8,3246,1,12,-1,2,-1
2015360095478,2,9,0,18,0,8,0,0,0,0,1,1,6,1,24,5,1988,1,11,-1,3,-1
2015360095490,1,19,0,4,0,0,0,0,0,0,2,1,1,1,38,7,2460,2,7,-1,2,-1
2015360095490,2,9,0,18,0,0,0,0,0,0,1,1,6,2,79,11,1796,1,4,-1,3,-1
2015360095491,1,9,0,16,0,0,1,0,1,4,1,1,6,1,17,4,1229,1,9,-1,2,-1
2015360095498,1,9,0,18,0,3,1,0,4,6,1,1,6,1,40,7,2979,1,13,-1,3,-1
2015360095499,1,9,0,6,0,1,0,0,0,0,1,1,6,2,-1,-1,1995,2,8,-1,1,-1
2015360095499,2,3,0,18,0,3,0,0,0,0,3,1,2,1,20,4,125,1,3,-1,1,-1
2015360095504,1,9,0,18,0,0,2,0,7,8,1,1,2,1,32,6,1900,2,15,-1,3,-1
2015360095525,1,9,0,9,0,6,0,0,0,0,3,1,2,2,32,6,1598,2,2,-1,2,-1
2015360095525,2,9,0,18,0,8,0,0,0,0,1,1,2,1,55,8,1997,1,14,-1,1,-1
2015360095529,1,9,0,17,0,0,5,0,1,10,3,1,6,1,19,4,1360,1,11,-1,3,-1
2015360095529,2,9,0,16,0,0,1,0,0,0,3,1,1,1,62,9,1124,1,13,-1,2,-1
2015360095532,1,9,0,4,0,8,0,0,0,0,1,1,6,1,35,6,998,1,15,-1,1,-1
2015360095532,2,9,0,3,0,8,0,0,0,0,2,1,6,1,40,7,1598,1,9,-1,1,-1