Accident_Index,Vehicle_Reference,Vehicle_Type,Towing_and_Articulation,Vehicle_Manoeuvre,Vehicle_Location-Restricted_Lane,Junction_Location,Skidding_and_Overturning,Hit_Object_in_Carriageway,Vehicle_Leaving_Carriageway,Hit_Object_off_Carriageway,1st_Point_of_Impact,Was_Vehicle_Left_Hand_Drive?,Journey_Purpose_of_Driver,Sex_of_Driver,Age_of_Driver,Age_Band_of_Driver,Engine_Capacity_(CC),Propulsion_Code,Age_of_Vehicle,Driver_IMD_Decile,Driver_Home_Area_Type,Vehicle_IMD_Decile
2015360095535,1,9,0,18,0,0,0,0,0,0,1,1,6,1,51,8,1598,1,8,-1,1,-1
2015360095535,2,9,0,4,0,0,0,0,0,0,2,1,2,1,29,6,2400,1,7,-1,-1,-1
2015360095536,1,21,0,5,0,6,0,0,4,6,1,1,1,1,55,8,11967,2,12,-1,3,-1
2015360095537,1,21,1,13,0,0,0,0,0,0,4,1,1,1,53,8,9365,2,8,-1,1,-1
2015360095537,2,1,0,18,0,0,0,0,1,9,1,1,2,1,18,4,-1,-1,-1,-1,2,-1
2015360095538,1,9,0,17,0,8,2,0,1,9,1,1,2,2,26,6,1388,1,11,-1,1,-1
2015360095541,1,9,0,18,0,1,0,0,0,0,1,1,6,1,39,7,1975,1,11,-1,1,-1
2015360095551,1,9,0,16,0,0,0,0,7,0,1,1,6,2,37,7,2495,2,18,-1,2,-1
2015360095551,2,9,0,17,0,0,0,0,1,0,1,1,6,1,60,9,1490,1,8,-1,3,-1
2015360095556,1,9,0,4,0,0,0,0,0,0,1,1,6,1,25,5,1968,2,4,-1,2,-1
2015360095556,2,9,0,3,0,0,0,0,0,0,2,1,6,2,42,7,1769,1,10,-1,1,-1
2015360095556,3,9,0,3,0,0,0,0,0,0,2,1,6,2,26,6,1598,1,7,-1,2,-1
2015360095570,1,9,0,18,0,0,1,10,7,10,1,1,6,2,30,6,1364,2,10,-1,2,-1
2015360095580,1,9,0,18,0,4,5,0,3,1,1,1,6,1,75,10,1242,1,-1,-1,1,-1
2015360095580,2,9,0,18,0,3,0,0,0,0,2,1,6,2,31,6,1461,2,4,-1,3,-1
2015360095599,1,9,0,18,0,1,0,0,0,0,1,1,6,3,-1,-1,-1,-1,-1,-1,-1,-1
2015360095599,2,9,0,3,0,1,0,0,0,0,2,1,6,2,53,8,1560,2,2,-1,1,-1
2015360095609,1,9,0,18,0,0,1,0,7,4,1,1,1,2,36,7,1596,1,9,-1,1,-1
2015360095614,1,19,0,18,0,0,0,0,0,0,3,1,1,1,45,7,1461,2,2,-1,1,-1
2015360095630,1,9,0,18,0,0,2,0,7,0,3,1,2,1,43,7,1587,1,13,-1,2,-1
2015360095652,1,9,0,3,0,1,0,0,0,0,1,1,6,2,18,4,1596,1,11,-1,1,-1
2015360095652,2,9,0,3,0,1,0,0,0,0,2,1,6,1,17,4,1596,1,13,-1,3,-1
2015360095654,1,9,0,3,0,2,0,0,0,0,1,1,6,1,75,10,1329,1,6,-1,-1,-1
2015360095654,2,9,0,3,0,2,0,0,0,0,1,1,6,1,35,6,1990,1,20,-1,3,-1
2015360095662,1,9,0,16,0,8,0,0,0,0,3,1,6,1,29,6,1598,1,11,-1,1,-1
2015360095662,2,98,0,16,0,8,0,0,0,0,4,1,6,1,45,7,3920,2,10,-1,-1,-1
2015360095668,1,9,0,5,0,6,0,0,0,0,0,1,6,3,-1,-1,1388,1,4,-1,-1,-1
2015360095668,2,1,0,18,0,8,1,0,0,0,4,1,6,1,39,7,-1,-1,-1,-1,1,-1
2015360095669,1,9,0,18,0,0,0,0,0,0,3,1,6,1,19,4,-1,-1,-1,-1,3,-1
2015360095669,2,9,0,4,0,0,0,0,0,0,3,1,6,2,41,7,-1,-1,-1,-1,3,-1
2015360095670,1,9,0,18,0,0,0,0,0,0,1,1,6,1,41,7,1588,1,14,-1,3,-1
2015360095670,2,9,0,18,0,0,0,0,0,0,2,1,6,2,76,11,1796,1,8,-1,3,-1
2015360095670,3,9,0,18,0,0,0,0,0,0,0,1,6,1,43,7,-1,-1,-1,-1,1,-1
2015360095671,1,9,0,18,0,1,0,0,0,0,4,1,6,1,18,4,1198,1,7,-1,1,-1
2015360095672,1,9,0,9,0,5,0,0,0,0,1,1,6,1,54,8,-1,-1,-1,-1,2,-1
2015360095673,1,9,0,18,0,2,0,0,0,0,3,1,6,1,27,6,1995,1,8,-1,1,-1
2015360095674,1,19,0,17,0,0,0,0,1,11,1,1,6,1,45,7,1560,2,3,-1,3,-1
2015360095683,1,9,0,18,0,0,0,0,0,0,3,1,6,3,-1,-1,-1,-1,-1,-1,-1,-1
2015360095700,1,9,0,18,0,0,0,0,7,11,1,1,6,1,47,8,1995,2,12,-1,1,-1
2015360095700,2,9,0,18,0,0,0,0,0,0,1,1,6,1,23,5,1399,1,6,-1,1,-1
2015360095704,1,9,0,18,0,1,1,0,1,1,1,1,6,1,19,4,1149,1,14,-1,1,-1
2015360095704,2,9,0,2,0,1,0,0,0,0,2,1,6,2,-1,-1,-1,-1,-1,-1,-1,-1
2015360095726,1,9,0,18,0,0,0,0,0,0,3,1,6,2,53,8,1489,1,17,-1,3,-1
2015360095726,2,9,0,18,0,0,0,0,0,0,3,1,6,1,72,10,1587,1,13,-1,3,-1
2015360095726,3,9,0,18,0,0,0,0,0,0,1,1,6,1,48,8,1390,1,5,-1,2,-1
2015360095732,1,9,0,16,0,0,1,0,0,0,1,1,6,1,20,4,1206,1,7,-1,3,-1
2015360095732,2,9,0,18,0,0,0,0,1,10,1,1,6,1,55,8,998,1,11,-1,3,-1
2015360095740,1,9,0,9,0,6,0,0,0,0,1,1,1,1,20,4,1328,1,12,-1,3,-1
2015360095740,2,4,0,18,0,8,0,0,0,0,1,1,1,1,43,7,124,1,-1,-1,1,-1
2015360095765,1,9,0,17,0,0,2,0,1,4,4,1,6,1,19,4,1598,2,3,-1,2,-1
2015360095779,1,9,0,18,0,0,0,0,0,0,4,1,6,3,-1,-1,-1,-1,-1,-1,-1,-1
2015360095787,1,9,0,18,0,0,0,0,0,0,3,1,6,1,86,11,1798,1,1,-1,1,-1
2015360095787,2,9,0,18,0,0,0,0,1,0,3,1,6,2,65,9,1390,1,9,-1,3,-1
2015360095794,1,9,0,7,0,6,0,0,0,0,1,1,6,1,29,6,1900,2,15,-1,1,-1
2015360095794,2,1,0,18,9,8,0,0,0,0,1,1,6,1,11,3,-1,-1,-1,-1,1,-1
2015360095796,1,9,0,18,0,0,0,0,0,0,4,1,3,1,29,6,1968,2,-1,-1,3,-1
2015360095804,1,9,0,5,0,4,0,0,0,0,1,1,6,2,50,8,1796,1,12,-1,3,-1
2015360095804,2,9,0,9,0,8,0,0,0,0,1,1,6,2,35,6,1598,1,10,-1,3,-1
2015360095817,1,9,0,11,0,0,0,0,0,0,2,1,6,1,-1,-1,1998,8,-1,-1,-1,-1
2015360095817,2,20,0,18,0,0,1,0,0,0,1,1,6,1,30,6,5480,2,25,-1,2,-1
2015360095817,3,9,0,18,0,0,1,0,0,0,1,1,6,2,57,9,987,1,23,-1,1,-1
2015360095819,1,21,1,18,0,0,0,0,1,4,1,1,1,1,64,9,12882,2,7,-1,3,-1
2015360095822,1,9,0,17,0,0,2,0,7,0,3,1,2,1,30,6,2494,2,2,-1,1,-1
2015360095838,1,9,0,5,0,4,0,0,0,0,3,1,6,1,20,4,1781,1,14,-1,3,-1
2015360095838,2,9,0,9,0,8,0,0,7,1,4,1,6,1,42,7,1956,2,4,-1,2,-1
2015360095850,1,9,0,1,0,5,0,0,0,0,2,1,2,1,44,7,1994,2,12,-1,1,-1
2015360095851,1,9,0,9,0,5,0,0,0,0,1,1,3,2,61,9,1598,1,5,-1,1,-1
2015360095851,2,1,0,10,0,1,0,0,0,0,1,1,2,2,50,8,-1,-1,-1,-1,1,-1
2015360095860,1,19,0,18,0,0,0,0,7,0,1,1,1,1,62,9,1995,2,7,-1,1,-1
2015360095860,2,9,0,18,0,0,0,0,0,0,1,1,6,2,48,8,1368,1,4,-1,3,-1
2015360095873,1,9,0,7,0,5,0,0,0,0,3,1,6,1,54,8,1595,1,13,-1,3,-1
2015360095873,2,1,0,18,5,8,0,0,0,0,1,1,6,2,21,5,-1,-1,-1,-1,1,-1
2015360095882,1,9,0,9,0,5,0,0,0,0,4,1,6,2,55,8,1364,1,9,-1,-1,-1
2015360095882,2,9,0,18,0,8,0,0,0,0,1,1,6,1,43,7,-1,-1,-1,-1,1,-1
2015360095882,3,9,0,3,0,1,0,0,0,0,0,1,6,3,-1,-1,-1,-1,-1,-1,-1,-1
2015360095885,1,9,0,9,0,6,0,0,0,0,3,1,1,2,52,8,1349,1,6,-1,3,-1
2015360095885,2,9,0,18,0,8,0,0,0,0,1,1,1,1,17,4,1299,1,13,-1,1,-1
2015360095886,1,9,0,18,0,1,1,0,1,4,1,1,2,2,31,6,1242,1,5,-1,-1,-1
2015360095888,1,9,0,9,0,5,0,0,0,0,1,1,6,1,40,7,1391,1,14,-1,2,-1
2015360095888,2,3,0,18,0,8,0,0,0,0,1,1,6,1,54,8,124,1,6,-1,1,-1
2015360095892,1,9,0,4,0,0,1,0,0,0,1,1,6,1,69,10,2495,2,26,-1,2,-1
2015360095892,2,9,0,18,0,0,0,0,0,0,1,1,6,1,64,9,1995,2,13,-1,3,-1
2015360095895,1,9,0,5,0,1,0,0,0,0,1,1,6,1,23,5,1798,1,6,-1,1,-1
2015360095896,1,9,0,4,0,1,0,0,0,0,4,1,6,2,25,5,1149,1,5,-1,1,-1
2015360095896,2,9,0,12,0,1,0,0,0,0,3,1,6,3,-1,-1,-1,-1,-1,-1,-1,-1
2015360095896,3,9,0,4,0,1,0,0,0,0,1,1,6,1,-1,-1,1910,2,5,-1,2,-1
2015360095900,1,19,0,16,0,0,0,0,0,0,0,1,6,3,-1,-1,-1,-1,-1,-1,-1,-1
2015360095900,2,9,0,17,0,0,0,0,7,1,1,1,2,1,50,8,1951,2,11,-1,3,-1
2015360095904,1,9,0,9,0,5,0,0,0,0,1,1,2,2,58,9,1198,1,5,-1,1,-1
2015360095904,2,8,0,18,0,8,0,0,0,0,3,1,1,1,42,7,1997,2,7,-1,1,-1
2015360095904,3,9,0,18,0,8,0,0,0,0,1,1,6,2,74,10,1461,2,1,-1,1,-1
2015360095911,1,19,0,18,0,0,0,0,0,0,4,1,1,1,-1,-1,2143,2,1,-1,-1,-1
2015360095918,1,9,0,18,0,0,0,0,7,0,1,1,6,1,19,4,1199,1,14,-1,3,-1
2015360095918,2,9,0,18,0,0,0,0,0,0,1,1,6,2,31,6,1998,1,13,-1,2,-1
2015360095920,1,9,0,9,0,5,0,0,0,0,3,1,1,1,54,8,1685,2,1,-1,3,-1
2015360095920,2,3,0,18,0,8,0,0,0,0,1,1,6,2,20,4,124,1,-1,-1,1,-1
2015360095956,1,9,0,9,0,5,0,0,0,0,1,1,3,1,34,6,1598,1,12,-1,1,-1
2015360095956,2,9,0,18,0,8,0,0,0,0,1,1,2,1,51,8,1995,2,11,-1,3,-1
2015360095958,1,19,0,9,0,6,0,0,0,0,3,1,1,1,63,9,1753,2,14,-1,3,-1
2015360095958,2,20,0,18,0,8,0,0,7,10,1,1,1,1,21,5,-1,-1,-1,-1,3,-1
2015360095967,1,21,0,18,0,0,0,0,0,0,3,2,1,1,59,9,-1,-1,-1,-1,2,-1
2015360095967,2,9,0,18,0,0,0,0,0,0,3,1,6,2,49,8,1368,1,5,-1,2,-1
2015360095984,1,9,0,13,0,0,5,0,1,0,4,1,6,1,24,5,1997,2,14,-1,3,-1
2015360095987,1,9,0,18,0,1,1,0,1,3,1,1,6,1,18,4,2198,1,12,-1,1,-1
2015360095987,2,9,0,7,0,5,0,0,0,0,2,1,3,2,27,6,1749,1,13,-1,1,-1
2015360095991,1,9,0,5,0,4,0,0,0,0,0,1,1,1,37,7,1997,2,11,-1,1,-1
2015360095991,2,1,0,18,0,8,1,0,0,0,3,1,1,1,54,8,-1,-1,-1,-1,1,-1
2015360096036,1,9,0,18,0,0,0,0,0,0,3,1,6,1,55,8,998,1,-1,-1,-1,-1
2015360096036,2,9,0,18,0,0,0,0,0,0,3,1,6,1,71,10,1769,1,10,-1,3,-1
2015360096036,3,9,0,18,0,0,0,0,0,0,3,1,6,1,55,8,-1,-1,-1,-1,2,-1
2015360096056,1,9,0,5,0,4,0,0,0,0,3,2,6,1,75,10,-1,-1,-1,-1,2,-1
2015360096056,2,9,0,18,0,8,0,0,0,0,1,1,6,1,26,6,998,1,11,-1,2,-1
2015360096057,1,9,0,9,0,5,0,0,0,0,1,1,6,1,76,11,1086,1,6,-1,2,-1
2015360096057,2,9,0,18,0,8,0,0,0,0,1,1,6,1,22,5,1299,1,10,-1,3,-1
2015360096065,1,9,0,18,0,8,0,0,0,0,1,1,6,2,19,4,998,1,12,-1,3,-1
2015360096065,2,9,0,9,0,8,0,0,1,0,4,1,6,1,56,9,1910,2,7,-1,3,-1
2015360096076,1,9,0,3,0,1,0,0,0,0,2,1,6,2,48,8,2179,2,1,-1,1,-1
2015360096076,2,9,0,3,0,1,0,0,0,0,2,1,6,2,18,4,1598,1,4,-1,1,-1
2015360096076,3,9,0,18,0,1,0,0,0,0,1,1,6,1,70,10,1968,2,3,-1,1,-1
2015360096095,1,2,0,18,0,0,0,0,0,0,3,1,6,1,16,4,49,1,5,-1,3,-1
2015360096098,1,9,0,16,0,0,2,0,1,0,4,1,6,1,29,6,1527,2,15,-1,2,-1
2015360096114,1,9,0,5,0,4,0,0,0,0,3,1,6,1,56,9,1998,2,-1,-1,3,-1
2015360096114,2,1,0,18,0,8,0,0,0,0,1,1,6,1,18,4,-1,-1,-1,-1,1,-1
2015360096117,1,9,0,3,0,0,0,0,0,0,4,1,6,2,73,10,1781,1,11,-1,3,-1
2015360096119,1,9,0,17,0,2,0,10,1,3,4,1,6,2,35,6,1997,1,11,-1,3,-1
2015360096121,1,9,0,9,0,5,0,0,0,0,3,1,6,1,45,7,1598,1,14,-1,1,-1
2015360096121,2,9,0,10,0,1,0,0,0,0,3,1,6,1,50,8,1956,2,4,-1,1,-1
2015360096123,1,9,0,18,0,0,0,0,0,0,1,1,2,2,21,5,1587,1,10,-1,2,-1
2015360096123,2,19,0,3,0,0,0,0,0,0,2,1,1,1,27,6,1560,2,-1,-1,1,-1
2015360096123,3,9,0,3,0,0,0,0,0,0,2,1,2,2,44,7,1984,1,11,-1,1,-1
2015360096126,1,21,4,18,0,3,2,0,1,0,4,1,1,1,54,8,10518,2,4,-1,3,-1
2015360096129,1,9,0,18,0,1,0,0,0,0,1,1,6,1,29,6,1769,1,17,-1,1,-1
2015360096129,2,21,1,3,0,1,0,0,0,0,2,1,1,1,44,7,12900,2,3,-1,1,-1
2015360096145,1,9,0,9,0,6,0,0,0,0,3,1,6,2,48,8,1360,1,10,-1,3,-1
2015360096145,2,2,0,18,0,8,0,0,0,0,1,1,6,2,16,4,49,1,2,-1,3,-1
2015360096155,1,9,0,5,0,6,0,0,0,0,1,1,6,1,-1,-1,1896,2,14,-1,2,-1
2015360096155,2,1,0,18,0,8,0,0,0,0,4,1,6,1,24,5,-1,-1,-1,-1,2,-1
2015360096157,1,9,0,3,0,1,0,0,0,0,2,1,6,1,24,5,1598,1,11,-1,1,-1
2015360096157,2,9,0,18,0,1,0,0,0,0,1,1,6,1,19,4,1198,1,11,-1,3,-1
2015360096158,1,9,0,9,0,6,0,0,0,0,0,1,6,2,31,6,3000,1,11,-1,-1,-1
2015360096158,2,9,0,4,0,1,0,0,0,0,2,1,6,1,80,11,1997,2,8,-1,3,-1
2015360096158,3,9,0,4,0,1,0,0,0,0,1,1,6,2,54,8,1360,1,12,-1,2,-1
2015360096160,1,9,0,7,0,6,0,0,0,0,1,1,6,1,46,8,2378,1,10,-1,1,-1
2015360096160,2,1,0,18,9,8,0,0,0,0,1,1,6,2,18,4,-1,-1,-1,-1,1,-1
2015360096163,1,9,0,5,0,6,0,0,0,0,4,1,6,1,43,7,2143,2,-1,-1,3,-1
2015360096186,1,9,0,16,0,8,1,0,0,0,1,1,2,1,26,6,998,1,11,-1,3,-1
2015360096186,2,9,0,17,0,8,0,0,0,0,3,1,2,1,45,7,-1,-1,-1,-1,3,-1
2015360096194,1,9,0,18,0,8,0,0,0,0,1,1,6,1,87,11,1870,2,11,-1,3,-1
2015360096194,2,9,0,9,0,6,0,0,0,0,3,1,6,1,20,4,1997,1,2,-1,2,-1
2015360096200,1,9,0,9,0,5,0,0,0,0,1,1,1,2,40,7,1560,2,4,-1,2,-1
2015360096200,2,1,0,10,0,1,0,0,0,0,1,1,1,1,45,7,-1,-1,-1,-1,2,-1
2015360096209,1,11,0,16,0,0,0,0,0,0,1,1,1,1,53,8,4250,2,6,-1,1,-1
2015360096209,2,9,0,17,0,0,0,0,0,0,3,1,6,2,52,8,1910,2,6,-1,3,-1
2015360096228,1,9,0,9,0,6,0,0,0,0,3,1,1,1,53,8,-1,-1,-1,-1,2,-1
2015360096228,2,9,0,18,0,8,0,0,0,0,1,1,6,1,77,11,1997,1,26,-1,3,-1
2015360096229,1,9,0,18,0,0,0,0,0,0,3,1,6,2,73,10,1332,1,16,-1,3,-1
2015360096229,2,9,0,18,0,0,0,0,1,10,3,1,6,1,64,9,-1,-1,-1,-1,3,-1
2015360096230,1,9,0,12,0,7,0,0,0,0,3,1,6,1,31,6,1598,1,8,-1,2,-1
2015360096230,2,19,0,18,0,8,0,0,0,0,4,1,1,1,45,7,2198,2,2,-1,1,-1
2015360096231,1,21,4,7,0,5,0,0,0,0,3,1,1,3,-1,-1,-1,-1,-1,-1,-1,-1
2015360096243,1,11,0,16,0,8,0,0,0,0,3,1,1,1,54,8,3900,2,8,-1,1,-1
2015360096243,2,22,0,18,9,8,0,0,0,0,1,1,6,2,58,9,-1,-1,-1,-1,2,-1
2015360096246,1,9,0,18,0,0,0,0,0,0,1,1,6,3,-1,-1,-1,-1,-1,-1,-1,-1
2015360096246,2,1,0,18,0,0,0,0,0,0,2,1,6,1,29,6,-1,-1,-1,-1,1,-1
2015360096262,1,9,0,9,0,5,0,0,0,0,4,1,6,1,46,8,1299,1,16,-1,1,-1
2015360096262,2,9,0,18,0,8,0,0,0,0,1,1,6,1,64,9,1598,1,9,-1,2,-1
2015360096263,1,9,0,9,0,6,0,0,0,0,3,1,6,1,63,9,2198,2,2,-1,3,-1
2015360096263,2,9,0,18,0,8,0,0,0,0,1,1,6,1,56,9,1998,1,10,-1,1,-1
2015360096269,1,9,0,5,0,4,0,0,0,0,3,1,6,1,48,8,1686,2,8,-1,-1,-1
2015360096269,2,1,0,18,0,8,0,0,0,0,1,1,6,1,63,9,-1,-1,-1,-1,-1,-1
2015360096280,1,9,0,18,0,1,0,0,0,0,3,1,6,3,-1,-1,-1,-1,-1,-1,-1,-1
2015360096284,1,9,0,1,0,0,0,0,0,0,2,1,6,1,73,10,1997,2,3,-1,3,-1
2015360096284,2,9,0,2,0,0,0,0,0,0,1,1,6,2,52,8,1988,1,16,-1,3,-1
2015360096298,1,9,0,9,0,6,0,0,0,0,3,1,6,2,21,5,1598,1,13,-1,1,-1
2015360096298,2,21,0,18,0,8,0,0,0,0,1,1,1,1,47,8,11967,2,3,-1,2,-1
2015360096306,1,9,0,18,0,1,0,0,0,0,4,1,2,2,26,6,1496,2,-1,-1,3,-1
2015360096306,2,1,0,18,9,6,0,0,0,0,1,1,4,1,15,3,-1,-1,-1,-1,3,-1
2015360096308,1,9,0,18,0,0,0,0,0,0,4,1,6,2,27,6,1360,1,12,-1,2,-1
2015360096316,1,9,0,4,0,1,0,0,0,0,1,1,6,1,43,7,2777,2,7,-1,2,-1
2015360096316,2,9,0,3,0,1,0,0,0,0,2,1,6,2,30,6,1753,2,8,-1,2,-1
2015360096321,1,19,0,18,0,0,0,0,0,0,1,1,1,1,65,9,2496,2,17,-1,-1,-1
2015360096321,2,9,0,3,0,0,0,0,0,0,2,1,6,1,63,9,1598,1,12,-1,1,-1
2015360096321,3,9,0,2,0,0,0,0,0,0,0,1,6,1,25,5,1896,2,12,-1,2,-1
2015360096327,1,21,0,9,0,6,0,0,0,0,3,1,1,1,44,7,-1,-1,-1,-1,2,-1
2015360096327,2,9,0,18,0,8,0,0,0,0,3,1,6,2,68,10,1396,2,1,-1,1,-1
2015360096328,1,9,0,18,0,0,2,0,1,4,1,1,6,1,18,4,998,1,3,-1,3,-1
2015360096330,1,9,0,18,0,0,0,0,0,0,3,1,6,2,84,11,1390,1,15,-1,1,-1
2015360096336,1,9,0,18,0,0,0,0,0,0,1,1,6,1,41,7,-1,-1,-1,-1,1,-1
2015360096336,2,9,0,18,0,0,0,0,0,0,3,1,6,1,53,8,1995,2,1,-1,2,-1
2015360096345,1,9,0,18,0,0,2,0,4,6,1,1,6,1,31,6,1999,1,8,-1,1,-1
2015360096345,2,9,0,18,0,0,0,0,0,0,2,1,6,1,43,7,1995,2,1,-1,3,-1
2015360096360,1,9,0,9,0,5,0,0,0,0,4,1,6,1,-1,-1,1597,1,10,-1,3,-1
2015360096360,2,1,0,18,0,8,0,0,0,0,1,1,6,1,34,6,-1,-1,-1,-1,1,-1
2015360096366,1,9,0,18,0,2,0,0,0,0,3,1,6,1,83,11,1896,2,7,-1,1,-1
2015360096366,2,9,0,18,0,1,0,0,0,0,3,1,6,1,76,11,1796,1,11,-1,1,-1
2015360096366,3,21,0,18,0,8,0,0,0,0,3,1,1,1,27,6,7698,2,-1,-1,1,-1
2015360096367,1,11,0,4,0,0,0,0,0,0,0,1,1,1,48,8,8268,2,13,-1,1,-1
2015360096368,1,9,0,18,0,1,0,0,0,0,3,1,6,2,48,8,1796,1,14,-1,-1,-1
2015360096370,1,5,0,18,0,0,0,0,0,0,1,1,2,1,41,7,124,1,9,-1,2,-1
2015360096371,1,9,0,4,0,1,0,0,0,0,1,1,6,1,23,5,1598,1,15,-1,1,-1
2015360096371,2,9,0,8,0,8,0,0,0,0,2,1,6,2,26,6,1796,1,8,-1,2,-1
2015360096373,1,9,0,1,0,8,0,0,0,0,2,1,6,3,-1,-1,-1,-1,-1,-1,-1,-1
2015360096377,1,9,0,18,0,2,0,0,0,0,3,1,6,2,37,7,1590,1,13,-1,1,-1
2015360096377,2,9,0,10,0,1,0,0,0,0,3,1,6,1,41,7,1997,1,3,-1,1,-1
2015360096377,3,9,0,10,0,1,0,0,0,0,3,1,6,2,49,8,1598,1,8,-1,1,-1
2015360096377,4,9,0,10,0,1,0,0,0,0,1,1,6,1,26,6,1197,1,1,-1,1,-1
2015360096379,1,9,0,18,0,0,0,0,0,0,0,1,6,3,-1,-1,-1,-1,-1,-1,-1,-1
2015360096379,2,9,0,18,0,0,0,0,1,4,4,1,6,1,39,7,1898,1,13,-1,3,-1
2015360096380,1,9,0,7,0,5,0,0,0,0,1,1,6,1,22,5,1995,2,5,-1,1,-1
2015360096380,2,1,0,18,4,8,0,0,0,0,1,1,6,1,22,5,-1,-1,-1,-1,1,-1
2015360096381,1,3,0,18,0,1,0,0,0,0,1,1,6,1,17,4,124,1,-1,-1,1,-1
2015360096381,2,9,0,3,0,1,0,0,0,0,2,1,6,2,73,10,1995,1,11,-1,-1,-1
2015360096381,3,9,0,10,0,8,0,0,0,0,0,1,6,2,38,7,1796,1,14,-1,3,-1
2015360096389,1,9,0,18,0,1,0,0,0,0,1,1,6,2,35,6,1895,1,16,-1,1,-1
2015360096392,1,9,0,17,0,8,0,0,7,9,1,1,6,1,21,5,-1,-1,-1,-1,3,-1
2015360096408,1,9,0,6,8,0,0,0,0,0,3,1,6,1,91,11,996,1,3,-1,3,-1
2015360096408,2,9,0,18,0,0,0,0,0,0,1,1,6,1,45,7,1332,1,10,-1,3,-1
2015360096409,1,9,0,1,0,6,0,0,0,0,2,1,1,1,39,7,-1,-1,-1,-1,1,-1
2015360096434,1,9,0,4,0,0,0,0,0,0,1,1,6,1,24,5,1798,1,11,-1,-1,-1
2015360096434,2,9,0,3,0,0,0,0,0,0,2,1,6,1,24,5,1493,1,15,-1,-1,-1
2015360096462,1,3,0,4,0,1,0,0,0,0,4,1,6,1,37,7,124,1,5,-1,1,-1
2015360096463,1,19,0,4,0,1,0,0,0,0,1,1,1,1,61,9,4462,2,2,-1,1,-1
2015360096463,2,9,0,9,0,5,0,0,0,0,2,1,6,2,37,7,1896,2,12,-1,1,-1
2015360096466,1,17,4,1,0,0,0,0,0,0,2,1,1,1,-1,-1,-1,2,20,-1,-1,-1
2015360096466,2,9,0,3,0,0,0,0,0,0,1,1,3,2,27,6,1587,1,14,-1,1,-1
2015360096468,1,9,0,18,0,1,0,0,0,0,1,1,6,1,20,4,1198,1,-1,-1,2,-1
2015360096468,2,9,0,10,0,8,0,0,0,0,2,1,6,2,51,8,1679,1,16,-1,2,-1
2015360096472,1,9,0,18,0,8,0,0,0,0,1,1,1,1,23,5,-1,-1,-1,-1,1,-1
2015360096472,2,9,0,3,0,2,0,0,0,0,2,1,6,1,34,6,1339,1,10,-1,1,-1
2015360096472,3,9,0,3,0,2,0,0,0,0,2,1,6,1,26,6,-1,-1,-1,-1,1,-1
2015360096474,1,9,0,9,0,5,0,0,0,0,4,1,6,1,84,11,1086,1,10,-1,2,-1
2015360096474,2,9,0,18,0,8,0,0,0,0,1,1,6,1,18,4,-1,-1,-1,-1,-1,-1
2015360096480,1,9,0,18,0,0,0,0,0,0,1,1,6,2,19,4,1341,1,11,-1,2,-1
2015360096480,2,9,0,2,0,0,0,0,0,0,2,1,6,2,47,8,1587,1,9,-1,3,-1
2015360096480,3,9,0,2,0,0,0,0,0,0,1,1,6,2,39,7,-1,-1,-1,-1,3,-1
2015360096497,1,9,0,9,0,5,0,0,0,0,1,1,6,2,23,5,1149,1,11,-1,1,-1
2015360096497,2,9,0,18,0,8,0,0,0,0,1,1,6,1,65,9,1390,1,7,-1,1,-1
2015360096507,1,9,0,18,0,5,0,0,1,7,4,1,6,1,32,6,1686,2,13,-1,1,-1
2015360096520,1,9,0,18,0,0,0,12,0,0,1,1,6,1,23,5,1149,1,10,-1,1,-1
2015360096531,1,9,0,18,0,0,0,0,0,0,3,1,6,1,61,9,1598,1,8,-1,2,-1
2015360096532,1,3,0,18,0,0,0,0,0,0,4,1,6,1,19,4,125,1,12,-1,3,-1
2015360096545,1,9,0,5,0,4,0,0,0,0,1,1,6,2,78,11,-1,-1,-1,-1,2,-1
2015360096545,2,9,0,18,0,8,0,0,0,0,4,1,6,2,43,7,-1,-1,-1,-1,1,-1
2015360096549,1,9,0,9,0,6,0,0,0,0,3,1,6,1,21,5,1396,1,14,-1,1,-1
2015360096549,2,2,0,14,0,8,0,0,0,0,1,1,6,1,21,5,49,1,3,-1,1,-1
2015360096552,1,9,0,9,0,6,0,0,0,0,3,1,6,1,75,10,998,1,9,-1,2,-1
2015360096552,2,9,0,18,0,8,0,0,0,0,4,1,6,1,22,5,1396,1,12,-1,3,-1
2015360096556,1,9,0,13,0,0,0,0,0,0,4,1,6,2,-1,-1,1596,1,14,-1,2,-1
2015360096556,2,1,0,18,0,0,0,0,0,0,3,1,6,1,51,8,-1,-1,-1,-1,3,-1
2015360096559,1,9,0,18,0,0,0,0,0,0,1,1,6,1,29,6,1598,1,3,-1,3,-1
2015360096559,2,9,0,18,0,0,0,0,0,0,1,1,6,2,55,8,1997,2,15,-1,3,-1
2015360096560,1,9,0,18,0,0,0,0,0,0,1,1,6,2,31,6,1596,1,13,-1,3,-1