Accident_Index,Vehicle_Reference,Vehicle_Type,Towing_and_Articulation,Vehicle_Manoeuvre,Vehicle_Location-Restricted_Lane,Junction_Location,Skidding_and_Overturning,Hit_Object_in_Carriageway,Vehicle_Leaving_Carriageway,Hit_Object_off_Carriageway,1st_Point_of_Impact,Was_Vehicle_Left_Hand_Drive?,Journey_Purpose_of_Driver,Sex_of_Driver,Age_of_Driver,Age_Band_of_Driver,Engine_Capacity_(CC),Propulsion_Code,Age_of_Vehicle,Driver_IMD_Decile,Driver_Home_Area_Type,Vehicle_IMD_Decile
201536T150125,1,9,0,18,0,0,2,0,1,0,4,1,2,2,21,5,1199,1,11,-1,1,-1
201536T150126,1,1,0,18,0,1,0,0,0,0,1,1,6,1,17,4,-1,-1,-1,-1,1,-1
201536T150126,2,9,0,4,0,1,0,0,0,0,2,1,6,1,70,10,898,1,1,-1,1,-1
201536T150127,1,2,0,18,0,0,1,0,0,0,4,1,6,1,32,6,-1,-1,-1,-1,1,-1
201536T150128,1,3,0,17,0,0,1,0,1,0,4,1,6,2,24,5,125,1,1,-1,3,-1
201536T150129,1,9,0,9,0,6,0,0,0,0,1,1,6,1,32,6,2198,1,10,-1,-1,-1
201536T150129,2,9,0,18,0,8,0,0,0,0,1,1,6,2,23,5,1124,1,15,-1,-1,-1
201536T150130,1,3,0,18,0,0,1,0,0,0,1,1,6,1,28,6,-1,-1,-1,-1,1,-1
201536T150130,2,9,0,4,0,0,0,0,0,0,2,1,6,2,47,8,1968,2,8,-1,3,-1
201536T150131,1,5,0,17,0,0,0,0,1,9,4,1,6,1,45,7,-1,-1,-1,-1,1,-1
201536T150132,1,9,0,1,0,0,0,0,0,0,2,1,6,1,36,7,1896,2,12,-1,-1,-1
201536T150132,2,9,0,2,0,0,0,0,0,0,1,1,6,2,59,9,1240,1,10,-1,3,-1
201536T150133,1,19,0,18,0,0,0,0,0,0,1,1,1,1,49,8,2198,2,7,-1,1,-1
201536T150133,2,9,0,4,0,0,0,0,0,0,2,1,6,1,32,6,1596,1,11,-1,2,-1
201536T150134,1,9,0,18,0,4,0,0,0,0,1,1,6,1,-1,-1,1598,1,12,-1,-1,-1
201536T150134,2,9,0,3,0,8,0,0,0,0,2,1,1,2,39,7,1598,2,1,-1,-1,-1
201536T150135,1,9,0,18,0,3,0,0,0,0,4,1,1,1,52,8,-1,-1,-1,-1,-1,-1
201536T150135,2,1,0,18,0,3,0,0,0,0,3,1,1,1,29,6,-1,-1,-1,-1,1,-1
201536T150136,1,9,0,9,0,6,0,0,0,0,1,1,1,2,32,6,1910,2,8,-1,1,-1
201536T150136,2,1,0,18,9,8,0,0,0,0,2,1,6,2,35,6,-1,-1,-1,-1,-1,-1
201536T150137,1,9,0,9,0,6,1,0,1,0,1,1,6,2,22,5,1149,1,10,-1,-1,-1
201536T150137,2,9,0,18,0,8,0,0,0,0,4,1,6,1,21,5,-1,-1,-1,-1,3,-1
201536T150138,1,4,0,16,0,0,1,0,0,0,1,1,6,1,28,6,398,1,8,-1,1,-1
201536T150138,2,9,0,17,0,0,1,0,0,0,3,1,6,1,53,8,2967,2,-1,-1,3,-1
201536T150140,1,3,0,18,0,1,0,10,0,0,4,1,6,1,19,4,108,1,2,-1,2,-1
201536T150141,1,9,0,7,0,6,0,0,0,0,1,1,6,1,79,11,1197,1,3,-1,2,-1
201536T150141,2,9,0,18,0,8,0,0,0,0,1,1,1,2,48,8,1870,2,9,-1,1,-1
201536T150142,1,9,0,8,0,1,0,0,0,0,2,1,6,2,49,8,1999,1,7,-1,-1,-1
201536T150142,2,9,0,4,0,1,0,0,0,0,1,1,6,1,60,9,1999,1,10,-1,1,-1
201536T150143,1,9,0,4,0,0,0,0,0,0,1,1,6,2,24,5,1197,1,2,-1,3,-1
201536T150143,2,9,0,4,0,0,0,0,0,0,2,1,6,2,42,7,1598,2,3,-1,2,-1
201536T150144,1,9,0,17,0,0,2,0,7,0,3,1,6,1,46,8,2793,1,17,-1,3,-1
201536T150145,1,3,0,18,0,2,1,0,0,0,1,1,2,1,32,6,124,1,1,-1,-1,-1
201536T150145,2,9,0,14,0,1,0,0,0,0,0,1,2,1,26,6,1910,2,9,-1,1,-1
201536T150146,1,9,0,18,0,0,0,0,0,0,1,1,6,1,80,11,1198,1,-1,-1,-1,-1
201536T150146,2,21,0,4,0,0,0,0,0,0,2,1,1,1,32,6,10837,2,6,-1,1,-1
201536T150147,1,8,0,18,0,3,1,0,7,0,3,1,6,2,20,4,1391,1,18,-1,1,-1
201536T150148,1,9,0,4,0,1,0,0,0,0,1,1,6,1,-1,-1,-1,-1,-1,-1,-1,-1
201536T150148,2,9,0,3,0,1,0,0,0,0,2,1,6,2,43,7,1796,1,16,-1,2,-1
201536T150149,1,5,0,18,0,0,1,0,0,0,1,1,6,1,36,7,1137,1,16,-1,3,-1
201536T150149,2,9,0,4,0,0,0,0,0,0,2,1,6,1,63,9,2993,2,2,-1,3,-1
201536T150150,1,17,0,18,0,0,0,0,7,9,1,1,1,1,60,9,-1,2,19,-1,2,-1
201536T150151,1,20,0,4,0,1,0,0,0,0,1,1,1,1,38,7,3908,2,16,-1,1,-1
201536T150151,2,9,0,7,0,5,0,0,0,0,2,1,1,2,29,6,998,1,15,-1,1,-1
201536T150152,1,9,0,9,0,6,0,0,0,0,3,1,6,2,51,8,1390,1,13,-1,2,-1
201536T150152,2,1,0,18,9,8,0,0,0,0,1,1,6,1,13,3,-1,-1,-1,-1,3,-1
201536T150153,1,9,0,17,0,1,0,0,1,0,1,1,2,1,38,7,-1,-1,-1,-1,2,-1
201536T150154,1,9,0,4,0,1,0,0,0,0,1,1,6,2,32,6,1896,2,7,-1,3,-1
201536T150154,2,9,0,8,0,1,0,0,0,0,2,1,1,2,46,8,1798,1,3,-1,1,-1
201536T150156,1,9,0,16,0,0,2,0,7,10,1,1,2,1,22,5,1149,1,15,-1,3,-1
201536T150157,1,9,0,9,0,5,0,0,0,0,1,1,6,1,37,7,-1,-1,-1,-1,1,-1
201536T150157,2,9,0,7,0,5,0,0,0,0,3,1,6,2,22,5,954,1,20,-1,1,-1
201536T150158,1,9,0,18,0,0,1,0,0,0,1,1,1,2,20,4,998,1,7,-1,1,-1
201536T150158,2,19,0,4,0,0,0,0,0,0,2,1,1,1,56,9,-1,-1,-1,-1,3,-1
201536T150158,3,19,0,4,0,0,0,0,0,0,2,1,1,1,23,5,1995,2,3,-1,-1,-1
201536T150159,1,3,0,5,0,6,0,0,0,0,0,1,6,1,24,5,125,1,4,-1,1,-1
201536T150160,1,9,0,18,0,0,2,0,7,4,1,1,6,1,19,4,1399,2,9,-1,2,-1
201536T150161,1,9,0,18,0,8,0,0,0,0,1,1,2,2,25,5,1956,2,2,-1,3,-1
201536T150161,2,9,0,18,0,8,0,0,0,0,4,1,2,2,52,8,1598,1,16,-1,1,-1
201536T150162,1,9,0,18,0,0,0,0,0,0,1,1,3,2,41,7,1870,2,9,-1,3,-1
201536T150163,1,9,0,18,0,0,1,0,1,10,1,1,6,2,26,6,1229,1,9,-1,3,-1
201536T150164,1,9,0,4,0,2,0,0,0,0,1,1,6,2,44,7,1598,1,17,-1,1,-1
201536T150164,2,9,0,4,0,2,0,0,0,0,2,1,6,1,30,6,1490,1,8,-1,1,-1
201536T150165,1,1,0,18,9,0,0,0,0,0,1,1,6,1,17,4,-1,-1,-1,-1,-1,-1
201536T150166,1,9,0,18,0,5,5,0,1,0,4,1,6,1,47,8,1686,2,6,-1,1,-1
201536T150167,1,9,0,16,0,0,5,0,7,10,1,1,6,1,27,6,1560,2,9,-1,3,-1
201536T150168,1,9,0,18,0,8,0,0,0,0,3,1,6,2,41,7,-1,-1,-1,-1,1,-1
201536T150168,2,9,0,9,0,5,0,0,0,0,1,1,2,2,26,6,1200,1,1,-1,1,-1
201536T150169,1,9,0,12,0,0,0,0,0,0,2,1,6,1,75,10,1871,2,11,-1,-1,-1
201536T150169,2,9,0,18,0,0,0,0,0,0,1,1,6,1,26,6,1798,1,8,-1,1,-1
201536T150170,1,3,0,5,0,4,1,0,0,0,4,1,1,1,17,4,125,1,2,-1,1,-1
201536T150171,1,9,0,7,0,5,0,0,0,0,4,1,2,2,20,4,1299,1,9,-1,-1,-1
201536T150171,2,1,0,18,0,8,0,0,0,0,1,1,2,1,35,6,-1,-1,-1,-1,1,-1
201536T150172,1,9,0,18,0,1,0,0,0,0,1,1,1,1,30,6,1242,1,3,-1,1,-1
201536T150172,2,9,0,3,0,1,0,0,0,0,2,1,1,1,25,5,1560,2,1,-1,1,-1
201536T150172,3,9,0,10,0,8,0,0,0,0,2,1,2,2,30,6,1398,1,-1,-1,-1,-1
201536T150173,1,9,0,18,0,0,1,0,1,7,1,1,6,1,30,6,2698,2,7,-1,-1,-1
201536T150174,1,3,0,5,0,4,1,0,0,0,3,1,6,1,24,5,125,1,8,-1,-1,-1
201536T150175,1,9,0,18,0,0,1,0,1,0,1,1,6,1,19,4,1590,1,16,-1,2,-1
201536T150176,1,9,0,5,0,4,0,0,0,0,1,1,6,2,75,10,1240,1,11,-1,1,-1
201536T150176,2,9,0,18,0,8,0,0,0,0,4,1,6,1,23,5,1896,2,11,-1,1,-1
201536T150177,1,5,0,18,0,0,1,0,0,0,1,1,6,1,69,10,499,1,17,-1,3,-1
201536T150177,2,11,0,14,0,0,0,0,0,0,0,1,1,1,66,10,4580,2,8,-1,3,-1
201536T150178,1,9,0,17,0,0,0,0,1,9,1,1,1,1,41,7,998,1,-1,-1,3,-1
201536T150179,1,9,0,16,0,1,0,0,0,0,1,1,1,1,63,9,1997,1,10,-1,2,-1
201536T150179,2,9,0,10,0,8,0,0,0,0,2,1,6,2,49,8,1229,1,6,-1,3,-1
201536T150179,3,9,0,17,0,1,0,0,0,0,3,1,2,1,47,8,1497,1,12,-1,2,-1
201536T150180,1,2,0,7,0,6,1,0,0,0,4,1,6,1,19,4,108,1,-1,-1,1,-1
201536T150181,1,9,0,18,0,0,0,0,1,4,1,1,6,1,23,5,1360,1,12,-1,1,-1
201536T150182,1,9,0,9,0,6,0,0,3,1,3,1,6,1,27,6,1997,2,5,-1,2,-1
201536T150182,2,9,0,18,0,8,1,0,0,0,1,1,6,1,22,5,1968,2,8,-1,3,-1
201536T150183,1,9,0,18,0,0,0,0,1,10,1,1,6,1,83,11,1598,1,13,-1,-1,-1
201536T150184,1,9,0,17,0,0,5,0,1,0,4,1,2,1,46,8,1560,2,11,-1,1,-1
201536T150185,1,9,0,18,0,0,1,0,7,4,1,1,1,1,20,4,1388,1,8,-1,1,-1
201536T150186,1,2,0,4,0,1,1,0,0,0,1,1,3,1,16,4,49,1,2,-1,2,-1
201536T150186,2,9,0,10,0,8,0,0,0,0,2,1,6,1,30,6,1956,2,3,-1,1,-1
201536T150187,1,9,0,9,0,6,0,0,0,0,1,1,1,1,25,5,-1,-1,-1,-1,1,-1
201536T150187,2,9,0,18,0,8,0,0,0,0,1,1,6,2,35,6,1995,1,5,-1,-1,-1
201536T150188,1,9,0,16,0,8,1,0,7,4,1,1,6,2,50,8,1995,2,13,-1,3,-1
201536T150189,1,3,0,18,0,0,1,0,0,0,4,1,6,1,30,6,124,1,5,-1,1,-1
201536T150191,1,19,0,9,0,5,0,0,0,0,1,1,6,1,31,6,1997,2,12,-1,1,-1
201536T150191,2,2,0,10,0,1,0,0,0,0,1,1,6,1,20,4,125,1,-1,-1,1,-1
201536T150192,1,9,0,4,0,0,0,0,0,0,1,1,6,1,19,4,1995,2,12,-1,1,-1
201536T150192,2,9,0,12,0,0,0,0,0,0,2,1,6,1,33,6,1600,1,17,-1,1,-1
201536T150193,1,3,0,4,0,1,0,0,0,0,3,1,6,1,17,4,124,1,2,-1,1,-1
201536T150194,1,9,0,18,0,0,1,0,1,4,4,1,2,2,38,7,1560,2,8,-1,1,-1
201536T150195,1,9,0,16,0,0,2,0,1,9,1,1,6,1,17,4,1124,1,13,-1,1,-1
201536T150197,1,9,0,5,0,6,0,0,0,0,1,2,6,1,32,6,-1,-1,-1,-1,3,-1
201536T150197,2,9,0,18,0,8,0,0,7,11,1,1,6,2,38,7,1997,2,14,-1,3,-1
201536T150198,1,3,0,18,0,0,0,0,0,0,1,1,6,1,44,7,125,1,4,-1,1,-1
201536T150198,2,9,0,18,0,0,0,0,1,0,2,1,6,1,51,8,-1,-1,-1,-1,-1,-1
201536T150198,3,9,0,18,0,0,0,0,0,0,2,1,6,1,49,8,-1,-1,-1,-1,2,-1
201536T150199,1,9,0,5,0,6,0,0,0,0,1,1,3,2,17,4,1368,1,8,-1,3,-1
201536T150199,2,9,0,18,0,8,0,0,0,0,4,1,6,1,19,4,1341,1,10,-1,1,-1
201536T150200,1,9,0,4,0,1,1,0,0,0,1,1,6,2,30,6,1796,1,14,-1,-1,-1
201536T150200,2,9,0,4,0,1,0,0,0,0,2,1,6,2,42,7,1598,1,12,-1,2,-1
201536T150201,1,9,0,18,0,0,5,0,1,4,4,1,6,2,21,5,1461,2,11,-1,2,-1
201536T150202,1,9,0,18,0,8,1,10,1,1,1,1,6,1,26,6,1124,1,13,-1,1,-1
201536T150203,1,9,0,2,0,0,0,0,0,0,0,1,6,1,25,5,-1,-1,-1,-1,3,-1
201536T150203,2,9,0,18,0,0,0,11,0,0,4,1,4,1,60,9,2184,2,11,-1,1,-1
201536T150204,1,9,0,4,0,1,0,0,0,0,1,1,6,1,-1,-1,998,1,9,-1,1,-1
201536T150204,2,2,0,3,0,1,0,0,0,0,2,1,6,1,19,4,125,1,4,-1,-1,-1
201536T150205,1,9,0,7,0,6,0,0,0,0,3,1,2,1,30,6,1397,1,12,-1,1,-1
201536T150205,2,1,0,18,0,8,0,0,0,0,1,1,2,1,20,4,-1,-1,-1,-1,1,-1
201536T150207,1,9,0,16,0,8,1,0,7,4,1,1,6,2,37,7,1389,1,14,-1,3,-1
201536T150208,1,9,0,18,0,0,0,0,1,4,1,1,6,2,55,8,2696,2,11,-1,1,-1
201536T150210,1,9,0,4,0,1,0,0,0,0,1,1,6,1,62,9,-1,-1,-1,-1,2,-1
201536T150210,2,9,0,3,0,1,0,0,0,0,2,1,6,3,-1,-1,2902,2,8,-1,-1,-1
201536T150211,1,97,0,3,0,1,0,0,0,0,2,1,6,1,17,4,49,1,5,-1,1,-1
201536T150211,2,9,0,4,0,1,0,0,0,0,1,1,6,1,60,9,1968,2,1,-1,1,-1
201536T150212,1,9,0,4,0,1,0,0,0,0,1,1,6,1,23,5,1968,2,10,-1,1,-1
201536T150212,2,9,0,8,0,1,0,0,0,0,2,1,6,1,46,8,1198,1,9,-1,2,-1
2015379384515,1,19,0,1,0,2,0,0,0,0,2,1,2,1,36,7,2198,2,8,-1,1,-1
2015379384515,2,9,0,2,0,2,0,0,0,0,1,1,6,2,22,5,1598,1,13,-1,1,-1
201537CA94400,1,9,0,5,0,4,0,0,0,0,3,1,6,1,30,6,1360,1,12,-1,3,-1
201537CA94400,2,3,0,9,0,8,0,0,0,0,1,1,6,1,20,4,-1,-1,-1,-1,2,-1
201537EA86559,1,9,0,18,0,0,1,0,1,0,1,1,6,1,21,5,1796,1,11,-1,1,-1
201537EA86559,2,3,0,18,0,0,1,0,1,0,2,1,6,1,17,4,124,1,2,-1,3,-1
201537EA86874,1,9,0,3,0,1,0,0,0,0,1,1,6,1,53,8,1596,1,3,-1,1,-1
201537EA86874,2,9,0,3,0,1,0,0,0,0,2,1,1,2,49,8,1560,2,6,-1,1,-1
201537EA86878,1,9,0,18,0,0,0,0,0,0,1,1,6,1,31,6,2967,1,12,-1,3,-1
201537EA86878,2,9,0,2,6,0,0,0,7,10,1,1,6,1,48,8,1796,1,13,-1,3,-1
201537EA86906,1,9,0,18,0,0,0,0,0,0,1,1,6,1,67,10,1956,2,2,-1,1,-1
201537EA86906,2,9,0,3,0,0,0,0,0,0,2,1,2,2,21,5,1388,1,10,-1,1,-1
201537EA86919,1,9,0,18,0,1,1,10,3,1,3,1,6,1,38,7,-1,-1,-1,-1,3,-1
201537EA86919,2,21,4,18,0,1,0,0,0,0,1,1,1,1,42,7,12777,2,3,-1,1,-1
201537EA86949,1,9,0,18,0,0,0,0,0,0,1,1,1,1,35,6,5600,1,11,-1,1,-1
201537EA86950,1,9,0,18,0,0,0,0,0,0,1,1,2,2,21,5,-1,-1,-1,-1,3,-1
201537EA86950,2,17,0,18,0,0,0,0,0,0,2,1,1,1,31,6,4400,2,2,-1,2,-1
201537EA86953,1,3,0,18,0,1,1,0,0,0,1,1,6,1,18,4,125,1,1,-1,1,-1
201537EA86953,2,9,0,4,0,1,0,0,0,0,2,1,6,1,64,9,1242,1,13,-1,3,-1
201537EA86959,1,9,0,4,0,8,1,0,0,0,1,1,2,2,22,5,-1,-1,-1,-1,1,-1
201537EA86959,2,19,0,4,0,8,0,0,0,0,2,1,1,1,27,6,1995,2,2,-1,1,-1
201537EA86959,3,9,0,4,0,8,0,0,0,0,2,1,6,1,42,7,1910,2,9,-1,3,-1
201537EA86964,1,9,0,17,0,0,0,0,0,0,1,1,2,1,22,5,1390,1,8,-1,1,-1
201537EA86964,2,9,0,2,0,0,0,0,0,0,1,1,6,1,-1,-1,1997,2,15,-1,3,-1
201537EA86965,1,9,0,4,0,0,1,0,0,0,1,1,1,1,22,5,2980,2,21,-1,3,-1
201537EA86965,2,9,0,4,0,0,0,0,0,0,3,1,1,1,64,9,-1,-1,-1,-1,1,-1
201537EA86968,1,9,0,9,0,8,0,0,0,0,1,1,6,2,75,10,1988,1,16,-1,1,-1
201537EA86968,2,1,0,18,0,8,0,0,0,0,3,1,6,1,54,8,-1,-1,-1,-1,3,-1
201537EA87008,1,9,0,18,0,0,5,0,1,0,0,1,1,2,19,4,1328,1,11,-1,3,-1
201537EA87051,1,9,0,9,0,1,0,0,0,0,1,1,1,1,19,4,1995,2,11,-1,2,-1
201537EA87051,2,9,0,17,0,1,0,0,0,0,1,1,1,1,34,6,-1,-1,-1,-1,2,-1
201537EA87055,1,9,0,4,0,1,0,0,0,0,1,1,6,1,45,7,2179,2,1,-1,1,-1
201537EA87055,2,9,0,4,0,1,0,0,0,0,2,1,6,1,30,6,1364,1,6,-1,1,-1
201537EA87070,1,1,0,18,9,1,0,0,0,0,3,1,6,1,53,8,-1,-1,-1,-1,2,-1
201537EA87070,2,9,0,5,9,1,0,0,0,0,1,1,1,1,-1,-1,-1,-1,-1,-1,-1,-1
201537EA87084,1,9,0,18,0,0,0,0,0,0,3,1,6,1,44,7,1951,2,14,-1,2,-1
201537EA87084,2,9,0,18,0,0,0,0,0,0,3,1,6,2,44,7,1598,1,10,-1,3,-1
201537EA87091,1,8,0,18,0,1,0,0,0,0,1,1,1,2,26,6,1997,2,7,-1,1,-1
201537EA87091,2,9,0,10,0,1,0,0,0,0,2,1,2,2,44,7,1995,2,5,-1,3,-1
201537EA87118,1,20,0,18,0,0,0,0,0,0,1,1,1,1,61,9,6692,2,3,-1,1,-1
201537EA87118,2,9,0,2,0,0,0,0,0,0,2,1,6,1,18,4,-1,-1,-1,-1,2,-1
201537EA87119,1,9,0,18,0,0,0,0,0,0,4,1,6,3,-1,-1,-1,-1,-1,-1,-1,-1
201537EA87120,1,9,0,5,0,1,0,0,0,0,4,1,2,2,23,5,1242,1,9,-1,3,-1
201537EA87120,2,9,0,4,0,2,0,0,0,0,1,1,2,1,59,9,2874,2,16,-1,1,-1
201537EA87123,1,9,0,18,0,0,0,11,0,0,1,1,6,1,48,8,2143,2,1,-1,1,-1
201537EA87125,1,9,0,9,0,8,0,0,0,0,1,1,6,2,45,7,1380,1,12,-1,1,-1
201537EA87125,2,9,0,18,0,1,0,0,1,0,1,1,6,1,23,5,-1,-1,-1,-1,1,-1
201537EA87127,1,9,0,18,0,4,0,0,0,0,1,1,6,2,66,10,1499,2,1,-1,3,-1
201537EA87127,2,1,0,18,0,8,0,0,0,0,1,1,6,1,46,8,-1,-1,-1,-1,1,-1
201537EA87132,1,9,0,16,0,0,1,0,0,0,1,1,6,1,46,8,-1,-1,-1,-1,1,-1
201537EA87132,2,9,0,17,0,0,1,0,0,0,1,1,6,1,25,5,2393,1,15,-1,3,-1
201537EA87147,1,19,0,7,0,1,0,0,0,0,1,1,6,3,-1,-1,-1,-1,-1,-1,-1,-1
201537EA87147,2,1,0,8,0,1,0,0,0,0,2,1,4,1,15,3,-1,-1,-1,-1,1,-1
201537EA87156,1,3,0,7,0,1,1,0,0,0,1,1,6,1,18,4,124,1,16,-1,3,-1
201537EA87156,2,9,0,9,0,1,0,0,0,0,4,1,6,1,62,9,1896,2,9,-1,1,-1
201537EA87160,1,9,0,17,0,0,0,0,1,0,1,1,6,2,21,5,1968,2,10,-1,1,-1
201537EA87160,2,9,0,16,0,0,0,0,0,0,1,1,6,1,37,7,-1,-1,-1,-1,-1,-1
201537EA87169,1,9,0,9,0,2,0,0,0,0,1,1,6,2,49,8,1988,1,14,-1,1,-1
201537EA87169,2,9,0,17,0,1,0,0,0,0,1,1,6,1,52,8,1560,2,1,-1,3,-1
201537EA87171,1,9,0,5,0,6,0,0,1,0,3,1,6,1,20,4,-1,-1,-1,-1,3,-1
201537EA87171,2,17,4,18,0,1,0,0,7,11,1,1,1,1,63,9,-1,2,1,-1,2,-1
201537EA87173,1,9,0,18,0,0,0,0,0,0,1,1,1,1,44,7,1560,2,3,-1,1,-1
201537EA87173,2,9,0,18,0,0,0,0,0,0,2,1,6,2,34,6,1997,2,7,-1,3,-1
201537EA87174,1,19,0,18,0,0,0,0,0,0,1,1,1,1,-1,-1,1753,2,11,-1,1,-1
201537EA87174,2,19,0,18,0,0,0,0,0,0,2,1,1,1,-1,-1,-1,-1,-1,-1,2,-1
201537EA87174,3,9,0,18,0,0,0,0,0,0,2,1,6,1,-1,-1,-1,-1,-1,-1,1,-1
201537EA87174,4,9,0,18,0,0,0,0,0,0,2,1,6,1,-1,-1,1995,2,2,-1,3,-1
201537EA87174,5,9,0,18,0,0,0,0,0,0,2,1,6,2,39,7,1364,1,9,-1,1,-1
201537EA87174,6,9,0,18,0,0,0,0,0,0,2,1,6,2,-1,-1,3456,8,5,-1,3,-1
201537EA87180,1,9,0,16,0,0,0,4,0,0,1,1,2,2,43,7,1799,1,9,-1,1,-1
201537EA87180,2,9,0,16,0,0,0,0,0,0,1,1,2,2,33,6,1360,1,8,-1,1,-1
201537EA87180,3,9,0,16,0,0,0,0,0,0,1,1,2,1,41,7,1339,1,9,-1,1,-1
201537EA87180,4,9,0,16,0,0,0,0,0,0,2,1,2,2,27,6,-1,-1,-1,-1,1,-1
201537EA87188,1,9,0,2,0,0,0,0,0,0,3,1,6,1,57,9,1596,1,13,-1,2,-1
201537EA87188,2,9,0,18,0,0,0,0,0,0,4,1,6,2,78,11,1386,1,2,-1,3,-1
201537EA87212,1,9,0,9,0,2,0,0,0,0,1,1,2,1,26,6,1396,1,16,-1,3,-1
201537EA87212,2,9,0,4,0,1,0,0,0,0,1,1,3,1,46,8,1560,2,6,-1,3,-1
201537EA87223,1,9,0,18,0,0,0,0,0,0,1,1,1,1,70,10,1968,2,5,-1,3,-1
201537EA87223,2,9,0,2,0,0,0,0,0,0,2,1,6,1,59,9,-1,-1,-1,-1,3,-1
201537EA87223,3,9,0,2,0,0,0,0,0,0,2,1,6,1,51,8,-1,-1,-1,-1,2,-1
201537EA87226,1,9,0,18,0,0,0,0,0,0,1,1,6,1,67,10,1600,1,13,-1,1,-1
201537EA87226,2,19,0,18,0,0,0,0,0,0,2,1,1,1,31,6,1995,2,3,-1,1,-1
201537EA87229,1,9,0,7,0,6,0,0,0,0,1,1,6,1,27,6,1390,1,6,-1,1,-1
201537EA87229,2,1,0,7,0,2,0,0,0,0,4,1,6,2,64,9,-1,-1,-1,-1,1,-1
201537EA87230,1,9,0,18,0,0,0,0,0,0,1,1,2,2,38,7,1995,2,-1,-1,2,-1
201537EA87230,2,21,1,18,0,0,0,0,0,0,1,1,1,1,49,8,12740,2,4,-1,1,-1
201537EA87230,3,9,0,18,0,0,0,0,0,0,2,1,2,2,44,7,1997,2,7,-1,2,-1
201537EA87230,4,9,0,18,0,0,0,0,0,0,2,1,2,1,47,8,1968,2,2,-1,1,-1
201537EA87233,1,1,0,18,0,0,0,0,0,0,1,1,2,1,29,6,-1,-1,-1,-1,1,-1
201537EA87235,1,3,0,4,0,0,1,0,0,0,0,1,2,2,55,8,125,1,2,-1,2,-1
201537EA87241,1,9,0,9,0,0,0,0,7,10,4,1,6,1,19,4,1850,1,15,-1,1,-1
201537EA87241,2,9,0,18,0,0,0,0,0,0,1,1,6,2,64,9,1590,1,10,-1,1,-1
201537EA87243,1,9,0,18,0,0,0,0,0,0,1,1,1,1,26,6,1598,2,1,-1,3,-1
201537EA87243,2,1,0,18,0,0,0,0,0,0,2,1,2,1,52,8,-1,-1,-1,-1,3,-1
201537EA87258,1,21,1,7,9,6,0,0,0,10,3,1,1,1,67,10,-1,2,20,-1,1,-1
201537EA87260,1,9,0,18,0,0,0,12,0,0,1,1,6,1,22,5,1998,1,11,-1,1,-1
201537EA87270,1,90,0,18,0,6,0,0,7,0,4,1,6,1,36,7,-1,-1,-1,-1,2,-1
201537EA87270,2,19,0,18,0,1,0,0,0,0,1,1,1,1,52,8,-1,-1,-1,-1,1,-1
201537EA87273,1,9,0,15,0,0,0,0,0,0,3,1,6,1,57,9,1588,1,16,-1,1,-1
201537EA87273,2,11,0,4,0,0,0,0,0,0,3,1,1,1,39,7,4250,2,5,-1,3,-1
201537EA87284,1,9,0,4,0,0,0,0,0,0,2,1,6,1,30,6,1968,2,4,-1,1,-1
201537EA87284,2,9,0,18,0,0,0,0,0,0,1,1,6,1,50,8,1997,2,7,-1,2,-1
201537EA87290,1,9,0,18,0,0,5,0,0,10,4,1,6,2,36,7,-1,-1,-1,-1,2,-1
201537EA87296,1,9,0,9,0,6,0,0,0,0,3,1,2,1,62,9,1896,2,14,-1,3,-1
201537EA87296,2,9,0,18,0,1,0,0,0,0,1,1,2,1,24,5,1398,2,13,-1,3,-1
201537EA87308,1,9,0,18,0,0,0,0,1,4,1,1,6,1,17,4,1400,1,16,-1,3,-1
201537EA87311,1,9,0,15,4,0,0,0,1,3,1,1,2,1,20,4,1596,1,10,-1,1,-1
201537EA87311,2,9,0,7,0,0,0,0,0,0,4,1,6,1,32,6,1598,1,13,-1,1,-1
201537EA87312,1,9,0,5,9,1,0,0,0,0,1,1,1,1,69,10,3960,6,20,-1,1,-1
201537EA87312,2,1,0,18,9,1,0,0,0,0,4,1,2,1,58,9,-1,-1,-1,-1,1,-1
201537EA87320,1,9,0,7,0,1,0,0,0,0,4,1,1,2,36,7,1998,2,9,-1,1,-1
201537EA87320,2,9,0,10,0,1,0,0,0,0,3,1,1,1,68,10,2435,1,20,-1,1,-1
201537EA87329,1,9,0,9,0,1,0,0,0,0,1,1,1,1,39,7,-1,-1,-1,-1,1,-1
201537EA87329,2,20,0,18,0,1,0,0,0,0,1,1,1,1,57,9,-1,-1,-1,-1,2,-1
201537EA87330,1,9,0,9,0,3,0,0,0,0,4,1,6,2,22,5,1896,2,17,-1,1,-1
201537EA87330,2,1,0,18,0,4,0,0,0,0,1,1,6,2,48,8,-1,-1,-1,-1,1,-1
201537EA87332,1,9,0,18,0,0,1,0,7,4,1,1,6,1,41,7,-1,-1,-1,-1,3,-1
201537EA87333,1,21,0,18,0,2,0,10,3,11,1,1,1,1,65,9,9290,2,2,-1,1,-1
201537EA87335,1,9,0,12,0,1,0,0,0,0,3,1,6,1,66,10,1596,1,8,-1,1,-1
201537EA87335,2,9,0,14,0,8,0,0,0,0,1,1,1,1,33,6,1560,2,1,-1,3,-1
201537EA87338,1,9,0,4,0,1,1,0,0,0,1,1,6,2,29,6,1598,1,18,-1,3,-1