Accident_Index,Vehicle_Reference,Vehicle_Type,Towing_and_Articulation,Vehicle_Manoeuvre,Vehicle_Location-Restricted_Lane,Junction_Location,Skidding_and_Overturning,Hit_Object_in_Carriageway,Vehicle_Leaving_Carriageway,Hit_Object_off_Carriageway,1st_Point_of_Impact,Was_Vehicle_Left_Hand_Drive?,Journey_Purpose_of_Driver,Sex_of_Driver,Age_of_Driver,Age_Band_of_Driver,Engine_Capacity_(CC),Propulsion_Code,Age_of_Vehicle,Driver_IMD_Decile,Driver_Home_Area_Type,Vehicle_IMD_Decile
201537EA87338,2,9,0,3,0,1,0,0,0,0,2,1,6,1,20,4,-1,-1,-1,-1,1,-1
201537EA87338,3,9,0,10,0,1,0,0,0,0,2,1,6,1,37,7,1149,1,16,-1,1,-1
201537EA87344,1,9,0,9,0,8,0,0,0,0,1,1,6,1,66,10,1686,2,1,-1,1,-1
201537EA87344,2,9,0,18,0,1,0,0,0,0,1,1,6,2,73,10,1299,1,13,-1,-1,-1
201537EA87345,1,9,0,17,0,2,0,4,0,0,1,1,6,1,25,5,2494,1,21,-1,2,-1
201537EA87345,2,19,0,2,0,2,0,4,0,0,1,1,6,1,54,8,2198,2,3,-1,1,-1
201537EA87359,1,9,0,9,0,8,0,0,0,0,4,1,6,2,71,10,1198,1,9,-1,1,-1
201537EA87359,2,4,0,18,0,1,0,0,0,0,1,1,6,1,47,8,125,1,1,-1,1,-1
201537EA87362,1,9,0,18,0,4,0,0,0,0,3,1,6,1,42,7,-1,-1,-1,-1,1,-1
201537EA87362,2,1,0,18,0,8,1,0,0,0,1,1,6,1,21,5,-1,-1,-1,-1,1,-1
201537EA87365,1,19,0,18,0,0,0,0,0,0,3,1,6,1,25,5,-1,-1,-1,-1,3,-1
201537EA87365,2,9,0,18,0,0,0,0,0,0,3,1,6,1,28,6,1598,1,14,-1,1,-1
201537EA87366,1,21,4,5,0,2,0,0,0,0,4,1,1,1,73,10,11000,2,14,-1,1,-1
201537EA87366,2,9,0,18,0,2,0,0,1,0,1,1,2,1,25,5,2500,1,6,-1,2,-1
201537EA87368,1,9,0,16,0,0,0,0,0,0,4,1,1,2,24,5,-1,-1,-1,-1,2,-1
201537EA87368,2,9,0,18,0,0,0,0,0,0,1,1,6,1,68,10,-1,-1,-1,-1,-1,-1
201537EA87370,1,9,0,18,0,0,1,0,2,4,3,1,6,1,44,7,-1,-1,-1,-1,-1,-1
201537EA87370,2,21,1,18,0,0,0,0,0,0,1,1,6,1,33,6,11946,2,4,-1,2,-1
201537EA87374,1,9,0,18,0,0,0,4,0,0,1,1,6,1,84,11,1581,1,19,-1,2,-1
201537EA87374,2,9,0,2,0,0,0,0,0,0,3,1,6,2,67,10,2191,2,-1,-1,3,-1
201537EA87375,1,9,0,5,0,4,0,0,0,0,1,1,1,2,27,6,1596,1,6,-1,1,-1
201537EA87375,2,9,0,3,0,4,0,0,0,0,2,1,6,2,45,7,1968,2,5,-1,3,-1
201537EA87376,1,9,0,18,0,1,0,0,0,0,1,1,6,2,78,11,1997,1,2,-1,2,-1
201537EA87376,2,21,1,3,0,1,0,0,0,0,2,1,1,1,42,7,11967,2,4,-1,1,-1
201537EA87411,1,21,1,3,0,1,0,0,0,0,1,1,1,1,60,9,12740,2,2,-1,1,-1
201537EA87411,2,9,0,3,0,1,0,0,0,0,2,1,6,2,29,6,1997,2,4,-1,1,-1
201537EA87419,1,9,0,9,0,1,0,0,0,0,4,1,6,2,47,8,-1,-1,-1,-1,3,-1
201537EA87419,2,9,0,18,0,1,0,0,0,0,1,1,6,2,25,5,998,1,13,-1,2,-1
201537EA87420,1,9,0,18,0,0,0,0,0,0,1,1,6,1,63,9,1896,2,17,-1,3,-1
201537EA87431,1,9,0,18,0,0,0,0,7,0,1,1,6,3,-1,-1,-1,-1,-1,-1,-1,-1
201537EA87433,1,2,0,4,0,1,1,0,0,0,0,1,4,1,16,4,-1,-1,-1,-1,3,-1
201537EA87434,1,9,0,18,0,0,2,0,7,0,1,1,6,2,43,7,-1,-1,-1,-1,1,-1
201537EA87445,1,9,0,16,0,1,1,0,0,0,0,1,6,2,61,9,1240,1,12,-1,-1,-1
201537EA87449,1,21,0,17,0,0,5,0,0,0,1,1,1,1,26,6,6692,2,6,-1,3,-1
201537EA87451,1,9,0,18,0,3,0,0,0,0,1,1,6,3,-1,-1,-1,-1,-1,-1,-1,-1
201537EA87451,2,9,0,18,0,3,0,0,0,0,3,1,6,1,19,4,1149,1,2,-1,3,-1
201537EA87459,1,9,0,11,0,3,0,0,0,0,4,1,6,2,30,6,1149,1,6,-1,2,-1
201537EA87459,2,1,0,18,0,8,0,0,0,0,3,1,6,1,26,6,-1,-1,-1,-1,1,-1
201537EA87464,1,19,0,18,0,6,0,0,2,1,1,1,1,1,23,5,-1,-1,-1,-1,2,-1
201537EA87464,2,19,0,18,0,8,0,0,2,1,3,1,1,1,53,8,-1,-1,-1,-1,3,-1
201537EA87466,1,19,0,18,0,0,0,0,0,0,1,1,6,3,-1,-1,-1,-1,-1,-1,-1,-1
201537EA87466,2,9,0,18,0,0,0,0,0,0,2,1,6,1,40,7,1798,1,6,-1,2,-1
201537EA87472,1,9,0,18,0,0,2,0,1,9,1,1,6,2,17,4,1598,1,11,-1,3,-1
201537EA87485,1,9,0,9,0,8,1,0,0,0,4,1,1,2,26,6,-1,-1,-1,-1,1,-1
201537EA87485,2,9,0,18,0,8,0,0,0,0,1,1,1,1,51,8,1995,2,2,-1,1,-1
201537EA87489,1,9,0,18,0,0,1,0,1,1,1,1,6,1,34,6,2793,1,19,-1,2,-1
201537EA87491,1,9,0,18,0,0,1,0,0,0,1,1,6,1,18,4,1196,1,18,-1,1,-1
201537EA87491,2,9,0,18,0,0,1,0,0,0,1,1,2,1,24,5,-1,-1,-1,-1,3,-1
201537EA87491,3,9,0,18,0,0,1,0,4,7,1,1,6,2,49,8,1896,2,12,-1,3,-1
201537EA87491,4,9,0,18,0,0,0,0,0,0,2,1,6,1,39,7,1984,2,2,-1,1,-1
201537EA87495,1,9,0,18,0,0,0,0,0,0,1,1,6,1,49,8,1997,2,12,-1,3,-1
201537EA87495,2,9,0,18,0,0,0,0,0,0,1,1,6,1,33,6,-1,-1,-1,-1,3,-1
201537EA87502,1,2,0,18,0,0,0,0,4,0,3,1,6,1,16,4,49,1,13,-1,1,-1
201537EA87502,2,3,0,18,0,0,0,0,4,0,4,1,6,1,18,4,85,1,16,-1,1,-1
201537EA87503,1,9,0,13,0,1,0,0,0,0,1,1,6,3,-1,-1,-1,-1,-1,-1,-1,-1
201537EA87503,2,9,0,9,0,5,0,0,0,0,1,1,6,2,57,9,-1,-1,-1,-1,1,-1
201537EA87510,1,19,0,16,0,0,1,10,7,9,3,1,1,1,19,4,-1,-1,-1,-1,3,-1
201537EA87515,1,21,1,18,0,0,0,10,7,1,1,1,1,1,57,9,-1,-1,-1,-1,1,-1
201537EA87515,2,9,0,18,0,0,0,0,0,0,3,1,6,1,17,4,-1,-1,-1,-1,1,-1
201537EA87515,3,9,0,18,0,0,0,0,0,0,3,1,6,1,38,7,1686,2,3,-1,1,-1
201537EA87517,1,4,0,9,0,1,1,0,0,0,0,1,6,1,17,4,125,1,5,-1,3,-1
201537EA87518,1,9,0,6,0,0,0,0,0,0,3,1,3,2,48,8,1796,2,1,-1,2,-1
201537EA87518,2,1,0,18,0,0,0,0,0,0,1,1,2,2,27,6,-1,-1,-1,-1,2,-1
201537EA87519,1,9,0,18,0,0,2,0,7,10,1,1,6,2,34,6,1299,1,14,-1,3,-1
201537EA87521,1,9,0,5,0,2,0,0,0,0,3,1,3,2,40,7,1587,1,11,-1,3,-1
201537EA87521,2,1,0,16,0,1,0,0,0,0,1,1,2,2,20,4,-1,-1,-1,-1,-1,-1
201537EA87522,1,9,0,7,0,2,0,0,0,0,1,1,6,1,65,9,2000,2,4,-1,3,-1
201537EA87544,1,9,0,4,0,0,0,0,0,0,0,1,6,3,-1,-1,-1,-1,-1,-1,-1,-1
201537EA87544,2,9,0,4,0,0,0,0,0,0,0,1,6,3,-1,-1,-1,-1,-1,-1,-1,-1
201537EA87544,3,9,0,4,0,0,1,0,4,6,3,1,6,2,29,6,1598,1,13,-1,1,-1
201537EA87549,1,9,0,3,0,1,0,0,0,0,1,1,6,2,26,6,1364,1,11,-1,1,-1
201537EA87549,2,9,0,18,0,1,0,0,7,0,4,1,6,1,38,7,1999,1,8,-1,1,-1
201537EA87552,1,9,0,18,0,0,0,0,0,0,1,1,2,2,27,6,-1,-1,-1,-1,1,-1
201537EA87552,2,9,0,18,0,0,0,0,0,0,2,1,2,1,46,8,1461,2,4,-1,1,-1
201537EA87552,3,9,0,18,0,0,0,0,0,0,2,1,2,1,46,8,1749,1,14,-1,1,-1
201537EA87553,1,9,0,13,0,0,0,0,0,0,4,1,6,1,86,11,1149,1,11,-1,3,-1
201537EA87553,2,1,0,18,0,0,0,0,7,0,3,1,6,1,68,10,-1,-1,-1,-1,3,-1
201537EA87558,1,9,0,17,0,2,2,0,1,9,1,1,1,2,41,7,-1,-1,-1,-1,1,-1
201537EA87560,1,9,0,9,0,1,0,0,0,0,1,1,6,1,79,11,1997,2,14,-1,1,-1
201537EA87560,2,1,0,4,0,1,0,0,0,0,1,1,6,2,72,10,-1,-1,-1,-1,1,-1
201537EA87561,1,19,0,2,0,0,0,0,1,0,2,1,1,1,32,6,1598,2,2,-1,1,-1
201537EA87561,2,9,0,18,0,0,0,0,0,0,1,1,6,2,66,10,1229,1,9,-1,1,-1
201537EA87563,1,9,0,18,0,0,1,0,7,0,4,1,3,1,18,4,1896,2,11,-1,3,-1
201537EA87563,2,19,0,18,0,0,1,0,0,0,1,1,1,1,34,6,2198,2,1,-1,2,-1
201537EA87564,1,9,0,17,0,0,1,0,1,4,2,1,2,2,59,9,1587,1,9,-1,1,-1
201537EA87566,1,9,0,4,0,4,1,0,0,0,1,1,2,1,46,8,1560,2,9,-1,1,-1
201537EA87566,2,9,0,3,0,4,0,0,0,0,2,1,6,1,46,8,1149,1,16,-1,1,-1
201537EA87570,1,9,0,17,0,0,2,0,2,10,2,1,2,2,27,6,1368,1,7,-1,1,-1
201537EA87572,1,90,0,17,0,0,2,0,7,9,1,1,1,1,55,8,7146,2,7,-1,1,-1
201537EA87575,1,9,0,18,0,0,2,0,0,0,1,1,1,1,27,6,-1,-1,-1,-1,2,-1
201537EA87577,1,9,0,16,0,8,0,0,0,0,1,1,2,1,54,8,1997,2,7,-1,2,-1
201537EA87577,2,9,0,9,0,6,0,0,0,0,3,1,2,1,45,7,1796,1,13,-1,1,-1
201537EA87581,1,9,0,18,0,1,0,0,0,0,1,1,6,2,22,5,1598,1,9,-1,1,-1
201537EA87581,2,9,0,3,0,1,0,0,0,0,2,1,1,1,41,7,-1,-1,-1,-1,1,-1
201537EA87587,1,9,0,16,0,0,0,0,0,0,1,1,2,1,37,7,1968,2,8,-1,3,-1
201537EA87587,2,9,0,17,0,0,0,0,0,0,1,1,3,1,37,7,-1,-1,-1,-1,2,-1
201537EA87591,1,9,0,18,0,0,0,0,0,0,1,1,6,2,51,8,1086,1,13,-1,2,-1
201537EA87591,2,9,0,18,0,0,0,0,0,0,2,1,6,2,49,8,-1,-1,-1,-1,1,-1
201537EA87593,1,9,0,18,0,0,0,0,0,0,3,1,6,1,33,6,1399,2,11,-1,1,-1
201537EA87593,2,9,0,18,0,0,0,0,0,0,3,1,1,1,47,8,-1,-1,-1,-1,1,-1
201537EA87596,1,9,0,18,0,0,0,0,0,0,4,1,6,1,59,9,1910,2,9,-1,2,-1
201537EA87596,2,1,0,18,0,0,0,0,0,0,2,1,6,2,18,4,-1,-1,-1,-1,3,-1
201537EA87603,1,9,0,18,0,0,0,0,0,0,4,1,6,1,68,10,2902,2,8,-1,3,-1
201537EA87604,1,9,0,9,0,6,0,0,0,0,3,1,6,2,57,9,1956,2,5,-1,1,-1
201537EA87604,2,3,0,18,0,8,0,0,0,0,1,1,6,1,46,8,278,1,4,-1,1,-1
201537EA87608,1,9,0,18,0,0,0,0,0,0,1,1,6,1,17,4,1390,2,14,-1,1,-1
201537EA87608,2,9,0,17,0,0,0,0,1,0,1,1,6,1,45,7,2993,2,1,-1,1,-1
201537EA87609,1,9,0,18,0,0,0,0,0,0,1,1,6,1,75,10,-1,-1,-1,-1,1,-1
201537EA87611,1,11,0,17,0,0,0,0,0,0,0,1,1,1,53,8,-1,2,21,-1,1,-1
201537EA87611,2,9,0,16,0,0,2,0,1,9,4,1,2,2,22,5,-1,-1,-1,-1,1,-1
201537EA87612,1,9,0,18,0,0,0,0,0,0,1,1,6,1,66,10,1997,2,12,-1,3,-1
201537EA87612,2,9,0,18,0,0,0,0,0,0,1,1,6,1,33,6,-1,-1,-1,-1,3,-1
201537EA87614,1,9,0,18,0,4,0,0,0,0,0,1,6,3,-1,-1,-1,-1,-1,-1,-1,-1
201537EA87614,2,2,0,18,0,8,0,0,0,0,0,1,6,1,16,4,49,1,4,-1,1,-1
201537EA87632,1,9,0,9,0,2,0,0,0,0,1,1,3,2,44,7,1910,2,9,-1,1,-1
201537EA87632,2,9,0,18,0,1,0,0,0,0,1,1,6,2,37,7,1896,2,11,-1,1,-1
201537EA87644,1,9,0,17,0,0,0,0,0,0,1,1,6,1,54,8,1360,1,13,-1,1,-1
201537EA87647,1,9,0,15,0,8,0,0,0,0,3,1,6,1,66,10,2993,2,6,-1,3,-1
201537EA87647,2,2,0,18,0,8,0,0,0,0,4,1,6,1,16,4,49,1,12,-1,1,-1
201537EA87651,1,9,0,18,0,1,0,0,7,0,1,1,1,1,19,4,-1,-1,-1,-1,2,-1
201537EA87651,2,21,1,8,0,1,0,0,0,0,3,1,1,1,40,7,12777,2,7,-1,3,-1
201537EA87653,1,9,0,18,0,0,1,0,7,4,1,1,6,1,30,6,1999,1,12,-1,2,-1
201537EA87654,1,19,0,16,0,1,0,0,7,0,4,1,6,1,23,5,1248,2,4,-1,2,-1
201537EA87654,2,9,0,9,0,6,0,0,0,0,1,1,6,1,76,11,1388,1,3,-1,2,-1
201537EA87657,1,9,0,9,0,1,0,0,0,0,1,1,6,2,24,5,1596,1,12,-1,1,-1
201537EA87657,2,9,0,18,0,1,0,0,0,0,1,1,6,2,44,7,1598,1,2,-1,1,-1
201537EA87662,1,9,0,17,0,0,5,0,7,0,4,1,6,1,45,7,1242,1,10,-1,1,-1
201537EA87663,1,9,0,18,0,0,0,4,0,0,1,1,6,1,56,9,-1,-1,-1,-1,1,-1
201537EA87663,2,9,0,2,0,0,0,0,0,2,2,1,6,1,68,10,1995,2,13,-1,1,-1
201537EA87663,3,9,0,2,0,0,0,0,0,0,3,1,6,2,35,6,1490,1,8,-1,1,-1
201537EA87663,4,9,0,2,0,0,0,0,0,0,3,1,6,2,57,9,1339,1,6,-1,1,-1
201537EA87663,5,9,0,2,0,0,0,0,0,0,3,1,6,1,-1,-1,-1,-1,-1,-1,1,-1
201537EA87663,6,90,4,2,0,0,0,0,0,0,2,1,6,1,-1,-1,-1,-1,-1,-1,1,-1
201537EA87669,1,9,0,17,0,0,5,0,2,4,4,1,6,2,38,7,-1,-1,-1,-1,3,-1
201537EA87681,1,97,0,18,0,8,0,0,0,0,1,1,6,1,49,8,124,1,2,-1,1,-1
201537EA87681,2,9,0,18,0,8,0,0,0,0,4,1,6,1,24,5,1596,1,13,-1,1,-1
201537EA87693,1,1,0,4,0,8,1,0,0,0,1,1,6,1,24,5,-1,-1,-1,-1,1,-1
201537EA87693,2,9,0,5,0,8,0,0,0,0,4,1,6,2,36,7,1360,1,13,-1,1,-1
201537EA87697,1,9,0,10,0,1,0,0,0,0,4,1,6,1,30,6,1242,1,1,-1,1,-1
201537EA87697,2,9,0,5,0,8,0,0,0,0,1,1,6,2,53,8,1910,2,9,-1,1,-1
201537EA87700,1,21,1,18,0,0,1,0,0,0,1,1,1,1,56,9,12130,2,10,-1,1,-1
201537EA87700,2,21,1,3,0,0,0,0,0,0,2,1,1,1,33,6,12902,2,2,-1,2,-1
201537EA87701,1,9,0,18,0,0,0,0,0,0,1,1,6,2,21,5,1598,2,2,-1,3,-1
201537EA87701,2,9,0,18,0,0,0,0,0,0,2,1,6,2,28,6,1995,2,1,-1,1,-1
201537EA87702,1,9,0,18,0,0,0,0,0,0,1,1,6,1,44,7,-1,-1,-1,-1,3,-1
201537EA87702,2,9,0,18,0,0,0,0,1,0,1,1,6,1,22,5,1560,2,7,-1,3,-1
201537EA87704,1,19,0,7,0,8,0,0,0,0,4,1,6,1,27,6,2143,2,5,-1,1,-1
201537EA87704,2,8,0,18,0,8,0,0,0,0,1,1,1,1,54,8,2402,2,9,-1,1,-1
201537EA87708,1,9,4,18,0,0,1,0,0,0,1,1,6,1,-1,-1,2495,2,26,-1,3,-1
201537EA87708,2,9,0,4,0,0,0,0,0,0,1,1,3,2,28,6,2000,1,15,-1,-1,-1
201537EA87709,1,9,0,18,0,1,0,0,0,0,1,1,6,2,17,4,1242,1,2,-1,3,-1
201537EA87709,2,9,0,18,0,1,0,0,0,0,2,1,6,1,48,8,-1,-1,-1,-1,3,-1
201537EA87726,1,9,0,7,0,6,0,0,0,0,1,1,6,1,32,6,1796,1,7,-1,2,-1
201537EA87726,2,9,0,18,0,8,0,0,0,0,3,1,6,2,26,6,1360,1,6,-1,3,-1
201537EA87728,1,9,0,18,0,1,1,10,7,11,1,1,1,2,20,4,1560,2,1,-1,2,-1
201537EA87728,2,19,0,18,0,1,2,10,7,11,4,1,1,1,44,7,1998,2,11,-1,3,-1
201537EA87729,1,9,0,18,0,0,2,0,7,4,1,1,6,2,18,4,1242,1,11,-1,3,-1
201537EA87737,1,9,0,18,0,0,1,0,0,6,3,1,6,1,20,4,1124,1,15,-1,1,-1
201537EA87737,2,9,0,18,0,0,1,0,0,0,4,1,6,2,68,10,998,1,1,-1,2,-1
201537EA87740,1,9,0,17,0,0,0,0,0,0,1,1,3,2,39,7,1781,1,13,-1,1,-1
201537EA87740,2,9,0,17,0,0,1,0,0,0,2,1,1,2,30,6,1398,2,11,-1,1,-1
201537EA87748,1,9,0,1,0,0,0,0,0,0,2,1,6,2,26,6,1598,1,3,-1,1,-1
201537EA87748,2,9,0,2,0,0,0,0,0,0,4,1,6,1,27,6,1781,1,11,-1,3,-1
201537EA87749,1,9,0,18,0,0,2,0,7,0,3,1,2,2,39,7,1360,1,16,-1,2,-1
201537EA87756,1,9,0,9,0,5,0,0,0,0,4,1,6,1,33,6,1998,1,7,-1,1,-1
201537EA87756,2,3,0,18,0,1,0,0,0,0,1,1,6,1,36,7,125,1,2,-1,1,-1
201537EA87773,1,9,0,9,0,6,0,0,0,0,3,1,6,2,26,6,1339,1,12,-1,3,-1
201537EA87773,2,3,0,18,0,1,0,0,0,0,1,1,6,1,18,4,124,1,8,-1,1,-1
201537EA87774,1,9,0,1,0,1,0,0,0,0,2,1,6,1,51,8,1390,1,11,-1,1,-1
201537EA87778,1,9,0,13,0,0,1,10,1,4,4,1,6,1,52,8,2401,2,9,-1,1,-1
201537EA87778,2,9,0,9,0,0,0,0,0,0,3,1,6,1,43,7,1998,2,11,-1,2,-1
201537EA87779,1,9,0,18,0,0,0,0,0,0,1,1,2,2,46,8,1388,1,11,-1,1,-1
201537EA87786,1,9,0,18,0,0,0,0,0,0,3,1,2,2,35,6,997,1,13,-1,3,-1
201537EA87786,2,9,0,18,0,0,0,0,0,0,3,1,2,2,36,7,1248,2,8,-1,1,-1
201537EA87791,1,2,0,4,0,1,1,0,0,0,1,1,6,1,17,4,49,1,5,-1,1,-1
201537EA87791,2,9,0,10,0,1,0,0,0,0,2,1,6,1,28,6,1242,1,14,-1,1,-1
201537EA87851,1,19,0,18,0,1,0,0,0,0,1,1,6,3,-1,-1,-1,-1,-1,-1,-1,-1
201537EA87851,2,1,0,18,0,8,0,0,0,0,4,1,6,1,16,4,-1,-1,-1,-1,2,-1
201537EA87871,1,9,0,5,0,4,0,0,0,0,1,1,6,1,40,7,1997,2,2,-1,3,-1
201537EA87871,2,9,0,9,0,8,0,0,0,0,1,1,6,2,20,4,1242,1,4,-1,1,-1
201537EA87876,1,9,0,5,0,0,0,0,0,0,1,1,2,2,28,6,1796,1,11,-1,2,-1
201537EA87876,2,19,0,2,0,0,0,0,0,0,1,1,6,1,42,7,2287,2,7,-1,2,-1
201537EA87877,1,9,0,18,0,1,0,0,0,0,1,1,6,1,-1,-1,1461,2,9,-1,1,-1
201537EA87877,2,9,0,5,0,1,0,0,0,0,3,1,6,1,60,9,1988,2,11,-1,3,-1
201537EA87895,1,9,0,17,0,0,2,0,2,10,4,1,6,1,32,6,-1,-1,-1,-1,1,-1
201537EA87901,1,9,0,4,0,0,0,0,0,0,1,1,6,2,18,4,-1,-1,-1,-1,1,-1
201537EA87901,2,9,0,4,0,0,0,0,0,0,2,1,3,2,52,8,1600,2,5,-1,3,-1
201537EA87907,1,9,0,9,0,1,0,0,0,0,1,1,6,1,86,11,1598,1,12,-1,3,-1
201537EA87907,2,9,0,18,0,1,0,0,0,0,4,1,6,2,83,11,-1,-1,-1,-1,3,-1
201537EA87908,1,19,0,18,0,8,0,0,0,0,3,1,6,1,40,7,2198,2,2,-1,1,-1
201537EA87908,2,9,0,18,0,8,0,0,0,0,1,1,6,2,61,9,1461,2,1,-1,-1,-1
201537EA87916,1,21,1,18,0,0,0,0,0,0,4,1,6,3,-1,-1,-1,-1,-1,-1,-1,-1
201537EA87917,1,9,0,18,0,0,0,0,0,0,1,1,6,1,33,6,1796,1,11,-1,1,-1
201537EA87938,1,9,0,18,0,0,0,0,0,0,1,1,6,1,36,7,1248,2,8,-1,1,-1
201537EA87939,1,9,0,17,0,0,2,0,1,0,1,1,6,2,36,7,-1,-1,-1,-1,3,-1
201537EA87940,1,9,0,16,0,0,1,10,7,4,4,1,6,1,26,6,1999,1,8,-1,1,-1
201537EA87941,1,19,0,5,0,8,0,0,0,0,1,1,1,1,47,8,-1,-1,-1,-1,2,-1
201537EA87941,2,9,0,18,0,8,0,0,0,0,1,1,6,1,71,10,-1,-1,-1,-1,2,-1
201537EA87945,1,9,0,16,0,0,1,0,0,0,1,1,2,2,22,5,-1,-1,-1,-1,3,-1
201537EA87945,2,9,0,17,0,0,0,0,0,0,1,1,2,1,63,9,1339,1,3,-1,3,-1
201537EA87946,1,1,0,18,0,0,0,0,0,0,1,1,6,1,78,11,-1,-1,-1,-1,-1,-1
201537EA87946,2,9,0,2,0,0,0,0,0,0,2,1,6,1,-1,-1,1598,1,2,-1,3,-1
201537EA87949,1,9,0,3,0,1,0,0,0,0,1,1,6,1,39,7,1988,1,11,-1,1,-1
201537EA87949,2,9,0,3,0,1,0,0,0,0,2,1,6,2,54,8,1390,1,11,-1,1,-1
201537EA87953,1,9,0,5,0,1,0,0,0,0,3,1,6,2,52,8,-1,-1,-1,-1,-1,-1
201537EA87953,2,1,0,9,0,1,0,0,0,0,2,1,6,1,46,8,-1,-1,-1,-1,1,-1
201537EA87967,1,9,0,12,0,0,0,0,0,0,0,1,6,3,-1,-1,-1,-1,-1,-1,-1,-1
201537EA87967,2,5,0,13,0,0,0,0,0,0,0,1,1,2,31,6,645,1,3,-1,2,-1
201537EA87970,1,9,0,9,0,8,0,0,0,0,1,1,1,1,24,5,-1,-1,-1,-1,1,-1
201537EA87970,2,2,0,18,0,8,0,0,0,0,4,1,1,1,19,4,125,1,2,-1,1,-1
201537EA87976,1,9,0,17,0,0,5,0,0,0,1,1,6,2,55,8,996,1,2,-1,1,-1
201537EA87980,1,9,0,17,0,0,5,0,1,9,4,1,6,2,69,10,1396,1,17,-1,1,-1
201537EA87981,1,9,0,18,0,0,0,0,4,4,1,1,6,2,47,8,-1,-1,-1,-1,3,-1
201537EA87990,1,9,0,4,0,1,0,0,0,0,0,1,2,1,42,7,1951,2,12,-1,1,-1
201537EA87990,2,9,0,4,0,1,0,0,0,0,0,1,2,1,35,6,-1,-1,-1,-1,1,-1
201537EA87996,1,9,0,7,0,6,0,0,0,0,2,1,6,2,43,7,2188,2,12,-1,1,-1
201537EA87996,2,1,0,18,0,1,0,0,0,0,1,1,6,1,39,7,-1,-1,-1,-1,1,-1
201537EA87997,1,9,0,9,0,1,0,0,0,0,3,1,1,1,56,9,1560,2,1,-1,1,-1
201537EA87997,2,97,0,13,0,1,0,0,0,0,1,1,1,1,29,6,749,1,6,-1,-1,-1
201537EA87999,1,9,0,18,0,8,0,0,0,0,1,1,6,2,31,6,1984,1,15,-1,1,-1
201537EA87999,2,1,0,9,0,8,0,0,0,0,1,1,6,1,51,8,-1,-1,-1,-1,3,-1
201537EA88007,1,9,0,4,0,0,0,0,0,0,1,1,6,1,56,9,-1,-1,-1,-1,1,-1
201537EA88007,2,9,0,4,0,0,0,0,0,0,2,1,6,1,55,8,1988,2,8,-1,3,-1
201537EA88020,1,9,0,9,0,8,0,0,0,0,1,1,1,1,26,6,1984,1,-1,-1,2,-1
201537EA88020,2,5,0,18,0,8,0,0,0,0,1,1,6,1,47,8,645,1,16,-1,1,-1
201537EA88021,1,1,0,18,0,4,0,0,0,0,1,1,2,1,23,5,-1,-1,-1,-1,1,-1
201537EA88021,2,9,0,4,0,4,0,0,0,0,4,1,6,1,76,11,998,1,5,-1,2,-1
201537EA88031,1,9,0,16,0,0,2,0,1,0,1,1,6,2,20,4,1968,2,8,-1,2,-1
201537EA88037,1,9,0,18,0,0,1,0,0,11,1,1,6,1,34,6,2171,1,14,-1,1,-1
201537EA88054,1,4,0,18,2,8,0,0,0,0,4,1,6,1,21,5,-1,-1,-1,-1,1,-1
201537EA88054,2,9,0,18,0,8,0,0,0,0,1,1,6,1,17,4,1149,1,14,-1,1,-1
201537EA88067,1,9,0,18,0,1,0,0,0,0,4,1,6,1,25,5,1598,2,2,-1,2,-1
201537EA88067,2,9,0,9,0,6,0,0,0,0,1,1,6,2,53,8,-1,-1,-1,-1,-1,-1
201537EA88083,1,9,0,5,0,1,0,0,0,0,3,1,1,1,21,5,1560,2,10,-1,1,-1
201537EA88083,2,9,0,18,0,1,0,0,0,0,4,1,6,2,41,7,-1,-1,-1,-1,1,-1
201537EA88085,1,9,0,4,0,0,0,0,0,0,1,1,6,1,60,9,1348,1,13,-1,3,-1
201537EA88085,2,9,0,4,0,0,0,0,0,0,2,1,1,2,33,6,1364,1,10,-1,1,-1
201537EA88085,3,9,0,4,0,0,0,0,0,0,2,1,1,2,24,5,1995,2,3,-1,1,-1
201537EA88087,1,9,0,18,0,0,0,0,1,11,1,1,6,1,30,6,1149,1,7,-1,3,-1
201537EA88090,1,21,1,18,0,0,0,0,0,0,4,1,1,1,36,7,12419,2,3,-1,3,-1
201537EA88094,1,9,0,16,0,0,1,10,7,10,4,1,6,1,18,4,-1,-1,-1,-1,1,-1
201537EA88094,2,9,0,2,9,0,0,0,0,0,3,1,6,3,-1,-1,2000,2,11,-1,-1,-1
201537EA88101,1,5,0,18,0,0,1,0,0,0,3,1,6,1,26,6,998,1,14,-1,3,-1
201537EA88102,1,9,0,9,0,1,0,0,0,0,1,1,1,2,42,7,-1,-1,-1,-1,1,-1
201537EA88102,2,9,0,18,0,1,0,0,0,0,1,1,6,2,41,7,1968,2,7,-1,3,-1
201537EA88102,3,9,0,3,0,1,0,0,0,0,1,1,1,1,37,7,-1,-1,-1,-1,1,-1
201537EA88120,1,9,0,18,0,0,0,0,0,0,4,1,6,2,39,7,1587,1,10,-1,1,-1
201537EA88120,2,1,0,9,0,0,0,0,0,0,1,1,6,1,13,3,-1,-1,-1,-1,1,-1
201537EA88121,1,9,0,9,0,1,0,0,0,0,4,1,6,1,21,5,1796,1,10,-1,3,-1
201537EA88121,2,3,0,18,0,1,0,0,0,0,1,1,6,1,21,5,599,1,4,-1,3,-1
201537EA88129,1,9,0,9,0,1,0,0,0,0,1,1,6,1,18,4,1242,1,8,-1,2,-1
201537EA88129,2,1,0,18,0,1,0,0,0,0,3,1,6,2,17,4,-1,-1,-1,-1,1,-1
201537EA88137,1,9,0,18,0,0,0,0,0,0,1,1,6,2,-1,-1,-1,-1,-1,-1,-1,-1