Accident_Index,Vehicle_Reference,Vehicle_Type,Towing_and_Articulation,Vehicle_Manoeuvre,Vehicle_Location-Restricted_Lane,Junction_Location,Skidding_and_Overturning,Hit_Object_in_Carriageway,Vehicle_Leaving_Carriageway,Hit_Object_off_Carriageway,1st_Point_of_Impact,Was_Vehicle_Left_Hand_Drive?,Journey_Purpose_of_Driver,Sex_of_Driver,Age_of_Driver,Age_Band_of_Driver,Engine_Capacity_(CC),Propulsion_Code,Age_of_Vehicle,Driver_IMD_Decile,Driver_Home_Area_Type,Vehicle_IMD_Decile
201537EA88153,1,19,0,5,0,0,0,0,0,0,1,1,1,1,55,8,2148,2,7,-1,-1,-1
201537EA88153,2,19,0,18,0,0,0,0,0,0,1,1,1,1,45,7,-1,-1,-1,-1,2,-1
201537EA88154,1,5,0,13,0,0,0,0,0,0,4,1,6,3,-1,-1,-1,-1,-1,-1,-1,-1
201537EA88154,2,1,0,18,0,0,0,0,0,0,3,1,6,1,55,8,-1,-1,-1,-1,2,-1
201537EA88156,1,9,0,16,0,0,0,0,0,0,1,1,2,1,45,7,-1,-1,-1,-1,1,-1
201537EA88156,2,9,0,18,0,0,0,0,0,0,1,1,6,1,24,5,999,1,11,-1,1,-1
201537EA88159,1,9,0,7,0,8,0,0,0,0,4,1,6,3,-1,-1,-1,-1,-1,-1,-1,-1
201537EA88162,1,3,0,16,0,0,0,0,0,0,1,1,2,1,30,6,125,1,8,-1,1,-1
201537EA88162,2,9,0,17,0,0,0,0,0,0,1,1,6,2,28,6,1798,1,8,-1,3,-1
201537EA88164,1,2,0,13,0,0,1,7,0,0,1,1,6,1,21,5,124,1,4,-1,1,-1
201537EA88164,2,9,0,18,0,0,0,0,0,0,2,1,6,2,52,8,2993,2,4,-1,3,-1
201537EA88164,3,9,0,18,0,0,0,0,0,0,2,1,6,1,37,7,1596,1,14,-1,1,-1
201537EA88171,1,5,0,17,0,0,0,0,1,1,1,1,6,1,21,5,645,1,11,-1,1,-1
201537EA88174,1,2,0,18,0,0,0,0,0,0,1,1,6,3,-1,-1,-1,-1,-1,-1,-1,-1
201537EA88174,2,21,1,2,0,0,0,0,0,0,0,1,1,1,45,7,-1,-1,-1,-1,3,-1
201537EA88195,1,9,0,16,0,8,0,0,0,0,1,1,6,1,81,11,-1,-1,-1,-1,2,-1
201537EA88195,2,9,0,17,0,8,0,0,0,0,3,1,6,1,51,8,1956,2,3,-1,1,-1
201537EA88197,1,9,0,17,0,0,0,0,0,0,1,1,6,2,28,6,1299,1,13,-1,2,-1
201537EA88197,2,19,0,16,0,0,0,0,0,0,1,1,2,1,35,6,2402,2,7,-1,2,-1
201537EA88199,1,9,0,4,0,0,1,0,4,6,1,1,2,1,21,5,1560,2,10,-1,3,-1
201537EA88213,1,9,0,7,0,1,0,0,0,0,1,1,6,1,26,6,1399,2,8,-1,1,-1
201537EA88213,2,9,0,18,0,1,0,0,0,0,2,1,6,1,35,6,-1,-1,-1,-1,2,-1
201537EA88217,1,9,0,5,0,1,0,0,0,0,1,1,6,3,-1,-1,-1,-1,-1,-1,-1,-1
201537EA88217,2,1,0,18,0,8,0,0,0,0,3,1,2,1,30,6,-1,-1,-1,-1,2,-1
201537EA88218,1,9,0,7,0,8,0,0,0,0,1,1,6,1,18,4,1108,1,12,-1,2,-1
201537EA88218,2,9,0,18,0,8,0,0,0,0,1,1,6,1,62,9,1997,2,13,-1,1,-1
201537EA88225,1,20,0,18,0,1,1,0,1,4,1,1,1,1,52,8,-1,-1,-1,-1,1,-1
201537EA88225,2,9,0,10,0,1,0,0,0,0,2,1,2,2,62,9,-1,-1,-1,-1,1,-1
201537EA88228,1,9,0,10,0,1,0,0,0,0,2,1,6,2,44,7,1968,2,1,-1,1,-1
201537EA88228,2,9,0,10,0,1,0,0,0,0,1,1,6,1,64,9,1560,2,1,-1,1,-1
201537EA88229,1,9,0,9,0,6,0,0,0,0,1,1,6,1,64,9,1560,2,6,-1,2,-1
201537EA88229,2,1,0,18,4,8,0,0,0,0,4,1,6,1,21,5,-1,-1,-1,-1,2,-1
201537EA88240,1,9,0,10,0,1,0,0,0,0,1,1,6,1,30,6,1397,1,12,-1,1,-1
201537EA88240,2,19,0,17,0,8,0,0,0,0,1,1,1,1,30,6,-1,-1,-1,-1,2,-1
201537EA88253,1,9,0,14,0,0,0,0,0,0,3,1,6,1,-1,-1,-1,-1,-1,-1,-1,-1
201537EA88259,1,21,0,16,0,0,0,0,0,0,3,1,6,1,-1,-1,-1,-1,-1,-1,-1,-1
201537EA88259,2,21,0,17,0,0,2,0,7,0,4,1,1,1,29,6,-1,-1,-1,-1,3,-1
201537EA88281,1,19,0,18,0,8,1,10,1,0,3,1,1,1,64,9,1995,2,4,-1,3,-1
201537EA88281,2,21,0,18,0,8,1,0,7,3,1,1,1,1,54,8,11705,2,12,-1,3,-1
201537EA88287,1,9,0,5,0,8,0,0,0,0,3,1,6,2,65,9,-1,-1,-1,-1,2,-1
201537EA88287,2,9,0,18,0,8,0,0,0,0,1,1,6,2,49,8,1686,2,3,-1,1,-1
201537EA88291,1,19,0,9,0,8,0,0,0,0,1,1,6,1,31,6,1995,2,3,-1,3,-1
201537EA88291,2,9,0,18,0,8,0,0,0,0,1,1,6,1,58,9,1598,1,12,-1,1,-1
201537EA88292,1,9,0,18,0,0,0,0,0,0,1,1,6,1,-1,-1,-1,-1,-1,-1,-1,-1
201537EA88307,1,11,0,5,0,1,0,0,0,0,4,1,1,1,58,9,7300,2,10,-1,1,-1
201537EA88309,1,3,0,18,0,8,0,0,7,9,1,1,6,1,29,6,125,1,-1,-1,1,-1
201537EA88309,2,17,4,9,0,5,0,0,0,0,3,1,1,1,65,9,-1,2,3,-1,3,-1
201537EA88319,1,9,0,18,0,0,1,0,0,0,1,1,1,1,44,7,-1,-1,-1,-1,3,-1
201537EA88319,2,9,0,18,0,0,0,0,0,0,1,1,6,2,24,5,1560,2,6,-1,3,-1
201537EA88333,1,9,0,18,0,0,0,0,1,0,4,1,2,2,40,7,-1,-1,-1,-1,1,-1
201537EA88333,2,9,0,18,0,0,0,0,0,1,3,1,6,1,74,10,1686,2,12,-1,1,-1
201537EA88333,3,9,0,18,0,0,0,0,0,0,1,1,6,2,19,4,1586,1,7,-1,1,-1
201537EA88337,1,9,0,18,6,0,0,0,1,0,1,1,6,1,50,8,1995,2,11,-1,3,-1
201537EA88337,2,21,1,2,6,0,0,0,0,0,3,1,1,1,56,9,12580,2,10,-1,2,-1
201537EA88338,1,9,0,4,0,0,0,0,0,0,2,1,2,2,28,6,-1,-1,-1,-1,3,-1
201537EA88338,2,9,0,4,0,0,0,0,0,0,1,1,2,1,33,6,1998,2,11,-1,2,-1
201537EA88340,1,9,0,18,0,0,5,0,7,9,1,1,1,1,36,7,-1,-1,-1,-1,1,-1
201537EA88344,1,9,0,18,0,8,0,0,0,0,1,1,2,1,27,6,998,1,1,-1,1,-1
201537EA88344,2,9,0,18,0,8,0,0,3,0,4,1,1,1,31,6,1560,2,3,-1,-1,-1
201537EA88349,1,9,0,4,0,0,0,0,0,0,1,1,6,2,46,8,-1,-1,-1,-1,3,-1
201537EA88349,2,9,0,4,0,0,0,0,0,0,2,1,6,1,18,4,1275,1,22,-1,2,-1
201537EA88349,3,9,0,4,0,0,0,0,0,0,2,1,6,1,52,8,-1,-1,-1,-1,1,-1
201537EA88355,1,9,0,4,0,0,0,0,0,0,1,1,1,1,-1,-1,1598,1,12,-1,1,-1
201537EA88355,2,9,0,4,0,0,0,0,0,0,2,1,1,1,17,4,-1,-1,-1,-1,3,-1
201537EA88355,3,9,0,4,0,0,0,0,0,0,2,1,1,1,34,6,1896,2,11,-1,1,-1
201537EA88357,1,9,0,5,0,8,0,0,0,0,1,1,2,1,49,8,1997,2,11,-1,-1,-1
201537EA88357,2,4,0,18,0,1,1,0,0,0,1,1,2,1,36,7,124,1,4,-1,3,-1
201537EA88360,1,9,0,18,0,7,1,0,0,0,1,1,2,2,30,6,-1,-1,-1,-1,2,-1
201537EA88360,2,9,0,3,0,7,0,0,0,0,2,1,6,2,44,7,1590,1,11,-1,2,-1
201537EA88367,1,9,0,16,0,0,0,0,0,0,1,1,1,1,24,5,-1,-1,-1,-1,1,-1
201537EA88367,2,9,0,17,0,0,0,0,1,0,1,1,1,1,33,6,-1,-1,-1,-1,3,-1
201537EA88370,1,9,0,18,0,8,0,0,3,10,1,1,6,1,86,11,3969,1,18,-1,3,-1
201537EA88370,2,9,0,10,0,8,0,0,0,0,2,1,6,2,19,4,1298,1,14,-1,2,-1
201537EA88370,3,9,0,3,0,8,0,0,0,0,2,1,6,2,45,7,1586,1,3,-1,2,-1
201537EA88372,1,9,0,18,0,0,0,0,0,0,1,1,6,2,35,6,1997,1,6,-1,1,-1
201537EA88372,2,9,0,3,0,0,0,0,0,0,2,1,6,2,30,6,1587,1,11,-1,1,-1
201537EA88376,1,9,0,18,0,0,2,4,0,0,1,1,6,2,20,4,1242,1,1,-1,1,-1
201537EA88376,2,9,0,2,0,0,0,0,0,0,2,1,6,3,-1,-1,2996,2,21,-1,3,-1
201537EA88377,1,9,0,5,0,6,0,0,0,0,3,1,6,2,39,7,1360,1,7,-1,2,-1
201537EA88377,2,9,0,17,0,8,0,0,0,0,1,1,6,1,24,5,-1,-1,-1,-1,3,-1
201537EA88386,1,9,0,7,0,8,0,0,0,0,1,1,6,2,39,7,1798,1,3,-1,2,-1
201537EA88386,2,1,0,18,0,8,0,0,0,0,3,1,6,1,37,7,-1,-1,-1,-1,1,-1
201537EA88399,1,9,0,6,6,0,0,0,0,0,1,1,6,1,77,11,1598,2,3,-1,3,-1
201537EA88399,2,10,0,18,0,0,0,0,0,0,1,1,6,1,30,6,-1,-1,-1,-1,1,-1
201537EA88404,1,9,0,16,0,0,0,0,0,0,1,1,1,1,22,5,1598,1,11,-1,2,-1
201537EA88404,2,9,0,5,8,0,0,0,7,0,3,1,6,1,69,10,1329,1,1,-1,1,-1
201537EA88406,1,9,0,18,0,0,0,0,0,0,1,1,6,1,28,6,-1,-1,-1,-1,1,-1
201537EA88407,1,2,0,7,0,1,1,0,0,0,4,1,1,2,19,4,49,1,2,-1,2,-1
201537EA88414,1,5,0,16,0,0,0,0,7,0,1,1,6,1,84,11,980,1,31,-1,3,-1
201537EA88414,2,9,0,18,0,0,0,0,0,0,1,1,6,2,74,10,-1,-1,-1,-1,3,-1
201537EA88424,1,9,0,9,0,8,0,0,7,1,3,1,6,2,25,5,1598,2,1,-1,1,-1
201537EA88425,1,9,0,18,0,1,1,0,0,0,1,1,6,1,72,10,602,1,28,-1,3,-1
201537EA88425,2,9,0,18,0,1,0,0,0,0,2,1,6,1,40,7,1364,1,1,-1,3,-1
201537EA88426,1,9,0,18,0,0,2,0,2,4,4,1,6,1,24,5,1587,1,12,-1,3,-1
201537EA88428,1,9,0,9,0,4,0,0,0,0,3,1,2,2,32,6,1598,1,11,-1,1,-1
201537EA88428,2,1,0,18,0,3,0,0,0,0,1,1,2,1,72,10,-1,-1,-1,-1,1,-1
201537EA88429,1,9,0,4,0,1,0,0,0,0,1,1,2,2,47,8,2996,1,4,-1,-1,-1
201537EA88429,2,9,0,18,0,8,0,0,0,0,4,1,2,2,22,5,2179,2,-1,-1,2,-1
201537EA88430,1,9,0,16,0,0,1,0,8,4,1,1,6,1,48,8,1997,1,12,-1,3,-1
201537EA88431,1,9,0,18,0,0,0,0,0,4,4,1,6,1,37,7,1995,2,13,-1,1,-1
201537EA88434,1,9,0,18,0,1,0,0,0,0,4,1,6,1,62,9,1328,1,11,-1,2,-1
201537EA88435,1,9,0,11,0,1,0,0,0,0,1,1,6,1,37,7,1781,1,15,-1,2,-1
201537EA88454,1,9,0,18,0,0,0,0,0,0,1,1,6,2,27,6,1994,1,10,-1,1,-1
201537EA88454,2,9,0,18,0,0,0,0,0,0,2,1,6,1,76,11,989,1,16,-1,1,-1
201537EA88454,3,9,0,18,0,0,0,0,0,0,2,1,6,2,50,8,1198,1,2,-1,1,-1
201537EA88463,1,9,0,1,0,0,0,0,0,0,2,1,2,1,37,7,-1,-1,-1,-1,1,-1
201537EA88473,1,9,0,18,0,0,0,0,0,0,0,1,6,2,59,9,1242,1,3,-1,2,-1
201537EA88473,2,16,0,18,0,0,0,0,0,0,0,1,6,2,42,7,-1,-1,-1,-1,3,-1
201537EA88484,1,9,0,14,0,0,1,0,0,0,1,1,6,2,46,8,1796,1,8,-1,1,-1
201537EA88484,2,9,0,18,0,0,1,0,0,0,1,1,6,1,19,4,1781,1,13,-1,1,-1
201537EA88494,1,4,0,17,0,0,0,0,1,4,1,1,6,1,29,6,1050,1,1,-1,1,-1
201537EA88501,1,9,0,18,0,2,0,0,0,0,4,1,6,1,70,10,1596,1,12,-1,1,-1
201537EA88519,1,9,0,10,0,1,0,0,0,0,2,1,6,1,22,5,1587,1,14,-1,2,-1
201537EA88519,2,19,0,18,0,1,0,0,0,0,1,1,2,1,45,7,2999,2,7,-1,1,-1
201537EA88520,1,9,0,18,0,0,0,0,0,0,1,1,6,3,-1,-1,-1,-1,-1,-1,-1,-1
201537EA88524,1,19,0,18,0,2,0,0,0,0,1,1,1,1,45,7,2198,2,1,-1,2,-1
201537EA88527,1,9,0,18,0,0,0,0,0,0,1,1,1,2,60,9,2148,2,9,-1,-1,-1
201537EA88527,2,9,0,18,0,0,0,0,0,0,2,1,1,2,40,7,1997,1,12,-1,3,-1
201537EA88532,1,9,0,18,0,0,1,0,0,0,1,1,6,1,39,7,1582,2,1,-1,1,-1
201537EA88532,2,9,0,18,0,0,0,0,0,0,2,1,6,1,50,8,2616,1,5,-1,1,-1
201537EA88537,1,9,0,9,0,2,0,0,0,0,1,1,2,1,52,8,1598,1,8,-1,1,-1
201537EA88554,1,9,0,18,0,0,0,0,0,3,1,1,6,2,31,6,-1,-1,-1,-1,1,-1
201537EA88575,1,19,0,18,0,0,0,0,0,0,4,1,6,3,-1,-1,-1,-1,-1,-1,-1,-1
201537EA88576,1,9,0,18,0,0,0,0,0,0,1,1,6,1,52,8,1988,2,10,-1,1,-1
201537EA88583,1,9,0,18,0,0,0,4,0,0,1,1,6,2,30,6,-1,-1,-1,-1,3,-1
201537EA88583,2,9,0,2,0,0,0,0,0,0,2,1,6,1,-1,-1,-1,-1,-1,-1,-1,-1
201537EA88591,1,5,0,18,0,3,1,0,0,0,0,1,6,1,25,5,955,1,14,-1,2,-1
201537EA88602,1,11,0,18,0,1,1,0,0,0,1,1,1,1,52,8,9000,2,7,-1,1,-1
201537EA88602,2,11,0,3,0,1,0,0,0,0,2,1,1,1,52,8,4461,2,1,-1,1,-1
201537EA88602,3,9,0,10,0,1,0,0,0,0,2,1,2,2,29,6,1198,1,1,-1,3,-1
201537EA88609,1,9,0,11,0,0,5,0,1,4,4,1,2,2,23,5,-1,-1,-1,-1,3,-1
201537EA88609,2,21,1,18,0,0,0,0,0,0,3,1,1,1,61,9,-1,-1,-1,-1,3,-1
201537EA88621,1,9,0,5,0,0,0,0,0,0,4,1,6,1,-1,-1,-1,-1,-1,-1,-1,-1
201537EA88621,2,9,0,4,0,0,0,0,0,0,0,1,6,1,57,9,1598,2,-1,-1,1,-1
201537EA88623,1,9,0,18,0,0,0,0,0,0,3,1,6,3,-1,-1,-1,-1,-1,-1,-1,-1
201537EA88630,1,9,0,18,0,8,0,0,0,0,0,1,6,1,31,6,-1,-1,-1,-1,3,-1
201537EA88630,2,9,0,18,0,1,0,0,1,1,1,1,6,1,33,6,1896,2,8,-1,3,-1
201537EA88635,1,9,0,16,0,1,0,0,0,0,1,1,6,2,45,7,1896,2,11,-1,3,-1
201537EA88635,2,9,0,3,0,1,0,0,0,0,2,1,6,2,38,7,1968,2,1,-1,3,-1
201537EA88647,1,4,0,18,0,1,1,0,0,0,1,1,2,1,51,8,1352,1,9,-1,1,-1
201537EA88647,2,9,0,18,0,1,0,0,0,0,2,1,1,1,53,8,-1,-1,-1,-1,1,-1
201537EA88648,1,9,0,14,0,0,0,4,0,0,1,1,6,1,85,11,1796,1,14,-1,1,-1
201537EA88648,2,9,0,2,0,0,0,0,0,0,2,1,6,2,76,11,998,1,1,-1,1,-1
201537EA88648,3,9,0,2,0,0,0,0,0,0,3,1,6,3,-1,-1,-1,-1,-1,-1,-1,-1
201537EA88649,1,19,0,18,0,0,1,0,0,0,1,1,1,1,22,5,2299,2,1,-1,3,-1
201537EA88649,2,9,0,4,0,0,0,0,0,0,2,1,1,1,66,10,1995,2,3,-1,1,-1
201537EA88658,1,9,0,7,0,0,0,0,0,0,4,1,6,1,28,6,1339,1,12,-1,3,-1
201537EA88658,2,1,0,18,0,0,0,0,0,0,1,1,6,1,33,6,-1,-1,-1,-1,1,-1
201537EA88659,1,3,0,18,0,0,1,0,0,0,0,1,1,1,19,4,-1,-1,-1,-1,2,-1
201537EA88661,1,9,0,9,0,2,0,0,1,0,1,1,2,2,32,6,1997,1,16,-1,3,-1
201537EA88663,1,9,0,13,0,1,0,0,0,0,2,1,1,1,22,5,1753,2,5,-1,2,-1
201537EA88663,2,9,0,4,0,1,0,0,0,0,1,1,1,1,36,7,1686,2,2,-1,1,-1
201537EA88663,3,9,0,18,0,1,0,0,0,0,0,1,1,1,25,5,1560,2,5,-1,2,-1
201537EA88665,1,9,0,16,0,0,5,0,8,4,1,1,6,1,66,10,2000,2,11,-1,2,-1
201537EA88666,1,98,0,1,0,0,0,0,0,0,2,1,1,1,-1,-1,2998,2,6,-1,3,-1
201537EA88667,1,9,0,18,0,1,0,0,0,0,1,1,6,1,-1,-1,1598,1,14,-1,1,-1
201537EA88667,2,9,0,4,0,1,0,0,0,0,2,1,3,1,31,6,1910,2,14,-1,1,-1
201537EA88674,1,9,0,9,0,5,0,0,0,0,1,1,2,1,50,8,1998,1,11,-1,1,-1
201537EA88674,2,5,0,18,0,6,0,0,1,0,3,1,6,1,24,5,1450,1,12,-1,2,-1
201537EA88676,1,9,0,16,0,0,2,0,1,0,1,1,6,1,22,5,-1,-1,-1,-1,1,-1
201537EA88680,1,9,0,18,0,0,2,0,1,10,1,1,1,2,50,8,1349,1,3,-1,3,-1
201537EA88721,1,9,0,18,0,0,0,0,4,6,1,1,2,1,21,5,1560,2,10,-1,3,-1
201537EA88721,2,9,0,4,0,0,0,0,0,0,2,1,6,1,83,11,2179,2,8,-1,1,-1
201537EA88721,3,9,0,4,0,0,0,0,0,0,2,1,2,1,55,8,1791,8,4,-1,2,-1
201537EA88722,1,5,0,18,0,8,0,0,0,0,1,1,6,1,37,7,400,1,14,-1,1,-1
201537EA88722,2,9,0,3,0,1,0,0,0,0,2,1,6,1,47,8,1598,1,14,-1,3,-1
201537EA88723,1,9,0,4,0,8,0,0,0,0,2,1,6,1,33,6,1598,1,13,-1,1,-1
201537EA88723,2,5,0,18,0,8,1,0,0,0,1,1,6,1,57,9,1854,1,2,-1,3,-1
201537EA88724,1,11,0,4,0,0,0,0,0,0,1,1,1,1,-1,-1,-1,-1,-1,-1,-1,-1
201537EA88725,1,9,0,9,0,1,0,0,0,0,4,1,1,1,45,7,1598,2,1,-1,1,-1
201537EA88725,2,1,0,18,4,1,0,0,0,0,1,1,2,1,35,6,-1,-1,-1,-1,1,-1
201537EA88730,1,9,0,9,0,8,0,0,0,0,1,1,6,2,64,9,1598,1,12,-1,3,-1
201537EA88730,2,1,0,3,0,1,0,0,0,0,1,1,6,1,60,9,-1,-1,-1,-1,1,-1
201537EA88762,1,9,0,16,0,0,5,0,1,9,1,1,6,1,36,7,-1,-1,-1,-1,2,-1
201537EA88766,1,9,0,18,0,0,0,0,0,0,2,1,6,2,66,10,1596,1,8,-1,1,-1
201537EA88766,2,21,1,18,0,0,0,0,0,0,1,1,1,1,25,5,12809,2,3,-1,2,-1
201537EA88772,1,9,0,18,0,0,2,0,1,10,1,1,1,1,50,8,1686,2,6,-1,1,-1
201537EA88778,1,9,0,18,0,6,0,0,0,0,1,1,6,1,41,7,-1,-1,-1,-1,1,-1
201537EA88778,2,8,0,18,0,8,0,0,0,0,1,1,1,1,57,9,1984,2,2,-1,3,-1
201537EA88783,1,9,0,18,0,0,0,0,0,0,1,1,2,1,45,7,1598,2,4,-1,1,-1
201537EA88783,2,9,0,4,0,0,0,0,0,0,2,1,2,2,25,5,1598,2,5,-1,1,-1
201537EA88783,3,9,0,4,0,0,0,0,0,0,2,1,2,2,27,6,1360,1,14,-1,2,-1
201537EA88783,4,9,0,4,0,0,0,0,0,0,2,1,6,2,54,8,1868,2,12,-1,2,-1
201537EA88784,1,9,0,18,0,1,0,0,0,0,1,1,6,1,21,5,1388,1,7,-1,1,-1
201537EA88784,2,9,0,10,0,1,0,0,0,0,2,1,6,1,20,4,1984,1,5,-1,1,-1
201537EA88788,1,9,0,9,0,8,0,0,0,0,1,1,6,1,51,8,1689,2,13,-1,1,-1
201537EA88789,1,9,0,9,9,5,0,0,0,0,3,1,6,1,-1,-1,-1,-1,-1,-1,1,-1
201537EA88791,1,9,0,18,0,0,0,0,0,0,1,1,2,1,23,5,1968,2,3,-1,2,-1
201537EA88791,2,8,0,3,0,0,0,0,0,0,2,1,1,1,61,9,2149,2,8,-1,1,-1
201537EA88791,3,9,0,3,0,0,0,0,0,0,2,1,2,1,41,7,1968,2,3,-1,1,-1
201537EA88793,1,9,0,18,0,0,0,0,0,0,1,1,6,2,18,4,-1,-1,-1,-1,3,-1
201537EA88793,2,9,0,18,0,0,0,0,0,0,2,1,1,1,51,8,-1,-1,-1,-1,1,-1
201537EA88809,1,9,0,17,0,0,2,0,7,3,4,1,2,1,25,5,1598,1,14,-1,1,-1
201537EA88814,1,9,0,9,0,6,0,0,0,0,1,1,1,1,57,9,1461,2,5,-1,1,-1
201537EA88814,2,1,0,18,0,1,0,0,0,0,1,1,2,1,27,6,-1,-1,-1,-1,1,-1
201537EA88819,1,5,0,13,0,0,0,0,0,0,1,1,6,1,62,9,1170,1,5,-1,3,-1
201537EA88819,2,17,0,9,0,0,0,0,0,0,3,1,1,2,42,7,854,2,3,-1,3,-1
201537EA88823,1,9,0,16,0,0,2,0,0,0,1,1,6,1,19,4,-1,-1,-1,-1,1,-1
201537EA88825,1,9,0,8,0,1,0,0,0,0,1,1,1,2,41,7,1364,1,5,-1,1,-1
201537EA88825,2,9,0,8,0,1,0,0,0,0,2,1,2,1,51,8,2967,2,4,-1,1,-1
201537EA88826,1,9,0,9,0,1,0,0,0,0,3,1,6,2,54,8,1910,2,8,-1,2,-1
201537EA88826,2,1,0,18,0,8,0,0,0,0,4,1,6,1,43,7,-1,-1,-1,-1,1,-1
201537EA88828,1,9,0,18,0,0,0,0,0,0,4,1,6,3,-1,-1,-1,-1,-1,-1,-1,-1
201537EA88828,2,1,0,18,0,0,0,0,0,0,3,1,6,1,58,9,-1,-1,-1,-1,2,-1
201537EA88829,1,9,0,16,0,2,0,0,8,4,1,1,6,1,88,11,1388,1,9,-1,2,-1
201537EA88838,1,9,0,18,0,8,0,0,0,0,1,1,6,1,28,6,1590,1,11,-1,1,-1
201537EA88838,2,9,0,18,0,8,0,0,0,0,3,1,6,1,59,9,1149,1,3,-1,1,-1
201537EA88849,1,9,0,3,0,8,0,0,0,0,1,1,6,2,36,7,1995,1,11,-1,1,-1
201537EA88849,2,4,0,3,0,8,0,0,0,0,2,1,6,1,59,9,400,1,8,-1,1,-1
201537EA88852,1,19,0,3,9,6,0,0,0,0,4,1,1,1,-1,-1,1870,2,9,-1,1,-1
201537EA88852,2,1,0,18,9,1,0,0,0,0,1,1,6,1,16,4,-1,-1,-1,-1,1,-1
201537EA88853,1,9,0,18,0,0,0,0,0,0,2,1,6,1,36,7,1985,1,16,-1,1,-1
201537EA88853,2,9,0,18,0,0,0,0,0,0,1,1,6,2,29,6,1390,1,1,-1,1,-1
201537EA88853,3,9,0,18,0,0,0,0,0,0,3,1,6,1,52,8,1598,1,17,-1,3,-1
201537EA88857,1,9,0,16,0,0,2,0,7,4,1,1,6,1,18,4,1229,1,1,-1,1,-1
201537EA88861,1,9,0,9,0,6,0,0,0,0,1,1,1,1,-1,-1,1896,2,10,-1,1,-1
201537EA88861,2,1,0,10,0,8,0,0,0,0,2,1,6,1,46,8,-1,-1,-1,-1,1,-1
201537EA88867,1,9,0,18,0,1,1,0,0,0,1,1,6,1,19,4,1149,1,7,-1,3,-1
201537EA88867,2,9,0,18,0,1,0,0,1,11,1,1,2,1,38,7,1332,1,17,-1,1,-1
201537EA88872,1,19,0,18,0,0,0,0,0,0,1,1,1,1,62,9,1968,2,1,-1,2,-1
201537EA88872,2,1,0,18,0,0,0,0,1,0,2,1,6,1,63,9,-1,-1,-1,-1,3,-1
201537EA88875,1,9,0,18,0,1,0,0,7,4,1,1,6,1,82,11,1299,1,10,-1,3,-1
201537EA88877,1,9,0,18,0,1,0,0,0,0,1,1,2,2,22,5,-1,-1,-1,-1,1,-1
201537EA88877,2,9,0,4,0,1,0,0,0,0,2,1,3,2,38,7,1598,1,13,-1,1,-1
201537EA88877,3,9,0,4,0,1,0,0,0,0,2,1,2,2,53,8,1999,1,3,-1,1,-1
201537EA88881,1,9,0,18,0,0,0,0,0,0,1,1,6,1,60,9,1988,1,13,-1,1,-1
201537EA88881,2,9,0,3,0,0,0,0,0,0,1,1,6,2,77,11,1984,1,13,-1,1,-1
201537EA88881,3,9,0,2,0,0,0,0,0,0,3,1,6,3,-1,-1,1242,1,8,-1,-1,-1
201537EA88907,1,9,0,16,0,0,1,0,7,9,3,1,6,1,17,4,1242,1,16,-1,3,-1
201537EA88925,1,9,0,18,0,1,0,0,0,0,1,1,6,1,58,9,-1,-1,-1,-1,1,-1
201537EA88925,2,9,0,9,0,1,0,0,0,0,3,1,6,1,33,6,1794,1,13,-1,1,-1
201537EA88926,1,9,0,18,0,0,1,0,0,0,1,1,1,1,32,6,-1,-1,-1,-1,1,-1
201537EA88926,2,9,0,3,0,0,0,0,0,0,2,1,6,2,32,6,1497,1,11,-1,2,-1
201537EA88935,1,9,0,5,0,4,0,0,0,0,1,1,2,1,60,9,1461,2,5,-1,1,-1
201537EA88935,2,1,0,18,0,3,0,0,0,0,2,1,6,2,51,8,-1,-1,-1,-1,1,-1
201537EA88948,1,21,1,5,0,2,0,0,0,0,1,1,1,1,44,7,12740,2,2,-1,1,-1
201537EA88948,2,1,0,18,0,2,0,0,0,0,4,1,6,1,39,7,-1,-1,-1,-1,1,-1
201537EA88949,1,9,0,18,0,1,0,0,0,0,1,1,6,1,51,8,1999,1,7,-1,3,-1
201537EA88949,2,9,0,18,0,1,0,0,0,0,2,1,6,2,29,6,1995,2,4,-1,2,-1
201537EA88952,1,9,0,7,0,8,0,0,0,0,4,1,6,3,-1,-1,-1,-1,-1,-1,-1,-1
201537EA88952,2,1,0,18,0,8,0,0,0,0,1,1,6,2,40,7,-1,-1,-1,-1,1,-1
201537EA88954,1,9,0,7,9,1,0,0,0,0,3,1,6,1,53,8,1896,2,13,-1,1,-1
201537EA88954,2,1,0,18,9,1,0,0,0,0,3,1,6,1,61,9,-1,-1,-1,-1,1,-1
201537EA88956,1,9,0,3,0,2,0,0,0,0,1,1,6,2,18,4,1124,1,15,-1,2,-1
201537EA88956,2,9,0,3,0,2,0,0,0,0,2,1,6,2,18,4,1242,1,6,-1,3,-1
201537EA88956,3,9,0,3,0,2,0,0,0,0,2,1,6,2,30,6,2231,2,8,-1,1,-1
201537EA88959,1,9,0,17,0,0,1,0,0,10,1,1,6,1,18,4,1905,2,20,-1,2,-1
201537EA88961,1,9,0,18,0,0,0,0,0,0,1,1,6,2,50,8,1396,1,8,-1,3,-1
201537EA88961,2,9,0,3,0,0,0,0,0,0,2,1,6,2,52,8,1995,2,3,-1,3,-1
201537EA88963,1,3,0,18,0,1,0,0,0,0,1,1,1,1,21,5,125,1,2,-1,3,-1
201537EA88963,2,9,0,10,0,1,0,0,0,0,2,1,2,1,53,8,2495,2,15,-1,2,-1
201537EA88964,1,11,0,4,0,0,0,0,0,0,1,1,1,1,51,8,7300,2,15,-1,1,-1