Accident_Index,Vehicle_Reference,Vehicle_Type,Towing_and_Articulation,Vehicle_Manoeuvre,Vehicle_Location-Restricted_Lane,Junction_Location,Skidding_and_Overturning,Hit_Object_in_Carriageway,Vehicle_Leaving_Carriageway,Hit_Object_off_Carriageway,1st_Point_of_Impact,Was_Vehicle_Left_Hand_Drive?,Journey_Purpose_of_Driver,Sex_of_Driver,Age_of_Driver,Age_Band_of_Driver,Engine_Capacity_(CC),Propulsion_Code,Age_of_Vehicle,Driver_IMD_Decile,Driver_Home_Area_Type,Vehicle_IMD_Decile
201537EA89912,1,4,0,13,0,8,0,0,0,0,1,1,1,1,42,7,-1,-1,-1,-1,1,-1
201537EA89912,2,9,0,9,0,5,0,0,0,0,3,1,1,1,38,7,2967,2,-1,-1,2,-1
201537EA89920,1,9,0,18,0,1,0,0,0,0,1,1,6,1,58,9,1396,1,15,-1,1,-1
201537EA89920,2,9,0,3,0,1,0,0,0,0,2,1,6,2,39,7,1596,1,2,-1,1,-1
201537EA89922,1,9,0,18,0,0,1,0,2,11,4,1,6,1,28,6,1242,1,3,-1,1,-1
201537EA89927,1,9,0,16,0,0,2,0,7,10,3,1,1,1,36,7,1587,1,12,-1,3,-1
201537EA89927,2,9,0,17,0,0,0,0,0,0,4,1,6,1,25,5,1968,2,6,-1,-1,-1
201537EA89928,1,19,0,7,0,1,1,0,0,0,1,1,6,1,33,6,2500,2,9,-1,1,-1
201537EA89928,2,9,0,10,0,1,0,0,0,0,3,1,6,1,68,10,998,1,13,-1,1,-1
201537EA89929,1,9,0,4,0,0,0,0,0,0,0,1,6,1,29,6,1997,2,13,-1,1,-1
201537EA89929,2,9,0,12,0,0,0,0,0,0,2,1,6,2,69,10,1560,2,2,-1,1,-1
201537EA89929,3,9,0,18,0,0,0,0,0,0,1,1,6,2,40,7,1796,1,1,-1,1,-1
201537EA89931,1,9,0,7,0,6,0,0,0,0,0,1,6,3,-1,-1,-1,-1,-1,-1,-1,-1
201537EA89931,2,9,0,18,0,1,0,0,0,10,1,1,2,2,24,5,1198,1,5,-1,2,-1
201537EA89936,1,9,0,9,0,6,0,0,0,0,1,1,6,1,25,5,1895,1,13,-1,2,-1
201537EA89936,2,9,0,18,0,8,0,0,0,0,4,1,6,2,25,5,-1,-1,-1,-1,-1,-1
201537EA89938,1,5,0,15,0,0,1,0,0,0,3,1,6,1,21,5,599,1,17,-1,1,-1
201537EA89943,1,8,0,9,0,1,0,0,0,0,1,1,1,1,-1,-1,-1,-1,-1,-1,-1,-1
201537EA89943,2,1,0,18,0,2,0,0,0,0,2,1,6,1,27,6,-1,-1,-1,-1,1,-1
201537EA89961,1,9,0,3,0,0,0,0,0,0,1,1,6,1,70,10,1948,1,12,-1,3,-1
201537EA89961,2,9,0,3,0,0,0,0,0,0,2,1,6,1,38,7,1560,2,2,-1,2,-1
201537EA89984,1,9,0,4,0,1,0,0,0,0,1,1,6,2,48,8,1108,1,16,-1,-1,-1
201537EA89984,2,9,0,3,0,1,0,0,0,0,2,1,6,2,49,8,1598,1,10,-1,2,-1
201537EA89994,1,9,0,16,0,0,1,0,7,9,1,1,1,1,44,7,1997,2,12,-1,2,-1
201537EA89996,1,1,0,18,0,0,0,0,0,0,0,1,6,1,77,11,-1,-1,-1,-1,-1,-1
201537EA90002,1,9,0,5,0,1,0,0,0,0,1,1,6,1,56,9,1910,2,8,-1,1,-1
201537EA90002,2,9,0,3,0,4,0,0,0,0,2,1,6,2,20,4,1149,1,12,-1,1,-1
201537EA90006,1,9,0,18,0,0,2,0,1,10,1,1,6,1,23,5,1588,1,14,-1,1,-1
201537EA90007,1,9,0,18,0,8,0,0,0,0,1,1,6,3,-1,-1,3000,2,35,-1,-1,-1
201537EA90007,2,9,0,3,0,8,0,0,0,0,2,1,6,2,62,9,989,1,11,-1,3,-1
201537EA90015,1,19,0,4,0,6,0,0,0,0,1,1,1,1,61,9,2198,2,3,-1,1,-1
201537EA90015,2,9,0,9,0,6,0,0,0,0,2,1,1,1,24,5,1992,2,7,-1,1,-1
201537EA90018,1,9,0,7,0,1,0,0,0,0,4,1,6,1,75,10,1360,1,8,-1,1,-1
201537EA90018,2,1,0,18,0,1,0,0,0,0,1,1,6,1,40,7,-1,-1,-1,-1,1,-1
201537EA90050,1,9,0,9,6,2,0,0,0,0,1,1,6,1,-1,-1,1796,1,8,-1,1,-1
201537EA90050,2,9,0,2,6,2,0,0,0,0,2,1,6,1,26,6,-1,-1,-1,-1,1,-1
201537EA90050,3,9,0,2,6,2,0,0,0,0,2,1,6,2,47,8,1796,1,6,-1,1,-1
201537EA90050,4,9,0,2,6,2,0,0,0,0,2,1,6,1,67,10,1968,2,7,-1,1,-1
201537EA90058,1,9,0,4,0,1,0,0,0,0,1,1,6,1,-1,-1,1995,2,12,-1,1,-1
201537EA90058,2,9,0,18,0,1,0,0,0,0,4,1,6,1,32,6,-1,-1,-1,-1,1,-1
201537EA90079,1,9,0,3,0,4,0,0,0,0,1,1,6,2,21,5,1686,2,4,-1,1,-1
201537EA90079,2,9,0,3,0,4,0,0,0,0,2,1,2,1,42,7,1339,1,5,-1,1,-1
201537EA90108,1,9,0,5,0,6,0,0,0,0,4,1,6,3,-1,-1,-1,-1,-1,-1,-1,-1
201537EA90115,1,9,0,1,9,6,0,0,0,0,2,1,6,2,42,7,1796,1,15,-1,3,-1
201537EA90117,1,9,0,18,0,0,2,0,1,4,4,1,6,2,45,7,1124,1,8,-1,2,-1
201537EA90122,1,9,0,9,0,6,0,0,0,0,3,1,6,2,43,7,1364,1,10,-1,3,-1
201537EA90122,2,3,0,14,0,1,0,0,0,0,1,1,2,1,19,4,-1,-1,-1,-1,3,-1
201537EA90127,1,9,0,18,0,1,0,0,0,0,1,1,6,1,65,9,1597,2,-1,-1,3,-1
201537EA90127,2,9,0,18,0,1,0,0,0,0,2,1,6,1,37,7,1248,2,9,-1,1,-1
201537EA90127,3,9,0,18,0,1,0,0,0,0,2,1,6,1,50,8,2993,2,2,-1,3,-1
201537EA90127,4,9,0,18,0,1,0,0,0,0,2,1,6,1,36,7,2496,1,8,-1,1,-1
201537EA90130,1,3,0,16,0,5,1,0,4,1,1,1,2,1,28,6,124,1,4,-1,1,-1
201537EA90132,1,9,0,5,0,0,0,0,0,0,1,1,6,1,29,6,1796,1,12,-1,2,-1
201537EA90134,1,9,0,9,0,8,0,0,0,0,3,1,6,1,25,5,-1,-1,-1,-1,1,-1
201537EA90134,2,9,0,18,0,1,0,0,0,0,1,1,6,1,32,6,4163,1,10,-1,1,-1
201537EA90141,1,1,0,7,0,1,0,0,0,0,1,1,6,1,66,10,-1,-1,-1,-1,3,-1
201537EA90145,1,9,0,18,0,0,0,0,0,0,1,1,2,1,35,6,1796,1,11,-1,1,-1
201537EA90145,2,9,0,3,0,0,0,0,0,0,2,1,2,2,45,7,1390,1,7,-1,1,-1
201537EA90145,3,9,0,3,0,0,0,0,0,0,2,1,2,2,56,9,1560,2,-1,-1,1,-1
201537EA90146,1,9,0,3,0,0,0,0,0,0,1,1,1,1,67,10,3456,8,6,-1,1,-1
201537EA90156,1,9,0,17,0,0,0,0,0,0,1,1,6,2,55,8,1769,1,10,-1,3,-1
201537EA90156,2,9,0,16,0,0,0,0,0,0,1,1,6,1,23,5,-1,-1,-1,-1,3,-1
201537EA90161,1,9,0,4,0,0,0,0,0,0,3,1,6,1,26,6,1896,2,12,-1,-1,-1
201537EA90169,1,2,0,4,0,0,1,0,0,0,1,1,6,1,18,4,50,1,2,-1,3,-1
201537EA90169,2,9,0,3,0,0,0,0,0,0,2,1,6,2,42,7,1560,2,9,-1,3,-1
201537EA90173,1,9,0,9,0,6,0,0,0,0,3,1,1,2,36,7,1896,2,12,-1,1,-1
201537EA90173,2,1,0,18,0,1,0,0,0,0,1,1,6,1,66,10,-1,-1,-1,-1,1,-1
201537EA90176,1,9,0,18,0,0,2,0,1,1,1,1,6,1,29,6,1896,2,13,-1,2,-1
201537EA90178,1,9,0,18,0,1,1,0,0,0,1,1,6,2,42,7,1598,1,16,-1,2,-1
201537EA90179,1,9,0,18,0,1,0,0,0,0,1,1,6,1,70,10,1997,2,3,-1,1,-1
201537EA90179,2,9,0,18,0,1,0,0,0,0,2,1,6,2,24,5,1124,1,19,-1,1,-1
201537EA90186,1,21,4,9,0,1,0,0,0,0,1,1,1,1,-1,-1,9290,2,3,-1,1,-1
201537EA90193,1,1,0,18,9,1,0,0,0,0,1,1,6,1,41,7,-1,-1,-1,-1,1,-1
201537EA90193,2,9,0,18,9,6,0,0,0,0,3,1,1,1,38,7,1997,2,4,-1,1,-1
201537EA90197,1,5,0,16,0,1,0,0,0,0,1,1,6,1,54,8,1050,1,8,-1,1,-1
201537EA90197,2,5,0,16,0,1,0,0,0,0,2,1,6,1,49,8,675,1,7,-1,3,-1
201537EA90197,3,9,0,9,0,5,0,0,0,0,2,1,6,2,52,8,1242,1,4,-1,3,-1
201537EA90201,1,9,0,18,0,0,0,0,0,0,1,1,6,2,79,11,1298,1,10,-1,2,-1
201537EA90201,2,9,0,2,0,0,0,0,0,0,3,1,6,3,-1,-1,1896,2,12,-1,-1,-1
201537EA90208,1,9,0,17,0,0,0,0,0,0,3,1,2,2,40,7,1984,1,11,-1,1,-1
201537EA90208,2,9,0,16,0,0,0,0,0,0,3,1,6,1,43,7,1560,2,3,-1,1,-1
201537EA90209,1,9,0,18,0,0,0,0,1,4,1,1,2,2,22,5,1587,1,9,-1,3,-1
201537EA90212,1,9,0,7,0,4,0,0,0,0,1,1,6,1,48,8,1910,2,7,-1,1,-1
201537EA90212,2,1,0,9,0,8,0,0,0,0,4,1,6,1,56,9,-1,-1,-1,-1,1,-1
201537EA90215,1,9,0,18,0,3,1,0,0,0,4,1,6,2,30,6,1910,2,8,-1,1,-1
201537EA90215,2,9,0,4,0,1,0,0,0,0,3,1,6,1,55,8,998,1,7,-1,3,-1
201537EA90226,1,9,0,17,0,0,0,0,0,0,3,1,2,2,22,5,3628,2,8,-1,3,-1
201537EA90226,2,9,0,16,0,0,0,0,0,0,3,1,6,1,88,11,1970,1,10,-1,2,-1
201537EA90230,1,9,0,18,0,0,1,0,1,4,1,1,2,1,23,5,1461,2,4,-1,3,-1
201537EA90243,1,9,0,18,0,1,0,0,0,0,1,1,6,2,67,10,1560,2,2,-1,3,-1
201537EA90244,1,9,0,18,0,4,0,0,0,0,1,1,6,2,42,7,1560,2,1,-1,1,-1
201537EA90244,2,19,0,3,0,4,0,0,0,0,2,1,1,1,32,6,-1,-1,-1,-1,1,-1
201537EA90256,1,19,0,3,0,1,0,0,0,0,1,1,6,1,-1,-1,2496,2,15,-1,-1,-1
201537EA90256,2,9,0,3,0,1,0,0,0,0,2,1,6,2,32,6,1149,1,13,-1,3,-1
201537EA90257,1,9,0,18,0,1,0,0,0,0,1,1,2,1,33,6,2967,2,6,-1,-1,-1
201537EA90257,2,9,0,2,0,1,0,0,0,0,2,1,2,1,48,8,1997,2,6,-1,1,-1
201537EA90262,1,9,0,18,0,0,0,0,0,0,1,1,6,1,30,6,1388,1,15,-1,1,-1
201537EA90262,2,9,0,18,0,0,0,0,0,0,1,1,6,1,68,10,1388,1,9,-1,3,-1
201537EA90268,1,19,0,18,0,6,0,0,0,0,1,1,1,1,45,7,1968,2,4,-1,-1,-1
201537EA90268,2,19,0,18,0,8,5,10,1,9,4,1,1,1,47,8,1560,2,1,-1,1,-1
201537EA90269,1,9,0,18,0,0,0,0,0,0,1,1,6,2,46,8,1995,2,12,-1,1,-1
201537EA90272,1,5,0,18,0,1,1,0,0,0,1,1,1,1,43,7,-1,-1,-1,-1,3,-1
201537EA90272,2,9,0,10,0,5,0,0,0,0,2,1,6,2,29,6,1390,1,9,-1,1,-1
201537EA90275,1,9,0,18,7,0,0,0,0,0,1,1,6,2,18,4,1299,1,11,-1,1,-1
201537EA90275,2,21,1,2,6,0,0,0,0,0,2,1,1,2,58,9,-1,-1,-1,-1,1,-1
201537EA90278,1,9,0,18,0,1,0,0,7,2,1,1,6,2,71,10,-1,-1,-1,-1,2,-1
201537EA90278,2,9,0,18,0,3,0,0,0,0,4,1,2,1,46,8,-1,-1,-1,-1,1,-1
201537EA90278,3,9,0,3,0,1,0,0,0,0,3,1,2,1,57,9,1968,2,8,-1,-1,-1
201537EA90287,1,9,0,16,0,4,1,7,0,0,3,1,6,1,19,4,1989,1,15,-1,1,-1
201537EA90291,1,9,0,16,0,0,1,0,0,0,1,1,6,2,20,4,1242,1,13,-1,1,-1
201537EA90291,2,9,0,18,0,0,0,0,0,0,1,1,6,1,59,9,2000,2,4,-1,1,-1
201537EA90294,1,9,0,18,0,0,5,0,0,0,1,1,6,1,28,6,1360,1,12,-1,1,-1
201537EA90295,1,5,0,17,0,0,0,0,1,4,1,1,6,1,38,7,745,1,-1,-1,3,-1
201537EA90296,1,9,0,12,0,0,0,0,0,0,0,1,6,3,-1,-1,-1,-1,-1,-1,-1,-1
201537EA90296,2,9,0,18,0,0,0,10,0,0,3,1,6,1,20,4,1242,1,13,-1,1,-1
201537EA90298,1,9,0,18,0,1,0,0,0,0,1,1,6,1,26,6,1689,2,15,-1,1,-1
201537EA90298,2,9,0,18,0,1,0,0,0,0,4,1,6,1,64,9,998,1,1,-1,1,-1
201537EA90315,1,9,0,9,0,8,0,0,0,0,1,1,2,1,48,8,1896,2,13,-1,1,-1
201537EA90315,2,19,0,18,0,8,0,0,0,0,1,1,2,1,26,6,2198,2,5,-1,3,-1
201537EA90317,1,9,0,5,0,0,0,0,0,0,1,1,6,2,-1,-1,-1,-1,-1,-1,-1,-1
201537EA90322,1,9,0,9,0,8,0,0,0,0,3,1,6,2,66,10,1198,1,1,-1,3,-1
201537EA90322,2,5,0,18,0,8,0,0,0,0,1,1,6,1,54,8,-1,-1,-1,-1,2,-1
201537EA90324,1,9,0,9,0,8,0,0,0,0,4,1,6,1,20,4,1364,1,9,-1,1,-1
201537EA90324,2,9,0,18,0,1,0,0,0,0,1,1,6,1,24,5,1796,1,14,-1,1,-1
201537EA90329,1,9,0,17,0,0,1,0,1,4,3,1,6,1,64,9,1686,2,12,-1,3,-1
201537EA90352,1,9,0,8,0,1,0,0,0,0,1,1,6,2,78,11,1798,1,8,-1,3,-1
201537EA90352,2,9,0,8,0,1,0,0,0,0,2,1,6,2,27,6,1679,1,15,-1,2,-1
201537EA90370,1,9,0,17,0,0,0,0,0,0,4,1,6,2,52,8,1461,2,10,-1,1,-1
201537EA90392,1,9,0,7,0,5,0,0,0,0,1,1,6,1,25,5,1560,2,10,-1,1,-1
201537EA90392,2,9,0,18,0,8,0,0,0,0,2,1,6,1,61,9,1798,1,4,-1,1,-1
201537EA90424,1,9,0,18,0,0,0,0,0,0,1,1,6,1,60,9,1997,2,6,-1,3,-1
201537EA90424,2,9,0,18,0,0,0,0,0,11,3,1,1,2,42,7,1956,2,2,-1,3,-1
201537EA90434,1,9,0,16,0,0,0,0,0,3,4,1,6,1,37,7,3400,6,16,-1,2,-1
201537EA90436,1,9,0,5,0,1,0,0,0,0,1,1,2,2,29,6,1596,1,14,-1,2,-1
201537EA90442,1,9,0,9,0,8,0,0,0,0,1,1,3,1,26,6,1199,1,13,-1,3,-1
201537EA90442,2,9,0,18,0,8,0,0,0,0,3,1,6,1,41,7,1896,2,12,-1,1,-1
201537EA90443,1,9,0,9,0,8,0,0,0,0,4,1,6,2,18,4,998,1,11,-1,2,-1
201537EA90443,2,19,0,17,0,1,0,0,0,0,1,1,1,1,48,8,1248,2,4,-1,1,-1
201537EA90447,1,9,0,18,0,0,0,0,0,0,1,1,2,1,25,5,1124,1,14,-1,1,-1
201537EA90460,1,9,0,18,0,1,0,0,0,0,4,1,2,1,21,5,-1,-1,-1,-1,3,-1
201537EA90460,2,9,0,7,0,5,0,0,0,0,2,1,6,2,25,5,1360,1,8,-1,1,-1
201537EA90465,1,9,0,1,0,2,0,0,0,0,2,1,6,2,50,8,1560,2,9,-1,1,-1
201537EA90465,2,9,0,3,0,1,0,0,0,0,1,1,6,2,50,8,1299,1,14,-1,1,-1
201537EA90481,1,19,0,9,0,6,0,0,0,0,1,1,1,1,28,6,1753,2,11,-1,3,-1
201537EA90481,2,9,0,18,0,1,0,0,0,0,1,1,6,2,70,10,1796,1,10,-1,1,-1
201537EA90483,1,5,0,18,0,8,1,0,0,0,1,1,6,1,28,6,883,1,5,-1,1,-1
201537EA90483,2,9,0,18,0,1,0,0,0,0,1,1,6,1,-1,-1,1497,1,10,-1,1,-1
201537EA90485,1,9,0,7,0,0,0,0,0,0,0,1,6,2,-1,-1,2198,2,9,-1,1,-1
201537EA90485,2,9,0,18,0,0,0,0,0,0,1,1,6,1,52,8,1998,2,10,-1,3,-1
201537EA90485,3,1,0,18,9,0,0,0,0,0,1,1,6,1,6,2,-1,-1,-1,-1,3,-1
201537EA90493,1,9,0,4,0,1,0,0,0,0,1,1,6,2,29,6,1598,2,7,-1,1,-1
201537EA90493,2,9,0,4,0,1,0,0,0,0,2,1,2,1,58,9,1956,2,3,-1,3,-1
201537EA90493,3,9,0,4,0,1,0,0,0,0,2,1,2,1,51,8,999,1,15,-1,1,-1
201537EA90493,4,9,0,4,0,1,0,0,0,0,2,1,6,2,48,8,1242,1,5,-1,2,-1
201537EA90499,1,9,0,13,0,0,0,0,7,0,1,1,6,2,36,7,-1,-1,-1,-1,2,-1
201537EA90499,2,19,0,9,0,0,0,0,7,0,3,1,1,1,36,7,1598,2,1,-1,3,-1
201537EA90505,1,9,0,18,0,1,0,0,0,0,1,1,6,1,49,8,1798,1,2,-1,1,-1
201537EA90505,2,5,0,18,0,1,0,0,0,0,2,1,1,1,60,9,892,1,16,-1,1,-1
201537EA90505,3,9,0,3,0,1,0,0,0,0,2,1,1,2,59,9,1598,1,10,-1,2,-1
201537EA90521,1,9,0,5,0,1,0,0,0,0,1,1,1,1,31,6,-1,-1,-1,-1,1,-1
201537EA90521,2,9,0,18,0,6,1,0,0,0,1,1,6,2,19,4,1360,1,13,-1,1,-1
201537EA90523,1,9,0,18,0,0,0,0,0,0,4,1,6,1,-1,-1,-1,-1,-1,-1,-1,-1
201537EA90527,1,9,0,17,0,0,0,0,1,1,1,1,1,1,20,4,1242,1,3,-1,2,-1
201537EA90528,1,9,0,7,0,5,0,0,0,0,0,1,6,3,-1,-1,-1,-1,-1,-1,-1,-1
201537EA90528,2,19,0,18,0,1,0,0,0,0,2,1,6,1,30,6,1870,2,11,-1,1,-1
201537EA90528,3,3,0,18,0,1,0,0,0,0,1,1,6,1,30,6,124,1,3,-1,1,-1
201537EA90544,1,9,0,9,0,5,0,0,0,0,3,1,3,2,38,7,1242,1,6,-1,3,-1
201537EA90544,2,9,0,13,0,1,0,0,7,11,1,1,1,1,40,7,2179,2,2,-1,3,-1
201537EA90548,1,4,0,18,0,0,0,0,7,4,1,1,6,1,56,9,350,1,2,-1,2,-1
201537EA90560,1,9,0,18,0,0,0,0,0,0,0,1,6,1,-1,-1,4395,1,1,-1,1,-1
201537EA90583,1,9,0,9,0,8,0,0,0,0,3,1,6,1,46,8,1795,1,15,-1,3,-1
201537EA90583,2,9,0,18,0,1,0,0,0,0,1,1,6,1,84,11,1360,1,14,-1,3,-1
201537EA90599,1,9,0,3,0,1,0,0,0,0,3,1,1,1,26,6,-1,-1,-1,-1,-1,-1
201537EA90599,2,1,0,3,0,1,0,0,0,0,1,1,1,2,34,6,-1,-1,-1,-1,1,-1
201537EA90621,1,5,0,13,0,0,1,0,0,0,1,1,6,1,47,8,599,1,16,-1,1,-1
201537EA90621,2,9,0,18,0,0,0,0,0,0,1,1,6,1,21,5,2000,1,2,-1,3,-1
201537EA90621,3,21,0,18,0,0,0,0,0,0,0,1,1,1,-1,-1,-1,-1,-1,-1,-1,-1
201537EA90627,1,9,0,16,0,0,1,0,0,0,1,1,6,1,22,5,1975,1,9,-1,3,-1
201537EA90627,2,9,0,17,0,0,0,0,0,0,1,1,6,1,27,6,-1,-1,-1,-1,2,-1
201537EA90628,1,3,0,17,0,0,1,0,0,0,1,1,6,1,51,8,124,1,21,-1,3,-1
201537EA90632,1,9,0,18,0,0,1,0,1,11,3,1,6,1,18,4,1229,1,10,-1,3,-1
201537EA90656,1,9,0,9,0,1,0,0,0,0,4,1,6,3,-1,-1,1753,2,13,-1,-1,-1
201537EA90656,2,1,0,18,0,1,0,0,0,0,3,1,2,1,25,5,-1,-1,-1,-1,1,-1
201537EA90665,1,9,0,4,0,0,0,0,0,0,1,1,6,2,30,6,1991,1,13,-1,2,-1
201537EA90665,2,9,0,4,0,0,0,0,0,0,2,1,6,2,35,6,2000,2,6,-1,1,-1
201537EA90668,1,9,0,17,0,0,1,0,1,0,1,1,6,2,22,5,1149,1,12,-1,2,-1
201537EA90680,1,1,0,11,0,0,0,0,0,0,4,1,6,2,22,5,-1,-1,-1,-1,1,-1
201537EA90680,2,1,0,18,0,0,0,0,0,0,3,1,6,1,52,8,-1,-1,-1,-1,1,-1
201537EA90698,1,9,0,4,0,1,0,0,0,0,1,1,6,2,28,6,-1,-1,-1,-1,1,-1
201537EA90698,2,9,0,3,0,1,0,0,0,0,2,1,6,2,39,7,1781,1,13,-1,1,-1
201537EA90699,1,9,0,15,0,1,0,0,0,0,3,1,6,3,-1,-1,-1,-1,-1,-1,-1,-1
201537EA90699,2,1,0,7,0,1,0,0,1,0,1,1,4,1,14,3,-1,-1,-1,-1,3,-1
201537EA90710,1,9,0,17,0,0,5,0,1,9,1,1,6,1,19,4,1390,1,14,-1,3,-1
201537EA90721,1,19,0,4,0,1,1,0,0,0,2,1,1,1,18,4,2496,2,16,-1,3,-1
201537EA90721,2,9,0,3,0,1,0,0,0,0,2,1,1,1,51,8,-1,-1,-1,-1,3,-1
201537EA90721,3,9,0,9,0,1,0,0,0,0,2,1,6,2,57,9,1796,1,12,-1,2,-1
201537EA90741,1,19,0,6,0,0,0,0,0,0,4,1,1,1,31,6,2143,2,3,-1,-1,-1
201537EA90741,2,9,0,3,0,0,0,0,0,0,1,1,6,1,33,6,-1,-1,-1,-1,1,-1
201537EA90742,1,9,0,17,0,0,0,0,0,0,1,1,6,2,19,4,1896,2,15,-1,3,-1
201537EA90742,2,20,0,16,0,0,0,0,0,0,1,1,6,1,35,6,-1,-1,-1,-1,3,-1
201537EA90745,1,9,0,18,0,1,5,12,1,7,4,1,2,2,46,8,1968,2,10,-1,1,-1
201537EA90749,1,9,0,1,0,0,0,0,0,0,3,1,6,1,27,6,1968,2,12,-1,1,-1
201537EA90749,2,2,0,18,0,0,0,0,0,0,1,1,6,1,56,9,49,1,12,-1,1,-1
201537EA90756,1,9,0,16,0,1,1,0,1,0,1,1,6,1,17,4,1299,1,16,-1,-1,-1
201537EA90763,1,9,0,9,0,5,0,0,0,0,1,1,6,1,47,8,2980,2,18,-1,3,-1
201537EA90763,2,1,0,18,0,8,0,0,0,0,1,1,6,1,17,4,-1,-1,-1,-1,2,-1
201537EA90772,1,9,0,3,0,0,0,0,0,0,1,1,6,1,69,10,-1,-1,-1,-1,2,-1
201537EA90772,2,9,0,3,0,0,0,0,0,0,2,1,6,1,49,8,-1,-1,-1,-1,-1,-1
201537EA90772,3,9,0,3,0,0,0,0,0,0,2,1,6,2,36,7,1598,2,2,-1,3,-1
201537EA90772,4,9,0,3,0,0,0,0,0,0,2,1,6,1,40,7,2179,2,1,-1,3,-1
201537EA90772,5,9,0,3,0,0,0,0,0,0,2,1,6,1,52,8,2143,2,1,-1,2,-1
201537EA90782,1,9,0,18,0,0,0,0,0,0,1,1,6,2,20,4,1360,1,11,-1,3,-1
201537EA90782,2,9,0,2,0,0,0,0,0,0,3,1,6,2,25,5,-1,-1,-1,-1,-1,-1
201537EA90782,3,9,0,2,0,0,0,0,0,0,4,1,6,1,34,6,-1,-1,-1,-1,3,-1
201537EA90793,1,9,0,9,0,1,0,0,1,0,3,1,3,1,55,8,2496,2,15,-1,3,-1
201537EA90793,2,4,0,18,0,1,0,0,0,0,1,1,6,1,23,5,89,1,31,-1,3,-1
201537EA90800,1,9,0,18,0,8,0,0,0,0,1,1,3,2,-1,-1,-1,-1,-1,-1,1,-1
201537EA90810,1,9,0,9,0,6,0,0,0,0,1,1,6,1,46,8,-1,-1,-1,-1,2,-1
201537EA90810,2,9,0,18,0,1,0,0,0,0,4,1,6,1,69,10,1596,1,9,-1,1,-1
201537EA90812,1,4,0,4,0,4,1,0,0,0,0,1,6,1,47,8,1340,1,18,-1,1,-1
201537EA90814,1,5,0,13,0,0,0,0,0,0,1,1,6,1,42,7,750,1,27,-1,1,-1
201537EA90814,2,9,0,17,0,0,0,0,0,0,1,1,6,2,50,8,2179,2,2,-1,3,-1
201537EA90826,1,9,0,5,0,0,0,0,0,0,1,1,6,1,-1,-1,-1,-1,-1,-1,1,-1
201537EA90862,1,9,0,18,0,0,0,0,1,10,1,1,6,2,60,9,1242,1,4,-1,3,-1
201537EA90862,2,9,0,18,0,0,0,0,0,0,1,1,2,1,26,6,1461,2,2,-1,3,-1
201537EA90863,1,9,0,4,0,1,0,0,0,0,1,1,1,2,20,4,1229,1,1,-1,1,-1
201537EA90863,2,9,0,5,0,1,0,0,0,0,2,1,1,2,29,6,1397,1,5,-1,1,-1
201537EA90866,1,9,0,18,0,8,0,0,0,0,1,1,1,1,27,6,1396,1,1,-1,1,-1
201537EA90869,1,9,0,18,0,0,0,0,1,0,0,1,6,1,26,6,1598,2,1,-1,1,-1
201537EA90872,1,9,0,10,0,1,0,0,0,0,3,1,1,2,17,4,1598,1,13,-1,1,-1
201537EA90872,2,19,0,18,0,1,1,0,0,0,1,1,1,1,50,8,1998,2,9,-1,1,-1
201537EA90877,1,5,0,16,0,0,1,0,0,0,1,1,6,1,45,7,998,1,11,-1,1,-1
201537EA90878,1,9,0,18,0,0,0,0,0,0,4,1,6,3,-1,-1,-1,-1,-1,-1,-1,-1
201537EA90878,2,1,0,18,0,0,0,0,0,0,3,1,6,1,60,9,-1,-1,-1,-1,2,-1
201537EA90880,1,9,0,5,0,8,0,0,0,0,1,1,6,2,41,7,1998,1,10,-1,3,-1
201537EA90881,1,20,0,18,0,0,0,0,0,0,1,1,1,1,-1,-1,-1,-1,-1,-1,2,-1
201537EA90881,2,9,0,3,0,0,0,0,0,0,2,1,2,1,20,4,1596,1,10,-1,1,-1
201537EA90881,3,9,0,3,0,0,0,0,0,0,2,1,6,1,47,8,1596,1,13,-1,1,-1
201537EA90881,4,9,4,3,0,0,0,0,0,0,2,1,6,1,74,10,1086,1,8,-1,1,-1
201537EA90882,1,9,0,18,0,0,2,0,0,0,1,1,2,2,45,7,1598,2,1,-1,1,-1
201537EA90883,1,9,0,18,0,1,0,0,0,0,1,1,6,2,90,11,1598,1,6,-1,1,-1
201537EA90883,2,9,0,10,0,1,0,0,0,0,2,1,6,2,45,7,1581,1,15,-1,2,-1
201537EA90888,1,9,0,9,0,6,0,0,0,0,0,1,6,1,33,6,1598,2,1,-1,-1,-1
201537EA90888,2,9,0,18,0,8,5,0,7,10,1,1,2,1,45,7,1991,8,-1,-1,1,-1
201537EA90890,1,9,0,18,0,0,0,0,0,0,1,1,6,3,-1,-1,-1,-1,-1,-1,-1,-1
201537EA90890,2,1,0,18,0,0,0,0,0,0,3,1,6,1,23,5,-1,-1,-1,-1,1,-1
201537EA90891,1,9,0,9,0,1,0,0,0,0,1,1,6,1,78,11,1248,1,6,-1,3,-1
201537EA90891,2,9,0,18,0,1,0,0,0,0,3,1,6,1,70,10,1560,2,6,-1,-1,-1
201537EA90895,1,3,0,17,0,0,0,10,1,0,4,1,6,1,17,4,125,1,4,-1,1,-1
201537EA90897,1,3,0,4,0,0,0,0,0,0,1,1,6,1,18,4,124,1,10,-1,2,-1
201537EA90897,2,3,0,3,0,0,0,4,0,0,2,1,6,1,17,4,124,1,1,-1,2,-1
201537EA90897,3,9,0,2,0,0,0,0,0,0,2,1,6,2,41,7,1248,2,6,-1,3,-1
201537EA90898,1,4,0,18,0,0,1,0,0,0,1,1,6,1,18,4,125,1,2,-1,2,-1