Accident_Index,Vehicle_Reference,Vehicle_Type,Towing_and_Articulation,Vehicle_Manoeuvre,Vehicle_Location-Restricted_Lane,Junction_Location,Skidding_and_Overturning,Hit_Object_in_Carriageway,Vehicle_Leaving_Carriageway,Hit_Object_off_Carriageway,1st_Point_of_Impact,Was_Vehicle_Left_Hand_Drive?,Journey_Purpose_of_Driver,Sex_of_Driver,Age_of_Driver,Age_Band_of_Driver,Engine_Capacity_(CC),Propulsion_Code,Age_of_Vehicle,Driver_IMD_Decile,Driver_Home_Area_Type,Vehicle_IMD_Decile
201537EA91773,1,9,0,5,0,6,0,0,0,0,0,1,6,2,51,8,2183,2,4,-1,3,-1
201537EA91773,2,9,0,18,0,1,2,10,1,0,1,1,6,1,27,6,1242,1,9,-1,1,-1
201537EA91774,1,9,0,7,0,8,0,0,0,0,1,1,6,3,-1,-1,-1,-1,-1,-1,-1,-1
201537EA91774,2,1,0,17,0,8,0,0,0,0,1,1,2,2,30,6,-1,-1,-1,-1,1,-1
201537EA91776,1,9,0,4,0,0,0,0,0,0,1,1,6,2,50,8,1598,1,16,-1,1,-1
201537EA91776,2,9,0,4,0,0,0,0,0,0,2,1,6,2,54,8,1560,2,6,-1,3,-1
201537EA91777,1,4,0,13,0,8,0,0,0,0,1,1,1,1,20,4,124,1,-1,-1,2,-1
201537EA91777,2,9,0,9,0,5,0,0,0,0,3,1,1,2,35,6,1598,2,2,-1,3,-1
201537EA91778,1,9,0,18,0,0,0,4,0,0,1,1,6,1,33,6,1388,1,13,-1,1,-1
201537EA91778,2,9,0,2,0,0,0,0,1,0,2,1,6,1,64,9,1587,1,10,-1,2,-1
201537EA91779,1,9,0,18,0,1,0,0,0,0,3,1,6,1,77,11,1240,1,7,-1,3,-1
201537EA91779,2,3,0,18,0,3,0,0,0,0,3,1,2,1,22,5,124,1,10,-1,1,-1
201537EA91797,1,5,0,17,0,0,1,0,0,0,3,1,6,1,23,5,600,1,15,-1,3,-1
201537EA91814,1,9,0,16,0,0,1,0,7,10,1,1,1,1,23,5,1242,1,9,-1,-1,-1
201537EA91814,2,9,0,18,0,0,0,0,0,0,1,1,1,1,40,7,-1,-1,-1,-1,2,-1
201537EA91826,1,9,0,9,0,5,0,0,0,0,4,1,6,1,24,5,1910,2,7,-1,1,-1
201537EA91826,2,9,0,18,0,8,0,0,0,0,1,1,1,1,29,6,2494,2,8,-1,1,-1
201537EA91831,1,9,0,18,0,8,1,9,3,4,1,1,6,2,48,8,1870,2,9,-1,1,-1
201537EA91834,1,9,0,9,0,4,0,0,0,0,1,1,2,1,42,7,1990,1,20,-1,3,-1
201537EA91834,2,3,0,18,0,8,1,0,0,0,1,1,2,1,23,5,125,1,3,-1,2,-1
201537EA91837,1,9,0,18,0,0,0,0,0,0,1,1,6,1,63,9,-1,-1,-1,-1,3,-1
201537EA91837,2,19,0,18,0,0,0,0,0,0,2,1,1,1,54,8,2402,2,5,-1,1,-1
201537EA91840,1,9,0,17,0,0,5,0,1,9,1,1,1,1,50,8,1870,2,13,-1,3,-1
201537EA91855,1,19,0,5,0,1,0,0,0,0,1,1,6,1,54,8,1968,2,10,-1,1,-1
201537EA91855,2,19,0,8,0,1,0,0,0,0,2,1,6,2,32,6,1248,2,2,-1,1,-1
201537EA91856,1,9,0,17,0,0,0,0,0,0,0,1,6,3,-1,-1,-1,-1,-1,-1,-1,-1
201537EA91856,2,9,0,16,0,0,1,0,1,9,4,1,1,2,27,6,1388,1,9,-1,3,-1
201537EA91859,1,9,0,9,0,6,0,0,0,0,3,1,6,1,19,4,1984,1,4,-1,1,-1
201537EA91859,2,5,0,18,0,8,0,0,0,0,1,1,6,1,51,8,1170,1,4,-1,1,-1
201537EA91860,1,9,0,16,0,8,0,7,0,0,1,1,6,1,57,9,1995,2,15,-1,1,-1
201537EA91867,1,9,0,18,0,1,0,0,0,0,1,1,6,2,43,7,1998,1,9,-1,1,-1
201537EA91907,1,9,0,18,0,0,0,0,0,0,1,1,2,1,36,7,1587,1,9,-1,2,-1
201537EA91907,2,9,0,4,7,0,0,0,0,0,2,1,6,2,61,9,1596,1,2,-1,1,-1
201537EA91917,1,9,0,9,0,6,0,0,0,0,4,1,2,2,29,6,993,1,14,-1,1,-1
201537EA91917,2,1,0,9,0,5,0,0,0,0,3,1,2,1,45,7,-1,-1,-1,-1,1,-1
201537EA91918,1,19,0,16,0,0,1,0,0,0,1,1,6,1,64,9,1868,2,12,-1,2,-1
201537EA91918,2,1,0,17,0,0,0,0,0,0,1,1,6,1,15,3,-1,-1,-1,-1,-1,-1
201537EA91925,1,9,0,16,0,0,2,0,1,0,4,1,6,1,21,5,1598,1,9,-1,2,-1
201537EA91925,2,9,0,17,0,0,0,0,0,0,3,1,6,1,68,10,1598,1,5,-1,3,-1
201537EA91930,1,9,0,18,0,0,0,0,0,0,1,1,2,2,29,6,3189,1,11,-1,1,-1
201537EA91947,1,9,0,18,0,1,0,0,0,0,1,1,6,1,40,7,1997,1,9,-1,1,-1
201537EA91947,2,9,0,2,0,1,0,0,0,0,2,1,6,1,33,6,-1,-1,-1,-1,1,-1
201537EA91954,1,9,0,9,0,6,0,0,0,0,3,1,6,2,31,6,999,1,15,-1,1,-1
201537EA91954,2,9,0,18,0,8,0,0,0,0,1,1,6,1,71,10,1248,1,5,-1,3,-1
201537EA91954,3,19,0,9,0,8,0,0,0,0,1,1,1,1,39,7,2402,2,10,-1,3,-1
201537EA91962,1,9,0,9,0,6,0,0,0,0,1,1,6,1,26,6,1596,1,13,-1,2,-1
201537EA91962,2,9,0,18,0,8,0,0,0,0,1,1,6,2,24,5,-1,-1,-1,-1,2,-1
201537EA91971,1,9,0,13,0,0,1,0,0,0,1,1,2,2,26,6,1198,1,4,-1,2,-1
201537EA91971,2,9,0,13,0,0,1,0,1,0,1,1,3,1,36,7,1956,2,3,-1,2,-1
201537EA91981,1,10,0,9,0,5,0,0,0,0,0,1,6,3,-1,-1,-1,-1,-1,-1,-1,-1
201537EA91981,2,5,0,4,0,1,0,0,0,0,3,1,2,1,39,7,-1,-1,-1,-1,1,-1
201537EA91989,1,9,0,4,0,0,1,0,0,0,1,1,1,1,43,7,-1,-1,-1,-1,1,-1
201537EA91989,2,9,0,4,0,0,0,0,0,0,2,1,1,1,28,6,1910,2,7,-1,1,-1
201537EA91989,3,9,0,4,0,0,0,0,0,0,2,1,1,1,55,8,-1,-1,-1,-1,3,-1
201537EA91989,4,9,0,4,0,0,0,0,0,0,2,1,6,2,-1,-1,1242,1,7,-1,1,-1
201537EA91996,1,3,0,18,0,6,0,0,0,0,1,1,6,1,26,6,124,1,4,-1,2,-1
201537EA91996,2,9,0,18,0,8,0,0,0,0,1,1,6,2,47,8,1086,1,7,-1,3,-1
201537EA91998,1,21,1,18,0,2,5,4,0,0,1,1,1,1,45,7,12740,2,2,-1,1,-1
201537EA91998,2,21,1,2,0,2,0,4,0,0,2,1,1,1,64,9,11946,2,8,-1,1,-1
201537EA92008,1,9,0,16,0,0,2,0,1,4,1,1,6,2,26,6,1389,1,19,-1,1,-1
201537EA92009,1,9,0,17,0,0,0,0,0,0,1,1,6,2,23,5,1149,1,15,-1,2,-1
201537EA92009,2,9,0,16,0,0,0,0,0,0,1,1,6,2,87,11,1590,1,17,-1,3,-1
201537EA92011,1,9,0,18,0,0,0,2,1,4,1,1,6,2,66,10,1586,1,10,-1,3,-1
201537EA92017,1,21,0,15,0,0,0,0,0,0,4,1,1,1,54,8,7146,2,2,-1,1,-1
201537EA92017,2,1,0,18,0,0,0,0,0,0,1,1,6,2,45,7,-1,-1,-1,-1,2,-1
201537EA92028,1,9,0,4,0,1,0,0,0,0,1,1,2,2,26,6,1399,2,5,-1,3,-1
201537EA92028,2,4,0,3,0,1,0,0,0,0,2,1,2,2,25,5,471,1,-1,-1,3,-1
201537EA92029,1,9,0,18,0,0,0,0,0,0,1,1,2,2,49,8,1242,1,10,-1,2,-1
201537EA92029,2,16,0,18,0,0,0,0,0,0,2,1,6,2,40,7,-1,-1,-1,-1,1,-1
201537EA92032,1,1,0,18,0,0,0,0,0,0,1,1,6,1,-1,-1,-1,-1,-1,-1,-1,-1
201537EA92033,1,21,4,18,0,8,0,0,0,0,1,1,1,1,45,7,11116,2,9,-1,1,-1
201537EA92033,2,9,0,9,0,5,0,0,7,11,2,1,6,1,80,11,1461,2,-1,-1,1,-1
201537EA92042,1,9,0,14,0,0,0,0,0,0,4,1,6,1,-1,-1,-1,-1,-1,-1,1,-1
201537EA92046,1,9,0,18,0,0,1,0,1,1,1,1,2,1,54,8,1596,1,16,-1,1,-1
201537EA92047,1,9,0,1,0,0,0,0,0,0,2,1,2,2,34,6,1956,2,1,-1,1,-1
201537EA92047,2,9,0,2,0,0,0,0,0,0,1,1,3,2,26,6,1999,1,5,-1,1,-1
201537EA92048,1,9,0,18,0,0,0,0,7,0,1,1,6,1,24,5,3999,1,6,-1,1,-1
201537EA92048,2,9,0,18,0,0,0,0,0,0,1,1,6,1,77,11,1582,2,6,-1,3,-1
201537EA92049,1,9,0,6,0,0,0,0,0,0,3,1,1,1,-1,-1,1596,1,13,-1,2,-1
201537EA92049,2,1,0,18,0,0,0,0,0,0,1,1,6,2,37,7,-1,-1,-1,-1,1,-1
201537EA92050,1,9,0,18,0,8,0,0,7,11,1,1,2,1,32,6,1388,1,10,-1,1,-1
201537EA92051,1,9,0,7,0,6,0,0,4,6,2,1,6,2,47,8,1248,2,1,-1,3,-1
201537EA92051,2,9,0,18,0,8,0,0,0,0,1,1,1,1,26,6,1995,2,-1,-1,1,-1
201537EA92058,1,9,0,4,0,8,0,10,1,11,1,1,6,2,64,9,1124,1,14,-1,1,-1
201537EA92100,1,9,0,7,0,6,0,0,0,0,1,1,2,1,23,5,1587,1,10,-1,1,-1
201537EA92100,2,3,0,18,0,8,0,0,0,0,1,1,2,1,17,4,125,1,11,-1,1,-1
201537EA92102,1,9,0,18,0,0,0,0,0,0,3,1,6,1,44,7,1242,1,1,-1,1,-1
201537EA92102,2,1,0,18,9,0,0,0,0,0,1,1,6,1,13,3,-1,-1,-1,-1,1,-1
201537EA92113,1,9,0,16,0,0,5,0,0,0,3,1,6,2,18,4,1149,1,12,-1,1,-1
201537EA92129,1,9,0,4,0,8,2,0,3,9,1,1,6,1,17,4,1360,1,15,-1,1,-1
201537EA92132,1,98,1,18,0,0,0,0,0,0,0,1,1,1,27,6,2664,2,12,-1,1,-1
201537EA92132,2,1,0,18,5,0,0,0,1,1,1,1,6,1,16,4,-1,-1,-1,-1,1,-1
201537EA92135,1,9,0,9,0,6,0,0,0,0,3,1,6,2,41,7,1388,1,11,-1,3,-1
201537EA92135,2,9,0,18,0,8,0,0,0,0,1,1,6,2,45,7,1896,2,7,-1,2,-1
201537EA92143,1,3,0,4,0,1,0,0,0,0,1,1,2,1,17,4,125,1,4,-1,1,-1
201537EA92143,2,9,0,10,0,8,0,0,0,0,2,1,6,1,19,4,1589,1,15,-1,1,-1
201537EA92173,1,9,0,17,0,0,0,0,0,0,4,1,6,1,30,6,-1,-1,-1,-1,-1,-1
201537EA92189,1,17,4,7,0,5,0,0,0,0,3,1,1,1,51,8,6788,2,8,-1,3,-1
201537EA92189,2,9,0,18,0,8,0,0,0,0,3,1,6,1,49,8,1560,2,3,-1,1,-1
201537EA92190,1,20,0,18,0,1,0,0,0,0,1,1,1,1,57,9,6692,2,3,-1,3,-1
201537EA92190,2,9,0,4,0,1,0,0,0,0,2,1,6,2,46,8,1798,1,12,-1,1,-1
201537EA92203,1,9,0,4,0,1,0,0,0,0,1,1,6,3,-1,-1,-1,-1,-1,-1,-1,-1
201537EA92203,2,9,0,3,0,1,0,0,0,0,2,1,1,2,44,7,1956,2,6,-1,3,-1
201537EA92210,1,9,0,14,0,0,0,8,0,0,4,1,6,1,-1,-1,1598,1,11,-1,-1,-1
201537EA92210,2,9,0,2,0,0,0,0,0,0,3,1,6,2,32,6,-1,-1,-1,-1,1,-1
201537EA92212,1,9,0,18,0,0,1,0,0,0,1,1,2,1,26,6,1590,1,12,-1,1,-1
201537EA92212,2,9,0,4,0,0,0,0,0,0,2,1,6,1,38,7,1998,1,12,-1,1,-1
201537EA92212,3,9,0,3,0,0,0,0,0,0,0,1,1,2,21,5,1229,1,9,-1,2,-1
201537EA92224,1,9,0,17,0,0,0,0,7,0,1,1,1,1,20,4,1198,1,5,-1,3,-1
201537EA92224,2,19,0,16,0,0,0,0,0,0,3,1,1,1,44,7,2402,2,7,-1,1,-1
201537EA92228,1,9,0,18,0,0,0,0,0,0,3,1,6,2,23,5,1399,2,3,-1,2,-1
201537EA92228,2,9,0,4,0,0,0,0,0,0,3,1,6,1,63,9,-1,3,-1,-1,3,-1
201537EA92252,1,9,0,17,0,0,1,0,1,9,4,1,1,2,28,6,1149,1,8,-1,3,-1
201537EA92259,1,9,0,9,0,8,0,0,1,2,1,1,2,1,19,4,973,1,14,-1,1,-1
201537EA92265,1,1,0,18,9,1,0,0,0,0,1,1,6,2,66,10,-1,-1,-1,-1,1,-1
201537EA92265,2,9,0,5,9,6,0,0,0,0,3,1,6,1,23,5,1149,1,14,-1,1,-1
201537EA92266,1,9,0,9,0,6,0,0,0,0,3,1,6,1,18,4,1149,1,10,-1,1,-1
201537EA92266,2,9,0,18,0,8,1,0,0,0,1,1,6,2,50,8,1598,1,8,-1,1,-1
201537EA92267,1,9,0,17,0,0,0,0,7,10,1,1,6,1,40,7,3824,1,9,-1,3,-1
201537EA92267,2,9,0,18,0,0,0,0,1,10,1,1,6,1,46,8,2295,1,15,-1,3,-1
201537EA92273,1,9,0,14,0,0,1,0,0,0,3,1,6,1,23,5,3000,1,21,-1,1,-1
201537EA92273,2,9,0,18,0,0,0,0,0,0,3,1,6,2,29,6,3600,1,4,-1,1,-1
201537EA92292,1,1,0,18,9,0,0,0,0,0,3,1,4,1,11,3,-1,-1,-1,-1,1,-1
201537EA92292,2,9,0,18,0,0,0,0,0,0,1,1,2,2,20,4,1388,1,12,-1,2,-1
201537EA92296,1,9,0,17,0,0,0,0,0,0,1,1,1,1,32,6,1995,2,9,-1,2,-1
201537EA92296,2,19,0,16,0,0,0,0,0,0,1,1,1,1,53,8,2298,2,1,-1,1,-1
201537EA92303,1,9,0,13,0,2,0,0,0,0,1,1,6,3,-1,-1,-1,-1,-1,-1,-1,-1
201537EA92303,2,1,0,14,0,2,0,0,0,0,2,1,6,1,10,2,-1,-1,-1,-1,1,-1
201537EA92304,1,9,0,18,0,0,1,0,4,0,1,1,6,2,32,6,1498,1,4,-1,2,-1
201537EA92304,2,21,1,18,0,0,0,0,0,0,2,1,1,1,47,8,12809,2,-1,-1,3,-1
201537EA92306,1,9,0,4,0,0,1,0,0,0,1,1,2,2,27,6,1360,1,14,-1,1,-1
201537EA92306,2,9,0,3,0,0,0,0,0,0,2,1,6,1,36,7,1998,2,-1,-1,3,-1
201537EA92310,1,9,0,9,0,6,0,0,0,0,1,1,6,2,75,10,1390,1,14,-1,3,-1
201537EA92310,2,9,0,18,0,8,0,0,0,0,1,1,6,1,55,8,1598,1,9,-1,1,-1
201537EA92316,1,9,0,17,0,0,0,0,0,0,3,1,6,1,20,4,1800,1,15,-1,-1,-1
201537EA92316,2,9,0,18,0,0,0,0,0,0,3,1,2,1,55,8,1399,2,12,-1,1,-1
201537EA92320,1,19,0,9,0,5,0,0,0,0,1,1,1,1,55,8,2800,2,13,-1,1,-1
201537EA92326,1,9,0,18,0,0,5,0,1,7,4,1,6,2,60,9,1198,1,1,-1,3,-1
201537EA92327,1,9,0,5,0,6,1,0,0,0,1,1,6,1,66,10,1998,1,12,-1,-1,-1
201537EA92327,2,9,0,18,0,8,0,0,0,0,4,1,6,1,49,8,1596,1,6,-1,1,-1
201537EA92336,1,9,0,7,0,8,1,0,1,10,1,1,6,2,19,4,1299,1,13,-1,-1,-1
201537EA92341,1,9,0,18,0,1,0,0,0,0,1,1,1,2,26,6,1390,1,9,-1,2,-1
201537EA92341,2,9,0,10,0,8,0,0,0,0,2,1,6,1,26,6,1951,2,11,-1,3,-1
201537EA92343,1,9,0,9,0,8,0,0,0,0,4,1,6,2,55,8,1798,2,2,-1,1,-1
201537EA92343,2,9,0,18,0,8,0,0,0,0,1,1,6,2,73,10,1905,2,17,-1,1,-1
201537EA92369,1,9,0,16,0,0,0,0,0,0,1,1,2,1,33,6,1598,2,3,-1,2,-1
201537EA92369,2,21,1,17,0,0,1,0,1,0,1,1,1,1,-1,-1,12902,2,2,-1,3,-1
201537EA92377,1,19,0,9,0,6,0,0,0,0,1,1,1,1,45,7,2198,2,5,-1,1,-1
201537EA92377,2,1,0,18,0,8,0,0,0,0,1,1,6,2,56,9,-1,-1,-1,-1,1,-1
201537EA92385,1,9,0,18,0,2,1,0,7,10,1,1,6,2,34,6,1364,1,7,-1,-1,-1
201537EA92385,2,9,0,9,0,5,0,0,0,0,0,1,6,3,-1,-1,-1,-1,-1,-1,-1,-1
201537EA92392,1,9,0,9,0,6,0,0,0,0,1,1,6,1,21,5,1896,2,6,-1,1,-1
201537EA92392,2,4,0,18,0,1,0,0,0,0,1,1,6,1,20,4,124,1,3,-1,2,-1
201537EA92407,1,9,0,1,0,1,0,0,0,0,2,1,6,1,36,7,2231,2,3,-1,1,-1
201537EA92407,2,9,0,3,0,1,0,0,0,0,1,1,6,1,37,7,-1,-1,-1,-1,1,-1
201537EA92413,1,19,0,13,0,1,0,0,0,0,4,1,6,3,-1,-1,-1,-1,-1,-1,-1,-1
201537EA92413,2,1,0,18,0,1,0,0,0,0,3,1,6,1,50,8,-1,-1,-1,-1,1,-1
201537EA92418,1,5,0,18,0,8,0,0,0,0,1,1,2,1,44,7,600,1,16,-1,1,-1
201537EA92418,2,1,0,7,0,6,0,0,0,0,3,1,6,1,40,7,-1,-1,-1,-1,1,-1
201537EA92419,1,9,0,16,0,1,0,0,0,0,1,1,1,2,50,8,1242,1,1,-1,1,-1
201537EA92419,2,1,0,17,0,2,0,0,0,0,2,1,6,1,14,3,-1,-1,-1,-1,-1,-1
201537EA92434,1,9,0,18,0,1,0,0,0,0,1,1,6,2,24,5,1596,1,6,-1,1,-1
201537EA92434,2,9,0,3,0,1,0,0,0,0,2,1,6,1,27,6,1598,1,8,-1,-1,-1
201537EA92434,3,9,0,3,0,1,0,0,0,0,2,1,6,2,40,7,998,1,16,-1,-1,-1
201537EA92435,1,19,0,18,0,7,0,0,0,0,1,1,6,1,31,6,1868,2,12,-1,3,-1
201537EA92435,2,9,0,4,0,7,0,0,0,0,2,1,6,2,57,9,3311,8,9,-1,3,-1
201537EA92436,1,9,0,9,0,5,0,0,0,0,1,1,6,1,28,6,2993,2,12,-1,1,-1
201537EA92436,2,9,0,18,0,8,0,0,0,0,1,1,6,1,43,7,-1,-1,-1,-1,3,-1
201537EA92436,3,9,0,8,0,1,0,0,0,0,1,1,1,1,43,7,1229,1,1,-1,2,-1
201537EA92450,1,3,0,18,0,1,0,0,0,3,1,1,6,1,18,4,124,1,4,-1,3,-1
201537EA92450,2,9,0,7,0,6,0,0,3,10,3,1,6,1,44,7,1391,1,20,-1,-1,-1
201537EA92458,1,19,0,18,0,0,1,0,0,0,1,1,2,1,22,5,2198,2,3,-1,1,-1
201537EA92458,2,9,0,18,0,0,1,0,1,7,2,1,6,1,61,9,996,1,4,-1,1,-1
201537EA92459,1,19,0,17,0,0,0,0,1,11,1,1,1,1,34,6,1686,2,10,-1,1,-1
201537EA92461,1,9,0,4,0,1,0,0,0,0,1,1,6,1,89,11,1596,1,9,-1,3,-1
201537EA92461,2,9,0,3,0,1,0,0,0,0,2,1,6,2,44,7,1798,1,10,-1,1,-1
201537EA92464,1,21,4,12,0,0,0,0,0,0,1,2,1,1,37,7,-1,-1,-1,-1,-1,-1
201537EA92464,2,9,0,18,0,0,1,10,1,0,4,1,6,1,49,8,1461,2,7,-1,3,-1
201537EA92468,1,9,0,5,0,6,0,0,0,0,3,1,1,2,56,9,-1,-1,-1,-1,1,-1
201537EA92468,2,9,0,18,0,8,0,0,0,0,4,1,6,2,30,6,1560,2,8,-1,1,-1
201537EA92478,1,9,0,18,0,0,0,0,0,0,1,1,6,3,-1,-1,-1,-1,-1,-1,-1,-1
201537EA92478,2,1,0,18,0,0,0,0,0,0,2,1,6,2,12,3,-1,-1,-1,-1,3,-1
201537EA92485,1,9,0,18,0,1,0,0,0,0,1,1,6,2,33,6,1998,1,10,-1,3,-1
201537EA92485,2,9,0,3,0,1,0,0,0,0,2,1,1,1,38,7,998,1,1,-1,1,-1
201537EA92487,1,9,0,16,0,0,2,0,1,0,1,1,2,1,57,9,1796,1,12,-1,-1,-1
201537EA92488,1,9,0,16,0,0,0,0,7,0,1,1,3,2,48,8,2148,2,9,-1,3,-1
201537EA92488,2,9,0,17,0,0,0,0,1,0,3,1,6,2,44,7,3628,2,6,-1,3,-1
201537EA92496,1,9,0,9,0,6,0,0,0,0,3,1,2,1,32,6,1124,1,10,-1,2,-1
201537EA92496,2,1,0,18,0,8,0,0,0,0,4,1,2,1,56,9,-1,-1,-1,-1,1,-1
201537EA92503,1,9,0,18,0,1,2,0,1,0,1,1,6,2,18,4,1388,1,10,-1,1,-1
201537EA92504,1,9,0,3,0,8,0,0,0,0,3,1,6,1,46,8,1896,2,12,-1,1,-1
201537EA92504,2,5,0,18,0,8,0,0,0,0,1,1,6,1,27,6,999,1,4,-1,1,-1
201537EA92544,1,9,0,18,0,0,1,4,0,0,1,1,2,1,20,4,998,1,16,-1,3,-1
201537EA92544,2,9,0,18,0,0,0,0,0,0,1,1,6,1,24,5,1596,1,16,-1,-1,-1
201537EA92544,3,19,0,2,0,0,0,0,0,0,1,1,2,1,46,8,1560,2,1,-1,-1,-1
201537EA92548,1,19,0,16,0,0,1,0,0,0,1,1,1,1,22,5,-1,-1,-1,-1,-1,-1
201537EA92548,2,9,0,16,0,0,0,0,0,0,2,1,6,2,48,8,-1,-1,-1,-1,3,-1
201537EA92550,1,9,0,7,0,6,0,0,0,0,1,1,6,1,30,6,1596,1,11,-1,1,-1
201537EA92550,2,9,0,18,0,8,0,0,0,0,1,1,6,2,17,4,1199,1,13,-1,2,-1
201537EA92551,1,9,0,18,0,0,0,0,1,0,1,1,1,1,64,9,1796,2,18,-1,1,-1
201537EA92551,2,21,0,4,0,0,0,0,0,0,2,1,1,1,25,5,12900,2,7,-1,3,-1
201537EA92572,1,9,0,18,0,0,1,0,7,4,1,1,6,2,23,5,1461,2,12,-1,2,-1
201537EA92577,1,9,0,18,0,0,0,0,1,4,3,1,6,2,32,6,1997,2,10,-1,3,-1
201537EA92577,2,9,0,18,0,0,0,0,1,0,3,1,6,1,38,7,1598,1,10,-1,2,-1
201537EA92581,1,9,0,18,0,0,0,0,7,11,1,1,6,1,45,7,1598,1,13,-1,1,-1
201537EA92585,1,9,0,18,0,1,0,0,0,0,1,1,6,2,41,7,2967,2,8,-1,3,-1
201537EA92585,2,9,0,10,0,8,0,0,0,0,2,1,6,2,51,8,1781,1,10,-1,2,-1
201537EA92593,1,19,0,5,0,4,0,0,0,0,3,1,1,1,52,8,2148,2,7,-1,2,-1
201537EA92593,2,1,0,18,0,8,0,0,0,0,1,1,6,2,43,7,-1,-1,-1,-1,3,-1
201537EA92594,1,9,0,17,0,0,1,0,0,0,1,1,6,1,59,9,-1,-1,-1,-1,-1,-1
201537EA92594,2,9,0,16,0,0,0,0,0,0,1,1,6,2,40,7,-1,-1,-1,-1,1,-1
201537EA92595,1,8,0,5,0,1,0,0,0,0,4,1,1,1,42,7,2685,2,11,-1,1,-1
201537EA92631,1,9,0,7,0,6,0,0,0,0,3,1,6,1,18,4,1596,1,14,-1,-1,-1
201537EA92631,2,9,0,18,0,8,0,0,0,0,4,1,6,2,66,10,1398,2,4,-1,3,-1
201537EA92635,1,9,0,17,0,0,5,10,0,0,1,1,6,1,53,8,1560,2,7,-1,1,-1
201537EA92646,1,9,0,18,0,0,1,4,0,0,1,1,6,1,24,5,1761,1,17,-1,1,-1
201537EA92646,2,9,0,2,0,0,0,0,0,0,2,1,6,3,-1,-1,1999,1,2,-1,-1,-1
201537EA92650,1,21,1,18,0,4,2,10,0,0,4,1,1,1,56,9,-1,-1,-1,-1,1,-1
201537EA92652,1,19,0,17,0,0,2,0,7,9,4,1,6,1,50,8,1998,2,14,-1,3,-1
201537EA92655,1,17,0,18,0,8,0,0,0,0,0,1,1,1,60,9,6800,2,2,-1,-1,-1
201537EA92655,2,1,0,18,0,4,0,0,0,0,3,1,6,2,34,6,-1,-1,-1,-1,3,-1
201537EA92655,3,1,0,18,0,4,0,0,0,0,3,1,6,1,40,7,-1,-1,-1,-1,3,-1
201537EA92656,1,9,0,18,0,0,1,0,0,0,1,1,6,1,18,4,1124,1,10,-1,2,-1
201537EA92656,2,9,0,3,0,0,0,0,0,0,2,1,6,1,55,8,1598,1,13,-1,1,-1
201537EA92656,3,9,0,3,0,0,0,0,0,0,3,1,6,2,49,8,1229,1,3,-1,1,-1
201537EA92656,4,8,0,3,0,0,0,0,0,0,2,1,1,1,58,9,1997,2,2,-1,1,-1
201537EA92658,1,9,0,5,6,2,0,0,0,0,1,1,6,2,72,10,1242,1,11,-1,1,-1
201537EA92658,2,9,0,2,0,2,0,0,1,0,2,1,6,1,75,10,1998,1,13,-1,1,-1
201537EA92658,3,9,0,2,0,2,0,0,0,0,3,1,6,2,-1,-1,1398,1,2,-1,1,-1
201537EA92659,1,9,0,18,0,1,2,0,0,0,4,1,6,2,44,7,2495,2,15,-1,3,-1
201537EA92659,2,21,1,18,0,1,0,0,0,0,3,1,1,1,55,8,12900,2,4,-1,1,-1
201537EA92660,1,9,0,5,0,1,0,0,0,0,4,1,6,1,65,9,1796,1,10,-1,1,-1
201537EA92677,1,9,0,18,0,0,1,0,0,0,1,1,6,1,25,5,1896,2,13,-1,1,-1
201537EA92677,2,17,4,18,0,0,0,0,4,6,2,1,1,1,70,10,-1,2,-1,-1,-1,-1
201537EA92692,1,17,4,16,0,0,2,0,1,4,1,1,1,1,18,4,6788,2,1,-1,3,-1
201537EA92692,2,9,0,17,0,0,0,0,0,0,3,1,6,1,64,9,1596,1,14,-1,1,-1
201537EA92701,1,19,0,18,0,3,0,10,1,0,4,1,1,1,21,5,2287,2,3,-1,3,-1
201537EA92714,1,9,0,18,0,0,0,0,0,0,1,1,6,3,-1,-1,-1,-1,-1,-1,-1,-1
201537EA92714,2,1,0,4,0,0,0,0,1,4,1,1,1,1,33,6,-1,-1,-1,-1,1,-1
201537EA92717,1,9,0,9,0,6,0,0,0,0,3,1,2,2,41,7,1388,1,12,-1,1,-1
201537EA92717,2,9,0,18,0,8,0,0,0,0,1,1,6,2,28,6,1868,2,15,-1,2,-1
201537EA92723,1,9,0,18,0,0,0,4,0,0,1,1,6,2,36,7,1896,2,14,-1,1,-1
201537EA92723,2,9,0,2,0,0,0,0,0,0,2,1,6,2,45,7,1229,1,7,-1,3,-1
201537EA92728,1,21,1,18,0,0,0,8,0,0,4,1,1,3,-1,-1,-1,-1,-1,-1,-1,-1
201537EA92728,2,9,0,2,6,0,0,0,0,0,3,1,6,1,57,9,1388,1,15,-1,1,-1
201537EA92732,1,9,0,4,0,0,0,0,0,0,1,1,6,2,45,7,2926,2,12,-1,1,-1
201537EA92732,2,9,0,3,0,0,0,0,0,0,2,1,6,2,41,7,1364,2,1,-1,1,-1
201537EA92732,3,19,0,3,0,0,0,0,0,0,2,1,6,1,46,8,-1,-1,-1,-1,1,-1
201537EA92740,1,9,0,9,0,5,0,0,0,0,1,1,6,2,19,4,1242,1,8,-1,1,-1
201537EA92740,2,9,0,18,0,8,0,0,0,0,3,1,6,1,37,7,1998,1,15,-1,1,-1
201537EA92740,3,9,0,8,0,1,0,0,0,0,3,1,6,1,44,7,1598,1,15,-1,1,-1
201537EA92776,1,9,0,4,0,0,1,0,0,0,1,1,6,2,40,7,1598,1,11,-1,1,-1
201537EA92776,2,9,0,4,0,0,0,0,0,0,2,1,6,1,51,8,2993,2,5,-1,3,-1