Accident_Index,Vehicle_Reference,Vehicle_Type,Towing_and_Articulation,Vehicle_Manoeuvre,Vehicle_Location-Restricted_Lane,Junction_Location,Skidding_and_Overturning,Hit_Object_in_Carriageway,Vehicle_Leaving_Carriageway,Hit_Object_off_Carriageway,1st_Point_of_Impact,Was_Vehicle_Left_Hand_Drive?,Journey_Purpose_of_Driver,Sex_of_Driver,Age_of_Driver,Age_Band_of_Driver,Engine_Capacity_(CC),Propulsion_Code,Age_of_Vehicle,Driver_IMD_Decile,Driver_Home_Area_Type,Vehicle_IMD_Decile
201537EA92777,1,19,0,5,0,8,0,0,0,0,1,1,2,1,21,5,2402,2,10,-1,3,-1
201537EA92777,2,2,0,5,0,8,0,0,7,0,1,1,6,1,17,4,49,1,5,-1,1,-1
201537EA92780,1,9,0,13,0,0,2,0,1,9,4,1,6,1,22,5,1999,1,8,-1,3,-1
201537EA92780,2,17,4,10,0,0,0,0,0,0,1,1,1,1,23,5,-1,-1,-1,-1,3,-1
201537EA92792,1,9,0,18,0,1,0,0,0,0,1,1,2,2,24,5,1587,1,9,-1,3,-1
201537EA92792,2,9,0,3,0,1,0,0,0,0,2,1,2,2,24,5,1587,1,9,-1,3,-1
201537EA92792,3,9,0,3,0,1,0,0,0,0,2,1,2,1,20,4,1595,2,5,-1,1,-1
201537EA92807,1,19,0,4,0,0,0,0,0,0,1,1,1,1,21,5,1248,2,9,-1,3,-1
201537EA92807,2,9,0,4,0,0,0,0,0,0,0,1,6,1,19,4,1390,1,3,-1,3,-1
201537EA92807,3,9,0,4,0,0,0,0,0,0,2,1,6,1,22,5,1596,1,8,-1,1,-1
201537EA92809,1,9,0,9,0,6,0,0,0,0,1,1,6,1,32,6,1242,1,13,-1,1,-1
201537EA92809,2,9,0,18,0,8,0,0,0,0,1,1,6,1,40,7,1999,1,14,-1,1,-1
201537EA92809,3,9,0,10,0,8,0,0,0,0,3,1,6,1,33,6,2993,2,11,-1,1,-1
201537EA92818,1,9,0,16,0,0,0,0,0,0,1,1,6,1,-1,-1,1587,1,13,-1,3,-1
201537EA92818,2,9,0,17,0,0,0,0,0,0,1,1,6,2,29,6,1360,1,8,-1,3,-1
201537EA92819,1,9,0,9,0,8,1,10,1,11,1,1,6,1,27,6,1598,1,12,-1,-1,-1
201537EA92827,1,9,0,16,0,0,0,0,0,0,3,1,6,1,57,9,1390,1,9,-1,3,-1
201537EA92827,2,9,0,17,0,0,0,0,0,0,3,1,6,1,48,8,1560,2,1,-1,1,-1
201537EA92830,1,9,0,18,0,1,0,0,0,0,1,1,2,2,28,6,1753,2,8,-1,1,-1
201537EA92830,2,9,0,3,0,1,0,0,0,0,2,1,6,2,69,10,1248,2,10,-1,1,-1
201537EA92830,3,9,0,1,0,6,0,0,0,0,0,1,6,1,24,5,1910,2,9,-1,1,-1
201537EA92833,1,21,1,18,0,8,5,0,1,10,4,1,1,1,58,9,10837,2,4,-1,1,-1
201537EA92834,1,9,0,17,0,2,0,0,1,3,1,1,6,2,41,7,1900,2,15,-1,-1,-1
201537EA92835,1,9,0,9,0,5,0,0,0,0,1,1,6,2,68,10,999,1,5,-1,2,-1
201537EA92835,2,19,0,18,0,8,0,0,0,0,3,1,6,1,41,7,2446,2,16,-1,1,-1
201537EA92839,1,19,0,16,0,0,1,0,7,9,3,1,6,1,35,6,1896,2,8,-1,3,-1
201537EA92841,1,9,0,18,0,1,1,0,1,2,1,1,6,2,19,4,1360,1,11,-1,1,-1
201537EA92846,1,9,0,17,0,0,2,0,1,4,1,1,6,1,22,5,1330,1,18,-1,1,-1
201537EA92848,1,5,0,17,0,0,0,0,1,0,4,1,6,1,64,9,885,1,18,-1,3,-1
201537EA92851,1,19,0,13,0,0,0,0,0,0,3,1,1,1,35,6,2287,2,-1,-1,1,-1
201537EA92851,2,9,0,13,0,0,0,10,7,4,4,1,6,1,36,7,6208,1,5,-1,1,-1
201537EA92855,1,8,0,18,0,0,0,0,0,0,1,1,1,1,55,8,2179,2,7,-1,1,-1
201537EA92855,2,5,0,4,0,0,0,0,0,0,2,1,6,1,26,6,1450,1,11,-1,1,-1
201537EA92858,1,9,0,14,0,0,0,0,0,0,1,1,6,1,29,6,1998,1,17,-1,3,-1
201537EA92858,2,9,0,17,0,0,0,0,0,0,1,1,6,2,30,6,2000,1,5,-1,-1,-1
201537EA92861,1,9,0,4,0,0,0,0,0,0,4,1,6,2,18,4,1596,1,6,-1,1,-1
201537EA92866,1,9,0,18,0,0,1,0,4,6,3,1,1,1,35,6,1596,1,10,-1,1,-1
201537EA92870,1,19,0,4,0,0,0,0,0,0,1,1,1,1,43,7,2143,2,2,-1,1,-1
201537EA92870,2,9,0,2,0,0,0,0,0,0,1,1,6,3,-1,-1,1399,2,4,-1,-1,-1
201537EA92870,3,9,0,2,0,0,0,0,0,0,1,1,6,3,-1,-1,1390,1,1,-1,-1,-1
201537EA92870,4,9,0,2,0,0,0,0,0,0,2,1,6,3,-1,-1,1798,1,7,-1,-1,-1
201537EA92871,1,9,0,16,0,0,0,0,0,0,1,1,6,2,20,4,1124,1,13,-1,2,-1
201537EA92871,2,21,0,17,0,0,0,0,0,0,3,1,1,1,51,8,4461,2,7,-1,1,-1
201537EA92873,1,9,0,18,0,0,2,0,7,4,1,1,6,1,17,4,-1,-1,-1,-1,1,-1
201537EA92876,1,9,0,18,0,1,0,0,0,0,1,1,6,1,80,11,1229,1,7,-1,1,-1
201537EA92876,2,9,0,3,0,1,0,0,0,0,2,1,6,1,46,8,2987,2,10,-1,3,-1
201537EA92879,1,9,0,17,0,1,0,0,0,0,1,1,6,1,76,11,1497,8,10,-1,2,-1
201537EA92879,2,9,0,16,0,2,0,0,0,0,3,1,6,1,73,10,-1,-1,-1,-1,1,-1
201537EA92879,3,19,0,16,0,2,0,0,0,0,1,1,1,1,27,6,-1,-1,-1,-1,1,-1
201537EA92880,1,9,0,9,0,5,0,0,0,0,1,1,6,1,70,10,1995,2,7,-1,1,-1
201537EA92880,2,9,0,18,0,8,0,0,0,0,1,1,6,1,65,9,1493,2,8,-1,2,-1
201537EA92881,1,9,0,18,0,0,0,0,0,0,1,1,6,3,-1,-1,-1,-1,-1,-1,-1,-1
201537EA92881,2,1,0,18,0,0,0,0,0,0,2,1,1,1,54,8,-1,-1,-1,-1,2,-1
201537EA92894,1,9,0,13,0,8,0,0,0,0,4,1,6,2,39,7,1598,1,8,-1,1,-1
201537EA92894,2,2,0,9,0,5,0,0,0,0,1,1,6,1,23,5,85,1,27,-1,-1,-1
201537EA92896,1,9,0,9,0,6,0,0,0,0,1,1,6,2,30,6,-1,-1,-1,-1,-1,-1
201537EA92924,1,9,0,17,0,0,0,0,1,0,4,1,6,1,57,9,2993,2,-1,-1,3,-1
201537EA92925,1,9,0,17,0,0,1,0,1,4,1,1,6,1,36,7,1598,1,13,-1,2,-1
201537EA92942,1,9,0,4,0,6,1,0,7,0,1,1,6,2,54,8,-1,-1,-1,-1,3,-1
201537EA92942,2,9,0,18,0,8,5,0,7,11,4,1,6,1,-1,-1,1086,1,7,-1,2,-1
201537EA92954,1,9,0,18,0,6,0,0,0,0,1,1,6,2,54,8,2179,2,7,-1,3,-1
201537EA92954,2,9,0,17,0,8,0,0,0,0,1,1,6,2,28,6,1364,1,8,-1,2,-1
201537EA92962,1,9,0,18,0,0,0,0,0,0,1,1,6,2,21,5,1299,1,11,-1,2,-1
201537EA92962,2,9,0,4,0,0,0,0,0,0,2,1,6,2,30,6,1360,1,11,-1,1,-1
201537EA92967,1,21,1,18,0,0,0,0,4,6,1,1,1,1,51,8,12419,2,2,-1,1,-1
201537EA92968,1,2,0,17,0,0,1,0,0,0,1,1,6,1,17,4,49,1,1,-1,3,-1
201537EA92968,2,9,0,3,0,0,0,0,0,0,2,1,6,1,77,11,1796,1,16,-1,1,-1
201537EA92969,1,3,0,18,0,3,1,10,0,0,3,1,1,1,25,5,125,1,4,-1,1,-1
201537EA92986,1,9,0,18,0,0,5,0,0,0,1,1,6,2,62,9,1198,1,4,-1,1,-1
201537EA92986,2,9,0,2,0,0,0,0,0,0,1,1,6,1,49,8,1799,1,21,-1,-1,-1
201537EA92991,1,9,0,16,0,0,2,0,1,4,4,1,6,1,18,4,1229,1,4,-1,1,-1
201537EA92993,1,9,0,6,0,0,0,0,0,0,4,1,6,1,51,8,1390,1,15,-1,1,-1
201537EA92993,2,3,0,18,0,0,0,0,0,0,1,1,6,1,21,5,125,1,-1,-1,1,-1
201537EA93011,1,9,0,9,0,8,0,0,0,0,3,1,6,2,63,9,1329,1,4,-1,1,-1
201537EA93011,2,19,0,13,0,8,0,0,0,0,1,1,6,1,52,8,-1,-1,-1,-1,1,-1
201537EA93012,1,9,0,4,0,1,0,0,0,0,1,1,6,1,22,5,2143,2,3,-1,1,-1
201537EA93012,2,9,0,3,0,1,0,0,0,0,2,1,6,1,30,6,2401,2,9,-1,1,-1
201537EA93014,1,9,0,18,0,1,0,0,0,0,1,1,6,1,-1,-1,1598,1,8,-1,1,-1
201537EA93014,2,9,0,3,0,1,0,0,0,0,2,1,6,2,50,8,1388,1,6,-1,1,-1
201537EA93017,1,5,0,4,0,8,1,9,3,0,1,1,6,1,43,7,999,1,9,-1,1,-1
201537EA93021,1,9,0,18,0,0,0,0,0,0,1,1,6,1,-1,-1,-1,-1,-1,-1,1,-1
201537EA93021,2,9,0,4,0,0,0,0,0,0,2,1,6,1,35,6,1248,2,1,-1,2,-1
201537EA93034,1,9,0,7,0,5,0,0,0,0,4,1,6,2,20,4,1398,1,5,-1,1,-1
201537EA93034,2,1,0,18,0,8,0,0,0,0,1,1,6,1,48,8,-1,-1,-1,-1,1,-1
201537EA93038,1,9,0,18,0,0,1,0,0,0,1,1,6,2,22,5,1560,2,7,-1,3,-1
201537EA93038,2,9,0,18,0,0,1,0,1,10,1,1,6,1,50,8,1871,2,10,-1,3,-1
201537EA93052,1,9,0,18,7,0,0,4,0,0,1,1,6,2,27,6,1560,2,6,-1,-1,-1
201537EA93052,2,21,1,2,6,0,0,0,0,0,2,1,1,1,32,6,-1,-1,-1,-1,-1,-1
201537EA93068,1,9,0,18,0,8,0,0,0,0,1,1,6,2,19,4,1390,1,14,-1,2,-1
201537EA93068,2,9,0,5,0,4,0,0,0,0,3,1,6,2,55,8,1998,1,12,-1,1,-1
201537EA93076,1,9,0,9,0,5,0,0,0,0,1,1,6,1,18,4,1299,1,16,-1,3,-1
201537EA93076,2,9,0,18,0,8,0,0,0,0,1,1,6,1,50,8,4806,1,8,-1,3,-1
201537EA93079,1,8,0,4,0,1,0,0,0,0,1,1,6,1,59,9,1910,2,8,-1,1,-1
201537EA93085,1,17,4,18,0,0,0,0,7,4,1,1,1,1,19,4,6702,2,4,-1,3,-1
201537EA93085,2,9,0,18,0,0,0,0,7,0,1,1,6,1,46,8,1968,2,-1,-1,1,-1
201537EA93085,3,9,0,18,0,0,0,0,7,0,1,1,6,1,43,7,2967,2,-1,-1,1,-1
201537EA93085,4,9,0,18,0,0,0,0,7,0,1,1,6,2,24,5,1598,1,11,-1,-1,-1
201537EA93085,5,9,0,18,0,0,0,0,0,0,1,1,6,1,29,6,2204,2,9,-1,2,-1
201537EA93109,1,9,0,1,0,5,0,0,0,0,2,1,6,2,-1,-1,1988,1,13,-1,-1,-1
201537EA93109,2,1,0,18,9,8,0,0,0,0,1,1,6,1,34,6,-1,-1,-1,-1,1,-1
201537EA93113,1,9,0,18,0,0,0,0,0,0,1,1,6,1,24,5,2967,1,15,-1,1,-1
201537EA93113,2,9,0,18,0,0,0,0,0,0,1,1,6,2,27,6,2401,2,10,-1,1,-1
201537EA93154,1,9,0,5,0,6,0,0,0,0,1,1,6,3,-1,-1,2776,2,10,-1,-1,-1
201537EA93154,2,9,0,18,0,8,0,0,0,0,4,1,6,1,23,5,1229,1,6,-1,1,-1
201537EA93155,1,9,0,16,0,2,2,0,7,1,1,1,6,1,57,9,-1,-1,-1,-1,1,-1
201537EA93159,1,19,0,4,0,8,1,0,0,0,1,1,1,1,25,5,2402,2,4,-1,3,-1
201537EA93159,2,9,0,18,0,8,1,0,0,0,1,1,6,1,31,6,1390,1,9,-1,1,-1
201537EA93161,1,9,0,4,0,8,0,0,0,0,3,1,1,2,61,9,-1,-1,-1,-1,-1,-1
201537EA93161,2,1,0,5,0,6,0,0,0,0,1,1,6,2,9,2,-1,-1,-1,-1,1,-1
201537EA93165,1,19,0,18,0,0,0,0,1,0,1,1,1,1,27,6,1870,2,11,-1,3,-1
201537EA93174,1,9,0,12,0,8,0,0,0,0,3,1,6,1,47,8,2993,2,4,-1,1,-1
201537EA93174,2,3,0,18,0,3,0,0,0,0,1,1,6,2,21,5,125,1,2,-1,1,-1
201537EA93189,1,9,0,18,0,8,1,0,0,0,1,1,6,1,46,8,1984,1,17,-1,-1,-1
201537EA93189,2,17,0,5,0,6,0,0,0,0,3,1,1,1,26,6,4400,2,3,-1,3,-1
201537EA93200,1,2,0,18,0,0,1,0,1,4,4,1,1,1,16,4,49,1,-1,-1,1,-1
201537EA93200,2,9,0,18,0,0,0,0,0,0,0,1,1,1,26,6,2987,2,1,-1,3,-1
201537EA93207,1,9,0,18,0,0,0,0,0,0,1,1,6,1,-1,-1,1800,1,17,-1,-1,-1
201537EA93207,2,1,0,18,0,0,0,0,0,0,2,1,1,2,23,5,-1,-1,-1,-1,1,-1
201537EA93208,1,9,0,18,0,8,0,0,0,0,0,1,6,2,19,4,998,1,5,-1,1,-1
201537EA93208,2,9,0,18,0,8,0,0,0,0,1,1,6,1,73,10,1461,2,5,-1,1,-1
201537EA93212,1,9,0,7,0,6,0,0,0,0,3,1,4,1,76,11,1797,8,6,-1,-1,-1
201537EA93212,2,9,0,18,0,8,0,0,7,0,1,1,6,1,45,7,998,1,-1,-1,1,-1
201537EA93245,1,9,0,9,0,6,0,0,0,0,1,1,2,1,40,7,1797,8,3,-1,1,-1
201537EA93245,2,9,0,18,0,8,0,0,0,0,1,1,6,1,42,7,1896,2,11,-1,1,-1
201537EA93245,3,19,0,10,0,8,0,0,0,0,1,1,1,1,27,6,2402,2,9,-1,2,-1
201537EA93246,1,9,0,4,0,0,0,0,0,0,2,1,6,2,20,4,1598,1,10,-1,1,-1
201537EA93246,2,19,0,4,0,0,0,0,0,0,2,1,6,1,50,8,2464,2,7,-1,3,-1
201537EA93246,3,9,0,18,0,0,0,0,0,0,1,1,6,1,70,10,1295,1,24,-1,1,-1
201537EA93248,1,9,0,4,0,1,0,0,0,0,1,1,6,1,24,5,1995,1,4,-1,3,-1
201537EA93248,2,9,0,8,0,1,0,0,0,0,2,1,6,2,46,8,-1,-1,-1,-1,2,-1
201537EA93250,1,9,0,5,0,6,0,0,0,0,1,1,6,1,81,11,1386,1,6,-1,1,-1
201537EA93251,1,19,0,7,0,6,0,0,0,0,0,1,1,1,48,8,-1,-1,-1,-1,1,-1
201537EA93251,2,5,0,18,0,8,0,0,7,11,3,1,6,1,28,6,600,1,17,-1,2,-1
201537EA93253,1,3,0,4,0,1,0,0,0,0,4,1,2,1,22,5,108,1,-1,-1,1,-1
201537EA93253,2,9,0,9,0,8,0,0,0,0,0,1,6,2,70,10,-1,-1,-1,-1,1,-1
201537EA93256,1,9,0,18,0,1,0,0,0,0,3,1,2,1,26,6,1896,2,12,-1,1,-1
201537EA93257,1,9,0,18,0,1,0,0,0,0,1,1,6,1,69,10,2191,2,2,-1,1,-1
201537EA93257,2,9,0,18,0,1,0,0,0,0,1,1,6,1,32,6,1397,1,12,-1,-1,-1
201537EA93257,3,9,0,3,0,1,0,0,0,0,2,1,6,1,26,6,1598,1,3,-1,1,-1
201537EA93257,4,9,0,10,0,8,0,0,0,0,2,1,6,2,27,6,-1,-1,-1,-1,3,-1
201537EA93263,1,9,0,9,0,6,0,0,0,0,3,1,6,1,75,10,1591,1,4,-1,1,-1
201537EA93263,2,9,0,18,0,8,0,0,0,0,1,1,6,1,62,9,1198,1,6,-1,1,-1
201537EA93266,1,9,0,18,0,0,1,0,7,4,1,1,6,1,20,4,1587,1,13,-1,1,-1
201537EA93267,1,2,0,16,0,8,0,0,7,9,1,1,6,1,77,11,49,1,-1,-1,3,-1
201537EA93295,1,9,0,9,0,6,0,0,0,0,3,1,6,1,73,10,2987,2,9,-1,2,-1
201537EA93295,2,9,0,18,0,8,0,0,7,9,1,1,6,2,23,5,998,1,2,-1,1,-1
201537EA93296,1,20,0,13,0,0,0,0,0,0,0,1,1,1,-1,-1,-1,-1,-1,-1,-1,-1
201537EA93296,2,1,0,16,0,0,0,0,0,0,3,1,6,1,15,3,-1,-1,-1,-1,1,-1
201537EA93301,1,19,0,4,0,1,0,0,0,0,1,1,1,1,57,9,2143,2,2,-1,3,-1
201537EA93301,2,9,0,3,0,1,0,0,0,0,2,1,2,2,39,7,2204,2,5,-1,2,-1
201537EA93302,1,9,0,9,0,6,0,0,0,0,3,1,6,1,56,9,2720,2,9,-1,1,-1
201537EA93302,2,9,0,17,0,8,0,0,0,0,1,1,2,1,26,6,1995,2,9,-1,2,-1
201537EA93304,1,9,0,1,0,0,0,0,0,0,2,1,1,1,45,7,1997,2,3,-1,1,-1
201537EA93306,1,9,0,13,0,0,0,0,0,0,3,1,1,1,27,6,2830,2,21,-1,3,-1
201537EA93306,2,9,0,13,0,0,0,0,7,4,4,1,6,1,66,10,4398,1,14,-1,3,-1
201537EA93309,1,9,0,4,0,1,0,0,0,0,1,1,1,1,68,10,1870,2,10,-1,1,-1
201537EA93309,2,9,0,8,0,1,0,0,0,0,2,1,6,2,28,6,1796,1,16,-1,1,-1
201537EA93312,1,20,0,16,0,0,2,10,7,1,1,1,1,1,25,5,-1,-1,-1,-1,-1,-1
201537EA93314,1,19,0,18,0,8,0,0,0,0,4,1,1,1,41,7,2148,2,6,-1,1,-1
201537EA93314,2,9,0,18,0,8,0,0,0,0,1,1,6,1,60,9,1968,2,2,-1,2,-1
201537EA93316,1,9,0,18,0,0,1,4,0,0,1,1,6,2,37,7,1398,2,12,-1,1,-1
201537EA93316,2,21,0,2,6,0,0,0,0,0,2,1,1,1,53,8,8970,2,10,-1,1,-1
201537EA93319,1,9,0,4,0,1,0,0,0,0,4,1,6,1,92,11,1598,1,11,-1,3,-1
201537EA93329,1,9,0,9,0,6,0,0,0,0,3,1,6,2,-1,-1,-1,-1,-1,-1,-1,-1
201537EA93329,2,1,0,18,0,8,0,0,0,0,1,1,6,1,25,5,-1,-1,-1,-1,1,-1
201537EA93339,1,9,0,4,0,0,1,0,0,0,1,1,1,2,23,5,1360,1,9,-1,1,-1
201537EA93339,2,9,0,4,0,0,1,0,0,0,1,1,1,2,27,6,1986,2,9,-1,1,-1
201537EA93339,3,9,0,4,0,0,1,0,0,0,1,1,1,2,52,8,1598,1,12,-1,1,-1
201537EA93339,4,9,0,3,0,0,0,0,0,0,2,1,1,1,30,6,1689,2,16,-1,-1,-1
201537EA93359,1,9,0,9,0,5,0,0,0,0,3,1,3,1,48,8,1364,2,5,-1,1,-1
201537EA93359,2,1,0,13,0,8,0,0,0,0,1,1,6,1,25,5,-1,-1,-1,-1,3,-1
201537EA93360,1,9,0,9,0,6,0,0,0,0,3,1,6,1,-1,-1,-1,-1,-1,-1,-1,-1
201537EA93360,2,1,0,18,0,8,0,0,0,0,1,1,1,1,16,4,-1,-1,-1,-1,1,-1
201537EA93378,1,9,0,9,0,6,0,0,0,0,1,1,6,1,56,9,1360,1,11,-1,3,-1
201537EA93378,2,9,0,18,0,8,0,0,1,0,4,1,6,1,73,10,1595,1,18,-1,2,-1
201537EA93383,1,9,0,18,0,8,0,0,0,0,1,1,6,1,19,4,1229,1,5,-1,3,-1
201537EA93383,2,1,0,18,0,6,0,0,0,0,2,1,6,2,21,5,-1,-1,-1,-1,-1,-1
201537EA93384,1,9,0,9,0,5,0,0,1,10,1,1,1,2,48,8,-1,-1,-1,-1,1,-1
201537EA93390,1,5,0,17,0,0,0,0,1,4,1,1,6,1,51,8,1250,1,14,-1,3,-1
201537EA93418,1,9,0,1,0,0,0,10,1,0,2,1,6,3,-1,-1,-1,-1,-1,-1,-1,-1
201537EA93442,1,11,0,9,0,6,0,0,0,0,3,1,1,3,-1,-1,9200,2,13,-1,-1,-1
201537EA93442,2,1,0,18,0,8,0,0,0,0,4,1,2,1,32,6,-1,-1,-1,-1,3,-1
201537EA93448,1,9,0,4,0,0,1,0,0,0,1,1,6,1,18,4,1598,2,8,-1,2,-1
201537EA93448,2,9,0,3,0,0,0,0,0,0,2,1,6,1,34,6,1995,2,1,-1,3,-1
201537EA93449,1,9,0,9,0,6,0,0,0,0,3,1,6,2,79,11,1590,1,14,-1,3,-1
201537EA93449,2,2,0,18,0,8,0,0,0,0,1,1,2,2,19,4,124,1,2,-1,3,-1
201537EA93462,1,9,0,18,0,2,0,0,0,0,4,1,6,1,31,6,2401,2,9,-1,1,-1
201537EA93462,2,1,0,18,0,2,0,0,0,0,3,1,6,2,13,3,-1,-1,-1,-1,-1,-1
201537EA93480,1,9,0,18,0,0,0,0,0,0,1,1,6,1,-1,-1,-1,-1,-1,-1,-1,-1
201537EA93480,2,9,0,18,0,0,0,0,0,0,2,1,6,1,40,7,1995,2,3,-1,3,-1
201537EA93482,1,9,0,18,0,0,0,4,0,0,1,1,1,2,23,5,1995,2,7,-1,2,-1
201537EA93482,2,9,0,2,0,0,0,0,0,0,1,1,6,2,61,9,1997,2,1,-1,2,-1
201537EA93483,1,9,0,9,0,6,0,0,0,0,3,1,6,2,20,4,1388,1,11,-1,2,-1
201537EA93483,2,9,0,18,0,8,0,0,0,0,1,1,6,1,83,11,998,1,9,-1,2,-1
201537EA93485,1,19,0,4,0,1,0,0,0,0,1,1,6,1,25,5,2298,2,1,-1,1,-1
201537EA93485,2,9,0,3,0,1,0,0,0,0,2,1,6,1,26,6,-1,-1,-1,-1,3,-1
201537EA93497,1,9,0,18,0,8,1,0,0,0,1,1,6,1,44,7,1997,2,8,-1,1,-1
201537EA93497,2,9,0,9,0,6,0,0,0,0,3,1,6,1,42,7,1753,2,11,-1,1,-1
201537EA93498,1,9,0,13,0,0,0,0,0,0,3,1,6,1,46,8,1968,2,8,-1,1,-1
201537EA93498,2,9,0,13,0,0,2,0,7,4,4,1,6,1,59,9,1686,2,3,-1,1,-1
201537EA93499,1,2,0,9,0,5,0,0,0,0,1,1,6,2,16,4,49,1,1,-1,1,-1
201537EA93499,2,9,0,18,0,8,0,0,0,0,1,1,6,2,37,7,1242,1,2,-1,1,-1
201537EA93500,1,9,0,18,0,0,1,0,4,6,3,2,6,1,46,8,5522,1,84,-1,1,-1
201537EA93502,1,11,0,18,2,1,0,0,0,0,4,1,1,1,50,8,7300,2,10,-1,3,-1
201537EA93503,1,17,4,18,0,0,0,0,0,0,3,1,1,3,-1,-1,4500,2,5,-1,-1,-1
201537EA93503,2,9,0,18,0,0,1,0,0,0,2,1,3,2,33,6,1968,2,4,-1,3,-1
201537EA93504,1,9,0,7,0,6,0,0,0,0,1,1,1,2,43,7,1998,2,11,-1,2,-1
201537EA93504,2,9,0,14,0,8,0,4,0,0,1,1,1,2,26,6,1242,1,2,-1,-1,-1
201537EA93504,3,19,0,2,0,1,0,0,0,0,3,1,6,3,-1,-1,1996,2,5,-1,-1,-1
201537EA93505,1,9,0,9,0,5,0,0,0,0,1,1,6,1,73,10,-1,-1,-1,-1,3,-1
201537EA93505,2,9,0,18,0,8,0,0,1,0,1,1,6,1,51,8,1560,2,5,-1,-1,-1
201537EA93508,1,8,0,4,0,0,0,0,0,0,2,1,1,1,35,6,2143,2,4,-1,1,-1
201537EA93508,2,3,0,18,0,0,1,0,0,0,1,1,6,1,25,5,125,1,1,-1,1,-1
201537EA93513,1,21,1,4,0,0,1,0,0,0,1,1,1,1,40,7,-1,-1,-1,-1,1,-1
201537EA93513,2,9,0,4,0,0,0,0,0,0,2,1,2,1,29,6,1582,2,-1,-1,2,-1
201537EA93513,3,9,0,4,0,0,0,0,0,0,2,1,2,1,30,6,1796,1,13,-1,1,-1
201537EA93513,4,9,0,4,0,0,0,0,0,0,2,1,2,1,50,8,-1,-1,-1,-1,1,-1
201537EA93516,1,9,0,16,0,0,1,0,0,0,1,1,2,1,54,8,1991,2,13,-1,3,-1
201537EA93516,2,21,1,17,0,0,0,0,0,0,1,1,1,1,49,8,11705,2,6,-1,1,-1
201537EA93516,3,9,0,16,0,0,1,0,0,0,1,1,1,1,48,8,-1,-1,-1,-1,2,-1
201537EA93532,1,9,0,18,0,8,0,0,0,0,4,1,2,1,37,7,1896,2,12,-1,1,-1
201537EA93532,2,1,0,18,0,4,0,0,0,0,1,1,6,1,34,6,-1,-1,-1,-1,1,-1
201537EA93533,1,9,0,18,0,0,0,0,1,0,1,1,6,1,50,8,1242,1,9,-1,-1,-1
201537EA93533,2,21,1,18,0,0,0,0,0,0,2,1,1,1,45,7,11705,2,6,-1,-1,-1
201537EA93538,1,19,0,9,0,6,0,0,0,0,3,1,6,1,57,9,2198,2,-1,-1,3,-1
201537EA93538,2,1,0,18,0,8,0,0,0,0,1,1,6,1,50,8,-1,-1,-1,-1,1,-1
201537EA93539,1,9,0,10,0,1,0,0,0,0,1,1,6,2,-1,-1,1390,1,12,-1,-1,-1
201537EA93539,2,5,0,10,0,1,0,0,0,0,2,1,6,1,40,7,750,1,19,-1,3,-1
201537EA93540,1,1,0,6,0,0,0,0,0,0,3,1,6,1,55,8,-1,-1,-1,-1,-1,-1
201537EA93540,2,9,0,18,0,0,0,0,0,0,1,1,6,1,27,6,1998,2,11,-1,3,-1
201537EA93544,1,9,0,9,0,6,1,0,0,0,3,1,6,2,76,11,1398,1,1,-1,3,-1
201537EA93544,2,9,0,18,0,8,1,0,0,0,1,1,6,1,60,9,1985,1,13,-1,1,-1
201537EA93557,1,9,0,9,0,5,0,0,0,0,4,1,6,1,73,10,1461,2,4,-1,3,-1
201537EA93557,2,9,0,18,0,8,0,0,0,0,1,1,6,1,43,7,-1,-1,-1,-1,1,-1
201537EA93560,1,9,0,18,0,0,0,0,0,0,1,1,6,1,56,9,2902,2,11,-1,1,-1
201537EA93560,2,9,0,4,0,0,0,0,0,0,2,1,6,1,53,8,1798,1,8,-1,1,-1
201537EA93563,1,9,0,2,0,0,0,0,0,0,2,1,6,2,54,8,1560,2,4,-1,2,-1
201537EA93563,2,1,0,17,0,0,0,0,0,0,1,1,6,1,24,5,-1,-1,-1,-1,-1,-1
201537EA93564,1,9,0,13,0,0,1,0,1,1,1,1,6,1,24,5,1796,1,11,-1,2,-1
201537EA93565,1,9,0,18,0,8,0,0,0,0,1,1,6,1,55,8,1995,1,18,-1,1,-1
201537EA93572,1,9,0,7,0,6,0,0,0,0,1,1,6,1,29,6,1527,2,18,-1,1,-1
201537EA93572,2,9,0,18,0,8,0,0,0,0,3,1,6,2,59,9,998,1,17,-1,1,-1
201537EA93575,1,9,0,9,0,6,0,0,0,0,1,1,6,2,50,8,999,1,-1,-1,3,-1
201537EA93575,2,9,0,17,0,8,0,0,0,0,1,1,6,2,34,6,1997,2,12,-1,3,-1
201537EA93584,1,9,0,9,0,6,0,0,1,0,1,1,6,2,59,9,998,1,12,-1,1,-1
201537EA93584,2,9,0,18,0,8,1,0,0,0,4,1,6,1,69,10,1229,1,7,-1,2,-1
201537EA93587,1,9,0,14,0,0,0,0,0,0,1,1,6,1,44,7,3982,1,20,-1,2,-1
201537EA93587,2,2,0,18,0,0,0,0,1,0,1,1,6,2,16,4,-1,-1,-1,-1,1,-1
201537EA93605,1,9,0,16,0,0,0,10,7,0,1,1,6,2,22,5,1299,1,14,-1,2,-1
201537EA93609,1,9,0,18,0,0,2,0,1,4,1,1,6,2,20,4,1598,1,12,-1,1,-1
201537EA93611,1,5,0,16,0,0,0,0,0,0,1,1,6,1,54,8,749,1,20,-1,-1,-1
201537EA93611,2,9,0,18,0,0,0,0,0,0,1,1,6,1,73,10,1598,1,12,-1,3,-1