Accident_Index,Vehicle_Reference,Vehicle_Type,Towing_and_Articulation,Vehicle_Manoeuvre,Vehicle_Location-Restricted_Lane,Junction_Location,Skidding_and_Overturning,Hit_Object_in_Carriageway,Vehicle_Leaving_Carriageway,Hit_Object_off_Carriageway,1st_Point_of_Impact,Was_Vehicle_Left_Hand_Drive?,Journey_Purpose_of_Driver,Sex_of_Driver,Age_of_Driver,Age_Band_of_Driver,Engine_Capacity_(CC),Propulsion_Code,Age_of_Vehicle,Driver_IMD_Decile,Driver_Home_Area_Type,Vehicle_IMD_Decile
201537EA93616,1,9,0,9,0,6,0,0,0,0,3,1,6,1,33,6,1988,1,12,-1,1,-1
201537EA93616,2,9,0,18,0,8,0,0,0,0,1,1,6,1,66,10,1397,1,5,-1,1,-1
201537EA93622,1,3,0,16,0,0,0,0,0,0,1,1,2,1,21,5,124,1,16,-1,3,-1
201537EA93627,1,9,0,12,0,8,0,0,0,0,4,1,1,2,36,7,1956,2,2,-1,1,-1
201537EA93627,2,3,0,17,0,8,0,0,0,0,3,1,1,1,24,5,124,1,5,-1,1,-1
201537EA93635,1,9,0,5,0,4,0,0,0,0,1,1,6,1,-1,-1,2997,1,15,-1,-1,-1
201537EA93635,2,1,0,18,0,8,0,0,0,0,1,1,6,1,64,9,-1,-1,-1,-1,1,-1
201537EA93640,1,9,0,13,0,0,0,0,0,0,4,1,6,2,57,9,1240,1,10,-1,3,-1
201537EA93640,2,1,0,18,0,0,0,0,0,0,3,1,6,1,72,10,-1,-1,-1,-1,1,-1
201537EA93664,1,9,0,18,0,1,0,0,0,0,1,1,6,2,49,8,1984,1,18,-1,1,-1
201537EA93664,2,1,0,10,0,8,0,0,0,0,2,1,1,1,49,8,-1,-1,-1,-1,1,-1
201537EA93670,1,9,0,9,0,6,0,0,0,0,1,1,6,2,58,9,1956,2,1,-1,2,-1
201537EA93671,1,9,0,18,0,0,2,10,1,3,1,1,6,1,46,8,1398,1,13,-1,1,-1
201537EA93673,1,9,0,3,0,0,0,0,0,0,3,1,6,2,38,7,-1,-1,-1,-1,1,-1
201537EA93673,2,11,0,5,0,0,0,0,0,0,3,1,1,2,35,6,9000,2,4,-1,1,-1
201537EA93675,1,9,0,3,0,0,0,0,0,0,0,1,6,1,30,6,1389,1,14,-1,3,-1
201537EA93675,2,9,0,18,0,0,0,0,7,0,4,1,6,1,78,11,1794,1,11,-1,1,-1
201537EA93683,1,5,0,18,0,0,0,0,0,0,1,1,6,1,46,8,899,1,19,-1,1,-1
201537EA93683,2,9,0,18,0,0,0,0,0,0,2,1,6,2,26,6,1198,1,2,-1,1,-1
201537EA93685,1,9,0,18,0,0,1,0,1,0,1,1,2,2,55,8,1560,2,5,-1,1,-1
201537EA93685,2,9,0,18,0,0,1,0,0,0,2,1,6,1,48,8,3246,1,7,-1,1,-1
201537EA93686,1,9,0,16,0,0,0,0,0,0,1,1,6,2,20,4,1995,2,2,-1,-1,-1
201537EA93686,2,9,0,3,0,0,0,0,0,0,2,1,6,2,50,8,1242,1,1,-1,3,-1
201537EA93688,1,9,0,16,0,0,1,0,1,9,3,1,6,2,32,6,1560,2,8,-1,3,-1
201537EA93688,2,9,0,17,0,0,0,0,0,0,3,1,6,2,28,6,1999,1,8,-1,3,-1
201537EA93706,1,9,0,16,0,0,0,0,0,0,1,1,2,2,39,7,2179,2,1,-1,1,-1
201537EA93706,2,9,0,17,0,0,0,0,1,0,1,1,2,1,19,4,1149,1,16,-1,2,-1
201537EA93708,1,2,0,14,0,0,0,0,0,0,3,1,6,1,16,4,49,1,9,-1,1,-1
201537EA93708,2,9,0,18,0,0,0,0,0,0,3,1,6,1,31,6,-1,-1,-1,-1,1,-1
201537EA93709,1,9,0,5,0,6,0,0,0,0,1,1,6,2,59,9,1388,1,9,-1,1,-1
201537EA93709,2,1,0,9,0,8,0,0,0,0,4,1,6,1,24,5,-1,-1,-1,-1,1,-1
201537EA93711,1,9,0,4,0,0,0,0,0,0,1,1,6,1,24,5,1248,2,11,-1,1,-1
201537EA93711,2,9,0,3,0,0,0,0,0,0,2,1,6,2,37,7,1242,1,4,-1,3,-1
201537EA93783,1,9,0,18,0,1,0,0,0,0,1,1,6,1,-1,-1,-1,-1,-1,-1,-1,-1
201537EA93783,2,9,0,10,0,8,0,0,0,0,2,1,6,1,56,9,1499,2,-1,-1,1,-1
201537EA93784,1,21,0,12,0,0,0,0,0,0,3,1,1,3,-1,-1,-1,-1,-1,-1,-1,-1
201537EA93784,2,9,0,18,0,0,0,0,4,6,4,1,2,2,31,6,1975,1,13,-1,2,-1
201537EA93792,1,21,0,16,0,0,1,0,0,0,1,1,1,1,54,8,-1,-1,-1,-1,1,-1
201537EA93792,2,19,0,4,0,0,0,0,0,0,1,1,1,1,28,6,2464,2,6,-1,3,-1
201537EA93803,1,9,0,9,0,5,0,0,0,0,1,1,6,1,44,7,2993,2,11,-1,2,-1
201537EA93803,2,9,0,18,0,8,0,0,0,0,1,1,6,1,62,9,2300,1,10,-1,2,-1
201537EA93820,1,9,0,5,0,8,0,0,0,0,1,1,1,1,30,6,1896,1,16,-1,1,-1
201537EA93825,1,9,0,7,0,6,0,0,0,0,2,1,1,1,27,6,-1,-1,-1,-1,1,-1
201537EA93825,2,9,0,18,0,8,0,0,0,0,1,1,2,1,21,5,1242,1,14,-1,1,-1
201537EA93827,1,1,0,18,0,2,0,0,0,0,1,1,6,1,47,8,-1,-1,-1,-1,1,-1
201537EA93827,2,9,0,4,0,2,0,0,0,0,2,1,6,1,56,9,2198,2,10,-1,1,-1
201537EA93827,3,9,0,10,0,1,0,0,0,0,0,1,6,2,35,6,1995,2,12,-1,-1,-1
201537EA93828,1,9,0,5,0,4,0,0,0,0,1,1,6,2,77,11,1299,1,7,-1,3,-1
201537EA93828,2,9,0,18,0,8,0,0,0,0,1,1,6,2,23,5,1988,1,15,-1,3,-1
201537EA93846,1,9,0,18,0,8,0,0,0,0,3,1,6,2,39,7,1560,2,9,-1,1,-1
201537EA93847,1,9,0,14,0,0,0,0,0,0,3,1,6,1,19,4,1390,1,17,-1,3,-1
201537EA93847,2,9,0,18,0,0,0,4,0,0,3,1,6,1,34,6,1461,2,5,-1,2,-1
201537EA93847,3,9,0,2,0,0,0,0,0,0,3,1,6,2,44,7,1995,2,10,-1,3,-1
201537EA93849,1,9,0,17,0,0,0,0,1,4,1,1,6,1,80,11,1798,1,-1,-1,-1,-1
201537EA93856,1,9,0,9,0,6,0,0,0,0,1,1,6,2,37,7,1968,2,4,-1,1,-1
201537EA93856,2,1,0,18,9,8,0,0,0,0,1,1,6,1,11,3,-1,-1,-1,-1,1,-1
201537EA93857,1,9,4,5,9,8,0,0,1,0,1,1,6,1,72,10,1598,1,10,-1,3,-1
201537EA93864,1,4,0,17,0,0,0,0,1,9,1,1,6,1,24,5,125,1,4,-1,-1,-1
201537EA93865,1,9,0,18,0,4,0,0,0,0,1,1,6,2,20,4,1968,2,4,-1,2,-1
201537EA93865,2,1,0,18,0,8,0,0,0,0,1,1,6,1,26,6,-1,-1,-1,-1,2,-1
201537EA93866,1,9,0,5,0,6,0,0,0,0,3,1,6,1,30,6,1242,1,12,-1,1,-1
201537EA93866,2,9,0,18,0,8,0,0,0,0,1,1,6,2,30,6,1598,1,13,-1,1,-1
201537EA93867,1,9,0,17,0,0,1,0,7,4,1,1,6,1,19,4,1199,1,13,-1,3,-1
201537EA93868,1,9,0,17,0,0,0,0,0,0,1,1,6,2,57,9,1796,1,11,-1,2,-1
201537EA93868,2,9,0,16,0,0,0,0,0,0,3,1,6,2,27,6,1910,2,8,-1,1,-1
201537EA93881,1,9,0,7,0,5,0,0,0,0,4,1,6,2,41,7,1296,1,8,-1,3,-1
201537EA93881,2,1,0,18,0,8,0,0,0,0,1,1,6,1,41,7,-1,-1,-1,-1,1,-1
201537EA93894,1,19,0,18,0,2,0,4,0,0,1,1,6,1,48,8,1868,2,15,-1,1,-1
201537EA93894,2,9,0,2,0,2,0,0,0,0,2,1,6,1,68,10,1149,1,13,-1,1,-1
201537EA93902,1,9,0,5,0,0,0,0,0,0,3,1,6,1,49,8,1956,2,1,-1,3,-1
201537EA93902,2,5,0,13,0,0,0,0,0,0,1,1,6,1,77,11,-1,-1,-1,-1,1,-1
201537EA93918,1,9,0,17,0,0,0,0,0,0,1,1,6,2,17,4,1248,2,10,-1,1,-1
201537EA93918,2,9,0,16,0,0,0,0,0,0,1,1,6,2,25,5,1596,1,4,-1,1,-1
201537EA93923,1,9,0,4,0,0,0,0,0,0,1,1,3,1,48,8,2926,2,11,-1,1,-1
201537EA93923,2,9,0,3,0,0,0,0,0,0,2,1,3,2,32,6,1587,1,10,-1,1,-1
201537EA93925,1,9,0,16,0,0,0,0,7,9,1,1,1,1,32,6,1560,2,2,-1,1,-1
201537EA93927,1,9,0,4,0,0,0,0,0,0,1,1,6,1,44,7,1598,1,15,-1,1,-1
201537EA93927,2,9,0,3,0,0,0,0,0,0,2,1,6,1,52,8,-1,-1,-1,-1,1,-1
201537EA93934,1,3,0,9,0,6,0,0,0,0,3,1,6,1,19,4,124,1,5,-1,1,-1
201537EA93934,2,9,0,17,0,8,0,0,0,0,1,1,6,2,46,8,1242,1,10,-1,1,-1
201537EA93936,1,9,0,18,0,1,0,0,0,0,1,1,1,2,26,6,1198,1,13,-1,-1,-1
201537EA93936,2,8,0,4,0,1,0,0,0,0,2,1,1,1,39,7,1995,2,10,-1,1,-1
201537EA93961,1,9,0,17,0,0,0,0,0,0,1,1,6,1,34,6,1560,2,8,-1,3,-1
201537EA93961,2,9,0,16,0,0,0,0,1,9,1,1,6,1,84,11,1339,1,2,-1,3,-1
201537EA93962,1,9,0,9,0,6,0,0,0,0,3,1,6,1,87,11,1339,1,9,-1,-1,-1
201537EA93962,2,9,0,18,0,8,0,0,0,0,1,1,2,1,35,6,-1,-1,-1,-1,-1,-1
201537EA93964,1,5,0,18,0,0,0,0,0,0,1,1,1,1,34,6,636,1,12,-1,3,-1
201537EA93964,2,9,0,3,0,0,0,0,0,0,2,1,2,1,-1,-1,-1,-1,-1,-1,-1,-1
201537EA93966,1,9,0,14,0,0,0,0,0,0,1,1,6,1,40,7,1485,1,37,-1,-1,-1
201537EA93966,2,9,0,14,0,0,0,0,0,0,3,1,2,2,30,6,1910,2,10,-1,2,-1
201537EA93967,1,9,0,18,0,4,0,0,0,0,1,1,6,1,-1,-1,2993,2,6,-1,3,-1
201537EA93967,2,9,0,9,0,8,0,0,0,0,4,1,6,2,50,8,1299,1,12,-1,3,-1
201537EA93972,1,9,0,4,0,0,0,0,4,6,4,1,2,2,23,5,2000,1,-1,-1,3,-1
201537EA93972,2,9,0,18,0,0,0,0,0,0,3,1,6,1,63,9,1988,1,14,-1,2,-1
201537EA93975,1,9,0,18,0,0,0,0,7,4,1,1,6,2,69,10,1598,1,8,-1,2,-1
201537EA93977,1,5,0,13,0,8,1,0,0,0,4,1,6,1,73,10,955,1,17,-1,3,-1
201537EA93977,2,9,0,9,0,5,0,0,0,0,3,1,6,2,56,9,1560,2,4,-1,3,-1
201537EA93979,1,3,0,18,0,2,1,0,0,0,1,1,1,2,25,5,124,1,4,-1,2,-1
201537EA93979,2,8,0,4,0,2,0,0,0,0,2,1,6,1,29,6,1229,1,2,-1,1,-1
201537EA93984,1,3,0,18,0,1,1,0,0,0,1,1,1,1,21,5,125,1,2,-1,3,-1
201537EA93984,2,9,0,4,0,1,0,0,0,0,2,1,1,1,41,7,1798,1,13,-1,1,-1
201537EA93987,1,9,0,9,0,6,0,0,0,0,3,1,2,1,44,7,1968,2,6,-1,1,-1
201537EA93987,2,9,0,18,0,8,0,0,0,0,1,1,6,1,29,6,1598,1,8,-1,3,-1
201537EA93992,1,19,0,4,0,2,1,0,0,0,1,1,1,1,49,8,-1,-1,-1,-1,1,-1
201537EA93992,2,9,0,3,0,2,0,0,0,0,2,1,3,2,17,4,1598,2,3,-1,1,-1
201537EA93992,3,9,0,3,0,2,0,0,0,0,2,1,6,1,59,9,1997,2,5,-1,-1,-1
201537EA93994,1,9,0,9,0,6,0,0,0,0,1,1,6,2,-1,-1,-1,-1,-1,-1,-1,-1
201537EA93994,2,1,0,18,0,8,0,0,0,0,4,1,4,1,15,3,-1,-1,-1,-1,1,-1
201537EA93995,1,9,0,18,0,8,0,0,0,0,1,1,6,1,67,10,1398,1,2,-1,1,-1
201537EA93995,2,9,0,3,0,8,0,0,0,0,2,1,2,2,32,6,1461,2,1,-1,1,-1
201537EA93998,1,1,0,18,9,0,0,0,0,0,1,1,6,1,81,11,-1,-1,-1,-1,1,-1
201537EA93998,2,9,0,18,0,0,0,0,0,0,1,1,6,2,63,9,1398,2,3,-1,3,-1
201537EA93999,1,9,0,18,0,0,0,0,0,0,1,1,6,1,27,6,1596,1,20,-1,1,-1
201537EA93999,2,9,0,2,0,0,0,0,0,0,2,1,6,1,48,8,1968,2,2,-1,1,-1
201537EA93999,3,9,0,2,0,0,0,0,0,0,2,1,6,1,49,8,1796,1,9,-1,3,-1
201537EA94003,1,9,0,9,0,6,0,0,0,0,3,1,3,2,55,8,1991,2,9,-1,3,-1
201537EA94003,2,9,0,18,0,8,0,0,0,0,1,1,3,2,43,7,1968,2,2,-1,3,-1
201537EA94004,1,9,0,7,0,6,0,0,0,0,3,1,2,2,32,6,3197,1,7,-1,-1,-1
201537EA94004,2,1,0,14,0,8,0,0,0,0,4,1,2,1,15,3,-1,-1,-1,-1,1,-1
201537EA94006,1,9,0,2,6,0,0,0,0,0,0,1,6,1,-1,-1,-1,-1,-1,-1,-1,-1
201537EA94006,2,3,0,16,0,0,1,0,7,9,1,1,1,1,19,4,599,1,3,-1,3,-1
201537EA94009,1,21,1,9,0,6,0,0,0,0,1,1,1,1,-1,-1,12777,2,6,-1,-1,-1
201537EA94009,2,1,0,18,0,8,0,0,0,0,1,1,6,2,23,5,-1,-1,-1,-1,1,-1
201537EA94032,1,5,0,16,0,0,0,0,0,0,1,1,6,1,20,4,696,1,6,-1,3,-1
201537EA94032,2,9,0,18,0,0,0,0,1,0,1,1,6,1,61,9,1197,1,1,-1,1,-1
201537EA94048,1,9,0,18,0,0,0,0,7,0,4,1,3,2,27,6,1596,1,15,-1,1,-1
201537EA94048,2,9,0,6,0,0,0,0,0,0,1,1,6,2,37,7,1390,1,10,-1,1,-1
201537EA94063,1,9,0,9,0,2,0,0,0,0,1,1,6,2,25,5,1242,1,15,-1,1,-1
201537EA94073,1,9,0,9,0,8,0,0,0,0,1,1,6,2,44,7,1242,1,14,-1,1,-1
201537EA94073,2,11,0,18,0,8,0,0,0,0,1,1,1,1,70,10,4580,2,7,-1,-1,-1
201537EA94077,1,9,0,18,0,0,1,0,0,0,1,1,6,2,28,6,1242,1,15,-1,1,-1
201537EA94077,2,9,0,4,0,0,0,0,0,0,2,1,6,1,58,9,1896,2,14,-1,1,-1
201537EA94079,1,9,0,9,0,6,0,0,0,0,3,1,6,2,39,7,1598,2,5,-1,1,-1
201537EA94079,2,3,0,18,0,8,0,0,0,0,1,1,6,1,18,4,124,1,9,-1,2,-1
201537EA94086,1,9,0,18,0,1,0,0,0,0,1,1,6,2,40,7,1582,2,2,-1,3,-1
201537EA94086,2,9,0,10,0,8,0,0,0,0,2,1,6,1,71,10,-1,-1,-1,-1,1,-1
201537EA94093,1,9,0,9,0,6,0,0,0,0,3,1,6,2,77,11,998,1,13,-1,1,-1
201537EA94093,2,9,0,18,0,8,0,0,0,0,1,1,6,2,27,6,-1,-1,-1,-1,1,-1
201537EA94096,1,9,0,16,0,0,1,0,1,4,1,1,4,2,18,4,1398,2,12,-1,3,-1
201537EA94096,2,17,5,17,0,0,0,0,7,4,3,1,1,1,57,9,-1,2,6,-1,3,-1
201537EA94097,1,9,0,9,0,6,0,0,0,0,1,1,1,1,47,8,2664,2,16,-1,2,-1
201537EA94098,1,9,0,9,0,5,0,0,0,0,1,1,1,1,51,8,1598,1,14,-1,1,-1
201537EA94101,1,9,0,18,0,1,0,0,0,0,1,1,6,2,32,6,1896,2,9,-1,2,-1
201537EA94101,2,9,0,3,0,1,0,0,0,0,2,1,6,1,60,9,1896,2,19,-1,3,-1
201537EA94101,3,9,0,10,0,8,0,0,0,0,2,1,6,2,56,9,875,1,-1,-1,3,-1
201537EA94112,1,9,0,9,0,6,0,0,0,0,1,1,6,1,21,5,1390,1,13,-1,1,-1
201537EA94112,2,2,0,18,0,8,0,0,0,0,1,1,6,1,16,4,49,1,2,-1,-1,-1
201537EA94128,1,9,0,18,0,0,0,0,0,0,1,1,6,2,27,6,1598,2,-1,-1,1,-1
201537EA94128,2,1,0,18,9,0,0,0,0,0,1,1,6,2,15,3,-1,-1,-1,-1,1,-1
201537EA94129,1,9,0,9,0,6,0,0,0,0,4,1,6,1,-1,-1,1997,1,2,-1,-1,-1
201537EA94131,1,9,0,18,0,6,0,0,0,0,1,1,2,2,53,8,1390,1,1,-1,1,-1
201537EA94131,2,21,1,18,0,8,0,0,0,0,4,1,1,1,44,7,12900,2,7,-1,3,-1
201537EA94133,1,9,0,18,0,4,0,0,0,0,3,1,6,2,45,7,1596,1,4,-1,3,-1
201537EA94133,2,9,0,9,0,8,0,0,0,0,1,1,6,2,39,7,1600,2,5,-1,2,-1
201537EA94142,1,9,0,9,0,5,0,0,0,0,0,1,6,1,-1,-1,-1,-1,-1,-1,-1,-1
201537EA94142,2,5,0,18,0,1,0,0,0,0,3,1,6,1,30,6,649,1,3,-1,1,-1
201537EA94145,1,9,0,18,0,0,0,0,0,0,1,1,6,3,-1,-1,-1,-1,-1,-1,-1,-1
201537EA94158,1,9,0,13,0,0,0,0,0,0,4,1,6,1,-1,-1,1560,2,8,-1,-1,-1
201537EA94158,2,1,0,18,0,0,0,0,0,0,3,1,2,1,60,9,-1,-1,-1,-1,1,-1
201537EA94171,1,5,0,18,0,0,1,12,0,0,1,1,6,1,50,8,1584,1,5,-1,3,-1
201537EA94173,1,9,0,18,0,8,0,0,0,0,1,1,6,2,70,10,1461,2,9,-1,1,-1
201537EA94173,2,9,0,18,0,8,0,0,0,0,3,1,6,1,68,10,1398,1,3,-1,3,-1
201537EA94174,1,19,0,9,0,6,0,0,0,0,3,1,6,1,40,7,1598,2,2,-1,3,-1
201537EA94174,2,9,0,18,0,8,0,0,0,0,1,1,6,1,41,7,2993,2,12,-1,3,-1
201537EA94176,1,21,1,18,0,0,4,0,1,0,1,1,1,1,53,8,12900,2,7,-1,1,-1
201537EA94176,2,9,0,2,0,0,0,0,0,0,3,1,6,1,24,5,1200,1,-1,-1,3,-1
201537EA94180,1,9,0,4,0,1,0,0,0,0,1,1,6,2,25,5,1598,1,12,-1,1,-1
201537EA94180,2,9,0,4,0,1,0,0,0,0,2,1,6,1,20,4,1968,2,9,-1,1,-1
201537EA94186,1,9,0,18,0,0,0,4,0,0,1,1,2,1,27,6,-1,-1,-1,-1,1,-1
201537EA94186,2,9,0,2,0,0,0,0,0,0,2,1,3,2,49,8,998,1,28,-1,2,-1
201537EA94191,1,9,0,17,0,0,5,0,1,2,1,1,6,1,34,6,1560,2,10,-1,2,-1
201537EA94194,1,1,0,18,0,8,0,0,0,0,1,1,6,1,17,4,-1,-1,-1,-1,-1,-1
201537EA94194,2,9,0,18,0,8,0,0,0,0,3,1,6,1,24,5,1896,2,10,-1,1,-1
201537EA94198,1,9,0,17,0,8,0,0,0,0,1,1,6,2,26,6,998,1,2,-1,1,-1
201537EA94198,2,5,0,16,0,8,1,0,0,0,1,1,6,1,66,10,1450,1,9,-1,3,-1
201537EA94202,1,9,0,9,0,6,0,0,0,0,1,1,6,1,24,5,1995,2,8,-1,1,-1
201537EA94202,2,9,0,18,0,8,0,0,0,0,3,1,6,1,26,6,1994,1,16,-1,3,-1
201537EA94206,1,9,0,18,0,1,0,0,0,0,3,1,6,3,-1,-1,-1,-1,-1,-1,-1,-1
201537EA94228,1,9,0,1,0,0,0,0,0,0,2,1,6,2,42,7,998,1,9,-1,1,-1
201537EA94228,2,9,0,1,0,0,0,0,0,0,2,1,6,2,41,7,1388,1,11,-1,1,-1
201537EA94233,1,19,0,16,0,0,0,0,7,0,1,1,1,1,23,5,1998,2,9,-1,1,-1
201537EA94238,1,9,0,17,0,0,0,0,0,0,1,1,1,2,63,9,1596,1,12,-1,1,-1
201537EA94238,2,1,0,16,4,0,0,0,0,0,1,1,4,1,17,4,-1,-1,-1,-1,-1,-1
201537EA94242,1,9,0,18,0,0,0,0,7,1,3,1,6,1,78,11,1396,2,4,-1,3,-1
201537EA94242,2,9,0,18,0,0,0,0,0,0,1,1,6,1,70,10,1461,2,-1,-1,3,-1
201537EA94252,1,9,0,9,0,5,0,0,0,0,1,1,6,1,24,5,-1,-1,-1,-1,2,-1
201537EA94252,2,5,0,18,0,8,0,0,0,0,1,1,6,1,27,6,1200,1,18,-1,1,-1
201537EA94254,1,19,0,18,0,3,0,0,0,0,1,1,1,1,53,8,1560,2,1,-1,1,-1
201537EA94254,2,1,0,18,0,3,0,0,0,0,2,1,6,2,22,5,-1,-1,-1,-1,1,-1
201537EA94257,1,9,0,17,0,8,0,0,0,0,3,1,6,2,-1,-1,-1,-1,-1,-1,-1,-1
201537EA94257,2,9,0,16,0,8,0,0,0,0,3,1,4,1,18,4,998,1,9,-1,3,-1
201537EA94259,1,9,0,16,0,0,0,0,0,0,1,1,6,1,55,8,-1,-1,-1,-1,1,-1
201537EA94259,2,9,0,17,0,0,0,0,0,0,1,1,6,1,28,6,1390,1,12,-1,1,-1
201537EA94263,1,9,0,18,0,0,5,0,1,4,3,1,1,1,46,8,-1,-1,-1,-1,3,-1
201537EA94263,2,21,1,18,0,0,0,0,0,0,3,1,1,1,32,6,12740,2,-1,-1,1,-1
201537EA94264,1,9,0,17,0,0,1,0,1,4,1,1,2,1,17,4,1461,2,11,-1,2,-1
201537EA94265,1,9,0,18,0,0,0,0,0,0,1,1,6,2,43,7,1910,2,13,-1,1,-1
201537EA94265,2,9,0,18,0,0,0,0,0,0,1,1,6,2,60,9,1984,1,10,-1,3,-1
201537EA94265,3,9,0,18,0,0,0,0,1,0,1,1,6,1,32,6,-1,-1,-1,-1,2,-1
201537EA94266,1,9,0,17,0,0,1,0,0,0,0,1,1,1,20,4,1591,1,7,-1,3,-1
201537EA94266,2,20,0,16,0,0,0,0,0,0,1,1,1,1,44,7,2998,2,7,-1,2,-1
201537EA94287,1,1,0,18,9,0,0,0,0,0,1,1,6,1,38,7,-1,-1,-1,-1,2,-1
201537EA94287,2,19,0,18,0,0,0,0,0,0,3,1,1,2,58,9,1461,2,4,-1,2,-1
201537EA94291,1,9,0,18,0,0,0,0,0,0,3,1,6,3,-1,-1,1998,2,10,-1,-1,-1
201537EA94302,1,9,0,9,0,5,0,0,0,0,1,1,6,1,-1,-1,1753,2,12,-1,1,-1
201537EA94302,2,1,0,10,0,1,0,0,0,0,1,1,6,1,40,7,-1,-1,-1,-1,1,-1
201537EA94324,1,9,0,12,0,8,0,0,0,0,0,1,6,1,37,7,1422,2,7,-1,3,-1
201537EA94324,2,4,0,4,0,8,0,0,0,0,4,1,6,1,25,5,600,1,17,-1,1,-1
201537EA94328,1,9,0,17,0,1,1,0,0,0,1,1,6,2,74,10,1364,1,10,-1,2,-1
201537EA94328,2,9,0,18,0,2,0,0,0,0,3,1,6,2,65,9,2179,2,3,-1,3,-1
201537EA94338,1,9,0,9,0,6,0,0,0,0,3,1,6,2,74,10,999,1,-1,-1,1,-1
201537EA94338,2,1,0,18,0,8,0,0,0,0,1,1,6,1,22,5,-1,-1,-1,-1,3,-1
201537EA94344,1,9,0,18,0,8,0,0,0,0,1,1,6,1,19,4,1298,1,12,-1,3,-1
201537EA94344,2,9,0,18,0,8,0,0,0,0,1,1,6,1,19,4,1229,1,10,-1,3,-1
201537EA94345,1,9,0,4,0,1,0,0,0,0,1,1,6,1,-1,-1,-1,-1,-1,-1,-1,-1
201537EA94345,2,9,0,3,0,1,0,0,0,0,2,1,2,2,56,9,1398,2,2,-1,3,-1
201537EA94364,1,9,0,2,0,0,0,0,0,0,3,1,3,2,35,6,1896,2,7,-1,1,-1
201537EA94364,2,1,0,18,0,0,0,8,0,0,1,1,6,1,26,6,-1,-1,-1,-1,1,-1
201537EA94371,1,9,0,9,0,5,0,0,0,0,1,1,6,1,90,11,1396,1,2,-1,-1,-1
201537EA94371,2,9,0,18,0,8,0,0,0,0,1,1,6,1,53,8,3199,1,21,-1,1,-1
201537EA94371,3,9,0,8,0,1,0,0,0,0,3,1,6,1,65,9,1968,2,9,-1,2,-1
201537EA94381,1,9,0,4,0,0,0,0,0,0,1,1,2,2,18,4,998,1,12,-1,3,-1
201537EA94381,2,9,0,12,0,0,0,0,0,0,2,1,2,1,22,5,1242,1,11,-1,1,-1
201537EA94381,3,9,0,18,0,0,0,0,0,0,3,1,2,1,67,10,1951,2,11,-1,1,-1
201537EA94395,1,9,0,12,0,8,0,0,0,0,3,1,6,3,-1,-1,-1,-1,-1,-1,-1,-1
201537EA94395,2,5,0,18,0,8,0,0,0,0,4,1,6,1,35,6,999,1,4,-1,1,-1
201537EA94402,1,9,0,18,0,8,0,0,3,1,1,1,6,2,44,7,1461,2,1,-1,1,-1
201537EA94406,1,9,0,16,0,1,0,0,7,11,1,1,6,1,22,5,1330,1,17,-1,3,-1
201537EA94412,1,9,0,5,0,4,0,0,0,0,1,1,2,1,37,7,1968,2,5,-1,3,-1
201537EA94412,2,1,0,18,0,8,0,0,0,0,4,1,2,2,54,8,-1,-1,-1,-1,1,-1
201537EA94417,1,9,0,18,0,8,0,0,0,0,1,1,1,2,44,7,1242,1,1,-1,3,-1
201537EA94417,2,1,0,18,0,8,0,0,0,0,2,1,6,1,72,10,-1,-1,-1,-1,3,-1
201537EA94418,1,9,0,4,0,8,0,0,0,0,1,1,6,2,19,4,1108,1,12,-1,3,-1
201537EA94425,1,9,0,18,0,0,0,0,7,4,1,1,6,1,79,11,1582,2,3,-1,1,-1
201537EA94427,1,9,0,18,0,0,5,0,1,4,4,1,6,2,31,6,1587,1,8,-1,-1,-1
201537EA94428,1,9,0,16,0,0,0,0,0,0,1,1,6,1,80,11,1242,1,1,-1,-1,-1
201537EA94428,2,9,0,17,0,0,0,0,0,0,3,1,6,2,56,9,3387,1,14,-1,3,-1
201537EA94428,3,9,0,17,0,0,0,0,0,0,3,1,6,3,-1,-1,-1,-1,-1,-1,-1,-1
201537EA94438,1,9,0,17,0,0,2,0,1,0,1,1,2,1,26,6,1997,1,16,-1,1,-1
201537EA94439,1,11,0,13,0,8,0,0,0,0,4,1,1,3,-1,-1,-1,-1,-1,-1,-1,-1
201537EA94439,2,1,0,18,0,8,0,0,0,0,3,1,6,2,60,9,-1,-1,-1,-1,1,-1
201537EA94456,1,9,0,9,0,5,0,0,0,0,1,1,2,1,59,9,1796,1,12,-1,1,-1
201537EA94458,1,9,0,9,0,6,0,0,0,0,1,1,2,2,49,8,1998,1,12,-1,2,-1
201537EA94458,2,19,0,16,0,8,1,0,0,0,1,1,2,1,27,6,1753,2,9,-1,1,-1
201537EA94463,1,20,0,18,0,0,0,0,0,0,1,1,1,1,63,9,6692,2,3,-1,2,-1
201537EA94463,2,9,0,4,0,0,0,0,0,0,2,1,6,2,54,8,1598,1,12,-1,1,-1
201537EA94465,1,19,0,16,0,0,0,0,7,4,1,1,1,1,27,6,1399,2,5,-1,1,-1
201537EA94467,1,9,0,1,0,8,0,0,0,0,2,1,6,1,-1,-1,1591,1,6,-1,-1,-1
201537EA94477,1,9,0,18,0,8,0,0,0,0,1,1,6,1,19,4,1560,2,8,-1,1,-1
201537EA94477,2,1,0,9,0,6,0,0,0,0,1,1,6,2,16,4,-1,-1,-1,-1,1,-1
201537EA94484,1,8,0,6,8,0,0,0,0,0,3,1,6,1,61,9,1242,1,8,-1,1,-1
201537EA94484,2,9,0,18,0,0,1,0,1,0,1,1,6,2,23,5,1149,1,15,-1,1,-1
201537EA94490,1,9,0,9,0,5,0,0,0,0,1,1,1,1,68,10,-1,-1,-1,-1,1,-1