Accident_Index,Vehicle_Reference,Vehicle_Type,Towing_and_Articulation,Vehicle_Manoeuvre,Vehicle_Location-Restricted_Lane,Junction_Location,Skidding_and_Overturning,Hit_Object_in_Carriageway,Vehicle_Leaving_Carriageway,Hit_Object_off_Carriageway,1st_Point_of_Impact,Was_Vehicle_Left_Hand_Drive?,Journey_Purpose_of_Driver,Sex_of_Driver,Age_of_Driver,Age_Band_of_Driver,Engine_Capacity_(CC),Propulsion_Code,Age_of_Vehicle,Driver_IMD_Decile,Driver_Home_Area_Type,Vehicle_IMD_Decile
201537EA95463,1,9,0,4,0,1,0,0,0,0,1,1,6,2,27,6,2000,2,4,-1,3,-1
201537EA95463,2,9,0,3,0,1,0,0,0,0,2,1,6,1,36,7,1598,2,3,-1,1,-1
201537EA95463,3,9,0,3,0,1,0,0,0,0,2,1,6,2,24,5,1198,1,1,-1,2,-1
201537EA95463,4,9,0,3,0,1,0,0,0,0,2,1,6,2,56,9,1598,1,5,-1,3,-1
201537EA95463,5,9,0,10,0,8,0,0,0,0,0,1,6,1,37,7,1686,2,11,-1,3,-1
201537EA95465,1,9,0,6,0,8,0,0,7,10,3,1,6,1,90,11,1086,1,10,-1,1,-1
201537EA95465,2,19,0,18,0,8,0,0,0,0,1,1,1,1,42,7,1998,2,9,-1,1,-1
201537EA95466,1,9,0,9,0,6,0,0,0,0,0,1,6,1,24,5,1242,1,4,-1,2,-1
201537EA95466,2,4,0,4,0,1,0,0,0,0,4,1,6,1,58,9,299,1,-1,-1,1,-1
201537EA95468,1,9,0,9,0,6,0,0,0,0,3,1,6,1,75,10,-1,-1,-1,-1,2,-1
201537EA95468,2,9,0,18,0,8,0,0,0,0,1,1,6,1,61,9,1339,1,2,-1,1,-1
201537EA95500,1,9,0,13,0,8,0,0,7,11,1,1,6,1,80,11,1998,1,17,-1,1,-1
201537EA95500,2,9,0,9,0,5,0,0,0,0,3,1,6,2,34,6,1590,1,21,-1,2,-1
201537EA95501,1,9,0,5,0,6,0,0,0,0,1,1,6,2,65,9,1997,2,7,-1,3,-1
201537EA95501,2,1,0,18,0,8,0,0,0,0,4,1,6,1,56,9,-1,-1,-1,-1,2,-1
201537EA95506,1,9,0,18,0,0,0,0,0,0,3,1,1,1,31,6,1560,2,-1,-1,1,-1
201537EA95507,1,19,0,18,0,0,0,0,0,0,4,1,6,3,-1,-1,-1,-1,-1,-1,-1,-1
201537EA95508,1,9,0,18,0,0,0,0,0,0,1,1,6,1,-1,-1,1995,2,6,-1,1,-1
201537EA95508,2,9,0,4,0,0,0,0,0,0,2,1,6,1,64,9,1997,2,13,-1,1,-1
201537EA95510,1,10,0,9,0,5,0,0,0,0,1,1,6,1,54,8,-1,-1,-1,-1,3,-1
201537EA95510,2,9,0,18,0,8,0,0,0,0,1,1,6,2,51,8,1800,1,11,-1,3,-1
201537EA95513,1,9,0,17,0,0,1,0,1,0,3,1,6,1,56,9,1998,2,7,-1,3,-1
201537EA95513,2,9,0,16,0,0,5,0,0,0,3,1,6,2,51,8,1905,2,16,-1,1,-1
201537EA95513,3,9,0,18,0,0,0,0,0,0,1,1,6,1,58,9,1997,2,1,-1,1,-1
201537EA95518,1,9,0,5,0,6,0,0,0,0,3,1,6,2,61,9,2179,2,2,-1,1,-1
201537EA95518,2,9,0,18,0,8,0,0,0,0,1,1,6,2,21,5,1124,1,14,-1,1,-1
201537EA95523,1,19,0,18,0,1,0,0,0,0,4,1,6,3,-1,-1,-1,-1,-1,-1,-1,-1
201537EA95547,1,9,0,5,0,0,0,0,0,0,3,1,6,2,-1,-1,-1,-1,-1,-1,3,-1
201537EA95547,2,9,0,18,0,0,0,0,0,0,4,1,6,2,51,8,1388,1,12,-1,1,-1
201537EA95549,1,9,0,18,0,1,0,0,0,0,1,1,6,1,31,6,1364,1,1,-1,1,-1
201537EA95550,1,9,0,18,0,0,0,4,0,0,1,1,6,2,23,5,1998,2,10,-1,1,-1
201537EA95550,2,9,0,2,0,0,0,0,0,0,1,1,6,1,50,8,1986,2,7,-1,3,-1
201537EA95557,1,9,0,17,0,0,1,0,1,4,1,1,6,1,64,9,1422,2,6,-1,3,-1
201537EA95558,1,19,0,4,0,0,0,0,0,0,1,1,1,1,25,5,1995,2,8,-1,-1,-1
201537EA95558,2,21,1,4,0,0,0,0,0,0,1,1,1,1,27,6,10837,2,7,-1,3,-1
201537EA95558,3,21,1,4,0,0,0,0,0,0,2,1,1,1,60,9,11705,2,5,-1,1,-1
201537EA95561,1,21,1,18,0,8,5,0,1,0,4,1,1,1,31,6,12777,2,6,-1,1,-1
201537EA95563,1,9,0,18,0,4,0,0,0,0,3,1,2,1,21,5,1995,2,10,-1,1,-1
201537EA95563,2,1,0,18,0,8,0,0,0,0,1,1,2,1,49,8,-1,-1,-1,-1,1,-1
201537EA95567,1,9,0,18,0,0,0,11,0,0,1,1,1,2,46,8,1242,1,2,-1,3,-1
201537EA95574,1,9,0,5,0,6,0,0,0,0,1,1,2,1,27,6,1399,1,10,-1,1,-1
201537EA95574,2,1,0,18,0,8,0,0,0,0,2,1,2,1,56,9,-1,-1,-1,-1,3,-1
201537EA95576,1,9,0,18,0,0,1,0,0,0,1,1,6,1,-1,-1,-1,-1,-1,-1,-1,-1
201537EA95576,2,9,0,3,0,0,0,0,0,0,2,1,6,2,44,7,2000,1,8,-1,1,-1
201537EA95581,1,9,0,16,0,0,1,0,0,0,1,1,6,1,22,5,1124,1,14,-1,1,-1
201537EA95581,2,9,0,17,0,0,0,0,0,0,3,1,6,1,46,8,1598,2,2,-1,1,-1
201537EA95588,1,9,0,18,0,0,0,4,0,0,1,1,6,1,55,8,1362,1,2,-1,3,-1
201537EA95588,2,9,0,2,0,0,0,0,1,11,2,1,6,1,-1,-1,1753,2,12,-1,-1,-1
201537EA95590,1,9,0,17,0,0,1,0,7,11,3,1,2,2,25,5,1598,1,11,-1,1,-1
201537EA95606,1,9,0,9,0,5,0,0,0,0,1,1,6,1,46,8,2495,2,17,-1,1,-1
201537EA95608,1,19,0,5,0,6,0,0,0,0,1,1,6,2,73,10,2148,2,8,-1,3,-1
201537EA95608,2,1,0,18,5,8,0,0,0,0,3,1,6,1,14,3,-1,-1,-1,-1,1,-1
201537EA95611,1,2,0,18,0,0,1,0,0,0,1,1,6,1,16,4,49,1,6,-1,1,-1
201537EA95613,1,9,0,16,0,0,1,10,7,10,3,1,6,1,23,5,2495,2,9,-1,1,-1
201537EA95613,2,9,0,17,0,0,1,0,0,0,3,1,2,1,50,8,1560,2,-1,-1,3,-1
201537EA95636,1,9,0,18,0,0,0,0,0,0,4,1,2,2,18,4,1199,1,13,-1,1,-1
201537EA95639,1,9,0,7,0,6,0,0,0,0,2,1,6,1,41,7,1997,2,11,-1,1,-1
201537EA95639,2,21,1,18,0,8,1,0,0,0,1,1,1,1,40,7,11946,2,3,-1,1,-1
201537EA95639,3,9,0,8,0,1,0,0,0,0,3,1,2,1,62,9,4164,2,10,-1,3,-1
201537EA95640,1,9,0,17,0,0,1,0,7,9,1,1,6,1,35,6,1587,1,11,-1,1,-1
201537EA95657,1,9,0,4,0,0,1,0,0,0,1,1,1,1,23,5,1461,2,8,-1,1,-1
201537EA95657,2,9,0,3,0,0,0,0,0,0,2,1,2,2,31,6,1968,2,-1,-1,1,-1
201537EA95658,1,9,0,18,0,4,0,10,1,10,1,1,6,2,36,7,1997,2,10,-1,1,-1
201537EA95658,2,17,4,17,0,8,0,0,0,0,4,1,1,1,65,9,9000,2,4,-1,3,-1
201537EA95659,1,9,0,4,0,1,0,0,0,0,1,1,6,2,-1,-1,1360,1,11,-1,2,-1
201537EA95659,2,9,0,10,0,1,0,0,0,0,2,1,6,1,41,7,1560,2,5,-1,1,-1
201537EA95664,1,9,0,9,0,4,0,0,0,0,3,1,2,2,36,7,1461,2,2,-1,1,-1
201537EA95664,2,2,0,18,0,8,0,0,0,0,1,1,1,1,17,4,49,1,1,-1,1,-1
201537EA95677,1,19,0,9,0,6,0,0,0,0,3,1,6,1,35,6,2198,2,-1,-1,1,-1
201537EA95677,2,3,0,18,0,8,0,0,0,0,1,1,2,1,30,6,108,1,-1,-1,1,-1
201537EA95687,1,5,0,7,0,6,1,0,0,0,4,1,6,1,26,6,645,1,5,-1,2,-1
201537EA95689,1,9,0,18,0,8,0,0,0,0,4,1,6,1,46,8,1298,1,3,-1,1,-1
201537EA95689,2,1,0,9,0,6,0,0,0,0,1,1,6,1,30,6,-1,-1,-1,-1,-1,-1
201537EA95691,1,9,0,9,0,5,0,0,0,0,4,1,6,1,33,6,3227,2,14,-1,1,-1
201537EA95691,2,3,0,18,0,8,0,0,0,0,1,1,6,1,20,4,102,1,11,-1,-1,-1
201537EA95692,1,9,0,18,0,0,0,11,0,0,1,1,2,1,18,4,-1,-1,-1,-1,2,-1
201537EA95697,1,3,0,18,0,0,0,0,0,0,3,1,6,1,18,4,124,1,7,-1,3,-1
201537EA95697,2,9,0,18,0,0,0,0,0,0,1,1,6,2,39,7,2497,2,3,-1,3,-1
201537EA95717,1,9,0,5,0,6,0,0,0,0,1,1,6,1,38,7,1388,1,8,-1,1,-1
201537EA95719,1,19,0,18,0,1,0,0,0,0,1,1,2,1,49,8,2300,2,14,-1,3,-1
201537EA95719,2,9,0,3,0,1,0,0,0,0,2,1,2,2,27,6,1242,1,6,-1,1,-1
201537EA95719,3,19,0,10,0,8,0,0,0,0,2,1,2,1,57,9,1461,2,-1,-1,3,-1
201537EA95733,1,9,0,18,0,0,0,0,7,0,1,1,6,3,-1,-1,-1,-1,-1,-1,-1,-1
201537EA95746,1,9,0,9,0,6,0,0,0,0,3,1,3,2,38,7,1598,2,4,-1,3,-1
201537EA95746,2,9,0,18,0,8,0,0,0,0,1,1,3,2,41,7,2993,2,4,-1,3,-1
201537EA95749,1,9,0,18,0,0,0,0,0,0,4,1,6,3,-1,-1,-1,-1,-1,-1,-1,-1
201537EA95763,1,9,0,18,0,1,0,0,0,0,1,1,6,1,26,6,1986,2,8,-1,1,-1
201537EA95763,2,1,0,18,0,2,0,0,0,0,1,1,6,1,29,6,-1,-1,-1,-1,1,-1
201537EA95776,1,9,0,9,0,5,0,0,0,0,1,1,6,1,-1,-1,1995,2,11,-1,1,-1
201537EA95776,2,1,0,18,0,8,0,0,0,0,1,1,1,1,30,6,-1,-1,-1,-1,1,-1
201537EA95777,1,19,0,17,0,0,0,0,1,3,1,1,2,1,32,6,-1,-1,-1,-1,3,-1
201537EA95791,1,9,0,18,0,4,0,0,0,0,1,1,6,2,73,10,1242,1,4,-1,1,-1
201537EA95791,2,2,0,18,0,8,0,0,0,0,4,1,6,1,19,4,123,1,-1,-1,1,-1
201537EA95802,1,9,0,18,0,8,0,0,0,0,1,1,2,1,55,8,1968,2,1,-1,1,-1
201537EA95802,2,19,0,3,0,8,0,0,0,0,2,1,1,1,54,8,2143,2,-1,-1,1,-1
201537EA95805,1,9,0,9,0,6,0,0,0,0,1,1,6,1,57,9,1796,1,4,-1,3,-1
201537EA95805,2,5,0,13,0,8,1,0,0,0,1,1,6,1,22,5,1202,1,-1,-1,1,-1
201537EA95811,1,5,0,18,0,0,1,0,0,0,3,1,6,1,56,9,1050,1,3,-1,1,-1
201537EA95837,1,9,0,18,0,1,0,0,0,0,1,1,6,1,28,6,1341,1,10,-1,3,-1
201537EA95837,2,9,0,10,0,8,0,0,0,0,2,1,6,1,40,7,2494,1,14,-1,3,-1
201537EA95843,1,8,0,18,0,0,0,4,0,0,1,1,1,1,35,6,1968,2,2,-1,1,-1
201537EA95843,2,9,0,2,0,0,0,0,0,0,1,1,6,1,20,4,1388,1,11,-1,-1,-1
201537EA95849,1,19,0,4,0,1,0,0,0,0,1,1,1,1,62,9,1996,2,1,-1,1,-1
201537EA95849,2,9,0,3,0,1,0,0,0,0,2,1,2,2,24,5,1198,1,6,-1,3,-1
201537EA95856,1,9,0,18,0,0,0,0,7,11,1,1,6,2,44,7,1461,2,3,-1,2,-1
201537EA95859,1,9,0,18,0,0,0,4,0,0,1,1,6,1,24,5,2995,1,-1,-1,3,-1
201537EA95859,2,10,0,2,0,0,0,0,0,0,2,1,6,1,36,7,1600,2,25,-1,1,-1
201537EA95861,1,20,0,18,0,1,1,0,1,0,1,1,1,1,25,5,-1,-1,-1,-1,1,-1
201537EA95861,2,9,0,9,0,5,0,0,0,0,2,1,1,2,35,6,1598,1,8,-1,1,-1
201537EA95862,1,9,0,1,0,6,0,0,0,0,2,1,3,2,71,10,2993,2,6,-1,3,-1
201537EA95864,1,9,0,9,0,6,0,0,0,0,1,1,6,2,41,7,998,1,-1,-1,1,-1
201537EA95864,2,9,0,17,0,8,0,0,0,0,4,1,6,1,28,6,1796,1,12,-1,1,-1
201537EA95865,1,9,0,9,0,6,0,0,0,0,1,1,6,1,79,11,1390,1,6,-1,3,-1
201537EA95865,2,9,0,18,0,8,1,0,7,9,4,1,6,1,47,8,1997,2,12,-1,3,-1
201537EA95872,1,9,0,18,0,0,0,0,0,0,1,1,6,1,43,7,1598,1,8,-1,3,-1
201537EA95872,2,9,0,4,0,0,0,0,0,0,2,1,6,2,28,6,1360,1,11,-1,3,-1
201537EA95872,3,9,0,4,0,0,0,0,0,0,2,1,6,2,35,6,1388,1,5,-1,2,-1
201537EA95872,4,19,0,4,0,0,0,0,0,0,2,1,6,1,46,8,2151,2,12,-1,1,-1
201537EA95876,1,9,0,16,0,0,0,0,0,0,3,1,6,1,84,11,1388,1,6,-1,1,-1
201537EA95876,2,9,0,17,0,0,0,0,0,0,3,1,6,2,56,9,998,1,5,-1,3,-1
201537EA95876,3,9,0,17,0,0,0,0,0,0,3,1,6,1,23,5,1598,2,-1,-1,2,-1
201537EA95876,4,19,0,17,0,0,0,0,0,0,3,1,6,1,55,8,-1,-1,-1,-1,1,-1
201537EA95877,1,9,0,9,0,6,0,0,0,0,3,1,6,1,34,6,1490,1,8,-1,1,-1
201537EA95877,2,9,0,18,0,8,0,0,0,0,1,1,6,1,60,9,-1,-1,-1,-1,2,-1
201537EA95894,1,19,0,16,0,1,1,0,0,0,1,1,1,1,30,6,2402,2,8,-1,1,-1
201537EA95894,2,9,0,4,0,1,0,0,0,0,2,1,6,1,45,7,1590,1,10,-1,1,-1
201537EA95897,1,9,0,18,0,0,2,0,1,4,1,1,6,2,45,7,2664,2,17,-1,2,-1
201537EA95899,1,9,0,16,0,8,0,0,0,0,0,1,6,3,-1,-1,-1,-1,-1,-1,-1,-1
201537EA95899,2,3,0,17,0,8,0,0,0,0,3,1,6,1,23,5,124,1,-1,-1,3,-1
201537EA95901,1,9,0,16,0,2,0,0,7,0,3,1,2,1,25,5,-1,-1,-1,-1,2,-1
201537EA95901,2,9,0,17,0,1,0,0,0,0,1,1,2,1,50,8,1956,2,6,-1,3,-1
201537EA95902,1,20,0,16,0,0,2,0,0,0,1,1,1,1,51,8,-1,-1,-1,-1,1,-1
201537EA95902,2,21,1,3,0,0,0,0,0,0,2,1,1,1,53,8,-1,-1,-1,-1,-1,-1
201537EA95903,1,9,0,5,0,6,0,0,0,0,4,1,6,3,-1,-1,-1,-1,-1,-1,-1,-1
201537EA95903,2,1,0,18,9,8,0,0,0,0,1,1,6,2,12,3,-1,-1,-1,-1,1,-1
201537EA95907,1,9,0,18,0,8,0,0,0,0,1,1,6,1,31,6,1800,1,15,-1,1,-1
201537EA95907,2,9,0,10,0,1,0,0,1,0,3,1,6,1,46,8,1781,1,13,-1,3,-1
201537EA95910,1,19,0,1,0,0,0,0,0,0,2,1,1,1,49,8,1598,2,1,-1,-1,-1
201537EA95910,2,9,0,3,0,0,0,0,0,0,1,1,6,2,41,7,1598,2,2,-1,1,-1
201537EA95919,1,4,0,14,0,8,1,0,0,0,1,1,2,2,56,9,865,1,6,-1,1,-1
201537EA95919,2,1,0,18,0,8,0,0,0,0,1,1,2,1,45,7,-1,-1,-1,-1,1,-1
201537EA95925,1,9,0,18,0,0,5,0,1,0,1,1,6,2,17,4,1242,1,-1,-1,3,-1
201537EA95926,1,9,0,16,0,0,5,10,0,0,4,1,6,2,18,4,998,1,9,-1,2,-1
201537EA95935,1,9,0,18,0,1,0,0,0,0,1,1,1,1,51,8,1995,2,11,-1,-1,-1
201537EA95943,1,9,0,6,0,0,0,0,0,0,3,1,6,1,66,10,-1,-1,-1,-1,2,-1
201537EA95943,2,9,0,13,0,0,0,0,0,0,4,1,1,1,24,5,1388,1,10,-1,3,-1
201537EA95944,1,19,0,18,0,2,0,0,0,0,1,1,6,3,-1,-1,-1,-1,-1,-1,-1,-1
201537EA95944,2,9,0,3,0,2,0,0,0,0,2,1,6,2,56,9,1461,2,5,-1,1,-1
201537EA95950,1,19,0,18,0,0,0,8,0,0,3,1,6,3,-1,-1,1598,2,1,-1,-1,-1
201537EA95950,2,9,0,2,0,0,0,0,0,0,3,1,6,1,25,5,1998,1,10,-1,-1,-1
201537EA95963,1,9,0,9,0,6,0,0,0,0,1,1,2,2,23,5,1229,1,10,-1,2,-1
201537EA95963,2,9,0,18,0,8,0,0,0,0,1,1,2,1,53,8,1560,2,6,-1,1,-1
201537EA95985,1,9,0,9,0,6,0,0,1,0,3,1,6,1,77,11,1497,8,10,-1,3,-1
201537EA95985,2,9,0,18,0,8,0,0,0,0,1,1,6,1,50,8,1461,2,5,-1,3,-1
201537EA95992,1,9,0,4,0,0,0,0,0,0,1,1,2,2,28,6,996,1,6,-1,1,-1
201537EA95992,2,9,0,4,0,0,0,0,0,0,2,1,2,1,-1,-1,2996,1,9,-1,1,-1
201537EA96006,1,9,0,18,0,0,0,4,0,0,1,1,6,2,34,6,2143,2,2,-1,2,-1
201537EA96006,2,19,0,2,0,0,0,0,0,0,2,1,6,1,32,6,2300,2,11,-1,-1,-1
201537EA96008,1,9,0,18,0,0,0,0,0,0,3,1,6,3,-1,-1,-1,-1,-1,-1,-1,-1
201537EA96008,2,2,0,18,0,0,0,0,0,0,3,1,6,1,17,4,49,1,3,-1,1,-1
201537EA96009,1,21,1,4,0,1,0,0,0,0,1,1,1,1,28,6,12900,2,5,-1,-1,-1
201537EA96009,2,9,0,10,0,8,0,0,0,0,2,1,6,2,63,9,1900,2,10,-1,2,-1
201537EA96010,1,9,0,16,0,2,2,0,7,9,1,1,6,1,18,4,1199,1,13,-1,2,-1
201537EA96020,1,9,0,18,0,1,0,4,7,0,1,1,6,1,19,4,1360,1,14,-1,1,-1
201537EA96020,2,9,0,2,0,1,0,0,1,0,2,1,6,1,56,9,2429,1,10,-1,1,-1
201537EA96022,1,9,0,5,0,6,0,0,0,0,3,1,6,1,53,8,1796,1,8,-1,1,-1
201537EA96022,2,9,0,18,0,8,0,0,0,0,1,1,6,2,35,6,1560,2,9,-1,1,-1
201537EA96027,1,19,0,1,0,6,0,0,0,0,2,1,1,1,30,6,1753,2,11,-1,1,-1
201537EA96027,2,9,0,18,0,8,0,0,0,0,3,1,6,2,51,8,1461,2,10,-1,1,-1
201537EA96029,1,9,0,9,0,5,0,0,0,0,4,1,1,1,39,7,1896,2,8,-1,1,-1
201537EA96029,2,3,0,18,0,8,1,0,0,0,1,1,6,2,20,4,-1,-1,-1,-1,1,-1
201537EA96039,1,9,0,18,0,1,0,0,0,0,1,1,6,2,19,4,1896,2,10,-1,3,-1
201537EA96039,2,19,0,3,0,1,0,0,0,0,1,1,1,1,24,5,2299,2,-1,-1,3,-1
201537EA96045,1,9,0,5,0,4,0,0,0,0,3,1,6,1,83,11,1587,1,11,-1,1,-1
201537EA96045,2,1,0,18,0,8,0,0,0,0,4,1,6,2,19,4,-1,-1,-1,-1,-1,-1
201537EA96060,1,9,0,1,0,5,0,0,0,0,2,1,6,2,44,7,-1,-1,-1,-1,1,-1
201537EA96062,1,9,0,18,0,0,0,0,0,0,3,1,6,2,23,5,1390,1,3,-1,1,-1
201537EA96063,1,9,0,3,0,0,0,0,0,0,4,1,6,1,63,9,-1,-1,-1,-1,3,-1
201537EA96063,2,19,0,18,0,0,0,0,0,0,1,1,6,1,-1,-1,-1,-1,-1,-1,-1,-1
201537EA96064,1,9,0,7,0,6,0,0,0,0,1,2,1,1,35,6,-1,-1,-1,-1,-1,-1
201537EA96064,2,9,0,18,0,8,0,0,0,0,1,1,6,2,80,11,1398,1,-1,-1,1,-1
201537EA96070,1,19,0,4,0,1,1,0,0,0,1,1,1,1,31,6,2402,2,14,-1,1,-1
201537EA96070,2,9,0,10,0,1,0,0,3,3,2,1,6,1,57,9,1229,1,5,-1,1,-1
201537EA96071,1,9,0,18,0,0,0,0,1,1,1,1,6,1,47,8,2183,2,4,-1,1,-1
201537EA96089,1,9,0,4,0,0,0,4,0,0,1,1,3,2,52,8,1998,1,16,-1,1,-1
201537EA96089,2,19,4,2,0,0,0,0,0,0,2,1,1,1,32,6,2198,2,-1,-1,2,-1
201537EA96094,1,9,0,7,0,2,0,10,1,11,1,1,2,1,21,5,1796,1,15,-1,1,-1
201537EA96100,1,9,0,18,0,8,1,0,7,0,1,1,6,1,-1,-1,-1,-1,-1,-1,-1,-1
201537EA96101,1,9,0,9,0,5,0,0,0,0,1,1,6,1,32,6,1896,2,12,-1,1,-1
201537EA96101,2,2,0,18,0,8,0,0,0,0,1,1,6,1,16,4,49,1,4,-1,1,-1
201537EA96122,1,9,0,5,0,6,0,0,0,0,4,1,1,1,25,5,-1,-1,-1,-1,3,-1
201537EA96122,2,9,0,18,0,8,0,0,0,0,1,1,6,2,37,7,999,1,-1,-1,3,-1
201537EA96138,1,9,0,17,0,0,0,0,7,9,1,1,6,1,18,4,1199,1,11,-1,2,-1
201537EA96141,1,9,0,16,0,0,1,0,1,0,4,1,6,1,18,4,1242,1,11,-1,1,-1
201537EA96143,1,9,0,7,0,6,0,0,0,0,1,1,6,2,49,8,1995,2,7,-1,2,-1
201537EA96143,2,9,0,18,0,8,0,0,0,0,1,1,2,1,59,9,1997,2,2,-1,1,-1
201537EA96156,1,9,0,17,0,0,0,0,7,9,1,1,6,2,77,11,1598,1,10,-1,2,-1
201537EA96161,1,9,0,18,0,4,0,9,3,4,1,1,6,1,66,10,1995,2,2,-1,1,-1
201537EA96164,1,9,0,9,0,6,0,0,0,0,3,1,6,2,23,5,-1,-1,-1,-1,1,-1
201537EA96164,2,9,0,18,0,1,0,0,0,0,3,1,6,1,63,9,1560,2,5,-1,3,-1
201537EA96165,1,9,0,11,0,1,0,0,0,0,4,1,6,1,22,5,-1,-1,-1,-1,1,-1
201537EA96165,2,21,0,18,0,1,0,0,0,0,3,1,1,1,42,7,12900,2,4,-1,1,-1
201537EA96179,1,19,4,17,0,8,0,0,0,0,3,2,1,1,47,8,-1,-1,-1,-1,-1,-1
201537EA96179,2,9,0,16,0,8,0,0,0,0,3,1,6,1,31,6,-1,-1,-1,-1,2,-1
201537EA96185,1,9,0,17,0,0,5,0,1,0,1,1,6,2,61,9,998,1,10,-1,1,-1
201537EA96187,1,9,0,4,0,0,0,0,0,0,1,1,3,2,36,7,1598,1,9,-1,3,-1
201537EA96187,2,9,0,4,0,0,0,0,0,0,2,1,6,2,42,7,1997,2,11,-1,1,-1
201537EA96187,3,9,0,3,0,0,0,0,0,0,2,1,6,1,33,6,3628,2,5,-1,3,-1
201537EA96188,1,9,0,18,0,1,0,0,0,0,1,1,6,1,26,6,1956,2,-1,-1,-1,-1
201537EA96188,2,9,0,10,0,8,0,0,0,0,2,1,6,2,30,6,1995,2,11,-1,1,-1
201537EA96206,1,9,0,18,0,0,0,0,1,4,1,1,6,1,24,5,1896,2,16,-1,1,-1
201537EA96211,1,9,0,4,0,1,0,0,0,0,1,1,6,2,26,6,-1,-1,-1,-1,1,-1
201537EA96211,2,9,0,3,0,1,0,0,0,0,2,1,6,1,35,6,1246,1,9,-1,1,-1
201537EA96217,1,3,0,18,0,0,0,4,0,0,1,1,2,1,32,6,125,1,5,-1,3,-1
201537EA96217,2,9,0,2,0,0,0,0,0,0,2,1,6,3,-1,-1,-1,-1,-1,-1,-1,-1
201537EA96221,1,9,0,17,0,0,0,0,0,0,3,1,6,1,56,9,1390,1,13,-1,1,-1
201537EA96221,2,9,0,16,0,0,0,0,0,0,3,1,6,1,31,6,2191,2,2,-1,2,-1
201537EA96225,1,9,0,18,0,0,0,0,0,0,1,1,6,1,37,7,1910,2,10,-1,1,-1
201537EA96225,2,9,0,4,0,0,0,0,0,0,2,1,6,1,31,6,1461,2,-1,-1,3,-1
201537EA96242,1,90,0,1,0,0,1,0,0,0,2,1,6,1,-1,-1,-1,-1,-1,-1,-1,-1
201537EA96245,1,9,0,18,0,0,5,0,0,0,4,1,6,2,19,4,999,1,1,-1,3,-1
201537EA96245,2,9,0,2,0,0,0,0,0,0,2,1,6,2,72,10,1299,1,12,-1,2,-1
201537EA96245,3,9,0,2,0,0,0,0,0,0,2,1,6,3,-1,-1,1998,1,15,-1,-1,-1
201537EA96259,1,19,0,9,0,8,0,0,0,0,1,1,1,1,28,6,2143,2,2,-1,1,-1
201537EA96259,2,19,0,18,0,8,0,0,0,0,1,1,1,1,45,7,1968,2,1,-1,-1,-1
201537EA96260,1,9,0,18,0,0,0,0,0,0,1,1,1,1,71,10,1910,2,8,-1,3,-1
201537EA96260,2,1,0,18,0,0,0,0,0,0,3,1,6,2,21,5,-1,-1,-1,-1,1,-1
201537EA96271,1,9,0,17,0,0,0,0,0,0,3,1,6,1,44,7,1997,2,4,-1,1,-1
201537EA96271,2,9,0,16,0,0,0,0,0,0,1,1,6,1,67,10,2495,2,16,-1,3,-1
201537EA96279,1,9,0,18,0,8,0,0,0,0,4,1,6,1,33,6,1598,1,13,-1,1,-1
201537EA96279,2,2,0,18,0,8,0,0,0,0,3,1,6,1,47,8,49,1,-1,-1,1,-1
201537EA96307,1,9,0,18,0,0,0,0,0,0,1,1,6,2,73,10,1086,1,9,-1,1,-1
201537EA96307,2,9,0,3,0,0,0,0,0,0,2,1,6,1,32,6,1686,2,15,-1,1,-1
201537EA96320,1,9,0,18,0,1,0,0,0,0,1,1,6,1,21,5,1896,2,14,-1,1,-1
201537EA96320,2,9,0,9,0,5,0,0,0,0,2,1,6,1,47,8,1896,2,11,-1,3,-1
201537EA96322,1,19,0,18,0,8,0,0,0,0,1,1,1,1,48,8,2402,2,12,-1,1,-1
201537EA96322,2,9,0,18,0,8,0,0,0,0,4,1,1,1,45,7,1461,2,4,-1,1,-1
201537EA96323,1,3,0,18,0,0,0,0,0,0,1,1,6,1,21,5,125,1,-1,-1,2,-1
201537EA96323,2,9,0,3,0,0,0,0,0,0,2,1,6,2,44,7,1600,1,4,-1,2,-1
201537EA96325,1,9,0,18,0,1,0,0,0,0,3,1,6,1,49,8,1796,1,12,-1,1,-1
201537EA96325,2,9,0,7,0,2,0,0,0,0,3,1,6,1,27,6,1149,1,4,-1,1,-1
201537EA96326,1,9,0,16,0,0,0,0,1,9,4,1,6,1,21,5,1994,1,11,-1,-1,-1
201537EA96357,1,9,0,18,0,0,0,0,0,0,3,1,1,1,61,9,-1,-1,-1,-1,3,-1
201537EA96357,2,9,0,18,0,0,0,0,0,0,3,1,6,1,43,7,1956,2,-1,-1,2,-1
201537EA96372,1,9,0,18,0,6,0,0,3,11,1,1,2,1,23,5,3500,1,8,-1,2,-1
201537EA96372,2,9,0,18,0,8,0,0,0,0,3,1,6,1,45,7,1587,1,12,-1,2,-1
201537EA96375,1,8,0,5,0,4,0,0,0,0,3,1,1,1,69,10,1997,2,9,-1,1,-1
201537EA96375,2,1,0,18,0,8,0,0,0,0,1,1,6,1,41,7,-1,-1,-1,-1,-1,-1
201537EA96383,1,19,0,9,0,5,0,0,0,0,4,1,1,1,25,5,2500,2,10,-1,-1,-1
201537EA96383,2,9,0,18,0,8,0,0,0,0,1,1,6,2,22,5,1197,1,2,-1,-1,-1
201537EA96387,1,9,0,18,0,1,0,0,0,0,1,1,6,1,27,6,1396,1,13,-1,2,-1
201537EA96387,2,9,0,4,0,1,0,0,0,0,2,1,6,1,-1,-1,1596,1,9,-1,-1,-1
201537EA96396,1,9,0,17,0,1,0,0,0,0,3,1,1,2,66,10,1997,2,-1,-1,3,-1