Accident_Index,Vehicle_Reference,Vehicle_Type,Towing_and_Articulation,Vehicle_Manoeuvre,Vehicle_Location-Restricted_Lane,Junction_Location,Skidding_and_Overturning,Hit_Object_in_Carriageway,Vehicle_Leaving_Carriageway,Hit_Object_off_Carriageway,1st_Point_of_Impact,Was_Vehicle_Left_Hand_Drive?,Journey_Purpose_of_Driver,Sex_of_Driver,Age_of_Driver,Age_Band_of_Driver,Engine_Capacity_(CC),Propulsion_Code,Age_of_Vehicle,Driver_IMD_Decile,Driver_Home_Area_Type,Vehicle_IMD_Decile
2015405BA0233,1,9,0,18,0,1,1,0,1,2,1,1,6,2,23,5,1910,2,7,-1,1,-1
2015405BA0235,1,9,0,18,0,1,0,0,0,0,1,-1,1,2,51,8,2180,2,19,-1,1,-1
2015405BA0235,2,9,0,8,0,1,0,0,0,0,2,-1,1,1,35,6,-1,-1,-1,-1,1,-1
2015405BA0236,1,1,0,18,0,1,0,0,1,0,3,1,6,1,42,7,-1,-1,-1,-1,1,-1
2015405BA0236,2,9,0,13,0,1,0,0,0,0,4,-1,2,1,26,6,2967,1,11,-1,-1,-1
2015405BA0238,1,9,0,18,0,0,0,0,0,0,3,-1,6,3,-1,-1,-1,-1,-1,-1,-1,-1
2015405BA0239,1,9,0,18,0,0,0,0,0,0,3,-1,2,2,45,7,1422,2,1,-1,3,-1
2015405BA0240,1,9,0,16,0,0,0,0,0,0,4,-1,1,1,30,6,2495,2,13,-1,1,-1
2015405BA0242,1,9,0,18,0,0,0,4,1,10,1,-1,6,2,50,8,1597,2,1,-1,3,-1
2015405BA0242,2,9,0,2,0,0,0,0,0,0,2,-1,6,3,-1,-1,-1,-1,-1,-1,-1,-1
2015405BA0243,1,9,0,18,0,1,1,0,0,0,3,-1,6,1,29,6,-1,-1,-1,-1,-1,-1
2015405BA0243,2,9,0,18,0,2,0,0,0,0,3,-1,6,2,49,8,2967,2,7,-1,1,-1
2015405BA0246,1,9,0,7,0,5,0,0,0,0,4,-1,6,2,23,5,1587,1,13,-1,2,-1
2015405BA0246,2,1,0,18,0,8,0,0,0,0,1,1,6,1,38,7,-1,-1,-1,-1,2,-1
2015405BA0248,1,9,0,4,0,4,0,0,0,0,1,-1,2,1,25,5,2993,2,10,-1,1,-1
2015405BA0248,2,9,0,3,0,4,0,0,0,0,2,-1,2,2,56,9,2792,1,13,-1,3,-1
2015405BA0251,1,9,0,5,0,4,0,0,0,0,1,1,6,1,54,8,1397,1,11,-1,3,-1
2015405BA0251,2,1,0,18,0,8,0,0,0,0,4,1,6,2,49,8,-1,-1,-1,-1,1,-1
2015405BA0255,1,9,0,9,0,8,0,0,0,0,4,1,6,2,74,10,1896,2,7,-1,2,-1
2015405BA0255,2,5,0,18,0,8,0,0,0,0,1,1,2,1,26,6,599,1,12,-1,1,-1
2015405BA0257,1,9,0,4,0,1,0,0,0,0,1,1,6,1,-1,-1,-1,-1,-1,-1,-1,-1
2015405BA0257,2,9,0,4,0,1,0,0,0,0,2,1,6,1,35,6,1910,2,8,-1,1,-1
2015405BA0259,1,9,0,3,0,1,0,0,0,0,1,1,6,1,-1,-1,1910,2,8,-1,-1,-1
2015405BA0259,2,9,0,3,0,1,0,0,0,0,2,1,6,2,20,4,1299,1,13,-1,2,-1
2015405BA0266,1,5,0,4,0,0,0,0,0,0,0,1,6,1,-1,-1,-1,-1,-1,-1,-1,-1
2015405BA0266,2,9,0,18,0,0,2,0,1,9,4,1,6,1,56,9,-1,-1,-1,-1,1,-1
2015405BA0266,3,9,0,18,0,0,0,0,0,0,3,1,6,1,59,9,2148,2,11,-1,1,-1
2015405BA0270,1,9,0,9,0,8,0,0,0,0,3,1,6,1,23,5,1587,1,11,-1,2,-1
2015405BA0270,2,8,0,4,0,1,0,0,0,0,1,1,6,2,67,10,2099,1,13,-1,1,-1
2015405BA0271,1,9,0,5,0,0,0,0,0,0,3,1,6,2,35,6,1560,2,1,-1,1,-1
2015405BA0271,2,9,0,18,0,0,0,0,0,0,4,1,2,2,51,8,1598,1,13,-1,3,-1
2015405BA0273,1,9,0,18,0,1,1,0,1,7,1,1,6,1,25,5,1910,2,7,-1,1,-1
2015405BA0282,1,1,0,18,0,0,0,0,0,0,1,1,6,1,37,7,-1,-1,-1,-1,1,-1
2015405BA0282,2,9,0,2,0,0,0,0,0,0,4,1,6,3,-1,-1,1399,2,3,-1,1,-1
2015405BA0283,1,3,0,18,0,8,0,0,0,0,1,1,6,1,30,6,109,1,8,-1,1,-1
2015405BA0283,2,9,0,9,0,8,0,0,0,0,4,1,6,1,19,4,1397,1,7,-1,2,-1
2015405BA0286,1,19,0,13,0,0,1,0,0,0,1,1,1,1,38,7,1248,2,8,-1,1,-1
2015405BA0286,2,9,0,18,0,0,0,0,0,0,1,1,6,2,74,10,1598,1,11,-1,1,-1
2015405BA0286,3,9,0,18,0,0,0,0,1,7,4,1,6,2,38,7,1398,1,1,-1,1,-1
2015405BA0289,1,9,0,9,0,8,0,0,0,0,1,1,1,2,40,7,1299,1,15,-1,3,-1
2015405BA0289,2,9,0,17,0,8,0,0,0,0,1,1,6,2,26,6,1149,1,9,-1,2,-1
2015405BA0290,1,9,0,4,0,1,0,0,0,0,1,1,6,1,-1,-1,1360,1,13,-1,1,-1
2015405BA0290,2,9,0,4,0,1,0,0,0,0,1,1,6,1,27,6,973,1,15,-1,-1,-1
2015405BA0293,1,9,0,14,0,0,0,0,0,0,1,1,1,1,45,7,1968,2,8,-1,3,-1
2015405BA0293,2,9,0,2,0,0,0,0,0,0,2,1,6,1,47,8,1997,1,6,-1,3,-1
2015405BA0296,1,9,0,18,0,8,2,4,0,0,1,1,6,1,27,6,2987,2,7,-1,1,-1
2015405BA0296,2,9,0,2,0,2,0,0,0,0,2,1,6,3,-1,-1,1995,2,4,-1,-1,-1
2015405BA0298,1,9,0,9,0,8,0,0,0,0,3,1,6,2,76,11,2993,2,1,-1,2,-1
2015405BA0298,2,2,0,18,0,8,0,0,0,0,1,1,6,1,16,4,49,1,4,-1,1,-1
2015405BA0299,1,9,0,1,9,8,0,0,0,0,2,1,6,2,-1,-1,998,1,12,-1,-1,-1
2015405BA0308,1,9,0,18,0,0,1,0,7,10,1,1,6,2,19,4,-1,-1,-1,-1,-1,-1
2015405BA0319,1,9,0,18,0,0,0,0,0,0,1,1,6,1,-1,-1,2993,2,4,-1,1,-1
2015405BA0319,2,9,0,4,0,0,0,0,0,0,2,1,6,1,35,6,1598,1,10,-1,1,-1
2015405BA0319,3,9,0,4,0,0,0,0,0,0,2,1,6,1,-1,-1,1597,1,15,-1,-1,-1
2015405BA0320,1,9,0,4,0,1,0,0,0,0,4,1,6,3,-1,-1,-1,-1,-1,-1,-1,-1
2015405BA0321,1,9,0,18,0,2,0,0,0,0,1,1,6,1,17,4,1390,2,14,-1,1,-1
2015405BA0321,2,9,0,3,0,2,0,0,0,0,2,1,6,2,48,8,3456,8,6,-1,2,-1
2015405BA0323,1,9,0,18,0,0,0,0,0,0,1,1,6,2,24,5,973,1,13,-1,3,-1
2015405BA0324,1,8,0,18,0,1,0,0,0,0,1,1,6,1,-1,-1,1598,2,5,-1,1,-1
2015405BA0324,2,9,0,4,0,1,0,0,0,0,2,1,6,2,42,7,1796,1,6,-1,1,-1
2015405BA0325,1,19,0,18,0,8,1,0,0,0,1,1,6,1,35,6,1248,2,1,-1,1,-1
2015405BA0325,2,9,0,4,0,8,0,0,0,0,2,1,6,2,21,5,1198,1,4,-1,-1,-1
2015405BA0326,1,9,0,18,0,3,0,0,0,0,1,1,6,1,77,11,1997,2,5,-1,1,-1
2015405BA0326,2,1,0,18,0,8,0,0,0,0,2,1,6,1,39,7,-1,-1,-1,-1,-1,-1
2015405BA0327,1,9,0,18,0,8,0,0,1,7,1,1,6,1,50,8,1242,1,15,-1,3,-1
2015405BA0328,1,9,0,4,0,8,0,0,0,0,1,1,6,1,23,5,1998,1,15,-1,-1,-1
2015405BA0328,2,9,0,9,0,8,0,0,0,0,2,1,6,1,39,7,1686,2,11,-1,1,-1
2015405BA0332,1,9,0,18,0,0,0,0,0,0,1,1,6,2,21,5,1598,1,3,-1,1,-1
2015405BA0332,2,9,0,4,0,0,0,0,0,0,1,1,1,2,35,6,1781,1,12,-1,1,-1
2015405BA0336,1,21,1,12,0,0,0,0,0,0,1,2,1,1,30,6,-1,-1,-1,-1,-1,-1
2015405BA0336,2,9,0,18,0,0,0,0,1,10,3,1,6,1,28,6,1598,1,6,-1,1,-1
2015405BA0337,1,21,1,18,0,0,0,0,0,0,1,1,1,1,55,8,-1,-1,-1,-1,2,-1
2015405BA0337,2,19,0,4,0,0,0,0,0,0,2,1,6,1,53,8,1461,2,4,-1,1,-1
2015405BA0339,1,9,0,18,0,0,1,11,5,6,1,1,6,1,44,7,2494,1,14,-1,-1,-1
2015405BA0339,2,9,0,18,0,0,0,0,0,0,2,1,6,1,-1,-1,1798,1,13,-1,1,-1
2015405BA0340,1,9,0,18,0,8,0,0,5,6,1,1,6,1,27,6,1598,1,3,-1,-1,-1
2015405BA0340,2,19,0,18,0,7,0,0,0,0,2,1,1,1,49,8,2287,2,8,-1,1,-1
2015405BA0341,1,9,0,18,0,0,0,0,0,0,1,1,6,2,19,4,1198,1,13,-1,1,-1
2015405BA0341,2,9,0,3,0,0,0,0,0,0,2,1,6,2,57,9,1422,2,9,-1,1,-1
2015405BA0342,1,5,0,14,0,8,0,0,0,0,1,1,6,1,24,5,1200,1,14,-1,-1,-1
2015405BA0342,2,9,0,9,0,8,0,0,0,0,1,1,6,1,27,6,1400,1,10,-1,3,-1
2015405BA0345,1,9,0,1,0,6,0,0,0,0,0,1,6,1,46,8,1796,1,12,-1,1,-1
2015405BA0345,2,2,0,18,0,1,1,0,1,10,1,1,6,1,16,4,49,1,5,-1,1,-1
2015405BA0346,1,9,0,9,0,8,0,0,0,0,3,1,2,1,37,7,2143,2,1,-1,3,-1
2015405BA0346,2,20,0,4,0,8,0,0,1,0,1,1,2,1,59,9,-1,-1,-1,-1,3,-1
2015405BA0347,1,9,0,18,0,2,0,0,0,0,1,1,6,1,47,8,-1,-1,-1,-1,1,-1
2015405BA0347,2,9,0,3,0,2,0,0,0,0,2,1,6,1,32,6,1968,2,6,-1,1,-1
2015405BA0347,3,9,0,3,0,2,0,0,0,0,2,1,6,1,47,8,1560,2,2,-1,1,-1
2015405BA0358,1,5,0,16,0,0,1,0,0,0,1,1,6,1,32,6,1000,1,16,-1,1,-1
2015405BA0358,2,9,0,17,0,0,0,0,1,9,1,1,6,2,27,6,4966,1,9,-1,3,-1
2015405BA0360,1,9,0,18,0,2,0,0,0,0,1,1,6,1,83,11,1248,1,2,-1,1,-1
2015405BA0363,1,9,0,4,0,1,0,0,0,0,1,1,6,1,-1,-1,1796,1,12,-1,1,-1
2015405BA0363,2,9,0,3,0,1,0,0,0,0,2,1,6,2,21,5,998,1,9,-1,1,-1
2015405BA0365,1,9,0,18,0,8,0,0,3,10,3,1,6,1,23,5,1596,1,14,-1,1,-1
2015405BA0365,2,9,0,18,0,8,1,0,0,0,1,1,6,1,42,7,1598,1,9,-1,1,-1
2015405BA0368,1,9,0,18,0,1,0,0,0,0,4,1,6,1,47,8,1998,2,12,-1,1,-1
2015405BA0368,2,1,0,18,0,1,0,0,0,0,1,1,6,2,15,3,-1,-1,-1,-1,1,-1
2015405BA0372,1,4,0,18,0,8,0,0,0,0,1,1,6,1,70,10,408,1,40,-1,2,-1
2015405BA0372,2,9,0,9,0,8,0,0,0,0,3,1,6,1,20,4,1364,1,7,-1,1,-1
2015405BA0373,1,9,0,9,0,8,0,0,0,0,1,1,6,2,33,6,1368,1,8,-1,1,-1
2015405BA0373,2,9,0,18,0,8,0,0,0,0,4,1,6,1,38,7,1248,2,6,-1,1,-1
2015405BA0376,1,9,0,7,0,8,1,0,0,0,1,1,6,1,17,4,1242,1,9,-1,2,-1
2015405BA0376,2,9,0,10,0,8,0,0,0,0,1,1,6,1,37,7,1596,1,16,-1,1,-1
2015405BA0379,1,9,0,18,0,8,0,0,0,0,1,1,6,1,26,6,1998,1,10,-1,1,-1
2015405BA0379,2,9,0,9,0,8,0,7,3,1,4,1,6,1,23,5,1598,1,13,-1,1,-1
2015405BA0380,1,9,0,18,0,0,0,0,0,0,1,1,6,1,-1,-1,-1,-1,-1,-1,-1,-1
2015405BA0380,2,9,0,4,0,0,0,0,0,0,2,1,6,2,31,6,1753,2,9,-1,1,-1
2015405BA0382,1,9,0,18,0,0,0,0,0,0,1,1,1,1,28,6,1998,2,8,-1,1,-1
2015405BA0382,2,9,0,5,0,0,0,0,0,0,1,1,6,1,39,7,1598,1,9,-1,1,-1
2015405BA0384,1,11,0,9,0,8,0,0,0,0,1,1,6,1,-1,-1,4250,2,9,-1,3,-1
2015405BA0384,2,1,0,18,0,8,0,0,0,0,3,1,6,1,43,7,-1,-1,-1,-1,1,-1
2015405BA0385,1,19,0,18,0,0,0,0,0,0,4,1,6,3,-1,-1,-1,-1,-1,-1,-1,-1
2015405BA0394,1,9,0,4,0,0,0,0,0,0,1,1,6,1,74,10,1995,2,3,-1,2,-1
2015405BA0394,2,9,0,4,0,0,0,0,0,0,2,1,6,2,35,6,1398,2,3,-1,1,-1
2015405BA0394,3,9,0,4,0,0,0,0,0,0,2,1,6,1,-1,-1,998,1,1,-1,1,-1
2015405BA0395,1,9,0,18,0,1,0,0,0,0,1,1,6,2,32,6,1753,2,8,-1,1,-1
2015405BA0395,2,9,0,4,0,1,0,0,0,0,2,1,6,2,18,4,1299,1,12,-1,1,-1
2015405BA0395,3,9,0,4,0,1,0,0,0,0,2,1,6,2,65,9,1389,1,13,-1,3,-1
2015405BA0395,4,9,0,4,0,1,0,0,0,0,2,1,6,2,36,7,1910,2,8,-1,3,-1
2015405BA0399,1,1,0,12,0,8,0,0,0,0,0,1,6,1,-1,-1,-1,-1,-1,-1,-1,-1
2015405BA0399,2,11,0,18,0,8,0,0,0,0,0,1,1,1,49,8,3900,2,12,-1,1,-1
2015405BA0400,1,9,0,9,0,8,0,0,7,2,1,1,6,2,70,10,1398,1,4,-1,1,-1
2015405BA0400,2,3,0,18,0,1,1,0,0,0,1,1,6,1,17,4,124,1,15,-1,1,-1
2015405BA0401,1,9,0,4,0,0,1,0,0,0,1,1,6,2,30,6,1560,2,2,-1,1,-1
2015405BA0401,2,9,0,4,0,0,0,0,0,0,2,1,1,2,43,7,1995,2,3,-1,2,-1
2015405BA0404,1,9,0,18,0,8,0,0,0,0,4,1,6,1,78,11,1598,1,7,-1,1,-1
2015405BA0404,2,3,0,18,0,8,0,0,0,0,1,1,2,1,23,5,124,1,10,-1,1,-1
2015405BA0410,1,1,0,18,0,8,0,0,0,0,4,1,6,1,30,6,-1,-1,-1,-1,1,-1
2015405BA0410,2,9,0,18,0,4,0,0,0,0,1,1,6,1,-1,-1,1956,2,1,-1,1,-1
2015405BA0419,1,19,0,9,0,8,0,0,0,0,3,1,6,1,35,6,2402,2,10,-1,1,-1
2015405BA0419,2,9,0,18,0,8,0,0,0,0,1,1,6,1,23,5,1242,1,11,-1,3,-1
2015405BA0420,1,9,0,18,0,0,0,0,0,0,1,2,6,1,34,6,-1,-1,-1,-1,1,-1
2015405BA0420,2,9,0,4,0,0,0,0,0,0,2,1,6,2,26,6,3498,1,11,-1,1,-1
2015405BA0425,1,9,0,18,0,0,0,0,0,0,1,1,6,1,73,10,1149,1,6,-1,2,-1
2015405BA0426,1,3,0,4,0,1,1,0,0,0,0,1,6,1,18,4,125,1,-1,-1,1,-1
2015405BA0429,1,9,0,3,0,0,0,0,0,0,2,1,6,2,47,8,-1,-1,-1,-1,1,-1
2015405BA0429,2,9,0,18,0,0,0,0,0,0,1,1,6,2,35,6,1390,1,14,-1,1,-1
2015405BA0429,3,9,0,18,0,0,1,0,0,0,1,1,6,2,49,8,1598,1,1,-1,1,-1
2015405BA0430,1,9,0,18,0,0,0,0,0,0,1,1,2,1,49,8,1598,1,8,-1,1,-1
2015405BA0430,2,1,0,18,0,0,0,4,0,0,4,1,4,1,10,2,-1,-1,-1,-1,1,-1
2015405BA0430,3,9,0,2,0,0,0,0,0,0,3,1,6,3,-1,-1,1598,2,1,-1,-1,-1
2015405BA0431,1,19,0,17,0,0,1,0,7,4,1,1,1,1,45,7,2299,2,-1,-1,1,-1
2015405BA0433,1,9,0,18,0,0,0,0,0,0,1,1,6,2,25,5,1396,1,13,-1,1,-1
2015405BA0435,1,5,0,4,0,1,1,0,0,0,4,1,6,1,72,10,883,1,10,-1,3,-1
2015405BA0439,1,9,0,8,0,0,0,4,0,0,1,1,6,1,34,6,3199,1,17,-1,3,-1
2015405BA0439,2,9,0,2,0,0,0,0,0,0,2,1,6,2,47,8,1910,2,10,-1,3,-1
2015405BA0440,1,9,0,1,0,8,0,0,0,0,2,1,6,3,-1,-1,1360,1,15,-1,-1,-1
2015405BA0440,2,9,0,2,0,8,0,0,0,0,4,1,6,2,25,5,1796,1,15,-1,1,-1
2015405BA0452,1,9,0,18,0,0,0,0,0,0,1,1,2,2,62,9,1240,1,7,-1,3,-1
2015405BA0452,2,9,0,4,0,0,0,0,0,0,2,1,2,2,32,6,2179,2,5,-1,1,-1
2015405BA0453,1,9,0,4,0,0,0,0,0,0,1,1,6,1,60,9,1995,2,9,-1,-1,-1
2015405BA0453,2,9,0,3,0,0,0,0,0,0,2,1,6,1,37,7,1397,1,15,-1,2,-1
2015405BA0454,1,9,0,18,0,0,0,0,0,0,4,1,6,3,-1,-1,-1,-1,-1,-1,-1,-1
2015405BA0456,1,9,0,9,0,8,0,0,0,0,2,1,6,3,-1,-1,-1,-1,-1,-1,-1,-1
2015405BA0456,2,1,0,18,0,8,0,0,1,10,3,1,6,1,50,8,-1,-1,-1,-1,1,-1
2015405BA0457,1,9,0,9,0,8,0,0,0,0,0,1,6,3,-1,-1,-1,-1,-1,-1,-1,-1
2015405BA0457,2,3,0,18,0,1,1,0,0,0,0,1,6,1,19,4,125,1,3,-1,2,-1
2015405BA0460,1,9,0,9,0,8,0,0,0,0,3,1,6,1,30,6,1596,1,9,-1,1,-1
2015405BA0460,2,3,0,8,0,8,0,0,0,0,1,1,6,1,17,4,124,1,8,-1,1,-1
2015405BA0462,1,8,0,9,0,8,0,0,0,0,3,1,2,2,28,6,1598,2,3,-1,1,-1
2015405BA0462,2,9,0,18,0,8,0,0,0,0,1,1,2,1,20,4,1493,2,8,-1,1,-1
2015405BA0463,1,9,0,18,0,1,0,0,0,0,1,1,6,2,32,6,-1,-1,-1,-1,3,-1
2015405BA0463,2,21,1,2,0,8,0,0,0,0,1,1,1,1,50,8,-1,2,-1,-1,1,-1
2015405BA0464,1,9,0,4,0,1,0,0,0,0,1,1,6,1,20,4,1686,2,8,-1,1,-1
2015405BA0464,2,9,0,3,0,8,0,0,0,0,2,1,6,2,22,5,1360,1,15,-1,1,-1
2015405BA0465,1,3,0,14,0,8,0,0,0,0,1,1,6,1,25,5,125,1,4,-1,1,-1
2015405BA0465,2,9,0,9,0,5,0,0,0,0,3,1,6,1,28,6,1242,1,14,-1,3,-1
2015405BA0467,1,9,0,16,0,0,0,0,0,0,1,1,6,2,82,11,1339,1,12,-1,2,-1
2015405BA0467,2,9,0,17,0,0,0,0,0,0,1,1,6,1,64,9,1990,1,11,-1,-1,-1
2015405BA0474,1,20,0,12,0,0,0,0,0,0,0,1,6,1,60,9,-1,-1,-1,-1,-1,-1
2015405BA0474,2,9,0,18,0,0,0,0,0,0,1,1,6,3,-1,-1,-1,-1,-1,-1,-1,-1
2015405BA0474,3,9,0,18,0,0,0,0,0,0,1,1,6,2,27,6,-1,-1,-1,-1,1,-1
2015405BA0475,1,3,0,14,0,8,0,0,0,0,4,1,6,1,19,4,124,1,6,-1,1,-1
2015405BA0475,2,9,0,9,0,8,0,0,0,0,3,1,6,1,28,6,1598,2,1,-1,2,-1
2015405BA0476,1,9,0,2,0,0,0,0,0,0,3,1,6,2,34,6,1686,2,9,-1,1,-1
2015405BA0476,2,21,0,14,0,0,0,4,0,0,4,1,6,3,-1,-1,-1,-1,-1,-1,-1,-1
2015405BA0477,1,9,0,18,0,0,0,0,0,0,1,1,2,2,47,8,1499,2,2,-1,3,-1
2015405BA0477,2,9,0,18,0,0,0,0,0,0,1,1,6,1,34,6,1598,2,5,-1,1,-1
2015405BA0478,1,9,0,18,0,0,0,0,1,7,1,1,6,1,46,8,1199,1,13,-1,1,-1
2015405BA0478,2,9,0,18,0,0,0,0,0,0,2,1,6,1,35,6,1870,2,10,-1,1,-1
2015405BA0478,3,9,5,18,0,0,0,0,0,0,2,1,6,1,35,6,1896,2,15,-1,1,-1
2015405BA0483,1,9,0,18,0,1,0,0,0,0,1,1,6,1,38,7,1797,8,4,-1,1,-1
2015405BA0484,1,5,0,16,0,0,0,0,0,0,3,1,6,1,20,4,645,1,7,-1,2,-1
2015405BA0484,2,9,0,17,0,0,0,0,0,0,3,1,6,3,-1,-1,-1,-1,-1,-1,-1,-1
2015405BA0486,1,9,0,18,0,8,0,0,0,0,1,1,6,1,-1,-1,-1,-1,-1,-1,-1,-1
2015405BA0486,2,9,0,7,0,8,0,0,0,0,3,1,6,2,22,5,1390,1,1,-1,1,-1
2015405BA0488,1,9,0,18,0,1,0,10,0,0,0,1,6,2,87,11,1240,1,7,-1,1,-1
2015405BA0489,1,9,0,18,0,0,1,0,0,0,1,1,6,1,24,5,1360,1,7,-1,1,-1
2015405BA0489,2,9,0,18,0,0,0,0,0,0,1,1,6,1,37,7,1796,1,22,-1,-1,-1
2015405BA0490,1,9,0,18,0,0,0,4,0,0,1,1,6,1,18,4,995,1,11,-1,2,-1
2015405BA0490,2,9,0,2,0,0,0,0,0,0,2,1,6,3,-1,-1,1995,2,10,-1,-1,-1
2015405BA0490,3,9,0,18,0,0,0,0,0,0,0,1,6,3,-1,-1,-1,-1,-1,-1,-1,-1
2015405BA0492,1,9,0,18,0,0,0,0,0,0,1,1,6,2,52,8,1599,1,9,-1,2,-1
2015405BA0492,2,9,0,4,0,0,0,0,0,0,2,1,6,1,34,6,1997,2,7,-1,1,-1
2015405BA0492,3,90,0,18,0,0,0,0,0,0,0,1,6,3,-1,-1,2987,2,1,-1,-1,-1
2015405BA0493,1,9,0,18,0,0,0,0,0,0,1,1,6,2,34,6,1798,1,-1,-1,1,-1
2015405BA0493,2,9,0,18,0,0,0,0,0,0,2,1,6,1,49,8,1289,1,16,-1,1,-1
2015405BA0498,1,9,0,1,0,2,0,0,0,0,2,1,6,1,26,6,1896,2,11,-1,1,-1
2015405BA0498,2,9,0,18,0,2,0,0,0,0,1,1,6,2,28,6,1596,1,14,-1,-1,-1
2015405BA0498,3,9,0,2,0,2,0,0,0,0,2,1,6,3,-1,-1,1598,1,11,-1,1,-1
2015405BA0498,4,9,0,2,0,2,0,0,0,0,3,1,6,3,-1,-1,2765,2,17,-1,3,-1
2015405BA0503,1,9,0,17,0,0,1,0,7,1,4,1,6,1,45,7,1997,1,14,-1,3,-1
2015405BA0515,1,3,0,18,0,4,1,0,0,0,1,1,6,1,22,5,124,1,3,-1,1,-1
2015405BA0515,2,9,0,9,0,8,0,0,0,0,4,1,6,2,32,6,1242,1,9,-1,1,-1
2015405BA0517,1,9,0,18,0,0,0,0,0,0,1,1,6,2,51,8,1951,2,9,-1,3,-1
2015405BA0517,2,9,0,12,0,0,0,0,0,0,2,1,6,2,59,9,999,1,16,-1,1,-1
2015405BA0518,1,9,0,9,0,5,0,0,0,0,1,1,6,1,78,11,1242,1,11,-1,1,-1
2015405BA0518,2,1,0,18,0,8,0,0,0,0,3,1,6,1,30,6,-1,-1,-1,-1,1,-1
2015405BA0521,1,9,0,18,0,0,0,0,1,4,1,1,2,1,31,6,1796,1,11,-1,2,-1
2015405BA0521,2,9,0,2,0,0,0,0,0,0,2,1,2,1,20,4,1398,2,11,-1,3,-1
2015405BA0524,1,8,0,18,0,8,0,0,1,4,1,1,1,1,34,6,1995,2,4,-1,1,-1
2015405BA0524,2,9,0,18,0,8,0,0,7,11,1,1,3,2,36,7,2993,2,9,-1,1,-1
2015405BA0525,1,9,0,9,0,8,0,0,0,0,3,1,6,2,32,6,1560,2,11,-1,1,-1
2015405BA0525,2,3,0,13,0,8,0,0,0,0,1,1,6,2,18,4,125,1,4,-1,1,-1
2015405BA0527,1,9,0,18,0,2,0,0,0,0,1,1,6,1,19,4,1229,1,10,-1,1,-1
2015405BA0527,2,9,0,4,0,2,0,0,0,0,2,1,6,2,50,8,-1,-1,-1,-1,1,-1
2015405BA0527,3,9,0,3,0,2,0,0,0,0,2,1,6,1,62,9,1229,1,9,-1,1,-1
2015405BA0527,4,9,0,3,0,2,0,0,0,0,2,1,6,1,59,9,1198,1,2,-1,3,-1
2015405BA0528,1,8,0,5,0,2,0,0,0,0,4,1,1,1,-1,-1,-1,-1,-1,-1,-1,-1
2015405BA0529,1,9,0,18,0,1,0,0,0,0,1,1,6,1,43,7,1870,2,11,-1,1,-1
2015405BA0529,2,9,0,3,0,1,0,0,0,0,2,1,1,1,40,7,1248,1,6,-1,1,-1
2015405BA0529,3,9,0,3,0,1,0,0,0,0,2,1,6,1,52,8,1596,1,12,-1,2,-1
2015405BA0530,1,9,0,7,0,8,0,0,0,0,4,1,6,2,23,5,1149,1,10,-1,1,-1
2015405BA0530,2,1,0,18,0,8,0,0,0,0,1,1,6,1,56,9,-1,-1,-1,-1,1,-1
2015405BA0533,1,9,0,5,0,4,0,0,0,0,1,1,6,2,49,8,1399,2,6,-1,3,-1
2015405BA0533,2,9,0,3,0,4,0,0,0,0,2,1,6,2,53,8,1796,1,12,-1,-1,-1
2015405BA0534,1,9,0,16,0,0,0,0,7,0,1,1,6,2,78,11,1799,1,9,-1,3,-1
2015405BA0534,2,9,0,17,0,0,0,0,0,0,1,1,6,1,41,7,2172,2,14,-1,1,-1
2015405BA0535,1,9,0,18,0,8,0,0,0,0,1,1,6,1,40,7,1490,1,9,-1,2,-1
2015405BA0535,2,9,0,18,0,8,0,0,0,0,1,1,6,1,25,5,1998,1,11,-1,-1,-1
2015405BA0537,1,9,0,18,0,0,0,0,1,11,1,1,6,2,47,8,1584,1,10,-1,1,-1
2015405BA0537,2,9,0,18,0,0,0,0,1,11,1,1,6,1,31,6,2295,1,13,-1,3,-1
2015405BA0542,1,9,0,13,0,3,0,0,0,0,4,1,6,2,41,7,1598,2,2,-1,2,-1
2015405BA0542,2,1,0,18,0,8,0,0,0,0,3,1,6,2,40,7,-1,-1,-1,-1,-1,-1
2015405BA0546,1,5,0,18,0,0,1,0,0,0,3,1,2,1,20,4,645,1,15,-1,1,-1
2015405BA0551,1,9,0,18,0,0,0,0,4,6,1,1,6,1,24,5,-1,-1,-1,-1,1,-1
2015405BA0551,2,9,0,18,0,0,0,0,0,0,1,1,6,1,25,5,1242,1,13,-1,1,-1
2015405BA0556,1,9,0,5,0,8,0,0,0,0,1,1,6,2,25,5,1598,1,10,-1,1,-1
2015405BA0556,2,1,0,18,0,8,0,0,0,0,4,1,6,1,33,6,-1,-1,-1,-1,1,-1
2015405BA0558,1,9,0,9,0,8,0,0,0,0,1,1,6,2,26,6,-1,-1,-1,-1,1,-1
2015405BA0558,2,9,0,18,0,8,0,0,0,0,1,1,6,1,46,8,1995,2,15,-1,1,-1
2015405BA0560,1,10,0,18,0,0,0,0,0,0,1,1,6,1,57,9,2400,2,12,-1,1,-1
2015405BA0563,1,9,0,4,0,1,0,0,0,0,2,1,2,1,50,8,1997,2,10,-1,1,-1
2015405BA0563,2,9,0,4,0,1,0,0,0,0,1,1,6,1,21,5,1364,1,7,-1,1,-1
2015405BA0567,1,9,0,18,0,0,0,0,0,0,1,1,6,1,81,11,1994,2,12,-1,1,-1
2015405BA0567,2,3,0,3,0,0,0,0,0,0,2,1,6,1,18,4,124,1,7,-1,1,-1
2015405BA0567,3,9,0,3,0,0,0,0,0,0,2,1,6,1,17,4,998,1,11,-1,1,-1
2015405BA0568,1,21,1,18,0,3,4,0,1,2,4,1,6,1,25,5,10308,2,12,-1,1,-1
2015405BA0569,1,1,0,18,0,8,0,0,0,0,3,1,2,1,33,6,-1,-1,-1,-1,1,-1
2015405BA0569,2,9,0,5,0,8,0,0,0,0,1,1,6,2,42,7,2143,2,3,-1,3,-1
2015405BA0570,1,3,0,13,0,8,0,0,0,0,1,1,6,1,19,4,125,1,4,-1,1,-1
2015405BA0570,2,9,0,9,0,8,0,0,0,0,3,1,6,1,52,8,1968,2,2,-1,2,-1