Accident_Index,Vehicle_Reference,Vehicle_Type,Towing_and_Articulation,Vehicle_Manoeuvre,Vehicle_Location-Restricted_Lane,Junction_Location,Skidding_and_Overturning,Hit_Object_in_Carriageway,Vehicle_Leaving_Carriageway,Hit_Object_off_Carriageway,1st_Point_of_Impact,Was_Vehicle_Left_Hand_Drive?,Journey_Purpose_of_Driver,Sex_of_Driver,Age_of_Driver,Age_Band_of_Driver,Engine_Capacity_(CC),Propulsion_Code,Age_of_Vehicle,Driver_IMD_Decile,Driver_Home_Area_Type,Vehicle_IMD_Decile
2015405BA0992,1,9,0,18,0,8,0,0,0,0,2,1,6,1,38,7,-1,-1,-1,-1,-1,-1
2015405BA0992,2,9,0,7,0,8,0,0,0,0,1,1,6,2,57,9,973,1,13,-1,1,-1
2015405BA1000,1,19,0,18,0,0,1,0,0,0,1,1,6,1,52,8,2402,2,15,-1,3,-1
2015405BA1000,2,21,1,18,0,0,0,0,0,0,2,1,1,1,38,7,12902,2,1,-1,1,-1
2015405BA1002,1,9,0,18,0,8,0,0,0,0,1,1,6,1,40,7,-1,-1,-1,-1,2,-1
2015405BA1002,2,9,0,3,0,8,0,0,1,7,2,1,6,2,50,8,1596,1,7,-1,1,-1
2015405BA1004,1,9,0,9,0,8,0,0,0,0,1,1,6,2,32,6,-1,-1,-1,-1,1,-1
2015405BA1004,2,19,0,9,0,8,0,0,0,0,1,1,1,1,29,6,1868,2,9,-1,1,-1
2015405BA1005,1,19,0,7,0,8,0,0,0,0,1,1,6,1,48,8,1248,2,-1,-1,1,-1
2015405BA1005,2,1,0,18,0,8,0,0,0,0,4,1,6,2,32,6,-1,-1,-1,-1,1,-1
2015405BA1008,1,9,0,18,0,0,0,0,0,0,1,1,6,2,50,8,2435,1,16,-1,-1,-1
2015405BA1008,2,9,0,18,0,0,0,0,0,0,2,1,2,1,31,6,698,1,8,-1,1,-1
2015405BA1011,1,9,0,11,0,1,0,0,1,11,1,1,6,2,24,5,-1,-1,-1,-1,-1,-1
2015405BA1011,2,21,0,11,0,1,0,0,0,0,0,1,6,3,-1,-1,-1,-1,-1,-1,-1,-1
2015405BA1013,1,9,0,18,0,8,0,0,0,0,1,1,6,3,-1,-1,-1,-1,-1,-1,-1,-1
2015405BA1013,2,9,0,18,0,8,0,0,0,0,2,1,1,2,51,8,1086,1,9,-1,1,-1
2015405BA1014,1,9,0,18,0,1,0,0,0,0,1,1,6,1,30,6,1422,2,10,-1,1,-1
2015405BA1018,1,9,0,18,0,1,0,0,0,0,1,1,6,3,-1,-1,-1,-1,-1,-1,-1,-1
2015405BA1018,2,1,0,18,0,1,0,0,0,0,2,1,6,1,20,4,-1,-1,-1,-1,1,-1
2015405BA1024,1,9,0,18,0,8,0,0,0,0,4,1,6,3,-1,-1,-1,-1,-1,-1,-1,-1
2015405BA1025,1,9,0,16,0,0,1,0,0,0,1,1,6,1,28,6,1910,2,10,-1,3,-1
2015405BA1025,2,19,0,17,0,0,0,0,1,9,1,1,1,1,46,8,2198,2,1,-1,2,-1
2015405BA1026,1,9,0,18,0,8,1,0,0,0,1,1,6,2,31,6,1995,2,1,-1,1,-1
2015405BA1026,2,9,0,18,0,8,1,0,1,2,3,1,6,1,41,7,1591,1,2,-1,1,-1
2015405BA1027,1,9,0,9,0,8,0,0,0,0,1,1,6,1,33,6,-1,-1,-1,-1,1,-1
2015405BA1027,2,1,0,9,0,8,0,0,0,0,2,1,6,1,77,11,-1,-1,-1,-1,1,-1
2015405BA1029,1,9,0,7,0,8,0,0,0,0,4,1,6,1,45,7,1995,2,2,-1,1,-1
2015405BA1029,2,1,0,18,0,8,1,0,0,0,1,1,2,1,37,7,-1,-1,-1,-1,1,-1
2015405BA1032,1,9,0,4,0,0,0,0,5,6,2,1,2,1,52,8,1834,1,14,-1,2,-1
2015405BA1032,2,9,0,4,0,0,0,0,0,0,1,1,2,1,31,6,1995,2,5,-1,2,-1
2015405BA1037,1,19,0,18,0,2,1,0,0,0,3,1,6,1,55,8,2499,2,16,-1,1,-1
2015405BA1037,2,9,0,18,0,2,0,0,0,0,1,1,6,1,27,6,1598,1,13,-1,1,-1
2015405BA1038,1,9,0,18,0,0,1,0,1,9,4,1,1,2,21,5,1242,1,11,-1,1,-1
2015405BA1042,1,9,0,18,0,0,0,0,0,0,1,1,6,1,-1,-1,-1,-1,-1,-1,-1,-1
2015405BA1042,2,9,0,4,0,0,0,0,0,0,2,1,6,1,42,7,2616,1,11,-1,1,-1
2015405BA1043,1,9,0,11,0,0,0,0,0,0,4,1,6,1,66,10,1995,2,5,-1,2,-1
2015405BA1043,2,9,0,11,0,0,1,0,1,7,1,1,6,2,18,4,1598,2,5,-1,2,-1
2015405BA1047,1,9,0,13,0,0,0,0,0,0,4,1,2,2,24,5,1396,1,14,-1,1,-1
2015405BA1047,2,1,0,18,0,0,0,0,0,0,3,1,6,1,64,9,-1,-1,-1,-1,3,-1
2015405BA1048,1,9,0,9,0,8,0,0,0,0,2,1,1,2,65,9,-1,-1,-1,-1,1,-1
2015405BA1048,2,9,0,18,0,8,0,0,0,0,1,1,1,2,41,7,-1,-1,-1,-1,3,-1
2015405BA1049,1,9,0,16,0,0,0,0,1,9,4,1,6,2,18,4,973,1,12,-1,1,-1
2015405BA1050,1,9,0,18,0,0,0,0,0,0,4,1,6,2,-1,-1,-1,-1,-1,-1,-1,-1
2015405BA1056,1,9,0,18,0,8,1,0,0,0,1,1,6,1,20,4,1390,1,15,-1,1,-1
2015405BA1056,2,9,0,7,0,8,0,0,0,0,3,1,6,1,45,7,1997,2,5,-1,-1,-1
2015405BA1057,1,9,0,18,0,0,0,0,0,0,1,1,2,1,23,5,1798,1,2,-1,1,-1
2015405BA1057,2,9,0,4,0,0,0,0,0,0,2,1,2,1,46,8,2698,2,7,-1,1,-1
2015405BA1058,1,9,0,16,0,0,1,0,7,10,1,1,6,1,24,5,1199,1,13,-1,-1,-1
2015405BA1059,1,9,0,18,0,0,1,4,0,0,1,1,6,1,25,5,-1,-1,-1,-1,3,-1
2015405BA1059,2,9,0,2,0,0,0,0,0,0,4,1,6,3,-1,-1,1995,2,5,-1,-1,-1
2015405BA1059,3,9,0,2,0,0,0,0,0,0,4,1,6,3,-1,-1,2993,2,2,-1,-1,-1
2015405BA1060,1,9,0,9,0,8,0,0,0,0,1,1,6,1,25,5,1910,2,10,-1,1,-1
2015405BA1060,2,1,0,18,0,8,0,0,0,0,3,1,6,1,45,7,-1,-1,-1,-1,1,-1
2015405BA1061,1,9,0,18,0,0,0,0,0,0,1,1,6,1,30,6,2477,2,10,-1,1,-1
2015405BA1062,1,9,0,13,0,0,0,0,0,0,1,1,6,3,-1,-1,-1,-1,-1,-1,-1,-1
2015405BA1062,2,9,0,18,0,0,1,0,7,0,3,1,6,1,19,4,1229,1,8,-1,2,-1
2015405BA1063,1,19,0,9,0,8,0,0,0,0,1,1,2,1,21,5,1560,2,1,-1,3,-1
2015405BA1064,1,9,0,5,0,8,0,0,0,0,1,1,6,1,22,5,1999,1,2,-1,3,-1
2015405BA1064,2,1,0,18,0,8,0,0,0,0,4,1,6,1,55,8,-1,-1,-1,-1,-1,-1
2015405BA1067,1,9,0,9,0,8,0,0,0,0,4,1,2,2,36,7,1598,2,1,-1,1,-1
2015405BA1067,2,9,0,18,0,8,0,0,1,4,1,1,2,1,42,7,1560,2,1,-1,1,-1
2015405BA1068,1,8,0,5,0,1,0,0,0,0,0,1,1,1,45,7,1598,2,5,-1,1,-1
2015405BA1071,1,9,0,18,0,0,0,0,1,2,1,1,6,1,41,7,1299,1,13,-1,1,-1
2015405BA1078,1,9,0,18,0,0,0,0,0,0,1,1,6,1,-1,-1,-1,-1,-1,-1,1,-1
2015405BA1078,2,9,0,4,0,0,0,0,0,0,2,1,6,2,23,5,998,1,12,-1,1,-1
2015405BA1079,1,9,0,3,0,1,0,0,0,0,2,1,6,1,25,5,-1,-1,-1,-1,-1,-1
2015405BA1079,2,9,0,3,0,1,0,0,0,0,1,1,6,2,35,6,1390,1,14,-1,3,-1
2015405BA1085,1,9,0,7,8,8,0,0,0,0,1,1,6,1,25,5,-1,-1,-1,-1,-1,-1
2015405BA1092,1,9,0,4,0,1,0,0,0,0,1,1,6,1,-1,-1,-1,-1,-1,-1,-1,-1
2015405BA1092,2,9,0,3,0,1,0,0,0,0,2,1,6,2,36,7,1968,2,10,-1,1,-1
2015405BA1097,1,9,0,18,0,0,0,0,0,0,1,1,2,1,65,9,1599,1,10,-1,1,-1
2015405BA1097,2,9,0,18,0,0,0,0,0,0,1,1,2,1,30,6,1598,2,4,-1,1,-1
2015405BA1098,1,9,0,18,0,8,0,0,0,0,4,1,6,1,56,9,1796,1,15,-1,1,-1
2015405BA1098,2,9,0,9,0,8,0,0,0,0,1,1,6,1,-1,-1,1242,1,15,-1,-1,-1
2015405BA1099,1,9,0,4,0,1,0,0,0,0,2,1,6,2,30,6,1995,2,2,-1,1,-1
2015405BA1099,2,9,0,18,0,1,0,0,0,0,1,1,6,1,63,9,1995,2,3,-1,1,-1
2015405BA1099,3,9,0,4,0,8,0,0,0,0,2,1,6,1,34,6,1461,2,5,-1,3,-1
2015405BA1101,1,9,0,18,0,1,0,0,0,0,1,1,6,1,-1,-1,998,1,7,-1,1,-1
2015405BA1101,2,9,0,3,0,4,0,0,0,0,2,1,6,1,24,5,1995,1,4,-1,1,-1
2015405BA1102,1,9,0,2,0,0,0,0,0,0,3,1,6,1,55,8,1493,1,17,-1,1,-1
2015405BA1102,2,1,0,14,0,0,0,0,0,0,4,1,2,1,50,8,-1,-1,-1,-1,1,-1
2015405BA1103,1,9,0,18,0,1,0,0,0,0,1,1,6,2,26,6,1242,1,12,-1,1,-1
2015405BA1103,2,9,0,10,0,8,0,0,0,0,2,1,6,2,25,5,1390,1,4,-1,2,-1
2015405BA1106,1,9,0,18,0,2,0,0,0,0,1,1,6,1,48,8,1598,2,-1,-1,3,-1
2015405BA1111,1,9,0,16,0,0,1,0,1,9,1,1,2,2,19,4,1149,1,13,-1,1,-1
2015405BA1113,1,9,0,18,0,0,0,0,0,0,4,1,1,1,-1,-1,1968,2,-1,-1,1,-1
2015405BA1113,2,8,0,18,0,0,0,0,0,0,3,1,1,1,49,8,1598,2,4,-1,1,-1
2015405BA1115,1,9,0,18,0,0,2,0,1,9,1,1,6,2,39,7,1242,1,14,-1,3,-1
2015405BA1117,1,19,0,18,0,0,1,0,0,0,1,1,6,1,49,8,2198,2,7,-1,1,-1
2015405BA1117,2,9,0,4,0,0,0,0,0,0,2,1,6,2,35,6,2179,2,-1,-1,1,-1
2015405BA1117,3,9,0,3,0,0,0,0,0,0,2,1,6,1,25,5,1997,2,7,-1,1,-1
2015405BA1118,1,9,0,18,0,8,0,0,3,2,1,1,6,1,53,8,1997,2,12,-1,-1,-1
2015405BA1118,2,9,0,9,0,8,0,0,0,0,3,1,6,1,33,6,1599,1,7,-1,1,-1
2015405BA1118,3,9,0,3,0,1,0,0,0,0,3,1,6,1,48,8,-1,-1,-1,-1,3,-1
2015405BA1121,1,9,0,18,0,0,0,0,0,0,1,1,2,1,25,5,1997,2,5,-1,1,-1
2015405BA1121,2,1,0,9,0,0,0,0,0,0,3,1,2,1,30,6,-1,-1,-1,-1,1,-1
2015405BA1124,1,9,0,18,0,8,0,9,3,1,1,1,2,1,52,8,1391,1,15,-1,1,-1
2015405BA1137,1,9,0,7,0,8,1,0,0,0,1,1,6,1,33,6,1598,1,13,-1,1,-1
2015405BA1137,2,9,0,3,0,8,0,0,0,0,3,1,6,1,68,10,2544,1,18,-1,1,-1
2015405BA1137,3,9,0,18,0,1,0,0,0,0,0,1,1,1,25,5,2993,2,3,-1,1,-1
2015405BA1139,1,9,0,9,0,8,0,0,0,0,1,1,2,1,74,10,2179,2,8,-1,1,-1
2015405BA1139,2,3,0,18,0,8,0,0,0,0,4,1,2,1,21,5,-1,-1,-1,-1,1,-1
2015405BA1140,1,9,0,8,0,4,0,0,0,0,1,1,1,1,38,7,-1,-1,-1,-1,1,-1
2015405BA1140,2,9,0,8,0,4,0,0,0,0,2,1,6,2,35,6,1896,2,14,-1,1,-1
2015405BA1141,1,9,0,18,0,8,0,0,0,0,3,1,6,2,36,7,1560,2,-1,-1,1,-1
2015405BA1141,2,9,0,18,0,8,0,0,0,0,1,1,6,1,46,8,1968,2,2,-1,1,-1
2015405BA1142,1,9,0,18,0,0,1,0,1,9,1,1,1,1,29,6,1968,2,9,-1,2,-1
2015405BA1142,2,9,0,4,0,0,0,0,0,0,2,1,2,2,51,8,1686,2,8,-1,2,-1
2015405BA1150,1,9,0,1,0,1,0,0,0,0,2,1,6,2,56,9,1600,2,4,-1,1,-1
2015405BA1152,1,9,0,18,0,8,0,0,0,0,1,1,6,2,-1,-1,-1,-1,-1,-1,-1,-1
2015405BA1156,1,9,0,9,0,8,0,0,0,0,1,1,6,2,23,5,1198,1,2,-1,-1,-1
2015405BA1156,2,98,0,18,0,8,0,0,0,0,1,1,6,1,22,5,2287,2,3,-1,1,-1
2015405BA1160,1,9,0,9,0,3,0,0,0,0,4,1,4,1,21,5,1390,1,12,-1,-1,-1
2015405BA1160,2,21,0,9,0,3,0,0,0,0,3,2,1,1,52,8,-1,-1,-1,-1,-1,-1
2015405BA1161,1,9,0,9,0,6,0,0,0,0,1,1,6,1,18,4,1198,1,8,-1,-1,-1
2015405BA1161,2,9,0,18,0,8,0,0,0,0,4,1,6,2,27,6,1596,1,6,-1,1,-1
2015405BA1162,1,9,0,18,0,0,0,0,0,0,1,1,6,2,25,5,-1,-1,-1,-1,-1,-1
2015405BA1162,2,1,0,9,0,0,0,0,0,0,3,1,6,1,24,5,-1,-1,-1,-1,1,-1
2015405BA1164,1,9,0,9,0,8,0,0,0,0,1,1,6,1,20,4,1390,1,14,-1,3,-1
2015405BA1164,2,9,0,18,0,8,0,0,0,0,3,1,1,2,23,5,1598,2,-1,-1,1,-1
2015405BA1165,1,9,0,18,0,0,0,0,0,0,4,1,6,1,27,6,1796,1,11,-1,1,-1
2015405BA1165,2,98,0,12,0,0,0,0,0,0,1,2,6,3,-1,-1,-1,-1,-1,-1,-1,-1
2015405BA1166,1,9,0,7,0,8,0,0,0,0,1,1,6,1,-1,-1,1896,2,9,-1,1,-1
2015405BA1166,2,9,0,18,0,8,0,0,0,0,4,1,6,2,48,8,1783,1,12,-1,1,-1
2015405BA1168,1,9,0,14,0,1,0,0,0,0,4,1,6,1,23,5,-1,-1,-1,-1,1,-1
2015405BA1168,2,9,0,14,0,1,0,0,0,0,3,1,6,1,39,7,1461,2,10,-1,3,-1
2015405BA1168,3,9,0,7,0,8,0,0,0,0,0,1,6,3,-1,-1,-1,-1,-1,-1,-1,-1
2015405BA1169,1,9,0,9,0,8,0,0,0,0,4,1,6,1,59,9,1968,2,7,-1,1,-1
2015405BA1169,2,3,0,18,0,8,0,0,0,0,1,1,2,1,18,4,125,1,2,-1,1,-1
2015405BA1170,1,9,0,18,0,0,0,0,0,0,4,1,2,1,61,9,1560,2,4,-1,1,-1
2015405BA1171,1,9,0,18,0,8,0,0,0,0,1,1,6,2,23,5,1229,1,10,-1,2,-1
2015405BA1171,2,21,1,18,0,8,0,0,0,0,4,1,1,1,35,6,11967,2,9,-1,1,-1
2015405BA1171,3,9,0,18,0,1,0,0,0,0,1,1,6,1,51,8,2967,2,4,-1,1,-1
2015405BA1172,1,9,0,18,0,0,0,0,0,0,1,1,6,1,19,4,1000,1,-1,-1,1,-1
2015405BA1172,2,9,0,18,0,0,2,0,0,0,2,1,6,2,53,8,1242,1,9,-1,1,-1
2015405BA1174,1,9,0,18,0,1,0,0,0,0,1,1,6,2,31,6,1595,1,10,-1,1,-1
2015405BA1175,1,9,0,13,0,0,0,0,0,0,4,1,6,1,25,5,1398,1,-1,-1,-1,-1
2015405BA1175,2,1,0,18,0,0,0,0,0,0,3,1,2,1,44,7,-1,-1,-1,-1,1,-1
2015405BA1176,1,9,0,9,0,8,0,0,0,0,1,1,6,2,62,9,1339,1,10,-1,1,-1
2015405BA1179,1,9,0,5,0,1,0,0,0,0,1,1,6,2,-1,-1,-1,-1,-1,-1,-1,-1
2015405BA1185,1,9,0,18,0,3,0,0,0,0,2,1,6,1,38,7,1995,2,13,-1,1,-1
2015405BA1185,2,9,0,18,0,3,0,0,0,0,1,1,6,1,35,6,1596,1,13,-1,1,-1
2015405BA1188,1,9,0,18,0,1,0,0,0,0,1,1,6,2,63,9,998,1,1,-1,1,-1
2015405BA1188,2,9,0,4,0,1,0,0,0,0,2,1,6,1,19,4,1242,1,14,-1,1,-1
2015405BA1188,3,9,0,10,0,8,0,0,0,0,2,1,2,2,41,7,1598,1,7,-1,1,-1
2015405BA1189,1,9,0,4,0,8,0,0,0,0,4,1,6,1,41,7,1798,1,8,-1,1,-1
2015405BA1189,2,1,0,18,0,8,0,0,0,0,1,1,6,1,16,4,-1,-1,-1,-1,1,-1
2015405BA1190,1,21,1,18,0,8,0,0,0,0,3,2,6,3,-1,-1,-1,-1,-1,-1,-1,-1
2015405BA1190,2,9,0,18,0,8,0,0,0,0,4,1,6,2,28,6,1598,1,3,-1,1,-1
2015405BA1191,1,9,0,18,0,1,0,4,1,0,1,2,6,1,24,5,-1,-1,-1,-1,-1,-1
2015405BA1191,2,19,0,2,0,2,0,0,0,0,1,1,1,1,50,8,2402,2,5,-1,-1,-1
2015405BA1194,1,21,0,18,0,0,0,0,0,0,3,1,1,1,55,8,3920,2,7,-1,-1,-1
2015405BA1195,1,19,0,13,0,1,0,0,0,0,1,1,6,3,-1,-1,-1,-1,-1,-1,-1,-1
2015405BA1195,2,1,0,18,0,1,0,0,0,0,2,1,6,1,18,4,-1,-1,-1,-1,3,-1
2015405BA1204,1,9,0,12,0,8,0,0,0,0,2,1,6,1,83,11,1998,2,10,-1,3,-1
2015405BA1204,2,9,0,18,0,8,0,0,0,0,1,1,6,2,27,6,1149,1,17,-1,1,-1
2015405BA1204,3,9,0,18,0,8,0,0,0,0,1,1,6,2,23,5,1388,1,8,-1,1,-1
2015405BA1204,4,9,0,18,0,8,0,0,0,0,1,1,6,2,52,8,1242,1,2,-1,3,-1
2015405BA1204,5,9,0,18,0,8,0,0,0,0,1,1,6,2,23,5,1242,1,16,-1,1,-1
2015405BA1204,6,9,0,18,0,8,0,0,0,0,1,1,6,2,22,5,1229,1,10,-1,1,-1
2015405BA1206,1,9,0,18,0,0,5,0,7,0,1,1,6,2,71,10,1999,1,12,-1,2,-1
2015405BA1206,2,9,0,18,0,0,0,0,0,0,1,1,6,2,42,7,1398,1,4,-1,3,-1
2015405BA1211,1,1,0,18,0,8,0,0,0,0,1,1,2,2,31,6,-1,-1,-1,-1,1,-1
2015405BA1211,2,9,0,9,0,8,0,0,0,0,1,1,6,1,70,10,1364,1,7,-1,1,-1
2015405BA1212,1,3,0,18,0,0,1,0,0,0,1,1,6,1,25,5,124,1,12,-1,2,-1
2015405BA1212,2,9,0,4,0,0,0,0,0,0,2,1,6,1,27,6,3950,1,14,-1,1,-1
2015405BA1213,1,9,4,9,0,0,0,0,0,0,4,1,1,1,49,8,-1,-1,-1,-1,1,-1
2015405BA1213,2,19,0,18,0,0,0,0,7,9,1,1,1,1,75,10,1298,1,13,-1,2,-1
2015405BA1215,1,19,0,18,0,0,0,0,0,0,1,1,1,1,29,6,1995,2,5,-1,1,-1
2015405BA1216,1,9,0,18,0,8,0,0,0,0,1,1,6,3,-1,-1,-1,-1,-1,-1,-1,-1
2015405BA1216,2,1,0,18,0,8,0,0,0,0,1,1,6,2,36,7,-1,-1,-1,-1,1,-1
2015405BA1217,1,9,0,18,0,2,0,0,0,0,4,1,6,1,64,9,3200,2,8,-1,1,-1
2015405BA1218,1,9,0,18,0,0,0,0,0,0,1,1,6,2,34,6,973,1,12,-1,1,-1
2015405BA1218,2,9,0,18,0,0,0,4,0,0,1,1,6,2,43,7,1598,1,7,-1,1,-1
2015405BA1218,3,9,0,2,0,0,0,0,0,0,2,1,6,3,-1,-1,1995,2,11,-1,-1,-1
2015405BA1221,1,19,0,18,0,8,0,0,0,0,1,1,1,1,48,8,2299,2,-1,-1,1,-1
2015405BA1221,2,1,0,18,0,8,0,0,0,0,4,1,6,1,38,7,-1,-1,-1,-1,1,-1
2015405BA1224,1,9,0,13,0,1,0,0,0,0,1,1,6,1,-1,-1,1896,2,8,-1,1,-1
2015405BA1224,2,9,0,7,0,2,0,0,0,0,1,1,6,1,26,6,1229,1,7,-1,1,-1
2015405BA1224,3,9,0,18,0,1,0,0,0,0,0,1,6,1,-1,-1,-1,-1,-1,-1,-1,-1
2015405BA1227,1,9,0,16,0,0,0,0,0,0,1,1,6,1,71,10,999,1,8,-1,2,-1
2015405BA1227,2,9,0,18,0,0,0,0,0,0,1,1,6,2,33,6,1798,1,9,-1,2,-1
2015405BA1228,1,9,0,9,0,8,0,0,0,0,1,1,6,2,29,6,998,1,2,-1,1,-1
2015405BA1228,2,19,0,18,0,8,0,0,0,0,3,1,1,1,54,8,2143,2,2,-1,2,-1
2015405BA1231,1,9,0,4,0,1,0,0,0,0,1,1,6,1,-1,-1,-1,-1,-1,-1,-1,-1
2015405BA1231,2,1,0,18,0,8,0,0,0,0,3,1,4,1,12,3,-1,-1,-1,-1,2,-1
2015405BA1232,1,9,0,18,0,1,0,0,0,0,1,1,6,1,21,5,1995,2,9,-1,1,-1
2015405BA1235,1,5,0,14,0,0,1,0,0,0,1,1,2,1,29,6,749,1,10,-1,1,-1
2015405BA1238,1,9,0,12,0,3,0,0,0,0,1,2,6,1,-1,-1,-1,-1,-1,-1,-1,-1
2015405BA1238,2,9,0,18,0,3,0,0,0,0,4,1,6,2,46,8,1364,1,-1,-1,1,-1
2015405BA1243,1,9,0,4,0,0,1,0,0,0,0,1,6,1,25,5,1297,1,23,-1,-1,-1
2015405BA1243,2,9,0,4,0,0,0,0,0,0,2,1,1,2,55,8,1796,1,10,-1,1,-1
2015405BA1244,1,9,0,13,0,0,0,0,0,0,4,1,6,1,-1,-1,-1,-1,-1,-1,-1,-1
2015405BA1244,2,1,0,18,0,0,0,0,0,0,3,1,6,1,50,8,-1,-1,-1,-1,1,-1
2015405BA1246,1,20,0,18,0,2,1,0,0,0,1,1,1,1,52,8,2400,2,10,-1,3,-1
2015405BA1246,2,9,0,3,0,2,0,0,0,0,2,1,6,2,39,7,1753,2,9,-1,2,-1
2015405BA1246,3,9,0,3,0,2,0,0,0,0,2,1,6,1,34,6,1199,1,12,-1,3,-1
2015405BA1246,4,9,0,3,0,3,0,0,0,0,2,1,6,2,32,6,1968,2,-1,-1,3,-1
2015405BA1248,1,9,0,10,0,8,0,0,0,0,2,1,6,2,25,5,1149,1,6,-1,1,-1
2015405BA1248,2,9,0,18,0,1,0,0,0,0,1,1,2,1,42,7,1870,2,10,-1,1,-1
2015405BA1249,1,19,0,18,0,1,0,0,0,0,1,1,6,1,27,6,1995,2,2,-1,2,-1
2015405BA1249,2,1,0,18,0,1,0,0,0,0,3,1,6,2,14,3,-1,-1,-1,-1,-1,-1
2015405BA1252,1,9,0,11,0,0,0,0,4,6,1,1,6,1,57,9,998,1,7,-1,2,-1
2015405BA1253,1,21,1,18,0,8,0,0,0,0,4,1,1,1,42,7,12777,2,-1,-1,-1,-1
2015405BA1253,2,9,0,18,0,8,0,0,0,0,3,1,6,2,36,7,-1,-1,-1,-1,1,-1
2015405BA1256,1,9,0,18,0,0,0,0,0,0,1,1,6,2,84,11,1591,1,7,-1,-1,-1
2015405BA1261,1,9,0,18,0,0,0,4,0,0,1,1,6,1,-1,-1,1975,1,15,-1,-1,-1
2015405BA1261,2,9,0,2,0,0,0,0,0,0,1,1,6,3,-1,-1,1998,1,12,-1,-1,-1
2015405BA1262,1,2,0,7,9,2,0,0,0,0,3,1,6,1,-1,-1,-1,-1,-1,-1,-1,-1
2015405BA1263,1,9,0,18,0,1,0,0,0,0,1,1,6,2,69,10,1598,1,2,-1,1,-1
2015405BA1263,2,9,0,3,0,1,0,0,0,0,2,1,6,1,36,7,1240,1,12,-1,1,-1
2015405BA1266,1,9,0,17,0,0,0,0,0,0,1,1,6,1,45,7,1596,1,14,-1,1,-1
2015405BA1266,2,9,0,2,0,0,0,0,0,0,3,1,6,1,-1,-1,1686,2,5,-1,1,-1
2015405BA1269,1,9,0,7,0,8,0,0,0,0,1,1,6,1,21,5,1598,1,12,-1,1,-1
2015405BA1270,1,11,0,7,2,2,0,0,0,0,1,1,1,1,48,8,4461,2,2,-1,1,-1
2015405BA1271,1,1,0,18,0,8,0,0,0,0,3,1,6,1,35,6,-1,-1,-1,-1,1,-1
2015405BA1271,2,9,0,9,0,8,0,0,0,0,1,1,6,1,55,8,1298,1,13,-1,1,-1
2015405BA1272,1,9,0,5,0,8,0,0,0,0,1,1,2,1,39,7,-1,-1,-1,-1,2,-1
2015405BA1272,2,9,0,3,0,8,0,0,0,0,2,1,6,2,51,8,1686,2,1,-1,1,-1
2015405BA1274,1,9,0,17,0,0,1,0,0,0,3,1,6,2,55,8,3498,1,8,-1,3,-1
2015405BA1274,2,9,0,18,0,0,0,0,0,0,1,1,6,2,57,9,1248,2,-1,-1,1,-1
2015405BA1277,1,8,0,18,0,8,0,0,0,0,3,1,1,1,37,7,1910,2,8,-1,1,-1
2015405BA1277,2,9,0,11,0,8,0,0,0,0,4,1,6,2,53,8,1399,2,5,-1,3,-1
2015405BA1279,1,9,0,9,0,8,0,0,0,0,3,1,6,2,51,8,1398,1,2,-1,1,-1
2015405BA1279,2,3,0,14,0,8,0,0,0,0,1,1,6,1,18,4,125,1,1,-1,1,-1
2015405BA1281,1,9,0,18,0,8,1,0,5,6,3,1,6,1,34,6,1679,1,14,-1,1,-1
2015405BA9309,1,9,0,13,0,0,0,0,0,0,1,1,6,1,30,6,1998,1,10,-1,-1,-1
2015405BA9309,2,9,0,18,0,0,0,0,0,0,0,1,6,1,44,7,2400,2,1,-1,2,-1
2015405BA9309,3,9,0,18,0,0,0,0,0,0,3,1,6,2,54,8,1799,1,9,-1,1,-1
2015405BA9310,1,9,0,13,0,0,0,0,0,0,1,1,6,1,30,6,1998,1,10,-1,-1,-1
2015405BA9310,2,9,0,18,0,0,0,0,0,0,0,1,6,1,44,7,2400,2,1,-1,1,-1
2015405BA9310,3,9,0,18,0,0,0,0,0,0,3,1,6,2,42,7,-1,-1,-1,-1,1,-1
2015405BA9310,4,9,0,4,0,0,0,0,0,0,1,1,6,2,46,8,-1,-1,-1,-1,1,-1
2015405CA0007,1,9,0,18,0,0,1,0,1,10,1,-1,2,1,31,6,2993,2,8,-1,1,-1
2015405CA0008,1,9,0,16,0,0,0,0,0,0,1,-1,2,1,-1,-1,1686,2,1,-1,1,-1
2015405CA0008,2,19,0,2,0,0,0,0,0,0,0,-1,1,1,22,5,2287,2,2,-1,1,-1
2015405CA0016,1,9,0,5,0,0,0,0,0,0,3,-1,6,2,21,5,1398,1,3,-1,-1,-1
2015405CA0016,2,9,0,14,0,0,0,0,0,0,1,-1,6,2,29,6,1997,2,1,-1,1,-1
2015405CA0017,1,9,0,18,0,8,0,0,0,0,4,-1,6,1,-1,-1,1997,1,10,-1,1,-1
2015405CA0017,2,9,0,18,0,4,0,0,0,0,1,-1,6,1,69,10,1896,2,8,-1,-1,-1
2015405CA0023,1,2,0,18,0,1,1,0,0,0,4,1,4,1,16,4,49,1,1,-1,1,-1
2015405CA0024,1,9,0,18,0,0,0,0,0,0,1,-1,6,2,35,6,-1,-1,-1,-1,1,-1
2015405CA0024,2,9,0,4,0,0,0,0,0,0,2,-1,6,1,-1,-1,-1,-1,-1,-1,1,-1
2015405CA0024,3,9,0,4,0,0,0,0,0,0,2,-1,2,1,-1,-1,1598,2,4,-1,2,-1
2015405CA0027,1,9,0,18,0,0,0,0,0,0,3,-1,6,2,-1,-1,1364,1,6,-1,1,-1
2015405CA0029,1,9,0,18,4,8,0,0,0,0,1,-1,6,1,28,6,-1,-1,-1,-1,1,-1
2015405CA0029,2,3,0,18,0,8,0,0,0,0,4,1,6,1,33,6,-1,-1,-1,-1,1,-1
2015405CA0030,1,9,0,18,0,3,1,0,1,10,1,-1,6,1,19,4,1389,1,13,-1,1,-1
2015405CA0032,1,9,0,6,0,8,0,0,0,0,3,-1,6,1,19,4,1598,1,10,-1,-1,-1
2015405CA0032,2,9,0,18,0,8,0,0,0,0,1,-1,6,1,21,5,1686,2,1,-1,1,-1
2015405CA0033,1,9,0,9,0,8,0,0,0,0,1,-1,6,1,49,8,-1,-1,-1,-1,1,-1
2015405CA0046,1,11,0,1,0,0,0,0,0,0,2,-1,1,1,50,8,-1,-1,-1,-1,-1,-1