Accident_Index,Vehicle_Reference,Vehicle_Type,Towing_and_Articulation,Vehicle_Manoeuvre,Vehicle_Location-Restricted_Lane,Junction_Location,Skidding_and_Overturning,Hit_Object_in_Carriageway,Vehicle_Leaving_Carriageway,Hit_Object_off_Carriageway,1st_Point_of_Impact,Was_Vehicle_Left_Hand_Drive?,Journey_Purpose_of_Driver,Sex_of_Driver,Age_of_Driver,Age_Band_of_Driver,Engine_Capacity_(CC),Propulsion_Code,Age_of_Vehicle,Driver_IMD_Decile,Driver_Home_Area_Type,Vehicle_IMD_Decile
2015405CA0896,1,9,0,18,0,8,0,0,0,0,1,1,6,1,35,6,2967,2,8,-1,1,-1
2015405CA0896,2,1,0,9,0,8,0,0,0,0,3,1,6,2,11,3,-1,-1,-1,-1,1,-1
2015405CA0899,1,9,0,1,0,8,0,0,0,0,2,1,6,1,28,6,1995,2,9,-1,1,-1
2015405CA0899,2,9,0,18,0,8,0,0,1,2,3,1,6,1,33,6,1896,2,13,-1,1,-1
2015405CA0918,1,9,0,9,0,8,0,0,0,0,1,1,6,1,40,7,1968,2,7,-1,1,-1
2015405CA0918,2,9,0,18,0,8,0,0,0,0,1,1,1,1,32,6,1686,2,7,-1,-1,-1
2015405CA0919,1,9,0,9,0,8,0,0,0,0,1,1,1,1,24,5,1686,2,9,-1,1,-1
2015405CA0919,2,5,0,18,0,8,0,0,0,0,1,1,6,1,50,8,1078,1,7,-1,1,-1
2015405CA0921,1,9,0,5,0,0,0,0,0,0,1,1,6,2,35,6,1364,1,8,-1,1,-1
2015405CA0921,2,9,0,3,0,0,0,0,0,0,2,1,6,2,22,5,1360,1,15,-1,1,-1
2015405CA0922,1,21,1,18,0,0,1,0,0,0,1,1,1,1,35,6,12419,2,1,-1,1,-1
2015405CA0922,2,21,1,4,0,0,1,0,0,0,2,1,1,1,50,8,12740,2,2,-1,1,-1
2015405CA0922,3,9,0,2,0,0,0,0,0,0,0,1,6,2,26,6,998,1,11,-1,1,-1
2015405CA0925,1,9,0,17,0,8,0,0,0,0,1,1,6,1,25,5,1686,2,4,-1,1,-1
2015405CA0926,1,9,0,18,0,8,0,0,0,0,2,1,6,2,29,6,1598,2,1,-1,1,-1
2015405CA0926,2,1,0,9,0,8,0,0,0,0,1,1,6,1,30,6,-1,-1,-1,-1,1,-1
2015405CA0927,1,9,0,13,0,8,0,0,0,0,1,1,6,3,-1,-1,-1,-1,-1,-1,-1,-1
2015405CA0927,2,9,0,9,0,8,0,0,0,0,3,1,6,2,55,8,1590,1,14,-1,1,-1
2015405CA0928,1,9,0,18,0,8,0,0,0,0,1,1,6,2,-1,-1,998,1,16,-1,-1,-1
2015405CA0928,2,9,0,3,0,8,0,0,0,0,2,1,6,2,54,8,1364,1,7,-1,1,-1
2015405CA0929,1,9,0,7,0,1,0,0,0,0,1,1,6,1,26,6,2204,2,8,-1,2,-1
2015405CA0929,2,9,0,8,0,1,0,0,0,0,2,1,6,1,45,7,-1,-1,-1,-1,1,-1
2015405CA0932,1,9,0,18,0,0,0,0,0,0,1,1,6,2,39,7,998,1,15,-1,1,-1
2015405CA0933,1,3,0,18,0,8,0,0,0,0,1,1,6,1,21,5,125,1,3,-1,1,-1
2015405CA0933,2,9,0,9,0,8,0,0,0,0,2,1,6,2,24,5,1598,1,9,-1,2,-1
2015405CA0936,1,9,0,18,0,0,0,0,0,0,1,1,6,3,-1,-1,1596,1,16,-1,-1,-1
2015405CA0936,2,19,0,2,0,0,0,0,0,0,4,1,1,1,32,6,2402,2,4,-1,1,-1
2015405CA0940,1,9,0,6,0,0,0,0,0,0,1,1,6,1,21,5,1461,2,1,-1,1,-1
2015405CA0940,2,9,0,18,0,0,0,0,0,0,1,1,6,1,-1,-1,-1,-1,-1,-1,-1,-1
2015405CA0942,1,9,0,18,0,0,0,0,0,0,1,1,6,1,35,6,-1,-1,-1,-1,1,-1
2015405CA0942,2,9,0,4,0,0,0,0,0,0,2,1,6,1,25,5,1896,2,8,-1,1,-1
2015405CA0943,1,9,0,18,0,2,0,0,0,0,1,1,6,1,27,6,1364,1,10,-1,1,-1
2015405CA0947,1,9,0,18,0,8,0,0,0,0,1,1,6,1,59,9,1197,1,-1,-1,1,-1
2015405CA0947,2,1,0,18,0,8,0,0,0,0,4,1,6,1,23,5,-1,-1,-1,-1,1,-1
2015405CA0953,1,9,0,9,0,8,0,0,0,0,1,1,6,2,44,7,1896,2,10,-1,1,-1
2015405CA0953,2,9,0,18,0,8,0,0,0,0,1,1,6,1,35,6,1461,2,8,-1,1,-1
2015405CA0953,3,9,0,4,0,2,0,0,0,0,2,1,6,1,35,6,1997,2,8,-1,1,-1
2015405CA0953,4,9,0,4,0,2,0,0,0,0,2,1,6,1,24,5,1686,2,4,-1,-1,-1
2015405CA0955,1,97,0,18,0,1,0,0,0,0,0,1,6,3,-1,-1,-1,-1,-1,-1,-1,-1
2015405CA0956,1,9,0,6,0,8,0,0,0,0,1,1,6,1,-1,-1,1560,2,6,-1,-1,-1
2015405CA0960,1,9,0,18,0,1,0,0,0,0,1,1,6,1,23,5,1686,2,7,-1,-1,-1
2015405CA0960,2,9,0,3,0,1,0,0,0,0,2,1,6,2,38,7,1124,1,15,-1,1,-1
2015405CA0962,1,9,0,8,0,1,0,0,0,0,1,1,6,1,23,5,1995,2,7,-1,1,-1
2015405CA0962,2,9,0,8,0,8,0,0,0,0,2,1,6,2,49,8,1984,1,13,-1,1,-1
2015405CA0966,1,9,0,18,0,0,0,0,0,0,1,1,6,1,35,6,1198,1,12,-1,1,-1
2015405CA0966,2,9,0,4,0,0,0,0,0,0,2,1,6,2,46,8,1596,1,5,-1,1,-1
2015405CA0968,1,-1,0,18,0,0,0,0,0,0,1,1,6,3,-1,-1,-1,-1,-1,-1,-1,-1
2015405CA0968,2,1,0,18,0,0,0,0,0,0,2,1,6,1,35,6,-1,-1,-1,-1,1,-1
2015405CA0972,1,8,0,9,0,8,0,0,0,0,1,1,1,1,43,7,2148,2,5,-1,1,-1
2015405CA0978,1,9,0,18,0,0,0,7,0,0,1,1,6,1,69,10,1399,1,4,-1,1,-1
2015405CA0978,2,1,0,18,0,0,0,0,0,0,2,1,6,1,51,8,-1,-1,-1,-1,1,-1
2015405CA0983,1,9,0,16,0,8,0,0,0,0,1,1,6,3,-1,-1,-1,-1,-1,-1,-1,-1
2015405CA0987,1,9,0,18,0,0,0,0,0,0,4,1,6,1,20,4,1686,2,4,-1,-1,-1
2015405CA0992,1,9,0,18,0,1,0,0,0,0,1,1,6,2,-1,-1,1242,1,14,-1,-1,-1
2015405CA0992,2,9,0,3,0,1,0,0,0,0,2,1,6,1,29,6,1329,1,6,-1,1,-1
2015405CA0993,1,9,0,18,0,0,0,0,0,0,1,1,6,2,82,11,1229,1,8,-1,-1,-1
2015405CA0993,2,1,0,9,0,0,0,0,0,0,1,1,6,1,11,3,-1,-1,-1,-1,1,-1
2015405CA0995,1,19,0,18,0,0,0,0,0,0,1,1,1,2,30,6,1896,2,12,-1,1,-1
2015405CA0995,2,19,0,4,0,0,0,0,0,0,2,1,1,1,42,7,1598,2,-1,-1,1,-1
2015405CA0995,3,19,0,4,0,0,0,0,0,0,2,1,1,1,31,6,1461,2,-1,-1,2,-1
2015405CA0995,4,9,0,4,0,0,0,0,0,0,2,1,1,1,40,7,2993,2,11,-1,1,-1
2015405CA0998,1,9,0,18,0,0,0,0,0,0,4,1,6,1,38,7,2967,2,6,-1,1,-1
2015405CA1001,1,1,0,18,4,0,0,0,0,0,2,1,6,1,14,3,-1,-1,-1,-1,1,-1
2015405CA1001,2,97,0,18,0,0,0,0,0,0,1,1,6,1,-1,-1,-1,-1,-1,-1,-1,-1
2015405CA1003,1,9,0,9,0,8,0,0,0,0,3,1,1,1,19,4,1600,1,11,-1,1,-1
2015405CA1003,2,9,0,7,0,8,0,0,0,0,1,1,6,2,25,5,1596,1,12,-1,1,-1
2015405CA1008,1,9,0,18,0,0,0,0,0,0,1,1,6,1,30,6,1395,1,1,-1,1,-1
2015405CA1008,2,1,0,18,0,0,0,0,0,0,1,1,6,1,8,2,-1,-1,-1,-1,1,-1
2015405CA1009,1,9,0,6,0,1,0,0,0,0,3,1,6,1,45,7,1796,1,10,-1,1,-1
2015405CA1009,2,5,0,14,0,1,0,0,0,0,1,1,6,1,45,7,656,1,10,-1,1,-1
2015405CA1010,1,9,0,18,0,8,0,0,0,0,1,1,6,2,23,5,1229,1,5,-1,1,-1
2015405CA1010,2,9,0,18,0,8,0,0,0,0,3,1,6,1,37,7,1199,1,14,-1,1,-1
2015405CA1011,1,9,0,9,0,8,0,0,0,0,1,1,6,2,22,5,1596,1,11,-1,1,-1
2015405CA1011,2,11,0,18,0,8,1,0,0,0,1,1,1,1,37,7,-1,2,15,-1,1,-1
2015405CA1012,1,9,0,18,0,8,0,0,0,0,1,1,2,1,27,6,-1,-1,-1,-1,1,-1
2015405CA1012,2,3,0,7,0,8,0,0,0,0,3,1,6,1,18,4,108,1,3,-1,1,-1
2015405CA1014,1,9,0,1,0,2,0,0,0,0,1,1,6,2,55,8,998,1,1,-1,1,-1
2015405CA1014,2,9,0,18,0,2,0,0,0,0,1,1,6,2,55,8,998,1,16,-1,1,-1
2015405CA1014,3,9,0,2,0,2,0,0,0,0,1,1,6,3,-1,-1,1796,1,4,-1,-1,-1
2015405CA1016,1,9,0,12,0,0,0,0,7,2,1,1,6,1,23,5,1596,1,9,-1,1,-1
2015405CA1022,1,8,0,1,0,6,0,0,0,0,2,1,1,2,38,7,1590,1,11,-1,1,-1
2015405CA1022,2,1,0,3,0,8,0,0,0,0,3,1,2,2,49,8,-1,-1,-1,-1,1,-1
2015405CA1023,1,21,1,11,0,2,0,0,0,0,4,1,1,1,-1,-1,5900,2,13,-1,-1,-1
2015405CA1023,2,9,0,18,0,2,0,0,0,0,1,1,6,2,63,9,1199,1,12,-1,1,-1
2015405CA1025,1,9,0,9,0,8,0,0,0,0,4,1,6,1,19,4,999,1,-1,-1,1,-1
2015405CA1025,2,9,0,18,0,1,0,0,0,0,1,1,6,2,51,8,1596,1,4,-1,1,-1
2015405CA1026,1,9,0,18,0,8,0,0,0,0,1,1,6,1,22,5,1598,1,13,-1,1,-1
2015405CA1026,2,9,0,9,0,8,0,0,0,0,1,1,6,1,19,4,1199,1,11,-1,1,-1
2015405CA1027,1,9,0,18,0,0,0,0,0,0,1,1,6,2,35,6,1587,1,14,-1,1,-1
2015405CA1027,2,9,0,18,0,0,0,0,0,0,1,1,6,1,34,6,1995,1,7,-1,1,-1
2015405CA1031,1,9,0,18,0,0,0,0,0,0,1,1,6,2,72,10,1242,1,11,-1,1,-1
2015405CA1034,1,9,0,18,0,3,0,10,3,1,1,1,6,1,-1,-1,1995,2,13,-1,-1,-1
2015405CA1036,1,9,0,18,0,1,0,0,0,0,1,1,6,1,42,7,1497,8,8,-1,1,-1
2015405CA1036,2,9,0,4,0,1,0,0,0,0,2,1,6,1,27,6,1598,1,12,-1,1,-1
2015405CA1039,1,9,0,18,0,8,0,0,0,0,1,1,6,1,-1,-1,1599,1,11,-1,-1,-1
2015405CA1039,2,9,0,18,0,8,0,0,0,0,4,1,6,2,22,5,973,1,12,-1,2,-1
2015405CA1042,1,9,0,17,0,0,2,0,0,0,1,1,6,1,19,4,1197,1,4,-1,1,-1
2015405CA1043,1,21,1,18,0,1,0,0,0,0,1,1,1,1,44,7,-1,-1,-1,-1,1,-1
2015405CA1043,2,9,0,10,0,8,0,0,0,0,2,1,6,1,38,7,1910,2,8,-1,1,-1
2015405CA1044,1,3,0,18,0,4,1,0,0,0,1,1,6,1,17,4,124,1,2,-1,1,-1
2015405CA1044,2,9,0,9,0,8,0,0,0,0,2,1,2,2,50,8,1598,1,11,-1,1,-1
2015405CA1046,1,9,0,9,0,8,0,0,0,0,4,1,6,1,73,10,1598,1,15,-1,1,-1
2015405CA1046,2,9,0,9,0,8,0,0,0,0,1,1,2,2,52,8,1242,1,2,-1,1,-1
2015405CA1047,1,9,0,1,0,0,0,0,0,0,2,1,6,1,62,9,1086,1,9,-1,1,-1
2015405CA1048,1,9,0,18,0,8,0,0,0,0,1,1,6,1,59,9,1995,2,3,-1,1,-1
2015405CA1048,2,9,0,18,0,8,0,0,0,0,4,1,6,2,42,7,1589,1,17,-1,1,-1
2015405CA1050,1,19,0,18,0,0,0,0,0,0,3,1,6,1,-1,-1,2496,2,15,-1,-1,-1
2015405CA1055,1,9,0,9,0,8,0,0,0,0,0,1,6,3,-1,-1,1587,1,11,-1,-1,-1
2015405CA1055,2,9,0,18,0,1,0,0,0,0,0,1,6,1,66,10,1598,1,7,-1,1,-1
2015405CA1058,1,9,0,6,0,8,0,0,0,0,1,1,6,2,32,6,1339,1,-1,-1,1,-1
2015405CA1059,1,9,0,18,0,0,0,0,0,0,1,1,6,1,-1,-1,1984,1,-1,-1,-1,-1
2015405CA1059,2,9,0,4,0,0,0,0,0,0,2,1,6,1,47,8,998,1,16,-1,1,-1
2015405CA1059,3,9,0,4,0,0,0,0,0,0,2,1,6,2,51,8,-1,-1,-1,-1,1,-1
2015405CA1060,1,9,0,9,0,8,0,0,0,0,1,1,6,2,28,6,1598,1,14,-1,1,-1
2015405CA1062,1,9,0,18,0,0,0,0,0,0,3,1,3,2,23,5,998,1,10,-1,1,-1
2015405CA1062,2,9,0,18,0,0,0,0,0,0,3,1,3,2,-1,-1,1497,8,8,-1,1,-1
2015405CA1064,1,9,0,9,0,8,0,0,0,0,1,1,6,1,30,6,1598,2,-1,-1,1,-1
2015405CA1064,2,9,0,18,0,8,0,0,0,0,1,1,6,1,27,6,1800,1,15,-1,1,-1
2015405CA1067,1,9,0,7,0,8,0,0,0,0,1,1,6,2,-1,-1,1299,1,10,-1,-1,-1
2015405CA1067,2,9,0,18,0,8,0,0,0,0,4,1,3,1,33,6,1796,1,9,-1,1,-1
2015405CA1073,1,9,0,9,0,8,0,0,0,0,1,1,1,1,52,8,1686,2,7,-1,1,-1
2015405CA1073,2,9,0,18,0,8,0,0,0,0,1,1,6,1,42,7,1686,2,7,-1,1,-1
2015405CA1073,3,9,0,10,0,8,0,0,0,0,1,1,6,1,27,6,2000,1,5,-1,1,-1
2015405CA1076,1,9,0,12,0,8,0,0,0,0,3,1,6,1,36,7,1995,2,11,-1,1,-1
2015405CA1076,2,5,0,14,0,8,0,0,0,0,4,1,6,1,52,8,1043,1,2,-1,3,-1
2015405CA1077,1,9,0,18,0,0,0,0,0,0,1,1,6,1,20,4,1968,2,8,-1,1,-1
2015405CA1078,1,9,0,4,0,1,0,0,0,0,1,1,6,1,-1,-1,1984,1,19,-1,-1,-1
2015405CA1078,2,9,0,3,0,1,0,0,0,0,2,1,6,2,35,6,1796,1,8,-1,1,-1
2015405CA1083,1,9,0,9,0,8,0,0,0,0,1,1,6,2,40,7,1598,1,10,-1,1,-1
2015405CA1087,1,9,0,18,0,0,0,0,0,0,1,1,6,2,28,6,1229,1,10,-1,1,-1
2015405CA1092,1,19,0,4,0,1,0,0,0,0,2,1,6,1,42,7,-1,-1,-1,-1,2,-1
2015405CA1092,2,9,0,4,0,1,0,0,0,0,1,1,6,1,28,6,1398,1,3,-1,1,-1
2015405CA1095,1,9,0,4,0,0,0,0,0,0,1,1,6,1,54,8,2179,2,3,-1,1,-1
2015405CA1095,2,9,0,4,0,0,0,0,0,0,2,1,6,1,24,5,1229,1,8,-1,1,-1
2015405CA1098,1,19,0,18,0,0,0,0,0,0,3,1,1,1,55,8,2463,2,7,-1,1,-1
2015405CA1098,2,9,0,3,0,0,0,0,0,0,3,1,6,1,40,7,1240,1,9,-1,1,-1
2015405CA1099,1,5,0,14,0,0,0,0,0,0,1,1,6,1,62,9,599,1,16,-1,1,-1
2015405CA1099,2,9,0,18,0,0,0,0,0,0,1,1,6,1,34,6,1388,1,16,-1,1,-1
2015405CA1101,1,9,0,4,0,0,0,0,0,0,1,1,6,2,22,5,-1,-1,-1,-1,1,-1
2015405CA1101,2,9,0,4,0,0,0,0,0,0,2,1,6,2,33,6,1229,1,10,-1,1,-1
2015405CA1102,1,9,0,16,0,1,0,0,0,0,1,1,6,1,24,5,1686,2,9,-1,1,-1
2015405CA1102,2,9,0,8,0,1,0,0,0,0,2,1,6,1,42,7,2393,1,12,-1,2,-1
2015405CA1104,1,9,0,1,0,1,0,0,0,0,2,1,6,2,30,6,1840,1,14,-1,1,-1
2015405CA1104,2,8,0,3,0,1,0,0,0,0,1,1,6,1,48,8,1910,2,7,-1,1,-1
2015405CA1110,1,9,0,4,0,1,0,0,0,0,1,1,1,2,39,7,1339,1,4,-1,1,-1
2015405CA1110,2,9,0,3,0,1,0,0,0,0,2,1,6,1,56,9,1598,1,11,-1,1,-1
2015405CA1110,3,9,0,3,0,1,0,0,0,0,2,1,1,1,44,7,1797,8,4,-1,1,-1
2015405CA1114,1,9,0,4,0,8,0,0,0,0,1,1,6,1,21,5,1968,2,3,-1,-1,-1
2015405CA1114,2,9,0,4,0,8,0,0,0,0,2,1,6,1,29,6,1199,1,13,-1,1,-1
2015405CA1118,1,9,0,18,0,3,0,0,0,0,1,1,6,1,25,5,1975,1,17,-1,1,-1
2015405CA1118,2,22,0,18,0,2,0,0,0,0,4,1,6,2,85,11,-1,-1,-1,-1,1,-1
2015405CA1119,1,1,0,18,0,1,0,0,0,0,1,1,4,1,13,3,-1,-1,-1,-1,-1,-1
2015405CA1119,2,9,0,18,0,2,0,0,0,0,1,1,1,2,43,7,1560,2,2,-1,1,-1
2015405CA1120,1,9,0,18,0,4,0,0,0,0,1,1,6,3,-1,-1,-1,-1,-1,-1,-1,-1
2015405CA1120,2,3,0,9,0,8,0,0,0,0,4,1,6,1,21,5,125,1,3,-1,1,-1
2015405CA1121,1,9,0,9,0,4,0,0,0,0,1,1,6,2,25,5,1198,1,5,-1,1,-1
2015405CA1128,1,9,0,18,0,0,0,0,0,0,1,1,6,1,-1,-1,1796,1,14,-1,1,-1
2015405CA1128,2,9,0,18,0,0,0,0,0,0,2,1,6,1,35,6,1995,2,7,-1,1,-1
2015405CA1130,1,4,0,12,0,1,1,0,0,0,1,1,6,1,25,5,-1,-1,-1,-1,1,-1
2015405CA1130,2,9,0,3,0,1,0,0,0,0,2,1,6,1,60,9,3387,1,8,-1,1,-1
2015405CA1132,1,9,0,1,9,0,0,0,0,0,2,1,6,2,-1,-1,1299,1,13,-1,-1,-1
2015405CA1133,1,9,0,4,0,8,0,0,0,0,1,1,6,1,24,5,1242,1,9,-1,1,-1
2015405CA1133,2,9,0,4,0,8,0,0,0,0,2,1,6,1,47,8,2996,1,9,-1,1,-1
2015405CA1133,3,9,0,4,0,8,0,0,0,0,2,1,6,1,52,8,1995,2,4,-1,1,-1
2015405CA1134,1,9,0,18,0,0,0,0,0,0,0,1,6,1,36,7,1398,1,-1,-1,1,-1
2015405CA1134,2,11,0,18,0,0,0,0,0,0,0,1,1,2,53,8,4580,2,7,-1,-1,-1
2015405CA1135,1,9,0,18,0,0,0,0,0,0,1,1,6,1,67,10,1796,1,8,-1,-1,-1
2015405CA1135,2,19,0,18,0,0,0,0,0,0,2,1,6,1,65,9,1995,2,7,-1,1,-1
2015405CA1135,3,9,0,18,0,0,0,0,0,0,2,1,6,1,57,9,1560,2,3,-1,1,-1
2015405CA1137,1,9,0,18,0,2,0,0,0,0,1,1,2,1,58,9,1598,1,9,-1,-1,-1
2015405CA1137,2,9,0,3,0,2,0,0,0,0,2,1,1,2,55,8,1598,1,3,-1,1,-1
2015405CA1138,1,9,0,18,0,0,0,0,0,0,1,1,6,1,72,10,1389,1,18,-1,1,-1
2015405CA1138,2,1,0,18,0,0,0,0,0,0,1,1,6,1,36,7,-1,-1,-1,-1,1,-1
2015405CA1139,1,9,0,7,0,8,0,0,0,0,1,1,3,2,33,6,1360,1,10,-1,1,-1
2015405CA1139,2,9,0,18,0,8,0,0,0,0,3,1,3,2,25,5,1461,2,1,-1,1,-1
2015405CA1140,1,9,0,18,0,1,0,0,0,0,1,1,6,1,-1,-1,1229,1,9,-1,-1,-1
2015405CA1140,2,9,0,4,0,1,0,0,0,0,2,1,6,1,40,7,1496,2,-1,-1,1,-1
2015405CA1141,1,9,0,18,0,0,0,0,0,0,1,1,6,1,24,5,1995,2,6,-1,1,-1
2015405CA1141,2,9,0,3,0,0,0,0,0,0,2,1,6,1,50,8,1598,1,11,-1,1,-1
2015405CA1141,3,9,0,3,0,0,0,0,0,0,2,1,6,1,29,6,1329,1,2,-1,1,-1
2015405CA1152,1,9,0,9,0,8,0,0,0,0,1,1,6,2,36,7,1339,1,9,-1,1,-1
2015405CA1152,2,9,0,18,0,8,1,0,0,0,1,1,6,1,40,7,1598,1,15,-1,-1,-1
2015405CA1152,3,9,0,8,0,1,0,0,0,0,3,1,6,1,29,6,1360,1,10,-1,1,-1
2015405CA1153,1,1,0,18,0,2,0,0,0,0,4,1,6,2,11,3,-1,-1,-1,-1,1,-1
2015405CA1153,2,9,0,18,0,2,0,0,0,0,1,1,6,2,39,7,1598,1,7,-1,1,-1
2015405CA1158,1,9,0,18,0,8,0,0,0,0,4,1,6,1,37,7,1364,1,8,-1,1,-1
2015405CA1158,2,1,0,9,0,8,0,0,0,0,1,1,6,1,24,5,-1,-1,-1,-1,-1,-1
2015405CA1159,1,8,0,18,0,4,0,0,0,0,1,1,6,3,-1,-1,1995,2,4,-1,-1,-1
2015405CA1159,2,9,0,18,0,8,0,0,0,0,4,1,6,1,17,4,1248,2,5,-1,1,-1
2015405CA1163,1,9,0,11,0,8,0,0,0,0,1,1,6,2,23,5,1995,2,7,-1,1,-1
2015405CA1163,2,21,1,18,0,8,0,0,0,0,3,1,1,1,54,8,11967,2,5,-1,1,-1
2015405CA1164,1,9,0,4,0,1,0,0,0,0,1,1,6,1,47,8,1598,2,-1,-1,3,-1
2015405CA1164,2,9,0,3,0,1,0,0,0,0,2,1,6,1,62,9,2435,7,11,-1,1,-1
2015405CA1169,1,9,0,4,0,1,0,0,0,0,2,1,6,1,43,7,1998,1,17,-1,1,-1
2015405CA1169,2,1,0,4,0,1,0,0,0,0,1,1,6,1,48,8,-1,-1,-1,-1,1,-1
2015405CA1170,1,9,0,18,0,8,1,0,0,0,1,1,6,3,-1,-1,1598,1,13,-1,-1,-1
2015405CA1170,2,9,0,9,0,8,0,0,0,0,2,1,6,1,43,7,1386,1,8,-1,1,-1
2015405CA1177,1,9,0,17,0,0,2,0,0,0,4,1,6,1,25,5,-1,-1,-1,-1,1,-1
2015405CA1179,1,9,0,18,0,1,0,0,0,0,1,1,6,1,27,6,1896,2,14,-1,-1,-1
2015405CA1179,2,9,0,18,0,2,0,0,0,0,1,1,6,1,32,6,1600,1,16,-1,1,-1
2015405CA1180,1,9,0,2,0,0,0,0,0,0,4,1,6,1,45,7,1998,1,18,-1,1,-1
2015405CA1180,2,9,0,18,0,0,0,0,0,0,3,1,2,1,34,6,1995,2,4,-1,1,-1
2015405CA1183,1,9,0,4,0,8,0,0,0,0,1,1,6,1,32,6,1599,1,7,-1,1,-1
2015405CA1183,2,8,0,4,0,8,0,0,0,0,2,1,2,1,37,7,1896,2,9,-1,1,-1
2015405CA1185,1,9,0,18,0,0,0,0,0,0,1,1,6,1,21,5,1896,2,12,-1,1,-1
2015405CA1185,2,9,0,4,0,0,0,0,0,0,4,1,6,1,25,5,1560,2,9,-1,1,-1
2015405CA1185,3,9,0,18,0,0,0,0,0,0,1,1,6,2,50,8,2995,1,12,-1,1,-1
2015405CA1185,4,9,0,2,0,0,0,0,0,0,3,1,6,3,-1,-1,2000,2,10,-1,-1,-1
2015405CA1185,5,9,0,2,0,0,0,0,0,0,3,1,6,3,-1,-1,1956,2,5,-1,-1,-1
2015405CA1186,1,9,0,7,0,8,0,4,7,10,1,1,6,2,24,5,1405,1,11,-1,1,-1
2015405CA1186,2,9,0,2,0,2,0,0,0,0,3,1,6,3,-1,-1,-1,-1,-1,-1,-1,-1
2015405CA1186,3,9,0,2,0,2,0,0,0,0,3,1,6,3,-1,-1,-1,-1,-1,-1,-1,-1
2015405CA1188,1,11,0,18,0,0,0,0,0,0,1,1,1,1,63,9,4461,2,1,-1,1,-1
2015405CA1190,1,9,0,7,0,8,0,0,0,0,3,1,2,1,44,7,1997,2,3,-1,1,-1
2015405CA1191,1,9,0,18,0,0,0,0,0,0,1,1,2,1,32,6,1582,2,-1,-1,1,-1
2015405CA1194,1,9,0,4,0,1,0,0,0,0,1,1,6,1,-1,-1,-1,-1,-1,-1,-1,-1
2015405CA1196,1,9,0,18,0,0,1,0,0,0,2,1,6,1,-1,-1,1598,1,12,-1,-1,-1
2015405CA1196,2,9,0,18,0,0,0,0,0,0,1,1,2,1,57,9,-1,-1,-1,-1,1,-1
2015405CA1200,1,19,0,1,0,0,0,0,0,0,2,1,6,1,-1,-1,2198,2,5,-1,-1,-1
2015405CA1200,2,9,0,3,0,0,0,0,0,0,1,1,6,1,43,7,1248,1,5,-1,1,-1
2015405CA1210,1,8,0,9,0,8,0,0,0,0,1,1,6,1,41,7,1686,2,5,-1,1,-1
2015405CA1211,1,9,0,18,0,1,0,0,0,0,3,1,6,1,39,7,1242,1,1,-1,1,-1
2015405CA1212,1,9,0,18,0,2,0,0,1,10,1,1,6,1,27,6,1796,1,11,-1,1,-1
2015405CA1219,1,9,0,18,9,8,0,0,0,0,1,1,6,1,53,8,2389,1,20,-1,1,-1
2015405CA1219,2,9,0,18,0,8,0,0,0,0,2,1,6,1,24,5,1598,1,10,-1,1,-1
2015405CA1219,3,9,0,12,0,8,0,0,0,0,0,1,6,3,-1,-1,-1,-1,-1,-1,-1,-1
2015405CA1220,1,21,1,11,0,0,0,0,0,0,4,1,1,1,40,7,12419,2,4,-1,-1,-1
2015405CA1220,2,8,0,12,0,0,0,0,0,0,3,1,1,1,55,8,1798,8,2,-1,1,-1
2015405CA1221,1,9,0,18,0,1,0,0,0,0,1,1,6,1,38,7,1560,2,-1,-1,1,-1
2015405CA1221,2,9,0,3,0,1,0,0,0,0,2,1,6,1,43,7,1998,2,2,-1,1,-1
2015405CA1221,3,11,0,10,0,1,0,0,0,0,0,1,6,3,-1,-1,-1,-1,-1,-1,-1,-1
2015405CA1224,1,9,0,9,0,8,0,0,0,0,4,1,6,2,30,6,1242,1,8,-1,1,-1
2015405CA1224,2,8,0,18,0,4,0,0,0,0,1,1,1,1,-1,-1,1896,2,5,-1,1,-1
2015405CA1225,1,8,0,18,0,0,0,0,0,0,1,1,1,1,25,5,1896,2,7,-1,1,-1
2015405CA1225,2,9,0,4,0,0,0,0,0,0,2,1,6,3,-1,-1,-1,-1,-1,-1,-1,-1
2015405CA1227,1,9,0,7,0,8,0,0,0,0,3,1,6,2,30,6,1461,2,12,-1,1,-1
2015405CA1227,2,1,0,14,0,1,0,0,0,0,1,1,6,2,35,6,-1,-1,-1,-1,1,-1
2015405CA1235,1,5,0,12,0,8,0,0,0,0,3,1,6,1,25,5,750,1,8,-1,1,-1
2015405CA1235,2,9,0,18,0,8,0,0,0,0,4,1,6,2,26,6,1968,2,7,-1,1,-1
2015405CA1238,1,19,0,18,0,0,0,0,0,0,1,1,6,1,34,6,1968,2,2,-1,1,-1
2015405CA1238,2,9,0,4,0,0,0,0,0,0,2,1,6,2,53,8,1998,1,16,-1,1,-1
2015405CA1238,3,9,0,4,0,0,0,0,0,0,2,1,6,1,28,6,-1,-1,-1,-1,1,-1
2015405CA1239,1,21,0,5,9,2,0,0,0,0,4,1,1,1,30,6,4461,2,3,-1,1,-1
2015405CA1239,2,19,0,2,9,2,0,0,0,0,1,1,6,3,-1,-1,2402,2,8,-1,-1,-1
2015405CA1240,1,9,0,18,0,1,0,0,0,0,1,1,6,1,22,5,1998,1,11,-1,1,-1
2015405CA1241,1,9,0,2,0,0,0,0,0,0,3,1,6,2,28,6,1229,1,9,-1,1,-1
2015405CA1242,1,9,0,18,0,1,0,0,0,0,1,1,6,3,-1,-1,-1,-1,-1,-1,-1,-1
2015405CA1242,2,9,0,3,0,1,0,0,0,0,2,1,2,1,27,6,1422,2,5,-1,1,-1
2015405CA1244,1,9,0,18,0,0,0,0,0,0,0,1,1,3,-1,-1,-1,-1,-1,-1,1,-1
2015405CA1244,2,9,0,4,0,0,0,0,0,0,2,1,6,1,36,7,1998,1,12,-1,1,-1
2015405CA1244,3,9,0,4,0,0,0,0,0,0,1,1,6,1,35,6,1598,7,12,-1,1,-1
2015405CA1245,1,9,0,1,0,0,0,0,0,0,2,1,2,1,26,6,1910,2,11,-1,1,-1
2015405CA1245,2,1,0,18,0,0,0,0,0,0,1,1,6,1,49,8,-1,-1,-1,-1,1,-1