Accident_Index,Vehicle_Reference,Vehicle_Type,Towing_and_Articulation,Vehicle_Manoeuvre,Vehicle_Location-Restricted_Lane,Junction_Location,Skidding_and_Overturning,Hit_Object_in_Carriageway,Vehicle_Leaving_Carriageway,Hit_Object_off_Carriageway,1st_Point_of_Impact,Was_Vehicle_Left_Hand_Drive?,Journey_Purpose_of_Driver,Sex_of_Driver,Age_of_Driver,Age_Band_of_Driver,Engine_Capacity_(CC),Propulsion_Code,Age_of_Vehicle,Driver_IMD_Decile,Driver_Home_Area_Type,Vehicle_IMD_Decile
2015405CA1246,1,19,0,18,0,8,0,0,0,0,3,1,1,1,53,8,2143,2,1,-1,1,-1
2015405CA1251,1,9,0,18,0,8,0,0,0,0,3,1,6,1,35,6,1797,8,6,-1,1,-1
2015405CA1251,2,9,0,10,0,8,0,0,0,0,4,1,6,2,19,4,998,1,9,-1,1,-1
2015405CA1256,1,9,0,6,5,2,0,0,0,0,1,1,6,1,35,6,1595,2,5,-1,-1,-1
2015405CA1256,2,1,0,18,5,1,0,0,0,0,3,1,6,1,27,6,-1,-1,-1,-1,1,-1
2015405CA1257,1,9,0,9,0,8,0,0,0,0,2,1,6,1,25,5,1998,2,14,-1,1,-1
2015405CA1257,2,9,0,18,0,8,0,0,0,0,3,1,6,2,28,6,1595,1,1,-1,1,-1
2015405CA1258,1,9,0,18,0,8,1,0,0,0,1,1,6,1,63,9,2987,2,4,-1,1,-1
2015405CA1258,2,9,0,18,0,8,1,0,0,0,4,1,6,1,-1,-1,973,1,17,-1,-1,-1
2015405CA1259,1,9,0,18,0,0,0,0,0,0,1,1,6,1,-1,-1,2143,2,2,-1,1,-1
2015405CA1259,2,9,0,4,0,0,0,0,0,0,2,1,6,1,78,11,1343,1,11,-1,1,-1
2015405CA1261,1,9,0,18,0,0,1,0,0,0,4,1,6,1,57,9,-1,-1,-1,-1,1,-1
2015405CA1264,1,9,0,9,0,8,1,0,7,11,1,1,6,1,20,4,1360,1,11,-1,1,-1
2015405CA1270,1,9,0,18,0,1,0,0,0,0,1,1,6,1,77,11,1598,1,13,-1,1,-1
2015405CA1272,1,5,0,13,0,8,0,0,0,0,1,1,2,1,31,6,649,1,9,-1,1,-1
2015405CA1272,2,9,0,9,0,8,0,0,0,0,3,1,1,1,49,8,1686,2,4,-1,1,-1
2015405CA1273,1,9,0,18,0,8,0,0,0,0,1,1,3,1,46,8,2143,2,1,-1,1,-1
2015405CA1274,1,9,0,1,0,1,0,0,0,0,2,1,6,3,-1,-1,3199,1,16,-1,-1,-1
2015405CA1274,2,9,0,2,0,1,0,0,0,0,1,1,6,3,-1,-1,1242,1,11,-1,-1,-1
2015405CA1280,1,9,0,10,0,8,0,0,0,0,2,1,6,1,38,7,1968,2,5,-1,1,-1
2015405CA1280,2,9,0,18,0,8,0,0,0,0,1,1,6,3,-1,-1,-1,-1,-1,-1,-1,-1
2015405CA1281,1,9,0,18,0,0,0,0,0,0,3,1,6,1,20,4,1910,2,8,-1,-1,-1
2015405CA1281,2,19,0,13,0,0,0,0,0,0,4,1,6,1,47,8,1998,2,9,-1,-1,-1
2015405CA1282,1,9,0,13,0,0,0,0,0,0,1,1,6,3,-1,-1,1968,2,9,-1,-1,-1
2015405CA1282,2,3,0,18,0,0,0,0,0,0,2,1,6,1,21,5,125,1,-1,-1,1,-1
2015405CA1285,1,9,0,18,0,8,0,0,0,0,4,1,6,1,30,6,-1,-1,-1,-1,-1,-1
2015405CA1286,1,9,0,3,0,1,0,0,0,0,2,1,6,1,30,6,1896,2,13,-1,1,-1
2015405CA1286,2,19,0,18,0,1,1,0,0,0,1,1,2,1,28,6,-1,-1,-1,-1,-1,-1
2015405CA1287,1,9,0,18,0,1,0,0,0,0,1,1,1,1,53,8,1364,1,9,-1,1,-1
2015405CA1291,1,9,0,18,0,0,0,0,0,0,4,1,6,1,52,8,1995,2,7,-1,1,-1
2015405CA1291,2,20,0,18,0,0,0,0,0,0,3,2,1,1,43,7,-1,-1,-1,-1,-1,-1
2015405CA1293,1,9,0,18,0,0,0,11,0,0,1,1,1,1,40,7,1598,1,10,-1,-1,-1
2015405CA1297,1,9,0,7,0,8,0,0,0,0,4,1,2,1,33,6,1753,2,5,-1,1,-1
2015405CA1297,2,8,0,18,0,8,0,0,0,0,1,1,1,1,44,7,1686,2,5,-1,1,-1
2015405CA1300,1,21,1,18,0,0,0,0,0,0,1,2,1,1,-1,-1,-1,-1,-1,-1,-1,-1
2015405CA1300,2,9,0,18,0,0,0,0,2,7,2,1,6,2,41,7,1598,1,12,-1,-1,-1
2015405CA1303,1,9,0,2,0,2,0,0,0,0,2,1,6,3,-1,-1,3199,1,13,-1,1,-1
2015405CA1303,2,9,0,2,0,2,0,0,0,0,1,1,6,3,-1,-1,1242,1,7,-1,1,-1
2015405CA1306,1,9,0,4,0,0,0,0,0,0,2,1,6,1,27,6,1390,1,5,-1,1,-1
2015405CA1306,2,9,0,4,0,0,0,0,0,0,2,1,6,2,46,8,1242,1,5,-1,1,-1
2015405CA1306,3,9,0,4,0,0,0,0,0,0,2,1,6,2,35,6,-1,-1,-1,-1,1,-1
2015405CA1306,4,9,0,18,0,0,0,0,0,0,1,1,6,1,33,6,2544,1,15,-1,1,-1
2015405CA1308,1,9,0,18,0,8,0,0,0,0,1,1,6,1,37,7,1686,2,11,-1,1,-1
2015405CA1308,2,9,0,9,0,8,0,0,0,0,1,1,6,2,55,8,1364,1,7,-1,1,-1
2015405CA1309,1,9,0,7,0,8,0,0,0,0,2,1,6,1,45,7,1598,1,-1,-1,1,-1
2015405CA1309,2,1,0,18,0,8,0,0,0,0,1,1,6,1,60,9,-1,-1,-1,-1,1,-1
2015405CA1311,1,9,0,18,0,0,0,0,0,0,1,1,6,2,24,5,1124,1,12,-1,2,-1
2015405CA1311,2,19,0,4,0,0,0,0,0,0,2,1,6,1,52,8,1998,2,9,-1,-1,-1
2015405CA1311,3,9,0,4,0,0,0,0,0,0,2,1,6,1,39,7,1969,2,1,-1,1,-1
2015405CA1323,1,8,0,9,0,8,0,0,0,0,4,1,1,1,30,6,1560,2,5,-1,1,-1
2015405CA1323,2,9,0,18,0,8,0,0,0,0,1,1,6,1,48,8,1598,1,12,-1,1,-1
2015405CA1324,1,9,0,13,0,8,2,0,7,11,1,1,6,1,21,5,1781,1,14,-1,1,-1
2015405CA1324,2,9,0,9,0,8,0,0,0,0,3,1,6,1,24,5,1496,2,-1,-1,1,-1
2015405CA1325,1,9,0,4,0,2,0,0,0,0,0,1,1,2,-1,-1,2400,2,1,-1,1,-1
2015405CA1325,2,2,0,9,0,8,1,0,0,0,3,1,6,1,17,4,49,1,1,-1,3,-1
2015405CA1326,1,9,0,18,0,1,0,0,0,0,1,1,6,1,62,9,1242,1,9,-1,1,-1
2015405CA1326,2,9,0,18,0,2,0,0,0,0,1,1,1,1,65,9,1497,8,7,-1,1,-1
2015405CA1327,1,9,0,9,0,5,0,0,0,0,1,1,6,2,36,7,1796,1,6,-1,1,-1
2015405CA1332,1,9,0,1,0,1,0,0,0,0,2,1,6,1,-1,-1,1198,1,11,-1,-1,-1
2015405CA1332,2,9,0,3,0,1,0,0,0,0,4,1,6,2,46,8,1598,1,2,-1,1,-1
2015405CA1333,1,9,0,18,0,0,0,0,0,0,1,1,6,2,46,8,1598,1,8,-1,1,-1
2015405CA1336,1,3,0,4,0,1,1,0,0,0,1,1,2,1,20,4,124,1,-1,-1,1,-1
2015405CA1336,2,11,0,4,0,1,0,0,0,0,2,1,1,1,52,8,9360,2,4,-1,-1,-1
2015405CA1351,1,19,0,18,0,0,0,0,0,0,1,1,6,1,68,10,2143,2,4,-1,2,-1
2015405CA1351,2,9,0,18,0,0,0,0,0,0,1,1,6,1,37,7,1598,1,8,-1,1,-1
2015405CA1352,1,9,0,9,0,8,0,0,0,0,1,1,6,1,47,8,1984,7,10,-1,1,-1
2015405CA1352,2,3,0,18,0,8,0,0,0,0,2,1,6,1,23,5,125,1,-1,-1,1,-1
2015405CA1355,1,3,0,18,0,0,1,0,8,2,1,1,6,1,18,4,125,1,6,-1,1,-1
2015405CA1355,2,9,0,18,0,0,0,0,0,0,0,1,6,3,-1,-1,-1,-1,-1,-1,-1,-1
2015405CA1367,1,9,0,18,0,8,0,0,0,0,1,1,6,2,30,6,1800,1,16,-1,-1,-1
2015405CA1367,2,9,0,4,0,8,0,0,0,0,2,1,6,2,40,7,1598,1,10,-1,1,-1
2015405CA1372,1,8,0,9,0,8,0,0,0,0,1,1,1,1,28,6,1910,2,8,-1,1,-1
2015405CA1373,1,9,0,18,0,0,0,0,0,0,1,1,6,2,37,7,1598,1,9,-1,1,-1
2015405CA1373,2,9,0,2,0,0,0,0,0,0,2,1,6,3,-1,-1,4398,1,12,-1,1,-1
2015405CA1375,1,9,0,18,0,0,0,0,0,0,1,1,6,1,65,9,1598,1,12,-1,1,-1
2015405CA1375,2,9,0,4,0,0,0,0,0,0,2,1,6,1,27,6,2204,2,9,-1,1,-1
2015405CA1375,3,9,0,4,0,0,0,0,0,0,2,1,6,1,22,5,1240,1,11,-1,3,-1
2015405CA1378,1,21,1,11,0,0,0,0,0,0,4,1,1,1,50,8,12777,2,6,-1,2,-1
2015405CA1378,2,9,0,18,0,0,1,0,0,0,3,1,6,1,30,6,2148,2,7,-1,1,-1
2015405CA1378,3,19,0,18,0,0,0,0,0,0,1,1,6,1,40,7,1995,2,1,-1,1,-1
2015405CA1379,1,8,0,18,0,1,0,0,0,0,1,1,1,1,21,5,1598,1,10,-1,1,-1
2015405CA1379,2,9,0,3,0,1,0,0,0,0,2,1,6,2,41,7,998,1,3,-1,1,-1
2015405CA1395,1,9,0,3,0,1,0,0,0,0,2,1,6,2,47,8,1598,1,12,-1,1,-1
2015405CA1395,2,9,0,18,0,1,0,0,0,0,1,1,6,2,-1,-1,-1,-1,-1,-1,-1,-1
2015405CA1406,1,3,0,13,0,8,0,0,0,0,1,1,6,1,19,4,124,1,7,-1,1,-1
2015405CA1406,2,9,0,9,0,8,0,0,0,0,3,1,6,2,48,8,1396,1,12,-1,1,-1
2015405CA1409,1,9,0,9,0,8,0,0,0,0,3,1,6,2,50,8,1796,1,12,-1,1,-1
2015405CA1409,2,9,0,18,0,8,0,0,0,0,1,1,6,1,61,9,1389,1,13,-1,1,-1
2015405CA1412,1,9,0,9,0,8,0,0,0,0,1,1,2,2,30,6,2979,1,14,-1,1,-1
2015405CA1412,2,1,0,18,0,8,0,0,0,0,4,1,2,2,27,6,-1,-1,-1,-1,1,-1
2015405CA1425,1,9,0,9,0,8,0,0,0,0,2,1,6,1,29,6,1398,1,12,-1,1,-1
2015405CA1425,2,9,0,18,0,8,0,0,0,0,4,1,6,1,50,8,1598,2,-1,-1,1,-1
2015405CA1426,1,9,0,9,0,8,0,0,0,0,0,1,6,3,-1,-1,-1,-1,-1,-1,-1,-1
2015405CA1426,2,9,0,18,0,1,1,0,1,1,1,1,6,1,25,5,2148,2,11,-1,1,-1
2015405CA1428,1,9,0,9,0,8,0,0,0,0,3,1,6,2,42,7,1598,1,10,-1,1,-1
2015405CA1428,2,9,0,18,0,8,0,0,0,0,1,1,6,1,39,7,1686,2,13,-1,1,-1
2015405CA1432,1,9,0,18,0,0,1,0,0,0,1,1,2,2,30,6,1796,1,4,-1,1,-1
2015405CA1432,2,9,0,18,0,0,0,0,0,0,3,1,6,1,-1,-1,-1,-1,-1,-1,-1,-1
2015405CA1436,1,9,0,7,0,8,0,0,0,0,1,1,6,2,30,6,1995,2,-1,-1,-1,-1
2015405CA1436,2,8,0,18,0,1,0,0,0,0,1,1,1,1,55,8,1896,2,12,-1,1,-1
2015405CA1437,1,8,0,9,0,8,0,0,0,0,3,1,6,1,45,7,1995,2,10,-1,1,-1
2015405CA1437,2,9,0,18,0,8,0,0,0,0,1,1,6,1,23,5,1910,2,8,-1,1,-1
2015405CA1440,1,2,0,4,0,1,1,0,0,0,1,1,6,1,18,4,49,1,1,-1,1,-1
2015405CA1440,2,9,0,4,0,1,0,0,0,0,2,1,6,2,23,5,1248,2,8,-1,1,-1
2015405CA1445,1,9,0,18,0,1,0,0,0,0,3,1,6,2,23,5,1229,1,7,-1,1,-1
2015405CA1447,1,9,0,18,0,0,0,4,0,0,1,1,2,1,82,11,1798,8,2,-1,1,-1
2015405CA1447,2,9,0,2,0,0,0,4,0,0,2,1,6,3,-1,-1,2000,2,11,-1,-1,-1
2015405CA1447,3,9,0,2,0,0,0,0,0,0,2,1,6,3,-1,-1,1598,1,6,-1,-1,-1
2015405CA1448,1,9,0,17,0,1,0,0,0,0,1,1,6,1,-1,-1,-1,-1,-1,-1,-1,-1
2015405CA1448,2,5,0,18,0,2,0,0,0,0,1,1,1,1,36,7,599,1,16,-1,1,-1
2015405CA1450,1,21,1,12,0,0,0,0,0,0,3,2,1,1,-1,-1,-1,-1,-1,-1,-1,-1
2015405CA1450,2,9,0,13,0,0,1,0,0,0,4,1,2,2,57,9,1598,1,3,-1,3,-1
2015405CA1451,1,9,0,18,0,0,0,0,0,0,1,1,6,1,35,6,-1,-1,-1,-1,1,-1
2015405CA1451,2,9,0,3,0,0,0,0,0,0,2,1,1,2,29,6,1364,1,5,-1,1,-1
2015405CA1452,1,9,0,18,0,8,0,0,0,0,4,1,6,1,24,5,1910,2,7,-1,1,-1
2015405CA1452,2,9,0,9,0,8,0,0,0,0,1,1,6,1,49,8,1796,1,9,-1,1,-1
2015405CA1454,1,19,0,13,0,0,0,0,0,0,2,1,6,3,-1,-1,4500,2,7,-1,-1,-1
2015405CA1454,2,1,0,18,0,0,0,0,0,0,3,1,6,1,57,9,-1,-1,-1,-1,1,-1
2015405CA1455,1,21,1,18,0,0,0,0,0,0,1,1,1,1,30,6,12419,2,-1,-1,1,-1
2015405CA1455,2,9,0,2,0,0,0,0,1,0,2,1,6,1,32,6,2401,2,8,-1,1,-1
2015405CA1455,3,9,0,2,0,0,0,0,0,0,2,1,6,3,-1,-1,1896,2,11,-1,-1,-1
2015405CA1455,4,9,0,2,0,0,0,0,0,0,2,1,6,3,-1,-1,1497,8,4,-1,-1,-1
2015405CA1456,1,9,0,18,0,1,0,0,0,0,1,1,2,2,39,7,1998,2,10,-1,1,-1
2015405CA1456,2,11,0,18,0,2,0,0,0,0,0,1,1,1,45,7,4461,2,-1,-1,1,-1
2015405CA1459,1,9,0,18,0,8,0,0,0,0,1,1,6,3,-1,-1,2993,2,6,-1,-1,-1
2015405CA1459,2,9,0,4,0,8,0,0,0,0,2,1,6,1,20,4,1299,1,10,-1,1,-1
2015405CA1460,1,9,0,18,0,0,0,0,0,0,1,1,6,3,-1,-1,1197,1,1,-1,-1,-1
2015405CA1460,2,9,0,4,0,0,0,0,0,0,2,1,6,1,29,6,1686,2,12,-1,1,-1
2015405CA1464,1,9,0,6,9,8,0,0,0,0,1,1,6,1,40,7,1769,1,10,-1,-1,-1
2015405CA1468,1,9,0,18,0,1,0,0,0,0,0,1,1,1,35,6,-1,-1,-1,-1,1,-1
2015405CA1468,2,9,0,18,0,8,1,0,1,11,1,1,6,1,-1,-1,1796,1,11,-1,-1,-1
2015405CA1468,3,9,0,2,9,2,0,0,0,0,2,1,6,3,-1,-1,1995,1,7,-1,-1,-1
2015405CA1468,4,9,0,2,9,2,0,0,0,0,2,1,6,3,-1,-1,1995,2,1,-1,-1,-1
2015405CA1468,5,9,0,2,9,2,0,0,0,0,3,1,6,3,-1,-1,1390,1,6,-1,-1,-1
2015405CA1468,6,9,0,2,9,2,0,0,0,0,3,1,6,3,-1,-1,1242,1,16,-1,-1,-1
2015405CA1468,7,9,0,2,9,2,0,0,0,0,4,1,6,3,-1,-1,998,1,11,-1,-1,-1
2015405CA1469,1,2,0,4,0,0,0,0,0,0,1,1,2,1,24,5,49,1,-1,-1,3,-1
2015405CA1469,2,19,0,4,0,0,0,0,0,0,2,1,6,1,-1,-1,2198,2,3,-1,-1,-1
2015405CA1476,1,9,0,18,0,0,0,0,0,0,1,1,2,1,21,5,1199,1,13,-1,1,-1
2015405CA1477,1,9,0,18,0,0,0,0,0,0,1,1,6,2,37,7,1364,1,8,-1,1,-1
2015405CA1477,2,1,0,18,0,0,0,0,0,0,1,1,4,2,9,2,-1,-1,-1,-1,1,-1
2015405CA1479,1,9,0,17,0,0,0,2,0,0,1,1,6,2,32,6,1598,1,9,-1,3,-1
2015405CA1479,2,90,0,2,0,0,0,0,0,0,2,1,6,3,-1,-1,-1,-1,-1,-1,-1,-1
2015405CA1484,1,9,0,18,0,0,0,0,0,0,1,1,6,1,35,6,-1,-1,-1,-1,-1,-1
2015405CA1485,1,9,0,18,0,8,0,0,0,0,1,1,6,2,30,6,-1,-1,-1,-1,-1,-1
2015405CA1486,1,9,0,18,9,1,0,0,0,0,1,1,6,3,-1,-1,-1,-1,-1,-1,-1,-1
2015405CA1489,1,2,0,18,0,8,0,0,0,0,1,1,6,1,17,4,49,1,12,-1,1,-1
2015405CA1489,2,9,0,9,0,8,0,0,0,0,4,1,1,1,60,9,1796,1,15,-1,1,-1
2015405CA1491,1,9,0,18,0,0,0,0,0,0,0,1,6,3,-1,-1,-1,-1,-1,-1,-1,-1
2015405CA1491,2,9,0,18,0,0,0,4,0,0,1,1,1,1,26,6,1998,1,-1,-1,1,-1
2015405CA1491,3,9,0,2,0,0,0,0,0,0,4,1,6,3,-1,-1,2987,2,5,-1,-1,-1
2015405CA1493,1,9,0,9,0,8,0,0,0,0,1,1,6,1,-1,-1,1598,1,6,-1,-1,-1
2015405CA1493,2,9,0,18,0,8,0,0,0,0,3,1,6,2,31,6,1368,1,8,-1,3,-1
2015405CA1494,1,9,0,7,0,8,0,0,7,11,1,1,6,2,21,5,1360,1,8,-1,1,-1
2015405CA1495,1,8,0,18,0,2,0,0,0,0,3,1,1,1,34,6,1797,8,5,-1,1,-1
2015405CA1495,2,8,0,18,0,1,0,0,0,0,3,1,2,1,42,7,2499,2,5,-1,1,-1
2015405CA1496,1,3,0,18,0,2,0,0,0,0,1,1,6,1,25,5,-1,-1,-1,-1,1,-1
2015405CA1496,2,9,0,4,0,1,0,0,0,0,1,1,1,1,29,6,1582,2,7,-1,1,-1
2015405CA1497,1,9,0,18,0,1,0,0,0,0,1,1,6,1,22,5,-1,-1,-1,-1,1,-1
2015405CA1497,2,19,0,4,0,1,0,0,0,0,2,1,6,1,43,7,-1,-1,-1,-1,1,-1
2015405CA1498,1,9,0,18,0,1,0,0,0,0,1,1,6,3,-1,-1,-1,-1,-1,-1,-1,-1
2015405CA1499,1,98,1,12,0,0,0,0,0,0,0,1,6,3,-1,-1,-1,-1,-1,-1,-1,-1
2015405CA1499,2,9,0,4,0,0,0,0,0,0,2,1,6,2,55,8,1329,1,2,-1,1,-1
2015405CA1499,3,9,0,18,0,0,0,0,0,0,1,1,6,2,27,6,1390,1,2,-1,1,-1
2015405CA1499,4,9,0,18,0,0,0,0,0,0,1,1,6,2,56,9,1461,2,3,-1,1,-1
2015405CA1499,5,9,0,18,0,0,0,0,0,0,1,1,6,3,-1,-1,1598,1,3,-1,-1,-1
2015405CA1499,6,9,0,18,0,0,0,0,0,0,1,1,6,3,-1,-1,-1,-1,-1,-1,-1,-1
2015405CA1506,1,9,0,18,9,1,0,0,0,0,1,1,6,3,-1,-1,-1,-1,-1,-1,-1,-1
2015405CA1508,1,9,0,18,0,0,0,0,0,0,1,1,6,2,32,6,1461,2,1,-1,3,-1
2015405CA1508,2,9,0,4,0,0,0,0,0,0,2,1,6,1,50,8,2993,2,4,-1,1,-1
2015405CA1510,1,9,0,6,0,1,0,0,0,0,3,1,6,2,26,6,1229,1,9,-1,1,-1
2015405CA1510,2,5,0,18,0,1,0,0,0,0,1,1,6,1,22,5,-1,-1,-1,-1,1,-1
2015405CA1511,1,5,0,13,0,8,1,0,0,0,1,1,6,1,27,6,749,1,6,-1,1,-1
2015405CA1511,2,9,0,9,0,8,0,0,0,0,3,1,1,1,31,6,1995,2,12,-1,1,-1
2015405CA1511,3,9,0,18,0,1,0,0,0,0,0,1,6,1,31,6,1797,8,5,-1,1,-1
2015405CA1511,4,9,0,2,0,2,0,0,0,0,2,1,6,3,-1,-1,1686,2,5,-1,-1,-1
2015405CA1512,1,9,0,18,0,0,0,0,0,0,1,1,6,1,-1,-1,-1,-1,-1,-1,-1,-1
2015405CA1516,1,21,0,18,0,0,0,0,4,6,1,1,6,1,49,8,9200,2,5,-1,1,-1
2015405CA1520,1,8,0,3,0,1,0,0,0,0,2,1,1,1,55,8,1686,2,10,-1,-1,-1
2015405CA1520,2,9,0,4,0,1,0,0,0,0,1,1,6,1,-1,-1,-1,-1,-1,-1,-1,-1
2015405CA1525,1,9,0,9,0,8,0,0,0,0,3,1,6,1,-1,-1,-1,-1,-1,-1,-1,-1
2015405CA1525,2,9,0,18,0,8,0,0,0,0,1,1,1,2,42,7,1995,2,10,-1,1,-1
2015405CA1527,1,21,1,9,0,8,0,0,0,0,1,1,1,1,43,7,10837,2,1,-1,1,-1
2015405CA1527,2,9,0,18,0,8,0,0,0,0,1,1,6,1,49,8,-1,-1,-1,-1,1,-1
2015405CA1528,1,9,0,18,0,8,0,0,0,0,1,1,6,2,-1,-1,1587,1,11,-1,1,-1
2015405CA1528,2,9,0,10,0,8,0,0,0,0,2,1,6,1,29,6,1398,2,13,-1,1,-1
2015405CA1537,1,9,0,18,0,4,0,0,0,0,1,1,6,2,24,5,1199,1,11,-1,1,-1
2015405CA1537,2,1,0,18,0,8,0,0,0,0,4,1,6,1,51,8,-1,-1,-1,-1,1,-1
2015405CA1540,1,9,0,18,0,3,0,0,0,0,1,1,6,1,81,11,1086,1,10,-1,1,-1
2015405CA1541,1,9,0,18,0,1,0,0,0,0,1,1,6,3,-1,-1,-1,-1,-1,-1,-1,-1
2015405CA1541,2,8,0,4,0,1,0,0,0,0,2,1,1,1,35,6,1896,2,8,-1,1,-1
2015405CA1542,1,9,0,8,0,8,0,0,0,0,4,1,6,2,30,6,1956,2,2,-1,1,-1
2015405CA1542,2,3,0,18,0,8,0,0,0,0,1,1,6,1,20,4,124,1,3,-1,3,-1
2015405CA1543,1,9,0,18,0,0,0,0,0,0,4,1,6,1,61,9,1998,2,1,-1,1,-1
2015405CA1546,1,9,0,18,0,0,0,0,0,0,1,1,6,1,54,8,1985,1,14,-1,1,-1
2015405CA1546,2,9,0,18,0,0,0,0,0,0,1,1,6,1,56,9,2993,2,9,-1,1,-1
2015405CA1550,1,9,0,12,0,0,1,0,0,0,1,1,6,1,31,6,1199,1,12,-1,1,-1
2015405CA1550,2,9,0,3,0,0,0,0,0,0,2,1,6,2,29,6,1598,1,11,-1,1,-1
2015405CA1550,3,9,0,3,0,0,0,0,0,0,2,1,6,1,45,7,-1,-1,-1,-1,1,-1
2015405CA1553,1,5,0,7,0,1,0,0,0,0,1,1,6,1,44,7,1084,1,17,-1,1,-1
2015405CA1554,1,9,0,9,0,8,0,0,0,0,4,1,6,2,38,7,1248,2,4,-1,1,-1
2015405CA1554,2,9,0,18,0,8,0,0,0,0,1,1,6,1,21,5,1995,2,9,-1,1,-1
2015405CA1559,1,3,0,13,0,0,0,0,0,0,0,1,6,1,38,7,-1,-1,-1,-1,1,-1
2015405CA1559,2,9,0,12,0,0,0,0,0,0,0,1,6,3,-1,-1,998,1,6,-1,-1,-1
2015405CA1566,1,9,0,18,0,8,0,0,0,0,3,1,6,1,36,7,-1,-1,-1,-1,1,-1
2015405CA1566,2,9,0,18,0,8,0,0,0,0,3,1,6,1,35,6,1956,2,2,-1,1,-1
2015405CA1570,1,9,0,18,0,0,0,0,0,0,3,1,6,1,68,10,1783,1,19,-1,1,-1
2015405CA1570,2,9,0,18,0,0,0,0,0,0,1,1,6,2,33,6,-1,-1,-1,-1,1,-1
2015405CA1570,3,9,0,18,0,0,0,0,0,0,1,1,6,1,22,5,1998,2,-1,-1,1,-1
2015405CA1572,1,9,0,18,0,8,0,0,0,0,1,1,1,1,20,4,1598,2,-1,-1,1,-1
2015405CA1572,2,9,0,8,0,1,0,0,0,0,1,1,6,1,56,9,-1,-1,-1,-1,1,-1
2015405CA1574,1,9,0,18,0,0,0,0,5,6,3,1,6,3,-1,-1,2143,2,3,-1,-1,-1
2015405CA1574,2,9,0,18,0,0,0,0,0,0,3,1,2,2,41,7,1753,2,8,-1,2,-1
2015405CA1578,1,9,0,4,0,1,1,0,0,0,1,1,2,1,28,6,1390,1,10,-1,1,-1
2015405CA1578,2,9,0,4,0,1,0,0,0,0,2,1,6,1,51,8,1997,2,7,-1,2,-1
2015405CA1580,1,9,0,9,0,8,0,0,0,0,1,1,6,1,31,6,1248,2,8,-1,1,-1
2015405CA1580,2,9,0,1,0,8,0,0,0,0,1,1,6,2,48,8,1598,1,-1,-1,2,-1
2015405CA1581,1,9,0,1,0,2,0,0,0,0,2,1,6,1,32,6,1997,2,7,-1,1,-1
2015405CA1583,1,9,0,18,0,1,0,0,0,0,1,1,6,1,27,6,-1,-1,-1,-1,-1,-1
2015405CA1583,2,9,0,3,0,1,0,0,0,0,2,1,6,2,50,8,1597,1,6,-1,1,-1
2015405DA0003,1,9,0,18,0,1,0,0,0,0,1,-1,2,2,55,8,1997,1,11,-1,1,-1
2015405DA0003,2,9,0,2,0,1,0,0,0,0,2,-1,1,1,-1,-1,-1,-1,-1,-1,-1,-1
2015405DA0004,1,3,0,16,0,0,1,0,0,0,4,1,2,1,20,4,125,1,1,-1,1,-1
2015405DA0005,1,9,0,17,0,0,1,0,7,9,1,-1,6,1,-1,-1,-1,-1,-1,-1,2,-1
2015405DA0005,2,9,0,17,0,0,1,0,7,9,4,-1,6,1,26,6,-1,-1,-1,-1,2,-1
2015405DA0007,1,9,0,18,0,8,0,0,0,0,1,-1,2,2,43,7,1364,1,6,-1,1,-1
2015405DA0008,1,19,0,1,0,8,0,0,0,0,2,-1,1,1,-1,-1,2143,2,1,-1,-1,-1
2015405DA0010,1,9,0,12,0,0,5,0,5,6,3,-1,6,1,72,10,1324,1,16,-1,1,-1
2015405DA0010,2,9,0,18,0,0,0,0,5,6,3,-1,6,2,46,8,2720,2,8,-1,1,-1
2015405DA0010,3,9,0,18,0,0,0,0,0,0,3,-1,6,1,40,7,2993,2,2,-1,1,-1
2015405DA0010,4,21,1,18,0,0,0,0,0,0,4,-1,1,1,33,6,12740,2,3,-1,1,-1
2015405DA0013,1,9,0,18,0,0,0,0,7,0,1,-1,2,1,50,8,1061,1,12,-1,1,-1
2015405DA0013,2,8,0,18,0,0,0,0,0,0,1,-1,1,1,31,6,1997,2,10,-1,1,-1
2015405DA0014,1,21,4,12,0,0,0,0,0,0,1,-1,1,1,26,6,-1,-1,-1,-1,-1,-1
2015405DA0014,2,9,0,18,0,0,0,0,0,0,4,-1,6,1,41,7,1995,1,7,-1,1,-1
2015405DA0016,1,9,0,18,0,4,0,0,0,0,3,-1,2,1,53,8,1951,2,14,-1,3,-1
2015405DA0016,2,1,4,18,0,8,0,0,0,0,1,1,1,1,15,3,-1,-1,-1,-1,1,-1
2015405DA0019,1,9,0,5,0,0,0,0,0,0,1,-1,6,2,70,10,-1,-1,-1,-1,3,-1
2015405DA0020,1,9,0,18,0,0,0,0,0,0,1,-1,1,1,31,6,-1,-1,-1,-1,1,-1
2015405DA0020,2,9,0,4,0,0,0,0,0,0,2,-1,6,2,35,6,1296,1,9,-1,1,-1
2015405DA0021,1,2,0,18,0,4,0,0,0,0,2,1,6,1,24,5,49,1,1,-1,-1,-1
2015405DA0021,2,9,0,6,0,8,0,0,0,0,4,-1,6,1,33,6,-1,-1,-1,-1,1,-1
2015405DA0028,1,9,0,3,0,0,0,0,0,0,2,-1,6,2,50,8,-1,-1,-1,-1,1,-1
2015405DA0028,2,19,0,18,0,0,0,0,0,0,1,-1,6,1,57,9,2402,2,4,-1,-1,-1
2015405DA0029,1,9,0,9,0,8,0,0,0,0,4,-1,6,1,86,11,1598,1,6,-1,3,-1
2015405DA0029,2,9,0,18,0,8,0,0,0,0,1,-1,6,1,25,5,1910,2,7,-1,1,-1
2015405DA0029,3,9,0,10,0,8,0,0,0,0,1,-1,6,2,-1,-1,1389,1,15,-1,1,-1
2015405DA0030,1,9,0,9,0,6,0,0,0,0,3,-1,2,1,42,7,-1,-1,-1,-1,3,-1
2015405DA0030,2,9,0,18,0,8,0,0,0,0,1,-1,2,1,43,7,1896,2,12,-1,1,-1
2015405DA0031,1,9,0,17,0,0,1,0,1,10,1,-1,6,1,22,5,-1,-1,-1,-1,3,-1
2015405DA0035,1,5,0,18,0,0,0,0,1,10,1,1,6,1,55,8,535,1,24,-1,-1,-1
2015405DA0036,1,21,1,9,0,6,0,0,0,0,3,-1,1,1,29,6,12900,2,8,-1,1,-1