Accident_Index,Vehicle_Reference,Vehicle_Type,Towing_and_Articulation,Vehicle_Manoeuvre,Vehicle_Location-Restricted_Lane,Junction_Location,Skidding_and_Overturning,Hit_Object_in_Carriageway,Vehicle_Leaving_Carriageway,Hit_Object_off_Carriageway,1st_Point_of_Impact,Was_Vehicle_Left_Hand_Drive?,Journey_Purpose_of_Driver,Sex_of_Driver,Age_of_Driver,Age_Band_of_Driver,Engine_Capacity_(CC),Propulsion_Code,Age_of_Vehicle,Driver_IMD_Decile,Driver_Home_Area_Type,Vehicle_IMD_Decile
2015405DA0036,2,9,0,18,0,8,0,0,1,0,1,-1,1,1,59,9,-1,-1,-1,-1,1,-1
2015405DA0037,1,9,0,18,0,0,0,0,0,0,1,-1,2,1,23,5,1686,2,2,-1,1,-1
2015405DA0037,2,9,0,4,0,0,0,0,0,0,2,-1,2,1,25,5,1995,1,12,-1,1,-1
2015405DA0040,1,21,1,12,0,0,0,0,1,7,3,-1,1,1,66,10,-1,-1,-1,-1,-1,-1
2015405DA0040,2,9,0,13,0,0,1,0,1,7,4,-1,1,1,43,7,-1,-1,-1,-1,1,-1
2015405DA0044,1,9,0,18,0,4,0,0,0,0,1,-1,1,1,41,7,1560,2,2,-1,2,-1
2015405DA0044,2,9,0,9,0,8,0,0,0,0,4,-1,6,2,51,8,1364,1,1,-1,1,-1
2015405DA0046,1,9,0,4,0,1,0,0,0,0,1,-1,1,1,24,5,1598,2,1,-1,3,-1
2015405DA0046,2,9,0,3,0,1,0,0,0,0,2,-1,6,2,36,7,998,1,5,-1,1,-1
2015405DA0047,1,9,0,3,0,0,0,0,0,0,2,-1,1,1,35,6,-1,-1,-1,-1,1,-1
2015405DA0047,2,19,0,4,0,0,0,0,0,0,1,-1,1,1,37,7,-1,-1,-1,-1,1,-1
2015405DA0047,3,9,0,3,0,0,0,0,0,0,2,-1,6,1,45,7,1461,2,11,-1,1,-1
2015405DA0047,4,21,1,3,0,0,0,0,0,0,3,-1,1,3,-1,-1,-1,-1,-1,-1,-1,-1
2015405DA0048,1,9,0,18,0,0,0,0,0,0,1,-1,6,2,35,6,1388,1,9,-1,1,-1
2015405DA0048,2,9,0,18,0,0,0,0,0,0,1,-1,6,2,43,7,1598,2,-1,-1,1,-1
2015405DA0050,1,9,0,18,0,8,5,9,0,1,1,-1,2,2,23,5,973,1,13,-1,1,-1
2015405DA0054,1,9,0,18,0,0,2,0,1,4,4,-1,6,1,25,5,1598,1,12,-1,1,-1
2015405DA0055,1,9,0,7,0,1,0,0,0,0,0,-1,1,1,53,8,2400,2,1,-1,1,-1
2015405DA0055,2,9,0,18,0,8,0,0,0,0,2,-1,6,2,46,8,1968,2,2,-1,2,-1
2015405DA0055,3,9,0,3,0,8,0,0,0,0,2,-1,6,2,33,6,-1,-1,-1,-1,3,-1
2015405DA0058,1,9,0,18,0,1,0,0,0,0,4,-1,6,3,-1,-1,-1,-1,-1,-1,-1,-1
2015405DA0060,1,9,0,18,0,0,0,4,0,0,1,-1,6,2,54,8,1896,2,12,-1,3,-1
2015405DA0060,2,9,0,2,0,0,0,0,0,0,2,-1,6,3,-1,-1,1796,1,8,-1,2,-1
2015405DA0063,1,9,0,18,0,2,0,0,0,0,1,-1,3,2,34,6,-1,-1,-1,-1,-1,-1
2015405DA0063,2,1,0,9,0,6,0,0,0,0,3,1,3,2,11,3,-1,-1,-1,-1,1,-1
2015405DA0065,1,9,0,18,0,0,2,0,7,10,1,-1,1,2,20,4,-1,-1,-1,-1,1,-1
2015405DA0066,1,9,0,5,0,6,1,0,0,0,3,-1,2,1,47,8,2993,2,3,-1,3,-1
2015405DA0066,2,9,0,18,0,8,0,0,0,0,1,-1,1,1,52,8,2987,2,4,-1,1,-1
2015405DA0067,1,9,0,17,0,0,0,0,1,9,1,-1,6,1,42,7,1199,1,13,-1,1,-1
2015405DA0070,1,9,0,18,0,0,0,0,7,0,1,-1,1,1,30,6,1998,1,8,-1,1,-1
2015405DA0074,1,9,0,5,8,0,0,0,0,0,1,1,6,1,70,10,1461,2,-1,-1,-1,-1
2015405DA0074,2,9,0,18,0,0,5,0,0,0,4,1,6,1,42,7,-1,-1,-1,-1,3,-1
2015405DA0078,1,11,0,18,6,0,0,4,0,0,1,-1,1,1,76,11,12000,2,12,-1,1,-1
2015405DA0078,2,9,0,2,6,0,0,0,0,0,2,-1,6,1,59,9,1896,2,15,-1,1,-1
2015405DA0078,3,9,0,18,0,0,0,0,0,0,0,-1,6,1,57,9,2000,1,8,-1,1,-1
2015405DA0081,1,9,0,4,9,0,0,0,0,0,4,-1,6,2,-1,-1,-1,-1,-1,-1,-1,-1
2015405DA0085,1,19,0,6,0,8,0,0,0,0,4,-1,6,3,-1,-1,2198,2,5,-1,-1,-1
2015405DA0085,2,5,0,18,0,8,0,0,0,0,1,1,6,1,53,8,592,1,21,-1,1,-1
2015405DA0086,1,9,0,6,0,8,0,0,0,0,4,-1,6,1,-1,-1,-1,-1,-1,-1,-1,-1
2015405DA0086,2,9,0,18,0,8,0,0,0,0,1,-1,1,1,35,6,1910,2,8,-1,1,-1
2015405DA0087,1,9,0,18,0,1,0,0,0,0,1,-1,6,1,20,4,1299,1,15,-1,1,-1
2015405DA0087,2,9,0,10,0,1,0,0,0,0,2,-1,6,2,54,8,1596,1,1,-1,1,-1
2015405DA0092,1,9,0,17,0,0,1,0,0,0,4,-1,2,1,40,7,-1,-1,-1,-1,1,-1
2015405DA0092,2,21,0,18,0,0,0,0,0,0,1,-1,1,1,41,7,4461,2,3,-1,1,-1
2015405DA0097,1,9,0,18,0,0,0,0,0,0,1,-1,6,1,62,9,998,1,1,-1,1,-1
2015405DA0097,2,9,0,4,0,0,0,0,0,0,2,-1,6,2,60,9,1560,2,3,-1,1,-1
2015405DA0097,3,19,0,4,0,0,0,0,0,0,2,-1,6,1,40,7,1686,2,12,-1,-1,-1
2015405DA0098,1,9,0,17,0,0,1,0,0,0,1,-1,6,2,44,7,1229,1,10,-1,1,-1
2015405DA0098,2,19,0,16,0,0,0,0,0,0,3,-1,1,1,48,8,2874,2,16,-1,3,-1
2015405DA0101,1,9,0,4,0,0,0,0,0,0,1,-1,1,1,36,7,1797,8,6,-1,-1,-1
2015405DA0101,2,9,0,18,0,0,0,0,0,0,2,-1,6,1,22,5,1596,1,6,-1,1,-1
2015405DA0102,1,9,0,17,0,0,1,0,1,1,1,-1,1,1,30,6,-1,-1,-1,-1,1,-1
2015405DA0103,1,2,0,4,0,0,0,0,0,0,1,1,6,1,35,6,49,1,4,-1,1,-1
2015405DA0103,2,9,0,4,0,0,0,0,0,0,2,-1,6,2,46,8,1910,2,8,-1,-1,-1
2015405DA0103,3,20,0,18,0,0,0,0,0,0,0,-1,1,3,-1,-1,-1,-1,-1,-1,-1,-1
2015405DA0106,1,9,0,5,0,0,0,0,0,0,1,-1,3,2,36,7,1685,2,1,-1,1,-1
2015405DA0107,1,9,0,18,0,8,0,0,0,0,1,-1,1,1,-1,-1,1398,1,1,-1,1,-1
2015405DA0107,2,1,0,4,0,8,1,0,0,0,4,1,2,1,29,6,-1,-1,-1,-1,1,-1
2015405DA0109,1,3,0,4,0,0,1,0,0,0,3,1,2,1,22,5,124,1,3,-1,1,-1
2015405DA0109,2,9,0,3,0,0,0,0,0,0,0,-1,6,1,58,9,1395,1,-1,-1,1,-1
2015405DA0110,1,19,0,17,0,0,5,0,1,4,1,-1,1,1,26,6,-1,-1,-1,-1,3,-1
2015405DA0111,1,9,0,5,0,1,0,0,0,0,1,-1,1,1,52,8,1998,1,1,-1,1,-1
2015405DA0115,1,9,0,18,0,8,0,0,7,9,1,-1,6,2,30,6,-1,-1,-1,-1,1,-1
2015405DA0115,2,9,0,9,0,8,0,0,0,0,3,-1,6,1,68,10,-1,-1,-1,-1,1,-1
2015405DA0117,1,9,0,18,0,0,0,0,0,0,4,-1,6,2,25,5,1796,1,10,-1,-1,-1
2015405DA0119,1,9,0,16,0,0,0,0,0,0,1,-1,1,1,32,6,-1,-1,-1,-1,3,-1
2015405DA0119,2,19,0,18,0,0,0,0,0,0,1,-1,1,1,43,7,-1,-1,-1,-1,1,-1
2015405DA0120,1,9,0,9,0,6,0,0,0,0,3,-1,6,1,71,10,1362,1,3,-1,1,-1
2015405DA0120,2,9,0,18,0,8,0,0,0,0,1,-1,6,1,27,6,-1,-1,-1,-1,1,-1
2015405DA0122,1,19,0,4,0,0,2,0,7,0,4,-1,1,2,34,6,-1,-1,-1,-1,1,-1
2015405DA0122,2,9,0,18,0,0,0,0,0,0,1,-1,6,1,20,4,1242,1,2,-1,1,-1
2015405DA0122,3,9,0,4,0,0,0,0,0,0,2,-1,6,2,50,8,1910,2,9,-1,1,-1
2015405DA0123,1,9,0,7,0,4,0,0,0,0,1,-1,2,1,32,6,1599,1,11,-1,1,-1
2015405DA0123,2,1,0,9,0,8,0,0,0,0,4,1,2,1,35,6,-1,-1,-1,-1,-1,-1
2015405DA0124,1,21,0,1,0,8,0,0,0,0,4,-1,1,1,37,7,6370,2,3,-1,-1,-1
2015405DA0124,2,9,0,18,0,1,0,0,0,0,1,-1,6,1,25,5,1598,1,15,-1,1,-1
2015405DA0125,1,9,0,9,0,6,0,0,0,0,1,-1,2,1,29,6,1364,1,6,-1,1,-1
2015405DA0125,2,9,0,18,0,8,0,0,0,0,1,-1,6,2,42,7,-1,-1,-1,-1,1,-1
2015405DA0126,1,9,0,14,0,0,1,0,0,0,1,-1,6,1,55,8,2497,2,9,-1,1,-1
2015405DA0126,2,9,0,14,0,0,1,0,7,10,2,-1,6,2,33,6,1199,1,12,-1,1,-1
2015405DA0128,1,9,0,13,0,0,0,0,0,0,4,-1,6,1,42,7,3189,1,8,-1,1,-1
2015405DA0128,2,11,0,18,0,0,1,0,1,0,3,-1,1,1,70,10,4250,2,14,-1,1,-1
2015405DA0129,1,9,0,4,0,0,1,0,0,0,1,-1,1,1,18,4,-1,-1,-1,-1,1,-1
2015405DA0129,2,9,0,4,0,0,0,0,0,0,2,-1,1,1,42,7,1984,1,4,-1,1,-1
2015405DA0129,3,20,0,4,0,0,0,0,0,0,1,-1,1,1,-1,-1,-1,-1,-1,-1,-1,-1
2015405DA0130,1,9,0,7,0,4,0,0,0,0,3,-1,6,1,35,6,1995,2,3,-1,1,-1
2015405DA0130,2,2,0,18,0,8,0,0,0,0,1,1,1,1,18,4,49,1,5,-1,1,-1
2015405DA0131,1,9,0,9,0,8,0,0,0,0,4,-1,6,1,55,8,-1,-1,-1,-1,1,-1
2015405DA0131,2,9,0,18,0,8,0,0,0,0,1,-1,6,1,30,6,1598,1,2,-1,1,-1
2015405DA0137,1,9,0,9,0,8,0,0,0,0,1,-1,6,2,37,7,1598,1,11,-1,1,-1
2015405DA0137,2,5,0,18,0,8,0,0,0,0,1,1,6,1,25,5,1157,1,13,-1,1,-1
2015405DA0141,1,9,0,18,0,2,0,0,0,0,1,-1,6,2,53,8,1596,1,8,-1,1,-1
2015405DA0142,1,9,0,17,0,0,1,6,2,10,1,-1,2,2,-1,-1,1388,1,12,-1,1,-1
2015405DA0147,1,9,0,16,0,1,0,0,1,10,1,-1,6,2,18,4,1997,1,9,-1,1,-1
2015405DA0147,2,9,0,18,0,8,0,0,0,0,3,-1,6,1,29,6,989,1,16,-1,1,-1
2015405DA0148,1,9,0,16,0,0,0,0,0,0,3,-1,6,1,26,6,-1,-1,-1,-1,1,-1
2015405DA0148,2,3,0,17,0,0,0,0,0,0,3,1,6,1,43,7,124,1,14,-1,1,-1
2015405DA0151,1,9,0,4,0,0,0,0,0,0,2,-1,6,1,33,6,1997,2,13,-1,1,-1
2015405DA0151,2,9,0,18,0,0,0,0,0,0,2,-1,6,2,53,8,1596,1,6,-1,1,-1
2015405DA0151,3,9,0,18,0,0,0,0,0,0,1,-1,6,1,28,6,1596,1,10,-1,1,-1
2015405DA0162,1,9,0,4,0,1,0,0,0,0,1,-1,1,1,36,7,-1,-1,-1,-1,1,-1
2015405DA0162,2,9,0,4,0,1,0,0,0,0,2,-1,1,1,35,6,-1,-1,-1,-1,1,-1
2015405DA0164,1,9,0,18,0,8,0,0,0,0,1,-1,6,1,73,10,1229,1,7,-1,2,-1
2015405DA0164,2,9,0,9,0,8,0,0,0,0,1,-1,1,1,32,6,-1,-1,-1,-1,1,-1
2015405DA0165,1,9,0,9,0,8,0,0,0,0,4,-1,6,1,60,9,2143,2,-1,-1,1,-1
2015405DA0165,2,9,0,18,0,8,0,0,0,0,1,-1,6,2,51,8,-1,-1,-1,-1,1,-1
2015405DA0173,1,9,0,16,0,0,1,0,0,0,3,-1,2,1,33,6,1198,1,8,-1,3,-1
2015405DA0181,1,9,0,9,0,8,0,0,0,0,3,-1,1,1,55,8,2400,2,2,-1,1,-1
2015405DA0181,2,19,0,18,0,8,0,0,0,0,1,-1,1,1,36,7,2198,2,7,-1,2,-1
2015405DA0182,1,9,0,9,0,8,0,0,0,0,4,-1,6,1,38,7,2521,1,7,-1,1,-1
2015405DA0182,2,9,0,18,0,8,0,0,0,0,1,-1,6,1,41,7,999,1,2,-1,1,-1
2015405DA0183,1,5,0,16,0,0,0,0,7,9,1,1,6,1,28,6,1200,1,17,-1,1,-1
2015405DA0184,1,9,0,16,0,0,0,0,0,0,1,-1,6,1,66,10,1968,2,6,-1,1,-1
2015405DA0184,2,17,4,17,0,0,0,0,0,0,3,-1,1,1,49,8,6600,2,5,-1,3,-1
2015405DA0186,1,9,0,18,0,2,0,0,0,0,4,-1,3,2,54,8,1242,1,9,-1,1,-1
2015405DA0188,1,9,0,9,0,8,0,0,0,0,1,-1,6,1,-1,-1,1781,1,15,-1,1,-1
2015405DA0188,2,9,0,18,0,8,0,0,0,0,4,-1,6,2,31,6,1364,1,8,-1,1,-1
2015405DA0190,1,19,0,18,0,0,0,0,0,0,0,-1,1,1,-1,-1,2402,2,13,-1,1,-1
2015405DA0190,2,11,0,18,0,0,0,0,0,0,1,-1,1,2,42,7,9200,2,13,-1,1,-1
2015405DA0194,1,9,0,18,0,2,0,0,0,0,4,1,6,2,49,8,1389,1,14,-1,-1,-1
2015405DA0197,1,9,0,18,0,0,0,0,0,0,1,1,1,1,52,8,-1,-1,-1,-1,3,-1
2015405DA0197,2,9,0,18,0,0,0,0,0,0,2,1,1,1,55,8,-1,-1,-1,-1,1,-1
2015405DA0198,1,19,0,9,0,8,0,0,0,0,1,-1,1,1,40,7,1998,2,11,-1,3,-1
2015405DA0198,2,9,0,18,0,8,0,0,0,0,1,-1,6,1,19,4,1781,1,11,-1,3,-1
2015405DA0200,1,21,1,12,0,0,1,0,0,0,3,-1,1,1,48,8,-1,-1,-1,-1,-1,-1
2015405DA0200,2,9,0,18,0,0,0,0,0,0,0,-1,1,1,52,8,1242,1,11,-1,1,-1
2015405DA0200,3,9,0,18,0,0,1,0,1,7,4,-1,1,2,31,6,1390,1,4,-1,1,-1
2015405DA0208,1,9,0,18,0,0,0,0,0,0,1,-1,6,1,67,10,-1,-1,-1,-1,1,-1
2015405DA0208,2,9,0,4,0,0,0,0,0,0,2,-1,6,1,26,6,1422,2,13,-1,3,-1
2015405DA0208,3,9,0,18,0,0,1,0,0,0,1,-1,6,2,60,9,1798,1,1,-1,1,-1
2015405DA0216,1,9,0,18,0,8,0,0,0,0,1,-1,6,1,46,8,1995,2,6,-1,-1,-1
2015405DA0216,2,9,0,4,0,8,0,0,0,0,2,-1,6,1,-1,-1,-1,-1,-1,-1,-1,-1
2015405DA0222,1,9,0,9,0,8,0,0,0,0,4,1,6,2,19,4,-1,-1,-1,-1,1,-1
2015405DA0222,2,19,0,18,0,8,0,0,0,0,1,1,6,1,48,8,1998,2,12,-1,1,-1
2015405DA0223,1,19,0,18,0,2,0,0,0,0,4,1,1,1,28,6,-1,-1,-1,-1,3,-1
2015405DA0233,1,9,0,18,0,2,0,0,0,0,1,1,3,2,37,7,1997,2,1,-1,1,-1
2015405DA0236,1,9,0,18,0,0,0,0,0,0,1,1,2,2,27,6,1598,1,11,-1,1,-1
2015405DA0236,2,9,0,4,0,0,0,0,0,0,2,1,2,2,52,8,1390,1,8,-1,1,-1
2015405DA0236,3,9,0,4,0,0,0,0,0,0,2,1,6,1,49,8,1686,2,2,-1,2,-1
2015405DA0239,1,9,0,18,0,0,0,0,0,0,1,1,6,2,21,5,-1,-1,-1,-1,1,-1
2015405DA0239,2,9,0,18,0,0,0,0,0,0,1,1,6,3,-1,-1,-1,-1,-1,-1,-1,-1
2015405DA0242,1,3,0,18,0,0,0,0,0,0,1,1,6,1,36,7,124,1,16,-1,1,-1
2015405DA0246,1,9,0,4,0,0,0,0,0,0,1,1,6,2,33,6,2987,2,9,-1,2,-1
2015405DA0246,2,9,0,3,0,0,0,0,0,0,2,1,6,1,39,7,1968,2,2,-1,1,-1
2015405DA0246,3,9,0,3,0,0,0,0,0,0,2,1,6,1,34,6,1968,2,-1,-1,1,-1
2015405DA0248,1,9,0,18,0,0,0,0,0,0,1,1,6,1,65,9,1390,1,13,-1,1,-1
2015405DA0248,2,19,0,18,0,0,0,0,0,0,3,1,6,1,24,5,2488,2,8,-1,2,-1
2015405DA0249,1,9,0,18,0,8,0,0,0,0,1,1,6,1,20,4,1850,1,13,-1,1,-1
2015405DA0249,2,9,0,9,0,8,0,0,0,0,4,1,6,2,70,10,1396,1,5,-1,3,-1
2015405DA0253,1,9,0,9,0,8,0,0,7,10,1,1,6,1,32,6,-1,-1,-1,-1,2,-1
2015405DA0253,2,9,0,18,0,8,0,0,1,10,1,1,6,1,19,4,-1,-1,-1,-1,1,-1
2015405DA0254,1,9,0,18,0,0,0,0,0,0,1,1,6,1,40,7,1197,1,-1,-1,1,-1
2015405DA0254,2,9,0,4,0,0,0,0,7,0,2,1,6,1,20,4,1995,2,8,-1,1,-1
2015405DA0257,1,9,0,18,0,8,0,0,0,0,3,1,6,1,23,5,1149,1,1,-1,1,-1
2015405DA0257,2,9,0,9,0,8,0,0,0,0,1,1,6,2,35,6,1598,2,1,-1,1,-1
2015405DA0260,1,9,0,1,0,0,0,0,0,0,2,1,6,1,-1,-1,-1,-1,-1,-1,-1,-1
2015405DA0262,1,9,0,9,0,8,0,0,0,0,1,1,6,1,40,7,1686,2,8,-1,2,-1
2015405DA0262,2,5,0,13,0,8,1,0,0,0,1,1,6,1,42,7,599,1,8,-1,3,-1
2015405DA0263,1,9,0,18,0,8,0,0,0,0,1,1,6,1,-1,-1,-1,-1,-1,-1,-1,-1
2015405DA0263,2,9,0,18,0,8,0,0,0,0,2,1,6,1,27,6,1968,2,8,-1,1,-1
2015405DA0272,1,9,0,4,0,0,0,0,0,0,1,1,6,2,21,5,1149,1,2,-1,1,-1
2015405DA0272,2,9,0,3,0,0,0,0,0,0,2,1,6,2,24,5,1390,1,3,-1,-1,-1
2015405DA0273,1,9,0,17,0,0,2,0,7,10,1,1,6,2,50,8,-1,-1,-1,-1,1,-1
2015405DA0274,1,9,0,10,0,5,0,0,0,0,2,1,6,2,24,5,1124,1,15,-1,1,-1
2015405DA0274,2,19,0,18,0,8,1,0,0,0,1,1,6,1,50,8,2402,2,9,-1,-1,-1
2015405DA0279,1,9,0,18,0,0,0,0,0,0,1,1,6,3,-1,-1,1332,1,16,-1,-1,-1
2015405DA0279,2,9,0,12,0,0,0,0,0,0,3,1,6,1,42,7,1364,1,10,-1,1,-1
2015405DA0281,1,9,0,17,0,0,1,0,0,0,4,1,6,2,18,4,-1,-1,-1,-1,2,-1
2015405DA0281,2,9,0,16,0,0,0,0,0,0,1,1,6,1,41,7,-1,-1,-1,-1,1,-1
2015405DA0282,1,3,0,16,0,0,0,0,0,0,1,1,6,1,42,7,124,1,8,-1,1,-1
2015405DA0282,2,20,0,17,0,0,0,0,0,0,3,1,1,1,46,8,3856,2,16,-1,1,-1
2015405DA0283,1,9,0,5,0,2,0,0,0,0,1,1,6,1,50,8,-1,-1,-1,-1,-1,-1
2015405DA0284,1,9,0,18,0,8,0,0,3,3,1,1,6,1,20,4,1598,1,14,-1,1,-1
2015405DA0284,2,9,0,9,0,8,0,0,0,0,3,1,6,2,44,7,973,1,13,-1,1,-1
2015405DA0286,1,19,0,4,0,0,0,0,0,0,1,1,1,1,27,6,2143,2,3,-1,1,-1
2015405DA0286,2,9,0,2,0,0,0,0,0,0,2,1,6,2,24,5,1598,1,5,-1,1,-1
2015405DA0288,1,9,0,16,0,8,0,0,0,0,0,1,6,1,33,6,-1,-1,-1,-1,1,-1
2015405DA0288,2,9,0,16,0,8,0,0,1,9,1,1,6,1,14,3,-1,-1,-1,-1,-1,-1
2015405DA0290,1,9,0,18,0,1,5,4,0,0,1,1,6,2,18,4,1229,1,5,-1,2,-1
2015405DA0290,2,9,0,2,0,1,0,0,1,10,2,1,6,3,-1,-1,1397,1,7,-1,-1,-1
2015405DA0291,1,5,0,18,0,8,0,0,1,0,1,1,6,1,46,8,800,1,4,-1,1,-1
2015405DA0291,2,19,0,9,0,8,0,0,0,0,2,1,6,1,49,8,-1,-1,-1,-1,1,-1
2015405DA0292,1,9,0,18,0,2,0,0,0,0,1,1,6,1,34,6,1998,1,10,-1,1,-1
2015405DA0292,2,9,0,4,0,2,0,0,0,0,2,1,6,2,64,9,2179,2,8,-1,1,-1
2015405DA0293,1,9,0,18,0,8,0,0,0,0,1,1,6,1,23,5,1329,1,1,-1,1,-1
2015405DA0293,2,9,0,10,0,5,0,0,0,0,2,1,6,1,71,10,-1,-1,-1,-1,2,-1
2015405DA0294,1,9,0,9,0,8,0,0,0,0,3,1,6,1,82,11,1398,1,4,-1,2,-1
2015405DA0294,2,9,0,18,0,8,0,0,0,0,1,1,6,1,83,11,2198,1,14,-1,2,-1
2015405DA0295,1,9,0,18,0,0,1,0,1,0,1,1,6,2,77,11,1596,1,2,-1,1,-1
2015405DA0295,2,9,0,18,0,0,1,0,1,4,1,1,6,1,20,4,-1,-1,-1,-1,1,-1
2015405DA0296,1,5,0,4,0,0,1,0,0,0,1,1,6,1,51,8,803,1,5,-1,1,-1
2015405DA0296,2,9,0,4,0,0,0,0,0,0,2,1,6,2,43,7,1968,2,2,-1,3,-1
2015405DA0300,1,9,0,14,9,0,0,0,1,10,1,1,6,2,-1,-1,1329,1,4,-1,-1,-1
2015405DA0300,2,21,0,3,0,0,0,0,0,0,0,1,1,1,-1,-1,-1,-1,-1,-1,-1,-1
2015405DA0302,1,1,0,18,0,0,0,0,0,0,1,1,2,1,49,8,-1,-1,-1,-1,3,-1
2015405DA0302,2,11,0,2,0,0,0,0,0,0,2,1,6,1,65,9,8849,2,2,-1,2,-1
2015405DA0306,1,9,0,6,0,0,0,0,0,0,3,1,6,1,46,8,1781,1,14,-1,1,-1
2015405DA0306,2,5,0,13,0,0,0,0,0,0,1,1,6,1,35,6,1340,1,4,-1,2,-1
2015405DA0307,1,9,0,18,0,1,0,0,0,0,1,1,6,1,23,5,1229,1,2,-1,1,-1
2015405DA0307,2,9,0,4,0,1,0,0,0,0,2,1,6,2,36,7,2191,2,2,-1,-1,-1
2015405DA0307,3,9,0,4,0,1,0,0,0,0,2,1,6,1,48,8,1598,1,2,-1,1,-1
2015405DA0307,4,9,0,4,0,1,0,0,0,0,2,1,6,1,26,6,1895,1,17,-1,1,-1
2015405DA0308,1,9,0,18,0,2,0,0,0,0,4,1,6,1,25,5,-1,-1,-1,-1,1,-1
2015405DA0310,1,9,0,4,0,0,0,0,0,0,1,1,6,2,18,4,1149,1,12,-1,2,-1
2015405DA0310,2,9,0,4,0,0,0,0,0,0,2,1,6,2,27,6,1299,1,11,-1,1,-1
2015405DA0312,1,9,0,18,0,8,0,0,0,0,3,1,2,1,57,9,-1,-1,-1,-1,1,-1
2015405DA0312,2,1,0,9,0,8,0,0,0,0,1,1,6,1,23,5,-1,-1,-1,-1,2,-1
2015405DA0313,1,9,0,9,0,8,0,0,0,0,1,1,6,1,-1,-1,-1,-1,-1,-1,-1,-1
2015405DA0313,2,1,0,17,0,8,0,0,0,0,1,1,6,1,44,7,-1,-1,-1,-1,1,-1
2015405DA0314,1,21,0,12,0,0,0,0,0,0,1,2,1,1,56,9,-1,-1,-1,-1,-1,-1
2015405DA0314,2,9,0,18,0,0,0,0,0,0,4,1,6,2,32,6,1229,1,8,-1,1,-1
2015405DA0316,1,9,0,7,0,8,0,0,3,0,3,1,6,2,81,11,1390,1,9,-1,3,-1
2015405DA0316,2,9,0,18,0,8,0,0,0,0,1,1,6,1,35,6,1598,1,13,-1,1,-1
2015405DA0323,1,9,0,9,0,1,0,0,0,0,3,1,6,2,-1,-1,-1,-1,-1,-1,-1,-1
2015405DA0323,2,3,0,13,0,1,0,0,0,0,4,1,6,1,21,5,125,1,1,-1,1,-1
2015405DA0325,1,9,0,18,0,0,2,0,0,0,3,1,6,1,24,5,2495,2,16,-1,3,-1
2015405DA0325,2,9,0,18,0,0,0,0,0,0,1,1,6,1,60,9,1197,1,5,-1,3,-1
2015405DA0327,1,9,0,7,0,8,0,0,0,0,1,1,6,2,35,6,1587,1,11,-1,2,-1
2015405DA0327,2,21,1,18,0,8,0,0,0,0,4,1,6,1,52,8,12900,2,1,-1,2,-1
2015405DA0328,1,9,0,9,0,8,0,0,0,0,1,1,6,1,22,5,1461,2,10,-1,1,-1
2015405DA0328,2,9,0,18,0,8,0,0,0,0,3,1,6,1,34,6,1896,2,12,-1,-1,-1
2015405DA0329,1,9,0,7,0,1,0,0,0,0,1,1,6,2,62,9,1968,2,6,-1,1,-1
2015405DA0329,2,9,0,8,0,1,0,0,0,0,2,1,6,1,55,8,1910,2,11,-1,1,-1
2015405DA0334,1,19,0,9,0,8,0,0,0,0,1,1,6,1,43,7,3000,2,12,-1,1,-1
2015405DA0334,2,9,0,18,0,8,1,0,1,0,1,1,6,2,54,8,1360,1,3,-1,1,-1
2015405DA0335,1,2,0,7,0,8,0,0,0,0,4,1,6,1,24,5,49,1,5,-1,1,-1
2015405DA0337,1,9,0,18,0,0,0,0,0,0,1,1,6,2,27,6,1332,1,6,-1,1,-1
2015405DA0337,2,9,0,4,0,0,0,0,0,0,2,1,6,1,36,7,-1,-1,-1,-1,3,-1
2015405DA0338,1,5,0,18,0,4,1,0,0,0,0,1,6,1,73,10,1050,1,10,-1,2,-1
2015405DA0338,2,9,0,9,0,8,0,0,0,0,0,1,6,1,50,8,1796,1,8,-1,2,-1
2015405DA0340,1,9,0,18,0,4,0,0,0,0,1,1,6,3,-1,-1,973,1,15,-1,-1,-1
2015405DA0340,2,8,0,9,0,8,0,0,0,0,4,1,6,1,36,7,2461,2,11,-1,1,-1
2015405DA0341,1,9,0,18,0,0,2,0,5,6,1,1,6,2,19,4,1199,1,12,-1,3,-1
2015405DA0343,1,9,0,18,0,1,0,0,0,0,1,1,6,1,-1,-1,698,1,11,-1,-1,-1
2015405DA0343,2,9,0,3,0,1,0,0,0,0,2,1,2,1,52,8,1968,2,7,-1,1,-1
2015405DA0346,1,9,0,16,0,0,5,0,1,4,1,1,6,1,45,7,1248,2,4,-1,1,-1
2015405DA0351,1,9,0,9,0,8,0,0,0,0,1,1,6,3,-1,-1,-1,-1,-1,-1,-1,-1
2015405DA0351,2,19,0,18,0,8,0,0,0,0,4,1,6,1,19,4,2198,2,-1,-1,1,-1
2015405DA0358,1,11,0,18,0,0,0,0,0,0,1,1,1,1,66,10,9000,2,10,-1,3,-1
2015405DA0359,1,11,0,17,0,0,0,0,0,0,1,1,6,1,-1,-1,4462,2,7,-1,-1,-1
2015405DA0365,1,9,0,18,0,1,5,0,7,0,1,1,6,1,86,11,1388,1,4,-1,1,-1
2015405DA0366,1,2,0,15,0,1,1,0,0,0,1,1,6,1,16,4,50,1,-1,-1,1,-1
2015405DA0366,2,9,0,9,0,8,0,0,0,0,4,1,6,2,29,6,-1,-1,-1,-1,1,-1
2015405DA0368,1,9,0,18,0,0,0,0,0,0,1,1,2,1,33,6,1599,1,12,-1,1,-1
2015405DA0369,1,9,0,18,0,0,0,0,0,0,1,1,1,2,35,6,1995,2,11,-1,1,-1
2015405DA0369,2,9,0,18,0,0,0,0,0,0,1,1,6,1,-1,-1,1598,1,7,-1,1,-1
2015405DA0372,1,9,0,18,0,8,0,0,0,0,1,1,6,2,33,6,1598,1,4,-1,1,-1
2015405DA0372,2,1,0,18,0,8,0,0,0,0,4,1,6,1,67,10,-1,-1,-1,-1,2,-1
2015405DA0376,1,9,0,5,0,0,0,0,0,0,1,1,6,1,-1,-1,-1,-1,-1,-1,-1,-1
2015405DA0379,1,11,0,18,0,0,0,0,0,0,1,1,1,1,35,6,11967,2,10,-1,1,-1