Accident_Index,Vehicle_Reference,Vehicle_Type,Towing_and_Articulation,Vehicle_Manoeuvre,Vehicle_Location-Restricted_Lane,Junction_Location,Skidding_and_Overturning,Hit_Object_in_Carriageway,Vehicle_Leaving_Carriageway,Hit_Object_off_Carriageway,1st_Point_of_Impact,Was_Vehicle_Left_Hand_Drive?,Journey_Purpose_of_Driver,Sex_of_Driver,Age_of_Driver,Age_Band_of_Driver,Engine_Capacity_(CC),Propulsion_Code,Age_of_Vehicle,Driver_IMD_Decile,Driver_Home_Area_Type,Vehicle_IMD_Decile
2015405DA0379,2,90,2,18,0,0,0,0,0,0,2,1,1,1,35,6,-1,4,79,-1,1,-1
2015405DA0379,3,9,0,18,0,0,0,0,0,0,1,1,2,1,-1,-1,1364,1,10,-1,3,-1
2015405DA0383,1,9,0,18,0,0,0,0,0,0,1,1,6,1,57,9,1149,1,11,-1,2,-1
2015405DA0384,1,19,0,11,0,3,0,0,0,0,1,1,1,1,23,5,2198,2,3,-1,1,-1
2015405DA0384,2,9,0,12,0,3,1,0,0,0,1,1,6,2,23,5,1991,2,11,-1,1,-1
2015405DA0385,1,9,0,18,0,0,0,0,0,0,1,1,6,2,-1,-1,-1,-1,-1,-1,-1,-1
2015405DA0388,1,3,0,18,0,8,0,0,0,0,1,1,6,1,18,4,125,1,1,-1,1,-1
2015405DA0388,2,9,0,9,0,8,0,0,0,0,4,1,6,1,23,5,1596,1,3,-1,1,-1
2015405DA0389,1,19,0,9,0,8,0,0,0,0,3,1,2,1,29,6,1870,2,9,-1,1,-1
2015405DA0389,2,9,0,18,0,8,0,0,0,0,1,1,2,2,63,9,1598,1,14,-1,1,-1
2015405DA0391,1,3,0,14,0,8,0,0,0,0,1,1,6,3,-1,-1,-1,-1,-1,-1,-1,-1
2015405DA0393,1,9,0,7,0,8,0,0,0,0,3,1,6,1,42,7,1598,1,13,-1,1,-1
2015405DA0393,2,9,0,18,0,8,0,0,0,0,1,1,1,1,30,6,-1,-1,-1,-1,1,-1
2015405DA0394,1,9,0,18,0,0,5,0,0,0,1,1,6,2,47,8,1299,1,16,-1,-1,-1
2015405DA0394,2,9,0,18,0,0,0,0,0,0,1,1,6,2,45,7,2179,2,-1,-1,-1,-1
2015405DA0399,1,9,0,12,0,0,2,0,5,6,1,1,6,2,39,7,1388,1,9,-1,2,-1
2015405DA0399,2,9,0,18,0,0,0,0,0,0,0,1,6,1,53,8,2993,2,1,-1,3,-1
2015405DA0400,1,97,0,13,0,8,0,0,0,0,1,1,6,1,16,4,-1,-1,-1,-1,-1,-1
2015405DA0400,2,9,0,9,0,8,0,0,0,0,3,1,6,2,56,9,1970,1,13,-1,1,-1
2015405DA0409,1,19,0,18,0,0,0,0,0,0,1,1,1,1,43,7,2287,2,7,-1,1,-1
2015405DA0409,2,9,0,3,0,0,0,0,0,0,2,1,6,2,65,9,998,1,1,-1,2,-1
2015405DA0411,1,3,0,14,0,8,0,0,0,0,1,1,6,2,19,4,102,1,-1,-1,1,-1
2015405DA0411,2,19,0,9,0,8,0,0,0,0,3,1,6,1,25,5,1598,2,-1,-1,1,-1
2015405DA0413,1,9,0,18,0,8,0,0,1,9,1,1,6,2,32,6,1975,1,10,-1,1,-1
2015405DA0418,1,9,0,18,0,0,0,0,0,0,1,1,6,1,42,7,-1,-1,-1,-1,1,-1
2015405DA0419,1,9,0,7,0,6,0,0,1,9,1,1,6,1,87,11,1761,1,17,-1,-1,-1
2015405DA0419,2,9,0,18,0,1,0,0,0,0,3,1,6,2,50,8,2793,1,17,-1,2,-1
2015405DA0421,1,9,0,5,0,0,0,0,0,0,1,1,6,2,87,11,1199,1,13,-1,1,-1
2015405DA0421,2,9,0,2,0,0,0,0,0,0,2,1,6,3,-1,-1,1984,1,10,-1,-1,-1
2015405DA0421,3,9,0,2,0,0,0,0,0,0,2,1,6,3,-1,-1,1598,1,12,-1,-1,-1
2015405DA0421,4,9,0,2,0,0,0,0,0,0,1,1,6,3,-1,-1,1596,1,5,-1,-1,-1
2015405DA0421,5,9,0,2,0,0,0,0,0,0,1,1,6,3,-1,-1,1596,1,5,-1,-1,-1
2015405DA0422,1,9,0,18,0,8,0,0,0,0,3,1,6,1,72,10,1997,2,6,-1,1,-1
2015405DA0422,2,9,0,18,0,8,0,0,0,0,1,1,6,2,23,5,1679,1,14,-1,1,-1
2015405DA0423,1,9,0,18,0,8,0,0,1,0,3,1,6,2,17,4,998,1,8,-1,2,-1
2015405DA0423,2,9,0,18,0,8,0,0,0,0,1,1,6,2,42,7,1422,2,7,-1,1,-1
2015405DA0424,1,9,0,11,0,8,0,0,0,0,4,2,6,3,-1,-1,-1,-1,-1,-1,-1,-1
2015405DA0424,2,20,0,18,0,8,0,0,0,0,3,1,1,1,35,6,9200,2,3,-1,1,-1
2015405DA0426,1,9,0,16,0,0,1,0,0,0,3,1,6,2,34,6,1240,1,5,-1,1,-1
2015405DA0426,2,19,0,17,0,0,0,0,0,0,3,1,1,1,35,6,1560,2,2,-1,3,-1
2015405DA0436,1,9,0,17,0,0,0,0,0,0,4,1,6,1,25,5,1596,1,15,-1,3,-1
2015405DA0436,2,21,0,16,0,0,0,0,0,0,1,1,1,1,48,8,4462,2,2,-1,1,-1
2015405DA0438,1,9,0,17,0,0,1,0,7,0,4,1,1,2,55,8,1390,1,10,-1,1,-1
2015405DA0443,1,9,0,14,9,0,0,0,0,0,1,1,6,2,45,7,1798,1,7,-1,-1,-1
2015405DA0444,1,9,0,18,0,0,0,0,0,0,1,1,6,2,37,7,1968,2,1,-1,1,-1
2015405DA0444,2,9,0,3,0,0,0,0,0,0,2,1,6,1,56,9,1956,2,2,-1,3,-1
2015405DA0444,3,9,0,3,0,0,0,0,0,0,2,1,6,1,57,9,1968,2,5,-1,1,-1
2015405DA0444,4,9,0,18,0,0,0,0,0,0,0,1,6,1,30,6,2967,2,5,-1,1,-1
2015405DA0449,1,9,0,18,0,0,0,0,7,9,1,1,2,2,22,5,1197,1,1,-1,1,-1
2015405DA0451,1,9,0,18,0,2,0,0,0,0,3,1,6,1,-1,-1,-1,-1,-1,-1,-1,-1
2015405DA0455,1,9,0,6,0,0,0,0,0,0,0,1,1,2,32,6,1248,2,4,-1,1,-1
2015405DA0455,2,21,0,18,0,0,0,0,0,0,1,1,1,1,42,7,4764,2,3,-1,1,-1
2015405DA0464,1,9,0,9,0,8,0,0,0,0,4,1,6,1,23,5,1229,1,10,-1,1,-1
2015405DA0464,2,9,0,18,0,8,0,0,0,0,1,1,6,1,31,6,2295,1,15,-1,1,-1
2015405DA0464,3,9,0,18,0,1,0,0,0,0,2,1,6,1,23,5,-1,-1,-1,-1,-1,-1
2015405DA0465,1,9,0,18,0,0,1,0,0,0,4,1,6,2,60,9,1582,2,4,-1,1,-1
2015405DA0465,2,9,0,18,0,0,0,0,0,0,3,1,6,2,71,10,1398,1,3,-1,1,-1
2015405DA0466,1,3,0,18,0,2,0,0,0,0,1,1,6,1,23,5,124,1,5,-1,1,-1
2015405DA0468,1,21,4,18,6,0,2,4,5,6,1,1,1,1,66,10,-1,-1,-1,-1,1,-1
2015405DA0468,2,9,0,2,6,0,0,0,0,0,2,1,6,1,-1,-1,1995,2,6,-1,1,-1
2015405DA0468,3,9,0,18,0,0,0,0,0,0,4,1,1,1,40,7,-1,-1,-1,-1,1,-1
2015405DA0469,1,9,0,9,0,8,0,0,0,0,1,1,6,2,46,8,1596,1,2,-1,1,-1
2015405DA0469,2,1,0,18,0,8,0,0,0,0,3,1,6,1,69,10,-1,-1,-1,-1,1,-1
2015405DA0471,1,9,0,18,0,8,0,0,7,11,1,1,6,1,78,11,1896,2,14,-1,1,-1
2015405DA0472,1,9,0,9,0,4,0,0,0,0,1,1,1,1,32,6,999,1,15,-1,1,-1
2015405DA0472,2,1,0,18,0,8,0,0,0,0,2,1,6,1,53,8,-1,-1,-1,-1,3,-1
2015405DA0473,1,9,0,7,0,3,0,0,0,0,1,1,6,2,51,8,1242,1,13,-1,1,-1
2015405DA0475,1,9,0,18,0,2,0,0,0,0,4,1,6,1,-1,-1,-1,-1,-1,-1,-1,-1
2015405DA0476,1,9,0,4,0,1,0,0,0,0,1,1,6,1,-1,-1,1989,1,16,-1,-1,-1
2015405DA0476,2,9,0,3,0,1,0,0,0,0,2,1,6,2,35,6,1598,2,4,-1,1,-1
2015405DA0478,1,9,0,14,0,1,0,0,0,0,1,1,6,2,42,7,2204,2,11,-1,1,-1
2015405DA0478,2,1,0,18,0,6,0,0,0,0,3,1,6,1,19,4,-1,-1,-1,-1,1,-1
2015405DA0479,1,9,0,14,0,0,0,0,0,0,4,1,3,2,35,6,1984,1,4,-1,-1,-1
2015405DA0482,1,9,0,13,0,0,0,0,0,0,4,1,6,3,-1,-1,-1,-1,-1,-1,-1,-1
2015405DA0482,2,1,0,18,0,0,0,0,0,0,3,1,6,1,41,7,-1,-1,-1,-1,2,-1
2015405DA0484,1,9,0,18,0,0,1,0,1,0,1,1,6,1,42,7,1598,1,11,-1,1,-1
2015405DA0486,1,8,0,18,0,0,0,0,0,0,1,1,1,1,30,6,1896,2,13,-1,-1,-1
2015405DA0489,1,1,0,18,0,1,0,0,0,0,3,1,6,1,15,3,-1,-1,-1,-1,-1,-1
2015405DA0489,2,9,0,7,0,1,0,0,0,0,1,1,2,1,47,8,1199,2,2,-1,-1,-1
2015405DA0490,1,19,0,16,0,0,0,0,0,0,1,1,2,1,49,8,4461,2,3,-1,-1,-1
2015405DA0490,2,9,0,17,0,0,0,0,0,0,1,1,2,1,54,8,-1,-1,-1,-1,1,-1
2015405DA0495,1,9,0,18,0,8,0,0,0,0,1,1,6,2,47,8,2156,1,23,-1,3,-1
2015405DA0495,2,9,0,9,0,8,0,0,0,0,3,1,2,1,55,8,1242,1,-1,-1,1,-1
2015405DA0498,1,9,0,18,0,0,0,0,0,0,1,1,6,1,60,9,2319,1,21,-1,1,-1
2015405DA0498,2,9,0,4,0,0,0,0,0,0,2,1,1,1,64,9,1598,2,2,-1,1,-1
2015405DA0503,1,10,0,18,0,0,0,0,0,0,3,1,6,3,-1,-1,-1,-1,-1,-1,-1,-1
2015405DA0503,2,1,0,18,4,0,0,0,0,0,3,1,6,1,36,7,-1,-1,-1,-1,1,-1
2015405DA0505,1,21,0,18,0,8,0,0,0,0,1,1,1,1,40,7,6370,2,10,-1,1,-1
2015405DA0505,2,9,0,7,0,8,0,0,4,0,3,1,2,2,35,6,1339,1,13,-1,3,-1
2015405DA0507,1,2,0,9,0,8,0,0,0,0,1,1,6,1,18,4,49,1,11,-1,1,-1
2015405DA0507,2,9,0,18,0,8,0,0,0,0,4,1,6,1,56,9,1339,1,8,-1,1,-1
2015405DA0510,1,9,0,17,0,0,5,0,2,0,1,1,6,1,25,5,1587,1,16,-1,1,-1
2015405DA0513,1,9,0,4,0,1,0,0,0,0,2,1,6,2,68,10,1242,1,2,-1,1,-1
2015405DA0513,2,9,0,18,0,1,0,0,0,0,1,1,6,2,31,6,1794,1,14,-1,1,-1
2015405DA0513,3,9,0,18,0,1,0,0,0,0,1,1,6,2,32,6,1598,1,10,-1,1,-1
2015405DA0518,1,9,0,17,0,8,0,0,1,0,3,1,6,1,21,5,1598,1,9,-1,2,-1
2015405DA0518,2,5,0,16,0,1,1,0,0,0,1,1,6,1,60,9,-1,-1,-1,-1,1,-1
2015405DA0519,1,9,0,18,0,0,2,0,0,0,3,1,6,1,25,5,1242,1,3,-1,1,-1
2015405DA0522,1,1,0,18,9,8,0,0,0,0,1,1,6,1,24,5,-1,-1,-1,-1,-1,-1
2015405DA0522,2,9,0,4,9,8,0,0,0,0,3,1,1,1,32,6,1997,1,-1,-1,1,-1
2015405DA0523,1,9,0,8,0,1,0,0,0,0,2,1,6,2,30,6,1364,1,5,-1,1,-1
2015405DA0523,2,19,0,4,0,1,0,0,0,0,1,1,6,1,-1,-1,1753,2,11,-1,-1,-1
2015405DA0525,1,9,0,18,0,8,0,0,0,0,1,1,6,1,33,6,1596,1,8,-1,1,-1
2015405DA0525,2,1,0,18,0,8,0,0,0,0,4,1,6,1,57,9,-1,-1,-1,-1,1,-1
2015405DA0531,1,9,0,9,0,8,0,0,0,0,3,1,6,1,77,11,1600,1,9,-1,1,-1
2015405DA0531,2,9,0,18,0,8,0,0,0,0,1,1,6,1,41,7,1248,2,10,-1,2,-1
2015405DA0532,1,9,0,12,0,3,0,0,0,0,1,1,6,2,37,7,1461,2,2,-1,2,-1
2015405DA0532,2,9,0,18,0,3,1,0,0,0,4,1,6,2,39,7,1398,1,5,-1,1,-1
2015405DA0533,1,9,0,13,0,0,0,0,0,0,4,1,6,2,-1,-1,1398,2,4,-1,-1,-1
2015405DA0533,2,1,0,18,0,0,0,0,0,0,3,1,6,1,42,7,-1,-1,-1,-1,1,-1
2015405DA0534,1,21,0,18,0,1,0,0,0,0,1,1,1,1,47,8,9200,2,12,-1,1,-1
2015405DA0534,2,9,0,10,0,8,0,0,0,0,2,1,6,1,28,6,1248,2,8,-1,2,-1
2015405DA0535,1,1,0,18,0,0,0,0,0,0,0,1,6,1,35,6,-1,-1,-1,-1,-1,-1
2015405DA0535,2,11,0,15,0,0,0,0,0,0,0,1,1,1,66,10,2143,2,5,-1,2,-1
2015405DA0543,1,9,0,18,0,8,1,0,0,0,1,1,6,1,20,4,1229,1,1,-1,1,-1
2015405DA0543,2,9,0,9,0,8,0,0,0,0,1,1,6,1,22,5,1248,2,8,-1,1,-1
2015405DA0549,1,9,0,18,0,8,0,0,0,0,1,1,6,1,46,8,1896,2,11,-1,1,-1
2015405DA0549,2,9,0,9,0,8,0,0,0,0,3,1,6,1,42,7,2720,2,7,-1,1,-1
2015405DA0556,1,9,0,9,0,8,0,0,0,0,1,1,2,1,47,8,-1,-1,-1,-1,1,-1
2015405DA0556,2,5,0,18,0,8,0,0,0,0,1,1,2,1,47,8,599,1,6,-1,1,-1
2015405DA0558,1,9,0,18,0,0,2,0,0,0,1,1,6,1,20,4,1196,1,18,-1,1,-1
2015405DA0562,1,1,0,18,0,8,0,0,0,0,1,1,6,1,36,7,-1,-1,-1,-1,1,-1
2015405DA0562,2,9,0,18,0,8,0,0,0,0,4,1,6,1,41,7,1598,1,4,-1,1,-1
2015405DA0564,1,9,0,18,0,0,0,0,0,0,3,1,6,1,-1,-1,1499,8,-1,-1,3,-1
2015405DA0566,1,9,0,14,0,1,0,0,0,0,1,1,6,2,65,9,2179,2,2,-1,1,-1
2015405DA0566,2,2,0,16,0,2,0,0,0,0,1,1,6,1,23,5,49,1,14,-1,-1,-1
2015405DA0567,1,9,0,18,0,4,2,10,0,0,3,1,6,1,21,5,2171,1,11,-1,2,-1
2015405DA0569,1,9,0,9,0,8,0,0,0,0,1,1,6,1,45,7,1560,2,8,-1,1,-1
2015405DA0570,1,9,0,18,0,0,0,0,0,0,1,1,2,2,20,4,-1,-1,-1,-1,3,-1
2015405DA0570,2,19,0,4,0,0,0,0,0,0,2,1,2,1,45,7,2461,2,4,-1,1,-1
2015405DA0574,1,21,1,12,0,0,0,0,0,0,3,2,6,1,56,9,-1,-1,-1,-1,-1,-1
2015405DA0574,2,9,0,18,0,0,0,0,0,0,4,1,6,1,34,6,1968,2,11,-1,1,-1
2015405DA0577,1,9,0,15,0,0,0,0,0,0,1,1,6,1,42,7,1896,2,10,-1,1,-1
2015405DA0577,2,9,0,4,0,0,0,0,0,0,2,1,6,1,26,6,999,1,1,-1,1,-1
2015405DA0578,1,9,0,11,0,8,0,0,0,0,4,1,6,2,22,5,1240,1,5,-1,1,-1
2015405DA0578,2,19,0,7,0,8,0,0,0,0,3,1,6,1,49,8,2198,2,9,-1,1,-1
2015405DA0589,1,1,0,17,0,2,1,0,0,0,3,1,6,1,14,3,-1,-1,-1,-1,3,-1
2015405DA0589,2,19,0,14,0,1,0,0,0,0,3,1,6,1,63,9,-1,-1,-1,-1,1,-1
2015405DA0593,1,3,0,4,0,4,1,0,0,0,3,1,6,1,18,4,125,1,-1,-1,-1,-1
2015405DA0595,1,9,0,18,0,8,0,0,0,0,1,1,6,3,-1,-1,-1,-1,-1,-1,-1,-1
2015405DA0595,2,9,0,18,0,8,0,0,0,0,2,1,1,2,55,8,1794,1,13,-1,1,-1
2015405DA0596,1,9,0,9,0,8,2,4,0,0,1,1,6,1,78,11,2179,2,4,-1,3,-1
2015405DA0596,2,9,0,2,0,1,0,0,0,0,1,1,6,3,-1,-1,1229,1,6,-1,-1,-1
2015405DA0596,3,9,0,18,0,1,0,0,0,0,4,1,6,2,24,5,1398,1,1,-1,1,-1
2015405DA0597,1,9,0,18,0,0,0,0,1,4,3,1,6,1,30,6,1995,1,11,-1,1,-1
2015405DA0598,1,9,0,9,0,8,0,0,0,0,1,1,6,2,-1,-1,1995,2,7,-1,-1,-1
2015405DA0598,2,1,0,18,0,8,0,0,0,0,4,1,6,1,26,6,-1,-1,-1,-1,2,-1
2015405DA0600,1,9,0,17,0,0,1,0,2,4,1,1,6,1,23,5,1995,2,1,-1,1,-1
2015405DA0601,1,9,0,18,0,0,1,0,0,0,1,1,6,1,34,6,1299,1,12,-1,2,-1
2015405DA0601,2,9,0,18,0,0,0,0,0,0,1,1,6,2,32,6,1753,2,8,-1,3,-1
2015405DA0607,1,9,0,7,0,8,0,0,0,0,4,1,6,1,43,7,1968,2,3,-1,3,-1
2015405DA0608,1,19,0,13,0,0,0,0,0,0,4,1,6,3,-1,-1,-1,-1,-1,-1,-1,-1
2015405DA0608,2,1,0,18,0,0,0,0,0,0,2,1,6,1,39,7,-1,-1,-1,-1,1,-1
2015405DA0610,1,9,0,9,0,8,0,0,0,0,1,1,6,1,38,7,1968,2,1,-1,3,-1
2015405DA0610,2,9,0,18,0,8,0,0,0,0,1,1,6,1,77,11,1796,1,13,-1,1,-1
2015405DA0612,1,9,0,18,0,0,0,0,0,0,1,1,6,1,43,7,2143,2,4,-1,1,-1
2015405DA0612,2,9,0,4,0,0,0,0,0,0,2,1,6,1,18,4,2231,2,2,-1,1,-1
2015405DA0612,3,9,0,3,0,0,0,0,0,0,2,1,6,2,25,5,1390,1,5,-1,1,-1
2015405DA0614,1,9,0,16,0,0,0,0,0,0,1,1,6,1,17,4,1229,1,10,-1,1,-1
2015405DA0614,2,9,0,18,0,0,0,0,0,0,1,1,6,1,55,8,1395,1,2,-1,2,-1
2015405DA0616,1,9,0,18,0,0,1,0,0,0,1,1,6,1,35,6,-1,-1,-1,-1,1,-1
2015405DA0616,2,9,0,18,0,0,1,0,0,0,1,1,6,1,35,6,-1,-1,-1,-1,1,-1
2015405DA0617,1,21,1,13,0,0,0,0,0,0,4,1,1,3,-1,-1,-1,-1,-1,-1,-1,-1
2015405DA0617,2,3,0,18,0,0,0,0,0,0,3,1,6,1,40,7,125,1,-1,-1,2,-1
2015405DA0619,1,9,0,9,0,8,0,0,0,0,3,1,6,1,66,10,1299,1,10,-1,2,-1
2015405DA0619,2,19,0,18,0,8,0,0,0,0,1,1,2,2,57,9,1560,2,3,-1,1,-1
2015405DA0620,1,9,0,13,0,0,2,0,7,9,4,1,6,1,42,7,1388,1,14,-1,1,-1
2015405DA0620,2,9,0,18,0,0,0,0,0,0,1,1,6,1,47,8,2498,1,17,-1,3,-1
2015405DA0623,1,9,0,18,0,8,0,0,3,0,1,1,6,2,30,6,1596,1,10,-1,1,-1
2015405DA0623,2,9,0,9,0,8,0,0,1,7,3,1,6,1,59,9,2993,2,3,-1,3,-1
2015405DA0626,1,9,0,9,0,8,0,0,0,0,4,1,6,2,44,7,1769,1,11,-1,1,-1
2015405DA0626,2,3,0,18,0,8,0,0,0,0,1,1,6,1,17,4,124,1,2,-1,2,-1
2015405DA0627,1,9,0,9,0,8,0,0,0,0,3,1,6,2,34,6,1364,1,7,-1,3,-1
2015405DA0627,2,9,0,9,0,8,0,0,0,0,4,1,6,2,45,7,1596,1,4,-1,1,-1
2015405DA0628,1,97,0,4,0,2,0,0,0,0,2,1,6,1,18,4,-1,-1,-1,-1,1,-1
2015405DA0628,2,9,0,18,0,2,0,0,0,0,1,1,6,1,18,4,1397,1,8,-1,-1,-1
2015405DA0631,1,9,0,18,0,0,0,0,0,0,1,1,6,1,34,6,1598,1,13,-1,1,-1
2015405DA0631,2,9,0,18,0,0,1,12,0,0,3,1,1,1,25,5,-1,-1,-1,-1,2,-1
2015405DA0634,1,9,0,9,0,8,0,0,0,0,3,1,6,1,35,6,1596,1,9,-1,1,-1
2015405DA0634,2,4,0,13,0,8,0,0,0,0,1,1,6,1,25,5,471,1,1,-1,1,-1
2015405DA0636,1,9,0,18,0,0,2,0,1,7,1,1,6,1,33,6,2099,1,13,-1,1,-1
2015405DA0639,1,9,0,18,0,8,0,0,7,9,1,1,2,1,29,6,1796,1,13,-1,1,-1
2015405DA0639,2,9,0,7,0,8,0,0,0,0,1,1,2,1,25,5,1995,2,12,-1,1,-1
2015405DA0645,1,2,0,4,0,1,0,0,0,0,1,1,6,1,16,4,49,1,13,-1,3,-1
2015405DA0645,2,9,0,10,0,8,0,0,0,0,2,1,6,1,47,8,3498,1,8,-1,1,-1
2015405DA0648,1,9,0,18,0,0,0,0,0,0,1,1,6,1,54,8,1896,2,15,-1,1,-1
2015405DA0648,2,21,1,18,0,0,0,0,0,0,4,2,1,1,29,6,-1,-1,-1,-1,-1,-1
2015405DA0648,3,9,0,18,0,0,0,0,0,0,4,1,6,1,42,7,1995,2,1,-1,1,-1
2015405DA0650,1,5,0,18,0,8,0,0,0,0,3,1,6,1,57,9,908,1,30,-1,1,-1
2015405DA0658,1,1,0,9,0,1,0,0,0,0,2,1,6,1,37,7,-1,-1,-1,-1,2,-1
2015405DA0658,2,9,0,18,0,1,0,0,0,0,1,1,6,1,55,8,1798,1,7,-1,1,-1
2015405DA0660,1,9,0,4,0,1,1,0,0,0,1,1,6,2,62,9,998,1,4,-1,1,-1
2015405DA0661,1,9,0,16,0,0,1,0,0,0,1,1,6,2,18,4,1149,1,12,-1,1,-1
2015405DA0669,1,8,0,18,0,0,0,0,0,0,1,1,1,1,62,9,1997,2,12,-1,1,-1
2015405DA0670,1,9,0,18,0,0,0,0,0,0,1,1,1,1,26,6,999,1,1,-1,1,-1
2015405DA0672,1,9,0,16,0,8,2,0,3,10,1,1,6,1,34,6,-1,-1,-1,-1,3,-1
2015405DA0673,1,9,0,18,0,0,0,0,0,0,1,1,6,1,32,6,-1,-1,-1,-1,1,-1
2015405DA0673,2,9,0,4,0,0,0,0,0,0,2,1,6,1,26,6,1198,1,10,-1,1,-1
2015405DA0673,3,9,0,3,0,0,0,0,0,0,2,1,6,1,41,7,1560,2,1,-1,1,-1
2015405DA0674,1,9,0,18,0,0,0,0,0,0,1,1,6,2,23,5,998,1,7,-1,1,-1
2015405DA0674,2,9,0,4,0,0,0,0,0,0,2,1,6,1,32,6,1753,2,6,-1,1,-1
2015405DA0674,3,9,0,4,0,0,0,0,0,0,2,1,6,1,47,8,1910,2,8,-1,1,-1
2015405DA0674,4,9,0,4,0,0,0,0,0,0,2,1,6,1,45,7,1998,1,14,-1,-1,-1
2015405DA0674,5,9,0,4,0,0,0,0,0,0,2,1,6,1,47,8,1968,2,2,-1,-1,-1
2015405DA0675,1,21,0,12,0,0,0,0,0,0,1,2,1,1,49,8,-1,-1,-1,-1,-1,-1
2015405DA0675,2,9,0,18,0,0,0,0,0,0,4,1,6,1,55,8,1198,1,1,-1,1,-1
2015405DA0676,1,9,0,18,0,0,0,0,5,6,1,1,6,2,27,6,1995,2,-1,-1,1,-1
2015405DA0678,1,9,0,18,0,0,0,0,1,0,1,1,6,1,29,6,1984,1,6,-1,1,-1
2015405DA0678,2,98,0,18,0,0,0,0,0,0,2,2,1,1,65,9,-1,-1,-1,-1,-1,-1
2015405DA0679,1,9,0,7,0,8,0,0,0,0,1,1,6,1,83,11,1686,2,12,-1,3,-1
2015405DA0679,2,1,0,18,0,8,0,0,0,0,4,1,6,1,38,7,-1,-1,-1,-1,1,-1
2015405DA0680,1,9,0,9,0,8,0,0,0,0,1,1,6,1,21,5,1388,1,9,-1,2,-1
2015405DA0680,2,9,0,10,0,8,0,0,0,0,3,1,6,2,39,7,1686,2,11,-1,2,-1
2015405DA0682,1,9,0,9,0,8,0,0,0,0,1,1,2,1,54,8,1364,1,6,-1,2,-1
2015405DA0682,2,1,0,18,0,8,0,0,0,0,1,1,2,1,25,5,-1,-1,-1,-1,1,-1
2015405DA0683,1,9,0,18,0,0,5,0,6,6,1,1,6,1,45,7,1956,2,4,-1,2,-1
2015405DA0684,1,9,0,17,0,0,0,0,0,0,1,1,6,1,57,9,1560,2,4,-1,1,-1
2015405DA0684,2,9,0,16,0,0,0,0,0,0,1,1,6,1,52,8,1596,1,11,-1,2,-1
2015405DA0685,1,9,0,17,0,0,0,0,0,0,2,1,6,2,51,8,2494,1,16,-1,3,-1
2015405DA0686,1,1,0,18,0,8,0,0,0,0,4,1,6,1,52,8,-1,-1,-1,-1,1,-1
2015405DA0686,2,9,0,18,0,4,0,0,0,0,1,1,6,1,47,8,2987,2,6,-1,1,-1
2015405DA0687,1,19,0,9,0,8,0,0,0,0,3,1,6,1,38,7,1527,2,18,-1,1,-1
2015405DA0687,2,5,0,14,0,8,0,0,0,0,1,1,6,1,34,6,745,1,-1,-1,1,-1
2015405DA0688,1,9,0,18,0,8,0,0,0,0,1,1,6,1,53,8,1339,1,4,-1,1,-1
2015405DA0688,2,9,0,9,0,8,0,0,0,0,4,1,6,1,37,7,2987,2,2,-1,1,-1
2015405DA0689,1,9,0,18,0,8,0,0,0,0,1,1,1,1,74,10,1398,1,3,-1,1,-1
2015405DA0689,2,9,0,18,0,8,0,0,0,0,1,1,6,1,28,6,1388,1,9,-1,1,-1
2015405DA0690,1,5,0,13,0,0,0,0,0,0,0,1,6,1,22,5,599,1,5,-1,1,-1
2015405DA0691,1,9,0,13,0,0,2,0,7,4,1,1,6,1,28,6,1240,1,10,-1,1,-1
2015405DA0691,2,9,0,18,0,0,0,0,0,0,0,1,6,1,35,6,1598,1,13,-1,-1,-1
2015405DA0694,1,9,0,18,0,8,0,0,0,0,1,1,2,2,30,6,1229,1,10,-1,1,-1
2015405DA0694,2,9,0,9,0,8,0,0,0,0,3,1,6,1,25,5,1149,1,14,-1,1,-1
2015405DA0696,1,21,0,18,0,0,0,0,0,0,1,1,1,1,52,8,6692,2,3,-1,1,-1
2015405DA0696,2,19,0,3,0,0,0,0,0,0,2,1,1,1,54,8,1998,2,9,-1,1,-1
2015405DA0696,3,9,0,3,0,0,0,0,0,0,2,1,6,1,-1,-1,2143,2,-1,-1,-1,-1
2015405DA0698,1,11,0,5,0,1,0,0,0,0,1,1,1,2,48,8,7300,2,3,-1,-1,-1
2015405DA0698,2,9,0,7,0,1,0,0,0,0,4,1,6,1,77,11,1999,1,14,-1,1,-1
2015405DA0700,1,9,0,18,0,1,0,0,0,0,3,1,6,1,-1,-1,-1,-1,-1,-1,-1,-1
2015405DA0701,1,9,0,13,0,0,0,0,0,0,1,1,6,2,25,5,1390,1,14,-1,1,-1
2015405DA0701,2,9,0,18,0,0,0,0,0,0,1,1,6,1,51,8,2993,2,11,-1,-1,-1
2015405DA0704,1,5,0,13,0,1,0,0,0,0,1,1,6,1,25,5,599,1,13,-1,-1,-1
2015405DA0704,2,19,0,9,0,1,0,0,0,0,3,1,6,1,45,7,2198,2,7,-1,3,-1
2015405DA0710,1,9,0,17,0,0,0,0,0,0,1,1,6,2,20,4,1399,1,9,-1,2,-1
2015405DA0710,2,9,0,16,0,0,0,0,0,0,1,1,6,2,39,7,1199,1,12,-1,1,-1
2015405DA0712,1,9,0,16,0,0,1,0,7,7,1,1,6,2,45,7,1399,2,12,-1,3,-1
2015405DA0723,1,21,1,18,0,0,0,0,0,0,1,2,1,1,53,8,-1,-1,-1,-1,-1,-1
2015405DA0724,1,9,0,4,0,0,0,0,0,0,1,1,6,1,19,4,1796,1,12,-1,2,-1
2015405DA0724,2,9,0,4,0,0,0,0,0,0,2,1,6,2,20,4,1242,1,1,-1,1,-1
2015405DA0724,3,9,0,4,0,0,0,0,0,0,2,1,6,2,21,5,1496,2,-1,-1,-1,-1
2015405DA0725,1,9,0,18,0,3,0,0,0,0,4,1,2,2,54,8,1149,1,11,-1,1,-1
2015405DA0725,2,1,0,18,0,8,0,0,0,0,1,1,2,1,50,8,-1,-1,-1,-1,1,-1
2015405DA0726,1,9,0,18,0,0,0,0,0,0,1,1,6,1,17,4,1587,1,10,-1,1,-1