Accident_Index,Vehicle_Reference,Vehicle_Type,Towing_and_Articulation,Vehicle_Manoeuvre,Vehicle_Location-Restricted_Lane,Junction_Location,Skidding_and_Overturning,Hit_Object_in_Carriageway,Vehicle_Leaving_Carriageway,Hit_Object_off_Carriageway,1st_Point_of_Impact,Was_Vehicle_Left_Hand_Drive?,Journey_Purpose_of_Driver,Sex_of_Driver,Age_of_Driver,Age_Band_of_Driver,Engine_Capacity_(CC),Propulsion_Code,Age_of_Vehicle,Driver_IMD_Decile,Driver_Home_Area_Type,Vehicle_IMD_Decile
2015405DA0726,2,9,0,18,0,0,0,0,0,0,1,1,6,1,51,8,1598,1,6,-1,2,-1
2015405DA0727,1,9,0,9,0,8,0,0,0,0,1,1,6,1,38,7,1242,1,19,-1,1,-1
2015405DA0727,2,5,0,15,0,8,0,0,0,0,3,1,6,1,26,6,998,1,11,-1,1,-1
2015405DA0728,1,9,0,7,0,3,0,0,0,0,4,1,6,1,65,9,1896,2,16,-1,3,-1
2015405DA0728,2,9,0,7,0,3,0,0,0,0,3,1,6,2,22,5,1328,1,7,-1,1,-1
2015405DA0732,1,9,0,18,0,0,0,0,0,0,1,1,2,1,22,5,1968,2,4,-1,2,-1
2015405DA0732,2,21,1,18,0,0,0,0,0,0,1,1,1,1,27,6,12777,2,5,-1,1,-1
2015405DA0738,1,1,0,12,0,0,0,0,0,0,3,1,6,1,65,9,-1,-1,-1,-1,-1,-1
2015405DA0738,2,9,0,13,0,0,0,0,0,0,4,1,6,2,33,6,1598,1,13,-1,1,-1
2015405DA0739,1,9,0,18,0,0,1,0,1,7,1,2,2,1,29,6,-1,-1,-1,-1,1,-1
2015405DA0739,2,9,0,13,0,0,0,0,0,0,0,1,6,3,-1,-1,-1,-1,-1,-1,-1,-1
2015405DA0742,1,19,0,18,0,0,0,0,0,0,1,1,6,1,38,7,1560,2,1,-1,1,-1
2015405DA0742,2,9,0,3,0,0,0,0,0,0,2,1,6,1,27,6,1995,2,4,-1,1,-1
2015405DA0742,3,9,0,3,0,0,0,0,0,0,2,1,6,1,31,6,1995,2,11,-1,1,-1
2015405DA0742,4,9,0,3,0,0,0,0,0,0,2,1,6,1,61,9,2184,2,1,-1,1,-1
2015405DA0743,1,9,0,18,0,0,0,0,0,0,1,1,6,2,38,7,1461,2,10,-1,1,-1
2015405DA0743,2,5,0,18,0,0,0,0,0,0,1,1,6,1,49,8,749,1,11,-1,1,-1
2015405DA0745,1,9,0,18,0,0,0,0,7,0,3,1,6,1,83,11,1596,1,6,-1,2,-1
2015405DA0745,2,9,0,18,0,0,0,0,1,0,3,1,6,1,28,6,1598,1,13,-1,1,-1
2015405DA0747,1,9,0,18,0,8,0,0,0,0,1,1,6,2,43,7,1598,1,2,-1,3,-1
2015405DA0747,2,9,0,18,0,8,2,0,0,0,3,1,6,1,42,7,-1,-1,-1,-1,2,-1
2015405DA0748,1,9,0,13,0,0,0,0,0,0,4,1,6,2,28,6,1796,1,15,-1,2,-1
2015405DA0748,2,19,0,18,0,0,0,0,0,0,3,1,6,3,-1,-1,-1,-1,-1,-1,-1,-1
2015405DA0751,1,9,0,18,0,8,0,0,1,4,1,1,6,2,20,4,1599,1,10,-1,1,-1
2015405DA0753,1,2,0,4,0,8,1,0,0,0,1,1,2,1,16,4,49,1,-1,-1,1,-1
2015405DA0753,2,19,0,18,0,8,0,0,0,0,4,1,2,1,58,9,1753,2,11,-1,1,-1
2015405DA0755,1,9,0,4,0,1,0,0,0,0,1,1,6,1,31,6,1968,2,8,-1,1,-1
2015405DA0755,2,9,0,3,0,1,0,0,0,0,2,1,6,1,19,4,998,1,9,-1,1,-1
2015405DA0757,1,21,1,12,0,0,0,0,0,0,3,2,1,1,33,6,-1,-1,-1,-1,-1,-1
2015405DA0757,2,9,0,18,0,0,0,0,0,0,4,1,6,2,35,6,-1,-1,-1,-1,1,-1
2015405DA0760,1,9,0,18,0,1,0,0,0,0,1,1,6,2,-1,-1,2199,2,1,-1,-1,-1
2015405DA0767,1,9,0,7,0,8,0,0,0,0,1,1,6,1,-1,-1,2143,2,5,-1,-1,-1
2015405DA0767,2,9,0,18,0,8,5,0,1,0,4,1,6,1,45,7,1299,1,14,-1,1,-1
2015405DA0773,1,9,0,4,0,0,0,0,0,0,2,1,6,1,38,7,1587,1,9,-1,1,-1
2015405DA0773,2,9,0,4,0,0,0,0,0,0,1,1,6,1,37,7,1896,2,11,-1,-1,-1
2015405DA0774,1,9,0,1,0,8,0,0,0,0,2,1,6,2,61,9,1199,1,14,-1,1,-1
2015405DA0775,1,5,0,18,0,0,1,0,0,0,0,1,6,1,47,8,625,1,9,-1,1,-1
2015405DA0776,1,9,0,18,0,0,0,0,0,0,1,1,6,3,-1,-1,998,1,5,-1,-1,-1
2015405DA0777,1,9,0,18,0,8,0,0,0,0,1,1,6,2,48,8,2987,2,2,-1,1,-1
2015405DA0777,2,9,0,9,0,8,0,0,0,0,4,1,6,2,38,7,1686,2,3,-1,-1,-1
2015405DA0777,3,9,0,10,0,8,0,0,0,0,1,1,6,1,58,9,-1,-1,-1,-1,3,-1
2015405DA0778,1,9,0,18,0,1,0,0,0,0,1,1,1,1,51,8,998,1,-1,-1,2,-1
2015405DA0778,2,1,0,18,0,1,0,0,0,0,4,1,6,2,29,6,-1,-1,-1,-1,1,-1
2015405DA0781,1,19,0,17,0,0,0,0,0,0,3,1,1,1,29,6,1598,2,3,-1,2,-1
2015405DA0781,2,3,0,16,0,0,0,0,1,0,3,1,6,1,32,6,124,1,4,-1,1,-1
2015405DA0783,1,9,0,18,0,1,0,0,0,0,1,1,6,1,78,11,2497,1,12,-1,1,-1
2015405DA0783,2,9,0,1,0,1,0,0,0,0,4,1,6,2,22,5,1000,1,2,-1,1,-1
2015405DA0786,1,9,0,9,0,8,0,0,0,0,3,1,6,1,19,4,3498,1,10,-1,2,-1
2015405DA0786,2,5,0,18,0,8,0,0,0,0,1,1,6,1,23,5,645,1,10,-1,2,-1
2015405DA0787,1,9,0,13,0,0,0,0,0,0,4,1,6,1,25,5,-1,-1,-1,-1,3,-1
2015405DA0787,2,1,0,18,0,0,0,0,0,0,3,1,6,1,54,8,-1,-1,-1,-1,-1,-1
2015405DA0787,3,9,0,18,0,0,0,0,0,0,0,1,6,2,-1,-1,1796,1,9,-1,2,-1
2015405DA0790,1,9,0,18,0,0,0,0,0,0,1,1,2,2,30,6,998,1,6,-1,1,-1
2015405DA0790,2,9,0,4,0,0,0,0,0,0,2,1,2,1,50,8,-1,-1,-1,-1,2,-1
2015405DA0791,1,9,0,4,0,0,0,0,7,4,1,1,6,1,26,6,1798,1,-1,-1,2,-1
2015405DA0791,2,9,0,4,0,0,0,0,0,0,2,1,6,2,26,6,1968,2,1,-1,1,-1
2015405DA0792,1,9,0,18,0,0,0,0,0,0,1,1,6,1,48,8,2184,2,11,-1,1,-1
2015405DA0792,2,9,0,4,0,0,0,0,0,0,2,1,6,1,48,8,2143,2,-1,-1,3,-1
2015405DA0793,1,9,0,18,0,0,0,0,0,0,1,1,6,1,76,11,1896,2,9,-1,1,-1
2015405DA0797,1,9,0,4,0,1,0,0,0,0,1,1,2,1,19,4,1149,1,12,-1,2,-1
2015405DA0797,2,19,0,4,0,1,0,0,0,0,2,1,1,1,29,6,2198,2,2,-1,2,-1
2015405DA0800,1,9,0,18,0,0,1,0,1,11,4,1,6,1,28,6,998,1,4,-1,1,-1
2015405DA0803,1,9,0,4,0,0,0,0,0,0,1,1,6,2,43,7,1596,1,12,-1,2,-1
2015405DA0803,2,9,0,4,0,0,0,0,0,0,2,1,6,1,37,7,1560,2,4,-1,1,-1
2015405DA0804,1,9,0,18,0,1,0,0,0,0,1,1,6,3,-1,-1,1896,2,13,-1,-1,-1
2015405DA0804,2,9,0,18,0,1,0,0,0,0,2,1,6,2,69,10,1997,1,2,-1,1,-1
2015405DA0805,1,1,0,18,0,0,0,0,0,0,1,1,6,1,7,2,-1,-1,-1,-1,1,-1
2015405DA0805,2,9,0,18,0,0,0,0,0,0,4,1,6,2,20,4,1781,1,10,-1,2,-1
2015405DA0807,1,9,0,4,0,0,1,0,0,0,1,1,2,1,53,8,1995,2,3,-1,1,-1
2015405DA0807,2,9,0,4,0,0,0,0,0,0,2,1,2,1,23,5,1753,2,8,-1,2,-1
2015405DA0807,3,9,0,4,0,0,0,0,0,0,2,1,2,2,43,7,1896,2,9,-1,3,-1
2015405DA0809,1,9,0,1,0,8,0,0,0,0,2,1,6,2,-1,-1,1461,2,2,-1,1,-1
2015405DA0809,2,9,0,18,0,8,0,0,0,0,3,1,6,2,25,5,1587,1,13,-1,1,-1
2015405DA0811,1,9,0,9,0,8,0,0,0,0,1,1,1,1,57,9,1968,2,2,-1,1,-1
2015405DA0811,2,5,0,18,0,8,0,0,0,0,1,1,6,1,40,7,600,1,10,-1,1,-1
2015405DA0813,1,9,0,18,0,0,0,0,0,0,1,1,6,1,26,6,1598,1,14,-1,1,-1
2015405DA0813,2,9,0,4,0,0,0,0,0,0,2,1,6,1,32,6,1968,2,5,-1,1,-1
2015405DA0814,1,9,0,18,0,0,1,0,2,4,1,1,6,1,21,5,1364,1,5,-1,1,-1
2015405DA0815,1,9,0,18,0,0,0,0,0,0,1,1,2,2,40,7,1390,1,2,-1,1,-1
2015405DA0815,2,9,0,2,0,0,0,0,0,0,2,1,2,2,48,8,1997,2,8,-1,2,-1
2015405DA0817,1,3,0,18,0,1,0,0,0,0,1,1,6,1,21,5,125,1,10,-1,1,-1
2015405DA0817,2,9,0,4,0,1,0,0,0,0,2,1,6,2,38,7,1598,1,10,-1,1,-1
2015405DA0834,1,9,0,18,0,0,5,0,1,0,0,1,6,1,40,7,2996,1,8,-1,3,-1
2015405DA0835,1,98,0,18,0,0,0,0,0,0,0,1,6,3,-1,-1,-1,-1,-1,-1,-1,-1
2015405DA0835,2,9,0,18,0,0,0,0,0,0,1,1,1,1,23,5,-1,-1,-1,-1,1,-1
2015405DA0838,1,1,0,18,0,0,0,0,0,0,1,1,6,1,25,5,-1,-1,-1,-1,1,-1
2015405DA0838,2,9,0,3,0,0,0,0,0,0,2,1,6,1,60,9,1560,2,7,-1,3,-1
2015405DA0839,1,19,0,17,0,2,0,0,0,0,0,1,6,1,21,5,1896,2,13,-1,2,-1
2015405DA0841,1,9,0,9,0,8,0,0,0,0,3,1,6,2,42,7,1596,1,13,-1,3,-1
2015405DA0841,2,1,0,18,0,8,0,0,0,0,4,1,6,1,54,8,-1,-1,-1,-1,1,-1
2015405DA0842,1,9,0,9,0,8,0,0,0,0,1,1,2,2,61,9,1248,1,4,-1,2,-1
2015405DA0842,2,9,0,18,0,8,0,0,0,0,1,1,2,1,23,5,1968,2,-1,-1,2,-1
2015405DA0843,1,9,0,9,0,8,1,0,1,10,1,1,6,1,15,3,1560,2,2,-1,3,-1
2015405DA0843,2,9,0,18,0,1,0,0,0,0,0,1,1,1,-1,-1,2268,2,1,-1,1,-1
2015405DA0845,1,21,1,12,0,0,0,0,0,0,3,2,1,1,60,9,-1,-1,-1,-1,-1,-1
2015405DA0845,2,9,0,18,0,0,0,0,0,0,4,1,1,1,60,9,2378,1,11,-1,1,-1
2015405DA0849,1,1,0,18,0,8,0,0,0,0,1,1,6,1,72,10,-1,-1,-1,-1,1,-1
2015405DA0849,2,9,0,7,0,8,0,0,0,0,3,1,6,1,25,5,-1,-1,-1,-1,2,-1
2015405DA0855,1,9,0,5,0,4,0,0,0,0,1,1,6,1,55,8,2494,1,12,-1,1,-1
2015405DA0855,2,5,0,18,0,8,0,0,0,0,4,1,6,1,62,9,998,1,12,-1,1,-1
2015405DA0856,1,9,0,7,0,8,0,0,0,0,1,1,6,1,33,6,1969,2,-1,-1,1,-1
2015405DA0856,2,1,0,18,0,8,0,0,0,0,4,1,6,1,57,9,-1,-1,-1,-1,1,-1
2015405DA0857,1,9,0,5,0,1,0,0,0,0,1,1,6,1,-1,-1,1598,1,3,-1,-1,-1
2015405DA0857,2,1,0,18,0,1,0,0,0,0,4,1,4,1,14,3,-1,-1,-1,-1,1,-1
2015405DA0858,1,21,1,12,0,0,0,0,0,0,3,2,6,3,-1,-1,-1,-1,-1,-1,-1,-1
2015405DA0858,2,9,0,18,0,0,0,0,0,0,4,1,6,2,37,7,1199,1,1,-1,1,-1
2015405DA0863,1,20,0,13,0,0,0,0,0,0,4,1,1,1,51,8,4462,2,1,-1,1,-1
2015405DA0863,2,1,0,18,0,0,0,0,0,0,3,1,2,1,26,6,-1,-1,-1,-1,-1,-1
2015405DA0866,1,19,0,18,0,0,0,0,0,0,1,1,6,1,35,6,2143,2,-1,-1,1,-1
2015405DA0866,2,9,0,18,0,0,0,0,1,1,3,1,2,2,41,7,1968,2,2,-1,1,-1
2015405DA0869,1,19,0,18,0,0,0,0,0,0,3,1,6,1,-1,-1,-1,-1,-1,-1,-1,-1
2015405DA0869,2,3,0,18,0,0,0,0,0,0,3,1,2,1,27,6,125,1,5,-1,1,-1
2015405DA0877,1,1,0,18,0,8,0,0,0,0,1,1,4,1,10,2,-1,-1,-1,-1,3,-1
2015405DA0877,2,9,0,9,0,8,0,0,0,0,4,1,1,2,37,7,1461,2,-1,-1,1,-1
2015405DA0879,1,21,1,5,0,2,0,0,0,0,1,1,1,1,49,8,12740,2,4,-1,1,-1
2015405DA0880,1,9,0,1,9,8,0,0,0,0,2,1,6,2,40,7,-1,-1,-1,-1,-1,-1
2015405DA0883,1,9,0,9,0,8,0,0,0,0,1,1,6,2,64,9,1796,1,12,-1,3,-1
2015405DA0884,1,11,0,4,0,1,0,0,0,0,0,1,1,1,-1,-1,-1,-1,-1,-1,-1,-1
2015405DA0885,1,9,0,18,0,0,5,4,0,0,1,1,6,1,24,5,1399,2,3,-1,1,-1
2015405DA0885,2,9,0,2,0,0,0,0,0,0,3,1,6,3,-1,-1,1956,2,2,-1,-1,-1
2015405DA0885,3,19,0,18,0,0,0,4,0,0,1,1,6,1,48,8,1560,2,-1,-1,1,-1
2015405DA0885,4,9,0,2,0,0,0,0,0,0,2,1,6,3,-1,-1,-1,-1,-1,-1,-1,-1
2015405DA0888,1,9,0,18,0,0,0,0,0,0,1,1,6,1,74,10,1399,1,4,-1,2,-1
2015405DA0889,1,2,0,18,0,0,0,0,0,0,1,1,6,1,16,4,50,1,-1,-1,-1,-1
2015405DA0889,2,9,0,3,0,0,0,0,0,0,2,1,6,2,35,6,1598,1,10,-1,2,-1
2015405DA0889,3,9,0,18,0,0,0,0,0,0,3,1,6,2,34,6,1398,1,-1,-1,2,-1
2015405DA0893,1,19,0,17,0,0,1,0,1,9,1,1,2,1,37,7,1399,2,6,-1,1,-1
2015405DA0894,1,9,0,11,0,0,0,0,0,0,1,1,6,1,34,6,1364,1,1,-1,-1,-1
2015405DA0894,2,9,0,18,0,0,0,0,0,0,2,1,6,2,51,8,2688,2,11,-1,1,-1
2015405DA0895,1,9,0,4,0,0,0,0,0,0,1,1,2,1,43,7,1968,2,1,-1,-1,-1
2015405DA0895,2,9,0,4,0,0,0,0,0,0,2,1,6,2,32,6,1984,1,12,-1,1,-1
2015405DA0895,3,9,0,4,0,0,0,0,0,0,2,1,2,2,52,8,2191,2,-1,-1,1,-1
2015405DA0905,1,9,0,18,0,2,0,0,0,0,1,1,6,2,45,7,1242,1,-1,-1,1,-1
2015405DA0907,1,9,0,9,0,8,0,0,0,0,1,1,6,1,62,9,2179,2,-1,-1,1,-1
2015405DA0907,2,1,0,4,0,1,0,0,0,0,1,1,6,1,12,3,-1,-1,-1,-1,1,-1
2015405DA0907,3,1,0,4,0,1,0,0,0,0,1,1,6,1,12,3,-1,-1,-1,-1,-1,-1
2015405DA0909,1,9,0,9,0,8,0,0,0,0,1,1,6,2,67,10,1242,1,3,-1,1,-1
2015405DA0909,2,1,0,7,0,8,0,0,0,0,1,1,6,1,39,7,-1,-1,-1,-1,1,-1
2015405DA0911,1,9,0,18,0,8,0,0,0,0,1,1,6,2,53,8,1242,1,8,-1,1,-1
2015405DA0911,2,9,0,18,0,8,0,0,0,0,4,1,6,1,33,6,1968,2,6,-1,1,-1
2015405DA0913,1,9,0,9,0,8,0,0,0,0,1,1,6,1,70,10,1796,1,16,-1,1,-1
2015405DA0913,2,9,0,18,0,8,0,0,0,0,4,1,2,1,40,7,1985,1,22,-1,3,-1
2015405DA0915,1,9,0,14,0,8,0,0,0,0,1,1,6,1,63,9,998,1,10,-1,1,-1
2015405DA0915,2,9,0,9,0,8,0,0,0,0,3,1,6,2,51,8,1998,1,10,-1,1,-1
2015405DA0919,1,9,0,6,0,0,0,0,0,0,3,1,6,2,28,6,1896,2,12,-1,1,-1
2015405DA0919,2,21,1,18,0,0,0,0,0,0,1,1,1,1,35,6,6370,2,5,-1,1,-1
2015405DA0924,1,9,0,18,0,8,1,0,0,0,1,1,1,1,50,8,1598,1,14,-1,1,-1
2015405DA0924,2,21,1,9,0,8,0,0,0,0,2,2,1,1,-1,-1,-1,-1,-1,-1,-1,-1
2015405DA0928,1,9,0,9,0,8,1,0,7,9,1,1,6,1,20,4,1988,1,12,-1,1,-1
2015405DA0928,2,9,0,18,0,8,1,0,0,0,1,1,6,2,54,8,1499,2,2,-1,1,-1
2015405DA0929,1,9,0,18,0,0,0,0,0,0,1,1,6,2,35,6,1910,2,8,-1,3,-1
2015405DA0929,2,9,0,4,0,0,0,0,0,0,2,1,6,1,68,10,1796,1,12,-1,1,-1
2015405DA0929,3,9,0,4,0,0,0,0,0,0,2,1,6,1,27,6,1587,1,13,-1,1,-1
2015405DA0931,1,9,0,18,0,0,0,0,0,0,1,1,6,1,22,5,1995,2,5,-1,1,-1
2015405DA0931,2,9,0,18,0,0,0,0,0,0,2,1,6,1,55,8,1896,2,11,-1,2,-1
2015405DA0932,1,9,0,12,0,0,1,0,5,6,1,1,6,1,45,7,1396,1,12,-1,2,-1
2015405DA0939,1,9,0,5,0,0,1,0,1,0,1,1,6,1,74,10,1339,1,6,-1,1,-1
2015405DA0939,2,9,0,2,0,0,0,0,0,0,2,1,6,3,-1,-1,2495,2,20,-1,1,-1
2015405DA0940,1,5,0,18,0,8,1,0,0,0,0,1,2,1,51,8,885,1,18,-1,2,-1
2015405DA0944,1,9,0,18,0,8,0,0,0,0,1,1,6,1,-1,-1,-1,-1,-1,-1,1,-1
2015405DA0944,2,1,0,18,0,8,0,0,0,0,4,1,6,1,16,4,-1,-1,-1,-1,1,-1
2015405DA0945,1,9,0,9,0,8,0,0,0,0,3,1,1,1,20,4,2401,2,10,-1,1,-1
2015405DA0945,2,9,0,17,0,8,0,0,0,0,1,1,3,2,53,8,996,1,6,-1,1,-1
2015405DA0948,1,9,0,4,0,8,0,0,0,0,1,1,6,1,38,7,1596,1,9,-1,1,-1
2015405DA0948,2,9,0,9,0,8,0,0,0,0,1,1,6,2,46,8,1587,1,10,-1,1,-1
2015405DA0950,1,19,0,9,0,8,0,0,0,0,1,1,6,1,52,8,2402,2,13,-1,1,-1
2015405DA0950,2,1,0,18,0,8,0,0,0,0,1,1,6,1,47,8,-1,-1,-1,-1,1,-1
2015405DA0952,1,9,0,4,0,1,0,0,0,0,1,1,6,2,71,10,1596,1,12,-1,3,-1
2015405DA0952,2,9,0,3,0,1,0,0,0,0,2,1,6,1,32,6,4966,1,11,-1,-1,-1
2015405DA0954,1,9,0,9,0,8,0,0,0,0,1,1,2,2,48,8,1995,2,1,-1,1,-1
2015405DA0954,2,5,0,14,9,8,0,0,0,0,1,1,2,1,24,5,1084,1,22,-1,1,-1
2015405DA0956,1,90,0,2,0,8,0,0,0,0,2,1,6,3,-1,-1,-1,-1,-1,-1,-1,-1
2015405DA0956,2,9,0,18,0,1,0,0,0,0,1,1,6,1,82,11,1598,1,5,-1,2,-1
2015405DA0957,1,9,0,9,0,8,0,0,0,0,1,1,6,2,35,6,1984,1,14,-1,3,-1
2015405DA0957,2,9,0,18,0,8,0,0,0,0,1,1,6,2,18,4,1086,1,4,-1,1,-1
2015405DA0960,1,9,0,18,0,0,0,0,0,0,1,1,6,1,29,6,-1,-1,-1,-1,1,-1
2015405DA0960,2,9,0,4,0,0,0,0,0,0,2,1,1,2,38,7,1956,2,6,-1,1,-1
2015405DA0962,1,19,0,16,0,0,2,0,2,4,1,1,1,1,29,6,-1,-1,-1,-1,1,-1
2015405DA0966,1,9,0,4,0,0,1,0,0,0,1,1,2,1,50,8,2143,2,1,-1,1,-1
2015405DA0966,2,9,0,4,0,0,0,0,0,0,2,1,2,1,50,8,2993,2,5,-1,3,-1
2015405DA0968,1,9,0,18,0,0,0,0,0,0,1,1,6,1,83,11,1753,2,7,-1,1,-1
2015405DA0968,2,9,0,3,0,0,0,0,0,0,2,1,6,1,36,7,1968,2,6,-1,3,-1
2015405DA0968,3,9,0,3,0,0,0,0,0,0,2,1,6,1,42,7,1984,1,6,-1,1,-1
2015405DA0968,4,9,0,3,0,0,0,0,0,0,2,1,6,2,60,9,2830,2,21,-1,3,-1
2015405DA0969,1,19,0,7,0,8,0,0,0,0,1,1,6,1,45,7,-1,-1,-1,-1,1,-1
2015405DA0969,2,1,0,18,0,8,0,0,0,0,3,1,6,2,12,3,-1,-1,-1,-1,1,-1
2015405DA0970,1,19,0,13,0,0,0,0,0,0,1,1,6,1,55,8,1997,2,7,-1,1,-1
2015405DA0970,2,9,0,6,0,0,0,0,0,0,3,1,6,1,29,6,1229,1,3,-1,1,-1
2015405DA0973,1,9,0,9,0,8,0,0,0,0,1,1,2,1,43,7,1598,1,10,-1,1,-1
2015405DA0973,2,9,0,18,0,8,0,0,0,0,1,1,6,2,41,7,1796,1,6,-1,1,-1
2015405DA0974,1,9,0,18,0,0,0,0,0,0,3,1,6,1,53,8,1796,1,15,-1,1,-1
2015405DA0974,2,9,0,18,0,0,0,0,0,0,3,1,6,1,-1,-1,1896,2,10,-1,1,-1
2015405DA0975,1,9,0,17,0,0,0,0,0,0,1,1,6,1,19,4,1341,1,11,-1,1,-1
2015405DA0976,1,9,0,13,0,0,0,0,0,0,4,1,6,1,22,5,1995,2,5,-1,3,-1
2015405DA0976,2,9,0,18,0,0,0,0,0,0,3,1,6,1,21,5,-1,-1,-1,-1,3,-1
2015405DA0976,3,9,0,18,0,0,0,0,0,0,3,1,6,1,47,8,1686,2,10,-1,2,-1
2015405DA0978,1,9,0,18,0,8,0,0,0,0,1,1,6,2,27,6,1686,2,8,-1,1,-1
2015405DA0978,2,1,0,9,0,8,0,0,0,0,1,1,6,1,68,10,-1,-1,-1,-1,1,-1
2015405DA0980,1,9,0,16,0,2,0,0,0,0,1,1,6,2,28,6,1086,1,11,-1,1,-1
2015405DA0980,2,9,0,17,0,1,0,0,0,0,1,1,6,2,45,7,1995,2,13,-1,1,-1
2015405DA0984,1,9,0,6,0,1,0,0,0,0,3,1,1,1,37,7,1248,2,4,-1,-1,-1
2015405DA0984,2,5,0,18,0,1,0,0,0,0,4,1,6,1,47,8,-1,-1,-1,-1,1,-1
2015405DA0986,1,9,0,9,0,8,0,0,0,0,3,1,6,1,26,6,1686,2,7,-1,1,-1
2015405DA0986,2,19,0,18,0,8,0,0,0,0,1,1,1,1,48,8,1997,2,9,-1,1,-1
2015405DA0987,1,9,0,18,0,0,1,0,2,0,4,1,6,1,20,4,1229,1,10,-1,1,-1
2015405DA0987,2,9,0,18,0,0,0,0,0,0,1,1,6,1,64,9,2179,2,1,-1,3,-1
2015405DA0989,1,9,0,16,0,0,0,0,0,0,0,1,6,3,-1,-1,-1,-1,-1,-1,-1,-1
2015405DA0989,2,3,0,17,0,0,1,0,1,0,0,1,6,1,26,6,125,1,1,-1,1,-1
2015405DA0990,1,9,0,16,0,1,1,0,0,0,1,1,6,1,29,6,1396,1,12,-1,1,-1
2015405DA0990,2,9,0,17,0,2,0,0,0,0,1,1,6,1,64,9,2987,2,5,-1,2,-1
2015405DA0991,1,9,0,3,0,0,0,0,0,0,2,1,6,2,28,6,1796,1,5,-1,1,-1
2015405DA0991,2,9,0,4,0,0,0,0,0,0,1,1,6,1,61,9,1598,1,12,-1,1,-1
2015405DA0992,1,9,0,18,0,0,0,0,0,0,1,1,6,1,-1,-1,-1,-1,-1,-1,-1,-1
2015405DA0992,2,9,0,3,0,0,0,0,0,0,2,1,6,2,19,4,1388,1,3,-1,3,-1
2015405DA0993,1,21,1,12,0,0,0,0,0,0,3,2,6,3,-1,-1,-1,-1,-1,-1,-1,-1
2015405DA0993,2,9,0,18,0,0,0,0,5,6,4,1,6,2,26,6,1390,1,11,-1,1,-1
2015405DA0994,1,19,0,9,0,8,0,0,0,0,1,1,6,1,63,9,1686,2,11,-1,1,-1
2015405DA0994,2,5,0,18,0,8,0,0,0,0,4,1,2,1,26,6,599,1,11,-1,2,-1
2015405DA0995,1,9,0,9,0,8,0,0,0,0,1,1,6,2,19,4,1242,1,1,-1,1,-1
2015405DA0995,2,3,0,18,0,8,0,0,0,0,1,1,6,1,46,8,124,1,-1,-1,1,-1
2015405DA0997,1,9,0,9,0,8,0,0,0,0,1,1,2,1,48,8,1596,1,11,-1,3,-1
2015405DA0997,2,9,0,18,0,8,0,0,0,0,3,1,2,2,32,6,1896,2,12,-1,1,-1
2015405DA0998,1,9,0,18,0,0,0,0,0,0,1,1,6,2,35,6,1199,1,13,-1,1,-1
2015405DA0998,2,9,0,4,0,0,0,0,0,0,2,1,1,1,29,6,-1,-1,-1,-1,1,-1
2015405DA0998,3,9,0,4,0,0,0,0,0,0,2,1,6,1,63,9,2198,2,8,-1,1,-1
2015405DA0998,4,9,0,4,0,0,0,0,0,0,2,1,1,1,62,9,3222,2,11,-1,1,-1
2015405DA1001,1,9,0,9,0,8,0,0,0,0,1,1,6,2,46,8,1296,1,8,-1,1,-1
2015405DA1001,2,9,0,18,0,8,0,0,0,0,1,1,6,1,27,6,-1,-1,-1,-1,1,-1
2015405DA1002,1,21,0,17,0,0,5,0,2,0,4,1,1,1,33,6,12777,2,4,-1,1,-1
2015405DA1003,1,9,0,18,0,0,0,0,0,0,1,1,6,2,29,6,1995,2,7,-1,3,-1
2015405DA1003,2,9,0,4,0,0,0,0,0,0,2,1,6,2,83,11,2926,2,13,-1,1,-1
2015405DA1004,1,5,0,14,0,8,0,0,0,0,4,1,2,1,45,7,1170,1,-1,-1,1,-1
2015405DA1004,2,9,0,18,0,8,0,0,0,0,1,1,6,1,20,4,1364,1,10,-1,1,-1
2015405DA1005,1,9,0,13,0,0,1,0,1,0,1,1,2,1,21,5,1596,1,-1,-1,2,-1
2015405DA1005,2,19,0,18,0,0,0,0,0,0,2,1,2,1,45,7,1753,2,8,-1,1,-1
2015405DA1005,3,9,0,18,0,0,0,0,0,0,1,1,6,1,18,4,1368,1,7,-1,2,-1
2015405DA1005,4,9,0,18,0,0,0,11,0,0,0,1,2,1,-1,-1,1598,2,-1,-1,-1,-1
2015405DA1013,1,9,0,9,0,8,0,0,4,1,1,1,6,1,28,6,1229,1,10,-1,1,-1
2015405DA1013,2,9,0,18,0,8,0,0,4,0,1,1,1,1,26,6,1995,2,3,-1,1,-1
2015405DA1014,1,8,0,18,0,4,0,0,0,0,1,1,6,3,-1,-1,1998,2,6,-1,-1,-1
2015405DA1014,2,1,0,18,0,8,0,0,0,0,1,1,2,1,40,7,-1,-1,-1,-1,1,-1
2015405DA1015,1,9,0,4,0,1,0,0,0,0,1,1,6,1,20,4,993,1,13,-1,3,-1
2015405DA1015,2,9,0,3,0,1,0,0,0,0,2,1,6,1,58,9,1598,1,10,-1,1,-1
2015405DA1018,1,5,0,18,0,8,0,0,0,0,1,1,6,1,-1,-1,598,1,21,-1,-1,-1
2015405DA1018,2,9,0,9,0,8,0,0,0,0,3,1,6,1,48,8,1364,1,1,-1,1,-1
2015405DA1019,1,9,0,17,0,0,1,0,1,9,4,1,2,1,19,4,1242,1,18,-1,1,-1
2015405DA1022,1,19,0,18,0,0,0,0,0,0,1,1,6,1,39,7,1995,2,8,-1,1,-1
2015405DA1022,2,9,0,4,0,0,0,0,0,0,2,1,6,1,48,8,1968,2,-1,-1,1,-1
2015405DA1022,3,9,0,4,0,0,0,0,0,0,2,1,6,1,49,8,1596,1,2,-1,1,-1
2015405DA1023,1,9,0,18,0,0,0,0,0,0,1,1,6,1,60,9,1598,1,1,-1,1,-1
2015405DA1023,2,9,0,4,0,0,0,0,0,0,2,1,6,1,41,7,-1,-1,-1,-1,1,-1
2015405DA1024,1,9,0,4,0,4,2,10,3,1,1,1,2,1,29,6,1995,2,6,-1,2,-1
2015405DA1025,1,9,0,2,0,0,0,0,0,0,4,1,6,2,-1,-1,1248,2,10,-1,3,-1