Accident_Index,Vehicle_Reference,Vehicle_Type,Towing_and_Articulation,Vehicle_Manoeuvre,Vehicle_Location-Restricted_Lane,Junction_Location,Skidding_and_Overturning,Hit_Object_in_Carriageway,Vehicle_Leaving_Carriageway,Hit_Object_off_Carriageway,1st_Point_of_Impact,Was_Vehicle_Left_Hand_Drive?,Journey_Purpose_of_Driver,Sex_of_Driver,Age_of_Driver,Age_Band_of_Driver,Engine_Capacity_(CC),Propulsion_Code,Age_of_Vehicle,Driver_IMD_Decile,Driver_Home_Area_Type,Vehicle_IMD_Decile
2015405DA1025,2,9,0,14,0,0,0,0,0,0,4,1,6,1,31,6,1200,1,-1,-1,1,-1
2015405DA1026,1,9,0,18,0,0,0,0,0,0,1,1,6,3,-1,-1,-1,-1,-1,-1,-1,-1
2015405DA1026,2,9,0,4,0,0,0,0,0,0,2,1,6,1,44,7,1461,2,1,-1,1,-1
2015405DA1027,1,9,0,18,0,0,0,0,0,0,3,1,6,1,35,6,1461,2,-1,-1,-1,-1
2015405DA1027,2,9,0,18,0,0,0,0,0,0,1,1,1,1,39,7,2993,2,2,-1,1,-1
2015405DA1027,3,9,0,18,0,0,0,0,0,0,1,1,1,1,37,7,-1,-1,-1,-1,1,-1
2015405DA1029,1,9,0,17,0,0,0,0,0,0,1,1,6,2,31,6,1390,1,11,-1,3,-1
2015405DA1029,2,9,0,4,0,0,0,0,0,0,2,1,6,1,68,10,1398,1,-1,-1,1,-1
2015405DA1029,3,9,0,17,0,0,0,0,0,0,1,1,6,1,65,9,1598,2,1,-1,3,-1
2015405DA1033,1,19,0,18,0,8,0,0,0,0,3,1,6,1,43,7,2198,2,8,-1,1,-1
2015405DA1033,2,9,0,18,0,8,0,0,0,0,3,1,6,1,56,9,1956,2,4,-1,1,-1
2015405DA1039,1,9,0,9,0,8,0,0,0,0,1,1,6,1,27,6,1598,1,11,-1,1,-1
2015405DA1039,2,9,0,18,0,8,0,0,0,0,1,1,6,1,41,7,1796,1,14,-1,1,-1
2015405DA1044,1,9,0,9,0,8,0,0,0,0,4,1,6,1,45,7,1968,2,2,-1,1,-1
2015405DA1044,2,2,0,18,0,8,0,0,0,0,1,1,6,1,29,6,-1,-1,-1,-1,3,-1
2015405DA1045,1,21,0,18,0,0,0,0,0,0,3,1,1,1,64,9,6700,2,-1,-1,3,-1
2015405DA1045,2,9,0,18,0,0,5,0,1,7,4,1,6,1,45,7,2495,2,11,-1,1,-1
2015405DA1046,1,9,0,11,0,0,0,0,0,0,4,1,6,1,25,5,2987,2,3,-1,1,-1
2015405DA1046,2,9,0,18,0,0,0,0,0,0,1,1,6,1,50,8,1461,2,3,-1,2,-1
2015405DA1046,3,9,0,18,0,0,0,0,0,0,4,1,6,1,28,6,1560,2,7,-1,1,-1
2015405DA1047,1,21,1,12,0,0,0,0,0,0,3,2,1,1,25,5,-1,-1,-1,-1,-1,-1
2015405DA1047,2,9,0,18,0,0,0,0,0,0,4,1,6,1,28,6,1124,1,6,-1,1,-1
2015405DA1050,1,9,0,18,0,0,0,0,0,0,1,1,2,1,73,10,-1,-1,-1,-1,1,-1
2015405DA1050,2,9,0,18,0,0,0,0,0,0,1,1,6,1,55,8,1686,2,6,-1,-1,-1
2015405DA1050,3,9,0,18,0,0,0,0,0,0,1,1,6,2,24,5,1364,1,9,-1,1,-1
2015405DA1051,1,9,0,18,0,0,1,0,5,6,1,1,6,1,45,7,1198,1,1,-1,1,-1
2015405DA1054,1,9,0,18,0,0,1,0,5,6,1,1,6,2,25,5,1390,1,13,-1,1,-1
2015405DA1054,2,9,0,4,0,0,0,0,0,0,2,1,6,1,54,8,1896,2,8,-1,1,-1
2015405DA1055,1,9,0,17,0,0,1,0,1,4,3,1,6,1,23,5,1124,1,14,-1,-1,-1
2015405DA1057,1,19,0,5,0,1,0,0,0,0,3,1,6,1,44,7,2198,2,2,-1,3,-1
2015405DA1061,1,9,0,18,0,0,2,0,7,4,4,1,6,1,25,5,1998,1,20,-1,1,-1
2015405DA1064,1,9,0,18,0,0,0,0,0,0,0,1,6,2,33,6,1998,2,8,-1,1,-1
2015405DA1065,1,9,0,9,0,8,0,0,0,0,1,1,1,2,44,7,1199,1,13,-1,1,-1
2015405DA1065,2,1,0,18,0,8,0,0,0,0,1,1,6,1,59,9,-1,-1,-1,-1,1,-1
2015405DA1068,1,22,0,18,9,1,0,0,0,0,0,1,6,2,89,11,-1,-1,-1,-1,1,-1
2015405DA1069,1,9,0,4,0,1,0,0,0,0,2,1,6,1,-1,-1,1997,2,10,-1,2,-1
2015405DA1069,2,9,0,18,0,1,0,0,0,0,1,1,2,2,46,8,1598,2,-1,-1,1,-1
2015405DA1070,1,9,0,18,0,0,2,0,1,9,1,1,6,1,20,4,1968,2,9,-1,2,-1
2015405DA1071,1,9,0,16,0,0,0,0,7,9,1,1,6,1,26,6,1124,1,13,-1,1,-1
2015405DA1074,1,9,0,9,0,8,0,0,0,0,1,1,6,2,75,10,1596,1,6,-1,1,-1
2015405DA1074,2,19,0,18,0,8,0,0,0,0,1,1,1,1,36,7,1686,2,12,-1,1,-1
2015405DA1076,1,9,0,18,0,8,0,0,0,0,3,1,2,1,62,9,1560,2,7,-1,1,-1
2015405DA1076,2,5,0,9,0,8,0,0,0,0,4,1,2,1,50,8,599,1,9,-1,-1,-1
2015405DA1080,1,9,0,18,0,8,0,0,0,0,1,1,6,1,-1,-1,-1,-1,-1,-1,-1,-1
2015405DA1080,2,1,0,4,0,8,0,0,0,0,2,1,6,1,38,7,-1,-1,-1,-1,1,-1
2015405DA1081,1,9,0,14,0,2,0,0,0,0,4,1,6,2,46,8,-1,-1,-1,-1,2,-1
2015405DA1083,1,9,0,18,0,0,0,0,4,6,1,1,6,2,29,6,1560,2,10,-1,1,-1
2015405DA1083,2,21,1,18,0,0,0,0,0,0,2,1,1,1,37,7,-1,-1,-1,-1,-1,-1
2015405DA1084,1,9,0,18,0,0,0,0,0,0,1,1,6,1,27,6,1995,2,9,-1,1,-1
2015405DA1084,2,1,0,18,0,0,0,0,0,0,2,1,6,1,14,3,-1,-1,-1,-1,-1,-1
2015405DA1089,1,9,0,18,0,0,2,0,5,9,1,1,6,1,32,6,2499,1,10,-1,1,-1
2015405DA1089,2,9,0,18,0,0,0,0,0,0,0,1,6,1,69,10,1968,2,-1,-1,1,-1
2015405DA1089,3,9,0,18,0,0,0,0,0,0,0,1,6,3,-1,-1,-1,-1,-1,-1,-1,-1
2015405DA1090,1,9,0,18,0,0,1,0,2,4,4,1,6,2,22,5,1229,1,7,-1,1,-1
2015405DA1090,2,9,0,18,0,0,0,0,0,0,1,1,6,2,34,6,1968,2,1,-1,3,-1
2015405DA1096,1,19,0,18,0,0,1,0,0,0,1,1,1,1,23,5,-1,-1,-1,-1,1,-1
2015405DA1096,2,9,0,18,0,0,0,0,0,0,1,1,2,1,58,9,1600,1,23,-1,1,-1
2015405DA1097,1,9,0,9,0,8,0,0,0,0,4,1,2,1,57,9,2191,2,2,-1,3,-1
2015405DA1097,2,5,0,18,0,8,0,0,0,0,1,1,2,2,30,6,599,1,14,-1,1,-1
2015405DA1101,1,9,0,13,0,2,0,0,0,0,1,1,6,1,-1,-1,2199,2,-1,-1,1,-1
2015405DA1101,2,9,0,18,0,2,0,0,0,0,3,1,6,2,34,6,1498,1,3,-1,1,-1
2015405DA1105,1,21,1,12,0,0,0,0,0,0,1,2,1,1,45,7,-1,-1,-1,-1,-1,-1
2015405DA1105,2,9,0,18,0,0,0,0,0,0,4,1,6,2,30,6,1496,2,-1,-1,2,-1
2015405DA1109,1,9,0,18,0,0,0,0,0,0,1,1,6,1,20,4,1364,1,7,-1,1,-1
2015405DA1109,2,9,0,18,0,0,0,0,0,0,1,1,6,1,37,7,2967,2,7,-1,1,-1
2015405DA1109,3,9,0,18,0,0,0,0,0,0,1,1,6,2,41,7,2400,2,9,-1,3,-1
2015405DA1109,4,9,0,18,0,0,0,0,0,0,1,1,6,1,24,5,-1,-1,-1,-1,1,-1
2015405DA1109,5,9,0,4,0,0,0,0,0,0,2,1,6,1,-1,-1,2987,2,-1,-1,1,-1
2015405DA1113,1,9,0,18,0,0,0,0,0,0,4,1,6,1,24,5,1984,1,6,-1,1,-1
2015405DA1115,1,19,0,17,0,0,0,0,1,0,4,1,1,1,29,6,1995,2,1,-1,1,-1
2015405DA1120,1,9,0,18,0,0,0,0,0,0,1,1,6,2,30,6,-1,-1,-1,-1,-1,-1
2015405DA1120,2,9,0,3,0,0,0,0,0,0,2,1,2,2,25,5,1398,2,8,-1,1,-1
2015405DA1122,1,5,0,18,0,0,1,0,1,0,3,1,2,1,48,8,1050,1,3,-1,1,-1
2015405DA1124,1,9,0,18,0,1,0,0,0,0,1,1,6,1,25,5,1598,1,14,-1,-1,-1
2015405DA1124,2,9,0,3,0,1,0,0,0,0,2,1,6,1,18,4,1242,1,8,-1,3,-1
2015405DA1126,1,9,0,17,0,0,0,0,0,0,1,1,6,1,-1,-1,1781,1,12,-1,1,-1
2015405DA1126,2,1,0,18,0,0,0,0,0,0,3,1,6,1,16,4,-1,-1,-1,-1,1,-1
2015405DA1130,1,97,0,7,0,8,0,0,0,0,1,1,6,1,35,6,-1,-1,-1,-1,-1,-1
2015405DA1130,2,9,0,18,0,8,0,0,0,0,4,1,6,1,29,6,1149,1,7,-1,1,-1
2015405DA1133,1,9,0,9,0,8,0,0,0,0,2,1,6,2,30,6,1868,2,14,-1,1,-1
2015405DA1133,2,3,0,18,0,8,0,0,0,0,1,1,6,1,18,4,125,1,5,-1,1,-1
2015405DA1134,1,9,0,18,0,0,0,0,1,7,1,1,6,1,30,6,1686,2,11,-1,1,-1
2015405DA1134,2,21,1,18,0,0,0,0,0,0,3,1,1,1,29,6,10308,2,5,-1,1,-1
2015405DA1134,3,21,1,4,0,0,0,0,0,0,1,1,1,1,41,7,-1,-1,-1,-1,1,-1
2015405DA1134,4,21,1,18,0,0,0,0,0,0,1,1,1,1,58,9,12902,2,2,-1,3,-1
2015405DA1135,1,9,0,9,0,8,0,0,0,0,1,1,2,2,33,6,2204,2,9,-1,-1,-1
2015405DA1135,2,5,0,18,0,8,0,0,0,0,3,1,6,1,34,6,1215,1,-1,-1,2,-1
2015405DA1136,1,9,0,7,0,0,0,10,4,11,1,1,6,1,72,10,1498,1,8,-1,1,-1
2015405DA1136,2,9,0,18,0,0,0,0,0,0,3,1,6,1,82,11,1796,1,2,-1,1,-1
2015405DA1139,1,9,0,9,0,8,0,0,0,0,1,1,1,2,23,5,1598,1,19,-1,2,-1
2015405DA1139,2,9,0,18,0,8,0,0,0,0,3,1,6,2,45,7,1339,1,10,-1,3,-1
2015405DA1143,1,9,0,18,0,0,0,0,0,0,1,1,6,1,23,5,5439,1,12,-1,1,-1
2015405DA1143,2,9,0,4,0,0,0,0,0,0,2,1,6,2,46,8,1598,1,7,-1,1,-1
2015405DA1143,3,9,0,4,0,0,0,0,0,0,2,1,6,1,35,6,2979,1,11,-1,1,-1
2015405DA1143,4,9,0,4,0,0,0,0,0,0,2,1,6,1,86,11,2179,2,11,-1,1,-1
2015405DA1144,1,19,0,18,0,8,0,0,3,1,1,1,6,1,20,4,1753,2,13,-1,3,-1
2015405DA1148,1,9,0,18,0,8,0,0,0,0,4,1,6,1,-1,-1,3555,1,11,-1,2,-1
2015405DA1148,2,9,0,9,0,8,0,0,0,0,1,1,6,2,23,5,1242,1,-1,-1,1,-1
2015405DA1149,1,9,0,9,0,8,0,0,0,0,1,1,6,1,77,11,1999,1,9,-1,1,-1
2015405DA1149,2,5,0,18,0,8,1,0,0,0,1,1,6,1,62,9,1250,1,14,-1,1,-1
2015405DA1153,1,9,0,18,0,0,0,0,0,0,3,1,6,2,70,10,1560,2,6,-1,1,-1
2015405DA1153,2,9,0,14,0,0,0,0,0,0,3,1,6,1,49,8,1999,1,9,-1,2,-1
2015405DA1154,1,9,0,7,0,8,0,0,0,0,1,1,6,1,37,7,1796,1,8,-1,-1,-1
2015405DA1154,2,9,0,18,0,8,0,0,0,0,4,1,2,1,-1,-1,1968,2,-1,-1,3,-1
2015405DA1156,1,9,0,16,0,0,1,0,1,4,1,1,6,1,17,4,1796,1,9,-1,1,-1
2015405GA0006,1,9,0,18,0,0,1,0,2,4,1,-1,6,1,25,5,-1,-1,-1,-1,1,-1
2015405T10088,1,9,3,18,0,0,0,0,1,7,1,1,6,1,50,8,2495,2,29,-1,3,-1
2015405T10103,1,21,1,11,0,2,0,0,0,0,1,1,1,1,44,7,12902,2,-1,-1,1,-1
2015405T10103,2,9,0,18,0,2,0,0,0,0,3,1,6,2,53,8,1198,1,-1,-1,1,-1
2015405T10154,1,9,0,18,0,8,1,0,0,0,4,1,6,1,38,7,1598,1,11,-1,1,-1
2015405T10154,2,21,1,12,0,8,1,0,0,0,3,2,1,1,35,6,-1,-1,-1,-1,-1,-1
2015405T10165,1,9,0,18,0,0,0,0,0,0,1,1,6,1,59,9,1984,1,11,-1,3,-1
2015405T10165,2,21,1,18,0,0,0,0,0,0,2,1,1,1,-1,-1,12809,2,3,-1,-1,-1
2015405T1A061,1,9,0,13,0,0,1,0,1,7,4,1,6,2,-1,-1,1149,1,9,-1,1,-1
2015405T1A061,2,21,1,12,0,0,0,0,0,0,1,2,1,1,67,10,-1,-1,-1,-1,-1,-1
2015405T1A062,1,21,1,12,0,0,0,0,0,0,3,2,1,1,52,8,-1,-1,-1,-1,-1,-1
2015405T1A062,2,9,0,18,0,0,1,0,0,0,4,1,6,2,47,8,1596,1,11,-1,1,-1
2015405TIA067,1,9,0,18,0,0,0,0,0,0,1,1,6,1,42,7,2171,1,13,-1,-1,-1
2015405TIA067,2,9,0,11,0,0,0,0,0,0,2,1,6,2,26,6,998,1,5,-1,1,-1
2015405TIA067,3,9,0,3,0,0,0,0,0,0,2,1,6,1,32,6,1995,2,2,-1,-1,-1
20154100A0003,1,9,0,18,0,0,1,0,4,6,1,1,2,2,31,6,1997,2,7,-1,1,-1
20154100A0007,1,21,1,18,0,0,3,0,0,0,3,1,1,1,47,8,-1,2,14,-1,1,-1
20154100A0007,2,9,0,18,0,0,0,0,0,0,3,1,6,2,38,7,1242,1,1,-1,-1,-1
20154100A0007,3,9,0,18,0,0,0,0,1,0,3,1,3,2,49,8,1598,1,7,-1,1,-1
20154100A0011,1,9,0,13,0,0,1,0,0,0,1,1,2,2,36,7,-1,-1,-1,-1,2,-1
20154100A0011,2,9,0,18,0,0,0,0,0,0,1,1,2,2,56,9,-1,-1,-1,-1,-1,-1
20154100A0011,3,9,0,18,0,0,0,0,1,10,1,1,2,2,45,7,-1,-1,-1,-1,3,-1
20154100A0014,1,9,0,18,0,0,0,0,0,0,1,1,1,1,29,6,-1,-1,-1,-1,1,-1
20154100A0014,2,9,0,11,0,0,0,0,0,0,2,1,6,1,24,5,1399,2,12,-1,1,-1
20154100A0016,1,9,0,18,0,0,1,0,1,4,1,1,2,1,32,6,-1,-1,-1,-1,1,-1
20154100A0023,1,9,0,18,0,0,0,0,0,0,1,1,6,2,23,5,-1,-1,-1,-1,2,-1
20154100A0023,2,9,0,3,0,0,0,0,0,0,2,1,6,2,57,9,-1,-1,-1,-1,1,-1
20154100A0023,3,9,0,3,0,0,0,0,0,0,2,1,6,1,60,9,-1,-1,-1,-1,1,-1
20154100A0023,4,9,0,10,0,0,0,0,0,0,2,1,6,1,68,10,-1,-1,-1,-1,-1,-1
20154100A0028,1,9,0,18,0,0,2,0,1,9,1,1,6,1,21,5,-1,-1,-1,-1,1,-1
20154100A0028,2,9,0,18,0,0,0,0,0,0,2,1,6,1,73,10,1339,1,2,-1,1,-1
20154100A0030,1,9,0,4,0,0,1,0,0,0,1,1,1,1,33,6,1598,2,3,-1,1,-1
20154100A0030,2,9,0,4,0,0,0,0,0,0,2,1,1,1,54,8,1956,2,4,-1,2,-1
20154100A0030,3,9,0,4,0,0,0,0,0,0,2,1,1,2,22,5,-1,-1,-1,-1,2,-1
20154100A0031,1,9,0,18,0,2,0,0,0,0,2,1,6,2,43,7,1461,2,4,-1,1,-1
20154100A0031,2,9,0,18,0,2,0,0,0,0,1,1,6,1,32,6,-1,-1,-1,-1,3,-1
20154100A0036,1,9,0,11,0,8,0,0,0,0,4,1,6,2,43,7,2967,2,2,-1,2,-1
20154100A0036,2,9,0,18,0,8,0,0,0,0,3,1,6,2,44,7,1388,1,4,-1,3,-1
20154100A0037,1,19,0,4,0,1,1,0,0,0,1,1,6,1,29,6,2402,2,7,-1,2,-1
20154100A0037,2,9,0,4,0,1,0,0,0,0,2,1,6,2,50,8,-1,-1,-1,-1,3,-1
20154100A0040,1,9,0,5,0,1,0,0,0,0,1,1,6,1,40,7,1968,2,2,-1,2,-1
20154100A0040,2,9,0,3,0,1,0,0,0,0,2,1,6,2,40,7,-1,-1,-1,-1,1,-1
20154100A0041,1,19,0,18,0,0,0,0,0,0,1,1,1,1,21,5,1461,2,4,-1,1,-1
20154100A0041,2,19,0,18,0,0,0,0,1,0,3,1,1,1,26,6,-1,-1,-1,-1,2,-1
20154100A0042,1,9,0,18,0,2,1,0,0,0,1,1,6,2,18,4,1299,1,10,-1,1,-1
20154100A0042,2,19,0,5,0,2,0,0,0,0,2,1,6,1,44,7,2148,2,11,-1,1,-1
20154100A0045,1,9,0,18,0,0,0,0,0,0,1,1,6,3,67,10,-1,-1,-1,-1,2,-1
20154100A0045,2,2,0,18,0,0,0,0,1,9,2,1,6,1,17,4,49,1,1,-1,1,-1
20154100A0050,1,9,0,16,0,0,1,0,0,0,1,1,6,1,26,6,-1,-1,-1,-1,1,-1
20154100A0050,2,9,0,17,0,0,0,0,0,0,1,1,1,1,52,8,-1,-1,-1,-1,1,-1
20154100A0056,1,9,0,18,0,2,0,0,0,0,4,1,1,1,21,5,-1,-1,-1,-1,2,-1
20154100A0057,1,9,0,13,0,0,1,0,0,0,3,1,2,1,20,4,-1,-1,-1,-1,-1,-1
20154100A0057,2,19,0,18,0,0,0,0,1,0,1,1,1,1,36,7,1968,2,-1,-1,3,-1
20154100A0058,1,9,0,18,0,0,1,10,7,0,1,1,6,1,19,4,-1,-1,-1,-1,1,-1
20154100A0063,1,8,0,9,0,6,0,0,0,0,4,1,1,2,45,7,1499,1,1,-1,1,-1
20154100A0063,2,1,0,18,0,8,0,0,0,0,3,1,1,1,72,10,-1,-1,-1,-1,-1,-1
20154100A0064,1,9,0,18,0,1,0,0,0,0,1,1,6,1,35,6,-1,-1,-1,-1,3,-1
20154100A0064,2,9,0,7,0,6,0,0,0,0,1,1,6,2,44,7,-1,-1,-1,-1,2,-1
20154100A0064,3,9,0,3,0,1,0,0,0,0,1,1,6,1,43,7,1796,1,13,-1,3,-1
20154100A0068,1,9,0,5,0,4,0,0,0,0,1,1,6,1,59,9,1498,1,6,-1,1,-1
20154100A0068,2,1,0,18,0,8,0,0,0,0,4,1,6,2,41,7,-1,-1,-1,-1,1,-1
20154100A0069,1,9,0,18,0,0,0,0,0,0,1,1,6,1,61,9,-1,-1,-1,-1,1,-1
20154100A0069,2,9,0,18,0,0,0,0,1,0,1,1,6,1,34,6,-1,-1,-1,-1,1,-1
20154100A0069,3,9,0,18,0,0,0,0,0,0,3,1,6,1,71,10,2440,2,23,-1,3,-1
20154100A0071,1,5,0,17,0,0,1,0,0,0,3,1,1,1,48,8,-1,-1,-1,-1,1,-1
20154100A0071,2,5,0,17,0,0,1,0,0,0,3,1,1,1,44,7,1170,1,8,-1,1,-1
20154100A0071,3,5,0,17,0,0,1,0,0,0,3,1,1,1,36,7,1352,1,1,-1,-1,-1
20154100A0075,1,9,0,3,0,0,0,0,0,0,2,1,6,2,20,4,998,1,15,-1,3,-1
20154100A0075,2,9,0,4,0,0,0,0,0,0,1,1,6,1,-1,-1,-1,-1,-1,-1,-1,-1
20154100A0077,1,9,0,16,0,0,1,0,0,0,1,1,3,1,21,5,1968,2,3,-1,3,-1
20154100A0077,2,9,0,18,0,0,0,0,7,0,1,1,3,2,32,6,2495,2,14,-1,3,-1
20154100A0080,1,9,0,9,0,6,0,0,0,0,1,1,3,2,49,8,1968,2,5,-1,1,-1
20154100A0080,2,1,0,14,0,8,0,0,0,0,4,1,1,2,52,8,-1,-1,-1,-1,1,-1
20154100A0082,1,9,0,5,0,6,0,0,0,0,1,1,6,1,49,8,999,1,-1,-1,1,-1
20154100A0082,2,21,0,18,0,8,0,0,0,0,4,1,1,1,56,9,-1,-1,-1,-1,3,-1
20154100A0085,1,9,0,18,0,0,2,0,0,0,0,1,6,2,19,4,-1,-1,-1,-1,2,-1
20154100A0086,1,9,0,9,0,6,0,0,0,0,0,1,6,1,29,6,1598,2,1,-1,1,-1
20154100A0086,2,3,0,18,0,1,1,0,0,0,0,1,6,1,17,4,124,1,5,-1,1,-1
20154100A0103,1,9,0,17,0,1,0,0,7,7,4,1,6,1,33,6,-1,-1,-1,-1,1,-1
20154100A0108,1,9,0,13,0,0,0,0,8,6,1,1,6,1,19,4,-1,-1,-1,-1,1,-1
20154100A0109,1,19,0,18,0,0,0,0,0,0,1,1,6,1,59,9,2148,2,7,-1,1,-1
20154100A0109,2,19,0,4,0,0,0,0,0,0,2,1,6,1,24,5,2198,2,3,-1,1,-1
20154100A0109,3,9,0,4,0,0,0,0,1,0,2,1,1,2,24,5,-1,-1,-1,-1,2,-1
20154100A0109,4,9,0,4,0,0,0,0,0,0,2,1,1,2,29,6,1596,1,12,-1,1,-1
20154100A0116,1,9,0,3,0,0,0,0,0,0,2,1,2,1,41,7,1360,1,12,-1,1,-1
20154100A0116,2,9,0,4,0,0,0,0,0,0,1,1,2,1,39,7,-1,-1,-1,-1,3,-1
20154100A0117,1,9,0,18,0,8,0,0,0,0,3,1,6,2,55,8,-1,-1,-1,-1,1,-1
20154100A0117,2,3,0,7,0,8,0,0,0,0,4,1,6,1,31,6,124,1,8,-1,1,-1
20154100A0119,1,9,0,4,0,1,5,0,0,0,4,1,2,1,38,7,-1,-1,-1,-1,1,-1
20154100A0119,2,9,0,4,0,1,0,0,1,0,3,1,6,2,39,7,-1,-1,-1,-1,1,-1
20154100A0122,1,5,0,18,0,0,0,0,0,0,1,1,6,1,58,9,800,1,1,-1,1,-1
20154100A0122,2,19,0,3,0,0,0,0,0,0,2,1,1,1,56,9,1248,2,2,-1,1,-1
20154100A0130,1,9,0,18,0,3,0,0,0,0,4,1,6,1,20,4,-1,-1,-1,-1,-1,-1
20154100A0130,2,9,0,18,0,3,0,0,0,0,3,1,6,2,30,6,1242,1,5,-1,1,-1
20154100A0136,1,9,0,4,0,1,0,0,0,0,4,1,6,2,30,6,1598,2,5,-1,1,-1
20154100A0136,2,4,0,3,0,1,0,0,0,0,3,1,6,1,41,7,749,1,10,-1,1,-1
20154100A0137,1,3,0,13,0,0,0,0,0,0,3,1,2,1,24,5,1157,1,17,-1,-1,-1
20154100A0137,2,9,0,11,0,0,0,0,0,0,4,1,2,1,54,8,-1,-1,-1,-1,1,-1
20154100A0138,1,9,0,16,0,0,2,0,7,0,1,1,1,2,23,5,-1,-1,-1,-1,2,-1
20154100A0138,2,19,0,17,0,0,0,0,0,0,0,1,1,1,36,7,-1,-1,-1,-1,2,-1
20154100A0140,1,9,0,16,0,0,2,0,0,0,0,1,6,2,19,4,1242,1,3,-1,3,-1
20154100A0140,2,9,0,17,0,0,0,0,0,0,0,1,6,3,-1,-1,-1,-1,-1,-1,-1,-1
20154100A0149,1,9,0,5,0,8,0,0,0,0,3,1,1,1,45,7,-1,-1,-1,-1,3,-1
20154100A0149,2,21,1,5,0,8,0,0,0,0,1,1,1,1,50,8,12900,2,6,-1,1,-1
20154100A0153,1,9,0,4,0,1,0,0,0,0,1,1,1,1,52,8,-1,-1,-1,-1,2,-1
20154100A0153,2,9,0,3,0,1,0,0,0,0,2,1,3,2,31,6,1493,2,10,-1,1,-1
20154100A0153,3,9,0,3,0,1,0,0,0,0,2,1,2,1,45,7,3605,1,12,-1,1,-1
20154100A0155,1,9,0,17,0,0,1,0,0,0,1,1,6,1,26,6,2996,1,8,-1,3,-1
20154100A0155,2,11,0,16,0,0,0,0,0,0,3,1,3,1,63,9,10500,2,5,-1,1,-1
20154100A0155,3,9,0,16,0,0,1,0,1,4,1,1,6,1,51,8,1995,2,4,-1,1,-1
20154100A0155,4,9,0,17,0,0,1,0,0,0,1,1,6,2,43,7,1595,2,5,-1,-1,-1
20154100A0156,1,9,0,9,0,5,0,0,0,0,1,1,6,1,68,10,-1,-1,-1,-1,3,-1
20154100A0156,2,9,0,18,0,8,0,0,0,0,1,1,6,1,32,6,-1,-1,-1,-1,1,-1
20154100A0161,1,9,0,18,0,0,1,0,7,4,1,1,6,2,22,5,1590,1,10,-1,1,-1
20154100A0167,1,9,0,18,0,1,0,0,0,0,1,1,6,2,50,8,1598,1,3,-1,1,-1
20154100A0167,2,9,0,5,0,1,0,0,0,0,2,1,6,1,26,6,1984,1,6,-1,3,-1
20154100A0168,1,9,0,18,0,0,0,0,0,0,0,1,6,1,69,10,2599,1,24,-1,1,-1
20154100A0168,2,9,0,12,0,0,1,0,4,6,1,1,6,1,29,6,1229,1,3,-1,2,-1
20154100A0168,3,9,0,18,0,0,0,0,2,0,1,1,6,1,27,6,1968,2,1,-1,1,-1
20154100A0168,4,19,0,18,0,0,0,0,2,0,1,1,6,2,27,6,1997,2,13,-1,3,-1
20154100A0173,1,9,0,9,0,6,0,0,0,0,3,1,1,1,52,8,1986,1,6,-1,1,-1
20154100A0173,2,9,0,18,0,8,0,0,0,0,1,1,6,2,53,8,1840,1,12,-1,1,-1
20154100A0176,1,9,0,18,0,1,0,0,0,0,3,1,6,2,-1,-1,-1,-1,-1,-1,1,-1
20154100A0176,2,9,0,18,0,1,0,0,0,0,4,1,6,2,23,5,1598,1,8,-1,3,-1
20154100A0178,1,9,0,5,0,6,0,0,3,10,1,1,6,2,88,11,1390,1,14,-1,1,-1
20154100A0181,1,9,0,3,0,0,0,0,0,0,2,1,6,2,43,7,1598,1,3,-1,1,-1
20154100A0181,2,9,0,3,0,0,0,0,0,0,2,1,2,2,19,4,1149,1,4,-1,1,-1
20154100A0181,3,9,0,18,0,0,0,0,0,0,1,1,2,2,37,7,1997,1,13,-1,1,-1
20154100A0182,1,9,0,10,0,1,0,0,0,0,2,1,6,1,56,9,1299,1,13,-1,2,-1
20154100A0182,2,9,0,18,0,1,0,0,0,0,1,1,6,2,57,9,2967,2,5,-1,1,-1
20154100A0183,1,3,0,18,0,1,1,0,0,0,1,1,6,1,21,5,599,1,9,-1,1,-1
20154100A0183,2,9,0,4,0,1,0,0,0,0,2,1,6,1,40,7,-1,-1,-1,-1,-1,-1
20154100A0186,1,9,0,18,0,0,0,7,0,0,1,1,6,1,56,9,-1,-1,-1,-1,1,-1
20154100A0186,2,9,0,18,0,0,0,0,7,10,2,1,6,1,68,10,2319,1,19,-1,1,-1
20154100A0186,3,9,0,9,0,0,0,0,0,0,1,1,6,1,48,8,-1,-1,-1,-1,2,-1
20154100A0188,1,9,0,5,0,1,0,0,0,0,4,1,6,2,43,7,1598,1,2,-1,1,-1
20154100A0190,1,9,0,16,0,8,0,0,0,0,3,1,6,1,56,9,1956,2,5,-1,1,-1
20154100A0190,2,9,0,9,0,6,0,0,0,0,1,1,6,1,88,11,1296,1,8,-1,1,-1
20154100A0193,1,9,0,18,0,4,0,0,0,0,3,1,6,2,34,6,1796,1,12,-1,1,-1
20154100A0193,2,1,0,18,0,8,0,0,0,0,1,1,6,1,59,9,-1,-1,-1,-1,1,-1
20154100A0195,1,5,0,18,0,8,1,0,0,0,1,1,1,1,49,8,1157,1,9,-1,-1,-1
20154100A0195,2,9,0,5,0,4,0,0,0,0,3,1,2,2,55,8,2143,2,2,-1,-1,-1
20154100A0197,1,9,0,18,0,0,0,4,7,10,1,1,6,1,64,9,-1,-1,-1,-1,1,-1
20154100A0197,2,9,0,2,0,0,0,0,0,0,3,1,6,1,49,8,-1,-1,-1,-1,3,-1
20154100A0199,1,9,0,9,0,6,0,0,0,0,4,1,6,2,42,7,1968,2,3,-1,1,-1
20154100A0199,2,5,0,18,0,8,0,0,0,0,1,1,6,1,61,9,750,1,10,-1,1,-1
20154100A0202,1,9,0,18,0,1,0,0,0,0,1,1,6,1,44,7,1984,1,4,-1,1,-1
20154100A0202,2,9,0,10,0,1,0,0,0,0,2,1,2,2,27,6,999,1,1,-1,1,-1