Accident_Index,Vehicle_Reference,Vehicle_Type,Towing_and_Articulation,Vehicle_Manoeuvre,Vehicle_Location-Restricted_Lane,Junction_Location,Skidding_and_Overturning,Hit_Object_in_Carriageway,Vehicle_Leaving_Carriageway,Hit_Object_off_Carriageway,1st_Point_of_Impact,Was_Vehicle_Left_Hand_Drive?,Journey_Purpose_of_Driver,Sex_of_Driver,Age_of_Driver,Age_Band_of_Driver,Engine_Capacity_(CC),Propulsion_Code,Age_of_Vehicle,Driver_IMD_Decile,Driver_Home_Area_Type,Vehicle_IMD_Decile
20154100B0307,2,9,0,18,9,6,0,0,0,0,3,1,6,1,40,7,-1,-1,-1,-1,-1,-1
20154100B0309,1,9,0,7,0,3,0,0,0,0,1,1,6,1,70,10,1796,1,7,-1,1,-1
20154100B0309,2,9,0,8,0,3,0,0,0,0,2,1,1,1,57,9,998,1,2,-1,1,-1
20154100B0313,1,9,0,18,0,1,0,0,0,0,1,1,3,2,45,7,998,1,2,-1,1,-1
20154100B0319,1,9,0,18,0,2,0,12,0,0,1,1,6,3,-1,-1,-1,-1,-1,-1,-1,-1
20154100B0320,1,9,0,7,0,3,1,7,3,1,1,1,6,1,20,4,1198,1,11,-1,1,-1
20154100B0331,1,9,0,5,0,1,0,0,0,0,1,1,6,2,49,8,1968,2,1,-1,1,-1
20154100B0331,2,9,0,3,0,1,0,0,3,0,2,1,6,2,54,8,3311,8,10,-1,1,-1
20154100B0333,1,9,0,9,0,4,0,0,0,0,3,1,6,1,21,5,1229,1,9,-1,1,-1
20154100B0333,2,9,0,18,0,8,0,0,0,0,1,1,6,1,33,6,1796,1,11,-1,1,-1
20154100B0340,1,9,0,18,0,0,0,4,0,0,1,1,6,1,24,5,1388,1,3,-1,1,-1
20154100B0340,2,19,0,2,0,0,0,4,0,0,2,1,6,1,31,6,2198,2,3,-1,1,-1
20154100B0340,3,9,0,2,0,0,0,4,0,0,1,1,6,1,54,8,-1,-1,-1,-1,1,-1
20154100B0340,4,19,0,2,0,0,0,0,0,0,1,1,6,1,-1,-1,2402,2,8,-1,-1,-1
20154100B0345,1,9,0,5,9,0,0,0,0,0,1,1,6,3,-1,-1,-1,-1,-1,-1,-1,-1
20154100B0346,1,9,0,5,9,6,0,0,0,0,1,1,1,1,33,6,1896,2,8,-1,1,-1
20154100B0346,2,1,0,18,9,8,1,0,0,0,1,1,6,1,22,5,-1,-1,-1,-1,1,-1
20154100B0347,1,9,0,9,0,5,0,0,0,0,4,1,2,2,48,8,1896,2,13,-1,1,-1
20154100B0347,2,9,0,17,0,8,0,0,0,0,1,1,2,1,45,7,1124,1,12,-1,1,-1
20154100B0350,1,19,0,4,0,8,1,0,0,0,1,1,1,1,36,7,1995,2,5,-1,1,-1
20154100B0350,2,9,0,4,0,8,1,0,0,0,2,1,6,2,42,7,1339,1,9,-1,1,-1
20154100B0355,1,9,0,18,0,0,0,0,0,0,1,1,6,2,39,7,1242,1,8,-1,1,-1
20154100B0355,2,1,0,18,0,0,0,0,0,0,4,1,6,1,28,6,-1,-1,-1,-1,1,-1
20154100B0367,1,9,0,18,0,0,0,0,0,0,1,1,1,1,29,6,1499,2,-1,-1,1,-1
20154100B0367,2,1,0,18,0,0,0,0,0,0,4,1,4,1,6,2,-1,-1,-1,-1,1,-1
20154100B0369,1,9,0,18,0,8,0,0,0,0,1,1,6,1,36,7,2993,2,8,-1,1,-1
20154100B0369,2,9,0,9,0,6,1,10,0,0,3,1,6,2,27,6,1461,2,12,-1,-1,-1
20154100B0374,1,9,0,17,0,0,1,0,0,0,4,1,6,1,19,4,1242,1,11,-1,1,-1
20154100B0374,2,9,0,16,0,0,0,0,0,0,1,1,6,1,36,7,-1,-1,-1,-1,1,-1
20154100B0375,1,9,0,4,0,1,0,0,0,0,1,1,2,2,31,6,-1,-1,-1,-1,1,-1
20154100B0375,2,9,0,3,0,1,0,0,0,0,2,1,3,2,28,6,1388,1,4,-1,1,-1
20154100B0381,1,9,0,1,0,2,0,4,0,0,2,1,6,1,19,4,998,1,12,-1,1,-1
20154100B0381,2,9,0,2,0,2,0,0,0,0,1,1,6,1,26,6,1600,1,9,-1,1,-1
20154100B0388,1,19,0,18,0,0,0,0,0,0,1,1,2,1,52,8,1995,2,7,-1,1,-1
20154100B0388,2,21,1,4,0,0,0,0,0,0,2,1,1,1,31,6,10837,2,3,-1,1,-1
20154100B0389,1,9,0,18,0,0,0,0,0,0,1,1,1,1,37,7,1900,2,7,-1,1,-1
20154100B0390,1,9,0,18,0,4,0,0,0,0,1,1,6,1,39,7,1339,1,2,-1,3,-1
20154100B0390,2,9,0,4,0,4,0,0,0,0,2,1,6,1,59,9,1997,1,7,-1,1,-1
20154100B0391,1,9,0,14,0,8,0,0,0,0,1,1,6,2,27,6,1149,1,6,-1,1,-1
20154100B0391,2,9,0,9,0,5,0,0,0,0,3,1,6,2,25,5,998,1,1,-1,1,-1
20154100B0398,1,9,0,18,0,0,0,4,0,0,1,1,6,1,35,6,1910,2,9,-1,1,-1
20154100B0398,2,9,0,2,0,0,0,0,0,0,2,1,6,3,-1,-1,1956,2,1,-1,1,-1
20154100B0399,1,9,0,5,0,6,0,0,0,0,3,1,6,1,-1,-1,1998,1,10,-1,1,-1
20154100B0399,2,1,0,18,0,8,0,0,0,0,1,1,6,1,46,8,-1,-1,-1,-1,1,-1
20154100B0404,1,1,0,18,0,1,0,0,0,0,1,1,2,1,34,6,-1,-1,-1,-1,1,-1
20154100B0404,2,9,0,4,0,1,0,0,0,0,4,1,3,1,44,7,2198,2,7,-1,1,-1
20154100B0406,1,9,0,4,0,8,0,0,0,0,2,1,6,1,25,5,1998,1,14,-1,1,-1
20154100B0406,2,9,0,18,0,8,0,0,0,0,2,1,6,2,21,5,1390,1,14,-1,1,-1
20154100B0406,3,21,1,18,0,8,0,0,0,0,4,1,1,1,45,7,12902,2,1,-1,1,-1
20154100B0408,1,9,0,7,0,5,0,0,0,0,4,1,6,1,35,6,-1,-1,-1,-1,1,-1
20154100B0408,2,9,0,18,0,8,0,0,0,0,1,1,6,1,40,7,2993,2,9,-1,1,-1
20154100B0409,1,9,0,14,0,0,0,0,0,0,1,1,6,1,49,8,2143,2,4,-1,1,-1
20154100B0413,1,9,0,9,0,6,0,0,0,0,3,1,6,1,46,8,1360,1,12,-1,-1,-1
20154100B0413,2,4,0,18,0,8,0,0,7,0,1,1,1,1,26,6,349,1,16,-1,1,-1
20154100B0422,1,9,0,7,5,6,0,0,0,0,3,1,6,2,47,8,-1,-1,-1,-1,1,-1
20154100B0422,2,1,0,18,5,8,0,0,0,0,1,1,6,1,12,3,-1,-1,-1,-1,1,-1
20154100B0424,1,9,0,18,0,0,0,0,2,4,1,1,6,2,68,10,-1,-1,-1,-1,1,-1
20154100B0426,1,9,0,11,0,8,0,0,0,0,4,1,1,2,24,5,1242,1,8,-1,-1,-1
20154100B0426,2,5,0,15,0,8,0,0,0,0,3,1,1,1,62,9,998,1,3,-1,1,-1
20154100B0428,1,21,5,4,0,1,0,0,0,0,1,1,1,1,40,7,-1,2,-1,-1,1,-1
20154100B0428,2,9,0,3,0,1,0,0,0,0,2,1,6,2,50,8,1598,1,1,-1,3,-1
20154100B0429,1,19,0,18,0,8,0,0,0,0,4,1,6,1,20,4,1996,2,5,-1,1,-1
20154100B0429,2,1,0,5,0,6,0,0,0,0,1,1,6,1,56,9,-1,-1,-1,-1,-1,-1
20154100B0430,1,5,0,17,0,0,0,0,0,0,0,1,6,1,48,8,599,1,20,-1,1,-1
20154100B0432,1,9,0,18,0,2,0,0,0,0,3,1,6,1,33,6,-1,-1,-1,-1,1,-1
20154100B0432,2,1,0,9,0,1,0,0,0,0,1,1,6,1,43,7,-1,-1,-1,-1,1,-1
20154100B0434,1,1,0,18,0,0,0,4,0,0,1,1,4,2,6,2,-1,-1,-1,-1,1,-1
20154100B0434,2,9,0,2,0,0,0,0,0,0,4,1,3,1,72,10,1798,1,3,-1,1,-1
20154100B0440,1,1,0,7,0,8,0,0,0,0,4,1,6,2,45,7,-1,-1,-1,-1,1,-1
20154100B0440,2,9,0,7,0,8,0,0,0,0,3,1,6,2,40,7,1910,2,7,-1,-1,-1
20154100B0451,1,9,0,18,0,0,0,0,0,0,1,1,6,1,30,6,-1,-1,-1,-1,1,-1
20154100B0451,2,9,0,14,0,0,0,0,0,0,1,1,6,2,17,4,1198,1,7,-1,1,-1
20154100B0453,1,9,0,18,0,0,0,0,0,0,3,1,6,1,51,8,4172,2,9,-1,1,-1
20154100B0454,1,9,0,18,0,8,0,0,0,0,1,1,6,1,78,11,-1,-1,-1,-1,2,-1
20154100B0454,2,9,0,18,0,6,1,0,3,10,4,1,6,1,25,5,1598,1,10,-1,-1,-1
20154100B0464,1,9,0,18,0,0,0,0,1,11,1,1,2,1,30,6,2494,1,15,-1,1,-1
20154100B0474,1,19,0,7,0,6,0,0,0,0,1,1,1,1,21,5,1248,2,2,-1,1,-1
20154100B0474,2,1,0,18,9,8,0,0,0,0,4,1,6,2,58,9,-1,-1,-1,-1,1,-1
20154100B0475,1,5,0,18,0,2,0,4,0,0,1,1,6,1,30,6,-1,-1,-1,-1,1,-1
20154100B0475,2,9,0,2,0,2,0,0,0,0,3,1,6,3,-1,-1,1598,1,6,-1,1,-1
20154100B0477,1,9,0,18,0,4,1,0,0,0,1,1,6,1,30,6,1997,2,11,-1,1,-1
20154100B0477,2,9,0,3,0,1,0,0,0,0,1,1,2,1,30,6,1275,1,16,-1,1,-1
20154100B0477,3,19,0,18,0,8,0,0,0,0,0,1,6,3,-1,-1,-1,-1,-1,-1,-1,-1
20154100B0479,1,9,0,18,0,3,0,0,0,0,0,1,6,3,-1,-1,-1,-1,-1,-1,-1,-1
20154100B0479,2,9,0,18,0,3,0,10,1,2,1,1,6,1,24,5,1994,1,15,-1,1,-1
20154100B0482,1,9,0,1,0,2,0,0,0,0,2,1,6,2,25,5,1598,1,2,-1,1,-1
20154100B0482,2,1,0,18,0,2,0,0,0,0,3,1,6,2,24,5,-1,-1,-1,-1,1,-1
20154100B0483,1,9,0,9,0,6,0,0,0,0,4,1,6,2,38,7,1598,1,4,-1,-1,-1
20154100B0483,2,1,0,18,0,8,0,0,0,0,1,1,6,1,42,7,-1,-1,-1,-1,1,-1
20154100B0485,1,9,0,18,0,4,0,0,0,0,1,1,6,1,60,9,1968,2,4,-1,1,-1
20154100B0485,2,1,0,18,0,8,0,0,0,0,4,1,6,2,29,6,-1,-1,-1,-1,1,-1
20154100B0486,1,9,0,13,0,0,0,0,0,0,1,1,6,1,-1,-1,-1,-1,-1,-1,-1,-1
20154100B0486,2,5,0,18,0,0,1,0,0,0,1,1,2,1,49,8,1200,1,18,-1,1,-1
20154100B0487,1,9,0,18,0,0,0,0,0,0,1,1,2,1,43,7,1171,1,15,-1,1,-1
20154100B0487,2,9,0,4,0,0,0,0,0,0,2,1,1,1,28,6,1248,2,5,-1,-1,-1
20154100B0490,1,9,0,9,0,5,0,0,0,0,1,1,6,2,40,7,1995,2,9,-1,3,-1
20154100B0490,2,9,0,18,0,8,0,0,0,0,1,1,6,2,49,8,-1,-1,-1,-1,1,-1
20154100B0491,1,19,0,18,0,1,0,0,0,0,1,1,2,1,25,5,2143,2,1,-1,1,-1
20154100B0491,2,9,0,3,0,1,0,0,0,0,2,1,6,2,26,6,1296,1,6,-1,1,-1
20154100B0491,3,21,0,3,0,1,0,0,0,0,2,1,2,1,63,9,2500,2,6,-1,2,-1
20154100B0493,1,9,0,7,0,6,0,0,0,0,1,1,6,1,29,6,1339,1,13,-1,1,-1
20154100B0493,2,9,0,9,0,5,0,0,0,0,1,1,6,1,45,7,2179,2,2,-1,1,-1
20154100B0495,1,9,0,12,0,0,1,0,1,7,1,1,2,2,29,6,1598,1,8,-1,1,-1
20154100B0495,2,9,0,11,0,0,0,0,0,0,0,1,6,3,-1,-1,-1,-1,-1,-1,-1,-1
20154100B0495,3,9,0,18,0,0,0,0,0,0,4,1,1,1,40,7,2400,2,4,-1,1,-1
20154100B0497,1,19,0,9,0,3,0,0,0,0,0,1,6,2,49,8,-1,-1,-1,-1,1,-1
20154100B0498,1,19,0,18,0,0,0,0,0,0,1,1,6,3,-1,-1,-1,-1,-1,-1,1,-1
20154100B0498,2,9,0,18,0,0,0,0,0,0,2,1,6,1,41,7,1989,1,16,-1,1,-1
20154100B0499,1,9,0,18,0,8,0,0,0,0,3,1,6,1,23,5,1388,1,8,-1,1,-1
20154100B0499,2,21,0,18,0,8,0,0,0,0,3,1,1,1,43,7,3920,2,9,-1,1,-1
20154100B0505,1,11,0,7,0,4,0,0,0,0,4,1,1,1,55,8,3900,2,11,-1,-1,-1
20154100B0505,2,3,0,18,0,8,0,0,0,0,1,1,2,1,18,4,124,1,7,-1,1,-1
20154100B0507,1,9,0,7,0,6,0,0,0,0,3,1,1,2,28,6,1248,2,4,-1,-1,-1
20154100B0507,2,9,0,18,0,8,0,0,0,0,1,1,6,1,28,6,1995,2,11,-1,1,-1
20154100B0508,1,9,0,16,0,0,0,0,0,0,1,1,6,1,52,8,2000,1,18,-1,1,-1
20154100B0508,2,9,0,3,0,0,0,0,0,0,1,1,6,2,17,4,-1,-1,-1,-1,1,-1
20154100B0509,1,9,0,16,0,0,0,0,0,0,3,1,6,2,19,4,1388,1,10,-1,3,-1
20154100B0509,2,8,0,17,0,0,0,0,2,0,3,1,1,1,50,8,-1,-1,-1,-1,1,-1
20154100B0511,1,9,0,9,0,6,0,0,0,0,4,1,2,1,28,6,-1,-1,-1,-1,1,-1
20154100B0511,2,9,0,9,0,8,0,0,0,0,1,1,6,1,91,11,1794,1,8,-1,1,-1
20154100B0512,1,9,0,18,0,0,0,0,0,0,1,1,6,3,-1,-1,-1,-1,-1,-1,-1,-1
20154100B0512,2,1,0,18,0,0,0,0,0,0,1,1,6,1,48,8,-1,-1,-1,-1,1,-1
20154100B0517,1,8,0,7,0,6,0,0,1,0,1,1,1,1,66,10,-1,-1,-1,-1,1,-1
20154100B0517,2,8,0,18,0,8,0,0,1,11,1,1,1,1,43,7,1968,2,7,-1,1,-1
20154100B0518,1,9,0,16,0,0,0,0,7,2,1,1,6,1,71,10,1997,1,1,-1,3,-1
20154100B0524,1,9,0,18,0,0,0,4,0,0,1,1,6,1,66,10,2497,2,8,-1,1,-1
20154100B0524,2,9,0,2,0,0,0,4,1,2,2,1,6,3,-1,-1,1149,1,8,-1,-1,-1
20154100B0524,3,9,0,2,0,0,0,4,0,0,2,1,6,3,-1,-1,1998,1,8,-1,-1,-1
20154100B0524,6,9,0,2,0,0,0,0,0,0,2,1,6,3,-1,-1,1242,1,12,-1,-1,-1
20154100B0528,1,9,0,18,0,0,0,4,0,0,4,1,6,1,83,11,1390,1,10,-1,1,-1
20154100B0528,2,9,0,2,0,0,0,4,0,0,2,1,6,3,-1,-1,-1,-1,-1,-1,-1,-1
20154100B0528,3,9,0,2,0,0,0,0,0,0,2,1,6,3,-1,-1,1461,2,12,-1,-1,-1
20154100B0530,1,9,0,18,0,8,0,0,0,0,4,1,2,2,47,8,1364,1,9,-1,3,-1
20154100B0530,2,9,0,5,0,6,0,0,0,0,1,1,6,2,26,6,1248,1,5,-1,1,-1
20154100B0531,1,9,0,18,0,0,5,4,0,0,1,1,6,1,32,6,1800,1,16,-1,1,-1
20154100B0531,2,9,0,2,0,0,0,0,1,2,1,1,6,1,47,8,1998,2,11,-1,1,-1
20154100B0534,1,19,0,5,0,4,0,0,0,0,1,1,1,1,50,8,2198,2,-1,-1,1,-1
20154100B0534,2,1,0,18,0,8,0,0,0,0,4,1,1,1,46,8,-1,-1,-1,-1,1,-1
20154100B0535,1,9,0,5,0,6,0,0,0,0,1,1,6,3,-1,-1,2835,2,20,-1,3,-1
20154100B0535,2,9,0,18,0,8,0,0,1,4,3,1,6,1,52,8,-1,-1,-1,-1,3,-1
20154100B0539,1,9,0,1,0,5,0,0,0,0,2,1,6,2,70,10,1998,1,9,-1,1,-1
20154100B0542,1,20,0,5,0,1,0,0,0,0,1,1,6,3,-1,-1,-1,-1,-1,-1,-1,-1
20154100B0542,2,9,0,3,0,1,0,0,0,0,2,1,6,2,61,9,1598,1,6,-1,1,-1
20154100B0547,1,9,0,3,0,1,0,0,0,0,2,1,1,1,48,8,1910,2,8,-1,1,-1
20154100B0547,2,9,0,4,0,1,0,0,0,0,1,1,1,1,21,5,1781,1,13,-1,1,-1
20154100B0550,1,97,0,14,0,0,0,0,0,0,1,1,6,1,20,4,645,1,8,-1,1,-1
20154100B0550,2,1,0,5,0,0,0,0,0,0,1,1,4,1,14,3,-1,-1,-1,-1,1,-1
20154100B0558,1,9,0,18,0,1,0,0,0,0,1,1,6,2,56,9,998,1,8,-1,1,-1
20154100B0558,2,9,0,3,0,1,0,0,0,0,2,1,6,1,26,6,1598,2,-1,-1,1,-1
20154100B0558,3,9,0,3,0,1,0,0,0,0,2,1,6,2,80,11,1396,1,5,-1,1,-1
20154100B0558,4,9,0,3,0,1,0,0,0,0,2,1,6,2,51,8,1198,1,9,-1,3,-1
20154100B0561,1,9,0,16,0,0,5,0,0,0,1,1,6,1,30,6,1598,1,14,-1,1,-1
20154100B0561,2,9,0,17,0,0,0,0,1,0,1,1,6,2,53,8,999,1,3,-1,1,-1
20154100B0563,1,9,0,5,0,6,0,0,0,0,1,1,6,3,-1,-1,-1,-1,-1,-1,-1,-1
20154100B0563,2,3,0,18,0,8,1,0,0,0,1,1,1,1,22,5,124,1,7,-1,1,-1
20154100B0566,1,9,0,7,0,3,0,0,0,0,1,1,3,2,45,7,1598,1,4,-1,1,-1
20154100B0566,2,1,0,18,0,8,0,0,0,0,2,1,6,1,56,9,-1,-1,-1,-1,1,-1
20154100B0569,1,1,0,14,0,0,0,0,0,0,1,1,6,1,42,7,-1,-1,-1,-1,1,-1
20154100B0569,2,9,0,6,0,0,0,0,0,0,3,1,6,1,-1,-1,1582,2,-1,-1,-1,-1
20154100B0570,1,9,0,18,0,3,1,0,1,11,1,1,6,1,20,4,1124,1,13,-1,3,-1
20154100B0572,1,9,0,18,0,0,5,0,1,4,1,1,6,1,22,5,1598,1,8,-1,1,-1
20154100B0572,2,9,0,18,0,0,0,0,0,0,0,1,6,1,34,6,2143,2,2,-1,1,-1
20154100B0578,1,19,0,14,0,1,0,0,0,0,0,1,2,2,55,8,1560,2,6,-1,1,-1
20154100B0581,1,9,0,18,0,0,0,0,0,0,1,1,6,1,39,7,1390,1,16,-1,1,-1
20154100B0589,1,9,0,18,0,0,2,0,1,4,1,1,2,1,20,4,973,1,14,-1,1,-1
20154100B0589,2,9,0,18,0,0,0,0,0,0,0,1,6,3,40,7,-1,-1,-1,-1,-1,-1
20154100B0590,1,9,0,18,0,1,0,0,0,0,1,1,2,2,26,6,1198,1,2,-1,1,-1
20154100B0590,2,19,0,4,0,1,0,0,0,0,2,1,2,1,19,4,2198,2,-1,-1,2,-1
20154100B0590,3,9,0,3,0,1,0,0,0,0,2,1,6,2,63,9,1398,1,-1,-1,3,-1
20154100B0590,4,9,0,10,0,1,0,0,0,0,0,1,6,1,-1,-1,2993,2,9,-1,1,-1
20154100B0592,1,9,0,18,0,1,0,0,0,0,1,1,2,1,40,7,-1,-1,-1,-1,1,-1
20154100B0592,2,9,0,10,0,1,0,0,0,0,4,1,2,1,26,6,1686,2,-1,-1,3,-1
20154100B0592,3,9,0,10,0,1,0,0,0,0,2,1,2,1,60,9,1275,1,20,-1,1,-1
20154100B0593,1,9,0,4,0,0,0,0,0,0,2,1,6,1,39,7,1685,2,3,-1,1,-1
20154100B0593,2,9,0,4,0,0,0,0,0,0,1,1,6,1,58,9,-1,-1,-1,-1,1,-1
20154100B0598,1,19,0,18,0,1,0,0,0,0,1,1,1,1,51,8,2143,2,-1,-1,-1,-1
20154100B0598,2,19,0,10,0,1,0,0,0,0,2,1,2,1,28,6,2198,2,8,-1,1,-1
20154100B0602,1,9,0,18,0,0,0,0,0,0,1,1,6,2,56,9,1598,1,15,-1,1,-1
20154100B0613,1,1,0,5,0,0,0,0,0,0,1,1,6,2,8,2,-1,-1,-1,-1,-1,-1
20154100B0613,2,9,0,18,0,0,0,0,0,0,4,1,2,2,38,7,1598,1,7,-1,1,-1
20154100B0615,1,9,0,3,0,2,0,0,0,0,2,1,1,1,50,8,-1,-1,-1,-1,1,-1
20154100B0615,2,9,0,5,0,2,0,0,0,0,1,1,6,2,18,4,-1,-1,-1,-1,1,-1
20154100B0617,1,9,0,9,0,5,0,0,0,0,4,1,6,1,56,9,2999,2,9,-1,3,-1
20154100B0621,1,9,0,5,0,1,0,0,0,0,1,1,6,1,50,8,2179,2,3,-1,3,-1
20154100B0621,2,1,0,18,0,1,0,0,0,0,3,1,6,1,56,9,-1,-1,-1,-1,1,-1
20154100B0622,1,9,0,18,0,0,0,0,0,0,1,1,6,1,48,8,-1,-1,-1,-1,1,-1
20154100B0623,1,9,0,13,0,1,1,0,0,0,1,1,2,1,33,6,999,1,6,-1,2,-1
20154100B0623,2,9,0,18,0,1,0,0,0,0,1,1,3,2,61,9,-1,-1,-1,-1,1,-1
20154100B0633,1,9,0,18,0,1,0,0,0,0,1,1,6,2,59,9,-1,-1,-1,-1,1,-1
20154100B0633,2,1,0,5,0,1,0,0,0,0,1,1,6,2,24,5,-1,-1,-1,-1,1,-1
20154100B0636,1,9,0,5,0,1,0,0,0,0,1,1,6,2,80,11,1398,1,12,-1,1,-1
20154100B0636,2,9,0,3,0,5,0,0,0,0,2,1,1,2,43,7,1798,8,1,-1,1,-1
20154100B0646,1,1,0,18,4,8,0,0,0,0,1,1,6,1,80,11,-1,-1,-1,-1,1,-1
20154100B0646,2,9,0,9,0,5,0,0,0,0,4,1,6,3,-1,-1,-1,-1,-1,-1,-1,-1
20154100B0647,1,8,0,14,0,0,0,0,0,0,1,1,1,1,57,9,1968,2,3,-1,1,-1
20154100B0647,2,8,0,18,0,0,0,0,0,0,1,1,1,1,40,7,1686,2,4,-1,1,-1
20154100B0648,1,9,0,18,0,2,0,0,0,0,1,1,6,1,70,10,1798,1,5,-1,1,-1
20154100B0648,2,1,0,9,0,1,0,0,0,0,4,1,6,1,30,6,-1,-1,-1,-1,1,-1
20154100B0649,1,9,0,15,0,0,0,0,0,0,1,1,3,2,35,6,998,1,15,-1,1,-1
20154100B0649,2,1,0,18,0,0,0,0,0,0,4,1,6,1,15,3,-1,-1,-1,-1,-1,-1
20154100B0656,1,9,0,18,0,8,0,0,0,0,4,1,2,2,32,6,1590,1,14,-1,1,-1
20154100B0656,2,9,0,9,0,6,0,0,0,0,1,1,2,1,22,5,1229,1,10,-1,1,-1
20154100B0657,1,9,0,3,0,1,0,0,0,0,4,1,6,1,25,5,-1,-1,-1,-1,1,-1
20154100B0657,2,3,0,15,0,1,1,8,1,0,1,1,1,1,58,9,125,1,3,-1,1,-1
20154100B0660,1,98,0,9,0,6,0,0,0,0,3,1,6,1,46,8,4461,2,4,-1,1,-1
20154100B0660,2,9,0,18,0,8,0,0,0,0,1,1,6,1,59,9,1969,2,1,-1,1,-1
20154100B0669,1,19,0,9,0,6,0,0,0,0,4,1,1,1,61,9,2148,2,6,-1,-1,-1
20154100B0669,2,9,0,16,0,8,0,0,0,0,1,1,2,2,26,6,1598,1,5,-1,1,-1
20154100B0671,1,8,0,9,0,5,0,0,0,0,1,1,1,1,40,7,1896,2,5,-1,-1,-1
20154100B0675,1,9,0,6,0,0,0,0,0,0,3,1,2,2,39,7,1422,2,13,-1,2,-1
20154100B0675,2,5,0,18,0,0,0,0,0,0,1,1,2,1,47,8,-1,-1,-1,-1,-1,-1
20154100B0679,1,9,0,18,0,0,0,0,7,9,1,1,6,2,22,5,1598,2,2,-1,-1,-1
20154100B0680,1,19,0,18,0,0,1,0,0,0,1,1,1,1,20,4,-1,-1,-1,-1,1,-1
20154100B0680,2,9,0,3,0,0,0,7,0,0,2,1,6,1,34,6,1997,2,6,-1,2,-1
20154100B0681,1,19,0,18,0,0,0,0,0,0,1,1,1,1,41,7,1870,2,12,-1,1,-1
20154100B0681,2,9,0,4,0,0,0,0,0,0,2,1,6,2,61,9,1390,1,4,-1,1,-1
20154100B0683,1,9,0,18,0,8,0,0,0,0,4,1,6,1,19,4,1206,1,6,-1,1,-1
20154100B0683,2,19,0,18,0,4,0,0,0,0,1,1,6,1,46,8,1686,2,13,-1,1,-1
20154100B0693,1,9,0,18,0,1,0,0,0,0,1,1,6,2,44,7,1796,1,11,-1,1,-1
20154100B0693,2,9,0,5,0,6,0,0,0,0,3,1,6,2,33,6,1794,1,7,-1,-1,-1
20154100B0695,1,9,0,18,0,1,0,0,0,0,1,1,6,1,73,10,2996,1,7,-1,1,-1
20154100B0695,2,9,0,10,0,1,0,0,0,0,2,1,6,2,69,10,1497,8,-1,-1,1,-1
20154100B0695,3,9,0,18,0,1,0,0,0,0,1,1,6,1,52,8,998,1,9,-1,3,-1
20154100B0697,1,19,0,18,0,8,0,0,0,0,1,1,6,1,40,7,-1,-1,-1,-1,1,-1
20154100B0697,2,1,0,18,0,8,0,0,0,0,1,1,6,1,18,4,-1,-1,-1,-1,1,-1
20154100B0698,1,3,0,15,0,5,0,0,0,0,1,1,6,1,18,4,124,1,20,-1,1,-1
20154100B0698,2,9,0,7,0,8,0,0,0,0,4,1,6,1,25,5,1597,2,1,-1,1,-1
20154100B0701,1,9,0,18,0,8,0,0,0,0,1,1,6,1,17,4,1199,1,12,-1,1,-1
20154100B0701,2,9,0,9,0,6,0,0,3,0,3,1,6,2,76,11,995,1,8,-1,1,-1
20154100B0702,1,9,0,18,0,3,1,10,7,2,1,1,6,2,22,5,1299,1,7,-1,1,-1
20154100B0704,1,9,0,18,0,0,0,10,1,9,1,1,2,1,40,7,1679,1,14,-1,1,-1
20154100B0707,1,3,0,18,0,0,0,10,0,0,4,1,2,1,47,8,125,1,7,-1,1,-1
20154100B0707,2,9,0,18,0,0,0,0,0,0,0,1,6,3,-1,-1,-1,-1,-1,-1,-1,-1
20154100B0709,1,9,0,18,0,4,0,0,0,0,1,1,6,2,-1,-1,1560,2,3,-1,1,-1
20154100B0709,2,1,0,18,0,8,0,0,0,0,4,1,2,1,24,5,-1,-1,-1,-1,1,-1
20154100B0710,1,9,0,18,0,6,0,0,0,0,1,1,6,1,76,11,1598,1,7,-1,1,-1
20154100B0710,2,9,0,18,0,8,0,0,0,0,1,1,6,1,59,9,-1,-1,-1,-1,1,-1
20154100B0716,1,9,0,17,0,0,1,0,1,4,1,1,6,1,-1,-1,1968,2,2,-1,-1,-1
20154100B0717,1,19,0,18,0,3,2,0,1,9,3,1,1,2,36,7,1560,2,7,-1,1,-1
20154100B0718,1,9,0,18,0,8,0,0,0,0,0,1,6,1,20,4,-1,-1,-1,-1,-1,-1
20154100B0718,2,1,0,18,0,4,1,0,0,0,0,1,6,1,54,8,-1,-1,-1,-1,1,-1
20154100B0719,1,8,0,18,0,0,1,0,1,0,1,1,1,1,40,7,-1,-1,-1,-1,-1,-1
20154100B0728,1,9,0,9,0,6,0,0,0,0,1,1,6,2,54,8,1595,1,11,-1,1,-1
20154100B0728,2,9,0,18,0,8,0,0,0,0,4,1,6,2,51,8,1341,1,16,-1,1,-1
20154100B0736,1,9,0,9,0,6,0,0,0,0,3,1,6,1,77,11,1398,1,4,-1,1,-1
20154100B0736,2,9,0,18,0,8,0,0,0,0,1,1,2,1,27,6,1596,1,15,-1,1,-1
20154100B0741,1,9,0,18,0,8,0,0,0,0,2,1,6,1,65,9,-1,-1,-1,-1,1,-1
20154100B0741,2,19,0,5,0,4,0,0,0,0,1,1,6,1,36,7,2496,2,16,-1,1,-1
20154100B0743,1,9,0,4,0,0,0,0,0,0,1,1,3,2,40,7,1796,1,7,-1,1,-1
20154100B0744,1,9,0,1,0,0,0,0,0,0,2,1,6,2,60,9,1368,1,-1,-1,1,-1
20154100B0748,1,4,0,7,0,5,1,0,0,0,4,1,6,1,25,5,125,1,-1,-1,1,-1
20154100B0749,1,9,0,1,0,1,0,0,0,0,3,1,6,1,30,6,-1,-1,-1,-1,-1,-1
20154100B0751,1,9,0,9,0,5,0,0,1,1,1,1,6,2,41,7,-1,-1,-1,-1,1,-1