Accident_Index,Vehicle_Reference,Vehicle_Type,Towing_and_Articulation,Vehicle_Manoeuvre,Vehicle_Location-Restricted_Lane,Junction_Location,Skidding_and_Overturning,Hit_Object_in_Carriageway,Vehicle_Leaving_Carriageway,Hit_Object_off_Carriageway,1st_Point_of_Impact,Was_Vehicle_Left_Hand_Drive?,Journey_Purpose_of_Driver,Sex_of_Driver,Age_of_Driver,Age_Band_of_Driver,Engine_Capacity_(CC),Propulsion_Code,Age_of_Vehicle,Driver_IMD_Decile,Driver_Home_Area_Type,Vehicle_IMD_Decile
20154100B0752,1,9,0,18,0,2,0,4,0,0,1,1,6,3,-1,-1,1595,1,9,-1,-1,-1
20154100B0752,2,9,0,2,9,2,0,4,0,0,2,1,6,3,-1,-1,1398,1,4,-1,-1,-1
20154100B0752,3,9,0,2,9,2,0,0,0,0,2,1,6,3,-1,-1,1668,1,10,-1,-1,-1
20154100B0756,1,9,0,18,0,2,0,0,0,0,1,1,6,2,55,8,-1,-1,-1,-1,-1,-1
20154100B0757,1,8,0,18,0,1,0,0,0,0,1,1,1,1,39,7,1910,2,5,-1,1,-1
20154100B0757,2,9,0,3,0,1,0,0,0,0,2,1,6,3,-1,-1,-1,-1,-1,-1,-1,-1
20154100B0758,1,9,0,9,0,5,0,0,0,0,1,1,6,2,49,8,1798,8,1,-1,1,-1
20154100B0759,1,9,0,5,0,0,0,0,0,0,1,1,6,2,35,6,998,1,5,-1,1,-1
20154100B0761,1,9,0,18,0,1,0,0,0,0,0,1,1,2,45,7,1396,1,18,-1,1,-1
20154100B0762,1,9,0,5,0,0,0,0,0,0,1,1,3,2,34,6,1781,1,16,-1,1,-1
20154100B0762,2,19,0,4,0,0,1,0,7,0,2,1,4,1,45,7,1686,2,12,-1,1,-1
20154100B0765,1,9,0,4,0,1,0,0,0,0,1,1,1,1,54,8,1798,1,13,-1,1,-1
20154100B0765,2,9,0,3,0,1,0,0,0,0,2,1,2,1,42,7,1339,1,13,-1,3,-1
20154100B0765,3,9,0,10,0,1,0,0,0,0,2,1,1,1,49,8,1499,1,1,-1,1,-1
20154100B0770,1,9,0,18,0,4,0,0,0,0,1,1,6,1,54,8,-1,-1,-1,-1,1,-1
20154100B0770,2,1,0,18,0,8,0,0,0,0,2,1,6,2,51,8,-1,-1,-1,-1,1,-1
20154100B0788,1,9,0,7,0,4,0,0,1,0,3,1,6,1,20,4,1398,1,4,-1,1,-1
20154100B0788,2,11,0,18,0,8,0,0,0,0,4,1,1,1,59,9,6370,2,6,-1,1,-1
20154100B0789,1,9,0,18,0,0,0,0,0,0,1,1,2,1,19,4,1149,1,8,-1,2,-1
20154100B0790,1,9,0,9,0,3,0,0,0,0,1,1,2,1,47,8,2616,1,11,-1,1,-1
20154100B0794,1,9,0,18,0,4,0,0,0,0,1,1,6,2,30,6,1240,1,5,-1,1,-1
20154100B0794,2,9,0,9,0,8,1,0,0,0,4,1,2,1,24,5,1390,1,13,-1,1,-1
20154100B0797,1,9,0,3,0,1,0,0,0,0,2,1,6,1,26,6,1997,2,8,-1,1,-1
20154100B0797,2,9,0,4,0,1,0,0,0,0,1,1,6,2,21,5,1560,2,3,-1,1,-1
20154100B0799,1,9,0,18,0,2,0,0,1,0,1,1,2,1,25,5,999,1,-1,-1,1,-1
20154100B0800,1,9,0,16,0,0,0,0,0,0,3,1,2,1,28,6,1390,1,17,-1,1,-1
20154100B0800,2,9,0,17,0,0,0,0,0,0,3,1,6,1,35,6,1984,1,4,-1,3,-1
20154100B0801,1,9,0,18,0,1,0,0,0,0,1,1,6,1,25,5,-1,-1,-1,-1,1,-1
20154100B0802,1,9,0,18,0,1,0,0,0,0,3,1,6,1,48,8,1896,2,7,-1,1,-1
20154100B0802,2,9,0,9,0,6,0,10,0,0,1,1,6,2,49,8,2231,2,2,-1,1,-1
20154100B0802,3,9,0,18,0,1,0,0,0,0,1,1,6,2,33,6,1461,2,2,-1,1,-1
20154100B0802,4,9,0,18,0,1,0,0,0,0,1,1,6,1,23,5,2521,1,9,-1,1,-1
20154100B0806,1,9,0,9,0,5,1,0,0,0,1,1,3,2,45,7,1910,2,7,-1,1,-1
20154100B0806,2,9,0,18,0,8,1,0,1,0,1,1,6,1,62,9,2993,2,5,-1,1,-1
20154100B0807,1,9,0,18,0,2,0,0,0,0,3,1,6,2,32,6,2188,2,9,-1,1,-1
20154100B0807,2,1,0,5,0,2,0,0,0,0,1,1,6,1,15,3,-1,-1,-1,-1,1,-1
20154100B0812,1,9,0,18,0,4,0,0,0,0,1,1,6,1,30,6,2987,2,9,-1,-1,-1
20154100B0812,2,9,0,18,0,8,0,0,0,0,4,1,1,1,34,6,1797,8,4,-1,1,-1
20154100B0817,1,9,0,18,0,0,0,0,0,0,1,1,6,1,30,6,-1,-1,-1,-1,-1,-1
20154100B0818,1,9,0,18,0,0,0,0,0,0,1,1,6,1,30,6,-1,-1,-1,-1,-1,-1
20154100B0819,1,11,0,14,0,1,0,10,0,0,1,1,1,1,67,10,6370,2,9,-1,1,-1
20154100B0819,2,9,0,3,0,1,0,10,1,0,2,1,6,1,59,9,-1,-1,-1,-1,1,-1
20154100B0820,1,9,0,5,0,6,0,0,0,0,3,1,6,2,28,6,1389,1,18,-1,1,-1
20154100B0820,2,9,0,18,0,8,0,0,0,0,1,1,6,2,27,6,1598,1,12,-1,1,-1
20154100B0821,1,9,0,9,0,5,0,0,0,0,1,1,6,2,54,8,1595,1,1,-1,3,-1
20154100B0822,1,9,0,12,0,5,0,0,7,7,1,1,1,1,32,6,2400,2,1,-1,1,-1
20154100B0822,2,9,0,13,0,5,0,0,0,0,3,1,6,2,40,7,-1,-1,-1,-1,1,-1
20154100B0825,1,9,0,18,0,0,0,0,0,0,1,1,6,2,22,5,1242,1,6,-1,1,-1
20154100B0825,2,9,0,18,0,0,0,0,0,0,2,1,2,1,43,7,1988,1,14,-1,-1,-1
20154100B0826,1,9,0,18,0,2,0,0,0,0,0,1,1,1,30,6,1560,2,2,-1,-1,-1
20154100B0826,2,9,0,18,0,2,0,0,1,11,1,1,6,1,25,5,1686,2,12,-1,1,-1
20154100B0827,1,9,0,17,0,0,1,10,7,4,1,1,2,2,51,8,1560,2,9,-1,1,-1
20154100B0828,1,9,0,18,0,4,0,0,0,0,3,1,6,1,17,4,1149,1,11,-1,1,-1
20154100B0828,2,1,0,18,0,8,0,0,0,0,1,1,6,1,39,7,-1,-1,-1,-1,1,-1
20154100B0834,1,9,0,5,0,4,0,0,0,0,1,1,6,2,43,7,2231,2,1,-1,1,-1
20154100B0834,2,1,0,18,0,8,0,0,0,0,4,1,6,1,49,8,-1,-1,-1,-1,1,-1
20154100B0835,1,9,0,18,0,0,1,0,8,7,3,1,6,1,35,6,-1,-1,-1,-1,1,-1
20154100B0835,2,9,0,18,0,0,0,0,0,0,4,1,6,1,46,8,1590,1,14,-1,1,-1
20154100B0836,1,9,0,18,0,8,0,0,1,2,1,1,6,1,29,6,1998,1,13,-1,1,-1
20154100B0838,1,9,0,5,0,4,0,0,0,0,1,1,6,1,34,6,1997,1,7,-1,1,-1
20154100B0838,2,1,0,18,0,8,0,0,0,0,4,1,6,1,30,6,-1,-1,-1,-1,-1,-1
20154100B0840,1,9,0,16,0,0,1,0,1,9,4,1,6,1,26,6,999,1,6,-1,2,-1
20154100B0843,1,19,0,18,0,0,1,0,0,0,1,1,1,1,29,6,2402,2,4,-1,1,-1
20154100B0843,2,9,0,18,0,0,1,0,0,0,1,1,6,1,53,8,1796,1,14,-1,1,-1
20154100B0846,1,1,0,18,0,0,1,0,0,0,2,1,6,1,10,2,-1,-1,-1,-1,-1,-1
20154100B0846,2,1,0,18,0,0,0,0,0,0,0,1,6,1,50,8,-1,-1,-1,-1,-1,-1
20154100B0846,3,9,0,13,0,0,0,0,0,0,1,1,6,1,66,10,2148,2,12,-1,1,-1
20154100B0847,1,9,0,5,0,4,0,0,0,0,1,1,1,1,60,9,1560,2,2,-1,1,-1
20154100B0847,2,1,0,18,0,8,0,9,0,10,4,1,6,1,40,7,-1,-1,-1,-1,1,-1
20154100B0850,1,19,0,9,0,5,0,0,0,0,1,1,1,1,35,6,1560,2,-1,-1,1,-1
20154100B0850,2,9,0,18,0,8,0,0,0,0,1,1,6,2,66,10,996,1,5,-1,3,-1
20154100B0852,1,9,0,18,0,8,0,0,0,0,2,1,6,3,-1,-1,1968,2,8,-1,-1,-1
20154100B0852,2,9,0,5,0,8,0,0,0,0,1,1,6,2,58,9,-1,-1,-1,-1,1,-1
20154100B0853,1,8,0,5,0,4,0,0,0,0,1,1,1,1,51,8,2148,2,6,-1,1,-1
20154100B0853,2,3,0,18,0,8,0,0,0,0,4,1,2,1,23,5,124,1,-1,-1,1,-1
20154100C0001,1,9,0,18,0,2,0,0,0,0,1,1,6,1,29,6,1956,2,1,-1,1,-1
20154100C0011,1,9,0,18,0,0,0,0,0,0,1,1,6,2,25,5,1398,1,5,-1,3,-1
20154100C0015,1,9,0,18,0,0,0,0,0,0,1,1,2,2,52,8,-1,-1,-1,-1,2,-1
20154100C0015,2,9,0,4,0,0,0,0,0,0,2,1,6,2,53,8,1753,2,8,-1,1,-1
20154100C0021,1,9,0,4,0,8,0,0,0,0,1,1,6,1,29,6,1339,1,8,-1,1,-1
20154100C0021,2,9,0,9,0,6,0,0,0,0,3,1,6,1,50,8,1997,2,6,-1,1,-1
20154100C0025,1,9,0,6,0,8,0,0,0,0,3,1,1,1,41,7,2143,2,6,-1,1,-1
20154100C0025,2,3,0,18,0,8,1,0,0,0,1,1,1,1,19,4,125,1,2,-1,1,-1
20154100C0030,1,9,0,9,0,8,0,0,1,2,1,1,2,2,44,7,1997,2,7,-1,1,-1
20154100C0030,2,1,0,18,0,8,0,0,0,0,3,1,2,2,50,8,-1,-1,-1,-1,1,-1
20154100C0037,1,9,0,13,0,8,1,0,7,10,1,1,6,1,23,5,1242,1,6,-1,1,-1
20154100C0037,2,17,4,9,0,5,0,0,0,0,0,1,2,1,18,4,2500,2,38,-1,3,-1
20154100C0043,1,9,0,7,0,5,0,0,0,0,1,1,1,2,40,7,1896,2,8,-1,-1,-1
20154100C0044,1,9,0,2,0,0,0,0,0,0,0,1,6,2,45,7,1339,1,5,-1,1,-1
20154100C0044,2,9,0,4,0,0,0,0,0,0,1,1,6,1,25,5,1199,1,15,-1,1,-1
20154100C0044,3,9,0,4,0,0,0,0,0,0,2,1,6,2,59,9,1796,1,7,-1,1,-1
20154100C0044,4,9,0,18,0,0,0,0,0,0,2,1,6,1,36,7,-1,-1,-1,-1,1,-1
20154100C0047,1,9,0,9,0,5,0,0,0,0,1,1,6,2,65,9,1596,1,2,-1,1,-1
20154100C0055,1,9,0,10,0,1,0,0,0,0,1,1,6,1,36,7,1968,2,1,-1,-1,-1
20154100C0055,2,9,0,18,0,8,0,0,1,2,1,1,6,1,60,9,-1,-1,-1,-1,2,-1
20154100C0064,1,19,0,16,0,0,1,0,7,4,1,1,6,1,20,4,-1,-1,-1,-1,1,-1
20154100C0074,1,19,0,18,0,1,0,0,0,0,1,1,6,1,40,7,-1,-1,-1,-1,1,-1
20154100C0074,2,9,0,4,0,1,0,0,0,0,2,1,6,1,18,4,999,1,1,-1,1,-1
20154100C0074,3,9,0,7,0,6,0,0,0,0,0,1,6,3,-1,-1,-1,-1,-1,-1,-1,-1
20154100C0079,1,9,0,18,0,0,0,0,0,0,1,1,1,2,58,9,1896,2,6,-1,1,-1
20154100C0079,2,1,0,18,0,0,0,0,0,0,1,1,6,1,4,1,-1,-1,-1,-1,1,-1
20154100C0080,1,9,0,18,0,1,0,8,0,0,3,1,6,1,52,8,1497,8,5,-1,1,-1
20154100C0080,2,9,0,2,0,1,0,0,0,0,4,1,6,1,55,8,-1,-1,-1,-1,1,-1
20154100C0083,1,5,0,5,0,1,0,0,0,0,1,1,6,1,24,5,745,1,11,-1,1,-1
20154100C0083,2,9,0,3,0,1,0,0,0,0,2,1,6,1,61,9,999,1,3,-1,1,-1
20154100C0090,1,9,0,18,0,8,0,10,0,0,1,1,6,2,77,11,-1,-1,-1,-1,3,-1
20154100C0090,2,9,0,9,0,5,0,7,0,0,1,1,6,1,34,6,2359,1,5,-1,1,-1
20154100C0092,1,9,0,3,0,1,0,0,0,0,2,1,6,1,25,5,1796,1,7,-1,1,-1
20154100C0092,2,9,0,14,0,1,0,7,0,0,1,1,6,1,50,8,3497,1,11,-1,1,-1
20154100C0093,1,9,0,18,0,0,0,0,0,0,1,1,3,1,50,8,-1,-1,-1,-1,1,-1
20154100C0093,2,1,0,18,0,0,0,0,0,0,3,1,6,1,12,3,-1,-1,-1,-1,-1,-1
20154100C0098,1,4,0,18,0,0,1,0,7,0,3,1,1,1,19,4,124,1,5,-1,1,-1
20154100C0099,1,9,0,4,0,1,0,0,0,0,1,1,6,2,50,8,1596,1,15,-1,-1,-1
20154100C0099,2,9,0,3,0,1,0,0,0,0,2,1,6,2,44,7,2342,1,14,-1,1,-1
20154100C0101,1,9,0,18,0,0,0,0,1,2,1,1,6,2,55,8,1560,2,8,-1,1,-1
20154100C0103,1,8,0,9,0,2,0,0,0,0,4,1,6,1,52,8,2184,2,6,-1,1,-1
20154100C0104,1,9,0,18,0,8,0,0,0,0,3,1,6,2,70,10,1598,1,14,-1,3,-1
20154100C0104,2,9,0,7,0,6,0,0,0,0,4,1,6,2,25,5,-1,-1,-1,-1,1,-1
20154100C0105,1,19,0,7,0,6,0,0,0,0,1,1,1,1,42,7,-1,-1,-1,-1,1,-1
20154100C0105,2,9,0,18,0,8,0,0,0,0,4,1,1,1,52,8,1598,1,5,-1,1,-1
20154100C0105,3,19,0,2,0,1,0,0,0,0,0,1,6,1,-1,-1,2198,2,7,-1,-1,-1
20154100C0106,1,19,0,18,0,0,0,0,4,6,1,1,1,1,52,8,-1,-1,-1,-1,1,-1
20154100C0107,1,9,0,18,0,0,0,0,0,0,1,1,6,1,38,7,1968,2,6,-1,1,-1
20154100C0111,1,9,0,7,0,6,0,0,0,0,1,1,6,1,25,5,-1,-1,-1,-1,-1,-1
20154100C0111,2,9,0,4,0,1,0,0,0,0,1,1,6,1,36,7,-1,-1,-1,-1,1,-1
20154100C0114,1,9,0,18,0,1,0,0,0,0,1,1,3,2,44,7,1995,2,5,-1,1,-1
20154100C0114,2,9,0,10,0,1,0,0,0,0,2,1,6,2,19,4,1796,1,3,-1,1,-1
20154100C0126,1,9,0,18,0,8,0,0,0,0,3,1,6,2,44,7,1598,1,2,-1,1,-1
20154100C0126,2,19,0,18,0,6,0,0,0,0,1,1,1,1,27,6,2198,2,1,-1,1,-1
20154100C0131,1,9,0,18,0,1,0,0,0,0,1,1,6,1,36,7,1582,2,1,-1,1,-1
20154100C0133,1,9,0,18,0,0,1,0,1,10,1,1,6,1,25,5,1598,1,5,-1,1,-1
20154100C0135,1,9,0,1,8,6,0,0,0,0,2,1,6,2,36,7,-1,-1,-1,-1,1,-1
20154100C0143,1,9,0,18,0,8,0,0,0,0,3,1,2,1,24,5,2987,2,7,-1,1,-1
20154100C0143,2,9,0,18,0,8,0,0,0,0,4,1,2,2,20,4,998,1,4,-1,1,-1
20154100C0152,1,19,0,6,0,0,0,0,0,0,3,1,3,1,27,6,-1,-1,-1,-1,1,-1
20154100C0152,2,3,0,13,0,0,0,0,0,0,1,1,3,1,17,4,125,1,1,-1,1,-1
20154100C0154,1,8,0,9,0,0,0,0,0,0,3,1,6,1,33,6,2143,2,2,-1,-1,-1
20154100C0154,2,5,0,13,0,0,0,0,0,0,1,1,6,1,40,7,1255,1,5,-1,1,-1
20154100C0158,1,9,0,17,0,0,1,0,1,10,4,1,6,1,34,6,2000,1,16,-1,1,-1
20154100C0159,1,9,0,18,0,8,0,0,0,0,1,1,6,1,48,8,1968,2,1,-1,1,-1
20154100C0174,1,9,0,18,0,1,0,0,0,0,1,1,6,2,35,6,1598,1,7,-1,2,-1
20154100C0174,2,9,0,4,0,1,0,0,0,0,2,1,6,2,26,6,1242,1,13,-1,1,-1
20154100C0177,1,9,0,18,0,2,0,4,0,0,1,1,6,2,62,9,1395,1,1,-1,1,-1
20154100C0177,2,9,0,2,0,2,0,0,0,0,2,1,6,2,32,6,2995,1,4,-1,3,-1
20154100C0182,1,9,0,18,0,0,0,4,0,0,1,1,6,1,30,6,-1,-1,-1,-1,1,-1
20154100C0182,2,9,0,2,0,0,0,0,0,0,2,1,6,3,-1,-1,2143,2,4,-1,-1,-1
20154100C0183,1,9,0,16,0,0,0,0,7,4,1,1,6,1,18,4,-1,-1,-1,-1,1,-1
20154100C0189,1,9,0,4,0,1,0,0,0,0,1,1,6,1,20,4,-1,-1,-1,-1,-1,-1
20154100C0189,2,9,0,3,0,1,0,0,0,0,2,1,6,1,30,6,-1,-1,-1,-1,-1,-1
20154100C0193,1,9,0,18,0,1,0,0,0,0,0,1,6,3,-1,-1,1598,2,4,-1,-1,-1
20154100C0193,2,11,0,18,0,1,0,0,0,0,0,1,1,1,56,9,4250,2,2,-1,1,-1
20154100C0194,1,9,0,9,0,6,0,0,0,0,1,1,6,1,40,7,1296,1,9,-1,-1,-1
20154100C0194,2,9,0,9,0,6,0,0,0,0,4,1,6,1,42,7,-1,-1,-1,-1,1,-1
20154100C0201,1,9,0,9,0,5,0,0,0,0,3,1,2,1,26,6,-1,-1,-1,-1,1,-1
20154100C0201,2,11,0,13,0,1,0,0,0,0,1,1,1,1,44,7,5883,2,14,-1,-1,-1
20154100C0202,1,9,0,18,0,4,0,0,0,0,1,1,6,1,50,8,-1,-1,-1,-1,-1,-1
20154100C0202,2,9,0,18,0,4,0,0,0,0,2,1,6,2,23,5,1397,1,7,-1,1,-1
20154100C0207,1,9,0,18,0,2,0,0,0,0,1,1,2,1,33,6,998,1,13,-1,-1,-1
20154100C0210,1,1,0,18,0,8,0,0,0,0,2,1,1,1,44,7,-1,-1,-1,-1,1,-1
20154100C0210,2,2,0,18,0,8,0,0,0,0,1,1,6,2,35,6,-1,-1,-1,-1,1,-1
20154100C0211,1,19,0,5,0,1,0,0,0,0,1,1,2,1,43,7,-1,-1,-1,-1,1,-1
20154100C0211,2,9,0,18,0,1,0,0,0,0,1,1,3,2,37,7,1995,2,5,-1,1,-1
20154100C0213,1,4,0,14,0,0,1,0,0,0,1,1,6,1,32,6,296,1,2,-1,1,-1
20154100C0213,2,9,0,3,0,0,0,0,0,0,1,1,6,2,32,6,1364,1,5,-1,1,-1
20154100C0216,1,9,0,4,0,0,0,0,0,0,1,1,1,1,48,8,1598,1,9,-1,1,-1
20154100C0219,1,1,0,18,0,0,0,0,0,0,0,1,6,1,45,7,-1,-1,-1,-1,1,-1
20154100C0227,1,9,0,18,0,0,0,0,0,0,1,1,6,2,34,6,-1,-1,-1,-1,1,-1
20154100C0227,2,9,0,4,0,0,0,0,0,0,2,1,6,2,47,8,1995,2,3,-1,1,-1
20154100C0235,1,9,0,1,0,0,0,0,0,0,2,1,6,1,-1,-1,-1,-1,-1,-1,-1,-1
20154100C0235,2,9,0,3,0,0,0,0,0,0,1,1,3,2,50,8,1997,2,12,-1,1,-1
20154100C0237,1,9,0,18,0,8,0,0,0,0,1,1,1,1,25,5,-1,-1,-1,-1,1,-1
20154100C0237,2,9,0,9,0,6,0,0,0,0,1,1,6,1,33,6,-1,-1,-1,-1,1,-1
20154100C0245,1,9,0,11,0,8,0,0,0,0,4,1,6,3,-1,-1,-1,-1,-1,-1,-1,-1
20154100C0245,2,4,0,18,0,8,0,0,0,0,3,1,6,1,54,8,638,1,7,-1,1,-1
20154100C0246,1,21,1,12,0,0,0,0,0,0,0,2,1,1,25,5,-1,-1,-1,-1,-1,-1
20154100C0246,2,9,0,18,0,0,1,0,0,0,3,1,6,2,60,9,2179,2,3,-1,1,-1
20154100C0246,3,9,0,18,0,0,1,0,0,0,1,1,1,1,37,7,1560,2,1,-1,1,-1
20154100C0247,1,9,0,18,0,0,0,0,0,0,1,1,1,1,62,9,1956,2,5,-1,-1,-1
20154100C0247,2,9,0,18,0,0,0,0,0,0,1,1,2,1,44,7,4367,2,2,-1,-1,-1
20154100C0250,1,9,0,5,0,0,0,0,0,0,2,1,6,2,30,6,1390,1,6,-1,1,-1
20154100C0250,2,9,0,18,0,0,0,0,1,0,1,1,3,2,28,6,1360,1,13,-1,1,-1
20154100C0251,1,9,0,18,0,6,0,0,0,0,1,1,6,3,-1,-1,-1,-1,-1,-1,-1,-1
20154100C0251,2,1,0,18,0,8,0,0,0,0,4,1,2,1,54,8,-1,-1,-1,-1,1,-1
20154100C0259,1,9,0,18,0,8,0,0,0,0,1,1,6,1,22,5,1895,1,14,-1,1,-1
20154100C0259,2,9,0,18,0,6,0,0,0,0,4,1,2,2,33,6,1598,2,3,-1,1,-1
20154100C0261,1,9,0,9,0,6,0,0,0,0,3,1,6,2,56,9,1498,1,4,-1,1,-1
20154100C0261,2,1,0,18,0,8,0,0,0,0,1,1,2,1,36,7,-1,-1,-1,-1,1,-1
20154100C0265,1,9,0,4,0,0,0,0,0,0,1,1,6,2,49,8,-1,-1,-1,-1,1,-1
20154100C0265,2,9,0,6,0,0,0,0,0,0,3,1,6,1,51,8,999,1,1,-1,1,-1
20154100C0271,1,9,0,18,0,8,0,0,0,0,1,1,6,2,17,4,998,1,8,-1,1,-1
20154100C0284,1,9,0,18,0,4,5,0,0,0,2,1,2,2,30,6,1242,1,6,-1,1,-1
20154100C0284,2,9,0,18,0,4,0,0,0,0,1,1,6,2,48,8,1587,1,12,-1,1,-1
20154100C0300,1,9,0,14,0,0,0,0,0,0,1,1,6,2,30,6,-1,-1,-1,-1,1,-1
20154100C0305,1,5,0,4,0,8,1,0,0,0,3,1,6,1,42,7,599,1,7,-1,1,-1
20154100C0306,1,9,0,18,0,0,0,0,1,10,1,1,6,2,17,4,1390,1,8,-1,1,-1
20154100C0306,2,9,0,2,0,0,0,0,0,0,2,1,6,2,54,8,1364,1,10,-1,1,-1
20154100C0307,1,9,0,17,0,0,2,0,1,10,3,1,1,1,24,5,1149,1,10,-1,1,-1
20154100C0307,2,9,0,4,0,0,0,0,0,0,2,1,1,2,25,5,973,1,13,-1,1,-1
20154100C0307,3,9,0,17,0,0,1,0,0,0,1,1,6,1,50,8,-1,-1,-1,-1,1,-1
20154100C0308,1,9,0,15,0,0,0,0,0,0,1,1,3,1,41,7,1968,2,3,-1,1,-1
20154100C0310,1,9,0,18,0,8,0,0,0,0,3,1,1,1,50,8,1248,2,2,-1,1,-1
20154100C0310,2,9,0,9,0,8,0,0,0,0,1,1,6,1,20,4,-1,-1,-1,-1,2,-1
20154100C0311,1,9,0,4,0,1,0,0,0,0,4,1,6,3,-1,-1,-1,-1,-1,-1,-1,-1
20154100C0311,2,5,0,4,0,1,0,0,0,0,3,1,6,1,43,7,998,1,9,-1,1,-1
20154100C0315,1,9,0,18,0,4,0,0,0,0,1,1,6,1,40,7,2171,2,12,-1,-1,-1
20154100C0315,2,9,0,18,0,8,0,0,0,0,4,1,2,2,44,7,1339,1,4,-1,1,-1
20154100C0316,1,9,0,18,0,1,0,0,0,0,1,1,6,2,25,5,1124,1,10,-1,-1,-1
20154100C0316,2,9,0,3,0,1,0,0,0,0,2,1,6,1,21,5,1390,1,9,-1,1,-1
20154100C0317,1,9,0,18,0,4,0,0,0,0,1,1,6,3,-1,-1,1968,2,1,-1,-1,-1
20154100C0317,2,1,0,18,0,4,0,0,0,0,4,1,1,1,31,6,-1,-1,-1,-1,1,-1
20154100C0318,1,9,0,12,0,0,5,0,0,0,2,1,6,2,24,5,1299,1,10,-1,1,-1
20154100C0318,2,9,0,18,0,0,1,0,0,0,1,1,6,1,24,5,1124,1,15,-1,1,-1
20154100C0320,1,9,0,1,0,0,0,0,0,0,2,1,6,3,-1,-1,-1,-1,-1,-1,-1,-1
20154100C0321,1,9,0,18,0,0,0,0,0,0,1,1,6,1,61,9,1349,1,4,-1,1,-1
20154100C0322,1,3,0,18,0,8,0,0,0,0,1,1,6,1,23,5,-1,-1,-1,-1,1,-1
20154100C0322,2,9,0,9,0,5,0,0,0,0,2,1,2,1,51,8,1124,1,19,-1,1,-1
20154100C0331,1,3,0,9,0,6,0,0,0,0,1,1,6,1,19,4,124,1,5,-1,1,-1
20154100C0331,2,9,0,4,0,8,0,0,0,0,3,1,6,1,73,10,1896,2,11,-1,1,-1
20154100C0333,1,9,0,9,0,6,0,0,0,0,3,1,2,1,31,6,1229,1,2,-1,1,-1
20154100C0333,2,1,0,18,0,8,0,0,0,0,1,1,2,1,49,8,-1,-1,-1,-1,1,-1
20154100C0346,1,9,0,5,0,6,0,0,0,0,1,1,6,2,34,6,-1,-1,-1,-1,1,-1
20154100C0346,2,9,0,4,0,8,0,0,0,0,2,1,6,1,33,6,1598,2,1,-1,1,-1
20154100C0347,1,9,0,18,0,1,0,0,0,0,1,1,6,1,20,4,2231,2,7,-1,1,-1
20154100C0347,2,9,0,4,0,1,0,0,0,0,2,1,6,2,39,7,1968,2,1,-1,1,-1
20154100C0347,3,9,0,4,0,1,0,0,0,0,2,1,6,2,51,8,1956,2,3,-1,3,-1
20154100C0347,4,9,0,4,0,1,0,0,0,0,2,1,6,2,38,7,1997,1,11,-1,1,-1
20154100C0348,1,4,0,15,0,8,0,0,0,0,1,1,1,1,21,5,124,1,10,-1,1,-1
20154100C0348,2,9,0,7,0,5,0,0,0,0,4,1,3,1,75,10,1198,1,6,-1,1,-1
20154100C0355,1,9,0,18,0,8,0,0,7,4,1,1,1,1,75,10,1910,2,11,-1,3,-1
20154100C0356,1,5,0,14,0,8,0,0,0,0,2,1,1,1,26,6,599,1,13,-1,1,-1
20154100C0356,2,9,0,9,0,6,0,0,0,0,1,1,1,1,46,8,1998,2,11,-1,1,-1
20154100C0362,1,9,0,18,0,0,0,0,0,0,1,1,6,1,20,4,-1,-1,-1,-1,-1,-1
20154100C0362,2,9,0,3,0,0,0,0,0,0,2,1,2,2,18,4,1598,1,11,-1,1,-1
20154100C0363,1,11,0,18,0,0,0,0,0,0,0,1,1,1,54,8,-1,-1,-1,-1,2,-1
20154100C0369,1,8,0,5,0,1,0,0,0,0,4,2,1,1,47,8,1968,2,7,-1,1,-1
20154100C0370,1,9,0,7,0,6,0,0,0,0,1,1,2,1,32,6,1995,2,13,-1,1,-1
20154100C0370,2,3,0,18,0,8,0,0,0,0,4,1,2,1,18,4,124,1,17,-1,1,-1
20154100C0371,1,9,0,16,0,0,0,0,0,0,1,1,3,2,35,6,-1,-1,-1,-1,1,-1
20154100C0371,2,9,0,17,0,0,0,0,7,0,1,1,2,1,31,6,998,1,8,-1,1,-1
20154100C0371,3,9,0,17,0,0,0,0,0,0,1,1,2,1,45,7,2295,1,13,-1,1,-1
20154100C0382,1,9,0,1,0,0,0,0,0,0,2,1,6,2,34,6,1398,1,3,-1,1,-1
20154100C0382,2,9,0,3,0,0,0,0,0,0,1,1,6,1,51,8,2967,1,14,-1,1,-1
20154100C0387,1,9,0,18,0,0,5,4,0,0,1,1,6,2,20,4,1197,1,-1,-1,1,-1
20154100C0387,2,9,0,2,0,0,0,0,0,0,2,1,6,1,51,8,2967,2,10,-1,1,-1
20154100C0389,1,9,0,5,0,6,0,0,0,0,1,1,1,2,29,6,999,1,13,-1,1,-1
20154100C0389,2,9,0,18,0,8,0,0,0,0,1,1,2,1,26,6,1242,1,2,-1,1,-1
20154100C0389,3,9,0,2,0,1,0,0,0,0,1,1,6,3,-1,-1,-1,-1,-1,-1,-1,-1
20154100C0389,4,9,0,2,0,1,0,0,0,0,2,1,6,3,-1,-1,2987,2,8,-1,-1,-1
20154100C0394,1,9,0,18,0,0,0,0,0,0,1,1,1,1,45,7,-1,-1,-1,-1,1,-1
20154100C0397,1,9,0,4,0,0,0,0,0,0,1,1,6,2,40,7,1596,1,11,-1,1,-1
20154100C0397,2,9,0,3,0,0,0,0,0,0,2,1,6,2,27,6,1199,1,13,-1,-1,-1
20154100C0397,3,9,0,3,0,0,0,0,0,0,2,1,6,2,43,7,1388,1,6,-1,1,-1
20154100C0400,1,9,0,18,0,0,0,0,1,2,3,1,6,1,78,11,1396,1,13,-1,1,-1