Accident_Index,Vehicle_Reference,Vehicle_Type,Towing_and_Articulation,Vehicle_Manoeuvre,Vehicle_Location-Restricted_Lane,Junction_Location,Skidding_and_Overturning,Hit_Object_in_Carriageway,Vehicle_Leaving_Carriageway,Hit_Object_off_Carriageway,1st_Point_of_Impact,Was_Vehicle_Left_Hand_Drive?,Journey_Purpose_of_Driver,Sex_of_Driver,Age_of_Driver,Age_Band_of_Driver,Engine_Capacity_(CC),Propulsion_Code,Age_of_Vehicle,Driver_IMD_Decile,Driver_Home_Area_Type,Vehicle_IMD_Decile
20154100C0406,1,9,0,18,0,0,0,0,0,0,1,1,6,2,40,7,1242,1,18,-1,1,-1
20154100C0406,2,9,0,4,0,0,0,0,0,0,2,1,6,2,63,9,1598,1,13,-1,1,-1
20154100C0415,1,9,0,5,0,0,0,0,0,0,2,1,6,1,31,6,1400,1,9,-1,1,-1
20154100C0415,2,9,0,5,0,0,0,0,0,0,2,1,6,1,65,9,1747,1,12,-1,1,-1
20154100C0415,3,9,0,4,0,0,0,0,0,0,2,1,6,2,26,6,2720,2,9,-1,-1,-1
20154100C0415,4,9,0,18,0,0,0,0,0,0,1,1,6,1,34,6,-1,-1,-1,-1,1,-1
20154100C0416,1,9,0,13,0,0,0,0,0,0,4,1,6,1,-1,-1,-1,-1,-1,-1,-1,-1
20154100C0416,2,1,0,18,0,0,0,0,0,0,1,1,6,1,42,7,-1,-1,-1,-1,1,-1
20154100C0417,1,9,0,9,0,1,0,0,0,0,1,1,6,2,19,4,1198,1,4,-1,1,-1
20154100C0417,2,9,0,5,0,1,0,0,0,0,2,1,6,1,40,7,-1,-1,-1,-1,1,-1
20154100C0418,1,9,0,4,0,1,5,0,0,0,1,1,6,2,52,8,1299,1,15,-1,1,-1
20154100C0418,2,9,0,8,0,1,0,0,0,0,2,1,6,1,60,9,1397,1,12,-1,1,-1
20154100C0419,1,9,0,18,0,1,0,4,0,0,1,1,6,2,52,8,1997,1,9,-1,1,-1
20154100C0419,2,9,0,2,6,1,0,4,0,0,4,1,6,3,-1,-1,1984,1,9,-1,-1,-1
20154100C0419,3,9,0,2,6,1,0,0,0,0,2,1,6,3,-1,-1,1275,1,17,-1,-1,-1
20154100C0420,1,9,0,18,0,0,0,0,0,0,1,1,6,2,76,11,1396,1,3,-1,1,-1
20154100C0420,2,9,0,18,0,0,0,0,1,0,1,1,6,2,34,6,1598,1,5,-1,-1,-1
20154100C0424,1,1,0,14,0,1,0,0,0,0,1,1,6,1,44,7,-1,-1,-1,-1,-1,-1
20154100C0424,2,1,0,14,0,1,0,0,0,0,1,1,6,1,39,7,-1,-1,-1,-1,-1,-1
20154100C0424,3,9,0,9,0,5,0,0,0,0,3,1,6,1,29,6,2000,1,9,-1,1,-1
20154100C0433,1,9,0,13,0,0,0,0,0,0,1,1,6,1,40,7,1198,1,5,-1,-1,-1
20154100C0433,2,9,0,18,0,0,0,0,0,0,2,1,6,1,20,4,1896,2,10,-1,1,-1
20154100C0438,1,9,0,11,4,1,0,0,0,0,1,1,6,1,-1,-1,2143,2,2,-1,-1,-1
20154100C0438,2,1,0,5,4,1,0,0,1,0,2,1,1,1,20,4,-1,-1,-1,-1,1,-1
20154100C0442,1,9,0,10,0,1,0,0,0,0,2,1,1,1,33,6,1896,2,8,-1,-1,-1
20154100C0442,2,4,0,18,0,1,1,0,0,0,1,1,6,1,18,4,-1,-1,-1,-1,1,-1
20154100C0447,1,9,0,4,0,0,0,0,0,0,2,1,2,1,43,7,1997,2,11,-1,1,-1
20154100C0447,2,9,0,18,0,0,0,0,0,0,1,1,2,2,22,5,1995,1,4,-1,3,-1
20154100C0449,1,3,0,18,0,1,1,0,0,0,1,1,6,1,27,6,124,1,1,-1,1,-1
20154100C0449,2,9,0,3,0,1,0,0,0,0,2,1,6,3,-1,-1,-1,-1,-1,-1,-1,-1
20154100C0451,1,9,0,1,9,6,0,0,0,0,2,1,6,1,45,7,2400,2,4,-1,1,-1
20154100C0454,1,9,0,18,0,2,0,0,1,10,1,1,6,2,20,4,1590,1,12,-1,-1,-1
20154100C0458,1,9,0,9,0,6,0,0,0,0,1,1,6,2,-1,-1,-1,-1,-1,-1,-1,-1
20154100C0458,2,9,0,18,0,8,0,0,0,0,2,1,6,2,25,5,1229,1,1,-1,1,-1
20154100C0466,1,5,0,18,0,6,0,4,0,0,1,1,6,1,32,6,599,1,2,-1,1,-1
20154100C0466,2,9,0,2,0,1,0,0,0,0,3,1,6,3,-1,-1,1242,1,12,-1,-1,-1
20154100C0470,1,9,0,9,0,6,0,0,0,0,1,1,2,1,46,8,-1,-1,-1,-1,-1,-1
20154100C0470,2,9,0,18,0,8,0,0,0,0,4,1,1,1,44,7,1991,2,4,-1,1,-1
20154100C0471,1,1,0,18,0,8,0,7,0,0,1,1,6,1,23,5,-1,-1,-1,-1,1,-1
20154100C0472,1,9,0,1,0,1,0,0,0,0,2,1,6,2,56,9,2179,2,3,-1,3,-1
20154100C0474,1,9,0,4,0,0,0,0,0,0,1,1,6,1,32,6,1910,2,7,-1,1,-1
20154100C0474,2,9,0,3,0,0,0,0,0,0,2,1,6,1,52,8,1995,2,4,-1,1,-1
20154100C0479,1,9,0,9,0,5,0,0,0,0,4,1,6,2,17,4,-1,-1,-1,-1,2,-1
20154100C0479,2,9,0,18,0,8,1,0,0,0,1,1,6,1,19,4,-1,-1,-1,-1,1,-1
20154100C0486,1,20,0,18,0,8,0,0,0,0,1,1,1,1,60,9,-1,-1,-1,-1,1,-1
20154100C0486,2,5,0,4,0,8,0,0,0,0,2,1,2,1,55,8,1170,1,4,-1,1,-1
20154100C0487,1,9,0,5,0,0,0,4,0,0,1,1,6,1,46,8,-1,-1,-1,-1,1,-1
20154100C0487,2,9,0,2,0,0,0,0,0,0,3,1,6,1,35,6,2179,2,1,-1,1,-1
20154100C0487,3,9,0,5,0,0,0,0,0,0,2,1,6,1,22,5,-1,-1,-1,-1,1,-1
20154100C0488,1,19,0,18,0,8,0,0,0,0,4,1,1,1,33,6,2198,2,8,-1,1,-1
20154100C0488,2,19,0,9,0,4,0,0,0,0,1,1,1,1,36,7,2198,2,3,-1,1,-1
20154100C0492,1,9,0,9,0,5,0,0,0,0,3,1,6,3,-1,-1,-1,-1,-1,-1,-1,-1
20154100C0492,2,1,0,18,0,8,1,0,0,0,1,1,6,1,32,6,-1,-1,-1,-1,1,-1
20154100C0494,1,9,0,18,0,0,1,0,1,7,1,1,6,2,81,11,-1,-1,-1,-1,1,-1
20154100C0499,1,11,0,18,0,0,0,0,0,0,1,1,1,3,55,8,5900,2,8,-1,-1,-1
20154100C0508,1,9,0,18,0,0,0,0,0,0,1,1,2,1,35,6,-1,-1,-1,-1,1,-1
20154100C0510,1,9,0,4,0,1,0,0,0,0,1,1,6,1,66,10,1796,1,7,-1,1,-1
20154100C0510,2,1,0,3,0,1,0,0,0,0,2,1,6,1,17,4,-1,-1,-1,-1,1,-1
20154100C0512,1,9,0,18,0,0,0,0,0,0,1,1,6,2,27,6,-1,-1,-1,-1,-1,-1
20154100C0512,2,9,0,3,0,0,0,0,0,0,2,1,6,2,22,5,-1,-1,-1,-1,-1,-1
20154100C0512,3,9,0,3,0,0,0,0,0,0,2,1,6,1,28,6,-1,-1,-1,-1,-1,-1
20154100C0512,4,9,0,3,0,0,0,0,0,0,2,1,6,2,47,8,1599,1,13,-1,1,-1
20154100C0513,1,1,0,18,0,8,0,0,0,0,3,1,6,1,17,4,-1,-1,-1,-1,1,-1
20154100C0513,2,9,0,7,0,5,0,0,0,0,4,1,6,3,-1,-1,-1,-1,-1,-1,-1,-1
20154100C0516,1,19,0,5,0,7,0,0,0,0,3,1,1,1,57,9,2402,2,6,-1,1,-1
20154100C0516,2,9,0,18,0,8,0,0,0,0,1,1,6,1,19,4,-1,-1,-1,-1,1,-1
20154100C0522,1,9,0,18,0,2,0,11,0,0,4,1,6,1,72,10,1596,1,3,-1,1,-1
20154100C0523,1,9,0,18,0,6,5,0,1,0,4,1,3,2,36,7,-1,-1,-1,-1,1,-1
20154100C0523,2,9,0,18,0,8,1,0,0,0,1,1,6,2,56,9,1299,1,10,-1,1,-1
20154100C0524,1,2,0,18,0,2,0,0,0,0,4,1,6,1,27,6,-1,-1,-1,-1,1,-1
20154100C0526,1,9,0,18,0,1,0,0,0,0,1,1,6,1,22,5,-1,-1,-1,-1,1,-1
20154100C0527,1,9,0,12,0,1,0,0,0,0,3,1,6,1,20,4,-1,-1,-1,-1,-1,-1
20154100C0527,2,2,0,18,0,2,1,0,0,0,3,1,6,1,17,4,49,1,3,-1,1,-1
20154100C0531,1,9,0,9,0,8,0,0,0,0,1,1,6,1,34,6,1596,1,8,-1,3,-1
20154100C0531,2,9,0,18,0,8,0,0,0,0,3,1,6,2,26,6,1368,1,5,-1,1,-1
20154100C0532,1,9,0,18,0,1,0,0,1,7,1,1,6,1,20,4,1995,1,7,-1,1,-1
20154100C0532,2,19,0,9,0,1,0,0,0,0,0,1,6,1,49,8,2198,2,-1,-1,1,-1
20154100C0533,1,4,0,13,0,0,0,0,7,0,1,1,2,1,30,6,599,1,10,-1,1,-1
20154100C0533,2,9,0,13,0,0,0,0,0,0,2,1,6,1,-1,-1,1798,1,9,-1,1,-1
20154100C0535,1,9,0,18,0,0,0,0,0,0,1,1,6,2,35,6,1598,1,3,-1,1,-1
20154100C0535,2,9,0,18,0,0,0,0,0,0,1,1,6,3,-1,-1,1968,2,5,-1,-1,-1
20154100C0536,1,9,0,18,0,0,0,0,0,0,1,1,6,2,24,5,1368,1,5,-1,1,-1
20154100C0539,1,9,0,17,0,0,0,0,1,10,1,1,6,1,20,4,2792,1,14,-1,-1,-1
20154100C0540,1,9,0,18,0,0,0,0,0,0,1,1,6,2,40,7,1390,1,5,-1,1,-1
20154100C0542,1,9,0,5,0,6,0,0,0,0,1,1,6,1,35,6,1994,1,16,-1,-1,-1
20154100C0542,2,1,0,18,0,8,0,0,0,0,4,1,6,1,26,6,-1,-1,-1,-1,1,-1
20154100C0545,1,3,0,18,0,1,1,0,0,0,3,1,6,1,19,4,124,1,13,-1,1,-1
20154100C0545,2,3,0,18,0,1,1,0,0,0,0,1,6,1,20,4,125,1,3,-1,1,-1
20154100C0545,3,3,0,18,0,1,1,0,0,0,0,1,6,1,20,4,125,1,5,-1,1,-1
20154100C0546,1,9,0,18,0,8,0,0,0,0,4,1,6,2,69,10,1598,1,13,-1,1,-1
20154100C0546,2,1,0,18,0,8,0,0,0,0,1,1,6,2,37,7,-1,-1,-1,-1,1,-1
20154100C0549,1,3,0,18,0,8,0,0,1,7,4,1,6,1,25,5,125,1,14,-1,1,-1
20154100C0550,1,3,0,18,0,2,1,0,0,0,1,1,6,1,35,6,124,1,10,-1,1,-1
20154100C0550,2,9,0,18,0,1,0,0,0,0,3,1,6,1,57,9,2982,2,2,-1,1,-1
20154100C0556,1,9,0,17,0,2,0,0,0,0,1,1,6,3,-1,-1,-1,-1,-1,-1,-1,-1
20154100C0559,1,9,0,4,0,2,0,4,0,0,1,1,1,2,25,5,-1,-1,-1,-1,1,-1
20154100C0559,2,9,0,2,0,2,0,4,0,0,1,1,6,3,-1,-1,1199,2,4,-1,-1,-1
20154100C0559,3,9,0,2,0,2,0,0,0,0,1,1,6,3,-1,-1,2295,1,16,-1,-1,-1
20154100C0560,1,1,0,18,0,4,1,0,0,0,0,1,6,1,46,8,-1,-1,-1,-1,1,-1
20154100C0560,2,9,0,18,0,8,0,0,0,0,0,1,6,1,50,8,-1,-1,-1,-1,-1,-1
20154100C0569,1,9,0,9,0,5,0,0,0,0,1,1,6,1,21,5,-1,-1,-1,-1,-1,-1
20154100C0569,2,9,0,4,0,1,0,0,0,0,1,1,6,2,47,8,-1,-1,-1,-1,-1,-1
20154100C0571,1,9,0,18,0,4,1,9,0,0,1,1,6,1,45,7,-1,-1,-1,-1,1,-1
20154100C0571,2,9,0,18,0,4,0,0,0,0,0,1,1,1,45,7,2400,2,2,-1,-1,-1
20154100C0573,1,9,0,7,0,6,0,0,0,0,1,1,6,1,57,9,1197,1,-1,-1,-1,-1
20154100C0573,2,9,0,18,0,8,0,0,0,0,2,1,6,1,53,8,1364,1,7,-1,1,-1
20154100C0575,1,9,0,5,0,1,0,0,0,0,3,1,2,2,30,6,1560,2,3,-1,1,-1
20154100C0575,2,9,0,14,0,1,0,0,0,0,4,1,2,2,30,6,1497,8,-1,-1,1,-1
20154100C0579,1,9,0,18,0,0,5,7,0,0,3,1,6,2,29,6,1598,2,5,-1,-1,-1
20154100C0582,1,9,0,18,0,0,0,0,0,0,1,1,6,3,-1,-1,-1,-1,-1,-1,-1,-1
20154100C0582,2,21,2,2,0,0,0,0,0,0,0,1,1,1,57,9,12900,2,8,-1,1,-1
20154100C0587,1,9,0,7,0,5,0,0,0,0,4,1,6,1,40,7,1560,2,1,-1,1,-1
20154100C0587,2,1,0,18,0,8,0,0,0,0,3,1,6,1,51,8,-1,-1,-1,-1,1,-1
20154100C0595,1,9,0,18,0,8,0,0,0,0,4,1,6,2,40,7,1299,1,13,-1,2,-1
20154100C0595,2,9,0,18,0,8,0,0,0,0,3,1,6,2,30,6,1968,2,11,-1,1,-1
20154100C0599,1,9,0,18,0,8,0,0,0,0,1,1,6,2,27,6,1997,2,12,-1,1,-1
20154100C0599,2,9,0,7,0,6,0,0,0,0,3,1,6,1,68,10,2720,2,7,-1,1,-1
20154100C0601,1,9,0,4,0,1,0,0,0,0,1,1,6,1,21,5,1242,1,12,-1,1,-1
20154100C0601,2,9,0,4,0,1,0,0,0,0,2,1,6,2,34,6,1299,1,13,-1,1,-1
20154100C0604,1,9,0,18,0,0,0,0,0,0,4,1,6,1,31,6,1986,2,7,-1,2,-1
20154100C0613,1,1,0,18,0,2,0,0,0,0,1,1,6,1,28,6,-1,-1,-1,-1,2,-1
20154100C0613,2,9,0,18,0,1,0,0,0,0,1,1,2,2,30,6,1997,2,14,-1,1,-1
20154100C0617,1,19,0,6,0,0,0,0,0,0,3,1,1,1,26,6,2198,2,1,-1,1,-1
20154100C0617,2,4,0,18,0,0,0,0,0,0,1,1,1,1,30,6,-1,-1,-1,-1,3,-1
20154100C0620,1,2,0,14,0,0,0,0,0,0,1,1,2,1,16,4,49,1,-1,-1,1,-1
20154100C0620,2,9,0,5,0,0,0,0,0,0,3,1,6,2,25,5,1998,2,11,-1,-1,-1
20154100C0625,1,9,0,9,0,6,0,0,0,0,1,1,1,1,27,6,1995,2,-1,-1,1,-1
20154100C0625,2,1,0,9,0,5,0,0,0,0,2,1,1,1,27,6,-1,-1,-1,-1,1,-1
20154100C0627,1,9,0,18,0,2,0,0,0,0,1,1,6,2,32,6,-1,-1,-1,-1,-1,-1
20154100C0627,2,9,0,3,0,2,0,0,0,0,2,1,6,1,75,10,1596,1,9,-1,-1,-1
20154100C0627,3,9,0,3,0,2,0,0,0,0,2,1,6,1,-1,-1,2958,2,9,-1,1,-1
20154100C0627,4,9,0,3,0,2,0,0,0,0,2,1,6,1,22,5,1596,1,8,-1,1,-1
20154100C0630,1,9,0,18,0,8,0,0,0,0,3,1,2,1,20,4,1248,2,6,-1,1,-1
20154100C0630,2,1,0,9,0,8,0,0,0,0,1,1,2,1,30,6,-1,-1,-1,-1,1,-1
20154100C0633,1,9,0,9,0,6,0,0,0,0,1,1,2,1,42,7,1997,2,6,-1,1,-1
20154100C0633,2,1,0,18,0,8,0,0,0,0,1,1,2,1,53,8,-1,-1,-1,-1,1,-1
20154100C0634,1,9,0,4,0,1,0,0,0,0,2,1,6,2,35,6,1329,1,3,-1,1,-1
20154100C0634,2,9,0,5,0,1,0,0,0,0,1,1,6,1,54,8,-1,-1,-1,-1,1,-1
20154100C0635,1,9,0,18,0,0,0,0,0,0,1,1,6,1,34,6,1598,1,8,-1,1,-1
20154100C0635,2,19,0,4,0,0,0,0,0,0,2,1,1,1,49,8,2198,2,3,-1,2,-1
20154100C0636,1,9,0,4,0,0,0,0,0,0,1,1,2,2,26,6,1398,1,10,-1,1,-1
20154100C0636,2,9,0,3,0,0,0,0,0,0,2,1,2,2,24,5,1598,1,5,-1,1,-1
20154100C0636,3,9,0,3,0,0,0,0,0,0,2,1,2,1,35,6,1995,2,3,-1,-1,-1
20154100C0639,1,9,0,18,0,8,0,0,0,0,1,1,6,1,53,8,1956,2,6,-1,1,-1
20154100C0639,2,9,0,7,0,6,0,0,0,0,1,1,1,1,39,7,1870,2,9,-1,1,-1
20154100C0643,1,9,0,9,0,6,0,0,0,0,1,1,3,1,38,7,2967,2,1,-1,1,-1
20154100C0643,2,9,0,9,0,5,0,0,0,0,3,1,2,1,53,8,2143,2,2,-1,1,-1
20154100C0645,1,9,0,18,0,8,0,0,0,0,1,1,6,3,-1,-1,-1,-1,-1,-1,-1,-1
20154100C0645,2,1,0,18,0,8,0,0,0,0,2,1,2,1,28,6,-1,-1,-1,-1,1,-1
20154100C0647,1,9,0,5,0,6,0,0,0,0,1,1,6,1,23,5,1199,1,14,-1,1,-1
20154100C0647,2,9,0,18,0,8,0,10,1,4,4,1,2,2,56,9,1895,1,18,-1,1,-1
20154100C0653,1,9,0,4,0,1,1,0,0,0,1,1,6,3,-1,-1,-1,-1,-1,-1,-1,-1
20154100C0653,2,9,0,4,0,1,1,0,0,0,2,1,1,1,33,6,998,1,13,-1,1,-1
20154100C0658,1,9,0,5,0,0,0,0,0,0,0,1,6,2,35,6,1242,1,3,-1,1,-1
20154100C0661,1,3,0,18,0,5,0,0,0,0,1,1,6,1,18,4,125,1,-1,-1,1,-1
20154100C0661,2,9,0,3,0,5,0,0,0,0,2,1,6,1,-1,-1,1461,2,-1,-1,-1,-1
20154100C0663,1,9,0,18,0,8,0,0,0,0,4,1,6,1,44,7,2151,2,13,-1,1,-1
20154100C0663,2,9,0,5,0,4,0,0,0,0,1,1,6,1,-1,-1,-1,-1,-1,-1,-1,-1
20154100C0664,1,9,0,9,0,5,0,0,1,0,3,1,6,1,82,11,1598,1,9,-1,1,-1
20154100C0664,2,9,0,13,0,1,0,0,0,0,1,1,6,1,46,8,1998,2,7,-1,1,-1
20154100C0666,1,9,0,14,0,1,0,0,0,0,0,1,2,1,31,6,2170,2,13,-1,1,-1
20154100C0666,2,3,0,4,0,1,1,0,7,0,0,1,2,1,29,6,124,1,-1,-1,2,-1
20154100C0666,3,9,0,4,0,1,0,0,0,0,0,1,1,1,45,7,-1,-1,-1,-1,1,-1
20154100C0667,1,9,0,18,0,3,1,10,1,10,4,1,6,1,23,5,2600,1,20,-1,1,-1
20154100C0669,1,9,0,18,0,1,0,0,0,0,1,1,6,2,20,4,1339,1,8,-1,-1,-1
20154100C0669,2,9,0,5,0,1,0,0,0,0,2,1,6,2,46,8,-1,-1,-1,-1,1,-1
20154100C0670,1,9,0,18,0,2,5,0,1,10,1,1,6,1,20,4,1386,1,7,-1,1,-1
20154100C0671,1,1,0,18,0,0,0,8,0,0,1,1,2,1,49,8,-1,-1,-1,-1,1,-1
20154100C0671,2,9,0,3,0,0,0,0,0,0,4,1,6,2,33,6,1198,1,5,-1,1,-1
20154100C0675,1,9,0,7,9,5,0,0,0,0,1,1,6,1,-1,-1,1997,2,8,-1,-1,-1
20154100C0677,1,9,0,18,0,8,0,0,0,0,4,1,6,1,46,8,2148,2,10,-1,1,-1
20154100C0677,2,9,0,18,0,8,0,0,0,0,3,1,6,1,38,7,1396,1,12,-1,1,-1
20154100C0681,1,9,0,7,0,5,0,0,0,0,1,1,6,2,58,9,1590,1,13,-1,1,-1
20154100C0681,2,1,0,18,0,8,0,0,0,0,3,1,6,1,13,3,-1,-1,-1,-1,1,-1
20154100C0682,1,9,0,18,0,1,0,0,0,0,1,1,6,2,25,5,1600,1,11,-1,-1,-1
20154100C0682,2,9,0,3,0,1,0,0,0,0,2,1,6,2,25,5,1242,1,6,-1,2,-1
20154100C0684,1,9,0,18,0,1,0,0,0,0,1,1,6,1,30,6,-1,-1,-1,-1,-1,-1
20154100C0684,2,9,0,3,0,1,0,0,0,0,2,1,6,2,54,8,1389,1,19,-1,1,-1
20154100C0688,1,9,0,11,0,1,0,0,0,0,1,1,6,1,29,6,1397,1,12,-1,-1,-1
20154100C0688,2,9,0,18,0,1,0,0,0,0,1,1,1,1,29,6,-1,3,-1,-1,1,-1
20154100C0692,1,9,0,15,0,2,0,0,0,0,1,1,6,1,33,6,1895,1,16,-1,1,-1
20154100C0693,1,9,0,11,0,0,0,0,0,0,3,1,6,2,35,6,1968,2,9,-1,-1,-1
20154100C0693,2,9,0,18,0,0,0,0,0,0,4,1,2,2,30,6,998,1,14,-1,1,-1
20154100C0696,1,9,0,18,0,0,0,0,5,6,1,1,6,2,53,8,2143,2,3,-1,1,-1
20154100C0696,2,9,0,18,0,0,0,0,0,0,4,1,6,2,53,8,1986,2,8,-1,1,-1
20154100C0696,3,9,0,18,0,0,0,0,0,0,1,1,6,1,25,5,-1,-1,-1,-1,1,-1
20154100C0700,1,9,0,17,0,0,0,0,0,0,1,1,2,2,35,6,1197,1,1,-1,1,-1
20154100C0700,2,8,0,16,0,0,0,0,0,0,1,1,1,1,45,7,1598,1,10,-1,1,-1
20154100C0704,1,9,0,16,0,0,2,10,8,4,1,1,2,1,22,5,1390,1,4,-1,2,-1
20154100C0705,1,9,0,7,0,5,0,0,0,0,0,1,6,3,-1,-1,-1,-1,-1,-1,-1,-1
20154100C0705,2,1,0,18,0,8,1,0,0,0,0,1,6,1,45,7,-1,-1,-1,-1,1,-1
20154100C0708,1,9,0,9,0,6,0,0,0,0,4,1,6,1,76,11,-1,-1,-1,-1,-1,-1
20154100C0708,2,9,0,18,0,8,0,0,0,0,1,1,6,1,26,6,-1,-1,-1,-1,1,-1
20154100C0712,1,5,0,18,0,1,1,10,3,0,1,1,6,1,22,5,-1,-1,-1,-1,1,-1
20154100C0713,1,9,0,9,0,6,0,0,0,0,3,1,6,1,30,6,1390,1,4,-1,1,-1
20154100C0713,2,5,0,18,0,8,0,0,0,0,1,1,6,1,26,6,999,1,5,-1,1,-1
20154100C0715,1,9,0,5,0,0,0,0,0,0,1,1,6,1,52,8,2099,1,12,-1,3,-1
20154100C0719,1,98,0,18,0,0,0,0,0,0,0,1,6,3,-1,-1,-1,-1,-1,-1,-1,-1
20154100C0719,2,9,0,18,0,0,0,0,1,0,1,1,6,2,29,6,1598,2,4,-1,1,-1
20154100C0725,1,9,0,1,0,0,0,4,0,0,2,1,6,3,65,9,1596,1,14,-1,1,-1
20154100C0725,2,9,0,2,0,0,0,0,0,0,1,1,6,2,31,6,1598,1,10,-1,1,-1
20154100C0730,1,9,0,18,0,0,0,0,0,0,1,1,6,1,-1,-1,-1,-1,-1,-1,-1,-1
20154100C0730,2,9,0,18,0,0,0,0,0,0,2,1,1,1,52,8,1910,2,5,-1,1,-1
20154100C0731,1,9,0,9,0,8,0,0,0,0,1,1,2,2,44,7,1332,1,9,-1,1,-1
20154100C0731,2,9,0,18,0,8,0,0,0,0,1,1,6,2,24,5,1199,1,11,-1,1,-1
20154100C0733,1,9,0,3,0,2,0,0,0,0,3,1,6,2,66,10,899,1,2,-1,1,-1
20154100C0733,2,9,0,18,0,1,0,0,0,0,1,1,6,1,20,4,-1,-1,-1,-1,1,-1
20154100C0739,1,9,0,5,0,6,0,0,0,0,1,1,6,2,27,6,1560,2,1,-1,1,-1
20154100C0739,2,3,0,18,0,8,0,0,0,0,1,1,1,1,34,6,124,1,2,-1,1,-1
20154100C0741,1,3,0,18,0,2,0,0,0,0,1,1,6,1,27,6,124,1,1,-1,1,-1
20154100C0741,2,9,0,5,0,1,0,0,0,0,4,1,6,1,18,4,1598,1,9,-1,1,-1
20154100C0742,1,9,0,13,0,0,0,7,7,2,1,1,6,1,33,6,-1,-1,-1,-1,1,-1
20154100C0743,1,19,0,4,0,2,0,0,0,0,1,1,6,1,47,8,1248,2,2,-1,1,-1
20154100C0743,2,9,0,4,0,2,0,0,0,0,2,1,6,2,69,10,1799,1,8,-1,1,-1
20154100C0743,3,9,0,4,0,2,0,0,0,0,2,1,6,1,49,8,3222,2,11,-1,1,-1
20154100C0744,1,9,0,4,0,8,0,0,0,0,1,1,6,2,37,7,1968,2,4,-1,1,-1
20154100C0744,2,9,0,5,0,6,0,0,0,0,1,1,6,1,85,11,1390,1,5,-1,1,-1
20154100C0746,1,9,0,3,0,1,0,0,0,0,2,1,6,2,43,7,-1,-1,-1,-1,1,-1
20154100C0746,2,9,0,3,0,1,0,0,0,0,2,1,6,2,20,4,973,1,13,-1,1,-1
20154100C0746,3,20,0,18,0,1,0,0,0,0,1,1,1,1,43,7,2143,2,3,-1,2,-1
20154100C0749,1,9,0,16,0,8,0,0,0,0,3,1,6,1,19,4,1242,1,17,-1,-1,-1
20154100C0749,2,9,0,18,0,8,0,0,0,0,1,1,6,2,71,10,1339,1,12,-1,1,-1
20154100C0751,1,9,0,18,0,0,0,0,0,0,1,1,1,1,45,7,-1,-1,-1,-1,1,-1
20154100C0751,2,9,0,4,0,0,0,0,0,0,2,1,6,1,78,11,998,1,-1,-1,1,-1
20154100C0752,1,19,0,18,0,0,0,0,0,0,0,1,1,1,30,6,1995,2,5,-1,1,-1
20154100C0758,1,9,0,18,0,0,0,0,0,0,1,1,6,1,48,8,1753,2,6,-1,1,-1
20154100C0758,2,9,0,18,0,0,0,0,0,0,1,1,6,2,23,5,2179,2,1,-1,1,-1
20154100C0760,1,9,0,3,0,1,0,0,0,0,2,1,6,1,18,4,1368,1,5,-1,1,-1
20154100C0760,2,19,0,4,0,1,0,0,0,0,1,1,6,1,30,6,2143,2,2,-1,2,-1
20154100C0760,3,9,0,18,0,8,0,0,0,0,4,1,6,1,18,4,1199,1,11,-1,1,-1
20154100C0765,1,9,0,5,0,3,0,0,2,10,3,1,2,2,58,9,1498,1,6,-1,1,-1
20154100C0765,2,21,1,5,0,3,0,0,0,0,4,1,1,1,47,8,12900,2,8,-1,2,-1
20154100C0774,1,9,0,4,0,0,0,0,0,0,1,1,6,1,30,6,1498,1,5,-1,-1,-1
20154100C0774,2,9,0,3,0,0,0,0,0,0,2,1,1,1,52,8,2967,1,9,-1,1,-1
20154100C0776,1,9,0,9,0,6,0,0,0,0,1,1,6,1,32,6,2204,2,9,-1,1,-1
20154100C0776,2,9,0,18,0,8,0,0,0,0,4,1,6,1,32,6,1246,1,8,-1,1,-1
20154100C0779,1,9,0,9,0,6,0,0,0,0,3,1,1,2,58,9,1248,1,4,-1,-1,-1
20154100C0779,2,9,0,18,0,8,0,0,0,0,4,1,2,1,56,9,-1,-1,-1,-1,1,-1
20154100C0780,1,19,0,1,0,0,0,0,0,0,2,1,6,1,40,7,2198,2,2,-1,-1,-1
20154100C0780,2,9,0,2,0,0,0,0,0,0,1,1,6,2,39,7,-1,-1,-1,-1,1,-1
20154100C0784,1,9,0,3,0,0,0,0,0,0,4,1,6,1,38,7,1781,1,19,-1,1,-1
20154100C0784,2,1,0,15,0,0,1,8,0,0,1,1,6,1,35,6,-1,-1,-1,-1,1,-1
20154100C0784,3,9,0,2,0,0,0,0,0,0,3,1,6,3,-1,-1,-1,-1,-1,-1,-1,-1
20154100C0786,1,4,0,17,0,8,0,4,1,0,4,1,6,1,17,4,125,1,3,-1,1,-1
20154100C0786,2,9,0,2,0,2,0,0,0,0,2,1,6,3,-1,-1,998,1,8,-1,1,-1
20154100C0790,1,9,0,18,0,3,0,0,0,0,1,1,6,2,44,7,-1,-1,-1,-1,1,-1
20154100C0790,2,19,0,4,0,3,0,0,0,0,2,1,2,1,27,6,2198,2,4,-1,1,-1
20154100C0790,3,8,0,4,0,3,0,0,0,0,2,1,1,1,41,7,2143,2,2,-1,1,-1
20154100C0790,4,9,0,4,0,3,0,0,0,0,2,1,6,1,35,6,-1,-1,-1,-1,-1,-1
20154100C0791,1,9,0,18,0,1,0,0,0,0,1,1,6,1,26,6,1360,1,12,-1,1,-1
20154100C0791,2,5,0,3,0,1,0,0,0,0,2,1,6,1,39,7,803,1,1,-1,1,-1
20154100C0793,1,9,0,18,0,1,0,0,0,0,1,1,6,2,45,7,-1,-1,-1,-1,-1,-1
20154100C0793,2,9,0,4,0,1,0,0,0,0,2,1,6,1,22,5,1390,1,9,-1,1,-1