Accident_Index,Vehicle_Reference,Vehicle_Type,Towing_and_Articulation,Vehicle_Manoeuvre,Vehicle_Location-Restricted_Lane,Junction_Location,Skidding_and_Overturning,Hit_Object_in_Carriageway,Vehicle_Leaving_Carriageway,Hit_Object_off_Carriageway,1st_Point_of_Impact,Was_Vehicle_Left_Hand_Drive?,Journey_Purpose_of_Driver,Sex_of_Driver,Age_of_Driver,Age_Band_of_Driver,Engine_Capacity_(CC),Propulsion_Code,Age_of_Vehicle,Driver_IMD_Decile,Driver_Home_Area_Type,Vehicle_IMD_Decile
20154100C0796,1,9,0,5,0,1,0,0,0,0,1,1,2,1,37,7,2387,2,8,-1,1,-1
20154100C0796,2,9,0,3,0,1,0,0,0,0,2,1,6,1,50,8,1910,2,6,-1,1,-1
20154100C0801,1,9,0,18,0,8,0,0,0,0,1,1,6,2,56,9,1870,2,11,-1,1,-1
20154100C0801,2,9,0,4,0,8,0,0,0,0,2,1,6,1,45,7,-1,-1,-1,-1,1,-1
20154100C0803,1,9,0,4,0,8,0,0,0,0,1,1,6,1,39,7,1796,1,11,-1,1,-1
20154100C0803,2,9,0,8,0,6,0,0,0,0,4,1,2,1,40,7,1242,1,18,-1,1,-1
20154100C0804,1,9,0,18,0,0,0,0,5,6,3,1,6,1,32,6,1896,2,9,-1,1,-1
20154100C0806,1,19,0,7,0,6,0,0,0,0,1,1,6,1,40,7,-1,-1,-1,-1,-1,-1
20154100C0806,2,1,0,18,0,8,0,0,0,0,4,1,2,1,42,7,-1,-1,-1,-1,1,-1
20154100C0810,1,9,0,18,0,1,0,0,3,10,1,1,6,1,35,6,2171,1,11,-1,1,-1
20154100C0810,2,9,0,3,0,1,0,0,0,0,3,1,1,1,26,6,1910,2,7,-1,1,-1
20154100C0813,1,9,0,18,0,0,0,0,0,0,1,1,1,1,56,9,-1,-1,-1,-1,1,-1
20154100C0814,1,9,0,5,0,0,0,0,0,0,1,1,3,2,51,8,2148,2,9,-1,1,-1
20154100C0816,1,9,0,17,0,0,0,0,0,6,1,1,6,1,49,8,1761,1,15,-1,1,-1
20154100C0818,1,9,0,9,0,2,0,0,0,0,1,1,6,1,34,6,998,1,14,-1,1,-1
20154100C0819,1,9,0,17,0,0,1,0,0,0,1,1,6,2,22,5,1242,1,13,-1,-1,-1
20154100C0819,2,19,0,4,0,0,0,0,0,0,2,1,6,1,28,6,1598,2,-1,-1,1,-1
20154100C0819,3,9,0,4,0,0,0,0,0,0,2,1,6,1,38,7,2148,2,11,-1,1,-1
20154100C0822,1,9,0,9,0,5,0,0,0,0,1,1,6,2,21,5,-1,-1,-1,-1,1,-1
20154100C0822,2,9,0,18,0,8,0,0,0,0,1,1,6,1,28,6,1997,1,12,-1,1,-1
20154100C0822,3,9,0,10,0,1,0,0,0,0,1,1,6,2,40,7,2993,2,1,-1,1,-1
20154100C0824,1,9,0,18,0,1,0,0,0,0,1,1,6,2,26,6,2143,2,5,-1,1,-1
20154100C0824,2,9,0,3,0,1,0,0,0,0,2,1,6,2,32,6,1368,1,8,-1,1,-1
20154100C0828,1,9,0,16,0,1,1,10,7,3,1,1,6,1,20,4,1679,1,14,-1,-1,-1
20154100C0829,1,19,0,4,0,0,0,0,0,0,1,1,1,1,42,7,2198,2,6,-1,1,-1
20154100C0829,2,9,0,4,0,0,0,0,0,0,2,1,1,2,23,5,1388,1,6,-1,1,-1
20154100C0829,3,9,0,18,0,0,0,0,0,0,1,1,1,2,48,8,1296,1,9,-1,1,-1
20154100C0829,4,19,0,12,0,0,0,0,0,0,2,1,1,1,47,8,2402,2,6,-1,1,-1
20154100C0829,5,9,0,4,0,0,0,0,0,0,2,1,1,1,26,6,1248,2,-1,-1,1,-1
20154100C0838,1,9,0,18,0,0,0,0,0,0,1,1,6,2,25,5,1995,2,1,-1,1,-1
20154100C0843,1,9,0,18,0,1,0,0,0,0,1,1,6,1,-1,-1,1995,2,3,-1,-1,-1
20154100C0843,2,9,0,3,0,1,0,0,0,0,2,1,6,2,41,7,1598,1,9,-1,1,-1
20154100C0843,3,9,0,3,0,1,0,0,0,0,2,1,6,1,-1,-1,1997,2,8,-1,-1,-1
20154100C0846,1,5,0,13,0,1,0,7,7,10,1,1,6,1,39,7,989,1,6,-1,1,-1
20154100C0846,2,9,0,18,0,1,0,0,0,0,0,1,6,2,35,6,1461,2,-1,-1,1,-1
20154100C0855,1,19,0,7,0,5,0,0,0,0,4,1,6,1,80,11,2494,2,14,-1,1,-1
20154100C0855,2,1,0,18,0,8,0,0,0,0,3,1,6,1,40,7,-1,-1,-1,-1,1,-1
20154100C0856,1,9,0,4,0,1,0,0,0,0,2,1,6,2,63,9,1360,1,12,-1,1,-1
20154100C0856,2,9,0,5,0,1,0,0,0,0,1,1,6,1,30,6,1686,2,4,-1,1,-1
20154100C0856,3,9,0,5,0,1,0,0,0,0,1,1,6,1,21,5,1198,1,10,-1,1,-1
20154100C0862,1,9,0,18,0,4,0,0,0,0,1,1,6,1,45,7,3311,8,9,-1,1,-1
20154100C0862,2,1,0,18,0,8,0,0,0,0,1,1,6,1,45,7,-1,-1,-1,-1,1,-1
20154100C0864,1,9,0,11,0,0,1,0,0,0,1,1,6,2,37,7,1995,1,12,-1,1,-1
20154100C0864,2,9,0,12,0,0,0,0,0,0,0,1,6,1,26,6,1910,2,10,-1,1,-1
20154100C0864,3,98,1,18,0,0,0,0,0,0,3,1,1,1,40,7,11967,2,3,-1,1,-1
20154100C0865,1,4,0,18,0,8,0,0,0,0,3,1,6,1,39,7,-1,-1,-1,-1,1,-1
20154100C0865,2,9,0,7,0,5,0,0,0,0,4,1,6,1,34,6,2496,1,10,-1,2,-1
20154100C0873,1,9,0,12,0,0,0,0,0,0,0,1,6,3,-1,-1,-1,-1,-1,-1,-1,-1
20154100C0873,2,9,0,4,0,0,0,0,0,0,2,1,6,1,32,6,998,1,15,-1,1,-1
20154100C0873,3,9,0,18,0,0,0,0,0,0,1,1,6,2,25,5,1968,2,5,-1,1,-1
20154100C0873,4,9,0,4,0,0,0,0,0,0,2,1,6,1,28,6,-1,-1,-1,-1,1,-1
20154100C0873,5,9,0,18,0,0,0,0,0,0,1,1,6,2,41,7,1598,1,11,-1,1,-1
20154100C0874,1,8,0,18,0,1,0,0,0,0,3,1,6,1,41,7,1910,2,6,-1,1,-1
20154100C0876,1,9,0,5,0,1,0,0,0,0,1,1,6,2,45,7,1796,1,7,-1,3,-1
20154100C0876,2,9,0,5,0,1,0,0,0,0,2,1,6,1,35,6,1598,1,9,-1,1,-1
20154100C0877,1,5,0,18,0,0,0,11,0,0,1,1,6,1,49,8,1165,1,12,-1,1,-1
20154100C0879,1,9,0,1,0,0,0,0,0,0,2,1,6,3,-1,-1,-1,-1,-1,-1,-1,-1
20154100C0882,1,9,0,18,0,0,0,0,0,0,1,1,6,1,76,11,2400,2,7,-1,1,-1
20154100C0882,2,9,0,18,0,0,0,0,0,0,2,1,6,1,36,7,-1,-1,-1,-1,3,-1
20154100C0884,1,9,0,8,0,1,0,0,0,0,1,1,6,1,40,7,2997,1,8,-1,1,-1
20154100C0884,2,9,0,8,0,1,0,0,0,0,2,1,6,2,40,7,1240,1,10,-1,1,-1
20154100C0885,1,9,0,13,0,0,1,10,0,0,4,1,6,3,37,7,1753,2,12,-1,-1,-1
20154100C0885,2,9,0,18,0,0,1,0,0,0,3,1,6,2,31,6,1995,2,6,-1,1,-1
20154100C0886,1,9,0,9,0,5,0,0,0,0,4,1,6,1,20,4,1596,1,7,-1,1,-1
20154100C0886,2,3,0,18,0,8,0,0,0,0,1,1,1,1,36,7,125,1,9,-1,1,-1
20154100C0888,1,9,0,12,0,0,0,0,0,0,3,1,1,1,29,6,1910,2,6,-1,1,-1
20154100C0888,2,3,0,13,0,0,0,0,0,0,2,1,2,1,28,6,125,1,4,-1,1,-1
20154100C0888,3,9,0,3,0,0,0,0,0,0,4,1,6,2,41,7,1968,2,7,-1,1,-1
20154100C0892,1,9,0,18,0,4,0,0,0,0,3,1,6,1,80,11,1598,1,12,-1,1,-1
20154100C0892,2,1,0,18,0,8,0,0,0,0,1,1,6,2,55,8,-1,-1,-1,-1,1,-1
20154100C0898,1,9,0,6,0,5,0,4,0,0,1,1,6,2,86,11,1587,1,13,-1,1,-1
20154100C0898,2,9,0,2,0,2,0,0,0,0,2,1,6,3,-1,-1,1242,1,10,-1,1,-1
20154100C0900,1,9,0,13,0,1,0,0,0,0,4,1,6,3,-1,-1,-1,-1,-1,-1,-1,-1
20154100C0900,2,9,0,18,0,1,0,0,1,0,3,1,6,1,59,9,2362,1,11,-1,1,-1
20154100C0903,1,9,0,4,0,0,0,0,0,0,1,1,2,1,30,6,2000,2,10,-1,1,-1
20154100C0903,2,9,0,3,0,0,0,0,0,0,2,1,2,2,25,5,2143,2,-1,-1,1,-1
20154100C0903,3,9,0,3,0,0,0,0,0,0,2,1,2,2,41,7,2198,1,7,-1,1,-1
20154100C0903,4,9,0,3,0,0,0,0,0,0,2,1,2,2,35,6,1598,2,3,-1,1,-1
20154100C0903,5,9,0,3,0,0,0,0,0,0,2,1,2,1,32,6,1560,2,10,-1,1,-1
20154100C0905,1,9,0,3,0,1,0,0,0,0,2,1,2,1,25,5,1995,2,8,-1,1,-1
20154100C0905,2,98,0,4,0,1,0,0,0,0,1,1,1,1,39,7,9200,2,5,-1,3,-1
20154100C0906,1,9,0,12,0,0,1,0,2,7,3,1,6,1,28,6,1398,1,2,-1,1,-1
20154100C0906,2,9,0,18,0,0,1,0,0,0,4,1,6,1,48,8,1560,2,2,-1,1,-1
20154100C0907,1,9,0,9,0,6,0,0,0,0,3,1,6,3,-1,-1,973,1,12,-1,1,-1
20154100C0907,2,3,0,18,0,8,0,0,0,0,1,1,6,1,21,5,649,1,3,-1,1,-1
20154100C0912,1,9,0,9,0,6,0,0,3,10,1,1,1,1,21,5,-1,-1,-1,-1,1,-1
20154100C0912,2,9,0,18,0,8,0,0,7,10,1,1,1,1,19,4,998,1,8,-1,1,-1
20154100C0913,1,1,0,18,9,2,0,0,0,0,3,1,6,1,15,3,-1,-1,-1,-1,1,-1
20154100C0914,1,9,0,9,0,6,0,0,0,0,3,1,6,2,30,6,1560,2,10,-1,1,-1
20154100C0914,2,2,0,18,0,8,1,0,0,0,1,1,2,1,56,9,124,1,1,-1,1,-1
20154100C0915,1,9,0,18,0,0,0,0,0,0,1,1,1,1,24,5,-1,-1,-1,-1,1,-1
20154100C0915,2,9,0,3,0,0,0,0,0,0,2,1,1,1,53,8,1560,2,1,-1,1,-1
20154100C0915,3,9,0,18,0,0,0,0,0,0,1,1,1,1,36,7,1896,2,10,-1,1,-1
20154100C0915,4,9,0,3,0,0,0,0,0,0,2,1,1,1,46,8,2143,2,3,-1,2,-1
20154100C0915,5,9,0,3,0,0,0,0,0,0,2,1,1,1,61,9,3436,1,3,-1,3,-1
20154100C0917,1,9,0,9,0,5,0,0,0,0,3,1,6,1,46,8,1995,2,14,-1,1,-1
20154100C0917,2,5,0,13,0,8,0,0,0,0,4,1,6,1,24,5,649,1,1,-1,1,-1
20154100C0931,1,9,0,18,0,8,0,0,0,0,4,1,3,2,28,6,1598,1,9,-1,1,-1
20154100C0931,2,9,0,5,0,4,0,0,0,0,1,1,2,1,20,4,998,1,11,-1,1,-1
20154100C0937,1,9,0,18,0,2,0,0,0,0,1,1,2,2,58,9,1329,1,1,-1,1,-1
20154100C0948,1,9,0,18,0,1,0,0,1,4,1,1,6,2,73,10,1598,1,8,-1,1,-1
20154100C0950,1,9,0,11,0,0,0,0,1,7,1,1,6,1,41,7,1586,1,-1,-1,1,-1
20154100C0954,1,9,0,10,0,1,0,0,0,0,2,1,6,2,43,7,1390,1,5,-1,1,-1
20154100C0954,2,9,0,18,0,1,0,0,0,0,1,1,6,1,41,7,1798,1,6,-1,1,-1
20154100C0957,1,9,0,9,5,6,0,0,0,0,1,1,6,1,30,6,-1,-1,-1,-1,-1,-1
20154100C0957,2,1,0,18,9,8,0,0,0,0,4,1,3,1,16,4,-1,-1,-1,-1,1,-1
20154100C0980,1,9,0,18,0,4,0,0,0,0,1,1,6,3,-1,-1,-1,-1,-1,-1,-1,-1
20154100C0980,2,9,0,9,0,8,0,0,0,0,4,1,6,2,19,4,998,1,3,-1,1,-1
20154100C0983,1,9,0,9,0,6,0,0,0,0,1,1,1,1,54,8,2685,2,11,-1,1,-1
20154100C0983,2,9,0,18,0,8,0,0,0,0,4,1,6,2,42,7,1896,2,12,-1,1,-1
20154100C0986,1,8,0,18,0,0,0,0,0,0,1,1,1,1,62,9,1956,2,4,-1,1,-1
20154100C0987,1,9,0,18,0,1,0,0,0,0,1,1,2,1,-1,-1,1600,1,16,-1,-1,-1
20154100C0987,2,9,0,4,0,1,0,0,0,0,2,1,2,2,25,5,1242,1,2,-1,1,-1
20154100C0988,1,8,0,3,0,1,0,0,0,0,0,1,1,1,-1,-1,-1,-1,-1,-1,-1,-1
20154100C0992,1,9,0,18,0,1,0,0,0,0,3,1,6,3,35,6,-1,-1,-1,-1,-1,-1
20154100C0993,1,9,0,18,0,2,0,0,0,0,3,1,6,1,30,6,-1,-1,-1,-1,-1,-1
20154100C0994,1,9,0,5,0,8,0,0,0,7,4,1,2,2,41,7,1299,1,12,-1,1,-1
20154100C0994,2,19,0,18,0,8,0,0,0,0,1,1,2,1,32,6,2402,2,4,-1,1,-1
20154100C0997,1,9,0,5,0,6,0,0,0,0,1,1,6,1,30,6,-1,-1,-1,-1,-1,-1
20154100C0997,2,1,0,18,0,8,0,0,0,0,4,1,2,1,42,7,-1,-1,-1,-1,1,-1
20154100C1000,1,1,0,18,0,8,0,0,0,0,4,1,2,2,34,6,-1,-1,-1,-1,1,-1
20154100C1000,2,9,0,9,0,6,0,0,0,0,1,1,6,2,53,8,1299,1,8,-1,1,-1
20154100C1003,1,1,0,18,0,8,0,0,0,0,1,1,6,1,20,4,-1,-1,-1,-1,1,-1
20154100C1003,2,9,0,7,0,8,0,0,0,0,4,1,6,1,46,8,1995,2,-1,-1,-1,-1
20154100C1008,1,9,0,5,0,0,0,0,0,0,4,1,6,1,57,9,1951,2,9,-1,1,-1
20154100C1008,2,19,0,2,0,0,0,0,0,0,1,1,6,1,54,8,2402,2,15,-1,1,-1
20154100C1008,3,1,0,5,0,0,0,4,0,0,1,1,6,1,7,2,-1,-1,-1,-1,1,-1
20154100C1010,1,4,0,9,0,5,1,4,0,0,1,1,6,1,42,7,487,1,11,-1,1,-1
20154100C1010,2,9,0,2,0,2,0,0,0,0,2,1,6,3,40,7,-1,-1,-1,-1,-1,-1
20154100C1015,1,9,0,18,9,0,0,10,1,0,1,1,6,1,19,4,1368,1,8,-1,3,-1
20154100C1018,1,9,0,18,0,1,0,0,0,0,3,1,6,2,21,5,998,1,16,-1,1,-1
20154100C1018,2,9,0,12,0,1,0,0,0,0,4,1,6,1,40,7,1596,1,3,-1,1,-1
20154100C1021,1,9,0,18,0,0,0,0,0,0,1,1,1,1,34,6,1461,2,9,-1,1,-1
20154100C1021,2,9,0,18,0,0,0,0,0,0,1,1,6,1,30,6,1598,2,-1,-1,1,-1
20154100C1034,1,9,0,9,0,5,0,0,0,0,4,1,6,1,30,6,1600,1,11,-1,3,-1
20154100C1034,2,1,0,18,0,8,0,0,0,0,1,1,2,1,46,8,-1,-1,-1,-1,1,-1
20154100C1040,1,9,0,18,0,5,0,4,0,0,1,1,2,1,21,5,1197,1,4,-1,1,-1
20154100C1040,2,9,0,2,0,2,0,0,0,0,3,1,6,1,58,9,1598,1,2,-1,1,-1
20154100C1042,1,9,0,4,0,2,0,0,0,0,2,1,6,1,35,6,-1,-1,-1,-1,1,-1
20154100C1042,2,9,0,18,0,2,0,0,0,0,1,1,6,1,32,6,1598,2,-1,-1,1,-1
20154100C1043,1,8,0,18,0,3,0,0,0,0,1,1,1,1,56,9,1796,7,1,-1,1,-1
20154100C1043,2,20,0,18,0,3,0,0,0,0,4,1,1,1,25,5,-1,-1,-1,-1,-1,-1
20154100C1046,1,11,0,18,0,0,0,0,0,0,3,1,1,2,44,7,9200,2,9,-1,1,-1
20154100C1046,2,9,0,18,0,0,0,0,0,0,4,1,6,1,37,7,2000,2,9,-1,3,-1
20154100C1050,1,9,0,5,0,6,0,0,0,0,3,1,6,1,82,11,-1,-1,-1,-1,1,-1
20154100C1050,2,1,0,18,0,8,0,0,0,0,1,1,6,1,16,4,-1,-1,-1,-1,1,-1
20154100C1057,1,9,0,18,0,8,0,0,0,0,1,1,6,1,30,6,1968,2,6,-1,1,-1
20154100C1057,2,1,0,18,0,8,0,0,0,0,1,1,6,2,11,3,-1,-1,-1,-1,1,-1
20154100C1058,1,1,0,14,0,0,0,0,0,0,1,1,2,2,21,5,-1,-1,-1,-1,1,-1
20154100C1058,2,19,0,2,0,0,0,0,0,0,0,1,1,1,57,9,-1,-1,-1,-1,-1,-1
20154100C1062,1,9,0,18,0,8,0,0,1,7,1,1,2,1,20,4,1461,2,3,-1,1,-1
20154100C1062,2,9,0,9,0,5,0,0,0,0,4,1,6,1,88,11,1598,1,10,-1,1,-1
20154100C1064,1,9,0,11,0,0,0,0,0,0,1,1,6,1,45,7,2993,2,7,-1,2,-1
20154100C1064,2,9,0,3,0,0,0,0,0,0,2,1,6,1,53,8,1796,1,12,-1,1,-1
20154100C1064,3,9,0,3,0,0,0,0,0,0,0,1,6,1,50,8,1497,8,6,-1,1,-1
20154100C1068,1,8,0,5,0,1,0,0,0,0,1,1,1,1,42,7,1598,2,1,-1,1,-1
20154100C1069,1,19,0,18,0,0,0,0,1,0,1,1,1,1,43,7,1686,2,6,-1,1,-1
20154100C1069,2,19,0,4,0,0,0,0,1,6,2,1,1,1,33,6,2286,2,9,-1,1,-1
20154100C1070,1,9,0,5,0,4,0,0,0,0,1,1,1,1,20,4,1999,2,-1,-1,2,-1
20154100C1070,2,3,0,18,0,8,1,0,0,0,4,1,1,2,28,6,-1,-1,-1,-1,1,-1
20154100C1071,1,9,0,18,0,8,0,0,0,0,4,1,6,1,25,5,1598,1,4,-1,3,-1
20154100C1071,2,9,0,7,0,6,0,0,1,7,1,1,6,2,25,5,1198,1,5,-1,1,-1
20154100C1075,1,9,0,18,0,1,0,0,0,0,1,1,1,1,42,7,1991,2,6,-1,1,-1
20154100C1075,2,9,0,4,0,1,0,0,0,0,2,1,6,1,76,11,1997,2,1,-1,1,-1
20154100C1075,3,9,0,4,0,1,0,0,0,0,2,1,1,1,33,6,1598,1,-1,-1,1,-1
20154100C1079,1,8,0,18,0,0,0,0,2,7,1,1,2,1,34,6,1997,2,4,-1,1,-1
20154100C1080,1,9,0,18,0,0,1,0,1,11,1,1,6,2,35,6,1753,2,11,-1,2,-1
20154100C1080,2,9,0,2,9,0,0,0,0,0,1,1,6,3,-1,-1,1390,1,8,-1,1,-1
20154100C1081,1,9,0,18,0,0,0,0,0,0,1,1,6,2,54,8,1389,1,15,-1,1,-1
20154100C1081,2,19,0,18,0,0,0,0,0,0,2,1,1,1,26,6,2198,2,-1,-1,1,-1
20154100C1083,1,9,0,9,0,6,0,0,0,0,3,1,6,2,55,8,-1,-1,-1,-1,1,-1
20154100C1083,2,9,0,18,0,8,0,0,0,0,1,1,6,1,53,8,1560,2,5,-1,1,-1
20154100C1084,1,9,0,9,0,5,0,0,0,0,1,1,6,1,19,4,1229,1,8,-1,1,-1
20154100C1084,2,5,0,18,0,8,0,0,0,0,3,1,6,1,43,7,-1,-1,-1,-1,1,-1
20154100C1088,1,9,0,9,0,6,0,0,0,0,1,1,6,2,20,4,1197,1,4,-1,1,-1
20154100C1088,2,9,0,9,0,5,0,0,0,0,1,1,6,2,55,8,1597,1,6,-1,1,-1
20154100C1093,1,9,0,9,0,5,0,0,0,0,1,1,2,1,51,8,2400,2,7,-1,1,-1
20154100C1093,2,3,0,18,0,8,0,0,0,0,3,1,2,1,24,5,124,1,1,-1,1,-1
20154100C1094,1,19,0,18,0,4,1,0,3,4,1,1,1,1,27,6,2198,2,9,-1,2,-1
20154100C1094,2,9,0,18,0,4,0,0,0,0,0,1,6,3,-1,-1,-1,-1,-1,-1,-1,-1
20154100C1095,1,9,0,7,0,6,0,0,0,0,1,1,1,1,22,5,-1,-1,-1,-1,1,-1
20154100C1095,2,1,0,18,0,1,0,0,0,0,4,1,6,2,42,7,-1,-1,-1,-1,1,-1
20154100C1096,1,19,0,7,0,5,0,0,0,0,4,1,1,1,29,6,2198,2,5,-1,1,-1
20154100C1097,1,19,0,18,0,8,0,0,0,0,4,1,6,1,45,7,2402,2,12,-1,1,-1
20154100C1097,2,9,0,18,0,6,0,0,0,0,1,1,6,2,26,6,1591,1,7,-1,1,-1
20154100C1099,1,9,0,7,0,6,0,0,0,0,0,1,6,2,28,6,1995,2,5,-1,1,-1
20154100C1099,2,3,0,18,0,1,1,0,0,0,0,1,6,1,42,7,125,1,2,-1,1,-1
20154100C1101,1,1,0,18,0,8,0,0,1,0,3,1,2,1,28,6,-1,-1,-1,-1,1,-1
20154100C1101,2,9,0,7,0,6,0,0,0,0,1,1,6,3,-1,-1,-1,-1,-1,-1,-1,-1
20154100C1102,1,9,0,18,0,4,1,6,0,0,3,1,6,1,21,5,1796,1,14,-1,1,-1
20154100C1102,2,9,0,18,0,4,0,0,0,0,0,1,1,1,30,6,2319,2,3,-1,-1,-1
20154100C1102,3,9,0,18,0,8,0,0,0,0,1,1,6,1,69,10,1197,1,4,-1,1,-1
20154100C1102,4,9,0,2,0,1,0,0,0,0,0,1,1,1,30,6,2400,2,4,-1,-1,-1
20154100C1103,1,9,0,13,0,0,0,0,6,1,1,1,1,1,52,8,4196,1,6,-1,1,-1
20154100C1103,2,9,0,18,0,0,0,0,0,0,2,1,6,2,62,9,998,1,1,-1,1,-1
20154100C1103,3,9,0,18,0,0,0,0,6,0,1,1,6,2,56,9,1498,1,4,-1,1,-1
20154100C1103,4,9,0,18,0,0,0,0,6,0,1,1,6,1,41,7,1598,2,-1,-1,1,-1
20154100C1103,5,9,0,18,0,0,0,0,0,0,1,1,6,1,41,7,1598,2,1,-1,2,-1
20154100C1105,1,9,0,7,0,6,0,0,0,0,1,1,6,1,20,4,996,1,4,-1,1,-1
20154100C1105,2,19,0,18,0,8,0,0,0,0,4,1,2,1,43,7,1598,2,4,-1,1,-1
20154100C1123,1,9,0,18,0,8,0,0,1,1,4,1,6,1,55,8,-1,-1,-1,-1,1,-1
20154100C1124,1,9,0,7,0,6,0,0,0,0,1,1,2,1,52,8,1590,1,14,-1,1,-1
20154100C1126,1,9,0,9,0,6,0,0,0,0,3,1,1,2,45,7,-1,-1,-1,-1,1,-1
20154100C1126,2,5,0,18,0,8,1,0,0,0,2,1,6,1,49,8,-1,-1,-1,-1,1,-1
20154100C1126,3,9,0,18,0,1,0,0,0,0,1,1,6,2,54,8,-1,-1,-1,-1,1,-1
20154100C1128,1,9,0,5,0,1,0,0,0,0,4,1,6,1,93,11,1229,1,10,-1,1,-1
20154100C1130,1,9,0,18,0,1,0,0,0,0,1,1,2,1,19,4,1596,1,13,-1,1,-1
20154100C1130,2,19,0,4,0,1,0,0,0,0,2,1,6,1,45,7,1998,2,11,-1,1,-1
20154100C1130,3,9,0,10,0,1,0,0,0,0,0,1,6,2,42,7,1364,1,5,-1,1,-1
20154100C1131,1,9,0,18,0,8,0,0,0,0,1,1,6,1,23,5,1197,1,4,-1,1,-1
20154100C1131,2,11,0,3,0,8,0,0,0,0,2,1,1,1,32,6,-1,2,18,-1,1,-1
20154100C1132,1,9,0,14,0,0,0,0,0,0,3,1,6,2,35,6,-1,-1,-1,-1,1,-1
20154100C1132,2,9,0,18,0,0,0,0,0,0,3,1,1,1,54,8,1956,2,1,-1,1,-1
20154100C1132,3,9,0,2,0,0,0,0,0,0,0,1,6,3,-1,-1,-1,-1,-1,-1,-1,-1
20154100C1136,1,9,0,4,0,0,0,0,0,0,1,1,6,2,21,5,1598,1,14,-1,1,-1
20154100C1136,2,9,0,3,0,0,0,0,0,0,2,1,6,1,61,9,1398,2,2,-1,3,-1
20154100C1137,1,9,0,7,0,5,0,0,0,0,1,1,6,1,53,8,2184,2,9,-1,1,-1
20154100C1141,1,9,0,5,0,0,0,0,0,0,3,1,6,2,45,7,1229,1,11,-1,1,-1
20154100C1141,2,9,0,18,0,0,0,0,0,0,3,1,6,1,24,5,1995,2,11,-1,1,-1
20154100C1151,1,9,0,16,0,1,1,0,0,0,1,1,2,1,18,4,-1,-1,-1,-1,1,-1
20154100C1151,2,1,0,17,0,2,0,0,0,0,1,1,2,1,24,5,-1,-1,-1,-1,1,-1
20154100C1156,1,9,0,16,0,0,0,0,0,0,1,1,6,2,25,5,1596,1,8,-1,1,-1
20154100C1156,2,9,0,17,0,0,0,0,0,0,1,1,6,2,41,7,1197,1,5,-1,1,-1
20154100C1157,1,9,0,18,0,0,5,10,8,4,3,1,2,1,25,5,-1,-1,-1,-1,1,-1
20154100C1159,1,9,0,9,0,6,0,0,0,0,1,2,2,1,54,8,2401,2,10,-1,-1,-1
20154100C1159,2,4,0,18,0,8,0,0,7,0,1,1,6,1,21,5,125,1,-1,-1,1,-1
20154100C1159,3,9,0,18,0,1,0,0,0,0,0,1,6,2,41,7,-1,-1,-1,-1,1,-1
20154100C1162,1,9,0,14,0,8,0,0,0,0,1,1,6,2,32,6,1999,2,-1,-1,1,-1
20154100C1162,2,11,0,3,0,8,0,0,0,0,0,1,1,1,59,9,-1,-1,-1,-1,1,-1
20154100C1162,3,11,0,3,0,8,0,0,0,0,0,1,1,1,51,8,-1,-1,-1,-1,2,-1
20154100C1163,1,5,0,18,0,0,1,0,0,0,3,1,6,1,22,5,618,1,9,-1,1,-1
20154100C1164,1,19,0,5,0,1,0,0,0,0,1,1,1,2,46,8,-1,-1,-1,-1,1,-1
20154100C1164,2,9,0,3,0,1,0,0,0,0,2,1,2,2,47,8,-1,-1,-1,-1,1,-1
20154100C1165,1,8,0,4,0,0,0,0,0,0,1,1,2,1,61,9,1796,1,6,-1,1,-1
20154100C1166,1,9,0,9,0,3,0,0,0,0,1,1,6,1,51,8,1896,2,13,-1,1,-1
20154100C1178,1,9,0,7,0,1,0,0,0,0,3,1,6,1,25,5,998,1,2,-1,1,-1
20154100C1178,2,9,0,18,0,8,0,0,0,0,1,1,6,2,39,7,1461,2,1,-1,1,-1
20154100C1184,1,9,0,18,0,8,0,0,0,0,1,1,6,1,40,7,1700,2,16,-1,1,-1
20154100C1184,2,8,0,18,0,8,0,0,0,0,4,1,6,1,45,7,1686,2,2,-1,1,-1
20154100C1187,1,9,0,7,0,5,0,0,0,0,1,1,6,2,24,5,1242,1,-1,-1,1,-1
20154100C1188,1,9,0,9,0,5,0,0,0,0,1,1,6,1,35,6,-1,-1,-1,-1,1,-1
20154100C1188,2,5,0,18,0,8,0,0,0,0,1,1,2,1,32,6,636,1,12,-1,1,-1
20154100C1193,1,9,0,18,0,8,0,0,0,0,1,1,6,2,45,7,2996,1,9,-1,2,-1
20154100C1199,1,5,0,18,0,2,0,0,0,0,0,1,6,1,20,4,600,1,16,-1,1,-1
20154100C1201,1,9,0,5,0,4,0,0,0,0,1,1,6,2,24,5,1360,1,15,-1,1,-1
20154100C1201,2,3,0,9,0,8,0,0,0,0,4,1,6,1,20,4,124,1,4,-1,1,-1
20154100C1208,1,9,0,4,0,0,0,0,0,0,3,1,6,1,51,8,2290,1,5,-1,1,-1
20154100C1208,2,9,0,4,0,0,1,0,0,0,1,1,6,1,18,4,1229,1,3,-1,1,-1
20154100C1216,1,9,0,4,0,6,0,0,0,0,1,1,6,1,47,8,1598,1,11,-1,1,-1
20154100C1216,2,9,0,18,0,8,0,0,0,0,3,1,1,1,33,6,1995,2,9,-1,1,-1
20154100C1217,1,9,0,3,0,1,0,0,0,0,0,1,6,1,22,5,2480,1,6,-1,1,-1
20154100C1217,2,9,0,1,0,1,0,0,0,0,2,1,6,1,35,6,1984,1,7,-1,1,-1
20154100C1219,1,9,0,5,0,6,0,0,0,0,1,1,6,1,40,7,1995,2,-1,-1,1,-1
20154100C1220,1,9,0,5,0,6,0,0,1,0,3,1,6,2,17,4,999,1,11,-1,1,-1