Accident_Index,Vehicle_Reference,Vehicle_Type,Towing_and_Articulation,Vehicle_Manoeuvre,Vehicle_Location-Restricted_Lane,Junction_Location,Skidding_and_Overturning,Hit_Object_in_Carriageway,Vehicle_Leaving_Carriageway,Hit_Object_off_Carriageway,1st_Point_of_Impact,Was_Vehicle_Left_Hand_Drive?,Journey_Purpose_of_Driver,Sex_of_Driver,Age_of_Driver,Age_Band_of_Driver,Engine_Capacity_(CC),Propulsion_Code,Age_of_Vehicle,Driver_IMD_Decile,Driver_Home_Area_Type,Vehicle_IMD_Decile
20154100D0406,2,9,0,18,0,0,0,0,0,0,1,1,6,2,19,4,998,1,12,-1,1,-1
20154100D0407,1,9,0,18,0,8,0,0,7,11,1,1,6,1,20,4,-1,-1,-1,-1,1,-1
20154100D0407,2,9,0,10,0,5,0,0,0,0,2,1,6,2,20,4,998,1,9,-1,1,-1
20154100D0408,1,9,0,9,0,5,0,0,0,0,4,1,6,2,57,9,1600,2,5,-1,1,-1
20154100D0408,2,10,0,18,0,8,0,0,0,0,1,1,1,1,63,9,-1,-1,-1,-1,1,-1
20154100D0409,1,9,0,18,0,8,0,0,0,0,1,1,1,1,57,9,1598,1,7,-1,2,-1
20154100D0409,2,9,0,9,0,5,0,0,0,0,1,1,6,2,37,7,2401,2,11,-1,1,-1
20154100D0410,1,9,0,13,0,1,0,0,0,0,1,1,6,1,39,7,1388,1,12,-1,1,-1
20154100D0410,2,9,0,18,0,2,0,0,0,0,1,1,1,1,82,11,-1,-1,-1,-1,3,-1
20154100D0411,1,3,0,18,0,4,1,9,0,0,1,1,6,1,30,6,750,1,8,-1,1,-1
20154100D0415,1,1,0,18,0,2,0,0,0,0,1,1,6,2,20,4,-1,-1,-1,-1,1,-1
20154100D0415,2,9,0,3,0,2,0,0,0,0,2,1,6,1,67,10,1997,2,11,-1,1,-1
20154100D0416,1,9,0,18,0,8,0,0,0,0,1,1,6,1,24,5,2494,1,18,-1,-1,-1
20154100D0416,2,9,0,9,0,6,0,0,0,0,2,1,6,1,47,8,1749,1,12,-1,1,-1
20154100D0420,1,9,0,18,0,8,1,0,0,0,1,1,6,1,50,8,1796,1,7,-1,1,-1
20154100D0420,2,9,0,18,0,8,0,0,0,0,2,1,6,1,38,7,2616,1,9,-1,1,-1
20154100D0423,1,9,0,18,0,0,0,0,0,0,1,1,6,1,18,4,1149,1,10,-1,1,-1
20154100D0423,2,9,0,2,6,0,0,4,0,0,1,1,6,3,-1,-1,1984,1,6,-1,-1,-1
20154100D0423,3,9,0,2,0,0,0,0,0,0,3,1,6,3,-1,-1,1360,1,12,-1,-1,-1
20154100D0426,1,9,0,18,0,0,0,0,0,0,1,1,6,1,-1,-1,-1,-1,-1,-1,-1,-1
20154100D0427,1,9,0,5,0,0,0,0,0,0,1,1,6,2,70,10,998,1,15,-1,1,-1
20154100D0433,1,9,0,18,0,0,0,0,0,0,1,1,6,2,24,5,1229,1,3,-1,-1,-1
20154100D0433,2,9,0,4,0,0,0,0,0,0,2,1,6,2,25,5,1598,1,14,-1,-1,-1
20154100D0444,1,9,0,18,0,8,0,0,0,0,1,1,6,1,42,7,1598,2,2,-1,1,-1
20154100D0444,2,9,0,9,0,5,0,0,0,0,1,1,6,2,85,11,1360,1,18,-1,1,-1
20154100D0451,1,9,0,9,0,5,0,0,0,0,4,1,1,1,29,6,998,1,2,-1,1,-1
20154100D0451,2,5,0,18,0,8,1,0,0,0,1,1,6,1,23,5,999,1,10,-1,1,-1
20154100D0452,1,9,0,13,0,1,0,0,0,0,1,1,6,1,18,4,-1,-1,-1,-1,-1,-1
20154100D0452,2,9,0,9,0,5,0,0,0,0,3,1,6,1,18,4,1398,2,-1,-1,1,-1
20154100D0453,1,19,0,18,0,0,0,0,0,0,1,1,6,1,29,6,-1,-1,-1,-1,-1,-1
20154100D0453,2,9,0,18,0,0,0,0,0,0,2,1,6,1,32,6,-1,-1,-1,-1,1,-1
20154100D0456,1,19,0,18,0,0,0,0,0,0,1,1,1,1,36,7,-1,-1,-1,-1,1,-1
20154100D0456,2,22,0,18,0,0,5,0,0,0,3,1,6,1,79,11,-1,-1,-1,-1,1,-1
20154100D0457,1,9,0,11,0,0,1,0,0,0,1,1,6,1,33,6,1598,1,24,-1,1,-1
20154100D0457,2,9,0,3,0,0,0,0,0,0,2,1,6,1,35,6,1995,1,6,-1,1,-1
20154100D0457,3,9,0,3,0,0,0,0,0,0,2,1,6,1,24,5,1998,2,7,-1,-1,-1
20154100D0459,1,9,0,16,0,0,1,0,0,0,4,1,6,3,65,9,1753,2,11,-1,-1,-1
20154100D0459,2,9,0,16,0,0,0,0,1,0,3,1,1,1,58,9,1560,2,1,-1,1,-1
20154100D0462,1,9,0,18,0,0,0,0,0,0,1,1,1,1,38,7,1248,2,2,-1,-1,-1
20154100D0462,2,9,0,18,0,0,0,0,0,0,1,1,6,1,57,9,2953,2,12,-1,3,-1
20154100D0465,1,9,0,18,0,6,5,0,0,0,1,1,2,2,44,7,996,1,5,-1,1,-1
20154100D0465,2,90,0,18,0,6,0,0,0,0,2,1,1,1,38,7,12913,2,8,-1,1,-1
20154100D0467,1,19,0,18,0,0,0,0,0,0,1,1,6,1,68,10,-1,-1,-1,-1,1,-1
20154100D0467,2,9,0,18,0,0,0,0,0,0,2,1,6,1,59,9,2198,2,-1,-1,-1,-1
20154100D0475,1,9,0,18,0,2,0,0,0,0,1,1,2,1,28,6,1242,1,5,-1,1,-1
20154100D0475,2,19,0,4,0,2,0,0,0,0,2,1,2,2,25,5,1560,2,2,-1,1,-1
20154100D0478,1,9,0,17,0,1,0,0,0,0,1,1,6,1,19,4,1598,1,-1,-1,1,-1
20154100D0478,2,9,0,16,0,2,0,0,0,0,1,1,6,2,61,9,1598,1,14,-1,1,-1
20154100D0479,1,19,0,18,0,0,0,0,0,0,3,1,6,3,30,6,-1,-1,-1,-1,-1,-1
20154100D0483,1,9,0,7,0,5,1,0,7,1,3,1,6,1,40,7,1598,1,8,-1,1,-1
20154100D0490,1,9,0,18,0,0,0,0,0,0,4,1,2,2,55,8,1598,1,9,-1,1,-1
20154100D0494,1,9,0,9,0,6,0,0,0,0,1,1,2,2,51,8,2922,1,11,-1,1,-1
20154100D0494,2,9,0,18,0,8,0,0,0,0,3,1,3,2,48,8,995,1,7,-1,1,-1
20154100D0496,1,9,0,18,0,2,0,4,0,0,4,1,6,1,81,11,1242,1,1,-1,1,-1
20154100D0496,2,9,0,2,0,2,0,0,7,0,4,1,1,1,32,6,2494,2,12,-1,-1,-1
20154100D0506,1,9,0,9,0,6,0,0,0,0,3,1,2,2,36,7,1499,2,-1,-1,1,-1
20154100D0506,2,9,0,18,0,8,1,0,0,0,1,1,2,2,25,5,1199,1,14,-1,1,-1
20154100D0510,1,19,0,4,0,1,0,0,0,0,1,1,1,1,28,6,1598,2,1,-1,1,-1
20154100D0510,2,9,0,3,0,1,0,0,0,0,2,1,6,2,42,7,1997,2,4,-1,1,-1
20154100D0511,1,9,0,9,0,6,0,0,0,0,1,1,2,1,23,5,999,1,-1,-1,1,-1
20154100D0511,2,1,0,18,0,8,0,0,0,0,4,1,2,1,25,5,-1,-1,-1,-1,2,-1
20154100D0513,1,9,0,18,0,0,0,4,0,0,1,1,6,1,19,4,1149,1,4,-1,1,-1
20154100D0513,2,9,0,2,0,0,0,0,0,0,3,1,6,3,-1,-1,-1,-1,-1,-1,-1,-1
20154100D0517,1,9,0,3,0,0,0,0,0,0,2,1,6,2,-1,-1,-1,-1,-1,-1,-1,-1
20154100D0517,2,9,0,3,0,0,0,0,0,0,2,1,6,2,50,8,1242,1,15,-1,1,-1
20154100D0520,1,9,0,9,0,5,0,0,0,0,1,1,6,2,48,8,1781,1,11,-1,1,-1
20154100D0520,2,9,0,8,0,1,0,0,0,0,3,1,6,1,68,10,2993,2,4,-1,1,-1
20154100D0521,1,9,0,18,0,0,0,0,0,0,1,1,6,1,68,10,1999,1,8,-1,1,-1
20154100D0521,2,9,0,18,0,0,5,0,0,0,1,1,2,1,55,8,1910,2,10,-1,1,-1
20154100D0521,3,9,0,18,0,0,0,0,0,0,3,1,2,2,20,4,1242,1,9,-1,1,-1
20154100D0521,4,9,0,18,0,0,0,0,0,0,3,1,2,1,49,8,-1,-1,-1,-1,1,-1
20154100D0523,1,9,0,9,0,8,0,0,0,0,1,1,6,1,25,5,1896,2,9,-1,-1,-1
20154100D0523,2,9,0,18,0,8,0,0,0,0,1,1,1,1,25,5,2400,2,1,-1,-1,-1
20154100D0523,3,9,0,18,0,8,0,0,0,0,1,1,3,1,40,7,1686,2,3,-1,1,-1
20154100D0529,1,9,0,1,0,6,0,0,3,4,2,1,6,2,79,11,-1,-1,-1,-1,1,-1
20154100D0535,1,21,1,12,0,0,0,0,0,0,3,2,1,1,41,7,-1,-1,-1,-1,-1,-1
20154100D0535,2,9,0,18,0,0,1,0,2,7,4,1,6,2,34,6,1995,2,10,-1,1,-1
20154100D0537,1,9,0,14,0,0,0,0,0,0,3,1,6,2,20,4,1229,1,1,-1,1,-1
20154100D0537,2,4,0,13,0,0,0,0,0,0,4,1,6,1,30,6,-1,-1,-1,-1,-1,-1
20154100D0538,1,9,0,18,0,1,0,0,0,0,1,1,6,2,30,6,-1,-1,-1,-1,-1,-1
20154100D0540,1,8,0,5,0,6,0,0,0,0,0,1,1,1,34,6,-1,-1,-1,-1,2,-1
20154100D0540,2,5,0,18,0,8,0,0,0,0,0,1,1,1,60,9,998,1,17,-1,1,-1
20154100D0541,1,9,0,18,0,0,0,4,0,0,4,1,6,1,35,6,-1,-1,-1,-1,3,-1
20154100D0541,2,9,0,2,0,0,0,0,0,0,3,1,6,3,-1,-1,-1,-1,-1,-1,-1,-1
20154100D0544,1,9,0,9,0,6,0,0,0,0,3,1,6,2,75,10,1390,1,10,-1,1,-1
20154100D0544,2,4,0,18,0,8,0,4,0,0,1,1,6,1,27,6,124,1,2,-1,1,-1
20154100D0544,3,9,0,2,0,2,0,0,0,0,3,1,6,1,47,8,-1,-1,-1,-1,-1,-1
20154100D0545,1,9,0,18,0,1,0,0,0,0,4,1,1,1,27,6,2324,1,15,-1,1,-1
20154100D0546,1,9,0,9,0,5,0,0,0,0,1,1,2,2,43,7,1339,1,11,-1,3,-1
20154100D0546,2,4,0,13,0,8,0,0,0,0,4,1,2,1,43,7,-1,-1,-1,-1,1,-1
20154100D0547,1,9,0,9,0,5,0,0,0,0,1,1,6,1,53,8,1388,1,11,-1,1,-1
20154100D0547,2,4,0,18,0,8,0,0,0,0,1,1,6,1,29,6,124,1,2,-1,-1,-1
20154100D0554,1,19,0,9,0,5,0,0,0,0,4,1,1,1,54,8,2402,2,14,-1,1,-1
20154100D0556,1,10,0,18,0,1,0,0,0,0,1,1,1,1,69,10,2400,2,11,-1,1,-1
20154100D0556,2,9,0,7,0,5,0,0,0,0,2,1,1,1,59,9,1997,2,7,-1,1,-1
20154100D0557,1,9,0,7,0,5,0,0,0,0,4,1,1,1,58,9,-1,-1,-1,-1,2,-1
20154100D0557,2,9,0,18,0,1,0,0,0,0,1,1,1,1,18,4,973,1,14,-1,1,-1
20154100D0559,1,9,0,12,0,0,1,0,5,6,1,1,6,1,21,5,1229,1,6,-1,1,-1
20154100D0559,2,19,0,18,0,0,0,0,1,0,1,1,1,1,41,7,2143,2,2,-1,1,-1
20154100D0561,1,19,0,10,0,0,0,0,0,0,1,1,6,1,41,7,2198,2,2,-1,1,-1
20154100D0561,2,9,0,3,0,0,0,0,0,0,2,1,6,1,52,8,1600,1,17,-1,1,-1
20154100D0561,3,19,0,3,0,0,0,0,0,0,2,1,6,1,24,5,1248,2,6,-1,2,-1
20154100D0562,1,21,0,4,0,0,0,0,0,0,2,1,1,1,55,8,4461,2,4,-1,1,-1
20154100D0562,2,9,0,4,0,0,1,0,0,0,2,1,6,2,18,4,1499,2,-1,-1,1,-1
20154100D0562,3,19,0,4,0,0,1,0,0,0,1,1,1,1,56,9,2287,2,3,-1,1,-1
20154100D0574,1,9,0,18,0,8,0,0,0,0,1,1,6,1,33,6,1596,1,1,-1,1,-1
20154100D0574,2,9,0,9,0,5,0,0,0,0,4,1,6,1,64,9,1997,2,14,-1,1,-1
20154100D0576,1,9,0,10,0,1,0,0,0,0,2,1,6,1,24,5,1598,1,8,-1,1,-1
20154100D0576,2,9,0,18,0,1,0,0,0,0,1,1,6,1,70,10,996,1,1,-1,1,-1
20154100D0578,1,9,0,2,9,0,0,0,0,0,4,1,6,1,32,6,1997,2,-1,-1,1,-1
20154100D0578,2,9,0,18,0,0,0,8,0,0,4,1,6,3,-1,-1,-1,-1,-1,-1,-1,-1
20154100D0581,1,3,0,18,0,1,1,0,1,5,1,1,6,1,19,4,125,1,9,-1,1,-1
20154100D0582,1,9,0,7,0,6,0,0,0,0,1,1,1,1,32,6,2378,1,9,-1,1,-1
20154100D0583,1,9,0,18,0,8,0,0,1,4,3,1,6,1,37,7,1999,1,10,-1,1,-1
20154100D0584,1,9,0,18,0,0,0,0,0,0,1,1,2,2,21,5,1390,1,9,-1,1,-1
20154100D0599,1,9,0,5,0,4,0,0,0,0,1,1,6,1,30,6,1998,1,9,-1,1,-1
20154100D0599,2,9,0,4,0,8,0,0,0,0,2,1,6,2,30,6,1896,2,7,-1,1,-1
20154100D0599,3,9,0,4,0,8,0,0,0,0,2,1,6,1,40,7,1998,2,7,-1,1,-1
20154100D0600,1,9,0,1,9,8,0,0,0,0,2,1,6,2,30,6,1582,2,-1,-1,-1,-1
20154100D0601,1,1,0,18,0,8,0,0,0,0,1,1,2,1,51,8,-1,-1,-1,-1,1,-1
20154100D0601,2,9,0,9,0,6,0,0,0,0,3,1,6,1,66,10,1596,1,4,-1,1,-1
20154100D0606,1,1,0,18,0,0,0,0,0,0,3,1,6,2,25,5,-1,-1,-1,-1,3,-1
20154100D0606,2,9,0,13,0,0,0,0,0,0,4,1,6,3,-1,-1,-1,-1,-1,-1,-1,-1
20154100D0607,1,9,0,2,0,0,0,0,0,0,2,1,6,3,-1,-1,1364,1,5,-1,1,-1
20154100D0607,2,9,0,18,0,0,0,4,0,0,1,1,6,2,66,10,1364,1,-1,-1,1,-1
20154100D0610,1,9,0,9,0,6,0,0,0,0,3,1,2,1,62,9,1997,2,7,-1,1,-1
20154100D0610,2,4,0,14,0,8,0,0,0,0,1,1,2,1,42,7,998,1,13,-1,1,-1
20154100D0611,1,9,0,3,0,1,1,0,0,0,2,1,6,1,45,7,1968,2,9,-1,1,-1
20154100D0611,2,9,0,18,0,1,1,0,0,0,1,1,6,1,26,6,1560,2,5,-1,1,-1
20154100D0614,1,21,1,7,0,1,5,0,0,0,3,1,6,1,60,9,10518,2,7,-1,2,-1
20154100D0614,2,9,0,8,0,1,0,10,0,0,1,1,6,1,30,6,1598,1,9,-1,1,-1
20154100D0615,1,19,0,18,0,1,1,0,7,0,1,1,1,2,36,7,2402,2,13,-1,1,-1
20154100D0615,2,9,0,18,0,1,0,0,1,0,1,1,6,1,42,7,1968,2,2,-1,1,-1
20154100D0615,3,9,0,4,0,1,0,0,0,0,0,1,6,1,55,8,-1,-1,-1,-1,1,-1
20154100D0615,4,9,0,10,0,1,0,0,0,0,0,1,6,2,34,6,1997,2,7,-1,1,-1
20154100D0617,1,9,0,18,0,0,0,0,0,0,1,1,6,2,49,8,1242,1,7,-1,1,-1
20154100D0618,1,9,0,4,0,1,0,0,1,3,1,1,6,1,39,7,1587,1,8,-1,1,-1
20154100D0619,1,19,0,4,0,1,0,0,0,0,1,1,2,1,36,7,-1,-1,-1,-1,3,-1
20154100D0619,2,5,0,4,0,1,0,0,0,0,2,1,2,1,49,8,-1,-1,-1,-1,2,-1
20154100D0623,1,9,0,13,0,0,1,0,0,0,3,1,6,1,48,8,1994,1,14,-1,1,-1
20154100D0623,2,9,0,18,0,0,1,0,0,0,3,1,6,1,51,8,1598,1,6,-1,1,-1
20154100D0623,3,9,0,18,0,0,0,0,0,0,0,1,6,1,20,4,1339,1,6,-1,1,-1
20154100D0624,1,9,0,7,0,6,0,0,0,0,1,1,2,2,21,5,1388,1,10,-1,1,-1
20154100D0624,2,5,0,18,0,8,0,0,0,0,1,1,2,1,25,5,599,1,15,-1,1,-1
20154100D0625,1,19,0,18,0,0,0,0,0,0,1,1,6,1,46,8,1560,2,1,-1,1,-1
20154100D0625,2,9,0,1,0,0,0,0,0,0,2,1,6,3,-1,-1,2544,1,15,-1,-1,-1
20154100D0625,3,9,0,18,0,0,0,0,0,0,0,1,6,3,-1,-1,2976,1,12,-1,-1,-1
20154100D0626,1,9,0,18,0,0,0,7,0,2,1,1,6,1,37,7,1299,1,9,-1,3,-1
20154100D0630,1,9,0,18,0,1,0,0,0,0,1,1,6,2,75,10,1332,1,18,-1,1,-1
20154100D0630,2,9,0,4,0,1,0,0,0,0,2,1,6,2,22,5,1598,1,11,-1,1,-1
20154100D0648,1,9,0,18,0,1,0,7,2,11,1,1,1,1,46,8,1995,2,3,-1,1,-1
20154100D0648,2,19,4,18,0,1,1,0,0,0,3,1,1,1,49,8,2987,2,5,-1,1,-1
20154100D0648,3,9,0,18,0,1,1,0,0,0,2,1,6,1,52,8,1600,2,6,-1,1,-1
20154100D0650,1,9,0,13,0,1,0,0,0,0,2,1,6,3,-1,-1,-1,-1,-1,-1,-1,-1
20154100D0650,2,1,0,18,0,1,1,0,0,0,1,1,6,1,49,8,-1,-1,-1,-1,1,-1
20154100D0651,1,9,0,18,0,4,0,0,0,0,1,1,1,2,43,7,1364,1,9,-1,1,-1
20154100D0651,2,1,0,18,0,8,0,0,0,0,2,1,1,1,42,7,-1,-1,-1,-1,1,-1
20154100D0652,1,9,0,18,0,0,2,0,1,9,4,1,6,2,22,5,1360,1,10,-1,1,-1
20154100D0656,1,9,0,4,0,0,0,0,0,0,0,1,1,1,45,7,998,1,5,-1,-1,-1
20154100D0656,2,3,0,18,0,0,0,0,0,0,0,1,6,2,21,5,124,1,16,-1,3,-1
20154100D0657,1,9,0,9,0,5,0,0,0,0,4,1,1,1,31,6,1248,2,3,-1,1,-1
20154100D0657,2,9,0,18,0,8,1,0,7,11,1,1,2,1,29,6,998,1,8,-1,1,-1
20154100D0658,1,9,0,18,0,7,0,0,0,0,1,1,6,1,30,6,1995,2,2,-1,1,-1
20154100D0658,2,9,0,5,0,7,0,0,0,0,2,1,6,2,62,9,1199,1,12,-1,1,-1
20154100D0659,1,9,0,9,0,5,0,0,0,0,4,1,6,1,20,4,1388,1,12,-1,1,-1
20154100D0659,2,1,0,18,0,8,0,0,0,0,1,1,6,1,47,8,-1,-1,-1,-1,1,-1
20154100D0660,1,9,0,18,0,1,1,0,1,0,1,1,6,1,22,5,1199,1,14,-1,2,-1
20154100D0662,1,9,0,9,0,6,0,0,0,0,1,1,6,1,28,6,2188,2,8,-1,1,-1
20154100D0662,2,9,0,18,0,8,0,0,1,0,3,1,6,1,28,6,1598,1,14,-1,1,-1
20154100D0670,1,9,0,4,0,0,0,0,0,0,1,1,6,1,18,4,1229,1,7,-1,1,-1
20154100D0670,2,9,0,18,0,0,0,0,0,0,2,1,6,1,24,5,1995,1,13,-1,1,-1
20154100D0671,1,9,0,4,0,0,0,0,0,0,1,1,6,2,45,7,1995,2,8,-1,1,-1
20154100D0671,2,9,0,3,0,0,0,0,0,0,2,1,6,2,25,5,1229,1,1,-1,1,-1
20154100D0674,1,21,1,18,0,0,0,0,0,0,1,1,1,1,42,7,10837,2,3,-1,1,-1
20154100D0674,2,9,0,4,0,0,0,0,0,0,2,1,6,1,26,6,1968,2,9,-1,1,-1
20154100D0675,1,90,0,18,9,2,0,0,0,0,0,1,6,1,19,4,-1,-1,-1,-1,1,-1
20154100D0678,1,9,0,4,0,0,0,0,0,0,3,1,6,2,23,5,1229,1,7,-1,1,-1
20154100D0680,1,9,0,9,0,8,0,0,0,0,3,1,1,1,30,6,-1,-1,-1,-1,1,-1
20154100D0680,2,9,0,18,0,8,0,0,0,0,4,1,1,1,27,6,-1,-1,-1,-1,1,-1
20154100D0682,1,9,0,18,0,0,0,0,0,0,4,1,6,2,75,10,999,1,5,-1,1,-1
20154100D0684,1,9,0,9,0,6,0,0,0,0,1,1,6,2,25,5,998,1,-1,-1,1,-1
20154100D0686,1,9,0,5,0,6,0,0,0,0,1,1,2,1,35,6,1968,2,1,-1,1,-1
20154100D0686,2,1,0,18,0,8,0,0,1,0,4,1,1,1,58,9,-1,-1,-1,-1,-1,-1
20154100D0687,1,9,0,5,0,4,0,0,0,0,1,1,6,2,40,7,-1,-1,-1,-1,1,-1
20154100D0687,2,1,0,9,0,8,0,0,0,0,4,1,6,1,35,6,-1,-1,-1,-1,2,-1
20154100D0688,1,9,0,18,0,4,0,0,0,0,1,1,2,1,72,10,1997,1,11,-1,1,-1
20154100D0688,2,1,0,9,0,8,0,0,0,0,4,1,2,1,28,6,-1,-1,-1,-1,1,-1
20154100D0692,1,9,0,18,0,2,5,4,0,0,1,1,6,1,28,6,1948,1,12,-1,1,-1
20154100D0692,2,9,0,2,0,2,0,0,0,0,4,1,6,1,53,8,1998,2,11,-1,1,-1
20154100D0694,1,9,0,7,0,1,0,0,0,0,1,1,6,2,24,5,1388,1,12,-1,1,-1
20154100D0694,2,9,0,3,0,1,0,0,0,0,2,1,1,1,45,7,1598,1,12,-1,1,-1
20154100D0695,1,3,0,18,9,2,1,4,0,0,1,1,6,1,18,4,-1,-1,-1,-1,1,-1
20154100D0695,2,9,0,2,0,2,0,0,0,0,4,1,1,1,-1,-1,1248,2,2,-1,-1,-1
20154100D0696,1,9,0,6,0,8,0,0,0,0,1,1,6,2,52,8,1598,1,6,-1,1,-1
20154100D0698,1,9,0,9,0,8,0,0,0,0,4,1,2,1,36,7,1150,1,9,-1,1,-1
20154100D0698,2,19,0,18,0,4,0,0,0,0,1,1,1,1,41,7,1896,2,10,-1,1,-1
20154100D0699,1,9,0,5,0,6,0,0,0,0,1,1,6,2,45,7,1388,1,17,-1,1,-1
20154100D0699,2,9,0,18,0,8,0,0,0,0,1,1,6,1,22,5,1781,1,13,-1,1,-1
20154100D0700,1,9,0,18,0,0,2,0,5,7,1,1,2,1,26,6,1587,1,10,-1,1,-1
20154100D0700,2,9,0,15,0,0,0,0,0,0,0,1,6,3,-1,-1,-1,-1,-1,-1,-1,-1
20154100D0701,1,9,0,9,0,5,0,0,0,0,1,1,6,1,22,5,1229,1,6,-1,1,-1
20154100D0701,2,3,0,18,0,8,0,0,0,0,1,1,6,1,31,6,124,1,3,-1,1,-1
20154100D0702,1,9,0,9,0,6,0,0,0,0,1,1,6,1,48,8,-1,-1,-1,-1,1,-1
20154100D0702,2,2,0,18,0,8,0,0,0,0,1,1,2,1,18,4,50,1,7,-1,-1,-1
20154100D0703,1,9,0,7,0,6,0,0,0,0,1,1,6,1,45,7,-1,-1,-1,-1,1,-1
20154100D0703,2,9,0,18,0,8,0,0,0,0,1,1,6,2,28,6,1753,2,7,-1,3,-1
20154100D0704,1,9,0,18,0,0,0,0,0,0,1,1,2,1,50,8,1968,2,1,-1,1,-1
20154100D0704,2,9,0,3,0,0,0,0,0,0,2,1,2,2,48,8,1598,2,2,-1,3,-1
20154100D0704,3,9,0,3,0,0,0,0,0,0,2,1,2,2,40,7,1242,1,8,-1,1,-1
20154100D0705,1,19,0,18,0,2,0,0,0,0,1,1,6,1,45,7,1753,2,11,-1,1,-1
20154100D0705,2,9,0,3,0,2,0,0,0,0,2,1,6,1,36,7,1339,1,4,-1,1,-1
20154100E0003,1,9,0,4,0,1,0,0,0,0,1,1,6,1,30,6,-1,-1,-1,-1,-1,-1
20154100E0003,2,9,0,3,0,1,0,0,0,0,2,1,6,1,54,8,1499,2,1,-1,1,-1
20154100E0007,1,9,0,7,7,0,0,0,0,0,4,1,6,2,35,6,1242,1,11,-1,1,-1
20154100E0007,2,1,0,18,0,0,0,0,0,0,1,1,6,2,-1,-1,-1,-1,-1,-1,-1,-1
20154100E0014,1,19,0,18,5,0,0,0,0,0,3,1,1,3,-1,-1,-1,-1,-1,-1,-1,-1
20154100E0016,1,9,0,9,0,5,0,0,0,0,1,1,2,2,23,5,-1,-1,-1,-1,1,-1
20154100E0016,2,9,0,18,0,8,0,0,0,0,1,1,2,1,34,6,1968,2,4,-1,2,-1
20154100E0019,1,9,0,9,0,4,0,0,0,0,1,1,6,1,35,6,-1,-1,-1,-1,1,-1
20154100E0019,2,9,0,18,0,8,0,0,0,1,4,1,6,1,49,8,2231,2,8,-1,1,-1
20154100E0020,1,9,0,18,0,1,0,0,0,0,1,1,2,2,43,7,973,1,13,-1,1,-1
20154100E0021,1,9,0,5,0,1,0,0,0,0,2,1,6,1,68,10,1598,2,5,-1,2,-1
20154100E0021,2,9,0,5,0,1,0,0,0,0,1,1,1,1,25,5,1248,2,3,-1,-1,-1
20154100E0029,1,8,0,5,0,4,0,0,0,0,1,1,1,1,42,7,1968,2,7,-1,1,-1
20154100E0029,2,1,0,18,0,8,0,0,0,0,4,1,2,1,39,7,-1,-1,-1,-1,1,-1
20154100E0031,1,9,0,7,0,6,0,0,0,0,1,1,6,1,86,11,-1,-1,-1,-1,1,-1
20154100E0031,2,9,0,18,0,8,0,0,0,0,1,1,6,2,42,7,1248,2,8,-1,1,-1
20154100E0042,1,9,0,18,0,0,0,0,0,0,1,1,6,1,-1,-1,-1,-1,-1,-1,1,-1
20154100E0042,2,9,0,3,0,0,0,0,0,0,2,1,6,2,35,6,-1,-1,-1,-1,1,-1
20154100E0042,3,9,0,3,0,0,0,0,0,0,2,1,6,2,-1,-1,-1,-1,-1,-1,1,-1
20154100E0045,1,9,0,18,0,8,5,9,0,0,1,1,6,1,29,6,-1,-1,-1,-1,1,-1
20154100E0045,2,9,0,12,0,8,0,0,1,7,4,1,3,2,41,7,-1,-1,-1,-1,1,-1
20154100E0047,1,9,0,18,0,4,0,0,0,0,3,1,1,2,54,8,1560,2,5,-1,1,-1
20154100E0047,2,9,0,9,0,8,0,0,0,0,1,1,1,2,18,4,-1,-1,-1,-1,1,-1
20154100E0049,1,9,0,18,0,2,0,0,0,0,3,1,6,3,-1,-1,-1,-1,-1,-1,-1,-1
20154100E0052,1,9,0,5,0,8,0,0,0,0,1,1,6,1,40,7,1598,1,12,-1,1,-1
20154100E0052,2,9,0,5,0,8,0,0,0,0,2,1,2,2,53,8,-1,-1,-1,-1,1,-1
20154100E0052,3,9,0,18,0,8,0,0,0,0,0,1,6,3,-1,-1,-1,-1,-1,-1,-1,-1
20154100E0054,1,19,0,9,0,6,0,0,7,10,1,1,1,1,51,8,1968,2,1,-1,1,-1
20154100E0054,2,20,1,18,0,8,0,0,0,0,3,1,1,1,27,6,6871,2,10,-1,1,-1
20154100E0060,1,9,0,6,8,0,0,0,0,0,3,1,6,1,44,7,1497,1,11,-1,1,-1
20154100E0060,2,3,0,18,0,0,0,0,0,0,1,1,6,1,32,6,-1,-1,-1,-1,1,-1
20154100E0061,1,9,0,18,0,8,5,10,0,0,1,1,1,1,57,9,1389,1,11,-1,1,-1
20154100E0062,1,9,0,13,0,0,0,0,0,0,1,1,6,1,46,8,-1,-1,-1,-1,1,-1
20154100E0062,2,9,0,18,0,0,0,0,0,0,1,1,6,2,30,6,-1,-1,-1,-1,1,-1
20154100E0062,3,11,0,18,0,0,0,0,0,0,0,1,1,3,-1,-1,-1,-1,-1,-1,-1,-1
20154100E0067,1,9,0,1,0,0,0,0,0,0,2,1,6,1,50,8,1998,1,10,-1,-1,-1
20154100E0069,1,9,0,18,0,4,0,0,0,0,1,1,6,1,50,8,-1,-1,-1,-1,-1,-1
20154100E0069,2,1,0,18,0,4,0,0,0,0,4,1,6,1,42,7,-1,-1,-1,-1,1,-1
20154100E0072,1,9,0,18,0,0,0,0,0,0,1,1,6,1,24,5,1798,1,6,-1,1,-1
20154100E0072,2,9,0,3,0,0,0,0,0,0,2,1,6,2,37,7,1328,1,10,-1,1,-1
20154100E0073,1,9,0,18,0,0,0,0,1,2,1,1,6,2,18,4,-1,-1,-1,-1,1,-1
20154100E0081,1,9,0,4,0,1,0,0,0,0,1,1,6,2,20,4,1586,1,9,-1,1,-1