Accident_Index,Vehicle_Reference,Vehicle_Type,Towing_and_Articulation,Vehicle_Manoeuvre,Vehicle_Location-Restricted_Lane,Junction_Location,Skidding_and_Overturning,Hit_Object_in_Carriageway,Vehicle_Leaving_Carriageway,Hit_Object_off_Carriageway,1st_Point_of_Impact,Was_Vehicle_Left_Hand_Drive?,Journey_Purpose_of_Driver,Sex_of_Driver,Age_of_Driver,Age_Band_of_Driver,Engine_Capacity_(CC),Propulsion_Code,Age_of_Vehicle,Driver_IMD_Decile,Driver_Home_Area_Type,Vehicle_IMD_Decile
20154100E0081,2,9,0,3,0,1,0,0,0,0,2,1,6,2,50,8,-1,-1,-1,-1,1,-1
20154100E0088,1,9,0,18,0,8,1,0,0,0,1,1,2,1,43,7,1598,1,5,-1,1,-1
20154100E0089,1,9,0,4,0,0,0,0,0,0,0,1,6,1,68,10,-1,-1,-1,-1,1,-1
20154100E0090,1,9,0,5,0,0,0,4,7,10,1,1,6,2,53,8,1368,1,8,-1,1,-1
20154100E0090,2,9,0,2,0,0,0,4,0,0,2,1,6,1,53,8,1360,1,15,-1,1,-1
20154100E0090,3,9,0,2,0,0,0,0,0,0,2,1,6,3,-1,-1,1560,2,1,-1,-1,-1
20154100E0093,1,9,0,4,0,1,0,0,0,0,1,1,6,1,30,6,-1,-1,-1,-1,-1,-1
20154100E0093,2,9,0,4,0,1,0,0,0,0,2,1,2,2,20,4,1199,1,13,-1,1,-1
20154100E0093,3,9,0,4,0,1,0,0,0,0,2,1,6,1,30,6,-1,-1,-1,-1,-1,-1
20154100E0094,1,9,0,18,0,0,0,0,0,0,1,1,6,1,29,6,2000,1,15,-1,1,-1
20154100E0095,1,19,0,9,0,5,0,0,0,0,1,1,6,1,44,7,-1,-1,-1,-1,1,-1
20154100E0095,2,9,0,18,0,8,0,0,0,0,1,1,6,1,25,5,2198,1,11,-1,1,-1
20154100E0097,1,9,0,18,0,0,1,0,6,1,1,1,6,1,27,6,-1,-1,-1,-1,1,-1
20154100E0097,2,9,0,18,0,0,0,0,0,0,0,1,6,2,18,4,1299,1,11,-1,1,-1
20154100E0097,3,9,0,18,0,0,0,0,0,0,0,1,6,1,24,5,1364,1,9,-1,1,-1
20154100E0112,1,9,0,17,0,0,0,4,0,0,1,1,6,1,26,6,-1,-1,-1,-1,1,-1
20154100E0112,2,19,0,2,0,0,0,0,0,0,2,1,6,3,-1,-1,2463,2,13,-1,-1,-1
20154100E0117,1,9,0,18,0,8,0,7,0,0,1,1,6,1,24,5,-1,-1,-1,-1,1,-1
20154100E0117,2,9,0,7,0,4,0,0,0,0,4,1,6,2,43,7,1598,1,2,-1,1,-1
20154100E0131,1,5,0,18,0,0,1,0,0,0,4,1,6,1,28,6,748,1,11,-1,1,-1
20154100E0134,1,9,0,18,0,1,0,0,0,0,4,1,6,1,-1,-1,1998,1,13,-1,-1,-1
20154100E0134,2,3,0,10,0,1,0,0,0,0,3,1,6,1,23,5,125,1,17,-1,1,-1
20154100E0146,1,9,0,17,0,0,0,0,0,0,4,1,1,2,31,6,1389,1,17,-1,1,-1
20154100E0155,1,9,0,4,0,1,0,0,0,0,2,1,6,2,23,5,1198,1,10,-1,1,-1
20154100E0155,2,3,0,18,0,1,0,0,0,0,1,1,6,3,-1,-1,124,1,3,-1,-1,-1
20154100E0156,1,9,0,18,0,1,0,0,0,0,1,1,6,1,22,5,1999,1,10,-1,1,-1
20154100E0156,2,8,0,10,0,1,0,0,0,0,2,1,1,1,42,7,1797,8,6,-1,1,-1
20154100E0163,1,9,0,18,0,1,0,0,0,0,1,1,6,1,40,7,-1,-1,-1,-1,1,-1
20154100E0163,2,9,0,3,0,1,0,0,0,0,2,1,2,2,30,6,1587,1,10,-1,1,-1
20154100E0164,1,2,0,18,5,0,1,0,0,0,1,1,6,1,25,5,49,1,-1,-1,1,-1
20154100E0165,1,9,0,18,0,0,1,0,0,6,1,1,6,1,52,8,2143,2,1,-1,-1,-1
20154100E0165,2,9,0,18,0,0,0,0,0,0,3,1,6,2,35,6,2143,2,2,-1,1,-1
20154100E0165,3,19,0,18,0,0,0,0,0,0,4,1,6,1,31,6,1896,2,8,-1,1,-1
20154100E0165,4,9,0,18,0,0,0,0,0,0,1,1,6,2,63,9,-1,-1,-1,-1,3,-1
20154100E0169,1,9,0,2,0,1,0,0,0,0,3,1,6,1,38,7,1997,2,9,-1,1,-1
20154100E0169,2,1,0,14,0,1,0,8,0,0,1,1,6,2,23,5,-1,-1,-1,-1,1,-1
20154100E0175,1,9,0,18,0,8,0,0,7,4,1,1,6,2,49,8,1339,1,12,-1,1,-1
20154100E0179,1,9,0,18,0,0,0,0,0,0,0,1,6,1,70,10,-1,-1,-1,-1,-1,-1
20154100E0179,2,2,0,18,0,0,1,0,1,9,4,1,6,1,47,8,49,1,6,-1,1,-1
20154100E0181,1,20,0,4,0,0,2,0,1,9,1,1,1,1,46,8,3908,2,15,-1,1,-1
20154100E0181,2,9,0,4,0,0,0,0,0,0,0,1,6,2,41,7,1796,1,4,-1,1,-1
20154100E0182,1,9,0,18,0,0,0,8,0,0,4,1,6,3,-1,-1,-1,-1,-1,-1,-1,-1
20154100E0182,2,9,0,2,0,0,0,0,0,0,3,1,6,1,31,6,-1,-1,-1,-1,1,-1
20154100E0184,1,9,0,18,0,0,0,0,0,0,1,1,6,1,-1,-1,-1,-1,-1,-1,-1,-1
20154100E0185,1,8,0,7,0,5,0,0,0,0,4,1,1,1,40,7,1329,1,6,-1,1,-1
20154100E0185,2,1,0,18,0,8,0,0,0,0,3,1,6,1,33,6,-1,-1,-1,-1,1,-1
20154100E0189,1,9,0,5,0,1,0,0,0,0,3,1,6,1,22,5,1399,2,13,-1,1,-1
20154100E0189,2,9,0,18,0,1,0,0,0,0,1,1,6,1,25,5,1781,1,13,-1,1,-1
20154100E0210,1,9,0,5,0,6,0,0,0,0,2,1,6,1,40,7,2494,1,11,-1,1,-1
20154100E0210,2,9,0,18,0,8,0,0,0,0,1,1,6,1,43,7,1461,2,11,-1,1,-1
20154100E0211,1,9,0,9,0,8,0,0,0,0,1,1,6,3,-1,-1,-1,-1,-1,-1,-1,-1
20154100E0211,2,1,0,18,0,8,0,0,0,0,3,1,6,1,13,3,-1,-1,-1,-1,1,-1
20154100E0225,1,3,0,18,0,8,0,0,0,0,1,1,6,1,24,5,124,1,6,-1,1,-1
20154100E0225,2,9,0,18,0,8,0,0,0,0,2,1,6,2,21,5,1199,1,12,-1,1,-1
20154100E0228,1,9,0,18,0,1,0,0,0,0,1,1,6,1,21,5,1364,1,8,-1,1,-1
20154100E0228,2,9,0,3,0,1,0,0,0,0,2,1,2,2,53,8,1598,1,4,-1,2,-1
20154100E0233,1,4,0,16,0,0,1,10,0,0,1,1,2,1,43,7,249,1,14,-1,1,-1
20154100E0233,2,9,0,5,0,0,0,0,0,0,1,1,2,1,45,7,1598,2,3,-1,1,-1
20154100E0243,1,9,0,13,0,1,0,0,0,0,4,1,6,1,28,6,-1,-1,-1,-1,1,-1
20154100E0243,2,1,0,18,0,1,0,0,0,0,3,1,6,1,52,8,-1,-1,-1,-1,1,-1
20154100E0250,1,9,0,11,0,3,1,0,1,4,4,1,6,1,34,6,1896,2,13,-1,1,-1
20154100E0250,2,9,0,18,0,8,0,0,0,0,3,1,6,1,46,8,1995,2,4,-1,1,-1
20154100E0257,1,9,0,18,0,0,0,0,0,0,1,1,6,2,45,7,1560,2,3,-1,1,-1
20154100E0267,1,1,0,18,0,0,0,0,1,3,1,1,6,1,45,7,-1,-1,-1,-1,1,-1
20154100E0267,2,9,0,18,0,0,0,0,0,0,1,1,6,3,-1,-1,-1,-1,-1,-1,-1,-1
20154100E0269,1,5,0,18,0,0,0,0,0,0,1,1,6,1,24,5,599,1,7,-1,3,-1
20154100E0269,2,9,0,3,0,0,0,0,0,0,2,1,6,2,31,6,1390,1,9,-1,1,-1
20154100E0271,1,9,0,18,0,0,5,0,0,0,1,1,6,1,29,6,1995,2,3,-1,1,-1
20154100E0276,1,9,0,18,0,0,0,0,0,0,3,1,6,3,-1,-1,-1,-1,-1,-1,-1,-1
20154100E0276,2,1,0,18,0,0,0,0,0,0,3,1,6,2,11,3,-1,-1,-1,-1,1,-1
20154100E0284,1,9,0,18,0,1,0,0,0,0,1,1,6,3,-1,-1,-1,-1,-1,-1,-1,-1
20154100E0293,1,9,0,4,0,0,0,0,0,0,1,1,2,1,39,7,1995,2,1,-1,2,-1
20154100E0293,2,9,0,3,0,0,0,0,4,6,2,1,2,1,26,6,1000,1,1,-1,1,-1
20154100E0297,1,3,0,18,5,0,0,0,0,0,4,1,2,1,18,4,124,1,5,-1,1,-1
20154100E0299,1,9,0,18,0,0,0,0,0,0,1,1,6,2,18,4,1299,1,14,-1,1,-1
20154100E0299,2,11,0,3,0,0,0,0,0,0,2,1,1,1,42,7,6700,2,6,-1,1,-1
20154100E0301,1,9,0,3,0,1,0,0,0,0,4,1,2,1,33,6,-1,-1,-1,-1,3,-1
20154100E0301,2,1,0,15,0,1,0,0,0,0,1,1,2,2,56,9,-1,-1,-1,-1,1,-1
20154100E0302,1,3,0,18,0,0,1,0,0,0,1,1,6,1,17,4,124,1,10,-1,1,-1
20154100E0310,1,9,0,1,0,6,0,0,0,0,2,1,6,1,29,6,1598,1,9,-1,-1,-1
20154100E0310,2,4,0,18,0,8,1,0,0,0,1,1,6,1,20,4,125,1,1,-1,-1,-1
20154100E0310,3,9,0,2,0,2,0,0,0,0,1,1,6,3,-1,-1,1699,1,9,-1,-1,-1
20154100E0310,4,9,0,2,0,2,0,0,0,0,3,1,6,3,-1,-1,1985,1,18,-1,-1,-1
20154100E0311,1,19,0,7,0,4,0,0,0,0,1,1,6,3,-1,-1,1870,2,10,-1,-1,-1
20154100E0311,2,8,0,18,0,8,0,0,0,0,4,1,1,1,34,6,1497,8,8,-1,1,-1
20154100E0320,1,9,0,18,0,8,0,0,0,0,1,1,1,1,29,6,1248,2,3,-1,-1,-1
20154100E0320,2,9,0,9,0,5,0,0,0,0,4,1,6,2,23,5,1398,2,12,-1,1,-1
20154100E0322,1,9,0,3,0,1,0,0,4,0,2,1,2,1,43,7,1598,1,13,-1,1,-1
20154100E0322,2,9,0,18,0,1,0,0,0,0,1,1,6,3,-1,-1,-1,-1,-1,-1,-1,-1
20154100E0324,1,9,0,5,0,1,0,0,0,0,1,1,6,2,49,8,1986,1,2,-1,1,-1
20154100E0324,2,3,0,3,0,1,0,0,0,0,2,1,6,1,49,8,-1,-1,-1,-1,3,-1
20154100E0326,1,9,0,18,0,1,0,0,0,0,1,1,6,2,24,5,1388,1,12,-1,3,-1
20154100E0326,2,9,0,3,0,1,0,0,0,0,2,1,6,2,37,7,1798,1,10,-1,1,-1
20154100E0328,1,8,0,18,0,0,1,0,0,0,4,1,1,1,49,8,1896,2,10,-1,1,-1
20154100E0328,2,9,0,18,0,0,1,10,1,0,3,1,6,1,22,5,-1,-1,-1,-1,1,-1
20154100E0328,3,9,0,4,0,0,0,0,0,0,0,1,6,3,-1,-1,-1,-1,-1,-1,-1,-1
20154100E0333,1,9,0,9,0,6,0,0,0,0,1,1,6,2,23,5,875,1,3,-1,1,-1
20154100E0333,2,9,0,18,0,8,0,0,0,0,1,1,6,1,36,7,1995,2,7,-1,1,-1
20154100E0335,1,21,1,11,0,0,0,0,0,0,1,1,1,1,46,8,12777,2,3,-1,1,-1
20154100E0335,2,9,0,18,0,0,1,0,0,0,3,1,6,1,46,8,1598,1,8,-1,1,-1
20154100E0342,1,3,0,9,0,5,0,0,0,0,4,1,6,1,17,4,125,1,1,-1,3,-1
20154100E0342,2,9,0,18,0,8,0,0,0,0,1,1,6,1,73,10,1796,1,14,-1,1,-1
20154100E0344,1,9,0,18,0,0,0,0,0,0,1,1,6,1,83,11,1596,1,11,-1,1,-1
20154100E0344,2,9,0,3,0,0,0,0,0,0,2,1,6,2,30,6,1586,1,-1,-1,1,-1
20154100E0344,3,9,0,3,0,0,0,0,0,0,2,1,6,2,47,8,-1,-1,-1,-1,1,-1
20154100E0345,1,9,0,18,0,8,0,0,0,0,1,1,6,2,45,7,1798,1,2,-1,-1,-1
20154100E0345,2,2,0,5,0,4,0,0,0,0,1,1,6,1,18,4,125,1,3,-1,-1,-1
20154100E0348,1,9,0,9,0,4,0,0,0,0,1,1,1,2,50,8,1339,1,9,-1,1,-1
20154100E0348,2,9,0,18,0,8,1,7,0,0,4,1,6,1,68,10,2967,1,12,-1,1,-1
20154100E0349,1,9,0,3,0,1,0,0,0,0,1,1,6,2,50,8,1975,1,8,-1,1,-1
20154100E0349,2,9,0,3,0,1,0,0,0,0,2,1,6,2,21,5,1242,1,6,-1,1,-1
20154100E0349,3,9,0,4,0,1,0,0,0,0,2,1,6,1,53,8,1595,1,1,-1,2,-1
20154100E0351,1,9,0,4,0,6,0,0,0,0,2,1,6,2,52,8,1991,2,5,-1,-1,-1
20154100E0351,2,1,0,18,0,8,0,0,0,0,1,1,1,1,40,7,-1,-1,-1,-1,1,-1
20154100E0357,1,3,0,7,0,2,1,0,0,0,1,1,6,1,21,5,1237,1,-1,-1,1,-1
20154100E0357,2,9,0,18,0,1,0,0,0,0,3,1,6,2,48,8,-1,-1,-1,-1,1,-1
20154100E0363,1,9,0,18,0,1,0,0,0,0,1,1,6,3,-1,-1,-1,-1,-1,-1,-1,-1
20154100E0363,2,9,0,4,0,1,0,0,0,0,2,1,6,1,53,8,1956,2,2,-1,1,-1
20154100E0374,1,9,0,18,0,8,0,0,0,0,3,1,3,2,39,7,1968,2,1,-1,1,-1
20154100E0374,2,9,0,7,0,6,0,0,0,0,3,1,3,2,32,6,1360,1,12,-1,1,-1
20154100E0377,1,9,0,9,0,5,0,0,0,0,1,1,6,2,23,5,999,1,1,-1,1,-1
20154100E0377,2,9,0,18,0,8,0,0,0,0,3,1,6,1,49,8,-1,-1,-1,-1,1,-1
20154100E0378,1,9,0,3,0,1,0,0,0,0,2,1,6,2,55,8,1598,1,11,-1,1,-1
20154100E0378,2,9,0,4,0,1,0,0,0,0,1,1,6,1,26,6,1587,1,14,-1,1,-1
20154100E0386,1,9,0,11,0,3,0,0,0,0,4,1,6,2,-1,-1,-1,-1,-1,-1,-1,-1
20154100E0386,2,5,0,18,0,3,1,0,0,0,3,1,6,1,47,8,1170,1,8,-1,1,-1
20154100E0389,1,1,0,14,0,8,0,0,0,0,1,1,6,1,16,4,-1,-1,-1,-1,1,-1
20154100E0389,2,19,0,2,9,8,0,0,0,0,0,1,6,3,-1,-1,2402,2,8,-1,-1,-1
20154100E0389,3,19,0,18,0,8,0,0,0,0,1,1,2,1,43,7,2461,2,12,-1,2,-1
20154100E0390,1,9,0,18,0,0,0,0,0,0,1,1,6,1,18,4,1229,1,9,-1,1,-1
20154100E0399,1,1,0,18,5,8,0,0,0,0,1,1,6,1,32,6,-1,-1,-1,-1,1,-1
20154100E0399,2,1,0,18,5,8,0,0,0,0,1,1,6,2,-1,-1,-1,-1,-1,-1,1,-1
20154100E0400,1,19,0,18,0,6,0,0,0,0,1,1,2,1,43,7,1686,2,12,-1,1,-1
20154100E0400,2,4,0,18,0,8,0,0,0,0,1,1,2,1,49,8,998,1,17,-1,1,-1
20154100E0401,1,19,0,11,0,8,0,0,0,0,4,1,2,1,33,6,1995,2,2,-1,1,-1
20154100E0401,2,9,0,18,0,8,0,0,0,0,1,1,6,2,18,4,1206,1,6,-1,1,-1
20154100E0402,1,9,0,9,0,4,0,0,0,0,1,1,6,1,23,5,1590,1,14,-1,1,-1
20154100E0402,2,9,0,18,0,4,0,0,0,0,4,1,6,2,49,8,1299,1,16,-1,1,-1
20154100E0404,1,9,0,4,0,4,0,0,0,0,3,1,6,1,33,6,2179,2,7,-1,1,-1
20154100E0404,2,5,0,18,0,8,0,0,0,0,1,1,6,1,24,5,599,1,4,-1,1,-1
20154100E0404,3,9,0,18,0,8,0,0,0,0,0,1,6,3,-1,-1,-1,-1,-1,-1,-1,-1
20154100E0405,1,9,0,5,0,0,0,0,0,0,1,1,6,2,75,10,998,1,1,-1,1,-1
20154100E0405,2,1,0,18,0,0,0,0,0,0,1,1,6,1,-1,-1,-1,-1,-1,-1,-1,-1
20154100E0407,1,9,0,5,0,0,0,4,0,0,4,1,6,1,60,9,1198,1,10,-1,1,-1
20154100E0408,1,9,0,4,0,0,0,0,0,0,1,1,2,2,26,6,1390,1,6,-1,1,-1
20154100E0408,2,9,0,4,0,0,0,0,0,0,2,1,2,2,47,8,1598,1,3,-1,2,-1
20154100E0410,1,19,0,7,0,5,0,0,0,0,4,1,2,1,50,8,2187,2,13,-1,1,-1
20154100E0410,2,1,0,18,0,8,0,0,0,0,1,1,2,1,50,8,-1,-1,-1,-1,1,-1
20154100E0422,1,4,0,10,0,1,0,0,0,0,1,1,6,2,22,5,125,1,-1,-1,1,-1
20154100E0422,2,9,0,10,0,1,0,0,0,0,2,1,6,3,-1,-1,-1,-1,-1,-1,-1,-1
20154100E0423,1,21,1,18,0,8,0,0,0,0,3,1,1,1,67,10,11120,2,-1,-1,1,-1
20154100E0423,2,9,0,18,0,8,0,0,0,0,4,1,6,2,23,5,1364,1,4,-1,1,-1
20154100E0424,1,9,0,14,0,0,1,0,0,0,1,1,6,1,22,5,1242,1,8,-1,1,-1
20154100E0424,2,9,0,18,0,0,1,0,0,0,1,1,2,1,52,8,2967,2,6,-1,1,-1
20154100E0425,1,3,0,18,0,0,0,0,0,0,3,1,6,1,21,5,125,1,-1,-1,1,-1
20154100E0425,2,9,0,13,0,0,0,0,0,0,4,1,6,3,-1,-1,-1,-1,-1,-1,-1,-1
20154100E0429,1,9,0,18,0,3,1,0,1,7,1,1,2,1,20,4,998,1,7,-1,1,-1
20154100E0436,1,9,0,18,0,3,1,10,1,4,1,1,6,1,25,5,1796,1,15,-1,-1,-1
20154100E0436,2,9,0,18,0,3,1,10,1,11,1,1,1,1,30,6,1686,2,2,-1,-1,-1
20154100E0439,1,9,0,18,0,2,0,0,0,0,1,1,6,1,49,8,1598,1,12,-1,1,-1
20154100E0446,1,9,0,18,0,4,0,0,0,0,3,1,6,3,-1,-1,-1,-1,-1,-1,-1,-1
20154100E0446,2,9,0,18,0,8,0,0,0,0,1,1,6,1,61,9,1997,2,12,-1,1,-1
20154100E0454,1,9,0,9,0,4,0,0,0,0,1,1,6,2,52,8,1596,1,14,-1,1,-1
20154100E0454,2,9,0,4,0,8,0,0,0,0,4,1,2,2,60,9,1388,1,5,-1,1,-1
20154100E0454,3,9,0,3,0,8,0,0,0,0,2,1,2,1,55,8,1120,2,-1,-1,1,-1
20154100E0454,4,9,0,3,0,8,0,0,0,0,2,1,2,2,59,9,1598,1,12,-1,1,-1
20154100E0462,1,9,0,18,0,8,0,0,0,0,4,1,6,2,25,5,1560,2,3,-1,1,-1
20154100E0462,2,21,1,18,0,8,0,0,0,0,3,1,1,1,51,8,12900,2,4,-1,1,-1
20154100E0463,1,3,0,4,0,1,1,0,0,0,1,1,6,1,17,4,125,1,3,-1,3,-1
20154100E0463,2,9,0,3,0,1,0,0,0,0,2,1,6,2,54,8,1496,1,-1,-1,1,-1
20154100E0470,1,9,0,10,0,1,0,0,0,0,2,1,6,1,29,6,-1,-1,-1,-1,1,-1
20154100E0470,2,19,0,18,0,1,0,0,0,0,1,1,1,1,21,5,2198,2,2,-1,1,-1
20154100E0474,1,9,0,14,0,0,0,0,0,0,1,1,6,2,35,6,1242,1,3,-1,1,-1
20154100E0475,1,19,0,18,0,0,0,0,0,0,1,1,1,1,27,6,2198,2,3,-1,1,-1
20154100E0475,2,9,0,4,0,0,0,0,0,0,1,1,1,2,30,6,-1,-1,-1,-1,1,-1
20154100E0475,3,9,0,3,0,0,0,0,0,0,2,1,2,2,23,5,1242,1,6,-1,1,-1
20154100E0475,4,9,0,3,0,0,0,0,0,0,2,1,2,2,39,7,999,1,-1,-1,2,-1
20154100E0481,1,9,0,18,0,8,0,0,0,0,4,1,6,1,25,5,1968,2,9,-1,1,-1
20154100E0481,2,9,0,1,0,6,0,0,0,0,2,1,6,2,40,7,1686,2,12,-1,1,-1
20154100E0482,1,1,0,9,0,8,0,0,0,0,4,1,6,1,15,3,-1,-1,-1,-1,1,-1
20154100E0482,2,9,0,18,0,8,0,0,0,0,1,1,6,1,45,7,1596,1,12,-1,-1,-1
20154100E0487,1,2,0,18,0,6,0,0,0,0,1,1,6,1,16,4,49,1,10,-1,1,-1
20154100E0487,2,9,0,18,0,8,0,0,0,0,1,1,2,2,23,5,1229,1,10,-1,1,-1
20154100E0488,1,9,0,4,0,2,0,0,0,0,2,1,6,2,58,9,1461,2,-1,-1,1,-1
20154100E0488,2,9,0,18,0,2,0,0,0,0,1,1,2,2,28,6,1598,1,8,-1,1,-1
20154100E0499,1,9,0,3,0,0,0,4,0,0,3,1,6,2,25,5,1598,1,-1,-1,1,-1
20154100E0499,2,9,0,15,0,0,0,0,0,0,4,1,4,1,18,4,1199,1,12,-1,1,-1
20154100E0499,3,9,0,2,0,0,0,0,0,0,2,1,4,2,37,7,1596,1,7,-1,-1,-1
20154100E0499,4,9,0,2,0,0,0,0,0,0,2,1,4,2,40,7,1598,2,1,-1,1,-1
20154100E0501,1,9,0,4,0,1,0,0,0,0,2,1,6,2,43,7,1490,1,7,-1,1,-1
20154100E0501,2,9,0,4,0,1,0,0,0,0,2,1,6,1,59,9,1560,2,4,-1,1,-1
20154100E0501,3,9,0,18,0,1,0,0,0,0,1,1,6,2,35,6,-1,-1,-1,-1,1,-1
20154100E0509,1,9,0,18,0,8,0,0,0,0,1,1,6,1,26,6,1686,2,4,-1,1,-1
20154100E0510,1,9,0,9,0,6,0,0,0,0,1,1,6,2,19,4,1199,1,15,-1,1,-1
20154100E0510,2,19,0,18,0,8,0,0,0,0,1,1,6,1,47,8,1995,2,8,-1,1,-1
20154100E0511,1,9,0,9,0,5,0,0,0,0,1,1,6,2,49,8,1685,2,-1,-1,1,-1
20154100E0511,2,9,0,18,0,8,0,0,0,0,1,1,6,2,37,7,1390,1,16,-1,1,-1
20154100E0512,1,9,0,4,0,1,0,0,0,0,1,1,6,1,40,7,1364,1,10,-1,1,-1
20154100E0512,2,9,0,3,0,1,0,0,0,0,2,1,6,2,31,6,1600,1,4,-1,1,-1
20154100E0513,1,9,0,18,0,1,2,4,0,0,1,1,6,1,24,5,-1,-1,-1,-1,1,-1
20154100E0513,2,9,0,2,0,1,0,4,0,0,2,1,6,3,-1,-1,1360,1,4,-1,-1,-1
20154100E0513,3,9,0,2,0,1,0,4,0,0,2,1,6,3,-1,-1,1598,1,14,-1,-1,-1
20154100E0513,4,19,0,2,0,1,0,0,0,0,2,1,6,3,-1,-1,2198,2,2,-1,-1,-1
20154100E0516,1,9,0,18,0,0,0,0,0,0,1,1,6,1,30,6,1591,1,3,-1,-1,-1
20154100E0518,1,9,0,18,0,8,0,0,0,0,3,1,6,2,44,7,1360,1,8,-1,1,-1
20154100E0518,2,9,0,9,0,4,0,0,0,0,4,1,6,1,37,7,1595,1,12,-1,1,-1
20154100E0525,1,9,0,18,0,0,0,0,0,0,1,1,6,1,26,6,1598,2,3,-1,1,-1
20154100E0535,1,9,0,18,0,0,1,0,0,0,1,1,1,1,19,4,1199,1,14,-1,1,-1
20154100E0535,2,9,0,4,0,0,0,0,0,0,2,1,6,2,29,6,1968,2,1,-1,2,-1
20154100E0542,1,9,0,4,0,1,0,0,0,0,1,1,6,2,50,8,1396,1,3,-1,1,-1
20154100E0542,2,9,0,3,0,1,0,0,0,0,2,1,6,2,19,4,1396,2,1,-1,1,-1
20154100E0543,1,9,0,18,0,1,0,0,0,0,1,1,6,2,70,10,1900,2,9,-1,3,-1
20154100E0543,2,9,0,18,0,1,0,0,0,0,2,1,6,1,40,7,2494,1,18,-1,3,-1
20154100E0565,1,1,0,7,5,6,0,0,0,0,1,1,6,1,25,5,-1,-1,-1,-1,-1,-1
20154100E0565,2,2,0,18,5,8,0,0,0,0,1,1,1,1,52,8,-1,-1,-1,-1,1,-1
20154100E0568,1,9,0,18,0,0,5,0,0,0,3,1,6,1,75,10,1968,2,6,-1,1,-1
20154100E0568,2,17,0,18,0,0,0,0,0,0,4,2,1,1,50,8,5675,2,-1,-1,3,-1
20154100E0571,1,9,0,14,0,0,0,0,0,0,1,1,6,1,60,9,-1,-1,-1,-1,-1,-1
20154100E0574,1,9,0,18,0,1,0,0,0,0,0,1,1,2,43,7,1248,2,1,-1,-1,-1
20154100E0574,2,19,0,18,0,8,0,0,0,0,1,1,6,1,33,6,2400,2,13,-1,1,-1
20154100E0574,3,9,0,4,0,8,0,0,0,0,2,1,6,1,48,8,1999,1,7,-1,1,-1
20154100E0577,1,9,0,3,0,1,0,0,0,0,1,1,6,1,30,6,1560,2,9,-1,1,-1
20154100E0577,2,9,0,4,0,1,0,0,0,0,2,1,6,2,28,6,1896,2,12,-1,1,-1
20154100E0578,1,9,0,18,0,0,0,0,0,0,2,1,6,2,29,6,1299,1,9,-1,1,-1
20154100E0578,2,9,0,18,0,0,0,0,0,0,1,1,6,1,52,8,1596,1,6,-1,1,-1
20154100E0579,1,19,0,9,0,8,0,0,0,0,1,1,1,1,55,8,-1,-1,-1,-1,1,-1
20154100E0579,2,3,0,18,0,6,0,0,0,0,4,1,2,1,36,7,-1,-1,-1,-1,1,-1
20154100E0587,1,9,0,18,0,0,0,0,0,0,1,1,3,2,35,6,-1,-1,-1,-1,-1,-1
20154100E0587,2,1,0,18,0,0,0,0,0,0,3,1,4,1,12,3,-1,-1,-1,-1,1,-1
20154100E0589,1,8,0,3,0,1,0,0,0,0,2,1,1,1,30,6,1998,2,9,-1,1,-1
20154100E0589,2,9,0,4,0,1,0,0,0,0,1,1,6,1,30,6,1598,1,10,-1,1,-1
20154100E0591,1,9,0,9,0,5,0,0,0,0,1,1,6,1,64,9,1596,1,13,-1,1,-1
20154100E0591,2,9,0,18,0,8,0,0,0,0,1,1,6,1,80,11,1229,1,10,-1,1,-1
20154100E0604,1,9,0,18,0,8,1,0,0,0,1,1,2,1,56,9,1595,2,5,-1,2,-1
20154100E0604,2,9,0,9,0,5,0,0,0,0,4,1,2,2,47,8,1242,1,7,-1,1,-1
20154100E0609,1,9,0,13,0,0,0,0,0,0,1,1,6,2,78,11,-1,-1,-1,-1,1,-1
20154100E0609,2,9,0,18,0,0,0,0,0,0,1,1,6,2,39,7,1388,1,10,-1,3,-1
20154100E0609,3,20,1,18,0,0,0,0,0,0,0,1,1,1,50,8,-1,-1,-1,-1,3,-1
20154100E0612,1,20,0,1,0,6,0,0,0,0,2,1,6,1,30,6,-1,-1,-1,-1,1,-1
20154100E0612,2,1,0,18,0,8,1,0,0,0,4,1,6,1,20,4,-1,-1,-1,-1,-1,-1
20154100E0614,1,19,0,4,0,1,0,0,0,0,1,1,2,1,39,7,1560,2,2,-1,1,-1
20154100E0614,2,9,0,3,0,1,0,0,0,0,2,1,2,2,47,8,1598,2,3,-1,1,-1
20154100E0615,1,9,0,4,0,1,0,0,0,0,1,1,1,1,41,7,1598,2,2,-1,1,-1
20154100E0615,2,9,0,10,0,1,0,0,0,0,2,1,2,2,48,8,-1,-1,-1,-1,1,-1
20154100E0616,1,9,0,18,0,8,0,0,0,0,1,1,6,1,20,4,1995,2,3,-1,1,-1
20154100E0616,2,9,0,9,0,5,0,0,0,0,4,1,2,1,28,6,-1,-1,-1,-1,1,-1
20154100E0625,1,9,0,11,0,0,0,0,0,0,4,1,2,1,54,8,1798,1,12,-1,3,-1
20154100E0625,2,5,0,15,0,0,1,0,1,0,1,1,2,1,23,5,-1,-1,-1,-1,1,-1
20154100E0625,3,9,0,18,0,0,0,0,0,0,2,1,2,1,53,8,1910,2,11,-1,1,-1
20154100E0630,1,9,0,18,0,1,0,0,0,0,1,1,6,1,25,5,1796,1,16,-1,-1,-1
20154100E0630,2,9,0,3,0,1,0,0,0,0,2,1,6,2,35,6,1991,2,8,-1,1,-1
20154100E0633,1,9,0,5,0,4,0,0,0,0,4,1,6,1,41,7,1596,1,8,-1,1,-1
20154100E0633,2,9,0,5,0,4,0,0,0,0,3,1,6,2,41,7,1296,1,7,-1,1,-1