Accident_Index,Vehicle_Reference,Vehicle_Type,Towing_and_Articulation,Vehicle_Manoeuvre,Vehicle_Location-Restricted_Lane,Junction_Location,Skidding_and_Overturning,Hit_Object_in_Carriageway,Vehicle_Leaving_Carriageway,Hit_Object_off_Carriageway,1st_Point_of_Impact,Was_Vehicle_Left_Hand_Drive?,Journey_Purpose_of_Driver,Sex_of_Driver,Age_of_Driver,Age_Band_of_Driver,Engine_Capacity_(CC),Propulsion_Code,Age_of_Vehicle,Driver_IMD_Decile,Driver_Home_Area_Type,Vehicle_IMD_Decile
20154100E0635,1,9,0,5,0,4,0,0,0,0,1,1,6,1,20,4,1796,1,10,-1,-1,-1
20154100E0635,2,9,0,18,0,8,0,0,0,0,1,1,6,2,51,8,998,1,4,-1,1,-1
20154100E0640,1,9,0,18,0,8,0,0,0,0,1,1,6,1,35,6,1124,1,12,-1,1,-1
20154100E0642,1,9,0,7,0,8,1,10,3,10,4,1,6,1,29,6,1595,1,18,-1,1,-1
20154100E0644,1,9,0,18,0,8,0,0,0,0,4,1,6,1,27,6,1596,1,15,-1,1,-1
20154100E0644,2,9,0,9,0,6,0,0,0,0,1,1,6,2,39,7,1560,2,5,-1,1,-1
20154100E0645,1,9,0,10,0,1,0,0,0,0,1,1,6,2,20,4,1242,1,9,-1,1,-1
20154100E0645,2,9,0,9,0,5,0,0,0,0,1,1,6,2,25,5,1390,1,-1,-1,1,-1
20154100E0646,1,9,0,18,0,8,1,0,1,7,1,1,6,2,19,4,1398,2,12,-1,1,-1
20154100E0647,1,9,0,4,0,1,1,0,0,0,2,1,6,2,65,9,1995,2,13,-1,1,-1
20154100E0647,2,9,0,4,0,1,0,0,0,0,2,1,6,1,80,11,2151,2,16,-1,3,-1
20154100E0647,3,9,0,4,0,1,0,0,0,0,1,1,6,2,50,8,1596,1,4,-1,1,-1
20154100E0652,1,9,0,18,0,1,5,0,0,0,1,1,6,2,60,9,1248,2,11,-1,3,-1
20154100E0652,2,21,0,4,0,1,0,0,0,0,2,1,1,1,49,8,4250,2,5,-1,1,-1
20154100E0653,1,9,0,5,0,4,0,0,0,0,1,1,6,1,50,8,1968,2,-1,-1,1,-1
20154100E0653,2,4,0,18,0,8,0,0,0,0,4,1,6,1,20,4,124,1,2,-1,1,-1
20154100E0654,1,9,0,18,0,4,1,0,1,2,1,1,6,1,72,10,1997,2,1,-1,1,-1
20154100E0655,1,9,0,18,0,2,0,0,0,0,3,1,6,1,28,6,1360,1,9,-1,1,-1
20154100E0656,1,9,0,18,0,1,0,0,0,0,1,1,6,1,20,4,-1,-1,-1,-1,1,-1
20154100E0656,2,9,0,8,0,1,0,0,0,0,2,1,6,1,57,9,1499,2,-1,-1,1,-1
20154100E0657,1,9,0,9,0,6,0,0,0,0,3,1,6,2,54,8,1798,1,1,-1,1,-1
20154100E0657,2,3,0,18,0,8,1,0,0,0,1,1,2,1,29,6,124,1,-1,-1,1,-1
20154100E0659,1,9,0,18,0,8,0,0,0,0,3,1,6,2,33,6,998,1,-1,-1,1,-1
20154100E0659,2,9,0,9,0,8,0,0,0,0,1,1,6,2,19,4,1198,1,5,-1,1,-1
20154100E0661,1,9,0,4,0,0,0,0,0,0,1,1,6,1,30,6,1598,1,17,-1,1,-1
20154100E0661,2,9,0,3,0,0,0,0,0,0,2,1,6,2,47,8,1388,1,4,-1,1,-1
20154100F0004,1,9,0,18,9,8,0,0,3,10,1,1,6,2,88,11,1390,1,6,-1,1,-1
20154100F0007,1,8,0,4,0,1,0,0,0,0,0,1,6,1,43,7,-1,-1,-1,-1,-1,-1
20154100F0008,1,20,1,12,0,0,0,0,0,0,3,2,1,1,50,8,-1,-1,-1,-1,-1,-1
20154100F0008,2,9,0,18,0,0,0,0,0,0,4,1,1,2,49,8,1596,1,13,-1,1,-1
20154100F0012,1,9,0,9,0,6,0,0,0,0,3,1,6,2,28,6,1149,1,10,-1,3,-1
20154100F0012,2,1,0,18,0,8,0,0,0,0,1,1,6,1,25,5,-1,-1,-1,-1,2,-1
20154100F0013,1,9,0,9,0,6,0,0,0,0,3,1,6,2,53,8,1596,1,9,-1,1,-1
20154100F0013,2,19,0,18,0,8,0,0,0,0,1,1,1,1,47,8,-1,-1,-1,-1,1,-1
20154100F0020,1,9,0,9,0,5,0,0,0,0,1,1,6,1,51,8,1997,2,7,-1,1,-1
20154100F0020,2,1,0,18,0,8,0,0,0,0,1,1,6,1,30,6,-1,-1,-1,-1,1,-1
20154100F0025,1,9,0,18,0,1,0,0,0,0,1,1,1,1,56,9,-1,-1,-1,-1,1,-1
20154100F0025,2,9,0,10,0,1,0,0,0,0,2,1,1,1,58,9,-1,-1,-1,-1,1,-1
20154100F0025,3,8,0,18,0,1,0,0,0,0,1,1,1,1,50,8,1686,2,7,-1,1,-1
20154100F0027,1,9,0,18,0,0,0,0,0,0,3,1,6,3,-1,-1,-1,-1,-1,-1,-1,-1
20154100F0027,2,9,0,18,0,0,0,0,0,0,3,1,6,2,18,4,-1,-1,-1,-1,1,-1
20154100F0029,1,1,0,18,0,0,0,0,0,0,3,1,6,2,51,8,-1,-1,-1,-1,1,-1
20154100F0029,2,9,0,13,0,0,0,0,0,0,4,1,6,3,-1,-1,1840,1,14,-1,-1,-1
20154100F0030,1,3,0,18,0,8,0,0,0,0,4,1,6,1,31,6,124,1,23,-1,1,-1
20154100F0030,2,19,0,9,0,5,0,0,0,0,4,1,1,1,52,8,2298,2,5,-1,1,-1
20154100F0033,1,9,0,18,0,0,0,0,0,0,1,1,6,1,35,6,-1,-1,-1,-1,-1,-1
20154100F0033,2,9,0,4,0,0,0,0,0,0,2,1,6,1,53,8,1968,2,3,-1,1,-1
20154100F0033,3,9,0,4,0,0,0,0,0,0,2,1,6,1,40,7,1999,1,7,-1,1,-1
20154100F0034,1,9,0,17,0,0,1,0,1,4,1,1,6,1,42,7,-1,-1,-1,-1,1,-1
20154100F0040,1,9,0,18,0,6,0,0,0,0,1,1,6,2,40,7,1596,1,2,-1,1,-1
20154100F0041,1,9,0,9,0,5,0,0,0,0,4,1,1,1,29,6,1796,1,9,-1,1,-1
20154100F0041,2,1,0,18,0,8,0,0,0,0,1,1,2,1,38,7,-1,-1,-1,-1,1,-1
20154100F0051,1,9,0,18,0,1,0,0,0,0,1,1,6,3,-1,-1,-1,-1,-1,-1,-1,-1
20154100F0051,2,9,0,3,0,1,0,0,3,0,2,1,6,2,19,4,998,1,13,-1,1,-1
20154100F0056,1,9,0,8,0,1,0,0,0,0,2,1,6,1,51,8,1999,1,9,-1,-1,-1
20154100F0056,2,9,0,3,0,1,0,0,0,0,2,1,1,1,43,7,1910,2,8,-1,1,-1
20154100F0056,3,11,0,18,0,1,0,0,0,0,1,1,1,1,40,7,4250,2,12,-1,-1,-1
20154100F0057,1,9,0,18,0,0,0,0,0,0,1,1,6,2,24,5,1461,2,1,-1,2,-1
20154100F0059,1,9,0,18,0,0,0,0,0,0,4,1,2,2,54,8,1149,1,15,-1,3,-1
20154100F0064,1,9,0,7,0,3,0,0,0,0,1,1,6,2,42,7,1995,2,1,-1,2,-1
20154100F0064,2,1,0,18,0,8,0,0,0,0,3,1,6,1,51,8,-1,-1,-1,-1,1,-1
20154100F0070,1,9,0,4,0,1,1,0,0,0,1,1,1,1,27,6,1229,1,4,-1,1,-1
20154100F0070,2,9,0,10,0,1,0,0,0,0,2,1,3,2,42,7,2967,2,6,-1,3,-1
20154100F0073,1,9,0,10,0,0,0,0,0,0,2,1,3,2,22,5,1360,1,14,-1,1,-1
20154100F0073,2,9,0,18,0,0,0,0,0,0,1,1,3,2,18,4,1968,2,4,-1,1,-1
20154100F0082,1,9,0,18,0,8,0,0,0,0,1,1,6,2,46,8,1242,1,4,-1,1,-1
20154100F0082,2,9,0,9,0,6,0,0,0,0,3,1,6,2,63,9,1598,1,4,-1,1,-1
20154100F0083,1,9,0,4,0,0,0,0,0,0,1,1,2,1,40,7,1242,1,3,-1,1,-1
20154100F0098,1,9,0,13,0,0,1,0,1,10,1,1,6,1,19,4,1388,1,12,-1,3,-1
20154100F0098,2,9,0,2,9,0,0,0,0,0,2,1,6,3,-1,-1,2191,2,1,-1,1,-1
20154100F0099,1,9,0,12,0,1,0,0,0,0,1,1,6,2,20,4,-1,-1,-1,-1,1,-1
20154100F0099,2,9,0,18,0,1,0,0,0,0,3,1,6,2,60,9,1796,1,8,-1,1,-1
20154100F0099,3,9,0,18,0,1,0,0,0,0,4,1,6,2,50,8,-1,-1,-1,-1,1,-1
20154100F0101,1,11,0,18,0,0,0,0,0,0,1,1,1,1,32,6,4461,2,2,-1,1,-1
20154100F0102,1,9,0,18,0,0,2,0,0,0,1,1,6,2,54,8,-1,-1,-1,-1,1,-1
20154100F0102,2,9,0,18,0,0,0,0,1,1,2,1,6,1,61,9,-1,-1,-1,-1,1,-1
20154100F0107,1,9,0,18,0,1,0,0,0,0,1,1,6,2,25,5,-1,-1,-1,-1,-1,-1
20154100F0110,1,9,0,9,0,2,0,0,0,0,1,1,2,2,27,6,-1,-1,-1,-1,1,-1
20154100F0112,1,9,0,7,0,2,0,0,0,0,1,1,2,1,64,9,1242,1,4,-1,1,-1
20154100F0112,2,9,0,3,0,1,0,0,0,0,0,1,2,2,32,6,1198,1,4,-1,-1,-1
20154100F0114,1,9,0,16,0,2,1,0,0,0,1,1,2,2,31,6,1124,1,10,-1,1,-1
20154100F0114,2,9,0,17,0,1,0,0,0,0,1,1,2,2,65,9,1994,2,8,-1,2,-1
20154100F0116,1,9,0,9,0,6,0,0,0,0,3,1,6,2,-1,-1,1242,1,5,-1,1,-1
20154100F0116,2,9,0,18,0,8,0,0,0,0,1,1,6,2,29,6,-1,-1,-1,-1,2,-1
20154100F0118,1,9,0,17,0,0,2,0,1,3,1,1,6,1,28,6,-1,-1,-1,-1,1,-1
20154100F0123,1,9,0,18,0,1,0,0,0,0,1,1,6,2,41,7,-1,-1,-1,-1,1,-1
20154100F0123,2,9,0,4,0,1,0,0,0,0,2,1,6,2,59,9,-1,-1,-1,-1,1,-1
20154100F0124,1,9,0,18,0,1,0,0,0,0,1,1,6,2,-1,-1,-1,-1,-1,-1,-1,-1
20154100F0124,2,9,0,3,0,1,0,0,0,0,2,1,1,2,27,6,1388,1,13,-1,1,-1
20154100F0124,3,9,0,10,0,1,0,0,7,0,2,1,1,2,26,6,-1,-1,-1,-1,1,-1
20154100F0131,1,9,0,18,0,0,0,0,0,0,1,1,2,1,23,5,1229,1,1,-1,1,-1
20154100F0131,2,1,0,18,0,0,0,0,1,0,2,1,2,1,52,8,-1,-1,-1,-1,1,-1
20154100F0132,1,19,0,18,0,1,1,0,0,0,1,1,1,1,29,6,2402,2,8,-1,-1,-1
20154100F0132,2,9,0,3,0,1,0,0,0,0,2,1,6,1,59,9,1560,2,3,-1,1,-1
20154100F0135,1,9,0,5,0,6,0,0,0,0,1,1,6,1,30,6,1686,2,1,-1,1,-1
20154100F0135,2,9,0,18,0,8,0,0,0,0,4,1,1,1,37,7,1753,2,7,-1,1,-1
20154100F0137,1,9,0,5,0,1,0,0,0,0,0,1,6,2,55,8,1686,2,10,-1,1,-1
20154100F0137,2,11,0,5,0,1,0,0,0,0,0,1,1,1,53,8,11967,2,8,-1,1,-1
20154100F0138,1,9,0,9,0,6,0,0,0,0,4,1,6,2,24,5,1997,1,10,-1,1,-1
20154100F0141,1,9,0,2,0,0,0,0,0,0,3,1,6,1,36,7,1995,2,1,-1,1,-1
20154100F0141,2,11,0,4,0,0,0,8,0,0,1,1,1,1,64,9,11967,2,8,-1,1,-1
20154100F0147,1,9,0,18,0,0,2,0,7,9,1,1,6,1,45,7,1997,2,14,-1,1,-1
20154100F0150,1,9,0,5,0,6,0,0,0,0,1,1,6,1,27,6,1390,1,14,-1,1,-1
20154100F0150,2,1,0,18,0,8,1,0,0,0,1,1,6,1,35,6,-1,-1,-1,-1,3,-1
20154100F0153,1,9,0,18,0,0,0,0,0,0,1,1,6,2,23,5,1398,2,6,-1,1,-1
20154100F0153,2,9,0,13,0,0,0,0,0,0,1,1,6,1,27,6,-1,-1,-1,-1,1,-1
20154100F0154,1,9,0,5,0,1,0,0,0,0,1,1,6,2,21,5,1598,1,12,-1,1,-1
20154100F0154,2,9,0,3,0,1,0,0,0,0,2,1,6,1,38,7,1998,2,8,-1,1,-1
20154100F0162,1,9,0,18,0,1,0,0,0,0,1,1,6,2,-1,-1,-1,-1,-1,-1,-1,-1
20154100F0162,2,9,0,3,0,1,0,0,0,0,2,1,2,2,20,4,-1,-1,-1,-1,1,-1
20154100F0163,1,9,0,18,0,0,0,4,0,0,1,1,6,1,88,11,1329,1,6,-1,1,-1
20154100F0163,2,9,0,2,0,0,0,0,0,0,2,1,6,1,62,9,-1,-1,-1,-1,1,-1
20154100F0164,1,9,0,11,0,0,0,0,0,0,4,1,6,2,-1,-1,-1,-1,-1,-1,-1,-1
20154100F0164,2,5,0,11,0,0,0,0,0,0,3,1,6,1,44,7,-1,-1,-1,-1,-1,-1
20154100F0171,1,9,0,14,0,0,0,0,0,0,1,1,6,1,38,7,1598,1,5,-1,1,-1
20154100F0173,1,9,0,4,0,8,0,0,0,0,0,1,1,1,22,5,1248,2,3,-1,1,-1
20154100F0173,2,9,0,9,0,8,1,0,7,7,1,1,6,1,20,4,1798,1,6,-1,1,-1
20154100F0173,3,9,0,4,0,4,0,0,0,0,0,1,1,1,27,6,-1,-1,-1,-1,-1,-1
20154100F0177,1,9,0,18,0,4,0,0,0,0,1,1,6,2,40,7,-1,-1,-1,-1,-1,-1
20154100F0177,2,9,0,18,0,8,0,0,0,0,4,1,1,2,50,8,999,1,1,-1,1,-1
20154100F0180,1,19,0,18,0,0,0,0,0,0,1,1,1,1,64,9,1461,2,1,-1,-1,-1
20154100F0180,2,9,0,3,0,0,0,0,0,0,2,1,6,2,40,7,1360,1,12,-1,1,-1
20154100F0180,3,9,0,3,0,0,0,0,0,0,2,1,6,1,54,8,1995,2,3,-1,3,-1
20154100F0181,1,9,0,18,0,0,0,0,0,0,1,1,6,1,47,8,1598,2,3,-1,1,-1
20154100F0181,2,9,0,18,0,0,5,0,1,7,2,1,6,2,49,8,-1,-1,-1,-1,1,-1
20154100F0182,1,9,0,1,0,0,0,0,0,0,2,1,3,1,39,7,1997,2,8,-1,1,-1
20154100F0183,1,9,0,18,0,8,0,0,0,0,3,1,6,2,32,6,1998,2,16,-1,1,-1
20154100F0183,2,21,1,18,0,8,0,0,0,0,4,1,1,1,45,7,11705,2,2,-1,-1,-1
20154100F0194,1,9,0,18,0,8,0,0,0,0,4,1,6,2,45,7,1595,1,9,-1,1,-1
20154100F0194,2,9,0,9,0,6,0,0,0,0,1,1,6,1,-1,-1,1498,1,8,-1,-1,-1
20154100F0199,1,9,0,18,0,0,0,0,0,0,1,1,6,2,34,6,1598,1,9,-1,1,-1
20154100F0199,2,19,0,1,0,0,0,0,0,0,2,1,6,1,-1,-1,2151,2,13,-1,-1,-1
20154100F0200,1,9,0,18,0,2,0,0,0,0,1,1,6,2,35,6,1108,1,6,-1,-1,-1
20154100F0200,2,9,0,3,0,2,0,0,0,0,2,1,6,1,24,5,-1,-1,-1,-1,1,-1
20154100F0202,1,9,0,18,0,0,0,0,0,0,1,1,6,2,41,7,1896,2,7,-1,1,-1
20154100F0202,2,9,0,18,0,0,0,0,0,0,1,1,6,1,47,8,-1,-1,-1,-1,1,-1
20154100F0204,1,9,0,5,8,0,0,0,0,0,1,1,1,2,51,8,1398,1,1,-1,2,-1
20154100F0204,2,9,0,18,0,0,0,0,0,0,4,1,1,1,28,6,2400,2,1,-1,-1,-1
20154100F0207,1,9,0,7,0,6,1,0,0,0,3,1,6,2,37,7,1398,2,11,-1,1,-1
20154100F0207,2,9,0,18,0,8,1,0,0,0,1,1,6,1,26,6,-1,-1,-1,-1,1,-1
20154100F0216,1,9,0,18,0,0,1,0,0,0,1,1,6,3,45,7,1686,2,14,-1,-1,-1
20154100F0216,2,9,0,18,0,0,0,0,0,0,1,1,6,1,73,10,998,1,16,-1,1,-1
20154100F0217,1,9,0,4,0,0,0,0,0,0,4,1,6,2,22,5,1242,1,1,-1,1,-1
20154100F0219,1,9,0,9,0,6,0,0,0,0,3,1,6,1,18,4,-1,-1,-1,-1,1,-1
20154100F0219,2,9,0,18,0,8,0,0,0,0,1,1,2,2,52,8,1598,1,6,-1,1,-1
20154100F0225,1,19,0,18,0,0,1,0,7,4,1,1,1,1,45,7,1248,2,4,-1,1,-1
20154100F0226,1,9,0,18,0,1,0,0,0,0,1,1,6,1,30,6,-1,-1,-1,-1,-1,-1
20154100F0226,2,9,0,10,0,1,0,0,0,0,2,1,6,2,46,8,-1,-1,-1,-1,1,-1
20154100F0230,1,11,0,4,0,2,0,0,0,0,4,1,1,1,40,7,-1,-1,-1,-1,-1,-1
20154100F0236,1,9,0,14,0,4,0,0,0,0,1,1,6,1,27,6,-1,-1,-1,-1,1,-1
20154100F0236,2,9,0,18,0,4,0,0,0,0,2,1,6,2,29,6,1798,1,8,-1,1,-1
20154100F0242,1,9,0,18,0,4,0,0,0,0,1,1,6,1,30,6,-1,-1,-1,-1,1,-1
20154100F0242,2,1,0,18,0,8,0,0,0,0,4,1,6,1,34,6,-1,-1,-1,-1,1,-1
20154100F0245,1,9,0,17,0,0,1,0,2,4,1,1,6,2,56,9,1061,1,12,-1,3,-1
20154100F0247,1,9,0,18,0,0,1,0,1,7,1,1,6,1,30,6,1995,2,1,-1,1,-1
20154100F0249,1,9,0,18,0,0,0,0,0,0,1,1,2,2,21,5,-1,-1,-1,-1,1,-1
20154100F0249,2,9,0,13,0,0,0,0,0,0,1,1,6,1,37,7,-1,-1,-1,-1,1,-1
20154100F0250,1,3,0,4,0,2,1,7,0,0,1,1,6,1,57,9,279,1,6,-1,1,-1
20154100F0250,2,9,0,3,0,2,0,0,0,0,2,1,6,1,19,4,1198,1,13,-1,2,-1
20154100F0255,1,9,0,18,0,4,0,0,0,0,1,1,6,2,42,7,1242,1,11,-1,1,-1
20154100F0255,2,9,0,9,0,8,0,0,0,0,1,1,6,2,19,4,1242,1,3,-1,1,-1
20154100F0259,1,9,0,18,0,4,0,0,0,0,1,1,1,1,69,10,1870,2,9,-1,1,-1
20154100F0259,2,3,0,9,0,8,0,0,0,0,4,1,1,1,20,4,125,1,3,-1,1,-1
20154100F0260,1,9,0,9,0,6,0,0,0,0,1,1,1,1,43,7,1797,8,6,-1,-1,-1
20154100F0260,2,9,0,5,0,8,0,0,0,0,3,1,2,2,27,6,1560,2,4,-1,1,-1
20154100F0263,1,9,0,18,0,0,0,0,0,0,1,1,6,2,20,4,1000,1,15,-1,1,-1
20154100F0263,2,9,0,3,0,0,0,0,0,0,1,1,6,1,37,7,1997,1,11,-1,1,-1
20154100F0269,1,9,0,18,0,1,0,0,0,0,1,1,6,2,40,7,3456,8,5,-1,3,-1
20154100F0269,2,9,0,10,0,1,0,0,0,0,2,1,6,2,36,7,-1,-1,-1,-1,1,-1
20154100F0272,1,19,0,16,0,0,0,0,7,4,1,1,1,1,22,5,2402,2,6,-1,1,-1
20154100F0275,1,9,0,17,0,8,0,0,0,0,1,1,6,1,20,4,1493,2,7,-1,1,-1
20154100F0275,2,9,0,16,0,8,0,0,0,0,1,1,6,1,28,6,1199,1,12,-1,1,-1
20154100F0277,1,4,0,13,0,8,0,0,7,0,1,1,2,1,32,6,600,1,10,-1,1,-1
20154100F0277,2,9,0,9,0,5,0,0,0,0,3,1,3,2,42,7,1968,2,3,-1,1,-1
20154100F0279,1,9,0,18,0,1,1,0,0,0,1,1,6,1,88,11,1895,1,16,-1,1,-1
20154100F0279,2,9,0,18,0,2,0,0,0,0,3,1,6,1,27,6,1299,1,15,-1,1,-1
20154100F0279,3,9,0,10,0,1,0,0,0,0,2,1,6,1,33,6,1995,2,8,-1,1,-1
20154100F0281,1,3,0,18,0,1,0,0,0,0,2,1,6,1,33,6,-1,-1,-1,-1,1,-1
20154100F0281,2,9,0,18,0,1,0,0,0,0,1,1,6,1,-1,-1,1995,1,12,-1,1,-1
20154100F0282,1,9,0,4,0,0,0,0,0,0,2,1,3,1,-1,-1,1240,1,12,-1,1,-1
20154100F0282,2,3,0,4,0,0,0,0,0,0,1,1,6,1,20,4,124,1,2,-1,1,-1
20154100F0283,1,9,0,18,0,8,0,0,0,0,4,1,6,2,67,10,1560,2,2,-1,1,-1
20154100F0285,1,9,0,18,0,6,0,0,0,0,1,1,6,1,80,11,1395,1,1,-1,1,-1
20154100F0285,2,1,0,18,0,8,0,0,0,0,2,1,6,1,61,9,-1,-1,-1,-1,3,-1
20154100F0287,1,20,0,4,0,0,0,0,0,0,1,1,6,1,40,7,-1,-1,-1,-1,-1,-1
20154100F0287,2,9,0,3,0,0,0,0,0,0,2,1,6,2,50,8,1198,1,1,-1,-1,-1
20154100F0288,1,9,0,4,0,1,0,0,0,0,3,1,2,2,42,7,1595,1,18,-1,1,-1
20154100F0288,2,1,0,18,0,1,0,0,0,0,1,1,1,1,18,4,-1,-1,-1,-1,1,-1
20154100F0296,1,9,0,4,0,1,1,0,0,0,1,1,6,1,24,5,1595,1,8,-1,-1,-1
20154100F0296,2,9,0,4,0,1,0,0,7,0,2,1,6,1,31,6,1560,2,2,-1,1,-1
20154100F0299,1,1,0,18,0,8,0,0,0,0,1,1,6,1,33,6,-1,-1,-1,-1,1,-1
20154100F0299,2,9,0,9,0,5,0,0,0,0,4,1,6,1,55,8,1198,1,6,-1,-1,-1
20154100F0301,1,9,0,18,0,0,0,0,4,2,1,1,6,1,31,6,1998,1,11,-1,1,-1
20154100F0301,2,9,0,18,0,0,0,0,0,0,1,1,6,1,37,7,-1,-1,-1,-1,1,-1
20154100F0303,1,19,0,1,0,0,0,0,0,0,2,1,6,1,32,6,2198,2,7,-1,1,-1
20154100F0307,1,9,0,18,0,0,0,0,1,4,3,1,6,1,82,11,4997,1,22,-1,1,-1
20154100F0309,1,9,0,18,0,0,1,0,0,0,1,1,6,2,52,8,1248,2,1,-1,1,-1
20154100F0309,2,9,0,13,0,0,0,0,0,0,0,1,6,3,-1,-1,-1,-1,-1,-1,-1,-1
20154100F0309,3,9,0,4,0,0,1,0,0,0,2,1,6,2,39,7,1497,8,6,-1,2,-1
20154100F0314,1,21,1,9,0,5,0,0,0,0,4,2,1,1,39,7,-1,-1,-1,-1,-1,-1
20154100F0314,2,1,0,18,0,8,0,0,0,0,1,1,6,1,34,6,-1,-1,-1,-1,1,-1
20154100F0315,1,9,0,18,0,6,1,0,0,0,4,1,1,1,20,4,1248,2,5,-1,-1,-1
20154100F0315,2,9,0,18,0,8,1,0,0,0,1,1,6,1,53,8,-1,-1,-1,-1,2,-1
20154100F0318,1,9,0,4,0,1,0,0,0,0,1,1,1,1,39,7,1796,1,10,-1,1,-1
20154100F0318,2,9,0,18,0,1,0,0,0,0,2,1,6,1,22,5,2143,2,5,-1,1,-1
20154100F0318,3,9,0,18,0,1,0,0,0,0,1,1,6,1,43,7,1364,1,6,-1,1,-1
20154100F0320,1,9,0,9,0,6,0,0,0,0,1,1,6,1,39,7,1999,1,13,-1,1,-1
20154100F0320,2,9,0,18,0,8,0,0,0,0,3,1,6,2,56,9,1397,1,7,-1,1,-1
20154100F0321,1,9,0,18,0,0,1,0,0,0,1,1,1,2,43,7,1598,2,1,-1,1,-1
20154100F0321,2,9,0,4,0,0,0,0,0,0,2,1,6,2,47,8,2993,2,4,-1,1,-1
20154100F0322,1,19,0,18,0,0,1,0,1,4,1,1,1,1,33,6,2402,2,7,-1,1,-1
20154100F0325,1,9,0,9,0,4,0,0,0,0,1,1,6,1,66,10,2401,2,11,-1,1,-1
20154100F0325,2,9,0,18,0,8,0,0,0,0,4,1,6,1,32,6,-1,-1,-1,-1,1,-1
20154100F0327,1,3,0,18,0,0,0,0,0,0,3,1,6,1,19,4,-1,-1,-1,-1,1,-1
20154100F0327,2,9,0,13,0,0,0,0,0,0,4,1,6,3,-1,-1,-1,-1,-1,-1,-1,-1
20154100F0330,1,3,0,4,0,1,0,0,0,0,4,1,6,1,29,6,124,1,9,-1,1,-1
20154100F0330,2,9,0,4,0,1,0,0,0,0,3,1,6,1,86,11,1596,1,9,-1,1,-1
20154100F0331,1,9,0,18,0,1,0,0,0,0,1,1,6,2,59,9,1598,1,2,-1,1,-1
20154100F0331,2,9,0,18,0,2,0,0,0,0,3,1,6,2,23,5,1248,1,6,-1,1,-1
20154100F0331,3,9,0,2,6,2,0,0,0,0,2,1,6,3,-1,-1,1995,2,11,-1,-1,-1
20154100F0331,4,9,0,2,6,2,0,0,0,0,1,1,6,3,-1,-1,1598,1,13,-1,-1,-1
20154100F0331,5,9,0,2,6,2,0,0,0,0,3,1,6,3,-1,-1,1461,2,7,-1,-1,-1
20154100F0334,1,9,0,18,0,0,1,0,5,6,1,1,6,2,23,5,1896,2,15,-1,1,-1
20154100F0335,1,8,0,4,0,0,0,0,0,0,0,1,6,1,50,8,-1,-1,-1,-1,-1,-1
20154100F0335,2,1,0,4,0,0,0,0,0,0,0,1,6,3,-1,-1,-1,-1,-1,-1,-1,-1
20154100F0336,1,9,0,4,0,3,0,0,0,0,1,1,6,1,40,7,1360,1,12,-1,1,-1
20154100F0336,2,9,0,4,0,3,0,0,0,0,1,1,6,2,34,6,1229,1,8,-1,1,-1
20154100F0345,1,9,0,4,0,1,0,0,0,0,1,1,6,1,32,6,-1,-1,-1,-1,1,-1
20154100F0345,2,9,0,3,0,1,0,0,0,0,2,1,2,1,30,6,1996,2,8,-1,1,-1
20154100F0353,1,19,0,11,0,0,0,0,0,0,1,1,1,1,26,6,2198,2,1,-1,1,-1
20154100F0353,2,19,0,4,0,0,0,0,0,0,2,1,1,1,49,8,2148,2,7,-1,1,-1
20154100F0353,3,9,0,18,0,0,0,0,0,0,1,1,6,2,39,7,1796,2,2,-1,1,-1
20154100F0353,4,19,0,18,0,0,0,0,0,0,1,1,2,1,42,7,1560,2,1,-1,1,-1
20154100F0354,1,21,1,9,0,4,0,0,0,0,1,1,1,1,50,8,-1,-1,-1,-1,1,-1
20154100F0354,2,9,0,18,0,8,0,0,7,1,4,1,6,1,23,5,1299,1,11,-1,1,-1
20154100F0359,1,9,0,18,0,0,2,10,0,0,1,1,6,1,21,5,1124,1,15,-1,1,-1
20154100F0361,1,9,0,18,0,1,0,0,0,0,1,1,1,1,39,7,1995,2,9,-1,1,-1
20154100F0361,2,9,0,3,0,1,0,0,0,0,2,1,2,2,36,7,1796,1,9,-1,1,-1
20154100F0366,1,9,4,18,0,0,0,0,0,0,1,1,6,1,66,10,1997,2,4,-1,1,-1
20154100F0366,2,19,0,4,0,0,0,0,0,0,2,1,6,1,50,8,2143,2,-1,-1,1,-1
20154100F0367,1,9,0,17,0,0,0,10,1,4,1,1,6,1,53,8,1242,1,17,-1,2,-1
20154100F0370,1,19,0,1,0,0,0,0,0,0,2,1,1,1,27,6,2143,2,4,-1,1,-1
20154100F0371,1,9,0,18,0,6,0,0,1,10,1,1,6,2,79,11,1984,1,13,-1,1,-1
20154100F0371,2,9,0,18,0,8,0,0,0,0,1,1,6,1,70,10,-1,-1,-1,-1,1,-1
20154100F0372,1,9,0,5,0,1,0,0,0,0,1,1,6,2,72,10,1339,1,8,-1,1,-1
20154100F0372,2,9,0,3,0,1,0,0,0,0,2,1,6,1,53,8,1896,2,12,-1,1,-1
20154100F0375,1,19,0,3,0,8,0,0,0,0,3,1,6,1,36,7,2187,2,12,-1,1,-1
20154100F0375,2,90,0,14,0,8,0,0,0,0,4,1,1,2,58,9,2987,2,1,-1,1,-1
20154100F0386,1,9,0,18,0,4,0,0,0,0,3,1,6,1,86,11,3199,1,19,-1,1,-1
20154100F0386,2,9,0,18,0,8,0,0,0,0,1,1,6,2,20,4,1388,1,10,-1,1,-1
20154100F0386,3,21,1,18,0,8,0,0,0,0,3,1,1,3,-1,-1,-1,-1,-1,-1,-1,-1
20154100F0389,1,9,0,9,0,5,0,0,0,0,4,1,6,2,45,7,998,1,3,-1,1,-1
20154100F0389,2,3,0,18,0,8,0,0,0,0,1,1,2,1,33,6,124,1,21,-1,1,-1