Accident_Index,Vehicle_Reference,Vehicle_Type,Towing_and_Articulation,Vehicle_Manoeuvre,Vehicle_Location-Restricted_Lane,Junction_Location,Skidding_and_Overturning,Hit_Object_in_Carriageway,Vehicle_Leaving_Carriageway,Hit_Object_off_Carriageway,1st_Point_of_Impact,Was_Vehicle_Left_Hand_Drive?,Journey_Purpose_of_Driver,Sex_of_Driver,Age_of_Driver,Age_Band_of_Driver,Engine_Capacity_(CC),Propulsion_Code,Age_of_Vehicle,Driver_IMD_Decile,Driver_Home_Area_Type,Vehicle_IMD_Decile
20154100F0397,1,9,0,18,0,0,0,0,0,0,1,1,1,1,24,5,1968,2,3,-1,1,-1
20154100F0397,2,9,0,3,0,0,0,0,0,0,2,1,1,2,56,9,1389,1,18,-1,1,-1
20154100F0397,3,9,0,3,0,0,0,0,0,0,2,1,1,2,36,7,1968,2,6,-1,1,-1
20154100F0401,1,9,0,9,0,6,0,0,0,0,1,1,6,1,18,4,1598,1,3,-1,-1,-1
20154100F0401,2,1,0,4,0,8,0,0,0,0,1,1,2,1,44,7,-1,-1,-1,-1,2,-1
20154100F0405,1,9,0,4,0,2,0,0,0,0,2,1,6,2,71,10,999,1,5,-1,1,-1
20154100F0405,2,9,0,4,0,2,0,0,0,0,1,1,6,2,-1,-1,2400,2,6,-1,1,-1
20154100F0413,1,9,0,9,0,5,0,0,0,0,1,1,6,2,61,9,1984,1,14,-1,1,-1
20154100F0413,2,1,0,18,0,8,0,0,0,0,1,1,6,1,24,5,-1,-1,-1,-1,-1,-1
20154100F0418,1,9,0,18,0,1,0,0,0,0,1,1,6,2,21,5,1490,1,7,-1,1,-1
20154100F0418,2,9,0,10,0,1,0,0,0,0,2,1,6,1,19,4,1198,1,3,-1,1,-1
20154100F0422,1,9,0,15,0,0,0,0,0,0,3,1,6,1,25,5,1910,2,8,-1,-1,-1
20154100F0422,2,9,0,18,0,0,0,0,0,0,3,1,6,2,30,6,1339,1,11,-1,1,-1
20154100F0424,1,9,0,4,0,0,0,0,0,0,2,1,1,1,28,6,1998,1,14,-1,-1,-1
20154100F0424,2,9,0,18,0,0,0,0,0,0,1,1,1,1,18,4,-1,-1,-1,-1,-1,-1
20154100F0425,1,9,0,5,0,4,0,0,1,0,1,1,6,2,77,11,-1,-1,-1,-1,1,-1
20154100F0425,2,9,0,18,0,8,0,0,0,0,4,1,6,1,38,7,-1,-1,-1,-1,1,-1
20154100F0428,1,9,0,18,0,0,0,0,0,0,3,1,1,1,62,9,1499,2,1,-1,1,-1
20154100F0429,1,9,0,18,0,1,5,0,7,9,3,1,6,1,17,4,1275,1,17,-1,3,-1
20154100F0430,1,20,0,18,0,0,0,0,0,0,4,1,6,2,54,8,-1,-1,-1,-1,3,-1
20154100F0434,1,9,0,18,0,0,0,10,1,0,3,1,6,1,29,6,1248,2,9,-1,1,-1
20154100F0434,2,90,0,18,0,0,0,0,0,0,3,1,6,1,37,7,-1,-1,-1,-1,1,-1
20154100F0436,1,2,0,18,0,8,0,0,0,0,1,1,6,1,17,4,125,1,4,-1,1,-1
20154100F0436,2,9,0,9,0,5,0,0,0,0,2,1,6,2,25,5,1591,1,1,-1,-1,-1
20154100F0437,1,9,0,4,0,1,0,0,0,0,1,1,1,1,28,6,1396,1,12,-1,1,-1
20154100F0437,2,9,0,4,0,1,0,0,0,0,2,1,6,1,56,9,1997,2,-1,-1,1,-1
20154100F0438,1,19,0,12,0,8,0,0,0,0,0,1,6,3,-1,-1,-1,-1,-1,-1,-1,-1
20154100F0438,2,4,0,5,0,8,0,0,0,0,2,1,6,1,20,4,125,1,1,-1,1,-1
20154100F0438,3,19,0,5,0,8,0,0,0,0,1,1,6,1,22,5,-1,-1,-1,-1,1,-1
20154100F0439,1,8,0,18,0,0,0,0,0,0,1,1,1,1,42,7,1968,2,7,-1,1,-1
20154100F0440,1,8,0,18,0,8,0,0,0,0,1,1,1,1,56,9,2664,2,15,-1,1,-1
20154100F0440,2,1,0,18,0,6,0,0,0,0,3,1,6,2,16,4,-1,-1,-1,-1,1,-1
20154100F0442,1,9,0,18,0,0,0,0,0,0,4,1,6,1,31,6,1995,2,8,-1,1,-1
20154100F0443,1,2,0,18,0,1,1,12,0,0,1,1,2,2,21,5,102,1,1,-1,1,-1
20154100F0444,1,9,0,18,0,1,0,0,0,0,1,1,6,1,79,11,1398,1,4,-1,1,-1
20154100F0444,2,9,0,18,0,2,0,0,1,0,1,1,6,1,66,10,1598,1,5,-1,-1,-1
20154100F0445,1,9,0,11,0,5,0,0,0,0,1,1,6,3,-1,-1,-1,-1,-1,-1,-1,-1
20154100F0445,2,9,0,18,0,8,0,0,1,7,2,1,6,1,34,6,1989,1,16,-1,1,-1
20154100F0446,1,9,0,5,8,0,0,0,0,0,1,1,6,1,82,11,1796,1,11,-1,1,-1
20154100F0446,2,5,0,14,0,0,0,0,0,0,1,1,6,1,30,6,-1,-1,-1,-1,1,-1
20154100F0451,1,9,0,18,0,1,0,0,0,0,1,1,2,2,46,8,1596,1,4,-1,1,-1
20154100F0451,2,9,0,8,0,1,0,0,0,0,2,1,2,2,29,6,1248,1,4,-1,1,-1
20154100F0464,1,9,0,6,0,0,0,0,0,0,3,1,6,1,21,5,1598,1,6,-1,1,-1
20154100F0464,2,5,0,5,0,0,0,0,0,0,1,1,1,1,45,7,999,1,-1,-1,1,-1
20154100F0467,1,11,0,18,0,2,0,0,0,0,4,1,1,1,37,7,4500,2,8,-1,1,-1
20154100F0474,1,8,0,9,0,5,0,0,0,0,0,1,6,1,50,8,1997,2,7,-1,-1,-1
20154100F0474,2,1,0,18,0,8,0,10,1,0,0,1,6,1,46,8,-1,-1,-1,-1,3,-1
20154100F0475,1,9,0,18,0,0,0,0,0,0,1,1,6,1,40,7,-1,-1,-1,-1,-1,-1
20154100F0483,1,9,0,16,0,0,0,0,7,10,1,1,6,2,39,7,998,1,13,-1,1,-1
20154100F0486,1,1,0,16,0,0,0,0,0,0,1,1,6,1,47,8,-1,-1,-1,-1,1,-1
20154100F0486,2,19,0,17,0,0,0,0,0,0,3,1,1,1,52,8,2143,2,1,-1,1,-1
20154100F0487,1,9,0,8,0,1,0,0,0,0,2,1,6,1,29,6,1968,2,7,-1,1,-1
20154100F0487,2,9,0,18,0,1,0,0,0,0,1,1,6,1,23,5,1242,1,10,-1,1,-1
20154100F0488,1,9,0,9,0,6,0,0,0,0,1,1,6,1,85,11,1596,1,4,-1,3,-1
20154100F0488,2,9,0,18,0,8,0,0,0,0,1,1,6,2,47,8,1997,2,9,-1,2,-1
20154100F0490,1,9,0,16,0,0,0,0,0,0,1,1,6,2,52,8,1992,2,10,-1,2,-1
20154100F0490,2,9,0,17,0,0,0,0,1,4,1,1,6,2,53,8,1242,1,14,-1,1,-1
20154100F0490,3,9,0,17,0,0,0,0,0,0,1,1,6,1,25,5,1199,1,14,-1,1,-1
20154100F0501,1,9,0,4,0,0,1,0,0,0,1,1,6,1,20,4,-1,-1,-1,-1,1,-1
20154100F0501,2,9,0,4,0,0,1,0,0,0,2,1,6,1,30,6,-1,-1,-1,-1,1,-1
20154100F0503,1,9,0,18,0,4,0,0,0,0,1,1,6,1,49,8,1596,1,11,-1,1,-1
20154100F0503,2,1,0,18,0,8,0,0,0,0,4,1,6,1,41,7,-1,-1,-1,-1,2,-1
20154100F0504,1,1,0,4,7,0,1,0,7,0,1,1,6,1,55,8,-1,-1,-1,-1,1,-1
20154100F0504,2,9,0,18,0,0,0,0,0,0,1,1,6,1,55,8,1390,1,13,-1,-1,-1
20154100F0508,1,9,0,3,0,0,0,0,0,0,2,1,6,1,44,7,1995,2,4,-1,1,-1
20154100F0508,2,9,0,18,0,0,0,0,0,0,1,1,6,3,-1,-1,1598,1,3,-1,3,-1
20154100F0510,1,9,0,18,0,0,0,0,0,0,1,1,6,1,21,5,1896,2,10,-1,1,-1
20154100F0510,2,21,0,4,0,0,0,0,0,0,2,1,1,1,47,8,12777,2,2,-1,1,-1
20154100F0513,1,9,0,4,0,0,0,0,0,0,2,1,6,1,21,5,998,1,5,-1,1,-1
20154100F0513,2,9,0,18,0,0,0,0,0,0,1,1,6,1,49,8,1149,1,10,-1,1,-1
20154100F0514,1,9,0,17,0,0,0,0,1,10,4,1,6,1,68,10,1587,1,11,-1,1,-1
20154100F0517,1,9,0,18,0,1,0,0,0,0,1,1,6,1,62,9,1796,1,10,-1,1,-1
20154100F0517,2,9,0,3,0,1,0,0,0,0,2,1,6,1,35,6,-1,-1,-1,-1,1,-1
20154100F0517,3,9,0,10,0,1,0,0,0,0,2,1,6,2,60,9,1248,1,6,-1,1,-1
20154100F0518,1,9,0,8,0,6,0,0,0,0,1,1,6,1,82,11,1598,1,7,-1,1,-1
20154100F0519,1,9,0,13,0,8,0,0,7,4,3,1,6,1,42,7,1995,2,1,-1,1,-1
20154100F0519,2,9,0,9,0,5,0,0,7,0,4,1,6,2,37,7,1197,1,1,-1,1,-1
20154100F0522,1,9,0,15,0,0,0,0,0,0,3,1,6,3,-1,-1,-1,-1,-1,-1,-1,-1
20154100F0522,2,9,0,18,0,0,0,0,0,0,4,1,2,2,18,4,-1,-1,-1,-1,1,-1
20154100F0528,1,9,0,18,0,0,0,0,0,0,1,1,6,2,39,7,1339,1,2,-1,1,-1
20154100F0528,2,9,0,17,0,0,0,0,0,0,1,1,6,1,20,4,1198,1,10,-1,1,-1
20154100F0529,1,9,0,5,0,4,0,0,0,0,1,1,2,1,57,9,-1,-1,-1,-1,3,-1
20154100F0529,2,9,0,5,0,4,0,0,0,0,1,1,2,1,21,5,-1,-1,-1,-1,1,-1
20154100F0532,1,9,0,16,0,0,1,10,1,4,3,1,6,1,41,7,1910,2,10,-1,-1,-1
20154100F0534,1,9,0,18,0,0,0,0,0,0,1,1,6,1,78,11,1489,1,17,-1,1,-1
20154100F0534,2,1,0,18,0,0,0,0,0,0,3,1,6,1,15,3,-1,-1,-1,-1,1,-1
20154100F0539,1,9,0,18,0,2,0,4,0,0,1,1,6,2,79,11,1389,1,9,-1,1,-1
20154100F0539,2,19,0,2,0,1,0,0,1,0,1,1,6,1,70,10,1560,2,8,-1,1,-1
20154100F0540,1,5,0,13,0,0,1,0,1,9,1,1,6,1,50,8,689,1,1,-1,2,-1
20154100F0540,2,9,0,16,0,0,1,0,0,0,1,1,6,2,28,6,1389,1,13,-1,1,-1
20154100F0541,1,9,0,18,0,0,0,0,8,6,1,1,6,2,25,5,1598,1,7,-1,1,-1
20154100F0542,1,9,0,17,0,0,0,0,1,4,1,1,6,2,51,8,1149,1,10,-1,1,-1
20154100F0543,1,9,0,18,0,0,1,0,7,6,1,1,6,1,20,4,1242,1,9,-1,1,-1
20154100F0543,2,21,1,18,0,0,0,0,0,0,3,1,1,1,40,7,-1,-1,-1,-1,-1,-1
20154100F0544,1,9,0,17,0,0,0,10,1,4,1,1,6,1,22,5,1199,1,12,-1,1,-1
20154100F0545,1,9,0,18,0,0,0,0,0,0,3,1,6,2,44,7,1998,2,22,-1,1,-1
20154100F0545,2,9,0,18,0,0,0,0,0,0,3,1,6,2,31,6,-1,-1,-1,-1,2,-1
20154100F0546,1,9,0,5,0,1,0,0,0,0,1,1,6,2,75,10,2179,2,3,-1,1,-1
20154100F0550,1,9,0,7,0,3,0,0,0,0,3,1,6,2,60,9,-1,-1,-1,-1,1,-1
20154100F0550,2,1,0,18,0,3,0,0,0,0,1,1,6,1,59,9,-1,-1,-1,-1,-1,-1
20154100F0551,1,21,1,12,0,0,0,0,0,0,3,2,1,1,33,6,-1,-1,-1,-1,-1,-1
20154100F0551,2,9,0,18,0,0,0,0,0,0,4,1,6,1,36,7,1998,1,10,-1,1,-1
20154100F0552,1,9,0,15,0,8,0,0,0,0,4,1,6,1,45,7,1910,2,8,-1,1,-1
20154100F0556,1,9,0,4,0,0,0,0,0,0,1,1,6,1,37,7,1396,1,1,-1,1,-1
20154100F0556,2,9,0,3,0,0,0,0,0,0,2,1,6,1,38,7,-1,-1,-1,-1,3,-1
20154100F0556,3,9,0,3,0,0,0,0,0,0,2,1,6,1,40,7,1686,2,3,-1,1,-1
20154100F0557,1,9,0,9,0,5,0,0,0,0,1,1,6,1,45,7,1999,1,12,-1,1,-1
20154100F0557,2,4,0,18,0,8,0,0,1,1,3,1,6,1,19,4,124,1,4,-1,1,-1
20154100F0559,1,9,0,14,0,1,0,0,0,0,3,1,6,1,31,6,1397,1,14,-1,1,-1
20154100F0572,1,9,0,8,0,1,0,0,0,0,2,1,2,2,50,8,1499,1,1,-1,2,-1
20154100F0572,2,9,0,18,0,1,0,0,0,0,1,1,6,2,45,7,-1,-1,-1,-1,3,-1
20154100F0573,1,9,0,18,0,0,0,0,0,0,1,1,6,1,52,8,1984,2,2,-1,2,-1
20154100F0573,2,1,0,18,0,0,0,0,0,0,3,1,6,1,19,4,-1,-1,-1,-1,1,-1
20154100F0574,1,9,0,18,0,2,0,0,0,0,4,1,6,1,19,4,1198,1,2,-1,1,-1
20154100F0575,1,9,0,18,0,0,0,0,7,0,3,1,6,2,43,7,1968,2,3,-1,1,-1
20154100F0575,2,9,0,18,0,0,0,0,0,0,3,1,6,2,59,9,1995,2,5,-1,1,-1
20154100F0576,1,21,1,12,0,0,0,0,0,0,1,2,1,1,26,6,-1,-1,-1,-1,-1,-1
20154100F0576,2,9,0,18,0,0,1,0,5,6,4,1,6,1,23,5,1994,2,19,-1,1,-1
20154100F0581,1,9,0,18,0,0,0,0,0,0,1,1,3,2,28,6,998,1,5,-1,1,-1
20154100F0586,1,9,0,9,0,6,0,0,0,0,3,1,6,2,74,10,1422,2,-1,-1,1,-1
20154100F0586,2,90,0,18,0,8,5,0,7,11,1,1,1,1,40,7,2987,2,1,-1,3,-1
20154100F0587,1,9,0,18,0,5,1,0,0,0,1,1,6,1,45,7,1299,1,11,-1,1,-1
20154100F0587,2,9,0,3,0,2,0,0,0,0,2,1,6,1,52,8,-1,-1,-1,-1,1,-1
20154100F0587,3,9,0,3,0,5,0,0,0,0,2,1,6,1,23,5,1598,1,12,-1,1,-1
20154100F0590,1,9,0,18,0,4,0,0,0,0,3,1,2,1,22,5,-1,-1,-1,-1,1,-1
20154100F0590,2,5,0,18,0,8,1,0,7,0,4,1,2,1,48,8,998,1,10,-1,1,-1
20154100F0591,1,9,0,9,0,8,0,0,0,0,0,1,1,1,32,6,1686,2,1,-1,-1,-1
20154100F0591,2,9,0,18,0,8,0,0,0,0,1,1,6,1,45,7,-1,-1,-1,-1,1,-1
20154100F0603,1,9,0,4,0,1,0,0,0,0,1,1,6,2,57,9,-1,-1,-1,-1,-1,-1
20154100F0603,2,9,0,3,0,1,0,0,0,0,2,1,1,2,53,8,2148,2,7,-1,1,-1
20154100F0607,1,9,0,18,0,0,0,0,1,4,1,1,6,2,28,6,1149,1,9,-1,1,-1
20154100F0620,1,9,0,9,0,5,0,0,0,0,4,1,6,2,19,4,1360,1,16,-1,1,-1
20154100F0620,2,3,0,18,0,8,0,0,0,0,1,1,6,1,18,4,125,1,4,-1,1,-1
20154100F0621,1,5,0,18,0,0,0,0,0,0,0,1,6,1,47,8,1600,1,4,-1,1,-1
20154100F0622,1,9,0,17,0,0,0,0,0,0,0,1,6,3,25,5,-1,-1,-1,-1,-1,-1
20154100F0622,2,9,0,17,0,0,1,0,1,7,1,1,2,2,25,5,1595,1,16,-1,1,-1
20154100F0625,1,9,0,9,0,5,0,0,0,0,3,1,6,1,45,7,1968,2,2,-1,1,-1
20154100F0625,2,5,0,14,0,8,0,0,0,0,1,1,6,1,56,9,954,1,12,-1,1,-1
20154100F0626,1,19,0,11,0,8,0,0,1,4,1,1,6,1,66,10,2143,2,3,-1,1,-1
20154100F0626,2,9,0,18,0,8,0,0,0,0,2,1,6,2,34,6,1596,1,5,-1,1,-1
20154100F0627,1,9,0,18,0,0,5,10,1,2,1,1,6,1,21,5,1598,1,13,-1,1,-1
20154100F0628,1,9,0,18,0,0,2,4,0,0,4,1,6,1,17,4,1328,1,10,-1,1,-1
20154100F0628,2,19,0,2,0,0,0,0,0,0,3,1,6,1,28,6,1248,2,3,-1,1,-1
20154100F0629,1,9,0,18,0,1,0,0,0,0,1,1,6,1,25,5,-1,-1,-1,-1,-1,-1
20154100F0634,1,21,0,18,0,0,0,0,1,0,3,1,1,1,43,7,5880,2,9,-1,2,-1
20154100F0634,2,9,0,18,0,0,0,0,0,0,3,1,2,2,45,7,1951,2,11,-1,2,-1
20154100F0636,1,1,0,11,0,1,0,0,0,0,2,1,6,1,37,7,-1,-1,-1,-1,1,-1
20154100F0636,2,9,0,18,0,1,0,0,0,0,1,1,6,2,25,5,1229,1,9,-1,1,-1
20154100F0642,1,9,0,13,0,0,0,0,0,0,4,1,6,3,-1,-1,-1,-1,-1,-1,-1,-1
20154100F0642,2,1,0,18,0,0,0,0,0,0,3,1,2,1,68,10,-1,-1,-1,-1,1,-1
20154100F0644,1,9,0,5,0,8,0,0,0,0,3,1,6,1,64,9,-1,-1,-1,-1,1,-1
20154100F0644,2,1,0,18,0,8,0,0,0,0,4,1,1,1,19,4,-1,-1,-1,-1,2,-1
20154100F0648,1,9,0,12,0,1,1,0,1,0,3,1,6,2,70,10,1590,1,13,-1,3,-1
20154100F0648,2,9,0,18,0,1,1,0,4,6,4,1,6,1,53,8,1597,2,1,-1,3,-1
20154100F0649,1,9,0,18,0,8,0,0,0,0,1,1,3,2,28,6,998,1,8,-1,1,-1
20154100F0649,2,19,0,9,0,5,0,0,0,0,4,1,6,1,52,8,2463,2,10,-1,1,-1
20154100F0650,1,9,0,18,0,0,0,4,0,0,1,1,6,1,16,4,1910,2,9,-1,1,-1
20154100F0650,2,90,0,2,0,0,0,0,1,10,2,1,6,3,-1,-1,2800,2,11,-1,1,-1
20154100F0651,1,9,0,18,0,5,0,0,0,0,1,1,6,2,30,6,1395,1,-1,-1,1,-1
20154100F0653,1,9,0,18,0,6,0,0,3,1,1,1,6,2,40,7,1668,1,10,-1,1,-1
20154100F0661,1,19,0,18,0,8,0,0,0,0,4,1,6,1,30,6,1995,2,4,-1,-1,-1
20154100F0661,2,1,0,18,0,8,0,0,0,0,1,1,4,1,17,4,-1,-1,-1,-1,2,-1
20154100F0668,1,1,0,18,0,8,0,0,0,0,1,1,1,1,42,7,-1,-1,-1,-1,1,-1
20154100F0669,1,9,0,9,0,8,0,0,0,0,1,1,6,1,22,5,1339,1,5,-1,1,-1
20154100F0669,2,1,0,18,0,8,0,0,0,0,3,1,6,1,31,6,-1,-1,-1,-1,-1,-1
20154100F0674,1,9,0,14,0,1,0,0,0,0,3,1,6,1,89,11,1248,2,7,-1,1,-1
20154100F0674,2,9,0,18,0,2,0,0,0,0,3,1,6,2,49,8,1124,1,15,-1,1,-1
20154100F0675,1,9,0,18,0,0,0,0,0,0,1,1,2,2,52,8,1197,1,1,-1,2,-1
20154100F0675,2,1,0,9,0,0,0,0,0,0,4,1,6,1,13,3,-1,-1,-1,-1,1,-1
20154100F0676,1,9,0,18,0,1,0,0,0,0,1,1,6,2,61,9,-1,-1,-1,-1,1,-1
20154100F0676,2,3,0,3,0,1,0,0,0,0,2,1,6,1,29,6,124,1,3,-1,1,-1
20154100F0677,1,9,0,17,0,0,0,0,1,0,1,1,6,1,39,7,-1,-1,-1,-1,1,-1
20154100F0677,2,9,0,16,0,0,0,0,7,0,1,1,6,1,43,7,1598,1,5,-1,3,-1
20154100F0693,1,8,0,18,0,4,0,0,0,0,1,1,1,1,30,6,-1,-1,-1,-1,-1,-1
20154100F0693,2,1,0,18,0,8,0,0,0,0,4,1,2,1,48,8,-1,-1,-1,-1,1,-1
20154100F0695,1,19,0,18,0,8,0,0,0,0,1,1,6,2,64,9,1461,2,4,-1,1,-1
20154100F0695,2,9,0,18,0,8,0,0,0,0,4,1,6,2,41,7,1397,1,7,-1,1,-1
20154100F0697,1,9,0,5,0,4,0,0,0,0,3,1,2,1,38,7,1797,8,1,-1,1,-1
20154100F0697,2,5,0,18,0,8,0,0,0,0,1,1,6,1,29,6,748,1,7,-1,3,-1
20154100F0699,1,9,0,5,0,6,5,0,0,0,3,1,6,1,67,10,1242,1,-1,-1,-1,-1
20154100F0699,2,9,0,18,0,8,0,0,0,0,1,1,6,1,54,8,1796,1,12,-1,1,-1
20154100F0699,3,21,1,18,0,1,0,0,0,0,1,1,1,1,43,7,10837,2,3,-1,1,-1
20154100F0701,1,9,0,9,0,6,0,0,0,0,1,1,6,1,67,10,1900,2,16,-1,1,-1
20154100F0703,1,9,0,18,0,0,0,0,0,0,1,1,6,2,25,5,1242,1,12,-1,1,-1
20154100F0703,2,9,0,4,0,0,0,0,0,0,2,1,6,1,75,10,2993,2,6,-1,1,-1
20154100F0703,3,9,0,4,0,0,0,0,0,0,2,1,6,2,37,7,-1,-1,-1,-1,-1,-1
20154100F0704,1,19,0,18,0,0,0,0,0,0,1,1,6,3,29,6,2402,2,9,-1,2,-1
20154100F0704,2,9,0,18,0,0,0,0,0,0,1,1,6,1,26,6,1995,2,1,-1,1,-1
20154100F0704,3,9,0,18,0,0,0,0,0,0,2,1,6,2,45,7,1598,1,5,-1,1,-1
20154100F0707,1,9,0,4,0,1,0,0,0,0,2,1,4,1,21,5,2967,2,8,-1,1,-1
20154100F0707,2,9,0,18,0,1,0,0,0,0,1,1,6,1,19,4,1388,1,12,-1,1,-1
20154100F0708,1,9,0,4,0,0,0,0,0,0,2,1,6,1,64,9,3200,2,11,-1,2,-1
20154100F0708,2,9,0,18,0,0,0,0,0,0,1,1,6,1,55,8,1198,1,4,-1,1,-1
20154100F0708,3,9,0,18,0,0,0,0,0,0,1,1,6,1,54,8,2990,1,23,-1,2,-1
20154100F0712,1,9,0,5,0,4,0,0,0,0,1,1,2,1,28,6,1598,1,1,-1,2,-1
20154100F0712,2,1,0,18,0,8,0,0,0,0,4,1,2,1,50,8,-1,-1,-1,-1,2,-1
20154100F0721,1,19,0,11,0,0,0,0,0,0,4,1,1,1,46,8,1686,2,2,-1,1,-1
20154100F0721,2,5,0,18,0,0,0,0,0,0,3,1,1,1,52,8,1649,1,1,-1,3,-1
20154100F0722,1,97,0,18,0,2,0,0,0,0,1,1,2,1,49,8,278,1,5,-1,1,-1
20154100F0728,1,9,0,18,0,8,0,9,0,0,0,1,6,2,52,8,1998,1,12,-1,1,-1
20154100F0728,2,21,1,18,0,8,0,0,0,0,0,2,1,1,25,5,-1,-1,-1,-1,-1,-1
20154100F0742,1,8,0,18,0,2,0,0,0,0,4,1,1,1,50,8,1598,2,3,-1,1,-1
20154100F0748,1,9,0,9,0,6,0,0,0,0,3,1,6,1,60,9,1997,2,1,-1,1,-1
20154100F0748,2,3,0,18,0,8,1,0,0,0,1,1,6,1,19,4,125,1,-1,-1,1,-1
20154100F0753,1,9,0,18,0,2,0,0,0,0,1,1,6,2,50,8,1398,1,4,-1,1,-1
20154100F0757,1,9,0,18,0,2,0,0,0,0,1,1,1,1,23,5,1590,1,12,-1,1,-1
20154100F0757,2,1,0,18,0,2,0,0,0,0,1,1,1,1,31,6,-1,-1,-1,-1,1,-1
20154100F0759,1,9,0,9,0,4,0,0,0,0,1,1,6,2,42,7,999,1,-1,-1,1,-1
20154100F0759,2,4,0,18,0,8,0,0,0,0,4,1,2,1,27,6,-1,-1,-1,-1,1,-1
20154100F0762,1,9,0,18,0,0,0,4,1,11,1,1,6,1,85,11,1498,1,2,-1,1,-1
20154100F0762,2,9,0,2,0,0,0,0,0,0,4,1,6,3,-1,-1,1397,1,8,-1,-1,-1
20154100F0770,1,9,0,18,0,0,0,0,0,0,3,1,6,1,27,6,3628,2,8,-1,1,-1
20154100F0770,2,9,0,18,0,0,0,0,7,0,3,1,6,1,49,8,1598,1,11,-1,1,-1
20154100F0777,1,9,0,18,0,0,0,0,1,7,1,1,6,1,45,7,1796,1,14,-1,1,-1
20154100F0784,1,9,0,18,0,0,0,0,0,0,4,1,6,2,57,9,1199,1,14,-1,1,-1
20154100F0784,2,9,0,18,0,0,0,0,0,0,3,1,6,2,47,8,1397,1,2,-1,1,-1
20154100F0790,1,9,0,16,0,0,0,0,0,0,1,1,6,2,67,10,2435,1,21,-1,1,-1
20154100F0790,2,9,0,17,0,0,0,0,0,0,1,1,6,1,62,9,1598,1,7,-1,-1,-1
20154100F0792,1,9,0,18,0,1,0,0,0,0,1,1,2,1,36,7,1956,2,-1,-1,1,-1
20154100F0792,2,9,0,4,0,1,0,0,0,0,2,1,2,1,47,8,-1,-1,-1,-1,1,-1
20154100F0795,1,2,0,14,0,0,0,0,0,0,1,1,6,1,17,4,49,1,5,-1,-1,-1
20154100F0796,1,5,0,18,0,2,1,11,0,0,4,1,2,1,36,7,-1,-1,-1,-1,3,-1
20154100F0797,1,9,0,18,0,6,0,0,0,0,1,1,6,2,30,6,1995,2,5,-1,1,-1
20154100F0797,2,9,0,18,0,8,0,0,0,0,4,1,6,1,65,9,2184,2,-1,-1,1,-1
20154100F0801,1,9,0,7,0,5,0,0,0,0,1,1,6,2,22,5,1600,1,11,-1,1,-1
20154100F0804,1,9,0,17,0,7,2,0,1,4,4,1,6,1,30,6,998,1,13,-1,1,-1
20154100F0808,1,3,0,18,0,0,0,4,0,0,1,1,1,1,20,4,125,1,1,-1,1,-1
20154100F0808,2,19,0,2,0,0,0,0,0,0,2,1,1,1,50,8,2198,2,2,-1,1,-1
20154100F0816,1,9,0,1,0,0,0,0,0,0,2,1,6,1,45,7,-1,-1,-1,-1,-1,-1
20154100F0817,1,9,0,5,0,6,0,0,0,0,1,1,6,1,30,6,-1,-1,-1,-1,-1,-1
20154100F0818,1,9,0,18,0,4,0,0,0,0,4,1,6,2,39,7,1396,1,6,-1,1,-1
20154100F0818,2,1,0,18,0,4,0,0,0,0,1,1,6,1,48,8,-1,-1,-1,-1,1,-1
20154100F0823,1,3,0,18,0,0,0,0,0,0,1,1,2,1,19,4,124,1,-1,-1,1,-1
20154100F0824,1,9,0,18,0,2,0,4,7,11,1,1,6,2,50,8,1997,1,12,-1,1,-1
20154100F0824,2,9,0,2,0,2,0,0,0,0,1,1,6,3,-1,-1,1598,1,3,-1,-1,-1
20154100F0829,1,21,1,18,0,0,0,0,0,0,1,2,1,1,27,6,-1,-1,-1,-1,-1,-1
20154100F0829,2,9,0,3,0,0,0,0,0,0,2,1,6,2,61,9,1388,1,3,-1,1,-1
20154100F0829,3,21,1,3,0,0,0,0,0,0,2,1,1,1,27,6,10837,2,1,-1,1,-1
20154100F0831,1,3,0,14,0,1,1,0,0,0,1,1,2,1,21,5,125,1,-1,-1,1,-1
20154100F0831,2,9,0,9,0,5,0,0,0,0,2,1,6,2,25,5,1349,1,3,-1,2,-1
20154100F0836,1,9,0,5,0,8,0,0,0,0,1,1,6,1,57,9,-1,-1,-1,-1,1,-1
20154100F0836,2,9,0,9,0,5,0,0,0,0,4,1,6,2,34,6,1968,2,1,-1,1,-1
20154100F0837,1,9,0,4,0,1,0,0,0,0,1,1,6,2,69,10,1229,1,1,-1,1,-1
20154100F0837,2,9,0,3,0,1,0,0,0,0,2,1,2,1,33,6,2400,2,3,-1,1,-1
20154100F0838,1,9,0,5,0,6,1,0,0,0,3,1,6,2,21,5,996,1,2,-1,1,-1
20154100F0838,2,9,0,18,0,8,1,0,0,0,1,1,6,1,55,8,1599,1,11,-1,1,-1
20154100F0841,1,9,0,9,0,5,0,0,0,0,3,1,2,2,27,6,1198,1,7,-1,1,-1
20154100F0841,2,5,0,14,0,8,0,0,0,0,1,1,2,1,45,7,649,1,6,-1,1,-1
20154100F0842,1,9,0,18,0,8,0,0,0,0,3,1,6,2,18,4,1968,2,7,-1,1,-1
20154100F0842,2,9,0,11,0,8,0,0,0,0,4,1,6,1,40,7,2685,2,13,-1,1,-1
20154100F0843,1,9,0,4,0,0,1,0,5,6,1,1,6,2,24,5,1149,1,8,-1,1,-1
20154100F0843,2,9,0,3,0,0,0,0,0,0,2,1,6,1,87,11,2143,2,4,-1,1,-1
20154100F0843,3,19,0,3,0,0,0,0,0,0,3,1,6,1,47,8,2143,2,5,-1,1,-1