Accident_Index,Vehicle_Reference,Vehicle_Type,Towing_and_Articulation,Vehicle_Manoeuvre,Vehicle_Location-Restricted_Lane,Junction_Location,Skidding_and_Overturning,Hit_Object_in_Carriageway,Vehicle_Leaving_Carriageway,Hit_Object_off_Carriageway,1st_Point_of_Impact,Was_Vehicle_Left_Hand_Drive?,Journey_Purpose_of_Driver,Sex_of_Driver,Age_of_Driver,Age_Band_of_Driver,Engine_Capacity_(CC),Propulsion_Code,Age_of_Vehicle,Driver_IMD_Decile,Driver_Home_Area_Type,Vehicle_IMD_Decile
20154100F0843,4,9,0,3,0,0,0,0,0,0,2,1,6,1,66,10,1686,2,2,-1,1,-1
20154100F0858,1,9,0,9,0,5,0,0,0,0,1,1,6,2,25,5,1396,1,10,-1,1,-1
20154100F0858,2,5,0,15,0,8,0,0,0,0,1,1,6,1,61,9,1170,1,-1,-1,1,-1
20154100F0861,1,19,0,18,0,2,0,0,0,0,4,1,1,1,54,8,1998,2,10,-1,1,-1
20154100F0862,1,9,0,11,0,0,1,0,0,0,1,1,6,1,20,4,1598,1,6,-1,1,-1
20154100F0862,2,9,0,4,0,0,1,0,0,0,2,1,6,2,40,7,1997,1,3,-1,1,-1
20154100F0863,1,8,0,9,0,5,0,0,0,0,1,1,1,1,47,8,1896,2,7,-1,1,-1
20154100F0863,2,1,0,10,0,1,0,0,0,0,1,1,6,1,56,9,-1,-1,-1,-1,-1,-1
20154100F0866,1,8,0,5,0,1,0,0,0,0,1,1,1,1,47,8,1997,2,13,-1,1,-1
20154100F0867,1,9,0,12,0,0,1,0,0,0,3,1,2,2,42,7,1769,1,13,-1,1,-1
20154100F0867,2,9,0,18,0,0,0,0,0,0,4,1,2,2,34,6,1598,1,3,-1,1,-1
20154100F0869,1,9,0,18,0,1,0,0,0,0,0,1,6,3,-1,-1,-1,-1,-1,-1,-1,-1
20154100F0869,2,9,0,18,0,1,5,0,0,0,0,1,6,1,24,5,1124,1,13,-1,1,-1
20154100G0001,1,19,0,18,4,0,0,0,0,0,1,1,1,1,26,6,2143,2,3,-1,1,-1
20154100G0001,2,1,0,18,4,0,0,0,1,0,2,1,2,1,56,9,-1,-1,-1,-1,-1,-1
20154100G0003,1,9,0,18,0,4,0,0,0,0,1,1,1,2,25,5,1560,2,5,-1,1,-1
20154100G0003,2,1,0,18,0,8,0,0,0,0,2,1,1,2,45,7,-1,-1,-1,-1,1,-1
20154100G0010,1,9,0,18,0,4,1,0,1,7,1,1,6,1,74,10,1329,1,6,-1,1,-1
20154100G0013,1,9,0,16,0,0,0,0,1,4,1,1,6,1,19,4,-1,-1,-1,-1,1,-1
20154100G0015,1,9,0,18,0,8,0,0,0,0,4,1,6,3,-1,-1,-1,-1,-1,-1,-1,-1
20154100G0015,2,9,0,18,0,4,0,0,0,0,1,1,6,2,64,9,1248,2,12,-1,1,-1
20154100G0016,1,9,0,9,0,6,0,0,0,0,1,1,6,1,70,10,1598,1,8,-1,1,-1
20154100G0016,2,3,0,18,0,8,0,0,0,0,4,1,2,1,18,4,124,1,4,-1,3,-1
20154100G0021,1,9,0,18,0,2,0,4,0,0,1,1,2,1,76,11,-1,-1,-1,-1,1,-1
20154100G0021,2,9,0,2,0,2,0,0,2,0,2,1,6,3,-1,-1,-1,-1,-1,-1,-1,-1
20154100G0022,1,9,0,18,0,0,0,0,0,0,4,1,6,2,79,11,998,1,4,-1,1,-1
20154100G0023,1,1,0,18,9,0,0,0,0,0,1,1,6,1,17,4,-1,-1,-1,-1,1,-1
20154100G0028,1,9,0,18,0,0,0,0,0,0,1,1,6,1,20,4,-1,-1,-1,-1,-1,-1
20154100G0028,2,9,0,3,0,0,0,0,0,0,1,1,3,2,42,7,2400,2,2,-1,1,-1
20154100G0034,1,9,0,18,0,3,0,0,1,7,1,1,6,1,28,6,1997,1,9,-1,1,-1
20154100G0037,1,9,0,7,0,5,0,0,0,0,4,1,1,2,19,4,1598,1,11,-1,3,-1
20154100G0037,2,1,0,18,0,1,0,0,0,0,1,1,6,1,60,9,-1,-1,-1,-1,1,-1
20154100G0041,1,9,0,9,0,8,0,0,0,0,4,1,2,1,23,5,-1,-1,-1,-1,1,-1
20154100G0041,2,5,0,5,0,4,0,0,0,0,1,1,6,1,50,8,988,1,11,-1,3,-1
20154100G0042,1,9,0,5,0,4,0,0,0,0,1,1,6,1,68,10,1598,1,17,-1,1,-1
20154100G0042,2,2,0,18,0,8,0,0,0,0,2,1,1,1,28,6,114,1,1,-1,1,-1
20154100G0045,1,9,0,1,9,6,0,4,0,0,2,1,6,2,45,7,4966,1,13,-1,1,-1
20154100G0045,2,9,0,2,0,8,0,0,0,0,4,1,6,3,-1,-1,1997,2,6,-1,1,-1
20154100G0047,1,9,0,18,0,8,0,0,7,10,1,1,1,1,43,7,1584,1,9,-1,1,-1
20154100G0047,2,9,0,9,0,6,0,0,0,0,1,1,1,1,58,9,1995,2,1,-1,2,-1
20154100G0048,1,9,0,9,0,6,0,0,0,0,0,1,6,2,41,7,-1,-1,-1,-1,-1,-1
20154100G0048,2,5,0,18,0,8,1,0,0,0,0,1,1,1,41,7,599,1,5,-1,1,-1
20154100G0049,1,9,0,18,0,1,0,0,0,0,1,1,6,2,61,9,-1,-1,-1,-1,1,-1
20154100G0049,2,9,0,3,0,1,0,0,0,0,2,1,6,2,41,7,1988,1,13,-1,3,-1
20154100G0050,1,9,0,18,0,0,0,0,0,0,4,1,1,1,20,4,1951,2,13,-1,1,-1
20154100G0057,1,2,0,9,0,5,0,0,0,0,3,1,1,1,48,8,49,1,2,-1,1,-1
20154100G0062,1,9,0,18,0,0,0,11,0,0,1,1,2,1,41,7,1560,2,1,-1,1,-1
20154100G0067,1,9,0,9,0,5,0,0,0,0,3,1,6,2,70,10,1299,1,8,-1,2,-1
20154100G0067,2,1,0,18,0,8,0,0,0,0,1,1,6,1,18,4,-1,-1,-1,-1,1,-1
20154100G0072,1,9,0,5,0,0,0,0,0,0,3,1,6,3,-1,-1,2979,1,15,-1,-1,-1
20154100G0072,2,9,0,18,0,0,0,10,0,0,3,1,6,2,51,8,-1,-1,-1,-1,1,-1
20154100G0073,1,9,0,12,0,0,0,0,0,0,1,1,2,1,46,8,2697,2,8,-1,1,-1
20154100G0073,2,1,0,18,0,0,0,0,0,0,2,1,6,1,76,11,-1,-1,-1,-1,3,-1
20154100G0077,1,9,0,4,0,1,1,0,7,10,1,1,2,2,38,7,-1,-1,-1,-1,2,-1
20154100G0085,1,9,0,18,0,8,0,7,0,0,4,1,2,1,58,9,-1,-1,-1,-1,1,-1
20154100G0085,2,9,0,18,0,6,1,0,0,0,1,1,6,1,47,8,1956,2,1,-1,1,-1
20154100G0086,1,9,0,17,0,0,0,0,0,0,3,1,6,1,51,8,1598,1,20,-1,3,-1
20154100G0089,1,9,0,18,0,0,1,0,8,10,1,1,6,1,22,5,-1,-1,-1,-1,1,-1
20154100G0092,1,9,0,4,0,0,2,0,2,0,1,1,1,2,26,6,-1,-1,-1,-1,-1,-1
20154100G0094,1,9,0,9,0,1,0,0,0,0,3,1,1,2,40,7,-1,-1,-1,-1,1,-1
20154100G0094,2,9,4,18,0,1,0,0,0,0,4,1,1,1,63,9,-1,-1,-1,-1,2,-1
20154100G0096,1,10,0,18,0,4,0,0,0,0,0,1,1,1,41,7,2298,2,3,-1,1,-1
20154100G0096,2,3,0,18,0,4,0,0,0,0,0,1,6,1,18,4,125,1,2,-1,1,-1
20154100G0097,1,9,0,18,0,0,0,0,0,0,1,1,6,1,20,4,-1,-1,-1,-1,1,-1
20154100G0097,2,9,0,4,0,0,0,0,0,0,2,1,6,1,49,8,1596,1,2,-1,1,-1
20154100G0097,3,19,0,6,0,0,0,0,0,0,0,1,6,1,53,8,1753,2,10,-1,1,-1
20154100G0098,1,9,0,16,0,8,1,0,0,0,1,1,6,2,21,5,-1,-1,-1,-1,-1,-1
20154100G0098,2,9,0,17,0,8,1,0,0,0,1,1,6,2,26,6,1242,1,2,-1,2,-1
20154100G0099,1,9,0,7,0,6,0,0,0,0,2,1,2,2,29,6,2993,2,6,-1,3,-1
20154100G0099,2,9,0,18,0,8,0,0,0,0,1,1,2,1,21,5,1197,1,5,-1,1,-1
20154100G0100,1,9,0,9,0,5,0,0,0,0,1,1,6,2,23,5,1242,1,1,-1,1,-1
20154100G0100,2,9,0,18,0,8,0,0,0,0,3,1,2,1,44,7,1399,2,6,-1,1,-1
20154100G0103,1,9,0,18,0,4,0,0,0,0,3,1,6,1,83,11,1598,1,10,-1,-1,-1
20154100G0103,2,1,0,18,0,8,0,0,0,0,1,1,1,2,25,5,-1,-1,-1,-1,1,-1
20154100G0108,1,9,0,9,0,5,0,0,0,0,1,1,2,2,52,8,998,1,2,-1,1,-1
20154100G0108,2,1,0,18,0,8,0,0,0,0,3,1,2,1,44,7,-1,-1,-1,-1,1,-1
20154100G0114,1,9,0,18,0,0,0,0,0,0,1,1,6,2,28,6,1360,1,12,-1,2,-1
20154100G0116,1,9,0,18,0,0,5,4,0,0,4,1,6,1,25,5,1582,2,1,-1,-1,-1
20154100G0116,2,9,0,2,0,0,0,0,0,0,1,1,6,3,-1,-1,1994,2,7,-1,-1,-1
20154100G0116,3,9,0,2,0,0,0,0,0,0,0,1,6,3,-1,-1,1984,2,1,-1,-1,-1
20154100G0118,1,9,0,18,0,0,0,0,0,0,0,1,6,2,54,8,1600,1,17,-1,3,-1
20154100G0118,2,9,0,18,0,0,0,0,1,4,1,1,6,1,59,9,-1,-1,-1,-1,1,-1
20154100G0121,1,9,0,18,0,1,0,0,0,0,1,1,1,1,22,5,-1,-1,-1,-1,1,-1
20154100G0121,2,9,0,3,0,1,0,0,0,0,2,1,1,1,51,8,-1,-1,-1,-1,1,-1
20154100G0121,3,9,0,3,0,1,0,0,0,0,2,1,6,2,51,8,1596,1,10,-1,1,-1
20154100G0124,1,9,0,18,0,0,2,0,1,4,4,1,6,2,17,4,-1,-1,-1,-1,3,-1
20154100G0134,1,3,0,18,0,1,0,4,0,0,4,1,6,1,17,4,125,1,1,-1,2,-1
20154100G0134,2,9,0,2,0,1,0,0,0,0,4,1,6,3,-1,-1,-1,-1,-1,-1,-1,-1
20154100G0136,1,9,0,17,0,0,0,0,0,0,1,1,6,1,35,6,1997,2,10,-1,1,-1
20154100G0136,2,9,0,16,0,0,0,0,0,0,1,1,6,1,62,9,1951,2,12,-1,3,-1
20154100G0145,1,9,0,5,0,4,0,0,0,0,1,1,6,1,49,8,1997,1,10,-1,3,-1
20154100G0145,2,1,0,18,0,8,0,0,0,0,4,1,6,1,21,5,-1,-1,-1,-1,1,-1
20154100G0147,1,9,0,18,0,4,0,0,0,0,1,1,2,2,33,6,1248,1,1,-1,2,-1
20154100G0147,2,1,0,18,0,8,0,0,0,0,4,1,6,1,33,6,-1,-1,-1,-1,1,-1
20154100G0150,1,9,0,18,0,4,0,0,0,0,1,1,6,2,44,7,1461,2,2,-1,1,-1
20154100G0150,2,1,0,18,0,8,0,0,0,0,4,1,6,1,39,7,-1,-1,-1,-1,1,-1
20154100G0151,1,9,0,1,0,0,0,0,0,0,2,1,6,2,35,6,-1,-1,-1,-1,-1,-1
20154100G0154,1,21,0,14,0,8,0,0,0,0,1,1,1,1,53,8,-1,-1,-1,-1,2,-1
20154100G0154,2,19,0,7,0,6,0,0,0,0,1,1,6,1,27,6,1560,2,8,-1,1,-1
20154100G0158,1,9,0,18,0,0,2,0,1,4,4,1,2,1,25,5,-1,-1,-1,-1,3,-1
20154100G0164,1,9,0,17,0,0,0,0,0,0,1,1,2,2,35,6,1796,2,1,-1,3,-1
20154100G0164,2,9,0,16,0,0,0,0,1,0,1,1,2,1,35,6,2835,2,19,-1,1,-1
20154100G0166,1,9,0,18,0,0,0,4,0,0,1,1,6,1,19,4,-1,-1,-1,-1,1,-1
20154100G0166,2,9,0,2,0,0,0,0,0,0,2,1,6,3,-1,-1,1560,2,2,-1,-1,-1
20154100G0168,1,9,0,18,0,1,0,0,0,0,1,1,6,2,25,5,1796,1,7,-1,-1,-1
20154100G0168,2,9,0,3,0,1,0,0,0,0,2,1,2,1,18,4,1299,1,11,-1,1,-1
20154100G0176,1,20,0,18,0,1,0,0,0,0,1,1,1,1,48,8,-1,-1,-1,-1,-1,-1
20154100G0176,2,9,0,4,0,1,0,0,0,0,2,1,1,1,56,9,-1,-1,-1,-1,1,-1
20154100G0176,3,19,0,4,0,1,0,0,0,0,2,1,1,1,46,8,2198,2,1,-1,1,-1
20154100G0177,1,9,0,18,0,0,0,0,0,0,3,1,6,1,-1,-1,1896,2,14,-1,1,-1
20154100G0177,2,9,0,18,0,0,0,0,0,0,4,1,6,2,51,8,1597,1,7,-1,1,-1
20154100G0178,1,9,0,18,0,8,1,0,0,0,1,1,6,1,27,6,999,1,12,-1,1,-1
20154100G0178,2,9,0,18,0,8,0,0,0,0,1,1,6,1,24,5,-1,-1,-1,-1,1,-1
20154100G0179,1,9,0,16,0,0,5,0,0,0,3,1,3,2,35,6,1560,2,5,-1,1,-1
20154100G0179,2,21,1,17,0,0,0,0,0,0,3,2,1,1,39,7,-1,-1,-1,-1,-1,-1
20154100G0185,1,9,0,5,0,4,0,0,0,0,1,1,2,1,37,7,996,1,5,-1,1,-1
20154100G0185,2,1,0,18,0,8,0,0,0,0,4,1,6,1,30,6,-1,-1,-1,-1,1,-1
20154100G0186,1,19,0,7,0,6,0,0,0,0,1,1,6,1,-1,-1,-1,-1,-1,-1,-1,-1
20154100G0186,2,3,0,18,0,8,0,0,0,0,3,1,6,1,25,5,250,1,-1,-1,3,-1
20154100G0187,1,9,0,3,0,1,0,0,0,0,2,1,6,2,34,6,1242,1,9,-1,1,-1
20154100G0187,2,9,0,18,0,1,0,0,0,0,1,1,2,2,33,6,1248,2,1,-1,1,-1
20154100G0189,1,19,0,16,0,0,1,0,0,0,1,1,1,1,29,6,2148,2,7,-1,1,-1
20154100G0189,2,9,0,17,0,0,1,0,1,0,1,1,6,2,49,8,1329,1,3,-1,2,-1
20154100G0191,1,9,0,18,0,0,1,0,5,4,3,1,6,2,59,9,1598,1,8,-1,1,-1
20154100G0192,1,9,0,17,0,0,0,0,1,0,1,1,6,1,26,6,-1,-1,-1,-1,1,-1
20154100G0195,1,9,0,18,0,0,0,0,0,0,1,1,6,1,38,7,1997,2,5,-1,1,-1
20154100G0200,1,9,0,18,0,0,0,0,0,0,1,1,6,2,50,8,-1,-1,-1,-1,-1,-1
20154100G0200,2,9,0,3,0,0,0,0,0,0,3,1,6,2,39,7,1595,1,4,-1,1,-1
20154100G0203,1,9,0,18,0,0,5,4,7,0,1,1,6,1,63,9,-1,-1,-1,-1,1,-1
20154100G0203,2,9,0,2,0,0,0,0,0,0,2,1,6,2,-1,-1,1598,1,12,-1,-1,-1
20154100G0204,1,9,0,9,0,6,0,0,0,0,1,1,6,1,65,9,1398,2,8,-1,1,-1
20154100G0204,2,9,0,18,0,8,0,0,0,0,3,1,6,2,28,6,1229,1,7,-1,2,-1
20154100G0205,1,9,0,4,0,1,0,0,0,0,1,1,6,1,32,6,-1,-1,-1,-1,1,-1
20154100G0205,2,9,0,4,0,1,0,0,0,0,2,1,6,1,41,7,1560,2,1,-1,1,-1
20154100G0205,3,9,0,3,0,1,0,0,0,0,2,1,6,1,47,8,2926,2,10,-1,-1,-1
20154100G0211,1,3,0,18,0,8,0,0,0,0,1,1,6,1,28,6,-1,-1,-1,-1,-1,-1
20154100G0211,2,9,0,9,0,5,0,0,0,0,3,1,6,2,25,5,1149,1,12,-1,1,-1
20154100G0212,1,9,0,15,0,0,0,0,0,0,3,1,6,1,34,6,1997,2,14,-1,1,-1
20154100G0212,2,9,0,18,0,0,0,0,0,0,4,1,6,1,26,6,1596,1,4,-1,1,-1
20154100G0213,1,9,0,1,0,0,0,0,0,0,2,1,6,3,30,6,-1,-1,-1,-1,-1,-1
20154100G0213,2,9,0,2,0,0,0,0,0,0,3,1,6,1,31,6,1995,2,-1,-1,1,-1
20154100G0214,1,19,0,18,0,8,1,0,0,0,1,1,1,1,30,6,2148,2,8,-1,1,-1
20154100G0214,2,9,0,10,0,1,0,0,0,0,2,1,6,2,26,6,-1,-1,-1,-1,1,-1
20154100G0214,3,9,0,18,0,8,0,0,1,0,3,1,6,1,74,10,-1,-1,-1,-1,3,-1
20154100G0215,1,9,0,18,0,0,0,6,0,0,3,1,1,2,39,7,-1,-1,-1,-1,3,-1
20154100G0215,2,9,0,18,0,0,0,0,0,0,3,1,1,1,29,6,1598,2,1,-1,3,-1
20154100G0220,1,9,0,18,0,8,5,0,0,0,2,1,2,1,42,7,2198,1,11,-1,1,-1
20154100G0220,2,9,0,18,0,8,0,0,0,0,1,1,2,1,37,7,1364,1,6,-1,1,-1
20154100G0223,1,9,0,9,0,8,0,0,0,0,4,1,1,1,50,8,1499,2,-1,-1,1,-1
20154100G0223,2,9,0,18,0,8,0,0,0,0,1,1,1,1,56,9,1560,2,1,-1,1,-1
20154100G0224,1,9,0,9,0,6,0,0,0,0,3,1,6,2,23,5,1199,1,12,-1,1,-1
20154100G0224,2,19,0,18,0,8,0,0,0,0,1,1,1,1,59,9,2402,2,13,-1,2,-1
20154100G0228,1,9,0,18,0,0,0,0,0,0,4,1,1,2,26,6,998,1,1,-1,1,-1
20154100G0229,1,9,0,18,0,0,1,0,0,0,1,1,6,1,24,5,1390,1,6,-1,1,-1
20154100G0229,2,9,0,4,0,0,0,0,0,0,2,1,6,1,44,7,1956,2,3,-1,1,-1
20154100G0239,1,9,0,5,0,6,0,0,0,0,0,1,6,3,-1,-1,-1,-1,-1,-1,-1,-1
20154100G0239,2,5,0,18,0,1,0,7,0,0,3,1,2,1,46,8,1137,1,8,-1,1,-1
20154100G0240,1,9,0,18,0,4,0,0,0,0,1,1,6,1,75,10,-1,-1,-1,-1,1,-1
20154100G0240,2,9,0,18,0,8,0,0,0,0,1,1,1,1,56,9,1560,2,3,-1,1,-1
20154100G0243,1,3,0,4,0,1,0,0,0,0,3,1,2,2,44,7,-1,-1,-1,-1,1,-1
20154100G0245,1,9,0,5,0,6,0,0,0,0,1,1,1,2,27,6,1242,1,4,-1,3,-1
20154100G0245,2,3,0,14,0,8,0,0,0,0,4,1,6,1,18,4,124,1,2,-1,1,-1
20154100G0249,1,9,0,4,0,3,0,0,0,0,2,1,6,2,55,8,1248,2,2,-1,1,-1
20154100G0249,2,9,0,4,0,3,0,0,0,0,1,1,6,2,25,5,1399,2,9,-1,1,-1
20154100G0252,1,9,0,9,0,5,0,0,0,0,1,1,6,1,24,5,1364,1,8,-1,1,-1
20154100G0252,2,9,0,18,0,8,0,0,0,0,1,1,6,1,25,5,1596,1,13,-1,2,-1
20154100G0253,1,9,0,5,0,6,0,0,0,0,3,1,1,2,56,9,1956,2,1,-1,2,-1
20154100G0253,2,9,0,18,0,8,1,0,6,10,1,1,6,1,71,10,1798,1,14,-1,3,-1
20154100G0258,1,9,0,16,0,0,5,10,7,0,1,1,6,2,35,6,1396,1,10,-1,3,-1
20154100G0260,1,9,0,9,0,6,0,0,0,0,1,1,6,2,45,7,1998,2,11,-1,3,-1
20154100G0260,2,9,0,9,0,5,0,0,0,0,4,1,6,2,30,6,1596,1,1,-1,2,-1
20154100G0262,1,19,0,18,0,8,0,0,0,0,1,1,6,1,45,7,1968,2,1,-1,-1,-1
20154100G0262,2,9,0,18,0,8,0,0,0,0,2,1,2,2,30,6,1600,1,11,-1,3,-1
20154100G0264,1,9,0,18,0,1,0,0,0,0,3,1,6,2,39,7,1242,1,11,-1,1,-1
20154100G0272,1,5,0,17,0,0,1,0,0,0,1,1,6,1,33,6,599,1,7,-1,1,-1
20154100G0275,1,9,0,17,0,0,2,0,1,0,4,1,6,1,17,4,1149,1,11,-1,3,-1
20154100G0276,1,9,0,7,0,6,0,0,0,0,1,1,6,3,-1,-1,-1,-1,-1,-1,-1,-1
20154100G0277,1,9,0,4,0,0,0,0,0,0,2,1,6,1,25,5,1796,1,12,-1,3,-1
20154100G0277,2,9,0,18,0,0,0,0,0,0,1,1,6,1,55,8,-1,-1,-1,-1,1,-1
20154100G0279,1,9,0,18,0,1,0,0,0,0,1,1,1,2,25,5,1242,1,7,-1,1,-1
20154100G0279,2,9,0,3,0,1,0,0,0,0,2,1,1,1,28,6,-1,-1,-1,-1,3,-1
20154100G0279,3,9,0,3,0,1,0,0,0,0,2,1,6,1,45,7,1229,1,10,-1,1,-1
20154100G0280,1,9,0,18,0,2,0,0,0,0,1,1,6,2,51,8,1968,2,4,-1,3,-1
20154100G0280,2,21,0,3,0,2,0,0,0,0,0,1,1,1,45,7,-1,-1,-1,-1,1,-1
20154100G0292,1,9,0,18,0,4,0,0,0,0,1,1,6,1,40,7,1796,1,1,-1,1,-1
20154100G0292,2,1,0,18,0,8,0,0,0,0,4,1,6,1,53,8,-1,-1,-1,-1,1,-1
20154100G0294,1,5,0,18,0,0,0,0,1,0,1,1,6,1,33,6,-1,-1,-1,-1,1,-1
20154100G0294,2,16,0,18,0,0,0,0,1,9,4,1,6,2,32,6,-1,-1,-1,-1,-1,-1
20154100G0296,1,9,0,18,0,0,0,4,0,0,1,1,6,1,22,5,1582,2,-1,-1,1,-1
20154100G0296,2,9,0,2,0,0,0,0,0,0,2,1,6,3,-1,-1,1598,1,11,-1,1,-1
20154100G0296,3,9,0,2,0,0,0,0,0,0,1,1,6,3,-1,-1,1951,2,14,-1,1,-1
20154100G0300,1,9,0,18,0,1,0,0,0,0,1,1,6,1,53,8,-1,-1,-1,-1,2,-1
20154100G0300,2,9,0,3,0,1,0,0,0,0,2,1,6,2,26,6,1242,1,5,-1,1,-1
20154100G0300,3,9,0,10,0,1,0,0,0,0,2,1,6,2,25,5,1248,1,3,-1,1,-1
20154100G0301,1,9,0,12,0,0,0,0,0,0,1,1,6,2,27,6,-1,-1,-1,-1,1,-1
20154100G0301,2,9,0,4,0,0,0,0,0,0,2,1,6,3,-1,-1,-1,-1,-1,-1,-1,-1
20154100G0302,1,5,0,16,0,0,1,0,7,0,1,1,1,1,34,6,599,1,8,-1,1,-1
20154100G0302,2,9,0,17,0,0,0,0,1,0,1,1,2,2,64,9,1600,1,11,-1,1,-1
20154100G0303,1,9,0,16,0,1,0,0,8,10,1,1,6,2,73,10,989,1,8,-1,1,-1
20154100G0304,1,9,0,9,0,5,0,0,0,0,4,1,2,2,44,7,1199,1,12,-1,1,-1
20154100G0304,2,9,0,18,0,8,0,0,0,0,1,1,2,2,25,5,-1,-1,-1,-1,1,-1
20154100G0306,1,9,0,18,0,2,1,0,0,0,4,1,6,1,36,7,1124,1,15,-1,1,-1
20154100G0306,2,9,0,18,0,1,0,0,0,0,1,1,6,1,67,10,2967,2,1,-1,3,-1
20154100G0306,3,9,0,18,0,2,0,0,0,0,0,1,6,2,66,10,3311,8,6,-1,1,-1
20154100G0307,1,3,0,18,0,0,0,4,1,0,1,1,6,1,31,6,124,1,3,-1,1,-1
20154100G0307,2,9,0,2,0,0,0,0,0,0,3,1,6,1,26,6,1796,1,10,-1,2,-1
20154100G0307,3,9,0,2,0,0,0,0,0,0,2,1,6,2,52,8,1956,2,2,-1,-1,-1
20154100G0309,1,8,0,9,0,6,0,0,0,0,3,1,1,1,77,11,1998,2,6,-1,1,-1
20154100G0309,2,9,0,18,0,8,0,0,0,0,1,1,2,2,53,8,1999,1,6,-1,1,-1
20154100G0311,1,9,0,18,0,1,0,0,0,0,1,1,6,2,68,10,1364,1,7,-1,1,-1
20154100G0311,2,9,0,10,0,1,0,0,0,0,2,1,6,2,53,8,1968,2,6,-1,1,-1
20154100G0311,3,9,0,18,0,1,0,0,1,0,1,1,6,2,36,7,-1,-1,-1,-1,1,-1
20154100G0313,1,9,0,5,0,0,1,0,0,0,2,1,2,2,50,8,1364,1,6,-1,1,-1
20154100G0313,2,19,0,5,0,0,1,0,0,0,1,1,2,1,43,7,2143,2,3,-1,3,-1
20154100G0313,3,9,0,5,0,0,0,0,0,0,2,1,6,2,26,6,1248,2,2,-1,1,-1
20154100G0313,4,9,0,18,0,0,1,0,0,0,1,1,2,2,53,8,-1,-1,-1,-1,3,-1
20154100G0314,1,9,0,9,0,8,0,0,0,0,4,1,1,1,35,6,1388,1,10,-1,1,-1
20154100G0314,2,9,0,18,0,8,0,0,0,0,1,1,6,2,44,7,1199,1,17,-1,1,-1
20154100G0315,1,9,0,18,0,1,0,0,0,0,1,1,1,1,22,5,998,1,-1,-1,1,-1
20154100G0315,2,9,0,10,0,1,0,0,0,0,2,1,2,2,28,6,998,1,4,-1,1,-1
20154100G0316,1,9,0,18,0,1,0,0,0,0,1,1,6,1,82,11,-1,-1,-1,-1,1,-1
20154100G0317,1,5,0,5,0,7,0,0,0,0,2,1,6,1,53,8,745,1,4,-1,1,-1
20154100G0317,2,9,0,5,0,7,0,0,0,0,4,1,6,2,54,8,1968,2,1,-1,-1,-1
20154100G0323,1,9,0,9,0,6,0,0,0,0,1,1,6,2,19,4,1086,1,8,-1,1,-1
20154100G0323,2,9,0,18,0,8,0,0,0,0,4,1,6,1,39,7,1598,1,11,-1,3,-1
20154100G0327,1,9,0,13,0,0,0,0,0,0,1,1,1,1,36,7,-1,-1,-1,-1,-1,-1
20154100G0327,2,1,0,14,0,0,0,0,0,0,3,1,4,1,16,4,-1,-1,-1,-1,-1,-1
20154100G0329,1,9,0,18,0,2,0,0,0,0,1,1,6,3,-1,-1,-1,-1,-1,-1,-1,-1
20154100G0333,1,9,0,11,0,0,2,0,1,4,4,1,6,1,37,7,1149,1,12,-1,1,-1
20154100G0333,2,9,0,18,0,0,0,0,0,0,4,1,6,1,59,9,1398,1,-1,-1,1,-1
20154100G0337,1,9,0,9,0,5,0,0,0,0,1,1,6,1,24,5,1198,1,10,-1,-1,-1
20154100G0337,2,1,0,18,0,8,1,0,0,0,3,1,6,1,63,9,-1,-1,-1,-1,1,-1
20154100G0338,1,9,0,18,0,6,0,0,1,0,4,1,6,2,45,7,1968,2,1,-1,3,-1
20154100G0338,2,5,0,18,0,1,1,0,1,11,1,1,6,1,38,7,999,1,4,-1,1,-1
20154100G0339,1,9,0,18,0,4,0,0,0,0,3,1,6,1,51,8,1360,1,13,-1,1,-1
20154100G0339,2,1,0,18,0,8,0,0,0,0,1,1,6,1,51,8,-1,-1,-1,-1,3,-1
20154100G0342,1,1,0,18,0,1,0,4,0,0,1,1,6,1,-1,-1,-1,-1,-1,-1,-1,-1
20154100G0342,2,9,0,2,0,1,0,0,0,0,4,1,6,1,22,5,1800,1,15,-1,1,-1
20154100G0343,1,9,0,18,0,2,5,4,0,0,1,1,6,2,52,8,1598,1,1,-1,1,-1
20154100G0343,2,9,0,2,0,2,0,4,0,0,3,1,6,1,51,8,1598,1,4,-1,1,-1
20154100G0343,3,9,0,2,0,2,0,0,0,0,2,1,6,1,67,10,1398,1,4,-1,1,-1
20154100G0344,1,9,0,16,0,0,0,0,0,0,1,1,2,1,30,6,1988,1,12,-1,-1,-1
20154100G0344,2,21,0,17,0,0,0,0,0,0,3,1,1,1,49,8,-1,-1,-1,-1,-1,-1
20154100G0345,1,9,0,18,0,8,0,0,0,0,4,1,6,2,25,5,1596,1,1,-1,1,-1
20154100G0345,2,1,0,7,0,6,0,0,0,0,1,1,6,1,17,4,-1,-1,-1,-1,1,-1
20154100G0352,1,9,0,18,0,0,0,0,0,0,3,1,6,1,-1,-1,1968,2,3,-1,-1,-1
20154100G0352,2,9,0,14,0,0,0,0,0,0,3,1,6,1,62,9,1560,2,8,-1,1,-1
20154100G0356,1,3,0,5,0,6,0,0,0,0,1,1,6,1,22,5,-1,-1,-1,-1,1,-1
20154100G0356,2,8,0,18,0,8,0,0,0,0,4,1,1,1,57,9,1796,1,6,-1,1,-1
20154100G0357,1,9,0,16,0,0,1,0,1,4,1,1,6,1,28,6,1248,2,7,-1,3,-1
20154100G0359,1,9,0,18,0,8,0,0,0,0,1,1,6,2,25,5,-1,-1,-1,-1,1,-1
20154100G0359,2,1,0,18,0,8,0,0,0,0,2,1,6,1,38,7,-1,-1,-1,-1,-1,-1
20154100G0360,1,9,0,8,0,1,0,0,0,0,2,1,6,1,60,9,1968,2,4,-1,1,-1