Accident_Index,Vehicle_Reference,Vehicle_Type,Towing_and_Articulation,Vehicle_Manoeuvre,Vehicle_Location-Restricted_Lane,Junction_Location,Skidding_and_Overturning,Hit_Object_in_Carriageway,Vehicle_Leaving_Carriageway,Hit_Object_off_Carriageway,1st_Point_of_Impact,Was_Vehicle_Left_Hand_Drive?,Journey_Purpose_of_Driver,Sex_of_Driver,Age_of_Driver,Age_Band_of_Driver,Engine_Capacity_(CC),Propulsion_Code,Age_of_Vehicle,Driver_IMD_Decile,Driver_Home_Area_Type,Vehicle_IMD_Decile
20154100J0021,2,19,0,3,0,7,0,0,0,0,2,1,1,1,43,7,-1,-1,-1,-1,1,-1
20154100J0022,1,19,0,18,0,0,0,0,0,0,1,1,1,1,35,6,1995,2,8,-1,-1,-1
20154100J0022,2,9,0,3,0,0,0,0,0,0,2,1,3,2,39,7,1360,1,8,-1,1,-1
20154100J0023,1,9,0,6,0,0,0,0,0,0,3,1,6,1,19,4,-1,-1,-1,-1,2,-1
20154100J0023,2,4,0,18,0,0,0,0,0,0,1,1,6,1,40,7,250,1,1,-1,1,-1
20154100J0038,1,9,0,16,0,0,0,0,7,9,1,1,6,2,20,4,-1,-1,-1,-1,1,-1
20154100J0039,1,11,0,18,0,8,0,0,0,0,1,1,1,1,36,7,6370,2,9,-1,1,-1
20154100J0039,2,9,0,5,0,4,0,0,0,0,3,1,6,1,77,11,2198,1,16,-1,1,-1
20154100J0042,1,9,0,9,0,5,0,0,0,0,0,1,6,1,27,6,1598,1,1,-1,1,-1
20154100J0042,2,1,0,18,0,1,0,0,0,0,0,1,6,1,44,7,-1,-1,-1,-1,2,-1
20154100J0045,1,9,0,18,0,0,0,0,0,0,1,1,6,2,26,6,2143,2,2,-1,1,-1
20154100J0045,2,9,0,4,0,0,0,0,0,0,2,1,6,2,67,10,1968,2,4,-1,1,-1
20154100J0046,1,9,0,5,0,4,0,0,0,0,1,1,6,1,59,9,1984,1,12,-1,1,-1
20154100J0046,2,1,0,18,0,8,0,0,0,0,4,1,6,1,54,8,-1,-1,-1,-1,1,-1
20154100J0054,1,9,0,18,0,2,0,0,0,0,1,1,6,1,63,9,1591,1,3,-1,1,-1
20154100J0055,1,20,0,9,0,6,0,0,0,0,3,1,1,1,37,7,4461,2,5,-1,1,-1
20154100J0055,2,9,0,17,0,8,0,0,0,0,1,1,2,1,42,7,-1,-1,-1,-1,3,-1
20154100J0061,1,9,0,4,0,0,0,0,0,0,1,1,2,2,25,5,1242,1,12,-1,1,-1
20154100J0061,2,9,0,3,0,0,0,0,0,0,2,1,3,2,46,8,1968,2,1,-1,1,-1
20154100J0062,1,9,0,18,0,0,1,0,1,4,3,1,6,1,46,8,1995,1,14,-1,1,-1
20154100J0063,1,9,0,17,0,1,0,0,0,0,1,2,6,1,32,6,-1,-1,-1,-1,1,-1
20154100J0063,2,9,0,17,0,1,0,0,0,0,2,1,6,2,24,5,1984,1,1,-1,1,-1
20154100J0064,1,9,0,4,0,1,0,0,0,0,4,1,6,1,35,6,-1,-1,-1,-1,-1,-1
20154100J0075,1,9,0,16,0,2,2,0,1,4,1,1,2,1,19,4,-1,-1,-1,-1,1,-1
20154100J0078,1,9,0,6,0,0,0,0,0,0,1,1,2,2,33,6,1390,1,7,-1,1,-1
20154100J0078,2,9,0,18,0,0,0,0,0,0,1,1,2,1,35,6,1984,1,1,-1,1,-1
20154100J0079,1,9,0,9,0,6,0,0,0,0,1,1,6,1,45,7,1896,2,12,-1,-1,-1
20154100J0079,2,9,0,9,0,5,0,0,0,0,3,1,6,1,29,6,995,1,11,-1,1,-1
20154100J0081,1,9,0,16,0,2,0,0,0,0,1,1,6,2,21,5,998,1,4,-1,1,-1
20154100J0081,2,9,0,2,0,2,0,0,0,0,2,1,6,1,32,6,1796,2,2,-1,1,-1
20154100J0083,1,9,0,9,0,5,0,0,0,0,3,1,6,1,45,7,1900,2,10,-1,1,-1
20154100J0083,2,1,0,18,0,8,0,0,0,0,1,1,2,1,42,7,-1,-1,-1,-1,2,-1
20154100J0085,1,1,0,18,0,0,0,0,0,0,2,1,6,1,48,8,-1,-1,-1,-1,1,-1
20154100J0085,2,9,0,4,0,0,0,0,0,0,1,1,6,1,25,5,2402,2,7,-1,2,-1
20154100J0089,1,9,0,9,0,8,0,0,0,0,1,1,6,2,17,4,796,1,13,-1,1,-1
20154100J0089,2,9,0,4,0,8,0,0,0,0,1,1,6,1,60,9,1461,2,1,-1,1,-1
20154100J0095,1,9,0,18,0,0,0,0,0,0,1,1,6,1,61,9,-1,-1,-1,-1,1,-1
20154100J0095,2,8,0,3,0,0,0,0,0,0,3,1,6,1,41,7,2143,2,2,-1,2,-1
20154100J0095,3,9,0,3,0,0,0,0,1,0,1,1,6,2,70,10,1598,1,3,-1,2,-1
20154100J0100,1,9,0,3,0,1,0,0,0,0,2,1,6,1,26,6,1595,1,2,-1,1,-1
20154100J0100,2,9,0,4,0,1,0,0,0,0,1,1,6,1,60,9,2995,1,12,-1,1,-1
20154100J0101,1,9,0,5,0,1,0,0,0,0,1,1,2,1,27,6,2179,2,1,-1,1,-1
20154100J0101,2,5,0,3,0,1,0,0,0,0,2,1,1,1,49,8,1284,1,10,-1,-1,-1
20154100J0102,1,9,0,9,0,8,0,0,0,0,1,1,2,2,64,9,1595,1,6,-1,1,-1
20154100J0102,2,9,0,18,0,8,0,7,0,0,3,1,1,1,36,7,-1,-1,-1,-1,1,-1
20154100J0107,1,9,0,18,0,2,0,0,0,0,4,1,6,2,53,8,2261,1,7,-1,2,-1
20154100J0112,1,9,0,3,0,0,0,0,0,0,2,1,6,2,50,8,-1,-1,-1,-1,-1,-1
20154100J0112,2,9,0,12,0,0,0,0,0,0,1,1,6,1,19,4,1242,1,16,-1,2,-1
20154100J0114,1,9,0,18,0,1,0,0,0,0,1,1,6,1,-1,-1,1995,2,4,-1,-1,-1
20154100J0114,2,9,0,10,0,1,0,0,0,0,2,1,6,2,43,7,-1,-1,-1,-1,1,-1
20154100J0118,1,9,0,6,0,2,0,0,0,0,4,1,6,1,40,7,1598,2,2,-1,1,-1
20154100J0118,2,9,0,18,0,2,0,0,0,0,1,1,6,2,38,7,1364,1,10,-1,2,-1
20154100J0119,1,9,0,18,0,8,0,0,1,2,1,1,3,2,34,6,1560,2,9,-1,1,-1
20154100J0120,1,19,0,18,0,8,0,0,0,0,1,1,6,3,-1,-1,-1,-1,-1,-1,-1,-1
20154100J0120,2,9,0,18,0,8,0,0,0,0,2,1,6,1,65,9,2319,1,18,-1,1,-1
20154100J0121,1,3,0,18,0,1,1,4,0,0,1,1,6,1,17,4,125,1,1,-1,1,-1
20154100J0121,2,19,0,2,0,1,0,0,0,0,2,1,2,1,37,7,2143,2,5,-1,1,-1
20154100J0123,1,9,0,9,0,5,0,0,0,0,1,1,2,2,43,7,1910,2,5,-1,1,-1
20154100J0123,2,9,0,18,0,8,0,0,0,0,1,1,2,2,35,6,1242,1,8,-1,1,-1
20154100J0124,1,19,0,18,0,8,0,0,0,0,1,1,2,1,53,8,1753,2,3,-1,1,-1
20154100J0124,2,9,0,4,0,8,0,0,0,0,2,1,6,1,31,6,1598,1,8,-1,1,-1
20154100J0124,3,9,0,4,0,8,0,0,0,0,0,1,6,3,-1,-1,-1,-1,-1,-1,-1,-1
20154100J0131,1,9,0,9,0,6,0,0,0,0,3,1,6,1,27,6,996,1,4,-1,-1,-1
20154100J0131,2,9,0,18,0,8,0,0,0,0,1,1,6,2,54,8,1596,1,12,-1,1,-1
20154100J0134,1,21,1,18,0,0,0,0,0,0,1,2,1,1,32,6,-1,-1,-1,-1,-1,-1
20154100J0134,2,9,0,11,0,0,0,0,0,0,2,1,2,1,32,6,-1,-1,-1,-1,1,-1
20154100J0142,1,9,0,9,0,6,0,0,0,0,4,1,4,2,18,4,1242,1,4,-1,2,-1
20154100J0142,2,9,0,18,0,8,0,0,0,0,1,1,6,2,-1,-1,1149,1,13,-1,-1,-1
20154100J0148,1,9,0,18,0,1,0,0,0,0,1,1,6,1,28,6,-1,-1,-1,-1,1,-1
20154100J0148,2,9,0,10,0,1,0,0,0,0,2,1,6,1,35,6,1339,8,5,-1,1,-1
20154100J0156,1,19,0,1,0,6,0,0,0,0,2,1,1,1,-1,-1,-1,-1,-1,-1,-1,-1
20154100J0157,1,9,0,9,0,6,0,0,0,0,1,1,6,1,25,5,-1,-1,-1,-1,1,-1
20154100J0158,1,19,0,5,0,6,0,0,0,0,1,1,1,1,25,5,2402,2,6,-1,1,-1
20154100J0158,2,10,0,18,0,8,0,0,0,0,4,1,1,1,68,10,-1,-1,-1,-1,1,-1
20154100J0168,1,9,0,7,0,5,0,0,0,0,1,1,6,3,-1,-1,1995,2,12,-1,1,-1
20154100J0169,1,9,0,3,0,1,0,0,0,0,2,1,6,1,59,9,-1,-1,-1,-1,1,-1
20154100J0169,2,9,0,18,0,1,0,0,0,0,1,1,6,3,-1,-1,2979,1,1,-1,-1,-1
20154100J0170,1,9,0,1,9,0,0,0,1,10,2,1,6,2,68,10,1598,1,2,-1,1,-1
20154100J0171,1,9,0,18,0,1,0,0,0,0,4,1,1,1,49,8,1396,1,13,-1,1,-1
20154100J0172,1,9,0,4,0,1,0,0,0,0,2,1,6,1,55,8,-1,-1,-1,-1,1,-1
20154100J0172,2,9,0,4,0,1,1,0,0,0,2,1,6,2,27,6,1560,2,3,-1,1,-1
20154100J0172,3,9,0,18,0,1,1,0,0,0,1,1,6,1,38,7,4196,1,13,-1,1,-1
20154100J0173,1,9,0,16,0,0,0,0,0,0,1,1,6,2,42,7,1896,2,6,-1,1,-1
20154100J0173,2,9,0,4,0,0,0,0,0,0,2,1,6,2,58,9,1598,1,1,-1,1,-1
20154100J0181,1,9,0,11,0,0,1,0,0,0,1,1,1,1,49,8,1799,1,4,-1,3,-1
20154100J0181,2,9,0,4,0,0,0,0,0,0,2,1,1,2,29,6,1149,1,7,-1,1,-1
20154100J0181,3,9,0,4,0,0,0,0,0,0,2,1,6,2,24,5,1364,1,10,-1,2,-1
20154100J0182,1,9,0,2,0,0,0,0,0,0,3,1,1,1,30,6,1248,2,8,-1,1,-1
20154100J0182,2,3,0,18,0,0,0,8,0,0,1,1,6,1,20,4,124,1,3,-1,1,-1
20154100J0184,1,9,0,18,0,0,0,11,0,0,1,1,6,2,61,9,998,1,1,-1,2,-1
20154100J0186,1,9,0,4,0,0,0,0,0,0,1,1,6,1,33,6,-1,-1,-1,-1,2,-1
20154100J0186,2,9,0,3,0,0,0,0,0,0,2,1,6,2,20,4,1560,2,4,-1,1,-1
20154100J0189,1,8,0,18,0,0,0,0,0,0,3,1,1,1,40,7,1956,2,3,-1,1,-1
20154100J0189,2,9,0,18,0,0,0,0,0,0,3,1,6,1,45,7,2393,1,12,-1,1,-1
20154100J0192,1,9,0,5,0,6,0,0,0,0,1,1,6,1,21,5,-1,-1,-1,-1,2,-1
20154100J0192,2,9,0,18,0,8,0,0,0,0,4,1,6,2,55,8,2143,2,2,-1,2,-1
20154100J0207,1,21,1,12,0,0,0,0,0,0,3,2,1,1,39,7,-1,-1,-1,-1,-1,-1
20154100J0207,2,9,0,18,0,0,1,0,1,7,4,1,6,2,52,8,1461,2,9,-1,1,-1
20154100J0214,1,9,0,18,0,6,0,0,0,0,1,1,6,2,45,7,1587,1,12,-1,-1,-1
20154100J0214,2,3,0,18,0,8,1,0,0,0,4,1,6,1,17,4,124,1,2,-1,1,-1
20154100J0215,1,21,1,18,0,8,0,0,0,0,4,1,1,1,51,8,6871,2,2,-1,1,-1
20154100J0215,2,9,0,18,0,1,0,0,0,0,2,1,6,1,35,6,-1,-1,-1,-1,1,-1
20154100J0215,3,19,0,18,0,1,0,0,0,0,1,1,1,1,43,7,-1,-1,-1,-1,1,-1
20154100J0215,4,19,0,12,0,7,0,0,0,0,3,1,1,1,58,9,1968,2,1,-1,1,-1
20154100J0217,1,9,0,5,0,0,0,0,0,0,1,1,6,3,-1,-1,-1,-1,-1,-1,-1,-1
20154100J0219,1,9,0,18,0,0,1,0,0,0,3,1,6,2,23,5,1242,1,2,-1,1,-1
20154100J0219,2,19,0,18,0,0,0,0,0,0,4,1,6,1,52,8,2198,2,1,-1,1,-1
20154100J0220,1,9,0,1,0,0,0,4,8,10,2,1,1,2,55,8,1299,1,12,-1,1,-1
20154100J0220,2,9,0,2,0,0,0,0,0,0,1,1,2,1,56,9,1900,2,17,-1,1,-1
20154100J0222,1,9,0,18,0,4,0,0,0,0,1,1,1,1,26,6,-1,-1,-1,-1,1,-1
20154100J0222,2,9,0,18,0,8,0,0,0,0,4,1,6,2,40,7,2993,2,4,-1,-1,-1
20154100J0233,1,9,0,12,0,0,0,0,0,0,3,1,6,2,30,6,-1,-1,-1,-1,1,-1
20154100J0233,2,4,0,18,0,0,1,0,0,0,4,1,6,1,49,8,998,1,7,-1,1,-1
20154100J0234,1,2,0,18,0,8,0,0,1,0,1,1,6,1,44,7,124,1,6,-1,1,-1
20154100J0234,2,9,0,18,0,8,0,0,0,0,3,1,6,1,57,9,1598,1,9,-1,-1,-1
20154100J0240,1,3,0,18,0,1,0,0,0,0,1,1,6,1,23,5,125,1,-1,-1,1,-1
20154100J0240,2,8,0,10,0,1,0,0,0,0,2,1,1,1,26,6,-1,-1,-1,-1,1,-1
20154100J0245,1,9,0,5,0,6,0,0,0,0,3,1,6,2,49,8,1796,1,10,-1,1,-1
20154100J0245,2,3,0,18,0,8,0,0,0,0,1,1,2,1,19,4,125,1,5,-1,1,-1
20154100J0249,1,9,0,18,0,1,0,0,0,0,1,1,1,1,19,4,1198,1,10,-1,1,-1
20154100J0249,2,9,0,10,0,1,0,0,0,0,2,1,6,2,66,10,1390,1,4,-1,1,-1
20154100J0250,1,19,0,18,0,8,0,0,0,0,1,1,6,1,49,8,2198,2,7,-1,1,-1
20154100J0250,2,9,0,18,0,8,0,0,0,0,1,1,6,2,44,7,1994,1,8,-1,1,-1
20154100J0251,1,9,0,16,0,0,0,0,0,0,1,1,6,1,53,8,2688,2,13,-1,1,-1
20154100J0251,2,9,0,17,0,0,0,0,0,0,1,1,2,2,21,5,1198,1,4,-1,1,-1
20154100J0253,1,1,0,11,0,1,0,0,1,0,1,1,6,1,38,7,-1,-1,-1,-1,1,-1
20154100J0253,2,9,0,13,0,1,0,0,0,0,4,1,6,1,50,8,-1,-1,-1,-1,-1,-1
20154100J0255,1,9,0,5,0,2,0,0,0,0,3,1,6,1,64,9,1198,1,5,-1,1,-1
20154100J0255,2,9,0,18,0,2,0,0,0,0,1,1,6,1,46,8,-1,-1,-1,-1,1,-1
20154100J0256,1,9,0,1,0,0,0,0,0,0,1,1,2,1,35,6,1598,2,1,-1,1,-1
20154100J0257,1,9,0,18,0,4,0,0,0,0,1,1,1,1,22,5,1587,1,12,-1,1,-1
20154100J0257,2,9,0,18,0,4,0,0,0,0,4,1,6,1,40,7,2993,2,11,-1,-1,-1
20154100J0258,1,9,0,18,0,1,0,0,0,0,1,1,6,1,49,8,-1,-1,-1,-1,2,-1
20154100J0258,2,9,0,10,0,1,0,0,0,0,2,1,6,1,57,9,1497,1,13,-1,1,-1
20154100J0267,1,19,0,7,0,8,0,0,0,0,1,1,6,1,47,8,2198,2,8,-1,2,-1
20154100J0267,2,9,0,9,0,8,0,0,0,0,2,1,6,1,50,8,-1,-1,-1,-1,2,-1
20154100J0269,1,9,0,9,0,6,0,0,0,0,1,1,6,1,37,7,-1,-1,-1,-1,1,-1
20154100J0269,2,3,0,18,0,8,0,0,0,0,1,1,6,1,19,4,125,1,3,-1,-1,-1
20154100J0276,1,9,0,18,0,8,0,0,0,0,1,1,6,1,48,8,-1,-1,-1,-1,1,-1
20154100J0276,2,9,0,18,0,8,0,0,0,0,1,1,6,2,46,8,899,1,2,-1,1,-1
20154100J0278,1,9,0,18,0,8,0,0,0,0,1,1,6,2,44,7,1595,1,8,-1,2,-1
20154100J0280,1,9,0,9,0,5,0,0,0,0,4,1,6,1,29,6,1392,1,27,-1,1,-1
20154100J0280,2,9,0,18,0,8,0,0,0,0,1,1,6,2,54,8,998,1,1,-1,1,-1
20154100J0281,1,9,0,9,0,6,0,0,0,0,3,1,6,2,87,11,1596,1,13,-1,3,-1
20154100J0281,2,1,0,18,0,8,0,0,0,0,1,1,2,1,31,6,-1,-1,-1,-1,1,-1
20154100J0282,1,9,0,9,0,6,0,0,0,0,2,1,6,2,26,6,1360,1,12,-1,1,-1
20154100J0282,2,9,0,18,0,8,1,0,0,0,1,1,6,1,25,5,1299,1,13,-1,1,-1
20154100J0283,1,1,0,4,0,1,0,0,0,0,1,1,6,1,40,7,-1,-1,-1,-1,1,-1
20154100J0283,2,19,0,15,0,1,0,0,0,0,4,1,6,1,-1,-1,1560,2,1,-1,1,-1
20154100J0285,1,9,0,7,0,6,0,0,0,0,1,1,6,1,19,4,-1,-1,-1,-1,3,-1
20154100J0285,2,9,0,18,0,8,0,0,0,0,4,1,6,2,30,6,1388,1,11,-1,1,-1
20154100J0286,1,9,0,18,0,0,0,0,0,0,1,1,6,2,31,6,1198,1,11,-1,1,-1
20154100J0286,2,9,0,4,0,0,0,0,0,0,2,1,6,2,52,8,1388,1,5,-1,1,-1
20154100J0286,3,9,0,3,0,0,0,0,0,0,2,1,6,1,21,5,1248,2,7,-1,1,-1
20154100J0286,4,9,0,3,0,0,0,0,0,0,2,1,2,1,53,8,-1,-1,-1,-1,1,-1
20154100J0290,1,9,0,16,0,0,2,0,8,4,1,1,6,2,19,4,1124,1,13,-1,1,-1
20154100J0295,1,19,0,18,0,8,0,0,1,4,1,1,6,1,73,10,1298,1,10,-1,2,-1
20154100J0295,2,9,0,9,0,6,0,0,0,0,4,1,6,2,38,7,1339,1,11,-1,1,-1
20154100J0297,1,9,0,18,0,0,2,0,5,7,1,1,6,2,34,6,996,1,6,-1,1,-1
20154100J0297,2,9,0,18,0,0,0,0,0,0,1,1,6,1,30,6,2993,2,4,-1,1,-1
20154100J0298,1,9,0,14,0,0,0,0,0,0,3,1,6,2,25,5,2000,2,10,-1,-1,-1
20154100J0298,2,9,0,18,0,0,0,0,0,0,3,1,6,1,40,7,1299,1,13,-1,1,-1
20154100J0300,1,9,0,5,0,1,0,0,0,0,1,1,6,1,-1,-1,1956,2,1,-1,-1,-1
20154100J0300,2,9,0,3,0,1,0,0,0,0,2,1,2,1,35,6,3999,1,14,-1,1,-1
20154100J0302,1,19,0,6,0,0,0,0,0,0,3,1,6,1,32,6,2998,2,8,-1,1,-1
20154100J0302,2,5,0,18,0,0,0,0,0,0,4,1,6,1,45,7,645,1,1,-1,3,-1
20154100J0305,1,9,0,18,0,0,0,0,0,0,1,1,6,1,29,6,1388,1,12,-1,1,-1
20154100J0305,2,9,0,18,0,0,0,0,1,0,1,1,1,1,46,8,-1,-1,-1,-1,1,-1
20154100J0309,1,9,0,14,0,0,0,0,0,0,1,1,6,2,27,6,1984,1,14,-1,1,-1
20154100J0309,2,19,0,6,0,0,0,0,0,0,3,1,6,1,25,5,1868,2,9,-1,1,-1
20154100J0312,1,9,0,4,0,0,0,0,0,0,0,1,6,2,24,5,698,1,12,-1,1,-1
20154100J0319,1,9,0,13,0,0,1,0,4,6,1,1,6,1,22,5,1998,1,10,-1,1,-1
20154100J0319,2,9,0,12,0,0,0,0,0,0,0,1,6,1,37,7,-1,-1,-1,-1,1,-1
20154100J0321,1,9,0,10,0,1,0,0,0,0,2,1,1,2,50,8,1242,1,1,-1,1,-1
20154100J0321,2,9,0,18,0,1,0,0,0,0,1,1,1,2,21,5,-1,-1,-1,-1,-1,-1
20154100J0330,1,21,0,18,0,4,5,0,0,0,3,1,1,1,29,6,12740,2,1,-1,1,-1
20154100J0339,1,4,0,18,0,0,1,0,0,0,1,1,6,1,20,4,645,1,10,-1,3,-1
20154100J0339,2,9,0,18,0,0,0,0,0,0,2,1,6,2,44,7,1596,1,4,-1,1,-1
20154100J0339,3,9,0,18,0,0,0,0,0,0,1,1,6,2,49,8,1997,2,5,-1,3,-1
20154100J0346,1,8,0,3,0,1,0,0,0,0,2,1,1,1,33,6,-1,-1,-1,-1,1,-1
20154100J0346,2,9,0,18,0,1,0,0,0,0,1,1,6,2,24,5,1198,1,5,-1,2,-1
20154100J0347,1,9,0,5,0,6,0,0,0,0,3,1,6,1,21,5,1242,1,6,-1,1,-1
20154100J0347,2,3,0,18,0,8,0,0,0,0,1,1,6,1,21,5,124,1,6,-1,1,-1
20154100J0349,1,9,0,18,0,8,0,0,0,0,1,1,6,2,33,6,1242,1,11,-1,1,-1
20154100J0349,2,9,0,5,0,4,0,0,0,0,3,1,6,2,23,5,1364,1,8,-1,-1,-1
20154100J0350,1,9,0,9,0,5,0,0,0,0,1,1,1,1,33,6,1598,1,12,-1,1,-1
20154100J0350,2,1,0,18,0,8,0,0,0,0,1,1,1,1,46,8,-1,-1,-1,-1,1,-1
20154100J0355,1,9,0,18,0,1,2,0,0,0,0,1,1,2,22,5,1242,1,2,-1,1,-1
20154100J0355,2,9,0,10,0,1,0,0,0,0,0,1,6,2,52,8,1397,1,5,-1,3,-1
20154100J0357,1,9,0,18,0,0,0,0,0,0,1,1,6,1,94,11,1396,1,6,-1,1,-1
20154100J0357,2,9,0,18,0,0,0,0,0,0,2,1,6,1,56,9,1997,2,4,-1,1,-1
20154100J0364,1,9,0,14,0,8,0,0,0,0,4,1,2,2,46,8,875,1,2,-1,1,-1
20154100J0364,2,9,0,9,0,6,0,0,0,0,1,1,3,2,28,6,1995,2,7,-1,1,-1
20154100J0366,1,9,0,18,0,2,0,0,3,11,1,1,6,1,86,11,2967,1,12,-1,1,-1
20154100J0369,1,9,0,18,0,0,0,0,1,4,1,1,6,1,73,10,-1,-1,-1,-1,3,-1
20154100J0370,1,9,0,18,0,0,0,10,7,2,1,1,3,1,70,10,1497,8,7,-1,-1,-1
20154100J0372,1,9,0,18,0,0,0,0,2,7,1,1,2,1,57,9,1200,1,1,-1,1,-1
20154100J0373,1,19,0,11,0,0,0,10,1,2,2,1,1,1,23,5,1560,2,1,-1,1,-1
20154100J0374,1,9,0,9,0,1,0,0,0,0,0,1,6,3,-1,-1,-1,-1,-1,-1,-1,-1
20154100J0374,2,1,0,7,0,2,0,0,7,0,0,1,6,2,17,4,-1,-1,-1,-1,1,-1
20154100J0377,1,9,0,18,0,0,0,0,0,0,1,1,2,1,50,8,1364,2,1,-1,1,-1
20154100J0377,2,21,0,4,0,0,0,0,0,0,2,1,1,1,35,6,-1,-1,-1,-1,1,-1
20154100J0377,3,9,0,3,0,0,0,0,0,0,2,1,2,1,50,8,2143,2,3,-1,1,-1
20154100J0378,1,8,0,18,0,1,0,10,0,0,1,1,6,1,35,6,-1,-1,-1,-1,-1,-1
20154100J0381,1,9,0,7,0,6,0,0,0,0,1,1,6,1,40,7,998,1,1,-1,1,-1
20154100J0381,2,1,0,18,0,8,0,0,0,0,4,1,1,1,59,9,-1,-1,-1,-1,1,-1
20154100J0383,1,8,0,7,0,6,0,0,0,0,1,1,6,1,30,6,1797,8,5,-1,-1,-1
20154100J0383,2,9,0,18,0,8,0,0,0,0,1,1,6,3,-1,-1,-1,-1,-1,-1,-1,-1
20154100J0383,3,9,0,18,0,8,0,0,0,0,1,1,6,3,-1,-1,-1,-1,-1,-1,-1,-1
20154100J0384,1,8,0,18,0,8,0,0,0,0,1,1,1,1,28,6,-1,-1,-1,-1,1,-1
20154100J0384,2,9,0,18,0,6,1,10,0,0,3,1,6,2,38,7,1598,1,8,-1,1,-1
20154100J0385,1,19,0,18,0,0,5,10,0,0,4,1,1,2,25,5,-1,-1,-1,-1,1,-1
20154100J0386,1,9,0,18,0,0,0,0,7,4,1,1,6,1,21,5,1560,2,1,-1,2,-1
20154100J0386,2,9,0,18,0,0,0,0,0,0,3,1,6,1,32,6,-1,-1,-1,-1,3,-1
20154100J0386,3,9,0,18,0,0,0,0,0,0,0,1,6,1,32,6,-1,-1,-1,-1,1,-1
20154100J0389,1,9,0,9,0,5,0,0,0,0,1,1,6,1,28,6,2143,2,-1,-1,2,-1
20154100J0389,2,1,0,18,0,8,0,0,0,0,1,1,6,1,15,3,-1,-1,-1,-1,1,-1
20154100J0390,1,9,0,13,0,0,0,0,0,0,4,1,6,3,25,5,1582,2,1,-1,-1,-1
20154100J0390,2,9,0,18,0,0,0,0,0,0,3,1,6,1,41,7,1339,1,7,-1,1,-1
20154100J0392,1,8,0,12,0,1,0,0,0,0,1,1,6,1,40,7,1997,2,2,-1,1,-1
20154100J0392,2,8,0,5,0,1,0,0,0,0,2,1,6,1,41,7,2143,2,1,-1,1,-1
20154100J0393,1,9,0,18,0,1,0,0,7,10,1,1,6,1,75,10,1596,1,9,-1,1,-1
20154100J0393,2,19,0,18,0,8,0,0,0,0,0,1,6,1,53,8,2143,2,1,-1,1,-1
20154100J0394,1,9,0,18,0,2,2,10,1,10,4,1,6,1,22,5,1198,1,6,-1,3,-1
20154100J0395,1,9,0,4,0,2,0,0,0,0,1,1,2,2,22,5,1328,1,6,-1,1,-1
20154100J0395,2,9,0,4,0,2,0,0,0,0,2,1,2,2,40,7,1598,2,3,-1,1,-1
20154100J0397,1,3,0,18,0,8,0,0,0,0,1,1,6,1,21,5,125,1,2,-1,1,-1
20154100J0397,2,19,0,9,0,6,0,0,0,0,1,1,6,1,-1,-1,1560,2,3,-1,-1,-1
20154100J0400,1,9,0,5,0,6,0,0,0,0,4,1,6,1,40,7,1461,2,7,-1,1,-1
20154100J0400,2,9,0,18,0,8,1,10,7,10,2,1,6,2,57,9,1388,1,5,-1,3,-1
20154100J0404,1,2,0,18,0,8,1,0,0,0,3,1,6,1,16,4,50,1,12,-1,1,-1
20154100J0409,1,9,0,9,0,8,0,0,0,0,0,1,6,2,27,6,2494,1,10,-1,-1,-1
20154100J0409,2,1,0,4,0,4,0,0,0,0,0,1,6,1,52,8,-1,-1,-1,-1,1,-1
20154100J0411,1,9,0,9,0,6,0,0,0,0,1,1,6,1,-1,-1,-1,-1,-1,-1,-1,-1
20154100J0411,2,5,0,3,0,6,0,0,0,0,2,1,6,1,32,6,806,1,-1,-1,1,-1
20154100J0413,1,9,0,18,0,0,0,4,1,0,1,1,6,2,29,6,1686,2,2,-1,1,-1
20154100J0413,2,9,0,2,0,0,0,0,1,0,2,1,6,3,-1,-1,1591,1,7,-1,-1,-1
20154100J0416,1,9,0,18,0,0,1,0,0,0,1,1,2,1,32,6,-1,-1,-1,-1,1,-1
20154100J0416,2,9,0,4,0,0,0,0,7,6,2,1,2,2,37,7,1339,1,7,-1,1,-1
20154100J0417,1,9,0,5,0,4,1,0,0,0,1,2,6,1,-1,-1,-1,-1,-1,-1,-1,-1
20154100J0417,2,9,0,18,0,8,0,0,0,0,4,1,1,1,35,6,1339,8,8,-1,1,-1
20154100J0420,1,9,0,12,0,0,0,0,1,7,3,1,2,2,42,7,1390,1,11,-1,1,-1
20154100J0420,2,21,1,18,0,0,0,0,0,0,2,1,1,1,66,10,10677,2,1,-1,1,-1
20154100J0420,3,9,0,18,0,0,1,0,7,6,4,1,2,2,31,6,1598,1,11,-1,1,-1
20154100J0422,1,9,0,18,0,1,5,0,3,0,1,1,6,1,73,10,2198,1,13,-1,2,-1
20154100J0422,2,9,0,3,0,1,0,0,1,0,2,1,6,2,45,7,1198,1,3,-1,1,-1
20154100J0424,1,9,0,18,0,2,0,0,0,0,1,1,2,1,27,6,998,1,4,-1,2,-1
20154100J0425,1,9,0,18,0,2,0,0,0,0,3,1,6,2,47,8,1560,2,1,-1,2,-1
20154100J0426,1,9,0,4,0,1,0,0,0,0,2,1,6,1,91,11,1497,1,14,-1,1,-1
20154100J0426,2,9,0,18,0,1,0,0,0,0,1,1,6,1,26,6,2993,2,11,-1,1,-1
20154100J0427,1,9,0,3,0,1,0,0,0,0,2,1,6,2,32,6,1598,1,1,-1,1,-1
20154100J0427,2,19,0,4,0,1,0,0,0,0,1,1,6,1,27,6,2143,2,-1,-1,1,-1
20154100J0429,1,21,1,18,0,0,0,0,0,0,1,2,1,1,48,8,-1,-1,-1,-1,1,-1
20154100J0429,2,9,0,18,0,0,1,0,0,0,3,1,6,2,38,7,1598,1,9,-1,1,-1