Accident_Index,Vehicle_Reference,Vehicle_Type,Towing_and_Articulation,Vehicle_Manoeuvre,Vehicle_Location-Restricted_Lane,Junction_Location,Skidding_and_Overturning,Hit_Object_in_Carriageway,Vehicle_Leaving_Carriageway,Hit_Object_off_Carriageway,1st_Point_of_Impact,Was_Vehicle_Left_Hand_Drive?,Journey_Purpose_of_Driver,Sex_of_Driver,Age_of_Driver,Age_Band_of_Driver,Engine_Capacity_(CC),Propulsion_Code,Age_of_Vehicle,Driver_IMD_Decile,Driver_Home_Area_Type,Vehicle_IMD_Decile
20154100J0431,1,9,0,11,0,3,0,10,1,10,1,1,6,1,25,5,1590,1,10,-1,1,-1
20154100J0439,1,9,0,18,0,4,0,0,0,0,0,1,1,1,40,7,2993,2,3,-1,-1,-1
20154100J0439,2,9,0,18,0,8,1,0,0,0,1,1,6,1,25,5,2521,1,6,-1,1,-1
20154100J0439,3,9,0,18,0,8,1,0,0,0,1,1,6,2,62,9,-1,-1,-1,-1,1,-1
20154100J0440,1,9,0,18,0,0,0,0,1,0,1,1,6,1,32,6,-1,-1,-1,-1,1,-1
20154100J0440,2,9,0,4,0,0,0,0,0,0,2,1,6,1,39,7,1896,2,11,-1,1,-1
20154100J0442,1,9,0,18,0,4,0,0,0,0,1,1,6,1,62,9,-1,-1,-1,-1,3,-1
20154100J0442,2,9,0,9,0,8,0,0,0,0,1,1,6,1,21,5,-1,-1,-1,-1,1,-1
20154100J0443,1,9,0,10,0,5,0,0,0,0,1,1,6,1,28,6,1229,1,8,-1,1,-1
20154100J0443,2,5,0,18,0,8,1,0,1,4,1,1,6,1,55,8,847,1,1,-1,1,-1
20154100J0446,1,9,0,12,0,8,0,0,0,0,3,1,1,2,22,5,1198,1,8,-1,1,-1
20154100J0446,2,5,0,14,0,8,0,0,0,0,1,1,1,1,41,7,1255,1,7,-1,1,-1
20154100J0450,1,9,0,9,0,3,1,0,1,11,1,1,2,2,24,5,1995,2,4,-1,1,-1
20154100J0451,1,9,0,7,0,4,0,9,3,1,1,1,6,2,40,7,1998,1,10,-1,1,-1
20154100J0452,1,19,0,12,0,0,0,0,0,0,0,1,6,1,-1,-1,-1,-1,-1,-1,-1,-1
20154100J0452,2,9,0,12,0,0,0,0,0,0,3,1,6,1,20,4,-1,-1,-1,-1,1,-1
20154100J0452,3,19,0,18,0,0,0,0,0,0,4,1,6,1,30,6,1598,2,3,-1,1,-1
20154100J0453,1,3,0,18,0,2,0,0,0,0,1,1,1,1,21,5,-1,-1,-1,-1,1,-1
20154100J0453,2,9,0,4,0,2,0,0,0,0,2,1,2,2,58,9,1240,1,10,-1,1,-1
20154100J0454,1,9,0,18,0,0,0,10,1,4,1,1,6,2,26,6,1600,2,5,-1,1,-1
20154100J0461,1,9,0,4,0,2,0,0,0,0,1,1,6,2,27,6,1896,2,5,-1,1,-1
20154100J0461,2,9,0,4,0,2,0,0,0,0,2,1,6,2,38,7,1689,2,13,-1,2,-1
20154100J0461,3,9,0,4,0,2,0,0,0,0,2,1,6,2,28,6,998,1,5,-1,1,-1
20154100J0461,4,9,0,4,0,2,0,0,0,0,2,1,6,1,45,7,1992,2,8,-1,1,-1
20154100J0462,1,9,0,18,0,0,0,0,7,0,3,1,6,1,28,6,1968,2,-1,-1,1,-1
20154100J0462,2,9,0,18,0,0,0,0,1,0,3,1,6,1,32,6,1598,1,-1,-1,1,-1
20154100J0465,1,9,0,3,0,0,0,0,0,0,2,1,1,1,55,8,1248,2,4,-1,-1,-1
20154100J0465,2,9,0,18,0,0,0,0,0,0,1,1,6,2,73,10,1594,1,13,-1,3,-1
20154100J0466,1,9,0,14,0,0,0,0,0,0,0,1,6,3,-1,-1,-1,-1,-1,-1,-1,-1
20154100J0466,2,9,0,4,0,0,0,0,0,0,2,1,2,1,35,6,-1,-1,-1,-1,2,-1
20154100J0466,3,9,0,18,0,0,0,0,0,0,1,1,2,2,23,5,-1,-1,-1,-1,-1,-1
20154100J0470,1,9,0,18,0,1,0,0,0,0,1,1,6,1,43,7,1984,1,3,-1,2,-1
20154100J0470,2,9,0,10,0,1,0,0,0,0,2,1,1,1,28,6,1596,1,14,-1,1,-1
20154100J0471,1,9,0,18,0,0,0,0,7,2,1,1,2,2,21,5,-1,-1,-1,-1,1,-1
20154100J0472,1,9,0,15,0,1,0,0,0,0,1,1,6,1,50,8,1896,2,7,-1,1,-1
20154100J0472,2,9,0,4,0,1,0,0,0,0,0,1,6,2,25,5,1086,1,9,-1,1,-1
20154100J0472,3,9,0,5,0,6,0,0,0,0,1,1,6,1,83,11,1999,1,9,-1,1,-1
20154100J0478,1,21,1,5,0,6,0,0,0,0,3,1,1,1,48,8,11967,2,4,-1,1,-1
20154100J0478,2,9,0,18,0,8,0,0,0,0,1,1,6,1,52,8,1596,1,9,-1,1,-1
20154100J0479,1,9,0,6,0,0,0,0,0,0,3,1,6,2,25,5,1200,1,1,-1,1,-1
20154100J0479,2,2,0,13,0,0,0,0,0,0,1,1,6,1,16,4,49,1,-1,-1,2,-1
20154100J0480,1,9,0,9,0,5,0,0,0,0,1,1,6,1,28,6,998,1,13,-1,3,-1
20154100J0480,2,9,0,18,0,8,0,0,0,0,1,1,6,2,21,5,1598,1,8,-1,1,-1
20154100J0481,1,19,0,12,0,0,0,0,0,0,3,1,1,1,39,7,1560,2,5,-1,1,-1
20154100J0481,2,9,0,18,0,0,0,0,0,0,4,1,2,2,26,6,-1,-1,-1,-1,1,-1
20154100J0487,1,19,0,18,0,1,0,0,0,0,1,1,6,1,40,7,2402,2,12,-1,1,-1
20154100J0487,2,9,0,4,0,1,0,0,0,0,2,1,6,2,26,6,-1,-1,-1,-1,1,-1
20154100J0487,3,9,0,3,0,1,0,0,0,0,2,1,6,2,26,6,1229,1,9,-1,2,-1
20154100J0492,1,9,0,18,0,8,0,0,0,0,1,1,1,1,35,6,2143,2,2,-1,1,-1
20154100J0492,2,9,0,3,0,8,0,0,0,0,2,1,6,1,55,8,4164,2,8,-1,1,-1
20154100J0492,3,9,0,3,0,8,0,0,0,0,2,1,6,1,23,5,1595,1,1,-1,1,-1
20154100J0494,1,9,0,17,0,0,1,0,1,4,3,1,1,1,21,5,1364,1,9,-1,1,-1
20154100J0497,1,8,0,18,0,0,0,0,0,0,1,1,3,1,-1,-1,-1,-1,-1,-1,-1,-1
20154100J0501,1,19,0,18,0,8,0,0,0,0,1,1,6,2,40,7,-1,-1,-1,-1,-1,-1
20154100J0501,2,9,0,18,0,8,0,0,0,0,2,1,2,2,29,6,1968,2,-1,-1,1,-1
20154100J0504,1,4,0,3,0,1,0,0,0,0,2,1,3,2,41,7,125,1,1,-1,1,-1
20154100J0504,2,19,0,4,0,1,0,0,0,0,1,1,1,1,33,6,2198,2,1,-1,1,-1
20154100J0507,1,19,0,18,0,0,0,0,1,9,4,1,1,1,34,6,1998,2,14,-1,1,-1
20154100J0509,1,9,0,18,0,0,0,10,8,11,3,1,6,2,23,5,1390,1,12,-1,1,-1
20154100J0513,1,9,0,5,0,6,0,0,0,0,1,1,6,2,30,6,-1,-1,-1,-1,-1,-1
20154100J0513,2,4,0,18,0,8,0,0,0,0,4,1,6,1,26,6,599,1,12,-1,1,-1
20154100J0524,1,9,0,5,0,1,0,0,0,0,2,1,6,2,24,5,1598,1,3,-1,1,-1
20154100J0524,2,9,0,5,0,1,0,0,0,0,1,1,6,1,18,4,1796,1,4,-1,1,-1
20154100J0525,1,9,0,18,0,8,0,0,0,0,1,1,6,1,68,10,-1,-1,-1,-1,3,-1
20154100J0525,2,19,0,5,0,6,0,0,0,0,1,1,6,1,40,7,510,1,3,-1,-1,-1
20154100J0532,1,9,0,18,0,0,1,0,0,0,1,1,2,1,35,6,1199,1,15,-1,1,-1
20154100J0532,2,9,0,18,0,0,0,0,0,0,1,1,2,2,50,8,1999,1,3,-1,1,-1
20154100J0533,1,9,0,18,0,1,0,0,0,0,1,1,6,1,19,4,1398,1,4,-1,1,-1
20154100J0537,1,9,0,5,0,2,0,0,2,11,1,1,6,2,89,11,1248,1,2,-1,1,-1
20154100J0538,1,8,0,18,0,0,0,0,0,0,1,1,1,1,-1,-1,-1,-1,-1,-1,-1,-1
20154100J0540,1,9,0,4,0,0,0,0,0,0,1,1,6,2,41,7,1590,1,13,-1,1,-1
20154100J0540,2,9,0,4,0,0,0,0,0,0,2,1,6,1,53,8,1598,1,7,-1,1,-1
20154100J0540,3,9,0,4,0,0,0,0,0,0,2,1,6,1,75,10,1198,1,3,-1,1,-1
20154100J0540,4,9,0,4,0,0,0,0,0,0,2,1,6,2,35,6,2000,2,10,-1,1,-1
20154100J0541,1,9,0,3,0,0,0,0,0,0,2,1,2,2,29,6,-1,-1,-1,-1,1,-1
20154100J0541,2,9,0,3,0,0,0,0,0,0,2,1,2,2,28,6,1598,2,-1,-1,1,-1
20154100J0545,1,9,0,18,0,0,0,0,0,0,3,1,2,1,39,7,1896,2,14,-1,1,-1
20154100J0551,1,9,0,9,0,6,0,0,0,0,1,1,6,1,44,7,1995,2,2,-1,1,-1
20154100J0551,2,9,0,4,0,1,0,0,0,0,0,1,6,2,37,7,1975,1,5,-1,1,-1
20154100J0551,3,3,0,13,0,8,0,0,0,0,4,1,6,1,19,4,124,1,5,-1,1,-1
20154100J0552,1,9,0,7,0,5,0,0,0,0,1,1,6,1,55,8,1596,1,14,-1,1,-1
20154100J0553,1,9,0,18,0,0,0,0,0,0,1,1,6,1,32,6,2698,2,10,-1,1,-1
20154100J0553,2,9,0,18,0,0,0,0,0,0,1,1,1,1,36,7,2143,2,3,-1,1,-1
20154100J0558,1,9,0,18,0,0,0,0,0,0,4,1,6,2,62,9,-1,-1,-1,-1,3,-1
20154100J0562,1,9,0,13,0,8,0,0,0,0,4,1,6,2,20,4,1986,2,10,-1,1,-1
20154100J0562,2,1,0,18,0,8,0,0,1,0,3,1,1,1,57,9,-1,-1,-1,-1,2,-1
20154100J0565,1,3,0,13,0,1,1,0,0,0,1,1,6,1,17,4,124,1,5,-1,1,-1
20154100J0565,2,9,0,9,0,1,0,0,0,0,3,1,6,1,-1,-1,4266,1,15,-1,1,-1
20154100J0569,1,9,0,4,0,1,0,0,0,0,1,1,6,2,35,6,1329,1,6,-1,1,-1
20154100J0569,2,1,0,18,0,1,0,0,0,0,3,1,2,2,30,6,-1,-1,-1,-1,1,-1
20154100J0576,1,9,0,18,0,1,0,0,0,0,3,1,6,1,-1,-1,-1,-1,-1,-1,-1,-1
20154100J0577,1,9,0,6,0,0,0,0,0,0,3,1,6,2,40,7,-1,-1,-1,-1,-1,-1
20154100J0577,2,4,0,18,0,0,0,0,0,0,1,1,6,1,46,8,1000,1,1,-1,1,-1
20154100J0578,1,5,0,5,0,4,1,0,0,0,1,1,6,1,37,7,689,1,1,-1,1,-1
20154100J0579,1,9,0,4,0,2,0,0,0,0,1,1,6,1,34,6,4266,1,15,-1,1,-1
20154100J0585,1,9,0,9,0,6,0,0,0,0,3,1,6,2,53,8,-1,-1,-1,-1,3,-1
20154100J0585,2,1,0,18,4,8,0,0,0,0,1,1,6,1,50,8,-1,-1,-1,-1,2,-1
20154100J0586,1,9,0,18,0,2,0,0,0,0,1,1,6,3,-1,-1,-1,-1,-1,-1,-1,-1
20154100J0590,1,9,0,5,0,6,0,0,0,0,4,1,1,1,45,7,1995,2,3,-1,1,-1
20154100J0590,2,9,0,18,0,8,0,0,0,0,1,1,1,2,32,6,2926,2,13,-1,1,-1
20154100J0592,1,9,0,18,0,8,0,0,3,4,1,1,6,2,32,6,1587,1,8,-1,1,-1
20154100J0594,1,9,0,1,0,0,0,0,0,0,2,1,6,1,60,9,1595,1,1,-1,2,-1
20154100J0598,1,9,0,18,0,1,0,0,0,0,1,1,6,1,40,7,-1,-1,-1,-1,-1,-1
20154100J0598,2,9,0,4,0,1,0,0,0,0,2,1,1,2,55,8,-1,-1,-1,-1,1,-1
20154100J0600,1,9,0,18,0,1,0,0,0,0,1,1,6,1,29,6,1229,1,3,-1,1,-1
20154100J0600,2,1,0,4,0,1,0,0,0,0,2,1,2,1,54,8,-1,-1,-1,-1,1,-1
20154100J0601,1,9,0,18,0,0,0,0,0,0,1,1,6,2,33,6,1896,2,6,-1,1,-1
20154100J0602,1,9,0,5,0,4,0,0,1,1,1,1,6,1,38,7,1598,1,5,-1,1,-1
20154100J0602,2,9,0,18,0,8,0,0,1,0,4,1,6,2,34,6,1560,2,9,-1,1,-1
20154100J0603,1,9,0,16,0,0,0,0,7,10,1,1,6,1,21,5,1198,1,8,-1,1,-1
20154100J0604,1,9,0,9,0,8,0,0,1,2,1,1,2,2,29,6,1560,2,2,-1,1,-1
20154100J0606,1,11,0,18,0,2,0,0,0,0,1,1,1,1,49,8,-1,-1,-1,-1,1,-1
20154100J0607,1,9,0,18,0,2,0,0,0,0,4,1,6,1,82,11,1596,1,2,-1,2,-1
20154100J0611,1,9,0,18,0,1,0,0,0,0,1,1,6,2,38,7,1390,1,19,-1,1,-1
20154100J0611,2,9,0,10,0,1,0,0,0,0,2,1,6,2,43,7,-1,-1,-1,-1,1,-1
20154100J0614,1,9,0,18,0,0,0,0,0,0,3,1,1,1,50,8,-1,-1,-1,-1,1,-1
20154100J0615,1,9,0,13,6,2,1,4,7,10,1,1,6,1,19,4,1242,1,1,-1,1,-1
20154100J0615,2,8,0,2,6,2,0,0,0,0,1,1,6,1,39,7,1998,2,7,-1,1,-1
20154100J0615,3,9,0,2,6,2,0,0,0,0,1,1,6,1,56,9,-1,-1,-1,-1,1,-1
20154100J0615,4,8,0,18,0,2,0,0,0,0,0,1,1,1,30,6,1910,2,6,-1,1,-1
20154100J0618,1,9,0,18,0,2,0,0,0,0,4,1,3,2,35,6,1598,1,9,-1,1,-1
20154100J0619,1,9,0,14,0,8,0,0,0,0,1,1,6,3,-1,-1,-1,-1,-1,-1,-1,-1
20154100J0619,2,9,0,9,0,6,0,0,0,0,1,1,6,2,25,5,999,1,5,-1,-1,-1
20154100J0619,3,11,0,3,0,1,0,0,0,0,0,1,1,3,-1,-1,-1,-1,-1,-1,-1,-1
20154100J0629,1,20,4,18,0,0,0,0,0,0,1,1,1,1,34,6,-1,-1,-1,-1,1,-1
20154100J0633,1,9,0,6,0,2,0,0,0,0,3,1,6,1,37,7,3222,2,11,-1,3,-1
20154100J0633,2,4,0,4,0,2,0,0,0,0,1,1,6,1,22,5,124,1,-1,-1,1,-1
20154100J0634,1,9,0,12,0,1,0,0,0,0,4,1,6,1,21,5,-1,-1,-1,-1,1,-1
20154100J0634,2,3,0,18,0,1,0,0,0,0,3,1,6,1,28,6,124,1,1,-1,1,-1
20154100J0638,1,9,0,18,0,1,1,0,0,0,1,1,6,1,29,6,2987,2,-1,-1,1,-1
20154100J0638,2,9,0,18,0,8,0,0,2,11,3,1,6,1,40,7,2497,2,11,-1,1,-1
20154100J0639,1,9,0,18,0,0,0,0,0,0,3,1,6,2,45,7,1390,1,2,-1,1,-1
20154100J0639,2,9,0,13,0,0,1,0,0,0,1,1,6,1,60,9,1870,2,12,-1,1,-1
20154100J0639,3,9,0,18,0,0,1,0,0,0,1,1,6,1,74,10,1798,1,1,-1,1,-1
20154100J0640,1,9,0,18,0,2,0,0,0,0,1,1,6,1,49,8,1242,1,4,-1,1,-1
20154100J0642,1,9,0,18,0,0,1,0,0,0,1,1,1,2,17,4,998,1,11,-1,2,-1
20154100J0643,1,9,0,18,0,8,0,0,0,0,1,1,6,2,60,9,1339,1,2,-1,1,-1
20154100J0643,2,9,0,3,0,8,0,0,0,0,2,1,6,2,56,9,1390,1,7,-1,1,-1
20154100J0651,1,9,0,18,0,1,1,0,0,0,1,1,6,2,20,4,1686,2,2,-1,1,-1
20154100J0651,2,9,0,4,0,1,1,0,0,0,2,1,2,2,35,6,1395,1,-1,-1,1,-1
20154100J0656,1,9,0,18,0,0,0,0,0,0,1,1,6,2,19,4,-1,-1,-1,-1,3,-1
20154100J0656,2,9,0,18,0,0,0,0,0,0,1,1,6,1,49,8,2993,2,11,-1,1,-1
20154100J0660,1,9,0,18,0,8,0,0,0,0,1,1,6,3,-1,-1,2993,2,-1,-1,-1,-1
20154100J0660,2,9,0,2,0,7,2,0,1,7,2,1,6,1,28,6,1388,1,16,-1,1,-1
20154100J0663,1,9,0,4,0,8,0,0,0,0,2,1,6,2,19,4,1242,1,6,-1,1,-1
20154100J0663,2,9,0,18,0,8,0,0,0,0,1,1,6,1,47,8,2993,2,11,-1,1,-1
20154100J0664,1,9,0,18,0,2,0,0,0,0,1,1,6,1,30,6,1968,2,-1,-1,1,-1
20154100J0669,1,9,0,18,0,1,1,0,0,0,1,1,6,1,45,7,1200,1,-1,-1,1,-1
20154100J0669,2,9,0,7,0,5,0,0,0,0,2,1,6,1,73,10,1796,1,10,-1,1,-1
20154100J0677,1,9,0,18,0,0,0,0,0,0,1,1,3,2,25,5,1995,2,8,-1,1,-1
20154100J0677,2,9,0,2,0,0,0,0,0,0,0,1,6,1,40,7,1199,1,11,-1,1,-1
20154100J0677,3,9,0,3,0,0,0,0,0,0,2,1,2,1,45,7,1598,1,13,-1,1,-1
20154100J0679,1,9,0,18,0,8,0,0,0,0,1,1,6,2,44,7,1986,2,9,-1,1,-1
20154100J0679,2,1,0,9,0,6,0,0,0,0,4,1,6,1,18,4,-1,-1,-1,-1,1,-1
20154100J0681,1,9,0,18,0,0,0,0,0,0,1,1,6,1,45,7,1997,2,12,-1,1,-1
20154100J0684,1,9,0,18,0,0,0,0,0,0,1,1,6,1,64,9,2495,1,13,-1,3,-1
20154100J0684,2,9,0,4,0,0,0,0,0,0,2,1,6,1,37,7,1968,2,9,-1,1,-1
20154100J0685,1,9,0,9,0,6,0,0,0,0,1,1,2,1,41,7,-1,-1,-1,-1,1,-1
20154100J0685,2,3,0,18,0,8,0,0,0,0,1,1,2,1,37,7,124,1,3,-1,1,-1
20154100J0686,1,9,0,12,0,0,0,0,0,0,3,1,6,3,-1,-1,998,1,1,-1,-1,-1
20154100J0686,2,4,0,13,0,0,0,0,0,0,4,1,1,1,35,6,670,1,3,-1,1,-1
20154100J0690,1,9,0,4,0,0,1,0,0,0,1,1,6,1,26,6,1395,1,-1,-1,-1,-1
20154100J0691,1,9,0,4,0,0,1,0,0,0,1,1,6,1,34,6,-1,-1,-1,-1,1,-1
20154100J0691,2,9,0,4,0,0,0,0,0,0,2,1,6,2,58,9,1560,2,2,-1,1,-1
20154100J0694,1,9,0,18,0,2,0,0,0,0,1,1,6,1,45,7,1596,1,10,-1,1,-1
20154100J0696,1,9,0,9,0,5,0,0,0,0,4,1,6,2,24,5,-1,-1,-1,-1,2,-1
20154100J0696,2,9,0,18,0,8,0,0,0,0,1,1,6,1,82,11,1360,1,11,-1,3,-1
20154100J0706,1,1,0,18,0,8,0,0,0,0,4,1,6,1,18,4,-1,-1,-1,-1,1,-1
20154100J0706,2,9,0,18,0,4,0,0,0,0,1,1,6,1,26,6,1242,1,-1,-1,1,-1
20154100J0707,1,9,0,18,0,3,1,0,1,7,1,1,6,1,19,4,1560,2,9,-1,1,-1
20154100J0708,1,9,0,18,0,0,1,0,0,0,1,1,6,1,26,6,1242,1,15,-1,1,-1
20154100J0708,2,9,0,18,0,0,5,0,1,0,1,1,6,1,79,11,-1,-1,-1,-1,2,-1
20154100J0709,1,9,0,18,0,2,0,0,0,0,1,1,6,3,-1,-1,-1,-1,-1,-1,-1,-1
20154100J0712,1,4,0,18,0,8,1,0,0,0,1,1,6,1,44,7,124,1,1,-1,1,-1
20154100J0712,2,9,0,5,0,4,0,0,0,0,2,1,6,1,63,9,3222,2,13,-1,1,-1
20154100J0714,1,9,0,17,0,0,0,0,0,0,1,1,2,2,44,7,1398,1,5,-1,1,-1
20154100J0714,2,9,0,16,0,0,0,0,0,0,1,1,2,1,68,10,-1,-1,-1,-1,1,-1
20154100J0715,1,9,0,10,0,1,0,0,0,0,2,1,6,2,26,6,1364,1,7,-1,1,-1
20154100J0715,2,19,0,18,0,1,0,0,0,0,1,1,6,1,65,9,-1,-1,-1,-1,2,-1
20154100J0717,1,9,0,9,0,8,0,0,0,0,1,1,6,2,18,4,1199,1,14,-1,1,-1
20154100J0717,2,9,0,18,0,4,0,0,0,0,2,1,6,2,38,7,2993,2,1,-1,1,-1
20154100J0719,1,5,0,18,0,8,1,0,0,0,1,1,6,1,48,8,690,1,1,-1,1,-1
20154100J0719,2,9,0,9,0,5,0,0,0,0,4,1,6,2,20,4,998,1,8,-1,1,-1
20154100J0721,1,9,0,4,0,1,0,0,0,0,2,1,6,2,17,4,1242,1,3,-1,1,-1
20154100J0721,2,9,0,4,0,1,0,0,0,0,2,1,6,1,37,7,1598,1,4,-1,1,-1
20154100J0721,3,19,0,18,0,1,0,0,0,0,1,1,6,1,52,8,1995,2,4,-1,1,-1
20154100J0722,1,9,0,18,0,8,0,0,0,0,1,1,6,2,44,7,-1,-1,-1,-1,1,-1
20154100J0722,2,9,0,7,0,6,0,0,0,0,3,1,6,3,-1,-1,1390,1,12,-1,-1,-1
20154100J0723,1,2,0,18,0,2,1,0,0,0,0,1,6,1,18,4,124,1,14,-1,1,-1
20154100J0731,1,9,0,5,0,4,0,0,0,0,1,2,6,1,48,8,-1,-1,-1,-1,-1,-1
20154100J0731,2,9,0,9,0,8,0,0,0,0,1,1,6,2,29,6,1388,1,5,-1,1,-1
20154100J0733,1,9,0,7,0,4,0,0,0,0,1,1,6,1,36,7,1995,1,4,-1,1,-1
20154100J0733,2,3,0,18,0,8,0,0,0,0,1,1,6,1,25,5,124,1,-1,-1,1,-1
20154100J0736,1,9,0,3,0,0,0,0,1,7,2,1,6,2,26,6,1598,1,13,-1,-1,-1
20154100J0736,2,9,0,18,0,0,0,0,0,0,1,1,6,1,67,10,1595,1,10,-1,2,-1
20154100J0737,1,97,0,18,0,8,1,0,0,0,4,1,6,1,39,7,600,1,21,-1,1,-1
20154100J0737,2,9,0,5,0,6,0,0,0,0,1,1,6,2,35,6,1560,2,4,-1,1,-1
20154100J0740,1,9,0,18,0,1,0,0,0,0,3,1,6,1,70,10,-1,-1,-1,-1,1,-1
20154100J0744,1,9,0,18,0,0,2,10,7,0,1,1,6,2,18,4,1199,1,11,-1,1,-1
20154100J0744,2,9,0,2,6,0,0,0,0,0,2,1,6,3,-1,-1,1997,1,6,-1,-1,-1
20154100J0744,3,9,0,2,6,0,0,0,0,0,3,1,6,3,-1,-1,-1,-1,-1,-1,-1,-1
20154100J0745,1,9,0,5,0,4,0,0,0,0,1,1,6,3,-1,-1,1339,1,11,-1,1,-1
20154100J0745,2,9,0,18,0,8,0,0,0,0,4,1,6,2,52,8,1242,1,5,-1,1,-1
20154100J0747,1,9,0,6,0,0,0,0,0,0,3,1,1,1,30,6,1995,2,9,-1,1,-1
20154100J0747,2,3,0,18,0,0,0,0,0,0,1,1,1,1,25,5,125,1,1,-1,1,-1
20154100J0753,1,9,0,18,0,0,0,7,1,1,1,1,6,1,35,6,2204,2,8,-1,2,-1
20154100J0754,1,9,0,7,0,6,0,0,0,0,2,1,6,1,23,5,1149,1,12,-1,1,-1
20154100J0754,2,9,0,18,0,8,0,0,0,0,1,1,6,2,49,8,2204,2,6,-1,-1,-1
20154100J0754,3,19,0,18,0,8,0,0,0,0,3,1,6,1,31,6,-1,-1,-1,-1,1,-1
20154100J0755,1,1,0,18,0,8,0,4,0,0,1,1,6,1,77,11,-1,-1,-1,-1,1,-1
20154100J0755,2,19,0,2,0,8,0,0,0,0,2,1,6,1,-1,-1,1753,2,10,-1,1,-1
20154100J0755,3,9,0,18,0,8,0,0,0,0,0,1,6,3,-1,-1,-1,-1,-1,-1,-1,-1
20154100J0757,1,9,0,7,0,5,0,0,0,0,1,1,6,1,38,7,1796,1,15,-1,1,-1
20154100J0757,2,9,0,3,0,2,0,0,0,0,2,1,6,2,19,4,1598,2,3,-1,1,-1
20154100J0758,1,9,0,5,0,1,0,0,0,0,1,1,6,2,48,8,2993,2,3,-1,3,-1
20154100J0758,2,9,0,4,0,1,0,0,0,0,2,1,6,1,38,7,1587,1,10,-1,1,-1
20154100K0006,1,9,0,9,0,6,0,0,0,0,1,1,6,1,35,6,-1,-1,-1,-1,-1,-1
20154100K0006,2,1,0,18,0,8,0,0,0,0,1,1,2,1,47,8,-1,-1,-1,-1,1,-1
20154100K0009,1,9,0,9,0,6,0,0,0,0,1,1,6,2,17,4,1242,1,1,-1,1,-1
20154100K0009,2,9,0,18,0,8,0,0,0,0,4,1,6,1,40,7,1397,1,12,-1,-1,-1
20154100K0019,1,9,0,9,0,8,0,0,0,0,1,1,2,1,58,9,1999,1,9,-1,1,-1
20154100K0019,2,1,0,9,0,8,0,0,0,0,1,1,6,1,15,3,-1,-1,-1,-1,1,-1
20154100K0035,1,9,0,18,0,0,0,0,1,0,1,1,6,2,61,9,1248,1,6,-1,-1,-1
20154100K0036,1,1,0,18,0,0,0,0,0,0,1,1,6,1,25,5,-1,-1,-1,-1,-1,-1
20154100K0036,2,9,0,3,0,0,0,0,0,0,2,1,6,1,47,8,1299,1,12,-1,1,-1
20154100K0038,1,20,0,18,0,1,0,0,0,0,1,1,6,1,43,7,-1,-1,-1,-1,1,-1
20154100K0039,1,20,0,18,0,0,0,0,0,0,1,1,1,1,40,7,5880,2,7,-1,-1,-1
20154100K0039,2,10,0,3,0,0,0,0,0,0,2,1,1,2,46,8,2998,2,5,-1,1,-1
20154100K0044,1,9,0,18,0,2,0,0,0,0,1,1,6,1,31,6,1686,2,13,-1,1,-1
20154100K0045,1,9,0,18,0,2,2,0,1,4,1,1,6,1,51,8,-1,-1,-1,-1,1,-1
20154100K0051,1,9,0,5,0,4,0,0,0,0,1,1,6,1,51,8,2143,2,-1,-1,2,-1
20154100K0051,2,3,0,5,0,4,0,10,1,0,2,1,2,1,45,7,125,1,7,-1,1,-1
20154100K0052,1,9,0,5,0,4,0,0,0,0,1,1,6,1,20,4,1995,2,5,-1,1,-1
20154100K0052,2,9,0,5,0,4,0,0,0,0,2,1,6,1,36,7,1240,1,9,-1,1,-1
20154100K0056,1,9,0,9,0,5,0,0,0,0,4,1,1,1,47,8,-1,-1,-1,-1,1,-1
20154100K0056,2,9,0,18,0,8,1,0,0,0,1,1,1,1,47,8,1560,2,4,-1,1,-1
20154100K0062,1,9,0,18,0,0,0,0,0,0,1,1,6,2,60,9,1753,2,7,-1,1,-1
20154100K0062,2,10,0,3,0,0,0,0,0,0,2,1,1,2,67,10,2178,2,13,-1,1,-1
20154100K0064,1,9,0,18,0,0,0,0,0,0,4,1,6,1,29,6,-1,-1,-1,-1,1,-1
20154100K0064,2,21,1,18,0,0,0,6,0,0,3,1,1,1,38,7,10837,2,4,-1,1,-1
20154100K0066,1,9,0,18,0,1,0,0,0,0,1,1,6,1,25,5,1364,1,11,-1,-1,-1
20154100K0066,2,8,0,18,0,1,0,0,0,0,2,1,2,1,36,7,2497,2,3,-1,1,-1
20154100K0067,1,9,0,18,0,1,0,0,0,0,1,1,6,1,30,6,1560,2,5,-1,1,-1
20154100K0067,2,9,0,18,0,1,0,0,0,0,2,1,6,2,30,6,998,1,10,-1,1,-1
20154100K0068,1,9,0,4,0,2,0,0,0,0,1,1,6,1,35,6,1796,1,12,-1,1,-1
20154100K0068,2,9,0,3,0,2,0,0,0,0,2,1,6,1,42,7,-1,-1,-1,-1,1,-1
20154100K0069,1,21,0,18,0,4,0,0,0,0,1,1,1,1,48,8,9290,2,3,-1,2,-1
20154100K0069,2,9,0,18,0,4,0,0,0,0,2,1,6,2,23,5,1968,2,5,-1,1,-1
20154100K0072,1,9,0,9,0,5,0,0,0,0,4,1,1,1,29,6,-1,-1,-1,-1,1,-1
20154100K0072,2,19,0,18,0,8,0,0,3,7,1,1,1,1,35,6,2494,2,9,-1,1,-1
20154100K0074,1,9,0,1,0,0,0,0,0,0,0,1,6,2,35,6,1598,2,4,-1,-1,-1
20154100K0074,2,9,0,18,0,0,0,0,0,0,1,1,6,1,29,6,-1,-1,-1,-1,1,-1
20154100K0074,3,9,0,3,0,0,0,0,0,0,2,1,6,2,29,6,1390,1,11,-1,1,-1