Accident_Index,Vehicle_Reference,Vehicle_Type,Towing_and_Articulation,Vehicle_Manoeuvre,Vehicle_Location-Restricted_Lane,Junction_Location,Skidding_and_Overturning,Hit_Object_in_Carriageway,Vehicle_Leaving_Carriageway,Hit_Object_off_Carriageway,1st_Point_of_Impact,Was_Vehicle_Left_Hand_Drive?,Journey_Purpose_of_Driver,Sex_of_Driver,Age_of_Driver,Age_Band_of_Driver,Engine_Capacity_(CC),Propulsion_Code,Age_of_Vehicle,Driver_IMD_Decile,Driver_Home_Area_Type,Vehicle_IMD_Decile
20154100K0084,1,9,0,5,0,6,0,0,0,0,1,1,6,1,30,6,1985,1,14,-1,-1,-1
20154100K0084,2,9,0,18,0,8,0,0,0,0,4,1,6,1,74,10,1339,1,7,-1,1,-1
20154100K0099,1,9,0,4,0,0,0,0,0,0,2,1,1,1,25,5,3800,1,1,-1,1,-1
20154100K0099,2,9,0,18,0,0,0,0,0,0,1,1,1,1,58,9,1870,2,10,-1,3,-1
20154100K0101,1,8,0,8,0,1,0,0,0,0,2,1,6,1,60,9,2969,2,7,-1,1,-1
20154100K0101,2,9,0,18,0,1,0,0,0,0,1,1,6,2,25,5,-1,-1,-1,-1,1,-1
20154100K0103,1,9,0,18,9,4,0,0,1,10,4,2,3,1,33,6,1598,1,7,-1,1,-1
20154100K0109,1,9,0,18,0,8,0,0,1,10,4,1,6,2,32,6,1390,1,1,-1,1,-1
20154100K0109,2,9,0,5,0,6,0,0,0,0,1,1,6,1,40,7,2393,1,15,-1,-1,-1
20154100K0112,1,9,0,18,0,4,0,10,3,2,1,1,6,2,25,5,1229,1,2,-1,1,-1
20154100K0114,1,9,0,18,0,0,0,0,0,0,4,1,6,3,-1,-1,-1,-1,-1,-1,-1,-1
20154100K0122,1,9,0,18,0,1,0,0,0,0,1,1,6,1,-1,-1,1896,2,13,-1,-1,-1
20154100K0122,2,9,0,3,0,1,0,0,0,0,2,1,6,1,43,7,1598,1,10,-1,1,-1
20154100K0124,1,9,0,18,0,2,0,4,0,0,1,1,6,1,27,6,2979,1,6,-1,1,-1
20154100K0124,2,9,0,5,8,1,0,0,0,0,1,1,6,2,43,7,1198,1,4,-1,1,-1
20154100K0124,3,9,0,2,9,2,0,0,0,0,3,1,3,2,54,8,996,1,2,-1,1,-1
20154100K0125,1,9,0,3,0,1,0,0,0,0,2,1,1,2,32,6,1598,1,1,-1,1,-1
20154100K0125,2,9,0,4,0,1,0,0,0,0,1,1,1,1,62,9,-1,-1,-1,-1,1,-1
20154100K0127,1,9,0,5,0,1,0,0,0,0,1,1,6,1,40,7,2199,2,5,-1,1,-1
20154100K0127,2,9,0,3,0,1,0,0,0,0,2,1,6,2,36,7,1398,2,3,-1,1,-1
20154100K0129,1,9,0,9,0,6,0,0,0,0,3,1,1,2,19,4,998,1,10,-1,1,-1
20154100K0129,2,5,0,18,0,8,0,0,0,0,1,1,1,1,59,9,-1,-1,-1,-1,1,-1
20154100K0132,1,1,0,7,0,6,0,0,0,0,1,1,1,1,35,6,-1,-1,-1,-1,1,-1
20154100K0132,2,9,0,18,0,8,0,0,0,0,4,1,1,1,36,7,-1,-1,-1,-1,1,-1
20154100K0133,1,9,0,13,0,1,0,0,0,0,1,1,6,2,-1,-1,1395,1,-1,-1,1,-1
20154100K0133,2,9,0,12,0,1,0,0,0,0,2,1,6,1,47,8,-1,-1,-1,-1,1,-1
20154100K0139,1,19,0,18,0,0,0,0,0,0,1,1,6,1,32,6,2148,2,10,-1,1,-1
20154100K0139,2,9,0,3,0,0,0,0,0,0,2,1,6,1,30,6,-1,-1,-1,-1,2,-1
20154100K0139,3,9,0,4,0,0,0,0,0,0,2,1,6,2,33,6,1598,1,9,-1,1,-1
20154100K0139,4,9,0,18,0,0,0,0,0,0,1,1,6,2,47,8,1461,2,9,-1,1,-1
20154100K0140,1,9,0,18,0,8,0,0,0,0,1,1,1,2,58,9,1399,2,8,-1,1,-1
20154100K0140,2,9,0,5,0,6,0,0,0,0,1,1,1,2,45,7,-1,-1,-1,-1,1,-1
20154100K0141,1,3,0,18,0,8,1,0,0,0,1,1,2,1,26,6,125,1,10,-1,1,-1
20154100K0141,2,9,0,9,0,5,0,0,0,0,4,1,2,1,54,8,1796,1,10,-1,1,-1
20154100K0143,1,9,0,4,0,1,0,0,0,0,1,1,6,1,-1,-1,1390,1,11,-1,-1,-1
20154100K0143,2,9,0,3,0,1,0,0,0,0,2,1,6,1,47,8,1995,2,3,-1,1,-1
20154100K0157,1,9,0,4,0,0,0,0,0,0,1,1,1,1,34,6,2400,2,3,-1,-1,-1
20154100K0157,2,19,0,1,0,0,0,0,0,0,2,1,6,1,23,5,-1,-1,-1,-1,-1,-1
20154100K0161,1,9,0,18,0,8,0,0,0,0,1,1,6,1,20,4,1596,1,1,-1,1,-1
20154100K0161,2,9,0,9,0,6,0,0,0,0,3,1,6,2,21,5,998,1,3,-1,1,-1
20154100K0162,1,9,0,9,0,5,0,0,0,0,1,1,6,2,22,5,1364,1,5,-1,1,-1
20154100K0162,2,9,0,5,0,6,0,0,0,0,1,1,6,2,25,5,1242,1,5,-1,1,-1
20154100K0167,1,9,0,18,0,4,0,0,0,0,1,1,6,2,40,7,1896,2,16,-1,1,-1
20154100K0167,2,9,0,18,0,4,0,0,0,0,2,1,6,1,57,9,1389,1,15,-1,1,-1
20154100K0177,1,9,0,18,0,0,0,0,0,0,1,1,1,1,25,5,1198,1,3,-1,1,-1
20154100K0177,2,9,0,4,0,0,0,0,0,0,2,1,6,1,60,9,1796,1,9,-1,3,-1
20154100K0182,1,1,0,18,0,8,1,0,0,0,1,1,6,1,14,3,-1,-1,-1,-1,1,-1
20154100K0182,2,19,0,7,0,6,0,0,0,0,4,1,6,1,40,7,1995,2,4,-1,1,-1
20154100K0184,1,9,0,18,0,0,0,0,0,0,1,1,6,1,66,10,1686,2,1,-1,-1,-1
20154100K0200,1,9,0,9,0,0,0,0,0,0,1,1,6,2,24,5,998,1,1,-1,1,-1
20154100K0200,2,1,0,18,0,0,0,0,0,0,1,1,6,1,36,7,-1,-1,-1,-1,1,-1
20154100K0201,1,19,0,2,0,0,0,0,1,0,2,1,1,1,38,7,1997,2,11,-1,1,-1
20154100K0201,2,9,0,18,0,0,0,4,4,0,1,1,2,1,29,6,2354,1,11,-1,1,-1
20154100K0201,3,9,0,18,0,0,0,1,4,0,1,1,2,1,40,7,1560,2,5,-1,1,-1
20154100K0203,1,9,0,9,0,5,0,0,0,0,3,1,6,2,53,8,1598,1,10,-1,1,-1
20154100K0203,2,5,0,13,0,8,0,0,0,0,1,1,6,1,21,5,599,1,8,-1,1,-1
20154100K0207,1,9,0,18,0,0,0,0,2,5,1,1,6,2,44,7,1364,1,7,-1,1,-1
20154100K0209,1,9,0,18,0,0,0,0,0,0,1,1,6,2,18,4,1242,1,6,-1,1,-1
20154100K0213,1,19,0,14,0,6,0,0,0,0,1,1,6,1,40,7,-1,-1,-1,-1,-1,-1
20154100K0213,2,1,0,18,0,1,0,0,0,0,3,1,6,1,38,7,-1,-1,-1,-1,1,-1
20154100K0215,1,9,0,9,0,8,0,0,0,0,1,1,6,1,45,7,1124,1,9,-1,1,-1
20154100K0215,2,1,0,18,0,8,0,0,0,0,2,1,6,2,25,5,-1,-1,-1,-1,1,-1
20154100K0219,1,9,0,18,0,0,0,0,0,0,1,1,6,1,26,6,2000,2,7,-1,1,-1
20154100K0219,2,9,0,3,0,0,0,0,0,0,2,1,6,1,52,8,1242,1,9,-1,1,-1
20154100K0221,1,9,0,3,0,4,0,0,0,0,2,1,6,3,-1,-1,-1,-1,-1,-1,-1,-1
20154100K0221,2,9,0,18,0,4,0,0,0,0,1,1,6,2,31,6,1598,1,11,-1,1,-1
20154100K0225,1,9,0,18,0,0,0,0,0,0,1,1,6,1,21,5,1998,1,7,-1,1,-1
20154100K0225,2,1,0,5,0,0,0,0,0,0,3,1,6,1,15,3,-1,-1,-1,-1,1,-1
20154100K0229,1,9,0,18,0,1,0,4,0,0,1,1,6,1,-1,-1,-1,-1,-1,-1,-1,-1
20154100K0229,2,9,0,2,0,1,0,0,0,0,2,1,3,1,24,5,1149,1,8,-1,1,-1
20154100K0231,1,9,0,13,0,8,0,0,0,0,4,1,6,2,54,8,1798,1,1,-1,2,-1
20154100K0231,2,9,0,9,0,5,0,0,0,0,3,1,6,1,55,8,-1,-1,-1,-1,1,-1
20154100K0233,1,11,0,5,0,6,0,0,0,0,3,1,1,2,40,7,7300,2,4,-1,2,-1
20154100K0233,2,9,0,4,0,8,0,0,0,0,1,1,6,2,33,6,1386,1,5,-1,1,-1
20154100K0239,1,9,0,3,0,0,0,0,0,0,2,1,2,2,36,7,1229,1,2,-1,1,-1
20154100K0239,2,9,0,18,0,0,0,0,0,0,1,1,2,2,26,6,1398,1,2,-1,1,-1
20154100K0240,1,9,0,13,0,0,0,0,0,0,4,1,6,3,-1,-1,-1,-1,-1,-1,-1,-1
20154100K0240,2,1,0,18,0,0,0,0,0,0,3,1,2,1,54,8,-1,-1,-1,-1,1,-1
20154100K0246,1,9,0,7,0,1,0,0,0,0,4,1,6,1,19,4,999,1,3,-1,1,-1
20154100K0246,2,19,0,18,0,1,0,0,2,10,3,1,6,1,29,6,2198,2,5,-1,1,-1
20154100K0256,1,9,0,18,0,8,0,0,0,0,4,1,1,2,26,6,1248,2,1,-1,1,-1
20154100K0256,2,9,0,9,0,6,0,0,0,0,1,1,6,1,70,10,1798,1,10,-1,1,-1
20154100K0258,1,9,0,13,0,0,0,0,0,0,1,1,6,2,38,7,-1,-1,-1,-1,-1,-1
20154100K0258,2,1,0,14,0,0,0,0,0,0,2,1,6,1,13,3,-1,-1,-1,-1,1,-1
20154100K0259,1,9,0,3,0,8,0,0,0,0,2,1,6,2,36,7,1997,2,3,-1,3,-1
20154100K0259,2,9,0,18,0,8,0,0,0,0,1,1,6,1,67,10,-1,-1,-1,-1,-1,-1
20154100K0261,1,9,0,18,0,1,0,0,0,0,1,2,6,1,40,7,2720,2,9,-1,-1,-1
20154100K0263,1,9,0,9,0,6,0,0,0,0,1,1,6,1,20,4,1364,1,7,-1,-1,-1
20154100K0263,2,9,0,18,0,8,0,0,0,0,3,1,6,2,22,5,1242,1,2,-1,1,-1
20154100K0267,1,1,0,18,0,0,0,0,0,0,3,1,6,1,16,4,-1,-1,-1,-1,1,-1
20154100K0267,2,9,0,18,0,0,0,0,0,0,4,1,6,2,21,5,1242,1,3,-1,1,-1
20154100K0273,1,9,0,18,0,4,0,0,0,0,1,1,6,1,45,7,998,1,1,-1,2,-1
20154100K0273,2,9,0,5,0,4,0,0,0,0,1,1,6,1,30,6,-1,-1,-1,-1,-1,-1
20154100K0278,1,9,0,5,9,6,0,0,0,0,4,1,6,1,45,7,2967,2,1,-1,1,-1
20154100K0278,2,1,0,18,9,8,0,0,0,0,1,1,6,1,17,4,-1,-1,-1,-1,1,-1
20154100K0279,1,9,0,18,0,0,0,0,0,0,1,1,2,2,55,8,2000,2,4,-1,1,-1
20154100K0279,2,1,0,18,0,0,0,0,0,0,3,1,6,2,20,4,-1,-1,-1,-1,1,-1
20154100K0282,1,9,0,7,0,6,0,0,0,0,3,1,6,2,23,5,1149,1,14,-1,1,-1
20154100K0283,1,97,0,15,0,0,0,0,0,0,3,1,6,1,-1,-1,-1,-1,-1,-1,-1,-1
20154100K0283,2,9,0,3,0,0,0,0,0,0,4,1,6,1,55,8,2496,2,10,-1,1,-1
20154100K0284,1,9,0,12,0,0,0,0,0,0,3,1,2,1,30,6,-1,-1,-1,-1,1,-1
20154100K0284,2,3,0,4,0,0,0,0,0,0,4,1,6,1,17,4,125,1,2,-1,1,-1
20154100K0288,1,9,0,3,0,1,0,0,0,0,2,1,6,1,37,7,1598,1,2,-1,1,-1
20154100K0288,2,9,0,4,0,1,0,0,0,0,1,1,6,1,31,6,998,1,2,-1,1,-1
20154100K0290,1,9,0,7,0,5,1,0,0,0,3,1,6,3,35,6,2324,1,16,-1,1,-1
20154100K0290,2,9,0,18,0,1,0,0,0,0,3,1,6,1,27,6,1388,1,12,-1,1,-1
20154100K0291,1,9,0,4,0,1,0,0,0,0,1,1,6,1,45,7,1799,1,8,-1,1,-1
20154100K0291,2,9,0,3,0,1,0,0,0,0,2,1,6,1,40,7,2199,2,4,-1,1,-1
20154100K0292,1,9,0,18,0,8,0,0,0,0,4,1,6,2,44,7,1560,2,2,-1,1,-1
20154100K0292,2,1,0,18,0,4,0,0,0,0,3,1,6,1,51,8,-1,-1,-1,-1,1,-1
20154100K0295,1,9,0,1,0,0,0,0,0,0,2,1,6,1,35,6,1597,1,6,-1,-1,-1
20154100K0295,2,9,0,2,0,0,0,0,0,0,3,1,6,2,44,7,2987,2,1,-1,2,-1
20154100K0297,1,9,0,9,0,5,0,0,0,0,1,1,6,2,18,4,995,1,6,-1,1,-1
20154100K0297,2,19,0,18,0,1,0,0,0,0,1,1,6,1,35,6,1686,2,12,-1,-1,-1
20154100K0300,1,9,0,14,0,0,0,0,0,0,1,1,6,2,-1,-1,2993,2,4,-1,1,-1
20154100K0300,2,1,0,18,0,0,0,0,0,0,2,1,4,1,12,3,-1,-1,-1,-1,1,-1
20154100K0306,1,9,0,18,0,8,0,0,0,0,4,1,6,2,35,6,1679,1,15,-1,1,-1
20154100K0306,2,1,0,18,0,6,0,0,0,0,1,1,6,2,13,3,-1,-1,-1,-1,1,-1
20154100K0307,1,9,0,4,0,0,0,0,0,0,1,1,6,1,20,4,1364,1,11,-1,-1,-1
20154100K0307,2,9,0,3,0,0,0,0,0,0,2,1,6,1,44,7,1598,1,9,-1,1,-1
20154100K0314,1,9,0,6,0,2,0,0,0,0,3,1,2,2,74,10,1390,1,13,-1,1,-1
20154100K0314,2,3,0,18,0,2,0,0,0,0,1,1,2,1,24,5,124,1,3,-1,1,-1
20154100K0319,1,9,0,13,0,1,0,0,0,0,4,1,6,1,45,7,998,1,3,-1,1,-1
20154100K0319,2,1,0,18,0,1,0,0,0,0,3,1,6,1,44,7,-1,-1,-1,-1,3,-1
20154100K0320,1,9,0,18,0,8,1,0,7,10,1,1,6,1,42,7,1299,1,11,-1,1,-1
20154100K0320,2,9,0,7,0,6,0,0,0,0,1,1,6,2,20,4,1397,1,8,-1,-1,-1
20154100K0321,1,19,0,4,0,1,0,0,0,0,1,1,1,1,23,5,2287,2,4,-1,-1,-1
20154100K0321,2,9,0,3,0,1,0,0,0,0,2,1,6,1,50,8,1995,2,2,-1,1,-1
20154100K0329,1,3,0,18,0,1,0,0,0,0,2,1,6,1,26,6,-1,-1,-1,-1,1,-1
20154100K0329,2,9,0,18,0,1,0,0,0,0,1,1,6,3,-1,-1,2191,2,2,-1,-1,-1
20154100K0332,1,9,0,3,0,1,0,0,7,10,1,1,2,2,62,9,1390,1,4,-1,1,-1
20154100K0333,1,9,0,7,0,6,0,0,0,0,1,1,6,1,60,9,-1,-1,-1,-1,1,-1
20154100K0333,2,1,0,18,0,8,0,0,0,0,2,1,6,1,44,7,-1,-1,-1,-1,1,-1
20154100K0335,1,9,0,12,0,0,0,0,0,0,0,1,6,2,34,6,998,1,1,-1,1,-1
20154100K0335,2,5,0,13,0,0,0,0,0,0,0,1,2,1,38,7,654,1,3,-1,1,-1
20154100K0336,1,9,0,18,0,8,0,0,0,0,0,1,6,1,-1,-1,-1,-1,-1,-1,-1,-1
20154100K0336,2,9,0,5,0,4,0,0,1,10,1,1,6,1,44,7,1240,1,6,-1,-1,-1
20154100K0337,1,9,0,4,0,0,0,0,0,0,2,1,6,1,28,6,1598,2,3,-1,1,-1
20154100K0337,2,9,0,18,0,0,1,0,0,0,1,1,1,1,36,7,-1,-1,-1,-1,1,-1
20154100K0344,1,9,0,18,0,1,0,0,0,0,4,1,6,1,21,5,1242,1,3,-1,1,-1
20154100K0346,1,9,0,18,0,0,1,4,1,0,1,1,6,1,27,6,1998,1,13,-1,1,-1
20154100K0346,2,20,1,2,6,0,0,0,0,0,2,1,1,1,57,9,-1,-1,-1,-1,1,-1
20154100K0348,1,19,0,7,0,2,0,0,0,0,1,1,2,1,63,9,1461,2,4,-1,3,-1
20154100K0348,2,1,0,18,0,2,0,0,0,0,2,1,1,1,58,9,-1,-1,-1,-1,1,-1
20154100K0353,1,9,0,18,0,0,0,0,0,0,1,1,6,1,30,6,-1,-1,-1,-1,-1,-1
20154100K0353,2,19,0,3,0,0,0,0,0,0,2,1,1,1,23,5,2287,2,2,-1,1,-1
20154100K0354,1,21,1,12,8,0,0,0,0,0,2,1,1,3,-1,-1,-1,-1,-1,-1,-1,-1
20154100K0354,2,9,0,18,0,0,1,0,1,0,1,1,6,1,75,10,1124,1,13,-1,1,-1
20154100K0354,3,21,1,2,6,0,0,0,0,0,3,1,1,1,55,8,6700,2,-1,-1,1,-1
20154100K0355,1,9,0,5,0,2,0,0,0,0,1,1,2,1,47,8,1240,1,6,-1,3,-1
20154100K0357,1,9,0,18,0,4,0,0,0,0,1,1,6,3,-1,-1,-1,-1,-1,-1,-1,-1
20154100K0357,2,9,0,18,0,4,0,0,0,0,2,1,6,1,26,6,-1,-1,-1,-1,1,-1
20154100K0358,1,9,0,18,0,1,0,0,0,0,1,1,2,1,46,8,-1,-1,-1,-1,1,-1
20154100K0358,2,9,0,8,0,1,0,0,0,0,2,1,6,1,46,8,1390,1,4,-1,1,-1
20154100K0359,1,9,0,3,0,1,0,0,0,0,2,1,6,2,54,8,998,1,2,-1,1,-1
20154100K0359,2,9,0,18,0,1,0,0,0,0,1,1,6,1,42,7,2969,2,8,-1,-1,-1
20154100K0360,1,9,0,13,0,0,0,0,0,0,4,1,6,3,-1,-1,1560,2,-1,-1,1,-1
20154100K0360,2,1,0,18,0,0,0,0,0,0,3,1,6,2,44,7,-1,-1,-1,-1,1,-1
20154100K0362,1,9,0,18,0,0,2,4,0,0,1,1,1,2,22,5,1242,1,16,-1,-1,-1
20154100K0362,2,9,0,2,9,0,0,0,0,0,2,1,6,2,34,6,1229,1,4,-1,-1,-1
20154100K0363,1,19,0,18,0,0,5,0,7,9,3,1,6,1,27,6,1968,2,1,-1,3,-1
20154100K0365,1,1,0,18,9,2,0,0,0,11,1,1,6,1,54,8,-1,-1,-1,-1,1,-1
20154100K0376,1,9,0,18,0,8,2,10,1,10,1,1,6,1,17,4,1199,1,13,-1,-1,-1
20154100K0376,2,9,0,18,0,1,0,0,0,0,0,1,1,1,34,6,1248,2,5,-1,-1,-1
20154100K0376,3,9,0,9,0,8,0,0,0,0,3,1,2,1,63,9,1596,1,16,-1,1,-1
20154100K0378,1,9,0,3,0,0,0,0,0,0,1,1,6,1,-1,-1,899,1,16,-1,1,-1
20154100K0378,2,1,0,3,0,0,0,0,0,0,2,1,6,1,45,7,-1,-1,-1,-1,1,-1
20154100K0379,1,9,0,4,0,0,0,0,0,0,1,1,6,1,35,6,1499,2,2,-1,3,-1
20154100K0379,2,9,0,3,0,0,0,0,0,0,2,1,6,2,65,9,1596,1,14,-1,1,-1
20154100K0382,1,9,0,18,0,2,0,0,0,0,1,1,6,2,54,8,1242,1,9,-1,1,-1
20154100K0387,1,9,0,18,0,0,0,0,0,0,1,1,6,1,18,4,1796,1,9,-1,1,-1
20154100K0387,2,9,0,18,0,0,0,0,0,0,0,1,1,2,30,6,1248,2,3,-1,-1,-1
20154100K0387,3,9,0,18,0,0,0,0,0,0,0,1,1,1,30,6,1248,2,3,-1,-1,-1
20154100K0387,4,9,0,3,0,0,0,0,0,0,1,1,6,1,33,6,2494,1,27,-1,1,-1
20154100K0389,1,9,0,8,0,1,0,0,0,0,2,1,6,1,60,9,998,1,1,-1,-1,-1
20154100K0389,2,9,0,18,0,1,0,0,0,0,1,1,6,1,45,7,1598,1,9,-1,2,-1
20154100K0391,1,9,0,18,0,1,0,0,0,0,1,1,6,1,40,7,2295,1,16,-1,1,-1
20154100K0391,2,19,0,3,0,1,0,0,0,0,2,1,6,1,41,7,-1,-1,-1,-1,1,-1
20154100K0392,1,9,0,18,0,0,0,0,1,11,1,1,6,1,73,10,1339,1,2,-1,1,-1
20154100K0393,1,19,0,3,0,1,0,0,0,0,2,1,1,1,24,5,1560,2,-1,-1,1,-1
20154100K0393,2,9,0,4,0,1,0,0,0,0,1,1,6,2,20,4,1498,1,5,-1,1,-1
20154100K0393,3,9,0,18,0,1,0,0,0,0,1,1,1,1,36,7,2993,2,2,-1,1,-1
20154100K0397,1,9,0,3,0,8,0,0,0,0,2,1,6,2,45,7,3226,2,14,-1,1,-1
20154100K0397,2,20,0,18,0,8,0,0,0,0,1,1,6,1,35,6,4461,2,7,-1,1,-1
20154100K0398,1,9,0,18,0,0,0,0,0,0,1,1,6,2,73,10,1198,1,-1,-1,1,-1
20154100K0398,2,19,0,18,0,0,0,0,1,9,1,1,1,1,42,7,1995,2,7,-1,1,-1
20154100K0399,1,9,0,4,0,1,0,0,0,0,0,1,6,1,34,6,1896,2,11,-1,1,-1
20154100K0399,2,1,0,4,0,1,0,0,0,0,0,1,6,1,41,7,-1,-1,-1,-1,1,-1
20154100K0401,1,9,0,18,0,0,2,0,1,1,4,1,6,1,25,5,1598,2,3,-1,2,-1
20154100K0401,2,19,0,18,0,0,0,0,0,0,1,1,6,1,24,5,1399,2,4,-1,1,-1
20154100K0405,1,19,0,18,0,4,0,0,0,0,1,1,6,3,40,7,1560,2,2,-1,-1,-1
20154100K0405,2,9,0,18,0,8,0,0,0,0,2,1,6,1,32,6,1798,8,-1,-1,1,-1
20154100K0411,1,9,0,18,0,2,0,0,0,0,4,1,2,2,52,8,2993,2,2,-1,1,-1
20154100K0412,1,11,0,4,0,0,0,0,0,0,1,1,1,1,61,9,6700,2,3,-1,1,-1
20154100K0418,1,9,0,18,0,1,0,0,0,0,1,1,6,2,20,4,1388,1,12,-1,-1,-1
20154100K0418,2,9,0,3,0,1,0,0,0,0,2,1,2,2,49,8,1240,1,11,-1,1,-1
20154100K0427,1,2,0,18,0,8,0,0,0,0,1,1,6,1,16,4,49,1,1,-1,1,-1
20154100K0427,2,19,0,5,0,6,0,0,0,0,1,1,6,1,60,9,2143,2,-1,-1,1,-1
20154100K0431,1,9,0,3,0,0,0,0,0,0,2,1,1,1,35,6,999,1,8,-1,-1,-1
20154100K0431,2,9,0,18,0,0,0,0,0,0,1,1,6,1,23,5,1388,1,5,-1,1,-1
20154100K0432,1,19,0,18,0,2,0,0,0,0,1,2,6,1,35,6,-1,-1,-1,-1,-1,-1
20154100K0432,2,9,0,3,0,2,0,0,0,0,2,1,6,1,36,7,-1,-1,-1,-1,1,-1
20154100K0432,3,98,0,18,0,1,0,0,0,0,0,1,6,1,-1,-1,-1,-1,-1,-1,-1,-1
20154100K0435,1,9,0,18,0,2,0,4,0,0,1,1,6,1,17,4,1389,1,12,-1,1,-1
20154100K0435,2,9,0,2,0,2,0,4,0,0,2,1,6,3,-1,-1,-1,-1,-1,-1,1,-1
20154100K0435,3,9,0,2,0,2,0,0,0,0,2,1,6,3,-1,-1,1598,2,4,-1,1,-1
20154100K0436,1,20,0,18,0,8,0,0,0,0,4,1,1,1,34,6,-1,-1,-1,-1,1,-1
20154100K0436,2,9,0,9,0,6,0,0,0,0,1,1,6,2,25,5,1299,1,8,-1,1,-1
20154100K0437,1,9,0,9,0,5,0,0,0,0,1,1,6,2,43,7,999,1,1,-1,1,-1
20154100K0437,2,4,0,18,0,8,0,0,0,0,2,1,6,1,20,4,-1,-1,-1,-1,1,-1
20154100K0438,1,9,0,18,0,1,0,0,0,0,1,1,6,2,47,8,1596,1,-1,-1,1,-1
20154100K0438,2,9,0,3,0,1,0,0,0,0,2,1,6,1,75,10,1598,1,12,-1,1,-1
20154100K0438,3,9,0,3,0,1,0,0,0,0,2,1,6,2,42,7,998,1,2,-1,1,-1
20154100K0444,1,9,0,4,0,1,0,0,0,0,1,1,6,2,62,9,-1,-1,-1,-1,1,-1
20154100K0444,2,9,0,4,0,1,0,0,0,0,2,1,6,1,49,8,1968,2,9,-1,1,-1
20154100K0444,3,9,0,4,0,1,0,0,0,0,2,1,6,2,39,7,1200,1,2,-1,1,-1
20154100K0445,1,9,0,9,0,5,0,0,0,0,0,1,6,3,-1,-1,-1,-1,-1,-1,-1,-1
20154100K0445,2,9,0,4,0,1,0,0,0,0,1,1,6,2,24,5,-1,-1,-1,-1,1,-1
20154100K0445,3,9,0,4,0,1,0,0,0,0,2,1,6,2,42,7,-1,-1,-1,-1,1,-1
20154100K0446,1,9,0,18,0,0,0,4,0,0,1,1,6,2,18,4,998,1,12,-1,1,-1
20154100K0446,2,20,0,2,0,0,0,0,0,0,2,2,6,3,-1,-1,2499,2,22,-1,-1,-1
20154100K0461,1,19,0,18,0,0,0,0,0,0,4,1,1,1,55,8,2402,2,7,-1,1,-1
20154100K0462,1,9,0,18,0,2,2,0,5,6,3,1,1,1,24,5,1598,1,10,-1,1,-1
20154100K0463,1,4,0,18,0,8,0,0,0,0,3,1,6,2,35,6,264,1,12,-1,1,-1
20154100K0463,2,9,0,11,0,8,0,0,0,0,4,1,6,1,35,6,-1,-1,-1,-1,-1,-1
20154100K0476,1,9,0,5,0,2,0,0,0,0,1,1,6,2,-1,-1,2982,2,3,-1,-1,-1
20154100K0483,1,9,0,18,0,2,0,7,0,1,1,1,6,1,30,6,999,1,6,-1,1,-1
20154100K0487,1,98,0,4,0,0,0,0,0,0,1,1,6,1,50,8,11021,2,9,-1,-1,-1
20154100K0487,2,9,0,3,0,0,0,0,0,0,2,1,1,2,48,8,1587,1,8,-1,1,-1
20154100K0490,1,19,0,1,0,8,0,0,0,0,2,1,2,1,44,7,1968,2,4,-1,1,-1
20154100K0490,2,2,0,3,0,8,0,0,0,0,1,1,1,1,58,9,125,1,9,-1,1,-1
20154100K0491,1,9,0,18,0,1,0,0,0,0,1,1,6,2,47,8,2495,2,12,-1,1,-1
20154100K0491,2,19,0,3,0,1,0,0,0,0,2,1,1,1,17,4,1868,2,10,-1,1,-1
20154100K0491,3,9,0,3,0,1,0,0,0,0,2,1,2,1,47,8,998,1,12,-1,1,-1
20154100K0493,1,9,0,9,9,5,0,0,0,0,1,1,6,1,74,10,1596,1,3,-1,1,-1
20154100K0500,1,9,0,12,0,0,0,0,0,0,3,1,2,2,18,4,1229,1,1,-1,1,-1
20154100K0500,2,21,0,18,0,0,0,0,0,0,1,1,1,1,56,9,6728,2,1,-1,1,-1
20154100K0503,1,9,0,3,0,1,0,0,0,0,2,1,6,1,83,11,1198,1,5,-1,1,-1
20154100K0503,2,9,0,5,0,1,0,0,0,0,1,1,6,1,40,7,-1,-1,-1,-1,-1,-1
20154100K0504,1,9,0,18,0,1,0,0,0,0,4,1,6,2,38,7,-1,-1,-1,-1,-1,-1
20154100K0506,1,8,0,1,0,5,0,0,0,0,2,1,1,1,40,7,1956,2,3,-1,-1,-1
20154100K0510,1,9,0,18,0,2,0,4,0,0,3,1,6,1,22,5,1199,1,13,-1,1,-1
20154100K0510,2,9,0,2,6,1,0,0,0,0,3,1,2,2,48,8,1229,1,3,-1,1,-1
20154100K0511,1,9,0,18,0,0,0,0,0,0,1,1,6,3,-1,-1,1910,2,9,-1,-1,-1
20154100K0511,2,9,0,3,0,0,0,0,0,0,2,1,6,1,28,6,1968,2,-1,-1,-1,-1
20154100K0514,1,9,0,5,0,6,0,0,0,0,1,1,6,2,57,9,1388,1,6,-1,1,-1
20154100K0515,1,9,0,9,0,6,0,0,0,0,3,1,6,2,21,5,1149,1,12,-1,1,-1
20154100K0515,2,9,0,18,0,8,0,0,0,0,1,1,6,2,19,4,1240,1,12,-1,1,-1
20154100K0516,1,9,0,18,0,0,0,0,1,4,1,1,6,1,67,10,-1,-1,-1,-1,1,-1
20154100K0518,1,19,0,12,0,3,0,0,0,0,1,1,2,1,33,6,2198,2,7,-1,1,-1
20154100K0518,2,9,0,4,0,3,0,0,0,0,2,1,6,2,35,6,1997,2,5,-1,1,-1
20154100K0520,1,19,0,4,0,1,0,0,0,0,1,1,1,1,57,9,2402,2,12,-1,1,-1
20154100K0520,2,9,0,4,0,1,0,0,0,0,2,1,6,1,23,5,1597,1,9,-1,1,-1