Accident_Index,Vehicle_Reference,Vehicle_Type,Towing_and_Articulation,Vehicle_Manoeuvre,Vehicle_Location-Restricted_Lane,Junction_Location,Skidding_and_Overturning,Hit_Object_in_Carriageway,Vehicle_Leaving_Carriageway,Hit_Object_off_Carriageway,1st_Point_of_Impact,Was_Vehicle_Left_Hand_Drive?,Journey_Purpose_of_Driver,Sex_of_Driver,Age_of_Driver,Age_Band_of_Driver,Engine_Capacity_(CC),Propulsion_Code,Age_of_Vehicle,Driver_IMD_Decile,Driver_Home_Area_Type,Vehicle_IMD_Decile
20154100T1164,3,9,0,18,0,0,0,0,0,0,2,1,6,1,66,10,1328,1,12,-1,1,-1
20154100T1164,4,9,0,18,0,0,0,0,0,0,2,1,1,1,54,8,1598,2,2,-1,1,-1
20154100T1166,1,9,0,15,0,0,1,0,1,4,3,1,6,2,70,10,1388,1,11,-1,-1,-1
20154100T1167,1,9,0,18,0,0,2,0,5,6,3,1,6,1,21,5,1896,2,7,-1,1,-1
20154100T1167,2,9,0,18,0,0,0,0,0,0,0,1,6,2,35,6,-1,-1,-1,-1,1,-1
20154100T1167,3,9,0,18,0,0,0,0,0,0,0,1,6,1,23,5,1598,1,15,-1,1,-1
20154100T2001,1,9,0,4,0,0,1,0,0,0,1,1,2,1,37,7,-1,-1,-1,-1,3,-1
20154100T2001,2,9,0,4,0,0,0,0,0,0,2,1,2,1,37,7,-1,-1,-1,-1,1,-1
20154100T2002,1,9,0,18,0,0,1,0,0,0,1,1,6,1,71,10,1997,1,26,-1,3,-1
20154100T2002,2,9,0,4,0,0,0,0,0,0,2,1,6,1,55,8,1395,1,1,-1,1,-1
20154100T2006,1,9,0,11,0,0,0,0,0,0,1,1,6,1,40,7,3956,6,16,-1,1,-1
20154100T2006,2,9,0,18,0,0,0,0,0,0,2,1,6,1,45,7,1984,1,8,-1,1,-1
20154100T2009,1,9,0,18,0,0,0,0,0,0,1,1,1,2,30,6,1398,1,5,-1,1,-1
20154100T2009,2,9,0,18,0,0,0,0,0,0,1,1,1,2,34,6,1999,1,8,-1,1,-1
20154100T2009,3,9,0,4,0,0,0,0,0,0,2,1,1,2,34,6,1497,8,1,-1,1,-1
20154100T2009,4,9,0,4,0,0,0,0,0,0,2,1,1,2,51,8,998,1,1,-1,1,-1
20154100T2011,1,9,0,12,0,0,0,0,0,0,0,1,2,2,37,7,1461,2,9,-1,1,-1
20154100T2011,2,9,0,18,0,0,2,0,1,7,4,1,2,1,22,5,-1,-1,-1,-1,1,-1
20154100T2011,3,20,0,18,0,0,0,0,0,0,0,1,6,3,-1,-1,-1,-1,-1,-1,-1,-1
20154100T2012,1,9,0,18,0,0,0,0,0,0,1,1,6,1,45,7,1598,2,6,-1,-1,-1
20154100T2012,2,9,0,4,0,0,0,0,0,0,2,1,6,2,34,6,-1,-1,-1,-1,1,-1
20154100T2012,3,9,0,4,0,0,0,0,0,0,2,1,6,2,23,5,-1,-1,-1,-1,1,-1
20154100T2012,4,9,0,4,0,0,0,0,0,0,2,1,6,1,41,7,1995,2,3,-1,2,-1
20154100T2014,1,9,0,4,0,2,0,0,0,0,1,1,6,1,20,4,1242,1,8,-1,1,-1
20154100T2014,2,9,0,4,0,2,0,0,0,0,2,1,6,2,24,5,1242,1,3,-1,1,-1
20154100T2017,1,9,0,18,0,0,0,0,1,7,1,1,2,1,38,7,1998,1,8,-1,1,-1
20154100T2021,1,9,0,4,0,0,0,0,0,0,0,1,6,3,-1,-1,-1,-1,-1,-1,-1,-1
20154100T2021,2,9,0,18,0,0,1,0,5,6,1,1,6,2,48,8,2495,2,12,-1,3,-1
20154100T2022,1,9,0,18,0,0,1,0,0,0,1,1,6,2,21,5,1349,1,17,-1,-1,-1
20154100T2022,2,19,0,3,0,0,0,0,0,0,2,1,1,1,29,6,2198,2,7,-1,1,-1
20154100T2023,1,19,0,18,0,0,0,0,0,0,1,1,1,1,23,5,2402,2,5,-1,1,-1
20154100T2023,2,9,0,4,0,0,0,0,0,0,2,1,6,2,40,7,2143,2,1,-1,1,-1
20154100T2024,1,9,0,18,0,0,1,0,2,10,1,1,6,1,31,6,3952,1,20,-1,1,-1
20154100T2024,2,9,0,18,0,0,0,0,0,0,2,1,6,1,66,10,998,1,4,-1,2,-1
20154100T2028,1,9,0,18,0,0,0,0,1,4,1,1,6,1,20,4,1242,1,11,-1,-1,-1
20154100T2029,1,9,0,18,0,0,0,0,0,0,1,1,2,2,23,5,998,1,8,-1,1,-1
20154100T2029,2,9,0,4,0,0,0,0,0,0,2,1,2,1,30,6,1995,1,2,-1,2,-1
20154100T2029,3,19,0,4,0,0,0,0,0,0,2,1,2,1,57,9,1995,2,4,-1,2,-1
20154100T2030,1,9,0,18,0,0,1,0,0,0,1,1,2,2,46,8,1560,2,6,-1,3,-1
20154100T2030,2,9,0,4,0,0,0,0,0,0,2,1,2,1,24,5,1984,1,5,-1,1,-1
20154100T2030,3,9,0,18,0,0,1,0,0,0,1,1,2,1,41,7,1560,2,5,-1,3,-1
20154100T2034,1,9,0,12,0,0,2,0,0,0,0,1,6,1,27,6,-1,-1,-1,-1,1,-1
20154100T2034,2,9,0,18,0,0,0,0,0,0,0,1,6,1,44,7,2171,1,12,-1,1,-1
20154100T2035,1,9,0,4,0,0,1,0,0,0,1,1,6,2,22,5,-1,-1,-1,-1,1,-1
20154100T2035,2,9,0,4,0,0,0,0,0,0,2,1,6,2,31,6,-1,-1,-1,-1,1,-1
20154100T2043,1,9,0,11,0,0,0,0,1,4,1,1,6,1,56,9,1590,1,16,-1,1,-1
20154100T2044,1,9,0,18,0,0,2,12,1,0,1,1,2,1,34,6,1349,1,6,-1,2,-1
20154100T2047,1,9,0,18,0,0,5,0,1,0,1,1,6,2,39,7,1598,1,13,-1,2,-1
20154100T2047,2,9,0,18,0,0,0,0,0,0,0,1,6,2,70,10,-1,-1,-1,-1,1,-1
20154100T2047,3,9,0,18,0,0,0,0,0,0,1,1,6,2,32,6,1598,1,15,-1,1,-1
20154100T2047,4,9,0,4,0,0,0,0,0,0,2,1,6,1,52,8,-1,-1,-1,-1,1,-1
20154100T2057,1,9,0,11,0,0,1,0,0,0,1,1,6,1,24,5,1598,2,-1,-1,1,-1
20154100T2057,2,9,0,18,0,0,1,0,4,6,2,1,6,1,49,8,1850,1,14,-1,1,-1
20154100T2058,1,9,0,18,0,0,0,0,1,4,1,1,2,1,52,8,1794,1,11,-1,1,-1
20154100T2058,2,9,0,4,0,0,0,0,0,0,0,1,1,1,29,6,2993,2,8,-1,1,-1
20154100T2058,3,9,0,18,0,0,0,0,0,0,0,1,2,1,39,7,1998,1,12,-1,1,-1
20154100T2060,1,9,0,18,0,0,0,0,0,0,0,1,6,2,20,4,999,1,4,-1,-1,-1
20154100T2060,2,9,0,18,0,0,1,0,1,0,0,1,2,2,23,5,1686,2,11,-1,1,-1
20154100T2061,1,9,0,4,0,0,0,0,0,0,1,1,6,1,86,11,1998,1,17,-1,1,-1
20154100T2061,2,9,0,3,0,0,0,0,0,0,2,1,6,1,30,6,2000,1,-1,-1,1,-1
20154100T2065,1,9,0,18,0,0,1,0,6,6,1,1,6,1,18,4,1461,2,5,-1,3,-1
20154100T2067,1,9,0,18,0,0,5,0,1,10,1,1,6,2,19,4,1968,2,-1,-1,1,-1
20154100T2069,1,19,0,18,0,0,2,0,1,7,1,1,6,1,66,10,1868,2,12,-1,1,-1
20154100T2070,1,9,0,18,0,0,1,0,5,6,1,1,6,1,28,6,2993,2,1,-1,1,-1
20154100T2070,2,9,0,18,0,0,1,0,5,6,2,1,6,1,57,9,-1,-1,-1,-1,3,-1
20154100T2071,1,9,0,18,0,0,0,0,0,0,3,1,6,1,59,9,-1,-1,-1,-1,1,-1
20154100T2071,2,9,0,18,0,0,0,0,4,6,1,1,6,2,32,6,1560,2,6,-1,1,-1
20154100T2074,1,19,4,18,0,0,2,0,1,7,4,1,1,1,77,11,2287,2,7,-1,1,-1
20154100T2076,1,8,0,18,0,0,1,0,0,0,1,1,1,1,64,9,1497,8,8,-1,1,-1
20154100T2076,2,9,0,4,0,0,0,0,4,6,2,1,6,2,23,5,1299,1,10,-1,1,-1
20154100T2076,3,19,0,4,0,0,0,0,0,0,2,1,1,1,39,7,1560,2,1,-1,1,-1
20154100T2076,4,9,0,4,0,0,0,0,0,0,2,1,6,1,51,8,1248,2,8,-1,2,-1
20154100T2076,5,9,0,4,0,0,0,0,0,0,2,1,6,1,58,9,1598,2,3,-1,-1,-1
20154100T2080,1,9,0,12,0,0,0,0,5,6,1,1,6,1,21,5,1199,1,11,-1,1,-1
20154100T2080,2,9,0,18,0,0,0,0,5,6,2,1,6,1,24,5,1149,1,13,-1,1,-1
20154100T2081,1,9,0,18,0,0,0,0,0,0,1,1,1,2,28,6,1496,2,-1,-1,1,-1
20154100T2081,2,9,0,4,0,0,0,0,0,0,2,1,1,2,44,7,1560,2,1,-1,1,-1
20154100T2081,3,9,0,4,0,0,0,0,0,0,2,1,1,1,49,8,1995,2,5,-1,2,-1
20154100T2081,4,9,0,4,0,0,0,0,0,0,2,1,1,1,38,7,-1,-1,-1,-1,1,-1
20154100T2082,1,9,0,4,0,0,0,0,0,0,1,1,6,2,48,8,1598,1,8,-1,1,-1
20154100T2082,2,9,0,3,0,0,0,0,0,0,2,1,6,2,42,7,-1,-1,-1,-1,1,-1
20154100T2084,1,9,0,18,0,0,0,0,0,0,1,1,6,2,28,6,1560,2,10,-1,1,-1
20154100T2084,2,8,0,12,0,0,0,0,0,0,2,1,1,1,40,7,1797,8,5,-1,-1,-1
20154100T2085,1,9,0,18,0,0,0,0,0,0,1,1,6,2,72,10,1240,1,8,-1,1,-1
20154100T2085,2,9,0,3,0,0,0,0,0,0,2,1,6,2,39,7,-1,-1,-1,-1,1,-1
20154100T2085,3,9,0,3,0,0,0,0,0,0,2,1,6,2,38,7,1329,1,3,-1,1,-1
20154100T2086,1,19,0,18,0,8,2,0,1,7,1,1,1,1,29,6,2143,2,2,-1,1,-1
20154100T2087,1,9,0,11,0,0,1,0,1,10,1,1,2,1,22,5,1240,1,9,-1,1,-1
20154100T2090,1,9,0,18,0,1,0,0,0,0,1,1,6,2,22,5,1596,1,13,-1,1,-1
20154100T2090,2,9,0,4,0,1,0,0,0,0,2,1,2,2,33,6,1995,2,2,-1,1,-1
20154100T2090,3,9,0,4,0,1,0,0,0,0,0,1,6,3,-1,-1,-1,-1,-1,-1,-1,-1
20154100T2091,1,9,0,4,0,0,1,0,0,0,1,1,2,1,17,4,1995,2,16,-1,1,-1
20154100T2091,2,9,0,4,0,0,0,0,0,0,2,1,2,1,50,8,1796,1,4,-1,1,-1
20154100T2094,1,9,0,18,0,0,0,0,0,0,1,1,2,1,27,6,1968,2,1,-1,1,-1
20154100T2094,2,9,0,4,0,0,0,0,0,0,2,1,6,2,22,5,1968,2,6,-1,1,-1
20154100T2094,3,10,0,4,0,0,0,0,0,0,2,1,1,1,41,7,-1,-1,-1,-1,1,-1
20154100T2095,1,9,0,18,0,0,0,1,0,0,1,1,2,1,39,7,1339,1,10,-1,1,-1
20154100T2095,2,9,0,4,0,0,0,1,0,0,2,1,2,1,47,8,1997,2,3,-1,1,-1
20154100T2099,1,9,0,4,0,2,0,0,0,0,0,1,1,1,57,9,2969,2,10,-1,1,-1
20154100T2099,2,21,1,4,0,2,0,0,0,0,1,1,1,1,65,9,9365,2,7,-1,3,-1
20154100T2099,3,20,0,18,0,2,0,0,0,0,2,1,1,1,46,8,2143,2,4,-1,2,-1
20154100T2101,1,21,1,12,0,7,0,0,0,0,3,2,1,1,47,8,-1,-1,-1,-1,-1,-1
20154100T2101,2,9,0,18,0,8,0,0,0,0,1,1,6,2,36,7,1597,2,-1,-1,1,-1
20154100T2101,3,9,0,11,0,8,0,0,0,0,1,1,6,2,24,5,1988,1,12,-1,1,-1
20154100T2103,1,9,0,13,0,0,1,0,1,11,1,1,6,2,26,6,1910,2,12,-1,1,-1
20154100T2104,1,4,0,12,0,0,1,10,0,0,1,1,6,1,53,8,883,1,-1,-1,1,-1
20154100T2104,2,21,1,18,0,0,0,0,0,0,1,1,1,1,52,8,12740,2,1,-1,2,-1
20154100T2104,3,9,0,18,0,0,0,0,0,0,1,1,6,2,20,4,1229,1,4,-1,1,-1
20154100T2105,1,9,0,18,0,1,0,0,1,7,1,1,6,2,56,9,1229,1,10,-1,1,-1
20154100T2105,2,9,0,4,0,1,0,0,0,0,2,1,6,1,37,7,-1,-1,-1,-1,1,-1
20154100T2105,3,9,0,4,0,1,0,0,0,0,2,1,6,1,52,8,4163,1,8,-1,2,-1
20154100T2107,1,19,0,18,0,0,0,0,0,0,1,1,1,1,51,8,2464,2,7,-1,1,-1
20154100T2107,2,19,0,4,0,0,0,0,0,0,2,1,1,1,48,8,1968,2,1,-1,1,-1
20154100T2107,3,9,0,4,0,0,0,0,0,0,3,1,6,1,26,6,1124,1,14,-1,1,-1
20154100T2107,4,20,0,4,0,0,0,0,0,0,3,1,1,1,30,6,-1,-1,-1,-1,1,-1
20154100T2110,1,19,0,18,0,0,0,0,0,0,1,1,1,1,34,6,2198,2,8,-1,1,-1
20154100T2110,2,9,0,18,0,0,0,0,0,0,2,1,1,1,48,8,1560,2,4,-1,1,-1
20154100T2111,1,4,0,18,0,0,0,0,0,0,1,1,6,1,53,8,399,1,1,-1,1,-1
20154100T2111,2,9,0,18,0,0,0,0,0,0,2,1,6,1,25,5,1753,2,7,-1,1,-1
20154100T2112,1,9,0,18,0,0,0,0,0,0,1,1,2,2,22,5,1242,1,2,-1,1,-1
20154100T2112,2,9,0,4,0,0,0,0,0,0,2,1,2,2,22,5,1242,1,8,-1,1,-1
20154100T2114,1,9,0,4,0,0,0,0,0,0,1,1,2,2,24,5,-1,-1,-1,-1,1,-1
20154100T2114,2,9,0,4,0,0,0,0,0,0,2,1,6,2,17,4,1995,2,4,-1,-1,-1
20154100T2116,1,9,0,4,0,0,1,0,0,0,1,1,1,1,19,4,-1,-1,-1,-1,1,-1
20154100T2116,2,19,0,4,0,0,0,0,4,6,2,1,1,1,21,5,1248,2,4,-1,2,-1
20154100T2116,3,9,0,4,0,0,0,0,0,0,3,1,6,2,42,7,1598,1,5,-1,1,-1
20154100T2118,1,98,1,12,0,0,0,0,0,0,1,2,6,3,-1,-1,-1,-1,-1,-1,-1,-1
20154100T2118,2,19,0,18,0,0,0,0,0,0,2,1,6,1,27,6,1461,2,7,-1,1,-1
20154100T2118,3,19,0,18,0,0,0,0,0,0,2,1,6,1,30,6,-1,-1,-1,-1,-1,-1
20154100T2119,1,9,0,18,0,2,0,0,0,0,1,1,6,1,35,6,1598,2,2,-1,1,-1
20154100T2119,2,9,0,8,0,2,0,0,0,0,2,1,6,2,66,10,1390,1,12,-1,1,-1
20154100T2122,1,9,0,18,0,0,1,0,4,6,1,1,6,1,22,5,-1,-1,-1,-1,1,-1
20154100T2122,2,9,0,18,0,0,1,0,0,0,2,1,1,1,45,7,1242,1,6,-1,1,-1
20154100T2123,1,19,0,18,0,0,0,0,0,0,1,1,2,1,33,6,2198,2,3,-1,1,-1
20154100T2123,2,9,0,18,0,0,0,0,4,6,2,1,2,1,67,10,998,1,2,-1,1,-1
20154100T2129,1,9,0,18,0,0,2,0,2,7,2,1,6,2,29,6,1686,2,7,-1,3,-1
20154100T2130,1,9,0,18,0,2,1,0,1,7,4,1,6,2,24,5,1599,1,12,-1,1,-1
20154100T2131,1,9,0,12,0,0,0,0,5,6,3,1,6,1,78,11,1910,2,8,-1,1,-1
20154100T2131,2,9,0,13,0,0,0,0,1,4,4,1,2,1,52,8,1781,1,12,-1,2,-1
20154100T2131,3,9,0,18,0,0,0,0,1,4,1,1,1,2,54,8,2199,2,5,-1,1,-1
20154100T3002,1,9,0,18,0,8,0,0,0,0,4,1,6,1,40,7,1598,2,1,-1,1,-1
20154100T3002,2,9,0,18,0,4,0,0,0,0,3,1,6,1,25,5,1956,2,2,-1,1,-1
20154100T3005,1,9,0,18,0,0,0,0,0,0,1,1,2,1,25,5,-1,-1,-1,-1,1,-1
20154100T3005,2,9,0,18,0,0,0,0,0,0,2,1,2,1,26,6,4000,1,6,-1,1,-1
20154100T3007,1,9,0,18,0,0,0,0,0,0,1,1,2,2,42,7,1360,1,11,-1,3,-1
20154100T3007,2,9,0,4,0,0,0,0,0,0,2,1,2,1,50,8,1995,2,8,-1,2,-1
20154100T3007,3,9,0,4,0,0,0,0,0,0,2,1,2,1,34,6,1560,2,3,-1,1,-1
20154100T3007,4,19,0,4,0,0,0,0,0,0,2,1,1,1,36,7,1399,2,7,-1,2,-1
20154100T3008,1,9,0,18,0,0,0,0,0,0,3,1,6,1,57,9,2967,2,8,-1,-1,-1
20154100T3008,2,9,0,18,0,0,0,0,0,0,4,1,6,1,38,7,1332,1,17,-1,1,-1
20154100T3011,1,21,1,12,0,0,0,0,0,0,3,2,1,1,51,8,-1,-1,-1,-1,-1,-1
20154100T3011,2,9,0,18,0,0,0,0,0,0,4,1,1,1,55,8,1997,2,4,-1,1,-1
20154100T3012,1,9,0,18,0,0,0,0,0,0,1,1,6,2,29,6,-1,-1,-1,-1,1,-1
20154100T3012,2,9,0,4,0,0,0,0,0,0,2,1,6,2,32,6,-1,-1,-1,-1,2,-1
20154100T3012,3,9,0,18,0,0,0,0,0,0,1,1,6,1,77,11,-1,-1,-1,-1,-1,-1
20154100T3013,1,9,0,13,0,0,0,0,0,0,4,1,6,1,-1,-1,-1,-1,-1,-1,-1,-1
20154100T3013,2,9,0,18,0,0,1,0,1,0,3,1,1,1,18,4,-1,-1,-1,-1,3,-1
20154100T3015,1,21,1,18,0,0,0,0,0,0,3,2,1,1,37,7,-1,-1,-1,-1,-1,-1
20154100T3015,2,9,0,18,0,0,0,0,5,6,4,1,6,2,35,6,-1,-1,-1,-1,1,-1
20154100T3016,1,9,0,18,0,0,0,0,0,0,1,1,6,1,30,6,1461,2,3,-1,-1,-1
20154100T3016,2,9,0,4,0,0,0,0,0,0,2,1,1,2,33,6,1995,2,8,-1,1,-1
20154100T3020,1,9,0,18,0,0,1,0,0,0,1,1,1,1,22,5,1991,2,9,-1,1,-1
20154100T3020,2,9,0,4,0,0,0,0,0,0,2,1,2,2,52,8,1997,2,4,-1,1,-1
20154100T3020,3,9,0,4,0,0,0,0,0,0,2,1,1,1,43,7,2967,2,4,-1,1,-1
20154100T3020,4,9,0,4,0,0,0,0,0,0,2,1,1,1,38,7,1198,1,1,-1,3,-1
20154100T3020,5,9,0,4,0,0,0,0,0,0,2,1,1,1,22,5,-1,-1,-1,-1,1,-1
20154100T3021,1,9,0,18,0,0,1,0,0,0,1,1,6,2,48,8,1498,1,7,-1,1,-1
20154100T3021,2,9,0,3,0,0,0,0,0,0,2,1,6,2,43,7,1968,2,3,-1,1,-1
20154100T3021,3,8,0,3,0,0,0,0,0,0,2,1,6,1,50,8,-1,-1,-1,-1,-1,-1
20154100T3022,1,9,0,11,0,0,0,0,0,0,0,1,6,3,30,6,-1,-1,-1,-1,-1,-1
20154100T3022,2,9,0,18,0,0,0,0,2,7,1,1,6,2,41,7,-1,-1,-1,-1,1,-1
20154100T3029,1,9,0,4,0,0,0,0,0,0,1,1,6,1,49,8,-1,-1,-1,-1,1,-1
20154100T3029,2,9,0,3,0,0,0,0,0,0,2,1,6,2,37,7,998,1,11,-1,2,-1
20154100T3029,3,9,0,3,0,0,0,0,0,0,2,1,2,1,24,5,-1,-1,-1,-1,1,-1
20154100T3029,4,9,0,3,0,0,0,0,0,0,2,1,6,1,34,6,1995,2,10,-1,1,-1
20154100T3030,1,21,0,11,0,5,0,0,0,0,4,1,1,1,27,6,12900,2,7,-1,1,-1
20154100T3030,2,9,0,18,0,8,0,0,0,0,3,1,6,1,62,9,1598,1,7,-1,3,-1
20154100T3031,1,9,0,4,0,0,0,0,0,0,1,1,2,1,39,7,2148,2,10,-1,1,-1
20154100T3031,2,9,0,4,0,0,0,0,0,0,2,1,2,1,39,7,1896,2,10,-1,1,-1
20154100T3035,1,9,0,11,0,0,0,0,0,0,1,1,1,1,24,5,-1,-1,-1,-1,1,-1
20154100T3035,2,9,0,4,0,0,0,0,0,0,2,1,1,1,58,9,-1,-1,-1,-1,3,-1
20154100T3043,1,21,1,11,0,0,0,0,0,0,4,2,1,1,56,9,-1,-1,-1,-1,1,-1
20154100T3043,2,9,0,18,0,0,1,0,0,0,3,1,6,2,40,7,1229,1,10,-1,1,-1
20154100T3044,1,9,0,18,0,0,2,0,8,7,3,1,6,1,20,4,1392,1,16,-1,1,-1
20154100T3046,1,9,0,18,0,0,0,0,1,7,1,1,6,1,35,6,1998,1,13,-1,1,-1
20154100T3047,1,9,0,15,0,0,0,0,0,0,1,1,6,1,-1,-1,-1,-1,-1,-1,-1,-1
20154100T3047,2,9,0,11,0,0,0,0,8,6,2,1,2,2,29,6,1599,1,12,-1,1,-1
20154100T3047,3,19,0,18,0,0,0,0,0,0,1,1,1,2,47,8,1968,2,1,-1,1,-1
20154100T3048,1,9,0,18,0,0,1,0,0,0,1,1,6,1,19,4,1582,2,1,-1,1,-1
20154100T3048,2,9,0,4,0,0,0,0,0,0,2,1,6,1,50,8,1200,1,1,-1,1,-1
20154100T3049,1,19,0,4,0,0,0,0,0,0,1,1,6,1,37,7,-1,-1,-1,-1,1,-1
20154100T3049,2,9,0,4,0,0,0,0,0,0,2,1,6,1,46,8,1598,1,12,-1,1,-1
20154100T3049,3,9,0,4,0,0,0,0,0,0,2,1,6,1,43,7,2231,2,5,-1,1,-1
20154100T3050,1,9,0,18,0,0,1,0,4,6,1,1,6,1,28,6,-1,-1,-1,-1,1,-1
20154100T3050,2,9,0,18,0,0,1,0,4,6,1,1,6,1,25,5,-1,-1,-1,-1,1,-1
20154100T3051,1,9,0,4,0,0,0,0,0,0,1,1,6,1,24,5,1124,1,16,-1,1,-1
20154100T3051,2,9,0,4,0,0,0,0,0,0,2,1,6,1,46,8,1198,1,1,-1,2,-1
20154100T3053,1,9,0,18,0,0,0,0,0,0,1,1,6,2,28,6,-1,-1,-1,-1,1,-1
20154100T3053,2,9,0,18,0,0,0,0,0,0,2,1,6,1,26,6,1242,1,3,-1,1,-1
20154100T3055,1,9,0,18,0,0,0,0,0,0,1,1,6,1,-1,-1,2143,2,3,-1,2,-1
20154100T3055,2,9,0,3,0,0,0,0,0,0,2,1,6,2,25,5,1598,1,10,-1,1,-1
20154100T3057,1,21,1,11,0,0,0,0,0,0,4,2,1,1,-1,-1,-1,-1,-1,-1,-1,-1
20154100T3057,2,9,0,18,0,0,0,0,1,7,3,1,6,2,32,6,-1,-1,-1,-1,1,-1
20154100T3058,1,20,0,11,0,8,0,0,0,0,4,1,1,1,31,6,4580,2,9,-1,2,-1
20154100T3058,2,9,0,18,0,6,0,0,2,7,3,1,6,2,35,6,1390,1,9,-1,1,-1
20154100T3059,1,9,0,18,0,0,1,0,5,6,1,1,6,1,57,9,1798,1,8,-1,1,-1
20154100T3061,1,9,0,18,0,0,0,0,0,0,1,1,6,2,48,8,-1,-1,-1,-1,3,-1
20154100T3061,2,9,0,4,0,0,0,0,0,0,2,1,6,1,66,10,1968,2,8,-1,3,-1
20154100T3061,3,19,0,18,0,0,0,0,0,0,4,1,1,1,38,7,1910,2,8,-1,1,-1
20154100T3063,1,21,1,12,0,0,0,0,0,0,3,2,1,1,44,7,-1,-1,-1,-1,-1,-1
20154100T3063,2,9,0,18,0,0,1,0,2,7,4,1,2,1,48,8,1598,1,11,-1,1,-1
20154100T3065,1,9,0,18,0,8,1,0,1,7,1,1,6,1,19,4,1400,1,15,-1,1,-1
20154100T3065,2,9,0,18,0,8,1,0,1,7,2,1,6,2,38,7,1991,1,-1,-1,-1,-1
20154100T3067,1,21,1,4,0,0,0,0,0,0,2,1,1,1,46,8,11705,2,13,-1,-1,-1
20154100T3067,2,21,1,4,0,0,0,0,0,0,1,2,1,1,24,5,-1,-1,-1,-1,-1,-1
20154100T3067,3,21,1,4,0,0,0,0,0,0,2,1,1,1,34,6,10837,2,2,-1,1,-1
20154100T3068,1,9,0,18,0,0,0,0,5,6,1,1,6,2,42,7,1229,1,6,-1,1,-1
20154100T3070,1,19,0,18,0,0,0,0,0,0,1,1,1,1,22,5,-1,-1,-1,-1,-1,-1
20154100T3070,2,9,0,4,0,0,0,0,0,0,2,1,1,1,30,6,-1,-1,-1,-1,1,-1
20154100T3070,3,9,0,4,0,0,0,0,0,0,2,1,1,1,44,7,1461,2,4,-1,1,-1
20154100T3071,1,9,0,18,0,8,1,0,0,0,1,1,6,1,26,6,1248,2,4,-1,1,-1
20154100T3071,2,9,0,12,0,8,1,0,0,0,2,1,6,2,34,6,1596,1,14,-1,1,-1
20154100T3078,1,21,1,12,0,0,0,0,0,0,3,2,1,1,29,6,-1,-1,-1,-1,-1,-1
20154100T3078,2,9,0,18,0,0,1,0,5,6,4,1,2,2,27,6,999,1,1,-1,1,-1
20154100T3079,1,9,0,4,0,0,0,0,0,0,1,1,1,1,31,6,-1,-1,-1,-1,3,-1
20154100T3079,2,19,0,3,0,0,0,0,0,0,2,1,1,1,54,8,2198,2,2,-1,3,-1
20154100T3079,3,8,0,3,0,0,0,0,0,0,2,1,6,1,-1,-1,1896,2,6,-1,-1,-1
20154100T3082,1,21,1,18,0,0,0,0,1,7,4,2,1,1,41,7,-1,-1,-1,-1,-1,-1
20154100T3084,1,9,0,12,0,0,0,0,0,0,3,1,6,3,-1,-1,-1,-1,-1,-1,-1,-1
20154100T3084,2,9,0,18,0,0,0,0,0,0,4,1,6,1,36,7,1339,1,11,-1,1,-1
20154100T3084,3,9,0,18,0,0,0,0,0,0,2,1,6,1,35,6,1296,1,9,-1,1,-1
20154100T3085,1,21,1,12,0,0,0,0,0,0,3,2,1,1,37,7,-1,-1,-1,-1,-1,-1
20154100T3085,2,9,0,18,0,0,0,0,7,7,4,1,2,1,32,6,1598,1,6,-1,1,-1
20154100T3086,1,21,1,12,0,2,0,0,0,0,3,2,6,3,-1,-1,-1,-1,-1,-1,-1,-1
20154100T3086,2,9,0,18,0,2,0,0,4,6,4,1,6,1,65,9,-1,-1,-1,-1,2,-1
20154100T3091,1,21,1,12,0,0,0,0,0,0,3,2,1,1,29,6,-1,-1,-1,-1,-1,-1
20154100T3091,2,9,0,13,0,0,1,0,0,0,4,1,6,1,35,6,1560,2,-1,-1,-1,-1
20154100T3092,1,21,1,12,0,0,0,0,0,0,3,2,1,1,46,8,-1,-1,-1,-1,-1,-1
20154100T3092,2,9,0,13,0,0,1,0,2,7,4,1,6,2,30,6,1587,1,12,-1,1,-1
20154100T3095,1,9,0,18,0,0,0,0,0,0,1,1,6,1,19,4,1390,1,9,-1,1,-1
20154100T3095,2,9,0,18,0,0,0,0,5,7,4,1,1,1,30,6,2400,2,4,-1,-1,-1
20154100T3095,3,9,0,18,0,0,0,0,0,0,2,1,1,1,46,8,2400,2,4,-1,3,-1
20154100T3095,4,9,0,18,0,0,0,0,0,0,4,1,1,1,30,6,2400,2,2,-1,-1,-1
20154100T3095,5,9,0,18,0,0,0,0,0,0,0,1,1,1,40,7,1560,2,3,-1,-1,-1
20154100T3095,6,9,0,18,0,0,0,0,1,7,1,1,1,1,40,7,2400,2,4,-1,-1,-1
20154100T3095,7,9,0,18,0,0,0,0,0,0,0,1,1,1,35,6,2319,2,3,-1,-1,-1
20154100T3095,8,9,0,18,0,0,0,0,0,0,0,1,1,1,30,6,2993,2,2,-1,-1,-1
20154100T3096,1,19,0,3,0,0,0,0,0,0,2,1,2,1,25,5,1598,2,1,-1,1,-1
20154100T3096,2,19,0,3,0,0,0,0,0,0,2,1,2,1,36,7,1753,2,3,-1,2,-1
20154100T3096,3,9,0,4,0,0,0,0,0,0,2,1,2,1,36,7,1968,2,1,-1,1,-1
20154100T3096,4,9,0,4,0,0,0,0,0,0,1,1,2,2,31,6,1896,2,7,-1,-1,-1
20154100T3098,1,9,0,18,0,0,0,0,0,0,1,1,6,2,40,7,-1,-1,-1,-1,-1,-1