Accident_Index,Vehicle_Reference,Vehicle_Type,Towing_and_Articulation,Vehicle_Manoeuvre,Vehicle_Location-Restricted_Lane,Junction_Location,Skidding_and_Overturning,Hit_Object_in_Carriageway,Vehicle_Leaving_Carriageway,Hit_Object_off_Carriageway,1st_Point_of_Impact,Was_Vehicle_Left_Hand_Drive?,Journey_Purpose_of_Driver,Sex_of_Driver,Age_of_Driver,Age_Band_of_Driver,Engine_Capacity_(CC),Propulsion_Code,Age_of_Vehicle,Driver_IMD_Decile,Driver_Home_Area_Type,Vehicle_IMD_Decile
20154100T3098,2,9,0,3,0,0,0,0,0,0,2,1,6,1,-1,-1,-1,-1,-1,-1,-1,-1
20154100T3103,1,9,0,11,0,0,0,0,0,0,4,1,6,1,62,9,998,1,-1,-1,3,-1
20154100T3103,2,9,0,18,0,0,1,0,1,7,3,1,6,2,50,8,1598,1,12,-1,1,-1
20154100T3105,1,9,0,5,0,4,0,0,0,0,1,1,2,1,38,7,1997,2,3,-1,1,-1
20154100T3105,2,9,0,5,0,4,0,0,0,0,2,1,2,2,29,6,1390,1,12,-1,1,-1
20154100T3109,1,9,0,18,0,0,1,0,5,7,3,1,1,2,24,5,1329,1,4,-1,1,-1
20154100T3109,2,19,0,18,0,0,0,0,0,0,4,1,1,1,61,9,1968,2,-1,-1,1,-1
20154100T3111,1,21,1,18,0,0,0,0,0,0,3,2,1,1,62,9,-1,-1,-1,-1,-1,-1
20154100T3111,2,9,0,13,0,0,1,0,1,7,4,1,6,1,73,10,1229,1,5,-1,1,-1
20154100T3112,1,9,0,4,0,0,0,0,0,0,1,1,6,1,50,8,1389,1,14,-1,2,-1
20154100T3112,2,9,0,3,0,0,0,0,0,0,2,1,1,2,29,6,-1,-1,-1,-1,1,-1
20154100T3113,1,9,0,18,0,0,1,0,5,6,3,1,2,2,25,5,-1,-1,-1,-1,1,-1
20154100T3117,1,9,0,4,0,1,0,0,0,0,1,1,6,2,50,8,1560,2,1,-1,-1,-1
20154100T3117,2,9,0,4,0,1,0,0,0,0,2,2,6,1,40,7,-1,-1,-1,-1,1,-1
20154100T3117,3,9,0,4,0,1,0,0,0,0,1,1,6,1,35,6,1086,1,7,-1,-1,-1
20154100T3119,1,19,0,18,0,0,5,0,4,6,2,1,1,1,41,7,2477,2,6,-1,1,-1
20154100T3119,2,19,0,18,0,0,0,0,0,0,3,1,1,1,48,8,1753,2,2,-1,1,-1
20154100T3119,3,9,0,18,0,0,0,0,0,0,1,1,6,3,-1,-1,-1,-1,-1,-1,-1,-1
20154100T3121,1,21,1,18,0,0,0,0,0,0,1,1,1,1,50,8,12809,2,2,-1,1,-1
20154100T3121,2,20,0,3,0,0,0,0,0,0,2,1,1,1,58,9,-1,-1,-1,-1,1,-1
20154100T3121,3,20,0,3,0,0,0,0,0,0,2,1,1,1,38,7,-1,-1,-1,-1,1,-1
20154100T3122,1,5,0,18,0,0,0,0,0,0,3,1,2,1,29,6,1000,1,3,-1,1,-1
20154100T3122,2,19,0,18,0,0,0,0,0,0,4,1,2,1,54,8,1560,2,5,-1,1,-1
20154100T3122,3,9,0,18,0,0,0,0,0,0,2,1,2,1,44,7,1995,2,1,-1,1,-1
20154100T3123,1,21,1,12,0,0,0,0,0,0,1,2,1,1,35,6,-1,-1,-1,-1,-1,-1
20154100T3123,2,9,0,18,0,0,0,0,1,7,2,1,6,2,39,7,1587,1,9,-1,1,-1
20154100T3123,3,9,0,18,0,0,0,0,0,0,1,1,6,1,56,9,1795,1,17,-1,1,-1
20154100T3126,1,9,0,18,0,0,0,0,0,0,1,1,6,1,26,6,1590,1,13,-1,2,-1
20154100T3126,2,9,0,4,0,0,0,0,0,0,2,1,6,2,19,4,1242,1,3,-1,1,-1
20154100T3126,3,9,0,4,0,0,0,0,0,0,2,1,6,1,32,6,1198,1,6,-1,1,-1
20154100T3126,4,9,0,4,0,0,0,0,0,0,2,1,6,1,21,5,1560,2,1,-1,1,-1
20154100T3128,1,21,1,11,0,0,0,0,0,0,1,1,1,1,41,7,10837,2,4,-1,1,-1
20154100T3128,2,9,0,18,0,0,0,0,0,0,3,1,6,1,23,5,1587,1,14,-1,1,-1
20154100T3134,1,9,0,18,0,0,0,0,0,0,3,1,1,1,35,6,2143,2,3,-1,1,-1
20154100T3134,2,9,0,15,0,0,0,0,0,0,4,1,6,1,32,6,1598,2,3,-1,1,-1
20154100T3135,1,21,4,4,0,0,0,0,0,0,1,1,1,1,60,9,4764,2,8,-1,1,-1
20154100T3135,2,9,0,4,0,0,0,0,0,0,2,1,6,1,72,10,2544,1,15,-1,1,-1
20154100T3135,3,9,0,4,0,0,0,0,0,0,2,1,6,1,24,5,-1,-1,-1,-1,1,-1
20154100T3135,4,9,0,4,0,0,0,0,0,0,2,1,6,1,27,6,1781,1,23,-1,1,-1
20154100T3136,1,19,0,18,0,0,1,0,0,0,1,1,6,1,38,7,2198,2,1,-1,1,-1
20154100T3136,2,9,0,4,0,0,0,0,7,6,2,1,6,1,47,8,1229,1,3,-1,1,-1
20154100T3136,3,9,0,4,0,0,0,0,0,0,2,1,6,1,53,8,1997,1,1,-1,1,-1
20154100T3137,1,9,0,18,0,0,0,0,0,0,1,1,6,1,-1,-1,1686,2,12,-1,1,-1
20154100T3137,2,9,0,18,0,0,0,0,0,0,2,1,1,1,59,9,-1,-1,-1,-1,1,-1
20154100T3138,1,9,0,18,0,0,0,2,0,0,1,1,6,1,-1,-1,2494,2,1,-1,-1,-1
20154100T3143,1,9,0,15,0,8,0,0,0,0,3,1,6,2,55,8,1396,1,5,-1,1,-1
20154100T3143,2,9,0,18,0,8,0,9,0,0,4,1,6,1,24,5,1364,2,1,-1,1,-1
20154100T3144,1,19,0,18,0,0,0,0,0,0,1,1,1,1,51,8,1598,2,1,-1,-1,-1
20154100T3144,2,9,0,4,0,0,0,0,0,0,2,1,1,1,52,8,-1,-1,-1,-1,2,-1
20154100T3144,3,9,0,4,0,0,0,0,0,0,2,1,1,1,63,9,2000,2,6,-1,3,-1
20154100T3144,4,8,0,4,0,0,0,0,0,0,2,1,1,1,48,8,2143,2,-1,-1,1,-1
20154100T3144,5,20,0,4,0,0,0,0,0,0,2,1,1,1,55,8,-1,-1,-1,-1,1,-1
20154100T3144,6,9,0,4,0,0,0,0,0,0,2,1,6,1,58,9,2993,2,8,-1,1,-1
20154100T3144,7,9,0,4,0,0,0,0,0,0,2,1,1,1,41,7,2179,2,1,-1,1,-1
20154100T3144,8,19,0,18,0,0,0,0,0,0,1,1,1,1,26,6,2198,2,-1,-1,1,-1
20154100T3145,1,21,1,12,0,0,0,0,0,0,3,2,1,1,21,5,-1,-1,-1,-1,-1,-1
20154100T3145,2,9,0,18,0,0,1,0,4,6,4,1,6,2,24,5,1242,1,1,-1,1,-1
20154100T3145,3,9,0,18,0,0,1,0,4,6,1,1,6,1,45,7,1995,2,7,-1,2,-1
20154100T3147,1,5,0,18,0,0,0,0,0,0,4,1,6,1,52,8,1050,1,6,-1,1,-1
20154100T3148,1,19,0,18,0,0,0,0,0,0,1,1,1,1,32,6,2143,2,-1,-1,1,-1
20154100T3148,2,19,0,4,0,0,0,0,0,0,2,1,1,1,26,6,2999,2,-1,-1,1,-1
20154100T3148,3,9,0,4,0,0,0,0,0,0,2,1,1,1,55,8,-1,-1,-1,-1,1,-1
20154100T3149,1,5,0,15,0,0,0,0,0,0,3,1,2,1,25,5,750,1,9,-1,1,-1
20154100T3149,2,9,0,11,0,0,0,0,0,0,4,1,1,1,39,7,-1,-1,-1,-1,1,-1
20154100T3149,3,9,0,18,0,0,0,0,0,0,2,1,6,1,54,8,2179,2,3,-1,1,-1
20154100T3149,4,21,1,18,0,0,0,0,0,0,3,1,1,1,43,7,12809,2,3,-1,3,-1
20154100T3150,1,9,0,18,0,0,1,0,0,0,0,1,2,1,26,6,1995,1,4,-1,-1,-1
20154100T3153,1,9,0,18,0,0,0,0,0,0,1,1,1,1,65,9,2143,2,5,-1,1,-1
20154100T3153,2,9,0,4,0,0,0,0,0,0,2,1,6,1,29,6,2698,2,7,-1,1,-1
20154100T3155,1,9,0,18,0,0,0,0,0,0,1,1,6,1,30,6,2993,2,2,-1,-1,-1
20154100T3155,2,9,0,4,0,0,0,0,0,0,2,1,2,1,28,6,-1,-1,-1,-1,1,-1
20154100T3158,1,10,0,18,0,0,0,0,2,7,1,2,1,1,45,7,-1,-1,-1,-1,-1,-1
20154100T3160,1,9,0,18,0,0,1,0,7,2,2,1,6,2,21,5,1229,1,2,-1,1,-1
20154100T3161,1,9,0,18,0,0,0,0,0,0,0,1,6,1,32,6,1600,1,-1,-1,1,-1
20154100T3161,2,9,0,11,0,0,1,0,5,6,3,1,6,1,33,6,1997,1,11,-1,1,-1
20154100T3162,1,21,1,18,0,1,0,0,0,0,2,1,1,1,60,9,12777,2,-1,-1,1,-1
20154100T3162,2,9,0,12,0,1,0,0,0,0,2,1,6,2,59,9,1896,2,7,-1,1,-1
20154100T3164,1,21,1,12,0,0,0,0,0,0,3,1,1,1,33,6,12902,2,2,-1,1,-1
20154100T3164,2,9,0,18,0,0,5,0,4,6,4,1,6,1,32,6,1229,1,3,-1,3,-1
20154100T3165,1,19,0,4,0,0,0,0,0,0,2,1,1,1,39,7,1996,2,4,-1,1,-1
20154100T3165,2,9,0,4,0,0,0,0,0,0,1,1,1,1,43,7,1598,2,-1,-1,1,-1
20154100T3167,1,9,0,18,0,0,2,0,5,6,4,1,6,1,19,4,1586,1,-1,-1,1,-1
20154100T3167,2,9,4,18,0,0,0,0,0,0,3,1,6,2,50,8,2500,2,11,-1,1,-1
20154100T3170,1,9,0,18,0,0,0,0,0,0,1,1,2,2,24,5,999,1,7,-1,1,-1
20154100T3170,2,9,0,18,0,0,0,0,0,0,1,1,6,1,30,6,1998,1,12,-1,1,-1
20154100T3170,3,9,0,18,0,0,0,0,0,0,1,1,6,1,58,9,-1,-1,-1,-1,1,-1
20154100T3170,4,9,0,4,0,0,0,0,0,0,2,1,2,1,60,9,1968,2,4,-1,1,-1
20154100T3170,5,9,0,4,0,0,0,0,0,0,2,1,2,1,44,7,1796,1,8,-1,3,-1
20154100T3171,1,19,0,18,0,0,0,0,0,0,1,1,6,1,53,8,1998,2,9,-1,-1,-1
20154100T3171,2,9,0,4,0,0,0,0,0,0,2,1,1,1,26,6,1124,1,13,-1,1,-1
20154100T3172,1,5,0,4,0,0,0,0,0,0,0,1,6,1,52,8,-1,-1,-1,-1,3,-1
20154100T3179,1,21,1,11,0,1,0,0,0,0,1,1,1,1,43,7,10837,2,3,-1,1,-1
20154100T3179,2,9,0,4,0,1,0,0,5,6,3,1,1,1,49,8,-1,-1,-1,-1,1,-1
20154100T3181,1,9,0,4,0,1,0,0,0,0,1,1,6,1,56,9,1998,1,18,-1,1,-1
20154100T3181,2,9,0,3,0,1,0,0,0,0,2,1,6,1,43,7,1968,2,9,-1,1,-1
20154100T3181,3,9,0,3,0,1,0,0,0,0,2,1,6,1,35,6,2143,2,3,-1,1,-1
20154100T3182,1,9,0,4,0,0,0,0,0,0,1,1,2,1,36,7,1390,1,5,-1,1,-1
20154100T3182,2,9,0,3,0,0,0,0,0,0,2,1,1,1,64,9,1598,1,10,-1,1,-1
20154100T3182,3,19,0,3,0,0,0,0,0,0,2,1,1,1,70,10,2198,2,-1,-1,1,-1
20154100T3185,1,9,0,18,0,1,0,0,0,0,1,1,1,1,37,7,1896,1,17,-1,1,-1
20154100T3185,2,9,0,3,0,1,0,0,0,0,2,1,6,2,58,9,998,1,1,-1,1,-1
20154100T3191,1,9,0,11,0,0,1,0,0,0,1,1,6,1,29,6,1995,2,4,-1,1,-1
20154100T3191,2,9,0,4,0,0,0,0,0,0,2,1,6,1,21,5,1995,2,7,-1,1,-1
20154100T3191,3,9,0,4,0,0,0,0,0,0,1,1,6,2,18,4,1242,1,2,-1,1,-1
20154100T3192,1,9,0,17,0,8,2,0,1,10,4,1,6,1,46,8,998,1,11,-1,1,-1
20154100T3197,1,9,0,4,0,0,0,0,0,0,1,1,6,2,28,6,1598,1,9,-1,1,-1
20154100T3197,2,9,0,4,0,0,0,0,0,0,2,1,6,2,33,6,1596,1,13,-1,3,-1
20154100T3197,3,9,0,4,0,0,0,0,0,0,2,1,6,2,24,5,1598,2,3,-1,1,-1
20154100T3198,1,9,0,11,0,0,0,0,0,0,4,1,6,2,30,6,1984,1,12,-1,1,-1
20154100T3198,2,9,0,18,0,0,0,0,0,0,3,1,6,1,65,9,1197,1,2,-1,1,-1
20154100T3199,1,9,0,11,0,0,0,0,0,0,1,1,6,1,31,6,-1,-1,-1,-1,1,-1
20154100T3199,2,19,0,18,0,0,1,0,0,0,3,1,1,1,34,6,2198,2,1,-1,1,-1
20154100T3199,3,9,0,11,0,0,0,0,0,0,4,1,6,1,55,8,1364,1,5,-1,3,-1
20154100T3199,4,9,0,3,0,0,0,0,4,6,2,1,6,1,47,8,2231,2,8,-1,1,-1
20154100T3199,5,9,0,3,0,0,0,0,0,0,2,1,6,2,59,9,875,1,2,-1,1,-1
20154100T3199,6,9,0,3,0,0,0,0,0,0,2,1,6,2,45,7,999,1,-1,-1,1,-1
20154100T3200,1,21,1,12,0,0,0,0,0,0,3,2,1,1,43,7,-1,-1,-1,-1,-1,-1
20154100T3200,2,9,0,18,0,0,0,0,4,6,4,1,2,1,33,6,1299,1,14,-1,1,-1
20154100T3201,1,9,0,12,0,0,1,0,5,6,1,1,2,2,27,6,1398,1,-1,-1,1,-1
20154100T3201,2,9,0,18,0,0,0,0,0,0,3,1,2,1,50,8,-1,-1,-1,-1,1,-1
20154100T3203,1,9,0,11,0,5,1,0,1,7,3,1,6,2,18,4,1242,1,1,-1,1,-1
20154100T3205,1,21,1,12,0,0,0,0,0,0,4,1,1,2,26,6,12740,2,5,-1,1,-1
20154100T3205,2,9,0,18,0,0,0,0,0,0,3,1,6,1,25,5,1390,1,11,-1,1,-1
20154100T3205,3,9,0,18,0,0,0,0,0,0,1,1,6,1,40,7,-1,-1,-1,-1,2,-1
20154100T3206,1,21,1,12,0,0,4,0,0,0,3,1,1,1,42,7,10308,2,1,-1,1,-1
2015420031274,1,9,-1,-1,-1,0,-1,-1,-1,0,-1,1,5,1,57,9,1596,1,15,-1,1,-1
2015420031274,2,9,-1,-1,-1,0,-1,-1,-1,0,-1,1,3,2,30,6,1596,1,13,-1,1,-1
2015420031281,1,98,1,18,0,0,0,0,0,0,1,1,6,1,-1,-1,14190,2,14,-1,-1,-1
2015420031281,2,98,0,18,0,0,0,0,0,0,1,1,1,1,46,8,12130,2,13,-1,-1,-1
2015420031284,1,9,0,18,0,0,0,0,7,0,1,1,6,1,31,6,1753,2,14,-1,2,-1
2015420031292,1,8,0,1,0,7,0,0,0,0,3,2,1,1,38,7,1997,2,8,-1,-1,-1
2015420031293,1,9,0,18,0,0,1,0,1,0,1,1,6,2,22,5,1248,1,2,-1,-1,-1
2015420031293,2,9,0,13,0,0,0,0,0,0,1,1,6,3,-1,-1,-1,-1,-1,-1,-1,-1
2015420031295,1,9,0,18,0,0,0,0,0,0,4,1,5,2,65,9,1796,1,8,-1,3,-1
2015420031296,1,9,0,14,0,1,0,0,0,0,1,1,2,1,45,7,1850,1,14,-1,1,-1
2015420031296,2,3,0,18,0,1,0,0,0,0,1,1,2,1,31,6,124,1,6,-1,1,-1
2015420031302,1,9,0,18,0,0,1,0,2,0,1,1,6,2,21,5,1124,1,16,-1,2,-1
2015420031302,2,9,0,18,0,0,1,0,2,0,1,1,6,1,51,8,1997,2,6,-1,3,-1
2015420031379,1,19,0,12,0,8,0,0,0,0,1,2,1,1,59,9,-1,-1,-1,-1,-1,-1
2015420031379,2,19,0,11,0,8,0,0,0,0,3,1,1,1,23,5,2298,2,4,-1,1,-1
2015420031381,1,9,0,18,0,0,0,0,0,0,1,1,6,1,83,11,2497,1,13,-1,2,-1
2015420031381,2,9,0,18,0,0,0,0,0,0,2,1,6,1,29,6,1800,1,16,-1,1,-1
2015420031382,1,9,0,5,0,0,0,0,0,0,3,1,6,2,45,7,1397,1,15,-1,1,-1
2015420031382,2,9,0,18,0,0,0,0,0,0,4,1,6,2,27,6,1360,1,12,-1,1,-1
2015420031385,1,9,0,18,0,0,0,0,0,0,1,1,6,1,30,6,-1,-1,-1,-1,-1,-1
2015420031385,2,9,0,4,0,0,0,0,0,0,2,1,5,2,26,6,1997,2,4,-1,1,-1
2015420031386,1,9,0,4,0,0,0,0,0,0,1,1,6,3,-1,-1,-1,-1,-1,-1,-1,-1
2015420031388,1,9,0,18,0,1,0,0,0,0,1,1,5,2,27,6,1388,1,12,-1,3,-1
2015420031388,2,9,0,4,0,1,0,0,0,0,2,1,2,2,48,8,1995,1,8,-1,1,-1
2015420031389,1,9,0,18,0,3,0,0,0,0,0,1,5,1,25,5,1242,1,13,-1,1,-1
2015420031389,2,2,0,18,0,3,0,0,0,0,1,1,5,1,16,4,49,1,-1,-1,2,-1
2015420031390,1,9,0,18,0,0,5,0,0,0,1,1,6,1,24,5,1149,1,11,-1,1,-1
2015420031390,2,9,0,2,0,0,0,0,0,0,1,1,6,3,-1,-1,-1,-1,-1,-1,-1,-1
2015420031390,3,9,0,2,0,0,0,0,0,0,1,1,6,3,-1,-1,-1,-1,-1,-1,-1,-1
2015420031390,4,9,0,2,0,0,0,0,0,0,2,1,6,3,-1,-1,-1,-1,-1,-1,-1,-1
2015420031394,1,3,0,4,0,0,5,0,0,0,0,1,6,1,35,6,125,1,8,-1,1,-1
2015420031405,1,9,0,18,0,4,0,0,0,0,1,1,6,2,48,8,1995,2,2,-1,1,-1
2015420031405,2,1,0,18,0,8,0,0,0,0,3,1,6,1,37,7,-1,-1,-1,-1,1,-1
2015420031436,1,9,0,5,0,1,0,0,0,0,1,1,5,1,20,4,1229,1,6,-1,1,-1
2015420031436,2,9,0,3,0,1,0,0,0,0,2,1,3,2,29,6,1598,1,10,-1,1,-1
2015420031465,1,9,0,18,0,7,1,0,3,9,1,1,2,1,22,5,1600,1,15,-1,2,-1
2015420031465,2,9,0,18,0,1,0,0,0,0,3,1,5,1,26,6,1988,1,13,-1,1,-1
2015420031466,1,3,0,5,0,4,1,0,0,0,3,1,2,1,18,4,124,1,12,-1,1,-1
2015420031467,1,2,0,13,0,0,0,0,0,0,1,1,6,1,16,4,49,1,5,-1,3,-1
2015420031472,1,9,0,18,7,2,0,0,1,0,1,1,5,1,77,11,1988,1,18,-1,1,-1
2015420031472,2,19,0,2,6,8,0,0,0,0,2,1,1,1,58,9,1399,2,5,-1,1,-1
2015420031472,3,9,0,2,6,8,0,0,0,0,4,1,6,3,-1,-1,-1,-1,-1,-1,-1,-1
2015420031479,1,9,0,6,0,8,0,0,0,0,4,1,5,2,19,4,1242,1,6,-1,-1,-1
2015420031479,2,9,0,18,0,8,0,0,0,0,1,1,1,2,36,7,1598,1,12,-1,1,-1
2015420031483,1,9,0,18,0,0,0,0,0,0,1,1,1,1,44,7,1798,1,14,-1,1,-1
2015420031484,1,9,0,12,0,0,0,0,0,0,0,1,6,3,-1,-1,-1,-1,-1,-1,-1,-1
2015420031484,2,9,0,18,0,0,1,0,1,0,3,1,1,1,46,8,1796,1,7,-1,1,-1
2015420031485,1,9,0,18,0,4,5,10,0,0,1,1,5,1,35,6,1461,2,1,-1,1,-1
2015420031551,1,9,0,16,0,0,1,0,1,4,4,1,6,2,47,8,1587,1,13,-1,1,-1
2015420031554,1,21,1,12,0,0,0,0,0,0,1,2,1,1,55,8,-1,-1,-1,-1,-1,-1
2015420031554,2,9,0,13,0,0,1,0,0,0,4,1,5,1,49,8,1968,2,8,-1,1,-1
2015420031555,1,98,1,12,0,0,0,0,0,0,3,1,1,1,44,7,-1,-1,-1,-1,-1,-1
2015420031555,2,9,0,18,0,0,0,0,0,0,4,1,1,2,41,7,1388,1,6,-1,1,-1
2015420031558,1,9,0,18,0,0,1,0,0,0,1,1,2,1,19,4,1388,1,13,-1,1,-1
2015420031558,2,98,0,18,0,0,0,0,0,0,1,1,1,1,55,8,-1,-1,-1,-1,1,-1
2015420031559,1,9,0,17,0,1,1,0,0,0,1,1,1,1,34,6,1998,2,9,-1,1,-1
2015420031559,2,9,0,16,0,2,0,0,1,0,1,1,5,2,38,7,1997,2,7,-1,2,-1
2015420031561,1,9,0,18,0,1,0,0,0,0,1,1,5,2,48,8,998,1,3,-1,1,-1
2015420031561,2,9,0,10,0,2,0,0,0,0,3,1,5,2,26,6,2143,2,4,-1,1,-1
2015420031566,1,9,0,18,0,0,0,0,1,0,1,1,5,1,31,6,1397,1,13,-1,1,-1
2015420031566,2,9,0,18,0,0,0,0,0,0,1,1,6,1,32,6,1390,1,9,-1,1,-1
2015420031567,1,9,0,18,0,0,5,0,0,0,1,1,2,1,28,6,1998,1,10,-1,1,-1
2015420031567,2,9,0,2,0,0,0,0,0,0,1,1,6,3,-1,-1,-1,-1,-1,-1,-1,-1
2015420031570,1,9,0,18,0,8,0,0,0,0,1,1,6,1,17,4,1242,1,1,-1,-1,-1
2015420031570,2,9,0,18,0,8,0,0,0,0,4,1,6,2,45,7,1560,2,1,-1,1,-1
2015420031576,1,9,0,18,0,4,0,7,2,0,1,1,6,1,22,5,1799,1,6,-1,3,-1
2015420031576,2,9,0,18,0,4,0,0,0,0,1,1,5,2,42,7,1496,2,-1,-1,2,-1
2015420031577,1,9,0,18,0,8,0,0,0,0,3,1,5,2,36,7,1796,1,10,-1,1,-1
2015420031577,2,9,0,18,0,3,0,0,0,0,4,1,5,1,39,7,1998,1,7,-1,1,-1
2015420031578,1,9,-1,13,0,1,0,0,0,0,1,1,6,1,30,6,-1,-1,-1,-1,-1,-1
2015420031578,2,1,0,18,0,1,0,0,1,0,2,1,5,2,18,4,-1,-1,-1,-1,1,-1
2015420031579,1,9,0,18,0,0,1,0,0,0,1,1,2,1,22,5,998,1,9,-1,1,-1
2015420031579,2,9,0,18,0,0,1,0,0,0,2,1,2,2,44,7,1497,8,-1,-1,-1,-1
2015420031580,1,9,0,18,0,0,0,0,0,0,4,1,5,2,67,10,1229,1,10,-1,1,-1
2015420031580,2,21,1,2,6,0,0,0,0,0,0,1,1,1,56,9,10837,2,4,-1,1,-1
2015420031580,3,19,0,18,0,0,0,4,0,0,1,1,5,1,38,7,2299,2,4,-1,1,-1
2015420031582,1,3,0,15,0,1,1,0,0,0,1,1,2,1,19,4,125,1,3,-1,1,-1
2015420031582,2,8,0,7,0,8,0,0,0,0,3,1,1,1,50,8,1753,2,12,-1,1,-1
2015420031582,3,9,0,3,0,1,0,0,0,0,0,1,2,1,57,9,1798,1,5,-1,1,-1
2015420031582,4,9,0,3,0,1,0,0,0,0,0,1,1,1,46,8,1968,2,-1,-1,-1,-1
2015420031595,1,19,0,18,0,2,0,0,0,0,1,1,6,1,33,6,2198,2,5,-1,1,-1
2015420031595,2,19,0,18,0,1,0,0,1,0,2,1,6,1,34,6,-1,-1,-1,-1,1,-1
2015420031608,1,98,0,18,0,8,0,0,0,0,1,1,6,1,32,6,1598,2,-1,-1,1,-1
2015420031608,2,9,0,18,0,8,0,0,0,0,3,1,6,1,66,10,999,1,-1,-1,2,-1
2015420031625,1,9,0,18,0,1,0,0,0,0,1,1,5,1,80,11,1242,1,17,-1,2,-1
2015420031625,2,2,0,10,0,1,0,0,0,0,2,1,6,2,18,4,49,1,2,-1,1,-1
2015420031634,1,9,0,18,0,4,0,0,0,0,3,1,5,2,89,11,999,1,1,-1,1,-1
2015420031634,2,9,0,9,0,8,0,0,0,0,1,1,6,1,59,9,1968,2,1,-1,1,-1
2015420031635,1,9,0,18,0,0,0,0,0,0,1,1,6,1,25,5,998,1,6,-1,1,-1
2015420031635,2,9,0,18,0,0,0,0,0,0,2,1,6,1,27,6,1998,1,7,-1,1,-1
2015420031635,3,9,0,18,0,0,0,0,0,0,1,1,6,1,53,8,1598,2,-1,-1,-1,-1
2015420031638,1,11,0,5,0,1,0,0,0,0,1,1,1,1,63,9,-1,2,5,-1,2,-1
2015420031639,1,19,0,18,0,0,0,0,0,0,1,1,1,1,27,6,1560,2,5,-1,-1,-1
2015420031640,1,9,0,18,0,8,1,0,0,0,1,1,5,1,24,5,1275,1,17,-1,1,-1
2015420031640,2,9,0,3,0,8,0,0,0,0,2,1,6,1,20,4,1229,1,4,-1,1,-1
2015420031641,1,9,0,5,5,0,0,0,0,0,1,1,2,1,46,8,-1,-1,-1,-1,1,-1
2015420031642,1,9,0,16,0,0,1,0,8,4,1,1,5,2,82,11,1396,1,2,-1,2,-1
2015420031645,1,9,0,9,0,3,0,0,0,0,2,1,2,1,27,6,1995,2,4,-1,1,-1
2015420031645,2,9,0,9,0,3,0,4,0,0,1,1,2,1,48,8,1998,1,6,-1,2,-1
2015420031647,1,98,-1,-1,-1,-1,-1,-1,-1,0,3,1,5,1,69,10,-1,-1,-1,-1,3,-1
2015420031647,2,9,0,-1,-1,-1,-1,-1,-1,0,3,1,5,2,21,5,1248,2,2,-1,1,-1
2015420031648,1,9,0,9,0,8,0,0,0,0,4,1,6,2,80,11,1984,1,13,-1,1,-1
2015420031648,2,9,0,18,0,8,0,0,0,0,1,1,6,1,69,10,1560,2,9,-1,3,-1
2015420031649,1,9,0,18,0,0,2,0,1,0,4,1,5,1,62,9,1783,1,14,-1,1,-1
2015420031649,2,9,0,18,0,0,0,0,0,0,3,1,6,1,40,7,1596,1,7,-1,1,-1
2015420031651,1,9,0,9,0,0,0,0,0,0,1,1,5,1,82,11,1598,1,4,-1,1,-1
2015420031651,2,1,0,18,4,0,2,0,0,0,3,1,6,1,32,6,-1,-1,-1,-1,1,-1
2015420031655,1,9,0,18,0,8,0,0,0,0,1,1,6,1,72,10,1490,1,7,-1,1,-1
2015420031655,2,9,0,3,0,1,0,0,0,0,2,1,6,2,32,6,998,1,1,-1,2,-1
2015420031656,1,9,0,16,0,0,1,0,1,4,1,1,5,2,27,6,1598,1,9,-1,1,-1
2015420031657,1,9,0,18,0,2,0,0,0,0,1,1,1,2,30,6,1248,1,2,-1,1,-1
2015420031657,2,9,0,2,0,2,0,0,0,0,3,1,5,1,38,7,1598,1,5,-1,1,-1
2015420031657,3,9,0,2,0,2,0,0,0,0,2,1,5,1,45,7,1598,1,2,-1,1,-1
2015420031658,1,9,0,18,0,8,0,0,0,0,1,1,6,3,35,6,-1,-1,-1,-1,-1,-1
2015420031658,2,1,0,18,0,8,0,0,0,0,3,1,6,1,21,5,-1,-1,-1,-1,1,-1
2015420031660,1,9,0,9,0,6,0,0,0,0,3,1,6,2,77,11,1197,1,-1,-1,1,-1
2015420031660,2,9,0,18,0,1,0,0,0,0,1,1,6,2,40,7,1783,1,12,-1,1,-1
2015420031661,1,9,0,7,0,1,0,0,0,0,1,1,3,2,40,7,1197,1,-1,-1,1,-1
2015420031661,2,1,0,18,0,1,1,0,1,0,1,1,2,1,27,6,-1,-1,-1,-1,-1,-1
2015420031662,1,9,0,4,0,0,0,0,0,0,1,1,6,1,59,9,1686,2,4,-1,1,-1
2015420031663,1,9,0,18,0,0,0,0,0,0,1,1,6,2,27,6,1242,1,7,-1,-1,-1
2015420031666,1,9,0,18,0,0,0,4,0,0,1,1,5,2,59,9,1989,1,16,-1,1,-1
2015420031666,2,9,0,2,0,0,0,4,0,0,2,1,6,3,-1,-1,-1,-1,-1,-1,-1,-1
2015420031666,3,9,0,2,0,0,0,4,0,0,2,1,6,3,-1,-1,-1,-1,-1,-1,-1,-1
2015420031666,4,9,0,2,0,0,0,4,0,0,1,1,6,3,-1,-1,-1,-1,-1,-1,-1,-1
2015420031666,5,9,0,2,0,0,0,0,0,0,1,1,6,3,-1,-1,-1,-1,-1,-1,-1,-1
2015420031669,1,8,0,4,0,8,0,0,0,0,1,1,1,1,65,9,2148,2,5,-1,1,-1