Accident_Index,Vehicle_Reference,Vehicle_Type,Towing_and_Articulation,Vehicle_Manoeuvre,Vehicle_Location-Restricted_Lane,Junction_Location,Skidding_and_Overturning,Hit_Object_in_Carriageway,Vehicle_Leaving_Carriageway,Hit_Object_off_Carriageway,1st_Point_of_Impact,Was_Vehicle_Left_Hand_Drive?,Journey_Purpose_of_Driver,Sex_of_Driver,Age_of_Driver,Age_Band_of_Driver,Engine_Capacity_(CC),Propulsion_Code,Age_of_Vehicle,Driver_IMD_Decile,Driver_Home_Area_Type,Vehicle_IMD_Decile
2015420031669,2,9,0,5,0,8,0,0,0,0,4,1,5,1,74,10,996,1,2,-1,1,-1
2015420031672,1,9,0,16,0,0,0,0,0,0,1,1,5,2,70,10,1248,1,-1,-1,1,-1
2015420031672,2,9,0,17,0,0,0,0,0,0,4,1,6,2,17,4,998,1,6,-1,3,-1
2015420031674,1,9,0,17,0,0,1,0,8,0,1,1,6,3,25,5,1796,1,13,-1,-1,-1
2015420031674,2,9,0,18,0,0,0,0,0,0,1,1,6,1,36,7,1242,1,-1,-1,1,-1
2015420031676,1,9,0,18,0,0,0,0,0,0,4,1,6,1,76,11,1796,1,14,-1,2,-1
2015420031676,2,1,0,18,0,0,0,0,0,0,3,1,6,1,20,4,-1,-1,-1,-1,2,-1
2015420031677,1,9,0,1,5,0,0,0,0,0,4,1,6,1,44,7,1998,2,12,-1,-1,-1
2015420031679,1,9,0,17,0,0,0,0,2,4,1,1,5,1,25,5,1870,2,10,-1,1,-1
2015420031684,1,9,0,18,0,1,0,0,0,0,1,1,6,1,-1,-1,-1,-1,-1,-1,-1,-1
2015420031684,2,9,0,3,0,1,0,0,0,0,2,1,5,1,37,7,1596,1,7,-1,1,-1
2015420031684,3,9,0,3,0,4,0,0,0,0,2,1,6,2,36,7,1956,2,2,-1,2,-1
2015420031686,1,9,0,1,0,5,0,0,0,0,2,1,5,1,40,7,1600,1,2,-1,3,-1
2015420031687,1,9,0,18,0,0,0,0,1,2,1,1,6,2,41,7,1596,1,10,-1,1,-1
2015420031687,2,9,0,18,0,0,0,0,0,0,1,2,1,1,34,6,-1,-1,-1,-1,-1,-1
2015420031689,1,9,0,9,0,0,0,0,0,0,4,1,6,2,74,10,1149,1,11,-1,1,-1
2015420031689,2,9,0,18,0,0,0,0,1,10,3,1,6,2,25,5,2461,2,7,-1,1,-1
2015420031689,3,9,0,2,9,0,0,0,0,0,4,1,6,3,-1,-1,-1,-1,-1,-1,-1,-1
2015420031689,4,9,0,2,9,0,0,0,0,0,4,1,6,3,-1,-1,-1,-1,-1,-1,-1,-1
2015420031693,1,9,0,18,0,0,0,0,0,0,1,1,6,1,40,7,1560,2,-1,-1,1,-1
2015420031693,2,9,0,4,0,0,0,0,0,0,2,1,6,1,22,5,1000,1,-1,-1,-1,-1
2015420031693,3,9,0,4,0,0,0,0,0,0,2,1,6,2,47,8,1956,2,1,-1,2,-1
2015420031696,1,9,0,18,0,0,0,4,0,0,1,1,6,2,19,4,1248,1,6,-1,1,-1
2015420031696,2,9,0,2,0,0,0,0,0,0,1,1,6,3,-1,-1,-1,-1,-1,-1,-1,-1
2015420031729,1,1,0,12,0,0,5,0,0,0,1,1,1,2,20,4,-1,-1,-1,-1,1,-1
2015420031729,2,11,0,18,0,0,0,0,0,0,1,1,1,1,55,8,7300,2,4,-1,1,-1
2015420031763,1,9,0,18,0,0,0,4,0,0,1,1,5,2,37,7,2231,2,8,-1,1,-1
2015420031763,2,9,0,18,0,0,0,0,0,0,1,1,5,1,46,8,998,1,1,-1,-1,-1
2015420031763,3,9,0,2,0,0,0,0,0,0,1,1,5,2,56,9,1197,1,3,-1,1,-1
2015420031765,1,9,0,11,0,8,0,0,0,0,4,1,5,2,30,6,1124,1,11,-1,1,-1
2015420031765,2,9,0,18,0,8,0,0,0,0,1,1,6,1,32,6,1461,2,4,-1,1,-1
2015420031770,1,4,0,18,0,0,0,0,0,0,1,1,2,1,29,6,499,1,15,-1,2,-1
2015420031770,2,8,0,3,0,0,0,0,0,0,2,1,1,2,50,8,1995,2,2,-1,1,-1
2015420031772,1,9,0,18,0,2,0,0,0,0,1,1,6,2,32,6,1796,1,9,-1,-1,-1
2015420031775,1,5,0,18,0,8,0,0,0,0,4,1,5,1,26,6,599,1,7,-1,2,-1
2015420031776,1,9,0,18,0,0,0,0,0,0,1,1,5,1,21,5,999,1,3,-1,1,-1
2015420031776,2,11,0,3,0,0,0,0,0,0,0,1,1,1,35,6,5900,2,10,-1,-1,-1
2015420031778,1,9,0,18,0,0,0,0,0,0,1,1,6,1,78,11,1229,1,10,-1,3,-1
2015420031778,2,9,0,4,0,0,0,0,0,0,2,1,6,1,36,7,1499,2,-1,-1,1,-1
2015420031778,3,9,0,4,0,0,0,0,0,0,2,1,6,1,46,8,1796,1,11,-1,1,-1
2015420031834,1,9,0,5,0,6,0,0,0,0,3,1,5,1,74,10,1386,1,9,-1,1,-1
2015420031834,2,5,0,18,0,1,2,0,0,0,1,1,2,2,48,8,749,1,8,-1,2,-1
2015420031840,1,1,0,9,0,4,0,0,0,0,1,1,6,1,38,7,-1,-1,-1,-1,1,-1
2015420031840,2,9,0,18,0,3,0,0,0,0,1,1,6,2,73,10,1596,1,6,-1,1,-1
2015420031855,1,9,0,18,0,1,0,0,1,4,1,1,5,1,23,5,1200,1,-1,-1,1,-1
2015420031859,1,9,0,18,0,0,0,10,1,3,1,1,5,2,78,11,1995,2,-1,-1,1,-1
2015420031860,1,90,0,18,0,1,0,0,0,0,1,1,2,1,27,6,-1,-1,-1,-1,1,-1
2015420031860,2,9,0,4,0,1,0,0,0,0,2,1,6,1,54,8,1343,1,11,-1,1,-1
2015420031861,1,98,0,18,0,0,0,0,0,0,4,1,1,1,24,5,2198,2,1,-1,1,-1
2015420031862,1,9,0,18,0,0,2,0,1,0,4,1,2,1,27,6,1299,1,15,-1,1,-1
2015420031865,1,9,0,18,0,2,0,0,0,0,1,1,2,1,64,9,-1,-1,-1,-1,2,-1
2015420031866,1,9,0,4,0,0,0,4,0,0,1,1,6,1,43,7,1596,1,1,-1,1,-1
2015420031866,2,9,0,4,0,0,0,0,0,0,2,1,5,2,18,4,-1,-1,-1,-1,1,-1
2015420031867,1,2,0,18,0,1,0,0,0,0,1,1,6,1,16,4,49,1,15,-1,1,-1
2015420031867,2,98,0,9,0,1,0,0,0,0,3,1,1,1,44,7,2198,2,1,-1,1,-1
2015420031868,1,9,0,3,0,0,0,0,0,0,1,1,6,1,21,5,1799,1,7,-1,1,-1
2015420031868,2,9,0,3,0,0,0,0,0,0,2,1,6,1,40,7,1999,1,9,-1,1,-1
2015420031868,3,9,0,3,0,0,0,0,0,0,2,1,6,1,48,8,1995,2,2,-1,1,-1
2015420031869,1,9,0,18,0,1,0,0,0,0,1,1,6,2,32,6,1798,1,3,-1,2,-1
2015420031869,2,1,0,18,0,8,0,0,0,0,1,1,6,1,30,6,-1,-1,-1,-1,-1,-1
2015420031877,1,9,0,5,0,2,0,0,0,0,1,1,5,1,47,8,-1,-1,-1,-1,2,-1
2015420031877,2,9,0,18,0,2,0,0,0,0,3,1,5,2,74,10,1749,1,13,-1,1,-1
2015420031939,1,-1,-1,18,0,7,0,0,0,0,3,1,6,3,-1,-1,-1,-1,-1,-1,-1,-1
2015420031951,1,9,0,18,0,0,0,0,0,0,1,1,6,2,40,7,2400,2,4,-1,1,-1
2015420031951,2,9,0,18,0,0,0,0,0,0,2,1,2,1,45,7,1968,2,1,-1,1,-1
2015420031951,3,9,0,18,0,0,0,0,0,0,2,1,1,1,26,6,1686,2,7,-1,1,-1
2015420031954,1,9,0,3,0,1,0,0,0,0,1,1,5,1,52,8,1998,1,-1,-1,2,-1
2015420031954,2,5,0,3,0,1,2,0,0,0,2,1,1,1,46,8,553,1,26,-1,1,-1
2015420031956,1,3,0,18,0,0,0,0,0,0,1,1,5,1,19,4,124,1,4,-1,1,-1
2015420032005,1,9,0,1,0,0,0,0,0,0,2,1,5,1,38,7,1560,2,2,-1,1,-1
2015420032006,1,9,0,18,0,0,5,0,7,4,1,1,5,2,31,6,1910,2,9,-1,2,-1
2015420032032,1,9,0,3,0,0,0,4,0,0,1,1,6,2,17,4,1149,1,7,-1,1,-1
2015420032032,2,9,0,2,0,0,1,0,0,0,2,1,6,3,-1,-1,-1,-1,-1,-1,-1,-1
2015420032036,1,9,0,18,0,7,0,0,0,0,1,1,5,1,20,4,1999,1,12,-1,1,-1
2015420032036,2,9,0,9,0,5,0,0,0,0,1,1,6,1,51,8,1598,1,14,-1,1,-1
2015420032040,1,9,0,5,0,1,0,0,0,0,1,1,5,2,51,8,-1,-1,-1,-1,1,-1
2015420032040,2,3,0,18,0,1,2,0,0,0,1,1,6,1,48,8,124,1,4,-1,1,-1
2015420032044,1,5,0,18,0,1,5,0,0,0,4,1,6,1,57,9,1450,1,10,-1,1,-1
2015420032050,1,9,0,5,7,4,0,0,0,0,1,1,5,1,43,7,1896,2,11,-1,1,-1
2015420032050,2,4,0,18,0,4,0,0,0,0,4,1,5,1,61,9,150,1,3,-1,1,-1
2015420032051,1,21,0,11,0,0,0,0,0,0,1,1,1,1,49,8,7790,2,3,-1,1,-1
2015420032051,2,9,0,18,0,0,0,0,0,0,2,1,1,1,43,7,1896,2,11,-1,1,-1
2015420032051,3,9,0,18,0,0,0,0,0,0,1,1,1,1,48,8,1969,2,1,-1,3,-1
2015420032052,1,9,0,4,0,1,0,0,0,0,1,1,2,1,24,5,1596,1,8,-1,3,-1
2015420032052,2,9,0,4,0,1,0,0,0,0,2,1,2,1,35,6,-1,-1,-1,-1,1,-1
2015420032055,1,98,1,11,0,0,0,0,0,0,1,1,1,1,52,8,12809,2,1,-1,1,-1
2015420032055,2,9,0,18,0,0,0,0,0,0,2,1,6,1,22,5,1242,1,1,-1,-1,-1
2015420032122,1,9,0,18,0,0,0,0,0,0,1,1,1,1,26,6,1956,2,4,-1,2,-1
2015420032122,2,9,0,3,0,0,0,0,0,0,2,1,5,1,33,6,1389,1,15,-1,1,-1
2015420032122,3,9,0,3,0,0,0,0,0,0,2,1,1,2,44,7,1984,1,14,-1,1,-1
2015420032135,1,9,0,18,0,1,0,0,0,0,1,1,6,1,26,6,1997,1,9,-1,1,-1
2015420032136,1,9,0,18,0,0,0,0,0,0,1,1,6,2,22,5,1397,1,7,-1,1,-1
2015420032136,2,9,0,18,0,0,0,0,0,0,2,1,2,2,49,8,1360,1,8,-1,1,-1
2015420032136,3,9,0,18,0,0,0,0,0,0,2,1,2,1,50,8,1332,1,22,-1,1,-1
2015420032136,4,90,0,18,0,0,0,0,0,0,0,1,1,3,-1,-1,-1,-1,-1,-1,-1,-1
2015420032139,1,9,0,18,0,0,0,4,0,0,1,2,6,2,59,9,1598,1,2,-1,1,-1
2015420032139,2,9,0,2,0,0,0,0,0,0,2,2,5,1,55,8,-1,-1,-1,-1,3,-1
2015420032140,1,9,0,4,0,1,0,0,0,0,1,1,5,2,23,5,1896,2,13,-1,1,-1
2015420032140,2,9,0,3,0,1,0,0,0,0,2,1,5,2,30,6,1341,1,12,-1,1,-1
2015420032141,1,9,0,4,0,1,0,0,0,0,1,1,3,2,48,8,2171,1,13,-1,1,-1
2015420032141,2,1,0,18,0,1,0,0,0,0,1,1,2,1,55,8,-1,-1,-1,-1,-1,-1
2015420032142,1,9,0,18,0,1,1,0,0,0,1,1,6,1,35,6,1398,2,9,-1,1,-1
2015420032142,2,9,0,3,0,1,0,0,0,0,2,1,6,2,21,5,1397,1,7,-1,1,-1
2015420032142,3,9,0,3,0,1,0,0,0,0,2,1,6,1,39,7,1596,1,16,-1,1,-1
2015420032143,1,9,0,7,0,2,0,0,0,0,3,1,5,2,51,8,1242,1,4,-1,3,-1
2015420032143,2,9,0,18,0,1,0,0,0,0,1,1,5,1,55,8,1124,1,11,-1,1,-1
2015420032151,1,9,0,4,0,2,0,0,0,0,1,1,6,1,74,10,1598,1,13,-1,1,-1
2015420032154,1,8,0,18,0,3,0,0,0,0,3,1,1,1,62,9,1685,2,1,-1,1,-1
2015420032154,2,9,0,18,0,4,0,0,0,0,1,1,6,2,30,6,1560,2,3,-1,1,-1
2015420032158,1,9,0,11,0,0,0,0,0,0,4,1,2,1,27,6,-1,-1,-1,-1,1,-1
2015420032158,2,5,0,18,0,0,0,0,0,0,3,1,6,1,41,7,998,1,9,-1,1,-1
2015420032158,3,9,0,18,0,0,0,0,0,0,2,1,6,1,48,8,1956,2,3,-1,1,-1
2015420032159,1,3,0,18,0,8,2,0,0,0,1,1,2,1,20,4,124,1,9,-1,1,-1
2015420032159,2,9,0,9,0,8,0,0,0,0,1,1,5,1,23,5,1149,1,7,-1,1,-1
2015420032162,1,9,0,17,0,3,2,9,0,0,1,1,2,1,57,9,1995,2,14,-1,1,-1
2015420032163,1,9,0,18,0,0,0,0,0,0,1,1,5,2,40,7,2993,2,-1,-1,-1,-1
2015420032163,2,9,0,18,0,0,0,0,0,0,2,1,5,2,37,7,1497,8,2,-1,-1,-1
2015420032163,3,9,0,18,0,0,0,0,0,0,2,1,5,1,35,6,2993,2,7,-1,1,-1
2015420032167,1,9,0,9,0,2,1,0,0,0,3,1,5,1,33,6,1339,1,9,-1,1,-1
2015420032167,2,9,0,16,0,1,1,0,0,0,1,1,5,2,40,7,1339,1,12,-1,2,-1
2015420032172,1,9,0,11,0,0,0,0,0,0,1,1,6,1,20,4,1248,2,1,-1,3,-1
2015420032172,2,9,0,4,0,0,0,0,0,0,2,1,6,2,46,8,1598,1,14,-1,2,-1
2015420032172,3,9,0,18,0,0,0,0,0,0,1,1,6,2,34,6,1995,2,9,-1,1,-1
2015420032175,1,9,0,13,0,0,1,0,7,0,1,1,5,1,26,6,1360,1,11,-1,1,-1
2015420032175,2,9,0,18,0,0,0,0,0,0,1,1,5,2,68,10,1349,1,7,-1,1,-1
2015420032177,1,9,0,18,0,1,0,0,7,11,1,1,6,1,25,5,1995,2,2,-1,1,-1
2015420032235,1,9,0,14,0,0,0,4,0,0,3,1,6,3,-1,-1,-1,-1,-1,-1,-1,-1
2015420032235,2,90,0,2,0,0,0,0,0,0,0,1,1,1,59,9,7201,2,2,-1,-1,-1
2015420032257,1,9,0,9,0,8,0,0,0,0,1,1,1,1,46,8,1700,2,17,-1,1,-1
2015420032257,2,19,0,18,0,1,0,0,0,0,1,1,1,1,50,8,1598,2,-1,-1,1,-1
2015420032258,1,9,0,18,0,0,5,0,7,9,1,1,2,2,52,8,2495,2,13,-1,3,-1
2015420032297,1,9,0,18,0,2,0,0,7,0,1,1,2,1,54,8,1390,1,12,-1,-1,-1
2015420032305,1,9,0,5,0,1,0,0,0,0,1,1,2,1,42,7,1973,1,15,-1,-1,-1
2015420032307,1,19,0,7,0,8,0,0,0,0,4,1,6,1,29,6,2464,2,6,-1,1,-1
2015420032307,2,9,0,5,0,1,0,0,0,0,1,1,5,2,53,8,1395,1,1,-1,1,-1
2015420032308,1,19,0,4,0,1,0,0,0,0,1,1,1,1,38,7,2198,2,-1,-1,1,-1
2015420032308,2,9,0,10,0,1,0,0,0,0,2,1,5,2,32,6,1598,1,4,-1,1,-1
2015420032310,1,9,0,18,0,0,0,0,0,0,3,1,5,1,20,4,1461,2,-1,-1,1,-1
2015420032310,2,9,0,18,0,0,0,0,0,0,3,1,6,1,69,10,1587,1,9,-1,1,-1
2015420032382,1,21,1,18,0,0,3,0,1,0,1,2,1,1,22,5,-1,-1,-1,-1,-1,-1
2015420032382,2,21,1,4,0,0,0,0,0,0,2,1,1,1,29,6,11705,2,10,-1,-1,-1
2015420032382,3,9,0,18,0,0,0,0,0,0,1,1,1,1,30,6,3199,1,16,-1,-1,-1
2015420032387,1,3,0,4,0,1,2,0,0,0,4,1,2,2,33,6,124,1,-1,-1,1,-1
2015420032416,1,9,0,3,0,1,0,0,0,0,2,1,1,1,27,6,-1,-1,-1,-1,1,-1
2015420032420,1,9,0,5,0,2,0,0,0,0,1,1,6,1,71,10,2720,2,7,-1,1,-1
2015420032420,2,9,0,18,0,1,0,0,0,0,3,1,6,2,45,7,2400,2,-1,-1,3,-1
2015420032439,1,9,0,17,0,8,2,0,7,11,4,1,1,1,21,5,-1,-1,-1,-1,1,-1
2015420032443,1,9,0,18,0,1,0,0,0,0,1,1,6,2,19,4,1589,1,15,-1,1,-1
2015420032443,2,9,0,4,0,1,0,0,0,0,1,1,6,2,37,7,2148,2,7,-1,1,-1
2015420032444,1,9,0,5,0,4,0,0,0,0,1,1,2,1,22,5,1388,1,12,-1,-1,-1
2015420032444,2,3,0,5,0,1,0,0,0,0,2,1,2,1,38,7,125,1,2,-1,-1,-1
2015420032445,1,9,0,5,0,0,0,0,0,0,0,1,6,1,53,8,1796,1,10,-1,1,-1
2015420032447,1,9,0,18,0,4,0,10,1,4,1,1,6,1,19,4,1124,1,13,-1,1,-1
2015420032465,1,9,0,9,0,0,0,0,0,0,3,1,6,2,28,6,1598,1,10,-1,1,-1
2015420032465,2,3,0,15,0,0,0,0,0,0,1,1,2,1,22,5,124,1,13,-1,1,-1
2015420032488,1,90,0,11,0,0,0,0,0,0,3,1,1,1,24,5,-1,-1,-1,-1,1,-1
2015420032488,2,9,0,18,0,0,0,0,0,0,1,1,2,1,36,7,1149,1,9,-1,1,-1
2015420032488,3,9,0,3,0,0,0,0,0,0,2,1,5,1,65,9,1896,2,13,-1,1,-1
2015420032532,1,9,0,18,0,4,0,0,0,0,1,1,6,2,26,6,1299,1,15,-1,1,-1
2015420032534,1,98,0,18,0,1,0,0,0,0,1,1,1,1,60,9,1995,2,7,-1,1,-1
2015420032534,2,9,0,3,0,1,0,0,0,0,2,1,2,2,40,7,1388,1,14,-1,1,-1
2015420032551,1,9,0,18,0,1,0,0,0,0,3,1,5,2,70,10,1598,1,3,-1,1,-1
2015420032551,2,5,0,9,0,4,0,0,0,0,4,1,1,1,59,9,1584,1,7,-1,1,-1
2015420032574,1,90,4,16,0,1,4,0,7,0,3,1,1,1,30,6,-1,-1,-1,-1,3,-1
2015420032581,1,19,0,5,0,2,0,0,0,0,1,1,6,1,-1,-1,-1,-1,-1,-1,-1,-1
2015420032581,2,1,0,18,0,1,5,0,0,0,4,1,6,1,43,7,-1,-1,-1,-1,1,-1
2015420032585,1,9,0,4,0,7,0,0,0,0,0,1,6,3,18,4,-1,-1,-1,-1,-1,-1
2015420032585,2,9,0,16,0,7,0,0,0,0,0,1,6,3,18,4,-1,-1,-1,-1,-1,-1
2015420032585,3,9,0,16,0,7,0,0,0,0,2,1,2,2,22,5,1242,1,8,-1,1,-1
2015420032585,4,98,0,16,0,7,0,0,0,0,1,1,6,1,40,7,1753,2,9,-1,1,-1
2015420032585,5,9,0,16,0,7,0,0,0,0,1,1,6,1,45,7,1910,2,11,-1,1,-1
2015420032588,1,5,0,11,0,0,1,0,0,0,4,1,2,1,42,7,1157,1,12,-1,-1,-1
2015420032591,1,9,0,9,0,1,0,0,0,0,3,1,5,2,52,8,1461,2,8,-1,1,-1
2015420032591,2,9,0,18,0,8,0,0,0,0,1,1,5,2,25,5,1560,2,1,-1,1,-1
2015420032593,1,19,0,18,0,0,1,0,0,0,1,1,2,1,32,6,1598,2,-1,-1,2,-1
2015420032593,2,9,0,18,0,0,0,0,0,0,2,1,6,2,23,5,1596,1,7,-1,1,-1
2015420032593,3,9,0,18,0,0,0,0,0,0,2,1,2,2,38,7,1995,2,-1,-1,1,-1
2015420032594,1,9,0,8,0,3,0,0,1,0,1,1,5,2,43,7,1360,1,11,-1,1,-1
2015420032668,1,9,0,4,0,1,0,0,0,0,1,1,6,1,68,10,1910,2,7,-1,1,-1
2015420032668,2,9,0,3,0,1,0,0,0,0,4,1,6,2,22,5,2000,1,7,-1,1,-1
2015420032670,1,9,0,5,0,6,0,0,0,0,1,1,6,2,68,10,-1,-1,-1,-1,-1,-1
2015420032670,2,9,0,18,0,8,0,0,0,0,1,1,6,1,32,6,1398,2,12,-1,3,-1
2015420032675,1,9,0,4,0,0,0,0,0,0,2,1,6,1,44,7,1796,1,10,-1,1,-1
2015420032675,2,9,0,4,0,0,0,0,0,0,2,1,6,1,27,6,1995,2,5,-1,1,-1
2015420032675,3,9,0,4,0,0,1,0,0,0,1,1,6,1,68,10,1998,2,-1,-1,1,-1
2015420032682,1,9,0,18,0,4,0,0,0,0,1,1,6,1,19,4,998,1,-1,-1,1,-1
2015420032682,2,9,0,18,0,8,0,0,0,0,3,1,2,2,19,4,1299,1,12,-1,1,-1
2015420032692,1,9,0,16,0,0,1,0,7,0,1,1,5,2,24,5,1299,1,12,-1,1,-1
2015420032695,1,9,0,3,0,0,0,0,0,0,1,1,1,2,54,8,998,1,1,-1,-1,-1
2015420032695,2,98,0,18,0,0,0,0,0,0,1,1,1,1,33,6,2198,2,-1,-1,3,-1
2015420032702,1,9,0,18,0,0,0,0,4,0,3,1,6,1,55,8,1896,2,10,-1,1,-1
2015420032702,2,9,0,18,0,0,0,0,0,0,3,1,6,3,-1,-1,2143,2,3,-1,-1,-1
2015420032720,1,9,4,16,0,0,0,0,0,0,1,1,1,1,30,6,2494,2,13,-1,3,-1
2015420032720,2,9,0,17,0,0,0,0,0,0,1,2,5,2,49,8,1749,1,13,-1,3,-1
2015420032721,1,9,0,18,0,0,0,0,0,0,1,1,6,2,40,7,2996,1,5,-1,2,-1
2015420032721,2,9,0,18,0,0,0,0,0,0,1,1,6,1,28,6,1998,1,12,-1,1,-1
2015420032721,3,9,0,18,0,0,0,0,0,0,2,1,6,2,36,7,1798,1,8,-1,1,-1
2015420032721,4,9,0,4,0,0,0,0,0,0,2,1,6,2,19,4,1598,1,6,-1,1,-1
2015420032722,1,98,0,18,0,2,0,0,0,0,3,1,6,3,-1,-1,-1,-1,-1,-1,-1,-1
2015420032723,1,9,0,15,0,0,2,0,1,0,1,1,2,1,27,6,2993,2,11,-1,1,-1
2015420032724,1,9,0,9,0,8,0,0,0,0,3,1,5,2,41,7,1390,1,13,-1,1,-1
2015420032724,2,9,0,18,0,1,0,0,0,0,1,1,5,1,21,5,1490,1,7,-1,1,-1
2015420032728,1,9,0,2,0,0,0,0,7,0,2,1,6,2,62,9,1061,1,9,-1,3,-1
2015420032729,1,2,0,4,0,1,1,0,0,0,0,1,6,2,30,6,49,1,4,-1,1,-1
2015420032825,1,9,0,18,0,0,0,0,0,0,1,1,5,1,36,7,1598,2,-1,-1,1,-1
2015420032825,2,9,0,16,0,0,0,0,0,0,1,1,1,2,40,7,1390,1,6,-1,3,-1
2015420032828,1,9,0,17,0,0,0,0,1,3,3,1,2,1,34,6,1596,1,13,-1,3,-1
2015420032832,1,9,0,7,0,8,0,0,0,0,1,1,5,1,76,11,1598,1,12,-1,1,-1
2015420032832,2,9,0,18,0,1,0,0,0,0,4,1,5,2,70,10,1364,1,2,-1,1,-1
2015420032834,1,9,0,18,0,4,0,0,3,0,1,1,5,2,24,5,1299,1,15,-1,1,-1
2015420032834,2,9,0,9,0,3,0,0,0,0,4,1,5,2,38,7,1910,2,8,-1,1,-1
2015420032837,1,9,0,18,0,1,0,0,0,0,3,1,1,1,22,5,1968,2,2,-1,1,-1
2015420032838,1,9,0,18,0,0,0,0,0,0,1,1,6,1,48,8,1968,2,2,-1,1,-1
2015420032838,2,9,0,18,0,0,0,0,0,0,2,1,2,1,30,6,1800,1,15,-1,1,-1
2015420032840,1,9,0,18,0,1,0,0,0,0,1,1,6,2,21,5,1242,1,4,-1,1,-1
2015420032840,2,9,0,4,0,1,0,0,0,0,2,1,5,1,32,6,1242,1,12,-1,2,-1
2015420032841,1,9,0,18,0,8,5,0,1,1,3,1,6,1,20,4,1560,2,11,-1,-1,-1
2015420032841,2,9,0,18,0,8,0,0,0,0,1,1,5,2,42,7,1397,1,14,-1,1,-1
2015420032843,1,9,0,9,0,6,0,0,0,0,3,1,6,2,90,11,1108,1,7,-1,1,-1
2015420032843,2,9,0,18,0,1,0,0,0,0,1,1,2,1,67,10,1995,1,5,-1,1,-1
2015420032844,1,8,0,18,0,4,0,0,0,0,3,1,2,1,58,9,1910,2,7,-1,1,-1
2015420032844,2,8,0,18,0,8,0,0,0,0,1,1,1,1,33,6,1753,2,7,-1,1,-1
2015420032846,1,9,0,18,0,0,0,0,1,10,1,1,6,1,23,5,-1,-1,-1,-1,3,-1
2015420032846,2,9,0,18,0,0,0,0,0,0,2,1,6,1,23,5,1781,1,14,-1,2,-1
2015420032847,1,19,0,18,0,0,0,0,0,0,1,1,1,1,49,8,2402,2,12,-1,1,-1
2015420032847,2,19,0,18,0,0,0,0,0,0,1,1,1,1,23,5,2143,2,2,-1,3,-1
2015420032847,3,19,4,18,0,0,0,0,0,0,1,1,1,1,27,6,2402,2,6,-1,1,-1
2015420032847,4,19,0,18,0,0,0,0,0,0,2,1,1,1,53,8,2198,2,4,-1,1,-1
2015420032847,5,9,0,18,0,0,0,0,0,0,2,1,2,1,31,6,1598,2,2,-1,1,-1
2015420032849,1,9,0,7,0,1,0,0,0,0,2,1,6,1,58,9,1956,2,5,-1,1,-1
2015420032849,2,3,0,18,0,1,0,0,0,0,1,1,6,1,26,6,125,1,11,-1,1,-1
2015420032850,1,9,0,7,0,5,0,0,0,0,1,1,6,2,52,8,1997,2,7,-1,1,-1
2015420032850,2,9,0,18,0,1,0,0,0,0,1,1,5,2,42,7,1560,2,4,-1,1,-1
2015420032852,1,9,0,18,0,0,0,4,0,0,1,1,5,1,40,7,1596,1,13,-1,1,-1
2015420032852,2,9,0,2,0,0,0,0,0,0,1,1,6,3,-1,-1,-1,-1,-1,-1,-1,-1
2015420032852,3,19,0,2,0,0,0,0,0,0,2,1,6,3,-1,-1,-1,-1,-1,-1,-1,-1
2015420032852,4,9,0,2,0,0,0,0,0,0,2,1,6,3,-1,-1,-1,-1,-1,-1,-1,-1
2015420032853,1,9,0,17,0,0,2,0,8,0,1,1,5,1,25,5,1800,1,16,-1,2,-1
2015420032854,1,9,0,4,0,8,0,0,0,0,4,1,5,1,31,6,1086,1,11,-1,-1,-1
2015420032855,1,9,0,18,0,0,0,0,0,0,3,1,5,2,21,5,1364,1,6,-1,2,-1
2015420032855,2,1,0,18,0,0,0,0,0,0,1,1,6,1,10,2,-1,-1,-1,-1,-1,-1
2015420032856,1,9,0,18,0,1,0,0,0,0,1,1,6,1,71,10,1686,2,12,-1,2,-1
2015420032856,2,9,0,10,0,8,0,0,0,0,2,1,5,1,61,9,1560,2,5,-1,3,-1
2015420032857,1,9,0,16,0,0,1,0,0,0,1,1,5,1,36,7,1993,1,26,-1,1,-1
2015420032857,2,9,0,17,0,0,0,0,0,0,1,1,5,2,60,9,1999,1,12,-1,1,-1
2015420032860,1,3,0,16,0,0,1,0,7,0,3,1,6,1,27,6,124,1,1,-1,3,-1
2015420032864,1,9,0,17,0,2,0,0,7,0,0,1,2,1,33,6,1686,2,9,-1,2,-1
2015420032866,1,9,0,18,0,0,0,0,0,0,3,1,2,2,75,10,999,1,-1,-1,1,-1
2015420032871,1,9,0,5,0,0,0,0,0,0,3,1,6,1,75,10,2993,2,4,-1,3,-1
2015420032871,2,9,0,18,0,0,0,0,0,0,1,1,6,1,56,9,1910,2,10,-1,1,-1
2015420032875,1,9,0,12,0,7,0,0,0,0,0,1,6,3,-1,-1,-1,-1,-1,-1,-1,-1
2015420032875,2,9,0,18,0,7,0,7,0,0,3,1,2,1,52,8,2143,12,-1,-1,2,-1
2015420032878,1,9,0,18,0,3,0,0,1,0,1,1,5,1,18,4,1149,1,5,-1,1,-1