Accident_Index,Vehicle_Reference,Vehicle_Type,Towing_and_Articulation,Vehicle_Manoeuvre,Vehicle_Location-Restricted_Lane,Junction_Location,Skidding_and_Overturning,Hit_Object_in_Carriageway,Vehicle_Leaving_Carriageway,Hit_Object_off_Carriageway,1st_Point_of_Impact,Was_Vehicle_Left_Hand_Drive?,Journey_Purpose_of_Driver,Sex_of_Driver,Age_of_Driver,Age_Band_of_Driver,Engine_Capacity_(CC),Propulsion_Code,Age_of_Vehicle,Driver_IMD_Decile,Driver_Home_Area_Type,Vehicle_IMD_Decile
2015420032879,1,98,0,18,0,0,0,0,0,0,4,1,1,1,46,8,4764,2,7,-1,-1,-1
2015420032881,1,9,0,18,0,8,0,0,0,0,3,1,5,1,37,7,1956,2,5,-1,2,-1
2015420032881,2,9,0,18,0,8,0,0,0,0,1,1,5,1,60,9,1560,2,1,-1,1,-1
2015420032881,3,9,0,18,0,8,0,0,0,0,0,1,5,2,54,8,1360,1,15,-1,1,-1
2015420032886,1,9,0,5,0,2,0,0,0,0,1,1,5,1,81,11,1197,1,4,-1,-1,-1
2015420032886,2,9,0,5,0,3,0,0,0,0,2,1,5,1,31,6,1596,1,2,-1,1,-1
2015420032887,1,19,0,7,0,0,1,0,0,0,1,1,5,1,57,9,1995,2,6,-1,2,-1
2015420032887,2,9,0,18,0,0,0,0,0,0,3,1,5,2,36,7,1388,1,13,-1,1,-1
2015420032890,1,9,0,18,0,0,2,0,7,0,3,1,6,1,27,6,1368,1,7,-1,1,-1
2015420032890,2,9,0,18,0,0,2,0,1,1,3,1,5,2,50,8,2099,2,8,-1,1,-1
2015420032890,3,9,0,18,0,0,0,0,0,0,1,1,1,1,49,8,1799,1,9,-1,-1,-1
2015420032891,1,21,1,12,0,0,0,0,0,0,1,2,1,1,28,6,-1,-1,-1,-1,-1,-1
2015420032891,2,9,0,18,0,0,0,0,2,0,4,1,1,1,60,9,1994,2,12,-1,2,-1
2015420032892,1,9,0,18,0,0,0,0,0,0,4,1,6,2,18,4,1242,1,1,-1,3,-1
2015420032892,2,3,0,5,8,0,0,0,0,0,2,1,6,1,19,4,124,1,3,-1,1,-1
2015420032893,1,9,-1,18,0,0,0,0,7,9,3,1,5,2,82,11,1240,1,9,-1,2,-1
2015420032893,2,98,-1,17,0,0,0,0,0,0,0,1,6,3,-1,-1,-1,-1,-1,-1,-1,-1
2015420032938,1,19,0,18,0,0,0,0,0,0,2,1,2,1,28,6,1998,2,11,-1,1,-1
2015420032938,2,3,0,18,0,0,0,0,0,0,1,1,2,1,20,4,124,1,-1,-1,1,-1
2015420033009,1,9,0,4,0,0,0,0,0,0,1,1,6,3,20,4,-1,-1,-1,-1,-1,-1
2015420033023,1,9,0,18,0,4,0,0,0,0,1,1,6,1,55,8,1598,1,10,-1,1,-1
2015420033023,2,9,0,4,0,4,0,0,0,0,1,1,6,2,49,8,1998,2,5,-1,-1,-1
2015420033024,1,9,0,18,0,4,0,0,0,0,1,1,6,1,21,5,1229,1,6,-1,1,-1
2015420033024,2,1,0,16,0,3,0,0,0,0,2,1,6,1,42,7,-1,-1,-1,-1,1,-1
2015420033042,1,19,0,18,0,0,0,0,0,0,1,1,1,1,53,8,2143,2,4,-1,1,-1
2015420033042,2,9,0,9,0,0,0,0,0,0,3,1,5,2,47,8,2830,2,19,-1,3,-1
2015420033051,1,9,0,5,9,7,0,0,0,0,1,1,6,2,-1,-1,-1,-1,-1,-1,-1,-1
2015420033058,1,9,0,9,0,5,0,0,0,0,4,1,3,1,47,8,1198,1,1,-1,1,-1
2015420033058,2,1,0,18,0,1,0,0,0,0,1,1,5,1,31,6,-1,-1,-1,-1,1,-1
2015420033060,1,9,0,18,0,1,0,0,0,0,1,1,6,2,52,8,1368,1,6,-1,1,-1
2015420033063,1,9,0,9,0,6,0,0,0,0,1,1,6,2,64,9,1984,2,4,-1,3,-1
2015420033063,2,9,0,18,0,1,0,0,0,0,4,1,6,2,27,6,1388,1,5,-1,1,-1
2015420033064,1,9,0,18,0,0,0,0,0,0,3,1,5,1,89,11,1489,1,57,-1,2,-1
2015420033064,2,9,0,18,0,0,0,0,0,0,1,1,2,2,23,5,1364,1,6,-1,1,-1
2015420033065,1,9,0,18,0,8,0,11,0,0,1,1,6,1,68,10,1242,1,3,-1,1,-1
2015420033066,1,9,0,9,0,1,0,0,0,0,1,1,6,1,18,4,1242,1,10,-1,1,-1
2015420033066,2,9,0,18,0,1,0,0,0,0,1,1,6,2,50,8,1995,1,15,-1,1,-1
2015420033068,1,9,0,12,0,0,1,0,1,0,2,2,6,1,28,6,2000,1,-1,-1,1,-1
2015420033068,2,19,0,18,0,0,0,0,1,0,2,2,1,1,48,8,2143,2,5,-1,-1,-1
2015420033069,1,9,0,18,0,0,0,0,0,0,1,1,1,1,42,7,1997,2,-1,-1,1,-1
2015420033069,2,90,1,4,0,0,0,0,0,0,0,2,1,1,46,8,-1,-1,-1,-1,-1,-1
2015420033134,1,9,0,18,0,8,0,0,0,0,1,1,6,1,66,10,998,1,5,-1,1,-1
2015420033170,1,9,0,4,0,1,0,0,0,0,1,1,2,1,60,9,1598,1,5,-1,1,-1
2015420033170,2,9,0,3,0,8,0,0,0,0,2,1,5,2,41,7,1560,2,5,-1,2,-1
2015420033180,1,98,4,4,0,1,0,0,0,0,1,1,6,3,-1,-1,1998,2,13,-1,-1,-1
2015420033180,2,98,0,3,0,1,0,0,0,0,2,1,6,2,34,6,1968,2,2,-1,1,-1
2015420033183,1,3,0,5,0,0,2,0,0,0,3,1,2,2,21,5,125,1,-1,-1,1,-1
2015420033206,1,9,0,15,0,0,0,0,0,0,1,1,6,1,77,11,973,1,14,-1,2,-1
2015420033206,2,9,0,2,0,0,0,0,0,0,2,1,5,1,48,8,1598,1,-1,-1,1,-1
2015420033207,1,9,0,18,0,0,0,0,0,0,4,1,5,1,79,11,1360,1,21,-1,3,-1
2015420033208,1,9,0,18,0,0,1,0,0,0,1,1,5,1,83,11,1390,1,16,-1,1,-1
2015420033208,2,9,0,18,0,0,0,0,0,0,2,1,5,1,63,9,1598,2,4,-1,3,-1
2015420033211,1,9,0,4,0,1,0,0,4,0,1,1,2,2,18,4,1242,1,4,-1,3,-1
2015420033211,2,9,0,3,0,1,0,0,4,0,2,1,2,2,50,8,1598,1,12,-1,1,-1
2015420033214,1,9,0,16,0,8,0,0,0,0,1,1,5,2,24,5,998,1,-1,-1,3,-1
2015420033214,2,9,0,17,0,8,0,0,0,0,1,1,5,2,37,7,998,1,-1,-1,1,-1
2015420033303,1,98,0,5,0,1,0,0,0,0,1,1,1,1,39,7,2300,2,12,-1,-1,-1
2015420033303,2,9,0,18,0,1,0,0,0,0,1,1,1,2,24,5,1229,1,8,-1,1,-1
2015420033319,1,9,0,18,0,0,0,0,0,0,1,1,5,1,27,6,1984,1,1,-1,1,-1
2015420033319,2,90,0,18,0,0,0,0,0,0,2,1,1,1,47,8,2287,2,2,-1,1,-1
2015420033343,1,9,0,18,0,0,1,0,0,0,1,1,3,1,38,7,1997,2,9,-1,1,-1
2015420033343,2,9,0,18,0,0,0,0,0,0,2,1,1,1,38,7,2494,1,10,-1,1,-1
2015420033343,3,9,0,4,0,0,0,0,0,0,2,1,1,2,42,7,1395,1,1,-1,3,-1
2015420033356,1,9,0,18,0,0,0,0,0,0,1,1,6,2,30,6,1598,1,1,-1,1,-1
2015420033366,1,2,0,7,0,3,2,0,0,0,4,1,4,2,17,4,49,1,3,-1,1,-1
2015420033367,1,9,0,18,0,1,0,0,0,0,1,1,6,1,50,8,1461,2,14,-1,1,-1
2015420033367,2,1,0,18,0,8,0,0,0,0,2,1,6,1,13,3,-1,-1,-1,-1,1,-1
2015420033375,1,9,0,18,0,0,0,4,0,0,1,1,6,2,76,11,1596,1,18,-1,3,-1
2015420033375,2,9,0,2,0,0,0,0,0,0,1,1,5,1,38,7,1598,1,7,-1,1,-1
2015420033375,3,9,0,2,0,0,0,0,0,0,3,1,5,1,32,6,1900,2,10,-1,1,-1
2015420033377,1,9,0,18,0,2,0,0,0,0,1,1,5,2,40,7,1390,1,3,-1,1,-1
2015420033381,1,9,0,9,0,4,0,0,0,0,1,1,2,1,56,9,1598,1,6,-1,2,-1
2015420033382,1,9,0,18,0,0,1,0,0,0,1,1,6,1,21,5,1299,1,14,-1,3,-1
2015420033382,2,9,0,18,0,0,0,0,1,0,1,1,6,1,22,5,3199,1,17,-1,3,-1
2015420033383,1,9,0,9,0,4,0,0,0,0,1,1,6,2,62,9,1200,1,-1,-1,1,-1
2015420033383,2,9,0,18,0,8,0,0,1,2,4,1,5,1,26,6,1968,2,3,-1,3,-1
2015420033385,1,9,0,5,9,1,0,0,0,0,1,1,6,2,49,8,1997,1,2,-1,2,-1
2015420033385,2,1,0,9,0,8,5,0,0,0,1,1,1,1,30,6,-1,-1,-1,-1,-1,-1
2015420033386,1,9,0,18,0,0,0,0,0,0,1,1,5,2,21,5,998,1,4,-1,1,-1
2015420033389,1,9,0,18,0,8,1,0,0,0,1,1,5,2,19,4,1199,1,12,-1,3,-1
2015420033389,2,9,0,9,0,8,0,0,0,0,3,1,2,2,24,5,1984,1,14,-1,1,-1
2015420033390,1,98,0,18,0,1,2,4,0,0,1,1,5,1,31,6,1868,2,14,-1,-1,-1
2015420033390,2,9,0,2,6,1,0,0,0,0,1,1,5,1,47,8,1896,2,12,-1,-1,-1
2015420033451,1,9,0,3,0,1,0,0,0,0,1,1,6,2,26,6,1600,1,15,-1,1,-1
2015420033451,2,9,0,3,0,4,0,0,0,0,2,1,5,2,52,8,2148,2,5,-1,1,-1
2015420033476,1,9,0,5,0,1,0,0,0,0,3,1,3,2,43,7,1598,1,10,-1,-1,-1
2015420033527,1,8,0,3,0,0,0,0,0,0,1,1,1,1,-1,-1,1956,2,3,-1,-1,-1
2015420033553,1,9,0,18,0,0,0,0,0,0,4,1,6,1,83,11,1388,1,8,-1,1,-1
2015420033554,1,9,0,18,0,0,0,0,0,0,1,1,5,1,21,5,1896,2,11,-1,1,-1
2015420033554,2,9,0,3,0,0,0,0,0,0,2,1,5,1,32,6,1582,2,5,-1,1,-1
2015420033558,1,19,0,18,0,0,0,0,0,0,1,1,1,1,61,9,-1,-1,-1,-1,1,-1
2015420033558,2,9,0,4,0,0,0,0,0,0,2,1,6,2,50,8,1973,1,16,-1,1,-1
2015420033560,1,21,1,18,0,0,0,2,0,0,4,1,1,1,44,7,12777,2,8,-1,3,-1
2015420033563,1,9,0,9,0,1,0,0,0,0,3,1,6,2,47,8,2982,2,1,-1,3,-1
2015420033563,2,9,0,18,0,1,0,0,0,0,1,1,2,2,48,8,1596,1,6,-1,1,-1
2015420033564,1,9,0,9,0,6,0,0,0,0,3,1,6,2,26,6,1598,1,10,-1,1,-1
2015420033564,2,8,0,18,0,8,0,0,0,0,4,1,1,1,53,8,1997,2,6,-1,1,-1
2015420033565,1,9,0,17,0,1,0,0,0,0,1,1,6,1,33,6,1796,1,6,-1,1,-1
2015420033570,1,9,0,5,0,1,0,0,0,0,3,1,5,2,26,6,1951,2,13,-1,1,-1
2015420033570,2,3,0,14,0,1,0,0,0,0,1,1,2,1,29,6,124,1,-1,-1,1,-1
2015420033571,1,9,0,12,0,0,1,0,0,0,1,1,6,1,55,8,1896,2,17,-1,1,-1
2015420033571,2,9,0,3,0,0,0,0,0,0,2,1,6,1,22,5,1388,1,6,-1,1,-1
2015420033592,1,9,0,18,0,0,5,7,0,0,1,1,6,1,42,7,1242,1,13,-1,-1,-1
2015420033592,2,9,0,18,0,0,1,1,0,0,1,1,6,1,18,4,973,1,12,-1,3,-1
2015420033622,1,3,0,18,0,0,1,0,0,0,1,1,2,1,17,4,124,1,13,-1,3,-1
2015420033622,2,9,0,10,0,0,0,0,0,0,1,1,1,2,36,7,1363,2,10,-1,3,-1
2015420033636,1,9,0,4,0,0,1,0,0,0,2,1,6,1,48,8,2261,1,6,-1,1,-1
2015420033636,2,9,0,4,0,0,0,0,0,0,2,1,2,1,21,5,1753,2,13,-1,1,-1
2015420033636,3,9,0,4,0,0,0,0,0,0,2,1,5,2,21,5,898,1,2,-1,1,-1
2015420033636,4,90,0,18,0,0,1,0,0,0,1,1,6,1,52,8,-1,-1,-1,-1,-1,-1
2015420033637,1,9,0,16,0,0,1,0,1,0,1,1,6,1,34,6,2500,1,19,-1,2,-1
2015420033637,2,9,0,17,0,0,1,0,1,0,1,1,6,2,50,8,1339,1,7,-1,3,-1
2015420033672,1,98,0,7,0,2,0,0,0,0,1,1,1,1,29,6,2143,2,4,-1,1,-1
2015420033684,1,1,0,18,0,0,0,0,0,0,1,1,2,1,27,6,-1,-1,-1,-1,-1,-1
2015420033684,2,11,0,18,0,0,0,0,0,0,1,1,1,1,59,9,5883,2,13,-1,1,-1
2015420033696,1,9,0,5,0,5,0,0,0,0,1,1,6,3,-1,-1,1248,2,11,-1,-1,-1
2015420033698,1,9,0,4,0,0,1,0,7,4,1,1,2,2,28,6,1796,1,7,-1,1,-1
2015420033703,1,9,0,18,0,1,0,0,0,0,3,1,1,2,45,7,1242,1,2,-1,2,-1
2015420033703,2,19,0,18,0,2,0,0,0,0,3,1,5,1,28,6,2143,2,-1,-1,1,-1
2015420033705,1,9,0,4,0,8,0,0,0,0,1,1,2,1,37,7,998,1,1,-1,1,-1
2015420033710,1,2,0,18,0,0,2,0,0,0,1,1,6,1,21,5,50,1,14,-1,1,-1
2015420033712,1,9,0,3,0,0,0,0,0,0,1,1,6,1,31,6,1242,1,6,-1,1,-1
2015420033712,2,1,0,14,0,0,5,0,0,0,4,1,6,1,46,8,-1,-1,-1,-1,-1,-1
2015420033721,1,9,0,18,0,0,0,0,0,0,1,1,5,1,79,11,1598,1,10,-1,1,-1
2015420033721,2,9,0,4,0,0,0,0,0,0,2,1,2,1,53,8,-1,-1,-1,-1,1,-1
2015420033721,3,19,0,4,0,0,0,0,0,0,2,1,2,1,48,8,2402,2,7,-1,1,-1
2015420033724,1,9,0,3,0,0,0,0,0,0,4,1,6,2,69,10,1598,1,-1,-1,1,-1
2015420033724,2,1,0,4,0,0,0,0,0,0,1,1,2,1,30,6,-1,-1,-1,-1,-1,-1
2015420033727,1,5,0,18,0,0,1,10,4,2,1,1,5,1,21,5,675,1,5,-1,1,-1
2015420033729,1,9,0,18,0,0,0,0,0,0,1,1,6,1,42,7,-1,-1,-1,-1,1,-1
2015420033729,2,9,0,18,0,0,0,0,0,0,1,1,6,2,62,9,1560,2,1,-1,1,-1
2015420033734,1,9,0,18,0,0,0,0,0,0,4,1,6,2,41,7,1900,2,15,-1,1,-1
2015420033734,2,5,0,18,0,0,5,0,0,0,3,1,6,1,34,6,599,1,12,-1,1,-1
2015420033736,1,9,0,18,0,0,0,0,0,0,1,1,6,1,36,7,2231,2,4,-1,1,-1
2015420033737,1,9,0,18,0,0,0,0,0,0,1,1,5,1,35,6,1796,1,13,-1,1,-1
2015420033737,2,9,0,3,0,0,0,0,0,0,2,1,5,1,46,8,1461,2,9,-1,1,-1
2015420033738,1,9,0,13,0,0,0,11,0,0,3,1,5,2,79,11,1240,1,10,-1,2,-1
2015420033738,2,1,0,18,0,0,0,0,0,0,1,1,5,1,51,8,-1,-1,-1,-1,1,-1
2015420033743,1,9,0,4,0,0,0,4,0,0,1,1,5,2,56,9,1598,1,6,-1,2,-1
2015420033743,2,9,0,2,0,0,0,0,0,0,2,1,6,3,-1,-1,-1,-1,-1,-1,-1,-1
2015420033746,1,9,0,12,0,0,0,0,0,0,1,1,5,2,23,5,1986,2,9,-1,1,-1
2015420033746,2,9,0,18,0,0,1,0,0,0,4,1,5,1,29,6,1995,2,1,-1,1,-1
2015420033747,1,9,0,14,0,0,0,0,1,11,1,1,6,2,22,5,998,1,-1,-1,2,-1
2015420033747,2,9,0,17,0,0,0,0,0,0,1,1,6,1,59,9,-1,-1,-1,-1,-1,-1
2015420033750,1,9,0,9,0,6,0,0,0,0,1,1,5,1,54,8,1968,2,3,-1,3,-1
2015420033750,2,9,0,18,0,8,0,0,0,0,3,1,5,1,69,10,1968,2,5,-1,1,-1
2015420033751,1,9,0,18,0,6,0,0,0,0,1,1,5,1,33,6,1596,1,15,-1,1,-1
2015420033751,2,9,0,18,0,8,0,0,0,0,3,1,5,2,44,7,1242,1,-1,-1,1,-1
2015420033754,1,9,0,17,0,3,0,0,0,0,3,1,5,2,32,6,1390,1,12,-1,1,-1
2015420033754,2,3,0,18,0,3,5,0,0,0,1,1,1,1,43,7,124,1,-1,-1,1,-1
2015420033755,1,9,0,9,0,1,1,0,0,0,1,1,6,1,38,7,998,1,14,-1,1,-1
2015420033755,2,9,0,7,0,8,0,0,0,0,1,1,6,1,37,7,1995,2,3,-1,1,-1
2015420033757,1,9,0,4,0,0,0,0,0,0,1,1,5,2,34,6,1956,2,2,-1,3,-1
2015420033757,2,9,0,4,0,0,0,0,0,0,2,1,5,1,45,7,2143,2,-1,-1,1,-1
2015420033758,1,9,0,7,0,2,0,0,0,0,1,1,5,1,31,6,1998,1,17,-1,1,-1
2015420033758,2,9,0,4,0,1,0,0,0,0,1,1,6,1,22,5,1242,1,10,-1,1,-1
2015420033761,1,2,0,18,0,0,1,0,0,0,3,1,2,2,18,4,49,1,-1,-1,2,-1
2015420033765,1,9,0,18,0,0,0,0,0,0,1,1,5,1,49,8,1968,2,7,-1,1,-1
2015420033765,2,9,0,18,0,0,0,0,0,0,1,1,6,1,52,8,998,1,7,-1,3,-1
2015420033765,3,9,0,18,0,0,0,0,0,0,1,1,5,2,19,4,998,1,11,-1,1,-1
2015420033765,4,9,0,18,0,0,0,0,0,0,1,1,5,1,31,6,1596,1,10,-1,1,-1
2015420033765,5,9,0,18,0,0,0,0,0,0,2,1,5,1,29,6,1598,1,8,-1,1,-1
2015420033768,1,19,0,1,0,2,0,0,0,0,2,1,6,1,61,9,1598,2,1,-1,1,-1
2015420033768,2,3,0,3,0,1,0,0,0,0,1,1,6,1,61,9,124,1,3,-1,1,-1
2015420033771,2,3,0,18,0,1,1,0,0,0,0,1,5,1,20,4,124,1,2,-1,1,-1
2015420033771,3,9,0,5,0,6,0,0,0,0,0,1,5,2,32,6,1686,2,5,-1,-1,-1
2015420033772,1,8,0,18,0,0,0,0,0,0,1,1,1,1,62,9,1956,2,3,-1,3,-1
2015420033791,1,98,0,11,0,0,1,0,0,0,1,1,2,1,25,5,2461,2,13,-1,1,-1
2015420033791,2,9,0,18,0,0,0,0,0,0,2,1,5,1,27,6,1968,2,10,-1,1,-1
2015420033817,1,9,0,18,0,0,0,0,0,0,1,1,6,2,42,7,1598,1,9,-1,1,-1
2015420033832,1,21,0,18,0,0,0,0,0,0,1,1,2,1,41,7,-1,-1,-1,-1,1,-1
2015420033869,1,9,0,5,0,8,0,0,0,0,1,1,6,2,22,5,1242,1,4,-1,1,-1
2015420033869,2,9,0,3,0,8,0,0,0,0,2,1,6,3,-1,-1,1988,1,15,-1,-1,-1
2015420033884,1,9,0,3,9,0,0,0,0,0,1,1,6,1,66,10,1398,2,12,-1,1,-1
2015420033886,1,1,0,18,0,6,0,0,0,0,1,1,5,2,41,7,-1,-1,-1,-1,1,-1
2015420033886,2,9,0,18,0,1,0,0,0,0,1,1,5,2,43,7,1584,1,10,-1,1,-1
2015420033904,1,9,0,5,0,4,0,0,0,0,3,1,2,2,59,9,1798,1,8,-1,1,-1
2015420033904,2,3,0,11,0,3,0,0,0,0,4,1,6,1,51,8,125,1,3,-1,1,-1
2015420033916,1,9,0,1,0,0,0,0,0,0,2,1,6,1,33,6,998,1,-1,-1,1,-1
2015420033923,1,9,0,18,0,1,0,0,0,0,1,1,5,1,29,6,1968,2,10,-1,1,-1
2015420033923,2,9,0,3,0,1,0,0,0,0,2,1,5,1,43,7,1598,1,2,-1,3,-1
2015420033924,1,9,0,4,0,1,0,0,0,0,1,1,5,1,-1,-1,1299,1,15,-1,1,-1
2015420033924,2,9,0,3,0,1,0,0,0,0,2,1,5,2,23,5,1390,1,10,-1,1,-1
2015420033940,1,2,0,18,0,1,2,0,0,0,3,1,6,1,31,6,124,1,-1,-1,3,-1
2015420033941,1,9,0,18,0,0,0,0,0,0,1,1,3,2,39,7,2477,2,9,-1,1,-1
2015420033943,1,9,0,9,0,8,0,0,0,0,1,1,6,2,34,6,1997,1,12,-1,3,-1
2015420033943,2,1,0,18,0,8,0,0,0,0,3,1,6,2,27,6,-1,-1,-1,-1,1,-1
2015420033945,1,9,0,18,0,0,0,0,0,0,1,1,5,1,22,5,1364,1,7,-1,1,-1
2015420033945,2,9,0,18,0,0,0,0,0,0,2,1,1,1,72,10,999,1,1,-1,2,-1
2015420033946,1,9,0,9,0,5,0,0,0,0,4,1,5,1,19,4,1086,1,10,-1,1,-1
2015420033946,2,5,0,18,0,1,0,0,0,0,1,1,2,1,33,6,599,1,1,-1,1,-1
2015420033947,1,9,0,13,0,0,0,0,0,0,3,1,5,1,18,4,1248,2,5,-1,3,-1
2015420033947,2,9,0,18,0,0,0,0,0,0,3,1,6,1,28,6,-1,-1,-1,-1,1,-1
2015420033950,1,9,0,18,0,0,0,0,0,0,1,1,6,1,71,10,1598,1,12,-1,1,-1
2015420033951,1,9,0,18,0,1,1,0,0,0,1,1,6,2,23,5,1360,1,16,-1,1,-1
2015420033951,2,19,0,4,0,1,0,0,0,0,2,1,1,1,53,8,2287,2,1,-1,1,-1
2015420034003,1,20,0,18,0,1,0,0,0,0,1,1,1,1,40,7,2198,2,7,-1,2,-1
2015420034003,2,9,0,18,0,1,0,0,0,0,2,1,2,2,25,5,1686,2,1,-1,2,-1
2015420034032,1,9,0,9,0,6,0,0,0,0,1,1,2,1,30,6,1753,2,7,-1,1,-1
2015420034032,2,1,0,18,0,8,5,0,0,0,4,1,2,2,29,6,-1,-1,-1,-1,1,-1
2015420034042,1,9,0,18,0,0,1,0,5,0,2,1,2,2,21,5,1598,2,2,-1,1,-1
2015420034042,2,21,0,18,0,0,0,0,0,0,1,1,6,3,30,6,-1,-1,-1,-1,-1,-1
2015420034044,1,9,0,18,0,0,1,0,0,0,1,1,1,1,28,6,698,1,12,-1,1,-1
2015420034044,2,9,0,18,0,0,0,0,0,0,1,1,5,1,66,10,1390,1,16,-1,1,-1
2015420034056,1,9,0,5,0,0,0,0,0,0,3,1,2,2,24,5,1598,1,13,-1,-1,-1
2015420034056,2,1,0,13,0,0,0,0,0,0,1,1,2,2,28,6,-1,-1,-1,-1,-1,-1
2015420034071,1,9,0,5,9,5,0,0,0,0,1,1,5,2,78,11,1398,2,6,-1,3,-1
2015420034075,1,9,0,18,0,4,0,0,0,0,1,1,6,1,48,8,1956,2,3,-1,1,-1
2015420034075,2,1,0,18,0,1,0,0,0,0,1,1,6,1,29,6,-1,-1,-1,-1,1,-1
2015420034081,1,9,0,5,0,0,0,0,0,0,1,1,1,2,36,7,1686,2,3,-1,1,-1
2015420034081,2,1,0,18,0,0,0,0,0,0,2,1,6,2,43,7,-1,-1,-1,-1,1,-1
2015420034088,1,9,0,18,0,2,0,0,0,0,3,1,6,1,84,11,1596,1,10,-1,2,-1
2015420034096,1,9,0,5,0,5,0,0,0,0,2,1,2,1,68,10,1956,2,4,-1,-1,-1
2015420034096,2,9,0,18,0,1,0,0,0,0,1,1,5,2,63,9,1390,1,24,-1,2,-1
2015420034097,1,9,0,17,0,0,1,0,0,0,3,1,1,1,52,8,1124,1,14,-1,1,-1
2015420034097,2,90,0,18,0,0,0,0,0,0,1,1,1,1,29,6,-1,-1,-1,-1,2,-1
2015420034100,1,19,0,18,0,0,1,0,7,0,1,1,5,1,70,10,2402,2,14,-1,-1,-1
2015420034100,2,9,0,2,9,0,1,0,1,0,2,1,6,3,-1,-1,-1,-1,-1,-1,-1,-1
2015420034101,1,9,0,18,0,0,0,0,0,0,1,1,5,2,30,6,1991,2,10,-1,1,-1
2015420034101,2,9,0,18,0,0,0,0,0,0,2,1,2,2,37,7,1560,2,2,-1,1,-1
2015420034101,3,9,0,10,0,0,0,0,0,0,2,1,5,1,43,7,1598,1,5,-1,1,-1
2015420034102,1,9,0,18,0,0,0,0,0,0,1,1,5,1,75,10,1999,1,11,-1,3,-1
2015420034102,2,9,0,18,0,0,0,0,0,0,1,1,5,1,30,6,1968,2,-1,-1,2,-1
2015420034103,1,19,0,18,0,4,0,0,0,0,1,1,2,1,36,7,1997,2,12,-1,1,-1
2015420034103,2,11,0,9,0,4,0,0,0,0,1,1,1,1,26,6,-1,2,13,-1,1,-1
2015420034113,1,9,0,18,0,1,0,0,0,0,4,1,2,1,64,9,1968,2,4,-1,1,-1
2015420034235,1,9,0,17,0,0,2,10,0,0,1,1,5,1,23,5,2389,1,15,-1,1,-1
2015420034239,1,9,0,18,0,0,0,0,0,0,2,1,6,1,24,5,1398,1,-1,-1,3,-1
2015420034239,2,9,-1,18,0,0,0,0,0,0,1,1,6,3,-1,-1,-1,-1,-1,-1,-1,-1
2015420034262,1,9,0,18,0,0,0,4,0,0,1,1,5,2,77,11,1339,1,8,-1,3,-1
2015420034262,2,9,0,2,0,0,0,0,0,0,3,1,6,3,-1,-1,-1,-1,-1,-1,-1,-1
2015420034262,3,9,0,18,0,0,0,0,0,0,3,1,5,2,68,10,1360,1,6,-1,1,-1
2015420034264,1,9,0,18,0,0,0,0,0,0,1,2,5,2,46,8,1598,1,5,-1,2,-1
2015420034264,2,9,0,3,0,0,0,0,0,0,2,2,6,1,40,7,1598,2,-1,-1,1,-1
2015420034264,3,9,0,3,0,0,0,0,0,0,2,2,6,1,43,7,1769,1,9,-1,1,-1
2015420034264,4,19,0,3,0,0,0,0,0,0,2,2,6,1,44,7,1968,2,5,-1,1,-1
2015420034268,1,19,0,18,0,0,0,0,0,0,3,1,5,1,50,8,2148,2,10,-1,1,-1
2015420034272,1,9,0,18,0,5,5,11,0,0,3,1,5,2,49,8,898,1,-1,-1,1,-1
2015420034338,1,9,0,7,0,2,0,0,0,0,1,1,6,1,43,7,1368,1,2,-1,3,-1
2015420034338,2,9,0,18,0,1,0,0,0,0,1,1,6,2,24,5,1390,1,18,-1,3,-1
2015420034408,1,9,0,14,0,8,0,8,0,0,1,1,6,1,39,7,1242,1,14,-1,1,-1
2015420034408,2,9,0,2,0,8,0,0,0,0,4,1,5,2,19,4,998,1,1,-1,1,-1
2015420034411,1,19,0,18,0,1,0,0,0,0,1,1,1,1,24,5,1998,2,10,-1,1,-1
2015420034411,2,9,0,10,0,1,0,0,0,0,2,1,1,1,29,6,1560,2,3,-1,1,-1
2015420034412,1,98,1,18,0,1,0,0,0,0,0,1,6,3,-1,-1,-1,-1,-1,-1,-1,-1
2015420034412,2,9,0,18,0,1,0,0,0,0,4,1,6,2,73,10,1598,1,4,-1,2,-1
2015420034412,3,9,0,2,0,1,0,0,0,0,4,1,6,3,-1,-1,-1,-1,-1,-1,-1,-1
2015420034412,4,9,0,2,0,1,0,0,0,0,1,1,6,3,-1,-1,-1,-1,-1,-1,-1,-1
2015420034414,1,9,0,18,0,1,0,0,0,0,4,1,6,3,50,8,-1,-1,-1,-1,-1,-1
2015420034417,1,9,0,18,0,0,1,11,0,0,1,1,5,1,28,6,1798,1,7,-1,1,-1
2015420034465,1,9,0,2,0,2,0,0,0,0,1,1,2,1,56,9,1390,1,13,-1,1,-1
2015420034482,1,9,0,18,0,1,0,0,0,0,3,1,6,1,25,5,1995,2,4,-1,1,-1