Accident_Index,Vehicle_Reference,Vehicle_Type,Towing_and_Articulation,Vehicle_Manoeuvre,Vehicle_Location-Restricted_Lane,Junction_Location,Skidding_and_Overturning,Hit_Object_in_Carriageway,Vehicle_Leaving_Carriageway,Hit_Object_off_Carriageway,1st_Point_of_Impact,Was_Vehicle_Left_Hand_Drive?,Journey_Purpose_of_Driver,Sex_of_Driver,Age_of_Driver,Age_Band_of_Driver,Engine_Capacity_(CC),Propulsion_Code,Age_of_Vehicle,Driver_IMD_Decile,Driver_Home_Area_Type,Vehicle_IMD_Decile
2015420034482,2,9,0,18,0,1,0,0,0,0,1,1,6,1,53,8,1796,1,12,-1,1,-1
2015420034506,1,19,0,14,0,2,1,0,7,0,1,1,1,1,23,5,2198,2,2,-1,1,-1
2015420034506,2,9,0,18,0,1,1,0,0,0,1,1,5,2,41,7,1560,2,8,-1,2,-1
2015420034506,3,9,0,3,0,2,0,0,0,0,3,1,5,2,38,7,2969,2,8,-1,1,-1
2015420034506,4,9,0,18,0,1,0,0,0,0,1,1,6,2,18,4,1149,1,5,-1,2,-1
2015420034511,1,9,0,18,0,1,1,4,0,0,4,1,3,2,54,8,1796,1,11,-1,1,-1
2015420034511,2,9,0,18,0,8,0,0,0,0,1,1,2,2,25,5,1349,1,6,-1,1,-1
2015420034511,3,19,0,2,0,2,0,0,0,0,2,1,6,3,-1,-1,-1,-1,-1,-1,-1,-1
2015420034512,1,9,0,17,0,8,0,0,0,0,1,1,2,1,47,8,2435,1,16,-1,3,-1
2015420034512,2,9,0,4,0,8,0,0,0,0,4,1,1,1,31,6,1560,2,3,-1,1,-1
2015420034515,1,9,0,18,0,0,0,0,0,0,4,1,2,1,50,8,2171,1,14,-1,1,-1
2015420034529,1,9,0,5,9,0,0,0,0,0,1,1,2,2,27,6,1984,1,15,-1,1,-1
2015420034532,1,9,0,9,0,0,0,0,0,0,1,1,5,2,79,11,2316,1,28,-1,1,-1
2015420034532,2,3,0,18,0,0,5,0,0,0,3,1,5,1,24,5,125,1,9,-1,1,-1
2015420034533,1,90,1,18,0,0,0,0,0,0,1,1,1,1,62,9,-1,-1,-1,-1,1,-1
2015420034533,2,9,0,18,0,0,0,0,0,0,2,1,1,1,31,6,1560,2,2,-1,1,-1
2015420034534,1,9,0,13,0,0,1,0,7,3,4,1,6,1,27,6,2979,1,14,-1,1,-1
2015420034534,2,9,0,2,9,0,0,0,0,0,2,1,6,1,59,9,1360,1,7,-1,1,-1
2015420034534,3,9,0,2,9,0,0,0,0,0,4,1,6,3,-1,-1,-1,-1,-1,-1,-1,-1
2015420034534,4,9,0,2,9,0,0,0,0,0,1,1,6,3,-1,-1,-1,-1,-1,-1,-1,-1
2015420034534,5,9,0,2,9,0,0,0,0,0,3,1,6,3,-1,-1,-1,-1,-1,-1,-1,-1
2015420034536,1,8,0,18,0,0,0,0,0,0,3,1,1,1,40,7,1997,2,1,-1,-1,-1
2015420034537,1,9,0,18,0,0,0,0,0,0,0,1,6,1,20,4,-1,-1,-1,-1,-1,-1
2015420034537,2,9,0,13,0,0,0,0,0,0,3,1,2,1,39,7,2499,2,12,-1,1,-1
2015420034537,3,9,0,13,0,0,1,10,7,0,3,1,2,1,22,5,1999,1,9,-1,1,-1
2015420034539,1,9,0,18,0,8,0,0,0,0,1,1,1,1,44,7,-1,-1,-1,-1,1,-1
2015420034541,1,9,0,18,0,4,0,0,0,0,1,1,1,1,78,11,1753,2,19,-1,2,-1
2015420034541,2,9,0,18,0,8,0,0,0,0,1,1,5,2,66,10,1598,1,13,-1,1,-1
2015420034548,1,9,0,18,0,1,0,0,0,0,1,1,5,1,82,11,1598,1,15,-1,1,-1
2015420034548,2,9,0,5,0,6,0,0,0,0,1,1,5,2,28,6,1299,1,13,-1,1,-1
2015420034551,1,9,0,16,0,2,0,10,0,0,1,1,6,2,34,6,1948,1,14,-1,1,-1
2015420034551,2,9,0,3,0,1,0,0,0,0,1,1,5,1,25,5,2494,1,11,-1,1,-1
2015420034553,1,9,0,5,0,7,0,0,0,0,1,1,6,1,18,4,1149,1,5,-1,1,-1
2015420034553,2,9,0,3,0,7,0,0,0,0,2,1,5,1,51,8,1248,2,2,-1,1,-1
2015420034554,1,9,0,18,0,8,1,0,2,7,3,1,5,1,45,7,1997,1,16,-1,1,-1
2015420034559,1,1,0,9,0,0,0,0,0,0,3,1,2,1,39,7,-1,-1,-1,-1,2,-1
2015420034559,2,9,0,18,0,0,0,0,0,0,1,1,2,1,17,4,1248,1,2,-1,2,-1
2015420034561,1,9,0,18,0,0,1,0,2,0,1,1,5,1,19,4,-1,-1,-1,-1,1,-1
2015420034565,1,19,0,16,0,0,1,0,1,0,1,1,1,1,28,6,-1,-1,-1,-1,2,-1
2015420034565,2,20,0,17,0,0,0,0,1,0,1,1,5,2,31,6,3920,2,14,-1,1,-1
2015420034594,1,9,0,4,0,1,1,0,0,0,1,1,5,2,49,8,2351,1,15,-1,1,-1
2015420034594,2,9,0,4,0,1,0,0,0,0,2,1,1,1,48,8,-1,-1,-1,-1,1,-1
2015420034594,3,9,0,4,0,1,0,0,0,0,2,1,6,2,25,5,1149,1,7,-1,1,-1
2015420034676,1,9,0,4,0,0,1,0,0,0,1,1,5,1,30,6,1390,1,4,-1,1,-1
2015420034676,2,9,0,3,0,0,0,0,0,0,2,1,2,2,49,8,1242,1,11,-1,1,-1
2015420034681,1,19,0,18,0,1,0,0,0,0,1,1,1,1,27,6,2400,2,13,-1,1,-1
2015420034681,2,9,0,3,0,1,0,0,0,0,2,1,5,1,35,6,1769,1,12,-1,3,-1
2015420034681,3,9,0,3,0,1,0,0,0,0,2,1,6,2,33,6,1360,1,12,-1,1,-1
2015420034694,1,9,0,18,0,1,0,0,0,0,1,1,2,1,38,7,1796,1,12,-1,2,-1
2015420034694,2,9,0,4,0,1,0,0,0,0,2,1,5,2,20,4,998,1,1,-1,1,-1
2015420034695,1,9,0,9,0,6,0,0,0,0,3,1,5,1,29,6,2488,2,10,-1,1,-1
2015420034695,2,9,0,18,0,1,0,0,0,0,1,1,5,1,27,6,999,1,3,-1,1,-1
2015420034697,1,9,0,13,0,1,0,0,0,0,3,1,5,2,69,10,1242,1,19,-1,2,-1
2015420034697,2,9,0,10,0,1,0,0,0,0,3,1,6,1,43,7,1360,1,11,-1,3,-1
2015420034697,3,9,0,18,0,1,0,0,0,0,3,1,6,2,53,8,1242,1,2,-1,1,-1
2015420034698,1,9,0,18,0,1,1,0,0,0,1,1,5,1,66,10,1398,2,12,-1,3,-1
2015420034706,1,9,0,18,0,1,1,0,0,0,1,1,2,1,54,8,1896,2,12,-1,1,-1
2015420034706,2,9,0,3,0,1,0,0,0,0,4,1,6,1,50,8,2148,2,9,-1,1,-1
2015420034706,3,9,0,3,0,1,0,0,0,0,3,1,5,1,71,10,1999,1,7,-1,1,-1
2015420034706,4,19,0,3,0,1,0,0,0,0,4,1,2,1,44,7,1870,2,9,-1,1,-1
2015420034789,1,9,0,1,9,0,0,0,0,0,2,1,6,2,39,7,1598,1,4,-1,2,-1
2015420034802,1,9,0,18,0,2,1,10,0,0,0,1,6,3,-1,-1,-1,-1,-1,-1,-1,-1
2015420034823,1,-1,-1,18,0,1,0,0,0,0,1,1,6,1,-1,-1,-1,-1,-1,-1,-1,-1
2015420034825,1,9,0,18,0,1,1,0,1,0,1,1,6,1,34,6,1493,1,19,-1,1,-1
2015420034825,2,9,0,18,0,1,1,0,7,10,3,1,6,1,56,9,1995,2,2,-1,1,-1
2015420034826,1,98,1,18,0,0,0,0,0,0,3,2,1,1,58,9,-1,-1,-1,-1,-1,-1
2015420034826,2,9,0,18,0,0,0,0,0,0,4,1,6,1,45,7,1595,1,-1,-1,1,-1
2015420034827,1,9,0,15,0,0,0,0,7,0,1,1,5,1,18,4,1390,1,11,-1,1,-1
2015420034827,2,9,0,18,0,0,0,0,0,0,3,1,5,1,46,8,1999,1,10,-1,1,-1
2015420034829,1,19,5,18,0,0,0,0,0,0,1,1,6,3,-1,-1,-1,-1,-1,-1,-1,-1
2015420034829,2,9,0,18,0,0,1,0,1,4,4,1,2,1,46,8,1796,1,10,-1,1,-1
2015420034941,1,9,0,5,0,1,0,0,0,0,1,1,6,2,43,7,1598,1,10,-1,1,-1
2015420034941,2,9,0,3,0,1,0,0,0,0,2,1,5,2,49,8,1560,2,9,-1,1,-1
2015420034946,1,9,0,18,0,0,0,0,1,1,1,1,2,1,18,4,1242,1,13,-1,3,-1
2015420034957,1,9,0,6,0,0,0,0,0,0,3,1,2,2,25,5,1999,1,10,-1,1,-1
2015420034957,2,3,0,18,0,0,0,0,0,0,1,1,2,1,31,6,125,1,2,-1,1,-1
2015420034964,1,3,0,18,0,1,0,0,0,0,4,1,2,1,56,9,108,1,2,-1,1,-1
2015420034964,2,9,0,9,0,1,0,0,0,0,1,1,3,2,49,8,1587,1,12,-1,1,-1
2015420034975,1,5,0,4,0,1,5,0,0,0,1,1,5,1,50,8,1690,1,2,-1,1,-1
2015420034975,2,9,0,3,0,1,0,0,0,0,2,1,6,2,37,7,1796,1,12,-1,1,-1
2015420034978,1,9,0,5,0,3,0,0,0,0,3,1,5,2,70,10,1348,1,14,-1,2,-1
2015420034978,2,1,0,18,0,8,0,0,0,0,4,1,5,1,70,10,-1,-1,-1,-1,1,-1
2015420034981,1,21,0,18,0,0,0,0,0,0,1,1,1,1,50,8,12777,2,8,-1,1,-1
2015420034981,2,9,0,18,0,0,0,0,0,0,2,1,5,1,55,8,2685,2,13,-1,1,-1
2015420034985,1,9,0,9,0,1,0,0,0,0,4,1,2,1,67,10,1499,1,1,-1,1,-1
2015420034985,2,9,0,18,0,1,1,0,1,11,1,1,2,2,54,8,1598,1,11,-1,1,-1
2015420034996,1,9,0,18,0,1,0,0,0,0,3,1,6,1,46,8,2143,2,2,-1,3,-1
2015420034996,2,9,0,18,0,1,0,7,0,0,3,1,6,2,18,4,1149,1,14,-1,1,-1
2015420035010,1,9,0,9,0,6,1,0,7,0,1,1,5,1,81,11,1995,2,2,-1,3,-1
2015420035010,2,9,0,18,0,8,1,0,1,0,4,1,5,2,82,11,1149,1,9,-1,2,-1
2015420035013,1,9,0,4,0,0,0,0,0,0,1,1,6,1,43,7,1584,1,11,-1,1,-1
2015420035015,1,9,0,7,0,0,0,0,0,0,1,1,1,1,34,6,2987,2,7,-1,1,-1
2015420035015,2,4,0,18,0,0,0,0,0,0,3,1,2,1,43,7,249,1,5,-1,1,-1
2015420035015,3,9,0,18,0,0,0,0,0,0,2,1,5,2,30,6,1461,2,3,-1,-1,-1
2015420035036,1,9,0,9,0,1,0,0,0,0,3,1,3,2,45,7,1968,2,2,-1,1,-1
2015420035036,2,3,0,13,0,1,0,0,7,0,0,1,1,1,40,7,124,1,5,-1,1,-1
2015420035119,1,9,0,18,0,1,1,0,1,2,1,1,6,3,20,4,1998,1,10,-1,-1,-1
2015420035130,1,9,0,9,0,6,0,0,0,0,4,1,2,1,51,8,-1,-1,-1,-1,2,-1
2015420035130,2,5,0,18,0,1,2,0,1,0,1,1,5,1,53,8,600,1,11,-1,1,-1
2015420035133,1,9,0,5,0,1,0,0,0,0,1,1,2,2,48,8,1598,1,8,-1,1,-1
2015420035133,2,1,0,18,0,8,0,0,0,0,1,1,4,2,14,3,-1,-1,-1,-1,1,-1
2015420035152,1,9,0,5,0,8,0,0,0,0,1,1,5,2,77,11,998,1,4,-1,3,-1
2015420035152,2,9,0,18,0,8,0,0,0,0,4,1,1,2,33,6,1598,1,3,-1,1,-1
2015420035161,1,5,0,17,0,2,0,0,0,0,3,1,6,1,51,8,798,1,4,-1,1,-1
2015420035164,1,9,0,18,0,8,0,0,0,0,1,1,6,2,83,11,1596,1,-1,-1,1,-1
2015420035164,2,1,0,9,0,8,0,0,0,0,3,1,2,1,54,8,-1,-1,-1,-1,1,-1
2015420035166,1,9,0,3,0,1,0,0,0,0,1,1,3,2,31,6,1796,1,8,-1,2,-1
2015420035166,2,9,0,9,0,1,0,10,0,0,1,1,5,1,32,6,1364,1,11,-1,1,-1
2015420035168,1,9,0,12,0,0,0,0,0,0,3,1,2,1,47,8,3628,2,6,-1,1,-1
2015420035168,2,5,0,18,0,0,0,0,0,0,4,1,5,1,27,6,1000,1,-1,-1,1,-1
2015420035169,1,3,0,9,0,5,5,0,0,0,1,1,5,2,49,8,125,1,11,-1,2,-1
2015420035170,1,9,0,18,0,0,0,0,0,0,1,1,6,1,84,11,3199,1,17,-1,1,-1
2015420035170,2,9,0,3,0,0,0,0,7,9,2,1,2,1,25,5,-1,-1,-1,-1,1,-1
2015420035172,1,9,0,18,0,0,0,0,0,0,1,2,5,2,36,7,1868,2,14,-1,1,-1
2015420035172,2,9,0,3,0,0,0,0,0,0,2,2,5,1,46,8,1242,1,1,-1,-1,-1
2015420035172,3,9,0,3,0,0,0,0,0,0,2,2,6,1,52,8,1997,2,3,-1,1,-1
2015420035173,1,8,0,16,0,0,0,0,7,10,1,1,2,1,47,8,2664,2,15,-1,1,-1
2015420035221,1,9,0,4,0,1,0,0,0,0,1,1,5,1,67,10,1399,2,3,-1,1,-1
2015420035262,1,90,0,4,0,0,0,0,0,0,1,1,1,1,22,5,-1,-1,-1,-1,1,-1
2015420035262,2,9,0,4,0,0,0,0,0,0,2,1,6,1,27,6,1598,2,2,-1,1,-1
2015420035262,3,9,0,4,0,0,0,0,0,0,2,1,6,1,34,6,1388,1,12,-1,1,-1
2015420035295,1,90,1,12,0,0,0,0,0,0,3,1,1,1,42,7,-1,-1,-1,-1,-1,-1
2015420035295,2,9,0,18,0,0,1,0,5,0,4,1,2,2,48,8,1796,1,12,-1,1,-1
2015420035297,1,11,0,9,0,6,0,0,0,0,4,1,5,1,59,9,9000,2,2,-1,1,-1
2015420035309,1,9,0,7,0,2,0,0,0,0,2,1,6,1,63,9,2982,2,-1,-1,-1,-1
2015420035309,2,9,0,18,0,2,0,0,0,0,1,1,6,1,23,5,2000,1,16,-1,3,-1
2015420035312,1,9,0,18,0,1,0,0,0,0,1,1,5,1,51,8,1198,1,11,-1,1,-1
2015420035312,2,9,0,18,0,1,0,0,0,0,2,1,5,1,52,8,1499,2,-1,-1,1,-1
2015420035314,1,9,0,9,0,1,0,0,0,0,1,1,5,2,36,7,1997,2,10,-1,1,-1
2015420035314,2,9,0,18,0,1,0,0,0,0,4,1,5,2,29,6,1461,2,-1,-1,1,-1
2015420035315,1,98,0,18,0,1,0,0,0,0,1,1,6,3,-1,-1,-1,-1,-1,-1,-1,-1
2015420035315,2,9,-1,5,0,1,0,0,0,0,2,1,5,1,29,6,1794,1,12,-1,1,-1
2015420035316,1,9,0,9,0,1,0,0,0,0,2,1,6,2,26,6,1587,1,13,-1,1,-1
2015420035316,2,1,0,7,0,1,0,0,0,0,1,1,6,1,16,4,-1,-1,-1,-1,1,-1
2015420035320,1,19,0,1,0,8,0,0,0,0,2,1,5,1,27,6,1560,2,1,-1,-1,-1
2015420035322,1,9,0,18,0,4,2,9,0,0,1,1,2,1,27,6,-1,-1,-1,-1,3,-1
2015420035323,1,9,0,17,0,0,0,0,0,0,1,1,5,1,83,11,1229,1,-1,-1,3,-1
2015420035323,2,9,0,18,0,0,0,0,0,0,1,1,6,2,44,7,1461,2,1,-1,2,-1
2015420035323,3,9,0,17,0,0,0,0,0,0,3,1,2,1,41,7,1560,2,10,-1,1,-1
2015420035325,1,3,0,4,0,0,1,0,0,0,3,1,2,2,35,6,125,1,4,-1,1,-1
2015420035327,1,19,0,5,0,2,0,0,0,0,4,1,5,1,36,7,2198,2,1,-1,1,-1
2015420035328,1,9,0,1,9,6,0,0,0,0,2,1,6,1,78,11,1339,1,11,-1,1,-1
2015420035332,1,9,0,11,0,0,0,0,1,0,4,1,6,1,52,8,1998,2,7,-1,1,-1
2015420035332,2,9,0,18,0,0,0,0,0,0,3,1,5,1,28,6,1560,2,3,-1,1,-1
2015420035333,1,9,0,4,0,1,1,0,1,0,1,1,1,1,44,7,2494,2,1,-1,1,-1
2015420035333,2,9,0,18,0,8,0,0,7,1,4,1,6,1,61,9,1560,2,1,-1,3,-1
2015420035336,1,9,0,4,0,0,0,0,0,0,1,1,5,1,27,6,1399,2,9,-1,1,-1
2015420035336,2,9,0,4,0,0,0,0,0,0,2,1,5,2,29,6,1398,1,11,-1,1,-1
2015420035337,1,9,0,18,0,0,1,0,0,0,1,1,5,1,47,8,1398,1,12,-1,1,-1
2015420035337,2,9,0,18,0,0,0,0,0,0,1,1,5,2,24,5,1229,1,10,-1,1,-1
2015420035337,3,9,0,18,0,0,0,0,0,0,2,1,5,1,59,9,1198,1,6,-1,1,-1
2015420035337,4,9,0,18,0,0,0,0,0,0,2,1,5,2,25,5,1242,1,2,-1,1,-1
2015420035337,5,9,0,18,0,0,0,0,0,0,2,1,5,1,27,6,1968,2,2,-1,3,-1
2015420035339,1,9,0,17,0,0,5,0,0,0,1,1,5,1,21,5,1242,1,7,-1,3,-1
2015420035340,1,3,0,18,0,0,0,0,0,0,1,1,5,1,37,7,124,1,-1,-1,2,-1
2015420035341,1,8,0,5,0,0,0,0,0,0,3,1,1,2,59,9,1999,1,8,-1,1,-1
2015420035343,1,9,0,18,0,0,0,4,0,0,1,1,5,2,40,7,1956,2,4,-1,3,-1
2015420035343,2,9,0,2,0,0,0,0,1,0,2,1,6,1,30,6,1988,1,11,-1,1,-1
2015420035347,1,5,0,5,0,8,1,10,0,0,4,1,6,1,40,7,599,1,2,-1,1,-1
2015420035348,1,3,0,18,0,8,5,0,0,0,3,1,6,1,35,6,124,1,1,-1,1,-1
2015420035350,1,9,0,12,0,0,1,0,0,0,3,1,6,1,17,4,1388,1,13,-1,1,-1
2015420035350,2,9,0,18,0,0,1,0,4,6,2,1,5,1,73,10,1560,2,4,-1,2,-1
2015420035353,1,9,0,6,0,1,0,0,0,0,1,1,6,1,81,11,796,1,14,-1,-1,-1
2015420035354,1,9,0,17,0,8,0,0,0,0,1,1,6,2,61,9,1461,2,10,-1,1,-1
2015420035355,1,98,0,18,0,0,0,0,0,0,4,1,6,3,-1,-1,-1,-1,-1,-1,-1,-1
2015420035397,1,5,0,4,0,0,0,0,0,0,1,1,1,1,36,7,599,1,5,-1,1,-1
2015420035397,2,9,0,3,0,0,0,0,0,0,2,1,1,2,37,7,1598,1,2,-1,1,-1
2015420035412,1,9,0,16,0,3,0,0,0,0,1,1,2,1,42,7,1986,2,11,-1,1,-1
2015420035412,2,9,0,16,0,3,0,0,0,0,2,1,5,1,66,10,2148,2,12,-1,1,-1
2015420035412,3,9,0,16,0,3,0,0,0,0,2,1,2,2,41,7,1248,1,3,-1,1,-1
2015420035425,1,9,0,9,0,6,0,0,0,0,1,1,2,2,34,6,1461,2,5,-1,2,-1
2015420035425,2,5,0,18,0,1,0,0,0,0,1,1,2,1,46,8,955,1,12,-1,1,-1
2015420035434,1,9,0,5,0,0,0,0,0,0,4,1,2,1,53,8,1248,2,7,-1,1,-1
2015420035473,1,9,0,7,0,6,0,0,0,0,0,1,5,1,79,11,1988,1,17,-1,1,-1
2015420035473,2,9,0,18,0,1,0,0,0,0,1,1,5,1,80,11,1984,1,11,-1,2,-1
2015420035473,3,9,0,18,0,1,1,0,7,10,3,1,5,2,76,11,1229,1,-1,-1,1,-1
2015420035473,4,9,0,18,0,1,0,0,0,0,1,1,2,1,50,8,1985,1,14,-1,3,-1
2015420035474,1,9,0,18,0,0,0,0,0,0,3,1,5,1,76,11,2400,2,4,-1,2,-1
2015420035474,2,9,0,18,0,0,0,0,0,0,3,1,6,2,43,7,1595,1,7,-1,1,-1
2015420035477,1,9,0,18,0,0,1,0,0,0,1,1,5,1,41,7,1796,1,7,-1,1,-1
2015420035477,2,9,0,4,0,0,0,0,0,0,2,1,5,2,56,9,1997,1,1,-1,1,-1
2015420035479,1,5,0,13,0,0,2,0,0,0,0,1,6,1,57,9,599,1,6,-1,1,-1
2015420035479,2,9,0,18,0,0,0,0,0,0,4,1,2,1,37,7,1900,2,9,-1,1,-1
2015420035482,1,9,0,3,0,7,0,0,0,0,1,1,5,1,24,5,1796,1,15,-1,1,-1
2015420035482,2,9,0,3,0,7,0,0,0,0,2,1,5,1,18,4,1388,1,6,-1,1,-1
2015420035483,1,9,0,7,0,8,0,0,0,0,1,1,5,1,30,6,1988,1,13,-1,1,-1
2015420035483,2,8,0,18,0,1,0,4,0,0,1,1,1,1,27,6,1956,2,5,-1,1,-1
2015420035483,3,9,0,2,0,2,0,0,0,0,3,1,6,3,-1,-1,-1,-1,-1,-1,-1,-1
2015420035485,1,9,0,18,0,1,0,2,0,0,1,1,6,1,48,8,1868,2,14,-1,3,-1
2015420035531,1,9,0,18,0,0,0,0,0,0,1,1,5,1,30,6,1388,1,10,-1,1,-1
2015420035531,2,8,0,4,6,0,0,0,1,0,0,1,1,1,47,8,-1,-1,-1,-1,1,-1
2015420035542,1,9,0,7,0,6,0,0,0,0,3,1,3,2,42,7,1998,2,11,-1,1,-1
2015420035542,2,9,0,18,0,1,0,0,0,0,4,1,3,2,36,7,1360,1,5,-1,1,-1
2015420035558,1,9,0,9,0,1,0,0,0,0,1,1,2,2,23,5,1242,1,5,-1,1,-1
2015420035558,2,9,0,18,0,8,0,0,0,0,1,1,3,2,40,7,1896,2,12,-1,1,-1
2015420035576,1,9,0,18,0,1,0,0,0,0,3,1,2,2,51,8,1200,1,-1,-1,3,-1
2015420035586,1,9,0,4,0,4,0,0,0,0,1,1,6,1,18,4,1596,1,6,-1,3,-1
2015420035586,2,9,0,3,0,1,0,0,0,0,2,1,6,2,56,9,1242,1,5,-1,3,-1
2015420035604,1,9,0,9,5,0,0,0,0,0,3,1,6,2,43,7,1364,1,1,-1,1,-1
2015420035604,2,1,0,18,5,0,0,0,0,0,1,1,4,1,20,4,-1,-1,-1,-1,1,-1
2015420035616,1,9,0,18,0,1,0,0,0,0,4,1,5,1,56,9,1796,1,13,-1,-1,-1
2015420035617,1,9,0,18,0,8,0,0,0,0,1,1,6,2,48,8,1598,1,1,-1,2,-1
2015420035619,1,9,0,18,0,1,0,0,0,0,1,1,6,1,62,9,1596,1,6,-1,1,-1
2015420035620,1,9,0,9,0,5,0,0,0,0,0,1,6,3,-1,-1,-1,-1,-1,-1,-1,-1
2015420035620,2,19,0,18,0,1,1,0,0,0,1,1,6,1,55,8,1868,2,9,-1,2,-1
2015420035620,3,90,0,4,0,1,0,0,0,0,1,1,6,1,47,8,-1,-1,-1,-1,1,-1
2015420035621,1,9,0,16,0,0,2,0,0,0,1,1,2,2,59,9,2290,1,8,-1,2,-1
2015420035621,2,9,0,2,0,0,0,0,2,11,2,1,5,2,30,6,875,1,4,-1,-1,-1
2015420035623,1,9,0,16,0,0,1,0,7,10,1,1,5,2,19,4,1299,1,12,-1,1,-1
2015420035624,1,9,0,18,0,8,0,0,7,4,1,1,6,1,37,7,1956,2,-1,-1,-1,-1
2015420035637,1,9,0,18,0,0,0,0,0,0,1,1,6,1,-1,-1,-1,-1,-1,-1,-1,-1
2015420035656,1,19,0,4,0,0,0,0,0,0,1,1,1,1,47,8,5132,2,1,-1,1,-1
2015420035656,2,9,0,10,0,0,0,0,0,0,2,1,2,1,44,7,1196,1,24,-1,1,-1
2015420035691,1,98,0,18,0,0,0,0,0,0,1,1,2,1,37,7,1870,2,9,-1,1,-1
2015420035691,2,98,0,3,0,0,0,0,0,0,2,1,2,1,62,9,2500,2,10,-1,1,-1
2015420035691,3,9,0,3,0,0,0,0,0,0,2,1,2,1,31,6,1997,2,1,-1,1,-1
2015420035713,1,9,0,5,0,4,0,0,0,0,1,1,5,2,54,8,1796,1,6,-1,1,-1
2015420035713,2,5,0,18,0,8,2,0,0,0,1,1,2,1,61,9,821,1,1,-1,1,-1
2015420035733,1,9,0,9,0,1,0,0,0,0,3,1,1,1,52,8,-1,-1,-1,-1,1,-1
2015420035733,2,3,0,17,0,1,2,0,0,0,1,1,1,1,55,8,125,1,2,-1,1,-1
2015420035738,1,9,0,18,0,0,1,4,0,0,4,1,6,1,31,6,1999,1,11,-1,1,-1
2015420035738,2,9,0,2,0,0,0,0,0,0,2,1,6,3,-1,-1,-1,-1,-1,-1,-1,-1
2015420035738,3,9,0,2,0,0,0,0,0,0,1,1,6,3,-1,-1,-1,-1,-1,-1,-1,-1
2015420035738,4,9,0,2,0,0,0,0,0,0,2,1,6,1,41,7,-1,-1,-1,-1,1,-1
2015420035767,1,9,0,5,0,0,0,0,0,0,1,1,5,1,-1,-1,998,1,1,-1,-1,-1
2015420035767,2,9,0,2,0,0,0,0,0,0,0,1,6,3,-1,-1,-1,-1,-1,-1,-1,-1
2015420035768,1,9,0,9,0,6,0,0,0,0,1,1,2,1,47,8,2495,2,10,-1,2,-1
2015420035768,2,9,0,18,0,8,0,0,0,0,4,1,5,1,80,11,1242,1,13,-1,1,-1
2015420035769,1,9,0,5,0,6,0,0,0,0,1,1,6,1,84,11,1299,1,13,-1,1,-1
2015420035769,2,19,0,18,0,1,0,0,0,0,1,1,6,1,25,5,1753,2,9,-1,1,-1
2015420035769,3,9,0,18,0,1,0,0,0,0,1,1,6,1,25,5,1984,1,13,-1,1,-1
2015420035770,1,9,0,5,0,6,0,0,0,0,4,1,6,2,71,10,1124,1,12,-1,1,-1
2015420035770,2,9,0,18,0,1,0,0,1,0,1,1,6,2,86,11,1150,1,11,-1,1,-1
2015420035771,1,9,0,14,0,0,0,0,0,0,1,1,5,1,20,4,-1,-1,-1,-1,1,-1
2015420035771,2,3,0,18,0,0,0,0,0,0,1,1,6,1,22,5,124,1,-1,-1,2,-1
2015420035771,3,3,0,18,0,0,0,0,0,0,1,1,6,1,21,5,124,1,8,-1,2,-1
2015420035772,1,9,0,18,0,0,0,4,0,0,4,1,5,1,19,4,1248,2,11,-1,3,-1
2015420035772,2,9,0,2,0,0,0,0,0,0,3,1,6,3,-1,-1,-1,-1,-1,-1,-1,-1
2015420035774,1,9,0,18,0,0,0,0,0,0,1,1,5,1,32,6,1798,1,12,-1,3,-1
2015420035774,2,9,0,18,0,0,0,0,1,0,1,1,6,1,56,9,1968,2,1,-1,3,-1
2015420035774,3,9,0,18,0,0,0,0,1,0,1,1,6,2,44,7,1199,1,1,-1,3,-1
2015420035775,1,9,0,18,0,8,0,0,0,0,1,1,2,2,41,7,1796,1,14,-1,1,-1
2015420035775,2,9,0,10,0,8,0,0,0,0,2,1,6,1,55,8,1985,1,12,-1,2,-1
2015420035776,1,9,0,13,0,0,0,0,1,0,1,1,6,3,-1,-1,1587,1,12,-1,-1,-1
2015420035776,2,9,0,18,0,0,0,0,0,0,3,1,5,1,24,5,1242,1,1,-1,1,-1
2015420035777,1,9,0,9,0,8,0,0,0,0,1,1,5,1,25,5,2521,1,6,-1,1,-1
2015420035777,2,3,0,18,0,1,0,0,1,0,1,1,2,1,19,4,124,1,3,-1,2,-1
2015420035807,1,9,0,11,0,0,0,0,0,0,4,1,2,1,47,8,1461,2,3,-1,2,-1
2015420035807,2,9,0,18,0,0,2,0,2,0,3,1,2,1,22,5,1591,1,2,-1,1,-1
2015420035845,1,90,1,12,0,0,0,0,0,0,1,2,1,1,54,8,-1,-1,-1,-1,-1,-1
2015420035845,2,9,0,18,0,0,0,0,0,0,4,1,6,1,50,8,1339,1,10,-1,1,-1
2015420035867,1,9,0,18,0,0,0,0,0,0,1,1,1,1,37,7,1798,8,3,-1,1,-1
2015420035867,2,9,0,4,0,0,0,0,0,0,2,1,2,1,38,7,2993,2,5,-1,1,-1