Accident_Index,Vehicle_Reference,Vehicle_Type,Towing_and_Articulation,Vehicle_Manoeuvre,Vehicle_Location-Restricted_Lane,Junction_Location,Skidding_and_Overturning,Hit_Object_in_Carriageway,Vehicle_Leaving_Carriageway,Hit_Object_off_Carriageway,1st_Point_of_Impact,Was_Vehicle_Left_Hand_Drive?,Journey_Purpose_of_Driver,Sex_of_Driver,Age_of_Driver,Age_Band_of_Driver,Engine_Capacity_(CC),Propulsion_Code,Age_of_Vehicle,Driver_IMD_Decile,Driver_Home_Area_Type,Vehicle_IMD_Decile
2015420035867,3,9,0,4,0,0,0,0,0,0,2,1,2,1,47,8,1560,2,2,-1,1,-1
2015420035879,1,90,1,18,0,0,0,0,0,0,1,1,1,1,55,8,-1,-1,-1,-1,1,-1
2015420035879,2,9,0,3,0,0,0,0,0,0,2,1,6,1,62,9,2143,2,2,-1,1,-1
2015420035879,3,9,0,3,0,0,0,0,0,0,2,1,6,1,47,8,-1,-1,-1,-1,1,-1
2015420035900,1,9,0,18,0,0,0,0,0,0,1,1,6,1,33,6,1910,2,11,-1,3,-1
2015420035911,1,9,0,11,0,2,0,2,0,0,1,1,6,3,-1,-1,1870,2,11,-1,-1,-1
2015420035911,2,9,0,11,0,2,0,0,0,0,2,1,5,2,31,6,1199,2,3,-1,1,-1
2015420035921,1,9,0,2,0,8,0,0,0,0,2,1,6,3,-1,-1,-1,-1,-1,-1,-1,-1
2015420035921,2,1,0,18,0,8,5,0,0,0,1,1,6,1,29,6,-1,-1,-1,-1,-1,-1
2015420035947,1,9,0,18,0,0,1,0,0,0,1,1,2,1,41,7,1794,1,13,-1,1,-1
2015420035947,2,9,0,18,0,0,0,0,0,0,2,1,2,2,48,8,2148,2,10,-1,3,-1
2015420035948,1,9,0,18,0,1,0,0,0,0,4,1,5,2,31,6,1794,1,12,-1,-1,-1
2015420035949,1,9,0,9,0,6,0,0,0,0,1,1,5,2,66,10,1149,1,6,-1,1,-1
2015420035949,2,5,0,5,0,1,1,0,1,10,1,1,6,1,28,6,999,1,-1,-1,2,-1
2015420035952,1,9,0,18,9,0,0,0,0,0,1,1,2,1,70,10,1242,1,12,-1,1,-1
2015420035985,1,9,0,18,0,1,0,0,0,0,1,1,2,1,38,7,1598,1,15,-1,1,-1
2015420036079,1,19,0,18,0,0,0,0,0,0,1,1,2,1,22,5,1248,2,9,-1,1,-1
2015420036079,2,9,0,4,0,0,0,0,0,0,2,1,2,1,55,8,1598,2,-1,-1,1,-1
2015420036089,1,9,0,9,0,5,0,0,0,0,1,1,5,1,89,11,1968,2,8,-1,-1,-1
2015420036112,1,9,0,5,0,0,0,0,0,0,1,1,5,1,53,8,1499,1,1,-1,-1,-1
2015420036112,2,1,0,18,0,0,0,0,0,0,3,1,5,1,4,1,-1,-1,-1,-1,1,-1
2015420036114,1,9,0,5,0,1,0,0,0,0,1,1,6,1,28,6,1598,1,5,-1,1,-1
2015420036114,2,9,0,4,0,1,0,0,0,0,2,1,5,1,55,8,1275,1,21,-1,1,-1
2015420036115,1,9,0,18,0,1,0,0,0,0,1,1,5,1,68,10,1197,1,3,-1,3,-1
2015420036115,2,9,0,3,0,1,0,0,0,0,2,1,5,2,51,8,1368,1,5,-1,2,-1
2015420036116,1,21,1,11,0,0,0,0,0,0,4,1,1,1,49,8,12902,2,2,-1,1,-1
2015420036116,2,9,0,18,0,0,1,0,0,0,3,1,5,1,26,6,998,1,17,-1,1,-1
2015420036116,3,9,0,18,0,0,0,0,0,0,1,1,1,1,42,7,1598,1,4,-1,1,-1
2015420036117,1,9,0,18,0,0,0,0,0,0,1,1,6,3,-1,-1,-1,-1,-1,-1,-1,-1
2015420036120,1,19,0,4,0,0,0,0,0,0,1,1,1,1,57,9,2143,2,2,-1,-1,-1
2015420036120,2,9,0,3,0,0,0,0,0,0,2,1,6,1,43,7,1242,1,-1,-1,1,-1
2015420036120,3,9,0,3,0,0,0,0,0,0,2,2,5,1,21,5,1796,1,3,-1,1,-1
2015420036121,1,98,0,4,0,0,0,0,0,0,1,1,1,1,21,5,2298,2,4,-1,1,-1
2015420036121,2,9,0,4,0,0,0,0,0,0,2,1,6,2,35,6,2685,2,11,-1,1,-1
2015420036122,1,9,0,18,0,0,0,0,0,0,1,1,6,1,64,9,1968,2,4,-1,2,-1
2015420036124,1,8,0,18,0,1,0,0,0,0,4,1,1,1,48,8,1896,2,5,-1,1,-1
2015420036125,1,9,-1,1,9,0,0,0,0,0,2,1,6,1,-1,-1,1986,1,6,-1,1,-1
2015420036137,1,9,0,9,0,1,0,0,0,0,1,1,2,2,23,5,1198,1,2,-1,1,-1
2015420036137,2,9,0,18,0,1,1,0,0,0,1,1,6,2,60,9,1328,1,7,-1,1,-1
2015420036137,3,9,0,10,0,1,0,0,0,0,1,1,6,2,31,6,1386,1,9,-1,1,-1
2015420036137,4,9,0,3,0,1,0,0,0,0,1,1,6,2,26,6,1198,1,1,-1,1,-1
2015420036139,1,8,0,9,0,2,0,0,1,1,4,1,1,1,41,7,1798,8,2,-1,1,-1
2015420036140,1,9,0,10,0,1,0,0,0,0,1,1,5,2,24,5,1198,1,1,-1,1,-1
2015420036140,2,9,0,18,0,8,0,0,0,0,1,1,1,1,48,8,1997,2,7,-1,3,-1
2015420036142,1,9,0,17,0,0,0,0,1,9,1,1,5,2,57,9,1590,1,20,-1,-1,-1
2015420036142,2,98,0,16,0,0,0,0,0,0,0,1,6,3,-1,-1,-1,-1,-1,-1,-1,-1
2015420036147,1,9,0,9,0,6,0,0,0,0,3,1,5,1,71,10,1968,2,5,-1,2,-1
2015420036147,2,9,0,18,0,8,1,0,0,0,1,1,5,1,26,6,1242,1,17,-1,1,-1
2015420036148,1,2,0,18,0,0,0,4,0,0,1,1,6,1,16,4,49,1,6,-1,3,-1
2015420036148,2,9,0,2,0,0,0,0,0,0,2,1,6,3,-1,-1,-1,-1,-1,-1,-1,-1
2015420036152,1,9,0,18,0,0,0,0,1,2,1,1,6,1,37,7,1360,1,10,-1,1,-1
2015420036153,1,9,0,9,0,0,1,0,0,0,4,1,5,2,28,6,1242,1,11,-1,2,-1
2015420036153,2,9,0,18,0,0,0,0,0,0,1,1,5,1,23,5,1596,1,-1,-1,1,-1
2015420036154,1,9,0,18,0,2,0,0,0,0,3,1,6,1,-1,-1,3628,2,5,-1,-1,-1
2015420036154,2,9,0,3,0,1,0,0,0,0,4,1,6,2,37,7,1871,2,11,-1,1,-1
2015420036156,1,98,1,4,0,0,0,0,0,0,1,1,1,1,-1,-1,12900,2,6,-1,2,-1
2015420036156,2,9,0,3,0,0,0,0,0,0,2,1,6,1,44,7,1968,2,2,-1,1,-1
2015420036156,3,98,-1,3,0,0,0,0,0,0,-1,1,1,3,-1,-1,-1,-1,-1,-1,-1,-1
2015420036158,1,3,0,7,9,6,0,0,0,0,4,1,2,1,20,4,125,1,-1,-1,1,-1
2015420036227,1,3,0,18,0,1,0,0,0,0,1,1,1,1,18,4,125,1,6,-1,-1,-1
2015420036227,2,22,0,18,0,1,0,0,0,0,1,1,5,1,80,11,-1,-1,-1,-1,-1,-1
2015420036279,1,90,1,4,0,0,0,0,0,0,2,1,1,1,50,8,-1,-1,-1,-1,3,-1
2015420036279,2,98,0,18,0,0,1,0,0,0,1,1,1,1,59,9,1968,2,2,-1,1,-1
2015420036313,1,9,0,18,0,2,0,0,0,0,1,1,1,1,37,7,-1,-1,-1,-1,3,-1
2015420036313,2,4,0,3,0,1,5,0,0,0,2,1,5,1,66,10,244,1,6,-1,1,-1
2015420036313,3,9,0,3,0,1,0,0,0,0,2,1,5,2,32,6,2488,2,9,-1,1,-1
2015420036316,1,9,0,7,0,8,0,0,0,0,1,1,1,2,27,6,1984,1,8,-1,1,-1
2015420036316,2,1,-1,18,0,1,5,0,0,0,4,1,2,1,20,4,-1,-1,-1,-1,-1,-1
2015420036317,1,9,0,-1,0,8,0,0,0,0,1,1,6,3,-1,-1,-1,-1,-1,-1,-1,-1
2015420036317,2,9,0,18,0,3,0,0,1,10,4,1,6,1,46,8,1198,1,2,-1,1,-1
2015420036319,1,9,0,18,0,2,0,0,0,0,1,1,2,2,52,8,1797,1,22,-1,3,-1
2015420036320,1,9,0,7,0,8,0,0,0,0,1,1,2,1,58,9,1388,1,3,-1,1,-1
2015420036321,1,9,0,16,0,0,0,0,7,11,1,1,5,2,20,4,1596,1,14,-1,3,-1
2015420036321,2,9,0,2,9,0,0,0,0,0,2,1,6,3,-1,-1,-1,-1,-1,-1,-1,-1
2015420036321,3,9,0,2,9,0,0,0,0,0,3,1,6,3,-1,-1,-1,-1,-1,-1,-1,-1
2015420036326,1,9,0,16,0,0,2,0,1,0,0,1,5,1,20,4,1390,1,11,-1,3,-1
2015420036431,1,9,0,18,0,1,0,0,0,0,1,1,5,1,27,6,1242,1,6,-1,1,-1
2015420036431,2,9,0,18,0,1,0,0,1,1,3,1,1,2,33,6,999,1,-1,-1,1,-1
2015420036440,1,90,0,18,0,0,2,0,0,0,4,1,1,1,31,6,7146,2,8,-1,-1,-1
2015420036440,2,9,0,4,0,0,0,0,0,0,1,1,6,1,31,6,1968,2,7,-1,1,-1
2015420036442,1,9,0,5,0,1,0,0,0,0,4,1,6,2,46,8,-1,-1,-1,-1,3,-1
2015420036442,2,9,0,18,0,1,0,0,0,0,3,1,6,1,49,8,1396,1,18,-1,3,-1
2015420036469,1,98,0,18,0,8,0,0,0,0,4,1,1,1,44,7,1753,2,3,-1,1,-1
2015420036469,2,5,0,18,0,8,5,0,0,0,1,1,6,1,43,7,998,1,12,-1,1,-1
2015420036470,1,9,0,18,0,2,0,4,0,0,1,1,5,1,79,11,1988,1,15,-1,1,-1
2015420036470,2,9,0,2,9,2,0,0,0,0,2,1,6,1,63,9,1951,2,9,-1,1,-1
2015420036472,1,9,0,18,0,0,0,0,0,0,1,1,2,2,54,8,1587,1,8,-1,1,-1
2015420036472,2,9,0,18,0,0,0,0,1,0,3,1,6,2,63,9,1242,1,13,-1,3,-1
2015420036472,3,9,0,18,0,0,0,0,0,0,1,1,5,1,40,7,1598,1,4,-1,1,-1
2015420036476,1,3,0,3,0,3,0,0,0,0,1,1,6,1,17,4,124,1,-1,-1,3,-1
2015420036476,2,9,0,3,0,3,0,0,0,0,2,1,5,2,84,11,995,1,9,-1,1,-1
2015420036482,1,11,0,5,0,0,0,0,0,0,4,1,1,2,41,7,4760,2,2,-1,1,-1
2015420036514,1,19,0,5,0,8,0,0,0,0,1,1,1,1,60,9,1996,2,3,-1,-1,-1
2015420036514,2,3,0,3,0,8,5,0,0,0,2,1,6,1,42,7,102,1,-1,-1,1,-1
2015420036553,1,9,0,7,0,1,0,0,0,0,4,1,6,1,-1,-1,-1,-1,-1,-1,-1,-1
2015420036553,2,1,0,18,2,1,0,0,0,0,3,1,6,1,16,4,-1,-1,-1,-1,1,-1
2015420036596,1,9,0,7,0,1,0,0,0,0,4,1,6,1,51,8,1395,1,-1,-1,2,-1
2015420036601,1,90,0,7,0,1,0,0,0,0,1,1,1,1,26,6,-1,-1,-1,-1,-1,-1
2015420036601,2,90,0,4,0,1,0,0,0,0,1,1,1,1,37,7,-1,-1,-1,-1,-1,-1
2015420036625,1,9,0,5,0,1,0,0,0,0,4,2,6,1,83,11,1242,1,13,-1,1,-1
2015420036625,2,1,0,18,0,1,0,0,0,0,3,1,6,1,49,8,-1,-1,-1,-1,1,-1
2015420036627,1,9,0,9,0,0,0,0,0,0,4,1,5,1,82,11,1598,1,14,-1,1,-1
2015420036627,2,3,0,18,0,0,0,0,0,0,3,1,6,1,17,4,125,1,9,-1,2,-1
2015420036628,1,9,0,18,0,3,0,0,0,0,4,1,6,2,40,7,1596,1,12,-1,-1,-1
2015420036628,2,9,0,18,0,3,0,0,0,0,3,1,6,2,26,6,1242,1,4,-1,1,-1
2015420036630,1,9,0,10,0,1,0,0,0,0,1,1,6,1,38,7,1797,8,6,-1,1,-1
2015420036630,2,1,0,10,0,8,0,0,0,0,1,1,6,1,37,7,-1,-1,-1,-1,1,-1
2015420036633,1,9,0,18,0,1,1,0,4,0,1,1,6,1,-1,-1,1498,1,-1,-1,-1,-1
2015420036633,2,9,0,5,0,2,0,7,1,3,3,1,2,2,46,8,999,1,2,-1,1,-1
2015420036634,1,9,0,2,0,0,0,0,0,0,3,1,5,1,32,6,1598,2,-1,-1,1,-1
2015420036634,2,9,0,14,0,0,0,0,0,0,4,1,5,2,64,9,1461,2,2,-1,1,-1
2015420036635,1,9,0,16,0,1,5,0,0,0,1,1,5,1,26,6,1997,1,13,-1,-1,-1
2015420036636,1,9,0,4,0,2,0,0,0,0,1,1,5,2,21,5,1796,1,14,-1,3,-1
2015420036638,1,3,0,7,0,8,0,0,0,0,1,1,6,1,23,5,124,1,3,-1,1,-1
2015420036638,2,9,0,7,0,8,0,0,0,0,1,1,6,2,26,6,1896,2,8,-1,1,-1
2015420036639,1,9,0,16,0,0,2,0,1,0,3,1,6,1,20,4,1596,1,14,-1,1,-1
2015420036691,1,9,0,18,0,0,0,0,0,0,1,1,6,2,54,8,1597,1,19,-1,1,-1
2015420036691,2,9,0,1,0,0,0,0,0,0,3,1,5,2,45,7,1781,1,13,-1,1,-1
2015420036726,1,98,0,4,0,1,0,0,0,0,1,1,2,1,42,7,1995,2,7,-1,1,-1
2015420036726,2,1,0,18,9,1,0,0,0,0,3,1,5,1,23,5,-1,-1,-1,-1,1,-1
2015420036736,1,9,0,18,0,0,0,4,0,0,1,1,6,1,80,11,1242,1,4,-1,1,-1
2015420036736,2,9,0,2,0,0,0,0,0,0,2,1,6,3,-1,-1,-1,-1,-1,-1,-1,-1
2015420036736,3,9,0,2,0,0,0,0,0,0,2,1,6,3,-1,-1,-1,-1,-1,-1,-1,-1
2015420036740,1,1,0,18,0,0,0,0,0,0,3,1,6,2,16,4,-1,-1,-1,-1,1,-1
2015420036743,1,9,0,5,0,0,0,4,7,11,2,1,5,1,87,11,1598,1,15,-1,1,-1
2015420036743,2,9,0,2,0,0,0,0,0,0,2,1,6,3,-1,-1,-1,-1,-1,-1,-1,-1
2015420036743,3,9,0,2,0,0,0,0,0,0,1,1,6,3,-1,-1,-1,-1,-1,-1,-1,-1
2015420036747,1,9,0,11,0,3,0,0,0,0,4,1,5,1,81,11,1591,1,2,-1,1,-1
2015420036747,2,9,0,18,0,3,0,0,0,0,1,1,5,1,59,9,1968,2,9,-1,1,-1
2015420036750,1,9,0,7,0,6,0,0,0,0,3,1,5,1,25,5,1998,2,9,-1,1,-1
2015420036750,2,9,0,18,0,1,0,0,0,0,1,1,5,1,43,7,-1,-1,-1,-1,1,-1
2015420036751,1,9,0,18,0,0,1,0,1,0,3,1,6,1,33,6,1769,1,12,-1,1,-1
2015420036751,2,9,0,18,0,0,0,0,0,0,3,1,6,2,65,9,-1,-1,-1,-1,1,-1
2015420036752,1,9,0,18,0,8,0,0,7,10,1,1,6,1,19,4,1364,1,6,-1,1,-1
2015420036752,2,9,0,9,0,8,0,0,7,10,3,1,1,1,53,8,-1,-1,-1,-1,1,-1
2015420036755,1,9,0,18,0,0,1,0,0,0,1,1,6,1,31,6,1248,2,2,-1,2,-1
2015420036755,2,9,0,15,8,0,1,0,1,0,2,1,6,1,75,10,1196,1,18,-1,1,-1
2015420036756,1,9,0,18,0,3,1,7,1,0,1,1,5,1,43,7,-1,-1,-1,-1,3,-1
2015420036757,1,90,0,18,0,8,0,0,0,0,4,1,1,2,24,5,2987,2,1,-1,3,-1
2015420036757,2,9,0,18,0,8,0,0,1,0,3,1,5,1,74,10,1798,1,8,-1,1,-1
2015420036760,1,9,0,18,0,0,0,0,0,0,1,1,5,2,56,9,998,1,1,-1,1,-1
2015420036760,2,9,0,13,0,0,0,0,0,0,1,1,6,3,-1,-1,-1,-1,-1,-1,-1,-1
2015420036763,1,9,0,18,0,0,1,0,0,0,4,1,5,1,21,5,2171,1,14,-1,1,-1
2015420036763,2,9,0,18,0,0,0,0,0,0,1,1,1,1,35,6,1560,2,1,-1,1,-1
2015420036764,1,-1,-1,18,0,0,0,0,0,0,1,1,6,3,-1,-1,-1,-1,-1,-1,-1,-1
2015420036765,1,9,0,6,0,0,0,0,0,0,1,1,5,1,33,6,2499,1,6,-1,-1,-1
2015420036765,2,9,0,18,0,0,0,0,0,0,1,1,1,1,38,7,2993,2,-1,-1,-1,-1
2015420036765,3,9,0,18,0,0,0,0,0,0,3,1,5,1,33,6,1956,2,3,-1,1,-1
2015420036768,1,8,0,5,0,1,0,0,0,0,3,1,1,1,58,9,1997,2,10,-1,1,-1
2015420036770,1,9,0,17,0,0,2,0,0,0,4,1,6,1,32,6,1910,2,9,-1,2,-1
2015420036772,1,9,0,5,0,0,0,0,1,11,1,1,5,2,56,9,1796,1,2,-1,2,-1
2015420036772,2,9,0,17,0,0,0,0,1,0,1,1,5,1,26,6,2143,2,4,-1,1,-1
2015420036776,1,9,0,17,0,0,5,0,1,4,1,1,5,2,20,4,1598,1,14,-1,1,-1
2015420036781,1,9,0,17,0,0,0,4,0,0,1,1,5,1,28,6,1242,1,7,-1,1,-1
2015420036781,2,9,0,2,6,0,0,0,0,0,1,1,5,2,58,9,1597,1,17,-1,1,-1
2015420036784,1,9,0,18,0,0,0,0,0,0,1,1,6,1,27,6,1968,2,10,-1,1,-1
2015420036784,2,9,0,18,0,0,0,0,0,0,2,1,6,2,40,7,1997,12,1,-1,-1,-1
2015420036787,1,90,0,4,0,8,0,0,0,0,1,1,1,1,36,7,9290,2,4,-1,1,-1
2015420036787,2,9,0,18,0,6,0,0,0,0,3,1,6,1,40,7,1896,2,8,-1,1,-1
2015420036788,1,9,0,4,0,1,0,0,0,0,0,1,6,3,-1,-1,-1,-1,-1,-1,-1,-1
2015420036788,2,9,0,18,0,1,1,0,0,0,2,1,5,1,31,6,1796,1,14,-1,1,-1
2015420036788,3,9,0,18,0,1,1,0,0,0,1,1,1,1,44,7,-1,-1,-1,-1,1,-1
2015420036789,1,9,0,5,0,4,0,0,0,0,3,1,5,1,81,11,1995,2,1,-1,3,-1
2015420036789,2,1,0,18,0,4,0,0,0,0,1,1,6,1,30,6,-1,-1,-1,-1,3,-1
2015420036790,2,9,0,18,0,0,0,0,0,0,1,1,5,2,65,9,1299,1,11,-1,1,-1
2015420036790,3,9,0,18,0,0,0,0,0,0,3,1,5,1,29,6,3999,1,3,-1,1,-1
2015420036791,1,9,0,18,0,0,0,0,0,0,1,1,5,1,29,6,2521,1,9,-1,1,-1
2015420036793,1,9,0,9,0,8,0,0,0,0,1,1,2,1,21,5,1388,1,11,-1,1,-1
2015420036793,2,9,0,18,0,8,0,0,0,0,0,1,5,1,19,4,1242,1,9,-1,1,-1
2015420036795,1,9,0,17,0,0,2,0,1,9,1,1,5,1,23,5,1999,1,6,-1,-1,-1
2015420036819,1,9,0,18,0,0,0,0,0,0,1,1,6,1,34,6,1199,1,11,-1,1,-1
2015420036819,2,9,0,5,0,0,0,0,0,0,3,1,6,1,25,5,1968,2,5,-1,1,-1
2015420036845,1,8,0,9,0,6,0,0,0,0,1,1,6,1,54,8,1896,2,5,-1,1,-1
2015420036845,2,9,0,18,0,1,0,0,0,0,1,1,6,2,28,6,2926,2,13,-1,1,-1
2015420036875,1,9,0,16,0,2,0,0,0,0,1,1,5,1,76,11,2926,2,13,-1,1,-1
2015420036875,3,11,0,2,0,1,0,0,0,0,1,1,1,2,44,7,4461,2,-1,-1,1,-1
2015420036877,1,9,0,9,0,8,0,0,0,0,1,1,5,1,44,7,2521,1,8,-1,1,-1
2015420036877,2,9,0,18,0,8,0,0,1,11,3,1,5,1,20,4,1598,1,7,-1,1,-1
2015420036878,1,9,0,5,0,4,0,0,0,0,1,1,6,2,50,8,1975,1,9,-1,1,-1
2015420036878,2,9,0,18,0,8,0,0,0,0,4,1,6,1,19,4,1149,1,13,-1,1,-1
2015420036948,1,9,0,5,0,6,0,0,0,0,3,1,6,1,69,10,-1,-1,-1,-1,1,-1
2015420036981,1,9,0,9,0,8,0,0,0,0,4,1,5,2,47,8,1596,1,8,-1,1,-1
2015420036981,2,9,0,18,0,8,0,0,0,0,1,1,5,1,87,11,1596,1,13,-1,1,-1
2015420036996,1,9,0,5,0,8,0,0,0,0,4,1,6,1,-1,-1,1990,1,11,-1,-1,-1
2015420036996,2,98,0,5,0,8,0,0,0,0,3,1,5,1,20,4,2198,2,4,-1,1,-1
2015420036999,1,9,0,18,0,1,0,0,0,0,1,1,6,1,41,7,1753,2,8,-1,3,-1
2015420037009,1,9,0,18,0,0,0,0,0,0,1,1,5,2,22,5,1599,1,13,-1,1,-1
2015420037009,2,9,0,4,0,0,0,0,0,0,2,1,5,1,34,6,1968,2,-1,-1,1,-1
2015420037009,3,9,0,4,0,0,0,0,0,0,0,1,6,2,37,7,1596,1,11,-1,1,-1
2015420037014,1,9,0,4,0,0,0,0,0,0,3,1,5,2,61,9,1399,2,8,-1,3,-1
2015420037015,1,9,0,9,0,8,0,0,0,0,1,1,6,2,35,6,1242,1,6,-1,2,-1
2015420037015,2,3,0,18,0,8,0,0,7,9,1,1,6,1,20,4,124,1,11,-1,2,-1
2015420037016,1,9,0,5,0,8,0,0,0,0,3,1,6,1,80,11,2397,1,17,-1,1,-1
2015420037016,2,9,0,3,0,8,0,0,0,0,4,1,5,2,22,5,1395,1,-1,-1,1,-1
2015420037017,1,9,0,18,0,1,0,0,0,0,1,1,5,1,22,5,-1,-1,-1,-1,1,-1
2015420037017,2,9,0,18,0,1,0,0,0,0,1,1,5,1,36,7,-1,-1,-1,-1,1,-1
2015420037018,1,9,0,17,0,0,0,0,1,7,1,1,6,2,72,10,1299,1,16,-1,1,-1
2015420037019,1,8,0,18,0,8,0,0,0,0,3,1,1,1,63,9,2199,2,5,-1,1,-1
2015420037019,2,3,0,9,0,8,0,0,0,0,1,1,5,1,25,5,-1,-1,-1,-1,1,-1
2015420037020,1,9,0,7,0,6,0,0,0,0,1,1,6,3,35,6,-1,-1,-1,-1,-1,-1
2015420037020,2,3,0,7,0,6,0,0,0,0,2,1,6,1,24,5,125,1,2,-1,1,-1
2015420037053,1,19,0,5,0,0,1,0,1,0,1,1,1,1,39,7,2402,2,15,-1,1,-1
2015420037055,1,9,0,5,9,6,0,0,0,0,1,1,2,1,45,7,2191,2,-1,-1,1,-1
2015420037090,1,9,0,18,0,0,0,0,0,0,1,1,5,2,-1,-1,1275,1,18,-1,1,-1
2015420037090,2,9,0,10,0,0,0,0,0,0,2,1,5,2,37,7,4266,1,17,-1,3,-1
2015420037102,1,9,0,18,0,0,0,0,0,0,1,1,5,1,26,6,1198,1,12,-1,1,-1
2015420037102,2,9,0,3,0,0,0,0,0,0,2,1,6,2,38,7,1997,2,4,-1,3,-1
2015420037113,1,9,0,18,0,8,0,4,0,0,1,1,6,1,83,11,1198,1,4,-1,1,-1
2015420037113,2,9,0,2,0,8,0,0,0,0,2,1,6,3,-1,-1,-1,-1,-1,-1,-1,-1
2015420037113,3,9,0,7,0,6,0,0,0,0,0,1,6,3,-1,-1,-1,-1,-1,-1,-1,-1
2015420037116,1,9,0,9,0,5,0,0,0,0,4,1,2,2,23,5,1229,1,8,-1,-1,-1
2015420037116,2,2,0,18,0,1,0,0,0,0,1,1,6,1,16,4,49,1,6,-1,3,-1
2015420037117,1,9,0,16,0,0,1,0,7,11,1,1,5,1,25,5,1796,1,12,-1,1,-1
2015420037117,2,9,0,18,0,0,0,0,0,0,3,1,5,2,48,8,1242,1,8,-1,1,-1
2015420037117,3,9,0,18,0,0,0,0,1,0,1,1,6,1,52,8,1995,2,12,-1,1,-1
2015420037120,1,9,0,18,0,8,0,0,0,0,3,1,6,2,68,10,1998,2,12,-1,1,-1
2015420037120,2,9,0,18,0,8,0,0,0,0,1,1,6,2,41,7,1999,1,8,-1,1,-1
2015420037120,3,9,0,2,0,1,0,0,0,0,1,1,6,3,-1,-1,-1,-1,-1,-1,-1,-1
2015420037122,1,9,0,18,0,0,1,0,1,0,1,1,5,1,35,6,2143,2,2,-1,1,-1
2015420037122,2,9,0,18,0,0,2,0,1,0,4,1,5,1,46,8,4511,1,10,-1,1,-1
2015420037122,3,9,0,18,0,0,0,0,0,0,2,1,2,1,57,9,1969,2,-1,-1,3,-1
2015420037122,4,9,0,18,0,0,0,0,0,0,1,1,5,1,21,5,1248,1,8,-1,1,-1
2015420037122,5,9,0,18,0,0,1,0,0,0,1,1,5,2,20,4,1120,1,18,-1,1,-1
2015420037130,1,9,-1,18,0,0,0,0,0,0,1,1,6,3,-1,-1,-1,-1,-1,-1,-1,-1
2015420037146,1,9,0,16,0,0,1,0,8,0,1,1,6,2,20,4,1328,1,12,-1,1,-1
2015420037311,1,9,0,9,0,2,0,0,0,0,4,1,6,2,67,10,1796,1,9,-1,1,-1
2015420037984,1,19,0,18,0,0,0,0,0,0,1,1,5,1,48,8,1996,2,4,-1,1,-1
2015420038153,1,9,0,18,0,0,0,8,0,0,1,1,6,1,21,5,2143,2,1,-1,3,-1
2015420038153,2,9,0,2,0,0,0,0,0,0,3,1,6,2,21,5,1984,1,6,-1,3,-1
2015420038402,1,9,0,18,0,0,0,0,0,0,2,1,6,1,53,8,1461,2,1,-1,1,-1
2015420038402,2,21,1,18,0,0,0,0,0,0,1,1,1,1,-1,-1,12740,2,2,-1,-1,-1
2015420038402,3,9,0,18,0,0,0,0,0,0,2,1,6,1,-1,-1,2494,1,16,-1,1,-1
2015420038890,1,9,0,1,9,0,0,0,0,0,2,1,5,1,56,9,1999,1,8,-1,1,-1
201542I000101,1,9,0,17,0,0,0,0,0,2,1,1,6,1,25,5,1598,2,4,-1,1,-1
201542I000101,2,9,0,2,0,0,0,0,0,0,1,1,6,3,-1,-1,1329,1,2,-1,1,-1
201542I000201,1,9,0,18,0,1,0,0,0,0,1,1,6,2,48,8,-1,-1,-1,-1,-1,-1
201542I000201,2,9,0,18,0,1,0,0,0,0,1,1,6,2,71,10,2987,2,8,-1,1,-1
201542I000301,1,9,0,18,0,4,0,0,0,0,1,1,6,2,49,8,-1,-1,-1,-1,1,-1
201542I000301,2,1,0,18,0,8,0,0,0,0,2,1,6,2,57,9,-1,-1,-1,-1,1,-1
201542I000401,1,9,0,18,0,6,0,0,0,0,1,1,6,3,70,10,-1,-1,-1,-1,-1,-1
201542I000401,2,9,0,3,0,6,0,0,0,0,1,1,6,3,29,6,2993,2,9,-1,1,-1
201542I000501,1,9,0,18,0,1,0,0,0,0,1,1,6,1,56,9,1388,1,11,-1,1,-1
201542I000601,1,9,0,18,0,6,1,10,1,10,1,1,1,1,20,4,1896,2,15,-1,1,-1
201542I000601,2,9,0,10,0,1,0,0,0,0,0,1,6,2,-1,-1,1997,1,3,-1,1,-1
201542I000701,1,19,0,16,0,0,0,0,0,0,3,1,1,1,29,6,2148,2,8,-1,1,-1
201542I000701,2,9,0,17,0,0,0,0,1,0,4,1,2,2,36,7,-1,-1,-1,-1,3,-1
201542I000801,1,9,0,18,0,0,1,0,0,0,1,1,6,2,37,7,-1,-1,-1,-1,1,-1
201542I000801,2,9,0,4,0,0,0,0,0,0,2,1,6,1,40,7,-1,-1,-1,-1,1,-1
201542I000801,3,9,0,12,0,0,1,0,0,0,3,1,6,1,73,10,1968,2,8,-1,3,-1
201542I000801,4,9,0,18,0,0,0,0,0,0,4,1,6,1,64,9,1560,2,5,-1,1,-1
201542I000801,5,9,0,18,0,0,1,0,0,0,1,1,6,2,44,7,1995,1,7,-1,2,-1
201542I000901,1,9,0,18,0,6,1,0,0,0,1,1,6,2,17,4,1388,1,12,-1,1,-1