Accident_Index,Vehicle_Reference,Vehicle_Type,Towing_and_Articulation,Vehicle_Manoeuvre,Vehicle_Location-Restricted_Lane,Junction_Location,Skidding_and_Overturning,Hit_Object_in_Carriageway,Vehicle_Leaving_Carriageway,Hit_Object_off_Carriageway,1st_Point_of_Impact,Was_Vehicle_Left_Hand_Drive?,Journey_Purpose_of_Driver,Sex_of_Driver,Age_of_Driver,Age_Band_of_Driver,Engine_Capacity_(CC),Propulsion_Code,Age_of_Vehicle,Driver_IMD_Decile,Driver_Home_Area_Type,Vehicle_IMD_Decile
201542I000901,2,9,0,18,0,8,1,0,7,2,3,1,6,2,18,4,1149,1,11,-1,3,-1
201542I001101,1,9,0,9,0,1,0,0,0,1,1,1,6,2,64,9,-1,-1,-1,-1,1,-1
201542I001101,2,9,0,18,0,1,0,0,0,1,1,1,6,2,30,6,1360,1,9,-1,2,-1
201542I001301,1,9,0,18,0,6,1,10,0,0,3,1,1,2,24,5,1108,1,19,-1,2,-1
201542I001401,1,9,0,5,0,1,0,0,0,0,1,1,6,2,-1,-1,1968,2,6,-1,1,-1
201542I001401,2,4,0,18,0,4,0,0,0,0,4,1,6,2,25,5,125,1,3,-1,1,-1
201542I001501,1,9,0,18,0,0,0,0,0,0,1,1,6,2,-1,-1,1968,2,10,-1,-1,-1
201542I001501,2,1,0,18,0,0,0,0,0,0,2,1,6,1,48,8,-1,-1,-1,-1,1,-1
201542I001601,1,9,0,18,0,0,0,0,0,0,1,1,6,1,21,5,998,1,2,-1,3,-1
201542I001601,2,9,0,18,0,0,0,0,0,0,1,1,6,3,47,8,-1,-1,-1,-1,2,-1
201542I001701,1,9,0,9,0,1,0,0,0,0,4,1,6,1,17,4,-1,-1,-1,-1,1,-1
201542I001701,2,9,0,18,0,2,0,0,0,0,1,1,6,2,24,5,-1,-1,-1,-1,1,-1
201542I001801,1,9,0,9,0,5,0,0,0,0,1,1,6,3,20,4,1124,1,13,-1,3,-1
201542I001801,2,9,0,18,0,8,0,0,0,0,1,1,6,3,36,7,1149,1,3,-1,1,-1
201542I001901,1,9,0,18,0,4,0,0,0,0,3,1,6,1,-1,-1,998,1,1,-1,-1,-1
201542I001901,2,1,0,18,0,4,0,0,0,0,1,1,6,1,-1,-1,-1,-1,-1,-1,-1,-1
201542I002101,1,9,0,18,0,4,0,0,0,0,1,1,2,2,49,8,-1,-1,-1,-1,1,-1
201542I002101,2,19,0,18,0,4,0,0,0,0,2,1,1,1,52,8,2198,2,4,-1,1,-1
201542I002201,1,9,0,18,0,0,0,0,7,0,1,1,6,2,58,9,1910,2,5,-1,3,-1
201542I002301,1,9,0,17,0,0,0,0,0,0,4,1,6,2,68,10,1199,1,13,-1,3,-1
201542I002301,2,9,0,18,0,0,0,0,0,0,3,1,6,2,42,7,1000,1,24,-1,1,-1
201542I002401,1,9,0,16,0,0,1,0,0,0,0,1,1,1,19,4,-1,-1,-1,-1,1,-1
201542I002401,2,9,0,17,0,0,0,0,1,0,0,1,3,2,56,9,1995,2,2,-1,1,-1
201542I002501,1,9,0,18,0,1,0,0,0,0,2,1,6,2,-1,-1,-1,-1,-1,-1,-1,-1
201542I002501,2,9,0,18,0,1,0,0,0,0,1,1,6,2,18,4,1240,1,10,-1,-1,-1
201542I002601,1,9,0,18,0,0,1,0,0,0,2,1,6,2,48,8,1895,1,15,-1,1,-1
201542I002601,2,21,4,18,0,0,0,0,0,0,1,2,1,3,42,7,-1,-1,-1,-1,-1,-1
201542I002601,3,9,0,18,0,0,0,0,0,0,2,1,6,3,82,11,1124,1,17,-1,1,-1
201542I002701,1,9,0,16,0,0,2,0,1,4,1,1,6,1,40,7,-1,-1,-1,-1,1,-1
201542I002801,1,9,0,18,0,6,0,0,0,0,1,1,6,1,72,10,-1,-1,-1,-1,-1,-1
201542I002801,2,17,0,18,0,8,0,0,7,9,4,1,1,1,45,7,-1,2,8,-1,1,-1
201542I002901,1,9,0,18,0,0,1,0,0,0,1,1,4,1,17,4,1229,1,8,-1,2,-1
201542I002901,2,9,0,4,0,0,0,0,0,0,2,1,2,2,23,5,1299,1,13,-1,3,-1
201542I003101,1,9,0,18,0,0,0,0,0,0,2,1,6,2,58,9,-1,-1,-1,-1,2,-1
201542I003101,2,9,0,18,0,0,0,0,0,0,1,1,6,1,51,8,2967,2,4,-1,1,-1
201542I003101,3,9,0,18,0,0,0,0,0,0,1,1,6,1,18,4,-1,-1,-1,-1,1,-1
201542I003101,4,9,0,18,0,0,0,0,0,0,2,1,6,2,36,7,-1,-1,-1,-1,2,-1
201542I003101,5,9,0,18,0,0,1,0,1,4,1,1,6,1,21,5,1360,1,8,-1,-1,-1
201542I003101,6,9,0,18,0,0,0,0,0,0,0,1,6,3,-1,-1,-1,-1,-1,-1,-1,-1
201542I003201,1,19,0,9,0,1,1,0,0,0,2,1,6,1,-1,-1,2460,2,8,-1,1,-1
201542I003201,2,19,0,18,0,1,0,0,0,0,1,1,1,1,27,6,2143,2,2,-1,1,-1
201542I003301,1,3,0,18,0,8,0,0,0,0,1,1,6,1,17,4,124,1,1,-1,1,-1
201542I003301,2,9,0,5,0,8,0,0,0,0,4,1,6,1,67,10,-1,-1,-1,-1,1,-1
201542I003401,1,9,0,9,0,8,0,0,0,0,1,1,2,2,44,7,1598,1,2,-1,1,-1
201542I003401,2,9,0,18,0,8,1,0,7,2,2,1,6,1,78,11,-1,-1,-1,-1,1,-1
201542I003501,1,9,0,5,0,6,0,0,0,0,1,1,6,2,21,5,1229,1,3,-1,1,-1
201542I003501,2,9,0,18,0,1,0,0,0,0,2,1,6,1,62,9,1686,2,18,-1,3,-1
201542I003601,1,9,0,9,0,4,0,0,0,0,3,1,6,2,44,7,-1,-1,-1,-1,2,-1
201542I003601,2,9,0,18,0,8,0,0,0,0,1,1,6,2,18,4,-1,-1,-1,-1,1,-1
201542I003601,3,9,0,3,0,1,0,0,0,0,1,1,6,1,68,10,1596,1,2,-1,1,-1
201542I003701,1,9,0,17,0,0,0,0,7,0,1,1,6,1,73,10,1596,1,2,-1,2,-1
201542I003701,2,19,0,16,0,0,0,0,0,0,3,1,1,2,35,6,2143,2,3,-1,2,-1
201542I003901,1,9,0,18,0,0,0,0,0,0,1,1,1,2,50,8,1388,1,11,-1,1,-1
201542I004001,1,9,0,18,0,0,1,0,1,3,1,1,3,2,41,7,-1,-1,-1,-1,2,-1
201542I004101,1,9,0,4,0,0,0,0,0,0,1,1,2,1,54,8,1998,2,9,-1,1,-1
201542I004101,2,9,0,4,0,0,0,0,0,0,1,1,6,2,29,6,-1,-1,-1,-1,1,-1
201542I004101,3,9,0,4,0,0,0,0,0,0,2,1,6,2,25,5,998,1,2,-1,1,-1
201542I004201,1,9,0,9,0,8,0,0,0,0,1,1,6,1,38,7,1596,1,12,-1,1,-1
201542I004201,2,9,0,18,0,8,0,0,0,0,3,1,6,2,31,6,-1,-1,-1,-1,1,-1
201542I004501,1,9,0,5,0,0,0,0,0,0,1,1,4,2,43,7,1796,1,10,-1,1,-1
201542I004601,1,9,0,18,0,8,0,0,0,0,1,1,6,1,-1,-1,1397,1,13,-1,-1,-1
201542I004601,2,9,0,10,0,8,0,0,0,0,4,1,6,2,27,6,998,1,2,-1,1,-1
201542I004701,1,8,0,9,0,1,0,0,0,0,1,1,1,1,28,6,-1,-1,-1,-1,-1,-1
201542I004701,2,9,0,18,0,1,0,0,0,0,3,1,6,1,68,10,1956,2,1,-1,1,-1
201542I004801,1,9,0,7,0,1,0,0,0,0,0,1,6,3,-1,-1,1398,1,12,-1,1,-1
201542I004801,2,5,0,18,0,1,1,0,0,0,0,1,6,1,53,8,592,1,24,-1,1,-1
201542I004901,1,9,0,13,0,0,0,0,0,0,4,1,6,2,43,7,1242,1,2,-1,1,-1
201542I004901,2,1,0,18,0,0,0,0,0,0,3,1,6,1,72,10,-1,-1,-1,-1,-1,-1
201542I004901,3,19,0,18,0,0,0,0,0,0,0,1,6,3,-1,-1,-1,-1,-1,-1,-1,-1
201542I005101,1,9,0,5,0,1,0,0,0,0,1,1,6,3,65,9,1998,1,10,-1,1,-1
201542I005101,2,1,0,18,0,1,0,0,0,0,4,1,6,1,40,7,-1,-1,-1,-1,1,-1
201542I005201,1,9,0,18,0,8,0,0,0,0,3,1,6,2,82,11,973,1,14,-1,1,-1
201542I005201,2,5,0,18,0,8,0,0,0,0,4,1,1,1,36,7,1237,1,2,-1,1,-1
201542I005301,1,9,0,9,0,6,0,0,0,0,1,1,6,2,32,6,1968,2,5,-1,1,-1
201542I005301,2,8,0,18,0,1,0,0,0,0,1,1,1,1,35,6,1997,2,5,-1,3,-1
201542I005401,1,9,0,9,0,6,0,0,0,0,3,1,6,2,23,5,-1,-1,-1,-1,1,-1
201542I005401,2,21,0,18,0,1,0,0,0,0,1,1,1,1,55,8,11021,2,9,-1,1,-1
201542I005501,1,9,0,11,0,1,0,0,0,0,1,1,6,1,24,5,2480,1,4,-1,1,-1
201542I005501,2,9,0,4,7,5,0,0,0,0,0,1,6,1,41,7,1997,2,12,-1,1,-1
201542I005501,3,9,0,5,8,6,0,0,0,0,0,1,6,3,-1,-1,-1,-1,-1,-1,-1,-1
201542I005501,4,9,0,18,0,1,0,0,0,0,0,1,6,1,23,5,1242,1,12,-1,3,-1
201542I005601,1,9,0,18,0,0,1,0,0,0,1,1,6,2,23,5,1299,1,14,-1,1,-1
201542I005801,1,9,0,5,0,2,0,0,0,0,1,1,2,1,29,6,1968,2,7,-1,1,-1
201542I005801,2,9,0,17,0,8,0,0,0,0,1,1,6,2,25,5,-1,-1,-1,-1,1,-1
201542I005801,3,9,0,2,0,8,0,0,0,0,2,1,6,2,26,6,1781,1,15,-1,1,-1
201542I005901,1,8,0,9,0,8,0,0,0,0,4,1,6,3,53,8,1560,2,2,-1,-1,-1
201542I005901,2,5,0,18,0,2,1,0,0,0,1,1,6,1,28,6,-1,-1,-1,-1,1,-1
201542I006001,1,9,0,17,0,0,0,0,0,0,1,1,6,1,33,6,1991,1,2,-1,1,-1
201542I006001,2,9,0,18,0,0,0,0,0,0,1,1,6,2,73,10,-1,-1,-1,-1,-1,-1
201542I006101,1,9,0,18,0,4,0,0,0,0,1,1,6,1,-1,-1,1997,2,10,-1,-1,-1
201542I006101,2,9,0,17,0,8,0,0,0,0,4,1,6,2,34,6,1299,1,14,-1,-1,-1
201542I006201,1,9,0,18,0,0,0,0,0,0,1,1,6,1,-1,-1,1839,1,18,-1,1,-1
201542I006201,2,9,0,18,0,0,0,0,0,0,2,1,6,2,21,5,-1,-1,-1,-1,-1,-1
201542I006201,3,9,0,18,0,0,0,0,0,0,1,1,6,1,35,6,1998,2,7,-1,1,-1
201542I006301,1,9,0,9,0,5,0,4,0,0,1,1,1,2,52,8,1995,1,12,-1,1,-1
201542I006301,2,21,1,2,0,2,0,0,0,0,2,1,1,3,-1,-1,12740,2,2,-1,-1,-1
201542I006401,1,8,0,18,0,0,0,0,7,11,1,1,1,1,60,9,1996,2,8,-1,1,-1
201542I006601,1,9,0,18,0,4,0,0,0,0,1,1,6,1,64,9,1797,8,4,-1,1,-1
201542I006601,2,1,0,9,0,4,1,10,0,0,2,1,6,1,18,4,-1,-1,-1,-1,1,-1
201542I006701,1,9,0,18,0,0,0,0,0,0,1,1,6,1,34,6,1388,1,14,-1,3,-1
201542I006801,1,9,0,18,0,1,0,0,0,0,1,1,2,2,23,5,1242,1,2,-1,1,-1
201542I006801,2,9,0,18,0,1,0,0,0,0,2,1,2,2,41,7,1997,2,4,-1,1,-1
201542I006901,1,9,0,9,0,8,0,0,0,0,1,1,6,2,-1,-1,-1,-1,-1,-1,-1,-1
201542I006901,2,1,0,18,0,8,0,0,0,0,4,1,6,1,45,7,-1,-1,-1,-1,1,-1
201542I007001,1,20,0,18,0,8,0,0,0,0,1,1,1,1,37,7,4500,2,1,-1,1,-1
201542I007001,2,9,0,9,0,8,1,0,0,0,3,1,6,2,28,6,3189,1,8,-1,1,-1
201542I007101,1,9,0,11,0,6,0,0,3,0,2,1,6,1,79,11,-1,-1,-1,-1,1,-1
201542I007101,2,9,0,2,9,2,0,0,0,0,3,1,6,3,-1,-1,-1,-1,-1,-1,-1,-1
201542I007101,3,9,0,2,9,2,0,0,0,0,3,1,6,3,-1,-1,-1,-1,-1,-1,-1,-1
201542I007201,1,19,0,18,0,0,0,0,0,0,4,1,6,1,69,10,2148,2,8,-1,1,-1
201542I007301,1,1,0,7,0,0,0,0,0,0,4,1,6,1,34,6,-1,-1,-1,-1,1,-1
201542I007301,2,9,0,18,0,0,0,0,0,0,1,1,6,2,70,10,-1,-1,-1,-1,1,-1
201542I007401,1,9,0,5,0,6,0,0,0,0,1,1,6,1,69,10,1388,1,10,-1,-1,-1
201542I007401,2,9,0,18,0,1,0,0,0,0,4,1,6,2,47,8,1587,1,11,-1,3,-1
201542I007401,3,9,0,18,0,1,0,0,0,0,1,1,6,1,40,7,1910,2,8,-1,1,-1
201542I007501,1,9,0,18,0,0,0,11,1,4,4,1,1,1,50,8,2776,2,9,-1,1,-1
201542I007701,1,9,0,18,0,2,0,0,0,0,1,1,6,2,41,7,1598,1,10,-1,1,-1
201542I007801,1,22,0,18,9,0,5,0,0,0,4,1,6,1,78,11,-1,-1,-1,-1,1,-1
201542I007901,1,9,0,18,0,5,0,0,0,0,4,1,6,1,47,8,-1,-1,-1,-1,1,-1
201542I008001,1,9,0,4,0,0,1,0,0,0,1,1,2,2,24,5,999,1,7,-1,1,-1
201542I008001,2,9,0,4,0,0,0,0,0,0,2,1,2,3,43,7,1461,2,7,-1,1,-1
201542I008001,3,9,0,4,0,0,0,0,0,0,2,1,2,3,31,6,1968,2,-1,-1,1,-1
201542I008101,1,9,0,18,0,0,0,0,0,0,1,1,6,2,28,6,-1,-1,-1,-1,1,-1
201542I008101,2,9,0,4,0,0,1,0,1,0,2,1,6,1,28,6,1360,1,9,-1,1,-1
201542I008201,1,4,0,18,0,3,1,0,0,0,0,1,6,1,51,8,992,1,11,-1,1,-1
201542I008301,1,9,0,17,0,2,5,0,0,11,1,1,2,1,29,6,-1,-1,-1,-1,1,-1
201542I008401,1,9,0,3,0,0,0,0,0,0,1,1,6,2,67,10,1968,2,5,-1,2,-1
201542I008401,2,9,0,11,0,0,0,0,0,0,2,1,2,2,22,5,1229,1,2,-1,3,-1
201542I008501,1,9,0,7,0,1,1,0,0,0,1,1,6,2,64,9,1997,2,3,-1,1,-1
201542I008501,2,9,0,17,0,1,1,0,7,10,1,1,1,1,23,5,-1,-1,-1,-1,1,-1
201542I008601,1,9,0,5,0,6,0,0,0,0,1,1,2,2,52,8,1388,1,12,-1,1,-1
201542I008601,2,5,0,18,0,1,0,0,0,0,4,1,2,1,33,6,599,1,26,-1,1,-1
201542I008701,1,9,0,18,0,0,0,0,0,0,1,1,2,1,37,7,-1,-1,-1,-1,1,-1
201542I008701,2,9,0,4,0,0,0,0,4,0,2,1,2,1,26,6,1560,2,3,-1,1,-1
201542I008801,1,9,0,9,0,6,0,0,0,0,3,1,6,1,66,10,1910,2,8,-1,1,-1
201542I008801,2,9,0,18,0,1,0,0,0,0,1,1,2,2,41,7,-1,-1,-1,-1,1,-1
201542I009001,1,9,0,18,0,8,1,0,0,0,1,1,6,1,20,4,-1,-1,-1,-1,1,-1
201542I009001,2,9,0,9,0,8,0,0,0,0,3,1,6,1,53,8,1560,2,1,-1,1,-1
201542I009101,1,19,0,4,0,0,0,0,0,0,1,1,6,1,-1,-1,1870,2,9,-1,-1,-1
201542I009101,2,9,0,4,0,0,0,0,0,0,2,1,6,1,36,7,-1,-1,-1,-1,1,-1
201542I009201,1,9,0,5,0,6,0,0,0,0,1,1,6,1,35,6,1396,1,13,-1,1,-1
201542I009201,2,1,0,18,0,1,0,0,0,0,4,1,6,1,51,8,-1,-1,-1,-1,3,-1
201542I009301,1,1,0,11,0,0,0,0,0,0,4,1,6,1,10,2,-1,-1,-1,-1,1,-1
201542I009301,2,9,0,18,0,0,0,0,0,0,1,1,6,2,53,8,1587,1,9,-1,1,-1
201542I009401,1,9,0,4,0,0,0,0,0,0,1,1,2,2,50,8,1149,1,12,-1,2,-1
201542I009401,2,9,0,3,0,0,0,0,0,0,2,1,2,1,36,7,1248,1,5,-1,1,-1
201542I009501,1,9,0,12,0,3,0,0,0,0,1,1,1,2,27,6,1596,1,2,-1,-1,-1
201542I009501,2,3,0,17,0,4,0,0,0,0,2,1,1,1,21,5,124,1,3,-1,1,-1
201542I009601,1,3,0,7,0,1,0,0,0,0,0,1,6,1,19,4,-1,-1,-1,-1,1,-1
201542I009701,1,9,0,5,0,1,0,0,0,0,0,1,6,1,38,7,1596,1,14,-1,1,-1
201542I009801,1,9,0,15,0,0,0,0,0,0,0,1,6,1,48,8,-1,-1,-1,-1,1,-1
201542I009801,2,9,0,18,0,0,2,0,0,6,0,1,6,1,55,8,1596,1,11,-1,1,-1
201542I009901,1,9,0,18,0,0,0,0,0,0,1,1,6,3,-1,-1,-1,-1,-1,-1,-1,-1
201542I009901,2,9,0,18,0,0,0,0,0,0,2,1,6,1,25,5,1995,2,10,-1,1,-1
201542I010001,1,9,0,9,0,6,0,0,0,0,1,1,6,1,48,8,-1,-1,-1,-1,1,-1
201542I010001,2,3,0,18,0,8,0,0,0,0,4,1,6,1,26,6,125,1,10,-1,1,-1
201542I010101,1,3,0,18,0,1,0,0,0,0,4,1,6,1,20,4,124,1,10,-1,3,-1
201542I010101,2,9,0,18,0,8,0,0,0,0,1,1,6,1,23,5,1396,1,13,-1,1,-1
201542I010201,1,9,0,9,0,8,0,0,0,0,1,1,6,2,29,6,1242,1,5,-1,1,-1
201542I010201,2,3,0,18,0,8,0,0,0,0,2,1,6,1,23,5,-1,-1,-1,-1,1,-1
201542I010301,1,9,0,4,0,8,1,0,0,0,1,1,6,2,34,6,1388,1,12,-1,1,-1
201542I010301,2,9,0,4,0,8,0,0,0,0,2,1,6,1,45,7,2993,2,4,-1,1,-1
201542I010501,1,9,0,18,0,0,0,0,0,0,3,1,6,1,76,11,1398,2,11,-1,2,-1
201542I010501,2,9,0,18,0,0,0,0,0,0,3,1,6,1,25,5,2993,2,12,-1,-1,-1
201542I010601,1,9,0,9,0,8,0,0,0,0,3,1,1,1,34,6,-1,-1,-1,-1,1,-1
201542I010601,2,3,0,18,0,8,0,0,0,0,4,1,6,1,-1,-1,670,1,2,-1,1,-1
201542I010701,1,1,0,3,0,1,0,0,0,0,1,1,6,1,-1,-1,-1,-1,-1,-1,-1,-1
201542I010701,2,9,0,3,0,1,0,0,0,0,2,1,6,2,31,6,1798,1,7,-1,1,-1
201542I010801,1,19,0,18,0,0,0,0,0,0,1,1,1,1,22,5,2198,2,1,-1,1,-1
201542I010801,2,19,0,18,0,0,0,0,0,0,2,1,1,1,25,5,1248,2,3,-1,1,-1
201542I010801,3,9,0,18,0,0,0,0,0,0,2,1,6,2,42,7,1395,1,3,-1,1,-1
201542I010901,1,9,0,8,0,4,0,0,0,0,3,1,6,2,80,11,1240,1,7,-1,3,-1
201542I010901,2,1,0,9,0,3,0,0,0,0,4,1,6,1,17,4,-1,-1,-1,-1,-1,-1
201542I011001,1,9,0,5,0,2,0,0,0,0,0,1,2,2,42,7,1598,1,11,-1,-1,-1
201542I011001,2,2,0,18,0,1,0,0,0,0,0,1,6,1,16,4,49,1,10,-1,1,-1
201542I011101,1,9,0,18,0,0,1,0,5,6,3,1,6,1,20,4,1124,1,15,-1,1,-1
201542I011301,1,19,0,1,0,1,0,0,0,0,2,1,6,3,-1,-1,-1,-1,-1,-1,-1,-1
201542I011301,2,19,0,5,0,1,0,0,0,0,2,1,6,1,41,7,1870,2,10,-1,1,-1
201542I011401,1,9,0,18,0,0,0,0,8,4,1,1,6,1,66,10,1596,1,1,-1,3,-1
201542I011501,1,9,0,7,0,8,0,0,0,0,1,1,6,1,-1,-1,-1,-1,-1,-1,-1,-1
201542I011601,1,9,0,18,0,0,0,0,0,0,1,1,6,2,33,6,2171,1,12,-1,2,-1
201542I011601,2,9,0,4,0,0,0,0,0,0,2,1,6,2,42,7,1598,1,9,-1,1,-1
201542I011801,1,8,0,18,0,2,0,0,0,0,4,1,6,1,-1,-1,1229,1,4,-1,-1,-1
201542I011901,1,9,0,7,0,8,0,0,0,0,1,1,2,2,53,8,1242,1,3,-1,-1,-1
201542I012001,1,9,0,9,0,1,0,0,0,0,1,1,2,2,24,5,1560,2,4,-1,1,-1
201542I012001,2,9,0,18,0,1,0,0,0,0,1,1,2,2,41,7,-1,-1,-1,-1,1,-1
201542I012001,3,9,0,18,0,1,0,0,0,0,3,1,2,2,43,7,-1,-1,-1,-1,3,-1
201542I012101,1,9,0,18,0,1,0,0,2,11,1,1,2,1,22,5,-1,-1,-1,-1,1,-1
201542I012201,1,9,0,18,0,0,1,0,7,9,1,1,6,1,18,4,1386,1,9,-1,3,-1
201542I012301,1,9,0,9,0,0,0,0,1,0,3,1,2,2,24,5,1242,1,3,-1,1,-1
201542I012301,2,9,0,7,0,0,0,0,1,3,3,1,6,2,49,8,1598,1,2,-1,1,-1
201542I012401,1,9,0,11,0,0,1,0,1,4,4,1,2,1,26,6,-1,-1,-1,-1,1,-1
201542I012401,2,9,0,18,0,0,0,0,0,0,3,1,2,1,38,7,1896,2,11,-1,1,-1
201542I012501,1,9,0,18,0,0,0,0,0,0,1,1,6,2,43,7,1992,2,8,-1,3,-1
201542I012501,2,9,0,18,0,0,0,0,0,0,1,1,6,1,88,11,1997,1,16,-1,1,-1
201542I012601,1,9,0,18,0,8,0,0,0,0,1,1,6,3,-1,-1,-1,-1,-1,-1,-1,-1
201542I012601,2,9,0,3,0,8,0,0,0,0,2,1,1,1,20,4,1299,1,10,-1,1,-1
201542I012701,1,9,0,18,0,1,0,0,0,0,4,1,6,1,-1,-1,1998,2,14,-1,-1,-1
201542I012701,2,1,0,18,0,1,0,0,0,0,4,1,6,1,36,7,-1,-1,-1,-1,1,-1
201542I012801,1,9,0,17,0,0,0,0,0,0,1,2,6,1,23,5,-1,-1,-1,-1,1,-1
201542I012801,2,9,0,16,0,0,0,0,1,0,1,1,6,1,69,10,1870,2,17,-1,1,-1
201542I012901,1,9,0,18,0,0,0,0,0,0,4,1,6,3,-1,-1,-1,-1,-1,-1,-1,-1
201542I012901,2,3,0,18,0,0,0,0,0,0,4,1,6,1,21,5,124,1,3,-1,-1,-1
201542I013001,1,9,0,5,0,1,1,0,0,0,1,1,2,1,45,7,1984,1,4,-1,1,-1
201542I013001,2,9,0,4,0,1,0,0,0,0,2,1,2,2,19,4,-1,-1,-1,-1,3,-1
201542I013101,1,9,0,4,0,8,0,0,0,0,2,1,2,1,62,9,1796,1,15,-1,1,-1
201542I013101,2,19,0,18,0,8,0,0,0,0,1,1,2,1,27,6,-1,-1,-1,-1,3,-1
201542I013201,1,9,0,18,0,0,0,0,0,0,1,1,1,2,29,6,1598,1,5,-1,1,-1
201542I013201,2,9,0,4,0,0,0,0,0,0,2,1,1,2,44,7,1798,1,5,-1,1,-1
201542I013401,1,9,0,18,0,0,0,0,5,6,1,1,6,1,25,5,-1,-1,-1,-1,1,-1
201542I013501,1,19,0,18,0,0,0,0,0,0,1,1,6,1,30,6,1461,2,4,-1,-1,-1
201542I013501,2,9,0,4,0,0,0,0,0,0,2,1,6,1,47,8,1997,2,3,-1,1,-1
201542I013601,1,4,0,18,0,1,0,0,7,5,3,1,2,1,19,4,599,1,10,-1,3,-1
201542I013701,1,9,0,18,0,0,0,0,5,6,3,1,1,1,67,10,-1,-1,-1,-1,3,-1
201542I013701,2,19,0,18,0,0,0,0,5,6,4,1,1,1,36,7,-1,-1,-1,-1,2,-1
201542I013801,1,9,0,7,0,3,0,0,0,0,3,1,6,1,24,5,-1,-1,-1,-1,1,-1
201542I013801,2,9,0,18,0,4,0,0,0,0,3,1,1,1,68,10,-1,-1,-1,-1,1,-1
201542I013901,1,9,0,18,0,1,0,0,0,0,1,1,1,1,28,6,-1,-1,-1,-1,1,-1
201542I013901,2,9,0,18,0,1,0,0,0,0,2,1,1,1,44,7,1761,1,15,-1,1,-1
201542I014001,1,3,0,18,0,2,0,0,0,0,1,1,6,1,29,6,124,1,3,-1,2,-1
201542I014001,2,9,0,17,0,1,0,0,0,0,1,1,6,2,57,9,2191,2,2,-1,3,-1
201542I014101,1,9,0,4,0,4,0,0,0,0,1,1,6,1,86,11,-1,-1,-1,-1,1,-1
201542I014101,2,9,0,9,0,4,0,0,0,0,1,1,2,2,26,6,1388,1,12,-1,1,-1
201542I014201,1,9,0,18,0,1,0,0,0,10,4,1,6,1,75,10,1149,1,10,-1,1,-1
201542I014201,2,9,0,2,0,1,0,0,0,0,3,1,6,3,-1,-1,1596,1,3,-1,1,-1
201542I014301,1,9,0,9,0,1,0,0,0,0,3,1,6,1,53,8,1388,1,12,-1,1,-1
201542I014401,1,9,0,18,0,0,0,0,0,0,3,1,6,1,66,10,-1,-1,-1,-1,1,-1
201542I014401,2,9,0,18,0,0,0,0,0,0,1,1,6,2,52,8,2497,1,16,-1,3,-1
201542I014401,3,9,0,2,0,0,0,0,1,11,1,1,6,3,-1,-1,1598,2,1,-1,-1,-1
201542I014501,1,9,0,18,9,1,0,0,0,0,1,1,6,2,27,6,-1,-1,-1,-1,1,-1
201542I014601,1,11,0,18,0,2,0,0,0,0,1,1,1,1,61,9,9360,2,2,-1,-1,-1
201542I014701,1,9,0,5,0,2,0,0,0,0,3,1,1,1,68,10,2179,2,7,-1,1,-1
201542I014801,1,9,0,13,0,0,0,0,0,0,1,1,1,1,-1,-1,-1,-1,-1,-1,1,-1
201542I014801,2,1,0,18,0,0,0,0,1,0,4,1,2,1,24,5,-1,-1,-1,-1,1,-1
201542I014901,1,9,0,18,0,4,1,0,0,0,1,1,1,2,44,7,1997,2,7,-1,1,-1
201542I014901,2,3,0,18,0,8,0,0,0,0,4,1,1,1,65,9,125,1,4,-1,1,-1
201542I015001,1,9,0,9,0,6,0,0,0,0,1,1,2,1,25,5,-1,-1,-1,-1,1,-1
201542I015001,2,11,0,18,0,1,0,0,0,0,4,1,1,1,-1,-1,6700,2,5,-1,3,-1
201542I015101,1,9,0,9,9,5,0,0,0,0,1,1,6,1,-1,-1,1299,1,11,-1,-1,-1
201542I015201,1,9,0,18,0,0,0,0,0,0,1,1,6,1,84,11,1343,1,11,-1,3,-1
201542I015301,1,9,0,18,0,1,0,0,0,0,1,1,1,1,72,10,-1,-1,-1,-1,1,-1
201542I015301,2,10,0,18,0,1,0,0,0,0,1,1,1,1,36,7,1998,2,10,-1,1,-1
201542I015501,1,9,0,3,0,4,0,0,0,0,1,1,6,1,-1,-1,1388,1,16,-1,-1,-1
201542I015501,2,9,0,3,0,4,0,0,0,0,2,1,6,2,43,7,-1,-1,-1,-1,1,-1
201542I015601,1,9,0,18,0,3,0,0,0,0,1,1,6,2,-1,-1,1598,2,3,-1,-1,-1
201542I015601,2,9,0,18,0,3,0,0,0,0,2,1,6,2,20,4,1587,1,12,-1,2,-1
201542I015701,1,9,0,18,0,4,0,0,3,4,1,1,6,1,30,6,-1,-1,-1,-1,1,-1
201542I015801,1,19,0,1,0,0,0,0,0,0,2,1,6,3,-1,-1,-1,-1,-1,-1,-1,-1
201542I015801,2,9,0,1,0,0,0,0,1,9,1,1,1,2,42,7,-1,-1,-1,-1,-1,-1
201542I015901,1,9,0,5,0,0,0,0,0,0,3,1,6,1,55,8,-1,-1,-1,-1,1,-1
201542I016001,1,20,0,18,0,0,0,0,0,0,4,1,1,1,39,7,4461,2,3,-1,1,-1
201542I016101,1,9,0,9,0,1,0,0,0,0,0,1,6,1,40,7,2979,7,12,-1,1,-1