Accident_Index,Vehicle_Reference,Vehicle_Type,Towing_and_Articulation,Vehicle_Manoeuvre,Vehicle_Location-Restricted_Lane,Junction_Location,Skidding_and_Overturning,Hit_Object_in_Carriageway,Vehicle_Leaving_Carriageway,Hit_Object_off_Carriageway,1st_Point_of_Impact,Was_Vehicle_Left_Hand_Drive?,Journey_Purpose_of_Driver,Sex_of_Driver,Age_of_Driver,Age_Band_of_Driver,Engine_Capacity_(CC),Propulsion_Code,Age_of_Vehicle,Driver_IMD_Decile,Driver_Home_Area_Type,Vehicle_IMD_Decile
201542I016101,2,9,0,1,0,1,1,4,0,0,0,1,6,1,40,7,-1,-1,-1,-1,1,-1
201542I016101,3,9,0,2,0,1,0,0,0,0,0,1,6,2,-1,-1,1598,2,2,-1,-1,-1
201542I016201,1,9,0,5,0,1,0,0,0,0,3,1,6,1,25,5,-1,-1,-1,-1,1,-1
201542I016201,2,5,0,5,0,1,0,0,0,0,4,1,1,1,18,4,1170,1,6,-1,-1,-1
201542I016301,1,9,0,3,0,1,0,0,0,0,1,1,6,2,49,8,2400,2,1,-1,3,-1
201542I016301,2,9,0,4,0,1,0,0,0,0,2,1,6,1,37,7,1896,2,13,-1,1,-1
201542I016401,1,5,0,4,0,1,0,0,0,0,4,1,6,1,24,5,649,1,10,-1,1,-1
201542I016501,1,9,0,18,0,6,1,0,0,7,1,1,6,1,27,6,-1,-1,-1,-1,1,-1
201542I016601,1,9,0,18,0,0,0,0,0,0,1,1,6,2,20,4,-1,-1,-1,-1,1,-1
201542I016601,2,9,0,4,0,0,0,0,0,0,2,1,6,1,40,7,1248,1,6,-1,1,-1
201542I016701,1,9,0,7,0,2,0,0,7,0,1,1,3,2,70,10,1596,1,2,-1,1,-1
201542I016701,2,9,0,18,0,2,0,0,7,2,3,1,6,2,33,6,1598,1,9,-1,1,-1
201542I016801,1,9,0,4,0,0,0,0,0,0,1,1,3,2,41,7,1995,1,12,-1,1,-1
201542I016801,2,9,0,4,0,0,0,0,0,0,1,1,6,2,30,6,1242,1,9,-1,1,-1
201542I016801,3,9,0,3,0,0,0,0,0,0,2,1,6,2,45,7,1299,1,14,-1,1,-1
201542I016901,1,9,0,9,0,6,0,0,0,0,3,1,2,1,26,6,1596,1,6,-1,2,-1
201542I016901,2,3,0,18,0,8,0,0,0,0,1,1,2,1,22,5,125,1,10,-1,1,-1
201542I017001,1,9,0,11,0,0,2,0,1,9,4,1,6,2,69,10,1242,1,6,-1,1,-1
201542I017001,2,21,1,18,0,0,0,0,0,0,3,1,1,1,40,7,12900,2,6,-1,1,-1
201542I017101,1,98,0,5,0,2,0,0,7,10,4,1,1,1,24,5,-1,-1,-1,-1,-1,-1
201542I017101,2,9,0,18,0,1,0,0,7,0,1,1,6,1,24,5,-1,-1,-1,-1,1,-1
201542I017201,1,9,0,18,0,0,1,0,0,0,1,1,6,2,22,5,1796,1,19,-1,1,-1
201542I017201,2,9,0,3,0,0,0,0,0,0,2,1,6,2,44,7,1587,1,11,-1,1,-1
201542I017401,1,9,0,9,0,1,0,0,0,0,4,1,2,1,49,8,2148,2,6,-1,1,-1
201542I017401,2,2,0,18,0,1,1,0,0,0,1,1,2,1,19,4,-1,-1,-1,-1,1,-1
201542I017501,1,9,0,9,0,8,0,0,0,0,3,1,6,2,58,9,1398,1,3,-1,1,-1
201542I017501,2,9,0,18,0,1,1,0,0,0,1,1,6,1,43,7,-1,-1,-1,-1,-1,-1
201542I017601,1,19,0,4,0,0,1,0,0,0,1,1,1,1,58,9,1997,2,4,-1,-1,-1
201542I017601,2,9,0,3,0,0,0,0,0,0,2,1,6,1,57,9,1796,1,3,-1,1,-1
201542I017701,1,9,0,9,0,5,0,0,0,0,1,1,6,2,38,7,1995,2,3,-1,3,-1
201542I017701,2,9,0,18,0,8,0,0,0,0,1,1,6,2,37,7,3600,2,7,-1,1,-1
201542I017801,1,19,0,17,0,0,0,0,0,0,0,1,6,3,-1,-1,-1,-1,-1,-1,-1,-1
201542I017801,2,9,0,16,0,0,0,0,1,0,4,1,6,1,37,7,-1,-1,-1,-1,3,-1
201542I018001,1,9,0,9,0,1,0,0,0,0,1,1,2,2,39,7,1242,1,1,-1,1,-1
201542I018001,2,4,0,18,0,1,0,0,0,0,4,1,2,1,21,5,125,1,1,-1,1,-1
201542I018301,1,90,0,18,0,8,0,0,0,0,1,1,6,3,-1,-1,-1,-1,-1,-1,-1,-1
201542I018301,2,9,0,18,0,8,0,0,0,0,2,1,6,1,57,9,1956,2,2,-1,1,-1
201542I018701,1,9,0,18,0,0,0,0,0,0,1,1,6,1,-1,-1,1989,1,16,-1,1,-1
201542I018701,2,9,0,14,0,0,0,0,0,0,3,1,6,2,44,7,-1,-1,-1,-1,1,-1
201542I018801,1,9,0,18,0,1,0,0,0,0,2,1,6,1,-1,-1,1999,1,2,-1,-1,-1
201542I018801,2,19,0,4,0,1,0,0,0,0,1,1,6,1,28,6,1753,2,10,-1,1,-1
201542I018901,1,3,0,9,0,8,1,0,0,0,0,1,6,1,48,8,124,1,9,-1,2,-1
201542I019001,1,9,0,18,0,0,0,0,0,0,1,1,6,1,88,11,-1,-1,-1,-1,1,-1
201542I019001,2,9,0,2,0,0,0,0,0,0,2,1,6,1,45,7,1968,2,3,-1,1,-1
201542I019001,3,9,0,18,0,0,0,0,0,0,2,1,6,2,51,8,1396,1,12,-1,1,-1
201542I019101,1,8,0,2,0,1,0,0,0,0,3,1,6,1,-1,-1,1995,2,7,-1,-1,-1
201542I019101,2,1,0,18,0,1,0,0,0,0,1,1,6,1,19,4,-1,-1,-1,-1,-1,-1
201542I019201,1,9,0,18,0,1,0,0,0,0,1,1,6,1,-1,-1,-1,-1,-1,-1,-1,-1
201542I019201,2,9,0,3,0,1,0,0,0,0,1,1,6,1,32,6,1686,2,5,-1,-1,-1
201542I019301,1,5,0,18,0,0,0,0,0,0,3,1,6,1,33,6,-1,-1,-1,-1,1,-1
201542I019301,2,19,0,5,0,0,0,0,0,0,1,1,1,1,-1,-1,-1,-1,-1,-1,-1,-1
201542I019401,1,9,0,9,0,2,0,0,0,0,1,1,2,1,27,6,1598,1,6,-1,-1,-1
201542I019501,1,98,0,1,0,0,0,0,0,0,2,1,1,3,47,8,-1,-1,-1,-1,1,-1
201542I019601,1,9,0,9,0,2,0,0,0,0,1,1,6,2,-1,-1,1497,1,10,-1,-1,-1
201542I019601,2,9,0,9,0,2,0,0,0,0,2,1,6,1,28,6,1598,1,1,-1,1,-1
201542I019701,1,1,0,18,0,1,1,0,0,0,1,1,6,2,32,6,-1,-1,-1,-1,1,-1
201542I019701,2,9,0,5,0,2,0,0,0,0,4,1,6,1,27,6,1397,1,14,-1,1,-1
201542I019801,1,9,0,5,0,4,0,0,0,0,1,1,6,1,35,6,1242,1,1,-1,1,-1
201542I019801,2,9,0,5,0,4,0,0,0,0,2,1,6,2,28,6,998,1,4,-1,1,-1
201542I019901,1,9,0,18,0,0,0,0,0,0,1,1,6,1,30,6,1596,1,9,-1,1,-1
201542I019901,2,9,0,2,0,0,0,0,0,0,2,1,6,1,49,8,1598,1,6,-1,1,-1
201542I020001,1,9,0,9,0,1,0,0,0,0,1,1,6,1,47,8,1596,1,13,-1,1,-1
201542I020001,2,1,0,18,0,1,0,0,0,0,4,1,6,2,29,6,-1,-1,-1,-1,1,-1
201542I020101,1,9,0,8,0,1,0,0,0,0,2,1,6,2,50,8,1560,2,2,-1,1,-1
201542I020101,2,9,0,1,0,8,0,0,0,0,0,1,6,3,-1,-1,-1,-1,-1,-1,-1,-1
201542I020201,1,9,0,18,0,8,1,0,0,0,1,1,6,1,26,6,973,1,15,-1,1,-1
201542I020301,1,9,0,9,0,6,0,0,0,0,1,1,6,2,61,9,-1,-1,-1,-1,3,-1
201542I020401,1,19,0,16,0,0,1,0,1,0,1,1,1,2,32,6,2400,2,13,-1,1,-1
201542I020401,2,21,0,17,0,0,0,0,7,0,1,1,1,1,48,8,9290,2,4,-1,3,-1
201542I020501,1,9,0,16,0,2,1,0,0,0,1,1,6,1,-1,-1,2494,1,15,-1,-1,-1
201542I020501,2,9,0,17,0,2,0,0,0,0,1,1,2,2,24,5,2993,2,1,-1,1,-1
201542I020501,3,9,0,17,0,2,0,0,0,0,1,1,2,2,24,5,1360,1,12,-1,1,-1
201542I020601,1,9,0,9,0,6,0,0,0,0,0,1,6,2,71,10,1596,1,8,-1,1,-1
201542I020601,2,3,0,18,0,1,1,0,0,0,4,1,6,1,19,4,124,1,2,-1,1,-1
201542I020701,1,9,0,18,0,0,0,0,0,0,1,1,6,2,66,10,-1,-1,-1,-1,1,-1
201542I020701,2,9,0,4,0,0,0,0,0,0,2,1,1,2,25,5,-1,-1,-1,-1,3,-1
201542I020801,1,9,0,17,0,0,1,0,7,0,2,1,1,1,19,4,-1,-1,-1,-1,1,-1
201542I020901,1,2,0,18,0,1,1,0,0,0,0,1,6,1,17,4,-1,-1,-1,-1,1,-1
201542I020901,2,2,0,18,0,1,1,0,0,0,0,1,6,1,17,4,-1,-1,-1,-1,1,-1
201542I021001,1,9,0,12,0,1,0,0,0,0,3,1,1,1,45,7,1968,2,3,-1,3,-1
201542I021001,2,19,0,18,0,1,0,0,7,1,4,1,1,1,29,6,-1,-1,-1,-1,1,-1
201542I021101,1,9,0,18,0,8,0,0,0,0,1,1,6,2,32,6,1329,1,6,-1,1,-1
201542I021101,2,9,0,7,0,7,0,0,0,0,2,1,6,1,35,6,1998,1,9,-1,1,-1
201542I021201,1,9,0,18,0,0,1,0,0,0,1,1,2,2,21,5,1299,1,12,-1,1,-1
201542I021201,2,4,0,4,0,0,0,0,0,0,2,1,2,1,48,8,124,1,12,-1,1,-1
201542I021201,3,9,0,4,0,0,0,0,0,0,2,1,2,2,52,8,1388,1,11,-1,-1,-1
201542I021301,1,9,0,18,0,0,0,0,0,0,1,1,6,1,33,6,2148,2,6,-1,1,-1
201542I021301,2,9,0,3,0,0,0,0,0,0,1,1,2,1,45,7,1560,2,6,-1,1,-1
201542I021301,3,9,0,3,0,0,0,0,0,0,2,1,2,2,50,8,1984,1,4,-1,1,-1
201542I021401,1,1,0,18,0,0,1,10,0,0,1,1,6,2,37,7,-1,-1,-1,-1,1,-1
201542I021501,1,9,0,17,0,0,5,0,1,9,1,1,6,2,20,4,999,1,8,-1,2,-1
201542I021601,1,9,0,16,0,4,0,10,2,2,4,1,6,1,22,5,-1,-1,-1,-1,3,-1
201542I021701,1,9,0,18,0,1,1,0,0,0,1,1,1,1,47,8,-1,-1,-1,-1,3,-1
201542I021701,2,9,0,10,0,1,0,0,0,0,2,1,6,2,70,10,998,1,2,-1,2,-1
201542I021801,1,9,0,4,0,2,1,0,0,0,1,1,6,1,32,6,1910,2,8,-1,1,-1
201542I021801,2,9,0,4,0,2,0,0,0,0,2,1,6,1,60,9,1497,1,10,-1,3,-1
201542I021901,1,9,0,16,0,2,1,0,0,0,1,1,6,1,22,5,1240,1,12,-1,1,-1
201542I021901,2,9,0,18,0,8,0,0,0,0,1,1,6,1,28,6,-1,-1,-1,-1,1,-1
201542I022001,1,9,0,18,0,0,0,0,0,0,1,1,6,1,-1,-1,1398,8,2,-1,-1,-1
201542I022001,2,9,0,18,0,0,0,0,0,0,1,1,6,1,83,11,1242,1,16,-1,1,-1
201542I022101,1,9,0,18,0,0,0,0,0,0,1,1,6,2,70,10,1968,2,4,-1,-1,-1
201542I022101,2,9,0,4,0,0,0,0,0,0,2,1,6,2,25,5,-1,-1,-1,-1,-1,-1
201542I022101,3,4,0,18,0,0,0,0,0,0,0,1,6,3,-1,-1,-1,-1,-1,-1,-1,-1
201542I022201,1,9,0,18,0,0,0,0,0,0,1,1,6,2,23,5,1995,2,2,-1,-1,-1
201542I022201,2,9,0,4,0,0,0,0,0,0,2,1,6,2,50,8,995,1,10,-1,1,-1
201542I022201,3,9,0,3,0,0,0,0,0,0,2,1,6,1,29,6,-1,-1,-1,-1,1,-1
201542I022301,1,9,0,9,0,2,0,0,0,0,3,1,6,2,77,11,2295,1,14,-1,3,-1
201542I022301,2,9,0,18,0,1,0,0,0,0,1,1,6,2,71,10,1248,1,2,-1,3,-1
201542I022401,1,9,0,9,0,4,0,0,0,0,3,1,6,1,35,6,-1,-1,-1,-1,1,-1
201542I022401,2,1,0,18,0,8,0,0,0,0,1,1,6,2,51,8,-1,-1,-1,-1,-1,-1
201542I022501,1,9,0,4,0,4,0,0,0,0,1,1,2,1,27,6,1598,1,11,-1,-1,-1
201542I022601,1,9,0,18,0,1,0,0,0,0,1,1,2,1,42,7,-1,-1,-1,-1,3,-1
201542I022601,2,9,0,18,0,1,0,0,0,0,2,1,2,2,28,6,-1,-1,-1,-1,1,-1
201542I022701,1,9,0,2,0,0,0,0,0,2,2,1,6,2,21,5,-1,-1,-1,-1,1,-1
201542I022801,1,9,0,3,0,8,0,0,0,0,1,1,6,2,18,4,1242,1,7,-1,1,-1
201542I022801,2,9,0,18,0,8,0,0,0,0,4,1,6,2,49,8,-1,-1,-1,-1,1,-1
201542I022901,1,9,0,1,0,1,0,0,0,0,2,1,6,1,28,6,1386,1,12,-1,1,-1
201542I023001,1,9,0,9,0,8,0,0,0,0,4,1,6,1,21,5,1596,1,11,-1,1,-1
201542I023001,2,2,0,18,0,1,0,0,0,0,1,1,1,1,31,6,125,1,12,-1,-1,-1
201542I023101,1,21,1,18,0,0,1,0,4,0,1,1,1,1,58,9,12419,2,3,-1,1,-1
201542I023101,2,9,0,3,0,0,0,0,0,0,2,1,1,2,36,7,-1,-1,-1,-1,1,-1
201542I023101,3,19,0,3,0,0,0,0,0,0,2,1,1,1,53,8,2998,2,7,-1,1,-1
201542I023101,4,9,0,3,0,0,0,0,0,0,2,1,1,2,41,7,-1,-1,-1,-1,3,-1
201542I023101,5,9,4,3,0,0,0,0,0,0,2,1,1,1,41,7,1997,2,3,-1,1,-1
201542I023101,6,9,0,3,0,0,0,0,0,0,3,1,1,1,56,9,2143,2,1,-1,1,-1
201542I023201,1,9,0,17,0,0,1,10,7,3,1,1,6,2,23,5,-1,-1,-1,-1,1,-1
201542I023301,1,9,0,18,0,7,0,0,0,0,1,1,6,2,31,6,-1,-1,-1,-1,-1,-1
201542I023301,2,9,0,4,0,7,0,0,0,0,2,1,6,1,60,9,1995,2,1,-1,1,-1
201542I023401,1,9,0,18,0,0,1,7,0,0,1,1,6,1,77,11,1798,1,9,-1,3,-1
201542I023501,1,9,0,9,0,2,0,0,0,0,1,1,6,2,55,8,-1,-1,-1,-1,2,-1
201542I023701,1,9,0,18,0,1,0,0,0,0,1,1,6,1,41,7,-1,-1,-1,-1,1,-1
201542I023701,2,4,0,3,0,1,0,0,0,0,2,1,6,1,19,4,-1,-1,-1,-1,2,-1
201542I023801,1,9,0,18,0,0,0,0,0,0,1,1,6,3,-1,-1,-1,-1,-1,-1,-1,-1
201542I023901,1,9,0,18,0,1,0,0,1,3,1,1,6,2,25,5,1598,1,8,-1,1,-1
201542I024001,1,9,0,18,0,1,0,0,0,0,1,1,6,3,-1,-1,-1,-1,-1,-1,-1,-1
201542I024101,1,9,0,5,0,1,0,0,0,0,1,1,6,1,50,8,-1,-1,-1,-1,-1,-1
201542I024101,2,1,0,18,0,8,0,0,0,0,4,1,6,1,50,8,-1,-1,-1,-1,1,-1
201542I024201,1,9,0,18,0,0,0,0,0,0,1,1,6,2,-1,-1,1598,1,13,-1,-1,-1
201542I024201,2,1,0,18,0,0,0,0,0,0,2,1,6,1,73,10,-1,-1,-1,-1,3,-1
201542I024301,1,9,0,18,0,0,0,0,0,0,4,1,6,2,-1,-1,-1,-1,-1,-1,-1,-1
201542I024401,1,9,0,18,0,0,0,0,0,0,3,1,6,3,-1,-1,-1,-1,-1,-1,-1,-1
201542I024401,2,9,0,18,0,0,0,0,0,0,3,1,6,1,61,9,1749,1,10,-1,-1,-1
201542I024501,1,9,0,4,0,8,0,0,0,0,3,1,6,3,63,9,1388,1,5,-1,1,-1
201542I024501,2,9,0,4,0,8,0,0,0,0,1,1,6,3,23,5,1598,1,2,-1,1,-1
201542I024601,1,9,0,9,0,6,0,0,0,0,1,1,6,3,51,8,1590,1,14,-1,2,-1
201542I024601,2,9,0,18,0,6,0,0,0,0,1,1,6,1,17,4,1360,1,9,-1,-1,-1
201542I024701,1,9,0,18,0,0,0,0,0,0,1,1,6,1,78,11,1753,2,9,-1,3,-1
201542I024701,2,9,0,18,0,0,0,0,0,0,1,1,6,2,51,8,-1,-1,-1,-1,1,-1
201542I024801,1,9,0,7,0,1,0,0,3,2,1,1,6,1,20,4,-1,-1,-1,-1,1,-1
201542I024801,2,9,0,18,0,8,0,0,0,0,1,1,6,1,25,5,-1,-1,-1,-1,1,-1
201542I024801,3,9,0,18,0,8,0,0,1,4,4,1,6,1,88,11,-1,-1,-1,-1,1,-1
201542I024901,1,9,0,9,0,8,0,0,0,0,3,1,6,2,78,11,1229,1,2,-1,1,-1
201542I024901,2,19,0,18,0,8,0,0,0,0,1,1,6,1,49,8,1461,2,4,-1,1,-1
201542I025001,1,9,0,18,0,0,0,12,0,0,1,1,6,1,70,10,-1,-1,-1,-1,1,-1
201542I025001,2,9,0,2,0,0,0,0,0,0,2,1,1,1,46,8,-1,-1,-1,-1,1,-1
201542I025101,1,9,0,18,0,7,0,0,0,0,1,1,6,1,22,5,1299,1,14,-1,2,-1
201542I025101,2,9,0,18,0,7,0,0,0,0,3,1,2,1,31,6,1399,2,8,-1,1,-1
201542I025101,3,9,0,18,0,7,0,0,0,0,3,1,6,1,32,6,1968,2,3,-1,1,-1
201542I025101,4,9,0,18,0,7,0,0,0,0,2,1,6,2,24,5,1240,1,10,-1,1,-1
201542I025201,1,9,0,18,0,1,0,0,0,0,1,1,6,1,36,7,998,1,8,-1,-1,-1
201542I025201,2,9,0,10,0,1,0,0,0,0,2,1,6,1,53,8,-1,-1,-1,-1,-1,-1
201542I025301,1,9,0,4,0,1,0,0,0,0,1,1,6,2,45,7,4367,2,4,-1,1,-1
201542I025301,2,9,0,10,0,1,0,0,0,0,2,1,6,2,44,7,1598,1,2,-1,1,-1
201542I025401,1,9,0,16,0,0,0,0,0,0,1,1,6,2,61,9,-1,-1,-1,-1,1,-1
201542I025401,2,9,0,17,0,0,0,0,0,0,1,1,6,2,56,9,3999,1,5,-1,3,-1
201542I025401,3,9,0,16,0,0,0,0,0,0,1,1,6,1,37,7,-1,-1,-1,-1,2,-1
201542I025501,1,9,0,17,0,0,2,0,7,9,1,1,6,1,38,7,1598,1,10,-1,3,-1
201542I025601,1,9,0,18,0,0,0,0,0,0,1,1,6,2,26,6,2967,2,1,-1,3,-1
201542I025601,2,9,0,4,0,0,0,0,0,0,2,1,6,2,35,6,-1,-1,-1,-1,3,-1
201542I025701,1,9,0,18,0,0,0,0,0,0,1,1,6,1,41,7,2231,2,8,-1,3,-1
201542I025701,2,9,0,18,0,0,0,0,0,0,2,1,6,1,72,10,1560,2,4,-1,3,-1
201542I025701,3,9,0,18,0,0,0,0,0,0,2,1,6,1,41,7,1686,2,2,-1,1,-1
201542I025801,1,5,0,16,0,3,0,0,0,0,1,1,2,1,54,8,-1,-1,-1,-1,1,-1
201542I025801,2,9,0,16,0,3,0,0,0,0,2,1,2,2,40,7,1596,1,4,-1,1,-1
201542I025901,1,9,0,18,0,0,2,0,2,3,1,1,6,1,25,5,2720,2,8,-1,3,-1
201542I026001,1,21,1,5,8,1,0,0,0,0,2,1,1,1,49,8,12809,2,1,-1,3,-1
201542I026001,2,9,0,18,0,1,0,0,1,0,1,1,1,2,57,9,-1,-1,-1,-1,1,-1
201542I026101,1,9,0,18,0,0,0,0,0,0,1,1,6,3,54,8,-1,-1,-1,-1,-1,-1
201542I026201,1,5,0,7,0,1,1,0,0,0,1,1,6,1,24,5,750,1,9,-1,1,-1
201542I026201,2,9,0,18,0,1,0,0,0,0,4,1,6,1,-1,-1,-1,-1,-1,-1,-1,-1
201542I026301,1,9,0,7,0,3,1,0,0,0,2,1,6,1,53,8,1598,1,8,-1,1,-1
201542I026301,2,21,0,18,0,1,0,0,0,0,1,1,1,1,46,8,-1,-1,-1,-1,-1,-1
201542I026401,1,5,0,18,0,0,0,0,0,0,3,1,1,1,32,6,1137,1,18,-1,3,-1
201542I026401,2,9,0,18,0,0,0,0,0,0,4,1,1,1,51,8,1995,2,4,-1,3,-1
201542I026401,3,21,1,18,0,0,0,0,0,0,3,1,1,1,32,6,11946,2,4,-1,1,-1
201542I026501,1,9,0,15,0,0,1,0,0,0,3,1,6,1,-1,-1,1753,2,15,-1,-1,-1
201542I026501,2,11,0,17,0,0,1,0,0,0,1,1,1,1,45,7,4250,2,5,-1,1,-1
201542I026501,3,9,0,18,0,0,1,0,0,0,1,1,6,2,28,6,-1,-1,-1,-1,1,-1
201542I026501,4,9,0,18,0,0,1,0,0,0,1,1,6,1,59,9,-1,-1,-1,-1,1,-1
201542I026601,1,9,0,17,0,0,1,0,0,0,1,1,2,1,35,6,-1,-1,-1,-1,2,-1
201542I026601,2,9,0,18,0,0,0,0,0,0,1,1,2,2,25,5,1388,1,12,-1,1,-1
201542I026701,1,9,0,18,0,5,2,7,2,7,1,1,6,1,91,11,1587,1,8,-1,-1,-1
201542I026801,1,19,0,18,0,8,0,0,0,0,1,1,6,1,-1,-1,-1,-1,-1,-1,-1,-1
201542I026801,2,3,0,18,0,8,0,0,0,0,4,1,6,1,17,4,125,1,4,-1,3,-1
201542I026901,1,9,0,18,0,0,0,0,0,0,1,1,6,1,93,11,1461,2,11,-1,1,-1
201542I026901,2,9,0,18,0,0,0,0,0,0,0,1,6,1,45,7,1596,1,7,-1,1,-1
201542I027101,1,9,0,5,8,6,0,0,0,0,3,1,6,1,35,6,-1,-1,-1,-1,2,-1
201542I027101,2,9,0,17,0,1,0,0,7,0,1,1,6,2,24,5,1686,2,5,-1,3,-1
201542I027201,1,9,0,18,0,6,0,0,0,0,1,1,6,2,74,10,-1,-1,-1,-1,1,-1
201542I027201,2,9,0,18,0,8,5,0,0,0,4,1,6,1,45,7,1398,2,5,-1,1,-1
201542I027501,1,5,0,16,0,1,1,0,0,0,0,1,2,1,43,7,897,1,12,-1,1,-1
201542I027601,1,1,0,7,0,3,0,0,0,0,1,1,6,1,-1,-1,-1,-1,-1,-1,-1,-1
201542I027601,2,9,0,7,0,3,0,0,0,0,2,1,6,1,46,8,-1,-1,-1,-1,1,-1
201542I027701,1,9,0,3,0,0,0,0,0,0,1,1,6,2,-1,-1,6208,1,5,-1,-1,-1
201542I027701,2,1,0,14,0,0,0,0,0,0,1,1,6,2,52,8,-1,-1,-1,-1,1,-1
201542I027801,1,9,0,4,0,1,0,0,0,0,1,1,6,1,-1,-1,2720,2,10,-1,-1,-1
201542I027801,2,9,0,3,0,1,0,0,0,0,2,1,6,2,55,8,1997,2,1,-1,1,-1
201542I027901,1,9,0,18,0,0,0,0,0,0,4,1,6,3,-1,-1,1798,1,14,-1,-1,-1
201542I027901,2,1,0,18,0,0,0,0,0,0,3,1,6,2,34,6,-1,-1,-1,-1,1,-1
201542I028001,1,9,0,5,0,2,0,0,0,0,1,1,6,1,-1,-1,1360,1,10,-1,2,-1
201542I028001,2,9,0,18,0,8,0,0,0,0,3,1,6,2,32,6,1596,1,12,-1,1,-1
201542I028101,1,9,0,18,0,0,1,0,1,4,1,1,6,1,22,5,-1,-1,-1,-1,1,-1
201542I028201,1,9,0,11,0,7,0,0,0,0,0,1,6,2,-1,-1,1149,1,4,-1,1,-1
201542I028201,2,9,0,18,0,8,0,0,0,0,0,1,6,2,35,6,1242,1,5,-1,1,-1
201542I028301,1,9,0,18,0,1,0,0,0,0,4,1,1,2,56,9,2143,2,-1,-1,1,-1
201542I028401,1,9,0,5,0,6,0,0,0,0,1,1,6,1,-1,-1,1995,2,2,-1,3,-1
201542I028401,2,1,0,18,0,1,0,0,0,0,1,1,6,1,55,8,-1,-1,-1,-1,3,-1
201542I028501,1,9,0,5,0,1,0,0,7,9,1,1,1,1,-1,-1,-1,-1,-1,-1,2,-1
201542I028501,2,9,0,5,0,1,0,0,0,0,2,1,1,1,35,6,-1,-1,-1,-1,-1,-1
201542I028601,1,9,0,18,0,2,1,0,0,0,1,1,6,1,30,6,-1,-1,-1,-1,-1,-1
201542I028701,1,1,0,9,0,8,1,0,0,0,3,1,2,2,32,6,-1,-1,-1,-1,1,-1
201542I028801,1,3,0,18,0,0,1,0,1,4,1,1,2,1,31,6,124,1,2,-1,3,-1
201542I028901,1,9,0,7,0,2,0,0,0,0,1,1,3,2,39,7,1798,1,8,-1,1,-1
201542I029001,1,9,0,16,0,0,1,0,7,0,1,1,6,1,20,4,-1,-1,-1,-1,3,-1
201542I029201,1,9,0,18,0,1,0,0,7,10,3,1,6,1,35,6,1587,1,14,-1,2,-1
201542I029301,1,9,0,17,0,0,5,0,1,3,1,1,6,1,32,6,2494,1,15,-1,1,-1
201542I029401,1,19,0,18,0,0,0,0,0,0,4,1,1,1,60,9,-1,-1,-1,-1,2,-1
201542I029502,1,9,0,5,0,4,0,0,0,0,1,1,2,2,28,6,1248,2,7,-1,1,-1
201542I029502,2,9,0,3,0,4,0,0,0,0,2,1,6,2,60,9,998,1,1,-1,1,-1
201542I029602,1,2,0,18,9,0,1,0,0,0,4,1,4,1,-1,-1,49,1,5,-1,3,-1
201542I029701,1,9,0,18,0,0,0,0,0,0,1,1,6,2,39,7,-1,-1,-1,-1,1,-1
201542I029701,2,9,0,18,0,0,0,0,0,0,2,1,6,1,67,10,1910,2,5,-1,1,-1
201542I029701,3,9,0,18,0,0,0,0,0,0,1,1,6,2,58,9,1248,1,1,-1,1,-1
201542I029701,4,9,0,18,0,0,0,0,0,0,1,1,6,1,34,6,1985,1,18,-1,1,-1
201542I029802,1,9,0,4,0,0,0,0,0,0,1,1,1,1,-1,-1,1198,1,9,-1,-1,-1
201542I029802,2,98,0,3,0,0,0,0,0,0,2,1,1,1,56,9,-1,-1,-1,-1,3,-1
201542I030002,1,9,0,18,0,0,0,0,0,0,1,1,6,1,49,8,-1,-1,-1,-1,1,-1
201542I030002,2,9,0,3,0,0,0,0,0,0,2,1,6,2,34,6,1388,1,6,-1,1,-1
201542I030102,1,19,0,16,0,1,1,0,0,0,1,1,1,1,51,8,-1,-1,-1,-1,2,-1
201542I030102,2,9,0,17,0,1,0,0,0,0,1,1,6,2,23,5,1598,1,13,-1,-1,-1
201542I030202,1,9,0,18,0,0,0,0,0,0,1,1,6,1,30,6,1781,1,15,-1,1,-1
201542I030302,1,11,0,9,0,1,0,0,0,0,0,1,1,1,-1,-1,-1,-1,-1,-1,-1,-1
201542I030302,2,1,0,18,0,1,0,0,0,0,0,1,6,1,48,8,-1,-1,-1,-1,1,-1
201542I030402,1,9,0,14,0,0,0,0,0,0,1,1,2,2,19,4,1388,1,13,-1,1,-1
201542I030402,2,9,0,2,0,0,0,0,0,0,2,1,6,2,22,5,998,1,6,-1,1,-1
201542I030601,1,9,0,18,0,0,0,0,4,6,1,1,6,1,32,6,1595,1,18,-1,1,-1
201542I030702,1,21,1,11,0,0,0,0,0,0,3,2,1,1,39,7,-1,-1,-1,-1,-1,-1
201542I030702,2,9,0,18,0,0,0,0,4,6,4,1,6,1,20,4,1242,1,5,-1,1,-1
201542I030802,1,9,0,18,0,4,0,9,3,0,1,1,2,2,24,5,-1,-1,-1,-1,1,-1
201542I030902,1,9,0,9,0,1,0,0,0,0,1,1,6,1,67,10,-1,-1,-1,-1,3,-1
201542I030902,2,9,0,17,0,1,0,0,0,0,1,1,6,2,70,10,1240,1,5,-1,-1,-1
201542I031002,1,9,0,9,0,0,0,0,0,0,0,1,6,1,37,7,-1,-1,-1,-1,1,-1
201542I031002,2,2,0,18,0,0,1,0,0,0,0,1,2,1,19,4,49,1,2,-1,1,-1