Accident_Index,Vehicle_Reference,Vehicle_Type,Towing_and_Articulation,Vehicle_Manoeuvre,Vehicle_Location-Restricted_Lane,Junction_Location,Skidding_and_Overturning,Hit_Object_in_Carriageway,Vehicle_Leaving_Carriageway,Hit_Object_off_Carriageway,1st_Point_of_Impact,Was_Vehicle_Left_Hand_Drive?,Journey_Purpose_of_Driver,Sex_of_Driver,Age_of_Driver,Age_Band_of_Driver,Engine_Capacity_(CC),Propulsion_Code,Age_of_Vehicle,Driver_IMD_Decile,Driver_Home_Area_Type,Vehicle_IMD_Decile
201542I061003,1,9,0,9,0,1,1,0,7,0,4,1,6,1,35,6,1995,2,6,-1,1,-1
201542I061003,2,9,0,18,0,1,0,0,0,0,1,1,6,1,56,9,1399,1,5,-1,1,-1
201542I061003,3,9,0,3,0,1,0,0,0,0,1,1,6,1,55,8,599,1,13,-1,1,-1
201542I061203,1,9,0,18,0,0,0,0,0,0,0,1,6,3,-1,-1,-1,-1,-1,-1,-1,-1
201542I061203,2,9,0,18,0,0,0,0,1,4,4,1,6,2,18,4,998,1,3,-1,3,-1
201542I061303,1,9,0,18,0,1,0,0,0,0,1,1,2,2,60,9,1299,1,8,-1,1,-1
201542I061403,1,9,0,5,0,8,0,0,0,0,1,1,6,3,-1,-1,2720,2,9,-1,-1,-1
201542I061403,2,9,0,18,0,8,0,0,0,0,4,1,6,1,59,9,998,1,15,-1,2,-1
201542I061503,1,4,0,18,0,1,0,0,0,0,1,1,6,1,25,5,-1,-1,-1,-1,1,-1
201542I061503,2,9,0,3,0,1,0,0,0,0,4,1,6,2,39,7,998,1,2,-1,1,-1
201542I061503,3,9,0,18,0,1,0,0,0,0,0,1,6,1,-1,-1,-1,-1,-1,-1,-1,-1
201542I061603,1,9,0,18,0,0,0,0,1,0,1,1,6,1,28,6,-1,-1,-1,-1,1,-1
201542I061603,2,21,1,18,0,0,0,0,0,0,1,1,1,1,49,8,12902,2,1,-1,2,-1
201542I061603,3,9,0,18,0,0,0,0,0,0,1,1,6,1,46,8,1798,2,4,-1,-1,-1
201542I061703,1,98,0,12,0,7,0,0,0,0,4,1,6,1,-1,-1,2198,2,1,-1,-1,-1
201542I061703,2,9,0,18,0,7,0,0,0,0,3,1,6,1,77,11,1240,1,10,-1,1,-1
201542I061803,1,9,0,13,0,0,0,0,0,0,1,1,6,3,-1,-1,-1,-1,-1,-1,-1,-1
201542I061803,2,1,0,18,0,0,0,0,0,0,4,1,6,1,17,4,-1,-1,-1,-1,3,-1
201542I061903,1,9,0,5,0,7,0,0,0,0,3,1,6,1,81,11,1598,1,10,-1,1,-1
201542I061903,2,21,1,18,0,7,0,0,0,0,4,1,1,1,46,8,12777,2,8,-1,-1,-1
201542I061903,3,9,0,18,0,7,0,0,0,0,4,1,1,1,52,8,1560,2,4,-1,1,-1
201542I062003,1,9,0,18,0,1,0,0,0,0,1,1,6,1,78,11,1868,2,10,-1,3,-1
201542I062003,2,9,0,18,0,1,0,0,0,0,2,1,6,1,46,8,1598,1,12,-1,3,-1
201542I062003,3,9,0,18,0,1,0,0,0,0,2,1,6,1,33,6,-1,-1,-1,-1,-1,-1
201542I062103,1,9,0,18,0,0,0,0,0,0,1,1,6,2,46,8,1242,1,5,-1,1,-1
201542I062103,2,21,1,2,0,0,0,0,0,0,2,1,6,3,-1,-1,12809,2,1,-1,-1,-1
201542I062201,1,9,0,18,0,3,0,0,0,0,0,1,6,2,49,8,998,1,3,-1,1,-1
201542I062303,1,1,0,18,0,0,0,0,0,0,1,1,6,1,-1,-1,-1,-1,-1,-1,-1,-1
201542I062403,1,9,0,18,0,0,0,0,0,0,1,1,6,1,22,5,1242,1,5,-1,3,-1
201542I062403,2,9,0,3,0,0,0,0,0,0,2,1,6,2,33,6,-1,-1,-1,-1,1,-1
201542I062502,1,9,0,13,0,0,1,6,1,5,1,1,2,1,25,5,1997,1,12,-1,1,-1
201542I062603,1,9,0,18,0,0,1,0,0,0,1,1,1,1,36,7,1968,2,7,-1,1,-1
201542I062603,2,9,0,10,0,0,0,0,7,10,2,1,6,1,20,4,-1,-1,-1,-1,1,-1
201542I062603,3,9,0,18,0,0,0,0,0,0,1,1,2,1,30,6,-1,-1,-1,-1,1,-1
201542I062803,1,9,0,5,0,1,0,0,0,0,1,1,6,1,-1,-1,-1,-1,-1,-1,2,-1
201542I062803,2,97,0,5,0,1,0,0,1,0,2,1,6,1,39,7,125,1,9,-1,1,-1
201542I062903,1,9,0,1,0,0,0,0,0,0,0,1,6,1,-1,-1,-1,-1,-1,-1,-1,-1
201542I062903,2,9,0,3,0,0,0,0,0,0,0,1,2,2,52,8,1598,1,8,-1,1,-1
201542I063003,1,21,0,18,0,1,0,0,0,0,1,1,1,1,-1,-1,-1,-1,-1,-1,-1,-1
201542I063003,2,9,0,3,0,1,0,0,0,0,2,1,6,2,17,4,1242,1,1,-1,1,-1
201542I063003,3,9,0,3,0,1,0,0,0,0,2,1,6,2,-1,-1,-1,-1,-1,-1,-1,-1
201542I063103,1,9,0,8,0,5,0,0,0,0,3,1,6,3,-1,-1,-1,-1,-1,-1,-1,-1
201542I063103,2,19,0,18,0,8,0,0,0,0,1,1,6,1,46,8,1998,2,10,-1,1,-1
201542I063203,1,9,0,18,0,1,0,0,0,0,1,1,6,3,-1,-1,-1,-1,-1,-1,-1,-1
201542I063203,2,9,0,6,0,1,0,0,0,0,4,1,6,2,20,4,1248,2,8,-1,1,-1
201542I063303,1,9,0,6,0,8,0,0,0,0,3,1,6,2,-1,-1,-1,-1,-1,-1,-1,-1
201542I063303,2,1,0,18,0,8,0,0,0,0,1,1,6,1,45,7,-1,-1,-1,-1,-1,-1
201542I063402,1,9,0,9,0,1,0,0,0,0,3,1,6,1,36,7,2771,1,22,-1,1,-1
201542I063402,2,9,0,18,0,1,0,0,0,0,1,1,6,1,28,6,1086,1,10,-1,1,-1
201542I063702,1,9,0,18,0,3,0,0,7,4,1,1,6,1,45,7,-1,-1,-1,-1,1,-1
201542I063802,1,9,0,1,0,0,0,0,0,0,2,1,6,2,-1,-1,2149,2,8,-1,-1,-1
201542I063902,1,9,0,4,0,1,0,0,0,0,1,1,6,2,26,6,1598,1,13,-1,1,-1
201542I064002,1,9,0,18,0,8,0,0,0,0,3,1,6,1,65,9,1598,1,8,-1,-1,-1
201542I064002,2,9,0,10,0,8,0,0,0,0,1,1,6,1,20,4,-1,-1,-1,-1,1,-1
201542I064103,1,9,0,7,0,8,0,0,0,0,1,1,6,2,-1,-1,1999,1,8,-1,1,-1
201542I064103,2,9,0,8,0,8,0,0,0,0,2,1,6,2,18,4,1299,1,14,-1,2,-1
201542I064203,1,9,0,18,0,0,0,0,0,0,4,1,6,3,-1,-1,1596,1,11,-1,-1,-1
201542I064203,2,9,0,2,0,0,0,0,0,0,3,1,3,2,39,7,1896,2,11,-1,1,-1
201542I064303,1,9,0,18,0,0,0,0,0,0,3,1,6,2,32,6,1399,2,3,-1,-1,-1
201542I064403,1,9,0,9,0,1,0,0,0,0,1,1,3,1,-1,-1,1149,1,13,-1,-1,-1
201542I064403,2,1,0,9,0,1,0,0,0,0,3,1,6,1,-1,-1,-1,-1,-1,-1,-1,-1
201542I064503,1,9,0,3,0,0,0,0,0,0,1,1,1,2,18,4,1242,1,5,-1,-1,-1
201542I064503,2,9,0,18,0,0,0,0,0,0,0,1,6,2,18,4,1299,1,13,-1,1,-1
201542I064503,3,9,0,2,0,0,0,0,0,0,2,1,6,3,-1,-1,-1,-1,-1,-1,-1,-1
201542I064703,1,98,1,18,0,4,0,0,0,0,3,1,6,1,-1,-1,-1,-1,-1,-1,-1,-1
201542I064703,2,9,0,18,0,4,0,0,0,0,4,1,2,2,22,5,1388,1,11,-1,1,-1
201542I064803,1,9,0,18,0,1,0,0,0,0,1,1,6,1,-1,-1,-1,-1,-1,-1,-1,-1
201542I064803,2,9,0,3,0,1,0,0,0,0,2,1,6,2,51,8,1598,1,10,-1,3,-1
201542I064903,1,9,0,18,0,0,0,0,0,0,4,1,6,3,-1,-1,1390,1,10,-1,-1,-1
201542I064903,2,9,0,2,0,0,0,0,0,0,3,1,6,2,36,7,1596,1,11,-1,1,-1
201542I065003,1,9,0,17,0,8,0,0,0,0,1,1,6,1,52,8,1229,1,9,-1,1,-1
201542I065102,1,9,0,18,0,0,0,0,0,0,1,1,6,1,64,9,1560,2,6,-1,1,-1
201542I065202,1,20,5,18,0,1,0,0,1,11,1,1,1,1,40,7,-1,-1,-1,-1,1,-1
201542I065202,2,21,0,18,0,1,0,0,0,0,4,1,1,1,45,7,11929,2,15,-1,1,-1
201542I065302,1,2,0,4,0,1,1,0,0,0,3,1,6,2,25,5,-1,-1,-1,-1,1,-1
201542I065402,1,9,0,16,0,0,1,0,0,0,1,1,6,2,42,7,-1,-1,-1,-1,1,-1
201542I065402,2,19,0,18,0,0,0,0,0,0,1,1,1,1,48,8,2998,2,7,-1,1,-1
201542I065502,1,9,0,9,0,8,0,0,0,0,4,1,6,2,18,4,1242,1,6,-1,1,-1
201542I065502,2,5,0,18,0,8,0,0,0,0,1,1,6,1,38,7,1200,1,12,-1,1,-1
201542I065603,1,9,0,18,0,2,0,0,0,0,1,1,6,3,-1,-1,-1,-1,-1,-1,-1,-1
201542I065703,1,9,0,5,0,1,0,0,0,0,1,1,6,2,29,6,-1,-1,-1,-1,3,-1
201542I065703,2,9,0,18,0,1,0,0,0,0,1,1,2,1,53,8,-1,-1,-1,-1,1,-1
201542I065703,3,9,0,18,0,1,0,0,0,0,1,1,6,1,68,10,1999,1,8,-1,1,-1
201542I065903,1,19,0,18,0,0,1,0,0,0,1,1,6,1,40,7,-1,-1,-1,-1,1,-1
201542I065903,2,9,0,18,0,0,1,0,0,0,2,1,6,1,47,8,1560,2,1,-1,1,-1
201542I065903,3,9,0,18,0,0,0,0,0,0,2,1,6,1,66,10,-1,-1,-1,-1,-1,-1
201542I066003,1,9,0,9,0,5,0,0,0,0,1,1,6,2,87,11,1598,1,8,-1,1,-1
201542I066003,2,2,0,18,0,1,0,0,0,0,1,1,6,1,20,4,49,1,7,-1,1,-1
201542I066103,1,90,0,17,0,0,0,0,0,9,1,1,6,2,44,7,448,1,5,-1,1,-1
201542I066203,1,5,0,18,0,1,0,0,0,0,4,1,2,1,54,8,-1,-1,-1,-1,1,-1
201542I066303,1,9,0,13,0,0,0,0,0,0,4,1,2,1,25,5,1590,1,15,-1,1,-1
201542I066303,2,3,0,18,0,0,0,0,1,0,3,1,6,1,16,4,-1,-1,-1,-1,1,-1
201542I066403,1,9,0,18,0,0,0,0,0,0,4,1,6,2,80,11,1242,1,9,-1,1,-1
201542I066503,1,5,0,18,0,0,0,0,0,0,1,1,6,1,28,6,-1,-1,-1,-1,3,-1
201542I066503,2,9,0,18,0,0,0,0,0,0,1,1,6,1,24,5,1560,2,4,-1,-1,-1
201542I066503,3,9,0,2,0,0,0,0,0,0,1,1,6,2,-1,-1,1229,1,9,-1,-1,-1
201542I066503,4,9,0,2,0,0,0,0,0,0,1,1,6,2,-1,-1,-1,-1,-1,-1,-1,-1
201542I066703,1,9,0,17,0,0,0,0,0,0,1,1,6,3,-1,-1,-1,-1,-1,-1,-1,-1
201542I066703,2,1,0,18,0,0,0,0,0,0,1,1,2,1,27,6,-1,-1,-1,-1,1,-1
201542I066803,1,9,0,3,0,4,0,0,0,0,1,1,6,1,-1,-1,-1,-1,-1,-1,-1,-1
201542I066803,2,9,0,3,0,4,0,0,0,0,2,1,2,2,56,9,-1,-1,-1,-1,2,-1
201542I066903,1,90,0,4,0,4,0,0,0,0,3,1,1,1,-1,-1,-1,-1,-1,-1,-1,-1
201542I066903,2,3,0,13,0,4,0,0,0,0,4,1,2,2,26,6,125,1,1,-1,1,-1
201542I067003,1,19,0,17,0,0,2,0,2,11,4,1,1,1,25,5,-1,-1,-1,-1,1,-1
201542I067103,1,9,0,18,0,1,0,0,0,0,1,1,6,1,68,10,999,1,2,-1,1,-1
201542I067203,1,9,0,16,0,0,0,12,1,11,1,1,6,2,33,6,1598,1,16,-1,3,-1
201542I067303,1,9,0,18,0,0,0,0,0,0,1,1,2,1,47,8,1686,2,5,-1,1,-1
201542I067303,2,9,0,4,0,0,0,0,0,0,2,1,6,1,61,9,-1,-1,-1,-1,1,-1
201542I067303,3,9,0,4,0,0,0,0,0,0,2,1,6,1,37,7,-1,-1,-1,-1,1,-1
201542I067303,4,9,0,4,0,0,0,0,0,0,2,1,6,1,52,8,1997,2,11,-1,1,-1
201542I067303,5,19,0,4,0,0,0,0,0,0,2,1,1,1,46,8,2402,2,13,-1,1,-1
201542I067303,6,9,0,4,0,0,0,0,0,0,2,1,6,2,24,5,799,2,5,-1,1,-1
201542I067403,1,9,0,18,0,0,0,0,0,0,3,1,6,1,42,7,1298,1,7,-1,2,-1
201542I067503,1,9,0,16,0,0,0,0,0,0,1,1,2,3,21,5,-1,-1,-1,-1,3,-1
201542I067503,2,5,0,17,0,0,0,0,0,0,1,1,2,1,47,8,1137,1,14,-1,1,-1
201542I067603,1,9,0,18,0,0,1,0,7,4,1,1,6,1,18,4,-1,-1,-1,-1,1,-1
201542I067703,1,9,0,6,0,0,0,0,0,0,3,1,6,2,26,6,1388,1,5,-1,1,-1
201542I067703,2,3,0,18,0,0,0,0,0,0,1,1,6,1,19,4,124,1,1,-1,1,-1
201542I067803,1,5,0,12,0,0,0,0,0,0,0,1,6,1,78,11,-1,-1,-1,-1,1,-1
201542I067903,1,5,0,18,0,0,0,0,0,0,0,1,6,1,49,8,-1,-1,-1,-1,1,-1
201542I068102,1,90,0,18,0,1,0,0,0,0,0,1,6,1,40,7,-1,-1,-1,-1,-1,-1
201542I068102,2,4,0,18,0,1,1,0,1,0,1,1,6,1,25,5,599,1,12,-1,-1,-1
201542I068202,1,19,0,16,0,0,2,0,8,4,1,1,1,1,23,5,2198,2,1,-1,1,-1
201542I068302,1,5,0,9,0,2,0,0,0,0,1,1,2,1,41,7,645,1,5,-1,1,-1
201542I068302,2,9,0,14,0,1,0,0,0,0,3,1,1,1,57,9,1986,1,2,-1,-1,-1
201542I068503,1,9,0,9,0,5,0,0,0,0,1,1,6,1,30,6,1995,1,4,-1,1,-1
201542I068503,2,5,0,18,2,1,1,0,0,0,1,1,6,1,39,7,-1,-1,-1,-1,1,-1
201542I068603,1,9,0,18,0,1,5,10,1,11,4,1,6,2,44,7,1997,1,12,-1,1,-1
201542I068703,1,9,0,18,0,0,0,0,0,0,1,1,3,2,25,5,1296,1,9,-1,1,-1
201542I068803,1,9,0,9,0,8,0,0,0,0,1,1,6,1,77,11,1198,1,8,-1,-1,-1
201542I068803,2,9,0,18,0,8,0,0,0,0,1,1,6,1,56,9,1587,1,10,-1,3,-1
201542I068903,1,9,0,18,0,0,0,0,1,4,3,1,6,1,45,7,1596,1,13,-1,3,-1
201542I069003,1,9,0,18,0,0,1,0,0,0,4,1,6,1,78,11,1242,1,13,-1,1,-1
201542I069003,2,9,0,18,0,0,0,0,0,0,1,1,6,1,68,10,998,1,2,-1,3,-1
201542I069102,1,9,0,9,0,6,0,0,0,0,1,1,6,1,37,7,1995,2,10,-1,3,-1
201542I069102,2,3,0,14,0,1,0,0,0,0,1,1,6,1,21,5,124,1,1,-1,1,-1
201542I069102,3,19,0,8,0,5,0,0,3,0,0,1,6,3,-1,-1,-1,-1,-1,-1,-1,-1
201542I069203,1,9,0,18,0,1,0,0,0,0,1,1,6,1,-1,-1,1242,1,10,-1,-1,-1
201542I069203,2,9,0,18,0,2,0,0,0,0,2,1,2,1,56,9,1794,1,6,-1,1,-1
201542I069402,1,9,0,9,0,1,0,0,0,0,1,1,6,2,66,10,1598,2,1,-1,1,-1
201542I069402,2,9,0,18,0,1,0,0,0,0,3,1,6,2,45,7,998,1,1,-1,-1,-1
201542I069501,1,9,0,18,0,0,0,0,0,0,1,1,6,1,39,7,1242,1,1,-1,1,-1
201542I069601,1,21,0,18,0,0,0,0,0,0,1,1,1,1,48,8,10308,2,7,-1,-1,-1
201542I069601,2,21,0,18,0,0,0,0,0,0,2,1,1,1,38,7,12419,2,1,-1,2,-1
201542I069703,1,19,0,13,0,0,0,0,0,0,4,1,6,3,-1,-1,2402,2,13,-1,-1,-1
201542I069703,2,9,0,4,7,0,0,0,0,0,3,1,6,2,26,6,1398,1,-1,-1,1,-1
201542I069803,1,9,0,18,0,1,0,4,0,0,1,1,6,1,77,11,1299,1,14,-1,1,-1
201542I069803,2,9,0,2,0,1,0,4,0,0,2,1,6,3,18,4,1997,2,3,-1,-1,-1
201542I069803,3,9,0,18,0,1,0,0,0,0,1,1,6,1,18,4,1599,1,10,-1,1,-1
201542I069803,4,9,0,2,0,1,0,0,0,0,2,1,6,3,-1,-1,1498,1,-1,-1,-1,-1
201542I069902,1,9,0,18,0,0,0,0,0,0,0,1,6,1,-1,-1,-1,-1,-1,-1,-1,-1
201542I069902,2,9,0,18,0,0,0,0,0,0,2,1,6,1,44,7,-1,-1,-1,-1,-1,-1
201542I069902,3,9,0,18,0,0,0,0,0,0,1,1,6,1,46,8,-1,-1,-1,-1,-1,-1
201542I070003,1,9,0,18,0,4,0,0,0,0,1,1,1,1,56,9,1560,2,1,-1,1,-1
201542I070003,2,9,0,18,0,8,0,0,0,0,4,1,6,3,40,7,-1,-1,-1,-1,1,-1
201542I070103,1,9,0,3,0,4,0,0,0,0,1,1,6,2,19,4,1242,1,1,-1,1,-1
201542I070103,2,9,0,5,0,3,0,0,0,0,3,1,6,1,45,7,1395,1,1,-1,1,-1
201542I070303,1,9,0,13,0,8,0,0,0,0,1,1,6,2,18,4,999,1,1,-1,1,-1
201542I070303,2,9,0,9,0,8,0,0,0,0,3,1,6,1,43,7,-1,-1,-1,-1,1,-1
201542I070402,1,9,0,16,0,0,1,0,0,0,1,1,1,1,29,6,1197,1,1,-1,3,-1
201542I070402,2,9,0,17,0,0,0,0,0,0,1,1,6,2,42,7,-1,-1,-1,-1,1,-1
201542I070503,1,21,1,18,0,0,0,0,0,0,1,1,1,1,45,7,10308,2,5,-1,3,-1
201542I070503,2,9,0,18,0,0,0,0,0,0,2,1,2,1,32,6,1388,1,10,-1,2,-1
201542I070503,3,9,0,18,0,0,0,0,0,0,2,1,6,2,48,8,1997,1,4,-1,1,-1
201542I070603,1,9,0,9,0,6,0,0,0,0,1,1,6,1,26,6,2521,1,7,-1,1,-1
201542I070603,2,1,0,18,0,8,0,0,0,0,1,1,6,2,44,7,-1,-1,-1,-1,1,-1
201542I070703,1,9,0,18,0,0,0,0,0,0,3,1,6,3,-1,-1,-1,-1,-1,-1,-1,-1
201542I070703,2,9,0,18,0,0,0,0,0,0,3,1,2,2,49,8,-1,-1,-1,-1,1,-1
201542I070803,1,1,0,18,0,8,0,0,0,0,4,1,6,1,20,4,-1,-1,-1,-1,-1,-1
201542I070803,2,9,0,18,0,8,0,0,0,0,1,1,6,2,-1,-1,-1,-1,-1,-1,-1,-1
201542I070903,1,19,0,18,0,0,0,0,0,0,3,1,1,1,42,7,1896,2,8,-1,1,-1
201542I070903,2,9,0,18,0,0,1,0,0,0,3,1,6,1,20,4,1598,1,13,-1,1,-1
201542I070903,3,9,0,2,0,0,0,0,0,0,3,1,6,3,-1,-1,1598,1,12,-1,-1,-1
201542I071002,1,9,0,9,0,4,1,0,0,0,3,1,6,1,70,10,-1,-1,-1,-1,1,-1
201542I071002,2,9,0,18,0,4,0,0,0,0,1,1,2,1,32,6,-1,-1,-1,-1,1,-1
201542I071002,3,21,0,3,0,1,0,0,0,0,3,1,1,1,43,7,11021,2,9,-1,1,-1
201542I071103,1,11,0,4,0,0,0,0,0,0,4,1,1,1,38,7,8300,2,16,-1,1,-1
201542I071203,1,19,0,18,0,0,0,0,0,0,0,1,1,1,67,10,2664,2,14,-1,1,-1
201542I071203,2,9,0,18,0,0,0,0,0,0,0,1,2,2,27,6,1560,2,5,-1,-1,-1
201542I071303,1,9,0,18,0,0,0,0,0,0,1,1,6,2,29,6,1598,1,10,-1,1,-1
201542I071403,1,9,0,9,0,3,0,0,0,0,4,1,6,1,53,8,1461,2,11,-1,1,-1
201542I071403,2,4,0,9,0,3,0,0,0,0,3,1,6,1,53,8,487,1,12,-1,1,-1
201542I071503,1,21,0,3,0,1,0,0,0,0,0,1,1,1,59,9,-1,-1,-1,-1,2,-1
201542I071503,2,9,0,3,0,1,0,0,0,0,2,1,6,2,38,7,998,1,2,-1,1,-1
201542I071603,1,9,0,18,0,8,0,0,0,0,1,1,6,2,50,8,1560,2,4,-1,1,-1
201542I071603,2,5,0,9,0,8,0,0,0,0,1,1,6,1,40,7,600,1,8,-1,1,-1
201542I071703,1,21,1,18,0,0,0,0,0,0,1,1,1,1,60,9,5900,2,8,-1,1,-1
201542I071703,2,21,1,4,0,0,0,0,0,0,2,2,1,1,22,5,-1,-1,-1,-1,-1,-1
201542I071703,3,21,1,4,0,0,0,0,0,0,2,1,1,1,33,6,10800,2,1,-1,1,-1
201542I071703,4,21,0,18,0,0,0,0,0,0,1,1,1,1,37,7,4461,2,4,-1,-1,-1
201542I071703,5,21,1,18,0,0,0,0,0,0,1,1,1,1,58,9,11967,2,3,-1,1,-1
201542I071903,1,3,0,18,0,1,0,0,0,0,1,1,6,1,27,6,124,1,10,-1,1,-1
201542I072003,1,9,0,9,0,6,0,0,1,10,1,1,6,2,23,5,-1,-1,-1,-1,1,-1
201542I072003,2,9,0,18,0,8,0,0,0,0,1,1,6,1,27,6,-1,-1,-1,-1,1,-1
201542I072003,3,8,0,18,0,6,0,0,0,0,0,1,6,1,-1,-1,-1,-1,-1,-1,-1,-1
201542I072103,1,19,0,18,0,1,0,0,0,0,4,1,6,3,-1,-1,-1,-1,-1,-1,-1,-1
201542I072203,1,9,0,18,0,2,0,0,0,0,4,1,6,1,55,8,1997,2,1,-1,1,-1
201542I072303,1,9,0,1,0,6,0,0,0,0,3,1,1,1,28,6,1396,1,1,-1,1,-1
201542I072303,2,20,0,18,0,8,0,0,0,0,1,1,1,1,64,9,4250,2,4,-1,1,-1
201542I072402,1,9,0,4,0,0,0,0,0,0,1,1,6,2,64,9,-1,-1,-1,-1,1,-1
201542I072402,2,8,0,4,0,0,0,0,0,0,2,1,1,1,51,8,-1,-1,-1,-1,1,-1
201542I072503,1,9,0,5,0,8,0,0,0,0,4,1,6,1,19,4,1349,1,8,-1,2,-1
201542I072503,2,1,0,18,0,1,0,0,0,0,1,1,6,1,50,8,-1,-1,-1,-1,1,-1
201542I072703,1,21,1,18,0,0,0,0,0,0,1,2,1,1,40,7,-1,-1,-1,-1,-1,-1
201542I072703,2,9,0,18,0,0,0,0,0,0,2,1,6,2,47,8,-1,-1,-1,-1,1,-1
201542I072703,3,19,4,18,0,0,0,0,0,0,1,1,1,1,45,7,2198,2,1,-1,1,-1
201542I072803,1,9,0,16,0,0,0,0,0,0,0,2,6,3,-1,-1,-1,-1,-1,-1,-1,-1
201542I072803,2,9,0,17,0,0,2,11,8,10,3,1,6,2,49,8,2198,2,8,-1,3,-1
201542I072903,1,21,1,12,0,0,0,0,0,0,3,2,1,1,35,6,-1,-1,-1,-1,-1,-1
201542I072903,2,9,0,18,0,0,0,7,0,0,4,1,6,2,27,6,-1,-1,-1,-1,1,-1
201542I073003,1,9,0,13,0,0,5,0,2,9,1,1,6,1,22,5,1781,1,18,-1,2,-1
201542I073103,1,21,1,18,0,0,0,0,0,0,3,1,1,1,57,9,12902,2,2,-1,1,-1
201542I073103,2,19,0,18,0,0,0,0,0,0,1,1,1,1,58,9,1598,2,1,-1,1,-1
201542I073203,1,9,0,18,0,7,0,0,0,2,4,1,6,3,-1,-1,1360,1,11,-1,-1,-1
201542I073303,1,9,0,18,0,4,0,0,0,0,1,1,1,1,54,8,-1,-1,-1,-1,1,-1
201542I073303,2,9,0,18,0,8,0,0,0,0,1,1,1,1,50,8,998,1,4,-1,1,-1
201542I073403,1,19,0,18,0,0,1,0,0,0,1,1,2,1,35,6,1968,2,8,-1,1,-1
201542I073403,2,9,0,4,0,0,0,0,0,0,2,1,2,1,37,7,1973,1,15,-1,1,-1
201542I073403,3,19,0,4,0,0,0,0,0,0,2,1,2,1,61,9,1753,2,8,-1,3,-1
201542I073502,1,21,1,18,0,6,0,0,0,0,4,1,1,1,44,7,12419,2,2,-1,-1,-1
201542I073502,2,1,0,18,0,6,0,0,0,0,3,1,6,1,37,7,-1,-1,-1,-1,1,-1
201542I073603,1,9,0,5,0,6,0,0,0,0,1,1,6,2,61,9,1399,2,6,-1,1,-1
201542I073603,2,9,0,18,0,1,0,0,0,0,1,1,6,1,28,6,-1,-1,-1,-1,1,-1
201542I073703,1,9,0,18,0,1,0,0,0,0,0,1,6,3,-1,-1,-1,-1,-1,-1,-1,-1
201542I073703,2,9,0,18,0,1,0,6,0,0,4,1,6,1,66,10,2401,2,12,-1,3,-1
201542I073802,1,9,0,18,0,0,0,0,0,0,1,1,6,1,49,8,2143,2,2,-1,1,-1
201542I073802,2,9,0,18,0,0,0,0,0,0,1,1,6,1,35,6,-1,-1,-1,-1,2,-1
201542I073903,1,9,0,5,0,4,0,0,0,0,3,1,6,2,46,8,1910,2,5,-1,2,-1
201542I073903,2,2,0,18,0,3,0,0,0,0,1,1,6,1,38,7,-1,-1,-1,-1,1,-1
201542I074003,1,9,0,18,0,0,0,0,0,0,1,1,6,2,21,5,-1,-1,-1,-1,-1,-1
201542I074003,2,9,0,18,0,0,0,0,0,0,2,1,6,2,48,8,-1,-1,-1,-1,1,-1
201542I074102,1,9,0,13,0,0,0,0,0,0,1,1,6,1,54,8,-1,-1,-1,-1,3,-1
201542I074102,2,9,0,18,0,0,0,0,0,0,1,1,6,2,75,10,1560,2,8,-1,3,-1
201542I074203,1,9,0,12,0,6,0,0,0,0,1,1,1,2,27,6,1390,1,12,-1,1,-1
201542I074203,2,19,0,18,0,8,0,0,0,6,4,1,1,1,46,8,1995,2,2,-1,1,-1
201542I074302,1,9,0,4,0,0,0,0,0,0,1,1,6,1,47,8,1248,2,7,-1,2,-1
201542I074403,1,5,0,18,0,1,0,0,0,0,1,1,6,1,43,7,781,1,15,-1,1,-1
201542I074503,1,19,0,7,0,1,0,0,0,0,1,1,1,1,23,5,2402,2,9,-1,1,-1
201542I074603,1,21,1,12,0,0,0,0,0,0,3,1,1,1,61,9,-1,-1,-1,-1,-1,-1
201542I074603,2,9,0,18,0,0,0,0,0,0,4,1,1,1,-1,-1,-1,-1,-1,-1,-1,-1
201542I074703,1,3,0,18,0,4,1,0,0,0,0,1,6,1,21,5,124,1,22,-1,1,-1
201542I074802,1,9,0,11,0,4,0,0,0,0,3,1,1,1,26,6,2143,2,3,-1,1,-1
201542I074802,2,9,0,12,0,4,0,0,0,0,4,1,6,1,51,8,1560,2,1,-1,-1,-1
201542I074903,1,1,0,18,0,0,0,4,0,0,1,1,6,1,70,10,-1,-1,-1,-1,1,-1
201542I074903,2,9,0,2,0,0,0,0,0,0,2,1,6,1,75,10,1999,1,14,-1,1,-1
201542I075002,1,19,0,5,0,4,0,0,0,0,3,1,1,1,64,9,2148,2,7,-1,3,-1
201542I075002,2,1,0,18,0,8,0,0,0,0,1,1,6,1,41,7,-1,-1,-1,-1,1,-1
201542I075202,1,9,0,2,9,1,0,0,0,0,4,1,6,2,55,8,1199,1,13,-1,1,-1
201542I075202,2,1,0,18,9,1,0,4,0,0,1,1,6,2,30,6,-1,-1,-1,-1,3,-1
201542I075302,1,9,0,7,0,4,0,0,0,0,1,1,6,3,24,5,1242,1,3,-1,1,-1
201542I075302,2,1,0,18,0,8,0,0,0,0,4,1,6,1,51,8,-1,-1,-1,-1,3,-1
201542I075402,1,9,0,17,0,8,0,0,0,0,1,1,6,2,37,7,1997,2,2,-1,1,-1