Accident_Index,Vehicle_Reference,Vehicle_Type,Towing_and_Articulation,Vehicle_Manoeuvre,Vehicle_Location-Restricted_Lane,Junction_Location,Skidding_and_Overturning,Hit_Object_in_Carriageway,Vehicle_Leaving_Carriageway,Hit_Object_off_Carriageway,1st_Point_of_Impact,Was_Vehicle_Left_Hand_Drive?,Journey_Purpose_of_Driver,Sex_of_Driver,Age_of_Driver,Age_Band_of_Driver,Engine_Capacity_(CC),Propulsion_Code,Age_of_Vehicle,Driver_IMD_Decile,Driver_Home_Area_Type,Vehicle_IMD_Decile
201542I075402,2,9,0,16,0,8,0,0,0,0,1,1,6,1,28,6,1679,1,18,-1,1,-1
201542I075502,1,98,1,10,0,1,0,0,0,0,1,1,1,1,34,6,-1,-1,-1,-1,1,-1
201542I075502,2,9,0,4,0,8,0,0,0,0,4,1,6,1,28,6,1388,1,7,-1,1,-1
201542I075602,1,9,0,9,0,8,0,0,0,0,4,1,2,1,47,8,1896,2,14,-1,1,-1
201542I075602,2,9,0,17,0,8,0,0,0,0,1,1,2,1,61,9,-1,-1,-1,-1,2,-1
201542I075702,1,9,0,18,0,8,5,0,0,0,1,1,6,2,79,11,1299,1,13,-1,1,-1
201542I075702,2,9,0,2,0,8,0,0,1,0,2,1,6,1,78,11,-1,-1,-1,-1,1,-1
201542I075802,1,9,0,4,0,8,0,0,0,0,1,1,6,1,30,6,1997,2,10,-1,1,-1
201542I075802,2,9,0,4,0,8,0,0,0,0,2,1,6,1,24,5,2521,1,8,-1,1,-1
201542I075802,3,9,0,9,0,5,0,0,0,0,0,1,6,3,-1,-1,-1,-1,-1,-1,-1,-1
201542I075902,1,9,0,9,0,1,0,0,0,0,1,1,6,1,77,11,-1,-1,-1,-1,1,-1
201542I075902,2,9,0,18,0,1,0,0,0,0,1,1,6,2,59,9,1599,1,12,-1,2,-1
201542I076003,1,9,0,18,0,0,0,0,0,0,2,1,1,1,54,8,2000,1,9,-1,2,-1
201542I076003,2,9,0,4,0,0,0,0,0,0,2,1,6,2,26,6,1599,1,13,-1,1,-1
201542I076003,3,9,0,4,0,0,0,0,0,0,2,1,1,1,-1,-1,1997,2,1,-1,-1,-1
201542I076102,1,9,0,18,0,0,0,11,0,0,0,1,6,1,18,4,1197,1,1,-1,1,-1
201542I076302,1,19,0,17,0,0,0,0,0,0,1,1,1,1,45,7,2500,2,9,-1,1,-1
201542I076302,2,9,0,4,0,0,0,0,1,0,2,1,6,2,70,10,1598,1,16,-1,1,-1
201542I076302,3,98,0,1,0,0,0,0,0,3,0,1,1,1,60,9,3920,2,10,-1,1,-1
201542I076402,1,9,0,12,0,7,0,0,0,0,3,1,6,3,-1,-1,-1,-1,-1,-1,-1,-1
201542I076402,2,9,0,12,0,8,0,0,0,0,4,1,6,2,31,6,1686,2,7,-1,1,-1
201542I076402,3,9,0,18,0,8,1,7,0,0,4,1,6,1,25,5,1497,8,10,-1,1,-1
201542I076502,1,9,0,13,0,0,0,0,0,0,1,1,2,1,22,5,-1,-1,-1,-1,1,-1
201542I076502,2,9,0,18,0,0,0,0,1,0,1,1,2,1,67,10,1753,2,6,-1,2,-1
201542I076603,1,9,0,9,0,8,0,0,0,0,1,1,6,1,60,9,-1,-1,-1,-1,1,-1
201542I076603,2,5,0,5,0,8,0,0,0,0,1,1,6,1,39,7,-1,-1,-1,-1,1,-1
201542I076702,1,9,0,18,0,0,0,4,0,0,1,1,6,1,48,8,1997,1,1,-1,-1,-1
201542I076702,2,9,0,2,0,0,0,0,0,0,2,1,6,1,49,8,-1,-1,-1,-1,-1,-1
201542I076802,1,1,0,5,0,6,0,0,0,0,1,1,6,1,-1,-1,-1,-1,-1,-1,-1,-1
201542I076802,2,1,0,18,0,8,0,0,0,0,4,1,6,2,30,6,-1,-1,-1,-1,1,-1
201542I076903,1,9,0,18,0,0,2,0,1,6,1,1,6,1,19,4,1364,1,7,-1,3,-1
201542I077003,1,9,0,18,0,0,0,0,0,0,1,1,6,1,27,6,1299,1,13,-1,3,-1
201542I077003,2,9,0,2,0,0,0,0,0,0,2,1,6,3,50,8,1390,1,10,-1,1,-1
201542I077003,3,9,0,2,0,0,0,0,0,0,2,1,6,3,-1,-1,2324,1,12,-1,2,-1
201542I077003,4,9,0,2,0,0,0,0,0,0,2,1,6,3,57,9,1388,1,6,-1,-1,-1
201542I077103,1,9,0,3,0,5,0,0,0,0,1,1,6,2,20,4,1229,1,4,-1,1,-1
201542I077103,2,2,0,7,0,1,0,0,0,0,3,1,6,1,24,5,49,1,11,-1,2,-1
201542I077203,1,19,0,9,0,8,0,0,0,0,0,1,1,1,29,6,2143,2,4,-1,1,-1
201542I077203,2,3,0,18,0,8,0,10,1,0,4,1,2,1,31,6,-1,-1,-1,-1,1,-1
201542I077303,1,5,0,3,0,1,0,0,0,0,0,1,2,1,29,6,599,1,17,-1,1,-1
201542I077403,1,9,0,18,0,1,0,0,0,0,2,1,6,1,34,6,-1,-1,-1,-1,1,-1
201542I077403,2,9,0,18,0,1,0,0,0,0,1,1,6,1,50,8,1590,1,14,-1,1,-1
201542I077403,3,9,0,18,0,1,0,0,0,0,1,1,6,2,43,7,-1,-1,-1,-1,1,-1
201542I077502,1,9,0,18,0,0,0,0,0,2,1,1,6,2,28,6,1796,1,10,-1,1,-1
201542I077603,1,9,0,18,0,1,0,0,0,0,0,1,6,2,43,7,1781,1,8,-1,2,-1
201542I077603,2,21,0,18,0,1,0,0,0,0,0,1,1,3,-1,-1,-1,-1,-1,-1,-1,-1
201542I077702,1,9,0,18,0,0,1,7,1,7,1,1,6,1,48,8,1229,1,6,-1,-1,-1
201542I077802,1,19,0,5,0,6,0,0,0,0,1,1,1,1,55,8,2198,2,9,-1,-1,-1
201542I077802,2,9,0,18,0,8,0,0,1,3,4,1,2,2,41,7,1560,2,4,-1,-1,-1
201542I077903,1,9,0,18,0,1,0,0,1,10,1,1,6,1,30,6,1560,2,8,-1,2,-1
201542I077903,2,9,0,9,0,6,0,0,0,0,3,1,6,1,87,11,1799,1,17,-1,3,-1
201542I078002,1,9,0,7,0,6,0,0,1,9,3,1,6,1,78,11,1582,2,7,-1,1,-1
201542I078002,2,9,0,18,0,8,0,0,0,0,4,1,2,1,55,8,2993,2,6,-1,1,-1
201542I078102,1,9,0,9,0,8,0,0,0,0,1,1,6,1,68,10,1248,2,8,-1,1,-1
201542I078102,2,9,0,18,0,8,0,0,0,0,3,1,6,2,27,6,1198,1,4,-1,-1,-1
201542I078202,1,9,0,18,0,8,1,0,1,11,1,1,2,1,21,5,1895,1,15,-1,1,-1
201542I078302,1,9,0,17,0,7,1,0,0,0,4,1,6,2,52,8,1956,2,5,-1,2,-1
201542I078302,2,20,1,18,0,8,0,0,0,0,3,1,1,1,53,8,-1,-1,-1,-1,1,-1
201542I078302,3,19,0,18,0,8,0,0,0,0,4,1,1,1,23,5,2402,2,8,-1,-1,-1
201542I078403,1,9,0,18,0,0,0,0,0,0,0,1,6,3,-1,-1,-1,-1,-1,-1,-1,-1
201542I078403,2,9,0,18,0,0,0,0,1,4,1,1,6,1,67,10,1870,2,9,-1,1,-1
201542I078503,1,9,0,18,0,6,0,0,0,0,4,1,6,1,34,6,1781,1,15,-1,1,-1
201542I078503,2,1,0,18,0,8,0,0,0,0,1,1,6,1,20,4,-1,-1,-1,-1,1,-1
201542I078702,1,19,0,9,0,0,0,0,0,0,4,1,1,1,65,9,-1,-1,-1,-1,-1,-1
201542I078702,2,9,0,18,0,0,0,0,0,0,1,1,2,2,19,4,1229,1,1,-1,1,-1
201542I078803,1,9,0,18,0,4,0,0,0,0,1,1,1,1,77,11,1997,2,6,-1,1,-1
201542I078803,2,9,0,18,0,3,0,0,0,0,2,1,1,1,29,6,1596,1,10,-1,1,-1
201542I078902,1,9,0,17,0,4,0,0,0,0,3,1,1,1,24,5,-1,-1,-1,-1,1,-1
201542I078902,2,3,0,9,0,4,1,0,0,0,1,1,1,2,24,5,124,1,6,-1,1,-1
201542I079002,1,9,0,18,0,8,0,0,0,0,1,1,6,2,69,10,1299,1,12,-1,1,-1
201542I079002,2,9,0,9,0,6,0,0,0,0,3,1,6,1,70,10,-1,-1,-1,-1,1,-1
201542I079103,1,8,0,18,0,0,0,0,0,0,1,1,1,1,36,7,-1,-1,-1,-1,-1,-1
201542I079202,1,9,0,13,0,0,1,0,0,0,3,1,6,1,-1,-1,1968,2,3,-1,-1,-1
201542I079202,2,9,0,18,0,0,0,0,0,0,3,1,2,1,52,8,1793,1,14,-1,1,-1
201542I079303,1,9,0,16,0,0,0,0,0,0,3,1,1,2,21,5,1242,1,5,-1,3,-1
201542I079402,1,19,0,18,0,8,0,0,0,0,0,1,6,3,-1,-1,-1,-1,-1,-1,-1,-1
201542I079402,2,2,0,18,0,8,1,0,0,0,3,1,6,1,16,4,49,1,1,-1,1,-1
201542I079503,1,9,0,17,0,0,1,0,0,0,1,1,1,2,24,5,-1,-1,-1,-1,2,-1
201542I079503,2,9,0,16,0,0,0,0,0,0,1,1,1,1,48,8,1560,2,-1,-1,1,-1
201542I079602,1,9,0,18,0,3,0,0,0,0,3,1,6,3,-1,-1,-1,-1,-1,-1,-1,-1
201542I079702,1,9,0,18,0,0,0,0,0,0,1,1,6,2,35,6,1598,1,8,-1,2,-1
201542I079702,2,9,0,4,0,0,0,0,0,0,2,1,6,2,25,5,1968,2,5,-1,3,-1
201542I079803,1,9,0,17,0,1,0,0,1,0,3,1,2,1,55,8,-1,-1,-1,-1,3,-1
201542I079902,1,3,0,17,0,0,1,0,1,0,1,1,6,2,16,4,-1,-1,-1,-1,1,-1
201542I079902,2,9,0,17,0,0,0,0,0,0,0,1,1,1,38,7,2993,2,3,-1,-1,-1
201542I079902,3,9,0,2,9,0,0,0,0,0,2,1,6,3,-1,-1,1360,1,12,-1,-1,-1
201542I080003,1,9,0,16,0,0,1,0,7,0,4,1,1,2,25,5,-1,-1,-1,-1,2,-1
201542I080102,1,8,0,5,1,1,0,0,0,0,4,1,1,1,25,5,1686,2,4,-1,1,-1
201542I080203,1,1,0,18,0,1,0,4,0,0,1,1,6,1,27,6,-1,-1,-1,-1,1,-1
201542I080203,2,9,0,2,0,1,0,0,0,0,2,1,6,3,40,7,-1,-1,-1,-1,1,-1
201542I080402,1,9,0,4,0,1,0,0,0,0,2,1,6,2,26,6,1999,1,7,-1,-1,-1
201542I080402,2,9,0,18,0,1,0,0,0,0,1,1,6,1,25,5,1198,1,1,-1,1,-1
201542I080402,3,9,0,18,0,1,0,0,0,0,1,1,6,2,55,8,1796,1,15,-1,1,-1
201542I080503,1,9,0,13,0,0,0,0,0,1,1,1,2,1,28,6,1598,1,14,-1,1,-1
201542I080503,2,9,0,12,0,0,0,0,0,11,2,1,2,1,54,8,999,1,16,-1,3,-1
201542I080703,1,19,0,17,0,0,0,10,8,4,1,1,2,1,37,7,-1,-1,-1,-1,3,-1
201542I080803,1,9,0,9,0,2,0,0,0,0,1,2,6,2,37,7,-1,-1,-1,-1,-1,-1
201542I080803,2,2,0,7,0,2,0,0,0,0,2,1,6,1,16,4,49,1,5,-1,1,-1
201542I080903,1,9,0,5,0,6,0,0,0,0,3,1,6,1,24,5,1598,1,2,-1,2,-1
201542I080903,2,3,0,18,0,1,0,0,0,0,1,1,6,1,19,4,124,1,7,-1,1,-1
201542I081003,1,9,0,18,0,0,0,0,0,0,1,1,2,2,23,5,998,1,21,-1,-1,-1
201542I081003,2,19,0,3,0,0,0,0,0,0,2,1,2,1,48,8,1560,2,1,-1,1,-1
201542I081103,1,9,0,9,0,1,0,0,0,0,1,1,1,1,46,8,1984,1,7,-1,3,-1
201542I081103,2,3,0,7,0,1,0,0,0,0,1,1,1,1,19,4,125,1,1,-1,3,-1
201542I081203,1,21,1,18,0,0,0,0,0,0,3,2,1,1,50,8,-1,-1,-1,-1,-1,-1
201542I081203,2,9,0,18,0,0,0,0,0,6,4,1,1,1,55,8,-1,-1,-1,-1,1,-1
201542I081303,1,19,0,18,0,1,0,0,0,0,1,1,1,1,42,7,-1,-1,-1,-1,2,-1
201542I081303,2,9,0,2,0,1,0,0,0,0,1,1,1,1,38,7,-1,-1,-1,-1,-1,-1
201542I081403,1,9,0,18,0,4,0,0,0,0,1,1,1,2,25,5,1598,2,1,-1,1,-1
201542I081403,2,9,0,18,0,3,0,0,0,0,4,1,6,2,38,7,1598,1,8,-1,3,-1
201542I081503,1,9,0,9,0,1,0,0,0,0,1,1,6,1,59,9,1595,1,6,-1,-1,-1
201542I081503,2,9,0,18,0,5,0,0,0,0,1,1,6,1,77,11,998,1,5,-1,1,-1
201542I081503,3,9,0,2,0,2,0,0,0,0,3,1,6,3,-1,-1,-1,-1,-1,-1,-1,-1
201542I081503,4,9,0,2,0,2,0,0,0,0,3,1,6,3,-1,-1,2179,2,8,-1,-1,-1
201542I081603,1,9,0,17,0,0,5,0,1,11,4,1,1,2,33,6,-1,-1,-1,-1,3,-1
201542I081703,1,9,0,18,0,1,0,0,1,0,1,1,6,1,22,5,1995,2,5,-1,3,-1
201542I081703,2,9,0,9,0,5,0,0,1,9,2,1,1,1,44,7,-1,-1,-1,-1,-1,-1
201542I081802,1,9,0,1,0,0,0,0,0,0,2,1,6,2,52,8,1951,2,12,-1,2,-1
201542I081902,1,9,0,18,0,8,0,7,7,2,1,1,2,1,60,9,-1,-1,-1,-1,1,-1
201542I081902,2,9,0,18,0,8,0,10,3,11,1,1,3,2,63,9,1997,1,8,-1,-1,-1
201542I082002,1,9,0,18,0,4,0,0,0,0,1,1,6,2,53,8,1398,1,11,-1,1,-1
201542I082002,2,9,0,4,0,4,0,0,0,0,2,1,6,2,47,8,2148,2,6,-1,1,-1
201542I082202,1,9,0,9,0,4,0,0,0,0,1,1,1,1,46,8,2204,2,8,-1,1,-1
201542I082202,2,1,0,18,0,8,0,0,0,0,2,1,6,1,-1,-1,-1,-1,-1,-1,-1,-1
201542I082302,1,9,0,18,0,3,0,0,0,0,4,1,2,1,51,8,2993,2,1,-1,1,-1
201542I082302,2,1,0,18,0,3,0,0,0,0,3,1,2,1,61,9,-1,-1,-1,-1,1,-1
201542I082402,1,9,0,11,0,0,0,0,0,0,1,1,2,1,29,6,1896,2,13,-1,1,-1
201542I082402,2,9,0,18,0,0,0,0,0,0,2,1,2,1,59,9,1988,1,12,-1,1,-1
201542I082402,3,9,0,18,0,0,0,0,0,0,2,1,2,2,40,7,1560,2,1,-1,2,-1
201542I082402,4,5,0,18,0,0,0,0,1,0,1,1,2,1,52,8,1402,1,10,-1,1,-1
201542I082502,1,9,0,18,0,8,0,0,0,0,1,1,2,2,44,7,-1,-1,-1,-1,1,-1
201542I082502,2,9,0,18,9,8,0,0,1,0,3,1,6,1,72,10,1834,1,18,-1,1,-1
201542I082602,1,9,0,18,0,2,0,0,0,0,1,1,6,1,74,10,1598,1,8,-1,2,-1
201542I082702,1,9,0,17,0,0,1,0,2,4,1,1,6,1,37,7,-1,-1,-1,-1,1,-1
201542I082902,1,9,0,18,0,0,2,0,1,0,1,1,6,1,19,4,-1,-1,-1,-1,2,-1
201542I083002,1,9,0,15,0,1,0,0,0,0,1,1,6,1,19,4,1598,1,12,-1,2,-1
201542I083002,2,9,0,9,0,5,0,0,0,0,3,1,6,2,29,6,1686,2,1,-1,-1,-1
201542I083102,1,9,0,18,0,5,0,0,3,4,1,1,6,2,70,10,875,1,-1,-1,2,-1
201542I083203,1,9,5,16,0,0,0,0,0,0,0,1,6,3,-1,-1,-1,-1,-1,-1,-1,-1
201542I083203,2,9,0,17,0,0,1,0,7,4,4,1,2,1,22,5,-1,-1,-1,-1,2,-1
201542I083303,1,9,0,2,0,1,0,0,0,0,3,1,6,1,-1,-1,-1,-1,-1,-1,-1,-1
201542I083303,2,1,0,18,0,1,0,0,0,0,1,1,2,2,31,6,-1,-1,-1,-1,1,-1
201542I083403,1,9,0,9,0,6,0,0,0,0,4,1,6,2,33,6,1596,1,4,-1,1,-1
201542I083403,2,1,0,18,0,1,0,0,0,0,1,1,2,1,31,6,-1,-1,-1,-1,1,-1
201542I083503,1,9,0,18,0,0,0,0,0,0,3,1,6,2,66,10,1248,1,6,-1,-1,-1
201542I083503,2,1,0,18,0,0,0,0,0,0,3,1,6,1,17,4,-1,-1,-1,-1,1,-1
201542I083603,1,9,0,9,0,5,0,0,7,0,4,1,3,2,41,7,1596,1,14,-1,1,-1
201542I083603,2,19,0,18,0,1,0,0,0,0,1,1,6,1,31,6,-1,-1,-1,-1,1,-1
201542I083703,1,4,0,14,1,1,1,0,0,0,4,1,2,1,32,6,680,1,9,-1,1,-1
201542I083703,2,9,0,9,0,5,0,0,0,0,1,1,2,2,42,7,1582,2,2,-1,1,-1
201542I083803,1,5,0,16,0,0,0,0,0,0,4,1,6,1,-1,-1,-1,-1,-1,-1,1,-1
201542I083803,2,19,0,18,0,0,0,0,0,0,1,1,2,1,35,6,1968,2,1,-1,1,-1
201542I083803,3,9,0,18,0,0,0,0,0,0,4,1,6,1,65,9,2400,2,8,-1,2,-1
201542I083903,1,8,0,9,0,4,0,0,0,0,1,1,1,1,44,7,-1,-1,-1,-1,1,-1
201542I083903,2,3,0,9,0,4,0,0,0,0,4,1,2,1,24,5,125,1,2,-1,1,-1
201542I084003,1,19,0,18,0,0,0,0,1,0,1,1,1,1,48,8,-1,-1,-1,-1,3,-1
201542I084003,2,9,0,18,0,0,0,0,0,0,2,1,6,2,44,7,1984,1,3,-1,1,-1
201542I084103,1,9,0,18,0,0,0,0,0,0,2,1,1,1,71,10,2799,1,15,-1,3,-1
201542I084103,2,9,0,18,0,0,0,0,0,0,1,1,2,1,21,5,1796,1,11,-1,3,-1
201542I084103,3,9,0,18,0,0,0,0,0,0,3,1,1,2,26,6,1499,2,2,-1,3,-1
201542I084203,1,9,0,18,0,0,0,0,0,0,2,1,2,1,22,5,1596,1,6,-1,1,-1
201542I084203,2,19,0,18,0,0,0,0,0,0,1,1,6,1,66,10,1968,2,5,-1,-1,-1
201542I084303,1,9,0,18,0,0,0,0,0,0,1,2,6,2,17,4,1242,1,9,-1,1,-1
201542I084403,1,9,0,6,0,0,0,0,0,0,3,1,6,1,42,7,1560,2,6,-1,1,-1
201542I084403,2,5,0,14,0,0,0,0,0,0,4,1,6,1,46,8,1084,1,14,-1,1,-1
201542I084503,1,9,0,17,0,0,5,0,0,0,4,1,6,1,25,5,-1,-1,-1,-1,1,-1
201542I084603,1,21,1,12,0,0,0,0,0,0,3,2,1,1,50,8,-1,-1,-1,-1,-1,-1
201542I084603,2,9,0,18,0,0,0,0,0,0,4,1,6,1,26,6,-1,-1,-1,-1,-1,-1
201542I084703,1,9,0,18,0,0,0,0,0,0,1,1,6,1,20,4,1910,2,7,-1,1,-1
201542I084703,2,9,0,4,0,0,0,0,0,0,2,1,6,2,28,6,1395,1,1,-1,2,-1
201542I084703,3,21,1,4,0,0,0,0,0,0,2,1,1,1,37,7,-1,-1,-1,-1,2,-1
201542I084803,1,9,0,5,0,6,0,0,0,0,0,1,6,1,67,10,1396,1,2,-1,1,-1
201542I084903,1,9,0,18,0,0,0,0,1,9,1,1,6,1,34,6,-1,-1,-1,-1,1,-1
201542I085003,1,9,0,18,0,0,1,0,0,6,1,1,6,1,58,9,1364,1,9,-1,3,-1
201542I085003,2,9,0,18,0,0,0,0,0,0,0,1,6,1,38,7,1870,2,12,-1,2,-1
201542I085103,1,9,0,17,0,0,2,0,7,11,3,1,6,1,21,5,2494,1,21,-1,1,-1
201542I085203,1,9,0,9,0,5,0,0,0,0,4,1,6,1,44,7,2494,1,16,-1,1,-1
201542I085203,2,9,0,18,0,8,0,0,0,0,1,1,6,2,28,6,1242,1,8,-1,1,-1
201542I085303,1,1,0,18,0,2,0,0,0,0,2,1,6,1,41,7,-1,-1,-1,-1,-1,-1
201542I085303,2,9,0,18,0,2,0,0,0,0,1,1,6,1,52,8,1998,2,6,-1,1,-1
201542I085403,1,9,0,18,0,0,0,0,0,0,1,1,6,1,83,11,-1,-1,-1,-1,1,-1
201542I085403,2,9,0,2,0,0,0,0,0,0,3,1,6,3,-1,-1,1598,1,5,-1,-1,-1
201542I085503,1,2,0,18,0,0,1,0,1,0,4,1,6,1,16,4,-1,-1,-1,-1,1,-1
201542I085603,1,9,0,4,0,0,0,0,0,0,1,1,6,2,69,10,1386,1,8,-1,-1,-1
201542I085603,2,9,0,3,0,0,0,0,0,0,2,1,6,1,18,4,1390,1,4,-1,1,-1
201542I085603,3,9,0,3,0,0,0,0,0,0,2,1,6,1,49,8,1995,2,13,-1,1,-1
201542I085703,1,9,0,18,0,0,0,0,7,4,1,1,6,1,53,8,1587,1,13,-1,2,-1
201542I085803,1,9,0,17,0,0,0,10,0,11,1,1,6,1,18,4,1388,1,12,-1,1,-1
201542I085903,1,9,0,18,0,0,0,0,0,0,1,1,6,1,70,10,1197,1,1,-1,-1,-1
201542I085903,2,9,0,18,0,0,0,0,0,0,2,1,1,1,43,7,-1,-1,-1,-1,1,-1
201542I085903,3,19,0,18,0,0,0,0,0,0,1,1,1,1,55,8,-1,-1,-1,-1,1,-1
201542I086003,1,9,0,1,0,0,0,0,0,0,2,1,6,1,31,6,2688,2,13,-1,1,-1
201542I086003,2,9,0,18,0,0,0,0,0,0,1,1,1,1,31,6,1560,2,2,-1,-1,-1
201542I086103,1,9,0,18,0,0,0,0,0,0,1,1,6,1,32,6,1796,1,15,-1,2,-1
201542I086103,2,9,0,10,0,0,0,0,0,0,2,1,6,2,30,6,-1,-1,-1,-1,3,-1
201542I086203,1,9,0,5,0,1,0,0,0,0,4,1,3,1,39,7,1995,1,4,-1,3,-1
201542I086303,1,9,0,18,0,0,0,0,0,0,1,1,6,3,56,9,1984,1,15,-1,3,-1
201542I086303,2,9,0,3,0,0,0,0,0,0,2,1,6,3,30,6,1398,1,1,-1,1,-1
201542I086403,1,9,0,9,0,8,0,0,0,0,2,1,6,1,85,11,796,1,16,-1,-1,-1
201542I086403,2,1,0,18,0,4,0,0,0,0,1,1,6,1,82,11,-1,-1,-1,-1,-1,-1
201542I086503,1,9,0,16,0,0,5,10,7,11,1,1,6,1,18,4,1229,1,8,-1,3,-1
201542I086603,1,9,0,3,0,4,0,0,0,0,1,1,6,1,20,4,1596,1,15,-1,1,-1
201542I086603,2,9,0,3,0,4,0,0,0,0,1,1,6,1,21,5,1796,1,16,-1,-1,-1
201542I086603,3,9,0,3,0,4,0,0,0,0,2,1,6,1,45,7,-1,-1,-1,-1,1,-1
201542I086603,4,9,0,9,0,3,0,0,0,0,0,1,6,3,-1,-1,-1,-1,-1,-1,-1,-1
201542I086703,1,9,0,18,0,0,0,0,0,6,2,1,6,2,36,7,1999,1,6,-1,2,-1
201542I086703,2,9,0,18,0,0,0,2,1,0,1,1,6,2,23,5,-1,-1,-1,-1,2,-1
201542I086803,1,9,0,9,0,0,0,0,0,0,1,1,6,1,27,6,1995,1,12,-1,1,-1
201542I086803,2,9,0,4,0,0,0,0,0,0,2,1,6,1,30,6,-1,-1,-1,-1,1,-1
201542I086903,1,9,0,18,0,0,0,0,1,3,1,1,6,1,17,4,-1,-1,-1,-1,3,-1
201542I087003,1,8,0,1,0,0,0,0,0,0,2,1,6,1,40,7,1560,2,8,-1,-1,-1
201542I087003,2,9,0,2,0,0,0,0,0,0,2,1,3,1,31,6,1197,1,1,-1,1,-1
201542I087103,1,9,0,3,0,8,0,0,0,0,1,1,6,1,62,9,1995,2,4,-1,1,-1
201542I087103,2,9,0,5,0,1,0,0,2,7,2,1,2,2,34,6,1242,1,3,-1,1,-1
201542I087203,1,9,0,18,0,0,0,0,0,0,4,1,6,1,36,7,1360,1,10,-1,1,-1
201542I087203,2,9,0,18,0,0,0,0,0,0,1,1,6,1,69,10,1998,1,12,-1,2,-1
201542I087303,1,9,0,7,0,6,0,0,0,0,1,1,6,1,93,11,1388,1,12,-1,1,-1
201542I087303,2,9,0,18,0,8,0,0,0,0,3,1,6,2,18,4,-1,-1,-1,-1,1,-1
201542I087403,1,9,0,18,0,1,0,0,0,0,1,1,6,1,66,10,-1,-1,-1,-1,3,-1
201542I087403,2,9,0,3,0,1,0,0,0,0,2,1,6,1,73,10,1796,1,14,-1,3,-1
201542I087503,1,19,0,3,0,1,0,0,0,0,1,1,1,1,38,7,2148,2,8,-1,1,-1
201542I087503,2,9,0,3,0,1,0,0,0,0,2,1,2,1,48,8,-1,-1,-1,-1,1,-1
201542I087603,1,9,0,18,0,1,0,0,0,0,1,1,6,2,29,6,-1,-1,-1,-1,1,-1
201542I087603,2,9,0,18,0,1,0,0,0,0,2,1,6,1,27,6,-1,-1,-1,-1,2,-1
201542I087703,1,9,0,18,0,1,0,0,0,0,1,1,6,2,29,6,-1,-1,-1,-1,1,-1
201542I087703,2,9,0,3,0,1,0,0,0,0,2,1,6,1,56,9,1991,2,7,-1,1,-1
201542I087803,1,9,0,18,0,6,0,0,0,0,1,1,6,2,24,5,996,1,2,-1,3,-1
201542I087903,1,3,0,18,0,8,1,0,0,0,1,1,6,1,20,4,125,1,1,-1,-1,-1
201542I087903,2,9,0,10,0,1,0,0,0,0,2,1,6,1,36,7,2231,2,8,-1,1,-1
201542I088003,1,9,0,9,0,6,0,0,0,0,1,1,1,2,-1,-1,-1,-1,-1,-1,1,-1
201542I088003,2,19,0,18,0,8,0,0,0,0,3,1,1,2,35,6,-1,-1,-1,-1,1,-1
201542I088103,1,9,0,6,0,1,0,0,0,0,3,1,1,1,24,5,1798,1,10,-1,1,-1
201542I088103,2,4,0,18,0,1,0,0,0,0,1,1,1,1,24,5,675,1,6,-1,1,-1
201542I088203,1,9,0,18,0,8,0,0,0,0,3,1,6,1,24,5,1242,1,2,-1,1,-1
201542I088203,2,9,0,18,0,8,0,0,0,0,1,1,6,2,30,6,1596,1,8,-1,1,-1
201542I088303,1,9,0,18,0,0,1,0,0,0,1,1,6,2,49,8,1560,2,4,-1,3,-1
201542I088303,2,9,0,18,0,0,0,0,0,0,1,1,6,1,48,8,1598,2,5,-1,1,-1
201542I088303,3,9,0,18,0,0,0,0,0,0,3,1,6,1,43,7,1600,2,4,-1,2,-1
201542I088403,1,19,0,18,0,1,0,0,0,0,1,1,1,1,18,4,-1,-1,-1,-1,-1,-1
201542I088403,2,19,0,4,0,1,0,0,0,0,2,1,1,1,21,5,1995,2,5,-1,1,-1
201542I088503,1,8,0,18,9,1,0,0,0,0,4,1,1,1,42,7,1910,2,7,-1,1,-1
201542I088703,1,9,0,18,0,0,0,0,0,0,1,1,6,1,50,8,2179,2,7,-1,-1,-1
201542I088703,2,9,0,18,0,0,0,11,0,0,1,1,6,1,44,7,1195,1,18,-1,-1,-1
201542I088803,1,4,0,13,0,1,0,0,0,0,1,1,1,1,58,9,-1,-1,-1,-1,1,-1
201542I088803,2,1,0,18,0,1,0,0,0,0,4,1,6,2,39,7,-1,-1,-1,-1,-1,-1
201542I088903,1,9,0,4,0,2,0,0,0,0,1,1,2,1,30,6,-1,-1,-1,-1,1,-1
201542I088903,2,5,0,3,0,2,0,0,0,0,3,1,2,1,44,7,1157,1,14,-1,1,-1
201542I089003,1,9,0,3,0,3,0,0,0,0,0,1,1,1,35,6,-1,-1,-1,-1,2,-1
201542I089003,2,19,0,3,0,3,0,0,0,0,2,1,1,1,59,9,12777,2,8,-1,-1,-1
201542I089103,1,9,0,17,0,0,2,0,7,0,0,1,6,1,17,4,1149,1,10,-1,2,-1
201542I089203,1,19,0,9,0,5,0,0,0,0,0,2,6,2,41,7,-1,-1,-1,-1,1,-1
201542I089203,2,9,0,9,0,5,0,0,0,0,0,1,6,2,41,7,1596,1,14,-1,1,-1