Accident_Index,Vehicle_Reference,Vehicle_Type,Towing_and_Articulation,Vehicle_Manoeuvre,Vehicle_Location-Restricted_Lane,Junction_Location,Skidding_and_Overturning,Hit_Object_in_Carriageway,Vehicle_Leaving_Carriageway,Hit_Object_off_Carriageway,1st_Point_of_Impact,Was_Vehicle_Left_Hand_Drive?,Journey_Purpose_of_Driver,Sex_of_Driver,Age_of_Driver,Age_Band_of_Driver,Engine_Capacity_(CC),Propulsion_Code,Age_of_Vehicle,Driver_IMD_Decile,Driver_Home_Area_Type,Vehicle_IMD_Decile
201542I089303,1,9,0,9,0,5,0,0,0,0,1,1,6,3,-1,-1,-1,-1,-1,-1,-1,-1
201542I089403,1,3,0,16,0,0,1,0,0,0,3,1,1,1,57,9,-1,-1,-1,-1,1,-1
201542I089403,2,21,0,17,0,0,0,0,0,0,3,1,6,1,55,8,12600,2,13,-1,1,-1
201542I089503,1,5,0,14,0,0,1,0,1,0,1,1,2,1,27,6,599,1,5,-1,1,-1
201542I089503,2,9,0,5,0,0,0,0,0,0,4,1,2,1,27,6,2000,2,5,-1,1,-1
201542I089603,1,9,0,5,0,0,0,0,0,0,4,1,2,2,48,8,1388,1,2,-1,1,-1
201542I089603,2,21,0,2,0,0,0,0,0,0,0,1,6,1,39,7,-1,-1,-1,-1,1,-1
201542I089703,1,19,0,3,0,0,0,0,0,0,2,1,1,1,23,5,1461,2,2,-1,1,-1
201542I089703,2,9,0,3,0,0,0,0,0,0,2,1,1,1,30,6,2993,2,6,-1,1,-1
201542I089703,3,9,0,4,0,0,1,0,0,0,1,1,1,2,47,8,1998,2,9,-1,1,-1
201542I089703,4,19,0,4,0,0,0,10,1,9,0,1,1,1,46,8,1995,2,2,-1,1,-1
201542I089804,1,19,0,4,0,1,0,0,0,0,1,1,6,1,19,4,2402,2,8,-1,1,-1
201542I089804,2,9,0,10,0,2,0,0,0,0,2,1,6,2,34,6,1686,2,8,-1,2,-1
201542I090003,1,8,0,2,0,0,0,0,0,0,3,1,6,1,-1,-1,2967,2,7,-1,-1,-1
201542I090003,2,1,0,18,0,0,1,0,0,0,4,1,6,1,51,8,-1,-1,-1,-1,1,-1
201542I090102,1,9,0,17,9,0,0,0,1,0,1,1,6,1,82,11,1399,1,8,-1,1,-1
201542I090303,1,9,0,1,0,0,0,0,0,0,1,1,3,2,-1,-1,1596,1,13,-1,-1,-1
201542I090402,1,9,0,18,0,8,0,0,0,0,1,1,6,2,46,8,-1,-1,-1,-1,1,-1
201542I090402,2,8,0,18,0,8,0,0,0,7,4,1,1,1,61,9,1997,2,9,-1,1,-1
201542I090402,3,9,0,2,0,2,0,0,0,0,1,1,6,3,-1,-1,1198,1,1,-1,-1,-1
201542I090503,1,19,0,18,0,1,0,0,0,0,4,1,6,1,-1,-1,2198,2,5,-1,-1,-1
201542I090603,1,9,0,1,0,0,0,0,0,0,2,1,6,1,-1,-1,1796,1,2,-1,-1,-1
201542I090703,1,9,0,18,0,0,0,0,0,0,1,1,6,2,17,4,-1,-1,-1,-1,1,-1
201542I090703,2,9,0,4,0,0,0,0,0,0,2,1,6,2,18,4,-1,-1,-1,-1,1,-1
201542I090803,1,9,0,18,0,0,0,0,0,0,1,1,6,1,-1,-1,1399,2,5,-1,-1,-1
201542I090803,2,1,0,2,0,0,0,0,0,0,3,1,6,1,-1,-1,-1,-1,-1,-1,-1,-1
201542I090903,1,9,0,3,0,1,0,0,0,0,1,1,1,1,-1,-1,-1,-1,-1,-1,-1,-1
201542I090903,2,9,0,3,0,1,0,0,0,0,2,1,1,2,38,7,2143,2,1,-1,1,-1
201542I091004,1,3,0,9,0,4,0,0,0,0,0,1,6,1,-1,-1,1170,1,11,-1,-1,-1
201542I091004,2,3,0,9,0,8,0,0,0,0,0,1,6,1,26,6,599,1,19,-1,1,-1
201542I091103,1,9,0,18,0,1,0,0,0,0,1,1,6,2,52,8,1248,1,4,-1,-1,-1
201542I091103,2,3,0,3,0,1,0,0,0,0,2,1,2,1,28,6,125,1,2,-1,2,-1
201542I091203,1,9,0,3,0,0,0,0,0,0,1,1,6,3,-1,-1,1198,1,5,-1,-1,-1
201542I091203,2,9,0,3,0,0,0,0,0,0,2,1,6,2,46,8,1598,2,2,-1,1,-1
201542I091403,1,11,0,7,0,3,0,0,0,0,4,1,1,1,-1,-1,-1,-1,-1,-1,-1,-1
201542I091504,1,3,0,18,0,1,0,0,1,0,2,1,6,1,19,4,124,1,15,-1,1,-1
201542I091504,2,5,0,18,0,1,0,0,1,0,1,1,6,1,55,8,599,1,17,-1,1,-1
201542I091504,3,3,0,18,0,1,0,0,1,0,3,1,6,1,65,9,198,1,22,-1,1,-1
201542I091604,1,9,0,18,0,1,0,0,0,0,1,1,6,1,28,6,1461,2,1,-1,-1,-1
201542I091604,2,1,0,18,0,2,1,0,1,0,1,1,6,1,47,8,-1,-1,-1,-1,-1,-1
201542I091704,1,21,0,9,0,1,0,0,0,0,2,1,1,1,25,5,9290,2,2,-1,1,-1
201542I091704,2,20,0,18,0,1,0,0,0,0,1,1,1,1,26,6,4700,1,13,-1,2,-1
201542I091803,1,9,0,18,0,0,0,11,0,0,1,1,6,1,25,5,1200,1,2,-1,2,-1
201542I091903,1,9,0,18,0,8,0,0,0,0,1,1,6,2,-1,-1,1299,1,14,-1,-1,-1
201542I091903,2,9,0,3,0,8,0,0,0,0,2,1,6,1,-1,-1,3596,1,10,-1,-1,-1
201542I092003,1,9,0,18,0,0,0,0,0,0,1,1,6,2,21,5,1995,2,1,-1,1,-1
201542I092104,1,9,0,9,0,5,0,10,1,10,1,1,6,1,78,11,1242,1,15,-1,1,-1
201542I092304,1,4,0,16,0,0,1,0,0,0,4,1,6,1,48,8,397,1,13,-1,1,-1
201542I092404,1,9,0,1,0,0,0,0,0,0,2,1,6,2,-1,-1,-1,-1,-1,-1,-1,-1
201542I092503,1,9,0,2,0,2,0,10,0,0,1,1,6,2,45,7,-1,-1,-1,-1,1,-1
201542I092503,2,9,0,7,0,5,1,11,0,0,2,1,6,2,77,11,-1,-1,-1,-1,-1,-1
201542I092603,1,21,0,11,0,0,0,0,0,0,4,1,1,1,52,8,12777,2,7,-1,1,-1
201542I092603,2,9,0,18,0,0,0,0,0,0,3,1,1,1,17,4,999,1,1,-1,1,-1
201542I092703,1,1,0,18,0,0,0,0,0,0,1,1,4,1,14,3,-1,-1,-1,-1,1,-1
201542I092703,2,9,0,18,0,0,0,0,0,0,1,1,6,2,35,6,1989,1,16,-1,1,-1
201542I092803,1,9,0,18,0,0,0,0,7,5,4,1,6,1,21,5,1998,1,17,-1,1,-1
201542I092903,1,9,0,9,0,8,0,0,0,0,1,1,6,2,73,10,1149,1,5,-1,1,-1
201542I092903,2,3,0,18,0,8,0,0,0,0,1,1,6,1,25,5,123,1,12,-1,1,-1
201542I093003,1,9,0,4,0,0,1,0,0,0,1,1,6,1,44,7,1596,1,16,-1,1,-1
201542I093003,2,9,0,4,0,0,0,0,0,6,2,1,6,2,22,5,998,1,-1,-1,-1,-1
201542I093103,1,9,0,5,0,5,0,0,0,0,1,1,2,1,62,9,1242,1,10,-1,1,-1
201542I093103,2,1,0,18,0,8,0,0,0,0,1,1,2,1,60,9,-1,-1,-1,-1,1,-1
201542I093203,1,9,0,9,0,1,0,0,0,0,4,1,6,1,18,4,1910,2,10,-1,1,-1
201542I093203,2,1,0,18,0,1,0,0,0,0,3,1,6,1,38,7,-1,-1,-1,-1,1,-1
201542I093303,1,9,0,15,0,0,0,0,0,0,4,1,6,2,26,6,1588,1,13,-1,1,-1
201542I093403,1,9,0,18,0,6,1,0,3,10,3,1,6,2,80,11,-1,-1,-1,-1,1,-1
201542I093403,2,9,0,18,0,8,0,0,0,0,1,1,6,1,67,10,1951,2,11,-1,1,-1
201542I093503,1,9,0,18,0,0,0,11,0,4,3,1,6,2,19,4,-1,-1,-1,-1,1,-1
201542I093603,1,9,0,18,0,3,0,0,0,0,1,1,6,2,38,7,1349,1,1,-1,2,-1
201542I093603,2,9,0,3,0,4,0,0,0,0,2,1,6,2,40,7,1560,2,5,-1,2,-1
201542I093703,1,9,0,5,0,0,0,0,0,0,1,1,6,2,24,5,1995,1,7,-1,1,-1
201542I093703,2,9,0,18,0,0,0,0,0,0,2,1,6,1,35,6,1582,2,5,-1,1,-1
201542I093803,1,9,0,17,0,0,2,0,7,0,0,1,6,2,18,4,-1,-1,-1,-1,2,-1
201542I093903,1,9,4,18,0,0,0,0,0,0,3,1,6,1,54,8,3628,2,7,-1,2,-1
201542I093903,2,9,0,18,0,0,0,0,0,0,3,1,6,1,79,11,999,1,-1,-1,-1,-1
201542I094003,1,2,0,18,0,0,0,12,0,0,1,1,1,1,44,7,-1,-1,-1,-1,1,-1
201542I094103,1,21,1,18,0,0,0,0,0,0,4,1,1,1,35,6,-1,-1,-1,-1,1,-1
201542I094103,2,9,0,18,0,0,0,0,0,0,3,2,6,1,25,5,-1,-1,-1,-1,1,-1
201542I094204,1,2,0,18,0,0,0,0,0,0,1,1,6,1,-1,-1,125,1,-1,-1,1,-1
201542I094204,2,9,0,4,0,0,0,0,0,0,2,1,6,3,71,10,1968,2,4,-1,1,-1
201542I094204,3,9,0,2,6,0,0,0,0,0,1,1,6,3,-1,-1,1299,1,17,-1,1,-1
201542I094303,1,9,0,18,0,0,0,0,0,0,4,1,6,1,31,6,4266,1,16,-1,1,-1
201542I094303,2,19,0,18,0,0,0,0,0,0,3,1,1,1,45,7,1560,2,2,-1,2,-1
201542I094403,1,9,0,17,0,0,1,0,0,0,3,1,6,1,-1,-1,2987,2,4,-1,-1,-1
201542I094403,2,9,0,18,0,0,0,0,1,10,4,1,6,2,46,8,1997,2,5,-1,1,-1
201542I094403,3,9,0,2,0,0,0,0,0,0,3,1,6,3,-1,-1,2400,2,3,-1,-1,-1
201542I094503,1,9,0,5,0,0,0,0,0,0,1,1,6,2,77,11,1997,1,-1,-1,2,-1
201542I094503,2,9,0,18,0,0,0,0,0,0,1,1,6,1,53,8,-1,-1,-1,-1,1,-1
201542I094603,1,20,4,18,0,1,0,0,0,0,1,1,1,1,23,5,2998,2,4,-1,-1,-1
201542I094603,2,19,0,3,0,1,0,0,0,0,2,1,1,1,56,9,2464,2,5,-1,2,-1
201542I094603,3,9,0,10,0,1,0,0,0,0,2,1,1,2,37,7,1753,2,11,-1,1,-1
201542I094703,1,9,0,18,0,0,0,0,0,0,1,1,6,1,57,9,1781,1,10,-1,1,-1
201542I094703,2,9,0,18,0,0,0,0,0,0,1,1,6,1,23,5,1360,1,13,-1,1,-1
201542I094803,1,9,0,9,0,1,0,0,0,0,1,1,6,1,43,7,1896,2,14,-1,1,-1
201542I094803,2,9,0,18,0,8,0,0,0,0,1,1,6,2,28,6,-1,-1,-1,-1,1,-1
201542I094904,1,9,0,7,0,6,0,0,0,0,0,1,6,3,-1,-1,-1,-1,-1,-1,-1,-1
201542I094904,2,11,0,18,0,8,0,0,0,0,0,1,1,1,-1,-1,-1,-1,-1,-1,-1,-1
201542I095003,1,9,0,11,0,3,1,10,1,2,3,1,6,2,21,5,1124,1,13,-1,1,-1
201542I095103,1,9,0,9,0,8,0,0,0,0,3,1,6,1,18,4,998,1,4,-1,1,-1
201542I095103,2,9,0,18,0,1,0,0,0,0,1,1,6,1,29,6,1242,1,4,-1,2,-1
201542I095203,1,9,0,9,0,5,0,0,0,0,4,1,6,2,-1,-1,1397,1,13,-1,-1,-1
201542I095203,2,5,0,18,0,1,1,0,0,0,1,1,1,1,21,5,670,1,3,-1,1,-1
201542I095303,1,9,0,18,0,1,0,0,1,11,4,1,1,1,29,6,-1,-1,-1,-1,1,-1
201542I095303,2,9,0,10,0,1,0,0,0,0,3,1,1,1,52,8,-1,-1,-1,-1,1,-1
201542I095403,1,5,0,17,0,0,1,0,0,0,1,1,2,1,30,6,636,1,13,-1,1,-1
201542I095503,1,9,0,16,0,0,0,0,7,0,1,1,6,2,21,5,1299,1,17,-1,1,-1
201542I095603,1,9,0,5,0,4,0,0,0,0,1,1,2,2,39,7,1910,2,6,-1,1,-1
201542I095603,2,9,0,5,0,4,0,0,0,0,2,1,2,2,38,7,1339,1,5,-1,1,-1
201542I095703,1,9,0,18,0,8,0,0,0,0,1,1,6,2,34,6,1598,1,7,-1,1,-1
201542I095703,2,9,0,18,0,8,0,0,0,0,3,1,6,1,31,6,1998,1,16,-1,1,-1
201542I095803,1,5,0,18,0,0,0,0,1,9,1,1,6,1,52,8,-1,-1,-1,-1,1,-1
201542I095903,1,9,0,18,0,8,0,0,0,0,1,1,6,1,43,7,-1,-1,-1,-1,-1,-1
201542I095903,2,9,0,18,0,8,0,0,0,0,3,1,6,1,72,10,1997,2,2,-1,1,-1
201542I096003,1,3,0,18,0,1,0,0,0,0,1,1,6,2,16,4,-1,-1,-1,-1,2,-1
201542I096003,2,2,0,9,0,1,0,0,0,0,2,1,6,1,16,4,49,1,7,-1,2,-1
201542I096103,1,9,0,13,0,1,0,0,0,0,3,1,2,2,38,7,1997,2,3,-1,2,-1
201542I096103,2,1,0,18,0,1,0,0,0,0,4,1,2,1,45,7,-1,-1,-1,-1,1,-1
201542I096501,1,9,0,9,0,3,0,0,2,10,1,1,6,1,21,5,-1,-1,-1,-1,1,-1
201542I096501,2,19,0,18,0,4,0,0,0,0,1,1,1,2,60,9,2198,2,2,-1,1,-1
201542I096703,1,9,0,18,0,0,2,0,1,7,1,1,6,1,40,7,-1,-1,-1,-1,1,-1
201542I096803,1,9,0,17,0,0,2,0,0,0,4,1,1,1,52,8,875,1,4,-1,1,-1
201542I096803,2,9,0,18,0,0,0,0,0,0,1,1,1,1,61,9,-1,-1,-1,-1,1,-1
201542I096903,1,2,0,18,0,0,1,0,0,0,0,1,4,1,16,4,49,1,5,-1,1,-1
201542I097103,1,9,0,18,0,8,0,0,0,0,1,1,6,3,-1,-1,-1,-1,-1,-1,-1,-1
201542I097103,2,4,0,18,0,8,0,0,0,0,2,1,6,1,20,4,498,1,16,-1,2,-1
201542I097203,1,9,0,18,0,0,0,0,0,0,3,1,1,1,23,5,1560,2,2,-1,2,-1
201542I097203,2,9,0,18,0,0,0,0,0,0,3,1,1,1,43,7,1398,1,2,-1,2,-1
201542I097303,1,9,0,18,9,0,0,0,7,0,1,1,6,1,89,11,1895,1,15,-1,1,-1
201542I097303,2,9,0,18,0,0,0,0,0,0,1,1,6,2,73,10,-1,-1,-1,-1,-1,-1
201542I097403,1,9,0,18,0,0,0,0,0,0,1,1,6,2,21,5,1242,1,1,-1,1,-1
201542I097403,2,9,0,4,0,0,0,0,0,0,2,1,6,2,36,7,1685,2,-1,-1,3,-1
201542I097503,1,9,0,17,0,0,0,0,2,4,4,1,6,1,23,5,-1,-1,-1,-1,1,-1
201542I097603,1,9,0,18,0,8,0,0,0,0,1,1,2,1,69,10,5998,1,4,-1,2,-1
201542I097703,1,9,0,9,0,6,0,0,0,0,3,1,6,2,18,4,1242,1,1,-1,-1,-1
201542I097703,2,3,0,18,0,8,0,0,0,0,1,1,6,1,19,4,-1,-1,-1,-1,-1,-1
201542I097803,1,98,1,18,0,1,0,0,0,0,3,2,1,1,45,7,-1,-1,-1,-1,-1,-1
201542I097803,2,9,0,18,0,1,1,0,0,0,4,1,6,2,33,6,2976,1,10,-1,1,-1
201542I097903,1,4,0,18,2,1,0,0,0,0,1,1,6,1,21,5,471,1,1,-1,1,-1
201542I097903,2,9,0,9,0,6,0,0,0,0,3,1,1,1,50,8,1991,2,10,-1,1,-1
201542I098003,1,22,0,4,0,0,0,0,0,0,1,1,1,2,67,10,-1,-1,-1,-1,1,-1
201542I098003,2,9,0,4,0,0,0,0,0,0,2,1,6,2,32,6,-1,-1,-1,-1,-1,-1
201542I098103,1,9,0,1,0,0,0,0,0,0,3,1,6,1,60,9,1248,1,5,-1,1,-1
201542I098203,1,9,0,9,0,6,0,0,0,0,1,1,6,2,42,7,1242,1,-1,-1,1,-1
201542I098203,2,1,0,18,0,8,0,0,0,0,4,1,2,1,28,6,-1,-1,-1,-1,-1,-1
201542I098303,1,9,0,4,0,1,1,0,0,0,1,1,6,1,-1,-1,1599,1,10,-1,-1,-1
201542I098303,2,9,0,18,0,1,0,0,0,0,2,1,6,1,19,4,1242,1,11,-1,1,-1
201542I098603,1,9,0,18,0,0,0,0,0,0,1,1,6,1,19,4,1995,1,11,-1,3,-1
201542I098603,2,9,0,4,0,0,0,0,0,0,2,1,1,2,23,5,1781,1,14,-1,1,-1
201542I098703,1,9,0,18,0,0,0,0,0,0,1,1,6,2,71,10,1388,1,11,-1,-1,-1
201542I098703,2,9,0,18,0,0,0,0,0,0,2,1,6,2,-1,-1,1796,1,14,-1,2,-1
201542I098803,1,9,0,18,0,1,5,0,0,0,0,1,6,1,20,4,998,1,11,-1,-1,-1
201542I098903,1,9,0,18,0,0,0,0,0,0,3,1,6,1,45,7,1596,1,1,-1,1,-1
201542I099003,1,9,0,18,0,0,0,0,0,0,4,1,6,1,23,5,1997,1,20,-1,1,-1
201542I099103,1,9,0,18,0,4,0,0,0,0,1,1,6,2,51,8,1951,2,14,-1,1,-1
201542I099103,2,9,0,18,0,8,1,0,1,0,4,1,6,2,27,6,-1,-1,-1,-1,1,-1
201542I099203,1,9,0,18,0,1,0,0,0,0,1,1,6,1,57,9,1242,1,15,-1,-1,-1
201542I099203,2,9,0,3,0,1,0,0,0,0,2,1,1,1,41,7,998,1,1,-1,1,-1
201542I099302,1,8,0,18,0,1,0,0,0,0,1,1,1,1,57,9,-1,-1,-1,-1,1,-1
201542I099403,1,21,1,18,0,1,1,0,0,0,1,1,1,1,58,9,12419,2,4,-1,1,-1
201542I099403,2,19,0,18,0,1,1,0,0,0,1,1,1,1,22,5,1686,2,12,-1,1,-1
201542I099403,3,9,0,3,0,1,0,0,0,0,2,2,1,1,26,6,-1,-1,-1,-1,1,-1
201542I099403,4,19,0,3,0,1,0,0,0,0,2,1,1,1,21,5,1686,2,4,-1,1,-1
201542I099403,5,9,0,3,0,1,0,0,0,0,2,1,6,2,61,9,-1,-1,-1,-1,1,-1
201542I099403,6,9,0,3,0,1,0,0,0,0,2,1,6,1,75,10,1870,2,11,-1,3,-1
201542I099503,1,9,0,4,0,0,0,0,0,0,2,1,2,2,22,5,1248,2,3,-1,3,-1
201542I099503,2,9,0,4,0,0,0,0,0,0,1,1,2,2,24,5,1390,1,11,-1,1,-1
201542I099503,3,19,0,4,0,0,0,0,0,0,2,1,6,1,-1,-1,-1,-1,-1,-1,-1,-1
201542I099603,1,8,0,4,0,1,0,0,0,0,1,1,1,1,42,7,-1,-1,-1,-1,1,-1
201542I099603,2,9,0,4,0,1,0,0,0,0,2,1,2,2,33,6,1399,2,7,-1,1,-1
201542I099603,3,9,0,4,0,1,0,0,0,0,2,1,2,1,48,8,1896,2,12,-1,2,-1
201542I099703,1,9,0,9,0,0,1,0,1,0,0,1,6,1,34,6,1896,2,12,-1,1,-1
201542I099803,1,9,0,17,0,1,0,0,0,0,1,1,1,1,33,6,1995,2,4,-1,1,-1
201542I099803,2,9,0,10,0,1,0,0,0,0,2,1,1,2,39,7,1794,1,8,-1,1,-1
201542I099903,1,9,0,18,0,0,1,0,0,0,1,1,6,1,58,9,1248,1,1,-1,1,-1
201542I099903,2,9,0,3,0,0,0,0,0,0,1,1,6,1,40,7,2231,2,8,-1,1,-1
201542I099903,3,9,0,3,0,0,0,0,0,0,2,1,6,1,61,9,1995,2,3,-1,2,-1
201542I100003,1,9,0,18,0,1,0,0,0,0,1,1,6,3,-1,-1,1242,1,11,-1,-1,-1
201542I100003,2,9,0,10,0,5,0,0,0,0,2,1,6,2,35,6,1587,1,11,-1,1,-1
201542I100103,1,9,0,16,0,1,0,0,0,0,1,1,6,1,55,8,1798,1,8,-1,1,-1
201542I100103,2,9,0,3,0,1,0,0,0,0,2,1,1,2,45,7,1910,2,9,-1,1,-1
201542I100103,3,19,0,3,0,1,0,0,0,0,2,1,6,1,57,9,2198,2,8,-1,1,-1
201542I100203,1,9,0,18,0,0,0,0,0,0,1,1,6,2,35,6,-1,-1,-1,-1,1,-1
201542I100203,2,9,0,4,0,0,0,0,0,0,2,1,6,1,38,7,-1,-1,-1,-1,1,-1
201542I100203,3,9,0,4,0,0,0,0,0,0,2,1,6,2,31,6,1988,1,13,-1,1,-1
201542I100203,4,9,0,4,0,0,0,0,0,0,2,1,6,2,28,6,2295,1,11,-1,1,-1
201542I100203,5,9,0,18,0,0,0,0,0,0,1,1,6,2,18,4,1596,1,10,-1,-1,-1
201542I100303,1,9,0,3,0,0,0,0,0,0,4,1,6,2,-1,-1,-1,-1,-1,-1,-1,-1
201542I100403,1,98,0,4,0,0,0,0,0,0,1,1,1,1,35,6,-1,-1,-1,-1,1,-1
201542I100403,2,9,0,4,0,0,0,0,0,0,2,1,6,1,21,5,-1,-1,-1,-1,1,-1
201542I100403,3,9,0,4,0,0,0,0,0,0,2,1,6,1,78,11,1339,1,7,-1,1,-1
201542I100403,4,9,0,4,0,0,0,0,0,0,2,1,6,1,48,8,1560,2,2,-1,1,-1
201542I100503,1,9,0,4,0,0,1,0,0,0,1,1,6,1,32,6,-1,-1,-1,-1,1,-1
201542I100503,2,9,0,4,0,0,0,0,0,0,2,1,6,2,28,6,1596,1,5,-1,-1,-1
201542I100503,3,9,0,4,0,0,0,0,0,0,2,1,6,2,26,6,1242,1,2,-1,1,-1
201542I100503,4,9,0,4,0,0,0,0,0,0,2,1,6,2,25,5,1390,1,13,-1,-1,-1
201542I100603,1,21,0,18,0,0,0,0,0,0,1,1,6,1,58,9,-1,-1,-1,-1,1,-1
201542I100603,2,9,0,18,0,0,0,0,0,0,2,1,6,1,38,7,1591,1,2,-1,1,-1
201542I100603,3,9,0,18,0,0,0,0,0,0,2,1,6,1,45,7,1997,2,7,-1,1,-1
201542I100603,4,9,0,18,0,0,0,0,0,0,2,1,6,1,25,5,1598,1,1,-1,1,-1
201542I100703,1,9,0,18,0,1,0,0,0,0,1,1,6,2,40,7,1598,1,8,-1,1,-1
201542I100703,2,19,0,2,0,1,0,0,0,0,2,1,6,1,54,8,1997,2,10,-1,1,-1
201542I100803,1,9,0,18,0,3,0,0,0,0,1,1,6,1,31,6,1796,1,12,-1,1,-1
201542I100803,2,9,0,18,0,3,0,0,0,0,2,1,6,1,48,8,1896,2,9,-1,-1,-1
201542I100903,1,9,0,18,0,0,0,0,0,0,1,1,6,1,27,6,-1,-1,-1,-1,1,-1
201542I100903,2,19,0,4,0,0,0,0,0,0,2,1,1,1,51,8,2198,2,1,-1,1,-1
201542I100903,3,19,0,3,0,0,0,0,0,0,2,1,1,1,61,9,2402,2,6,-1,1,-1
201542I101003,1,9,0,18,9,1,0,0,0,0,1,1,6,1,-1,-1,2179,2,11,-1,-1,-1
201542I101104,1,9,0,3,0,1,0,0,0,0,1,1,6,2,-1,-1,-1,-1,-1,-1,-1,-1
201542I101104,2,9,0,3,0,1,0,0,0,0,1,1,6,2,22,5,998,1,2,-1,1,-1
201542I101203,1,9,0,3,0,1,0,0,0,0,1,1,6,2,-1,-1,-1,-1,-1,-1,-1,-1
201542I101203,2,9,0,3,0,1,0,0,0,0,2,1,6,2,35,6,1368,1,-1,-1,3,-1
201542I101304,1,9,0,1,0,0,0,0,0,0,2,1,6,3,-1,-1,1596,1,5,-1,-1,-1
201542I101304,2,9,0,2,0,0,0,0,0,0,4,1,6,2,29,6,1197,1,2,-1,3,-1
201542I101403,1,8,0,18,0,0,0,0,0,0,0,1,1,1,55,8,1997,2,1,-1,1,-1
201542I101504,1,9,0,16,0,0,0,0,0,0,1,1,6,1,-1,-1,2179,2,13,-1,-1,-1
201542I101504,2,9,0,17,0,0,0,0,0,0,1,1,6,1,49,8,1997,2,7,-1,1,-1
201542I101504,3,9,0,17,0,0,0,0,0,0,1,1,6,1,52,8,1800,1,15,-1,1,-1
201542I101604,1,9,0,9,0,6,0,0,0,0,2,1,6,2,53,8,1390,1,4,-1,2,-1
201542I101604,2,5,0,18,0,1,1,0,0,0,1,1,6,1,27,6,1000,1,7,-1,1,-1
201542I101702,1,9,0,18,0,1,0,0,0,0,1,1,6,1,-1,-1,2926,2,11,-1,-1,-1
201542I101702,2,9,0,4,0,1,0,0,0,0,2,1,6,1,34,6,1840,1,13,-1,1,-1
201542I102004,1,9,0,18,0,0,0,0,0,11,1,1,6,1,81,11,1598,1,7,-1,3,-1
201542I102204,1,3,0,17,0,0,1,0,1,0,0,1,6,1,16,4,-1,-1,-1,-1,1,-1
201542I102304,1,5,0,12,0,0,0,0,0,0,0,1,6,3,-1,-1,-1,-1,-1,-1,-1,-1
201542I102304,2,9,0,18,0,0,1,0,1,4,4,1,6,2,22,5,1397,1,8,-1,-1,-1
201542I102404,1,9,0,18,0,1,0,0,1,0,1,1,6,1,18,4,1390,1,4,-1,-1,-1
201542I102404,2,20,0,2,6,1,0,0,0,0,2,1,6,1,-1,-1,10000,2,17,-1,-1,-1
201542I102503,1,9,0,5,0,6,0,0,0,0,3,1,6,1,41,7,1598,1,14,-1,1,-1
201542I102503,2,9,0,18,0,1,0,0,0,0,1,1,6,1,27,6,1895,1,14,-1,1,-1
201542I102704,1,9,0,18,9,0,1,10,1,2,1,1,6,1,20,4,1995,2,2,-1,1,-1
201542I102804,1,9,0,7,0,2,2,10,0,0,3,1,6,1,49,8,-1,-1,-1,-1,1,-1
201542I102904,1,9,0,2,0,0,0,0,7,0,0,1,6,2,23,5,1596,1,9,-1,1,-1
201542I103004,1,9,0,18,0,0,0,0,0,0,1,1,6,1,-1,-1,-1,-1,-1,-1,-1,-1
201542I103004,2,9,0,18,0,0,0,0,0,0,1,1,6,1,65,9,1560,2,4,-1,3,-1
201542I103104,1,9,0,4,0,0,0,0,0,0,1,1,2,1,47,8,1242,1,2,-1,1,-1
201542I103104,2,9,0,4,0,0,0,0,0,0,2,1,1,2,31,6,-1,-1,-1,-1,1,-1
201542I103104,3,9,0,4,0,0,0,0,0,0,0,1,6,3,-1,-1,-1,-1,-1,-1,-1,-1
201542I103204,1,9,0,18,0,5,0,0,0,0,3,1,2,2,26,6,1248,1,3,-1,1,-1
201542I103204,2,9,0,18,0,1,0,0,0,0,1,1,6,1,66,10,998,1,10,-1,1,-1
201542I103304,1,9,0,4,0,1,0,0,0,0,1,1,6,2,92,11,1086,1,6,-1,-1,-1
201542I103304,2,9,0,4,0,1,0,0,0,0,2,1,6,2,48,8,1600,1,4,-1,3,-1
201542I103403,1,9,0,13,0,8,0,0,0,0,1,1,2,1,19,4,-1,-1,-1,-1,1,-1
201542I103403,2,9,0,9,0,8,0,0,0,0,3,1,2,1,37,7,-1,-1,-1,-1,1,-1
201542I103503,1,9,0,18,0,0,1,0,7,3,1,1,6,2,25,5,1242,1,6,-1,2,-1
201542I103603,1,97,0,18,0,1,0,0,0,0,0,1,6,3,-1,-1,-1,-1,-1,-1,-1,-1
201542I103603,2,1,0,9,0,1,0,0,0,0,0,1,6,1,33,6,-1,-1,-1,-1,1,-1
201542I103703,1,9,0,9,0,8,0,0,0,0,1,1,6,2,42,7,-1,-1,-1,-1,1,-1
201542I103703,2,8,0,18,0,8,0,0,0,0,1,1,1,2,34,6,1461,2,4,-1,1,-1
201542I103804,1,9,0,16,0,0,0,0,0,0,1,1,6,1,21,5,-1,-1,-1,-1,1,-1
201542I103804,2,9,0,17,0,0,0,0,0,0,1,1,6,1,63,9,2198,2,7,-1,1,-1
201542I103804,3,9,0,17,0,0,0,0,0,0,2,1,6,1,36,7,1598,2,4,-1,1,-1
201542I103904,1,9,0,18,0,1,0,0,0,0,1,1,1,2,51,8,1997,2,7,-1,1,-1
201542I103904,2,9,0,4,0,1,0,0,0,0,2,1,1,2,56,9,1596,1,4,-1,1,-1