Accident_Index,Vehicle_Reference,Vehicle_Type,Towing_and_Articulation,Vehicle_Manoeuvre,Vehicle_Location-Restricted_Lane,Junction_Location,Skidding_and_Overturning,Hit_Object_in_Carriageway,Vehicle_Leaving_Carriageway,Hit_Object_off_Carriageway,1st_Point_of_Impact,Was_Vehicle_Left_Hand_Drive?,Journey_Purpose_of_Driver,Sex_of_Driver,Age_of_Driver,Age_Band_of_Driver,Engine_Capacity_(CC),Propulsion_Code,Age_of_Vehicle,Driver_IMD_Decile,Driver_Home_Area_Type,Vehicle_IMD_Decile
201542I104004,1,9,0,18,0,0,0,0,0,0,4,1,6,2,33,6,1999,2,8,-1,3,-1
201542I104004,2,9,0,18,0,0,0,0,7,0,4,1,6,1,41,7,1299,1,15,-1,1,-1
201542I104104,1,9,0,9,0,8,1,0,1,2,1,1,6,1,29,6,1984,1,9,-1,1,-1
201542I104204,1,9,0,13,0,0,0,0,0,0,1,1,6,2,84,11,1299,1,12,-1,1,-1
201542I104204,2,9,0,6,0,0,0,0,0,0,2,1,6,2,-1,-1,1560,2,8,-1,-1,-1
201542I104304,1,19,0,18,0,0,0,0,0,0,1,1,1,1,41,7,2198,2,2,-1,-1,-1
201542I104304,2,9,0,4,0,0,0,0,0,0,2,1,6,2,33,6,1910,2,10,-1,1,-1
201542I104404,1,9,0,16,0,8,0,0,0,0,1,1,1,2,23,5,998,1,1,-1,1,-1
201542I104404,2,21,1,16,0,8,0,0,0,0,2,2,1,1,66,10,-1,-1,-1,-1,-1,-1
201542I104504,1,21,0,12,0,1,0,0,0,0,1,1,1,1,47,8,-1,-1,-1,-1,1,-1
201542I104504,2,9,0,18,0,1,0,0,0,0,2,1,6,1,64,9,1360,1,13,-1,1,-1
201542I104604,1,3,0,18,0,1,1,0,0,0,1,1,6,1,36,7,124,1,2,-1,1,-1
201542I104604,2,9,0,9,0,6,0,0,0,0,3,1,6,2,25,5,1242,1,1,-1,1,-1
201542I104604,3,9,0,2,0,1,0,0,0,0,0,1,6,1,38,7,1995,2,10,-1,1,-1
201542I104704,1,9,0,18,0,0,0,0,0,0,1,1,6,1,78,11,-1,-1,-1,-1,-1,-1
201542I104704,2,9,0,2,0,0,0,0,1,0,2,1,6,3,-1,-1,-1,-1,-1,-1,-1,-1
201542I104804,1,9,0,18,0,0,0,0,1,0,0,1,2,1,44,7,796,1,12,-1,1,-1
201542I104904,1,9,0,16,0,0,1,0,0,0,1,1,6,1,73,10,1599,1,12,-1,2,-1
201542I104904,2,9,0,17,0,0,0,0,0,0,1,1,6,1,33,6,1197,1,1,-1,2,-1
201542I105104,1,9,0,4,0,4,0,0,0,0,1,1,6,1,26,6,1968,2,8,-1,1,-1
201542I105104,2,9,0,4,0,1,0,0,0,0,2,1,6,2,68,10,1560,2,5,-1,1,-1
201542I105204,1,9,0,4,0,4,0,0,1,0,2,1,2,1,29,6,1598,1,14,-1,2,-1
201542I105204,2,9,0,4,0,4,0,0,0,0,1,1,2,1,31,6,1781,1,15,-1,1,-1
201542I105304,1,9,0,18,0,8,1,0,2,2,1,1,6,1,70,10,1999,1,14,-1,-1,-1
201542I105404,1,9,0,18,0,4,0,0,0,0,3,1,6,1,62,9,1896,2,10,-1,1,-1
201542I105404,2,1,0,18,0,8,0,0,0,0,4,1,6,1,19,4,-1,-1,-1,-1,1,-1
201542I105504,1,9,0,9,0,0,0,0,0,0,3,1,6,1,63,9,2435,1,9,-1,1,-1
201542I105504,2,4,0,18,0,0,1,0,0,0,1,1,6,1,31,6,-1,-1,-1,-1,1,-1
201542I105604,1,9,0,18,0,0,0,0,7,0,4,1,1,2,35,6,1798,1,8,-1,1,-1
201542I105604,2,9,0,6,0,0,0,0,0,0,3,1,6,2,35,6,-1,-1,-1,-1,1,-1
201542I105704,1,5,0,18,0,1,0,0,0,0,1,1,6,1,57,9,599,1,18,-1,1,-1
201542I105704,2,5,0,4,0,1,0,0,0,0,2,1,6,1,30,6,749,1,6,-1,2,-1
201542I105904,1,19,0,18,0,4,0,0,0,0,3,1,1,1,40,7,2143,2,1,-1,1,-1
201542I105904,2,5,0,7,0,4,0,0,0,0,4,1,6,1,34,6,899,1,13,-1,1,-1
201542I106004,1,9,0,18,0,1,0,0,0,0,4,1,6,2,55,8,1598,1,1,-1,1,-1
201542I106104,1,9,0,9,0,6,0,0,0,0,3,1,6,2,40,7,1612,1,4,-1,1,-1
201542I106104,2,9,0,18,0,8,0,0,0,0,1,1,1,2,25,5,1587,1,9,-1,1,-1
201542I106204,1,9,0,18,0,0,0,0,0,0,1,1,6,1,-1,-1,1598,1,8,-1,1,-1
201542I106204,2,9,0,18,0,0,0,0,0,0,2,1,6,1,61,9,1386,1,4,-1,2,-1
201542I106204,3,9,0,5,8,0,0,0,0,0,1,1,6,1,-1,-1,1587,1,13,-1,-1,-1
201542I106304,1,9,0,18,0,8,0,0,0,0,1,1,6,1,-1,-1,-1,-1,-1,-1,-1,-1
201542I106304,2,1,0,18,0,8,0,0,0,0,2,1,6,1,46,8,-1,-1,-1,-1,3,-1
201542I106404,1,9,0,1,9,0,0,0,0,0,2,1,6,2,-1,-1,995,1,6,-1,-1,-1
201542I106504,1,9,0,18,0,8,0,0,0,0,1,1,6,1,-1,-1,1997,2,13,-1,-1,-1
201542I106504,2,1,0,18,0,8,0,0,0,0,2,1,6,1,41,7,-1,-1,-1,-1,1,-1
201542I106604,1,9,0,5,0,2,0,0,0,0,1,1,6,2,-1,-1,998,1,1,-1,1,-1
201542I106604,2,1,0,18,0,1,0,0,0,0,3,1,6,1,28,6,-1,-1,-1,-1,1,-1
201542I106701,1,9,0,9,0,8,0,0,0,0,4,1,1,2,42,7,1686,2,14,-1,3,-1
201542I106701,2,9,0,18,0,1,0,0,0,0,1,1,1,1,29,6,-1,-1,-1,-1,3,-1
201542I106804,1,9,0,15,0,1,0,0,0,0,1,1,6,2,-1,-1,-1,-1,-1,-1,-1,-1
201542I106804,2,9,0,10,0,1,0,0,0,0,2,1,6,1,24,5,1498,1,1,-1,1,-1
201542I107204,1,9,0,14,0,0,0,0,0,0,3,1,6,1,-1,-1,2497,1,9,-1,-1,-1
201542I107204,2,9,0,2,0,0,0,0,0,0,0,1,6,2,26,6,1461,2,8,-1,1,-1
201542I107304,1,9,0,18,0,1,0,0,0,0,1,1,6,1,-1,-1,-1,-1,-1,-1,-1,-1
201542I107304,2,9,0,8,0,1,0,0,0,0,2,1,6,2,44,7,1595,1,2,-1,3,-1
201542I107403,1,9,0,4,0,1,0,0,0,0,1,1,6,1,32,6,-1,-1,-1,-1,2,-1
201542I107403,2,9,0,3,0,1,0,0,0,0,2,1,6,1,41,7,2993,2,10,-1,1,-1
201542I107503,1,9,0,18,0,1,0,0,0,0,1,1,6,3,-1,-1,-1,-1,-1,-1,-1,-1
201542I107503,2,9,0,18,0,1,0,0,0,0,2,1,6,1,53,8,998,1,14,-1,1,-1
201542I107702,1,9,0,17,0,0,1,0,0,0,1,1,2,2,20,4,1242,1,5,-1,3,-1
201542I107702,2,9,0,16,0,0,1,0,0,9,1,1,2,1,46,8,1910,2,10,-1,1,-1
201542I107803,1,19,0,4,0,0,0,0,0,0,1,1,1,1,31,6,2198,2,2,-1,3,-1
201542I107803,2,9,0,3,0,0,0,0,0,0,2,1,1,1,25,5,1242,1,2,-1,2,-1
201542I107803,3,9,0,3,0,0,0,0,0,0,2,1,1,1,35,6,1956,2,6,-1,2,-1
201542I107903,1,9,0,12,0,1,0,0,0,0,1,1,1,1,63,9,-1,-1,-1,-1,1,-1
201542I107903,2,9,0,4,0,1,0,0,0,0,2,1,6,2,34,6,2179,2,2,-1,2,-1
201542I108004,1,9,0,18,0,1,0,0,0,0,1,1,6,1,23,5,1968,2,10,-1,2,-1
201542I108004,2,9,0,2,0,1,0,0,0,0,2,1,6,3,-1,-1,2993,2,8,-1,-1,-1
201542I108004,3,9,0,2,0,1,0,0,0,0,2,1,6,3,-1,-1,1997,2,10,-1,-1,-1
201542I108004,4,9,0,2,0,1,0,0,0,0,2,1,6,3,-1,-1,1968,2,1,-1,-1,-1
201542I108104,1,9,0,18,0,1,0,0,0,0,1,1,1,1,56,9,2148,2,13,-1,-1,-1
201542I108104,2,1,0,4,0,1,0,0,0,0,2,1,6,1,19,4,-1,-1,-1,-1,2,-1
201542I108204,1,21,0,4,0,0,0,0,0,0,1,1,1,1,30,6,10677,2,1,-1,-1,-1
201542I108204,2,19,0,4,0,0,0,0,0,0,2,1,1,1,18,4,-1,-1,-1,-1,1,-1
201542I108304,1,3,0,18,0,1,0,0,0,0,1,1,6,1,18,4,124,1,1,-1,-1,-1
201542I108304,2,19,0,4,0,1,0,0,0,0,2,1,6,3,-1,-1,1896,2,8,-1,-1,-1
201542I108404,1,9,0,5,0,4,0,0,0,0,3,1,1,2,60,9,1999,1,6,-1,1,-1
201542I108404,2,1,0,18,0,6,0,0,0,0,1,1,3,1,15,3,-1,-1,-1,-1,-1,-1
201542I108504,1,9,0,18,0,0,0,0,0,0,1,1,6,2,22,5,998,1,8,-1,3,-1
201542I108504,2,9,0,18,0,0,0,0,1,0,3,1,6,2,43,7,998,1,9,-1,2,-1
201542I108603,1,9,0,18,0,4,0,0,0,0,1,1,6,1,42,7,1997,2,5,-1,1,-1
201542I108603,2,9,0,9,0,4,0,0,0,0,4,1,2,1,41,7,1461,2,4,-1,-1,-1
201542I108703,1,9,0,9,0,5,0,0,0,0,4,1,2,2,61,9,1398,2,3,-1,1,-1
201542I108703,2,5,0,18,0,8,0,0,0,0,1,1,6,1,40,7,-1,-1,-1,-1,2,-1
201542I108804,1,9,0,18,0,0,0,0,0,0,1,1,6,2,82,11,-1,-1,-1,-1,1,-1
201542I108804,2,8,0,18,0,0,0,0,0,0,2,1,6,1,57,9,2499,2,1,-1,1,-1
201542I108804,3,9,0,11,0,0,0,0,0,0,4,1,6,1,48,8,1349,1,8,-1,1,-1
201542I108804,4,9,0,18,0,0,0,0,0,0,1,1,6,1,39,7,1800,1,13,-1,1,-1
201542I108904,1,4,0,9,0,6,0,0,0,0,4,1,6,1,22,5,125,1,3,-1,1,-1
201542I108904,2,19,0,2,6,1,0,4,0,0,3,1,6,1,-1,-1,-1,-1,-1,-1,-1,-1
201542I109003,1,9,0,18,0,1,0,0,0,0,1,1,6,1,-1,-1,2793,1,15,-1,-1,-1
201542I109003,2,9,0,9,0,8,0,0,0,0,4,1,6,1,68,10,1598,1,16,-1,1,-1
201542I109003,3,9,0,2,0,1,0,0,0,0,4,1,6,3,-1,-1,1799,1,8,-1,-1,-1
201542I109104,1,9,0,18,0,8,0,0,0,0,1,1,6,2,21,5,1242,1,1,-1,1,-1
201542I109104,2,9,0,18,0,8,0,0,7,11,1,1,6,1,44,7,1229,1,2,-1,1,-1
201542I109204,1,3,0,18,0,0,0,0,0,0,1,1,6,1,35,6,124,1,2,-1,1,-1
201542I109304,1,9,0,18,0,1,0,0,0,0,1,1,2,2,26,6,1975,1,8,-1,1,-1
201542I109304,2,9,0,3,0,1,0,0,0,0,2,1,6,2,59,9,1086,1,9,-1,1,-1
201542I109304,3,9,0,10,0,1,0,0,0,0,2,1,6,2,-1,-1,-1,-1,-1,-1,-1,-1
201542I109404,1,21,0,18,0,0,0,0,0,0,4,1,6,1,36,7,-1,-1,-1,-1,1,-1
201542I109504,1,9,0,16,0,0,0,0,7,0,3,1,1,1,42,7,1686,2,10,-1,1,-1
201542I109504,2,21,1,17,0,0,0,0,0,0,3,1,1,1,27,6,12900,2,7,-1,3,-1
201542I109604,1,9,0,18,0,1,5,0,0,0,1,1,6,1,26,6,1999,1,13,-1,1,-1
201542I109604,2,21,0,18,0,1,0,0,0,0,0,1,6,3,-1,-1,-1,-1,-1,-1,-1,-1
201542I109604,3,9,0,2,0,1,0,0,0,0,1,1,6,3,-1,-1,1598,1,9,-1,-1,-1
201542I109604,4,9,0,2,0,1,0,0,0,0,1,1,6,3,-1,-1,998,1,2,-1,-1,-1
201542I109704,1,1,0,18,0,6,0,11,0,0,3,1,6,1,30,6,-1,-1,-1,-1,1,-1
201542I109704,2,9,0,16,0,1,0,0,0,0,3,1,6,2,22,5,1086,1,8,-1,1,-1
201542I109804,1,9,0,18,0,0,0,0,0,0,1,1,6,2,39,7,1796,1,-1,-1,-1,-1
201542I109804,2,9,0,4,0,0,0,0,1,0,2,1,6,1,46,8,2099,2,8,-1,1,-1
201542I109904,1,9,0,18,0,4,0,0,0,0,1,1,6,1,22,5,1248,2,9,-1,1,-1
201542I109904,2,1,0,18,0,8,0,0,0,0,4,1,6,1,53,8,-1,-1,-1,-1,1,-1
201542I110004,1,9,0,17,0,0,0,0,7,9,1,1,1,1,20,4,-1,-1,-1,-1,1,-1
201542I110104,1,19,0,18,0,0,0,0,0,0,1,1,1,1,19,4,2402,2,13,-1,1,-1
201542I110104,2,9,0,18,0,0,0,0,0,0,2,1,6,1,49,8,-1,-1,-1,-1,1,-1
201542I110204,1,5,0,18,0,0,0,0,0,0,4,1,6,1,39,7,498,1,18,-1,1,-1
201542I110204,2,9,0,3,0,0,0,0,0,0,3,1,6,1,57,9,1796,1,10,-1,1,-1
201542I110304,1,9,0,18,0,1,0,0,0,0,1,1,6,1,21,5,1995,2,9,-1,1,-1
201542I110304,2,9,0,1,0,1,0,0,0,0,2,1,6,2,54,8,1242,1,18,-1,1,-1
201542I110404,1,5,0,15,0,8,0,0,0,0,3,1,6,1,23,5,-1,-1,-1,-1,1,-1
201542I110404,2,9,0,7,0,5,0,0,0,0,4,1,1,1,37,7,2720,2,8,-1,3,-1
201542I110504,1,9,0,18,0,1,0,0,0,0,1,1,6,2,67,10,1896,2,12,-1,2,-1
201542I110504,2,9,0,10,0,1,0,0,0,0,2,1,6,2,45,7,1988,1,14,-1,1,-1
201542I110604,1,9,0,17,0,0,1,0,0,0,1,1,2,2,24,5,1149,1,13,-1,1,-1
201542I110604,2,9,0,18,0,0,0,0,0,0,1,1,2,1,56,9,1997,2,1,-1,2,-1
201542I110704,1,1,0,18,9,1,0,0,0,0,3,1,6,1,14,3,-1,-1,-1,-1,1,-1
201542I110704,2,9,0,18,0,2,0,0,0,0,4,1,2,1,52,8,998,1,1,-1,-1,-1
201542I110804,1,9,0,9,0,8,0,0,0,0,1,1,6,1,27,6,2494,1,13,-1,1,-1
201542I110804,2,9,0,18,0,8,0,0,0,0,1,1,6,1,24,5,1984,1,7,-1,1,-1
201542I110904,1,19,0,5,0,6,1,0,0,0,4,1,1,1,25,5,1560,2,3,-1,1,-1
201542I110904,2,9,0,18,0,8,0,0,0,0,1,1,6,2,59,9,1299,1,13,-1,1,-1
201542I111004,1,9,0,18,0,0,0,0,0,0,1,1,6,2,24,5,2497,2,10,-1,2,-1
201542I111004,2,5,0,3,0,0,0,0,0,0,2,1,6,1,58,9,-1,-1,-1,-1,1,-1
201542I111004,3,5,0,3,0,0,0,0,0,0,2,1,6,1,60,9,-1,-1,-1,-1,1,-1
201542I111104,1,9,0,18,0,1,1,0,0,0,1,1,6,1,26,6,1598,1,15,-1,2,-1
201542I111104,2,9,0,10,0,1,0,0,0,0,3,1,6,1,42,7,1796,1,3,-1,2,-1
201542I111104,3,9,0,2,0,1,0,0,0,0,4,1,6,3,-1,-1,-1,-1,-1,-1,-1,-1
201542I111204,1,9,0,16,0,8,1,0,0,0,1,1,6,1,28,6,2148,2,12,-1,1,-1
201542I111204,2,9,0,17,0,8,1,0,0,0,1,1,6,2,23,5,1242,1,13,-1,1,-1
201542I111204,3,9,0,17,0,8,0,0,0,0,3,1,6,1,45,7,1998,1,17,-1,1,-1
201542I111304,1,9,0,18,0,0,0,0,5,6,1,1,6,1,28,6,1998,2,13,-1,1,-1
201542I111304,2,21,0,18,0,0,0,0,0,0,1,1,1,1,56,9,15607,2,6,-1,1,-1
201542I111304,3,21,0,18,0,0,0,0,0,0,0,1,1,1,48,8,12900,2,5,-1,3,-1
201542I111304,4,9,0,18,0,0,0,0,0,0,1,1,6,1,47,8,1587,1,12,-1,2,-1
201542I111404,1,9,0,5,0,1,0,0,0,0,4,1,6,1,-1,-1,-1,-1,-1,-1,-1,-1
201542I111504,1,9,0,9,0,5,0,0,0,0,3,1,6,1,39,7,1995,2,8,-1,1,-1
201542I111504,2,4,0,13,0,1,1,0,0,0,4,1,6,1,62,9,125,1,50,-1,2,-1
201542I111604,1,9,0,18,0,1,0,0,0,0,1,1,6,2,40,7,1396,1,14,-1,1,-1
201542I111604,2,9,0,18,0,1,0,0,0,0,1,1,6,1,69,10,1686,2,9,-1,3,-1
201542I111704,1,9,0,18,0,1,0,0,0,11,1,1,6,1,30,6,1781,1,12,-1,1,-1
201542I111704,2,9,0,18,0,1,0,0,0,0,2,1,6,2,30,6,1364,1,1,-1,1,-1
201542I111804,1,9,0,17,0,2,0,0,0,0,1,2,6,1,23,5,-1,-1,-1,-1,3,-1
201542I111804,2,9,0,16,0,2,0,0,0,0,1,1,6,2,26,6,1896,2,7,-1,3,-1
201542I111904,1,1,0,18,0,6,1,0,0,0,1,1,6,1,18,4,-1,-1,-1,-1,1,-1
201542I111904,2,9,0,18,0,8,0,0,0,0,3,1,2,1,73,10,1582,2,1,-1,1,-1
201542I112004,1,9,0,18,0,0,5,0,0,0,4,1,6,2,32,6,1598,1,13,-1,1,-1
201542I112104,1,8,0,18,0,1,0,0,0,0,1,1,1,1,56,9,1995,2,8,-1,1,-1
201542I112104,2,8,0,4,0,1,0,0,0,0,2,1,1,1,52,8,2143,2,1,-1,-1,-1
201542I112104,3,9,0,4,0,1,0,0,0,0,2,1,1,2,52,8,1461,2,1,-1,1,-1
201542I112204,1,9,0,18,0,4,0,0,0,0,3,1,6,2,50,8,-1,-1,-1,-1,1,-1
201542I112204,2,9,0,9,0,3,0,0,0,0,1,1,6,2,28,6,-1,-1,-1,-1,-1,-1
201542I112304,1,9,0,18,0,1,0,0,0,0,0,1,6,3,-1,-1,-1,-1,-1,-1,-1,-1
201542I112304,2,9,0,9,9,1,1,0,3,11,1,1,6,2,33,6,1560,2,-1,-1,1,-1
201542I112404,1,9,0,4,0,8,0,0,0,0,1,1,6,2,47,8,1149,1,10,-1,1,-1
201542I112404,2,9,0,4,0,8,0,0,0,0,2,1,1,1,47,8,999,1,-1,-1,1,-1
201542I112504,1,1,0,18,0,0,0,0,0,0,1,1,6,1,39,7,-1,-1,-1,-1,1,-1
201542I112504,2,9,0,3,0,0,0,0,0,0,2,1,6,1,65,9,1896,2,12,-1,1,-1
201542I112604,1,9,0,4,0,1,0,0,0,0,1,1,6,1,25,5,998,1,1,-1,-1,-1
201542I112604,2,8,0,10,0,1,0,0,0,0,2,1,1,1,48,8,-1,-1,-1,-1,-1,-1
201542I112704,1,19,0,18,0,8,0,0,0,0,3,1,6,1,26,6,1461,2,2,-1,3,-1
201542I112704,2,9,0,9,0,8,0,0,0,0,3,1,6,1,26,6,1388,1,12,-1,1,-1
201542I112804,1,9,0,3,0,3,0,0,0,0,1,1,6,1,-1,-1,1989,1,15,-1,-1,-1
201542I112804,2,9,0,3,0,3,0,0,0,0,2,1,6,1,21,5,-1,-1,-1,-1,1,-1
201542I112904,1,9,0,18,0,0,2,0,1,4,4,1,6,1,18,4,1248,2,3,-1,1,-1
201542I113004,1,1,0,18,0,1,1,0,1,9,0,1,6,1,67,10,-1,-1,-1,-1,1,-1
201542I113104,1,9,0,9,0,6,0,0,0,0,1,1,2,2,43,7,1910,2,7,-1,1,-1
201542I113104,2,3,0,13,0,8,0,0,0,0,1,1,2,1,19,4,124,1,-1,-1,1,-1
201542I113204,1,9,0,12,0,8,0,0,0,0,3,1,6,1,45,7,2993,2,5,-1,3,-1
201542I113204,2,9,0,11,0,8,0,0,0,0,4,1,6,2,29,6,1968,2,1,-1,1,-1
201542I113304,1,9,0,13,0,0,0,0,0,7,1,1,6,2,23,5,1700,2,11,-1,3,-1
201542I113304,2,19,0,9,0,0,0,0,0,0,3,1,1,1,22,5,1753,2,6,-1,3,-1
201542I113304,3,17,0,10,0,0,0,0,0,0,0,1,1,1,36,7,4000,2,1,-1,3,-1
201542I113404,1,1,0,18,0,1,0,0,0,0,0,1,6,1,53,8,-1,-1,-1,-1,1,-1
201542I113404,2,8,0,9,0,1,0,11,0,0,1,1,1,1,61,9,-1,-1,-1,-1,1,-1
201542I113504,1,9,0,18,0,1,0,0,0,0,3,1,6,1,41,7,1686,2,2,-1,-1,-1
201542I113604,1,3,0,18,0,7,1,0,0,0,3,1,6,1,16,4,-1,-1,-1,-1,1,-1
201542I113604,2,3,0,18,0,7,1,0,0,0,4,1,6,1,17,4,124,1,7,-1,-1,-1
201542I113704,1,4,0,18,0,0,0,0,0,0,1,1,6,1,22,5,330,1,1,-1,1,-1
201542I113704,2,21,1,2,6,0,0,0,0,0,3,2,1,1,53,8,-1,-1,-1,-1,-1,-1
201542I113704,3,9,0,3,0,0,0,0,0,0,2,1,6,1,55,8,1388,1,13,-1,1,-1
201542I113704,4,9,0,3,0,0,0,0,0,0,4,1,2,1,29,6,-1,-1,-1,-1,1,-1
201542I113804,1,9,0,18,0,0,0,12,0,0,3,1,6,1,23,5,1398,1,3,-1,1,-1
201542I113904,1,5,0,18,0,0,1,0,0,0,4,1,6,1,30,6,749,1,2,-1,1,-1
201542I114004,1,9,0,18,0,4,0,0,0,0,1,1,6,2,32,6,1796,1,17,-1,1,-1
201542I114004,2,5,0,18,0,4,0,0,0,0,2,1,1,1,40,7,599,1,2,-1,1,-1
201542I114104,1,9,0,15,0,0,0,0,0,0,3,1,1,2,46,8,1998,1,9,-1,2,-1
201542I114204,1,9,0,8,0,4,0,0,0,0,1,1,1,1,29,6,1998,2,10,-1,1,-1
201542I114204,2,9,0,8,0,4,0,0,0,0,2,1,1,1,54,8,-1,-1,-1,-1,1,-1
201542I114304,1,3,0,18,5,0,1,0,0,0,3,1,6,2,-1,-1,-1,-1,-1,-1,1,-1
201542I114304,2,9,0,2,0,0,0,0,0,0,3,1,6,3,-1,-1,1149,1,10,-1,-1,-1
201542I114404,1,20,0,18,0,0,0,0,0,0,1,1,2,1,20,4,-1,-1,-1,-1,1,-1
201542I114404,2,9,0,18,0,0,0,0,0,0,1,1,2,1,36,7,-1,-1,-1,-1,1,-1
201542I114404,3,9,0,18,0,0,0,0,0,0,2,1,2,1,23,5,1968,2,8,-1,1,-1
201542I114404,4,9,0,18,0,0,0,0,0,0,2,1,2,2,25,5,1388,1,10,-1,1,-1
201542I114404,5,9,0,18,0,0,0,0,0,0,2,1,2,1,44,7,1596,1,10,-1,1,-1
201542I114504,1,9,0,5,0,4,0,0,0,0,3,1,2,1,53,8,1242,1,7,-1,2,-1
201542I114504,2,5,0,18,0,8,0,0,0,0,1,1,2,1,46,8,919,1,12,-1,1,-1
201542I114704,1,9,0,18,0,0,0,0,7,2,1,1,6,2,50,8,1242,1,-1,-1,1,-1
201542I114804,1,9,0,18,0,1,0,0,0,0,1,1,6,1,27,6,1598,1,11,-1,1,-1
201542I114804,2,9,0,18,0,1,0,0,0,0,2,1,6,3,53,8,-1,-1,-1,-1,1,-1
201542I114904,1,9,0,18,0,0,0,0,4,4,3,1,6,1,27,6,-1,-1,-1,-1,1,-1
201542I115004,1,9,0,18,0,0,0,4,0,0,1,1,6,1,78,11,1332,1,5,-1,1,-1
201542I115004,2,9,0,2,0,0,0,0,0,0,2,1,6,3,-1,-1,3227,2,14,-1,-1,-1
201542I115104,1,9,0,18,0,1,0,0,0,0,1,1,6,1,41,7,4394,1,9,-1,-1,-1
201542I115104,2,9,0,4,0,1,0,0,0,0,2,1,6,1,43,7,-1,-1,-1,-1,1,-1
201542I115104,3,9,0,4,0,1,0,0,0,0,2,1,6,2,46,8,1399,2,4,-1,1,-1
201542I115204,1,9,0,5,0,6,0,0,0,0,1,1,6,1,44,7,2496,1,13,-1,1,-1
201542I115204,2,9,0,18,0,8,1,0,0,0,1,1,6,1,30,6,1587,1,10,-1,-1,-1
201542I115304,1,9,0,18,0,1,0,0,0,0,1,1,2,2,23,5,1598,1,9,-1,1,-1
201542I115404,1,9,0,12,0,0,0,0,0,0,3,1,1,2,30,6,1598,2,1,-1,1,-1
201542I115404,2,3,0,18,0,0,0,0,0,0,4,1,6,1,18,4,-1,-1,-1,-1,-1,-1
201542I115504,1,9,0,5,0,1,0,0,0,0,0,1,6,1,43,7,1796,1,14,-1,-1,-1
201542I115504,2,2,0,18,0,1,1,0,1,0,2,1,2,1,43,7,125,1,16,-1,-1,-1
201542I115604,1,9,0,13,0,0,0,0,0,0,3,1,6,1,67,10,-1,-1,-1,-1,3,-1
201542I115604,2,1,0,18,0,0,0,0,0,0,3,1,6,1,15,3,-1,-1,-1,-1,1,-1
201542I115703,1,20,0,4,0,0,0,0,0,0,2,1,6,1,-1,-1,-1,-1,-1,-1,-1,-1
201542I115703,2,11,0,4,0,0,0,0,0,0,1,1,1,1,26,6,-1,2,16,-1,1,-1
201542I115904,1,9,0,18,0,0,0,0,0,0,1,1,6,1,-1,-1,-1,-1,-1,-1,-1,-1
201542I116004,1,9,0,5,8,0,0,0,0,0,0,1,2,2,41,7,1242,1,9,-1,3,-1
201542I116004,2,19,0,18,0,0,1,0,0,4,1,1,6,1,20,4,2198,2,8,-1,2,-1
201542I116104,1,5,0,18,0,0,0,0,0,0,1,1,6,1,40,7,599,1,7,-1,1,-1
201542I116104,2,9,0,4,0,0,0,0,0,0,2,1,1,1,21,5,-1,-1,-1,-1,-1,-1
201542I116204,1,9,0,17,0,0,5,0,1,11,1,1,6,2,90,11,-1,-1,-1,-1,3,-1
201542I116404,1,9,0,9,0,3,0,0,0,0,1,1,6,1,49,8,1242,1,14,-1,1,-1
201542I116404,2,1,0,9,0,4,0,0,0,0,3,1,6,1,39,7,-1,-1,-1,-1,-1,-1
201542I116504,1,9,0,9,0,4,0,0,0,0,1,1,6,2,34,6,1794,1,8,-1,2,-1
201542I116504,2,1,0,18,0,8,1,0,0,0,4,1,6,1,53,8,-1,-1,-1,-1,1,-1
201542I116704,1,9,0,5,0,2,0,0,0,0,1,1,6,1,44,7,1149,1,6,-1,1,-1
201542I116704,2,19,0,18,0,1,2,0,0,0,4,1,6,1,70,10,2402,2,8,-1,3,-1
201542I116804,1,9,0,1,0,1,0,0,0,0,0,1,6,2,65,9,1590,1,12,-1,3,-1
201542I116904,1,9,0,1,3,1,0,0,0,0,2,1,6,1,-1,-1,1242,1,1,-1,1,-1
201542I116904,2,9,0,2,0,1,0,0,0,0,2,1,6,1,43,7,2380,1,15,-1,1,-1
201542I117104,1,22,0,1,0,0,0,0,0,0,2,1,6,1,-1,-1,-1,-1,-1,-1,-1,-1
201542I117204,1,9,0,18,0,1,0,0,0,0,1,1,6,1,-1,-1,-1,-1,-1,-1,-1,-1
201542I117204,2,9,0,3,0,1,0,0,0,0,2,1,6,1,33,6,2993,2,11,-1,1,-1
201542I117204,3,9,0,3,0,1,0,0,0,0,2,1,2,1,51,8,1242,1,11,-1,-1,-1
201542I117204,4,9,0,10,0,1,0,0,0,0,2,1,3,1,58,9,2231,2,8,-1,-1,-1
201542I117304,1,9,0,7,0,5,1,0,0,0,1,1,6,1,17,4,1242,1,4,-1,-1,-1
201542I117304,2,9,0,7,0,6,0,0,0,0,1,1,6,2,37,7,-1,-1,-1,-1,1,-1
201542I117404,1,19,0,17,0,0,0,0,7,4,1,1,6,1,40,7,1870,2,14,-1,3,-1
201542I117404,2,9,0,18,0,0,0,0,0,0,3,1,6,1,40,7,1984,1,15,-1,3,-1
201542I117504,1,19,0,1,0,1,0,0,0,0,2,1,1,1,27,6,2143,2,4,-1,3,-1