Accident_Index,Vehicle_Reference,Vehicle_Type,Towing_and_Articulation,Vehicle_Manoeuvre,Vehicle_Location-Restricted_Lane,Junction_Location,Skidding_and_Overturning,Hit_Object_in_Carriageway,Vehicle_Leaving_Carriageway,Hit_Object_off_Carriageway,1st_Point_of_Impact,Was_Vehicle_Left_Hand_Drive?,Journey_Purpose_of_Driver,Sex_of_Driver,Age_of_Driver,Age_Band_of_Driver,Engine_Capacity_(CC),Propulsion_Code,Age_of_Vehicle,Driver_IMD_Decile,Driver_Home_Area_Type,Vehicle_IMD_Decile
201542I117604,1,9,0,9,0,1,0,4,0,0,1,1,6,2,19,4,1598,1,12,-1,1,-1
201542I117604,2,9,0,2,0,1,0,0,0,0,3,1,6,2,19,4,1299,1,10,-1,-1,-1
201542I117704,1,4,0,18,0,3,1,0,0,0,1,1,6,1,21,5,398,1,26,-1,1,-1
201542I117804,1,9,0,5,0,1,0,0,0,11,1,1,6,1,71,10,1797,8,2,-1,1,-1
201542I117804,2,9,0,18,0,8,1,0,0,0,4,1,6,1,21,5,1388,1,3,-1,-1,-1
201542I117904,1,9,0,18,0,1,1,0,0,0,1,1,2,1,32,6,-1,-1,-1,-1,1,-1
201542I118004,1,9,0,9,0,8,0,0,0,0,1,1,6,1,42,7,2179,2,6,-1,-1,-1
201542I118004,2,3,0,18,0,8,1,0,0,0,1,1,6,1,37,7,125,1,13,-1,1,-1
201542I118104,1,3,0,18,0,1,0,0,0,0,1,1,6,1,26,6,124,1,2,-1,1,-1
201542I118104,2,9,0,9,0,6,0,0,0,0,1,1,6,1,49,8,1390,1,5,-1,1,-1
201542I118204,1,9,0,18,0,1,0,0,0,0,1,1,6,3,-1,-1,-1,-1,-1,-1,-1,-1
201542I118204,2,9,0,18,0,1,0,0,0,1,2,1,6,1,60,9,1560,2,2,-1,1,-1
201542I118204,3,9,0,10,0,1,0,0,0,0,1,1,6,2,26,6,2143,2,5,-1,1,-1
201542I118204,4,9,0,10,0,1,0,0,0,0,3,1,6,2,55,8,1197,1,-1,-1,1,-1
201542I118304,1,9,0,9,0,0,0,0,0,0,3,1,6,1,53,8,1560,2,11,-1,2,-1
201542I118304,2,19,0,18,0,0,1,0,0,0,1,1,6,1,37,7,1896,2,14,-1,2,-1
201542I118504,1,9,0,3,0,1,0,0,0,0,2,1,6,3,-1,-1,-1,-1,-1,-1,-1,-1
201542I118604,1,9,0,11,0,3,0,0,0,0,1,1,6,3,-1,-1,-1,-1,-1,-1,-1,-1
201542I118604,2,11,0,4,3,3,0,0,0,0,2,1,1,1,51,8,4461,2,2,-1,2,-1
201542I118703,1,9,0,18,0,1,0,0,0,0,1,1,6,3,-1,-1,-1,-1,-1,-1,-1,-1
201542I118804,1,9,0,4,0,1,0,0,0,0,1,1,6,2,-1,-1,1587,1,11,-1,-1,-1
201542I118804,2,3,0,4,0,1,0,0,0,0,2,1,6,1,37,7,125,1,3,-1,1,-1
201542I118904,1,9,0,18,0,1,0,0,0,0,1,1,6,3,-1,-1,-1,-1,-1,-1,-1,-1
201542I118904,2,9,0,3,0,1,0,0,0,0,2,1,6,2,33,6,1598,1,14,-1,1,-1
201542I119003,1,9,0,17,0,0,0,0,0,0,0,1,6,2,35,6,-1,-1,-1,-1,1,-1
201542I119104,1,9,0,2,0,0,0,0,0,0,0,1,6,1,36,7,1598,1,11,-1,1,-1
201542I119104,2,1,0,18,0,0,0,0,0,0,4,1,6,1,27,6,-1,-1,-1,-1,1,-1
201542I119104,3,1,0,18,0,0,0,0,0,0,4,1,6,1,28,6,-1,-1,-1,-1,1,-1
201542I119204,1,9,0,17,0,0,1,10,0,0,1,1,2,2,18,4,998,1,12,-1,1,-1
201542I119204,2,9,0,18,0,0,0,0,0,0,1,1,6,1,70,10,1596,1,1,-1,1,-1
201542I119304,1,1,0,18,0,1,0,0,0,0,1,1,6,1,21,5,-1,-1,-1,-1,1,-1
201542I119304,2,9,0,18,0,1,0,0,0,0,4,1,1,1,33,6,2993,2,3,-1,-1,-1
201542I119404,1,20,0,11,0,0,0,0,0,0,2,1,1,1,55,8,-1,-1,-1,-1,-1,-1
201542I119404,2,9,0,18,0,0,0,0,0,0,1,1,6,1,39,7,2993,2,9,-1,1,-1
201542I119504,1,9,0,18,0,0,0,0,1,4,1,1,6,2,74,10,1896,2,10,-1,3,-1
201542I119604,1,9,0,18,0,1,0,0,0,0,1,1,6,2,-1,-1,1784,1,6,-1,1,-1
201542I119604,2,9,0,18,0,1,0,0,0,0,2,1,6,2,18,4,1149,1,10,-1,-1,-1
201542I119704,1,9,0,18,0,0,0,0,0,3,1,1,6,2,48,8,1390,1,7,-1,2,-1
201542I119804,1,9,0,18,0,0,0,0,0,0,1,1,6,1,28,6,1149,1,8,-1,-1,-1
201542I119804,2,9,0,18,0,0,0,0,0,0,1,1,6,1,45,7,1497,8,8,-1,2,-1
201542I119904,1,20,0,18,0,1,5,0,0,10,1,1,1,1,37,7,-1,-1,-1,-1,-1,-1
201542I119904,2,9,0,10,0,1,0,0,0,0,2,1,6,1,61,9,1360,1,12,-1,3,-1
201542I120004,1,19,0,18,0,1,0,0,0,0,1,1,4,1,34,6,2402,2,8,-1,3,-1
201542I120004,2,9,0,7,0,1,0,0,0,0,2,1,4,2,37,7,-1,-1,-1,-1,2,-1
201542I120104,1,9,0,18,0,0,0,0,0,0,1,1,3,2,44,7,1596,1,14,-1,-1,-1
201542I120204,1,9,0,9,0,8,0,0,0,0,3,1,6,3,-1,-1,-1,-1,-1,-1,-1,-1
201542I120204,2,3,0,18,0,8,0,0,0,0,1,1,6,1,22,5,124,1,4,-1,1,-1
201542I120304,1,5,0,13,0,0,0,0,0,0,1,1,6,1,48,8,599,1,16,-1,1,-1
201542I120304,2,9,0,9,0,0,0,0,0,0,3,1,6,1,52,8,-1,-1,-1,-1,1,-1
201542I120304,3,9,0,2,0,0,0,0,0,0,2,1,6,2,-1,-1,1242,1,2,-1,-1,-1
201542I120404,1,9,0,18,0,0,0,0,0,0,1,1,6,2,66,10,1240,1,10,-1,1,-1
201542I120504,1,9,0,9,0,8,0,0,0,0,1,1,2,1,49,8,1988,1,12,-1,1,-1
201542I120504,2,9,0,18,0,8,0,0,0,0,3,1,6,1,48,8,1581,1,15,-1,1,-1
201542I120504,3,20,0,18,0,1,0,0,0,0,3,1,1,1,41,7,2143,2,1,-1,1,-1
201542I120604,1,9,0,9,0,6,0,0,0,0,1,1,2,1,54,8,1997,2,14,-1,1,-1
201542I120604,2,9,0,18,0,1,0,0,0,0,1,1,2,1,54,8,3165,6,18,-1,1,-1
201542I120704,1,9,0,18,0,0,0,0,0,0,1,1,6,2,68,10,1596,1,13,-1,1,-1
201542I120704,2,9,0,5,0,0,0,0,0,0,2,1,6,1,27,6,1794,1,15,-1,1,-1
201542I120704,3,9,0,5,0,0,0,0,0,0,0,1,6,2,-1,-1,-1,-1,-1,-1,-1,-1
201542I120704,4,9,0,9,0,0,0,0,0,0,0,1,2,1,57,9,1753,2,10,-1,1,-1
201542I120804,1,21,0,1,0,0,0,0,0,0,4,1,1,1,58,9,-1,-1,-1,-1,3,-1
201542I120904,1,9,0,18,0,0,0,0,0,0,1,1,6,1,27,6,2497,2,11,-1,1,-1
201542I120904,2,9,0,3,0,0,0,0,0,0,2,1,6,1,43,7,796,1,12,-1,1,-1
201542I121004,1,19,0,18,0,8,0,0,0,0,2,1,6,2,65,9,2488,2,12,-1,1,-1
201542I121004,2,9,0,18,0,8,0,0,0,0,1,1,6,2,19,4,-1,-1,-1,-1,1,-1
201542I121104,1,9,0,18,0,0,0,0,0,0,1,1,1,2,49,8,1388,1,15,-1,1,-1
201542I121104,2,9,0,3,0,0,0,0,0,0,2,1,6,1,67,10,3222,2,12,-1,3,-1
201542I121204,1,9,0,18,0,1,5,0,0,1,1,1,6,1,32,6,1997,2,6,-1,3,-1
201542I121204,2,9,0,18,0,8,0,0,0,0,4,1,6,2,83,11,1896,2,13,-1,1,-1
201542I121304,1,9,0,14,0,1,0,0,0,0,4,1,6,2,25,5,1390,1,4,-1,1,-1
201542I121404,1,9,0,18,0,0,0,0,0,0,1,1,6,1,54,8,1200,1,1,-1,1,-1
201542I121504,1,9,0,18,0,1,0,0,0,0,1,1,6,1,-1,-1,2143,2,-1,-1,-1,-1
201542I121504,2,9,0,18,0,1,5,0,7,2,4,1,6,1,18,4,1242,1,4,-1,1,-1
201542I121604,1,9,0,18,0,0,1,7,1,10,1,1,6,1,19,4,-1,-1,-1,-1,1,-1
201542I121704,1,9,0,9,0,0,0,0,0,0,3,1,2,3,26,6,-1,-1,-1,-1,1,-1
201542I121704,2,3,0,18,0,0,1,0,0,0,1,1,2,1,20,4,124,1,1,-1,-1,-1
201542I121804,1,9,0,9,0,8,0,0,0,0,3,1,2,2,37,7,1498,1,9,-1,1,-1
201542I121804,2,1,0,18,0,8,1,0,0,0,1,1,2,1,36,7,-1,-1,-1,-1,1,-1
201542I121904,1,9,0,18,0,8,0,0,0,0,1,1,6,1,19,4,-1,-1,-1,-1,3,-1
201542I121904,2,9,0,18,0,8,0,0,0,0,2,1,6,1,-1,-1,1796,1,12,-1,-1,-1
201542I121904,3,9,0,18,0,8,0,0,0,0,0,1,6,3,-1,-1,-1,-1,-1,-1,-1,-1
201542I122004,1,9,0,18,0,8,0,0,0,0,3,1,2,2,30,6,1596,1,11,-1,-1,-1
201542I122004,2,9,0,18,0,8,0,0,0,0,4,1,2,1,37,7,4701,1,15,-1,1,-1
201542I122104,1,9,0,18,0,0,0,0,0,0,1,1,2,2,37,7,1388,1,7,-1,-1,-1
201542I122204,1,11,0,18,0,1,0,0,0,0,4,1,1,1,-1,-1,7300,2,10,-1,-1,-1
201542I122304,1,9,0,18,0,1,0,0,0,0,1,1,6,1,19,4,-1,-1,-1,-1,1,-1
201542I122304,2,3,0,4,0,1,0,0,0,0,2,1,6,1,22,5,124,1,4,-1,1,-1
201542I122304,3,9,0,4,0,1,0,0,0,0,2,1,6,2,38,7,998,1,1,-1,1,-1
201542I122504,1,9,0,5,0,2,0,0,0,0,1,1,6,2,63,9,1497,1,13,-1,1,-1
201542I122504,2,4,0,18,0,1,0,0,0,0,2,1,1,1,26,6,500,1,13,-1,1,-1
201542I122604,1,9,0,18,0,1,0,0,0,0,1,1,6,2,28,6,2179,2,3,-1,1,-1
201542I122604,2,9,0,7,0,6,0,0,0,0,1,1,6,2,78,11,1299,1,10,-1,1,-1
201542I122704,1,9,0,18,0,1,0,0,0,0,1,1,2,2,41,7,1360,1,14,-1,1,-1
201542I122704,2,9,0,2,0,1,0,0,0,0,1,1,6,2,-1,-1,1598,1,3,-1,-1,-1
201542I122804,1,9,0,3,0,3,0,0,0,0,1,1,6,1,53,8,5462,1,7,-1,1,-1
201542I122804,2,1,0,18,0,1,0,0,0,0,3,1,6,2,32,6,-1,-1,-1,-1,1,-1
201542I122904,1,9,0,18,0,0,0,11,0,0,1,1,6,3,64,9,-1,-1,-1,-1,1,-1
201542I123004,1,9,0,9,0,6,0,0,0,0,1,1,6,2,59,9,-1,-1,-1,-1,3,-1
201542I123004,2,1,0,18,0,1,1,0,0,0,1,1,6,1,34,6,-1,-1,-1,-1,1,-1
201542I123104,1,9,0,18,0,0,0,0,0,0,4,1,6,1,40,7,1753,2,11,-1,1,-1
201542I123104,2,9,0,18,0,0,0,0,0,0,3,1,6,1,29,6,1390,1,-1,-1,-1,-1
201542I123204,1,9,0,18,0,1,0,0,0,0,1,1,6,1,34,6,1796,1,3,-1,1,-1
201542I123204,2,21,0,4,0,1,0,0,7,0,0,1,1,2,42,7,-1,-1,-1,-1,1,-1
201542I123204,3,9,0,9,0,8,0,0,0,0,3,1,6,2,64,9,1299,1,11,-1,1,-1
201542I123304,1,9,0,7,0,1,0,0,0,0,3,1,1,1,60,9,1686,2,7,-1,3,-1
201542I123304,2,1,0,18,0,1,1,0,0,0,1,1,1,1,60,9,-1,-1,-1,-1,3,-1
201542I123404,1,9,0,4,0,0,1,0,0,0,1,1,2,1,38,7,1124,1,12,-1,1,-1
201542I123404,2,9,0,4,0,0,0,0,0,0,2,1,2,1,44,7,1149,1,12,-1,1,-1
201542I123404,3,9,0,4,0,0,0,0,0,0,2,1,6,2,42,7,2967,2,1,-1,1,-1
201542I123504,1,3,0,3,0,1,0,0,0,0,2,1,1,1,18,4,-1,-1,-1,-1,1,-1
201542I123504,2,8,0,18,0,1,5,0,0,0,1,1,1,1,46,8,-1,-1,-1,-1,1,-1
201542I123604,1,9,0,18,0,0,0,0,0,0,1,1,2,2,54,8,2143,2,5,-1,1,-1
201542I123604,2,9,0,18,0,0,0,0,0,0,1,1,2,1,50,8,1242,1,1,-1,1,-1
201542I123604,3,9,0,18,0,0,0,0,0,0,2,1,2,1,47,8,-1,-1,-1,-1,1,-1
201542I123704,1,2,0,14,0,0,0,0,0,0,1,1,2,1,47,8,49,1,8,-1,1,-1
201542I123704,2,9,0,9,0,0,0,0,0,0,3,1,2,2,56,9,1242,1,6,-1,2,-1
201542I123902,1,9,0,8,0,1,0,0,0,0,1,1,6,1,39,7,2688,2,13,-1,2,-1
201542I123902,2,9,0,1,0,1,0,0,0,0,2,1,6,1,-1,-1,-1,-1,-1,-1,-1,-1
201542I124004,1,9,0,18,0,0,0,4,0,0,3,1,6,3,-1,-1,1497,1,14,-1,-1,-1
201542I124004,2,9,0,18,0,0,0,0,0,0,3,1,6,1,64,9,1997,1,18,-1,1,-1
201542I124004,3,9,0,2,0,0,0,0,0,0,3,1,6,2,40,7,2401,2,11,-1,1,-1
201542I124104,1,9,0,18,0,4,0,0,0,0,3,1,6,1,77,11,-1,-1,-1,-1,2,-1
201542I124104,2,9,0,18,0,4,0,0,0,0,4,1,6,2,23,5,1328,1,8,-1,1,-1
201542I124204,1,9,0,18,0,1,0,0,0,0,1,1,6,2,82,11,1597,1,20,-1,1,-1
201542I124204,2,1,0,18,0,2,0,0,0,0,4,1,6,1,65,9,-1,-1,-1,-1,3,-1
201542I124304,1,9,0,6,0,1,5,0,0,0,3,1,2,1,44,7,1796,1,10,-1,-1,-1
201542I124304,2,9,0,13,0,1,0,0,0,0,1,1,2,1,36,7,2521,1,9,-1,3,-1
201542I124404,1,9,0,18,0,0,0,4,0,0,1,1,6,1,83,11,1796,1,16,-1,3,-1
201542I124404,2,21,0,2,0,0,0,0,0,0,2,1,1,1,-1,-1,9290,2,5,-1,-1,-1
201542I124504,1,5,0,4,0,4,1,0,0,0,3,1,6,1,51,8,1164,1,11,-1,1,-1
201542I124604,1,9,0,18,0,8,0,0,0,0,0,1,1,1,46,8,-1,-1,-1,-1,1,-1
201542I124604,2,1,0,18,0,8,0,0,0,0,0,1,6,2,46,8,-1,-1,-1,-1,1,-1
201542I124704,1,11,0,4,2,0,0,0,0,0,0,1,1,1,-1,-1,-1,-1,-1,-1,-1,-1
201542I124804,1,9,0,18,0,0,0,0,0,0,1,1,6,2,-1,-1,1796,1,8,-1,1,-1
201542I124804,2,1,0,18,0,0,0,0,0,0,4,1,6,2,49,8,-1,-1,-1,-1,1,-1
201542I125204,1,9,0,5,0,1,0,0,0,0,1,1,6,2,44,7,1968,2,8,-1,1,-1
201542I125304,1,9,0,18,0,8,0,0,0,0,3,1,6,2,27,6,1596,1,12,-1,1,-1
201542I125304,2,9,0,7,0,3,0,0,0,0,4,1,6,1,38,7,1910,2,8,-1,1,-1
201542I125404,1,19,0,3,0,1,0,0,0,0,1,1,6,1,-1,-1,2148,2,6,-1,-1,-1
201542I125404,2,9,0,3,0,1,0,0,0,0,2,1,6,2,22,5,1198,1,1,-1,1,-1
201542I125504,1,9,0,18,0,8,0,0,0,0,1,1,6,1,28,6,1242,1,5,-1,1,-1
201542I125504,2,9,0,18,0,8,0,0,0,0,4,1,6,1,43,7,-1,-1,-1,-1,1,-1
201542I125604,1,19,0,3,0,1,0,0,0,0,1,1,6,1,-1,-1,-1,-1,-1,-1,-1,-1
201542I125604,2,19,0,3,0,1,0,0,0,0,2,1,6,1,30,6,1686,2,12,-1,1,-1
201542I125705,1,4,0,4,0,0,0,0,0,0,0,1,6,1,-1,-1,779,1,3,-1,-1,-1
201542I125705,2,9,0,3,0,0,0,0,0,0,0,1,6,2,48,8,-1,-1,-1,-1,1,-1
201542I125804,1,1,0,18,9,8,1,0,0,0,4,1,6,1,-1,-1,-1,-1,-1,-1,-1,-1
201542I125804,2,9,0,18,9,6,0,0,0,0,1,1,6,1,51,8,1968,2,5,-1,1,-1
201542I126004,1,1,0,17,0,0,1,0,1,10,1,1,2,1,22,5,-1,-1,-1,-1,1,-1
201542I126004,2,9,0,16,0,0,0,0,0,0,1,1,6,1,22,5,-1,-1,-1,-1,1,-1
201542I126104,1,5,0,4,0,0,0,0,0,0,1,1,6,1,55,8,1170,1,9,-1,1,-1
201542I126104,2,9,0,18,0,0,0,0,0,0,2,1,6,1,45,7,1997,2,7,-1,-1,-1
201542I126204,1,1,0,18,0,0,1,0,0,0,1,1,6,1,41,7,-1,-1,-1,-1,1,-1
201542I126404,1,9,0,9,0,6,0,0,0,0,3,1,6,2,37,7,1598,1,8,-1,1,-1
201542I126404,2,4,0,14,0,1,0,0,0,0,1,1,6,1,81,11,243,1,29,-1,1,-1
201542I126504,1,9,0,13,0,0,0,0,1,11,1,1,6,1,29,6,1596,1,8,-1,1,-1
201542I126604,1,9,0,1,0,0,0,0,0,0,2,1,1,1,30,6,-1,-1,-1,-1,-1,-1
201542I126704,1,9,0,17,0,0,1,0,7,4,4,1,2,2,21,5,1360,1,10,-1,-1,-1
201542I126803,1,1,0,18,0,0,0,0,0,0,0,1,6,1,74,10,-1,-1,-1,-1,3,-1
201542I127005,1,5,0,17,0,0,0,0,0,0,3,1,6,1,57,9,649,1,9,-1,2,-1
201542I127005,2,9,0,16,0,0,0,0,0,0,2,1,2,2,54,8,1364,1,1,-1,3,-1
201542I127105,1,9,0,18,0,0,0,0,0,0,1,1,1,1,43,7,-1,-1,-1,-1,3,-1
201542I127105,2,21,0,2,6,0,0,0,0,0,2,1,1,1,45,7,-1,-1,-1,-1,-1,-1
201542I127205,1,9,0,18,0,1,0,0,0,0,4,1,6,3,-1,-1,-1,-1,-1,-1,-1,-1
201542I127305,1,9,0,5,0,4,0,0,0,0,1,1,6,1,60,9,1995,2,4,-1,1,-1
201542I127305,2,19,0,5,0,4,0,0,0,0,2,1,2,1,39,7,1598,2,1,-1,1,-1
201542I127405,1,3,0,14,0,1,1,0,0,0,4,1,6,1,20,4,124,1,2,-1,2,-1
201542I127405,2,9,0,9,0,6,0,0,0,0,1,1,6,2,21,5,1242,1,1,-1,1,-1
201542I127505,1,9,0,18,0,0,0,0,0,0,1,1,6,1,25,5,1994,1,13,-1,-1,-1
201542I127603,1,9,0,18,0,0,0,11,7,1,1,1,6,1,23,5,-1,-1,-1,-1,1,-1
201542I127705,1,19,0,18,9,0,0,4,0,0,1,1,6,1,-1,-1,2198,2,6,-1,-1,-1
201542I127705,2,1,0,18,9,0,0,0,0,0,2,1,6,2,30,6,-1,-1,-1,-1,1,-1
201542I127705,3,9,0,2,9,0,0,0,0,0,4,1,6,3,-1,-1,1229,1,6,-1,-1,-1
201542I127805,1,21,0,18,0,8,2,0,0,7,4,1,1,1,28,6,11946,2,3,-1,-1,-1
201542I127905,1,11,0,18,0,0,0,0,0,0,1,1,1,1,45,7,5900,2,17,-1,1,-1
201542I128005,1,19,0,18,0,0,0,0,0,0,1,1,1,1,23,5,1900,2,5,-1,2,-1
201542I128005,2,9,0,18,0,0,0,0,0,0,2,1,1,2,51,8,3199,1,9,-1,2,-1
201542I128005,3,9,0,18,0,0,0,0,0,0,0,1,1,2,36,7,1596,1,9,-1,-1,-1
201542I128105,1,9,0,16,0,0,0,0,0,4,3,1,6,2,34,6,6750,1,19,-1,-1,-1
201542I128105,2,9,0,2,0,0,0,0,0,0,3,1,6,3,-1,-1,1991,1,-1,-1,-1,-1
201542I128404,1,9,0,1,0,1,0,0,0,0,2,1,6,1,-1,-1,-1,-1,-1,-1,-1,-1
201542I128504,1,21,0,15,0,4,0,0,0,0,3,1,6,3,-1,-1,-1,-1,-1,-1,-1,-1
201542I128504,2,8,0,8,0,4,0,0,0,0,4,1,1,1,38,7,-1,-1,-1,-1,1,-1
201542I128604,1,9,0,18,0,0,0,0,0,0,1,1,6,1,-1,-1,1242,1,14,-1,-1,-1
201542I128604,2,1,0,5,0,0,1,0,0,0,0,1,6,1,49,8,-1,-1,-1,-1,1,-1
201542I128704,1,9,0,18,0,0,0,0,0,0,1,1,6,2,18,4,1299,1,8,-1,1,-1
201542I128704,2,9,0,4,0,0,0,0,0,0,2,1,1,2,43,7,1796,1,12,-1,1,-1
201542I128904,1,9,0,18,0,1,0,0,0,0,1,1,6,2,-1,-1,1968,2,4,-1,3,-1
201542I128904,2,19,0,4,0,1,0,0,0,0,2,1,6,1,61,9,2198,2,-1,-1,3,-1
201542I129005,1,21,1,18,0,0,0,4,0,0,1,2,1,1,50,8,-1,-1,-1,-1,1,-1
201542I129005,2,21,1,18,0,0,0,0,0,0,0,1,1,1,24,5,10837,2,2,-1,-1,-1
201542I129104,1,9,0,18,0,1,0,0,0,0,1,1,6,2,-1,-1,1198,1,1,-1,-1,-1
201542I129104,2,9,0,4,0,1,0,0,0,0,2,1,6,2,21,5,2204,2,6,-1,1,-1
201542I129205,1,9,0,18,0,0,1,0,0,0,1,1,6,1,55,8,-1,-1,-1,-1,3,-1
201542I129305,1,9,0,4,0,1,1,0,0,0,1,1,6,1,56,9,-1,-1,-1,-1,1,-1
201542I129305,2,9,0,4,0,1,0,0,0,0,2,1,6,1,67,10,2000,2,4,-1,-1,-1
201542I129404,1,9,0,16,0,0,0,0,0,0,1,1,6,1,25,5,1395,1,1,-1,3,-1
201542I129404,2,19,0,18,0,0,0,0,0,0,3,1,1,2,58,9,-1,-1,-1,-1,2,-1
201542I129404,3,9,0,18,0,0,0,0,0,0,1,1,6,2,54,8,1991,2,6,-1,-1,-1
201542I129504,1,9,0,18,0,4,0,0,0,0,1,1,6,1,27,6,1995,2,7,-1,-1,-1
201542I129504,2,9,0,3,0,1,0,0,0,0,2,1,6,2,29,6,1998,1,13,-1,1,-1
201542I129604,1,21,1,1,0,0,0,0,0,0,4,2,1,1,42,7,-1,-1,-1,-1,-1,-1
201542I129604,2,9,0,2,0,0,0,0,0,0,1,1,6,1,23,5,1598,1,9,-1,1,-1
201542I129704,1,9,0,9,0,8,1,0,0,0,4,1,6,2,23,5,1598,1,7,-1,2,-1
201542I129704,2,9,0,18,0,8,1,0,0,0,1,1,6,1,60,9,1198,1,5,-1,2,-1
201542I129704,3,9,0,10,0,1,0,0,0,0,1,1,6,1,61,9,2766,2,10,-1,2,-1
201542I129804,1,9,0,18,0,1,0,0,0,0,1,1,2,1,27,6,-1,-1,-1,-1,-1,-1
201542I129804,2,9,0,18,0,1,0,0,0,0,2,1,2,2,33,6,1399,2,3,-1,1,-1
201542I129904,1,4,0,13,0,0,1,0,0,0,1,1,6,1,32,6,198,1,13,-1,1,-1
201542I129904,2,9,0,9,0,0,0,0,0,0,3,1,6,2,28,6,1598,2,3,-1,1,-1
201542I130004,1,3,0,16,0,0,1,0,7,9,4,1,6,1,26,6,125,1,3,-1,1,-1
201542I130004,2,9,0,17,0,0,0,0,0,0,1,1,6,1,48,8,1796,1,11,-1,1,-1
201542I130104,1,9,0,6,0,0,0,0,0,0,1,1,6,1,59,9,1149,1,14,-1,1,-1
201542I130104,2,9,0,18,0,0,0,0,0,0,1,1,6,1,18,4,1598,1,3,-1,1,-1
201542I130204,1,9,0,18,0,1,0,0,0,0,1,1,6,1,32,6,3189,1,11,-1,1,-1
201542I130204,2,9,0,3,0,2,0,0,0,0,2,1,1,1,29,6,1997,2,4,-1,-1,-1
201542I130304,1,9,0,18,0,0,0,0,0,0,1,1,2,1,51,8,1956,2,1,-1,1,-1
201542I130304,2,9,0,4,0,0,0,0,0,0,2,1,2,1,31,6,2967,2,1,-1,2,-1
201542I130304,3,9,0,4,0,0,0,0,0,0,2,1,6,2,36,7,1997,2,4,-1,1,-1
201542I130304,4,9,0,4,0,0,0,0,0,0,2,1,6,1,33,6,1686,2,4,-1,1,-1
201542I130304,5,9,0,4,0,0,0,0,0,0,2,1,6,1,37,7,1560,2,-1,-1,1,-1
201542I130404,1,9,0,18,0,2,0,0,0,0,1,1,6,1,22,5,1990,1,23,-1,3,-1
201542I130404,2,9,0,18,0,8,0,0,0,0,4,1,6,2,25,5,1598,1,2,-1,1,-1
201542I130504,1,9,0,9,0,8,0,0,0,0,1,1,6,1,22,5,1242,1,16,-1,1,-1
201542I130504,2,9,0,18,0,1,0,0,0,0,4,1,6,2,31,6,1389,1,10,-1,1,-1
201542I130604,1,1,0,18,0,8,0,0,0,0,1,1,6,1,-1,-1,-1,-1,-1,-1,-1,-1
201542I130604,2,9,0,18,0,6,0,0,0,0,3,1,6,2,30,6,1598,1,3,-1,1,-1
201542I130704,1,9,0,3,0,4,0,0,0,0,4,1,6,1,-1,-1,-1,-1,-1,-1,-1,-1
201542I130704,2,2,0,3,0,4,0,0,0,0,3,1,3,1,17,4,49,1,1,-1,1,-1
201542I130804,1,9,0,5,0,0,0,0,0,0,1,1,6,2,31,6,1896,2,13,-1,1,-1
201542I130804,2,9,0,5,0,0,0,0,0,0,2,1,6,1,38,7,1461,2,7,-1,1,-1
201542I130904,1,5,0,3,0,0,0,0,0,0,0,1,6,1,19,4,649,1,-1,-1,1,-1
201542I130904,2,9,0,4,0,0,0,0,0,0,0,1,6,2,48,8,1997,2,1,-1,1,-1
201542I131004,1,9,0,9,0,8,0,0,0,0,1,1,6,2,70,10,1598,1,13,-1,1,-1
201542I131004,2,11,0,18,0,8,0,0,0,0,1,1,1,2,59,9,5883,2,13,-1,1,-1
201542I131104,1,9,0,18,0,1,0,0,0,0,1,1,6,1,29,6,2143,2,1,-1,1,-1
201542I131204,1,9,0,18,0,3,1,0,0,0,1,1,2,2,23,5,1396,1,11,-1,3,-1
201542I131204,2,9,0,3,0,1,0,0,0,0,3,1,1,1,58,9,-1,-1,-1,-1,1,-1
201542I131204,3,9,0,3,0,1,0,0,0,0,1,1,6,2,26,6,1242,1,6,-1,-1,-1
201542I131304,1,9,0,18,0,1,0,0,0,0,3,1,6,3,-1,-1,-1,-1,-1,-1,-1,-1
201542I131304,2,9,0,7,0,1,0,0,0,0,4,1,6,2,40,7,1997,1,8,-1,1,-1
201542I131405,1,9,0,9,0,8,0,0,0,0,0,1,6,2,-1,-1,-1,-1,-1,-1,-1,-1
201542I131405,2,11,0,5,0,2,1,0,0,0,0,1,1,2,25,5,9600,2,15,-1,1,-1
201542I131504,1,9,0,4,0,0,0,0,0,0,1,1,1,1,55,8,-1,-1,-1,-1,3,-1
201542I131504,2,9,0,4,0,0,0,0,0,0,1,1,1,2,33,6,1753,2,8,-1,1,-1
201542I131504,3,19,0,4,0,0,0,0,0,0,2,1,1,1,40,7,2148,2,10,-1,1,-1
201542I131605,1,9,0,18,0,0,0,0,0,0,1,1,6,1,37,7,1999,1,11,-1,2,-1
201542I131605,2,19,0,18,0,0,0,0,0,0,1,1,6,1,61,9,1248,2,9,-1,3,-1
201542I131605,3,9,0,18,0,0,0,0,0,0,1,1,6,2,81,11,1997,1,13,-1,3,-1
201542I131705,1,9,0,4,0,0,0,0,0,0,2,1,2,2,-1,-1,1998,1,14,-1,1,-1
201542I131705,2,9,0,18,0,0,0,0,0,0,1,1,6,1,-1,-1,-1,-1,-1,-1,1,-1
201542I131805,1,9,0,9,0,2,0,0,0,0,4,1,3,1,38,7,1994,2,8,-1,1,-1