Accident_Index,Vehicle_Reference,Vehicle_Type,Towing_and_Articulation,Vehicle_Manoeuvre,Vehicle_Location-Restricted_Lane,Junction_Location,Skidding_and_Overturning,Hit_Object_in_Carriageway,Vehicle_Leaving_Carriageway,Hit_Object_off_Carriageway,1st_Point_of_Impact,Was_Vehicle_Left_Hand_Drive?,Journey_Purpose_of_Driver,Sex_of_Driver,Age_of_Driver,Age_Band_of_Driver,Engine_Capacity_(CC),Propulsion_Code,Age_of_Vehicle,Driver_IMD_Decile,Driver_Home_Area_Type,Vehicle_IMD_Decile
201542I145305,1,9,0,16,0,2,0,0,0,0,3,1,6,2,36,7,1973,1,15,-1,1,-1
201542I145305,2,9,0,16,0,2,0,0,0,0,3,1,1,2,27,6,-1,-1,-1,-1,1,-1
201542I145405,1,9,0,18,0,4,0,0,0,0,1,1,6,1,-1,-1,-1,-1,-1,-1,-1,-1
201542I145405,2,4,0,8,0,4,0,0,0,0,2,1,6,1,22,5,124,1,7,-1,-1,-1
201542I145505,1,9,0,18,0,0,0,0,0,0,1,1,6,1,32,6,1360,1,14,-1,1,-1
201542I145505,2,9,0,2,0,0,0,0,0,0,1,1,6,1,51,8,1997,2,7,-1,1,-1
201542I145605,1,9,0,18,0,1,0,0,0,0,1,1,6,1,-1,-1,-1,-1,-1,-1,-1,-1
201542I145605,2,9,0,5,0,6,0,0,0,0,2,1,6,1,36,7,973,1,12,-1,1,-1
201542I145705,1,8,0,1,0,8,0,0,0,0,2,1,6,1,-1,-1,1598,2,3,-1,-1,-1
201542I145705,2,9,0,2,0,8,0,0,0,0,1,1,6,3,-1,-1,-1,-1,-1,-1,-1,-1
201542I145805,1,9,0,18,0,0,0,0,0,0,1,1,6,3,-1,-1,-1,-1,-1,-1,-1,-1
201542I145805,2,9,0,18,0,0,0,0,0,0,1,1,6,2,35,6,1896,2,10,-1,2,-1
201542I146005,1,9,0,11,0,3,0,0,0,0,4,1,1,1,-1,-1,1997,2,8,-1,-1,-1
201542I146005,2,9,0,12,0,3,0,0,0,0,3,1,1,1,47,8,1598,1,5,-1,1,-1
201542I146105,1,4,0,16,0,0,1,0,1,4,1,1,6,1,42,7,599,1,7,-1,1,-1
201542I146105,2,19,0,17,0,0,0,0,0,0,1,1,1,1,20,4,-1,-1,-1,-1,1,-1
201542I146105,3,4,0,16,0,0,0,0,0,0,1,1,6,1,31,6,847,1,-1,-1,1,-1
201542I146204,1,9,0,3,0,4,0,0,0,0,1,1,6,1,-1,-1,-1,-1,-1,-1,-1,-1
201542I146204,2,9,0,3,0,4,0,0,0,0,2,1,1,1,25,5,2616,1,11,-1,1,-1
201542I146305,1,19,0,7,0,4,0,0,0,0,1,1,6,1,-1,-1,-1,-1,-1,-1,-1,-1
201542I146305,2,9,0,7,0,4,0,0,0,0,2,1,6,2,46,8,-1,-1,-1,-1,1,-1
201542I146404,1,9,0,9,0,1,0,0,0,0,3,1,6,1,-1,-1,2000,1,16,-1,-1,-1
201542I146404,2,9,0,18,0,1,0,0,0,0,1,1,6,2,46,8,1598,2,4,-1,1,-1
201542I146505,1,19,0,18,0,1,0,0,0,0,1,1,6,3,-1,-1,2461,2,13,-1,-1,-1
201542I146505,2,9,0,18,0,1,0,0,0,0,2,1,6,1,46,8,-1,-1,-1,-1,3,-1
201542I146804,1,9,0,18,0,4,0,0,0,0,1,1,6,1,-1,-1,2967,2,4,-1,1,-1
201542I146804,2,9,0,3,0,1,0,0,0,0,2,1,2,1,33,6,1984,1,14,-1,1,-1
201542I146904,1,9,0,7,0,8,0,0,0,0,3,1,6,1,40,7,1995,2,7,-1,1,-1
201542I146904,2,2,0,9,0,8,1,0,0,0,4,1,3,1,16,4,49,1,14,-1,1,-1
201542I147005,1,9,0,1,0,5,0,0,1,0,2,1,6,1,-1,-1,-1,-1,-1,-1,-1,-1
201542I147005,2,19,0,2,9,1,0,0,0,0,3,1,6,1,23,5,2148,2,7,-1,3,-1
201542I147103,1,9,0,18,0,0,0,0,0,0,1,1,6,1,-1,-1,-1,-1,-1,-1,-1,-1
201542I147204,1,9,0,18,0,2,0,0,0,0,1,1,6,2,22,5,1149,1,11,-1,1,-1
201542I147204,2,9,0,18,0,1,0,0,0,0,4,1,6,1,47,8,-1,-1,-1,-1,1,-1
201542I147304,1,19,0,18,0,1,0,0,0,0,1,1,1,1,25,5,2402,2,7,-1,1,-1
201542I147304,2,9,0,18,0,1,0,0,0,0,4,1,1,1,56,9,1560,2,4,-1,2,-1
201542I147505,1,9,0,9,0,5,0,0,0,0,1,1,6,2,19,4,1299,1,12,-1,1,-1
201542I147505,2,5,0,18,0,1,0,0,0,11,1,1,6,1,27,6,998,1,10,-1,3,-1
201542I147605,1,9,0,5,0,8,0,0,0,0,1,1,6,2,42,7,3724,1,12,-1,1,-1
201542I147605,2,1,0,18,0,8,0,0,0,0,4,1,6,1,55,8,-1,-1,-1,-1,1,-1
201542I147705,1,97,0,18,0,4,1,9,3,0,1,1,6,1,22,5,599,1,15,-1,1,-1
201542I147805,1,9,0,13,0,8,0,0,0,0,0,1,6,1,-1,-1,-1,-1,-1,-1,-1,-1
201542I147805,2,9,0,18,0,8,0,0,0,0,0,1,6,3,-1,-1,-1,-1,-1,-1,-1,-1
201542I147905,1,5,0,7,0,1,1,10,0,0,4,1,6,1,34,6,918,1,17,-1,1,-1
201542I148005,1,9,0,18,0,0,5,0,7,4,1,1,6,2,44,7,1762,1,15,-1,3,-1
201542I148105,1,4,0,4,0,1,1,0,0,0,0,1,2,2,23,5,125,1,9,-1,1,-1
201542I148205,1,9,0,9,0,8,0,0,0,0,1,1,6,2,52,8,1461,2,4,-1,1,-1
201542I148305,1,9,0,18,0,0,0,0,0,0,1,1,6,1,46,8,1991,1,14,-1,1,-1
201542I148305,2,9,0,4,0,0,0,0,0,0,3,1,6,2,28,6,1598,1,14,-1,1,-1
201542I148305,3,19,0,18,0,0,0,0,0,0,1,1,6,1,46,8,2464,2,5,-1,1,-1
201542I148405,1,9,0,18,0,0,1,0,0,0,1,1,6,1,23,5,1248,1,3,-1,-1,-1
201542I148405,2,2,0,18,0,0,0,0,0,0,2,1,6,1,16,4,49,1,7,-1,1,-1
201542I148505,1,9,0,18,0,0,1,7,4,10,1,1,6,1,24,5,-1,-1,-1,-1,3,-1
201542I148604,1,9,0,18,0,1,0,0,0,0,1,1,6,2,63,9,-1,-1,-1,-1,1,-1
201542I148604,2,21,1,4,0,1,0,0,0,0,2,1,1,1,-1,-1,-1,-1,-1,-1,-1,-1
201542I148704,1,1,0,18,9,1,0,0,0,0,1,1,6,1,-1,-1,-1,-1,-1,-1,-1,-1
201542I148804,1,98,1,18,0,0,0,0,0,0,3,2,1,1,-1,-1,-1,-1,-1,-1,-1,-1
201542I148804,2,9,0,18,0,0,0,0,0,0,4,1,6,2,70,10,999,1,8,-1,3,-1
201542I148904,1,19,0,18,0,2,0,0,0,0,0,1,6,3,-1,-1,-1,-1,-1,-1,-1,-1
201542I148904,2,11,0,5,0,2,0,0,0,0,0,1,3,1,70,10,9000,2,7,-1,1,-1
201542I149004,1,9,0,3,0,1,0,0,0,0,1,1,6,1,-1,-1,1298,1,11,-1,1,-1
201542I149004,2,3,0,3,0,1,0,0,0,0,2,1,2,1,17,4,125,1,3,-1,3,-1
201542I149105,1,5,0,18,0,1,0,0,0,0,4,1,2,1,61,9,1164,1,11,-1,3,-1
201542I149105,2,9,0,9,0,5,0,0,0,0,0,1,6,2,30,6,1299,1,14,-1,1,-1
201542I149105,3,21,1,18,0,1,0,0,0,0,3,2,1,2,40,7,-1,-1,-1,-1,3,-1
201542I149105,4,9,0,9,0,5,0,0,0,0,0,1,6,2,29,6,1149,1,12,-1,1,-1
201542I149105,5,9,0,9,0,5,0,0,0,0,0,1,6,2,32,6,1686,2,6,-1,1,-1
201542I149205,1,8,0,18,0,4,0,0,0,0,1,1,1,1,-1,-1,1997,2,-1,-1,-1,-1
201542I149205,2,9,0,9,0,3,0,0,0,0,4,1,6,2,50,8,1388,1,2,-1,1,-1
201542I149305,1,9,0,18,0,0,0,0,0,0,1,1,6,2,-1,-1,-1,-1,-1,-1,-1,-1
201542I149305,2,1,0,18,0,0,0,0,0,0,2,1,6,1,46,8,-1,-1,-1,-1,-1,-1
201542I149605,1,9,0,18,0,0,1,10,1,11,4,1,6,1,31,6,1986,2,10,-1,1,-1
201542I149605,2,9,0,18,0,0,0,0,0,0,0,1,6,1,58,9,2995,1,11,-1,1,-1
201542I149605,3,20,1,18,0,0,0,0,0,0,0,1,1,1,-1,-1,-1,-1,-1,-1,-1,-1
201542I149705,1,9,0,9,0,0,1,0,1,4,1,1,6,1,27,6,1399,2,12,-1,2,-1
201542I149805,1,9,0,11,0,0,0,0,0,0,0,1,6,3,-1,-1,-1,-1,-1,-1,-1,-1
201542I149805,2,9,0,18,0,0,0,0,0,0,4,1,6,1,26,6,1796,1,11,-1,2,-1
201542I149805,3,21,1,18,0,0,0,0,0,0,4,1,6,1,35,6,12900,2,3,-1,1,-1
201542I149905,1,9,0,18,0,1,0,0,0,0,3,1,6,1,22,5,-1,-1,-1,-1,1,-1
201542I149905,2,9,0,18,0,1,0,0,0,0,1,1,6,2,-1,-1,1242,1,4,-1,1,-1
201542I150005,1,9,0,14,0,1,1,0,0,0,1,1,6,1,33,6,1242,1,15,-1,1,-1
201542I150005,2,11,0,2,0,1,0,0,0,0,0,1,1,1,56,9,-1,2,15,-1,1,-1
201542I150205,1,9,0,1,0,1,0,0,0,0,2,1,6,2,72,10,999,1,6,-1,1,-1
201542I150305,1,9,0,18,0,0,0,4,0,0,1,1,6,1,68,10,1596,1,7,-1,1,-1
201542I150305,2,19,0,2,0,0,0,0,0,0,1,1,6,3,-1,-1,-1,-1,-1,-1,-1,-1
201542I150405,1,9,0,18,0,1,0,0,0,0,1,1,6,1,29,6,2902,2,8,-1,1,-1
201542I150405,2,19,0,9,0,1,0,0,0,0,2,1,6,1,63,9,1896,2,20,-1,1,-1
201542I150505,1,9,0,5,0,8,0,0,0,0,1,1,6,1,29,6,1498,1,7,-1,-1,-1
201542I150505,2,21,1,5,0,8,0,0,0,0,4,1,1,1,59,9,12900,2,6,-1,-1,-1
201542I150606,1,5,0,18,0,8,0,0,0,0,0,1,2,1,37,7,659,1,11,-1,-1,-1
201542I150705,1,9,0,17,0,0,1,0,1,11,1,1,6,2,29,6,1299,1,9,-1,1,-1
201542I150805,1,9,0,18,0,1,0,0,0,0,4,1,6,1,27,6,-1,-1,-1,-1,1,-1
201542I150805,2,9,0,18,0,8,0,0,0,0,1,1,6,2,33,6,1364,1,8,-1,1,-1
201542I150905,1,9,0,18,0,1,0,0,0,0,1,1,6,1,46,8,1598,1,7,-1,1,-1
201542I150905,2,9,0,18,0,1,0,0,0,0,1,1,6,1,34,6,1560,2,2,-1,1,-1
201542I150905,3,9,0,18,0,1,0,0,0,0,2,1,6,1,34,6,1956,2,1,-1,1,-1
201542I150905,4,9,0,18,0,1,0,0,0,0,2,1,6,2,54,8,1968,2,2,-1,1,-1
201542I151005,1,9,0,16,0,0,1,0,7,9,1,1,3,1,18,4,1598,1,8,-1,1,-1
201542I151005,2,9,0,17,0,0,0,0,0,0,1,1,6,1,66,10,1198,1,4,-1,2,-1
201542I151105,1,9,0,7,0,1,0,0,0,0,1,1,6,1,27,6,1590,1,14,-1,1,-1
201542I151105,2,9,0,18,0,1,0,0,0,0,1,1,6,2,43,7,1986,1,3,-1,1,-1
201542I151105,3,20,0,2,0,1,0,0,0,0,3,1,6,3,-1,-1,-1,-1,-1,-1,-1,-1
201542I151105,4,9,0,2,0,1,0,0,0,0,3,1,6,3,-1,-1,-1,-1,-1,-1,-1,-1
201542I151205,1,9,0,18,0,1,0,0,0,0,1,1,6,1,19,4,1388,1,10,-1,1,-1
201542I151205,2,19,0,3,0,1,0,0,0,0,2,1,6,1,48,8,-1,-1,-1,-1,3,-1
201542I151305,1,9,0,18,0,8,0,0,1,4,1,1,6,1,53,8,1596,1,7,-1,1,-1
201542I151405,1,9,0,18,0,0,0,0,7,11,1,1,6,1,80,11,1596,1,14,-1,1,-1
201542I151505,1,9,0,17,0,0,0,0,0,0,2,1,2,1,27,6,1988,2,11,-1,-1,-1
201542I151505,2,9,0,18,0,0,0,0,0,0,1,1,2,1,49,8,-1,-1,-1,-1,-1,-1
201542I151605,1,9,0,4,0,0,0,0,0,0,2,1,6,1,-1,-1,1598,1,12,-1,1,-1
201542I151605,2,9,0,3,0,0,0,0,0,0,1,1,6,2,25,5,998,1,-1,-1,3,-1
201542I151605,3,9,0,5,0,0,0,0,0,0,2,1,6,1,61,9,1560,2,2,-1,1,-1
201542I151705,1,9,0,7,0,0,0,0,0,0,3,1,6,1,27,6,1968,2,7,-1,-1,-1
201542I151705,2,8,0,5,0,0,0,0,0,0,3,1,1,1,58,9,1995,2,10,-1,1,-1
201542I151805,1,9,0,9,0,1,0,0,0,0,3,1,6,1,20,4,1242,1,13,-1,1,-1
201542I151805,2,9,0,18,0,1,0,0,0,0,1,1,6,1,29,6,1598,1,13,-1,2,-1
201542I151905,1,9,0,18,0,1,0,0,0,0,3,1,6,1,35,6,1796,1,12,-1,1,-1
201542I151905,2,1,0,18,0,1,0,0,0,0,1,1,6,1,71,10,-1,-1,-1,-1,-1,-1
201542I152005,1,9,0,18,0,1,0,0,0,0,1,1,6,1,19,4,1299,1,16,-1,1,-1
201542I152005,2,9,0,18,0,1,0,0,0,0,1,1,6,2,35,6,1498,1,10,-1,1,-1
201542I152105,1,9,0,18,0,1,0,0,0,0,1,1,6,2,37,7,1896,2,9,-1,2,-1
201542I152105,2,9,0,5,0,1,0,0,0,0,2,1,6,1,32,6,1596,1,9,-1,1,-1
201542I152205,1,9,4,18,0,1,0,0,0,0,0,1,6,2,55,8,2776,2,9,-1,1,-1
201542I152205,2,9,0,18,0,1,0,0,1,11,1,1,6,1,76,11,998,1,2,-1,1,-1
201542I152305,1,9,0,12,0,0,0,0,0,0,0,1,6,1,-1,-1,1591,1,2,-1,-1,-1
201542I152305,2,9,0,18,0,0,1,0,5,6,1,1,6,2,37,7,1596,1,12,-1,1,-1
201542I152405,1,19,0,18,0,0,0,0,0,0,1,1,6,1,42,7,1753,2,7,-1,3,-1
201542I152405,2,9,0,18,0,0,0,0,0,0,1,1,6,2,47,8,1598,2,4,-1,2,-1
201542I152505,1,9,0,4,0,1,0,0,0,0,1,1,6,2,75,10,1242,1,4,-1,1,-1
201542I152505,2,9,0,10,0,1,0,0,0,0,2,1,6,2,50,8,1124,1,12,-1,1,-1
201542I152605,1,9,0,1,0,0,0,0,0,0,2,1,6,2,23,5,999,1,-1,-1,1,-1
201542I152605,2,9,0,4,0,0,0,0,0,0,1,1,6,1,30,6,1360,1,11,-1,-1,-1
201542I152705,1,19,0,18,0,0,0,0,0,0,4,1,1,1,32,6,1598,2,1,-1,2,-1
201542I152705,2,1,0,18,0,0,0,0,0,0,3,1,6,1,56,9,-1,-1,-1,-1,2,-1
201542I152805,1,9,0,18,0,0,0,0,1,4,4,1,6,1,18,4,1198,1,8,-1,1,-1
201542I152905,1,9,0,18,0,4,0,0,0,0,3,1,1,2,29,6,1360,1,4,-1,1,-1
201542I152905,2,1,0,18,0,3,0,0,0,0,1,1,1,1,42,7,-1,-1,-1,-1,1,-1
201542I153005,1,9,0,9,0,1,0,0,0,0,1,1,6,2,36,7,1388,1,17,-1,1,-1
201542I153005,2,9,0,18,0,1,0,0,0,0,1,1,6,2,27,6,1596,1,9,-1,1,-1
201542I153105,1,19,0,18,0,0,1,0,0,6,1,1,1,1,29,6,2198,2,2,-1,1,-1
201542I153105,2,9,0,4,0,0,0,0,0,0,2,1,6,1,66,10,1560,2,7,-1,1,-1
201542I153205,1,9,0,11,0,0,0,0,0,0,1,1,1,2,29,6,1560,2,1,-1,3,-1
201542I153205,2,9,0,4,0,0,0,0,0,0,2,1,1,2,27,6,2143,2,-1,-1,3,-1
201542I153305,1,9,0,5,0,6,0,0,0,0,1,1,6,1,50,8,-1,-1,-1,-1,1,-1
201542I153305,2,5,0,18,0,1,0,0,7,0,1,1,1,1,22,5,749,1,7,-1,-1,-1
201542I153405,1,9,0,18,0,0,0,0,0,0,3,1,1,1,63,9,1797,8,4,-1,2,-1
201542I153405,2,9,0,18,0,0,0,0,2,4,3,1,3,2,43,7,1598,1,14,-1,3,-1
201542I153505,1,9,0,5,0,4,0,0,0,0,3,1,6,1,51,8,1968,2,3,-1,2,-1
201542I153505,2,9,0,18,0,4,1,0,0,0,1,1,6,2,71,10,1968,2,3,-1,2,-1
201542I153605,1,9,0,3,0,0,0,0,0,0,3,1,6,2,64,9,2143,2,5,-1,1,-1
201542I153605,2,3,0,14,0,0,1,0,0,0,1,1,6,1,48,8,124,1,2,-1,1,-1
201542I153705,1,9,0,18,0,0,0,0,0,0,4,1,6,2,53,8,1229,1,7,-1,1,-1
201542I153705,2,9,0,2,0,0,0,0,0,0,3,1,6,3,46,8,1560,2,9,-1,1,-1
201542I153705,3,9,0,2,0,0,0,0,0,0,3,1,6,3,-1,-1,-1,-1,-1,-1,1,-1
201542I153805,1,9,0,4,0,8,0,0,0,0,1,1,2,1,46,8,1796,1,8,-1,1,-1
201542I153805,2,9,0,3,0,8,0,0,0,0,2,1,2,1,40,7,1796,1,3,-1,1,-1
201542I153905,1,9,0,18,0,0,2,0,7,4,3,1,6,1,27,6,2987,2,5,-1,2,-1
201542I153905,2,9,0,18,0,0,0,0,0,0,3,1,6,1,44,7,1389,1,17,-1,1,-1
201542I154005,1,9,0,18,0,0,0,0,0,0,3,1,6,1,-1,-1,1995,2,4,-1,-1,-1
201542I154005,2,9,0,2,0,0,0,0,0,0,4,1,6,2,42,7,-1,-1,-1,-1,1,-1
201542I154105,1,9,0,9,0,8,0,0,0,0,1,1,6,1,32,6,1798,1,9,-1,-1,-1
201542I154105,2,9,0,18,0,8,0,0,7,9,4,1,6,2,45,7,1598,1,14,-1,1,-1
201542I154205,1,9,0,9,0,5,0,0,0,0,1,1,6,1,-1,-1,-1,-1,-1,-1,-1,-1
201542I154205,2,1,0,4,0,1,0,0,0,0,1,1,1,2,20,4,-1,-1,-1,-1,1,-1
201542I154305,1,9,0,16,0,0,1,0,7,9,2,1,2,1,24,5,1596,1,8,-1,1,-1
201542I154305,2,9,0,17,0,0,0,0,0,0,1,1,6,2,17,4,-1,-1,-1,-1,-1,-1
201542I154405,1,8,0,18,0,0,0,0,0,0,1,1,6,1,32,6,2499,2,8,-1,1,-1
201542I154405,2,9,0,3,0,0,0,0,0,0,2,1,2,2,45,7,-1,-1,-1,-1,1,-1
201542I154405,3,9,0,3,0,0,0,0,0,0,2,1,2,1,49,8,1956,2,-1,-1,1,-1
201542I154505,1,9,0,4,0,4,0,0,0,0,1,1,6,1,75,10,1997,2,11,-1,1,-1
201542I154505,2,9,0,4,0,4,0,0,0,0,2,1,6,2,32,6,-1,-1,-1,-1,1,-1
201542I154605,1,9,0,7,0,6,0,0,0,0,3,1,6,1,45,7,1560,2,3,-1,1,-1
201542I154605,2,3,0,18,0,1,0,0,0,0,1,1,6,1,34,6,125,1,1,-1,1,-1
201542I154705,1,9,0,9,0,8,0,0,4,4,1,1,6,2,35,6,1588,1,14,-1,1,-1
201542I154805,1,19,0,18,0,0,0,0,0,0,1,1,2,1,22,5,1996,2,4,-1,1,-1
201542I154805,2,9,0,4,0,0,0,0,0,0,2,1,6,1,45,7,1598,2,3,-1,3,-1
201542I154905,1,9,0,1,3,0,0,0,0,0,2,1,6,1,-1,-1,1984,1,14,-1,-1,-1
201542I155005,1,9,0,9,0,5,0,0,0,0,4,1,6,2,40,7,1598,1,9,-1,1,-1
201542I155005,2,3,0,17,0,1,1,0,0,0,1,1,1,1,17,4,124,1,6,-1,1,-1
201542I155305,1,9,0,5,0,0,0,0,0,0,1,1,6,1,19,4,1124,1,13,-1,2,-1
201542I155305,2,9,0,2,0,0,0,0,0,0,2,1,6,2,63,9,-1,-1,-1,-1,1,-1
201542I155405,1,3,0,18,0,0,1,0,0,0,1,1,6,1,18,4,-1,-1,-1,-1,2,-1
201542I155405,2,9,0,18,0,0,0,0,0,0,1,1,6,3,-1,-1,-1,-1,-1,-1,-1,-1
201542I155504,1,9,0,17,0,0,5,0,1,4,1,1,6,1,-1,-1,1997,1,13,-1,-1,-1
201542I155805,1,9,0,18,0,0,0,10,4,2,3,1,6,1,20,4,1560,2,2,-1,1,-1
201542I155905,1,90,0,4,0,1,1,0,0,0,1,1,6,1,70,10,3540,2,5,-1,1,-1
201542I155905,2,9,0,4,0,1,0,0,0,0,2,1,6,2,28,6,1360,1,11,-1,-1,-1
201542I156005,1,9,0,18,0,1,0,0,0,0,1,1,6,1,24,5,1896,2,12,-1,1,-1
201542I156005,2,9,0,3,0,1,0,0,0,0,2,1,6,2,19,4,1582,2,3,-1,1,-1
201542I156105,1,9,0,4,0,0,0,0,0,0,1,1,6,1,83,11,1396,1,11,-1,2,-1
201542I156105,2,9,0,3,0,0,0,0,0,0,2,1,6,2,60,9,1989,1,16,-1,3,-1
201542I156105,3,9,0,3,0,0,0,0,0,0,2,1,6,1,50,8,1248,1,2,-1,1,-1
201542I156205,1,9,0,18,0,0,0,0,0,0,1,1,2,1,21,5,1598,1,3,-1,1,-1
201542I156205,2,9,0,18,0,0,0,0,0,0,2,1,6,2,34,6,2993,2,3,-1,3,-1
201542I156305,1,9,0,18,0,4,0,0,0,0,1,1,1,1,60,9,2993,2,6,-1,1,-1
201542I156305,2,5,0,18,0,4,0,0,0,0,2,1,1,1,49,8,997,1,30,-1,1,-1
201542I156405,1,9,0,18,0,0,0,0,0,0,4,1,6,1,63,9,1896,2,13,-1,3,-1
201542I156505,1,9,0,9,0,8,0,0,0,0,1,1,6,2,47,8,2987,2,7,-1,1,-1
201542I156505,2,9,0,18,0,8,0,0,7,0,1,1,2,2,24,5,1242,1,16,-1,1,-1
201542I156605,1,9,0,6,0,0,0,0,0,0,3,1,6,1,44,7,1910,2,7,-1,1,-1
201542I156605,2,3,0,18,0,0,1,0,0,0,1,1,6,1,39,7,124,1,11,-1,3,-1
201542I156705,1,9,0,18,0,4,0,0,0,0,1,1,6,2,30,6,1753,2,10,-1,2,-1
201542I156705,2,9,0,18,0,8,0,0,0,0,4,1,6,2,49,8,-1,-1,-1,-1,2,-1
201542I156805,1,97,0,18,0,0,1,0,0,0,4,1,6,1,26,6,998,1,11,-1,1,-1
201542I156905,1,9,0,9,0,6,0,0,0,0,2,1,6,1,79,11,1596,1,10,-1,1,-1
201542I156905,2,9,0,18,0,1,0,0,0,0,1,1,6,2,38,7,1796,1,14,-1,1,-1
201542I157005,1,9,0,15,0,0,0,0,0,0,4,1,6,2,53,8,1242,1,-1,-1,2,-1
201542I157005,2,4,0,18,0,0,0,0,0,0,2,1,6,1,22,5,124,1,1,-1,2,-1
201542I157005,3,1,0,18,0,0,0,0,0,0,1,1,6,3,-1,-1,-1,-1,-1,-1,-1,-1
201542I157105,1,9,0,18,0,0,0,0,0,0,1,1,6,2,29,6,1896,2,12,-1,1,-1
201542I157105,2,9,0,18,0,0,0,0,0,0,2,1,6,2,35,6,1997,2,-1,-1,1,-1
201542I157205,1,9,0,16,0,1,0,0,7,1,1,1,6,1,19,4,1364,1,11,-1,1,-1
201542I157305,1,9,0,16,0,0,5,0,2,4,1,1,6,1,17,4,1199,1,12,-1,1,-1
201542I157405,1,9,0,18,0,1,0,0,0,0,1,1,6,1,67,10,1596,1,2,-1,1,-1
201542I157505,1,9,0,18,0,0,0,0,0,0,1,1,6,1,58,9,998,1,13,-1,1,-1
201542I157505,2,9,0,18,0,0,0,0,0,0,2,1,6,2,26,6,1399,2,11,-1,1,-1
201542I157605,1,9,0,18,0,2,0,0,0,0,1,1,6,1,23,5,1998,1,9,-1,-1,-1
201542I157605,2,9,0,18,0,2,0,0,0,0,2,1,6,2,48,8,2179,2,2,-1,1,-1
201542I157705,1,9,0,9,0,2,0,0,0,0,3,1,6,1,45,7,1422,2,10,-1,1,-1
201542I157705,2,3,0,18,0,1,0,0,0,0,1,1,6,1,27,6,124,1,14,-1,1,-1
201542I157805,1,9,0,18,0,6,0,0,1,4,1,1,6,2,77,11,1242,1,1,-1,-1,-1
201542I157905,1,8,0,18,0,0,5,0,0,0,0,1,1,1,45,7,2460,2,8,-1,1,-1
201542I158005,1,9,0,18,0,0,0,11,0,0,1,1,2,2,25,5,1242,1,11,-1,1,-1
201542I158105,1,9,0,4,0,0,0,0,0,0,2,1,6,3,-1,-1,1339,1,5,-1,-1,-1
201542I158105,2,9,0,4,0,0,0,0,0,0,1,1,6,1,37,7,-1,-1,-1,-1,1,-1
201542I158205,1,9,0,10,0,2,0,0,0,0,2,1,6,3,-1,-1,1560,2,4,-1,-1,-1
201542I158205,2,9,0,3,0,2,0,0,0,0,2,1,6,1,54,8,-1,-1,-1,-1,1,-1
201542I158205,3,9,0,3,0,2,0,0,0,0,1,1,6,3,-1,-1,-1,-1,-1,-1,-1,-1
201542I158305,1,9,0,9,0,8,0,0,0,0,3,1,6,2,63,9,1560,2,6,-1,1,-1
201542I158305,2,9,0,18,0,1,0,0,7,0,1,1,6,1,79,11,993,1,13,-1,1,-1
201542I158405,1,9,0,4,0,0,0,0,0,0,1,1,2,2,54,8,2179,2,1,-1,2,-1
201542I158405,2,9,0,3,0,0,0,0,0,0,2,1,2,1,27,6,1590,1,14,-1,1,-1
201542I158505,1,9,0,10,0,1,0,0,0,0,4,1,2,1,44,7,1368,1,4,-1,1,-1
201542I158505,2,9,0,18,0,1,0,0,0,0,1,1,2,2,56,9,1108,1,5,-1,3,-1
201542I158605,1,19,0,18,0,0,0,0,0,0,3,1,6,1,51,8,1868,2,11,-1,3,-1
201542I158705,1,9,0,16,0,0,0,0,0,0,1,1,6,1,23,5,1149,1,13,-1,-1,-1
201542I158705,2,9,0,18,0,0,0,0,1,0,1,1,6,2,21,5,1242,1,3,-1,1,-1
201542I158805,1,9,0,18,0,0,2,0,0,0,0,1,6,1,34,6,2993,2,10,-1,1,-1
201542I158905,1,9,0,18,0,1,0,0,0,0,1,1,6,3,28,6,-1,-1,-1,-1,-1,-1
201542I158905,2,1,0,18,0,1,0,0,0,0,4,1,6,1,10,2,-1,-1,-1,-1,1,-1
201542I159005,1,9,0,8,0,1,0,0,0,0,2,1,1,1,45,7,1995,2,-1,-1,1,-1
201542I159005,2,1,0,18,0,1,0,0,0,0,1,1,6,1,-1,-1,-1,-1,-1,-1,3,-1
201542I159105,1,9,0,18,0,0,2,0,1,2,1,1,2,1,40,7,-1,-1,-1,-1,1,-1
201542I159205,1,9,0,8,9,6,0,0,0,0,1,1,1,2,65,9,1995,2,7,-1,1,-1
201542I159305,1,5,0,13,0,0,1,0,0,0,1,1,2,1,34,6,996,1,12,-1,3,-1
201542I159305,2,21,1,18,0,0,0,0,0,0,1,1,1,1,58,9,10837,2,4,-1,1,-1
201542I159305,3,9,0,18,0,0,0,0,0,0,1,1,6,2,31,6,3824,1,9,-1,1,-1
201542I159305,4,9,0,18,0,0,0,0,0,0,1,1,2,1,18,4,1242,1,16,-1,2,-1
201542I159505,1,19,0,18,0,0,0,0,0,0,2,1,6,1,23,5,1995,2,8,-1,1,-1
201542I159505,2,9,0,18,0,0,0,0,0,0,1,1,6,1,23,5,1596,1,15,-1,1,-1
201542I159605,1,5,0,18,0,8,1,0,0,0,1,1,6,1,21,5,124,1,2,-1,1,-1
201542I159605,2,9,0,9,0,8,0,0,0,0,4,1,6,1,42,7,2148,2,12,-1,1,-1