Accident_Index,Vehicle_Reference,Vehicle_Type,Towing_and_Articulation,Vehicle_Manoeuvre,Vehicle_Location-Restricted_Lane,Junction_Location,Skidding_and_Overturning,Hit_Object_in_Carriageway,Vehicle_Leaving_Carriageway,Hit_Object_off_Carriageway,1st_Point_of_Impact,Was_Vehicle_Left_Hand_Drive?,Journey_Purpose_of_Driver,Sex_of_Driver,Age_of_Driver,Age_Band_of_Driver,Engine_Capacity_(CC),Propulsion_Code,Age_of_Vehicle,Driver_IMD_Decile,Driver_Home_Area_Type,Vehicle_IMD_Decile
201542I159705,1,9,0,18,0,8,0,0,0,0,1,1,6,2,59,9,1086,1,10,-1,1,-1
201542I159705,2,9,0,18,0,8,1,0,1,11,2,1,6,2,23,5,1229,1,1,-1,1,-1
201542I159705,3,9,0,2,0,1,0,0,0,0,1,1,6,3,-1,-1,1995,1,13,-1,-1,-1
201542I159705,4,9,0,2,0,1,0,0,0,0,2,1,6,3,-1,-1,1596,1,4,-1,-1,-1
201542I159805,1,9,0,18,0,0,0,0,0,0,0,1,6,3,-1,-1,1598,2,2,-1,-1,-1
201542I159805,2,9,0,18,0,0,0,0,0,0,1,1,6,1,58,9,1587,1,9,-1,1,-1
201542I159805,3,9,0,18,0,0,0,0,0,0,2,1,6,2,38,7,2400,2,1,-1,1,-1
201542I159805,4,9,0,18,0,0,0,0,0,0,0,1,1,1,40,7,2982,2,-1,-1,1,-1
201542I159905,1,9,0,18,0,0,2,0,0,7,4,1,6,1,22,5,2198,2,9,-1,-1,-1
201542I160005,1,9,0,5,9,1,0,0,0,0,3,1,6,1,68,10,1596,1,12,-1,1,-1
201542I160005,2,9,0,18,0,2,0,0,0,0,1,1,6,1,29,6,1389,1,16,-1,1,-1
201542I160105,1,19,0,16,0,0,1,0,0,0,3,1,1,1,32,6,-1,-1,-1,-1,1,-1
201542I160105,2,9,0,17,0,0,0,0,0,0,3,1,6,1,65,9,1242,1,2,-1,1,-1
201542I160205,1,9,0,8,0,1,0,0,0,0,1,1,2,1,32,6,1998,1,8,-1,1,-1
201542I160205,2,9,0,18,0,1,0,0,0,0,2,1,6,1,47,8,2830,2,21,-1,1,-1
201542I160305,1,9,0,9,0,4,0,0,0,0,0,1,6,3,-1,-1,-1,-1,-1,-1,-1,-1
201542I160305,2,9,0,4,0,1,0,0,0,0,2,1,6,1,32,6,6162,1,7,-1,1,-1
201542I160305,3,9,0,4,0,1,0,0,0,0,1,1,6,2,68,10,1587,1,10,-1,1,-1
201542I160405,1,9,0,9,0,8,0,0,0,0,4,1,6,1,29,6,1799,1,8,-1,1,-1
201542I160405,2,9,0,18,0,8,0,0,1,4,1,1,6,2,46,8,1598,1,7,-1,1,-1
201542I160605,1,9,0,18,0,1,0,0,0,0,1,1,6,2,83,11,998,1,18,-1,1,-1
201542I160605,2,9,0,9,0,1,0,0,0,0,2,1,6,1,68,10,2979,1,14,-1,1,-1
201542I160705,1,9,0,12,0,0,0,0,0,0,0,1,6,3,-1,-1,-1,-1,-1,-1,-1,-1
201542I160705,2,9,0,11,0,0,1,0,0,6,3,1,2,3,19,4,796,1,13,-1,1,-1
201542I160705,3,9,0,15,0,0,1,0,0,0,4,1,6,3,30,6,1686,2,4,-1,1,-1
201542I160805,1,9,0,17,0,2,0,0,7,3,1,1,6,1,37,7,1596,1,13,-1,1,-1
201542I160905,1,9,0,4,0,2,0,0,0,0,1,1,6,2,20,4,1242,1,1,-1,1,-1
201542I160905,2,9,0,4,0,2,0,0,0,0,2,1,6,1,31,6,2171,1,14,-1,1,-1
201542I161005,1,9,0,3,0,4,0,0,0,0,1,1,6,3,31,6,1596,1,14,-1,-1,-1
201542I161005,2,9,0,3,0,4,0,0,0,0,2,1,6,3,25,5,1461,2,1,-1,1,-1
201542I161105,1,22,0,18,9,2,0,0,0,0,1,1,6,2,88,11,-1,-1,-1,-1,1,-1
201542I161205,1,4,0,18,0,1,1,0,0,0,4,1,2,1,24,5,124,1,4,-1,1,-1
201542I161306,1,9,0,9,0,6,0,0,0,0,3,1,6,2,21,5,1242,1,-1,-1,1,-1
201542I161306,2,9,0,18,0,1,0,0,0,0,1,1,6,2,57,9,998,1,32,-1,1,-1
201542I161406,1,9,0,10,0,1,0,0,1,0,1,1,1,2,46,8,-1,-1,-1,-1,2,-1
201542I161406,2,9,0,16,0,1,0,0,0,0,2,1,3,2,25,5,2143,12,-1,-1,1,-1
201542I161505,1,9,0,5,0,8,0,0,0,0,4,1,6,1,28,6,1686,2,3,-1,-1,-1
201542I161505,2,1,0,18,0,8,0,0,0,0,1,1,6,1,51,8,-1,-1,-1,-1,1,-1
201542I161705,1,20,0,18,0,8,0,0,0,0,1,1,6,1,56,9,-1,-1,-1,-1,1,-1
201542I161806,1,9,0,18,0,1,0,0,0,0,1,1,6,2,23,5,1995,2,2,-1,2,-1
201542I161806,2,9,0,3,0,1,0,0,0,0,2,1,6,2,60,9,1896,2,8,-1,3,-1
201542I161906,1,21,0,4,0,0,0,0,0,0,1,1,1,1,54,8,6370,2,9,-1,1,-1
201542I161906,2,9,0,4,0,0,0,0,0,0,2,1,2,1,49,8,1598,1,9,-1,1,-1
201542I161906,3,9,0,4,0,0,0,0,0,0,2,1,2,2,37,7,1685,2,-1,-1,1,-1
201542I162005,1,9,0,18,0,4,0,0,0,0,1,1,6,3,-1,-1,-1,-1,-1,-1,-1,-1
201542I162005,2,9,0,18,0,4,0,0,0,0,2,1,6,1,28,6,1997,2,12,-1,1,-1
201542I162106,1,9,0,18,0,0,0,0,0,0,0,1,6,3,-1,-1,-1,-1,-1,-1,-1,-1
201542I162106,2,9,0,18,0,0,1,0,2,3,4,1,2,2,22,5,1198,1,12,-1,-1,-1
201542I162206,1,9,0,18,0,0,0,0,0,0,1,1,2,1,35,6,1598,1,14,-1,1,-1
201542I162206,2,9,0,18,0,0,0,0,7,0,1,1,6,1,28,6,1999,1,14,-1,2,-1
201542I162305,1,9,0,18,0,1,0,0,0,0,1,1,6,3,-1,-1,-1,-1,-1,-1,-1,-1
201542I162305,2,3,0,18,0,1,0,0,0,0,4,1,6,1,45,7,244,1,8,-1,1,-1
201542I162406,1,3,0,15,0,0,0,0,0,0,3,1,6,1,18,4,124,1,2,-1,1,-1
201542I162406,2,9,0,7,0,0,0,0,0,0,4,1,2,1,51,8,1399,2,10,-1,1,-1
201542I162506,1,9,0,16,0,0,5,0,2,11,4,1,6,1,21,5,1796,1,14,-1,2,-1
201542I162606,1,9,0,18,0,1,0,0,0,0,1,1,6,1,29,6,1397,1,7,-1,1,-1
201542I162606,2,9,0,3,0,1,0,0,0,0,2,1,6,2,21,5,-1,-1,-1,-1,1,-1
201542I162706,1,9,0,7,0,1,0,0,0,0,4,1,1,1,22,5,1896,2,12,-1,-1,-1
201542I162706,2,1,0,18,0,1,0,0,0,0,3,1,6,1,22,5,-1,-1,-1,-1,-1,-1
201542I162906,1,9,0,18,0,0,0,0,0,0,1,1,6,2,76,11,1299,1,13,-1,1,-1
201542I162906,2,9,0,3,0,0,0,0,0,0,2,1,6,1,20,4,1999,1,9,-1,1,-1
201542I163006,1,9,0,9,0,0,0,0,0,0,1,1,6,1,57,9,-1,-1,-1,-1,1,-1
201542I163006,2,9,0,18,0,0,0,0,0,0,1,1,6,1,24,5,1596,1,4,-1,1,-1
201542I163105,1,98,0,9,0,3,0,0,0,0,1,1,6,1,-1,-1,-1,-1,-1,-1,-1,-1
201542I163105,2,1,0,18,0,8,0,0,0,0,2,1,6,1,49,8,-1,-1,-1,-1,1,-1
201542I163206,1,9,0,18,0,0,0,0,0,0,1,1,6,1,81,11,1388,1,11,-1,-1,-1
201542I163206,2,9,0,18,0,0,0,0,0,0,2,1,6,1,39,7,1596,1,10,-1,1,-1
201542I163206,3,9,0,6,0,0,0,0,0,0,2,1,6,1,33,6,1995,2,10,-1,1,-1
201542I163206,4,9,0,18,0,0,0,0,0,0,1,1,6,1,34,6,1796,1,15,-1,1,-1
201542I163306,1,9,0,18,0,0,0,0,0,0,1,1,6,2,70,10,1998,1,8,-1,2,-1
201542I163306,2,9,0,18,0,0,0,0,1,0,1,1,6,1,58,9,1364,1,2,-1,3,-1
201542I163405,1,9,0,18,0,1,0,0,0,0,1,1,6,1,-1,-1,998,1,2,-1,-1,-1
201542I163405,2,9,0,18,0,1,0,0,1,9,1,1,6,2,42,7,1995,2,5,-1,1,-1
201542I163405,3,9,0,18,0,1,0,0,1,9,1,1,6,2,41,7,2000,1,11,-1,1,-1
201542I163505,1,9,0,9,0,8,0,0,0,0,1,1,6,1,18,4,998,1,3,-1,1,-1
201542I163505,2,1,0,18,0,8,0,0,0,0,1,1,6,1,44,7,-1,-1,-1,-1,1,-1
201542I163605,1,9,0,16,0,0,0,0,0,0,4,1,6,1,-1,-1,2179,2,6,-1,3,-1
201542I163705,1,9,0,18,0,1,0,0,0,0,1,1,6,2,-1,-1,1968,2,4,-1,3,-1
201542I163705,2,9,0,18,0,1,0,0,0,0,2,1,6,2,40,7,-1,-1,-1,-1,1,-1
201542I163805,1,9,0,18,8,8,0,0,0,0,3,1,6,1,-1,-1,1968,2,7,-1,-1,-1
201542I163805,2,9,0,18,0,8,0,0,0,0,4,1,6,2,28,6,1910,2,6,-1,1,-1
201542I163905,1,19,0,18,0,0,0,0,0,0,1,1,6,1,-1,-1,-1,-1,-1,-1,-1,-1
201542I163905,2,8,0,18,0,0,0,0,0,0,2,1,6,1,-1,-1,-1,-1,-1,-1,-1,-1
201542I164005,1,9,0,16,0,0,1,0,8,5,1,1,2,1,29,6,1360,1,11,-1,-1,-1
201542I164105,1,9,0,9,0,6,0,0,0,0,4,1,6,2,80,11,1598,1,18,-1,1,-1
201542I164105,2,9,0,18,0,8,0,0,0,0,3,1,6,1,66,10,1587,1,14,-1,1,-1
201542I164105,3,11,0,3,0,1,0,0,0,0,3,1,1,1,47,8,4250,2,4,-1,-1,-1
201542I164205,1,19,0,18,0,4,0,0,0,0,1,1,6,1,33,6,1598,2,4,-1,1,-1
201542I164205,2,9,0,4,0,4,0,0,0,0,2,1,1,1,21,5,2616,1,10,-1,1,-1
201542I164303,1,19,0,12,0,0,0,0,0,0,3,1,1,1,71,10,1461,2,5,-1,1,-1
201542I164303,2,9,0,13,0,0,0,0,0,0,4,1,6,1,25,5,1998,1,6,-1,1,-1
201542I164402,1,9,0,17,0,0,1,0,1,3,4,1,6,2,63,9,1686,2,11,-1,1,-1
201542I164505,1,9,0,9,0,7,0,0,0,0,0,1,1,1,35,6,1560,2,1,-1,-1,-1
201542I164505,2,5,0,18,0,8,1,0,0,0,0,1,6,1,26,6,749,1,15,-1,1,-1
201542I164606,1,5,0,18,0,1,1,0,1,1,1,1,6,1,32,6,1150,1,5,-1,3,-1
201542I164806,1,9,0,12,0,3,1,0,4,0,3,1,6,1,69,10,1497,1,14,-1,1,-1
201542I164806,2,9,0,18,0,3,0,0,0,0,4,1,6,1,69,10,2987,2,9,-1,1,-1
201542I164906,1,3,0,18,0,0,1,0,0,0,1,1,6,1,23,5,125,1,7,-1,1,-1
201542I164906,2,9,0,18,0,0,0,0,0,0,3,1,6,3,34,6,1910,2,9,-1,-1,-1
201542I164906,3,19,0,18,0,0,0,0,0,0,2,1,6,3,47,8,2198,2,1,-1,3,-1
201542I165006,1,21,0,18,0,0,2,0,0,0,0,1,1,1,45,7,-1,-1,-1,-1,-1,-1
201542I165106,1,5,0,18,0,0,0,0,0,0,1,1,1,1,52,8,-1,-1,-1,-1,1,-1
201542I165106,2,20,0,18,0,0,0,0,0,0,2,1,1,1,42,7,-1,-1,-1,-1,1,-1
201542I165205,1,9,0,18,0,3,0,11,0,10,1,1,6,1,20,4,-1,-1,-1,-1,-1,-1
201542I165305,1,5,0,18,0,1,1,10,0,0,1,1,6,3,-1,-1,-1,-1,-1,-1,-1,-1
201542I165305,2,9,0,4,0,1,0,0,0,0,2,1,6,2,65,9,1398,1,10,-1,3,-1
201542I165505,1,8,0,18,0,1,0,0,0,0,1,1,1,1,27,6,-1,-1,-1,-1,1,-1
201542I165505,2,9,0,18,0,1,0,0,0,0,2,1,2,2,46,8,2362,1,13,-1,1,-1
201542I165605,1,9,0,18,0,0,0,0,0,0,4,1,6,3,61,9,-1,-1,-1,-1,1,-1
201542I165605,2,9,0,18,0,0,0,0,0,0,0,1,6,1,28,6,1998,2,11,-1,1,-1
201542I165805,1,9,0,5,0,3,1,0,0,0,4,1,6,1,23,5,2000,2,15,-1,3,-1
201542I165805,2,9,0,15,0,4,0,0,1,0,1,1,6,2,44,7,-1,-1,-1,-1,1,-1
201542I165905,1,9,0,17,0,0,1,0,0,0,1,1,6,2,25,5,998,1,18,-1,1,-1
201542I165905,2,9,0,16,0,0,0,0,0,0,3,1,6,2,47,8,1598,1,4,-1,2,-1
201542I166106,1,11,0,3,0,1,0,0,0,0,0,1,1,1,46,8,-1,2,16,-1,-1,-1
201542I166306,1,19,0,18,0,0,0,0,0,0,1,1,6,3,-1,-1,2198,2,8,-1,-1,-1
201542I166306,2,9,0,18,0,0,0,0,0,0,2,1,6,1,48,8,1299,1,17,-1,1,-1
201542I166406,1,9,0,18,0,4,0,0,0,0,1,1,6,3,-1,-1,2198,1,12,-1,-1,-1
201542I166406,2,9,0,3,0,4,0,0,0,0,2,1,6,2,18,4,1242,1,6,-1,2,-1
201542I166506,1,9,0,5,0,2,0,0,0,0,3,1,6,2,-1,-1,-1,-1,-1,-1,-1,-1
201542I166706,1,9,0,18,0,8,0,0,0,0,2,1,6,2,-1,-1,1598,1,6,-1,-1,-1
201542I166706,2,9,0,18,0,7,0,0,0,0,1,1,6,1,25,5,1596,1,3,-1,1,-1
201542I166806,1,9,0,18,0,0,0,0,0,0,1,1,6,1,-1,-1,1598,1,12,-1,1,-1
201542I166806,2,9,0,3,0,0,0,0,0,0,2,1,2,2,19,4,1242,1,6,-1,1,-1
201542I167006,1,9,0,4,0,1,0,0,0,0,1,1,6,3,-1,-1,-1,-1,-1,-1,-1,-1
201542I167006,2,1,0,9,0,1,0,0,0,0,2,1,6,1,37,7,-1,-1,-1,-1,1,-1
201542I167106,1,9,0,18,0,0,0,0,0,0,1,1,2,1,48,8,1596,1,8,-1,1,-1
201542I167206,1,9,0,5,0,1,0,0,0,0,1,1,6,1,-1,-1,1988,1,14,-1,-1,-1
201542I167206,2,9,0,4,0,1,0,0,0,0,2,1,6,2,22,5,998,1,8,-1,1,-1
201542I167306,1,90,5,18,9,0,0,0,0,0,1,1,1,1,-1,-1,-1,-1,-1,-1,-1,-1
201542I167306,2,1,0,18,0,0,0,0,0,0,2,1,6,1,13,3,-1,-1,-1,-1,3,-1
201542I167405,1,9,0,5,0,0,0,0,0,0,2,1,6,2,32,6,1389,1,12,-1,1,-1
201542I167405,2,9,0,18,0,0,1,0,0,0,1,1,6,1,44,7,4966,1,15,-1,2,-1
201542I167506,1,9,0,18,0,1,1,0,0,0,1,1,2,1,37,7,-1,-1,-1,-1,1,-1
201542I167506,2,9,0,18,0,1,0,0,0,0,1,1,1,1,31,6,-1,-1,-1,-1,1,-1
201542I167506,3,9,0,4,0,1,0,0,0,0,2,1,3,2,52,8,2993,2,-1,-1,3,-1
201542I167605,1,9,0,18,0,8,0,0,0,0,1,1,6,2,30,6,-1,-1,-1,-1,3,-1
201542I167605,2,9,0,4,0,8,0,0,0,0,2,1,6,1,-1,-1,-1,-1,-1,-1,-1,-1
201542I167706,1,9,0,7,0,3,0,0,0,0,4,1,1,1,28,6,-1,-1,-1,-1,1,-1
201542I167706,2,21,1,18,0,8,0,0,0,0,3,1,1,1,29,6,10837,2,2,-1,1,-1
201542I167906,1,1,0,18,0,0,0,0,0,0,0,1,6,1,28,6,-1,-1,-1,-1,1,-1
201542I167906,2,9,0,18,0,0,0,0,0,0,0,1,6,2,32,6,-1,-1,-1,-1,1,-1
201542I168006,1,9,0,3,0,4,0,0,0,0,1,1,6,1,-1,-1,-1,-1,-1,-1,-1,-1
201542I168006,2,9,0,18,0,4,0,0,0,0,2,1,3,2,28,6,2000,1,11,-1,1,-1
201542I168306,1,19,0,18,0,1,0,0,0,0,1,1,6,1,30,6,2198,2,3,-1,3,-1
201542I168306,2,9,0,4,0,1,0,0,0,0,2,1,6,1,66,10,1461,2,6,-1,2,-1
201542I168406,1,9,0,17,0,0,5,0,1,9,4,1,6,2,27,6,-1,-1,-1,-1,1,-1
201542I168506,1,21,1,11,0,0,0,0,0,0,4,1,1,1,43,7,10308,2,7,-1,1,-1
201542I168506,2,9,0,18,0,0,1,0,0,0,3,1,1,1,31,6,1596,1,13,-1,1,-1
201542I168606,1,9,0,18,0,0,0,0,0,0,1,1,6,2,28,6,2926,2,12,-1,3,-1
201542I168606,2,9,0,18,0,0,0,12,0,0,2,1,6,1,67,10,-1,-1,-1,-1,3,-1
201542I168706,1,21,0,18,0,4,0,0,0,0,3,2,1,1,58,9,-1,-1,-1,-1,-1,-1
201542I168706,2,11,0,9,0,4,0,0,0,0,4,1,1,1,41,7,4760,2,2,-1,1,-1
201542I168806,1,11,0,2,0,1,0,0,0,0,0,1,1,1,49,8,7300,2,13,-1,1,-1
201542I168906,1,3,0,18,0,8,0,0,0,0,1,1,1,1,31,6,-1,-1,-1,-1,1,-1
201542I168906,2,9,0,18,0,3,0,0,0,0,4,1,1,1,52,8,-1,-1,-1,-1,1,-1
201542I169006,1,9,0,5,0,8,0,0,0,0,3,1,6,2,21,5,1242,1,2,-1,1,-1
201542I169006,2,1,0,18,0,8,0,0,0,0,1,1,6,1,62,9,-1,-1,-1,-1,1,-1
201542I169106,1,9,0,18,0,0,1,0,0,0,1,1,2,1,21,5,-1,-1,-1,-1,3,-1
201542I169106,2,9,0,4,0,0,0,0,0,0,2,1,6,1,42,7,1997,2,7,-1,1,-1
201542I169106,3,9,0,4,0,0,0,0,0,0,2,1,2,1,35,6,-1,-1,-1,-1,1,-1
201542I169206,1,3,0,4,0,2,0,0,0,0,1,1,2,1,19,4,124,1,-1,-1,1,-1
201542I169206,2,9,0,4,0,2,0,0,0,0,2,1,2,2,59,9,1798,1,10,-1,1,-1
201542I169306,1,9,0,1,9,1,0,0,0,0,3,1,1,1,30,6,-1,-1,-1,-1,3,-1
201542I169306,2,1,0,18,9,1,0,0,0,0,3,1,6,2,53,8,-1,-1,-1,-1,2,-1
201542I169406,1,19,0,18,0,0,1,0,0,6,3,1,1,1,44,7,2494,2,13,-1,-1,-1
201542I169506,1,19,0,18,0,0,1,0,4,6,1,1,1,1,52,8,1868,2,13,-1,2,-1
201542I169606,1,9,0,16,0,4,1,10,1,0,1,1,6,1,23,5,1596,1,5,-1,1,-1
201542I169606,2,9,0,5,0,3,0,10,7,0,3,1,6,1,-1,-1,2204,2,7,-1,-1,-1
201542I169706,1,20,0,18,0,0,0,0,0,0,1,1,1,1,59,9,4250,2,3,-1,2,-1
201542I169706,2,9,0,4,0,0,0,0,0,0,2,1,6,1,43,7,1956,2,2,-1,1,-1
201542I169806,1,19,0,13,0,0,0,0,0,0,0,1,6,3,-1,-1,-1,-1,-1,-1,-1,-1
201542I169806,2,9,0,18,0,0,0,0,0,6,3,1,6,1,18,4,1242,1,17,-1,1,-1
201542I169906,1,9,0,18,0,0,0,0,0,0,1,1,6,2,72,10,1242,1,13,-1,1,-1
201542I169906,2,9,0,18,0,0,0,0,0,0,3,1,6,1,42,7,2231,2,1,-1,3,-1
201542I170006,1,9,0,18,9,0,0,0,1,0,1,1,6,2,-1,-1,-1,-1,-1,-1,-1,-1
201542I170006,2,1,0,18,9,0,0,0,0,0,2,1,6,1,8,2,-1,-1,-1,-1,1,-1
201542I170106,1,2,0,18,0,8,0,0,0,0,1,1,6,1,20,4,125,1,1,-1,1,-1
201542I170106,2,9,0,10,0,8,0,0,0,0,3,1,1,1,40,7,1998,2,5,-1,-1,-1
201542I170206,1,9,0,4,0,0,0,0,0,0,1,1,6,1,30,6,1796,1,12,-1,1,-1
201542I170206,2,9,0,4,0,0,0,0,0,0,2,1,6,1,37,7,2993,2,5,-1,1,-1
201542I170206,3,19,0,4,0,0,0,0,0,0,2,1,6,1,25,5,1996,2,1,-1,1,-1
201542I170306,1,9,0,16,0,0,0,0,0,0,1,1,6,1,74,10,1749,1,12,-1,1,-1
201542I170406,1,9,0,7,0,8,0,0,0,0,4,1,6,2,19,4,-1,-1,-1,-1,1,-1
201542I170506,1,9,0,18,0,3,0,0,0,0,1,1,6,2,49,8,1753,2,7,-1,1,-1
201542I170506,2,1,0,18,5,1,0,0,0,0,4,1,6,1,18,4,-1,-1,-1,-1,1,-1
201542I170606,1,21,1,12,0,0,0,0,0,0,3,2,1,1,37,7,-1,-1,-1,-1,-1,-1
201542I170606,2,9,0,18,0,0,0,0,0,0,4,1,2,1,31,6,1968,2,-1,-1,1,-1
201542I170706,1,9,0,16,0,1,0,0,0,0,1,1,1,2,20,4,-1,-1,-1,-1,1,-1
201542I170706,2,9,0,5,0,1,0,0,0,0,3,1,6,1,68,10,3226,2,15,-1,3,-1
201542I170806,1,19,0,18,0,8,0,0,0,0,1,1,6,1,47,8,-1,-1,-1,-1,1,-1
201542I170806,2,8,0,10,0,5,0,0,0,0,2,1,6,2,46,8,1560,2,4,-1,1,-1
201542I170906,1,4,0,18,0,8,0,0,0,0,3,1,6,1,19,4,-1,-1,-1,-1,-1,-1
201542I170906,2,9,0,18,0,8,0,0,0,0,4,1,1,1,38,7,2993,2,1,-1,3,-1
201542I170906,3,9,0,18,0,8,0,0,0,0,1,1,1,1,44,7,2993,2,3,-1,-1,-1
201542I171006,1,9,0,18,0,0,0,0,0,0,3,1,1,2,-1,-1,-1,-1,-1,-1,-1,-1
201542I171006,2,9,0,18,0,0,0,0,0,0,4,1,1,2,31,6,1896,2,12,-1,1,-1
201542I171304,1,9,0,3,0,1,0,0,0,0,4,1,1,1,29,6,-1,-1,-1,-1,1,-1
201542I171304,2,3,0,18,0,1,0,0,0,0,1,1,1,1,45,7,-1,-1,-1,-1,1,-1
201542I171605,1,5,0,4,0,0,1,0,0,0,1,1,2,1,33,6,675,1,1,-1,1,-1
201542I171605,2,19,0,4,0,0,0,0,0,0,2,1,1,1,38,7,1995,2,3,-1,1,-1
201542I171702,1,5,0,5,0,8,0,0,0,0,4,1,6,1,30,6,-1,-1,-1,-1,-1,-1
201542I171806,1,9,0,18,0,8,0,0,0,0,1,1,6,2,30,6,1120,2,2,-1,1,-1
201542I171806,2,9,0,18,0,8,0,0,0,0,2,1,6,1,28,6,1388,1,8,-1,1,-1
201542I171806,3,9,0,10,0,5,0,0,0,0,2,1,6,1,21,5,1598,1,8,-1,1,-1
201542I171906,1,9,0,2,0,0,0,0,0,0,2,1,6,3,-1,-1,2401,2,10,-1,-1,-1
201542I171906,2,1,0,18,0,0,0,0,0,0,1,1,6,1,14,3,-1,-1,-1,-1,1,-1
201542I172006,1,3,0,18,0,8,1,0,0,0,1,1,6,1,22,5,124,1,14,-1,2,-1
201542I172106,1,9,0,18,0,0,0,0,0,0,1,1,6,2,87,11,1242,1,5,-1,2,-1
201542I172106,2,9,0,18,0,0,0,0,1,0,1,1,6,1,47,8,1598,2,2,-1,-1,-1
201542I172206,1,5,0,16,0,1,1,0,7,1,1,1,6,1,29,6,-1,-1,-1,-1,1,-1
201542I172206,2,5,0,16,0,1,1,0,0,0,1,1,6,1,30,6,998,1,7,-1,1,-1
201542I172206,3,9,0,18,0,1,0,0,0,0,1,1,6,1,65,9,-1,-1,-1,-1,1,-1
201542I172306,1,2,0,18,0,0,0,0,0,0,1,1,2,2,17,4,49,1,6,-1,3,-1
201542I172306,2,9,0,18,0,0,0,0,0,0,2,1,2,2,43,7,-1,-1,-1,-1,-1,-1
201542I172405,1,9,0,1,0,0,0,0,0,0,2,1,6,2,-1,-1,-1,-1,-1,-1,-1,-1
201542I172405,2,19,0,2,0,0,0,0,0,0,1,1,6,2,32,6,1598,1,9,-1,1,-1
201542I172506,1,9,0,6,0,8,0,0,7,4,1,1,6,1,74,10,1248,1,2,-1,1,-1
201542I172606,1,9,0,6,0,1,1,0,0,0,3,1,6,1,49,8,-1,-1,-1,-1,1,-1
201542I172606,2,9,0,18,0,1,0,0,0,0,1,1,6,1,22,5,2979,1,1,-1,1,-1
201542I172706,1,9,0,5,0,1,0,0,0,0,3,1,6,2,25,5,1198,1,10,-1,1,-1
201542I172706,2,5,0,18,0,1,1,0,0,0,0,1,6,1,25,5,398,1,23,-1,1,-1
201542I172806,1,19,0,9,0,6,0,0,0,0,3,1,6,1,27,6,1968,2,-1,-1,1,-1
201542I172806,2,9,0,18,0,1,0,0,0,0,1,1,6,2,37,7,1368,1,7,-1,2,-1
201542I172906,1,9,0,3,0,1,0,0,0,0,4,1,1,1,37,7,2496,2,14,-1,1,-1
201542I172906,2,5,0,13,0,1,0,0,0,0,1,1,1,1,46,8,803,1,3,-1,1,-1
201542I173006,1,19,0,7,0,4,0,0,0,0,1,1,6,1,25,5,2563,2,10,-1,1,-1
201542I173006,2,9,0,7,0,4,0,0,0,0,2,1,6,2,30,6,-1,-1,-1,-1,1,-1
201542I173106,1,9,0,5,0,1,0,0,0,0,1,1,1,2,46,8,1997,1,8,-1,1,-1
201542I173206,1,9,0,18,0,0,0,0,0,0,1,1,6,1,-1,-1,1796,1,16,-1,-1,-1
201542I173206,2,9,0,16,0,0,0,0,0,0,1,1,1,1,59,9,999,1,1,-1,2,-1
201542I173306,1,1,0,18,9,8,0,0,0,0,3,1,4,2,11,3,-1,-1,-1,-1,1,-1
201542I173306,2,9,0,18,0,1,0,0,0,0,1,1,1,2,32,6,1242,1,5,-1,1,-1
201542I173406,1,9,0,18,0,1,0,0,0,0,4,1,6,1,78,11,1299,1,12,-1,2,-1
201542I173406,2,4,0,18,0,2,0,0,0,0,1,1,6,1,68,10,-1,-1,-1,-1,1,-1
201542I173506,1,9,0,13,0,8,0,0,0,0,1,1,6,1,23,5,-1,-1,-1,-1,1,-1
201542I173506,2,5,0,9,0,8,0,0,0,0,3,1,6,1,-1,-1,-1,-1,-1,-1,1,-1
201542I173606,1,9,0,7,0,8,0,0,0,0,1,1,6,1,20,4,1149,1,8,-1,2,-1
201542I173606,2,11,0,4,0,1,0,0,0,0,1,1,1,1,40,7,7300,2,6,-1,1,-1
201542I173706,1,5,0,13,0,0,1,0,0,0,3,1,6,1,36,7,988,1,12,-1,2,-1
201542I173805,1,9,0,16,0,2,0,0,0,0,0,1,6,1,38,7,1999,1,10,-1,1,-1
201542I173805,2,97,0,18,0,1,0,0,0,0,0,1,6,1,-1,-1,49,1,7,-1,3,-1
201542I173906,1,19,0,18,0,8,0,0,0,0,1,1,1,1,20,4,2488,2,1,-1,1,-1
201542I173906,2,9,0,10,0,8,0,0,0,0,2,1,6,1,75,10,2496,2,11,-1,1,-1
201542I173906,3,9,0,3,0,8,0,0,0,0,4,1,6,1,90,11,1587,1,9,-1,1,-1
201542I174006,1,19,0,18,0,1,0,4,0,0,1,1,6,1,72,10,1998,2,13,-1,1,-1
201542I174006,2,9,0,2,0,1,0,0,0,0,2,1,6,3,-1,-1,1796,1,10,-1,-1,-1
201542I174006,3,19,0,2,0,1,0,0,0,0,2,1,6,3,-1,-1,2402,2,9,-1,-1,-1
201542I174106,1,9,0,18,0,0,0,0,0,0,1,1,6,1,19,4,1242,1,10,-1,1,-1
201542I174106,2,9,0,18,0,0,0,0,0,0,1,1,6,2,42,7,1597,1,18,-1,1,-1
201542I174106,3,9,0,3,0,0,0,0,0,0,2,1,6,2,34,6,1596,1,2,-1,1,-1
201542I174206,1,9,0,9,0,8,0,0,0,0,0,1,6,3,-1,-1,1587,1,10,-1,-1,-1