Accident_Index,Vehicle_Reference,Vehicle_Type,Towing_and_Articulation,Vehicle_Manoeuvre,Vehicle_Location-Restricted_Lane,Junction_Location,Skidding_and_Overturning,Hit_Object_in_Carriageway,Vehicle_Leaving_Carriageway,Hit_Object_off_Carriageway,1st_Point_of_Impact,Was_Vehicle_Left_Hand_Drive?,Journey_Purpose_of_Driver,Sex_of_Driver,Age_of_Driver,Age_Band_of_Driver,Engine_Capacity_(CC),Propulsion_Code,Age_of_Vehicle,Driver_IMD_Decile,Driver_Home_Area_Type,Vehicle_IMD_Decile
201542I174206,2,9,0,18,0,1,0,0,0,0,1,1,6,2,20,4,998,1,1,-1,1,-1
201542I174206,3,9,0,18,0,8,0,0,0,0,2,1,6,1,37,7,1968,2,-1,-1,1,-1
201542I174306,1,9,0,18,0,0,0,0,0,0,1,1,6,1,26,6,1391,1,20,-1,1,-1
201542I174306,2,19,0,4,0,0,0,0,0,0,2,1,6,1,31,6,2198,2,3,-1,1,-1
201542I174306,3,19,0,4,0,0,0,0,0,0,2,1,6,1,61,9,2402,2,5,-1,1,-1
201542I174306,4,9,0,4,0,0,0,0,0,0,2,1,6,1,36,7,-1,-1,-1,-1,1,-1
201542I174306,5,19,0,4,0,0,0,0,0,0,2,1,6,1,40,7,1598,2,-1,-1,2,-1
201542I174306,6,9,0,4,0,0,0,0,0,0,2,1,6,2,24,5,1910,2,9,-1,1,-1
201542I174406,1,9,0,18,0,0,0,0,0,0,1,1,1,1,62,9,1598,2,3,-1,1,-1
201542I174506,1,9,0,18,9,3,2,0,3,1,1,1,6,1,27,6,-1,-1,-1,-1,-1,-1
201542I174606,1,9,0,18,0,0,5,10,1,3,1,1,6,1,78,11,-1,-1,-1,-1,2,-1
201542I174606,2,19,0,18,0,0,0,0,0,0,0,1,6,3,-1,-1,-1,-1,-1,-1,-1,-1
201542I174806,1,9,0,18,0,1,0,0,0,0,1,1,6,1,-1,-1,-1,-1,-1,-1,-1,-1
201542I174806,2,9,0,9,0,1,0,0,0,0,3,1,3,2,28,6,1242,1,5,-1,-1,-1
201542I174905,1,9,0,4,0,0,0,0,0,0,2,1,6,1,-1,-1,1596,1,11,-1,3,-1
201542I174905,2,9,0,18,0,0,0,11,0,0,1,1,3,2,-1,-1,1198,1,7,-1,1,-1
201542I175006,1,9,0,17,0,0,5,0,1,9,1,1,6,1,59,9,1590,1,12,-1,1,-1
201542I175106,1,9,0,6,0,0,0,0,0,0,3,1,6,1,65,9,-1,-1,-1,-1,1,-1
201542I175106,2,19,0,18,0,0,0,0,0,0,4,1,1,1,28,6,1995,2,7,-1,1,-1
201542I175206,1,9,0,18,0,0,0,0,0,0,3,1,1,1,59,9,-1,-1,-1,-1,2,-1
201542I175206,2,98,1,18,0,0,0,0,0,0,3,1,6,3,-1,-1,-1,-1,-1,-1,-1,-1
201542I175306,1,9,0,17,0,0,5,0,1,9,1,1,6,1,29,6,1700,1,16,-1,-1,-1
201542I175406,1,9,0,9,0,0,0,0,0,0,2,1,6,1,69,10,1388,1,25,-1,1,-1
201542I175406,2,9,0,18,0,0,0,0,1,9,1,1,6,1,56,9,-1,-1,-1,-1,1,-1
201542I175506,1,9,0,18,0,0,0,0,7,2,1,1,6,1,74,10,1497,8,1,-1,-1,-1
201542I175605,1,9,0,18,0,0,0,0,0,0,1,1,6,2,27,6,1398,1,4,-1,1,-1
201542I175605,2,9,0,4,0,0,0,0,0,0,2,1,6,3,-1,-1,-1,-1,-1,-1,-1,-1
201542I175706,1,9,0,9,0,8,0,0,0,0,3,1,6,1,22,5,2696,2,10,-1,1,-1
201542I175706,2,3,0,18,0,1,0,0,0,0,1,1,6,1,22,5,125,1,5,-1,1,-1
201542I175806,1,9,0,18,0,0,0,0,0,0,1,1,1,1,25,5,1956,2,4,-1,1,-1
201542I175806,2,9,0,4,0,0,0,0,0,0,2,1,6,2,73,10,1229,1,8,-1,1,-1
201542I175906,1,9,0,4,0,0,0,0,0,0,1,1,1,1,34,6,1798,1,11,-1,1,-1
201542I175906,2,9,0,4,0,0,0,0,0,0,2,1,1,1,69,10,-1,-1,-1,-1,1,-1
201542I176006,1,9,0,18,0,1,1,10,1,10,1,1,6,3,-1,-1,1998,1,11,-1,-1,-1
201542I176006,2,9,0,5,0,8,0,0,0,0,0,1,6,1,19,4,1388,1,11,-1,1,-1
201542I176106,1,9,0,5,0,2,0,0,0,0,1,1,6,2,78,11,2179,2,6,-1,3,-1
201542I176106,2,19,0,18,0,8,0,0,1,0,3,1,1,2,62,9,1248,2,2,-1,2,-1
201542I176205,1,9,0,6,0,0,0,0,0,0,3,1,6,2,21,5,1242,1,5,-1,1,-1
201542I176205,2,5,0,14,0,0,1,0,0,0,4,1,6,1,23,5,750,1,26,-1,2,-1
201542I176305,1,9,0,3,0,1,0,0,0,0,2,1,6,2,47,8,-1,-1,-1,-1,1,-1
201542I176305,2,9,0,18,0,1,0,0,0,0,1,1,2,1,50,8,1753,2,14,-1,1,-1
201542I176305,3,9,0,18,0,1,0,0,0,0,1,1,2,1,35,6,2000,2,10,-1,1,-1
201542I176706,1,9,0,18,0,1,0,0,0,0,1,1,6,1,26,6,2184,2,10,-1,1,-1
201542I176706,2,9,0,18,0,1,0,0,0,0,1,1,6,1,27,6,1989,1,16,-1,-1,-1
201542I176706,3,9,0,18,0,1,0,0,0,0,1,1,6,1,23,5,1796,1,14,-1,1,-1
201542I176806,1,8,0,18,0,8,0,0,0,0,4,1,1,1,32,6,1995,2,8,-1,1,-1
201542I176906,1,9,0,18,0,8,0,0,0,0,4,1,6,1,37,7,1242,1,4,-1,1,-1
201542I176906,2,9,0,18,0,8,0,0,0,0,1,1,2,1,20,4,1149,1,12,-1,1,-1
201542I177006,1,9,0,9,0,6,0,0,0,0,3,1,6,1,68,10,1596,1,4,-1,1,-1
201542I177006,2,9,0,18,0,8,0,0,0,0,1,1,6,2,20,4,1242,1,14,-1,1,-1
201542I177106,1,9,0,18,0,1,0,0,0,0,3,1,6,1,30,6,1596,1,13,-1,1,-1
201542I177206,1,9,0,3,0,0,0,0,0,0,2,1,6,2,37,7,1560,2,1,-1,1,-1
201542I177306,1,5,0,18,0,4,1,11,0,1,1,1,6,1,49,8,1157,1,15,-1,1,-1
201542I177406,1,9,0,9,0,8,0,0,0,0,1,1,6,1,31,6,-1,-1,-1,-1,1,-1
201542I177406,2,9,0,18,0,8,0,0,0,0,1,1,6,2,25,5,1596,1,13,-1,1,-1
201542I177506,1,3,0,18,0,5,1,0,1,10,3,1,6,1,21,5,124,1,4,-1,1,-1
201542I177506,2,3,0,18,0,5,1,0,0,0,4,1,6,1,24,5,124,1,-1,-1,1,-1
201542I177606,1,9,0,7,0,0,5,0,0,0,1,1,6,2,30,6,2720,2,9,-1,-1,-1
201542I177606,2,9,0,2,0,0,0,0,0,0,2,1,6,3,-1,-1,-1,-1,-1,-1,-1,-1
201542I177706,1,9,0,18,0,0,0,0,0,0,1,1,6,2,78,11,1497,1,11,-1,1,-1
201542I177706,2,9,0,18,0,0,0,0,0,0,2,1,6,2,67,10,1910,2,9,-1,3,-1
201542I177806,1,9,0,18,0,8,0,0,0,0,4,1,1,2,38,7,1497,8,8,-1,1,-1
201542I177806,2,9,0,18,0,1,0,0,0,0,1,1,6,2,50,8,1149,1,12,-1,2,-1
201542I177906,1,19,0,18,0,0,0,0,0,0,1,1,2,1,27,6,2299,2,3,-1,1,-1
201542I177906,2,9,0,18,0,0,0,0,0,0,2,1,2,1,46,8,1995,2,1,-1,3,-1
201542I178006,1,9,0,5,9,6,0,0,0,0,1,1,6,2,78,11,1498,1,5,-1,1,-1
201542I178106,1,9,0,4,0,8,0,0,0,0,1,1,6,1,21,5,973,1,13,-1,-1,-1
201542I178106,2,1,0,18,0,8,0,0,0,0,1,1,6,1,48,8,-1,-1,-1,-1,1,-1
201542I178206,1,9,0,18,0,0,1,0,7,11,1,1,6,1,34,6,1781,1,12,-1,1,-1
201542I178206,2,9,0,2,0,0,0,0,0,0,0,1,6,3,-1,-1,1997,2,2,-1,-1,-1
201542I178306,1,9,0,18,0,0,0,0,0,0,1,1,6,2,29,6,-1,-1,-1,-1,1,-1
201542I178406,1,9,0,7,0,3,0,0,0,0,1,1,2,1,51,8,1242,1,3,-1,1,-1
201542I178406,2,9,0,3,0,4,0,0,0,0,1,1,2,1,47,8,2204,2,9,-1,1,-1
201542I178506,1,9,0,4,0,1,0,0,0,0,1,1,6,2,36,7,-1,-1,-1,-1,1,-1
201542I178506,2,9,0,4,0,1,0,0,0,0,2,1,6,1,38,7,1998,2,10,-1,1,-1
201542I178706,1,9,0,18,0,0,0,0,0,0,1,1,2,1,25,5,-1,-1,-1,-1,1,-1
201542I178806,1,9,0,9,0,4,0,0,0,0,3,1,6,1,49,8,2962,1,14,-1,1,-1
201542I178806,2,9,0,18,0,4,0,0,0,0,1,1,6,1,43,7,-1,-1,-1,-1,1,-1
201542I178906,1,9,0,6,0,0,0,0,0,0,3,1,2,1,19,4,995,1,8,-1,1,-1
201542I178906,2,5,0,13,0,0,0,0,0,0,1,1,2,1,30,6,-1,-1,-1,-1,1,-1
201542I179006,1,9,0,18,0,0,0,4,0,0,1,1,6,2,18,4,1388,1,7,-1,1,-1
201542I179006,2,20,0,2,0,0,0,0,1,4,2,1,6,3,-1,-1,-1,-1,-1,-1,-1,-1
201542I179106,1,9,0,9,0,4,0,0,1,11,3,1,6,1,81,11,2401,2,12,-1,3,-1
201542I179106,2,19,0,18,0,4,1,0,7,0,1,1,1,1,34,6,2402,2,9,-1,1,-1
201542I179206,1,21,0,18,0,1,0,0,0,0,0,1,1,3,-1,-1,-1,-1,-1,-1,-1,-1
201542I179206,2,19,0,18,0,1,0,0,1,3,4,1,1,1,27,6,2143,2,-1,-1,1,-1
201542I179306,1,9,0,14,0,0,0,0,0,0,1,1,1,1,59,9,1299,1,18,-1,1,-1
201542I179306,2,19,0,2,0,0,0,0,0,0,0,1,6,3,-1,-1,1870,2,12,-1,-1,-1
201542I179306,3,1,0,18,0,0,0,0,0,0,1,1,6,2,16,4,-1,-1,-1,-1,-1,-1
201542I179406,1,9,0,5,0,1,0,0,0,0,1,1,6,2,49,8,1999,1,13,-1,1,-1
201542I179406,2,9,0,18,0,1,0,0,0,0,4,1,1,1,62,9,1242,1,1,-1,1,-1
201542I179506,1,90,0,6,0,1,0,0,0,0,3,1,1,1,54,8,6700,2,1,-1,1,-1
201542I179506,2,90,0,13,0,1,0,0,0,0,1,1,1,1,40,7,7142,2,7,-1,1,-1
201542I179606,1,8,0,16,0,0,0,0,7,3,1,1,1,1,29,6,1998,2,12,-1,1,-1
201542I179706,1,9,0,18,0,0,0,0,0,0,1,1,6,1,19,4,1242,1,17,-1,3,-1
201542I179706,2,9,0,4,0,0,0,0,0,0,2,1,6,2,45,7,2495,2,12,-1,1,-1
201542I179806,1,9,0,12,0,0,0,0,0,7,1,1,6,2,24,5,1242,1,15,-1,1,-1
201542I179906,1,9,0,5,0,8,0,0,0,0,3,1,6,1,24,5,1299,1,12,-1,1,-1
201542I179906,2,9,0,18,0,8,0,0,0,0,1,1,6,1,24,5,1999,1,10,-1,1,-1
201542I180006,1,9,0,18,0,1,0,0,0,0,1,1,6,3,-1,-1,1796,1,10,-1,-1,-1
201542I180006,2,9,0,4,0,1,0,0,0,0,2,1,4,1,41,7,1248,1,4,-1,1,-1
201542I180105,1,19,0,18,0,0,0,0,0,0,4,1,6,1,51,8,2198,2,2,-1,1,-1
201542I180105,2,1,0,18,0,0,0,0,0,0,3,1,6,1,51,8,-1,-1,-1,-1,1,-1
201542I180206,1,21,1,18,0,0,0,0,0,0,1,1,1,1,59,9,12777,2,5,-1,1,-1
201542I180304,1,9,0,18,0,0,2,0,1,0,1,1,6,2,17,4,-1,-1,-1,-1,2,-1
201542I180406,1,9,0,18,0,0,0,0,0,0,1,1,6,2,37,7,1596,1,12,-1,3,-1
201542I180406,2,9,0,4,0,0,0,0,0,0,2,1,6,2,53,8,1995,2,2,-1,1,-1
201542I180506,1,9,0,13,0,0,0,0,0,0,1,1,6,1,26,6,1339,1,11,-1,1,-1
201542I180606,1,9,0,18,0,2,0,0,0,0,1,1,6,2,29,6,1799,1,9,-1,3,-1
201542I180606,2,9,0,18,0,8,0,0,0,0,1,1,1,1,43,7,1349,1,5,-1,-1,-1
201542I180706,1,5,0,16,0,0,1,0,0,0,3,1,6,1,46,8,738,1,11,-1,1,-1
201542I180806,1,9,0,18,0,0,5,0,0,6,1,1,6,2,26,6,1497,1,10,-1,1,-1
201542I180906,1,8,0,3,0,1,0,0,0,0,1,1,1,1,31,6,-1,-1,-1,-1,1,-1
201542I180906,2,9,0,4,0,1,0,0,0,0,2,1,6,2,36,7,1598,1,10,-1,1,-1
201542I181006,1,9,0,18,0,1,0,0,0,0,1,1,6,2,24,5,-1,-1,-1,-1,1,-1
201542I181006,2,8,0,3,0,1,0,0,0,0,2,1,6,1,47,8,-1,-1,-1,-1,2,-1
201542I181006,3,8,0,3,0,1,0,0,0,0,2,1,6,1,39,7,-1,-1,-1,-1,-1,-1
201542I181106,1,1,0,18,0,8,0,0,0,0,1,1,6,2,15,3,-1,-1,-1,-1,1,-1
201542I181106,2,9,0,9,0,4,0,0,0,0,1,1,6,1,39,7,1995,2,1,-1,1,-1
201542I181206,1,9,0,18,0,4,0,0,0,0,1,1,6,1,23,5,1396,1,6,-1,1,-1
201542I181206,2,9,0,18,0,4,0,0,0,0,2,1,6,1,28,6,-1,-1,-1,-1,-1,-1
201542I181206,3,9,0,18,0,4,0,0,0,0,2,1,6,1,70,10,1596,1,12,-1,1,-1
201542I181206,4,9,0,18,0,4,0,0,0,0,2,1,6,1,51,8,-1,-1,-1,-1,2,-1
201542I181306,1,9,0,3,0,2,0,4,0,0,1,1,6,2,75,10,998,1,13,-1,1,-1
201542I181306,2,9,0,2,0,2,0,0,0,0,2,1,6,3,-1,-1,1149,1,4,-1,-1,-1
201542I181306,3,9,0,2,0,2,0,0,0,0,2,1,6,3,-1,-1,1242,1,6,-1,-1,-1
201542I181406,1,4,0,13,0,0,0,0,0,0,1,1,6,1,21,5,321,1,-1,-1,3,-1
201542I181406,2,9,0,18,0,0,0,0,0,0,3,1,6,1,-1,-1,1584,1,11,-1,-1,-1
201542I181406,3,17,4,18,0,0,0,0,0,0,0,1,1,3,-1,-1,-1,-1,-1,-1,-1,-1
201542I181506,1,9,0,9,0,8,0,0,0,0,3,1,6,2,23,5,1798,1,7,-1,1,-1
201542I181506,2,9,0,18,0,4,0,0,0,0,4,1,6,2,23,5,1242,1,1,-1,1,-1
201542I181606,1,9,0,18,0,1,0,0,0,0,1,2,6,2,22,5,-1,-1,-1,-1,-1,-1
201542I181606,2,9,0,4,0,1,0,0,0,0,2,1,6,2,60,9,1229,1,10,-1,1,-1
201542I181706,1,9,0,18,0,0,0,0,7,10,1,1,6,1,17,4,-1,-1,-1,-1,2,-1
201542I181806,1,9,0,1,0,1,0,0,0,0,2,1,6,1,37,7,1999,1,9,-1,1,-1
201542I181906,1,9,0,18,0,1,0,0,4,0,1,1,1,1,64,9,1951,2,12,-1,-1,-1
201542I181906,2,9,0,18,0,7,0,0,0,0,2,1,6,2,34,6,1360,1,9,-1,1,-1
201542I181906,3,9,0,18,0,7,0,0,0,0,2,1,6,1,21,5,1598,1,10,-1,1,-1
201542I182004,1,9,0,11,0,3,0,0,0,0,4,1,6,2,57,9,-1,-1,-1,-1,2,-1
201542I182004,2,9,0,18,0,3,0,0,0,0,3,1,6,1,24,5,1149,1,13,-1,3,-1
201542I182106,1,9,0,17,0,0,1,0,1,1,3,1,2,1,21,5,1198,1,10,-1,3,-1
201542I182206,1,9,0,18,9,1,0,0,0,0,1,1,6,1,26,6,1895,1,14,-1,-1,-1
201542I182206,2,9,0,2,9,1,0,0,0,0,1,1,6,3,-1,-1,1299,1,15,-1,-1,-1
201542I182206,3,9,0,2,9,1,0,0,0,11,1,1,6,3,-1,-1,-1,-1,-1,-1,-1,-1
201542I182406,1,9,0,7,0,4,0,0,0,0,1,1,6,1,81,11,-1,-1,-1,-1,1,-1
201542I182406,2,9,0,7,0,4,0,0,0,0,2,1,6,2,59,9,1968,2,7,-1,1,-1
201542I182506,1,9,0,18,0,1,0,0,0,0,1,1,6,1,32,6,1984,1,1,-1,1,-1
201542I182506,2,9,0,3,0,1,0,0,0,0,2,1,6,2,54,8,1991,2,5,-1,1,-1
201542I182506,3,9,0,3,0,1,0,0,0,0,2,1,6,1,72,10,1598,1,5,-1,-1,-1
201542I182606,1,9,0,9,0,6,0,0,0,0,1,1,6,2,45,7,2300,1,16,-1,1,-1
201542I182606,2,5,0,14,0,8,0,0,0,0,1,1,2,1,39,7,599,1,7,-1,1,-1
201542I182706,1,9,0,18,0,1,0,0,0,0,2,1,1,1,38,7,1399,2,3,-1,1,-1
201542I182706,2,9,0,18,0,1,0,0,0,0,1,1,6,1,37,7,1587,1,13,-1,2,-1
201542I182706,3,9,0,18,0,8,0,0,0,0,4,1,6,1,65,9,1339,1,9,-1,1,-1
201542I182806,1,19,0,1,0,0,0,0,0,0,2,1,1,1,-1,-1,2143,2,4,-1,-1,-1
201542I182806,2,20,0,1,0,0,0,0,0,0,2,1,1,1,-1,-1,6374,2,2,-1,-1,-1
201542I182906,1,9,0,12,0,0,0,0,0,0,1,1,6,1,56,9,2435,1,14,-1,1,-1
201542I182906,2,9,0,18,0,0,0,0,0,0,2,1,6,1,41,7,1799,1,8,-1,1,-1
201542I182906,3,9,0,18,0,0,0,0,0,0,2,1,6,1,58,9,1560,2,1,-1,1,-1
201542I183006,1,21,1,18,0,0,1,0,0,0,1,1,1,1,64,9,12740,2,1,-1,1,-1
201542I183006,2,90,0,18,0,0,0,0,1,0,2,1,1,1,64,9,-1,-1,-1,-1,1,-1
201542I183106,1,9,0,4,0,1,0,0,0,0,1,1,2,1,52,8,-1,-1,-1,-1,1,-1
201542I183106,2,9,0,4,0,1,0,0,0,0,1,1,6,1,18,4,1242,1,8,-1,1,-1
201542I183106,3,9,0,4,0,1,0,0,0,0,2,1,2,1,22,5,1598,1,3,-1,3,-1
201542I183206,1,3,0,18,0,4,1,0,0,0,0,1,2,2,19,4,-1,-1,-1,-1,-1,-1
201542I183306,1,9,0,5,0,0,0,0,0,0,3,1,6,1,26,6,1598,1,9,-1,-1,-1
201542I183405,1,5,0,18,0,0,1,0,0,0,4,1,6,1,-1,-1,-1,-1,-1,-1,1,-1
201542I183506,1,5,0,18,0,0,0,0,0,0,3,1,6,2,23,5,749,1,15,-1,1,-1
201542I183506,2,11,0,18,0,0,0,0,0,0,4,1,6,1,57,9,-1,-1,-1,-1,1,-1
201542I183606,1,9,0,16,0,4,1,0,3,0,1,1,6,1,-1,-1,1200,1,-1,-1,-1,-1
201542I183606,2,9,0,18,0,4,0,0,0,0,0,1,6,1,37,7,2993,2,2,-1,3,-1
201542I183606,3,9,0,18,0,4,0,0,0,0,0,1,6,1,39,7,1968,2,2,-1,-1,-1
201542I184206,1,9,0,18,0,2,0,0,0,0,1,1,1,2,49,8,-1,-1,-1,-1,-1,-1
201542I184306,1,9,0,7,0,6,0,0,0,0,1,1,6,2,40,7,1995,2,5,-1,3,-1
201542I184306,2,9,0,18,0,8,0,0,7,0,4,1,6,1,37,7,1995,2,-1,-1,-1,-1
201542I184406,1,9,0,18,0,0,0,0,1,3,1,1,6,2,22,5,1984,1,15,-1,3,-1
201542I184606,1,5,0,18,0,0,1,0,0,0,1,1,6,1,33,6,-1,-1,-1,-1,1,-1
201542I184606,2,9,0,18,0,0,0,0,0,0,2,1,6,1,82,11,1973,1,16,-1,2,-1
201542I184606,3,9,0,18,0,0,0,0,0,0,2,1,6,2,68,10,1242,1,7,-1,1,-1
201542I184706,1,9,0,17,0,8,0,0,0,0,3,1,6,1,47,8,1998,1,7,-1,1,-1
201542I184706,2,9,0,16,0,8,0,0,0,0,3,1,6,1,67,10,1598,1,8,-1,2,-1
201542I184806,1,9,0,18,0,0,2,0,1,9,3,1,1,1,19,4,1199,1,12,-1,1,-1
201542I184806,2,9,0,18,0,0,0,0,1,9,4,1,1,2,44,7,1598,1,13,-1,1,-1
201542I184906,1,8,0,16,0,0,0,0,0,0,1,1,6,1,38,7,-1,-1,-1,-1,1,-1
201542I184906,2,9,0,17,0,0,0,0,0,0,1,1,6,2,39,7,-1,-1,-1,-1,1,-1
201542I185006,1,9,0,17,0,1,5,0,0,0,4,1,6,2,66,10,1368,1,4,-1,1,-1
201542I185006,2,9,0,3,0,1,0,0,0,0,3,1,6,2,69,10,1124,1,15,-1,1,-1
201542I185006,3,9,0,2,0,1,0,0,0,0,3,1,6,2,48,8,2400,2,7,-1,1,-1
201542I185106,1,9,0,1,0,0,0,0,3,10,2,1,6,1,87,11,1299,1,13,-1,1,-1
201542I185206,1,9,0,14,0,0,0,0,0,0,2,1,1,1,60,9,1969,2,-1,-1,3,-1
201542I185206,2,3,0,14,0,0,0,0,0,0,1,1,1,2,24,5,-1,-1,-1,-1,1,-1
201542I185306,1,9,0,5,0,8,0,0,0,0,3,1,2,2,41,7,1590,1,11,-1,3,-1
201542I185306,2,5,0,17,0,1,0,0,0,0,3,1,6,1,54,8,750,1,39,-1,3,-1
201542I185505,1,9,0,18,0,1,0,0,0,0,1,1,6,1,17,4,1397,1,7,-1,1,-1
201542I185505,2,9,0,18,0,2,0,0,0,1,2,1,6,2,51,8,1596,1,4,-1,3,-1
201542I185606,1,5,0,18,0,0,1,0,0,6,1,1,6,1,39,7,599,1,10,-1,-1,-1
201542I186006,1,9,0,16,0,4,1,0,1,2,1,1,6,1,40,7,1781,1,14,-1,1,-1
201542I186106,1,9,0,16,9,0,0,0,1,0,4,1,6,2,58,9,1685,2,-1,-1,2,-1
201542I186206,1,9,0,4,0,1,0,0,0,0,1,1,6,3,-1,-1,-1,-1,-1,-1,-1,-1
201542I186306,1,9,0,13,0,3,0,0,0,0,0,1,6,3,-1,-1,-1,-1,-1,-1,-1,-1
201542I186306,2,5,0,18,0,3,0,0,1,0,0,1,6,1,45,7,599,1,13,-1,1,-1
201542I186406,1,9,0,3,0,0,0,0,0,0,1,1,6,1,-1,-1,1895,1,16,-1,-1,-1
201542I186406,2,9,0,3,0,0,0,0,0,0,2,1,6,1,22,5,-1,-1,-1,-1,-1,-1
201542I186506,1,11,0,18,0,0,0,0,0,0,0,1,1,1,-1,-1,3900,2,10,-1,1,-1
201542I186606,1,9,0,4,0,1,0,0,0,0,1,1,2,2,-1,-1,1598,1,6,-1,-1,-1
201542I186606,2,9,0,3,0,1,0,0,0,0,2,1,2,1,24,5,1995,2,12,-1,1,-1
201542I186706,1,3,0,18,0,4,0,0,0,0,1,1,6,1,-1,-1,124,1,6,-1,1,-1
201542I186706,2,4,0,9,0,3,0,0,0,0,1,1,6,2,31,6,-1,-1,-1,-1,1,-1
201542I186806,1,9,0,5,0,3,0,0,0,0,1,1,2,2,-1,-1,998,1,7,-1,-1,-1
201542I186806,2,1,0,18,0,3,0,0,0,0,2,1,6,1,37,7,-1,-1,-1,-1,-1,-1
201542I186906,1,9,0,18,0,3,0,0,0,0,1,1,6,1,-1,-1,-1,-1,-1,-1,-1,-1
201542I187006,1,9,0,3,0,8,0,0,0,0,3,1,6,1,18,4,1398,2,-1,-1,2,-1
201542I187006,2,5,0,17,0,8,1,11,0,0,1,1,6,1,20,4,599,1,-1,-1,-1,-1
201542I187206,1,9,0,18,0,1,0,0,0,0,1,1,6,1,37,7,1360,1,14,-1,1,-1
201542I187206,2,9,0,18,0,1,0,0,0,0,1,1,6,1,70,10,1968,2,6,-1,3,-1
201542I187306,1,9,0,18,0,1,1,0,1,3,1,1,1,2,23,5,1299,1,13,-1,1,-1
201542I187406,1,9,0,15,9,0,0,0,7,0,1,1,6,1,78,11,-1,-1,-1,-1,2,-1
201542I187606,1,9,0,18,0,0,0,0,1,4,4,1,6,2,21,5,1870,2,10,-1,1,-1
201542I187706,1,10,0,18,0,0,0,0,0,0,0,1,6,1,32,6,-1,-1,-1,-1,-1,-1
201542I187806,1,19,0,18,0,0,1,0,0,0,1,1,1,2,25,5,2402,2,4,-1,1,-1
201542I187806,2,9,0,18,0,0,0,0,7,0,2,1,2,2,25,5,-1,-1,-1,-1,1,-1
201542I187906,1,9,0,18,0,0,0,0,0,0,1,1,6,1,61,9,1362,1,2,-1,2,-1
201542I187906,2,9,0,18,0,0,0,0,0,0,2,1,6,1,53,8,1997,1,5,-1,-1,-1
201542I188006,1,9,0,9,0,1,0,0,0,0,4,1,6,1,-1,-1,1299,1,15,-1,-1,-1
201542I188006,2,3,0,18,0,2,0,0,0,0,1,1,6,1,17,4,124,1,3,-1,1,-1
201542I188106,1,21,0,18,0,8,0,0,0,0,3,1,1,1,52,8,4500,2,8,-1,-1,-1
201542I188106,2,9,0,11,0,3,0,0,0,10,4,1,6,2,22,5,1364,1,8,-1,1,-1
201542I188206,1,9,0,18,0,4,0,0,0,0,0,1,6,2,19,4,1716,2,13,-1,1,-1
201542I188206,2,1,0,18,0,4,0,0,0,0,0,1,6,1,43,7,-1,-1,-1,-1,1,-1
201542I188306,1,9,0,9,0,5,0,0,0,0,1,1,3,2,32,6,998,1,-1,-1,1,-1
201542I188306,2,9,0,18,0,8,0,0,0,0,3,1,1,1,53,8,1400,1,13,-1,3,-1
201542I188406,1,9,0,9,0,6,0,0,0,0,3,1,6,2,62,9,1339,1,1,-1,1,-1
201542I188406,2,9,0,18,0,1,0,0,0,0,1,1,2,1,17,4,998,1,1,-1,3,-1
201542I188506,1,9,0,4,0,1,0,0,0,0,4,1,6,1,47,8,1461,2,4,-1,1,-1
201542I188506,2,1,0,18,0,1,0,0,0,0,1,1,6,1,12,3,-1,-1,-1,-1,1,-1
201542I188606,1,19,0,18,0,4,0,0,0,0,1,1,1,1,27,6,2143,2,5,-1,-1,-1
201542I188606,2,9,0,18,0,3,0,0,0,0,3,1,3,2,30,6,1796,1,16,-1,1,-1
201542I188706,1,9,0,9,0,8,0,0,1,7,4,1,6,2,18,4,1199,1,14,-1,1,-1
201542I188706,2,9,0,18,0,1,0,0,0,0,0,1,2,1,52,8,-1,-1,-1,-1,1,-1
201542I188806,1,9,0,18,0,2,0,0,0,0,1,1,6,3,-1,-1,-1,-1,-1,-1,-1,-1
201542I188906,1,9,0,9,0,6,0,0,0,0,3,1,1,1,51,8,1497,8,7,-1,1,-1
201542I188906,2,9,0,17,0,8,0,0,0,0,4,1,6,2,74,10,1560,2,5,-1,3,-1
201542I189006,1,9,0,18,0,0,1,0,0,0,1,1,6,1,22,5,1588,1,14,-1,2,-1
201542I189006,2,9,0,18,0,0,2,0,0,0,3,1,6,1,36,7,1896,2,13,-1,1,-1
201542I189106,1,19,0,17,0,4,0,0,0,0,3,1,6,1,26,6,1560,2,1,-1,1,-1
201542I189106,2,1,0,18,0,8,0,0,0,0,1,1,3,1,26,6,-1,-1,-1,-1,1,-1
201542I189206,1,9,0,18,0,0,0,0,0,0,4,1,1,2,61,9,2198,1,13,-1,1,-1
201542I189206,2,19,0,2,0,0,0,0,0,0,2,1,6,3,-1,-1,-1,-1,-1,-1,-1,-1
201542I189306,1,1,0,18,9,0,0,0,0,0,1,1,6,1,33,6,-1,-1,-1,-1,-1,-1
201542I189306,2,9,0,18,0,0,0,0,0,0,3,1,6,1,23,5,-1,-1,-1,-1,2,-1
201542I189407,1,9,0,4,0,1,0,0,0,0,1,1,6,1,-1,-1,1796,1,17,-1,-1,-1