Accident_Index,Vehicle_Reference,Vehicle_Type,Towing_and_Articulation,Vehicle_Manoeuvre,Vehicle_Location-Restricted_Lane,Junction_Location,Skidding_and_Overturning,Hit_Object_in_Carriageway,Vehicle_Leaving_Carriageway,Hit_Object_off_Carriageway,1st_Point_of_Impact,Was_Vehicle_Left_Hand_Drive?,Journey_Purpose_of_Driver,Sex_of_Driver,Age_of_Driver,Age_Band_of_Driver,Engine_Capacity_(CC),Propulsion_Code,Age_of_Vehicle,Driver_IMD_Decile,Driver_Home_Area_Type,Vehicle_IMD_Decile
201542I189407,2,9,0,4,0,1,0,0,0,0,2,1,6,1,78,11,1796,1,16,-1,1,-1
201542I189506,1,9,0,18,0,0,1,0,0,0,1,1,6,1,47,8,1956,2,-1,-1,3,-1
201542I189506,2,9,0,18,0,0,0,0,0,0,1,1,6,2,73,10,1493,2,8,-1,3,-1
201542I189606,1,9,0,7,0,2,0,0,0,0,1,1,6,2,52,8,1796,1,6,-1,1,-1
201542I189606,2,1,0,12,0,6,0,0,0,0,3,1,6,1,11,3,-1,-1,-1,-1,1,-1
201542I189706,1,9,0,18,0,0,1,0,1,10,1,1,6,1,33,6,-1,-1,-1,-1,1,-1
201542I189806,1,9,0,18,0,6,0,0,0,0,1,1,6,1,88,11,1796,1,10,-1,-1,-1
201542I189806,2,9,0,18,0,8,0,0,0,0,4,1,6,1,59,9,1999,1,12,-1,1,-1
201542I189906,1,9,0,18,0,4,0,0,0,0,3,1,1,1,18,4,1149,1,10,-1,1,-1
201542I189906,2,9,0,17,0,3,0,0,0,0,4,1,1,1,27,6,1596,1,3,-1,1,-1
201542I190006,1,9,0,7,0,5,0,0,0,0,0,1,6,1,37,7,1242,1,1,-1,1,-1
201542I190006,2,1,0,18,0,8,1,0,0,0,0,1,6,2,14,3,-1,-1,-1,-1,1,-1
201542I190105,1,9,0,10,0,8,0,0,0,0,1,1,6,2,38,7,2993,2,7,-1,1,-1
201542I190206,1,1,0,18,0,3,0,0,0,0,1,1,2,1,19,4,-1,-1,-1,-1,1,-1
201542I190206,2,9,0,3,0,1,0,0,0,0,2,1,2,2,49,8,1598,1,12,-1,1,-1
201542I190306,1,9,0,17,0,0,2,0,0,0,1,1,2,1,34,6,-1,-1,-1,-1,1,-1
201542I190306,2,9,0,16,0,0,0,0,0,0,1,1,6,1,39,7,1896,2,8,-1,3,-1
201542I190406,1,9,0,18,0,0,0,0,0,0,1,1,6,2,24,5,1240,1,9,-1,1,-1
201542I190506,1,9,0,17,0,0,5,0,8,2,1,1,6,2,23,5,1149,1,12,-1,2,-1
201542I190606,1,9,0,18,0,0,0,0,1,4,1,1,6,2,25,5,-1,-1,-1,-1,-1,-1
201542I190706,1,9,0,14,0,0,0,0,0,0,1,1,6,1,26,6,1229,1,1,-1,1,-1
201542I190706,2,9,0,16,0,0,0,0,0,0,1,1,6,1,69,10,1396,1,-1,-1,1,-1
201542I190806,1,9,0,18,0,8,0,10,1,0,1,1,6,1,18,4,1242,1,4,-1,1,-1
201542I190906,1,9,0,17,0,1,1,0,0,0,1,1,6,1,24,5,2500,1,22,-1,1,-1
201542I190906,2,9,0,18,0,2,0,0,0,0,3,1,6,1,46,8,1968,2,4,-1,1,-1
201542I191006,1,9,0,18,0,0,1,7,0,0,1,1,6,1,72,10,1197,1,-1,-1,-1,-1
201542I191006,2,9,0,18,0,0,0,0,0,0,1,1,2,1,38,7,2191,2,2,-1,1,-1
201542I191106,1,9,0,9,0,1,0,0,0,0,4,1,6,2,48,8,1769,1,11,-1,1,-1
201542I191106,2,5,0,18,0,1,1,0,0,0,1,1,6,1,25,5,599,1,16,-1,1,-1
201542I191206,1,9,0,5,0,4,0,0,0,0,1,1,6,1,63,9,1582,2,2,-1,3,-1
201542I191206,2,9,0,3,0,4,0,0,0,0,2,1,6,1,28,6,2393,1,13,-1,1,-1
201542I191806,1,9,0,18,0,0,0,0,0,0,1,1,6,2,85,11,1248,1,5,-1,3,-1
201542I191905,1,19,0,18,0,1,0,0,0,0,4,1,6,1,-1,-1,-1,-1,-1,-1,3,-1
201542I192005,1,19,0,1,0,0,0,0,0,0,2,1,6,1,-1,-1,2402,2,13,-1,-1,-1
201542I192206,1,9,0,18,0,0,0,0,0,0,1,1,6,1,35,6,2993,2,1,-1,1,-1
201542I192206,2,9,0,4,0,0,1,0,5,6,2,1,6,1,25,5,1242,1,9,-1,1,-1
201542I192306,1,9,0,18,0,0,0,0,6,4,1,1,6,2,65,9,1587,1,11,-1,1,-1
201542I192406,1,9,0,9,0,6,0,0,0,0,1,1,6,1,25,5,1598,1,4,-1,1,-1
201542I192406,2,9,0,18,0,8,0,0,0,0,1,1,6,2,25,5,1589,1,17,-1,1,-1
201542I192506,1,1,0,18,0,0,0,4,0,0,1,1,6,1,-1,-1,-1,-1,-1,-1,-1,-1
201542I192506,2,9,0,2,0,0,0,0,0,0,2,1,6,2,21,5,1598,1,16,-1,1,-1
201542I192607,1,9,0,18,0,0,0,0,0,0,3,1,1,1,49,8,1248,2,-1,-1,2,-1
201542I192607,2,3,0,18,0,0,0,0,0,0,4,1,6,1,48,8,124,1,3,-1,1,-1
201542I192706,1,9,0,9,0,5,0,0,0,0,1,1,6,1,59,9,1999,1,5,-1,2,-1
201542I192706,2,9,0,18,0,1,0,0,0,0,1,1,6,2,21,5,1149,1,12,-1,1,-1
201542I192806,1,9,0,4,0,0,0,0,0,0,2,1,2,2,56,9,1686,2,5,-1,3,-1
201542I192806,2,9,0,4,0,0,0,0,0,0,1,1,2,1,65,9,-1,-1,-1,-1,3,-1
201542I192907,1,21,0,7,0,6,0,0,0,0,1,1,1,1,37,7,12900,2,1,-1,-1,-1
201542I192907,2,9,0,5,0,1,0,0,0,0,1,1,2,2,63,9,1781,1,12,-1,2,-1
201542I193006,1,9,0,18,0,0,0,0,1,0,1,1,2,1,48,8,1349,1,2,-1,3,-1
201542I193106,1,3,0,16,0,1,1,0,7,0,3,1,6,1,29,6,85,1,14,-1,1,-1
201542I193206,1,4,0,18,0,1,0,0,0,0,3,1,6,1,68,10,286,1,-1,-1,1,-1
201542I193306,1,9,0,18,0,0,1,0,1,7,4,1,6,1,21,5,1968,2,1,-1,1,-1
201542I193306,2,9,0,18,0,0,1,0,0,0,3,1,6,1,20,4,1956,2,1,-1,1,-1
201542I193406,1,9,0,18,0,0,0,0,0,0,4,1,6,1,23,5,1242,1,16,-1,1,-1
201542I193406,2,21,0,18,0,0,0,0,0,0,3,1,1,1,38,7,-1,-1,-1,-1,-1,-1
201542I193505,1,9,0,18,0,0,0,0,0,0,4,1,6,1,-1,-1,1597,1,11,-1,-1,-1
201542I193505,2,9,0,2,0,0,0,0,0,0,3,1,6,1,38,7,1796,1,16,-1,-1,-1
201542I193607,1,9,0,18,0,0,0,0,0,0,1,1,2,2,26,6,1242,1,10,-1,3,-1
201542I193607,2,9,0,3,0,0,0,0,0,0,2,1,2,1,27,6,1199,1,12,-1,1,-1
201542I193607,3,9,0,3,0,0,0,0,0,0,2,1,6,1,59,9,1997,2,-1,-1,1,-1
201542I193706,1,9,0,4,0,0,0,0,0,0,1,1,6,2,-1,-1,1388,1,12,-1,-1,-1
201542I193706,2,9,0,4,0,0,0,0,0,0,2,1,6,1,24,5,1591,1,2,-1,1,-1
201542I193806,1,9,0,7,0,6,0,0,0,0,0,1,6,1,24,5,-1,-1,-1,-1,1,-1
201542I193806,2,9,0,18,0,1,0,10,0,0,1,1,6,1,24,5,998,1,2,-1,1,-1
201542I193906,1,4,0,16,0,0,0,0,0,0,1,1,6,1,22,5,644,1,17,-1,3,-1
201542I193906,2,9,0,18,0,0,0,0,0,0,0,1,6,1,-1,-1,1984,1,-1,-1,1,-1
201542I193906,3,9,0,18,0,0,0,0,0,0,3,1,6,2,29,6,-1,-1,-1,-1,1,-1
201542I194006,1,9,0,7,0,3,0,0,4,1,4,1,1,1,45,7,1596,1,1,-1,1,-1
201542I194006,2,9,0,18,0,8,0,0,0,0,1,1,1,2,25,5,1349,1,5,-1,1,-1
201542I194006,3,9,0,7,0,8,0,0,0,0,3,1,1,2,44,7,1242,1,3,-1,3,-1
201542I194106,1,9,0,5,0,2,0,0,0,0,3,1,6,2,32,6,1248,2,7,-1,1,-1
201542I194106,2,9,0,18,0,1,2,0,7,0,4,1,6,2,32,6,1493,1,12,-1,1,-1
201542I194206,1,19,0,4,0,0,0,0,0,0,1,1,1,1,40,7,2198,2,2,-1,1,-1
201542I194206,2,9,0,4,0,0,0,0,0,0,2,1,2,2,50,8,999,1,-1,-1,1,-1
201542I194206,3,21,0,4,0,0,0,0,0,0,2,1,1,1,51,8,6870,2,7,-1,1,-1
201542I194306,1,9,0,18,0,1,0,0,1,4,1,1,6,2,79,11,1390,1,18,-1,1,-1
201542I194306,2,11,0,18,0,1,0,0,0,0,0,1,1,1,54,8,4500,2,7,-1,1,-1
201542I194407,1,19,0,9,0,0,0,0,0,0,3,1,6,1,18,4,-1,-1,-1,-1,1,-1
201542I194407,2,5,0,18,0,0,0,0,0,0,1,1,6,1,52,8,1043,1,1,-1,1,-1
201542I194506,1,9,0,9,0,5,0,0,0,0,1,1,6,1,54,8,-1,-1,-1,-1,-1,-1
201542I194506,2,2,0,18,0,1,0,0,0,0,1,1,6,2,57,9,-1,-1,-1,-1,-1,-1
201542I194607,1,20,0,13,0,0,2,0,0,0,3,1,6,1,19,4,-1,-1,-1,-1,-1,-1
201542I194707,1,5,0,18,0,1,1,7,0,0,1,1,6,1,33,6,600,1,14,-1,1,-1
201542I194707,2,2,0,18,0,1,0,0,0,0,0,1,6,1,38,7,124,1,-1,-1,1,-1
201542I194806,1,9,0,18,0,0,0,0,0,0,2,1,6,1,49,8,1497,8,8,-1,1,-1
201542I194806,2,3,0,18,0,0,0,0,0,0,1,1,6,1,30,6,125,1,4,-1,1,-1
201542I194906,1,4,0,18,0,0,0,0,0,0,1,1,6,1,38,7,916,1,17,-1,2,-1
201542I194906,2,11,0,18,0,0,0,0,0,0,1,1,1,1,42,7,9200,2,7,-1,1,-1
201542I195007,1,19,0,18,0,0,0,0,0,0,1,1,1,1,47,8,1997,2,1,-1,1,-1
201542I195007,2,9,0,18,0,0,0,0,0,0,2,1,1,2,56,9,2993,2,-1,-1,3,-1
201542I195107,1,9,0,16,0,0,0,0,7,4,1,1,6,2,84,11,1332,1,6,-1,-1,-1
201542I195207,1,9,0,16,0,0,1,0,7,4,4,1,1,2,19,4,1242,1,12,-1,1,-1
201542I195307,1,9,0,18,0,1,0,0,0,0,1,1,6,2,19,4,998,1,9,-1,1,-1
201542I195307,2,1,0,18,0,1,0,0,0,0,3,1,6,2,16,4,-1,-1,-1,-1,1,-1
201542I195407,1,1,0,18,0,8,0,0,0,0,3,1,2,2,24,5,-1,-1,-1,-1,1,-1
201542I195407,2,9,0,18,0,8,0,0,0,0,1,1,1,3,63,9,-1,-1,-1,-1,1,-1
201542I195507,1,17,4,18,0,0,0,0,7,11,1,1,1,1,64,9,-1,2,3,-1,3,-1
201542I195607,1,9,0,18,0,0,0,0,0,0,1,1,6,1,22,5,1896,2,13,-1,1,-1
201542I195707,1,3,0,18,0,0,1,0,0,0,1,1,6,1,19,4,125,1,3,-1,1,-1
201542I195707,2,9,0,18,0,0,0,0,0,0,2,1,6,1,34,6,1753,2,15,-1,1,-1
201542I195807,1,5,0,18,0,4,1,0,7,0,1,1,6,1,27,6,999,1,10,-1,1,-1
201542I195907,1,1,0,18,0,0,0,0,0,0,1,1,6,1,58,9,-1,-1,-1,-1,1,-1
201542I196007,1,3,0,18,0,3,0,0,0,0,1,1,6,1,66,10,125,1,3,-1,1,-1
201542I196007,2,9,0,9,0,2,0,0,0,0,2,1,1,1,30,6,1598,1,2,-1,1,-1
201542I196106,1,9,0,5,0,6,0,0,0,0,0,1,6,2,42,7,2179,2,2,-1,1,-1
201542I196106,2,1,0,18,0,8,0,0,0,0,0,1,6,1,50,8,-1,-1,-1,-1,1,-1
201542I196207,1,9,0,9,0,6,0,0,0,0,0,1,6,2,50,8,1598,1,13,-1,1,-1
201542I196207,2,5,0,18,0,1,0,0,0,0,0,1,6,2,51,8,1200,1,19,-1,1,-1
201542I196307,1,3,0,13,0,8,1,0,0,0,1,1,6,1,17,4,124,1,-1,-1,1,-1
201542I196307,2,9,0,9,0,1,0,0,0,0,3,1,6,2,31,6,-1,-1,-1,-1,1,-1
201542I196407,1,9,0,17,0,1,2,0,8,11,1,1,6,1,22,5,1360,1,12,-1,1,-1
201542I196507,1,9,0,18,0,0,2,0,2,4,4,1,6,2,21,5,1360,1,14,-1,-1,-1
201542I196607,1,2,0,14,0,1,0,0,0,0,1,1,2,2,41,7,108,1,-1,-1,1,-1
201542I196607,2,9,0,9,0,1,0,0,0,0,3,1,6,1,42,7,1998,1,10,-1,1,-1
201542I196807,1,9,0,9,0,5,0,0,0,0,1,1,6,1,66,10,1998,1,20,-1,2,-1
201542I196807,2,4,0,18,0,1,0,0,0,0,1,1,2,1,55,8,-1,-1,-1,-1,-1,-1
201542I196906,1,9,0,18,0,4,0,0,0,0,1,1,2,1,28,6,-1,-1,-1,-1,1,-1
201542I196906,2,1,0,18,0,8,0,0,0,0,4,1,2,1,60,9,-1,-1,-1,-1,-1,-1
201542I197307,1,19,0,7,0,8,0,0,0,0,0,1,1,1,54,8,1968,2,11,-1,1,-1
201542I197407,1,17,0,5,0,4,0,0,0,0,4,1,1,1,66,10,-1,2,13,-1,3,-1
201542I197407,2,1,0,3,0,4,0,0,0,0,3,1,2,1,50,8,-1,-1,-1,-1,3,-1
201542I197507,1,8,0,7,0,3,0,0,0,0,1,1,1,1,69,10,1997,2,7,-1,1,-1
201542I197507,2,1,0,18,0,1,0,0,0,0,3,1,6,1,14,3,-1,-1,-1,-1,1,-1
201542I197607,1,9,0,5,0,1,0,0,0,0,1,1,6,2,33,6,1753,2,13,-1,1,-1
201542I197607,2,9,0,5,0,1,0,0,0,0,2,1,6,2,27,6,1242,1,4,-1,-1,-1
201542I197707,1,9,0,18,0,1,0,0,0,0,4,1,6,1,59,9,-1,-1,-1,-1,1,-1
201542I197906,1,9,0,18,0,0,0,0,0,0,1,1,6,1,17,4,999,1,2,-1,-1,-1
201542I197906,2,9,0,3,0,0,0,0,0,0,2,1,6,1,49,8,1794,1,12,-1,1,-1
201542I197906,3,9,0,5,0,0,0,0,0,0,2,1,6,2,51,8,998,1,-1,-1,1,-1
201542I198006,1,9,0,18,0,0,0,0,0,0,1,1,6,2,80,11,-1,-1,-1,-1,1,-1
201542I198006,2,9,0,3,0,0,0,0,0,0,2,1,6,1,45,7,1399,2,7,-1,1,-1
201542I198006,3,9,0,3,0,0,0,0,0,0,2,1,6,1,49,8,1798,1,8,-1,1,-1
201542I198107,1,9,0,18,0,4,0,0,0,0,1,1,6,1,75,10,1997,2,4,-1,2,-1
201542I198107,2,9,0,18,0,4,0,0,0,0,2,1,6,2,39,7,1461,2,4,-1,1,-1
201542I198205,1,9,0,18,0,0,0,4,0,0,1,1,6,1,17,4,-1,-1,-1,-1,1,-1
201542I198205,2,9,0,5,0,0,0,0,0,0,1,1,6,2,43,7,1149,1,4,-1,1,-1
201542I198205,3,9,0,2,0,0,0,0,0,0,4,1,6,3,-1,-1,1991,2,10,-1,-1,-1
201542I198307,1,9,0,18,0,1,0,0,0,0,1,1,6,1,65,9,998,1,10,-1,1,-1
201542I198307,2,9,0,5,0,1,0,0,0,0,1,1,6,1,22,5,-1,-1,-1,-1,1,-1
201542I198406,1,9,0,18,0,0,0,0,0,0,3,1,1,1,63,9,1685,2,1,-1,1,-1
201542I198406,2,9,0,18,0,0,0,0,0,0,1,1,1,1,48,8,-1,-1,-1,-1,1,-1
201542I198507,1,9,0,18,0,0,0,0,0,0,1,1,6,2,21,5,1149,1,7,-1,1,-1
201542I198507,2,9,0,5,0,0,0,0,0,0,2,1,2,1,28,6,-1,-1,-1,-1,1,-1
201542I198507,3,9,0,5,0,0,0,0,0,0,2,1,2,1,55,8,1229,1,4,-1,1,-1
201542I198607,1,5,0,18,0,0,0,11,0,0,1,1,2,1,34,6,599,1,18,-1,1,-1
201542I198707,1,9,0,18,0,0,0,0,0,0,1,1,6,2,55,8,1360,1,12,-1,1,-1
201542I198707,2,9,0,18,0,0,0,0,0,0,2,1,1,2,21,5,1984,1,1,-1,1,-1
201542I198806,1,9,0,18,0,6,0,0,0,0,1,1,6,1,82,11,1910,2,5,-1,1,-1
201542I198806,2,9,0,18,0,8,0,0,0,0,3,1,6,1,59,9,1998,1,11,-1,1,-1
201542I198806,3,19,0,3,0,1,0,0,0,0,1,1,6,1,53,8,-1,-1,-1,-1,1,-1
201542I199007,1,9,0,3,0,3,0,0,0,0,2,1,6,3,-1,-1,-1,-1,-1,-1,-1,-1
201542I199007,2,9,0,3,0,3,0,0,0,0,1,1,6,1,24,5,1390,1,8,-1,1,-1
201542I199407,1,9,0,13,0,0,0,0,0,0,0,1,6,3,-1,-1,-1,-1,-1,-1,-1,-1
201542I199407,2,5,0,18,0,0,1,0,3,0,0,1,6,1,44,7,675,1,6,-1,1,-1
201542I199502,1,11,0,4,0,1,0,0,0,0,0,1,1,3,-1,-1,-1,-1,-1,-1,-1,-1
201542I199607,1,9,0,11,0,0,1,0,0,0,1,1,6,1,25,5,1360,1,11,-1,1,-1
201542I199607,2,9,0,18,0,0,2,0,1,4,2,1,6,1,66,10,1242,1,5,-1,2,-1
201542I199806,1,9,0,18,0,1,0,0,0,0,1,1,6,1,-1,-1,-1,-1,-1,-1,-1,-1
201542I199806,2,1,0,18,0,1,0,0,0,0,2,1,6,1,12,3,-1,-1,-1,-1,1,-1
201542I199907,1,9,0,18,0,0,0,0,0,0,3,1,6,1,60,9,1242,1,9,-1,3,-1
201542I199907,2,9,0,18,0,0,0,0,0,0,3,1,6,1,45,7,1560,2,-1,-1,2,-1
201542I200007,1,1,0,18,0,1,0,0,0,0,1,1,6,1,52,8,-1,-1,-1,-1,1,-1
201542I200007,2,9,0,18,0,1,0,0,0,0,3,1,1,1,38,7,2993,2,4,-1,1,-1
201542I200107,1,9,0,9,0,6,0,0,0,0,1,1,2,2,54,8,2000,1,8,-1,1,-1
201542I200107,2,5,0,18,0,1,1,0,0,0,1,1,2,1,38,7,645,1,8,-1,1,-1
201542I200207,1,9,0,11,0,0,0,0,0,0,0,1,1,1,56,9,1598,1,9,-1,1,-1
201542I200207,2,9,0,18,0,0,0,0,0,0,2,1,6,1,-1,-1,-1,-1,-1,-1,-1,-1
201542I200207,3,5,0,18,0,0,1,0,0,0,1,1,6,2,50,8,1000,1,10,-1,1,-1
201542I200307,1,5,0,18,0,8,1,0,7,4,1,1,6,1,59,9,1301,1,-1,-1,1,-1
201542I200307,2,9,0,9,0,6,0,0,0,0,1,1,6,1,28,6,1360,1,14,-1,1,-1
201542I200307,3,9,0,2,0,1,0,0,0,0,1,1,6,3,-1,-1,1242,1,11,-1,-1,-1
201542I200407,1,9,0,18,0,2,0,0,0,0,4,1,6,3,-1,-1,-1,-1,-1,-1,-1,-1
201542I200507,1,9,0,18,0,1,1,0,0,0,1,1,6,1,71,10,998,1,17,-1,1,-1
201542I200507,2,9,0,18,0,1,0,0,0,0,1,1,6,2,18,4,1299,1,13,-1,3,-1
201542I200607,1,9,0,18,0,1,0,0,0,0,1,1,6,1,37,7,1596,1,15,-1,1,-1
201542I200707,1,9,0,17,0,0,0,0,0,0,1,1,6,2,28,6,1598,1,5,-1,3,-1
201542I200707,2,9,0,18,0,0,0,0,1,0,1,1,6,1,75,10,-1,-1,-1,-1,3,-1
201542I200807,1,19,0,11,0,0,1,0,0,0,1,1,1,1,27,6,1998,2,10,-1,1,-1
201542I200807,2,2,0,18,0,0,1,0,0,0,2,1,6,1,16,4,50,1,-1,-1,1,-1
201542I200907,1,9,0,18,0,0,0,0,0,0,1,1,6,2,45,7,-1,-1,-1,-1,3,-1
201542I200907,2,9,0,18,0,0,0,0,1,4,1,1,1,1,62,9,1368,1,5,-1,1,-1
201542I201006,1,9,0,18,0,1,0,0,0,0,4,1,1,1,39,7,3598,1,8,-1,3,-1
201542I201107,1,9,0,11,0,0,0,7,0,0,1,1,1,2,34,6,1560,2,3,-1,-1,-1
201542I201207,1,9,0,18,0,0,0,0,0,0,1,1,6,2,61,9,998,1,2,-1,1,-1
201542I201207,2,9,0,4,0,0,0,0,1,0,2,1,6,2,50,8,1997,2,6,-1,1,-1
201542I201307,1,9,0,18,0,0,0,0,0,0,1,1,6,1,-1,-1,2401,2,11,-1,-1,-1
201542I201307,2,9,0,3,0,0,0,0,0,0,2,1,6,2,60,9,1242,1,4,-1,-1,-1
201542I201307,3,9,0,2,0,0,0,0,0,0,4,1,6,3,-1,-1,1242,1,1,-1,-1,-1
201542I201407,1,9,0,18,0,0,5,0,0,0,4,1,6,1,49,8,1997,2,11,-1,3,-1
201542I201507,1,9,0,18,0,0,0,0,0,0,4,1,6,3,-1,-1,-1,-1,-1,-1,-1,-1
201542I201607,1,21,1,17,0,0,5,0,1,11,4,1,1,1,69,10,-1,-1,-1,-1,-1,-1
201542I201707,1,9,0,18,0,1,1,0,0,0,1,1,6,2,21,5,1998,1,17,-1,1,-1
201542I201707,2,9,0,10,0,1,0,0,0,0,2,1,6,2,29,6,1242,1,1,-1,1,-1
201542I201807,1,20,0,18,0,2,0,0,0,0,1,1,1,1,27,6,2998,2,4,-1,-1,-1
201542I201807,2,9,0,4,0,2,0,0,0,0,2,1,6,2,61,9,1596,1,6,-1,2,-1
201542I201907,1,1,0,18,0,1,0,0,0,0,0,1,6,1,45,7,-1,-1,-1,-1,1,-1
201542I201907,2,11,0,7,0,1,0,0,0,0,0,1,1,1,66,10,9000,2,16,-1,1,-1
201542I202007,1,9,0,18,0,1,0,0,0,0,4,1,6,1,-1,-1,-1,-1,-1,-1,-1,-1
201542I202107,1,9,0,15,0,1,0,0,0,0,1,2,6,2,19,4,1242,1,7,-1,3,-1
201542I202107,2,9,0,10,0,6,0,0,0,0,1,2,1,1,25,5,1598,1,10,-1,-1,-1
201542I202107,3,21,1,12,0,1,0,0,0,0,3,2,1,1,47,8,10837,2,2,-1,1,-1
201542I202207,1,9,0,18,0,0,1,0,0,6,1,1,6,2,21,5,1798,1,12,-1,-1,-1
201542I202306,1,9,0,17,0,4,0,0,0,0,1,1,6,2,-1,-1,1598,1,2,-1,-1,-1
201542I202306,2,1,0,9,0,3,0,0,0,0,4,1,6,1,44,7,-1,-1,-1,-1,2,-1
201542I202406,1,9,0,18,0,7,0,0,0,0,1,1,6,2,50,8,1783,1,12,-1,1,-1
201542I202406,2,19,0,4,0,7,0,0,0,0,2,1,6,1,39,7,-1,-1,-1,-1,-1,-1
201542I202406,3,8,0,4,0,7,0,0,0,0,2,1,6,1,32,6,1685,2,4,-1,1,-1
201542I202506,1,9,0,12,0,1,0,0,0,0,1,1,6,2,21,5,1248,1,3,-1,1,-1
201542I202506,2,9,0,18,0,2,0,0,0,0,1,1,6,1,69,10,-1,-1,-1,-1,1,-1
201542I202606,1,9,0,18,0,2,0,0,0,0,1,1,6,1,31,6,-1,-1,-1,-1,1,-1
201542I202606,2,9,0,4,0,2,0,0,0,0,2,1,6,2,67,10,1598,1,17,-1,1,-1
201542I202606,3,9,0,4,0,2,0,0,0,0,2,1,6,2,29,6,-1,-1,-1,-1,1,-1
201542I202706,1,9,0,18,0,0,0,0,0,0,0,1,6,1,-1,-1,-1,-1,-1,-1,-1,-1
201542I202706,2,9,0,18,0,0,0,0,0,0,3,1,6,2,30,6,1596,1,12,-1,1,-1
201542I202706,3,3,0,18,0,0,0,0,0,0,4,1,6,1,50,8,124,1,9,-1,1,-1
201542I202806,1,90,0,9,0,6,0,0,0,0,1,1,1,1,25,5,-1,-1,-1,-1,1,-1
201542I202806,2,19,0,18,0,8,0,0,0,0,4,1,1,1,58,9,2148,2,7,-1,1,-1
201542I202806,3,9,0,3,0,1,0,0,0,0,0,1,6,1,44,7,1998,2,11,-1,1,-1
201542I202906,1,19,0,4,0,0,0,0,0,0,3,1,1,1,51,8,1997,2,9,-1,1,-1
201542I202906,2,19,4,18,0,0,1,0,0,6,2,1,1,1,42,7,2287,2,1,-1,1,-1
201542I202906,3,21,1,18,0,0,1,0,0,6,1,1,1,1,64,9,11967,2,3,-1,1,-1
201542I203006,1,21,1,18,0,0,0,0,0,0,1,1,1,1,36,7,11967,2,2,-1,1,-1
201542I203006,2,21,1,3,0,0,0,0,0,0,2,1,1,1,34,6,11967,2,4,-1,-1,-1
201542I203006,3,21,1,3,0,0,0,0,0,0,2,1,1,1,37,7,10837,2,1,-1,1,-1
201542I203206,1,9,0,7,0,1,0,0,0,0,1,1,6,2,56,9,1388,1,16,-1,1,-1
201542I203206,2,9,0,18,0,1,0,0,0,0,4,1,6,1,-1,-1,1910,2,8,-1,1,-1
201542I203307,1,9,0,9,0,1,0,0,0,0,1,1,6,1,-1,-1,-1,-1,-1,-1,-1,-1
201542I203307,2,1,0,18,0,1,0,0,0,0,1,1,6,1,45,7,-1,-1,-1,-1,1,-1
201542I203407,1,9,0,3,0,4,0,0,0,0,1,1,6,1,-1,-1,1598,2,1,-1,-1,-1
201542I203407,2,9,0,3,0,4,0,0,0,0,2,1,6,1,36,7,-1,-1,-1,-1,1,-1
201542I203507,1,9,0,18,0,0,1,0,0,6,1,1,6,1,33,6,2324,1,15,-1,2,-1
201542I203507,2,9,0,18,0,0,0,0,0,0,2,1,6,1,48,8,2179,2,4,-1,1,-1
201542I203607,1,9,0,18,0,1,0,0,0,0,1,1,6,2,34,6,1988,1,12,-1,2,-1
201542I203707,1,9,0,18,0,1,0,0,0,0,1,1,1,1,39,7,1560,2,1,-1,1,-1
201542I203707,2,9,0,10,0,1,0,0,0,0,2,1,6,2,36,7,1242,1,2,-1,1,-1
201542I203807,1,9,0,9,0,1,0,0,0,0,1,1,6,2,28,6,1596,1,10,-1,1,-1
201542I203807,2,9,0,18,0,1,0,0,0,0,1,1,6,1,42,7,3301,1,9,-1,1,-1
201542I203907,1,9,0,18,0,0,1,7,5,6,1,1,6,2,78,11,1587,1,9,-1,-1,-1
201542I204007,1,9,0,18,0,0,0,0,0,0,1,1,1,1,23,5,-1,-1,-1,-1,1,-1
201542I204007,2,11,0,18,0,0,0,0,0,0,3,1,3,1,37,7,-1,-1,-1,-1,1,-1
201542I204106,1,4,0,9,0,8,0,0,0,0,4,1,6,1,22,5,249,1,4,-1,2,-1
201542I204106,2,9,0,18,0,1,0,0,0,0,1,1,6,2,44,7,1997,2,14,-1,2,-1
201542I204206,1,8,0,5,0,6,0,0,0,0,0,1,1,1,-1,-1,2664,2,16,-1,-1,-1
201542I204307,1,9,0,18,0,0,0,0,0,0,1,1,3,2,42,7,1968,2,8,-1,1,-1
201542I204406,1,9,0,9,0,8,0,0,0,0,4,1,6,1,22,5,1988,1,13,-1,1,-1
201542I204406,2,9,0,18,0,1,0,0,0,0,1,1,2,2,25,5,1968,2,5,-1,3,-1
201542I204507,1,19,0,18,0,8,0,0,0,0,1,1,2,1,21,5,1560,2,1,-1,2,-1
201542I204507,2,9,0,4,0,8,0,0,0,0,2,1,6,1,47,8,3628,2,7,-1,3,-1
201542I204507,3,9,0,4,0,8,0,0,0,0,2,1,1,1,45,7,-1,-1,-1,-1,1,-1
201542I204606,1,9,0,18,0,0,0,0,0,0,1,1,6,2,52,8,3456,8,-1,-1,-1,-1
201542I204706,1,9,0,5,0,4,0,0,0,0,1,1,6,2,19,4,1149,1,11,-1,-1,-1
201542I204706,2,9,0,9,0,3,0,0,0,0,4,1,6,1,26,6,1368,1,8,-1,1,-1