Accident_Index,Vehicle_Reference,Vehicle_Type,Towing_and_Articulation,Vehicle_Manoeuvre,Vehicle_Location-Restricted_Lane,Junction_Location,Skidding_and_Overturning,Hit_Object_in_Carriageway,Vehicle_Leaving_Carriageway,Hit_Object_off_Carriageway,1st_Point_of_Impact,Was_Vehicle_Left_Hand_Drive?,Journey_Purpose_of_Driver,Sex_of_Driver,Age_of_Driver,Age_Band_of_Driver,Engine_Capacity_(CC),Propulsion_Code,Age_of_Vehicle,Driver_IMD_Decile,Driver_Home_Area_Type,Vehicle_IMD_Decile
201542I204807,1,9,0,5,0,6,0,0,0,0,1,1,2,2,21,5,1229,1,5,-1,1,-1
201542I204807,2,9,0,18,0,8,0,0,0,0,1,1,2,1,29,6,1896,2,12,-1,1,-1
201542I204807,3,9,0,2,0,1,0,0,0,0,0,1,6,3,-1,-1,-1,-1,-1,-1,-1,-1
201542I204907,1,9,0,18,0,1,0,0,0,0,1,1,6,2,48,8,1598,1,3,-1,1,-1
201542I205007,1,9,0,18,0,1,0,0,0,0,1,1,6,2,55,8,1870,2,12,-1,3,-1
201542I205007,2,9,0,10,0,1,0,0,7,0,2,1,2,2,45,7,1799,1,17,-1,3,-1
201542I205106,1,9,0,14,0,0,0,0,0,0,4,1,6,2,78,11,998,1,-1,-1,1,-1
201542I205106,2,19,0,2,0,0,0,0,0,0,3,1,1,2,-1,-1,1248,2,2,-1,-1,-1
201542I205207,1,21,1,18,0,1,0,0,0,0,0,1,1,1,48,8,12809,2,2,-1,-1,-1
201542I205207,2,9,0,18,0,1,0,0,0,0,1,1,6,2,22,5,1796,1,10,-1,1,-1
201542I205307,1,9,0,18,0,1,0,0,0,0,1,1,6,1,-1,-1,-1,-1,-1,-1,-1,-1
201542I205307,2,9,0,18,0,1,0,0,0,0,2,1,6,2,-1,-1,1360,1,16,-1,-1,-1
201542I205307,3,9,0,18,0,1,0,0,0,0,2,1,6,1,51,8,1596,1,9,-1,1,-1
201542I205407,1,19,0,18,0,0,0,0,0,7,4,1,1,1,34,6,2461,2,10,-1,1,-1
201542I205507,1,9,0,9,0,5,0,0,0,0,3,1,6,1,55,8,2204,2,6,-1,-1,-1
201542I205507,2,3,0,18,0,8,1,0,0,0,1,1,6,1,20,4,125,1,2,-1,1,-1
201542I205607,1,3,0,16,0,4,1,0,0,0,0,1,6,1,23,5,124,1,14,-1,1,-1
201542I205707,1,9,0,3,0,1,0,0,0,0,1,1,6,3,-1,-1,1994,2,13,-1,-1,-1
201542I205707,2,9,0,3,0,1,0,0,0,0,2,1,2,2,23,5,1461,2,1,-1,1,-1
201542I205807,1,9,0,17,0,0,5,0,1,11,4,1,6,1,88,11,-1,-1,-1,-1,1,-1
201542I205907,1,9,0,13,0,1,0,0,1,1,4,1,6,1,34,6,1991,1,-1,-1,3,-1
201542I205907,2,9,0,18,0,8,0,0,0,0,1,1,6,1,41,7,2497,2,9,-1,1,-1
201542I206007,1,9,0,7,0,5,0,0,0,0,3,1,6,2,59,9,1499,2,1,-1,1,-1
201542I206007,2,5,0,13,0,8,0,0,0,0,1,1,6,1,40,7,899,1,15,-1,3,-1
201542I206107,1,2,0,17,0,2,0,10,1,0,1,1,6,1,17,4,50,1,11,-1,1,-1
201542I206206,1,5,0,18,0,8,1,0,0,0,0,1,6,1,23,5,599,1,11,-1,1,-1
201542I206407,1,21,0,17,0,8,5,0,1,7,4,1,1,1,55,8,16120,2,-1,-1,3,-1
201542I206407,2,9,0,3,0,1,0,0,0,0,3,1,1,1,50,8,1956,2,2,-1,3,-1
201542I206507,1,9,0,18,0,0,1,0,7,4,1,1,6,1,37,7,2497,1,12,-1,-1,-1
201542I206607,1,9,0,7,0,3,0,0,0,0,3,1,6,3,-1,-1,-1,-1,-1,-1,-1,-1
201542I206707,1,2,0,18,0,6,0,0,0,0,3,1,6,1,16,4,49,1,7,-1,1,-1
201542I206707,2,9,0,18,0,8,0,0,0,0,1,1,6,2,34,6,1198,1,4,-1,1,-1
201542I206807,1,9,0,16,0,1,1,0,2,4,1,1,6,1,17,4,1229,1,4,-1,3,-1
201542I206907,1,9,0,5,0,2,0,0,0,1,1,1,6,2,56,9,1490,1,8,-1,3,-1
201542I206907,2,9,0,18,0,1,0,0,0,0,1,1,6,1,19,4,1198,1,13,-1,-1,-1
201542I207007,1,9,0,7,0,5,1,0,1,0,1,1,2,2,20,4,-1,-1,-1,-1,1,-1
201542I207007,2,9,0,18,0,5,1,0,0,0,1,1,2,1,28,6,1686,2,13,-1,1,-1
201542I207107,1,9,0,15,0,1,0,0,0,0,0,1,1,1,45,7,-1,-1,-1,-1,1,-1
201542I207107,2,1,0,18,0,1,1,0,0,0,0,1,6,1,76,11,-1,-1,-1,-1,1,-1
201542I207207,1,9,0,18,0,0,1,0,8,11,1,1,6,1,21,5,1586,1,5,-1,1,-1
201542I207306,1,9,0,9,0,8,0,0,0,0,4,1,6,2,65,9,2143,2,1,-1,1,-1
201542I207306,2,5,0,18,0,8,0,0,0,0,1,1,6,1,27,6,675,1,3,-1,1,-1
201542I207405,1,9,0,18,0,4,0,0,0,0,1,1,6,2,19,4,1229,1,2,-1,1,-1
201542I207405,2,9,0,18,0,3,0,0,0,0,4,1,6,2,31,6,1995,2,2,-1,3,-1
201542I207507,1,19,0,17,0,0,0,0,1,9,4,1,1,1,52,8,1868,2,10,-1,1,-1
201542I207607,1,19,0,7,0,4,0,0,0,0,1,1,6,1,-1,-1,1753,2,9,-1,-1,-1
201542I207607,2,1,0,18,0,8,0,0,0,0,2,1,6,1,44,7,-1,-1,-1,-1,1,-1
201542I207706,1,20,0,18,0,0,0,0,0,0,3,1,1,1,43,7,-1,-1,-1,-1,1,-1
201542I207706,2,9,0,18,0,0,0,0,0,0,4,1,6,2,64,9,1598,1,4,-1,-1,-1
201542I207706,3,9,0,18,0,0,0,0,0,0,1,1,6,2,23,5,1796,1,9,-1,3,-1
201542I207807,1,9,0,18,0,0,1,0,0,0,1,1,6,2,49,8,1798,1,7,-1,1,-1
201542I207807,2,9,0,18,0,0,0,0,0,0,2,1,6,2,50,8,-1,-1,-1,-1,1,-1
201542I207907,1,9,0,18,0,4,0,0,0,0,1,1,6,2,20,4,1388,1,9,-1,1,-1
201542I207907,2,9,0,18,0,3,0,0,0,0,3,1,2,1,22,5,1242,1,-1,-1,1,-1
201542I208007,1,9,0,18,0,1,0,0,0,0,1,1,6,2,40,7,1910,2,7,-1,-1,-1
201542I208007,2,9,0,10,0,1,0,0,0,0,2,1,3,2,38,7,1995,2,2,-1,-1,-1
201542I208107,1,9,0,3,0,1,0,0,0,0,2,1,6,1,-1,-1,2148,2,11,-1,-1,-1
201542I208107,2,9,0,3,0,1,0,0,0,0,1,1,6,1,50,8,1997,2,3,-1,1,-1
201542I208206,1,90,0,18,0,1,0,0,0,0,4,1,1,1,47,8,2987,2,1,-1,-1,-1
201542I208206,2,9,0,18,0,1,0,0,0,0,1,1,6,1,29,6,1299,1,15,-1,2,-1
201542I208307,1,5,0,11,0,8,1,0,0,0,4,1,6,1,20,4,656,1,3,-1,3,-1
201542I208307,2,8,0,17,0,8,0,0,0,0,3,1,6,1,62,9,-1,-1,-1,-1,1,-1
201542I208407,1,11,0,5,0,1,0,0,1,0,4,1,1,1,-1,-1,-1,-1,-1,-1,-1,-1
201542I208507,1,9,0,3,0,0,0,0,0,0,1,1,6,2,-1,-1,2696,2,8,-1,1,-1
201542I208507,2,11,0,5,0,0,0,0,0,0,4,1,6,1,60,9,-1,2,17,-1,1,-1
201542I208607,1,97,0,18,0,0,0,0,0,0,1,1,6,1,-1,-1,124,1,2,-1,1,-1
201542I208607,2,19,0,4,0,0,0,0,0,0,3,1,6,1,-1,-1,-1,-1,-1,-1,1,-1
201542I208702,1,9,0,18,0,1,0,0,0,0,1,1,1,2,-1,-1,1598,1,2,-1,-1,-1
201542I208806,1,9,0,18,0,0,0,0,0,0,1,1,6,2,51,8,1598,2,2,-1,1,-1
201542I208806,2,9,0,18,0,0,0,0,0,0,1,1,6,1,44,7,1299,1,12,-1,1,-1
201542I208906,1,9,0,9,0,8,0,0,0,0,1,1,6,1,22,5,2979,1,13,-1,1,-1
201542I208906,2,9,0,18,0,1,0,0,0,0,3,1,6,2,47,8,1229,1,1,-1,1,-1
201542I209106,1,9,0,18,0,1,0,0,0,0,1,1,6,1,-1,-1,-1,-1,-1,-1,-1,-1
201542I209106,2,9,0,4,0,1,0,0,0,0,2,1,6,2,64,9,2435,1,15,-1,1,-1
201542I209206,1,9,0,18,0,1,0,0,0,0,1,1,6,2,36,7,1896,2,12,-1,1,-1
201542I209206,2,5,0,7,0,1,0,0,0,0,2,1,6,2,31,6,649,1,6,-1,1,-1
201542I209307,1,9,0,14,0,2,0,0,0,0,1,1,3,2,41,7,1798,8,-1,-1,2,-1
201542I209407,1,9,0,3,0,4,0,0,0,0,1,1,6,2,40,7,2179,2,-1,-1,1,-1
201542I209407,2,9,0,3,0,4,0,0,0,0,2,1,1,1,70,10,2494,1,17,-1,3,-1
201542I209507,1,9,0,3,0,0,0,0,0,0,1,1,6,2,-1,-1,-1,-1,-1,-1,-1,-1
201542I209507,2,9,0,3,0,0,0,0,0,0,2,1,1,1,56,9,-1,-1,-1,-1,1,-1
201542I209707,1,9,0,18,0,0,0,0,0,0,1,1,6,1,27,6,1248,2,2,-1,-1,-1
201542I209707,2,8,0,4,0,0,0,0,0,0,2,1,2,1,52,8,-1,-1,-1,-1,1,-1
201542I209707,3,9,0,4,0,0,0,0,0,0,2,1,2,1,53,8,1968,2,7,-1,1,-1
201542I209807,1,9,0,13,0,1,1,0,7,1,4,1,1,1,34,6,1560,2,3,-1,-1,-1
201542I209807,2,9,0,10,0,1,0,0,0,0,3,1,6,2,41,7,2967,2,2,-1,3,-1
201542I209907,1,1,0,18,0,1,0,0,0,0,4,1,6,1,9,2,-1,-1,-1,-1,1,-1
201542I209907,2,9,0,18,0,5,0,0,0,0,1,1,6,2,41,7,1388,1,5,-1,1,-1
201542I210007,1,5,0,18,0,0,1,0,0,0,1,1,2,1,26,6,996,1,13,-1,1,-1
201542I210007,2,9,0,4,0,0,0,0,0,0,2,1,6,1,-1,-1,-1,-1,-1,-1,-1,-1
201542I210107,1,9,0,18,0,0,0,0,0,0,1,1,6,2,27,6,973,1,13,-1,-1,-1
201542I210107,2,9,0,3,0,0,0,0,0,0,2,1,6,2,27,6,1299,1,13,-1,1,-1
201542I210107,3,9,0,3,0,0,0,0,0,0,2,1,6,2,26,6,1560,2,4,-1,1,-1
201542I210107,4,9,0,3,0,0,0,0,0,0,2,1,6,1,45,7,1997,2,4,-1,1,-1
201542I210207,1,9,0,7,0,6,0,0,0,0,1,1,6,2,64,9,1242,1,17,-1,1,-1
201542I210207,2,9,0,18,0,8,0,0,0,0,1,1,6,2,44,7,2776,2,11,-1,1,-1
201542I210307,1,19,0,18,0,0,1,0,0,0,1,1,2,1,37,7,2198,2,3,-1,-1,-1
201542I210307,2,9,0,2,0,0,0,0,0,0,2,1,6,1,36,7,2171,1,12,-1,1,-1
201542I210407,1,11,0,18,0,0,0,0,0,0,4,1,1,1,38,7,7300,2,13,-1,-1,-1
201542I210507,1,9,0,1,0,1,0,0,1,10,3,1,6,2,77,11,1850,1,15,-1,1,-1
201542I210507,2,21,0,2,0,1,0,0,0,0,1,1,1,1,40,7,4461,2,3,-1,2,-1
201542I210607,1,9,0,16,0,8,0,0,0,0,1,1,6,1,52,8,1769,1,11,-1,3,-1
201542I210607,2,9,0,17,0,8,0,0,0,0,1,1,6,1,55,8,2495,2,14,-1,3,-1
201542I210807,1,9,0,18,0,0,0,0,0,0,1,1,6,2,63,9,998,1,-1,-1,2,-1
201542I210807,2,9,0,2,0,0,0,0,0,0,1,1,1,1,37,7,-1,-1,-1,-1,1,-1
201542I210907,1,9,0,9,0,6,1,0,0,0,3,1,6,1,36,7,2497,1,9,-1,1,-1
201542I210907,2,9,0,18,0,8,1,0,0,0,4,1,6,2,70,10,1587,1,14,-1,1,-1
201542I211007,1,9,0,18,0,8,0,0,0,0,1,1,6,2,77,11,1360,1,13,-1,1,-1
201542I211007,2,9,0,4,0,8,0,0,0,0,2,1,6,1,21,5,1242,1,-1,-1,1,-1
201542I211007,3,9,0,4,0,8,0,0,0,0,2,1,6,2,53,8,1598,2,3,-1,1,-1
201542I211007,4,9,0,4,0,8,0,0,0,0,2,1,6,1,48,8,1796,1,14,-1,2,-1
201542I211107,1,9,0,5,0,1,0,0,0,0,1,1,6,1,-1,-1,-1,-1,-1,-1,-1,-1
201542I211207,1,9,0,18,0,8,0,0,1,0,1,1,6,1,22,5,1586,1,8,-1,1,-1
201542I211207,2,9,0,9,0,5,0,0,0,0,2,1,1,1,31,6,998,1,13,-1,-1,-1
201542I211307,1,9,0,18,0,1,0,0,0,0,1,1,4,2,50,8,1298,1,15,-1,1,-1
201542I211307,2,8,0,6,0,5,0,0,0,0,3,1,1,1,37,7,1598,2,-1,-1,1,-1
201542I211407,1,19,0,18,0,0,1,0,1,4,1,1,1,1,51,8,1248,2,7,-1,1,-1
201542I211507,1,20,0,18,0,1,0,0,7,0,1,1,1,1,33,6,-1,-1,-1,-1,-1,-1
201542I211507,2,9,0,9,0,1,0,0,0,0,4,1,6,2,21,5,1149,1,15,-1,1,-1
201542I211607,1,9,0,9,0,6,0,0,0,0,3,1,1,1,25,5,1560,2,3,-1,-1,-1
201542I211607,2,9,0,18,0,1,0,0,0,0,1,1,2,1,26,6,998,1,12,-1,1,-1
201542I211707,1,19,0,18,6,7,1,0,0,0,1,1,1,1,27,6,2488,2,6,-1,1,-1
201542I211707,2,9,0,3,6,7,0,0,0,0,2,1,1,1,53,8,1598,2,-1,-1,1,-1
201542I211707,3,9,0,3,6,7,0,0,0,0,2,1,6,1,62,9,1242,1,-1,-1,-1,-1
201542I211807,1,9,0,18,0,0,0,0,1,0,1,1,6,1,23,5,1598,1,12,-1,1,-1
201542I211807,2,11,0,18,0,0,0,0,0,0,1,1,1,1,62,9,-1,2,2,-1,-1,-1
201542I211907,1,9,0,7,0,3,1,0,0,7,1,1,6,1,21,5,1242,1,9,-1,1,-1
201542I212007,1,9,0,18,0,0,0,11,0,0,1,1,6,2,24,5,998,1,10,-1,1,-1
201542I212207,1,9,0,18,0,0,0,0,1,3,4,1,6,2,19,4,1388,1,11,-1,3,-1
201542I212307,1,19,0,18,0,0,2,0,0,0,1,1,1,1,34,6,2143,2,1,-1,1,-1
201542I212307,2,9,0,18,0,0,0,0,0,0,2,1,6,2,39,7,1598,2,5,-1,1,-1
201542I212307,3,19,0,18,0,0,0,0,0,0,0,1,6,1,-1,-1,-1,-1,-1,-1,-1,-1
201542I212407,1,9,0,18,0,0,0,4,0,0,4,1,6,1,74,10,1498,1,-1,-1,1,-1
201542I212407,2,9,0,2,9,0,0,0,0,0,3,1,6,3,-1,-1,2993,2,3,-1,-1,-1
201542I212607,1,9,0,16,0,0,0,0,2,4,1,1,6,1,19,4,1596,1,14,-1,1,-1
201542I212707,1,9,0,1,0,0,0,0,1,10,2,1,6,1,90,11,1108,1,20,-1,1,-1
201542I212807,1,9,0,18,0,1,0,0,0,0,1,1,1,1,55,8,1398,1,7,-1,1,-1
201542I212807,2,9,0,18,0,1,0,0,0,0,2,1,1,2,25,5,1900,2,15,-1,1,-1
201542I212807,3,9,0,18,0,1,0,0,0,0,2,1,1,1,37,7,-1,-1,-1,-1,1,-1
201542I212907,1,9,0,18,0,1,0,0,0,0,2,1,6,2,48,8,1149,1,5,-1,1,-1
201542I212907,2,9,0,18,0,1,0,0,0,0,1,1,6,2,48,8,1560,2,5,-1,-1,-1
201542I212907,3,9,0,4,0,1,1,0,0,0,1,1,6,2,26,6,1598,1,16,-1,1,-1
201542I213007,1,9,0,18,0,0,1,0,7,9,1,1,1,2,25,5,1968,2,2,-1,1,-1
201542I213107,1,9,0,7,0,6,0,0,0,0,1,1,6,1,-1,-1,-1,-1,-1,-1,-1,-1
201542I213107,2,9,0,10,0,1,0,0,0,0,2,1,6,2,28,6,1998,2,8,-1,1,-1
201542I213207,1,19,0,5,0,4,0,0,0,0,3,1,1,1,-1,-1,-1,-1,-1,-1,-1,-1
201542I213207,2,1,0,7,0,3,0,0,0,0,4,1,1,1,52,8,-1,-1,-1,-1,1,-1
201542I213307,1,8,0,18,0,8,0,0,0,0,1,1,6,1,60,9,-1,-1,-1,-1,1,-1
201542I213307,2,1,0,18,0,8,0,0,0,0,4,1,6,2,32,6,-1,-1,-1,-1,1,-1
201542I213407,1,9,0,3,0,1,0,0,0,0,1,1,1,2,29,6,1596,1,11,-1,1,-1
201542I213407,2,9,0,3,0,1,0,0,0,0,2,1,6,1,51,8,1995,2,5,-1,1,-1
201542I213407,3,9,0,3,0,1,0,0,0,0,2,1,1,1,63,9,2231,2,5,-1,2,-1
201542I213507,1,9,0,5,0,4,0,0,0,0,2,1,2,1,27,6,-1,-1,-1,-1,1,-1
201542I213507,2,9,0,4,0,4,0,0,0,0,1,1,2,1,27,6,1598,1,11,-1,1,-1
201542I213807,1,9,0,10,0,6,0,0,0,0,1,1,6,1,60,9,1061,1,9,-1,3,-1
201542I213807,2,5,0,18,0,1,0,0,0,0,1,1,6,1,48,8,1000,1,31,-1,1,-1
201542I213907,1,9,0,18,0,1,0,0,0,0,1,1,1,1,25,5,1997,2,11,-1,1,-1
201542I213907,2,9,0,1,0,1,0,4,0,0,2,1,6,2,27,6,1560,2,7,-1,1,-1
201542I213907,3,9,0,2,0,1,0,4,0,0,3,1,6,2,25,5,1560,2,2,-1,1,-1
201542I213907,4,9,0,2,0,1,0,0,0,0,0,1,6,1,-1,-1,1242,1,7,-1,1,-1
201542I214007,1,9,0,18,0,1,0,0,0,0,1,1,6,1,61,9,-1,-1,-1,-1,2,-1
201542I214007,2,9,0,18,0,1,0,0,0,0,2,1,6,1,36,7,-1,-1,-1,-1,2,-1
201542I214007,3,9,0,18,0,1,0,0,0,0,2,1,6,1,32,6,1896,2,11,-1,1,-1
201542I214107,1,9,0,18,0,1,0,0,0,0,1,1,6,2,30,6,1596,1,8,-1,1,-1
201542I214107,2,9,0,4,0,1,0,0,0,0,2,1,6,2,55,8,1781,1,11,-1,1,-1
201542I214207,1,9,0,13,0,0,0,0,0,0,4,1,6,1,67,10,1997,2,5,-1,1,-1
201542I214207,2,1,0,18,0,0,0,0,0,0,3,1,6,2,52,8,-1,-1,-1,-1,1,-1
201542I214307,1,9,0,18,0,0,0,0,0,0,1,1,6,1,44,7,1598,1,13,-1,1,-1
201542I214307,2,9,0,18,0,0,0,0,0,0,1,1,6,1,55,8,1388,1,15,-1,1,-1
201542I214407,1,19,0,18,0,1,1,0,0,0,1,1,6,1,32,6,1870,2,12,-1,1,-1
201542I214507,1,9,0,5,0,8,0,0,0,0,0,1,6,2,39,7,1198,1,12,-1,1,-1
201542I214507,2,3,0,18,0,1,0,0,0,0,0,1,2,1,20,4,125,1,2,-1,1,-1
201542I214607,1,9,0,3,0,4,0,0,0,0,1,1,6,1,-1,-1,-1,-1,-1,-1,1,-1
201542I214607,2,9,0,18,0,4,0,0,0,0,2,1,6,2,21,5,1149,1,13,-1,1,-1
201542I214707,1,3,0,11,0,3,0,0,0,0,3,1,6,1,17,4,-1,-1,-1,-1,1,-1
201542I214807,1,19,0,18,0,0,0,0,0,0,1,1,6,2,51,8,1868,2,9,-1,1,-1
201542I214807,2,9,0,18,0,0,0,0,0,0,2,1,6,2,51,8,1968,2,1,-1,1,-1
201542I214907,1,9,0,18,0,1,0,0,0,0,1,1,6,2,-1,-1,1299,1,13,-1,-1,-1
201542I214907,2,9,0,10,0,1,0,0,0,0,2,1,6,1,49,8,2597,1,15,-1,1,-1
201542I215106,1,9,0,18,0,0,1,0,0,0,1,1,6,1,-1,-1,-1,-1,-1,-1,-1,-1
201542I215206,1,19,0,18,0,3,0,0,0,0,3,1,1,1,27,6,2198,2,1,-1,1,-1
201542I215206,2,5,0,18,0,8,0,0,0,0,1,1,1,1,-1,-1,899,1,16,-1,1,-1
201542I215306,1,9,0,3,0,8,0,0,0,0,1,1,6,1,-1,-1,-1,-1,-1,-1,-1,-1
201542I215306,2,9,0,3,0,8,0,0,0,0,2,1,6,2,61,9,1596,1,15,-1,1,-1
201542I215506,1,9,0,18,0,4,0,0,0,0,1,1,6,2,-1,-1,1124,1,11,-1,1,-1
201542I215506,2,9,0,3,0,4,0,0,0,0,2,1,6,1,23,5,1398,2,6,-1,1,-1
201542I215706,1,1,0,10,0,1,0,0,0,0,1,1,1,1,-1,-1,-1,-1,-1,-1,-1,-1
201542I215706,2,9,0,18,0,1,0,0,0,0,1,1,1,2,31,6,1242,1,3,-1,1,-1
201542I215806,1,9,0,18,0,0,0,0,0,6,2,1,6,2,64,9,998,1,8,-1,3,-1
201542I215806,2,9,0,18,0,0,0,0,0,0,1,1,2,1,33,6,2493,8,2,-1,1,-1
201542I216006,1,9,0,2,0,0,0,0,0,0,3,1,6,1,44,7,-1,-1,-1,-1,3,-1
201542I216006,2,9,0,14,0,0,0,0,0,0,4,1,6,2,46,8,1582,2,4,-1,1,-1
201542I216105,1,19,0,18,0,3,0,0,0,0,1,1,6,1,-1,-1,-1,-1,-1,-1,-1,-1
201542I216105,2,9,0,8,0,3,0,0,0,0,2,1,6,1,-1,-1,1198,1,-1,-1,1,-1
201542I216206,1,9,0,5,0,6,0,0,0,0,1,1,6,2,19,4,998,1,3,-1,1,-1
201542I216206,2,1,0,18,9,1,0,0,0,0,1,1,6,2,20,4,-1,-1,-1,-1,1,-1
201542I216306,1,9,0,7,9,0,0,0,0,0,1,1,6,2,-1,-1,1397,1,11,-1,2,-1
201542I216306,2,22,0,2,9,0,0,0,0,0,2,1,6,2,21,5,-1,-1,-1,-1,1,-1
201542I216407,1,9,0,9,0,6,0,0,0,0,1,1,6,1,-1,-1,-1,-1,-1,-1,1,-1
201542I216407,2,9,0,18,0,1,0,0,0,0,3,1,6,1,56,9,1968,2,9,-1,1,-1
201542I216507,1,98,0,1,0,6,0,0,0,0,2,1,1,1,-1,-1,2402,2,8,-1,3,-1
201542I216507,2,9,0,18,0,1,0,0,0,0,1,1,1,2,43,7,-1,-1,-1,-1,1,-1
201542I216607,1,9,0,18,0,8,0,0,0,0,3,1,1,1,-1,-1,1242,1,13,-1,-1,-1
201542I216607,2,4,0,18,0,8,0,0,0,0,4,1,1,1,59,9,885,1,16,-1,-1,-1
201542I216706,1,9,0,18,0,0,0,0,0,0,1,1,6,3,-1,-1,-1,-1,-1,-1,-1,-1
201542I216706,2,9,0,18,0,0,0,0,5,6,2,1,6,1,26,6,1242,1,5,-1,1,-1
201542I216807,1,9,0,18,0,1,0,0,0,0,1,1,6,2,-1,-1,-1,-1,-1,-1,-1,-1
201542I216807,2,1,0,18,0,1,0,0,0,0,4,1,6,1,47,8,-1,-1,-1,-1,1,-1
201542I216907,1,9,0,18,0,1,0,0,0,0,1,1,6,1,-1,-1,-1,-1,-1,-1,-1,-1
201542I216907,2,9,0,18,0,1,0,0,0,0,1,1,6,2,31,6,-1,-1,-1,-1,1,-1
201542I217007,1,9,4,18,0,0,0,0,0,0,4,2,6,1,43,7,-1,-1,-1,-1,-1,-1
201542I217007,2,1,0,18,0,0,0,0,0,0,3,1,6,1,46,8,-1,-1,-1,-1,1,-1
201542I217107,1,9,0,18,0,1,0,0,0,0,1,1,6,1,18,4,1360,1,8,-1,2,-1
201542I217107,2,9,0,9,0,1,0,0,0,0,2,1,6,1,21,5,1999,1,7,-1,1,-1
201542I217207,1,9,0,2,0,1,0,0,0,0,3,1,6,1,35,6,-1,-1,-1,-1,1,-1
201542I217207,2,1,0,18,0,1,0,0,0,0,1,1,6,1,35,6,-1,-1,-1,-1,1,-1
201542I217307,1,9,0,18,0,0,0,0,0,0,0,1,6,1,-1,-1,-1,-1,-1,-1,-1,-1
201542I217307,2,9,0,2,0,0,0,0,0,0,0,1,6,2,23,5,1995,2,1,-1,3,-1
201542I217407,1,1,0,11,0,1,0,0,0,0,3,1,6,1,-1,-1,-1,-1,-1,-1,-1,-1
201542I217407,2,9,0,9,0,1,0,0,0,0,4,1,6,2,35,6,1968,2,4,-1,1,-1
201542I217507,1,9,0,5,0,1,0,0,0,0,1,1,6,2,20,4,1299,1,14,-1,1,-1
201542I217507,2,1,0,18,0,1,0,0,0,0,4,1,6,1,53,8,-1,-1,-1,-1,1,-1
201542I217607,1,20,0,18,0,1,0,0,0,0,1,1,6,1,25,5,-1,-1,-1,-1,1,-1
201542I217607,2,9,0,18,0,1,0,0,0,0,1,1,6,2,64,9,1598,1,10,-1,1,-1
201542I217706,1,9,0,7,0,1,2,0,2,1,1,1,6,2,42,7,-1,-1,-1,-1,1,-1
201542I217807,1,9,0,18,0,0,0,0,0,0,1,1,6,2,55,8,1229,1,10,-1,3,-1
201542I217907,1,9,0,18,0,1,0,0,0,0,1,1,1,1,37,7,2993,2,2,-1,3,-1
201542I217907,2,9,0,18,0,1,0,0,0,0,0,1,6,3,-1,-1,1299,1,14,-1,-1,-1
201542I217907,3,9,0,18,0,1,0,0,0,0,1,1,6,1,58,9,-1,-1,-1,-1,1,-1
201542I218007,1,9,0,18,0,2,0,0,0,0,1,1,6,1,54,8,2720,2,7,-1,1,-1
201542I218007,2,9,0,18,0,1,0,7,1,10,1,1,1,1,29,6,1679,1,13,-1,2,-1
201542I218007,3,9,0,2,9,1,0,0,0,0,3,1,6,3,-1,-1,1339,1,3,-1,-1,-1
201542I218107,1,5,0,7,0,6,0,0,0,0,1,1,6,1,74,10,650,1,60,-1,2,-1
201542I218107,2,9,0,18,0,1,0,0,0,0,3,1,6,2,72,10,1598,2,4,-1,2,-1
201542I218207,1,9,0,12,0,0,0,0,0,0,1,1,6,2,66,10,1995,1,6,-1,3,-1
201542I218207,2,9,0,2,6,0,0,0,0,0,1,1,6,1,48,8,1595,1,7,-1,1,-1
201542I218307,1,9,0,9,0,1,0,0,7,11,1,1,6,1,22,5,1390,1,6,-1,1,-1
201542I218407,1,9,0,9,0,0,0,0,0,0,1,1,6,1,57,9,1368,1,3,-1,1,-1
201542I218407,2,1,0,18,0,0,0,0,0,0,1,1,1,2,58,9,-1,-1,-1,-1,1,-1
201542I218506,1,9,0,18,0,0,0,0,0,0,1,1,1,1,43,7,1997,2,1,-1,1,-1
201542I218506,2,9,0,18,0,0,0,0,0,0,1,1,6,1,29,6,1796,1,8,-1,2,-1
201542I218705,1,9,0,15,0,1,0,0,0,0,2,1,6,1,-1,-1,1796,1,11,-1,-1,-1
201542I218705,2,1,0,18,0,2,0,0,0,0,1,1,6,1,12,3,-1,-1,-1,-1,2,-1
201542I218805,1,19,0,18,9,1,0,0,0,0,1,1,6,1,-1,-1,1461,2,9,-1,-1,-1
201542I218805,2,1,0,18,9,1,0,0,0,0,1,1,6,1,11,3,-1,-1,-1,-1,1,-1
201542I219105,1,1,0,18,0,2,1,0,0,0,3,1,2,1,44,7,-1,-1,-1,-1,1,-1
201542I219105,2,9,0,2,0,2,0,0,0,0,1,1,6,1,-1,-1,1339,1,8,-1,-1,-1
201542I219406,1,9,0,18,0,1,0,0,0,0,0,1,6,2,-1,-1,-1,-1,-1,-1,-1,-1
201542I219406,2,9,0,2,0,1,0,0,0,0,0,1,3,2,42,7,-1,-1,-1,-1,1,-1
201542I219607,1,9,0,13,0,0,0,0,0,0,4,1,1,1,-1,-1,-1,-1,-1,-1,-1,-1
201542I219607,2,1,0,18,0,0,1,0,0,0,3,1,6,1,26,6,-1,-1,-1,-1,2,-1
201542I219707,1,9,0,18,0,4,0,0,0,0,1,1,6,2,23,5,-1,-1,-1,-1,1,-1