Accident_Index,Vehicle_Reference,Vehicle_Type,Towing_and_Articulation,Vehicle_Manoeuvre,Vehicle_Location-Restricted_Lane,Junction_Location,Skidding_and_Overturning,Hit_Object_in_Carriageway,Vehicle_Leaving_Carriageway,Hit_Object_off_Carriageway,1st_Point_of_Impact,Was_Vehicle_Left_Hand_Drive?,Journey_Purpose_of_Driver,Sex_of_Driver,Age_of_Driver,Age_Band_of_Driver,Engine_Capacity_(CC),Propulsion_Code,Age_of_Vehicle,Driver_IMD_Decile,Driver_Home_Area_Type,Vehicle_IMD_Decile
201542I219707,2,9,0,3,0,4,0,0,0,0,2,1,1,2,23,5,998,1,-1,-1,1,-1
201542I219807,1,9,0,18,0,0,0,0,0,0,1,1,1,1,-1,-1,-1,-1,-1,-1,-1,-1
201542I219807,2,9,0,3,0,0,0,0,0,0,2,1,1,1,48,8,-1,-1,-1,-1,1,-1
201542I219907,1,2,0,7,0,6,0,0,0,0,1,1,6,1,19,4,49,1,-1,-1,1,-1
201542I219907,2,9,0,7,0,6,0,0,0,0,2,1,2,2,60,9,1598,1,9,-1,3,-1
201542I220007,1,9,0,16,0,0,1,11,0,7,1,1,6,1,21,5,1248,1,5,-1,1,-1
201542I220107,1,97,0,18,0,8,0,0,0,0,1,1,6,1,26,6,-1,-1,-1,-1,1,-1
201542I220107,2,9,0,9,0,4,0,0,0,0,4,1,6,1,31,6,1198,1,2,-1,1,-1
201542I220207,1,1,0,18,0,0,0,0,0,0,1,1,6,1,-1,-1,-1,-1,-1,-1,-1,-1
201542I220207,2,9,0,18,0,0,0,0,0,0,4,1,6,2,39,7,1998,1,20,-1,-1,-1
201542I220307,1,1,0,18,0,1,0,0,0,0,1,1,6,1,22,5,-1,-1,-1,-1,1,-1
201542I220307,2,9,0,18,0,1,0,0,0,0,4,1,6,3,62,9,1242,1,3,-1,1,-1
201542I220307,3,9,0,18,0,1,0,0,0,0,4,1,6,3,63,9,1560,2,1,-1,1,-1
201542I220407,1,9,0,18,0,1,0,0,0,0,1,1,6,2,40,7,2400,2,8,-1,1,-1
201542I220407,2,9,0,3,0,1,0,0,0,0,2,1,2,1,46,8,-1,-1,-1,-1,1,-1
201542I220407,3,9,0,3,0,1,0,0,0,0,2,1,6,1,-1,-1,1798,1,8,-1,1,-1
201542I220507,1,19,0,4,0,1,0,0,0,0,1,1,2,1,47,8,1896,2,8,-1,1,-1
201542I220507,2,9,0,3,0,1,0,0,0,0,2,1,2,1,35,6,-1,-1,-1,-1,1,-1
201542I220607,1,9,0,18,0,0,0,0,0,0,1,1,6,1,55,8,1796,1,16,-1,1,-1
201542I220607,2,9,0,18,0,0,0,0,0,0,1,1,6,1,59,9,2179,2,4,-1,1,-1
201542I220807,1,9,0,18,0,1,0,0,0,0,1,1,6,1,-1,-1,-1,-1,-1,-1,-1,-1
201542I220907,1,9,0,3,0,1,0,0,0,0,1,1,6,3,-1,-1,-1,-1,-1,-1,-1,-1
201542I220907,2,9,0,3,0,1,0,0,0,0,1,2,6,2,27,6,1299,1,8,-1,1,-1
201542I221006,1,9,0,10,0,5,0,0,0,0,1,1,6,1,17,4,1364,1,8,-1,1,-1
201542I221006,2,9,0,17,0,1,0,0,0,0,1,1,6,1,79,11,-1,-1,-1,-1,1,-1
201542I221106,1,19,0,18,0,1,0,0,0,0,1,1,1,1,-1,-1,1995,2,7,-1,-1,-1
201542I221106,2,9,0,18,0,1,0,7,0,0,2,1,1,2,42,7,1769,1,10,-1,1,-1
201542I221207,1,9,0,5,0,0,0,0,0,0,1,1,6,2,-1,-1,996,1,1,-1,2,-1
201542I221303,1,9,0,18,0,1,0,0,0,0,1,1,6,3,-1,-1,-1,-1,-1,-1,-1,-1
201542I221303,2,1,0,9,0,1,0,0,0,0,4,1,6,1,33,6,-1,-1,-1,-1,-1,-1
201542I221407,1,9,0,9,0,0,0,0,0,0,3,1,6,1,29,6,1798,1,8,-1,-1,-1
201542I221407,2,3,0,18,0,0,0,0,0,0,1,1,6,1,20,4,-1,-1,-1,-1,1,-1
201542I221507,1,1,0,5,0,6,0,0,0,0,4,1,6,2,9,2,-1,-1,-1,-1,1,-1
201542I221507,2,9,0,18,0,1,0,0,0,0,1,1,6,2,-1,-1,1598,1,4,-1,1,-1
201542I221607,1,9,0,9,0,6,0,0,0,0,4,1,1,2,47,8,1968,2,2,-1,-1,-1
201542I221607,2,5,0,18,0,1,0,0,0,0,1,1,2,1,28,6,656,1,7,-1,-1,-1
201542I221707,1,9,0,9,0,0,0,0,0,0,1,1,6,1,-1,-1,-1,-1,-1,-1,1,-1
201542I221707,2,1,0,18,0,0,0,0,0,0,4,1,6,1,46,8,-1,-1,-1,-1,1,-1
201542I221802,1,9,0,15,0,0,0,7,0,0,1,1,1,1,44,7,2993,2,2,-1,-1,-1
201542I221907,1,9,0,5,0,4,0,0,0,0,1,1,1,2,45,7,1998,1,17,-1,1,-1
201542I221907,2,1,0,18,0,8,1,0,0,0,4,1,6,1,44,7,-1,-1,-1,-1,1,-1
201542I222006,1,9,0,18,0,0,0,0,1,11,4,1,6,1,57,9,1560,2,3,-1,-1,-1
201542I222107,1,9,0,18,0,0,0,0,0,0,1,1,1,2,37,7,999,1,-1,-1,-1,-1
201542I222107,2,9,0,18,0,0,0,0,0,0,1,1,1,2,52,8,3222,2,11,-1,2,-1
201542I222207,1,9,0,9,0,8,0,0,0,0,1,1,3,2,31,6,1596,1,2,-1,1,-1
201542I222207,2,4,0,18,0,8,0,0,0,0,4,1,2,1,23,5,124,1,13,-1,1,-1
201542I222307,1,9,0,9,0,1,0,0,0,0,1,1,6,1,48,8,1998,1,9,-1,1,-1
201542I222307,2,5,0,18,0,1,0,0,0,0,1,1,6,1,40,7,-1,-1,-1,-1,1,-1
201542I222407,1,9,0,18,0,8,0,0,0,0,4,1,6,2,-1,-1,-1,-1,-1,-1,-1,-1
201542I222407,2,9,0,18,0,8,0,0,0,0,3,1,6,1,24,5,2179,2,1,-1,2,-1
201542I222507,1,9,0,18,0,0,0,0,0,0,1,1,6,1,70,10,1995,1,12,-1,1,-1
201542I222507,2,9,0,18,0,0,0,0,4,6,1,1,6,1,76,11,1584,1,11,-1,3,-1
201542I222507,3,9,0,18,0,0,0,0,0,0,2,1,6,2,40,7,1956,2,1,-1,2,-1
201542I222507,4,9,0,4,0,0,0,0,0,0,2,1,6,2,55,8,1686,2,10,-1,1,-1
201542I222507,5,9,0,4,0,0,0,0,0,0,2,1,6,1,40,7,1997,2,7,-1,1,-1
201542I222606,1,1,0,3,0,1,0,0,0,0,3,1,6,1,27,6,-1,-1,-1,-1,1,-1
201542I222606,2,19,0,3,0,1,0,0,0,0,4,1,6,3,-1,-1,-1,-1,-1,-1,-1,-1
201542I222707,1,9,0,17,0,4,0,0,0,0,1,1,6,1,28,6,1896,2,16,-1,1,-1
201542I222707,2,3,0,3,0,4,0,0,0,0,2,1,6,1,42,7,125,1,-1,-1,1,-1
201542I222807,1,9,0,18,0,0,0,0,0,0,4,1,6,1,41,7,1596,1,12,-1,1,-1
201542I222807,2,5,0,18,0,0,0,0,1,0,3,1,6,1,32,6,998,1,16,-1,1,-1
201542I222907,1,19,0,9,0,1,0,0,0,0,1,1,1,2,25,5,1686,2,11,-1,1,-1
201542I222907,2,9,0,18,0,1,0,0,0,0,1,1,6,2,25,5,998,1,4,-1,1,-1
201542I223007,1,9,0,18,0,4,0,0,0,0,1,1,6,1,83,11,1797,8,2,-1,1,-1
201542I223007,2,2,0,18,0,3,0,0,0,0,4,1,6,1,16,4,49,1,14,-1,1,-1
201542I223107,1,9,0,18,0,0,0,0,0,0,1,1,1,1,63,9,998,1,4,-1,1,-1
201542I223107,2,9,0,4,0,0,0,0,0,0,2,1,6,2,52,8,999,1,-1,-1,2,-1
201542I223107,3,9,0,4,0,0,0,0,0,0,2,1,6,1,58,9,1339,1,6,-1,2,-1
201542I223407,1,9,0,9,0,1,0,0,0,0,1,1,6,2,18,4,1198,1,12,-1,-1,-1
201542I223407,2,9,0,18,0,1,1,0,2,3,4,1,6,1,69,10,1596,1,11,-1,1,-1
201542I223507,1,19,0,4,0,0,0,0,0,0,1,1,2,1,36,7,-1,-1,-1,-1,1,-1
201542I223507,2,19,0,18,0,0,0,0,0,0,1,1,2,1,38,7,1968,2,3,-1,1,-1
201542I223607,1,9,0,3,0,1,0,0,0,0,1,1,6,2,39,7,1560,2,4,-1,1,-1
201542I223607,2,9,0,3,0,1,0,0,0,0,2,1,6,2,38,7,1242,1,-1,-1,1,-1
201542I223607,3,9,0,4,0,1,0,0,0,0,1,1,6,2,-1,-1,1587,1,13,-1,1,-1
201542I223807,1,9,0,17,0,0,0,10,1,2,4,1,6,2,69,10,2979,1,13,-1,1,-1
201542I223907,1,21,1,18,0,1,0,0,0,0,1,2,1,1,53,8,-1,-1,-1,-1,-1,-1
201542I223907,2,21,1,12,0,7,0,0,0,0,4,2,1,1,29,6,-1,-1,-1,-1,-1,-1
201542I223907,3,9,0,18,0,1,0,0,0,8,4,1,1,2,34,6,1970,1,14,-1,1,-1
201542I224107,1,9,0,12,0,8,0,0,0,0,3,1,6,2,28,6,1388,1,9,-1,1,-1
201542I224107,2,9,0,18,0,3,0,0,0,0,4,1,6,1,36,7,1995,2,8,-1,1,-1
201542I224207,1,9,0,18,0,0,0,0,7,4,3,1,6,1,-1,-1,1896,2,9,-1,-1,-1
201542I224307,1,9,0,17,0,0,1,0,7,3,4,1,6,1,-1,-1,1242,1,10,-1,-1,-1
201542I224407,1,4,0,4,0,1,1,0,0,0,0,1,2,1,50,8,398,1,7,-1,3,-1
201542I224607,1,9,0,18,0,0,0,0,0,0,1,1,6,1,36,7,1461,2,7,-1,3,-1
201542I224607,2,9,0,18,0,0,0,0,0,0,2,1,6,1,49,8,2698,2,7,-1,1,-1
201542I224707,1,9,0,18,0,0,0,0,0,0,4,1,6,1,-1,-1,2143,2,2,-1,1,-1
201542I224707,2,1,0,18,0,0,0,0,0,0,3,1,1,1,50,8,-1,-1,-1,-1,-1,-1
201542I224807,1,9,0,9,0,1,0,7,0,1,0,1,6,3,-1,-1,1598,1,13,-1,-1,-1
201542I224807,2,9,0,2,0,1,0,0,0,0,2,1,6,1,77,11,1299,1,18,-1,1,-1
201542I224907,1,9,0,7,0,4,0,0,0,0,3,1,6,1,-1,-1,1796,1,20,-1,-1,-1
201542I224907,2,3,0,18,0,4,0,0,0,0,1,1,6,1,17,4,124,1,6,-1,1,-1
201542I225007,1,9,0,7,0,1,0,0,0,0,4,1,6,1,-1,-1,1598,1,15,-1,1,-1
201542I225007,2,4,0,18,0,1,0,0,0,0,3,1,6,1,19,4,124,1,6,-1,1,-1
201542I225107,1,9,0,9,0,0,0,0,0,0,1,1,6,1,-1,-1,1242,1,8,-1,-1,-1
201542I225207,1,9,0,5,0,6,0,0,0,0,1,1,6,3,-1,-1,-1,-1,-1,-1,-1,-1
201542I225207,2,1,0,18,0,8,0,0,0,0,4,1,6,1,43,7,-1,-1,-1,-1,2,-1
201542I225307,1,9,0,18,0,1,0,0,0,0,1,1,6,3,-1,-1,-1,-1,-1,-1,-1,-1
201542I225307,2,9,0,4,0,1,0,0,0,0,4,1,6,2,46,8,1242,1,13,-1,1,-1
201542I225407,1,20,1,5,0,4,0,0,0,0,1,1,1,1,-1,-1,-1,-1,-1,-1,-1,-1
201542I225407,2,9,0,3,0,8,0,0,0,0,3,1,2,2,22,5,-1,-1,-1,-1,-1,-1
201542I225706,1,9,0,18,0,1,2,0,2,10,1,1,6,1,25,5,1360,1,14,-1,1,-1
201542I225706,2,9,0,18,0,1,0,0,0,0,0,1,1,1,49,8,1560,2,2,-1,1,-1
201542I225807,1,1,0,18,0,0,0,0,0,0,1,1,6,1,33,6,-1,-1,-1,-1,1,-1
201542I225807,2,9,0,16,0,0,0,0,0,0,1,1,6,1,26,6,1388,1,3,-1,1,-1
201542I225907,1,9,0,6,0,0,0,0,0,0,0,1,6,2,-1,-1,1598,1,8,-1,-1,-1
201542I225907,2,9,0,18,0,0,0,0,0,0,2,1,6,1,45,7,-1,-1,-1,-1,1,-1
201542I225907,3,19,0,18,0,0,0,0,0,0,1,1,6,2,26,6,-1,-1,-1,-1,1,-1
201542I225907,4,9,0,18,0,0,0,0,0,0,1,1,6,2,24,5,1596,1,8,-1,1,-1
201542I226007,1,9,0,18,0,1,0,0,0,0,1,1,6,1,37,7,1749,1,14,-1,-1,-1
201542I226007,2,19,0,18,0,1,0,0,0,0,4,1,1,1,52,8,1995,2,2,-1,1,-1
201542I226007,3,9,0,18,0,1,0,0,0,0,1,1,6,1,37,7,1497,1,11,-1,-1,-1
201542I226107,1,9,0,7,0,6,0,11,0,0,1,1,6,1,20,4,1589,1,15,-1,1,-1
201542I226107,2,9,0,4,0,7,0,11,0,0,1,1,6,2,78,11,1242,1,17,-1,1,-1
201542I226207,1,9,0,4,0,1,0,0,0,0,1,1,6,1,-1,-1,2987,2,3,-1,-1,-1
201542I226207,2,9,0,3,0,1,0,0,0,0,2,1,6,2,29,6,2143,2,5,-1,1,-1
201542I226307,1,9,0,18,0,0,0,0,0,0,0,1,6,3,-1,-1,-1,-1,-1,-1,-1,-1
201542I226307,2,1,0,18,4,0,0,0,0,0,0,1,6,2,58,9,-1,-1,-1,-1,1,-1
201542I226507,1,9,0,18,0,1,0,0,0,0,1,1,6,2,-1,-1,-1,-1,-1,-1,-1,-1
201542I226607,1,19,0,7,0,1,0,0,0,0,2,1,1,1,-1,-1,2198,2,-1,-1,-1,-1
201542I226607,2,4,0,18,0,1,0,0,1,4,1,1,2,1,37,7,-1,-1,-1,-1,1,-1
201542I226707,1,9,0,5,0,0,0,0,0,0,3,1,6,1,39,7,1560,2,2,-1,1,-1
201542I226707,2,4,0,14,0,0,0,0,0,0,4,1,6,1,28,6,498,1,17,-1,1,-1
201542I226707,3,19,0,3,0,0,0,0,0,0,2,1,6,1,36,7,2461,2,4,-1,1,-1
201542I226905,1,9,0,18,0,0,0,0,0,0,4,1,6,3,-1,-1,-1,-1,-1,-1,-1,-1
201542I226905,2,9,0,18,0,0,0,0,0,0,3,1,6,1,59,9,-1,-1,-1,-1,1,-1
201542I227107,1,19,0,18,0,3,0,0,0,0,1,2,6,1,58,9,-1,-1,-1,-1,-1,-1
201542I227107,2,9,0,18,0,3,0,0,0,0,3,1,6,2,44,7,-1,-1,-1,-1,-1,-1
201542I227307,1,9,0,2,0,1,0,0,0,0,3,1,6,2,-1,-1,-1,-1,-1,-1,-1,-1
201542I227307,2,1,0,18,0,1,0,0,0,0,1,1,6,1,47,8,-1,-1,-1,-1,1,-1
201542I227505,1,9,0,18,0,0,0,0,0,0,1,1,6,2,-1,-1,-1,-1,-1,-1,-1,-1
201542I227505,2,9,0,3,0,0,0,0,0,0,2,1,6,1,-1,-1,-1,-1,-1,-1,-1,-1
201542I227607,1,8,0,12,0,1,0,4,0,0,1,1,4,2,66,10,1242,1,5,-1,1,-1
201542I227607,2,9,0,2,0,2,0,0,0,0,2,1,6,2,58,9,-1,-1,-1,-1,1,-1
201542I227707,1,9,0,18,0,0,0,0,7,0,3,1,6,3,-1,-1,2148,2,13,-1,-1,-1
201542I227707,2,9,0,18,0,0,0,0,7,0,3,1,6,2,22,5,1598,1,10,-1,3,-1
201542I227807,1,21,1,12,0,0,0,0,0,0,2,1,1,1,36,7,-1,-1,-1,-1,-1,-1
201542I227807,2,9,0,18,0,0,0,0,0,0,4,1,6,1,33,6,1997,2,10,-1,1,-1
201542I227807,3,19,0,18,0,0,0,0,0,0,4,1,1,1,42,7,2198,2,5,-1,1,-1
201542I227807,4,9,0,18,0,0,0,0,0,0,4,1,1,1,23,5,-1,-1,-1,-1,1,-1
201542I227907,1,5,0,17,0,0,1,0,1,9,1,1,6,1,28,6,-1,-1,-1,-1,1,-1
201542I228007,1,9,0,5,0,0,0,0,0,0,1,1,6,2,-1,-1,-1,-1,-1,-1,-1,-1
201542I228007,2,9,0,18,0,0,0,0,0,0,3,1,1,2,20,4,-1,-1,-1,-1,3,-1
201542I228107,1,9,0,4,0,1,0,0,0,0,1,1,6,1,30,6,2480,1,6,-1,1,-1
201542I228107,2,9,0,4,0,1,0,0,0,0,2,1,6,1,43,7,996,1,1,-1,1,-1
201542I228107,3,9,0,4,0,1,0,0,0,0,2,1,6,1,77,11,2199,2,4,-1,1,-1
201542I228107,4,9,0,4,0,1,0,0,0,0,3,1,6,2,49,8,1108,1,18,-1,1,-1
201542I228207,1,9,0,12,0,0,0,0,0,0,3,1,6,1,60,9,2987,2,4,-1,3,-1
201542I228207,2,4,0,18,0,0,1,0,0,0,1,1,1,1,33,6,649,1,-1,-1,2,-1
201542I228407,1,9,0,18,0,0,5,0,2,1,4,1,6,1,57,9,1910,2,7,-1,2,-1
201542I228507,1,9,0,18,0,8,0,0,3,0,3,1,6,2,44,7,1870,2,12,-1,1,-1
201542I228507,2,9,0,18,0,8,0,0,0,0,1,1,6,2,34,6,-1,-1,-1,-1,1,-1
201542I228607,1,9,0,3,0,1,0,0,0,0,1,1,6,2,-1,-1,1397,1,12,-1,-1,-1
201542I228607,2,9,0,3,0,1,0,0,0,0,2,1,6,2,45,7,1598,1,10,-1,1,-1
201542I228707,1,9,0,2,0,0,0,0,0,0,0,1,6,2,41,7,2544,1,16,-1,1,-1
201542I228707,2,1,0,18,0,0,0,8,0,0,0,1,2,1,32,6,-1,-1,-1,-1,1,-1
201542I228807,1,3,0,18,0,1,1,0,0,0,3,1,1,1,34,6,124,1,4,-1,1,-1
201542I228907,1,9,0,18,0,2,0,0,0,0,2,1,6,1,28,6,-1,-1,-1,-1,1,-1
201542I228907,2,21,1,18,0,2,1,0,0,0,1,1,1,1,42,7,11705,2,9,-1,-1,-1
201542I229007,1,9,0,17,0,8,1,0,7,4,1,1,1,2,32,6,1242,1,10,-1,1,-1
201542I229007,2,9,0,16,0,1,0,0,0,0,1,1,6,1,47,8,2495,1,11,-1,1,-1
201542I229107,1,1,0,1,0,1,0,0,0,0,0,1,6,3,-1,-1,-1,-1,-1,-1,-1,-1
201542I229107,2,1,0,18,0,1,0,0,0,0,0,1,6,1,51,8,-1,-1,-1,-1,1,-1
201542I229307,1,9,0,17,0,7,0,0,1,9,1,1,6,1,18,4,1149,1,19,-1,-1,-1
201542I229407,1,19,4,18,0,3,0,0,0,0,0,1,2,1,48,8,2198,2,9,-1,1,-1
201542I229407,2,9,0,18,0,4,0,0,0,0,2,1,2,1,-1,-1,1390,1,6,-1,-1,-1
201542I229507,1,9,0,1,0,0,0,0,0,0,4,1,6,2,33,6,2143,2,2,-1,1,-1
201542I229507,2,1,0,18,0,0,0,0,0,0,1,1,6,1,-1,-1,-1,-1,-1,-1,-1,-1
201542I229607,1,5,0,4,0,8,1,0,0,0,4,1,6,1,65,9,1137,1,8,-1,1,-1
201542I229707,1,9,0,18,0,8,0,0,0,0,0,1,6,3,-1,-1,2231,2,8,-1,-1,-1
201542I229707,2,9,0,18,0,8,0,0,0,0,0,1,6,1,22,5,999,1,5,-1,3,-1
201542I229807,1,9,0,16,0,0,1,0,0,0,3,1,2,1,23,5,1668,1,14,-1,1,-1
201542I229807,2,17,0,18,0,0,0,0,0,0,3,1,1,1,41,7,4400,2,4,-1,1,-1
201542I229807,3,9,0,18,0,0,0,0,0,0,1,1,2,1,46,8,1968,2,2,-1,1,-1
201542I229907,1,9,0,9,0,4,0,0,0,0,1,1,1,1,57,9,1798,1,4,-1,1,-1
201542I229907,2,21,0,9,0,8,0,0,0,0,2,1,1,1,31,6,10837,2,4,-1,-1,-1
201542I230007,1,19,0,18,0,0,0,0,0,0,1,1,6,1,-1,-1,-1,-1,-1,-1,-1,-1
201542I230007,2,9,0,3,0,0,0,0,0,0,2,1,6,1,56,9,1796,1,15,-1,1,-1
201542I230107,1,19,4,4,0,8,0,0,0,0,4,1,1,1,37,7,2499,2,1,-1,1,-1
201542I230207,1,9,0,18,0,1,1,0,1,0,1,1,6,1,23,5,1299,1,12,-1,1,-1
201542I230207,2,9,0,3,0,1,0,0,1,0,2,1,6,1,29,6,1995,2,11,-1,1,-1
201542I230307,1,9,0,5,0,3,0,0,0,0,1,1,6,2,46,8,1997,1,9,-1,1,-1
201542I230307,2,8,0,4,0,3,0,0,0,0,2,1,6,1,63,9,1560,2,7,-1,1,-1
201542I230407,1,9,0,17,0,0,0,0,0,0,1,1,6,1,18,4,1242,1,9,-1,1,-1
201542I230407,2,9,0,18,0,0,0,0,0,0,1,1,6,1,71,10,1339,8,5,-1,1,-1
201542I230507,1,9,0,18,0,0,0,0,1,7,1,1,6,2,20,4,1360,1,14,-1,1,-1
201542I230507,2,9,0,2,0,0,0,0,0,0,0,1,6,2,32,6,1997,2,6,-1,2,-1
201542I230607,1,9,0,1,0,0,0,0,0,0,2,1,6,1,46,8,-1,-1,-1,-1,3,-1
201542I230607,2,5,0,4,0,0,0,0,0,0,1,1,6,1,57,9,1130,1,13,-1,1,-1
201542I230707,1,3,0,7,0,0,1,0,0,0,1,1,6,1,38,7,125,1,6,-1,1,-1
201542I230707,2,9,0,2,0,0,0,0,0,0,2,1,6,1,-1,-1,1388,1,12,-1,-1,-1
201542I230807,1,9,0,9,0,8,0,0,0,0,1,1,2,2,24,5,1242,1,6,-1,1,-1
201542I230807,2,1,0,7,0,8,0,0,0,0,1,1,6,1,47,8,-1,-1,-1,-1,1,-1
201542I230907,1,9,0,18,0,0,2,0,0,0,4,1,6,1,23,5,-1,-1,-1,-1,1,-1
201542I231007,1,9,0,18,0,0,0,0,0,0,1,1,6,1,48,8,-1,-1,-1,-1,3,-1
201542I231007,2,9,0,4,0,0,0,0,0,0,2,1,6,2,41,7,999,1,-1,-1,1,-1
201542I231007,3,9,0,4,0,0,0,0,0,0,2,1,6,2,39,7,1968,2,5,-1,1,-1
201542I231007,4,9,0,4,0,0,0,0,0,0,2,1,6,1,60,9,-1,-1,-1,-1,1,-1
201542I231107,1,9,0,9,0,5,0,0,0,0,1,1,6,2,21,5,-1,-1,-1,-1,3,-1
201542I231107,2,9,0,18,0,8,0,0,0,0,1,1,6,1,29,6,1995,1,11,-1,3,-1
201542I231207,1,9,0,18,0,0,1,0,0,0,1,1,6,1,29,6,2993,2,2,-1,1,-1
201542I231207,2,9,0,18,0,0,0,0,0,0,2,1,6,1,49,8,1798,1,5,-1,1,-1
201542I231307,1,8,0,18,0,1,0,0,0,0,1,1,1,1,50,8,-1,-1,-1,-1,1,-1
201542I231307,2,1,0,18,0,8,0,0,0,0,2,1,6,1,20,4,-1,-1,-1,-1,1,-1
201542I231407,1,9,0,9,0,1,2,0,0,0,1,1,6,1,22,5,1968,2,1,-1,1,-1
201542I231407,2,3,0,18,0,1,0,0,0,0,1,1,6,1,17,4,124,1,14,-1,2,-1
201542I231507,1,9,0,17,0,0,5,0,1,11,4,1,6,2,26,6,1598,2,3,-1,1,-1
201542I231607,1,9,0,18,0,0,0,0,0,0,2,1,6,1,36,7,2720,2,7,-1,1,-1
201542I231607,2,9,0,18,0,0,5,0,1,0,3,1,6,1,53,8,1598,1,7,-1,2,-1
201542I231607,3,9,0,18,0,0,0,0,0,0,4,1,6,2,41,7,-1,-1,-1,-1,-1,-1
201542I231707,1,9,0,17,0,2,0,0,0,0,1,1,6,1,31,6,1598,1,13,-1,1,-1
201542I231707,2,9,0,18,0,1,0,4,0,0,1,1,6,1,20,4,998,1,11,-1,1,-1
201542I231707,3,9,0,2,0,1,0,0,0,0,4,1,6,3,-1,-1,1242,1,4,-1,-1,-1
201542I231707,4,19,0,2,0,1,0,0,0,0,4,1,6,3,-1,-1,1248,2,8,-1,-1,-1
201542I231807,1,9,0,16,0,0,5,0,0,0,1,1,6,1,21,5,1388,1,11,-1,1,-1
201542I231907,1,9,0,18,0,1,0,0,0,0,1,1,6,1,78,11,1560,2,5,-1,1,-1
201542I231907,2,9,0,18,0,1,0,0,0,0,1,1,1,1,45,7,2143,2,5,-1,1,-1
201542I232007,1,9,0,18,0,2,0,0,0,0,1,1,2,1,25,5,-1,-1,-1,-1,1,-1
201542I232007,2,9,0,2,0,1,0,0,0,0,1,1,6,3,-1,-1,1596,1,6,-1,-1,-1
201542I232007,3,9,0,2,0,1,0,0,0,0,1,1,6,3,-1,-1,1999,1,10,-1,-1,-1
201542I232007,4,9,0,2,0,1,0,0,0,0,2,1,6,3,-1,-1,1398,1,1,-1,-1,-1
201542I232107,1,9,0,16,0,0,0,0,0,0,1,1,6,1,57,9,2967,1,7,-1,1,-1
201542I232107,2,9,0,17,0,0,1,0,1,3,1,1,6,1,57,9,-1,-1,-1,-1,1,-1
201542I232107,3,9,0,18,0,0,0,0,1,9,0,1,6,2,37,7,1968,2,3,-1,1,-1
201542I232207,1,2,0,9,0,3,1,0,0,0,3,1,6,1,17,4,125,1,1,-1,1,-1
201542I232307,1,9,0,9,0,1,0,0,0,0,4,1,6,2,-1,-1,1560,2,7,-1,1,-1
201542I232307,2,9,0,3,0,1,0,0,0,0,1,1,6,1,31,6,1596,1,10,-1,1,-1
201542I232407,1,9,0,18,0,0,0,0,0,0,1,1,2,1,26,6,1242,1,12,-1,1,-1
201542I232407,2,9,0,18,0,0,0,0,0,0,2,1,6,2,55,8,1798,1,4,-1,2,-1
201542I232507,1,9,0,4,0,0,0,0,0,0,2,1,6,2,46,8,1229,1,5,-1,1,-1
201542I232507,2,9,0,18,0,0,0,0,0,0,1,1,6,1,-1,-1,2401,2,11,-1,-1,-1
201542I232605,1,1,0,18,0,8,0,0,0,0,3,1,6,1,23,5,-1,-1,-1,-1,1,-1
201542I232605,2,9,0,7,0,3,0,0,0,0,3,1,6,1,-1,-1,-1,-1,-1,-1,1,-1
201542I232704,1,4,0,18,0,0,1,0,0,0,1,1,6,1,-1,-1,998,1,10,-1,-1,-1
201542I232704,2,9,0,2,0,0,0,0,0,0,3,1,6,2,36,7,-1,-1,-1,-1,1,-1
201542I232907,1,9,0,9,0,8,0,0,0,0,3,1,6,2,-1,-1,1242,1,9,-1,-1,-1
201542I232907,2,1,0,18,0,8,0,0,0,0,1,1,6,1,43,7,-1,-1,-1,-1,-1,-1
201542I233007,1,19,0,1,0,1,0,0,0,0,2,1,1,1,-1,-1,1996,2,3,-1,-1,-1
201542I233007,2,1,0,3,0,1,0,0,0,0,1,1,6,2,48,8,-1,-1,-1,-1,1,-1
201542I233207,1,8,0,17,7,1,0,0,0,0,2,1,1,1,-1,-1,1598,2,4,-1,-1,-1
201542I233207,2,9,0,4,7,1,1,0,0,0,1,1,6,2,46,8,1560,2,4,-1,1,-1
201542I233307,1,5,0,16,0,0,1,0,0,0,4,1,6,1,72,10,919,1,12,-1,1,-1
201542I233307,2,19,0,17,0,0,0,0,0,0,0,1,1,1,27,6,2198,2,3,-1,1,-1
201542I233407,1,4,0,18,0,0,0,0,1,0,0,1,6,1,17,4,-1,-1,-1,-1,3,-1
201542I233608,1,5,0,16,0,1,1,0,3,0,4,1,6,1,25,5,599,1,13,-1,1,-1
201542I233707,1,9,0,9,0,8,0,0,0,0,4,1,6,2,58,9,1299,1,9,-1,1,-1
201542I233707,2,1,0,18,0,8,1,0,0,0,1,1,6,1,67,10,-1,-1,-1,-1,1,-1
201542I233808,1,5,0,16,0,0,1,0,4,0,0,1,6,1,35,6,998,1,5,-1,1,-1
201542I233908,1,9,0,5,0,0,0,0,0,0,1,1,6,1,75,10,1997,2,1,-1,1,-1
201542I234008,1,5,0,11,0,0,1,0,0,0,1,1,6,1,40,7,599,1,17,-1,1,-1
201542I234008,2,9,0,18,0,0,0,0,0,0,2,1,1,1,52,8,-1,-1,-1,-1,1,-1
201542I234107,1,9,0,9,0,0,0,0,0,0,3,1,2,1,25,5,-1,-1,-1,-1,1,-1