Accident_Index,Vehicle_Reference,Vehicle_Type,Towing_and_Articulation,Vehicle_Manoeuvre,Vehicle_Location-Restricted_Lane,Junction_Location,Skidding_and_Overturning,Hit_Object_in_Carriageway,Vehicle_Leaving_Carriageway,Hit_Object_off_Carriageway,1st_Point_of_Impact,Was_Vehicle_Left_Hand_Drive?,Journey_Purpose_of_Driver,Sex_of_Driver,Age_of_Driver,Age_Band_of_Driver,Engine_Capacity_(CC),Propulsion_Code,Age_of_Vehicle,Driver_IMD_Decile,Driver_Home_Area_Type,Vehicle_IMD_Decile
201542I234107,2,5,0,13,0,0,1,0,0,0,4,1,2,1,46,8,782,1,-1,-1,1,-1
201542I234207,1,9,0,5,0,1,0,0,0,0,1,1,6,1,28,6,1242,1,13,-1,1,-1
201542I234207,2,9,0,3,0,1,0,0,0,0,2,1,6,2,68,10,-1,-1,-1,-1,3,-1
201542I234307,1,9,0,5,0,1,1,0,0,0,1,1,6,2,70,10,1397,1,6,-1,3,-1
201542I234307,2,9,0,5,0,1,0,0,0,0,2,1,6,1,55,8,2720,2,8,-1,1,-1
201542I234407,1,9,0,18,0,0,0,0,7,4,1,1,6,1,44,7,1596,1,9,-1,1,-1
201542I234507,1,9,0,18,0,0,0,0,0,0,1,1,6,1,40,7,1968,2,-1,-1,1,-1
201542I234607,1,5,0,18,0,0,1,0,0,0,1,1,2,1,54,8,1261,1,9,-1,1,-1
201542I234607,2,9,0,4,0,0,0,0,4,0,2,1,2,1,37,7,1299,1,10,-1,1,-1
201542I234707,1,9,0,9,0,2,0,0,0,0,1,2,6,1,53,8,5000,1,54,-1,1,-1
201542I234707,2,9,0,18,0,1,1,0,0,0,4,1,6,1,44,7,1396,1,4,-1,2,-1
201542I235107,1,9,0,18,0,2,1,10,1,11,1,1,6,1,31,6,-1,-1,-1,-1,1,-1
201542I235107,2,8,0,18,0,1,0,0,0,0,3,1,1,1,36,7,1497,8,12,-1,1,-1
201542I235207,1,9,0,12,0,8,0,0,0,0,3,1,6,1,-1,-1,-1,-1,-1,-1,-1,-1
201542I235207,2,9,0,18,0,8,0,0,0,0,4,1,2,2,44,7,2967,1,7,-1,1,-1
201542I235307,1,9,0,18,0,8,1,0,0,0,1,1,6,1,18,4,1149,1,13,-1,1,-1
201542I235307,2,9,0,18,0,8,0,0,4,1,3,1,1,1,24,5,1189,1,23,-1,1,-1
201542I235407,1,9,0,9,0,0,0,0,0,0,3,1,6,2,28,6,1591,1,3,-1,1,-1
201542I235407,2,1,0,13,0,0,0,0,0,0,1,1,6,2,-1,-1,-1,-1,-1,-1,-1,-1
201542I235507,1,9,0,18,0,2,0,0,1,11,1,1,2,2,36,7,1988,1,12,-1,1,-1
201542I235707,1,9,0,18,0,3,0,0,0,0,1,1,6,2,-1,-1,1368,1,-1,-1,1,-1
201542I235707,2,1,0,18,0,3,0,0,0,0,2,1,6,1,16,4,-1,-1,-1,-1,1,-1
201542I235807,1,9,0,18,0,8,0,0,0,0,0,1,6,3,-1,-1,-1,-1,-1,-1,-1,-1
201542I235807,2,9,0,18,0,8,0,0,0,0,1,1,6,1,57,9,1998,2,13,-1,1,-1
201542I235807,3,9,0,18,0,8,0,0,0,0,1,1,6,3,-1,-1,-1,-1,-1,-1,-1,-1
201542I235907,1,9,0,4,0,7,0,0,0,0,1,1,6,2,44,7,2179,2,1,-1,1,-1
201542I235907,2,9,0,3,0,7,0,0,0,0,2,1,6,1,29,6,-1,-1,-1,-1,1,-1
201542I235907,3,9,0,3,0,7,0,0,0,0,2,1,1,1,29,6,1198,1,1,-1,1,-1
201542I236107,1,9,0,18,0,0,0,0,0,0,1,1,2,1,22,5,1598,1,7,-1,1,-1
201542I236107,2,9,0,4,0,0,0,0,0,0,2,1,6,1,59,9,-1,-1,-1,-1,1,-1
201542I236107,3,9,0,18,0,0,0,0,0,0,1,1,2,1,41,7,-1,-1,-1,-1,1,-1
201542I236207,1,9,0,17,0,2,0,0,0,0,4,1,6,1,27,6,1596,1,2,-1,3,-1
201542I236307,1,9,0,5,0,1,0,0,0,0,1,1,6,2,64,9,1598,1,7,-1,1,-1
201542I236407,1,9,0,18,0,0,0,0,0,0,1,1,6,2,70,10,1997,1,1,-1,1,-1
201542I236407,2,21,0,2,0,0,0,0,0,0,2,1,1,1,38,7,6870,2,8,-1,-1,-1
201542I236507,1,9,0,18,0,5,0,0,0,0,1,1,6,2,42,7,1560,2,4,-1,1,-1
201542I236507,2,8,0,18,0,8,0,0,0,0,2,1,1,1,58,9,2148,2,6,-1,1,-1
201542I236607,1,9,0,18,0,6,0,0,0,0,3,1,6,2,26,6,1390,1,13,-1,1,-1
201542I236607,2,19,0,18,0,8,0,0,0,0,1,1,1,1,57,9,2143,2,2,-1,-1,-1
201542I236707,1,9,0,7,0,6,0,0,1,0,3,1,6,1,76,11,1800,1,16,-1,1,-1
201542I236707,2,9,0,18,0,1,0,0,0,0,1,1,6,1,79,11,-1,-1,-1,-1,1,-1
201542I236707,3,9,0,2,9,2,0,0,0,0,3,1,6,2,32,6,1997,2,1,-1,1,-1
201542I236807,1,9,0,9,0,5,0,0,0,0,1,1,6,2,37,7,1590,1,11,-1,1,-1
201542I236807,2,9,0,18,0,1,0,0,0,0,1,1,6,2,57,9,1587,1,7,-1,1,-1
201542I236807,3,9,0,18,0,1,0,0,0,0,3,1,6,2,33,6,998,1,14,-1,1,-1
201542I236907,1,3,0,18,0,1,0,0,0,0,1,1,2,1,19,4,124,1,-1,-1,1,-1
201542I236907,2,9,0,9,0,8,0,0,0,0,4,1,4,2,28,6,1997,2,5,-1,1,-1
201542I236907,3,11,0,2,0,2,0,0,0,0,3,1,1,1,59,9,4461,2,1,-1,1,-1
201542I237007,1,21,0,5,0,1,0,0,0,0,0,1,6,1,47,8,10837,2,3,-1,-1,-1
201542I237007,2,9,0,18,0,1,0,0,0,0,0,1,6,3,-1,-1,-1,-1,-1,-1,-1,-1
201542I237207,1,9,0,18,0,4,0,0,0,0,1,1,1,1,25,5,998,1,-1,-1,1,-1
201542I237207,2,9,0,9,0,3,0,0,0,0,1,1,6,1,18,4,-1,-1,-1,-1,1,-1
201542I237307,1,1,0,18,0,0,0,0,0,0,3,1,2,2,31,6,-1,-1,-1,-1,1,-1
201542I237307,2,9,0,18,0,0,0,0,0,0,4,1,6,2,33,6,1598,1,1,-1,1,-1
201542I237407,1,9,0,17,0,0,0,0,0,11,4,1,6,2,48,8,1991,1,-1,-1,1,-1
201542I237507,1,19,0,18,0,7,0,0,0,0,1,1,6,1,-1,-1,2461,2,8,-1,-1,-1
201542I237507,2,9,0,18,0,8,0,0,0,0,2,1,6,1,53,8,1086,1,12,-1,1,-1
201542I237604,1,9,0,17,0,0,5,10,2,11,1,1,6,2,19,4,1388,1,12,-1,1,-1
201542I237706,1,9,0,4,0,1,0,0,0,0,1,1,6,1,21,5,1360,1,9,-1,1,-1
201542I237706,2,9,0,3,0,1,0,0,0,0,2,1,6,2,45,7,1461,2,-1,-1,2,-1
201542I237806,1,9,0,18,0,1,0,0,0,0,1,1,6,1,45,7,1598,1,12,-1,1,-1
201542I237806,2,19,0,18,0,1,0,0,0,0,1,1,1,1,23,5,2198,2,4,-1,1,-1
201542I237906,1,9,0,18,0,6,0,0,0,0,1,1,1,2,71,10,-1,-1,-1,-1,2,-1
201542I237906,2,9,0,18,0,8,0,0,0,0,3,1,1,2,51,8,1560,2,9,-1,1,-1
201542I237906,3,9,0,18,0,8,0,0,0,0,1,1,1,1,49,8,2378,1,10,-1,1,-1
201542I238007,1,9,0,4,0,1,0,0,0,0,1,1,6,1,78,11,1997,2,11,-1,3,-1
201542I238007,2,9,0,8,0,1,0,0,0,0,2,1,2,1,20,4,1999,1,7,-1,3,-1
201542I238107,1,9,0,18,0,8,0,0,0,0,1,1,6,1,18,4,1596,1,10,-1,1,-1
201542I238107,2,19,0,18,0,1,0,0,0,0,2,1,6,1,22,5,2461,2,8,-1,1,-1
201542I238207,1,9,0,18,0,0,1,0,4,6,1,1,6,1,18,4,1199,1,12,-1,1,-1
201542I238307,1,9,0,9,0,2,0,0,0,0,1,1,1,2,52,8,1997,2,8,-1,1,-1
201542I238307,2,19,0,18,0,8,5,0,0,3,4,1,1,2,26,6,-1,-1,-1,-1,1,-1
201542I238407,1,1,0,18,0,0,0,4,0,0,1,1,6,1,14,3,-1,-1,-1,-1,3,-1
201542I238407,2,9,0,2,0,0,0,0,0,0,2,2,1,3,-1,-1,-1,-1,-1,-1,-1,-1
201542I238507,1,2,0,18,0,1,0,0,0,0,1,1,1,2,28,6,49,1,1,-1,1,-1
201542I238507,2,9,0,2,0,2,0,0,0,0,1,1,6,3,-1,-1,1984,1,13,-1,-1,-1
201542I238607,1,9,0,18,0,1,0,0,0,0,1,1,6,2,68,10,1400,1,15,-1,3,-1
201542I238607,2,9,0,10,0,1,0,0,7,0,2,1,6,1,51,8,1242,1,1,-1,-1,-1
201542I238707,1,9,0,18,0,0,0,0,0,0,1,1,6,1,46,8,1596,1,1,-1,1,-1
201542I238707,2,9,0,4,0,0,0,0,0,0,2,1,6,1,47,8,-1,-1,-1,-1,1,-1
201542I238707,3,9,0,4,0,0,0,0,0,0,2,1,6,1,35,6,1796,1,10,-1,1,-1
201542I238807,1,17,4,18,0,0,0,0,0,0,2,1,1,1,23,5,-1,-1,-1,-1,3,-1
201542I238807,2,17,4,18,0,0,0,0,0,0,3,1,1,1,21,5,6728,2,4,-1,-1,-1
201542I238807,3,9,0,18,0,0,0,0,0,0,3,1,6,1,55,8,1360,1,12,-1,1,-1
201542I238807,4,9,0,18,0,0,0,0,0,0,3,1,6,2,66,10,1349,1,2,-1,-1,-1
201542I238907,1,9,0,5,0,1,0,0,0,0,3,1,6,2,34,6,1796,1,12,-1,1,-1
201542I239007,1,9,0,18,0,1,0,0,0,0,1,1,6,2,31,6,2993,2,9,-1,1,-1
201542I239007,2,1,0,18,0,1,0,0,0,0,1,1,6,1,11,3,-1,-1,-1,-1,-1,-1
201542I239107,1,19,0,9,0,8,0,0,0,0,1,1,2,1,51,8,2198,2,3,-1,2,-1
201542I239107,2,5,0,18,0,1,0,0,0,0,4,1,6,1,57,9,1237,1,2,-1,3,-1
201542I239207,1,19,0,18,0,0,1,0,0,0,1,1,6,3,-1,-1,2151,2,12,-1,-1,-1
201542I239207,2,9,0,4,0,0,1,0,0,0,2,1,6,2,19,4,1242,1,1,-1,1,-1
201542I239207,3,5,0,18,0,0,1,0,0,0,1,1,6,1,38,7,600,1,14,-1,1,-1
201542I239307,1,9,0,18,0,8,0,0,0,0,4,1,6,3,-1,-1,1596,1,9,-1,-1,-1
201542I239407,1,9,0,9,0,0,0,0,0,0,2,1,6,2,75,10,-1,-1,-1,-1,1,-1
201542I239407,2,9,0,18,0,0,0,0,0,0,1,1,6,2,77,11,1390,1,20,-1,-1,-1
201542I239507,1,9,0,9,0,1,0,0,0,0,1,1,6,2,40,7,1149,1,4,-1,1,-1
201542I239507,2,3,0,4,0,1,0,0,0,0,1,1,6,1,16,4,49,1,13,-1,2,-1
201542I239607,1,9,0,4,0,4,0,7,0,0,2,1,6,2,50,8,-1,-1,-1,-1,1,-1
201542I239607,2,19,0,4,0,3,0,0,0,0,1,1,2,1,49,8,2461,2,10,-1,2,-1
201542I239707,1,21,0,18,0,0,0,0,0,0,4,1,6,1,34,6,6692,2,3,-1,1,-1
201542I239707,2,19,0,2,9,0,0,0,0,0,3,1,6,1,28,6,2198,2,-1,-1,1,-1
201542I239807,1,9,0,5,0,8,0,0,0,0,4,1,6,2,-1,-1,1399,2,10,-1,-1,-1
201542I239807,2,9,0,5,0,8,0,0,0,0,1,1,6,2,32,6,1242,1,5,-1,2,-1
201542I239907,1,19,4,18,0,0,0,0,0,0,1,1,6,1,29,6,1560,2,2,-1,1,-1
201542I239907,2,9,0,4,0,0,0,0,0,0,2,1,6,1,34,6,1598,1,7,-1,1,-1
201542I239907,3,9,0,4,0,0,0,0,0,0,2,1,6,1,52,8,3125,2,14,-1,3,-1
201542I240007,1,9,0,16,0,0,0,0,7,4,4,1,6,1,21,5,1149,1,17,-1,2,-1
201542I240108,1,19,0,18,9,2,0,0,1,0,1,1,6,1,-1,-1,-1,-1,-1,-1,-1,-1
201542I240208,1,9,0,10,0,4,0,0,0,0,3,1,1,2,23,5,1596,1,13,-1,1,-1
201542I240208,2,1,0,18,0,3,1,0,0,0,4,1,2,1,64,9,-1,-1,-1,-1,-1,-1
201542I240307,1,9,0,18,0,4,0,0,0,0,1,1,6,2,-1,-1,1124,1,12,-1,-1,-1
201542I240307,2,9,0,18,0,4,0,0,0,0,2,1,6,1,46,8,1364,1,9,-1,1,-1
201542I240408,1,5,0,18,0,0,1,0,1,0,1,1,2,1,61,9,599,1,16,-1,1,-1
201542I240408,2,9,0,18,0,0,5,0,5,6,2,1,2,1,35,6,1587,1,10,-1,1,-1
201542I240608,1,4,0,17,0,0,1,0,0,0,0,1,6,1,20,4,124,1,-1,-1,1,-1
201542I240708,1,9,0,1,0,0,0,0,0,0,2,1,6,1,35,6,2143,2,5,-1,1,-1
201542I240808,1,9,0,18,0,0,1,0,0,0,1,1,6,1,26,6,1839,1,21,-1,1,-1
201542I240808,2,9,0,18,0,0,1,0,0,0,1,1,6,1,65,9,1560,2,7,-1,1,-1
201542I240908,1,22,0,18,0,0,0,0,0,0,1,1,6,2,76,11,-1,-1,-1,-1,1,-1
201542I240908,2,9,0,18,0,0,0,0,0,0,1,1,6,2,26,6,1229,1,4,-1,2,-1
201542I241008,1,5,0,18,0,0,0,0,0,0,0,1,6,1,36,7,749,1,6,-1,1,-1
201542I241108,1,9,0,17,0,0,0,0,0,0,1,1,2,1,21,5,1399,2,10,-1,1,-1
201542I241108,2,9,0,16,0,0,0,0,1,4,1,1,6,2,67,10,1248,1,4,-1,2,-1
201542I241108,3,8,0,16,0,0,0,0,0,0,1,1,6,1,47,8,1968,2,9,-1,2,-1
201542I241208,1,9,0,18,0,8,0,0,0,0,1,1,6,2,64,9,-1,-1,-1,-1,1,-1
201542I241208,2,9,0,18,0,8,0,0,1,11,2,1,6,1,20,4,-1,-1,-1,-1,1,-1
201542I241307,1,2,0,18,0,1,1,0,1,4,4,1,6,1,16,4,49,1,18,-1,1,-1
201542I241407,1,9,0,18,0,0,0,0,0,0,0,1,6,3,-1,-1,-1,-1,-1,-1,-1,-1
201542I241407,2,9,0,17,0,0,0,0,7,4,1,1,1,1,30,6,1360,1,17,-1,1,-1
201542I241507,1,9,0,7,0,3,0,0,0,0,3,1,6,2,32,6,1984,2,2,-1,2,-1
201542I241507,2,1,0,18,0,3,0,0,0,0,2,1,6,1,37,7,-1,-1,-1,-1,2,-1
201542I241607,1,9,0,18,0,1,0,0,0,0,1,1,6,1,-1,-1,-1,-1,-1,-1,-1,-1
201542I241707,1,9,0,18,0,1,0,0,0,0,3,1,6,1,21,5,1598,1,13,-1,1,-1
201542I241707,2,9,0,18,0,1,0,0,0,0,1,1,6,2,31,6,1596,1,14,-1,1,-1
201542I241808,1,3,0,18,0,0,0,11,0,11,1,1,4,1,19,4,124,1,15,-1,1,-1
201542I241908,1,9,0,18,0,0,5,4,0,0,1,1,6,1,21,5,1591,1,2,-1,2,-1
201542I241908,2,9,0,2,0,0,0,0,1,11,1,1,6,3,-1,-1,1597,2,2,-1,-1,-1
201542I241908,3,9,0,2,0,0,0,0,1,11,2,1,6,3,-1,-1,1598,1,15,-1,-1,-1
201542I242008,1,11,0,18,0,1,0,0,0,0,0,1,1,1,55,8,-1,-1,-1,-1,1,-1
201542I242108,1,5,0,18,0,1,0,0,0,0,1,1,6,1,62,9,696,1,2,-1,1,-1
201542I242108,2,9,0,9,0,5,0,0,0,0,2,1,6,1,18,4,1242,1,10,-1,3,-1
201542I242208,1,9,0,18,0,0,0,0,0,0,1,1,6,1,30,6,1399,2,8,-1,2,-1
201542I242208,2,9,0,2,0,0,0,0,1,0,2,1,6,2,46,8,1796,1,15,-1,1,-1
201542I242308,1,9,0,9,0,4,0,0,0,0,1,1,6,1,-1,-1,-1,-1,-1,-1,-1,-1
201542I242308,2,9,0,18,0,4,0,0,0,0,3,1,6,2,34,6,1560,2,-1,-1,1,-1
201542I242408,1,9,0,5,0,1,0,0,0,0,1,1,6,2,35,6,1997,2,-1,-1,1,-1
201542I242408,2,9,0,4,0,1,0,0,0,0,2,1,6,2,36,7,2993,2,10,-1,-1,-1
201542I242808,1,19,0,5,0,0,0,0,0,0,4,1,6,1,60,9,2987,2,1,-1,1,-1
201542I243008,1,19,0,18,0,0,0,0,0,0,1,1,1,1,53,8,1996,2,1,-1,1,-1
201542I243008,2,9,0,3,0,0,0,0,0,0,2,1,6,2,22,5,1598,1,11,-1,1,-1
201542I243108,1,5,0,11,7,1,1,7,0,7,3,1,6,1,49,8,883,1,17,-1,1,-1
201542I243208,1,9,0,18,0,0,0,0,0,0,4,1,6,1,65,9,1796,1,11,-1,1,-1
201542I243208,2,1,0,18,0,0,0,0,0,0,3,1,6,1,10,2,-1,-1,-1,-1,-1,-1
201542I243308,1,9,0,18,0,1,0,0,0,0,1,1,6,2,80,11,1360,1,15,-1,1,-1
201542I243308,2,9,0,10,0,1,0,0,0,0,2,1,6,1,29,6,1560,2,10,-1,2,-1
201542I243408,1,9,0,9,0,0,0,0,0,0,4,1,6,1,-1,-1,-1,-1,-1,-1,-1,-1
201542I243408,2,1,0,18,0,0,0,0,0,0,1,1,6,1,54,8,-1,-1,-1,-1,1,-1
201542I243608,1,9,0,5,0,8,0,0,0,0,0,1,6,1,19,4,-1,-1,-1,-1,3,-1
201542I243608,2,9,0,18,0,1,0,0,7,9,1,1,6,1,19,4,1596,1,13,-1,3,-1
201542I243708,1,9,0,4,0,0,0,0,0,0,1,1,6,2,76,11,1364,1,1,-1,3,-1
201542I243708,2,9,0,3,0,0,0,0,0,0,2,1,6,2,34,6,2967,2,2,-1,3,-1
201542I243808,1,9,0,18,0,0,0,0,1,0,1,1,6,1,17,4,1248,2,10,-1,1,-1
201542I243908,1,9,0,17,0,1,0,0,0,0,4,1,6,2,-1,-1,-1,-1,-1,-1,-1,-1
201542I243908,2,1,0,17,0,1,0,0,0,0,3,1,6,1,28,6,-1,-1,-1,-1,1,-1
201542I243908,3,1,0,17,0,1,0,0,0,0,2,1,6,2,22,5,-1,-1,-1,-1,1,-1
201542I244008,1,9,0,18,0,1,0,0,0,0,1,1,6,2,33,6,1499,2,-1,-1,-1,-1
201542I244008,2,9,0,9,0,1,0,0,0,0,2,1,1,2,26,6,1596,1,12,-1,1,-1
201542I244108,1,3,0,18,0,0,0,0,7,0,1,1,6,1,20,4,124,1,4,-1,1,-1
201542I244108,2,9,0,12,0,0,0,0,0,0,1,1,6,1,38,7,1796,1,13,-1,1,-1
201542I244308,1,9,0,18,0,1,0,0,0,0,1,1,6,1,48,8,1560,2,3,-1,3,-1
201542I244308,2,9,0,18,0,1,0,0,0,0,2,1,6,1,48,8,1997,2,8,-1,1,-1
201542I244308,3,9,0,18,0,1,0,0,0,0,2,1,6,1,-1,-1,2387,2,6,-1,1,-1
201542I244308,4,8,0,18,0,1,0,0,0,0,2,1,6,1,52,8,-1,-1,-1,-1,1,-1
201542I244308,5,9,0,18,0,1,0,0,0,0,2,1,6,1,50,8,1997,2,-1,-1,1,-1
201542I244408,1,9,0,5,0,4,0,0,0,0,1,1,6,1,-1,-1,1998,2,10,-1,-1,-1
201542I244408,2,9,0,5,0,8,0,0,0,0,2,1,6,1,40,7,1749,1,13,-1,3,-1
201542I244508,1,9,0,18,0,0,0,0,0,0,1,1,6,1,26,6,2521,1,5,-1,1,-1
201542I244608,1,9,0,18,0,0,5,0,0,0,1,1,6,1,-1,-1,1242,1,6,-1,-1,-1
201542I244608,2,9,0,2,0,0,0,0,0,0,2,1,6,3,-1,-1,1598,1,8,-1,-1,-1
201542I244708,1,9,0,18,0,0,1,0,1,6,3,1,6,1,17,4,-1,-1,-1,-1,1,-1
201542I244808,1,21,1,18,0,0,0,0,0,0,1,1,1,2,62,9,12777,2,4,-1,1,-1
201542I244808,2,9,0,4,0,0,0,0,0,0,2,1,6,2,37,7,1396,1,10,-1,1,-1
201542I244808,3,9,0,4,0,0,0,0,0,0,2,1,6,1,57,9,1461,2,2,-1,2,-1
201542I244908,1,9,0,9,0,8,0,0,0,0,2,1,6,1,39,7,1242,1,5,-1,1,-1
201542I244908,2,4,0,18,0,8,1,0,7,0,1,1,6,1,46,8,849,1,17,-1,1,-1
201542I245008,1,19,0,18,0,1,0,0,0,0,1,1,1,1,30,6,2198,2,8,-1,1,-1
201542I245008,2,9,0,7,0,1,0,0,1,11,2,1,6,2,67,10,1329,1,3,-1,1,-1
201542I245108,1,9,0,5,0,4,0,0,0,0,2,1,6,1,47,8,-1,-1,-1,-1,3,-1
201542I245108,2,4,0,5,0,4,0,0,0,0,1,1,6,1,47,8,1052,1,14,-1,3,-1
201542I245208,1,9,0,18,0,0,0,0,0,0,1,1,6,3,-1,-1,-1,-1,-1,-1,-1,-1
201542I245308,1,9,0,1,0,0,0,0,0,0,3,1,6,1,82,11,1595,1,18,-1,1,-1
201542I245308,2,9,0,2,0,0,0,0,0,0,3,1,6,3,-1,-1,1686,2,11,-1,-1,-1
201542I245408,1,9,0,18,0,1,0,0,0,0,1,1,6,1,28,6,-1,-1,-1,-1,1,-1
201542I245408,2,9,0,18,0,1,0,0,0,0,2,1,6,1,26,6,1364,1,1,-1,1,-1
201542I245508,1,9,0,18,9,1,0,0,1,11,1,1,6,1,66,10,1590,1,16,-1,1,-1
201542I245608,1,9,0,18,0,1,0,0,1,6,1,1,6,1,29,6,1229,1,-1,-1,1,-1
201542I245708,1,5,0,18,0,1,0,0,0,0,3,1,6,1,53,8,676,1,16,-1,-1,-1
201542I245808,1,9,0,12,8,1,0,0,0,0,3,1,6,2,55,8,1600,2,4,-1,2,-1
201542I245808,2,9,0,18,0,1,0,0,0,0,1,1,6,1,63,9,1988,1,13,-1,1,-1
201542I245908,1,9,0,8,0,1,0,0,0,0,1,1,6,1,-1,-1,1997,2,7,-1,-1,-1
201542I245908,2,9,0,8,0,1,0,0,0,0,2,1,6,1,28,6,1596,1,3,-1,1,-1
201542I246008,1,9,0,16,0,0,5,0,7,0,3,1,6,2,29,6,-1,-1,-1,-1,2,-1
201542I246108,1,9,0,16,0,1,0,0,0,0,3,1,6,1,-1,-1,1396,1,1,-1,-1,-1
201542I246208,1,9,0,18,0,1,0,0,0,0,1,1,6,2,-1,-1,1598,1,8,-1,-1,-1
201542I246208,2,9,0,1,0,6,0,0,0,0,2,1,6,2,22,5,1600,2,6,-1,1,-1
201542I246308,1,1,0,18,8,1,0,0,0,0,1,1,6,1,8,2,-1,-1,-1,-1,1,-1
201542I246308,2,9,0,10,0,1,0,0,0,0,4,1,6,2,38,7,1999,1,2,-1,1,-1
201542I246408,1,9,0,18,0,0,0,0,0,0,2,1,6,3,-1,-1,-1,-1,-1,-1,-1,-1
201542I246408,2,9,0,1,0,0,0,0,0,0,2,1,6,3,-1,-1,-1,-1,-1,-1,-1,-1
201542I246408,3,9,0,3,0,0,0,0,0,0,1,1,6,2,40,7,1595,1,5,-1,3,-1
201542I246508,1,9,0,6,0,0,0,0,0,0,1,1,6,1,59,9,1396,1,2,-1,1,-1
201542I246508,2,1,0,18,0,0,0,0,0,0,1,1,2,1,49,8,-1,-1,-1,-1,1,-1
201542I246608,1,9,0,4,0,8,0,0,0,0,3,1,6,2,42,7,1975,1,5,-1,1,-1
201542I246608,2,1,0,4,9,8,0,0,0,0,1,1,6,1,13,3,-1,-1,-1,-1,1,-1
201542I246708,1,2,0,4,0,1,0,0,0,0,0,1,6,1,-1,-1,-1,-1,-1,-1,-1,-1
201542I246708,2,9,0,18,0,1,0,0,0,0,0,1,1,1,60,9,1997,2,1,-1,1,-1
201542I246808,1,9,0,7,0,8,0,0,0,0,1,1,6,2,-1,-1,-1,-1,-1,-1,-1,-1
201542I246808,2,4,0,7,0,8,1,0,0,0,4,1,6,1,22,5,125,1,7,-1,1,-1
201542I246908,1,9,0,1,0,1,0,0,0,0,2,1,6,1,-1,-1,-1,-1,-1,-1,-1,-1
201542I246908,2,9,0,2,0,1,0,0,0,0,3,1,6,1,35,6,1587,1,11,-1,1,-1
201542I247008,1,9,0,18,0,3,0,0,0,0,1,1,6,2,-1,-1,-1,-1,-1,-1,-1,-1
201542I247008,2,9,0,18,0,3,0,0,0,0,2,1,6,1,23,5,1395,1,-1,-1,1,-1
201542I247108,1,17,4,18,0,0,0,0,0,0,0,1,1,1,-1,-1,-1,-1,-1,-1,-1,-1
201542I247108,2,5,0,18,0,0,0,0,0,0,3,1,6,1,70,10,-1,-1,-1,-1,3,-1
201542I247204,1,9,0,11,0,8,0,0,0,0,1,1,6,1,21,5,1587,1,17,-1,1,-1
201542I247204,2,9,0,3,0,8,0,0,0,0,2,1,6,1,72,10,1598,1,3,-1,1,-1
201542I247204,3,19,0,3,0,8,0,0,0,0,2,1,1,1,48,8,-1,-1,-1,-1,1,-1
201542I247308,1,9,0,17,0,4,0,0,0,0,1,1,6,2,45,7,999,1,2,-1,1,-1
201542I247308,2,9,0,3,0,4,0,0,0,0,2,1,6,1,41,7,1753,2,13,-1,1,-1
201542I247408,1,9,0,18,0,0,0,0,0,0,1,1,6,1,21,5,1391,1,13,-1,1,-1
201542I247408,2,9,0,3,0,0,0,0,0,0,2,1,6,1,20,4,1229,1,8,-1,1,-1
201542I247408,3,9,0,3,0,0,0,0,0,0,2,1,6,1,65,9,1461,2,1,-1,1,-1
201542I247408,4,9,0,3,0,0,0,0,0,0,2,1,6,1,54,8,1596,1,12,-1,1,-1
201542I247508,1,9,0,18,0,0,0,4,0,0,1,1,6,2,70,10,1997,2,-1,-1,1,-1
201542I247508,2,19,0,2,0,0,0,0,1,0,2,1,6,3,-1,-1,1753,2,9,-1,-1,-1
201542I247608,1,9,0,18,0,0,0,0,0,0,1,1,6,2,55,8,1499,2,-1,-1,1,-1
201542I247608,2,9,0,3,0,0,0,0,0,0,2,1,6,1,24,5,1598,1,4,-1,1,-1
201542I247608,3,19,0,3,0,0,0,0,0,0,2,1,6,1,45,7,1598,2,1,-1,1,-1
201542I247708,1,9,0,18,0,0,0,0,0,0,4,1,6,2,55,8,1388,1,5,-1,3,-1
201542I247808,1,3,0,16,0,1,0,0,0,0,1,1,6,1,18,4,125,1,-1,-1,1,-1
201542I247808,2,9,0,17,0,1,0,0,0,0,1,1,6,1,24,5,1596,1,9,-1,1,-1
201542I247908,1,9,0,18,0,1,0,0,0,0,1,1,6,2,47,8,1364,2,8,-1,2,-1
201542I247908,2,9,0,2,0,1,0,0,0,0,3,1,6,3,-1,-1,3996,1,14,-1,-1,-1
201542I248008,1,9,0,5,0,6,0,0,0,0,1,1,6,2,42,7,998,1,1,-1,1,-1
201542I248008,2,9,0,18,0,1,0,0,0,0,1,1,6,2,68,10,1998,1,9,-1,1,-1
201542I248108,1,9,0,5,0,6,0,0,0,0,1,1,6,1,21,5,1895,1,16,-1,3,-1
201542I248108,2,3,0,14,0,1,0,0,0,0,1,1,1,1,23,5,-1,-1,-1,-1,1,-1
201542I248208,1,9,0,5,0,8,0,0,0,0,3,1,6,2,85,11,1242,1,4,-1,1,-1
201542I248208,2,1,0,5,0,8,0,0,0,0,1,1,6,2,76,11,-1,-1,-1,-1,-1,-1
201542I248209,1,9,0,3,0,1,0,0,0,0,1,1,6,3,35,6,998,1,4,-1,-1,-1
201542I248209,2,9,0,2,0,2,0,0,0,0,3,1,6,1,31,6,1997,2,3,-1,1,-1