Accident_Index,Vehicle_Reference,Vehicle_Type,Towing_and_Articulation,Vehicle_Manoeuvre,Vehicle_Location-Restricted_Lane,Junction_Location,Skidding_and_Overturning,Hit_Object_in_Carriageway,Vehicle_Leaving_Carriageway,Hit_Object_off_Carriageway,1st_Point_of_Impact,Was_Vehicle_Left_Hand_Drive?,Journey_Purpose_of_Driver,Sex_of_Driver,Age_of_Driver,Age_Band_of_Driver,Engine_Capacity_(CC),Propulsion_Code,Age_of_Vehicle,Driver_IMD_Decile,Driver_Home_Area_Type,Vehicle_IMD_Decile
201542I248308,1,9,0,18,0,1,0,7,3,11,1,1,6,2,51,8,1242,1,11,-1,1,-1
201542I248408,1,9,0,18,0,1,0,0,0,0,4,1,6,1,-1,-1,-1,-1,-1,-1,-1,-1
201542I248508,1,9,0,18,0,1,0,0,0,0,4,1,6,1,18,4,1229,1,4,-1,1,-1
201542I248607,1,9,0,18,0,0,0,0,0,0,0,1,6,3,-1,-1,-1,-1,-1,-1,-1,-1
201542I248607,2,9,0,18,0,0,1,0,1,9,1,1,6,1,22,5,1397,1,12,-1,1,-1
201542I248708,1,9,0,18,0,0,0,0,7,11,1,1,6,2,40,7,1999,1,9,-1,-1,-1
201542I248708,2,19,0,2,0,0,0,0,0,0,2,1,6,3,-1,-1,2148,2,10,-1,-1,-1
201542I248808,1,9,0,9,0,1,0,0,0,0,4,1,6,2,65,9,1991,2,9,-1,1,-1
201542I248808,2,4,0,18,0,1,0,0,0,0,1,1,6,1,58,9,-1,-1,-1,-1,1,-1
201542I248908,1,3,0,9,0,6,1,0,0,0,4,1,6,1,18,4,125,1,-1,-1,1,-1
201542I249008,1,17,4,1,0,0,0,0,0,0,1,1,1,1,22,5,6728,2,5,-1,3,-1
201542I249008,2,5,0,3,0,0,0,0,0,0,2,1,6,1,42,7,954,1,13,-1,1,-1
201542I249108,1,9,0,7,0,4,0,0,0,0,4,1,6,1,-1,-1,1686,2,4,-1,-1,-1
201542I249108,2,1,0,18,0,4,0,0,0,0,3,1,6,1,24,5,-1,-1,-1,-1,1,-1
201542I249207,1,9,0,4,0,4,0,0,0,0,1,1,1,2,51,8,1598,1,8,-1,1,-1
201542I249207,2,9,0,18,0,4,0,0,1,1,4,1,6,1,50,8,-1,-1,-1,-1,3,-1
201542I249307,1,9,0,10,0,0,0,0,0,0,4,1,6,1,19,4,1596,1,-1,-1,1,-1
201542I249307,2,9,0,18,0,0,0,0,0,0,1,1,6,2,47,8,1997,2,3,-1,1,-1
201542I249407,1,9,0,18,0,8,0,7,0,0,3,1,6,1,62,9,2148,2,13,-1,1,-1
201542I249407,2,9,0,18,0,2,0,0,0,0,3,1,6,2,48,8,1560,2,3,-1,3,-1
201542I249508,1,5,0,13,0,0,1,7,0,0,1,1,6,1,27,6,499,1,11,-1,-1,-1
201542I249508,2,3,0,18,0,0,1,0,0,0,3,1,6,1,31,6,125,1,2,-1,1,-1
201542I249608,1,19,0,18,0,2,0,0,0,0,4,1,6,1,54,8,1598,2,-1,-1,1,-1
201542I249704,1,9,0,5,0,0,0,0,0,0,1,1,6,1,23,5,1242,1,3,-1,1,-1
201542I249704,2,9,0,18,0,0,0,0,0,0,1,1,6,1,38,7,1596,1,4,-1,1,-1
201542I249704,3,9,0,2,0,0,0,0,0,0,4,1,6,1,-1,-1,1997,2,7,-1,-1,-1
201542I249807,1,9,0,17,0,0,0,0,0,0,1,1,6,1,-1,-1,1796,1,8,-1,-1,-1
201542I249807,2,9,0,4,0,0,0,0,0,0,2,1,6,2,77,11,1242,1,7,-1,1,-1
201542I249908,1,9,0,18,0,0,0,0,0,0,1,1,6,3,55,8,1598,1,8,-1,1,-1
201542I249908,2,9,0,4,0,0,0,0,0,0,2,1,6,1,51,8,-1,-1,-1,-1,-1,-1
201542I249908,3,19,0,3,0,0,0,0,0,0,2,1,6,3,57,9,2198,2,3,-1,1,-1
201542I250008,1,9,0,18,0,8,1,0,5,6,3,1,6,2,34,6,1388,1,9,-1,1,-1
201542I250008,2,9,0,17,0,8,0,0,0,0,2,1,6,1,62,9,1332,1,22,-1,1,-1
201542I250008,3,9,0,17,0,8,0,7,0,0,1,1,6,1,42,7,2143,2,3,-1,1,-1
201542I250008,4,19,0,18,0,8,0,7,0,0,1,1,6,1,60,9,1998,2,12,-1,1,-1
201542I250108,1,9,0,17,0,8,1,0,0,0,1,1,6,2,18,4,999,1,9,-1,3,-1
201542I250108,2,9,0,4,0,1,0,0,0,0,1,1,6,1,31,6,1248,2,6,-1,1,-1
201542I250408,1,9,0,4,0,8,1,0,0,0,1,1,6,1,18,4,1242,1,18,-1,1,-1
201542I250408,2,9,0,4,0,8,0,0,0,0,2,1,1,1,42,7,1956,2,1,-1,1,-1
201542I250508,1,9,0,6,0,8,0,0,0,0,4,1,6,3,-1,-1,-1,-1,-1,-1,-1,-1
201542I250607,1,9,0,18,0,8,1,0,0,0,3,1,2,1,43,7,1598,1,13,-1,1,-1
201542I250607,2,11,0,18,0,8,0,0,0,0,1,1,1,1,32,6,6370,2,7,-1,1,-1
201542I250708,1,9,0,5,0,4,0,0,0,0,1,1,6,3,-1,-1,-1,-1,-1,-1,-1,-1
201542I250708,2,9,0,18,0,4,0,0,0,0,1,1,6,1,42,7,1968,2,1,-1,1,-1
201542I250708,3,9,0,3,0,2,0,0,0,0,1,1,6,2,31,6,1242,1,7,-1,1,-1
201542I250808,1,9,0,18,0,0,0,0,0,0,1,1,6,1,72,10,1598,1,8,-1,1,-1
201542I250908,1,9,0,18,0,0,0,0,0,0,1,1,6,1,25,5,1390,1,3,-1,3,-1
201542I251008,1,9,0,4,0,6,0,0,0,0,1,1,6,2,34,6,1324,1,14,-1,2,-1
201542I251008,2,9,0,17,0,8,0,0,0,0,4,1,6,1,52,8,-1,-1,-1,-1,-1,-1
201542I251108,1,9,0,18,0,1,0,0,0,0,3,1,2,2,56,9,2967,1,16,-1,1,-1
201542I251108,2,9,0,10,0,1,0,0,0,0,1,1,6,2,38,7,2999,2,10,-1,1,-1
201542I251208,1,9,0,6,0,1,0,0,0,0,0,1,6,1,69,10,1596,1,10,-1,2,-1
201542I251208,2,9,0,18,0,1,0,0,0,0,0,1,6,1,73,10,1242,1,13,-1,1,-1
201542I251308,1,1,0,18,0,0,0,0,0,0,1,1,6,1,24,5,-1,-1,-1,-1,1,-1
201542I251308,2,9,0,2,0,0,0,0,0,0,2,1,6,1,17,4,-1,-1,-1,-1,1,-1
201542I251408,1,9,0,9,0,2,0,0,0,0,4,1,6,1,23,5,1390,1,10,-1,1,-1
201542I251408,2,9,0,5,0,2,0,0,0,0,1,1,6,1,57,9,1299,1,8,-1,1,-1
201542I251508,1,9,0,18,0,8,0,0,0,0,3,1,1,1,36,7,996,1,2,-1,-1,-1
201542I251508,2,9,0,18,0,8,1,0,0,0,1,1,6,1,60,9,1360,1,12,-1,1,-1
201542I251608,1,5,0,17,0,0,0,0,1,0,4,1,6,1,32,6,-1,-1,-1,-1,1,-1
201542I251608,2,9,0,17,0,0,0,0,0,0,0,1,1,1,47,8,1560,2,2,-1,-1,-1
201542I251708,1,19,0,18,0,0,1,0,0,0,1,1,1,1,40,7,2402,2,9,-1,1,-1
201542I251708,2,9,0,18,0,0,0,0,1,0,1,1,4,1,23,5,3628,2,8,-1,1,-1
201542I251808,1,21,1,12,0,0,0,0,0,0,1,2,1,1,50,8,-1,-1,-1,-1,-1,-1
201542I251808,2,9,0,18,0,0,0,0,1,7,2,1,6,1,73,10,1998,1,8,-1,2,-1
201542I251908,1,9,0,18,0,0,0,0,1,11,1,1,6,1,21,5,-1,-1,-1,-1,2,-1
201542I252008,1,9,0,18,0,4,0,0,0,0,3,1,6,2,-1,-1,1398,2,4,-1,-1,-1
201542I252008,2,1,0,18,0,8,0,0,0,0,1,1,6,1,32,6,-1,-1,-1,-1,3,-1
201542I252108,1,9,0,3,0,1,0,0,0,0,2,1,2,2,23,5,1399,2,6,-1,1,-1
201542I252108,2,9,0,3,0,1,0,0,0,0,1,1,2,1,52,8,1598,1,13,-1,1,-1
201542I252208,1,9,0,9,0,5,0,0,0,0,2,1,6,1,-1,-1,-1,-1,-1,-1,-1,-1
201542I252308,1,9,0,3,0,1,0,0,0,0,1,1,6,2,38,7,2967,2,3,-1,1,-1
201542I252308,2,9,0,7,0,1,0,0,0,0,2,1,6,2,38,7,1560,2,4,-1,1,-1
201542I252408,1,9,0,7,0,3,0,0,0,0,1,1,6,2,-1,-1,-1,-1,-1,-1,-1,-1
201542I252408,2,9,0,18,0,4,0,0,0,0,4,1,6,1,19,4,1461,2,11,-1,3,-1
201542I252508,1,21,1,11,0,1,1,0,0,0,4,1,1,1,28,6,12902,2,-1,-1,3,-1
201542I252508,2,8,0,18,0,1,5,0,0,0,3,1,6,1,44,7,-1,-1,-1,-1,-1,-1
201542I252608,1,9,0,18,0,0,0,0,1,2,1,1,6,1,27,6,1461,2,14,-1,1,-1
201542I252708,1,4,0,18,0,8,0,0,0,0,0,1,6,1,68,10,198,1,13,-1,1,-1
201542I252808,1,9,0,18,0,1,0,0,7,2,1,1,2,1,23,5,1998,1,17,-1,1,-1
201542I252908,1,9,0,17,0,0,1,0,0,0,1,1,2,2,18,4,1392,1,15,-1,1,-1
201542I252908,2,9,0,18,0,0,0,0,0,0,2,1,2,2,27,6,2597,1,14,-1,1,-1
201542I252908,3,9,0,18,0,0,0,0,0,0,2,1,2,2,20,4,1396,2,-1,-1,1,-1
201542I252908,4,8,0,18,0,0,0,0,0,0,2,1,1,1,53,8,1896,2,5,-1,1,-1
201542I253108,1,9,0,9,0,8,0,0,1,1,1,1,6,1,54,8,-1,-1,-1,-1,1,-1
201542I253208,1,9,0,1,0,8,0,0,0,0,2,1,6,1,46,8,1242,1,13,-1,1,-1
201542I253208,2,1,0,18,0,8,0,0,0,0,1,1,6,2,24,5,-1,-1,-1,-1,1,-1
201542I253308,1,9,0,18,6,0,0,4,0,0,1,1,2,1,28,6,1999,1,12,-1,1,-1
201542I253308,2,8,0,2,6,0,0,0,0,0,2,1,6,1,25,5,1560,2,8,-1,1,-1
201542I253408,1,9,0,2,0,0,0,0,0,0,3,1,6,1,40,7,-1,-1,-1,-1,1,-1
201542I253408,2,1,0,18,0,0,0,0,0,0,1,1,6,2,40,7,-1,-1,-1,-1,1,-1
201542I253508,1,3,0,7,0,3,0,0,0,0,3,1,2,2,19,4,125,1,10,-1,1,-1
201542I253508,2,9,0,7,0,3,0,0,0,0,4,1,2,1,50,8,-1,-1,-1,-1,2,-1
201542I253608,1,19,0,18,0,1,0,0,0,0,1,1,1,1,35,6,2198,2,7,-1,1,-1
201542I253608,2,9,0,3,0,1,0,0,0,0,2,1,6,1,58,9,1596,1,7,-1,1,-1
201542I253608,3,9,0,3,0,1,0,0,0,0,2,1,2,1,44,7,1686,2,5,-1,1,-1
201542I253708,1,9,0,18,0,3,0,0,0,0,1,1,1,1,37,7,1398,2,12,-1,1,-1
201542I253708,2,8,0,18,0,3,0,0,0,0,2,1,1,1,35,6,1598,2,5,-1,1,-1
201542I253908,1,5,0,18,0,0,1,0,0,0,1,1,6,1,56,9,892,1,20,-1,1,-1
201542I254108,1,8,0,18,0,1,0,0,0,0,1,1,6,2,26,6,1388,1,4,-1,-1,-1
201542I254108,2,9,0,18,0,1,0,0,0,0,2,1,6,2,79,11,1248,1,5,-1,1,-1
201542I254208,1,9,0,18,0,0,2,0,1,0,1,1,6,1,19,4,1198,1,7,-1,2,-1
201542I254308,1,9,0,6,0,1,0,0,0,0,3,1,6,2,32,6,1248,1,6,-1,1,-1
201542I254308,2,5,0,18,0,1,0,0,0,0,1,1,6,1,23,5,124,1,2,-1,1,-1
201542I254408,1,9,0,18,0,1,0,0,0,0,1,1,6,1,-1,-1,-1,-1,-1,-1,-1,-1
201542I254408,2,9,0,3,0,1,0,0,0,0,2,1,6,2,31,6,599,1,15,-1,2,-1
201542I254508,1,9,0,9,0,8,0,0,0,0,4,1,6,1,18,4,1595,1,-1,-1,3,-1
201542I254508,2,5,0,18,0,8,1,0,0,0,1,1,6,1,62,9,-1,-1,-1,-1,-1,-1
201542I254608,1,8,0,9,0,8,0,0,0,0,1,1,6,3,26,6,1299,1,14,-1,1,-1
201542I254608,2,9,0,18,0,8,0,0,0,0,2,1,6,2,26,6,1229,1,8,-1,2,-1
201542I254708,1,9,0,3,0,0,0,0,0,0,1,1,6,1,79,11,-1,-1,-1,-1,2,-1
201542I254708,2,9,0,3,0,0,0,0,0,0,2,1,6,2,36,7,1796,1,8,-1,1,-1
201542I254708,3,9,0,4,0,0,0,0,0,0,2,1,6,2,20,4,998,1,1,-1,1,-1
201542I254708,4,9,0,4,0,0,0,0,0,0,2,1,6,1,54,8,1997,2,4,-1,1,-1
201542I254808,1,9,0,18,0,2,1,0,1,4,1,1,6,2,29,6,1349,1,6,-1,1,-1
201542I254808,2,9,0,18,0,2,0,0,0,0,2,1,6,1,51,8,1364,2,10,-1,1,-1
201542I255008,1,9,0,3,0,2,0,0,0,0,1,1,6,1,28,6,1368,1,6,-1,1,-1
201542I255008,2,8,0,4,0,2,0,0,0,0,2,1,1,1,48,8,1560,2,-1,-1,1,-1
201542I255008,3,19,0,18,0,2,0,0,0,0,0,1,6,3,-1,-1,-1,-1,-1,-1,-1,-1
201542I255108,1,9,0,18,0,1,0,0,0,0,1,1,2,1,33,6,1796,1,13,-1,2,-1
201542I255108,2,9,0,3,0,1,0,0,0,0,2,1,6,1,47,8,1995,2,1,-1,3,-1
201542I255308,1,19,0,18,0,8,0,0,0,0,1,1,2,1,26,6,2198,2,6,-1,1,-1
201542I255308,2,9,0,10,6,8,0,0,0,0,2,1,6,1,65,9,1986,2,7,-1,1,-1
201542I255308,3,11,0,2,0,8,0,0,0,0,2,1,1,1,51,8,4250,2,13,-1,1,-1
201542I255408,1,9,0,5,0,4,0,0,0,0,3,1,6,1,21,5,1796,1,8,-1,1,-1
201542I255408,2,9,0,18,0,1,0,0,0,0,1,1,1,1,55,8,-1,-1,-1,-1,3,-1
201542I255508,1,9,0,18,0,1,0,0,0,0,1,1,6,2,-1,-1,-1,-1,-1,-1,-1,-1
201542I255508,2,9,0,10,0,1,0,0,0,0,2,1,6,2,47,8,1149,1,9,-1,1,-1
201542I255607,1,9,0,18,0,0,0,0,0,0,4,1,6,1,76,11,1248,2,10,-1,1,-1
201542I255708,1,1,0,18,9,1,0,0,0,0,1,1,6,1,-1,-1,-1,-1,-1,-1,-1,-1
201542I255708,2,8,0,4,0,1,0,0,0,0,1,1,1,1,71,10,1686,2,1,-1,1,-1
201542I255806,1,9,0,18,0,1,0,0,0,0,1,1,6,1,-1,-1,-1,-1,-1,-1,-1,-1
201542I255806,2,9,0,4,0,1,0,0,0,0,2,1,2,2,-1,-1,-1,-1,-1,-1,-1,-1
201542I255908,1,9,0,18,0,8,0,0,0,0,0,1,1,1,32,6,1560,2,3,-1,-1,-1
201542I255908,2,9,0,18,0,4,2,0,1,1,0,1,6,1,-1,-1,-1,-1,-1,-1,-1,-1
201542I256008,1,98,0,5,0,0,0,0,0,0,1,1,6,1,-1,-1,12900,2,8,-1,-1,-1
201542I256008,2,9,0,3,0,0,0,0,0,0,2,1,2,1,36,7,1995,2,3,-1,3,-1
201542I256107,1,9,0,17,0,1,0,0,0,0,0,1,1,1,34,6,1560,2,3,-1,-1,-1
201542I256107,2,9,0,18,0,1,5,0,0,0,1,1,6,1,22,5,1195,1,18,-1,1,-1
201542I256208,1,19,0,17,0,1,2,10,1,11,1,1,1,1,38,7,1399,2,6,-1,1,-1
201542I256308,1,9,0,18,0,0,0,0,0,0,1,1,6,1,20,4,1598,1,12,-1,1,-1
201542I256308,2,9,0,18,0,0,0,0,0,0,2,1,6,1,42,7,1998,2,3,-1,1,-1
201542I256308,3,9,0,18,0,0,0,0,0,0,2,1,6,2,21,5,1998,1,1,-1,1,-1
201542I256308,4,9,0,18,0,0,0,0,0,0,2,1,6,1,54,8,1997,2,12,-1,1,-1
201542I256308,5,9,0,18,0,0,0,0,0,0,2,1,6,1,33,6,1198,1,1,-1,1,-1
201542I256408,1,9,0,9,0,5,0,0,0,0,3,1,6,1,54,8,1390,1,2,-1,3,-1
201542I256408,2,4,0,18,0,1,0,0,0,0,1,1,6,1,53,8,535,1,19,-1,1,-1
201542I256508,1,9,0,5,0,1,5,0,1,2,3,1,6,1,18,4,1199,1,13,-1,1,-1
201542I256508,2,9,0,18,0,1,0,0,0,0,1,1,6,1,19,4,1299,1,7,-1,2,-1
201542I256508,3,9,0,2,0,1,0,0,0,0,3,1,6,1,-1,-1,1391,1,16,-1,-1,-1
201542I256608,1,9,0,14,0,1,0,0,0,0,1,1,6,1,56,9,1242,1,15,-1,2,-1
201542I256608,2,1,0,2,9,1,0,0,0,0,0,1,6,3,-1,-1,-1,-1,-1,-1,-1,-1
201542I256708,1,21,0,12,0,0,0,0,0,0,0,1,6,3,-1,-1,-1,-1,-1,-1,-1,-1
201542I256708,2,9,0,12,0,0,0,0,0,0,3,1,6,2,25,5,998,1,16,-1,3,-1
201542I256708,3,9,0,18,0,0,0,0,0,0,4,1,2,1,48,8,1968,2,-1,-1,1,-1
201542I256808,1,9,0,18,0,0,0,0,0,0,1,1,2,1,19,4,1400,2,10,-1,1,-1
201542I256808,2,19,0,4,0,0,0,0,0,0,2,1,2,1,28,6,1753,2,12,-1,1,-1
201542I256808,3,9,0,4,0,0,0,0,0,0,2,1,2,1,27,6,2143,2,2,-1,1,-1
201542I256808,4,9,0,4,0,0,0,0,0,0,2,1,2,1,26,6,1599,1,7,-1,1,-1
201542I256908,1,4,0,18,0,0,1,0,0,0,0,1,6,1,52,8,-1,-1,-1,-1,2,-1
201542I257008,1,3,0,18,0,0,0,0,0,0,0,1,6,1,45,7,124,1,7,-1,-1,-1
201542I257008,2,5,0,18,0,0,0,0,0,0,0,1,6,1,20,4,625,1,16,-1,1,-1
201542I257108,1,9,0,17,0,0,5,0,1,1,1,1,6,2,18,4,1275,1,22,-1,1,-1
201542I257208,1,5,0,18,0,0,0,0,0,0,1,1,6,2,40,7,-1,-1,-1,-1,1,-1
201542I257208,2,9,0,18,0,0,1,0,0,0,1,1,6,2,38,7,1360,1,13,-1,1,-1
201542I257208,3,9,0,18,0,0,0,0,0,0,1,1,6,1,52,8,1997,2,6,-1,1,-1
201542I257308,1,9,0,18,0,8,1,0,0,0,1,1,2,1,20,4,-1,-1,-1,-1,1,-1
201542I257308,2,9,0,3,0,8,0,0,0,0,2,1,2,2,51,8,1242,1,8,-1,2,-1
201542I257408,1,3,0,14,0,0,0,0,0,0,1,1,6,1,23,5,124,1,12,-1,1,-1
201542I257408,2,9,0,9,0,0,0,0,0,0,3,1,6,1,36,7,1998,2,11,-1,1,-1
201542I257408,3,9,0,2,0,0,0,0,0,0,3,1,6,3,-1,-1,1796,1,6,-1,-1,-1
201542I257408,4,9,0,2,0,0,0,0,0,0,4,1,6,3,-1,-1,1598,1,3,-1,-1,-1
201542I257608,1,9,0,18,0,5,0,0,0,0,1,1,6,1,22,5,1197,1,4,-1,1,-1
201542I257608,2,1,0,18,0,5,0,0,0,0,2,1,6,2,64,9,-1,-1,-1,-1,1,-1
201542I257708,1,9,0,1,0,6,0,0,7,0,2,1,6,1,51,8,1597,1,16,-1,1,-1
201542I257708,2,21,1,18,0,2,1,0,0,0,1,1,1,1,48,8,11705,2,3,-1,1,-1
201542I257808,1,3,0,13,0,1,0,0,0,0,1,1,6,1,22,5,124,1,2,-1,1,-1
201542I257808,2,19,0,5,0,1,0,0,0,0,1,1,6,1,29,6,2198,2,9,-1,1,-1
201542I257908,1,5,0,18,0,0,0,0,0,0,0,1,6,1,49,8,999,1,8,-1,1,-1
201542I258008,1,9,0,18,0,1,0,0,0,0,2,1,1,2,31,6,1299,1,11,-1,-1,-1
201542I258008,2,4,0,18,0,1,0,0,0,0,1,1,6,1,30,6,124,1,-1,-1,1,-1
201542I258108,1,5,0,16,0,0,0,0,0,0,3,1,6,1,32,6,645,1,10,-1,1,-1
201542I258108,2,9,0,17,0,0,0,0,0,0,3,1,6,1,59,9,-1,-1,-1,-1,3,-1
201542I258208,1,90,0,18,0,0,5,0,0,0,1,1,1,1,30,6,700,1,6,-1,1,-1
201542I258208,2,9,0,18,0,0,0,0,0,0,1,1,2,2,38,7,-1,-1,-1,-1,1,-1
201542I258308,1,9,0,17,0,0,0,0,0,1,1,1,6,1,21,5,1124,1,10,-1,3,-1
201542I258308,2,10,0,18,0,0,0,0,0,4,1,1,1,1,21,5,-1,-1,-1,-1,1,-1
201542I258408,1,9,0,13,0,0,0,0,0,0,1,1,6,1,17,4,1368,1,9,-1,1,-1
201542I258408,2,9,0,18,0,0,0,0,1,4,1,1,6,1,26,6,1598,1,14,-1,2,-1
201542I258408,3,9,0,18,0,0,0,0,0,0,3,1,6,1,65,9,1955,1,28,-1,2,-1
201542I258408,4,9,0,18,0,0,0,0,0,0,0,1,6,1,23,5,1910,2,10,-1,1,-1
201542I258508,1,9,0,5,0,6,0,0,0,0,4,1,6,1,36,7,2204,2,7,-1,1,-1
201542I258508,2,1,0,18,0,1,0,0,0,0,1,1,6,1,27,6,-1,-1,-1,-1,1,-1
201542I258608,1,19,0,13,0,1,0,0,0,0,4,1,6,1,46,8,2496,2,18,-1,1,-1
201542I258608,2,3,0,18,0,1,1,0,0,0,3,1,6,1,18,4,49,1,12,-1,1,-1
201542I258608,3,3,0,18,0,1,1,0,0,0,2,1,6,1,17,4,-1,-1,-1,-1,1,-1
201542I258708,1,19,0,9,0,1,0,0,0,0,1,1,1,1,19,4,2143,2,2,-1,1,-1
201542I258708,2,5,0,18,0,1,0,0,1,0,1,1,2,1,47,8,599,1,15,-1,1,-1
201542I258808,1,19,0,13,0,7,0,0,0,0,4,1,1,1,44,7,1995,2,1,-1,1,-1
201542I258808,2,5,0,18,0,7,1,0,1,0,3,1,2,1,60,9,599,1,11,-1,1,-1
201542I258908,1,9,0,12,0,0,0,0,0,0,1,1,6,1,-1,-1,1242,1,15,-1,-1,-1
201542I258908,2,9,0,3,0,0,0,0,0,0,2,1,6,2,38,7,1461,2,1,-1,1,-1
201542I259008,1,20,0,18,0,3,0,0,0,0,1,2,6,1,52,8,-1,-1,-1,-1,-1,-1
201542I259008,2,9,0,18,0,3,0,0,0,0,4,1,6,1,62,9,1388,1,6,-1,1,-1
201542I259108,1,9,0,6,0,0,0,0,0,0,1,1,2,2,44,7,-1,-1,-1,-1,1,-1
201542I259108,2,9,0,18,9,0,1,0,7,3,1,1,2,2,20,4,1598,1,4,-1,1,-1
201542I259208,1,9,0,4,0,1,0,0,0,0,1,1,2,1,42,7,2597,1,13,-1,1,-1
201542I259208,2,9,0,4,0,1,0,0,0,0,2,1,2,2,43,7,2497,1,11,-1,1,-1
201542I259208,3,9,0,4,0,1,0,0,0,0,2,1,2,2,50,8,1397,1,3,-1,1,-1
201542I259308,1,9,0,5,0,1,0,0,3,0,4,1,6,2,37,7,998,1,8,-1,1,-1
201542I259308,2,9,0,18,0,1,0,0,0,0,1,1,6,2,40,7,1086,1,7,-1,1,-1
201542I259408,1,9,0,5,0,1,0,0,0,0,4,1,6,2,22,5,1995,2,2,-1,2,-1
201542I259408,2,9,0,18,0,1,0,0,0,0,1,1,6,1,53,8,1598,1,4,-1,1,-1
201542I259608,1,9,0,7,0,5,0,0,0,0,4,1,6,1,64,9,1995,1,8,-1,1,-1
201542I259608,2,1,0,18,0,1,0,0,0,0,1,1,6,2,24,5,-1,-1,-1,-1,1,-1
201542I259708,1,9,0,5,0,1,0,0,0,0,1,1,6,1,-1,-1,-1,-1,-1,-1,-1,-1
201542I259708,2,9,0,9,0,8,0,0,0,0,3,1,6,2,66,10,1598,1,12,-1,2,-1
201542I259808,1,9,0,16,0,0,0,0,0,0,4,1,6,2,27,6,2792,1,14,-1,1,-1
201542I259908,1,9,0,18,0,0,0,0,0,0,0,1,2,1,64,9,2497,2,17,-1,2,-1
201542I259908,2,19,0,18,0,0,0,0,0,0,1,1,2,1,61,9,1461,2,13,-1,3,-1
201542I260008,1,5,0,16,0,0,1,0,0,0,1,1,2,1,34,6,1000,1,6,-1,1,-1
201542I260008,2,9,0,11,0,0,0,0,0,0,2,1,2,1,39,7,1596,1,11,-1,1,-1
201542I260108,1,9,0,18,0,8,0,0,0,0,1,1,6,1,-1,-1,1388,1,13,-1,-1,-1
201542I260108,2,9,0,5,0,8,0,0,1,0,1,1,6,1,25,5,1679,1,15,-1,1,-1
201542I260208,1,5,0,18,0,1,0,0,0,0,1,1,6,1,-1,-1,649,1,17,-1,-1,-1
201542I260208,2,9,0,10,0,1,0,0,0,0,1,1,6,1,50,8,1968,2,2,-1,1,-1
201542I260208,3,9,0,3,0,1,0,0,0,0,2,1,6,2,-1,-1,1242,1,4,-1,-1,-1
201542I260308,1,9,0,3,0,4,0,0,0,0,4,1,6,2,38,7,1798,1,8,-1,1,-1
201542I260308,2,1,0,18,0,8,0,0,0,0,3,1,6,2,33,6,-1,-1,-1,-1,-1,-1
201542I260408,1,9,0,9,0,6,0,0,0,0,3,1,6,2,49,8,-1,-1,-1,-1,1,-1
201542I260408,2,9,0,18,0,8,0,0,1,2,3,1,1,1,44,7,-1,-1,-1,-1,1,-1
201542I260508,1,9,0,18,0,8,0,0,0,0,1,1,6,2,-1,-1,-1,-1,-1,-1,-1,-1
201542I260508,2,9,0,18,0,8,0,0,0,0,3,1,6,1,21,5,1248,2,8,-1,1,-1
201542I260708,1,1,0,16,0,0,1,0,1,4,4,1,6,1,43,7,-1,-1,-1,-1,2,-1
201542I260808,1,9,0,18,0,4,5,9,3,7,1,1,6,1,21,5,1600,1,16,-1,-1,-1
201542I260908,1,9,0,18,0,0,1,0,0,0,3,1,6,2,32,6,1997,1,12,-1,1,-1
201542I261008,1,9,0,9,0,8,0,0,0,0,0,1,6,3,-1,-1,-1,-1,-1,-1,-1,-1
201542I261008,2,3,0,18,0,8,1,0,0,0,0,1,6,1,21,5,124,1,2,-1,1,-1
201542I261107,1,9,0,9,0,1,0,0,0,0,2,1,6,2,47,8,1399,2,6,-1,1,-1
201542I261107,2,4,0,13,0,1,0,0,0,0,4,1,6,1,20,4,124,1,4,-1,1,-1
201542I261208,1,1,0,18,9,1,0,0,0,0,1,1,6,1,19,4,-1,-1,-1,-1,-1,-1
201542I261208,2,9,0,18,0,1,0,0,0,0,4,1,6,2,44,7,-1,-1,-1,-1,1,-1
201542I261408,1,11,0,17,0,8,0,0,0,0,1,1,1,1,48,8,-1,-1,-1,-1,1,-1
201542I261508,1,9,0,7,0,8,0,0,0,0,1,1,6,2,-1,-1,1984,1,12,-1,-1,-1
201542I261508,2,9,0,18,0,1,0,0,0,0,4,1,6,1,26,6,-1,-1,-1,-1,1,-1
201542I261608,1,9,0,18,0,0,1,0,1,11,1,1,6,1,37,7,2979,1,1,-1,-1,-1
201542I261708,1,5,0,18,0,3,1,0,0,0,1,1,1,1,58,9,680,1,9,-1,1,-1
201542I261708,2,5,0,18,0,3,0,0,0,0,2,1,1,1,27,6,649,1,7,-1,3,-1
201542I261808,1,9,0,18,0,1,1,0,1,2,4,1,2,2,39,7,1360,1,15,-1,1,-1
201542I261908,1,9,0,18,0,0,0,0,0,0,1,1,6,2,27,6,1997,2,7,-1,1,-1
201542I261908,2,9,0,1,0,0,0,0,0,0,2,1,6,1,51,8,2156,1,18,-1,1,-1
201542I262006,1,9,0,18,0,8,0,0,0,0,3,1,6,2,73,10,1198,1,1,-1,1,-1