Accident_Index,Vehicle_Reference,Vehicle_Type,Towing_and_Articulation,Vehicle_Manoeuvre,Vehicle_Location-Restricted_Lane,Junction_Location,Skidding_and_Overturning,Hit_Object_in_Carriageway,Vehicle_Leaving_Carriageway,Hit_Object_off_Carriageway,1st_Point_of_Impact,Was_Vehicle_Left_Hand_Drive?,Journey_Purpose_of_Driver,Sex_of_Driver,Age_of_Driver,Age_Band_of_Driver,Engine_Capacity_(CC),Propulsion_Code,Age_of_Vehicle,Driver_IMD_Decile,Driver_Home_Area_Type,Vehicle_IMD_Decile
201542I275409,2,9,0,18,0,1,0,0,0,0,2,1,6,1,30,6,1796,1,13,-1,1,-1
201542I275509,1,19,0,18,0,8,0,0,1,7,1,1,1,1,28,6,2143,2,-1,-1,1,-1
201542I275509,2,21,0,18,0,8,0,0,0,0,2,1,1,1,39,7,-1,-1,-1,-1,1,-1
201542I275609,1,21,0,11,0,0,0,0,0,0,1,1,1,1,32,6,12777,2,2,-1,1,-1
201542I275609,2,9,0,18,0,0,1,0,0,0,3,1,6,2,24,5,1360,1,8,-1,1,-1
201542I275709,1,3,0,18,0,1,0,0,0,0,1,1,6,2,24,5,125,1,-1,-1,1,-1
201542I275709,2,9,0,4,0,1,0,0,0,0,2,1,6,1,46,8,1360,1,12,-1,1,-1
201542I275809,1,9,0,18,0,8,0,0,0,0,1,1,6,2,27,6,1599,1,11,-1,1,-1
201542I275809,2,9,0,18,0,1,0,0,0,0,4,1,6,2,53,8,1798,1,3,-1,3,-1
201542I275909,1,9,0,16,0,0,1,0,0,0,1,1,2,1,44,7,1968,2,5,-1,1,-1
201542I275909,2,9,0,17,0,0,0,0,1,0,1,1,6,2,55,8,1364,2,3,-1,1,-1
201542I276008,1,9,0,18,0,0,0,0,0,0,1,1,6,1,79,11,2997,1,12,-1,1,-1
201542I276008,2,9,0,2,0,0,0,0,0,0,1,1,6,2,32,6,1398,2,12,-1,1,-1
201542I276109,1,9,0,9,0,5,0,0,0,0,0,1,6,1,77,11,1799,1,5,-1,1,-1
201542I276109,2,1,0,18,0,1,1,0,0,0,0,1,6,1,26,6,-1,-1,-1,-1,1,-1
201542I276209,1,1,0,18,0,0,0,0,0,0,1,1,6,1,10,2,-1,-1,-1,-1,1,-1
201542I276209,2,1,0,18,0,0,0,0,0,0,1,1,6,1,55,8,-1,-1,-1,-1,1,-1
201542I276309,1,21,1,12,0,0,0,0,0,0,3,2,1,1,54,8,-1,-1,-1,-1,-1,-1
201542I276309,2,9,0,18,0,0,0,0,0,0,4,1,6,1,37,7,1587,1,12,-1,1,-1
201542I276708,1,9,0,9,0,6,0,0,0,0,1,1,6,1,81,11,1248,1,1,-1,1,-1
201542I276808,1,17,0,5,0,0,0,0,0,0,3,1,1,1,42,7,3990,2,11,-1,3,-1
201542I276808,2,9,0,18,0,0,0,0,0,0,1,1,6,2,71,10,1896,2,13,-1,2,-1
201542I276909,1,21,1,4,0,0,0,0,0,0,1,2,1,1,-1,-1,-1,-1,-1,-1,-1,-1
201542I276909,2,9,0,4,0,0,0,0,0,0,2,1,6,1,46,8,2204,2,6,-1,1,-1
201542I277008,1,19,0,7,0,1,0,0,0,0,3,1,6,1,39,7,1686,2,9,-1,1,-1
201542I277008,2,9,0,4,0,1,0,0,0,0,3,1,6,1,63,9,1870,2,12,-1,1,-1
201542I277108,1,3,0,16,0,2,1,0,0,0,1,1,6,1,19,4,124,1,-1,-1,1,-1
201542I277108,2,9,0,1,0,5,0,0,0,0,3,1,6,1,68,10,1587,1,13,-1,1,-1
201542I277208,1,9,0,9,0,3,0,0,0,0,4,1,2,2,23,5,1368,1,7,-1,1,-1
201542I277208,2,1,0,18,0,8,0,0,0,0,1,1,6,1,14,3,-1,-1,-1,-1,1,-1
201542I277309,1,98,0,18,0,4,0,0,0,0,1,1,1,1,-1,-1,-1,-1,-1,-1,-1,-1
201542I277309,2,9,0,4,0,4,0,0,0,0,2,1,6,2,24,5,1968,2,-1,-1,1,-1
201542I277408,1,9,0,18,0,1,0,0,0,0,1,1,6,1,25,5,1124,1,19,-1,-1,-1
201542I277408,2,90,0,18,0,1,0,0,0,0,1,1,6,1,25,5,-1,-1,-1,-1,-1,-1
201542I277508,1,3,0,18,0,4,0,0,0,0,1,1,6,1,22,5,124,1,-1,-1,1,-1
201542I277508,2,9,0,9,0,3,0,0,0,0,1,1,6,2,18,4,1598,1,11,-1,-1,-1
201542I277609,1,5,0,11,0,8,0,0,0,0,4,1,6,1,40,7,645,1,13,-1,1,-1
201542I277609,2,9,0,18,0,8,0,0,0,0,3,1,6,2,29,6,1390,1,8,-1,1,-1
201542I277709,1,9,0,18,0,1,0,0,0,0,3,1,6,1,42,7,1796,1,11,-1,1,-1
201542I277709,2,9,0,3,0,1,0,0,0,0,4,1,6,2,38,7,1997,2,-1,-1,1,-1
201542I277909,1,2,0,18,0,1,0,0,0,0,1,1,6,2,20,4,49,1,2,-1,1,-1
201542I277909,2,9,0,4,0,1,0,0,0,0,2,1,6,2,40,7,2179,2,3,-1,3,-1
201542I278009,1,9,0,9,0,5,0,0,0,0,1,1,2,1,53,8,-1,-1,-1,-1,3,-1
201542I278009,2,9,0,18,0,8,0,0,0,0,1,1,6,2,20,4,1149,1,8,-1,2,-1
201542I278209,1,1,0,18,9,0,0,0,0,0,3,1,6,1,-1,-1,-1,-1,-1,-1,-1,-1
201542I278309,1,9,0,18,0,0,0,0,0,0,1,1,6,3,-1,-1,1390,1,8,-1,-1,-1
201542I278309,2,9,0,2,0,0,0,0,0,0,3,1,6,2,32,6,1910,2,8,-1,-1,-1
201542I278409,1,9,0,3,0,1,0,0,0,0,2,1,6,1,-1,-1,1108,1,16,-1,-1,-1
201542I278409,2,9,0,3,0,1,0,0,0,0,1,1,3,2,31,6,2171,1,14,-1,1,-1
201542I278509,1,9,0,18,0,1,0,0,0,0,1,1,6,2,-1,-1,2499,1,1,-1,1,-1
201542I278509,2,1,0,18,0,1,0,0,0,0,4,1,1,1,20,4,-1,-1,-1,-1,1,-1
201542I278609,1,9,0,5,0,6,0,0,0,0,1,1,6,2,-1,-1,-1,-1,-1,-1,-1,-1
201542I278709,1,9,0,8,0,3,0,0,0,0,1,1,6,1,72,10,1591,1,3,-1,1,-1
201542I278709,2,9,0,8,0,3,0,0,0,0,4,1,6,1,35,6,999,1,-1,-1,1,-1
201542I278809,1,9,0,18,0,0,0,0,0,0,1,1,6,1,29,6,1364,1,5,-1,1,-1
201542I278809,2,9,0,18,0,0,0,0,0,0,1,1,6,2,46,8,1968,2,3,-1,1,-1
201542I278908,1,9,0,4,0,0,0,0,0,0,1,1,6,1,27,6,999,1,3,-1,1,-1
201542I278908,2,9,0,4,0,0,0,0,0,0,2,1,6,2,60,9,1061,1,11,-1,1,-1
201542I278908,3,9,0,4,0,0,0,0,0,0,2,1,6,2,-1,-1,1595,1,3,-1,1,-1
201542I279009,1,21,1,18,0,0,0,0,0,0,4,1,1,1,62,9,-1,2,12,-1,3,-1
201542I279009,2,9,0,18,0,0,0,0,0,0,3,1,2,2,24,5,1388,1,10,-1,3,-1
201542I279009,3,9,0,18,0,0,0,0,0,0,3,1,2,2,34,6,1796,1,3,-1,1,-1
201542I279209,1,9,0,18,0,1,2,0,1,1,1,1,2,1,33,6,2000,1,16,-1,1,-1
201542I279409,1,9,0,18,0,0,0,0,0,0,3,1,2,2,41,7,1994,2,13,-1,1,-1
201542I279508,1,9,0,18,0,0,0,0,0,0,1,1,6,2,51,8,1240,1,6,-1,1,-1
201542I279508,2,9,0,18,0,0,0,0,0,0,2,1,6,1,31,6,1997,2,2,-1,1,-1
201542I279508,3,9,0,18,0,0,0,0,0,0,0,1,1,1,-1,-1,2199,2,3,-1,-1,-1
201542I279609,1,19,0,11,0,0,0,0,0,0,4,1,1,1,27,6,2198,2,2,-1,1,-1
201542I279609,2,19,0,18,0,0,5,0,0,0,3,1,6,1,64,9,2461,2,12,-1,1,-1
201542I279708,1,9,0,18,0,0,1,0,5,6,1,1,6,1,46,8,1994,1,14,-1,3,-1
201542I279809,1,9,0,13,0,0,0,0,0,0,4,1,1,1,29,6,1229,1,4,-1,1,-1
201542I279809,2,2,0,18,0,0,0,0,0,0,3,1,1,1,16,4,49,1,11,-1,2,-1
201542I279901,1,3,0,4,0,1,1,0,0,0,0,1,6,1,50,8,125,1,1,-1,1,-1
201542I280009,1,9,0,18,0,3,0,0,0,0,1,1,2,1,59,9,1895,1,14,-1,1,-1
201542I280009,2,1,0,18,0,1,0,0,0,0,4,1,6,1,15,3,-1,-1,-1,-1,1,-1
201542I280109,1,9,0,3,0,1,0,0,0,0,1,1,6,1,-1,-1,-1,-1,-1,-1,-1,-1
201542I280109,2,9,0,3,0,1,0,0,0,0,2,1,6,2,55,8,1969,2,-1,-1,1,-1
201542I280209,1,9,0,3,0,1,0,0,0,0,3,1,6,1,-1,-1,-1,-1,-1,-1,-1,-1
201542I280209,2,1,0,3,0,1,0,0,0,0,2,1,6,1,13,3,-1,-1,-1,-1,-1,-1
201542I280209,3,1,0,3,0,1,0,0,0,0,2,1,6,1,12,3,-1,-1,-1,-1,-1,-1
201542I280409,1,9,0,6,0,0,0,0,0,0,2,1,6,2,49,8,1595,1,13,-1,1,-1
201542I280409,2,9,0,18,0,0,0,0,0,0,1,1,6,1,32,6,1242,1,3,-1,1,-1
201542I280502,1,9,0,18,0,0,1,0,0,0,1,1,2,2,39,7,1910,2,9,-1,1,-1
201542I280502,2,9,0,18,0,0,0,0,0,0,1,1,2,1,39,7,4367,2,4,-1,-1,-1
201542I280608,1,9,0,7,0,3,0,0,0,0,4,1,6,2,50,8,1242,1,6,-1,1,-1
201542I280608,2,1,0,18,0,3,1,0,0,0,3,1,2,2,37,7,-1,-1,-1,-1,1,-1
201542I280709,1,9,0,6,0,0,0,0,0,0,3,1,6,1,67,10,1398,2,13,-1,1,-1
201542I280709,2,19,0,4,0,0,0,0,0,0,1,1,6,1,51,8,2143,2,3,-1,1,-1
201542I280809,1,1,0,18,9,1,0,0,0,0,3,1,6,1,34,6,-1,-1,-1,-1,1,-1
201542I280809,2,9,0,8,0,1,0,0,0,0,1,1,6,2,29,6,-1,-1,-1,-1,1,-1
201542I280909,1,4,0,11,0,5,0,0,0,0,1,1,2,1,23,5,249,1,9,-1,1,-1
201542I280909,2,9,0,18,0,1,0,0,0,0,2,1,2,2,39,7,1598,2,1,-1,1,-1
201542I281009,1,9,0,6,0,6,0,0,0,0,3,1,6,2,21,5,1390,1,5,-1,1,-1
201542I281009,2,9,0,18,0,1,1,0,0,0,4,1,6,2,32,6,999,1,-1,-1,1,-1
201542I281209,1,9,0,18,0,0,0,0,0,0,2,1,1,1,53,8,2261,1,8,-1,1,-1
201542I281209,2,19,0,18,0,0,0,0,0,0,1,1,6,1,52,8,4751,2,15,-1,3,-1
201542I281309,1,9,0,9,0,8,0,0,0,0,4,1,6,1,19,4,1199,1,12,-1,1,-1
201542I281309,2,9,0,18,0,1,0,0,0,0,1,1,2,1,24,5,1896,2,13,-1,2,-1
201542I281409,1,9,0,18,0,1,0,0,0,0,1,1,6,1,30,6,1998,1,9,-1,1,-1
201542I281409,2,9,0,9,0,8,0,0,0,0,4,1,6,1,30,6,-1,-1,-1,-1,2,-1
201542I281509,1,9,0,18,0,0,0,0,0,0,1,1,6,2,38,7,-1,-1,-1,-1,-1,-1
201542I281509,2,9,0,4,0,0,0,0,0,0,2,1,6,2,29,6,-1,-1,-1,-1,1,-1
201542I281509,3,9,0,4,0,0,0,0,0,0,2,1,6,2,77,11,1598,1,7,-1,3,-1
201542I281607,1,9,0,18,0,0,0,0,0,0,1,1,6,2,-1,-1,1598,1,12,-1,-1,-1
201542I281607,2,9,0,2,0,0,0,0,0,0,2,1,6,3,-1,-1,2143,2,2,-1,-1,-1
201542I281607,3,9,0,2,0,0,0,0,0,0,2,1,6,3,-1,-1,-1,-1,-1,-1,-1,-1
201542I281709,1,11,0,18,9,3,0,0,0,0,4,1,6,3,-1,-1,-1,-1,-1,-1,-1,-1
201542I281809,1,9,0,18,0,1,0,0,0,0,1,1,6,1,-1,-1,1560,2,2,-1,-1,-1
201542I281809,2,9,0,3,0,1,0,0,0,0,2,1,6,2,18,4,998,1,2,-1,2,-1
201542I281809,3,9,0,3,0,1,0,0,0,0,2,1,6,2,-1,-1,1395,1,2,-1,-1,-1
201542I281809,4,9,0,3,0,1,0,0,0,0,2,1,6,2,-1,-1,1396,1,6,-1,-1,-1
201542I281909,1,9,0,18,9,6,0,0,0,0,1,1,2,2,31,6,1598,1,12,-1,1,-1
201542I281909,2,1,0,18,9,1,0,0,0,0,3,1,2,2,38,7,-1,-1,-1,-1,1,-1
201542I282009,1,19,0,16,0,0,0,0,0,0,1,1,1,1,22,5,-1,-1,-1,-1,1,-1
201542I282009,2,21,1,17,0,0,0,0,0,0,1,1,1,1,62,9,12777,2,3,-1,1,-1
201542I282109,1,9,0,15,0,1,0,0,0,0,1,1,6,2,30,6,2143,2,2,-1,3,-1
201542I282109,2,9,0,3,0,1,0,0,0,0,1,1,2,2,34,6,1360,1,5,-1,1,-1
201542I282209,1,19,0,6,0,8,0,0,0,0,3,1,1,1,51,8,1995,2,8,-1,1,-1
201542I282209,2,3,0,18,0,8,0,0,0,0,1,1,6,1,17,4,125,1,2,-1,2,-1
201542I282309,1,9,0,14,0,0,0,0,0,0,3,1,2,1,52,8,1560,2,1,-1,1,-1
201542I282309,2,21,0,2,0,0,0,0,0,0,0,1,1,1,-1,-1,6692,2,3,-1,-1,-1
201542I282309,3,3,0,16,0,0,1,0,0,0,3,1,6,1,23,5,100,1,13,-1,1,-1
201542I282409,1,9,0,1,0,1,0,0,0,0,2,1,6,2,-1,-1,1399,2,11,-1,-1,-1
201542I282509,1,9,0,18,0,0,0,0,0,0,1,1,6,1,32,6,-1,-1,-1,-1,-1,-1
201542I282509,2,9,0,18,0,0,0,0,0,0,1,1,6,1,20,4,1560,2,1,-1,1,-1
201542I282509,3,9,0,18,0,0,0,0,0,0,0,1,6,1,47,8,-1,-1,-1,-1,-1,-1
201542I282609,1,9,0,18,0,0,0,0,0,0,1,1,3,1,31,6,1796,1,10,-1,1,-1
201542I282609,2,9,0,18,0,0,0,0,0,0,1,1,6,2,34,6,1388,1,4,-1,1,-1
201542I282709,1,9,0,15,0,2,0,0,0,0,1,1,2,2,29,6,1388,1,12,-1,1,-1
201542I282709,2,1,0,4,0,2,0,0,0,0,2,1,6,1,12,3,-1,-1,-1,-1,1,-1
201542I282809,1,19,0,18,0,4,0,0,0,0,1,1,1,1,-1,-1,1968,2,1,-1,-1,-1
201542I282809,2,3,0,18,0,8,0,0,0,0,4,1,2,1,58,9,125,1,1,-1,3,-1
201542I282909,1,9,0,18,0,8,0,0,0,0,1,1,6,2,-1,-1,-1,-1,-1,-1,-1,-1
201542I282909,2,1,0,18,0,8,0,0,0,0,3,1,6,1,31,6,-1,-1,-1,-1,1,-1
201542I283009,1,4,0,18,0,1,0,0,0,0,1,1,6,1,48,8,953,1,7,-1,1,-1
201542I283009,2,9,0,2,0,1,0,0,0,0,1,1,6,2,56,9,1461,2,3,-1,2,-1
201542I283208,1,9,0,9,0,4,0,0,0,0,1,1,6,2,39,7,1796,1,1,-1,1,-1
201542I283208,2,1,0,18,0,8,0,0,0,0,4,1,6,2,45,7,-1,-1,-1,-1,-1,-1
201542I283309,1,9,0,18,0,1,0,0,0,0,1,1,6,2,19,4,1299,1,15,-1,1,-1
201542I283309,2,9,0,9,0,1,0,0,0,0,4,1,6,1,-1,-1,1905,2,21,-1,-1,-1
201542I283409,1,9,0,1,0,6,0,0,0,0,2,1,6,2,45,7,-1,-1,-1,-1,-1,-1
201542I283609,1,9,0,5,0,1,0,0,0,0,1,1,6,2,56,9,1753,2,8,-1,2,-1
201542I283609,2,9,0,18,0,1,0,0,0,0,1,1,6,2,26,6,-1,-1,-1,-1,2,-1
201542I283709,1,9,0,14,0,0,0,0,0,0,1,1,1,2,47,8,1596,1,10,-1,1,-1
201542I283809,1,3,0,3,0,0,0,0,0,0,1,1,6,2,21,5,124,1,1,-1,2,-1
201542I283809,2,9,0,4,0,0,1,0,0,0,2,1,6,2,65,9,1598,1,4,-1,2,-1
201542I283909,1,19,0,18,0,8,0,0,0,0,1,1,1,1,47,8,1598,2,-1,-1,2,-1
201542I283909,2,9,0,18,0,8,0,0,0,0,2,1,2,1,52,8,1149,1,16,-1,1,-1
201542I284009,1,9,0,9,0,1,0,0,0,0,1,1,6,1,38,7,1968,2,9,-1,1,-1
201542I284009,2,3,0,18,0,1,0,0,0,0,1,1,6,1,18,4,125,1,6,-1,3,-1
201542I284109,1,10,0,5,0,0,0,0,0,0,1,1,6,1,-1,-1,-1,-1,-1,-1,-1,-1
201542I284109,2,9,0,2,0,0,0,0,0,0,3,1,6,1,27,6,1781,1,17,-1,1,-1
201542I284309,1,9,0,7,0,1,0,0,0,0,2,1,6,2,-1,-1,-1,-1,-1,-1,-1,-1
201542I284309,2,1,0,18,0,8,0,0,0,0,1,1,2,1,20,4,-1,-1,-1,-1,2,-1
201542I284409,1,9,0,9,0,1,0,0,0,0,1,1,1,1,25,5,1753,2,8,-1,2,-1
201542I284409,2,2,0,18,0,1,1,0,0,0,1,1,1,1,41,7,49,1,14,-1,1,-1
201542I284409,3,9,0,8,0,1,0,0,0,0,3,1,1,2,51,8,1968,2,1,-1,1,-1
201542I284509,1,9,0,9,9,1,0,0,0,0,1,1,6,2,-1,-1,1598,1,7,-1,1,-1
201542I284609,1,9,0,18,0,0,0,0,0,0,1,1,6,1,-1,-1,1968,2,-1,-1,-1,-1
201542I284609,2,9,0,2,0,0,0,0,0,0,2,1,6,2,31,6,998,1,3,-1,1,-1
201542I284709,1,9,0,18,0,2,0,0,0,0,1,1,6,2,24,5,1242,1,6,-1,1,-1
201542I284809,1,9,0,18,0,1,0,0,0,0,1,1,6,1,-1,-1,-1,-1,-1,-1,-1,-1
201542I284809,2,1,0,4,0,1,0,0,0,0,3,1,6,1,11,3,-1,-1,-1,-1,1,-1
201542I284909,1,9,0,17,0,0,0,0,0,0,1,1,6,1,40,7,1896,2,12,-1,1,-1
201542I284909,2,11,0,16,0,0,0,0,0,0,1,1,6,2,30,6,-1,-1,-1,-1,1,-1
201542I285009,1,9,0,18,0,0,0,0,0,0,4,1,6,2,-1,-1,1598,1,2,-1,-1,-1
201542I285109,1,9,0,7,0,5,0,0,0,0,4,1,6,1,82,11,1598,1,14,-1,2,-1
201542I285109,2,1,0,18,0,1,0,0,0,0,3,1,6,2,-1,-1,-1,-1,-1,-1,2,-1
201542I285309,1,9,0,18,0,8,0,0,0,0,1,1,6,3,-1,-1,-1,-1,-1,-1,-1,-1
201542I285309,2,9,0,18,0,8,0,0,0,0,2,1,6,2,29,6,2198,2,7,-1,3,-1
201542I285409,1,9,0,9,0,1,0,0,0,0,1,1,6,1,30,6,1299,1,17,-1,1,-1
201542I285409,2,1,0,18,0,1,0,0,0,0,1,1,6,1,42,7,-1,-1,-1,-1,1,-1
201542I285609,1,3,0,17,0,8,0,0,1,2,4,1,6,1,20,4,124,1,3,-1,1,-1
201542I285809,1,2,0,18,0,1,1,0,0,0,0,1,6,2,19,4,125,1,-1,-1,1,-1
201542I285909,1,9,0,16,0,0,0,0,0,0,4,1,6,1,39,7,1596,1,13,-1,1,-1
201542I286209,1,9,0,9,0,4,0,0,0,0,3,1,6,1,30,6,-1,-1,-1,-1,3,-1
201542I286209,2,9,0,18,0,4,0,0,0,0,1,1,6,1,28,6,-1,-1,-1,-1,1,-1
201542I286509,1,9,0,14,0,1,0,0,0,0,4,1,6,2,32,6,2143,2,2,-1,1,-1
201542I286509,2,11,0,2,0,2,0,0,0,0,0,1,1,1,46,8,-1,-1,-1,-1,-1,-1
201542I286609,1,9,0,18,0,0,0,0,0,0,1,1,6,1,74,10,1596,1,13,-1,1,-1
201542I286609,2,11,0,3,0,0,0,0,0,0,2,1,1,1,31,6,9360,2,7,-1,1,-1
201542I286709,1,11,0,18,0,1,0,0,0,0,1,1,1,1,38,7,4760,2,2,-1,1,-1
201542I286809,1,9,0,18,0,0,0,0,7,11,1,1,6,1,29,6,1990,1,26,-1,1,-1
201542I286809,2,9,0,2,0,0,0,0,0,0,2,1,6,2,67,10,2231,2,2,-1,1,-1
201542I286909,1,9,0,16,0,0,2,0,7,9,4,1,2,1,21,5,2286,2,31,-1,3,-1
201542I287009,1,19,0,18,0,1,1,0,1,11,1,1,1,1,44,7,2143,2,5,-1,3,-1
201542I287009,2,98,1,5,0,1,0,0,0,0,3,2,1,1,28,6,-1,-1,-1,-1,1,-1
201542I287109,1,9,0,7,0,6,0,0,0,0,1,1,6,1,42,7,999,1,1,-1,1,-1
201542I287109,2,9,0,18,0,1,2,0,0,0,4,1,6,1,50,8,1560,2,6,-1,1,-1
201542I287109,3,9,0,18,0,1,0,0,0,0,3,1,6,2,75,10,1299,1,14,-1,1,-1
201542I287209,1,9,0,18,0,1,0,0,0,0,3,1,6,3,-1,-1,-1,-1,-1,-1,-1,-1
201542I287209,2,1,0,18,0,1,0,0,0,0,3,1,1,1,-1,-1,-1,-1,-1,-1,1,-1
201542I287309,1,9,0,18,0,0,0,0,0,0,1,1,6,1,20,4,1242,1,19,-1,2,-1
201542I287309,2,9,0,3,0,0,0,0,0,0,2,1,1,1,64,9,1598,2,2,-1,3,-1
201542I287408,1,9,0,18,0,8,1,0,1,4,1,1,6,1,25,5,-1,-1,-1,-1,1,-1
201542I287509,1,9,0,18,0,1,0,0,0,0,4,1,3,2,29,6,-1,-1,-1,-1,1,-1
201542I287609,1,9,0,18,0,1,0,0,0,0,0,1,6,3,-1,-1,-1,-1,-1,-1,-1,-1
201542I287609,2,1,0,18,0,1,1,0,0,0,0,1,6,1,52,8,-1,-1,-1,-1,1,-1
201542I287809,1,9,0,9,0,4,0,0,0,0,1,1,6,2,63,9,2493,8,2,-1,1,-1
201542I287809,2,1,0,18,0,1,0,0,0,0,3,1,6,1,-1,-1,-1,-1,-1,-1,1,-1
201542I287909,1,9,0,5,0,6,0,0,0,0,1,1,6,1,45,7,2295,1,14,-1,1,-1
201542I287909,2,9,0,18,0,1,0,0,0,0,1,1,6,1,45,7,1796,1,14,-1,-1,-1
201542I288009,1,3,0,18,0,0,1,0,0,0,1,1,1,1,20,4,125,1,-1,-1,3,-1
201542I288009,2,9,0,18,0,0,0,0,0,0,2,1,1,2,51,8,1596,1,-1,-1,1,-1
201542I288109,1,9,0,7,0,4,0,0,0,0,4,1,6,2,49,8,-1,-1,-1,-1,3,-1
201542I288109,2,1,0,18,0,4,0,0,0,0,1,1,2,1,45,7,-1,-1,-1,-1,3,-1
201542I288209,1,9,0,9,0,8,0,0,0,0,1,1,6,2,36,7,-1,-1,-1,-1,1,-1
201542I288209,2,9,0,18,0,8,0,0,0,0,1,1,1,2,23,5,1390,1,2,-1,1,-1
201542I288309,1,1,0,17,0,6,0,0,0,0,3,1,6,1,12,3,-1,-1,-1,-1,1,-1
201542I288309,2,9,0,18,0,1,0,0,0,0,1,1,6,1,54,8,1783,1,12,-1,1,-1
201542I288408,1,9,0,5,0,1,0,0,0,0,4,1,6,1,67,10,2496,1,12,-1,1,-1
201542I288408,2,5,0,18,0,1,1,0,0,0,4,1,6,1,67,10,1200,1,46,-1,1,-1
201542I288509,1,21,1,18,0,1,0,0,0,0,4,2,1,2,35,6,-1,-1,-1,-1,-1,-1
201542I288509,2,4,0,18,0,1,0,0,0,0,3,1,1,1,53,8,250,1,1,-1,1,-1
201542I288609,1,9,0,13,0,0,0,0,0,0,1,1,6,1,43,7,1956,2,-1,-1,-1,-1
201542I288609,2,5,0,18,0,0,0,0,0,0,1,1,6,1,52,8,1157,1,9,-1,1,-1
201542I288609,3,19,0,18,0,0,0,0,0,0,0,1,6,1,27,6,2198,2,-1,-1,1,-1
201542I288709,1,9,0,18,0,0,2,0,1,0,4,1,6,1,38,7,1398,1,1,-1,1,-1
201542I288709,2,9,0,18,0,0,0,0,0,0,0,1,6,2,46,8,1560,2,-1,-1,1,-1
201542I288809,1,9,0,18,0,7,0,0,0,0,1,1,6,1,52,8,2400,2,3,-1,3,-1
201542I288809,2,9,0,3,0,7,0,0,0,0,2,1,6,1,48,8,2480,1,17,-1,1,-1
201542I288909,1,10,0,18,0,4,0,0,0,0,2,1,6,1,68,10,2402,2,8,-1,1,-1
201542I288909,2,19,0,18,0,4,0,0,0,0,1,1,6,1,50,8,1868,2,10,-1,1,-1
201542I289009,1,20,0,17,0,1,1,0,1,0,1,1,1,1,38,7,-1,-1,-1,-1,1,-1
201542I289009,2,9,0,18,0,2,1,0,7,0,1,1,6,1,63,9,2967,2,2,-1,-1,-1
201542I289109,1,9,0,4,0,0,0,0,0,0,2,1,6,2,67,10,1296,1,7,-1,1,-1
201542I289109,2,9,0,18,0,0,0,0,0,0,1,1,6,1,61,9,1896,2,7,-1,1,-1
201542I289109,3,9,0,18,0,0,0,0,0,0,3,1,6,2,42,7,1999,2,7,-1,1,-1
201542I289209,1,9,0,18,0,4,0,0,0,0,1,1,6,1,23,5,1997,2,2,-1,1,-1
201542I289209,2,9,0,18,0,8,0,0,0,0,4,1,6,2,26,6,1398,1,5,-1,1,-1
201542I289309,1,9,0,18,0,8,0,0,0,0,1,1,6,2,28,6,1498,1,5,-1,-1,-1
201542I289309,2,9,0,18,0,8,0,0,0,0,3,1,6,2,35,6,1968,2,1,-1,-1,-1
201542I289409,1,9,0,18,0,0,0,10,0,0,1,1,6,2,49,8,1850,1,15,-1,1,-1
201542I289509,1,1,0,18,0,8,0,0,0,0,1,1,1,1,16,4,-1,-1,-1,-1,1,-1
201542I289509,2,9,0,7,0,6,0,0,0,0,4,1,1,2,35,6,1968,2,8,-1,1,-1
201542I289608,1,9,0,16,0,0,0,0,4,0,1,1,6,1,31,6,2000,1,10,-1,1,-1
201542I289709,1,9,0,9,0,1,0,0,0,0,1,1,6,1,37,7,-1,-1,-1,-1,1,-1
201542I289809,1,9,0,18,0,0,1,0,7,2,3,1,6,2,51,8,1868,2,11,-1,1,-1
201542I289909,1,2,0,18,0,1,1,0,1,0,0,1,6,1,51,8,-1,-1,-1,-1,3,-1
201542I289909,2,9,0,18,0,1,0,0,0,0,0,1,6,1,17,4,1248,1,5,-1,3,-1
201542I290009,1,9,0,18,0,3,0,0,1,2,1,1,6,2,76,11,1995,1,12,-1,2,-1
201542I290109,1,9,0,18,0,4,0,0,0,0,3,1,1,1,19,4,1596,1,5,-1,1,-1
201542I290109,2,3,0,18,0,3,0,0,0,0,1,1,1,1,36,7,955,1,15,-1,1,-1
201542I290309,1,9,0,3,0,4,0,0,0,0,1,1,6,1,-1,-1,-1,-1,-1,-1,1,-1
201542I290309,2,5,0,3,0,4,0,0,4,0,3,1,1,1,53,8,680,1,8,-1,1,-1
201542I290409,1,19,0,9,0,5,0,0,0,0,2,1,1,1,41,7,2799,2,14,-1,1,-1
201542I290409,2,5,0,14,0,8,0,0,0,0,3,1,6,1,51,8,-1,-1,-1,-1,2,-1
201542I290509,1,2,0,3,0,0,0,0,0,0,0,1,3,1,16,4,49,1,-1,-1,1,-1
201542I290609,1,21,1,12,0,0,0,0,0,0,3,2,6,1,48,8,-1,-1,-1,-1,-1,-1
201542I290609,2,9,0,18,0,0,1,0,2,7,4,1,6,2,41,7,1388,1,4,-1,1,-1
201542I290709,1,9,0,18,0,2,0,0,0,0,1,1,2,2,41,7,1798,1,5,-1,-1,-1
201542I290809,1,9,0,16,0,0,5,0,8,10,1,1,6,1,36,7,-1,-1,-1,-1,1,-1
201542I290909,1,9,0,9,0,5,0,0,0,0,1,1,2,1,20,4,1360,1,11,-1,3,-1