Accident_Index,Vehicle_Reference,Vehicle_Type,Towing_and_Articulation,Vehicle_Manoeuvre,Vehicle_Location-Restricted_Lane,Junction_Location,Skidding_and_Overturning,Hit_Object_in_Carriageway,Vehicle_Leaving_Carriageway,Hit_Object_off_Carriageway,1st_Point_of_Impact,Was_Vehicle_Left_Hand_Drive?,Journey_Purpose_of_Driver,Sex_of_Driver,Age_of_Driver,Age_Band_of_Driver,Engine_Capacity_(CC),Propulsion_Code,Age_of_Vehicle,Driver_IMD_Decile,Driver_Home_Area_Type,Vehicle_IMD_Decile
201542I290909,2,9,0,18,0,8,0,0,0,0,1,1,6,1,91,11,1798,1,7,-1,3,-1
201542I291009,1,19,0,18,0,0,0,0,0,0,1,1,6,1,26,6,1995,2,4,-1,2,-1
201542I291009,2,9,0,18,0,0,0,0,0,0,2,1,6,2,42,7,998,1,11,-1,1,-1
201542I291009,3,9,0,18,0,0,0,0,0,0,2,1,6,2,44,7,1388,1,13,-1,1,-1
201542I291109,1,9,0,9,0,1,0,0,0,0,1,1,6,2,46,8,1896,2,13,-1,2,-1
201542I291109,2,5,0,18,0,1,0,0,0,0,1,1,2,2,43,7,598,1,18,-1,1,-1
201542I291209,1,9,0,4,0,2,0,0,0,0,0,1,2,1,51,8,2993,2,-1,-1,1,-1
201542I291209,2,9,0,4,0,2,0,0,0,0,2,1,6,2,55,8,1598,1,14,-1,1,-1
201542I291209,3,9,0,18,0,2,0,0,0,0,1,1,1,2,27,6,1240,1,12,-1,1,-1
201542I291309,1,9,0,5,0,6,0,0,0,0,1,1,1,1,28,6,-1,-1,-1,-1,1,-1
201542I291309,2,9,0,18,0,1,0,0,0,0,4,1,6,2,38,7,1360,1,10,-1,1,-1
201542I291409,1,9,0,18,0,0,0,0,0,11,1,1,6,1,73,10,1242,1,10,-1,1,-1
201542I291509,1,9,0,10,0,5,0,0,0,0,4,1,6,2,27,6,1798,1,3,-1,1,-1
201542I291509,2,9,0,4,0,1,0,0,0,0,1,1,6,2,30,6,1598,1,11,-1,1,-1
201542I291609,1,19,0,18,0,0,0,0,0,0,1,1,6,3,-1,-1,-1,-1,-1,-1,-1,-1
201542I291609,2,22,0,18,9,0,0,0,0,0,2,1,6,1,53,8,-1,-1,-1,-1,1,-1
201542I291706,1,9,4,18,0,1,0,0,0,0,1,1,6,1,-1,-1,2999,2,11,-1,3,-1
201542I291706,2,9,0,5,0,1,0,0,0,0,1,1,6,2,70,10,1598,1,2,-1,2,-1
201542I291807,1,9,0,18,0,0,0,0,0,0,1,1,2,2,59,9,1339,8,3,-1,1,-1
201542I291807,2,98,0,3,0,0,0,0,0,0,1,1,1,1,-1,-1,-1,-1,-1,-1,-1,-1
201542I291908,1,19,0,18,0,0,1,0,0,0,1,1,6,1,45,7,1996,2,1,-1,1,-1
201542I291908,2,19,0,18,0,0,0,0,0,0,2,2,6,1,25,5,1968,2,-1,-1,3,-1
201542I292008,1,9,0,18,0,0,0,0,0,0,1,1,6,1,74,10,-1,-1,-1,-1,1,-1
201542I292109,1,9,0,18,0,1,0,0,0,0,1,1,1,1,33,6,1560,2,7,-1,1,-1
201542I292109,2,19,0,18,0,1,0,0,0,0,2,1,6,1,-1,-1,1248,2,8,-1,-1,-1
201542I292208,1,9,0,18,0,1,1,10,1,4,4,1,6,1,18,4,1197,1,1,-1,1,-1
201542I292309,1,9,0,17,0,1,0,0,1,4,3,1,6,2,56,9,1248,2,4,-1,2,-1
201542I292409,1,19,0,17,0,8,2,0,1,0,3,1,6,1,-1,-1,1461,2,5,-1,1,-1
201542I292409,2,9,0,18,0,8,0,0,0,0,1,1,6,1,21,5,999,1,2,-1,1,-1
201542I292509,1,9,0,18,0,0,0,0,1,0,1,1,6,1,-1,-1,-1,-1,-1,-1,-1,-1
201542I292509,2,1,0,18,9,0,0,0,0,0,2,1,6,1,16,4,-1,-1,-1,-1,1,-1
201542I292609,1,9,0,18,0,1,0,0,0,0,1,1,1,1,-1,-1,-1,-1,-1,-1,-1,-1
201542I292609,2,3,0,18,0,1,1,0,0,0,2,1,6,1,18,4,70,1,5,-1,1,-1
201542I292709,1,9,0,18,0,1,0,0,0,0,1,1,6,2,-1,-1,1995,2,3,-1,1,-1
201542I292709,2,9,0,8,0,1,0,0,0,0,2,1,6,2,20,4,1390,1,8,-1,1,-1
201542I292809,1,9,0,18,0,0,0,0,0,0,1,1,6,1,36,7,2143,2,-1,-1,1,-1
201542I292809,2,98,1,18,0,0,0,0,0,0,1,1,6,3,-1,-1,-1,-1,-1,-1,-1,-1
201542I292809,3,9,0,18,0,0,0,0,0,0,1,1,6,1,67,10,2987,2,1,-1,1,-1
201542I292809,4,9,0,18,0,0,0,0,0,0,2,1,6,1,-1,-1,1198,1,1,-1,1,-1
201542I292909,1,9,0,18,0,0,0,0,0,0,1,1,3,1,55,8,2997,1,17,-1,1,-1
201542I292909,2,9,0,4,0,0,0,0,1,9,2,1,6,2,67,10,1086,1,6,-1,1,-1
201542I293009,1,9,0,16,0,0,0,0,0,0,3,1,1,1,57,9,-1,-1,-1,-1,3,-1
201542I293009,2,9,0,17,0,0,0,0,0,0,3,2,6,1,72,10,-1,-1,-1,-1,-1,-1
201542I293209,1,9,0,9,0,0,0,0,0,0,3,1,6,1,-1,-1,1360,1,12,-1,-1,-1
201542I293209,2,1,0,18,0,0,0,0,0,0,2,1,2,2,35,6,-1,-1,-1,-1,1,-1
201542I293309,1,9,0,18,0,0,0,0,0,0,4,1,6,1,-1,-1,-1,-1,-1,-1,-1,-1
201542I293401,1,9,0,9,0,0,0,0,0,0,3,1,6,1,25,5,1242,1,6,-1,1,-1
201542I293401,2,5,0,18,0,0,1,0,0,0,1,1,6,1,38,7,-1,-1,-1,-1,2,-1
201542I293509,1,9,0,18,0,1,0,0,0,0,1,1,6,3,-1,-1,1242,1,4,-1,-1,-1
201542I293509,2,1,0,18,0,1,0,0,0,0,2,1,6,1,17,4,-1,-1,-1,-1,1,-1
201542I293709,1,21,0,3,0,0,0,0,0,0,1,1,1,1,25,5,-1,-1,-1,-1,1,-1
201542I293709,2,9,0,5,0,0,0,0,0,0,3,1,6,1,66,10,-1,-1,-1,-1,1,-1
201542I293808,1,9,0,9,0,6,0,0,0,0,4,1,2,2,26,6,1388,1,4,-1,3,-1
201542I293808,2,9,0,18,0,8,0,0,1,11,1,1,1,1,52,8,-1,-1,-1,-1,1,-1
201542I293909,1,11,0,18,0,0,0,0,0,0,4,1,1,3,-1,-1,-1,-1,-1,-1,-1,-1
201542I294009,1,9,0,18,9,1,0,0,1,11,1,1,1,1,31,6,2993,2,2,-1,-1,-1
201542I294109,1,9,0,18,0,0,1,0,4,6,1,1,6,2,25,5,1229,1,6,-1,1,-1
201542I294309,1,9,0,14,0,1,0,0,0,0,1,1,3,2,52,8,1596,1,8,-1,1,-1
201542I294309,2,9,0,18,0,5,0,0,0,0,1,1,3,2,37,7,1796,1,1,-1,1,-1
201542I294409,1,9,0,4,0,0,1,0,0,0,1,1,6,2,59,9,1560,2,4,-1,1,-1
201542I294409,2,9,0,4,0,0,0,0,0,0,2,1,2,1,20,4,1995,1,13,-1,1,-1
201542I294509,1,10,0,9,0,8,0,0,0,0,1,1,2,1,47,8,2402,2,4,-1,1,-1
201542I294509,2,9,0,18,0,1,5,0,1,4,4,1,2,1,20,4,998,1,2,-1,1,-1
201542I294609,1,9,0,16,0,0,0,0,0,0,1,1,6,2,45,7,1108,1,6,-1,1,-1
201542I294609,2,9,0,17,0,0,0,0,0,0,3,1,6,1,18,4,1388,1,5,-1,1,-1
201542I294609,3,9,0,18,0,0,0,0,0,0,1,1,6,1,52,8,-1,-1,-1,-1,-1,-1
201542I294708,1,9,0,18,0,0,0,0,0,0,1,1,6,2,55,8,1999,1,11,-1,-1,-1
201542I294708,2,9,0,3,0,0,0,0,0,0,2,1,6,1,75,10,1794,1,21,-1,3,-1
201542I294809,1,9,0,5,0,8,0,0,0,0,1,1,1,1,31,6,999,1,-1,-1,3,-1
201542I294809,2,9,0,18,0,1,0,0,0,0,4,1,1,1,57,9,1398,8,3,-1,3,-1
201542I294909,1,9,0,18,0,8,0,0,0,0,1,1,6,1,-1,-1,-1,-1,-1,-1,-1,-1
201542I295109,1,9,0,18,0,0,0,0,0,0,1,1,6,1,-1,-1,-1,-1,-1,-1,-1,-1
201542I295109,2,9,0,2,0,0,0,0,0,0,0,1,6,2,43,7,2171,1,14,-1,1,-1
201542I295209,1,9,0,7,0,8,0,0,0,0,1,1,6,2,53,8,1968,2,8,-1,1,-1
201542I295209,2,9,0,9,0,8,0,0,0,0,1,1,6,2,33,6,1388,1,6,-1,1,-1
201542I295309,1,9,0,18,0,0,0,0,0,0,1,1,6,2,55,8,1560,2,4,-1,1,-1
201542I295309,2,9,0,18,0,0,0,0,0,0,2,1,6,2,37,7,1598,1,8,-1,1,-1
201542I295409,1,9,0,9,0,1,0,0,0,0,1,1,6,3,-1,-1,-1,-1,-1,-1,-1,-1
201542I295509,1,9,0,4,0,0,0,0,0,0,0,1,6,3,-1,-1,-1,-1,-1,-1,-1,-1
201542I295509,2,9,0,4,0,0,0,0,0,0,1,1,6,1,67,10,1797,8,3,-1,1,-1
201542I295509,3,9,0,4,0,0,0,0,0,0,2,1,6,2,54,8,1997,2,-1,-1,1,-1
201542I295709,1,21,0,12,0,1,0,0,0,0,0,1,6,3,-1,-1,-1,-1,-1,-1,-1,-1
201542I295709,2,19,0,18,0,1,1,0,0,0,1,1,2,1,32,6,2402,2,10,-1,1,-1
201542I295709,3,9,0,18,0,1,0,0,0,0,2,1,6,1,39,7,1995,2,9,-1,1,-1
201542I295809,1,9,0,18,0,3,5,0,7,1,3,1,6,2,21,5,1397,1,13,-1,1,-1
201542I295909,1,9,0,4,0,0,0,0,0,0,1,2,6,1,-1,-1,-1,-1,-1,-1,-1,-1
201542I295909,2,9,0,3,0,0,0,0,0,0,2,1,6,1,47,8,1798,1,4,-1,2,-1
201542I296009,1,19,0,18,0,1,0,0,0,0,1,1,6,1,62,9,2198,2,6,-1,1,-1
201542I296009,2,1,0,18,0,1,0,0,0,0,1,1,6,1,16,4,-1,-1,-1,-1,1,-1
201542I296109,1,9,0,7,0,8,0,0,0,0,3,1,1,2,49,8,1998,1,8,-1,1,-1
201542I296109,2,3,0,18,0,1,0,0,0,0,4,1,4,1,17,4,124,1,1,-1,1,-1
201542I296209,1,4,0,4,0,1,0,0,0,0,0,1,6,1,43,7,125,1,-1,-1,1,-1
201542I296309,1,9,0,4,0,0,0,0,0,0,1,1,1,1,41,7,1596,1,1,-1,1,-1
201542I296309,2,9,0,4,0,0,0,0,0,0,1,1,1,2,46,8,1796,1,14,-1,2,-1
201542I296309,3,9,0,4,0,0,0,0,0,0,2,1,1,1,26,6,1968,2,1,-1,1,-1
201542I296309,4,9,0,4,0,0,0,0,0,0,1,1,1,1,47,8,1968,2,1,-1,1,-1
201542I296409,1,9,0,9,0,5,0,0,0,0,1,1,6,1,19,4,1149,1,13,-1,1,-1
201542I296409,2,9,0,17,0,8,0,0,0,0,1,1,6,1,70,10,1968,2,3,-1,1,-1
201542I296509,1,9,0,18,0,0,1,0,1,4,3,1,6,1,17,4,-1,-1,-1,-1,1,-1
201542I296609,1,21,5,18,0,0,0,0,0,0,1,1,1,1,62,9,12900,2,3,-1,1,-1
201542I296609,2,17,5,18,0,0,0,7,6,0,2,1,1,1,68,10,-1,-1,-1,-1,2,-1
201542I296609,3,19,0,18,0,0,0,0,0,0,3,1,6,1,20,4,1560,2,4,-1,1,-1
201542I296709,1,9,0,4,0,0,0,0,0,0,1,1,6,2,35,6,1997,2,7,-1,-1,-1
201542I296709,2,19,0,18,0,0,0,0,0,0,2,1,6,1,31,6,1868,2,9,-1,1,-1
201542I296809,1,9,0,18,0,0,0,0,0,0,1,1,6,2,50,8,1686,2,11,-1,1,-1
201542I296809,2,1,0,7,0,0,0,0,0,0,4,1,6,1,9,2,-1,-1,-1,-1,2,-1
201542I296909,1,9,0,18,0,1,0,0,0,0,1,1,6,2,26,6,1598,1,-1,-1,1,-1
201542I296909,2,9,0,6,0,1,0,0,0,0,4,1,6,2,33,6,1599,1,12,-1,1,-1
201542I297009,1,21,1,3,0,1,0,0,0,0,1,1,6,1,-1,-1,12777,2,3,-1,-1,-1
201542I297009,2,9,0,3,0,1,0,0,0,0,4,1,6,1,18,4,1299,1,7,-1,1,-1
201542I297109,1,9,0,5,0,4,0,0,0,0,1,1,6,2,54,8,1364,1,1,-1,-1,-1
201542I297209,1,19,0,17,0,0,0,0,2,2,1,1,6,1,28,6,1560,2,2,-1,1,-1
201542I297309,1,9,0,18,0,1,0,0,0,0,1,1,6,1,59,9,1493,1,20,-1,1,-1
201542I297409,1,19,0,18,0,0,0,0,0,0,1,1,1,1,49,8,1997,2,-1,-1,2,-1
201542I297409,2,20,0,4,0,0,0,0,0,0,2,1,1,1,32,6,2287,2,2,-1,3,-1
201542I297409,3,21,1,4,0,0,0,0,0,0,2,1,1,1,53,8,-1,-1,-1,-1,1,-1
201542I297509,1,9,0,18,0,0,0,0,0,0,1,1,6,1,22,5,1596,1,-1,-1,3,-1
201542I297509,2,9,0,3,0,0,0,0,0,0,2,1,6,1,38,7,1560,2,1,-1,1,-1
201542I297609,1,9,0,3,0,4,0,0,0,0,1,1,2,1,48,8,2143,2,-1,-1,1,-1
201542I297609,2,9,0,3,0,4,0,0,0,0,2,1,2,2,30,6,1200,1,2,-1,2,-1
201542I297709,1,9,0,18,0,1,0,0,0,0,1,1,6,2,41,7,2967,1,9,-1,1,-1
201542I297709,2,9,0,3,0,1,0,0,0,0,2,1,6,2,48,8,1794,1,10,-1,1,-1
201542I297709,3,9,0,3,0,1,0,0,0,0,2,1,6,2,23,5,1242,1,6,-1,1,-1
201542I297807,1,90,0,18,0,1,2,0,7,9,1,1,6,2,51,8,1499,1,1,-1,3,-1
201542I297909,1,9,0,18,0,4,0,0,0,0,1,1,6,1,-1,-1,1598,1,15,-1,-1,-1
201542I297909,2,9,0,18,0,3,0,0,0,0,3,1,6,1,21,5,1596,1,11,-1,1,-1
201542I298009,1,9,0,18,0,1,0,0,0,0,1,1,6,1,21,5,998,1,3,-1,3,-1
201542I298109,1,21,1,18,0,0,3,0,1,9,1,1,1,1,47,8,-1,-1,-1,-1,-1,-1
201542I298109,2,17,4,18,0,0,3,0,0,0,2,1,1,1,36,7,-1,-1,-1,-1,3,-1
201542I298209,1,9,0,18,0,0,2,0,1,4,1,1,6,2,30,6,1686,2,8,-1,3,-1
201542I298309,1,3,0,13,0,1,0,0,0,0,3,1,6,1,33,6,124,1,6,-1,1,-1
201542I298309,2,9,0,18,0,1,0,0,0,0,4,1,6,1,69,10,2231,2,2,-1,-1,-1
201542I298409,1,11,0,18,0,8,0,0,0,0,1,1,1,1,54,8,4500,2,7,-1,-1,-1
201542I298509,1,9,0,5,0,8,0,0,0,0,1,1,6,2,44,7,1498,1,-1,-1,1,-1
201542I298509,2,5,0,5,0,8,1,0,0,0,2,1,6,1,62,9,1585,1,5,-1,3,-1
201542I298609,1,9,0,16,0,0,0,0,7,4,1,1,6,1,23,5,1896,2,17,-1,1,-1
201542I298709,1,9,0,18,0,0,1,0,1,9,4,1,6,2,42,7,1598,1,10,-1,1,-1
201542I299009,1,9,0,18,0,1,0,0,7,1,1,1,6,1,83,11,1461,2,4,-1,-1,-1
201542I299009,2,9,0,3,0,1,0,0,0,0,2,1,6,2,41,7,-1,-1,-1,-1,1,-1
201542I299109,1,9,0,18,0,6,0,0,0,0,1,1,6,1,-1,-1,-1,-1,-1,-1,-1,-1
201542I299209,1,9,0,18,0,1,0,0,0,0,1,1,6,1,49,8,-1,-1,-1,-1,1,-1
201542I299409,1,9,0,9,0,5,0,0,0,0,4,1,1,2,61,9,1390,1,10,-1,2,-1
201542I299409,2,19,0,18,0,1,0,0,0,0,1,1,1,1,42,7,2198,2,7,-1,1,-1
201542I299509,1,9,0,16,0,0,1,0,7,9,1,1,6,2,44,7,1388,1,5,-1,3,-1
201542I299609,1,20,0,5,0,1,0,0,0,0,3,1,1,1,36,7,-1,-1,-1,-1,1,-1
201542I299609,2,21,0,5,0,1,0,0,0,0,4,1,1,1,38,7,12900,2,7,-1,-1,-1
201542I299709,1,9,0,18,0,0,0,11,0,0,1,1,6,2,26,6,1796,1,16,-1,1,-1
201542I299709,2,90,0,2,0,0,0,0,0,0,0,1,6,3,-1,-1,-1,-1,-1,-1,-1,-1
201542I299804,1,9,0,1,0,1,0,0,0,0,2,1,6,2,33,6,1587,1,11,-1,1,-1
201542I299909,1,3,0,3,0,1,0,0,0,0,2,1,6,1,16,4,-1,-1,-1,-1,1,-1
201542I299909,2,9,0,18,0,1,0,0,0,0,1,1,2,1,42,7,1560,2,1,-1,1,-1
201542I300009,1,21,0,4,0,8,0,0,0,0,1,1,1,1,50,8,6700,2,1,-1,1,-1
201542I300009,2,9,0,3,0,1,0,0,0,0,2,1,6,2,47,8,1248,2,3,-1,1,-1
201542I300109,1,9,0,4,0,0,0,0,0,0,1,1,6,1,22,5,-1,-1,-1,-1,1,-1
201542I300109,2,9,0,4,0,0,0,0,0,0,2,1,6,2,66,10,1229,1,9,-1,1,-1
201542I300209,1,9,0,5,0,8,0,0,0,0,4,1,6,3,-1,-1,-1,-1,-1,-1,-1,-1
201542I300309,1,9,0,7,0,0,0,0,0,0,4,1,1,2,34,6,-1,-1,-1,-1,1,-1
201542I300309,2,5,0,18,0,0,1,0,1,0,3,1,1,1,25,5,600,1,13,-1,2,-1
201542I300409,1,9,0,16,0,0,1,0,0,0,1,1,6,1,41,7,1598,1,9,-1,3,-1
201542I300409,2,9,0,17,0,0,0,0,0,0,1,1,6,1,78,11,4196,1,9,-1,3,-1
201542I300609,1,19,0,4,0,1,1,0,0,0,1,1,1,1,48,8,1560,2,7,-1,1,-1
201542I300609,2,9,0,3,0,1,0,0,0,0,2,1,6,1,22,5,1796,1,7,-1,1,-1
201542I300709,1,9,0,18,0,0,0,0,0,0,1,1,2,1,63,9,-1,-1,-1,-1,1,-1
201542I300709,2,9,0,18,0,0,0,0,0,0,2,1,2,2,45,7,2149,2,8,-1,1,-1
201542I300809,1,9,0,3,0,1,0,0,0,0,1,1,6,1,-1,-1,1796,1,12,-1,-1,-1
201542I300809,2,5,0,3,0,1,0,0,0,0,2,1,6,1,58,9,-1,-1,-1,-1,1,-1
201542I300909,1,9,0,18,0,0,0,0,0,0,4,1,6,1,21,5,1968,2,1,-1,1,-1
201542I300909,2,9,0,2,0,0,0,0,0,10,3,1,6,3,-1,-1,1390,1,2,-1,1,-1
201542I300909,3,9,0,2,0,0,0,0,0,0,3,1,6,3,-1,-1,1998,2,10,-1,-1,-1
201542I301009,1,90,0,18,9,0,0,0,0,0,0,1,6,1,-1,-1,-1,-1,-1,-1,-1,-1
201542I301109,1,9,0,18,0,8,0,0,0,0,4,1,2,1,26,6,1349,1,2,-1,3,-1
201542I301109,2,1,0,18,0,8,0,0,0,0,1,1,6,1,31,6,-1,-1,-1,-1,1,-1
201542I301209,1,9,0,4,0,1,0,0,0,0,1,1,6,1,-1,-1,1598,1,15,-1,-1,-1
201542I301209,2,9,0,3,0,1,0,0,0,0,2,1,6,2,54,8,1299,1,14,-1,1,-1
201542I301209,3,9,0,3,0,1,0,0,0,0,2,1,6,1,-1,-1,1910,2,8,-1,1,-1
201542I301309,1,1,0,18,0,8,1,10,1,0,4,1,6,1,65,9,-1,-1,-1,-1,1,-1
201542I301409,1,9,0,18,0,4,0,0,0,0,1,1,6,1,59,9,1368,1,1,-1,1,-1
201542I301409,2,9,0,9,0,3,0,0,0,0,3,1,1,1,19,4,-1,-1,-1,-1,1,-1
201542I301509,1,9,0,9,0,8,0,0,0,0,4,2,6,2,17,4,1242,1,2,-1,1,-1
201542I301509,2,9,0,18,0,8,0,0,0,0,1,2,2,2,39,7,1398,2,7,-1,1,-1
201542I301609,1,9,0,13,0,0,1,0,1,4,1,1,6,2,30,6,-1,-1,-1,-1,1,-1
201542I301709,1,9,0,4,0,0,1,0,0,0,2,1,2,1,27,6,1598,1,6,-1,1,-1
201542I301709,2,19,0,4,0,0,1,0,0,0,1,1,6,1,27,6,1598,2,-1,-1,3,-1
201542I301709,3,9,0,4,0,0,0,0,0,0,2,1,6,1,54,8,1997,2,-1,-1,1,-1
201542I301809,1,9,0,9,0,1,0,0,0,0,0,1,6,3,-1,-1,1796,1,9,-1,-1,-1
201542I301809,2,11,0,18,0,1,1,0,0,0,0,1,1,2,51,8,4250,2,13,-1,1,-1
201542I301909,1,9,0,5,0,1,0,0,0,0,1,1,1,1,-1,-1,-1,-1,-1,-1,1,-1
201542I302009,1,9,0,18,0,1,0,0,0,0,1,1,6,1,73,10,-1,-1,-1,-1,1,-1
201542I302009,2,5,0,10,0,5,0,0,0,0,2,1,6,1,60,9,1600,1,5,-1,1,-1
201542I302209,1,9,0,18,0,0,0,0,0,0,1,1,6,2,31,6,1781,1,12,-1,1,-1
201542I302209,2,9,0,18,0,0,0,0,0,0,2,1,6,1,29,6,1998,2,10,-1,1,-1
201542I302309,1,9,0,17,0,0,0,0,0,0,1,1,6,1,32,6,1560,2,9,-1,1,-1
201542I302309,2,9,0,16,0,0,0,0,0,0,1,1,6,1,57,9,3301,1,17,-1,2,-1
201542I302409,1,9,0,11,0,1,0,0,0,0,4,1,6,3,-1,-1,1598,1,8,-1,-1,-1
201542I302409,2,9,0,4,0,1,0,0,0,0,3,1,6,1,37,7,1400,1,9,-1,1,-1
201542I302509,1,19,0,18,0,0,0,0,0,0,1,1,6,1,21,5,2198,2,2,-1,3,-1
201542I302509,2,9,0,18,0,0,0,0,0,0,2,1,6,2,28,6,1560,2,8,-1,1,-1
201542I302509,3,9,0,18,0,0,0,0,0,0,2,1,6,1,21,5,1248,2,5,-1,2,-1
201542I302509,4,9,0,18,0,0,0,0,0,0,2,1,6,1,41,7,1910,2,11,-1,1,-1
201542I302509,5,9,0,18,0,0,0,0,0,0,2,1,6,2,40,7,1995,2,3,-1,1,-1
201542I302609,1,3,0,18,0,1,0,0,0,0,1,1,6,1,28,6,49,1,-1,-1,1,-1
201542I302709,1,9,0,16,0,0,0,0,0,0,4,1,6,1,30,6,998,1,5,-1,1,-1
201542I302709,2,9,0,16,0,0,0,0,0,0,3,1,6,2,53,8,1685,2,2,-1,1,-1
201542I302809,1,5,0,16,0,0,0,0,0,0,0,1,6,1,51,8,865,1,-1,-1,1,-1
201542I302909,1,5,0,17,0,0,1,0,1,0,1,1,6,1,31,6,988,1,14,-1,1,-1
201542I302909,2,9,0,2,9,0,0,0,0,0,2,1,6,3,-1,-1,1896,2,13,-1,-1,-1
201542I303009,1,9,0,7,0,8,5,10,7,0,3,1,6,1,34,6,1242,1,3,-1,1,-1
201542I303009,2,9,0,4,0,8,0,0,0,0,0,1,1,1,31,6,2993,2,-1,-1,-1,-1
201542I303109,1,9,0,18,0,0,0,0,0,0,1,1,6,3,-1,-1,-1,-1,-1,-1,-1,-1
201542I303209,1,9,0,16,0,0,0,0,1,4,4,1,6,1,25,5,1598,1,13,-1,1,-1
201542I303309,1,9,0,10,0,1,0,0,0,0,1,1,6,2,-1,-1,1596,1,13,-1,-1,-1
201542I303309,2,9,0,10,0,8,0,0,0,0,2,1,6,2,35,6,1200,1,3,-1,1,-1
201542I303509,1,9,0,18,0,0,0,0,0,0,1,1,6,1,45,7,998,1,1,-1,1,-1
201542I303609,1,9,0,18,0,1,0,0,0,0,1,1,6,1,-1,-1,-1,-1,-1,-1,-1,-1
201542I303609,2,1,0,18,0,1,0,0,0,0,4,1,6,1,37,7,-1,-1,-1,-1,1,-1
201542I303709,1,9,0,3,0,8,0,0,0,0,1,1,1,1,35,6,-1,-1,-1,-1,1,-1
201542I303709,2,9,0,3,0,8,0,0,0,0,2,1,2,1,53,8,998,1,11,-1,1,-1
201542I303709,3,9,0,3,0,8,0,0,0,0,2,1,6,3,-1,-1,-1,-1,-1,-1,-1,-1
201542I303809,1,9,0,16,0,1,0,0,0,0,1,1,6,1,93,11,2401,2,9,-1,3,-1
201542I303809,2,9,0,17,0,1,0,0,0,0,4,1,6,1,48,8,1999,1,7,-1,1,-1
201542I303909,1,9,0,18,0,5,0,0,0,0,1,1,6,1,-1,-1,-1,-1,-1,-1,-1,-1
201542I304009,1,9,0,5,0,8,0,0,1,0,3,1,1,1,23,5,1796,1,11,-1,1,-1
201542I304009,2,9,0,18,0,1,1,0,0,0,1,1,6,1,42,7,1796,1,10,-1,1,-1
201542I304109,1,9,0,18,9,0,0,0,0,0,1,1,6,2,-1,-1,1596,1,11,-1,-1,-1
201542I304209,1,9,0,5,0,1,0,0,0,0,3,1,6,3,-1,-1,-1,-1,-1,-1,-1,-1
201542I304209,2,9,0,18,0,1,0,0,0,0,4,1,1,1,58,9,1299,1,15,-1,1,-1
201542I304309,1,9,0,7,0,1,1,10,3,11,3,1,6,1,25,5,1596,1,11,-1,1,-1
201542I304309,2,19,0,18,0,1,0,0,0,0,1,1,1,1,-1,-1,2198,2,-1,-1,-1,-1
201542I304406,1,9,0,18,0,0,0,0,0,0,1,1,2,1,27,6,1598,1,14,-1,2,-1
201542I304406,2,9,0,4,0,0,0,0,0,0,2,1,2,2,19,4,-1,-1,-1,-1,1,-1
201542I304509,1,9,0,4,0,0,0,0,0,0,1,1,1,1,30,6,1968,2,2,-1,1,-1
201542I304509,2,9,0,4,0,0,0,0,0,0,2,1,6,1,45,7,1798,1,8,-1,1,-1
201542I304609,1,1,0,18,0,1,0,0,0,0,0,1,6,1,14,3,-1,-1,-1,-1,1,-1
201542I304709,1,19,0,3,0,0,0,0,0,0,1,1,1,1,-1,-1,1896,2,10,-1,-1,-1
201542I304709,2,9,0,3,0,0,0,0,0,0,2,1,1,1,48,8,1895,1,16,-1,1,-1
201542I304809,1,9,0,18,0,2,0,0,0,0,1,1,6,1,36,7,1997,2,10,-1,1,-1
201542I304809,2,9,0,18,0,2,0,0,0,0,2,1,6,1,75,10,2521,1,6,-1,1,-1
201542I304909,1,9,0,11,0,8,0,0,0,0,1,1,6,1,-1,-1,1242,1,5,-1,-1,-1
201542I304909,2,9,0,18,0,8,0,0,0,0,3,1,6,1,36,7,1896,2,9,-1,1,-1
201542I305109,1,9,0,18,0,8,0,0,0,0,1,1,6,2,18,4,1229,1,5,-1,1,-1
201542I305109,2,9,0,18,0,8,0,0,0,0,1,1,6,2,39,7,1997,1,3,-1,1,-1
201542I305209,1,9,0,11,0,0,5,0,1,9,0,1,6,2,38,7,1000,1,1,-1,3,-1
201542I305309,1,9,0,9,0,8,0,0,0,0,1,1,1,1,42,7,1598,1,13,-1,2,-1
201542I305309,2,3,0,18,0,1,0,0,0,0,1,1,1,1,61,9,125,1,-1,-1,1,-1
201542I305409,1,9,0,18,0,0,0,4,0,0,1,1,6,1,59,9,2496,1,13,-1,2,-1
201542I305409,2,21,0,2,9,0,0,0,0,0,2,1,1,3,-1,-1,4461,2,4,-1,-1,-1
201542I305509,1,9,0,18,0,0,0,0,0,0,4,1,2,2,42,7,1951,2,14,-1,1,-1
201542I305609,1,1,0,18,0,2,0,0,0,0,1,1,6,1,46,8,-1,-1,-1,-1,1,-1
201542I305609,2,9,0,5,0,2,0,0,0,0,3,1,2,2,46,8,1364,1,6,-1,1,-1
201542I305809,1,21,1,18,0,0,1,0,0,0,1,1,1,1,43,7,11967,2,3,-1,3,-1
201542I305809,2,9,0,18,0,0,0,0,0,0,3,1,6,1,70,10,1596,1,13,-1,1,-1