Accident_Index,Vehicle_Reference,Vehicle_Type,Towing_and_Articulation,Vehicle_Manoeuvre,Vehicle_Location-Restricted_Lane,Junction_Location,Skidding_and_Overturning,Hit_Object_in_Carriageway,Vehicle_Leaving_Carriageway,Hit_Object_off_Carriageway,1st_Point_of_Impact,Was_Vehicle_Left_Hand_Drive?,Journey_Purpose_of_Driver,Sex_of_Driver,Age_of_Driver,Age_Band_of_Driver,Engine_Capacity_(CC),Propulsion_Code,Age_of_Vehicle,Driver_IMD_Decile,Driver_Home_Area_Type,Vehicle_IMD_Decile
201542I305909,1,9,0,9,0,1,0,0,0,0,3,1,6,1,-1,-1,-1,-1,-1,-1,-1,-1
201542I305909,2,1,0,17,0,1,0,0,0,0,1,1,6,1,35,6,-1,-1,-1,-1,1,-1
201542I306009,1,9,0,18,0,1,0,0,0,0,1,1,6,1,48,8,2902,2,11,-1,1,-1
201542I306009,2,9,0,18,0,1,0,0,0,0,2,1,6,1,41,7,1560,2,1,-1,1,-1
201542I306109,1,5,0,17,0,0,1,0,1,1,1,1,2,1,41,7,644,1,7,-1,3,-1
201542I306209,1,9,0,4,0,1,0,0,0,0,2,1,6,2,40,7,1598,1,6,-1,1,-1
201542I306209,2,9,0,4,0,1,0,0,0,0,1,1,6,2,-1,-1,-1,-1,-1,-1,1,-1
201542I306209,3,9,0,4,0,1,1,0,0,0,1,1,1,2,38,7,1796,1,10,-1,1,-1
201542I306309,1,9,0,18,0,1,0,0,1,4,4,1,6,1,62,9,799,2,4,-1,2,-1
201542I306409,1,9,0,18,0,6,0,0,0,0,1,1,6,3,-1,-1,-1,-1,-1,-1,-1,-1
201542I306509,1,19,0,13,0,8,0,0,0,0,1,1,1,1,38,7,1560,2,9,-1,-1,-1
201542I306509,2,20,0,18,0,8,0,0,1,0,2,2,1,1,54,8,-1,-1,-1,-1,1,-1
201542I306609,1,90,0,18,0,1,0,0,0,0,1,1,6,3,-1,-1,-1,-1,-1,-1,-1,-1
201542I306609,2,1,0,9,0,1,0,0,0,0,2,1,6,1,32,6,-1,-1,-1,-1,1,-1
201542I306709,1,9,0,3,0,0,0,0,0,0,2,1,6,1,-1,-1,-1,-1,-1,-1,-1,-1
201542I306709,2,9,0,3,0,0,0,0,0,0,2,1,1,2,54,8,1598,1,8,-1,1,-1
201542I306809,1,9,0,9,0,6,0,0,1,0,3,1,1,1,27,6,1388,1,6,-1,1,-1
201542I306809,2,19,0,18,0,1,0,0,0,0,1,1,1,1,31,6,1968,2,-1,-1,1,-1
201542I307109,1,9,0,18,0,7,0,0,0,0,1,1,6,2,41,7,1995,2,5,-1,1,-1
201542I307109,2,9,0,18,0,7,0,0,0,0,1,1,6,1,39,7,1951,2,15,-1,1,-1
201542I307109,3,9,0,4,0,7,0,0,0,0,2,1,6,2,48,8,1364,1,6,-1,1,-1
201542I307209,1,9,0,4,0,7,0,0,0,0,2,1,6,1,41,7,3199,1,12,-1,1,-1
201542I307209,2,9,0,4,0,7,0,0,0,0,1,1,6,1,46,8,1388,1,3,-1,1,-1
201542I307209,3,9,0,18,0,7,0,0,0,0,1,1,6,1,24,5,1299,1,14,-1,1,-1
201542I307309,1,9,0,18,0,0,5,0,0,0,4,1,6,2,42,7,1796,1,15,-1,-1,-1
201542I307409,1,9,0,15,0,0,0,0,0,11,2,1,6,2,19,4,995,1,11,-1,-1,-1
201542I307409,2,9,0,18,0,0,0,0,0,0,1,1,1,1,39,7,1969,2,1,-1,1,-1
201542I307509,1,9,0,5,0,4,0,0,0,0,1,1,6,1,81,11,1560,2,8,-1,2,-1
201542I307509,2,9,0,18,0,3,0,0,0,0,4,1,6,1,25,5,1783,1,11,-1,1,-1
201542I307609,1,9,0,9,0,1,0,0,0,0,1,1,2,1,30,6,1299,1,8,-1,1,-1
201542I307709,1,9,0,3,0,4,0,0,0,0,1,1,6,1,50,8,1997,2,12,-1,1,-1
201542I307709,2,9,0,3,0,4,0,0,0,0,2,1,6,3,-1,-1,-1,-1,-1,-1,-1,-1
201542I307809,1,9,0,4,0,1,0,0,0,0,3,1,6,2,33,6,1596,1,10,-1,1,-1
201542I307909,1,9,0,18,0,1,0,0,0,0,1,1,6,1,27,6,1400,1,15,-1,1,-1
201542I307909,2,19,0,18,0,8,0,0,0,0,4,1,6,2,46,8,2148,2,9,-1,1,-1
201542I308009,1,9,0,7,0,4,0,0,0,0,1,1,6,2,-1,-1,1997,2,1,-1,-1,-1
201542I308009,2,1,0,7,0,4,0,0,0,0,4,1,6,1,40,7,-1,-1,-1,-1,1,-1
201542I308108,1,9,0,18,0,0,0,0,0,0,1,1,6,3,-1,-1,-1,-1,-1,-1,-1,-1
201542I308108,2,9,0,18,0,0,1,0,8,4,1,1,2,1,30,6,1998,1,13,-1,1,-1
201542I308209,1,9,0,9,0,1,0,0,0,0,0,1,6,1,-1,-1,-1,-1,-1,-1,-1,-1
201542I308309,1,1,0,14,0,3,0,0,0,0,1,1,2,1,74,10,-1,-1,-1,-1,1,-1
201542I308309,2,21,1,2,6,2,0,0,0,0,2,1,6,1,56,9,7146,2,7,-1,-1,-1
201542I308406,1,9,0,18,0,0,1,0,1,3,2,1,6,1,34,6,1598,1,9,-1,1,-1
201542I308506,1,9,0,12,0,4,0,0,0,0,3,1,6,1,56,9,1598,1,13,-1,1,-1
201542I308506,2,5,0,18,0,8,0,0,4,7,4,1,6,2,52,8,1450,1,11,-1,1,-1
201542I308610,1,9,0,18,0,1,0,0,0,0,1,1,1,2,18,4,1299,1,10,-1,1,-1
201542I308610,2,9,0,3,0,1,0,0,0,0,2,1,1,2,34,6,-1,-1,-1,-1,1,-1
201542I308709,1,9,0,3,9,2,0,0,1,11,4,1,6,2,71,10,1582,2,2,-1,2,-1
201542I308809,1,9,0,18,0,0,0,0,1,0,1,1,6,1,27,6,1242,1,14,-1,2,-1
201542I308809,2,1,0,18,9,0,0,0,0,0,1,1,6,1,6,2,-1,-1,-1,-1,2,-1
201542I308910,1,9,0,4,0,8,0,0,0,0,1,1,6,1,75,10,1753,2,12,-1,1,-1
201542I308910,2,3,0,3,0,8,0,0,0,0,2,1,6,1,20,4,124,1,5,-1,1,-1
201542I309009,1,9,0,18,0,0,1,0,0,0,1,1,6,1,39,7,-1,-1,-1,-1,2,-1
201542I309009,2,9,0,4,0,0,0,0,0,0,2,1,6,2,34,6,2143,2,1,-1,1,-1
201542I309009,3,9,0,4,0,0,0,0,0,0,2,1,6,1,19,4,796,1,5,-1,1,-1
201542I309009,4,9,0,4,0,0,0,0,0,0,2,1,6,2,62,9,1598,1,9,-1,1,-1
201542I309009,5,9,0,4,0,0,0,0,0,0,2,1,6,2,49,8,1399,2,3,-1,2,-1
201542I309109,1,9,0,18,0,0,0,0,0,0,1,1,6,3,-1,-1,-1,-1,-1,-1,-1,-1
201542I309209,1,9,0,18,0,1,0,0,0,0,1,1,6,1,50,8,-1,-1,-1,-1,-1,-1
201542I309310,1,8,0,9,0,1,1,0,0,0,1,1,1,1,52,8,1997,2,7,-1,1,-1
201542I309310,2,5,0,18,0,8,1,0,0,0,4,1,2,1,48,8,1137,1,15,-1,1,-1
201542I309410,1,9,0,5,0,6,0,0,0,0,1,1,6,2,17,4,998,1,8,-1,-1,-1
201542I309410,2,8,0,18,0,1,0,0,0,0,1,1,6,1,58,9,1997,2,10,-1,-1,-1
201542I309510,1,9,0,9,0,1,0,0,0,0,4,1,6,1,29,6,1360,1,12,-1,1,-1
201542I309510,2,3,0,18,0,1,1,11,0,0,1,1,6,1,24,5,125,1,10,-1,1,-1
201542I309709,1,9,0,4,0,1,0,0,0,0,1,1,6,1,48,8,2993,2,5,-1,1,-1
201542I309709,2,9,0,4,0,1,0,0,0,0,2,1,6,1,55,8,1796,1,10,-1,1,-1
201542I309809,1,21,1,16,0,0,1,0,0,0,0,1,1,1,51,8,12600,2,13,-1,1,-1
201542I309809,2,11,0,17,0,0,0,0,0,0,1,1,1,1,43,7,9000,2,16,-1,1,-1
201542I309909,1,9,0,9,0,6,0,0,0,0,4,1,6,2,18,4,1390,1,10,-1,1,-1
201542I309909,2,9,0,18,0,1,0,0,0,0,1,1,6,2,42,7,2987,2,1,-1,2,-1
201542I310010,1,9,0,7,0,8,0,0,0,0,4,1,6,2,35,6,-1,-1,-1,-1,2,-1
201542I310010,2,3,0,18,0,1,1,4,0,0,1,1,6,1,23,5,124,1,12,-1,1,-1
201542I310010,3,9,0,2,0,2,0,0,0,0,3,1,6,3,-1,-1,1461,2,4,-1,-1,-1
201542I310109,1,9,0,18,0,0,0,0,0,0,1,1,6,2,91,11,1390,1,8,-1,2,-1
201542I310209,1,9,0,4,0,0,0,0,0,0,1,1,6,2,30,6,1596,1,4,-1,1,-1
201542I310209,2,9,0,18,0,0,0,0,0,0,2,1,6,1,47,8,1995,2,12,-1,2,-1
201542I310310,1,9,0,18,0,1,0,0,1,4,1,1,6,1,24,5,1956,2,3,-1,2,-1
201542I310410,1,9,0,9,0,1,0,0,7,0,1,1,1,2,42,7,-1,-1,-1,-1,2,-1
201542I310410,2,1,0,18,0,1,0,0,0,0,4,1,6,1,30,6,-1,-1,-1,-1,1,-1
201542I310509,1,21,1,9,0,1,0,0,0,0,3,2,1,1,43,7,-1,-1,-1,-1,-1,-1
201542I310509,2,9,0,7,0,1,0,0,0,0,4,1,6,2,64,9,1798,1,9,-1,1,-1
201542I310609,1,9,0,9,0,8,0,0,0,0,1,1,6,2,27,6,1364,1,11,-1,1,-1
201542I310609,2,1,0,18,0,8,0,0,0,0,3,1,6,1,75,10,-1,-1,-1,-1,1,-1
201542I310710,1,9,0,15,0,0,0,0,0,0,1,1,6,1,59,9,995,1,10,-1,2,-1
201542I310809,1,9,0,18,0,0,0,0,0,0,0,1,6,2,77,11,1398,2,13,-1,1,-1
201542I310910,1,9,0,9,0,6,0,0,0,0,3,1,6,2,46,8,998,1,1,-1,2,-1
201542I310910,2,3,0,18,0,1,0,0,0,0,1,1,6,1,17,4,124,1,-1,-1,2,-1
201542I311010,1,9,0,7,0,6,0,0,1,0,3,1,6,2,36,7,1388,1,16,-1,2,-1
201542I311010,2,9,0,18,0,8,0,0,1,0,1,1,6,1,78,11,1753,2,11,-1,1,-1
201542I311209,1,9,0,11,0,0,1,0,1,4,4,1,1,1,38,7,1834,1,16,-1,1,-1
201542I311209,2,21,1,18,0,0,1,0,0,0,3,2,1,1,24,5,-1,-1,-1,-1,-1,-1
201542I311309,1,5,0,18,0,0,1,0,1,4,1,1,6,1,36,7,1052,1,22,-1,1,-1
201542I311409,1,5,0,18,0,1,1,0,1,0,1,1,6,1,24,5,599,1,7,-1,1,-1
201542I311409,2,9,0,18,0,1,0,0,0,0,2,1,6,1,47,8,1390,1,15,-1,1,-1
201542I311509,1,9,0,18,0,8,1,0,1,4,3,1,6,1,83,11,1998,2,10,-1,1,-1
201542I311509,2,21,1,18,0,8,0,0,0,0,4,1,1,1,54,8,12777,2,5,-1,-1,-1
201542I311609,1,9,0,8,0,1,0,0,0,0,1,1,6,2,79,11,998,1,15,-1,1,-1
201542I311609,2,11,0,14,0,1,0,0,0,0,3,1,6,1,38,7,4250,2,13,-1,1,-1
201542I311709,1,3,0,4,0,1,1,0,0,0,0,1,6,1,29,6,125,1,11,-1,3,-1
201542I311709,2,9,0,7,0,8,0,0,0,0,0,1,6,3,-1,-1,-1,-1,-1,-1,-1,-1
201542I311810,1,3,0,18,0,0,0,0,0,0,1,1,6,1,24,5,125,1,-1,-1,1,-1
201542I311910,1,5,0,16,0,0,1,0,0,0,3,1,6,1,59,9,998,1,7,-1,1,-1
201542I311910,2,9,0,17,0,0,0,0,1,0,3,1,6,2,43,7,1753,2,7,-1,3,-1
201542I311910,3,9,0,17,0,0,1,0,1,0,1,1,6,1,49,8,1686,2,11,-1,3,-1
201542I312109,1,9,0,18,0,0,0,0,7,11,1,1,6,2,61,9,-1,-1,-1,-1,1,-1
201542I312209,1,9,0,3,0,3,0,0,0,0,1,1,6,2,-1,-1,2435,1,16,-1,-1,-1
201542I312209,2,9,0,3,0,3,0,0,0,0,2,1,6,1,36,7,1364,1,-1,-1,1,-1
201542I312310,1,9,0,9,0,1,0,0,0,0,1,1,1,2,-1,-1,796,1,7,-1,-1,-1
201542I312310,2,9,0,18,0,6,0,0,0,0,4,1,1,2,18,4,1061,1,10,-1,1,-1
201542I312410,1,8,0,18,0,0,0,0,0,0,1,1,2,1,-1,-1,-1,-1,-1,-1,-1,-1
201542I312410,2,9,0,3,0,0,0,0,0,0,2,1,6,2,22,5,1242,1,2,-1,1,-1
201542I312410,3,9,0,3,0,0,0,0,0,0,2,1,6,1,-1,-1,1596,1,9,-1,-1,-1
201542I312509,1,9,0,18,0,4,0,0,0,0,4,1,6,3,-1,-1,-1,-1,-1,-1,-1,-1
201542I312509,2,1,0,18,0,1,0,0,0,0,4,1,6,1,50,8,-1,-1,-1,-1,1,-1
201542I312710,1,9,0,10,0,8,0,0,0,0,1,1,6,2,44,7,1395,1,1,-1,3,-1
201542I312710,2,9,0,18,0,8,0,0,0,0,4,1,6,1,-1,-1,1388,1,6,-1,2,-1
201542I312810,1,9,0,9,0,2,0,0,0,0,1,1,6,1,44,7,1968,2,-1,-1,1,-1
201542I312810,2,9,0,18,0,1,0,0,0,0,3,1,6,2,41,7,1598,1,10,-1,1,-1
201542I312910,1,9,0,17,0,0,0,0,0,0,1,1,6,2,33,6,1360,1,10,-1,1,-1
201542I312910,2,9,0,2,0,0,0,0,0,0,4,1,6,3,-1,-1,1997,2,10,-1,1,-1
201542I313009,1,9,0,9,0,8,0,0,0,0,3,1,6,2,78,11,998,1,1,-1,3,-1
201542I313009,2,9,0,18,0,8,0,0,0,0,1,1,6,2,17,4,1086,1,9,-1,1,-1
201542I313110,1,9,0,7,0,6,0,0,0,0,1,1,6,1,61,9,1973,1,17,-1,1,-1
201542I313110,2,1,0,18,0,8,0,0,0,0,4,1,6,1,26,6,-1,-1,-1,-1,-1,-1
201542I313209,1,9,0,6,0,0,0,0,0,0,1,1,6,1,53,8,3956,1,15,-1,3,-1
201542I313209,2,5,0,13,0,0,1,0,0,0,4,1,2,1,53,8,865,1,3,-1,1,-1
201542I313310,1,9,0,13,0,8,1,0,1,11,4,1,6,1,19,4,1995,2,12,-1,1,-1
201542I313310,2,9,0,10,0,8,0,0,0,0,3,1,6,1,59,9,-1,-1,-1,-1,-1,-1
201542I313310,3,9,0,18,0,2,0,0,1,11,2,1,6,1,-1,-1,1560,2,8,-1,1,-1
201542I313409,1,9,0,18,0,0,0,0,0,0,1,1,6,1,24,5,1598,2,1,-1,1,-1
201542I313409,2,9,0,18,0,0,0,0,0,0,1,1,6,1,25,5,1149,1,12,-1,1,-1
201542I313509,1,9,0,1,0,1,0,0,0,0,2,1,6,1,-1,-1,-1,-1,-1,-1,-1,-1
201542I313610,1,5,0,18,0,1,1,0,0,0,1,1,1,1,30,6,-1,-1,-1,-1,-1,-1
201542I313610,2,9,0,9,0,5,0,0,0,0,3,1,1,2,25,5,1149,1,5,-1,-1,-1
201542I313710,1,9,0,3,0,2,0,0,0,0,1,1,6,2,52,8,-1,-1,-1,-1,1,-1
201542I313810,1,9,0,5,0,2,0,0,0,0,1,1,2,2,47,8,1596,1,5,-1,1,-1
201542I313810,2,9,0,18,0,8,0,0,0,0,4,1,3,2,35,6,1360,1,13,-1,1,-1
201542I313909,1,11,0,17,0,0,0,0,0,0,1,1,1,1,39,7,-1,2,13,-1,1,-1
201542I314010,1,9,0,18,0,6,0,0,0,0,3,1,6,2,43,7,1299,1,10,-1,1,-1
201542I314010,2,9,0,18,0,8,1,0,0,0,1,1,6,1,19,4,4398,1,13,-1,1,-1
201542I314109,1,9,0,18,0,1,0,0,0,0,1,1,6,1,-1,-1,2993,2,4,-1,1,-1
201542I314109,2,1,0,7,0,1,0,0,0,0,3,1,6,1,50,8,-1,-1,-1,-1,-1,-1
201542I314210,1,9,0,18,0,1,0,0,0,0,1,1,6,1,36,7,-1,-1,-1,-1,1,-1
201542I314210,2,1,0,18,0,1,0,0,0,0,3,1,6,1,13,3,-1,-1,-1,-1,1,-1
201542I314310,1,9,0,9,0,8,0,0,0,0,1,1,6,2,64,9,1794,1,14,-1,1,-1
201542I314310,2,9,0,18,0,8,0,0,0,0,2,1,6,2,68,10,1840,1,18,-1,1,-1
201542I314410,1,19,0,11,0,0,0,0,0,0,4,1,6,1,23,5,1998,2,13,-1,1,-1
201542I314410,2,5,0,18,0,0,0,0,0,0,3,1,6,1,46,8,998,1,8,-1,1,-1
201542I314507,1,9,0,18,0,0,0,0,0,0,3,1,6,2,78,11,1242,1,1,-1,1,-1
201542I314507,2,19,0,13,0,0,0,0,0,0,4,1,6,3,-1,-1,-1,-1,-1,-1,-1,-1
201542I314607,1,9,0,18,0,0,2,0,7,9,1,1,6,1,28,6,1560,2,6,-1,2,-1
201542I314709,1,9,4,18,0,0,3,0,1,0,0,1,6,2,53,8,2495,2,14,-1,1,-1
201542I314809,1,9,0,4,0,1,0,0,0,0,1,1,6,2,49,8,3200,1,14,-1,1,-1
201542I314809,2,8,0,4,0,1,0,0,0,0,2,1,1,1,54,8,-1,-1,-1,-1,-1,-1
201542I314809,3,9,0,4,0,1,0,0,0,0,2,1,1,1,36,7,2987,2,7,-1,3,-1
201542I314809,4,9,0,4,0,1,0,0,0,0,2,1,1,1,33,6,2143,12,2,-1,-1,-1
201542I314910,1,9,0,11,0,0,0,0,0,0,0,1,6,1,-1,-1,-1,-1,-1,-1,-1,-1
201542I314910,2,4,0,18,0,0,1,0,0,0,4,1,1,1,38,7,-1,-1,-1,-1,2,-1
201542I315010,1,5,0,18,0,1,1,0,0,0,0,1,6,1,57,9,1215,1,2,-1,1,-1
201542I315110,1,9,0,18,0,0,0,0,1,4,1,1,6,1,68,10,1199,1,15,-1,1,-1
201542I315210,1,4,0,7,0,1,1,0,0,0,4,1,6,1,24,5,-1,-1,-1,-1,1,-1
201542I315210,2,9,0,2,0,1,0,0,0,0,2,1,6,3,-1,-1,2993,2,9,-1,-1,-1
201542I315310,1,9,0,5,0,1,0,0,0,0,1,1,6,2,28,6,-1,-1,-1,-1,3,-1
201542I315310,2,9,0,3,0,2,0,0,0,0,2,1,6,2,26,6,1229,1,1,-1,1,-1
201542I315410,1,9,0,18,0,0,1,0,1,0,0,1,6,1,38,7,2499,1,-1,-1,1,-1
201542I315410,2,9,0,4,0,0,0,0,0,9,0,1,6,1,55,8,1240,1,11,-1,2,-1
201542I315510,1,9,0,18,0,1,2,0,1,4,3,1,6,1,21,5,-1,-1,-1,-1,1,-1
201542I315610,1,9,0,15,0,8,0,0,0,0,4,1,6,1,27,6,1360,1,15,-1,1,-1
201542I315610,2,1,0,15,0,8,0,0,0,0,3,1,6,1,20,4,-1,-1,-1,-1,1,-1
201542I315710,1,1,0,18,0,1,0,0,0,0,3,1,6,1,14,3,-1,-1,-1,-1,1,-1
201542I315710,2,9,0,18,0,1,0,0,0,0,1,1,6,2,24,5,1242,1,1,-1,2,-1
201542I315810,1,9,0,18,0,1,0,0,0,0,1,1,6,1,-1,-1,1753,2,11,-1,-1,-1
201542I315810,2,9,0,3,0,1,0,0,0,0,2,1,6,2,31,6,1598,1,4,-1,1,-1
201542I315910,1,9,0,5,0,4,0,0,0,0,1,1,6,1,55,8,1870,2,11,-1,1,-1
201542I315910,2,9,0,3,0,4,0,0,0,0,2,1,6,2,30,6,1598,1,4,-1,1,-1
201542I316010,1,5,0,5,0,1,0,0,0,0,3,1,1,1,56,9,599,1,19,-1,1,-1
201542I316010,2,9,0,18,0,1,0,0,0,0,3,2,2,2,45,7,1598,1,12,-1,1,-1
201542I316110,1,5,0,18,0,8,0,0,0,0,3,1,2,1,33,6,600,1,14,-1,1,-1
201542I316110,2,9,0,7,0,5,0,0,0,0,4,1,6,2,49,8,1596,1,11,-1,-1,-1
201542I316210,1,9,0,18,0,0,0,0,0,0,1,1,6,2,37,7,1242,1,12,-1,1,-1
201542I316210,2,9,0,4,0,0,0,0,0,0,2,1,6,2,34,6,1997,2,-1,-1,1,-1
201542I316310,1,9,0,5,0,4,0,0,0,0,1,1,1,1,31,6,1596,1,11,-1,1,-1
201542I316310,2,9,0,3,0,4,0,0,0,0,2,1,6,2,66,10,1798,1,5,-1,1,-1
201542I316409,1,9,0,7,0,4,0,0,0,0,4,1,6,2,57,9,1968,2,3,-1,3,-1
201542I316409,2,2,0,7,0,3,0,0,0,0,3,1,6,1,16,4,50,1,2,-1,1,-1
201542I316510,1,9,0,3,0,1,0,0,0,0,1,1,6,2,-1,-1,-1,-1,-1,-1,-1,-1
201542I316510,2,1,0,18,0,1,0,0,0,0,4,1,2,1,21,5,-1,-1,-1,-1,1,-1
201542I316810,1,9,0,4,0,0,0,0,0,0,1,1,2,2,30,6,1497,8,7,-1,1,-1
201542I316810,2,21,1,4,0,0,0,0,0,0,2,1,1,1,43,7,11946,2,3,-1,1,-1
201542I316910,1,98,1,18,0,0,0,0,0,0,3,1,6,1,-1,-1,-1,-1,-1,-1,-1,-1
201542I316910,2,16,0,18,0,0,0,0,0,0,0,1,6,2,17,4,-1,-1,-1,-1,3,-1
201542I316910,3,16,0,18,0,0,0,0,0,0,0,1,6,2,23,5,-1,-1,-1,-1,-1,-1
201542I317010,1,8,0,10,0,1,0,0,0,0,3,1,1,1,-1,-1,-1,-1,-1,-1,-1,-1
201542I317010,2,1,0,18,0,8,1,0,0,0,4,1,6,1,58,9,-1,-1,-1,-1,3,-1
201542I317210,1,9,0,3,0,1,0,0,0,0,1,1,1,1,-1,-1,-1,-1,-1,-1,2,-1
201542I317210,2,9,0,3,0,1,0,0,0,0,2,1,1,2,26,6,1399,2,13,-1,1,-1
201542I317310,1,9,0,18,0,8,0,0,0,0,3,1,6,2,50,8,1598,1,9,-1,1,-1
201542I317310,2,9,0,18,0,8,0,0,0,0,4,1,6,2,66,10,2000,2,10,-1,1,-1
201542I317410,1,9,0,4,0,8,0,0,0,0,1,1,6,2,21,5,1400,1,15,-1,1,-1
201542I317410,2,9,0,18,0,8,0,0,7,0,4,1,6,2,24,5,1400,1,15,-1,1,-1
201542I317510,1,19,0,18,0,0,0,0,0,0,4,1,1,1,-1,-1,1968,2,1,-1,-1,-1
201542I317610,1,9,0,17,0,0,1,0,8,3,1,1,1,1,18,4,1149,1,13,-1,3,-1
201542I317706,1,21,1,18,0,0,0,0,0,0,0,1,6,1,-1,-1,-1,-1,-1,-1,-1,-1
201542I317810,1,1,0,8,0,1,0,0,0,0,1,1,6,1,50,8,-1,-1,-1,-1,1,-1
201542I317810,2,9,0,8,0,1,0,0,0,0,2,1,6,1,38,7,1798,1,5,-1,1,-1
201542I318010,1,9,0,18,0,0,0,0,0,0,1,1,6,1,57,9,-1,-1,-1,-1,1,-1
201542I318010,2,19,0,18,0,0,0,0,0,0,1,1,6,1,56,9,2198,2,2,-1,2,-1
201542I318010,3,9,0,18,0,0,0,0,0,0,2,1,6,1,50,8,1910,2,9,-1,2,-1
201542I318110,1,21,1,11,0,0,0,0,0,0,0,1,1,1,68,10,10837,2,7,-1,1,-1
201542I318110,2,9,0,18,0,0,0,0,0,0,4,1,1,1,53,8,1997,2,2,-1,-1,-1
201542I318110,3,5,0,18,0,0,1,0,0,0,3,1,1,1,40,7,1170,1,4,-1,1,-1
201542I318210,1,19,0,18,0,0,0,0,0,0,1,1,1,1,47,8,1560,2,1,-1,1,-1
201542I318210,2,9,0,3,0,0,0,0,0,0,2,1,6,2,51,8,1560,2,2,-1,-1,-1
201542I318210,3,9,0,4,0,0,0,0,0,0,3,1,2,1,44,7,1896,2,8,-1,2,-1
201542I318310,1,9,0,4,0,1,0,7,2,7,1,1,6,2,80,11,-1,-1,-1,-1,1,-1
201542I318310,2,19,0,4,0,1,0,0,0,0,3,1,6,1,73,10,-1,-1,-1,-1,1,-1
201542I318410,1,19,0,16,0,0,0,0,7,4,3,1,1,1,28,6,2143,2,2,-1,1,-1
201542I318510,1,22,0,18,9,1,0,0,0,0,1,1,6,1,75,10,-1,-1,-1,-1,-1,-1
201542I318610,1,3,0,14,0,8,0,0,0,0,1,1,6,1,18,4,125,1,1,-1,1,-1
201542I318610,2,9,0,3,0,8,0,0,0,0,2,1,6,1,58,9,1364,1,7,-1,1,-1
201542I318710,1,9,0,3,0,1,0,0,0,0,1,1,6,2,-1,-1,-1,-1,-1,-1,-1,-1
201542I318710,2,9,0,3,0,1,0,0,0,0,2,1,6,2,47,8,973,1,13,-1,1,-1
201542I318710,3,9,0,3,0,1,0,0,0,0,2,1,6,1,-1,-1,-1,-1,-1,-1,-1,-1
201542I318810,1,9,0,13,0,0,0,0,0,0,4,1,6,3,-1,-1,-1,-1,-1,-1,-1,-1
201542I318810,2,1,0,18,0,0,1,0,0,0,1,1,6,1,28,6,-1,-1,-1,-1,1,-1
201542I318910,1,9,0,16,0,0,0,0,0,0,3,1,2,2,20,4,1198,1,4,-1,3,-1
201542I318910,2,11,0,17,0,0,0,0,0,0,3,1,1,2,28,6,5900,2,12,-1,2,-1
201542I318910,3,9,0,17,0,0,0,0,1,4,4,1,2,1,39,7,2495,2,18,-1,3,-1
201542I318910,4,9,0,16,0,0,0,0,0,0,1,1,2,2,50,8,2143,2,6,-1,1,-1
201542I319010,1,9,0,1,0,1,0,0,0,0,2,1,6,2,26,6,1198,1,5,-1,1,-1
201542I319010,2,9,0,2,0,1,0,0,0,0,2,1,6,3,-1,-1,-1,-1,-1,-1,-1,-1
201542I319109,1,9,0,6,0,1,0,0,0,0,3,1,6,1,21,5,2987,2,9,-1,1,-1
201542I319109,2,4,0,13,0,1,1,0,0,0,1,1,6,1,-1,-1,1284,1,8,-1,2,-1
201542I319210,1,9,0,3,0,1,0,0,0,0,1,1,1,1,44,7,2993,2,1,-1,3,-1
201542I319210,2,9,0,3,0,1,0,0,0,0,2,1,2,2,42,7,1984,1,12,-1,1,-1
201542I319310,1,9,0,13,0,0,5,0,0,0,4,1,6,1,41,7,2967,1,10,-1,1,-1
201542I319410,1,9,0,5,0,1,0,0,0,0,1,1,6,2,79,11,1248,1,2,-1,-1,-1
201542I319410,2,3,0,18,0,1,0,0,0,0,1,1,6,1,17,4,124,1,-1,-1,1,-1
201542I319509,1,21,1,12,0,0,0,0,0,0,3,2,1,1,58,9,-1,-1,-1,-1,-1,-1
201542I319509,2,9,0,18,0,0,1,0,0,0,4,1,6,1,45,7,1995,2,4,-1,1,-1
201542I319610,1,4,0,18,0,8,0,0,0,0,1,1,6,1,16,4,125,1,-1,-1,1,-1
201542I319610,2,9,0,9,0,5,0,0,0,0,1,1,6,2,63,9,1997,2,-1,-1,3,-1
201542I319709,1,9,0,16,0,0,0,0,0,0,1,1,6,2,30,6,1598,1,13,-1,3,-1
201542I319709,2,20,0,17,0,0,0,0,0,0,1,1,1,1,56,9,-1,-1,-1,-1,1,-1
201542I319809,1,9,0,9,0,8,0,0,0,0,4,1,6,1,24,5,1896,2,12,-1,3,-1
201542I319809,2,2,0,18,0,8,0,0,0,0,1,1,6,1,17,4,-1,-1,-1,-1,1,-1
201542I320008,1,9,0,4,0,0,1,0,0,0,1,1,6,2,24,5,1598,1,17,-1,1,-1
201542I320008,2,9,0,4,0,0,0,0,0,0,2,1,6,1,22,5,1997,2,4,-1,1,-1
201542I320008,3,9,0,4,0,0,0,0,0,0,2,1,6,2,35,6,1398,2,2,-1,1,-1
201542I320008,4,9,0,2,0,0,0,0,0,0,0,1,6,2,-1,-1,1397,1,15,-1,1,-1
201542I320109,1,9,0,4,0,0,1,0,0,0,2,1,6,2,27,6,1995,2,1,-1,3,-1
201542I320109,2,1,0,18,0,0,0,0,0,0,1,1,6,1,54,8,-1,-1,-1,-1,1,-1