Accident_Index,Vehicle_Reference,Vehicle_Type,Towing_and_Articulation,Vehicle_Manoeuvre,Vehicle_Location-Restricted_Lane,Junction_Location,Skidding_and_Overturning,Hit_Object_in_Carriageway,Vehicle_Leaving_Carriageway,Hit_Object_off_Carriageway,1st_Point_of_Impact,Was_Vehicle_Left_Hand_Drive?,Journey_Purpose_of_Driver,Sex_of_Driver,Age_of_Driver,Age_Band_of_Driver,Engine_Capacity_(CC),Propulsion_Code,Age_of_Vehicle,Driver_IMD_Decile,Driver_Home_Area_Type,Vehicle_IMD_Decile
201542I320109,3,1,0,18,0,0,0,0,0,0,1,1,6,1,68,10,-1,-1,-1,-1,-1,-1
201542I320210,1,8,0,5,0,0,0,0,0,0,4,1,1,1,44,7,1997,2,7,-1,1,-1
201542I320310,1,19,0,18,0,4,0,0,0,0,3,1,1,1,27,6,1753,2,12,-1,1,-1
201542I320310,2,1,0,18,0,8,1,0,0,0,4,1,6,1,64,9,-1,-1,-1,-1,1,-1
201542I320410,1,9,0,9,0,1,0,0,0,0,3,1,6,1,54,8,2982,2,-1,-1,1,-1
201542I320410,2,3,0,13,0,1,1,0,0,0,4,1,6,1,17,4,125,1,3,-1,1,-1
201542I320510,1,9,0,18,0,0,0,0,0,0,1,1,6,1,19,4,-1,-1,-1,-1,1,-1
201542I320510,2,9,0,18,0,0,0,0,0,0,2,1,6,2,19,4,1397,1,14,-1,1,-1
201542I320510,3,9,0,18,0,0,0,0,0,0,2,1,6,1,46,8,1396,1,13,-1,2,-1
201542I320510,4,9,0,18,0,0,0,0,0,0,2,1,6,2,25,5,2171,1,11,-1,2,-1
201542I320510,5,9,0,4,0,0,0,0,0,0,2,1,6,2,19,4,1248,2,4,-1,1,-1
201542I320610,1,9,0,3,0,0,0,0,0,0,1,1,6,1,-1,-1,1753,2,13,-1,-1,-1
201542I320610,2,9,0,3,0,0,0,0,0,0,2,1,6,1,55,8,1968,2,1,-1,1,-1
201542I320710,1,20,0,11,0,0,0,0,0,0,4,1,6,3,-1,-1,-1,-1,-1,-1,-1,-1
201542I320710,2,9,0,18,0,0,1,0,6,6,3,1,6,2,66,10,1527,2,19,-1,3,-1
201542I320810,1,9,0,18,0,2,0,0,0,0,1,1,6,2,-1,-1,-1,-1,-1,-1,-1,-1
201542I321010,1,9,0,18,0,1,0,0,0,0,1,1,6,2,32,6,1598,1,3,-1,1,-1
201542I321010,2,9,0,4,0,1,0,0,0,0,2,1,6,1,45,7,2494,1,13,-1,1,-1
201542I321010,3,9,0,10,0,1,0,0,0,0,2,1,6,2,52,8,1461,2,8,-1,1,-1
201542I321110,1,19,0,18,0,0,0,0,0,0,1,1,1,1,60,9,2143,2,4,-1,2,-1
201542I321110,2,9,0,18,0,0,0,0,1,0,2,1,1,1,26,6,1995,2,6,-1,1,-1
201542I321110,3,9,0,18,0,0,0,0,0,0,2,1,1,2,44,7,2993,2,4,-1,3,-1
201542I321310,1,9,0,3,0,1,0,0,0,0,1,1,6,2,71,10,998,1,6,-1,2,-1
201542I321310,2,1,0,18,0,1,0,0,0,0,3,1,6,1,20,4,-1,-1,-1,-1,1,-1
201542I321410,1,9,0,1,0,1,0,0,0,0,2,1,1,1,23,5,973,1,12,-1,1,-1
201542I321410,2,11,0,18,0,8,0,0,0,0,4,1,1,1,52,8,-1,2,16,-1,1,-1
201542I321609,1,9,0,18,0,0,0,0,0,0,1,1,1,2,33,6,2993,2,3,-1,-1,-1
201542I321609,2,9,0,4,0,0,0,0,0,0,2,1,1,2,38,7,1596,1,6,-1,1,-1
201542I321710,1,9,0,18,0,0,1,0,0,0,1,1,6,1,37,7,1999,1,5,-1,1,-1
201542I321710,2,9,0,4,0,0,0,0,0,0,2,1,6,1,25,5,2926,2,13,-1,1,-1
201542I321710,3,9,0,4,0,0,0,0,0,0,2,1,6,2,29,6,1390,1,6,-1,1,-1
201542I321810,1,19,0,18,0,3,0,0,0,0,1,1,1,1,30,6,2198,2,-1,-1,2,-1
201542I321810,2,1,0,5,0,4,0,0,0,0,3,1,2,1,23,5,-1,-1,-1,-1,1,-1
201542I321910,1,9,0,10,0,6,0,0,0,0,1,1,6,2,-1,-1,989,1,11,-1,1,-1
201542I321910,2,1,0,18,0,8,1,0,0,0,3,1,6,1,23,5,-1,-1,-1,-1,1,-1
201542I322210,1,9,0,9,0,1,0,0,0,0,1,1,6,2,65,9,1086,1,7,-1,3,-1
201542I322210,2,5,0,18,0,1,0,0,0,0,1,1,6,1,25,5,582,1,12,-1,3,-1
201542I322310,1,9,0,18,0,2,0,0,0,0,0,1,6,1,-1,-1,-1,-1,-1,-1,-1,-1
201542I322310,2,4,0,18,0,2,0,0,1,2,1,1,2,1,18,4,125,1,11,-1,-1,-1
201542I322410,1,9,0,9,0,4,0,0,0,0,3,1,6,2,68,10,1299,1,14,-1,3,-1
201542I322410,2,3,0,18,0,4,0,0,0,0,1,1,6,1,16,4,-1,-1,-1,-1,-1,-1
201542I322510,1,9,0,9,0,8,0,0,0,0,3,1,1,2,59,9,1794,1,14,-1,2,-1
201542I322510,2,9,0,18,0,1,0,0,0,0,1,1,1,1,34,6,1560,2,3,-1,1,-1
201542I322610,1,1,0,18,0,1,0,0,0,0,1,1,6,1,17,4,-1,-1,-1,-1,1,-1
201542I322610,2,9,0,3,0,1,0,0,0,0,2,1,6,2,58,9,1596,1,6,-1,1,-1
201542I322710,1,9,0,18,0,8,5,0,1,0,1,1,6,1,20,4,1461,2,10,-1,2,-1
201542I322710,2,9,0,18,0,8,0,0,0,0,3,1,6,1,19,4,1229,1,4,-1,3,-1
201542I322909,1,9,0,1,9,1,0,0,0,0,2,1,6,2,69,10,2261,1,13,-1,1,-1
201542I323010,1,9,0,16,0,0,0,0,0,0,3,1,6,2,32,6,2179,2,3,-1,3,-1
201542I323010,2,9,0,17,0,0,0,0,0,0,3,1,6,1,68,10,1956,2,-1,-1,3,-1
201542I323110,1,9,0,9,0,1,0,0,0,0,3,1,6,1,25,5,2993,2,-1,-1,2,-1
201542I323110,2,5,0,18,0,1,0,0,0,0,1,1,6,1,40,7,998,1,7,-1,1,-1
201542I323210,1,4,0,18,0,1,1,0,0,0,1,1,6,1,70,10,150,1,41,-1,1,-1
201542I323210,2,9,0,3,0,1,0,0,0,0,2,1,6,2,53,8,1339,1,10,-1,1,-1
201542I323310,1,9,0,18,0,0,0,0,0,0,1,1,6,1,51,8,1560,2,3,-1,1,-1
201542I323310,2,9,0,9,0,0,0,0,0,0,3,1,6,1,18,4,1598,2,3,-1,2,-1
201542I323410,1,9,0,9,0,8,0,0,0,0,2,1,6,1,25,5,1499,2,-1,-1,1,-1
201542I323410,2,9,0,18,0,1,0,0,0,0,1,1,6,2,52,8,4367,2,3,-1,3,-1
201542I323410,3,9,0,18,0,1,0,0,0,0,0,1,6,3,-1,-1,-1,-1,-1,-1,-1,-1
201542I323510,1,19,0,18,0,0,0,0,1,10,4,1,6,1,-1,-1,1399,2,6,-1,-1,-1
201542I323510,2,9,0,18,0,0,0,0,0,0,3,1,6,1,24,5,2171,1,11,-1,1,-1
201542I323510,3,9,0,2,6,0,0,0,0,0,0,1,6,3,-1,-1,1753,2,10,-1,-1,-1
201542I323610,1,9,0,18,0,3,0,0,0,0,4,1,6,1,-1,-1,1998,2,10,-1,1,-1
201542I323610,2,1,0,18,4,3,0,0,0,0,3,1,6,1,50,8,-1,-1,-1,-1,1,-1
201542I323710,1,9,0,9,0,6,0,0,0,0,1,1,1,1,93,11,1198,1,5,-1,1,-1
201542I323710,2,21,1,18,0,1,0,0,0,0,1,1,1,1,60,9,12777,2,7,-1,-1,-1
201542I323810,1,9,0,18,0,0,0,0,0,0,1,1,6,2,26,6,1248,1,2,-1,1,-1
201542I323810,2,9,0,3,0,0,0,0,0,0,2,1,6,1,69,10,998,1,2,-1,1,-1
201542I323810,3,9,0,3,0,0,0,0,0,0,2,1,6,2,55,8,1199,1,12,-1,1,-1
201542I323910,1,9,0,9,0,1,0,0,0,0,1,1,6,2,62,9,1986,2,9,-1,1,-1
201542I323910,2,1,0,18,0,1,0,0,0,0,3,1,6,2,62,9,-1,-1,-1,-1,1,-1
201542I324010,1,9,0,18,0,1,0,0,0,0,4,1,6,2,-1,-1,-1,-1,-1,-1,-1,-1
201542I324110,1,3,0,18,0,1,0,0,0,0,1,1,1,1,18,4,125,1,3,-1,2,-1
201542I324110,2,9,0,9,0,8,0,0,0,0,3,1,6,2,37,7,1461,2,5,-1,1,-1
201542I324210,1,19,0,17,0,0,5,0,2,4,1,1,2,1,44,7,1248,2,5,-1,1,-1
201542I324310,1,9,0,15,0,0,0,0,0,0,3,1,6,1,-1,-1,-1,-1,-1,-1,-1,-1
201542I324310,2,1,0,18,0,0,0,0,0,0,2,1,4,1,15,3,-1,-1,-1,-1,-1,-1
201542I324410,1,9,0,5,0,0,0,0,0,0,4,1,1,1,36,7,999,1,1,-1,1,-1
201542I324510,1,9,0,5,0,4,0,0,0,0,1,1,1,1,34,6,-1,-1,-1,-1,1,-1
201542I324510,2,1,0,18,0,8,0,0,0,0,4,1,2,1,54,8,-1,-1,-1,-1,3,-1
201542I324610,1,3,0,4,0,0,0,0,0,0,1,1,6,1,18,4,125,1,4,-1,1,-1
201542I324610,2,9,0,4,0,0,0,0,0,0,2,1,6,2,36,7,1596,1,3,-1,1,-1
201542I324710,1,9,0,18,0,3,0,0,0,0,3,1,6,1,80,11,1242,1,2,-1,3,-1
201542I324710,2,21,1,9,0,3,0,0,0,0,4,1,1,1,57,9,10308,2,7,-1,1,-1
201542I324810,1,4,0,4,0,1,0,0,0,0,2,1,2,1,22,5,124,1,4,-1,1,-1
201542I324810,2,9,0,18,0,1,0,0,0,0,1,1,2,2,46,8,-1,-1,-1,-1,1,-1
201542I324910,1,19,0,1,0,0,0,0,0,0,2,1,6,1,-1,-1,2198,2,1,-1,-1,-1
201542I325010,1,10,0,1,9,0,0,0,0,0,2,1,1,1,67,10,2464,2,7,-1,1,-1
201542I325109,1,9,0,5,0,8,0,0,0,0,0,1,3,2,31,6,1390,1,6,-1,1,-1
201542I325109,2,5,0,18,0,1,0,0,0,0,4,1,6,1,29,6,599,1,19,-1,1,-1
201542I325310,1,9,0,4,0,0,0,0,0,0,1,1,1,1,63,9,1995,2,6,-1,1,-1
201542I325310,2,9,0,4,0,0,0,0,0,0,2,1,1,2,22,5,998,1,1,-1,1,-1
201542I325310,3,9,0,4,0,0,0,0,0,0,2,1,1,2,40,7,1242,1,2,-1,1,-1
201542I325410,1,3,0,18,0,3,1,0,0,0,0,1,1,1,20,4,125,1,-1,-1,1,-1
201542I325510,1,9,0,18,0,0,0,11,0,0,4,1,2,2,29,6,1149,1,12,-1,1,-1
201542I325610,1,21,1,11,0,0,0,0,0,0,4,1,1,1,61,9,10308,2,2,-1,-1,-1
201542I325610,2,9,0,18,0,0,0,0,0,0,3,1,6,2,58,9,1198,1,10,-1,1,-1
201542I325710,1,9,0,18,0,1,0,0,0,0,1,1,6,1,39,7,1242,1,1,-1,2,-1
201542I325710,2,9,0,18,0,1,0,0,0,0,1,1,6,1,82,11,-1,-1,-1,-1,1,-1
201542I325810,1,9,0,18,0,0,0,0,0,0,1,1,2,1,44,7,1124,1,13,-1,1,-1
201542I325810,2,9,0,18,0,0,0,0,0,0,1,1,2,1,70,10,1339,8,9,-1,1,-1
201542I325810,3,9,0,18,0,0,0,0,0,0,2,1,6,1,39,7,1275,1,16,-1,1,-1
201542I325910,1,9,0,16,0,1,1,0,0,0,1,1,6,2,17,4,1124,1,12,-1,1,-1
201542I325910,2,9,0,18,0,1,0,0,0,0,1,1,6,2,34,6,1796,1,12,-1,1,-1
201542I326010,1,9,0,5,0,1,0,0,0,0,2,1,6,1,80,11,1329,1,-1,-1,2,-1
201542I326110,1,9,0,18,0,1,0,0,0,0,1,1,2,1,46,8,1598,1,7,-1,1,-1
201542I326110,2,9,0,18,0,1,0,0,0,0,2,1,2,2,27,6,1598,1,3,-1,1,-1
201542I326110,3,9,0,18,0,1,0,0,0,0,2,1,2,1,50,8,-1,-1,-1,-1,1,-1
201542I326210,1,9,0,17,0,3,0,0,0,0,1,1,6,1,-1,-1,1596,1,14,-1,-1,-1
201542I326210,2,9,0,3,0,2,0,0,0,0,2,1,6,2,22,5,1242,1,2,-1,1,-1
201542I326310,1,3,0,18,0,1,0,0,0,0,1,1,2,1,47,8,125,1,-1,-1,3,-1
201542I326410,1,98,1,18,0,0,0,0,0,0,1,1,6,3,-1,-1,-1,-1,-1,-1,-1,-1
201542I326410,2,9,0,18,0,0,1,7,4,6,2,1,1,1,54,8,1560,2,1,-1,1,-1
201542I326510,1,9,0,18,0,4,0,0,0,0,1,1,2,1,51,8,1995,2,3,-1,3,-1
201542I326510,2,1,0,18,0,8,0,0,0,0,4,1,1,1,13,3,-1,-1,-1,-1,1,-1
201542I326610,1,9,0,18,0,1,0,0,0,0,1,1,6,2,-1,-1,1360,1,8,-1,-1,-1
201542I326610,2,9,0,18,0,8,0,0,0,0,4,1,6,2,17,4,1242,1,2,-1,3,-1
201542I326710,1,9,0,18,0,0,0,0,0,0,3,1,2,2,29,6,1296,1,7,-1,1,-1
201542I326810,1,9,0,18,0,0,0,0,0,0,1,1,6,1,-1,-1,1399,2,6,-1,1,-1
201542I326810,2,9,0,3,0,0,0,0,0,0,2,1,6,1,25,5,1998,2,8,-1,1,-1
201542I326909,1,9,0,5,0,1,0,0,0,0,1,1,6,2,28,6,1388,1,9,-1,1,-1
201542I326909,2,9,0,3,0,1,0,0,0,0,1,1,6,1,28,6,1799,1,9,-1,1,-1
201542I327010,1,9,0,18,0,2,0,0,0,0,1,1,4,2,17,4,1242,1,9,-1,1,-1
201542I327110,1,9,0,3,0,1,0,0,0,0,1,1,1,2,29,6,998,1,1,-1,1,-1
201542I327110,2,9,0,3,0,1,0,0,0,0,2,1,1,2,46,8,-1,-1,-1,-1,1,-1
201542I327210,1,9,0,18,0,1,0,0,1,11,1,1,6,1,39,7,1997,2,2,-1,1,-1
201542I327310,1,9,0,9,0,6,0,0,0,0,1,1,2,2,21,5,1198,1,11,-1,1,-1
201542I327310,2,9,0,18,0,8,0,0,0,0,4,1,2,1,65,9,-1,-1,-1,-1,1,-1
201542I327508,1,9,0,18,0,4,0,0,3,0,1,1,6,2,89,11,1248,1,4,-1,1,-1
201542I327508,2,9,0,18,0,8,0,0,0,0,4,1,6,2,24,5,1149,1,5,-1,1,-1
201542I327610,1,9,0,13,0,1,1,0,7,1,4,1,6,2,38,7,1242,1,3,-1,1,-1
201542I327610,2,9,0,9,0,1,0,0,0,0,3,1,1,1,46,8,1560,2,5,-1,2,-1
201542I327810,1,9,0,5,0,4,0,0,0,0,3,1,6,1,29,6,-1,-1,-1,-1,1,-1
201542I327810,2,1,0,5,0,4,0,0,0,0,1,1,6,1,-1,-1,-1,-1,-1,-1,-1,-1
201542I327910,1,3,0,18,0,4,1,0,0,0,1,1,1,1,20,4,125,1,-1,-1,1,-1
201542I327910,2,9,0,9,0,3,0,0,0,0,3,1,1,1,25,5,1560,2,2,-1,-1,-1
201542I328110,1,21,0,18,0,1,1,0,0,0,1,1,1,1,52,8,5900,2,8,-1,2,-1
201542I328110,2,11,0,2,0,1,0,0,0,0,2,1,1,1,47,8,5883,2,14,-1,1,-1
201542I328207,1,9,0,13,0,0,0,0,0,0,4,1,6,1,65,9,-1,-1,-1,-1,-1,-1
201542I328207,2,1,0,18,0,0,0,0,0,0,3,1,6,1,30,6,-1,-1,-1,-1,1,-1
201542I328310,1,9,0,18,0,1,0,0,0,0,4,1,1,1,55,8,1753,2,15,-1,1,-1
201542I328410,1,8,0,18,0,0,0,0,0,0,1,1,6,1,-1,-1,-1,-1,-1,-1,-1,-1
201542I328510,1,9,0,4,7,1,0,0,1,0,3,1,2,2,45,7,1998,1,10,-1,1,-1
201542I328510,2,9,0,2,6,1,0,0,0,0,4,1,6,2,20,4,998,1,1,-1,-1,-1
201542I328609,1,9,0,10,0,0,0,0,0,0,0,1,6,2,63,9,999,1,13,-1,1,-1
201542I328609,2,4,0,18,0,0,0,0,0,0,0,1,1,1,38,7,124,1,6,-1,1,-1
201542I328710,1,9,0,3,0,8,0,0,0,0,1,1,6,1,50,8,-1,-1,-1,-1,-1,-1
201542I328710,2,9,0,3,0,8,0,0,0,0,2,1,6,2,42,7,1242,1,4,-1,1,-1
201542I328710,3,9,0,18,0,8,0,0,0,0,1,1,6,2,40,7,1598,1,9,-1,1,-1
201542I328810,1,9,0,17,0,1,0,0,0,0,1,1,3,2,33,6,1798,1,5,-1,1,-1
201542I328810,2,19,0,9,0,1,0,0,0,11,1,1,2,2,37,7,-1,-1,-1,-1,3,-1
201542I328910,1,9,0,18,0,2,0,7,0,0,1,1,1,1,73,10,1753,2,13,-1,3,-1
201542I328910,2,9,0,18,0,1,0,0,0,0,3,1,1,1,38,7,1339,1,2,-1,1,-1
201542I328910,3,9,0,18,0,2,0,0,0,0,1,1,6,2,39,7,1598,2,1,-1,1,-1
201542I329010,1,9,0,18,0,8,0,0,0,0,1,1,6,1,24,5,-1,-1,-1,-1,1,-1
201542I329110,1,19,0,5,0,0,0,0,7,11,3,1,1,1,35,6,1248,2,4,-1,1,-1
201542I329110,2,9,0,18,0,0,0,0,7,11,1,1,2,1,26,6,1360,1,15,-1,2,-1
201542I329210,1,9,0,9,0,8,0,0,0,0,1,1,6,1,66,10,1299,1,15,-1,1,-1
201542I329210,2,9,0,15,0,1,0,0,0,0,1,1,6,1,20,4,1229,1,1,-1,1,-1
201542I329310,1,3,0,17,0,0,0,0,1,0,1,1,6,1,33,6,124,1,2,-1,1,-1
201542I329410,1,9,0,18,0,3,0,0,1,11,1,1,6,2,35,6,1598,1,9,-1,1,-1
201542I329410,2,9,0,3,0,3,0,0,0,0,2,1,6,2,43,7,1997,2,-1,-1,3,-1
201542I329510,1,9,0,9,0,8,0,0,2,4,1,1,6,2,31,6,1086,1,5,-1,1,-1
201542I329510,2,9,0,15,0,1,0,0,0,0,2,1,6,2,73,10,1242,1,4,-1,1,-1
201542I329510,3,90,0,2,0,2,0,0,0,0,0,1,6,1,36,7,7142,2,7,-1,1,-1
201542I329710,1,9,0,18,0,7,0,0,0,0,4,1,6,1,42,7,1598,1,15,-1,1,-1
201542I329710,2,2,0,18,0,8,0,0,0,0,3,1,6,1,35,6,49,1,2,-1,3,-1
201542I329809,1,19,0,16,0,0,0,0,0,0,1,1,1,1,19,4,2198,2,3,-1,1,-1
201542I329809,2,19,0,17,0,0,0,0,0,0,1,1,1,1,50,8,2496,2,18,-1,-1,-1
201542I330010,1,9,0,9,0,6,0,0,0,0,4,1,6,1,21,5,2497,2,10,-1,1,-1
201542I330010,2,9,0,18,0,8,5,0,0,7,3,1,6,2,35,6,1598,1,12,-1,1,-1
201542I330110,1,9,0,18,0,0,0,0,0,0,1,1,1,2,33,6,1242,1,11,-1,1,-1
201542I330110,2,9,0,18,0,0,0,0,4,6,2,1,1,1,35,6,1398,1,14,-1,1,-1
201542I330110,3,9,0,18,0,0,0,0,0,0,2,1,1,2,24,5,1499,2,2,-1,-1,-1
201542I330210,1,9,0,18,0,1,1,0,0,0,1,1,2,1,42,7,1995,2,13,-1,1,-1
201542I330210,2,9,0,4,0,1,0,0,0,0,2,1,2,2,33,6,2148,2,8,-1,1,-1
201542I330310,1,9,0,6,0,0,0,0,0,0,3,1,6,1,42,7,1499,2,-1,-1,1,-1
201542I330310,2,19,0,18,0,0,0,0,0,0,2,1,1,1,40,7,2148,2,5,-1,1,-1
201542I330410,1,9,0,9,0,2,0,0,0,0,3,1,6,1,73,10,1588,1,13,-1,2,-1
201542I330510,1,9,0,18,0,1,1,4,0,0,1,1,6,1,19,4,1598,1,13,-1,3,-1
201542I330510,2,9,0,7,0,6,1,11,2,10,4,1,6,2,43,7,-1,-1,-1,-1,1,-1
201542I330510,3,9,0,2,0,1,0,0,0,0,0,1,6,3,-1,-1,-1,-1,-1,-1,-1,-1
201542I330510,4,9,0,2,0,1,0,0,0,0,0,1,6,3,-1,-1,-1,-1,-1,-1,-1,-1
201542I330510,5,9,0,2,0,2,0,0,0,0,0,1,6,3,-1,-1,1798,1,11,-1,-1,-1
201542I330610,1,19,0,9,0,7,5,0,0,0,3,1,2,1,26,6,1560,2,2,-1,1,-1
201542I330610,2,9,0,18,0,3,0,0,0,0,1,1,6,1,20,4,1560,2,5,-1,3,-1
201542I330610,3,90,0,3,0,7,0,0,0,0,0,1,6,3,-1,-1,-1,-1,-1,-1,-1,-1
201542I330710,1,9,0,18,0,2,0,0,3,11,1,1,6,2,69,10,1240,1,5,-1,1,-1
201542I330810,1,9,0,18,0,6,0,0,0,0,1,1,1,1,28,6,1596,1,3,-1,1,-1
201542I330810,2,1,0,18,0,8,0,0,0,0,1,1,1,1,46,8,-1,-1,-1,-1,1,-1
201542I330910,1,9,0,18,0,1,0,0,0,0,4,1,2,2,58,9,1781,1,13,-1,2,-1
201542I330910,2,9,0,18,0,8,0,0,0,0,1,1,6,2,46,8,1598,1,2,-1,1,-1
201542I331006,1,9,0,1,0,8,0,0,0,0,2,1,6,2,19,4,1391,1,18,-1,-1,-1
201542I331006,2,9,0,18,0,8,0,0,0,0,1,1,6,2,19,4,-1,-1,-1,-1,-1,-1
201542I331110,1,90,0,18,0,0,0,0,0,0,4,1,1,2,30,6,1968,2,7,-1,1,-1
201542I331210,1,9,0,18,0,0,0,0,0,0,1,1,6,3,-1,-1,-1,-1,-1,-1,-1,-1
201542I331310,1,9,0,9,0,1,0,0,0,0,3,1,6,1,27,6,998,1,9,-1,-1,-1
201542I331310,2,3,0,14,0,1,0,0,0,0,4,1,1,1,57,9,108,1,1,-1,1,-1
201542I331410,1,9,0,11,0,0,0,0,0,0,4,1,6,1,-1,-1,1870,2,12,-1,-1,-1
201542I331410,2,3,0,18,0,0,1,0,1,0,3,1,1,1,18,4,125,1,-1,-1,1,-1
201542I331510,1,9,0,18,0,1,0,0,0,0,1,1,6,3,-1,-1,-1,-1,-1,-1,-1,-1
201542I331510,2,90,0,18,0,2,0,0,0,0,1,1,6,1,14,3,-1,-1,-1,-1,1,-1
201542I331610,1,9,0,18,0,1,0,0,0,0,1,1,1,2,21,5,1229,1,-1,-1,2,-1
201542I331610,2,9,0,2,0,1,0,0,0,0,2,1,6,3,-1,-1,1399,2,6,-1,-1,-1
201542I331710,1,9,0,18,0,0,0,0,0,0,1,1,6,1,38,7,1598,1,13,-1,1,-1
201542I331710,2,1,0,18,0,0,0,0,0,0,2,1,6,2,65,9,-1,-1,-1,-1,1,-1
201542I331810,1,9,0,4,0,0,0,0,0,0,2,1,1,1,53,8,-1,-1,-1,-1,1,-1
201542I331810,2,9,0,4,0,0,0,0,0,0,2,1,2,1,45,7,1798,1,2,-1,1,-1
201542I331810,3,9,0,18,0,0,0,0,0,0,2,1,2,1,33,6,1598,1,15,-1,1,-1
201542I331810,4,9,0,18,0,0,0,0,0,0,1,1,2,1,29,6,1968,2,7,-1,1,-1
201542I331810,5,19,0,4,0,0,0,0,0,0,2,1,6,1,47,8,-1,-1,-1,-1,1,-1
201542I331810,6,9,0,18,0,0,0,0,0,0,1,1,6,1,28,6,1598,1,11,-1,1,-1
201542I331910,1,9,0,18,0,4,0,0,0,0,1,1,1,1,47,8,1242,1,12,-1,1,-1
201542I331910,2,1,0,18,0,8,1,0,0,0,4,1,1,1,36,7,-1,-1,-1,-1,1,-1
201542I332010,1,1,0,18,9,1,0,0,0,0,1,1,4,2,14,3,-1,-1,-1,-1,1,-1
201542I332010,2,9,0,18,9,1,0,0,0,0,4,1,1,2,51,8,-1,-1,-1,-1,1,-1
201542I332210,1,9,0,18,0,0,0,0,0,0,1,1,6,2,21,5,1124,1,13,-1,1,-1
201542I332210,2,5,0,18,0,0,1,0,0,0,1,1,6,1,32,6,645,1,14,-1,3,-1
201542I332310,1,9,0,18,0,1,0,0,0,0,1,1,6,2,35,6,1596,1,14,-1,1,-1
201542I332410,1,90,0,5,0,2,0,0,0,11,1,1,1,1,57,9,2970,2,3,-1,1,-1
201542I332510,1,9,0,18,0,0,0,0,0,0,4,1,6,2,46,8,1598,1,5,-1,1,-1
201542I332510,2,21,1,2,0,0,0,0,0,0,3,1,6,3,-1,-1,16400,2,-1,-1,-1,-1
201542I332610,1,9,0,5,0,8,1,0,0,0,1,1,6,2,28,6,1229,1,9,-1,1,-1
201542I332610,2,9,0,5,0,8,0,0,0,0,2,1,6,2,30,6,1229,1,2,-1,1,-1
201542I332710,1,21,0,18,0,0,1,0,0,0,1,1,1,1,54,8,8970,2,11,-1,1,-1
201542I332710,2,9,0,18,0,0,0,0,0,0,2,1,6,2,27,6,1339,1,4,-1,1,-1
201542I332710,3,9,0,18,0,0,0,0,0,0,2,1,6,2,49,8,1461,2,3,-1,1,-1
201542I332810,1,9,0,18,0,0,0,0,0,0,1,1,2,1,28,6,-1,-1,-1,-1,1,-1
201542I332810,2,9,0,3,0,0,0,0,0,0,2,1,2,1,27,6,1998,2,10,-1,1,-1
201542I332910,1,9,0,18,0,6,0,0,0,0,1,1,6,1,44,7,1560,2,8,-1,1,-1
201542I333010,1,9,0,4,0,0,0,0,0,0,1,1,6,1,83,11,1591,1,6,-1,1,-1
201542I333010,2,9,0,9,0,0,0,0,0,0,3,1,6,1,-1,-1,-1,-1,-1,-1,-1,-1
201542I333110,1,9,0,7,0,5,0,0,0,0,2,1,6,2,79,11,1596,1,12,-1,2,-1
201542I333110,2,1,0,18,0,8,0,0,0,0,1,1,6,1,44,7,-1,-1,-1,-1,1,-1
201542I333210,1,9,0,18,0,0,0,0,0,0,0,1,6,2,45,7,1390,1,10,-1,3,-1
201542I333310,1,9,0,18,0,0,0,0,0,0,1,1,6,1,50,8,2720,2,8,-1,-1,-1
201542I333310,2,1,0,18,0,0,0,0,0,0,3,1,6,2,25,5,-1,-1,-1,-1,1,-1
201542I333410,1,9,0,18,0,0,0,0,0,0,4,1,2,1,34,6,1386,1,4,-1,1,-1
201542I333510,1,9,0,18,0,4,0,0,0,0,1,1,6,1,-1,-1,1086,1,11,-1,-1,-1
201542I333510,2,9,0,18,0,4,0,0,0,0,2,1,6,2,-1,-1,-1,-1,-1,-1,-1,-1
201542I333610,1,9,0,9,0,3,0,0,0,0,3,1,2,2,25,5,1149,1,17,-1,3,-1
201542I333610,2,97,0,18,0,8,0,0,0,0,1,1,6,1,18,4,49,1,12,-1,2,-1
201542I333710,1,9,0,18,0,8,0,0,0,0,1,1,6,1,29,6,1248,1,1,-1,3,-1
201542I333710,2,1,0,18,0,8,0,0,0,0,3,1,6,1,53,8,-1,-1,-1,-1,1,-1
201542I333810,1,9,0,2,0,0,0,0,0,0,2,1,6,3,-1,-1,-1,-1,-1,-1,-1,-1
201542I333810,2,8,0,18,0,0,0,4,0,0,1,1,6,1,50,8,-1,-1,-1,-1,-1,-1
201542I333910,1,9,0,18,0,0,1,0,0,0,1,1,3,1,28,6,1998,2,9,-1,1,-1
201542I333910,2,9,0,3,0,0,0,0,0,0,2,1,2,2,29,6,998,1,7,-1,1,-1
201542I334010,1,21,1,12,0,2,0,0,0,0,3,2,1,1,57,9,-1,-1,-1,-1,-1,-1
201542I334010,2,9,0,18,0,2,2,0,1,7,4,1,6,1,65,9,998,1,16,-1,1,-1
201542I334110,1,9,0,3,0,1,0,0,0,0,2,1,6,1,19,4,1968,2,8,-1,1,-1
201542I334110,2,9,0,3,0,1,0,0,0,0,2,1,6,1,48,8,1587,1,12,-1,1,-1