Accident_Index,Vehicle_Reference,Vehicle_Type,Towing_and_Articulation,Vehicle_Manoeuvre,Vehicle_Location-Restricted_Lane,Junction_Location,Skidding_and_Overturning,Hit_Object_in_Carriageway,Vehicle_Leaving_Carriageway,Hit_Object_off_Carriageway,1st_Point_of_Impact,Was_Vehicle_Left_Hand_Drive?,Journey_Purpose_of_Driver,Sex_of_Driver,Age_of_Driver,Age_Band_of_Driver,Engine_Capacity_(CC),Propulsion_Code,Age_of_Vehicle,Driver_IMD_Decile,Driver_Home_Area_Type,Vehicle_IMD_Decile
201542I334110,3,9,0,4,0,1,1,0,0,0,1,1,6,2,64,9,-1,-1,-1,-1,1,-1
201542I334210,1,5,0,17,0,1,0,0,1,0,4,1,6,1,29,6,-1,-1,-1,-1,3,-1
201542I334310,1,21,1,18,0,0,0,0,0,0,1,2,1,1,37,7,-1,-1,-1,-1,-1,-1
201542I334310,2,9,0,11,0,0,1,0,0,0,4,1,6,2,57,9,1598,1,10,-1,1,-1
201542I334410,1,9,0,18,0,1,0,0,0,0,1,1,6,1,20,4,1600,2,3,-1,2,-1
201542I334410,2,9,0,3,0,1,0,0,0,0,2,1,6,2,57,9,1984,1,4,-1,1,-1
201542I334610,1,9,0,16,0,2,1,0,1,1,3,2,6,2,50,8,1149,1,4,-1,1,-1
201542I334710,1,19,0,9,0,1,0,0,0,0,1,1,1,1,58,9,2477,2,10,-1,1,-1
201542I334710,2,3,0,18,0,1,0,0,0,0,3,1,6,1,31,6,124,1,1,-1,1,-1
201542I334810,1,5,0,9,0,4,1,0,0,0,4,1,6,1,49,8,738,1,13,-1,1,-1
201542I334810,2,19,0,9,0,4,0,0,0,0,0,1,6,3,-1,-1,-1,-1,-1,-1,-1,-1
201542I334910,1,5,0,18,0,6,1,0,0,0,1,1,6,1,26,6,599,1,13,-1,1,-1
201542I334910,2,9,0,9,0,1,0,0,0,0,2,1,6,1,67,10,4196,1,10,-1,1,-1
201542I335010,1,9,0,4,0,1,0,0,0,0,1,1,6,2,35,6,1998,1,10,-1,1,-1
201542I335010,2,9,0,3,0,1,0,0,0,0,2,1,6,2,23,5,1328,1,6,-1,1,-1
201542I335110,1,9,0,18,0,1,0,0,0,0,0,1,6,1,50,8,1995,2,5,-1,1,-1
201542I335210,1,9,0,18,0,1,0,0,0,0,1,1,6,2,44,7,1364,1,6,-1,1,-1
201542I335210,2,9,0,2,0,1,0,0,0,0,2,1,6,3,-1,-1,-1,-1,-1,-1,-1,-1
201542I335310,1,19,0,18,0,0,1,0,0,0,3,1,1,1,29,6,1968,2,-1,-1,1,-1
201542I335310,2,9,0,18,0,0,0,0,0,0,1,1,1,2,56,9,1598,2,-1,-1,1,-1
201542I335410,1,9,0,18,0,1,0,0,0,0,1,1,6,1,19,4,-1,-1,-1,-1,-1,-1
201542I335410,2,9,0,3,0,1,0,0,0,0,2,1,6,1,67,10,1994,1,12,-1,1,-1
201542I335410,3,9,0,10,0,1,0,0,0,0,2,1,6,1,62,9,2720,2,10,-1,1,-1
201542I335510,1,9,0,4,0,4,0,0,0,0,2,1,6,1,19,4,1198,1,12,-1,1,-1
201542I335510,2,9,0,4,0,4,0,0,0,0,0,1,6,2,20,4,1229,1,3,-1,1,-1
201542I335610,1,11,0,5,0,1,0,0,0,0,0,1,1,1,52,8,7300,2,10,-1,1,-1
201542I335610,2,11,0,18,0,3,0,0,0,0,3,1,1,1,56,9,9600,2,15,-1,2,-1
201542I335610,3,1,0,13,0,1,0,0,0,0,3,1,6,1,54,8,-1,-1,-1,-1,3,-1
201542I335710,1,9,0,18,0,3,0,0,0,0,2,1,6,1,30,6,-1,-1,-1,-1,1,-1
201542I335710,2,9,0,18,0,8,0,0,0,0,1,1,6,2,55,8,-1,-1,-1,-1,1,-1
201542I335810,1,9,0,18,0,0,0,0,1,1,1,1,6,2,45,7,1997,1,10,-1,2,-1
201542I335910,1,8,0,3,0,4,0,0,0,0,2,1,6,1,61,9,2664,2,15,-1,2,-1
201542I335910,2,9,0,5,0,4,0,0,0,0,1,1,6,1,34,6,1299,1,7,-1,1,-1
201542I336010,1,2,0,18,0,1,0,0,0,0,1,1,6,1,17,4,49,1,2,-1,1,-1
201542I336010,2,19,0,3,0,1,0,0,0,0,2,1,1,1,56,9,1995,2,4,-1,2,-1
201542I336110,1,9,0,18,0,0,0,0,0,0,1,1,6,2,21,5,1242,1,1,-1,1,-1
201542I336110,2,9,0,18,0,0,0,0,0,0,2,1,6,2,31,6,1299,1,8,-1,3,-1
201542I336110,3,9,0,18,0,0,0,0,0,0,2,1,6,1,56,9,1360,1,10,-1,1,-1
201542I336110,4,9,0,18,0,0,0,0,0,0,2,1,6,1,46,8,1388,1,12,-1,1,-1
201542I336110,5,19,0,2,0,0,0,0,0,0,0,1,6,1,40,7,1753,2,4,-1,1,-1
201542I336210,1,9,0,18,0,3,0,0,0,0,1,1,6,1,61,9,1560,2,2,-1,1,-1
201542I336210,2,9,0,3,0,2,0,0,0,0,2,1,6,2,62,9,898,1,-1,-1,1,-1
201542I336310,1,9,0,18,0,0,0,0,0,0,1,1,6,3,-1,-1,-1,-1,-1,-1,-1,-1
201542I336410,1,9,0,18,0,1,0,0,0,0,1,1,2,1,26,6,2198,2,1,-1,2,-1
201542I336410,2,9,0,3,0,1,0,0,0,0,2,1,6,2,30,6,1397,1,7,-1,3,-1
201542I336510,1,9,0,18,0,7,0,0,0,0,0,1,6,3,-1,-1,-1,-1,-1,-1,-1,-1
201542I336510,2,9,0,18,0,8,0,0,0,0,4,1,6,1,36,7,1598,1,6,-1,-1,-1
201542I336510,3,21,1,18,0,8,0,0,0,0,3,2,1,3,-1,-1,-1,-1,-1,-1,-1,-1
201542I336610,1,9,0,16,0,8,1,0,0,0,1,1,6,2,19,4,1299,1,13,-1,1,-1
201542I336610,2,9,0,17,0,8,0,0,0,0,1,1,6,2,46,8,2198,2,8,-1,1,-1
201542I336710,1,9,0,18,0,0,1,0,0,0,1,1,1,1,34,6,1242,1,14,-1,1,-1
201542I336710,2,9,0,5,0,0,0,0,0,0,2,1,1,2,32,6,1799,1,4,-1,-1,-1
201542I336710,3,9,0,5,0,0,0,0,0,0,2,1,1,1,-1,-1,-1,-1,-1,-1,-1,-1
201542I336810,1,9,0,1,0,0,0,0,0,0,2,1,6,2,29,6,1149,1,13,-1,1,-1
201542I336910,1,21,1,12,0,0,0,0,0,0,3,2,1,1,51,8,-1,-1,-1,-1,-1,-1
201542I336910,2,9,0,18,0,0,0,0,0,0,4,1,6,1,57,9,1461,2,1,-1,1,-1
201542I337010,1,9,0,1,9,0,0,0,1,11,2,1,6,2,82,11,1597,1,19,-1,1,-1
201542I337110,1,9,0,12,0,0,0,0,1,0,1,1,6,1,41,7,1747,1,14,-1,1,-1
201542I337110,2,9,0,18,0,0,0,0,1,0,2,1,6,2,50,8,1596,1,7,-1,3,-1
201542I337110,3,9,0,18,0,0,0,0,0,0,0,1,6,2,51,8,1349,1,4,-1,1,-1
201542I337210,1,9,0,14,0,1,0,0,0,0,4,1,6,2,-1,-1,1598,1,11,-1,-1,-1
201542I337210,2,1,0,18,0,1,0,0,0,0,0,1,6,1,22,5,-1,-1,-1,-1,1,-1
201542I337306,1,11,0,9,0,8,0,0,0,0,3,1,1,1,42,7,-1,2,23,-1,1,-1
201542I337306,2,9,0,7,0,8,0,0,7,2,4,1,6,2,32,6,1197,1,-1,-1,1,-1
201542I337410,1,9,0,9,0,8,0,0,3,1,1,1,6,1,68,10,1364,1,7,-1,1,-1
201542I337510,1,9,0,4,0,0,1,0,4,6,2,1,6,2,20,4,999,1,3,-1,-1,-1
201542I337510,2,20,0,12,0,0,0,0,0,0,1,1,6,1,43,7,-1,-1,-1,-1,1,-1
201542I337610,1,9,0,18,0,1,0,0,0,0,1,1,6,1,39,7,1597,1,20,-1,1,-1
201542I337610,2,9,0,18,0,1,0,0,0,0,1,2,6,1,25,5,-1,-1,-1,-1,1,-1
201542I337710,1,9,0,18,0,0,0,0,0,0,1,1,6,2,40,7,1956,2,-1,-1,1,-1
201542I337710,2,9,0,4,0,0,0,0,0,0,2,1,6,1,37,7,-1,-1,-1,-1,1,-1
201542I337710,3,9,0,4,0,0,0,0,0,0,2,1,6,1,39,7,1999,2,-1,-1,1,-1
201542I337810,1,9,0,6,0,0,0,0,0,0,3,1,6,2,42,7,1199,1,13,-1,1,-1
201542I337810,2,9,0,18,0,0,0,0,0,0,1,1,6,1,50,8,1560,2,5,-1,3,-1
201542I337910,1,9,0,18,0,3,0,0,0,0,1,1,6,1,-1,-1,1364,1,-1,-1,1,-1
201542I338010,1,9,0,17,0,8,0,0,3,2,1,1,6,1,21,5,1796,1,20,-1,1,-1
201542I338010,2,8,0,18,0,8,0,0,0,0,2,1,1,3,-1,-1,-1,-1,-1,-1,-1,-1
201542I338110,1,9,0,16,0,0,1,0,1,0,3,1,6,1,17,4,1275,1,21,-1,3,-1
201542I338110,2,11,0,18,0,0,0,0,0,0,3,1,1,1,28,6,-1,-1,-1,-1,1,-1
201542I338210,1,3,0,18,0,1,0,0,0,0,1,1,2,1,21,5,124,1,3,-1,1,-1
201542I338210,2,9,0,4,0,1,0,0,0,0,2,1,1,1,45,7,1968,2,3,-1,1,-1
201542I338310,1,5,0,18,0,1,0,0,0,0,4,1,6,1,40,7,1585,1,5,-1,1,-1
201542I338410,1,19,4,18,0,1,0,0,0,0,4,1,6,3,-1,-1,-1,-1,-1,-1,-1,-1
201542I338410,2,1,0,18,0,1,0,0,0,0,3,1,6,1,54,8,-1,-1,-1,-1,-1,-1
201542I338510,1,5,0,15,0,8,0,0,1,0,1,1,6,1,19,4,599,1,11,-1,1,-1
201542I338510,2,9,0,7,0,8,0,0,0,0,2,1,6,1,61,9,1997,2,8,-1,1,-1
201542I338610,1,9,0,9,0,8,0,0,0,0,3,1,6,1,41,7,1598,1,1,-1,1,-1
201542I338610,2,2,0,18,0,8,1,0,0,0,4,1,6,1,51,8,1250,1,5,-1,1,-1
201542I338710,1,21,0,18,0,0,0,0,0,0,1,1,1,1,47,8,6370,2,7,-1,1,-1
201542I338710,2,9,0,18,0,0,0,0,0,0,2,1,2,1,58,9,1796,1,14,-1,1,-1
201542I338810,1,9,0,7,0,6,0,0,0,0,1,1,1,2,44,7,1596,1,11,-1,1,-1
201542I338810,2,9,0,18,0,8,1,0,0,0,4,1,6,1,42,7,1596,1,4,-1,1,-1
201542I339110,1,9,0,18,0,0,1,0,0,0,1,1,6,1,41,7,1198,1,10,-1,1,-1
201542I339110,2,9,0,18,0,0,0,0,0,0,1,1,6,1,59,9,-1,-1,-1,-1,2,-1
201542I339210,1,9,0,7,0,6,0,0,0,0,3,1,6,2,47,8,1560,2,8,-1,1,-1
201542I339210,2,9,0,18,0,1,0,0,0,0,1,1,6,1,48,8,1999,1,11,-1,1,-1
201542I339310,1,9,0,9,0,8,0,0,0,0,4,1,6,2,42,7,1360,1,11,-1,1,-1
201542I339310,2,9,0,18,0,1,0,0,1,11,1,1,6,1,30,6,2926,2,11,-1,1,-1
201542I339410,1,9,0,18,0,3,0,7,0,0,3,1,6,1,52,8,1910,2,8,-1,1,-1
201542I339510,1,9,0,5,0,6,0,0,0,0,1,1,6,1,22,5,1998,1,5,-1,2,-1
201542I339510,2,9,0,18,0,7,0,0,0,0,3,1,1,2,19,4,-1,-1,-1,-1,1,-1
201542I339610,1,9,0,18,0,0,0,0,0,0,1,1,2,1,23,5,998,1,13,-1,1,-1
201542I339610,2,19,0,18,0,0,0,0,0,0,2,1,2,2,26,6,1560,2,2,-1,2,-1
201542I339710,1,9,0,18,0,8,0,0,0,0,3,1,6,1,-1,-1,1390,1,11,-1,3,-1
201542I339710,2,19,0,18,0,8,0,0,0,0,4,1,6,2,45,7,-1,-1,-1,-1,1,-1
201542I339810,1,19,0,2,0,0,0,0,0,0,2,1,6,3,-1,-1,2402,2,4,-1,-1,-1
201542I339810,2,9,0,14,0,0,0,4,0,0,1,1,6,2,81,11,1248,1,4,-1,1,-1
201542I340010,1,2,0,5,0,1,0,0,1,0,1,1,6,1,16,4,49,1,6,-1,1,-1
201542I340010,2,9,0,10,0,1,0,0,0,0,1,1,6,1,20,4,1149,1,11,-1,1,-1
201542I340209,1,9,0,18,0,0,0,0,0,0,1,1,6,1,-1,-1,1396,1,14,-1,1,-1
201542I340209,2,9,0,3,0,0,0,0,0,0,2,1,6,2,47,8,1497,1,10,-1,2,-1
201542I340710,1,9,0,18,0,0,1,0,1,11,1,1,6,1,22,5,-1,-1,-1,-1,1,-1
201542I340710,2,9,0,2,9,0,0,4,0,0,0,1,6,3,-1,-1,1198,1,5,-1,-1,-1
201542I340810,1,3,0,18,0,1,1,0,1,11,3,1,6,1,21,5,124,1,-1,-1,-1,-1
201542I340910,1,9,0,18,0,2,0,0,7,11,1,1,6,2,77,11,1388,1,19,-1,1,-1
201542I341010,1,9,0,9,0,2,0,0,0,0,3,1,6,1,58,9,3199,1,14,-1,1,-1
201542I341310,1,21,1,12,0,0,0,0,0,0,3,2,1,1,32,6,-1,-1,-1,-1,-1,-1
201542I341310,2,9,0,18,0,0,0,0,1,0,4,1,2,2,42,7,998,1,6,-1,1,-1
201542I341410,1,9,0,18,0,0,0,0,0,0,4,1,6,3,-1,-1,-1,-1,-1,-1,-1,-1
201542I341510,1,5,0,16,0,0,0,0,0,0,1,1,6,1,32,6,599,1,17,-1,1,-1
201542I341510,2,9,0,17,0,0,0,0,0,0,1,1,6,2,44,7,1796,1,8,-1,2,-1
201542I341610,1,8,0,3,0,1,0,0,0,0,1,1,6,1,-1,-1,1686,2,7,-1,-1,-1
201542I341610,2,21,0,3,0,1,0,0,0,0,2,1,6,1,49,8,7146,2,8,-1,1,-1
201542I341710,1,9,0,18,0,1,0,0,0,0,1,1,6,1,-1,-1,-1,-1,-1,-1,-1,-1
201542I341710,2,1,0,18,0,1,0,0,0,0,1,1,6,1,25,5,-1,-1,-1,-1,3,-1
201542I341810,1,9,0,18,0,5,0,0,0,0,1,1,6,1,31,6,-1,-1,-1,-1,2,-1
201542I341810,2,9,0,18,0,5,0,0,0,0,2,1,6,1,29,6,2204,2,6,-1,2,-1
201542I341910,1,3,0,9,0,8,0,0,0,0,4,1,6,1,18,4,125,1,-1,-1,1,-1
201542I342010,1,9,0,4,0,0,0,0,0,0,1,1,2,1,47,8,2254,1,14,-1,1,-1
201542I342010,2,9,0,4,0,0,0,0,0,0,2,1,2,1,21,5,2143,2,-1,-1,1,-1
201542I342110,1,4,0,9,0,1,0,0,0,0,4,1,6,1,22,5,124,1,3,-1,1,-1
201542I342110,2,1,0,18,4,1,1,0,0,0,4,1,6,1,82,11,-1,-1,-1,-1,1,-1
201542I342210,1,9,0,9,0,5,0,0,0,0,1,1,6,1,17,4,-1,-1,-1,-1,1,-1
201542I342210,2,5,0,18,0,1,0,0,0,0,1,1,6,1,45,7,955,1,15,-1,1,-1
201542I342310,1,9,0,18,0,1,0,0,0,0,1,1,6,3,-1,-1,-1,-1,-1,-1,-1,-1
201542I342310,2,9,0,3,0,1,0,0,0,0,2,1,6,2,47,8,1968,2,3,-1,1,-1
201542I342410,1,97,0,18,0,2,0,0,0,0,1,1,6,1,-1,-1,-1,-1,-1,-1,-1,-1
201542I342510,1,9,0,5,0,1,0,0,0,0,1,1,6,2,51,8,1796,1,8,-1,1,-1
201542I342510,2,1,0,18,0,1,0,0,0,0,1,1,6,1,27,6,-1,-1,-1,-1,1,-1
201542I342610,1,9,0,15,0,1,0,0,0,0,3,1,6,2,18,4,998,1,4,-1,2,-1
201542I342610,2,9,0,18,0,2,0,0,0,0,3,1,6,2,76,11,1248,1,4,-1,-1,-1
201542I342709,1,9,0,5,0,1,0,0,0,0,1,1,6,1,17,4,1299,1,15,-1,1,-1
201542I342709,2,9,0,3,0,1,0,0,0,0,2,1,6,2,33,6,1797,8,5,-1,1,-1
201542I342810,1,9,0,16,0,0,1,0,1,0,1,1,6,1,51,8,1796,1,12,-1,1,-1
201542I342810,2,9,0,18,0,0,0,0,1,11,1,1,6,1,42,7,1998,2,9,-1,2,-1
201542I342906,1,9,0,13,0,0,0,0,0,0,2,1,1,1,57,9,1596,1,11,-1,1,-1
201542I342906,2,3,0,13,0,0,0,0,0,0,1,1,1,1,51,8,124,1,12,-1,1,-1
201542I343010,1,8,0,9,0,6,0,0,0,0,3,1,1,1,26,6,1560,2,5,-1,1,-1
201542I343010,2,9,0,18,0,1,0,0,0,0,1,1,6,1,52,8,2088,2,17,-1,1,-1
201542I343110,1,9,0,18,0,0,0,12,0,0,1,1,6,2,21,5,-1,-1,-1,-1,-1,-1
201542I343110,2,9,0,18,0,0,0,0,0,0,1,1,6,1,24,5,-1,-1,-1,-1,3,-1
201542I343210,1,9,0,3,0,1,0,0,0,0,1,1,6,1,44,7,2993,2,3,-1,3,-1
201542I343210,2,3,0,3,0,1,0,0,0,0,2,1,6,1,49,8,278,1,1,-1,1,-1
201542I343310,1,1,0,18,0,1,1,0,1,0,3,1,1,1,21,5,-1,-1,-1,-1,1,-1
201542I343310,2,9,0,18,0,8,0,0,0,0,1,1,1,1,44,7,2500,2,20,-1,-1,-1
201542I343410,1,21,1,12,0,1,0,0,0,0,3,2,1,1,73,10,-1,-1,-1,-1,-1,-1
201542I343410,2,9,0,13,0,1,1,0,4,6,4,1,6,2,37,7,1461,2,4,-1,1,-1
201542I343510,1,5,0,17,0,7,1,0,2,7,4,1,6,1,46,8,998,1,4,-1,1,-1
201542I343610,1,9,0,18,0,3,0,0,0,0,1,1,2,1,44,7,-1,-1,-1,-1,1,-1
201542I343710,1,3,0,18,0,1,1,0,0,0,1,1,6,1,18,4,102,1,-1,-1,1,-1
201542I343808,1,9,0,16,0,4,0,0,0,0,4,1,6,1,53,8,1796,1,13,-1,1,-1
201542I343808,2,11,0,17,0,3,0,0,0,0,4,1,1,1,36,7,4500,2,3,-1,1,-1
201542I343910,1,9,0,18,0,2,0,0,0,0,1,1,6,2,85,11,-1,-1,-1,-1,3,-1
201542I343910,2,9,0,2,0,2,0,0,0,0,2,1,6,3,-1,-1,1242,1,11,-1,-1,-1
201542I343910,3,9,0,2,0,2,0,0,0,0,4,1,6,3,-1,-1,1598,1,14,-1,-1,-1
201542I344010,1,9,0,18,0,8,1,0,4,11,1,1,6,1,23,5,1124,1,14,-1,1,-1
201542I344110,1,9,0,18,0,0,0,0,0,0,2,1,6,2,79,11,1198,1,1,-1,1,-1
201542I344110,2,9,0,4,0,0,0,0,0,0,1,1,6,2,39,7,1896,2,16,-1,1,-1
201542I344210,1,9,0,4,0,0,1,0,0,0,1,1,2,1,26,6,1598,2,2,-1,1,-1
201542I344210,2,9,0,4,0,0,1,0,0,0,1,1,2,2,44,7,2261,1,13,-1,1,-1
201542I344210,3,9,0,4,0,0,1,0,0,0,1,1,2,2,38,7,1560,2,8,-1,3,-1
201542I344210,4,9,0,3,0,0,0,0,0,0,2,1,6,2,46,8,2143,2,1,-1,3,-1
201542I344310,1,9,0,4,0,1,0,0,0,0,1,1,6,1,67,10,1769,1,23,-1,2,-1
201542I344310,2,19,0,3,0,1,0,0,0,0,2,1,1,1,44,7,2198,2,2,-1,-1,-1
201542I344410,1,9,0,18,0,1,0,0,0,0,1,1,2,1,43,7,1598,2,-1,-1,1,-1
201542I344510,1,19,0,18,0,0,0,0,1,0,1,1,6,1,90,11,-1,-1,-1,-1,2,-1
201542I344510,2,9,0,2,0,0,0,0,1,0,2,1,6,1,17,4,-1,-1,-1,-1,3,-1
201542I344610,1,9,0,9,0,0,0,0,0,0,2,1,6,2,19,4,1149,1,15,-1,1,-1
201542I344610,2,19,0,3,0,0,0,0,0,0,1,1,6,1,31,6,1461,2,4,-1,1,-1
201542I344710,1,9,0,18,0,2,0,0,0,0,1,1,6,1,35,6,1799,1,5,-1,3,-1
201542I344710,2,19,0,18,0,8,0,0,0,0,2,1,6,1,52,8,1995,2,1,-1,3,-1
201542I344710,3,9,0,18,0,8,0,0,0,0,2,1,6,2,19,4,1229,1,10,-1,1,-1
201542I344810,1,9,0,7,0,8,0,0,0,0,4,1,6,2,25,5,1995,2,6,-1,1,-1
201542I344810,2,1,0,9,0,8,1,0,0,0,3,1,6,1,37,7,-1,-1,-1,-1,1,-1
201542I344810,3,9,0,18,0,8,0,0,0,0,4,1,6,2,35,6,1598,1,2,-1,3,-1
201542I344910,1,9,0,18,0,0,0,0,0,0,1,1,6,1,34,6,1360,1,11,-1,1,-1
201542I344910,2,9,0,18,0,0,0,0,0,0,2,1,6,2,47,8,1598,2,2,-1,2,-1
201542I345010,1,9,0,9,0,0,0,0,0,0,1,1,6,1,44,7,1289,1,15,-1,1,-1
201542I345110,1,9,0,5,0,0,0,10,0,0,1,1,6,2,81,11,-1,-1,-1,-1,1,-1
201542I345110,2,9,0,2,0,0,0,0,0,0,3,1,6,3,34,6,2000,2,11,-1,1,-1
201542I345110,3,9,0,2,0,0,0,0,0,0,3,1,6,3,32,6,1995,2,6,-1,1,-1
201542I345110,4,9,0,2,0,0,0,0,0,0,3,1,6,3,26,6,1995,2,10,-1,1,-1
201542I345210,1,9,0,12,0,1,0,0,0,0,3,1,6,1,35,6,1796,1,12,-1,1,-1
201542I345210,2,3,0,13,0,1,1,0,0,0,4,1,6,1,21,5,125,1,10,-1,1,-1
201542I345310,1,9,0,18,0,1,0,7,0,1,1,1,6,1,82,11,1388,1,10,-1,1,-1
201542I345410,1,9,0,18,0,1,0,0,0,0,1,1,6,3,-1,-1,-1,-1,-1,-1,-1,-1
201542I345510,1,11,0,9,0,1,0,0,0,0,3,1,1,1,22,5,9600,2,20,-1,1,-1
201542I345510,2,3,0,18,0,1,1,0,0,0,1,1,2,1,23,5,124,1,11,-1,3,-1
201542I345710,1,9,0,13,0,0,0,0,0,0,0,1,6,2,-1,-1,-1,-1,-1,-1,-1,-1
201542I345710,2,19,0,18,0,0,0,0,0,0,1,1,1,1,54,8,2143,2,4,-1,1,-1
201542I345710,3,9,0,18,0,0,0,0,0,0,2,1,6,2,80,11,1198,1,2,-1,1,-1
201542I345710,4,21,0,18,0,0,0,0,0,0,2,1,1,1,46,8,12777,2,3,-1,1,-1
201542I345810,1,9,0,17,0,0,0,0,1,9,1,1,6,2,25,5,998,1,11,-1,1,-1
201542I345910,1,9,0,18,0,4,0,0,0,0,1,1,1,2,19,4,1200,1,3,-1,1,-1
201542I345910,2,1,0,18,0,3,0,0,0,0,1,1,1,1,36,7,-1,-1,-1,-1,-1,-1
201542I346010,1,19,0,18,0,8,0,0,7,10,1,1,6,1,50,8,2461,2,9,-1,1,-1
201542I346110,1,97,0,16,0,0,1,10,0,10,3,1,6,1,20,4,400,1,24,-1,1,-1
201542I346210,1,9,0,18,0,1,0,0,0,0,1,1,6,1,72,10,1753,2,19,-1,1,-1
201542I346210,2,9,0,18,0,8,0,0,7,11,3,1,6,2,55,8,1496,1,-1,-1,1,-1
201542I346310,1,3,0,3,0,0,0,0,1,1,1,1,6,1,22,5,-1,-1,-1,-1,1,-1
201542I346409,1,21,1,9,0,8,0,0,0,0,3,2,1,1,31,6,-1,-1,-1,-1,-1,-1
201542I346409,2,9,0,7,0,3,1,0,0,0,4,1,6,2,24,5,1997,2,1,-1,2,-1
201542I346509,1,9,0,18,0,0,0,0,4,1,1,1,6,1,26,6,-1,-1,-1,-1,1,-1
201542I346608,1,9,0,18,0,0,0,0,0,0,1,1,6,1,40,7,3199,1,9,-1,1,-1
201542I346608,2,1,0,2,0,0,0,0,0,0,2,1,6,1,15,3,-1,-1,-1,-1,1,-1
201542I346710,1,9,0,10,0,3,0,0,0,0,4,1,6,2,32,6,1242,1,11,-1,1,-1
201542I346710,2,3,0,10,0,3,0,0,0,0,1,1,6,1,24,5,124,1,-1,-1,1,-1
201542I346810,1,9,0,18,0,1,0,0,0,0,4,1,6,1,62,9,-1,-1,-1,-1,3,-1
201542I346810,2,1,0,3,0,1,0,0,0,0,2,1,6,1,60,9,-1,-1,-1,-1,3,-1
201542I346910,1,9,0,9,0,8,0,0,0,0,4,1,6,1,72,10,1596,1,6,-1,1,-1
201542I346910,2,3,0,18,2,8,0,0,0,0,1,1,6,1,23,5,125,1,4,-1,2,-1
201542I347110,1,9,0,5,0,1,0,0,0,0,1,1,6,1,85,11,1596,1,12,-1,1,-1
201542I347110,2,9,0,3,0,2,0,0,0,0,2,1,6,2,20,4,1299,1,7,-1,1,-1
201542I347310,1,9,0,18,0,4,0,0,0,0,1,1,6,1,40,7,3246,1,10,-1,-1,-1
201542I347310,2,9,0,18,0,8,0,0,0,0,1,1,6,2,24,5,1399,2,5,-1,1,-1
201542I347310,3,9,0,18,0,8,0,0,0,0,1,1,6,1,27,6,1590,1,11,-1,1,-1
201542I347810,1,9,0,18,0,0,0,4,7,0,1,1,6,1,22,5,1300,1,12,-1,1,-1
201542I347810,2,9,0,2,0,0,0,0,1,0,2,1,6,3,-1,-1,1998,1,8,-1,-1,-1
201542I347810,3,9,0,2,0,0,0,0,0,0,2,1,6,3,-1,-1,1149,1,7,-1,-1,-1
201542I347910,1,9,0,18,0,4,0,0,0,0,1,1,6,1,45,7,2199,2,5,-1,1,-1
201542I347910,2,9,0,18,0,4,0,0,0,0,2,1,6,2,55,8,1596,1,3,-1,2,-1
201542I348110,1,8,0,18,0,0,0,0,0,0,3,1,1,1,55,8,-1,-1,-1,-1,1,-1
201542I348210,1,9,0,7,0,7,0,0,1,2,1,1,6,2,61,9,1997,2,4,-1,1,-1
201542I348309,1,5,0,14,0,1,0,0,0,0,1,1,6,1,43,7,1130,1,12,-1,1,-1
201542I348309,2,9,0,9,0,1,0,0,0,0,3,1,6,2,59,9,1560,2,3,-1,-1,-1
201542I348710,1,9,0,5,0,0,0,0,0,0,1,1,6,2,35,6,1995,1,8,-1,2,-1
201542I348710,2,9,0,18,0,0,0,0,1,0,1,1,6,1,20,4,-1,-1,-1,-1,1,-1
201542I348808,1,9,0,4,0,1,0,0,0,0,1,1,6,1,56,9,5700,1,23,-1,1,-1
201542I348808,2,9,0,3,0,1,0,0,0,0,2,1,6,1,46,8,1596,1,3,-1,-1,-1
201542I348907,1,9,0,18,0,1,0,0,0,0,1,1,2,1,30,6,1995,2,12,-1,1,-1
201542I349305,1,9,0,7,0,3,0,0,0,0,1,1,6,1,-1,-1,1995,2,3,-1,-1,-1
201542I349305,2,9,0,7,0,3,0,0,0,0,2,1,2,2,27,6,1124,1,9,-1,1,-1
201542I349410,1,19,0,1,0,1,0,0,0,0,2,1,6,1,61,9,2300,2,10,-1,1,-1
201542I349410,2,1,0,18,0,1,0,0,0,0,1,1,6,1,67,10,-1,-1,-1,-1,1,-1
201542I349509,1,19,0,9,0,1,0,0,0,0,1,1,6,1,32,6,1560,2,1,-1,2,-1
201542I350004,1,9,0,18,0,3,0,0,0,0,3,1,6,3,-1,-1,-1,-1,-1,-1,-1,-1
201542I350004,2,3,0,18,0,3,1,0,0,0,4,1,6,1,42,7,125,1,3,-1,1,-1
201543N001055,1,9,0,18,0,0,0,0,0,0,1,1,2,1,26,6,2143,2,1,-1,2,-1
201543N001055,2,21,1,18,0,0,0,0,0,0,2,2,1,1,52,8,-1,-1,-1,-1,-1,-1
201543N001075,1,9,0,9,0,5,0,0,0,0,1,1,6,2,40,7,1390,1,11,-1,1,-1
201543N001075,2,97,0,18,0,1,0,0,0,0,1,1,6,1,21,5,749,1,9,-1,3,-1
201543N002015,1,9,0,13,0,0,0,0,0,0,3,1,6,3,-1,-1,-1,-1,-1,-1,-1,-1