Accident_Index,Vehicle_Reference,Vehicle_Type,Towing_and_Articulation,Vehicle_Manoeuvre,Vehicle_Location-Restricted_Lane,Junction_Location,Skidding_and_Overturning,Hit_Object_in_Carriageway,Vehicle_Leaving_Carriageway,Hit_Object_off_Carriageway,1st_Point_of_Impact,Was_Vehicle_Left_Hand_Drive?,Journey_Purpose_of_Driver,Sex_of_Driver,Age_of_Driver,Age_Band_of_Driver,Engine_Capacity_(CC),Propulsion_Code,Age_of_Vehicle,Driver_IMD_Decile,Driver_Home_Area_Type,Vehicle_IMD_Decile
201543N002015,2,1,0,18,0,0,0,0,0,0,4,1,6,1,51,8,-1,-1,-1,-1,1,-1
201543N002035,1,9,0,18,0,0,0,0,0,0,4,1,6,1,53,8,1229,1,10,-1,1,-1
201543N003015,1,5,0,9,0,4,0,0,0,0,0,1,6,1,40,7,750,1,5,-1,1,-1
201543N004035,1,9,0,5,0,8,0,0,0,0,4,1,6,1,30,6,1598,2,2,-1,-1,-1
201543N004035,2,9,0,5,0,8,0,0,0,0,4,1,6,1,22,5,1242,1,10,-1,1,-1
201543N004055,1,9,0,13,0,0,0,7,0,0,1,1,2,1,23,5,1598,1,10,-1,1,-1
201543N004055,2,9,0,18,0,0,0,0,0,0,0,1,6,3,-1,-1,-1,-1,-1,-1,-1,-1
201543N004065,1,9,0,9,0,6,0,0,0,0,3,1,6,2,23,5,1766,1,27,-1,1,-1
201543N004065,2,5,0,18,0,1,0,0,0,0,1,1,6,1,37,7,636,1,10,-1,3,-1
201543N004115,1,9,0,18,0,0,2,0,7,0,3,1,6,2,35,6,1242,1,12,-1,2,-1
201543N005015,1,9,0,7,0,5,0,0,0,0,4,1,6,1,25,5,1398,1,13,-1,1,-1
201543N005015,2,1,0,18,0,1,0,0,0,0,1,1,6,1,44,7,-1,-1,-1,-1,2,-1
201543N005055,1,9,0,7,0,8,0,0,0,0,0,1,6,3,-1,-1,-1,-1,-1,-1,-1,-1
201543N005055,2,1,0,18,5,8,1,0,0,0,0,1,6,1,39,7,-1,-1,-1,-1,1,-1
201543N005065,1,9,0,4,0,1,1,0,0,0,1,1,6,1,22,5,1896,2,15,-1,3,-1
201543N005065,2,9,0,3,0,1,0,0,0,0,2,1,2,1,41,7,1999,1,4,-1,1,-1
201543N005065,3,9,0,10,0,1,0,0,0,0,0,1,6,3,-1,-1,-1,-1,-1,-1,-1,-1
201543N005105,1,2,0,16,0,0,1,10,0,0,1,1,2,1,29,6,675,1,4,-1,1,-1
201543N005115,1,9,0,6,0,8,0,0,0,0,3,1,6,1,41,7,1998,1,11,-1,1,-1
201543N005115,2,3,0,14,0,8,0,0,0,0,1,1,2,1,18,4,124,1,4,-1,1,-1
201543N006035,1,9,0,18,0,1,1,0,0,0,1,1,6,1,18,4,1108,1,14,-1,3,-1
201543N006035,2,9,0,8,0,8,0,0,0,0,2,1,6,1,29,6,1242,1,3,-1,1,-1
201543N006055,1,9,0,17,0,0,2,0,1,7,1,1,6,1,48,8,1598,1,1,-1,3,-1
201543N006075,1,9,0,4,0,1,0,0,0,0,1,1,2,1,65,9,1398,1,-1,-1,3,-1
201543N006075,2,5,0,8,0,1,0,0,0,0,2,1,6,1,75,10,-1,-1,-1,-1,2,-1
201543N006125,1,9,0,18,0,0,0,0,7,9,1,1,2,2,33,6,1198,1,2,-1,3,-1
201543N007045,1,9,0,1,0,0,0,0,0,0,2,1,6,1,-1,-1,-1,-1,-1,-1,-1,-1
201543N007075,1,9,0,18,0,2,0,0,0,0,2,1,6,2,-1,-1,1242,1,14,-1,-1,-1
201543N007075,2,9,0,3,0,2,0,0,0,0,1,1,1,2,34,6,1198,1,1,-1,1,-1
201543N007085,1,9,0,9,0,6,0,0,0,0,3,1,6,3,-1,-1,-1,-1,-1,-1,-1,-1
201543N007085,2,9,0,9,0,6,0,0,0,0,4,1,6,2,38,7,2179,2,1,-1,1,-1
201543N008075,1,9,0,18,0,0,0,0,0,0,1,1,6,1,78,11,1997,1,2,-1,1,-1
201543N008075,2,1,0,18,0,0,0,0,0,0,2,1,6,2,50,8,-1,-1,-1,-1,1,-1
201543N008085,1,9,0,18,0,0,0,0,0,0,4,1,6,2,21,5,1560,2,2,-1,1,-1
201543N008085,2,9,0,2,0,0,0,0,0,0,3,1,6,3,-1,-1,3948,1,-1,-1,-1,-1
201543N008085,3,9,0,2,0,0,0,0,0,0,3,1,6,3,-1,-1,1598,1,1,-1,-1,-1
201543N008095,1,9,0,9,0,8,0,0,0,0,4,1,2,1,43,7,1968,2,4,-1,1,-1
201543N008095,2,1,0,18,0,8,0,0,0,0,1,1,6,1,35,6,-1,-1,-1,-1,1,-1
201543N008105,1,19,0,12,0,1,1,0,0,0,1,1,6,1,-1,-1,-1,-1,-1,-1,-1,-1
201543N008105,2,9,0,3,0,1,0,0,0,0,2,1,6,1,51,8,-1,-1,-1,-1,3,-1
201543N008125,1,11,0,18,0,0,0,0,0,0,1,1,1,3,-1,-1,4164,2,23,-1,-1,-1
201543N008125,2,9,0,3,0,0,0,0,0,0,0,1,6,1,23,5,1686,2,13,-1,3,-1
201543N009125,1,9,0,16,0,0,2,10,7,9,1,1,2,1,45,7,1242,1,14,-1,1,-1
201543N010075,1,3,0,13,0,0,1,0,0,0,1,1,6,1,18,4,124,1,3,-1,1,-1
201543N010075,2,9,0,18,0,0,0,0,0,0,2,1,1,2,55,8,-1,-1,-1,-1,3,-1
201543N011015,1,9,0,18,0,0,0,0,0,0,4,1,6,2,60,9,2179,2,1,-1,1,-1
201543N011025,1,9,0,18,0,1,0,0,0,0,4,1,2,1,41,7,1995,2,11,-1,1,-1
201543N011045,1,9,0,17,0,0,1,0,0,0,1,1,6,2,27,6,-1,-1,-1,-1,1,-1
201543N011045,2,9,0,16,0,0,1,0,0,0,1,1,6,2,25,5,1968,2,-1,-1,3,-1
201543N011055,1,9,0,17,0,0,1,0,2,7,2,1,6,2,50,8,1400,1,16,-1,1,-1
201543N011125,1,9,0,5,0,8,0,0,0,0,1,1,6,3,-1,-1,-1,-1,-1,-1,-1,-1
201543N011125,2,1,0,18,0,8,0,0,0,0,2,1,2,1,25,5,-1,-1,-1,-1,1,-1
201543N012015,1,9,0,9,0,6,0,0,0,0,3,1,6,1,33,6,-1,-1,-1,-1,1,-1
201543N012015,2,9,0,18,0,8,0,0,1,0,1,1,6,1,20,4,-1,-1,-1,-1,1,-1
201543N012025,1,9,0,17,0,0,2,10,1,11,1,1,6,2,26,6,-1,-1,-1,-1,1,-1
201543N012045,1,9,0,9,0,5,0,0,0,0,4,1,6,1,69,10,2598,1,19,-1,2,-1
201543N012045,2,5,0,18,0,1,0,0,0,0,1,1,6,1,-1,-1,1584,1,8,-1,1,-1
201543N013015,1,9,0,18,0,8,0,0,0,0,4,1,6,1,43,7,-1,-1,-1,-1,1,-1
201543N013015,2,9,0,9,0,8,0,0,0,0,3,1,6,2,20,4,-1,-1,-1,-1,1,-1
201543N013035,1,9,0,18,0,1,0,0,0,0,1,1,6,2,22,5,1242,1,6,-1,3,-1
201543N013035,2,9,0,18,0,1,0,0,0,0,2,1,6,2,47,8,1242,1,12,-1,1,-1
201543N014015,1,9,0,17,0,0,0,0,2,3,4,1,6,1,22,5,-1,-1,-1,-1,3,-1
201543N014115,1,9,0,18,0,8,0,0,0,0,1,1,6,1,-1,-1,-1,-1,-1,-1,-1,-1
201543N014115,2,1,0,18,0,8,0,0,0,0,1,1,6,2,30,6,-1,-1,-1,-1,1,-1
201543N015035,1,21,1,18,0,0,0,0,0,0,0,1,6,1,57,9,12777,2,5,-1,1,-1
201543N015035,2,19,0,2,6,0,0,0,0,0,2,1,6,1,32,6,1753,2,11,-1,1,-1
201543N016125,1,9,0,1,9,8,0,0,0,0,2,1,6,3,-1,-1,-1,-1,-1,-1,-1,-1
201543N017055,1,9,0,16,0,0,5,0,1,7,3,1,6,2,20,4,1149,1,9,-1,1,-1
201543N017075,1,9,0,13,0,2,0,0,0,0,3,1,6,1,60,9,1951,2,10,-1,1,-1
201543N017075,2,19,0,18,0,1,0,0,0,0,3,1,6,1,65,9,1998,2,11,-1,1,-1
201543N017075,3,9,0,2,0,2,0,0,0,0,0,1,6,3,-1,-1,-1,-1,-1,-1,-1,-1
201543N017085,1,9,0,18,0,1,0,0,0,0,1,1,2,2,53,8,1798,1,2,-1,1,-1
201543N017085,2,9,0,4,0,1,0,0,0,0,2,1,2,2,56,9,1598,1,5,-1,1,-1
201543N017105,1,9,0,18,0,1,5,0,7,10,1,1,6,2,20,4,1242,1,9,-1,2,-1
201543N018025,1,9,0,16,0,1,1,0,0,0,1,1,6,1,31,6,-1,-1,-1,-1,1,-1
201543N018025,2,9,0,17,0,1,0,0,0,0,1,1,6,1,49,8,-1,-1,-1,-1,1,-1
201543N018025,3,9,0,2,0,2,0,0,0,0,2,1,6,3,-1,-1,2319,1,19,-1,-1,-1
201543N018055,1,8,0,9,0,6,0,0,0,0,1,1,1,1,29,6,-1,-1,-1,-1,2,-1
201543N018055,2,9,0,18,0,8,0,0,0,0,3,1,6,1,18,4,1149,1,14,-1,3,-1
201543N018075,1,9,0,18,0,0,0,0,0,0,1,1,6,1,-1,-1,-1,-1,-1,-1,-1,-1
201543N018105,1,9,0,18,0,0,0,0,0,0,1,1,6,1,24,5,1798,1,1,-1,1,-1
201543N018105,2,9,0,18,0,0,0,0,0,0,0,1,6,2,-1,-1,-1,-1,-1,-1,-1,-1
201543N019025,1,9,0,18,0,0,5,0,1,0,1,1,2,2,20,4,1390,1,5,-1,2,-1
201543N019085,1,9,0,7,9,8,0,0,0,0,4,1,6,1,55,8,1363,2,10,-1,1,-1
201543N019085,2,1,0,18,9,8,0,0,0,0,1,1,6,1,36,7,-1,-1,-1,-1,1,-1
201543N019095,1,1,0,18,0,0,0,0,0,0,1,1,6,2,17,4,-1,-1,-1,-1,1,-1
201543N019095,2,9,0,18,0,0,0,0,0,0,1,1,2,1,46,8,1968,2,1,-1,1,-1
201543N019105,1,9,0,18,0,0,0,0,0,0,1,1,1,1,-1,-1,-1,-1,-1,-1,-1,-1
201543N020015,1,9,0,13,0,1,0,0,0,0,1,1,6,1,-1,-1,-1,-1,-1,-1,-1,-1
201543N020015,2,9,0,9,0,2,0,0,0,0,3,1,6,1,63,9,-1,-1,-1,-1,1,-1
201543N020075,1,4,0,18,0,0,1,4,0,0,1,1,6,1,28,6,599,1,19,-1,3,-1
201543N020075,2,9,0,2,0,0,0,0,0,0,2,1,6,1,46,8,2000,2,11,-1,2,-1
201543N020085,1,9,0,9,0,6,1,0,0,0,3,1,6,2,48,8,1598,2,2,-1,3,-1
201543N020085,2,5,0,18,0,1,0,0,0,0,1,1,2,1,42,7,749,1,13,-1,1,-1
201543N020095,1,3,0,18,0,0,1,0,0,0,1,1,6,1,28,6,124,1,2,-1,1,-1
201543N020095,2,9,0,4,0,0,0,0,0,0,1,1,1,1,63,9,1596,1,1,-1,2,-1
201543N020095,3,90,0,3,0,0,0,0,0,0,0,1,1,1,-1,-1,-1,-1,-1,-1,-1,-1
201543N020125,1,9,0,18,0,0,1,0,0,0,1,1,6,2,53,8,1995,1,4,-1,3,-1
201543N020125,2,19,0,2,0,0,0,0,0,0,2,1,6,1,35,6,2402,2,8,-1,3,-1
201543N021015,1,9,0,16,0,0,0,0,0,0,4,1,6,2,44,7,-1,-1,-1,-1,1,-1
201543N021015,2,9,0,2,0,0,0,0,0,0,3,1,6,3,-1,-1,1368,1,5,-1,-1,-1
201543N021035,1,9,0,18,0,0,0,0,0,0,1,1,6,1,52,8,1199,1,12,-1,1,-1
201543N021035,2,1,0,18,0,0,0,0,0,0,2,1,6,1,56,9,-1,-1,-1,-1,1,-1
201543N021085,1,9,0,18,0,1,0,0,0,0,1,1,1,2,19,4,1229,1,10,-1,1,-1
201543N021085,2,9,0,3,0,1,0,0,0,0,0,1,6,2,51,8,1984,1,3,-1,1,-1
201543N021085,3,9,0,3,0,1,0,0,0,0,0,1,6,2,46,8,2199,2,4,-1,1,-1
201543N021085,4,19,0,2,0,1,0,0,0,0,0,1,6,3,-1,-1,2402,2,8,-1,-1,-1
201543N021095,1,9,0,18,0,0,1,0,0,0,1,1,6,1,40,7,2987,2,5,-1,1,-1
201543N021095,2,9,0,4,0,0,0,0,0,0,2,1,6,3,-1,-1,-1,-1,-1,-1,-1,-1
201543N022025,1,9,0,16,0,0,1,0,0,0,1,1,2,2,29,6,1198,1,10,-1,2,-1
201543N022025,2,19,0,18,0,0,0,0,0,0,1,1,6,1,82,11,-1,-1,-1,-1,2,-1
201543N022085,1,9,0,18,0,1,0,0,0,0,4,1,6,1,38,7,1796,1,12,-1,1,-1
201543N022095,1,9,0,18,0,0,0,0,1,0,1,1,6,2,44,7,1995,2,9,-1,3,-1
201543N022095,2,9,0,18,0,0,0,0,0,0,1,1,6,2,25,5,1388,1,9,-1,1,-1
201543N023025,1,9,0,18,0,8,0,0,0,0,1,1,6,1,70,10,-1,-1,-1,-1,3,-1
201543N023025,2,9,0,9,0,8,0,0,0,0,4,1,6,1,66,10,1997,2,8,-1,1,-1
201543N023035,1,9,0,17,0,0,1,10,0,0,1,1,6,1,20,4,-1,-1,-1,-1,1,-1
201543N023035,2,9,0,16,0,0,0,0,0,0,1,1,6,1,27,6,-1,-1,-1,-1,1,-1
201543N024105,1,9,0,18,0,0,0,0,7,0,1,1,6,1,28,6,2000,1,8,-1,3,-1
201543N024105,2,9,0,18,0,0,0,0,0,0,1,1,6,2,50,8,-1,-1,-1,-1,2,-1
201543N025075,1,3,0,17,0,0,0,0,0,0,0,1,6,1,23,5,114,1,-1,-1,3,-1
201543N025095,1,9,0,18,0,0,0,0,7,4,1,1,2,1,19,4,1398,2,12,-1,1,-1
201543N026015,1,9,0,16,0,2,1,0,0,0,1,1,6,1,26,6,998,1,6,-1,1,-1
201543N026015,2,9,0,17,0,1,0,0,0,0,1,1,6,1,18,4,-1,-1,-1,-1,1,-1
201543N026025,1,9,0,18,0,0,1,0,0,0,1,1,2,2,61,9,1799,1,19,-1,1,-1
201543N026025,2,9,0,18,0,0,0,0,0,0,1,1,2,2,35,6,-1,-1,-1,-1,1,-1
201543N026025,3,9,0,18,0,0,0,0,0,0,2,1,2,1,38,7,1796,1,5,-1,1,-1
201543N026035,1,9,0,9,0,6,0,0,0,0,3,1,1,2,23,5,1598,1,10,-1,3,-1
201543N026035,2,9,0,18,0,1,0,0,0,0,1,1,6,2,59,9,-1,-1,-1,-1,2,-1
201543N026095,1,9,0,18,0,0,0,0,1,0,1,1,6,1,28,6,1968,2,4,-1,1,-1
201543N026095,2,19,0,18,0,0,0,0,1,0,2,1,1,1,45,7,2461,2,12,-1,2,-1
201543N027075,1,9,0,18,0,0,0,0,0,0,4,1,6,3,-1,-1,-1,-1,-1,-1,-1,-1
201543N029055,1,1,0,18,0,0,1,0,0,0,1,1,6,2,57,9,-1,-1,-1,-1,3,-1
201543N029055,2,19,0,18,0,0,0,0,0,0,4,1,1,1,53,8,2198,2,1,-1,1,-1
201543N029095,1,4,0,7,0,6,0,0,1,0,3,1,6,1,68,10,125,1,7,-1,1,-1
201543N029095,2,9,0,18,0,1,0,0,0,0,4,1,2,1,26,6,2295,1,14,-1,1,-1
201543N030025,1,9,0,12,0,8,0,0,4,1,4,1,1,1,22,5,998,1,1,-1,3,-1
201543N030025,2,9,0,18,0,8,0,0,0,0,3,1,6,1,26,6,1896,2,6,-1,1,-1
201543N030055,1,9,0,18,0,0,1,0,7,4,1,1,1,1,57,9,-1,-1,-1,-1,1,-1
201543N030085,1,19,0,18,0,0,1,0,0,0,1,1,1,1,22,5,2977,2,7,-1,3,-1
201543N030085,2,9,0,4,0,0,0,0,0,0,2,1,1,2,54,8,-1,-1,-1,-1,3,-1
201543N030085,3,9,0,4,0,0,0,0,0,0,2,1,6,1,38,7,1248,2,9,-1,2,-1
201543N030085,4,9,0,4,0,0,0,0,0,0,2,1,6,1,-1,-1,1560,2,2,-1,1,-1
201543N030115,1,9,0,18,0,0,5,7,0,0,1,1,6,1,24,5,1360,1,9,-1,1,-1
201543N031015,1,9,0,4,0,2,1,0,0,0,1,1,6,2,27,6,-1,-1,-1,-1,1,-1
201543N031015,2,9,0,4,0,2,0,0,0,0,2,1,6,2,20,4,-1,-1,-1,-1,1,-1
201543N031015,3,9,0,4,0,2,0,0,0,0,2,1,6,2,65,9,1395,1,2,-1,3,-1
201543N031025,1,9,0,4,0,1,1,0,0,0,1,1,2,2,24,5,1149,1,13,-1,1,-1
201543N031025,2,9,0,4,0,1,1,0,0,0,1,1,6,2,41,7,-1,-1,-1,-1,1,-1
201543N031025,3,9,0,8,0,1,0,0,0,0,2,1,3,2,38,7,1596,1,12,-1,1,-1
201543N031085,1,9,0,9,0,5,0,0,0,0,3,1,6,1,88,11,2597,1,14,-1,2,-1
201543N031085,2,3,0,18,0,1,0,0,0,0,4,1,6,1,23,5,124,1,21,-1,2,-1
201543N031105,1,5,0,7,0,1,1,0,0,0,1,1,6,1,30,6,599,1,7,-1,1,-1
201543N031105,2,9,0,18,0,1,0,0,0,0,1,1,6,1,33,6,2231,2,9,-1,1,-1
201543N031105,3,9,0,18,0,1,0,0,0,0,1,1,6,1,70,10,1388,1,4,-1,1,-1
201543N031125,1,9,0,18,0,0,0,0,0,0,1,1,6,1,-1,-1,-1,-1,-1,-1,-1,-1
201543N031125,2,9,0,18,0,0,0,0,0,0,2,1,6,1,40,7,1389,1,15,-1,1,-1
201543N031125,3,9,0,18,0,0,0,0,0,0,0,1,1,3,-1,-1,-1,-1,-1,-1,-1,-1
201543N032015,1,9,0,16,0,0,1,0,0,0,3,1,2,1,51,8,-1,-1,-1,-1,1,-1
201543N032015,2,9,0,17,0,0,0,0,0,0,1,1,6,2,52,8,2204,2,8,-1,3,-1
201543N033035,1,9,0,9,0,6,0,0,0,0,1,1,3,2,44,7,1598,1,4,-1,1,-1
201543N033035,2,9,0,18,0,8,0,0,1,11,4,1,6,1,25,5,-1,-1,-1,-1,1,-1
201543N033055,1,19,0,18,0,0,0,0,2,4,1,1,6,1,29,6,1998,2,13,-1,-1,-1
201543N033065,1,9,0,18,0,0,0,0,0,0,1,1,6,2,18,4,1364,1,7,-1,-1,-1
201543N033085,1,9,0,18,0,0,0,0,0,0,1,1,6,3,-1,-1,-1,-1,-1,-1,-1,-1
201543N033095,1,9,0,13,0,0,2,0,2,7,1,1,6,1,33,6,1910,2,9,-1,1,-1
201543N033095,2,9,0,12,0,0,0,0,0,0,0,1,2,2,35,6,1242,1,2,-1,3,-1
201543N033125,1,9,0,18,0,0,0,0,0,0,1,1,6,2,70,10,2685,2,12,-1,1,-1
201543N034125,1,9,0,18,0,0,5,4,0,0,1,1,6,1,25,5,1598,1,12,-1,2,-1
201543N034125,2,19,0,2,0,0,0,0,0,0,2,1,6,3,-1,-1,1598,2,7,-1,-1,-1
201543N035035,1,9,0,18,0,0,1,0,4,6,1,1,6,1,34,6,1968,2,2,-1,1,-1
201543N035035,2,9,0,2,0,0,0,0,0,0,2,1,6,1,37,7,1870,2,8,-1,1,-1
201543N035045,1,9,0,18,0,2,0,0,0,0,1,1,6,1,75,10,1956,2,2,-1,1,-1
201543N035095,1,9,0,7,0,4,0,0,0,0,1,1,6,2,23,5,1242,1,3,-1,-1,-1
201543N035095,2,1,0,17,0,8,0,0,0,0,4,1,6,1,43,7,-1,-1,-1,-1,1,-1
201543N036015,1,9,0,6,0,0,0,0,1,10,1,1,6,1,85,11,1299,1,11,-1,2,-1
201543N036025,1,9,0,18,0,0,0,0,1,3,4,1,2,1,35,6,-1,-1,-1,-1,-1,-1
201543N036065,1,19,0,17,0,0,0,0,0,0,1,1,1,1,23,5,1248,2,4,-1,1,-1
201543N036065,2,9,0,16,0,0,0,0,0,0,1,1,6,2,43,7,1586,1,8,-1,2,-1
201543N036075,1,9,0,9,0,4,0,0,0,0,1,1,6,1,23,5,-1,-1,-1,-1,1,-1
201543N036075,2,9,0,10,0,4,0,0,0,0,2,1,6,2,51,8,1598,2,5,-1,1,-1
201543N036105,1,9,0,18,0,0,1,0,1,4,1,1,6,1,45,7,1796,1,12,-1,1,-1
201543N037025,1,19,0,18,0,0,0,0,0,0,1,1,1,1,-1,-1,2287,2,8,-1,3,-1
201543N037025,2,9,0,18,0,0,2,0,0,0,2,1,6,1,60,9,-1,-1,-1,-1,-1,-1
201543N037035,1,19,0,18,0,0,0,0,0,0,1,1,1,1,58,9,2460,2,8,-1,1,-1
201543N037035,2,19,0,18,0,0,0,0,0,0,2,1,1,1,43,7,2198,2,1,-1,1,-1
201543N037045,1,3,0,18,0,0,1,0,0,0,0,1,2,1,19,4,124,1,3,-1,1,-1
201543N037065,1,9,0,18,0,4,0,0,0,0,1,1,6,2,-1,-1,1339,1,1,-1,1,-1
201543N037065,2,9,0,9,0,4,0,0,0,0,1,1,6,2,48,8,1598,1,1,-1,1,-1
201543N037085,1,9,0,9,0,6,0,0,1,4,3,1,1,2,46,8,1591,1,-1,-1,1,-1
201543N037085,2,9,0,18,0,8,1,0,0,0,1,1,6,1,25,5,1299,1,12,-1,3,-1
201543N037095,1,9,0,18,0,1,0,0,0,0,1,1,1,1,-1,-1,1686,2,2,-1,1,-1
201543N037095,2,9,0,4,0,1,1,0,0,0,2,1,1,1,34,6,1560,2,4,-1,3,-1
201543N037095,3,9,0,4,0,1,1,0,0,0,2,1,1,1,-1,-1,3436,1,3,-1,1,-1
201543N037095,4,9,0,4,0,1,0,0,0,0,2,1,1,1,64,9,2400,2,1,-1,1,-1
201543N037105,1,9,0,18,0,0,1,0,0,0,1,1,6,2,35,6,1560,2,5,-1,-1,-1
201543N038035,1,9,0,11,0,0,0,0,0,0,1,1,1,1,25,5,1686,2,1,-1,1,-1
201543N038035,2,5,0,18,0,0,1,0,0,0,1,1,2,1,64,9,675,1,3,-1,-1,-1
201543N038035,3,9,0,18,0,0,0,0,0,0,2,1,2,2,28,6,1242,1,6,-1,1,-1
201543N038115,1,2,0,5,0,8,1,0,0,0,4,1,6,2,18,4,49,1,4,-1,3,-1
201543N038115,2,9,0,5,0,8,0,0,0,0,1,1,6,1,66,10,-1,-1,-1,-1,1,-1
201543N039025,1,9,0,18,0,0,0,0,0,0,1,1,6,2,23,5,-1,-1,-1,-1,3,-1
201543N039025,2,9,0,4,0,0,0,0,0,0,2,1,6,3,50,8,-1,-1,-1,-1,2,-1
201543N039025,3,9,0,4,0,0,0,0,0,0,2,1,6,2,53,8,2400,2,5,-1,1,-1
201543N039035,1,5,0,16,0,0,1,0,7,0,1,1,6,1,25,5,-1,-1,-1,-1,-1,-1
201543N039045,1,9,0,16,0,8,1,0,0,0,1,1,1,2,19,4,998,1,7,-1,2,-1
201543N039045,2,9,0,17,0,8,0,0,0,0,1,1,1,1,28,6,1364,1,1,-1,1,-1
201543N039055,1,9,0,18,0,1,1,0,0,0,1,1,1,1,24,5,-1,-1,-1,-1,2,-1
201543N039055,2,9,0,10,0,1,0,0,0,0,2,1,1,1,48,8,2435,1,16,-1,1,-1
201543N039065,1,21,1,5,0,0,0,0,0,0,2,2,1,1,61,9,-1,-1,-1,-1,-1,-1
201543N039065,2,21,1,18,0,0,1,0,0,0,1,1,1,1,38,7,10837,2,5,-1,1,-1
201543N039095,1,9,0,7,0,8,0,0,0,0,1,1,6,2,85,11,1587,1,11,-1,1,-1
201543N039095,2,2,0,18,0,8,0,0,0,0,4,1,6,1,22,5,49,1,2,-1,1,-1
201543N039105,1,9,0,12,0,0,0,0,0,0,3,1,2,1,31,6,1397,1,15,-1,-1,-1
201543N039105,2,9,0,18,0,0,0,0,0,0,4,1,2,1,48,8,1956,2,5,-1,2,-1
201543N040015,1,9,0,4,0,1,0,0,0,0,1,1,6,1,46,8,1598,1,9,-1,1,-1
201543N040015,2,9,0,4,0,1,0,0,0,0,1,1,6,2,47,8,1364,1,8,-1,1,-1
201543N040015,3,9,0,4,0,1,0,0,0,0,2,1,6,1,25,5,1596,1,2,-1,1,-1
201543N040055,1,9,0,9,0,6,0,0,0,0,0,1,6,1,33,6,-1,-1,-1,-1,1,-1
201543N040055,2,3,0,18,0,1,0,0,0,0,0,1,2,1,16,4,124,1,-1,-1,1,-1
201543N040075,1,9,0,9,0,5,0,0,0,0,2,1,6,2,48,8,1997,2,7,-1,3,-1
201543N040075,2,4,0,18,0,1,0,0,0,0,1,1,6,1,20,4,-1,-1,-1,-1,-1,-1
201543N041015,1,9,0,14,0,0,0,0,0,0,1,1,2,2,25,5,998,1,1,-1,1,-1
201543N041015,2,19,0,3,0,0,0,0,0,0,0,1,6,3,-1,-1,-1,-1,-1,-1,-1,-1
201543N041045,1,9,0,18,0,1,0,0,0,0,1,1,6,2,-1,-1,1596,1,5,-1,1,-1
201543N041045,2,9,0,4,0,1,0,0,0,0,2,1,6,2,26,6,1596,1,4,-1,1,-1
201543N041055,1,9,0,18,0,0,1,0,0,0,1,1,6,1,22,5,998,1,5,-1,2,-1
201543N041055,2,9,0,18,0,0,0,0,0,0,1,1,6,1,46,8,2179,2,-1,-1,1,-1
201543N041055,3,9,0,4,0,0,0,0,0,0,0,1,6,3,-1,-1,-1,-1,-1,-1,-1,-1
201543N041065,1,9,0,9,0,5,0,0,0,0,1,1,6,2,27,6,1783,1,15,-1,3,-1
201543N041085,1,9,0,4,0,0,0,0,0,0,1,1,1,1,36,7,2987,2,3,-1,1,-1
201543N041085,2,9,0,3,0,0,0,0,0,0,2,1,2,1,35,6,1598,2,-1,-1,1,-1
201543N041095,1,9,0,18,0,0,0,0,0,0,1,1,6,1,68,10,-1,-1,-1,-1,2,-1
201543N041105,1,9,0,4,0,0,0,0,0,0,1,1,3,2,38,7,1968,2,5,-1,3,-1
201543N041105,2,19,0,3,0,0,0,0,0,0,2,1,2,1,19,4,1560,2,1,-1,1,-1
201543N041105,3,9,0,3,0,0,0,0,0,0,2,1,2,1,32,6,1390,1,1,-1,2,-1
201543N042035,1,9,0,7,0,2,0,0,0,0,1,1,6,2,43,7,1388,1,5,-1,1,-1
201543N042035,2,9,0,7,0,2,0,0,0,0,2,1,6,2,18,4,1248,2,7,-1,1,-1
201543N042085,1,9,0,18,0,0,0,0,0,0,1,1,6,1,24,5,1399,2,13,-1,1,-1
201543N042085,2,9,0,3,0,0,0,0,0,0,2,1,6,2,23,5,1198,1,2,-1,1,-1
201543N042085,3,9,0,3,0,0,0,0,0,0,2,1,6,2,46,8,1995,2,4,-1,1,-1
201543N042105,1,3,0,18,0,4,0,0,0,0,3,1,2,1,21,5,125,1,2,-1,1,-1
201543N042115,1,3,0,18,0,0,1,0,0,0,1,1,6,1,16,4,124,1,14,-1,1,-1
201543N042115,2,9,0,18,0,0,0,0,0,0,1,1,6,1,23,5,1798,1,7,-1,1,-1
201543N043045,1,9,0,18,0,0,0,0,2,7,2,1,6,1,25,5,1598,1,11,-1,1,-1
201543N043085,1,4,0,18,0,0,1,12,0,0,1,1,6,1,51,8,498,1,18,-1,1,-1
201543N043095,1,9,0,12,8,0,0,0,0,0,2,1,6,2,32,6,1598,1,9,-1,1,-1
201543N043095,2,9,0,18,0,0,0,0,0,0,1,1,6,2,21,5,1388,1,5,-1,1,-1
201543N043115,1,9,0,17,0,0,5,0,1,9,2,1,6,1,45,7,1242,1,9,-1,2,-1
201543N044065,1,9,0,7,0,5,0,0,0,0,1,1,6,1,75,10,1668,1,12,-1,2,-1
201543N044065,2,9,0,18,0,8,0,0,0,0,4,1,6,1,18,4,996,1,6,-1,1,-1
201543N044085,1,9,0,18,0,0,0,0,5,6,1,1,6,1,28,6,1560,2,1,-1,1,-1
201543N044115,1,8,0,6,0,0,0,0,0,0,3,1,1,1,57,9,-1,-1,-1,-1,1,-1