Accident_Index,Vehicle_Reference,Vehicle_Type,Towing_and_Articulation,Vehicle_Manoeuvre,Vehicle_Location-Restricted_Lane,Junction_Location,Skidding_and_Overturning,Hit_Object_in_Carriageway,Vehicle_Leaving_Carriageway,Hit_Object_off_Carriageway,1st_Point_of_Impact,Was_Vehicle_Left_Hand_Drive?,Journey_Purpose_of_Driver,Sex_of_Driver,Age_of_Driver,Age_Band_of_Driver,Engine_Capacity_(CC),Propulsion_Code,Age_of_Vehicle,Driver_IMD_Decile,Driver_Home_Area_Type,Vehicle_IMD_Decile
201543N044115,2,9,0,18,0,0,0,0,0,0,4,1,6,1,44,7,2495,2,20,-1,1,-1
201543N045055,1,9,0,16,0,0,1,0,0,0,1,1,6,1,31,6,2000,1,8,-1,1,-1
201543N045055,2,20,0,1,0,0,0,0,0,0,3,1,6,3,-1,-1,3920,2,10,-1,-1,-1
201543N045055,3,19,0,1,0,0,0,0,0,0,3,1,6,3,-1,-1,1560,2,2,-1,-1,-1
201543N045065,1,9,0,18,0,0,0,0,0,0,1,1,6,1,42,7,1995,2,4,-1,3,-1
201543N045065,2,9,0,3,0,0,0,0,1,0,2,1,6,2,50,8,1390,1,18,-1,3,-1
201543N045065,3,9,0,2,0,0,0,0,0,0,2,1,6,1,57,9,-1,-1,-1,-1,1,-1
201543N045095,1,3,0,18,0,1,1,0,0,0,1,1,6,1,27,6,-1,-1,-1,-1,2,-1
201543N045095,2,19,0,3,0,1,0,0,0,0,3,1,1,1,55,8,1560,2,-1,-1,1,-1
201543N045095,3,9,0,18,0,1,0,0,0,0,4,1,6,2,36,7,2204,2,7,-1,1,-1
201543N045115,1,9,0,17,0,0,5,0,1,9,4,1,6,1,77,11,1390,1,12,-1,1,-1
201543N045125,1,21,0,11,0,0,0,0,0,0,4,1,6,1,50,8,-1,-1,-1,-1,1,-1
201543N045125,2,9,0,18,0,0,0,0,0,0,3,1,6,1,34,6,2496,2,14,-1,1,-1
201543N046075,1,9,0,18,0,0,0,0,0,0,1,1,6,3,-1,-1,-1,-1,-1,-1,-1,-1
201543N046075,2,9,0,3,0,0,0,0,0,0,2,1,6,1,60,9,2435,6,18,-1,1,-1
201543N046095,1,90,0,18,0,0,0,0,1,0,1,1,6,1,81,11,2460,2,10,-1,2,-1
201543N047015,1,9,0,1,0,0,0,0,0,0,2,1,2,1,41,7,1998,1,7,-1,3,-1
201543N047025,1,9,0,9,0,5,0,0,0,0,4,1,6,1,22,5,996,1,1,-1,1,-1
201543N047025,2,9,0,18,0,1,0,0,0,0,1,1,6,1,43,7,-1,-1,-1,-1,1,-1
201543N047045,1,9,0,18,0,8,0,0,3,9,1,1,6,1,22,5,1399,2,7,-1,2,-1
201543N047045,2,9,0,18,0,8,0,0,7,9,1,1,6,1,37,7,1991,1,16,-1,1,-1
201543N047085,1,21,1,11,0,0,0,0,0,0,4,1,6,1,-1,-1,12130,2,10,-1,3,-1
201543N047085,2,9,0,18,0,0,0,0,0,0,3,1,6,1,36,7,1598,1,11,-1,3,-1
201543N047105,1,9,0,18,0,0,5,0,2,7,1,1,6,1,41,7,1149,1,10,-1,1,-1
201543N048015,1,9,0,18,0,4,0,0,0,0,3,1,6,1,51,8,1997,2,7,-1,1,-1
201543N048015,2,1,0,9,0,8,0,0,0,0,1,1,6,1,20,4,-1,-1,-1,-1,1,-1
201543N048055,1,9,0,2,0,1,0,0,0,0,2,1,6,1,55,8,1998,1,7,-1,-1,-1
201543N048055,2,9,0,18,0,1,1,4,0,0,1,1,6,2,78,11,1149,1,10,-1,1,-1
201543N048055,3,9,0,18,0,1,1,0,0,0,1,1,6,2,32,6,-1,-1,-1,-1,1,-1
201543N048055,4,19,0,2,0,1,0,0,0,0,0,1,6,1,70,10,1686,2,11,-1,1,-1
201543N048085,1,9,0,7,0,6,0,0,0,0,1,1,6,1,67,10,2231,2,9,-1,2,-1
201543N048085,2,9,0,16,0,1,1,0,0,0,1,1,6,1,18,4,1242,1,13,-1,3,-1
201543N049105,1,19,0,9,0,6,0,0,0,0,0,1,6,3,-1,-1,-1,-1,-1,-1,-1,-1
201543N049105,2,9,0,5,0,1,0,0,0,0,2,1,2,1,52,8,1984,1,2,-1,2,-1
201543N049105,3,1,0,18,0,1,0,0,0,0,1,1,2,1,48,8,-1,-1,-1,-1,-1,-1
201543N049115,1,9,0,9,0,8,0,0,0,0,1,1,6,2,64,9,1242,1,3,-1,1,-1
201543N049115,2,2,0,18,0,8,0,0,0,0,1,1,6,1,16,4,49,1,2,-1,3,-1
201543N049125,1,5,0,18,0,0,0,0,0,0,1,1,2,1,52,8,599,1,13,-1,1,-1
201543N049125,2,9,0,5,0,0,0,0,0,0,2,1,1,2,27,6,1997,2,12,-1,1,-1
201543N050035,1,9,0,18,0,4,0,0,0,0,1,1,6,1,-1,-1,-1,-1,-1,-1,-1,-1
201543N050035,2,9,0,3,0,4,0,0,0,0,2,1,6,1,42,7,1596,1,8,-1,1,-1
201543N050045,1,9,0,17,0,0,0,0,1,0,1,1,6,1,17,4,-1,-1,-1,-1,1,-1
201543N050095,1,9,0,6,0,0,0,0,0,0,3,1,1,1,30,6,-1,-1,-1,-1,1,-1
201543N050095,2,5,0,18,0,0,0,0,0,0,1,1,1,1,50,8,656,1,9,-1,1,-1
201543N050115,1,19,0,4,0,0,0,0,0,0,0,1,6,3,-1,-1,-1,-1,-1,-1,-1,-1
201543N050115,2,3,0,18,0,0,1,0,0,0,0,1,6,1,26,6,125,1,-1,-1,1,-1
201543N050125,1,9,0,18,0,8,0,0,0,0,1,1,1,1,60,9,1560,2,10,-1,3,-1
201543N050125,2,9,0,9,0,8,0,0,0,0,1,1,1,2,31,6,999,1,-1,-1,2,-1
201543N051045,1,9,0,9,0,8,0,0,0,0,4,1,6,1,-1,-1,1984,1,9,-1,1,-1
201543N051045,2,9,0,5,0,8,0,0,0,0,1,1,6,2,33,6,998,1,9,-1,2,-1
201543N052035,1,9,0,17,0,0,0,0,0,0,1,1,6,2,46,8,-1,-1,-1,-1,1,-1
201543N052035,2,9,0,17,0,0,0,0,0,0,2,1,6,2,38,7,1686,2,12,-1,2,-1
201543N053015,1,9,0,9,0,6,0,0,0,0,1,1,6,2,18,4,1242,1,14,-1,1,-1
201543N053015,2,8,0,18,0,1,2,0,7,3,1,1,1,1,48,8,-1,-1,-1,-1,1,-1
201543N053055,1,9,0,18,0,0,0,0,0,0,1,1,6,1,41,7,2987,2,5,-1,1,-1
201543N053055,2,9,0,4,0,0,0,0,0,0,2,1,6,1,37,7,1910,2,10,-1,2,-1
201543N053095,1,9,0,17,0,0,1,0,1,9,2,1,1,2,45,7,1598,1,8,-1,2,-1
201543N053105,1,9,0,18,0,0,5,4,0,0,1,1,6,2,94,11,1896,2,9,-1,2,-1
201543N053105,2,19,0,18,0,0,0,0,0,0,3,1,6,1,49,8,1560,2,4,-1,1,-1
201543N053105,3,9,0,2,0,0,0,0,0,0,1,1,6,3,-1,-1,1995,1,13,-1,-1,-1
201543N055065,1,9,0,18,0,0,0,0,0,0,1,1,6,2,54,8,1997,2,7,-1,3,-1
201543N055065,2,9,0,3,0,0,0,0,0,0,2,1,6,1,58,9,1968,2,3,-1,3,-1
201543N055065,3,9,0,3,0,0,0,0,0,0,2,1,6,2,53,8,2199,2,-1,-1,2,-1
201543N055105,1,9,0,8,0,1,0,0,0,0,1,1,2,1,60,9,1997,2,2,-1,1,-1
201543N055105,2,9,0,8,0,1,0,0,0,0,2,1,6,2,40,7,1398,2,9,-1,1,-1
201543N056025,1,9,0,16,0,0,1,0,0,0,1,1,2,1,26,6,1388,1,17,-1,3,-1
201543N056025,2,9,0,17,0,0,0,0,0,0,1,1,6,1,52,8,-1,-1,-1,-1,3,-1
201543N056045,1,9,0,18,0,0,0,0,0,0,0,1,6,1,60,9,1968,2,7,-1,2,-1
201543N056045,2,9,0,11,0,0,0,0,1,11,1,1,6,2,24,5,-1,-1,-1,-1,1,-1
201543N056115,1,9,0,6,0,5,0,0,0,0,3,1,6,1,-1,-1,1242,1,3,-1,1,-1
201543N056115,2,1,0,14,0,1,0,0,0,0,1,1,6,1,39,7,-1,-1,-1,-1,1,-1
201543N057025,1,9,0,4,0,4,0,0,0,0,1,1,6,2,57,9,1797,8,3,-1,1,-1
201543N057085,1,9,0,9,0,5,0,0,0,0,1,1,6,1,-1,-1,1686,2,5,-1,-1,-1
201543N057085,2,1,0,10,0,1,0,0,0,0,1,1,2,2,40,7,-1,-1,-1,-1,1,-1
201543N058025,1,9,0,14,0,1,0,0,0,0,4,1,6,2,35,6,2979,1,15,-1,1,-1
201543N058025,2,8,0,3,0,1,0,0,0,0,3,1,1,1,35,6,1798,8,3,-1,1,-1
201543N058055,1,9,0,9,0,5,0,0,0,0,1,1,6,2,73,10,1988,1,14,-1,2,-1
201543N058055,2,1,0,18,0,1,0,0,0,0,3,1,2,2,52,8,-1,-1,-1,-1,1,-1
201543N059025,1,9,0,9,0,8,0,0,0,0,4,1,6,1,34,6,1968,2,8,-1,1,-1
201543N059025,2,9,0,18,0,8,0,0,0,0,4,1,6,1,36,7,-1,-1,-1,-1,1,-1
201543N059035,1,11,0,14,0,0,0,0,0,0,4,1,1,1,55,8,6370,2,3,-1,1,-1
201543N059035,2,11,0,2,0,0,0,0,0,0,3,1,1,1,63,9,4250,2,17,-1,1,-1
201543N059055,1,9,0,17,0,0,0,0,0,0,0,1,6,3,-1,-1,-1,-1,-1,-1,-1,-1
201543N059055,2,9,0,16,0,0,2,0,7,0,1,1,2,2,18,4,-1,-1,-1,-1,1,-1
201543N059065,1,9,0,7,0,6,0,0,0,0,0,1,6,1,-1,-1,1599,1,12,-1,-1,-1
201543N059065,2,9,0,18,0,1,0,0,0,0,2,1,6,2,69,10,995,1,3,-1,2,-1
201543N059065,3,9,0,18,0,1,0,0,0,0,1,1,6,1,-1,-1,1388,1,9,-1,2,-1
201543N059075,1,1,0,18,0,0,1,0,0,0,0,1,6,1,59,9,-1,-1,-1,-1,3,-1
201543N059115,1,2,0,4,0,0,1,0,0,0,1,1,2,1,16,4,49,1,17,-1,1,-1
201543N059115,2,2,0,4,0,0,1,0,0,0,2,1,2,1,16,4,50,1,-1,-1,1,-1
201543N059115,3,9,0,3,0,0,0,0,0,0,2,1,2,2,44,7,-1,-1,-1,-1,-1,-1
201543N060015,1,9,0,9,0,5,0,0,0,0,1,1,6,2,-1,-1,1339,1,11,-1,1,-1
201543N060025,1,9,0,4,0,1,0,0,0,0,1,1,6,1,46,8,2976,1,12,-1,1,-1
201543N060025,2,9,0,18,0,1,0,0,0,0,2,1,6,2,30,6,-1,-1,-1,-1,-1,-1
201543N060065,1,9,0,18,0,0,0,0,0,0,1,1,6,1,74,10,1242,1,7,-1,1,-1
201543N060065,2,9,0,4,0,0,0,0,0,0,2,1,6,1,38,7,1598,1,1,-1,3,-1
201543N060065,3,9,0,4,0,0,0,0,0,0,2,1,6,2,38,7,2000,1,8,-1,1,-1
201543N060065,4,9,0,4,0,0,0,0,0,0,2,1,1,1,52,8,2993,2,-1,-1,1,-1
201543N060095,1,9,0,6,0,0,0,0,0,0,4,1,6,3,-1,-1,-1,-1,-1,-1,-1,-1
201543N060095,2,9,0,18,0,0,0,0,0,0,1,1,6,2,24,5,1995,1,10,-1,1,-1
201543N060105,1,9,0,18,0,0,1,0,4,6,1,1,2,2,23,5,1598,1,13,-1,1,-1
201543N061025,1,9,0,18,0,0,0,0,7,0,1,1,6,1,36,7,-1,-1,-1,-1,1,-1
201543N061025,2,9,0,6,0,0,0,0,0,0,1,1,6,1,81,11,1329,1,6,-1,1,-1
201543N061055,1,9,0,18,0,0,0,0,0,0,1,1,6,1,76,11,1796,1,10,-1,3,-1
201543N061055,2,9,0,2,0,0,0,0,0,0,1,1,6,1,62,9,3800,1,1,-1,3,-1
201543N061075,1,3,0,13,0,8,0,0,0,0,1,1,6,1,23,5,124,1,2,-1,1,-1
201543N061075,2,9,0,9,0,5,0,0,0,0,2,1,6,1,42,7,1798,1,13,-1,1,-1
201543N061085,1,9,0,7,0,5,0,0,0,0,4,1,6,1,39,7,1753,2,9,-1,1,-1
201543N061085,2,1,0,18,0,1,0,0,0,0,1,1,6,1,13,3,-1,-1,-1,-1,1,-1
201543N061105,1,9,0,7,0,8,0,0,0,0,1,1,6,2,24,5,1248,2,8,-1,1,-1
201543N061105,2,9,0,18,0,2,0,0,0,0,3,1,6,2,19,4,1596,1,9,-1,1,-1
201543N062035,1,9,0,4,0,1,1,0,0,0,1,1,6,2,30,6,1560,2,5,-1,1,-1
201543N062035,2,9,0,3,0,1,0,0,0,0,2,1,6,2,27,6,-1,-1,-1,-1,1,-1
201543N062065,1,9,0,9,0,4,0,0,0,0,3,1,6,2,20,4,1598,1,11,-1,1,-1
201543N062065,2,9,0,18,0,8,0,0,0,0,1,1,1,1,30,6,1896,2,7,-1,1,-1
201543N062075,1,19,0,1,0,6,0,0,0,0,2,1,1,1,28,6,2198,2,3,-1,1,-1
201543N062105,1,9,0,18,0,8,0,0,0,0,1,1,6,1,22,5,1242,1,5,-1,1,-1
201543N062105,2,9,0,18,0,8,0,0,0,0,2,1,1,2,32,6,1499,2,-1,-1,1,-1
201543N062125,1,9,0,18,0,0,0,0,0,0,1,1,6,2,20,4,1200,1,13,-1,1,-1
201543N062125,2,9,0,3,0,0,0,0,0,0,1,1,6,1,50,8,1997,1,5,-1,3,-1
201543N063035,1,9,0,16,0,0,5,0,0,4,1,1,6,1,71,10,-1,-1,-1,-1,1,-1
201543N063075,1,9,0,18,0,0,0,0,0,0,1,1,6,1,-1,-1,1781,1,12,-1,1,-1
201543N063075,2,9,0,3,0,0,0,0,0,0,2,1,6,1,21,5,1242,1,2,-1,3,-1
201543N063085,1,9,0,18,0,0,0,0,0,0,1,1,2,1,19,4,1124,1,15,-1,3,-1
201543N063085,2,9,0,4,0,0,0,0,0,0,2,1,6,2,37,7,1598,1,10,-1,3,-1
201543N064035,1,9,0,18,0,0,0,0,7,0,1,1,6,1,25,5,-1,-1,-1,-1,2,-1
201543N064035,2,9,0,18,0,0,0,0,0,0,1,1,6,2,52,8,1364,1,8,-1,1,-1
201543N064095,1,9,0,9,0,5,1,0,0,0,1,1,6,1,21,5,1796,1,12,-1,1,-1
201543N064095,2,9,0,8,0,1,0,0,0,0,3,1,6,2,46,8,1995,2,3,-1,1,-1
201543N064095,3,9,0,3,0,1,0,0,0,0,1,1,6,2,31,6,1995,2,3,-1,1,-1
201543N064115,1,9,0,18,0,1,0,0,0,0,1,1,6,1,-1,-1,1598,1,12,-1,-1,-1
201543N064115,2,9,0,3,0,1,0,0,0,0,2,1,6,2,21,5,973,1,12,-1,2,-1
201543N065035,1,19,0,18,0,4,0,0,0,0,1,1,6,1,48,8,1560,2,1,-1,2,-1
201543N065035,2,9,0,9,0,8,0,0,0,0,3,1,6,1,32,6,-1,-1,-1,-1,2,-1
201543N065065,1,9,0,9,0,5,0,0,0,0,4,1,2,1,45,7,2993,2,9,-1,3,-1
201543N065065,2,9,0,18,0,1,1,0,0,0,1,1,1,1,23,5,1299,1,11,-1,-1,-1
201543N065105,1,9,0,18,0,8,0,10,0,0,0,1,6,2,23,5,1910,2,8,-1,1,-1
201543N065105,2,9,0,18,9,8,0,10,1,0,0,1,6,1,58,9,2996,2,16,-1,1,-1
201543N065115,1,9,0,9,0,5,0,0,0,0,4,1,6,2,20,4,1398,1,-1,-1,-1,-1
201543N065115,2,9,0,17,0,8,0,0,0,0,1,1,2,1,41,7,1390,1,6,-1,1,-1
201543N066015,1,9,0,18,0,0,1,0,1,0,4,1,6,1,38,7,-1,-1,-1,-1,1,-1
201543N066065,1,5,0,13,0,1,0,0,0,0,4,1,6,1,51,8,1165,1,13,-1,1,-1
201543N066065,2,11,0,9,0,8,0,0,0,0,3,1,1,1,57,9,3900,2,10,-1,1,-1
201543N066085,1,9,0,18,0,1,0,0,1,0,4,1,6,2,53,8,1248,2,1,-1,1,-1
201543N066085,2,9,0,18,0,6,0,0,0,0,3,1,6,2,34,6,1968,2,4,-1,1,-1
201543N066095,1,20,0,18,0,0,0,0,0,0,0,1,6,3,-1,-1,-1,-1,-1,-1,-1,-1
201543N066095,2,9,0,18,0,0,0,0,2,10,3,1,6,2,27,6,1997,2,13,-1,1,-1
201543N066095,3,9,0,18,0,0,0,0,0,0,3,1,6,1,37,7,2199,2,2,-1,3,-1
201543N066105,1,9,0,9,0,6,0,0,0,0,4,1,6,1,45,7,-1,-1,-1,-1,1,-1
201543N066105,2,1,0,18,0,1,0,0,0,0,1,1,6,1,45,7,-1,-1,-1,-1,1,-1
201543N067035,1,9,0,18,0,3,0,0,0,0,1,1,6,1,65,9,-1,-1,-1,-1,-1,-1
201543N067035,2,1,0,18,0,6,0,0,0,0,3,1,6,2,17,4,-1,-1,-1,-1,1,-1
201543N067065,1,9,0,9,0,5,0,0,0,0,4,1,6,1,40,7,1998,2,11,-1,1,-1
201543N067065,2,3,0,18,0,1,1,0,0,0,1,1,6,1,32,6,125,1,9,-1,1,-1
201543N067065,3,9,0,2,0,1,0,0,0,0,0,1,6,3,-1,-1,-1,-1,-1,-1,-1,-1
201543N067075,1,21,0,18,0,0,0,0,0,0,1,1,1,1,57,9,10308,2,2,-1,1,-1
201543N067075,2,21,0,5,0,0,0,0,0,0,2,1,1,1,46,8,12740,2,5,-1,1,-1
201543N067085,1,9,0,18,0,0,1,0,0,0,1,1,6,1,40,7,2987,2,5,-1,1,-1
201543N067085,2,9,0,4,0,0,0,0,0,0,2,1,6,1,40,7,1461,2,8,-1,1,-1
201543N067085,3,9,0,4,0,0,0,0,0,0,2,1,6,1,45,7,1956,2,3,-1,1,-1
201543N067095,1,9,0,18,0,0,5,0,7,4,1,1,2,1,32,6,1597,1,23,-1,1,-1
201543N067105,1,8,0,5,0,0,0,0,0,0,1,1,1,1,-1,-1,-1,-1,-1,-1,-1,-1
201543N068015,1,9,0,9,0,4,0,0,0,0,3,1,6,2,47,8,1582,2,2,-1,1,-1
201543N068015,2,1,0,18,0,8,0,0,0,0,1,1,6,1,30,6,-1,-1,-1,-1,1,-1
201543N068055,1,9,0,17,0,0,1,0,2,7,1,1,6,2,34,6,1988,1,11,-1,1,-1
201543N068065,1,9,0,18,0,3,5,9,1,11,1,1,6,2,61,9,1596,1,-1,-1,1,-1
201543N069065,1,9,0,18,0,1,0,0,0,0,1,1,6,1,-1,-1,-1,-1,-1,-1,-1,-1
201543N069065,2,9,0,3,0,1,0,0,0,0,2,1,6,1,32,6,-1,-1,-1,-1,1,-1
201543N069095,1,9,0,18,0,4,0,0,0,0,1,1,1,1,73,10,2148,2,4,-1,1,-1
201543N069095,2,9,0,18,0,8,0,0,3,1,4,1,2,2,20,4,1198,1,7,-1,1,-1
201543N069105,1,9,0,4,0,1,0,0,0,0,1,1,6,1,26,6,973,1,15,-1,1,-1
201543N069105,2,9,0,11,0,1,0,0,0,0,2,1,1,1,33,6,1840,1,13,-1,1,-1
201543N069125,1,9,0,18,0,8,0,0,0,0,4,1,6,2,23,5,-1,-1,-1,-1,2,-1
201543N069125,2,19,0,9,0,6,0,0,0,0,1,1,1,1,56,9,1995,2,4,-1,1,-1
201543N070015,1,19,0,18,0,0,0,0,0,0,1,1,6,1,50,8,-1,-1,-1,-1,-1,-1
201543N070015,2,9,0,3,0,0,0,10,0,0,2,1,1,2,34,6,1995,2,3,-1,1,-1
201543N070025,1,9,0,9,0,6,0,0,0,0,0,1,6,2,34,6,2993,2,1,-1,2,-1
201543N070025,2,2,0,18,0,1,1,0,0,0,0,1,6,1,46,8,49,1,13,-1,2,-1
201543N070095,1,9,0,7,0,6,0,0,0,0,2,1,6,2,33,6,1968,2,2,-1,3,-1
201543N070095,2,3,0,18,0,1,0,0,0,0,1,1,6,1,30,6,124,1,5,-1,2,-1
201543N070115,1,9,0,9,0,5,0,0,0,0,1,1,6,1,37,7,2143,2,5,-1,1,-1
201543N070115,2,1,0,18,0,8,0,0,1,0,1,1,6,1,47,8,-1,-1,-1,-1,1,-1
201543N071015,1,9,0,14,0,0,0,0,0,0,4,1,6,1,46,8,1124,1,19,-1,1,-1
201543N071015,2,9,0,3,0,0,0,0,0,0,0,1,6,3,-1,-1,-1,-1,-1,-1,-1,-1
201543N071025,1,9,0,18,0,8,0,0,0,0,3,1,6,1,72,10,-1,-1,-1,-1,1,-1
201543N071025,2,9,0,18,0,8,0,0,0,0,1,1,6,2,33,6,1598,1,5,-1,1,-1
201543N071045,1,9,0,18,0,0,0,0,0,0,1,1,6,3,-1,-1,-1,-1,-1,-1,-1,-1
201543N071045,2,2,0,18,0,0,0,0,0,0,1,1,6,1,16,4,-1,-1,-1,-1,1,-1
201543N071045,3,2,0,18,0,0,0,0,0,0,2,1,6,1,-1,-1,-1,-1,-1,-1,-1,-1
201543N071065,1,9,0,18,0,1,0,0,0,0,1,1,6,1,28,6,1598,2,4,-1,1,-1
201543N071065,2,9,0,4,0,1,0,0,0,0,2,1,6,2,54,8,1598,1,4,-1,1,-1
201543N071075,1,9,0,18,0,0,0,0,0,0,1,1,6,2,34,6,1364,1,7,-1,1,-1
201543N071075,2,9,0,3,0,0,0,0,0,0,2,1,6,2,32,6,1461,2,-1,-1,1,-1
201543N072015,1,19,0,4,0,0,0,0,0,0,1,1,2,1,39,7,1995,2,7,-1,1,-1
201543N072015,2,19,0,18,0,0,0,0,0,0,1,1,2,1,71,10,2402,2,9,-1,2,-1
201543N072015,3,9,0,3,0,0,0,0,0,0,2,1,2,1,37,7,1997,2,13,-1,3,-1
201543N072065,1,9,0,18,0,1,1,0,0,0,4,1,2,2,31,6,1995,1,4,-1,1,-1
201543N072105,1,19,0,4,0,0,0,0,0,0,1,1,6,1,-1,-1,-1,-1,-1,-1,-1,-1
201543N073025,1,9,0,7,0,6,0,0,0,0,0,1,1,2,46,8,1246,1,7,-1,1,-1
201543N073025,2,9,0,18,0,1,0,0,1,0,1,1,6,1,22,5,1229,1,10,-1,1,-1
201543N073055,1,9,0,13,0,0,0,0,0,0,3,1,6,3,-1,-1,1229,1,10,-1,-1,-1
201543N073055,2,1,0,13,0,0,0,0,0,0,4,1,6,1,-1,-1,-1,-1,-1,-1,1,-1
201543N074015,1,9,0,16,0,0,0,0,0,0,1,1,3,1,30,6,2993,2,3,-1,1,-1
201543N074015,2,1,0,17,0,0,0,0,0,0,1,1,6,2,62,9,-1,-1,-1,-1,1,-1
201543N074035,1,9,0,9,0,8,0,0,0,0,4,1,6,3,-1,-1,-1,-1,-1,-1,-1,-1
201543N074035,2,3,0,8,0,8,0,0,0,0,3,1,6,1,18,4,-1,-1,-1,-1,1,-1
201543N074065,1,9,0,18,0,1,0,0,0,0,1,1,6,1,22,5,3246,1,14,-1,1,-1
201543N074065,2,9,0,8,0,1,0,0,0,0,4,1,6,1,43,7,1689,2,14,-1,2,-1
201543N074065,3,9,0,8,0,1,0,0,0,0,3,1,6,2,55,8,2199,2,4,-1,-1,-1
201543N074115,1,9,0,9,0,5,0,0,7,0,3,1,1,2,42,7,1149,1,2,-1,1,-1
201543N074115,2,3,0,14,0,1,0,0,0,0,1,1,6,1,17,4,125,1,8,-1,1,-1
201543N075015,1,9,0,18,0,0,0,0,0,0,1,1,2,1,45,7,2494,1,15,-1,1,-1
201543N075015,2,9,0,4,0,0,0,0,0,0,2,1,2,1,28,6,2000,2,4,-1,1,-1
201543N075045,1,9,0,15,0,8,0,0,0,0,4,1,6,1,-1,-1,-1,-1,-1,-1,1,-1
201543N075045,2,9,0,7,0,5,0,0,0,0,0,1,6,2,37,7,998,1,2,-1,1,-1
201543N075055,1,8,0,5,0,0,0,0,0,0,0,1,6,2,-1,-1,1995,2,10,-1,-1,-1
201543N075065,1,3,0,13,0,0,0,0,0,0,1,1,6,1,61,9,124,1,34,-1,-1,-1
201543N075065,2,1,0,18,0,0,0,0,0,0,2,1,6,1,49,8,-1,-1,-1,-1,1,-1
201543N075075,1,21,0,18,0,0,0,4,0,0,1,1,1,1,58,9,12777,2,1,-1,2,-1
201543N075075,2,98,0,2,0,0,0,0,0,0,4,1,6,1,-1,-1,-1,-1,-1,-1,-1,-1
201543N075085,1,9,0,13,0,0,2,0,7,9,4,1,6,1,26,6,1360,1,15,-1,1,-1
201543N075085,2,9,0,18,0,0,0,0,0,0,0,1,6,3,-1,-1,-1,-1,-1,-1,-1,-1
201543N076035,1,9,0,18,0,8,0,0,7,9,4,1,1,2,46,8,1781,1,10,-1,3,-1
201543N076035,2,9,0,18,0,8,0,0,7,1,1,1,1,1,23,5,1598,2,1,-1,1,-1
201543N076055,1,9,0,18,0,0,1,0,7,4,4,1,3,1,28,6,-1,-1,-1,-1,1,-1
201543N076065,1,98,0,18,0,0,0,0,0,0,0,1,6,1,35,6,-1,-1,-1,-1,-1,-1
201543N076065,2,16,0,18,0,0,0,0,0,0,0,1,6,1,48,8,-1,-1,-1,-1,1,-1
201543N076105,1,9,0,18,0,0,0,0,7,0,0,1,6,1,-1,-1,-1,-1,-1,-1,-1,-1
201543N076105,2,9,0,18,0,0,0,0,0,0,2,1,6,1,-1,-1,1598,2,3,-1,1,-1
201543N076105,3,9,0,18,0,0,0,0,0,0,1,1,6,2,-1,-1,998,1,-1,-1,-1,-1
201543N076115,1,9,0,18,0,1,0,0,0,0,1,1,3,2,24,5,2993,2,-1,-1,1,-1
201543N077035,1,9,0,9,0,4,0,0,0,0,1,1,6,1,55,8,1956,2,2,-1,1,-1
201543N077035,2,9,0,18,0,8,0,0,0,0,4,1,6,2,50,8,-1,-1,-1,-1,1,-1
201543N077065,1,9,0,18,0,0,1,0,0,0,4,1,6,1,19,4,-1,-1,-1,-1,1,-1
201543N077065,2,9,0,18,0,0,0,0,0,0,1,1,6,2,18,4,1198,1,3,-1,2,-1
201543N077105,1,9,0,16,0,0,1,10,1,0,1,1,6,1,65,9,1999,1,14,-1,1,-1
201543N077105,2,9,0,17,0,0,1,10,1,0,1,1,6,2,32,6,1995,2,2,-1,1,-1
201543N078025,1,9,0,16,0,0,1,0,0,0,1,1,6,1,42,7,1596,1,13,-1,1,-1
201543N078025,2,9,0,17,0,0,0,0,1,0,1,1,6,1,58,9,-1,-1,-1,-1,1,-1
201543N078075,1,9,0,9,0,8,0,0,0,0,1,1,6,1,-1,-1,1995,2,3,-1,-1,-1
201543N078075,2,9,0,18,0,8,0,0,0,0,2,1,6,1,50,8,1956,2,3,-1,1,-1
201543N078085,1,9,0,16,0,8,1,0,3,0,1,1,2,2,28,6,1199,1,12,-1,1,-1
201543N078085,2,9,0,17,0,8,0,0,0,0,1,1,2,1,55,8,-1,-1,-1,-1,-1,-1
201543N078095,1,9,0,17,0,0,0,0,1,4,1,1,6,2,35,6,1199,1,12,-1,2,-1
201543N079025,1,9,0,7,0,2,0,0,0,0,3,1,1,1,-1,-1,1598,2,4,-1,3,-1
201543N079085,1,98,0,18,0,0,0,0,0,0,1,1,6,1,-1,-1,12777,2,4,-1,-1,-1
201543N079085,2,9,0,3,0,0,0,0,0,0,2,1,6,2,35,6,1753,2,15,-1,1,-1
201543N080015,1,19,0,18,0,0,1,0,0,0,1,1,6,1,43,7,1598,2,2,-1,1,-1
201543N080015,2,9,0,2,0,0,0,0,0,0,2,1,6,3,-1,-1,1968,2,5,-1,-1,-1
201543N080015,3,9,0,2,0,0,0,0,0,0,2,1,6,3,-1,-1,-1,-1,-1,-1,-1,-1
201543N080015,4,9,0,2,0,0,0,0,0,0,2,1,6,3,-1,-1,1581,1,20,-1,-1,-1
201543N080025,1,2,0,14,0,8,0,0,0,0,1,1,6,1,19,4,49,1,4,-1,1,-1
201543N080025,2,9,0,9,0,8,0,0,0,0,3,1,6,2,34,6,1968,2,3,-1,1,-1