Accident_Index,Vehicle_Reference,Vehicle_Type,Towing_and_Articulation,Vehicle_Manoeuvre,Vehicle_Location-Restricted_Lane,Junction_Location,Skidding_and_Overturning,Hit_Object_in_Carriageway,Vehicle_Leaving_Carriageway,Hit_Object_off_Carriageway,1st_Point_of_Impact,Was_Vehicle_Left_Hand_Drive?,Journey_Purpose_of_Driver,Sex_of_Driver,Age_of_Driver,Age_Band_of_Driver,Engine_Capacity_(CC),Propulsion_Code,Age_of_Vehicle,Driver_IMD_Decile,Driver_Home_Area_Type,Vehicle_IMD_Decile
201543N116085,1,9,0,13,0,0,1,0,7,9,1,1,2,1,46,8,2993,2,2,-1,1,-1
201543N116085,2,9,0,18,0,0,0,0,0,0,0,1,6,3,-1,-1,-1,-1,-1,-1,-1,-1
201543N117015,1,9,0,9,9,5,0,0,0,0,1,1,6,2,39,7,1997,2,9,-1,1,-1
201543N117025,1,9,0,9,0,5,0,0,0,0,1,1,2,1,52,8,2993,2,4,-1,1,-1
201543N117055,1,9,0,16,0,0,5,0,0,0,1,1,6,1,27,6,1984,1,8,-1,-1,-1
201543N117075,1,9,0,18,0,0,0,0,0,0,1,1,6,3,-1,-1,-1,-1,-1,-1,-1,-1
201543N117105,1,11,0,17,0,1,0,0,0,0,4,1,1,1,32,6,4500,2,2,-1,1,-1
201543N117125,1,9,0,13,0,0,0,0,0,0,1,1,6,1,34,6,1984,1,6,-1,1,-1
201543N117125,2,5,0,18,0,0,0,0,0,0,1,1,2,1,49,8,636,1,1,-1,3,-1
201543N117125,3,9,0,18,0,0,0,0,0,0,0,1,6,1,75,10,3301,1,12,-1,3,-1
201543N118035,1,9,0,5,8,0,0,0,0,0,0,1,6,1,27,6,1242,1,12,-1,-1,-1
201543N118035,2,9,0,18,0,0,1,10,8,4,2,1,6,2,50,8,-1,-1,-1,-1,1,-1
201543N118045,1,9,0,6,0,8,0,0,0,0,1,1,6,1,23,5,1956,2,3,-1,-1,-1
201543N118045,2,9,0,18,0,4,0,0,0,0,3,1,6,2,43,7,1587,1,7,-1,1,-1
201543N118055,1,9,0,18,0,0,0,0,1,10,0,1,6,2,70,10,3400,1,17,-1,3,-1
201543N118075,1,5,0,17,0,0,1,0,0,0,1,1,6,1,52,8,748,1,27,-1,1,-1
201543N118075,2,9,0,4,0,0,0,0,0,0,2,1,6,1,30,6,1984,1,5,-1,1,-1
201543N119035,1,98,0,18,0,0,0,0,0,0,4,1,6,1,-1,-1,2464,2,9,-1,-1,-1
201543N119045,1,1,0,18,0,8,0,0,0,0,1,1,6,1,56,9,-1,-1,-1,-1,1,-1
201543N119045,2,9,0,9,0,8,0,0,0,0,3,1,6,1,67,10,-1,-1,-1,-1,1,-1
201543N120025,1,19,0,18,0,0,1,0,0,0,1,1,1,1,44,7,-1,-1,-1,-1,1,-1
201543N120025,2,9,0,4,0,0,0,0,0,0,2,1,6,2,51,8,1560,2,8,-1,1,-1
201543N120045,1,20,0,18,0,0,0,0,0,0,4,1,1,1,-1,-1,4500,2,8,-1,-1,-1
201543N120105,1,9,0,7,0,1,0,0,0,0,4,1,2,2,29,6,1248,2,7,-1,1,-1
201543N121035,1,9,0,9,0,6,0,0,0,0,1,1,1,2,25,5,1364,1,9,-1,1,-1
201543N121035,2,9,0,18,0,8,0,0,0,0,1,1,6,1,50,8,1560,2,10,-1,-1,-1
201543N121105,1,9,0,16,0,8,1,0,0,0,1,1,6,1,21,5,1390,1,4,-1,1,-1
201543N121105,2,9,0,17,0,8,0,0,0,0,3,1,1,1,25,5,1248,2,3,-1,1,-1
201543N121115,1,9,0,17,0,0,0,0,0,0,0,1,6,3,-1,-1,-1,-1,-1,-1,-1,-1
201543N121115,2,9,0,16,0,0,0,0,1,0,0,1,6,1,25,5,1599,1,11,-1,1,-1
201543N121125,1,9,0,4,0,1,0,0,0,0,1,1,6,2,19,4,1242,1,11,-1,1,-1
201543N121125,2,9,0,10,0,1,0,0,0,0,3,1,6,1,39,7,2148,2,10,-1,3,-1
201543N121125,3,9,0,18,0,1,0,0,0,0,2,1,6,2,45,7,1197,1,-1,-1,-1,-1
201543N122015,1,9,0,9,0,6,0,0,0,0,1,1,6,3,-1,-1,-1,-1,-1,-1,-1,-1
201543N122015,2,9,0,18,0,8,0,0,0,0,4,1,6,1,20,4,1796,1,12,-1,1,-1
201543N122035,1,9,0,7,0,6,0,0,0,0,1,1,6,1,-1,-1,-1,-1,-1,-1,-1,-1
201543N122045,1,9,0,18,0,1,0,0,0,0,1,1,2,2,24,5,998,1,-1,-1,2,-1
201543N122045,2,9,0,3,0,1,0,0,0,0,2,1,2,2,26,6,1598,1,13,-1,1,-1
201543N122045,3,9,0,10,0,1,0,0,0,0,2,1,2,1,25,5,2204,2,11,-1,1,-1
201543N122065,1,9,0,18,0,0,0,0,0,0,1,1,6,2,36,7,-1,-1,-1,-1,1,-1
201543N122065,2,1,0,5,0,0,0,0,0,0,1,1,6,1,41,7,-1,-1,-1,-1,1,-1
201543N122075,1,9,0,18,0,0,0,0,0,0,1,1,6,2,32,6,1198,1,6,-1,1,-1
201543N122075,2,9,0,18,0,0,0,0,0,0,1,1,6,1,23,5,1242,1,11,-1,1,-1
201543N122105,1,9,0,18,0,0,0,0,0,0,1,1,6,2,57,9,1600,1,10,-1,3,-1
201543N122105,2,9,0,18,0,0,0,0,0,0,1,1,6,1,38,7,1796,1,7,-1,3,-1
201543N122125,1,9,0,7,0,8,0,0,0,0,3,1,2,2,33,6,1686,2,5,-1,2,-1
201543N122125,2,9,0,18,0,1,0,0,0,0,1,1,2,1,40,7,2671,1,15,-1,2,-1
201543N123035,1,9,0,18,0,0,0,0,0,0,0,1,1,1,35,6,2400,2,4,-1,-1,-1
201543N123035,2,9,0,11,0,0,0,0,0,0,0,1,2,2,48,8,2204,2,9,-1,2,-1
201543N123035,3,19,0,18,0,0,5,0,1,0,4,1,1,1,33,6,1248,2,2,-1,1,-1
201543N123095,1,9,0,18,0,0,1,0,1,4,1,1,6,1,41,7,1596,1,14,-1,1,-1
201543N124035,1,9,0,18,0,0,0,0,0,0,3,1,1,1,19,4,-1,-1,-1,-1,1,-1
201543N124035,2,1,0,18,0,0,0,0,0,0,3,1,1,1,33,6,-1,-1,-1,-1,1,-1
201543N124055,1,19,0,18,0,0,1,0,0,0,1,1,6,3,-1,-1,1998,2,14,-1,-1,-1
201543N124055,2,9,0,4,0,0,1,0,0,0,2,1,6,1,37,7,1796,1,12,-1,1,-1
201543N124095,1,9,0,17,0,0,1,0,7,4,1,1,6,1,25,5,1753,2,9,-1,1,-1
201543N124115,1,19,0,16,0,0,0,0,0,0,0,1,6,1,-1,-1,2143,2,-1,-1,-1,-1
201543N124115,2,16,0,17,0,0,0,0,0,0,0,1,6,2,30,6,-1,-1,-1,-1,1,-1
201543N125015,1,9,0,18,0,1,0,0,0,0,2,1,6,3,-1,-1,-1,-1,-1,-1,-1,-1
201543N125015,2,3,0,4,0,1,0,0,0,0,1,1,6,1,25,5,-1,-1,-1,-1,1,-1
201543N125035,1,9,0,18,0,0,0,0,7,0,3,1,2,2,51,8,1896,2,11,-1,2,-1
201543N125035,2,9,0,18,0,0,0,0,0,0,3,1,6,1,77,11,1951,2,12,-1,2,-1
201543N125055,1,19,0,18,0,1,0,0,0,0,1,1,1,1,29,6,2402,2,6,-1,1,-1
201543N125055,2,9,0,10,0,1,0,0,0,0,2,1,1,2,47,8,1386,1,7,-1,1,-1
201543N125055,3,19,0,18,0,1,0,0,0,0,1,1,1,1,33,6,1461,2,4,-1,1,-1
201543N125055,4,9,0,10,0,1,0,0,0,0,1,1,6,1,38,7,-1,-1,-1,-1,1,-1
201543N125075,1,19,0,18,8,0,0,0,0,0,3,1,6,1,52,8,1896,2,8,-1,1,-1
201543N125075,2,9,0,18,0,0,0,0,0,0,4,1,6,2,57,9,1398,1,2,-1,1,-1
201543N125085,1,9,0,12,0,0,1,10,1,1,4,1,6,1,32,6,-1,-1,-1,-1,1,-1
201543N125085,2,9,0,18,0,0,1,10,1,0,3,1,6,1,82,11,1598,1,18,-1,1,-1
201543N125085,3,9,0,18,0,0,0,0,0,0,0,1,6,3,-1,-1,-1,-1,-1,-1,-1,-1
201543N125115,1,9,0,12,0,0,0,0,0,0,1,1,6,1,22,5,1995,2,8,-1,3,-1
201543N125115,2,9,0,18,0,0,0,0,0,0,2,1,6,2,-1,-1,1120,2,2,-1,-1,-1
201543N125125,1,19,0,4,0,1,0,0,0,0,1,1,6,3,-1,-1,-1,-1,-1,-1,-1,-1
201543N125125,2,9,0,3,0,1,0,0,0,0,2,1,6,2,18,4,1248,1,5,-1,1,-1
201543N126035,1,9,0,18,0,0,0,0,0,0,1,1,2,1,48,8,1896,2,11,-1,2,-1
201543N126035,2,9,0,4,0,0,0,0,0,0,2,1,6,1,33,6,-1,-1,-1,-1,-1,-1
201543N126035,3,9,0,4,0,0,0,0,0,0,2,1,2,2,55,8,1598,1,7,-1,1,-1
201543N126035,4,9,0,4,0,0,0,0,0,0,2,1,2,1,24,5,1360,1,9,-1,1,-1
201543N126035,5,9,0,4,0,0,0,0,0,0,2,1,6,3,-1,-1,-1,-1,-1,-1,-1,-1
201543N126075,1,9,0,9,0,6,0,0,0,0,1,1,1,2,55,8,1968,2,8,-1,1,-1
201543N126075,2,5,0,18,0,1,0,0,0,0,1,1,1,1,38,7,1137,1,13,-1,1,-1
201543N126105,1,9,0,18,0,0,0,0,0,0,0,1,6,1,27,6,2400,2,1,-1,1,-1
201543N126105,2,9,0,18,0,0,1,0,1,7,1,1,6,1,17,4,1199,1,12,-1,1,-1
201543N126105,3,9,0,18,0,0,0,0,0,0,3,1,6,1,38,7,2993,2,2,-1,1,-1
201543N126125,1,9,0,9,0,5,0,0,0,0,1,1,6,1,33,6,1598,1,15,-1,1,-1
201543N127015,1,8,0,16,0,0,2,10,1,11,1,1,1,1,55,8,1896,2,10,-1,1,-1
201543N127065,1,8,0,5,0,0,0,0,0,0,1,1,1,1,-1,-1,-1,-1,-1,-1,-1,-1
201543N127095,1,19,0,4,0,0,0,0,0,0,1,1,1,1,48,8,1753,2,11,-1,3,-1
201543N127095,2,9,0,3,0,0,0,0,0,0,2,1,6,1,36,7,1995,2,11,-1,1,-1
201543N127095,3,9,0,3,0,0,0,0,0,0,2,1,6,2,24,5,1399,2,7,-1,3,-1
201543N127095,4,9,0,3,0,0,0,0,0,0,2,1,6,1,43,7,1995,2,2,-1,1,-1
201543N128025,1,9,0,18,0,0,0,0,0,0,1,1,6,2,-1,-1,1595,1,3,-1,-1,-1
201543N128025,2,9,0,18,0,0,0,0,0,0,2,1,6,2,32,6,3456,8,3,-1,1,-1
201543N128035,1,9,0,9,0,6,0,0,7,10,4,1,6,2,80,11,1360,1,14,-1,1,-1
201543N128035,2,9,0,18,0,1,0,0,0,0,1,1,6,1,33,6,1598,1,14,-1,1,-1
201543N128115,1,9,0,12,0,0,0,0,0,0,3,1,6,3,-1,-1,-1,-1,-1,-1,-1,-1
201543N128115,2,1,0,18,0,0,1,0,0,0,4,1,1,1,35,6,-1,-1,-1,-1,1,-1
201543N129035,1,9,0,14,0,0,0,0,0,0,1,1,6,2,24,5,1299,1,13,-1,1,-1
201543N129035,2,9,0,18,0,0,0,0,0,0,1,1,6,1,82,11,-1,-1,-1,-1,1,-1
201543N129035,3,9,0,2,0,0,0,0,0,0,3,1,6,3,-1,-1,1998,1,17,-1,-1,-1
201543N129055,1,9,0,5,0,0,0,0,0,0,3,1,6,1,53,8,1329,1,-1,-1,1,-1
201543N129055,2,9,0,18,0,0,0,0,0,0,4,1,6,2,43,7,3628,2,5,-1,-1,-1
201543N129065,1,9,0,18,0,1,0,0,7,0,1,1,6,2,48,8,998,1,4,-1,1,-1
201543N129065,2,9,0,9,0,1,0,0,0,0,3,1,6,1,28,6,1910,2,9,-1,2,-1
201543N129065,3,9,0,18,0,1,0,0,0,0,1,1,6,2,34,6,1242,1,7,-1,1,-1
201543N129105,1,19,0,18,0,0,0,0,0,0,1,1,6,1,35,6,1995,2,7,-1,1,-1
201543N129105,2,9,0,3,0,0,0,0,0,0,2,1,6,2,45,7,1995,1,4,-1,2,-1
201543N129105,3,19,0,3,0,0,0,0,0,0,2,1,6,1,50,8,2148,2,7,-1,3,-1
201543N130015,1,9,0,13,0,0,0,0,0,0,0,1,6,3,-1,-1,-1,-1,-1,-1,-1,-1
201543N130015,2,1,0,18,0,0,0,10,0,0,0,1,4,1,14,3,-1,-1,-1,-1,1,-1
201543N130035,1,21,0,9,0,5,0,0,0,0,4,1,1,1,26,6,12740,2,1,-1,1,-1
201543N130035,2,9,0,18,0,8,0,0,0,0,1,1,6,2,63,9,1398,1,1,-1,1,-1
201543N130095,1,1,0,18,0,8,0,0,0,0,3,1,6,1,13,3,-1,-1,-1,-1,1,-1
201543N130095,2,9,0,18,0,8,0,0,0,0,1,1,2,2,52,8,-1,-1,-1,-1,1,-1
201543N131015,1,9,0,14,0,0,0,0,0,0,1,1,1,2,37,7,-1,-1,-1,-1,1,-1
201543N131015,2,11,0,2,0,0,0,0,0,0,2,1,6,1,41,7,8650,2,16,-1,1,-1
201543N131015,3,9,0,18,0,0,0,0,0,0,0,1,6,3,-1,-1,-1,-1,-1,-1,-1,-1
201543N131025,1,9,0,5,0,4,0,0,0,0,3,1,6,2,24,5,1364,1,9,-1,1,-1
201543N131025,2,1,0,9,0,8,0,0,0,0,1,1,6,1,68,10,-1,-1,-1,-1,1,-1
201543N131035,1,9,0,4,0,1,0,0,0,0,1,1,6,2,20,4,1388,1,5,-1,1,-1
201543N131035,2,9,0,3,0,1,0,0,0,0,2,1,6,2,28,6,1598,1,9,-1,2,-1
201543N131095,1,9,0,17,0,0,0,0,0,0,1,1,2,1,47,8,1896,2,13,-1,3,-1
201543N131095,2,19,0,18,0,0,0,0,0,0,1,1,1,1,61,9,2402,2,6,-1,1,-1
201543N131125,1,19,0,18,0,0,0,0,1,0,4,1,6,1,53,8,-1,-1,-1,-1,1,-1
201543N131125,2,9,0,3,0,0,0,0,0,0,2,1,6,1,39,7,1997,2,5,-1,1,-1
201543N132045,1,4,0,17,0,0,0,0,1,9,0,1,6,1,66,10,250,1,-1,-1,3,-1
201543N132075,1,9,0,18,7,0,0,0,0,0,1,1,6,1,39,7,1796,1,15,-1,1,-1
201543N132075,2,21,0,2,6,0,0,0,0,0,2,1,6,1,30,6,9290,2,3,-1,1,-1
201543N132095,1,9,0,14,0,0,0,4,0,0,1,1,1,1,17,4,1900,2,11,-1,1,-1
201543N132095,2,9,0,18,0,0,0,0,0,0,1,1,2,2,48,8,1368,1,8,-1,1,-1
201543N132095,3,9,0,2,0,0,0,0,0,0,1,1,6,3,-1,-1,-1,-1,-1,-1,-1,-1
201543N132115,1,9,0,9,0,4,0,0,0,0,0,1,2,1,37,7,1396,1,6,-1,3,-1
201543N132115,2,3,0,18,0,8,0,0,0,0,0,1,2,1,18,4,125,1,1,-1,1,-1
201543N132125,1,9,0,17,0,0,0,0,0,0,1,1,6,2,60,9,1461,2,-1,-1,1,-1
201543N133085,1,9,0,18,0,1,0,0,0,0,1,1,2,1,41,7,2976,1,11,-1,2,-1
201543N133085,2,19,0,3,0,1,0,0,0,0,2,1,2,1,30,6,2287,2,4,-1,3,-1
201543N133085,3,20,0,3,0,1,0,0,0,0,2,1,1,1,-1,-1,2143,2,2,-1,-1,-1
201543N134065,1,9,0,18,0,0,0,0,0,0,1,1,6,1,28,6,1798,1,11,-1,-1,-1
201543N134065,2,1,0,12,0,0,0,0,0,0,2,1,2,1,25,5,-1,-1,-1,-1,1,-1
201543N134075,1,9,0,18,0,0,0,0,0,0,1,1,6,1,81,11,1149,1,10,-1,1,-1
201543N134075,2,21,1,18,0,0,0,0,1,0,1,1,1,1,48,8,15607,2,10,-1,1,-1
201543N134095,1,9,0,16,0,0,0,0,1,0,3,1,6,1,30,6,1587,1,15,-1,3,-1
201543N134095,2,9,0,18,0,0,0,0,0,0,3,1,6,2,41,7,1968,2,8,-1,1,-1
201543N135105,1,9,0,17,0,0,2,0,7,10,1,1,2,1,42,7,1596,1,11,-1,3,-1
201543N135115,1,9,0,9,0,5,0,0,0,0,4,1,2,1,45,7,1781,1,13,-1,1,-1
201543N135115,2,3,0,18,0,8,0,0,0,0,4,1,2,1,44,7,124,1,11,-1,1,-1
201543N136015,1,9,0,9,0,5,0,0,0,0,1,1,6,3,-1,-1,-1,-1,-1,-1,-1,-1
201543N136055,1,9,0,18,0,0,0,0,0,0,3,1,6,2,57,9,2495,2,19,-1,3,-1
201543N136055,2,1,0,18,0,0,0,0,0,0,1,1,6,1,49,8,-1,-1,-1,-1,3,-1
201543N136075,1,9,0,9,0,5,0,0,0,0,1,1,6,1,23,5,1596,1,16,-1,1,-1
201543N136075,2,4,0,7,0,5,0,0,0,0,1,1,6,1,25,5,599,1,19,-1,3,-1
201543N136095,1,1,0,18,0,0,0,0,0,0,3,1,6,1,47,8,-1,-1,-1,-1,1,-1
201543N136095,2,9,0,18,0,0,0,0,0,0,4,1,6,1,67,10,2400,2,7,-1,1,-1
201543N136105,1,1,0,9,0,6,0,0,0,0,1,1,6,1,16,4,-1,-1,-1,-1,1,-1
201543N136105,2,9,0,18,0,8,0,0,0,0,4,1,6,1,-1,-1,-1,-1,-1,-1,1,-1
201543N136115,1,9,0,9,0,3,0,0,1,1,4,1,6,1,25,5,1796,1,15,-1,-1,-1
201543N137055,1,1,0,18,0,1,0,0,0,0,3,1,1,2,23,5,-1,-1,-1,-1,1,-1
201543N137055,2,9,0,9,0,1,0,0,0,0,1,1,6,1,65,9,2496,1,12,-1,3,-1
201543N137075,1,19,0,18,0,0,0,0,0,0,1,1,6,1,47,8,2494,2,7,-1,1,-1
201543N137075,2,1,0,18,0,0,0,0,0,0,2,1,6,1,43,7,-1,-1,-1,-1,1,-1
201543N137075,3,1,0,18,0,0,0,0,0,0,2,1,6,1,50,8,-1,-1,-1,-1,1,-1
201543N137085,1,9,0,9,0,6,0,0,0,0,3,1,6,2,40,7,-1,-1,-1,-1,-1,-1
201543N137085,2,1,0,18,5,8,0,0,0,0,1,1,6,1,35,6,-1,-1,-1,-1,1,-1
201543N137105,1,9,0,9,0,8,0,0,0,0,4,1,6,2,29,6,1299,1,15,-1,1,-1
201543N137105,2,9,0,18,0,1,0,0,0,0,1,1,6,2,32,6,1798,1,2,-1,1,-1
201543N137115,1,5,0,18,0,0,0,0,1,0,4,1,6,1,27,6,929,1,15,-1,1,-1
201543N137125,1,19,0,2,0,2,0,0,0,0,1,1,6,1,-1,-1,1560,2,1,-1,-1,-1
201543N137125,2,1,0,7,0,2,0,0,0,0,2,1,6,2,42,7,-1,-1,-1,-1,1,-1
201543N138015,1,9,0,18,0,0,5,0,6,6,1,1,6,1,32,6,2171,1,14,-1,1,-1
201543N138015,2,9,0,18,0,0,0,0,0,0,1,1,6,1,63,9,1149,1,13,-1,1,-1
201543N138015,3,9,0,11,0,0,0,0,0,0,3,1,6,1,24,5,-1,-1,-1,-1,1,-1
201543N138015,4,9,0,18,0,0,0,0,0,0,4,1,6,1,59,9,1968,2,7,-1,1,-1
201543N138025,1,9,0,17,0,2,5,0,1,4,1,1,2,1,43,7,-1,-1,-1,-1,1,-1
201543N138095,1,9,0,4,0,0,0,0,0,0,1,1,1,1,-1,-1,-1,-1,-1,-1,1,-1
201543N138095,2,98,0,3,0,0,0,0,0,0,2,1,6,1,33,6,-1,-1,-1,-1,1,-1
201543N138125,1,9,0,9,0,6,0,0,0,0,1,1,6,1,18,4,1198,1,8,-1,3,-1
201543N138125,2,3,0,18,0,2,0,0,0,0,1,1,6,1,30,6,124,1,6,-1,3,-1
201543N139025,1,9,0,18,0,1,1,0,0,0,1,1,3,2,43,7,1596,1,13,-1,1,-1
201543N139045,1,9,0,4,0,0,0,0,0,0,1,1,6,3,-1,-1,1124,1,10,-1,-1,-1
201543N139045,2,9,0,3,0,0,0,0,0,0,2,1,6,2,18,4,-1,-1,-1,-1,-1,-1
201543N139065,1,9,0,9,0,5,0,0,0,0,1,1,6,1,53,8,1968,1,8,-1,1,-1
201543N139075,1,9,0,9,0,6,0,0,0,0,4,1,6,2,70,10,998,1,-1,-1,1,-1
201543N139075,2,9,0,4,0,1,0,0,0,0,3,1,6,2,47,8,-1,-1,-1,-1,1,-1
201543N139095,1,9,0,16,0,0,0,0,0,0,0,1,6,3,-1,-1,-1,-1,-1,-1,-1,-1
201543N139095,2,9,0,13,0,0,2,0,2,7,1,1,2,1,25,5,1242,1,12,-1,1,-1
201543N139105,1,19,0,18,0,1,1,0,0,0,1,1,1,1,34,6,1968,2,-1,-1,1,-1
201543N139105,2,9,0,10,0,1,0,0,0,0,2,1,1,1,48,8,-1,-1,-1,-1,2,-1
201543N139115,1,9,0,18,0,0,0,0,0,0,2,1,6,2,28,6,2148,2,9,-1,2,-1
201543N140045,1,5,0,18,0,0,0,0,1,7,1,1,6,1,66,10,1084,1,14,-1,1,-1
201543N140095,1,19,0,9,0,5,0,0,0,0,1,1,1,1,50,8,2287,2,1,-1,1,-1
201543N140095,2,9,0,18,0,1,0,0,0,0,1,1,6,2,60,9,2148,2,12,-1,1,-1
201543N141055,1,9,0,18,0,1,0,0,0,0,1,1,6,1,-1,-1,1995,2,3,-1,-1,-1
201543N141055,2,9,0,3,0,1,0,0,0,0,2,1,3,2,35,6,1598,1,12,-1,1,-1
201543N141085,1,9,0,16,0,0,0,0,0,0,1,1,6,2,29,6,1997,2,14,-1,1,-1
201543N141085,2,9,0,17,0,0,0,0,1,0,1,1,6,1,35,6,-1,-1,-1,-1,1,-1
201543N141085,3,9,0,17,0,0,0,0,0,0,2,1,6,1,40,7,2143,2,3,-1,2,-1
201543N142035,1,1,0,16,0,0,1,0,0,0,1,1,6,1,30,6,-1,-1,-1,-1,1,-1
201543N142035,2,9,0,17,0,0,0,0,0,0,1,1,6,1,62,9,2268,2,2,-1,1,-1
201543N142055,1,9,0,4,0,0,0,0,0,0,1,1,6,2,49,8,1597,1,15,-1,1,-1
201543N142055,2,9,0,3,0,0,0,0,0,0,2,1,1,1,39,7,2993,2,9,-1,-1,-1
201543N142095,1,9,0,18,0,4,2,9,1,9,3,1,6,2,33,6,1995,2,14,-1,1,-1
201543N142095,2,9,0,18,0,4,0,0,0,0,0,1,6,1,34,6,1896,2,12,-1,1,-1
201543N143025,1,21,1,18,0,0,1,0,0,0,1,2,1,1,39,7,-1,-1,-1,-1,-1,-1
201543N143025,2,9,0,3,0,0,0,0,0,0,2,1,6,2,31,6,-1,-1,-1,-1,1,-1
201543N143025,3,9,0,3,0,0,0,0,0,0,2,1,6,1,39,7,2148,2,7,-1,1,-1
201543N143025,4,9,0,3,0,0,0,0,0,0,2,1,6,3,39,7,1598,1,6,-1,1,-1
201543N143025,5,9,0,3,0,0,0,0,0,0,2,1,6,1,50,8,-1,-1,-1,-1,2,-1
201543N144015,1,9,0,16,0,0,1,0,1,0,1,1,6,2,28,6,1341,1,11,-1,2,-1
201543N144015,2,19,0,18,0,0,0,0,0,0,1,1,1,2,44,7,2198,2,1,-1,1,-1
201543N144035,1,9,0,18,0,1,2,10,1,3,3,1,6,1,25,5,1998,2,10,-1,1,-1
201543N144115,1,9,0,4,0,1,0,0,0,0,1,1,6,2,20,4,1598,1,11,-1,3,-1
201543N144115,2,9,0,4,0,1,0,0,0,0,2,1,6,2,40,7,1995,2,6,-1,1,-1
201543N145065,1,5,0,18,0,0,0,0,0,0,1,1,6,1,75,10,998,1,11,-1,1,-1
201543N145065,2,9,0,3,0,0,0,0,0,0,2,1,6,1,24,5,1242,1,3,-1,1,-1
201543N145065,3,1,0,18,0,0,0,0,0,0,0,1,6,3,-1,-1,-1,-1,-1,-1,-1,-1
201543N145095,1,9,0,18,0,0,0,0,0,0,3,1,6,2,52,8,2685,2,11,-1,1,-1
201543N145095,2,9,0,11,0,0,0,0,0,0,2,1,6,2,62,9,1587,1,10,-1,1,-1
201543N146125,1,5,0,17,0,0,1,0,1,0,1,1,6,1,33,6,-1,-1,-1,-1,-1,-1
201543N147015,1,9,0,18,0,0,0,0,0,0,3,1,2,1,63,9,1796,1,5,-1,3,-1
201543N147035,1,9,0,18,0,1,0,0,0,0,1,1,6,1,-1,-1,-1,-1,-1,-1,-1,-1
201543N147035,2,9,0,3,0,1,0,0,0,0,2,1,6,2,25,5,-1,-1,-1,-1,1,-1
201543N147105,1,9,0,9,0,6,0,0,0,0,3,1,1,2,21,5,-1,-1,-1,-1,3,-1
201543N147105,2,9,0,18,0,1,0,0,0,0,1,1,1,1,21,5,2171,1,13,-1,1,-1
201543N147105,3,19,0,9,0,1,0,0,0,0,1,1,1,1,49,8,2198,2,1,-1,1,-1
201543N147125,1,9,0,1,0,0,0,0,1,11,2,1,6,2,85,11,1600,1,16,-1,1,-1
201543N147125,2,9,0,2,0,0,0,0,0,0,1,1,6,3,-1,-1,-1,-1,-1,-1,-1,-1
201543N148035,1,9,0,9,0,4,0,0,0,0,1,1,6,1,19,4,1242,1,9,-1,1,-1
201543N148035,2,9,0,8,0,1,0,0,0,0,1,1,6,1,49,8,2179,2,4,-1,1,-1
201543N148055,1,11,0,18,0,0,0,0,0,0,1,1,6,1,54,8,-1,2,16,-1,1,-1
201543N148085,1,9,0,7,0,4,0,0,0,0,3,1,6,1,-1,-1,2231,2,7,-1,-1,-1
201543N148085,2,1,0,18,0,8,1,0,0,0,1,1,6,1,60,9,-1,-1,-1,-1,1,-1
201543N148125,1,9,0,16,0,0,0,0,7,0,1,1,6,1,22,5,2616,1,11,-1,1,-1
201543N148125,2,9,0,17,0,0,0,0,0,0,1,1,6,2,52,8,1587,1,12,-1,1,-1
201543N148125,3,9,0,17,0,0,0,0,0,0,1,1,6,2,25,5,2179,2,1,-1,2,-1
201543N149015,1,9,0,18,0,8,0,7,0,0,1,1,6,1,28,6,1986,2,8,-1,1,-1
201543N149015,2,9,0,18,0,8,0,0,0,0,1,1,6,1,40,7,1910,2,8,-1,1,-1
201543N149035,1,9,0,3,0,0,0,0,0,0,1,1,6,1,31,6,1242,1,9,-1,1,-1
201543N149035,2,9,0,18,0,0,0,0,0,0,2,1,6,2,28,6,1598,1,10,-1,1,-1
201543N149095,1,1,0,17,0,0,0,0,0,0,0,1,6,2,49,8,-1,-1,-1,-1,1,-1
201543N149095,2,9,0,16,0,0,0,0,1,10,4,1,6,1,41,7,1998,1,10,-1,1,-1
201543N150015,1,9,0,5,0,0,0,0,0,0,1,1,3,1,55,8,1798,1,12,-1,1,-1
201543N150015,2,98,0,2,0,0,0,0,0,0,0,1,1,1,-1,-1,8970,2,8,-1,-1,-1
201543N150055,1,1,0,18,0,0,0,0,0,0,3,1,6,1,23,5,-1,-1,-1,-1,-1,-1
201543N150055,2,97,0,18,0,0,0,0,0,0,1,1,6,1,53,8,800,1,2,-1,1,-1
201543N150075,1,21,0,12,0,0,0,0,0,0,3,2,6,1,22,5,-1,-1,-1,-1,-1,-1
201543N150075,2,9,0,18,0,0,0,0,0,0,4,1,6,1,58,9,2179,2,2,-1,3,-1
201543N150105,1,9,0,18,0,0,0,0,0,0,1,1,6,1,45,7,1997,2,11,-1,1,-1
201543N150115,1,9,0,18,0,0,2,0,0,0,1,1,1,1,33,6,1910,2,6,-1,1,-1
201543N150115,2,9,0,4,0,0,0,0,0,0,2,1,6,2,22,5,1388,1,12,-1,1,-1
201543N150115,3,9,0,4,0,0,0,0,0,0,2,1,6,2,29,6,1798,1,5,-1,1,-1
201543N151025,1,9,0,18,0,0,0,0,0,0,1,1,6,2,-1,-1,1796,1,20,-1,-1,-1