Accident_Index,Vehicle_Reference,Vehicle_Type,Towing_and_Articulation,Vehicle_Manoeuvre,Vehicle_Location-Restricted_Lane,Junction_Location,Skidding_and_Overturning,Hit_Object_in_Carriageway,Vehicle_Leaving_Carriageway,Hit_Object_off_Carriageway,1st_Point_of_Impact,Was_Vehicle_Left_Hand_Drive?,Journey_Purpose_of_Driver,Sex_of_Driver,Age_of_Driver,Age_Band_of_Driver,Engine_Capacity_(CC),Propulsion_Code,Age_of_Vehicle,Driver_IMD_Decile,Driver_Home_Area_Type,Vehicle_IMD_Decile
201543N151025,2,9,0,18,0,0,0,0,0,0,4,1,6,2,23,5,1360,1,6,-1,3,-1
201543N151035,1,9,0,17,0,0,0,0,0,0,1,1,6,2,17,4,-1,-1,-1,-1,1,-1
201543N151045,1,9,0,18,0,1,0,0,0,0,1,1,6,2,30,6,1753,2,10,-1,1,-1
201543N151045,2,9,0,3,0,1,0,0,0,0,2,1,6,1,52,8,1995,2,3,-1,1,-1
201543N151065,1,3,0,13,0,1,0,0,0,0,3,1,6,1,31,6,124,1,3,-1,1,-1
201543N151065,2,9,0,18,0,1,0,0,0,0,0,1,6,3,-1,-1,-1,-1,-1,-1,-1,-1
201543N151085,1,9,0,7,0,2,0,0,0,0,1,1,6,2,32,6,2497,2,14,-1,3,-1
201543N151085,2,9,0,4,0,2,0,0,0,0,2,1,6,1,40,7,1997,2,7,-1,1,-1
201543N152035,1,11,0,5,0,8,0,0,0,0,0,1,1,1,35,6,4250,2,6,-1,1,-1
201543N152065,1,9,0,9,0,5,0,0,0,0,4,1,6,1,53,8,1896,2,7,-1,3,-1
201543N152065,2,9,0,18,0,1,0,0,0,0,1,1,6,1,29,6,1390,1,14,-1,2,-1
201543N152075,1,9,0,8,0,1,0,0,0,0,4,1,6,1,39,7,1598,1,13,-1,1,-1
201543N152075,2,1,0,18,0,1,0,0,0,0,1,1,6,1,38,7,-1,-1,-1,-1,1,-1
201543N152095,1,8,0,7,0,6,0,0,0,0,3,1,1,1,-1,-1,-1,-1,-1,-1,-1,-1
201543N152125,1,9,0,4,0,0,5,0,0,0,3,1,6,1,26,6,1422,2,8,-1,1,-1
201543N152125,2,9,0,3,0,0,0,0,0,0,1,1,6,1,58,9,1968,2,-1,-1,1,-1
201543N153015,1,9,0,9,0,6,0,0,0,0,1,1,6,2,18,4,-1,-1,-1,-1,1,-1
201543N153015,2,9,0,18,0,8,0,0,0,0,4,1,6,2,24,5,-1,-1,-1,-1,1,-1
201543N153095,1,5,0,9,0,5,0,0,0,0,1,1,6,1,20,4,-1,-1,-1,-1,1,-1
201543N153095,2,9,0,18,0,1,0,0,0,0,1,1,6,1,57,9,-1,-1,-1,-1,2,-1
201543N153115,1,9,0,9,0,6,0,0,0,0,1,1,6,1,37,7,1061,1,10,-1,1,-1
201543N153115,2,9,0,18,0,1,0,0,0,0,4,1,6,1,28,6,1896,2,12,-1,1,-1
201543N153115,3,9,0,10,0,1,0,0,0,0,3,1,6,1,28,6,1398,2,6,-1,1,-1
201543N154015,1,19,0,3,0,1,0,0,0,0,3,1,2,2,34,6,1560,2,2,-1,2,-1
201543N154015,2,5,0,18,0,1,1,8,0,0,1,1,2,1,61,9,781,1,13,-1,1,-1
201543N154015,3,9,0,3,0,1,0,0,0,0,4,1,2,1,45,7,2987,2,3,-1,1,-1
201543N154055,1,4,0,12,0,0,0,0,0,0,0,1,6,1,58,9,1187,1,9,-1,1,-1
201543N154055,2,9,0,12,0,0,0,0,0,0,0,1,6,1,48,8,1910,2,7,-1,1,-1
201543N154055,3,21,1,18,0,0,0,0,0,0,0,1,1,1,-1,-1,-1,-1,-1,-1,-1,-1
201543N154075,1,9,0,9,0,5,0,0,0,0,4,1,6,1,31,6,1396,1,6,-1,1,-1
201543N154075,2,5,0,18,0,1,0,0,0,0,1,1,6,1,46,8,999,1,8,-1,1,-1
201543N154105,1,9,0,18,0,0,0,0,0,0,1,1,6,3,-1,-1,-1,-1,-1,-1,-1,-1
201543N154105,2,9,0,4,0,0,1,0,0,0,2,1,6,1,77,11,-1,-1,-1,-1,1,-1
201543N155015,1,9,0,5,0,6,0,0,0,0,1,1,6,1,19,4,1229,1,10,-1,1,-1
201543N155015,2,9,0,18,0,8,0,0,0,0,2,1,1,2,60,9,1797,8,5,-1,1,-1
201543N155015,3,9,0,2,0,1,0,0,0,0,1,1,6,3,-1,-1,-1,-1,-1,-1,-1,-1
201543N155065,1,3,0,18,0,3,1,10,1,0,1,1,6,1,20,4,125,1,12,-1,3,-1
201543N155075,1,5,0,13,0,0,1,0,0,0,4,1,6,1,49,8,-1,-1,-1,-1,-1,-1
201543N155075,2,5,0,16,0,0,0,0,0,0,4,1,6,1,41,7,1170,1,10,-1,2,-1
201543N155075,3,5,0,18,0,0,0,0,0,0,0,1,6,3,-1,-1,-1,-1,-1,-1,-1,-1
201543N155095,1,3,0,18,0,0,0,0,0,0,1,1,6,1,24,5,125,1,-1,-1,-1,-1
201543N155095,2,9,0,4,0,0,0,0,0,0,2,1,6,3,-1,-1,-1,-1,-1,-1,-1,-1
201543N156015,1,9,0,16,0,0,0,0,7,11,1,1,6,1,45,7,1796,1,8,-1,-1,-1
201543N156055,1,9,0,18,0,5,2,0,0,0,1,1,6,1,22,5,1124,1,12,-1,2,-1
201543N156065,1,9,0,9,0,6,0,0,0,0,1,1,6,1,18,4,1124,1,10,-1,3,-1
201543N156065,2,1,0,18,0,1,0,0,0,0,1,1,6,1,21,5,-1,-1,-1,-1,1,-1
201543N156085,1,9,0,18,0,0,2,0,1,0,4,1,6,1,23,5,1560,2,4,-1,1,-1
201543N156105,1,3,0,16,0,0,1,0,0,0,1,1,6,1,17,4,124,1,26,-1,2,-1
201543N156105,2,9,0,17,0,0,0,0,0,0,1,1,2,2,35,6,2497,2,10,-1,1,-1
201543N157015,1,9,0,9,0,5,0,0,0,0,1,1,6,1,30,6,1968,2,6,-1,3,-1
201543N157015,2,3,0,18,0,1,0,0,0,0,1,1,6,1,16,4,-1,-1,-1,-1,1,-1
201543N157085,1,19,0,18,0,0,5,10,0,0,1,1,6,1,-1,-1,1870,2,15,-1,-1,-1
201543N157105,1,9,0,9,0,6,0,0,0,0,1,1,6,2,51,8,1248,2,10,-1,1,-1
201543N157105,2,1,0,18,0,1,0,0,0,0,1,1,6,1,41,7,-1,-1,-1,-1,1,-1
201543N158015,1,9,0,6,0,0,0,0,0,0,1,1,6,3,-1,-1,-1,-1,-1,-1,-1,-1
201543N158065,1,9,0,12,0,0,0,0,0,0,3,1,6,3,-1,-1,-1,-1,-1,-1,-1,-1
201543N158065,2,9,0,18,0,0,1,0,1,9,4,1,6,1,50,8,1120,1,17,-1,1,-1
201543N158065,3,9,0,18,0,0,0,0,0,0,1,1,6,2,22,5,1968,2,1,-1,1,-1
201543N158075,1,1,0,9,0,2,0,4,0,0,1,1,6,1,49,8,-1,-1,-1,-1,2,-1
201543N158075,2,9,0,18,0,2,0,0,0,0,1,1,6,1,-1,-1,1968,2,6,-1,-1,-1
201543N159015,1,9,0,9,0,6,0,0,0,0,3,1,6,1,84,11,-1,-1,-1,-1,2,-1
201543N159015,2,21,0,18,0,8,0,0,0,0,1,1,1,1,53,8,6870,2,4,-1,-1,-1
201543N159035,1,9,0,18,0,8,0,0,0,0,1,1,6,1,25,5,-1,-1,-1,-1,3,-1
201543N159035,2,19,0,11,0,8,0,0,0,0,1,1,1,1,64,9,2198,2,1,-1,3,-1
201543N159065,1,9,0,18,0,0,0,0,0,0,1,1,6,1,61,9,1328,1,10,-1,1,-1
201543N159065,2,19,0,18,0,0,0,0,0,0,1,1,6,1,49,8,1360,1,5,-1,1,-1
201543N159075,1,9,0,18,0,1,0,0,0,0,1,1,6,1,-1,-1,1400,1,9,-1,1,-1
201543N159075,2,9,0,3,0,1,0,0,0,0,2,1,6,1,28,6,1596,1,13,-1,1,-1
201543N159105,1,9,0,18,0,0,0,0,0,0,4,1,6,1,60,9,1769,1,14,-1,-1,-1
201543N159105,2,11,0,2,0,0,0,0,0,0,0,1,1,3,-1,-1,-1,-1,-1,-1,-1,-1
201543N160045,1,9,0,18,0,1,0,0,0,0,1,1,6,1,17,4,998,1,14,-1,1,-1
201543N160045,2,9,0,4,0,1,0,0,0,0,2,1,6,2,35,6,1596,1,5,-1,1,-1
201543N160045,3,9,0,18,0,1,0,0,0,0,2,1,6,2,22,5,1390,1,13,-1,-1,-1
201543N160065,1,9,0,9,0,5,0,0,0,0,1,1,1,2,52,8,1598,1,15,-1,1,-1
201543N160065,2,1,0,18,0,8,0,0,0,0,1,1,6,1,75,10,-1,-1,-1,-1,1,-1
201543N161025,1,9,0,18,0,0,2,0,0,0,1,1,6,1,25,5,-1,-1,-1,-1,1,-1
201543N161025,2,21,0,18,0,0,0,0,0,0,2,1,1,1,22,5,11705,2,7,-1,-1,-1
201543N161065,1,9,0,9,0,6,0,0,3,9,1,1,6,2,86,11,1240,1,6,-1,1,-1
201543N162025,1,9,0,1,0,6,0,0,0,0,2,1,6,1,36,7,1995,2,1,-1,1,-1
201543N162065,1,9,0,9,0,5,0,0,0,0,1,1,1,1,33,6,2143,2,-1,-1,3,-1
201543N162065,2,9,0,18,0,1,0,0,0,0,1,1,6,2,43,7,1896,2,7,-1,3,-1
201543N162065,3,9,0,10,0,1,0,0,0,0,3,1,6,1,38,7,2179,2,1,-1,3,-1
201543N162115,1,9,0,17,0,0,0,0,0,0,1,1,6,2,23,5,1242,1,10,-1,1,-1
201543N162115,2,9,0,16,0,0,0,0,0,0,1,1,6,2,39,7,1242,1,2,-1,1,-1
201543N163025,1,9,0,18,0,1,0,0,0,0,1,1,6,1,30,6,1896,2,13,-1,1,-1
201543N163025,2,9,0,10,0,1,0,0,0,0,2,1,6,2,58,9,1398,1,14,-1,1,-1
201543N163075,1,1,0,18,0,0,0,0,0,0,1,1,6,1,14,3,-1,-1,-1,-1,1,-1
201543N163075,2,9,0,18,0,0,0,0,0,0,1,1,1,1,51,8,1497,8,7,-1,1,-1
201543N164025,1,9,0,17,0,0,2,0,2,10,4,1,6,1,25,5,-1,-1,-1,-1,3,-1
201543N164055,1,9,0,5,0,1,1,0,0,0,1,1,2,1,43,7,1587,1,16,-1,1,-1
201543N164055,2,9,0,3,0,1,0,0,0,0,2,1,2,2,60,9,-1,-1,-1,-1,1,-1
201543N164065,1,19,0,18,0,0,0,0,1,0,1,1,6,1,60,9,-1,-1,-1,-1,3,-1
201543N164065,2,90,0,2,0,0,0,0,0,0,2,1,6,1,26,6,2198,2,-1,-1,1,-1
201543N164095,1,11,0,17,0,0,0,0,0,0,3,1,1,1,68,10,10000,2,24,-1,1,-1
201543N164095,2,9,0,16,0,0,0,0,0,0,1,1,2,1,32,6,-1,-1,-1,-1,3,-1
201543N165095,1,5,0,18,0,0,1,0,7,0,3,1,6,1,19,4,599,1,6,-1,1,-1
201543N166015,1,9,0,18,0,8,0,0,0,0,3,1,6,3,-1,-1,-1,-1,-1,-1,-1,-1
201543N166015,2,9,0,10,0,8,0,0,0,0,3,1,1,2,36,7,1368,1,7,-1,1,-1
201543N166025,1,9,0,18,0,1,0,0,0,0,1,1,6,1,-1,-1,1956,2,2,-1,3,-1
201543N166025,2,9,0,3,0,1,0,0,0,0,2,1,6,1,23,5,1995,2,7,-1,1,-1
201543N166095,1,9,0,9,0,5,0,0,0,0,4,1,6,2,25,5,1242,1,9,-1,1,-1
201543N166095,2,9,0,18,0,1,0,0,0,0,1,1,6,2,32,6,1600,1,16,-1,1,-1
201543N166105,1,9,0,18,0,0,0,0,0,0,1,1,6,2,34,6,2993,2,6,-1,1,-1
201543N166105,2,9,0,2,0,0,0,0,0,0,1,1,6,1,51,8,2993,2,2,-1,-1,-1
201543N166125,1,9,0,13,0,0,0,0,0,0,3,1,1,1,30,6,-1,-1,-1,-1,1,-1
201543N166125,2,9,0,18,0,0,0,0,0,0,3,1,1,2,50,8,2179,2,-1,-1,-1,-1
201543N166125,3,9,0,18,0,0,0,0,0,0,1,1,1,1,35,6,1956,2,-1,-1,-1,-1
201543N166125,4,98,0,18,0,0,0,0,0,0,0,1,6,3,-1,-1,-1,-1,-1,-1,-1,-1
201543N167045,1,9,0,14,0,0,1,0,0,0,3,1,6,2,29,6,1368,1,6,-1,1,-1
201543N167095,1,9,0,18,0,1,0,0,0,0,1,1,6,2,-1,-1,1198,1,-1,-1,1,-1
201543N167095,2,2,0,3,0,1,0,0,0,0,2,1,6,1,16,4,49,1,-1,-1,1,-1
201543N168025,1,9,0,18,0,0,0,0,0,0,1,1,6,1,32,6,-1,-1,-1,-1,1,-1
201543N168025,2,9,0,4,0,0,0,0,0,0,2,1,6,1,34,6,-1,-1,-1,-1,1,-1
201543N168025,3,9,0,4,0,0,0,0,0,0,2,1,6,1,54,8,-1,-1,-1,-1,1,-1
201543N168045,1,9,0,5,0,0,0,0,0,0,3,1,1,1,-1,-1,-1,-1,-1,-1,-1,-1
201543N168045,2,1,0,18,0,0,0,0,0,0,1,1,6,1,17,4,-1,-1,-1,-1,1,-1
201543N168055,1,9,0,9,0,6,0,0,0,0,1,1,6,2,34,6,999,1,2,-1,2,-1
201543N168055,2,9,0,9,0,8,0,0,0,0,3,1,6,2,42,7,1796,1,7,-1,2,-1
201543N168095,1,19,0,18,0,0,0,0,1,11,4,1,2,1,21,5,1598,2,3,-1,-1,-1
201543N168125,1,9,0,7,0,2,0,0,3,1,1,1,6,1,22,5,1229,1,-1,-1,1,-1
201543N169045,1,9,0,14,0,1,0,8,0,0,1,1,6,1,78,11,1998,1,10,-1,3,-1
201543N169045,2,9,0,2,0,1,0,0,0,0,3,1,6,1,42,7,5998,1,11,-1,3,-1
201543N170045,1,9,0,18,0,0,0,4,0,0,1,1,6,3,-1,-1,2143,2,3,-1,1,-1
201543N170045,2,9,0,2,0,0,0,4,0,0,2,1,6,3,-1,-1,2000,2,5,-1,-1,-1
201543N170045,3,9,0,2,0,0,0,0,0,0,2,1,6,1,39,7,1299,1,7,-1,-1,-1
201543N170075,1,9,0,18,0,1,0,0,0,0,1,1,6,2,40,7,1242,1,8,-1,3,-1
201543N170075,2,9,0,5,0,1,0,0,0,0,2,1,6,2,52,8,1998,1,16,-1,1,-1
201543N170095,1,9,0,1,0,0,0,0,1,11,2,1,6,2,83,11,-1,-1,-1,-1,1,-1
201543N170105,1,9,0,9,0,6,0,0,0,0,1,1,6,1,30,6,1896,2,14,-1,1,-1
201543N170105,2,9,0,18,0,1,0,0,7,9,1,1,6,2,34,6,1997,1,15,-1,1,-1
201543N170125,1,9,0,9,0,8,0,0,0,0,4,1,6,2,19,4,1149,1,17,-1,3,-1
201543N170125,2,19,0,18,0,8,0,0,0,0,1,1,6,1,54,8,2151,2,12,-1,1,-1
201543N171025,1,9,0,17,0,0,0,0,2,4,1,1,2,1,42,7,1086,1,6,-1,3,-1
201543N171045,1,9,0,7,0,4,0,0,0,0,3,1,2,1,63,9,1968,2,6,-1,1,-1
201543N171045,2,5,0,9,0,3,0,0,0,0,3,1,2,2,41,7,647,1,17,-1,1,-1
201543N171095,1,19,0,18,0,0,0,0,0,0,1,1,1,1,45,7,1995,2,8,-1,1,-1
201543N171095,2,9,0,18,0,0,0,0,0,0,1,1,6,2,29,6,1997,1,12,-1,1,-1
201543N171115,1,9,0,17,0,0,2,0,1,0,1,1,6,1,-1,-1,1896,2,14,-1,-1,-1
201543N171125,1,9,0,9,0,5,0,0,0,0,1,1,6,1,57,9,1242,1,11,-1,1,-1
201543N171125,2,9,0,18,0,1,0,0,0,0,2,1,6,1,38,7,1956,2,4,-1,3,-1
201543N171125,3,9,0,18,0,1,0,0,0,0,0,1,6,3,-1,-1,-1,-1,-1,-1,-1,-1
201543N172045,1,11,0,5,0,2,0,0,0,0,4,1,1,1,41,7,6871,2,9,-1,1,-1
201543N172115,1,9,0,18,0,0,1,0,0,0,1,1,6,1,19,4,-1,-1,-1,-1,2,-1
201543N172115,2,9,0,18,0,0,0,0,0,0,2,1,6,1,48,8,-1,-1,-1,-1,1,-1
201543N173045,1,9,0,1,0,0,0,0,0,0,1,1,2,1,38,7,1896,2,9,-1,1,-1
201543N173045,2,3,0,4,0,0,0,0,0,0,1,1,6,1,44,7,125,1,1,-1,1,-1
201543N173085,1,9,0,7,0,2,0,0,0,0,3,1,6,1,20,4,1968,2,9,-1,3,-1
201543N173085,2,9,0,18,0,1,0,0,0,0,3,1,2,1,40,7,1199,1,11,-1,1,-1
201543N173105,1,9,0,12,0,8,0,0,0,0,4,1,6,2,25,5,1560,2,8,-1,1,-1
201543N173105,2,9,0,18,0,8,0,0,0,0,1,1,6,2,25,5,1198,1,4,-1,1,-1
201543N174015,1,11,0,18,0,2,1,0,0,0,1,1,6,2,25,5,4580,2,7,-1,2,-1
201543N174015,2,9,0,3,0,2,0,0,0,0,2,1,6,1,45,7,-1,-1,-1,-1,-1,-1
201543N174015,3,9,0,3,0,2,0,0,0,0,2,1,6,2,23,5,1497,8,8,-1,1,-1
201543N174025,1,9,0,7,0,4,0,0,0,0,1,1,6,1,37,7,1396,1,6,-1,3,-1
201543N174025,2,1,0,9,0,8,0,0,0,0,2,1,6,1,53,8,-1,-1,-1,-1,1,-1
201543N174065,1,9,0,16,0,0,0,0,0,0,1,1,2,1,19,4,1229,1,3,-1,3,-1
201543N174065,2,9,0,17,0,0,0,0,0,0,1,1,6,2,47,8,2926,2,12,-1,3,-1
201543N174065,3,9,0,16,0,0,0,0,0,0,2,1,6,2,24,5,2493,8,2,-1,1,-1
201543N175015,1,9,0,13,0,0,0,0,0,0,2,1,1,1,39,7,-1,-1,-1,-1,1,-1
201543N175015,2,9,0,13,0,0,1,0,0,0,1,1,1,1,41,7,-1,-1,-1,-1,1,-1
201543N175015,3,9,0,18,0,0,0,0,0,0,2,1,1,2,23,5,-1,-1,-1,-1,1,-1
201543N175085,1,9,0,3,0,1,0,0,0,0,1,1,6,1,34,6,1997,2,-1,-1,1,-1
201543N175085,2,9,0,18,0,1,1,0,0,0,2,1,6,1,67,10,1587,1,8,-1,1,-1
201543N175115,1,1,0,18,0,1,0,10,0,0,4,1,2,1,34,6,-1,-1,-1,-1,1,-1
201543N176025,1,9,0,17,0,0,1,6,0,0,1,1,6,2,50,8,1360,1,15,-1,3,-1
201543N176045,1,9,0,7,0,6,0,0,0,0,1,1,2,1,37,7,1388,1,10,-1,3,-1
201543N176045,2,19,0,18,0,8,0,0,0,0,1,1,2,1,61,9,1686,2,12,-1,3,-1
201543N176085,1,9,0,18,0,1,0,0,0,0,1,1,6,1,21,5,1598,1,8,-1,-1,-1
201543N176085,2,9,0,4,0,1,0,0,0,0,2,1,6,1,31,6,1796,1,8,-1,1,-1
201543N176085,3,9,0,18,0,1,0,0,0,0,1,1,6,1,25,5,1686,2,7,-1,3,-1
201543N176085,4,9,0,4,0,1,0,0,0,0,2,1,6,1,41,7,998,1,3,-1,2,-1
201543N176085,5,9,0,9,0,6,0,0,0,0,0,1,6,3,-1,-1,-1,-1,-1,-1,-1,-1
201543N176105,1,20,0,18,0,0,1,0,0,0,1,1,6,1,-1,-1,11021,2,16,-1,3,-1
201543N176105,2,9,0,4,0,0,0,0,0,0,2,1,6,1,35,6,1364,1,8,-1,2,-1
201543N177035,1,9,0,17,0,0,5,0,0,0,3,1,2,2,46,8,1999,1,9,-1,3,-1
201543N177035,2,9,0,16,0,0,1,0,0,0,3,1,2,1,54,8,4134,2,-1,-1,2,-1
201543N177105,1,9,0,14,0,0,0,0,0,0,3,1,6,1,51,8,1998,2,11,-1,2,-1
201543N177105,2,9,0,18,0,0,0,0,0,0,3,1,6,1,38,7,1598,1,14,-1,1,-1
201543N177115,1,9,0,7,0,6,0,0,0,0,1,1,6,2,66,10,-1,-1,-1,-1,3,-1
201543N178055,1,9,0,18,0,0,0,0,0,0,1,1,6,2,-1,-1,1956,2,6,-1,1,-1
201543N178055,2,19,0,2,0,0,0,0,0,0,2,1,1,1,44,7,1399,2,4,-1,1,-1
201543N178065,1,9,0,5,0,0,0,0,0,0,1,1,1,1,39,7,1686,2,12,-1,1,-1
201543N178075,1,98,0,18,0,0,0,0,0,0,0,1,1,1,-1,-1,-1,-1,-1,-1,-1,-1
201543N178095,1,9,0,9,0,6,0,0,0,0,1,1,6,1,17,4,1242,1,8,-1,1,-1
201543N178095,2,9,0,18,0,1,1,0,0,0,1,1,6,1,21,5,2979,1,1,-1,1,-1
201543N178105,1,9,0,18,0,4,0,0,0,0,1,1,6,2,-1,-1,1598,1,12,-1,-1,-1
201543N178105,2,9,0,9,0,8,0,0,0,0,4,1,6,2,44,7,1796,1,10,-1,1,-1
201543N178115,1,9,0,17,0,0,0,0,0,0,1,1,6,1,25,5,1360,1,9,-1,1,-1
201543N178115,2,9,0,3,0,0,0,0,0,0,2,1,1,1,62,9,1896,2,10,-1,1,-1
201543N178115,3,9,0,16,0,0,0,0,0,0,0,1,6,3,-1,-1,-1,-1,-1,-1,-1,-1
201543N178115,4,9,0,2,0,0,0,0,0,0,0,1,6,3,-1,-1,-1,-1,-1,-1,-1,-1
201543N178125,1,9,0,6,0,5,0,4,0,0,1,1,6,1,18,4,1124,1,14,-1,3,-1
201543N178125,2,9,0,3,0,2,0,0,0,0,2,1,6,3,-1,-1,-1,-1,-1,-1,-1,-1
201543N179015,1,9,0,18,0,0,0,0,0,0,1,1,6,3,-1,-1,-1,-1,-1,-1,-1,-1
201543N179015,2,3,0,18,0,0,0,0,0,0,2,1,6,1,16,4,-1,-1,-1,-1,1,-1
201543N179015,3,9,0,18,0,0,0,1,0,0,1,1,6,2,31,6,1461,2,3,-1,1,-1
201543N179075,1,98,0,13,0,1,0,0,0,0,1,1,6,1,-1,-1,2499,2,1,-1,-1,-1
201543N179075,2,9,0,9,0,5,0,0,0,0,3,1,6,1,40,7,-1,-1,-1,-1,3,-1
201543N179105,1,9,0,4,0,0,0,0,0,0,1,1,6,2,46,8,1560,2,7,-1,1,-1
201543N179105,2,9,0,2,0,0,0,0,0,0,2,1,6,2,24,5,1598,1,15,-1,1,-1
201543N179115,1,9,0,1,9,6,0,0,0,0,2,1,6,2,49,8,1197,1,1,-1,2,-1
201543N180025,1,9,0,18,0,0,0,0,1,0,1,1,6,1,79,11,1600,2,6,-1,2,-1
201543N180055,1,5,0,17,0,0,0,0,0,0,4,1,6,1,35,6,599,1,14,-1,1,-1
201543N180095,1,9,0,12,0,0,1,0,0,0,4,1,6,2,25,5,1598,2,5,-1,3,-1
201543N180095,2,9,0,3,0,0,0,0,0,0,3,1,6,1,66,10,1197,1,4,-1,1,-1
201543N180095,3,9,0,3,0,0,0,0,0,0,2,1,6,2,44,7,1956,2,3,-1,1,-1
201543N180115,1,19,0,18,0,1,0,0,0,0,0,1,1,1,55,8,2143,2,1,-1,1,-1
201543N180115,2,9,0,9,0,8,0,0,7,4,3,1,6,1,24,5,1984,1,7,-1,2,-1
201543N181015,1,9,0,18,0,0,0,0,0,0,4,1,6,1,69,10,1796,1,10,-1,1,-1
201543N181015,2,11,0,2,0,0,0,0,0,0,0,1,1,3,-1,-1,-1,-1,-1,-1,-1,-1
201543N181035,1,9,0,18,0,0,0,0,0,0,1,1,2,1,42,7,1995,2,4,-1,1,-1
201543N181035,2,9,0,4,0,0,0,0,0,0,2,1,2,2,36,7,1896,2,6,-1,3,-1
201543N181045,1,9,0,18,0,1,0,0,0,0,1,1,6,1,87,11,2962,1,25,-1,3,-1
201543N181045,2,9,0,8,0,1,0,0,0,0,2,1,1,2,43,7,1598,1,7,-1,2,-1
201543N181065,1,9,0,18,0,8,0,0,0,0,1,1,6,1,29,6,1364,1,9,-1,-1,-1
201543N181065,2,9,0,4,0,8,0,0,0,0,2,1,6,2,23,5,1797,8,6,-1,1,-1
201543N181075,1,9,0,5,0,3,0,0,0,0,1,1,1,1,35,6,1368,1,4,-1,1,-1
201543N182015,1,9,0,18,0,0,0,0,0,0,3,1,6,1,50,8,-1,-1,-1,-1,-1,-1
201543N182015,2,16,0,18,0,0,0,0,0,0,3,1,6,1,52,8,-1,-1,-1,-1,3,-1
201543N182035,1,9,0,1,0,6,0,0,0,0,2,1,2,1,36,7,1399,2,6,-1,1,-1
201543N182055,1,19,0,7,0,6,0,0,0,0,3,1,1,1,34,6,1598,2,-1,-1,1,-1
201543N182055,2,9,0,18,0,8,0,0,0,0,1,1,6,2,56,9,2143,2,1,-1,1,-1
201543N182075,1,5,0,17,0,0,1,0,1,0,0,1,1,1,53,8,749,1,14,-1,1,-1
201543N182095,1,5,0,18,0,4,0,0,0,0,1,1,6,1,53,8,1198,1,5,-1,1,-1
201543N182095,2,9,0,12,0,4,0,0,0,0,2,1,6,1,72,10,1997,2,1,-1,1,-1
201543N182125,1,9,0,9,0,6,0,0,0,0,1,1,6,1,46,8,1910,2,10,-1,1,-1
201543N182125,2,9,0,17,0,1,0,0,0,0,1,1,6,2,19,4,1149,1,11,-1,1,-1
201543N183015,1,9,0,9,0,5,1,0,0,0,1,1,1,1,24,5,-1,-1,-1,-1,3,-1
201543N183015,2,9,0,18,0,1,0,0,0,0,1,1,6,2,61,9,-1,-1,-1,-1,2,-1
201543N183025,1,9,0,9,0,5,0,0,0,0,1,1,2,2,20,4,-1,-1,-1,-1,2,-1
201543N183025,2,1,0,18,0,1,0,0,0,0,1,1,6,1,63,9,-1,-1,-1,-1,1,-1
201543N183035,1,9,0,18,0,0,0,0,1,7,1,1,6,1,47,8,3248,1,14,-1,1,-1
201543N183045,1,9,0,18,0,0,0,0,0,0,1,1,6,1,18,4,1595,1,11,-1,1,-1
201543N183045,2,9,0,3,0,0,0,0,0,0,2,1,6,1,54,8,1995,1,9,-1,1,-1
201543N183055,1,9,0,18,0,0,0,0,0,0,1,1,6,1,81,11,2488,2,8,-1,3,-1
201543N183055,2,19,0,2,0,0,0,0,0,0,2,1,1,1,56,9,2402,2,13,-1,3,-1
201543N183075,1,9,0,18,0,1,0,0,0,0,1,1,6,2,59,9,2494,1,13,-1,3,-1
201543N183075,2,9,0,9,0,5,0,0,1,0,1,1,6,1,36,7,1999,1,14,-1,1,-1
201543N183075,3,9,0,2,0,1,0,0,0,0,2,1,6,1,86,11,3947,1,17,-1,3,-1
201543N184025,1,9,0,16,0,0,0,0,0,0,1,1,6,1,30,6,1796,1,11,-1,1,-1
201543N184025,2,9,0,17,0,0,0,0,0,0,1,1,2,2,25,5,1299,1,12,-1,1,-1
201543N184055,1,1,0,18,0,0,0,4,0,0,1,1,6,1,61,9,-1,-1,-1,-1,1,-1
201543N184055,2,9,0,2,0,0,0,0,0,0,2,1,6,1,37,7,1598,1,4,-1,1,-1
201543N184065,1,9,0,18,0,0,1,0,0,0,1,1,6,1,38,7,1598,1,12,-1,1,-1
201543N184065,2,9,0,4,0,0,0,0,0,0,2,1,6,2,20,4,998,1,6,-1,1,-1
201543N184065,3,9,0,4,0,0,0,0,0,0,2,1,6,1,45,7,1969,2,1,-1,1,-1
201543N184075,1,9,0,9,0,5,0,0,0,0,4,1,6,2,76,11,1242,1,13,-1,3,-1
201543N184075,2,1,0,18,0,8,0,0,0,0,1,1,6,1,37,7,-1,-1,-1,-1,3,-1
201543N184115,1,9,0,18,0,0,0,0,0,0,4,1,6,1,58,9,-1,-1,-1,-1,-1,-1
201543N185015,1,9,0,18,0,0,0,0,0,0,1,1,1,1,62,9,1341,1,12,-1,1,-1
201543N185015,2,1,0,18,0,0,0,0,0,0,2,1,1,1,55,8,-1,-1,-1,-1,1,-1
201543N185035,1,9,0,7,0,5,0,0,0,0,3,1,2,1,30,6,1390,1,10,-1,1,-1
201543N185035,2,9,0,3,0,1,0,0,0,0,1,1,3,1,51,8,2987,2,9,-1,1,-1