Accident_Index,Vehicle_Reference,Vehicle_Type,Towing_and_Articulation,Vehicle_Manoeuvre,Vehicle_Location-Restricted_Lane,Junction_Location,Skidding_and_Overturning,Hit_Object_in_Carriageway,Vehicle_Leaving_Carriageway,Hit_Object_off_Carriageway,1st_Point_of_Impact,Was_Vehicle_Left_Hand_Drive?,Journey_Purpose_of_Driver,Sex_of_Driver,Age_of_Driver,Age_Band_of_Driver,Engine_Capacity_(CC),Propulsion_Code,Age_of_Vehicle,Driver_IMD_Decile,Driver_Home_Area_Type,Vehicle_IMD_Decile
201543N185075,1,3,0,18,0,4,0,0,0,0,0,1,6,1,30,6,125,1,-1,-1,1,-1
201543N185075,2,9,0,6,0,8,0,0,0,0,0,1,6,2,52,8,1968,2,5,-1,1,-1
201543N186015,1,21,4,12,0,0,0,0,0,0,3,2,1,1,54,8,-1,-1,-1,-1,-1,-1
201543N186015,2,9,0,18,0,0,0,0,0,0,4,1,1,1,60,9,-1,-1,-1,-1,-1,-1
201543N186015,3,21,1,18,0,0,1,0,0,0,3,1,1,1,61,9,-1,-1,-1,-1,1,-1
201543N186015,4,9,0,3,0,0,0,0,0,7,4,1,6,1,29,6,1298,1,14,-1,-1,-1
201543N186025,1,9,0,18,0,2,0,7,0,0,1,1,6,2,84,11,998,1,11,-1,2,-1
201543N186095,1,9,0,18,0,0,0,0,0,0,1,1,6,2,56,9,2993,2,1,-1,1,-1
201543N186095,2,9,0,5,0,0,0,0,0,0,2,1,6,1,40,7,-1,-1,-1,-1,3,-1
201543N186095,3,8,0,5,0,0,0,0,0,0,2,1,6,1,28,6,-1,-1,-1,-1,1,-1
201543N186125,1,9,0,18,0,3,0,0,0,0,1,1,6,1,61,9,1389,1,13,-1,1,-1
201543N187015,1,9,0,17,0,0,1,0,0,0,1,1,6,1,54,8,1598,2,5,-1,3,-1
201543N187015,2,9,0,13,0,0,1,0,0,0,1,1,6,2,56,9,-1,-1,-1,-1,3,-1
201543N187015,3,1,0,16,0,0,0,0,0,0,0,1,6,3,-1,-1,-1,-1,-1,-1,-1,-1
201543N187025,1,9,0,1,0,2,0,0,0,0,2,1,6,2,24,5,-1,-1,-1,-1,1,-1
201543N187025,2,9,0,3,0,2,0,0,0,0,1,1,6,2,35,6,1390,1,4,-1,1,-1
201543N187045,1,3,0,18,0,1,0,0,0,0,1,1,6,2,31,6,-1,-1,-1,-1,3,-1
201543N187045,2,9,0,13,0,6,0,0,0,0,1,1,6,1,23,5,-1,-1,-1,-1,3,-1
201543N187045,3,98,0,7,0,5,0,0,0,0,0,1,6,3,-1,-1,-1,-1,-1,-1,-1,-1
201543N187065,1,9,0,6,0,0,0,0,0,0,3,1,6,1,78,11,1560,2,7,-1,1,-1
201543N187065,2,9,0,18,0,0,0,0,0,0,1,1,6,1,52,8,2976,1,12,-1,1,-1
201543N187075,1,9,0,18,0,0,2,0,7,9,1,1,1,1,19,4,1299,1,12,-1,2,-1
201543N187075,2,21,0,18,0,0,0,0,0,0,3,1,1,1,33,6,10837,2,5,-1,1,-1
201543N187095,1,2,0,7,0,5,0,7,0,0,1,1,6,2,17,4,49,1,5,-1,1,-1
201543N188015,1,9,0,18,0,4,0,0,0,0,1,1,1,1,38,7,1896,2,11,-1,1,-1
201543N188015,2,3,0,9,0,8,0,0,0,0,4,1,6,1,23,5,124,1,1,-1,1,-1
201543N188025,1,9,0,12,0,0,5,0,0,0,3,1,6,1,32,6,-1,-1,-1,-1,1,-1
201543N188025,2,9,0,18,0,0,0,0,0,0,4,1,6,1,24,5,1968,2,2,-1,1,-1
201543N188035,1,9,0,12,0,0,0,0,0,0,3,1,6,1,28,6,1995,2,1,-1,1,-1
201543N188035,2,9,0,18,0,0,0,0,0,0,4,1,6,2,66,10,2199,2,1,-1,2,-1
201543N188055,1,9,0,18,0,0,0,0,0,0,1,1,6,1,-1,-1,-1,-1,-1,-1,-1,-1
201543N188055,2,1,0,18,0,0,0,0,0,0,2,1,6,1,15,3,-1,-1,-1,-1,1,-1
201543N188065,1,9,0,18,0,0,0,0,0,0,1,1,1,2,40,7,1598,2,3,-1,-1,-1
201543N188065,2,9,0,2,0,0,0,0,0,0,2,1,6,3,-1,-1,1399,1,10,-1,-1,-1
201543N188075,1,19,0,17,0,0,5,0,7,0,1,1,6,1,34,6,1310,1,3,-1,1,-1
201543N188095,1,19,0,9,0,6,0,0,0,0,4,1,2,1,19,4,2198,2,7,-1,1,-1
201543N188095,2,3,0,18,0,1,0,0,0,0,3,1,6,1,20,4,125,1,1,-1,2,-1
201543N189015,1,9,0,18,0,0,0,0,0,0,1,1,6,1,71,10,1587,1,9,-1,1,-1
201543N189015,2,9,0,1,0,0,0,0,0,0,2,1,6,1,31,6,1560,2,7,-1,1,-1
201543N189015,3,9,0,4,0,0,0,0,0,0,2,1,6,1,51,8,2996,1,9,-1,3,-1
201543N189025,1,3,0,17,0,0,1,10,2,11,1,1,6,1,24,5,124,1,6,-1,1,-1
201543N189025,2,9,0,17,0,0,0,0,0,0,1,1,6,2,82,11,1560,2,5,-1,2,-1
201543N190025,1,9,0,5,0,0,0,0,0,0,1,1,6,1,33,6,1363,2,12,-1,3,-1
201543N190045,1,9,0,18,0,1,0,0,0,0,1,1,1,1,50,8,1796,1,14,-1,1,-1
201543N190045,2,9,0,3,0,1,0,0,0,0,2,1,3,2,41,7,1360,1,14,-1,1,-1
201543N190045,3,9,0,3,0,1,0,0,0,0,2,1,3,2,38,7,1598,1,12,-1,2,-1
201543N190125,1,9,0,18,0,4,2,0,3,11,1,1,6,2,23,5,1596,1,7,-1,1,-1
201543N191025,1,9,0,18,0,0,0,0,0,0,4,1,6,1,25,5,-1,-1,-1,-1,-1,-1
201543N191045,1,9,0,7,0,5,0,0,0,0,1,1,6,3,-1,-1,-1,-1,-1,-1,-1,-1
201543N191045,2,1,0,18,0,8,0,0,0,0,2,1,6,1,12,3,-1,-1,-1,-1,1,-1
201543N191075,1,9,0,17,0,0,1,0,1,7,4,1,6,2,20,4,2204,2,9,-1,1,-1
201543N191105,1,9,0,12,0,0,2,0,4,6,3,1,6,2,61,9,1896,2,11,-1,1,-1
201543N191105,2,9,0,18,0,0,0,0,0,0,1,1,2,1,23,5,1199,2,2,-1,1,-1
201543N191105,3,9,0,18,0,0,0,0,0,0,1,1,6,2,21,5,1364,1,10,-1,1,-1
201543N191125,1,9,0,18,0,1,0,0,0,0,1,1,6,1,18,4,1598,1,9,-1,-1,-1
201543N191125,2,9,0,10,0,1,0,0,0,0,2,1,6,2,62,9,1299,1,16,-1,1,-1
201543N192045,1,9,0,9,0,4,0,0,0,0,1,1,6,2,44,7,1896,2,8,-1,1,-1
201543N192045,2,1,0,18,0,8,0,0,0,0,1,1,6,2,57,9,-1,-1,-1,-1,1,-1
201543N192065,1,9,0,18,0,0,5,0,1,9,1,1,6,2,51,8,1995,2,11,-1,1,-1
201543N192075,1,9,0,9,0,5,0,0,0,0,3,1,6,2,51,8,1996,1,21,-1,1,-1
201543N192075,2,5,0,18,0,1,0,0,0,0,1,1,6,2,43,7,599,1,5,-1,3,-1
201543N192095,1,5,0,16,0,0,1,10,0,0,4,1,6,1,60,9,1352,1,7,-1,3,-1
201543N192115,1,9,0,18,0,1,0,0,0,0,1,1,6,3,-1,-1,-1,-1,-1,-1,-1,-1
201543N193025,1,9,0,9,0,5,0,0,0,0,1,1,6,2,53,8,1598,1,7,-1,2,-1
201543N193025,2,1,0,17,0,8,0,0,0,0,1,1,6,1,39,7,-1,-1,-1,-1,3,-1
201543N193045,1,9,0,13,0,0,0,0,0,0,0,1,6,3,-1,-1,-1,-1,-1,-1,-1,-1
201543N193045,2,19,0,13,0,0,0,0,7,3,1,1,6,2,55,8,2461,2,13,-1,3,-1
201543N193045,3,9,0,18,0,0,0,0,0,0,1,1,6,1,28,6,-1,-1,-1,-1,3,-1
201543N193045,4,9,0,18,0,0,0,0,0,0,1,1,6,2,58,9,1896,2,7,-1,1,-1
201543N193055,1,9,0,18,0,0,0,0,1,0,4,1,6,2,17,4,1299,1,8,-1,1,-1
201543N193075,1,3,0,16,0,0,1,0,7,11,1,1,2,1,33,6,124,1,1,-1,1,-1
201543N193095,1,3,0,13,0,8,0,0,0,0,4,1,6,1,36,7,124,1,1,-1,1,-1
201543N193095,2,9,0,9,0,5,0,0,0,0,3,1,6,1,26,6,1390,1,10,-1,2,-1
201543N193125,1,9,0,9,0,6,1,0,0,0,1,1,6,1,40,7,1896,2,10,-1,1,-1
201543N193125,2,9,0,18,0,1,0,0,1,0,3,1,6,2,58,9,1998,1,20,-1,1,-1
201543N194065,1,9,0,18,0,0,0,0,0,0,1,1,3,2,36,7,2143,2,6,-1,2,-1
201543N194065,2,11,0,2,0,0,0,0,0,0,0,1,1,3,-1,-1,-1,-1,-1,-1,-1,-1
201543N194085,1,9,0,5,0,0,5,4,0,0,4,1,6,2,35,6,1984,1,7,-1,1,-1
201543N194085,2,9,0,2,0,0,0,0,0,0,3,1,6,3,-1,-1,1968,2,9,-1,-1,-1
201543N194095,1,9,0,18,0,8,0,0,0,0,1,1,6,1,20,4,1896,2,14,-1,3,-1
201543N194095,2,9,0,18,0,8,2,0,0,0,3,1,6,2,59,9,999,1,2,-1,3,-1
201543N195015,1,9,0,7,0,4,0,0,0,0,1,1,6,3,-1,-1,-1,-1,-1,-1,-1,-1
201543N195015,2,1,0,18,0,8,0,0,0,0,4,1,1,1,48,8,-1,-1,-1,-1,1,-1
201543N195025,1,9,0,14,0,0,0,0,0,0,1,1,1,2,28,6,1248,2,3,-1,1,-1
201543N195025,2,9,0,14,0,0,0,0,0,0,3,1,6,1,47,8,-1,-1,-1,-1,1,-1
201543N195035,1,9,0,18,0,0,0,0,0,0,1,1,6,2,36,7,2979,1,11,-1,2,-1
201543N195055,1,9,0,18,0,8,0,0,1,1,1,1,6,1,67,10,998,1,7,-1,1,-1
201543N195085,1,9,0,18,0,1,1,0,7,0,1,1,6,1,44,7,1596,1,6,-1,1,-1
201543N195085,2,9,0,9,0,6,0,0,1,0,1,1,6,1,70,10,1998,1,12,-1,1,-1
201543N195095,1,9,0,18,0,0,0,0,1,11,1,1,6,1,28,6,1390,1,15,-1,1,-1
201543N195105,1,9,0,18,0,1,1,0,0,0,1,1,6,1,21,5,1364,1,8,-1,3,-1
201543N195105,2,9,0,6,0,1,0,0,0,0,1,1,6,1,23,5,2993,2,9,-1,1,-1
201543N195105,3,9,0,2,0,1,0,0,0,0,2,1,6,1,57,9,1896,2,5,-1,1,-1
201543N196085,1,3,4,15,0,8,0,0,0,0,3,1,6,1,35,6,124,1,4,-1,1,-1
201543N196085,2,17,0,7,0,8,0,0,0,0,4,1,1,1,24,5,-1,2,7,-1,3,-1
201543N196095,1,3,0,16,0,0,0,0,7,5,1,1,6,1,18,4,125,1,-1,-1,1,-1
201543N196125,1,9,0,18,0,8,0,0,0,0,4,1,6,1,27,6,998,1,2,-1,1,-1
201543N196125,2,9,0,18,0,1,0,0,0,0,1,1,6,1,63,9,1596,1,5,-1,2,-1
201543N197025,1,9,0,17,0,0,1,0,1,11,1,1,6,2,29,6,1242,1,5,-1,1,-1
201543N197025,2,9,0,18,0,0,0,0,0,0,1,1,6,1,66,10,1596,1,3,-1,-1,-1
201543N197035,1,5,0,16,0,0,1,0,7,9,1,1,6,1,37,7,898,1,1,-1,1,-1
201543N197055,1,3,0,18,0,1,0,0,0,0,1,1,2,1,28,6,-1,-1,-1,-1,3,-1
201543N197055,2,9,0,4,0,1,0,0,0,0,2,1,2,1,19,4,1061,1,11,-1,1,-1
201543N197075,1,19,0,9,0,6,0,10,3,0,1,1,1,1,41,7,2402,2,10,-1,1,-1
201543N197075,2,9,0,18,0,8,0,0,0,0,3,1,6,2,43,7,1598,1,6,-1,1,-1
201543N197085,1,9,0,18,0,0,1,0,4,6,1,1,6,2,28,6,1240,1,12,-1,1,-1
201543N198035,1,9,0,9,0,5,0,0,0,0,3,1,6,2,71,10,1388,1,4,-1,2,-1
201543N198035,2,3,0,18,0,1,0,0,0,0,4,1,6,1,17,4,124,1,1,-1,3,-1
201543N198055,1,9,0,9,0,6,0,0,0,0,1,1,6,2,31,6,1598,1,7,-1,1,-1
201543N198055,2,9,0,18,0,8,0,0,0,0,1,1,6,1,79,11,1992,2,7,-1,1,-1
201543N198065,1,9,0,17,0,0,0,0,0,0,3,1,1,2,20,4,1461,2,1,-1,-1,-1
201543N198065,2,1,0,18,0,0,0,0,0,0,1,1,6,1,32,6,-1,-1,-1,-1,1,-1
201543N198065,3,9,0,18,0,0,0,0,0,0,3,1,1,1,46,8,-1,-1,-1,-1,1,-1
201543N198085,1,9,0,9,0,6,0,0,0,0,3,1,6,1,71,10,2400,2,-1,-1,1,-1
201543N198085,2,9,0,18,0,8,0,0,0,0,1,1,6,2,36,7,1798,1,8,-1,1,-1
201543N198095,1,9,0,18,0,8,2,0,1,10,1,1,6,1,33,6,2183,2,5,-1,1,-1
201543N198115,1,9,0,18,0,8,0,0,0,0,1,1,6,3,-1,-1,-1,-1,-1,-1,-1,-1
201543N198115,2,1,0,18,0,8,0,0,0,0,4,1,1,2,43,7,-1,-1,-1,-1,1,-1
201543N198125,1,9,0,4,0,4,1,9,3,0,1,1,6,1,75,10,1997,2,1,-1,1,-1
201543N199025,1,9,0,18,0,0,0,0,0,0,1,1,6,2,45,7,1598,1,9,-1,3,-1
201543N199025,2,9,0,2,0,0,0,0,0,0,2,1,6,3,-1,-1,973,1,12,-1,-1,-1
201543N199035,1,9,0,9,0,6,0,0,0,0,3,1,6,1,20,4,-1,-1,-1,-1,2,-1
201543N199035,2,9,0,18,0,1,0,0,0,0,1,1,6,2,23,5,1388,1,3,-1,1,-1
201543N199055,1,9,0,9,0,8,0,0,0,0,1,1,6,2,25,5,1999,1,2,-1,1,-1
201543N199055,2,9,0,18,0,1,1,0,1,10,1,1,6,1,54,8,1388,1,13,-1,1,-1
201543N199085,1,9,0,9,0,6,0,0,0,0,1,1,6,2,59,9,1560,2,4,-1,1,-1
201543N199085,2,9,0,18,0,8,0,0,7,0,4,1,6,2,79,11,2231,2,9,-1,1,-1
201543N199095,1,9,0,9,0,5,0,0,0,0,1,1,6,2,75,10,1560,2,2,-1,1,-1
201543N199095,2,1,0,17,0,1,0,0,0,0,1,1,6,1,54,8,-1,-1,-1,-1,1,-1
201543N199125,1,9,0,17,0,0,1,0,1,9,4,1,6,2,66,10,1998,1,14,-1,2,-1
201543N200025,1,5,0,16,0,0,1,0,0,0,4,1,1,2,45,7,680,1,5,-1,1,-1
201543N200055,1,9,0,4,0,0,0,0,0,0,1,1,6,2,27,6,1242,1,1,-1,1,-1
201543N200055,2,9,0,4,0,0,0,0,0,0,2,1,6,1,32,6,1956,2,1,-1,1,-1
201543N200055,3,9,0,4,0,0,0,0,0,0,1,1,6,1,34,6,1396,1,16,-1,1,-1
201543N200055,4,9,0,4,0,0,0,0,0,0,2,1,6,2,33,6,1753,2,8,-1,1,-1
201543N200055,5,9,0,4,0,0,0,0,0,0,2,1,1,2,24,5,1560,2,1,-1,1,-1
201543N200055,6,9,0,4,0,0,0,0,0,0,1,1,1,2,49,8,1968,2,2,-1,1,-1
201543N200075,1,9,0,18,0,1,0,0,7,3,1,1,6,2,59,9,1699,1,6,-1,-1,-1
201543N201025,1,9,0,4,0,1,0,0,0,0,2,1,6,1,23,5,1988,1,11,-1,1,-1
201543N201035,1,9,0,7,0,4,0,0,0,0,1,1,6,1,57,9,1999,1,1,-1,1,-1
201543N201035,2,1,0,18,0,8,0,0,0,0,4,1,6,2,29,6,-1,-1,-1,-1,1,-1
201543N201045,1,9,0,16,0,0,1,0,7,4,4,1,1,1,31,6,1396,1,18,-1,1,-1
201543N201085,1,9,0,18,0,0,0,0,0,0,1,1,6,2,65,9,1229,1,3,-1,1,-1
201543N201085,2,9,0,18,0,0,0,0,0,0,2,1,6,2,29,6,1587,1,9,-1,3,-1
201543N201095,1,9,0,9,0,5,0,0,0,0,4,1,6,1,92,11,1984,2,2,-1,1,-1
201543N201095,2,9,0,18,0,1,0,0,0,0,1,1,6,1,48,8,-1,-1,-1,-1,1,-1
201543N201125,1,9,0,18,0,3,0,0,0,0,1,1,6,1,-1,-1,1598,1,9,-1,-1,-1
201543N201125,2,9,0,11,0,3,0,0,0,0,2,1,6,2,34,6,1998,1,13,-1,1,-1
201543N202035,1,9,0,6,0,0,0,0,0,0,1,1,6,2,46,8,1587,1,11,-1,1,-1
201543N202035,2,9,0,18,0,0,1,0,0,0,1,1,6,1,21,5,1595,1,11,-1,1,-1
201543N202085,1,9,0,3,0,0,0,0,0,0,1,1,1,2,28,6,1969,2,-1,-1,1,-1
201543N202085,2,9,0,18,0,0,1,0,4,0,2,1,6,1,30,6,1598,1,13,-1,3,-1
201543N202125,1,9,0,18,0,0,0,0,0,0,4,1,6,1,20,4,1242,1,13,-1,1,-1
201543N203015,1,9,0,18,0,1,0,0,7,2,1,1,6,2,50,8,1896,2,11,-1,1,-1
201543N203025,1,9,0,18,0,0,0,7,0,0,1,1,6,1,26,6,-1,-1,-1,-1,1,-1
201543N203045,1,8,0,18,0,0,0,0,0,0,1,1,1,3,-1,-1,-1,-1,-1,-1,-1,-1
201543N203075,1,5,0,9,0,5,0,0,0,0,1,1,6,1,19,4,1043,1,5,-1,1,-1
201543N203075,2,9,0,18,0,1,0,0,0,0,3,1,6,2,20,4,2495,2,19,-1,3,-1
201543N203085,1,9,0,18,0,0,0,0,0,0,1,1,6,3,-1,-1,-1,-1,-1,-1,-1,-1
201543N203085,2,19,0,3,0,0,0,0,0,0,2,1,6,1,55,8,1753,2,10,-1,-1,-1
201543N203085,3,9,0,3,0,0,0,0,0,0,2,1,6,3,-1,-1,-1,-1,-1,-1,-1,-1
201543N203125,1,1,0,16,0,6,0,0,0,0,3,1,6,1,48,8,-1,-1,-1,-1,1,-1
201543N203125,2,9,0,18,0,8,0,0,0,0,3,1,6,1,31,6,1598,1,-1,-1,1,-1
201543N204095,1,9,0,9,0,8,0,9,0,0,1,1,2,2,28,6,998,1,7,-1,1,-1
201543N204125,1,9,0,7,0,6,1,0,0,0,1,1,6,1,25,5,1995,2,3,-1,1,-1
201543N204125,2,9,0,17,0,8,5,0,0,0,4,1,6,2,38,7,1497,8,2,-1,3,-1
201543N205025,1,97,0,16,0,0,0,0,0,0,1,1,2,1,43,7,689,1,1,-1,3,-1
201543N205025,2,9,0,18,0,0,0,0,0,0,3,1,3,2,37,7,1968,2,1,-1,3,-1
201543N205035,1,8,0,17,0,0,1,0,1,7,1,1,1,1,58,9,1896,2,8,-1,1,-1
201543N205065,1,1,0,16,0,0,1,0,0,0,1,1,6,2,67,10,-1,-1,-1,-1,2,-1
201543N205065,2,1,0,16,0,0,0,0,0,0,2,1,6,1,50,8,-1,-1,-1,-1,1,-1
201543N205125,1,9,0,18,0,0,0,0,0,0,1,1,2,2,46,8,1598,2,5,-1,1,-1
201543N205125,2,9,0,18,0,0,0,0,0,0,1,1,6,2,78,11,1999,1,5,-1,-1,-1
201543N205125,3,9,0,18,0,0,0,0,0,0,1,1,6,2,51,8,1796,1,13,-1,1,-1
201543N206025,1,9,0,9,0,6,0,0,0,0,3,1,2,1,65,9,1991,1,1,-1,-1,-1
201543N206025,2,8,0,17,0,1,0,0,0,0,1,1,1,1,23,5,-1,-1,-1,-1,1,-1
201543N206035,1,9,0,9,0,8,0,0,0,0,1,1,1,1,39,7,1364,1,8,-1,3,-1
201543N206035,2,9,0,18,0,1,0,0,1,10,3,1,2,2,34,6,2148,2,7,-1,-1,-1
201543N206065,1,9,0,13,0,0,0,0,0,0,4,1,6,1,79,11,1339,1,7,-1,3,-1
201543N206065,2,1,0,18,0,0,0,0,0,0,4,1,6,1,39,7,-1,-1,-1,-1,1,-1
201543N206095,1,9,0,5,9,8,0,0,0,0,4,1,6,2,48,8,2993,2,8,-1,3,-1
201543N206095,2,1,0,18,9,8,0,0,0,0,1,1,6,2,48,8,-1,-1,-1,-1,-1,-1
201543N206125,1,3,0,18,0,0,1,0,7,0,3,1,1,1,20,4,124,1,3,-1,1,-1
201543N207015,1,9,0,5,0,0,0,0,0,0,1,1,6,1,25,5,1895,1,15,-1,1,-1
201543N207025,1,9,0,18,0,0,0,0,0,0,1,1,6,1,58,9,2400,2,2,-1,1,-1
201543N207025,2,9,0,18,0,0,0,0,0,0,1,1,6,2,19,4,1242,1,11,-1,3,-1
201543N207045,1,9,0,18,0,0,1,0,0,0,3,1,1,1,31,6,1248,2,4,-1,-1,-1
201543N207045,2,1,0,18,0,0,0,0,0,0,1,1,6,1,36,7,-1,-1,-1,-1,-1,-1
201543N207055,1,9,0,18,0,1,0,0,0,0,1,1,6,2,50,8,1598,2,2,-1,1,-1
201543N207055,2,1,0,18,0,1,0,0,0,0,3,1,6,2,54,8,-1,-1,-1,-1,1,-1
201543N207085,1,9,0,17,0,0,1,0,1,0,1,1,6,1,39,7,-1,-1,-1,-1,1,-1
201543N207095,1,9,0,18,0,1,1,0,3,11,1,1,6,1,83,11,1997,2,17,-1,2,-1
201543N207115,1,9,0,17,0,0,1,0,7,4,4,1,2,1,23,5,1599,1,12,-1,3,-1
201543N208035,1,9,0,9,0,6,0,0,0,0,1,1,6,1,-1,-1,1968,2,1,-1,-1,-1
201543N208035,2,9,0,4,0,1,0,0,0,0,4,1,6,2,47,8,1598,1,5,-1,1,-1
201543N208045,1,9,0,18,0,0,0,0,0,0,0,1,6,3,-1,-1,-1,-1,-1,-1,-1,-1
201543N208045,2,9,0,18,0,0,0,11,1,0,1,1,6,2,72,10,1242,1,5,-1,1,-1
201543N208045,3,9,0,2,0,0,0,0,0,0,1,1,6,1,-1,-1,1595,1,11,-1,-1,-1
201543N208065,1,9,0,9,0,6,1,0,0,0,3,1,2,1,43,7,2401,1,11,-1,3,-1
201543N208065,2,9,0,18,0,1,0,0,0,0,1,1,2,2,26,6,1149,1,13,-1,1,-1
201543N208095,1,9,0,5,0,8,0,0,0,0,1,1,2,2,21,5,1242,1,11,-1,1,-1
201543N208095,2,3,0,18,0,8,0,0,0,0,4,1,6,2,21,5,499,1,8,-1,1,-1
201543N209035,1,3,0,17,0,0,1,0,0,0,4,1,6,1,18,4,-1,-1,-1,-1,1,-1
201543N209045,1,19,0,16,0,0,5,10,0,0,4,1,6,1,36,7,1598,2,8,-1,1,-1
201543N209115,1,9,0,17,0,0,2,0,8,4,3,1,6,2,44,7,1796,1,7,-1,2,-1
201543N210015,1,9,0,16,0,0,2,0,2,1,4,1,6,1,17,4,1242,1,7,-1,3,-1
201543N210025,1,1,0,18,0,0,0,0,0,0,1,1,6,1,43,7,-1,-1,-1,-1,3,-1
201543N210045,1,9,0,9,0,4,0,0,0,0,4,1,6,1,53,8,1388,1,4,-1,1,-1
201543N210045,2,1,0,18,0,8,0,0,0,0,3,1,6,1,50,8,-1,-1,-1,-1,1,-1
201543N210055,1,9,0,7,0,1,0,0,0,0,1,1,1,1,46,8,-1,-1,-1,-1,1,-1
201543N210055,2,1,0,18,0,8,0,0,0,0,3,1,1,2,52,8,-1,-1,-1,-1,1,-1
201543N210085,1,9,0,9,0,5,0,0,0,0,0,1,6,1,59,9,1596,1,9,-1,1,-1
201543N210085,2,1,0,18,0,1,0,0,0,0,0,1,6,1,36,7,-1,-1,-1,-1,2,-1
201543N210085,3,9,0,9,0,6,0,0,0,0,0,1,6,3,-1,-1,-1,-1,-1,-1,-1,-1
201543N210095,1,4,0,13,0,1,0,0,0,0,1,1,2,1,55,8,199,1,-1,-1,3,-1
201543N210095,2,19,0,9,0,5,0,0,0,0,3,1,1,1,49,8,2402,2,9,-1,1,-1
201543N210105,1,3,0,18,0,2,0,0,0,0,1,1,6,1,33,6,125,1,-1,-1,1,-1
201543N210105,2,9,0,3,0,2,0,0,0,0,2,1,6,1,39,7,1242,1,14,-1,1,-1
201543N210105,3,9,0,18,0,2,0,0,0,0,0,1,6,3,-1,-1,-1,-1,-1,-1,-1,-1
201543N211015,1,9,0,18,0,0,0,0,0,0,1,1,6,2,20,4,1390,1,13,-1,3,-1
201543N211015,2,9,0,3,0,0,0,0,0,0,2,1,6,2,43,7,2261,1,13,-1,1,-1
201543N211025,1,9,0,17,0,0,2,0,0,0,4,1,6,1,21,5,1598,1,11,-1,2,-1
201543N211035,1,9,0,7,0,8,0,0,0,0,3,1,1,1,60,9,1685,2,2,-1,-1,-1
201543N211035,2,9,0,18,0,8,0,0,0,0,4,1,6,1,45,7,-1,-1,-1,-1,1,-1
201543N211055,1,9,0,18,0,0,1,0,0,0,1,1,6,1,50,8,2179,2,-1,-1,1,-1
201543N211055,2,9,0,18,0,0,0,0,0,0,1,1,6,2,26,6,998,1,4,-1,1,-1
201543N211055,3,9,0,4,0,0,0,0,0,0,2,1,6,2,34,6,1397,1,5,-1,1,-1
201543N211055,4,9,0,4,0,0,0,0,0,0,2,1,6,1,51,8,-1,-1,-1,-1,1,-1
201543N211075,1,1,0,18,0,0,0,0,0,0,1,1,6,1,69,10,-1,-1,-1,-1,1,-1
201543N211075,2,1,0,18,0,0,0,0,0,0,2,1,6,1,54,8,-1,-1,-1,-1,1,-1
201543N211125,1,9,0,9,0,5,0,0,0,0,1,1,6,1,29,6,2720,2,9,-1,3,-1
201543N211125,2,9,0,18,0,8,0,0,0,0,1,1,6,1,67,10,1596,1,9,-1,1,-1
201543N211125,3,9,0,9,0,2,0,0,0,0,0,1,6,3,-1,-1,-1,-1,-1,-1,-1,-1
201543N212025,1,9,0,18,0,0,0,0,0,0,4,1,6,1,52,8,1997,2,1,-1,1,-1
201543N212045,1,9,0,18,0,1,0,0,0,0,1,1,6,1,68,10,-1,-1,-1,-1,1,-1
201543N212045,2,9,0,3,0,1,0,0,0,0,2,1,6,2,25,5,1598,1,13,-1,1,-1
201543N212045,3,9,0,4,0,1,0,0,0,0,0,1,6,3,-1,-1,-1,-1,-1,-1,-1,-1
201543N212055,1,9,0,9,0,5,0,0,0,0,4,1,6,1,63,9,1796,1,10,-1,3,-1
201543N212055,2,9,0,18,0,8,0,0,0,0,1,1,6,2,21,5,1598,1,8,-1,2,-1
201543N212075,1,9,0,9,0,6,1,0,0,0,3,1,1,1,50,8,996,1,3,-1,1,-1
201543N212075,2,9,0,18,0,1,0,0,0,0,1,1,1,2,35,6,1596,1,10,-1,1,-1
201543N212125,1,9,0,13,0,0,1,0,0,0,1,1,6,1,21,5,1598,1,16,-1,1,-1
201543N212125,2,9,0,18,0,0,0,0,0,0,1,1,2,1,54,8,1493,2,11,-1,1,-1
201543N212125,3,8,0,18,0,0,0,0,0,0,3,1,1,1,30,6,1968,2,4,-1,1,-1
201543N213015,1,9,0,18,0,8,0,0,0,0,4,1,6,2,57,9,-1,-1,-1,-1,1,-1
201543N213015,2,11,0,18,0,8,0,0,0,0,1,1,1,1,35,6,-1,-1,-1,-1,1,-1
201543N213025,1,9,0,18,0,0,0,0,0,0,1,1,6,2,18,4,1242,1,7,-1,3,-1
201543N213025,2,9,0,2,0,0,0,4,0,0,2,1,6,2,21,5,1796,7,11,-1,1,-1
201543N213035,1,9,0,18,0,8,0,0,0,0,1,1,6,1,30,6,3189,1,11,-1,1,-1
201543N213035,2,9,0,9,0,8,0,0,0,0,3,1,6,2,22,5,-1,-1,-1,-1,1,-1
201543N213045,1,9,0,18,0,0,0,0,1,9,0,1,6,2,25,5,1299,1,14,-1,1,-1
201543N213065,1,9,0,18,0,0,1,0,0,0,3,1,6,1,66,10,-1,-1,-1,-1,-1,-1