Accident_Index,Vehicle_Reference,Vehicle_Type,Towing_and_Articulation,Vehicle_Manoeuvre,Vehicle_Location-Restricted_Lane,Junction_Location,Skidding_and_Overturning,Hit_Object_in_Carriageway,Vehicle_Leaving_Carriageway,Hit_Object_off_Carriageway,1st_Point_of_Impact,Was_Vehicle_Left_Hand_Drive?,Journey_Purpose_of_Driver,Sex_of_Driver,Age_of_Driver,Age_Band_of_Driver,Engine_Capacity_(CC),Propulsion_Code,Age_of_Vehicle,Driver_IMD_Decile,Driver_Home_Area_Type,Vehicle_IMD_Decile
201543N213065,2,9,0,18,0,0,1,0,0,0,3,1,6,1,28,6,1560,2,10,-1,1,-1
201543N213065,3,4,0,18,0,0,1,0,0,0,1,1,6,1,53,8,-1,-1,-1,-1,1,-1
201543N213085,1,21,0,11,0,3,0,0,0,0,1,1,1,1,40,7,11000,2,9,-1,2,-1
201543N213085,2,9,0,18,0,3,0,0,0,0,3,1,6,2,20,4,1242,1,-1,-1,3,-1
201543N213105,1,9,0,9,0,6,1,0,0,0,1,1,2,2,28,6,1299,1,9,-1,1,-1
201543N213105,2,19,0,18,0,8,0,0,0,0,4,1,1,1,45,7,-1,-1,-1,-1,1,-1
201543N213115,1,9,0,10,0,1,0,0,0,0,2,1,6,2,58,9,1796,1,8,-1,2,-1
201543N213115,2,9,0,4,0,1,0,0,0,0,1,1,6,2,40,7,1598,2,3,-1,1,-1
201543N213115,3,9,0,4,0,1,0,0,0,0,1,1,6,1,39,7,1910,2,13,-1,1,-1
201543N213125,1,9,0,18,0,0,0,0,0,0,1,1,6,1,61,9,1242,1,11,-1,1,-1
201543N214015,1,9,0,18,0,0,0,0,1,11,1,1,6,1,24,5,-1,-1,-1,-1,-1,-1
201543N214025,1,9,0,16,0,0,1,0,7,9,2,1,2,1,33,6,1149,1,13,-1,1,-1
201543N214035,1,9,0,18,0,0,0,0,0,0,3,1,1,1,38,7,1910,2,7,-1,1,-1
201543N214045,1,9,0,5,0,8,0,0,1,0,1,1,6,2,70,10,998,1,6,-1,1,-1
201543N214045,2,9,0,18,0,8,0,0,0,0,1,1,6,2,49,8,2198,1,11,-1,2,-1
201543N214055,1,9,0,9,0,5,0,0,0,0,4,1,6,2,85,11,1339,1,9,-1,1,-1
201543N214065,1,5,0,17,0,0,1,0,2,11,1,1,6,1,22,5,600,1,10,-1,1,-1
201543N214105,1,9,0,2,0,0,0,0,0,0,3,1,6,3,-1,-1,2771,1,19,-1,-1,-1
201543N214105,2,1,0,18,0,0,0,8,0,0,1,1,6,1,25,5,-1,-1,-1,-1,1,-1
201543N214115,1,9,0,18,0,0,0,11,0,0,2,1,6,2,53,8,1199,1,15,-1,3,-1
201543N215035,1,9,0,18,0,0,1,0,6,0,1,1,6,1,33,6,1242,1,15,-1,1,-1
201543N215035,2,9,0,18,0,0,0,0,0,0,1,1,6,2,64,9,1999,1,4,-1,1,-1
201543N215105,1,9,0,18,0,0,0,0,0,0,4,1,6,3,-1,-1,1984,1,13,-1,-1,-1
201543N215105,2,9,0,2,0,0,0,0,0,0,0,1,6,2,20,4,1199,1,12,-1,1,-1
201543N215125,1,9,0,4,0,0,0,0,0,0,1,1,6,3,-1,-1,-1,-1,-1,-1,-1,-1
201543N215125,2,9,0,4,0,0,0,0,0,0,2,1,6,1,50,8,2926,2,13,-1,1,-1
201543N215125,3,9,0,18,0,0,0,0,0,0,0,1,6,1,29,6,1598,1,6,-1,1,-1
201543N216015,1,9,0,9,0,6,0,0,0,0,3,1,6,2,50,8,1299,1,8,-1,1,-1
201543N216015,2,9,0,18,0,8,0,0,0,0,1,1,2,1,45,7,2191,2,1,-1,3,-1
201543N216025,1,9,0,18,0,0,0,0,0,0,1,1,6,1,19,4,2179,2,7,-1,1,-1
201543N216025,2,9,0,3,0,0,0,0,0,0,2,1,6,2,66,10,998,1,3,-1,1,-1
201543N216025,3,9,0,3,0,0,0,0,0,0,2,1,6,1,32,6,1560,2,5,-1,1,-1
201543N216025,4,9,0,3,0,0,0,0,0,0,2,1,6,1,55,8,2143,2,3,-1,1,-1
201543N216045,1,9,0,17,0,0,1,0,1,4,4,1,6,2,23,5,1198,1,10,-1,-1,-1
201543N216055,1,9,0,18,0,0,0,0,0,0,1,1,6,1,-1,-1,2685,2,13,-1,3,-1
201543N216055,2,9,0,3,0,0,0,0,0,0,2,1,6,1,45,7,2204,2,10,-1,1,-1
201543N216065,1,9,0,7,0,6,0,0,0,0,2,1,6,1,-1,-1,1753,2,11,-1,-1,-1
201543N216065,2,9,0,18,0,1,0,0,0,0,1,1,6,1,46,8,1994,1,11,-1,1,-1
201543N216095,1,9,0,4,0,0,0,0,0,0,2,1,6,2,40,7,998,1,12,-1,3,-1
201543N216095,2,9,0,18,0,0,0,0,0,0,1,1,6,2,19,4,1242,1,1,-1,1,-1
201543N216095,3,9,0,18,0,0,0,0,0,0,1,1,6,2,50,8,998,1,9,-1,1,-1
201543N217015,1,9,0,18,0,8,1,7,0,0,1,1,6,2,18,4,-1,-1,-1,-1,1,-1
201543N217045,1,9,0,18,0,0,0,0,0,0,1,1,1,2,21,5,1124,1,15,-1,1,-1
201543N217045,2,9,0,3,0,0,0,0,0,0,2,1,3,1,35,6,1560,2,8,-1,1,-1
201543N217045,3,9,0,3,0,0,0,0,0,0,2,1,2,1,55,8,1896,2,7,-1,1,-1
201543N217045,4,9,0,3,0,0,0,0,0,0,2,1,2,1,40,7,1598,1,2,-1,1,-1
201543N217055,1,9,0,17,0,0,1,0,0,11,3,1,1,2,21,5,1149,1,4,-1,3,-1
201543N217085,1,9,0,11,0,1,0,0,0,0,1,1,1,1,23,5,1968,2,4,-1,2,-1
201543N217085,2,5,0,3,0,1,0,0,0,0,1,1,6,1,59,9,1064,1,37,-1,2,-1
201543N218045,1,11,0,18,0,0,0,0,0,0,1,1,1,1,49,8,12902,2,1,-1,1,-1
201543N218045,2,19,0,4,0,0,0,0,0,0,2,1,1,1,46,8,1995,2,4,-1,1,-1
201543N218045,3,19,0,4,0,0,0,0,0,0,2,1,1,1,20,4,1461,2,-1,-1,2,-1
201543N218045,4,19,0,4,0,0,0,0,0,0,2,1,1,1,44,7,2664,2,13,-1,1,-1
201543N218045,5,21,1,4,0,0,0,0,0,0,2,1,6,1,-1,-1,12777,2,1,-1,-1,-1
201543N218065,1,9,0,9,0,5,0,0,0,0,3,1,6,1,76,11,1749,1,12,-1,2,-1
201543N218065,2,9,0,18,0,1,0,0,0,0,3,1,6,2,32,6,1598,2,2,-1,3,-1
201543N218065,3,9,0,8,0,1,0,0,0,0,3,1,6,2,28,6,1560,2,9,-1,1,-1
201543N218075,1,5,0,9,0,6,0,0,1,0,3,1,6,1,45,7,1198,1,5,-1,1,-1
201543N218075,2,9,0,18,0,8,0,0,0,0,3,1,6,2,22,5,1299,1,11,-1,1,-1
201543N218105,1,9,0,1,9,0,0,0,0,0,2,1,6,1,21,5,1896,2,14,-1,1,-1
201543N219015,1,9,0,14,0,1,0,0,7,0,1,1,1,1,18,4,998,1,6,-1,1,-1
201543N219015,2,9,0,10,0,1,0,0,0,0,0,1,2,2,29,6,-1,-1,-1,-1,3,-1
201543N219045,1,9,0,9,0,5,0,0,0,0,4,1,6,1,61,9,1995,2,3,-1,3,-1
201543N219045,2,3,0,18,0,1,0,0,0,0,1,1,2,1,27,6,124,1,5,-1,1,-1
201543N219055,1,9,0,12,0,0,0,0,0,0,2,1,6,1,69,10,1968,2,5,-1,1,-1
201543N219055,2,9,0,18,0,0,0,0,0,0,1,1,6,1,30,6,1499,2,-1,-1,1,-1
201543N219065,1,9,0,16,0,0,0,0,7,4,1,1,6,2,69,10,1390,1,13,-1,1,-1
201543N219065,2,9,0,2,0,0,0,0,0,0,3,1,6,1,55,8,-1,-1,-1,-1,3,-1
201543N219075,1,9,0,18,0,0,2,0,0,0,1,1,6,1,29,6,-1,-1,-1,-1,1,-1
201543N219075,2,9,0,18,0,0,0,0,0,0,1,1,6,1,60,9,2143,2,6,-1,2,-1
201543N220015,1,9,0,18,0,0,0,0,0,0,1,1,6,1,26,6,1364,1,10,-1,1,-1
201543N220015,2,4,0,3,0,0,0,0,0,0,2,1,6,1,50,8,124,1,8,-1,1,-1
201543N220015,3,9,0,3,0,0,0,0,0,0,2,1,6,1,40,7,1242,1,1,-1,1,-1
201543N220025,1,9,0,11,0,6,0,0,0,0,3,1,1,1,25,5,-1,-1,-1,-1,1,-1
201543N220025,2,9,0,18,0,1,0,0,0,0,4,1,1,1,29,6,1997,2,6,-1,-1,-1
201543N220045,1,9,0,16,0,0,0,0,7,11,3,1,6,1,18,4,1198,1,1,-1,1,-1
201543N220055,1,9,0,18,0,0,0,0,0,0,1,1,6,1,34,6,2191,2,-1,-1,1,-1
201543N220055,2,9,0,4,0,0,0,0,0,0,2,1,6,1,25,5,1591,1,1,-1,1,-1
201543N220065,1,19,0,18,0,1,0,0,0,0,1,1,2,1,42,7,2151,2,7,-1,-1,-1
201543N220065,2,9,0,3,0,1,0,0,0,0,2,1,3,2,43,7,1590,1,14,-1,1,-1
201543N220065,3,9,0,3,0,1,0,0,0,0,2,1,3,2,-1,-1,1587,1,8,-1,-1,-1
201543N220065,4,9,0,10,0,1,0,0,0,0,2,1,2,1,-1,-1,999,1,1,-1,-1,-1
201543N220095,1,9,0,1,9,8,0,0,0,0,2,1,6,2,47,8,1598,1,7,-1,3,-1
201543N220125,1,9,0,13,0,4,5,0,0,0,1,1,6,1,48,8,1587,1,15,-1,1,-1
201543N220125,2,9,0,18,0,4,0,0,0,0,0,1,6,3,-1,-1,-1,-1,-1,-1,-1,-1
201543N221065,1,9,0,18,0,1,0,0,0,0,1,1,6,1,24,5,1998,2,13,-1,1,-1
201543N221065,2,1,0,18,0,1,0,0,0,0,3,1,6,1,44,7,-1,-1,-1,-1,1,-1
201543N221085,1,9,0,18,0,8,0,0,0,0,3,1,6,1,47,8,-1,-1,-1,-1,1,-1
201543N221085,2,9,0,7,0,8,0,0,0,0,4,1,6,1,39,7,1995,2,3,-1,1,-1
201543N221125,1,9,0,5,0,1,0,10,0,0,1,1,6,1,32,6,1598,1,10,-1,-1,-1
201543N221125,2,9,0,4,0,1,0,0,0,0,1,1,1,1,-1,-1,-1,-1,-1,-1,-1,-1
201543N222015,1,9,0,1,0,5,0,0,0,0,2,1,6,3,-1,-1,-1,-1,-1,-1,-1,-1
201543N222025,1,9,0,18,0,0,2,0,1,4,3,1,6,1,40,7,2792,1,22,-1,1,-1
201543N222055,1,9,0,18,0,0,0,0,0,0,1,1,6,1,41,7,1596,1,9,-1,2,-1
201543N222055,2,9,0,18,0,0,0,6,0,0,1,1,6,2,22,5,-1,-1,-1,-1,-1,-1
201543N223015,1,9,0,9,0,4,0,0,0,0,1,1,6,1,-1,-1,1995,2,9,-1,-1,-1
201543N223015,2,9,0,18,0,8,0,0,0,0,4,1,6,1,34,6,898,1,2,-1,2,-1
201543N223045,1,9,0,18,0,0,0,0,0,0,1,1,1,1,35,6,2400,2,3,-1,-1,-1
201543N223045,2,9,0,13,0,0,0,0,0,0,2,1,6,2,34,6,1590,1,13,-1,2,-1
201543N223045,3,9,0,18,0,0,0,0,0,0,0,1,6,3,-1,-1,-1,-1,-1,-1,-1,-1
201543N223055,1,9,0,18,0,2,0,0,0,0,1,1,6,2,49,8,1242,1,5,-1,1,-1
201543N224045,1,9,0,17,0,0,0,0,0,0,0,1,6,3,-1,-1,-1,-1,-1,-1,-1,-1
201543N224045,2,5,0,16,0,0,1,0,7,0,0,1,6,1,33,6,-1,-1,-1,-1,1,-1
201543N224075,1,9,0,18,0,0,0,0,1,0,4,1,6,1,29,6,1984,1,14,-1,1,-1
201543N224115,1,9,0,18,0,0,0,7,0,0,1,1,2,1,50,8,1968,2,-1,-1,1,-1
201543N224115,2,9,0,18,0,0,0,0,0,0,1,1,2,2,27,6,1596,1,10,-1,1,-1
201543N224125,1,9,0,18,0,1,2,0,1,3,3,1,6,1,17,4,1781,1,11,-1,-1,-1
201543N225015,1,9,0,16,0,0,1,11,0,0,1,1,6,2,24,5,1587,1,8,-1,-1,-1
201543N225035,1,9,0,18,0,1,0,0,0,0,1,1,6,1,-1,-1,-1,-1,-1,-1,-1,-1
201543N225035,2,9,0,10,0,1,0,0,0,0,2,1,6,1,26,6,1242,1,9,-1,1,-1
201543N225055,1,9,0,18,8,0,0,0,0,0,3,1,1,1,36,7,1753,2,6,-1,1,-1
201543N225055,2,3,0,13,0,0,0,0,0,0,1,1,6,1,25,5,124,1,15,-1,1,-1
201543N225055,3,9,0,18,0,0,0,0,0,0,0,1,6,3,-1,-1,-1,-1,-1,-1,-1,-1
201543N225075,1,9,0,9,0,8,0,0,0,0,0,1,6,2,43,7,1797,8,4,-1,3,-1
201543N225075,2,3,0,18,0,8,0,0,0,0,0,1,6,1,21,5,125,1,7,-1,1,-1
201543N225085,1,9,0,17,0,0,2,0,1,7,4,1,6,1,36,7,2696,2,9,-1,1,-1
201543N225095,1,9,0,5,0,4,0,0,0,0,1,1,1,1,47,8,1991,2,7,-1,1,-1
201543N225095,2,9,0,9,0,8,0,9,0,1,1,1,1,2,28,6,-1,-1,-1,-1,1,-1
201543N225105,1,9,0,9,0,5,1,0,0,0,1,1,6,2,19,4,1997,2,14,-1,2,-1
201543N225105,2,9,0,18,0,1,0,0,0,0,1,1,6,1,23,5,1598,1,12,-1,2,-1
201543N225125,1,9,0,9,0,6,0,0,0,0,4,1,6,2,45,7,899,1,1,-1,2,-1
201543N225125,2,1,0,18,0,1,0,0,0,0,1,1,6,1,29,6,-1,-1,-1,-1,-1,-1
201543N226045,1,9,0,18,0,0,0,0,0,0,1,1,6,1,25,5,1364,1,11,-1,1,-1
201543N226045,2,9,0,18,0,0,0,0,0,0,1,1,6,1,58,9,1968,2,1,-1,2,-1
201543N226055,1,9,0,18,0,0,0,0,0,0,1,1,6,3,38,7,1995,2,3,-1,1,-1
201543N226055,2,9,0,3,0,0,0,0,0,0,2,1,6,2,34,6,1390,1,6,-1,1,-1
201543N226065,1,9,0,16,0,0,0,0,0,0,1,1,2,1,31,6,1497,1,14,-1,1,-1
201543N226065,2,9,0,17,0,0,0,0,0,0,3,1,2,2,49,8,1560,2,8,-1,3,-1
201543N226065,3,9,0,18,0,0,0,0,0,0,1,1,2,1,45,7,1896,2,12,-1,3,-1
201543N226105,1,9,0,9,0,6,0,0,0,0,4,1,6,2,32,6,2993,2,1,-1,1,-1
201543N226105,2,4,0,18,0,8,0,0,0,0,1,1,6,1,23,5,125,1,-1,-1,1,-1
201543N226125,1,19,0,18,0,1,0,0,0,0,1,1,6,1,50,8,-1,-1,-1,-1,-1,-1
201543N226125,2,9,0,10,0,1,0,0,0,0,2,1,6,2,39,7,1587,1,10,-1,1,-1
201543N227015,1,9,0,13,0,0,0,0,0,0,3,1,1,1,56,9,1686,2,2,-1,1,-1
201543N227015,2,9,0,13,0,0,0,0,0,0,1,1,2,1,22,5,-1,-1,-1,-1,2,-1
201543N227015,3,9,0,18,0,0,0,0,0,0,0,1,6,3,-1,-1,-1,-1,-1,-1,-1,-1
201543N227065,1,9,0,18,0,0,2,0,0,0,1,1,6,2,29,6,2987,2,8,-1,1,-1
201543N227065,2,9,0,3,0,0,0,0,0,0,2,1,6,2,28,6,1149,1,12,-1,1,-1
201543N227065,3,9,0,3,0,0,0,0,0,0,2,1,6,1,59,9,-1,-1,-1,-1,1,-1
201543N227105,1,9,0,18,0,0,0,0,0,0,1,1,2,1,26,6,-1,-1,-1,-1,1,-1
201543N227105,2,9,0,18,0,0,0,0,0,0,1,1,3,2,44,7,1796,1,13,-1,1,-1
201543N227115,1,9,0,18,0,0,2,0,8,11,1,1,6,1,17,4,1149,1,8,-1,1,-1
201543N228015,1,9,0,18,0,4,0,0,0,0,1,1,1,1,47,8,2987,2,8,-1,1,-1
201543N228015,2,3,0,18,0,8,0,0,0,0,4,1,6,1,20,4,124,1,10,-1,1,-1
201543N228045,1,5,0,16,0,0,1,0,0,0,1,1,6,1,25,5,599,1,16,-1,1,-1
201543N228045,2,9,0,17,0,0,1,0,0,0,1,1,6,2,27,6,1229,1,6,-1,3,-1
201543N228055,1,9,0,4,0,0,0,0,0,0,1,1,6,1,-1,-1,1896,2,8,-1,-1,-1
201543N228055,2,9,0,3,0,0,0,0,0,0,2,1,6,1,87,11,1240,1,11,-1,1,-1
201543N228065,1,9,0,17,0,1,1,0,1,10,1,1,6,1,18,4,1299,1,10,-1,1,-1
201543N228085,1,9,0,18,0,0,0,0,0,0,1,1,6,1,-1,-1,-1,-1,-1,-1,-1,-1
201543N228085,2,9,0,4,0,0,0,0,0,0,2,1,6,1,40,7,-1,-1,-1,-1,-1,-1
201543N229045,1,9,0,18,0,1,0,0,0,0,1,1,6,2,30,6,1753,2,9,-1,-1,-1
201543N229045,2,9,0,3,0,1,0,0,0,0,2,1,1,1,37,7,1598,2,1,-1,1,-1
201543N229075,1,20,0,16,0,0,5,0,0,0,1,1,1,1,51,8,-1,-1,-1,-1,1,-1
201543N229075,2,21,0,17,0,0,0,0,1,0,1,1,1,1,43,7,10518,2,3,-1,1,-1
201543N229085,1,9,0,18,0,0,0,0,0,0,1,1,2,2,40,7,1968,2,5,-1,1,-1
201543N229085,2,19,0,4,0,0,0,0,0,0,2,1,6,2,34,6,2198,2,1,-1,-1,-1
201543N229085,3,9,0,4,0,0,0,0,0,0,2,1,2,2,40,7,1390,1,8,-1,1,-1
201543N229095,1,9,0,18,0,0,0,0,0,0,1,1,6,1,24,5,1587,1,15,-1,1,-1
201543N229095,2,8,0,2,0,0,0,0,0,0,1,1,1,1,39,7,1870,2,6,-1,1,-1
201543N229105,1,9,0,18,0,8,0,0,0,0,1,1,1,1,23,5,1248,2,2,-1,1,-1
201543N229105,2,9,0,18,0,8,0,0,1,0,4,1,6,1,71,10,1956,2,5,-1,1,-1
201543N229125,1,9,0,9,0,5,0,0,0,0,1,1,6,1,43,7,1598,1,4,-1,3,-1
201543N229125,2,9,0,17,0,1,0,0,0,0,4,1,6,1,38,7,-1,-1,-1,-1,1,-1
201543N230015,1,11,0,18,0,8,0,0,0,0,1,1,1,1,57,9,9600,2,15,-1,1,-1
201543N230035,1,9,0,7,0,5,5,0,0,0,3,1,6,2,60,9,1242,1,2,-1,1,-1
201543N230045,1,9,0,17,0,1,2,0,0,0,1,1,6,1,73,10,1086,1,10,-1,1,-1
201543N230085,1,9,0,16,0,0,1,0,7,0,1,1,6,1,27,6,999,1,-1,-1,1,-1
201543N230095,1,9,0,18,0,0,0,0,0,0,4,1,6,1,70,10,1896,2,9,-1,3,-1
201543N230095,2,9,0,18,0,0,0,0,0,0,4,1,6,2,67,10,1390,1,12,-1,3,-1
201543N230095,3,1,0,18,0,0,0,0,0,0,2,1,6,1,52,8,-1,-1,-1,-1,3,-1
201543N230105,1,9,0,18,0,0,0,0,0,0,1,1,6,2,32,6,1596,1,11,-1,1,-1
201543N230105,2,9,0,2,0,0,0,0,0,0,2,1,6,3,-1,-1,1149,1,14,-1,-1,-1
201543N230125,1,9,0,18,0,0,0,0,0,0,1,1,6,1,89,11,1390,1,7,-1,1,-1
201543N230125,2,1,0,18,0,0,0,0,0,0,1,1,6,1,53,8,-1,-1,-1,-1,1,-1
201543N231015,1,19,0,18,0,0,2,0,2,4,1,1,1,1,48,8,-1,-1,-1,-1,1,-1
201543N231035,1,9,0,17,0,8,0,0,0,0,1,1,6,1,21,5,1995,1,14,-1,1,-1
201543N231035,2,9,0,16,0,8,0,0,0,0,1,1,6,1,56,9,-1,-1,-1,-1,1,-1
201543N231045,1,3,0,5,0,1,0,0,0,0,3,1,2,1,17,4,124,1,14,-1,3,-1
201543N231045,2,9,0,18,0,8,0,0,0,0,1,1,2,2,22,5,1299,1,15,-1,2,-1
201543N231055,1,9,0,9,0,6,0,0,0,0,1,1,6,2,-1,-1,1598,1,2,-1,-1,-1
201543N231055,2,1,0,18,0,1,0,0,0,0,4,1,6,1,41,7,-1,-1,-1,-1,1,-1
201543N231075,1,9,0,16,0,0,0,0,0,0,1,1,6,1,31,6,1799,1,9,-1,2,-1
201543N231075,2,9,0,17,0,0,0,0,0,0,1,1,6,1,49,8,1797,8,5,-1,3,-1
201543N232015,1,9,0,17,0,8,1,0,2,2,4,1,6,2,32,6,1587,1,8,-1,1,-1
201543N232035,1,9,0,18,0,8,0,0,0,0,1,1,6,2,40,7,-1,-1,-1,-1,1,-1
201543N232035,2,9,0,9,0,8,0,0,0,0,3,1,6,1,55,8,1840,1,17,-1,-1,-1
201543N232045,1,9,0,18,0,0,0,0,0,0,0,1,6,3,-1,-1,-1,-1,-1,-1,-1,-1
201543N232055,1,9,0,18,0,8,0,0,0,0,3,1,6,1,50,8,2494,2,9,-1,3,-1
201543N232055,2,1,0,14,0,8,0,0,0,0,3,1,6,1,60,9,-1,-1,-1,-1,3,-1
201543N232075,1,9,0,18,0,0,0,0,0,0,4,1,2,1,40,7,1598,1,10,-1,3,-1
201543N232085,1,9,0,16,0,1,1,0,7,0,1,1,6,1,19,4,1299,1,11,-1,1,-1
201543N232115,1,9,0,9,0,6,0,0,0,0,0,1,6,1,47,8,5439,1,10,-1,1,-1
201543N232115,2,9,0,18,0,1,1,0,0,0,4,1,6,2,49,8,1596,1,4,-1,2,-1
201543N232115,3,11,0,18,0,1,0,0,0,0,3,1,1,1,56,9,-1,-1,-1,-1,1,-1
201543N232125,1,9,0,16,0,4,0,0,0,0,3,1,2,1,44,7,2401,2,11,-1,1,-1
201543N232125,2,1,0,9,0,8,0,0,0,0,1,1,2,1,42,7,-1,-1,-1,-1,1,-1
201543N233015,1,1,0,9,0,6,0,0,0,0,1,1,6,1,24,5,-1,-1,-1,-1,1,-1
201543N233015,2,9,0,18,0,1,0,0,0,0,4,1,6,1,55,8,1229,1,8,-1,1,-1
201543N233045,1,19,0,18,0,0,0,0,0,0,1,1,1,1,37,7,2464,2,6,-1,1,-1
201543N233045,2,9,0,2,0,0,0,0,0,0,2,1,6,1,62,9,2967,1,16,-1,3,-1
201543N233055,1,19,0,4,0,1,0,0,0,0,1,1,6,1,-1,-1,1753,2,11,-1,1,-1
201543N233055,2,19,0,4,0,1,0,0,0,0,2,1,1,1,53,8,1560,2,3,-1,1,-1
201543N233055,3,9,0,3,0,1,0,0,0,0,1,1,6,2,-1,-1,1242,1,13,-1,1,-1
201543N233055,4,9,0,4,0,1,0,0,0,0,1,1,6,1,-1,-1,-1,-1,-1,-1,1,-1
201543N233065,1,3,0,13,0,1,1,0,0,0,4,1,6,1,25,5,124,1,16,-1,2,-1
201543N233065,2,9,0,9,0,1,0,0,0,0,3,1,6,1,54,8,1596,1,16,-1,3,-1
201543N233075,1,9,0,13,0,0,0,0,4,0,4,1,6,1,17,4,1364,1,11,-1,2,-1
201543N233075,2,21,1,18,0,0,0,0,0,0,3,1,6,1,63,9,12900,2,6,-1,1,-1
201543N233095,1,9,0,13,0,0,0,0,1,4,1,1,2,1,40,7,2656,1,13,-1,2,-1
201543N233095,2,9,0,13,0,0,0,0,1,9,2,1,2,2,56,9,1124,1,14,-1,1,-1
201543N233095,3,1,0,18,0,0,0,0,0,0,0,1,6,3,-1,-1,-1,-1,-1,-1,-1,-1
201543N233105,1,2,0,4,0,8,1,10,3,0,0,1,6,1,25,5,599,1,9,-1,1,-1
201543N233105,2,9,0,4,0,8,0,0,0,0,0,1,6,1,51,8,2179,2,2,-1,1,-1
201543N233115,1,9,0,18,0,0,1,0,0,0,1,1,6,1,30,6,1896,2,8,-1,1,-1
201543N233115,2,9,0,4,0,0,0,0,0,0,2,1,6,1,49,8,2148,2,9,-1,1,-1
201543N233115,3,9,0,4,0,0,0,0,0,0,2,1,6,1,38,7,2143,2,3,-1,1,-1
201543N233125,1,9,0,9,0,6,0,0,0,0,1,1,6,1,24,5,1461,2,8,-1,1,-1
201543N233125,2,9,0,17,0,8,0,0,0,0,1,1,6,2,22,5,1199,1,14,-1,1,-1
201543N234035,1,21,0,2,0,0,0,0,1,7,1,1,6,1,33,6,12900,2,6,-1,1,-1
201543N234035,2,9,0,18,0,0,0,4,1,7,2,1,1,2,41,7,1896,2,10,-1,1,-1
201543N234055,1,4,0,9,0,6,0,0,0,0,1,1,1,1,36,7,599,1,17,-1,1,-1
201543N234055,2,9,0,9,0,5,0,0,0,0,3,1,3,1,20,4,1364,1,11,-1,1,-1
201543N234065,1,9,0,6,0,0,0,0,0,0,3,1,6,2,68,10,1390,1,12,-1,3,-1
201543N234065,2,9,0,18,0,0,0,0,0,0,1,1,6,2,34,6,1461,2,6,-1,1,-1
201543N234075,1,5,0,18,0,0,1,0,0,0,1,1,6,1,34,6,999,1,4,-1,1,-1
201543N234075,2,9,0,4,0,0,0,0,0,0,2,1,6,1,34,6,1997,2,1,-1,1,-1
201543N234095,1,9,0,11,0,0,0,0,0,0,1,1,6,1,-1,-1,-1,-1,-1,-1,-1,-1
201543N234095,2,9,0,18,0,0,0,0,0,0,2,1,6,2,56,9,1390,1,2,-1,1,-1
201543N234105,1,9,0,7,0,4,0,9,3,4,1,1,6,2,44,7,1560,2,1,-1,1,-1
201543N234115,1,9,0,18,0,0,0,0,0,0,1,1,6,3,-1,-1,3059,2,19,-1,-1,-1
201543N234115,2,9,0,4,0,0,0,0,0,0,1,1,6,2,26,6,1997,2,-1,-1,1,-1
201543N234125,1,9,0,6,0,0,0,0,0,0,4,1,2,2,23,5,1900,2,9,-1,1,-1
201543N234125,2,11,0,18,0,0,0,0,0,0,1,1,1,1,-1,-1,-1,-1,-1,-1,-1,-1
201543N235035,1,97,0,18,0,1,0,0,0,0,1,1,6,1,-1,-1,-1,-1,-1,-1,-1,-1
201543N235045,1,9,0,16,0,0,0,0,1,0,1,1,6,2,27,6,1229,1,2,-1,1,-1
201543N235065,1,9,0,18,0,0,0,0,0,0,1,1,6,2,60,9,2324,1,12,-1,3,-1
201543N235065,2,9,0,18,0,0,0,0,0,0,1,1,6,2,53,8,1598,1,5,-1,2,-1
201543N235105,1,9,0,18,0,0,0,0,0,0,1,1,6,1,29,6,1956,2,4,-1,1,-1
201543N235105,2,9,0,18,0,0,0,0,0,0,2,1,1,2,41,7,-1,-1,-1,-1,1,-1
201543N235105,3,9,0,18,0,0,0,0,0,0,2,1,6,2,44,7,1998,1,11,-1,1,-1
201543N235115,1,9,0,13,0,0,0,0,1,0,4,1,2,1,19,4,973,1,13,-1,1,-1
201543N235115,2,1,0,18,0,0,0,0,0,0,3,1,6,1,52,8,-1,-1,-1,-1,1,-1
201543N236045,1,9,0,12,0,1,0,0,0,0,3,1,6,1,55,8,1968,2,3,-1,1,-1
201543N236045,2,21,0,18,0,1,0,0,0,0,4,2,1,1,55,8,-1,-1,-1,-1,-1,-1
201543N236045,3,21,0,18,0,1,0,0,0,0,1,1,1,1,39,7,12419,2,3,-1,1,-1
201543N236065,1,9,0,1,0,0,0,0,0,0,2,1,6,1,69,10,998,1,6,-1,1,-1
201543N236075,1,9,0,17,0,2,0,0,0,0,1,1,6,1,23,5,-1,-1,-1,-1,1,-1
201543N236075,2,9,0,15,0,2,0,0,0,0,1,1,2,1,55,8,1796,1,4,-1,-1,-1
201543N236075,3,9,0,2,0,2,0,0,0,0,4,1,6,3,-1,-1,1794,1,10,-1,-1,-1
201543N236095,1,9,0,17,0,0,5,0,1,9,1,1,6,1,25,5,1968,2,8,-1,1,-1
201543N236115,1,9,0,18,0,1,0,0,0,0,1,1,1,2,33,6,1299,1,15,-1,1,-1
201543N236115,2,9,0,3,0,1,0,0,0,0,2,1,6,1,46,8,1397,1,5,-1,1,-1