Accident_Index,Vehicle_Reference,Vehicle_Type,Towing_and_Articulation,Vehicle_Manoeuvre,Vehicle_Location-Restricted_Lane,Junction_Location,Skidding_and_Overturning,Hit_Object_in_Carriageway,Vehicle_Leaving_Carriageway,Hit_Object_off_Carriageway,1st_Point_of_Impact,Was_Vehicle_Left_Hand_Drive?,Journey_Purpose_of_Driver,Sex_of_Driver,Age_of_Driver,Age_Band_of_Driver,Engine_Capacity_(CC),Propulsion_Code,Age_of_Vehicle,Driver_IMD_Decile,Driver_Home_Area_Type,Vehicle_IMD_Decile
201543N236125,1,9,0,18,0,0,0,0,0,0,4,1,1,1,44,7,2400,2,5,-1,2,-1
201543N236125,2,9,0,18,0,0,0,0,1,9,3,1,1,1,44,7,-1,-1,-1,-1,1,-1
201543N237045,1,9,0,7,0,6,1,0,0,0,3,1,6,2,42,7,1796,1,15,-1,2,-1
201543N237045,2,9,0,18,0,1,0,0,0,0,1,1,6,1,69,10,1591,1,4,-1,1,-1
201543N237055,1,9,0,17,0,0,0,0,0,0,1,1,6,1,24,5,2495,2,14,-1,1,-1
201543N237055,2,9,0,2,0,0,0,0,0,0,2,1,6,3,-1,-1,2792,1,15,-1,-1,-1
201543N237065,1,19,0,14,0,0,0,0,0,0,3,1,1,1,50,8,2143,2,4,-1,1,-1
201543N237065,2,9,0,18,0,0,0,0,0,0,3,1,6,1,-1,-1,1364,1,6,-1,1,-1
201543N237075,1,9,0,9,0,6,1,0,0,0,3,1,6,1,64,9,998,1,1,-1,1,-1
201543N237075,2,3,0,18,0,8,0,0,0,0,1,1,6,1,54,8,124,1,9,-1,1,-1
201543N237095,1,19,0,1,0,0,0,0,0,0,2,1,1,1,-1,-1,-1,-1,-1,-1,-1,-1
201543N237095,2,1,0,3,0,0,0,0,0,0,1,1,6,1,51,8,-1,-1,-1,-1,1,-1
201543N237105,1,9,0,18,0,0,1,10,0,0,4,1,6,1,18,4,1400,2,10,-1,1,-1
201543N237115,1,9,0,14,0,0,0,0,0,0,1,1,6,1,29,6,1388,1,11,-1,1,-1
201543N237115,2,19,0,2,0,0,0,0,0,0,2,1,6,3,-1,-1,2179,2,11,-1,-1,-1
201543N237125,1,19,0,18,0,1,0,0,0,0,1,1,6,1,25,5,1560,2,-1,-1,1,-1
201543N237125,2,9,0,3,0,1,0,0,0,0,2,1,6,2,47,8,1896,2,13,-1,1,-1
201543N238035,1,9,0,17,0,0,5,0,7,3,1,1,6,1,24,5,-1,-1,-1,-1,1,-1
201543N238045,1,9,0,18,0,1,0,0,0,0,2,1,6,1,30,6,1242,1,1,-1,2,-1
201543N238075,1,9,0,18,0,0,0,0,0,0,4,1,3,2,31,6,1997,2,2,-1,1,-1
201543N238095,1,9,0,4,0,0,0,0,0,0,1,1,6,1,60,9,2993,2,15,-1,-1,-1
201543N238095,2,9,0,3,0,0,0,0,0,0,2,1,6,1,62,9,1582,2,8,-1,1,-1
201543N238115,1,9,0,17,0,0,1,0,0,0,1,1,6,1,61,9,1299,1,13,-1,1,-1
201543N238115,2,9,0,16,0,0,0,0,0,0,1,1,6,2,28,6,1968,2,7,-1,1,-1
201543N239035,1,9,0,16,0,0,2,0,1,9,1,1,2,1,18,4,1124,1,11,-1,3,-1
201543N239045,1,9,0,18,0,0,0,0,0,0,1,1,6,2,28,6,1299,1,10,-1,1,-1
201543N239065,1,9,0,18,0,0,0,4,0,0,1,1,6,1,82,11,1769,1,15,-1,1,-1
201543N239065,2,9,0,2,0,0,0,0,0,0,2,1,6,1,43,7,-1,-1,-1,-1,1,-1
201543N239095,1,9,0,18,0,1,1,0,1,0,1,1,6,1,24,5,4163,1,-1,-1,1,-1
201543N239095,2,9,0,7,0,1,0,0,0,0,2,1,6,2,50,8,998,1,5,-1,1,-1
201543N239095,3,9,0,18,0,1,1,0,0,0,1,1,6,1,60,9,-1,-1,-1,-1,2,-1
201543N239115,1,9,0,18,0,0,0,0,0,0,1,1,6,1,60,9,-1,-1,-1,-1,1,-1
201543N239115,2,9,0,18,0,0,0,0,0,0,2,1,6,1,55,8,1461,2,-1,-1,1,-1
201543N239115,3,9,0,18,0,0,0,0,0,0,3,1,6,1,56,9,-1,-1,-1,-1,1,-1
201543N239115,4,9,0,18,0,0,0,0,0,0,1,1,6,1,31,6,3246,1,13,-1,1,-1
201543N240045,1,1,0,18,0,0,0,0,0,0,0,1,6,1,-1,-1,-1,-1,-1,-1,1,-1
201543N240065,1,9,0,9,0,5,0,0,0,0,3,1,6,1,26,6,2598,1,20,-1,1,-1
201543N240065,2,5,0,7,0,3,0,0,0,0,4,1,6,1,54,8,998,1,3,-1,1,-1
201543N240075,1,9,0,18,0,0,5,0,2,4,1,1,6,2,48,8,1386,1,9,-1,1,-1
201543N240105,1,21,1,18,0,0,0,0,0,0,1,1,1,1,63,9,12419,2,1,-1,-1,-1
201543N240105,2,9,0,12,0,0,1,0,5,7,2,1,1,2,25,5,1360,1,4,-1,1,-1
201543N240105,3,20,0,18,0,0,1,0,0,0,4,1,1,1,49,8,2143,2,-1,-1,1,-1
201543N240105,4,9,0,18,0,0,0,0,0,0,2,1,1,2,29,6,1339,1,11,-1,1,-1
201543N240105,5,19,0,18,0,0,0,0,0,0,1,1,1,1,-1,-1,2198,2,2,-1,-1,-1
201543N240105,6,9,0,18,0,0,0,0,0,0,1,1,1,1,-1,-1,1199,2,3,-1,-1,-1
201543N240125,1,9,0,18,0,0,0,0,0,0,1,1,1,1,39,7,1397,1,7,-1,1,-1
201543N240125,2,9,0,3,0,0,0,0,0,0,2,1,1,1,30,6,-1,-1,-1,-1,1,-1
201543N240125,3,9,0,3,0,0,0,0,0,0,2,1,1,2,35,6,1229,1,3,-1,1,-1
201543N241055,1,9,0,18,0,0,0,10,2,10,4,1,6,1,26,6,1781,1,13,-1,1,-1
201543N241065,1,9,0,9,0,5,0,0,0,0,1,1,6,1,55,8,1968,2,5,-1,3,-1
201543N241065,2,9,0,18,0,8,0,0,0,0,1,1,6,2,49,8,1598,1,13,-1,1,-1
201543N241075,1,11,0,5,0,0,0,0,0,0,3,1,1,1,53,8,4250,2,9,-1,1,-1
201543N241075,2,1,0,5,0,0,0,0,0,0,1,1,2,1,35,6,-1,-1,-1,-1,1,-1
201543N241095,1,9,0,18,0,2,0,0,0,0,3,1,6,1,80,11,-1,-1,-1,-1,-1,-1
201543N241105,1,9,0,11,0,0,2,0,1,7,4,1,6,2,29,6,-1,-1,-1,-1,1,-1
201543N241105,2,21,1,18,0,0,0,0,0,0,3,2,1,1,52,8,-1,-1,-1,-1,-1,-1
201543N241125,1,9,0,17,0,0,0,0,7,4,1,1,6,1,33,6,1984,1,11,-1,1,-1
201543N242035,1,9,0,18,0,2,2,7,0,0,1,1,6,1,25,5,-1,-1,-1,-1,3,-1
201543N242065,1,9,0,9,0,4,0,0,0,0,1,1,6,2,17,4,1242,1,5,-1,1,-1
201543N242065,2,9,0,18,0,8,0,0,0,0,2,1,6,2,23,5,1796,1,15,-1,1,-1
201543N242075,1,11,0,9,0,6,0,0,0,0,1,1,1,1,60,9,5883,2,14,-1,1,-1
201543N242075,2,9,0,18,0,1,0,0,1,0,3,1,6,2,31,6,1596,1,12,-1,1,-1
201543N242095,1,9,0,18,0,0,0,0,0,0,1,1,6,1,25,5,1686,2,13,-1,1,-1
201543N242105,1,9,0,9,0,6,0,0,0,0,1,1,6,2,19,4,1242,1,6,-1,1,-1
201543N242105,2,9,0,18,0,8,0,0,1,10,1,1,6,2,54,8,1389,1,16,-1,1,-1
201543N242115,1,9,0,18,0,6,0,0,0,0,4,1,6,2,38,7,2993,2,-1,-1,3,-1
201543N242115,2,3,0,18,0,8,0,0,0,0,1,1,6,1,22,5,124,1,3,-1,1,-1
201543N242125,1,9,0,18,0,0,0,0,0,0,1,1,6,2,34,6,2993,2,-1,-1,-1,-1
201543N242125,2,9,0,18,0,0,0,0,0,0,2,1,2,1,45,7,1598,1,11,-1,2,-1
201543N243045,1,3,0,17,0,0,1,0,1,0,3,1,6,1,24,5,124,1,12,-1,1,-1
201543N243075,1,9,0,4,0,0,0,0,0,0,1,1,6,2,-1,-1,1198,1,2,-1,1,-1
201543N243075,2,9,0,3,0,0,0,0,0,0,2,1,6,2,49,8,1796,1,12,-1,1,-1
201543N243075,3,9,0,3,0,0,0,0,0,0,2,1,6,1,-1,-1,-1,-1,-1,-1,-1,-1
201543N243095,1,9,0,9,0,6,0,0,0,0,1,1,1,2,53,8,1968,2,4,-1,3,-1
201543N243095,2,5,0,18,0,1,0,0,0,0,1,1,1,1,35,6,599,1,15,-1,1,-1
201543N243115,1,9,0,18,0,0,0,0,1,0,1,1,6,2,52,8,2179,2,8,-1,1,-1
201543N243125,1,9,0,16,0,0,0,0,0,0,0,1,1,1,-1,-1,-1,-1,-1,-1,-1,-1
201543N243125,2,9,0,18,0,0,0,0,1,4,1,1,1,1,29,6,-1,-1,-1,-1,1,-1
201543N244065,1,1,0,12,0,0,0,0,0,0,2,1,6,1,16,4,-1,-1,-1,-1,-1,-1
201543N244065,2,9,0,13,0,0,0,0,0,0,1,1,6,2,37,7,3564,1,10,-1,1,-1
201543N244095,1,19,0,18,0,0,0,0,0,0,1,1,1,1,50,8,2198,2,1,-1,-1,-1
201543N244095,2,9,0,4,0,0,0,0,0,0,2,1,6,2,55,8,1598,1,8,-1,3,-1
201543N244095,3,9,0,18,0,0,0,0,0,0,0,1,6,3,-1,-1,-1,-1,-1,-1,-1,-1
201543N244105,1,9,0,16,0,0,1,10,7,0,1,1,1,2,25,5,1598,1,10,-1,1,-1
201543N244125,1,9,0,9,0,5,0,0,0,0,4,1,6,1,46,8,1896,2,13,-1,1,-1
201543N244125,2,3,0,18,0,1,1,0,0,0,1,1,6,1,29,6,-1,-1,-1,-1,1,-1
201543N245095,1,9,0,18,0,8,0,0,7,11,1,1,6,1,52,8,1997,2,6,-1,1,-1
201543N245095,2,9,0,18,0,8,0,0,0,0,3,1,6,1,84,11,1248,1,6,-1,1,-1
201543N245105,1,9,0,14,0,1,0,0,0,0,1,1,2,2,19,4,1242,1,4,-1,-1,-1
201543N245105,2,11,0,2,0,1,0,0,0,0,0,1,1,3,-1,-1,-1,-1,-1,-1,-1,-1
201543N246035,1,9,0,13,0,0,0,0,0,0,4,1,6,2,23,5,1198,1,13,-1,2,-1
201543N246035,2,1,0,18,0,0,0,0,0,0,3,1,2,1,26,6,-1,-1,-1,-1,2,-1
201543N246095,1,19,0,18,0,1,0,0,0,0,1,1,1,1,-1,-1,2143,2,-1,-1,-1,-1
201543N246095,2,19,0,9,0,5,0,0,0,0,2,1,1,1,47,8,1248,2,7,-1,1,-1
201543N246105,1,9,0,18,0,6,0,0,0,0,4,1,6,1,34,6,2283,2,14,-1,1,-1
201543N246105,2,9,0,18,0,8,0,0,0,0,1,1,6,1,49,8,-1,-1,-1,-1,1,-1
201543N246115,1,9,0,3,0,0,0,0,0,0,2,1,3,1,19,4,1149,1,11,-1,1,-1
201543N246115,2,9,0,3,0,0,0,0,0,0,2,1,6,1,41,7,1497,8,6,-1,1,-1
201543N246115,3,9,0,18,0,0,0,0,0,0,1,1,6,2,30,6,1896,2,8,-1,1,-1
201543N247115,1,9,0,18,0,0,0,0,0,0,1,1,6,1,66,10,1753,2,7,-1,1,-1
201543N247115,2,19,0,4,0,0,0,0,0,0,2,1,6,1,22,5,2143,2,-1,-1,1,-1
201543N247115,3,19,0,4,0,0,0,0,0,0,2,1,6,1,58,9,2402,2,13,-1,1,-1
201543N248095,1,9,0,9,0,6,0,0,0,0,3,1,6,1,77,11,-1,-1,-1,-1,3,-1
201543N248095,2,9,0,18,0,1,0,0,0,0,1,1,2,2,25,5,1598,1,12,-1,3,-1
201543N248105,1,9,0,9,0,6,0,0,0,0,3,1,1,2,40,7,2171,1,11,-1,1,-1
201543N248105,2,9,0,18,0,8,1,0,0,0,1,1,1,1,36,7,1248,2,3,-1,1,-1
201543N249095,1,9,0,18,0,0,0,0,0,0,1,1,6,2,33,6,1248,2,10,-1,-1,-1
201543N249095,2,9,0,18,0,0,0,0,0,0,2,1,6,1,30,6,1598,2,5,-1,1,-1
201543N249115,1,9,0,12,0,0,0,0,0,0,1,1,6,1,59,9,1598,1,16,-1,1,-1
201543N249115,2,5,0,18,0,0,0,0,0,0,2,1,6,1,29,6,649,1,4,-1,-1,-1
201543N249115,3,9,0,18,0,0,0,0,0,0,2,1,6,1,-1,-1,2148,2,12,-1,1,-1
201543N250095,1,9,0,9,0,4,0,0,0,0,1,1,6,2,45,7,1197,1,1,-1,1,-1
201543N250095,2,1,0,18,0,1,0,0,0,0,3,1,6,1,45,7,-1,-1,-1,-1,-1,-1
201543N250115,1,9,0,18,0,0,0,0,0,0,1,1,6,1,34,6,2494,1,12,-1,1,-1
201543N250115,2,9,0,18,0,0,0,0,1,9,2,1,6,2,42,7,2979,1,12,-1,1,-1
201543N251095,1,3,0,18,0,1,0,7,0,0,1,1,2,2,27,6,125,1,-1,-1,1,-1
201543N251105,1,9,0,13,0,3,0,0,0,0,4,1,6,3,-1,-1,-1,-1,-1,-1,-1,-1
201543N251105,2,9,0,18,0,3,0,0,0,0,3,1,6,2,17,4,-1,-1,-1,-1,1,-1
201543N251115,1,9,0,9,0,6,0,0,7,3,3,1,2,2,38,7,998,1,6,-1,3,-1
201543N251115,2,9,0,18,0,1,0,0,0,0,1,1,3,2,37,7,1999,1,13,-1,2,-1
201543N252105,1,9,0,18,0,8,0,0,1,2,1,1,6,1,18,4,2268,2,-1,-1,-1,-1
201543N252105,2,9,0,18,0,1,0,0,0,0,0,1,1,1,-1,-1,1390,1,5,-1,1,-1
201543N253095,1,9,0,9,0,5,0,0,1,0,1,1,2,2,24,5,1364,1,9,-1,1,-1
201543N253095,2,9,0,18,0,8,0,0,0,0,1,1,6,1,23,5,1343,1,24,-1,3,-1
201543N253105,1,9,0,9,0,6,0,0,0,0,3,1,6,2,32,6,1799,1,8,-1,1,-1
201543N253105,2,9,0,4,0,1,1,0,0,0,1,1,6,2,32,6,1598,1,10,-1,1,-1
201543N253115,1,9,0,18,0,0,0,0,0,0,1,1,3,2,40,7,2993,2,3,-1,1,-1
201543N254115,1,9,0,16,0,2,1,0,1,0,1,1,1,1,29,6,1248,2,2,-1,1,-1
201543N256105,1,9,0,17,0,0,0,0,0,0,1,1,1,2,25,5,1997,2,1,-1,1,-1
201543N256105,2,9,0,4,0,0,0,0,0,0,1,1,6,2,71,10,1360,1,4,-1,2,-1
201543N256105,3,9,0,16,0,0,2,0,0,0,2,1,6,2,55,8,1242,1,1,-1,3,-1
201543N256115,1,9,0,17,0,1,0,0,0,0,4,1,6,2,23,5,2184,2,6,-1,1,-1
201543N257115,1,9,0,18,0,0,0,0,0,0,1,1,6,1,17,4,-1,-1,-1,-1,1,-1
201543N257115,2,9,0,4,0,0,0,0,0,0,2,1,6,3,-1,-1,-1,-1,-1,-1,-1,-1
201543N257115,3,9,0,4,0,0,0,0,0,0,2,1,6,3,-1,-1,1198,1,8,-1,-1,-1
201543N258105,1,9,0,18,0,0,0,0,0,0,1,1,6,1,65,9,-1,-1,-1,-1,1,-1
201543N259105,1,9,0,18,0,1,0,0,0,0,1,1,6,1,82,11,2495,2,16,-1,3,-1
201543N259105,2,9,0,2,0,1,0,0,0,0,3,1,6,2,35,6,1598,2,-1,-1,1,-1
201543N260105,1,2,0,16,0,0,0,0,0,0,1,1,6,1,14,3,49,1,2,-1,1,-1
201543N260105,2,9,0,2,0,0,0,0,0,0,2,1,6,3,-1,-1,1999,2,-1,-1,-1,-1
201543N261105,1,9,0,9,0,6,0,0,0,0,3,1,6,1,56,9,1995,2,1,-1,1,-1
201543N261105,2,4,0,18,0,1,0,0,0,0,1,1,6,1,23,5,-1,-1,-1,-1,3,-1
201543N262105,1,9,0,9,0,8,0,0,0,0,1,2,1,1,62,9,-1,-1,-1,-1,3,-1
201543N262105,2,3,0,18,0,8,0,0,0,0,4,1,2,1,26,6,124,1,-1,-1,1,-1
201543N263105,1,9,0,5,0,4,0,0,0,0,4,1,6,2,44,7,2198,2,-1,-1,-1,-1
201543N263105,2,1,0,18,0,8,0,0,0,0,2,1,6,2,65,9,-1,-1,-1,-1,1,-1
201543N264105,1,9,0,18,0,0,0,0,0,0,1,1,1,1,38,7,1798,1,5,-1,1,-1
201543N264105,2,9,0,18,0,0,0,0,0,0,1,1,1,1,58,9,-1,-1,-1,-1,1,-1
201543N270105,1,9,0,5,0,1,0,0,0,0,1,1,1,1,19,4,1149,1,9,-1,1,-1
201543N270105,2,9,0,8,0,1,0,0,0,0,2,1,1,2,25,5,1229,1,1,-1,1,-1
201543N271105,1,9,0,18,0,0,0,0,0,0,4,1,2,2,55,8,2359,1,10,-1,3,-1
201543N272105,1,9,0,18,0,0,0,0,0,0,1,1,6,3,-1,-1,-1,-1,-1,-1,-1,-1
201543N272105,2,9,0,18,0,0,0,0,0,0,2,1,6,1,50,8,1910,2,7,-1,1,-1
201543N272105,3,9,0,18,0,0,0,0,0,0,2,1,6,2,68,10,2400,2,4,-1,1,-1
201543N273105,1,9,0,7,0,6,1,0,0,0,1,1,6,1,21,5,1900,2,11,-1,1,-1
201543N273105,2,9,0,17,0,1,0,0,0,0,1,1,6,1,30,6,-1,-1,-1,-1,-1,-1
201543N274105,1,5,0,4,0,0,1,0,4,6,1,1,6,1,55,8,-1,-1,-1,-1,2,-1
201543N274105,2,19,0,4,0,0,0,0,0,0,2,1,1,1,24,5,2461,2,7,-1,1,-1
201543N274105,3,9,0,4,0,0,0,0,0,0,2,1,6,1,28,6,2143,2,4,-1,1,-1
201543N275105,1,9,0,18,0,1,0,0,0,0,1,1,6,2,43,7,1497,8,8,-1,1,-1
201543N277105,1,9,0,18,0,1,0,0,0,0,1,1,6,2,29,6,1896,2,14,-1,1,-1
201543N277105,2,9,0,9,0,5,0,0,7,11,2,1,1,1,42,7,2231,2,9,-1,1,-1
201543N278105,1,5,0,18,0,0,1,0,0,0,0,1,6,1,28,6,779,1,3,-1,1,-1
201543N279105,1,9,0,17,0,1,5,0,1,2,3,1,6,1,38,7,2993,2,5,-1,3,-1
201543N279105,2,9,0,3,0,1,0,0,0,0,3,1,6,2,24,5,1396,1,11,-1,2,-1
201543P001015,1,9,0,17,0,0,2,0,8,4,1,1,6,1,45,7,1998,1,13,-1,-1,-1
201543P001035,1,9,0,18,0,0,0,6,1,7,1,1,6,1,75,10,2400,2,5,-1,3,-1
201543P001085,1,9,0,18,0,1,0,0,0,0,1,1,6,2,46,8,1781,1,30,-1,1,-1
201543P001085,2,9,0,4,0,1,0,0,0,0,2,1,6,1,89,11,1242,1,1,-1,1,-1
201543P001085,3,9,0,4,0,2,0,0,0,0,2,1,1,2,33,6,1198,1,2,-1,1,-1
201543P001085,4,90,0,9,0,8,0,0,0,0,0,1,1,3,-1,-1,-1,-1,-1,-1,-1,-1
201543P002025,1,9,0,18,0,0,2,0,1,0,1,1,6,1,20,4,-1,-1,-1,-1,1,-1
201543P002045,1,11,0,9,0,8,0,0,0,0,3,1,1,3,-1,-1,-1,2,16,-1,-1,-1
201543P002045,2,1,0,3,0,8,0,0,0,0,4,1,6,1,62,9,-1,-1,-1,-1,1,-1
201543P003015,1,9,0,17,0,1,0,0,0,0,3,1,1,1,53,8,1896,2,13,-1,3,-1
201543P003015,2,9,0,16,0,1,0,0,0,0,3,1,1,2,37,7,1598,1,2,-1,3,-1
201543P003075,1,11,0,18,0,0,0,0,0,0,0,1,1,1,44,7,6370,2,10,-1,1,-1
201543P003085,1,11,0,18,0,1,0,0,0,0,4,1,6,3,-1,-1,-1,-1,-1,-1,-1,-1
201543P003115,1,9,0,9,0,5,2,0,0,0,4,1,6,1,45,7,1796,1,11,-1,2,-1
201543P003115,2,9,0,18,0,1,0,0,0,0,4,1,6,2,44,7,2148,2,13,-1,1,-1
201543P003115,3,9,0,8,0,1,0,0,0,0,3,1,6,1,-1,-1,-1,-1,-1,-1,-1,-1
201543P004035,1,9,0,7,0,8,0,0,0,0,4,1,6,2,-1,-1,1796,1,15,-1,1,-1
201543P004035,2,9,0,18,0,1,0,0,0,0,3,1,6,2,33,6,1896,2,14,-1,1,-1
201543P004045,1,9,0,9,0,8,0,0,0,0,1,1,2,2,67,10,1197,1,4,-1,3,-1
201543P004045,2,9,0,18,0,1,0,0,0,0,1,1,2,1,49,8,2446,2,14,-1,3,-1
201543P004045,3,9,0,10,0,1,0,0,0,0,3,1,2,2,40,7,1995,2,12,-1,3,-1
201543P005015,1,9,0,18,0,0,0,0,0,0,4,1,6,2,-1,-1,2993,2,5,-1,-1,-1
201543P005025,1,9,0,12,0,7,0,0,0,0,3,1,6,2,28,6,1995,2,4,-1,1,-1
201543P005025,2,4,0,18,0,8,0,0,0,0,4,1,6,1,23,5,487,1,12,-1,1,-1
201543P005045,1,11,0,4,0,1,0,0,0,0,0,1,1,1,25,5,4760,2,2,-1,1,-1
201543P005055,1,9,0,11,0,0,1,0,0,0,1,1,1,2,23,5,2143,2,-1,-1,-1,-1
201543P005055,2,9,0,4,0,0,0,0,0,0,2,1,6,2,21,5,1242,1,9,-1,2,-1
201543P005085,1,9,0,9,0,5,0,0,0,0,0,1,6,3,-1,-1,-1,-1,-1,-1,-1,-1
201543P005085,2,11,0,18,0,1,0,0,0,0,0,1,1,1,-1,-1,4500,2,2,-1,1,-1
201543P006025,1,9,0,18,0,4,0,0,0,0,1,1,6,3,-1,-1,1560,2,4,-1,-1,-1
201543P006025,2,1,0,18,0,8,0,0,0,0,4,1,6,1,30,6,-1,-1,-1,-1,1,-1
201543P006115,1,3,0,17,0,1,1,0,1,11,4,1,6,1,18,4,-1,-1,-1,-1,3,-1
201543P007025,1,9,0,17,0,0,1,0,1,11,1,1,1,1,34,6,1598,2,3,-1,1,-1
201543P007035,1,9,0,16,0,0,1,0,1,0,1,1,6,1,59,9,-1,-1,-1,-1,3,-1
201543P007035,2,9,0,17,0,0,0,0,1,0,1,1,6,2,69,10,-1,-1,-1,-1,2,-1
201543P007045,1,9,0,14,0,2,0,0,0,0,1,1,1,1,35,6,1497,8,10,-1,1,-1
201543P007045,2,11,0,2,0,2,0,0,0,0,0,1,1,1,40,7,4500,2,5,-1,1,-1
201543P007095,1,9,0,9,0,6,0,0,0,0,1,1,2,1,39,7,1870,2,11,-1,-1,-1
201543P007095,2,4,0,13,0,8,0,0,0,0,4,1,6,1,20,4,399,1,22,-1,-1,-1
201543P008015,1,9,0,17,0,0,2,0,7,11,1,1,1,1,38,7,-1,-1,-1,-1,1,-1
201543P008055,1,9,0,2,0,1,0,0,0,0,1,1,1,1,28,6,1248,2,6,-1,1,-1
201543P008055,2,9,0,18,0,8,0,4,0,0,1,1,6,2,29,6,1329,1,6,-1,1,-1
201543P008075,1,9,0,13,0,0,0,0,0,0,1,1,6,3,-1,-1,-1,-1,-1,-1,-1,-1
201543P008075,2,9,0,3,0,0,0,0,0,0,1,1,6,2,37,7,2000,1,9,-1,1,-1
201543P008095,1,2,0,16,0,1,0,0,0,0,4,1,6,1,21,5,49,1,1,-1,1,-1
201543P008095,2,9,0,3,0,1,0,0,0,0,3,1,6,1,51,8,1396,2,5,-1,1,-1
201543P008115,1,9,0,18,0,0,0,0,0,0,1,1,6,1,35,6,1587,1,12,-1,1,-1
201543P008115,2,9,0,18,0,0,0,0,0,0,2,1,6,2,56,9,1461,2,3,-1,3,-1
201543P008125,1,9,0,9,0,5,0,0,0,0,1,1,6,2,25,5,973,1,12,-1,1,-1
201543P008125,2,3,0,18,0,1,0,0,0,0,3,1,6,1,22,5,124,1,1,-1,1,-1
201543P009015,1,9,0,17,0,0,0,0,0,0,1,1,6,2,35,6,1598,2,2,-1,3,-1
201543P009015,2,9,0,16,0,0,0,0,0,0,1,1,6,1,27,6,-1,-1,-1,-1,2,-1
201543P009015,3,1,0,17,0,0,0,0,0,0,0,1,6,3,-1,-1,-1,-1,-1,-1,-1,-1
201543P009095,1,9,0,4,0,0,0,0,0,0,0,1,6,1,28,6,-1,-1,-1,-1,1,-1
201543P009095,2,1,0,18,0,0,0,0,0,0,3,1,6,1,16,4,-1,-1,-1,-1,1,-1
201543P009095,3,1,0,18,0,0,0,0,0,0,4,1,6,1,16,4,-1,-1,-1,-1,1,-1
201543P009105,1,9,0,10,0,1,0,0,0,0,2,1,6,1,36,7,2496,1,12,-1,3,-1
201543P009105,2,9,0,18,0,1,0,0,0,0,1,1,6,1,31,6,-1,-1,-1,-1,1,-1
201543P010055,1,9,0,5,0,1,0,0,0,0,4,1,6,1,75,10,4197,1,10,-1,3,-1
201543P011045,1,9,0,4,0,6,0,0,0,0,4,1,2,1,40,7,1598,1,11,-1,1,-1
201543P011045,2,1,0,18,9,1,0,0,0,0,1,1,6,1,42,7,-1,-1,-1,-1,1,-1
201543P011055,1,9,0,18,0,1,1,0,0,0,1,1,6,2,53,8,1198,1,12,-1,3,-1
201543P011055,2,9,0,18,0,2,0,0,0,0,1,1,6,2,39,7,1600,2,3,-1,3,-1
201543P011115,1,11,0,5,0,1,0,0,0,0,0,1,1,3,-1,-1,-1,-1,-1,-1,-1,-1
201543P011115,2,9,0,18,0,1,0,0,0,0,0,1,6,3,-1,-1,-1,-1,-1,-1,-1,-1
201543P011115,3,11,0,18,0,1,0,0,0,0,0,1,1,1,46,8,4500,2,4,-1,1,-1
201543P012065,1,9,0,18,0,0,0,0,0,0,1,1,6,2,63,9,1390,1,9,-1,-1,-1
201543P012065,2,9,0,4,0,0,0,0,0,0,2,1,6,2,29,6,1587,1,10,-1,2,-1
201543P012075,1,9,0,9,0,5,0,0,0,0,3,1,6,2,-1,-1,1395,1,2,-1,-1,-1
201543P012075,2,3,0,13,0,1,0,0,0,0,1,1,6,1,26,6,109,1,5,-1,1,-1
201543P012115,1,1,0,18,0,1,0,0,0,0,1,1,6,1,20,4,-1,-1,-1,-1,1,-1
201543P012115,2,21,1,18,0,4,0,0,0,0,4,1,1,1,50,8,12740,2,-1,-1,1,-1
201543P013055,1,9,0,7,0,5,0,0,0,0,1,1,6,2,-1,-1,1461,2,11,-1,-1,-1
201543P013055,2,9,0,8,0,1,0,0,0,0,3,1,6,2,42,7,1598,1,11,-1,2,-1
201543P013105,1,9,0,18,0,1,0,0,0,0,1,1,6,1,-1,-1,2497,1,9,-1,1,-1
201543P013105,2,9,0,3,0,1,0,0,0,0,2,1,6,1,22,5,796,1,13,-1,1,-1
201543P014025,1,9,0,4,0,1,1,0,0,0,1,1,3,2,27,6,1870,2,10,-1,1,-1
201543P014025,2,9,0,3,0,1,0,0,0,0,2,1,6,1,36,7,1364,1,6,-1,1,-1
201543P014055,1,19,4,18,0,0,0,0,0,0,1,1,1,1,24,5,-1,-1,-1,-1,3,-1
201543P014055,2,9,0,18,0,0,0,0,1,9,2,1,6,1,56,9,1595,1,8,-1,2,-1
201543P014055,3,9,0,18,0,0,0,0,0,0,3,1,6,1,72,10,1986,2,8,-1,2,-1
201543P014065,1,9,0,9,0,8,0,0,0,0,4,1,6,1,42,7,1968,2,4,-1,1,-1
201543P014065,2,1,0,18,0,1,0,0,0,0,1,1,4,1,12,3,-1,-1,-1,-1,-1,-1
201543P014115,1,1,0,5,0,8,0,0,0,0,2,1,2,2,27,6,-1,-1,-1,-1,1,-1
201543P014115,2,11,0,18,0,1,1,0,0,0,1,1,1,1,24,5,10800,2,1,-1,1,-1
201543P014115,3,9,0,7,0,5,0,0,0,0,0,1,6,3,-1,-1,-1,-1,-1,-1,-1,-1
201543P015045,1,21,0,18,0,0,0,0,0,0,2,1,1,1,50,8,-1,1,64,-1,-1,-1