Accident_Index,Vehicle_Reference,Vehicle_Type,Towing_and_Articulation,Vehicle_Manoeuvre,Vehicle_Location-Restricted_Lane,Junction_Location,Skidding_and_Overturning,Hit_Object_in_Carriageway,Vehicle_Leaving_Carriageway,Hit_Object_off_Carriageway,1st_Point_of_Impact,Was_Vehicle_Left_Hand_Drive?,Journey_Purpose_of_Driver,Sex_of_Driver,Age_of_Driver,Age_Band_of_Driver,Engine_Capacity_(CC),Propulsion_Code,Age_of_Vehicle,Driver_IMD_Decile,Driver_Home_Area_Type,Vehicle_IMD_Decile
201543P015045,2,9,0,18,0,0,0,0,0,0,1,1,6,1,51,8,1968,2,4,-1,1,-1
201543P015045,3,9,0,18,0,0,0,0,0,0,1,1,6,2,43,7,998,1,5,-1,1,-1
201543P015045,4,9,0,18,0,0,1,0,0,0,1,1,6,1,47,8,-1,-1,-1,-1,-1,-1
201543P015045,5,9,0,18,0,0,1,0,0,0,0,1,6,1,53,8,1248,1,2,-1,-1,-1
201543P015055,1,9,0,18,0,0,0,0,0,0,1,1,6,1,62,9,1896,2,9,-1,1,-1
201543P015055,2,9,0,18,0,0,0,0,0,0,2,1,6,1,38,7,1995,2,2,-1,1,-1
201543P015055,3,9,0,18,0,0,0,0,0,0,2,1,6,1,27,6,1242,1,4,-1,3,-1
201543P015055,4,9,0,18,0,0,0,0,0,0,2,1,6,1,45,7,1984,2,2,-1,3,-1
201543P015055,5,9,0,18,0,0,0,0,0,0,2,1,6,1,63,9,1229,1,9,-1,2,-1
201543P015075,1,9,0,9,0,6,0,0,0,0,1,1,6,2,28,6,1339,1,5,-1,1,-1
201543P015075,2,1,0,10,0,8,0,0,0,0,3,1,6,2,36,7,-1,-1,-1,-1,1,-1
201543P016045,1,9,0,18,0,1,0,0,0,0,1,1,6,1,35,6,2148,2,10,-1,-1,-1
201543P016045,2,9,0,3,0,1,0,0,0,0,2,1,2,2,47,8,1596,1,14,-1,1,-1
201543P016055,1,3,0,18,0,8,0,0,0,0,1,1,6,1,24,5,125,1,2,-1,1,-1
201543P016055,2,9,0,3,0,8,0,0,0,0,2,1,6,1,-1,-1,2148,2,9,-1,-1,-1
201543P017015,1,9,0,16,0,0,1,10,5,4,1,1,6,2,31,6,1753,2,8,-1,1,-1
201543P017055,1,3,0,16,0,0,1,0,0,0,4,1,6,1,24,5,125,1,1,-1,3,-1
201543P017085,1,9,0,18,0,0,5,0,2,7,1,1,6,1,52,8,-1,-1,-1,-1,-1,-1
201543P018015,1,21,0,9,8,6,0,0,0,0,3,1,1,1,49,8,9200,2,6,-1,3,-1
201543P018015,2,9,0,18,0,1,0,0,0,0,1,1,6,1,81,11,1596,1,11,-1,1,-1
201543P018025,1,9,0,12,0,1,0,0,0,0,3,1,6,2,35,6,1390,1,5,-1,-1,-1
201543P018025,2,9,0,18,0,1,0,0,0,0,4,1,2,1,25,5,1598,1,14,-1,1,-1
201543P018055,1,5,0,16,0,0,0,0,0,0,3,1,6,1,51,8,1299,1,11,-1,1,-1
201543P018065,1,8,0,8,0,5,0,0,0,0,1,1,6,1,41,7,1997,2,10,-1,1,-1
201543P018085,1,5,0,17,0,0,1,0,1,10,1,1,6,1,50,8,599,1,16,-1,-1,-1
201543P018125,1,9,0,18,0,1,0,0,0,0,1,1,2,2,55,8,1364,1,9,-1,1,-1
201543P018125,2,9,0,18,0,2,0,0,0,0,2,1,6,1,-1,-1,-1,-1,-1,-1,1,-1
201543P018125,3,9,0,9,0,5,0,0,0,0,0,1,6,1,-1,-1,-1,-1,-1,-1,-1,-1
201543P019015,1,4,0,17,0,0,1,0,0,0,0,1,6,2,28,6,124,1,12,-1,1,-1
201543P019115,1,9,0,9,0,6,0,0,0,0,1,1,6,2,20,4,998,1,6,-1,1,-1
201543P019115,2,9,0,18,0,8,0,0,0,0,3,1,6,2,52,8,1364,1,8,-1,1,-1
201543P019125,1,9,0,18,0,2,0,0,1,4,1,1,2,1,41,7,1686,2,12,-1,1,-1
201543P020035,1,9,0,13,0,0,0,0,0,0,0,1,6,1,70,10,-1,-1,-1,-1,1,-1
201543P020035,2,22,0,18,0,0,2,0,0,0,0,1,6,1,49,8,-1,-1,-1,-1,1,-1
201543P021015,1,9,0,10,0,8,0,0,0,0,2,1,3,2,40,7,2993,2,2,-1,3,-1
201543P021015,2,21,4,18,0,8,0,0,7,11,1,1,2,1,29,6,12900,2,8,-1,2,-1
201543P021015,3,19,0,18,0,8,0,0,1,11,1,1,2,1,25,5,2198,2,2,-1,1,-1
201543P021035,1,9,0,9,0,8,0,0,0,0,1,1,6,1,40,7,-1,-1,-1,-1,1,-1
201543P021035,2,1,0,18,5,8,0,0,0,0,1,1,6,2,58,9,-1,-1,-1,-1,1,-1
201543P021125,1,9,0,5,0,4,0,0,0,0,4,1,6,2,59,9,1396,1,3,-1,3,-1
201543P021125,2,1,0,18,0,4,0,0,0,0,1,1,6,2,-1,-1,-1,-1,-1,-1,-1,-1
201543P022045,1,9,0,18,0,0,0,0,0,0,1,1,6,3,-1,-1,1995,2,3,-1,3,-1
201543P022045,2,1,0,18,0,0,0,0,0,0,3,1,6,1,30,6,-1,-1,-1,-1,1,-1
201543P022055,1,9,0,11,0,0,0,0,5,6,1,1,6,2,56,9,1998,2,11,-1,1,-1
201543P022055,2,20,0,18,0,0,0,0,0,0,2,1,1,1,65,9,7698,2,-1,-1,1,-1
201543P022055,3,9,0,18,0,0,0,0,0,0,1,1,6,1,49,8,3824,1,8,-1,1,-1
201543P022055,4,9,0,18,0,0,0,0,0,0,0,1,6,1,58,9,1560,2,3,-1,2,-1
201543P022105,1,9,0,18,0,6,1,0,1,1,4,1,6,1,35,6,1798,1,10,-1,3,-1
201543P022105,2,9,0,18,0,8,1,0,7,0,1,1,6,1,59,9,1968,2,1,-1,3,-1
201543P022115,1,9,0,9,0,5,0,0,0,0,4,1,6,3,-1,-1,-1,-1,-1,-1,-1,-1
201543P022115,2,1,0,18,0,8,0,0,0,0,1,1,4,2,18,4,-1,-1,-1,-1,1,-1
201543P023015,1,19,0,17,0,2,0,0,0,0,1,1,1,1,42,7,2198,2,1,-1,1,-1
201543P023015,2,19,0,16,0,2,0,0,0,0,1,1,1,1,21,5,2459,2,14,-1,1,-1
201543P023045,1,9,0,7,0,6,0,0,0,0,0,1,6,3,-1,-1,-1,-1,-1,-1,-1,-1
201543P023045,2,11,0,18,0,8,0,0,0,0,0,1,1,2,43,7,9000,2,6,-1,1,-1
201543P023065,1,9,0,12,0,1,0,0,0,0,3,1,6,1,-1,-1,-1,-1,-1,-1,-1,-1
201543P023065,2,1,0,13,0,1,0,0,0,0,1,1,6,1,47,8,-1,-1,-1,-1,3,-1
201543P023085,1,5,0,18,0,8,0,0,0,0,4,1,6,1,75,10,600,1,53,-1,1,-1
201543P023095,1,4,0,18,0,0,0,0,1,0,1,1,6,1,21,5,250,1,1,-1,1,-1
201543P024015,1,9,0,7,0,4,0,0,0,0,1,1,1,1,46,8,1956,2,4,-1,1,-1
201543P024015,2,9,0,7,0,4,0,0,0,0,2,1,3,2,33,6,1796,1,9,-1,1,-1
201543P024045,1,5,0,9,0,6,1,0,0,0,4,1,6,1,39,7,998,1,16,-1,1,-1
201543P024055,1,9,0,18,0,1,1,0,7,10,1,1,2,1,22,5,1343,1,11,-1,1,-1
201543P024055,2,9,0,10,0,1,0,0,0,0,3,1,6,2,53,8,1686,2,6,-1,1,-1
201543P024075,1,4,0,13,0,8,0,0,0,0,1,1,6,1,35,6,955,1,12,-1,1,-1
201543P024075,2,9,0,9,0,5,0,0,0,0,3,1,6,1,33,6,2429,1,10,-1,1,-1
201543P024105,1,21,1,18,0,0,0,0,0,0,1,1,1,1,62,9,10837,2,2,-1,1,-1
201543P024105,2,9,0,18,0,0,0,0,1,0,2,1,1,1,46,8,-1,-1,-1,-1,2,-1
201543P024125,1,9,0,18,0,0,0,0,0,0,3,1,6,1,-1,-1,-1,-1,-1,-1,-1,-1
201543P024125,2,9,0,18,0,0,0,0,0,0,3,1,1,1,20,4,1149,1,12,-1,3,-1
201543P025065,1,9,0,17,0,0,1,0,0,0,1,1,2,2,54,8,2494,1,16,-1,1,-1
201543P025065,2,9,0,16,0,0,0,0,0,0,1,1,3,2,52,8,2720,2,8,-1,1,-1
201543P025085,1,9,0,9,0,5,0,0,0,0,3,1,6,1,43,7,-1,-1,-1,-1,1,-1
201543P025085,2,1,0,13,0,1,0,0,0,0,1,1,6,1,48,8,-1,-1,-1,-1,1,-1
201543P026065,1,9,0,9,0,6,0,0,0,0,4,1,6,1,30,6,-1,-1,-1,-1,1,-1
201543P026065,2,1,0,18,0,8,0,0,0,0,3,1,2,1,32,6,-1,-1,-1,-1,1,-1
201543P026075,1,9,0,18,0,1,0,0,0,0,1,1,6,1,80,11,2993,2,3,-1,-1,-1
201543P026075,2,19,0,10,0,1,0,0,0,0,2,1,6,1,60,9,1461,2,4,-1,-1,-1
201543P027045,1,9,0,18,0,0,0,0,0,0,4,1,6,1,24,5,1699,1,-1,-1,1,-1
201543P027045,2,9,0,18,0,0,0,0,0,0,1,1,6,1,54,8,2720,2,9,-1,1,-1
201543P027055,1,5,0,16,0,1,1,0,7,4,3,1,6,1,59,9,1202,1,4,-1,1,-1
201543P027055,2,9,0,17,0,1,0,0,0,0,3,1,6,1,38,7,2184,2,6,-1,3,-1
201543P027085,1,9,0,1,0,6,0,0,0,0,2,1,6,3,-1,-1,1896,2,8,-1,-1,-1
201543P027105,1,9,0,18,0,1,0,0,0,0,3,1,6,2,61,9,1400,1,9,-1,2,-1
201543P027105,2,9,0,18,0,1,0,0,0,0,4,1,6,1,41,7,2616,1,12,-1,1,-1
201543P027115,1,9,0,4,0,0,0,0,0,0,1,1,6,1,21,5,1391,1,21,-1,1,-1
201543P027115,2,2,0,3,0,0,0,0,0,0,2,1,1,2,24,5,125,1,-1,-1,1,-1
201543P028015,1,19,0,17,0,0,2,0,7,9,1,1,2,1,26,6,-1,-1,-1,-1,-1,-1
201543P028065,1,5,0,18,0,0,1,0,0,0,1,1,6,1,40,7,800,1,-1,-1,2,-1
201543P028065,2,19,0,18,0,0,0,0,0,0,2,1,2,1,51,8,1995,2,2,-1,1,-1
201543P028105,1,3,0,18,0,0,1,0,0,0,1,1,1,2,35,6,101,1,5,-1,1,-1
201543P028105,2,9,0,11,0,0,0,0,0,0,2,1,6,1,-1,-1,2993,2,6,-1,1,-1
201543P028115,1,9,0,9,0,8,0,0,0,0,1,1,6,2,36,7,-1,-1,-1,-1,-1,-1
201543P028115,2,1,0,9,0,8,0,0,0,0,1,1,6,1,73,10,-1,-1,-1,-1,1,-1
201543P029015,1,19,0,18,0,8,0,0,0,0,1,1,1,1,50,8,1896,2,11,-1,1,-1
201543P029015,2,9,0,3,0,8,0,0,0,0,2,1,2,2,34,6,1598,1,11,-1,1,-1
201543P029015,3,9,0,3,0,8,0,0,0,0,2,1,2,2,23,5,1398,1,2,-1,1,-1
201543P029035,1,11,0,18,0,0,0,0,0,0,0,1,1,2,59,9,9000,2,5,-1,2,-1
201543P029035,2,9,0,5,0,0,0,0,0,0,0,1,6,3,-1,-1,-1,-1,-1,-1,-1,-1
201543P029055,1,9,0,6,0,3,0,0,0,0,3,1,6,2,40,7,1956,2,4,-1,2,-1
201543P029055,2,3,0,13,0,3,0,0,0,0,4,1,6,1,26,6,-1,-1,-1,-1,1,-1
201543P029075,1,9,0,9,0,6,0,0,0,0,3,1,6,2,60,9,1597,2,-1,-1,3,-1
201543P029075,2,5,0,18,0,8,0,0,0,0,1,1,6,1,31,6,592,1,24,-1,2,-1
201543P029095,1,9,0,5,0,2,0,0,0,0,4,1,6,1,-1,-1,1598,1,5,-1,1,-1
201543P029105,1,9,0,6,0,8,0,0,0,0,3,1,6,2,40,7,1198,1,4,-1,1,-1
201543P029105,2,1,0,18,0,1,0,0,0,0,1,1,2,2,34,6,-1,-1,-1,-1,1,-1
201543P029125,1,9,0,16,0,0,0,0,7,9,3,1,1,1,36,7,1968,2,-1,-1,1,-1
201543P029125,2,9,0,17,0,0,0,0,1,9,3,1,3,2,56,9,1198,1,4,-1,2,-1
201543P030015,1,9,0,18,0,0,0,0,5,6,1,1,2,1,29,6,-1,-1,-1,-1,1,-1
201543P030045,1,9,0,18,0,1,0,0,0,0,1,1,6,2,40,7,1686,2,8,-1,-1,-1
201543P030045,2,9,0,10,0,1,0,0,0,0,2,1,6,1,28,6,1896,2,10,-1,1,-1
201543P030055,1,9,0,18,0,4,0,0,0,0,1,1,6,2,37,7,1783,1,12,-1,1,-1
201543P030055,2,1,0,18,0,4,0,0,0,0,1,1,6,2,20,4,-1,-1,-1,-1,1,-1
201543P030065,1,9,0,18,0,4,0,0,0,0,1,1,6,1,-1,-1,1364,1,9,-1,-1,-1
201543P030065,2,9,0,3,0,1,0,0,0,0,2,1,1,2,27,6,1389,1,14,-1,1,-1
201543P030075,1,3,0,18,0,0,0,0,0,0,0,1,6,1,27,6,124,1,9,-1,1,-1
201543P030085,1,9,0,5,0,4,0,0,0,0,1,1,6,2,71,10,1596,1,13,-1,3,-1
201543P030085,2,9,0,3,0,4,0,0,0,0,2,1,6,2,29,6,2497,1,4,-1,1,-1
201543P030095,1,9,0,18,0,1,0,0,0,0,1,1,6,2,40,7,-1,-1,-1,-1,-1,-1
201543P030095,2,1,0,18,0,8,0,0,0,0,3,1,2,1,34,6,-1,-1,-1,-1,1,-1
201543P031035,1,3,0,18,0,8,0,0,0,0,1,1,6,1,20,4,-1,-1,-1,-1,-1,-1
201543P031045,1,1,0,13,0,8,0,0,0,0,1,1,6,1,27,6,-1,-1,-1,-1,1,-1
201543P031045,2,9,0,9,0,5,0,0,0,0,3,1,6,2,27,6,1596,1,10,-1,1,-1
201543P031075,1,9,0,4,0,0,0,0,0,0,1,1,6,2,60,9,1396,1,12,-1,1,-1
201543P031075,2,9,0,4,0,0,0,0,0,0,2,1,6,1,23,5,1598,1,9,-1,1,-1
201543P031075,3,9,0,4,0,0,0,0,0,0,2,1,6,2,35,6,1149,1,5,-1,1,-1
201543P031085,1,1,0,18,0,0,0,0,0,0,1,1,6,2,31,6,-1,-1,-1,-1,1,-1
201543P031085,2,1,0,18,0,0,0,0,0,0,2,1,6,1,31,6,-1,-1,-1,-1,1,-1
201543P031115,1,1,0,18,0,8,1,0,0,0,1,1,6,1,43,7,-1,-1,-1,-1,1,-1
201543P031115,2,9,0,2,0,8,0,0,0,0,2,1,6,3,57,9,1988,1,13,-1,1,-1
201543P032045,1,9,0,4,0,1,0,0,0,0,1,1,6,2,59,9,1461,2,1,-1,3,-1
201543P032045,2,9,0,4,0,1,0,0,0,0,2,1,6,1,26,6,-1,-1,-1,-1,3,-1
201543P032055,1,11,0,17,0,0,5,0,1,9,4,1,1,1,60,9,4250,2,5,-1,1,-1
201543P032095,1,9,0,18,0,4,0,0,0,0,4,1,2,2,36,7,1242,1,13,-1,1,-1
201543P032095,2,1,0,18,0,4,0,0,0,0,1,1,2,2,37,7,-1,-1,-1,-1,3,-1
201543P033015,1,9,0,7,0,6,0,0,0,0,1,1,6,2,-1,-1,1390,1,6,-1,-1,-1
201543P033015,2,1,0,18,0,8,0,0,0,0,4,1,6,2,69,10,-1,-1,-1,-1,1,-1
201543P033035,1,19,0,9,0,5,0,0,0,0,1,1,6,1,-1,-1,1753,2,17,-1,-1,-1
201543P033035,2,1,0,18,0,8,0,0,0,0,3,1,6,2,28,6,-1,-1,-1,-1,1,-1
201543P033065,1,9,0,4,0,4,0,0,0,0,1,1,6,2,30,6,1598,2,1,-1,-1,-1
201543P033065,2,9,0,3,0,4,0,0,0,0,2,1,6,1,45,7,1598,1,13,-1,1,-1
201543P033115,1,9,0,18,0,0,0,0,0,0,1,1,6,2,-1,-1,3456,8,6,-1,1,-1
201543P033115,2,9,0,3,0,0,0,0,0,0,2,1,6,2,23,5,1968,2,8,-1,1,-1
201543P033115,3,9,0,3,0,0,0,0,0,0,1,1,6,1,-1,-1,1910,2,7,-1,1,-1
201543P034015,1,1,0,9,0,2,0,0,0,0,3,1,4,1,11,3,-1,-1,-1,-1,1,-1
201543P034015,2,9,0,13,0,2,0,0,0,0,1,1,1,2,45,7,1598,2,2,-1,2,-1
201543P034025,1,9,0,16,0,0,0,0,1,7,1,1,6,1,37,7,1956,2,3,-1,1,-1
201543P034025,2,21,1,17,0,0,0,0,1,0,1,1,1,1,55,8,12900,2,3,-1,1,-1
201543P035025,1,9,0,9,0,5,0,0,0,0,1,1,2,2,25,5,-1,-1,-1,-1,3,-1
201543P035025,2,9,0,18,0,8,0,0,0,0,1,1,2,1,53,8,1753,2,15,-1,2,-1
201543P035035,1,9,0,18,0,8,0,0,0,0,1,1,6,2,35,6,1798,1,10,-1,1,-1
201543P035035,2,1,0,18,0,8,0,0,0,0,2,1,2,1,18,4,-1,-1,-1,-1,-1,-1
201543P035045,1,9,0,9,0,5,0,0,0,0,1,1,1,1,23,5,1229,1,3,-1,3,-1
201543P035045,2,3,0,18,0,8,0,0,0,0,3,1,6,1,34,6,125,1,16,-1,1,-1
201543P035055,1,9,0,18,0,4,1,9,3,1,1,1,6,1,48,8,1948,1,14,-1,3,-1
201543P035075,1,9,0,18,0,8,0,0,0,0,1,1,6,2,82,11,1124,1,9,-1,1,-1
201543P035075,2,9,0,18,0,8,0,0,0,0,4,1,6,2,42,7,1560,2,9,-1,-1,-1
201543P035075,3,9,0,18,0,8,0,0,0,0,4,1,6,1,61,9,2793,1,16,-1,1,-1
201543P035125,1,9,0,18,0,0,0,0,0,0,1,1,6,1,48,8,1995,2,10,-1,1,-1
201543P035125,2,9,0,18,0,0,0,0,0,0,1,1,6,1,65,9,-1,-1,-1,-1,1,-1
201543P036015,1,9,0,7,0,5,2,0,1,7,1,1,6,2,24,5,-1,-1,-1,-1,1,-1
201543P036055,1,5,0,16,0,0,0,0,0,0,1,1,6,1,63,9,805,1,4,-1,1,-1
201543P036055,2,9,0,17,0,0,0,0,0,0,1,1,6,2,44,7,2993,2,-1,-1,2,-1
201543P036075,1,9,0,17,0,8,0,0,0,0,3,1,1,1,23,5,1248,2,2,-1,1,-1
201543P036115,1,9,0,18,0,0,0,0,0,0,1,1,6,2,43,7,1497,1,11,-1,-1,-1
201543P036115,2,9,0,3,0,0,0,0,0,0,2,1,6,1,25,5,1995,2,5,-1,3,-1
201543P036125,1,9,0,18,0,0,0,0,0,0,1,1,6,1,32,6,1388,1,11,-1,-1,-1
201543P036125,2,9,0,18,0,0,5,0,1,0,1,1,6,2,30,6,1995,1,6,-1,3,-1
201543P037015,1,9,0,18,0,0,0,6,1,10,4,1,6,1,35,6,1242,1,1,-1,2,-1
201543P037025,1,9,0,18,0,1,0,0,0,0,1,1,2,2,57,9,1242,1,3,-1,3,-1
201543P037025,2,9,0,18,0,8,0,0,1,4,1,1,2,2,60,9,1798,1,-1,-1,1,-1
201543P037025,3,9,0,8,0,1,0,0,1,4,3,1,2,1,20,4,-1,-1,-1,-1,3,-1
201543P037045,1,9,0,7,0,6,0,0,0,0,0,1,6,1,-1,-1,-1,-1,-1,-1,1,-1
201543P037045,2,1,0,18,0,1,1,0,0,0,0,1,6,1,55,8,-1,-1,-1,-1,1,-1
201543P037065,1,9,0,18,0,4,0,0,0,0,1,1,6,2,33,6,1198,1,5,-1,3,-1
201543P037065,2,1,0,18,0,8,0,0,0,0,2,1,6,1,-1,-1,-1,-1,-1,-1,1,-1
201543P037075,1,9,0,17,0,0,1,0,0,0,1,1,1,1,35,6,1360,1,11,-1,3,-1
201543P037075,2,9,0,16,0,0,0,0,0,0,1,1,1,1,21,5,1995,2,11,-1,1,-1
201543P037095,1,19,0,18,0,1,0,0,0,0,1,1,1,2,56,9,-1,-1,-1,-1,-1,-1
201543P037095,2,19,0,18,0,1,0,0,0,0,2,1,1,3,-1,-1,-1,-1,-1,-1,-1,-1
201543P037115,1,9,0,17,0,0,0,0,0,0,3,1,2,2,45,7,3999,1,3,-1,1,-1
201543P037115,2,9,0,16,0,0,0,0,0,0,3,1,2,2,29,6,2993,2,6,-1,1,-1
201543P038025,1,19,0,4,0,0,0,0,0,0,1,1,1,1,24,5,2143,2,3,-1,1,-1
201543P038025,2,9,0,4,0,0,0,0,0,0,2,1,2,2,19,4,-1,-1,-1,-1,1,-1
201543P038025,3,9,0,4,0,0,0,0,0,0,2,1,2,1,59,9,-1,-1,-1,-1,-1,-1
201543P038025,4,9,0,4,0,0,0,0,0,0,2,1,2,2,26,6,1248,2,2,-1,3,-1
201543P038025,5,9,0,3,0,0,0,0,0,0,2,1,6,3,-1,-1,1396,2,1,-1,-1,-1
201543P039015,1,21,2,12,0,0,0,0,0,0,3,1,1,1,49,8,-1,-1,-1,-1,-1,-1
201543P039015,2,9,0,18,0,0,0,0,0,0,4,1,6,1,50,8,998,1,13,-1,1,-1
201543P039015,3,21,0,18,0,0,0,0,0,0,3,1,1,1,30,6,-1,-1,-1,-1,-1,-1
201543P039035,1,9,0,18,0,1,0,0,0,0,1,1,6,2,60,9,1422,2,7,-1,2,-1
201543P039035,2,9,0,3,0,1,0,0,0,0,2,1,6,2,24,5,-1,-1,-1,-1,2,-1
201543P039035,3,90,0,1,0,1,0,0,0,0,0,1,1,3,-1,-1,-1,-1,-1,-1,-1,-1
201543P039065,1,21,0,9,0,8,0,0,0,0,0,1,1,1,58,9,4250,2,12,-1,1,-1
201543P039065,2,9,0,18,0,8,0,0,0,0,1,1,1,1,59,9,1986,2,9,-1,1,-1
201543P039065,3,9,0,3,0,1,0,0,0,0,3,1,6,1,55,8,1997,2,13,-1,1,-1
201543P039095,1,21,0,18,0,0,0,0,0,0,1,1,1,1,44,7,12777,2,4,-1,1,-1
201543P039095,2,9,0,3,0,0,0,0,0,0,2,1,6,2,23,5,998,1,2,-1,1,-1
201543P039095,3,9,0,3,0,0,0,0,0,0,2,1,6,1,68,10,1360,1,7,-1,-1,-1
201543P040085,1,9,0,18,0,1,0,0,0,0,1,1,2,1,53,8,1560,2,1,-1,3,-1
201543P040085,2,9,0,10,0,8,0,0,0,0,2,1,2,2,51,8,1598,1,9,-1,3,-1
201543P040125,1,9,0,5,0,1,0,0,0,0,1,1,2,1,-1,-1,4196,1,8,-1,-1,-1
201543P040125,2,1,0,18,0,1,0,0,0,0,4,1,2,1,29,6,-1,-1,-1,-1,1,-1
201543P041015,1,9,0,17,0,0,0,0,1,9,1,1,6,2,18,4,-1,-1,-1,-1,1,-1
201543P041025,1,9,0,17,0,0,2,0,0,0,4,1,6,2,24,5,1198,1,10,-1,3,-1
201543P041035,1,9,0,10,0,1,0,0,0,0,1,1,6,2,35,6,2143,2,3,-1,1,-1
201543P041035,2,9,0,18,0,1,0,0,0,0,1,1,1,1,32,6,-1,-1,-1,-1,1,-1
201543P041035,3,9,0,9,0,5,0,0,0,0,1,1,1,1,27,6,-1,-1,-1,-1,3,-1
201543P041125,1,9,0,18,0,0,0,0,0,0,1,1,6,3,-1,-1,-1,-1,-1,-1,-1,-1
201543P042025,1,9,0,5,0,4,0,0,0,0,1,1,6,1,31,6,-1,-1,-1,-1,1,-1
201543P042025,2,5,0,18,0,8,0,0,0,0,4,1,6,1,49,8,1050,1,8,-1,1,-1
201543P042035,1,9,0,18,0,0,2,0,7,0,4,1,6,1,20,4,-1,-1,-1,-1,3,-1
201543P042035,2,9,0,13,0,0,0,0,0,0,0,1,6,3,-1,-1,-1,-1,-1,-1,-1,-1
201543P042035,3,1,0,18,0,0,0,0,0,0,0,1,6,3,-1,-1,-1,-1,-1,-1,-1,-1
201543P042095,1,1,0,18,0,0,0,0,0,0,1,1,6,1,24,5,-1,-1,-1,-1,1,-1
201543P042095,2,9,0,13,0,0,0,0,0,0,4,1,6,3,-1,-1,-1,-1,-1,-1,-1,-1
201543P042115,1,9,0,18,0,0,0,0,0,0,1,1,6,3,-1,-1,1598,1,7,-1,-1,-1
201543P042115,2,97,0,18,0,0,0,0,0,0,1,1,6,1,-1,-1,108,1,-1,-1,-1,-1
201543P043025,1,9,0,18,0,1,0,0,0,0,1,1,6,1,-1,-1,5935,1,2,-1,-1,-1
201543P043025,2,9,0,8,0,1,0,0,0,0,2,1,6,2,35,6,2261,1,9,-1,1,-1
201543P043075,1,9,0,18,0,8,0,0,0,0,2,1,6,2,-1,-1,2199,2,4,-1,1,-1
201543P043075,2,9,0,18,0,1,0,0,0,0,1,1,6,2,48,8,1870,2,3,-1,3,-1
201543P043075,3,21,0,9,0,2,0,0,0,0,0,1,6,1,-1,-1,-1,-1,-1,-1,-1,-1
201543P043085,1,9,0,17,0,0,5,0,2,10,4,1,6,1,27,6,-1,-1,-1,-1,3,-1
201543P043095,1,9,0,6,0,2,0,0,0,0,1,1,6,1,26,6,1395,1,2,-1,-1,-1
201543P043095,2,3,0,18,0,2,0,0,0,0,1,1,6,1,29,6,-1,-1,-1,-1,-1,-1
201543P043105,1,98,0,9,0,5,0,0,0,0,1,1,6,1,30,6,-1,-1,-1,-1,-1,-1
201543P043105,2,1,0,15,0,8,1,0,0,0,1,1,6,1,19,4,-1,-1,-1,-1,1,-1
201543P043105,3,11,0,18,0,1,0,0,0,0,0,1,1,3,-1,-1,-1,-1,-1,-1,-1,-1
201543P044015,1,9,0,18,0,8,0,0,0,0,0,1,1,1,45,7,-1,-1,-1,-1,1,-1
201543P044015,2,9,0,18,0,8,0,0,0,0,1,1,6,1,29,6,4172,1,17,-1,1,-1
201543P044015,3,9,0,10,0,1,0,0,0,0,2,1,6,1,48,8,1398,1,1,-1,-1,-1
201543P044055,1,9,0,9,0,6,0,0,0,0,1,1,6,2,64,9,-1,-1,-1,-1,1,-1
201543P044055,2,1,0,18,0,8,0,0,0,0,1,1,2,1,40,7,-1,-1,-1,-1,1,-1
201543P044105,1,1,0,18,0,8,0,0,0,0,1,1,4,1,13,3,-1,-1,-1,-1,-1,-1
201543P044105,2,19,0,9,0,6,0,0,0,0,3,1,1,1,48,8,2198,2,1,-1,3,-1
201543P044125,1,9,0,18,0,0,0,0,0,0,3,1,6,3,-1,-1,-1,-1,-1,-1,-1,-1
201543P044125,2,19,0,18,0,0,0,0,0,0,3,1,2,1,28,6,-1,-1,-1,-1,3,-1
201543P045025,1,9,0,8,0,1,0,0,0,0,1,1,6,2,36,7,1598,2,3,-1,1,-1
201543P045025,2,9,0,8,0,1,0,0,0,0,2,1,6,1,-1,-1,2993,2,-1,-1,1,-1
201543P045025,3,9,0,12,0,1,0,0,0,0,0,1,6,1,67,10,1598,2,3,-1,1,-1
201543P045035,1,9,0,16,0,0,0,0,0,0,3,1,6,1,21,5,-1,-1,-1,-1,3,-1
201543P045035,2,9,0,17,0,0,0,0,0,0,3,1,6,1,57,9,1798,1,8,-1,3,-1
201543P045055,1,9,0,18,0,1,0,0,0,0,1,1,6,2,39,7,1598,2,3,-1,2,-1
201543P045055,2,9,0,3,0,1,0,0,0,0,2,1,6,2,44,7,2979,1,14,-1,1,-1
201543P045095,1,9,0,9,0,6,0,0,0,0,1,1,1,1,60,9,1797,8,-1,-1,1,-1
201543P045095,2,1,0,18,0,8,0,0,0,0,4,1,6,2,24,5,-1,-1,-1,-1,-1,-1
201543P046065,1,9,0,2,6,0,0,0,0,0,3,1,6,1,25,5,1461,2,9,-1,1,-1
201543P046065,2,1,0,18,4,0,0,8,0,0,1,1,6,1,16,4,-1,-1,-1,-1,1,-1
201543P046095,1,9,0,18,0,5,0,0,0,0,1,1,3,2,34,6,1598,1,2,-1,1,-1
201543P046105,1,4,0,17,0,0,0,0,1,9,1,1,2,1,23,5,125,1,9,-1,1,-1
201543P046105,2,9,0,17,0,0,0,0,0,0,4,1,2,1,25,5,1968,2,3,-1,1,-1