Accident_Index,Vehicle_Reference,Vehicle_Type,Towing_and_Articulation,Vehicle_Manoeuvre,Vehicle_Location-Restricted_Lane,Junction_Location,Skidding_and_Overturning,Hit_Object_in_Carriageway,Vehicle_Leaving_Carriageway,Hit_Object_off_Carriageway,1st_Point_of_Impact,Was_Vehicle_Left_Hand_Drive?,Journey_Purpose_of_Driver,Sex_of_Driver,Age_of_Driver,Age_Band_of_Driver,Engine_Capacity_(CC),Propulsion_Code,Age_of_Vehicle,Driver_IMD_Decile,Driver_Home_Area_Type,Vehicle_IMD_Decile
201543P132115,1,9,0,4,0,1,0,0,0,0,1,1,6,2,25,5,-1,-1,-1,-1,1,-1
201543P132115,2,9,0,10,0,1,0,0,0,0,2,1,6,1,37,7,1995,2,5,-1,1,-1
201543P132115,3,9,0,3,0,1,0,0,0,0,2,1,6,2,32,6,2688,2,12,-1,1,-1
201543P133035,1,9,0,9,0,6,0,0,0,0,3,1,6,1,67,10,1998,2,10,-1,2,-1
201543P133035,2,19,0,18,0,8,0,0,0,0,1,1,1,1,25,5,-1,-1,-1,-1,1,-1
201543P133065,1,19,0,13,0,0,0,0,0,0,4,1,6,3,-1,-1,1998,2,9,-1,-1,-1
201543P133065,2,1,0,18,0,0,0,0,0,0,3,1,6,1,48,8,-1,-1,-1,-1,2,-1
201543P133115,1,9,0,18,0,1,0,0,0,0,0,1,1,1,86,11,-1,-1,-1,-1,3,-1
201543P133115,2,9,0,18,0,1,0,0,0,0,0,1,1,1,68,10,1388,1,3,-1,3,-1
201543P134015,1,9,0,13,0,0,0,0,0,0,0,1,6,3,-1,-1,-1,-1,-1,-1,-1,-1
201543P134015,2,1,0,18,0,0,0,4,0,0,4,1,6,2,33,6,-1,-1,-1,-1,1,-1
201543P134015,3,9,0,2,0,0,0,0,0,0,3,1,6,2,45,7,1560,2,6,-1,1,-1
201543P134025,1,97,0,18,0,4,2,9,0,0,1,1,6,1,20,4,645,1,1,-1,3,-1
201543P134035,1,20,0,6,7,5,0,0,0,0,3,1,1,1,26,6,4461,2,3,-1,1,-1
201543P134035,2,5,0,13,5,7,0,0,0,0,4,1,6,1,58,9,805,1,14,-1,1,-1
201543P134105,1,9,0,9,0,5,0,0,7,0,2,1,6,1,62,9,2143,2,5,-1,1,-1
201543P134105,2,9,0,18,0,1,1,0,0,0,1,1,6,1,22,5,1587,1,14,-1,3,-1
201543P135025,1,9,0,18,0,1,1,0,1,2,1,1,6,1,22,5,-1,-1,-1,-1,1,-1
201543P135035,1,9,0,9,0,5,0,0,0,0,1,1,1,2,30,6,1368,1,11,-1,-1,-1
201543P135055,1,9,0,18,0,0,0,0,0,0,0,1,1,1,34,6,2400,2,1,-1,-1,-1
201543P135055,2,9,0,18,0,0,1,0,0,0,0,1,6,1,34,6,1999,1,14,-1,1,-1
201543P135055,3,21,1,4,0,0,0,0,0,0,0,1,1,1,45,7,12740,2,3,-1,1,-1
201543P135075,1,9,0,17,0,0,1,0,7,3,4,1,6,1,44,7,1753,2,14,-1,1,-1
201543P135095,1,9,0,3,0,0,0,0,0,0,2,1,6,2,60,9,1560,2,2,-1,3,-1
201543P135095,2,9,0,18,0,0,0,0,0,0,1,1,1,1,-1,-1,1984,1,19,-1,2,-1
201543P135105,1,9,0,9,0,6,0,0,0,0,3,1,6,2,61,9,1685,2,3,-1,3,-1
201543P135105,2,9,0,18,0,8,0,0,0,0,1,1,6,2,28,6,1198,1,9,-1,1,-1
201543P135125,1,19,0,18,0,0,2,0,1,9,1,1,1,1,46,8,2499,2,1,-1,-1,-1
201543P136015,1,9,0,17,0,0,0,0,0,0,1,1,6,3,-1,-1,-1,-1,-1,-1,-1,-1
201543P136015,2,1,0,17,0,0,0,0,1,0,2,1,6,2,34,6,-1,-1,-1,-1,1,-1
201543P136035,1,1,0,9,0,8,1,0,3,10,1,1,6,1,35,6,-1,-1,-1,-1,1,-1
201543P136035,2,11,0,7,0,8,0,0,0,0,1,1,1,1,60,9,-1,-1,-1,-1,-1,-1
201543P136055,1,9,0,18,0,6,0,0,0,0,4,1,2,1,58,9,-1,-1,-1,-1,1,-1
201543P136055,2,1,0,18,0,8,0,0,0,0,1,1,6,1,15,3,-1,-1,-1,-1,1,-1
201543P136085,1,9,0,4,0,0,1,0,0,0,1,1,1,3,34,6,1598,2,-1,-1,1,-1
201543P136085,2,9,0,4,0,0,0,0,0,0,2,1,6,1,20,4,1398,1,4,-1,1,-1
201543P136085,3,9,0,4,0,0,0,0,0,0,2,1,6,3,29,6,1968,2,-1,-1,-1,-1
201543P136095,1,21,1,2,6,0,0,0,0,0,3,1,6,1,40,7,-1,-1,-1,-1,-1,-1
201543P136095,2,1,0,18,5,0,0,8,0,0,1,1,1,1,55,8,-1,-1,-1,-1,2,-1
201543P136115,1,9,0,9,0,5,0,0,0,0,1,1,6,1,28,6,1390,1,10,-1,1,-1
201543P136115,2,9,0,18,0,8,0,0,1,4,1,1,6,1,29,6,1896,2,12,-1,3,-1
201543P136115,3,9,0,18,0,1,0,0,0,0,1,1,6,1,25,5,1149,1,14,-1,1,-1
201543P136125,1,9,0,18,0,0,0,0,0,0,1,1,6,3,-1,-1,1984,1,7,-1,-1,-1
201543P136125,2,9,0,3,0,0,0,0,0,0,2,1,6,1,46,8,-1,-1,-1,-1,3,-1
201543P136125,3,9,0,3,0,0,0,0,0,0,3,1,6,3,-1,-1,-1,-1,-1,-1,-1,-1
201543P137025,1,9,0,18,0,0,1,0,0,0,1,1,2,1,38,7,1560,2,5,-1,1,-1
201543P137025,2,9,0,4,0,0,0,0,0,0,2,1,6,1,50,8,-1,-1,-1,-1,2,-1
201543P137065,1,9,0,18,0,0,2,0,1,9,3,1,2,2,18,4,1240,1,6,-1,3,-1
201543P137075,1,9,0,16,0,0,1,0,0,0,1,1,2,1,29,6,2494,1,16,-1,1,-1
201543P137075,2,9,0,17,0,0,0,0,0,0,1,1,6,2,43,7,1796,1,7,-1,1,-1
201543P137085,1,17,4,16,0,0,1,0,0,0,0,1,1,1,-1,-1,6788,2,1,-1,-1,-1
201543P137085,2,9,0,17,0,0,0,7,0,1,0,1,6,2,18,4,1390,1,3,-1,3,-1
201543P137105,1,9,0,9,0,6,0,0,0,0,0,1,6,1,55,8,1997,2,2,-1,1,-1
201543P137105,2,3,0,18,0,1,1,0,0,0,0,1,6,1,21,5,124,1,2,-1,3,-1
201543P137115,1,21,0,1,0,6,0,0,0,0,2,1,6,2,20,4,-1,-1,-1,-1,-1,-1
201543P137115,2,1,0,18,0,8,0,0,0,0,2,1,6,2,39,7,-1,-1,-1,-1,2,-1
201543P137115,3,19,0,2,0,2,0,0,0,0,0,1,1,3,-1,-1,-1,-1,-1,-1,-1,-1
201543P138015,1,9,0,4,0,0,5,4,0,0,1,1,6,1,75,10,1998,2,10,-1,3,-1
201543P138015,2,9,0,2,0,0,0,0,1,9,2,1,6,1,80,11,-1,-1,-1,-1,3,-1
201543P138025,1,9,0,9,0,8,0,0,0,0,1,1,2,2,53,8,1461,2,5,-1,3,-1
201543P138025,2,9,0,18,0,8,0,0,0,0,1,1,6,2,27,6,-1,-1,-1,-1,1,-1
201543P138035,1,3,0,18,0,1,0,0,0,0,1,1,6,1,35,6,124,1,6,-1,1,-1
201543P138035,2,9,0,9,0,5,0,0,0,0,4,1,6,2,46,8,1910,2,8,-1,3,-1
201543P138045,1,9,0,7,0,6,0,0,0,0,1,1,6,2,83,11,1389,1,21,-1,1,-1
201543P138045,2,9,0,18,0,1,0,0,0,0,1,1,6,2,25,5,1595,1,5,-1,-1,-1
201543P138075,1,9,0,18,0,0,0,0,5,6,1,1,6,1,83,11,1596,1,12,-1,1,-1
201543P138125,1,9,0,18,0,8,0,0,0,0,3,1,6,2,51,8,1598,1,6,-1,1,-1
201543P138125,2,1,0,17,0,8,0,0,0,0,4,1,6,1,25,5,-1,-1,-1,-1,1,-1
201543P139015,1,5,0,13,0,0,0,0,0,0,1,1,2,1,37,7,645,1,4,-1,2,-1
201543P139015,2,9,0,4,0,0,0,0,0,0,2,1,2,2,43,7,1242,1,3,-1,3,-1
201543P139025,1,9,0,13,0,0,1,0,2,11,4,1,6,1,82,11,1968,2,2,-1,3,-1
201543P139025,2,9,0,18,0,0,0,0,0,0,3,1,6,1,46,8,1995,2,1,-1,3,-1
201543P139035,1,9,0,18,0,2,0,0,0,0,4,1,6,2,27,6,1360,1,8,-1,1,-1
201543P139045,1,20,0,18,0,5,0,0,0,0,2,1,1,3,-1,-1,-1,-1,-1,-1,-1,-1
201543P139045,2,1,0,7,4,8,0,0,0,0,3,1,2,2,29,6,-1,-1,-1,-1,1,-1
201543P139105,1,9,0,17,0,0,0,0,0,0,1,1,6,2,24,5,1242,1,11,-1,1,-1
201543P139105,2,9,0,16,0,0,0,0,0,0,1,1,6,1,53,8,1968,2,7,-1,3,-1
201543P139125,1,9,0,7,0,6,0,0,0,0,3,1,6,2,42,7,1997,1,7,-1,1,-1
201543P139125,2,1,0,18,4,8,0,0,0,0,1,1,6,2,62,9,-1,-1,-1,-1,1,-1
201543P140015,1,9,0,18,0,2,1,0,0,0,1,1,6,1,19,4,-1,-1,-1,-1,3,-1
201543P140015,2,9,0,18,0,1,0,0,0,0,1,1,6,1,44,7,-1,-1,-1,-1,2,-1
201543P140025,1,9,0,18,0,0,0,0,0,0,1,1,6,2,27,6,1598,2,4,-1,2,-1
201543P140025,2,9,0,3,0,0,0,0,0,0,2,1,6,1,24,5,1951,2,15,-1,1,-1
201543P140045,1,9,0,18,0,1,0,0,0,0,1,1,6,2,22,5,-1,-1,-1,-1,1,-1
201543P140045,2,9,0,10,0,1,0,0,0,0,2,1,6,2,38,7,1598,1,14,-1,1,-1
201543P140065,1,9,0,9,0,6,0,0,0,0,1,1,6,1,20,4,1229,1,9,-1,2,-1
201543P140065,2,1,0,4,0,1,0,0,0,0,1,1,6,1,57,9,-1,-1,-1,-1,2,-1
201543P140085,1,9,0,16,0,0,2,0,1,9,1,1,2,2,24,5,-1,-1,-1,-1,1,-1
201543P140105,1,9,0,17,0,0,1,0,7,4,1,1,6,2,45,7,1598,1,12,-1,2,-1
201543P141015,1,11,0,4,0,1,0,0,0,0,1,1,1,1,42,7,6370,2,9,-1,1,-1
201543P141015,2,9,0,7,0,1,0,0,0,0,2,1,6,1,44,7,1798,1,9,-1,1,-1
201543P141025,1,9,0,9,0,5,0,0,0,0,1,1,6,1,36,7,-1,-1,-1,-1,1,-1
201543P141025,2,9,0,18,0,8,0,0,0,0,1,1,6,1,40,7,1968,2,9,-1,-1,-1
201543P141035,1,19,0,8,0,1,0,0,0,0,3,1,1,1,50,8,1995,2,2,-1,2,-1
201543P141045,1,9,0,13,0,0,0,0,0,0,4,1,6,1,-1,-1,1997,1,1,-1,2,-1
201543P141045,2,1,0,18,0,0,0,0,0,0,3,1,6,1,24,5,-1,-1,-1,-1,1,-1
201543P141085,1,9,0,5,0,0,0,0,0,0,3,1,6,2,-1,-1,-1,-1,-1,-1,-1,-1
201543P141085,2,1,0,18,0,0,0,0,0,0,4,1,6,1,55,8,-1,-1,-1,-1,1,-1
201543P141095,1,9,0,6,0,1,0,0,7,2,3,1,6,1,41,7,1560,2,1,-1,-1,-1
201543P141095,2,9,0,13,0,1,0,0,7,11,1,1,2,1,24,5,1198,1,8,-1,2,-1
201543P141105,1,9,0,18,0,8,0,0,0,0,1,1,1,1,30,6,-1,-1,-1,-1,1,-1
201543P141105,2,9,0,9,0,8,0,0,0,0,4,1,2,1,32,6,1991,1,15,-1,1,-1
201543P141115,1,9,0,9,0,8,0,0,0,0,0,1,1,1,-1,-1,-1,-1,-1,-1,1,-1
201543P141115,2,3,0,13,0,1,1,0,0,0,0,1,1,1,22,5,124,1,7,-1,1,-1
201543P142015,1,2,0,18,0,0,0,0,0,0,3,1,6,1,16,4,49,1,4,-1,1,-1
201543P142015,2,2,0,18,0,0,1,0,0,0,3,1,6,1,22,5,-1,-1,-1,-1,1,-1
201543P142025,1,9,0,13,0,0,0,0,5,6,3,1,6,1,44,7,-1,-1,-1,-1,1,-1
201543P142025,2,19,0,12,0,0,0,0,0,0,0,1,6,3,-1,-1,-1,-1,-1,-1,-1,-1
201543P142075,1,9,0,16,0,0,0,0,7,1,1,1,6,1,21,5,2143,2,3,-1,1,-1
201543P142105,1,9,0,5,0,2,0,0,0,0,1,1,6,1,60,9,2993,2,7,-1,3,-1
201543P142105,2,9,0,13,0,2,0,0,0,0,1,1,2,2,47,8,1242,1,4,-1,1,-1
201543P142115,1,9,0,9,0,5,0,0,0,0,4,1,6,2,24,5,1242,1,15,-1,1,-1
201543P142115,2,1,0,18,0,8,0,0,0,0,1,1,6,1,17,4,-1,-1,-1,-1,1,-1
201543P143025,1,9,0,18,0,0,0,0,1,4,1,1,1,1,63,9,-1,-1,-1,-1,1,-1
201543P143025,2,9,0,4,0,0,0,0,0,0,2,1,6,2,72,10,-1,-1,-1,-1,2,-1
201543P143025,3,9,0,4,0,0,0,0,0,0,2,1,6,1,78,11,1390,1,3,-1,1,-1
201543P143075,1,9,0,18,0,0,2,0,1,0,1,1,6,1,19,4,1364,1,11,-1,1,-1
201543P143115,1,9,0,18,0,4,2,9,3,10,1,1,6,1,29,6,2996,2,6,-1,1,-1
201543P144075,1,9,0,13,0,0,0,0,0,0,4,1,6,3,-1,-1,1598,2,2,-1,-1,-1
201543P144075,2,1,0,18,0,0,0,0,0,0,3,1,6,1,39,7,-1,-1,-1,-1,1,-1
201543P144075,3,9,0,14,0,0,0,0,0,0,0,1,6,3,-1,-1,-1,-1,-1,-1,-1,-1
201543P144075,4,9,0,2,0,0,0,0,0,0,0,1,6,3,-1,-1,-1,-1,-1,-1,-1,-1
201543P144095,1,9,0,9,0,6,0,0,0,0,1,1,2,2,40,7,998,1,1,-1,2,-1
201543P144095,2,9,0,18,0,8,0,0,1,11,4,1,6,1,24,5,1587,1,16,-1,2,-1
201543P144095,3,9,0,2,0,1,0,0,0,0,2,1,6,2,44,7,1296,1,8,-1,-1,-1
201543P145075,1,21,1,12,0,1,0,0,0,0,1,1,1,1,43,7,-1,-1,-1,-1,-1,-1
201543P145075,2,9,0,18,0,1,1,0,4,6,2,1,6,2,20,4,1388,1,8,-1,1,-1
201543P146035,1,9,0,5,0,4,0,0,0,0,1,1,2,2,45,7,1461,2,2,-1,1,-1
201543P146035,2,9,0,5,0,4,0,0,0,0,2,1,6,2,30,6,1910,2,11,-1,3,-1
201543P146045,1,21,0,2,4,1,0,0,0,0,3,1,1,1,50,8,-1,-1,-1,-1,1,-1
201543P146045,2,1,0,14,0,1,0,0,0,0,1,1,2,1,45,7,-1,-1,-1,-1,1,-1
201543P146055,1,19,0,9,0,8,0,0,0,0,4,1,1,1,53,8,1560,2,2,-1,1,-1
201543P146055,2,1,0,18,0,8,0,0,0,0,3,1,6,2,26,6,-1,-1,-1,-1,1,-1
201543P146075,1,9,0,18,0,0,0,0,0,0,4,1,6,3,-1,-1,1896,2,12,-1,-1,-1
201543P146115,1,19,0,18,0,0,0,0,0,0,1,1,1,1,30,6,1995,2,4,-1,3,-1
201543P146115,2,9,0,4,0,0,0,0,0,0,2,1,1,1,63,9,2993,2,9,-1,3,-1
201543P147035,1,9,0,9,0,6,0,0,0,0,3,1,6,2,35,6,-1,-1,-1,-1,3,-1
201543P147035,2,9,0,18,0,8,0,0,7,4,1,1,2,2,55,8,-1,-1,-1,-1,2,-1
201543P147075,1,3,0,13,0,1,0,0,0,0,4,1,6,1,19,4,-1,-1,-1,-1,3,-1
201543P147075,2,9,0,9,0,5,0,0,0,0,3,1,6,2,24,5,1242,1,8,-1,2,-1
201543P147115,1,9,0,18,0,8,0,0,7,0,3,1,6,2,66,10,1598,1,8,-1,3,-1
201543P147115,2,9,0,18,0,8,1,0,1,0,1,1,6,2,46,8,1598,2,-1,-1,2,-1
201543P147125,1,9,0,18,0,0,0,0,0,0,1,1,6,1,79,11,-1,-1,-1,-1,1,-1
201543P148045,1,9,0,14,0,0,0,0,0,0,4,1,6,1,60,9,-1,-1,-1,-1,-1,-1
201543P148065,1,9,0,18,0,4,0,0,0,0,1,1,6,3,-1,-1,998,1,10,-1,-1,-1
201543P148065,2,1,0,18,0,8,0,0,0,0,1,1,6,2,24,5,-1,-1,-1,-1,-1,-1
201543P148075,1,9,0,4,0,1,0,0,0,0,1,1,1,1,58,9,2290,1,18,-1,2,-1
201543P148075,2,9,0,4,0,1,0,0,0,0,2,1,6,1,67,10,1398,1,2,-1,2,-1
201543P148075,3,9,0,3,0,1,0,0,0,0,2,1,6,1,52,8,-1,-1,-1,-1,-1,-1
201543P148085,1,9,0,16,0,0,1,0,7,11,1,1,2,1,40,7,1596,1,12,-1,1,-1
201543P148125,1,9,0,9,0,4,0,0,0,0,1,1,6,1,63,9,2494,8,-1,-1,1,-1
201543P148125,2,1,0,9,0,8,0,0,0,0,4,1,6,1,32,6,-1,-1,-1,-1,1,-1
201543P149015,1,9,0,18,0,3,1,0,1,7,4,1,6,1,48,8,1360,1,14,-1,1,-1
201543P149075,1,9,0,18,0,0,0,0,1,4,1,1,6,2,68,10,1994,1,11,-1,3,-1
201543P149095,1,3,0,16,0,0,1,4,0,0,4,1,2,1,24,5,-1,-1,-1,-1,2,-1
201543P149095,2,9,0,2,0,0,0,0,0,0,3,1,6,3,-1,-1,-1,-1,-1,-1,-1,-1
201543P149105,1,9,0,9,0,6,0,0,0,0,1,1,1,1,30,6,-1,-1,-1,-1,1,-1
201543P149105,2,9,0,18,0,8,2,0,1,4,1,1,6,1,22,5,1590,1,13,-1,1,-1
201543P150045,1,9,0,7,0,8,0,0,0,0,4,1,6,3,-1,-1,1229,1,11,-1,-1,-1
201543P150045,2,1,0,18,0,8,0,0,0,0,1,1,2,2,41,7,-1,-1,-1,-1,1,-1
201543P150075,1,9,0,18,0,2,0,0,0,0,1,1,1,1,24,5,2996,1,7,-1,-1,-1
201543P150075,2,1,0,18,0,8,0,0,0,0,4,1,6,1,23,5,-1,-1,-1,-1,3,-1
201543P150085,1,9,0,16,0,0,2,10,7,9,3,1,6,2,19,4,1242,1,12,-1,2,-1
201543P150095,1,8,0,18,0,4,0,0,0,0,1,1,1,1,47,8,-1,-1,-1,-1,1,-1
201543P150095,2,1,0,18,0,8,0,0,0,0,1,1,6,1,30,6,-1,-1,-1,-1,1,-1
201543P151015,1,9,0,13,0,0,0,0,0,0,4,1,6,3,-1,-1,-1,-1,-1,-1,-1,-1
201543P151015,2,1,0,18,0,0,0,0,0,0,3,1,2,2,49,8,-1,-1,-1,-1,1,-1
201543P151085,1,9,0,9,0,8,0,0,0,0,0,1,6,2,-1,-1,-1,-1,-1,-1,-1,-1
201543P151085,2,1,0,18,0,1,0,0,0,0,0,1,6,1,38,7,-1,-1,-1,-1,3,-1
201543P151095,1,1,0,18,0,0,1,0,0,0,0,1,6,1,21,5,-1,-1,-1,-1,-1,-1
201543P152015,1,9,0,18,0,1,0,0,0,0,1,1,2,1,51,8,1497,8,11,-1,1,-1
201543P152015,2,1,0,9,0,8,0,0,0,0,2,1,6,1,-1,-1,-1,-1,-1,-1,-1,-1
201543P152035,1,9,0,9,0,5,0,0,0,0,1,1,6,1,24,5,1896,2,12,-1,1,-1
201543P152045,1,9,0,18,0,0,5,0,2,2,1,1,1,1,31,6,2521,1,5,-1,1,-1
201543P152095,1,9,0,6,0,1,0,0,0,0,3,1,6,1,46,8,1124,1,19,-1,1,-1
201543P152095,2,3,0,13,0,1,0,0,0,0,1,1,2,1,36,7,124,1,12,-1,1,-1
201543P153035,1,9,0,18,0,0,5,0,1,9,1,1,6,1,19,4,1422,2,12,-1,2,-1
201543P153105,1,11,0,5,0,1,0,0,0,0,1,1,1,1,43,7,3900,2,11,-1,1,-1
201543P154035,1,9,0,18,0,8,1,0,0,0,1,1,6,1,26,6,-1,-1,-1,-1,-1,-1
201543P154035,2,9,0,18,0,8,0,0,0,0,1,1,6,1,62,9,2179,2,4,-1,-1,-1
201543P154035,3,9,0,18,0,8,0,0,0,0,1,1,6,2,57,9,-1,-1,-1,-1,-1,-1
201543P154095,1,11,0,18,0,0,0,0,0,5,1,1,1,1,46,8,-1,-1,-1,-1,1,-1
201543P154115,1,9,0,17,0,1,2,0,1,11,4,1,1,2,20,4,1299,1,10,-1,2,-1
201543P155035,1,9,0,7,0,4,0,0,0,0,3,1,6,1,25,5,1800,1,16,-1,-1,-1
201543P155035,2,1,0,18,0,8,0,0,0,0,4,1,6,1,29,6,-1,-1,-1,-1,1,-1
201543P155045,1,9,0,7,0,8,0,0,0,0,4,1,6,1,61,9,1248,1,5,-1,1,-1
201543P155045,2,21,0,5,0,4,0,0,0,0,1,1,1,1,35,6,9290,2,3,-1,1,-1
201543P155095,1,9,0,1,0,0,0,0,0,0,2,1,6,3,-1,-1,-1,-1,-1,-1,-1,-1
201543P156015,1,2,0,4,0,0,1,0,0,0,3,1,1,1,31,6,124,1,9,-1,2,-1
201543P156035,1,9,0,18,0,6,0,0,0,0,3,1,6,1,42,7,1796,1,6,-1,1,-1
201543P156035,2,9,0,18,0,8,0,0,0,0,4,1,6,2,44,7,1242,1,6,-1,1,-1
201543P156045,1,3,0,18,0,1,0,0,0,0,1,1,6,1,24,5,124,1,2,-1,1,-1
201543P156045,2,9,0,10,0,1,0,0,0,0,2,1,6,1,57,9,1968,2,5,-1,1,-1
201543P157085,1,9,0,17,0,0,2,0,7,0,1,1,6,1,74,10,1360,1,9,-1,1,-1
201543P157115,1,9,0,18,0,8,0,0,0,0,1,1,1,2,19,4,1364,1,5,-1,3,-1
201543P157115,2,9,0,18,0,4,1,0,0,0,2,1,1,1,60,9,2290,1,14,-1,-1,-1
201543P158035,1,9,0,18,0,0,0,0,7,0,1,1,6,2,70,10,1598,1,13,-1,2,-1
201543P158035,2,9,0,18,0,0,0,0,0,0,3,1,6,1,51,8,1968,2,-1,-1,1,-1
201543P158035,3,9,0,18,0,0,0,0,1,0,1,1,6,2,24,5,-1,-1,-1,-1,1,-1
201543P158045,1,9,0,18,0,0,2,0,1,11,1,1,2,2,32,6,1388,1,7,-1,1,-1
201543P158115,1,2,0,4,0,1,1,0,0,0,3,1,6,1,38,7,-1,-1,-1,-1,1,-1
201543P159015,1,9,0,9,0,0,0,0,0,0,3,1,2,1,53,8,1596,1,14,-1,1,-1
201543P159015,2,5,0,13,0,0,0,0,0,0,4,1,2,1,49,8,1084,1,17,-1,1,-1
201543P159015,3,9,0,2,0,0,0,0,0,0,1,1,6,1,45,7,1997,2,13,-1,1,-1
201543P159085,1,9,0,17,0,0,1,0,7,9,1,1,2,1,20,4,-1,-1,-1,-1,1,-1
201543P159095,1,9,0,13,0,0,2,0,7,11,3,1,6,1,33,6,1796,1,14,-1,1,-1
201543P159095,2,9,0,13,0,0,1,0,7,9,4,1,6,1,40,7,2204,2,8,-1,1,-1
201543P159115,1,9,0,9,0,5,0,0,0,0,4,1,6,1,-1,-1,-1,-1,-1,-1,-1,-1
201543P159115,2,1,0,18,0,8,0,0,0,0,1,1,6,2,31,6,-1,-1,-1,-1,1,-1
201543P160035,1,9,0,16,0,0,0,0,0,0,0,1,6,1,25,5,-1,-1,-1,-1,-1,-1
201543P160035,2,9,0,17,0,0,2,0,1,4,4,1,6,2,17,4,-1,-1,-1,-1,3,-1
201543P160075,1,9,0,13,0,0,0,0,0,0,4,1,6,1,70,10,2685,2,10,-1,-1,-1
201543P160075,2,1,0,18,0,0,0,0,0,0,3,1,6,1,45,7,-1,-1,-1,-1,1,-1
201543P160115,1,5,0,18,0,0,1,0,1,11,3,1,6,1,64,9,-1,-1,-1,-1,1,-1
201543P160125,1,9,0,9,0,1,0,0,0,0,3,1,6,1,35,6,1968,2,6,-1,-1,-1
201543P160125,2,1,0,3,0,1,0,0,0,0,1,1,6,1,29,6,-1,-1,-1,-1,1,-1
201543P161015,1,19,0,11,0,1,0,0,0,0,4,1,6,3,-1,-1,-1,-1,-1,-1,-1,-1
201543P161015,2,9,0,18,0,1,0,0,0,0,3,1,1,1,32,6,1995,2,3,-1,-1,-1
201543P161035,1,9,0,1,0,0,0,0,0,0,2,1,6,3,-1,-1,1364,1,7,-1,-1,-1
201543P161035,2,8,0,2,0,0,0,0,0,0,1,1,1,1,36,7,2231,2,7,-1,1,-1
201543P161065,1,9,0,18,0,4,0,0,0,0,1,1,6,2,76,11,1198,1,5,-1,2,-1
201543P161065,2,1,0,18,0,8,0,0,0,0,4,1,6,1,50,8,-1,-1,-1,-1,2,-1
201543P161085,1,9,0,16,0,0,0,0,0,0,1,1,6,1,59,9,1388,1,7,-1,-1,-1
201543P161085,2,9,0,17,0,0,1,0,0,0,1,1,6,1,68,10,1796,1,6,-1,3,-1
201543P162055,1,9,0,9,0,5,0,0,0,0,1,1,6,2,60,9,1242,1,6,-1,1,-1
201543P162055,2,1,0,7,0,7,0,0,0,0,1,1,6,1,33,6,-1,-1,-1,-1,1,-1
201543P162085,1,9,0,18,0,2,0,0,0,0,1,1,6,1,57,9,2497,2,17,-1,1,-1
201543P162105,1,5,0,18,0,8,0,0,0,0,1,1,6,2,54,8,903,1,7,-1,1,-1
201543P162105,2,9,0,18,0,8,0,0,0,0,2,1,6,1,54,8,-1,-1,-1,-1,1,-1
201543P162115,1,9,0,5,0,4,0,0,0,0,3,1,6,2,55,8,2461,2,17,-1,1,-1
201543P162115,2,5,0,18,0,8,0,0,0,0,4,1,6,1,47,8,1170,1,-1,-1,2,-1
201543P162125,1,9,0,3,0,0,0,0,0,0,4,1,6,3,-1,-1,-1,-1,-1,-1,-1,-1
201543P162125,2,1,0,15,4,0,0,8,0,0,1,1,1,2,37,7,-1,-1,-1,-1,1,-1
201543P163015,1,4,0,4,0,0,1,0,0,0,4,1,6,2,29,6,125,1,4,-1,1,-1
201543P163035,1,9,0,16,0,0,1,0,1,1,1,1,6,1,42,7,1360,1,16,-1,2,-1
201543P163045,1,9,0,2,0,0,0,0,0,0,3,1,6,2,-1,-1,-1,-1,-1,-1,-1,-1
201543P163045,2,1,0,14,0,0,0,8,0,0,1,1,2,1,31,6,-1,-1,-1,-1,1,-1
201543P163085,1,9,0,16,0,0,0,0,0,0,1,1,6,2,87,11,1390,1,17,-1,3,-1
201543P163085,2,9,0,3,0,0,0,0,0,0,2,1,1,2,37,7,1968,2,1,-1,1,-1
201543P164045,1,9,0,7,0,6,0,0,0,0,3,1,1,1,39,7,-1,-1,-1,-1,1,-1
201543P164045,2,1,0,18,0,8,0,0,0,0,1,1,6,1,37,7,-1,-1,-1,-1,1,-1
201543P164065,1,9,0,13,0,0,0,0,0,0,1,1,1,1,65,9,2143,2,-1,-1,-1,-1
201543P164065,2,1,0,18,0,0,0,0,0,0,2,1,6,1,34,6,-1,-1,-1,-1,1,-1
201543P164085,1,9,0,18,0,0,5,0,7,9,2,1,6,1,28,6,1997,2,14,-1,1,-1
201543P164105,1,11,0,4,0,0,0,0,0,0,0,1,1,1,-1,-1,4500,2,4,-1,-1,-1
201543P165025,1,9,0,17,0,1,1,0,7,10,1,1,2,1,24,5,1753,2,11,-1,3,-1
201543P165025,2,9,0,9,0,6,0,0,0,0,0,1,6,3,-1,-1,-1,-1,-1,-1,-1,-1
201543P165045,1,4,0,9,0,3,1,0,0,0,0,1,1,1,48,8,125,1,1,-1,1,-1
201543P165065,1,9,0,7,0,4,0,0,0,0,0,1,1,3,-1,-1,-1,-1,-1,-1,-1,-1
201543P165065,2,11,0,5,0,4,0,0,0,0,0,1,1,1,40,7,9000,2,6,-1,2,-1
201543P165085,1,19,0,18,0,0,0,0,0,0,0,1,1,1,63,9,1997,2,2,-1,1,-1
201543P165085,2,11,1,18,0,0,0,11,0,0,1,1,1,1,58,9,9000,2,3,-1,1,-1