Accident_Index,Vehicle_Reference,Vehicle_Type,Towing_and_Articulation,Vehicle_Manoeuvre,Vehicle_Location-Restricted_Lane,Junction_Location,Skidding_and_Overturning,Hit_Object_in_Carriageway,Vehicle_Leaving_Carriageway,Hit_Object_off_Carriageway,1st_Point_of_Impact,Was_Vehicle_Left_Hand_Drive?,Journey_Purpose_of_Driver,Sex_of_Driver,Age_of_Driver,Age_Band_of_Driver,Engine_Capacity_(CC),Propulsion_Code,Age_of_Vehicle,Driver_IMD_Decile,Driver_Home_Area_Type,Vehicle_IMD_Decile
201543P165095,1,9,0,18,0,0,2,4,0,0,4,1,1,1,46,8,1398,1,-1,-1,-1,-1
201543P165095,2,9,0,2,0,0,0,0,0,0,4,1,6,3,-1,-1,2496,2,13,-1,1,-1
201543P165105,1,9,0,12,0,0,1,0,4,6,1,1,2,1,24,5,1968,2,9,-1,1,-1
201543P165105,2,9,0,18,0,0,0,0,0,0,2,1,1,1,50,8,1968,2,2,-1,3,-1
201543P166025,1,9,0,18,0,0,0,0,1,0,1,1,2,2,31,6,-1,-1,-1,-1,1,-1
201543P166045,1,9,0,6,2,0,0,0,0,0,2,1,2,1,22,5,998,1,7,-1,1,-1
201543P166045,2,11,0,18,2,0,0,0,0,0,1,1,1,1,46,8,9000,2,1,-1,1,-1
201543P166055,1,11,0,18,0,1,0,0,0,0,1,1,1,1,61,9,10838,2,1,-1,1,-1
201543P166085,1,9,0,9,0,8,1,0,0,0,1,1,6,2,42,7,-1,-1,-1,-1,1,-1
201543P166085,2,19,0,18,0,8,0,0,0,0,1,1,6,1,69,10,1995,2,8,-1,3,-1
201543P166095,1,9,0,11,0,2,1,0,2,7,3,1,2,1,33,6,1300,1,11,-1,1,-1
201543P166095,2,21,1,18,0,2,0,0,0,0,1,1,1,1,47,8,12777,2,-1,-1,1,-1
201543P166105,1,11,0,10,0,1,0,0,0,0,0,1,1,3,-1,-1,-1,-1,-1,-1,-1,-1
201543P166105,2,9,0,18,0,1,0,0,0,0,0,1,6,1,47,8,-1,-1,-1,-1,-1,-1
201543P167025,1,9,0,16,0,1,0,0,1,0,3,1,6,1,85,11,-1,-1,-1,-1,-1,-1
201543P167025,2,9,0,17,0,2,0,0,0,0,3,1,2,1,32,6,1998,1,18,-1,1,-1
201543P167025,3,9,0,17,0,1,0,0,1,0,1,1,6,1,28,6,-1,-1,-1,-1,1,-1
201543P167045,1,1,0,18,0,8,0,0,1,2,1,1,6,1,14,3,-1,-1,-1,-1,1,-1
201543P167045,2,11,0,18,0,8,0,0,0,0,4,1,1,1,58,9,5900,2,8,-1,1,-1
201543P167055,1,8,0,1,0,0,0,0,0,0,2,1,6,1,45,7,-1,-1,-1,-1,-1,-1
201543P167055,2,9,0,2,0,0,0,0,0,0,0,1,6,1,31,6,1998,2,14,-1,1,-1
201543P167065,1,9,0,9,0,0,0,0,0,0,3,1,6,1,23,5,1598,1,9,-1,1,-1
201543P167065,2,1,0,13,0,0,0,0,0,0,3,1,6,1,39,7,-1,-1,-1,-1,1,-1
201543P167075,1,9,0,17,0,0,5,0,1,10,1,1,6,2,26,6,-1,-1,-1,-1,1,-1
201543P167115,1,9,0,14,0,1,0,0,0,0,1,1,6,2,19,4,-1,-1,-1,-1,1,-1
201543P168025,1,9,0,9,0,6,0,0,0,0,3,1,6,1,-1,-1,1798,8,3,-1,1,-1
201543P168025,2,1,0,18,0,8,0,0,0,0,1,1,6,2,22,5,-1,-1,-1,-1,1,-1
201543P168095,1,1,0,11,0,0,0,0,0,0,1,1,6,1,16,4,-1,-1,-1,-1,1,-1
201543P168095,2,8,0,18,0,0,0,0,0,0,3,1,6,2,31,6,1364,1,9,-1,3,-1
201543P168105,1,9,0,4,0,0,0,0,0,0,2,1,1,1,46,8,2268,2,-1,-1,1,-1
201543P168105,2,20,0,4,0,0,0,0,0,0,1,1,1,1,25,5,-1,-1,-1,-1,1,-1
201543P168115,1,9,0,4,0,1,0,0,0,0,1,1,6,1,24,5,1229,1,10,-1,1,-1
201543P168115,2,1,0,4,0,1,0,0,0,0,2,1,6,2,36,7,-1,-1,-1,-1,1,-1
201543P169015,1,9,0,9,0,5,0,0,0,0,4,1,2,2,67,10,1560,2,3,-1,2,-1
201543P169015,2,1,0,18,4,8,0,0,0,0,1,1,2,1,43,7,-1,-1,-1,-1,1,-1
201543P169065,1,9,0,9,0,6,0,0,0,0,1,1,6,1,-1,-1,2967,2,3,-1,1,-1
201543P169065,2,9,0,18,0,8,0,10,0,0,3,1,6,1,72,10,1395,1,2,-1,3,-1
201543P169075,1,9,0,17,0,1,0,0,1,10,1,1,6,1,35,6,1968,2,2,-1,2,-1
201543P169095,1,9,0,9,0,6,0,0,0,0,1,1,2,2,22,5,998,1,3,-1,3,-1
201543P169095,2,2,0,18,0,8,0,0,0,0,1,1,4,1,16,4,49,1,-1,-1,2,-1
201543P169105,1,9,0,5,0,0,0,0,0,0,1,1,2,2,37,7,2199,2,2,-1,1,-1
201543P169105,2,9,0,3,0,0,0,0,0,0,2,1,2,1,25,5,1499,2,-1,-1,-1,-1
201543P169105,3,3,0,3,0,0,0,0,0,0,2,1,2,1,17,4,124,1,7,-1,3,-1
201543P169105,4,9,0,3,0,0,0,0,0,0,2,1,2,2,40,7,1598,2,4,-1,1,-1
201543P169115,1,21,1,18,0,4,0,0,0,0,1,1,1,1,67,10,11967,2,2,-1,2,-1
201543P169115,2,2,0,18,0,8,0,0,0,0,1,1,6,1,17,4,49,1,3,-1,3,-1
201543P169125,1,9,0,18,0,0,0,0,7,0,1,1,6,1,23,5,-1,-1,-1,-1,1,-1
201543P170035,1,1,0,18,0,2,0,0,0,0,1,1,6,1,37,7,-1,-1,-1,-1,1,-1
201543P170035,2,9,0,3,0,2,0,0,0,0,2,1,1,1,50,8,-1,-1,-1,-1,1,-1
201543P170065,1,9,0,18,0,1,0,0,0,0,1,1,6,1,-1,-1,1995,2,12,-1,-1,-1
201543P170065,2,9,0,8,0,1,0,0,0,0,2,1,6,2,64,9,1598,1,13,-1,2,-1
201543P170075,1,5,0,18,0,1,0,0,0,0,1,1,6,1,58,9,891,1,24,-1,3,-1
201543P170075,2,19,0,18,0,1,0,0,0,0,2,1,6,1,48,8,-1,-1,-1,-1,1,-1
201543P170095,1,9,0,16,0,0,1,0,1,10,1,1,2,1,24,5,1796,1,13,-1,1,-1
201543P170105,1,8,0,4,0,0,0,0,0,0,1,1,1,1,55,8,2664,2,16,-1,1,-1
201543P170105,2,9,0,3,0,0,0,0,0,0,2,1,6,1,40,7,1998,1,15,-1,3,-1
201543P170105,3,9,0,3,0,0,0,0,0,0,2,1,6,1,65,9,1998,1,18,-1,1,-1
201543P170115,1,9,0,18,0,0,0,0,0,0,1,1,6,1,61,9,1598,1,8,-1,3,-1
201543P170115,2,1,0,18,0,0,0,0,0,0,3,1,6,1,13,3,-1,-1,-1,-1,1,-1
201543P170125,1,20,0,18,0,0,0,0,1,1,1,1,1,1,56,9,5193,2,3,-1,3,-1
201543P171015,1,20,0,7,0,6,0,0,0,0,4,1,1,1,35,6,-1,-1,-1,-1,-1,-1
201543P171015,2,1,0,18,5,8,1,0,0,0,1,1,2,1,25,5,-1,-1,-1,-1,1,-1
201543P171025,1,9,0,4,0,0,0,0,0,0,1,1,6,2,73,10,1248,1,5,-1,1,-1
201543P171025,2,9,0,4,0,0,0,0,0,0,2,1,6,1,47,8,1781,1,11,-1,1,-1
201543P171035,1,9,0,18,0,0,0,0,0,0,3,1,6,2,45,7,-1,-1,-1,-1,-1,-1
201543P171045,1,9,0,18,0,0,0,0,0,0,1,1,6,2,-1,-1,1999,1,4,-1,3,-1
201543P171045,2,9,0,18,0,0,0,0,1,10,2,1,6,2,21,5,1388,1,5,-1,1,-1
201543P171045,3,9,0,4,0,0,0,0,0,0,0,1,6,3,-1,-1,-1,-1,-1,-1,-1,-1
201543P171055,1,9,0,9,0,8,0,0,0,0,3,1,6,2,62,9,1769,1,16,-1,1,-1
201543P171055,2,1,0,18,4,1,0,0,0,0,1,1,6,1,23,5,-1,-1,-1,-1,1,-1
201543P171095,1,19,0,4,0,0,0,0,0,0,2,1,2,1,28,6,2148,2,11,-1,1,-1
201543P171095,2,19,0,4,0,0,0,0,0,0,1,1,2,1,27,6,1686,2,11,-1,1,-1
201543P171105,1,3,0,7,0,2,0,0,0,0,1,1,6,1,21,5,124,1,5,-1,1,-1
201543P171105,2,9,0,10,0,1,0,0,0,0,1,1,3,2,48,8,2926,2,13,-1,1,-1
201543P172035,1,9,0,1,0,1,0,0,0,0,2,1,6,1,40,7,1685,2,-1,-1,2,-1
201543P172075,1,9,0,17,0,0,1,0,2,11,1,1,2,1,29,6,1998,1,15,-1,1,-1
201543P172075,2,9,0,16,0,0,0,0,1,9,1,1,2,2,53,8,1995,2,2,-1,2,-1
201543P172095,1,21,0,18,0,0,0,0,0,0,1,1,6,1,54,8,8867,2,7,-1,1,-1
201543P172095,2,9,0,18,0,0,0,0,0,0,2,1,6,1,85,11,1968,2,4,-1,1,-1
201543P172095,3,9,0,18,0,0,0,0,0,0,2,1,6,2,47,8,1461,2,5,-1,1,-1
201543P173015,1,9,0,13,0,0,0,0,0,0,3,1,6,1,-1,-1,-1,-1,-1,-1,-1,-1
201543P173015,2,9,0,18,0,0,0,0,0,0,4,1,2,1,23,5,2000,2,11,-1,1,-1
201543P173055,1,9,0,18,0,4,0,0,0,0,1,1,6,2,31,6,1686,2,1,-1,1,-1
201543P173055,2,1,0,18,0,8,0,0,0,0,4,1,6,2,28,6,-1,-1,-1,-1,1,-1
201543P173075,1,21,0,18,0,8,0,0,0,0,1,1,1,1,49,8,11946,2,7,-1,1,-1
201543P173075,2,1,0,18,0,8,0,0,1,0,2,1,6,1,23,5,-1,-1,-1,-1,-1,-1
201543P173125,1,19,0,18,0,0,5,0,5,4,1,1,1,1,39,7,1461,2,5,-1,2,-1
201543P174025,1,9,0,18,0,0,0,0,0,0,4,1,6,2,20,4,1968,2,9,-1,1,-1
201543P174055,1,9,0,18,0,8,0,0,0,0,4,1,6,1,37,7,1896,2,12,-1,1,-1
201543P174055,2,1,0,18,0,4,0,0,0,0,1,1,6,2,42,7,-1,-1,-1,-1,1,-1
201543P174065,1,9,0,18,0,0,0,0,0,0,1,1,6,1,25,5,1995,2,6,-1,-1,-1
201543P174065,2,9,0,18,0,0,0,0,0,0,2,1,6,1,43,7,1956,2,-1,-1,1,-1
201543P174075,1,5,0,16,0,0,1,0,4,6,3,1,6,1,31,6,599,1,17,-1,1,-1
201543P174105,1,19,0,5,0,0,0,8,0,0,1,1,6,1,33,6,2402,2,13,-1,2,-1
201543P174105,2,9,0,2,0,0,0,0,0,0,4,1,6,2,46,8,1968,2,2,-1,3,-1
201543P174125,1,9,0,18,0,0,0,0,0,0,1,1,6,1,29,6,1390,1,15,-1,1,-1
201543P174125,2,9,0,2,0,0,0,0,0,0,2,1,6,1,51,8,1910,2,6,-1,1,-1
201543P175015,1,9,0,17,0,0,1,0,0,0,1,1,2,2,20,4,998,1,12,-1,2,-1
201543P175015,2,9,0,16,0,0,0,0,0,0,1,1,3,2,50,8,2993,2,2,-1,2,-1
201543P175025,1,9,0,18,0,0,0,0,0,0,1,1,6,1,31,6,1596,1,12,-1,1,-1
201543P175025,2,5,0,3,0,0,0,0,0,0,2,1,6,1,46,8,599,1,2,-1,2,-1
201543P175055,1,9,0,18,0,0,1,0,1,4,3,1,6,2,22,5,1349,1,4,-1,1,-1
201543P175065,1,5,0,16,0,5,1,0,3,1,1,1,6,1,62,9,645,1,13,-1,1,-1
201543P176015,1,5,0,18,0,0,0,0,1,0,1,1,1,1,35,6,645,1,3,-1,1,-1
201543P176015,2,9,0,18,0,0,0,0,0,0,2,1,1,2,34,6,1968,2,1,-1,3,-1
201543P176055,1,9,0,14,0,0,0,0,0,0,4,1,6,1,-1,-1,1781,1,12,-1,-1,-1
201543P176055,2,90,0,2,0,0,0,0,0,0,0,1,1,3,-1,-1,-1,-1,-1,-1,-1,-1
201543P176065,1,1,0,18,0,0,0,0,0,0,0,1,6,1,38,7,-1,-1,-1,-1,-1,-1
201543P176075,1,19,0,17,0,0,0,0,0,0,3,1,1,1,23,5,1870,2,13,-1,2,-1
201543P176075,2,9,0,16,0,0,1,0,0,0,3,1,1,2,47,8,1587,1,12,-1,1,-1
201543P176105,1,9,0,18,0,0,0,0,0,0,1,1,6,2,20,4,998,1,11,-1,1,-1
201543P176105,2,9,0,4,0,0,0,0,0,0,2,1,2,1,56,9,-1,-1,-1,-1,3,-1
201543P176115,1,9,0,9,0,3,0,0,0,0,1,1,2,2,34,6,1332,1,17,-1,1,-1
201543P176115,2,4,0,18,0,1,1,0,0,0,1,1,2,1,22,5,498,1,16,-1,1,-1
201543P177035,1,11,0,7,0,1,0,0,0,0,3,1,1,1,-1,-1,900,2,5,-1,1,-1
201543P177035,2,1,0,3,0,1,0,0,0,0,2,1,6,1,24,5,-1,-1,-1,-1,1,-1
201543P177045,1,11,0,5,0,4,0,0,0,0,0,1,1,1,29,6,4760,2,2,-1,1,-1
201543P177045,2,1,0,18,0,8,0,0,0,0,0,1,6,3,-1,-1,-1,-1,-1,-1,-1,-1
201543P177065,1,9,4,18,0,0,0,0,0,0,1,1,6,1,-1,-1,-1,-1,-1,-1,-1,-1
201543P177065,2,1,0,3,0,0,0,0,0,0,2,1,6,1,39,7,-1,-1,-1,-1,1,-1
201543P177085,1,9,0,7,0,8,0,0,0,0,3,1,6,1,20,4,1998,1,7,-1,1,-1
201543P177085,2,1,0,18,0,1,0,0,0,0,1,1,6,1,56,9,-1,-1,-1,-1,3,-1
201543P177105,1,19,0,18,0,0,0,0,1,11,1,1,1,1,34,6,-1,-1,-1,-1,-1,-1
201543P177125,1,9,0,18,0,8,5,4,1,1,1,1,6,1,19,4,1149,1,11,-1,3,-1
201543P177125,2,9,0,3,0,1,0,0,0,0,2,1,6,2,52,8,1598,1,14,-1,1,-1
201543P178025,1,9,0,16,0,0,0,0,8,11,1,1,6,1,22,5,-1,-1,-1,-1,1,-1
201543P178075,1,9,0,18,0,0,1,0,2,6,1,1,6,1,33,6,1364,1,10,-1,1,-1
201543P178115,1,9,0,18,0,1,1,0,1,0,1,1,2,1,24,5,-1,-1,-1,-1,1,-1
201543P178115,2,21,1,9,7,5,0,0,0,0,2,1,1,1,51,8,12740,2,5,-1,2,-1
201543P178115,3,9,0,18,0,1,0,0,1,0,1,1,6,1,64,9,999,1,5,-1,1,-1
201543P178125,1,9,0,16,0,0,0,0,7,4,1,1,6,1,24,5,998,1,13,-1,3,-1
201543P179065,1,19,0,11,0,0,0,0,0,0,2,1,1,1,42,7,1248,2,4,-1,1,-1
201543P179065,2,5,0,18,0,0,1,0,0,0,1,1,6,1,23,5,781,1,17,-1,3,-1
201543P180025,1,9,0,4,0,0,0,0,0,0,4,1,6,1,52,8,-1,-1,-1,-1,-1,-1
201543P180025,2,1,0,18,0,0,0,0,0,0,3,1,6,1,19,4,-1,-1,-1,-1,-1,-1
201543P180035,1,5,0,18,0,0,1,7,0,0,4,1,6,1,53,8,782,1,4,-1,3,-1
201543P180035,2,90,0,18,0,0,0,0,0,0,3,1,6,2,55,8,-1,-1,-1,-1,3,-1
201543P180055,1,9,0,18,0,1,0,0,0,0,1,1,6,2,-1,-1,1399,2,6,-1,-1,-1
201543P180055,2,9,0,3,0,1,0,0,0,0,2,1,6,2,26,6,1199,1,13,-1,1,-1
201543P180065,1,9,0,4,0,0,0,0,0,0,0,1,6,1,33,6,1595,1,1,-1,2,-1
201543P180065,2,19,0,1,0,0,0,0,0,0,0,1,6,1,-1,-1,1686,2,6,-1,-1,-1
201543P180105,1,20,0,7,0,1,0,0,0,0,4,1,6,1,-1,-1,-1,-1,-1,-1,-1,-1
201543P180105,2,1,0,17,0,1,0,0,0,0,3,1,6,2,50,8,-1,-1,-1,-1,3,-1
201543P180115,1,9,0,9,0,5,0,0,0,0,1,1,6,2,81,11,1600,1,16,-1,1,-1
201543P180115,2,19,0,3,0,6,0,0,0,0,3,1,6,1,26,6,2143,2,-1,-1,3,-1
201543P180115,3,19,0,18,0,1,0,0,0,0,1,1,6,1,-1,-1,-1,-1,-1,-1,-1,-1
201543P180125,1,9,0,18,0,0,0,0,0,0,1,1,6,1,30,6,-1,-1,-1,-1,1,-1
201543P180125,2,9,0,11,0,0,0,0,0,0,2,1,6,1,23,5,1299,1,10,-1,1,-1
201543P180125,3,9,0,3,0,0,0,0,0,0,2,1,6,1,50,8,2993,2,1,-1,3,-1
201543P181025,1,9,0,7,0,5,0,0,0,0,3,1,1,2,42,7,1598,1,7,-1,1,-1
201543P181025,2,1,0,18,0,1,0,0,0,0,4,1,6,1,46,8,-1,-1,-1,-1,1,-1
201543P181035,1,9,0,7,0,6,0,0,0,0,0,1,6,1,60,9,1798,1,8,-1,1,-1
201543P181035,2,1,0,18,0,1,0,0,0,0,0,1,2,2,56,9,-1,-1,-1,-1,1,-1
201543P181045,1,8,0,18,0,2,0,0,0,0,1,1,1,1,43,7,1896,2,10,-1,2,-1
201543P182055,1,9,0,5,0,4,0,0,0,0,1,1,6,1,46,8,1598,1,12,-1,1,-1
201543P182055,2,1,0,18,0,3,0,0,0,0,2,1,6,1,20,4,-1,-1,-1,-1,3,-1
201543P182115,1,9,0,18,0,0,0,0,0,0,1,1,6,1,-1,-1,-1,-1,-1,-1,-1,-1
201543P182115,2,1,0,3,0,0,0,0,0,0,2,1,2,1,21,5,-1,-1,-1,-1,1,-1
201543P183015,1,9,0,18,0,1,0,0,0,0,1,1,6,2,26,6,1242,1,2,-1,1,-1
201543P183015,2,9,0,4,0,1,0,0,0,0,2,1,1,1,52,8,-1,-1,-1,-1,2,-1
201543P183015,3,9,0,9,0,5,0,0,0,0,2,1,6,2,33,6,1798,1,5,-1,1,-1
201543P183065,1,9,0,18,0,8,0,0,0,0,4,1,2,1,40,7,-1,-1,-1,-1,-1,-1
201543P183065,2,1,0,18,4,8,0,0,0,0,4,1,2,1,19,4,-1,-1,-1,-1,-1,-1
201543P183095,1,11,0,18,0,0,0,0,0,0,4,1,1,1,55,8,9360,2,5,-1,2,-1
201543P184025,1,19,0,6,0,0,0,0,0,0,2,1,1,1,49,8,1598,2,2,-1,1,-1
201543P184025,2,3,0,14,0,0,0,0,0,0,2,1,1,1,32,6,124,1,1,-1,1,-1
201543P184035,1,9,0,9,0,5,0,0,7,10,1,1,6,1,25,5,-1,-1,-1,-1,1,-1
201543P184045,1,9,0,7,0,3,0,0,0,0,1,1,6,1,-1,-1,2685,2,11,-1,1,-1
201543P184045,2,9,0,18,0,8,0,0,0,0,3,1,6,1,25,5,1349,1,1,-1,1,-1
201543P184065,1,9,0,18,0,6,0,0,0,0,1,1,6,1,25,5,-1,-1,-1,-1,-1,-1
201543P184065,2,9,0,18,0,8,1,0,0,0,4,1,2,2,24,5,1598,1,12,-1,1,-1
201543P184085,1,9,0,17,0,0,2,0,1,4,1,1,2,2,52,8,1598,2,1,-1,3,-1
201543P184095,1,19,0,18,0,6,0,0,0,0,2,1,1,1,49,8,2148,2,7,-1,1,-1
201543P184095,2,5,0,18,0,8,1,0,0,0,1,1,6,1,31,6,-1,-1,-1,-1,1,-1
201543P184105,1,9,0,18,0,0,0,0,7,4,1,1,6,1,31,6,1368,1,6,-1,1,-1
201543P185045,1,21,1,4,0,0,1,0,0,0,1,1,1,1,43,7,12809,2,2,-1,2,-1
201543P185045,2,9,0,4,0,0,0,0,0,0,2,1,6,1,43,7,1590,1,10,-1,2,-1
201543P185045,3,9,0,4,0,0,0,0,0,0,2,1,6,1,41,7,1686,2,11,-1,2,-1
201543P185065,1,11,0,16,0,3,0,0,0,0,0,1,1,1,33,6,9000,2,6,-1,-1,-1
201543P185115,1,22,0,18,0,0,0,0,0,0,1,1,6,1,87,11,-1,-1,-1,-1,1,-1
201543P185115,2,98,2,18,0,0,0,0,0,0,4,1,6,3,-1,-1,-1,-1,-1,-1,-1,-1
201543P185125,1,9,0,7,0,5,0,0,0,0,4,1,1,1,48,8,-1,-1,-1,-1,1,-1
201543P185125,2,1,0,5,9,8,0,0,0,0,1,1,4,1,13,3,-1,-1,-1,-1,1,-1
201543P186065,1,9,0,18,0,0,0,0,0,0,1,1,6,2,20,4,998,1,6,-1,1,-1
201543P186065,2,21,0,18,0,0,0,0,0,0,3,1,1,1,39,7,12900,2,4,-1,1,-1
201543P186125,1,9,0,7,0,4,0,0,0,0,3,1,6,1,59,9,1956,2,-1,-1,-1,-1
201543P186125,2,1,0,18,0,8,0,0,0,0,1,1,6,1,21,5,-1,-1,-1,-1,1,-1
201543P187025,1,9,0,18,0,0,0,0,1,9,4,1,2,2,26,6,-1,-1,-1,-1,3,-1
201543P187035,1,9,0,18,0,6,0,0,0,0,1,1,6,3,-1,-1,-1,-1,-1,-1,-1,-1
201543P187035,2,9,0,9,0,8,0,0,0,0,3,1,2,1,30,6,1600,1,16,-1,1,-1
201543P187055,1,9,0,18,0,0,0,0,0,0,1,1,6,1,-1,-1,1997,2,6,-1,-1,-1
201543P187055,2,9,0,4,0,0,0,0,0,0,2,1,6,2,24,5,1248,2,7,-1,1,-1
201543P187125,1,9,0,13,0,2,0,0,0,0,1,1,2,1,20,4,998,1,-1,-1,1,-1
201543P187125,2,21,0,18,0,1,0,0,7,0,1,1,1,1,41,7,12740,2,-1,-1,-1,-1
201543P187125,3,9,0,18,0,1,0,0,0,0,1,1,6,1,-1,-1,1896,2,7,-1,-1,-1
201543P187125,4,9,0,18,0,1,0,0,0,0,1,1,6,1,-1,-1,1868,2,15,-1,-1,-1
201543P188015,1,9,0,4,0,0,0,0,0,0,2,1,6,1,40,7,2987,2,8,-1,1,-1
201543P188015,2,9,0,18,0,0,0,0,0,0,1,1,6,2,19,4,1598,1,11,-1,1,-1
201543P188015,3,9,0,4,0,0,0,0,0,0,2,1,6,1,44,7,1598,2,2,-1,1,-1
201543P189025,1,9,0,9,0,8,0,0,0,0,1,1,2,1,30,6,1968,2,7,-1,1,-1
201543P189025,2,1,0,18,0,4,0,0,0,0,1,1,6,2,37,7,-1,-1,-1,-1,1,-1
201543P189035,1,19,0,18,0,1,0,0,0,0,4,1,1,1,45,7,1998,2,11,-1,3,-1
201543P189065,1,9,0,13,0,0,0,0,0,4,0,1,6,2,22,5,1995,2,10,-1,1,-1
201543P189065,2,5,0,12,0,0,0,0,0,0,3,1,6,1,46,8,1050,1,3,-1,1,-1
201543P189075,1,8,0,4,0,1,0,0,0,0,1,1,1,1,-1,-1,-1,-1,-1,-1,3,-1
201543P189075,2,9,0,3,0,1,0,0,0,0,2,1,2,2,47,8,1398,1,5,-1,1,-1
201543P189075,3,9,0,4,0,1,0,0,0,0,2,1,2,2,44,7,998,1,2,-1,3,-1
201543P189075,4,9,0,3,0,1,0,0,0,0,2,1,2,1,-1,-1,-1,-1,-1,-1,1,-1
201543P189105,1,9,0,18,0,4,0,0,0,0,1,1,6,1,-1,-1,-1,-1,-1,-1,-1,-1
201543P189105,2,1,0,9,0,8,0,0,0,0,4,1,6,2,21,5,-1,-1,-1,-1,1,-1
201543P190025,1,9,0,14,0,0,0,0,0,0,1,1,2,1,51,8,-1,-1,-1,-1,1,-1
201543P190025,2,9,0,16,0,0,0,0,1,0,1,1,2,1,23,5,1299,1,16,-1,3,-1
201543P190025,3,90,1,2,0,0,0,0,0,0,0,1,1,1,-1,-1,-1,-1,-1,-1,-1,-1
201543P190085,1,9,0,9,0,6,0,0,0,0,1,1,6,1,52,8,1998,2,10,-1,3,-1
201543P190085,2,9,0,18,0,1,0,0,0,0,3,1,6,2,65,9,1461,2,4,-1,3,-1
201543P191065,1,9,0,4,0,1,0,0,0,0,1,1,6,1,26,6,1910,2,8,-1,3,-1
201543P191065,2,9,0,3,0,4,0,0,0,0,2,1,6,1,71,10,1124,1,14,-1,1,-1
201543P191085,1,9,0,18,0,1,0,0,0,0,4,1,6,2,19,4,1149,1,14,-1,2,-1
201543P191085,2,9,0,7,0,8,0,0,0,0,4,1,6,2,25,5,1598,1,8,-1,2,-1
201543P191105,1,9,0,3,0,0,0,0,0,0,2,1,6,1,28,6,1796,1,12,-1,1,-1
201543P191105,2,9,0,4,0,0,0,0,0,0,2,1,6,1,52,8,1582,2,1,-1,1,-1
201543P191105,3,9,0,4,0,0,0,0,0,0,1,1,6,2,30,6,1461,2,7,-1,2,-1
201543P191115,1,9,0,18,0,0,0,0,0,0,1,1,6,2,45,7,1986,2,7,-1,-1,-1
201543P191115,2,9,0,3,0,0,0,0,0,0,2,1,6,1,28,6,998,1,18,-1,1,-1
201543P191115,3,19,0,18,0,0,0,0,0,0,0,1,1,3,-1,-1,-1,-1,-1,-1,-1,-1
201543P192045,1,3,0,9,0,5,0,0,0,0,3,1,6,1,19,4,124,1,3,-1,2,-1
201543P192045,2,9,0,17,0,1,0,0,1,10,3,1,6,1,43,7,1870,2,16,-1,3,-1
201543P192065,1,9,0,5,0,4,0,0,0,0,1,1,6,3,-1,-1,-1,-1,-1,-1,-1,-1
201543P192065,2,1,0,18,0,6,0,0,0,0,3,1,6,2,23,5,-1,-1,-1,-1,3,-1
201543P192075,1,5,0,18,0,1,0,0,0,0,1,1,6,1,21,5,-1,-1,-1,-1,-1,-1
201543P192075,2,9,0,3,0,1,0,0,0,0,2,1,6,1,38,7,-1,-1,-1,-1,1,-1
201543P192075,3,9,0,3,0,1,0,0,0,0,4,1,6,1,42,7,1997,2,3,-1,1,-1
201543P192125,1,9,0,9,0,3,1,0,0,0,4,1,6,2,57,9,1248,2,6,-1,1,-1
201543P192125,2,1,0,18,0,2,0,0,0,0,1,1,6,1,52,8,-1,-1,-1,-1,1,-1
201543P193015,1,9,0,16,0,0,2,0,1,9,3,1,6,1,20,4,-1,-1,-1,-1,2,-1
201543P193015,2,5,0,13,0,0,0,0,0,0,0,1,6,3,-1,-1,-1,-1,-1,-1,-1,-1
201543P193065,1,9,0,16,0,1,0,0,0,0,1,1,2,2,34,6,998,1,8,-1,2,-1
201543P193065,2,9,0,17,0,1,0,0,0,0,1,1,2,1,52,8,1968,2,-1,-1,1,-1
201543P193075,1,3,0,18,0,4,1,0,0,0,4,1,2,2,39,7,125,1,4,-1,1,-1
201543P193085,1,9,0,16,0,0,1,0,7,0,4,1,6,2,82,11,1598,1,10,-1,3,-1
201543P194015,1,9,0,18,0,1,0,0,0,0,1,1,6,1,43,7,-1,-1,-1,-1,1,-1
201543P194015,2,90,0,18,0,2,0,0,0,0,1,1,1,1,24,5,-1,-1,-1,-1,2,-1
201543P194035,1,9,0,2,0,0,0,0,7,4,1,1,2,2,33,6,1388,1,10,-1,2,-1
201543P194035,2,9,0,18,0,0,0,0,0,0,0,1,6,3,-1,-1,-1,-1,-1,-1,-1,-1
201543P194035,3,19,0,18,0,0,0,0,0,0,0,1,6,3,-1,-1,-1,-1,-1,-1,-1,-1
201543P194045,1,9,0,9,0,6,0,0,0,0,1,1,6,2,29,6,1595,1,9,-1,1,-1
201543P194045,2,1,0,18,0,1,0,0,0,0,1,1,6,1,27,6,-1,-1,-1,-1,1,-1
201543P194085,1,9,0,2,0,0,0,0,0,0,0,1,6,2,25,5,1229,1,10,-1,2,-1
201543P194085,2,1,0,18,0,0,0,0,0,0,0,1,6,1,54,8,-1,-1,-1,-1,-1,-1
201543P194115,1,9,0,17,0,8,0,0,0,0,1,1,6,3,70,10,1390,1,3,-1,-1,-1
201543P194115,2,1,0,9,0,8,0,0,0,0,3,1,6,1,25,5,-1,-1,-1,-1,1,-1
201543P195015,1,9,0,6,0,1,0,0,0,0,2,1,1,1,30,6,973,1,15,-1,-1,-1