Accident_Index,Vehicle_Reference,Vehicle_Type,Towing_and_Articulation,Vehicle_Manoeuvre,Vehicle_Location-Restricted_Lane,Junction_Location,Skidding_and_Overturning,Hit_Object_in_Carriageway,Vehicle_Leaving_Carriageway,Hit_Object_off_Carriageway,1st_Point_of_Impact,Was_Vehicle_Left_Hand_Drive?,Journey_Purpose_of_Driver,Sex_of_Driver,Age_of_Driver,Age_Band_of_Driver,Engine_Capacity_(CC),Propulsion_Code,Age_of_Vehicle,Driver_IMD_Decile,Driver_Home_Area_Type,Vehicle_IMD_Decile
201543P195015,2,21,0,13,0,1,0,0,0,0,1,1,1,1,31,6,-1,-1,-1,-1,1,-1
201543P195035,1,9,0,9,0,8,0,0,0,0,4,1,2,2,58,9,1998,1,11,-1,3,-1
201543P195035,2,1,0,15,4,1,0,0,0,0,1,1,2,1,53,8,-1,-1,-1,-1,1,-1
201543P195045,1,9,0,18,0,4,0,0,0,0,1,1,6,1,40,7,-1,-1,-1,-1,-1,-1
201543P195045,2,9,0,3,0,4,0,0,0,0,2,1,6,1,23,5,998,1,16,-1,2,-1
201543P195065,1,9,0,9,0,5,0,0,0,0,2,1,6,1,67,10,1560,2,5,-1,1,-1
201543P195065,2,5,0,13,0,1,0,0,0,0,1,1,6,1,56,9,1250,1,11,-1,1,-1
201543P195085,1,9,0,9,0,6,0,0,0,0,1,1,6,1,75,10,1242,1,11,-1,2,-1
201543P195085,2,9,0,17,0,1,0,0,0,0,2,1,6,2,44,7,1560,2,1,-1,1,-1
201543P195115,1,9,0,6,0,4,0,0,0,0,0,1,6,1,-1,-1,-1,-1,-1,-1,-1,-1
201543P195115,2,9,0,4,0,4,0,0,0,0,0,1,6,1,31,6,1596,1,13,-1,-1,-1
201543P195115,3,2,0,4,0,4,1,0,0,0,0,1,6,1,20,4,125,1,1,-1,1,-1
201543P196015,1,9,0,3,0,4,0,0,0,0,1,1,2,1,42,7,1798,1,13,-1,3,-1
201543P196015,2,1,0,9,0,8,0,0,0,0,4,1,2,1,30,6,-1,-1,-1,-1,2,-1
201543P196055,1,9,0,18,0,1,1,0,0,0,1,1,6,1,23,5,1124,1,13,-1,1,-1
201543P196055,2,9,0,3,0,1,0,0,0,0,2,1,6,1,21,5,1560,2,2,-1,1,-1
201543P196055,3,9,0,3,0,1,0,0,0,0,2,1,1,1,57,9,1796,1,7,-1,3,-1
201543P196075,1,5,0,18,0,1,0,0,0,0,1,1,1,1,42,7,805,1,16,-1,1,-1
201543P196075,2,19,0,18,0,1,0,0,0,0,2,1,1,1,44,7,1560,2,5,-1,-1,-1
201543P196075,3,9,0,9,0,5,0,0,0,0,0,1,6,3,-1,-1,-1,-1,-1,-1,-1,-1
201543P196095,1,1,0,18,0,0,0,0,1,1,0,1,6,1,61,9,-1,-1,-1,-1,1,-1
201543P196125,1,9,0,9,0,6,0,0,0,0,1,1,6,2,48,8,1992,2,10,-1,3,-1
201543P196125,2,3,0,18,0,8,0,0,0,0,1,1,6,1,18,4,124,1,14,-1,2,-1
201543P197015,1,9,0,16,0,0,2,0,0,0,1,1,2,1,22,5,-1,-1,-1,-1,3,-1
201543P197035,1,4,0,16,0,0,0,0,7,0,4,1,6,1,17,4,124,1,7,-1,2,-1
201543P197035,2,9,0,17,0,0,1,0,0,0,1,1,6,1,48,8,-1,-1,-1,-1,2,-1
201543P197035,3,9,0,2,0,0,0,0,0,0,2,1,6,2,35,6,1395,1,-1,-1,3,-1
201543P197075,1,9,0,18,0,0,0,4,1,0,1,1,6,2,46,8,1582,2,-1,-1,1,-1
201543P197075,2,9,0,3,0,0,0,0,0,0,2,1,6,1,66,10,998,1,2,-1,1,-1
201543P197075,3,9,0,3,0,0,0,0,0,0,2,1,6,1,25,5,-1,-1,-1,-1,1,-1
201543P197075,4,21,1,2,6,0,0,0,0,0,2,1,1,1,54,8,12777,2,5,-1,1,-1
201543P197085,1,9,0,18,0,1,0,0,0,0,1,1,6,1,-1,-1,-1,-1,-1,-1,-1,-1
201543P197085,2,9,0,3,0,1,0,0,0,0,2,1,1,1,49,8,-1,-1,-1,-1,1,-1
201543P197095,1,1,0,18,0,0,0,0,0,0,1,1,6,1,36,7,-1,-1,-1,-1,1,-1
201543P197095,2,19,0,14,0,0,0,0,0,0,1,1,1,1,29,6,1248,2,1,-1,1,-1
201543P197115,1,9,0,18,0,4,0,0,0,0,0,1,6,1,45,7,1994,1,16,-1,-1,-1
201543P197115,2,1,0,9,0,8,0,0,0,0,0,1,6,2,29,6,-1,-1,-1,-1,1,-1
201543P197125,1,9,0,18,0,1,1,0,0,0,1,1,6,1,22,5,-1,-1,-1,-1,3,-1
201543P197125,2,9,0,10,0,1,0,0,0,0,2,1,6,2,32,6,-1,-1,-1,-1,1,-1
201543P197125,3,9,0,18,0,2,0,0,0,0,3,1,6,2,29,6,1796,1,7,-1,-1,-1
201543P198035,1,9,0,18,0,4,2,9,7,1,1,1,6,1,29,6,-1,-1,-1,-1,2,-1
201543P198065,1,9,0,18,0,0,0,0,0,0,1,1,6,1,49,8,1598,1,10,-1,1,-1
201543P198065,2,9,0,2,0,0,0,0,0,0,2,1,6,2,20,4,1199,1,12,-1,1,-1
201543P198065,3,9,0,2,0,0,0,0,0,0,2,1,6,3,36,7,1242,1,-1,-1,1,-1
201543P198065,4,9,0,2,0,0,0,0,0,0,2,1,6,3,-1,-1,2997,1,15,-1,-1,-1
201543P198075,1,9,0,2,0,0,0,0,0,0,3,1,6,2,25,5,1229,1,2,-1,1,-1
201543P198075,2,1,0,16,0,0,0,8,0,0,1,1,2,1,53,8,-1,-1,-1,-1,1,-1
201543P198085,1,9,0,17,0,1,1,0,0,0,3,1,6,1,43,7,-1,-1,-1,-1,1,-1
201543P198085,2,9,0,16,0,2,1,0,1,11,3,1,6,1,71,10,2179,2,2,-1,3,-1
201543P199025,1,9,0,4,0,4,0,9,3,1,2,1,6,2,66,10,-1,-1,-1,-1,1,-1
201543P199025,2,9,0,18,0,4,0,0,0,0,1,1,6,2,40,7,1686,2,7,-1,1,-1
201543P199045,1,9,0,16,0,0,0,0,7,4,3,1,6,1,32,6,1598,1,10,-1,2,-1
201543P199075,1,2,0,9,0,5,0,0,0,0,1,1,2,1,16,4,50,1,9,-1,1,-1
201543P199075,2,9,0,18,0,8,0,0,0,0,1,1,6,1,64,9,1364,1,-1,-1,2,-1
201543P199105,1,9,0,14,0,1,0,0,0,0,1,1,6,2,22,5,1349,1,1,-1,1,-1
201543P200025,1,9,0,18,0,0,0,0,0,0,1,1,6,1,33,6,1896,2,10,-1,1,-1
201543P200025,2,9,0,18,0,0,0,0,1,7,2,1,6,1,51,8,-1,-1,-1,-1,1,-1
201543P200035,1,9,0,18,0,0,0,0,0,0,1,1,6,1,25,5,1339,1,4,-1,1,-1
201543P200035,2,9,0,18,0,0,0,0,0,0,2,1,2,1,58,9,698,1,10,-1,1,-1
201543P200045,1,9,0,18,0,0,1,0,0,0,1,1,1,1,43,7,1248,2,3,-1,1,-1
201543P200045,2,9,0,18,0,0,0,0,0,0,2,1,6,1,27,6,1896,2,12,-1,1,-1
201543P200065,1,9,0,18,0,0,2,0,1,4,1,1,6,1,26,6,1598,1,11,-1,-1,-1
201543P200075,1,9,0,18,0,0,0,0,0,0,4,1,6,3,-1,-1,-1,-1,-1,-1,-1,-1
201543P200075,2,1,0,2,0,0,0,0,0,0,3,1,6,2,72,10,-1,-1,-1,-1,1,-1
201543P200085,1,9,0,16,0,0,1,0,5,6,2,1,6,1,22,5,-1,-1,-1,-1,3,-1
201543P200125,1,9,0,18,0,3,1,0,0,0,1,1,6,1,32,6,-1,-1,-1,-1,1,-1
201543P200125,2,9,0,3,0,3,0,0,0,0,2,1,6,1,75,10,1386,1,5,-1,1,-1
201543P200125,3,9,0,3,0,3,0,0,0,0,2,1,6,2,25,5,1242,1,8,-1,1,-1
201543P200125,4,9,0,3,0,3,0,0,0,0,2,1,6,2,23,5,1560,2,10,-1,1,-1
201543P201015,1,9,0,9,0,5,0,0,0,0,1,1,6,2,18,4,-1,-1,-1,-1,2,-1
201543P201015,2,9,0,18,0,8,0,0,0,0,1,1,6,1,45,7,1298,1,12,-1,3,-1
201543P201025,1,9,0,13,0,0,0,0,0,0,4,1,6,1,41,7,2979,1,3,-1,2,-1
201543P201025,2,9,0,18,0,0,0,0,0,0,3,1,6,1,27,6,1781,1,17,-1,2,-1
201543P201035,1,9,0,9,0,6,0,0,0,0,1,1,1,1,47,8,1910,2,7,-1,2,-1
201543P201035,2,9,0,18,0,8,0,0,0,0,1,1,1,1,31,6,-1,-1,-1,-1,1,-1
201543P201055,1,9,0,13,0,0,0,0,0,0,4,1,6,2,54,8,1796,1,3,-1,1,-1
201543P201055,2,1,0,18,0,0,0,0,0,0,3,1,6,2,54,8,-1,-1,-1,-1,1,-1
201543P201065,1,9,0,17,0,0,1,0,1,4,1,1,6,1,19,4,1396,1,10,-1,2,-1
201543P201115,1,9,0,7,0,6,0,0,0,0,0,1,6,2,42,7,1461,2,1,-1,1,-1
201543P201115,2,1,0,18,0,8,1,0,0,0,0,1,6,2,46,8,-1,-1,-1,-1,1,-1
201543P202015,1,9,0,9,0,8,0,0,0,0,1,1,6,2,24,5,1598,1,10,-1,1,-1
201543P202015,2,1,0,18,0,8,0,0,0,0,3,1,4,1,13,3,-1,-1,-1,-1,1,-1
201543P202055,1,1,0,18,5,0,0,0,0,0,0,1,6,2,39,7,-1,-1,-1,-1,3,-1
201543P202085,1,9,0,1,0,2,0,8,0,0,2,1,6,1,-1,-1,-1,-1,-1,-1,-1,-1
201543P202085,2,9,0,2,0,2,0,0,0,0,3,1,6,1,47,8,1995,2,8,-1,1,-1
201543P203015,1,19,0,7,9,5,1,0,7,0,1,1,6,1,29,6,1753,2,8,-1,1,-1
201543P203015,2,1,0,4,9,1,0,0,0,0,1,1,6,1,22,5,-1,-1,-1,-1,1,-1
201543P203065,1,9,0,17,0,0,0,0,0,0,1,1,2,1,49,8,1200,1,-1,-1,1,-1
201543P203065,2,19,0,16,0,0,0,0,0,0,3,1,1,1,47,8,-1,-1,-1,-1,1,-1
201543P203085,1,9,0,17,0,2,1,0,7,0,1,1,6,1,19,4,1595,1,11,-1,1,-1
201543P203085,2,9,0,4,0,1,0,0,0,0,1,1,2,2,27,6,1598,2,-1,-1,1,-1
201543P203105,1,9,0,7,0,1,0,0,0,0,1,1,6,1,-1,-1,-1,-1,-1,-1,-1,-1
201543P203105,2,1,0,18,0,1,0,0,0,0,2,1,2,2,21,5,-1,-1,-1,-1,1,-1
201543P203125,1,9,0,18,0,0,0,0,0,0,1,1,6,1,44,7,-1,-1,-1,-1,1,-1
201543P203125,2,9,0,3,0,0,0,0,0,0,2,1,6,1,49,8,1560,2,1,-1,1,-1
201543P204015,1,9,0,9,0,6,0,0,0,0,1,1,2,2,50,8,-1,-1,-1,-1,2,-1
201543P204015,2,9,0,18,0,8,0,0,0,0,4,1,2,1,21,5,-1,-1,-1,-1,1,-1
201543P204035,1,21,0,1,0,1,0,0,0,0,2,1,1,1,54,8,-1,-1,-1,-1,1,-1
201543P204035,2,5,0,18,0,1,0,0,0,0,1,1,6,1,72,10,1140,1,2,-1,-1,-1
201543P204065,1,1,0,18,0,0,0,0,0,0,1,1,4,1,15,3,-1,-1,-1,-1,2,-1
201543P204125,1,9,0,18,0,4,0,0,0,0,4,1,2,2,31,6,1242,1,6,-1,1,-1
201543P204125,2,1,0,9,0,8,0,0,0,0,1,1,2,2,22,5,-1,-1,-1,-1,1,-1
201543P205015,1,9,0,9,0,6,0,0,0,0,1,1,6,1,50,8,-1,-1,-1,-1,1,-1
201543P205015,2,5,0,18,0,8,0,0,0,0,4,1,6,1,45,7,1157,1,15,-1,3,-1
201543P205085,1,19,0,7,0,6,0,0,0,0,3,1,1,1,46,8,1995,2,8,-1,-1,-1
201543P205085,2,1,0,18,4,8,0,0,0,0,1,1,2,1,36,7,-1,-1,-1,-1,1,-1
201543P205095,1,9,0,4,0,0,0,0,0,0,1,1,6,1,38,7,-1,-1,-1,-1,-1,-1
201543P205095,2,3,0,3,0,0,0,0,0,0,2,1,1,1,29,6,124,1,6,-1,3,-1
201543P205125,1,9,0,18,0,4,0,0,0,0,1,1,2,2,68,10,1329,1,3,-1,2,-1
201543P205125,2,1,0,18,0,3,0,0,0,0,4,1,2,1,61,9,-1,-1,-1,-1,2,-1
201543P206085,1,5,0,16,0,0,0,0,7,0,1,1,6,1,23,5,599,1,11,-1,1,-1
201543P206085,2,9,0,17,0,0,0,0,1,0,1,1,6,1,69,10,998,1,1,-1,2,-1
201543P206115,1,9,0,16,0,0,0,0,0,0,3,1,6,2,48,8,1242,1,9,-1,1,-1
201543P207015,1,9,0,9,0,5,0,0,0,0,0,1,6,1,45,7,2967,2,3,-1,1,-1
201543P207015,2,1,0,18,0,1,0,0,0,0,0,1,6,1,30,6,-1,-1,-1,-1,1,-1
201543P207025,1,9,0,6,0,0,0,0,0,0,3,1,6,1,40,7,1339,1,5,-1,1,-1
201543P207025,2,9,0,18,0,0,0,0,0,0,1,1,6,2,21,5,1149,1,9,-1,1,-1
201543P207035,1,9,0,18,0,4,0,0,0,0,1,1,2,2,42,7,1364,1,-1,-1,1,-1
201543P207035,2,9,0,3,0,4,0,0,0,0,2,1,2,2,26,6,875,1,3,-1,3,-1
201543P207065,1,9,0,13,0,0,1,0,4,6,2,1,2,2,54,8,1200,1,1,-1,1,-1
201543P207065,2,21,1,18,0,0,0,0,0,0,3,1,1,1,51,8,-1,-1,-1,-1,-1,-1
201543P207105,1,9,0,9,0,6,0,0,0,0,1,1,2,2,27,6,1596,1,5,-1,1,-1
201543P207105,2,1,0,14,0,8,0,0,0,0,1,1,2,2,25,5,-1,-1,-1,-1,-1,-1
201543P207105,3,11,0,3,0,2,0,0,0,0,0,1,1,3,-1,-1,-1,-1,-1,-1,-1,-1
201543P207115,1,9,0,18,0,4,0,0,0,0,4,1,6,1,90,11,1242,1,14,-1,1,-1
201543P207115,2,1,0,18,0,8,0,0,0,0,1,1,6,2,40,7,-1,-1,-1,-1,3,-1
201543P208025,1,9,0,9,0,6,0,0,0,0,3,1,6,1,57,9,998,1,13,-1,1,-1
201543P208025,2,3,0,18,0,8,0,0,0,0,1,1,6,1,29,6,124,1,1,-1,1,-1
201543P208065,1,9,0,9,0,6,0,0,0,0,3,1,6,1,82,11,2400,2,4,-1,3,-1
201543P208065,2,9,0,18,0,8,1,0,0,0,1,1,6,1,62,9,-1,-1,-1,-1,1,-1
201543P208075,1,9,0,11,0,0,5,0,0,0,4,1,6,1,19,4,1896,2,13,-1,1,-1
201543P208075,2,9,0,18,0,0,5,0,1,9,3,1,6,2,53,8,1560,2,1,-1,1,-1
201543P208075,3,8,0,18,0,0,0,0,0,0,1,1,2,1,41,7,1956,2,4,-1,1,-1
201543P208125,1,9,0,10,0,4,0,0,0,0,2,1,6,1,38,7,1686,2,3,-1,2,-1
201543P208125,2,9,0,18,0,4,0,0,0,0,1,1,6,1,24,5,1895,1,17,-1,1,-1
201543P209015,1,9,0,9,0,5,0,0,0,0,4,1,6,1,67,10,1998,2,8,-1,3,-1
201543P209015,2,9,0,18,0,8,0,0,0,0,1,1,2,2,49,8,1968,2,2,-1,3,-1
201543P209035,1,9,0,9,0,8,0,0,0,0,1,1,6,1,75,10,1898,2,12,-1,3,-1
201543P209035,2,11,0,18,0,1,0,0,0,0,1,1,1,1,49,8,-1,-1,-1,-1,1,-1
201543P209045,1,1,0,12,0,1,0,0,0,0,3,1,6,2,39,7,-1,-1,-1,-1,1,-1
201543P209045,2,9,0,16,0,1,0,0,0,0,4,1,1,1,39,7,-1,-1,-1,-1,2,-1
201543P209065,1,9,0,18,0,1,0,0,0,0,1,1,6,1,18,4,1149,1,15,-1,1,-1
201543P209065,2,9,0,3,0,1,0,0,0,0,2,1,6,2,25,5,1390,1,17,-1,1,-1
201543P209065,3,9,0,10,0,1,0,0,0,0,0,1,6,3,-1,-1,-1,-1,-1,-1,-1,-1
201543P209075,1,9,0,18,0,0,0,0,0,0,1,1,6,2,60,9,999,1,-1,-1,3,-1
201543P209075,2,9,0,3,0,0,0,0,0,0,2,1,6,1,33,6,-1,-1,-1,-1,1,-1
201543P209075,3,9,0,3,0,0,0,0,0,0,2,1,6,1,45,7,1798,1,9,-1,-1,-1
201543P209095,1,9,0,18,0,1,0,0,0,0,1,1,6,2,20,4,1796,1,8,-1,1,-1
201543P209095,2,8,0,3,0,1,0,0,0,0,2,1,6,1,49,8,1910,2,6,-1,2,-1
201543P209125,1,10,0,18,0,0,0,0,0,0,1,1,2,1,51,8,2402,2,11,-1,1,-1
201543P209125,2,19,0,10,0,0,0,0,0,0,2,1,2,1,37,7,1995,2,5,-1,2,-1
201543P209125,3,9,0,18,0,0,0,0,7,9,1,1,2,2,34,6,1797,8,-1,-1,2,-1
201543P210015,1,21,1,11,0,0,1,0,1,7,1,1,1,1,28,6,12902,2,1,-1,2,-1
201543P210015,2,21,1,4,0,0,0,0,0,0,2,1,1,1,56,9,6370,2,9,-1,3,-1
201543P210045,1,9,0,18,0,0,0,0,7,9,1,1,6,1,84,11,998,1,3,-1,1,-1
201543P210095,1,9,0,18,0,6,0,0,0,0,3,1,6,2,34,6,998,1,14,-1,1,-1
201543P210095,2,9,0,18,0,8,0,0,0,0,1,1,6,2,80,11,1299,1,12,-1,1,-1
201543P211015,1,9,0,9,0,5,0,0,0,0,1,1,6,1,79,11,-1,-1,-1,-1,1,-1
201543P211015,2,1,0,18,0,8,0,0,0,0,1,1,6,1,49,8,-1,-1,-1,-1,1,-1
201543P211045,1,9,0,18,0,1,0,0,0,0,0,1,1,1,32,6,1248,2,4,-1,1,-1
201543P211045,2,9,0,7,0,5,2,0,7,9,1,1,6,1,19,4,1996,1,13,-1,1,-1
201543P211065,1,9,0,18,0,0,1,0,7,10,1,1,1,1,36,7,2494,2,3,-1,3,-1
201543P211065,2,9,0,18,0,0,0,0,0,0,1,1,6,2,80,11,1396,1,10,-1,2,-1
201543P211065,3,9,0,18,0,0,0,0,0,0,2,1,6,1,-1,-1,2993,2,1,-1,-1,-1
201543P211075,1,1,0,18,0,0,0,0,0,0,1,1,6,1,61,9,-1,-1,-1,-1,3,-1
201543P211075,2,21,0,2,0,0,0,0,0,0,2,1,1,1,48,8,-1,-1,-1,-1,1,-1
201543P211075,3,19,0,2,0,0,0,0,0,0,0,1,1,1,58,9,-1,-1,-1,-1,1,-1
201543P211095,1,9,0,18,0,0,0,0,0,0,1,1,2,1,42,7,1796,1,13,-1,1,-1
201543P211095,2,9,0,18,0,0,0,0,0,0,2,1,2,1,31,6,1998,1,10,-1,1,-1
201543P211105,1,9,0,17,0,0,1,0,7,9,4,1,6,2,29,6,1461,2,10,-1,1,-1
201543P212015,1,9,0,17,0,2,1,0,0,0,1,1,6,1,66,10,-1,-1,-1,-1,1,-1
201543P212015,2,9,0,16,0,1,1,0,1,0,1,1,6,2,34,6,-1,-1,-1,-1,1,-1
201543P212045,1,9,0,18,0,0,0,0,0,0,1,1,6,3,-1,-1,-1,-1,-1,-1,-1,-1
201543P212045,2,9,0,3,0,0,0,0,0,0,2,1,6,1,59,9,1363,2,12,-1,-1,-1
201543P212045,3,9,0,3,0,0,0,0,0,0,2,1,6,3,-1,-1,-1,-1,-1,-1,-1,-1
201543P212055,1,9,0,7,0,8,0,0,0,0,2,1,6,1,35,6,-1,-1,-1,-1,-1,-1
201543P212055,2,1,0,18,0,8,0,0,0,0,1,1,6,2,28,6,-1,-1,-1,-1,1,-1
201543P212065,1,9,0,18,0,6,0,0,0,0,1,1,6,1,32,6,1398,1,1,-1,1,-1
201543P212065,2,9,0,18,0,8,1,4,0,0,4,1,1,1,43,7,1598,1,11,-1,-1,-1
201543P212065,3,9,0,2,0,2,0,0,0,0,2,1,6,2,66,10,-1,-1,-1,-1,3,-1
201543P212095,1,9,0,18,0,0,0,0,0,0,4,1,6,1,78,11,2295,1,16,-1,3,-1
201543P212115,1,3,0,18,0,8,1,0,0,0,3,1,6,2,19,4,124,1,3,-1,3,-1
201543P212125,1,1,0,5,0,0,0,0,0,0,0,1,6,2,86,11,-1,-1,-1,-1,1,-1
201543P213045,1,5,0,17,0,0,1,0,1,1,1,1,2,1,35,6,675,1,6,-1,3,-1
201543P213055,1,9,0,9,0,6,0,0,0,0,3,1,6,1,62,9,-1,-1,-1,-1,1,-1
201543P213055,2,9,0,18,0,8,0,0,0,0,4,1,2,2,61,9,1995,1,6,-1,3,-1
201543P213065,1,9,0,18,0,0,0,0,0,0,1,1,6,2,32,6,1598,1,11,-1,-1,-1
201543P213095,1,9,0,18,0,0,0,0,0,0,2,1,6,2,20,4,1242,1,14,-1,-1,-1
201543P213095,2,9,0,3,0,0,0,0,0,0,1,1,6,2,47,8,1390,1,6,-1,1,-1
201543P213105,1,2,0,18,0,1,1,0,0,0,1,1,6,1,16,4,49,1,6,-1,-1,-1
201543P214045,1,3,0,17,0,0,0,0,1,1,1,1,6,1,19,4,-1,-1,-1,-1,1,-1
201543P214055,1,9,0,8,0,6,0,0,0,0,1,1,2,2,27,6,1598,2,6,-1,1,-1
201543P214055,2,9,0,8,0,6,0,0,0,0,2,1,6,2,39,7,1598,1,9,-1,1,-1
201543P214065,1,9,0,2,0,0,0,0,0,0,3,1,6,1,77,11,1797,8,5,-1,2,-1
201543P214065,2,1,0,14,0,0,1,8,0,0,1,1,6,2,24,5,-1,-1,-1,-1,1,-1
201543P214105,1,9,0,18,0,0,0,0,5,6,3,1,6,2,18,4,1242,1,5,-1,1,-1
201543P214105,2,9,0,18,0,0,0,0,0,0,1,1,3,1,38,7,1997,2,-1,-1,1,-1
201543P214105,3,9,0,2,0,0,0,0,0,0,2,1,6,1,36,7,-1,-1,-1,-1,1,-1
201543P215015,1,11,0,18,0,1,0,0,0,0,4,1,1,1,48,8,6370,2,10,-1,1,-1
201543P215055,1,9,0,17,0,0,2,0,1,10,1,1,3,2,17,4,1870,2,10,-1,1,-1
201543P215075,1,9,0,9,0,6,0,0,0,0,1,1,6,1,24,5,-1,-1,-1,-1,1,-1
201543P215075,2,3,0,18,0,1,0,0,0,0,1,1,6,1,17,4,124,1,-1,-1,1,-1
201543P215095,1,9,0,18,0,7,0,0,0,0,1,1,6,2,76,11,1198,1,1,-1,1,-1
201543P215095,2,9,0,3,0,7,0,0,0,0,2,1,6,2,36,7,1587,1,16,-1,2,-1
201543P215095,3,20,0,3,0,7,0,0,0,0,2,1,1,1,-1,-1,7790,2,10,-1,-1,-1
201543P215115,1,9,0,16,0,3,0,0,0,0,1,1,2,2,23,5,1198,1,-1,-1,1,-1
201543P215115,2,9,0,3,0,3,0,0,0,0,2,1,2,1,-1,-1,1991,1,-1,-1,1,-1
201543P215115,3,20,0,3,0,4,0,0,0,0,1,1,1,2,23,5,-1,-1,-1,-1,-1,-1
201543P215115,4,90,0,17,0,1,0,0,0,0,0,1,1,3,-1,-1,-1,-1,-1,-1,-1,-1
201543P216015,1,9,0,18,0,0,2,0,1,1,3,1,2,1,17,4,-1,-1,-1,-1,1,-1
201543P216025,1,21,1,4,0,0,0,0,0,0,1,1,1,1,34,6,12740,2,1,-1,1,-1
201543P216025,2,21,1,4,0,0,0,0,0,0,2,1,1,2,53,8,9290,2,3,-1,1,-1
201543P216025,3,9,0,4,0,0,0,0,0,0,2,1,2,2,35,6,1400,2,9,-1,1,-1
201543P216045,1,1,0,18,0,0,0,4,0,0,1,1,6,1,50,8,-1,-1,-1,-1,1,-1
201543P216045,2,9,0,2,0,0,0,0,0,0,2,1,6,2,55,8,1956,2,3,-1,1,-1
201543P216095,1,9,0,18,0,1,0,0,0,0,1,1,6,1,40,7,2191,2,2,-1,3,-1
201543P216105,1,21,0,1,0,5,0,0,0,0,2,1,1,1,28,6,6692,2,6,-1,1,-1
201543P216115,1,9,0,18,0,1,0,0,0,0,4,1,6,1,53,8,2926,2,11,-1,3,-1
201543P217055,1,9,0,9,0,6,0,0,0,0,1,1,6,1,33,6,2979,1,10,-1,1,-1
201543P217055,2,9,0,18,0,1,0,0,0,0,1,1,6,1,48,8,1598,1,7,-1,1,-1
201543P217065,1,9,0,18,0,0,0,0,0,0,4,1,2,2,33,6,1422,2,6,-1,1,-1
201543P217075,1,9,0,9,0,6,0,0,0,0,1,1,2,2,22,5,1390,1,15,-1,1,-1
201543P217075,2,1,0,18,0,8,0,0,0,0,4,1,6,2,30,6,-1,-1,-1,-1,-1,-1
201543P218025,1,9,0,18,0,1,0,0,0,0,2,1,6,2,66,10,1329,1,1,-1,1,-1
201543P218025,2,9,0,18,0,4,0,0,0,0,2,1,6,2,35,6,1995,2,3,-1,3,-1
201543P218025,3,9,0,18,0,1,0,0,0,0,1,1,6,1,50,8,-1,-1,-1,-1,-1,-1
201543P218095,1,9,0,18,0,1,0,0,0,0,1,1,6,1,-1,-1,-1,-1,-1,-1,-1,-1
201543P218095,2,9,0,10,0,1,0,0,0,0,2,1,2,1,54,8,-1,-1,-1,-1,1,-1
201543P218125,1,9,0,18,0,4,0,0,0,0,1,1,6,2,83,11,1240,1,10,-1,1,-1
201543P218125,2,5,0,9,0,8,0,0,0,0,4,1,1,1,54,8,600,1,3,-1,1,-1
201543P219015,1,4,0,18,0,0,0,0,7,0,1,1,2,1,47,8,-1,-1,-1,-1,-1,-1
201543P219035,1,9,0,14,0,2,0,0,0,0,1,1,3,1,43,7,1598,1,6,-1,3,-1
201543P219035,2,19,0,2,0,1,0,0,0,0,0,1,6,3,-1,-1,-1,-1,-1,-1,-1,-1
201543P219065,1,9,0,1,0,1,0,0,0,0,2,1,2,1,37,7,-1,-1,-1,-1,1,-1
201543P219065,2,5,0,3,0,1,0,0,0,0,1,1,2,2,52,8,599,1,12,-1,3,-1
201543P219075,1,9,0,9,0,6,0,0,0,0,1,1,6,1,78,11,1497,1,10,-1,1,-1
201543P219075,2,9,0,18,0,8,0,0,0,0,3,1,6,2,20,4,-1,-1,-1,-1,3,-1
201543P219085,1,9,0,16,0,0,5,0,0,0,1,1,6,1,29,6,1596,1,10,-1,1,-1
201543P219085,2,19,0,18,0,0,0,0,0,0,3,1,2,1,56,9,2198,2,5,-1,2,-1
201543P219085,3,9,0,2,0,0,0,0,7,10,2,1,6,3,-1,-1,1388,1,5,-1,-1,-1
201543P219105,1,9,0,5,0,6,0,0,0,0,3,1,6,2,78,11,1999,1,11,-1,3,-1
201543P219105,2,5,0,18,0,8,1,0,0,0,1,1,6,1,61,9,865,1,1,-1,1,-1
201543P220015,1,19,0,17,0,0,5,0,7,4,3,1,1,1,19,4,-1,-1,-1,-1,1,-1
201543P220065,1,9,0,16,0,0,0,0,7,0,3,1,6,1,27,6,1781,1,13,-1,1,-1
201543P220075,1,9,0,18,0,0,0,0,1,4,1,1,2,2,34,6,1598,2,5,-1,1,-1
201543P220085,1,9,0,9,0,5,0,0,0,0,1,1,6,2,20,4,1299,1,13,-1,2,-1
201543P220085,2,19,0,17,0,8,0,0,0,0,1,1,2,1,57,9,1996,2,4,-1,1,-1
201543P220125,1,9,0,16,0,6,0,0,4,6,3,1,6,2,46,8,1968,2,-1,-1,1,-1
201543P221015,1,19,0,9,0,6,0,0,0,0,3,1,1,1,60,9,-1,-1,-1,-1,1,-1
201543P221015,2,9,0,18,0,8,0,0,0,0,3,1,6,2,44,7,-1,-1,-1,-1,2,-1
201543P221025,1,9,0,18,0,0,0,0,0,0,0,1,6,3,-1,-1,-1,-1,-1,-1,-1,-1
201543P221025,2,9,0,18,0,0,0,0,7,11,1,1,1,2,37,7,1796,1,12,-1,1,-1
201543P221025,3,19,0,18,0,0,0,0,1,11,3,1,1,1,54,8,-1,-1,-1,-1,1,-1