Accident_Index,Vehicle_Reference,Vehicle_Type,Towing_and_Articulation,Vehicle_Manoeuvre,Vehicle_Location-Restricted_Lane,Junction_Location,Skidding_and_Overturning,Hit_Object_in_Carriageway,Vehicle_Leaving_Carriageway,Hit_Object_off_Carriageway,1st_Point_of_Impact,Was_Vehicle_Left_Hand_Drive?,Journey_Purpose_of_Driver,Sex_of_Driver,Age_of_Driver,Age_Band_of_Driver,Engine_Capacity_(CC),Propulsion_Code,Age_of_Vehicle,Driver_IMD_Decile,Driver_Home_Area_Type,Vehicle_IMD_Decile
201543P251105,2,11,0,3,0,0,0,0,0,0,0,1,1,3,-1,-1,-1,-1,-1,-1,-1,-1
201543P252015,1,9,0,13,0,0,0,0,0,0,4,1,6,2,55,8,1242,1,6,-1,1,-1
201543P252015,2,1,0,18,0,0,0,0,0,0,3,1,6,1,42,7,-1,-1,-1,-1,2,-1
201543P252025,1,11,0,18,0,0,0,0,0,0,4,1,1,1,40,7,12900,2,1,-1,1,-1
201543P252045,1,9,0,18,0,0,0,0,0,0,1,1,6,1,68,10,2179,2,7,-1,3,-1
201543P252085,1,19,0,7,0,6,0,0,0,0,1,1,1,1,39,7,1248,2,5,-1,1,-1
201543P252085,2,1,0,18,0,8,0,0,0,0,2,1,6,1,51,8,-1,-1,-1,-1,1,-1
201543P253015,1,21,0,18,0,0,0,0,0,0,1,1,1,1,48,8,11946,2,5,-1,3,-1
201543P253015,2,19,0,3,0,0,0,0,0,0,2,1,1,1,41,7,-1,-1,-1,-1,1,-1
201543P253015,3,9,0,3,0,0,0,0,0,0,4,1,1,1,34,6,1598,2,3,-1,2,-1
201543P253015,4,20,0,3,0,0,0,0,0,0,2,1,1,1,-1,-1,-1,-1,-1,-1,-1,-1
201543P253015,5,9,0,3,0,0,0,0,0,0,2,1,6,1,-1,-1,-1,-1,-1,-1,1,-1
201543P253025,1,9,0,18,0,1,0,0,0,0,1,1,6,1,-1,-1,1998,1,14,-1,1,-1
201543P253025,2,9,0,10,0,1,0,0,0,0,2,1,6,2,36,7,1590,1,12,-1,1,-1
201543P253035,1,1,0,15,0,2,0,0,0,0,3,1,6,2,24,5,-1,-1,-1,-1,1,-1
201543P253035,2,11,0,18,0,2,0,0,0,0,4,1,1,1,58,9,4760,2,3,-1,-1,-1
201543P253045,1,9,0,9,0,6,0,0,0,0,0,1,6,3,-1,-1,-1,-1,-1,-1,-1,-1
201543P253045,2,9,0,18,0,1,0,0,0,0,2,1,6,1,18,4,1560,2,7,-1,3,-1
201543P253045,3,9,0,18,0,1,0,0,0,0,1,1,6,1,66,10,1390,1,4,-1,2,-1
201543P253055,1,1,0,18,0,0,0,0,0,0,0,1,6,1,40,7,-1,-1,-1,-1,3,-1
201543P253075,1,8,0,18,0,1,0,0,0,0,3,1,6,1,35,6,1797,8,5,-1,2,-1
201543P253085,1,1,0,18,0,0,0,0,1,0,1,1,6,1,56,9,-1,-1,-1,-1,1,-1
201543P253085,2,1,0,18,0,0,0,0,0,0,2,1,6,1,54,8,-1,-1,-1,-1,1,-1
201543P253095,1,9,0,18,0,0,0,0,0,0,1,1,6,2,-1,-1,-1,-1,-1,-1,-1,-1
201543P253115,1,9,0,17,0,0,1,0,0,0,1,1,1,2,51,8,1968,2,6,-1,1,-1
201543P253115,2,22,0,16,0,0,0,0,0,0,1,1,6,1,73,10,-1,-1,-1,-1,1,-1
201543P253125,1,9,0,18,0,4,0,0,0,0,1,1,1,1,-1,-1,1686,2,11,-1,1,-1
201543P253125,2,9,0,9,0,8,0,0,0,0,4,1,6,2,19,4,1198,1,3,-1,2,-1
201543P254075,1,9,0,11,0,0,0,0,0,0,1,1,6,1,82,11,1686,2,13,-1,-1,-1
201543P254075,2,9,0,18,0,0,0,0,0,0,2,1,6,2,48,8,-1,-1,-1,-1,1,-1
201543P254085,1,3,0,18,0,0,0,10,1,2,4,1,6,1,19,4,124,1,1,-1,1,-1
201543P254125,1,9,0,9,0,6,0,0,0,0,1,1,2,1,-1,-1,1999,1,11,-1,1,-1
201543P254125,2,1,0,18,0,8,0,0,0,0,1,1,6,2,22,5,-1,-1,-1,-1,-1,-1
201543P255055,1,9,0,5,0,1,0,0,0,0,1,1,2,1,36,7,1995,2,2,-1,3,-1
201543P255055,2,9,0,3,0,1,0,0,0,0,2,1,2,2,47,8,1999,1,10,-1,-1,-1
201543P255105,1,9,0,7,0,5,1,0,7,9,1,1,6,2,25,5,1599,1,6,-1,2,-1
201543P255105,2,19,0,18,0,6,0,0,0,0,4,1,6,1,65,9,2151,2,11,-1,1,-1
201543P256085,1,9,0,18,0,0,0,0,0,0,1,1,6,2,58,9,999,1,17,-1,1,-1
201543P256095,1,19,0,17,0,0,0,0,0,0,1,1,1,2,36,7,-1,-1,-1,-1,1,-1
201543P256095,2,9,0,16,0,0,0,0,1,0,1,1,3,2,47,8,2400,2,4,-1,3,-1
201543P256105,1,9,0,17,0,0,2,0,1,9,4,1,2,2,33,6,1997,2,13,-1,3,-1
201543P256115,1,19,0,4,0,0,1,0,0,0,1,1,2,1,71,10,2800,2,15,-1,1,-1
201543P257015,1,9,0,16,0,0,2,0,1,4,1,1,1,2,50,8,1422,2,-1,-1,3,-1
201543P257025,1,9,0,18,0,0,0,0,0,0,1,1,1,1,28,6,1589,1,16,-1,1,-1
201543P257045,1,9,0,18,0,1,0,0,0,0,1,1,6,1,84,11,1360,1,4,-1,1,-1
201543P257045,2,21,1,10,0,8,0,0,0,0,2,1,1,1,38,7,11705,2,7,-1,1,-1
201543P257075,1,11,0,5,0,1,0,0,0,0,0,1,1,1,25,5,4760,2,3,-1,1,-1
201543P257085,1,4,0,17,0,0,0,10,0,0,1,1,6,1,21,5,176,1,10,-1,-1,-1
201543P257105,1,9,0,18,0,0,0,7,1,1,4,1,1,1,60,9,-1,-1,-1,-1,1,-1
201543P257125,1,9,0,16,0,0,0,0,7,4,1,1,6,1,43,7,998,1,11,-1,2,-1
201543P258055,1,9,0,16,0,2,0,0,0,0,1,1,6,1,52,8,1998,1,-1,-1,1,-1
201543P258055,2,9,0,17,0,1,0,0,0,0,1,1,6,2,23,5,1995,1,6,-1,2,-1
201543P258085,1,9,0,18,0,7,0,0,3,9,1,1,6,1,81,11,1997,2,10,-1,3,-1
201543P258095,1,9,0,18,0,0,0,0,0,0,1,1,6,1,22,5,1598,1,11,-1,2,-1
201543P258095,2,21,1,18,0,0,0,0,0,0,2,1,1,1,45,7,12900,2,4,-1,1,-1
201543P258095,3,21,1,18,0,0,0,8,0,0,4,1,1,1,63,9,10837,2,-1,-1,1,-1
201543P259015,1,3,0,17,0,1,0,10,1,0,1,1,6,2,19,4,125,1,-1,-1,1,-1
201543P259025,1,1,0,4,0,0,0,0,0,0,1,1,2,2,19,4,-1,-1,-1,-1,1,-1
201543P259035,1,9,0,7,0,3,0,0,0,0,1,1,6,1,23,5,-1,-1,-1,-1,3,-1
201543P259075,1,9,0,1,0,0,0,0,0,0,0,1,6,1,-1,-1,-1,-1,-1,-1,-1,-1
201543P259075,2,1,0,3,0,0,0,0,0,0,0,1,6,1,84,11,-1,-1,-1,-1,2,-1
201543P259125,1,9,0,18,0,1,0,0,0,0,1,1,6,1,47,8,1896,2,11,-1,1,-1
201543P259125,2,9,0,4,0,1,0,0,0,0,1,1,6,2,44,7,2521,1,7,-1,1,-1
201543P259125,3,9,0,10,0,1,0,0,0,0,2,1,1,1,46,8,1560,2,1,-1,2,-1
201543P260045,1,9,0,1,0,1,0,0,0,0,2,1,6,1,50,8,1984,1,16,-1,-1,-1
201543P260045,2,1,0,3,0,1,0,0,0,0,1,1,6,2,18,4,-1,-1,-1,-1,1,-1
201543P260055,1,11,0,18,0,0,0,0,0,0,0,1,1,2,53,8,4500,2,4,-1,1,-1
201543P260075,1,9,0,18,0,0,0,0,0,0,1,1,6,2,25,5,1242,1,12,-1,3,-1
201543P260075,2,9,0,10,0,0,0,0,0,0,2,1,2,2,54,8,-1,-1,-1,-1,3,-1
201543P260105,1,90,0,18,0,1,0,0,0,0,1,1,1,1,44,7,10837,2,3,-1,-1,-1
201543P260105,2,19,0,18,0,2,0,0,0,0,3,1,1,2,37,7,-1,-1,-1,-1,1,-1
201543P260125,1,9,0,18,0,0,0,0,5,6,1,1,6,3,-1,-1,-1,-1,-1,-1,-1,-1
201543P260125,2,9,0,18,0,0,1,0,5,4,2,1,2,1,52,8,1999,1,14,-1,1,-1
201543P261025,1,9,0,17,0,0,2,0,8,10,3,1,2,2,25,5,1229,1,2,-1,2,-1
201543P261055,1,9,0,17,0,0,0,0,0,0,1,1,6,1,52,8,-1,-1,-1,-1,3,-1
201543P261055,2,9,0,17,0,0,0,0,0,0,2,1,6,2,38,7,1242,1,-1,-1,1,-1
201543P261095,1,19,0,18,0,1,0,0,0,0,1,1,2,1,23,5,1686,2,12,-1,1,-1
201543P261095,2,9,0,10,0,1,0,0,0,0,2,1,2,1,28,6,1086,1,7,-1,3,-1
201543P262025,1,9,0,4,0,0,1,0,0,0,1,1,6,2,29,6,-1,-1,-1,-1,1,-1
201543P262025,2,9,0,3,0,0,0,0,0,0,2,1,6,2,-1,-1,1968,2,5,-1,3,-1
201543P262025,3,9,0,3,0,0,0,0,0,0,2,1,6,1,58,9,1998,2,7,-1,3,-1
201543P262035,1,9,0,9,0,5,0,0,0,0,1,1,1,2,22,5,1598,1,11,-1,3,-1
201543P262035,2,9,0,18,0,8,0,0,0,0,3,1,3,1,38,7,1596,1,4,-1,1,-1
201543P262035,3,9,0,10,0,1,0,0,0,0,1,1,6,1,51,8,1896,2,12,-1,2,-1
201543P262045,1,9,0,9,0,4,0,0,0,0,1,1,6,1,27,6,1587,1,15,-1,1,-1
201543P262045,2,1,0,18,0,8,0,0,0,0,4,1,6,2,21,5,-1,-1,-1,-1,1,-1
201543P262075,1,5,0,5,0,0,0,0,0,0,3,1,6,1,19,4,645,1,-1,-1,1,-1
201543P262095,1,9,0,18,0,3,0,0,0,0,4,1,2,1,56,9,-1,-1,-1,-1,1,-1
201543P262095,2,9,0,18,0,3,0,0,0,0,3,1,2,1,41,7,2143,2,3,-1,1,-1
201543P262125,1,9,0,9,0,5,0,0,0,0,1,1,6,2,31,6,1341,1,13,-1,1,-1
201543P262125,2,1,0,18,2,8,0,0,1,0,1,1,6,1,50,8,-1,-1,-1,-1,1,-1
201543P262125,3,11,0,5,2,2,0,0,0,0,0,1,1,3,-1,-1,-1,-1,-1,-1,-1,-1
201543P263025,1,9,0,9,0,1,0,0,0,0,1,1,6,1,60,9,998,1,6,-1,-1,-1
201543P263025,2,1,0,10,0,1,0,0,0,0,2,1,6,2,23,5,-1,-1,-1,-1,1,-1
201543P263045,1,9,0,2,0,0,0,0,0,0,3,1,6,1,40,7,1199,2,4,-1,-1,-1
201543P263045,2,1,0,18,0,0,0,8,0,0,1,1,1,1,24,5,-1,-1,-1,-1,1,-1
201543P263055,1,9,0,6,0,0,0,0,0,0,0,1,6,3,-1,-1,1596,1,13,-1,2,-1
201543P263055,2,4,0,13,0,0,0,0,0,0,0,1,6,1,20,4,125,1,1,-1,1,-1
201543P263075,1,2,0,16,0,1,1,0,0,0,1,1,6,1,17,4,49,1,4,-1,2,-1
201543P263075,2,9,0,17,0,1,0,0,0,0,1,1,6,2,28,6,1560,2,7,-1,2,-1
201543P264015,1,9,0,9,0,6,0,0,0,0,0,1,6,3,-1,-1,-1,-1,-1,-1,-1,-1
201543P264015,2,11,0,18,0,1,0,0,0,0,0,1,1,1,27,6,6370,2,12,-1,3,-1
201543P264015,3,9,0,18,0,1,0,0,0,0,0,1,6,3,-1,-1,-1,-1,-1,-1,-1,-1
201543P264065,1,98,0,1,0,6,0,0,0,0,2,1,6,3,32,6,6692,2,2,-1,1,-1
201543P264065,2,9,0,18,0,1,0,0,0,0,4,1,6,3,46,8,1390,1,4,-1,1,-1
201543P264075,1,9,0,5,0,0,0,0,0,0,1,1,2,2,57,9,-1,-1,-1,-1,1,-1
201543P264075,2,9,0,5,0,0,0,0,0,0,2,1,6,1,65,9,1896,2,14,-1,1,-1
201543P264075,3,9,0,5,0,0,0,0,0,0,2,1,2,1,29,6,2926,2,13,-1,3,-1
201543P264105,1,9,0,13,0,0,0,0,0,0,4,1,6,3,-1,-1,-1,-1,-1,-1,-1,-1
201543P264105,2,1,0,16,0,0,0,0,0,0,3,1,6,2,28,6,-1,-1,-1,-1,3,-1
201543P264115,1,9,0,13,0,0,2,0,8,10,1,1,6,1,53,8,4554,7,15,-1,3,-1
201543P264125,1,9,0,16,0,1,2,10,1,0,1,1,6,1,28,6,1998,1,5,-1,1,-1
201543P265015,1,9,0,18,0,0,0,0,0,0,1,1,2,2,-1,-1,2967,2,4,-1,1,-1
201543P265015,2,9,0,12,0,0,0,0,0,0,2,1,2,1,-1,-1,2148,2,7,-1,2,-1
201543P265015,3,9,0,18,0,0,0,0,0,0,3,1,2,1,-1,-1,1796,1,7,-1,1,-1
201543P265015,4,9,0,18,0,0,0,0,0,0,4,1,2,1,-1,-1,1560,2,5,-1,1,-1
201543P265035,1,19,0,5,0,4,0,0,0,0,4,1,6,3,-1,-1,1753,2,12,-1,-1,-1
201543P265035,2,1,0,9,0,8,0,0,0,0,1,1,6,1,46,8,-1,-1,-1,-1,1,-1
201543P265115,1,9,0,18,0,0,0,0,1,4,1,1,1,1,48,8,1968,2,2,-1,2,-1
201543P266015,1,9,0,13,0,1,0,0,0,0,1,1,6,1,72,10,1968,2,6,-1,1,-1
201543P266015,2,9,0,9,0,5,0,0,0,0,3,1,6,2,28,6,1086,1,6,-1,1,-1
201543P266035,1,3,0,18,0,8,1,0,0,0,4,1,6,1,20,4,100,1,12,-1,1,-1
201543P266045,1,9,0,9,0,2,2,0,0,0,1,1,6,1,23,5,2776,2,11,-1,1,-1
201543P266045,2,9,0,18,0,1,0,0,0,0,0,1,6,3,-1,-1,-1,-1,-1,-1,-1,-1
201543P266065,1,9,0,18,0,0,1,0,0,0,2,1,1,1,43,7,1248,2,4,-1,1,-1
201543P266065,2,9,0,18,0,0,0,0,0,0,1,1,2,2,22,5,1997,2,10,-1,1,-1
201543P266115,1,9,0,18,0,1,0,0,0,0,1,1,6,1,34,6,1587,1,13,-1,2,-1
201543P266115,2,9,0,18,0,1,0,0,0,0,2,1,6,2,48,8,1968,2,1,-1,3,-1
201543P267035,1,9,0,5,0,1,0,0,0,0,1,1,6,2,55,8,1871,2,12,-1,-1,-1
201543P267035,2,5,0,3,0,1,0,0,0,0,4,1,2,1,22,5,897,1,10,-1,1,-1
201543P267095,1,1,0,18,0,8,0,0,0,0,0,1,6,1,30,6,-1,-1,-1,-1,1,-1
201543P267115,1,9,0,9,0,5,0,0,0,0,1,1,1,1,47,8,998,1,21,-1,1,-1
201543P267115,2,9,0,18,0,8,0,0,0,0,1,1,1,1,53,8,1995,2,12,-1,2,-1
201543P268015,1,9,0,17,0,1,0,0,0,0,1,1,6,2,20,4,1968,2,9,-1,1,-1
201543P268015,2,9,0,10,0,1,0,0,1,11,2,1,2,1,27,6,1587,1,12,-1,1,-1
201543P268035,1,19,0,18,0,0,1,0,7,0,1,1,2,1,49,8,-1,-1,-1,-1,1,-1
201543P268035,2,9,0,18,0,0,0,0,0,0,3,1,6,2,39,7,-1,-1,-1,-1,2,-1
201543P268035,3,9,0,18,0,0,0,0,0,0,3,1,6,2,40,7,1328,1,7,-1,2,-1
201543P268045,1,9,0,2,0,0,0,0,0,0,3,1,6,2,-1,-1,998,1,3,-1,1,-1
201543P268045,2,1,0,18,0,0,0,8,0,0,1,1,6,1,49,8,-1,-1,-1,-1,1,-1
201543P268085,1,19,0,18,0,0,0,0,0,0,1,1,1,1,34,6,2151,2,11,-1,1,-1
201543P268085,2,9,0,18,0,0,0,0,7,9,3,1,2,2,51,8,1997,2,5,-1,1,-1
201543P268115,1,9,0,18,0,1,0,4,0,0,1,1,6,1,58,9,1598,1,7,-1,2,-1
201543P268115,2,21,0,3,0,1,0,0,0,0,2,1,1,1,58,9,10518,2,7,-1,1,-1
201543P269035,1,9,0,12,0,0,0,0,0,0,0,1,6,3,-1,-1,-1,-1,-1,-1,-1,-1
201543P269035,2,9,0,18,0,0,1,0,0,0,1,1,6,1,70,10,-1,-1,-1,-1,-1,-1
201543P269035,3,21,0,18,0,0,0,0,0,0,3,1,1,1,27,6,-1,-1,-1,-1,-1,-1
201543P269055,1,9,0,18,0,8,1,0,0,0,4,1,6,1,25,5,1796,1,10,-1,-1,-1
201543P269055,2,9,0,9,0,6,0,0,0,0,1,1,6,2,28,6,1242,1,-1,-1,2,-1
201543P269065,1,2,0,16,0,0,1,0,0,0,3,1,6,1,39,7,124,1,3,-1,-1,-1
201543P269065,2,9,0,17,0,0,0,0,0,0,3,1,2,1,44,7,647,8,1,-1,1,-1
201543P270025,1,9,0,18,0,1,0,0,0,0,1,1,2,1,61,9,1995,2,14,-1,1,-1
201543P270045,1,9,0,18,0,4,0,0,0,0,1,1,6,2,-1,-1,1598,1,1,-1,1,-1
201543P270045,2,1,0,18,0,8,0,0,0,0,4,1,6,1,32,6,-1,-1,-1,-1,1,-1
201543P270125,1,9,0,9,0,5,1,0,0,0,4,1,6,1,19,4,1994,1,9,-1,2,-1
201543P270125,2,9,0,18,0,8,1,0,0,0,3,1,6,2,23,5,-1,-1,-1,-1,1,-1
201543P270125,3,19,0,10,0,1,0,0,0,0,1,1,1,1,50,8,9200,2,9,-1,3,-1
201543P271015,1,9,0,5,0,4,0,0,0,0,1,1,6,1,40,7,1390,1,3,-1,-1,-1
201543P271015,2,1,0,9,0,3,0,0,0,0,3,1,6,1,26,6,-1,-1,-1,-1,1,-1
201543P271065,1,19,0,18,0,0,0,0,0,0,4,1,6,1,-1,-1,-1,-1,-1,-1,1,-1
201543P271085,1,9,0,16,0,0,1,0,0,0,1,1,2,2,18,4,1560,2,4,-1,3,-1
201543P271095,1,9,0,5,0,1,0,0,0,0,1,1,6,1,55,8,998,1,3,-1,2,-1
201543P271095,2,9,0,3,0,1,0,0,0,0,2,1,3,1,61,9,1198,1,8,-1,3,-1
201543P271115,1,5,0,13,0,0,0,0,0,0,1,1,6,1,47,8,998,1,12,-1,2,-1
201543P271115,2,17,0,18,0,0,5,0,0,0,2,1,6,1,38,7,-1,2,28,-1,3,-1
201543P272015,1,9,0,18,0,0,0,0,0,0,4,1,6,3,-1,-1,-1,-1,-1,-1,-1,-1
201543P272045,1,9,0,18,0,2,0,0,0,0,4,1,1,1,55,8,1360,1,14,-1,1,-1
201543P272115,1,9,0,9,0,5,0,0,0,0,1,1,6,2,33,6,1461,2,5,-1,2,-1
201543P272115,2,2,0,18,0,1,0,0,0,0,1,1,1,1,71,10,-1,-1,-1,-1,3,-1
201543P273025,1,9,0,18,2,1,0,0,0,0,1,1,1,2,27,6,1248,2,3,-1,-1,-1
201543P273025,2,9,0,18,2,5,0,0,0,0,4,1,6,1,41,7,2976,7,10,-1,1,-1
201543P273035,1,8,0,18,0,1,0,0,0,0,1,1,1,1,52,8,1497,8,7,-1,1,-1
201543P273035,2,11,0,3,0,1,0,0,0,0,0,1,1,3,-1,-1,-1,-1,-1,-1,-1,-1
201543P273045,1,9,0,4,0,8,0,0,0,0,1,1,6,1,-1,-1,1999,1,9,-1,1,-1
201543P273045,2,9,0,3,0,8,0,0,0,0,2,1,1,2,35,6,1984,1,-1,-1,1,-1
201543P273075,1,9,0,9,0,6,0,0,0,0,3,1,6,2,67,10,1598,2,1,-1,2,-1
201543P273075,2,5,0,18,0,8,0,0,0,0,1,1,2,1,48,8,471,1,1,-1,2,-1
201543P273085,1,9,0,9,0,6,0,0,0,0,1,1,6,2,32,6,1997,2,5,-1,1,-1
201543P273085,2,9,0,18,0,8,1,0,0,0,4,1,6,2,75,10,1598,2,1,-1,2,-1
201543P273085,3,9,0,4,0,1,0,0,1,0,3,1,6,2,52,8,1242,1,5,-1,1,-1
201543P273085,4,19,0,4,0,1,0,0,0,0,1,1,1,1,30,6,1997,2,12,-1,3,-1
201543P273085,5,19,0,4,0,1,0,0,0,0,1,1,1,1,26,6,1560,2,4,-1,1,-1
201543P273125,1,9,0,18,0,6,0,0,0,0,1,1,6,2,52,8,1198,1,-1,-1,2,-1
201543P273125,2,9,0,18,0,8,0,0,0,0,3,1,6,1,52,8,-1,-1,-1,-1,3,-1
201543P274015,1,9,0,5,0,6,0,0,0,0,4,1,6,1,78,11,698,1,9,-1,-1,-1
201543P274015,2,9,0,7,0,8,0,0,0,0,3,1,6,1,76,11,1598,1,6,-1,3,-1
201543P274025,1,9,0,11,0,2,0,0,0,0,1,1,6,1,-1,-1,-1,-1,-1,-1,-1,-1
201543P274025,2,1,0,18,0,2,0,0,0,0,3,1,6,1,28,6,-1,-1,-1,-1,1,-1
201543P274085,1,5,0,18,0,0,0,0,0,0,1,1,6,1,27,6,640,1,23,-1,-1,-1
201543P275015,1,9,0,5,0,4,0,0,0,0,1,1,6,2,45,7,1968,2,2,-1,1,-1
201543P275015,2,1,0,18,0,8,0,0,0,0,4,1,6,1,16,4,-1,-1,-1,-1,1,-1
201543P275035,1,2,0,18,5,0,0,0,0,0,1,1,1,1,16,4,-1,-1,-1,-1,1,-1
201543P275045,1,9,0,9,0,6,0,0,0,0,3,1,6,2,55,8,1248,1,3,-1,2,-1
201543P275045,2,9,0,18,0,8,0,0,0,0,1,1,6,1,66,10,1461,2,-1,-1,2,-1
201543P275065,1,9,0,9,0,6,1,0,0,0,3,1,6,1,69,10,1360,1,7,-1,1,-1
201543P275065,2,9,0,16,0,8,1,0,1,0,1,1,6,2,44,7,1984,1,14,-1,1,-1
201543P275075,1,9,0,4,0,0,0,0,0,0,2,1,6,1,35,6,1600,1,9,-1,1,-1
201543P275075,2,1,0,18,0,0,0,0,0,0,1,1,6,1,24,5,-1,-1,-1,-1,1,-1
201543P275085,1,9,0,17,0,1,0,0,1,4,1,1,6,2,38,7,1686,2,10,-1,2,-1
201543P275085,2,9,0,2,9,2,0,0,1,4,1,1,6,2,32,6,1984,1,17,-1,1,-1
201543P275115,1,3,0,4,0,1,1,0,0,0,3,1,6,1,20,4,124,1,1,-1,2,-1
201543P275115,2,9,0,9,0,8,0,0,0,0,0,1,6,3,-1,-1,-1,-1,-1,-1,-1,-1
201543P275125,1,9,0,18,0,0,0,0,1,11,1,1,2,2,39,7,1560,2,5,-1,1,-1
201543P276015,1,9,0,16,0,0,2,0,1,9,1,1,2,1,31,6,-1,-1,-1,-1,2,-1
201543P276015,2,9,0,17,0,0,0,0,0,0,1,1,2,2,39,7,1388,1,9,-1,2,-1
201543P276015,3,9,0,4,0,0,0,0,0,0,2,1,2,1,49,8,-1,-1,-1,-1,1,-1
201543P276065,1,9,0,9,0,6,0,0,0,0,3,1,6,1,58,9,1968,2,3,-1,3,-1
201543P276065,2,9,0,18,0,8,0,0,0,0,1,1,2,2,47,8,1587,1,13,-1,1,-1
201543P276075,1,9,0,17,0,0,1,0,1,11,3,1,2,1,28,6,1400,1,15,-1,1,-1
201543P276085,1,9,0,9,0,6,0,0,0,0,1,1,6,1,65,9,1995,1,8,-1,1,-1
201543P276085,2,9,0,18,0,8,0,0,1,2,4,1,6,1,34,6,1998,2,12,-1,2,-1
201543P277085,1,9,0,18,0,8,0,0,7,4,4,1,6,1,68,10,1796,1,7,-1,1,-1
201543P277085,2,9,0,18,0,8,0,0,0,0,1,1,6,1,67,10,1390,1,2,-1,3,-1
201543P277095,1,9,0,13,0,0,0,0,0,0,4,1,6,1,44,7,2230,1,9,-1,1,-1
201543P277095,2,1,0,14,0,0,0,0,0,0,3,1,6,1,27,6,-1,-1,-1,-1,1,-1
201543P278025,1,9,0,17,0,0,2,0,8,4,1,1,6,1,23,5,-1,-1,-1,-1,2,-1
201543P278055,1,9,0,16,0,2,0,0,0,0,1,1,6,1,43,7,1598,1,10,-1,1,-1
201543P279025,1,19,4,17,0,0,0,0,0,0,4,1,6,3,60,9,-1,-1,-1,-1,-1,-1
201543P279055,1,9,0,17,0,0,2,0,7,11,1,1,6,3,-1,-1,2979,1,11,-1,-1,-1
201543P279065,1,9,0,18,0,4,0,0,0,0,1,1,6,1,69,10,998,1,1,-1,1,-1
201543P279065,2,1,0,18,0,8,0,0,0,0,4,1,6,1,40,7,-1,-1,-1,-1,2,-1
201543P280015,1,9,0,18,0,1,0,0,0,0,1,1,6,1,53,8,1598,1,11,-1,1,-1
201543P280055,1,9,0,9,0,6,0,0,0,0,3,1,6,2,43,7,1560,2,2,-1,1,-1
201543P280065,1,10,0,18,0,2,0,0,0,0,1,1,6,1,22,5,2198,2,2,-1,1,-1
201543P280075,1,11,0,7,2,2,0,0,0,0,0,1,1,1,38,7,-1,-1,-1,-1,1,-1
201543P281015,1,9,0,18,0,3,0,0,0,0,3,1,6,1,49,8,1598,1,2,-1,1,-1
201543P281015,2,9,0,18,0,3,0,0,7,0,4,1,1,1,39,7,1968,2,5,-1,3,-1
201543P281045,1,9,0,5,0,0,0,0,0,0,3,1,6,3,40,7,1596,1,13,-1,1,-1
201543P281045,2,2,0,14,0,0,0,0,0,0,4,1,6,1,27,6,49,1,2,-1,1,-1
201543P281065,1,9,0,18,0,0,0,0,0,0,1,1,6,3,-1,-1,1240,1,12,-1,-1,-1
201543P281065,2,11,0,18,0,0,0,0,0,0,1,1,1,3,-1,-1,4500,2,5,-1,-1,-1
201543P281075,1,9,0,18,0,3,0,0,0,0,0,1,6,2,-1,-1,1910,2,10,-1,1,-1
201543P281075,2,9,0,18,0,3,1,0,1,9,4,1,6,1,65,9,2967,1,6,-1,3,-1
201543P281115,1,9,0,4,0,1,0,0,0,0,1,1,6,1,30,6,1390,1,11,-1,-1,-1
201543P281115,2,9,0,3,0,1,0,0,0,0,2,1,6,1,26,6,999,1,1,-1,1,-1
201543P281125,1,19,0,18,0,0,0,0,0,0,2,1,1,1,55,8,2198,2,1,-1,1,-1
201543P281125,2,9,0,2,0,0,0,0,0,0,0,1,1,1,69,10,1248,2,1,-1,2,-1
201543P281125,3,9,0,16,0,0,0,0,1,4,1,1,6,1,18,4,1242,1,13,-1,3,-1
201543P282055,1,1,0,14,0,0,0,0,0,0,1,1,6,1,15,3,-1,-1,-1,-1,1,-1
201543P282055,2,9,0,18,0,0,0,0,0,0,1,1,6,1,-1,-1,-1,-1,-1,-1,-1,-1
201543P282065,1,9,0,18,0,8,0,0,0,0,4,1,6,1,19,4,1598,1,11,-1,1,-1
201543P282065,2,9,0,18,0,8,0,0,1,0,3,1,6,1,59,9,1299,1,13,-1,1,-1
201543P282075,1,9,0,18,0,0,0,0,1,7,1,1,6,1,29,6,1364,1,8,-1,1,-1
201543P282085,1,9,0,17,0,8,0,0,0,0,1,1,6,1,-1,-1,1396,1,6,-1,1,-1
201543P282085,2,9,0,7,0,3,0,0,0,0,4,1,6,2,23,5,1896,2,7,-1,3,-1
201543P282095,1,21,1,11,0,0,0,0,1,0,4,1,1,1,61,9,12777,2,1,-1,1,-1
201543P282095,2,20,4,2,6,0,0,0,0,0,3,1,1,1,27,6,2402,2,4,-1,1,-1
201543P283015,1,9,0,9,0,5,0,0,0,0,4,1,6,2,24,5,998,1,1,-1,1,-1
201543P283015,2,1,0,18,0,8,0,0,0,0,1,1,6,1,29,6,-1,-1,-1,-1,1,-1
201543P283085,1,9,0,18,0,4,0,0,0,0,1,1,6,1,53,8,2179,2,2,-1,3,-1
201543P283085,2,1,0,18,0,8,0,0,0,0,4,1,6,1,51,8,-1,-1,-1,-1,1,-1
201543P283105,1,9,0,4,0,0,0,0,0,0,1,1,6,1,29,6,1124,1,14,-1,1,-1