Accident_Index,Vehicle_Reference,Vehicle_Type,Towing_and_Articulation,Vehicle_Manoeuvre,Vehicle_Location-Restricted_Lane,Junction_Location,Skidding_and_Overturning,Hit_Object_in_Carriageway,Vehicle_Leaving_Carriageway,Hit_Object_off_Carriageway,1st_Point_of_Impact,Was_Vehicle_Left_Hand_Drive?,Journey_Purpose_of_Driver,Sex_of_Driver,Age_of_Driver,Age_Band_of_Driver,Engine_Capacity_(CC),Propulsion_Code,Age_of_Vehicle,Driver_IMD_Decile,Driver_Home_Area_Type,Vehicle_IMD_Decile
201543P283105,2,9,0,4,0,0,0,0,0,0,2,1,6,1,50,8,1598,1,6,-1,1,-1
201543P283115,1,9,0,18,0,2,0,0,0,0,1,1,6,2,49,8,1242,1,2,-1,2,-1
201543P283115,2,9,0,18,0,2,0,0,0,0,2,1,6,2,44,7,998,1,7,-1,1,-1
201543P283115,3,9,0,4,0,2,0,0,0,0,2,1,6,2,53,8,1598,2,3,-1,2,-1
201543P283125,1,9,0,9,0,8,0,0,0,0,3,1,2,2,37,7,1590,1,17,-1,1,-1
201543P283125,2,5,0,18,0,3,0,0,0,0,1,1,6,1,68,10,798,1,1,-1,1,-1
201543P284015,1,97,0,9,0,2,0,0,0,0,2,1,6,1,27,6,49,1,13,-1,1,-1
201543P284015,2,9,0,18,0,2,0,0,0,0,1,1,6,1,58,9,1596,1,7,-1,1,-1
201543P284055,1,9,0,18,0,1,0,0,0,0,1,1,6,1,22,5,1896,2,13,-1,1,-1
201543P284055,2,9,0,18,0,1,0,0,0,0,2,1,6,1,39,7,1598,1,10,-1,1,-1
201543P284055,3,9,0,18,0,1,0,0,0,0,0,1,6,2,52,8,2401,2,8,-1,3,-1
201543P284095,1,9,0,18,0,0,0,0,0,0,1,1,2,1,43,7,1997,2,5,-1,1,-1
201543P284095,2,9,0,4,0,0,0,0,0,0,2,1,6,2,57,9,1997,2,3,-1,3,-1
201543P284105,1,9,0,18,0,1,0,0,0,0,1,1,6,2,76,11,1149,1,11,-1,2,-1
201543P284105,2,9,0,9,0,5,0,0,0,0,2,1,6,2,51,8,-1,-1,-1,-1,-1,-1
201543P285035,1,9,0,18,0,0,0,0,0,0,1,1,2,1,30,6,-1,-1,-1,-1,1,-1
201543P285035,2,9,0,3,0,0,0,0,0,0,2,1,6,2,42,7,-1,-1,-1,-1,1,-1
201543P285055,1,9,0,4,0,0,1,0,0,0,1,1,6,1,38,7,1598,1,7,-1,1,-1
201543P285055,2,9,0,4,0,0,0,0,0,0,2,1,6,1,34,6,-1,-1,-1,-1,1,-1
201543P285095,1,19,0,12,0,0,2,0,6,6,1,1,1,1,55,8,2402,2,9,-1,1,-1
201543P285095,2,21,1,18,0,0,0,0,0,0,2,1,1,1,25,5,12777,2,-1,-1,-1,-1
201543P285095,3,9,0,18,0,0,1,0,0,0,1,1,2,1,24,5,988,1,25,-1,3,-1
201543P285095,4,9,0,18,0,0,1,0,0,0,1,1,2,1,68,10,1998,1,16,-1,1,-1
201543P285125,1,9,0,16,0,0,0,0,1,4,1,1,6,1,73,10,1968,2,7,-1,3,-1
201543P286015,1,9,0,18,0,0,0,0,0,0,1,1,2,1,45,7,1798,1,13,-1,1,-1
201543P286025,1,9,4,18,0,1,1,0,0,0,1,1,6,1,-1,-1,2402,2,4,-1,-1,-1
201543P286025,2,9,0,10,0,1,0,0,0,0,2,1,1,1,36,7,-1,-1,-1,-1,1,-1
201543P286045,1,9,0,9,0,6,0,0,0,0,1,1,6,1,69,10,1896,2,15,-1,3,-1
201543P286045,2,19,0,17,0,8,0,0,0,0,4,1,1,1,68,10,1996,2,2,-1,3,-1
201543P286065,1,1,0,18,0,6,0,0,0,0,1,1,2,2,22,5,-1,-1,-1,-1,1,-1
201543P286065,2,9,0,7,0,6,0,0,0,0,4,1,2,2,23,5,875,1,-1,-1,3,-1
201543P286105,1,11,0,4,0,1,0,0,0,0,1,1,1,1,23,5,6696,2,-1,-1,2,-1
201543P286105,2,9,0,3,0,1,0,0,0,0,2,1,6,2,65,9,1997,2,2,-1,3,-1
201543P287045,1,9,0,9,0,4,0,0,0,0,1,1,6,2,35,6,1685,2,2,-1,-1,-1
201543P287045,2,1,0,18,0,8,0,0,0,0,4,1,6,1,40,7,-1,-1,-1,-1,1,-1
201543P287065,1,9,0,18,0,0,0,0,0,0,1,1,6,2,37,7,1998,1,11,-1,3,-1
201543P287065,2,9,0,18,0,0,0,0,7,0,2,1,6,2,53,8,1398,2,3,-1,2,-1
201543P287075,1,9,0,18,0,1,0,0,0,0,3,1,1,1,35,6,-1,-1,-1,-1,3,-1
201543P287075,2,1,0,18,0,1,0,0,0,0,1,1,6,1,24,5,-1,-1,-1,-1,1,-1
201543P287105,1,9,0,9,0,8,0,0,0,0,1,1,6,3,-1,-1,-1,-1,-1,-1,-1,-1
201543P287115,1,9,0,14,0,1,0,0,0,0,1,1,6,1,65,9,-1,-1,-1,-1,3,-1
201543P287125,1,9,0,18,0,0,0,0,0,0,4,1,6,1,75,10,1339,1,4,-1,1,-1
201543P288015,1,9,0,18,0,8,0,0,0,0,1,1,6,1,-1,-1,1799,1,8,-1,-1,-1
201543P288015,2,1,0,4,0,8,0,0,0,0,1,1,2,1,53,8,-1,-1,-1,-1,1,-1
201543P288025,1,9,0,18,0,5,0,0,0,0,0,1,6,3,-1,-1,-1,-1,-1,-1,-1,-1
201543P288025,2,1,0,18,0,1,0,0,0,0,0,1,6,2,56,9,-1,-1,-1,-1,1,-1
201543P288055,1,9,0,9,0,5,0,0,0,0,1,1,6,2,81,11,1997,1,16,-1,1,-1
201543P288055,2,9,0,17,0,8,0,0,0,0,4,1,6,2,31,6,1598,1,13,-1,1,-1
201543P288065,1,9,0,18,0,0,0,0,0,0,1,1,6,1,66,10,1391,1,16,-1,1,-1
201543P288075,1,9,0,9,0,4,0,0,0,0,1,1,6,2,-1,-1,-1,-1,-1,-1,-1,-1
201543P288075,2,9,0,3,0,1,0,0,0,0,2,1,6,2,45,7,1598,1,12,-1,1,-1
201543P288085,1,19,0,16,0,0,0,0,1,4,1,1,1,1,37,7,1995,2,7,-1,1,-1
201543P288095,1,9,0,18,0,1,0,0,1,4,1,1,6,1,32,6,1461,2,1,-1,3,-1
201543P288115,1,5,0,18,0,1,1,0,0,0,1,1,6,1,44,7,897,1,5,-1,2,-1
201543P288115,2,9,0,4,0,1,0,0,0,0,2,1,6,2,55,8,1998,2,4,-1,1,-1
201543P288125,1,9,0,9,0,6,0,0,0,0,1,1,6,3,-1,-1,-1,-1,-1,-1,-1,-1
201543P288125,2,9,0,18,0,1,0,0,0,0,4,1,6,1,53,8,1198,1,1,-1,1,-1
201543P289015,1,9,0,12,0,0,0,0,0,0,3,1,6,3,-1,-1,-1,-1,-1,-1,-1,-1
201543P289015,2,3,0,18,0,0,0,0,0,0,3,1,2,1,20,4,125,1,2,-1,3,-1
201543P289035,1,9,0,14,0,0,0,0,0,0,1,1,6,2,42,7,1895,1,14,-1,1,-1
201543P289065,1,9,0,18,0,0,0,0,0,0,3,1,6,1,37,7,1999,1,9,-1,2,-1
201543P289075,1,9,0,9,0,6,0,0,0,0,1,1,6,1,36,7,1124,1,13,-1,2,-1
201543P289075,2,9,0,17,0,8,0,0,7,1,1,1,6,1,18,4,1242,1,14,-1,1,-1
201543P289115,1,19,0,18,0,8,0,0,0,0,1,1,6,3,-1,-1,-1,-1,-1,-1,-1,-1
201543P289115,2,1,0,18,0,4,0,0,0,0,2,1,6,2,24,5,-1,-1,-1,-1,-1,-1
201543P290025,1,9,0,18,0,1,0,10,0,0,1,1,1,1,29,6,2198,2,3,-1,3,-1
201543P290025,2,9,0,10,0,1,0,0,0,0,2,1,6,1,30,6,1598,2,1,-1,1,-1
201543P290025,3,9,0,18,0,1,0,0,0,0,1,1,6,2,53,8,-1,-1,-1,-1,2,-1
201543P290065,1,19,0,18,0,0,0,0,0,0,1,1,6,3,-1,-1,-1,-1,-1,-1,-1,-1
201543P291025,1,8,0,18,0,0,1,0,0,0,1,1,1,1,49,8,1995,2,4,-1,1,-1
201543P291035,1,9,0,11,0,0,0,0,0,0,0,1,6,1,-1,-1,-1,-1,-1,-1,-1,-1
201543P291035,2,9,0,18,0,0,1,0,5,6,1,1,6,2,31,6,-1,-1,-1,-1,1,-1
201543P291065,1,1,0,18,4,2,0,0,0,0,1,1,6,1,22,5,-1,-1,-1,-1,3,-1
201543P291085,1,9,0,17,0,0,0,0,0,0,1,1,6,1,58,9,2148,2,10,-1,3,-1
201543P291085,2,9,0,16,0,0,0,0,0,0,1,1,6,1,24,5,1199,1,15,-1,2,-1
201543P291095,1,9,0,3,4,0,0,0,0,0,4,1,6,2,-1,-1,2000,1,16,-1,1,-1
201543P291095,2,1,0,15,4,0,0,8,0,0,1,1,6,1,52,8,-1,-1,-1,-1,1,-1
201543P291105,1,9,0,18,0,8,0,0,0,0,1,1,6,1,51,8,1198,1,7,-1,2,-1
201543P291105,2,1,0,9,0,6,0,0,0,0,3,1,6,2,53,8,-1,-1,-1,-1,2,-1
201543P291115,1,9,0,11,0,0,0,0,0,0,4,1,6,3,-1,-1,-1,-1,-1,-1,-1,-1
201543P291115,2,9,0,18,0,0,1,0,1,7,3,1,6,2,66,10,-1,-1,-1,-1,1,-1
201543P292025,1,9,0,2,0,2,0,0,0,0,3,1,6,1,25,5,1753,2,13,-1,-1,-1
201543P292025,2,1,0,18,0,2,0,8,0,0,1,1,2,1,52,8,-1,-1,-1,-1,3,-1
201543P292045,1,8,0,18,0,2,0,0,0,0,3,1,2,1,43,7,1995,2,7,-1,1,-1
201543P292085,1,9,0,12,0,0,1,0,1,0,1,1,6,2,30,6,1242,1,11,-1,1,-1
201543P292085,2,9,0,18,0,0,0,0,4,6,4,1,6,2,56,9,2184,2,9,-1,1,-1
201543P292105,1,9,0,18,0,0,1,0,0,0,1,1,6,2,54,8,1956,2,-1,-1,3,-1
201543P292105,2,17,4,18,0,0,0,0,0,0,1,1,1,1,51,8,6800,2,4,-1,3,-1
201543P293035,1,9,0,9,0,1,0,0,1,2,1,1,6,1,75,10,1339,1,2,-1,1,-1
201543P293055,1,9,0,3,0,1,0,0,0,0,1,1,6,1,35,6,1596,1,10,-1,1,-1
201543P293055,2,19,0,4,0,1,0,0,0,0,2,1,1,1,38,7,1995,2,2,-1,2,-1
201543P293055,3,9,0,16,0,2,0,0,0,0,0,1,1,1,-1,-1,1248,2,4,-1,1,-1
201543P293085,1,9,0,18,0,0,0,0,1,0,1,1,6,1,29,6,1598,2,-1,-1,1,-1
201543P293085,2,9,0,18,0,0,0,0,0,0,1,1,2,2,24,5,1149,1,4,-1,3,-1
201543P293105,1,9,0,9,0,6,0,0,0,0,1,1,6,1,61,9,1998,2,10,-1,3,-1
201543P293105,2,9,0,18,0,8,5,0,1,0,3,1,6,2,55,8,1598,2,3,-1,2,-1
201543P294035,1,9,0,18,0,1,0,0,0,0,1,1,1,2,49,8,-1,-1,-1,-1,-1,-1
201543P294035,2,1,0,18,0,2,0,0,0,0,3,1,6,2,65,9,-1,-1,-1,-1,1,-1
201543P294045,1,9,0,5,0,0,0,0,0,0,1,1,6,2,-1,-1,1598,1,7,-1,-1,-1
201543P294055,1,9,0,18,0,3,0,0,0,0,1,1,1,1,43,7,1968,2,2,-1,2,-1
201543P294085,1,3,0,18,0,0,0,0,0,0,1,1,6,1,21,5,849,1,18,-1,1,-1
201543P294085,2,9,0,3,0,0,0,0,0,0,2,1,6,1,79,11,2720,2,10,-1,1,-1
201543P294105,1,9,0,18,0,6,0,0,1,11,4,1,6,2,29,6,1242,1,5,-1,1,-1
201543P294105,2,9,0,18,0,8,0,0,1,0,1,1,6,1,32,6,3311,8,9,-1,1,-1
201543P295015,1,9,0,9,0,6,0,0,0,0,4,1,2,2,47,8,1587,1,9,-1,2,-1
201543P295015,2,2,0,18,0,8,1,0,0,0,1,1,2,1,16,4,49,1,4,-1,3,-1
201543P295045,1,9,0,18,0,0,0,0,0,0,1,1,6,2,20,4,1598,1,5,-1,3,-1
201543P295045,2,8,0,3,0,0,0,0,0,0,2,1,6,1,28,6,1790,1,7,-1,1,-1
201543P295045,3,9,0,3,0,0,0,0,0,0,2,1,2,2,57,9,1598,1,6,-1,3,-1
201543P295065,1,11,0,18,0,0,0,0,0,0,1,1,1,3,-1,-1,7300,2,11,-1,-1,-1
201543P295075,1,9,0,17,0,0,1,0,7,4,4,1,6,1,27,6,-1,-1,-1,-1,1,-1
201543P295085,1,9,0,1,0,0,0,0,0,0,2,1,6,1,70,10,1596,1,1,-1,2,-1
201543P295085,2,1,0,18,0,0,0,0,0,0,3,1,6,2,72,10,-1,-1,-1,-1,1,-1
201543P295105,1,19,0,9,0,5,0,0,0,0,4,1,6,1,-1,-1,-1,-1,-1,-1,-1,-1
201543P295105,2,1,0,18,4,1,0,0,0,0,1,1,2,1,39,7,-1,-1,-1,-1,1,-1
201543P296025,1,9,0,18,0,0,0,0,4,6,1,1,6,2,61,9,1596,1,5,-1,1,-1
201543P296025,2,9,0,18,0,0,0,0,0,0,2,1,6,1,46,8,1364,1,1,-1,2,-1
201543P296025,3,9,0,18,0,0,0,0,0,0,2,1,6,1,63,9,2967,1,15,-1,1,-1
201543P296025,4,9,0,18,0,0,0,0,0,0,2,1,6,1,59,9,2946,1,9,-1,1,-1
201543P296025,5,9,0,18,0,0,0,0,0,0,1,1,6,1,20,4,1086,1,11,-1,1,-1
201543P296025,6,9,0,18,0,0,0,0,0,0,1,1,6,2,44,7,1341,1,11,-1,1,-1
201543P296025,7,9,0,18,0,0,0,0,0,0,1,1,6,1,48,8,2435,1,19,-1,3,-1
201543P296025,8,9,0,18,0,0,0,0,0,0,1,1,6,1,47,8,998,1,1,-1,1,-1
201543P296025,9,9,0,18,0,0,0,0,0,0,1,1,6,1,40,7,1975,1,8,-1,3,-1
201543P296025,10,9,0,18,0,0,0,0,0,0,1,1,6,1,56,9,2199,2,2,-1,1,-1
201543P296025,11,9,0,18,0,0,0,0,0,0,1,1,6,1,60,9,1461,2,2,-1,1,-1
201543P296025,12,9,0,18,0,0,0,0,0,0,1,1,6,1,43,7,1796,1,12,-1,1,-1
201543P296025,13,9,0,18,0,0,0,0,0,0,2,1,6,1,53,8,1999,1,7,-1,3,-1
201543P296025,14,9,0,18,0,0,0,0,0,0,2,1,6,1,67,10,3200,2,2,-1,3,-1
201543P296025,15,9,0,18,0,0,0,0,0,0,2,1,6,1,50,8,1197,1,-1,-1,1,-1
201543P296025,16,9,0,18,0,0,0,0,0,0,2,1,6,1,69,10,3839,1,32,-1,1,-1
201543P296025,17,9,0,18,0,0,0,0,0,0,2,1,6,1,54,8,2400,2,3,-1,3,-1
201543P296025,18,9,0,18,0,0,0,0,0,0,2,1,6,1,27,6,1598,2,1,-1,2,-1
201543P296025,19,9,0,18,0,0,0,0,0,0,2,1,6,1,49,8,1753,2,7,-1,1,-1
201543P296025,20,9,0,18,0,0,0,0,0,0,2,1,6,1,51,8,3200,2,11,-1,2,-1
201543P296025,21,9,0,18,0,0,0,0,0,0,2,1,6,1,59,9,1339,1,5,-1,1,-1
201543P296025,22,9,0,18,0,0,0,0,0,0,2,1,6,1,40,7,-1,-1,-1,-1,1,-1
201543P296025,23,9,0,18,0,0,0,0,0,0,2,1,6,1,54,8,1598,2,1,-1,-1,-1
201543P296025,24,9,0,18,0,0,0,0,0,0,2,1,6,1,59,9,1998,1,9,-1,1,-1
201543P296025,25,19,0,18,0,0,0,0,0,0,2,1,1,1,60,9,-1,-1,-1,-1,-1,-1
201543P296025,26,9,0,18,0,0,0,0,0,0,2,1,6,1,62,9,1388,1,7,-1,1,-1
201543P296025,27,9,0,18,0,0,0,0,0,0,2,1,6,1,50,8,1999,1,18,-1,1,-1
201543P296025,28,9,0,18,0,0,0,0,0,0,2,1,6,1,33,6,998,1,-1,-1,-1,-1
201543P296025,29,21,1,18,0,0,0,0,0,0,2,1,6,1,65,9,12419,2,4,-1,1,-1
201543P296025,30,21,1,18,0,0,0,0,0,0,2,1,6,1,56,9,12777,2,5,-1,-1,-1
201543P296025,31,19,0,18,0,0,0,0,0,0,2,1,6,1,65,9,1560,2,1,-1,3,-1
201543P296025,32,9,0,18,0,0,0,0,0,0,2,1,6,1,54,8,-1,-1,-1,-1,-1,-1
201543P296025,33,9,0,18,0,0,0,0,0,0,2,1,6,1,31,6,2706,1,1,-1,1,-1
201543P296025,34,9,0,18,0,0,0,0,0,0,2,1,6,1,45,7,1461,2,1,-1,3,-1
201543P296025,35,9,0,18,0,0,0,0,0,0,2,1,6,1,40,7,-1,-1,-1,-1,1,-1
201543P296025,36,9,0,18,0,0,0,0,0,0,2,1,6,1,22,5,1199,1,13,-1,1,-1
201543P296025,37,9,0,18,0,0,0,0,0,0,1,1,6,1,50,8,1997,2,7,-1,-1,-1
201543P296055,1,9,0,9,0,8,0,0,0,0,1,1,6,1,18,4,1390,1,11,-1,1,-1
201543P296055,2,9,0,18,0,8,5,0,1,0,3,1,6,1,28,6,-1,-1,-1,-1,1,-1
201543P296065,1,9,0,9,0,5,0,0,0,0,4,1,2,2,58,9,-1,-1,-1,-1,3,-1
201543P296065,2,1,0,18,0,8,0,0,0,0,1,1,4,1,15,3,-1,-1,-1,-1,1,-1
201543P296075,1,19,0,16,0,0,5,0,0,0,1,1,1,1,25,5,2198,2,1,-1,1,-1
201543P296075,2,9,0,17,0,0,0,0,0,0,1,1,2,2,35,6,1560,2,1,-1,1,-1
201543P296075,3,19,0,17,0,0,0,0,0,0,1,1,1,1,71,10,2198,2,5,-1,3,-1
201543P296075,4,9,0,17,0,0,0,0,0,0,1,1,6,1,61,9,1598,1,1,-1,1,-1
201543P296085,1,9,0,17,0,0,1,10,1,0,4,1,2,1,21,5,2000,1,14,-1,2,-1
201543P296085,2,1,0,16,0,0,0,0,0,0,0,1,2,2,49,8,-1,-1,-1,-1,1,-1
201543P296085,3,9,0,16,0,0,0,0,0,0,0,1,2,2,-1,-1,1598,1,11,-1,-1,-1
201543P296115,1,9,0,9,0,6,0,0,0,0,1,1,6,1,82,11,1598,1,8,-1,3,-1
201543P296115,2,5,0,18,0,8,0,0,0,0,1,1,6,1,53,8,1237,1,4,-1,2,-1
201543P296125,1,9,0,18,0,4,0,0,0,0,3,1,6,3,-1,-1,-1,-1,-1,-1,-1,-1
201543P296125,2,1,0,9,0,8,0,0,0,0,1,1,6,1,59,9,-1,-1,-1,-1,1,-1
201543P297015,1,1,0,5,0,0,0,0,0,0,4,1,4,2,16,4,-1,-1,-1,-1,1,-1
201543P297015,2,9,0,18,0,0,0,0,0,0,1,1,6,1,53,8,1956,2,2,-1,1,-1
201543P297015,3,19,0,18,0,0,0,0,0,0,0,1,6,3,-1,-1,-1,-1,-1,-1,-1,-1
201543P297025,1,9,0,18,0,0,1,0,0,0,1,1,6,1,30,6,1995,2,5,-1,1,-1
201543P297025,2,9,0,18,0,0,0,0,0,0,2,1,6,2,21,5,-1,-1,-1,-1,2,-1
201543P297025,3,9,0,18,0,0,0,0,0,0,2,1,6,1,55,8,1596,1,5,-1,2,-1
201543P297025,4,9,0,18,0,0,0,0,0,0,2,1,6,2,44,7,1364,1,9,-1,1,-1
201543P297085,1,9,0,18,0,8,0,0,0,0,2,1,6,1,34,6,-1,-1,-1,-1,1,-1
201543P297085,2,9,0,5,0,4,0,0,0,0,1,1,6,2,18,4,1248,2,8,-1,1,-1
201543P297095,1,9,0,7,0,4,0,0,0,0,1,1,2,2,36,7,-1,-1,-1,-1,1,-1
201543P297095,2,1,0,18,0,8,0,0,0,0,4,1,2,1,62,9,-1,-1,-1,-1,1,-1
201543P297125,1,3,0,9,0,8,1,0,0,0,1,1,6,1,21,5,125,1,-1,-1,1,-1
201543P297125,2,8,0,9,0,8,0,0,0,0,3,1,1,1,31,6,1797,8,5,-1,1,-1
201543P298015,1,9,0,11,0,3,0,0,0,0,4,1,6,2,31,6,1984,1,11,-1,1,-1
201543P298015,2,2,0,9,0,8,0,0,0,0,3,1,6,2,19,4,49,1,5,-1,1,-1
201543P298025,1,9,0,18,0,6,0,0,0,0,1,1,6,2,35,6,1339,8,3,-1,-1,-1
201543P298055,1,9,0,18,0,2,0,0,0,0,1,1,2,2,48,8,1398,2,9,-1,1,-1
201543P298055,2,9,0,4,0,2,0,0,0,0,2,1,2,2,65,9,998,1,5,-1,1,-1
201543P298095,1,9,0,18,0,0,0,0,0,0,1,1,6,1,-1,-1,-1,-1,-1,-1,-1,-1
201543P298105,1,9,0,18,0,0,0,0,0,0,1,1,6,1,60,9,2400,2,8,-1,3,-1
201543P299045,1,1,0,18,0,1,0,0,0,0,1,1,2,1,40,7,-1,-1,-1,-1,1,-1
201543P299045,2,19,0,3,0,2,0,0,0,0,2,1,6,1,-1,-1,-1,-1,-1,-1,-1,-1
201543P299055,1,19,0,18,0,0,1,0,1,4,1,1,1,1,51,8,2287,2,1,-1,1,-1
201543P299055,2,21,0,18,0,0,0,0,0,0,2,1,1,1,61,9,12419,2,3,-1,1,-1
201543P299075,1,9,0,17,0,1,2,0,1,9,1,1,6,1,21,5,1198,1,10,-1,3,-1
201543P299105,1,9,0,18,0,0,0,0,0,0,4,1,6,3,-1,-1,-1,-1,-1,-1,-1,-1
201543P299125,1,9,0,18,0,0,0,0,0,0,1,1,2,1,57,9,1242,1,6,-1,3,-1
201543P299125,2,1,0,18,0,0,0,0,1,4,2,1,6,1,52,8,-1,-1,-1,-1,2,-1
201543P300045,1,9,0,18,0,1,0,0,0,0,1,1,6,1,24,5,1360,1,12,-1,1,-1
201543P300045,2,9,0,9,0,5,0,0,0,0,3,1,6,2,51,8,1598,1,12,-1,2,-1
201543P300125,1,9,0,1,9,1,0,0,0,0,4,1,3,2,44,7,1368,1,5,-1,1,-1
201543P301025,1,3,0,18,0,1,0,0,0,0,1,1,6,1,20,4,124,1,13,-1,-1,-1
201543P301025,2,22,0,5,0,8,0,0,0,0,1,1,6,1,51,8,-1,-1,-1,-1,1,-1
201543P301045,1,19,0,9,0,6,0,0,0,0,1,1,1,1,40,7,2198,2,1,-1,1,-1
201543P301045,2,9,0,4,0,1,0,0,0,0,1,1,6,2,30,6,1229,1,3,-1,-1,-1
201543P301075,1,3,0,18,0,0,0,0,0,0,0,1,2,1,22,5,125,1,-1,-1,1,-1
201543P301095,1,9,0,7,0,8,0,0,0,0,4,1,6,1,-1,-1,1389,1,10,-1,-1,-1
201543P301095,2,1,0,15,0,8,0,0,0,0,1,1,6,1,24,5,-1,-1,-1,-1,1,-1
201543P301125,1,9,0,4,0,1,0,0,0,0,1,1,6,2,28,6,1870,2,11,-1,1,-1
201543P301125,2,9,0,4,0,1,0,0,0,0,2,1,6,2,47,8,1956,2,-1,-1,1,-1
201543P301125,3,9,0,4,0,1,0,0,0,0,0,1,6,3,-1,-1,-1,-1,-1,-1,-1,-1
201543P302015,1,9,0,9,0,8,0,0,7,0,1,1,6,2,62,9,1998,2,11,-1,3,-1
201543P302015,2,9,0,15,0,8,0,0,1,0,1,1,6,1,21,5,1560,2,9,-1,1,-1
201543P302105,1,9,0,9,0,6,0,0,0,0,1,1,6,2,22,5,1461,2,10,-1,1,-1
201543P302105,2,9,0,18,0,8,0,0,0,0,4,1,6,2,49,8,1995,2,-1,-1,3,-1
201543P302115,1,20,0,18,0,0,2,0,0,0,1,1,1,1,24,5,-1,-1,-1,-1,2,-1
201543P302115,2,9,0,3,0,0,0,0,0,0,2,1,6,1,28,6,1598,1,8,-1,3,-1
201543P302115,3,9,0,3,0,0,0,0,0,0,2,1,6,2,59,9,1149,1,9,-1,-1,-1
201543P302115,4,9,0,3,0,0,0,0,0,0,2,1,6,2,27,6,1896,2,8,-1,-1,-1
201543P302125,1,9,0,5,0,4,0,0,0,0,3,1,2,1,36,7,1910,2,8,-1,-1,-1
201543P302125,2,5,0,9,0,8,0,0,0,0,4,1,2,1,56,9,1198,1,5,-1,2,-1
201543P303025,1,9,0,16,0,1,1,0,7,4,1,1,2,2,22,5,-1,-1,-1,-1,3,-1
201543P303045,1,9,0,11,0,3,0,0,0,0,0,1,6,1,50,8,1797,8,5,-1,-1,-1
201543P303045,2,9,0,7,0,3,0,0,0,0,2,1,6,2,44,7,1242,1,4,-1,1,-1
201543P303045,3,19,0,7,0,3,0,0,0,0,1,1,6,1,45,7,1998,2,10,-1,1,-1
201543P303075,1,9,0,9,0,6,0,0,0,0,1,1,6,2,45,7,1560,2,6,-1,3,-1
201543P303075,2,9,0,18,0,7,0,0,0,0,1,1,6,2,54,8,1968,2,10,-1,2,-1
201543P303075,3,21,0,10,0,1,0,0,0,0,0,1,1,1,-1,-1,-1,-1,-1,-1,-1,-1
201543P303085,1,9,0,18,0,0,0,0,0,0,1,1,6,2,-1,-1,1598,1,7,-1,-1,-1
201543P303085,2,9,0,3,0,0,0,0,0,0,4,1,6,1,42,7,1956,2,2,-1,1,-1
201543P303105,1,9,0,9,0,6,0,0,0,0,1,1,6,2,55,8,1951,2,12,-1,1,-1
201543P303105,2,9,0,18,0,8,0,0,0,0,1,1,6,2,46,8,1397,1,1,-1,1,-1
201543P303125,1,9,0,18,0,1,0,0,0,0,1,1,6,1,-1,-1,1388,1,13,-1,-1,-1
201543P303125,2,9,0,10,0,8,0,0,0,0,2,1,6,1,47,8,1968,2,1,-1,3,-1
201543P304015,1,9,0,18,0,0,2,0,1,4,4,1,6,1,24,5,-1,-1,-1,-1,1,-1
201543P304025,1,21,1,18,0,0,4,0,0,0,4,1,1,1,41,7,-1,-1,-1,-1,1,-1
201543P304045,1,3,0,7,0,8,1,0,0,0,4,1,6,1,25,5,125,1,1,-1,3,-1
201543P304105,1,9,0,4,0,0,0,0,0,0,1,1,6,1,27,6,-1,-1,-1,-1,1,-1
201543P304105,2,9,0,4,0,0,0,0,0,0,1,1,1,2,32,6,1242,1,4,-1,1,-1
201543P304105,3,9,0,4,0,0,0,0,0,0,2,1,6,1,46,8,1956,2,-1,-1,1,-1
201543P304115,1,9,0,18,0,0,1,0,8,4,1,1,6,1,31,6,1997,1,16,-1,3,-1
201543P304125,1,9,0,4,0,1,0,0,0,0,1,1,6,1,78,11,1598,1,3,-1,1,-1
201543P304125,2,9,0,4,0,1,0,0,0,0,2,1,6,2,46,8,2324,1,16,-1,1,-1
201543P305015,1,21,1,18,0,0,2,0,6,6,4,1,1,1,54,8,-1,-1,-1,-1,1,-1
201543P305015,2,19,0,18,0,0,1,0,6,6,3,1,1,1,65,9,-1,-1,-1,-1,1,-1
201543P305015,3,9,0,18,0,0,1,0,1,6,1,1,2,1,50,8,1968,2,2,-1,3,-1
201543P305015,4,19,0,18,0,0,0,0,0,0,1,1,1,1,27,6,2198,2,4,-1,1,-1
201543P305045,1,9,0,17,0,2,5,0,1,11,1,1,6,1,18,4,1595,1,9,-1,1,-1
201543P305055,1,19,0,9,0,8,0,0,0,0,1,1,1,1,69,10,1461,2,6,-1,1,-1
201543P305055,2,11,0,18,0,8,0,0,0,0,1,1,1,1,46,8,4500,2,4,-1,1,-1
201543P305075,1,8,0,5,0,0,0,0,0,0,0,1,1,1,-1,-1,-1,-1,-1,-1,-1,-1
201543P305105,1,9,0,5,0,4,0,0,0,0,1,1,6,2,44,7,2143,2,-1,-1,1,-1
201543P305105,2,8,0,3,0,4,0,0,0,0,2,1,1,1,54,8,-1,-1,-1,-1,2,-1
201543P305115,1,9,0,9,0,5,0,0,0,0,1,1,6,2,92,11,1400,1,17,-1,1,-1
201543P305115,2,19,0,18,0,8,0,0,0,0,1,1,1,2,42,7,1248,2,5,-1,1,-1