Accident_Index,Vehicle_Reference,Vehicle_Type,Towing_and_Articulation,Vehicle_Manoeuvre,Vehicle_Location-Restricted_Lane,Junction_Location,Skidding_and_Overturning,Hit_Object_in_Carriageway,Vehicle_Leaving_Carriageway,Hit_Object_off_Carriageway,1st_Point_of_Impact,Was_Vehicle_Left_Hand_Drive?,Journey_Purpose_of_Driver,Sex_of_Driver,Age_of_Driver,Age_Band_of_Driver,Engine_Capacity_(CC),Propulsion_Code,Age_of_Vehicle,Driver_IMD_Decile,Driver_Home_Area_Type,Vehicle_IMD_Decile
201543P330065,1,9,0,7,0,1,0,0,0,0,3,1,6,2,45,7,1984,1,11,-1,3,-1
201543P330065,2,1,0,16,0,1,1,0,0,0,3,1,6,1,50,8,-1,-1,-1,-1,1,-1
201543P330075,1,5,0,13,0,0,0,10,0,0,0,1,1,1,48,8,680,1,9,-1,1,-1
201543P330075,2,9,0,18,0,0,0,0,0,0,0,1,6,1,34,6,1968,2,5,-1,3,-1
201543P330115,1,9,0,7,0,6,1,0,0,0,1,1,6,2,18,4,1388,1,12,-1,1,-1
201543P330115,2,9,0,18,0,1,0,0,0,0,1,1,6,1,57,9,2488,2,4,-1,3,-1
201543P330125,1,9,0,18,0,0,0,0,0,0,1,1,6,2,53,8,-1,-1,-1,-1,1,-1
201543P331035,1,9,0,17,0,2,1,0,1,11,1,1,2,1,27,6,-1,-1,-1,-1,1,-1
201543P331045,1,9,0,9,0,6,0,0,0,0,1,1,6,2,53,8,1598,1,4,-1,1,-1
201543P331045,2,9,0,18,0,8,0,0,0,0,4,1,6,1,55,8,2521,1,12,-1,1,-1
201543P331065,1,9,0,18,0,0,0,0,0,0,1,1,6,1,-1,-1,-1,-1,-1,-1,-1,-1
201543P331065,2,1,0,18,0,0,0,0,0,0,2,1,2,2,22,5,-1,-1,-1,-1,2,-1
201543P331115,1,9,0,11,0,0,0,0,0,0,1,1,6,2,26,6,1329,1,4,-1,1,-1
201543P331115,2,5,0,3,0,0,0,0,0,0,3,1,6,1,49,8,1170,1,7,-1,1,-1
201543P331125,1,9,0,9,0,5,0,0,0,0,1,1,6,2,40,7,1360,1,13,-1,1,-1
201543P331125,2,1,0,18,0,8,0,0,0,0,3,1,6,1,34,6,-1,-1,-1,-1,-1,-1
201543P332045,1,9,0,9,0,6,0,0,0,0,1,1,2,1,25,5,1995,2,6,-1,1,-1
201543P332045,2,1,0,18,4,8,0,0,0,0,1,1,6,2,53,8,-1,-1,-1,-1,1,-1
201543P332075,1,9,0,16,0,0,0,0,7,9,1,1,6,2,69,10,1900,2,11,-1,3,-1
201543P332095,1,9,0,18,0,1,0,0,0,0,1,1,6,3,-1,-1,-1,-1,-1,-1,-1,-1
201543P332095,2,9,0,3,0,1,0,0,0,0,2,1,2,1,34,6,-1,-1,-1,-1,1,-1
201543P332095,3,9,0,10,0,1,0,0,0,0,2,1,2,2,56,9,1242,1,6,-1,1,-1
201543P332115,1,9,0,18,0,0,0,0,5,6,1,1,6,2,26,6,1390,1,13,-1,1,-1
201543P333035,1,9,0,18,0,0,0,0,0,0,1,1,6,3,27,6,1598,1,11,-1,1,-1
201543P333035,2,2,0,18,0,0,0,0,0,0,2,1,6,1,-1,-1,49,1,6,-1,1,-1
201543P333045,1,9,0,18,0,0,5,0,2,4,4,1,6,1,17,4,1229,1,10,-1,2,-1
201543P333045,2,9,0,13,0,0,0,0,0,0,0,1,6,1,18,4,-1,-1,-1,-1,3,-1
201543P333065,1,1,0,18,0,0,0,8,0,0,1,1,6,2,25,5,-1,-1,-1,-1,1,-1
201543P333065,2,9,0,2,6,0,0,0,0,0,3,1,6,1,64,9,998,1,3,-1,1,-1
201543P333125,1,9,0,18,0,0,1,0,0,0,1,1,6,1,67,10,1560,2,3,-1,1,-1
201543P333125,2,9,0,18,0,0,1,10,0,0,1,1,6,1,39,7,1984,1,6,-1,2,-1
201543P334035,1,9,0,13,0,0,0,0,0,0,1,1,6,2,81,11,1995,2,13,-1,1,-1
201543P334035,2,9,0,18,0,0,0,0,0,0,1,1,2,2,50,8,995,1,6,-1,3,-1
201543P334035,3,9,0,18,0,0,0,0,0,0,1,1,6,2,24,5,1560,2,3,-1,2,-1
201543P334075,1,9,0,18,0,0,0,0,0,0,4,1,6,2,-1,-1,-1,-1,-1,-1,-1,-1
201543P334095,1,9,0,5,0,0,0,0,0,0,1,1,6,1,33,6,-1,-1,-1,-1,-1,-1
201543P334095,2,2,0,5,0,0,0,0,0,0,2,1,6,2,38,7,49,1,2,-1,-1,-1
201543P334105,1,9,0,9,0,6,0,0,0,0,1,1,6,1,46,8,1753,2,8,-1,1,-1
201543P334105,2,1,0,18,0,8,0,0,0,0,4,1,6,1,63,9,-1,-1,-1,-1,1,-1
201543P334115,1,9,0,18,0,6,0,0,0,0,1,1,6,2,22,5,1598,1,8,-1,-1,-1
201543P334115,2,9,0,18,0,8,0,0,0,0,1,1,6,2,36,7,1400,1,15,-1,1,-1
201543P334125,1,9,0,18,0,0,0,0,0,0,1,1,6,1,-1,-1,1598,1,8,-1,-1,-1
201543P335095,1,9,0,16,0,0,2,0,1,9,3,1,2,1,64,9,1497,1,10,-1,3,-1
201543P335105,1,9,0,18,0,0,1,0,1,9,4,1,6,1,32,6,1995,2,11,-1,1,-1
201543P336015,1,19,0,18,0,0,0,0,0,0,1,1,1,1,42,7,-1,-1,-1,-1,1,-1
201543P336015,2,19,0,18,0,0,0,0,0,0,1,1,2,1,37,7,-1,-1,-1,-1,1,-1
201543P336075,1,9,0,17,0,8,0,0,0,0,0,1,6,3,-1,-1,-1,-1,-1,-1,-1,-1
201543P336075,2,11,0,16,0,8,0,0,0,0,0,1,1,1,37,7,6370,2,7,-1,1,-1
201543P336095,1,9,0,18,0,2,0,0,0,0,1,1,6,1,22,5,1998,1,11,-1,1,-1
201543P336105,1,5,0,18,0,4,1,9,3,10,1,1,2,1,38,7,999,1,23,-1,1,-1
201543P336115,1,9,0,18,0,1,0,0,0,0,1,1,6,2,78,11,1596,1,9,-1,1,-1
201543P336115,2,9,0,4,0,1,0,0,0,0,2,1,6,1,57,9,1360,1,8,-1,3,-1
201543P336115,3,9,0,18,0,1,0,0,0,0,1,1,6,1,75,10,1600,1,17,-1,-1,-1
201543P336115,4,9,0,3,0,1,0,0,0,0,2,1,6,1,51,8,-1,-1,-1,-1,3,-1
201543P336115,5,9,0,10,0,1,0,0,0,0,2,1,6,1,71,10,1499,1,1,-1,1,-1
201543P337015,1,9,0,16,0,2,1,0,0,0,1,1,6,2,87,11,-1,-1,-1,-1,2,-1
201543P337015,2,19,0,17,0,1,0,0,1,0,1,1,6,1,48,8,-1,-1,-1,-1,2,-1
201543P337065,1,9,0,2,0,0,0,0,0,0,1,1,6,1,68,10,1794,1,13,-1,2,-1
201543P337065,2,4,0,18,0,0,1,0,0,0,1,1,6,1,69,10,-1,-1,-1,-1,3,-1
201543P337095,1,9,0,17,0,1,0,0,0,0,1,1,6,1,44,7,1497,8,7,-1,1,-1
201543P337095,2,1,0,18,0,2,0,0,0,0,3,1,4,1,12,3,-1,-1,-1,-1,1,-1
201543P338015,1,9,0,18,0,0,0,0,0,0,1,1,6,2,18,4,998,1,3,-1,3,-1
201543P338015,2,9,0,18,0,0,0,0,0,0,1,1,6,2,46,8,-1,-1,-1,-1,2,-1
201543P338045,1,9,0,9,0,6,0,0,0,0,3,1,2,2,-1,-1,1968,2,3,-1,3,-1
201543P338045,2,19,0,18,0,1,0,0,0,0,1,1,1,1,48,8,1968,2,-1,-1,1,-1
201543P338045,3,19,0,18,0,1,0,0,0,0,3,1,1,1,-1,-1,2198,2,-1,-1,-1,-1
201543P338045,4,9,0,2,0,1,0,0,0,0,3,1,6,3,-1,-1,-1,-1,-1,-1,-1,-1
201543P338065,1,9,0,9,0,8,0,0,0,0,3,1,6,1,45,7,1797,8,1,-1,1,-1
201543P338065,2,1,0,14,0,2,0,0,0,0,4,1,6,2,22,5,-1,-1,-1,-1,-1,-1
201543P338075,1,1,0,18,5,8,0,0,0,0,1,1,6,1,25,5,-1,-1,-1,-1,-1,-1
201543P338075,2,9,0,9,0,5,0,0,0,0,1,1,6,2,37,7,1997,2,-1,-1,1,-1
201543P338105,1,9,0,18,0,0,0,0,0,0,1,1,6,3,-1,-1,-1,-1,-1,-1,-1,-1
201543P338105,2,1,0,18,0,0,0,0,0,0,2,1,6,1,15,3,-1,-1,-1,-1,1,-1
201543P339015,1,9,0,17,0,0,1,0,0,0,1,1,1,1,22,5,-1,-1,-1,-1,1,-1
201543P339015,2,9,0,16,0,0,1,0,0,0,1,1,6,2,77,11,1396,2,5,-1,3,-1
201543P339045,1,9,0,6,0,1,0,0,0,0,3,1,6,2,48,8,1896,2,10,-1,1,-1
201543P339045,2,5,0,13,0,1,0,0,0,0,1,1,6,1,43,7,471,1,1,-1,3,-1
201543P339105,1,9,0,18,0,8,0,0,0,0,1,1,6,1,-1,-1,998,1,3,-1,-1,-1
201543P339115,1,19,0,4,0,0,1,0,0,0,1,1,2,1,56,9,2494,2,13,-1,1,-1
201543P339115,2,9,0,4,0,0,0,0,0,0,2,1,2,2,38,7,1395,1,-1,-1,1,-1
201543P339125,1,1,0,18,0,1,0,0,1,10,1,1,6,2,27,6,-1,-1,-1,-1,1,-1
201543P340015,1,9,0,9,0,4,0,0,0,0,1,1,6,2,60,9,1796,1,1,-1,1,-1
201543P340015,2,1,0,18,0,8,0,0,0,0,4,1,2,1,24,5,-1,-1,-1,-1,1,-1
201543P340065,1,9,0,18,0,4,0,0,0,0,1,1,6,1,-1,-1,1598,1,15,-1,-1,-1
201543P340065,2,9,0,3,0,4,0,0,0,0,2,1,6,2,26,6,-1,-1,-1,-1,1,-1
201543P340075,1,9,0,16,0,0,1,0,1,0,3,1,6,1,69,10,1870,2,8,-1,2,-1
201543P340075,2,9,0,16,0,0,1,0,1,0,1,1,6,2,24,5,1587,1,15,-1,2,-1
201543P340105,1,9,0,9,0,8,0,0,0,0,1,1,6,2,35,6,1968,2,11,-1,3,-1
201543P340105,2,19,0,18,0,8,0,0,0,0,1,1,6,1,55,8,1968,2,5,-1,2,-1
201543P340115,1,9,0,4,0,0,0,0,0,0,1,1,6,1,42,7,1968,2,1,-1,1,-1
201543P340115,2,9,0,3,0,0,0,0,0,0,2,1,6,2,64,9,998,1,2,-1,3,-1
201543P341015,1,9,0,7,0,5,0,0,0,0,4,1,1,1,29,6,1598,2,1,-1,1,-1
201543P341015,2,1,0,12,0,1,0,0,0,0,3,1,6,1,49,8,-1,-1,-1,-1,1,-1
201543P341035,1,21,1,7,0,4,0,0,0,0,0,1,1,1,-1,-1,-1,-1,-1,-1,-1,-1
201543P341035,2,9,0,18,0,8,0,0,0,0,2,1,2,1,48,8,1968,2,2,-1,1,-1
201543P341035,3,9,0,18,0,8,0,0,0,0,1,1,1,1,42,7,-1,-1,-1,-1,1,-1
201543P341075,1,9,0,18,0,0,0,0,0,0,1,1,6,1,28,6,1360,1,11,-1,1,-1
201543P341075,2,9,0,18,0,0,0,0,0,0,2,1,6,2,23,5,1596,1,5,-1,1,-1
201543P341105,1,11,0,18,0,1,0,0,0,0,1,1,1,1,29,6,4250,2,5,-1,-1,-1
201543P341105,2,9,0,4,0,1,0,0,0,0,2,1,2,2,56,9,-1,-1,-1,-1,1,-1
201543P341115,1,9,0,17,0,8,1,0,7,0,1,1,6,1,34,6,-1,-1,-1,-1,2,-1
201543P341115,2,9,0,16,0,8,1,0,1,9,1,1,6,1,19,4,1400,1,15,-1,2,-1
201543P341125,1,9,0,7,0,2,0,0,0,0,3,1,6,3,-1,-1,-1,-1,-1,-1,-1,-1
201543P341125,2,9,0,10,0,1,0,0,0,0,3,1,6,1,47,8,2198,1,13,-1,-1,-1
201543P342015,1,9,0,18,0,1,0,0,0,0,1,1,6,2,18,4,-1,-1,-1,-1,3,-1
201543P342015,2,9,0,10,0,1,0,0,0,0,2,1,6,1,44,7,2204,2,8,-1,2,-1
201543P342035,1,5,0,18,0,1,1,11,0,0,1,1,1,1,52,8,647,1,13,-1,1,-1
201543P342065,1,9,0,13,0,0,1,0,5,6,1,1,2,1,19,4,1242,1,7,-1,3,-1
201543P342065,2,21,1,18,0,0,1,0,0,0,1,1,1,1,64,9,12900,2,3,-1,1,-1
201543P342075,1,9,0,17,0,0,1,0,1,9,1,1,6,2,31,6,1600,1,15,-1,1,-1
201543P342095,1,9,0,18,0,8,0,0,0,0,1,1,6,3,-1,-1,1968,2,9,-1,-1,-1
201543P342095,2,9,0,18,0,8,0,0,7,2,4,1,6,1,19,4,-1,-1,-1,-1,1,-1
201543P342115,1,8,0,18,0,0,0,0,0,0,0,1,1,1,-1,-1,-1,-1,-1,-1,-1,-1
201543P342115,2,1,0,9,0,0,0,0,0,0,0,1,6,2,19,4,-1,-1,-1,-1,-1,-1
201543P342125,1,9,0,17,0,0,2,0,1,11,4,1,6,1,24,5,1794,1,10,-1,1,-1
201543P343015,1,9,0,18,0,1,0,0,0,0,1,1,6,1,46,8,-1,3,1,-1,3,-1
201543P343035,1,9,0,2,0,1,0,0,0,0,0,1,6,2,25,5,1685,2,2,-1,3,-1
201543P343075,1,19,0,5,8,2,0,0,0,0,3,1,6,1,61,9,1753,2,12,-1,1,-1
201543P343075,2,9,0,18,0,2,0,0,1,10,1,1,2,2,49,8,-1,-1,-1,-1,1,-1
201543P343095,1,8,0,9,0,5,0,0,0,0,4,1,1,1,49,8,1560,2,4,-1,1,-1
201543P344035,1,19,0,18,0,1,0,0,0,0,2,1,1,1,26,6,2402,2,14,-1,1,-1
201543P344035,2,9,0,3,0,1,0,0,0,0,1,1,6,2,54,8,1998,2,9,-1,-1,-1
201543P344035,3,9,0,9,0,6,0,0,0,0,0,1,6,3,-1,-1,-1,-1,-1,-1,-1,-1
201543P344065,1,9,0,17,0,0,1,0,7,10,1,1,6,2,18,4,1598,1,13,-1,1,-1
201543P344075,1,9,0,9,0,5,0,0,0,0,4,1,6,1,63,9,1796,1,13,-1,1,-1
201543P344075,2,4,0,18,0,1,1,0,0,0,1,1,1,1,32,6,499,1,21,-1,1,-1
201543P344105,1,9,0,7,0,5,0,0,0,0,4,1,6,2,40,7,-1,-1,-1,-1,-1,-1
201543P344105,2,1,0,18,0,1,0,0,0,0,3,1,1,2,20,4,-1,-1,-1,-1,1,-1
201543P345015,1,9,0,18,0,1,0,0,0,0,1,1,6,1,23,5,999,1,14,-1,1,-1
201543P345015,2,9,0,9,0,1,0,0,0,0,2,1,1,2,53,8,1328,1,7,-1,1,-1
201543P345035,1,9,0,18,0,0,0,0,6,6,1,1,6,1,39,7,1995,2,13,-1,2,-1
201543P345045,1,9,0,12,0,0,2,0,0,0,4,1,2,2,22,5,1248,2,2,-1,1,-1
201543P345045,2,9,0,4,0,0,0,0,0,0,3,1,2,1,62,9,1796,2,3,-1,2,-1
201543P345095,1,9,0,14,0,0,0,4,0,0,1,1,6,2,81,11,998,1,6,-1,3,-1
201543P345095,2,9,0,2,0,0,0,0,0,0,1,1,6,3,21,5,1598,1,8,-1,-1,-1
201543P345095,3,9,0,2,0,0,0,0,0,0,1,1,6,3,25,5,1389,1,11,-1,-1,-1
201543P346035,1,9,0,17,0,0,0,0,0,0,1,1,6,2,48,8,-1,-1,-1,-1,3,-1
201543P346035,2,9,0,17,0,0,0,0,0,0,2,1,6,2,62,9,2191,2,-1,-1,3,-1
201543P346035,3,90,0,2,0,0,0,0,0,0,0,1,1,1,47,8,6370,2,12,-1,1,-1
201543P346045,1,19,0,9,0,6,0,0,0,0,3,1,1,1,35,6,1598,2,3,-1,-1,-1
201543P346045,2,9,0,18,0,8,0,0,0,0,3,1,1,1,46,8,1798,1,8,-1,3,-1
201543P346115,1,9,0,18,0,0,1,10,0,0,3,1,2,1,53,8,1984,1,3,-1,1,-1
201543P346115,2,19,0,18,0,0,2,10,1,4,3,1,2,1,50,8,2500,2,13,-1,2,-1
201543P347015,1,9,0,16,0,0,1,0,0,0,1,1,6,1,83,11,-1,-1,-1,-1,3,-1
201543P347015,2,9,0,17,0,0,0,0,0,0,1,1,6,1,63,9,-1,-1,-1,-1,2,-1
201543P347015,3,9,0,16,0,0,1,0,0,0,1,1,6,2,84,11,-1,-1,-1,-1,-1,-1
201543P347015,4,9,0,17,0,0,1,0,0,0,1,1,6,2,31,6,1598,1,5,-1,1,-1
201543P347065,1,9,0,18,9,0,0,0,1,0,1,1,6,1,20,4,1242,1,1,-1,1,-1
201543P347075,1,9,0,12,0,3,0,0,0,0,3,1,6,1,-1,-1,-1,-1,-1,-1,1,-1
201543P347075,2,9,0,16,0,3,0,0,0,0,4,1,1,1,26,6,1998,1,8,-1,1,-1
201543P347115,1,9,0,9,0,6,0,0,0,0,4,1,3,2,70,10,1794,1,7,-1,3,-1
201543P347115,2,1,0,18,0,8,0,0,0,0,3,1,6,1,52,8,-1,-1,-1,-1,-1,-1
201543P347125,1,9,0,5,0,6,0,0,0,0,1,1,6,1,74,10,-1,-1,-1,-1,3,-1
201543P347125,2,9,0,18,0,8,0,0,0,0,1,1,6,2,30,6,3189,1,12,-1,2,-1
201543P348015,1,1,0,18,0,0,0,0,0,0,1,1,6,1,-1,-1,-1,-1,-1,-1,-1,-1
201543P348045,1,5,0,16,0,1,1,0,7,10,1,1,6,1,52,8,1250,1,7,-1,1,-1
201543P348095,1,5,0,18,0,1,0,0,7,11,1,1,6,1,20,4,-1,-1,-1,-1,3,-1
201543P348095,2,9,0,9,0,5,0,0,7,4,3,1,6,2,52,8,-1,-1,-1,-1,1,-1
201543P349065,1,9,0,18,0,0,1,0,5,6,1,1,6,2,26,6,1199,1,13,-1,1,-1
201543P349075,1,9,0,18,0,4,2,0,3,10,1,1,6,1,20,4,1997,2,-1,-1,-1,-1
201543P349115,1,8,0,18,0,1,0,0,0,0,1,1,1,1,20,4,2664,2,13,-1,1,-1
201543P349115,2,9,0,18,0,1,0,0,0,0,2,1,6,1,47,8,2461,2,11,-1,1,-1
201543P350015,1,9,0,18,0,0,0,0,0,0,1,1,6,1,27,6,-1,-1,-1,-1,1,-1
201543P350015,2,9,0,18,0,0,0,0,0,0,2,1,6,3,-1,-1,1997,2,16,-1,1,-1
201543P350015,3,9,0,18,0,0,0,0,0,0,1,1,6,2,58,9,2993,2,4,-1,3,-1
201543P350045,1,19,0,18,0,1,0,0,0,0,1,1,1,1,24,5,2198,2,2,-1,2,-1
201543P350045,2,9,0,4,0,1,0,0,0,0,2,1,6,2,39,7,1248,1,1,-1,1,-1
201543P350045,3,9,0,10,0,1,0,0,0,0,2,1,6,1,22,5,1905,2,18,-1,1,-1
201543P350045,4,9,0,18,0,1,0,0,0,0,1,1,6,1,83,11,1598,1,7,-1,1,-1
201543P350115,1,9,0,17,0,0,1,0,8,4,1,1,2,1,25,5,1229,1,2,-1,2,-1
201543P350125,1,19,0,4,0,1,0,0,0,0,1,1,6,1,43,7,1248,2,7,-1,1,-1
201543P350125,2,9,0,7,0,6,0,0,0,0,1,1,6,2,36,7,1997,2,5,-1,3,-1
201543P351095,1,9,0,16,0,0,0,0,0,0,1,1,2,1,37,7,1896,2,10,-1,1,-1
201543P351095,2,9,0,16,0,0,0,0,0,0,2,1,2,1,65,9,1999,1,7,-1,1,-1
201543P351095,3,21,0,17,0,0,0,0,0,0,0,1,1,1,53,8,11705,2,9,-1,-1,-1
201543P352065,1,9,0,18,0,8,0,0,3,4,4,1,6,1,81,11,1396,1,7,-1,1,-1
201543P352065,2,9,0,18,0,1,1,0,0,0,1,1,6,1,36,7,1968,2,2,-1,3,-1
201543P352075,1,9,0,18,0,2,0,0,1,11,4,1,2,1,22,5,2148,2,10,-1,1,-1
201543P352115,1,9,0,14,0,1,0,0,0,0,1,1,3,2,44,7,2401,2,10,-1,3,-1
201543P352115,2,11,0,3,0,1,0,0,0,0,0,1,1,3,-1,-1,-1,-1,-1,-1,-1,-1
201543P353035,1,9,0,18,0,1,0,0,0,0,1,1,6,2,-1,-1,1124,1,12,-1,-1,-1
201543P353045,1,9,0,14,0,0,0,4,0,0,1,1,6,1,57,9,1970,1,15,-1,2,-1
201543P353045,2,9,0,2,0,0,0,0,0,0,2,1,6,3,-1,-1,1229,1,7,-1,-1,-1
201543P353065,1,9,0,18,0,0,0,0,0,0,1,1,6,1,24,5,1598,1,8,-1,1,-1
201543P353065,2,9,0,3,0,0,0,0,0,0,2,1,6,1,33,6,1598,1,8,-1,1,-1
201543P353065,3,19,0,5,0,0,1,0,0,0,2,1,6,1,24,5,2287,2,-1,-1,1,-1
201543P353105,1,21,0,12,0,0,0,0,0,0,3,1,1,1,38,7,10837,2,7,-1,-1,-1
201543P353105,2,9,0,18,0,0,0,0,0,0,4,1,2,1,45,7,1497,1,13,-1,1,-1
201543P354065,1,3,0,5,9,0,0,0,3,4,3,1,1,2,22,5,125,1,1,-1,1,-1
201543P355035,1,2,0,18,0,6,0,0,0,0,3,1,2,1,20,4,125,1,5,-1,1,-1
201543P355035,2,9,0,18,0,8,0,0,0,0,1,1,2,2,51,8,1596,1,5,-1,1,-1
201543P355065,1,3,0,18,0,1,1,0,0,0,1,1,6,1,33,6,125,1,3,-1,1,-1
201543P355065,2,9,0,3,0,1,0,0,0,0,2,1,6,1,55,8,2148,2,13,-1,1,-1
201543P355105,1,9,0,9,0,2,0,0,0,0,4,1,6,1,38,7,-1,-1,-1,-1,2,-1
201543P355105,2,5,0,5,0,2,0,0,0,0,3,1,6,1,64,9,660,1,9,-1,2,-1
201543P355125,1,9,0,4,0,1,0,0,0,0,0,1,6,3,-1,-1,1390,1,14,-1,1,-1
201543P355125,2,97,0,18,0,1,0,0,0,0,4,1,6,1,42,7,124,1,8,-1,1,-1
201543P355125,3,9,0,2,0,1,0,0,0,0,3,1,6,2,63,9,-1,-1,-1,-1,2,-1
201543P356095,1,9,0,17,0,0,0,0,0,0,3,1,6,1,72,10,-1,-1,-1,-1,3,-1
201543P356095,2,21,0,16,0,0,0,0,0,0,3,1,1,1,31,6,-1,2,12,-1,1,-1
201543P357065,1,9,0,16,0,0,1,0,1,10,1,1,2,2,19,4,1242,1,1,-1,2,-1
201543P357075,1,19,0,18,0,0,0,0,8,4,1,1,1,1,55,8,1560,2,1,-1,2,-1
201543P358045,1,19,0,13,0,0,0,0,0,0,4,1,6,1,29,6,1868,2,16,-1,1,-1
201543P358045,2,1,0,16,0,0,0,0,1,0,3,1,6,1,32,6,-1,-1,-1,-1,1,-1
201543P358065,1,9,0,17,0,0,2,0,1,4,1,1,6,2,46,8,1840,1,16,-1,2,-1
201543P358075,1,9,0,18,0,4,2,7,0,1,1,1,2,1,19,4,999,1,-1,-1,1,-1
201543P358075,2,9,0,9,0,3,0,0,0,0,0,1,6,1,24,5,1597,1,23,-1,1,-1
201543P358105,1,9,0,2,0,0,0,0,0,0,3,1,6,1,33,6,1242,1,16,-1,1,-1
201543P358105,2,1,0,18,0,0,0,8,0,0,1,1,6,2,36,7,-1,-1,-1,-1,1,-1
201543P359045,1,97,0,18,0,0,0,0,0,0,4,1,6,3,-1,-1,-1,-1,-1,-1,-1,-1
201543P359065,1,9,0,9,0,2,0,0,0,0,1,1,6,2,66,10,2494,1,15,-1,1,-1
201543P359065,2,21,1,18,0,1,0,0,0,0,1,1,1,1,50,8,10518,2,2,-1,1,-1
201543P359115,1,9,0,13,0,0,1,0,1,0,1,1,2,1,20,4,998,1,2,-1,1,-1
201543P359115,2,21,1,18,0,0,0,0,0,0,2,1,1,1,57,9,12740,2,2,-1,2,-1
201543P360045,1,5,0,4,0,1,1,0,0,0,0,1,6,1,51,8,-1,-1,-1,-1,2,-1
201543P360065,1,9,0,16,0,8,2,0,3,4,1,1,6,1,63,9,2690,1,17,-1,1,-1
201543P360095,1,9,0,9,0,6,0,0,0,0,3,1,6,1,23,5,1199,1,11,-1,3,-1
201543P360095,2,9,0,18,0,8,0,0,0,0,1,1,6,1,25,5,2996,1,8,-1,2,-1
201543P361045,1,9,0,18,0,0,0,0,0,0,4,1,6,1,-1,-1,-1,-1,-1,-1,-1,-1
201543P361045,2,3,0,18,0,0,0,0,0,0,3,1,2,1,19,4,124,1,6,-1,1,-1
201543P361065,1,9,0,18,0,0,0,0,0,0,1,1,6,1,40,7,1390,1,2,-1,1,-1
201543P361065,2,1,0,18,0,0,0,0,1,0,2,1,6,1,28,6,-1,-1,-1,-1,-1,-1
201543P362095,1,19,0,9,0,8,0,0,0,0,4,1,1,1,18,4,-1,-1,-1,-1,3,-1
201543P362095,2,21,1,18,0,8,0,0,0,0,3,1,1,1,60,9,12902,2,2,-1,1,-1
201543P362115,1,9,0,9,0,5,0,0,0,0,1,1,6,1,21,5,1400,1,12,-1,3,-1
201543P362115,2,9,0,18,0,8,0,0,0,0,1,1,6,1,23,5,1596,1,4,-1,1,-1
201543P364095,1,8,0,7,0,6,0,0,0,0,1,1,1,1,38,7,1997,2,5,-1,1,-1
201543P364095,2,8,0,7,0,2,0,0,0,0,4,1,1,1,28,6,1910,2,7,-1,1,-1
201543P364115,1,9,0,18,0,0,0,0,1,7,1,1,1,1,68,10,1995,2,3,-1,1,-1
201543P365115,1,9,0,18,0,0,1,0,0,0,1,1,6,1,70,10,1968,2,10,-1,1,-1
201543P365115,2,1,0,18,0,0,0,0,0,0,4,1,6,2,22,5,-1,-1,-1,-1,1,-1
201543P366095,1,9,0,18,0,0,0,0,0,0,1,1,1,1,21,5,1360,1,10,-1,1,-1
201543P366095,2,9,0,3,0,0,0,0,0,0,2,1,1,2,55,8,1995,2,1,-1,1,-1
201543P366095,3,9,0,3,0,0,0,0,0,0,2,1,1,1,28,6,1968,2,1,-1,-1,-1
201543P366115,1,9,0,16,0,1,0,0,0,0,0,1,1,1,-1,-1,2268,2,-1,-1,1,-1
201543P366115,2,9,0,16,0,1,1,4,0,0,1,1,6,1,24,5,1995,2,3,-1,1,-1
201543P366115,3,9,0,2,0,2,0,0,7,1,1,1,6,3,-1,-1,1997,2,1,-1,-1,-1
201543P366115,4,9,0,2,0,2,0,0,0,0,4,1,6,3,-1,-1,1997,1,12,-1,-1,-1
201543P367065,1,19,0,18,0,1,1,0,7,0,1,1,1,1,48,8,-1,-1,-1,-1,3,-1
201543P367065,2,9,0,7,0,1,1,0,1,0,2,1,6,1,31,6,998,1,2,-1,2,-1
201543P367095,1,9,0,18,0,0,0,0,0,0,1,1,6,1,70,10,1896,2,15,-1,1,-1
201543P367095,2,1,0,18,0,0,0,0,1,0,1,1,6,1,17,4,-1,-1,-1,-1,1,-1
201543P368065,1,9,0,18,0,4,0,0,0,0,3,1,6,1,86,11,1199,1,11,-1,1,-1
201543P368065,2,1,0,9,0,8,1,0,0,0,4,1,6,1,12,3,-1,-1,-1,-1,1,-1
201543P368095,1,19,0,14,0,0,0,0,0,0,4,1,1,1,47,8,-1,-1,-1,-1,1,-1
201543P369095,1,9,0,18,0,8,2,0,0,0,1,1,1,1,67,10,1968,2,-1,-1,1,-1
201543P369095,2,9,0,18,0,8,0,0,1,0,1,1,1,1,65,9,-1,-1,-1,-1,3,-1
201543P369095,3,9,0,18,0,1,0,0,0,0,1,1,1,1,58,9,2926,2,10,-1,1,-1
201543P370065,1,19,0,17,0,0,5,0,7,9,1,1,6,1,41,7,1998,2,12,-1,1,-1
201543P371065,1,9,0,6,0,0,0,0,0,0,3,1,6,2,42,7,1796,1,11,-1,2,-1
201543P371065,2,5,0,14,0,0,0,0,0,0,1,1,6,1,52,8,1170,1,-1,-1,1,-1
201543P371095,1,9,0,9,0,6,0,0,0,0,0,1,6,3,-1,-1,-1,-1,-1,-1,-1,-1