Accident_Index,Vehicle_Reference,Vehicle_Type,Towing_and_Articulation,Vehicle_Manoeuvre,Vehicle_Location-Restricted_Lane,Junction_Location,Skidding_and_Overturning,Hit_Object_in_Carriageway,Vehicle_Leaving_Carriageway,Hit_Object_off_Carriageway,1st_Point_of_Impact,Was_Vehicle_Left_Hand_Drive?,Journey_Purpose_of_Driver,Sex_of_Driver,Age_of_Driver,Age_Band_of_Driver,Engine_Capacity_(CC),Propulsion_Code,Age_of_Vehicle,Driver_IMD_Decile,Driver_Home_Area_Type,Vehicle_IMD_Decile
201543P371095,2,10,0,18,0,1,0,0,0,0,0,1,1,1,-1,-1,-1,-1,-1,-1,-1,-1
201543P372115,1,9,0,18,0,8,0,0,0,0,1,1,6,1,-1,-1,-1,-1,-1,-1,1,-1
201543P372115,2,21,0,18,0,4,0,0,0,0,3,1,1,1,-1,-1,12740,2,3,-1,-1,-1
201543P373095,1,1,0,4,0,0,0,0,0,0,1,1,6,1,14,3,-1,-1,-1,-1,1,-1
201543P373095,2,8,0,4,0,0,0,0,0,0,0,1,1,3,-1,-1,2664,2,14,-1,-1,-1
201543P373095,3,11,0,2,0,0,0,0,0,0,3,1,6,3,-1,-1,-1,-1,-1,-1,-1,-1
201543P373115,1,9,0,17,0,0,1,0,2,4,4,1,6,1,21,5,796,1,13,-1,1,-1
201543P374065,1,8,0,5,0,0,0,0,0,0,1,1,1,1,25,5,1797,8,5,-1,1,-1
201543P374115,1,9,0,18,0,0,0,0,0,0,1,1,6,2,47,8,1598,2,1,-1,1,-1
201543P374115,2,9,0,4,0,0,0,0,0,0,2,1,6,2,29,6,875,1,2,-1,1,-1
201543P374115,3,9,0,4,0,0,0,0,0,0,2,1,6,1,40,7,1595,1,5,-1,1,-1
201543P374115,4,9,0,4,0,0,0,0,0,0,2,1,6,1,38,7,2199,2,-1,-1,1,-1
201543P375065,1,19,0,18,0,0,0,0,0,0,4,1,1,1,67,10,1896,2,7,-1,1,-1
201543P375075,1,9,0,9,0,2,0,0,0,0,1,1,6,1,-1,-1,1587,1,10,-1,-1,-1
201543P375075,2,9,0,3,0,2,0,0,0,0,2,1,6,1,21,5,1199,1,13,-1,1,-1
201543P375115,1,9,0,17,0,1,0,0,1,3,1,1,6,2,27,6,1587,1,14,-1,1,-1
201543P379065,1,19,0,5,0,6,0,0,0,0,1,1,6,1,23,5,-1,-1,-1,-1,1,-1
201543P379065,2,9,0,18,0,1,1,0,0,0,4,1,6,1,34,6,1124,1,8,-1,3,-1
201543P380065,1,9,0,9,0,8,0,0,0,0,3,1,6,1,75,10,1497,8,8,-1,1,-1
201543P380065,2,1,0,18,0,8,0,0,0,0,1,1,2,2,36,7,-1,-1,-1,-1,1,-1
201543P381065,1,9,0,18,0,0,0,0,0,0,0,1,1,3,42,7,2400,2,1,-1,1,-1
201543P381065,2,4,0,18,0,0,0,0,0,0,0,1,6,1,18,4,125,1,9,-1,1,-1
201543P383065,1,9,0,16,0,0,2,0,7,9,1,1,6,2,25,5,1149,1,14,-1,-1,-1
201543P396065,1,9,0,4,0,1,0,0,0,0,1,1,6,1,24,5,1560,2,7,-1,1,-1
201543R001045,1,9,0,18,0,4,0,0,0,0,2,1,6,3,-1,-1,1598,1,4,-1,-1,-1
201543R001045,2,9,0,3,0,4,0,0,0,0,1,1,3,2,56,9,1364,1,9,-1,1,-1
201543R001065,1,19,4,14,0,8,0,0,0,0,3,1,6,1,-1,-1,1753,2,9,-1,-1,-1
201543R001115,1,1,0,5,0,8,0,0,0,0,0,1,6,1,80,11,-1,-1,-1,-1,1,-1
201543R002025,1,9,0,18,0,1,0,0,0,0,1,1,1,2,60,9,-1,-1,-1,-1,1,-1
201543R002025,2,9,0,4,0,7,0,0,0,0,2,1,1,2,26,6,-1,-1,-1,-1,1,-1
201543R002125,1,9,0,18,0,0,0,0,0,0,1,1,1,1,18,4,1590,1,11,-1,3,-1
201543R002125,2,9,0,3,0,0,0,0,0,0,2,1,1,2,38,7,1896,2,5,-1,1,-1
201543R003105,1,9,0,18,0,2,0,0,0,0,1,1,6,2,-1,-1,-1,-1,-1,-1,1,-1
201543R004025,1,5,0,18,0,3,0,0,0,0,3,1,6,1,33,6,998,1,11,-1,1,-1
201543R004035,1,9,0,18,0,1,0,0,0,0,1,1,6,2,-1,-1,1390,1,5,-1,-1,-1
201543R004035,2,9,0,4,0,1,0,0,0,0,2,1,3,2,32,6,1199,1,12,-1,1,-1
201543R004065,1,11,0,18,0,0,0,0,0,0,0,1,1,1,-1,-1,-1,2,15,-1,-1,-1
201543R004105,1,19,0,18,0,0,0,0,0,0,1,1,1,1,43,7,2143,2,2,-1,1,-1
201543R004105,2,9,0,2,0,0,0,0,0,0,2,1,6,2,60,9,-1,-1,-1,-1,1,-1
201543R006045,1,9,0,18,0,1,0,0,0,0,1,1,6,3,-1,-1,1591,1,5,-1,-1,-1
201543R006045,2,1,0,18,0,1,0,0,0,0,3,1,6,1,17,4,-1,-1,-1,-1,1,-1
201543R006055,1,9,0,7,9,6,0,0,0,0,1,1,6,2,51,8,1299,1,10,-1,1,-1
201543R006095,1,9,0,11,0,1,0,0,0,0,4,1,6,1,-1,-1,1560,2,1,-1,-1,-1
201543R006095,2,9,0,18,0,1,0,0,0,0,3,1,6,2,46,8,-1,-1,-1,-1,1,-1
201543R006125,1,9,0,9,0,5,0,0,0,0,4,1,6,2,28,6,1199,1,12,-1,2,-1
201543R006125,2,1,0,18,0,8,0,0,0,0,1,1,6,1,31,6,-1,-1,-1,-1,1,-1
201543R007025,1,9,0,17,0,3,1,7,8,11,1,1,6,2,24,5,1388,1,9,-1,1,-1
201543R007095,1,9,0,7,0,6,0,0,0,0,3,1,6,1,-1,-1,-1,-1,-1,-1,-1,-1
201543R007095,2,4,0,18,0,1,0,0,0,0,1,1,6,1,58,9,-1,-1,-1,-1,1,-1
201543R007095,3,11,0,3,0,1,0,0,0,0,0,1,1,1,-1,-1,-1,-1,-1,-1,-1,-1
201543R009025,1,9,0,16,0,0,1,0,6,0,1,1,2,1,33,6,1995,2,8,-1,1,-1
201543R009025,2,9,0,18,0,0,0,0,0,0,3,1,2,1,45,7,3222,2,12,-1,1,-1
201543R009035,1,9,0,9,0,8,0,0,0,0,1,1,6,3,-1,-1,-1,-1,-1,-1,-1,-1
201543R009035,2,9,0,7,0,4,0,0,0,0,3,1,6,1,17,4,1198,1,4,-1,3,-1
201543R009045,1,9,0,18,0,4,0,0,0,0,1,1,2,2,29,6,1999,1,8,-1,-1,-1
201543R009045,2,1,0,9,0,8,0,0,0,0,2,1,6,1,47,8,-1,-1,-1,-1,-1,-1
201543R009125,1,9,0,18,0,8,0,0,1,9,3,1,1,1,30,6,1229,1,1,-1,-1,-1
201543R009125,2,9,0,9,0,6,0,0,0,0,4,1,3,1,49,8,-1,-1,-1,-1,3,-1
201543R010025,1,9,0,18,0,1,0,0,0,0,1,1,6,1,46,8,1956,2,1,-1,2,-1
201543R010025,2,9,0,3,0,1,0,0,0,0,2,1,6,1,23,5,2000,2,6,-1,1,-1
201543R011015,1,9,0,4,0,8,0,0,0,0,1,1,6,1,-1,-1,3498,1,10,-1,1,-1
201543R011015,2,9,0,3,0,8,0,0,0,0,2,1,6,1,45,7,1587,1,12,-1,1,-1
201543R011045,1,9,0,13,0,0,0,0,7,2,1,1,2,1,53,8,2902,2,12,-1,1,-1
201543R011045,2,9,0,18,0,0,0,0,0,0,1,1,2,1,57,9,2143,2,3,-1,1,-1
201543R011045,3,1,0,18,0,0,0,0,1,0,3,1,2,1,56,9,-1,-1,-1,-1,1,-1
201543R012015,1,9,0,7,0,6,0,0,0,0,3,1,1,1,69,10,2179,2,5,-1,1,-1
201543R012015,2,5,0,18,0,8,1,0,0,0,4,1,6,1,57,9,1290,1,6,-1,1,-1
201543R012055,1,9,0,9,0,2,0,0,0,0,1,1,6,2,44,7,1596,1,12,-1,2,-1
201543R012075,1,9,0,18,0,2,0,0,0,0,1,1,6,1,40,7,1364,1,-1,-1,1,-1
201543R012075,2,9,0,4,0,2,0,0,0,0,2,1,6,1,-1,-1,1229,1,3,-1,-1,-1
201543R012105,1,9,0,5,0,8,0,0,0,0,1,1,6,2,76,11,1240,1,6,-1,1,-1
201543R012105,2,9,0,10,0,8,0,0,0,0,3,1,6,2,42,7,1896,2,13,-1,1,-1
201543R012105,3,9,0,5,0,8,0,0,0,0,3,1,6,1,40,7,1598,1,17,-1,-1,-1
201543R012115,1,19,0,1,0,0,0,0,0,0,2,1,1,1,48,8,1560,2,-1,-1,1,-1
201543R013025,1,9,0,18,0,1,0,0,0,0,1,1,3,2,40,7,1560,2,7,-1,-1,-1
201543R013025,2,9,0,4,0,1,0,0,0,0,1,1,3,2,41,7,1498,1,8,-1,1,-1
201543R013025,3,9,0,4,0,1,0,0,0,0,2,1,3,2,44,7,1995,2,8,-1,1,-1
201543R013085,1,9,0,14,0,0,0,4,0,0,0,1,6,1,71,10,2457,1,8,-1,1,-1
201543R013085,2,19,0,2,9,0,0,0,0,0,3,1,6,3,-1,-1,1896,2,6,-1,-1,-1
201543R013105,1,9,0,18,0,0,1,0,0,0,1,1,1,1,42,7,-1,-1,-1,-1,2,-1
201543R013105,2,9,0,3,0,0,0,0,0,0,2,1,1,1,32,6,-1,-1,-1,-1,1,-1
201543R013105,3,9,0,3,0,0,0,0,0,0,2,1,1,2,19,4,1242,1,13,-1,1,-1
201543R013105,4,9,0,3,0,0,0,0,0,0,2,1,6,2,59,9,1896,2,7,-1,-1,-1
201543R014015,1,9,0,18,0,0,0,0,0,0,2,1,2,1,38,7,-1,-1,-1,-1,1,-1
201543R014015,2,9,0,18,0,0,0,0,0,0,2,1,2,2,61,9,1398,1,4,-1,1,-1
201543R014015,3,9,0,18,0,0,0,0,0,0,1,1,2,2,37,7,1896,2,15,-1,1,-1
201543R014025,1,9,0,14,0,0,0,0,0,0,1,1,6,2,30,6,-1,-1,-1,-1,1,-1
201543R014025,2,9,0,14,0,0,0,0,0,0,1,1,6,2,31,6,1995,2,4,-1,1,-1
201543R014035,1,9,0,18,0,8,0,0,0,0,4,1,1,2,33,6,1360,1,16,-1,1,-1
201543R014035,2,5,0,7,0,8,1,0,0,0,1,1,1,1,30,6,599,1,9,-1,1,-1
201543R014075,1,9,0,7,0,6,0,0,0,0,0,1,6,1,-1,-1,-1,-1,-1,-1,1,-1
201543R014075,2,3,0,18,0,1,1,0,0,0,4,1,1,1,17,4,108,1,1,-1,1,-1
201543R014095,1,3,0,18,0,1,1,0,0,0,1,1,6,1,52,8,-1,-1,-1,-1,1,-1
201543R014095,2,9,0,18,0,1,0,0,0,0,2,1,6,3,-1,-1,-1,-1,-1,-1,-1,-1
201543R015115,1,9,0,18,0,8,0,0,0,0,1,1,6,1,38,7,1198,1,4,-1,1,-1
201543R015115,2,9,0,3,0,8,0,0,0,0,2,1,6,2,57,9,2499,1,6,-1,1,-1
201543R016085,1,9,0,18,0,2,0,0,0,0,4,1,6,1,73,10,2429,1,10,-1,1,-1
201543R016095,1,3,0,13,0,1,0,0,0,0,1,1,6,1,20,4,125,1,2,-1,1,-1
201543R016095,2,9,0,18,0,1,0,0,0,0,2,1,6,2,28,6,1242,1,16,-1,1,-1
201543R016095,3,9,0,9,0,8,0,0,0,0,0,1,6,3,-1,-1,-1,-1,-1,-1,-1,-1
201543R017015,1,9,0,18,0,0,1,0,1,11,1,1,6,2,27,6,-1,-1,-1,-1,1,-1
201543R017015,2,9,0,18,0,0,1,0,1,9,2,1,6,2,25,5,1390,1,11,-1,3,-1
201543R017045,1,9,0,17,0,1,0,0,0,0,1,1,6,2,-1,-1,973,1,12,-1,-1,-1
201543R017045,2,9,0,16,0,2,0,0,0,0,1,1,6,2,20,4,1390,1,6,-1,1,-1
201543R017055,1,3,0,14,0,8,0,0,0,0,1,1,6,1,24,5,124,1,3,-1,3,-1
201543R017055,2,9,0,6,0,8,0,0,0,0,3,1,6,2,43,7,1596,1,9,-1,1,-1
201543R018015,1,9,0,18,0,6,0,0,1,11,3,1,6,2,55,8,-1,-1,-1,-1,1,-1
201543R018015,2,9,0,18,0,8,0,0,0,0,1,1,2,2,42,7,2993,2,-1,-1,1,-1
201543R018055,1,9,0,4,0,0,0,0,0,0,1,1,6,1,20,4,-1,-1,-1,-1,1,-1
201543R018055,2,9,0,4,0,0,0,0,0,0,2,1,6,1,52,8,-1,-1,-1,-1,1,-1
201543R018055,3,9,0,4,0,0,0,0,0,0,2,1,6,1,34,6,-1,-1,-1,-1,1,-1
201543R018085,1,9,0,18,0,2,0,0,0,0,4,1,1,1,23,5,1596,1,4,-1,1,-1
201543R018085,2,1,0,18,0,2,0,0,0,0,3,1,6,1,34,6,-1,-1,-1,-1,1,-1
201543R019015,1,9,0,18,0,8,0,0,0,0,1,1,6,1,62,9,1598,1,13,-1,3,-1
201543R019015,2,5,0,5,0,8,1,0,0,0,3,1,6,1,43,7,649,1,1,-1,1,-1
201543R019035,1,9,0,18,0,0,0,0,0,0,1,1,3,2,56,9,1999,1,10,-1,1,-1
201543R019065,1,9,0,4,0,2,0,0,0,0,2,1,6,2,50,8,1796,1,14,-1,1,-1
201543R019065,2,9,0,18,0,2,0,0,0,0,1,1,6,1,59,9,1596,1,13,-1,1,-1
201543R019065,3,9,0,18,0,2,0,0,0,0,1,1,6,2,20,4,1388,1,11,-1,1,-1
201543R019065,4,9,0,18,0,2,0,0,0,0,1,1,6,2,41,7,1896,2,11,-1,1,-1
201543R019075,1,9,0,11,0,0,0,0,0,0,0,1,6,1,38,7,1995,2,1,-1,1,-1
201543R019075,2,9,0,11,0,0,0,0,0,0,2,1,6,1,42,7,1999,1,9,-1,3,-1
201543R019075,3,5,0,18,0,0,0,0,0,0,1,1,6,1,40,7,-1,-1,-1,-1,1,-1
201543R019085,1,9,0,18,0,0,0,0,0,0,4,1,6,2,51,8,998,1,14,-1,1,-1
201543R019115,1,9,0,18,0,0,0,0,0,0,4,1,2,2,26,6,1598,1,3,-1,-1,-1
201543R019115,2,1,0,5,0,0,0,0,0,0,3,1,6,1,15,3,-1,-1,-1,-1,1,-1
201543R020015,1,1,0,18,0,0,0,0,1,0,0,1,6,1,17,4,-1,-1,-1,-1,1,-1
201543R020065,1,9,0,5,0,0,0,0,0,0,0,1,6,1,86,11,1948,1,17,-1,3,-1
201543R021015,1,9,0,18,0,4,0,0,0,0,3,1,1,2,55,8,1242,1,5,-1,1,-1
201543R021015,2,1,0,17,0,8,0,0,0,0,4,1,6,1,59,9,-1,-1,-1,-1,1,-1
201543R021095,1,9,0,9,0,1,0,0,0,0,3,1,6,2,33,6,1397,1,15,-1,2,-1
201543R021095,2,1,0,18,0,1,0,0,0,0,1,1,6,1,44,7,-1,-1,-1,-1,1,-1
201543R022025,1,9,0,18,0,8,0,0,0,0,1,1,6,1,-1,-1,-1,-1,-1,-1,-1,-1
201543R022025,2,9,0,9,0,8,0,0,0,0,4,1,3,2,35,6,1796,1,7,-1,1,-1
201543R022035,1,9,0,18,0,8,0,0,0,0,1,1,6,2,-1,-1,-1,-1,-1,-1,-1,-1
201543R022035,2,1,0,18,0,8,0,0,0,0,1,1,1,1,34,6,-1,-1,-1,-1,1,-1
201543R022075,1,9,0,18,0,0,0,0,0,0,1,1,2,2,56,9,1240,1,10,-1,1,-1
201543R022075,2,9,0,4,0,0,0,0,0,0,2,1,6,1,32,6,1596,1,7,-1,1,-1
201543R022075,3,9,0,11,0,0,0,0,0,0,2,1,2,2,27,6,1591,1,3,-1,1,-1
201543R022095,1,9,0,7,0,6,0,0,0,0,1,1,2,1,44,7,-1,-1,-1,-1,-1,-1
201543R022095,2,1,0,18,0,1,0,0,0,0,1,1,2,1,42,7,-1,-1,-1,-1,1,-1
201543R022125,1,9,0,5,0,1,0,0,0,0,4,1,6,1,-1,-1,-1,-1,-1,-1,-1,-1
201543R023015,1,9,0,17,0,0,1,0,0,4,1,1,6,1,18,4,-1,-1,-1,-1,3,-1
201543R023025,1,9,0,18,0,0,0,0,0,0,2,1,6,1,40,7,2979,1,13,-1,1,-1
201543R023115,1,9,0,1,6,0,0,0,0,0,2,1,3,1,35,6,1397,1,11,-1,1,-1
201543R024075,1,9,0,9,0,5,0,0,0,0,4,1,6,2,45,7,1781,1,10,-1,1,-1
201543R024075,2,97,0,18,0,8,0,0,0,0,1,1,6,1,39,7,-1,-1,-1,-1,2,-1
201543R025025,1,9,0,18,0,0,0,0,0,0,1,1,2,2,36,7,1360,1,9,-1,1,-1
201543R025055,1,11,0,18,2,0,0,0,0,0,4,1,1,1,-1,-1,6700,2,3,-1,-1,-1
201543R025055,2,1,0,18,4,0,0,0,0,0,3,1,6,1,50,8,-1,-1,-1,-1,1,-1
201543R025075,1,9,0,16,0,1,0,0,0,0,1,1,6,1,59,9,1587,1,9,-1,3,-1
201543R025075,2,9,0,4,0,1,0,0,0,0,2,1,6,1,50,8,-1,-1,-1,-1,1,-1
201543R025075,3,9,0,3,0,1,0,0,0,0,2,1,1,1,34,6,2179,2,1,-1,1,-1
201543R026025,1,9,0,18,0,0,0,0,0,0,1,1,6,1,25,5,1560,2,1,-1,1,-1
201543R026025,2,9,0,4,0,0,0,0,0,0,2,1,6,2,47,8,1198,1,1,-1,2,-1
201543R026025,3,9,0,4,0,0,0,0,0,0,2,1,6,2,25,5,1995,2,3,-1,1,-1
201543R026075,1,9,0,18,0,0,0,0,0,0,1,1,6,2,69,10,1349,1,6,-1,1,-1
201543R026095,1,9,0,16,0,0,1,0,5,6,1,1,2,2,23,5,1360,1,5,-1,1,-1
201543R027025,1,98,0,7,0,5,0,0,0,0,3,1,1,1,54,8,10518,2,4,-1,1,-1
201543R027025,2,9,0,10,0,1,0,0,0,0,4,1,6,1,41,7,-1,-1,-1,-1,1,-1
201543R027025,3,9,0,10,0,8,0,0,0,0,2,1,6,1,47,8,1997,2,5,-1,1,-1
201543R027125,1,9,0,18,0,6,0,0,0,0,1,1,1,2,32,6,2000,1,10,-1,1,-1
201543R027125,2,9,0,18,0,8,1,0,1,11,3,1,6,2,45,7,1390,1,5,-1,1,-1
201543R028015,1,1,0,18,0,4,0,0,0,0,1,1,1,1,34,6,-1,-1,-1,-1,1,-1
201543R028015,2,9,0,18,0,3,0,0,0,0,4,1,6,3,-1,-1,-1,-1,-1,-1,-1,-1
201543R028045,1,9,0,17,0,0,0,0,0,0,1,1,6,2,-1,-1,-1,-1,-1,-1,-1,-1
201543R028045,2,1,0,16,0,0,0,0,0,0,1,1,6,1,22,5,-1,-1,-1,-1,1,-1
201543R028055,1,9,0,9,0,6,0,0,0,0,1,1,6,3,-1,-1,-1,-1,-1,-1,-1,-1
201543R029065,1,9,0,18,0,0,0,0,0,0,1,1,2,1,24,5,1995,1,14,-1,1,-1
201543R029065,2,9,0,3,0,0,0,0,0,0,2,1,2,1,31,6,2400,2,5,-1,1,-1
201543R029065,3,9,0,3,0,0,0,0,0,0,2,1,2,2,58,9,2400,2,2,-1,1,-1
201543R031065,1,9,0,9,0,5,0,0,0,0,1,1,6,1,46,8,1900,2,9,-1,3,-1
201543R031065,2,1,0,18,0,8,0,0,0,0,4,1,6,1,52,8,-1,-1,-1,-1,1,-1
201543R032065,1,9,0,18,0,8,0,0,0,0,1,1,2,2,35,6,-1,-1,-1,-1,1,-1
201543R032065,2,9,0,9,0,8,0,0,0,0,4,1,6,2,31,6,1598,2,3,-1,1,-1
201543R032075,1,9,0,13,0,1,0,0,0,0,4,1,2,2,58,9,1497,1,11,-1,1,-1
201543R032075,2,1,0,18,0,1,0,0,0,0,3,1,2,1,38,7,-1,-1,-1,-1,1,-1
201543R032115,1,9,0,16,0,0,2,0,7,9,1,1,6,1,17,4,1198,1,7,-1,1,-1
201543R032125,1,9,0,18,0,1,0,0,0,0,0,1,1,1,27,6,2400,2,-1,-1,1,-1
201543R032125,2,9,0,18,0,1,1,7,2,1,3,1,6,1,21,5,1796,1,15,-1,1,-1
201543R033015,1,19,0,4,0,0,0,0,0,0,1,1,1,1,19,4,-1,-1,-1,-1,3,-1
201543R033015,2,9,0,4,0,0,0,0,0,0,2,1,1,1,50,8,-1,-1,-1,-1,3,-1
201543R033015,3,9,0,4,0,0,0,0,0,0,2,1,6,2,48,8,1398,2,5,-1,1,-1
201543R033015,4,9,0,4,0,0,0,0,0,0,1,1,6,2,25,5,2720,2,7,-1,1,-1
201543R033055,1,9,0,1,0,0,0,0,0,0,2,1,6,1,25,5,-1,-1,-1,-1,-1,-1
201543R033055,2,9,0,2,0,0,0,0,0,0,1,1,6,1,48,8,1497,8,6,-1,1,-1
201543R033065,1,9,0,18,0,8,0,0,1,2,1,1,6,1,23,5,1796,2,3,-1,1,-1
201543R033075,1,1,0,18,0,8,0,0,0,0,4,1,6,2,43,7,-1,-1,-1,-1,1,-1
201543R033075,2,8,0,7,0,8,0,0,0,0,0,1,1,1,-1,-1,1896,2,5,-1,1,-1
201543R033105,1,9,0,18,0,0,0,0,0,0,1,1,6,1,51,8,1598,1,13,-1,1,-1
201543R034015,1,9,0,7,0,6,0,0,0,0,1,1,6,1,61,9,1461,2,13,-1,1,-1
201543R034055,1,9,0,5,0,1,0,0,0,0,1,1,6,3,-1,-1,-1,-1,-1,-1,-1,-1
201543R034115,1,9,0,18,0,7,0,0,0,0,1,1,6,2,19,4,1108,1,6,-1,1,-1
201543R034115,2,9,0,18,0,7,0,0,0,0,2,1,6,2,37,7,2231,2,4,-1,1,-1
201543R034125,1,9,0,18,0,0,0,0,0,0,3,1,6,1,-1,-1,1968,2,3,-1,-1,-1
201543R034125,2,9,0,3,0,0,0,0,0,0,2,1,6,2,23,5,698,1,11,-1,1,-1
201543R035015,1,9,0,9,0,4,0,0,0,0,1,1,6,1,-1,-1,-1,-1,-1,-1,-1,-1
201543R035015,2,1,0,9,0,8,0,0,0,0,4,1,1,1,33,6,-1,-1,-1,-1,1,-1
201543R035055,1,5,0,3,0,4,0,0,0,0,1,1,6,1,48,8,599,1,12,-1,1,-1
201543R035055,2,9,0,3,0,4,0,0,0,0,2,1,1,1,35,6,1968,2,4,-1,3,-1
201543R035065,1,9,0,13,0,1,0,0,0,0,4,1,6,1,-1,-1,2457,1,5,-1,-1,-1
201543R035065,2,9,0,4,0,1,0,0,0,0,3,1,1,1,33,6,-1,-1,-1,-1,1,-1
201543R035125,1,3,0,18,0,8,0,0,0,0,1,1,6,1,17,4,124,1,-1,-1,1,-1
201543R035125,2,9,0,9,0,5,0,0,0,0,4,1,6,2,51,8,1686,2,1,-1,2,-1
201543R036055,1,9,0,18,0,1,0,0,0,0,1,1,1,1,33,6,1248,2,1,-1,1,-1
201543R036055,2,9,0,3,0,1,0,0,0,0,2,1,2,1,41,7,1596,1,8,-1,1,-1
201543R036105,1,21,1,12,0,0,1,0,0,0,3,1,1,1,52,8,-1,-1,-1,-1,-1,-1
201543R036105,2,9,0,11,0,0,0,0,0,0,4,1,6,2,25,5,998,1,-1,-1,1,-1
201543R036115,1,9,0,3,0,0,0,0,0,0,1,1,2,1,41,7,1360,1,12,-1,1,-1
201543R036115,2,9,0,4,0,0,0,0,0,0,2,1,2,2,48,8,1839,1,12,-1,1,-1
201543R037015,1,9,0,7,0,8,0,0,0,0,3,1,6,2,-1,-1,1120,1,19,-1,1,-1
201543R037015,2,1,0,18,0,8,0,0,0,0,1,1,2,1,30,6,-1,-1,-1,-1,3,-1
201543R037055,1,9,0,18,0,0,0,0,0,0,1,1,1,1,25,5,1968,2,3,-1,1,-1
201543R037055,2,9,0,4,0,0,0,0,0,0,2,1,1,1,27,6,1968,2,3,-1,1,-1
201543R037075,1,19,0,12,0,0,0,0,0,0,1,1,2,1,23,5,2299,2,3,-1,2,-1
201543R037075,2,9,0,4,0,0,0,0,0,0,2,1,6,1,62,9,1991,2,8,-1,1,-1
201543R037095,1,9,0,18,0,8,0,0,0,0,1,1,6,1,76,11,1995,1,8,-1,1,-1
201543R037095,2,1,0,18,0,8,0,0,0,0,2,1,2,1,38,7,-1,-1,-1,-1,1,-1
201543R037105,1,9,0,18,0,4,5,0,0,0,1,1,6,1,28,6,1242,1,3,-1,1,-1
201543R037105,2,9,0,18,0,8,0,0,7,1,4,1,6,1,26,6,1910,2,7,-1,1,-1
201543R038105,1,9,0,7,0,5,0,0,0,0,3,1,3,2,33,6,1598,1,13,-1,1,-1
201543R038105,2,1,0,17,0,8,0,0,0,0,4,1,2,1,23,5,-1,-1,-1,-1,1,-1
201543R038115,1,3,0,4,0,4,1,0,0,0,4,1,6,1,19,4,125,1,6,-1,1,-1
201543R039015,1,9,0,9,0,4,0,0,0,0,1,1,2,1,42,7,2393,1,12,-1,1,-1
201543R039015,2,5,0,18,0,8,0,0,0,0,3,1,2,1,36,7,659,1,17,-1,1,-1
201543R039025,1,9,0,18,0,1,0,0,0,0,4,1,6,1,67,10,1984,1,12,-1,3,-1
201543R039025,2,1,0,18,0,8,0,0,0,0,1,1,6,2,52,8,-1,-1,-1,-1,2,-1
201543R039055,1,9,0,18,0,1,0,0,0,0,1,1,6,1,19,4,1398,1,12,-1,1,-1
201543R039055,2,9,0,3,0,1,0,0,0,0,2,1,6,2,42,7,1796,1,15,-1,1,-1
201543R039085,1,9,0,18,0,0,2,7,0,0,3,1,6,1,27,6,1796,1,11,-1,1,-1
201543R039085,2,8,0,2,9,0,0,0,0,0,3,1,1,1,34,6,1997,2,4,-1,1,-1
201543R039095,1,9,0,9,0,5,0,0,0,0,3,1,6,2,35,6,1596,1,11,-1,2,-1
201543R039095,2,3,0,13,0,8,0,0,0,0,4,1,1,1,26,6,124,1,3,-1,1,-1
201543R039105,1,9,0,18,0,1,0,12,1,4,1,1,1,1,56,9,1796,1,10,-1,1,-1
201543R039115,1,9,0,18,0,0,0,0,0,0,1,1,1,2,22,5,998,1,-1,-1,1,-1
201543R039115,2,9,0,3,0,0,0,0,0,0,2,1,1,1,26,6,-1,-1,-1,-1,1,-1
201543R039115,3,9,0,3,0,0,0,0,0,0,2,1,1,1,73,10,2993,2,2,-1,1,-1
201543R040025,1,9,0,18,0,0,0,0,0,0,1,1,6,2,21,5,1400,1,10,-1,3,-1
201543R040025,2,9,0,18,0,0,0,0,0,0,1,1,6,1,67,10,-1,-1,-1,-1,1,-1
201543R040055,1,9,0,7,0,8,0,0,0,0,3,1,6,2,44,7,1598,1,3,-1,1,-1
201543R040055,2,1,0,5,0,8,0,0,0,0,1,1,6,2,22,5,-1,-1,-1,-1,1,-1
201543R040075,1,9,0,17,0,0,0,0,0,0,1,1,2,2,38,7,998,1,11,-1,1,-1
201543R040075,2,3,0,16,0,0,0,0,0,0,1,1,6,1,19,4,124,1,5,-1,1,-1
201543R040085,1,9,0,18,0,0,1,0,5,6,3,1,2,2,31,6,1599,1,11,-1,-1,-1
201543R040105,1,9,0,9,0,8,0,0,0,0,4,1,6,1,22,5,3000,1,6,-1,1,-1
201543R040115,1,9,0,3,0,2,0,0,0,0,1,1,6,2,23,5,1998,2,9,-1,1,-1
201543R040115,2,9,0,3,0,2,0,0,0,0,2,1,6,1,46,8,-1,-1,-1,-1,-1,-1
201543R041015,1,9,0,18,0,0,0,0,0,0,1,1,6,2,27,6,1686,2,6,-1,1,-1
201543R041015,2,9,0,4,0,0,0,0,0,0,2,1,6,1,30,6,1968,2,9,-1,1,-1
201543R041085,1,9,0,9,0,1,0,0,0,0,1,1,6,2,34,6,1124,1,11,-1,3,-1
201543R041085,2,9,0,18,0,1,0,0,0,0,4,1,6,2,24,5,1598,1,10,-1,-1,-1
201543R041105,1,9,0,3,0,4,0,0,0,0,2,1,1,1,35,6,-1,-1,-1,-1,1,-1
201543R041105,2,9,0,18,0,4,0,0,0,0,1,1,6,3,-1,-1,-1,-1,-1,-1,-1,-1