Accident_Index,Vehicle_Reference,Vehicle_Type,Towing_and_Articulation,Vehicle_Manoeuvre,Vehicle_Location-Restricted_Lane,Junction_Location,Skidding_and_Overturning,Hit_Object_in_Carriageway,Vehicle_Leaving_Carriageway,Hit_Object_off_Carriageway,1st_Point_of_Impact,Was_Vehicle_Left_Hand_Drive?,Journey_Purpose_of_Driver,Sex_of_Driver,Age_of_Driver,Age_Band_of_Driver,Engine_Capacity_(CC),Propulsion_Code,Age_of_Vehicle,Driver_IMD_Decile,Driver_Home_Area_Type,Vehicle_IMD_Decile
201543R041115,1,9,0,16,0,8,0,0,7,10,1,1,6,1,31,6,1299,1,19,-1,-1,-1
201543R042065,1,9,0,18,0,8,0,0,0,0,4,1,6,1,67,10,2494,1,13,-1,1,-1
201543R042065,2,9,0,18,0,8,0,0,0,0,1,1,6,1,44,7,1995,2,11,-1,1,-1
201543R042085,1,9,0,18,0,0,0,0,0,0,3,1,2,1,23,5,973,1,12,-1,1,-1
201543R042085,2,9,0,18,0,0,0,0,0,0,3,1,2,2,41,7,1995,2,5,-1,1,-1
201543R042085,3,11,0,18,0,0,0,0,0,0,1,1,1,1,46,8,9186,2,1,-1,3,-1
201543R042095,1,9,0,13,0,0,0,0,0,0,1,1,6,3,-1,-1,-1,-1,-1,-1,-1,-1
201543R042095,2,9,0,18,0,0,0,0,0,0,2,1,6,2,29,6,1798,1,10,-1,1,-1
201543R042105,1,9,0,16,0,0,0,0,1,4,1,1,6,2,20,4,1198,1,7,-1,1,-1
201543R043095,1,9,0,18,0,0,0,0,0,0,1,1,6,1,38,7,1560,2,10,-1,1,-1
201543R043095,2,1,0,18,0,0,0,0,0,0,4,1,6,1,37,7,-1,-1,-1,-1,1,-1
201543R043115,1,9,0,18,0,3,0,0,0,0,3,1,6,1,50,8,-1,-1,-1,-1,-1,-1
201543R043115,2,9,0,18,0,3,0,0,0,0,4,1,6,1,26,6,1589,1,19,-1,1,-1
201543R044015,1,19,0,18,0,8,0,0,0,0,1,1,6,1,58,9,2198,2,4,-1,2,-1
201543R044015,2,9,0,7,0,5,0,0,1,9,2,1,6,1,68,10,1597,1,15,-1,1,-1
201543R044065,1,3,0,7,0,6,0,0,0,0,4,1,2,1,22,5,124,1,1,-1,1,-1
201543R044065,2,9,0,18,0,8,0,0,0,0,0,1,6,3,-1,-1,-1,-1,-1,-1,-1,-1
201543R044085,1,19,0,18,0,6,0,0,0,0,1,1,6,1,23,5,1248,2,3,-1,1,-1
201543R044085,2,11,0,18,0,8,0,0,1,4,3,1,6,1,34,6,2402,2,7,-1,1,-1
201543R044115,1,9,0,5,0,4,0,0,0,0,3,1,1,1,53,8,1998,2,4,-1,1,-1
201543R044115,2,1,0,18,0,8,0,0,0,0,4,1,6,1,46,8,-1,-1,-1,-1,1,-1
201543R045085,1,9,0,16,0,2,0,0,0,0,1,1,6,1,22,5,-1,-1,-1,-1,1,-1
201543R045085,2,9,0,18,0,1,0,0,0,0,1,1,2,1,52,8,3201,1,17,-1,1,-1
201543R045095,1,9,0,18,0,0,0,0,0,0,1,1,6,1,77,11,1991,1,21,-1,-1,-1
201543R045095,2,9,0,18,0,0,0,0,0,0,2,1,6,1,27,6,1560,2,8,-1,1,-1
201543R045095,3,9,0,18,0,0,0,0,0,0,2,1,6,1,35,6,1198,1,3,-1,1,-1
201543R045095,4,9,0,18,0,0,0,0,0,0,2,1,6,2,41,7,1997,2,14,-1,1,-1
201543R045105,1,9,0,16,0,0,2,0,2,4,4,1,6,1,17,4,1149,1,6,-1,3,-1
201543R046015,1,9,0,9,0,6,0,0,0,0,3,1,6,1,40,7,1968,2,11,-1,1,-1
201543R046015,2,9,0,18,0,8,0,0,0,0,1,1,2,1,28,6,1995,2,2,-1,1,-1
201543R046095,1,8,0,18,0,2,0,0,0,0,0,1,1,1,-1,-1,-1,-1,-1,-1,-1,-1
201543R046095,2,9,0,2,0,1,0,0,0,0,2,1,6,1,45,7,998,1,17,-1,1,-1
201543R047045,1,9,0,18,0,0,2,0,1,10,4,1,6,1,19,4,-1,-1,-1,-1,1,-1
201543R047065,1,3,0,18,0,1,1,0,0,0,3,1,2,1,21,5,125,1,8,-1,1,-1
201543R047065,2,9,0,18,0,1,0,0,0,0,0,1,1,1,43,7,1910,2,4,-1,1,-1
201543R047075,1,10,0,1,0,8,0,0,0,0,2,1,1,1,40,7,2402,2,5,-1,1,-1
201543R048015,1,9,0,9,0,6,0,0,0,0,0,1,6,1,22,5,2143,2,3,-1,1,-1
201543R048015,2,3,0,18,0,1,0,0,0,0,0,1,2,1,36,7,-1,-1,-1,-1,1,-1
201543R048055,1,9,0,18,0,0,0,0,0,0,3,1,2,1,23,5,1199,1,11,-1,1,-1
201543R048065,1,9,0,11,0,0,1,0,0,0,1,1,1,1,41,7,1956,2,1,-1,1,-1
201543R048065,2,9,0,18,0,0,0,0,0,0,2,1,6,2,-1,-1,1997,2,5,-1,1,-1
201543R048065,3,9,0,18,0,0,0,0,0,0,2,1,6,1,20,4,1198,1,8,-1,1,-1
201543R048065,4,9,0,18,0,0,0,0,0,0,2,1,1,1,56,9,2179,2,3,-1,1,-1
201543R048095,1,19,0,13,0,0,0,0,0,0,4,1,6,1,-1,-1,2198,2,2,-1,-1,-1
201543R048095,2,1,0,18,0,0,0,0,0,0,3,1,6,1,38,7,-1,-1,-1,-1,-1,-1
201543R050085,1,19,0,18,0,0,0,0,0,0,2,1,1,1,33,6,2198,2,5,-1,1,-1
201543R050085,2,9,0,18,0,0,0,0,0,0,1,1,6,2,43,7,2460,2,7,-1,2,-1
201543R050105,1,1,0,18,9,8,0,0,0,0,1,1,2,1,34,6,-1,-1,-1,-1,1,-1
201543R050105,2,9,0,8,9,1,0,0,0,0,3,1,6,1,-1,-1,-1,-1,-1,-1,-1,-1
201543R050115,1,9,0,9,0,8,0,0,0,0,1,1,6,2,56,9,1120,2,3,-1,-1,-1
201543R050115,2,9,0,18,0,8,0,0,0,0,3,1,6,2,27,6,-1,-1,-1,-1,1,-1
201543R050115,3,19,0,18,0,2,0,0,0,0,4,1,6,1,43,7,2198,2,2,-1,1,-1
201543R050115,4,9,0,18,0,2,0,0,0,0,2,1,6,2,52,8,1598,1,9,-1,1,-1
201543R050115,5,9,0,18,0,2,0,0,0,0,2,1,6,2,51,8,1999,1,9,-1,1,-1
201543R050125,1,9,0,5,0,4,0,0,0,0,1,1,1,2,46,8,1339,1,9,-1,1,-1
201543R050125,2,1,0,18,0,8,0,0,0,0,4,1,6,2,33,6,-1,-1,-1,-1,1,-1
201543R051095,1,9,0,18,0,0,0,0,0,0,1,1,6,2,51,8,998,1,13,-1,1,-1
201543R051095,2,9,0,18,0,0,0,0,0,0,1,1,6,2,73,10,1796,1,11,-1,3,-1
201543R051095,3,9,0,18,0,0,0,0,0,0,2,1,6,2,20,4,1598,1,12,-1,1,-1
201543R051095,4,9,0,18,0,0,0,0,0,0,2,1,1,1,50,8,-1,-1,-1,-1,1,-1
201543R051125,1,9,0,9,0,8,0,0,0,0,1,1,6,1,20,4,1390,1,10,-1,1,-1
201543R052015,1,9,0,18,6,0,0,0,0,0,1,1,6,2,83,11,-1,-1,-1,-1,1,-1
201543R052015,2,9,0,2,6,0,0,0,0,0,4,1,6,2,75,10,1398,1,2,-1,1,-1
201543R052085,1,9,0,9,0,5,0,0,0,0,4,1,6,2,25,5,1397,1,8,-1,3,-1
201543R052085,2,9,0,18,0,8,0,0,0,0,1,1,6,2,62,9,1596,1,10,-1,1,-1
201543R053015,1,9,0,9,0,8,0,0,0,0,4,1,6,1,57,9,1910,2,7,-1,1,-1
201543R053015,2,3,0,18,2,8,1,0,0,0,1,1,1,1,30,6,125,1,4,-1,1,-1
201543R053035,1,19,0,18,0,1,0,0,0,0,1,1,6,1,-1,-1,2400,2,10,-1,1,-1
201543R053035,2,19,0,3,0,1,0,0,0,0,2,1,6,1,31,6,-1,-1,-1,-1,1,-1
201543R053085,1,21,1,18,0,0,1,0,0,0,1,1,1,1,44,7,12900,2,7,-1,1,-1
201543R053085,2,9,0,4,0,0,0,0,1,4,2,1,6,1,59,9,1900,2,10,-1,1,-1
201543R054015,1,9,0,18,0,0,1,0,1,9,4,1,6,1,42,7,-1,-1,-1,-1,1,-1
201543R054025,1,9,0,11,0,0,0,0,0,0,1,1,6,2,36,7,-1,-1,-1,-1,1,-1
201543R054025,2,9,0,18,0,0,0,0,0,0,2,1,6,2,50,8,-1,-1,-1,-1,2,-1
201543R054045,1,9,0,18,0,0,0,0,0,0,1,1,6,2,-1,-1,1910,2,7,-1,-1,-1
201543R054045,2,9,0,3,0,0,0,0,0,0,2,1,6,1,39,7,1596,1,10,-1,1,-1
201543R054095,1,9,0,4,0,0,1,0,0,0,1,1,2,1,27,6,1497,1,15,-1,1,-1
201543R054095,2,1,0,18,0,0,0,0,0,0,1,1,6,1,8,2,-1,-1,-1,-1,1,-1
201543R054105,1,9,0,7,0,8,0,0,0,0,1,1,6,3,-1,-1,-1,-1,-1,-1,-1,-1
201543R054105,2,1,0,5,0,8,0,0,0,0,3,1,2,2,42,7,-1,-1,-1,-1,1,-1
201543R055015,1,9,0,17,0,2,2,10,0,0,4,1,1,2,30,6,1896,2,10,-1,1,-1
201543R055095,1,9,0,18,0,4,0,0,0,0,3,1,2,1,45,7,2099,1,10,-1,1,-1
201543R055095,2,3,0,18,0,8,0,0,0,0,4,1,2,2,31,6,124,1,6,-1,1,-1
201543R055105,1,8,0,3,0,1,0,0,0,0,2,1,1,3,-1,-1,2143,2,1,-1,-1,-1
201543R055105,2,9,0,18,0,1,0,0,0,0,1,1,6,3,-1,-1,-1,-1,-1,-1,-1,-1
201543R056015,1,9,0,4,0,0,0,0,0,0,1,1,1,2,36,7,1390,1,10,-1,1,-1
201543R056015,2,9,0,4,0,0,0,0,0,0,2,1,6,2,33,6,-1,-1,-1,-1,1,-1
201543R056025,1,9,0,9,0,4,0,0,0,0,3,1,6,1,38,7,1995,2,10,-1,1,-1
201543R056025,2,1,0,18,0,8,0,0,0,0,1,1,6,1,33,6,-1,-1,-1,-1,1,-1
201543R056035,1,19,0,18,0,8,0,0,0,0,0,1,6,1,-1,-1,2198,2,2,-1,-1,-1
201543R056035,2,9,0,18,0,8,0,0,0,10,4,1,3,2,34,6,2967,2,2,-1,1,-1
201543R056075,1,9,0,18,0,0,0,0,0,0,1,1,2,2,60,9,1995,2,1,-1,1,-1
201543R056075,2,9,0,4,0,0,0,0,0,0,2,1,2,1,48,8,2993,2,2,-1,1,-1
201543R056105,1,9,0,7,0,1,0,0,0,0,1,1,1,1,31,6,1242,1,4,-1,1,-1
201543R056105,2,9,0,7,0,1,0,0,0,0,2,1,1,2,44,7,1598,1,3,-1,1,-1
201543R056115,1,9,0,15,3,2,0,0,0,0,3,1,1,1,29,6,-1,-1,-1,-1,-1,-1
201543R056115,2,1,0,18,3,2,0,0,0,0,1,1,2,1,30,6,-1,-1,-1,-1,1,-1
201543R057025,1,9,0,18,0,1,0,0,0,0,4,1,6,2,34,6,1560,2,4,-1,1,-1
201543R057105,1,9,0,18,0,3,0,0,0,0,1,1,1,2,35,6,1398,1,1,-1,1,-1
201543R057105,2,9,0,6,0,3,0,0,0,0,2,1,1,1,24,5,1597,1,5,-1,1,-1
201543R057115,1,21,0,18,0,0,0,0,0,0,1,1,1,1,46,8,3920,2,4,-1,1,-1
201543R057115,2,9,0,9,0,0,0,0,0,0,2,1,2,1,29,6,1796,1,9,-1,1,-1
201543R058025,1,9,0,4,0,0,0,0,0,0,1,1,1,1,17,4,799,2,4,-1,1,-1
201543R058025,2,9,0,4,0,0,0,0,0,0,2,1,1,1,30,6,-1,-1,-1,-1,-1,-1
201543R058055,1,5,0,13,0,0,1,0,0,0,1,1,2,1,52,8,782,1,6,-1,1,-1
201543R058055,2,9,0,12,0,0,0,0,0,0,2,1,2,1,51,8,-1,-1,-1,-1,1,-1
201543R058115,1,9,0,9,0,8,0,0,0,0,1,1,6,1,37,7,3200,2,13,-1,1,-1
201543R058115,2,2,0,18,0,8,0,0,0,0,4,1,6,1,17,4,49,1,4,-1,1,-1
201543R059015,1,9,0,18,0,8,0,0,0,0,1,1,6,1,20,4,-1,-1,-1,-1,1,-1
201543R059015,2,9,0,18,0,8,0,0,0,0,2,1,6,1,54,8,1686,2,10,-1,1,-1
201543R059035,1,9,0,18,0,4,5,10,3,9,1,1,6,1,24,5,-1,-1,-1,-1,-1,-1
201543R059045,1,9,0,1,0,0,0,0,0,0,2,1,6,2,-1,-1,-1,-1,-1,-1,-1,-1
201543R059065,1,9,0,9,0,5,0,0,0,0,3,1,6,2,58,9,1242,1,5,-1,1,-1
201543R059065,2,9,0,9,0,6,0,0,0,0,3,1,6,2,70,10,-1,-1,-1,-1,1,-1
201543R059075,1,9,0,1,0,6,0,0,0,0,4,1,6,2,42,7,1598,1,-1,-1,1,-1
201543R059075,2,9,0,18,0,1,0,0,0,0,1,1,6,1,18,4,-1,-1,-1,-1,1,-1
201543R059115,1,9,0,9,0,8,0,0,0,0,1,1,6,2,40,7,-1,-1,-1,-1,-1,-1
201543R059115,2,3,0,18,0,8,0,0,0,0,3,1,6,1,36,7,125,1,-1,-1,1,-1
201543R060035,1,9,0,18,0,8,1,0,7,4,4,1,6,1,33,6,1984,1,17,-1,1,-1
201543R060075,1,19,0,4,0,0,1,0,0,0,1,1,1,1,47,8,2198,2,4,-1,1,-1
201543R060075,2,9,0,4,0,0,0,0,1,7,2,1,6,1,47,8,1896,2,14,-1,1,-1
201543R060075,3,9,0,4,0,0,0,0,0,0,2,1,6,1,49,8,1968,2,1,-1,3,-1
201543R060075,4,9,0,4,0,0,0,0,0,0,2,1,6,2,49,8,1388,1,12,-1,1,-1
201543R060075,5,9,0,4,0,0,0,0,0,0,2,1,6,2,18,4,-1,-1,-1,-1,1,-1
201543R060075,6,9,0,4,0,0,0,0,0,0,2,1,2,2,47,8,-1,-1,-1,-1,1,-1
201543R061015,1,9,0,13,0,0,0,0,0,0,1,1,6,1,39,7,2993,2,9,-1,1,-1
201543R061015,2,9,0,18,0,0,0,0,0,0,1,1,6,2,27,6,1968,2,3,-1,1,-1
201543R061015,3,9,0,2,0,0,0,0,0,0,3,1,6,2,-1,-1,1598,1,10,-1,1,-1
201543R061035,1,9,0,18,0,8,0,0,0,0,1,1,6,1,39,7,1794,1,15,-1,1,-1
201543R061055,1,9,0,18,0,1,0,0,0,0,1,1,6,2,28,6,1598,1,14,-1,1,-1
201543R061055,2,9,0,4,0,1,0,0,0,0,2,1,6,2,-1,-1,-1,-1,-1,-1,-1,-1
201543R061065,1,9,0,18,0,1,0,0,0,0,1,1,6,1,-1,-1,2979,1,12,-1,1,-1
201543R061065,2,9,0,9,0,6,0,0,0,0,4,1,6,1,31,6,1968,2,1,-1,1,-1
201543R061075,1,9,0,7,0,4,0,0,0,0,3,1,2,1,47,8,1299,1,19,-1,1,-1
201543R061075,2,1,0,18,0,3,0,0,0,0,1,1,6,1,40,7,-1,-1,-1,-1,1,-1
201543R061095,1,9,0,18,0,1,0,0,0,0,1,1,1,1,37,7,1968,2,3,-1,1,-1
201543R061095,2,9,0,3,0,1,0,0,0,0,2,1,6,1,68,10,2993,2,-1,-1,1,-1
201543R061105,1,5,0,13,0,8,0,0,0,0,1,1,6,1,48,8,599,1,5,-1,1,-1
201543R061105,2,9,0,18,0,8,0,0,0,0,3,1,6,1,40,7,1995,2,-1,-1,1,-1
201543R061125,1,9,0,18,0,5,0,0,0,0,1,1,6,1,22,5,1781,1,14,-1,1,-1
201543R061125,2,9,0,18,0,5,0,0,0,0,1,1,6,1,32,6,2993,2,9,-1,1,-1
201543R061125,3,9,0,9,0,8,0,0,0,0,3,1,6,1,63,9,2319,1,13,-1,2,-1
201543R062045,1,9,0,9,0,5,0,0,0,0,4,1,6,1,30,6,1686,2,-1,-1,1,-1
201543R062045,2,3,0,18,0,8,0,0,0,0,1,1,6,1,27,6,124,1,1,-1,1,-1
201543R062055,1,9,0,18,0,1,0,0,7,11,1,1,6,1,22,5,1248,2,7,-1,1,-1
201543R062055,2,9,0,9,0,1,0,0,0,0,3,1,6,1,23,5,-1,-1,-1,-1,1,-1
201543R062055,3,9,0,2,9,2,0,0,0,0,1,1,6,2,28,6,1388,1,11,-1,1,-1
201543R062095,1,9,0,18,0,0,0,0,0,0,1,1,6,2,18,4,1149,1,13,-1,-1,-1
201543R062115,1,9,0,11,0,0,0,0,0,0,2,1,1,1,27,6,1560,2,4,-1,1,-1
201543R062115,2,5,0,18,0,0,0,0,0,0,1,1,2,1,37,7,599,1,14,-1,1,-1
201543R063015,1,1,0,18,0,0,0,0,0,0,1,1,6,1,16,4,-1,-1,-1,-1,1,-1
201543R063015,2,9,0,2,0,0,0,0,0,0,2,1,6,1,48,8,1199,1,13,-1,1,-1
201543R063045,1,9,0,18,0,0,1,0,0,0,1,1,6,2,29,6,-1,-1,-1,-1,1,-1
201543R063045,2,9,0,4,0,0,0,0,0,0,2,1,6,2,29,6,1242,1,15,-1,1,-1
201543R063045,3,9,0,3,0,0,0,0,0,0,2,1,6,1,60,9,1998,1,12,-1,-1,-1
201543R063055,1,9,0,9,0,5,0,0,0,0,4,1,6,2,-1,-1,-1,-1,-1,-1,1,-1
201543R063055,2,1,0,18,0,8,0,0,0,0,1,1,2,1,42,7,-1,-1,-1,-1,1,-1
201543R064025,1,9,0,9,0,8,0,0,0,0,1,1,2,1,34,6,1197,1,2,-1,1,-1
201543R064025,2,1,0,9,0,8,0,0,0,0,1,1,2,1,43,7,-1,-1,-1,-1,1,-1
201543R064075,1,9,0,18,0,4,0,0,0,0,1,1,6,1,36,7,1769,1,13,-1,1,-1
201543R064075,2,9,0,18,0,8,0,0,0,0,4,1,6,2,29,6,1598,1,8,-1,1,-1
201543R064095,1,2,0,13,0,1,0,0,0,0,1,1,6,1,17,4,49,1,3,-1,1,-1
201543R064095,2,9,0,9,0,8,0,0,0,0,1,1,6,2,32,6,1560,2,1,-1,3,-1
201543R065015,1,9,0,18,0,1,0,0,0,0,1,1,6,1,70,10,1998,1,8,-1,1,-1
201543R065015,2,9,0,18,0,1,5,10,7,4,2,1,6,1,62,9,1997,1,15,-1,1,-1
201543R065055,1,9,0,18,0,0,0,0,0,0,1,1,6,2,25,5,1124,1,13,-1,1,-1
201543R065055,2,9,0,18,0,0,0,0,0,0,2,1,6,1,-1,-1,1598,1,1,-1,1,-1
201543R065095,1,9,0,18,0,3,1,0,2,11,1,1,6,1,33,6,1396,1,11,-1,1,-1
201543R065095,2,9,0,2,0,2,0,0,0,0,3,1,6,3,-1,-1,2000,2,11,-1,1,-1
201543R065095,3,8,0,2,0,2,0,0,0,0,3,1,6,3,-1,-1,1896,2,8,-1,1,-1
201543R065105,1,9,0,18,0,0,0,4,0,0,4,1,6,2,57,9,2143,2,-1,-1,3,-1
201543R065105,2,9,0,2,0,0,0,0,0,0,4,1,6,2,28,6,2521,1,9,-1,1,-1
201543R065125,1,9,0,9,0,6,0,0,0,0,3,1,1,2,37,7,-1,-1,-1,-1,1,-1
201543R065125,2,9,0,18,0,8,0,0,0,0,1,1,6,2,36,7,1598,1,15,-1,1,-1
201543R066015,1,9,0,18,0,0,0,0,0,0,1,1,6,1,70,10,1998,1,8,-1,1,-1
201543R066015,2,9,0,18,0,0,0,0,1,9,1,1,6,1,56,9,1229,1,7,-1,1,-1
201543R066025,1,9,0,2,0,0,0,0,0,0,3,1,6,1,-1,-1,-1,-1,-1,-1,-1,-1
201543R066025,2,1,0,18,0,0,0,0,0,0,4,1,1,1,52,8,-1,-1,-1,-1,1,-1
201543R066055,1,9,0,6,0,8,0,9,0,0,4,1,2,2,19,4,1124,1,14,-1,1,-1
201543R066055,2,19,0,18,0,4,0,0,0,0,1,1,6,3,-1,-1,2287,2,4,-1,-1,-1
201543R066125,1,19,0,9,0,8,0,0,0,0,1,1,6,1,59,9,2402,2,5,-1,1,-1
201543R066125,2,3,0,18,0,8,0,0,0,0,1,1,6,1,21,5,124,1,11,-1,1,-1
201543R067055,1,9,0,18,0,0,0,0,0,0,1,1,6,1,27,6,698,1,10,-1,1,-1
201543R067055,2,9,0,2,0,0,0,0,0,0,2,1,6,1,46,8,-1,-1,-1,-1,1,-1
201543R067075,1,9,0,18,0,0,0,0,0,0,1,1,6,1,-1,-1,1388,1,4,-1,1,-1
201543R067075,2,9,0,3,0,0,0,0,0,0,2,1,6,1,29,6,1198,1,9,-1,1,-1
201543R067075,3,9,0,3,0,0,0,0,0,0,2,1,6,1,42,7,1995,2,2,-1,-1,-1
201543R067095,1,9,0,18,0,0,0,0,0,0,1,1,6,2,30,6,1248,1,3,-1,1,-1
201543R067095,2,9,0,3,0,0,0,0,0,0,2,1,1,2,62,9,-1,-1,-1,-1,1,-1
201543R067125,1,9,0,18,0,2,0,0,0,0,1,1,6,2,40,7,2378,1,11,-1,1,-1
201543R068035,1,9,0,18,0,1,0,0,0,0,1,1,6,1,21,5,1968,2,4,-1,1,-1
201543R068035,2,19,0,18,0,1,0,0,0,0,2,1,1,1,44,7,1598,2,1,-1,1,-1
201543R068045,1,8,0,2,0,0,0,0,0,0,4,1,1,1,53,8,1896,2,8,-1,1,-1
201543R068045,2,1,0,15,0,0,0,0,0,0,1,1,6,1,25,5,-1,-1,-1,-1,1,-1
201543R068055,1,9,0,9,0,5,0,0,0,0,4,1,6,1,37,7,1896,2,10,-1,1,-1
201543R068055,2,9,0,18,0,8,0,0,1,10,1,1,6,1,42,7,3246,1,12,-1,1,-1
201543R068105,1,9,0,18,0,4,0,0,0,0,3,1,6,1,30,6,1951,2,11,-1,1,-1
201543R068105,2,9,0,9,0,8,0,0,0,0,4,1,6,1,39,7,1598,1,10,-1,1,-1
201543R068125,1,9,0,18,0,0,0,0,5,6,1,1,6,1,20,4,1229,1,8,-1,1,-1
201543R069025,1,9,0,18,0,0,1,0,8,4,4,1,6,2,19,4,-1,-1,-1,-1,1,-1
201543R069075,1,9,0,9,0,5,0,0,0,0,1,1,6,1,18,4,1395,1,1,-1,1,-1
201543R069075,2,3,0,18,0,8,0,0,0,0,3,1,6,1,17,4,125,1,-1,-1,3,-1
201543R069105,1,1,0,18,0,0,0,4,0,0,1,1,6,1,27,6,-1,-1,-1,-1,1,-1
201543R069105,2,9,0,2,0,0,0,0,0,0,2,1,6,3,-1,-1,1598,1,6,-1,1,-1
201543R070035,1,9,0,9,0,5,0,0,0,0,1,1,6,2,28,6,-1,-1,-1,-1,-1,-1
201543R070105,1,9,0,9,0,8,0,0,0,0,1,1,6,1,77,11,1686,2,4,-1,1,-1
201543R070105,2,5,0,14,0,8,0,0,0,0,3,1,2,1,44,7,749,1,3,-1,1,-1
201543R070125,1,9,0,3,0,0,0,0,0,0,1,1,6,1,65,9,2776,2,6,-1,1,-1
201543R071025,1,9,0,9,0,8,0,0,0,0,4,1,6,2,58,9,2993,2,3,-1,3,-1
201543R071025,2,9,0,18,0,1,0,0,0,0,1,1,2,2,48,8,1896,2,9,-1,2,-1
201543R071055,1,9,0,18,0,0,0,4,0,0,1,1,6,1,20,4,-1,-1,-1,-1,1,-1
201543R071055,2,9,0,2,0,0,0,0,1,0,2,1,6,3,-1,-1,-1,-1,-1,-1,1,-1
201543R071075,1,9,0,9,0,8,0,0,0,0,1,1,6,1,23,5,1896,2,13,-1,1,-1
201543R071075,2,9,0,18,0,8,0,0,0,0,3,1,6,1,31,6,1968,2,5,-1,1,-1
201543R071125,1,9,0,18,0,1,1,0,0,0,1,2,1,1,24,5,-1,-1,-1,-1,1,-1
201543R071125,2,9,0,3,0,1,0,0,0,0,2,1,1,2,30,6,-1,-1,-1,-1,1,-1
201543R071125,3,9,0,3,0,1,0,0,0,0,2,1,1,2,48,8,-1,-1,-1,-1,1,-1
201543R072015,1,4,0,13,0,0,1,0,2,2,1,1,6,1,30,6,-1,-1,-1,-1,1,-1
201543R072015,2,5,0,18,0,0,1,0,0,0,1,1,6,1,33,6,600,1,9,-1,1,-1
201543R072015,3,9,0,18,0,0,0,0,0,0,2,1,6,1,28,6,1998,1,10,-1,1,-1
201543R072025,1,1,0,18,0,0,0,0,0,0,3,1,4,1,15,3,-1,-1,-1,-1,1,-1
201543R072025,2,9,0,18,0,0,0,0,0,0,4,1,2,2,54,8,1896,2,10,-1,3,-1
201543R072055,1,19,0,18,0,0,0,0,0,0,1,1,4,1,35,6,-1,-1,-1,-1,3,-1
201543R072055,2,1,0,18,0,0,0,0,0,0,3,1,6,2,39,7,-1,-1,-1,-1,2,-1
201543R072085,1,9,0,18,0,1,0,0,0,0,1,1,6,1,28,6,1995,1,10,-1,-1,-1
201543R072085,2,9,0,3,0,1,0,0,0,0,2,1,6,2,29,6,1588,1,11,-1,1,-1
201543R073035,1,9,0,18,0,0,0,0,0,0,4,1,6,3,-1,-1,1997,2,8,-1,-1,-1
201543R073085,1,9,0,18,0,2,0,0,0,0,1,1,6,2,35,6,1968,2,9,-1,1,-1
201543R073085,2,9,0,3,0,2,0,0,0,0,2,1,1,1,49,8,2996,2,17,-1,1,-1
201543R073105,1,19,0,9,0,6,0,0,0,0,4,1,6,3,-1,-1,-1,-1,-1,-1,-1,-1
201543R073105,2,9,0,18,0,8,0,0,0,0,1,1,6,2,30,6,1600,2,4,-1,1,-1
201543R073115,1,9,0,13,0,8,0,0,0,0,4,1,6,1,-1,-1,-1,-1,-1,-1,-1,-1
201543R073115,2,2,0,9,0,8,0,0,0,0,3,1,6,1,25,5,49,1,-1,-1,1,-1
201543R074025,1,9,0,5,0,7,0,0,0,0,3,1,2,1,26,6,1984,1,9,-1,3,-1
201543R074025,2,9,0,12,0,8,0,0,1,9,4,1,2,1,46,8,1422,2,8,-1,1,-1
201543R074055,1,19,0,13,0,0,0,0,7,0,1,1,6,1,23,5,2198,2,1,-1,1,-1
201543R074055,2,19,0,18,0,0,0,0,0,0,1,1,6,1,36,7,1896,2,15,-1,1,-1
201543R074105,1,9,0,9,0,6,0,0,0,0,1,1,2,1,55,8,2987,2,2,-1,2,-1
201543R074105,2,2,0,18,0,8,0,0,0,0,1,1,2,1,28,6,115,1,-1,-1,1,-1
201543R074115,1,9,0,17,0,0,0,0,7,0,1,1,6,1,25,5,2172,2,12,-1,1,-1
201543R074115,2,9,0,16,0,0,0,0,0,0,1,1,6,2,55,8,2204,2,9,-1,1,-1
201543R074115,3,9,0,16,0,0,0,0,1,0,1,1,6,2,43,7,1388,1,6,-1,1,-1
201543R075015,1,9,0,18,0,4,0,0,0,0,1,1,6,1,40,7,-1,3,1,-1,1,-1
201543R075015,2,1,0,9,0,8,0,0,0,0,4,1,6,1,40,7,-1,-1,-1,-1,1,-1
201543R075035,1,9,0,18,0,0,1,7,7,10,1,1,6,1,17,4,3246,1,13,-1,1,-1
201543R075035,2,9,0,2,0,0,0,0,0,0,3,1,6,3,-1,-1,2993,2,11,-1,-1,-1
201543R075065,1,1,0,18,0,4,0,0,0,0,1,1,6,1,39,7,-1,-1,-1,-1,-1,-1
201543R075105,1,9,0,7,0,8,0,0,0,0,1,1,6,1,50,8,2401,2,10,-1,3,-1
201543R075105,2,1,0,18,0,8,0,0,0,0,3,1,6,1,40,7,-1,-1,-1,-1,1,-1
201543R076075,1,9,0,9,0,8,0,0,0,0,1,1,6,1,54,8,-1,-1,-1,-1,1,-1
201543R076075,2,1,0,9,0,6,0,0,0,0,3,1,6,1,45,7,-1,-1,-1,-1,1,-1
201543R076095,1,9,0,14,0,0,0,0,0,0,3,1,6,1,54,8,1299,1,14,-1,1,-1
201543R076095,2,9,0,18,0,0,0,0,0,0,3,1,6,2,39,7,1998,1,13,-1,1,-1