Accident_Index,Vehicle_Reference,Vehicle_Type,Towing_and_Articulation,Vehicle_Manoeuvre,Vehicle_Location-Restricted_Lane,Junction_Location,Skidding_and_Overturning,Hit_Object_in_Carriageway,Vehicle_Leaving_Carriageway,Hit_Object_off_Carriageway,1st_Point_of_Impact,Was_Vehicle_Left_Hand_Drive?,Journey_Purpose_of_Driver,Sex_of_Driver,Age_of_Driver,Age_Band_of_Driver,Engine_Capacity_(CC),Propulsion_Code,Age_of_Vehicle,Driver_IMD_Decile,Driver_Home_Area_Type,Vehicle_IMD_Decile
201543R108085,5,9,0,4,0,0,0,0,0,0,2,1,6,2,67,10,1193,1,2,-1,1,-1
201543R108095,1,9,0,4,0,8,0,0,0,0,1,1,2,2,19,4,1242,1,-1,-1,1,-1
201543R108095,2,9,0,3,0,8,0,0,0,0,2,1,6,2,30,6,-1,-1,-1,-1,-1,-1
201543R108105,1,9,0,18,0,0,0,4,0,0,1,1,2,1,42,7,1988,1,12,-1,-1,-1
201543R108105,2,9,0,2,0,0,0,0,0,0,2,1,6,2,30,6,-1,-1,-1,-1,1,-1
201543R109025,1,9,0,16,0,0,2,0,8,4,1,1,6,2,47,8,1587,1,10,-1,1,-1
201543R109035,1,9,0,18,0,0,0,0,0,0,4,1,6,3,-1,-1,-1,-1,-1,-1,-1,-1
201543R109035,2,1,0,18,0,0,0,0,0,0,3,1,6,1,19,4,-1,-1,-1,-1,1,-1
201543R109085,1,19,0,4,0,0,0,0,0,0,1,1,6,1,45,7,2198,2,-1,-1,1,-1
201543R109085,2,9,0,4,0,0,0,0,5,6,2,1,6,1,35,6,1998,2,8,-1,1,-1
201543R109095,1,9,0,18,0,0,0,0,0,0,1,1,6,1,50,8,-1,-1,-1,-1,-1,-1
201543R109095,2,9,0,3,0,0,0,0,0,0,2,1,6,1,37,7,-1,-1,-1,-1,1,-1
201543R110015,1,8,0,18,0,4,0,0,0,0,1,1,1,1,37,7,2148,2,8,-1,1,-1
201543R110015,2,8,0,7,0,3,0,0,0,0,1,1,1,1,36,7,1896,2,10,-1,1,-1
201543R110045,1,9,0,12,0,0,0,0,0,0,3,1,2,1,40,7,1956,2,-1,-1,1,-1
201543R110045,2,5,0,18,0,0,0,0,0,0,4,1,2,1,36,7,645,1,13,-1,1,-1
201543R110085,1,9,0,7,0,8,0,0,0,0,3,1,6,1,90,11,1388,1,12,-1,1,-1
201543R110085,2,9,0,18,0,8,5,0,7,11,4,1,6,1,25,5,-1,-1,-1,-1,1,-1
201543R110115,1,9,0,3,0,1,0,0,0,0,2,1,6,1,39,7,990,1,16,-1,1,-1
201543R110115,2,9,0,3,0,1,0,0,0,0,2,1,6,1,45,7,1995,2,15,-1,1,-1
201543R110115,3,9,0,4,0,1,0,0,0,0,1,1,6,1,43,7,1896,2,9,-1,1,-1
201543R110125,1,9,0,18,0,0,0,0,0,0,1,1,6,2,43,7,1560,2,3,-1,1,-1
201543R110125,2,9,0,10,0,0,0,0,0,0,2,1,1,2,34,6,1598,1,16,-1,1,-1
201543R111045,1,9,0,18,0,1,0,0,4,2,1,1,6,1,28,6,1149,1,11,-1,1,-1
201543R111075,1,5,0,4,0,4,1,0,0,0,0,1,6,2,52,8,883,1,8,-1,1,-1
201543R111085,1,9,0,18,0,1,1,0,0,0,1,1,6,1,18,4,-1,-1,-1,-1,1,-1
201543R111085,2,9,0,2,0,1,0,0,0,0,1,1,6,3,-1,-1,1998,1,9,-1,-1,-1
201543R111085,3,9,0,2,0,1,0,0,0,0,1,1,6,3,-1,-1,1896,2,13,-1,-1,-1
201543R111115,1,9,0,2,9,8,0,0,0,0,0,1,6,1,21,5,1560,2,2,-1,1,-1
201543R111115,2,9,0,9,0,6,0,0,0,0,1,1,6,2,28,6,1988,1,14,-1,1,-1
201543R111115,3,3,0,18,0,8,0,0,0,0,1,1,6,1,53,8,124,1,14,-1,1,-1
201543R112025,1,9,0,1,0,0,0,0,0,0,2,1,6,1,54,8,1298,1,16,-1,1,-1
201543R112025,2,9,0,3,0,0,0,0,0,0,1,1,2,1,33,6,1299,1,14,-1,1,-1
201543R112075,1,9,0,18,0,0,0,0,0,0,1,1,6,1,-1,-1,-1,-1,-1,-1,-1,-1
201543R112075,2,5,0,18,0,0,0,0,0,0,2,1,6,1,28,6,999,1,9,-1,1,-1
201543R112115,1,9,0,7,0,5,0,0,0,0,4,1,6,3,-1,-1,-1,-1,-1,-1,-1,-1
201543R112125,1,9,0,18,0,8,0,0,0,0,1,1,6,1,67,10,1339,1,4,-1,1,-1
201543R112125,2,9,0,18,0,8,0,0,0,0,2,1,6,1,68,10,999,1,3,-1,1,-1
201543R113025,1,9,0,18,0,0,0,0,0,0,1,1,6,1,54,8,1686,2,2,-1,1,-1
201543R113025,2,9,0,3,0,0,0,0,0,0,2,1,6,2,35,6,1596,1,2,-1,1,-1
201543R113085,1,9,0,9,0,6,0,0,0,0,1,1,6,1,45,7,1596,1,9,-1,1,-1
201543R113085,2,9,0,18,0,8,0,0,0,0,1,1,6,1,50,8,1870,2,10,-1,1,-1
201543R113095,1,97,0,8,0,1,0,0,0,0,2,1,6,1,44,7,996,1,9,-1,1,-1
201543R113095,2,9,0,9,0,1,0,0,0,0,1,1,6,3,-1,-1,-1,-1,-1,-1,-1,-1
201543R113125,1,9,0,18,0,0,1,0,0,0,1,1,6,1,36,7,1896,2,13,-1,3,-1
201543R113125,2,9,0,3,0,0,0,0,0,0,2,1,1,1,34,6,1339,1,8,-1,1,-1
201543R113125,3,9,0,3,0,0,0,0,0,0,2,1,1,1,29,6,1499,2,-1,-1,1,-1
201543R114025,1,19,0,5,0,1,0,0,0,0,1,1,1,1,22,5,2300,2,10,-1,1,-1
201543R114025,2,9,0,3,0,1,0,0,0,0,2,1,6,1,28,6,1995,2,3,-1,-1,-1
201543R114045,1,9,0,18,0,8,0,0,0,0,4,1,2,1,40,7,1299,1,13,-1,1,-1
201543R114045,2,9,0,9,0,6,0,0,0,0,1,1,6,2,30,6,-1,-1,-1,-1,1,-1
201543R114065,1,9,0,9,0,3,0,0,1,3,1,1,6,1,17,4,-1,-1,-1,-1,1,-1
201543R114095,1,9,0,18,0,3,0,0,0,0,1,1,2,2,22,5,1461,2,2,-1,1,-1
201543R114095,2,9,0,18,0,5,0,0,0,0,2,1,3,2,33,6,1598,1,11,-1,1,-1
201543R115055,1,19,0,8,0,1,0,0,0,0,1,1,6,1,-1,-1,1560,2,5,-1,-1,-1
201543R115055,2,9,0,18,0,1,0,0,0,0,2,1,6,2,27,6,1198,1,8,-1,1,-1
201543R116085,1,19,0,5,0,6,0,0,0,0,1,1,1,1,31,6,2143,2,3,-1,1,-1
201543R116085,2,9,0,18,0,8,0,0,0,0,3,1,6,2,32,6,1461,2,3,-1,1,-1
201543R116085,3,9,0,3,0,1,0,0,0,0,1,1,6,1,73,10,2000,1,11,-1,1,-1
201543R116105,1,9,0,18,0,0,5,0,1,4,4,1,6,1,60,9,1560,2,-1,-1,1,-1
201543R117015,1,21,1,18,0,0,1,0,0,0,1,1,1,1,38,7,-1,-1,-1,-1,-1,-1
201543R117015,2,9,0,4,0,0,0,0,0,0,2,1,2,2,52,8,-1,-1,-1,-1,1,-1
201543R117015,3,9,0,4,0,0,0,0,0,0,2,1,2,1,38,7,2993,2,1,-1,3,-1
201543R117015,4,9,0,4,0,0,0,0,0,0,2,1,2,2,42,7,1595,1,8,-1,1,-1
201543R117035,1,9,0,18,0,4,0,0,0,0,1,1,1,2,56,9,998,1,9,-1,1,-1
201543R117035,2,9,0,9,0,8,0,0,0,0,1,1,6,1,30,6,1598,1,19,-1,1,-1
201543R117075,1,9,0,18,0,0,1,0,4,6,3,1,6,2,33,6,1968,2,5,-1,1,-1
201543R118065,1,9,0,9,0,6,0,0,0,0,3,1,6,1,-1,-1,-1,-1,-1,-1,-1,-1
201543R118065,2,1,0,18,0,8,0,0,0,0,1,1,6,2,25,5,-1,-1,-1,-1,1,-1
201543R118085,1,9,0,9,0,8,0,0,0,0,3,1,6,2,65,9,1591,1,3,-1,1,-1
201543R118085,2,5,0,18,0,1,1,0,0,0,1,1,6,1,29,6,599,1,11,-1,1,-1
201543R118115,1,19,0,9,0,8,0,0,0,0,1,1,6,1,41,7,2143,2,3,-1,-1,-1
201543R118115,2,9,0,18,0,8,0,0,0,0,1,1,2,2,31,6,-1,-1,-1,-1,2,-1
201543R119015,1,9,0,2,0,0,0,0,0,0,3,1,1,1,40,7,-1,-1,-1,-1,-1,-1
201543R119015,2,9,0,18,0,0,0,0,0,0,3,1,6,1,28,6,1995,2,1,-1,-1,-1
201543R119085,1,9,0,18,0,7,0,0,0,0,3,1,6,1,31,6,1497,1,10,-1,1,-1
201543R119085,2,9,0,18,0,8,1,0,0,0,4,1,6,1,26,6,1240,1,10,-1,1,-1
201543R120015,1,9,0,18,0,0,0,8,0,0,1,1,6,2,82,11,1200,1,13,-1,1,-1
201543R120015,2,9,0,2,0,0,0,0,0,0,3,1,6,1,62,9,1242,1,9,-1,1,-1
201543R120025,1,9,0,18,0,8,0,0,0,0,2,1,6,1,82,11,1349,1,1,-1,1,-1
201543R120025,2,9,0,18,0,8,0,0,0,0,1,1,6,2,26,6,1995,2,10,-1,1,-1
201543R120035,1,9,0,18,0,8,0,0,0,0,1,1,6,1,42,7,-1,-1,-1,-1,1,-1
201543R120035,2,9,0,9,0,6,0,0,0,0,1,1,6,1,23,5,-1,-1,-1,-1,1,-1
201543R120065,1,9,0,9,0,4,0,0,0,0,1,1,6,2,-1,-1,1229,1,4,-1,-1,-1
201543R120065,2,1,0,18,0,8,0,0,0,0,4,1,6,1,29,6,-1,-1,-1,-1,3,-1
201543R121015,1,5,0,18,0,0,1,0,0,0,1,1,1,1,25,5,649,1,1,-1,1,-1
201543R121015,2,19,0,18,0,0,0,0,0,0,2,1,1,1,36,7,1997,2,3,-1,1,-1
201543R121035,1,9,0,18,0,1,0,0,2,2,1,1,6,1,75,10,-1,-1,-1,-1,1,-1
201543R121095,1,9,0,9,0,6,0,0,0,0,2,1,6,1,22,5,1360,1,8,-1,1,-1
201543R121095,2,5,0,18,0,8,0,0,0,0,1,1,6,1,52,8,1649,1,1,-1,3,-1
201543R122025,1,11,0,18,0,2,0,0,0,0,0,1,1,1,58,9,4500,2,4,-1,3,-1
201543R122035,1,9,0,4,0,4,0,0,0,0,1,1,6,1,-1,-1,-1,-1,-1,-1,-1,-1
201543R122035,2,9,0,3,0,4,0,0,0,0,2,1,2,2,50,8,1242,1,2,-1,1,-1
201543R123035,1,9,0,9,0,5,0,0,0,0,1,1,6,2,-1,-1,1199,1,11,-1,1,-1
201543R123065,1,1,0,18,0,8,0,0,0,0,3,1,6,1,53,8,-1,-1,-1,-1,1,-1
201543R123065,2,9,0,7,0,8,0,0,0,0,1,1,6,2,33,6,1896,2,13,-1,1,-1
201543R123085,1,9,0,16,0,1,0,0,0,0,1,1,6,1,82,11,1332,1,18,-1,1,-1
201543R123085,2,9,0,9,0,1,0,0,0,0,4,1,6,1,79,11,1198,1,3,-1,1,-1
201543R123095,1,9,0,18,0,0,0,0,0,0,1,1,6,2,38,7,2179,2,-1,-1,1,-1
201543R123095,2,9,0,18,0,0,0,0,0,0,2,1,6,2,30,6,1242,1,9,-1,1,-1
201543R123105,1,9,0,18,0,4,0,0,0,0,1,1,6,2,48,8,1769,1,13,-1,1,-1
201543R123105,2,1,0,18,0,8,0,0,0,0,2,1,2,2,46,8,-1,-1,-1,-1,1,-1
201543R123125,1,9,0,18,0,4,0,0,0,0,1,1,6,3,-1,-1,-1,-1,-1,-1,-1,-1
201543R123125,2,3,0,18,0,8,1,0,0,0,2,1,6,1,21,5,125,1,2,-1,-1,-1
201543R124045,1,9,0,18,0,0,0,0,0,0,1,1,6,2,47,8,-1,-1,-1,-1,1,-1
201543R124045,2,9,0,4,0,0,0,0,0,0,2,1,6,1,40,7,1753,2,12,-1,1,-1
201543R124065,1,9,0,18,0,0,0,0,0,0,3,1,6,2,58,9,1798,1,8,-1,-1,-1
201543R124075,1,9,0,18,0,4,0,0,0,0,1,1,6,2,35,6,-1,-1,-1,-1,-1,-1
201543R124075,2,1,0,9,0,8,0,0,0,0,1,1,6,1,34,6,-1,-1,-1,-1,1,-1
201543R124095,1,9,0,9,0,8,0,0,0,0,1,1,6,1,37,7,1896,2,6,-1,1,-1
201543R124095,2,9,0,18,0,8,0,0,0,0,3,1,6,2,66,10,1242,1,6,-1,1,-1
201543R125015,1,9,0,18,0,0,0,0,0,0,1,1,6,2,57,9,1339,1,6,-1,1,-1
201543R125025,1,19,0,7,0,6,0,0,0,0,1,1,1,1,-1,-1,2198,2,8,-1,-1,-1
201543R125025,2,9,0,18,0,8,0,0,0,0,4,1,6,2,46,8,1498,1,6,-1,3,-1
201543R125035,1,9,0,9,0,6,0,0,0,0,1,1,6,2,27,6,1968,2,10,-1,1,-1
201543R125035,2,9,0,18,0,1,1,7,0,11,3,1,6,2,59,9,1995,1,5,-1,1,-1
201543R125045,1,9,0,18,0,4,0,0,0,0,1,1,6,2,27,6,1242,1,12,-1,1,-1
201543R125045,2,8,0,18,0,8,0,0,0,0,3,1,1,1,55,8,1910,2,10,-1,1,-1
201543R126015,1,9,0,4,0,1,0,0,0,0,4,1,6,1,33,6,1461,2,2,-1,1,-1
201543R126015,2,1,0,18,0,1,0,0,0,0,1,1,6,1,47,8,-1,-1,-1,-1,1,-1
201543R126035,1,9,0,12,0,0,0,0,0,0,3,1,6,1,20,4,1598,1,8,-1,-1,-1
201543R126035,2,5,0,14,0,0,0,0,0,0,4,1,2,1,44,7,599,1,14,-1,1,-1
201543R126035,3,9,0,3,0,0,0,0,0,0,3,1,2,1,56,9,1229,1,1,-1,1,-1
201543R126045,1,9,0,9,0,8,1,0,0,0,1,1,6,1,45,7,1598,1,12,-1,1,-1
201543R126045,2,9,0,5,0,8,1,0,0,0,1,1,6,2,40,7,1796,1,12,-1,1,-1
201543R126095,1,3,0,5,0,4,0,0,0,0,1,1,2,2,48,8,124,1,1,-1,1,-1
201543R126095,2,9,0,5,0,4,0,0,0,0,2,1,6,1,35,6,-1,-1,-1,-1,1,-1
201543R126095,3,9,0,5,0,4,0,0,0,0,1,1,2,1,30,6,1598,2,4,-1,1,-1
201543R126115,1,9,0,14,0,0,5,0,7,0,4,1,2,1,67,10,1796,1,8,-1,3,-1
201543R126115,2,9,0,2,0,0,0,0,0,0,3,1,6,3,45,7,3200,2,11,-1,3,-1
201543R127015,1,9,0,18,0,0,0,0,0,0,4,1,6,1,62,9,2143,2,1,-1,1,-1
201543R127035,1,9,0,18,0,0,1,0,4,0,1,1,6,1,45,7,-1,-1,-1,-1,1,-1
201543R127035,2,19,4,18,0,0,3,0,0,0,2,1,1,1,30,6,2402,2,12,-1,3,-1
201543R127035,3,9,0,18,0,0,0,0,0,0,1,1,2,1,31,6,-1,-1,-1,-1,1,-1
201543R127075,1,9,0,9,0,8,0,0,0,0,1,1,6,1,27,6,1896,2,14,-1,3,-1
201543R127075,2,9,0,18,0,8,0,0,0,0,1,1,6,2,24,5,1595,2,5,-1,3,-1
201543R128035,1,9,0,4,0,0,0,0,0,0,1,1,6,2,73,10,1994,2,12,-1,1,-1
201543R128035,2,9,0,4,0,0,0,0,0,0,2,1,3,2,43,7,-1,-1,-1,-1,1,-1
201543R128035,3,9,0,4,0,0,0,0,0,0,2,1,2,2,25,5,1299,1,12,-1,1,-1
201543R128045,1,9,0,3,0,7,0,0,0,0,2,1,6,1,18,4,1124,1,10,-1,1,-1
201543R128045,2,9,0,4,0,7,0,0,0,0,1,1,6,3,-1,-1,-1,-1,-1,-1,-1,-1
201543R128055,1,19,0,9,0,8,0,0,0,0,1,1,1,1,29,6,2143,2,3,-1,1,-1
201543R128055,2,9,0,18,0,8,0,0,0,0,1,1,6,2,27,6,1198,1,4,-1,1,-1
201543R128085,1,9,0,18,0,1,0,0,1,0,1,1,1,2,27,6,1998,1,11,-1,1,-1
201543R128085,2,9,0,7,0,5,0,0,1,4,2,1,6,2,46,8,1999,1,9,-1,1,-1
201543R128115,1,11,0,18,0,8,0,0,0,0,1,1,1,1,75,10,9600,2,17,-1,1,-1
201543R128115,2,9,0,18,0,8,0,0,0,0,3,1,2,1,32,6,1840,1,16,-1,1,-1
201543R129025,1,9,0,18,0,0,0,0,0,0,1,1,6,2,25,5,1986,2,8,-1,-1,-1
201543R129025,2,9,0,18,0,0,0,0,0,0,2,1,6,1,45,7,3498,1,1,-1,1,-1
201543R129025,3,9,0,18,0,0,0,0,0,0,2,1,2,1,42,7,1896,2,12,-1,2,-1
201543R129025,4,9,0,18,0,0,0,0,0,0,2,1,2,1,34,6,1984,1,5,-1,1,-1
201543R129045,1,9,0,9,0,5,0,0,0,11,1,1,6,2,17,4,-1,-1,-1,-1,1,-1
201543R129045,2,19,0,18,0,8,0,0,0,0,1,1,2,1,21,5,2402,2,13,-1,1,-1
201543R129065,1,9,0,1,0,8,0,0,0,0,0,1,6,3,-1,-1,3628,2,5,-1,-1,-1
201543R129065,2,1,0,18,0,8,0,0,0,0,0,1,6,2,44,7,-1,-1,-1,-1,1,-1
201543R129085,1,9,0,18,0,1,0,0,0,0,1,1,6,1,-1,-1,1997,2,14,-1,-1,-1
201543R129085,2,9,0,18,0,1,0,0,0,0,2,1,6,2,35,6,-1,-1,-1,-1,1,-1
201543R129115,1,9,0,18,0,1,0,0,0,0,1,1,6,1,33,6,1896,2,15,-1,1,-1
201543R129115,2,9,0,4,0,1,0,0,0,0,2,1,6,1,28,6,998,1,2,-1,1,-1
201543R129115,3,9,0,9,0,6,0,0,0,0,0,1,6,3,-1,-1,-1,-1,-1,-1,-1,-1
201543R130055,1,1,0,15,0,8,0,0,0,0,1,1,2,1,31,6,-1,-1,-1,-1,1,-1
201543R130055,2,9,0,9,0,5,0,0,0,0,3,1,2,1,28,6,1798,1,9,-1,1,-1
201543R130095,1,9,0,18,0,0,0,0,0,0,3,1,6,1,22,5,1598,1,13,-1,-1,-1
201543R130095,2,9,0,18,0,0,5,0,4,10,4,1,6,1,23,5,998,1,-1,-1,1,-1
201543R130115,1,9,0,18,0,0,0,0,0,0,1,1,6,1,64,9,1598,1,7,-1,1,-1
201543R130115,2,9,0,18,0,0,0,0,0,0,1,1,6,2,35,6,1490,1,10,-1,-1,-1
201543R130125,1,19,0,5,0,0,0,0,0,0,1,1,6,3,-1,-1,-1,-1,-1,-1,-1,-1
201543R131025,1,9,0,3,0,1,0,0,0,0,2,1,1,2,51,8,1248,2,-1,-1,-1,-1
201543R131025,2,19,0,3,0,1,0,0,0,0,2,1,1,1,52,8,1995,2,1,-1,-1,-1
201543R131025,3,9,0,18,0,1,0,0,0,0,1,1,6,3,-1,-1,-1,-1,-1,-1,-1,-1
201543R131035,1,9,0,9,0,5,0,0,0,0,1,1,6,1,52,8,-1,-1,-1,-1,1,-1
201543R131035,2,19,0,18,0,1,0,0,0,0,1,1,2,1,25,5,2400,2,13,-1,1,-1
201543R131085,1,9,0,18,0,0,0,0,0,0,1,1,6,3,-1,-1,1997,2,9,-1,1,-1
201543R131085,2,9,0,18,0,0,0,0,0,0,2,1,6,1,37,7,1753,2,13,-1,1,-1
201543R131095,1,21,1,3,0,0,0,0,0,0,1,1,1,1,49,8,-1,-1,-1,-1,1,-1
201543R131095,2,9,0,3,0,0,0,0,0,0,2,1,2,2,47,8,1587,1,11,-1,1,-1
201543R131095,3,9,0,3,0,0,0,0,0,0,2,1,2,1,28,6,1124,1,15,-1,-1,-1
201543R131095,4,9,0,3,0,0,0,0,0,0,2,1,2,1,27,6,2793,1,16,-1,-1,-1
201543R131115,1,9,0,10,0,1,0,0,0,0,2,1,2,2,57,9,1390,1,18,-1,1,-1
201543R131115,2,9,0,3,0,1,0,0,0,0,2,1,2,2,27,6,1984,1,9,-1,1,-1
201543R131115,3,9,0,18,0,1,0,0,0,0,1,1,6,1,26,6,1596,1,9,-1,1,-1
201543R131115,4,9,0,4,0,1,0,0,0,0,1,1,3,2,30,6,1499,1,-1,-1,1,-1
201543R131125,1,9,0,9,0,6,0,0,1,11,4,1,6,1,18,4,1390,1,14,-1,1,-1
201543R131125,2,11,0,18,0,1,0,0,0,0,1,1,1,1,41,7,6700,2,3,-1,1,-1
201543R132035,1,9,0,18,0,1,0,7,0,0,1,1,6,1,49,8,2902,2,11,-1,1,-1
201543R132035,2,9,0,18,0,1,0,0,0,0,1,1,6,1,42,7,2495,1,12,-1,1,-1
201543R132035,3,9,0,18,0,1,0,0,0,0,3,1,6,2,42,7,1995,2,6,-1,1,-1
201543R132055,1,5,0,13,0,3,0,0,5,6,3,1,6,1,26,6,-1,-1,-1,-1,1,-1
201543R132065,1,9,0,18,0,1,0,0,0,0,0,1,6,1,-1,-1,-1,-1,-1,-1,-1,-1
201543R132065,2,1,0,7,0,5,0,0,1,4,1,1,6,1,15,3,-1,-1,-1,-1,1,-1
201543R132085,1,1,0,18,9,0,0,0,0,0,1,1,2,1,22,5,-1,-1,-1,-1,1,-1
201543R132095,1,1,0,18,9,0,0,0,0,0,1,1,6,2,-1,-1,-1,-1,-1,-1,-1,-1
201543R132115,1,21,0,9,0,2,0,0,0,0,3,1,1,1,28,6,-1,-1,-1,-1,1,-1
201543R132125,1,9,0,18,0,8,0,0,0,0,1,1,6,1,22,5,1497,1,14,-1,-1,-1
201543R132125,2,9,0,18,0,8,0,0,1,7,3,1,6,2,28,6,1587,1,13,-1,1,-1
201543R133115,1,9,0,9,0,5,0,0,0,0,3,1,6,3,-1,-1,1968,2,7,-1,-1,-1
201543R133115,2,9,0,9,0,6,0,0,0,0,3,1,6,1,21,5,-1,-1,-1,-1,1,-1
201543R134015,1,19,0,18,0,0,0,0,0,0,1,1,2,1,29,6,2800,2,9,-1,1,-1
201543R134015,2,9,0,18,0,0,0,0,0,0,2,1,6,1,48,8,-1,-1,-1,-1,1,-1
201543R134025,1,9,0,18,0,0,0,0,0,0,4,1,6,1,58,9,1984,2,3,-1,1,-1
201543R134045,1,1,0,18,0,8,0,0,0,0,3,1,2,1,34,6,-1,-1,-1,-1,-1,-1
201543R134045,2,9,0,7,0,5,0,0,0,0,4,1,6,1,-1,-1,-1,-1,-1,-1,-1,-1
201543R134075,1,9,0,9,0,5,1,0,0,0,4,1,6,1,69,10,998,1,14,-1,1,-1
201543R134075,2,9,0,18,0,8,0,0,0,0,1,1,1,1,39,7,1896,2,6,-1,1,-1
201543R135035,1,1,0,18,5,0,0,0,0,0,3,1,6,1,29,6,-1,-1,-1,-1,1,-1
201543R135045,1,9,0,12,0,0,0,0,0,0,3,1,6,2,32,6,2000,2,11,-1,1,-1
201543R135045,2,3,0,13,0,0,0,0,0,0,4,1,6,1,31,6,125,1,12,-1,1,-1
201543R135065,1,9,0,6,0,0,0,0,0,0,3,1,6,1,38,7,2993,2,6,-1,1,-1
201543R135065,2,2,0,14,0,0,0,0,0,0,1,1,6,1,44,7,50,1,2,-1,3,-1
201543R135105,1,9,0,17,0,0,0,0,1,4,1,1,2,1,37,7,-1,-1,-1,-1,1,-1
201543R136015,1,19,0,18,0,4,0,0,0,0,0,1,1,1,25,5,2198,2,3,-1,1,-1
201543R136015,2,4,0,18,0,8,0,0,0,0,3,1,2,1,50,8,124,1,9,-1,1,-1
201543R136025,1,9,0,1,0,0,0,0,0,0,1,1,6,1,-1,-1,-1,-1,-1,-1,-1,-1
201543R136025,2,9,0,18,0,0,0,0,0,0,2,1,6,1,23,5,-1,-1,-1,-1,1,-1
201543R136035,1,9,0,12,0,0,0,0,0,0,2,1,6,1,-1,-1,-1,-1,-1,-1,-1,-1
201543R136035,2,9,0,18,0,0,0,0,0,0,1,1,6,1,27,6,-1,-1,-1,-1,1,-1
201543R136055,1,9,0,5,0,1,0,0,0,0,1,1,1,1,36,7,1995,2,5,-1,1,-1
201543R136055,2,9,0,3,0,1,0,0,0,0,2,1,3,1,17,4,-1,-1,-1,-1,2,-1
201543R136085,1,9,0,4,0,1,0,0,0,0,2,1,6,1,-1,-1,1598,1,6,-1,1,-1
201543R136085,2,9,0,5,0,1,0,0,0,0,1,1,6,2,-1,-1,2987,2,9,-1,1,-1
201543R136085,3,9,0,5,0,1,0,0,0,0,1,1,6,1,43,7,2987,2,5,-1,1,-1
201543R136085,4,9,0,5,0,1,0,0,0,0,1,1,6,1,-1,-1,1781,1,12,-1,1,-1
201543R136115,1,9,0,18,0,2,0,0,0,0,1,1,6,2,50,8,1364,1,-1,-1,1,-1
201543R136115,2,1,0,18,0,2,0,0,0,0,3,1,4,1,17,4,-1,-1,-1,-1,1,-1
201543R137035,1,9,0,18,0,1,0,0,0,0,1,1,6,1,40,7,1360,1,11,-1,1,-1
201543R137035,2,9,0,4,0,1,0,0,0,0,2,1,1,2,36,7,1339,1,12,-1,1,-1
201543R137045,1,9,0,8,0,6,0,0,0,0,1,1,6,1,-1,-1,1598,2,4,-1,3,-1
201543R137045,2,9,0,8,0,6,0,0,0,0,2,1,6,2,53,8,1596,1,1,-1,1,-1
201543R137125,1,9,0,18,0,0,1,0,1,1,3,1,6,1,35,6,1896,2,11,-1,1,-1
201543R137125,2,9,0,18,0,0,0,0,0,0,1,1,6,2,67,10,1598,1,8,-1,1,-1
201543R138015,1,9,0,9,0,8,0,0,0,0,1,1,6,1,31,6,-1,-1,-1,-1,1,-1
201543R138015,2,9,0,17,0,8,0,0,0,0,1,1,6,2,69,10,1598,1,10,-1,1,-1
201543R138065,1,3,0,4,0,2,0,0,0,0,1,1,2,1,18,4,124,1,4,-1,1,-1
201543R138065,2,9,0,4,0,2,0,0,0,0,2,1,2,1,29,6,1497,8,9,-1,1,-1
201543R138105,1,9,0,18,0,8,1,0,0,0,1,1,6,1,50,8,1396,1,16,-1,1,-1
201543R138105,2,9,0,6,0,8,0,0,0,0,3,1,6,2,30,6,1595,1,6,-1,1,-1
201543R138125,1,9,0,18,0,2,0,0,0,0,1,1,6,3,-1,-1,-1,-1,-1,-1,-1,-1
201543R139025,1,9,0,7,0,8,0,0,0,0,1,1,6,1,-1,-1,-1,-1,-1,-1,1,-1
201543R139025,2,5,0,7,0,8,0,0,0,0,2,1,6,1,50,8,-1,-1,-1,-1,1,-1
201543R139065,1,9,0,7,0,5,0,0,0,0,4,1,1,2,39,7,1686,2,2,-1,1,-1
201543R139065,2,10,0,18,2,8,0,0,0,0,3,1,1,1,51,8,-1,-1,-1,-1,1,-1
201543R139115,1,9,0,18,0,2,0,0,0,0,1,1,1,2,56,9,1799,1,9,-1,1,-1
201543R139115,2,19,0,3,0,2,0,0,0,0,2,1,2,1,36,7,-1,-1,-1,-1,-1,-1
201543R139115,3,9,0,3,0,2,0,0,0,0,0,1,6,2,46,8,1973,1,15,-1,1,-1
201543R141055,1,9,0,17,0,8,0,0,0,0,1,1,6,1,50,8,-1,-1,-1,-1,1,-1
201543R142035,1,9,0,18,0,3,0,0,0,0,4,1,1,2,28,6,1598,1,11,-1,3,-1
201543R142035,2,3,0,18,0,3,0,0,0,0,3,1,1,1,59,9,108,1,2,-1,1,-1
201543R142075,1,9,0,17,0,2,1,0,0,0,1,1,2,1,21,5,1598,1,8,-1,3,-1
201543R142075,2,9,0,16,0,1,0,0,1,0,1,1,6,1,79,11,1968,2,4,-1,1,-1
201543R142085,1,9,0,18,0,0,0,0,0,0,1,1,1,1,52,8,1753,2,6,-1,1,-1
201543R142085,2,1,0,18,0,0,0,0,0,0,2,1,6,1,23,5,-1,-1,-1,-1,-1,-1
201543R143045,1,9,0,18,0,3,0,0,0,0,1,1,6,2,-1,-1,-1,-1,-1,-1,-1,-1
201543R143045,2,9,0,3,0,3,0,0,0,0,2,1,6,2,49,8,-1,-1,-1,-1,1,-1