Accident_Index,Vehicle_Reference,Vehicle_Type,Towing_and_Articulation,Vehicle_Manoeuvre,Vehicle_Location-Restricted_Lane,Junction_Location,Skidding_and_Overturning,Hit_Object_in_Carriageway,Vehicle_Leaving_Carriageway,Hit_Object_off_Carriageway,1st_Point_of_Impact,Was_Vehicle_Left_Hand_Drive?,Journey_Purpose_of_Driver,Sex_of_Driver,Age_of_Driver,Age_Band_of_Driver,Engine_Capacity_(CC),Propulsion_Code,Age_of_Vehicle,Driver_IMD_Decile,Driver_Home_Area_Type,Vehicle_IMD_Decile
201543R143055,1,9,0,5,0,0,0,0,0,0,3,1,6,1,41,7,1968,2,6,-1,1,-1
201543R143085,1,9,0,13,0,0,0,0,0,0,0,1,6,3,-1,-1,-1,-1,-1,-1,-1,-1
201543R143085,2,1,0,18,0,0,0,10,1,0,0,1,2,2,23,5,-1,-1,-1,-1,1,-1
201543R143095,1,1,0,18,0,8,0,0,0,0,1,1,1,1,29,6,-1,-1,-1,-1,1,-1
201543R143095,2,9,0,18,0,8,0,0,0,0,2,1,6,1,-1,-1,-1,-1,-1,-1,-1,-1
201543R143115,1,19,0,18,0,1,0,0,0,0,2,1,6,1,-1,-1,2287,2,6,-1,-1,-1
201543R143115,2,9,0,3,0,1,0,0,0,0,1,1,6,2,56,9,1598,1,3,-1,1,-1
201543R144015,1,9,0,18,0,1,0,0,0,0,1,1,6,1,-1,-1,-1,-1,-1,-1,-1,-1
201543R144015,2,9,0,3,0,1,0,0,0,0,2,1,6,2,-1,-1,-1,-1,-1,-1,-1,-1
201543R144015,3,9,0,3,0,1,0,0,0,0,2,1,6,1,55,8,1896,2,11,-1,1,-1
201543R144045,1,17,0,18,0,0,0,0,0,0,3,1,6,1,-1,-1,-1,-1,-1,-1,-1,-1
201543R144045,2,9,0,18,0,0,0,0,0,0,4,1,6,1,37,7,1995,2,5,-1,1,-1
201543R144065,1,9,0,16,0,3,1,0,1,1,2,1,2,1,26,6,2979,1,12,-1,-1,-1
201543R144085,1,9,0,1,0,6,0,0,0,0,0,1,1,1,65,9,1598,1,7,-1,1,-1
201543R144085,2,9,0,18,0,1,0,7,0,0,1,1,6,2,63,9,1398,1,2,-1,1,-1
201543R144105,1,9,0,16,0,7,0,0,5,6,1,1,6,1,20,4,1248,2,11,-1,1,-1
201543R144125,1,21,1,18,0,0,0,0,1,7,4,1,1,1,39,7,10837,2,2,-1,1,-1
201543R145015,1,9,0,4,0,0,0,0,0,0,1,1,6,1,57,9,4367,2,3,-1,3,-1
201543R145015,2,9,0,4,0,0,0,0,0,0,2,1,6,2,39,7,2179,2,7,-1,3,-1
201543R145015,3,9,0,4,0,0,0,0,0,0,2,1,2,2,24,5,1598,2,3,-1,-1,-1
201543R145105,1,9,0,10,0,1,0,0,0,0,0,1,1,1,41,7,-1,-1,-1,-1,-1,-1
201543R145105,2,9,0,3,0,1,0,0,0,0,2,1,6,1,18,4,1242,1,1,-1,1,-1
201543R145105,3,9,0,18,0,1,0,0,0,0,1,1,6,1,-1,-1,1242,1,13,-1,-1,-1
201543R145125,1,20,0,18,0,8,0,0,0,0,4,1,1,1,25,5,-1,-1,-1,-1,1,-1
201543R145125,2,9,0,7,0,6,0,0,0,0,1,1,6,1,42,7,1769,1,10,-1,1,-1
201543R146035,1,9,0,18,0,0,0,0,0,0,1,1,6,2,25,5,-1,-1,-1,-1,1,-1
201543R146035,2,9,0,18,0,0,0,0,0,0,2,1,6,2,38,7,-1,-1,-1,-1,1,-1
201543R146035,3,9,0,18,0,0,0,0,0,0,2,1,6,1,29,6,1896,2,11,-1,1,-1
201543R146055,1,9,0,9,0,8,0,0,0,0,1,1,2,1,18,4,1598,1,13,-1,1,-1
201543R146055,2,1,0,18,0,8,0,0,0,0,1,1,2,2,17,4,-1,-1,-1,-1,1,-1
201543R147015,1,9,0,18,0,0,0,0,0,0,1,1,6,1,-1,-1,-1,-1,-1,-1,-1,-1
201543R147015,2,9,0,3,0,0,0,0,0,0,2,1,2,1,26,6,1968,2,1,-1,1,-1
201543R147095,1,9,0,18,0,1,0,0,0,0,1,1,6,1,20,4,1199,1,14,-1,-1,-1
201543R147095,2,9,0,18,0,1,0,0,0,0,2,1,6,1,48,8,-1,-1,-1,-1,2,-1
201543R147105,1,9,0,17,0,0,1,0,0,0,1,1,2,1,24,5,1598,1,9,-1,1,-1
201543R147105,2,9,0,16,0,0,0,0,0,0,1,1,2,2,57,9,1587,1,7,-1,1,-1
201543R147105,3,9,0,16,0,0,0,0,0,0,4,1,2,1,23,5,1298,1,12,-1,1,-1
201543R147115,1,9,0,18,0,0,0,0,0,0,1,1,6,1,24,5,1998,1,8,-1,3,-1
201543R147115,2,9,0,3,0,0,0,0,0,0,4,1,1,1,29,6,1598,2,-1,-1,1,-1
201543R147115,3,9,0,3,0,0,0,10,1,10,3,1,1,2,62,9,1582,2,5,-1,2,-1
201543R147125,1,9,0,11,0,0,0,0,0,0,4,1,2,1,46,8,2720,2,10,-1,1,-1
201543R147125,2,5,0,18,0,0,0,0,0,0,3,1,2,1,62,9,1298,1,7,-1,3,-1
201543R147125,3,9,0,18,0,0,0,0,0,0,2,1,2,1,58,9,2993,2,6,-1,1,-1
201543R148065,1,9,0,4,0,0,0,0,0,0,1,1,6,1,65,9,1591,1,1,-1,1,-1
201543R148065,2,19,0,4,0,0,0,0,0,0,2,1,1,1,50,8,2198,2,1,-1,1,-1
201543R148075,1,19,0,18,0,0,5,0,7,10,1,1,1,1,46,8,2198,2,8,-1,3,-1
201543R148085,1,9,0,18,0,6,0,0,0,0,3,1,6,1,-1,-1,-1,-1,-1,-1,-1,-1
201543R148085,2,1,0,18,0,1,0,0,0,0,1,1,6,1,18,4,-1,-1,-1,-1,1,-1
201543R148115,1,9,0,18,0,8,0,0,0,0,1,1,2,2,23,5,1198,1,6,-1,1,-1
201543R148115,2,9,0,10,0,8,0,0,0,0,2,1,3,2,30,6,1984,1,3,-1,1,-1
201543R148125,1,9,0,9,0,5,0,0,0,0,4,1,6,2,32,6,1360,1,9,-1,1,-1
201543R148125,2,3,0,18,0,8,0,0,0,0,1,1,2,1,20,4,124,1,-1,-1,1,-1
201543R149015,1,9,0,18,0,8,0,0,0,0,0,1,6,3,-1,-1,-1,-1,-1,-1,-1,-1
201543R149015,2,5,0,18,0,8,0,0,0,0,4,1,2,1,54,8,-1,-1,-1,-1,1,-1
201543R149035,1,9,0,18,0,2,0,0,0,0,1,1,6,2,70,10,1598,1,16,-1,1,-1
201543R149085,1,3,0,16,0,0,0,0,0,0,4,1,6,1,28,6,125,1,-1,-1,1,-1
201543R149095,1,9,0,18,0,0,0,0,0,0,1,1,6,1,-1,-1,1363,2,11,-1,-1,-1
201543R149095,2,9,0,18,0,0,0,0,0,0,2,1,6,1,57,9,1870,2,11,-1,1,-1
201543R149115,1,9,0,7,0,8,0,0,0,0,1,1,6,3,-1,-1,1596,1,12,-1,-1,-1
201543R149115,2,9,0,10,0,8,0,0,0,0,3,1,6,1,24,5,1339,1,4,-1,1,-1
201543R149115,3,9,0,18,0,2,0,0,0,0,2,1,6,1,64,9,1364,1,8,-1,1,-1
201543R149125,1,9,0,9,0,5,0,0,0,0,1,1,6,2,49,8,1598,1,3,-1,1,-1
201543R149125,2,9,0,18,0,8,0,0,0,0,1,1,6,2,48,8,3456,8,3,-1,1,-1
201543R149125,3,9,0,18,0,8,0,0,0,0,1,1,6,2,62,9,1600,1,1,-1,-1,-1
201543R150025,1,9,0,9,0,8,0,0,0,0,1,1,6,1,60,9,-1,-1,-1,-1,-1,-1
201543R150035,1,9,0,5,0,6,0,0,0,0,3,1,6,2,-1,-1,1339,1,8,-1,-1,-1
201543R150035,2,1,0,18,0,1,0,0,0,0,4,1,1,1,27,6,-1,-1,-1,-1,1,-1
201543R150065,1,9,0,18,0,8,0,0,0,0,1,1,6,1,80,11,1596,1,9,-1,1,-1
201543R150065,2,8,0,5,0,8,0,0,0,0,4,1,1,2,33,6,-1,-1,-1,-1,1,-1
201543R150085,1,9,0,13,0,0,0,0,0,0,4,1,6,3,-1,-1,-1,-1,-1,-1,-1,-1
201543R150085,2,1,0,18,0,0,0,0,1,0,3,1,2,1,18,4,-1,-1,-1,-1,1,-1
201543R150125,1,9,0,18,0,0,1,0,0,0,1,1,2,1,26,6,1598,1,11,-1,1,-1
201543R150125,2,9,0,3,0,0,0,0,0,0,2,1,2,2,42,7,998,1,8,-1,1,-1
201543R150125,3,9,0,3,0,0,0,0,0,0,2,1,2,2,36,7,1896,2,12,-1,1,-1
201543R150125,4,9,0,3,0,0,0,0,0,0,2,1,2,2,34,6,-1,-1,-1,-1,1,-1
201543R150125,5,9,0,3,0,0,0,0,0,0,2,1,2,1,34,6,1598,1,11,-1,1,-1
201543R151045,1,9,0,18,0,1,0,0,0,0,4,1,6,2,-1,-1,-1,-1,-1,-1,-1,-1
201543R151085,1,9,0,18,9,0,0,0,7,4,1,1,6,2,62,9,1339,1,1,-1,1,-1
201543R151085,2,9,0,2,9,0,0,0,0,0,2,1,6,1,54,8,-1,-1,-1,-1,1,-1
201543R151095,1,9,0,4,0,0,0,0,1,7,1,1,6,1,55,8,1910,2,7,-1,1,-1
201543R151095,2,9,0,4,0,0,0,0,0,0,2,1,6,1,35,6,1798,8,-1,-1,1,-1
201543R151095,3,9,0,4,0,0,0,0,0,0,2,1,1,1,51,8,2149,2,7,-1,1,-1
201543R151095,4,9,0,4,0,0,0,0,0,0,2,1,6,1,35,6,1398,1,2,-1,1,-1
201543R151125,1,3,0,13,0,1,0,0,0,0,1,1,2,1,16,4,-1,-1,-1,-1,1,-1
201543R151125,2,9,0,9,0,1,0,0,0,0,3,1,2,2,22,5,1299,1,10,-1,1,-1
201543R152045,1,9,0,9,0,6,0,0,0,0,1,1,2,1,50,8,1998,1,10,-1,1,-1
201543R152045,2,1,0,18,0,8,0,0,0,0,3,1,2,1,41,7,-1,-1,-1,-1,1,-1
201543R152055,1,19,0,18,0,0,0,0,0,0,1,1,6,1,-1,-1,-1,-1,-1,-1,-1,-1
201543R152055,2,9,0,3,0,0,0,0,0,0,2,1,6,1,68,10,1560,2,2,-1,1,-1
201543R152075,1,9,0,18,0,4,0,0,0,0,1,1,2,1,44,7,2967,2,-1,-1,1,-1
201543R152075,2,1,0,9,0,8,0,0,0,0,4,1,2,1,46,8,-1,-1,-1,-1,1,-1
201543R152085,1,11,0,18,0,0,0,0,0,0,1,1,1,1,38,7,7140,2,1,-1,1,-1
201543R152085,2,21,0,3,0,0,0,0,0,0,2,1,1,1,60,9,6374,2,2,-1,1,-1
201543R152115,1,9,0,9,0,6,0,0,0,0,3,1,6,1,21,5,1896,2,7,-1,3,-1
201543R152115,2,4,0,13,0,8,0,0,0,0,1,1,6,1,27,6,599,1,5,-1,-1,-1
201543R152125,1,9,0,5,0,2,0,0,0,0,1,1,6,1,20,4,1794,1,8,-1,1,-1
201543R153055,1,9,0,4,0,0,0,0,0,0,1,1,6,2,45,7,1198,1,-1,-1,-1,-1
201543R153055,2,9,0,18,0,0,0,0,0,0,2,1,6,1,39,7,1896,2,8,-1,1,-1
201543R153085,1,9,0,7,0,8,0,0,0,0,1,1,6,3,-1,-1,1995,2,12,-1,-1,-1
201543R153085,2,9,0,17,0,8,0,0,0,0,1,1,6,1,31,6,1598,1,4,-1,1,-1
201543R153095,1,5,0,18,0,0,0,4,0,0,1,1,6,1,29,6,636,1,12,-1,1,-1
201543R153095,2,9,0,2,0,0,0,0,0,0,1,1,6,2,30,6,1997,2,7,-1,1,-1
201543R153105,1,9,0,18,0,0,0,0,0,0,1,1,6,1,52,8,1339,1,11,-1,1,-1
201543R153105,2,9,0,18,0,0,0,0,0,0,1,1,6,1,47,8,1796,1,11,-1,1,-1
201543R153125,1,21,1,18,0,0,3,0,0,0,1,1,1,1,57,9,12130,2,11,-1,1,-1
201543R153125,2,9,0,3,0,0,0,0,0,0,2,1,6,2,53,8,1390,1,4,-1,3,-1
201543R153125,3,9,0,18,0,0,0,0,0,0,1,1,6,1,29,6,1242,1,13,-1,1,-1
201543R153125,4,9,0,3,0,0,0,0,0,0,2,1,6,1,46,8,2521,1,8,-1,1,-1
201543R153125,5,19,0,18,0,0,0,0,0,0,1,1,1,1,42,7,2287,2,-1,-1,1,-1
201543R153125,6,9,0,18,0,0,0,0,0,0,1,1,6,2,58,9,1995,2,6,-1,1,-1
201543R153125,7,9,0,3,0,0,0,0,0,0,2,1,6,2,65,9,-1,-1,-1,-1,2,-1
201543R153125,8,9,0,3,0,0,0,0,0,0,2,1,6,1,29,6,1598,1,8,-1,3,-1
201543R154065,1,9,0,18,0,0,0,0,0,0,1,1,6,3,-1,-1,-1,-1,-1,-1,-1,-1
201543R154075,1,19,0,18,0,6,0,0,0,0,3,1,6,1,60,9,2143,2,1,-1,1,-1
201543R154075,2,9,0,18,0,8,0,0,0,0,1,1,6,2,64,9,-1,-1,-1,-1,1,-1
201543R154095,1,9,0,12,0,0,0,0,0,0,0,1,6,1,48,8,1598,2,2,-1,1,-1
201543R154095,2,5,0,18,0,0,1,0,0,0,3,1,2,1,29,6,599,1,11,-1,1,-1
201543R155015,1,9,0,18,0,8,0,0,0,0,1,1,6,2,30,6,1798,1,8,-1,1,-1
201543R155015,2,9,0,18,0,8,0,0,0,0,4,1,6,1,40,7,2979,1,13,-1,1,-1
201543R155025,1,9,0,5,0,1,0,0,0,0,4,1,6,1,-1,-1,1339,1,13,-1,1,-1
201543R155025,2,1,0,3,0,1,0,0,0,0,3,1,6,1,61,9,-1,-1,-1,-1,1,-1
201543R155035,1,9,0,4,0,0,0,0,0,0,2,1,6,2,52,8,2231,2,8,-1,1,-1
201543R155035,2,20,0,18,0,0,0,0,0,0,1,1,6,1,28,6,-1,-1,-1,-1,1,-1
201543R155035,3,9,0,18,0,0,0,0,0,0,1,1,6,1,-1,-1,1781,1,16,-1,-1,-1
201543R155045,1,9,0,5,0,2,0,0,0,0,4,1,3,2,29,6,2776,2,8,-1,1,-1
201543R155065,1,9,0,9,0,8,0,0,0,0,1,1,6,1,31,6,1968,2,7,-1,1,-1
201543R155065,2,2,0,18,0,8,0,0,0,0,1,1,4,1,17,4,49,1,6,-1,1,-1
201543R155105,1,19,0,18,0,0,0,0,0,0,1,1,6,1,20,4,1686,2,12,-1,2,-1
201543R155115,1,19,0,18,0,0,0,0,0,0,1,1,6,1,32,6,-1,-1,-1,-1,1,-1
201543R155115,2,9,0,3,0,0,0,0,0,0,2,1,6,1,19,4,-1,-1,-1,-1,1,-1
201543R156015,1,9,0,18,0,5,0,0,0,0,1,1,2,2,22,5,1242,1,4,-1,1,-1
201543R156055,1,9,0,9,0,5,0,0,0,0,1,1,6,3,-1,-1,-1,-1,-1,-1,-1,-1
201543R156055,2,9,0,18,0,8,0,0,0,0,3,1,6,3,-1,-1,-1,-1,-1,-1,-1,-1
201543R156075,1,9,0,4,0,1,0,0,0,0,1,1,6,2,20,4,998,1,2,-1,2,-1
201543R156075,2,9,0,4,0,1,0,0,0,0,1,1,6,1,26,6,1360,1,10,-1,2,-1
201543R156075,3,19,0,4,0,1,0,0,0,0,2,1,2,1,48,8,2998,2,3,-1,1,-1
201543R156105,1,9,0,18,0,2,0,0,0,0,3,1,2,2,40,7,1329,1,3,-1,1,-1
201543R156105,2,9,0,18,0,1,0,0,0,0,3,1,3,2,38,7,2401,2,11,-1,1,-1
201543R156115,1,9,0,18,0,4,0,0,0,0,1,1,6,1,52,8,1997,2,-1,-1,1,-1
201543R156115,2,9,0,18,0,3,0,0,0,0,1,1,2,2,55,8,2993,2,1,-1,1,-1
201543R157075,1,3,0,18,0,8,0,0,0,0,4,1,6,1,36,7,124,1,1,-1,1,-1
201543R157075,2,9,0,7,0,8,0,0,0,0,1,1,6,1,38,7,1896,2,9,-1,1,-1
201543R157085,1,19,0,13,0,0,1,0,5,6,1,1,1,1,50,8,2198,2,1,-1,1,-1
201543R157085,2,20,0,18,0,0,0,0,0,0,2,1,1,1,46,8,4461,2,4,-1,1,-1
201543R157095,1,9,0,5,0,0,0,0,0,0,1,1,6,2,35,6,-1,-1,-1,-1,-1,-1
201543R157095,2,9,0,3,0,0,0,0,0,0,2,1,3,2,25,5,999,1,15,-1,1,-1
201543R157115,1,9,0,18,0,8,1,0,0,0,1,1,6,2,48,8,1997,2,5,-1,1,-1
201543R157115,2,9,0,9,0,6,1,0,0,0,3,1,6,1,21,5,1198,1,4,-1,1,-1
201543R158015,1,9,0,1,0,2,0,0,0,0,3,1,3,2,-1,-1,1850,1,15,-1,-1,-1
201543R158035,1,9,0,18,0,0,0,0,0,0,3,1,3,2,45,7,1597,1,13,-1,1,-1
201543R158125,1,19,0,10,0,5,0,0,0,0,3,1,2,1,28,6,1995,2,4,-1,1,-1
201543R159015,1,9,0,18,0,1,0,0,0,0,4,1,6,2,45,7,1329,1,1,-1,1,-1
201543R159035,1,9,0,5,0,0,0,0,0,0,3,1,6,1,55,8,1910,2,10,-1,3,-1
201543R159035,2,1,0,14,0,0,0,0,0,0,1,1,2,1,44,7,-1,-1,-1,-1,2,-1
201543R159095,1,9,0,18,0,0,2,0,4,6,1,1,6,2,21,5,1595,1,7,-1,1,-1
201543R159095,2,9,0,18,0,0,1,0,1,7,2,1,6,2,37,7,2143,2,1,-1,1,-1
201543R160025,1,9,0,1,0,0,0,0,0,0,2,1,6,1,-1,-1,-1,-1,-1,-1,-1,-1
201543R160025,2,9,0,3,0,0,0,0,0,0,3,1,3,2,46,8,2000,1,17,-1,1,-1
201543R160045,1,9,0,18,0,3,0,0,0,0,1,1,6,2,39,7,999,1,2,-1,1,-1
201543R160045,2,9,0,3,0,3,0,0,0,0,2,1,6,1,42,7,1995,2,2,-1,3,-1
201543R160065,1,9,0,18,0,2,0,0,0,0,3,1,2,1,56,9,1598,1,7,-1,1,-1
201543R161045,1,9,0,18,0,8,1,0,0,0,4,1,1,2,27,6,1248,2,3,-1,1,-1
201543R161045,2,1,0,18,0,6,0,0,0,0,1,1,4,1,16,4,-1,-1,-1,-1,1,-1
201543R161075,1,9,0,18,0,8,0,0,3,11,4,1,6,1,36,7,2979,1,13,-1,1,-1
201543R161075,2,9,0,18,0,8,0,0,0,0,1,1,6,2,37,7,-1,-1,-1,-1,1,-1
201543R162025,1,9,0,18,0,0,0,0,0,0,1,1,2,2,50,8,-1,-1,-1,-1,1,-1
201543R162025,2,9,0,3,0,0,0,0,0,0,2,1,6,1,78,11,1798,1,9,-1,-1,-1
201543R162045,1,9,0,18,0,8,0,0,0,0,4,1,2,2,29,6,1798,1,4,-1,1,-1
201543R162045,2,9,0,18,0,8,0,0,0,0,1,1,3,2,50,8,2720,2,7,-1,2,-1
201543R162055,1,9,0,9,0,6,0,0,0,0,1,1,6,3,-1,-1,-1,-1,-1,-1,-1,-1
201543R162055,2,9,0,18,0,8,0,0,0,0,3,1,6,1,28,6,2000,2,10,-1,1,-1
201543R162065,1,9,0,18,0,0,0,0,0,0,1,1,6,2,40,7,-1,-1,-1,-1,1,-1
201543R162065,2,9,0,4,0,0,0,0,0,0,2,1,6,1,64,9,1995,2,6,-1,1,-1
201543R162085,1,9,0,18,0,0,0,0,0,0,1,1,6,1,18,4,1388,1,10,-1,1,-1
201543R162085,2,21,1,18,0,0,0,0,0,0,2,1,6,1,30,6,12419,2,2,-1,2,-1
201543R162125,1,9,0,18,0,0,0,0,0,0,1,1,1,2,60,9,1242,1,9,-1,1,-1
201543R162125,2,1,0,18,0,0,0,0,0,0,2,1,6,1,21,5,-1,-1,-1,-1,1,-1
201543R163045,1,9,0,8,0,1,0,0,0,0,4,1,1,2,40,7,1796,1,11,-1,1,-1
201543R163045,2,1,0,18,0,1,0,0,0,0,1,1,4,1,12,3,-1,-1,-1,-1,1,-1
201543R163055,1,9,0,1,0,1,0,0,0,0,2,1,6,1,51,8,1973,1,14,-1,1,-1
201543R163055,2,1,0,18,0,1,0,0,0,0,1,1,6,2,7,2,-1,-1,-1,-1,1,-1
201543R163075,1,9,0,11,0,0,0,0,0,0,4,1,6,2,24,5,1198,1,10,-1,1,-1
201543R163075,2,9,0,18,0,0,5,0,1,7,3,1,6,2,41,7,1997,12,1,-1,1,-1
201543R164045,1,9,0,7,0,3,0,0,0,0,3,1,2,1,49,8,999,1,14,-1,1,-1
201543R164065,1,3,0,14,0,0,0,0,0,0,4,1,6,1,17,4,125,1,-1,-1,1,-1
201543R164065,2,9,0,5,0,0,0,0,0,0,1,1,6,2,28,6,1242,1,9,-1,1,-1
201543R164095,1,19,0,18,0,1,0,0,0,0,1,1,2,1,45,7,2148,2,6,-1,1,-1
201543R164095,2,9,0,18,0,1,0,0,0,0,2,1,6,2,44,7,1242,1,6,-1,1,-1
201543R164095,3,9,0,12,0,7,0,0,0,0,2,1,6,2,21,5,998,1,13,-1,3,-1
201543R165045,1,9,0,16,0,0,1,0,1,2,4,1,6,1,23,5,3246,1,11,-1,1,-1
201543R165055,1,9,0,4,0,1,0,0,0,0,1,1,6,2,55,8,1798,1,9,-1,2,-1
201543R165055,2,9,0,4,0,1,0,0,0,0,1,1,6,2,22,5,1598,1,1,-1,1,-1
201543R165055,3,9,0,4,0,1,0,0,0,0,2,1,6,2,28,6,1769,1,13,-1,1,-1
201543R165075,1,19,0,18,0,0,0,5,0,0,1,1,1,1,27,6,2299,2,1,-1,1,-1
201543R165105,1,19,0,1,0,1,0,0,0,0,1,1,6,1,-1,-1,-1,-1,-1,-1,-1,-1
201543R165115,1,9,0,18,0,4,1,9,0,0,3,1,2,1,28,6,2000,1,16,-1,1,-1
201543R165125,1,9,0,9,0,6,0,0,0,0,3,1,6,2,33,6,1598,1,8,-1,1,-1
201543R165125,2,9,0,18,0,8,0,0,0,0,1,1,6,1,46,8,1910,2,7,-1,1,-1
201543R166045,1,9,0,12,0,0,2,10,1,0,1,1,2,2,28,6,1995,2,11,-1,1,-1
201543R166085,1,9,0,7,0,6,0,0,0,0,1,1,6,2,30,6,-1,-1,-1,-1,-1,-1
201543R166085,2,1,0,18,0,1,0,0,0,0,1,1,6,1,16,4,-1,-1,-1,-1,1,-1
201543R166095,1,9,0,18,0,0,0,0,0,0,1,1,2,3,-1,-1,1598,1,11,-1,-1,-1
201543R166105,1,9,0,18,0,1,0,0,0,0,1,1,6,1,-1,-1,1995,2,8,-1,-1,-1
201543R166105,2,9,0,3,0,1,0,0,0,0,2,1,1,2,36,7,1587,1,9,-1,1,-1
201543R166115,1,9,0,18,0,0,1,0,7,4,1,1,6,1,28,6,1994,1,12,-1,1,-1
201543R166115,2,19,0,18,0,0,0,0,0,0,1,1,6,1,51,8,1598,2,-1,-1,1,-1
201543R166125,1,9,0,7,0,1,0,0,0,0,4,1,6,2,70,10,1598,1,6,-1,1,-1
201543R167045,1,9,0,18,0,1,0,0,0,0,4,1,2,1,44,7,-1,-1,-1,-1,1,-1
201543R167075,1,9,0,18,0,2,0,0,1,2,4,1,6,1,56,9,2987,2,1,-1,1,-1
201543R167085,1,9,0,18,0,0,0,0,0,0,1,1,6,1,40,7,2143,2,6,-1,-1,-1
201543R167085,2,9,0,3,0,0,0,0,0,0,2,1,1,2,29,6,1587,1,8,-1,1,-1
201543R167115,1,9,0,18,0,0,0,0,0,0,4,1,2,1,21,5,1242,1,8,-1,1,-1
201543R167115,2,1,0,18,0,0,0,0,0,0,1,1,6,1,36,7,-1,-1,-1,-1,1,-1
201543R168015,1,9,0,17,0,0,0,0,0,0,1,1,6,1,28,6,-1,-1,-1,-1,-1,-1
201543R168015,2,8,0,16,0,0,0,0,0,0,1,1,1,1,50,8,-1,-1,-1,-1,1,-1
201543R168025,1,9,0,13,0,8,0,7,0,0,3,1,1,1,32,6,1248,2,3,-1,1,-1
201543R168025,2,9,0,18,0,2,0,0,0,0,1,1,1,1,27,6,1248,2,4,-1,1,-1
201543R168025,3,9,0,18,0,2,0,0,0,0,2,1,6,2,62,9,1796,1,11,-1,3,-1
201543R168035,1,9,0,9,0,5,0,0,0,0,4,1,2,1,20,4,1149,1,12,-1,1,-1
201543R168035,2,9,0,18,0,8,0,0,0,0,3,1,6,2,48,8,1968,2,10,-1,1,-1
201543R168105,1,3,0,18,9,8,0,0,0,0,1,1,6,1,-1,-1,-1,-1,-1,-1,-1,-1
201543R168115,1,9,0,9,0,6,0,0,0,0,3,1,6,2,24,5,1490,1,9,-1,1,-1
201543R168115,2,9,0,18,0,8,0,0,0,0,1,1,6,1,18,4,599,1,13,-1,1,-1
201543R168125,1,9,0,10,0,6,0,0,0,0,3,1,6,1,39,7,2987,2,6,-1,1,-1
201543R168125,2,9,0,18,0,8,0,0,0,0,1,1,6,1,27,6,1896,2,6,-1,1,-1
201543R169015,1,1,0,18,0,0,0,0,0,0,3,1,6,1,37,7,-1,-1,-1,-1,-1,-1
201543R169015,2,9,0,18,0,0,0,0,0,0,4,1,2,2,34,6,2179,2,3,-1,1,-1
201543R169035,1,9,0,18,0,1,0,0,0,0,1,1,6,1,36,7,1794,1,11,-1,1,-1
201543R169075,1,9,0,16,0,1,1,0,7,9,3,1,6,1,18,4,1198,1,1,-1,1,-1
201543R169105,1,8,0,18,0,8,0,0,0,0,1,1,1,1,58,9,1497,8,7,-1,1,-1
201543R169105,2,9,0,18,0,8,0,0,0,0,3,1,1,2,46,8,1968,2,5,-1,1,-1
201543R169115,1,9,0,18,0,0,1,0,0,0,1,1,6,1,21,5,1800,1,19,-1,-1,-1
201543R169115,2,9,0,3,0,0,0,0,0,0,1,1,6,1,23,5,-1,-1,-1,-1,1,-1
201543R169125,1,9,0,1,0,0,0,0,0,0,2,1,6,1,40,7,-1,-1,-1,-1,-1,-1
201543R170075,1,9,0,18,0,8,0,0,0,0,3,1,6,3,-1,-1,-1,-1,-1,-1,-1,-1
201543R170075,2,19,0,18,0,8,0,0,0,0,1,1,1,1,52,8,1360,1,5,-1,1,-1
201543R170105,1,9,0,9,0,5,0,0,0,0,1,1,6,1,73,10,1329,1,3,-1,1,-1
201543R170105,2,9,0,18,0,1,1,0,7,0,1,1,6,1,36,7,3628,2,7,-1,1,-1
201543R170115,1,11,0,18,0,0,0,0,0,0,0,1,1,2,32,6,6370,2,8,-1,1,-1
201543R170115,2,9,0,11,0,0,0,0,0,0,0,1,6,3,-1,-1,-1,-1,-1,-1,-1,-1
201543R171035,1,9,0,18,0,4,0,0,0,0,1,1,2,1,45,7,1997,2,3,-1,1,-1
201543R171035,2,1,0,9,0,8,0,0,0,0,4,1,6,2,34,6,-1,-1,-1,-1,1,-1
201543R171045,1,9,0,18,0,0,0,0,0,0,1,1,1,1,32,6,1560,2,11,-1,2,-1
201543R171045,2,19,0,4,0,0,0,0,0,0,2,1,1,1,29,6,2299,2,4,-1,1,-1
201543R171115,1,9,0,18,0,0,0,0,7,2,1,1,2,2,58,9,1395,1,2,-1,1,-1
201543R172035,1,9,0,18,0,0,0,0,0,0,1,1,6,2,76,11,1349,1,14,-1,1,-1
201543R172035,2,11,0,3,0,0,0,0,0,0,2,1,1,1,55,8,-1,2,10,-1,1,-1
201543R172075,1,1,0,18,0,8,0,0,0,0,4,1,6,1,16,4,-1,-1,-1,-1,1,-1
201543R172075,2,9,0,18,0,1,0,0,0,0,1,1,6,2,51,8,1398,1,5,-1,1,-1
201543R172085,1,9,0,12,0,3,0,0,0,0,1,1,2,1,-1,-1,-1,-1,-1,-1,1,-1
201543R172085,2,9,0,18,0,3,0,0,0,0,1,1,2,2,36,7,1599,1,10,-1,1,-1
201543R173035,1,21,1,17,0,0,5,0,1,7,4,1,1,1,39,7,12130,2,12,-1,3,-1