Accident_Index,Vehicle_Reference,Vehicle_Type,Towing_and_Articulation,Vehicle_Manoeuvre,Vehicle_Location-Restricted_Lane,Junction_Location,Skidding_and_Overturning,Hit_Object_in_Carriageway,Vehicle_Leaving_Carriageway,Hit_Object_off_Carriageway,1st_Point_of_Impact,Was_Vehicle_Left_Hand_Drive?,Journey_Purpose_of_Driver,Sex_of_Driver,Age_of_Driver,Age_Band_of_Driver,Engine_Capacity_(CC),Propulsion_Code,Age_of_Vehicle,Driver_IMD_Decile,Driver_Home_Area_Type,Vehicle_IMD_Decile
201543R173085,1,9,0,18,0,0,0,0,0,6,1,1,2,1,35,6,1596,1,12,-1,1,-1
201543R173085,2,9,0,18,0,0,0,0,0,0,2,1,2,2,23,5,-1,-1,-1,-1,1,-1
201543R173105,1,9,0,18,0,0,1,0,7,3,1,1,1,1,29,6,1599,1,12,-1,1,-1
201543R173115,1,9,0,18,0,0,0,0,0,0,1,1,6,2,17,4,998,1,7,-1,1,-1
201543R173115,2,21,1,2,6,0,0,0,0,0,2,1,6,1,64,9,12740,2,5,-1,1,-1
201543R174085,1,9,0,9,0,6,0,0,0,0,3,1,6,1,32,6,1390,1,3,-1,1,-1
201543R174085,2,9,0,18,0,1,0,0,0,0,1,1,6,2,38,7,1997,2,8,-1,1,-1
201543R174105,1,9,0,18,0,0,0,11,0,0,1,1,6,1,-1,-1,-1,-1,-1,-1,-1,-1
201543R175035,1,9,0,18,0,0,0,0,0,0,1,1,6,2,-1,-1,1405,1,10,-1,-1,-1
201543R175035,2,9,0,2,0,0,0,0,0,0,2,1,2,1,35,6,1998,1,14,-1,1,-1
201543R175095,1,9,0,3,0,0,0,0,0,0,1,1,6,2,33,6,2179,2,3,-1,1,-1
201543R175095,2,9,0,3,0,0,0,0,0,0,2,1,6,2,59,9,1149,1,7,-1,1,-1
201543R176015,1,9,0,18,0,0,0,0,0,0,1,1,6,2,36,7,1248,2,7,-1,3,-1
201543R176015,2,9,0,18,0,0,0,0,0,0,2,1,6,2,24,5,1598,1,6,-1,1,-1
201543R176015,3,19,0,18,0,0,0,0,0,0,2,1,6,1,57,9,2143,2,2,-1,1,-1
201543R176055,1,9,0,18,0,0,0,0,0,0,1,1,6,2,30,6,-1,-1,-1,-1,1,-1
201543R176055,2,9,0,4,0,0,0,0,0,0,2,1,6,2,28,6,1360,1,8,-1,1,-1
201543R176075,1,19,0,18,0,0,5,4,0,0,1,1,1,1,35,6,2500,2,10,-1,1,-1
201543R176075,2,9,0,2,0,0,0,0,0,0,1,1,6,1,-1,-1,1968,2,7,-1,-1,-1
201543R176075,3,9,0,2,0,0,0,0,0,0,2,1,6,1,-1,-1,1149,1,12,-1,-1,-1
201543R176085,1,9,0,18,0,1,0,0,0,0,1,1,2,1,42,7,2171,1,13,-1,1,-1
201543R176085,2,9,0,4,0,1,0,0,7,4,2,1,2,2,20,4,1197,1,1,-1,2,-1
201543R176125,1,9,0,18,0,0,0,0,0,0,4,1,1,2,34,6,1596,1,8,-1,1,-1
201543R176125,2,1,0,18,0,0,0,0,0,0,3,1,1,1,45,7,-1,-1,-1,-1,1,-1
201543R177015,1,9,0,18,0,0,1,0,0,0,1,1,6,2,20,4,1598,1,11,-1,-1,-1
201543R177015,2,9,0,18,0,0,1,0,1,0,3,1,6,2,43,7,1747,1,17,-1,-1,-1
201543R177025,1,9,0,18,0,0,0,0,0,0,1,1,6,1,50,8,1997,2,8,-1,1,-1
201543R177025,2,9,0,18,0,0,0,0,0,0,2,1,6,2,31,6,1968,2,2,-1,1,-1
201543R177035,1,9,0,18,0,1,0,0,2,7,1,1,6,1,74,10,-1,-1,-1,-1,2,-1
201543R177065,1,9,0,18,0,8,0,0,0,0,1,1,6,1,30,6,1968,2,9,-1,1,-1
201543R177065,2,9,0,9,0,8,0,0,0,0,2,1,6,1,70,10,1397,1,15,-1,1,-1
201543R177085,1,9,0,18,0,0,1,0,0,0,1,1,2,2,19,4,1229,1,9,-1,1,-1
201543R177085,2,9,0,18,0,0,0,0,1,0,1,1,6,1,20,4,1198,1,10,-1,1,-1
201543R177105,1,9,0,18,0,0,1,0,0,0,1,1,2,3,-1,-1,1910,2,7,-1,-1,-1
201543R177105,2,9,0,3,0,0,0,0,0,0,2,1,1,1,53,8,1598,1,10,-1,1,-1
201543R177115,1,9,0,7,0,6,0,0,0,0,1,1,6,1,69,10,1995,2,10,-1,1,-1
201543R177115,2,19,4,18,0,8,0,0,0,0,4,1,1,1,46,8,5193,2,2,-1,1,-1
201543R177125,1,9,0,18,0,4,0,0,0,0,1,1,6,1,30,6,-1,-1,-1,-1,-1,-1
201543R177125,2,9,0,3,0,4,0,0,0,0,2,1,6,1,43,7,1999,1,8,-1,1,-1
201543R178015,1,9,0,18,0,0,0,0,0,0,3,1,6,2,46,8,1968,2,8,-1,1,-1
201543R178035,1,3,0,7,0,6,1,2,0,0,1,1,2,1,46,8,124,1,14,-1,1,-1
201543R178045,1,9,0,18,0,1,0,0,0,0,1,1,6,2,-1,-1,-1,-1,-1,-1,-1,-1
201543R178065,1,9,0,10,0,1,0,0,0,0,1,1,6,2,40,7,-1,-1,-1,-1,-1,-1
201543R178065,2,9,0,10,0,1,0,0,0,0,2,1,6,2,63,9,1998,1,9,-1,1,-1
201543R178075,1,9,0,18,0,8,0,0,0,0,1,1,6,2,78,11,2401,2,11,-1,1,-1
201543R178075,2,1,0,9,0,8,0,0,0,0,3,1,6,1,65,9,-1,-1,-1,-1,1,-1
201543R178085,1,9,0,18,0,0,1,0,4,6,1,1,6,1,25,5,1248,2,8,-1,1,-1
201543R178085,2,9,0,18,0,0,2,0,1,9,4,1,6,1,63,9,1986,2,8,-1,3,-1
201543R178115,1,9,0,5,0,6,0,0,0,0,1,1,1,1,31,6,1248,2,2,-1,1,-1
201543R178115,2,9,0,18,0,8,1,0,0,0,1,1,1,1,23,5,1388,1,6,-1,1,-1
201543R179095,1,9,0,17,0,0,5,0,2,10,1,1,2,1,18,4,1198,1,12,-1,1,-1
201543R180015,1,9,0,5,0,0,0,0,0,0,3,1,6,1,76,11,2799,1,21,-1,-1,-1
201543R180015,2,1,0,18,0,0,0,0,0,0,4,1,6,1,27,6,-1,-1,-1,-1,1,-1
201543R180025,1,9,0,14,0,0,0,0,0,0,1,1,6,1,-1,-1,-1,-1,-1,-1,-1,-1
201543R180055,1,9,0,1,0,2,0,0,0,0,2,1,2,1,32,6,1968,2,5,-1,1,-1
201543R180055,2,1,0,17,0,2,0,0,0,0,3,1,2,1,25,5,-1,-1,-1,-1,1,-1
201543R180075,1,9,0,9,0,6,0,0,0,0,1,1,6,2,51,8,1796,1,7,-1,3,-1
201543R180095,1,9,0,18,0,0,1,0,1,0,1,1,6,1,19,4,1596,1,4,-1,1,-1
201543R181015,1,9,0,18,0,0,0,0,0,0,1,1,6,1,-1,-1,1968,2,2,-1,2,-1
201543R181015,2,9,0,18,0,0,0,0,0,0,2,1,6,1,54,8,1898,1,15,-1,1,-1
201543R181055,1,9,0,9,0,5,0,0,0,0,3,1,6,2,38,7,1598,1,9,-1,-1,-1
201543R181055,2,9,0,18,0,8,0,0,0,0,1,1,6,1,23,5,998,1,1,-1,-1,-1
201543R181095,1,5,0,4,0,0,1,0,0,0,0,1,6,1,23,5,998,1,5,-1,2,-1
201543R181115,1,9,0,18,0,0,0,4,0,0,1,1,3,1,40,7,1956,2,4,-1,1,-1
201543R181115,2,19,0,2,0,0,0,0,0,0,1,1,6,1,20,4,1598,2,1,-1,-1,-1
201543R182035,1,9,0,18,0,8,0,10,1,1,3,1,6,1,-1,-1,-1,-1,-1,-1,-1,-1
201543R182035,2,19,0,18,0,8,0,0,0,0,1,1,1,1,63,9,2461,2,7,-1,1,-1
201543R182045,1,2,0,18,0,1,1,0,0,0,3,1,2,1,30,6,-1,-1,-1,-1,1,-1
201543R182055,1,9,0,18,0,0,1,0,4,0,1,1,6,1,31,6,1598,1,11,-1,1,-1
201543R182065,1,9,0,9,0,8,0,0,0,0,1,1,2,2,40,7,-1,-1,-1,-1,1,-1
201543R182065,2,9,0,9,0,8,0,0,0,0,2,1,2,2,62,9,1339,1,1,-1,1,-1
201543R182095,1,9,0,3,0,8,0,0,0,0,4,1,6,2,33,6,1275,1,16,-1,1,-1
201543R182095,2,3,0,9,0,8,0,0,0,0,1,1,6,1,17,4,125,1,-1,-1,1,-1
201543R183035,1,9,0,9,0,8,0,0,0,0,4,1,6,1,49,8,998,1,6,-1,2,-1
201543R183035,2,5,0,14,0,1,0,0,0,0,1,1,2,1,39,7,599,1,17,-1,2,-1
201543R183035,3,9,0,3,0,1,0,0,0,0,0,1,2,1,49,8,1596,1,4,-1,1,-1
201543R183045,1,9,0,18,0,1,0,0,0,0,4,1,3,2,35,6,1896,2,5,-1,1,-1
201543R183055,1,9,0,16,0,0,2,0,6,3,4,1,2,1,36,7,1598,1,14,-1,1,-1
201543R184075,1,8,0,1,0,0,0,0,0,0,2,1,1,1,-1,-1,-1,-1,-1,-1,-1,-1
201543R184075,2,9,0,18,0,0,0,0,0,0,1,1,6,2,31,6,1390,1,12,-1,1,-1
201543R184115,1,9,0,18,0,0,0,0,0,0,1,1,6,1,30,6,-1,-1,-1,-1,-1,-1
201543R184115,2,9,0,4,0,0,0,0,0,0,2,1,6,1,32,6,1956,2,6,-1,1,-1
201543R185015,1,9,0,7,9,6,0,0,0,0,1,1,6,1,30,6,1968,2,6,-1,1,-1
201543R185015,2,1,0,18,9,1,0,0,0,0,3,1,6,1,21,5,-1,-1,-1,-1,1,-1
201543R185035,1,9,0,18,0,2,0,0,0,0,1,1,6,2,-1,-1,1968,2,3,-1,-1,-1
201543R185035,2,9,0,3,0,2,0,0,0,0,2,1,6,1,30,6,1560,2,6,-1,1,-1
201543R185045,1,9,0,13,0,0,0,0,0,0,3,1,6,3,-1,-1,1796,1,15,-1,-1,-1
201543R185045,2,9,0,16,0,0,0,0,0,0,3,1,6,1,24,5,1498,1,13,-1,1,-1
201543R185055,1,9,0,18,0,1,1,0,0,0,1,1,6,2,25,5,998,1,16,-1,1,-1
201543R185055,2,9,0,10,0,1,0,0,0,0,2,1,6,2,64,9,2967,2,3,-1,1,-1
201543R185075,1,8,0,18,0,8,0,0,0,0,1,1,1,1,50,8,2148,2,5,-1,-1,-1
201543R185085,1,9,0,18,0,0,5,0,4,6,1,1,6,2,25,5,1995,2,13,-1,1,-1
201543R185095,1,9,0,18,0,4,0,0,0,0,1,1,2,1,41,7,2172,2,11,-1,1,-1
201543R185095,2,5,0,3,0,4,0,0,0,0,2,1,6,1,56,9,1250,1,16,-1,2,-1
201543R186025,1,19,0,18,0,4,0,0,0,0,1,1,6,1,-1,-1,-1,-1,-1,-1,-1,-1
201543R186025,2,9,0,8,0,4,0,0,0,0,2,1,6,2,49,8,998,1,3,-1,1,-1
201543R186035,1,9,0,18,0,4,0,0,0,0,1,1,6,1,86,11,1341,1,10,-1,3,-1
201543R186035,2,1,0,18,0,8,0,0,0,0,4,1,4,1,17,4,-1,-1,-1,-1,1,-1
201543R186065,1,9,0,9,0,5,0,0,0,0,1,1,1,2,35,6,1587,1,12,-1,1,-1
201543R186065,2,9,0,8,0,1,0,0,0,0,1,1,6,2,38,7,1968,2,4,-1,3,-1
201543R186075,1,9,0,1,0,0,0,0,0,0,2,1,6,1,20,4,2143,2,3,-1,1,-1
201543R186085,1,9,0,11,0,0,0,0,0,0,1,1,2,1,28,6,2143,2,2,-1,1,-1
201543R186085,2,9,0,18,0,0,0,0,0,0,2,1,6,2,48,8,1598,1,16,-1,3,-1
201543R186115,1,9,0,12,0,4,0,0,0,0,3,1,6,1,34,6,2993,2,5,-1,1,-1
201543R186115,2,9,0,18,0,4,0,0,0,0,4,1,2,2,71,10,999,1,1,-1,3,-1
201543R187085,1,9,0,6,0,8,0,0,0,0,3,1,6,1,-1,-1,-1,-1,-1,-1,-1,-1
201543R187085,2,2,0,18,0,8,1,0,0,0,1,1,6,1,17,4,49,1,-1,-1,1,-1
201543R187095,1,9,0,5,0,8,0,0,0,0,1,1,6,1,52,8,2993,2,6,-1,1,-1
201543R187095,2,9,0,18,0,8,0,0,0,0,3,1,2,2,27,6,1200,1,2,-1,1,-1
201543R187105,1,9,0,9,0,5,0,0,0,0,1,1,6,2,60,9,1995,2,4,-1,1,-1
201543R187105,2,9,0,18,0,8,0,0,0,0,1,1,6,2,62,9,1595,1,-1,-1,1,-1
201543R187105,3,9,0,10,0,1,0,0,0,0,1,1,6,2,56,9,1598,1,12,-1,1,-1
201543R188025,1,9,0,9,0,6,0,0,0,0,1,1,2,2,48,8,1299,1,7,-1,1,-1
201543R188025,2,1,0,9,0,5,0,0,0,0,1,1,2,1,42,7,-1,-1,-1,-1,1,-1
201543R188035,1,9,0,13,0,1,0,0,0,0,1,1,6,1,-1,-1,1896,2,7,-1,-1,-1
201543R188035,2,9,0,3,0,1,0,0,0,0,2,1,6,1,61,9,1339,8,4,-1,1,-1
201543R188045,1,9,0,18,0,6,0,0,0,0,1,1,2,1,21,5,1595,1,2,-1,1,-1
201543R188045,2,1,0,14,0,1,0,0,0,0,4,1,6,1,36,7,-1,-1,-1,-1,-1,-1
201543R188065,1,9,0,18,0,1,0,0,0,0,1,1,6,1,43,7,1984,1,13,-1,1,-1
201543R188065,2,9,0,9,0,8,0,0,0,0,4,1,6,2,69,10,2179,2,-1,-1,1,-1
201543R188085,1,9,0,18,0,4,5,9,3,0,1,1,6,1,49,8,2393,1,10,-1,3,-1
201543R188125,1,9,0,18,0,0,0,0,0,0,3,1,6,1,21,5,-1,-1,-1,-1,-1,-1
201543R189065,1,9,0,18,0,8,5,0,2,10,4,1,6,2,37,7,-1,-1,-1,-1,1,-1
201543R189085,1,19,0,18,0,0,0,0,0,0,1,1,6,2,50,8,2198,2,5,-1,1,-1
201543R189085,2,9,0,3,0,0,0,0,0,0,2,1,6,2,44,7,1998,1,10,-1,1,-1
201543R189085,3,19,0,3,0,0,0,0,0,0,2,1,1,1,32,6,2198,2,1,-1,1,-1
201543R189095,1,9,0,18,0,2,5,0,7,0,4,1,2,1,19,4,998,1,2,-1,1,-1
201543R189125,1,9,0,9,0,8,0,0,0,0,1,1,6,2,30,6,1198,1,8,-1,1,-1
201543R189125,2,9,0,18,0,8,0,10,0,10,3,1,6,2,21,5,1229,1,6,-1,1,-1
201543R190045,1,9,0,13,0,4,0,0,0,0,1,1,6,1,-1,-1,-1,-1,-1,-1,-1,-1
201543R190045,2,1,0,18,0,4,0,0,0,0,2,1,1,2,21,5,-1,-1,-1,-1,1,-1
201543R190065,1,9,0,1,9,0,0,0,0,0,2,1,6,1,47,8,2688,2,14,-1,1,-1
201543R191065,1,9,0,11,0,0,1,0,1,9,2,1,6,1,23,5,1242,1,18,-1,1,-1
201543R193015,1,9,0,9,0,8,0,0,3,2,3,1,6,1,18,4,-1,-1,-1,-1,1,-1
201543R193015,2,9,0,18,0,1,0,0,0,0,1,1,6,2,24,5,2993,2,1,-1,1,-1
201543R193055,1,1,0,18,0,0,0,0,0,0,3,1,1,1,8,2,-1,-1,-1,-1,1,-1
201543R193055,2,9,0,18,0,0,0,0,0,0,1,1,6,2,37,7,1587,1,15,-1,1,-1
201543R193095,1,19,0,18,0,8,1,0,0,0,1,1,6,1,36,7,2494,2,12,-1,1,-1
201543R193095,2,9,0,10,0,5,0,0,0,0,2,1,6,1,36,7,1896,2,9,-1,1,-1
201543R193105,1,9,0,18,0,3,0,0,0,0,1,1,6,1,-1,-1,1600,1,16,-1,-1,-1
201543R193105,2,9,0,18,0,3,0,0,0,0,2,1,6,2,29,6,1299,1,9,-1,1,-1
201543R194065,1,19,0,18,0,0,0,0,0,0,1,1,1,1,32,6,2198,2,3,-1,2,-1
201543R194065,2,21,0,4,0,0,0,0,0,0,2,1,1,1,26,6,6370,2,9,-1,1,-1
201543R194115,1,9,0,18,0,0,0,0,0,0,1,1,6,1,52,8,1995,2,9,-1,1,-1
201543R194115,2,9,0,3,0,0,0,0,1,0,2,1,6,1,30,6,1997,2,-1,-1,1,-1
201543R194115,3,9,0,3,0,0,0,0,0,0,2,1,6,1,27,6,1968,2,-1,-1,1,-1
201543R195075,1,9,0,1,0,0,0,0,0,0,2,1,6,1,-1,-1,-1,-1,-1,-1,1,-1
201543R195075,2,9,0,1,0,0,0,0,0,0,2,1,6,2,33,6,1995,2,2,-1,1,-1
201543R196015,1,3,0,18,0,0,0,0,1,10,4,1,1,1,41,7,125,1,3,-1,1,-1
201543R196025,1,9,0,18,0,1,0,0,0,0,1,1,2,1,19,4,-1,-1,-1,-1,1,-1
201543R196025,2,9,0,10,0,1,0,0,0,0,2,1,2,2,37,7,1400,1,10,-1,1,-1
201543R196025,3,19,0,3,0,1,0,0,0,0,2,1,1,1,48,8,1560,2,6,-1,1,-1
201543R196055,1,9,0,18,0,0,0,0,1,2,3,1,6,3,-1,-1,1968,2,12,-1,-1,-1
201543R196055,2,9,0,18,0,0,0,0,0,0,3,1,6,2,53,8,1598,2,1,-1,1,-1
201543R196065,1,9,0,3,0,8,0,0,0,0,2,1,6,3,-1,-1,1229,1,9,-1,-1,-1
201543R196065,2,9,0,18,0,8,0,0,0,0,1,1,6,1,39,7,1368,1,4,-1,1,-1
201543R196075,1,9,0,18,0,1,1,0,0,0,1,1,6,1,-1,-1,1968,2,9,-1,-1,-1
201543R196075,2,9,0,3,0,1,0,0,0,0,2,1,6,1,44,7,1560,2,4,-1,1,-1
201543R196105,1,9,0,18,0,1,0,0,0,0,1,1,6,1,-1,-1,2972,1,16,-1,-1,-1
201543R196115,1,9,0,18,0,0,0,0,0,0,1,1,6,3,-1,-1,-1,-1,-1,-1,-1,-1
201543R196115,2,9,0,3,0,0,0,0,0,0,2,1,1,2,53,8,1240,1,12,-1,1,-1
201543R197025,1,9,0,9,0,6,0,0,0,0,1,1,3,1,74,10,1598,1,8,-1,1,-1
201543R197025,2,1,0,18,0,8,0,0,0,0,4,1,2,1,66,10,-1,-1,-1,-1,1,-1
201543R197045,1,9,0,18,0,6,0,0,0,0,1,1,6,2,57,9,1968,2,4,-1,1,-1
201543R197045,2,9,0,18,0,8,0,0,0,0,3,1,1,2,35,6,1242,1,12,-1,1,-1
201543R197075,1,9,0,1,0,8,0,0,0,0,4,1,2,1,32,6,1796,1,13,-1,1,-1
201543R197075,2,3,0,18,0,8,1,0,0,0,1,1,6,1,27,6,125,1,-1,-1,1,-1
201543R197085,1,9,0,18,0,1,0,0,0,0,1,1,6,2,-1,-1,-1,-1,-1,-1,-1,-1
201543R197085,2,9,0,10,0,1,0,0,0,0,2,1,6,2,41,7,1360,1,12,-1,1,-1
201543R197115,1,9,0,18,0,2,0,10,1,0,1,1,6,1,27,6,1968,2,9,-1,1,-1
201543R198015,1,9,0,9,0,8,0,0,0,0,1,1,6,1,18,4,1598,1,8,-1,1,-1
201543R198015,2,9,0,9,0,8,0,0,0,0,2,1,6,1,46,8,1753,2,7,-1,1,-1
201543R198075,1,9,0,9,0,5,0,0,0,0,4,1,6,1,34,6,-1,-1,-1,-1,-1,-1
201543R198075,2,8,0,18,0,8,0,0,0,0,1,1,6,1,46,8,1997,2,4,-1,1,-1
201543R198085,1,19,0,11,0,0,2,0,1,9,1,1,1,1,47,8,2143,2,2,-1,1,-1
201543R198095,1,4,0,18,0,1,0,0,0,0,1,1,6,1,-1,-1,-1,-1,-1,-1,-1,-1
201543R198095,2,9,0,3,0,1,0,0,0,0,2,1,6,2,29,6,-1,-1,-1,-1,1,-1
201543R199015,1,9,0,18,0,8,0,0,0,0,1,1,6,2,-1,-1,-1,-1,-1,-1,-1,-1
201543R199015,2,1,0,18,0,8,0,0,0,0,2,1,6,1,22,5,-1,-1,-1,-1,1,-1
201543R199025,1,9,0,9,0,6,0,0,0,0,3,1,1,1,44,7,1956,2,6,-1,1,-1
201543R199025,2,3,0,18,0,1,1,0,0,0,1,1,2,1,32,6,124,1,17,-1,1,-1
201543R199075,1,3,0,14,0,0,1,0,0,0,1,1,6,1,20,4,124,1,3,-1,1,-1
201543R199075,2,9,0,18,0,0,0,0,0,0,3,1,6,2,54,8,1360,1,12,-1,2,-1
201543R199085,1,3,0,18,0,0,0,0,0,0,1,1,6,1,20,4,125,1,8,-1,1,-1
201543R199085,2,9,0,3,0,0,0,0,0,0,2,1,6,2,35,6,1896,2,12,-1,1,-1
201543R199105,1,9,0,18,0,2,0,0,0,0,1,1,6,2,29,6,1197,1,-1,-1,1,-1
201543R200035,1,9,0,9,0,6,0,0,0,0,3,1,2,2,50,8,-1,-1,-1,-1,-1,-1
201543R200035,2,5,0,18,0,8,1,0,0,0,1,1,6,1,52,8,955,1,11,-1,2,-1
201543R200085,1,9,0,18,0,0,0,0,8,4,1,1,6,1,68,10,1339,1,-1,-1,2,-1
201543R200125,1,9,0,18,0,8,0,0,0,0,1,1,6,2,84,11,1360,1,12,-1,1,-1
201543R200125,2,9,0,18,0,8,0,0,2,2,3,1,6,1,45,7,2179,2,3,-1,1,-1
201543R201035,1,9,0,9,0,6,0,0,0,0,1,1,6,1,64,9,1098,1,-1,-1,1,-1
201543R201035,2,5,0,18,0,8,0,0,0,0,4,1,6,1,53,8,1000,1,14,-1,1,-1
201543R201045,1,9,0,4,0,1,0,0,0,0,1,1,6,1,40,7,1998,1,16,-1,1,-1
201543R201045,2,9,0,4,0,1,0,0,0,0,2,1,6,2,34,6,1968,2,7,-1,2,-1
201543R201055,1,9,0,18,0,0,1,0,0,7,1,1,6,1,21,5,1896,2,9,-1,1,-1
201543R201055,2,19,0,3,0,0,0,0,0,0,2,1,1,1,26,6,1248,2,1,-1,1,-1
201543R201055,3,9,0,3,0,0,0,0,0,0,2,1,6,2,27,6,1364,1,10,-1,1,-1
201543R201095,1,9,0,18,0,0,0,0,0,0,1,1,6,1,23,5,1968,2,3,-1,3,-1
201543R201095,2,2,0,18,0,0,0,0,0,0,2,1,6,1,16,4,50,1,-1,-1,1,-1
201543R201125,1,9,0,18,0,8,0,4,0,0,4,1,6,1,87,11,-1,-1,-1,-1,1,-1
201543R201125,2,9,0,2,0,8,0,0,0,0,4,1,6,3,-1,-1,2987,2,10,-1,-1,-1
201543R202045,1,9,0,11,0,0,0,0,0,0,0,1,6,3,-1,-1,-1,-1,-1,-1,-1,-1
201543R202045,2,9,0,12,0,0,1,0,4,6,1,1,6,2,35,6,1390,1,6,-1,-1,-1
201543R202045,3,9,0,18,0,0,1,0,0,0,1,1,6,1,64,9,1968,2,3,-1,1,-1
201543R202045,4,9,0,18,0,0,1,0,0,0,2,1,6,2,32,6,1560,2,7,-1,1,-1
201543R202045,5,9,0,18,0,0,0,0,0,0,1,1,6,3,-1,-1,-1,-1,-1,-1,-1,-1
201543R202055,1,19,0,18,0,0,1,0,0,0,1,1,6,3,21,5,-1,-1,-1,-1,-1,-1
201543R202055,2,1,0,18,0,0,0,0,0,0,2,1,2,1,21,5,-1,-1,-1,-1,1,-1
201543R202065,1,9,0,7,0,6,0,0,0,0,1,1,6,2,-1,-1,1686,2,11,-1,-1,-1
201543R202065,2,1,0,18,0,8,0,0,0,0,4,1,6,1,35,6,-1,-1,-1,-1,1,-1
201543R202105,1,9,0,18,0,8,0,0,0,0,4,1,6,2,42,7,1995,2,11,-1,1,-1
201543R202105,2,8,0,18,0,8,0,0,0,0,1,1,6,1,34,6,1896,2,8,-1,1,-1
201543R202125,1,9,0,18,0,0,0,0,1,4,1,1,6,2,20,4,1198,1,3,-1,1,-1
201543R203055,1,9,0,18,0,8,0,0,0,0,1,1,6,1,24,5,-1,-1,-1,-1,1,-1
201543R203055,2,9,0,9,0,5,0,0,0,0,1,1,6,1,55,8,2993,2,2,-1,1,-1
201543R203055,3,9,0,8,0,1,0,0,0,0,1,1,6,1,38,7,2995,8,3,-1,1,-1
201543R203115,1,9,0,12,0,0,0,0,0,0,3,1,1,1,36,7,2446,2,18,-1,1,-1
201543R203115,2,9,0,18,0,0,0,0,0,0,4,1,1,1,47,8,1198,1,12,-1,-1,-1
201543R203125,1,9,0,9,0,4,0,0,0,0,1,1,6,3,-1,-1,1560,2,-1,-1,-1,-1
201543R203125,2,1,0,18,4,8,0,0,7,0,4,1,6,1,31,6,-1,-1,-1,-1,1,-1
201543R204035,1,9,0,7,0,8,0,0,0,0,1,1,2,1,48,8,2996,1,7,-1,1,-1
201543R204035,2,1,0,9,0,8,0,0,0,0,1,1,2,1,37,7,-1,-1,-1,-1,1,-1
201543R204045,1,9,0,18,0,6,0,0,0,0,1,1,1,1,25,5,-1,-1,-1,-1,1,-1
201543R204045,2,9,0,18,0,8,0,0,0,0,3,1,6,2,38,7,2967,2,3,-1,1,-1
201543R204055,1,19,0,18,0,0,5,0,1,4,1,1,6,1,31,6,1598,2,-1,-1,1,-1
201543R204085,1,10,0,18,0,0,1,0,2,7,3,1,6,1,46,8,-1,-1,-1,-1,1,-1
201543R204105,1,8,0,3,0,8,0,0,0,0,4,1,1,1,34,6,1998,2,5,-1,1,-1
201543R204105,2,1,0,18,0,6,0,0,0,0,1,1,6,2,29,6,-1,-1,-1,-1,1,-1
201543R204125,1,9,0,18,0,0,0,0,1,0,1,1,6,1,26,6,2000,2,10,-1,1,-1
201543R204125,2,9,0,18,0,0,0,0,1,0,1,1,1,2,36,7,2494,8,-1,-1,1,-1
201543R205015,1,9,0,18,0,1,0,0,0,0,4,1,2,2,29,6,1386,1,9,-1,1,-1
201543R205045,1,9,0,5,0,8,0,0,0,0,4,1,2,1,35,6,1968,2,8,-1,1,-1
201543R205045,2,9,0,18,0,8,0,0,0,0,1,1,1,1,50,8,1797,8,5,-1,1,-1
201543R205055,1,19,0,18,0,0,0,0,0,0,1,1,6,1,-1,-1,2198,2,6,-1,-1,-1
201543R205055,2,9,0,3,0,0,0,0,0,0,2,1,2,1,46,8,2979,8,1,-1,3,-1
201543R205085,1,20,0,9,0,8,0,0,0,0,3,1,1,1,-1,-1,-1,-1,-1,-1,-1,-1
201543R205085,2,9,0,9,0,8,0,0,0,0,3,1,6,1,24,5,1388,1,9,-1,1,-1
201543R205125,1,19,0,7,0,6,0,0,0,0,1,1,1,1,55,8,2198,2,2,-1,1,-1
201543R205125,2,19,0,18,0,8,0,0,0,0,4,1,1,1,42,7,2198,2,2,-1,1,-1
201543R206055,1,9,0,9,0,6,0,0,0,0,1,1,6,1,23,5,1995,1,12,-1,1,-1
201543R206055,2,5,0,13,0,8,1,0,0,0,4,1,6,1,46,8,749,1,17,-1,1,-1
201543R206085,1,9,0,18,0,3,0,0,7,1,1,1,2,1,52,8,1998,1,24,-1,1,-1
201543R206095,1,3,0,18,0,8,0,0,0,0,4,1,6,1,24,5,124,1,1,-1,1,-1
201543R206095,2,9,0,9,0,8,0,0,0,0,3,1,6,1,41,7,2435,1,14,-1,1,-1
201543R207075,1,9,0,18,0,1,0,0,0,0,0,1,1,1,-1,-1,1248,2,3,-1,-1,-1
201543R207075,2,9,0,9,0,5,0,0,0,0,1,1,6,1,-1,-1,1995,2,5,-1,-1,-1
201543R207075,3,9,0,2,0,2,0,0,0,0,1,1,6,1,29,6,1390,1,14,-1,1,-1
201543R207075,4,9,0,2,0,2,0,0,0,0,1,1,6,3,34,6,1398,2,12,-1,-1,-1
201543R207085,1,9,0,9,0,6,0,0,0,0,3,1,6,2,38,7,998,1,1,-1,1,-1
201543R207085,2,9,0,18,0,8,0,0,0,0,1,1,2,2,54,8,1360,1,15,-1,1,-1
201543R207125,1,9,0,18,0,0,0,0,0,0,1,1,6,2,61,9,1396,1,5,-1,1,-1
201543R208045,1,9,0,9,0,6,0,0,0,0,1,1,1,1,46,8,1197,1,-1,-1,1,-1