Accident_Index,Vehicle_Reference,Vehicle_Type,Towing_and_Articulation,Vehicle_Manoeuvre,Vehicle_Location-Restricted_Lane,Junction_Location,Skidding_and_Overturning,Hit_Object_in_Carriageway,Vehicle_Leaving_Carriageway,Hit_Object_off_Carriageway,1st_Point_of_Impact,Was_Vehicle_Left_Hand_Drive?,Journey_Purpose_of_Driver,Sex_of_Driver,Age_of_Driver,Age_Band_of_Driver,Engine_Capacity_(CC),Propulsion_Code,Age_of_Vehicle,Driver_IMD_Decile,Driver_Home_Area_Type,Vehicle_IMD_Decile
201543R208045,2,9,0,4,0,1,0,0,0,0,1,1,1,2,33,6,1598,1,11,-1,1,-1
201543R208055,1,1,0,18,0,6,0,0,0,0,1,1,2,1,55,8,-1,-1,-1,-1,1,-1
201543R208055,2,8,0,10,0,1,0,0,0,0,4,1,2,1,34,6,-1,-1,-1,-1,1,-1
201543R208065,1,2,0,17,0,0,0,0,2,1,1,1,6,1,43,7,125,1,10,-1,1,-1
201543R208075,1,9,0,18,0,1,0,0,0,0,1,1,1,1,-1,-1,1968,2,-1,-1,1,-1
201543R208075,2,1,0,18,0,1,0,0,0,0,2,1,6,1,24,5,-1,-1,-1,-1,1,-1
201543R208085,1,9,0,18,0,1,0,0,0,0,1,1,6,1,26,6,1200,1,-1,-1,3,-1
201543R208085,2,9,0,3,0,1,0,0,0,0,2,1,1,1,40,7,1499,2,-1,-1,3,-1
201543R208095,1,9,0,1,0,1,0,0,0,0,2,1,6,2,-1,-1,1389,1,19,-1,1,-1
201543R208095,2,9,0,2,0,2,0,0,0,0,4,1,6,2,70,10,1587,1,20,-1,1,-1
201543R209035,1,9,0,18,0,0,0,0,0,0,1,1,6,2,31,6,1598,1,2,-1,3,-1
201543R209055,1,9,0,18,0,0,0,11,0,0,1,1,2,1,25,5,-1,-1,-1,-1,1,-1
201543R209055,2,9,0,4,0,0,0,11,0,0,2,1,2,1,65,9,1796,1,6,-1,1,-1
201543R209075,1,9,0,18,0,4,0,0,0,0,1,1,6,2,-1,-1,1598,1,10,-1,-1,-1
201543R209075,2,1,0,18,0,8,0,0,0,0,4,1,6,1,55,8,-1,-1,-1,-1,1,-1
201543R209085,1,9,0,18,0,0,1,4,0,0,1,1,6,1,23,5,1199,1,12,-1,1,-1
201543R209085,2,9,0,2,0,0,0,0,0,0,2,1,6,3,-1,-1,3175,1,12,-1,-1,-1
201543R209095,1,19,0,18,0,8,0,0,0,0,4,1,2,1,55,8,1968,2,4,-1,1,-1
201543R209095,2,1,0,18,0,8,0,0,0,0,3,1,2,1,45,7,-1,-1,-1,-1,1,-1
201543R209115,1,9,0,18,0,1,0,0,0,0,1,1,6,3,-1,-1,-1,-1,-1,-1,-1,-1
201543R209115,2,9,0,3,0,1,0,0,0,0,2,1,6,2,26,6,1242,1,6,-1,1,-1
201543R209125,1,3,0,16,0,2,0,0,0,0,1,1,6,1,39,7,-1,-1,-1,-1,1,-1
201543R209125,2,9,0,17,0,1,0,0,0,0,3,1,6,3,-1,-1,-1,-1,-1,-1,-1,-1
201543R210025,1,9,0,9,0,8,0,0,0,0,1,1,6,3,-1,-1,2987,2,5,-1,-1,-1
201543R210025,2,4,0,18,0,8,1,0,0,0,3,1,6,1,60,9,124,1,4,-1,1,-1
201543R210035,1,9,0,18,0,2,0,0,0,0,1,1,6,1,-1,-1,-1,-1,-1,-1,-1,-1
201543R210055,1,9,0,13,0,0,0,0,0,0,1,1,6,1,47,8,-1,-1,-1,-1,1,-1
201543R210055,2,9,0,6,0,0,0,0,0,0,3,2,1,1,61,9,1984,1,-1,-1,1,-1
201543R210085,1,9,0,1,9,6,0,0,0,0,2,1,1,2,36,7,998,1,3,-1,1,-1
201543R210095,1,9,0,18,0,3,0,10,7,0,1,1,6,2,46,8,1560,2,2,-1,1,-1
201543R210095,2,9,0,18,0,1,0,0,0,0,1,1,6,2,42,7,1598,1,8,-1,1,-1
201543R210125,1,9,0,18,0,0,0,0,0,0,1,1,6,2,59,9,1329,1,-1,-1,2,-1
201543R210125,2,9,0,3,0,0,0,0,0,0,2,1,6,1,48,8,1598,1,13,-1,1,-1
201543R211025,1,9,0,4,0,1,0,0,0,0,1,1,6,1,19,4,1753,2,9,-1,1,-1
201543R211025,2,9,0,4,0,1,0,0,0,0,2,1,6,1,21,5,1995,2,5,-1,1,-1
201543R211025,3,9,0,4,0,1,0,0,0,0,2,1,6,1,-1,-1,-1,-1,-1,-1,-1,-1
201543R211045,1,9,0,18,0,8,0,0,0,0,1,1,1,2,28,6,-1,-1,-1,-1,1,-1
201543R211045,2,9,0,11,0,8,0,0,0,0,2,1,1,1,21,5,1388,1,9,-1,1,-1
201543R211075,1,19,0,9,0,2,0,0,0,0,3,1,1,1,35,6,1560,2,1,-1,1,-1
201543R211075,2,1,0,18,0,1,0,0,0,0,3,1,6,1,35,6,-1,-1,-1,-1,-1,-1
201543R211085,1,9,0,1,0,6,0,0,0,0,2,1,6,2,-1,-1,1995,2,8,-1,1,-1
201543R211085,2,9,0,2,0,8,0,0,0,0,3,1,6,1,65,9,1360,1,11,-1,1,-1
201543R211095,1,9,0,11,0,0,0,0,0,0,4,1,6,1,38,7,1396,1,18,-1,-1,-1
201543R211095,2,9,0,18,0,0,0,0,0,0,3,1,2,1,40,7,1991,2,12,-1,2,-1
201543R211105,1,9,0,5,0,4,0,0,0,0,1,1,6,2,28,6,1598,1,11,-1,1,-1
201543R211105,2,9,0,18,0,8,0,0,0,0,1,1,6,2,20,4,1242,1,17,-1,-1,-1
201543R211125,1,9,0,9,0,5,0,0,0,0,1,1,6,2,23,5,1598,1,-1,-1,1,-1
201543R211125,2,3,0,18,0,8,0,0,0,0,1,1,6,1,20,4,125,1,12,-1,1,-1
201543R212025,1,9,0,9,0,5,0,0,0,0,1,1,6,2,54,8,1995,2,1,-1,2,-1
201543R212025,2,9,0,3,0,1,0,0,0,0,1,1,6,1,32,6,2148,2,7,-1,1,-1
201543R212045,1,9,0,9,0,2,0,0,0,0,1,1,6,2,37,7,1598,1,14,-1,1,-1
201543R212085,1,10,0,18,6,0,0,0,1,7,4,1,1,1,55,8,2402,2,12,-1,1,-1
201543R212105,1,9,0,18,0,0,1,0,0,0,1,1,6,1,33,6,-1,-1,-1,-1,1,-1
201543R212105,2,9,0,3,0,0,0,0,0,0,2,1,6,1,51,8,1995,2,4,-1,1,-1
201543R212105,3,9,0,18,0,0,0,0,0,0,1,1,2,1,59,9,2148,2,11,-1,1,-1
201543R212125,1,9,0,18,0,2,0,0,0,0,1,1,6,1,19,4,1360,1,10,-1,1,-1
201543R213015,1,9,0,18,0,4,0,0,0,0,1,1,6,1,-1,-1,-1,-1,-1,-1,-1,-1
201543R213015,2,1,0,18,0,4,0,0,0,0,2,1,1,1,28,6,-1,-1,-1,-1,1,-1
201543R213035,1,21,4,17,0,1,5,0,1,7,4,1,1,1,52,8,12809,2,1,-1,2,-1
201543R213055,1,9,0,18,0,8,0,0,0,0,1,1,6,2,63,9,1998,1,11,-1,1,-1
201543R213055,2,9,0,9,0,6,0,0,0,0,1,1,2,1,31,6,1497,1,12,-1,1,-1
201543R213065,1,9,0,17,0,0,1,0,0,0,4,1,2,1,37,7,1299,1,15,-1,1,-1
201543R213065,2,9,0,18,0,0,0,0,0,0,1,1,6,1,41,7,1968,2,9,-1,1,-1
201543R213075,1,19,0,7,0,1,0,0,0,0,4,1,6,1,-1,-1,2148,2,10,-1,-1,-1
201543R213075,2,3,0,8,0,1,0,0,0,0,3,1,6,1,31,6,124,1,11,-1,1,-1
201543R213095,1,3,0,4,0,8,0,0,0,0,3,1,2,1,41,7,125,1,5,-1,-1,-1
201543R213095,2,9,0,3,0,8,0,0,0,0,2,1,6,2,46,8,1951,2,10,-1,1,-1
201543R213105,1,9,0,15,0,0,1,0,1,0,2,1,6,1,29,6,-1,-1,-1,-1,1,-1
201543R213115,1,90,0,18,0,0,0,0,0,0,1,1,1,1,-1,-1,-1,-1,-1,-1,-1,-1
201543R213115,2,9,0,18,0,0,0,0,0,0,2,1,6,2,51,8,998,1,11,-1,1,-1
201543R213125,1,9,0,18,0,2,0,0,0,0,1,1,6,2,59,9,998,1,2,-1,1,-1
201543R214015,1,9,0,18,0,1,0,0,0,0,1,1,3,2,39,7,-1,-1,-1,-1,1,-1
201543R214095,1,9,0,18,0,8,0,10,8,1,4,1,6,1,36,7,1598,1,8,-1,1,-1
201543R214095,2,9,0,9,0,6,0,0,0,0,1,1,6,1,27,6,1686,2,11,-1,1,-1
201543R214105,1,9,0,17,0,0,1,0,1,3,1,1,6,1,18,4,1796,1,11,-1,-1,-1
201543R215025,1,9,0,18,0,1,0,0,0,0,1,1,6,3,-1,-1,1598,1,15,-1,-1,-1
201543R215025,2,9,0,3,0,1,0,0,0,0,2,1,6,1,56,9,2204,2,9,-1,1,-1
201543R215125,1,9,0,18,0,0,1,0,1,10,1,1,6,2,33,6,1753,2,9,-1,1,-1
201543R216015,1,9,0,12,0,1,0,0,6,11,3,1,6,1,63,9,-1,-1,-1,-1,1,-1
201543R216015,2,9,0,18,0,1,0,0,0,0,4,1,6,1,44,7,-1,-1,-1,-1,1,-1
201543R216035,1,9,0,7,0,8,0,0,0,0,1,1,6,1,88,11,3950,1,14,-1,3,-1
201543R216035,2,9,0,18,0,1,0,0,0,0,4,1,6,1,65,9,1997,2,12,-1,1,-1
201543R216065,1,9,0,18,0,0,0,0,0,0,1,1,2,2,43,7,1794,1,11,-1,1,-1
201543R216095,1,9,0,7,0,6,0,0,0,0,3,1,6,1,-1,-1,1248,2,9,-1,-1,-1
201543R216095,2,3,0,18,0,1,0,0,0,0,1,1,6,1,17,4,124,1,2,-1,1,-1
201543R216125,1,9,0,2,0,1,0,0,0,0,3,1,6,1,56,9,1998,2,8,-1,1,-1
201543R216125,2,9,0,14,0,1,0,0,0,0,4,1,6,1,81,11,3498,1,6,-1,1,-1
201543R217015,1,9,0,18,0,0,0,0,0,0,1,1,6,2,25,5,998,1,2,-1,-1,-1
201543R217015,2,9,0,11,0,0,0,0,0,0,2,1,6,1,17,4,1360,1,11,-1,-1,-1
201543R217015,3,9,0,18,0,0,0,0,0,0,2,1,6,2,45,7,1364,1,1,-1,2,-1
201543R217025,1,9,0,5,0,0,0,0,0,0,3,1,1,1,67,10,1497,8,8,-1,1,-1
201543R217045,1,9,0,18,0,0,0,0,0,0,1,1,1,1,32,6,998,1,8,-1,1,-1
201543R217045,2,9,0,4,0,0,0,0,0,0,2,1,1,1,73,10,-1,-1,-1,-1,1,-1
201543R217055,1,9,0,6,0,0,0,0,0,0,3,1,6,2,50,8,1390,1,1,-1,1,-1
201543R217055,2,5,0,18,0,0,0,0,0,0,1,1,6,1,53,8,1130,1,13,-1,1,-1
201543R217085,1,3,0,18,0,8,1,0,0,0,3,1,6,1,21,5,124,1,2,-1,1,-1
201543R217115,1,9,0,7,0,8,1,0,0,0,1,1,2,1,19,4,998,1,-1,-1,1,-1
201543R217115,2,21,0,10,0,1,0,0,0,0,1,1,1,1,61,9,12777,2,3,-1,1,-1
201543R218015,1,9,0,17,0,0,1,0,1,0,1,1,6,1,18,4,1364,1,7,-1,-1,-1
201543R218015,2,9,0,2,9,0,0,0,0,0,4,1,6,1,33,6,1968,2,7,-1,-1,-1
201543R218045,1,9,0,18,0,0,0,0,0,0,1,1,6,1,-1,-1,2000,2,11,-1,1,-1
201543R218045,2,9,0,3,0,0,0,0,0,0,2,1,6,2,38,7,1388,1,4,-1,1,-1
201543R218085,1,9,0,17,0,2,1,0,1,11,1,1,6,2,27,6,1242,1,15,-1,1,-1
201543R218095,1,9,0,18,0,0,0,0,0,0,1,1,6,3,-1,-1,-1,-1,-1,-1,-1,-1
201543R218095,2,9,0,18,0,0,0,0,0,0,2,1,6,1,35,6,1199,1,11,-1,1,-1
201543R218115,1,10,0,18,0,0,0,0,0,0,1,1,6,1,46,8,-1,-1,-1,-1,3,-1
201543R218115,2,9,0,3,0,0,0,0,0,0,2,1,6,1,37,7,1686,2,7,-1,1,-1
201543R218115,3,9,0,3,0,0,0,0,0,0,2,1,6,2,34,6,1390,1,12,-1,1,-1
201543R218115,4,9,0,3,0,0,0,0,0,0,2,1,6,1,37,7,1339,1,10,-1,1,-1
201543R218125,1,9,0,18,0,3,0,0,0,0,1,1,6,1,-1,-1,-1,-1,-1,-1,-1,-1
201543R218125,2,9,0,18,0,4,0,0,0,0,3,1,6,2,20,4,1240,1,10,-1,3,-1
201543R219015,1,9,0,1,0,8,0,0,0,0,2,1,1,1,23,5,1197,1,2,-1,3,-1
201543R219015,2,9,0,2,0,8,0,0,0,0,2,1,6,2,-1,-1,1991,2,8,-1,-1,-1
201543R219045,1,9,0,18,0,0,0,0,1,9,1,1,6,1,87,11,2457,1,8,-1,1,-1
201543R219095,1,9,0,9,0,8,0,0,0,0,1,1,1,1,40,7,1968,2,1,-1,-1,-1
201543R219095,2,9,0,9,0,8,0,0,0,0,3,1,1,2,40,7,1197,1,2,-1,-1,-1
201543R220045,1,9,0,9,0,5,0,0,0,0,1,1,3,2,39,7,1968,2,11,-1,1,-1
201543R220085,1,9,0,7,0,6,0,0,0,0,4,1,2,1,18,4,1198,1,8,-1,1,-1
201543R221015,1,9,0,5,0,8,0,0,0,0,1,1,6,1,55,8,2148,2,7,-1,1,-1
201543R221015,2,8,0,5,0,8,0,0,0,0,1,1,1,1,32,6,1997,2,2,-1,1,-1
201543R221015,3,9,0,5,0,8,0,0,0,0,2,1,6,1,35,6,1390,1,13,-1,1,-1
201543R221025,1,2,0,18,0,0,0,0,0,0,3,1,6,1,18,4,-1,-1,-1,-1,1,-1
201543R221025,2,9,0,18,0,0,0,0,0,0,4,1,6,1,50,8,-1,-1,-1,-1,-1,-1
201543R221025,3,2,0,18,0,0,0,0,0,0,0,1,6,1,19,4,124,1,3,-1,-1,-1
201543R221045,1,9,0,18,0,0,0,0,0,0,0,1,1,2,30,6,-1,-1,-1,-1,-1,-1
201543R221045,2,9,0,18,0,0,0,0,1,11,1,1,6,1,27,6,-1,-1,-1,-1,1,-1
201543R221115,1,9,0,18,0,8,0,0,0,0,1,1,6,1,-1,-1,1560,2,8,-1,-1,-1
201543R221115,2,3,0,9,0,8,0,0,0,0,4,1,2,1,18,4,125,1,-1,-1,1,-1
201543R221125,1,9,0,18,0,0,0,0,0,0,1,1,2,2,28,6,2148,2,9,-1,1,-1
201543R221125,2,9,0,4,0,0,0,0,0,0,2,1,2,1,46,8,1968,2,-1,-1,3,-1
201543R222035,1,9,0,18,0,0,0,0,0,0,1,1,6,1,49,8,1590,1,20,-1,1,-1
201543R222035,2,9,0,3,0,0,0,0,0,0,2,1,1,1,25,5,1598,2,5,-1,1,-1
201543R222035,3,9,0,3,0,0,0,0,0,0,2,1,6,1,47,8,1461,2,2,-1,2,-1
201543R222075,1,9,0,8,0,1,0,0,0,0,1,1,1,1,36,7,1999,1,8,-1,1,-1
201543R222075,2,1,0,18,0,8,0,0,0,0,3,1,6,2,30,6,-1,-1,-1,-1,1,-1
201543R222085,1,9,0,18,0,4,0,0,0,0,3,1,2,2,26,6,2199,2,7,-1,1,-1
201543R222085,2,9,0,9,0,8,0,0,0,0,1,1,2,1,43,7,1248,2,2,-1,3,-1
201543R222115,1,8,0,18,0,1,0,0,0,0,1,1,1,1,39,7,2148,2,7,-1,1,-1
201543R222125,1,9,0,18,0,0,0,0,0,0,1,1,3,2,48,8,-1,-1,-1,-1,1,-1
201543R223025,1,9,0,18,0,0,0,10,1,10,1,1,6,2,19,4,1399,2,12,-1,1,-1
201543R223035,1,9,0,18,0,0,5,0,0,0,3,1,6,2,54,8,-1,-1,-1,-1,1,-1
201543R223035,2,9,0,3,0,0,0,0,0,0,3,1,6,1,67,10,1997,2,2,-1,3,-1
201543R223055,1,9,0,18,0,8,0,0,0,0,4,1,6,2,32,6,1339,1,8,-1,1,-1
201543R223055,2,9,0,18,0,8,0,0,0,0,1,1,6,1,40,7,1242,1,15,-1,1,-1
201543R223055,3,9,0,3,0,8,0,0,0,0,1,1,6,1,50,8,4367,2,5,-1,1,-1
201543R223075,1,9,0,18,0,2,0,0,0,0,1,1,6,3,-1,-1,-1,-1,-1,-1,-1,-1
201543R223085,1,98,0,7,0,5,0,0,0,0,4,1,1,1,41,7,4250,2,13,-1,2,-1
201543R223085,2,1,0,18,0,8,0,0,0,0,1,1,6,2,25,5,-1,-1,-1,-1,1,-1
201543R224035,1,4,0,13,0,0,0,0,0,0,1,1,6,1,58,9,1092,1,21,-1,1,-1
201543R224035,2,9,0,18,0,0,0,0,0,0,2,1,6,1,25,5,1895,1,16,-1,1,-1
201543R224075,1,9,0,9,0,5,0,0,0,0,1,1,6,2,49,8,1968,2,1,-1,1,-1
201543R224075,2,9,0,10,0,1,0,0,0,0,1,1,6,1,51,8,1598,1,16,-1,1,-1
201543R224115,1,9,0,9,0,8,0,0,0,0,3,1,2,1,21,5,1896,2,7,-1,1,-1
201543R224115,2,3,0,18,0,8,1,0,0,0,1,1,2,1,25,5,124,1,8,-1,1,-1
201543R225025,1,9,0,18,0,0,0,0,0,0,1,1,6,3,-1,-1,-1,-1,-1,-1,-1,-1
201543R225025,2,1,0,18,0,0,1,0,0,0,2,1,4,1,16,4,-1,-1,-1,-1,3,-1
201543R225035,1,9,0,7,0,4,0,0,0,0,4,1,6,1,45,7,1781,1,10,-1,1,-1
201543R225035,2,1,0,18,0,4,0,0,0,0,3,1,6,2,46,8,-1,-1,-1,-1,1,-1
201543R225045,1,9,0,4,0,0,0,0,0,0,1,1,2,1,40,7,1984,2,4,-1,1,-1
201543R225045,2,9,0,3,0,0,0,0,0,0,2,1,2,1,30,6,1796,1,4,-1,1,-1
201543R225045,3,9,0,3,0,0,0,0,0,0,2,1,2,1,39,7,1560,2,1,-1,1,-1
201543R225105,1,9,0,9,0,6,0,0,0,0,1,1,6,1,77,11,2987,2,-1,-1,3,-1
201543R225105,2,21,0,18,0,1,0,0,0,0,1,1,1,1,31,6,3920,2,10,-1,1,-1
201543R225115,1,9,0,18,0,0,1,0,2,7,2,1,6,1,20,4,1590,1,10,-1,3,-1
201543R225125,1,9,0,5,0,4,0,0,0,0,1,1,6,2,73,10,-1,-1,-1,-1,-1,-1
201543R225125,2,1,0,9,0,8,0,0,0,0,4,1,2,1,36,7,-1,-1,-1,-1,1,-1
201543R226025,1,9,0,18,0,0,0,0,0,0,1,1,2,2,33,6,1299,1,11,-1,1,-1
201543R226025,2,9,0,4,0,0,0,0,0,0,2,1,2,1,19,4,-1,-1,-1,-1,1,-1
201543R226055,1,9,0,18,0,2,0,0,0,0,1,1,6,3,-1,-1,-1,-1,-1,-1,-1,-1
201543R226075,1,3,0,18,0,0,0,0,0,0,0,1,6,1,18,4,125,1,4,-1,1,-1
201543R226075,2,9,0,4,0,0,0,0,0,0,0,1,6,1,17,4,1596,1,8,-1,1,-1
201543R226085,1,9,0,18,0,0,0,0,0,0,4,1,6,1,23,5,1968,2,6,-1,-1,-1
201543R226085,2,9,0,2,0,0,0,0,0,0,3,1,6,1,45,7,1796,1,11,-1,1,-1
201543R226085,3,9,4,2,0,0,0,0,0,0,2,1,6,1,-1,-1,2993,2,2,-1,1,-1
201543R227045,1,9,0,9,0,6,0,0,0,0,1,1,1,2,30,6,1598,1,13,-1,1,-1
201543R227045,2,1,0,18,0,8,0,0,0,0,4,1,1,1,49,8,-1,-1,-1,-1,1,-1
201543R227065,1,9,0,9,0,5,0,0,0,0,2,1,6,1,94,11,1339,8,8,-1,1,-1
201543R227085,1,9,0,4,0,4,0,0,0,0,2,1,6,2,20,4,-1,-1,-1,-1,1,-1
201543R227085,2,9,0,18,0,4,0,0,0,0,1,1,6,2,17,4,1242,1,17,-1,1,-1
201543R227125,1,9,0,18,0,0,0,0,0,0,1,1,6,1,25,5,1360,1,14,-1,1,-1
201543R227125,2,9,0,3,0,0,0,0,0,0,2,1,6,2,60,9,2967,1,11,-1,1,-1
201543R227125,3,9,0,3,0,0,0,0,0,0,2,1,6,2,35,6,1997,2,14,-1,3,-1
201543R227125,4,9,0,3,0,0,0,0,0,0,2,1,6,1,37,7,1587,1,15,-1,3,-1
201543R228015,1,9,0,18,0,1,0,0,1,2,1,1,6,1,35,6,-1,-1,-1,-1,1,-1
201543R228015,2,9,0,10,0,1,0,0,0,0,3,1,6,1,30,6,1797,1,15,-1,1,-1
201543R228035,1,9,0,18,0,0,0,0,0,0,4,1,6,1,54,8,2996,1,6,-1,1,-1
201543R228055,1,9,0,4,0,0,1,0,0,0,1,1,6,1,79,11,1783,1,14,-1,3,-1
201543R228055,2,9,0,4,0,0,0,0,0,0,2,1,6,2,55,8,1598,1,-1,-1,1,-1
201543R228075,1,9,0,16,0,0,0,0,0,0,1,1,6,1,19,4,998,1,10,-1,2,-1
201543R228075,2,9,0,17,0,0,0,0,0,0,1,1,1,1,35,6,2148,2,7,-1,-1,-1
201543R228095,1,9,0,18,0,0,0,0,0,0,1,1,1,1,43,7,3200,2,4,-1,1,-1
201543R228095,2,9,0,3,0,0,0,0,0,0,2,1,6,1,30,6,1968,2,7,-1,1,-1
201543R229035,1,9,0,9,0,6,0,0,0,0,1,1,6,1,71,10,998,1,18,-1,1,-1
201543R229035,2,3,0,18,0,8,0,0,0,0,4,1,6,1,29,6,124,1,20,-1,1,-1
201543R229065,1,9,0,11,0,3,0,0,0,0,4,1,6,3,-1,-1,-1,-1,-1,-1,-1,-1
201543R229065,2,5,0,18,0,3,1,0,0,0,3,1,6,1,66,10,1050,1,10,-1,1,-1
201543R229075,1,9,0,4,0,0,0,0,0,0,1,1,6,1,29,6,1461,2,12,-1,1,-1
201543R229075,2,9,0,4,0,0,0,0,0,0,1,1,6,1,53,8,1796,1,10,-1,1,-1
201543R229075,3,9,0,4,0,0,0,0,0,0,1,1,6,1,42,7,1995,2,-1,-1,3,-1
201543R229075,4,9,0,4,0,0,0,0,0,0,2,1,1,1,33,6,1997,2,1,-1,1,-1
201543R229095,1,9,0,9,0,5,0,0,0,0,4,1,6,1,-1,-1,1991,1,15,-1,1,-1
201543R229095,2,1,0,18,0,1,0,0,0,0,1,1,6,1,39,7,-1,-1,-1,-1,-1,-1
201543R229105,1,9,0,15,0,0,0,0,0,0,3,1,6,3,-1,-1,1596,1,9,-1,-1,-1
201543R229105,2,5,0,18,0,0,0,0,0,0,4,1,6,1,25,5,1352,1,8,-1,1,-1
201543R229125,1,8,0,4,0,0,0,0,0,0,1,1,6,1,41,7,1997,2,4,-1,1,-1
201543R229125,2,9,0,3,0,0,0,0,0,0,2,1,6,1,61,9,1461,2,9,-1,1,-1
201543R230035,1,1,0,18,0,2,0,0,0,0,1,1,6,1,58,9,-1,-1,-1,-1,1,-1
201543R230075,1,8,0,9,0,8,0,0,0,0,0,1,1,1,40,7,-1,-1,-1,-1,-1,-1
201543R230075,2,1,0,18,0,8,0,0,0,0,3,1,6,1,39,7,-1,-1,-1,-1,1,-1
201543R230095,1,9,0,7,0,6,0,0,0,0,1,1,6,2,18,4,1598,1,9,-1,1,-1
201543R230095,2,9,0,18,0,1,0,0,0,0,1,1,6,1,-1,-1,1242,1,14,-1,-1,-1
201543R230125,1,8,0,9,0,5,0,0,0,0,1,1,1,1,54,8,1560,2,-1,-1,1,-1
201543R230125,2,3,0,18,0,8,0,0,0,0,1,1,6,1,37,7,124,1,4,-1,1,-1
201543R231015,1,9,0,18,0,0,0,0,0,0,1,1,6,2,41,7,1596,1,1,-1,-1,-1
201543R231015,2,9,0,18,0,0,0,0,0,0,2,1,6,1,41,7,1560,2,4,-1,1,-1
201543R231075,1,2,0,18,0,8,0,0,0,0,3,1,1,1,19,4,49,1,7,-1,1,-1
201543R232035,1,9,0,18,0,4,0,0,0,0,1,1,6,1,22,5,1995,2,7,-1,1,-1
201543R232035,2,3,0,9,0,8,0,0,0,0,2,1,6,1,54,8,115,1,-1,-1,1,-1
201543R232105,1,9,0,18,0,0,0,0,0,0,1,1,1,1,38,7,-1,-1,-1,-1,1,-1
201543R232105,2,1,0,18,0,0,0,0,0,0,2,1,6,1,64,9,-1,-1,-1,-1,1,-1
201543R232125,1,9,0,17,0,8,0,0,1,10,1,1,6,1,15,3,1149,1,15,-1,1,-1
201543R233065,1,19,0,18,0,8,5,0,1,9,2,1,1,1,29,6,-1,-1,-1,-1,1,-1
201543R233065,2,9,0,18,0,8,0,0,0,0,1,1,6,2,71,10,-1,-1,-1,-1,3,-1
201543R233085,1,9,0,18,0,4,0,0,0,0,4,1,1,3,28,6,1248,2,2,-1,1,-1
201543R233085,2,9,0,18,0,8,0,0,0,0,1,1,6,1,21,5,1896,2,10,-1,1,-1
201543R233105,1,9,0,18,0,0,0,0,0,0,3,1,2,2,39,7,1339,1,5,-1,1,-1
201543R234035,1,9,0,7,0,6,0,0,0,0,1,1,6,1,49,8,1598,1,12,-1,1,-1
201543R234035,2,1,0,18,0,8,0,0,0,0,4,1,6,1,47,8,-1,-1,-1,-1,1,-1
201543R234095,1,9,0,9,0,6,0,0,0,0,1,1,6,2,-1,-1,1598,1,2,-1,-1,-1
201543R234095,2,1,0,18,0,8,0,0,0,0,4,1,4,1,11,3,-1,-1,-1,-1,1,-1
201543R235035,1,9,0,9,0,6,0,0,0,0,3,1,6,2,24,5,-1,-1,-1,-1,1,-1
201543R235035,2,9,0,18,0,8,0,0,0,0,1,1,6,2,63,9,1995,2,1,-1,3,-1
201543R235095,1,9,0,7,0,3,0,0,0,0,1,1,6,1,20,4,1997,2,9,-1,-1,-1
201543R235095,2,9,0,18,0,1,0,0,0,0,1,1,6,2,36,7,1896,2,10,-1,1,-1
201543R235105,1,9,0,18,0,0,0,0,0,0,1,1,6,3,-1,-1,1783,1,12,-1,-1,-1
201543R235105,2,9,0,18,0,0,0,0,1,11,1,1,6,2,47,8,-1,-1,-1,-1,1,-1
201543R235115,1,9,0,3,0,1,0,0,0,0,1,1,2,1,31,6,2179,2,2,-1,1,-1
201543R235115,2,9,0,3,0,1,0,0,1,3,2,1,2,1,45,7,-1,-1,-1,-1,1,-1
201543R235115,3,9,0,3,0,1,0,0,0,0,2,1,2,1,22,5,-1,-1,-1,-1,1,-1
201543R235125,1,9,0,7,0,6,0,0,0,0,1,1,6,1,45,7,1248,1,3,-1,-1,-1
201543R235125,2,9,0,9,0,5,0,0,1,0,1,1,6,2,44,7,1598,1,6,-1,1,-1
201543R236035,1,9,0,18,0,0,0,0,0,0,1,1,6,2,31,6,1598,2,4,-1,1,-1
201543R236035,2,9,0,4,0,0,0,0,0,0,2,1,6,1,39,7,2993,2,8,-1,1,-1
201543R236085,1,9,0,18,0,0,1,0,0,0,1,1,6,1,28,6,1968,2,11,-1,2,-1
201543R236085,2,9,0,3,0,0,0,0,0,0,2,1,2,2,48,8,1995,1,8,-1,1,-1
201543R236085,3,9,0,3,0,0,0,0,0,0,2,1,2,2,35,6,1598,1,13,-1,1,-1
201543R236095,1,3,0,7,0,4,0,0,0,0,1,1,2,1,18,4,125,1,-1,-1,1,-1
201543R236095,2,9,0,9,0,8,0,0,0,0,4,1,6,2,66,10,1596,1,10,-1,1,-1
201543R236105,1,9,0,17,0,0,1,0,0,0,1,1,1,1,23,5,1910,2,13,-1,2,-1
201543R236105,2,9,0,16,0,0,0,0,1,9,1,1,1,2,34,6,1596,1,9,-1,1,-1
201543R237035,1,9,0,18,0,0,0,0,7,0,3,1,6,3,-1,-1,-1,-1,-1,-1,-1,-1
201543R237105,1,9,0,18,0,0,0,0,0,0,1,1,6,2,42,7,1598,1,1,-1,1,-1
201543R237105,2,9,0,3,0,0,0,0,0,0,2,1,6,2,29,6,1598,1,4,-1,1,-1