Accident_Index,Vehicle_Reference,Vehicle_Type,Towing_and_Articulation,Vehicle_Manoeuvre,Vehicle_Location-Restricted_Lane,Junction_Location,Skidding_and_Overturning,Hit_Object_in_Carriageway,Vehicle_Leaving_Carriageway,Hit_Object_off_Carriageway,1st_Point_of_Impact,Was_Vehicle_Left_Hand_Drive?,Journey_Purpose_of_Driver,Sex_of_Driver,Age_of_Driver,Age_Band_of_Driver,Engine_Capacity_(CC),Propulsion_Code,Age_of_Vehicle,Driver_IMD_Decile,Driver_Home_Area_Type,Vehicle_IMD_Decile
201543R237105,3,9,0,3,0,0,0,0,0,0,2,1,6,1,62,9,1461,2,2,-1,1,-1
201543R237115,1,9,0,18,0,4,0,0,0,0,1,1,2,1,46,8,-1,-1,-1,-1,1,-1
201543R237115,2,9,0,18,0,8,0,0,1,0,4,1,2,1,41,7,1796,1,8,-1,1,-1
201543R237125,1,21,0,5,0,5,0,0,0,0,2,1,1,1,73,10,9290,2,1,-1,1,-1
201543R237125,2,11,0,18,0,8,0,0,0,0,4,1,1,1,57,9,6700,2,5,-1,1,-1
201543R238065,1,9,0,13,0,1,0,0,0,0,0,1,6,3,-1,-1,-1,-1,-1,-1,-1,-1
201543R238065,2,1,0,18,0,1,0,0,0,0,3,1,1,1,37,7,-1,-1,-1,-1,1,-1
201543R238095,1,2,0,7,0,8,0,0,7,10,1,1,6,1,17,4,49,1,-1,-1,1,-1
201543R238095,2,2,0,7,0,8,0,0,1,0,2,1,6,1,16,4,49,1,8,-1,1,-1
201543R238115,1,9,0,9,0,8,0,0,0,0,1,1,6,1,-1,-1,1850,1,16,-1,1,-1
201543R239015,1,9,0,18,0,0,0,0,2,7,2,1,6,1,24,5,1587,1,15,-1,2,-1
201543R239065,1,9,0,9,0,8,0,0,0,0,4,1,6,1,66,10,1596,1,12,-1,1,-1
201543R239065,2,1,0,18,0,8,0,0,0,0,1,1,6,2,18,4,-1,-1,-1,-1,-1,-1
201543R239075,1,9,0,18,0,4,0,0,0,0,3,1,1,1,44,7,1248,2,1,-1,1,-1
201543R239075,2,9,0,18,0,8,0,0,0,0,1,1,6,1,26,6,3246,1,13,-1,1,-1
201543R239085,1,9,4,3,0,0,0,0,0,0,2,1,6,1,57,9,-1,-1,-1,-1,3,-1
201543R239085,2,9,0,3,0,0,0,0,0,0,1,1,6,1,34,6,1368,1,9,-1,1,-1
201543R239095,1,9,0,9,0,8,0,0,0,0,1,1,1,2,32,6,1582,2,3,-1,1,-1
201543R239095,2,19,0,18,0,8,1,0,0,0,1,1,1,1,44,7,2143,2,-1,-1,2,-1
201543R240015,1,9,0,5,0,0,0,0,0,0,3,1,6,1,25,5,1997,2,12,-1,1,-1
201543R240015,2,9,0,18,0,0,0,0,0,0,4,1,6,2,41,7,1596,1,11,-1,1,-1
201543R240085,1,9,0,9,0,6,0,0,0,0,1,1,6,1,41,7,1598,1,13,-1,1,-1
201543R240085,2,9,0,18,0,8,0,0,0,0,4,1,6,2,28,6,1364,1,6,-1,1,-1
201543R240095,1,9,0,7,0,4,0,0,0,0,0,1,6,1,-1,-1,-1,-1,-1,-1,-1,-1
201543R240095,2,1,0,18,0,4,0,0,0,0,0,1,1,1,57,9,-1,-1,-1,-1,1,-1
201543R240105,1,9,0,9,0,5,0,0,0,0,4,1,6,1,42,7,1339,8,7,-1,1,-1
201543R240105,2,9,0,18,0,8,0,0,0,0,1,1,6,1,45,7,1998,1,12,-1,1,-1
201543R241075,1,9,0,9,0,8,0,0,0,0,4,1,1,2,28,6,1896,2,13,-1,-1,-1
201543R241075,2,9,0,18,0,8,0,0,0,0,1,1,6,1,-1,-1,1753,2,17,-1,-1,-1
201543R241095,1,19,0,1,0,0,0,0,0,0,2,1,6,1,-1,-1,2402,2,6,-1,-1,-1
201543R241095,2,9,0,3,0,0,0,0,0,0,1,1,6,1,45,7,1590,1,15,-1,1,-1
201543R242095,1,9,0,7,0,4,0,0,0,0,2,1,6,2,46,8,1390,1,12,-1,1,-1
201543R242095,2,21,1,7,0,4,0,0,0,0,1,1,1,1,30,6,12740,2,3,-1,-1,-1
201543R242125,1,9,0,9,0,8,0,0,0,0,1,1,6,2,19,4,1598,1,12,-1,1,-1
201543R242125,2,9,0,18,0,8,0,0,0,0,1,1,6,1,41,7,1598,1,7,-1,2,-1
201543R243015,1,9,0,9,0,8,0,0,0,0,1,1,6,2,38,7,1988,1,15,-1,1,-1
201543R243015,2,9,0,18,0,8,0,0,3,1,4,1,6,1,35,6,1396,1,8,-1,1,-1
201543R243065,1,9,0,18,0,8,1,0,0,0,1,1,6,2,39,7,-1,-1,-1,-1,1,-1
201543R243065,2,9,0,9,0,6,0,0,0,0,3,1,6,2,45,7,1587,1,11,-1,1,-1
201543R243075,1,21,1,18,0,0,0,0,0,0,1,1,1,1,60,9,12809,2,3,-1,1,-1
201543R243075,2,21,1,4,0,0,0,0,0,0,2,2,1,1,45,7,-1,-1,-1,-1,-1,-1
201543R243075,3,19,0,4,0,0,0,0,0,0,2,1,1,1,37,7,-1,-1,-1,-1,1,-1
201543R243075,4,19,0,4,0,0,0,0,0,0,1,1,1,1,21,5,2198,2,1,-1,2,-1
201543R243095,1,9,0,18,0,0,0,0,0,0,1,1,6,2,27,6,1796,1,8,-1,1,-1
201543R243095,2,9,0,4,0,0,0,0,0,0,2,1,6,1,47,8,1388,1,11,-1,1,-1
201543R243095,3,9,0,4,0,0,0,0,0,0,2,1,6,2,65,9,2967,2,6,-1,1,-1
201543R243095,4,9,0,4,0,0,0,0,0,0,2,1,6,1,-1,-1,2179,2,2,-1,-1,-1
201543R243125,1,9,0,18,0,1,0,0,0,0,1,1,6,3,-1,-1,-1,-1,-1,-1,-1,-1
201543R244065,1,9,0,18,0,6,0,0,0,0,1,1,6,1,25,5,1796,1,10,-1,1,-1
201543R244065,2,3,0,18,0,8,0,0,0,0,4,1,6,1,22,5,124,1,19,-1,1,-1
201543R244075,1,9,0,9,0,8,0,0,0,0,1,1,6,1,24,5,1149,1,13,-1,1,-1
201543R244075,2,9,0,18,0,8,0,0,0,0,1,1,6,2,19,4,1199,1,14,-1,3,-1
201543R244095,1,9,0,9,0,2,0,0,0,0,1,1,6,1,-1,-1,1389,1,19,-1,-1,-1
201543R244095,2,9,0,7,0,1,0,0,0,0,2,1,6,1,49,8,1598,2,-1,-1,2,-1
201543R245015,1,9,0,9,0,8,0,0,0,0,3,1,6,1,62,9,1149,1,1,-1,1,-1
201543R245015,2,5,0,13,0,8,0,0,0,0,4,1,6,1,44,7,899,1,13,-1,1,-1
201543R245065,1,19,0,18,0,0,0,0,0,0,1,1,1,1,24,5,-1,-1,-1,-1,1,-1
201543R245075,1,20,0,4,0,0,0,0,0,0,1,1,1,1,61,9,4462,2,2,-1,2,-1
201543R245075,2,21,0,4,0,0,0,0,0,0,2,1,1,1,66,10,6370,2,5,-1,1,-1
201543R245095,1,9,0,2,0,2,0,0,0,0,4,1,6,1,21,5,1229,1,7,-1,1,-1
201543R245095,2,1,0,18,0,2,0,0,0,0,1,1,6,1,39,7,-1,-1,-1,-1,1,-1
201543R246015,1,9,0,3,0,4,0,0,0,0,1,1,6,2,23,5,1242,1,12,-1,1,-1
201543R246015,2,8,0,3,0,4,0,0,0,0,2,1,1,1,46,8,2204,2,8,-1,1,-1
201543R247015,1,2,0,18,0,0,1,0,0,0,1,1,6,1,16,4,-1,-1,-1,-1,-1,-1
201543R247065,1,3,0,13,0,1,1,7,0,0,3,1,2,1,20,4,125,1,6,-1,1,-1
201543R247065,2,21,1,12,0,1,0,0,0,0,0,1,1,1,47,8,-1,-1,-1,-1,1,-1
201543R247075,1,9,0,18,0,1,0,0,0,0,1,1,6,1,33,6,1299,1,11,-1,1,-1
201543R247085,1,9,0,7,0,0,0,0,0,0,4,1,1,2,25,5,1248,2,-1,-1,1,-1
201543R247085,2,1,0,18,0,0,0,0,1,0,1,1,6,1,47,8,-1,-1,-1,-1,1,-1
201543R247095,1,9,0,18,0,0,0,0,0,0,1,1,6,2,54,8,1242,1,-1,-1,1,-1
201543R247095,2,9,0,18,0,0,0,0,0,0,2,1,6,1,33,6,1896,2,14,-1,3,-1
201543R248075,1,9,0,16,0,3,0,0,2,4,1,1,6,1,32,6,1798,1,11,-1,1,-1
201543R248085,1,9,0,4,0,0,1,0,0,0,1,1,2,1,39,7,1598,1,11,-1,1,-1
201543R248085,2,9,0,4,0,0,0,0,0,0,2,1,2,1,50,8,1061,1,10,-1,1,-1
201543R248095,1,9,0,18,0,1,0,0,7,2,1,1,6,1,27,6,1248,2,7,-1,1,-1
201543R248095,2,19,0,18,0,2,0,0,1,0,3,1,2,1,30,6,2198,2,8,-1,1,-1
201543R249065,1,9,0,12,0,7,0,0,0,0,0,1,6,2,57,9,1299,1,14,-1,2,-1
201543R249065,2,9,0,18,0,8,1,0,0,7,1,1,6,2,18,4,998,1,4,-1,1,-1
201543R249095,1,9,0,9,0,1,0,0,0,0,3,1,1,3,65,9,2959,2,10,-1,1,-1
201543R249095,2,1,0,14,0,1,0,0,0,0,1,1,1,1,56,9,-1,-1,-1,-1,1,-1
201543R249115,1,9,0,16,0,0,1,0,7,4,1,1,6,2,20,4,1149,1,12,-1,-1,-1
201543R250065,1,21,1,18,0,8,0,0,0,0,2,1,1,1,-1,-1,12902,2,2,-1,-1,-1
201543R250065,2,9,0,7,0,7,0,0,0,0,1,1,6,1,18,4,1124,1,10,-1,1,-1
201543R250095,1,9,0,8,0,4,0,0,0,0,1,1,6,1,46,8,1598,1,2,-1,1,-1
201543R250095,2,9,0,8,0,4,0,0,0,0,2,1,6,2,46,8,1248,2,9,-1,1,-1
201543R251015,1,9,0,18,0,0,5,10,1,11,1,1,6,1,17,4,-1,-1,-1,-1,1,-1
201543R251075,1,19,0,18,0,0,0,0,0,0,1,1,6,1,23,5,1598,7,13,-1,1,-1
201543R251075,2,9,0,18,0,0,0,0,0,0,2,1,6,2,25,5,998,1,8,-1,1,-1
201543R251085,1,9,0,12,0,8,0,0,0,0,3,1,6,2,53,8,2993,2,9,-1,1,-1
201543R251085,2,9,0,18,0,8,0,0,0,0,4,1,6,1,48,8,1582,2,5,-1,2,-1
201543R252065,1,9,0,18,0,4,0,0,0,0,4,1,1,2,31,6,-1,-1,-1,-1,1,-1
201543R252065,2,9,0,18,0,8,0,0,0,0,1,1,6,2,29,6,-1,-1,-1,-1,1,-1
201543R252085,1,9,0,18,0,0,5,7,0,0,1,1,6,2,55,8,1598,1,12,-1,-1,-1
201543R252095,1,9,0,18,0,0,0,0,0,0,1,1,6,1,20,4,1388,1,16,-1,1,-1
201543R252095,2,9,0,18,0,0,0,0,0,0,2,1,6,1,29,6,-1,-1,-1,-1,1,-1
201543R253065,1,9,0,18,0,8,0,0,0,0,1,1,6,2,47,8,-1,-1,-1,-1,1,-1
201543R253065,2,9,0,9,0,5,0,0,0,0,4,1,6,1,39,7,1794,1,9,-1,1,-1
201543R253065,3,9,0,8,0,1,0,0,0,0,3,1,6,1,59,9,-1,-1,-1,-1,1,-1
201543R254015,1,9,0,4,0,1,1,0,0,0,1,1,2,2,34,6,-1,-1,-1,-1,3,-1
201543R254015,2,9,0,3,0,1,0,0,0,0,2,1,3,2,44,7,-1,-1,-1,-1,3,-1
201543R254065,1,9,0,17,0,0,1,0,0,0,1,1,6,2,68,10,1199,1,12,-1,1,-1
201543R254065,2,19,0,2,0,0,0,0,0,0,3,1,1,1,61,9,1995,2,2,-1,1,-1
201543R254075,1,9,0,1,0,0,0,0,0,0,2,1,6,2,-1,-1,1560,2,3,-1,1,-1
201543R254075,2,9,0,3,0,0,0,0,0,0,1,1,6,1,42,7,1995,2,-1,-1,1,-1
201543R254105,1,9,0,18,9,0,0,10,1,4,1,1,6,1,30,6,1896,2,9,-1,1,-1
201543R254115,1,9,0,18,0,3,0,0,0,0,3,1,6,2,43,7,1998,1,12,-1,1,-1
201543R254115,2,9,0,3,0,8,0,0,0,0,2,1,6,1,25,5,998,1,11,-1,2,-1
201543R255075,1,9,0,18,0,1,2,0,0,0,1,1,6,3,-1,-1,-1,-1,-1,-1,-1,-1
201543R255085,1,5,0,18,0,0,0,0,0,0,1,1,1,1,54,8,1098,1,25,-1,1,-1
201543R255115,1,9,0,8,0,1,0,0,0,0,2,1,6,1,67,10,2268,2,2,-1,1,-1
201543R255115,2,9,0,8,0,1,0,0,0,0,1,1,6,2,46,8,998,1,2,-1,1,-1
201543R256015,1,9,0,18,0,8,0,0,0,0,1,1,6,3,-1,-1,-1,-1,-1,-1,-1,-1
201543R256015,2,9,0,18,0,1,0,0,0,0,2,1,2,2,46,8,1598,1,13,-1,1,-1
201543R256075,1,9,0,4,0,4,0,0,0,0,1,1,6,1,43,7,2597,1,12,-1,1,-1
201543R256075,2,9,0,4,0,4,0,0,0,0,2,1,6,2,47,8,2199,1,20,-1,1,-1
201543R256085,1,9,0,18,0,2,0,0,0,0,1,1,6,1,47,8,1991,2,10,-1,1,-1
201543R256085,2,9,0,18,0,2,0,0,0,0,1,1,6,1,48,8,2198,1,9,-1,1,-1
201543R256085,3,9,0,18,0,2,0,0,0,0,2,1,6,1,57,9,1398,2,10,-1,1,-1
201543R256085,4,9,0,3,0,2,0,0,0,0,2,1,6,1,31,6,3189,1,11,-1,1,-1
201543R257015,1,9,0,7,0,4,0,0,0,0,3,1,6,1,40,7,1598,1,14,-1,1,-1
201543R257015,2,9,0,18,0,4,0,0,0,0,1,1,6,1,78,11,1596,1,6,-1,-1,-1
201543R257015,3,9,0,18,0,4,0,0,0,0,1,1,6,1,40,7,-1,-1,-1,-1,1,-1
201543R257075,1,9,0,4,0,0,0,0,0,0,1,1,6,2,-1,-1,1149,1,8,-1,-1,-1
201543R257075,2,9,0,4,0,0,0,0,0,0,2,1,6,2,54,8,1685,2,1,-1,3,-1
201543R257085,1,9,0,11,0,0,0,0,0,0,1,1,1,1,40,7,1781,1,15,-1,1,-1
201543R257085,2,1,0,12,0,0,0,0,0,0,2,1,6,1,68,10,-1,-1,-1,-1,1,-1
201543R257095,1,9,0,18,0,0,0,0,0,0,1,1,6,1,24,5,1149,1,8,-1,1,-1
201543R257095,2,9,0,18,0,0,0,0,0,0,1,1,6,1,24,5,1598,1,13,-1,1,-1
201543R257095,3,9,0,18,0,0,0,0,0,0,2,1,6,1,35,6,1968,2,-1,-1,1,-1
201543R257105,1,8,0,5,0,4,0,0,0,0,0,1,1,1,46,8,-1,-1,-1,-1,1,-1
201543R257105,2,1,0,18,0,3,0,0,0,0,0,1,6,1,36,7,-1,-1,-1,-1,1,-1
201543R258075,1,9,0,18,0,1,0,0,0,0,1,1,1,1,45,7,-1,-1,-1,-1,1,-1
201543R258075,2,9,0,3,0,1,0,0,0,0,2,1,1,1,18,4,1598,2,-1,-1,1,-1
201543R258085,1,9,0,18,0,8,0,0,0,0,1,1,6,1,-1,-1,3400,6,16,-1,1,-1
201543R258085,2,9,0,18,0,8,0,0,0,0,4,1,6,1,52,8,1998,1,11,-1,1,-1
201543R258105,1,9,0,9,0,8,0,0,0,0,1,1,6,1,89,11,1299,1,17,-1,1,-1
201543R258105,2,3,0,18,0,4,0,0,0,0,4,1,6,1,17,4,90,1,37,-1,1,-1
201543R259015,1,9,0,11,0,0,0,0,0,0,1,1,1,1,37,7,-1,-1,-1,-1,2,-1
201543R259015,2,9,0,3,0,0,0,0,0,0,2,1,6,3,-1,-1,-1,-1,-1,-1,-1,-1
201543R259015,3,8,0,3,0,0,0,0,0,0,2,1,1,1,33,6,-1,-1,-1,-1,1,-1
201543R259015,4,9,0,3,0,0,0,0,0,0,2,1,1,1,47,8,1995,2,3,-1,3,-1
201543R259015,5,98,0,18,0,0,0,0,0,0,1,1,1,1,47,8,2198,2,1,-1,1,-1
201543R259085,1,9,0,11,0,0,0,0,1,7,1,1,6,2,26,6,998,1,10,-1,1,-1
201543R259085,2,21,0,18,0,0,0,0,0,0,2,1,1,1,37,7,5480,2,12,-1,2,-1
201543R259105,1,9,0,1,0,0,0,0,0,0,2,1,1,1,44,7,2967,2,1,-1,3,-1
201543R259105,2,9,0,2,0,0,0,0,0,0,2,1,6,1,41,7,1598,1,-1,-1,1,-1
201543R259115,1,9,0,18,0,0,0,0,0,0,1,1,6,1,37,7,1587,1,12,-1,1,-1
201543R260015,1,9,0,17,0,0,0,0,0,9,3,1,2,1,18,4,-1,-1,-1,-1,1,-1
201543R260015,2,19,4,16,0,0,0,0,1,9,3,1,2,1,59,9,2402,2,10,-1,1,-1
201543R260075,1,9,0,4,0,0,0,0,0,0,2,1,6,1,24,5,2494,1,18,-1,-1,-1
201543R260075,2,9,0,18,0,0,0,0,0,0,1,1,6,1,58,9,-1,-1,-1,-1,1,-1
201543R260095,1,9,0,18,0,0,0,0,0,0,4,1,2,1,74,10,1388,1,5,-1,1,-1
201543R260095,2,11,0,2,6,0,0,0,0,0,0,1,3,1,43,7,10518,2,4,-1,1,-1
201543R261065,1,9,0,9,0,5,0,0,0,0,1,1,6,1,79,11,2179,2,8,-1,3,-1
201543R261065,2,9,0,18,0,8,0,0,1,2,3,1,6,2,49,8,1796,1,14,-1,1,-1
201543R261075,1,9,0,1,0,1,0,0,0,0,2,1,6,1,18,4,-1,-1,-1,-1,1,-1
201543R261075,2,8,0,2,0,1,0,0,0,0,4,1,1,1,55,8,1896,2,7,-1,1,-1
201543R261095,1,19,0,7,0,1,0,0,0,0,4,1,6,1,23,5,2148,2,8,-1,1,-1
201543R261095,2,1,0,18,9,1,0,0,0,0,4,1,6,1,41,7,-1,-1,-1,-1,1,-1
201543R261105,1,9,0,18,0,0,0,0,0,0,1,1,6,1,27,6,2902,2,12,-1,3,-1
201543R261105,2,9,0,4,0,0,0,0,0,0,2,1,6,1,35,6,2143,2,-1,-1,-1,-1
201543R261105,3,9,0,4,0,0,0,0,0,0,2,1,6,1,43,7,1598,1,10,-1,1,-1
201543R262095,1,9,0,9,0,8,0,0,0,0,4,1,6,1,23,5,998,1,15,-1,1,-1
201543R262095,2,3,0,17,0,1,0,0,0,0,1,1,6,1,21,5,124,1,2,-1,1,-1
201543R264015,1,9,0,9,0,8,0,0,0,0,4,1,6,1,38,7,1798,1,4,-1,1,-1
201543R264015,2,3,0,18,0,8,0,0,0,0,1,1,6,1,17,4,124,1,-1,-1,1,-1
201543R264065,1,9,0,4,0,1,0,0,0,0,1,1,1,1,20,4,1149,1,12,-1,1,-1
201543R264075,1,9,0,9,0,8,0,0,0,10,1,1,6,1,-1,-1,2776,2,8,-1,1,-1
201543R264075,2,9,0,18,0,8,0,0,0,0,1,1,6,1,44,7,2148,2,14,-1,1,-1
201543R264095,1,9,0,18,0,2,0,0,0,0,1,1,2,2,30,6,1389,1,11,-1,1,-1
201543R265075,1,9,0,18,0,8,0,0,0,0,1,1,1,1,49,8,2400,2,-1,-1,-1,-1
201543R265075,2,9,0,18,0,8,0,0,0,0,2,1,6,1,17,4,4511,1,11,-1,-1,-1
201543R265075,3,9,0,4,0,1,0,0,0,0,4,1,6,1,32,6,1995,2,3,-1,1,-1
201543R265105,1,9,0,17,6,8,0,0,0,0,1,1,2,1,50,8,1968,2,8,-1,1,-1
201543R265105,2,11,0,2,6,8,0,0,0,0,2,1,1,1,40,7,-1,2,15,-1,1,-1
201543R266015,1,8,0,4,0,0,0,0,0,0,2,1,1,1,70,10,1997,2,5,-1,2,-1
201543R266015,2,19,0,18,0,0,0,0,0,0,1,1,2,1,25,5,1998,2,9,-1,-1,-1
201543R266015,3,9,0,4,0,0,1,0,0,0,2,1,2,2,34,6,-1,-1,-1,-1,-1,-1
201543R266075,1,9,0,18,0,0,0,0,0,0,1,1,1,2,44,7,1791,8,4,-1,2,-1
201543R266075,2,9,0,18,0,0,0,0,0,0,1,1,1,2,43,7,1108,1,12,-1,1,-1
201543R266075,3,9,0,18,0,0,0,0,0,0,1,1,1,2,25,5,1995,2,11,-1,-1,-1
201543R267075,1,5,0,7,0,8,0,0,0,0,2,1,6,1,37,7,649,1,-1,-1,1,-1
201543R268075,1,9,0,7,0,4,0,0,0,0,0,1,6,3,-1,-1,-1,-1,-1,-1,-1,-1
201543R268075,2,1,0,4,0,4,0,0,0,0,0,1,4,1,12,3,-1,-1,-1,-1,3,-1
201543R268095,1,5,0,18,0,8,0,0,0,0,1,1,6,1,36,7,1050,1,9,-1,3,-1
201543R268095,2,9,0,18,0,8,0,0,0,0,4,1,2,1,43,7,1560,2,3,-1,1,-1
201543R268105,1,9,0,17,0,0,2,0,2,7,4,1,6,1,27,6,1388,1,11,-1,1,-1
201543R268115,1,19,0,1,0,2,0,0,0,0,2,1,1,1,-1,-1,1968,2,-1,-1,-1,-1
201543R269075,1,5,0,11,0,8,0,0,0,0,4,1,1,1,41,7,1237,1,2,-1,1,-1
201543R269075,2,9,0,18,0,8,0,0,0,0,3,1,6,1,75,10,1753,2,10,-1,1,-1
201543R269095,1,9,0,11,0,2,0,0,1,7,1,1,6,2,45,7,1360,1,12,-1,1,-1
201543R269095,2,21,2,12,0,2,0,0,0,0,2,2,1,1,47,8,-1,-1,-1,-1,-1,-1
201543R270075,1,9,0,17,0,0,1,0,1,4,4,1,6,1,45,7,1197,1,-1,-1,1,-1
201543R270095,1,9,0,18,0,8,0,0,1,11,1,1,6,1,29,6,1587,1,17,-1,1,-1
201543R270105,1,9,0,18,0,8,0,0,0,0,1,1,6,1,44,7,1598,1,2,-1,1,-1
201543R270105,2,1,0,18,0,8,0,0,0,0,3,1,6,1,15,3,-1,-1,-1,-1,1,-1
201543R271095,1,1,0,18,0,0,0,0,0,0,0,1,6,1,78,11,-1,-1,-1,-1,1,-1
201543R271115,1,9,0,7,0,5,0,0,0,0,4,1,6,2,31,6,1229,1,2,-1,1,-1
201543R271115,2,4,0,18,2,8,0,0,0,0,1,1,6,1,52,8,499,1,31,-1,1,-1
201543R272075,1,9,0,18,0,8,0,0,0,0,0,1,6,1,28,6,1968,2,3,-1,-1,-1
201543R272075,2,3,0,18,0,8,1,0,3,11,1,1,6,1,22,5,124,1,6,-1,3,-1
201543R273075,1,9,0,18,0,2,0,0,0,0,1,1,6,2,-1,-1,2597,1,14,-1,-1,-1
201543R273075,2,9,0,18,0,2,0,0,0,0,2,1,6,2,53,8,1498,1,9,-1,1,-1
201543R273105,1,9,0,18,0,1,0,0,0,0,1,1,6,2,44,7,1149,1,3,-1,1,-1
201543R273105,2,9,0,9,0,1,0,0,0,0,1,1,6,2,33,6,1896,2,12,-1,1,-1
201543R273115,1,19,0,18,0,0,0,0,0,0,2,1,6,1,45,7,1560,2,-1,-1,1,-1
201543R273115,2,9,0,18,0,0,0,0,0,0,1,1,6,1,33,6,1299,1,16,-1,1,-1
201543R273115,3,9,0,18,0,0,0,0,0,0,2,1,6,1,19,4,1998,1,3,-1,1,-1
201543R273115,4,8,0,18,0,0,0,0,0,0,1,1,1,1,43,7,1910,2,9,-1,1,-1
201543R274115,1,9,0,1,0,2,0,0,0,0,2,1,2,1,31,6,1970,1,11,-1,1,-1
201543R275115,1,9,0,1,0,0,0,0,0,0,2,1,6,1,46,8,2198,1,13,-1,1,-1
201543R276095,1,9,0,14,0,0,0,0,0,0,1,1,6,2,43,7,1396,1,14,-1,1,-1
201543R276105,1,9,0,7,0,2,0,0,4,1,1,1,6,2,52,8,2143,2,2,-1,1,-1
201543R276115,1,9,0,9,0,8,0,0,0,0,3,1,6,1,44,7,1339,1,13,-1,1,-1
201543R276115,2,9,0,18,0,8,0,0,0,0,1,1,1,2,57,9,1240,1,8,-1,1,-1
201543R277105,1,9,0,18,0,0,0,0,0,0,1,1,1,1,-1,-1,-1,-1,-1,-1,-1,-1
201543R278105,1,9,0,18,0,0,0,0,0,0,2,1,6,2,33,6,1598,1,6,-1,1,-1
201543R278105,2,9,0,3,0,0,0,0,0,0,1,1,6,2,46,8,1560,2,1,-1,-1,-1
201543R279105,1,9,0,9,0,8,0,4,1,0,4,1,2,1,49,8,1329,1,6,-1,1,-1
201543R279105,2,8,0,18,0,8,2,0,0,0,1,1,1,1,47,8,1995,2,4,-1,1,-1
201543R279105,3,9,0,2,6,8,0,0,0,0,2,1,6,3,-1,-1,-1,-1,-1,-1,-1,-1
201543R280105,1,9,0,1,0,0,0,0,0,0,2,1,6,1,-1,-1,-1,-1,-1,-1,-1,-1
201543R281105,1,21,1,11,0,0,0,0,0,0,1,1,1,1,34,6,12777,2,6,-1,1,-1
201543R281105,2,9,0,18,0,0,0,0,0,0,3,1,2,2,22,5,1124,1,15,-1,1,-1
201543R284115,1,9,0,18,0,0,0,0,0,0,1,1,6,2,-1,-1,1686,2,11,-1,-1,-1
201543R287115,1,9,0,18,0,0,0,0,0,0,1,1,6,3,-1,-1,2143,2,3,-1,-1,-1
201543R287115,2,9,0,3,0,0,0,0,0,0,2,1,6,3,-1,-1,2497,2,10,-1,-1,-1
201543R289115,1,19,0,18,0,0,0,0,0,0,1,1,6,1,-1,-1,-1,-1,-1,-1,1,-1
201543R289115,2,9,0,18,0,0,0,0,0,0,2,1,6,2,70,10,2199,2,5,-1,1,-1
201543S001025,1,9,0,9,0,6,0,0,0,0,1,1,6,1,45,7,1560,2,2,-1,1,-1
201543S001025,2,9,0,18,0,8,0,0,0,0,3,1,6,2,44,7,-1,-1,-1,-1,1,-1
201543S001025,3,9,0,18,0,1,0,0,0,0,1,1,6,1,44,7,1560,2,11,-1,1,-1
201543S002015,1,9,0,5,0,4,0,0,0,0,1,1,2,2,49,8,1796,2,1,-1,3,-1
201543S002015,2,9,0,5,0,4,0,0,0,0,2,1,2,2,43,7,-1,-1,-1,-1,1,-1
201543S002035,1,9,0,18,0,4,0,0,0,0,1,1,6,1,-1,-1,1328,1,8,-1,2,-1
201543S002035,2,1,0,18,0,8,0,0,0,0,4,1,6,1,18,4,-1,-1,-1,-1,1,-1
201543S002105,1,9,0,14,0,0,0,0,0,0,4,1,2,1,27,6,1590,1,10,-1,1,-1
201543S002115,1,9,0,18,0,0,0,0,0,0,1,1,6,1,40,7,1461,2,14,-1,1,-1
201543S002115,2,9,0,4,0,0,0,0,0,0,2,1,6,1,47,8,1390,1,6,-1,1,-1
201543S002115,3,9,0,4,0,0,0,0,0,0,2,1,6,1,21,5,1995,2,-1,-1,3,-1
201543S003075,1,9,0,1,0,6,0,0,0,0,2,1,2,2,45,7,1956,2,6,-1,1,-1
201543S003075,2,5,0,14,0,1,1,0,0,0,1,1,2,1,43,7,636,1,12,-1,1,-1
201543S003095,1,9,0,18,0,0,5,0,1,2,1,1,6,1,59,9,1798,1,6,-1,3,-1
201543S003105,1,9,0,7,0,6,0,0,0,0,1,1,1,1,30,6,1797,8,1,-1,1,-1
201543S003115,1,9,0,18,0,0,0,0,1,7,4,1,1,2,42,7,1560,2,6,-1,2,-1
201543S003125,1,19,0,18,0,1,0,12,3,5,1,1,1,1,33,6,2143,2,5,-1,1,-1
201543S004045,1,9,0,9,0,8,0,0,0,0,0,1,6,3,-1,-1,-1,-1,-1,-1,-1,-1
201543S004045,2,5,0,18,0,8,0,0,0,0,0,1,6,1,26,6,600,1,15,-1,1,-1
201543S004125,1,9,0,5,0,6,0,0,0,0,4,1,6,1,27,6,1870,2,13,-1,1,-1
201543S004125,2,9,0,18,0,1,0,0,0,0,1,1,6,2,75,10,-1,-1,-1,-1,1,-1
201543S005125,1,9,0,9,0,6,0,0,0,0,3,1,6,2,25,5,-1,-1,-1,-1,-1,-1
201543S005125,2,5,0,18,0,1,0,0,0,0,1,1,6,1,24,5,599,1,6,-1,1,-1