Accident_Index,Vehicle_Reference,Vehicle_Type,Towing_and_Articulation,Vehicle_Manoeuvre,Vehicle_Location-Restricted_Lane,Junction_Location,Skidding_and_Overturning,Hit_Object_in_Carriageway,Vehicle_Leaving_Carriageway,Hit_Object_off_Carriageway,1st_Point_of_Impact,Was_Vehicle_Left_Hand_Drive?,Journey_Purpose_of_Driver,Sex_of_Driver,Age_of_Driver,Age_Band_of_Driver,Engine_Capacity_(CC),Propulsion_Code,Age_of_Vehicle,Driver_IMD_Decile,Driver_Home_Area_Type,Vehicle_IMD_Decile
201543S108065,1,19,0,9,0,2,0,0,0,0,2,1,1,1,27,6,2464,2,8,-1,1,-1
201543S108065,2,8,0,18,0,1,0,0,0,0,1,1,1,1,40,7,1797,8,6,-1,1,-1
201543S108095,1,9,0,17,0,0,1,0,1,11,1,1,6,1,34,6,1995,2,1,-1,-1,-1
201543S108105,1,9,0,18,0,0,0,0,0,0,1,1,2,2,50,8,1596,1,7,-1,1,-1
201543S108105,2,9,0,12,0,0,0,0,0,0,2,1,2,2,25,5,1598,1,10,-1,1,-1
201543S108115,1,9,0,18,0,0,0,0,0,0,1,1,6,2,42,7,1328,1,12,-1,1,-1
201543S108115,2,9,0,4,0,0,0,0,0,0,2,1,6,1,46,8,1799,1,7,-1,1,-1
201543S109045,1,9,0,18,0,1,0,0,0,0,1,1,6,2,-1,-1,1560,2,6,-1,1,-1
201543S109045,2,9,0,8,0,1,0,0,0,0,2,1,6,2,40,7,-1,-1,-1,-1,1,-1
201543S109065,1,9,0,17,0,0,0,0,0,0,1,1,6,1,45,7,-1,-1,-1,-1,1,-1
201543S109065,2,9,0,16,0,0,0,0,0,0,1,1,6,1,63,9,2987,2,6,-1,-1,-1
201543S110065,1,21,1,18,0,0,0,0,0,0,1,2,1,1,38,7,-1,-1,-1,-1,-1,-1
201543S110065,2,9,0,18,0,0,0,0,0,0,2,1,2,2,44,7,1598,1,-1,-1,2,-1
201543S110065,3,9,0,18,0,0,0,0,0,0,2,1,2,1,45,7,1398,1,-1,-1,1,-1
201543S110065,4,9,0,18,0,0,0,0,0,0,2,1,2,1,44,7,1364,1,7,-1,1,-1
201543S110065,5,9,0,18,0,0,0,0,0,0,2,1,2,1,59,9,1984,2,4,-1,3,-1
201543S110065,6,9,0,18,0,0,0,0,0,0,2,1,3,2,-1,-1,2184,2,12,-1,2,-1
201543S110065,7,9,0,18,0,0,0,0,0,0,2,1,3,2,50,8,1388,1,7,-1,1,-1
201543S110065,8,21,0,18,0,0,0,0,0,0,2,2,1,1,-1,-1,-1,-1,-1,-1,-1,-1
201543S110095,1,3,0,12,0,1,0,0,0,0,1,1,6,1,23,5,124,1,8,-1,1,-1
201543S110095,2,3,0,4,0,1,0,0,0,0,4,1,6,1,34,6,124,1,8,-1,1,-1
201543S110105,1,9,0,18,0,0,2,0,1,7,1,1,6,2,19,4,1388,1,10,-1,2,-1
201543S111095,1,9,0,9,0,8,0,0,0,0,1,1,6,3,-1,-1,-1,-1,-1,-1,-1,-1
201543S111095,2,9,0,18,0,8,0,0,0,0,3,1,1,2,35,6,1198,1,13,-1,1,-1
201543S111105,1,9,0,18,0,8,0,0,0,0,3,1,2,2,22,5,1198,1,2,-1,1,-1
201543S111105,2,9,0,18,0,1,0,0,0,0,1,1,2,1,24,5,1422,2,-1,-1,1,-1
201543S111115,1,19,0,9,0,3,0,0,0,0,1,1,6,1,61,9,1560,2,5,-1,-1,-1
201543S112015,1,9,0,18,0,8,0,0,0,0,1,1,6,1,18,4,-1,-1,-1,-1,1,-1
201543S112015,2,9,0,9,0,8,0,0,0,0,1,1,6,1,37,7,2199,2,5,-1,1,-1
201543S112035,1,9,0,9,0,8,0,0,0,0,4,1,6,1,20,4,-1,-1,-1,-1,1,-1
201543S112035,2,9,0,18,0,8,0,0,0,0,1,1,6,1,48,8,1360,1,10,-1,1,-1
201543S112035,3,9,0,18,0,1,0,0,0,0,1,1,6,1,22,5,1368,1,6,-1,1,-1
201543S112065,1,9,0,9,0,6,0,0,0,0,3,1,6,1,51,8,1794,1,12,-1,1,-1
201543S112065,2,4,0,18,0,1,0,0,0,0,1,1,6,1,18,4,125,1,3,-1,1,-1
201543S112075,1,9,0,18,0,7,5,0,4,6,1,1,1,2,31,6,1242,1,7,-1,2,-1
201543S112075,2,9,0,18,0,8,0,0,0,0,3,1,1,2,53,8,1248,2,4,-1,3,-1
201543S112105,1,1,0,9,0,8,0,0,0,0,1,1,6,1,30,6,-1,-1,-1,-1,1,-1
201543S112105,2,9,0,18,0,8,0,0,0,0,3,1,6,2,41,7,1398,2,6,-1,1,-1
201543S113075,1,9,0,18,0,0,0,0,0,0,4,1,6,2,40,7,1910,2,10,-1,1,-1
201543S113095,1,9,0,7,0,6,0,0,0,0,2,1,6,2,28,6,1242,1,9,-1,1,-1
201543S113095,2,19,0,18,0,1,0,0,0,0,1,1,6,1,67,10,1870,2,15,-1,1,-1
201543S113105,1,9,0,17,0,0,0,0,0,0,1,1,2,1,40,7,1995,2,3,-1,1,-1
201543S113105,2,19,0,18,0,0,0,0,0,0,1,1,1,1,25,5,1753,2,5,-1,1,-1
201543S113125,1,9,0,7,0,3,0,0,1,0,3,1,6,1,25,5,1590,1,10,-1,1,-1
201543S113125,2,19,0,9,0,8,0,0,1,1,4,1,1,1,45,7,1248,2,1,-1,1,-1
201543S113125,3,9,0,8,0,1,0,0,0,0,3,1,6,2,23,5,1389,1,14,-1,1,-1
201543S114055,1,21,1,18,0,0,3,0,0,0,1,1,1,1,33,6,10837,2,1,-1,1,-1
201543S114055,2,21,1,2,0,0,0,0,0,0,2,1,1,1,55,8,12777,2,1,-1,1,-1
201543S114105,1,9,0,18,0,0,0,0,0,0,1,1,1,2,33,6,1398,2,2,-1,1,-1
201543S114105,2,9,0,4,0,0,0,0,0,0,2,1,3,1,48,8,4367,2,2,-1,1,-1
201543S115015,1,8,0,11,0,0,0,0,0,0,4,1,1,1,59,9,2199,2,5,-1,1,-1
201543S115015,2,9,0,18,0,0,0,0,0,0,3,1,6,1,26,6,1360,1,11,-1,1,-1
201543S115055,1,9,0,9,0,8,0,0,0,0,3,1,6,2,78,11,-1,-1,-1,-1,1,-1
201543S115055,2,9,0,18,0,8,0,0,0,0,4,1,6,1,28,6,2494,1,14,-1,1,-1
201543S115065,1,3,0,13,0,0,0,0,1,9,1,1,2,1,21,5,124,1,7,-1,1,-1
201543S115105,1,9,0,18,0,3,2,0,6,0,0,1,2,2,50,8,1124,1,12,-1,1,-1
201543S115125,1,9,0,9,0,8,0,0,0,0,3,1,2,1,35,6,1595,1,10,-1,1,-1
201543S115125,2,9,0,18,0,8,0,0,4,10,4,1,2,2,39,7,1461,2,8,-1,3,-1
201543S116055,1,9,0,9,0,8,0,0,0,0,4,1,6,2,60,9,1591,1,3,-1,1,-1
201543S116055,2,9,0,18,0,1,0,0,0,0,1,1,6,2,50,8,1969,2,1,-1,1,-1
201543S116095,1,9,0,18,0,0,0,0,0,0,1,1,1,2,26,6,1598,1,-1,-1,3,-1
201543S116125,1,19,0,9,0,5,0,0,0,0,4,1,6,1,22,5,1598,2,-1,-1,1,-1
201543S116125,2,9,0,18,0,1,0,0,0,0,1,1,6,2,80,11,999,1,9,-1,1,-1
201543S117055,1,9,0,5,0,1,0,0,0,0,1,1,1,1,27,6,2495,2,20,-1,2,-1
201543S117055,2,9,0,4,0,1,0,0,0,0,2,1,1,2,43,7,1560,2,4,-1,2,-1
201543S117115,1,9,0,18,0,4,0,9,3,4,1,1,6,1,31,6,1198,1,-1,-1,1,-1
201543S117125,1,9,0,6,0,0,0,0,0,0,3,1,6,1,27,6,1995,2,8,-1,2,-1
201543S117125,2,9,0,18,0,0,0,0,0,0,1,1,6,1,49,8,1968,2,1,-1,1,-1
201543S118035,1,9,0,9,0,6,0,0,0,0,3,1,6,2,38,7,1598,1,9,-1,1,-1
201543S118035,2,9,0,18,0,1,0,0,0,0,1,1,6,2,27,6,1598,1,13,-1,1,-1
201543S118045,1,9,0,7,0,8,0,0,0,0,1,1,6,2,40,7,-1,-1,-1,-1,-1,-1
201543S118045,2,1,0,18,0,8,0,0,0,0,3,1,4,1,12,3,-1,-1,-1,-1,1,-1
201543S119015,1,9,0,9,0,5,0,0,0,0,1,1,6,1,77,11,1299,1,14,-1,1,-1
201543S119035,1,9,0,18,0,1,0,0,0,0,1,1,6,1,23,5,1896,2,10,-1,1,-1
201543S119035,2,9,0,7,0,8,0,0,0,0,2,1,6,2,45,7,1364,1,6,-1,1,-1
201543S119055,1,9,0,13,0,8,0,0,0,0,4,1,6,1,29,6,1598,1,11,-1,1,-1
201543S119055,2,9,0,9,0,8,0,0,7,4,3,1,6,2,28,6,1197,1,1,-1,1,-1
201543S119075,1,9,0,18,0,0,1,0,5,6,1,1,6,2,32,6,1364,1,10,-1,1,-1
201543S119075,2,9,0,18,0,0,0,0,0,0,3,1,6,1,54,8,2148,2,6,-1,1,-1
201543S119085,1,9,0,7,0,2,0,0,0,0,4,1,6,1,19,4,1794,1,12,-1,1,-1
201543S119095,1,9,0,5,0,4,0,0,0,0,3,1,6,2,65,9,1753,2,13,-1,-1,-1
201543S119095,2,3,0,18,0,8,0,0,0,0,1,1,6,1,26,6,125,1,1,-1,1,-1
201543S119105,1,9,0,5,0,1,0,0,0,0,1,1,6,1,73,10,1598,1,3,-1,3,-1
201543S119105,2,9,0,3,0,2,0,0,0,0,2,1,6,2,35,6,1390,1,4,-1,2,-1
201543S119115,1,9,0,9,0,4,0,0,0,0,1,1,6,1,45,7,1798,1,9,-1,-1,-1
201543S119115,2,9,0,18,0,8,0,0,0,0,4,1,1,1,55,8,1797,8,4,-1,1,-1
201543S120025,1,9,0,4,0,0,1,0,0,0,1,1,6,1,44,7,2776,2,9,-1,1,-1
201543S120025,2,98,1,4,0,0,0,0,0,0,2,1,1,1,35,6,12740,2,1,-1,2,-1
201543S120035,1,9,0,11,0,0,0,0,0,0,1,1,1,2,37,7,1360,1,7,-1,1,-1
201543S120035,2,9,0,4,0,0,0,0,0,0,2,1,6,2,39,7,-1,-1,-1,-1,1,-1
201543S120055,1,9,0,18,0,1,0,0,0,0,1,1,6,3,-1,-1,-1,-1,-1,-1,-1,-1
201543S120055,2,9,0,3,0,1,0,0,0,0,2,1,6,2,22,5,1299,1,9,-1,3,-1
201543S120065,1,11,0,2,0,0,0,0,0,0,1,1,1,1,55,8,-1,-1,-1,-1,-1,-1
201543S120075,1,9,0,18,0,0,2,10,1,1,1,1,2,1,21,5,1299,1,12,-1,2,-1
201543S120085,1,9,0,18,0,4,1,9,1,7,1,1,6,1,19,4,1598,1,12,-1,1,-1
201543S120095,1,9,0,9,0,8,0,0,0,0,3,1,6,1,55,8,1598,2,2,-1,-1,-1
201543S120095,2,9,0,18,0,1,0,0,4,6,1,1,6,1,46,8,1800,1,15,-1,1,-1
201543S121015,1,9,0,18,0,8,0,0,0,0,1,1,6,2,50,8,3199,1,14,-1,1,-1
201543S121015,2,9,0,3,0,8,0,0,0,0,2,1,6,1,64,9,-1,-1,-1,-1,1,-1
201543S121015,3,9,0,3,0,8,0,0,0,0,2,1,6,1,28,6,1364,2,9,-1,1,-1
201543S121015,4,9,0,3,0,8,0,0,0,0,2,1,6,1,45,7,1870,2,10,-1,1,-1
201543S121035,1,9,0,9,0,6,0,0,0,0,3,1,6,2,44,7,-1,-1,-1,-1,1,-1
201543S121035,2,9,0,18,0,1,0,0,0,0,1,1,1,2,41,7,-1,-1,-1,-1,1,-1
201543S121055,1,9,0,1,0,2,0,0,0,0,2,1,6,1,56,9,1589,1,16,-1,1,-1
201543S121075,1,9,0,4,0,1,0,0,0,0,1,1,1,1,-1,-1,1248,2,3,-1,1,-1
201543S121075,2,9,0,8,0,1,0,0,0,0,2,1,6,1,50,8,1951,2,9,-1,1,-1
201543S121085,1,9,0,9,0,6,0,0,0,0,1,1,6,1,39,7,-1,-1,-1,-1,-1,-1
201543S121085,2,9,0,18,0,1,1,0,1,0,4,1,6,2,29,6,1389,1,14,-1,1,-1
201543S122015,1,9,0,18,0,1,1,0,0,0,1,1,6,2,28,6,1598,1,2,-1,2,-1
201543S122015,2,9,0,3,0,1,0,0,0,0,2,1,6,2,50,8,1299,1,8,-1,1,-1
201543S122015,3,9,0,3,0,1,0,0,0,0,2,1,6,1,50,8,1796,1,10,-1,1,-1
201543S122075,1,9,0,18,0,8,0,0,0,0,1,1,6,1,40,7,1590,1,10,-1,1,-1
201543S122075,2,90,0,18,0,8,0,0,0,0,3,1,6,1,34,6,-1,-1,-1,-1,-1,-1
201543S122095,1,9,0,16,0,1,0,0,0,0,1,1,6,2,43,7,1497,1,12,-1,1,-1
201543S122095,2,9,0,17,0,1,0,0,0,0,1,1,6,1,44,7,1753,2,6,-1,3,-1
201543S122095,3,9,0,17,0,1,0,0,0,0,3,1,6,1,36,7,1896,2,10,-1,1,-1
201543S122115,1,21,1,18,0,0,0,0,0,0,1,1,1,1,25,5,11967,2,4,-1,-1,-1
201543S122115,2,19,0,18,0,0,0,0,0,0,2,1,1,1,42,7,2198,2,2,-1,1,-1
201543S122125,1,1,0,18,0,0,0,0,0,0,0,1,6,1,32,6,-1,-1,-1,-1,1,-1
201543S123015,1,9,0,18,0,6,0,0,7,0,1,1,6,2,22,5,1956,2,1,-1,-1,-1
201543S123015,2,9,0,18,0,8,0,0,7,11,4,1,6,2,38,7,-1,-1,-1,-1,2,-1
201543S123025,1,9,0,18,0,4,0,0,0,0,3,1,2,1,22,5,1598,1,12,-1,2,-1
201543S123025,2,1,0,18,0,8,0,0,0,0,4,1,2,1,46,8,-1,-1,-1,-1,1,-1
201543S123035,1,1,0,18,0,0,0,0,0,0,0,1,6,2,26,6,-1,-1,-1,-1,1,-1
201543S123035,2,5,0,18,0,0,1,0,0,0,0,1,6,1,59,9,599,1,17,-1,1,-1
201543S123045,1,9,0,18,0,1,0,0,0,0,1,1,6,3,-1,-1,-1,-1,-1,-1,-1,-1
201543S123045,2,1,0,18,0,6,0,0,0,0,4,1,2,1,37,7,-1,-1,-1,-1,1,-1
201543S123075,1,9,0,18,0,4,1,0,0,0,1,1,6,1,28,6,1796,1,11,-1,1,-1
201543S123075,2,9,0,18,0,8,1,0,0,0,2,1,6,2,39,7,1229,1,7,-1,2,-1
201543S123095,1,9,0,18,0,0,0,0,0,0,1,1,6,1,55,8,1197,1,2,-1,1,-1
201543S123095,2,9,0,2,6,0,0,0,1,9,2,1,6,1,35,6,-1,-1,-1,-1,3,-1
201543S123115,1,9,0,9,0,4,0,0,0,0,3,1,2,1,20,4,1198,1,8,-1,1,-1
201543S123115,2,4,0,18,0,8,0,0,0,0,1,1,6,1,29,6,499,1,13,-1,1,-1
201543S124025,1,9,0,18,0,5,1,0,0,0,1,1,2,1,19,4,-1,-1,-1,-1,1,-1
201543S124025,2,9,0,3,0,5,0,0,0,0,3,1,6,1,29,6,1986,2,9,-1,3,-1
201543S124025,3,9,0,3,0,5,0,0,0,0,3,1,2,1,30,6,998,1,1,-1,1,-1
201543S124045,1,9,0,7,0,6,0,0,0,0,2,1,6,2,46,8,1998,2,3,-1,1,-1
201543S124045,2,9,0,18,0,1,1,0,0,0,1,1,6,2,20,4,1199,1,14,-1,1,-1
201543S124055,1,9,0,18,0,0,0,0,5,6,3,1,2,2,18,4,998,1,5,-1,1,-1
201543S124095,1,19,4,18,0,0,0,0,0,0,1,1,1,1,43,7,2198,2,-1,-1,1,-1
201543S124095,2,9,0,4,0,0,0,0,0,0,2,1,1,2,45,7,1587,1,9,-1,2,-1
201543S124095,3,9,0,4,0,0,0,0,0,0,2,1,1,1,22,5,1798,1,5,-1,1,-1
201543S124115,1,9,0,18,0,8,0,0,0,0,1,1,2,1,27,6,1396,1,12,-1,1,-1
201543S124115,2,9,0,18,0,8,0,0,0,0,3,1,2,2,24,5,1968,2,7,-1,3,-1
201543S125045,1,5,0,18,0,3,1,0,0,0,4,1,1,1,38,7,599,1,4,-1,1,-1
201543S125055,1,9,0,18,0,4,0,0,0,0,1,1,6,2,48,8,1598,1,16,-1,1,-1
201543S125055,2,9,0,18,0,8,0,0,0,0,4,1,6,2,39,7,1587,1,10,-1,1,-1
201543S125075,1,9,0,4,0,1,0,0,0,0,1,1,1,2,57,9,1198,1,-1,-1,1,-1
201543S125075,2,1,0,18,0,1,0,0,0,0,1,1,1,1,51,8,-1,-1,-1,-1,1,-1
201543S125105,1,9,0,7,0,5,0,0,0,0,3,1,6,1,75,10,1390,1,12,-1,1,-1
201543S125105,2,9,0,8,0,1,0,0,1,0,3,1,2,2,34,6,1998,1,6,-1,1,-1
201543S125115,1,1,0,18,0,0,0,0,0,0,1,1,6,1,45,7,-1,-1,-1,-1,1,-1
201543S126025,1,9,0,9,0,8,0,0,0,0,1,1,6,2,41,7,1896,2,12,-1,1,-1
201543S126025,2,8,0,18,0,8,0,0,0,0,4,1,1,1,38,7,1497,8,7,-1,1,-1
201543S126035,1,9,0,18,0,0,0,0,1,4,1,1,1,1,40,7,1124,1,13,-1,1,-1
201543S126045,1,9,0,18,0,1,0,0,0,0,1,1,1,1,75,10,1968,2,4,-1,1,-1
201543S126045,2,4,0,3,0,1,0,0,0,0,2,1,6,1,54,8,124,1,9,-1,1,-1
201543S126055,1,9,0,17,0,0,0,0,0,0,1,1,6,1,58,9,2143,2,-1,-1,-1,-1
201543S126055,2,9,0,16,0,0,0,0,0,0,1,1,6,2,50,8,1364,2,3,-1,3,-1
201543S126075,1,21,1,18,0,8,5,0,0,0,4,1,1,1,37,7,12740,2,5,-1,1,-1
201543S126105,1,21,1,18,0,0,0,0,0,0,1,1,1,1,43,7,12740,2,-1,-1,1,-1
201543S126115,1,9,0,7,0,2,0,0,0,0,1,1,6,2,60,9,1598,1,1,-1,1,-1
201543S126115,2,9,0,18,0,8,5,0,7,0,1,1,6,1,61,9,1198,1,1,-1,1,-1
201543S127045,1,1,0,18,0,8,0,0,0,0,1,1,6,1,65,9,-1,-1,-1,-1,2,-1
201543S127045,2,9,0,9,0,8,0,0,0,0,3,1,6,2,19,4,1422,2,12,-1,1,-1
201543S127075,1,9,0,9,0,8,0,0,0,0,3,1,6,2,44,7,1582,2,1,-1,3,-1
201543S127075,2,9,0,9,0,8,0,0,0,0,3,1,6,2,20,4,996,1,2,-1,3,-1
201543S127085,1,9,0,12,0,0,0,0,0,0,0,1,6,3,-1,-1,-1,-1,-1,-1,-1,-1
201543S127085,2,9,0,18,0,0,1,0,5,4,1,1,6,1,46,8,2290,1,12,-1,1,-1
201543S127095,1,9,0,4,0,2,0,0,0,0,1,1,2,2,27,6,2000,2,11,-1,3,-1
201543S127095,2,9,0,3,0,2,0,0,0,0,2,1,2,1,45,7,1590,1,12,-1,1,-1
201543S127095,3,9,0,3,0,2,0,0,0,0,2,1,2,1,31,6,1598,1,8,-1,1,-1
201543S127115,1,9,0,5,0,6,0,0,0,0,4,1,6,1,20,4,-1,-1,-1,-1,-1,-1
201543S128015,1,9,0,1,0,1,0,0,0,0,2,1,6,1,54,8,-1,-1,-1,-1,1,-1
201543S128015,2,3,0,3,0,1,0,0,0,0,1,1,6,1,18,4,124,1,1,-1,1,-1
201543S128025,1,9,0,18,0,8,0,0,0,0,4,1,6,1,38,7,-1,-1,-1,-1,1,-1
201543S128025,2,9,0,18,0,8,1,4,0,0,1,1,6,1,31,6,2967,2,10,-1,1,-1
201543S128035,1,9,0,13,0,0,1,0,1,0,2,1,6,1,-1,-1,-1,-1,-1,-1,-1,-1
201543S128035,2,9,0,18,0,0,1,0,1,0,3,1,2,2,49,8,1868,2,14,-1,1,-1
201543S128045,1,9,0,18,0,1,0,0,0,0,1,1,1,1,45,7,2198,2,1,-1,2,-1
201543S128045,2,9,0,3,0,1,0,0,0,0,2,1,6,1,74,10,1591,1,2,-1,1,-1
201543S128065,1,9,0,4,9,5,0,0,0,0,3,1,6,2,31,6,1360,1,9,-1,1,-1
201543S128065,2,1,0,18,9,1,0,0,0,0,1,1,6,1,16,4,-1,-1,-1,-1,1,-1
201543S128075,1,3,0,7,0,6,0,0,0,0,3,1,1,2,23,5,-1,-1,-1,-1,3,-1
201543S128075,2,9,0,18,0,1,0,0,0,0,1,1,6,1,20,4,-1,-1,-1,-1,1,-1
201543S128085,1,9,0,18,0,8,0,10,3,11,1,1,2,1,54,8,1598,1,13,-1,1,-1
201543S128105,1,9,0,18,0,0,0,0,0,0,1,1,6,1,33,6,1968,2,7,-1,3,-1
201543S128105,2,9,0,4,0,0,0,0,0,0,2,1,6,2,43,7,1896,2,8,-1,1,-1
201543S128105,3,9,0,4,0,0,0,0,0,0,2,1,6,2,44,7,1796,1,7,-1,1,-1
201543S129025,1,1,0,18,0,0,0,0,0,0,1,1,1,1,23,5,-1,-1,-1,-1,1,-1
201543S129025,2,9,0,13,0,0,0,0,0,0,4,1,1,1,36,7,1598,1,8,-1,1,-1
201543S129065,1,9,0,9,0,6,0,0,0,0,3,1,2,1,23,5,1896,2,13,-1,1,-1
201543S129065,2,5,0,18,0,1,0,0,0,0,1,1,2,1,41,7,-1,-1,-1,-1,1,-1
201543S129085,1,19,0,13,0,0,0,0,0,0,0,1,6,1,48,8,2463,2,12,-1,1,-1
201543S129085,2,1,0,18,0,0,0,0,0,0,3,1,6,1,44,7,-1,-1,-1,-1,3,-1
201543S129085,3,9,0,18,0,0,0,0,0,0,3,1,6,1,60,9,2179,2,3,-1,1,-1
201543S130015,1,9,0,12,0,0,0,0,0,0,1,1,6,1,24,5,2494,1,12,-1,1,-1
201543S130015,2,9,0,18,0,0,0,0,0,0,4,1,6,1,55,8,1951,2,11,-1,2,-1
201543S130065,1,9,0,5,0,1,0,0,0,0,1,1,6,2,53,8,1598,1,2,-1,-1,-1
201543S130065,2,2,0,8,0,1,0,0,0,0,2,1,4,1,16,4,49,1,1,-1,1,-1
201543S130075,1,3,0,18,0,0,0,0,0,0,0,1,6,1,27,6,-1,-1,-1,-1,1,-1
201543S130085,1,9,0,18,0,8,0,0,0,0,1,1,6,1,-1,-1,-1,-1,-1,-1,-1,-1
201543S130085,2,9,0,18,0,4,1,0,0,0,3,1,6,2,77,11,1240,1,11,-1,1,-1
201543S130125,1,9,0,18,0,4,1,0,0,0,1,1,2,1,47,8,1896,2,12,-1,1,-1
201543S130125,2,19,0,9,0,8,0,0,0,0,4,1,1,1,49,8,1248,2,4,-1,1,-1
201543S131045,1,9,0,12,0,0,1,0,0,0,3,1,2,2,55,8,1598,1,5,-1,-1,-1
201543S131045,2,9,0,13,0,0,1,0,1,0,4,1,2,1,49,8,1612,1,3,-1,1,-1
201543S131065,1,19,0,18,0,1,0,0,1,0,1,1,2,1,23,5,2198,2,2,-1,1,-1
201543S131065,2,9,0,10,0,8,0,0,0,0,2,1,6,2,37,7,1398,1,4,-1,1,-1
201543S131065,3,9,0,18,0,1,0,0,0,0,1,1,6,2,47,8,1598,1,10,-1,1,-1
201543S131095,1,19,0,5,0,1,0,0,0,0,1,1,2,1,20,4,1686,2,7,-1,1,-1
201543S131095,2,9,0,3,0,1,0,0,0,0,2,1,2,2,45,7,998,1,5,-1,1,-1
201543S132015,1,9,0,7,0,1,0,0,0,0,4,1,1,2,67,10,996,1,1,-1,2,-1
201543S132015,2,1,0,15,0,1,0,0,0,0,1,1,1,1,45,7,-1,-1,-1,-1,-1,-1
201543S132035,1,9,0,9,0,5,0,0,0,0,4,1,2,2,51,8,1229,1,5,-1,3,-1
201543S132035,2,9,0,18,0,1,0,0,0,0,1,1,1,1,25,5,1242,1,-1,-1,1,-1
201543S132045,1,9,0,5,0,1,0,0,0,0,1,1,6,1,58,9,1797,8,3,-1,-1,-1
201543S132045,2,5,0,10,0,1,0,0,0,0,2,1,6,1,35,6,745,1,13,-1,1,-1
201543S132065,1,9,0,18,0,0,0,0,0,0,1,1,6,2,69,10,1199,1,12,-1,-1,-1
201543S132065,2,9,0,18,0,0,0,0,0,0,1,1,6,1,59,9,1796,1,12,-1,-1,-1
201543S132095,1,11,0,18,0,1,0,0,0,0,1,1,1,1,41,7,5900,2,10,-1,1,-1
201543S132095,2,9,0,9,0,6,0,0,0,0,3,1,6,3,-1,-1,-1,-1,-1,-1,-1,-1
201543S133015,1,9,0,18,0,0,2,0,1,9,1,1,6,2,59,9,-1,-1,-1,-1,1,-1
201543S133025,1,11,0,5,8,0,0,0,0,0,4,1,1,1,58,9,3900,2,8,-1,1,-1
201543S133045,1,9,0,9,0,8,0,0,0,0,1,1,2,2,22,5,1061,1,10,-1,1,-1
201543S133045,2,9,0,18,0,1,0,0,0,0,1,1,3,2,52,8,1999,1,9,-1,3,-1
201543S133055,1,9,0,18,0,0,0,0,0,0,1,1,6,1,41,7,1991,2,10,-1,1,-1
201543S133055,2,9,0,4,0,0,0,0,0,0,2,1,6,1,30,6,2993,2,7,-1,1,-1
201543S133055,3,9,0,4,0,0,0,0,0,0,2,1,6,2,29,6,1461,2,4,-1,2,-1
201543S133075,1,9,0,9,0,6,0,0,0,0,1,1,6,1,78,11,1124,1,10,-1,1,-1
201543S133075,2,9,0,18,0,1,0,0,0,0,1,1,6,2,55,8,1299,1,11,-1,1,-1
201543S134015,1,9,0,6,0,0,0,0,0,0,3,1,6,1,67,10,-1,-1,-1,-1,3,-1
201543S134015,2,4,0,18,0,0,0,0,0,0,1,1,6,1,50,8,-1,-1,-1,-1,1,-1
201543S134025,1,9,0,18,0,8,0,0,0,0,3,1,6,2,46,8,-1,-1,-1,-1,3,-1
201543S134025,2,9,0,18,0,8,0,0,0,0,1,1,6,2,50,8,-1,-1,-1,-1,1,-1
201543S134035,1,9,0,18,0,0,2,0,1,11,1,1,6,1,23,5,998,1,8,-1,1,-1
201543S134095,1,9,0,18,0,3,0,0,0,0,3,1,6,1,18,4,1149,1,14,-1,2,-1
201543S135015,1,19,0,18,0,1,1,0,0,0,1,1,1,1,58,9,1995,2,2,-1,1,-1
201543S135015,2,9,0,4,0,1,0,0,0,0,2,1,6,1,27,6,1956,2,6,-1,1,-1
201543S135065,1,11,0,18,0,0,0,0,0,0,1,1,1,1,-1,-1,-1,-1,-1,-1,-1,-1
201543S135065,2,1,0,18,0,0,0,0,0,0,2,1,6,1,15,3,-1,-1,-1,-1,1,-1
201543S135085,1,9,0,18,0,0,0,0,0,0,4,1,6,2,61,9,1988,1,13,-1,1,-1
201543S135115,1,9,0,4,0,0,0,0,0,0,1,1,2,1,50,8,2143,2,4,-1,3,-1
201543S135115,2,9,0,4,0,0,0,0,0,0,2,1,6,2,49,8,3192,1,9,-1,1,-1
201543S136045,1,9,0,18,0,0,0,0,0,0,4,1,6,2,17,4,796,1,14,-1,3,-1
201543S136055,1,9,0,1,0,0,0,0,0,0,2,1,6,2,61,9,1490,1,10,-1,2,-1
201543S136055,2,1,0,18,0,0,0,0,0,0,1,1,6,2,30,6,-1,-1,-1,-1,3,-1
201543S136075,1,9,0,9,0,8,1,0,1,4,2,1,2,1,19,4,1124,1,10,-1,2,-1
201543S136085,1,3,0,18,0,0,0,0,2,7,1,1,2,1,16,4,125,1,17,-1,1,-1
201543S136105,1,9,0,18,0,4,0,0,0,0,1,1,1,1,54,8,1984,1,7,-1,1,-1
201543S136105,2,1,0,18,0,8,0,0,0,0,4,1,1,1,24,5,-1,-1,-1,-1,1,-1
201543S137045,1,9,0,4,0,0,1,0,7,0,3,1,2,2,17,4,1149,1,10,-1,2,-1
201543S137045,2,9,0,18,0,0,0,0,0,0,1,1,6,1,29,6,1461,2,12,-1,3,-1