Accident_Index,Vehicle_Reference,Vehicle_Type,Towing_and_Articulation,Vehicle_Manoeuvre,Vehicle_Location-Restricted_Lane,Junction_Location,Skidding_and_Overturning,Hit_Object_in_Carriageway,Vehicle_Leaving_Carriageway,Hit_Object_off_Carriageway,1st_Point_of_Impact,Was_Vehicle_Left_Hand_Drive?,Journey_Purpose_of_Driver,Sex_of_Driver,Age_of_Driver,Age_Band_of_Driver,Engine_Capacity_(CC),Propulsion_Code,Age_of_Vehicle,Driver_IMD_Decile,Driver_Home_Area_Type,Vehicle_IMD_Decile
201543S137045,3,9,0,4,0,0,0,0,0,0,3,1,6,1,54,8,2204,2,7,-1,2,-1
201543S137045,4,9,0,18,0,0,0,0,0,0,3,1,6,1,30,6,1956,2,4,-1,3,-1
201543S137075,1,9,0,13,0,0,0,0,1,0,1,1,6,1,62,9,998,1,5,-1,1,-1
201543S137075,2,9,0,18,0,0,0,0,0,0,1,1,6,2,38,7,1388,1,6,-1,2,-1
201543S137075,3,9,0,18,0,0,0,0,0,0,3,1,6,1,59,9,1595,1,19,-1,1,-1
201543S137085,1,9,0,17,0,0,2,0,7,3,1,1,1,1,32,6,1598,1,8,-1,1,-1
201543S137115,1,9,0,18,0,0,1,0,1,0,1,1,2,1,54,8,1586,1,9,-1,1,-1
201543S137115,2,9,0,18,0,0,0,0,4,10,2,1,3,1,44,7,1995,2,12,-1,1,-1
201543S137125,1,9,0,5,0,4,0,0,0,0,1,1,6,1,22,5,-1,-1,-1,-1,2,-1
201543S137125,2,9,0,18,0,8,0,0,0,0,4,1,6,1,49,8,1686,2,2,-1,1,-1
201543S138055,1,9,0,12,0,0,0,0,0,0,3,1,6,1,40,7,1497,8,8,-1,1,-1
201543S138055,2,9,0,18,0,0,0,0,0,0,4,1,6,1,55,8,1598,1,14,-1,-1,-1
201543S138075,1,9,0,9,0,8,0,0,0,0,1,1,6,2,45,7,1364,2,2,-1,1,-1
201543S138075,2,9,0,18,0,1,0,0,0,0,1,1,6,1,61,9,1998,2,10,-1,1,-1
201543S138075,3,9,0,8,0,1,0,0,0,0,3,1,6,1,64,9,1386,1,3,-1,1,-1
201543S138115,1,9,0,9,0,8,0,0,0,0,1,1,1,1,31,6,1968,2,3,-1,1,-1
201543S138115,2,8,0,18,0,8,0,0,0,0,3,1,1,1,51,8,-1,-1,-1,-1,1,-1
201543S139025,1,9,0,5,0,1,0,0,0,0,1,1,2,2,29,6,1386,1,9,-1,3,-1
201543S139025,2,9,0,8,0,1,0,0,0,0,2,1,2,2,52,8,1796,1,13,-1,1,-1
201543S139045,1,9,0,5,0,4,0,0,0,0,3,1,2,1,53,8,1560,2,9,-1,3,-1
201543S139045,2,5,0,18,0,8,0,0,0,0,4,1,2,1,29,6,599,1,5,-1,-1,-1
201543S139055,1,9,0,13,0,0,0,0,0,0,1,1,6,1,35,6,1360,1,12,-1,1,-1
201543S139055,2,9,0,3,0,0,0,0,0,0,2,1,6,2,21,5,1242,1,1,-1,1,-1
201543S139075,1,21,1,18,0,1,0,0,0,0,1,1,1,1,55,8,10837,2,-1,-1,3,-1
201543S139075,2,9,0,4,0,1,0,0,0,0,2,1,2,2,35,6,1390,1,4,-1,2,-1
201543S139075,3,9,0,4,0,1,0,0,0,0,2,1,2,2,24,5,1398,1,1,-1,2,-1
201543S139075,4,9,0,4,0,1,0,0,0,0,2,1,2,1,68,10,1968,2,8,-1,1,-1
201543S139075,5,9,0,4,0,1,0,0,0,0,2,1,2,1,52,8,-1,-1,-1,-1,3,-1
201543S140045,1,9,0,18,0,1,0,0,0,0,1,1,2,1,45,7,1686,2,10,-1,1,-1
201543S140045,2,9,0,4,0,8,0,0,0,0,2,1,3,2,45,7,998,1,5,-1,3,-1
201543S140045,3,9,0,10,0,8,0,0,0,0,2,1,2,2,23,5,1240,1,11,-1,1,-1
201543S141125,1,9,0,18,0,0,0,0,0,0,0,1,6,3,-1,-1,-1,-1,-1,-1,-1,-1
201543S141125,2,2,0,18,0,0,0,7,0,0,1,1,6,1,17,4,50,1,8,-1,-1,-1
201543S142075,1,9,0,18,0,1,0,0,0,0,1,1,6,1,-1,-1,1796,1,14,-1,1,-1
201543S142075,2,9,0,3,0,1,0,0,0,0,2,1,1,2,26,6,1229,1,10,-1,3,-1
201543S142095,1,9,0,18,5,0,0,0,0,0,1,1,6,1,28,6,1390,1,4,-1,-1,-1
201543S142095,2,1,0,18,5,0,0,0,0,0,2,1,4,1,12,3,-1,-1,-1,-1,2,-1
201543S142105,1,9,0,1,0,0,0,0,0,0,2,1,6,1,70,10,-1,-1,-1,-1,2,-1
201543S144105,1,19,0,5,0,0,0,0,0,0,1,1,6,1,22,5,1998,2,11,-1,1,-1
201543S144105,2,9,0,14,0,0,0,0,0,0,4,1,6,2,45,7,1598,1,13,-1,1,-1
201543S144115,1,9,0,18,0,1,0,0,0,0,1,1,6,2,23,5,-1,-1,-1,-1,1,-1
201543S144115,2,9,0,7,0,5,0,0,1,0,2,1,6,2,85,11,1598,1,17,-1,1,-1
201543S144125,1,9,0,14,0,0,0,0,0,0,4,1,6,3,-1,-1,-1,-1,-1,-1,-1,-1
201543S145085,1,9,0,7,0,4,0,0,0,0,1,1,6,2,18,4,1360,1,13,-1,3,-1
201543S145085,2,1,0,18,0,8,0,0,0,0,4,1,6,1,30,6,-1,-1,-1,-1,1,-1
201543S145105,1,9,0,18,0,0,0,0,0,0,1,1,1,2,38,7,1389,1,9,-1,1,-1
201543S145105,2,9,0,3,0,0,0,0,0,0,2,1,1,1,28,6,2143,2,-1,-1,1,-1
201543S145115,1,9,0,18,0,1,1,0,0,0,1,1,6,1,24,5,1796,1,12,-1,2,-1
201543S145115,2,9,0,4,0,1,0,0,0,0,2,1,6,1,67,10,1598,1,11,-1,1,-1
201543S145115,3,8,0,3,0,1,0,0,0,0,2,1,6,1,45,7,1995,2,8,-1,1,-1
201543S145125,1,9,0,2,0,0,0,0,0,0,0,1,6,1,-1,-1,2495,1,12,-1,1,-1
201543S145125,2,98,-1,18,0,0,0,0,0,0,0,1,6,1,50,8,12777,2,2,-1,1,-1
201543S146085,1,9,0,9,0,6,0,0,0,0,1,1,6,1,23,5,1329,1,6,-1,1,-1
201543S146085,2,9,0,18,0,1,5,10,1,0,4,1,6,2,24,5,1242,1,1,-1,3,-1
201543S146105,1,9,0,18,0,4,2,10,3,0,1,1,6,1,45,7,1999,1,13,-1,1,-1
201543S147075,1,9,0,9,0,8,0,0,0,0,1,1,2,2,34,6,1242,1,14,-1,1,-1
201543S147075,2,9,0,18,0,1,0,0,0,0,3,1,2,1,38,7,2143,2,2,-1,2,-1
201543S147075,3,9,0,18,0,1,0,0,1,0,1,1,2,2,63,9,1798,1,8,-1,-1,-1
201543S147095,1,9,0,1,0,0,0,0,0,0,2,1,2,2,32,6,1199,2,4,-1,1,-1
201543S147095,2,1,0,18,0,0,0,0,0,0,1,1,2,1,51,8,-1,-1,-1,-1,1,-1
201543S147105,1,21,1,12,0,0,0,0,0,0,3,2,1,1,-1,-1,-1,-1,-1,-1,-1,-1
201543S147105,2,9,0,18,0,0,0,0,0,0,1,1,6,1,35,6,1598,1,11,-1,-1,-1
201543S148075,1,2,0,4,0,1,0,0,0,0,0,1,1,2,21,5,125,1,10,-1,1,-1
201543S148115,1,2,0,18,0,0,0,0,0,0,1,1,1,1,22,5,108,1,-1,-1,1,-1
201543S148115,2,9,0,12,0,0,0,0,0,0,2,1,6,3,-1,-1,-1,-1,-1,-1,-1,-1
201543S149085,1,9,0,18,0,4,0,0,0,0,1,1,1,1,50,8,1896,2,7,-1,1,-1
201543S149085,2,1,0,9,0,8,0,0,0,0,1,1,6,1,56,9,-1,-1,-1,-1,1,-1
201543S149095,1,9,0,18,0,0,0,0,0,0,1,1,6,2,63,9,1591,1,2,-1,1,-1
201543S149095,2,19,0,18,0,0,0,0,1,0,3,1,6,1,30,6,1560,2,7,-1,1,-1
201543S149095,3,9,0,18,0,0,1,0,1,0,3,1,6,1,43,7,1968,2,2,-1,1,-1
201543S149105,1,9,0,5,0,6,0,0,0,0,1,1,2,1,55,8,-1,-1,-1,-1,1,-1
201543S149125,1,9,0,18,0,1,0,0,0,0,1,1,6,1,40,7,-1,-1,-1,-1,-1,-1
201543S149125,2,9,0,3,0,1,0,0,0,0,2,1,6,1,64,9,1388,1,11,-1,1,-1
201543S150085,1,5,0,18,0,0,0,10,0,0,1,1,1,1,58,9,1050,1,2,-1,1,-1
201543S150085,2,19,0,18,0,0,0,0,0,0,2,1,1,1,35,6,1560,2,-1,-1,1,-1
201543S150105,1,9,0,18,0,0,0,0,1,10,1,1,6,1,35,6,1995,2,12,-1,1,-1
201543S150115,1,9,0,13,0,0,0,0,0,0,1,1,6,1,18,4,1900,2,15,-1,1,-1
201543S150115,2,9,0,18,0,0,0,0,0,0,1,1,6,1,49,8,2435,1,14,-1,1,-1
201543S151085,1,9,0,18,0,0,0,0,0,0,1,1,2,2,34,6,1560,2,4,-1,1,-1
201543S151085,2,9,0,4,0,0,0,0,0,0,2,1,6,2,27,6,1598,1,12,-1,1,-1
201543S151115,1,9,0,18,0,4,0,0,0,0,1,1,6,2,41,7,1796,1,11,-1,1,-1
201543S151115,2,1,0,18,0,8,0,0,0,0,4,1,6,1,48,8,-1,-1,-1,-1,1,-1
201543S152085,1,9,0,17,0,1,1,0,0,0,1,1,6,1,40,7,1149,1,11,-1,1,-1
201543S152085,2,9,0,16,0,1,0,0,0,0,1,1,6,1,46,8,2179,2,3,-1,1,-1
201543S152085,3,9,0,17,0,1,0,0,1,3,3,1,6,1,55,8,-1,-1,-1,-1,1,-1
201543S152115,1,9,0,18,0,1,5,10,1,4,1,1,6,1,31,6,1997,2,14,-1,1,-1
201543S153085,1,9,0,16,0,1,5,7,0,0,1,1,6,2,69,10,1229,1,9,-1,1,-1
201543S154075,1,3,0,7,0,5,0,0,0,0,0,1,1,1,19,4,124,1,5,-1,1,-1
201543S154085,1,9,0,18,0,4,0,0,0,0,1,1,6,2,67,10,1396,1,7,-1,2,-1
201543S154085,2,1,0,18,0,8,0,0,0,0,1,1,6,1,44,7,-1,-1,-1,-1,1,-1
201543S154115,1,19,0,18,0,0,0,0,0,0,4,1,6,1,55,8,-1,-1,-1,-1,-1,-1
201543S155085,1,9,0,16,0,0,0,0,0,0,1,1,6,2,28,6,1360,1,12,-1,3,-1
201543S155085,2,9,0,17,0,0,0,0,0,0,1,1,6,2,31,6,1997,2,4,-1,2,-1
201543S156075,1,9,0,16,0,0,0,0,0,0,1,1,6,2,39,7,1200,1,-1,-1,1,-1
201543S156075,2,9,0,17,0,0,0,0,0,0,1,1,6,1,37,7,1242,1,10,-1,1,-1
201543S156085,1,9,0,12,0,1,1,0,0,0,3,1,6,1,49,8,1598,2,-1,-1,1,-1
201543S156085,2,9,0,18,0,1,1,0,0,0,4,1,6,1,28,6,2143,2,1,-1,1,-1
201543S157075,1,9,0,9,0,8,0,0,0,0,0,1,6,1,17,4,999,1,11,-1,1,-1
201543S157075,2,4,0,18,0,1,0,0,0,0,0,1,6,1,19,4,645,1,13,-1,1,-1
201543S157125,1,9,0,18,0,0,0,0,0,0,1,1,6,1,23,5,1560,2,1,-1,1,-1
201543S157125,2,9,0,4,0,0,0,0,0,0,2,1,6,1,34,6,1896,2,11,-1,1,-1
201543S157125,3,9,0,4,0,0,0,0,0,0,2,1,6,1,53,8,2179,2,2,-1,1,-1
201543S158085,1,9,0,4,0,0,0,0,0,0,4,1,6,2,48,8,1339,1,9,-1,1,-1
201543S158095,1,9,0,18,0,8,0,0,0,0,0,1,6,1,-1,-1,-1,-1,-1,-1,-1,-1
201543S158095,2,9,0,9,0,8,0,0,0,0,1,1,6,1,27,6,1199,1,11,-1,1,-1
201543S158095,3,9,0,18,0,4,0,0,0,0,1,1,6,2,54,8,998,1,3,-1,1,-1
201543S158095,4,9,0,18,0,8,0,0,0,0,2,1,6,1,25,5,998,1,9,-1,1,-1
201543S158115,1,8,0,9,0,8,0,0,0,0,3,1,1,1,36,7,1956,2,5,-1,1,-1
201543S158115,2,9,0,18,0,8,1,0,0,0,1,1,2,2,22,5,1461,2,6,-1,1,-1
201543S159075,1,21,1,18,0,0,0,0,0,0,4,2,1,1,44,7,-1,-1,-1,-1,-1,-1
201543S159075,2,9,0,18,0,0,2,0,7,9,1,1,2,1,33,6,1997,2,10,-1,1,-1
201543S160095,1,9,0,5,0,4,0,0,1,0,1,1,6,2,76,11,1364,1,8,-1,2,-1
201543S160095,2,9,0,18,0,8,0,0,0,0,4,1,6,1,41,7,2499,1,8,-1,1,-1
201543S160115,1,9,0,18,0,0,0,0,0,0,1,1,1,1,55,8,1598,2,-1,-1,1,-1
201543S160115,2,9,0,4,0,0,0,0,0,0,2,1,1,2,28,6,1229,1,9,-1,1,-1
201543S160115,3,9,0,4,0,0,0,0,0,0,2,1,6,1,30,6,1699,1,10,-1,2,-1
201543S160125,1,9,0,18,0,1,1,0,0,0,1,1,6,1,18,4,1199,1,15,-1,1,-1
201543S160125,2,9,0,10,0,8,0,0,1,0,2,1,2,1,49,8,1769,1,15,-1,1,-1
201543S161075,1,9,0,18,0,0,1,0,0,0,1,1,6,1,82,11,1590,1,14,-1,-1,-1
201543S161075,2,9,0,3,0,0,0,0,0,0,2,1,1,1,32,6,-1,-1,-1,-1,-1,-1
201543S161075,3,9,0,3,0,0,0,0,0,0,2,1,1,1,19,4,1198,1,11,-1,-1,-1
201543S161085,1,9,0,9,0,8,0,0,0,0,1,1,6,1,44,7,1761,1,20,-1,-1,-1
201543S161085,2,9,0,18,0,1,0,0,0,0,1,1,6,2,31,6,1598,1,18,-1,2,-1
201543S162075,1,9,0,18,0,0,0,0,7,0,1,1,6,1,29,6,1968,2,6,-1,1,-1
201543S162075,2,9,0,3,0,0,0,0,1,0,2,1,6,2,19,4,1198,1,11,-1,1,-1
201543S162075,3,9,0,3,0,0,0,0,0,0,2,1,6,1,37,7,1995,2,1,-1,1,-1
201543S162085,1,9,0,9,0,8,0,0,0,0,3,1,6,2,19,4,-1,-1,-1,-1,1,-1
201543S162085,2,9,0,18,0,1,0,0,0,0,1,1,6,2,68,10,1796,1,9,-1,1,-1
201543S162095,1,8,0,5,0,0,0,0,0,0,0,1,1,1,-1,-1,2143,2,4,-1,-1,-1
201543S162115,1,21,1,9,0,5,0,0,0,0,1,1,1,1,48,8,11967,2,3,-1,1,-1
201543S162115,2,9,0,18,0,1,1,0,0,0,1,1,2,2,50,8,1796,1,15,-1,1,-1
201543S163085,1,9,0,18,0,8,0,0,0,0,0,1,6,3,-1,-1,-1,-1,-1,-1,-1,-1
201543S163085,2,9,0,18,0,8,0,0,0,0,2,1,6,2,28,6,1984,2,3,-1,3,-1
201543S163085,3,3,0,18,0,4,0,0,0,0,1,1,6,1,23,5,124,1,2,-1,1,-1
201543S163095,1,9,0,18,0,1,0,10,1,2,1,1,6,2,88,11,1289,1,16,-1,1,-1
201543S163125,1,9,0,9,0,8,0,0,0,0,1,1,1,2,44,7,1198,1,3,-1,1,-1
201543S163125,2,9,0,18,0,1,0,0,0,0,3,1,6,1,55,8,2143,2,-1,-1,2,-1
201543S164075,1,9,0,18,0,0,0,0,0,0,0,1,6,1,35,6,1796,1,10,-1,-1,-1
201543S164085,1,9,0,18,0,8,0,0,6,0,1,1,6,1,-1,-1,1997,2,15,-1,-1,-1
201543S164085,2,9,0,18,0,8,0,0,0,0,3,1,6,1,19,4,1149,1,11,-1,1,-1
201543S164085,3,8,0,3,0,1,0,0,0,0,3,1,1,1,30,6,1910,2,8,-1,1,-1
201543S164095,1,9,0,7,0,4,0,0,0,0,0,1,1,1,57,9,2143,2,4,-1,1,-1
201543S164095,2,2,0,18,0,8,0,0,0,0,0,1,1,1,41,7,125,1,1,-1,1,-1
201543S165075,1,2,0,17,0,0,0,0,0,0,3,1,6,1,16,4,-1,-1,-1,-1,2,-1
201543S165075,2,19,0,16,0,0,0,0,0,0,3,1,1,1,66,10,1560,2,5,-1,3,-1
201543S165095,1,9,0,9,0,6,0,0,0,0,1,1,6,2,62,9,1248,1,3,-1,1,-1
201543S165095,2,9,0,18,0,8,0,0,0,0,4,1,1,2,33,6,1388,1,8,-1,1,-1
201543S165125,1,9,0,5,0,4,0,0,1,0,1,1,6,2,33,6,1995,2,7,-1,1,-1
201543S165125,2,9,0,18,0,3,0,0,0,0,4,1,6,1,42,7,1598,2,-1,-1,1,-1
201543S166075,1,9,0,18,0,0,0,0,0,0,4,1,6,1,65,9,1229,1,9,-1,1,-1
201543S166075,2,19,0,18,0,0,0,0,0,0,2,1,6,2,59,9,2198,2,4,-1,2,-1
201543S166075,3,9,4,18,0,0,0,0,0,0,2,1,6,1,27,6,-1,-1,-1,-1,3,-1
201543S166075,4,9,0,18,0,0,0,0,0,0,3,1,6,1,33,6,1596,1,1,-1,-1,-1
201543S166075,5,9,0,18,0,0,0,0,0,0,3,1,1,1,25,5,1390,1,4,-1,1,-1
201543S166095,1,9,0,7,0,4,0,0,0,0,1,1,1,1,28,6,-1,-1,-1,-1,1,-1
201543S166095,2,1,0,18,0,8,0,0,0,0,4,1,1,1,35,6,-1,-1,-1,-1,2,-1
201543S168085,1,9,0,9,0,6,0,0,0,0,1,1,2,2,19,4,2148,2,12,-1,1,-1
201543S168085,2,9,0,18,0,1,0,0,0,0,4,1,2,2,26,6,1461,2,12,-1,3,-1
201543S168125,1,8,0,5,0,1,0,0,0,0,1,1,1,1,-1,-1,-1,-1,-1,-1,-1,-1
201543S168125,2,9,0,3,0,1,0,0,0,0,2,1,6,3,-1,-1,-1,-1,-1,-1,-1,-1
201543S169085,1,9,0,9,0,4,0,0,0,0,3,1,1,1,30,6,1797,8,3,-1,1,-1
201543S169085,2,4,0,18,0,8,0,0,0,0,1,1,6,1,26,6,125,1,8,-1,1,-1
201543S169095,1,9,0,9,0,6,0,0,0,0,0,1,6,3,-1,-1,-1,-1,-1,-1,-1,-1
201543S169095,2,9,0,18,0,1,0,0,0,0,2,1,6,1,24,5,1560,2,4,-1,1,-1
201543S169095,3,9,0,18,0,1,0,0,0,0,1,1,3,2,21,5,1229,1,2,-1,-1,-1
201543S169125,1,9,0,1,0,0,0,0,0,0,2,1,1,1,-1,-1,1896,2,8,-1,1,-1
201543S170075,1,9,0,13,0,1,0,0,0,0,1,1,1,1,40,7,1497,8,7,-1,1,-1
201543S170075,2,9,0,9,0,1,0,0,0,0,3,1,6,1,32,6,2148,2,6,-1,1,-1
201543S171075,1,9,0,9,0,8,5,0,0,0,4,1,1,1,50,8,1587,1,11,-1,1,-1
201543S171085,1,5,0,13,0,1,0,0,0,0,1,1,6,1,32,6,999,1,7,-1,2,-1
201543S171085,2,17,4,9,0,5,0,0,0,0,3,1,1,1,31,6,3894,2,-1,-1,2,-1
201543S171125,1,9,0,18,0,4,0,0,0,0,1,1,6,1,42,7,1343,1,11,-1,1,-1
201543S171125,2,1,0,18,0,8,0,0,0,0,4,1,6,1,39,7,-1,-1,-1,-1,1,-1
201543S172075,1,9,0,18,0,0,0,0,0,0,3,1,6,2,54,8,1339,8,2,-1,1,-1
201543S172085,1,5,0,18,0,0,1,4,7,11,1,1,6,1,25,5,750,1,9,-1,1,-1
201543S172125,1,20,0,18,0,1,1,0,0,0,1,1,1,1,42,7,-1,-1,-1,-1,1,-1
201543S172125,2,9,0,10,0,8,0,0,0,0,2,1,1,1,41,7,1997,2,1,-1,1,-1
201543S173075,1,8,0,9,0,8,0,0,0,0,4,1,1,1,31,6,1995,2,1,-1,1,-1
201543S173075,2,9,0,18,0,1,0,0,0,0,1,1,6,2,29,6,1997,1,12,-1,1,-1
201543S176075,1,98,0,4,0,0,0,0,0,0,1,1,1,1,-1,-1,1995,2,3,-1,1,-1
201543S176075,2,9,0,3,0,0,0,0,0,0,2,1,6,1,35,6,2477,2,10,-1,1,-1
201543S177075,1,17,4,17,0,1,0,0,0,0,1,1,1,1,73,10,-1,2,12,-1,3,-1
201543S177075,2,1,0,16,0,2,0,0,0,0,4,1,6,1,42,7,-1,-1,-1,-1,1,-1
201543S177075,3,1,0,16,0,2,0,0,0,0,3,1,6,1,29,6,-1,-1,-1,-1,2,-1
201543S178075,1,9,0,9,0,6,0,0,0,0,1,1,3,1,18,4,1242,1,11,-1,1,-1
201543S178075,2,9,0,18,0,1,0,0,0,0,1,1,1,1,38,7,-1,-1,-1,-1,2,-1
201543S184075,1,8,0,7,0,1,0,0,0,0,2,1,1,1,38,7,1896,2,5,-1,1,-1
201543S184075,2,9,0,8,0,1,0,0,0,0,1,1,6,2,25,5,1390,1,6,-1,1,-1
201543S185075,1,9,0,3,0,0,0,0,0,0,2,1,2,2,33,6,1598,1,4,-1,3,-1
201543S185075,2,9,0,3,0,0,0,0,0,0,2,1,2,2,26,6,1461,2,1,-1,1,-1
201543S185075,3,9,0,18,0,0,1,0,0,0,1,1,2,1,27,6,1597,1,23,-1,1,-1
201543W001025,1,9,0,18,0,4,0,0,0,0,1,1,6,3,-1,-1,-1,-1,-1,-1,-1,-1
201543W001025,2,1,0,18,0,8,0,0,0,0,4,1,6,1,19,4,-1,-1,-1,-1,1,-1
201543W001105,1,9,0,18,0,0,0,0,0,0,0,1,6,2,45,7,1598,2,4,-1,-1,-1
201543W002055,1,98,0,11,0,0,0,0,0,0,4,1,1,1,42,7,-1,-1,-1,-1,1,-1
201543W002055,2,9,0,18,0,0,0,0,0,0,3,1,6,1,49,8,1794,1,15,-1,1,-1
201543W002105,1,9,0,18,0,0,0,0,0,0,1,1,6,1,81,11,1388,1,12,-1,1,-1
201543W002115,1,9,0,3,0,1,0,0,0,0,2,1,6,2,47,8,1499,2,2,-1,1,-1
201543W002115,2,19,0,18,0,1,0,0,0,0,1,1,6,1,27,6,2198,2,2,-1,1,-1
201543W003035,1,9,0,4,0,0,1,0,0,0,1,1,6,1,20,4,-1,-1,-1,-1,-1,-1
201543W003035,2,9,0,4,0,0,0,0,0,0,2,1,6,1,18,4,1199,1,12,-1,1,-1
201543W003045,1,19,0,8,0,1,0,0,0,0,2,1,1,1,26,6,1995,2,2,-1,1,-1
201543W003045,2,9,0,18,0,1,0,0,0,0,1,1,6,2,29,6,-1,-1,-1,-1,-1,-1
201543W003055,1,9,0,18,0,2,0,0,0,0,1,1,6,1,22,5,1364,1,8,-1,3,-1
201543W003055,2,1,0,18,0,2,0,0,0,0,2,1,2,1,25,5,-1,-1,-1,-1,1,-1
201543W003075,1,9,0,9,0,8,0,0,0,0,1,1,2,1,27,6,1398,1,5,-1,3,-1
201543W003075,2,9,0,18,0,4,0,0,0,0,3,1,6,2,46,8,-1,-1,-1,-1,3,-1
201543W003095,1,9,0,18,0,8,0,0,0,0,1,1,6,3,31,6,2993,2,7,-1,1,-1
201543W003095,2,9,0,5,0,8,0,0,0,0,3,1,6,1,69,10,998,1,14,-1,1,-1
201543W003105,1,19,0,5,0,0,0,0,0,0,1,1,2,1,33,6,1560,2,5,-1,1,-1
201543W003105,2,9,0,3,0,0,0,0,0,0,2,1,2,2,48,8,-1,-1,-1,-1,1,-1
201543W003125,1,9,0,9,0,5,0,0,0,0,4,1,6,2,84,11,2688,2,14,-1,1,-1
201543W003125,2,1,0,18,0,8,0,0,0,0,1,1,6,1,26,6,-1,-1,-1,-1,1,-1
201543W004035,1,9,0,18,0,4,0,0,0,0,1,1,6,1,60,9,1598,1,16,-1,2,-1
201543W004035,2,1,0,18,0,8,0,0,0,0,1,1,6,1,48,8,-1,-1,-1,-1,3,-1
201543W004115,1,3,0,14,0,0,1,0,0,0,0,1,2,1,23,5,125,1,5,-1,2,-1
201543W005115,1,9,0,17,0,0,1,0,1,0,1,1,6,2,20,4,1399,2,9,-1,1,-1
201543W005115,2,19,0,2,9,0,0,0,0,0,2,1,6,3,-1,-1,1598,2,-1,-1,-1,-1
201543W006015,1,9,0,16,0,1,0,0,0,0,1,1,6,2,44,7,1956,2,2,-1,1,-1
201543W006015,2,5,0,3,0,1,0,0,0,0,2,1,6,1,33,6,781,1,14,-1,1,-1
201543W007035,1,3,0,18,0,0,1,0,0,0,1,1,6,1,22,5,124,1,9,-1,1,-1
201543W007035,2,9,0,18,0,0,0,0,0,0,3,1,6,1,66,10,1242,1,2,-1,1,-1
201543W008075,1,9,0,7,0,6,0,0,0,0,3,1,6,2,49,8,1796,1,11,-1,1,-1
201543W008075,2,3,0,18,0,1,0,0,0,0,4,1,6,1,21,5,124,1,1,-1,1,-1
201543W009035,1,9,0,18,0,1,0,0,0,0,1,1,6,2,86,11,-1,-1,-1,-1,1,-1
201543W009035,2,9,0,10,0,1,0,0,1,4,2,1,6,2,65,9,998,1,-1,-1,1,-1
201543W009115,1,19,0,18,0,0,1,0,0,0,1,1,1,1,56,9,1461,2,2,-1,1,-1
201543W009115,2,9,0,3,0,0,0,0,0,0,2,1,1,1,45,7,-1,-1,-1,-1,1,-1
201543W009115,3,19,0,18,0,0,0,0,0,0,1,1,1,1,24,5,1560,2,4,-1,2,-1
201543W009125,1,9,0,14,0,0,0,4,0,0,4,1,6,1,21,5,1368,1,4,-1,1,-1
201543W009125,2,9,0,2,0,0,0,0,0,0,3,1,6,1,71,10,2231,2,6,-1,1,-1
201543W010025,1,9,0,17,0,0,1,0,1,11,1,1,1,2,21,5,1242,1,9,-1,3,-1
201543W010035,1,9,0,7,0,4,0,0,0,0,4,1,6,1,-1,-1,1986,2,8,-1,-1,-1
201543W010035,2,1,0,18,0,4,0,0,0,0,1,1,6,1,73,10,-1,-1,-1,-1,1,-1
201543W010065,1,9,0,18,0,4,0,0,0,0,1,1,6,1,-1,-1,1896,2,15,-1,-1,-1
201543W010065,2,9,0,4,0,4,0,0,0,0,2,1,1,1,27,6,1598,2,3,-1,1,-1
201543W010095,1,9,0,9,0,8,0,0,0,0,1,1,6,1,27,6,2993,2,1,-1,1,-1
201543W010095,2,5,0,18,0,8,0,0,1,0,3,1,6,1,28,6,600,1,10,-1,1,-1
201543W011025,1,9,0,14,0,0,0,0,0,0,1,1,3,2,-1,-1,1796,1,10,-1,1,-1
201543W011025,2,9,0,14,0,0,0,0,0,0,2,1,3,2,37,7,1198,1,11,-1,1,-1
201543W011055,1,9,0,17,0,0,2,0,1,11,1,1,6,2,24,5,1364,1,4,-1,1,-1
201543W011095,1,9,0,7,0,6,0,0,0,0,1,1,6,2,44,7,1998,2,3,-1,1,-1
201543W011095,2,9,0,7,0,6,0,0,0,0,2,1,6,1,33,6,1896,2,12,-1,1,-1
201543W011115,1,19,0,18,0,8,0,0,0,0,1,1,1,2,39,7,-1,-1,-1,-1,1,-1
201543W011115,2,9,0,18,0,4,0,0,1,11,1,1,2,2,24,5,1229,1,10,-1,1,-1
201543W012095,1,9,0,4,0,1,0,0,0,0,4,1,6,2,52,8,1596,1,12,-1,1,-1
201543W012095,2,1,0,4,0,8,0,0,0,0,1,1,6,1,33,6,-1,-1,-1,-1,1,-1
201543W013045,1,9,0,7,0,4,0,0,0,0,1,1,6,1,-1,-1,1968,2,9,-1,-1,-1
201543W013045,2,9,0,7,0,4,0,0,0,0,2,1,1,2,17,4,1388,1,9,-1,1,-1
201543W013085,1,9,0,18,0,0,0,0,0,0,4,1,1,1,-1,-1,1998,2,1,-1,1,-1
201543W013095,1,9,0,9,0,6,0,0,0,0,3,1,6,2,34,6,4367,2,1,-1,3,-1
201543W013095,2,9,0,18,0,8,0,0,0,0,1,1,2,1,38,7,1598,1,7,-1,1,-1
201543W014065,1,9,0,9,0,8,0,0,0,0,4,1,6,1,24,5,1108,1,12,-1,1,-1