Accident_Index,Vehicle_Reference,Vehicle_Type,Towing_and_Articulation,Vehicle_Manoeuvre,Vehicle_Location-Restricted_Lane,Junction_Location,Skidding_and_Overturning,Hit_Object_in_Carriageway,Vehicle_Leaving_Carriageway,Hit_Object_off_Carriageway,1st_Point_of_Impact,Was_Vehicle_Left_Hand_Drive?,Journey_Purpose_of_Driver,Sex_of_Driver,Age_of_Driver,Age_Band_of_Driver,Engine_Capacity_(CC),Propulsion_Code,Age_of_Vehicle,Driver_IMD_Decile,Driver_Home_Area_Type,Vehicle_IMD_Decile
201543W014065,2,9,0,18,0,8,0,0,0,0,1,1,6,2,35,6,1246,1,8,-1,1,-1
201543W015045,1,9,0,18,0,0,0,0,0,0,1,1,6,1,74,10,1997,2,6,-1,-1,-1
201543W015045,2,21,1,2,0,0,0,0,0,0,1,1,1,1,60,9,10837,2,1,-1,1,-1
201543W016035,1,9,0,9,0,6,0,0,0,0,1,1,6,3,35,6,2993,2,7,-1,1,-1
201543W016035,2,1,0,18,0,8,0,0,0,0,4,1,2,1,40,7,-1,-1,-1,-1,1,-1
201543W016105,1,9,0,9,0,8,0,0,0,0,1,1,6,3,-1,-1,-1,-1,-1,-1,-1,-1
201543W016105,2,11,0,18,0,8,0,0,0,0,3,1,1,1,48,8,4500,2,4,-1,1,-1
201543W017015,1,9,0,18,0,0,2,10,0,0,4,1,2,2,24,5,-1,-1,-1,-1,1,-1
201543W017105,1,5,0,17,0,0,0,0,0,0,1,1,6,2,49,8,645,1,3,-1,-1,-1
201543W018045,1,9,0,16,0,0,1,0,0,0,1,1,6,2,-1,-1,1598,1,8,-1,3,-1
201543W018045,2,9,0,16,0,0,1,0,0,0,2,1,6,2,72,10,2099,1,13,-1,1,-1
201543W018055,1,11,0,5,0,0,0,0,0,0,1,1,1,1,38,7,-1,-1,-1,-1,1,-1
201543W018105,1,9,0,7,0,3,0,0,0,0,1,1,6,2,44,7,-1,-1,-1,-1,1,-1
201543W018105,2,9,0,8,0,4,0,0,0,0,1,1,6,1,35,6,1995,2,1,-1,1,-1
201543W019015,1,9,0,9,0,4,0,0,0,0,3,1,6,2,30,6,998,1,8,-1,1,-1
201543W019015,2,9,0,18,0,4,0,0,0,0,1,1,6,1,42,7,1560,2,2,-1,1,-1
201543W019105,1,9,0,18,0,1,0,0,0,0,3,1,6,2,38,7,1975,1,9,-1,1,-1
201543W020025,1,9,0,18,0,0,0,0,0,0,1,1,6,1,-1,-1,1896,2,11,-1,1,-1
201543W020025,2,9,0,3,0,0,0,0,0,0,2,1,6,2,50,8,2204,2,8,-1,3,-1
201543W020105,1,9,0,9,0,1,0,0,0,0,1,1,2,2,17,4,1198,1,13,-1,1,-1
201543W020105,2,5,0,18,0,1,0,0,7,0,4,1,2,1,37,7,996,1,17,-1,-1,-1
201543W021025,1,9,0,18,0,2,0,7,0,0,1,1,6,2,89,11,-1,-1,-1,-1,1,-1
201543W021085,1,1,0,18,0,0,0,0,0,0,1,1,2,1,17,4,-1,-1,-1,-1,1,-1
201543W022045,1,8,0,13,0,8,0,0,0,0,1,1,1,1,46,8,1997,2,5,-1,1,-1
201543W022045,2,17,0,9,0,8,0,0,0,0,3,1,1,1,28,6,4400,2,2,-1,3,-1
201543W022075,1,9,0,11,0,0,0,0,0,0,4,1,2,1,36,7,1229,1,3,-1,1,-1
201543W022075,2,9,0,18,0,0,0,0,0,0,3,1,6,2,34,6,1598,1,10,-1,1,-1
201543W022085,1,8,0,9,0,6,0,0,0,0,2,1,6,1,54,8,1686,2,4,-1,3,-1
201543W022085,2,9,0,18,0,2,0,0,0,0,1,1,6,1,22,5,1968,2,1,-1,1,-1
201543W022105,1,9,0,17,0,0,0,0,1,4,1,1,6,2,41,7,2993,2,-1,-1,3,-1
201543W023015,1,9,0,4,9,0,0,0,1,0,1,1,3,2,31,6,1299,1,15,-1,1,-1
201543W023025,1,9,0,9,0,8,0,0,0,0,1,1,6,2,24,5,-1,-1,-1,-1,1,-1
201543W023025,2,8,0,18,0,8,0,0,1,11,1,1,1,1,44,7,2499,2,8,-1,1,-1
201543W023055,1,9,0,18,0,1,0,0,0,0,1,1,6,2,-1,-1,-1,-1,-1,-1,-1,-1
201543W023055,2,9,0,18,0,1,0,0,0,0,2,1,1,1,57,9,-1,-1,-1,-1,1,-1
201543W023085,1,9,0,13,0,1,0,0,0,0,4,1,6,2,66,10,1497,8,2,-1,1,-1
201543W023085,2,1,0,9,0,5,0,0,0,0,3,1,6,1,30,6,-1,-1,-1,-1,1,-1
201543W023105,1,9,0,16,0,0,5,0,0,0,1,1,6,1,18,4,999,1,17,-1,-1,-1
201543W023105,2,9,0,2,0,0,0,0,0,0,3,1,6,3,-1,-1,1896,2,13,-1,-1,-1
201543W024015,1,9,0,9,0,6,0,0,0,0,3,1,6,1,47,8,-1,-1,-1,-1,1,-1
201543W024015,2,9,0,18,0,8,0,0,0,0,1,1,6,2,56,9,1799,1,9,-1,1,-1
201543W024035,1,9,0,18,0,8,2,0,1,11,3,1,2,2,26,6,1364,1,6,-1,1,-1
201543W024055,1,19,0,17,0,0,2,0,1,4,1,1,1,1,33,6,1560,2,-1,-1,1,-1
201543W024105,1,8,0,18,0,0,0,0,0,0,1,1,1,1,70,10,2143,2,4,-1,3,-1
201543W024105,2,9,0,4,0,0,0,0,0,0,2,1,6,1,32,6,2776,2,8,-1,1,-1
201543W025045,1,9,0,18,0,1,0,0,0,0,3,1,6,1,30,6,-1,-1,-1,-1,1,-1
201543W025045,2,9,0,18,0,1,0,0,0,0,4,1,6,1,21,5,1199,1,13,-1,1,-1
201543W025085,1,1,0,18,0,8,0,10,0,0,1,1,6,1,50,8,-1,-1,-1,-1,1,-1
201543W025105,1,9,0,12,0,0,5,0,1,4,2,1,6,2,54,8,1598,1,9,-1,1,-1
201543W025105,2,9,0,18,0,0,0,0,0,0,4,1,6,1,67,10,1560,2,4,-1,-1,-1
201543W026025,1,9,0,9,0,8,0,0,0,0,1,1,2,2,17,4,-1,-1,-1,-1,2,-1
201543W026025,2,9,0,18,0,1,0,0,0,0,4,1,3,2,39,7,998,1,16,-1,1,-1
201543W026075,1,9,0,18,0,0,0,0,0,0,4,1,6,1,23,5,1597,1,22,-1,3,-1
201543W026075,2,9,0,18,0,0,0,0,1,11,1,1,6,2,60,9,1598,2,2,-1,1,-1
201543W026085,1,5,0,18,0,8,0,0,0,0,1,1,2,1,24,5,600,1,15,-1,1,-1
201543W026085,2,9,0,9,0,8,0,0,0,0,3,1,6,1,62,9,1999,1,10,-1,1,-1
201543W026105,1,9,0,1,0,8,0,0,0,0,2,1,3,1,37,7,2993,2,10,-1,3,-1
201543W026125,1,9,0,18,0,4,0,0,0,0,1,1,6,3,-1,-1,1685,2,1,-1,-1,-1
201543W026125,2,9,0,9,0,8,0,0,0,0,1,1,6,2,31,6,1396,1,1,-1,1,-1
201543W027025,1,21,1,4,7,0,0,0,0,0,0,1,1,1,54,8,-1,-1,-1,-1,-1,-1
201543W027025,2,21,1,18,0,0,1,0,0,0,3,1,1,1,56,9,-1,-1,-1,-1,-1,-1
201543W027025,3,19,0,18,0,0,0,0,0,0,1,1,1,1,38,7,-1,-1,-1,-1,3,-1
201543W027025,4,10,0,18,0,0,0,0,0,0,1,1,1,1,47,8,2998,2,4,-1,-1,-1
201543W027095,1,5,0,4,0,2,1,0,0,0,1,1,6,1,34,6,998,1,8,-1,-1,-1
201543W027095,2,9,0,18,0,2,0,0,0,0,1,1,6,2,65,9,998,1,11,-1,1,-1
201543W028015,1,8,0,18,0,0,0,0,0,0,4,1,1,1,42,7,2664,2,16,-1,1,-1
201543W028035,1,9,0,1,0,1,0,0,0,0,2,1,2,1,44,7,1229,1,1,-1,1,-1
201543W028055,1,9,0,18,0,1,0,0,0,0,1,1,1,2,40,7,2204,2,7,-1,-1,-1
201543W028055,2,9,0,3,0,1,0,0,0,0,2,1,1,1,28,6,1796,1,13,-1,1,-1
201543W028085,1,5,0,18,0,1,1,0,0,0,3,1,6,1,60,9,955,1,10,-1,-1,-1
201543W028095,1,9,0,18,9,0,0,0,8,11,3,1,6,1,19,4,1198,1,10,-1,3,-1
201543W029015,1,9,0,18,0,0,1,0,1,9,1,1,6,2,21,5,1598,1,13,-1,1,-1
201543W029015,2,9,0,18,0,0,0,0,0,0,2,1,6,2,37,7,1984,1,7,-1,1,-1
201543W029025,1,9,0,18,0,0,1,0,0,0,3,1,6,1,25,5,-1,-1,-1,-1,1,-1
201543W029025,2,19,0,18,0,0,1,0,0,0,1,1,2,1,26,6,-1,-1,-1,-1,1,-1
201543W029025,3,9,0,18,0,0,1,0,0,0,2,1,1,1,32,6,-1,-1,-1,-1,1,-1
201543W029025,4,9,0,18,0,0,1,0,0,6,3,1,2,1,26,6,-1,-1,-1,-1,1,-1
201543W029025,5,9,0,18,0,0,1,0,0,6,3,1,2,1,41,7,1896,2,13,-1,1,-1
201543W029035,1,9,0,18,0,1,0,0,0,0,1,1,6,3,-1,-1,2401,2,12,-1,1,-1
201543W029035,2,9,0,3,0,1,0,0,0,0,2,1,6,2,35,6,1390,1,6,-1,1,-1
201543W029065,1,9,0,18,0,8,0,0,0,0,0,1,1,1,54,8,1998,1,5,-1,1,-1
201543W029065,2,9,0,9,0,6,0,0,0,0,1,1,6,2,19,4,1299,1,11,-1,3,-1
201543W029065,3,9,0,10,0,8,0,0,0,0,2,1,6,1,22,5,1242,1,12,-1,1,-1
201543W029085,1,9,0,18,0,0,0,0,7,0,1,1,6,1,30,6,2204,2,7,-1,3,-1
201543W029085,2,9,0,18,0,0,0,0,1,0,1,1,6,2,29,6,1596,1,8,-1,2,-1
201543W029095,1,9,0,14,0,0,0,0,0,0,1,1,6,2,79,11,1600,1,11,-1,1,-1
201543W029095,2,19,0,2,0,0,0,0,0,0,3,1,6,1,40,7,1560,2,8,-1,3,-1
201543W029105,1,9,0,18,0,0,0,0,2,7,0,1,1,1,52,8,1796,1,12,-1,1,-1
201543W030015,1,9,0,9,0,3,0,0,0,0,1,1,2,1,26,6,1596,1,9,-1,1,-1
201543W030065,1,9,0,7,0,5,0,0,0,0,4,1,6,3,-1,-1,-1,-1,-1,-1,-1,-1
201543W030065,2,1,0,18,0,8,0,0,0,0,1,1,6,1,50,8,-1,-1,-1,-1,1,-1
201543W030095,1,9,0,5,0,1,0,0,0,0,1,1,6,1,70,10,-1,-1,-1,-1,2,-1
201543W030095,2,9,0,18,0,1,0,0,7,0,4,1,6,2,49,8,1598,1,9,-1,2,-1
201543W031015,1,9,0,18,0,0,1,0,1,7,1,1,1,1,27,6,2402,2,5,-1,1,-1
201543W031035,1,9,0,7,0,2,0,0,0,0,1,1,6,1,61,9,1598,1,13,-1,3,-1
201543W031045,1,9,0,18,0,8,0,0,0,0,1,1,6,1,39,7,1798,1,7,-1,1,-1
201543W031045,2,1,0,18,0,8,0,0,7,0,1,1,6,2,21,5,-1,-1,-1,-1,1,-1
201543W031075,1,9,0,18,0,8,0,0,0,0,1,1,6,1,19,4,1596,1,6,-1,1,-1
201543W031075,2,9,0,9,0,8,0,0,0,0,4,1,6,2,43,7,1498,1,4,-1,1,-1
201543W032035,1,9,0,9,0,6,0,0,0,0,1,1,6,1,65,9,1296,1,-1,-1,3,-1
201543W032035,2,21,0,18,0,8,0,0,0,0,4,1,1,1,31,6,12777,2,4,-1,1,-1
201543W032095,1,3,0,18,0,8,1,10,7,0,3,1,6,1,20,4,125,1,4,-1,2,-1
201543W032105,1,9,0,9,0,4,0,0,0,0,3,1,6,1,45,7,1560,2,1,-1,-1,-1
201543W032105,2,1,0,18,0,8,0,0,0,0,1,1,1,1,45,7,-1,-1,-1,-1,1,-1
201543W033035,1,9,0,9,0,8,0,0,0,0,3,1,6,1,17,4,1596,1,4,-1,1,-1
201543W033035,2,3,0,18,0,8,0,0,0,0,1,1,2,1,23,5,-1,-1,-1,-1,1,-1
201543W033045,1,9,0,4,0,0,0,0,0,0,1,1,6,1,72,10,1997,1,12,-1,1,-1
201543W033045,2,9,0,4,0,0,0,0,0,0,2,1,6,1,66,10,1995,2,2,-1,1,-1
201543W033065,1,9,0,18,0,0,0,0,0,0,1,1,6,1,-1,-1,2477,2,11,-1,-1,-1
201543W033095,1,9,0,18,0,0,0,0,0,0,4,1,6,1,22,5,2979,1,13,-1,-1,-1
201543W034015,1,9,0,1,9,2,0,0,0,2,0,1,1,2,32,6,1248,2,7,-1,1,-1
201543W034025,1,9,0,18,0,1,0,0,0,0,1,1,6,1,-1,-1,-1,-1,-1,-1,-1,-1
201543W034025,2,9,0,3,0,1,0,0,0,0,2,1,6,1,31,6,1199,1,11,-1,1,-1
201543W034095,1,9,0,18,0,0,0,0,0,0,1,1,6,1,18,4,1242,1,9,-1,1,-1
201543W034095,2,9,0,18,0,0,0,0,0,0,2,1,6,1,29,6,1995,2,10,-1,1,-1
201543W034095,3,9,0,18,0,0,0,0,0,0,2,1,6,1,51,8,4163,1,8,-1,1,-1
201543W034095,4,9,0,3,0,0,0,0,0,0,2,1,6,1,39,7,1598,1,3,-1,1,-1
201543W034095,5,9,0,3,0,0,0,0,0,0,2,1,6,1,43,7,2184,2,9,-1,1,-1
201543W034095,6,9,0,3,0,0,0,0,0,0,2,1,6,2,50,8,1598,2,1,-1,3,-1
201543W034115,1,9,0,9,0,6,0,0,0,0,3,1,2,1,37,7,1896,2,11,-1,1,-1
201543W034115,2,1,0,18,0,8,0,0,0,0,1,1,6,1,24,5,-1,-1,-1,-1,1,-1
201543W035045,1,9,0,7,0,5,0,0,0,0,4,1,6,1,27,6,1560,2,4,-1,2,-1
201543W035045,2,1,0,18,0,8,0,0,0,0,1,1,2,1,52,8,-1,-1,-1,-1,1,-1
201543W035125,1,19,0,18,0,0,0,0,0,0,1,1,1,1,20,4,-1,-1,-1,-1,1,-1
201543W035125,2,9,0,2,0,0,0,0,0,0,2,1,1,2,52,8,1998,2,8,-1,1,-1
201543W036085,1,9,0,5,0,6,0,0,0,0,1,1,6,1,45,7,1968,2,3,-1,1,-1
201543W036085,2,9,0,5,0,6,0,0,0,0,2,1,6,1,47,8,1998,1,11,-1,1,-1
201543W037015,1,2,0,18,4,8,0,0,0,0,1,1,6,1,18,4,124,1,3,-1,1,-1
201543W037015,2,9,0,9,0,5,0,0,0,0,4,1,2,1,29,6,1997,2,4,-1,1,-1
201543W037045,1,20,0,9,0,6,0,0,0,0,1,1,1,1,48,8,2143,2,3,-1,1,-1
201543W037045,2,3,0,18,0,1,0,0,7,0,1,1,6,1,26,6,-1,-1,-1,-1,1,-1
201543W037075,1,9,0,6,0,8,0,0,0,0,3,1,6,1,30,6,1753,2,16,-1,1,-1
201543W037075,2,5,0,18,0,8,0,0,0,0,1,1,6,1,29,6,599,1,4,-1,1,-1
201543W037085,1,9,0,18,0,6,0,0,0,0,4,1,6,2,72,10,1388,1,12,-1,1,-1
201543W037085,2,3,0,18,0,8,0,0,0,0,1,1,6,1,43,7,124,1,9,-1,1,-1
201543W037105,1,9,0,18,0,0,0,0,0,0,0,1,1,1,19,4,2400,2,-1,-1,1,-1
201543W037105,2,9,0,18,0,0,1,0,0,0,4,1,6,1,22,5,-1,-1,-1,-1,1,-1
201543W037105,3,19,0,2,0,0,0,0,0,0,1,1,6,3,-1,-1,1996,2,1,-1,-1,-1
201543W037115,1,19,0,18,0,2,0,0,0,0,3,1,6,1,-1,-1,-1,-1,-1,-1,-1,-1
201543W037125,1,5,0,13,0,0,0,0,0,0,0,1,6,1,23,5,918,1,16,-1,2,-1
201543W038025,1,20,0,18,0,8,0,0,0,0,1,1,1,1,54,8,4250,2,10,-1,1,-1
201543W038025,2,9,0,9,0,8,0,0,0,0,3,1,6,1,57,9,-1,-1,-1,-1,1,-1
201543W038035,1,9,0,18,0,3,0,0,0,0,1,1,6,2,-1,-1,-1,-1,-1,-1,-1,-1
201543W038035,2,9,0,18,0,3,0,0,0,0,3,1,6,2,50,8,1587,1,13,-1,1,-1
201543W038055,1,9,0,18,0,1,0,0,0,0,1,1,6,1,36,7,1910,2,10,-1,1,-1
201543W038055,2,9,0,10,0,8,0,0,0,0,2,1,6,1,44,7,1598,1,2,-1,1,-1
201543W038055,3,9,0,18,0,1,0,0,1,0,1,1,6,1,72,10,1598,1,1,-1,1,-1
201543W038075,1,9,0,9,0,8,0,0,0,0,1,1,6,1,52,8,1896,2,8,-1,3,-1
201543W038075,2,5,0,18,0,1,0,0,7,11,4,1,6,1,40,7,998,1,11,-1,2,-1
201543W038075,3,5,0,18,0,1,0,0,1,0,1,1,6,1,40,7,1293,1,6,-1,1,-1
201543W039085,1,9,0,18,0,4,0,0,0,0,1,1,6,1,68,10,996,1,1,-1,2,-1
201543W039085,2,1,0,9,0,8,0,0,0,0,3,1,6,1,69,10,-1,-1,-1,-1,1,-1
201543W039125,1,9,0,18,0,0,0,0,0,0,1,1,6,1,72,10,1753,2,11,-1,1,-1
201543W039125,2,9,0,3,0,0,0,0,0,0,2,1,6,1,44,7,2199,2,4,-1,3,-1
201543W040025,1,9,0,9,0,5,0,0,0,0,1,1,6,1,34,6,1596,1,12,-1,1,-1
201543W040025,2,9,0,18,0,8,0,0,0,0,3,1,6,2,39,7,995,1,11,-1,3,-1
201543W040035,1,9,0,18,0,1,0,0,0,0,1,1,6,2,28,6,1229,1,7,-1,1,-1
201543W040035,2,9,0,4,0,1,0,0,0,0,2,1,6,1,48,8,1398,1,3,-1,1,-1
201543W040035,3,9,0,4,0,1,0,0,0,0,2,1,1,2,52,8,2979,1,12,-1,1,-1
201543W040045,1,9,0,18,0,1,0,0,7,2,1,1,2,2,58,9,1798,8,3,-1,2,-1
201543W040105,1,9,0,9,0,8,0,0,0,0,1,1,6,1,36,7,1368,1,11,-1,3,-1
201543W040105,2,9,0,18,0,8,0,0,0,0,4,1,2,2,63,9,1995,2,7,-1,2,-1
201543W040125,1,9,0,18,0,4,0,0,0,0,1,1,6,1,-1,-1,1686,2,10,-1,-1,-1
201543W040125,2,1,0,9,0,8,1,0,0,0,4,1,6,1,51,8,-1,-1,-1,-1,2,-1
201543W041045,1,4,0,18,0,1,0,0,0,0,1,1,6,1,27,6,124,1,6,-1,1,-1
201543W041045,2,9,0,10,0,1,0,0,0,0,2,1,1,2,52,8,1341,1,11,-1,1,-1
201543W041055,1,9,0,18,0,6,0,0,7,1,1,2,1,1,25,5,2500,1,-1,-1,1,-1
201543W041055,2,9,0,18,0,8,0,0,0,0,3,1,1,1,29,6,1390,1,14,-1,3,-1
201543W041075,1,9,0,18,0,0,0,0,0,0,4,1,6,2,26,6,1388,1,13,-1,1,-1
201543W041075,2,1,0,9,0,0,0,0,0,0,1,1,6,1,23,5,-1,-1,-1,-1,1,-1
201543W041115,1,3,0,4,0,0,1,0,0,0,3,1,2,1,23,5,124,1,5,-1,1,-1
201543W042055,1,9,0,18,0,4,0,0,1,0,1,1,6,1,84,11,1598,1,13,-1,1,-1
201543W042055,2,9,0,18,0,8,0,0,0,0,4,1,1,1,27,6,1896,2,11,-1,1,-1
201543W042105,1,9,0,18,0,3,1,0,7,1,1,1,1,2,62,9,1596,1,14,-1,1,-1
201543W042125,1,9,0,9,0,5,0,0,0,0,4,1,6,2,-1,-1,1598,1,8,-1,-1,-1
201543W042125,2,1,0,18,0,8,0,0,0,0,1,1,4,1,14,3,-1,-1,-1,-1,1,-1
201543W043025,1,9,0,7,0,5,0,0,0,0,4,1,6,1,-1,-1,-1,-1,-1,-1,-1,-1
201543W043035,1,9,0,12,0,0,2,0,0,0,4,1,6,1,24,5,1229,1,10,-1,1,-1
201543W043055,1,19,0,12,0,3,0,0,0,0,1,1,1,1,17,4,-1,-1,-1,-1,3,-1
201543W043055,2,5,0,18,0,3,0,0,0,0,2,1,1,1,59,9,-1,-1,-1,-1,3,-1
201543W043105,1,9,0,11,0,0,1,0,4,6,1,1,6,1,30,6,1242,1,7,-1,2,-1
201543W043105,2,9,0,18,0,0,0,0,0,0,0,1,6,3,-1,-1,-1,-1,-1,-1,-1,-1
201543W044025,1,9,0,5,0,4,0,0,0,0,1,1,6,1,60,9,-1,-1,-1,-1,1,-1
201543W044025,2,9,0,18,0,8,0,0,0,0,1,1,6,2,17,4,-1,-1,-1,-1,-1,-1
201543W045035,1,9,0,9,0,5,0,0,0,0,4,1,1,1,20,4,1956,2,2,-1,1,-1
201543W045035,2,3,0,18,0,8,1,0,0,0,1,1,6,1,21,5,124,1,7,-1,1,-1
201543W045045,1,9,0,1,0,2,0,0,0,0,2,1,1,1,38,7,1991,2,13,-1,-1,-1
201543W045045,2,90,0,7,0,2,0,0,0,0,1,1,1,1,62,9,-1,-1,-1,-1,1,-1
201543W045105,1,1,0,18,0,6,0,0,0,0,4,1,6,1,14,3,-1,-1,-1,-1,1,-1
201543W045105,2,9,0,18,0,2,0,0,0,0,1,1,6,1,40,7,2204,2,7,-1,1,-1
201543W046035,1,9,0,7,0,6,0,0,0,0,3,1,2,2,46,8,1598,1,1,-1,1,-1
201543W046035,2,9,0,14,0,1,0,0,0,0,3,1,6,1,28,6,-1,-1,-1,-1,1,-1
201543W046125,1,9,0,12,0,0,0,0,0,0,3,1,6,1,35,6,2457,1,13,-1,1,-1
201543W046125,2,5,0,18,0,0,0,0,0,0,4,1,2,1,29,6,-1,-1,-1,-1,3,-1
201543W047025,1,9,0,18,0,8,0,0,0,0,1,1,6,1,34,6,1242,1,15,-1,-1,-1
201543W047025,2,9,0,18,0,8,0,0,0,0,2,1,6,1,28,6,-1,-1,-1,-1,1,-1
201543W047065,1,21,0,9,0,1,0,0,0,0,4,1,1,1,55,8,4462,2,2,-1,1,-1
201543W047065,2,9,0,18,0,1,0,0,0,0,1,1,6,2,48,8,2987,2,6,-1,-1,-1
201543W047075,1,9,0,18,0,4,0,0,0,0,1,1,6,3,-1,-1,-1,-1,-1,-1,1,-1
201543W047075,2,9,0,18,0,8,0,0,0,0,4,1,6,2,50,8,-1,-1,-1,-1,1,-1
201543W047105,1,11,0,5,2,0,0,0,0,0,4,1,1,1,48,8,6700,2,-1,-1,1,-1
201543W047105,2,11,0,5,2,0,0,0,0,0,2,1,1,1,39,7,6700,2,-1,-1,1,-1
201543W048065,1,23,0,18,0,0,0,0,0,0,1,1,6,2,23,5,-1,-1,-1,-1,1,-1
201543W048105,1,9,0,9,0,8,0,0,0,0,3,1,1,1,50,8,1364,1,4,-1,1,-1
201543W048105,2,1,0,14,0,8,0,0,0,0,4,1,6,1,34,6,-1,-1,-1,-1,2,-1
201543W048125,1,9,0,18,0,8,0,0,0,0,4,1,2,1,54,8,1461,2,2,-1,1,-1
201543W048125,2,1,0,18,0,8,0,0,0,0,3,1,2,1,46,8,-1,-1,-1,-1,1,-1
201543W049065,1,9,0,18,0,8,0,0,0,0,1,1,6,2,36,7,1461,2,1,-1,1,-1
201543W049065,2,22,0,18,0,8,0,0,0,0,4,1,6,1,94,11,-1,-1,-1,-1,-1,-1
201543W050035,1,9,0,9,0,4,0,0,0,0,1,1,1,1,47,8,1686,2,5,-1,1,-1
201543W050035,2,5,0,9,0,8,0,0,0,0,4,1,6,1,53,8,955,1,13,-1,1,-1
201543W050055,1,9,0,18,0,4,0,0,0,0,1,1,2,1,41,7,2967,2,1,-1,1,-1
201543W050055,2,97,0,18,0,8,0,0,1,0,4,1,2,1,37,7,-1,-1,-1,-1,-1,-1
201543W051035,1,9,0,13,0,8,0,0,0,0,1,1,6,2,53,8,1149,1,9,-1,1,-1
201543W051035,2,1,0,9,0,8,0,0,0,0,3,1,6,2,50,8,-1,-1,-1,-1,3,-1
201543W051055,1,19,0,14,0,0,0,0,0,0,1,1,6,1,-1,-1,-1,-1,-1,-1,-1,-1
201543W052025,1,9,0,18,0,4,0,0,0,0,3,1,6,1,-1,-1,1596,1,13,-1,-1,-1
201543W052025,2,1,0,9,0,8,0,0,0,0,1,1,6,1,24,5,-1,-1,-1,-1,2,-1
201543W052085,1,9,0,18,0,8,0,0,0,0,1,1,6,2,45,7,1796,1,10,-1,1,-1
201543W052085,2,9,0,9,0,8,0,0,0,0,1,1,6,1,57,9,-1,-1,-1,-1,1,-1
201543W052115,1,9,0,18,0,1,0,0,0,0,1,1,6,1,-1,-1,-1,-1,-1,-1,-1,-1
201543W052115,2,1,0,18,0,1,0,0,0,0,3,1,6,2,25,5,-1,-1,-1,-1,1,-1
201543W053035,1,9,0,18,0,2,0,0,0,0,4,1,6,3,-1,-1,3199,1,12,-1,1,-1
201543W053045,1,19,0,13,0,0,0,0,0,0,4,1,6,1,48,8,2143,2,3,-1,1,-1
201543W053045,2,1,0,18,0,0,0,0,0,0,3,1,6,1,63,9,-1,-1,-1,-1,3,-1
201543W053065,1,9,0,18,0,4,0,9,0,0,1,1,6,1,49,8,1840,1,15,-1,1,-1
201543W054035,1,9,0,18,0,0,1,0,4,6,2,1,6,1,43,7,-1,-1,-1,-1,1,-1
201543W054035,2,9,0,12,0,0,0,0,0,0,1,1,6,1,-1,-1,-1,-1,-1,-1,-1,-1
201543W054065,1,9,0,9,0,6,0,0,0,0,3,1,2,2,26,6,1242,1,4,-1,1,-1
201543W054065,2,19,0,18,0,8,0,0,0,0,1,1,1,1,25,5,2198,2,6,-1,1,-1
201543W054085,1,9,0,11,0,0,0,0,0,0,2,1,6,1,38,7,1560,2,3,-1,1,-1
201543W054085,2,5,0,18,0,0,0,0,0,0,1,1,6,1,35,6,-1,-1,-1,-1,3,-1
201543W054095,1,9,0,7,0,6,0,0,7,4,4,1,6,2,45,7,1995,2,4,-1,2,-1
201543W054095,2,9,0,18,0,2,0,0,0,0,3,1,6,1,29,6,1968,2,9,-1,1,-1
201543W054115,1,9,0,9,0,2,0,0,0,0,1,1,6,3,-1,-1,-1,-1,-1,-1,-1,-1
201543W054125,1,9,0,3,0,1,0,0,0,0,1,1,6,1,84,11,1598,1,3,-1,1,-1
201543W054125,2,9,0,4,0,1,0,0,0,0,2,1,2,2,27,6,1422,2,14,-1,1,-1
201543W055015,1,9,0,7,0,8,0,0,0,0,4,1,6,1,42,7,1398,1,11,-1,1,-1
201543W055045,1,9,0,18,0,1,0,0,0,0,1,1,6,1,-1,-1,-1,-1,-1,-1,-1,-1
201543W055045,2,9,0,3,0,1,0,0,0,0,2,1,6,2,46,8,1242,1,8,-1,1,-1
201543W055115,1,9,0,18,0,0,0,0,0,0,0,1,6,3,-1,-1,-1,-1,-1,-1,-1,-1
201543W055115,2,19,0,18,0,0,0,0,0,0,1,1,6,1,35,6,1560,2,2,-1,-1,-1
201543W055115,3,9,0,18,0,0,0,0,0,0,2,2,6,1,27,6,-1,-1,-1,-1,-1,-1
201543W055125,1,1,0,9,0,8,0,0,0,0,3,1,6,1,73,10,-1,-1,-1,-1,1,-1
201543W055125,2,9,0,13,0,8,0,0,0,0,4,1,2,1,54,8,4293,1,13,-1,1,-1
201543W056025,1,5,0,18,0,0,0,0,0,0,1,1,6,1,40,7,599,1,7,-1,1,-1
201543W056025,2,9,0,18,0,0,0,0,0,0,2,1,6,1,27,6,2324,1,13,-1,1,-1
201543W056035,1,9,0,18,0,8,0,0,0,0,4,1,6,2,46,8,1595,1,6,-1,1,-1
201543W056035,2,9,0,18,0,8,0,0,0,0,1,1,6,2,23,5,1329,1,1,-1,1,-1
201543W056075,1,9,0,18,0,1,0,0,0,0,1,1,1,1,28,6,1598,1,11,-1,3,-1
201543W056075,2,1,0,9,0,1,0,0,0,0,2,1,1,1,38,7,-1,-1,-1,-1,1,-1
201543W056085,1,9,0,9,0,8,0,0,0,0,3,1,2,2,30,6,1242,1,6,-1,1,-1