Accident_Index,Vehicle_Reference,Vehicle_Type,Towing_and_Articulation,Vehicle_Manoeuvre,Vehicle_Location-Restricted_Lane,Junction_Location,Skidding_and_Overturning,Hit_Object_in_Carriageway,Vehicle_Leaving_Carriageway,Hit_Object_off_Carriageway,1st_Point_of_Impact,Was_Vehicle_Left_Hand_Drive?,Journey_Purpose_of_Driver,Sex_of_Driver,Age_of_Driver,Age_Band_of_Driver,Engine_Capacity_(CC),Propulsion_Code,Age_of_Vehicle,Driver_IMD_Decile,Driver_Home_Area_Type,Vehicle_IMD_Decile
201543W133125,2,9,0,18,0,0,0,0,0,0,1,1,2,1,51,8,1799,1,6,-1,3,-1
201543W134015,1,9,0,18,0,2,0,0,0,0,1,1,2,2,64,9,1998,1,8,-1,1,-1
201543W134035,1,9,0,18,0,1,0,0,0,0,4,1,1,1,18,4,-1,-1,-1,-1,3,-1
201543W134065,1,9,0,18,0,1,0,0,0,0,1,1,6,1,25,5,1796,1,8,-1,1,-1
201543W134065,2,9,0,10,0,1,0,0,0,0,4,1,6,2,46,8,1242,1,14,-1,1,-1
201543W134105,1,9,0,18,0,6,0,0,0,0,1,1,6,2,27,6,1390,1,1,-1,1,-1
201543W135015,1,9,0,18,0,2,1,0,1,0,4,1,6,1,19,4,-1,-1,-1,-1,3,-1
201543W135015,2,19,0,2,9,2,0,0,0,0,2,1,6,1,-1,-1,-1,-1,-1,-1,-1,-1
201543W135035,1,9,0,9,0,5,0,0,0,0,3,1,1,1,48,8,1560,2,2,-1,1,-1
201543W135035,2,3,0,13,0,8,0,0,0,0,4,1,2,1,25,5,125,1,2,-1,1,-1
201543W136025,1,9,0,7,0,6,0,0,0,0,1,1,6,1,35,6,-1,-1,-1,-1,1,-1
201543W136045,1,9,0,14,0,1,1,0,1,0,1,1,3,2,50,8,1248,1,3,-1,1,-1
201543W136045,2,9,0,18,0,1,1,10,1,0,1,1,3,1,42,7,1596,1,6,-1,1,-1
201543W136045,3,9,0,10,0,8,0,0,0,0,3,1,3,2,41,7,1968,2,7,-1,1,-1
201543W136085,1,21,1,18,0,0,0,0,4,6,1,1,1,1,68,10,12777,2,2,-1,1,-1
201543W137075,1,9,0,7,0,1,0,0,0,0,4,1,6,1,45,7,1910,2,7,-1,1,-1
201543W137075,2,1,0,18,0,1,0,0,0,0,1,1,6,1,17,4,-1,-1,-1,-1,1,-1
201543W137115,1,9,0,9,0,6,0,0,0,0,1,1,6,3,62,9,1596,1,12,-1,1,-1
201543W137115,2,4,0,18,0,8,0,0,0,0,1,1,6,1,46,8,450,1,9,-1,2,-1
201543W138095,1,1,0,18,0,0,0,0,0,0,1,1,6,1,14,3,-1,-1,-1,-1,1,-1
201543W138095,2,9,0,18,0,0,0,0,0,0,4,1,6,2,62,9,1299,1,18,-1,1,-1
201543W138115,1,9,0,3,0,1,0,0,0,0,3,1,1,1,35,6,1997,2,6,-1,1,-1
201543W138115,2,1,0,18,0,1,0,0,0,0,1,1,6,1,42,7,-1,-1,-1,-1,1,-1
201543W139015,1,9,0,18,0,0,0,0,0,0,1,1,6,1,26,6,-1,-1,-1,-1,1,-1
201543W139015,2,9,0,3,0,0,0,0,0,0,2,1,6,1,32,6,1798,1,7,-1,1,-1
201543W139015,3,9,0,3,0,0,0,0,0,0,2,1,6,2,22,5,1596,1,7,-1,1,-1
201543W139015,4,9,0,3,0,0,0,0,0,0,2,1,6,1,39,7,1124,1,15,-1,1,-1
201543W139035,1,9,0,6,0,1,0,0,0,0,1,1,6,1,45,7,3997,2,8,-1,1,-1
201543W139055,1,9,0,18,0,0,1,0,0,0,1,1,2,1,32,6,1968,2,-1,-1,-1,-1
201543W139055,2,9,0,18,0,0,1,0,0,0,2,1,1,1,41,7,1560,2,2,-1,1,-1
201543W139055,3,5,0,18,0,0,1,0,0,0,4,1,6,1,52,8,892,1,16,-1,1,-1
201543W139075,1,9,0,18,0,2,0,0,0,0,1,1,6,1,-1,-1,2993,2,4,-1,-1,-1
201543W139075,2,1,0,18,0,2,0,0,0,0,2,1,2,1,25,5,-1,-1,-1,-1,1,-1
201543W140015,1,11,0,18,0,3,0,0,0,0,4,1,6,1,50,8,-1,-1,-1,-1,-1,-1
201543W140035,1,9,0,9,0,8,0,0,0,0,1,1,6,3,-1,-1,-1,-1,-1,-1,-1,-1
201543W140035,2,1,0,18,0,8,0,0,0,0,1,1,6,1,21,5,-1,-1,-1,-1,1,-1
201543W140055,1,1,0,5,0,2,0,0,0,0,3,1,2,2,48,8,-1,-1,-1,-1,-1,-1
201543W140055,2,9,0,18,0,1,0,0,0,0,1,1,6,2,37,7,1461,2,-1,-1,1,-1
201543W140115,1,9,0,18,0,0,0,0,0,0,1,1,6,3,-1,-1,-1,-1,-1,-1,-1,-1
201543W140115,2,1,0,13,0,0,0,0,0,0,2,1,6,1,19,4,-1,-1,-1,-1,1,-1
201543W141015,1,9,0,18,0,4,0,9,3,1,1,1,6,1,75,10,1598,1,1,-1,1,-1
201543W141115,1,9,0,18,0,0,0,0,0,0,1,1,6,3,-1,-1,1461,2,11,-1,1,-1
201543W141115,2,1,0,18,0,0,0,0,0,0,4,1,4,1,11,3,-1,-1,-1,-1,1,-1
201543W142025,1,9,0,18,0,0,0,0,0,0,1,1,6,3,-1,-1,-1,-1,-1,-1,-1,-1
201543W142025,2,1,0,18,0,0,0,0,0,0,2,1,6,1,21,5,-1,-1,-1,-1,3,-1
201543W142065,1,19,0,4,0,1,0,0,0,0,1,1,1,1,47,8,2148,2,5,-1,1,-1
201543W142065,2,9,0,4,0,1,0,0,0,0,2,1,6,1,28,6,-1,-1,-1,-1,-1,-1
201543W142075,1,9,0,17,0,8,0,0,7,9,1,1,1,1,52,8,1968,2,4,-1,1,-1
201543W142075,2,9,0,8,0,6,0,0,0,0,3,1,6,2,21,5,1242,1,-1,-1,1,-1
201543W142085,1,9,0,18,0,8,0,0,0,0,1,1,1,1,27,6,1452,1,31,-1,1,-1
201543W142085,2,9,0,7,0,8,0,0,0,0,1,1,6,2,21,5,-1,-1,-1,-1,3,-1
201543W143055,1,9,0,7,0,5,0,0,0,0,1,1,6,1,-1,-1,-1,-1,-1,-1,-1,-1
201543W143055,2,1,0,18,0,8,0,0,0,0,3,1,6,1,27,6,-1,-1,-1,-1,1,-1
201543W143075,1,9,0,18,0,8,0,0,0,0,1,1,6,2,60,9,1398,1,14,-1,1,-1
201543W143075,2,9,0,9,0,6,0,0,0,0,3,1,6,2,33,6,1598,1,5,-1,1,-1
201543W144025,1,9,0,18,0,1,1,0,0,0,1,1,6,2,25,5,998,1,1,-1,-1,-1
201543W144025,2,9,0,7,0,1,1,0,0,0,1,1,6,2,35,6,-1,-1,-1,-1,1,-1
201543W144045,1,8,0,18,2,1,0,0,0,0,1,1,1,1,32,6,2499,2,6,-1,1,-1
201543W144065,1,9,0,17,0,8,0,0,0,0,1,1,6,1,-1,-1,1587,1,13,-1,1,-1
201543W144065,2,21,0,9,0,8,0,0,0,0,4,1,2,1,-1,-1,7146,2,5,-1,1,-1
201543W144115,1,9,0,5,0,4,0,0,0,0,1,1,1,2,34,6,1598,1,7,-1,2,-1
201543W144115,2,1,0,18,0,8,0,0,0,0,4,1,6,1,47,8,-1,-1,-1,-1,1,-1
201543W145015,1,9,0,18,0,0,0,12,0,0,1,1,6,2,21,5,1388,1,4,-1,1,-1
201543W145045,1,9,0,5,0,0,0,0,0,0,4,1,6,1,-1,-1,-1,-1,-1,-1,-1,-1
201543W145045,2,1,0,5,0,0,0,0,0,0,3,1,6,2,57,9,-1,-1,-1,-1,1,-1
201543W145065,1,11,0,18,0,0,0,0,0,0,4,1,1,1,45,7,6700,2,4,-1,-1,-1
201543W146015,1,9,0,5,0,1,0,0,0,0,1,1,6,1,40,7,2143,2,1,-1,1,-1
201543W146065,1,3,0,17,0,0,0,0,1,4,1,1,6,1,17,4,124,1,28,-1,1,-1
201543W146075,1,9,3,18,0,8,0,0,0,0,0,1,6,3,-1,-1,-1,-1,-1,-1,-1,-1
201543W146075,2,5,0,13,0,8,0,0,0,0,3,1,6,1,55,8,1520,1,15,-1,2,-1
201543W146115,1,9,0,18,0,2,0,0,0,0,1,1,6,1,34,6,998,1,10,-1,1,-1
201543W147065,1,1,0,4,0,0,0,0,0,0,1,1,6,1,36,7,-1,-1,-1,-1,1,-1
201543W147065,2,9,0,4,0,0,0,0,0,0,2,1,6,1,33,6,1896,2,13,-1,1,-1
201543W147075,1,9,0,18,0,0,2,6,0,11,1,1,2,1,27,6,1242,1,17,-1,1,-1
201543W147095,1,9,0,18,0,8,0,0,0,0,4,1,3,2,40,7,-1,-1,-1,-1,1,-1
201543W147095,2,1,0,18,0,8,0,0,0,0,3,1,4,1,15,3,-1,-1,-1,-1,1,-1
201543W148055,1,1,0,18,9,0,0,0,0,0,1,1,4,1,12,3,-1,-1,-1,-1,1,-1
201543W148055,2,9,0,18,0,0,0,0,0,0,2,1,6,2,-1,-1,-1,-1,-1,-1,-1,-1
201543W148075,1,9,0,18,0,0,1,10,2,6,1,1,6,1,31,6,1796,1,11,-1,1,-1
201543W148075,2,9,4,18,0,0,0,0,0,0,2,1,6,1,34,6,1995,2,5,-1,3,-1
201543W148075,3,9,0,18,0,0,0,0,0,0,1,1,6,1,35,6,2179,2,3,-1,-1,-1
201543W149015,1,9,0,4,0,8,0,0,0,0,1,1,2,2,31,6,1560,2,2,-1,1,-1
201543W149015,2,9,0,18,0,1,0,0,0,0,2,1,2,2,51,8,2987,2,6,-1,1,-1
201543W149025,1,9,0,18,0,0,0,0,0,0,1,1,6,1,27,6,1596,1,14,-1,1,-1
201543W149035,1,9,0,14,0,0,0,0,0,0,1,1,6,1,21,5,998,1,2,-1,2,-1
201543W149035,2,9,0,18,0,0,0,0,0,0,1,1,6,2,24,5,1560,2,9,-1,1,-1
201543W149045,1,9,0,9,0,3,0,0,0,0,1,1,2,1,44,7,4196,1,10,-1,3,-1
201543W149065,1,9,0,9,0,0,0,7,7,1,4,1,6,2,55,8,1999,1,6,-1,1,-1
201543W149095,1,9,0,18,0,8,0,0,7,0,1,1,6,2,23,5,1596,1,12,-1,1,-1
201543W149105,1,19,0,7,0,6,0,0,0,0,1,1,1,1,26,6,2402,2,11,-1,1,-1
201543W149105,2,9,0,18,0,8,1,0,1,4,4,1,6,2,33,6,1798,1,11,-1,1,-1
201543W149115,1,9,0,18,0,0,1,0,1,9,2,1,6,2,73,10,1796,1,10,-1,3,-1
201543W149125,1,9,0,18,0,8,0,0,0,0,1,1,1,1,35,6,1560,2,2,-1,1,-1
201543W149125,2,9,0,18,0,8,0,0,0,0,1,1,3,1,40,7,1598,1,5,-1,1,-1
201543W149125,3,9,0,3,0,1,0,0,0,0,3,1,6,2,-1,-1,999,1,2,-1,-1,-1
201543W150035,1,19,0,7,0,8,0,0,0,0,1,1,6,3,-1,-1,1753,2,5,-1,-1,-1
201543W150035,2,9,0,18,0,8,0,0,0,0,3,1,6,1,40,7,1798,1,6,-1,1,-1
201543W150065,1,9,0,5,0,4,0,0,0,0,1,1,6,1,55,8,1598,1,7,-1,1,-1
201543W150065,2,1,0,18,0,8,0,0,0,0,4,1,6,2,40,7,-1,-1,-1,-1,1,-1
201543W150075,1,2,0,17,0,0,0,10,7,10,1,1,6,2,19,4,-1,-1,-1,-1,-1,-1
201543W150095,1,9,0,18,0,0,1,0,0,0,1,1,2,1,35,6,2400,2,8,-1,1,-1
201543W150095,2,9,0,4,0,0,0,0,0,0,2,1,2,1,29,6,998,1,2,-1,1,-1
201543W150095,3,9,0,4,0,0,0,0,0,0,2,1,2,2,38,7,1984,1,15,-1,1,-1
201543W150095,4,8,0,18,0,0,0,0,0,0,0,1,6,3,-1,-1,-1,-1,-1,-1,-1,-1
201543W151025,1,9,0,18,0,0,0,0,0,0,1,1,6,1,25,5,1360,1,13,-1,1,-1
201543W151025,2,9,0,4,0,0,0,0,0,0,2,1,6,2,48,8,2295,1,13,-1,1,-1
201543W151065,1,21,0,12,0,0,0,0,0,0,3,2,1,1,31,6,-1,-1,-1,-1,1,-1
201543W151065,2,9,0,18,0,0,0,0,1,7,4,1,2,1,39,7,1896,2,15,-1,2,-1
201543W151075,1,9,0,18,0,6,0,0,0,0,1,1,6,2,32,6,1388,1,5,-1,3,-1
201543W151075,2,9,0,18,0,8,0,0,7,11,4,1,6,1,61,9,996,1,4,-1,1,-1
201543W151085,1,9,0,18,0,0,1,0,0,0,1,1,2,1,25,5,-1,-1,-1,-1,1,-1
201543W151085,2,9,0,18,0,0,0,0,0,0,2,1,1,1,33,6,1995,2,7,-1,1,-1
201543W151085,3,9,0,18,0,0,0,0,0,0,0,1,1,1,40,7,-1,-1,-1,-1,-1,-1
201543W151085,4,9,3,18,0,0,0,0,0,0,0,1,6,1,25,5,-1,-1,-1,-1,1,-1
201543W152025,1,9,0,5,0,1,0,0,0,0,4,1,6,1,67,10,1596,1,10,-1,1,-1
201543W152025,2,1,0,5,0,1,0,0,0,0,3,1,6,2,36,7,-1,-1,-1,-1,-1,-1
201543W152035,1,9,0,18,0,0,1,0,7,11,1,1,6,1,33,6,1895,1,17,-1,1,-1
201543W152045,1,8,0,18,0,4,0,0,0,0,1,1,6,1,-1,-1,1598,1,11,-1,-1,-1
201543W152045,2,9,0,18,0,4,0,0,0,0,1,1,4,2,26,6,1995,1,10,-1,2,-1
201543W152085,1,9,0,18,0,8,0,0,0,0,1,1,6,1,30,6,1198,1,-1,-1,1,-1
201543W152085,2,9,0,9,0,6,0,0,0,0,3,1,6,1,19,4,998,1,10,-1,1,-1
201543W153015,1,9,0,18,0,2,0,0,0,0,1,1,6,3,-1,-1,-1,-1,-1,-1,-1,-1
201543W153025,1,9,0,17,0,0,1,0,7,4,1,1,6,1,28,6,-1,-1,-1,-1,1,-1
201543W153065,1,9,0,18,0,0,0,0,7,11,1,1,6,2,35,6,1587,1,8,-1,1,-1
201543W153105,1,9,0,9,0,5,0,0,0,0,3,1,6,2,-1,-1,-1,-1,-1,-1,-1,-1
201543W153125,1,9,0,18,0,0,0,0,0,0,1,1,2,1,54,8,1685,2,1,-1,3,-1
201543W153125,2,9,0,18,0,0,0,0,0,0,2,1,2,1,39,7,1998,1,8,-1,1,-1
201543W154115,1,9,0,18,0,1,0,4,0,0,1,1,6,1,33,6,1995,2,3,-1,1,-1
201543W154115,2,9,0,2,0,1,0,0,1,0,3,1,6,3,-1,-1,1595,1,14,-1,-1,-1
201543W155025,1,9,0,18,0,0,2,0,1,1,1,1,6,1,29,6,1422,2,13,-1,1,-1
201543W155035,1,9,0,18,0,0,0,0,0,0,1,1,6,1,35,6,1796,1,7,-1,1,-1
201543W155035,2,9,0,18,0,0,5,0,0,0,2,1,6,1,33,6,-1,-1,-1,-1,2,-1
201543W155035,3,9,0,4,0,0,0,0,0,0,1,1,6,1,35,6,1560,2,7,-1,1,-1
201543W155085,1,9,0,16,0,2,2,0,1,10,1,1,2,1,23,5,1598,1,11,-1,1,-1
201543W155105,1,9,0,7,0,6,0,0,0,0,4,1,6,2,70,10,1324,1,23,-1,-1,-1
201543W155105,2,1,0,18,0,8,0,0,0,0,3,1,6,1,35,6,-1,-1,-1,-1,1,-1
201543W155115,1,9,0,18,0,4,0,0,0,0,3,1,6,1,33,6,-1,-1,-1,-1,1,-1
201543W155115,2,9,0,9,0,8,0,0,0,0,4,1,6,2,27,6,1229,1,2,-1,1,-1
201543W156055,1,9,0,9,0,5,0,0,0,0,4,1,6,1,32,6,1896,2,13,-1,1,-1
201543W156055,2,1,0,18,0,8,0,0,0,0,1,1,6,1,22,5,-1,-1,-1,-1,1,-1
201543W156065,1,9,0,18,0,3,0,0,0,0,4,1,6,2,-1,-1,1997,1,10,-1,-1,-1
201543W156085,1,9,0,18,0,1,0,0,0,0,3,1,6,2,28,6,1328,1,10,-1,1,-1
201543W157045,1,9,0,18,0,0,0,0,0,0,1,1,6,2,34,6,1596,1,7,-1,1,-1
201543W157055,1,9,0,9,0,5,0,0,0,0,4,1,6,2,50,8,1598,1,10,-1,1,-1
201543W157055,2,1,0,18,0,8,0,0,0,0,1,1,6,1,39,7,-1,-1,-1,-1,1,-1
201543W157095,1,9,0,9,0,8,0,0,0,0,1,1,6,2,28,6,2993,2,8,-1,-1,-1
201543W157095,2,9,0,18,0,1,1,10,0,0,3,1,6,1,17,4,1199,1,13,-1,1,-1
201543W158055,1,9,0,18,0,1,0,0,0,0,1,1,6,3,-1,-1,1900,2,11,-1,1,-1
201543W158055,2,9,0,2,0,1,0,0,0,0,3,1,6,3,-1,-1,1248,1,5,-1,-1,-1
201543W158055,3,9,0,2,0,1,0,0,0,0,3,1,6,3,-1,-1,1298,1,13,-1,-1,-1
201543W158055,4,9,0,2,0,1,0,0,0,0,3,1,6,3,-1,-1,1360,1,14,-1,-1,-1
201543W158055,5,9,0,2,0,1,0,0,0,0,0,1,6,3,-1,-1,1968,2,6,-1,-1,-1
201543W158055,6,9,0,2,0,1,0,0,0,0,0,1,6,3,-1,-1,1590,1,10,-1,-1,-1
201543W158125,1,9,0,18,0,0,0,0,0,0,1,1,6,1,44,7,3800,1,5,-1,1,-1
201543W159085,1,9,0,17,0,1,0,0,0,0,1,1,6,1,22,5,-1,-1,-1,-1,3,-1
201543W159085,2,9,0,16,0,1,0,0,0,0,1,1,6,2,25,5,1999,1,6,-1,3,-1
201543W159105,1,9,0,18,0,0,0,11,0,0,4,1,6,2,47,8,1198,1,3,-1,1,-1
201543W159125,1,9,0,18,0,0,0,0,0,0,1,1,6,1,79,11,1598,1,11,-1,3,-1
201543W159125,2,19,0,18,0,0,0,0,0,0,2,1,1,1,49,8,2198,2,3,-1,3,-1
201543W160015,1,9,0,9,0,5,0,0,0,0,4,1,6,2,54,8,1248,1,1,-1,1,-1
201543W160015,2,9,0,18,0,8,0,7,7,1,1,1,6,2,21,5,1598,2,2,-1,1,-1
201543W160035,1,9,0,18,0,8,0,0,0,0,1,1,2,1,49,8,1598,1,12,-1,1,-1
201543W160035,2,1,0,9,0,8,1,0,0,0,2,1,2,1,25,5,-1,-1,-1,-1,1,-1
201543W160045,1,9,0,11,0,8,0,0,0,0,0,1,6,1,-1,-1,-1,-1,-1,-1,-1,-1
201543W160045,2,3,0,18,0,8,0,0,0,0,0,1,2,1,22,5,125,1,4,-1,1,-1
201543W160065,1,9,0,18,0,0,0,0,0,0,1,1,2,1,22,5,973,1,13,-1,1,-1
201543W160065,2,9,0,4,0,0,0,0,0,0,2,1,2,2,46,8,2148,2,13,-1,1,-1
201543W160075,1,9,0,5,0,4,0,0,0,0,1,1,6,1,50,8,1587,1,14,-1,1,-1
201543W160075,2,1,0,9,0,8,0,0,0,0,1,1,6,1,47,8,-1,-1,-1,-1,1,-1
201543W161035,1,9,0,4,0,1,0,0,0,0,1,1,6,1,30,6,-1,-1,-1,-1,1,-1
201543W161035,2,9,0,9,0,1,0,0,0,0,2,1,6,1,60,9,1461,2,3,-1,1,-1
201543W161065,1,5,0,13,0,8,1,0,0,0,1,1,6,1,68,10,1157,1,10,-1,1,-1
201543W161065,2,19,0,9,0,5,0,0,0,0,3,1,6,1,25,5,2198,2,4,-1,1,-1
201543W161075,1,9,0,5,0,2,0,0,0,0,3,1,6,1,29,6,-1,-1,-1,-1,1,-1
201543W161085,1,9,0,9,0,6,0,0,0,0,1,1,1,2,52,8,1248,2,3,-1,1,-1
201543W161085,2,9,0,18,0,1,0,0,1,0,4,1,1,1,58,9,2720,2,7,-1,1,-1
201543W161085,3,9,0,10,0,2,0,0,0,0,3,1,1,2,37,7,1229,1,4,-1,1,-1
201543W161085,4,9,0,4,0,2,0,0,0,0,1,1,1,1,35,6,2435,1,18,-1,1,-1
201543W162015,1,9,0,7,0,8,0,0,0,0,1,1,6,1,40,7,2902,2,11,-1,1,-1
201543W162015,2,9,0,4,0,1,0,0,0,0,1,1,6,2,32,6,1796,1,13,-1,1,-1
201543W162065,1,9,0,9,0,6,0,0,0,0,3,1,6,2,63,9,2993,2,5,-1,1,-1
201543W162065,2,9,0,18,0,8,1,0,0,0,1,1,6,2,37,7,1598,2,4,-1,1,-1
201543W162095,1,9,0,9,0,2,0,0,0,0,1,1,6,2,30,6,-1,-1,-1,-1,-1,-1
201543W163015,1,9,0,18,0,0,0,0,0,0,3,1,6,2,70,10,1596,1,8,-1,1,-1
201543W163045,1,9,0,18,0,0,0,0,0,0,1,1,6,1,34,6,-1,-1,-1,-1,1,-1
201543W163045,2,9,0,6,0,0,0,0,0,0,3,1,6,2,21,5,1560,2,4,-1,1,-1
201543W163065,1,9,0,5,0,6,0,0,0,0,1,1,6,2,86,11,1248,1,6,-1,1,-1
201543W163065,2,9,0,2,0,2,0,0,0,0,4,1,6,3,-1,-1,1560,2,1,-1,-1,-1
201543W163085,1,19,0,14,0,0,0,0,0,0,1,1,1,1,56,9,1997,2,6,-1,1,-1
201543W163095,1,8,0,18,2,8,0,0,0,0,1,1,1,1,70,10,2143,2,3,-1,1,-1
201543W163095,2,9,0,9,0,8,0,0,0,0,1,1,6,2,51,8,2400,2,4,-1,1,-1
201543W163105,1,9,0,18,0,0,1,0,0,0,1,1,2,1,26,6,1198,1,7,-1,1,-1
201543W163105,2,9,0,18,0,0,0,0,0,0,1,1,2,2,38,7,2171,2,13,-1,1,-1
201543W163105,3,9,0,18,0,0,0,0,0,0,1,1,2,1,23,5,1796,1,12,-1,3,-1
201543W163105,4,9,0,3,0,0,0,0,0,0,2,1,2,2,34,6,999,1,-1,-1,1,-1
201543W164025,1,9,0,9,0,5,0,0,0,0,1,1,6,2,37,7,1596,1,14,-1,2,-1
201543W164025,2,1,0,17,0,8,0,0,0,0,3,1,6,1,37,7,-1,-1,-1,-1,2,-1
201543W164035,1,1,0,18,0,8,0,0,0,0,4,1,4,1,14,3,-1,-1,-1,-1,1,-1
201543W164035,2,9,0,10,0,1,0,0,0,0,1,1,6,2,24,5,-1,-1,-1,-1,1,-1
201543W164045,1,9,0,13,0,0,1,10,7,4,1,1,2,1,32,6,1461,2,11,-1,1,-1
201543W164085,1,9,0,18,0,0,1,0,0,6,3,1,1,2,26,6,1560,2,5,-1,1,-1
201543W164085,2,21,1,18,0,0,0,0,0,7,3,1,1,1,38,7,-1,-1,-1,-1,1,-1
201543W165045,1,9,0,18,0,1,0,0,0,0,1,1,6,2,26,6,1749,1,11,-1,1,-1
201543W165045,2,9,0,10,0,8,0,0,0,0,2,1,6,2,47,8,1329,1,5,-1,1,-1
201543W165055,1,9,0,18,0,8,0,0,7,0,4,1,1,1,48,8,1598,1,14,-1,3,-1
201543W165055,2,9,0,9,0,6,0,0,0,0,3,1,6,2,20,4,1896,2,12,-1,1,-1
201543W165075,1,9,0,4,0,1,0,0,0,0,1,1,6,2,45,7,2993,2,4,-1,-1,-1
201543W165075,2,9,0,3,0,1,0,0,0,0,2,1,6,2,49,8,1598,1,12,-1,2,-1
201543W165085,1,9,0,18,0,1,2,7,0,0,3,1,6,1,19,4,1753,2,11,-1,1,-1
201543W165085,2,1,0,5,0,6,0,0,0,0,0,1,6,1,46,8,-1,-1,-1,-1,1,-1
201543W165095,1,9,0,11,0,5,0,10,0,0,1,1,6,1,31,6,1197,1,-1,-1,1,-1
201543W166015,1,9,0,13,0,0,0,0,0,0,4,1,6,1,-1,-1,-1,-1,-1,-1,-1,-1
201543W166015,2,1,0,18,0,0,0,0,0,0,3,1,2,1,30,6,-1,-1,-1,-1,1,-1
201543W166075,1,9,0,18,0,1,0,0,0,0,1,1,6,2,59,9,1360,1,14,-1,1,-1
201543W166075,2,1,0,18,0,1,0,0,0,0,4,1,1,2,35,6,-1,-1,-1,-1,1,-1
201543W166085,1,9,0,18,0,8,0,0,1,4,1,1,6,1,39,7,2926,2,13,-1,1,-1
201543W167035,1,9,0,9,0,4,0,0,0,0,1,1,2,2,35,6,996,1,6,-1,1,-1
201543W167035,2,1,0,18,0,8,0,0,0,0,4,1,2,2,41,7,-1,-1,-1,-1,1,-1
201543W167095,1,21,0,9,0,6,0,0,0,0,1,1,1,1,60,9,10518,2,2,-1,3,-1
201543W167095,2,9,0,18,0,8,0,0,0,0,4,1,6,2,28,6,998,1,15,-1,1,-1
201543W168085,1,9,0,18,0,8,0,0,1,11,1,1,6,2,26,6,1896,2,11,-1,1,-1
201543W168095,1,9,0,9,0,6,0,0,0,0,1,1,6,1,-1,-1,1397,1,12,-1,-1,-1
201543W168095,2,2,0,18,0,8,0,0,0,0,4,1,1,1,26,6,114,1,1,-1,1,-1
201543W168105,1,9,0,18,0,4,0,0,0,0,1,1,6,1,-1,-1,2499,2,13,-1,-1,-1
201543W168105,2,1,0,9,0,8,0,0,0,0,4,1,6,1,53,8,-1,-1,-1,-1,1,-1
201543W169015,1,4,0,18,0,0,1,0,0,0,3,1,6,1,41,7,-1,-1,-1,-1,1,-1
201543W169105,1,9,0,9,0,6,0,0,0,0,3,1,6,1,23,5,1686,2,13,-1,1,-1
201543W169105,2,9,0,18,0,8,0,0,0,0,1,1,2,2,26,6,1995,2,2,-1,1,-1
201543W169125,1,9,0,18,0,2,0,0,0,0,3,1,6,2,67,10,1589,1,18,-1,1,-1
201543W169125,2,11,0,18,0,1,0,0,1,0,3,1,1,1,41,7,4461,2,2,-1,1,-1
201543W170045,1,9,0,7,0,4,0,0,0,0,1,1,6,2,60,9,2179,2,1,-1,1,-1
201543W170045,2,9,0,18,0,4,0,0,0,0,4,1,6,2,18,4,973,1,14,-1,1,-1
201543W170065,1,19,0,14,0,8,0,0,0,0,1,1,6,1,-1,-1,2402,2,8,-1,-1,-1
201543W170065,2,9,0,18,0,8,0,0,0,0,4,1,6,1,40,7,1598,2,4,-1,1,-1
201543W171015,1,9,0,18,0,4,0,0,0,0,1,1,6,1,69,10,1598,1,14,-1,1,-1
201543W171015,2,1,0,18,0,8,0,0,0,0,1,1,6,1,67,10,-1,-1,-1,-1,1,-1
201543W171045,1,9,0,15,0,0,2,0,1,4,1,1,6,2,50,8,-1,-1,-1,-1,3,-1
201543W171075,1,5,0,13,0,0,0,0,7,0,1,1,6,1,53,8,798,1,3,-1,2,-1
201543W171075,2,9,0,18,0,0,0,0,0,0,3,1,6,2,20,4,1198,1,4,-1,3,-1
201543W171115,1,9,0,18,0,3,0,0,3,11,1,1,6,1,79,11,1991,2,5,-1,1,-1
201543W172035,1,9,0,7,0,4,0,0,0,0,1,1,6,2,81,11,1498,1,4,-1,3,-1
201543W172035,2,1,0,18,0,8,0,0,0,0,4,1,6,1,78,11,-1,-1,-1,-1,1,-1
201543W172065,1,9,0,7,0,6,0,0,0,0,1,1,6,1,45,7,-1,-1,-1,-1,-1,-1
201543W172065,2,1,0,18,0,8,0,0,0,0,2,1,1,1,32,6,-1,-1,-1,-1,3,-1
201543W172075,1,9,0,17,0,1,0,0,0,0,4,1,6,1,45,7,1749,1,10,-1,2,-1
201543W172115,1,9,0,18,0,0,1,0,1,7,1,1,6,1,27,6,1560,2,10,-1,1,-1
201543W172115,2,19,0,18,0,0,1,0,1,7,2,1,6,1,51,8,1998,2,10,-1,1,-1
201543W172115,3,9,0,18,0,0,1,0,5,6,3,1,6,2,42,7,1956,2,2,-1,1,-1
201543W172125,1,9,0,18,0,1,0,0,0,0,4,1,3,2,29,6,1598,1,9,-1,1,-1
201543W173015,1,9,0,9,0,6,0,0,0,0,4,1,6,1,17,4,-1,-1,-1,-1,1,-1
201543W173015,2,9,0,18,0,8,0,0,0,0,1,1,6,2,57,9,1364,2,6,-1,1,-1
201543W173035,1,9,0,16,0,8,0,0,0,0,3,1,6,2,70,10,2401,2,7,-1,1,-1
201543W173035,2,9,4,17,0,8,0,0,0,0,3,1,2,2,51,8,-1,-1,-1,-1,3,-1