Accident_Index,Vehicle_Reference,Vehicle_Type,Towing_and_Articulation,Vehicle_Manoeuvre,Vehicle_Location-Restricted_Lane,Junction_Location,Skidding_and_Overturning,Hit_Object_in_Carriageway,Vehicle_Leaving_Carriageway,Hit_Object_off_Carriageway,1st_Point_of_Impact,Was_Vehicle_Left_Hand_Drive?,Journey_Purpose_of_Driver,Sex_of_Driver,Age_of_Driver,Age_Band_of_Driver,Engine_Capacity_(CC),Propulsion_Code,Age_of_Vehicle,Driver_IMD_Decile,Driver_Home_Area_Type,Vehicle_IMD_Decile
201543W173065,1,9,0,7,0,3,0,0,0,0,4,1,6,2,23,5,1595,1,17,-1,1,-1
201543W173065,2,19,0,18,0,8,0,0,0,0,1,1,1,1,33,6,2299,2,2,-1,1,-1
201543W173075,1,9,0,18,0,1,0,0,0,0,1,1,6,1,-1,-1,1596,1,5,-1,1,-1
201543W173075,2,9,0,3,0,1,0,0,0,0,2,1,6,2,51,8,1461,2,1,-1,1,-1
201543W173095,1,9,0,9,0,5,0,0,0,0,0,1,6,1,40,7,1686,2,13,-1,1,-1
201543W173095,2,1,0,18,4,1,0,0,0,0,4,1,6,2,50,8,-1,-1,-1,-1,1,-1
201543W173105,1,9,0,18,0,4,0,0,0,0,0,1,6,1,70,10,1560,2,7,-1,3,-1
201543W173105,2,5,0,18,0,8,1,0,0,0,3,1,2,1,46,8,999,1,2,-1,1,-1
201543W173115,1,3,0,18,0,0,0,0,0,0,1,1,6,1,17,4,125,1,2,-1,1,-1
201543W174055,1,9,0,9,0,6,0,0,0,0,3,1,6,1,53,8,998,1,11,-1,3,-1
201543W174055,2,9,0,16,0,8,0,0,0,0,1,1,6,1,50,8,1296,1,8,-1,3,-1
201543W174115,1,9,0,18,0,0,0,0,0,0,4,1,2,1,37,7,6208,1,2,-1,1,-1
201543W175015,1,9,0,11,0,5,1,0,2,6,3,1,2,1,61,9,1560,2,5,-1,1,-1
201543W175035,1,19,0,18,0,1,0,0,0,0,1,1,6,1,28,6,1870,2,14,-1,1,-1
201543W175035,2,9,0,10,0,1,0,0,0,0,2,1,6,1,18,4,-1,-1,-1,-1,1,-1
201543W175045,1,9,0,18,0,0,0,0,1,4,3,1,6,1,34,6,-1,-1,-1,-1,1,-1
201543W175045,2,9,0,18,0,0,0,0,0,0,2,1,1,2,26,6,1461,2,3,-1,2,-1
201543W175065,1,9,0,11,0,8,0,0,0,0,4,1,6,1,-1,-1,1124,1,13,-1,-1,-1
201543W175065,2,1,0,17,0,8,0,0,0,0,3,1,6,2,47,8,-1,-1,-1,-1,1,-1
201543W175095,1,9,0,5,0,4,0,0,0,0,3,1,6,1,28,6,1997,2,12,-1,-1,-1
201543W175095,2,1,0,18,0,8,0,0,0,0,1,1,6,1,39,7,-1,-1,-1,-1,1,-1
201543W176015,1,9,0,16,0,0,2,0,1,10,1,1,6,2,17,4,-1,-1,-1,-1,3,-1
201543W176045,1,9,0,11,0,0,0,0,0,0,4,1,6,1,24,5,1360,1,9,-1,1,-1
201543W176045,2,3,0,18,0,0,0,0,0,0,3,1,6,2,51,8,471,1,2,-1,2,-1
201543W176085,1,9,0,16,0,0,5,10,1,11,1,1,6,2,17,4,998,1,13,-1,1,-1
201543W177025,1,9,0,18,0,2,0,0,0,0,1,1,2,1,58,9,2720,2,7,-1,1,-1
201543W177065,1,9,0,2,0,0,0,0,0,0,3,1,6,1,45,7,1796,1,15,-1,-1,-1
201543W177065,2,1,0,18,0,0,0,8,0,0,1,1,1,1,26,6,-1,-1,-1,-1,1,-1
201543W177075,1,1,0,18,0,3,0,0,0,0,1,1,6,1,61,9,-1,-1,-1,-1,-1,-1
201543W177075,2,9,0,18,0,2,0,0,0,0,2,1,6,2,48,8,-1,-1,-1,-1,1,-1
201543W178015,1,9,0,9,0,4,0,0,0,0,1,1,6,2,86,11,1329,1,4,-1,1,-1
201543W178015,2,1,0,18,0,8,0,0,0,0,4,1,6,1,52,8,-1,-1,-1,-1,1,-1
201543W178045,1,9,0,9,0,6,0,0,0,0,3,1,2,1,64,9,2987,2,1,-1,1,-1
201543W178045,2,9,0,18,0,8,0,0,0,0,1,1,2,2,28,6,2685,2,12,-1,1,-1
201543W178085,1,9,0,9,0,4,0,0,0,0,3,1,6,2,61,9,1339,1,6,-1,2,-1
201543W178085,2,1,0,18,0,8,0,0,0,0,1,1,2,1,49,8,-1,-1,-1,-1,1,-1
201543W179015,1,20,0,16,0,0,0,0,0,0,3,1,1,1,48,8,-1,-1,-1,-1,1,-1
201543W179015,2,9,0,17,0,0,0,0,1,4,1,1,2,1,26,6,1995,2,6,-1,2,-1
201543W179045,1,21,1,18,0,8,5,0,1,0,4,1,1,1,45,7,-1,-1,-1,-1,1,-1
201543W179055,1,9,0,9,0,2,0,0,0,0,1,1,6,3,-1,-1,1242,1,10,-1,-1,-1
201543W179055,2,1,0,7,0,2,0,0,0,0,2,1,6,1,49,8,-1,-1,-1,-1,1,-1
201543W179065,1,3,0,15,0,0,0,12,0,0,1,1,2,1,54,8,124,1,5,-1,2,-1
201543W179075,1,8,0,9,0,4,0,0,0,0,1,1,1,1,54,8,1796,1,1,-1,1,-1
201543W179075,2,1,0,18,0,8,0,0,0,0,4,1,6,2,48,8,-1,-1,-1,-1,1,-1
201543W179085,1,9,0,9,0,8,0,0,0,0,3,1,6,2,-1,-1,-1,-1,-1,-1,-1,-1
201543W179085,2,1,0,18,0,8,0,0,0,0,1,1,6,1,48,8,-1,-1,-1,-1,1,-1
201543W179105,1,9,0,18,0,0,0,0,0,0,1,1,6,1,30,6,2204,2,11,-1,1,-1
201543W179105,2,9,0,18,0,0,0,0,0,0,1,1,6,2,31,6,1598,2,-1,-1,1,-1
201543W180015,1,9,0,18,0,4,0,0,0,0,1,1,6,3,-1,-1,-1,-1,-1,-1,-1,-1
201543W180015,2,9,0,9,0,8,0,0,0,0,4,1,2,2,31,6,1398,1,3,-1,1,-1
201543W180055,1,9,0,16,0,1,0,0,0,0,1,1,6,1,45,7,-1,-1,-1,-1,1,-1
201543W180055,2,9,0,18,0,1,0,0,0,0,2,1,6,1,53,8,1997,2,2,-1,1,-1
201543W180075,1,9,0,18,0,1,0,0,0,0,1,1,6,1,-1,-1,-1,-1,-1,-1,-1,-1
201543W180075,2,9,0,3,0,1,0,0,0,0,2,1,2,1,36,7,1398,1,9,-1,1,-1
201543W180085,1,9,0,18,0,0,0,0,0,0,1,1,6,2,42,7,2902,2,13,-1,1,-1
201543W180085,2,21,0,18,0,0,0,0,0,0,2,1,1,1,63,9,4250,2,6,-1,1,-1
201543W180095,1,5,0,18,0,0,1,0,0,0,4,1,6,1,28,6,865,1,1,-1,1,-1
201543W181015,1,9,0,11,0,8,0,0,0,0,1,1,2,2,51,8,1794,1,7,-1,1,-1
201543W181015,2,9,0,11,0,8,0,0,0,0,1,1,2,1,27,6,-1,-1,-1,-1,1,-1
201543W181025,1,11,0,18,2,0,0,0,0,0,4,1,1,1,49,8,8268,2,13,-1,1,-1
201543W181035,1,9,0,18,0,0,0,0,0,0,3,1,6,1,-1,-1,2231,2,2,-1,-1,-1
201543W181035,2,19,0,4,0,0,0,0,0,0,3,1,6,1,52,8,2198,2,6,-1,3,-1
201543W181045,1,9,0,2,0,1,0,0,0,0,3,1,6,2,53,8,1299,1,14,-1,1,-1
201543W181045,2,1,0,14,0,1,0,0,0,0,1,1,6,1,33,6,-1,-1,-1,-1,-1,-1
201543W182015,1,9,0,12,0,7,0,0,0,0,1,1,6,1,27,6,1896,2,15,-1,1,-1
201543W182055,1,9,0,7,0,4,0,0,0,0,1,1,6,1,44,7,-1,-1,-1,-1,1,-1
201543W182055,2,1,0,18,0,8,0,0,0,0,3,1,2,2,37,7,-1,-1,-1,-1,1,-1
201543W182095,1,9,0,14,0,0,5,4,0,0,1,1,6,2,42,7,1398,1,8,-1,1,-1
201543W182095,2,9,0,2,0,0,0,0,0,0,1,1,6,1,39,7,1588,1,16,-1,2,-1
201543W183085,1,9,0,18,0,1,1,0,0,0,1,1,6,2,47,8,1596,1,14,-1,2,-1
201543W183085,2,9,0,3,0,1,0,0,0,0,2,1,2,2,25,5,1598,1,8,-1,1,-1
201543W184055,1,9,0,7,0,2,0,7,0,0,1,1,6,1,35,6,1799,1,17,-1,2,-1
201543W184115,1,9,0,5,0,4,0,0,0,0,3,1,2,1,60,9,1086,1,4,-1,3,-1
201543W184115,2,1,0,18,0,8,0,0,0,0,2,1,2,1,36,7,-1,-1,-1,-1,1,-1
201543W185015,1,9,0,7,0,8,0,0,0,0,1,1,6,1,62,9,1994,2,16,-1,1,-1
201543W185015,2,1,0,18,0,8,0,0,0,0,1,1,6,1,21,5,-1,-1,-1,-1,-1,-1
201543W185025,1,9,0,13,0,0,5,0,0,0,1,1,2,1,35,6,1896,2,7,-1,1,-1
201543W185025,2,9,0,18,0,0,0,0,0,0,2,1,2,1,44,7,1560,2,4,-1,3,-1
201543W185065,1,9,0,9,0,5,0,0,0,0,3,1,6,3,-1,-1,-1,-1,-1,-1,-1,-1
201543W185065,2,9,0,18,0,8,0,0,0,0,3,1,2,2,44,7,1995,2,2,-1,1,-1
201543W185085,1,9,0,8,9,6,0,0,0,0,1,1,6,2,63,9,1200,1,2,-1,1,-1
201543W186065,1,9,4,13,0,0,0,0,0,0,4,1,6,1,-1,-1,-1,-1,-1,-1,-1,-1
201543W186065,2,3,0,18,0,0,0,0,0,0,3,1,2,1,25,5,124,1,4,-1,-1,-1
201543W186085,1,9,0,18,0,4,0,0,0,0,3,1,2,1,36,7,1998,1,13,-1,1,-1
201543W186085,2,1,0,17,0,8,0,0,0,0,4,1,2,1,50,8,-1,-1,-1,-1,1,-1
201543W186095,1,9,0,9,0,8,0,0,0,0,1,1,6,1,78,11,1364,2,6,-1,1,-1
201543W186095,2,9,0,18,0,8,0,0,1,1,1,1,6,1,52,8,1598,1,15,-1,1,-1
201543W186095,3,9,0,18,0,8,0,0,0,0,1,1,6,1,50,8,1600,1,16,-1,1,-1
201543W187015,1,9,0,14,0,1,0,0,1,0,0,1,6,1,62,9,-1,-1,-1,-1,2,-1
201543W187015,2,9,0,2,0,1,0,0,1,2,0,1,6,2,20,4,-1,-1,-1,-1,2,-1
201543W187035,1,9,0,9,0,6,0,0,0,0,1,1,6,1,-1,-1,-1,-1,-1,-1,-1,-1
201543W187035,2,9,0,9,0,6,0,0,0,0,2,1,6,1,25,5,3200,6,15,-1,1,-1
201543W187055,1,9,0,9,0,6,0,0,0,0,4,1,6,1,87,11,1388,1,10,-1,1,-1
201543W187055,2,9,0,18,0,8,0,0,0,0,1,1,6,1,34,6,1896,2,12,-1,1,-1
201543W187055,3,9,0,4,0,1,0,0,0,0,3,1,6,1,45,7,1598,1,5,-1,1,-1
201543W187065,1,19,0,9,0,5,0,0,0,0,4,1,6,1,22,5,1998,2,14,-1,3,-1
201543W187065,2,9,0,18,0,1,0,0,0,0,4,1,6,2,46,8,3800,1,4,-1,2,-1
201543W187085,1,9,0,18,0,0,0,0,0,0,1,1,6,3,-1,-1,-1,-1,-1,-1,-1,-1
201543W187085,2,1,0,3,0,0,0,0,0,0,2,1,2,1,43,7,-1,-1,-1,-1,1,-1
201543W188015,1,9,0,16,0,0,1,0,8,11,1,1,1,1,20,4,2000,1,15,-1,1,-1
201543W188015,2,19,0,17,0,0,0,0,0,0,4,1,1,1,45,7,2148,2,5,-1,-1,-1
201543W188035,1,9,0,17,0,8,1,0,0,0,4,1,6,1,21,5,-1,-1,-1,-1,3,-1
201543W188035,2,9,0,16,0,8,0,0,0,0,1,1,1,1,34,6,2521,1,6,-1,1,-1
201543W188075,1,1,0,12,0,0,0,0,0,0,1,1,1,1,60,9,-1,-1,-1,-1,1,-1
201543W189015,1,19,0,18,0,0,1,0,0,0,1,1,1,1,67,10,1753,2,3,-1,1,-1
201543W189015,2,9,0,4,0,0,0,0,0,0,2,1,2,1,31,6,1490,1,13,-1,-1,-1
201543W189085,1,3,0,14,0,1,0,0,0,0,4,1,2,1,20,4,125,1,2,-1,1,-1
201543W189085,2,9,0,9,0,1,0,0,0,0,3,1,6,1,45,7,-1,-1,-1,-1,1,-1
201543W189115,1,8,0,7,0,2,0,0,0,0,3,1,1,1,28,6,2499,2,7,-1,1,-1
201543W190045,1,9,0,9,0,6,0,0,0,0,1,1,2,2,29,6,1149,1,13,-1,1,-1
201543W190045,2,9,0,18,0,1,0,0,0,0,4,1,2,1,25,5,1995,2,8,-1,1,-1
201543W190045,3,9,0,2,0,2,0,0,0,0,3,1,6,3,-1,-1,1596,1,6,-1,-1,-1
201543W190065,1,2,0,18,0,1,1,4,0,0,3,1,6,1,19,4,124,1,2,-1,1,-1
201543W190065,2,9,0,14,0,2,0,0,0,0,1,1,6,1,26,6,2995,1,5,-1,1,-1
201543W190095,1,9,0,18,0,4,0,0,0,0,1,1,6,2,25,5,1149,1,11,-1,-1,-1
201543W190095,2,9,0,3,0,4,0,0,0,0,2,1,1,1,19,4,1229,1,3,-1,2,-1
201543W190105,1,9,0,1,9,1,0,0,0,0,3,1,6,1,-1,-1,1798,1,15,-1,3,-1
201543W190105,2,2,0,9,9,8,0,0,0,0,4,1,6,2,26,6,49,1,1,-1,1,-1
201543W190115,1,19,0,12,0,0,0,0,0,0,0,1,1,1,34,6,-1,-1,-1,-1,-1,-1
201543W190115,2,2,0,13,0,0,0,0,0,0,4,1,6,1,66,10,125,1,6,-1,2,-1
201543W191065,1,9,0,7,0,5,0,0,0,0,1,1,6,1,-1,-1,1596,1,14,-1,-1,-1
201543W191075,1,9,0,18,0,1,0,0,0,0,3,1,6,1,-1,-1,-1,-1,-1,-1,-1,-1
201543W191075,2,9,0,3,0,1,0,0,0,0,4,1,6,1,27,6,1598,1,16,-1,1,-1
201543W192055,1,9,0,9,0,4,0,0,0,0,3,1,1,2,-1,-1,1560,2,3,-1,3,-1
201543W192055,2,1,0,18,0,8,0,0,0,0,1,1,1,1,31,6,-1,-1,-1,-1,1,-1
201543W193015,1,9,0,17,0,0,2,0,2,4,1,1,2,2,23,5,-1,-1,-1,-1,1,-1
201543W193025,1,9,0,1,9,0,0,0,0,0,2,1,6,2,-1,-1,1896,2,11,-1,-1,-1
201543W193055,1,9,0,9,0,6,0,0,0,0,1,1,6,2,21,5,-1,-1,-1,-1,1,-1
201543W193055,2,9,0,18,0,8,0,0,0,0,4,1,6,2,40,7,2495,1,12,-1,1,-1
201543W193065,1,1,0,18,9,0,0,0,0,0,1,1,6,2,-1,-1,-1,-1,-1,-1,-1,-1
201543W194015,1,9,0,18,0,4,0,0,0,0,1,1,2,1,18,4,1753,2,8,-1,1,-1
201543W194015,2,9,0,3,0,4,0,0,0,0,2,1,2,2,25,5,1598,1,5,-1,1,-1
201543W194035,1,9,0,18,0,0,0,0,0,0,1,1,6,3,60,9,1395,1,-1,-1,1,-1
201543W194035,2,9,0,2,0,0,0,0,0,0,2,1,6,3,61,9,1910,2,9,-1,-1,-1
201543W194065,1,9,0,9,0,5,0,0,0,0,1,1,6,2,46,8,1149,1,9,-1,1,-1
201543W194065,2,1,0,18,0,8,0,0,0,0,3,1,6,2,28,6,-1,-1,-1,-1,1,-1
201543W194125,1,2,0,4,0,1,0,0,0,0,1,1,6,1,16,4,50,1,-1,-1,1,-1
201543W194125,2,9,0,4,0,1,0,0,0,0,2,1,3,1,51,8,1998,1,8,-1,1,-1
201543W195015,1,8,0,18,0,0,0,0,0,0,4,1,6,1,-1,-1,-1,-1,-1,-1,-1,-1
201543W195045,1,9,0,6,0,0,0,0,0,0,3,1,6,1,34,6,1997,1,10,-1,1,-1
201543W195045,2,1,0,18,0,0,0,0,0,0,4,1,6,1,22,5,-1,-1,-1,-1,1,-1
201543W195055,1,9,0,18,0,0,0,0,0,0,3,1,6,1,32,6,-1,-1,-1,-1,1,-1
201543W195055,2,9,0,1,0,0,0,0,0,0,2,1,6,1,46,8,1796,1,13,-1,1,-1
201543W195055,3,4,0,2,0,0,0,0,0,0,3,1,6,2,27,6,954,1,12,-1,1,-1
201543W195055,4,9,0,2,0,0,0,0,0,0,4,1,6,3,34,6,1360,1,11,-1,1,-1
201543W195105,1,8,0,18,0,0,0,0,0,0,1,1,1,1,36,7,2499,2,8,-1,1,-1
201543W196015,1,9,0,18,0,4,0,0,0,0,1,1,6,2,-1,-1,1364,1,5,-1,-1,-1
201543W196015,2,1,0,9,0,4,0,0,0,0,1,1,4,2,18,4,-1,-1,-1,-1,1,-1
201543W196025,1,9,0,18,0,1,0,10,7,10,1,1,6,2,29,6,1360,1,11,-1,1,-1
201543W196055,1,9,0,18,0,0,1,0,5,6,1,1,6,2,25,5,1360,1,10,-1,1,-1
201543W197065,1,9,0,1,7,1,0,0,0,0,2,1,6,2,57,9,1896,2,6,-1,3,-1
201543W197085,1,9,0,14,0,0,5,0,0,0,1,1,6,1,79,11,1119,1,21,-1,1,-1
201543W197085,2,9,0,2,0,0,0,0,0,0,2,1,6,2,43,7,1499,1,1,-1,1,-1
201543W197095,1,9,0,13,0,0,0,0,0,0,4,1,1,1,-1,-1,1229,1,2,-1,3,-1
201543W197095,2,1,0,18,0,0,0,0,0,0,3,1,6,1,30,6,-1,-1,-1,-1,2,-1
201543W197105,1,5,0,16,0,7,1,0,4,0,1,1,6,1,54,8,918,1,15,-1,1,-1
201543W198095,1,9,0,9,0,4,0,0,0,0,1,1,2,2,38,7,2987,2,9,-1,1,-1
201543W198095,2,3,0,9,0,8,0,0,0,0,4,1,2,1,45,7,124,1,9,-1,3,-1
201543W199055,1,19,0,7,0,2,0,0,0,0,1,1,6,1,-1,-1,-1,-1,-1,-1,-1,-1
201543W200075,1,9,0,8,0,1,0,0,0,0,2,1,6,1,-1,-1,2099,2,8,-1,-1,-1
201543W200075,2,1,0,18,0,1,0,0,0,0,1,1,6,1,58,9,-1,-1,-1,-1,3,-1
201543W200085,1,3,0,18,0,0,1,0,0,0,1,1,6,1,20,4,124,1,2,-1,-1,-1
201543W200085,2,9,0,18,0,0,0,0,0,0,2,1,6,1,26,6,1796,1,12,-1,3,-1
201543W200105,1,9,0,9,0,6,0,0,0,0,1,1,6,3,-1,-1,-1,-1,-1,-1,-1,-1
201543W200105,2,1,0,18,0,8,0,0,0,0,4,1,1,2,36,7,-1,-1,-1,-1,1,-1
201543W200115,1,9,0,18,0,8,0,0,0,0,1,1,6,2,35,6,2362,1,10,-1,1,-1
201543W200115,2,9,0,18,0,8,0,0,0,0,3,1,6,1,75,10,998,1,15,-1,1,-1
201543W201025,1,9,0,5,0,0,0,0,0,0,1,1,1,2,48,8,2993,2,5,-1,1,-1
201543W201025,2,1,0,15,0,0,0,10,0,0,2,1,2,1,35,6,-1,-1,-1,-1,3,-1
201543W201045,1,5,0,9,0,8,0,0,0,0,0,1,6,2,51,8,650,1,21,-1,1,-1
201543W201045,2,9,0,11,0,3,0,0,0,0,0,1,6,2,41,7,1390,1,11,-1,1,-1
201543W201095,1,5,0,17,0,0,0,0,0,4,4,1,6,2,24,5,781,1,16,-1,1,-1
201543W201125,1,9,0,18,0,1,1,0,1,1,0,1,2,1,23,5,-1,-1,-1,-1,1,-1
201543W202115,1,9,0,7,0,6,0,0,0,0,1,1,6,2,45,7,2204,2,7,-1,-1,-1
201543W202115,2,1,0,18,0,8,0,0,0,0,4,1,6,2,27,6,-1,-1,-1,-1,1,-1
201543W203105,1,2,0,18,0,1,0,0,0,0,1,1,6,1,19,4,50,1,7,-1,2,-1
201543W203105,2,9,0,18,0,1,0,0,0,0,2,1,6,2,61,9,1242,1,6,-1,2,-1
201543W204015,1,19,0,11,0,8,0,0,0,0,1,1,6,1,-1,-1,-1,-1,-1,-1,-1,-1
201543W204015,2,9,0,18,0,8,0,0,0,0,3,1,6,1,30,6,1229,1,6,-1,1,-1
201543W204025,1,9,0,18,0,0,0,0,0,0,1,1,6,2,-1,-1,1108,1,13,-1,1,-1
201543W204025,2,9,0,3,0,0,0,0,0,0,2,1,2,2,26,6,1198,1,4,-1,1,-1
201543W204055,1,1,0,18,0,1,0,0,0,0,1,1,2,1,35,6,-1,-1,-1,-1,1,-1
201543W204105,1,9,0,9,0,6,0,0,0,0,3,1,6,1,28,6,1149,1,13,-1,1,-1
201543W204105,2,3,0,18,0,8,1,0,0,0,1,1,1,1,17,4,114,1,1,-1,1,-1
201543W204125,1,9,0,18,0,3,5,0,7,1,1,1,6,1,27,6,-1,-1,-1,-1,1,-1
201543W205025,1,9,0,18,0,0,0,0,4,6,3,1,6,1,25,5,2993,2,4,-1,3,-1
201543W205025,2,9,0,18,0,0,0,0,4,6,1,1,6,1,56,9,1587,1,8,-1,1,-1
201543W205025,3,9,0,18,0,0,0,0,4,7,1,1,6,1,51,8,-1,-1,-1,-1,1,-1
201543W205025,4,9,0,18,0,0,0,0,0,0,3,1,6,1,48,8,1998,1,7,-1,1,-1
201543W205025,5,9,0,18,0,0,0,0,0,0,1,1,6,1,61,9,1364,1,1,-1,1,-1
201543W205025,6,9,0,18,0,0,0,0,0,0,1,1,6,1,50,8,1600,2,5,-1,1,-1
201543W205105,1,9,0,12,0,0,0,0,0,0,0,1,6,1,-1,-1,-1,-1,-1,-1,-1,-1
201543W205105,2,9,0,18,0,0,2,0,1,9,3,1,6,2,47,8,2495,2,11,-1,1,-1
201543W206025,1,9,0,18,0,0,0,0,0,0,1,1,6,2,54,8,1783,1,13,-1,1,-1
201543W206025,2,9,0,18,0,0,0,0,1,0,2,1,6,1,25,5,1149,1,13,-1,3,-1
201543W206035,1,19,0,18,0,0,0,0,0,0,1,1,1,1,63,9,-1,-1,-1,-1,1,-1
201543W206035,2,9,0,4,0,0,0,0,0,0,2,1,6,1,38,7,1598,1,1,-1,3,-1
201543W206055,1,9,0,18,0,4,0,0,0,0,3,1,6,2,28,6,1587,1,13,-1,1,-1
201543W206055,2,9,0,9,0,8,0,0,0,0,1,1,6,2,23,5,-1,-1,-1,-1,1,-1
201543W206055,3,9,0,10,0,1,0,0,0,0,1,1,6,2,34,6,1968,2,6,-1,1,-1
201543W206065,1,9,0,18,0,0,0,0,0,0,1,1,3,2,38,7,1796,1,15,-1,1,-1
201543W206065,2,9,0,4,0,0,0,0,0,0,2,1,2,2,41,7,1598,1,2,-1,1,-1
201543W206105,1,9,0,9,0,8,0,0,0,0,1,1,6,1,28,6,2204,2,8,-1,1,-1
201543W206115,1,9,0,18,0,1,0,0,0,0,0,1,6,1,-1,-1,-1,-1,-1,-1,-1,-1
201543W206115,2,9,0,18,0,1,0,0,0,0,1,1,6,1,55,8,1299,1,17,-1,1,-1
201543W206115,3,9,0,3,0,1,0,0,0,0,2,1,6,2,27,6,1389,1,17,-1,1,-1
201543W206115,4,9,0,3,0,1,0,0,0,0,2,1,6,2,64,9,1360,1,6,-1,1,-1
201543W207035,1,9,0,18,0,4,0,0,0,0,1,1,6,3,25,5,1124,1,17,-1,-1,-1
201543W207035,2,9,0,18,0,8,0,0,0,0,1,1,6,1,31,6,1895,1,15,-1,1,-1
201543W207055,1,9,0,18,0,0,0,0,0,0,1,1,6,1,58,9,1850,1,16,-1,-1,-1
201543W207055,2,9,0,3,0,0,0,0,0,0,2,1,6,2,30,6,1968,2,8,-1,1,-1
201543W207085,1,9,0,7,0,8,0,0,0,0,4,1,1,1,43,7,1984,1,1,-1,1,-1
201543W207085,2,5,0,18,0,8,0,0,0,0,3,1,6,1,59,9,900,1,41,-1,3,-1
201543W207095,1,1,0,18,0,6,1,0,0,0,1,1,6,1,24,5,-1,-1,-1,-1,1,-1
201543W207095,2,9,0,18,0,1,0,0,0,0,3,1,6,2,43,7,1984,2,1,-1,2,-1
201543W207105,1,98,0,18,0,0,0,0,0,0,0,1,6,3,-1,-1,-1,-1,-1,-1,-1,-1
201543W207115,1,9,0,9,0,6,0,4,0,0,3,1,1,1,57,9,2191,2,1,-1,1,-1
201543W207115,2,9,0,14,0,8,0,0,0,0,1,1,1,1,20,4,1149,1,17,-1,1,-1
201543W207115,3,19,0,2,0,1,0,0,0,0,3,1,1,1,42,7,1560,2,5,-1,-1,-1
201543W208025,1,9,0,9,0,6,0,0,0,0,1,1,6,1,-1,-1,2295,1,16,-1,1,-1
201543W208025,2,9,0,18,0,8,0,0,0,0,4,1,6,1,49,8,2401,2,11,-1,3,-1
201543W208035,1,9,0,18,0,2,0,0,0,0,1,1,6,2,58,9,1798,1,10,-1,1,-1
201543W208055,1,5,0,18,0,8,0,0,0,0,1,1,6,1,19,4,600,1,15,-1,-1,-1
201543W208055,2,9,0,9,0,8,0,0,0,0,2,1,6,2,23,5,1339,1,13,-1,1,-1
201543W208075,1,98,0,9,0,6,0,0,0,0,3,1,1,1,31,6,-1,-1,-1,-1,1,-1
201543W208075,2,4,0,18,0,8,0,0,0,0,1,1,2,1,30,6,-1,-1,-1,-1,1,-1
201543W208095,1,9,0,18,0,0,0,0,0,0,1,1,6,1,54,8,1896,2,10,-1,1,-1
201543W208095,2,9,0,5,0,0,0,0,0,0,4,1,6,2,22,5,1242,1,15,-1,1,-1
201543W208115,1,9,0,5,0,4,0,0,0,0,1,1,2,2,22,5,1597,1,9,-1,1,-1
201543W208115,2,1,0,18,0,8,0,0,0,0,2,1,2,1,56,9,-1,-1,-1,-1,3,-1
201543W208125,1,9,0,5,0,4,0,0,0,0,1,1,6,1,42,7,1997,1,8,-1,1,-1
201543W208125,2,1,0,18,0,3,1,0,0,0,2,1,2,1,50,8,-1,-1,-1,-1,1,-1
201543W209035,1,9,0,18,0,0,0,0,0,6,1,1,6,2,24,5,1200,1,12,-1,1,-1
201543W209035,2,9,0,18,0,0,0,0,0,0,2,1,2,2,38,7,1840,1,14,-1,3,-1
201543W209035,3,19,0,18,0,0,0,0,0,0,2,1,2,1,34,6,2198,2,2,-1,1,-1
201543W209035,4,9,0,18,0,0,0,0,0,0,2,1,2,2,43,7,2497,1,12,-1,2,-1
201543W209045,1,19,4,4,0,1,1,0,0,0,1,1,1,1,28,6,2500,2,16,-1,1,-1
201543W209045,2,9,0,3,0,1,0,0,0,0,2,1,2,2,47,8,1968,2,6,-1,3,-1
201543W209085,1,21,1,18,0,0,0,0,1,0,1,1,1,1,25,5,10837,2,2,-1,1,-1
201543W209095,1,9,0,12,0,0,0,0,1,7,3,1,6,1,32,6,1590,1,13,-1,1,-1
201543W209095,2,9,0,18,0,0,0,0,4,7,4,1,6,2,20,4,1995,2,10,-1,1,-1
201543W209115,1,9,0,5,8,0,0,0,0,0,3,1,6,1,58,9,1995,2,2,-1,1,-1
201543W209115,2,9,0,18,0,0,0,0,0,0,4,1,6,2,68,10,1600,1,15,-1,1,-1
201543W210015,1,9,0,9,0,6,0,0,0,0,3,1,6,2,58,9,-1,-1,-1,-1,1,-1
201543W210015,2,9,0,18,0,8,1,0,7,0,1,1,2,1,26,6,1998,1,8,-1,1,-1
201543W210045,1,9,0,18,0,1,0,0,0,0,1,1,6,1,44,7,1242,1,13,-1,1,-1
201543W210045,2,9,0,3,0,1,0,0,0,0,2,1,6,2,39,7,1248,1,3,-1,1,-1
201543W210045,3,9,0,3,0,1,0,0,0,0,2,1,6,1,58,9,1896,2,11,-1,1,-1
201543W210095,1,9,0,9,0,6,0,0,0,0,1,1,6,1,68,10,2720,2,8,-1,3,-1
201543W210095,2,9,0,18,0,8,0,0,0,0,1,1,6,1,44,7,1968,2,9,-1,1,-1
201543W210105,1,9,0,18,0,0,0,10,0,0,4,1,6,3,-1,-1,-1,-1,-1,-1,-1,-1
201543W210115,1,9,0,17,0,0,1,0,5,6,1,1,6,2,31,6,1360,1,7,-1,1,-1