Accident_Index,Vehicle_Reference,Vehicle_Type,Towing_and_Articulation,Vehicle_Manoeuvre,Vehicle_Location-Restricted_Lane,Junction_Location,Skidding_and_Overturning,Hit_Object_in_Carriageway,Vehicle_Leaving_Carriageway,Hit_Object_off_Carriageway,1st_Point_of_Impact,Was_Vehicle_Left_Hand_Drive?,Journey_Purpose_of_Driver,Sex_of_Driver,Age_of_Driver,Age_Band_of_Driver,Engine_Capacity_(CC),Propulsion_Code,Age_of_Vehicle,Driver_IMD_Decile,Driver_Home_Area_Type,Vehicle_IMD_Decile
201543W264065,2,9,0,2,0,0,0,0,0,0,2,1,6,3,-1,-1,-1,-1,-1,-1,-1,-1
201543W264105,1,9,0,10,0,1,0,0,0,0,1,1,6,1,23,5,1590,1,18,-1,1,-1
201543W264105,2,19,0,18,0,1,0,0,0,0,2,1,1,1,36,7,2299,2,1,-1,-1,-1
201543W265105,1,2,0,17,0,0,0,4,0,0,1,1,6,1,44,7,49,1,12,-1,1,-1
201543W265105,2,9,0,2,0,0,0,0,0,0,3,1,6,2,51,8,1598,1,14,-1,1,-1
201543W265105,3,9,0,2,0,0,0,0,0,0,2,1,6,2,24,5,1229,1,7,-1,1,-1
201543W266075,1,19,0,18,0,8,0,0,0,0,1,1,1,1,-1,-1,4250,2,11,-1,1,-1
201543W266075,2,9,0,18,0,1,0,0,0,0,4,1,1,1,31,6,1198,1,-1,-1,1,-1
201543W266115,1,9,0,18,0,1,0,0,0,0,1,1,6,1,-1,-1,1396,1,14,-1,-1,-1
201543W266115,2,9,0,3,0,1,0,0,0,0,2,1,6,1,61,9,2777,2,5,-1,1,-1
201543W268065,1,9,0,7,0,6,5,10,6,1,3,1,2,1,27,6,2972,1,21,-1,3,-1
201543W268115,1,9,0,18,0,5,1,0,0,0,1,1,6,1,22,5,-1,-1,-1,-1,1,-1
201543W268115,2,9,0,18,0,5,0,0,0,0,2,1,6,2,27,6,1598,1,13,-1,1,-1
201543W269065,1,8,0,9,2,6,0,0,0,0,0,1,1,1,52,8,1896,2,11,-1,1,-1
201543W269065,2,11,0,18,2,8,0,0,0,0,0,1,1,2,39,7,4500,2,4,-1,1,-1
201543W269105,1,9,0,9,0,1,0,0,0,0,1,1,6,1,75,10,1999,1,14,-1,1,-1
201543W269105,2,9,0,18,0,8,0,0,0,0,4,1,6,1,59,9,1997,2,-1,-1,1,-1
201543W269115,1,9,0,18,0,4,0,0,0,0,1,1,1,1,35,6,-1,-1,-1,-1,1,-1
201543W269115,2,9,0,3,0,4,0,0,0,0,2,1,6,2,31,6,1995,2,7,-1,1,-1
201543W270075,1,9,0,9,0,8,0,0,0,0,4,1,6,1,44,7,1783,1,12,-1,1,-1
201543W270075,2,3,0,18,0,8,0,0,0,0,1,1,6,1,40,7,125,1,12,-1,1,-1
201543W271075,1,9,0,5,0,8,0,0,0,0,1,1,6,1,22,5,-1,-1,-1,-1,1,-1
201543W271075,2,9,0,4,0,8,0,0,0,0,2,1,6,1,47,8,2231,2,2,-1,2,-1
201543W272065,1,9,0,16,0,0,5,0,7,11,3,1,6,1,28,6,1796,1,12,-1,1,-1
201543W272075,1,9,0,18,0,0,2,0,1,0,1,1,6,1,26,6,1242,1,5,-1,1,-1
201543W272115,1,19,0,9,0,6,0,0,0,0,4,1,1,1,23,5,2143,2,1,-1,1,-1
201543W273065,1,9,0,18,0,8,0,0,7,0,1,1,6,1,51,8,2500,2,13,-1,1,-1
201543W273065,2,9,0,18,0,8,0,0,0,0,1,1,6,2,25,5,998,1,1,-1,1,-1
201543W274075,1,9,0,12,0,1,0,0,0,0,1,1,6,1,32,6,1398,1,2,-1,1,-1
201543W274075,2,20,1,5,0,1,0,0,0,0,1,1,1,1,50,8,6374,2,1,-1,1,-1
201543W274115,1,9,0,7,0,4,0,0,0,0,4,1,6,1,-1,-1,1968,2,-1,-1,1,-1
201543W274115,2,1,0,7,0,4,0,0,0,0,3,1,6,2,41,7,-1,-1,-1,-1,-1,-1
201543W275075,1,9,0,9,0,6,0,0,0,0,0,1,6,1,45,7,-1,-1,-1,-1,1,-1
201543W275075,2,1,0,18,0,8,0,0,0,0,0,1,2,1,52,8,-1,-1,-1,-1,1,-1
201543W275105,1,9,0,18,0,1,0,0,0,0,1,1,6,3,-1,-1,-1,-1,-1,-1,-1,-1
201543W276065,1,9,0,18,0,1,0,0,0,0,1,1,6,2,46,8,1598,1,5,-1,1,-1
201543W276065,2,9,0,4,0,1,0,0,0,0,2,1,6,2,47,8,1360,1,9,-1,1,-1
201543W276075,1,9,0,18,0,8,0,0,0,0,1,1,6,1,35,6,1686,2,3,-1,1,-1
201543W276075,2,9,0,9,0,8,0,0,0,0,2,1,6,2,-1,-1,1997,2,4,-1,-1,-1
201543W277065,1,9,0,7,0,3,0,0,0,0,4,1,6,3,-1,-1,-1,-1,-1,-1,-1,-1
201543W277065,2,1,0,18,0,3,0,0,0,0,3,1,6,2,51,8,-1,-1,-1,-1,1,-1
201543W277115,1,9,0,5,0,6,0,0,0,0,1,1,1,1,23,5,2143,2,-1,-1,1,-1
201543W277115,2,1,0,18,4,8,0,0,0,0,4,1,4,1,17,4,-1,-1,-1,-1,1,-1
201543W278075,1,9,0,9,0,2,0,0,0,0,3,1,6,2,33,6,1997,1,4,-1,3,-1
201543W279065,1,9,0,18,0,8,0,0,1,11,4,1,6,1,27,6,1796,1,12,-1,1,-1
201543W279075,1,9,0,5,0,0,0,0,0,0,1,1,6,1,27,6,1995,2,9,-1,1,-1
201543W281075,1,9,0,4,0,1,0,0,0,0,1,1,6,1,79,11,2967,2,5,-1,-1,-1
201543W282115,1,9,0,10,0,1,0,0,0,0,2,1,6,1,51,8,-1,-1,-1,-1,1,-1
201543W282115,2,9,0,3,0,1,0,0,0,0,2,1,6,2,30,6,1598,1,7,-1,1,-1
201543W282115,3,8,0,18,0,1,0,0,0,0,1,1,1,1,42,7,-1,-1,-1,-1,1,-1
201543W283075,1,9,0,18,0,0,0,0,0,0,2,1,6,1,28,6,1248,2,7,-1,1,-1
201543W283075,2,9,0,4,0,0,0,0,0,0,1,1,6,2,32,6,1229,1,-1,-1,1,-1
201543W283075,3,19,0,18,0,0,0,0,0,0,1,1,2,1,30,6,1995,2,8,-1,2,-1
201543W283075,4,9,0,18,0,0,0,0,0,0,1,1,6,1,39,7,1796,1,9,-1,1,-1
201543W284075,1,19,0,7,0,3,0,0,0,0,1,1,6,1,50,8,2464,2,8,-1,-1,-1
201543W284075,2,9,0,7,0,3,0,0,0,0,2,1,6,2,35,6,1598,1,12,-1,1,-1
201543W286075,1,5,0,14,0,1,1,0,0,0,0,1,6,1,27,6,625,1,11,-1,1,-1
201543W286075,2,9,0,9,0,1,0,0,0,0,0,1,6,2,-1,-1,1149,1,11,-1,1,-1
201543W286115,1,9,0,18,0,0,1,0,0,0,1,1,6,1,60,9,1781,1,13,-1,-1,-1
201543W286115,2,9,0,3,0,0,0,6,0,11,2,1,6,1,62,9,1368,1,8,-1,1,-1
201543W286115,3,9,0,3,0,0,0,0,0,0,2,1,6,1,68,10,1560,2,4,-1,-1,-1
201543W286115,4,9,0,3,0,0,0,0,0,0,2,1,6,1,39,7,1390,1,7,-1,2,-1
201543W291115,1,19,0,18,0,1,0,0,0,0,1,1,6,1,-1,-1,1399,2,7,-1,1,-1
201543W291115,2,9,0,3,0,1,0,0,0,0,2,1,6,2,32,6,1390,1,9,-1,1,-1
201543W292115,1,10,0,5,0,0,0,0,0,0,4,1,1,1,39,7,-1,-1,-1,-1,1,-1
2015440000039,1,8,0,5,0,1,0,0,0,0,1,1,1,1,26,6,1582,2,-1,-1,1,-1
2015440000219,1,9,0,18,0,0,0,0,1,10,4,1,1,1,60,9,-1,-1,-1,-1,1,-1
2015440000246,1,8,0,18,0,0,0,0,0,0,1,1,1,1,35,6,1896,2,6,-1,1,-1
2015440000726,1,9,0,18,0,1,1,11,0,0,1,1,6,2,25,5,-1,-1,-1,-1,1,-1
2015440000747,1,1,0,18,0,0,0,0,0,0,3,1,6,1,25,5,-1,-1,-1,-1,1,-1
2015440000747,2,9,0,15,0,0,0,0,0,0,4,1,6,1,71,10,1598,1,1,-1,1,-1
2015440000804,1,19,0,18,0,0,0,0,0,0,1,1,1,1,33,6,-1,-1,-1,-1,1,-1
2015440000804,2,1,0,18,0,0,0,0,0,0,2,1,6,1,32,6,-1,-1,-1,-1,2,-1
2015440000811,1,9,0,18,0,0,0,0,0,0,1,1,6,2,19,4,1360,1,17,-1,1,-1
2015440000873,1,9,0,3,0,0,0,0,0,0,2,1,6,1,48,8,1998,1,10,-1,1,-1
2015440000873,2,9,0,3,0,0,0,0,0,0,2,1,6,1,28,6,1896,2,12,-1,1,-1
2015440000873,3,9,0,4,0,0,0,0,0,0,1,1,6,2,38,7,1242,1,3,-1,1,-1
2015440001094,1,9,0,5,0,4,0,0,0,0,1,1,1,1,47,8,1910,2,6,-1,1,-1
2015440001094,2,1,0,18,0,8,0,0,0,0,4,1,1,1,54,8,-1,-1,-1,-1,1,-1
2015440001209,1,9,0,7,0,8,0,0,0,0,1,1,2,1,29,6,1598,1,8,-1,1,-1
2015440001209,2,1,0,9,0,8,0,0,0,0,4,1,6,1,20,4,-1,-1,-1,-1,1,-1
2015440001238,1,9,0,9,0,2,0,0,0,0,1,1,6,1,57,9,1896,2,11,-1,1,-1
2015440001430,1,11,0,4,0,1,0,0,0,0,1,1,1,1,27,6,4500,2,8,-1,1,-1
2015440001430,2,9,0,9,0,8,0,0,0,0,4,1,6,1,24,5,1598,1,10,-1,-1,-1
2015440001449,1,9,0,1,0,2,0,0,0,0,2,1,1,2,28,6,-1,-1,-1,-1,3,-1
2015440001522,1,9,0,12,0,0,0,0,0,0,1,1,6,2,52,8,2143,2,-1,-1,1,-1
2015440001522,2,9,0,18,0,0,0,0,0,0,2,1,6,1,64,9,1997,2,2,-1,1,-1
2015440001574,1,5,0,18,0,0,1,0,0,0,1,1,6,1,53,8,647,1,8,-1,3,-1
2015440001663,1,9,0,18,0,0,0,0,0,0,1,1,6,1,-1,-1,-1,-1,-1,-1,-1,-1
2015440001671,1,9,0,18,0,0,2,0,4,0,3,1,6,1,24,5,1368,1,8,-1,1,-1
2015440002276,1,9,0,18,0,0,1,0,5,6,1,1,6,1,31,6,-1,-1,-1,-1,3,-1
2015440002276,2,9,0,18,0,0,0,0,0,0,1,1,2,2,42,7,875,1,2,-1,1,-1
2015440002562,1,8,0,9,0,8,0,0,0,0,4,1,1,1,18,4,-1,-1,-1,-1,1,-1
2015440002623,1,9,0,18,0,0,0,0,0,0,2,1,6,2,63,9,1248,1,4,-1,1,-1
2015440002623,2,9,0,18,0,0,0,0,0,0,1,1,6,1,71,10,999,1,1,-1,-1,-1
2015440002700,1,9,0,3,0,1,0,10,0,0,4,1,6,1,24,5,1560,2,4,-1,-1,-1
2015440002700,2,9,0,12,0,1,0,0,0,0,1,1,6,1,27,6,-1,-1,-1,-1,1,-1
2015440002700,3,9,0,3,0,1,0,0,0,0,3,1,6,2,30,6,1229,1,7,-1,1,-1
2015440002912,1,9,0,18,0,0,1,0,1,7,1,1,6,2,30,6,-1,-1,-1,-1,2,-1
2015440003141,1,9,0,18,0,1,0,0,0,1,1,1,6,1,33,6,-1,-1,-1,-1,1,-1
2015440003143,1,9,0,18,0,0,0,0,2,7,1,1,2,1,33,6,1400,1,16,-1,1,-1
2015440003143,2,19,0,18,0,0,0,0,0,0,4,1,6,1,52,8,1996,2,1,-1,1,-1
2015440003642,1,9,0,16,0,0,2,0,0,0,0,1,6,2,19,4,-1,-1,-1,-1,1,-1
2015440003686,1,9,0,17,0,1,5,0,1,11,1,1,6,2,17,4,-1,-1,-1,-1,3,-1
2015440003735,1,9,0,9,0,8,0,0,0,0,4,1,6,1,19,4,1198,1,11,-1,3,-1
2015440003735,2,9,0,9,0,8,0,0,0,0,1,1,6,2,31,6,1229,1,10,-1,1,-1
2015440003758,1,9,0,8,0,1,0,0,0,0,2,1,6,1,29,6,1229,1,11,-1,1,-1
2015440003758,2,9,0,4,0,1,0,0,0,0,1,1,6,3,-1,-1,1995,2,8,-1,-1,-1
2015440004019,1,9,0,9,0,8,0,0,0,0,1,1,1,1,65,9,1598,1,5,-1,1,-1
2015440004019,2,1,0,18,0,8,0,0,0,0,1,1,6,1,45,7,-1,-1,-1,-1,1,-1
2015440004622,1,9,0,18,0,1,0,0,0,0,2,1,6,2,54,8,1781,1,12,-1,1,-1
2015440004622,2,9,0,11,0,1,0,0,0,0,0,1,3,3,-1,-1,-1,-1,-1,-1,-1,-1
2015440004622,3,9,0,18,0,1,0,0,0,0,1,1,6,2,28,6,-1,-1,-1,-1,3,-1
2015440004647,1,9,0,9,0,8,0,0,0,0,4,1,6,1,44,7,1994,1,13,-1,1,-1
2015440004647,2,1,0,18,0,1,0,0,0,0,1,1,6,1,40,7,-1,-1,-1,-1,1,-1
2015440004702,1,3,0,17,0,8,1,0,0,0,1,1,6,1,17,4,124,1,14,-1,1,-1
2015440004702,2,9,0,18,0,4,0,0,0,0,3,1,6,3,-1,-1,-1,-1,-1,-1,-1,-1
2015440004754,1,9,0,16,0,0,0,0,0,0,3,1,3,1,47,8,1794,1,12,-1,1,-1
2015440004763,1,3,0,18,0,8,1,0,0,0,1,1,6,1,70,10,125,1,7,-1,1,-1
2015440004769,1,9,0,4,0,2,0,0,0,0,2,1,6,1,25,5,1995,1,5,-1,1,-1
2015440004769,2,9,0,18,0,7,0,0,0,0,1,1,6,1,29,6,1783,1,12,-1,1,-1
2015440004985,1,9,0,18,0,8,0,0,0,0,1,1,6,1,20,4,-1,-1,-1,-1,1,-1
2015440004985,2,9,0,18,0,8,2,7,7,11,4,1,6,1,43,7,-1,-1,-1,-1,1,-1
2015440004991,1,9,0,17,0,0,0,0,1,11,1,1,6,1,18,4,-1,-1,-1,-1,3,-1
2015440005236,1,9,0,18,0,0,0,0,0,0,1,1,2,1,24,5,1390,1,8,-1,1,-1
2015440005236,2,9,0,18,0,0,0,0,0,0,1,1,2,2,21,5,1399,2,6,-1,1,-1
2015440005236,3,9,0,4,0,0,0,0,0,0,2,1,2,1,-1,-1,1560,2,1,-1,3,-1
2015440005367,1,9,0,14,0,0,0,0,0,0,0,1,6,3,-1,-1,-1,-1,-1,-1,-1,-1
2015440005367,2,90,0,3,0,0,0,0,0,0,0,1,1,3,-1,-1,-1,-1,-1,-1,-1,-1
2015440005367,3,9,0,18,0,0,0,0,0,0,2,1,6,2,69,10,1997,1,3,-1,3,-1
2015440005367,4,19,0,18,0,0,0,0,0,0,1,1,6,1,23,5,2198,2,1,-1,1,-1
2015440005408,1,20,0,17,0,0,2,0,1,5,4,1,1,1,45,7,2998,2,2,-1,1,-1
2015440005501,1,11,0,9,0,8,0,0,0,0,2,1,1,1,56,9,2402,2,4,-1,1,-1
2015440005501,2,9,0,17,0,8,0,0,0,0,2,1,2,1,45,7,1587,1,8,-1,1,-1
2015440005501,3,9,0,17,0,8,0,0,0,0,1,1,1,1,47,8,1796,1,10,-1,1,-1
2015440005671,1,9,0,16,0,0,0,0,7,4,1,1,6,1,65,9,-1,-1,-1,-1,-1,-1
2015440005730,1,9,0,18,0,0,0,0,0,0,1,1,6,1,48,8,-1,-1,-1,-1,1,-1
2015440005730,2,9,0,18,0,0,0,0,1,0,1,1,6,2,39,7,1799,1,9,-1,3,-1
2015440005853,1,9,0,18,0,8,0,0,0,0,4,1,2,1,56,9,998,1,2,-1,1,-1
2015440005853,2,9,0,5,0,4,0,0,0,0,1,1,2,1,55,8,1798,2,4,-1,1,-1
2015440005912,1,9,0,3,0,1,0,0,0,0,2,1,6,2,21,5,1560,2,7,-1,1,-1
2015440005912,2,9,0,5,0,1,0,0,0,0,1,1,6,2,24,5,1396,1,2,-1,1,-1
2015440006009,1,9,0,16,0,0,2,0,0,0,4,1,6,1,22,5,1149,1,10,-1,1,-1
2015440006033,1,9,0,4,0,1,0,0,0,0,2,1,6,1,37,7,1248,1,3,-1,1,-1
2015440006033,2,19,0,18,0,1,1,0,0,0,1,1,6,1,32,6,2402,2,8,-1,1,-1
2015440006077,1,9,0,18,0,0,1,0,1,5,1,1,6,1,20,4,-1,-1,-1,-1,3,-1
2015440006077,2,3,0,18,0,0,1,0,1,0,2,1,6,2,20,4,125,1,5,-1,1,-1
2015440006273,1,9,0,9,0,5,0,0,0,0,4,1,2,1,21,5,-1,-1,-1,-1,1,-1
2015440006273,2,1,0,18,0,1,0,0,0,0,1,1,6,1,30,6,-1,-1,-1,-1,1,-1
2015440006402,1,3,0,17,0,0,1,0,0,0,3,1,2,1,18,4,124,1,5,-1,1,-1
2015440006759,1,9,0,9,0,8,0,0,0,0,1,1,6,1,80,11,1248,1,2,-1,1,-1
2015440006759,2,1,0,18,0,8,0,0,0,0,1,1,6,2,29,6,-1,-1,-1,-1,1,-1
2015440006972,1,1,0,7,0,8,0,0,0,0,1,1,1,1,61,9,-1,-1,-1,-1,1,-1
2015440007018,1,9,0,5,0,8,0,0,0,0,1,1,6,2,62,9,1798,1,11,-1,2,-1
2015440007018,2,1,0,18,0,8,0,0,0,0,1,1,6,1,54,8,-1,-1,-1,-1,3,-1
2015440007043,1,9,0,18,0,1,0,0,6,6,1,1,6,1,71,10,1896,2,8,-1,1,-1
2015440007068,1,9,0,9,0,8,0,0,0,0,4,1,6,3,-1,-1,-1,-1,-1,-1,-1,-1
2015440007068,2,3,0,18,0,8,0,0,0,0,1,1,2,1,51,8,1255,1,8,-1,1,-1
2015440007072,1,1,0,18,0,8,0,0,0,0,3,1,6,1,17,4,-1,-1,-1,-1,1,-1
2015440007072,2,9,0,7,0,8,0,0,0,0,4,1,6,3,-1,-1,-1,-1,-1,-1,-1,-1
2015440007123,1,9,0,18,0,0,0,0,0,0,1,1,1,1,55,8,-1,-1,-1,-1,-1,-1
2015440007123,2,19,0,18,0,0,0,0,0,0,1,1,2,1,70,10,2148,2,11,-1,1,-1
2015440007152,1,9,0,5,0,1,0,0,0,0,2,1,2,2,61,9,1798,1,11,-1,1,-1
2015440007152,2,9,0,5,0,1,0,0,0,0,1,1,2,3,-1,-1,1248,1,6,-1,-1,-1
2015440007158,1,9,0,18,0,0,0,0,0,0,1,1,2,2,58,9,1598,1,11,-1,1,-1
2015440007338,1,9,0,16,0,0,5,0,7,4,1,1,6,1,18,4,-1,-1,-1,-1,1,-1
2015440007456,1,9,0,5,0,8,0,0,0,0,1,1,1,1,51,8,1598,2,5,-1,1,-1
2015440007456,2,9,0,5,0,8,0,0,0,0,2,1,1,2,38,7,1685,2,2,-1,1,-1
2015440007503,1,9,0,9,0,8,0,0,0,0,1,1,6,1,26,6,1995,1,10,-1,1,-1
2015440007506,1,9,0,5,9,8,0,0,0,0,1,1,6,1,-1,-1,1896,2,12,-1,-1,-1
2015440007552,1,1,0,7,9,8,0,0,0,0,0,1,1,1,32,6,-1,-1,-1,-1,1,-1
2015440007556,1,9,0,18,0,0,0,0,0,0,1,1,2,1,21,5,-1,-1,-1,-1,1,-1
2015440007556,2,9,0,18,0,0,0,0,0,0,1,1,2,2,23,5,-1,-1,-1,-1,1,-1
2015440007556,3,9,0,18,0,0,0,0,0,0,1,1,2,1,26,6,1200,1,1,-1,1,-1
2015440007556,4,9,0,3,0,0,0,0,0,0,2,1,2,1,33,6,1397,1,6,-1,-1,-1
2015440007560,1,3,0,18,0,8,0,0,0,0,4,1,1,1,23,5,124,1,5,-1,1,-1
2015440007560,2,9,0,1,0,8,0,0,0,0,2,1,1,1,40,7,1896,2,5,-1,1,-1
2015440007567,1,9,0,18,0,0,1,0,4,6,3,1,2,2,36,7,2685,2,11,-1,1,-1
2015440007576,1,9,0,18,0,8,0,0,0,0,3,1,6,2,31,6,1995,2,4,-1,1,-1
2015440007576,2,9,0,9,0,8,0,0,0,0,1,1,6,1,-1,-1,1360,1,9,-1,1,-1
2015440007654,1,9,0,18,0,8,0,0,0,0,3,1,2,2,38,7,1898,1,16,-1,1,-1
2015440007654,2,9,0,18,0,8,0,0,0,0,3,1,2,2,61,9,1596,1,14,-1,1,-1
2015440007671,1,9,0,4,9,0,0,0,0,0,1,1,6,1,-1,-1,1685,2,2,-1,-1,-1
2015440007680,1,9,0,18,0,8,0,0,0,0,1,1,1,2,77,11,-1,-1,-1,-1,1,-1
2015440007680,2,9,0,9,0,8,0,0,0,0,3,1,1,2,17,4,-1,-1,-1,-1,1,-1
2015440007715,1,9,0,18,0,1,0,0,0,0,1,1,6,2,47,8,998,1,3,-1,1,-1
2015440007838,1,11,0,18,0,8,0,0,0,0,1,1,1,1,55,8,6696,2,2,-1,1,-1
2015440007838,2,9,0,10,0,8,0,0,0,0,2,1,1,1,49,8,2495,2,13,-1,3,-1
2015440007840,1,9,0,17,0,0,0,0,0,0,1,1,6,2,68,10,1598,2,4,-1,3,-1
2015440008270,1,19,0,1,0,0,0,0,0,0,2,1,6,3,-1,-1,-1,-1,-1,-1,-1,-1
2015440008342,1,9,0,4,0,1,0,0,0,0,1,1,6,3,-1,-1,1560,2,7,-1,-1,-1
2015440008342,2,1,0,3,0,1,0,0,0,0,2,1,6,1,17,4,-1,-1,-1,-1,1,-1
2015440008376,1,9,0,18,0,8,0,0,0,0,0,1,6,3,-1,-1,-1,-1,-1,-1,-1,-1
2015440008394,1,9,0,17,0,0,0,0,7,11,1,1,6,1,23,5,-1,-1,-1,-1,1,-1
2015440008587,1,9,0,18,0,1,2,0,1,8,0,1,6,1,32,6,-1,-1,-1,-1,1,-1
2015440008703,1,1,0,5,0,2,0,0,0,0,1,1,2,2,27,6,-1,-1,-1,-1,1,-1
2015440008703,2,3,0,5,0,2,0,0,0,0,1,1,2,1,27,6,124,1,12,-1,1,-1
2015440008729,1,9,0,5,0,1,0,0,0,0,1,1,6,1,55,8,998,1,9,-1,1,-1
2015440008729,2,5,0,4,0,4,0,0,0,0,2,1,2,2,54,8,-1,-1,-1,-1,1,-1
2015440008730,1,9,0,3,0,2,0,0,0,0,2,1,3,2,31,6,1598,1,5,-1,1,-1
2015440008730,2,9,0,4,0,2,0,0,0,0,2,1,1,2,56,9,1360,1,5,-1,1,-1
2015440008754,1,9,0,18,0,8,1,0,0,0,4,1,1,2,33,6,-1,-1,-1,-1,1,-1
2015440008754,2,19,0,18,0,8,1,0,1,1,1,1,1,2,62,9,-1,-1,-1,-1,1,-1
2015440009317,1,9,0,18,0,8,0,0,7,9,1,1,6,2,80,11,1339,1,10,-1,2,-1
2015440009317,2,19,0,9,0,8,0,0,0,0,3,1,6,1,29,6,1998,2,13,-1,1,-1
2015440009317,3,1,0,18,0,8,0,0,0,0,1,1,6,1,44,7,-1,-1,-1,-1,3,-1
2015440009393,1,9,0,18,0,0,0,0,0,0,4,1,6,3,-1,-1,-1,-1,-1,-1,-1,-1
2015440009475,1,9,0,7,0,8,0,0,0,0,1,1,6,2,34,6,1591,1,5,-1,1,-1
2015440009478,1,9,0,3,0,2,0,0,0,0,2,1,2,1,33,6,1598,1,8,-1,-1,-1
2015440009478,2,9,0,18,0,7,0,0,0,0,1,1,2,2,50,8,-1,-1,-1,-1,1,-1
2015440009519,1,2,0,17,0,2,1,0,0,0,0,1,6,1,17,4,49,1,6,-1,2,-1
2015440009535,1,3,0,13,0,1,0,0,0,0,1,1,6,1,20,4,124,1,5,-1,1,-1
2015440009535,2,9,0,9,0,8,0,0,0,0,3,1,6,1,42,7,1783,1,13,-1,1,-1
2015440009553,1,9,0,18,0,0,0,10,0,0,1,1,6,2,26,6,-1,-1,-1,-1,1,-1
2015440009553,2,9,0,18,0,0,0,0,0,0,1,1,6,1,35,6,2616,1,7,-1,1,-1
2015440009619,1,9,0,18,0,0,0,0,0,0,4,1,6,3,-1,-1,-1,-1,-1,-1,-1,-1
2015440009670,1,1,0,18,0,8,0,0,0,0,2,1,6,1,14,3,-1,-1,-1,-1,1,-1
2015440009670,2,9,0,7,0,8,0,0,0,0,1,1,6,3,-1,-1,-1,-1,-1,-1,-1,-1
2015440009870,1,9,0,18,0,0,0,0,0,0,2,1,6,1,66,10,1527,1,91,-1,1,-1
2015440009870,2,9,0,18,0,0,0,0,1,9,1,1,6,1,89,11,1242,1,4,-1,-1,-1
2015440010010,1,8,0,5,0,8,0,0,0,0,0,1,1,1,-1,-1,-1,-1,-1,-1,-1,-1
2015440010327,1,19,0,18,0,0,1,0,0,0,1,1,6,1,26,6,1769,2,17,-1,1,-1
2015440010327,2,9,0,3,0,0,0,0,0,0,2,1,6,2,37,7,1997,2,5,-1,3,-1
2015440010506,1,9,0,4,0,0,0,0,0,0,2,1,6,2,23,5,1299,1,12,-1,1,-1
2015440010506,2,90,0,4,0,0,0,0,0,0,4,1,1,2,38,7,2987,2,5,-1,2,-1
2015440010511,1,1,0,18,0,0,0,0,0,0,1,1,6,1,39,7,-1,-1,-1,-1,1,-1
2015440010511,2,9,0,2,0,0,0,0,0,0,3,1,6,3,-1,-1,-1,-1,-1,-1,-1,-1
2015440010659,1,9,0,18,0,0,1,0,1,4,1,1,2,1,24,5,-1,-1,-1,-1,1,-1
2015440011171,1,9,0,11,0,0,0,0,1,7,4,1,6,2,42,7,-1,-1,-1,-1,1,-1
2015440011188,1,9,0,5,0,4,0,0,0,0,1,1,6,1,69,10,-1,-1,-1,-1,1,-1
2015440011188,2,1,0,9,0,8,0,0,0,0,4,1,6,2,23,5,-1,-1,-1,-1,1,-1
2015440011430,1,9,0,9,0,8,0,0,0,0,1,1,6,1,52,8,2495,2,9,-1,3,-1
2015440011430,2,5,0,18,0,8,0,0,0,0,4,1,6,1,50,8,680,1,8,-1,1,-1
2015440011593,1,9,0,17,0,0,1,0,1,0,1,1,6,1,22,5,1364,1,5,-1,1,-1
2015440011824,1,9,0,16,0,0,1,0,7,11,4,1,2,1,28,6,-1,-1,-1,-1,1,-1
2015440011914,1,1,0,16,0,0,0,0,0,0,3,1,6,2,43,7,-1,-1,-1,-1,1,-1
2015440011914,2,9,0,13,0,0,0,0,0,0,4,1,6,3,-1,-1,-1,-1,-1,-1,-1,-1
2015440012014,1,9,0,4,0,0,0,0,0,0,2,1,1,1,57,9,-1,-1,-1,-1,1,-1
2015440012014,2,9,0,18,0,0,0,0,0,0,1,1,1,1,54,8,-1,-1,-1,-1,3,-1
2015440012163,1,9,0,2,0,0,0,0,0,0,4,1,6,3,-1,-1,1984,2,2,-1,-1,-1
2015440012163,2,9,0,14,0,0,0,0,0,0,4,1,6,3,-1,-1,1242,1,14,-1,-1,-1
2015440012274,1,9,0,18,0,1,0,0,1,1,1,1,1,2,25,5,1242,1,4,-1,-1,-1
2015440012856,1,1,0,9,0,1,0,0,0,0,1,1,2,1,53,8,-1,-1,-1,-1,1,-1
2015440012856,2,9,0,7,0,8,0,0,0,0,1,1,2,1,27,6,1422,2,12,-1,1,-1
2015440012881,1,9,0,18,0,2,0,0,0,0,1,1,6,3,-1,-1,-1,-1,-1,-1,-1,-1
2015440012882,1,9,0,16,0,0,1,0,1,2,3,1,1,2,19,4,-1,-1,-1,-1,1,-1
2015440013054,1,4,0,4,0,8,0,0,0,0,2,1,1,2,46,8,198,1,22,-1,2,-1
2015440013054,2,9,0,18,0,8,0,0,0,0,1,1,1,1,24,5,1984,1,2,-1,2,-1
2015440013063,1,19,0,18,0,0,0,0,0,0,2,1,1,1,37,7,1753,2,6,-1,1,-1
2015440013063,2,9,0,18,0,0,0,0,0,0,1,1,2,1,49,8,2401,2,7,-1,-1,-1
2015440013063,3,9,0,18,0,0,0,0,0,0,1,1,2,1,47,8,1910,2,5,-1,1,-1
2015440013063,4,9,0,18,0,0,0,0,0,0,1,1,2,1,47,8,1910,2,5,-1,1,-1
2015440013063,5,9,0,18,0,0,0,0,0,0,1,1,2,1,40,7,1896,2,6,-1,1,-1