Accident_Index,Vehicle_Reference,Vehicle_Type,Towing_and_Articulation,Vehicle_Manoeuvre,Vehicle_Location-Restricted_Lane,Junction_Location,Skidding_and_Overturning,Hit_Object_in_Carriageway,Vehicle_Leaving_Carriageway,Hit_Object_off_Carriageway,1st_Point_of_Impact,Was_Vehicle_Left_Hand_Drive?,Journey_Purpose_of_Driver,Sex_of_Driver,Age_of_Driver,Age_Band_of_Driver,Engine_Capacity_(CC),Propulsion_Code,Age_of_Vehicle,Driver_IMD_Decile,Driver_Home_Area_Type,Vehicle_IMD_Decile
2015440013063,6,9,0,18,0,0,0,0,0,0,1,1,2,1,50,8,1956,2,1,-1,1,-1
2015440013130,1,9,0,18,0,0,0,0,0,0,1,1,6,1,54,8,2179,2,3,-1,1,-1
2015440013130,2,9,0,3,0,0,0,0,0,0,2,1,6,2,27,6,-1,-1,-1,-1,1,-1
2015440013130,3,9,0,3,0,0,0,0,0,0,2,1,6,1,29,6,1995,2,3,-1,1,-1
2015440013229,1,21,0,4,0,0,0,0,0,0,1,1,1,1,42,7,6370,2,14,-1,-1,-1
2015440013229,2,19,0,18,0,0,0,0,0,0,2,1,2,1,45,7,2402,2,10,-1,1,-1
2015440013229,3,9,0,18,0,0,0,0,0,0,2,1,2,1,60,9,-1,-1,-1,-1,1,-1
2015440013229,4,9,0,18,0,0,0,0,0,0,2,1,2,2,39,7,-1,-1,-1,-1,1,-1
2015440013229,5,21,1,18,0,0,0,0,0,0,2,1,1,1,32,6,11705,2,8,-1,-1,-1
2015440013230,1,19,0,4,0,1,0,0,0,0,2,1,1,1,31,6,1896,2,6,-1,1,-1
2015440013230,2,9,0,18,0,1,0,0,0,0,1,1,6,3,-1,-1,-1,-1,-1,-1,-1,-1
2015440013240,1,2,0,14,0,1,0,0,0,0,1,1,6,1,25,5,50,1,2,-1,1,-1
2015440013240,2,9,0,7,0,8,0,0,0,0,1,1,6,3,-1,-1,1240,1,11,-1,-1,-1
2015440013247,1,9,0,1,0,1,0,0,0,0,2,1,6,1,44,7,1086,1,8,-1,1,-1
2015440013247,2,22,0,10,0,1,0,0,0,0,2,1,6,1,62,9,-1,-1,-1,-1,1,-1
2015440013368,1,9,0,18,0,1,0,0,0,0,1,1,2,1,44,7,1596,1,12,-1,1,-1
2015440013368,2,9,0,4,0,1,0,0,0,0,2,1,6,2,65,9,1870,2,13,-1,1,-1
2015440013469,1,9,0,18,0,8,1,0,0,0,4,1,6,2,37,7,2993,2,5,-1,3,-1
2015440013469,2,9,0,18,0,1,0,0,0,0,1,1,2,1,49,8,1598,1,6,-1,1,-1
2015440013500,1,9,0,4,0,0,2,0,0,0,4,1,6,1,24,5,-1,-1,-1,-1,3,-1
2015440013744,1,9,0,18,0,0,0,4,0,0,1,1,6,2,78,11,1272,1,23,-1,1,-1
2015440013744,2,9,0,18,0,0,0,0,0,0,2,1,6,2,-1,-1,1560,2,1,-1,-1,-1
2015440013884,1,9,0,9,0,8,0,0,0,0,3,1,2,2,32,6,1360,1,13,-1,1,-1
2015440013884,2,1,0,13,0,8,0,0,0,0,1,1,2,1,54,8,-1,-1,-1,-1,1,-1
2015440013886,1,9,0,18,0,1,0,0,0,0,1,1,6,2,39,7,-1,-1,-1,-1,2,-1
2015440013886,2,9,0,9,0,6,0,0,0,0,3,1,6,1,33,6,1598,1,1,-1,2,-1
2015440013997,1,9,0,5,0,6,0,0,0,0,1,1,6,3,-1,-1,-1,-1,-1,-1,-1,-1
2015440013997,2,1,0,18,0,1,0,0,0,0,4,1,6,1,33,6,-1,-1,-1,-1,1,-1
2015440014142,1,9,0,18,0,0,0,0,1,9,4,1,2,1,32,6,1590,1,13,-1,1,-1
2015440014186,1,9,0,4,0,8,0,0,0,0,2,1,6,3,-1,-1,1242,1,18,-1,-1,-1
2015440014186,2,9,0,18,0,8,0,0,0,0,2,1,6,1,29,6,1995,2,6,-1,1,-1
2015440014186,3,9,0,18,0,8,0,0,0,0,1,1,6,3,-1,-1,1590,1,13,-1,-1,-1
2015440014315,1,9,0,13,0,2,0,0,0,0,1,1,6,3,-1,-1,-1,-1,-1,-1,-1,-1
2015440014315,2,1,0,18,0,2,0,0,0,0,3,1,6,1,40,7,-1,-1,-1,-1,1,-1
2015440014340,1,9,0,9,0,8,0,0,0,0,1,1,1,2,43,7,1598,1,11,-1,1,-1
2015440014479,1,9,0,18,0,0,0,0,0,0,4,1,2,2,65,9,1360,1,3,-1,3,-1
2015440014511,1,11,0,18,0,0,0,0,0,0,1,1,1,1,55,8,4461,2,1,-1,1,-1
2015440014667,1,1,0,14,0,1,0,0,0,0,3,1,6,1,39,7,-1,-1,-1,-1,1,-1
2015440014667,2,9,0,9,0,8,0,0,0,0,1,1,6,3,-1,-1,-1,-1,-1,-1,-1,-1
2015440014680,1,9,0,18,0,0,0,0,0,0,1,1,6,1,48,8,1598,1,1,-1,1,-1
2015440014680,2,9,0,2,0,0,0,0,0,0,2,1,6,1,61,9,1798,1,7,-1,-1,-1
2015440014695,1,9,0,2,0,0,0,0,0,0,4,1,6,3,-1,-1,1995,1,12,-1,-1,-1
2015440014695,2,9,0,18,0,0,0,0,0,0,1,1,6,3,-1,-1,-1,-1,-1,-1,-1,-1
2015440014952,1,9,0,18,0,0,0,0,0,0,1,1,2,2,26,6,1796,1,16,-1,1,-1
2015440014965,1,9,0,4,0,1,0,0,0,0,2,1,6,2,29,6,1149,1,4,-1,1,-1
2015440014965,2,19,0,18,0,1,0,0,0,0,1,1,6,1,26,6,-1,-1,-1,-1,1,-1
2015440014978,1,19,0,18,0,0,0,0,0,0,4,1,6,1,75,10,-1,-1,-1,-1,1,-1
2015440015010,1,9,0,4,0,1,0,0,0,0,2,1,2,2,44,7,2499,1,8,-1,1,-1
2015440015010,2,9,0,4,0,1,0,0,0,0,1,1,2,1,38,7,1995,2,11,-1,1,-1
2015440015027,1,9,0,5,0,8,0,0,0,0,1,1,6,1,58,9,1796,1,14,-1,1,-1
2015440015027,2,2,0,18,0,8,0,0,0,0,4,1,1,1,32,6,49,1,2,-1,3,-1
2015440015062,1,9,0,16,0,0,2,0,7,4,1,1,2,1,24,5,-1,-1,-1,-1,1,-1
2015440015234,1,9,0,5,0,8,0,0,3,9,1,1,6,1,72,10,-1,-1,-1,-1,2,-1
2015440015234,2,9,0,18,0,8,1,0,7,10,1,1,6,1,31,6,2198,2,1,-1,1,-1
2015440015294,1,9,0,18,0,0,0,0,2,4,1,1,2,1,45,7,-1,-1,-1,-1,-1,-1
2015440015342,1,97,0,18,0,0,0,0,1,0,4,1,2,1,16,4,49,1,1,-1,1,-1
2015440015342,2,9,0,18,0,0,0,0,0,0,0,1,6,1,-1,-1,-1,-1,-1,-1,-1,-1
2015440015390,1,19,0,18,0,8,0,0,0,0,1,1,1,1,42,7,2151,2,13,-1,1,-1
2015440015390,2,9,0,18,0,8,0,0,1,0,3,1,6,2,59,9,-1,-1,-1,-1,1,-1
2015440015504,1,9,0,18,0,0,0,0,0,0,1,1,6,1,87,11,-1,-1,-1,-1,1,-1
2015440015504,2,9,0,4,0,0,0,0,0,0,2,1,1,2,55,8,1598,2,4,-1,1,-1
2015440015721,1,9,0,18,0,0,0,0,0,0,1,1,6,3,-1,-1,-1,-1,-1,-1,-1,-1
2015440015721,2,9,0,3,0,0,0,0,0,0,2,1,6,1,19,4,998,1,4,-1,1,-1
2015440015753,1,5,0,18,0,8,0,0,0,0,1,1,6,1,38,7,800,1,2,-1,1,-1
2015440015753,2,19,0,3,0,8,0,0,0,0,2,1,1,1,70,10,1868,2,13,-1,1,-1
2015440015794,1,8,0,5,0,1,0,0,0,0,1,1,1,1,-1,-1,-1,-1,-1,-1,-1,-1
2015440015815,1,1,0,18,9,1,0,0,0,0,3,1,2,1,30,6,-1,-1,-1,-1,1,-1
2015440015815,2,20,0,18,0,1,0,0,0,0,4,1,6,3,-1,-1,-1,-1,-1,-1,-1,-1
2015440016002,1,9,0,4,0,1,0,0,0,0,1,1,2,1,18,4,1242,1,4,-1,3,-1
2015440016002,2,9,0,4,0,1,0,0,0,0,2,1,2,2,45,7,1997,2,12,-1,1,-1
2015440016015,1,9,0,7,0,8,0,0,0,0,4,1,6,3,-1,-1,-1,-1,-1,-1,-1,-1
2015440016015,2,1,0,18,0,8,0,0,0,0,1,1,6,1,42,7,-1,-1,-1,-1,1,-1
2015440016143,1,9,0,18,0,0,0,0,0,0,1,1,6,2,76,11,1149,1,5,-1,1,-1
2015440016147,1,9,0,9,0,8,0,0,0,0,3,1,6,2,73,10,1560,2,3,-1,1,-1
2015440016147,2,9,0,18,0,8,0,0,0,0,1,1,1,1,34,6,998,1,4,-1,1,-1
2015440016176,1,9,0,9,0,8,0,0,0,0,3,1,6,2,30,6,1388,1,13,-1,1,-1
2015440016176,2,9,0,18,0,8,0,0,0,0,4,1,6,1,46,8,1399,2,11,-1,1,-1
2015440016212,1,9,0,6,0,0,0,0,1,4,1,1,6,2,54,8,1396,1,15,-1,3,-1
2015440016212,2,9,0,2,0,0,0,0,0,0,1,1,6,3,-1,-1,1299,1,9,-1,-1,-1
2015440016580,1,9,0,7,0,8,0,0,0,0,1,1,2,1,56,9,1599,1,11,-1,1,-1
2015440016580,2,1,0,18,0,1,0,0,0,0,4,1,2,1,37,7,-1,-1,-1,-1,1,-1
2015440016584,1,21,1,18,0,8,0,0,0,0,1,1,1,1,56,9,6174,2,12,-1,1,-1
2015440016584,2,1,0,18,0,8,0,0,0,0,4,1,2,1,51,8,-1,-1,-1,-1,1,-1
2015440016597,1,9,0,18,0,8,0,0,0,0,1,1,6,2,-1,-1,-1,-1,-1,-1,-1,-1
2015440016597,2,1,0,18,0,8,0,0,0,0,1,1,6,1,50,8,-1,-1,-1,-1,1,-1
2015440016642,1,9,0,18,0,2,0,0,0,0,1,1,3,2,31,6,1497,8,7,-1,1,-1
2015440016642,2,9,0,2,0,2,0,0,0,0,2,1,6,3,-1,-1,-1,-1,-1,-1,-1,-1
2015440016760,1,9,0,10,0,8,0,0,0,0,2,1,6,2,43,7,1590,1,16,-1,1,-1
2015440016760,2,9,0,4,0,8,0,0,0,0,2,1,1,2,27,6,1368,1,3,-1,1,-1
2015440016760,3,19,0,18,0,8,0,0,0,0,1,1,1,1,47,8,-1,-1,-1,-1,1,-1
2015440016788,1,9,0,3,0,8,0,0,0,0,2,1,6,1,33,6,1390,1,10,-1,1,-1
2015440016788,2,9,0,4,0,8,0,0,0,0,1,1,6,3,-1,-1,1390,1,8,-1,-1,-1
2015440016845,1,9,0,5,9,6,0,0,0,0,0,1,6,1,25,5,1390,1,8,-1,1,-1
2015440016946,1,9,0,13,0,0,0,0,0,0,4,1,6,2,72,10,1397,1,14,-1,1,-1
2015440016946,2,1,0,18,0,0,0,0,0,0,3,1,6,1,47,8,-1,-1,-1,-1,1,-1
2015440016972,1,9,0,9,0,8,0,0,0,0,1,1,6,2,77,11,1339,1,2,-1,1,-1
2015440017000,1,9,0,9,0,8,0,0,0,0,1,1,6,2,32,6,1598,1,12,-1,1,-1
2015440017000,2,9,0,18,0,8,0,0,4,1,1,1,6,1,31,6,-1,-1,-1,-1,1,-1
2015440017070,1,3,0,18,0,1,1,0,0,0,1,1,6,1,17,4,124,1,1,-1,1,-1
2015440017186,1,9,0,2,9,2,0,0,0,0,3,1,6,3,-1,-1,1781,1,12,-1,-1,-1
2015440017186,2,9,0,2,0,2,0,0,0,0,0,1,6,3,-1,-1,2261,1,10,-1,-1,-1
2015440017193,1,9,0,11,0,1,0,0,0,0,4,1,6,2,-1,-1,-1,-1,-1,-1,-1,-1
2015440017364,1,9,0,16,0,1,0,0,0,0,1,1,6,1,77,11,1390,1,14,-1,1,-1
2015440017373,1,9,0,18,0,0,0,0,0,0,1,1,6,1,24,5,2598,1,18,-1,1,-1
2015440017373,2,9,0,4,0,0,0,0,0,0,2,1,6,2,48,8,-1,-1,-1,-1,1,-1
2015440017373,3,9,0,4,0,0,0,0,0,0,2,1,2,2,50,8,1685,2,1,-1,1,-1
2015440017443,1,9,0,18,0,8,0,0,1,4,1,1,6,1,21,5,998,1,1,-1,1,-1
2015440017443,2,9,0,9,0,8,0,0,0,0,0,1,6,3,-1,-1,-1,-1,-1,-1,-1,-1
2015440017505,1,9,0,4,0,1,0,0,0,0,2,1,6,1,30,6,998,1,1,-1,2,-1
2015440017505,2,9,0,18,0,1,0,0,0,0,1,1,6,2,27,6,1299,1,10,-1,2,-1
2015440017958,1,9,0,18,0,0,0,0,2,3,4,1,6,1,32,6,1124,1,10,-1,1,-1
2015440018032,1,9,0,16,0,0,1,0,0,0,1,1,6,1,24,5,-1,-1,-1,-1,1,-1
2015440018032,2,9,0,18,0,0,0,0,0,0,1,1,6,2,57,9,2199,2,4,-1,1,-1
2015440018034,1,9,0,18,0,0,1,0,1,4,1,1,1,1,21,5,1390,1,9,-1,2,-1
2015440018059,1,9,0,18,0,0,1,0,1,4,1,1,6,2,59,9,-1,-1,-1,-1,2,-1
2015440018088,1,9,0,10,0,8,0,0,0,0,2,1,6,1,28,6,1598,1,4,-1,1,-1
2015440018088,2,9,0,18,0,8,0,0,0,0,1,1,6,1,28,6,1998,2,12,-1,1,-1
2015440018089,1,2,0,7,0,1,1,0,0,0,3,1,6,2,20,4,49,1,3,-1,1,-1
2015440018130,1,4,0,16,0,0,1,0,0,0,0,1,6,1,22,5,800,1,1,-1,2,-1
2015440018151,1,9,0,18,0,0,2,0,7,5,1,1,6,1,36,7,-1,-1,-1,-1,2,-1
2015440018157,1,9,0,9,0,6,0,0,0,0,3,1,6,1,32,6,1956,2,4,-1,1,-1
2015440018157,2,9,0,18,0,1,0,0,0,0,1,1,6,1,25,5,-1,-1,-1,-1,1,-1
2015440018229,1,9,0,9,0,8,0,0,0,0,4,1,6,2,19,4,999,1,14,-1,1,-1
2015440018229,2,3,0,18,0,1,1,0,0,0,1,1,6,1,20,4,124,1,3,-1,1,-1
2015440018318,1,9,0,18,0,0,0,0,0,0,2,1,1,2,24,5,1686,2,1,-1,1,-1
2015440018318,2,9,0,18,0,0,0,0,0,0,4,1,1,1,28,6,-1,-1,-1,-1,1,-1
2015440018420,1,9,0,16,0,2,0,0,1,4,1,1,6,1,61,9,2393,1,3,-1,3,-1
2015440018490,1,9,0,9,0,8,0,0,0,0,1,1,6,2,33,6,1461,2,8,-1,1,-1
2015440018490,2,9,0,18,0,1,0,0,0,0,4,1,6,1,19,4,1360,1,8,-1,1,-1
2015440018584,1,9,0,9,0,8,0,0,0,0,1,1,1,1,39,7,-1,-1,-1,-1,1,-1
2015440018584,2,1,0,18,0,1,0,0,0,0,1,1,6,1,19,4,-1,-1,-1,-1,1,-1
2015440018957,1,8,0,18,0,2,0,0,0,0,1,1,1,1,31,6,-1,-1,-1,-1,1,-1
2015440019118,1,9,0,18,0,0,0,0,0,0,2,1,6,1,38,7,1956,2,3,-1,1,-1
2015440019118,2,9,0,18,0,0,0,0,0,0,1,1,6,3,-1,-1,1749,1,12,-1,-1,-1
2015440019138,1,9,0,5,0,4,0,0,0,0,3,1,6,3,-1,-1,-1,-1,-1,-1,-1,-1
2015440019138,2,1,0,17,0,8,0,0,0,0,1,1,6,1,21,5,-1,-1,-1,-1,1,-1
2015440019160,1,9,0,18,0,8,0,0,0,0,4,1,6,1,44,7,1998,1,17,-1,2,-1
2015440019160,2,9,0,5,0,8,0,0,0,0,1,1,1,1,40,7,1399,2,3,-1,1,-1
2015440019185,1,9,0,18,0,0,2,0,1,0,4,1,6,1,48,8,1686,2,10,-1,1,-1
2015440019241,1,9,0,14,0,1,0,0,0,0,1,1,6,1,61,9,1598,1,3,-1,1,-1
2015440019246,1,9,0,18,0,1,1,0,7,4,1,1,6,2,24,5,1753,2,8,-1,1,-1
2015440019246,2,9,0,9,0,8,0,0,0,0,3,1,6,2,26,6,1796,1,15,-1,1,-1
2015440019294,1,9,0,14,0,0,5,0,0,0,1,1,6,1,25,5,-1,-1,-1,-1,1,-1
2015440019294,2,9,0,18,0,0,1,0,0,0,1,1,6,1,34,6,-1,-1,-1,-1,1,-1
2015440019304,1,9,0,18,0,0,0,0,0,0,1,1,6,3,-1,-1,-1,-1,-1,-1,-1,-1
2015440019478,1,9,0,2,0,6,0,0,0,0,2,1,6,1,36,7,1596,1,9,-1,1,-1
2015440019534,1,9,0,17,0,0,1,0,7,4,1,1,6,1,47,8,-1,-1,-1,-1,1,-1
2015440019585,1,9,0,18,0,0,1,0,7,9,1,1,6,2,22,5,1149,1,9,-1,1,-1
2015440019595,1,5,0,18,0,1,1,0,0,0,0,1,6,1,35,6,599,1,20,-1,1,-1
2015440019694,1,9,0,17,0,2,5,0,1,11,1,1,6,1,17,4,-1,-1,-1,-1,3,-1
2015440019791,1,9,0,9,0,8,0,0,0,0,1,1,6,2,24,5,1796,1,12,-1,1,-1
2015440019791,2,9,0,18,0,8,0,0,0,0,1,1,2,1,23,5,1598,1,9,-1,1,-1
2015440019806,1,9,0,12,0,0,0,0,0,0,3,1,2,1,44,7,1200,1,1,-1,1,-1
2015440019806,2,3,0,18,0,0,0,0,0,0,1,1,2,1,19,4,125,1,3,-1,1,-1
2015440019877,1,3,0,4,0,1,1,0,0,0,3,1,6,2,24,5,-1,-1,-1,-1,1,-1
2015440019891,1,9,0,9,0,8,0,0,0,0,1,1,1,2,48,8,1870,2,7,-1,1,-1
2015440019891,2,9,0,18,0,8,5,0,1,2,4,1,1,1,20,4,1896,2,13,-1,-1,-1
2015440019895,1,9,0,9,0,8,0,0,0,0,4,1,2,2,19,4,1229,1,2,-1,1,-1
2015440019895,2,3,0,18,0,8,0,0,0,0,1,1,2,1,24,5,124,1,3,-1,1,-1
2015440019903,1,9,0,18,0,8,1,0,0,0,3,1,1,2,45,7,1984,1,5,-1,2,-1
2015440019903,2,9,0,5,0,8,0,0,0,0,1,1,1,2,49,8,1685,2,2,-1,1,-1
2015440020135,1,9,0,16,0,8,1,0,1,0,1,1,6,2,53,8,1596,1,15,-1,1,-1
2015440020151,1,9,0,5,0,8,0,0,0,0,1,1,6,1,52,8,2993,2,9,-1,1,-1
2015440020151,2,1,0,18,0,8,0,0,0,0,1,1,6,1,21,5,-1,-1,-1,-1,1,-1
2015440020283,1,9,0,17,0,0,1,0,0,0,1,1,1,2,57,9,1398,2,7,-1,3,-1
2015440020283,2,9,0,18,0,0,0,0,0,0,1,1,6,2,58,9,1229,1,9,-1,2,-1
2015440020294,1,9,0,18,0,8,0,0,0,0,1,1,6,2,22,5,1000,1,15,-1,1,-1
2015440020294,2,9,0,18,0,8,0,10,0,0,3,1,6,2,52,8,-1,-1,-1,-1,1,-1
2015440020439,1,19,0,1,0,0,0,0,0,0,2,1,1,1,60,9,1248,2,1,-1,1,-1
2015440020538,1,9,0,9,0,8,0,0,0,0,1,1,6,1,-1,-1,1769,1,12,-1,-1,-1
2015440020538,2,1,0,9,0,8,0,0,0,0,1,1,6,1,20,4,-1,-1,-1,-1,3,-1
2015440020578,1,9,0,4,0,1,0,0,0,0,2,1,2,1,36,7,1998,2,8,-1,2,-1
2015440020578,2,9,0,4,0,1,0,0,0,0,1,1,6,3,-1,-1,1995,2,2,-1,-1,-1
2015440020610,1,19,0,18,0,8,0,0,0,0,1,1,6,3,-1,-1,-1,-1,-1,-1,-1,-1
2015440020610,2,9,0,4,0,8,0,0,0,0,2,1,2,1,55,8,1596,1,7,-1,1,-1
2015440020618,1,11,0,17,0,0,0,0,1,1,1,1,1,1,49,8,9600,2,17,-1,1,-1
2015440020618,2,9,0,18,0,0,1,0,0,0,1,1,6,2,21,5,-1,-1,-1,-1,3,-1
2015440020677,1,9,0,5,0,6,0,0,0,0,1,1,6,3,-1,-1,-1,-1,-1,-1,-1,-1
2015440020677,2,1,0,18,0,1,0,0,0,0,4,1,6,1,62,9,-1,-1,-1,-1,1,-1
2015440020762,1,9,0,18,0,2,0,0,0,0,1,1,6,2,17,4,1124,1,15,-1,1,-1
2015440020844,1,9,0,3,0,0,0,0,0,0,2,1,6,1,50,8,1686,2,4,-1,1,-1
2015440020844,2,9,0,3,0,0,0,0,0,0,2,1,6,1,53,8,1686,2,8,-1,1,-1
2015440020844,3,19,0,18,0,0,0,0,0,0,1,1,6,1,18,4,1995,2,6,-1,1,-1
2015440021025,1,9,0,17,0,0,1,0,4,4,3,1,6,1,34,6,-1,-1,-1,-1,1,-1
2015440021077,1,9,0,18,0,0,0,0,0,0,1,1,1,2,71,10,-1,-1,-1,-1,1,-1
2015440021077,2,9,0,2,0,0,0,0,0,0,2,1,6,3,-1,-1,2179,2,5,-1,-1,-1
2015440021111,1,9,0,17,0,8,0,0,0,0,4,1,3,1,48,8,2993,2,5,-1,1,-1
2015440021111,2,9,0,9,0,8,0,0,0,0,1,1,2,2,46,8,1796,1,10,-1,1,-1
2015440021207,1,19,0,16,0,0,1,0,0,0,1,1,6,1,81,11,-1,-1,-1,-1,3,-1
2015440021207,2,19,0,17,0,0,0,0,0,0,1,1,2,1,44,7,-1,-1,-1,-1,1,-1
2015440021221,1,19,0,9,0,6,0,0,0,0,3,1,2,1,46,8,-1,-1,-1,-1,1,-1
2015440021221,2,9,0,18,0,1,0,0,0,0,1,1,2,1,45,7,-1,-1,-1,-1,1,-1
2015440021294,1,1,0,18,0,0,0,0,0,0,3,1,6,1,30,6,-1,-1,-1,-1,1,-1
2015440021294,2,9,0,13,0,0,0,0,0,0,4,1,6,3,-1,-1,-1,-1,-1,-1,-1,-1
2015440021307,1,9,0,18,0,2,0,0,0,0,1,1,6,1,23,5,1796,1,15,-1,1,-1
2015440021307,2,9,0,2,0,1,0,0,0,0,3,1,6,3,-1,-1,-1,-1,-1,-1,-1,-1
2015440021330,1,9,0,13,0,1,0,0,0,0,4,1,6,3,-1,-1,1998,1,13,-1,-1,-1
2015440021330,2,1,0,18,0,1,0,0,0,0,3,1,6,1,45,7,-1,-1,-1,-1,1,-1
2015440021354,1,9,0,16,0,0,1,0,0,0,1,1,2,1,52,8,2495,2,18,-1,-1,-1
2015440021354,2,9,0,4,0,0,0,0,0,0,1,1,6,2,36,7,-1,-1,-1,-1,1,-1
2015440021473,1,9,0,18,0,0,0,0,0,0,1,1,6,3,-1,-1,-1,-1,-1,-1,-1,-1
2015440021894,1,1,0,18,0,0,1,0,1,11,1,1,2,1,32,6,-1,-1,-1,-1,1,-1
2015440021894,2,9,0,18,0,0,0,0,0,0,0,1,6,3,-1,-1,-1,-1,-1,-1,-1,-1
2015440021909,1,19,0,3,0,1,0,0,0,0,2,1,1,3,-1,-1,-1,-1,-1,-1,-1,-1
2015440021909,2,9,0,3,0,1,0,0,0,0,1,1,6,1,48,8,1461,2,1,-1,1,-1
2015440022106,1,5,0,14,0,1,0,0,0,0,4,1,2,1,32,6,883,1,1,-1,3,-1
2015440022106,2,9,0,7,0,6,0,0,0,0,1,1,1,1,43,7,1896,2,6,-1,1,-1
2015440022131,1,9,0,9,0,8,0,0,0,0,1,1,6,3,-1,-1,-1,-1,-1,-1,-1,-1
2015440022136,1,1,0,18,0,8,1,0,0,0,4,1,2,1,32,6,-1,-1,-1,-1,1,-1
2015440022136,2,9,0,18,0,8,0,0,0,0,1,1,2,1,19,4,1242,1,9,-1,1,-1
2015440022254,1,1,0,18,0,1,0,0,0,0,1,1,1,1,38,7,-1,-1,-1,-1,1,-1
2015440022254,2,9,0,9,0,8,0,0,0,0,4,1,6,1,59,9,1870,2,11,-1,1,-1
2015440022348,1,9,0,7,0,3,0,0,0,0,2,1,6,2,25,5,1360,1,12,-1,3,-1
2015440022348,2,9,0,7,0,3,0,0,0,0,1,1,6,3,-1,-1,1124,1,14,-1,-1,-1
2015440022387,1,9,0,5,0,4,0,0,0,0,1,1,1,1,37,7,1968,2,2,-1,1,-1
2015440022387,2,1,0,18,0,8,0,0,0,0,4,1,1,1,63,9,-1,-1,-1,-1,1,-1
2015440022428,1,9,0,4,0,0,1,0,4,0,2,1,1,1,60,9,-1,-1,-1,-1,1,-1
2015440022428,2,9,0,18,0,0,2,0,1,4,1,1,1,1,37,7,-1,-1,-1,-1,2,-1
2015440022489,1,20,0,12,0,0,0,0,0,0,3,1,6,3,-1,-1,-1,-1,-1,-1,-1,-1
2015440022489,2,9,0,18,0,0,1,0,1,10,4,1,2,2,41,7,1368,1,5,-1,1,-1
2015440022676,1,2,0,18,0,0,0,0,0,0,4,1,6,2,22,5,49,1,3,-1,3,-1
2015440022698,1,9,0,9,0,8,0,0,0,0,1,1,6,3,-1,-1,-1,-1,-1,-1,-1,-1
2015440022729,1,9,0,9,0,2,0,0,0,0,1,1,2,1,60,9,1796,1,6,-1,1,-1
2015440022867,1,3,0,16,0,1,1,0,0,0,4,1,6,1,29,6,124,1,1,-1,1,-1
2015440023227,1,9,0,18,0,1,0,0,0,0,1,1,6,1,64,9,-1,-1,-1,-1,1,-1
2015440023227,2,9,0,5,0,8,0,0,0,0,3,1,6,2,26,6,1753,2,14,-1,3,-1
2015440023479,1,9,0,16,0,0,2,0,7,2,1,1,6,1,19,4,-1,-1,-1,-1,1,-1
2015440023560,1,9,0,9,0,8,0,0,0,0,3,1,1,2,41,7,998,1,3,-1,1,-1
2015440023560,2,9,0,18,0,8,0,0,0,0,1,1,6,3,-1,-1,-1,-1,-1,-1,-1,-1
2015440023745,1,9,0,18,0,0,0,0,0,0,1,1,6,2,47,8,-1,-1,-1,-1,3,-1
2015440023745,2,9,0,18,0,0,0,0,1,0,1,1,6,2,28,6,1596,1,9,-1,3,-1
2015440023751,1,1,0,14,0,1,0,0,0,0,4,1,6,1,38,7,-1,-1,-1,-1,1,-1
2015440023751,2,9,0,7,0,6,0,0,0,0,1,1,6,3,-1,-1,1149,1,-1,-1,-1,-1
2015440023888,1,9,0,18,0,0,1,0,0,0,1,1,2,2,61,9,1339,1,10,-1,1,-1
2015440023888,2,9,0,18,0,0,0,0,0,0,1,1,6,2,40,7,998,1,8,-1,1,-1
2015440023972,1,9,0,3,0,8,0,0,0,0,2,1,1,2,36,7,1997,2,6,-1,1,-1
2015440023972,2,9,0,18,0,8,0,0,0,0,1,1,1,2,46,8,1560,2,5,-1,1,-1
2015440024208,1,9,0,9,0,8,0,0,0,0,3,1,6,2,46,8,2777,2,5,-1,1,-1
2015440024208,2,9,0,13,0,8,0,0,0,0,4,1,6,1,17,4,1124,1,13,-1,1,-1
2015440024307,1,9,0,16,0,0,0,0,1,10,1,1,6,2,37,7,-1,-1,-1,-1,1,-1
2015440024307,2,21,0,17,0,0,0,0,1,10,1,1,1,1,63,9,12740,2,5,-1,1,-1
2015440024440,1,9,0,18,0,0,0,0,0,0,2,1,6,3,-1,-1,-1,-1,-1,-1,-1,-1
2015440024440,2,1,0,18,0,0,0,0,0,0,1,1,6,1,13,3,-1,-1,-1,-1,1,-1
2015440024467,1,9,0,18,0,0,0,0,1,0,2,1,6,2,20,4,-1,-1,-1,-1,1,-1
2015440024467,2,9,0,18,0,0,0,0,0,0,1,1,6,1,20,4,2496,2,17,-1,1,-1
2015440024557,1,9,0,1,0,2,0,0,0,0,2,1,6,1,29,6,1968,2,1,-1,1,-1
2015440024557,2,9,0,2,0,1,0,0,0,0,1,1,6,1,52,8,1596,1,13,-1,1,-1
2015440024670,1,9,0,2,0,0,0,0,0,0,3,1,6,1,55,8,1596,1,11,-1,1,-1
2015440024670,2,1,0,18,0,0,0,0,0,0,1,1,6,1,18,4,-1,-1,-1,-1,1,-1
2015440024879,1,9,0,4,0,1,0,0,0,0,2,1,3,2,37,7,1242,1,2,-1,1,-1
2015440024879,2,20,0,18,0,1,0,0,0,0,1,1,1,3,-1,-1,-1,-1,-1,-1,-1,-1
2015440024899,1,3,0,4,0,0,0,0,0,0,2,1,6,1,23,5,124,1,1,-1,3,-1
2015440024899,2,8,0,18,0,0,1,0,0,0,1,1,1,1,56,9,1997,2,6,-1,3,-1