Accident_Index,Vehicle_Reference,Vehicle_Type,Towing_and_Articulation,Vehicle_Manoeuvre,Vehicle_Location-Restricted_Lane,Junction_Location,Skidding_and_Overturning,Hit_Object_in_Carriageway,Vehicle_Leaving_Carriageway,Hit_Object_off_Carriageway,1st_Point_of_Impact,Was_Vehicle_Left_Hand_Drive?,Journey_Purpose_of_Driver,Sex_of_Driver,Age_of_Driver,Age_Band_of_Driver,Engine_Capacity_(CC),Propulsion_Code,Age_of_Vehicle,Driver_IMD_Decile,Driver_Home_Area_Type,Vehicle_IMD_Decile
2015440024919,1,9,0,18,0,0,0,0,0,0,4,1,2,1,69,10,1390,1,10,-1,1,-1
2015440024946,1,9,0,7,0,8,0,0,0,0,3,1,2,1,21,5,1197,1,1,-1,1,-1
2015440024946,2,1,0,18,0,8,0,0,0,0,1,1,1,2,61,9,-1,-1,-1,-1,1,-1
2015440025082,1,9,0,18,0,1,1,0,1,0,1,1,2,1,18,4,-1,-1,-1,-1,-1,-1
2015440025082,2,19,0,9,0,8,0,0,0,0,2,1,1,1,33,6,2198,2,2,-1,1,-1
2015440025082,3,9,0,18,0,8,0,0,0,0,1,1,6,2,67,10,-1,-1,-1,-1,1,-1
2015440025237,1,21,1,18,0,1,0,0,0,0,1,1,1,1,26,6,12809,2,2,-1,3,-1
2015440025237,2,19,0,10,0,1,0,0,0,0,2,1,1,1,57,9,1997,2,11,-1,1,-1
2015440025270,1,9,0,18,0,1,0,0,0,0,1,1,6,2,50,8,1229,1,1,-1,1,-1
2015440025270,2,9,0,4,0,1,0,0,0,0,2,1,6,1,43,7,2993,2,7,-1,1,-1
2015440025403,1,9,0,18,0,0,2,0,1,4,4,1,6,1,34,6,1796,1,12,-1,1,-1
2015440025580,1,9,0,3,0,0,0,0,0,0,2,1,6,1,29,6,1997,1,8,-1,1,-1
2015440025580,2,9,0,3,0,0,0,0,0,0,2,1,6,2,27,6,-1,-1,-1,-1,1,-1
2015440025580,3,9,0,3,0,0,0,0,0,0,2,1,6,2,68,10,1199,1,13,-1,3,-1
2015440025580,4,9,0,18,0,0,0,0,0,0,1,1,6,2,53,8,998,1,14,-1,2,-1
2015440025612,1,9,0,18,0,8,0,0,0,0,4,1,6,1,46,8,-1,-1,-1,-1,1,-1
2015440025612,2,9,0,7,0,8,0,0,0,0,1,1,6,1,39,7,1598,1,10,-1,1,-1
2015440025617,1,9,0,18,0,0,5,0,2,10,4,1,6,1,45,7,-1,-1,-1,-1,3,-1
2015440025646,1,9,0,18,0,0,2,0,0,0,3,1,1,1,29,6,-1,-1,-1,-1,1,-1
2015440025649,1,9,0,3,0,1,0,0,0,0,2,1,2,1,62,9,-1,-1,-1,-1,3,-1
2015440025649,2,19,0,18,0,1,0,0,0,0,1,1,2,1,38,7,2143,2,6,-1,1,-1
2015440025684,1,9,0,18,0,8,0,0,0,0,1,1,6,2,35,6,1796,1,14,-1,1,-1
2015440025684,2,9,0,7,0,4,0,0,0,0,3,1,6,3,-1,-1,1242,1,11,-1,-1,-1
2015440025753,1,9,0,3,0,0,0,0,0,0,2,1,6,1,25,5,996,1,2,-1,3,-1
2015440025753,2,9,0,3,0,0,0,0,0,0,2,1,6,1,34,6,1988,2,11,-1,1,-1
2015440025753,3,19,0,18,0,0,0,0,0,0,1,1,6,1,23,5,1560,2,3,-1,1,-1
2015440025844,1,9,0,18,0,2,0,0,0,0,1,1,6,1,70,10,1999,1,11,-1,3,-1
2015440025845,1,9,0,16,0,0,1,0,1,1,1,1,6,1,19,4,2498,2,19,-1,-1,-1
2015440025845,2,9,0,17,0,0,0,0,0,0,3,1,6,1,55,8,1390,1,1,-1,3,-1
2015440025957,1,1,0,18,0,8,0,0,0,0,4,1,6,1,20,4,-1,-1,-1,-1,1,-1
2015440025957,2,8,0,7,0,4,0,0,0,0,1,1,6,3,-1,-1,1598,2,3,-1,-1,-1
2015440026366,1,9,0,5,0,4,0,0,0,0,3,1,2,2,54,8,1995,2,13,-1,1,-1
2015440026366,2,1,0,9,0,8,0,0,0,0,1,1,2,1,40,7,-1,-1,-1,-1,1,-1
2015440026403,1,9,0,18,0,0,2,0,1,9,4,1,2,2,43,7,-1,-1,-1,-1,3,-1
2015440026419,1,9,0,18,0,0,1,0,0,0,1,1,6,2,19,4,-1,-1,-1,-1,1,-1
2015440026419,2,9,0,18,0,0,0,0,0,0,1,1,6,1,45,7,2720,2,6,-1,3,-1
2015440026434,1,9,0,9,0,6,0,0,0,0,3,1,6,1,63,9,1596,1,10,-1,1,-1
2015440026434,2,19,0,18,0,1,0,0,0,0,1,1,6,1,77,11,-1,-1,-1,-1,1,-1
2015440026526,1,1,0,16,0,0,1,0,0,0,0,1,6,2,55,8,-1,-1,-1,-1,3,-1
2015440026550,1,9,0,4,0,8,0,0,0,0,1,1,6,1,25,5,1560,2,6,-1,1,-1
2015440026550,2,9,0,18,0,8,0,0,0,0,1,1,6,2,37,7,1461,2,5,-1,1,-1
2015440026588,1,9,0,18,0,0,0,0,0,0,1,1,6,1,19,4,998,1,14,-1,1,-1
2015440026588,2,9,0,18,0,0,0,0,0,0,2,1,6,2,36,7,1999,1,13,-1,1,-1
2015440026604,1,4,0,13,0,8,0,0,0,0,1,1,6,1,82,11,233,1,16,-1,1,-1
2015440026604,2,9,0,9,0,8,0,0,0,0,1,1,1,2,41,7,998,1,13,-1,1,-1
2015440026737,1,9,0,10,0,8,0,0,0,0,2,1,6,1,48,8,-1,-1,-1,-1,1,-1
2015440026737,2,19,0,18,0,1,0,0,0,0,1,1,6,1,43,7,-1,-1,-1,-1,1,-1
2015440026826,1,9,0,4,0,1,0,0,0,0,1,1,6,1,50,8,1388,1,11,-1,1,-1
2015440026866,1,9,0,18,0,1,0,0,0,0,1,1,6,1,47,8,2685,2,12,-1,1,-1
2015440026866,2,9,0,4,0,1,0,0,0,0,2,1,6,2,42,7,1399,2,11,-1,1,-1
2015440026866,3,9,0,4,0,1,0,0,0,0,2,1,6,2,55,8,1587,1,8,-1,1,-1
2015440027033,1,21,1,6,0,0,0,0,0,0,3,2,1,1,48,8,-1,-1,-1,-1,-1,-1
2015440027033,2,9,0,18,0,0,0,0,0,0,1,1,6,1,40,7,1995,2,14,-1,2,-1
2015440027109,1,3,0,18,0,0,1,10,1,10,1,1,6,1,-1,-1,-1,-1,-1,-1,-1,-1
2015440027719,1,9,0,13,0,0,0,0,0,0,3,1,6,1,58,9,1910,2,7,-1,1,-1
2015440027719,2,5,0,13,0,0,1,0,0,0,4,1,6,1,28,6,1130,1,13,-1,3,-1
2015440027719,3,5,0,13,0,0,0,0,0,0,1,1,6,1,25,5,599,1,2,-1,3,-1
2015440027724,1,9,0,10,0,1,0,0,0,0,2,1,6,2,18,4,1242,1,8,-1,1,-1
2015440027724,2,9,0,18,0,1,0,0,0,0,1,1,6,1,50,8,2993,2,10,-1,1,-1
2015440027724,3,9,0,18,0,1,0,0,0,0,3,1,1,1,21,5,-1,-1,-1,-1,3,-1
2015440027871,1,9,0,18,0,0,0,2,0,0,1,1,1,1,50,8,-1,-1,-1,-1,1,-1
2015440027871,2,9,0,18,0,0,0,0,0,0,2,1,1,1,22,5,1995,1,9,-1,2,-1
2015440027923,1,9,0,18,0,0,5,0,6,6,1,1,1,1,22,5,-1,-1,-1,-1,1,-1
2015440027983,1,9,0,18,0,8,0,0,0,0,3,1,6,2,53,8,-1,-1,-1,-1,1,-1
2015440027983,2,5,0,9,0,8,0,0,0,0,4,1,6,1,44,7,996,1,18,-1,1,-1
2015440028053,1,9,0,3,0,1,0,0,7,7,2,1,2,1,19,4,-1,-1,-1,-1,1,-1
2015440028053,2,9,0,4,0,1,0,0,0,0,1,1,2,1,41,7,1997,2,11,-1,1,-1
2015440028278,1,9,0,9,0,8,0,0,0,0,1,1,2,2,65,9,1242,1,10,-1,1,-1
2015440028563,1,9,0,2,0,0,0,0,0,0,3,1,6,1,58,9,1968,2,4,-1,1,-1
2015440028563,2,1,0,14,0,0,0,0,0,0,1,1,6,2,72,10,-1,-1,-1,-1,1,-1
2015440028607,1,9,0,18,0,0,0,0,1,7,1,1,6,1,79,11,1598,1,13,-1,1,-1
2015440028805,1,1,0,18,0,8,0,0,0,0,4,1,2,1,22,5,-1,-1,-1,-1,1,-1
2015440028805,2,9,0,7,0,8,0,0,0,0,1,1,2,1,32,6,1998,1,16,-1,1,-1
2015440028882,1,1,0,18,0,0,0,0,0,0,3,1,6,2,21,5,-1,-1,-1,-1,3,-1
2015440028882,2,9,0,13,0,0,0,0,0,0,4,1,6,2,-1,-1,1388,1,4,-1,-1,-1
2015440029129,1,9,0,9,0,8,0,0,0,0,1,1,6,1,56,9,1896,2,11,-1,1,-1
2015440029135,1,9,0,18,0,2,0,0,0,0,1,1,6,1,68,10,1796,1,2,-1,1,-1
2015440029154,1,9,0,1,0,0,0,0,0,0,2,1,6,3,-1,-1,-1,-1,-1,-1,-1,-1
2015440029284,1,9,0,17,0,0,2,0,2,10,1,1,6,2,26,6,1360,1,12,-1,1,-1
2015440029389,1,9,0,16,0,0,5,0,7,9,1,1,6,1,20,4,1364,1,10,-1,1,-1
2015440029715,1,3,0,17,0,8,0,0,0,0,0,1,2,1,22,5,125,1,3,-1,1,-1
2015440029715,2,9,0,5,0,8,0,0,0,0,1,1,2,1,29,6,1246,1,9,-1,1,-1
2015440029768,1,9,0,4,0,0,0,0,0,0,2,1,2,1,41,7,1686,2,3,-1,1,-1
2015440029768,2,9,0,4,0,0,0,0,0,0,2,1,2,1,36,7,1686,2,4,-1,1,-1
2015440029768,3,9,0,4,0,0,0,0,0,0,2,1,2,1,24,5,1560,2,2,-1,1,-1
2015440029768,4,9,0,4,0,0,0,0,0,0,1,1,2,2,34,6,1582,2,3,-1,1,-1
2015440029768,5,9,0,4,0,0,0,0,0,0,1,1,2,1,29,6,1956,2,1,-1,1,-1
2015440029807,1,9,0,6,0,0,0,0,0,0,4,1,2,2,35,6,1686,2,2,-1,1,-1
2015440029807,2,9,0,17,0,0,0,0,1,0,1,1,2,2,21,5,-1,-1,-1,-1,1,-1
2015440029807,3,9,0,4,0,0,0,0,0,0,3,1,2,1,53,8,1997,2,1,-1,1,-1
2015440029814,1,9,0,17,0,0,0,0,1,4,1,1,1,2,20,4,1199,1,15,-1,1,-1
2015440030424,1,9,0,13,0,0,0,0,0,0,4,1,6,2,83,11,1339,1,6,-1,1,-1
2015440030424,2,1,0,18,0,0,0,0,0,0,3,1,2,1,55,8,-1,-1,-1,-1,1,-1
2015440030683,1,9,0,18,0,8,0,0,0,0,4,1,6,2,41,7,1240,1,11,-1,1,-1
2015440030683,2,9,0,18,0,8,0,0,0,0,1,1,6,1,32,6,1599,1,12,-1,1,-1
2015440030712,1,1,0,18,2,8,0,0,0,0,1,1,2,1,36,7,-1,-1,-1,-1,1,-1
2015440030712,2,19,0,7,0,8,0,0,0,0,4,1,1,1,62,9,2198,2,5,-1,1,-1
2015440030757,1,9,0,2,0,1,0,0,0,0,3,1,6,2,42,7,1461,2,3,-1,1,-1
2015440030757,2,1,0,14,0,1,0,0,0,0,1,1,6,2,68,10,-1,-1,-1,-1,1,-1
2015440030811,1,9,0,9,0,8,0,0,0,0,1,1,6,1,26,6,1396,1,10,-1,1,-1
2015440030811,2,3,0,18,0,8,0,0,0,0,2,1,6,1,49,8,124,1,18,-1,1,-1
2015440030893,1,3,0,18,0,8,1,0,0,0,4,1,6,1,17,4,125,1,8,-1,1,-1
2015440030893,2,19,0,5,0,8,0,0,0,0,1,1,1,1,46,8,2402,2,7,-1,1,-1
2015440030968,1,9,0,10,0,1,0,0,0,0,2,1,6,2,42,7,1668,1,9,-1,1,-1
2015440030968,2,5,0,18,0,1,0,0,0,0,1,1,6,1,31,6,955,1,15,-1,1,-1
2015440031089,1,3,0,18,0,8,0,0,0,0,2,1,6,2,37,7,125,1,2,-1,1,-1
2015440031089,2,9,0,18,0,8,0,0,0,0,1,1,6,3,-1,-1,899,1,1,-1,-1,-1
2015440031125,1,9,0,3,0,1,0,0,0,0,2,1,6,1,24,5,1560,2,1,-1,1,-1
2015440031125,2,9,0,18,0,1,0,0,0,0,1,1,6,2,-1,-1,2700,1,12,-1,1,-1
2015440031136,1,9,0,7,0,5,0,0,0,0,4,1,2,2,48,8,1598,1,12,-1,1,-1
2015440031136,2,1,0,18,0,1,0,0,0,0,1,1,2,2,36,7,-1,-1,-1,-1,1,-1
2015440031187,1,9,0,5,0,8,0,0,0,0,3,1,6,1,45,7,1598,1,3,-1,1,-1
2015440031187,2,3,0,18,0,8,0,0,0,0,1,1,6,1,26,6,125,1,1,-1,1,-1
2015440031209,1,9,0,18,0,1,0,0,0,0,1,1,2,1,21,5,1390,1,6,-1,1,-1
2015440031209,2,9,0,10,0,1,0,0,0,0,2,1,3,2,38,7,1596,1,10,-1,1,-1
2015440031275,1,19,0,4,0,0,0,0,0,0,2,1,1,1,58,9,1560,2,4,-1,1,-1
2015440031275,2,9,0,18,0,0,0,0,0,0,1,1,2,2,31,6,1799,1,8,-1,1,-1
2015440031773,1,9,0,18,0,8,0,0,1,2,3,1,6,2,38,7,1598,1,9,-1,1,-1
2015440031773,2,9,0,18,0,8,0,0,0,0,1,1,6,1,70,10,1339,1,7,-1,1,-1
2015440031774,1,9,0,18,0,0,5,0,1,10,4,1,1,1,53,8,-1,-1,-1,-1,1,-1
2015440031871,1,9,0,18,0,0,0,0,0,0,1,1,6,1,49,8,1995,2,2,-1,1,-1
2015440031871,2,20,0,4,0,0,0,0,0,0,2,1,6,3,-1,-1,-1,-1,-1,-1,-1,-1
2015440032195,1,1,0,9,0,8,0,0,0,0,3,1,2,2,24,5,-1,-1,-1,-1,1,-1
2015440032195,2,9,0,18,0,8,0,0,0,0,1,1,6,3,-1,-1,1997,1,1,-1,-1,-1
2015440032345,1,9,0,18,0,0,0,0,0,0,4,1,6,1,31,6,1242,1,3,-1,1,-1
2015440032345,2,9,0,2,0,0,0,0,0,0,0,1,6,3,-1,-1,1781,1,15,-1,-1,-1
2015440032490,1,9,0,4,0,8,0,0,0,0,2,1,6,2,24,5,1360,1,11,-1,1,-1
2015440032490,2,19,0,18,0,8,0,0,0,0,1,1,6,1,-1,-1,-1,-1,-1,-1,-1,-1
2015440032623,1,9,0,18,0,1,0,0,0,0,1,1,2,1,33,6,1560,2,9,-1,1,-1
2015440032623,2,5,0,3,0,1,0,0,0,0,2,1,2,2,20,4,500,1,10,-1,1,-1
2015440032694,1,9,0,9,0,8,0,0,0,0,1,1,6,1,79,11,1988,1,11,-1,1,-1
2015440032694,2,9,0,9,0,8,0,0,0,0,3,1,6,1,83,11,1995,2,5,-1,3,-1
2015440032822,1,9,0,16,0,0,1,0,0,4,1,1,2,1,20,4,-1,-1,-1,-1,1,-1
2015440033001,1,9,0,5,0,1,0,0,0,0,1,1,2,1,55,8,1587,1,8,-1,1,-1
2015440033001,2,1,0,18,0,1,0,0,0,0,1,1,6,1,46,8,-1,-1,-1,-1,1,-1
2015440033071,1,19,0,7,0,8,0,0,0,0,3,1,1,1,53,8,1896,2,8,-1,1,-1
2015440033071,2,1,0,18,0,8,0,0,0,0,1,1,6,2,61,9,-1,-1,-1,-1,2,-1
2015440033252,1,9,0,9,0,8,0,0,0,0,1,1,3,2,36,7,1398,1,3,-1,1,-1
2015440033261,1,5,0,18,0,0,1,0,0,0,0,1,2,1,53,8,670,1,2,-1,1,-1
2015440033267,1,9,0,9,0,8,0,0,0,0,1,1,6,1,24,5,-1,-1,-1,-1,1,-1
2015440033267,2,9,0,18,0,8,1,0,0,0,3,1,2,2,47,8,-1,-1,-1,-1,1,-1
2015440033341,1,9,0,9,0,8,0,0,7,9,4,1,6,1,68,10,-1,-1,-1,-1,3,-1
2015440033341,2,3,0,18,0,8,0,0,0,0,1,1,2,1,24,5,124,1,26,-1,1,-1
2015440033425,1,9,0,6,0,0,0,0,0,0,4,1,6,2,17,4,998,1,2,-1,1,-1
2015440033425,2,9,0,18,0,0,0,0,0,0,1,1,2,1,33,6,1984,1,4,-1,1,-1
2015440033461,1,9,0,18,0,2,0,0,0,0,1,1,6,1,-1,-1,-1,-1,-1,-1,-1,-1
2015440033606,1,3,0,18,0,0,0,0,0,0,2,1,6,2,17,4,125,1,8,-1,1,-1
2015440033606,2,9,0,18,0,0,0,0,0,0,1,1,6,3,-1,-1,1360,1,16,-1,-1,-1
2015440033781,1,9,0,18,0,0,5,0,0,0,4,1,6,1,21,5,-1,-1,-1,-1,1,-1
2015440033785,1,19,0,18,0,0,0,0,0,0,3,1,2,1,26,6,1686,2,10,-1,1,-1
2015440033901,1,9,0,18,0,8,0,0,0,0,4,1,6,1,29,6,1598,2,3,-1,1,-1
2015440033901,2,9,0,9,0,8,0,0,0,0,1,1,6,3,-1,-1,-1,-1,-1,-1,-1,-1
2015440033903,1,1,0,18,0,0,0,0,0,0,3,1,6,1,54,8,-1,-1,-1,-1,1,-1
2015440033903,2,9,0,13,0,0,0,0,0,0,4,1,6,3,-1,-1,1598,2,3,-1,-1,-1
2015440034004,1,9,0,4,0,0,0,0,0,0,2,1,6,1,79,11,1149,1,15,-1,1,-1
2015440034004,2,9,0,18,0,0,1,0,0,0,1,1,6,1,31,6,1900,2,10,-1,1,-1
2015440034052,1,19,0,18,0,2,0,0,0,0,1,1,1,1,26,6,2143,2,2,-1,1,-1
2015440034052,2,9,0,3,0,2,0,0,0,0,2,1,6,1,72,10,-1,-1,-1,-1,1,-1
2015440034119,1,9,0,10,0,1,0,0,0,0,2,1,6,1,34,6,1461,2,9,-1,1,-1
2015440034119,2,8,0,18,0,1,0,0,0,0,1,1,1,3,-1,-1,-1,-1,-1,-1,-1,-1
2015440034123,1,11,0,4,0,0,0,0,0,0,0,1,1,1,47,8,6696,2,1,-1,1,-1
2015440034257,1,9,0,7,0,6,0,0,0,0,1,1,1,1,53,8,1868,2,15,-1,1,-1
2015440034257,2,1,0,18,0,1,0,0,0,0,4,1,1,1,26,6,-1,-1,-1,-1,1,-1
2015440034321,1,9,0,18,0,1,0,0,0,0,1,1,6,2,32,6,-1,-1,-1,-1,3,-1
2015440034321,2,19,0,18,0,8,0,0,0,0,4,1,1,1,77,11,1560,2,2,-1,1,-1
2015440034455,1,9,0,14,0,0,0,0,0,0,4,1,6,1,82,11,1997,1,2,-1,2,-1
2015440034531,1,9,0,18,0,0,0,0,0,0,1,1,6,1,22,5,1242,1,5,-1,1,-1
2015440034531,2,9,0,4,0,0,0,0,0,0,2,1,6,1,54,8,1968,2,-1,-1,1,-1
2015440034558,1,9,0,7,0,8,0,7,0,0,1,1,6,1,68,10,1560,2,2,-1,1,-1
2015440034558,2,9,0,18,0,8,0,0,0,0,4,1,6,2,60,9,1598,1,4,-1,1,-1
2015440034586,1,9,0,13,0,1,0,0,0,0,4,1,6,3,-1,-1,-1,-1,-1,-1,-1,-1
2015440034586,2,1,0,18,0,1,0,0,0,0,3,1,6,1,13,3,-1,-1,-1,-1,1,-1
2015440034637,1,9,0,7,0,5,0,0,0,0,1,1,6,2,35,6,1798,1,8,-1,1,-1
2015440034637,2,1,0,15,0,1,0,0,0,0,3,1,6,1,38,7,-1,-1,-1,-1,1,-1
2015440034648,1,9,0,9,0,8,0,0,0,0,4,1,6,2,46,8,1986,2,9,-1,1,-1
2015440034648,2,19,0,18,0,1,0,0,0,0,1,1,1,1,41,7,-1,-1,-1,-1,1,-1
2015440034664,1,9,0,3,0,1,0,0,0,0,2,1,6,1,44,7,1998,2,10,-1,1,-1
2015440034664,2,9,0,4,0,1,0,0,0,0,1,1,6,3,-1,-1,998,1,1,-1,-1,-1
2015440034716,1,9,0,18,0,0,0,0,0,0,1,1,6,1,21,5,1360,1,16,-1,1,-1
2015440034784,1,9,0,4,0,8,0,0,0,0,2,1,6,1,63,9,1597,2,1,-1,1,-1
2015440034784,2,9,0,4,0,8,0,0,0,0,1,1,6,3,-1,-1,1598,1,8,-1,-1,-1
2015440034876,1,8,0,5,0,8,0,0,0,0,1,1,1,1,36,7,1598,2,4,-1,1,-1
2015440034876,2,1,0,18,0,8,0,0,0,0,1,1,6,2,51,8,-1,-1,-1,-1,1,-1
2015440034925,1,9,0,9,0,8,2,0,1,11,1,1,6,1,34,6,-1,-1,-1,-1,1,-1
2015440034972,1,9,0,4,0,1,0,0,0,0,2,1,6,2,30,6,-1,-1,-1,-1,1,-1
2015440034972,2,9,0,18,0,1,0,0,0,0,1,1,6,2,28,6,2967,2,5,-1,1,-1
2015440035103,1,9,0,16,0,1,0,0,7,2,1,1,6,1,22,5,1396,1,10,-1,1,-1
2015440035276,1,2,0,18,0,0,0,0,1,0,2,1,2,1,30,6,49,1,3,-1,1,-1
2015440035276,2,21,0,18,0,0,0,0,0,0,1,1,1,1,42,7,4764,2,7,-1,1,-1
2015440035392,1,3,0,18,0,0,0,0,0,0,1,1,6,1,23,5,124,1,3,-1,1,-1
2015440035392,2,9,0,5,0,0,0,0,0,0,4,1,6,3,-1,-1,1956,2,5,-1,-1,-1
2015440035546,1,9,0,12,0,1,0,0,0,0,1,1,6,1,28,6,1956,2,1,-1,1,-1
2015440035546,2,3,0,13,0,1,0,0,0,0,1,1,6,1,23,5,124,1,3,-1,1,-1
2015440035577,1,8,0,7,0,8,0,0,0,0,4,1,1,1,43,7,1997,2,4,-1,1,-1
2015440035577,2,1,0,7,0,8,0,0,0,0,1,1,6,1,52,8,-1,-1,-1,-1,1,-1
2015440035593,1,1,0,9,0,8,0,0,0,0,2,1,6,1,47,8,-1,-1,-1,-1,1,-1
2015440035593,2,9,0,9,0,8,0,0,0,0,1,1,6,1,39,7,2179,2,4,-1,1,-1
2015440035683,1,3,0,18,0,0,0,0,0,0,1,1,6,2,34,6,125,1,1,-1,1,-1
2015440035683,2,9,0,18,0,0,0,0,0,0,3,1,6,1,28,6,1242,1,2,-1,1,-1
2015440035800,1,9,0,2,0,0,0,0,0,0,3,1,6,1,34,6,1595,1,14,-1,1,-1
2015440035800,2,9,0,14,0,0,0,0,0,0,4,1,6,2,29,6,1600,1,11,-1,3,-1
2015440035805,1,9,0,7,0,8,0,0,0,0,0,1,6,3,-1,-1,1587,1,8,-1,-1,-1
2015440035805,2,11,0,18,0,8,0,0,0,0,0,1,1,1,37,7,4461,2,1,-1,1,-1
2015440035961,1,9,0,16,0,0,1,0,1,0,1,1,6,2,23,5,-1,-1,-1,-1,2,-1
2015440035961,2,21,0,17,0,0,1,0,1,0,0,1,6,1,27,6,3920,2,9,-1,-1,-1
2015440035966,1,9,0,18,0,0,0,0,0,0,1,1,6,2,30,6,1905,2,17,-1,1,-1
2015440035985,1,11,0,13,0,8,0,0,0,0,4,1,1,3,-1,-1,-1,-1,-1,-1,-1,-1
2015440035985,2,1,0,18,0,8,0,0,0,0,3,1,6,1,25,5,-1,-1,-1,-1,1,-1
2015440036008,1,9,0,18,0,0,1,0,4,0,1,1,6,1,24,5,1242,1,8,-1,1,-1
2015440036008,2,9,0,18,0,0,1,0,4,0,3,1,6,1,40,7,1998,1,9,-1,1,-1
2015440036034,1,9,0,2,0,0,0,0,0,0,1,1,6,3,-1,-1,2495,2,20,-1,-1,-1
2015440036034,2,9,0,18,0,0,5,0,1,9,1,1,6,1,38,7,-1,-1,-1,-1,1,-1
2015440036192,1,8,0,3,0,2,0,0,0,0,2,1,1,1,39,7,1598,2,3,-1,1,-1
2015440036192,2,9,0,18,0,2,0,0,0,0,1,1,6,1,28,6,1951,2,14,-1,1,-1
2015440036192,3,9,0,2,0,2,0,0,0,0,3,1,6,3,-1,-1,1368,1,10,-1,-1,-1
2015440036402,1,9,0,18,0,1,0,0,0,0,3,1,6,1,26,6,1461,2,6,-1,1,-1
2015440036402,2,9,0,9,0,8,0,0,0,0,1,1,6,1,26,6,1598,1,6,-1,1,-1
2015440036443,1,1,0,16,0,0,0,0,0,0,1,1,6,1,64,9,-1,-1,-1,-1,3,-1
2015440036443,2,9,0,17,0,0,0,0,0,0,1,1,6,2,65,9,1951,2,12,-1,3,-1
2015440036499,1,9,0,18,0,0,0,0,0,0,2,1,6,1,62,9,1600,2,5,-1,1,-1
2015440036499,2,9,0,18,0,0,0,0,0,0,1,1,6,3,-1,-1,1598,2,1,-1,-1,-1
2015440036604,1,9,0,18,0,0,0,0,0,0,3,1,6,1,18,4,1242,1,7,-1,1,-1
2015440036604,2,19,0,18,0,0,0,0,0,0,3,1,6,1,20,4,2198,2,8,-1,1,-1
2015440036681,1,9,0,7,0,8,0,0,0,0,1,1,6,1,40,7,1598,1,14,-1,1,-1
2015440036681,2,1,0,18,0,8,0,0,0,0,3,1,6,1,61,9,-1,-1,-1,-1,1,-1
2015440036697,1,9,0,9,0,2,0,0,0,0,1,1,6,1,-1,-1,1587,1,15,-1,-1,-1
2015440036754,1,9,0,18,0,0,0,0,0,0,1,1,6,2,60,9,-1,-1,-1,-1,1,-1
2015440036754,2,9,0,3,0,0,0,0,0,0,2,1,6,1,55,8,2800,2,20,-1,1,-1
2015440036886,1,9,0,4,0,1,0,0,0,0,2,1,6,1,30,6,-1,-1,-1,-1,3,-1
2015440036886,2,9,0,5,0,1,0,0,0,0,1,1,6,3,-1,-1,-1,-1,-1,-1,-1,-1
2015440036890,1,9,0,18,0,8,0,0,0,0,1,1,6,2,46,8,-1,-1,-1,-1,1,-1
2015440036890,2,9,0,9,0,8,0,0,0,0,4,1,6,2,33,6,998,1,7,-1,1,-1
2015440037106,1,9,0,18,0,0,0,0,1,4,1,1,6,1,19,4,1398,1,1,-1,1,-1
2015440037155,1,9,0,16,0,1,1,0,1,4,1,1,2,1,47,8,1560,2,8,-1,1,-1
2015440037207,1,9,0,16,0,0,2,0,1,9,4,1,2,1,30,6,1988,1,11,-1,1,-1
2015440037238,1,9,0,7,0,8,0,0,0,0,1,1,2,1,44,7,1124,1,9,-1,1,-1
2015440037238,2,1,0,18,0,8,0,0,0,0,4,1,2,2,50,8,-1,-1,-1,-1,1,-1
2015440037267,1,9,0,16,0,0,2,10,7,9,4,1,2,1,18,4,1198,1,7,-1,3,-1
2015440037567,1,9,0,18,0,1,0,0,0,0,4,1,6,1,52,8,1998,1,13,-1,3,-1
2015440037567,2,9,0,9,0,6,0,0,0,0,1,1,2,2,23,5,1242,1,1,-1,3,-1
2015440037730,1,9,0,18,0,0,0,0,0,0,1,1,6,3,-1,-1,1598,1,11,-1,-1,-1
2015440037791,1,9,0,9,0,6,0,0,0,0,3,1,6,1,19,4,1242,1,17,-1,1,-1
2015440037791,2,9,0,18,0,1,0,0,0,0,1,1,6,2,18,4,1229,1,8,-1,1,-1
2015440037794,1,19,0,1,0,0,0,0,0,0,2,1,1,1,38,7,1598,2,2,-1,1,-1
2015440037794,2,9,0,18,0,0,0,0,0,0,1,1,6,2,47,8,-1,-1,-1,-1,1,-1
2015440037941,1,3,0,4,0,1,0,0,0,0,2,1,2,1,29,6,124,1,16,-1,1,-1
2015440037941,2,9,0,5,0,1,0,0,0,0,1,1,6,1,74,10,1461,2,1,-1,1,-1
2015440037957,1,3,0,14,0,1,0,0,0,0,1,1,2,1,30,6,124,1,3,-1,1,-1
2015440037957,2,9,0,9,0,6,0,0,0,0,3,1,2,2,51,8,1796,1,10,-1,1,-1
2015440038025,1,9,0,5,0,8,0,0,0,0,3,1,1,1,35,6,1360,1,11,-1,1,-1
2015440038025,2,1,0,11,0,8,0,0,0,0,1,1,1,1,43,7,-1,-1,-1,-1,3,-1
2015440038122,1,9,0,18,0,1,0,0,0,0,4,1,6,2,57,9,1299,1,12,-1,1,-1
2015440038139,1,9,0,3,0,1,0,0,0,0,2,1,6,1,22,5,1000,1,15,-1,1,-1