Accident_Index,Vehicle_Reference,Vehicle_Type,Towing_and_Articulation,Vehicle_Manoeuvre,Vehicle_Location-Restricted_Lane,Junction_Location,Skidding_and_Overturning,Hit_Object_in_Carriageway,Vehicle_Leaving_Carriageway,Hit_Object_off_Carriageway,1st_Point_of_Impact,Was_Vehicle_Left_Hand_Drive?,Journey_Purpose_of_Driver,Sex_of_Driver,Age_of_Driver,Age_Band_of_Driver,Engine_Capacity_(CC),Propulsion_Code,Age_of_Vehicle,Driver_IMD_Decile,Driver_Home_Area_Type,Vehicle_IMD_Decile
2015440054434,1,9,0,13,0,1,0,0,1,1,1,1,6,1,18,4,-1,-1,-1,-1,1,-1
2015440054577,1,9,0,18,0,1,0,0,0,0,1,1,2,2,44,7,1399,2,5,-1,2,-1
2015440054577,2,9,0,4,0,1,0,0,0,0,2,1,1,1,60,9,1995,1,4,-1,1,-1
2015440054644,1,9,0,17,0,0,2,0,1,7,1,1,6,1,43,7,-1,-1,-1,-1,1,-1
2015440054883,1,9,0,9,0,8,0,0,0,0,4,1,6,1,-1,-1,1391,1,14,-1,-1,-1
2015440054883,2,1,0,18,0,8,0,0,0,0,1,1,6,1,35,6,-1,-1,-1,-1,1,-1
2015440055010,1,19,0,18,0,8,0,0,0,0,1,1,1,1,51,8,2402,2,5,-1,3,-1
2015440055010,2,9,0,18,0,8,0,0,0,0,2,1,6,2,54,8,-1,-1,-1,-1,3,-1
2015440055023,1,9,0,16,0,0,1,7,0,0,4,1,6,2,27,6,1349,1,7,-1,1,-1
2015440055097,1,9,0,18,0,8,0,0,0,0,1,1,6,1,43,7,1968,2,1,-1,1,-1
2015440055097,2,9,0,18,0,8,0,0,0,0,2,1,6,2,43,7,1596,1,1,-1,2,-1
2015440055119,1,9,0,13,0,0,0,0,0,0,1,1,6,1,75,10,1198,1,8,-1,1,-1
2015440055152,1,9,0,16,0,2,0,0,0,0,4,1,6,3,-1,-1,2497,1,13,-1,-1,-1
2015440055152,2,1,0,18,0,2,0,0,0,0,1,1,6,1,36,7,-1,-1,-1,-1,1,-1
2015440055277,1,9,0,17,0,8,0,0,1,1,3,1,6,2,57,9,-1,-1,-1,-1,1,-1
2015440055393,1,19,0,18,0,0,0,0,0,0,1,1,6,1,33,6,-1,-1,-1,-1,1,-1
2015440055393,2,9,0,3,0,0,0,0,0,0,2,1,6,2,52,8,698,1,12,-1,1,-1
2015440055393,3,9,0,3,0,0,0,0,0,0,2,1,6,1,33,6,1968,2,1,-1,1,-1
2015440055393,4,9,0,3,0,0,0,0,0,0,2,1,6,2,72,10,1329,1,2,-1,1,-1
2015440055419,1,9,0,5,0,0,0,0,0,0,1,1,6,1,-1,-1,-1,-1,-1,-1,-1,-1
2015440055456,1,9,0,8,0,1,0,0,0,0,2,1,6,2,52,8,1299,1,10,-1,1,-1
2015440055456,2,9,0,5,0,1,0,0,0,0,1,1,6,1,40,7,1587,1,7,-1,1,-1
2015440055529,1,9,0,18,0,0,1,0,4,6,1,1,6,1,18,4,-1,-1,-1,-1,1,-1
2015440055786,1,1,0,7,0,3,0,0,0,0,4,1,2,1,27,6,-1,-1,-1,-1,1,-1
2015440055799,1,9,0,18,0,0,0,0,0,0,2,1,6,3,-1,-1,-1,-1,-1,-1,-1,-1
2015440055799,2,9,0,18,0,0,1,0,0,0,1,1,2,1,25,5,1399,2,6,-1,1,-1
2015440055799,3,9,0,18,0,0,1,0,0,0,1,1,2,1,26,6,1200,1,12,-1,-1,-1
2015440055802,1,3,0,18,0,8,0,0,0,0,0,1,1,1,46,8,125,1,3,-1,1,-1
2015440055802,2,20,0,18,0,8,0,0,0,0,0,1,1,1,39,7,2402,2,14,-1,3,-1
2015440055809,1,9,0,13,0,0,2,0,5,4,1,1,2,1,28,6,-1,-1,-1,-1,1,-1
2015440055889,1,9,0,18,0,0,0,0,0,0,1,1,2,1,30,6,1299,1,15,-1,1,-1
2015440055889,2,9,0,2,0,0,0,0,0,0,2,1,2,1,54,8,1796,1,1,-1,3,-1
2015440055889,3,9,0,18,0,0,0,0,0,0,1,1,6,1,42,7,-1,-1,-1,-1,1,-1
2015440055950,1,9,0,14,0,0,0,0,0,0,1,1,6,2,82,11,1997,1,12,-1,1,-1
2015440056018,1,9,0,17,0,1,1,0,7,9,1,1,1,1,28,6,1399,2,9,-1,1,-1
2015440056042,1,9,0,18,0,1,0,0,0,0,1,1,6,1,39,7,2993,2,4,-1,1,-1
2015440056042,2,19,0,4,0,1,0,0,0,0,2,1,1,1,32,6,2143,2,5,-1,1,-1
2015440056042,3,9,0,4,0,1,0,0,0,0,2,1,1,1,58,9,1560,2,1,-1,1,-1
2015440056057,1,5,0,18,0,2,1,0,0,0,1,1,6,1,22,5,696,1,2,-1,1,-1
2015440056057,2,5,0,4,0,2,0,0,0,0,2,1,6,1,22,5,471,1,1,-1,1,-1
2015440056057,3,19,0,4,0,2,0,0,0,0,2,1,6,2,46,8,-1,-1,-1,-1,1,-1
2015440056091,1,19,0,18,0,0,0,0,1,4,1,1,1,1,57,9,-1,-1,-1,-1,3,-1
2015440056091,2,9,0,18,0,0,0,0,4,0,2,1,2,2,34,6,1461,2,8,-1,1,-1
2015440056091,3,21,0,18,0,0,0,0,0,0,1,1,1,3,-1,-1,-1,-1,-1,-1,-1,-1
2015440056122,1,9,0,3,0,1,0,0,0,0,2,1,6,1,44,7,1600,1,16,-1,1,-1
2015440056122,2,21,0,5,0,1,0,0,0,0,1,1,1,1,43,7,7146,2,6,-1,-1,-1
2015440056433,1,19,0,4,0,1,0,0,0,0,1,1,6,1,40,7,1868,2,10,-1,1,-1
2015440056454,1,9,0,18,0,0,0,0,0,0,1,1,2,2,54,8,1998,1,-1,-1,1,-1
2015440056454,2,9,0,4,0,0,0,0,0,0,2,1,2,1,26,6,-1,-1,-1,-1,1,-1
2015440056454,3,9,0,18,0,0,0,0,0,0,1,1,2,1,20,4,1198,1,4,-1,1,-1
2015440056454,4,9,0,18,0,0,0,0,0,0,1,1,2,1,43,7,1968,2,1,-1,2,-1
2015440056475,1,9,0,18,0,0,0,0,0,0,1,1,6,1,49,8,-1,-1,-1,-1,1,-1
2015440056475,2,9,0,2,0,0,0,0,0,0,2,1,6,3,-1,-1,-1,-1,-1,-1,-1,-1
2015440056496,1,9,0,13,0,0,0,0,0,0,4,1,2,1,34,6,1896,2,13,-1,1,-1
2015440056496,2,1,0,18,0,0,0,0,0,0,3,1,2,1,25,5,-1,-1,-1,-1,1,-1
2015440056550,1,11,0,18,0,1,0,0,0,0,1,1,1,1,44,7,6700,2,5,-1,1,-1
2015440057031,1,9,0,17,0,0,2,10,0,0,4,1,2,2,23,5,1896,2,12,-1,3,-1
2015440057110,1,9,0,18,0,0,0,0,0,0,1,1,2,2,32,6,1895,1,14,-1,1,-1
2015440057110,2,9,0,3,0,0,0,0,0,0,2,1,2,2,41,7,1398,2,8,-1,1,-1
2015440057191,1,9,0,9,0,8,0,0,0,0,3,1,6,1,27,6,1498,1,7,-1,1,-1
2015440057191,2,9,0,18,0,1,0,0,0,0,1,1,1,1,21,5,1995,2,5,-1,1,-1
2015440057191,3,9,0,2,0,1,0,0,1,0,1,1,6,2,70,10,1246,1,9,-1,-1,-1
2015440057210,1,9,0,5,0,4,0,0,0,0,3,1,6,2,46,8,1596,1,7,-1,1,-1
2015440057210,2,9,0,17,0,8,0,0,0,0,1,1,6,2,32,6,1995,2,3,-1,1,-1
2015440057311,1,9,0,11,0,2,0,0,0,0,3,1,6,1,51,8,1997,2,2,-1,1,-1
2015440057311,2,1,0,18,0,2,0,0,0,0,3,1,6,1,58,9,-1,-1,-1,-1,1,-1
2015440057764,1,1,0,14,3,0,0,0,0,0,1,1,2,1,58,9,-1,-1,-1,-1,1,-1
2015440057820,1,9,0,5,0,8,0,0,0,0,0,1,6,2,82,11,1388,1,3,-1,-1,-1
2015440057820,2,1,0,17,0,8,0,0,0,0,0,1,6,1,45,7,-1,-1,-1,-1,3,-1
2015440057929,1,9,0,17,0,0,0,0,0,0,1,1,6,1,29,6,2231,2,9,-1,1,-1
2015440057929,2,9,0,16,0,0,0,0,0,0,1,1,6,2,47,8,1299,1,12,-1,3,-1
2015440058031,1,5,0,9,0,8,0,0,0,0,4,1,2,2,22,5,599,1,17,-1,1,-1
2015440058031,2,9,0,7,0,8,0,0,0,0,1,1,6,1,50,8,1590,1,15,-1,1,-1
2015440058740,1,9,0,18,0,8,0,0,1,0,3,1,6,1,28,6,1753,2,14,-1,1,-1
2015440058740,2,9,0,18,0,8,0,0,0,0,1,1,6,2,40,7,2671,7,13,-1,-1,-1
2015440059059,1,1,0,18,4,0,0,0,0,0,3,1,6,1,64,9,-1,-1,-1,-1,1,-1
2015440059059,2,9,0,18,0,0,0,0,0,0,4,1,6,3,-1,-1,-1,-1,-1,-1,-1,-1
2015440059082,1,9,0,18,0,1,0,0,0,0,1,1,6,1,54,8,1398,2,11,-1,1,-1
2015440059082,2,9,0,3,0,1,0,0,0,0,2,1,6,2,50,8,1248,2,9,-1,1,-1
2015440059138,1,1,0,9,0,8,0,0,0,0,1,1,6,1,20,4,-1,-1,-1,-1,1,-1
2015440059138,2,3,0,18,0,8,0,0,0,0,1,1,6,1,30,6,125,1,13,-1,1,-1
2015440059268,1,9,0,18,0,0,0,0,0,0,1,1,6,2,56,9,1396,1,15,-1,3,-1
2015440059268,2,9,0,3,0,0,0,0,0,0,2,1,6,1,47,8,-1,-1,-1,-1,1,-1
2015440059268,3,9,0,3,0,0,0,0,0,0,2,1,2,1,37,7,1995,1,14,-1,1,-1
2015440059291,1,9,0,9,0,8,0,0,0,0,1,1,6,1,24,5,1587,1,10,-1,1,-1
2015440059632,1,5,0,18,0,8,0,0,0,0,1,1,2,1,40,7,-1,-1,-1,-1,1,-1
2015440059632,2,9,0,4,0,8,0,0,0,0,2,1,6,1,27,6,1951,2,10,-1,3,-1
2015440060009,1,20,0,4,0,8,0,0,0,0,2,1,1,1,39,7,3920,2,6,-1,1,-1
2015440060009,2,1,0,18,0,8,0,0,0,0,1,1,6,2,69,10,-1,-1,-1,-1,1,-1
2015440060248,1,5,0,4,0,2,0,0,0,0,0,1,2,2,25,5,649,1,8,-1,1,-1
2015440060290,1,3,0,18,0,8,0,0,0,0,4,1,4,1,20,4,124,1,1,-1,3,-1
2015440060290,2,19,0,7,0,8,0,0,0,0,1,1,6,1,49,8,1560,2,3,-1,1,-1
2015440060305,1,9,0,18,0,0,5,0,1,11,4,1,6,2,83,11,1240,1,10,-1,1,-1
2015440060305,2,9,0,2,0,0,0,0,1,11,2,1,6,3,-1,-1,1598,1,9,-1,-1,-1
2015440060384,1,3,0,17,0,0,0,0,1,1,1,1,6,1,24,5,125,1,1,-1,2,-1
2015440060398,1,9,0,18,0,8,0,0,0,0,4,1,6,2,27,6,1796,1,11,-1,1,-1
2015440060398,2,19,0,18,0,8,0,0,0,0,1,1,1,1,55,8,2402,2,5,-1,1,-1
2015440060417,1,9,0,18,0,8,0,0,1,0,3,1,6,1,89,11,996,1,2,-1,1,-1
2015440060417,2,9,0,18,0,8,0,0,1,2,1,1,6,1,31,6,1389,1,11,-1,1,-1
2015440060427,1,19,0,3,0,0,0,0,0,0,2,1,6,3,-1,-1,1753,2,4,-1,-1,-1
2015440060427,2,9,0,4,0,0,0,0,0,0,2,1,6,1,31,6,1598,2,1,-1,1,-1
2015440060427,3,9,0,4,0,0,1,0,0,0,1,1,6,1,-1,-1,3956,1,14,-1,-1,-1
2015440060457,1,19,0,18,0,0,0,0,0,0,1,1,6,1,-1,-1,1868,2,9,-1,-1,-1
2015440060457,2,9,0,18,0,0,0,0,0,0,2,1,6,1,23,5,1360,1,12,-1,1,-1
2015440060863,1,9,0,18,0,0,2,0,2,7,1,1,6,1,25,5,-1,-1,-1,-1,1,-1
2015440061029,1,9,0,4,0,0,0,0,0,0,2,1,6,2,33,6,-1,-1,-1,-1,2,-1
2015440061029,2,9,0,4,0,0,0,0,0,0,1,1,6,1,30,6,1242,1,8,-1,1,-1
2015440061029,3,9,0,11,0,0,0,0,0,0,4,1,6,2,46,8,2993,2,-1,-1,3,-1
2015440061029,4,90,0,4,0,0,5,0,0,0,1,1,1,1,31,6,6692,2,3,-1,1,-1
2015440061081,1,9,0,4,0,1,0,0,0,0,2,1,6,1,42,7,1799,1,8,-1,1,-1
2015440061081,2,9,0,18,0,1,0,0,0,0,1,1,1,2,31,6,-1,-1,-1,-1,1,-1
2015440061093,1,19,0,4,0,0,0,0,0,0,2,1,6,1,67,10,1753,2,13,-1,-1,-1
2015440061093,2,9,0,4,0,0,0,0,0,0,1,1,6,2,65,9,1198,1,3,-1,1,-1
2015440061182,1,9,0,5,0,8,0,0,0,0,4,1,6,2,83,11,1149,1,17,-1,1,-1
2015440061182,2,1,0,5,0,8,0,0,0,0,2,1,6,1,54,8,-1,-1,-1,-1,1,-1
2015440061203,1,9,0,6,0,0,0,0,0,0,0,1,6,3,-1,-1,-1,-1,-1,-1,-1,-1
2015440061203,2,9,0,18,0,0,0,0,0,0,1,1,6,1,37,7,1598,1,14,-1,2,-1
2015440061203,3,9,0,18,0,0,0,0,0,0,2,1,6,1,31,6,2261,1,10,-1,1,-1
2015440061221,1,9,0,18,0,8,1,0,1,10,4,1,6,2,23,5,-1,-1,-1,-1,1,-1
2015440061221,2,9,0,7,0,8,0,0,2,2,1,1,6,1,78,11,1560,2,2,-1,3,-1
2015440061388,1,9,0,18,0,2,0,0,0,0,1,1,6,1,59,9,-1,-1,-1,-1,1,-1
2015440061388,2,9,0,18,0,1,0,0,0,0,1,1,1,3,-1,-1,1560,2,1,-1,-1,-1
2015440061396,1,9,0,17,0,0,0,0,0,0,3,1,6,1,20,4,-1,-1,-1,-1,1,-1
2015440061480,1,9,0,16,0,1,0,0,0,0,1,1,6,3,-1,-1,-1,-1,-1,-1,-1,-1
2015440061480,2,9,0,4,0,1,0,0,0,0,2,1,6,2,30,6,1360,1,11,-1,1,-1
2015440061488,1,1,0,18,0,1,0,0,0,0,1,1,6,1,41,7,-1,-1,-1,-1,1,-1
2015440061488,2,9,0,9,0,8,0,0,0,0,3,1,6,2,-1,-1,-1,-1,-1,-1,-1,-1
2015440061518,1,9,0,18,0,0,0,0,2,3,1,1,6,1,24,5,1997,2,6,-1,1,-1
2015440061518,2,9,0,18,0,0,0,0,0,0,1,1,6,1,47,8,5000,1,6,-1,1,-1
2015440061612,1,19,0,18,0,1,0,0,0,0,1,1,1,1,32,6,1753,2,10,-1,1,-1
2015440061612,2,9,0,9,0,8,0,0,0,0,3,1,1,1,55,8,1767,1,14,-1,1,-1
2015440061622,1,11,0,18,0,0,0,0,0,0,4,1,1,1,68,10,-1,2,17,-1,1,-1
2015440061956,1,9,0,18,0,0,0,0,1,4,1,1,2,2,34,6,1389,1,10,-1,1,-1
2015440061966,1,9,0,18,0,0,2,0,5,6,3,1,6,1,21,5,1149,1,11,-1,3,-1
2015440062035,1,3,0,16,0,2,1,0,0,0,4,1,6,1,81,11,85,1,29,-1,3,-1
2015440062092,1,9,0,18,0,0,0,0,0,0,2,1,6,2,60,9,1598,1,1,-1,1,-1
2015440062092,2,9,0,18,0,0,1,0,0,0,1,1,6,1,38,7,1248,2,1,-1,-1,-1
2015440062116,1,9,0,18,0,0,0,0,0,0,1,1,2,1,25,5,1197,1,2,-1,1,-1
2015440062116,2,9,0,3,0,0,0,0,0,0,2,1,6,1,65,9,1986,2,7,-1,1,-1
2015440062116,3,9,0,3,0,0,0,0,0,0,2,1,6,2,-1,-1,998,1,1,-1,1,-1
2015440062206,1,4,0,18,0,1,1,0,0,0,3,1,6,1,60,9,247,1,1,-1,3,-1
2015440062206,2,9,0,9,0,8,1,0,0,0,0,1,6,3,-1,-1,-1,-1,-1,-1,-1,-1
2015440062282,1,9,0,18,0,0,0,0,4,6,1,1,6,1,45,7,3600,1,12,-1,1,-1
2015440062369,1,9,0,4,0,0,0,0,0,0,1,1,6,2,75,10,1343,1,15,-1,1,-1
2015440062369,2,9,0,4,0,0,0,0,0,0,2,1,2,2,-1,-1,1998,2,7,-1,3,-1
2015440062770,1,9,0,18,0,0,0,0,0,0,1,1,1,1,79,11,1392,1,18,-1,1,-1
2015440062785,1,9,0,18,0,8,0,0,0,0,1,1,2,1,30,6,1598,1,3,-1,1,-1
2015440062785,2,9,0,18,0,8,2,0,1,9,3,1,2,2,47,8,-1,-1,-1,-1,1,-1
2015440062798,1,19,0,18,0,0,0,0,0,0,1,1,6,1,48,8,-1,-1,-1,-1,1,-1
2015440062798,2,9,0,18,0,0,0,0,0,0,1,1,6,1,49,8,-1,-1,-1,-1,1,-1
2015440062878,1,9,0,18,0,1,0,0,0,0,1,1,2,2,27,6,1560,2,6,-1,1,-1
2015440062878,2,9,0,3,0,1,0,0,0,0,2,1,2,1,21,5,-1,-1,-1,-1,1,-1
2015440062878,3,9,0,3,0,1,0,0,0,0,2,1,2,2,60,9,1246,1,10,-1,1,-1
2015440062909,1,9,0,9,0,6,0,0,0,0,3,1,6,2,53,8,1598,1,2,-1,1,-1
2015440062909,2,9,0,18,0,1,0,0,0,0,1,1,6,2,18,4,-1,-1,-1,-1,1,-1
2015440063186,1,9,0,4,0,1,0,0,0,0,1,1,6,1,67,10,1598,1,7,-1,1,-1
2015440063186,2,9,0,7,0,8,1,0,0,0,1,1,6,1,28,6,-1,-1,-1,-1,1,-1
2015440063220,1,9,0,18,0,8,0,0,0,0,1,1,6,1,27,6,1970,1,10,-1,1,-1
2015440063220,2,9,0,18,0,8,0,0,0,0,1,1,6,2,27,6,1596,1,7,-1,1,-1
2015440063493,1,19,0,9,0,8,0,0,0,0,3,1,6,3,-1,-1,-1,-1,-1,-1,-1,-1
2015440063493,2,1,0,18,0,1,0,0,0,0,1,1,6,1,18,4,-1,-1,-1,-1,1,-1
2015440063631,1,9,0,4,0,0,0,0,0,0,1,1,2,2,24,5,1598,1,12,-1,1,-1
2015440063631,2,9,0,4,0,0,0,0,0,0,2,1,2,1,45,7,1598,1,12,-1,1,-1
2015440063647,1,1,0,18,0,8,0,0,0,0,4,1,2,1,44,7,-1,-1,-1,-1,-1,-1
2015440063647,2,8,0,18,0,8,0,0,0,0,1,1,1,1,-1,-1,1968,2,2,-1,-1,-1
2015440063784,1,9,0,18,0,0,1,12,1,1,4,1,3,1,50,8,3199,1,11,-1,1,-1
2015440063992,1,9,0,6,0,0,0,0,0,0,3,1,2,1,37,7,1598,1,8,-1,1,-1
2015440063992,2,9,0,13,0,0,0,0,0,0,1,1,1,1,50,8,1598,1,8,-1,1,-1
2015440064096,1,9,0,4,0,0,0,0,0,0,2,1,6,2,44,7,-1,-1,-1,-1,1,-1
2015440064096,2,9,0,4,0,0,1,0,0,0,1,1,6,1,21,5,1598,1,6,-1,1,-1
2015440064101,1,9,0,18,0,0,0,0,0,0,1,1,1,1,19,4,1596,1,10,-1,1,-1
2015440064101,2,9,0,4,0,0,0,0,0,0,2,1,6,1,24,5,-1,-1,-1,-1,1,-1
2015440064110,1,9,0,9,0,8,0,0,0,0,3,1,6,2,46,8,1399,1,7,-1,1,-1
2015440064110,2,9,0,9,0,8,0,0,0,0,1,1,6,1,-1,-1,-1,-1,-1,-1,1,-1
2015440064154,1,21,0,5,0,8,0,0,0,0,4,1,1,1,47,8,-1,2,12,-1,1,-1
2015440064154,2,9,0,4,0,8,0,0,0,0,1,1,3,1,64,9,1998,1,14,-1,1,-1
2015440064176,1,9,0,18,0,0,1,0,0,0,1,1,1,1,29,6,-1,-1,-1,-1,3,-1
2015440064176,2,9,0,18,0,0,1,0,4,6,2,1,1,2,38,7,1598,2,4,-1,1,-1
2015440064176,3,9,0,18,0,0,0,0,0,0,2,1,1,2,-1,-1,1598,2,2,-1,-1,-1
2015440064196,1,9,0,18,0,0,0,0,0,0,1,1,2,1,30,6,-1,-1,-1,-1,1,-1
2015440064196,2,19,0,18,0,0,0,0,0,0,2,1,1,1,31,6,1968,2,1,-1,1,-1
2015440064357,1,19,0,18,0,0,0,10,0,0,1,1,1,1,26,6,2464,2,7,-1,1,-1
2015440064357,2,9,0,18,0,0,0,0,0,0,1,1,6,2,70,10,-1,-1,-1,-1,2,-1
2015440064364,1,1,0,18,0,8,0,0,0,0,1,1,6,1,21,5,-1,-1,-1,-1,1,-1
2015440064364,2,9,0,7,0,8,0,0,0,0,4,1,6,3,-1,-1,-1,-1,-1,-1,-1,-1
2015440064487,1,19,0,4,0,1,0,0,4,0,2,1,1,1,41,7,1399,2,6,-1,1,-1
2015440064487,2,19,0,4,0,1,0,0,0,0,1,1,1,1,55,8,2198,2,1,-1,1,-1
2015440064504,1,9,0,18,0,0,0,0,0,0,1,1,6,2,46,8,1461,2,10,-1,1,-1
2015440064508,1,1,0,18,0,8,0,0,0,0,1,1,6,1,20,4,-1,-1,-1,-1,1,-1
2015440064508,2,9,0,5,0,8,0,0,0,0,3,1,6,1,-1,-1,-1,-1,-1,-1,-1,-1
2015440064683,1,9,0,18,0,0,0,0,0,0,1,1,6,1,82,11,1560,2,8,-1,3,-1
2015440064683,2,20,0,2,0,0,0,0,0,0,2,1,6,3,-1,-1,2402,2,12,-1,-1,-1
2015440064683,3,19,0,2,0,0,0,0,0,0,1,1,6,3,-1,-1,1870,2,8,-1,-1,-1
2015440064725,1,9,0,18,0,8,0,0,0,0,3,1,6,2,65,9,1390,1,10,-1,1,-1
2015440064725,2,9,0,18,0,8,1,0,7,0,1,1,6,2,40,7,-1,-1,-1,-1,1,-1
2015440064814,1,9,0,9,0,8,0,0,0,0,3,1,3,2,28,6,1398,2,13,-1,1,-1
2015440064814,2,1,0,18,0,8,0,0,0,0,1,1,6,1,30,6,-1,-1,-1,-1,1,-1
2015440064984,1,9,0,5,0,8,0,0,0,0,2,1,6,2,18,4,1390,1,5,-1,1,-1
2015440064984,2,9,0,12,0,8,0,0,0,0,1,1,6,1,57,9,1991,2,10,-1,1,-1
2015440065122,1,9,0,5,0,6,0,0,0,0,1,1,6,2,67,10,1984,1,3,-1,1,-1
2015440065132,1,9,0,18,0,1,0,4,0,0,1,1,6,1,80,11,1900,2,9,-1,1,-1
2015440065132,2,19,0,2,0,2,0,0,0,0,1,1,6,1,32,6,2460,2,11,-1,-1,-1
2015440065157,1,9,0,18,0,8,0,0,0,0,3,1,6,1,75,10,2720,2,9,-1,3,-1
2015440065157,2,2,0,9,0,8,0,0,0,0,1,1,2,1,20,4,49,1,3,-1,3,-1
2015440065317,1,9,0,18,0,0,0,0,7,0,1,1,6,1,20,4,1199,1,16,-1,1,-1
2015440065438,1,1,0,18,0,1,0,0,0,0,0,1,2,1,46,8,-1,-1,-1,-1,3,-1
2015440065438,2,9,0,13,0,1,0,0,0,0,3,1,1,1,54,8,1560,2,7,-1,3,-1
2015440065438,3,3,0,13,0,1,0,0,0,0,4,1,2,1,24,5,124,1,1,-1,1,-1
2015440065488,1,9,0,18,0,0,0,0,0,0,1,1,6,1,37,7,-1,-1,-1,-1,1,-1
2015440065488,2,9,0,4,0,0,0,0,0,0,2,1,6,2,44,7,-1,-1,-1,-1,1,-1
2015440065546,1,9,0,18,0,8,0,0,0,0,4,1,3,1,50,8,1798,1,6,-1,1,-1
2015440065546,2,1,0,9,0,8,0,0,0,0,1,1,6,1,77,11,-1,-1,-1,-1,1,-1
2015440065963,1,9,0,9,0,8,0,0,7,1,4,1,6,1,26,6,1753,2,19,-1,1,-1
2015440065963,2,9,0,18,0,1,0,0,0,0,1,1,6,1,58,9,1968,2,7,-1,1,-1
2015440065999,1,9,0,4,0,0,0,0,0,0,2,1,1,2,31,6,3824,1,10,-1,1,-1
2015440065999,2,9,0,18,0,0,0,0,0,0,1,1,2,1,33,6,1368,1,5,-1,2,-1
2015440065999,3,9,0,18,0,0,0,0,0,0,1,1,2,2,44,7,998,1,1,-1,1,-1
2015440066170,1,1,0,18,0,0,0,0,0,0,3,1,6,1,21,5,-1,-1,-1,-1,1,-1
2015440066170,2,9,0,13,0,0,0,0,0,0,4,1,6,3,-1,-1,-1,-1,-1,-1,-1,-1
2015440066215,1,9,0,18,0,0,0,0,0,0,1,1,2,2,50,8,1796,1,13,-1,1,-1
2015440066287,1,3,0,18,0,0,1,0,0,0,1,1,6,1,22,5,123,1,9,-1,2,-1
2015440066318,1,19,0,4,0,0,0,0,0,0,1,1,1,1,42,7,1870,2,12,-1,1,-1
2015440066318,2,9,0,4,0,0,0,0,0,0,2,1,6,1,33,6,2494,1,12,-1,1,-1
2015440066324,1,9,0,17,0,0,0,0,1,11,1,1,2,1,53,8,-1,-1,-1,-1,1,-1
2015440066408,1,9,0,18,0,0,1,0,2,1,1,1,2,2,26,6,-1,-1,-1,-1,1,-1
2015440066592,1,9,0,18,0,0,0,0,0,0,1,1,6,2,48,8,-1,-1,-1,-1,1,-1
2015440066662,1,9,0,7,0,8,0,0,0,0,1,1,2,1,35,6,1390,1,11,-1,1,-1
2015440066662,2,1,0,18,0,8,0,0,0,0,4,1,2,1,40,7,-1,-1,-1,-1,1,-1
2015440066737,1,9,0,7,0,8,0,0,0,0,0,1,6,2,50,8,1596,1,15,-1,1,-1
2015440066737,2,1,0,18,0,8,1,0,0,0,0,1,6,1,77,11,-1,-1,-1,-1,-1,-1
2015440066817,1,9,0,18,0,2,0,10,2,10,1,1,6,2,53,8,-1,-1,-1,-1,1,-1
2015440066852,1,9,0,9,0,8,0,0,0,0,3,1,6,2,29,6,1595,2,5,-1,1,-1
2015440066852,2,1,0,18,0,8,0,0,0,0,1,1,6,1,33,6,-1,-1,-1,-1,1,-1
2015440067343,1,9,0,17,0,0,1,0,1,9,1,1,6,1,27,6,-1,-1,-1,-1,1,-1
2015440067574,1,9,0,9,0,8,0,0,0,0,1,1,6,2,51,8,-1,-1,-1,-1,3,-1
2015440067574,2,9,0,18,0,8,0,0,0,0,1,1,2,1,45,7,1360,1,12,-1,3,-1
2015440067574,3,19,0,10,0,1,0,0,0,0,3,1,1,1,37,7,2143,2,1,-1,1,-1
2015440067798,1,9,0,9,0,8,0,0,7,0,4,1,6,2,22,5,1390,1,3,-1,1,-1
2015440067798,2,9,0,18,0,8,0,0,0,0,1,1,6,1,50,8,2143,2,4,-1,1,-1
2015440067798,3,9,0,8,0,1,0,0,0,0,3,1,6,1,57,9,1968,2,4,-1,2,-1
2015440067856,1,9,0,9,0,8,0,0,0,0,3,1,6,2,17,4,-1,-1,-1,-1,1,-1
2015440067856,2,9,0,18,0,8,0,0,0,0,1,1,6,2,39,7,1364,1,10,-1,1,-1
2015440067989,1,2,0,18,0,8,1,0,0,0,3,1,2,1,52,8,49,1,3,-1,1,-1
2015440067989,2,9,0,9,0,8,0,0,1,0,1,1,6,1,46,8,1995,1,7,-1,1,-1
2015440067989,3,9,0,2,0,2,0,0,0,0,2,1,2,1,39,7,1998,1,9,-1,1,-1
2015440067998,1,9,0,9,0,8,0,0,0,0,3,1,2,2,30,6,-1,-1,-1,-1,1,-1
2015440067998,2,1,0,18,0,1,0,0,0,0,1,1,6,1,29,6,-1,-1,-1,-1,1,-1
2015440068022,1,9,0,16,0,0,1,0,7,11,1,1,2,2,22,5,1360,1,11,-1,1,-1
2015440068067,1,9,0,18,0,0,0,0,0,0,3,1,1,2,-1,-1,1388,1,9,-1,-1,-1
2015440068096,1,9,0,18,0,0,0,0,0,0,4,1,6,1,19,4,1598,1,10,-1,1,-1
2015440068184,1,9,0,18,0,0,1,0,0,0,1,1,1,1,50,8,-1,-1,-1,-1,3,-1
2015440068184,2,21,1,2,0,0,0,0,0,0,2,1,1,1,52,8,-1,2,17,-1,-1,-1