Accident_Index,Vehicle_Reference,Vehicle_Type,Towing_and_Articulation,Vehicle_Manoeuvre,Vehicle_Location-Restricted_Lane,Junction_Location,Skidding_and_Overturning,Hit_Object_in_Carriageway,Vehicle_Leaving_Carriageway,Hit_Object_off_Carriageway,1st_Point_of_Impact,Was_Vehicle_Left_Hand_Drive?,Journey_Purpose_of_Driver,Sex_of_Driver,Age_of_Driver,Age_Band_of_Driver,Engine_Capacity_(CC),Propulsion_Code,Age_of_Vehicle,Driver_IMD_Decile,Driver_Home_Area_Type,Vehicle_IMD_Decile
2015440068254,1,9,0,4,0,1,0,0,0,0,2,1,6,2,46,8,1560,2,1,-1,1,-1
2015440068254,2,9,0,18,0,1,0,0,0,0,1,1,6,1,34,6,1596,1,10,-1,1,-1
2015440068322,1,9,0,4,0,0,0,0,0,0,2,1,6,1,49,8,1798,1,-1,-1,1,-1
2015440068322,2,9,0,4,0,0,0,0,0,0,1,1,2,1,26,6,3199,1,15,-1,1,-1
2015440068353,1,9,0,18,0,0,0,0,1,3,1,1,6,1,78,11,-1,-1,-1,-1,2,-1
2015440068582,1,9,0,18,0,0,0,0,0,0,1,1,6,1,18,4,1360,1,12,-1,1,-1
2015440068597,1,9,0,18,0,0,0,0,0,0,3,1,2,3,-1,-1,1242,1,6,-1,-1,-1
2015440068721,1,9,0,5,9,8,0,0,0,0,1,1,6,2,36,7,1686,2,11,-1,1,-1
2015440068721,2,1,0,18,9,8,0,0,0,0,1,1,6,1,21,5,-1,-1,-1,-1,1,-1
2015440068770,1,3,0,18,0,2,0,0,0,0,1,1,6,1,19,4,124,1,4,-1,1,-1
2015440068772,1,19,0,9,0,8,0,0,0,0,3,1,1,2,56,9,1753,2,8,-1,1,-1
2015440068772,2,3,0,13,0,8,0,0,0,0,1,1,1,1,36,7,125,1,4,-1,1,-1
2015440068832,1,9,0,18,0,0,0,0,0,0,2,1,6,1,42,7,-1,-1,-1,-1,1,-1
2015440068832,2,9,0,18,0,0,0,0,0,0,2,1,2,2,62,9,1956,2,2,-1,1,-1
2015440068832,3,9,0,18,0,0,1,0,0,0,1,1,2,1,28,6,-1,-1,-1,-1,-1,-1
2015440068832,4,9,0,18,0,0,1,0,0,6,1,1,2,1,50,8,1598,2,4,-1,1,-1
2015440068871,1,5,0,18,0,0,0,0,0,0,4,1,6,1,37,7,847,1,1,-1,1,-1
2015440068871,2,97,0,18,0,0,0,0,0,0,3,1,6,1,30,6,-1,-1,-1,-1,-1,-1
2015440068921,1,9,0,17,0,1,0,0,0,0,1,1,6,2,61,9,1968,2,4,-1,3,-1
2015440068921,2,9,0,16,0,2,0,0,0,0,1,1,2,2,37,7,-1,-1,-1,-1,-1,-1
2015440069114,1,9,0,18,0,0,0,0,1,4,1,1,6,2,22,5,-1,-1,-1,-1,1,-1
2015440069639,1,11,0,4,0,1,0,0,0,0,0,1,1,1,54,8,-1,-1,-1,-1,1,-1
2015440069639,2,9,0,4,0,1,0,0,0,0,1,1,6,3,-1,-1,-1,-1,-1,-1,-1,-1
2015440069891,1,9,0,18,0,8,0,0,0,0,4,1,6,1,35,6,2198,1,13,-1,1,-1
2015440069891,2,3,0,18,0,8,0,0,0,0,3,1,6,1,28,6,124,1,30,-1,1,-1
2015440070061,1,9,0,4,0,1,0,0,0,0,2,1,6,2,30,6,2143,2,5,-1,1,-1
2015440070061,2,9,0,18,0,1,0,0,0,0,1,1,6,1,59,9,1997,2,12,-1,1,-1
2015440070072,1,9,0,4,0,2,0,0,0,0,2,1,6,1,29,6,1798,1,7,-1,2,-1
2015440070072,2,9,0,18,0,2,1,0,0,0,1,1,6,2,25,5,1995,2,12,-1,1,-1
2015440070099,1,19,0,9,0,8,0,0,0,0,0,1,6,1,35,6,-1,-1,-1,-1,1,-1
2015440070099,2,3,0,18,0,1,0,0,0,0,4,1,6,1,17,4,124,1,6,-1,1,-1
2015440070144,1,9,0,18,0,0,0,0,1,0,1,1,6,1,18,4,1149,1,13,-1,1,-1
2015440070148,1,9,0,18,0,8,5,0,0,0,4,1,6,1,54,8,-1,-1,-1,-1,2,-1
2015440070148,2,9,0,18,0,8,1,0,0,0,1,1,6,1,72,10,1598,2,2,-1,1,-1
2015440070148,3,9,0,8,0,1,0,0,0,0,1,1,6,1,53,8,1595,1,2,-1,-1,-1
2015440070593,1,9,0,18,0,1,0,0,0,0,1,1,6,1,36,7,1582,2,4,-1,1,-1
2015440070593,2,9,0,10,0,1,0,0,0,0,2,1,6,1,70,10,1796,1,10,-1,1,-1
2015440070627,1,9,0,18,0,0,1,0,4,6,3,1,2,2,25,5,1229,1,2,-1,1,-1
2015440070830,1,9,0,18,0,0,0,0,0,0,1,1,6,3,-1,-1,-1,-1,-1,-1,-1,-1
2015440070869,1,9,0,9,0,8,0,0,0,0,1,1,6,1,34,6,2494,1,12,-1,1,-1
2015440070869,2,1,0,18,0,8,0,0,0,0,3,1,6,1,18,4,-1,-1,-1,-1,1,-1
2015440071079,1,9,0,9,0,6,0,0,0,0,1,1,6,1,66,10,1999,1,9,-1,1,-1
2015440071079,2,9,0,9,0,5,0,0,0,0,3,1,6,2,53,8,1796,1,8,-1,1,-1
2015440071121,1,9,0,18,0,0,1,0,0,0,1,1,6,1,46,8,2967,1,12,-1,1,-1
2015440071121,2,9,0,4,0,0,0,0,1,9,2,1,6,2,50,8,1598,1,3,-1,3,-1
2015440071472,1,9,0,18,0,2,0,0,0,0,4,1,6,2,58,9,1596,1,11,-1,1,-1
2015440071621,1,9,0,18,0,0,0,0,0,0,1,1,6,1,30,6,-1,-1,-1,-1,1,-1
2015440071621,2,9,0,4,0,0,1,0,0,0,2,1,6,1,21,5,-1,-1,-1,-1,1,-1
2015440071621,3,9,0,4,0,0,0,0,0,0,2,1,6,1,48,8,1995,2,9,-1,1,-1
2015440071642,1,9,0,4,0,0,0,0,0,0,2,1,1,1,23,5,1995,2,2,-1,1,-1
2015440071642,2,9,0,18,0,0,0,0,0,0,2,1,6,1,24,5,2979,1,6,-1,1,-1
2015440071642,3,19,0,18,0,0,0,0,0,0,1,1,1,1,34,6,2143,2,3,-1,1,-1
2015440071962,1,1,0,9,0,8,0,0,0,0,1,1,6,1,87,11,-1,-1,-1,-1,1,-1
2015440071962,2,9,0,8,0,1,0,0,0,0,3,1,6,2,74,10,-1,-1,-1,-1,3,-1
2015440072274,1,9,0,5,0,8,0,0,0,0,1,1,1,1,61,9,-1,-1,-1,-1,1,-1
2015440072274,2,1,0,18,0,8,1,0,0,0,4,1,6,2,42,7,-1,-1,-1,-1,1,-1
2015440072340,1,9,0,9,0,8,0,0,0,0,4,1,2,1,38,7,1560,2,7,-1,1,-1
2015440072340,2,5,0,18,0,8,0,0,0,0,1,1,2,1,50,8,999,1,7,-1,1,-1
2015440072392,1,1,0,5,0,1,0,0,0,0,0,1,6,1,10,2,-1,-1,-1,-1,1,-1
2015440072392,2,9,0,16,0,1,0,0,0,0,4,1,6,2,-1,-1,-1,-1,-1,-1,-1,-1
2015440072905,1,9,0,4,0,0,0,0,0,0,2,1,6,1,46,8,2198,1,15,-1,1,-1
2015440072905,2,9,0,18,0,0,0,0,0,0,1,1,6,2,33,6,-1,-1,-1,-1,1,-1
2015440073352,1,20,4,18,0,0,3,0,1,0,1,1,6,1,71,10,-1,-1,-1,-1,3,-1
2015440073378,1,9,0,17,0,0,0,0,0,0,0,1,6,3,-1,-1,-1,-1,-1,-1,-1,-1
2015440073378,2,1,0,16,0,0,0,0,0,0,0,1,4,1,14,3,-1,-1,-1,-1,1,-1
2015440073509,1,9,0,18,0,0,0,0,0,0,4,1,6,2,48,8,1598,1,12,-1,1,-1
2015440073589,1,19,0,3,0,0,0,0,0,0,2,1,1,2,53,8,1560,2,5,-1,1,-1
2015440073589,2,9,0,4,0,0,0,0,0,0,1,1,6,3,-1,-1,1997,1,13,-1,-1,-1
2015440073607,1,1,0,18,0,8,0,0,0,0,1,1,6,1,29,6,-1,-1,-1,-1,1,-1
2015440073607,2,9,0,2,0,8,0,0,0,0,2,1,2,1,47,8,1686,2,-1,-1,3,-1
2015440073671,1,3,0,18,0,8,0,0,0,0,4,1,2,1,19,4,124,1,4,-1,1,-1
2015440073671,2,19,0,9,0,8,0,0,0,0,1,1,1,1,58,9,-1,-1,-1,-1,1,-1
2015440073828,1,9,0,5,0,8,0,0,0,0,3,1,6,1,87,11,1798,1,4,-1,2,-1
2015440073828,2,9,0,18,0,8,0,0,0,0,1,1,6,1,61,9,2958,2,12,-1,1,-1
2015440073836,1,9,0,16,0,0,1,0,0,0,1,1,2,1,23,5,-1,-1,-1,-1,1,-1
2015440073836,2,9,0,18,0,0,0,0,0,0,1,1,6,2,63,9,1586,1,4,-1,1,-1
2015440073901,1,9,0,18,0,1,0,0,0,0,4,1,6,1,32,6,1388,1,12,-1,1,-1
2015440074037,1,9,0,5,0,8,0,0,0,0,1,1,1,1,56,9,1753,2,7,-1,1,-1
2015440074037,2,1,0,17,0,8,1,0,0,0,1,1,6,1,27,6,-1,-1,-1,-1,1,-1
2015440074069,1,9,0,4,0,0,0,0,0,0,1,1,1,1,42,7,996,1,1,-1,-1,-1
2015440074069,2,9,0,4,0,0,0,0,0,0,2,1,1,1,18,4,1986,2,9,-1,1,-1
2015440074069,3,9,0,18,0,0,0,0,0,0,2,1,1,1,66,10,1388,1,3,-1,1,-1
2015440074082,1,9,0,9,0,8,0,0,0,0,3,1,2,2,19,4,-1,-1,-1,-1,1,-1
2015440074082,2,9,0,18,0,8,0,0,0,0,1,1,2,1,46,8,1998,2,10,-1,1,-1
2015440074105,1,9,0,18,0,1,0,0,0,0,3,1,6,1,58,9,1998,2,11,-1,1,-1
2015440074126,1,9,0,4,0,0,0,0,0,0,2,1,1,2,39,7,-1,-1,-1,-1,1,-1
2015440074126,2,9,0,4,0,0,0,0,0,0,1,1,1,1,51,8,1598,2,2,-1,2,-1
2015440074174,1,9,0,11,0,0,0,0,0,0,4,1,6,1,64,9,3724,1,9,-1,1,-1
2015440074174,2,9,0,18,0,0,0,0,0,0,3,1,6,2,44,7,1956,2,4,-1,1,-1
2015440074461,1,11,0,18,0,1,0,0,0,0,0,1,1,3,-1,-1,4461,2,2,-1,-1,-1
2015440074461,2,9,0,7,0,6,0,0,0,0,0,1,6,3,-1,-1,-1,-1,-1,-1,-1,-1
2015440074488,1,19,0,4,0,0,0,0,0,0,2,1,1,1,53,8,1998,2,10,-1,1,-1
2015440074488,2,9,0,18,0,0,0,0,0,0,1,1,6,2,49,8,1598,1,8,-1,1,-1
2015440074552,1,5,0,16,0,1,0,0,0,0,1,1,6,1,21,5,644,1,7,-1,1,-1
2015440074626,1,10,0,4,0,0,0,0,0,0,0,1,1,1,52,8,-1,-1,-1,-1,1,-1
2015440074703,1,9,0,18,0,0,0,0,0,0,1,1,6,2,28,6,1368,1,2,-1,1,-1
2015440074703,2,19,0,18,0,0,0,0,0,0,1,1,6,1,26,6,1560,2,1,-1,2,-1
2015440074710,1,9,0,18,0,1,0,0,0,0,4,1,6,3,-1,-1,-1,-1,-1,-1,-1,-1
2015440074958,1,9,0,18,0,0,0,0,0,0,1,1,6,2,86,11,1598,1,13,-1,1,-1
2015440074958,2,9,0,4,0,0,0,0,0,0,2,1,2,2,56,9,1598,1,10,-1,1,-1
2015440074958,3,9,0,4,0,0,0,0,0,0,2,1,2,2,44,7,1598,1,7,-1,1,-1
2015440075125,1,9,0,4,0,0,0,0,0,0,2,1,2,1,-1,-1,1968,2,8,-1,1,-1
2015440075125,2,9,0,18,0,0,0,0,0,0,1,1,6,1,25,5,2148,2,12,-1,1,-1
2015440075171,1,9,0,9,0,8,0,0,0,0,1,1,6,1,44,7,-1,-1,-1,-1,1,-1
2015440075171,2,9,0,18,0,8,0,0,0,0,1,1,6,2,31,6,1596,1,13,-1,1,-1
2015440075178,1,19,0,14,0,0,0,0,0,0,4,1,1,1,46,8,2143,2,1,-1,1,-1
2015440075178,2,10,0,2,0,0,0,0,0,0,0,1,1,3,-1,-1,-1,-1,-1,-1,-1,-1
2015440075266,1,9,0,18,0,0,5,0,0,0,4,1,6,1,20,4,-1,-1,-1,-1,1,-1
2015440075266,2,9,0,2,0,0,0,0,0,0,4,1,6,1,22,5,-1,-1,-1,-1,-1,-1
2015440075396,1,9,0,5,0,4,0,0,0,0,3,1,2,2,24,5,1197,1,1,-1,1,-1
2015440075396,2,3,0,18,0,8,0,0,0,0,1,1,2,1,54,8,124,1,1,-1,1,-1
2015440075397,1,9,0,18,0,0,1,0,0,0,4,1,6,1,19,4,1716,2,12,-1,3,-1
2015440075397,2,1,0,18,0,0,0,0,0,0,3,1,2,1,62,9,-1,-1,-1,-1,1,-1
2015440075511,1,9,0,18,0,1,0,0,0,0,4,1,2,2,45,7,998,1,9,-1,1,-1
2015440075511,2,9,0,7,0,8,0,0,0,0,1,1,6,1,-1,-1,1589,1,17,-1,-1,-1
2015440075538,1,9,0,9,0,8,0,0,0,0,3,1,6,2,30,6,1968,2,11,-1,1,-1
2015440075538,2,5,0,18,0,1,0,0,0,0,1,1,1,1,20,4,535,1,18,-1,1,-1
2015440075667,1,9,0,4,0,1,0,0,0,0,2,1,1,1,23,5,-1,-1,-1,-1,1,-1
2015440075667,2,9,0,18,0,1,0,0,0,0,1,1,6,3,-1,-1,-1,-1,-1,-1,-1,-1
2015440076140,1,9,0,14,0,0,0,0,0,0,4,1,6,2,-1,-1,-1,-1,-1,-1,-1,-1
2015440076315,1,9,0,6,0,2,0,0,0,0,1,1,6,1,48,8,1686,2,11,-1,1,-1
2015440076315,2,9,0,18,0,1,0,0,0,0,0,1,6,1,45,7,2995,1,1,-1,1,-1
2015440076376,1,9,0,18,0,0,0,0,0,0,1,1,6,2,41,7,1896,2,8,-1,1,-1
2015440076402,1,9,0,1,0,0,0,0,0,0,2,1,1,1,27,6,1242,1,18,-1,1,-1
2015440076459,1,19,0,5,0,0,0,2,0,0,4,1,6,3,-1,-1,-1,-1,-1,-1,-1,-1
2015440076698,1,9,0,18,0,0,2,10,7,10,1,1,6,1,20,4,-1,-1,-1,-1,1,-1
2015440076728,1,9,0,13,0,0,0,0,0,0,1,1,6,1,19,4,2521,1,7,-1,1,-1
2015440076728,2,9,0,18,0,0,0,0,0,0,1,1,6,1,20,4,998,1,1,-1,3,-1
2015440076752,1,1,0,18,0,8,0,0,0,0,4,1,2,1,41,7,-1,-1,-1,-1,1,-1
2015440076752,2,9,0,9,0,6,0,0,0,0,1,1,6,3,-1,-1,-1,-1,-1,-1,-1,-1
2015440076832,1,3,0,18,0,0,0,0,0,0,1,1,2,1,39,7,125,1,10,-1,1,-1
2015440076832,2,9,0,4,0,0,0,0,0,0,2,1,6,3,-1,-1,-1,-1,-1,-1,-1,-1
2015440076900,1,9,0,9,0,5,0,0,0,0,3,1,1,2,30,6,1299,1,15,-1,1,-1
2015440076900,2,3,0,13,0,1,0,0,0,0,1,1,2,1,45,7,125,1,4,-1,1,-1
2015440077042,1,9,0,18,0,1,0,0,0,0,1,1,6,3,-1,-1,-1,-1,-1,-1,-1,-1
2015440077188,1,9,0,3,0,1,0,0,0,0,2,1,2,2,26,6,1242,1,6,-1,1,-1
2015440077188,2,9,0,18,0,1,0,0,0,0,1,1,2,1,35,6,1248,2,2,-1,1,-1
2015440077255,1,9,0,18,0,1,1,0,1,1,1,1,6,1,78,11,-1,-1,-1,-1,1,-1
2015440077611,1,9,0,18,0,1,0,0,0,0,4,1,6,1,65,9,1395,1,1,-1,1,-1
2015440077611,2,9,0,9,0,8,0,0,0,0,1,1,6,2,51,8,1598,1,4,-1,3,-1
2015440077661,1,3,0,9,0,8,0,0,0,0,3,1,4,1,17,4,125,1,16,-1,1,-1
2015440077661,2,9,0,18,0,1,0,0,0,0,1,1,6,1,17,4,1997,2,14,-1,1,-1
2015440077665,1,9,0,18,0,1,0,0,0,0,1,1,1,1,48,8,1560,2,7,-1,1,-1
2015440077665,2,9,0,3,0,1,0,0,0,0,2,1,1,2,54,8,1242,1,3,-1,1,-1
2015440077665,3,19,0,3,0,1,0,0,0,0,2,1,1,1,-1,-1,2198,2,6,-1,1,-1
2015440077674,1,9,0,4,0,0,0,0,0,0,2,1,6,1,44,7,1598,1,7,-1,2,-1
2015440077674,2,19,0,4,0,0,0,0,0,0,1,1,6,3,-1,-1,1996,2,1,-1,-1,-1
2015440077697,1,19,0,13,0,1,0,0,0,0,4,1,6,3,-1,-1,1560,2,5,-1,-1,-1
2015440077697,2,1,0,18,0,1,0,0,0,0,3,1,6,1,20,4,-1,-1,-1,-1,1,-1
2015440077937,1,9,0,16,0,0,2,0,2,4,1,1,2,1,21,5,-1,-1,-1,-1,1,-1
2015440078338,1,3,0,9,0,6,1,10,0,0,4,1,6,1,21,5,-1,-1,-1,-1,3,-1
2015440078370,1,9,0,2,0,1,0,0,0,0,3,1,6,2,51,8,2993,2,3,-1,1,-1
2015440078370,2,9,0,18,0,1,0,0,0,0,4,1,6,3,-1,-1,1560,2,4,-1,-1,-1
2015440078570,1,9,0,4,0,0,0,0,0,0,2,1,2,1,35,6,1600,1,23,-1,1,-1
2015440078570,2,9,0,18,0,0,0,0,0,0,1,1,2,3,-1,-1,1998,1,23,-1,-1,-1
2015440078912,1,9,0,11,0,0,0,0,0,0,4,1,6,1,20,4,1229,1,1,-1,1,-1
2015440078912,2,9,0,18,0,0,0,0,0,0,3,1,6,1,32,6,-1,-1,-1,-1,1,-1
2015440079497,1,9,0,7,0,2,0,0,0,0,2,1,6,2,39,7,-1,-1,-1,-1,1,-1
2015440079497,2,1,0,18,0,2,0,0,0,0,1,1,6,1,48,8,-1,-1,-1,-1,2,-1
2015440079598,1,9,0,16,0,0,2,0,2,4,1,1,6,1,19,4,-1,-1,-1,-1,3,-1
2015440079657,1,9,0,18,0,0,0,0,1,4,1,1,6,1,22,5,-1,-1,-1,-1,1,-1
2015440079664,1,9,0,3,0,1,0,0,0,0,2,1,6,2,35,6,1390,1,6,-1,1,-1
2015440079664,2,9,0,18,0,1,0,0,0,0,1,1,6,1,-1,-1,2401,2,12,-1,1,-1
2015440079707,1,1,0,18,0,0,1,0,0,0,0,1,6,1,45,7,-1,-1,-1,-1,1,-1
2015440079717,1,1,0,17,0,1,0,0,0,0,3,1,6,2,39,7,-1,-1,-1,-1,3,-1
2015440079717,2,9,0,13,0,8,0,0,0,0,4,1,6,1,69,10,1596,1,4,-1,2,-1
2015440080003,1,19,0,18,0,0,0,0,0,0,1,1,1,1,51,8,2299,2,4,-1,1,-1
2015440080003,2,9,0,4,0,0,0,0,0,0,2,1,6,2,20,4,998,1,1,-1,2,-1
2015440080003,3,9,0,4,0,0,0,0,0,0,2,1,6,2,34,6,-1,-1,-1,-1,2,-1
2015440080216,1,9,0,1,9,8,0,0,0,0,2,1,6,2,66,10,1596,1,10,-1,1,-1
2015440080368,1,1,0,18,4,0,0,0,0,0,3,1,6,1,34,6,-1,-1,-1,-1,1,-1
2015440080368,2,90,0,13,0,0,0,0,0,0,4,1,1,1,-1,-1,4500,2,1,-1,-1,-1
2015440080601,1,9,0,9,0,5,0,0,0,0,4,1,6,1,32,6,1587,1,14,-1,1,-1
2015440080601,2,1,0,18,0,1,0,0,0,0,1,1,6,1,58,9,-1,-1,-1,-1,1,-1
2015440080628,1,9,0,8,0,1,0,0,0,0,2,1,6,2,63,9,1598,1,8,-1,1,-1
2015440080628,2,9,0,18,0,1,0,0,0,0,1,1,6,2,17,4,-1,-1,-1,-1,2,-1
2015440080823,1,9,0,5,0,2,5,0,2,10,4,1,6,1,81,11,-1,-1,-1,-1,1,-1
2015440080937,1,11,0,1,9,8,0,0,0,0,2,1,1,1,50,8,-1,-1,-1,-1,1,-1
2015440080946,1,97,0,3,0,8,0,9,0,0,2,1,6,1,67,10,-1,-1,-1,-1,1,-1
2015440080946,2,9,0,18,0,8,0,0,0,0,1,1,6,1,-1,-1,1948,1,14,-1,1,-1
2015440081053,1,1,0,18,0,8,0,0,0,0,3,1,6,1,46,8,-1,-1,-1,-1,1,-1
2015440081053,2,9,0,9,0,8,0,0,0,0,1,1,6,3,-1,-1,1598,1,5,-1,-1,-1
2015440081197,1,19,0,16,0,0,0,0,0,0,1,1,1,1,54,8,1560,2,1,-1,2,-1
2015440081197,2,9,0,17,0,0,0,0,0,0,1,1,1,2,41,7,-1,-1,-1,-1,3,-1
2015440081255,1,9,0,14,0,1,0,0,0,0,1,1,2,1,50,8,1956,2,1,-1,1,-1
2015440081255,2,9,0,9,0,5,0,10,0,0,3,1,6,2,38,7,996,1,2,-1,1,-1
2015440081257,1,9,0,5,0,8,0,0,0,0,1,1,6,2,38,7,1986,2,9,-1,1,-1
2015440081257,2,9,0,18,0,8,0,0,0,0,3,1,6,2,52,8,-1,-1,-1,-1,1,-1
2015440081292,1,9,0,9,0,6,0,0,0,0,3,1,6,1,29,6,1198,1,6,-1,1,-1
2015440081292,2,5,0,18,0,1,0,0,0,0,1,1,2,1,30,6,638,1,11,-1,1,-1
2015440081296,1,9,0,16,0,1,1,0,0,0,1,1,6,1,27,6,-1,-1,-1,-1,1,-1
2015440081296,2,9,0,10,0,1,0,0,0,0,2,1,2,2,53,8,-1,-1,-1,-1,3,-1
2015440081296,3,9,0,18,0,1,0,0,0,0,3,1,1,1,49,8,-1,-1,-1,-1,1,-1
2015440081314,1,9,0,9,0,6,0,0,0,0,3,1,2,2,52,8,1896,2,6,-1,1,-1
2015440081314,2,4,0,13,0,1,0,0,0,0,1,1,6,1,21,5,398,1,22,-1,1,-1
2015440081323,1,9,0,9,0,6,0,0,0,0,3,1,2,1,22,5,1124,1,10,-1,1,-1
2015440081323,2,1,0,18,0,1,0,0,0,0,1,1,2,2,55,8,-1,-1,-1,-1,2,-1
2015440081422,1,9,0,16,0,2,1,0,1,2,1,1,6,1,41,7,2496,2,13,-1,1,-1
2015440081454,1,9,0,18,0,1,0,0,0,0,1,1,6,1,19,4,1590,1,11,-1,1,-1
2015440081454,2,9,0,7,0,1,0,0,1,11,2,1,6,1,55,8,1798,1,7,-1,1,-1
2015440081511,1,9,0,18,0,0,5,0,4,6,4,1,6,1,44,7,-1,-1,-1,-1,1,-1
2015440081744,1,1,0,18,0,0,0,0,0,0,3,1,1,1,41,7,-1,-1,-1,-1,1,-1
2015440081744,2,19,0,13,0,0,0,0,0,0,4,1,6,1,23,5,1968,2,2,-1,1,-1
2015440081772,1,9,0,18,0,1,0,0,0,0,1,1,1,1,48,8,1968,2,1,-1,1,-1
2015440081772,2,9,0,3,0,1,0,0,0,0,2,1,2,1,61,9,-1,-1,-1,-1,1,-1
2015440081772,3,21,0,10,0,1,0,0,0,0,2,1,1,1,47,8,-1,-1,-1,-1,1,-1
2015440081790,1,19,0,18,0,1,0,0,0,0,4,1,6,1,40,7,-1,-1,-1,-1,1,-1
2015440081803,1,1,0,15,0,1,0,0,0,0,3,1,6,2,18,4,-1,-1,-1,-1,1,-1
2015440081803,2,9,0,7,0,8,0,0,0,0,4,1,6,1,65,9,1596,1,2,-1,1,-1
2015440081814,1,9,0,18,0,0,0,0,0,0,1,1,2,2,32,6,998,1,1,-1,1,-1
2015440081814,2,19,0,18,0,0,0,0,0,0,1,1,2,2,47,8,1686,2,11,-1,1,-1
2015440081814,3,9,0,4,0,0,0,0,0,0,2,1,2,2,25,5,999,1,10,-1,1,-1
2015440081814,4,9,0,4,0,0,0,0,0,0,2,1,2,2,41,7,2143,2,5,-1,1,-1
2015440082034,1,19,0,1,0,1,0,0,0,0,2,1,1,1,49,8,1248,2,4,-1,1,-1
2015440082043,1,3,0,7,0,8,0,0,0,0,4,1,6,1,28,6,125,1,4,-1,1,-1
2015440082066,1,11,0,16,0,8,0,0,0,0,4,1,1,3,-1,-1,6696,2,2,-1,-1,-1
2015440082068,1,3,0,14,0,1,0,0,0,0,3,1,2,1,62,9,980,1,37,-1,1,-1
2015440082068,2,9,0,9,0,5,0,0,0,0,1,1,6,2,33,6,1560,2,4,-1,2,-1
2015440082711,1,1,0,18,0,0,0,0,0,0,1,1,6,1,19,4,-1,-1,-1,-1,1,-1
2015440082723,1,9,0,7,0,6,0,0,0,0,3,1,6,2,23,5,1242,1,8,-1,1,-1
2015440082723,2,9,0,18,0,1,0,0,0,0,1,1,6,2,26,6,1397,1,5,-1,1,-1
2015440082788,1,9,0,12,0,8,0,0,0,0,3,1,6,2,26,6,1200,1,1,-1,1,-1
2015440082788,2,3,0,11,0,8,0,0,0,0,2,1,6,1,45,7,124,1,1,-1,1,-1
2015440082858,1,2,0,4,0,0,0,0,0,0,1,1,6,1,21,5,49,1,10,-1,1,-1
2015440082858,2,9,0,4,0,0,0,0,0,0,2,1,6,1,21,5,1985,1,14,-1,3,-1
2015440082864,1,19,0,18,0,0,1,0,0,0,4,1,6,3,-1,-1,2287,2,1,-1,-1,-1
2015440083084,1,1,0,18,0,1,1,0,0,0,0,1,1,1,34,6,-1,-1,-1,-1,1,-1
2015440083116,1,1,0,18,0,8,0,0,0,0,1,1,4,1,15,3,-1,-1,-1,-1,1,-1
2015440083116,2,9,0,18,0,8,0,0,0,0,4,1,3,1,43,7,1598,1,12,-1,1,-1
2015440083163,1,9,0,18,0,0,0,0,4,6,4,1,1,2,63,9,1796,1,9,-1,1,-1
2015440083163,2,9,0,18,0,0,0,0,0,0,1,1,6,3,-1,-1,-1,-1,-1,-1,-1,-1
2015440083199,1,1,0,15,0,0,0,0,0,0,3,1,2,1,45,7,-1,-1,-1,-1,1,-1
2015440083199,2,9,0,4,0,0,0,0,0,0,4,1,1,1,34,6,1896,2,9,-1,1,-1
2015440083204,1,9,0,1,0,0,0,10,1,4,2,1,3,2,37,7,1086,1,10,-1,2,-1
2015440083341,1,9,0,3,0,1,0,0,0,0,2,1,3,2,34,6,-1,-1,-1,-1,1,-1
2015440083341,2,9,0,18,0,1,0,0,0,0,1,1,3,2,38,7,-1,-1,-1,-1,1,-1
2015440083364,1,9,0,9,0,8,0,7,1,1,4,1,1,1,73,10,2400,2,5,-1,2,-1
2015440083364,2,9,0,18,0,8,1,0,1,0,1,1,6,1,35,6,-1,-1,-1,-1,2,-1
2015440083454,1,19,0,12,0,0,0,0,0,0,3,1,1,1,33,6,1753,2,2,-1,1,-1
2015440083454,2,5,0,13,0,0,0,0,7,0,4,1,6,1,51,8,1832,1,14,-1,1,-1
2015440083939,1,9,0,9,0,8,0,0,0,0,3,1,6,1,71,10,1595,1,6,-1,1,-1
2015440083939,2,3,0,18,0,8,0,0,0,0,1,1,2,1,53,8,124,1,10,-1,1,-1
2015440083952,1,9,0,7,0,8,0,0,0,0,1,1,6,1,-1,-1,-1,-1,-1,-1,-1,-1
2015440083952,2,22,0,18,0,8,0,0,0,0,4,1,6,1,83,11,-1,-1,-1,-1,1,-1
2015440084016,1,9,0,9,0,8,0,0,0,0,3,1,6,2,28,6,1360,1,12,-1,1,-1
2015440084016,2,9,0,18,0,8,0,0,0,0,4,1,6,1,26,6,1360,1,12,-1,1,-1
2015440084026,1,9,0,9,0,8,0,0,1,0,4,1,6,1,18,4,-1,-1,-1,-1,2,-1
2015440084026,2,19,0,18,0,5,0,0,0,0,1,1,2,1,56,9,2400,2,13,-1,1,-1
2015440084136,1,1,0,18,0,8,0,0,0,0,4,1,2,1,37,7,-1,-1,-1,-1,1,-1
2015440084136,2,9,0,7,0,8,0,0,0,0,1,1,6,1,57,9,1910,2,7,-1,1,-1
2015440084221,1,19,0,18,0,0,0,0,0,0,1,1,6,1,18,4,1753,2,12,-1,1,-1
2015440084221,2,1,0,18,0,0,0,0,1,0,2,1,6,1,45,7,-1,-1,-1,-1,1,-1
2015440084426,1,3,0,4,0,1,0,0,0,0,1,1,2,1,26,6,125,1,7,-1,1,-1