Accident_Index,Vehicle_Reference,Vehicle_Type,Towing_and_Articulation,Vehicle_Manoeuvre,Vehicle_Location-Restricted_Lane,Junction_Location,Skidding_and_Overturning,Hit_Object_in_Carriageway,Vehicle_Leaving_Carriageway,Hit_Object_off_Carriageway,1st_Point_of_Impact,Was_Vehicle_Left_Hand_Drive?,Journey_Purpose_of_Driver,Sex_of_Driver,Age_of_Driver,Age_Band_of_Driver,Engine_Capacity_(CC),Propulsion_Code,Age_of_Vehicle,Driver_IMD_Decile,Driver_Home_Area_Type,Vehicle_IMD_Decile
2015440084426,2,9,0,4,0,1,0,0,0,0,2,1,2,1,50,8,1596,1,6,-1,1,-1
2015440084439,1,9,0,18,0,0,0,0,4,0,1,1,1,1,62,9,1598,1,3,-1,2,-1
2015440084439,2,9,0,18,0,0,0,0,0,0,2,1,1,1,60,9,-1,-1,-1,-1,1,-1
2015440084597,1,19,0,7,0,8,0,0,0,0,1,1,2,2,34,6,1896,2,11,-1,1,-1
2015440084597,2,1,0,18,0,8,0,0,0,0,4,1,6,1,17,4,-1,-1,-1,-1,1,-1
2015440084897,1,9,0,18,0,2,0,0,0,0,3,1,6,2,72,10,3199,1,23,-1,3,-1
2015440085217,1,1,0,18,0,0,0,0,0,0,1,1,6,1,21,5,-1,-1,-1,-1,1,-1
2015440085217,2,9,0,4,0,0,0,0,0,0,2,1,6,2,51,8,1999,1,4,-1,2,-1
2015440085287,1,9,0,17,0,0,0,0,1,3,1,1,6,2,38,7,1124,1,15,-1,1,-1
2015440085602,1,9,0,18,0,0,5,0,0,0,0,1,2,1,29,6,-1,-1,-1,-1,1,-1
2015440085808,1,9,0,18,0,0,0,0,1,0,1,1,1,1,36,7,1796,1,2,-1,-1,-1
2015440085808,2,9,0,4,0,0,0,0,0,0,2,1,1,1,36,7,-1,-1,-1,-1,1,-1
2015440086005,1,9,0,16,0,0,2,0,1,11,1,1,2,2,22,5,-1,-1,-1,-1,3,-1
2015440086186,1,9,0,18,0,0,5,0,0,0,1,1,6,1,73,10,1591,1,2,-1,1,-1
2015440086186,2,9,0,2,0,0,0,0,0,0,2,1,6,3,-1,-1,-1,-1,-1,-1,-1,-1
2015440086186,3,9,0,2,0,0,0,0,0,0,2,1,6,3,-1,-1,-1,-1,-1,-1,-1,-1
2015440086242,1,11,0,5,0,1,0,0,0,0,0,1,1,1,-1,-1,7300,2,10,-1,-1,-1
2015440086450,1,9,0,17,0,8,0,10,1,0,4,1,1,1,18,4,1995,2,-1,-1,1,-1
2015440086462,1,9,0,9,0,8,0,0,0,0,1,1,2,1,55,8,3498,1,7,-1,1,-1
2015440086462,2,2,0,3,0,1,0,0,0,0,1,1,6,1,38,7,50,1,7,-1,1,-1
2015440087129,1,9,0,18,0,0,5,10,1,0,3,1,6,1,25,5,1299,1,9,-1,1,-1
2015440087208,1,9,0,13,0,8,0,0,7,10,1,1,1,2,28,6,-1,-1,-1,-1,3,-1
2015440087208,2,9,0,9,0,8,0,0,0,0,3,1,6,1,49,8,1329,1,6,-1,1,-1
2015440087208,3,10,0,2,0,2,0,0,0,0,3,1,6,3,-1,-1,-1,-1,-1,-1,-1,-1
2015440087306,1,1,0,18,0,0,0,0,0,0,3,1,6,1,56,9,-1,-1,-1,-1,1,-1
2015440087306,2,9,0,13,0,0,0,0,0,0,4,1,6,2,47,8,-1,-1,-1,-1,1,-1
2015440087394,1,9,0,18,0,1,0,0,0,0,1,1,6,1,31,6,1598,1,20,-1,2,-1
2015440087394,2,17,0,9,0,6,0,0,0,0,3,1,1,1,52,8,3387,2,2,-1,3,-1
2015440087469,1,9,0,18,0,0,0,0,0,0,1,1,6,1,52,8,1349,1,-1,-1,3,-1
2015440087469,2,5,0,13,0,0,1,0,0,0,1,1,6,1,50,8,919,1,11,-1,1,-1
2015440087482,1,9,0,3,0,1,0,0,0,0,2,1,6,1,42,7,1390,1,5,-1,1,-1
2015440087482,2,9,0,18,0,1,0,0,0,0,1,1,6,3,-1,-1,-1,-1,-1,-1,-1,-1
2015440087511,1,9,0,9,0,8,0,0,4,6,4,1,6,1,66,10,1461,2,7,-1,-1,-1
2015440087511,2,19,0,18,0,8,0,0,0,0,1,1,6,1,22,5,1910,2,11,-1,1,-1
2015440087511,3,9,0,3,0,8,0,0,0,0,3,1,6,1,19,4,1598,1,3,-1,1,-1
2015440087628,1,3,0,17,0,8,0,0,0,0,0,1,6,1,17,4,123,1,-1,-1,1,-1
2015440087628,2,9,0,13,0,8,0,0,0,0,0,1,6,3,-1,-1,-1,-1,-1,-1,-1,-1
2015440087692,1,9,0,4,0,0,0,0,1,0,2,1,6,1,44,7,-1,-1,-1,-1,1,-1
2015440087692,2,9,0,18,0,0,0,0,0,0,1,1,6,2,30,6,1995,2,13,-1,1,-1
2015440088051,1,3,0,18,0,0,0,0,0,0,3,1,6,1,19,4,125,1,4,-1,1,-1
2015440088090,1,9,0,18,0,1,0,0,0,0,1,1,6,1,23,5,1995,2,7,-1,1,-1
2015440088197,1,9,0,18,0,0,5,0,7,0,1,1,6,1,25,5,1149,1,17,-1,3,-1
2015440088435,1,9,0,4,0,7,0,0,0,0,2,1,6,1,68,10,1560,2,2,-1,3,-1
2015440088435,2,9,0,3,0,8,0,0,0,0,0,1,6,2,58,9,1360,1,11,-1,1,-1
2015440088435,3,9,0,18,0,1,0,0,0,0,1,1,6,1,63,9,1997,2,6,-1,3,-1
2015440088533,1,9,0,9,0,8,0,0,0,0,1,1,6,1,-1,-1,1997,2,12,-1,-1,-1
2015440088533,2,1,0,18,0,8,0,0,0,0,2,1,6,2,51,8,-1,-1,-1,-1,1,-1
2015440088896,1,1,0,18,0,1,0,0,0,0,4,1,6,1,23,5,-1,-1,-1,-1,1,-1
2015440088896,2,9,0,7,0,8,0,0,0,0,1,1,6,3,-1,-1,-1,-1,-1,-1,-1,-1
2015440088909,1,9,0,18,0,0,0,0,0,0,1,1,6,1,18,4,1242,1,8,-1,1,-1
2015440088909,2,9,0,18,0,0,0,0,1,0,1,1,6,1,58,9,1988,2,10,-1,3,-1
2015440089035,1,19,0,18,0,8,0,0,0,0,1,1,1,1,38,7,1870,2,9,-1,1,-1
2015440089035,2,9,0,18,0,8,0,0,0,0,4,1,2,1,54,8,-1,-1,-1,-1,1,-1
2015440089085,1,9,0,9,0,5,0,0,0,0,3,1,2,1,54,8,1598,1,7,-1,1,-1
2015440089085,2,4,0,13,0,1,0,0,0,0,1,1,2,1,19,4,250,1,1,-1,1,-1
2015440089093,1,3,0,13,0,1,0,0,0,0,1,1,2,1,21,5,125,1,4,-1,1,-1
2015440089346,1,9,0,18,0,1,0,0,0,0,1,1,2,2,50,8,1242,1,19,-1,1,-1
2015440089346,2,9,0,9,0,8,0,0,0,0,3,1,3,2,28,6,1086,1,11,-1,1,-1
2015440089461,1,19,0,18,0,1,0,0,0,0,1,1,6,3,-1,-1,-1,-1,-1,-1,2,-1
2015440089471,1,9,0,9,0,8,0,0,0,0,3,1,2,2,23,5,998,1,6,-1,1,-1
2015440089669,1,9,0,9,0,8,0,0,0,0,4,1,6,1,26,6,1896,2,12,-1,1,-1
2015440089669,2,9,0,5,0,4,0,0,0,0,1,1,6,3,-1,-1,-1,-1,-1,-1,-1,-1
2015440089675,1,9,0,4,0,1,0,0,0,0,1,1,6,1,37,7,1390,1,14,-1,1,-1
2015440089675,2,1,0,18,0,8,0,0,0,0,3,1,6,1,13,3,-1,-1,-1,-1,1,-1
2015440089822,1,9,0,3,0,0,0,0,0,0,2,1,6,1,33,6,-1,-1,-1,-1,1,-1
2015440089822,2,9,0,18,0,0,0,0,0,0,1,1,6,2,24,5,1781,1,15,-1,1,-1
2015440089837,1,19,0,9,0,6,0,0,0,0,3,1,6,1,36,7,1560,2,4,-1,1,-1
2015440089837,2,1,0,18,0,1,0,0,0,0,1,1,6,1,38,7,-1,-1,-1,-1,1,-1
2015440089845,1,9,0,7,0,8,0,0,0,0,3,1,6,1,18,4,2967,2,1,-1,-1,-1
2015440089845,2,1,0,18,0,8,0,0,0,0,1,1,6,1,48,8,-1,-1,-1,-1,3,-1
2015440089877,1,9,0,18,0,0,0,0,0,0,3,1,6,2,41,7,1596,1,3,-1,2,-1
2015440089877,2,9,0,18,0,0,0,0,0,0,3,1,6,2,37,7,1900,2,16,-1,2,-1
2015440089877,3,9,0,18,0,0,0,0,0,0,1,1,3,2,37,7,1598,2,3,-1,1,-1
2015440089945,1,1,0,18,0,0,0,0,0,0,1,1,6,2,48,8,-1,-1,-1,-1,1,-1
2015440090045,1,9,0,1,0,0,0,0,1,11,2,1,6,1,81,11,1400,1,9,-1,1,-1
2015440090267,1,9,0,18,0,0,0,0,0,0,4,1,6,3,-1,-1,-1,-1,-1,-1,-1,-1
2015440090340,1,9,0,9,0,8,0,0,0,0,1,1,3,2,34,6,1984,1,9,-1,1,-1
2015440090340,2,1,0,18,0,8,1,0,0,0,4,1,6,1,43,7,-1,-1,-1,-1,1,-1
2015440090342,1,3,0,18,0,0,1,0,0,0,1,1,1,1,30,6,798,1,9,-1,1,-1
2015440090595,1,1,0,18,0,0,0,0,0,0,1,1,6,1,14,3,-1,-1,-1,-1,1,-1
2015440090789,1,9,0,18,0,0,0,0,0,0,1,1,6,3,-1,-1,1796,1,9,-1,-1,-1
2015440090888,1,9,0,13,0,0,0,0,0,0,3,1,1,2,38,7,1998,2,4,-1,3,-1
2015440090888,2,5,0,13,0,0,0,0,7,0,4,1,2,1,56,9,373,1,2,-1,1,-1
2015440091024,1,9,0,5,0,4,0,0,0,0,4,1,3,2,21,5,1397,1,12,-1,1,-1
2015440091024,2,1,0,5,0,4,0,0,0,0,3,1,6,1,72,10,-1,-1,-1,-1,1,-1
2015440091026,1,9,0,9,0,5,0,0,0,0,4,1,6,2,48,8,1995,2,2,-1,1,-1
2015440091026,2,1,0,18,0,1,0,0,0,0,1,1,2,2,44,7,-1,-1,-1,-1,1,-1
2015440091157,1,9,0,3,0,1,0,0,0,0,2,1,2,2,29,6,1248,1,3,-1,1,-1
2015440091157,2,9,0,18,0,1,0,0,0,0,1,1,6,1,-1,-1,2835,2,20,-1,-1,-1
2015440091400,1,9,0,7,0,6,0,0,0,0,0,1,6,1,75,10,1364,1,8,-1,1,-1
2015440091400,2,5,0,18,0,1,0,0,0,0,0,1,2,1,26,6,998,1,4,-1,1,-1
2015440091449,1,9,0,5,0,8,0,0,0,0,3,1,6,2,18,4,1388,1,10,-1,2,-1
2015440091449,2,9,0,18,0,1,0,0,0,0,1,1,2,1,53,8,2143,2,3,-1,3,-1
2015440091475,1,9,0,18,0,8,0,0,0,0,1,1,6,2,82,11,1686,2,13,-1,-1,-1
2015440091475,2,9,0,18,0,8,0,0,0,0,1,1,6,3,-1,-1,1910,2,9,-1,-1,-1
2015440091478,1,9,0,17,0,0,1,0,1,4,1,1,2,1,33,6,1388,1,8,-1,1,-1
2015440091511,1,9,0,18,0,0,1,0,7,4,3,1,6,1,21,5,-1,-1,-1,-1,1,-1
2015440091674,1,9,0,18,0,0,2,0,7,4,4,1,6,1,18,4,-1,-1,-1,-1,1,-1
2015440092136,1,9,0,18,0,0,0,0,0,0,1,1,6,2,22,5,1149,1,4,-1,3,-1
2015440092167,1,9,0,7,0,8,0,0,0,0,1,1,6,1,-1,-1,1360,1,9,-1,-1,-1
2015440092167,2,1,0,18,0,2,0,0,0,0,2,1,6,1,21,5,-1,-1,-1,-1,1,-1
2015440092241,1,9,0,2,9,0,0,0,0,0,0,1,3,1,32,6,1598,1,7,-1,1,-1
2015440092298,1,9,0,5,0,1,0,0,0,0,1,1,1,1,38,7,1956,2,5,-1,1,-1
2015440092298,2,9,0,3,0,1,0,0,0,0,2,1,1,2,30,6,1399,2,5,-1,1,-1
2015440092417,1,9,0,10,0,0,0,0,0,0,2,1,6,2,27,6,1242,1,14,-1,1,-1
2015440092417,2,9,0,3,0,0,0,0,0,0,2,1,6,2,52,8,1998,1,12,-1,1,-1
2015440092417,3,9,0,3,0,0,0,0,0,0,2,1,1,1,21,5,1398,1,-1,-1,1,-1
2015440092417,4,9,0,18,0,0,0,0,0,0,1,1,1,1,24,5,1685,2,1,-1,1,-1
2015440092566,1,9,0,18,0,8,0,0,0,0,3,1,6,1,51,8,1596,1,2,-1,1,-1
2015440092566,2,9,0,18,0,8,0,0,0,0,1,1,6,1,40,7,2401,2,10,-1,1,-1
2015440092587,1,9,0,1,0,0,0,0,0,0,2,1,6,1,25,5,1968,2,10,-1,1,-1
2015440092587,2,9,0,1,0,0,0,0,0,0,2,1,6,1,32,6,1495,1,14,-1,1,-1
2015440092717,1,1,0,18,0,0,0,0,0,0,3,1,2,1,56,9,-1,-1,-1,-1,1,-1
2015440092717,2,19,0,13,0,0,0,0,0,0,4,1,6,1,-1,-1,-1,-1,-1,-1,-1,-1
2015440092762,1,11,0,18,0,2,0,0,0,0,1,1,1,1,62,9,4461,2,2,-1,1,-1
2015440093109,1,9,0,7,0,8,0,0,0,0,3,1,2,2,47,8,1988,1,13,-1,1,-1
2015440093109,2,1,0,17,0,8,0,0,0,0,1,1,2,1,54,8,-1,-1,-1,-1,1,-1
2015440093113,1,9,0,12,0,0,0,0,0,0,3,1,3,2,34,6,1598,1,8,-1,1,-1
2015440093113,2,3,0,13,0,0,1,0,0,0,4,1,2,1,45,7,125,1,4,-1,1,-1
2015440093530,1,97,0,4,0,8,0,0,0,0,1,1,6,1,71,10,-1,-1,-1,-1,1,-1
2015440093530,2,5,0,4,0,8,0,0,0,0,1,1,6,1,56,9,1600,1,4,-1,2,-1
2015440093530,3,5,0,4,0,8,0,0,0,0,2,1,6,1,46,8,-1,-1,-1,-1,1,-1
2015440093719,1,9,0,18,0,0,5,0,1,11,1,1,6,1,91,11,1598,1,16,-1,1,-1
2015440093858,1,9,0,18,9,0,0,0,1,0,1,1,6,2,91,11,1242,1,16,-1,1,-1
2015440093954,1,9,0,7,0,8,0,0,0,0,2,1,6,2,40,7,-1,-1,-1,-1,3,-1
2015440093954,2,9,0,18,0,8,0,0,0,0,1,1,6,3,-1,-1,1275,1,15,-1,-1,-1
2015440094536,1,5,0,16,0,0,1,0,0,0,4,1,2,1,22,5,645,1,5,-1,-1,-1
2015440094540,1,9,0,18,0,0,0,0,1,0,4,1,6,1,26,6,1995,2,7,-1,1,-1
2015440094540,2,9,0,2,6,0,0,0,0,0,3,1,1,1,58,9,2191,2,1,-1,1,-1
2015440094553,1,9,0,18,0,8,0,0,0,0,3,1,6,1,79,11,2967,1,16,-1,1,-1
2015440094596,1,11,0,18,0,8,0,0,0,0,3,1,1,2,22,5,4461,2,1,-1,1,-1
2015440094596,2,9,0,18,0,8,0,0,0,0,1,1,6,2,46,8,-1,-1,-1,-1,1,-1
2015440094703,1,9,0,5,0,8,0,0,0,0,1,1,6,1,28,6,1598,1,15,-1,1,-1
2015440094703,2,9,0,18,0,8,0,0,0,0,4,1,6,1,30,6,-1,-1,-1,-1,1,-1
2015440094705,1,9,0,7,0,8,0,0,0,0,1,1,6,2,58,9,1896,2,10,-1,1,-1
2015440094705,2,9,0,4,0,8,0,0,0,0,3,1,6,2,39,7,1595,1,2,-1,1,-1
2015440094905,1,2,0,3,0,1,0,0,0,0,2,1,6,2,17,4,124,1,6,-1,1,-1
2015440094905,2,9,0,5,0,1,0,0,0,0,1,1,6,1,77,11,1797,1,1,-1,1,-1
2015440094923,1,9,0,18,0,8,0,0,0,0,4,1,6,1,72,10,1995,2,2,-1,1,-1
2015440094923,2,9,0,9,0,8,0,0,0,0,1,1,6,1,48,8,-1,-1,-1,-1,2,-1
2015440094993,1,19,0,18,0,0,0,0,0,0,4,1,1,1,59,9,2198,2,1,-1,1,-1
2015440095080,1,9,0,18,0,1,0,0,0,0,4,1,6,2,36,7,3000,2,6,-1,1,-1
2015440095096,1,19,0,9,0,8,0,0,0,0,1,1,6,1,34,6,2151,2,11,-1,2,-1
2015440095096,2,9,0,18,0,8,0,0,0,0,3,1,6,2,45,7,2143,2,3,-1,3,-1
2015440095181,1,9,0,18,0,0,0,0,0,0,1,1,6,2,45,7,1796,1,13,-1,1,-1
2015440095215,1,5,0,13,0,0,1,0,0,0,1,1,6,1,48,8,1000,1,14,-1,1,-1
2015440095215,2,9,0,18,0,0,0,0,0,0,0,1,6,1,69,10,1753,2,11,-1,1,-1
2015440095306,1,9,0,17,0,0,0,0,1,9,4,1,6,2,50,8,-1,-1,-1,-1,1,-1
2015440095338,1,9,0,6,0,0,0,0,0,0,3,1,6,2,44,7,999,1,2,-1,1,-1
2015440095338,2,5,0,13,0,0,0,0,0,0,1,1,6,1,22,5,645,1,7,-1,1,-1
2015440095349,1,9,0,18,0,1,0,0,0,0,1,1,6,3,-1,-1,-1,-1,-1,-1,-1,-1
2015440095355,1,9,0,18,0,0,2,7,0,0,1,1,1,1,51,8,1339,1,10,-1,1,-1
2015440095486,1,9,0,17,0,0,1,0,1,4,1,1,6,1,24,5,973,1,15,-1,1,-1
2015440095669,1,9,0,16,0,0,2,0,8,4,3,1,6,1,23,5,-1,-1,-1,-1,3,-1
2015440095714,1,19,4,18,0,0,0,0,0,0,0,1,6,1,33,6,2463,2,9,-1,3,-1
2015440095714,2,19,0,12,0,0,0,11,0,0,1,1,6,1,45,7,2477,2,9,-1,1,-1
2015440095835,1,9,0,18,0,1,5,0,1,0,3,1,6,1,24,5,-1,-1,-1,-1,1,-1
2015440096071,1,9,0,18,0,1,0,0,0,0,1,1,6,2,74,10,998,1,11,-1,1,-1
2015440096147,1,9,0,18,0,0,0,0,0,0,1,1,6,2,51,8,1248,2,1,-1,1,-1
2015440096147,2,9,0,4,0,0,0,0,0,0,2,1,6,1,-1,-1,1997,2,13,-1,1,-1
2015440096147,3,9,0,4,0,0,0,0,0,0,2,1,6,2,-1,-1,1598,2,2,-1,1,-1
2015440096148,1,9,0,18,0,1,0,0,0,0,1,1,6,2,28,6,1997,1,13,-1,1,-1
2015440096148,2,19,0,3,0,1,0,0,0,0,2,1,6,1,29,6,1560,2,3,-1,3,-1
2015440096176,1,5,0,9,0,8,0,0,0,0,3,1,6,1,54,8,999,1,5,-1,1,-1
2015440096598,1,9,0,18,0,8,0,0,0,0,4,1,6,1,29,6,1497,8,1,-1,1,-1
2015440096598,2,1,0,18,0,8,0,0,0,0,1,1,6,1,25,5,-1,-1,-1,-1,-1,-1
2015440096716,1,9,0,18,0,0,0,0,1,4,1,1,6,1,21,5,1398,1,5,-1,1,-1
2015440097149,1,9,0,4,0,8,1,0,5,6,4,1,6,1,47,8,1149,1,14,-1,1,-1
2015440097149,2,9,0,18,0,8,0,0,0,0,1,1,6,2,68,10,1598,1,15,-1,1,-1
2015440097149,3,5,0,18,0,8,0,0,0,0,4,1,6,2,43,7,498,1,12,-1,1,-1
2015440097149,4,5,0,18,0,8,0,0,0,0,1,1,6,1,62,9,-1,-1,-1,-1,1,-1
2015440097213,1,9,0,5,0,8,0,0,3,4,1,1,6,1,50,8,1595,1,15,-1,1,-1
2015440097260,1,9,0,7,0,8,0,0,0,0,3,1,6,1,76,11,-1,-1,-1,-1,1,-1
2015440097260,2,5,0,18,0,8,1,0,0,0,1,1,6,1,54,8,599,1,16,-1,1,-1
2015440097339,1,9,0,3,0,1,0,0,0,0,2,1,6,1,-1,-1,1560,2,4,-1,1,-1
2015440097339,2,9,0,3,0,1,0,0,0,0,2,1,6,1,71,10,3175,1,14,-1,3,-1
2015440097339,3,9,0,18,0,1,0,0,0,0,1,1,6,1,67,10,1461,2,3,-1,1,-1
2015440097366,1,9,0,18,0,0,0,0,0,4,1,1,6,1,25,5,1984,1,14,-1,1,-1
2015440097513,1,8,0,18,0,0,0,0,0,0,1,1,1,3,-1,-1,1896,2,7,-1,-1,-1
2015440097513,2,9,0,2,0,0,0,0,0,0,3,1,6,3,-1,-1,1229,1,10,-1,-1,-1
2015440098000,1,9,0,10,0,1,0,0,0,0,2,1,6,2,62,9,2993,2,11,-1,1,-1
2015440098000,2,9,0,18,0,1,0,0,0,0,1,1,6,2,77,11,1490,1,5,-1,1,-1
2015440098082,1,19,0,3,0,1,0,0,0,0,2,1,6,1,36,7,1896,2,7,-1,2,-1
2015440098082,2,9,0,3,0,1,0,0,0,0,2,1,6,1,62,9,1896,2,14,-1,2,-1
2015440098082,3,9,0,18,0,1,0,0,0,0,1,1,6,2,66,10,1991,1,1,-1,1,-1
2015440098173,1,9,0,18,0,0,0,0,0,0,1,1,2,1,39,7,-1,-1,-1,-1,1,-1
2015440098173,2,9,0,18,0,0,0,0,0,0,1,1,6,2,43,7,1988,1,10,-1,1,-1
2015440098362,1,9,0,5,0,8,0,0,0,0,1,1,1,2,61,9,1596,1,7,-1,1,-1
2015440098362,2,1,0,17,0,8,0,0,0,0,2,1,6,1,33,6,-1,-1,-1,-1,1,-1
2015440098372,1,21,0,18,0,0,0,0,0,0,1,1,1,1,41,7,4461,2,7,-1,2,-1
2015440098585,1,19,0,3,0,2,0,0,0,0,2,1,1,1,59,9,1753,2,3,-1,1,-1
2015440098585,2,9,0,4,0,2,0,0,0,0,1,1,6,2,23,5,1198,1,3,-1,1,-1
2015440098802,1,9,0,9,0,8,0,0,0,0,1,1,6,1,62,9,1968,2,6,-1,1,-1
2015440098802,2,1,0,18,0,8,0,0,0,0,1,1,6,2,30,6,-1,-1,-1,-1,1,-1
2015440098852,1,9,0,18,0,0,0,0,0,0,0,1,6,1,20,4,3059,2,17,-1,3,-1
2015440098867,1,9,0,18,0,0,0,0,1,10,0,1,6,2,25,5,1360,1,16,-1,2,-1
2015440098867,2,9,0,18,0,0,0,0,0,0,0,1,6,3,-1,-1,-1,-1,-1,-1,-1,-1
2015440098880,1,3,0,4,0,0,0,0,0,0,1,1,6,1,18,4,124,1,8,-1,1,-1
2015440099179,1,9,0,9,0,8,0,0,0,0,3,1,1,1,37,7,3311,8,8,-1,1,-1
2015440099179,2,1,0,18,0,2,0,0,0,0,1,1,4,2,11,3,-1,-1,-1,-1,1,-1
2015440099206,1,9,0,9,0,2,0,0,0,0,1,1,1,1,43,7,1910,2,10,-1,1,-1
2015440099253,1,9,0,18,0,0,0,0,1,4,1,1,2,1,39,7,-1,-1,-1,-1,3,-1
2015440099298,1,9,0,18,0,0,0,0,0,0,1,1,2,1,39,7,1598,2,3,-1,1,-1
2015440099298,2,9,0,3,0,0,0,0,0,0,2,1,6,2,62,9,1995,2,13,-1,1,-1
2015440099298,3,9,0,3,0,0,0,0,0,0,2,1,6,1,57,9,2188,2,10,-1,1,-1
2015440099298,4,19,0,3,0,0,0,0,0,0,2,1,2,1,22,5,1560,2,4,-1,1,-1
2015440099351,1,9,0,9,0,8,0,0,0,0,3,1,6,2,40,7,1598,1,10,-1,1,-1
2015440099351,2,1,0,18,0,1,0,0,0,0,1,1,6,1,73,10,-1,-1,-1,-1,1,-1
2015440099480,1,9,0,8,0,1,0,0,0,0,1,1,6,2,66,10,-1,-1,-1,-1,1,-1
2015440099480,2,9,0,7,0,8,0,0,0,0,1,1,6,3,-1,-1,1598,1,13,-1,-1,-1
2015440099535,1,9,0,18,0,0,0,0,0,0,1,1,6,2,52,8,1749,1,12,-1,2,-1
2015440099535,2,9,0,18,0,0,0,0,0,0,1,1,6,1,-1,-1,-1,-1,-1,-1,-1,-1
2015440099583,1,8,0,9,0,8,0,0,0,0,1,1,1,1,32,6,1910,2,7,-1,1,-1
2015440099670,1,19,0,7,0,4,0,0,0,0,3,1,1,1,25,5,1598,2,5,-1,3,-1
2015440099670,2,1,0,18,0,8,0,0,0,0,1,1,6,1,50,8,-1,-1,-1,-1,1,-1
2015440099844,1,9,0,18,0,0,1,0,0,0,1,1,6,2,40,7,1796,1,15,-1,1,-1
2015440099851,1,9,0,9,0,6,0,0,0,0,3,1,6,2,71,10,1390,1,3,-1,3,-1
2015440099851,2,3,0,18,0,1,0,0,0,0,1,1,6,1,35,6,-1,-1,-1,-1,1,-1
2015440099915,1,9,0,5,9,8,0,0,0,0,4,1,2,1,-1,-1,-1,-1,-1,-1,1,-1
2015440099915,2,1,0,18,9,8,0,0,0,0,1,1,6,2,16,4,-1,-1,-1,-1,1,-1
2015440099972,1,9,0,7,0,8,0,0,0,0,3,1,6,1,31,6,1560,2,4,-1,1,-1
2015440099972,2,19,0,9,0,8,0,0,0,0,4,1,1,1,65,9,-1,-1,-1,-1,1,-1
2015440099983,1,9,0,18,0,1,0,0,0,0,4,1,6,1,26,6,-1,-1,-1,-1,1,-1
2015440099983,2,5,0,18,0,1,0,0,0,0,3,1,6,2,54,8,599,1,7,-1,1,-1
2015440100030,1,1,0,18,0,8,0,0,0,0,1,1,2,1,45,7,-1,-1,-1,-1,1,-1
2015440100030,2,9,0,7,0,8,0,0,0,0,3,1,2,2,34,6,1390,1,11,-1,1,-1
2015440100048,1,9,0,5,0,4,0,0,0,0,3,1,6,3,-1,-1,1598,1,11,-1,-1,-1
2015440100048,2,1,0,18,0,8,0,0,0,0,1,1,6,1,52,8,-1,-1,-1,-1,1,-1
2015440100073,1,5,0,4,0,0,1,0,0,0,4,1,2,1,54,8,599,1,14,-1,1,-1
2015440100145,1,9,0,5,0,8,0,0,0,0,1,1,6,3,-1,-1,-1,-1,-1,-1,-1,-1
2015440100163,1,19,0,18,0,0,0,0,0,0,1,1,1,1,32,6,2198,2,3,-1,1,-1
2015440100163,2,17,5,18,0,0,0,0,0,0,2,1,1,1,20,4,-1,2,1,-1,1,-1
2015440100416,1,9,0,9,0,8,0,0,0,0,4,1,3,2,42,7,1995,2,1,-1,1,-1
2015440100416,2,3,0,18,0,8,0,0,0,0,1,1,6,1,18,4,-1,-1,-1,-1,1,-1
2015440100852,1,9,0,18,0,8,2,0,1,0,4,1,6,2,20,4,-1,-1,-1,-1,2,-1
2015440100878,1,9,0,17,0,8,0,0,0,0,1,1,6,1,65,9,-1,-1,-1,-1,1,-1
2015440100878,2,1,0,9,0,8,0,0,0,0,1,1,6,1,23,5,-1,-1,-1,-1,1,-1
2015440100974,1,1,0,18,0,8,0,0,0,0,4,1,6,1,26,6,-1,-1,-1,-1,1,-1
2015440100974,2,19,0,5,0,8,0,0,0,0,1,1,6,1,-1,-1,1995,2,4,-1,-1,-1
2015440101052,1,21,1,16,0,0,2,0,1,2,2,1,1,1,40,7,11929,2,9,-1,1,-1
2015440101114,1,9,0,5,0,8,0,0,0,0,1,1,6,2,17,4,-1,-1,-1,-1,2,-1
2015440101114,2,9,0,18,0,8,0,0,0,0,1,1,6,2,27,6,999,1,11,-1,1,-1
2015440101114,3,9,0,3,0,8,0,0,0,0,3,1,6,2,30,6,2967,2,1,-1,2,-1
2015440101311,1,9,0,14,0,0,0,0,0,0,1,1,6,1,69,10,2401,2,8,-1,1,-1
2015440101311,2,9,0,2,0,0,0,0,0,0,2,1,6,3,-1,-1,1596,1,9,-1,-1,-1
2015440101311,3,9,0,2,0,0,0,0,0,0,2,1,6,3,-1,-1,1587,1,7,-1,-1,-1
2015440101485,1,1,0,18,0,0,0,0,0,0,0,1,2,1,23,5,-1,-1,-1,-1,1,-1
2015440101495,1,9,0,17,0,8,1,0,7,10,4,1,6,1,17,4,1229,1,10,-1,3,-1
2015440101656,1,19,0,9,0,8,0,0,0,0,3,1,1,1,26,6,2198,2,3,-1,1,-1
2015440101656,2,1,0,18,0,8,0,0,0,0,1,1,6,1,19,4,-1,-1,-1,-1,1,-1
2015440101670,1,9,0,4,0,2,0,0,0,0,4,1,2,2,40,7,1598,1,2,-1,3,-1
2015440101763,1,2,0,9,0,8,0,0,0,0,4,1,2,1,17,4,49,1,1,-1,-1,-1
2015440101763,2,9,0,7,0,4,0,0,0,0,1,1,2,2,29,6,1870,2,3,-1,1,-1