Accident_Index,Vehicle_Reference,Vehicle_Type,Towing_and_Articulation,Vehicle_Manoeuvre,Vehicle_Location-Restricted_Lane,Junction_Location,Skidding_and_Overturning,Hit_Object_in_Carriageway,Vehicle_Leaving_Carriageway,Hit_Object_off_Carriageway,1st_Point_of_Impact,Was_Vehicle_Left_Hand_Drive?,Journey_Purpose_of_Driver,Sex_of_Driver,Age_of_Driver,Age_Band_of_Driver,Engine_Capacity_(CC),Propulsion_Code,Age_of_Vehicle,Driver_IMD_Decile,Driver_Home_Area_Type,Vehicle_IMD_Decile
2015440117785,1,9,0,18,0,8,0,0,0,0,4,1,6,3,-1,-1,-1,-1,-1,-1,-1,-1
2015440117785,2,1,0,18,0,8,0,0,0,0,3,1,6,1,24,5,-1,-1,-1,-1,1,-1
2015440117829,1,9,0,5,0,1,0,0,0,0,2,1,6,3,-1,-1,-1,-1,-1,-1,-1,-1
2015440117847,1,2,0,18,0,1,1,0,1,10,1,1,6,1,17,4,125,1,3,-1,1,-1
2015440118282,1,9,0,17,0,8,0,0,0,0,1,1,2,1,30,6,1753,2,11,-1,1,-1
2015440118477,1,9,0,7,0,5,0,0,0,0,4,1,6,1,67,10,2999,2,19,-1,1,-1
2015440118477,2,1,0,18,0,1,0,0,0,0,1,1,6,1,33,6,-1,-1,-1,-1,1,-1
2015440118790,1,21,0,18,0,0,5,0,1,11,3,1,1,2,52,8,9200,2,10,-1,1,-1
2015440118790,2,9,0,18,0,0,0,0,0,0,3,1,6,2,52,8,1998,1,14,-1,3,-1
2015440118828,1,9,0,18,0,0,0,0,0,0,4,1,6,1,64,9,2199,2,1,-1,1,-1
2015440118899,1,9,0,4,0,1,0,0,0,0,2,1,2,1,42,7,2997,1,22,-1,1,-1
2015440118899,2,5,0,18,0,1,0,0,0,0,1,1,2,1,62,9,865,1,5,-1,1,-1
2015440119036,1,9,0,13,0,8,0,0,0,0,1,1,6,1,77,11,1968,2,5,-1,3,-1
2015440119036,2,1,0,18,0,8,0,0,0,0,2,1,6,1,55,8,-1,-1,-1,-1,1,-1
2015440119100,1,9,0,4,0,1,0,0,0,0,2,1,6,1,45,7,1587,1,12,-1,1,-1
2015440119100,2,9,0,18,0,1,0,0,0,0,1,1,6,1,23,5,1753,2,11,-1,3,-1
2015440119644,1,1,0,17,0,8,1,0,0,0,4,1,1,1,39,7,-1,-1,-1,-1,1,-1
2015440119644,2,9,0,5,0,8,0,0,0,0,1,1,6,2,-1,-1,1598,1,13,-1,-1,-1
2015440119950,1,1,0,18,0,0,0,0,0,0,1,1,6,2,52,8,-1,-1,-1,-1,1,-1
2015440120145,1,9,0,9,0,8,0,0,0,0,1,1,6,1,51,8,1753,2,14,-1,1,-1
2015440120145,2,9,0,18,0,8,0,0,0,0,4,1,6,2,53,8,1598,1,2,-1,1,-1
2015440120334,1,9,0,18,0,0,0,0,0,0,1,1,6,1,71,10,-1,-1,-1,-1,1,-1
2015440120334,2,9,0,2,0,0,0,0,0,0,1,1,6,3,-1,-1,1248,1,-1,-1,-1,-1
2015440120362,1,9,0,9,0,8,0,0,0,0,4,1,6,2,50,8,1242,1,2,-1,2,-1
2015440120362,2,9,0,18,0,8,0,0,0,0,3,1,6,2,50,8,1781,1,13,-1,1,-1
2015440120432,1,9,0,17,0,0,1,0,8,4,3,1,6,2,43,7,1388,1,5,-1,1,-1
2015440120456,1,9,0,9,0,8,0,0,0,0,4,1,6,1,75,10,1796,1,12,-1,1,-1
2015440120456,2,3,0,18,0,8,0,0,0,0,1,1,6,1,51,8,498,1,31,-1,1,-1
2015440120768,1,9,0,18,0,2,0,0,0,0,1,1,6,1,19,4,1199,1,11,-1,1,-1
2015440121086,1,9,0,18,0,1,0,0,0,0,1,1,6,1,53,8,1349,1,7,-1,1,-1
2015440121086,2,9,0,4,0,2,0,0,0,0,3,1,6,2,60,9,2143,2,-1,-1,1,-1
2015440121086,3,21,0,3,0,1,0,0,0,0,3,1,1,1,59,9,4461,2,7,-1,-1,-1
2015440121107,1,9,0,4,0,8,0,0,0,0,2,1,6,2,42,7,1986,2,7,-1,2,-1
2015440121107,2,9,0,4,0,8,0,0,0,0,1,1,6,3,-1,-1,-1,-1,-1,-1,-1,-1
2015440121170,1,9,0,9,0,8,0,0,0,0,1,1,6,1,53,8,1796,1,14,-1,1,-1
2015440121170,2,3,0,18,0,8,0,0,0,0,1,1,6,1,20,4,125,1,13,-1,1,-1
2015440121270,1,9,0,4,0,1,0,0,0,0,3,1,6,1,57,9,1762,1,15,-1,1,-1
2015440121270,2,9,0,4,0,1,0,0,0,0,2,1,6,2,33,6,1997,2,13,-1,2,-1
2015440121270,3,9,0,4,0,1,0,0,0,0,1,1,6,1,50,8,2993,2,2,-1,1,-1
2015440121270,4,9,0,9,0,1,0,0,0,0,0,1,6,3,-1,-1,-1,-1,-1,-1,-1,-1
2015440121471,1,5,0,18,0,0,0,0,0,0,1,1,6,1,59,9,790,1,10,-1,1,-1
2015440121471,2,19,0,4,0,0,0,0,0,0,2,1,1,1,49,8,1905,2,17,-1,1,-1
2015440121484,1,9,0,3,0,0,0,0,0,0,2,1,1,1,36,7,-1,-1,-1,-1,1,-1
2015440121484,2,9,0,18,0,0,0,0,0,0,1,1,6,2,63,9,1364,1,8,-1,1,-1
2015440122114,1,9,0,7,0,8,0,0,0,0,1,1,6,1,59,9,-1,-1,-1,-1,1,-1
2015440122114,2,1,0,18,0,8,0,0,0,0,4,1,2,1,24,5,-1,-1,-1,-1,1,-1
2015440122168,1,1,0,18,0,0,0,0,0,0,3,1,6,1,50,8,-1,-1,-1,-1,1,-1
2015440122168,2,9,0,13,0,0,0,0,0,0,4,1,6,3,-1,-1,-1,-1,-1,-1,-1,-1
2015440122171,1,3,0,16,0,8,1,0,0,0,1,1,6,1,17,4,125,1,2,-1,1,-1
2015440122171,2,9,0,9,0,8,0,0,0,0,4,1,6,1,23,5,1200,1,2,-1,1,-1
2015440122262,1,9,0,2,0,0,0,0,0,0,1,1,6,1,49,8,1968,2,8,-1,2,-1
2015440122262,2,1,0,18,0,0,0,0,0,0,1,1,6,1,22,5,-1,-1,-1,-1,3,-1
2015440122265,1,9,0,18,0,0,0,0,0,0,3,1,6,2,21,5,1596,1,12,-1,2,-1
2015440122265,2,9,0,18,0,0,0,0,0,0,4,1,6,2,25,5,1796,1,16,-1,1,-1
2015440122282,1,9,0,4,0,0,0,0,0,0,2,1,6,1,36,7,1560,2,7,-1,1,-1
2015440122282,2,9,0,18,0,0,0,0,0,0,1,1,6,1,43,7,1968,2,8,-1,1,-1
2015440122348,1,9,0,9,0,8,0,0,0,0,4,1,6,2,50,8,1360,1,15,-1,1,-1
2015440122348,2,3,0,18,0,1,0,0,0,0,1,1,6,1,22,5,124,1,1,-1,2,-1
2015440122517,1,1,0,18,0,0,0,0,0,0,3,1,6,1,15,3,-1,-1,-1,-1,1,-1
2015440122517,2,9,0,18,0,0,0,0,0,0,1,1,6,1,35,6,2993,2,1,-1,1,-1
2015440122897,1,9,0,17,0,0,1,0,1,4,1,1,2,1,27,6,1197,1,2,-1,3,-1
2015440123062,1,9,0,18,0,1,1,0,1,11,4,1,6,2,23,5,1242,1,6,-1,2,-1
2015440123062,2,19,0,9,0,6,0,0,0,0,1,1,6,1,64,9,2198,2,7,-1,2,-1
2015440123073,1,9,0,18,0,0,0,4,0,0,1,1,6,1,66,10,1560,2,2,-1,1,-1
2015440123073,2,9,0,2,0,0,0,4,0,0,2,1,6,1,43,7,1994,2,12,-1,-1,-1
2015440123073,3,9,0,2,0,0,0,4,0,0,2,1,6,2,34,6,1299,1,12,-1,-1,-1
2015440123073,4,9,0,2,0,0,0,4,0,0,2,1,6,2,30,6,1242,1,5,-1,-1,-1
2015440123217,1,11,0,18,0,0,0,0,1,10,4,1,1,1,61,9,-1,-1,-1,-1,3,-1
2015440123265,1,19,0,9,0,6,0,0,0,0,3,1,1,1,61,9,1560,2,1,-1,1,-1
2015440123265,2,9,0,18,0,1,0,0,0,0,1,1,6,1,81,11,1399,2,6,-1,1,-1
2015440123409,1,20,0,18,0,8,0,0,0,0,4,1,1,1,62,9,4485,2,-1,-1,1,-1
2015440123409,2,1,0,18,0,8,0,0,0,0,3,1,6,1,77,11,-1,-1,-1,-1,1,-1
2015440123470,1,9,0,18,0,1,0,0,0,0,1,1,6,1,79,11,1794,1,14,-1,3,-1
2015440123470,2,9,0,9,0,6,0,0,0,0,3,1,6,1,50,8,1968,1,10,-1,1,-1
2015440123521,1,9,0,3,0,1,0,0,0,0,2,1,6,2,40,7,-1,-1,-1,-1,1,-1
2015440123521,2,19,0,18,0,1,0,0,0,0,1,1,1,1,59,9,2402,2,5,-1,1,-1
2015440123528,1,9,0,3,0,0,0,0,0,0,2,1,6,1,59,9,1360,1,14,-1,1,-1
2015440123528,2,9,0,3,0,0,0,0,0,0,2,1,6,1,21,5,1242,1,16,-1,1,-1
2015440123528,3,19,0,3,0,0,0,0,0,0,2,1,6,1,64,9,1753,2,10,-1,1,-1
2015440123528,4,9,0,18,0,0,0,0,0,0,1,1,6,1,73,10,1796,1,1,-1,1,-1
2015440123781,1,1,0,18,0,8,0,0,0,0,3,1,6,2,47,8,-1,-1,-1,-1,1,-1
2015440123781,2,9,0,7,0,8,0,0,0,0,4,1,6,2,44,7,1596,1,9,-1,1,-1
2015440123822,1,9,0,9,0,8,0,0,0,0,3,1,6,1,42,7,1910,2,10,-1,1,-1
2015440123822,2,5,0,18,0,8,0,0,0,0,1,1,6,1,27,6,998,1,7,-1,1,-1
2015440123877,1,9,0,18,0,0,0,0,0,0,1,1,6,2,53,8,-1,-1,-1,-1,3,-1
2015440123877,2,9,0,4,0,0,0,0,0,0,2,1,6,2,45,7,-1,-1,-1,-1,3,-1
2015440123974,1,19,0,18,0,0,0,10,1,0,1,1,6,2,30,6,2148,2,9,-1,1,-1
2015440123974,2,9,0,11,0,0,0,0,0,0,0,1,6,3,-1,-1,-1,-1,-1,-1,-1,-1
2015440124214,1,9,0,5,0,8,0,0,0,0,3,1,2,1,52,8,1229,1,9,-1,1,-1
2015440124214,2,1,0,17,0,8,0,0,0,0,1,1,6,1,52,8,-1,-1,-1,-1,1,-1
2015440124251,1,9,0,17,0,0,0,0,0,0,0,1,6,2,51,8,-1,-1,-1,-1,3,-1
2015440124251,2,9,0,13,0,0,0,0,0,0,0,1,6,1,-1,-1,-1,-1,-1,-1,-1,-1
2015440124387,1,1,0,16,0,0,0,0,0,0,3,1,6,2,58,9,-1,-1,-1,-1,1,-1
2015440124387,2,21,1,16,0,0,0,0,0,0,4,1,1,2,56,9,12809,2,2,-1,1,-1
2015440124393,1,9,0,2,0,1,0,0,0,0,3,1,6,1,-1,-1,1995,2,12,-1,-1,-1
2015440124393,2,1,0,18,0,1,0,0,0,0,1,1,6,1,21,5,-1,-1,-1,-1,1,-1
2015440124438,1,9,0,3,0,0,0,0,0,0,2,1,6,2,51,8,1984,1,18,-1,1,-1
2015440124438,2,19,0,4,0,0,0,0,0,0,1,1,6,3,-1,-1,1753,2,9,-1,-1,-1
2015440124454,1,9,0,4,0,0,0,0,0,0,1,1,6,2,23,5,1124,1,24,-1,1,-1
2015440124454,2,19,0,4,0,0,0,0,0,0,2,1,1,1,24,5,-1,-1,-1,-1,1,-1
2015440124504,1,9,0,4,0,1,0,0,0,0,2,1,6,2,32,6,1995,2,14,-1,1,-1
2015440124504,2,9,0,18,0,1,0,0,0,0,1,1,6,1,25,5,1388,1,10,-1,1,-1
2015440124584,1,9,0,13,0,0,0,0,0,0,1,1,1,1,40,7,1995,2,-1,-1,1,-1
2015440124584,2,9,0,13,0,0,0,0,0,0,3,1,1,1,67,10,1560,2,6,-1,1,-1
2015440124584,3,9,0,13,0,0,0,0,5,6,2,1,3,1,39,7,1956,2,4,-1,1,-1
2015440124584,4,9,0,13,0,0,0,0,0,0,2,1,4,1,75,10,1896,2,11,-1,1,-1
2015440124584,5,9,0,13,0,0,0,0,0,0,2,1,1,1,37,7,2191,2,1,-1,1,-1
2015440124678,1,19,0,13,0,0,0,0,0,0,4,1,6,1,-1,-1,-1,-1,-1,-1,-1,-1
2015440124678,2,16,0,18,0,0,0,0,0,0,3,1,6,2,27,6,-1,-1,-1,-1,3,-1
2015440124692,1,21,0,18,0,0,0,0,0,0,2,1,1,1,39,7,-1,-1,-1,-1,1,-1
2015440124692,2,9,0,18,0,0,0,0,0,0,1,1,2,1,46,8,1988,1,14,-1,1,-1
2015440124865,1,9,0,9,0,8,0,0,0,0,4,1,6,1,22,5,-1,-1,-1,-1,1,-1
2015440124865,2,11,0,18,0,8,0,0,0,0,3,1,1,1,42,7,4250,2,9,-1,1,-1
2015440124949,1,5,0,18,0,8,1,0,0,0,1,1,6,1,33,6,893,1,20,-1,2,-1
2015440124949,2,9,0,9,0,8,0,0,0,0,4,1,6,1,21,5,1197,1,-1,-1,1,-1
2015440124958,1,9,0,18,0,8,0,0,0,0,2,1,2,1,31,6,1781,1,13,-1,1,-1
2015440124958,2,3,0,18,0,8,0,0,0,0,1,1,2,1,19,4,124,1,3,-1,1,-1
2015440125079,1,9,0,10,0,8,0,0,0,0,2,1,6,1,57,9,1999,1,7,-1,3,-1
2015440125079,2,9,0,18,0,8,1,0,0,0,1,1,6,1,51,8,1390,1,8,-1,1,-1
2015440125121,1,9,0,9,4,8,0,0,0,0,4,1,6,1,38,7,1242,1,14,-1,1,-1
2015440125121,2,9,0,9,4,8,0,0,0,0,1,1,6,2,26,6,1995,2,3,-1,1,-1
2015440125121,3,1,0,18,4,8,0,0,0,0,1,1,6,1,49,8,-1,-1,-1,-1,1,-1
2015440125161,1,9,0,10,0,8,0,0,7,0,2,1,6,2,18,4,1242,1,9,-1,1,-1
2015440125161,2,9,0,18,0,8,1,10,0,0,1,1,1,1,50,8,-1,-1,-1,-1,1,-1
2015440125168,1,9,0,18,0,8,0,0,0,0,1,1,2,1,35,6,1986,2,8,-1,1,-1
2015440125168,2,9,0,9,0,8,0,0,0,0,3,1,6,1,91,11,1490,1,8,-1,1,-1
2015440125178,1,9,0,18,0,0,0,0,0,0,3,1,6,1,59,9,1984,1,19,-1,1,-1
2015440125178,2,21,0,18,0,0,0,0,0,0,3,1,1,1,42,7,9200,2,5,-1,1,-1
2015440125195,1,9,0,18,0,1,0,7,0,0,1,1,6,2,21,5,1896,2,9,-1,1,-1
2015440125280,1,9,0,9,0,8,0,0,0,0,4,1,6,2,48,8,1229,1,2,-1,1,-1
2015440125280,2,5,0,18,0,8,0,0,0,0,1,1,6,1,50,8,1157,1,10,-1,1,-1
2015440125515,1,5,0,18,0,0,0,0,0,0,2,1,2,1,44,7,1198,1,18,-1,1,-1
2015440125515,2,19,0,18,0,0,0,0,0,0,1,1,2,1,20,4,2464,2,5,-1,1,-1
2015440125556,1,9,0,18,0,8,0,0,7,0,4,1,2,2,26,6,998,1,8,-1,1,-1
2015440125556,2,9,0,18,0,8,0,0,0,0,1,1,2,1,50,8,1598,1,18,-1,-1,-1
2015440125854,1,9,0,4,0,0,0,0,0,0,2,1,1,1,43,7,1229,1,4,-1,1,-1
2015440125854,2,9,0,18,0,0,0,0,0,0,1,1,6,2,22,5,1199,1,14,-1,1,-1
2015440125897,1,9,0,9,0,2,0,0,0,0,1,1,6,1,67,10,1591,1,1,-1,1,-1
2015440125953,1,9,0,10,0,8,0,0,0,0,2,1,6,2,45,7,1560,2,2,-1,-1,-1
2015440125953,2,9,0,18,0,8,0,0,0,0,1,1,6,1,18,4,1198,1,13,-1,2,-1
2015440126259,1,1,0,18,0,2,0,0,0,0,1,1,2,2,28,6,-1,-1,-1,-1,1,-1
2015440126259,2,9,0,2,0,2,0,0,0,0,0,1,6,2,46,8,1150,1,10,-1,1,-1
2015440126259,3,9,0,3,0,2,0,0,0,0,3,1,6,2,40,7,1108,1,5,-1,1,-1
2015440126325,1,9,0,7,0,8,0,0,0,0,4,1,2,1,57,9,3696,1,5,-1,1,-1
2015440126325,2,1,0,15,0,8,0,0,0,0,3,1,2,1,52,8,-1,-1,-1,-1,1,-1
2015440126374,1,21,0,18,0,0,0,0,0,0,1,1,1,1,52,8,12419,2,2,-1,1,-1
2015440126374,2,9,0,4,0,0,0,0,0,0,2,1,6,1,71,10,1200,1,-1,-1,3,-1
2015440126430,1,9,0,18,0,2,0,0,0,0,2,1,6,2,36,7,998,1,1,-1,-1,-1
2015440126430,2,21,0,18,0,2,0,0,0,0,1,1,1,1,49,8,3908,2,8,-1,1,-1
2015440126430,3,21,0,18,0,2,0,0,0,0,2,1,1,1,31,6,12777,2,2,-1,-1,-1
2015440126440,1,3,0,4,0,1,0,0,0,0,0,1,6,1,24,5,124,1,3,-1,1,-1
2015440126513,1,9,0,18,0,2,0,0,0,0,1,1,6,1,54,8,2720,2,8,-1,1,-1
2015440126513,2,1,0,9,0,1,0,0,0,0,1,1,6,1,26,6,-1,-1,-1,-1,1,-1
2015440127213,1,4,0,18,0,8,0,0,0,0,1,1,6,1,71,10,249,1,53,-1,3,-1
2015440127213,2,9,0,9,0,8,0,0,0,0,1,1,6,1,68,10,1598,1,9,-1,3,-1
2015440127362,1,9,0,18,0,0,0,0,0,0,1,1,6,1,76,11,1968,2,3,-1,-1,-1
2015440127362,2,9,0,4,0,0,0,0,0,0,2,1,6,1,51,8,1586,1,12,-1,1,-1
2015440127529,1,9,0,18,0,1,0,0,7,11,1,1,6,1,22,5,1598,1,4,-1,1,-1
2015440127571,1,5,0,18,0,0,0,0,0,0,1,1,6,1,47,8,1552,1,8,-1,1,-1
2015440127580,1,9,0,7,0,6,0,0,1,0,3,1,6,1,28,6,-1,-1,-1,-1,1,-1
2015440127580,2,9,0,18,0,1,0,0,0,0,1,1,6,2,28,6,1598,2,-1,-1,1,-1
2015440127618,1,9,0,4,0,1,0,0,0,0,1,1,6,1,48,8,2495,2,10,-1,1,-1
2015440127618,2,3,0,8,0,1,0,0,0,0,2,1,6,2,27,6,-1,-1,-1,-1,2,-1
2015440127639,1,11,0,11,0,1,0,0,0,0,4,1,1,1,56,9,7300,2,10,-1,1,-1
2015440127639,2,1,0,15,0,1,0,0,0,0,3,1,6,1,35,6,-1,-1,-1,-1,1,-1
2015440127986,1,5,0,16,0,0,0,0,1,4,1,1,6,2,27,6,599,1,3,-1,1,-1
2015440128218,1,9,0,5,0,8,0,0,0,0,3,1,1,1,34,6,1995,2,1,-1,1,-1
2015440128218,2,5,0,9,0,8,0,0,0,0,1,1,1,1,59,9,749,1,10,-1,1,-1
2015440128259,1,9,0,9,0,6,0,0,0,0,1,1,6,2,34,6,1910,2,8,-1,1,-1
2015440128259,2,1,0,18,0,1,0,0,0,0,4,1,6,1,36,7,-1,-1,-1,-1,1,-1
2015440128411,1,9,0,11,0,0,0,0,0,0,4,1,1,1,55,8,2987,2,8,-1,1,-1
2015440128411,2,9,0,18,0,0,0,0,0,0,3,1,1,1,38,7,1199,2,5,-1,1,-1
2015440128486,1,2,0,9,0,8,0,0,0,0,1,1,1,2,20,4,49,1,3,-1,1,-1
2015440128486,2,9,0,3,0,8,0,0,0,0,2,1,6,2,20,4,2204,2,7,-1,1,-1
2015440128624,1,9,0,3,0,0,0,0,0,0,2,1,6,1,43,7,2231,2,7,-1,1,-1
2015440128624,2,9,0,18,0,0,0,0,0,0,1,1,6,3,-1,-1,1299,1,14,-1,-1,-1
2015440128857,1,1,0,18,0,0,1,10,1,0,1,1,6,1,11,3,-1,-1,-1,-1,1,-1
2015440128857,2,9,0,13,0,0,0,0,0,0,0,1,6,3,-1,-1,-1,-1,-1,-1,-1,-1
2015440128888,1,9,0,4,0,0,0,0,0,0,2,1,6,3,-1,-1,2179,2,4,-1,-1,-1
2015440128888,2,9,0,4,0,0,0,0,0,0,2,1,6,1,19,4,2000,2,10,-1,1,-1
2015440128888,3,9,0,18,0,0,0,0,0,0,1,1,6,3,-1,-1,1796,1,5,-1,-1,-1
2015440129446,1,9,0,18,0,0,0,0,0,0,1,1,6,2,30,6,998,1,19,-1,1,-1
2015440129446,2,19,0,2,0,0,0,0,0,0,1,1,6,3,-1,-1,1560,2,1,-1,-1,-1
2015440129642,1,9,0,16,0,0,0,0,7,4,1,1,6,2,26,6,1388,1,6,-1,1,-1
2015440129731,1,9,0,13,0,2,0,0,0,0,1,1,6,1,-1,-1,1339,1,13,-1,1,-1
2015440129731,2,1,0,18,0,2,0,0,0,0,2,1,6,2,49,8,-1,-1,-1,-1,3,-1
2015440129751,1,9,0,18,0,8,0,0,0,0,1,1,6,1,58,9,1995,2,10,-1,3,-1
2015440129751,2,9,0,18,0,8,0,0,0,0,4,1,1,2,59,9,1461,2,5,-1,-1,-1
2015440129779,1,9,0,9,0,8,0,0,0,0,3,1,6,1,30,6,1199,1,13,-1,1,-1
2015440129779,2,97,0,13,0,8,1,0,0,0,4,1,6,1,47,8,599,1,10,-1,1,-1
2015440129885,1,9,0,4,0,1,0,0,0,0,1,1,6,1,25,5,1388,1,8,-1,1,-1
2015440129887,1,9,0,14,0,2,0,0,0,0,3,1,6,1,-1,-1,1229,1,1,-1,-1,-1
2015440129916,1,9,3,9,0,8,0,0,0,0,1,1,6,1,77,11,1582,2,5,-1,1,-1
2015440129916,2,9,0,18,0,8,0,0,0,0,1,1,6,2,54,8,1388,1,6,-1,1,-1
2015440130073,1,9,0,18,0,2,0,0,0,0,3,1,6,2,78,11,995,1,11,-1,1,-1
2015440130073,2,5,0,18,0,2,0,0,0,0,4,1,6,1,74,10,1170,1,1,-1,1,-1
2015440130076,1,19,0,16,0,8,0,0,0,0,1,1,6,1,21,5,2402,2,5,-1,1,-1
2015440130084,1,9,0,18,0,0,0,11,0,0,2,1,6,2,49,8,1197,1,4,-1,1,-1
2015440130084,2,9,0,18,0,0,0,0,0,0,1,1,6,2,64,9,2000,7,16,-1,1,-1
2015440130320,1,19,4,18,0,8,0,0,0,0,0,1,1,1,21,5,2488,2,9,-1,1,-1
2015440130342,1,9,0,1,0,8,0,0,0,0,2,1,6,1,80,11,1595,1,15,-1,1,-1
2015440130342,2,1,0,18,0,8,0,0,0,0,4,1,6,1,23,5,-1,-1,-1,-1,1,-1
2015440130449,1,9,0,4,0,0,0,0,0,0,2,1,2,1,41,7,1199,1,14,-1,1,-1
2015440130449,2,19,0,4,0,0,0,0,0,0,1,1,1,3,-1,-1,1995,2,3,-1,-1,-1
2015440130449,3,9,0,4,0,0,0,0,0,0,2,1,1,3,-1,-1,-1,-1,-1,-1,-1,-1
2015440130452,1,3,0,18,0,8,0,0,0,0,1,1,2,1,16,4,-1,-1,-1,-1,1,-1
2015440130452,2,9,0,9,0,8,0,0,0,0,3,1,6,1,57,9,1769,2,22,-1,2,-1
2015440130870,1,9,0,2,0,8,0,0,0,0,1,1,6,3,-1,-1,1360,1,11,-1,-1,-1
2015440130870,2,9,0,2,0,2,0,0,0,0,2,1,6,3,-1,-1,1461,2,3,-1,-1,-1
2015440130870,3,9,0,18,0,8,0,0,0,0,1,1,6,1,21,5,1390,1,4,-1,1,-1
2015440130893,1,3,0,18,0,8,1,0,0,0,1,1,6,1,25,5,125,1,13,-1,1,-1
2015440130901,1,9,0,18,0,1,0,0,0,0,1,1,6,1,46,8,-1,-1,-1,-1,1,-1
2015440130901,2,9,0,10,0,1,0,0,0,0,2,1,6,2,62,9,-1,-1,-1,-1,1,-1
2015440130983,1,9,0,7,0,8,0,0,0,0,1,1,6,2,-1,-1,1390,1,17,-1,1,-1
2015440130997,1,5,0,18,0,0,0,0,1,0,1,1,6,1,49,8,650,1,16,-1,1,-1
2015440130997,2,5,0,18,0,0,0,0,0,0,2,1,6,1,62,9,1312,1,4,-1,1,-1
2015440131094,1,9,0,4,0,1,0,0,0,0,2,1,6,2,40,7,1956,2,5,-1,1,-1
2015440131094,2,9,0,18,0,1,0,0,0,0,1,1,6,1,44,7,1396,1,2,-1,1,-1
2015440131194,1,9,0,18,0,0,0,0,0,0,4,1,6,1,35,6,1598,1,7,-1,1,-1
2015440131194,2,1,0,18,0,0,0,0,0,0,1,1,6,1,46,8,-1,-1,-1,-1,1,-1
2015440131202,1,9,0,18,0,0,0,0,0,0,0,1,6,3,-1,-1,-1,-1,-1,-1,-1,-1
2015440131202,2,5,0,18,0,0,1,0,1,0,4,1,6,1,47,8,646,1,10,-1,1,-1
2015440131223,1,19,0,18,0,0,0,0,0,0,1,1,2,1,25,5,-1,-1,-1,-1,1,-1
2015440131223,2,9,0,18,0,0,0,0,0,0,2,1,6,2,68,10,1150,1,11,-1,1,-1
2015440131250,1,5,0,18,0,0,1,11,0,0,1,1,2,1,32,6,865,1,4,-1,2,-1
2015440131250,2,9,0,18,0,0,0,0,0,0,3,1,2,3,-1,-1,1198,1,2,-1,-1,-1
2015440131318,1,9,0,18,0,0,0,0,5,6,3,1,6,1,43,7,2776,2,9,-1,1,-1
2015440131318,2,9,0,18,0,0,0,0,0,0,3,1,6,1,43,7,1898,1,13,-1,1,-1
2015440131708,1,9,0,3,0,1,0,0,0,0,2,1,6,1,22,5,1389,1,19,-1,1,-1
2015440131708,2,97,0,18,0,1,0,0,0,0,1,1,6,1,47,8,124,1,2,-1,1,-1
2015440131740,1,1,0,18,0,8,0,0,0,0,4,1,6,2,31,6,-1,-1,-1,-1,1,-1
2015440131740,2,9,0,7,0,8,0,0,0,0,1,1,3,1,45,7,1997,1,8,-1,1,-1
2015440131941,1,9,0,18,0,8,0,0,0,0,1,1,1,2,48,8,1995,2,12,-1,1,-1
2015440131941,2,1,0,7,0,8,0,0,0,0,2,1,6,1,48,8,-1,-1,-1,-1,1,-1
2015440131962,1,9,0,18,0,0,0,0,7,0,1,1,6,2,80,11,1248,1,6,-1,2,-1
2015440132017,1,9,0,4,0,1,0,0,0,0,4,1,1,1,58,9,-1,-1,-1,-1,1,-1
2015440132293,1,9,0,16,0,2,0,0,1,9,4,1,1,1,34,6,-1,-1,-1,-1,1,-1
2015440132337,1,11,0,18,0,0,0,0,0,0,0,1,1,3,-1,-1,-1,-1,-1,-1,-1,-1
2015440132429,1,9,0,18,0,1,0,0,0,0,1,1,6,1,41,7,1798,1,12,-1,2,-1
2015440132507,1,9,0,4,0,1,0,0,0,0,1,1,2,1,32,6,2616,1,11,-1,1,-1
2015440132507,2,19,0,18,0,1,0,0,0,0,1,1,6,3,-1,-1,2198,2,6,-1,-1,-1
2015440132591,1,19,0,18,0,8,1,0,0,0,1,1,1,1,43,7,1968,2,5,-1,3,-1
2015440132591,2,9,0,9,0,8,0,0,0,0,1,1,6,1,80,11,1910,2,8,-1,3,-1
2015440132644,1,9,0,18,0,0,0,0,0,0,3,1,6,1,39,7,1968,2,8,-1,1,-1
2015440132905,1,9,0,18,0,0,0,0,0,0,4,1,6,2,40,7,2835,2,20,-1,-1,-1
2015440133093,1,5,0,18,0,8,0,0,0,0,1,1,2,1,48,8,998,1,11,-1,1,-1
2015440133093,2,9,0,18,0,8,0,0,0,0,3,1,1,1,60,9,-1,-1,-1,-1,1,-1
2015440133119,1,9,0,17,0,0,0,0,0,0,4,1,6,1,55,8,2993,2,6,-1,3,-1
2015440133191,1,9,0,14,0,1,0,0,0,0,2,1,6,1,52,8,1956,2,1,-1,1,-1
2015440133191,2,9,0,14,0,1,0,0,0,0,1,1,6,1,19,4,1149,1,10,-1,1,-1
2015440133196,1,9,0,18,0,8,0,0,0,0,1,1,1,2,56,9,1590,1,11,-1,1,-1
2015440133196,2,9,0,9,0,8,0,0,0,0,1,1,3,1,66,10,1998,2,10,-1,1,-1