Accident_Index,Vehicle_Reference,Vehicle_Type,Towing_and_Articulation,Vehicle_Manoeuvre,Vehicle_Location-Restricted_Lane,Junction_Location,Skidding_and_Overturning,Hit_Object_in_Carriageway,Vehicle_Leaving_Carriageway,Hit_Object_off_Carriageway,1st_Point_of_Impact,Was_Vehicle_Left_Hand_Drive?,Journey_Purpose_of_Driver,Sex_of_Driver,Age_of_Driver,Age_Band_of_Driver,Engine_Capacity_(CC),Propulsion_Code,Age_of_Vehicle,Driver_IMD_Decile,Driver_Home_Area_Type,Vehicle_IMD_Decile
2015440145186,1,11,0,5,0,1,0,0,0,0,0,1,1,1,47,8,9000,2,7,-1,1,-1
2015440145277,1,9,0,18,0,0,1,0,0,0,3,1,6,1,35,6,1596,1,13,-1,1,-1
2015440145277,2,19,0,18,0,0,1,0,1,11,3,1,1,1,35,6,2402,2,4,-1,1,-1
2015440145390,1,11,0,18,0,1,0,0,0,0,1,1,1,1,63,9,9000,2,4,-1,1,-1
2015440145421,1,9,0,9,0,8,0,0,0,0,1,1,6,3,-1,-1,1242,1,2,-1,-1,-1
2015440145421,2,1,0,18,0,1,0,0,0,0,3,1,6,1,23,5,-1,-1,-1,-1,1,-1
2015440145424,1,9,0,12,0,8,0,0,0,0,3,1,6,2,86,11,1998,1,13,-1,1,-1
2015440145424,2,9,0,18,0,8,0,0,0,0,4,1,6,2,39,7,1956,2,1,-1,1,-1
2015440145474,1,9,0,9,0,8,0,0,0,0,4,1,6,2,22,5,1124,1,2,-1,3,-1
2015440145474,2,5,0,18,0,8,0,0,0,0,1,1,2,1,25,5,599,1,2,-1,1,-1
2015440145480,1,9,0,18,0,1,0,0,0,0,4,1,6,1,28,6,1781,1,12,-1,1,-1
2015440145480,2,1,0,18,0,6,0,0,0,0,1,1,6,1,15,3,-1,-1,-1,-1,1,-1
2015440145559,1,9,0,4,0,8,0,0,0,0,2,1,2,2,32,6,1198,1,2,-1,3,-1
2015440145559,2,2,0,4,0,8,0,0,0,0,1,1,2,2,21,5,49,1,2,-1,1,-1
2015440145590,1,9,0,9,0,5,0,0,0,0,4,1,2,1,33,6,1598,1,6,-1,1,-1
2015440145590,2,2,0,18,0,1,0,0,0,0,1,1,6,1,17,4,125,1,-1,-1,1,-1
2015440145656,1,9,0,18,0,2,0,0,0,0,3,1,6,1,27,6,1798,1,6,-1,1,-1
2015440145656,2,3,0,18,0,2,0,0,0,0,4,1,6,1,29,6,279,1,7,-1,1,-1
2015440145708,1,9,0,9,0,8,0,0,0,0,2,1,6,1,60,9,2477,2,9,-1,1,-1
2015440145708,2,19,0,17,0,8,0,0,0,0,1,1,6,1,41,7,-1,-1,-1,-1,2,-1
2015440146088,1,9,0,15,0,8,0,0,0,0,3,1,1,1,30,6,1896,2,12,-1,1,-1
2015440146088,2,9,0,13,0,8,0,0,0,0,4,1,6,1,64,9,1599,1,10,-1,1,-1
2015440146154,1,9,0,18,0,4,0,0,0,0,3,1,1,2,21,5,796,1,14,-1,1,-1
2015440146154,2,1,0,17,0,8,0,0,0,0,1,1,6,1,48,8,-1,-1,-1,-1,1,-1
2015440146166,1,21,0,7,0,1,0,0,0,0,2,1,1,1,50,8,8970,2,8,-1,1,-1
2015440146166,2,1,0,18,0,1,0,0,0,0,1,1,4,1,6,2,-1,-1,-1,-1,1,-1
2015440146232,1,9,0,17,0,8,0,0,0,0,4,1,6,1,27,6,1796,1,11,-1,1,-1
2015440146232,2,21,0,17,0,8,0,0,0,0,3,2,6,1,21,5,-1,-1,-1,-1,-1,-1
2015440146335,1,9,0,7,0,8,0,10,0,0,3,1,6,1,50,8,1686,2,6,-1,1,-1
2015440146335,2,8,0,7,0,8,0,0,0,0,4,1,1,1,36,7,1685,2,2,-1,1,-1
2015440146444,1,9,0,18,0,1,0,0,0,0,1,1,6,1,51,8,1799,1,7,-1,1,-1
2015440146444,2,9,0,3,0,1,0,0,0,0,2,1,6,2,30,6,1328,1,8,-1,1,-1
2015440146462,1,19,0,18,0,0,0,0,0,0,1,1,1,1,35,6,-1,-1,-1,-1,1,-1
2015440146505,1,9,0,1,9,8,0,0,0,0,3,1,6,2,76,11,1329,1,2,-1,2,-1
2015440146516,1,9,0,3,0,0,0,0,0,0,2,1,1,1,64,9,1896,2,8,-1,1,-1
2015440146516,2,9,0,4,0,0,0,0,0,0,1,1,1,1,58,9,1956,2,5,-1,1,-1
2015440146674,1,21,1,18,0,0,0,0,0,0,3,1,1,1,58,9,10837,2,5,-1,1,-1
2015440146674,2,9,0,18,0,0,0,0,0,0,3,1,6,1,45,7,2198,1,9,-1,3,-1
2015440146692,1,9,0,4,0,1,0,0,0,0,3,1,1,1,24,5,-1,-1,-1,-1,1,-1
2015440146692,2,1,0,18,0,1,0,0,0,0,1,1,6,1,16,4,-1,-1,-1,-1,1,-1
2015440146758,1,20,0,4,0,0,0,0,0,0,2,1,1,1,21,5,-1,-1,-1,-1,1,-1
2015440146758,2,5,0,18,0,0,1,0,1,0,1,1,6,1,46,8,1198,1,3,-1,3,-1
2015440146774,1,2,0,18,0,0,0,0,0,0,4,1,6,2,21,5,49,1,3,-1,1,-1
2015440146859,1,9,0,13,0,0,0,0,0,0,0,1,6,1,78,11,1997,2,13,-1,1,-1
2015440146859,2,1,0,18,0,0,0,0,0,0,1,1,6,1,58,9,-1,-1,-1,-1,3,-1
2015440146859,3,1,0,18,0,0,0,0,0,0,2,1,6,2,25,5,-1,-1,-1,-1,1,-1
2015440147014,1,9,0,5,0,8,0,0,0,0,1,1,6,1,27,6,1242,1,9,-1,1,-1
2015440147014,2,1,0,18,0,8,0,0,0,0,1,1,6,1,20,4,-1,-1,-1,-1,1,-1
2015440147058,1,9,0,2,0,2,0,0,0,0,3,1,6,3,-1,-1,1596,1,12,-1,-1,-1
2015440147480,1,19,0,1,0,0,0,0,0,0,2,1,6,3,-1,-1,4580,2,2,-1,-1,-1
2015440147480,2,3,0,3,0,0,0,0,0,0,1,1,6,1,22,5,108,1,1,-1,1,-1
2015440147530,1,9,0,3,0,1,0,0,0,0,2,1,6,2,24,5,1299,1,13,-1,1,-1
2015440147530,2,9,0,18,0,1,0,0,0,0,1,1,6,3,-1,-1,2597,1,14,-1,-1,-1
2015440147607,1,1,0,18,0,8,0,0,0,0,4,1,2,1,19,4,-1,-1,-1,-1,1,-1
2015440147607,2,9,0,9,0,4,0,0,0,0,1,1,2,3,-1,-1,-1,-1,-1,-1,-1,-1
2015440147639,1,19,0,18,0,0,0,0,0,0,2,1,6,2,33,6,2384,2,21,-1,3,-1
2015440147639,2,19,0,18,0,0,0,0,0,0,1,1,6,1,44,7,2461,2,16,-1,3,-1
2015440147778,1,19,0,3,0,0,0,0,0,0,2,1,6,2,38,7,1968,2,3,-1,1,-1
2015440147778,2,9,0,3,0,0,0,0,0,0,2,1,6,2,22,5,1149,1,14,-1,1,-1
2015440147778,3,9,0,18,0,0,1,0,0,0,1,1,6,2,19,4,998,1,8,-1,1,-1
2015440147824,1,3,0,13,0,1,0,0,0,0,1,1,6,1,23,5,124,1,8,-1,1,-1
2015440147824,2,9,0,9,0,5,0,0,0,0,3,1,6,1,50,8,4799,1,9,-1,1,-1
2015440147843,1,9,0,4,0,1,0,0,0,0,2,1,6,2,47,8,1598,1,1,-1,1,-1
2015440147843,2,9,0,4,0,1,0,0,0,0,1,1,6,1,22,5,-1,-1,-1,-1,1,-1
2015440147937,1,9,0,3,0,0,0,0,0,0,2,1,6,1,23,5,1229,1,4,-1,3,-1
2015440147937,2,9,0,5,0,0,0,0,0,0,1,1,6,1,17,4,1242,1,15,-1,1,-1
2015440147961,1,9,0,4,0,1,0,7,0,0,4,1,6,1,29,6,-1,-1,-1,-1,1,-1
2015440147961,2,9,0,9,0,6,0,0,0,0,1,1,6,2,28,6,1686,2,2,-1,1,-1
2015440147985,1,9,0,9,0,8,0,0,0,0,3,1,1,1,31,6,1598,2,2,-1,2,-1
2015440147985,2,9,0,18,0,8,0,0,0,0,1,1,6,1,67,10,1388,1,4,-1,1,-1
2015440148025,1,9,0,9,0,8,0,0,0,0,1,1,6,1,23,5,1461,2,11,-1,1,-1
2015440148025,2,9,0,18,0,1,0,0,0,0,4,1,6,1,46,8,-1,-1,-1,-1,2,-1
2015440148057,1,9,0,18,0,0,0,0,0,0,1,1,6,2,38,7,1397,1,3,-1,1,-1
2015440148057,2,9,0,18,0,0,0,0,0,0,2,1,6,2,24,5,1596,1,13,-1,1,-1
2015440148094,1,9,0,18,0,2,5,0,1,7,1,1,6,2,45,7,1240,1,7,-1,3,-1
2015440148169,1,9,0,18,0,8,0,0,0,0,1,1,6,1,50,8,-1,-1,-1,-1,1,-1
2015440148169,2,9,0,18,0,8,0,0,0,0,1,1,6,2,21,5,1599,1,12,-1,1,-1
2015440148170,1,9,0,5,0,1,0,0,0,0,1,1,6,2,57,9,1896,2,13,-1,1,-1
2015440148170,2,1,0,18,0,8,0,0,0,0,3,1,6,1,18,4,-1,-1,-1,-1,1,-1
2015440148275,1,9,0,7,0,8,0,0,0,0,4,1,6,3,-1,-1,-1,-1,-1,-1,-1,-1
2015440148412,1,9,0,18,0,8,0,9,1,2,1,1,6,1,45,7,1753,2,12,-1,3,-1
2015440148463,1,9,0,18,0,8,0,0,0,0,4,1,6,2,22,5,1951,2,14,-1,-1,-1
2015440148463,2,9,0,18,0,8,0,0,0,0,1,1,6,1,27,6,1968,2,8,-1,1,-1
2015440148590,1,9,0,18,0,0,2,0,2,10,4,1,6,1,36,7,1995,2,4,-1,3,-1
2015440148606,1,9,0,18,0,0,5,0,1,9,1,1,6,1,20,4,1149,1,7,-1,1,-1
2015440148646,1,8,0,7,0,8,0,0,0,0,0,1,6,3,-1,-1,1248,2,4,-1,-1,-1
2015440148646,2,1,0,18,0,8,0,0,0,0,0,1,6,1,19,4,-1,-1,-1,-1,1,-1
2015440148651,1,9,0,13,0,0,2,0,7,4,1,1,6,1,44,7,1998,1,10,-1,3,-1
2015440148688,1,19,0,13,0,8,0,0,0,0,0,1,6,1,57,9,-1,-1,-1,-1,1,-1
2015440148688,2,1,0,18,0,8,0,0,0,0,0,1,6,2,13,3,-1,-1,-1,-1,1,-1
2015440148698,1,9,0,3,0,8,0,0,0,0,2,1,6,1,34,6,1560,2,11,-1,1,-1
2015440148698,2,9,0,18,0,8,0,0,0,0,1,1,6,1,-1,-1,-1,-1,-1,-1,-1,-1
2015440148781,1,9,0,6,0,8,0,0,0,0,0,1,6,1,26,6,-1,-1,-1,-1,-1,-1
2015440148781,2,3,0,18,0,8,0,0,0,0,0,1,6,1,23,5,124,1,1,-1,1,-1
2015440148835,1,9,0,16,0,0,1,0,0,0,1,1,6,1,56,9,2231,2,2,-1,1,-1
2015440148835,2,9,0,17,0,0,0,0,1,0,1,1,2,1,21,5,1388,1,12,-1,1,-1
2015440148852,1,9,0,7,0,8,0,0,0,0,4,1,6,2,66,10,2148,2,10,-1,1,-1
2015440148852,2,1,0,18,0,8,0,0,0,0,2,1,6,1,55,8,-1,-1,-1,-1,1,-1
2015440149284,1,9,0,9,0,8,1,0,1,0,1,1,6,2,35,6,1598,1,13,-1,1,-1
2015440149284,2,9,0,18,0,8,0,0,0,0,1,1,6,1,56,9,-1,-1,-1,-1,1,-1
2015440149315,1,9,0,16,0,0,0,0,1,0,0,1,6,1,35,6,1390,1,15,-1,3,-1
2015440149522,1,9,0,17,0,0,1,0,1,3,1,1,6,2,25,5,1242,1,2,-1,1,-1
2015440149524,1,9,0,18,0,8,5,7,0,0,3,1,2,1,59,9,996,1,1,-1,1,-1
2015440149536,1,9,0,18,0,0,0,0,0,0,1,1,2,1,43,7,1998,1,9,-1,1,-1
2015440149536,2,21,1,18,0,0,0,0,0,0,2,1,1,1,-1,-1,12777,2,3,-1,-1,-1
2015440149539,1,19,0,9,0,8,0,0,0,0,4,1,6,1,38,7,-1,-1,-1,-1,1,-1
2015440149539,2,5,0,18,0,8,0,0,0,0,1,1,6,1,30,6,647,1,16,-1,1,-1
2015440149544,1,5,0,17,0,0,1,0,0,0,4,1,6,1,39,7,675,1,4,-1,1,-1
2015440149606,1,9,0,3,0,1,0,0,0,0,2,1,6,2,34,6,2231,2,8,-1,1,-1
2015440149606,2,9,0,5,0,1,0,0,0,0,1,1,6,3,-1,-1,1598,1,9,-1,-1,-1
2015440149801,1,9,0,7,0,8,0,0,0,0,1,1,6,1,69,10,1197,1,3,-1,1,-1
2015440149801,2,1,0,18,0,8,0,0,0,0,3,1,6,1,21,5,-1,-1,-1,-1,1,-1
2015440149813,1,9,0,4,0,0,0,0,0,0,2,1,6,2,53,8,1598,2,1,-1,1,-1
2015440149813,2,9,0,4,0,0,0,0,0,0,1,1,6,1,77,11,989,1,11,-1,1,-1
2015440149813,3,9,0,18,0,0,0,0,0,0,1,1,6,1,22,5,1598,1,11,-1,1,-1
2015440149814,1,3,0,18,0,1,0,0,0,0,1,1,6,1,22,5,124,1,2,-1,3,-1
2015440149814,2,19,0,3,0,1,0,0,0,0,2,1,6,1,28,6,2198,2,5,-1,1,-1
2015440149832,1,3,0,17,0,1,1,10,1,0,4,1,6,2,18,4,124,1,6,-1,1,-1
2015440149927,1,9,0,18,0,1,0,0,3,10,1,1,6,1,80,11,1360,1,15,-1,1,-1
2015440149959,1,9,0,9,0,5,0,0,0,0,3,1,6,1,22,5,1598,1,12,-1,1,-1
2015440149959,2,5,0,13,0,1,0,0,0,0,1,1,6,2,22,5,-1,-1,-1,-1,-1,-1
2015440149993,1,9,0,18,0,0,0,0,0,0,1,1,6,1,77,11,1242,1,3,-1,3,-1
2015440149993,2,9,0,4,0,0,0,0,0,0,2,1,6,1,60,9,1598,1,15,-1,3,-1
2015440149993,3,19,0,4,0,0,0,0,0,0,2,1,6,3,-1,-1,1995,2,1,-1,-1,-1
2015440150264,1,9,0,18,0,0,0,0,0,0,1,1,6,1,45,7,1399,2,3,-1,1,-1
2015440150264,2,9,0,18,0,0,0,0,0,0,1,1,6,1,27,6,1390,1,15,-1,3,-1
2015440150428,1,9,0,10,0,1,0,0,0,0,2,1,6,1,61,9,2183,2,5,-1,3,-1
2015440150428,2,9,0,18,0,1,0,0,0,0,1,1,1,1,39,7,1870,2,15,-1,1,-1
2015440150522,1,9,0,5,0,4,0,0,0,0,1,1,6,1,67,10,1364,1,1,-1,3,-1
2015440150522,2,9,0,18,0,8,0,0,0,0,4,1,6,2,43,7,1598,1,9,-1,1,-1
2015440150613,1,1,0,18,0,0,1,0,0,0,3,1,2,1,25,5,-1,-1,-1,-1,1,-1
2015440150613,2,9,0,13,0,0,0,0,0,0,4,1,6,3,-1,-1,-1,-1,-1,-1,-1,-1
2015440150740,1,9,0,18,0,1,0,0,0,0,3,1,2,1,35,6,1600,1,23,-1,1,-1
2015440150740,2,9,0,9,0,6,0,0,0,0,1,1,1,2,39,7,2521,1,12,-1,1,-1
2015440151035,1,9,0,18,0,0,0,0,0,0,1,1,3,2,28,6,1582,2,4,-1,1,-1
2015440151035,2,9,0,3,0,0,0,0,0,0,2,1,6,1,37,7,2993,2,2,-1,1,-1
2015440151093,1,9,0,18,0,8,0,0,0,0,1,1,6,1,62,9,1329,1,1,-1,1,-1
2015440151093,2,9,0,18,0,8,0,0,0,0,2,1,6,1,38,7,1781,1,12,-1,1,-1
2015440151107,1,9,0,4,0,0,0,0,0,0,3,1,6,2,47,8,1598,1,5,-1,1,-1
2015440151107,2,9,0,4,0,0,0,0,0,0,2,1,6,1,28,6,1198,1,11,-1,1,-1
2015440151107,3,9,0,18,0,0,0,0,0,0,1,1,6,3,-1,-1,-1,-1,-1,-1,-1,-1
2015440151186,1,9,0,5,0,8,0,0,0,0,3,1,6,1,70,10,1596,1,-1,-1,1,-1
2015440151186,2,9,0,18,0,8,0,0,1,7,4,1,6,1,49,8,1796,1,11,-1,1,-1
2015440151215,1,9,0,18,0,8,0,0,0,0,1,1,6,2,36,7,1242,1,4,-1,1,-1
2015440151215,2,9,0,18,0,4,0,0,0,0,3,1,6,1,17,4,1198,1,4,-1,1,-1
2015440151515,1,9,0,9,0,0,0,0,0,0,1,1,6,1,37,7,2972,1,19,-1,1,-1
2015440151515,2,9,0,18,0,0,0,0,0,0,3,1,6,2,42,7,1685,2,1,-1,1,-1
2015440151673,1,9,0,18,0,8,0,0,1,9,1,1,2,1,27,6,1975,1,10,-1,1,-1
2015440151864,1,9,0,5,0,1,0,0,0,0,2,1,6,2,65,9,1248,2,7,-1,3,-1
2015440151864,2,19,0,5,0,1,0,0,0,0,1,1,6,2,48,8,1560,2,4,-1,3,-1
2015440151874,1,9,0,16,0,0,2,0,7,11,1,1,6,2,44,7,1364,1,5,-1,1,-1
2015440151944,1,9,0,18,0,0,0,0,1,7,1,1,2,2,60,9,-1,-1,-1,-1,1,-1
2015440152103,1,97,0,18,0,8,0,0,0,0,1,1,2,2,24,5,124,1,1,-1,1,-1
2015440152103,2,9,0,7,0,8,0,0,0,0,2,1,2,1,24,5,1753,2,12,-1,1,-1
2015440152107,1,9,0,17,0,0,1,0,1,11,4,1,6,2,32,6,1248,2,9,-1,3,-1
2015440152107,2,9,0,18,0,0,0,0,0,0,1,1,3,2,50,8,1461,2,1,-1,3,-1
2015440152405,1,9,0,10,9,1,0,0,0,0,4,1,2,2,36,7,1198,1,11,-1,1,-1
2015440152405,2,1,0,4,9,8,1,0,0,0,1,1,2,1,55,8,-1,-1,-1,-1,1,-1
2015440152459,1,9,0,5,0,0,0,0,0,0,3,1,6,2,52,8,1398,2,5,-1,1,-1
2015440152459,2,19,0,13,0,0,0,0,0,0,1,1,1,1,47,8,5880,2,12,-1,3,-1
2015440152555,1,3,0,15,0,1,0,0,0,0,1,1,6,1,23,5,124,1,17,-1,1,-1
2015440152555,2,9,0,9,0,5,0,0,0,0,4,1,6,2,51,8,1995,1,13,-1,1,-1
2015440152623,1,9,0,18,0,8,0,0,0,0,1,1,1,1,42,7,1998,2,1,-1,1,-1
2015440152623,2,9,0,17,0,8,0,0,0,0,3,1,6,2,52,8,1998,1,12,-1,1,-1
2015440152705,1,9,0,9,0,8,0,0,0,0,3,1,3,2,38,7,2362,1,15,-1,1,-1
2015440152705,2,9,0,18,0,1,0,0,0,0,1,1,6,2,18,4,1360,1,14,-1,1,-1
2015440152757,1,11,0,5,0,0,0,0,0,0,0,1,1,1,31,6,-1,-1,-1,-1,1,-1
2015440152799,1,9,0,18,0,1,0,0,0,0,1,1,6,1,44,7,-1,-1,-1,-1,1,-1
2015440152799,2,1,0,18,0,8,0,0,0,0,4,1,6,1,52,8,-1,-1,-1,-1,1,-1
2015440152812,1,9,0,12,0,2,1,0,1,7,3,1,6,1,19,4,1388,1,6,-1,1,-1
2015440152812,2,9,0,18,0,2,1,0,1,7,4,1,2,1,64,9,1968,2,3,-1,3,-1
2015440153022,1,9,0,18,0,0,0,0,0,0,3,1,2,1,34,6,1360,1,8,-1,1,-1
2015440153043,1,9,0,18,0,2,0,0,0,0,1,1,1,1,40,7,1968,2,4,-1,1,-1
2015440153417,1,9,0,5,0,1,0,0,0,0,4,1,6,1,53,8,1587,1,12,-1,1,-1
2015440153417,2,5,0,15,0,1,0,0,0,0,3,1,6,1,45,7,1255,1,7,-1,1,-1
2015440153531,1,9,0,6,0,8,0,0,0,0,2,1,2,1,21,5,-1,-1,-1,-1,1,-1
2015440153531,2,9,0,5,0,1,0,0,0,0,1,1,2,1,21,5,1242,1,6,-1,1,-1
2015440153593,1,9,0,18,0,1,0,0,0,0,4,1,6,3,-1,-1,-1,-1,-1,-1,-1,-1
2015440153697,1,9,0,3,0,0,0,0,0,0,2,1,6,2,40,7,2000,2,4,-1,1,-1
2015440153697,2,9,0,18,0,0,0,0,0,0,2,1,6,1,77,11,1390,1,13,-1,1,-1
2015440153697,3,9,0,18,0,0,0,0,0,0,1,1,6,1,60,9,1995,2,14,-1,1,-1
2015440153864,1,9,0,16,0,0,0,0,0,0,4,1,2,1,49,8,1796,1,20,-1,1,-1
2015440153866,1,9,0,18,0,0,0,0,0,0,1,1,6,2,18,4,1598,1,8,-1,3,-1
2015440153951,1,9,0,9,0,8,0,0,0,0,3,1,6,2,37,7,1560,2,5,-1,1,-1
2015440153951,2,3,0,18,0,8,0,0,0,0,1,1,2,1,20,4,125,1,3,-1,1,-1
2015440154212,1,9,0,9,0,8,0,0,0,0,1,1,6,1,32,6,996,1,1,-1,3,-1
2015440154212,2,9,0,5,0,8,0,0,0,0,3,1,6,2,23,5,1360,1,8,-1,1,-1
2015440154354,1,9,0,9,0,1,0,0,0,0,4,1,2,1,28,6,1198,1,12,-1,1,-1
2015440154354,2,1,0,18,0,1,0,0,0,0,1,1,2,1,39,7,-1,-1,-1,-1,1,-1
2015440154398,1,2,0,13,0,0,1,7,7,0,1,1,2,1,17,4,50,1,11,-1,1,-1
2015440154398,2,9,0,18,0,0,0,0,0,0,1,1,2,1,52,8,1968,2,11,-1,1,-1
2015440154419,1,3,0,15,0,8,0,0,0,0,3,1,2,2,59,9,125,1,1,-1,1,-1
2015440154419,2,1,0,15,0,8,0,0,0,0,4,1,2,1,35,6,-1,-1,-1,-1,1,-1
2015440154517,1,9,0,9,0,8,0,0,0,0,1,1,6,2,84,11,1242,1,6,-1,1,-1
2015440154517,2,1,0,18,0,8,0,0,0,0,1,1,6,2,45,7,-1,-1,-1,-1,1,-1
2015440155099,1,5,0,18,0,1,1,0,0,0,0,1,1,1,26,6,-1,-1,-1,-1,1,-1
2015440155099,2,9,0,9,0,8,0,0,0,0,0,1,6,2,18,4,1240,1,11,-1,2,-1
2015440155142,1,19,0,9,0,8,0,0,0,0,3,1,1,1,44,7,1248,2,4,-1,1,-1
2015440155142,2,9,0,18,0,8,0,0,0,0,1,1,6,2,26,6,1598,1,13,-1,1,-1
2015440155164,1,97,0,18,0,0,0,0,0,0,1,1,2,1,17,4,-1,-1,-1,-1,1,-1
2015440155354,1,9,0,13,0,0,0,0,0,0,4,1,6,1,25,5,1686,2,4,-1,1,-1
2015440155354,2,1,0,12,0,0,0,0,0,0,3,1,6,2,38,7,-1,-1,-1,-1,1,-1
2015440155508,1,9,0,18,0,0,0,0,7,4,1,1,6,2,49,8,1461,2,2,-1,1,-1
2015440155562,1,9,0,16,0,0,0,0,4,6,1,1,6,2,19,4,1392,1,17,-1,1,-1
2015440155680,1,9,0,18,0,0,2,0,7,4,4,1,6,1,18,4,1362,1,3,-1,1,-1
2015440155942,1,9,0,18,0,2,0,0,1,0,1,1,6,1,42,7,2435,1,13,-1,1,-1
2015440155993,1,1,0,18,0,0,0,0,1,0,4,1,6,1,60,9,-1,-1,-1,-1,3,-1
2015440156077,1,1,0,18,4,8,0,0,0,0,4,1,6,1,27,6,-1,-1,-1,-1,1,-1
2015440156077,2,9,0,5,4,8,0,0,0,0,1,1,6,2,-1,-1,-1,-1,-1,-1,-1,-1
2015440156167,1,1,0,15,0,1,0,0,0,0,1,1,4,1,14,3,-1,-1,-1,-1,1,-1
2015440156233,1,9,0,14,0,2,0,0,0,0,1,1,6,1,72,10,1999,1,10,-1,1,-1
2015440156378,1,8,0,18,0,1,0,0,0,0,1,1,1,1,42,7,1685,2,2,-1,1,-1
2015440156413,1,1,0,18,0,0,0,0,0,0,2,1,6,1,14,3,-1,-1,-1,-1,1,-1
2015440156413,2,9,0,13,0,0,0,0,0,0,1,1,6,3,-1,-1,-1,-1,-1,-1,-1,-1
2015440157080,1,9,0,3,0,0,0,0,0,0,2,1,6,1,31,6,1364,1,8,-1,1,-1
2015440157080,2,19,0,5,0,0,0,0,0,0,1,1,1,1,26,6,2402,2,14,-1,1,-1
2015440157093,1,9,0,5,0,8,0,0,0,0,1,1,6,1,64,9,2993,2,4,-1,3,-1
2015440157093,2,9,0,10,0,8,0,0,0,0,2,1,6,2,31,6,1796,1,10,-1,2,-1
2015440157209,1,9,0,12,0,8,0,0,0,0,3,1,6,1,44,7,999,1,10,-1,1,-1
2015440157209,2,5,0,18,0,8,0,0,0,0,1,1,6,1,34,6,749,1,16,-1,1,-1
2015440157218,1,5,0,17,0,0,1,0,0,0,0,1,6,1,-1,-1,944,1,18,-1,1,-1
2015440157222,1,9,0,4,0,0,0,0,0,0,2,1,6,2,22,5,1596,1,8,-1,3,-1
2015440157222,2,9,0,4,0,0,0,0,0,0,2,1,6,2,52,8,1242,1,2,-1,1,-1
2015440157222,3,9,0,18,0,0,1,0,0,0,1,1,6,1,34,6,1686,2,1,-1,1,-1
2015440157370,1,1,0,17,0,0,0,0,0,0,1,1,6,1,18,4,-1,-1,-1,-1,1,-1
2015440157370,2,9,0,16,0,0,0,0,0,0,1,1,6,2,-1,-1,-1,-1,-1,-1,-1,-1
2015440157450,1,9,0,13,0,0,5,0,1,9,1,1,6,1,47,8,-1,-1,-1,-1,1,-1
2015440157890,1,3,0,18,0,1,0,0,0,0,1,1,1,1,20,4,123,1,32,-1,1,-1
2015440157890,2,9,0,4,0,1,0,0,0,0,2,1,1,2,44,7,1388,1,9,-1,1,-1
2015440157927,1,9,0,4,0,2,0,0,0,0,2,1,2,2,26,6,1596,1,12,-1,1,-1
2015440157927,2,19,0,18,0,2,0,0,0,0,1,1,1,1,38,7,2198,2,3,-1,2,-1
2015440158022,1,3,0,14,0,2,0,0,0,0,1,1,2,1,20,4,124,1,10,-1,1,-1
2015440158413,1,9,0,18,0,8,0,0,0,0,0,1,6,3,-1,-1,-1,-1,-1,-1,-1,-1
2015440158413,2,5,0,18,0,8,1,0,0,0,0,1,6,1,70,10,865,1,-1,-1,1,-1
2015440158588,1,9,0,9,0,8,0,0,0,0,4,1,6,1,68,10,2204,2,7,-1,1,-1
2015440158588,2,4,0,18,0,1,1,0,0,0,1,1,6,1,37,7,599,1,16,-1,1,-1
2015440158651,1,19,0,4,0,1,0,0,0,0,1,1,6,1,42,7,2402,2,12,-1,1,-1
2015440158651,2,9,0,3,0,1,0,0,0,0,2,1,6,2,58,9,1590,1,12,-1,1,-1
2015440158727,1,19,0,18,0,1,0,0,0,0,3,1,6,1,41,7,1998,2,11,-1,1,-1
2015440158727,2,9,0,18,0,2,0,0,0,0,3,1,6,3,-1,-1,-1,-1,-1,-1,-1,-1
2015440158761,1,9,0,9,0,8,0,0,0,0,1,1,6,1,32,6,1910,2,8,-1,3,-1
2015440158761,2,4,0,18,0,8,1,0,0,0,1,1,6,1,61,9,490,1,76,-1,3,-1
2015440158780,1,9,0,3,0,1,0,0,0,0,2,1,6,2,32,6,1598,1,13,-1,1,-1
2015440158780,2,19,0,18,0,1,0,0,0,0,1,1,6,3,-1,-1,1753,2,7,-1,-1,-1
2015440158832,1,9,0,16,0,0,0,0,0,0,3,1,6,2,19,4,1389,1,17,-1,1,-1
2015440158832,2,19,0,17,0,0,0,0,0,0,3,1,1,1,26,6,2198,2,3,-1,1,-1
2015440158949,1,9,0,18,0,1,0,0,0,0,1,1,6,1,24,5,1124,1,11,-1,1,-1
2015440159006,1,9,0,17,0,0,1,0,1,4,1,1,6,2,21,5,1975,1,9,-1,3,-1
2015440159028,1,9,0,4,0,0,0,0,0,0,2,1,6,1,42,7,2996,2,33,-1,1,-1
2015440159028,2,9,0,4,0,0,0,0,0,0,1,1,6,1,20,4,1242,1,4,-1,2,-1
2015440159058,1,9,0,9,0,8,0,0,0,0,3,1,6,2,42,7,1390,1,7,-1,1,-1
2015440159058,2,5,0,14,0,8,0,0,0,0,4,1,6,1,66,10,1261,1,5,-1,2,-1
2015440159164,1,9,0,18,0,0,1,0,0,0,1,1,6,1,21,5,1149,1,14,-1,1,-1