Accident_Index,Vehicle_Reference,Vehicle_Type,Towing_and_Articulation,Vehicle_Manoeuvre,Vehicle_Location-Restricted_Lane,Junction_Location,Skidding_and_Overturning,Hit_Object_in_Carriageway,Vehicle_Leaving_Carriageway,Hit_Object_off_Carriageway,1st_Point_of_Impact,Was_Vehicle_Left_Hand_Drive?,Journey_Purpose_of_Driver,Sex_of_Driver,Age_of_Driver,Age_Band_of_Driver,Engine_Capacity_(CC),Propulsion_Code,Age_of_Vehicle,Driver_IMD_Decile,Driver_Home_Area_Type,Vehicle_IMD_Decile
2015440190394,1,9,0,13,0,0,0,0,0,0,1,1,6,3,-1,-1,-1,-1,-1,-1,-1,-1
2015440190394,2,1,0,18,0,0,0,0,0,0,2,1,1,1,20,4,-1,-1,-1,-1,1,-1
2015440190708,1,9,0,18,0,1,0,0,0,0,1,1,6,1,17,4,1388,1,12,-1,1,-1
2015440190708,2,9,0,4,0,1,0,0,0,0,2,1,2,1,53,8,1198,1,9,-1,1,-1
2015440190780,1,9,0,18,0,8,0,0,0,0,1,1,6,1,43,7,1598,1,4,-1,1,-1
2015440190780,2,9,0,10,0,8,0,0,0,0,2,1,6,2,26,6,1149,1,17,-1,1,-1
2015440190784,1,9,0,7,0,8,0,0,0,0,4,1,6,1,31,6,-1,-1,-1,-1,1,-1
2015440190784,2,1,0,18,0,1,0,0,0,0,1,1,6,1,33,6,-1,-1,-1,-1,1,-1
2015440190792,1,9,0,18,0,2,0,0,0,0,2,1,6,2,52,8,1200,1,-1,-1,1,-1
2015440190792,2,9,0,18,0,2,0,0,0,0,1,1,6,3,-1,-1,1973,1,15,-1,-1,-1
2015440190817,1,5,0,18,0,8,0,0,0,0,1,1,6,1,42,7,1198,1,7,-1,1,-1
2015440190817,2,9,0,18,0,8,0,0,0,0,2,1,6,2,21,5,1242,1,3,-1,1,-1
2015440191175,1,9,0,9,0,8,0,0,0,0,3,1,6,1,43,7,1364,1,-1,-1,3,-1
2015440191175,2,1,0,14,0,8,0,0,0,0,1,1,6,1,23,5,-1,-1,-1,-1,1,-1
2015440191188,1,1,0,18,0,8,0,0,0,0,1,1,6,2,9,2,-1,-1,-1,-1,1,-1
2015440191188,2,9,0,5,0,8,0,0,0,0,4,1,6,1,38,7,1598,1,12,-1,1,-1
2015440191196,1,9,0,18,0,0,0,0,0,0,1,1,6,2,32,6,998,1,2,-1,1,-1
2015440191203,1,9,0,18,0,8,0,0,0,0,1,1,6,1,21,5,1395,1,1,-1,3,-1
2015440191203,2,9,0,10,0,8,0,0,0,0,0,1,6,1,55,8,4999,1,-1,-1,-1,-1
2015440191289,1,9,0,5,0,8,0,0,2,10,3,1,6,2,32,6,1598,1,13,-1,3,-1
2015440191289,2,9,0,18,0,8,0,0,0,0,1,1,6,1,44,7,1560,2,6,-1,1,-1
2015440191332,1,9,0,9,0,8,0,0,0,0,4,1,6,1,25,5,998,1,7,-1,1,-1
2015440191332,2,1,0,18,0,8,0,0,0,0,1,1,6,1,29,6,-1,-1,-1,-1,1,-1
2015440191365,1,9,0,18,0,8,0,0,0,0,3,1,6,2,52,8,1896,2,7,-1,-1,-1
2015440191365,2,9,0,9,0,8,0,0,0,0,1,1,6,2,31,6,998,1,6,-1,1,-1
2015440191493,1,9,0,16,0,0,0,0,7,4,1,1,6,1,18,4,999,1,14,-1,2,-1
2015440191524,1,9,0,9,0,8,0,0,0,0,3,1,6,3,-1,-1,-1,-1,-1,-1,-1,-1
2015440191524,2,8,0,18,0,1,0,0,0,0,1,1,6,1,34,6,1242,1,7,-1,1,-1
2015440191577,1,9,0,7,0,8,0,0,7,2,1,1,6,1,33,6,1124,1,17,-1,1,-1
2015440191581,1,9,0,18,0,8,0,0,0,0,1,1,6,3,-1,-1,-1,-1,-1,-1,-1,-1
2015440191581,2,1,0,9,0,8,0,0,0,0,3,1,6,1,31,6,-1,-1,-1,-1,1,-1
2015440191749,1,-1,0,18,0,0,0,0,0,0,1,1,6,3,-1,-1,-1,-1,-1,-1,-1,-1
2015440192014,1,9,0,18,0,8,0,0,0,0,1,1,6,1,53,8,-1,-1,-1,-1,1,-1
2015440192014,2,9,0,10,0,8,0,0,0,0,2,1,1,1,56,9,1598,2,2,-1,1,-1
2015440192037,1,9,0,18,0,2,0,0,0,0,4,1,6,1,50,8,1796,1,13,-1,1,-1
2015440192060,1,1,0,18,0,0,0,0,0,0,0,1,6,1,47,8,-1,-1,-1,-1,1,-1
2015440192065,1,9,0,3,0,0,0,0,0,0,2,1,6,2,55,8,1360,1,9,-1,1,-1
2015440192065,2,9,0,4,0,0,0,0,0,0,1,1,6,3,-1,-1,1598,1,9,-1,-1,-1
2015440192108,1,9,0,18,0,8,0,0,0,0,4,1,1,1,32,6,1560,2,4,-1,1,-1
2015440192108,2,1,0,18,0,8,0,0,0,0,1,1,6,2,17,4,-1,-1,-1,-1,1,-1
2015440192243,1,9,0,4,0,0,0,0,0,0,2,1,6,1,24,5,1229,1,3,-1,1,-1
2015440192243,2,9,0,18,0,0,0,0,0,0,1,1,6,2,24,5,1988,1,14,-1,1,-1
2015440192243,3,19,0,18,0,0,0,0,0,0,1,1,1,1,32,6,1753,2,3,-1,1,-1
2015440192243,4,9,0,18,0,0,0,0,0,0,1,1,6,1,-1,-1,1461,2,1,-1,-1,-1
2015440192262,1,5,0,18,0,1,1,0,0,0,1,1,6,1,46,8,903,1,9,-1,1,-1
2015440192262,2,9,0,4,0,1,0,0,0,0,2,1,6,2,27,6,1598,2,3,-1,3,-1
2015440192403,1,5,0,18,0,0,1,0,0,0,4,1,6,1,40,7,1731,1,4,-1,1,-1
2015440192483,1,20,0,18,0,0,1,0,0,0,1,1,1,1,23,5,-1,-1,-1,-1,1,-1
2015440192842,1,9,0,1,0,0,0,0,0,0,2,1,6,3,-1,-1,-1,-1,-1,-1,-1,-1
2015440192861,1,1,0,18,0,8,0,0,0,0,4,1,6,1,36,7,-1,-1,-1,-1,1,-1
2015440192861,2,9,0,7,0,8,0,0,0,0,1,1,2,1,43,7,875,1,3,-1,1,-1
2015440192979,1,9,0,1,9,8,0,0,0,0,2,1,6,2,19,4,1360,1,9,-1,1,-1
2015440193310,1,9,0,4,0,0,0,0,0,0,1,1,6,2,38,7,1242,1,6,-1,1,-1
2015440193310,2,9,0,4,0,0,0,0,0,0,2,1,6,1,72,10,1986,2,7,-1,1,-1
2015440193310,3,9,0,4,0,0,0,0,0,0,2,1,6,2,56,9,-1,-1,-1,-1,-1,-1
2015440193513,1,9,0,18,0,0,0,0,0,0,1,1,6,2,28,6,1598,1,11,-1,2,-1
2015440193513,2,9,0,18,0,0,0,0,0,0,1,1,6,1,69,10,1341,1,10,-1,1,-1
2015440193553,1,9,0,9,0,8,0,0,0,0,1,1,6,2,35,6,1998,8,-1,-1,1,-1
2015440193553,2,3,0,18,0,8,0,0,0,0,3,1,6,2,18,4,124,1,6,-1,2,-1
2015440193610,1,1,0,16,0,0,0,0,1,10,1,1,6,1,44,7,-1,-1,-1,-1,1,-1
2015440193610,2,20,0,13,0,0,0,0,0,0,0,1,1,1,47,8,-1,-1,-1,-1,1,-1
2015440193610,3,19,0,17,0,0,0,0,0,0,0,1,2,1,67,10,-1,-1,-1,-1,1,-1
2015440193624,1,9,0,4,0,8,0,0,0,0,1,1,2,2,40,7,1339,1,6,-1,1,-1
2015440193624,2,9,0,4,0,8,0,0,0,0,1,1,2,2,48,8,1995,2,3,-1,1,-1
2015440193624,3,9,0,4,0,8,0,0,0,0,2,1,2,2,44,7,1968,2,3,-1,1,-1
2015440193695,1,9,0,17,0,0,0,0,0,0,1,1,6,1,35,6,1896,2,13,-1,1,-1
2015440193695,2,1,0,17,0,0,0,0,0,0,1,1,6,1,32,6,-1,-1,-1,-1,2,-1
2015440193753,1,9,0,13,0,0,0,0,0,0,4,1,6,3,-1,-1,-1,-1,-1,-1,-1,-1
2015440194135,1,9,0,18,0,8,0,0,0,0,1,1,2,1,26,6,1242,1,10,-1,1,-1
2015440194135,2,9,0,9,0,8,0,0,0,0,1,1,2,2,38,7,1798,1,3,-1,1,-1
2015440194166,1,9,0,9,0,8,0,0,0,0,1,1,2,2,51,8,1560,2,4,-1,1,-1
2015440194166,2,9,0,18,0,8,0,0,1,11,1,1,2,2,31,6,1991,2,8,-1,3,-1
2015440194209,1,9,0,5,0,8,0,0,0,0,2,1,2,2,56,9,1995,2,1,-1,2,-1
2015440194209,2,9,0,5,0,8,0,0,0,0,1,1,1,1,61,9,1560,2,1,-1,1,-1
2015440194227,1,1,0,18,0,0,0,0,0,0,2,1,4,1,12,3,-1,-1,-1,-1,1,-1
2015440194227,2,9,0,18,0,0,0,0,0,0,1,1,6,2,-1,-1,-1,-1,-1,-1,-1,-1
2015440194234,1,9,0,18,0,0,0,0,5,6,3,1,6,1,29,6,1582,2,-1,-1,2,-1
2015440194234,2,19,0,18,0,0,0,0,0,0,4,1,1,1,33,6,1560,2,-1,-1,1,-1
2015440194473,1,9,0,9,0,6,0,0,0,0,1,1,1,2,32,6,-1,-1,-1,-1,1,-1
2015440194537,1,9,0,9,0,8,0,0,7,11,3,1,6,2,29,6,1587,1,11,-1,1,-1
2015440194537,2,9,0,13,0,1,0,0,7,11,3,1,6,1,60,9,1991,1,16,-1,1,-1
2015440194537,3,9,0,2,0,1,0,0,0,0,4,1,6,3,-1,-1,1896,2,16,-1,-1,-1
2015440194548,1,9,0,18,0,0,0,0,0,0,1,1,6,3,-1,-1,-1,-1,-1,-1,-1,-1
2015440194571,1,20,0,18,0,1,0,0,0,0,4,1,1,1,28,6,-1,-1,-1,-1,1,-1
2015440194571,2,9,0,9,0,8,0,0,0,0,1,1,1,2,32,6,1248,1,6,-1,1,-1
2015440194603,1,1,0,18,0,0,0,0,0,0,3,1,6,1,32,6,-1,-1,-1,-1,1,-1
2015440194603,2,9,0,6,0,0,0,0,0,0,1,1,6,3,-1,-1,-1,-1,-1,-1,-1,-1
2015440194707,1,11,0,5,0,1,0,0,0,0,0,1,1,3,-1,-1,9000,2,6,-1,-1,-1
2015440194803,1,1,0,9,0,0,0,0,0,0,1,1,6,1,52,8,-1,-1,-1,-1,1,-1
2015440194803,2,1,0,9,0,0,0,0,0,0,3,1,6,2,9,2,-1,-1,-1,-1,1,-1
2015440194859,1,9,0,18,0,0,0,0,0,0,1,1,3,2,27,6,1995,2,5,-1,1,-1
2015440194859,2,9,0,4,0,0,0,0,0,0,2,1,6,2,41,7,1299,1,13,-1,1,-1
2015440194859,3,9,0,10,0,0,0,0,0,0,2,1,6,2,61,9,1896,2,12,-1,1,-1
2015440194928,1,9,0,18,0,0,0,0,0,0,4,1,6,1,56,9,1995,2,-1,-1,2,-1
2015440194928,2,1,0,12,0,0,0,0,0,0,3,1,6,1,19,4,-1,-1,-1,-1,3,-1
2015440194960,1,9,0,9,0,8,0,0,0,0,4,1,6,1,43,7,1686,2,14,-1,1,-1
2015440194960,2,1,0,18,4,1,1,0,0,0,1,1,6,1,35,6,-1,-1,-1,-1,1,-1
2015440194961,1,1,0,18,0,8,0,0,0,0,1,1,6,1,38,7,-1,-1,-1,-1,1,-1
2015440194961,2,9,0,5,0,8,0,0,0,0,3,1,6,1,-1,-1,1995,2,1,-1,-1,-1
2015440194995,1,1,0,18,4,8,0,0,0,0,1,1,2,1,35,6,-1,-1,-1,-1,1,-1
2015440194995,2,9,0,9,0,8,0,0,0,0,4,1,2,1,28,6,-1,-1,-1,-1,1,-1
2015440195007,1,9,0,18,0,1,0,0,0,0,0,1,6,1,22,5,-1,-1,-1,-1,1,-1
2015440195012,1,9,0,17,0,8,0,0,0,0,4,1,2,1,27,6,1999,1,14,-1,1,-1
2015440195012,2,5,0,7,0,4,0,0,0,0,1,1,6,1,35,6,-1,-1,-1,-1,-1,-1
2015440195013,1,19,0,3,0,1,0,0,0,0,2,1,6,1,35,6,-1,-1,-1,-1,1,-1
2015440195013,2,9,0,18,0,1,1,0,0,0,1,1,6,2,34,6,1986,2,7,-1,1,-1
2015440195047,1,9,0,4,0,0,0,0,0,0,2,1,6,1,35,6,-1,-1,-1,-1,1,-1
2015440195047,2,9,0,18,0,0,0,0,0,0,1,1,6,3,-1,-1,1299,1,13,-1,-1,-1
2015440195067,1,9,0,5,0,1,0,0,0,0,1,1,6,1,24,5,1598,1,14,-1,1,-1
2015440195067,2,1,0,9,0,8,0,0,0,0,4,1,2,1,50,8,-1,-1,-1,-1,1,-1
2015440195113,1,9,5,18,0,0,0,0,0,0,0,1,6,1,29,6,1796,1,15,-1,1,-1
2015440195113,2,9,0,18,0,0,0,0,0,0,1,1,6,1,58,9,1598,1,13,-1,1,-1
2015440195113,3,9,0,18,0,0,0,0,0,0,1,1,6,2,66,10,1997,2,11,-1,1,-1
2015440195216,1,5,0,18,0,0,0,12,0,0,1,1,6,2,51,8,696,1,6,-1,1,-1
2015440195385,1,9,0,3,0,1,0,0,0,0,2,1,6,1,35,6,1388,1,17,-1,1,-1
2015440195385,2,9,0,18,0,1,0,0,0,0,1,1,6,3,-1,-1,1998,1,12,-1,-1,-1
2015440195504,1,9,0,18,0,8,0,0,0,0,4,1,6,1,59,9,1998,1,11,-1,1,-1
2015440195504,2,1,0,9,0,8,0,0,0,0,3,1,2,1,20,4,-1,-1,-1,-1,1,-1
2015440195508,1,19,0,4,0,0,0,0,0,0,1,1,6,1,53,8,1968,2,-1,-1,1,-1
2015440195508,2,9,0,4,0,0,0,0,0,0,2,1,6,2,38,7,1598,1,8,-1,1,-1
2015440195508,3,9,0,4,0,0,0,0,0,0,2,1,6,1,-1,-1,1781,1,14,-1,1,-1
2015440195519,1,9,0,16,0,0,0,0,0,0,3,1,2,1,21,5,1984,1,1,-1,2,-1
2015440195519,2,9,0,17,0,0,0,0,0,0,3,1,1,2,22,5,1598,1,9,-1,1,-1
2015440195585,1,9,0,18,0,0,2,10,1,0,4,1,2,1,34,6,-1,-1,-1,-1,1,-1
2015440195612,1,9,0,18,0,8,0,0,0,0,3,1,2,2,52,8,1200,1,2,-1,1,-1
2015440195612,2,9,0,18,0,8,0,0,0,0,1,1,2,1,21,5,-1,-1,-1,-1,1,-1
2015440195618,1,9,0,17,0,2,0,0,1,0,3,1,6,2,28,6,1796,1,8,-1,1,-1
2015440195618,2,21,0,16,0,1,0,0,0,0,3,1,1,1,-1,-1,12777,2,7,-1,-1,-1
2015440195871,1,8,0,18,0,0,0,0,0,0,1,1,1,3,-1,-1,1685,2,3,-1,-1,-1
2015440195871,2,9,0,3,0,0,0,0,0,0,2,1,6,3,-1,-1,-1,-1,-1,-1,-1,-1
2015440196044,1,9,0,11,0,8,0,0,0,0,2,1,6,2,39,7,1598,2,3,-1,1,-1
2015440196044,2,9,0,11,0,8,0,0,0,0,1,1,6,1,-1,-1,1686,2,3,-1,3,-1
2015440196203,1,9,0,7,0,8,0,0,0,0,4,1,6,3,-1,-1,-1,-1,-1,-1,-1,-1
2015440196203,2,1,0,18,0,1,0,0,0,0,1,1,6,1,25,5,-1,-1,-1,-1,1,-1
2015440196255,1,9,0,4,0,0,0,0,0,0,0,1,6,2,37,7,1796,1,14,-1,1,-1
2015440196255,2,9,0,4,0,0,0,0,0,0,2,1,6,1,65,9,1461,2,1,-1,1,-1
2015440196255,3,9,0,4,0,0,0,0,0,0,2,1,6,1,31,6,1598,1,13,-1,1,-1
2015440196255,4,19,0,18,0,0,0,0,0,0,1,1,1,1,32,6,4461,2,4,-1,3,-1
2015440196289,1,9,0,3,0,0,0,0,0,0,2,1,2,2,52,8,1200,1,-1,-1,2,-1
2015440196289,2,9,0,18,0,0,0,0,0,0,1,1,6,2,52,8,1984,1,14,-1,3,-1
2015440196290,1,19,0,18,0,8,1,0,0,0,1,1,6,1,21,5,1868,2,9,-1,3,-1
2015440196290,2,9,0,7,0,8,0,0,0,0,2,1,6,1,32,6,1598,1,11,-1,3,-1
2015440196326,1,9,0,18,0,2,0,0,0,0,1,1,1,2,58,9,1399,2,12,-1,1,-1
2015440196326,2,19,0,18,0,2,0,0,0,0,2,1,1,1,22,5,1598,2,1,-1,1,-1
2015440196404,1,9,0,18,0,8,0,0,0,0,4,1,6,3,-1,-1,-1,-1,-1,-1,-1,-1
2015440196404,2,1,0,18,0,8,0,0,0,0,1,1,6,1,65,9,-1,-1,-1,-1,1,-1
2015440196406,1,5,0,16,0,0,1,0,0,0,4,1,6,1,35,6,501,1,11,-1,2,-1
2015440196752,1,9,0,7,0,8,0,0,0,0,3,2,2,1,50,8,-1,-1,-1,-1,2,-1
2015440196752,2,1,0,18,0,1,0,0,0,0,1,1,6,1,54,8,-1,-1,-1,-1,1,-1
2015440196805,1,9,0,14,0,0,0,0,0,0,4,1,6,2,22,5,998,1,1,-1,1,-1
2015440196805,2,11,0,5,0,0,0,0,0,0,3,1,1,3,-1,-1,-1,-1,-1,-1,-1,-1
2015440196807,1,9,0,10,0,1,0,0,0,0,2,1,2,1,26,6,1988,1,13,-1,1,-1
2015440196807,2,9,0,3,0,1,0,0,0,0,2,1,2,2,25,5,1197,1,-1,-1,2,-1
2015440196807,3,9,0,18,0,1,0,0,0,0,1,1,2,1,42,7,3175,1,13,-1,1,-1
2015440196815,1,9,0,4,0,0,0,0,0,0,1,1,2,2,46,8,1997,2,9,-1,2,-1
2015440196815,2,9,0,4,0,0,0,0,0,0,2,1,2,2,55,8,2435,1,20,-1,1,-1
2015440196815,3,19,0,4,0,0,0,0,0,0,2,1,2,1,26,6,1870,2,9,-1,1,-1
2015440196849,1,9,0,4,0,0,0,0,0,0,1,1,6,2,62,9,1598,1,-1,-1,1,-1
2015440196849,2,9,0,4,0,0,0,0,0,0,2,1,2,2,37,7,1796,1,5,-1,1,-1
2015440196864,1,9,0,18,0,8,0,0,0,0,1,1,2,2,54,8,1988,1,12,-1,1,-1
2015440196864,2,20,0,4,0,8,0,0,0,0,2,1,1,1,56,9,4461,2,3,-1,1,-1
2015440197340,1,9,0,10,0,8,0,0,0,0,2,1,6,1,41,7,1968,2,8,-1,1,-1
2015440197340,2,9,0,18,0,8,0,0,0,0,1,1,6,1,45,7,1948,1,17,-1,1,-1
2015440197429,1,9,0,9,0,8,0,0,0,0,1,1,6,2,38,7,1198,1,7,-1,1,-1
2015440197429,2,9,0,18,0,8,0,0,0,0,4,1,6,1,24,5,2225,1,31,-1,1,-1
2015440197485,1,9,0,1,0,0,0,0,0,0,2,1,6,1,61,9,1896,2,13,-1,1,-1
2015440197571,1,9,0,9,0,8,0,0,0,0,1,1,2,1,36,7,1399,2,9,-1,1,-1
2015440197571,2,1,0,18,0,8,0,0,0,0,1,1,2,1,58,9,-1,-1,-1,-1,1,-1
2015440197797,1,9,0,4,0,0,0,0,0,0,1,1,6,2,36,7,1397,1,7,-1,1,-1
2015440197797,2,9,0,4,0,0,0,0,0,0,2,1,6,1,-1,-1,1968,2,1,-1,1,-1
2015440197822,1,9,0,2,0,0,0,0,0,0,3,1,6,2,38,7,1598,2,1,-1,1,-1
2015440197822,2,9,0,18,0,0,0,0,0,0,1,1,6,3,-1,-1,1149,1,12,-1,-1,-1
2015440197920,1,5,0,4,0,1,0,0,0,0,1,1,6,1,25,5,998,1,8,-1,1,-1
2015440198146,1,1,0,18,0,8,0,0,0,0,1,1,2,1,38,7,-1,-1,-1,-1,1,-1
2015440198146,2,9,0,10,0,8,0,0,0,0,2,1,6,2,43,7,954,1,24,-1,1,-1
2015440198180,1,9,0,18,0,0,0,0,0,0,1,1,6,1,20,4,999,1,17,-1,3,-1
2015440198180,2,9,0,4,0,0,0,0,0,0,2,1,6,1,31,6,1560,2,7,-1,1,-1
2015440198213,1,9,0,17,0,0,0,0,0,0,1,1,1,1,31,6,1868,2,14,-1,1,-1
2015440198213,2,3,0,16,0,0,0,0,0,0,1,1,6,1,18,4,124,1,9,-1,1,-1
2015440198214,1,9,0,4,0,1,0,0,0,0,2,1,1,1,41,7,1341,1,11,-1,1,-1
2015440198214,2,9,0,18,0,1,0,0,0,0,1,1,6,1,53,8,1951,2,13,-1,1,-1
2015440198403,1,9,0,18,0,8,0,0,0,0,1,1,6,1,31,6,2179,2,1,-1,1,-1
2015440198403,2,9,0,10,0,8,0,0,0,0,2,1,6,1,63,9,1598,1,5,-1,1,-1
2015440198403,3,19,0,10,0,8,0,0,0,0,2,1,6,1,38,7,1753,2,4,-1,1,-1
2015440198449,1,9,0,14,0,0,0,0,0,0,4,1,6,1,41,7,1895,1,15,-1,1,-1
2015440198884,1,9,0,3,0,0,0,0,0,0,2,1,6,1,27,6,1596,1,10,-1,2,-1
2015440198884,2,9,0,4,0,0,0,0,0,0,1,1,6,3,-1,-1,1997,2,14,-1,-1,-1
2015440198966,1,9,0,9,0,8,0,0,0,0,1,1,6,2,57,9,1599,1,11,-1,3,-1
2015440198966,2,9,0,18,0,8,0,0,0,0,1,1,6,1,74,10,1599,1,11,-1,1,-1
2015440199020,1,11,0,4,0,4,0,0,0,0,0,1,1,1,37,7,6871,2,6,-1,1,-1
2015440199029,1,9,0,18,0,0,1,0,5,6,4,1,2,1,48,8,1896,2,10,-1,1,-1
2015440199029,2,9,0,18,0,0,2,0,1,4,3,1,2,1,36,7,1596,1,10,-1,1,-1
2015440199039,1,9,0,14,0,0,0,0,0,0,4,1,6,2,27,6,1896,2,12,-1,1,-1
2015440199214,1,5,0,3,0,1,0,0,0,0,2,1,2,1,24,5,598,1,25,-1,1,-1
2015440199214,2,9,0,4,0,1,0,0,0,0,1,1,6,1,-1,-1,1910,2,9,-1,-1,-1
2015440199282,1,9,0,18,0,0,0,0,0,0,1,1,6,2,47,8,1587,1,11,-1,1,-1
2015440199518,1,9,0,18,0,1,0,0,0,0,1,1,6,1,38,7,1995,2,1,-1,1,-1
2015440199518,2,9,0,2,0,1,0,0,0,0,1,1,6,3,-1,-1,1390,1,5,-1,-1,-1
2015440199592,1,9,0,18,0,1,0,7,7,4,1,1,6,2,20,4,1229,1,10,-1,1,-1
2015440199640,1,9,0,4,0,0,0,0,0,0,0,1,6,1,72,10,1591,1,4,-1,1,-1
2015440199912,1,19,0,18,0,0,0,0,0,0,1,1,6,1,32,6,2402,2,8,-1,1,-1
2015440199912,2,9,0,18,0,0,0,0,0,0,2,1,6,1,53,8,1968,2,5,-1,1,-1
2015440199916,1,9,0,5,0,8,0,0,0,0,1,1,1,1,47,8,998,1,15,-1,1,-1
2015440199916,2,1,0,18,0,8,0,0,0,0,3,1,1,1,39,7,-1,-1,-1,-1,1,-1
2015440199982,1,5,0,18,0,8,1,0,0,0,1,1,6,2,47,8,599,1,11,-1,2,-1
2015440199982,2,9,0,10,0,8,0,0,0,0,2,1,6,2,58,9,1796,1,15,-1,1,-1
2015440199989,1,9,0,18,0,8,0,0,0,0,3,1,6,1,62,9,1598,2,4,-1,1,-1
2015440199989,2,9,0,5,0,8,0,0,0,0,1,1,6,1,56,9,5998,1,11,-1,-1,-1
2015440200047,1,9,0,3,0,0,0,0,1,0,3,1,1,1,22,5,1596,1,10,-1,1,-1
2015440200047,2,9,0,18,0,0,0,0,0,0,1,1,6,2,72,10,1242,1,2,-1,-1,-1
2015440200090,1,9,0,9,0,8,0,0,4,1,1,1,6,2,80,11,1298,1,9,-1,1,-1
2015440200092,1,19,0,3,0,8,0,0,0,0,2,1,6,1,53,8,1560,2,1,-1,1,-1
2015440200092,2,19,0,18,0,1,0,0,0,0,1,1,6,1,37,7,2188,2,13,-1,1,-1
2015440200316,1,9,0,9,0,8,0,0,0,0,1,1,6,2,-1,-1,1995,1,8,-1,-1,-1
2015440200316,2,1,0,18,0,8,0,0,0,0,3,1,6,1,54,8,-1,-1,-1,-1,1,-1
2015440200373,1,9,0,2,0,0,0,0,0,0,2,1,6,1,50,8,1999,1,9,-1,1,-1
2015440200373,2,9,0,14,0,0,0,0,0,0,2,1,6,1,76,11,1587,1,6,-1,1,-1
2015440200373,3,9,0,18,0,0,0,0,0,0,1,1,6,1,32,6,1781,1,13,-1,3,-1
2015440200373,4,9,0,18,0,0,0,0,1,11,1,1,6,2,22,5,1149,1,3,-1,1,-1
2015440200375,1,9,0,7,0,8,0,0,0,0,1,1,1,1,29,6,1461,2,-1,-1,1,-1
2015440200375,2,1,0,17,0,8,0,0,0,0,2,1,2,1,41,7,-1,-1,-1,-1,1,-1
2015440200472,1,19,0,9,0,8,0,0,1,0,1,1,6,2,25,5,1598,2,1,-1,1,-1
2015440200472,2,9,0,18,0,8,0,0,0,0,1,1,6,1,32,6,1840,1,15,-1,1,-1
2015440200521,1,9,0,18,0,0,0,0,0,0,4,1,6,3,-1,-1,-1,-1,-1,-1,-1,-1
2015440200527,1,9,0,18,0,1,1,0,0,0,1,1,1,1,36,7,2969,2,8,-1,1,-1
2015440200662,1,9,0,18,0,1,0,0,0,0,4,1,6,1,26,6,1399,2,4,-1,1,-1
2015440200967,1,9,0,18,0,4,0,0,0,0,3,1,6,1,18,4,1199,1,13,-1,3,-1
2015440200967,2,1,0,17,0,8,0,0,0,0,1,1,6,1,51,8,-1,-1,-1,-1,2,-1
2015440201011,1,20,0,2,0,0,0,0,0,0,0,1,6,3,-1,-1,2287,2,1,-1,-1,-1
2015440201011,2,9,0,2,0,0,0,0,0,0,0,1,6,3,-1,-1,2967,2,5,-1,-1,-1
2015440201107,1,9,0,18,0,2,0,0,0,0,3,1,6,1,43,7,4196,1,12,-1,1,-1
2015440201148,1,9,0,9,0,8,0,0,0,0,4,1,6,2,80,11,1119,1,21,-1,1,-1
2015440201148,2,9,0,18,0,1,0,0,0,0,1,1,6,2,42,7,1968,2,3,-1,1,-1
2015440201149,1,1,0,18,0,8,0,0,0,0,1,1,6,1,27,6,-1,-1,-1,-1,1,-1
2015440201149,2,9,0,9,0,8,0,0,0,0,1,1,6,2,46,8,2987,2,5,-1,1,-1
2015440201418,1,9,0,18,0,0,1,0,1,7,1,1,6,1,32,6,1796,1,13,-1,1,-1
2015440201425,1,97,0,16,0,0,0,0,0,0,0,1,6,1,62,9,599,1,11,-1,1,-1
2015440201425,2,19,0,17,0,0,0,0,0,0,3,1,1,1,40,7,-1,-1,-1,-1,1,-1
2015440201612,1,9,0,18,0,0,5,0,1,4,1,1,6,1,32,6,1749,1,10,-1,1,-1
2015440202142,1,19,0,18,0,8,0,0,0,0,4,1,1,1,53,8,1995,2,1,-1,1,-1
2015440202142,2,9,0,18,0,8,0,0,0,0,3,1,6,2,71,10,2179,2,8,-1,1,-1
2015440202167,1,9,0,18,0,0,0,0,5,6,3,1,6,1,79,11,1360,1,7,-1,1,-1
2015440202439,1,9,0,5,0,1,0,0,0,0,1,1,3,1,73,10,1560,2,2,-1,1,-1
2015440202487,1,5,0,18,0,8,0,0,0,0,1,1,6,2,55,8,1200,1,12,-1,3,-1
2015440202487,2,9,0,9,0,8,0,0,0,0,4,1,1,2,35,6,1368,1,3,-1,1,-1
2015440202538,1,9,0,4,0,1,0,0,0,0,2,1,6,2,29,6,1896,2,13,-1,1,-1
2015440202538,2,9,0,18,0,1,0,0,0,0,1,1,6,2,43,7,1998,1,12,-1,-1,-1
2015440202578,1,9,0,18,0,2,0,0,0,0,1,1,1,1,66,10,1685,2,3,-1,1,-1
2015440202578,2,9,0,18,0,2,0,0,0,0,2,1,6,1,-1,-1,-1,-1,-1,-1,1,-1
2015440202578,3,8,0,18,0,2,0,0,0,0,2,1,1,1,38,7,1896,2,5,-1,1,-1
2015440202583,1,9,0,9,0,8,0,0,0,0,2,1,2,2,42,7,1398,1,11,-1,1,-1
2015440202583,2,9,0,18,0,8,0,0,0,0,1,1,2,1,24,5,2993,2,11,-1,1,-1