Accident_Index,Vehicle_Reference,Vehicle_Type,Towing_and_Articulation,Vehicle_Manoeuvre,Vehicle_Location-Restricted_Lane,Junction_Location,Skidding_and_Overturning,Hit_Object_in_Carriageway,Vehicle_Leaving_Carriageway,Hit_Object_off_Carriageway,1st_Point_of_Impact,Was_Vehicle_Left_Hand_Drive?,Journey_Purpose_of_Driver,Sex_of_Driver,Age_of_Driver,Age_Band_of_Driver,Engine_Capacity_(CC),Propulsion_Code,Age_of_Vehicle,Driver_IMD_Decile,Driver_Home_Area_Type,Vehicle_IMD_Decile
2015440202602,1,9,0,16,0,8,0,0,0,0,2,1,6,2,18,4,1349,1,6,-1,1,-1
2015440202602,2,9,0,16,0,8,0,0,0,0,1,1,6,2,18,4,1398,2,11,-1,3,-1
2015440202648,1,9,0,7,0,8,0,0,0,0,1,1,1,2,19,4,1398,1,10,-1,1,-1
2015440202648,2,9,0,18,0,8,0,0,0,0,1,1,6,1,44,7,1998,2,7,-1,1,-1
2015440202752,1,9,0,18,0,0,1,0,0,0,1,1,2,1,55,8,1968,2,1,-1,1,-1
2015440202752,2,9,0,18,0,0,1,0,1,0,3,1,2,2,42,7,1968,2,3,-1,1,-1
2015440202752,3,9,0,18,0,0,1,0,0,0,1,1,3,1,51,8,-1,-1,-1,-1,1,-1
2015440202752,4,9,0,18,0,0,1,0,0,0,1,1,2,1,27,6,1968,2,5,-1,1,-1
2015440202828,1,1,0,18,0,8,0,0,0,0,1,1,6,1,58,9,-1,-1,-1,-1,1,-1
2015440202844,1,9,0,18,0,2,2,0,1,0,3,1,6,1,21,5,1599,1,11,-1,3,-1
2015440202949,1,9,0,18,0,0,5,0,1,4,1,1,6,1,41,7,2521,1,9,-1,1,-1
2015440203374,1,1,0,18,0,8,0,0,0,0,1,1,4,1,10,2,-1,-1,-1,-1,1,-1
2015440203374,2,9,0,7,0,8,0,0,0,0,4,1,2,2,41,7,1396,1,4,-1,2,-1
2015440203496,1,9,0,5,0,4,0,0,0,0,3,1,6,2,21,5,1560,2,7,-1,2,-1
2015440203496,2,20,0,5,0,4,0,0,0,0,4,1,6,3,-1,-1,11946,2,5,-1,-1,-1
2015440203560,1,19,0,18,0,1,0,0,0,0,4,1,1,1,-1,-1,-1,-1,-1,-1,-1,-1
2015440203573,1,9,0,9,0,5,0,0,0,0,3,1,6,2,72,10,1242,1,2,-1,1,-1
2015440203573,2,5,0,14,0,1,0,0,0,0,1,1,6,1,20,4,645,1,14,-1,1,-1
2015440203843,1,9,0,9,0,8,0,0,0,0,4,1,6,2,53,8,1198,1,2,-1,2,-1
2015440203843,2,1,0,18,0,8,0,0,0,0,1,1,6,1,21,5,-1,-1,-1,-1,1,-1
2015440203971,1,9,0,9,0,8,0,0,0,0,1,1,6,1,19,4,1299,1,15,-1,1,-1
2015440203971,2,9,0,18,0,1,0,0,0,0,1,1,6,1,21,5,1598,1,15,-1,1,-1
2015440203979,1,5,0,18,0,1,0,0,0,0,1,1,6,1,43,7,599,1,24,-1,2,-1
2015440203979,2,9,0,9,0,1,0,0,0,0,2,1,6,1,26,6,1994,1,14,-1,1,-1
2015440204018,1,1,0,18,0,0,0,0,0,0,1,1,6,1,45,7,-1,-1,-1,-1,1,-1
2015440204018,2,9,0,4,0,0,0,0,0,0,2,1,6,3,-1,-1,1984,1,6,-1,-1,-1
2015440204032,1,9,0,5,0,8,0,0,0,0,1,1,6,1,-1,-1,1386,1,2,-1,3,-1
2015440204032,2,1,0,18,0,8,0,0,0,0,1,1,6,1,44,7,-1,-1,-1,-1,3,-1
2015440204037,1,9,0,18,0,8,0,0,0,0,1,1,6,3,-1,-1,1781,1,14,-1,-1,-1
2015440204037,2,9,0,2,0,2,0,0,0,0,4,1,6,3,-1,-1,1796,1,4,-1,-1,-1
2015440204122,1,9,0,16,0,1,0,0,0,0,1,1,6,3,-1,-1,-1,-1,-1,-1,-1,-1
2015440204409,1,9,0,18,0,2,0,0,0,0,1,1,6,1,43,7,1871,2,12,-1,2,-1
2015440204595,1,19,0,7,0,8,0,0,1,1,3,1,1,1,25,5,2198,2,9,-1,1,-1
2015440204595,2,9,0,18,0,8,5,0,0,0,1,1,2,1,49,8,1968,2,6,-1,1,-1
2015440204654,1,9,0,18,0,1,0,0,0,0,1,1,6,1,72,10,1686,2,13,-1,1,-1
2015440204654,2,9,0,2,0,1,0,0,0,0,1,1,6,2,47,8,1396,2,2,-1,-1,-1
2015440204886,1,1,0,18,0,8,0,0,0,0,1,1,6,1,42,7,-1,-1,-1,-1,-1,-1
2015440204886,2,19,0,18,0,8,0,0,0,0,4,1,6,3,-1,-1,-1,-1,-1,-1,-1,-1
2015440205027,1,9,0,18,0,2,0,0,0,0,1,1,6,1,-1,-1,-1,-1,-1,-1,-1,-1
2015440205033,1,11,0,5,0,1,0,0,0,0,0,1,1,1,61,9,9000,2,7,-1,1,-1
2015440205104,1,9,0,3,0,1,0,0,0,0,2,1,2,2,47,8,1560,2,2,-1,1,-1
2015440205104,2,9,0,4,0,1,0,0,0,0,1,1,6,3,-1,-1,1596,1,5,-1,-1,-1
2015440205287,1,9,0,18,0,1,0,0,0,0,1,1,6,3,-1,-1,-1,-1,-1,-1,-1,-1
2015440205287,2,1,0,18,0,1,0,0,0,0,2,1,4,1,16,4,-1,-1,-1,-1,1,-1
2015440205295,1,9,0,18,0,8,0,0,7,11,1,1,6,2,70,10,1582,2,3,-1,1,-1
2015440205295,2,9,0,2,0,8,0,0,0,0,1,1,6,3,-1,-1,1781,1,15,-1,-1,-1
2015440205316,1,90,0,4,0,0,0,0,0,0,1,1,6,1,71,10,-1,-1,-1,-1,1,-1
2015440205316,2,9,0,4,0,0,0,0,0,0,2,1,6,1,32,6,2295,1,16,-1,1,-1
2015440205316,3,9,0,4,0,0,0,0,0,0,2,1,6,1,30,6,1998,2,10,-1,2,-1
2015440205326,1,9,0,4,0,1,0,0,0,0,2,1,6,2,23,5,1388,1,9,-1,1,-1
2015440205326,2,9,0,5,0,1,0,0,0,0,1,1,6,3,-1,-1,-1,-1,-1,-1,-1,-1
2015440205369,1,9,0,9,0,8,1,10,1,0,4,1,6,2,32,6,1598,1,6,-1,3,-1
2015440205369,2,9,0,3,0,1,0,0,0,0,1,1,6,2,45,7,1991,2,8,-1,2,-1
2015440205397,1,9,0,18,0,0,0,0,0,0,4,1,6,2,73,10,1951,2,12,-1,1,-1
2015440205994,1,9,0,18,0,0,0,0,0,0,1,1,2,1,18,4,1242,1,8,-1,3,-1
2015440205994,2,8,0,4,0,0,0,0,0,0,2,1,1,1,51,8,1997,2,1,-1,1,-1
2015440206002,1,1,0,18,0,0,0,0,0,0,3,1,6,1,38,7,-1,-1,-1,-1,1,-1
2015440206002,2,9,0,2,0,0,0,0,0,0,4,1,6,3,-1,-1,1149,1,12,-1,-1,-1
2015440206538,1,9,0,18,0,1,0,0,0,0,1,1,6,1,27,6,1120,1,16,-1,1,-1
2015440206538,2,9,0,10,0,1,0,0,0,0,2,1,1,1,33,6,-1,-1,-1,-1,1,-1
2015440206618,1,1,0,18,0,0,1,0,0,0,1,1,2,1,42,7,-1,-1,-1,-1,1,-1
2015440206618,2,9,0,14,0,0,0,0,0,0,2,1,6,1,25,5,1397,1,14,-1,1,-1
2015440206659,1,9,0,11,0,8,1,0,8,7,2,1,2,2,55,8,1998,1,11,-1,1,-1
2015440206659,2,9,0,11,0,8,0,0,0,0,1,1,2,1,42,7,1560,2,9,-1,1,-1
2015440206659,3,9,0,18,0,8,0,0,0,0,3,1,2,1,56,9,1582,2,-1,-1,1,-1
2015440206841,1,1,0,18,0,8,0,0,0,0,1,1,2,1,41,7,-1,-1,-1,-1,1,-1
2015440206841,2,9,0,7,0,8,0,0,0,0,4,1,2,2,49,8,1796,1,7,-1,1,-1
2015440206848,1,9,0,18,0,0,0,0,0,0,3,1,6,2,38,7,1995,2,12,-1,1,-1
2015440206848,2,9,0,18,0,0,0,0,0,0,1,1,6,1,51,8,2993,2,1,-1,1,-1
2015440206920,1,9,0,10,0,8,0,0,0,0,2,1,2,2,23,5,1229,1,1,-1,1,-1
2015440206920,2,2,0,18,0,8,0,0,0,0,1,1,6,1,16,4,49,1,-1,-1,1,-1
2015440206922,1,3,0,18,0,0,1,0,0,0,4,1,2,1,47,8,-1,-1,-1,-1,1,-1
2015440206922,2,9,0,5,0,0,0,0,0,0,0,1,6,3,-1,-1,-1,-1,-1,-1,-1,-1
2015440206935,1,9,0,5,0,1,0,0,0,0,1,1,6,2,20,4,996,1,2,-1,1,-1
2015440206935,2,9,0,5,0,1,0,0,0,0,2,1,6,2,45,7,1870,2,7,-1,1,-1
2015440207012,1,9,0,18,0,8,0,0,0,0,1,1,6,1,24,5,1984,1,13,-1,1,-1
2015440207012,2,9,0,7,0,8,0,4,0,0,3,1,6,2,41,7,1997,2,7,-1,1,-1
2015440207012,3,9,0,2,0,2,0,0,0,0,4,1,6,3,-1,-1,1248,2,7,-1,-1,-1
2015440207447,1,2,0,17,0,0,0,10,0,0,1,1,6,1,19,4,-1,-1,-1,-1,1,-1
2015440207468,1,9,0,18,0,2,0,0,0,0,1,1,3,1,-1,-1,1999,1,9,-1,-1,-1
2015440207534,1,19,0,7,0,8,0,0,0,0,4,1,6,3,-1,-1,1900,2,19,-1,-1,-1
2015440207534,2,1,0,18,0,8,0,0,0,0,1,1,6,1,26,6,-1,-1,-1,-1,1,-1
2015440207568,1,9,0,18,0,8,2,0,1,7,1,1,2,1,25,5,1124,1,14,-1,1,-1
2015440207637,1,9,0,9,0,8,0,0,0,0,1,1,6,2,24,5,2143,2,3,-1,2,-1
2015440207637,2,9,0,18,0,8,0,0,0,0,1,1,6,2,67,10,1299,1,9,-1,1,-1
2015440207799,1,9,0,18,0,0,0,0,0,0,4,1,6,1,37,7,1598,2,1,-1,1,-1
2015440207811,1,9,0,9,0,8,0,0,0,0,1,1,6,1,69,10,1242,1,2,-1,1,-1
2015440207811,2,3,0,18,0,8,0,0,0,0,1,1,6,1,17,4,124,1,-1,-1,1,-1
2015440207872,1,5,0,18,0,8,0,0,0,0,3,1,6,1,23,5,649,1,22,-1,1,-1
2015440207872,2,9,0,18,0,8,0,0,0,0,1,1,6,3,-1,-1,1956,2,2,-1,-1,-1
2015440207895,1,20,0,18,0,0,0,0,0,0,1,1,1,1,64,9,4950,2,5,-1,1,-1
2015440207895,2,21,0,4,0,0,0,0,0,0,2,1,1,1,55,8,12740,2,4,-1,1,-1
2015440207949,1,9,0,9,0,8,0,0,0,0,3,1,6,2,34,6,1598,1,13,-1,1,-1
2015440207949,2,1,0,9,0,8,0,0,0,0,4,1,6,2,44,7,-1,-1,-1,-1,1,-1
2015440207976,1,9,0,9,0,8,0,0,0,0,1,1,6,2,22,5,2191,2,-1,-1,1,-1
2015440207976,2,1,0,18,0,8,0,0,0,0,1,1,6,1,34,6,-1,-1,-1,-1,1,-1
2015440208179,1,5,0,7,0,8,0,0,0,0,3,1,6,1,67,10,-1,-1,-1,-1,1,-1
2015440208179,2,1,0,18,0,8,0,0,0,0,1,1,6,1,16,4,-1,-1,-1,-1,1,-1
2015440208309,1,9,0,16,0,0,0,0,1,4,1,1,6,1,82,11,1840,1,18,-1,1,-1
2015440208431,1,9,0,1,0,2,0,0,0,0,2,1,6,1,30,6,1868,2,14,-1,1,-1
2015440208489,1,8,0,4,0,2,0,0,0,0,4,1,1,3,-1,-1,-1,-1,-1,-1,-1,-1
2015440208616,1,9,0,18,0,0,0,10,0,0,1,1,6,2,43,7,998,1,1,-1,1,-1
2015440208616,2,9,0,2,0,0,0,0,0,0,2,1,6,3,-1,-1,1598,1,13,-1,-1,-1
2015440208925,1,9,0,16,0,0,0,0,7,4,1,1,6,1,32,6,1149,1,9,-1,1,-1
2015440209003,1,9,0,18,0,0,0,0,0,0,3,1,6,1,57,9,1598,1,5,-1,1,-1
2015440209003,2,19,0,18,0,0,0,0,0,0,3,1,6,3,-1,-1,-1,-1,-1,-1,-1,-1
2015440209014,1,3,0,9,0,8,1,0,0,0,4,1,2,1,19,4,125,1,2,-1,1,-1
2015440209014,2,19,0,7,0,8,0,0,0,0,1,1,6,3,-1,-1,2499,2,15,-1,-1,-1
2015440209085,1,9,0,5,0,1,0,0,0,0,1,1,6,2,43,7,1595,1,17,-1,1,-1
2015440209085,2,4,0,3,0,1,0,0,0,0,2,1,6,1,49,8,150,1,45,-1,1,-1
2015440209170,1,9,0,18,0,0,0,0,0,0,1,1,6,1,80,11,1248,1,-1,-1,-1,-1
2015440209170,2,9,0,5,0,0,0,0,0,0,2,1,6,2,30,6,3301,1,13,-1,1,-1
2015440209170,3,9,0,5,0,0,0,0,0,0,2,1,6,1,49,8,1598,1,8,-1,1,-1
2015440209204,1,9,0,4,0,1,0,0,0,0,2,1,6,2,50,8,2987,2,4,-1,1,-1
2015440209204,2,9,0,4,0,1,0,0,0,0,1,1,6,2,78,11,1242,1,-1,-1,1,-1
2015440209321,1,9,0,18,0,0,0,0,0,0,1,1,6,2,42,7,1598,1,12,-1,1,-1
2015440209356,1,1,0,4,0,1,0,0,0,0,3,1,6,1,59,9,-1,-1,-1,-1,1,-1
2015440209356,2,19,0,11,0,1,0,0,0,0,4,1,6,3,-1,-1,2461,2,12,-1,-1,-1
2015440209415,1,3,0,6,0,0,0,0,0,0,3,1,6,1,58,9,125,1,-1,-1,1,-1
2015440209415,2,9,0,18,0,0,1,0,0,0,1,1,6,1,55,8,1598,1,18,-1,1,-1
2015440209462,1,11,0,5,0,0,0,0,0,0,0,1,1,1,50,8,9000,2,6,-1,1,-1
2015440209547,1,9,0,18,0,0,0,0,0,0,4,1,6,2,56,9,1242,1,9,-1,1,-1
2015440209561,1,9,0,5,0,4,0,0,0,0,1,1,6,2,31,6,1598,1,7,-1,1,-1
2015440209561,2,1,0,9,0,8,0,0,0,0,4,1,6,1,45,7,-1,-1,-1,-1,1,-1
2015440209952,1,9,0,18,0,0,0,0,1,0,1,1,6,1,17,4,1596,1,14,-1,1,-1
2015440209952,2,9,0,3,0,0,0,0,0,0,2,1,6,1,33,6,998,1,2,-1,1,-1
2015440209952,3,9,0,2,0,0,0,0,0,0,3,1,1,3,-1,-1,2993,2,3,-1,-1,-1
2015440210269,1,9,0,18,0,0,0,0,0,0,1,1,6,1,71,10,998,1,9,-1,1,-1
2015440210269,2,9,0,2,0,0,0,0,0,0,2,1,6,2,-1,-1,1391,1,19,-1,-1,-1
2015440210320,1,9,0,18,0,0,0,7,0,1,1,1,6,2,24,5,1461,2,12,-1,1,-1
2015440210336,1,9,0,6,0,0,0,0,0,0,3,1,6,1,26,6,1895,1,15,-1,1,-1
2015440210336,2,1,0,13,0,0,0,0,0,0,1,1,6,1,42,7,-1,-1,-1,-1,1,-1
2015440210343,1,9,0,2,0,0,0,0,0,0,0,1,6,3,-1,-1,1360,1,8,-1,-1,-1
2015440210343,2,9,0,14,0,0,0,0,0,0,4,1,6,1,-1,-1,1495,1,13,-1,-1,-1
2015440210348,1,9,0,18,0,1,0,0,1,2,1,1,6,2,71,10,1599,1,12,-1,3,-1
2015440210356,1,9,0,3,0,1,0,0,0,0,2,1,2,2,24,5,1229,1,1,-1,2,-1
2015440210356,2,19,0,4,0,1,0,0,0,0,1,1,1,1,54,8,2402,2,14,-1,1,-1
2015440211189,1,1,0,18,0,1,0,0,0,0,4,1,6,1,31,6,-1,-1,-1,-1,1,-1
2015440211189,2,8,0,9,0,8,0,0,0,0,1,1,6,3,-1,-1,-1,-1,-1,-1,-1,-1
2015440211216,1,19,0,18,0,8,0,0,0,0,1,1,2,1,34,6,2402,2,5,-1,3,-1
2015440211216,2,9,0,10,0,8,0,0,0,0,2,1,2,1,34,6,1747,1,12,-1,1,-1
2015440211216,3,9,0,18,0,8,5,0,0,0,1,1,3,2,44,7,1968,2,1,-1,2,-1
2015440211254,1,9,0,18,0,0,0,0,0,0,1,1,1,1,22,5,-1,-1,-1,-1,2,-1
2015440211254,2,21,0,18,0,0,0,0,0,0,2,1,1,1,50,8,6370,2,8,-1,1,-1
2015440211299,1,9,0,17,0,8,0,0,7,11,4,1,1,2,36,7,-1,-1,-1,-1,3,-1
2015440211299,2,9,0,6,0,8,0,0,0,0,1,1,6,1,53,8,1991,2,7,-1,1,-1
2015440211359,1,9,0,9,0,8,0,0,0,0,3,1,6,1,62,9,1798,1,1,-1,1,-1
2015440211359,2,9,0,18,0,8,0,0,0,0,1,1,6,2,27,6,1596,1,13,-1,1,-1
2015440211374,1,3,0,18,0,0,0,0,0,0,4,1,6,2,36,7,124,1,-1,-1,1,-1
2015440211517,1,9,0,3,0,1,0,0,0,0,2,1,2,2,34,6,998,1,19,-1,1,-1
2015440211517,2,9,0,4,0,1,0,0,0,0,1,1,6,2,39,7,1560,2,9,-1,1,-1
2015440211651,1,9,0,18,0,8,0,0,0,0,1,1,1,2,65,9,1332,1,9,-1,2,-1
2015440211651,2,9,0,9,0,8,0,0,0,0,3,1,1,1,37,7,1395,1,-1,-1,1,-1
2015440211815,1,9,0,18,0,0,0,0,0,0,1,1,6,2,45,7,1560,2,4,-1,3,-1
2015440211941,1,9,0,18,0,2,0,0,0,0,1,1,6,2,-1,-1,1198,1,1,-1,-1,-1
2015440211980,1,9,0,18,0,0,0,0,0,0,4,1,6,2,48,8,1248,2,6,-1,1,-1
2015440212018,1,9,0,4,0,0,0,0,0,0,1,1,1,1,32,6,1997,2,15,-1,1,-1
2015440212018,2,19,0,4,0,0,0,0,0,0,1,1,2,1,31,6,1753,2,7,-1,1,-1
2015440212018,3,9,0,4,0,0,0,0,0,0,1,1,2,1,24,5,1388,1,11,-1,1,-1
2015440212018,4,9,0,4,0,0,0,0,0,0,2,1,6,1,62,9,1560,2,5,-1,3,-1
2015440212022,1,9,0,18,0,0,0,0,0,0,2,1,6,2,32,6,1753,2,13,-1,2,-1
2015440212022,2,9,0,18,0,0,0,0,0,0,1,1,6,1,50,8,2148,2,6,-1,-1,-1
2015440212022,3,9,0,18,0,0,0,0,0,0,1,1,6,2,48,8,1560,2,1,-1,2,-1
2015440212056,1,9,0,18,0,0,0,0,0,0,1,1,6,2,52,8,1997,2,2,-1,1,-1
2015440212056,2,9,0,18,0,0,0,0,0,0,1,1,6,2,46,8,2179,2,1,-1,1,-1
2015440212056,3,9,0,18,0,0,0,0,0,0,1,1,6,2,17,4,1242,1,1,-1,1,-1
2015440212251,1,9,0,18,0,0,0,0,0,0,1,1,6,1,23,5,998,1,5,-1,1,-1
2015440212251,2,9,0,18,0,0,0,0,0,0,1,1,6,1,20,4,1896,2,11,-1,2,-1
2015440212674,1,19,0,7,0,8,0,0,0,0,1,1,6,1,-1,-1,-1,-1,-1,-1,-1,-1
2015440212674,2,1,0,18,0,8,1,0,0,0,3,1,6,1,21,5,-1,-1,-1,-1,-1,-1
2015440212776,1,5,0,18,0,1,1,0,0,0,1,1,6,1,54,8,749,1,17,-1,2,-1
2015440212776,2,9,0,9,0,8,0,0,0,0,3,1,6,2,72,10,1799,1,6,-1,3,-1
2015440212825,1,3,0,13,0,8,0,0,0,0,1,1,6,1,19,4,124,1,2,-1,1,-1
2015440212825,2,9,0,9,0,8,0,0,0,0,3,1,6,1,78,11,1905,2,21,-1,1,-1
2015440213018,1,9,0,18,0,8,0,0,0,0,3,1,6,2,34,6,1984,1,8,-1,1,-1
2015440213018,2,9,0,9,0,8,0,0,0,0,1,1,6,2,37,7,1995,2,14,-1,1,-1
2015440213028,1,9,0,18,0,8,0,0,0,0,1,1,6,2,87,11,1390,1,18,-1,1,-1
2015440213028,2,9,0,2,0,8,0,0,0,0,2,1,6,3,-1,-1,1998,2,11,-1,-1,-1
2015440213068,1,9,0,18,0,0,0,0,0,0,1,1,2,2,38,7,1242,1,9,-1,1,-1
2015440213068,2,1,0,18,0,0,0,0,0,0,4,1,6,1,13,3,-1,-1,-1,-1,1,-1
2015440213127,1,9,0,18,0,0,0,0,0,0,1,1,2,1,23,5,1242,1,9,-1,1,-1
2015440213598,1,9,0,13,0,2,0,0,0,0,1,1,6,1,47,8,2993,2,1,-1,1,-1
2015440213598,2,9,0,6,0,2,0,0,0,0,3,1,6,1,58,9,1896,2,13,-1,3,-1
2015440213835,1,9,0,18,0,0,1,0,0,0,3,1,6,2,24,5,1598,2,3,-1,1,-1
2015440213835,2,9,0,6,0,0,0,0,0,0,1,1,2,1,39,7,1781,1,14,-1,1,-1
2015440213873,1,9,0,9,0,8,0,0,0,0,1,1,1,2,24,5,1199,1,15,-1,2,-1
2015440213873,2,9,0,18,0,1,0,0,0,0,1,1,1,1,55,8,2488,2,2,-1,1,-1
2015440213873,3,9,0,8,0,1,0,0,0,0,3,1,1,1,40,7,1332,1,6,-1,3,-1
2015440213906,1,8,0,18,0,2,0,0,0,0,1,1,6,1,-1,-1,-1,-1,-1,-1,-1,-1
2015440213962,1,1,0,18,0,0,0,0,0,0,0,1,4,2,15,3,-1,-1,-1,-1,1,-1
2015440213981,1,9,0,3,0,1,0,0,0,0,2,1,6,1,60,9,998,1,1,-1,1,-1
2015440213981,2,9,0,18,0,1,0,0,0,0,1,1,6,2,38,7,1560,2,10,-1,1,-1
2015440214458,1,9,0,18,0,1,0,0,0,0,1,1,1,1,35,6,1797,8,5,-1,1,-1
2015440214533,1,9,0,18,0,0,0,0,0,0,3,1,6,1,51,8,2495,2,14,-1,1,-1
2015440214533,2,9,0,18,0,0,0,0,0,0,3,1,6,3,-1,-1,-1,-1,-1,-1,-1,-1
2015440214626,1,9,0,18,0,0,0,0,0,0,3,1,2,1,36,7,1149,1,7,-1,1,-1
2015440214626,2,9,0,18,0,0,0,0,0,0,3,1,6,3,-1,-1,-1,-1,-1,-1,-1,-1
2015440214712,1,19,0,1,0,0,0,0,7,11,2,1,1,1,51,8,2198,2,1,-1,1,-1
2015440215225,1,9,0,9,0,8,0,0,0,0,4,1,2,2,29,6,2987,2,8,-1,1,-1
2015440215225,2,1,0,18,0,8,0,0,0,0,1,1,6,1,41,7,-1,-1,-1,-1,1,-1
2015440215304,1,4,0,18,0,0,0,0,0,0,1,1,1,1,22,5,125,1,4,-1,1,-1
2015440215304,2,9,0,18,0,0,0,0,0,0,3,1,6,1,17,4,998,1,14,-1,1,-1
2015440215667,1,9,0,13,0,0,2,0,0,0,1,1,2,1,23,5,1781,1,13,-1,1,-1
2015440215667,2,9,0,12,0,0,1,0,0,0,2,1,6,1,27,6,2143,2,2,-1,1,-1
2015440215667,3,20,0,18,0,0,5,0,0,0,3,1,1,1,44,7,-1,-1,-1,-1,1,-1
2015440215684,1,9,0,3,0,1,0,0,0,0,2,1,6,2,33,6,998,1,10,-1,1,-1
2015440215684,2,9,0,4,0,1,0,0,0,0,1,1,6,3,-1,-1,-1,-1,-1,-1,-1,-1
2015440215685,1,9,0,14,0,0,0,0,0,0,0,1,6,1,50,8,1997,2,1,-1,1,-1
2015440215685,2,19,0,14,0,0,0,0,0,0,0,1,1,1,29,6,1248,2,4,-1,1,-1
2015440215881,1,21,0,18,0,0,0,0,0,0,3,1,6,1,28,6,-1,-1,-1,-1,1,-1
2015440215881,2,21,0,18,0,0,0,0,0,0,3,1,6,1,43,7,3920,2,7,-1,1,-1
2015440215882,1,17,4,17,0,0,0,0,0,0,3,1,1,1,47,8,-1,2,11,-1,3,-1
2015440215882,2,9,0,16,0,0,0,0,0,0,3,1,6,2,84,11,1895,1,15,-1,2,-1
2015440215882,3,9,0,16,0,0,0,0,0,0,1,1,6,2,77,11,1560,2,2,-1,3,-1
2015440216027,1,9,0,4,0,0,0,0,0,0,1,1,6,1,40,7,1598,1,7,-1,1,-1
2015440216027,2,9,0,3,0,0,0,0,0,0,2,1,6,2,26,6,1686,2,9,-1,1,-1
2015440216027,3,9,0,3,0,0,0,0,0,0,2,1,6,1,60,9,1968,2,3,-1,3,-1
2015440216028,1,9,0,2,0,8,0,0,0,0,3,1,6,2,35,6,1685,2,2,-1,1,-1
2015440216028,2,1,0,14,0,8,0,0,0,0,1,1,6,1,14,3,-1,-1,-1,-1,1,-1
2015440216097,1,9,0,4,0,0,0,0,0,0,1,1,1,2,26,6,999,1,1,-1,3,-1
2015440216097,2,9,0,4,0,0,0,0,0,0,2,1,1,2,57,9,1560,2,-1,-1,1,-1
2015440216123,1,1,0,18,0,8,0,0,0,0,1,1,6,1,42,7,-1,-1,-1,-1,1,-1
2015440216123,2,9,0,7,0,8,0,0,0,0,4,1,6,2,26,6,1796,1,8,-1,1,-1
2015440216199,1,90,0,9,0,8,0,0,0,0,4,2,6,2,27,6,2110,1,25,-1,-1,-1
2015440216199,2,4,0,17,0,8,1,0,0,0,1,1,6,1,68,10,125,1,1,-1,1,-1
2015440216214,1,1,0,18,0,0,1,0,0,0,0,1,6,1,63,9,-1,-1,-1,-1,3,-1
2015440216223,1,2,0,7,0,8,0,0,0,0,0,1,6,1,16,4,49,1,11,-1,1,-1
2015440216415,1,9,0,4,0,1,0,0,0,0,4,1,6,3,-1,-1,-1,-1,-1,-1,-1,-1
2015440216415,2,1,0,18,0,1,0,0,0,0,1,1,6,1,14,3,-1,-1,-1,-1,1,-1
2015440216479,1,9,0,9,0,8,0,0,0,0,2,1,6,1,27,6,1598,1,13,-1,1,-1
2015440216479,2,3,0,18,0,8,0,0,0,0,1,1,6,1,28,6,124,1,9,-1,1,-1
2015440216662,1,9,0,18,0,1,0,0,0,0,1,1,6,2,73,10,996,1,1,-1,1,-1
2015440216662,2,9,0,3,0,1,0,0,0,0,2,1,6,2,22,5,1598,1,13,-1,1,-1
2015440216717,1,9,0,9,0,8,0,0,0,0,1,1,2,2,47,8,1400,1,9,-1,2,-1
2015440216717,2,3,0,18,0,8,0,0,0,0,4,1,6,1,58,9,124,1,4,-1,3,-1
2015440217183,1,3,0,13,0,8,0,0,7,1,1,1,6,1,17,4,125,1,9,-1,3,-1
2015440217183,2,9,0,9,0,8,0,0,0,0,3,1,6,1,57,9,1229,1,1,-1,1,-1
2015440217336,1,9,0,9,0,8,0,0,0,0,1,1,6,1,47,8,1686,2,3,-1,1,-1
2015440217336,2,9,0,18,0,8,0,0,0,0,3,1,6,1,49,8,-1,-1,-1,-1,1,-1
2015440217359,1,9,0,5,0,0,0,0,0,0,1,1,6,2,32,6,1598,1,9,-1,1,-1
2015440217385,1,19,0,18,0,2,0,0,0,0,1,1,6,3,-1,-1,-1,-1,-1,-1,-1,-1
2015440217445,1,9,0,5,0,8,0,0,0,0,1,1,1,1,50,8,1686,2,1,-1,1,-1
2015440217445,2,1,0,18,0,8,0,0,0,0,1,1,4,1,34,6,-1,-1,-1,-1,1,-1
2015440217448,1,9,0,18,0,0,0,0,0,0,1,1,2,2,54,8,1560,2,8,-1,1,-1
2015440217448,2,9,0,18,0,0,0,0,0,0,2,1,2,2,50,8,1798,1,15,-1,3,-1
2015440217451,1,9,0,18,0,0,0,0,0,0,4,1,6,2,18,4,1149,1,11,-1,1,-1
2015440217459,1,9,0,18,0,8,0,0,4,0,4,1,2,1,51,8,1956,2,4,-1,1,-1
2015440217459,2,20,0,12,0,8,0,0,0,0,3,1,1,1,62,9,2287,2,1,-1,1,-1
2015440217503,1,1,0,18,0,8,0,0,0,0,1,1,6,1,41,7,-1,-1,-1,-1,1,-1
2015440217503,2,9,0,9,0,8,0,0,0,0,3,1,6,3,-1,-1,1242,1,3,-1,-1,-1
2015440218266,1,9,0,13,0,0,0,0,0,0,4,1,6,1,-1,-1,1498,1,6,-1,1,-1
2015440218266,2,9,0,18,0,0,0,0,0,0,3,1,6,1,66,10,1998,1,8,-1,2,-1
2015440218266,3,1,0,18,0,0,0,0,0,0,4,1,6,2,66,10,-1,-1,-1,-1,1,-1