Accident_Index,Vehicle_Reference,Vehicle_Type,Towing_and_Articulation,Vehicle_Manoeuvre,Vehicle_Location-Restricted_Lane,Junction_Location,Skidding_and_Overturning,Hit_Object_in_Carriageway,Vehicle_Leaving_Carriageway,Hit_Object_off_Carriageway,1st_Point_of_Impact,Was_Vehicle_Left_Hand_Drive?,Journey_Purpose_of_Driver,Sex_of_Driver,Age_of_Driver,Age_Band_of_Driver,Engine_Capacity_(CC),Propulsion_Code,Age_of_Vehicle,Driver_IMD_Decile,Driver_Home_Area_Type,Vehicle_IMD_Decile
2015440218350,1,9,0,9,0,8,0,0,0,0,1,1,6,2,39,7,1997,2,10,-1,1,-1
2015440218350,2,9,0,18,0,8,0,0,0,0,1,1,6,1,63,9,1798,1,9,-1,1,-1
2015440218446,1,9,0,18,0,8,1,0,1,9,3,1,6,2,59,9,1124,1,11,-1,1,-1
2015440218446,2,9,0,18,0,8,1,0,1,0,4,1,6,1,93,11,2179,2,8,-1,3,-1
2015440218455,1,9,0,18,0,0,0,0,0,0,2,1,6,2,21,5,1796,1,9,-1,1,-1
2015440218455,2,9,0,18,0,0,0,0,0,0,1,1,6,1,19,4,-1,-1,-1,-1,1,-1
2015440218545,1,9,0,13,0,1,0,0,0,0,4,1,6,1,65,9,1598,1,3,-1,1,-1
2015440218545,2,1,0,9,0,8,0,0,0,0,3,1,6,1,17,4,-1,-1,-1,-1,-1,-1
2015440218648,1,9,0,16,0,0,1,0,0,0,0,1,6,1,-1,-1,1800,1,16,-1,-1,-1
2015440218648,2,9,0,17,0,0,0,0,0,0,0,1,6,2,37,7,1461,2,8,-1,2,-1
2015440218718,1,1,0,13,0,0,0,0,0,0,4,1,6,1,54,8,-1,-1,-1,-1,1,-1
2015440218718,2,9,0,14,0,0,0,0,0,0,3,1,6,1,53,8,1299,1,15,-1,1,-1
2015440218795,1,3,0,18,0,8,0,0,0,0,1,1,6,1,18,4,124,1,7,-1,1,-1
2015440218795,2,19,0,2,0,8,0,0,0,0,2,1,6,3,-1,-1,2198,2,-1,-1,-1,-1
2015440219079,1,2,0,18,0,0,0,0,0,0,4,1,2,1,16,4,49,1,2,-1,1,-1
2015440219456,1,9,0,5,0,0,0,0,0,0,1,1,6,1,-1,-1,1388,1,11,-1,-1,-1
2015440219678,1,9,0,18,0,8,0,0,0,0,4,1,6,2,45,7,999,1,15,-1,1,-1
2015440219802,1,5,0,18,0,8,1,0,0,0,3,1,6,1,23,5,625,1,8,-1,1,-1
2015440219802,2,19,0,18,0,8,0,0,0,0,4,1,6,1,-1,-1,1289,1,19,-1,1,-1
2015440219839,1,9,0,16,0,8,0,0,0,0,3,1,6,1,18,4,1461,2,4,-1,-1,-1
2015440219869,1,9,0,18,0,0,0,0,0,0,3,1,6,1,21,5,948,1,-1,-1,3,-1
2015440219869,2,9,0,18,0,0,0,0,0,0,4,1,6,1,48,8,1598,1,9,-1,1,-1
2015440219869,3,9,0,12,0,0,0,0,0,0,3,1,6,1,21,5,2495,2,18,-1,3,-1
2015440219986,1,9,0,18,0,0,0,0,0,0,3,1,6,1,75,10,-1,-1,-1,-1,1,-1
2015440219986,2,1,0,18,0,0,0,0,0,0,1,1,6,1,8,2,-1,-1,-1,-1,1,-1
2015440220033,1,9,0,12,0,0,0,0,0,0,1,1,6,2,-1,-1,-1,-1,-1,-1,-1,-1
2015440220033,2,9,0,17,0,0,0,0,0,0,4,1,6,1,37,7,998,1,1,-1,1,-1
2015440220061,1,9,0,17,0,0,0,0,0,0,2,1,6,1,34,6,2967,1,12,-1,1,-1
2015440220061,2,5,0,17,0,0,0,0,0,0,1,1,6,1,29,6,-1,-1,-1,-1,1,-1
2015440220507,1,9,0,10,0,8,0,0,0,0,2,1,2,1,37,7,1896,2,10,-1,1,-1
2015440220507,2,9,0,16,0,8,0,0,0,0,1,1,3,2,50,8,1896,2,10,-1,1,-1
2015440220658,1,5,0,18,0,8,0,0,0,0,1,1,6,1,48,8,1157,1,12,-1,2,-1
2015440220658,2,9,0,9,0,8,0,0,0,0,3,1,6,2,68,10,1339,1,10,-1,2,-1
2015440220670,1,1,0,5,0,2,0,0,0,0,3,1,6,2,24,5,-1,-1,-1,-1,1,-1
2015440220670,2,9,0,18,0,2,0,0,0,0,1,1,6,1,24,5,998,1,8,-1,1,-1
2015440220774,1,9,0,4,0,1,0,0,0,0,2,1,3,2,48,8,2199,2,4,-1,1,-1
2015440220774,2,9,0,5,0,1,0,0,0,0,1,1,6,1,83,11,1364,1,7,-1,1,-1
2015440220808,1,9,0,18,0,8,0,0,0,0,1,1,6,1,69,10,1200,1,2,-1,1,-1
2015440220808,2,9,0,10,0,8,0,0,0,0,2,1,6,2,19,4,1598,1,11,-1,3,-1
2015440221044,1,9,0,4,0,1,0,0,0,0,2,1,6,2,61,9,1598,1,3,-1,1,-1
2015440221044,2,9,0,5,0,1,0,0,0,0,1,1,6,1,18,4,1299,1,13,-1,1,-1
2015440221063,1,19,0,18,0,0,0,0,1,1,1,1,1,1,28,6,2143,2,1,-1,1,-1
2015440221121,1,9,0,4,0,8,0,0,0,0,2,1,1,1,50,8,2143,2,3,-1,1,-1
2015440221121,2,9,0,18,0,8,0,0,0,0,1,1,1,1,30,6,1341,1,10,-1,1,-1
2015440221142,1,9,0,18,0,1,0,7,3,1,1,1,2,2,62,9,-1,-1,-1,-1,1,-1
2015440221163,1,9,0,18,0,8,0,0,0,0,4,1,6,1,-1,-1,-1,-1,-1,-1,-1,-1
2015440221245,1,9,0,17,0,8,0,0,1,1,1,1,6,2,52,8,1560,2,4,-1,3,-1
2015440221259,1,9,0,4,0,8,0,0,0,0,2,1,6,2,34,6,999,1,6,-1,1,-1
2015440221259,2,9,0,18,0,8,0,0,0,0,1,1,2,3,-1,-1,2688,2,14,-1,-1,-1
2015440221289,1,3,0,4,0,2,1,0,0,0,1,1,6,1,17,4,125,1,1,-1,1,-1
2015440221339,1,9,0,18,0,8,0,0,0,0,1,1,6,3,-1,-1,-1,-1,-1,-1,-1,-1
2015440221366,1,9,0,18,0,8,0,0,0,0,1,1,6,1,24,5,1686,2,4,-1,1,-1
2015440221366,2,1,0,9,0,8,0,0,0,0,1,1,6,1,36,7,-1,-1,-1,-1,1,-1
2015440221630,1,9,0,2,0,0,0,0,0,0,2,1,6,1,26,6,1997,1,13,-1,3,-1
2015440221630,2,9,0,18,0,0,1,0,0,0,1,1,6,1,20,4,1298,1,15,-1,1,-1
2015440221777,1,5,0,13,0,8,0,0,0,0,1,1,2,1,35,6,798,1,-1,-1,1,-1
2015440221777,2,9,0,9,0,8,0,0,0,0,3,1,2,1,52,8,1968,2,2,-1,1,-1
2015440221880,1,9,0,5,0,8,0,0,0,0,4,1,3,2,46,8,1339,1,4,-1,1,-1
2015440221880,2,9,0,18,0,8,0,0,0,0,3,1,2,2,50,8,1399,2,3,-1,1,-1
2015440221881,1,9,0,18,0,8,0,0,0,0,1,1,2,2,44,7,1560,2,8,-1,1,-1
2015440221881,2,1,0,18,0,8,0,0,0,0,4,1,2,2,28,6,-1,-1,-1,-1,1,-1
2015440222007,1,9,0,18,0,8,0,0,0,0,1,1,6,2,38,7,1781,1,10,-1,1,-1
2015440222007,2,9,0,4,0,8,0,0,0,0,2,1,6,2,43,7,1968,2,2,-1,1,-1
2015440222009,1,9,0,18,0,2,0,0,0,0,1,1,6,2,26,6,1598,1,12,-1,1,-1
2015440222009,2,9,0,18,0,1,0,0,0,0,1,1,6,2,48,8,1198,1,5,-1,1,-1
2015440222009,3,9,0,2,0,2,0,0,0,0,2,1,6,3,-1,-1,1984,1,5,-1,-1,-1
2015440222123,1,9,0,18,0,1,0,0,0,0,2,1,6,2,55,8,1600,1,15,-1,1,-1
2015440222123,2,9,0,18,0,1,1,0,0,0,1,1,6,1,17,4,1124,1,12,-1,1,-1
2015440222314,1,19,0,18,0,8,0,0,0,0,1,1,1,1,67,10,2143,2,3,-1,1,-1
2015440222314,2,1,0,18,0,8,0,0,0,0,1,1,3,1,12,3,-1,-1,-1,-1,1,-1
2015440222488,1,9,0,4,0,8,0,0,0,0,1,1,6,1,23,5,1596,1,7,-1,1,-1
2015440222488,2,1,0,18,0,1,0,0,0,0,4,1,6,1,17,4,-1,-1,-1,-1,1,-1
2015440222657,1,9,0,18,0,0,0,0,0,0,1,1,6,2,28,6,1582,2,4,-1,1,-1
2015440222657,2,9,0,4,0,0,0,0,0,0,2,1,6,2,22,5,1598,1,7,-1,1,-1
2015440222715,1,9,0,5,0,0,0,0,0,0,1,1,6,1,35,6,1951,2,12,-1,1,-1
2015440222715,2,97,0,18,0,0,1,0,0,0,1,1,6,1,43,7,-1,-1,-1,-1,1,-1
2015440222926,1,9,0,9,0,8,0,0,0,0,1,1,6,1,52,8,1598,1,9,-1,1,-1
2015440222926,2,1,0,18,0,1,0,0,0,0,1,1,6,1,37,7,-1,-1,-1,-1,1,-1
2015440223191,1,9,0,18,0,0,0,0,0,0,4,1,1,1,58,9,-1,-1,-1,-1,3,-1
2015440223194,1,9,0,7,0,1,0,0,7,10,1,1,2,1,28,6,1796,1,16,-1,1,-1
2015440223215,1,9,0,5,0,8,0,0,0,0,3,1,6,1,28,6,1598,1,8,-1,1,-1
2015440223215,2,1,0,5,0,8,0,0,0,0,4,1,6,1,24,5,-1,-1,-1,-1,1,-1
2015440223481,1,9,0,18,0,0,0,0,0,0,1,1,6,1,26,6,1560,2,1,-1,-1,-1
2015440223481,2,9,0,18,0,0,0,0,0,0,2,1,6,2,53,8,1998,1,11,-1,1,-1
2015440223481,3,9,0,18,0,0,0,0,0,0,2,1,6,1,53,8,1598,1,6,-1,-1,-1
2015440223608,1,9,0,18,0,0,0,0,0,0,0,1,6,3,-1,-1,-1,-1,-1,-1,-1,-1
2015440223925,1,9,0,7,0,2,0,0,0,0,1,1,6,2,84,11,1392,1,18,-1,1,-1
2015440223925,2,9,0,2,0,2,0,0,0,0,1,1,6,3,-1,-1,1800,1,16,-1,-1,-1
2015440224004,1,1,0,18,0,8,0,0,0,0,3,1,2,2,26,6,-1,-1,-1,-1,1,-1
2015440224004,2,9,0,9,0,8,0,0,0,0,4,1,6,2,52,8,1596,1,3,-1,1,-1
2015440224061,1,9,0,18,0,8,0,0,0,0,4,1,6,1,22,5,-1,-1,-1,-1,1,-1
2015440224120,1,9,0,9,0,8,0,0,0,0,3,1,6,1,36,7,1388,1,13,-1,1,-1
2015440224120,2,3,0,18,0,8,0,0,0,0,1,1,6,1,23,5,124,1,8,-1,1,-1
2015440224139,1,5,0,17,0,0,0,0,1,9,4,1,6,1,48,8,1199,1,15,-1,1,-1
2015440224139,2,5,0,17,0,0,0,0,1,9,4,1,6,1,25,5,599,1,10,-1,2,-1
2015440224184,1,1,0,14,0,8,0,0,0,0,1,1,2,1,34,6,-1,-1,-1,-1,1,-1
2015440224184,2,9,0,9,0,8,0,0,0,0,1,1,6,2,-1,-1,-1,-1,-1,-1,1,-1
2015440224229,1,5,0,18,0,0,0,0,0,0,4,1,6,1,52,8,998,1,3,-1,1,-1
2015440224284,1,9,0,9,0,8,0,0,0,0,1,1,6,1,59,9,2148,2,6,-1,1,-1
2015440224284,2,9,0,18,0,8,0,0,0,0,1,1,6,1,29,6,1198,1,8,-1,3,-1
2015440224453,1,9,0,18,0,0,1,0,1,0,1,1,6,1,31,6,-1,-1,-1,-1,1,-1
2015440224465,1,1,0,11,0,0,0,0,0,0,2,1,2,1,27,6,-1,-1,-1,-1,1,-1
2015440224465,2,9,0,18,0,0,1,0,0,0,1,1,6,1,56,9,1839,1,20,-1,1,-1
2015440224533,1,9,0,13,0,0,2,0,5,6,3,1,2,1,23,5,1995,2,4,-1,-1,-1
2015440224646,1,9,0,5,0,1,0,0,0,0,1,1,6,1,50,8,1870,2,5,-1,2,-1
2015440224646,2,9,0,5,0,1,0,0,0,0,1,1,6,3,-1,-1,-1,-1,-1,-1,-1,-1
2015440224670,1,9,0,9,0,8,0,0,0,0,4,1,6,2,31,6,1386,1,7,-1,1,-1
2015440224670,2,5,0,18,0,8,0,0,1,0,1,1,6,1,52,8,1170,1,8,-1,2,-1
2015440224741,1,9,0,18,0,8,0,0,1,2,1,1,6,2,79,11,1248,1,6,-1,1,-1
2015440224747,1,9,0,18,0,0,0,0,0,0,1,1,2,1,30,6,1968,2,2,-1,1,-1
2015440224747,2,9,0,4,0,0,0,0,0,0,2,1,6,1,40,7,1596,1,15,-1,1,-1
2015440224747,3,9,0,4,0,0,0,0,0,0,2,1,6,1,23,5,1968,2,5,-1,2,-1
2015440224817,1,9,0,9,0,8,5,0,0,0,1,1,6,1,18,4,1360,1,10,-1,1,-1
2015440224963,1,3,0,13,0,8,0,0,0,0,4,1,6,1,38,7,125,1,-1,-1,1,-1
2015440224963,2,21,0,18,0,8,0,0,0,0,3,1,1,3,-1,-1,12777,2,5,-1,-1,-1
2015440225014,1,9,0,18,0,0,0,0,0,0,4,1,6,1,26,6,1229,1,6,-1,1,-1
2015440225014,2,3,0,18,0,0,0,0,0,0,3,1,6,1,23,5,124,1,7,-1,1,-1
2015440225070,1,3,0,9,0,8,0,0,0,0,4,1,6,1,53,8,-1,-1,-1,-1,1,-1
2015440225070,2,9,0,18,0,8,0,0,0,0,3,1,6,1,78,11,1995,2,8,-1,1,-1
2015440225086,1,9,0,9,0,8,0,0,0,0,3,1,6,2,58,9,1399,1,7,-1,1,-1
2015440225086,2,9,0,18,0,8,0,0,0,0,1,1,2,2,55,8,1399,1,7,-1,1,-1
2015440225219,1,9,0,18,0,0,0,0,0,0,3,1,6,1,30,6,1796,1,8,-1,1,-1
2015440225219,2,9,0,18,0,0,0,0,0,0,3,1,6,3,-1,-1,1198,1,5,-1,-1,-1
2015440225222,1,9,0,2,0,8,0,0,0,0,2,1,6,3,-1,-1,-1,-1,-1,-1,-1,-1
2015440225265,1,9,0,4,0,1,0,0,0,0,1,1,6,1,-1,-1,-1,-1,-1,-1,-1,-1
2015440225265,2,9,0,3,0,1,0,0,0,0,2,1,6,2,34,6,1299,1,13,-1,1,-1
2015440225309,1,19,0,5,0,1,0,0,0,0,3,1,6,1,-1,-1,-1,-1,-1,-1,-1,-1
2015440225363,1,9,0,18,0,8,5,0,0,0,1,2,2,1,47,8,-1,-1,-1,-1,1,-1
2015440225396,1,9,0,18,0,8,0,0,0,0,1,1,6,1,17,4,-1,-1,-1,-1,1,-1
2015440225396,2,9,0,10,0,8,0,0,0,0,2,1,6,2,41,7,1991,2,7,-1,1,-1
2015440225412,1,19,0,3,0,8,0,0,0,0,2,1,1,1,42,7,1248,2,3,-1,-1,-1
2015440225412,2,9,0,3,0,8,0,0,0,0,2,1,6,1,57,9,1364,1,5,-1,1,-1
2015440225412,3,9,0,18,0,8,0,0,0,0,1,1,6,1,-1,-1,1124,1,17,-1,1,-1
2015440225417,1,1,0,18,0,0,0,0,1,0,1,1,2,1,44,7,-1,-1,-1,-1,2,-1
2015440225417,2,9,0,2,0,0,0,0,0,0,2,1,6,3,-1,-1,1968,2,6,-1,-1,-1
2015440225590,1,9,0,18,0,8,0,0,0,0,0,1,6,1,74,10,1796,1,9,-1,1,-1
2015440225590,2,9,0,18,0,8,0,0,0,0,1,1,6,1,43,7,1796,1,9,-1,1,-1
2015440225590,3,9,0,2,0,8,0,0,0,0,2,1,6,3,-1,-1,1229,1,9,-1,-1,-1
2015440225816,1,8,0,18,0,0,0,0,0,0,1,1,1,1,37,7,1598,2,4,-1,1,-1
2015440225948,1,9,0,18,0,0,0,0,0,0,3,1,6,1,33,6,1390,1,14,-1,1,-1
2015440225948,2,9,0,18,0,0,0,0,0,0,3,1,6,3,-1,-1,-1,-1,-1,-1,-1,-1
2015440225969,1,9,0,18,0,0,0,0,0,0,4,1,6,2,24,5,1242,1,1,-1,1,-1
2015440225969,2,9,0,18,0,0,2,0,2,10,3,1,2,1,36,7,2429,1,13,-1,3,-1
2015440226024,1,19,0,18,0,0,0,0,0,0,1,1,1,1,26,6,1560,2,1,-1,3,-1
2015440226024,2,9,0,4,0,0,0,0,0,0,2,1,2,2,41,7,1598,2,1,-1,1,-1
2015440226024,3,9,0,3,0,0,0,0,0,0,2,1,2,2,54,8,1339,1,5,-1,1,-1
2015440226024,4,9,0,3,0,0,0,0,0,0,2,1,2,2,21,5,1490,1,8,-1,3,-1
2015440226063,1,9,0,9,0,2,0,0,0,0,1,1,3,2,35,6,-1,-1,-1,-1,1,-1
2015440226320,1,2,0,18,0,0,0,10,1,0,1,1,6,1,16,4,49,1,13,-1,3,-1
2015440226345,1,9,0,18,0,0,0,0,0,0,0,1,6,3,-1,-1,-1,-1,-1,-1,-1,-1
2015440226345,2,5,0,18,0,0,0,0,0,0,0,1,6,1,46,8,900,1,39,-1,1,-1
2015440226348,1,22,0,7,0,8,0,0,0,0,3,1,6,2,60,9,-1,-1,-1,-1,1,-1
2015440226348,2,19,0,7,0,8,0,0,0,0,4,1,1,3,-1,-1,-1,-1,-1,-1,-1,-1
2015440226351,1,9,0,4,0,0,0,0,0,0,2,1,6,1,36,7,1390,1,5,-1,1,-1
2015440226351,2,9,0,18,0,0,0,0,0,0,1,1,6,1,19,4,1200,1,3,-1,1,-1
2015440226491,1,9,0,18,0,0,2,0,0,0,1,1,6,1,19,4,1199,1,11,-1,1,-1
2015440226510,1,9,0,18,0,1,0,0,0,0,4,1,6,1,71,10,1948,1,14,-1,1,-1
2015440226628,1,8,0,6,0,0,0,0,0,0,4,1,1,1,-1,-1,1686,2,4,-1,-1,-1
2015440226628,2,9,0,18,0,0,0,0,0,0,1,1,6,1,23,5,1149,1,11,-1,1,-1
2015440226632,1,9,0,4,0,0,0,0,0,0,2,1,6,1,50,8,1986,2,10,-1,1,-1
2015440226632,2,9,0,4,0,0,0,0,0,0,2,1,6,1,49,8,2993,2,3,-1,1,-1
2015440226632,3,21,1,4,0,0,0,0,0,0,3,1,1,1,59,9,12809,2,2,-1,1,-1
2015440226632,4,9,0,4,0,0,0,0,0,0,2,1,6,2,39,7,1896,2,7,-1,3,-1
2015440226632,5,9,0,4,0,0,1,0,0,0,1,1,6,1,36,7,1910,2,10,-1,1,-1
2015440226658,1,4,0,15,0,1,0,0,0,0,1,1,6,1,20,4,398,1,10,-1,1,-1
2015440226658,2,9,0,7,0,8,0,0,0,0,4,1,1,2,24,5,1956,2,-1,-1,1,-1
2015440226705,1,9,0,18,0,8,0,0,0,0,1,1,1,1,37,7,1997,2,4,-1,1,-1
2015440226705,2,9,0,11,0,8,0,0,0,0,4,1,6,2,31,6,1999,1,9,-1,1,-1
2015440226790,1,9,0,4,0,8,0,0,0,0,2,1,1,1,35,6,1896,2,6,-1,1,-1
2015440226790,2,8,0,4,0,8,0,0,0,0,2,1,1,1,42,7,1997,2,5,-1,1,-1
2015440226790,3,9,0,4,0,8,0,0,0,0,1,1,6,2,39,7,2231,2,5,-1,1,-1
2015440226874,1,9,0,18,0,2,0,0,0,0,4,1,6,1,26,6,1390,1,9,-1,1,-1
2015440226912,1,9,0,4,0,1,0,0,0,0,2,1,6,2,50,8,1997,1,10,-1,1,-1
2015440226912,2,9,0,5,0,1,0,0,0,0,1,1,6,1,43,7,1794,1,13,-1,3,-1
2015440226919,1,9,0,4,0,1,0,0,0,0,1,1,6,1,68,10,2401,2,11,-1,1,-1
2015440226919,2,5,0,4,0,1,0,0,0,0,2,1,6,1,67,10,499,1,11,-1,1,-1
2015440226927,1,2,0,18,0,8,0,0,0,0,1,1,6,1,16,4,50,1,1,-1,1,-1
2015440226927,2,9,0,4,0,8,0,0,0,0,2,1,6,1,74,10,1328,1,9,-1,2,-1
2015440226930,1,9,0,1,0,8,0,0,0,0,2,1,6,2,21,5,1198,1,10,-1,1,-1
2015440226930,2,5,0,3,0,8,0,0,0,0,1,1,6,1,56,9,1052,1,16,-1,1,-1
2015440227024,1,9,0,5,0,8,0,0,0,0,3,1,6,1,58,9,1995,2,11,-1,1,-1
2015440227024,2,2,0,18,0,8,0,0,0,0,1,1,6,1,21,5,49,1,2,-1,1,-1
2015440227196,1,4,0,18,0,0,0,0,1,9,4,1,6,1,40,7,250,1,14,-1,1,-1
2015440227263,1,9,0,18,0,0,0,0,0,0,3,1,6,1,79,11,1798,1,10,-1,1,-1
2015440227473,1,9,0,18,0,0,5,0,1,11,4,1,6,1,73,10,1582,2,5,-1,1,-1
2015440227735,1,1,0,9,0,8,0,0,0,0,4,1,6,1,8,2,-1,-1,-1,-1,3,-1
2015440227735,2,9,0,18,0,8,0,0,0,0,0,1,6,1,54,8,-1,-1,-1,-1,3,-1
2015440227751,1,9,0,5,0,8,0,0,0,0,1,1,6,2,23,5,998,1,6,-1,3,-1
2015440227751,2,9,0,18,0,8,0,0,0,0,4,1,6,2,47,8,2979,1,4,-1,1,-1
2015440227754,1,5,0,17,0,0,0,0,0,0,3,1,6,1,68,10,744,1,36,-1,3,-1
2015440227790,1,9,0,18,0,0,5,0,2,10,4,1,6,1,46,8,2494,2,10,-1,2,-1
2015440227843,1,9,0,18,0,0,0,0,0,0,1,1,2,2,54,8,1398,1,1,-1,1,-1
2015440227843,2,9,0,2,0,0,0,0,0,0,2,1,6,3,-1,-1,999,1,2,-1,-1,-1
2015440227884,1,9,0,6,0,8,0,0,0,0,4,1,6,1,42,7,1560,2,3,-1,1,-1
2015440227884,2,3,0,18,0,8,0,0,0,0,1,1,6,1,29,6,125,1,1,-1,2,-1
2015440227950,1,9,0,18,0,8,0,0,0,0,1,1,6,2,49,8,1591,1,3,-1,1,-1
2015440227950,2,1,0,18,0,8,0,0,0,0,4,1,6,1,31,6,-1,-1,-1,-1,1,-1
2015440227962,1,2,0,17,0,0,1,10,0,0,4,1,6,1,20,4,49,1,16,-1,1,-1
2015440227993,1,9,0,5,0,0,0,0,0,0,4,1,6,2,22,5,1388,1,12,-1,1,-1
2015440227993,2,3,0,4,0,0,0,0,0,0,3,1,6,1,48,8,90,1,40,-1,1,-1
2015440228000,1,9,0,4,0,7,0,0,0,0,2,1,6,1,20,4,1896,2,14,-1,1,-1
2015440228000,2,5,0,18,0,8,0,0,0,0,1,1,6,1,50,8,1250,1,1,-1,1,-1
2015440228031,1,1,0,18,0,0,0,0,0,0,2,1,6,1,56,9,-1,-1,-1,-1,1,-1
2015440228031,2,9,0,18,0,0,0,0,0,0,1,1,6,2,-1,-1,-1,-1,-1,-1,-1,-1
2015440228064,1,9,0,18,0,0,0,0,1,3,1,1,2,2,59,9,1998,1,-1,-1,1,-1
2015440228416,1,9,0,7,0,8,0,0,3,9,1,1,6,1,70,10,2184,2,12,-1,3,-1
2015440228874,1,9,0,3,0,1,0,0,0,0,2,1,6,2,47,8,1197,1,2,-1,1,-1
2015440228874,2,9,0,4,0,1,0,0,0,0,1,1,6,1,55,8,1596,1,5,-1,3,-1
2015440229009,1,11,0,5,0,1,0,0,0,0,0,1,1,1,28,6,5132,2,-1,-1,1,-1
2015440229101,1,9,0,18,0,2,0,7,0,0,1,1,6,2,63,9,1199,1,15,-1,1,-1
2015440229339,1,9,0,18,0,0,0,0,0,0,3,1,6,1,38,7,1781,1,12,-1,1,-1
2015440229339,2,9,0,18,0,0,0,0,0,0,4,1,6,2,22,5,1598,2,1,-1,1,-1
2015440229444,1,9,0,18,0,0,5,0,0,0,1,1,6,2,26,6,1149,1,13,-1,2,-1
2015440229444,2,9,0,2,0,0,0,0,0,0,3,1,6,3,-1,-1,1910,2,14,-1,-1,-1
2015440229444,3,9,0,2,0,0,0,0,1,0,2,1,6,3,-1,-1,1296,1,8,-1,-1,-1
2015440229444,4,9,0,2,0,0,0,0,0,0,2,1,6,3,-1,-1,1560,2,9,-1,-1,-1
2015440229548,1,9,0,18,0,0,1,0,5,6,2,1,6,1,29,6,1396,1,18,-1,1,-1
2015440229548,2,21,0,12,0,0,0,0,0,0,1,1,1,1,52,8,-1,-1,-1,-1,-1,-1
2015440229770,1,9,0,18,0,0,0,0,0,0,1,1,2,2,45,7,1108,1,12,-1,1,-1
2015440229770,2,9,0,2,0,0,0,0,0,0,1,1,6,3,-1,-1,-1,-1,-1,-1,-1,-1
2015440229824,1,21,0,11,0,0,0,0,0,0,4,1,1,1,61,9,12900,2,8,-1,1,-1
2015440229824,2,9,0,18,0,0,1,0,0,0,3,1,6,1,58,9,1588,1,13,-1,1,-1
2015440229825,1,9,0,12,0,0,0,0,0,0,0,1,2,1,56,9,1560,2,8,-1,1,-1
2015440229825,2,5,0,18,0,0,1,0,0,0,3,1,2,1,54,8,656,1,5,-1,2,-1
2015440229844,1,9,0,18,0,2,0,0,0,0,1,1,6,3,-1,-1,2204,2,8,-1,-1,-1
2015440229844,2,3,0,3,0,2,0,0,0,0,2,1,1,1,30,6,125,1,1,-1,1,-1
2015440229997,1,9,0,1,0,0,0,0,0,0,2,1,1,1,27,6,-1,-1,-1,-1,1,-1
2015440230134,1,1,0,18,0,8,0,0,0,0,1,1,6,1,68,10,-1,-1,-1,-1,1,-1
2015440230134,2,9,0,5,0,8,0,0,0,0,1,1,6,2,20,4,1061,1,9,-1,1,-1
2015440230430,1,19,0,3,0,0,0,0,0,0,2,1,6,1,51,8,1248,2,4,-1,1,-1
2015440230430,2,9,0,4,0,0,0,0,0,0,1,1,6,3,-1,-1,1896,2,9,-1,-1,-1
2015440230480,1,9,3,13,0,8,0,0,0,0,4,1,6,1,65,9,-1,-1,-1,-1,1,-1
2015440230480,2,1,0,14,0,8,1,0,0,0,3,1,6,1,63,9,-1,-1,-1,-1,2,-1
2015440230550,1,9,0,9,0,5,0,0,0,0,4,1,6,2,22,5,1198,1,12,-1,1,-1
2015440230550,2,1,0,13,0,1,0,0,0,0,1,1,6,1,35,6,-1,-1,-1,-1,1,-1
2015440230639,1,9,0,1,0,0,0,0,0,0,2,1,6,1,87,11,998,1,1,-1,1,-1
2015440230941,1,9,0,9,0,8,0,0,0,0,4,1,1,1,19,4,1796,1,12,-1,1,-1
2015440230941,2,9,0,18,0,8,0,0,0,0,1,1,1,1,26,6,-1,-1,-1,-1,1,-1
2015440231143,1,9,0,9,0,8,0,0,0,0,1,1,6,3,-1,-1,1796,1,6,-1,-1,-1
2015440231143,2,1,0,18,0,1,0,0,0,0,3,1,6,1,52,8,-1,-1,-1,-1,1,-1
2015440231245,1,9,0,18,0,8,0,0,0,0,1,1,1,2,36,7,1910,2,8,-1,1,-1
2015440231245,2,9,0,18,0,8,0,0,0,0,3,1,3,2,43,7,1560,2,8,-1,1,-1
2015440231253,1,9,0,4,0,0,0,0,0,0,2,1,2,2,63,9,998,1,5,-1,1,-1
2015440231253,2,9,0,18,0,0,0,0,0,0,2,1,6,1,44,7,2199,2,4,-1,2,-1
2015440231400,1,9,0,18,0,1,0,0,0,0,1,1,6,2,49,8,1197,1,1,-1,1,-1
2015440231470,1,8,0,5,0,0,0,0,0,0,0,1,1,1,41,7,2143,2,3,-1,1,-1
2015440231527,1,2,0,18,0,1,0,0,0,0,0,1,6,2,17,4,49,1,5,-1,1,-1
2015440231527,2,9,0,18,0,8,0,0,0,0,0,1,6,3,-1,-1,-1,-1,-1,-1,-1,-1
2015440231608,1,1,0,18,0,1,0,0,0,0,1,1,2,1,28,6,-1,-1,-1,-1,-1,-1
2015440231624,1,9,0,18,0,0,2,0,2,10,4,1,6,1,29,6,1396,1,11,-1,1,-1
2015440231629,1,9,0,18,0,0,0,0,0,0,3,1,6,1,59,9,1997,2,15,-1,3,-1
2015440231629,2,20,0,18,0,0,0,0,0,0,3,1,6,3,-1,-1,-1,-1,-1,-1,-1,-1
2015440231788,1,19,0,4,0,0,0,0,0,0,2,1,1,2,51,8,1248,2,4,-1,1,-1