Accident_Index,Vehicle_Reference,Vehicle_Type,Towing_and_Articulation,Vehicle_Manoeuvre,Vehicle_Location-Restricted_Lane,Junction_Location,Skidding_and_Overturning,Hit_Object_in_Carriageway,Vehicle_Leaving_Carriageway,Hit_Object_off_Carriageway,1st_Point_of_Impact,Was_Vehicle_Left_Hand_Drive?,Journey_Purpose_of_Driver,Sex_of_Driver,Age_of_Driver,Age_Band_of_Driver,Engine_Capacity_(CC),Propulsion_Code,Age_of_Vehicle,Driver_IMD_Decile,Driver_Home_Area_Type,Vehicle_IMD_Decile
2015440231788,2,9,0,18,0,0,0,0,0,0,1,1,6,2,41,7,-1,-1,-1,-1,1,-1
2015440231859,1,9,0,18,0,0,0,0,0,0,1,1,6,1,53,8,3000,2,17,-1,-1,-1
2015440231859,2,1,0,18,0,0,0,0,0,0,2,1,6,1,51,8,-1,-1,-1,-1,1,-1
2015440232117,1,9,0,18,0,0,1,0,4,4,3,1,2,2,69,10,1796,1,13,-1,1,-1
2015440232137,1,9,0,9,0,8,0,0,0,0,4,2,6,1,62,9,-1,-1,-1,-1,-1,-1
2015440232137,2,1,0,18,0,1,0,0,0,0,1,1,6,1,48,8,-1,-1,-1,-1,1,-1
2015440232203,1,9,0,3,0,1,0,0,0,0,2,1,6,1,19,4,1364,1,9,-1,1,-1
2015440232203,2,9,0,18,0,1,0,0,0,0,1,1,6,3,-1,-1,1560,2,3,-1,-1,-1
2015440232666,1,9,0,7,0,8,0,0,0,0,1,1,6,1,45,7,1956,2,5,-1,1,-1
2015440232666,2,1,0,18,0,8,0,0,0,0,2,1,6,1,26,6,-1,-1,-1,-1,1,-1
2015440232672,1,1,0,18,0,0,0,0,0,0,1,1,6,1,47,8,-1,-1,-1,-1,1,-1
2015440232672,2,9,0,2,0,0,0,0,0,0,3,1,6,1,-1,-1,-1,-1,-1,-1,-1,-1
2015440232772,1,9,0,9,0,8,0,0,0,0,1,1,2,2,59,9,-1,-1,-1,-1,3,-1
2015440232772,2,9,0,18,0,8,0,0,0,0,1,1,2,1,33,6,-1,-1,-1,-1,1,-1
2015440233051,1,2,0,18,0,8,0,0,0,0,1,1,6,1,21,5,49,1,17,-1,1,-1
2015440233051,2,9,0,10,0,8,0,0,0,0,2,1,2,1,61,9,1598,1,13,-1,1,-1
2015440233080,1,9,0,18,0,0,0,0,7,0,3,1,6,1,25,5,1968,2,6,-1,1,-1
2015440233080,2,9,0,18,0,0,0,0,1,0,3,1,6,1,30,6,2143,2,3,-1,1,-1
2015440233541,1,9,0,4,0,1,0,0,0,0,2,1,2,1,22,5,1997,2,11,-1,1,-1
2015440233541,2,9,0,18,0,1,0,0,0,0,1,1,1,1,45,7,-1,-1,-1,-1,1,-1
2015440233541,3,9,0,18,0,1,0,0,0,0,1,1,2,1,22,5,1596,1,13,-1,1,-1
2015440233541,4,9,0,18,0,1,0,0,0,0,1,1,2,2,21,5,1339,1,10,-1,1,-1
2015440233541,5,9,0,18,0,1,0,0,0,0,1,1,2,1,32,6,2148,2,7,-1,1,-1
2015440233541,6,9,0,18,0,1,0,0,0,0,1,1,2,1,42,7,1956,2,2,-1,1,-1
2015440233541,7,19,0,9,0,6,0,0,0,0,0,1,1,1,26,6,-1,-1,-1,-1,1,-1
2015440233629,1,5,0,10,0,8,0,0,0,0,2,1,2,1,51,8,1261,1,8,-1,3,-1
2015440233629,2,9,0,4,0,8,0,0,0,0,1,1,6,2,-1,-1,-1,-1,-1,-1,-1,-1
2015440233770,1,9,0,9,0,8,0,0,0,0,3,1,6,2,17,4,-1,-1,-1,-1,1,-1
2015440233770,2,5,0,18,0,8,0,0,0,0,1,1,2,2,25,5,696,1,7,-1,1,-1
2015440233808,1,5,0,18,0,0,1,0,0,0,4,1,6,1,21,5,636,1,12,-1,1,-1
2015440233839,1,9,0,17,0,0,0,6,1,10,1,1,6,2,21,5,1149,1,12,-1,1,-1
2015440234114,1,5,0,4,0,1,1,0,0,0,1,1,2,1,40,7,919,1,13,-1,1,-1
2015440234114,2,9,0,18,0,1,0,0,0,0,2,1,2,1,43,7,1896,2,13,-1,1,-1
2015440234161,1,19,0,1,0,1,0,0,0,0,2,1,1,1,30,6,2300,2,12,-1,1,-1
2015440234161,2,9,0,3,0,1,0,0,0,0,1,1,6,1,26,6,1997,2,8,-1,1,-1
2015440234284,1,9,0,18,0,0,0,0,0,0,2,1,6,1,79,11,1997,2,12,-1,1,-1
2015440234284,2,5,0,18,0,0,0,0,0,0,1,1,2,1,22,5,748,1,6,-1,1,-1
2015440234615,1,9,0,9,0,8,0,0,0,0,3,1,2,2,20,4,1360,1,14,-1,1,-1
2015440234615,2,9,0,18,0,8,0,0,0,0,1,1,6,2,69,10,2143,2,4,-1,-1,-1
2015440234696,1,19,0,1,0,0,0,0,0,0,2,1,1,1,35,6,1248,2,6,-1,1,-1
2015440234719,1,9,0,18,0,8,0,0,1,11,1,1,1,2,70,10,1596,1,8,-1,1,-1
2015440234719,2,9,0,18,0,8,0,0,0,0,1,1,6,1,31,6,1598,2,3,-1,1,-1
2015440234745,1,9,0,18,0,0,0,0,0,0,1,1,6,1,51,8,1948,1,15,-1,1,-1
2015440234745,2,9,0,3,0,0,0,0,0,0,2,1,6,1,46,8,1895,1,16,-1,2,-1
2015440234745,3,9,0,3,0,0,0,0,0,0,2,1,6,1,38,7,1995,2,2,-1,2,-1
2015440234822,1,9,0,18,0,0,0,0,0,0,1,1,2,1,52,8,1598,2,-1,-1,1,-1
2015440234956,1,9,0,14,0,1,0,0,0,0,3,1,6,1,77,11,1596,1,12,-1,1,-1
2015440234956,2,9,0,18,0,1,0,0,0,0,3,1,6,1,46,8,1910,2,10,-1,1,-1
2015440235070,1,9,0,18,0,0,0,0,0,0,1,1,2,1,35,6,2902,2,9,-1,1,-1
2015440235070,2,9,0,3,0,0,0,0,0,0,2,1,2,2,50,8,1968,2,5,-1,1,-1
2015440235070,3,9,0,3,0,0,0,0,0,0,2,1,2,1,33,6,1339,1,12,-1,1,-1
2015440235284,1,19,0,18,0,0,0,0,0,0,1,1,6,1,30,6,2143,2,1,-1,1,-1
2015440235284,2,9,0,4,0,0,0,0,0,0,2,1,6,1,67,10,1999,1,5,-1,1,-1
2015440235284,3,9,0,4,0,0,0,0,0,0,2,1,6,1,49,8,1995,2,3,-1,1,-1
2015440235712,1,19,0,4,0,0,0,0,0,0,2,1,1,1,53,8,1870,2,10,-1,3,-1
2015440235712,2,9,0,18,0,0,2,0,0,0,1,1,6,1,49,8,1796,1,11,-1,1,-1
2015440235743,1,9,0,18,0,8,0,0,0,0,4,1,2,2,51,8,1598,2,1,-1,1,-1
2015440236041,1,20,0,11,0,0,0,0,0,0,4,1,1,3,-1,-1,-1,-1,-1,-1,-1,-1
2015440236041,2,9,0,18,0,0,0,0,1,9,3,1,2,2,30,6,1242,1,6,-1,1,-1
2015440236226,1,9,0,18,0,0,0,0,0,0,1,1,6,1,65,9,1997,2,10,-1,3,-1
2015440236226,2,9,0,4,0,0,0,0,0,0,2,1,6,1,29,6,999,1,3,-1,1,-1
2015440236286,1,9,0,18,0,0,0,0,0,0,1,1,6,1,68,10,1951,2,13,-1,2,-1
2015440236344,1,3,0,9,0,8,0,0,0,0,3,1,6,1,18,4,100,1,10,-1,1,-1
2015440236344,2,9,0,9,0,8,0,0,0,0,1,1,6,1,55,8,1396,1,12,-1,1,-1
2015440236363,1,9,0,18,0,0,0,0,0,0,1,1,6,2,30,6,1398,1,1,-1,2,-1
2015440236363,2,9,0,4,0,0,0,0,0,0,2,1,6,1,57,9,1998,1,7,-1,1,-1
2015440236363,3,9,0,4,0,0,0,0,0,0,2,1,6,1,33,6,1360,1,5,-1,1,-1
2015440236363,4,9,0,4,0,0,0,0,0,0,2,1,6,1,25,5,1364,2,8,-1,1,-1
2015440236363,5,9,0,4,0,0,0,0,0,0,2,1,6,1,35,6,1390,1,13,-1,2,-1
2015440236371,1,9,0,9,0,8,0,0,0,0,3,1,6,1,49,8,-1,-1,-1,-1,1,-1
2015440236371,2,3,0,18,0,8,0,0,0,0,1,1,6,1,48,8,125,1,-1,-1,1,-1
2015440236390,1,19,0,18,0,0,0,0,0,0,4,1,1,1,53,8,2463,2,10,-1,1,-1
2015440236455,1,9,0,4,0,0,0,0,0,0,2,1,6,2,43,7,1968,2,7,-1,3,-1
2015440236455,2,5,0,18,0,0,1,0,4,6,1,1,6,1,47,8,1188,1,24,-1,1,-1
2015440236478,1,9,0,14,0,1,0,0,0,0,1,1,2,1,25,5,-1,-1,-1,-1,1,-1
2015440236478,2,20,0,4,0,1,0,0,0,0,2,1,1,1,60,9,-1,-1,-1,-1,1,-1
2015440236480,1,9,0,9,0,8,0,0,0,0,4,1,2,1,26,6,1390,1,2,-1,1,-1
2015440236480,2,1,0,18,0,8,0,0,0,0,1,1,6,1,53,8,-1,-1,-1,-1,1,-1
2015440236540,1,1,0,18,0,1,0,0,0,0,2,1,6,1,22,5,-1,-1,-1,-1,1,-1
2015440236540,2,19,0,13,0,1,0,0,0,0,1,1,6,1,57,9,-1,-1,-1,-1,1,-1
2015440236742,1,1,0,18,0,0,1,0,0,0,1,1,6,1,18,4,-1,-1,-1,-1,1,-1
2015440236879,1,9,0,9,0,8,0,0,0,0,4,1,6,2,21,5,1198,1,9,-1,2,-1
2015440236879,2,3,0,18,0,8,0,0,0,0,1,1,6,1,19,4,125,1,6,-1,1,-1
2015440237143,1,9,0,5,0,8,0,0,0,0,1,1,2,1,64,9,1900,2,15,-1,1,-1
2015440237143,2,1,0,17,2,8,0,0,0,0,4,1,2,1,40,7,-1,-1,-1,-1,1,-1
2015440237156,1,9,0,17,0,0,5,0,1,3,4,1,6,2,82,11,1598,1,12,-1,1,-1
2015440237257,1,9,0,18,0,0,5,0,7,4,1,1,6,1,46,8,1990,1,29,-1,3,-1
2015440237275,1,3,0,18,0,0,0,0,4,0,3,1,2,1,17,4,124,1,1,-1,1,-1
2015440237275,2,9,0,18,0,0,0,0,0,0,0,1,2,2,32,6,-1,-1,-1,-1,1,-1
2015440237362,1,9,0,12,0,0,1,0,1,7,1,1,6,2,21,5,998,1,10,-1,1,-1
2015440237362,2,9,0,18,0,0,0,0,0,0,4,1,6,1,76,11,1798,1,7,-1,1,-1
2015440237408,1,9,0,3,0,0,0,0,0,0,2,1,6,1,27,6,1560,2,-1,-1,3,-1
2015440237408,2,19,0,18,0,0,0,0,0,0,1,1,6,1,-1,-1,1248,2,9,-1,1,-1
2015440237409,1,9,0,16,0,0,1,0,7,0,1,1,6,1,36,7,2967,2,8,-1,1,-1
2015440237409,2,9,0,17,0,0,0,0,1,0,3,1,6,1,29,6,1396,1,15,-1,3,-1
2015440237420,1,9,0,10,0,8,0,0,0,0,2,1,6,2,42,7,1587,1,15,-1,1,-1
2015440237420,2,19,0,18,0,8,0,0,0,0,1,1,1,1,40,7,2402,2,14,-1,1,-1
2015440237578,1,1,0,18,0,0,0,0,0,0,2,1,6,1,42,7,-1,-1,-1,-1,1,-1
2015440237578,2,9,0,18,0,0,0,0,0,0,1,1,6,3,-1,-1,1339,1,6,-1,-1,-1
2015440237621,1,1,0,18,0,2,0,0,0,0,0,1,6,1,46,8,-1,-1,-1,-1,2,-1
2015440237626,1,9,0,18,0,8,0,0,0,0,1,1,1,2,54,8,1248,1,1,-1,1,-1
2015440237645,1,5,0,17,0,0,1,0,1,0,1,1,6,1,37,7,1298,1,7,-1,1,-1
2015440237710,1,1,0,5,0,1,0,0,0,0,1,1,6,1,14,3,-1,-1,-1,-1,1,-1
2015440237710,2,9,0,5,0,1,0,0,0,0,4,1,6,2,78,11,1596,1,7,-1,1,-1
2015440237830,1,9,0,18,0,0,5,0,6,4,1,1,6,1,64,9,3248,1,17,-1,1,-1
2015440237884,1,9,0,18,0,0,0,0,0,0,4,1,6,2,56,9,2148,2,10,-1,1,-1
2015440237893,1,9,0,18,0,0,0,0,0,0,4,1,6,2,31,6,-1,-1,-1,-1,1,-1
2015440238163,1,9,0,5,0,8,0,0,0,2,3,1,6,2,17,4,998,1,9,-1,1,-1
2015440238163,2,9,0,18,0,8,0,0,0,0,4,1,6,1,-1,-1,1587,1,11,-1,-1,-1
2015440238166,1,9,0,18,0,0,0,0,0,0,1,1,6,1,62,9,1968,2,7,-1,2,-1
2015440238360,1,9,0,18,0,8,0,0,3,2,1,1,6,1,22,5,1198,1,4,-1,1,-1
2015440238379,1,2,0,18,0,0,0,0,0,0,1,1,6,1,26,6,125,1,7,-1,1,-1
2015440238379,2,9,0,2,0,0,0,0,0,0,1,1,6,1,35,6,2171,1,14,-1,-1,-1
2015440238537,1,9,0,18,0,8,0,0,0,0,1,1,6,3,-1,-1,-1,-1,-1,-1,-1,-1
2015440238585,1,9,0,18,0,0,0,0,0,0,0,1,6,1,45,7,1598,1,11,-1,3,-1
2015440238585,2,9,0,15,0,0,0,0,0,0,0,1,6,1,-1,-1,1968,2,6,-1,-1,-1
2015440238769,1,5,0,18,0,2,0,0,0,0,0,1,6,1,23,5,596,1,17,-1,1,-1
2015440238845,1,5,0,16,0,0,1,0,7,0,1,1,6,1,31,6,865,1,2,-1,3,-1
2015440238845,2,9,0,17,0,0,0,0,0,0,1,1,6,2,60,9,998,1,18,-1,3,-1
2015440239024,1,1,0,18,0,1,1,0,1,10,4,1,6,1,57,9,-1,-1,-1,-1,3,-1
2015440239112,1,9,0,18,0,1,0,0,0,0,4,1,6,1,48,8,1598,1,16,-1,1,-1
2015440239152,1,5,0,9,0,8,0,0,0,0,3,1,6,1,39,7,1050,1,6,-1,1,-1
2015440239363,1,9,0,18,0,0,0,0,5,6,3,1,2,1,43,7,1984,1,11,-1,1,-1
2015440239379,1,19,0,17,0,0,0,0,7,4,4,1,1,1,-1,-1,1995,2,1,-1,1,-1
2015440239395,1,9,0,18,0,2,1,0,0,0,1,1,3,2,29,6,1596,1,13,-1,1,-1
2015440239395,2,9,0,4,0,2,0,0,0,0,2,1,2,2,30,6,1299,1,14,-1,1,-1
2015440239914,1,9,0,9,0,5,0,0,0,0,3,1,6,1,46,8,1596,1,11,-1,1,-1
2015440239914,2,3,0,18,0,1,1,0,0,0,1,1,2,1,49,8,125,1,1,-1,1,-1
2015440240006,1,9,0,16,0,3,0,0,0,0,2,1,6,2,84,11,996,1,4,-1,3,-1
2015440240006,2,2,0,16,0,3,0,0,0,0,1,1,2,1,17,4,49,1,1,-1,1,-1
2015440240247,1,3,0,18,0,8,1,11,0,0,1,1,1,1,28,6,124,1,13,-1,1,-1
2015440240601,1,9,0,18,0,2,1,0,0,0,1,1,6,1,19,4,1199,1,14,-1,1,-1
2015440240925,1,1,0,18,0,2,0,8,0,0,1,1,6,1,54,8,-1,-1,-1,-1,1,-1
2015440240925,2,9,0,2,0,2,0,0,0,0,3,1,6,3,-1,-1,1597,1,13,-1,-1,-1
2015440241056,1,9,0,3,0,1,0,0,0,0,2,1,1,2,27,6,1198,1,3,-1,1,-1
2015440241056,2,19,0,18,0,1,0,0,0,0,1,1,1,1,19,4,2198,2,8,-1,1,-1
2015440241102,1,9,0,18,0,2,0,0,0,0,1,1,6,3,-1,-1,-1,-1,-1,-1,-1,-1
2015440241102,2,1,0,18,0,2,0,0,0,0,2,1,2,1,22,5,-1,-1,-1,-1,1,-1
2015440241460,1,9,0,5,0,1,0,0,0,0,1,1,6,2,-1,-1,2435,1,17,-1,-1,-1
2015440241460,2,9,0,3,0,1,0,0,0,0,2,1,6,2,40,7,1598,1,18,-1,1,-1
2015440241531,1,9,0,18,0,0,0,0,0,0,1,1,2,1,47,8,1984,1,19,-1,1,-1
2015440241699,1,9,0,18,0,0,0,0,0,0,1,1,6,2,36,7,1598,1,7,-1,1,-1
2015440241715,1,9,0,18,0,1,0,0,0,0,1,1,6,1,59,9,2198,2,-1,-1,3,-1
2015440241715,2,19,0,3,0,1,0,0,0,0,2,1,6,1,45,7,1686,2,4,-1,1,-1
2015440241715,3,9,0,3,0,1,0,0,0,0,2,1,6,2,23,5,1242,1,1,-1,1,-1
2015440241721,1,9,0,9,0,6,0,0,0,0,4,1,6,1,69,10,1968,2,7,-1,1,-1
2015440241721,2,9,0,18,0,1,0,0,1,4,1,1,2,2,30,6,1496,2,-1,-1,1,-1
2015440241774,1,1,0,18,0,8,0,0,0,0,3,1,6,2,18,4,-1,-1,-1,-1,1,-1
2015440241774,2,9,0,4,0,1,0,0,0,0,1,1,6,1,34,6,2979,1,11,-1,1,-1
2015440241991,1,9,0,9,0,8,0,0,0,0,1,1,6,1,19,4,1596,1,12,-1,1,-1
2015440241991,2,9,0,18,0,8,0,0,0,0,3,1,6,2,18,4,998,1,7,-1,1,-1
2015440242221,1,9,0,16,0,0,1,0,0,0,3,1,1,1,22,5,1905,2,16,-1,3,-1
2015440242221,2,3,0,16,0,0,0,0,0,0,1,1,1,1,31,6,124,1,3,-1,1,-1
2015440242243,1,9,0,18,0,0,0,0,0,0,1,1,2,1,57,9,1995,2,4,-1,3,-1
2015440242243,2,19,0,18,0,0,1,0,0,0,1,1,1,1,30,6,1870,2,12,-1,1,-1
2015440242243,3,9,0,3,0,0,0,0,0,0,2,1,6,1,25,5,1461,2,2,-1,1,-1
2015440242243,4,9,0,3,0,0,0,0,0,0,2,1,2,2,51,8,2993,2,3,-1,3,-1
2015440242564,1,19,0,18,0,0,0,0,0,0,2,1,6,1,26,6,2198,2,-1,-1,1,-1
2015440242564,2,9,0,4,0,0,0,0,0,0,1,1,6,3,-1,-1,1997,2,-1,-1,-1,-1
2015440242564,3,9,0,4,0,0,0,0,0,0,2,1,6,3,-1,-1,1198,1,7,-1,-1,-1
2015440242757,1,1,0,18,0,8,0,0,0,0,1,1,6,3,-1,-1,-1,-1,-1,-1,-1,-1
2015440242757,2,22,0,18,0,8,0,0,0,0,2,1,6,2,65,9,-1,-1,-1,-1,1,-1
2015440242799,1,9,0,18,0,0,0,0,0,0,1,1,6,2,50,8,1229,1,3,-1,1,-1
2015440242836,1,9,0,9,0,3,0,0,0,0,4,1,6,2,29,6,1591,1,3,-1,1,-1
2015440242836,2,9,0,18,0,1,0,0,0,0,1,1,6,2,18,4,1199,1,13,-1,1,-1
2015440242887,1,9,0,18,0,3,0,0,0,0,1,1,6,2,62,9,1997,2,8,-1,1,-1
2015440243055,1,9,0,11,0,0,0,0,0,0,2,1,2,2,53,8,1781,1,11,-1,3,-1
2015440243055,2,3,0,18,0,0,0,0,0,0,1,1,2,1,20,4,124,1,-1,-1,1,-1
2015440243055,3,9,0,3,0,0,0,0,0,0,3,1,2,2,35,6,1197,1,4,-1,1,-1
2015440243064,1,1,0,18,0,1,0,0,0,0,0,1,6,1,49,8,-1,-1,-1,-1,1,-1
2015440243064,2,9,0,9,0,8,0,0,0,0,0,1,6,3,-1,-1,-1,-1,-1,-1,-1,-1
2015440243119,1,5,0,17,0,0,0,10,1,0,1,1,6,1,52,8,996,1,16,-1,2,-1
2015440243139,1,9,0,13,0,0,0,0,0,0,3,1,6,1,61,9,1498,1,-1,-1,2,-1
2015440243139,2,9,0,18,0,0,0,0,1,0,3,1,6,2,72,10,1596,1,11,-1,1,-1
2015440243139,3,9,0,18,0,0,0,0,1,0,3,1,6,1,50,8,1598,1,10,-1,1,-1
2015440243139,4,19,0,18,0,0,0,0,1,0,3,1,6,1,58,9,1968,2,2,-1,3,-1
2015440243139,5,9,0,18,0,0,0,0,1,0,3,1,6,1,50,8,1984,1,6,-1,1,-1
2015440243139,6,9,0,18,0,0,0,0,0,0,1,1,6,1,26,6,-1,-1,-1,-1,-1,-1
2015440243210,1,9,0,9,0,8,0,0,0,0,3,1,6,3,-1,-1,-1,-1,-1,-1,-1,-1
2015440243210,2,9,0,7,0,8,0,0,0,0,3,1,6,1,69,10,1796,1,2,-1,1,-1
2015440243446,1,3,0,18,0,2,0,10,1,0,1,1,2,2,20,4,125,1,1,-1,1,-1
2015440243507,1,9,0,7,0,8,0,0,0,0,4,1,6,2,44,7,1360,1,14,-1,1,-1
2015440243507,2,1,0,18,0,8,0,0,0,0,1,1,6,1,35,6,-1,-1,-1,-1,1,-1
2015440243563,1,9,0,18,0,8,1,0,0,0,1,1,6,2,22,5,973,1,12,-1,1,-1
2015440243563,2,9,0,9,0,8,5,0,0,0,3,1,6,2,63,9,1242,1,7,-1,1,-1
2015440243764,1,9,0,18,0,1,0,0,0,0,1,1,6,2,41,7,1796,2,1,-1,1,-1
2015440243855,1,1,0,18,0,1,0,0,0,0,1,1,6,1,36,7,-1,-1,-1,-1,3,-1
2015440243855,2,9,0,9,0,8,0,0,0,0,1,1,6,3,-1,-1,-1,-1,-1,-1,-1,-1
2015440243937,1,9,0,1,0,1,0,0,0,0,2,1,6,2,38,7,2231,2,8,-1,1,-1
2015440244030,1,19,0,9,0,8,0,0,0,0,4,1,1,1,29,6,2198,2,6,-1,1,-1
2015440244030,2,9,0,18,0,1,0,0,0,0,1,1,6,1,25,5,1596,1,2,-1,1,-1
2015440244131,1,9,0,4,0,1,0,0,0,0,1,1,2,2,19,4,-1,-1,-1,-1,1,-1
2015440244329,1,9,0,4,0,1,0,0,0,0,2,1,6,1,25,5,1240,1,10,-1,1,-1
2015440244329,2,9,0,5,0,1,0,0,0,0,1,1,6,2,19,4,1597,1,24,-1,1,-1
2015440244420,1,3,0,18,0,0,0,10,4,0,3,1,6,1,47,8,125,1,14,-1,1,-1
2015440244706,1,9,0,18,0,8,0,0,1,9,4,1,6,1,48,8,1799,1,8,-1,2,-1
2015440244951,1,5,0,18,0,8,0,0,0,0,4,1,6,1,57,9,-1,-1,-1,-1,1,-1
2015440244951,2,9,0,5,0,4,0,0,0,0,1,1,6,1,28,6,1360,1,15,-1,1,-1
2015440245012,1,9,0,16,0,0,0,0,7,0,3,1,6,2,26,6,1296,1,8,-1,3,-1
2015440245027,1,9,0,6,0,0,0,0,0,0,3,1,6,2,37,7,1900,2,15,-1,1,-1
2015440245027,2,19,0,18,0,0,0,0,0,0,1,1,6,3,-1,-1,2999,2,8,-1,-1,-1
2015440245113,1,9,0,18,0,2,0,0,0,0,4,1,6,3,-1,-1,-1,-1,-1,-1,-1,-1
2015440245135,1,19,0,9,0,8,0,0,0,0,3,1,1,1,27,6,1598,2,-1,-1,1,-1
2015440245135,2,9,0,18,0,1,0,0,0,0,1,1,6,2,84,11,1248,1,6,-1,1,-1
2015440245399,1,9,0,3,0,0,0,0,0,0,2,1,6,1,29,6,1461,2,3,-1,1,-1
2015440245399,2,9,0,18,0,0,0,0,0,0,1,1,6,2,21,5,1397,1,4,-1,2,-1
2015440245419,1,9,0,1,0,0,0,0,0,0,1,1,6,2,51,8,1998,1,17,-1,1,-1
2015440245419,2,9,0,2,0,0,0,0,0,0,3,1,6,3,-1,-1,1386,1,10,-1,-1,-1
2015440245419,3,9,0,2,0,0,0,0,0,0,3,1,6,3,-1,-1,796,1,15,-1,-1,-1
2015440245638,1,1,0,18,0,8,0,0,0,0,3,1,6,1,22,5,-1,-1,-1,-1,1,-1
2015440245782,1,9,0,9,0,8,0,0,0,2,1,1,2,1,25,5,1149,1,10,-1,1,-1
2015440245818,1,9,0,18,0,0,0,0,0,0,1,1,6,1,35,6,1242,1,4,-1,1,-1
2015440245818,2,1,0,18,0,0,0,0,0,0,4,1,6,1,16,4,-1,-1,-1,-1,1,-1
2015440245887,1,9,0,9,0,8,0,0,0,0,1,1,6,2,22,5,1598,2,1,-1,1,-1
2015440245887,2,9,0,18,0,8,0,0,0,0,4,1,6,1,74,10,1388,1,7,-1,1,-1
2015440245887,3,9,0,18,0,8,0,0,0,0,1,1,6,2,48,8,2494,1,11,-1,2,-1
2015440245896,1,1,0,18,0,1,0,0,0,0,3,1,6,1,15,3,-1,-1,-1,-1,1,-1
2015440245896,2,9,0,18,0,1,0,0,0,0,4,1,6,3,-1,-1,-1,-1,-1,-1,-1,-1
2015440245985,1,19,0,4,0,2,0,0,0,0,0,1,6,3,-1,-1,1560,2,2,-1,-1,-1
2015440245985,2,2,0,18,0,2,0,0,1,2,1,1,2,1,16,4,49,1,4,-1,1,-1
2015440245989,1,8,0,17,0,2,0,0,0,0,1,1,1,1,60,9,1910,2,7,-1,1,-1
2015440245989,2,9,0,16,0,1,0,0,0,0,1,1,6,1,50,8,698,1,11,-1,1,-1
2015440246049,1,1,0,18,0,0,0,0,0,0,1,1,6,1,29,6,-1,-1,-1,-1,1,-1
2015440246606,1,9,0,1,0,8,0,0,0,0,3,1,6,1,24,5,1150,1,8,-1,1,-1
2015440246687,1,9,0,9,0,8,0,0,0,0,3,1,6,1,41,7,1997,2,1,-1,2,-1
2015440246687,2,1,0,13,0,8,0,0,0,0,4,1,6,2,71,10,-1,-1,-1,-1,-1,-1
2015440246756,1,9,0,4,0,0,0,0,0,0,2,1,6,1,28,6,1769,1,10,-1,1,-1
2015440246756,2,9,0,4,0,0,0,0,0,0,2,1,6,1,73,10,1197,1,-1,-1,1,-1
2015440246756,3,9,0,18,0,0,0,0,0,0,1,1,6,1,62,9,1685,2,4,-1,1,-1
2015440246903,1,9,0,5,0,8,0,0,0,0,1,1,1,1,25,5,1360,1,11,-1,1,-1
2015440246903,2,1,0,18,0,8,0,0,0,0,3,1,6,1,44,7,-1,-1,-1,-1,1,-1
2015440246942,1,9,0,9,0,6,0,10,7,11,4,1,6,2,87,11,1086,1,9,-1,3,-1
2015440247055,1,9,0,13,0,0,0,0,0,0,4,1,6,3,-1,-1,-1,-1,-1,-1,-1,-1
2015440247055,2,1,0,18,0,0,0,0,0,0,3,1,6,1,27,6,-1,-1,-1,-1,1,-1
2015440247126,1,9,0,4,0,0,1,0,0,0,1,1,6,2,35,6,-1,-1,-1,-1,1,-1
2015440247126,2,1,0,18,0,0,1,0,0,0,1,1,6,1,49,8,-1,-1,-1,-1,1,-1
2015440247146,1,9,0,17,0,0,0,0,0,0,4,1,6,3,-1,-1,-1,-1,-1,-1,-1,-1
2015440247146,2,1,0,18,0,0,0,0,0,0,4,1,6,1,15,3,-1,-1,-1,-1,1,-1
2015440247146,3,1,0,18,0,0,0,0,0,0,1,1,6,1,15,3,-1,-1,-1,-1,1,-1
2015440247479,1,9,0,18,0,8,0,0,0,0,1,1,6,2,18,4,1199,1,13,-1,1,-1
2015440247479,2,9,0,18,0,8,0,0,0,0,3,1,6,2,26,6,1248,1,1,-1,2,-1
2015440247696,1,9,0,17,0,8,2,0,1,0,0,1,6,1,19,4,1242,1,13,-1,3,-1
2015440247871,1,9,0,10,0,8,0,0,0,0,2,1,6,2,40,7,1598,1,1,-1,1,-1
2015440247871,2,90,0,18,0,8,0,0,0,0,1,1,1,1,42,7,-1,-1,-1,-1,1,-1
2015440247886,1,9,0,9,0,8,0,0,0,0,3,1,6,1,39,7,-1,-1,-1,-1,1,-1
2015440247886,2,5,0,18,0,8,0,0,0,0,1,1,6,1,35,6,1198,1,-1,-1,1,-1
2015440247954,1,9,0,5,0,8,0,0,0,0,3,1,6,1,73,10,1968,2,2,-1,1,-1
2015440247954,2,5,0,18,0,8,0,0,0,0,1,1,6,1,49,8,1200,1,17,-1,1,-1
2015440248090,1,9,0,9,0,8,0,0,0,0,4,1,6,3,-1,-1,-1,-1,-1,-1,-1,-1
2015440248090,2,1,0,18,0,8,0,0,0,0,3,1,6,1,48,8,-1,-1,-1,-1,1,-1
2015440248234,1,5,0,18,0,3,0,0,0,0,4,1,6,1,51,8,847,1,1,-1,3,-1
2015440248234,2,9,0,17,0,8,0,0,0,0,1,1,6,1,46,8,1086,1,13,-1,1,-1