Accident_Index,Vehicle_Reference,Vehicle_Type,Towing_and_Articulation,Vehicle_Manoeuvre,Vehicle_Location-Restricted_Lane,Junction_Location,Skidding_and_Overturning,Hit_Object_in_Carriageway,Vehicle_Leaving_Carriageway,Hit_Object_off_Carriageway,1st_Point_of_Impact,Was_Vehicle_Left_Hand_Drive?,Journey_Purpose_of_Driver,Sex_of_Driver,Age_of_Driver,Age_Band_of_Driver,Engine_Capacity_(CC),Propulsion_Code,Age_of_Vehicle,Driver_IMD_Decile,Driver_Home_Area_Type,Vehicle_IMD_Decile
2015440248240,1,9,0,18,0,0,0,0,0,0,1,1,6,2,-1,-1,1248,1,-1,-1,1,-1
2015440248254,1,9,0,9,0,8,0,0,0,0,1,1,6,1,20,4,1398,1,5,-1,1,-1
2015440248254,2,1,0,9,0,8,0,0,0,0,4,1,6,1,42,7,-1,-1,-1,-1,1,-1
2015440248403,1,9,0,9,0,8,0,0,0,0,4,1,6,2,31,6,1995,2,6,-1,1,-1
2015440248403,2,9,0,18,0,8,0,0,0,0,1,1,6,2,58,9,1242,1,3,-1,1,-1
2015440248544,1,9,0,18,0,0,0,0,1,0,1,1,6,2,64,9,4196,1,11,-1,3,-1
2015440248544,2,21,4,2,6,0,0,0,0,0,2,1,1,1,44,7,-1,-1,-1,-1,-1,-1
2015440248626,1,9,0,18,0,8,0,0,0,0,1,1,6,1,-1,-1,2143,2,3,-1,3,-1
2015440248626,2,9,0,4,0,8,0,0,0,0,2,1,6,2,35,6,1390,1,8,-1,1,-1
2015440249069,1,9,0,17,0,0,1,0,1,2,3,1,6,2,22,5,1299,1,12,-1,1,-1
2015440249084,1,9,0,9,0,8,0,0,0,0,3,1,2,2,47,8,1896,2,12,-1,1,-1
2015440249084,2,9,0,18,0,8,0,0,0,0,1,1,1,1,45,7,1598,2,1,-1,1,-1
2015440249104,1,9,0,3,0,0,0,0,0,0,2,1,6,2,38,7,2993,2,3,-1,3,-1
2015440249104,2,9,0,3,0,0,0,0,0,0,2,1,6,1,42,7,1796,1,12,-1,1,-1
2015440249104,3,19,0,18,0,0,1,0,0,0,1,1,2,1,53,8,1686,2,12,-1,1,-1
2015440249104,4,9,0,18,0,0,2,0,0,0,1,1,2,1,75,10,1242,1,13,-1,1,-1
2015440249231,1,9,0,16,0,0,0,0,0,0,1,1,6,2,63,9,-1,-1,-1,-1,-1,-1
2015440249231,2,19,0,17,0,0,0,0,0,0,1,1,1,1,28,6,2198,2,2,-1,3,-1
2015440249548,1,9,0,18,0,1,0,0,0,0,1,1,6,1,68,10,1595,1,13,-1,1,-1
2015440249561,1,9,0,18,0,1,0,0,0,0,3,1,2,1,-1,-1,1360,1,15,-1,-1,-1
2015440249605,1,9,0,18,0,1,0,0,0,0,1,1,6,1,37,7,1896,2,13,-1,1,-1
2015440249677,1,9,0,18,0,1,0,0,0,0,1,1,6,1,44,7,1997,2,3,-1,1,-1
2015440249677,2,9,0,5,0,8,0,0,0,0,3,1,6,1,75,10,3456,8,3,-1,1,-1
2015440249747,1,9,0,18,0,0,0,0,0,0,1,1,2,1,23,5,1461,2,1,-1,2,-1
2015440249747,2,9,0,18,0,0,0,0,0,0,1,1,2,2,39,7,875,1,4,-1,1,-1
2015440249830,1,9,0,17,0,0,2,0,1,0,1,1,6,1,20,4,1896,2,14,-1,1,-1
2015440249857,1,9,0,16,0,0,0,0,7,2,1,1,6,1,30,6,1388,1,12,-1,1,-1
2015440249909,1,9,0,16,0,0,1,0,7,11,1,1,6,1,55,8,1796,1,18,-1,1,-1
2015440250096,1,9,0,7,0,6,0,0,0,0,3,1,6,1,30,6,1390,1,10,-1,1,-1
2015440250096,2,9,0,18,0,1,1,0,0,0,1,1,6,1,42,7,1753,2,14,-1,1,-1
2015440250174,1,9,0,18,0,4,0,0,0,0,0,1,6,1,-1,-1,-1,-1,-1,-1,-1,-1
2015440250174,2,1,0,18,0,8,0,0,0,0,1,1,2,1,44,7,-1,-1,-1,-1,1,-1
2015440250237,1,9,0,6,0,2,0,0,0,0,3,1,1,1,28,6,1242,1,3,-1,1,-1
2015440250237,2,3,0,13,0,2,0,0,0,0,1,1,1,1,53,8,125,1,4,-1,1,-1
2015440250293,1,9,0,18,0,2,0,0,0,0,4,1,6,1,28,6,1598,2,1,-1,1,-1
2015440250342,1,9,0,3,0,1,0,0,0,0,2,1,6,1,40,7,2967,2,-1,-1,3,-1
2015440250342,2,9,0,18,0,1,0,0,0,0,1,1,6,3,-1,-1,1360,1,12,-1,-1,-1
2015440250695,1,9,0,10,0,1,0,0,0,0,2,1,6,2,35,6,1997,2,7,-1,1,-1
2015440250695,2,19,0,18,0,1,0,0,0,0,1,1,6,1,46,8,2300,2,15,-1,1,-1
2015440250771,1,9,0,18,0,1,0,0,0,0,1,1,6,3,-1,-1,1396,1,2,-1,-1,-1
2015440250791,1,19,0,18,0,1,0,0,0,0,2,1,6,1,24,5,1371,2,12,-1,1,-1
2015440250791,2,19,0,18,0,1,0,0,0,0,1,1,1,1,37,7,2287,2,4,-1,1,-1
2015440250928,1,9,0,18,0,0,0,0,0,0,4,1,6,3,-1,-1,1598,1,9,-1,-1,-1
2015440250980,1,9,0,18,0,0,0,0,7,4,1,1,6,1,76,11,2231,2,7,-1,1,-1
2015440251012,1,19,0,7,0,8,0,0,0,0,3,1,1,1,52,8,1753,2,9,-1,1,-1
2015440251012,2,1,0,7,0,8,0,0,0,0,1,1,6,1,14,3,-1,-1,-1,-1,1,-1
2015440251153,1,2,0,17,0,8,0,0,0,0,0,1,6,1,17,4,124,1,9,-1,1,-1
2015440251158,1,11,0,18,0,8,0,0,0,0,3,1,1,1,52,8,6700,2,7,-1,1,-1
2015440251158,2,1,0,18,0,7,0,0,0,0,1,1,6,1,18,4,-1,-1,-1,-1,1,-1
2015440251276,1,9,0,18,0,0,0,0,0,0,2,1,6,1,39,7,1796,1,12,-1,1,-1
2015440251276,2,1,0,18,0,0,0,0,0,0,1,1,6,2,14,3,-1,-1,-1,-1,3,-1
2015440251406,1,9,0,9,0,8,0,0,0,0,1,1,6,1,21,5,1390,1,15,-1,1,-1
2015440251406,2,9,0,18,0,8,0,0,0,0,1,1,6,1,23,5,1390,1,15,-1,1,-1
2015440251421,1,9,0,5,0,0,0,0,0,0,1,1,6,1,80,11,1591,1,5,-1,1,-1
2015440251425,1,9,0,3,0,0,0,0,0,0,2,1,6,1,35,6,2171,2,12,-1,1,-1
2015440251425,2,9,0,11,0,0,0,0,0,0,4,1,6,2,48,8,1796,1,15,-1,1,-1
2015440251471,1,9,0,18,0,0,0,6,1,0,1,1,6,1,68,10,1956,2,3,-1,1,-1
2015440251800,1,3,0,5,0,8,0,0,0,0,3,1,6,1,38,7,125,1,-1,-1,1,-1
2015440251800,2,9,0,18,0,8,0,0,0,0,1,1,6,3,-1,-1,1956,2,3,-1,-1,-1
2015440251871,1,5,0,7,0,8,1,0,0,0,0,1,6,1,41,7,748,1,7,-1,1,-1
2015440251871,2,9,0,9,0,8,0,0,0,0,0,1,6,3,-1,-1,1499,8,-1,-1,-1,-1
2015440251989,1,9,0,18,0,0,0,0,0,0,0,1,6,1,50,8,1795,1,15,-1,1,-1
2015440252251,1,5,0,9,0,8,0,0,0,0,3,1,2,1,74,10,535,1,26,-1,1,-1
2015440252251,2,9,0,7,0,8,0,0,0,0,1,1,6,3,-1,-1,-1,-1,-1,-1,-1,-1
2015440252361,1,9,0,18,0,8,0,0,0,0,1,1,6,3,-1,-1,-1,-1,-1,-1,-1,-1
2015440252396,1,9,0,18,0,0,0,0,0,0,1,1,3,2,45,7,1998,1,-1,-1,1,-1
2015440252560,1,9,0,18,0,1,0,0,0,0,1,1,6,2,28,6,1596,1,12,-1,1,-1
2015440252560,2,9,0,7,0,8,0,0,0,0,1,1,6,3,-1,-1,1299,1,16,-1,-1,-1
2015440252569,1,9,0,18,0,0,0,0,0,0,3,1,6,1,67,10,-1,-1,-1,-1,1,-1
2015440252667,1,1,0,9,0,8,0,0,0,0,4,1,6,2,22,5,-1,-1,-1,-1,1,-1
2015440252667,2,19,0,5,0,4,0,0,0,0,1,1,6,1,57,9,-1,-1,-1,-1,1,-1
2015440252671,1,3,0,4,0,1,0,0,0,0,3,1,6,1,25,5,124,1,-1,-1,1,-1
2015440252731,1,9,0,5,0,1,0,0,0,0,1,1,6,1,84,11,1461,2,7,-1,1,-1
2015440252731,2,9,0,3,0,1,0,0,0,0,2,1,1,1,25,5,1582,2,5,-1,1,-1
2015440252796,1,9,0,18,0,8,0,0,0,0,3,1,6,2,20,4,1242,1,15,-1,1,-1
2015440252796,2,9,0,18,0,8,0,0,7,0,1,1,6,2,50,8,1360,1,3,-1,1,-1
2015440252796,3,9,0,18,0,8,0,0,0,0,1,1,6,1,68,10,2179,2,2,-1,3,-1
2015440252873,1,9,0,7,0,8,0,0,0,0,1,1,6,2,39,7,1600,1,17,-1,1,-1
2015440252873,2,8,0,18,0,1,0,0,0,0,3,1,1,1,48,8,1598,2,3,-1,1,-1
2015440252993,1,9,0,18,0,6,0,0,0,0,1,1,6,1,26,6,998,1,1,-1,1,-1
2015440252993,2,9,0,9,0,8,5,0,0,0,4,1,6,1,19,4,1299,1,15,-1,1,-1
2015440253247,1,4,0,18,0,0,0,10,0,0,1,1,6,1,64,9,200,1,43,-1,1,-1
2015440253251,1,9,0,9,0,6,0,0,0,0,1,1,6,2,38,7,1560,2,1,-1,1,-1
2015440253251,2,22,0,18,0,1,0,0,0,0,4,1,6,1,70,10,-1,-1,-1,-1,1,-1
2015440253339,1,9,0,3,0,1,0,0,0,0,2,1,6,2,47,8,1870,2,14,-1,1,-1
2015440253339,2,9,0,18,0,1,0,0,0,0,1,1,6,1,21,5,1896,2,13,-1,1,-1
2015440253339,3,9,0,18,0,1,0,0,0,0,1,1,6,1,22,5,1248,1,6,-1,1,-1
2015440253381,1,9,0,18,0,0,0,0,0,0,1,1,2,2,24,5,2204,2,8,-1,1,-1
2015440253381,2,1,0,18,0,0,0,0,0,0,4,1,6,1,20,4,-1,-1,-1,-1,1,-1
2015440253741,1,5,0,18,0,8,0,0,0,0,1,1,6,1,40,7,996,1,13,-1,3,-1
2015440253741,2,9,0,9,0,8,0,0,0,0,4,1,6,1,54,8,-1,-1,-1,-1,-1,-1
2015440253741,3,9,0,18,0,8,0,0,0,0,1,1,6,2,21,5,1199,1,1,-1,1,-1
2015440253844,1,9,0,18,0,1,0,0,0,0,1,1,6,2,56,9,1896,2,13,-1,1,-1
2015440253844,2,9,0,9,0,8,0,0,0,0,3,1,6,2,52,8,1995,2,1,-1,3,-1
2015440254039,1,19,0,18,0,8,5,0,0,0,3,1,2,1,44,7,1896,2,7,-1,2,-1
2015440254039,2,9,0,3,0,1,0,0,0,0,1,1,6,1,48,8,1968,2,2,-1,3,-1
2015440254039,3,9,0,18,0,8,0,0,0,0,1,1,6,1,47,8,1781,1,15,-1,1,-1
2015440254119,1,3,0,18,0,0,0,0,0,0,3,1,2,1,47,8,124,1,-1,-1,3,-1
2015440254127,1,9,0,9,0,8,0,0,0,0,4,1,6,1,21,5,1149,1,8,-1,3,-1
2015440254127,2,5,0,18,0,1,0,0,0,0,1,1,6,1,26,6,599,1,5,-1,1,-1
2015440254168,1,1,0,9,0,8,0,0,0,0,3,1,6,2,17,4,-1,-1,-1,-1,1,-1
2015440254168,2,9,0,18,0,1,0,0,0,0,1,1,6,2,22,5,1590,1,12,-1,1,-1
2015440254444,1,9,0,11,0,0,0,0,0,0,4,1,2,1,48,8,1798,1,9,-1,3,-1
2015440254444,2,4,0,18,0,0,0,0,0,0,3,1,2,1,44,7,-1,-1,-1,-1,3,-1
2015440254518,1,9,0,6,0,1,0,0,0,0,4,1,6,1,84,11,1248,1,6,-1,1,-1
2015440254518,2,9,0,18,0,2,0,0,0,0,1,1,6,2,21,5,1299,1,15,-1,1,-1
2015440254574,1,9,0,16,0,0,0,0,1,2,1,1,6,2,33,6,1242,1,8,-1,1,-1
2015440254785,1,21,0,18,0,0,0,11,0,0,1,1,1,1,55,8,4580,2,4,-1,3,-1
2015440254807,1,9,0,18,0,0,0,0,0,0,2,1,6,2,35,6,-1,-1,-1,-1,3,-1
2015440254807,2,9,0,18,0,0,0,0,0,0,2,1,6,2,58,9,1968,2,3,-1,1,-1
2015440254807,3,9,0,18,0,0,1,0,0,0,1,1,6,1,25,5,1896,2,8,-1,1,-1
2015440254856,1,9,0,10,0,1,0,0,0,0,2,1,6,2,66,10,1560,2,-1,-1,3,-1
2015440254856,2,19,0,18,0,1,0,0,0,0,2,1,1,1,31,6,2198,2,2,-1,3,-1
2015440254856,3,9,3,18,0,1,0,0,0,0,1,1,3,1,40,7,-1,-1,-1,-1,-1,-1
2015440254906,1,9,0,18,0,8,0,0,0,0,1,1,6,1,-1,-1,1360,1,12,-1,1,-1
2015440254906,2,9,0,18,0,8,0,0,0,0,2,1,6,1,56,9,1998,2,3,-1,3,-1
2015440255091,1,9,0,18,0,8,1,0,0,0,1,1,2,2,21,5,1299,1,17,-1,1,-1
2015440255091,2,21,0,3,0,8,0,0,0,0,3,1,1,1,54,8,12600,2,11,-1,1,-1
2015440255110,1,97,0,9,0,8,0,0,0,0,0,1,1,1,33,6,49,1,4,-1,1,-1
2015440255207,1,9,0,18,0,0,0,0,0,0,3,1,6,1,46,8,-1,-1,-1,-1,1,-1
2015440255207,2,9,0,18,0,0,0,0,0,0,3,1,6,3,-1,-1,-1,-1,-1,-1,-1,-1
2015440255209,1,9,0,16,0,0,0,0,0,0,1,1,2,1,76,11,1798,8,2,-1,1,-1
2015440255209,2,9,0,4,0,0,0,0,0,0,2,1,6,1,48,8,1970,1,17,-1,1,-1
2015440255209,3,9,0,4,0,0,0,0,0,0,2,1,6,2,75,10,998,1,2,-1,2,-1
2015440255209,4,9,0,4,0,0,0,0,0,0,2,1,1,1,25,5,1995,1,7,-1,1,-1
2015440255350,1,3,0,3,0,1,0,0,0,0,1,1,6,1,22,5,125,1,-1,-1,3,-1
2015440255350,2,19,0,1,0,2,0,0,0,0,2,1,1,1,28,6,2198,2,-1,-1,-1,-1
2015440255522,1,9,0,18,0,2,0,0,1,0,1,1,6,1,24,5,2993,2,12,-1,1,-1
2015440255558,1,9,0,9,0,8,0,0,0,0,4,1,6,1,18,4,1242,1,14,-1,1,-1
2015440255558,2,8,0,18,0,8,0,0,1,10,1,1,1,1,26,6,1753,2,7,-1,1,-1
2015440255750,1,5,0,4,0,1,0,0,0,0,0,1,6,1,31,6,600,1,-1,-1,1,-1
2015440255768,1,5,0,17,0,0,1,0,0,0,3,1,6,1,57,9,600,1,-1,-1,1,-1
2015440255922,1,9,0,4,0,2,0,0,0,0,2,1,6,1,61,9,1799,1,7,-1,1,-1
2015440255922,2,9,0,18,0,2,0,0,0,0,1,1,6,2,26,6,1590,1,11,-1,1,-1
2015440256062,1,9,0,18,0,1,0,0,1,3,1,1,6,2,42,7,1461,2,1,-1,1,-1
2015440256254,1,9,0,1,0,2,0,0,0,0,2,1,6,1,69,10,1999,1,8,-1,1,-1
2015440256331,1,9,0,1,0,0,0,0,0,0,2,1,6,1,-1,-1,1398,2,13,-1,2,-1
2015440256683,1,9,0,18,0,0,1,0,0,0,1,1,6,2,29,6,1598,2,4,-1,1,-1
2015440256832,1,11,0,18,0,0,0,0,0,0,0,1,1,1,35,6,6370,2,8,-1,1,-1
2015440256832,2,9,0,4,0,0,0,0,0,0,0,1,6,3,-1,-1,-1,-1,-1,-1,-1,-1
2015440256896,1,9,0,18,0,2,0,0,0,0,3,1,6,1,33,6,1248,1,3,-1,1,-1
2015440256896,2,9,0,18,0,1,0,0,0,0,3,1,6,3,-1,-1,-1,-1,-1,-1,-1,-1
2015440256937,1,9,0,18,0,0,0,0,0,0,1,1,6,1,79,11,1596,1,6,-1,1,-1
2015440256937,2,9,0,18,0,0,0,0,1,0,1,1,6,1,71,10,1329,1,2,-1,2,-1
2015440256968,1,3,0,9,0,8,0,0,0,0,4,1,6,1,29,6,124,1,1,-1,1,-1
2015440256968,2,9,0,18,0,8,0,0,0,0,1,1,6,1,22,5,1360,1,17,-1,1,-1
2015440257016,1,9,0,9,0,8,0,0,0,0,1,1,6,1,33,6,1242,1,8,-1,1,-1
2015440257016,2,9,0,18,0,8,0,0,0,0,1,1,6,1,82,11,1598,1,6,-1,1,-1
2015440257077,1,9,0,18,0,0,1,10,1,0,3,1,6,1,55,8,1398,2,11,-1,1,-1
2015440257077,2,9,0,18,0,0,0,0,7,9,3,1,6,1,88,11,2290,1,18,-1,3,-1
2015440257124,1,9,0,10,0,1,0,0,0,0,3,1,6,2,25,5,2000,1,10,-1,1,-1
2015440257124,2,9,0,18,0,1,0,0,0,0,1,1,6,1,28,6,1461,2,2,-1,1,-1
2015440257124,3,9,0,9,0,5,0,0,0,0,0,1,6,2,30,6,1560,2,8,-1,1,-1
2015440257145,1,9,0,16,0,0,1,0,5,6,1,1,6,2,31,6,1988,1,13,-1,1,-1
2015440257156,1,3,0,18,0,8,1,0,0,0,3,1,2,1,28,6,124,1,1,-1,1,-1
2015440257159,1,9,0,5,0,0,0,0,0,0,4,1,6,1,18,4,1149,1,12,-1,1,-1
2015440257159,2,1,0,18,0,0,0,0,0,0,4,1,2,1,37,7,-1,-1,-1,-1,1,-1
2015440257170,1,5,0,7,0,8,1,0,0,0,4,1,6,1,22,5,599,1,5,-1,1,-1
2015440257289,1,9,0,9,0,8,0,0,0,0,2,1,6,1,69,10,1997,2,13,-1,1,-1
2015440257289,2,2,0,9,0,8,0,0,0,0,1,1,6,1,16,4,49,1,-1,-1,1,-1
2015440257370,1,9,0,11,0,0,0,0,1,7,1,1,2,2,23,5,1360,1,11,-1,1,-1
2015440257626,1,9,0,13,0,1,0,0,0,0,4,1,6,3,-1,-1,1397,1,1,-1,-1,-1
2015440257626,2,1,0,18,0,1,0,0,0,0,3,1,6,1,30,6,-1,-1,-1,-1,1,-1
2015440257681,1,19,0,18,0,0,0,0,0,0,2,1,2,1,54,8,2198,2,6,-1,3,-1
2015440257681,2,9,0,18,0,0,1,0,0,0,1,1,2,2,24,5,998,1,7,-1,1,-1
2015440257828,1,19,0,18,0,8,0,0,0,0,4,1,1,1,38,7,2298,2,4,-1,1,-1
2015440257828,2,1,0,18,4,8,1,0,0,0,3,1,1,1,56,9,-1,-1,-1,-1,1,-1
2015440258025,1,9,0,18,0,0,0,0,7,0,1,1,6,1,28,6,3500,1,13,-1,1,-1
2015440258025,2,9,0,18,0,0,0,0,0,0,1,1,6,1,59,9,2698,2,10,-1,1,-1
2015440258265,1,9,0,18,0,2,0,0,0,0,4,1,6,3,-1,-1,-1,-1,-1,-1,-1,-1
2015440258292,1,9,0,18,0,0,0,4,0,0,1,1,6,2,17,4,1388,1,12,-1,1,-1
2015440258292,2,9,0,2,0,0,0,0,0,0,2,1,6,3,-1,-1,1396,1,5,-1,-1,-1
2015440258292,3,9,0,2,0,0,0,0,0,0,2,1,6,3,-1,-1,1598,2,1,-1,-1,-1
2015440258424,1,9,0,16,0,0,0,0,8,10,3,1,6,2,75,10,1598,1,2,-1,1,-1
2015440258424,2,9,0,17,0,0,1,0,0,0,1,1,6,1,58,9,3999,1,7,-1,1,-1
2015440258424,3,9,0,16,0,0,0,0,1,0,1,1,1,2,54,8,1796,1,4,-1,3,-1
2015440258550,1,21,0,18,0,0,0,0,0,0,3,1,1,1,57,9,12900,2,1,-1,3,-1
2015440258550,2,9,0,18,0,0,0,0,0,0,4,1,6,2,39,7,-1,-1,-1,-1,1,-1
2015440258655,1,9,0,3,0,1,0,0,0,0,2,1,2,2,28,6,1398,2,12,-1,1,-1
2015440258655,2,9,0,18,0,1,0,0,0,0,1,1,6,1,-1,-1,1896,2,17,-1,-1,-1
2015440259031,1,9,0,4,0,1,0,0,0,0,4,1,2,2,24,5,1360,1,15,-1,1,-1
2015440259031,2,1,0,18,0,8,0,0,0,0,1,1,2,1,17,4,-1,-1,-1,-1,1,-1
2015440259361,1,9,0,18,0,8,0,0,0,0,4,1,6,2,43,7,1197,1,-1,-1,1,-1
2015440259361,2,9,0,5,0,8,0,0,0,0,3,1,6,2,35,6,1397,1,13,-1,1,-1
2015440259617,1,9,0,5,0,8,0,0,0,0,3,1,6,1,77,11,1461,2,10,-1,3,-1
2015440259617,2,9,0,18,0,8,0,0,1,4,1,1,6,2,37,7,2720,2,7,-1,3,-1
2015440259813,1,9,0,18,0,8,0,0,0,0,1,1,6,3,-1,-1,998,1,22,-1,-1,-1
2015440259813,2,9,0,3,0,1,0,0,0,0,2,1,6,2,49,8,996,1,3,-1,1,-1
2015440259822,1,4,0,18,0,0,1,0,0,0,1,1,2,1,21,5,124,1,-1,-1,1,-1
2015440259838,1,5,0,4,0,1,0,0,0,0,1,1,6,1,25,5,1255,1,7,-1,1,-1
2015440259838,2,9,0,3,0,1,0,0,0,0,3,1,6,1,46,8,1998,2,10,-1,1,-1
2015440259838,3,9,0,3,0,1,0,0,0,0,4,1,6,1,27,6,1560,2,5,-1,1,-1
2015440259838,4,1,0,3,0,1,0,0,0,0,2,1,6,1,50,8,-1,-1,-1,-1,1,-1
2015440259979,1,1,0,18,0,2,0,0,0,0,2,1,6,1,56,9,-1,-1,-1,-1,1,-1
2015440259979,2,9,0,18,0,2,0,0,0,0,1,1,6,1,21,5,1587,1,11,-1,1,-1
2015440260030,1,9,0,10,0,8,0,0,0,0,2,1,6,2,75,10,1598,2,5,-1,1,-1
2015440260030,2,3,0,18,0,8,0,0,0,0,1,1,6,3,-1,-1,125,1,8,-1,-1,-1
2015440260067,1,1,0,4,0,0,1,0,0,0,4,1,6,1,54,8,-1,-1,-1,-1,1,-1
2015440260067,2,1,0,4,0,0,0,0,0,0,3,1,6,1,51,8,-1,-1,-1,-1,1,-1
2015440260159,1,9,0,18,0,0,1,0,1,0,2,1,6,1,18,4,1199,1,15,-1,1,-1
2015440260159,2,9,0,11,0,0,2,0,0,0,1,1,1,3,-1,-1,1997,2,-1,-1,-1,-1
2015440260226,1,9,0,9,0,8,0,0,0,0,1,1,6,2,41,7,1896,2,12,-1,3,-1
2015440260226,2,9,0,16,0,8,2,0,0,0,1,1,6,2,23,5,1199,1,13,-1,1,-1
2015440260323,1,9,0,2,0,0,0,0,0,0,3,1,6,1,66,10,-1,-1,-1,-1,1,-1
2015440260323,2,1,0,14,0,0,0,0,0,0,1,1,2,2,19,4,-1,-1,-1,-1,1,-1
2015440260335,1,1,0,18,0,1,0,0,0,0,1,1,1,1,56,9,-1,-1,-1,-1,-1,-1
2015440260335,2,11,0,2,0,1,0,0,0,0,2,1,1,1,59,9,10520,2,7,-1,1,-1
2015440260480,1,5,0,18,0,0,1,0,4,6,1,1,6,1,42,7,1700,1,1,-1,1,-1
2015440260502,1,9,0,9,0,8,0,0,3,1,4,1,6,1,88,11,-1,-1,-1,-1,2,-1
2015440260502,2,9,0,18,0,8,0,0,0,0,1,1,6,1,79,11,1461,2,2,-1,3,-1
2015440260502,3,9,0,10,0,8,0,0,0,0,1,1,6,2,49,8,1968,2,6,-1,-1,-1
2015440260603,1,9,0,3,0,1,0,0,0,0,2,1,6,2,25,5,1998,2,11,-1,1,-1
2015440260603,2,9,0,18,0,1,0,0,0,0,1,1,6,3,-1,-1,1598,1,9,-1,-1,-1
2015440260808,1,9,0,14,0,0,0,0,0,0,4,1,6,2,-1,-1,-1,-1,-1,-1,-1,-1
2015440260856,1,3,0,16,0,0,0,0,0,0,1,1,1,1,25,5,125,1,2,-1,1,-1
2015440260856,2,9,0,17,0,0,0,0,0,0,3,1,1,2,42,7,1560,2,3,-1,1,-1
2015440260894,1,1,0,18,0,0,0,0,0,0,1,1,6,1,64,9,-1,-1,-1,-1,1,-1
2015440260931,1,9,0,9,0,8,0,0,0,0,1,1,6,2,64,9,1229,1,3,-1,2,-1
2015440260931,2,9,0,18,0,8,0,0,0,0,1,1,6,2,70,10,1388,1,6,-1,1,-1
2015440261008,1,9,0,18,0,2,0,0,0,0,1,1,6,1,59,9,1598,1,5,-1,1,-1
2015440261008,2,19,0,18,0,1,1,0,0,0,1,1,1,1,44,7,2198,2,9,-1,-1,-1
2015440261116,1,9,0,16,0,0,0,0,0,0,1,1,1,1,34,6,1896,2,14,-1,1,-1
2015440261116,2,17,4,17,0,0,0,0,0,0,1,1,1,1,18,4,-1,2,3,-1,3,-1
2015440261162,1,19,0,9,0,8,0,0,0,0,3,1,6,1,33,6,2198,2,8,-1,1,-1
2015440261162,2,5,0,13,0,8,0,0,0,0,1,1,6,1,25,5,599,1,13,-1,1,-1
2015440261217,1,3,0,18,0,0,0,0,0,0,2,1,6,1,24,5,125,1,3,-1,1,-1
2015440261217,2,9,0,12,0,0,0,0,0,0,1,1,6,3,-1,-1,-1,-1,-1,-1,-1,-1
2015440261507,1,9,0,18,0,0,0,12,1,0,4,1,2,1,39,7,1360,1,14,-1,2,-1
2015440261516,1,9,0,5,0,8,0,0,0,0,1,1,1,1,33,6,1461,2,11,-1,1,-1
2015440261516,2,1,0,18,0,8,0,0,0,0,4,1,1,2,43,7,-1,-1,-1,-1,1,-1
2015440261559,1,1,0,17,0,8,0,0,0,0,1,1,2,2,32,6,-1,-1,-1,-1,3,-1
2015440261559,2,19,0,9,0,8,0,0,0,0,1,1,1,1,47,8,2143,2,-1,-1,1,-1
2015440261602,1,9,0,7,0,8,0,0,0,0,3,1,2,1,-1,-1,1984,1,5,-1,1,-1
2015440261602,2,1,0,18,0,8,0,0,0,0,1,1,6,2,39,7,-1,-1,-1,-1,1,-1
2015440261617,1,1,0,18,0,8,0,0,0,0,4,1,6,1,17,4,-1,-1,-1,-1,1,-1
2015440261617,2,9,0,18,0,8,0,0,0,0,1,1,6,3,-1,-1,-1,-1,-1,-1,-1,-1
2015440261765,1,9,0,4,0,2,0,0,0,0,2,1,2,2,53,8,1396,1,16,-1,1,-1
2015440261765,2,9,0,4,0,2,0,0,0,0,2,1,2,1,32,6,2198,1,14,-1,1,-1
2015440261765,3,19,0,4,0,3,0,0,0,0,1,1,2,1,18,4,1560,2,2,-1,1,-1
2015440261792,1,9,0,7,0,8,0,0,0,0,1,1,6,1,37,7,-1,-1,-1,-1,1,-1
2015440261792,2,1,0,18,0,8,0,0,0,0,3,1,6,3,-1,-1,-1,-1,-1,-1,-1,-1
2015440261963,1,9,0,18,0,8,0,0,0,0,4,1,1,2,50,8,1896,2,7,-1,1,-1
2015440261963,2,1,0,5,0,4,0,0,0,0,1,1,6,1,25,5,-1,-1,-1,-1,1,-1
2015440262076,1,9,0,14,0,0,0,0,0,0,1,1,6,2,79,11,1149,1,7,-1,1,-1
2015440262317,1,19,0,8,0,1,0,0,0,0,2,1,6,1,62,9,-1,-1,-1,-1,1,-1
2015440262317,2,9,0,5,0,1,0,0,0,0,1,1,6,1,27,6,1968,2,6,-1,1,-1
2015440262345,1,9,0,18,0,0,0,0,0,0,1,1,6,1,81,11,1596,1,11,-1,1,-1
2015440262345,2,9,0,3,0,0,0,0,0,0,2,1,6,1,78,11,2179,2,2,-1,3,-1
2015440262345,3,9,0,3,0,0,0,0,0,0,2,1,6,1,45,7,-1,-1,-1,-1,1,-1
2015440262512,1,9,0,18,0,8,0,0,0,0,4,1,6,3,-1,-1,-1,-1,-1,-1,-1,-1
2015440262582,1,9,0,3,0,0,0,0,0,0,2,1,1,2,24,5,1461,2,5,-1,1,-1
2015440262582,2,19,0,18,0,0,0,0,0,0,1,1,6,1,27,6,1968,2,-1,-1,1,-1
2015440262619,1,5,0,18,0,0,0,0,7,0,1,1,6,1,31,6,599,1,8,-1,1,-1