Accident_Index,Vehicle_Reference,Vehicle_Type,Towing_and_Articulation,Vehicle_Manoeuvre,Vehicle_Location-Restricted_Lane,Junction_Location,Skidding_and_Overturning,Hit_Object_in_Carriageway,Vehicle_Leaving_Carriageway,Hit_Object_off_Carriageway,1st_Point_of_Impact,Was_Vehicle_Left_Hand_Drive?,Journey_Purpose_of_Driver,Sex_of_Driver,Age_of_Driver,Age_Band_of_Driver,Engine_Capacity_(CC),Propulsion_Code,Age_of_Vehicle,Driver_IMD_Decile,Driver_Home_Area_Type,Vehicle_IMD_Decile
2015440262619,2,9,0,18,0,0,0,0,0,0,1,1,2,1,42,7,1868,2,11,-1,1,-1
2015440262663,1,1,0,18,0,0,0,0,0,0,1,1,6,1,22,5,-1,-1,-1,-1,1,-1
2015440262886,1,9,0,18,0,8,0,0,0,0,1,1,6,2,72,10,999,1,15,-1,1,-1
2015440262886,2,9,0,9,0,8,0,0,0,0,3,1,6,1,71,10,2982,2,18,-1,1,-1
2015440262955,1,20,0,4,0,0,1,0,0,0,1,1,1,1,52,8,2298,2,4,-1,3,-1
2015440262955,2,19,0,3,0,0,0,0,0,0,2,1,1,1,62,9,-1,-1,-1,-1,2,-1
2015440263046,1,5,0,7,0,5,1,0,0,0,1,1,6,1,54,8,1170,1,5,-1,1,-1
2015440263052,1,9,0,18,0,1,1,0,0,0,1,1,6,1,80,11,1593,1,22,-1,3,-1
2015440263052,2,9,0,4,0,1,0,0,0,0,2,1,6,1,29,6,2099,1,12,-1,2,-1
2015440263122,1,1,0,18,0,0,0,0,0,0,1,1,6,1,67,10,-1,-1,-1,-1,1,-1
2015440263149,1,5,0,18,0,1,0,0,0,0,1,1,2,1,68,10,600,1,12,-1,3,-1
2015440263263,1,1,0,18,0,0,0,0,0,0,3,1,6,1,19,4,-1,-1,-1,-1,1,-1
2015440263263,2,9,0,18,0,0,0,0,0,0,3,1,6,3,-1,-1,-1,-1,-1,-1,-1,-1
2015440263268,1,19,0,18,0,0,0,0,0,0,4,1,1,1,45,7,2402,2,9,-1,1,-1
2015440263268,2,1,0,18,0,0,0,0,0,0,3,1,6,1,25,5,-1,-1,-1,-1,1,-1
2015440263500,1,1,0,18,0,8,0,0,0,0,0,1,6,1,20,4,-1,-1,-1,-1,1,-1
2015440263676,1,9,0,9,0,8,0,0,3,0,3,1,6,1,61,9,2183,2,4,-1,1,-1
2015440263676,2,9,0,13,0,8,0,0,0,0,1,1,6,1,48,8,1796,1,8,-1,1,-1
2015440264150,1,9,0,18,0,1,0,0,0,0,1,1,6,1,64,9,1596,1,9,-1,1,-1
2015440264150,2,9,0,18,0,8,0,0,0,0,1,1,2,1,24,5,1781,1,16,-1,2,-1
2015440264337,1,9,0,18,0,1,0,0,8,2,1,1,6,2,51,8,1242,1,1,-1,1,-1
2015440264367,1,9,0,18,0,0,0,0,0,0,2,1,6,2,40,7,1587,1,9,-1,1,-1
2015440264367,2,9,0,18,0,0,0,0,0,0,1,1,6,3,29,6,1388,1,12,-1,1,-1
2015440264415,1,9,0,3,0,1,0,0,0,0,2,1,6,2,39,7,1499,2,1,-1,1,-1
2015440264415,2,9,0,5,0,1,0,0,0,0,1,1,6,3,-1,-1,1399,1,9,-1,-1,-1
2015440264501,1,97,0,18,0,0,0,0,0,0,1,1,6,1,50,8,996,1,13,-1,1,-1
2015440264501,2,9,0,18,0,0,0,0,0,0,1,1,6,3,-1,-1,-1,-1,-1,-1,-1,-1
2015440264520,1,9,0,18,0,0,1,0,0,0,1,1,6,2,82,11,2495,1,14,-1,-1,-1
2015440264520,2,9,0,4,0,0,0,0,0,0,2,1,6,2,25,5,1598,1,9,-1,2,-1
2015440264520,3,9,0,4,0,0,0,0,0,0,2,1,6,2,24,5,1242,1,15,-1,2,-1
2015440264520,4,9,0,4,0,0,0,0,0,0,2,1,6,2,50,8,1910,2,6,-1,1,-1
2015440264626,1,22,0,18,9,0,0,0,0,0,1,1,6,1,-1,-1,-1,-1,-1,-1,-1,-1
2015440264633,1,5,0,18,0,0,0,0,0,0,1,1,2,1,53,8,1130,1,13,-1,2,-1
2015440264633,2,9,0,4,0,0,0,0,0,0,2,1,2,2,25,5,1798,1,11,-1,1,-1
2015440264825,1,9,0,17,0,0,0,0,1,1,1,1,6,2,28,6,1997,1,11,-1,1,-1
2015440264914,1,11,0,3,0,0,0,0,0,0,2,1,1,1,53,8,7300,2,1,-1,1,-1
2015440264914,2,9,0,18,0,0,0,0,0,0,1,1,6,1,49,8,1560,2,-1,-1,-1,-1
2015440264914,3,8,0,18,0,0,0,0,0,0,1,1,1,1,31,6,1997,2,6,-1,1,-1
2015440264998,1,9,0,18,0,8,0,0,0,0,4,1,6,1,18,4,973,1,13,-1,1,-1
2015440264998,2,9,0,18,0,1,0,0,0,0,1,1,6,1,24,5,1242,1,3,-1,1,-1
2015440265004,1,9,0,18,0,0,0,0,0,0,1,1,6,1,18,4,1149,1,11,-1,1,-1
2015440265004,2,9,0,18,0,0,0,0,0,0,1,1,6,1,79,11,1360,1,11,-1,1,-1
2015440265004,3,9,0,18,0,0,0,0,0,0,1,1,1,1,43,7,1968,2,6,-1,1,-1
2015440265027,1,9,0,17,0,0,0,0,0,0,1,1,6,1,36,7,1686,2,4,-1,1,-1
2015440265027,2,5,0,16,0,0,0,0,0,0,1,1,6,1,24,5,645,1,11,-1,1,-1
2015440265743,1,9,0,13,0,1,0,0,0,0,4,1,6,3,-1,-1,-1,-1,-1,-1,-1,-1
2015440265743,2,1,0,18,0,1,0,0,0,0,3,1,6,1,17,4,-1,-1,-1,-1,1,-1
2015440265756,1,1,0,7,0,8,0,0,0,0,4,1,6,1,15,3,-1,-1,-1,-1,1,-1
2015440265756,2,9,0,18,0,8,0,0,0,0,1,1,6,2,43,7,1240,1,10,-1,1,-1
2015440265822,1,9,0,4,0,0,0,0,0,0,1,1,6,1,50,8,-1,-1,-1,-1,3,-1
2015440265822,2,9,0,4,0,0,0,0,0,0,2,1,6,1,34,6,2987,2,8,-1,1,-1
2015440265822,3,9,0,4,0,0,0,0,0,0,2,1,6,2,63,9,1997,2,9,-1,1,-1
2015440265857,1,9,0,7,0,5,1,0,3,1,1,1,6,1,42,7,1086,1,10,-1,1,-1
2015440265909,1,9,0,18,0,0,0,0,1,7,4,1,6,2,22,5,1296,1,9,-1,1,-1
2015440265937,1,3,0,18,0,4,1,9,0,0,1,1,6,1,20,4,124,1,7,-1,1,-1
2015440265965,1,3,0,7,0,8,0,0,0,0,0,1,6,1,25,5,125,1,9,-1,1,-1
2015440265970,1,9,0,12,0,8,0,0,0,0,3,1,6,1,70,10,1389,1,19,-1,1,-1
2015440265970,2,5,0,18,0,8,0,0,0,0,4,1,6,1,28,6,-1,-1,-1,-1,1,-1
2015440265978,1,1,0,18,0,0,1,0,0,0,1,1,6,1,62,9,-1,-1,-1,-1,2,-1
2015440265978,2,20,0,18,0,0,0,0,0,0,1,1,6,1,43,7,2402,2,10,-1,3,-1
2015440265983,1,5,0,17,0,0,0,0,0,0,1,1,6,1,34,6,599,1,8,-1,1,-1
2015440265983,2,9,0,16,0,0,0,0,0,0,1,1,6,2,18,4,1388,1,7,-1,3,-1
2015440266134,1,9,0,5,0,8,0,0,0,0,3,1,6,1,51,8,1598,1,2,-1,1,-1
2015440266134,2,5,0,18,0,8,0,0,0,0,1,1,6,1,34,6,647,1,6,-1,3,-1
2015440266219,1,9,0,16,0,1,1,0,0,7,1,1,6,1,23,5,-1,-1,-1,-1,1,-1
2015440266219,2,9,0,8,0,1,0,0,0,0,2,1,6,1,37,7,1997,2,11,-1,1,-1
2015440266939,1,3,0,17,0,0,0,0,1,10,1,1,6,1,21,5,-1,-1,-1,-1,1,-1
2015440267049,1,9,0,18,0,0,2,11,1,10,1,1,6,2,30,6,1598,1,7,-1,1,-1
2015440267141,1,9,0,18,0,0,0,4,0,0,4,1,6,2,62,9,1800,1,15,-1,1,-1
2015440267141,2,9,0,2,0,0,0,0,0,0,3,1,6,3,-1,-1,1596,1,5,-1,-1,-1
2015440267141,3,9,0,2,0,0,0,0,0,0,1,1,6,3,-1,-1,998,1,16,-1,-1,-1
2015440267141,4,9,0,2,0,0,0,0,0,0,1,1,6,3,-1,-1,1998,2,7,-1,-1,-1
2015440267141,5,9,0,2,0,0,0,0,0,0,2,1,6,3,-1,-1,2231,2,9,-1,-1,-1
2015440267213,1,3,0,18,0,0,0,0,0,0,3,1,6,1,22,5,49,1,13,-1,1,-1
2015440267291,1,9,0,4,0,0,0,0,0,0,4,1,6,2,47,8,-1,-1,-1,-1,1,-1
2015440267291,2,9,0,4,0,0,0,0,0,0,1,1,6,2,-1,-1,1598,2,-1,-1,-1,-1
2015440267296,1,9,0,10,0,1,0,0,0,0,0,1,6,2,63,9,1598,1,5,-1,2,-1
2015440267296,2,9,0,18,0,1,1,0,1,9,4,1,6,1,32,6,1360,1,8,-1,1,-1
2015440267325,1,3,0,18,0,0,1,11,0,0,1,1,6,1,23,5,100,1,15,-1,1,-1
2015440267325,2,9,0,18,0,0,0,0,0,0,2,1,6,3,-1,-1,-1,-1,-1,-1,-1,-1
2015440267837,1,9,0,9,0,8,0,0,0,0,3,1,1,2,19,4,1199,1,12,-1,1,-1
2015440267837,2,3,0,13,0,8,0,0,0,0,1,1,6,1,17,4,124,1,-1,-1,1,-1
2015440267939,1,9,0,18,0,0,1,0,1,0,4,1,6,1,62,9,1799,1,16,-1,1,-1
2015440267939,2,9,0,18,0,0,2,0,0,0,1,1,6,1,68,10,1998,1,12,-1,3,-1
2015440268124,1,9,0,18,0,0,0,0,0,0,1,1,6,3,-1,-1,-1,-1,-1,-1,-1,-1
2015440268124,2,9,0,18,0,0,0,0,0,0,2,1,6,1,22,5,-1,-1,-1,-1,-1,-1
2015440268244,1,9,0,18,0,2,0,0,0,0,1,1,6,2,82,11,1396,1,6,-1,1,-1
2015440268244,2,8,0,2,0,2,0,0,0,0,3,1,1,1,30,6,1598,2,4,-1,1,-1
2015440268355,1,9,0,18,0,8,0,0,0,0,1,1,6,3,-1,-1,-1,-1,-1,-1,-1,-1
2015440268471,1,9,0,2,0,0,0,0,0,0,2,1,6,1,-1,-1,-1,-1,-1,-1,-1,-1
2015440268603,1,9,0,18,0,0,0,0,0,0,1,1,6,2,20,4,998,1,-1,-1,1,-1
2015440268603,2,9,0,18,0,0,0,0,0,0,2,1,6,1,26,6,1597,2,-1,-1,1,-1
2015440268610,1,9,0,4,0,2,0,0,0,0,2,1,2,1,50,8,3226,2,13,-1,3,-1
2015440268610,2,1,0,18,0,2,0,0,0,0,1,1,6,1,40,7,-1,-1,-1,-1,1,-1
2015440268931,1,9,0,18,0,0,0,0,1,4,1,1,6,2,18,4,1686,2,6,-1,1,-1
2015440268943,1,3,0,18,0,8,0,0,0,0,1,1,6,1,20,4,-1,-1,-1,-1,1,-1
2015440269044,1,5,0,18,0,0,0,0,0,0,4,1,6,1,20,4,499,1,8,-1,1,-1
2015440269070,1,1,0,9,0,8,0,0,0,0,0,1,2,1,61,9,-1,-1,-1,-1,1,-1
2015440269195,1,19,0,18,0,1,0,0,0,0,1,1,1,1,30,6,1560,2,1,-1,1,-1
2015440269195,2,9,0,4,0,1,0,0,0,0,2,1,6,2,39,7,1796,1,11,-1,3,-1
2015440269414,1,97,0,3,0,1,0,0,0,0,2,1,6,1,56,9,-1,-1,-1,-1,-1,-1
2015440269414,2,97,0,5,0,1,0,0,0,0,1,1,6,1,56,9,-1,-1,-1,-1,-1,-1
2015440269417,1,3,0,17,0,8,0,0,0,0,1,1,1,1,22,5,125,1,1,-1,1,-1
2015440269417,2,9,0,5,0,8,0,0,0,0,3,1,6,1,-1,-1,1997,2,9,-1,1,-1
2015440269515,1,9,0,18,0,0,0,0,0,0,4,1,6,1,89,11,1240,1,9,-1,1,-1
2015440269805,1,19,0,16,0,0,1,0,0,0,1,1,1,1,39,7,-1,-1,-1,-1,1,-1
2015440269805,2,17,4,17,0,0,0,0,0,0,1,1,1,1,51,8,-1,-1,-1,-1,3,-1
2015440269921,1,9,0,18,0,0,2,0,1,3,0,1,6,2,37,7,-1,-1,-1,-1,1,-1
2015440269921,2,9,0,18,0,0,0,0,0,0,0,1,6,1,58,9,1248,2,-1,-1,-1,-1
2015440270266,1,5,0,9,0,8,0,0,0,0,0,1,2,1,40,7,1050,1,6,-1,1,-1
2015440270266,2,9,0,18,0,8,0,0,0,0,1,1,2,1,-1,-1,1997,1,15,-1,1,-1
2015440270288,1,9,0,18,0,8,1,0,0,0,1,1,2,1,24,5,1560,2,8,-1,1,-1
2015440270288,2,9,0,9,0,8,1,0,0,0,1,1,2,1,28,6,1364,2,3,-1,1,-1
2015440270306,1,9,0,9,0,8,0,0,0,0,1,1,6,2,22,5,1198,1,12,-1,2,-1
2015440270306,2,19,0,18,0,8,0,0,0,0,0,1,1,1,58,9,2198,2,8,-1,1,-1
2015440270324,1,9,0,18,0,8,2,0,2,10,1,1,2,1,24,5,1896,2,8,-1,1,-1
2015440270332,1,21,0,4,0,1,1,0,0,0,1,1,1,1,55,8,4461,2,6,-1,1,-1
2015440270332,2,9,0,3,0,1,0,0,0,0,2,1,2,2,48,8,1995,2,2,-1,1,-1
2015440270337,1,3,0,17,0,8,0,0,0,0,0,1,1,1,21,5,124,1,1,-1,1,-1
2015440270445,1,9,0,5,0,0,0,0,0,0,3,1,1,1,-1,-1,1560,2,1,-1,1,-1
2015440270445,2,3,0,18,0,0,0,0,0,0,1,1,2,1,42,7,-1,-1,-1,-1,1,-1
2015440270576,1,9,0,18,0,8,1,0,7,0,4,1,6,1,30,6,1896,2,12,-1,1,-1
2015440270576,2,19,0,18,0,8,2,0,7,0,1,1,1,1,56,9,2148,2,7,-1,3,-1
2015440270576,3,9,0,3,0,1,0,0,1,0,3,1,6,2,65,9,999,1,2,-1,1,-1
2015440270779,1,1,0,18,0,8,1,0,1,0,1,1,2,2,22,5,-1,-1,-1,-1,1,-1
2015440270779,2,9,0,18,0,8,0,0,0,0,3,1,6,2,43,7,1598,1,5,-1,1,-1
2015440270929,1,9,0,9,0,8,0,0,0,0,3,1,2,1,25,5,1598,1,-1,-1,1,-1
2015440270929,2,9,0,18,0,8,0,0,0,0,1,1,6,2,44,7,1973,1,14,-1,1,-1
2015440271004,1,9,0,18,0,0,0,0,0,0,0,1,6,3,-1,-1,-1,-1,-1,-1,-1,-1
2015440271004,2,9,0,18,0,0,1,0,1,9,1,1,6,2,35,6,1560,2,9,-1,3,-1
2015440271081,1,3,0,18,0,8,0,0,0,0,1,1,6,1,17,4,124,1,1,-1,1,-1
2015440271081,2,10,0,9,0,8,0,0,0,0,4,1,1,1,46,8,2198,2,-1,-1,1,-1
2015440271363,1,9,0,18,0,0,0,0,0,0,1,1,6,1,76,11,1560,2,9,-1,1,-1
2015440271363,2,1,0,18,0,0,0,0,0,0,2,1,6,1,52,8,-1,-1,-1,-1,2,-1
2015440271460,1,9,0,3,0,1,0,0,0,0,1,1,6,1,23,5,1998,1,14,-1,1,-1
2015440271460,2,9,0,4,0,1,0,0,0,0,2,1,6,2,22,5,1242,1,3,-1,3,-1
2015440271471,1,9,0,18,0,0,2,10,1,0,4,1,6,2,18,4,998,1,9,-1,1,-1
2015440271485,1,9,0,18,0,0,0,0,0,0,2,1,6,1,27,6,1149,1,7,-1,1,-1
2015440271485,2,9,0,18,0,0,0,0,0,0,1,1,6,2,20,4,1242,1,6,-1,1,-1
2015440271554,1,9,0,18,0,0,0,4,0,0,1,1,6,1,33,6,1598,1,12,-1,1,-1
2015440271554,2,9,0,2,0,0,0,0,0,0,2,1,6,3,-1,-1,-1,-1,-1,-1,-1,-1
2015440271594,1,3,0,18,0,8,1,10,0,0,1,1,6,1,18,4,125,1,14,-1,1,-1
2015440271594,2,9,0,7,0,4,0,0,0,0,0,1,6,3,-1,-1,-1,-1,-1,-1,-1,-1
2015440271646,1,11,0,9,0,8,0,0,0,0,0,1,1,3,-1,-1,6370,2,9,-1,-1,-1
2015440271646,2,3,0,9,0,8,1,0,0,0,0,1,2,1,28,6,124,1,4,-1,1,-1
2015440271646,3,5,0,9,0,8,0,0,0,0,0,1,2,1,30,6,599,1,14,-1,1,-1
2015440271701,1,5,0,18,0,1,0,0,0,0,1,1,2,1,52,8,954,1,12,-1,2,-1
2015440271701,2,19,0,9,0,5,0,0,0,0,4,1,1,1,29,6,2299,2,3,-1,1,-1
2015440271853,1,9,0,18,0,8,0,0,0,0,1,1,6,1,54,8,1984,1,9,-1,3,-1
2015440271853,2,9,0,9,0,8,0,0,0,0,3,1,6,2,67,10,2000,2,10,-1,3,-1
2015440271922,1,9,0,18,0,1,0,0,0,0,1,1,6,2,55,8,1600,2,5,-1,1,-1
2015440271922,2,9,0,9,0,6,0,0,0,0,1,1,6,2,55,8,1461,2,9,-1,3,-1
2015440271946,1,9,0,7,0,5,1,0,7,10,1,1,6,2,46,8,2497,2,8,-1,3,-1
2015440271950,1,9,0,17,0,8,0,0,0,0,1,1,6,2,63,9,1296,1,7,-1,1,-1
2015440271950,2,21,1,5,0,4,0,0,0,0,3,1,1,1,30,6,-1,-1,-1,-1,-1,-1
2015440272137,1,19,0,16,0,0,0,0,0,0,3,1,1,1,24,5,2143,2,5,-1,3,-1
2015440272137,2,19,5,16,0,0,0,0,0,0,4,1,1,1,-1,-1,-1,-1,-1,-1,-1,-1
2015440272212,1,9,3,4,0,0,0,0,0,0,2,1,6,1,72,10,1968,2,2,-1,1,-1
2015440272212,2,9,0,4,0,0,0,0,0,0,2,1,6,2,51,8,1242,1,6,-1,1,-1
2015440272212,3,9,0,18,0,0,0,0,0,0,1,1,6,1,27,6,1590,1,13,-1,1,-1
2015440272250,1,9,0,10,0,1,0,0,0,0,2,1,6,1,-1,-1,1984,1,4,-1,1,-1
2015440272250,2,9,0,4,0,1,0,0,0,0,2,1,6,1,21,5,1596,1,11,-1,1,-1
2015440272250,3,9,0,18,0,1,0,0,0,0,1,1,6,2,82,11,1240,1,6,-1,2,-1
2015440272264,1,1,0,18,0,1,0,0,0,0,1,1,6,1,53,8,-1,-1,-1,-1,1,-1
2015440272429,1,9,0,18,0,8,0,0,0,0,1,1,2,1,25,5,1499,2,-1,-1,1,-1
2015440272429,2,5,0,7,0,8,0,0,0,0,2,1,2,2,31,6,779,1,2,-1,1,-1
2015440272487,1,9,0,16,0,0,0,0,0,0,1,1,6,1,30,6,1796,1,10,-1,1,-1
2015440272487,2,3,0,17,0,0,1,0,0,0,1,1,2,1,19,4,680,1,6,-1,1,-1
2015440272487,3,9,0,2,0,0,0,0,0,0,2,1,6,1,30,6,1998,2,10,-1,1,-1
2015440272507,1,3,0,16,0,0,0,4,0,0,1,1,6,1,24,5,125,1,8,-1,1,-1
2015440272507,2,9,0,2,0,0,0,0,0,0,2,1,6,2,-1,-1,-1,-1,-1,-1,1,-1
2015440272644,1,1,0,18,0,0,0,0,0,0,1,1,6,1,43,7,-1,-1,-1,-1,1,-1
2015440272781,1,9,0,18,9,0,0,0,1,10,1,1,6,3,-1,-1,-1,-1,-1,-1,-1,-1
2015440272803,1,3,0,17,0,1,0,0,0,0,1,1,6,1,17,4,125,1,-1,-1,1,-1
2015440272803,2,9,0,16,0,8,0,0,0,0,1,1,6,1,54,8,2776,2,-1,-1,1,-1
2015440272830,1,9,0,18,0,1,0,0,0,0,1,1,6,3,-1,-1,-1,-1,-1,-1,-1,-1
2015440273078,1,9,0,18,0,8,0,0,0,0,1,1,1,2,69,10,1242,1,6,-1,1,-1
2015440273078,2,1,0,18,0,8,0,0,0,0,4,1,1,1,50,8,-1,-1,-1,-1,1,-1
2015440273235,1,9,0,4,0,0,0,0,0,0,2,1,6,1,41,7,1598,2,2,-1,1,-1
2015440273235,2,9,0,4,0,0,0,0,0,0,2,1,6,3,-1,-1,998,1,8,-1,-1,-1
2015440273235,3,19,0,4,0,0,0,0,0,0,1,1,6,3,-1,-1,1560,2,1,-1,-1,-1
2015440273293,1,9,0,18,0,8,0,0,0,0,4,1,6,2,47,8,1398,2,2,-1,3,-1
2015440273293,2,9,0,7,0,8,0,0,0,0,3,1,6,1,22,5,1422,2,10,-1,2,-1
2015440273306,1,5,0,4,0,1,0,0,0,0,1,1,6,1,64,9,1137,1,16,-1,1,-1
2015440273306,2,9,0,4,0,1,0,0,0,0,2,1,6,2,40,7,1560,2,-1,-1,1,-1
2015440273337,1,9,0,18,0,8,0,0,0,0,1,1,6,2,44,7,1762,1,19,-1,1,-1
2015440273337,2,4,0,18,0,8,0,0,0,0,1,1,6,1,56,9,197,1,39,-1,1,-1
2015440273415,1,9,0,5,0,0,0,0,0,0,1,1,6,1,51,8,1206,1,5,-1,1,-1
2015440273444,1,9,0,18,0,8,0,0,1,3,1,1,6,2,31,6,1956,2,-1,-1,1,-1
2015440273475,1,9,4,18,0,0,4,0,0,6,3,1,6,1,55,8,-1,-1,-1,-1,1,-1
2015440273513,1,1,0,18,0,2,0,0,0,0,0,1,6,1,13,3,-1,-1,-1,-1,1,-1
2015440273513,2,9,0,18,0,2,0,0,0,0,1,1,6,3,-1,-1,-1,-1,-1,-1,-1,-1
2015440273543,1,9,0,5,0,1,0,0,0,0,2,1,6,2,33,6,-1,-1,-1,-1,1,-1
2015440273543,2,9,0,4,0,1,0,0,0,0,1,1,6,1,38,7,2000,2,6,-1,1,-1
2015440273656,1,9,0,18,0,2,0,0,0,0,3,1,6,1,45,7,1796,1,12,-1,1,-1
2015440273685,1,9,0,18,0,8,0,0,1,11,1,1,6,1,33,6,1956,2,1,-1,1,-1
2015440273724,1,9,0,18,0,8,0,0,0,0,4,1,6,1,41,7,1870,2,12,-1,1,-1
2015440273724,2,8,0,15,0,8,0,0,0,0,1,1,1,1,40,7,1997,2,8,-1,1,-1
2015440273775,1,9,0,18,0,8,0,0,0,0,4,1,1,1,33,6,1248,2,1,-1,1,-1
2015440273775,2,9,0,18,0,8,0,0,0,0,1,1,6,2,18,4,1968,2,1,-1,1,-1
2015440274129,1,19,0,18,0,1,0,0,0,0,1,1,6,1,23,5,1686,2,13,-1,1,-1
2015440274129,2,9,0,18,0,1,0,0,0,0,2,1,1,1,45,7,-1,-1,-1,-1,1,-1
2015440274242,1,1,0,17,0,8,0,0,0,0,3,1,6,1,52,8,-1,-1,-1,-1,1,-1
2015440274242,2,9,0,11,0,8,0,0,0,0,1,1,6,3,-1,-1,-1,-1,-1,-1,-1,-1
2015440274387,1,9,0,4,0,0,0,0,0,0,1,1,6,1,39,7,3950,1,13,-1,3,-1
2015440274387,2,9,0,4,0,0,0,0,0,0,2,1,6,1,40,7,1968,2,4,-1,1,-1
2015440274482,1,9,0,4,0,0,0,0,0,0,2,1,6,2,24,5,1598,2,-1,-1,1,-1
2015440274482,2,9,0,18,0,0,0,0,0,0,1,1,6,2,26,6,1956,2,4,-1,1,-1
2015440274656,1,3,0,17,0,0,0,0,0,0,4,1,6,1,18,4,124,1,2,-1,1,-1
2015440274656,2,9,0,16,0,0,0,0,0,0,1,1,6,2,49,8,1956,2,2,-1,1,-1
2015440275175,1,9,0,18,0,0,0,0,0,0,1,1,6,1,69,10,998,1,28,-1,2,-1
2015440275525,1,9,0,18,0,8,1,0,0,0,4,1,6,1,19,4,-1,-1,-1,-1,1,-1
2015440275556,1,9,0,18,0,0,0,0,1,9,1,1,6,1,82,11,1000,1,13,-1,1,-1
2015440275556,2,9,0,4,0,0,0,0,0,0,2,1,6,2,67,10,1587,1,8,-1,1,-1
2015440275585,1,5,0,18,0,8,0,0,0,0,4,1,6,1,49,8,745,1,-1,-1,1,-1
2015440275929,1,9,0,17,0,0,0,0,1,3,2,1,6,2,57,9,1896,2,8,-1,3,-1
2015440275959,1,9,0,18,0,8,0,0,0,0,4,1,2,1,29,6,1229,1,5,-1,1,-1
2015440275959,2,21,0,12,0,8,0,0,0,0,3,1,1,1,36,7,12902,2,2,-1,1,-1
2015440275975,1,2,0,18,0,0,1,0,0,0,4,1,6,2,16,4,49,1,1,-1,1,-1
2015440275989,1,9,0,5,0,8,0,7,0,0,1,1,2,2,49,8,1242,1,3,-1,2,-1
2015440276126,1,9,0,18,0,0,0,0,0,0,1,1,6,1,56,9,1298,1,13,-1,1,-1
2015440276297,1,21,0,18,0,8,5,0,0,0,1,1,1,1,48,8,10837,2,4,-1,1,-1
2015440276297,2,90,0,2,0,8,0,0,1,0,2,1,1,3,-1,-1,-1,-1,-1,-1,-1,-1
2015440276350,1,1,0,18,0,0,0,0,0,0,3,1,6,1,21,5,-1,-1,-1,-1,1,-1
2015440276350,2,9,0,18,0,0,0,0,0,0,4,1,6,3,-1,-1,-1,-1,-1,-1,-1,-1
2015440276406,1,9,0,18,0,0,0,0,0,0,4,1,6,1,23,5,1197,1,3,-1,1,-1
2015440276624,1,9,0,7,0,8,0,0,0,0,3,1,1,2,23,5,1398,1,5,-1,3,-1
2015440276624,2,19,0,17,0,7,0,0,0,0,1,1,1,1,32,6,2494,2,4,-1,1,-1
2015440276767,1,9,0,18,0,8,0,0,0,0,1,1,6,1,70,10,1596,1,1,-1,1,-1
2015440276767,2,3,0,4,0,8,0,0,0,0,2,1,6,1,21,5,125,1,21,-1,1,-1
2015440276809,1,21,0,18,0,2,0,0,0,0,4,1,1,1,-1,-1,8970,2,9,-1,-1,-1
2015440276974,1,11,0,5,0,0,0,0,0,0,0,1,1,1,53,8,-1,-1,-1,-1,2,-1
2015440277113,1,9,0,9,0,8,0,0,0,0,1,1,6,1,30,6,1989,1,13,-1,1,-1
2015440277120,1,9,0,9,0,2,0,0,0,0,1,1,6,1,-1,-1,-1,-1,-1,-1,-1,-1
2015440277120,2,9,0,18,0,1,0,0,0,0,1,1,6,1,27,6,-1,-1,-1,-1,1,-1
2015440277120,3,9,0,4,0,1,0,0,0,0,2,1,6,2,32,6,1398,2,5,-1,2,-1
2015440277120,4,9,0,18,0,1,0,0,0,0,1,1,6,2,42,7,898,1,1,-1,1,-1
2015440277227,1,3,0,18,0,1,1,0,0,0,1,1,2,1,18,4,125,1,7,-1,1,-1
2015440277227,2,9,0,18,0,1,0,0,0,0,1,1,6,1,64,9,1796,1,15,-1,1,-1
2015440277249,1,11,0,18,0,1,0,0,0,0,0,1,1,3,-1,-1,-1,-1,-1,-1,-1,-1
2015440277249,2,90,0,9,0,6,0,0,0,0,0,1,1,3,-1,-1,-1,-1,-1,-1,-1,-1
2015440277416,1,21,0,18,0,0,0,0,0,0,0,1,1,1,-1,-1,12777,2,-1,-1,-1,-1
2015440277416,2,1,0,18,0,0,0,0,1,9,1,1,6,2,74,10,-1,-1,-1,-1,1,-1
2015440277454,1,9,0,10,0,1,0,0,0,0,2,1,6,1,46,8,1968,2,4,-1,1,-1
2015440277454,2,9,0,3,0,1,0,0,0,0,2,1,6,1,71,10,1395,1,-1,-1,1,-1
2015440277454,3,9,0,18,0,1,0,0,0,0,1,1,6,1,21,5,1991,1,21,-1,2,-1
2015440277457,1,9,0,16,0,0,0,0,0,0,0,1,2,1,61,9,1599,1,17,-1,1,-1
2015440277457,2,1,0,17,0,0,0,0,0,0,0,1,6,1,38,7,-1,-1,-1,-1,3,-1
2015440277507,1,21,0,12,0,0,0,0,0,0,3,1,1,1,37,7,-1,-1,-1,-1,-1,-1
2015440277507,2,9,0,18,0,0,1,0,4,6,4,1,2,1,34,6,-1,-1,-1,-1,1,-1
2015440277657,1,9,0,4,0,1,0,0,0,0,2,1,2,2,45,7,1796,1,11,-1,1,-1
2015440277657,2,9,0,18,0,1,0,0,0,0,1,1,6,1,18,4,1364,1,10,-1,1,-1