Accident_Index,Vehicle_Reference,Vehicle_Type,Towing_and_Articulation,Vehicle_Manoeuvre,Vehicle_Location-Restricted_Lane,Junction_Location,Skidding_and_Overturning,Hit_Object_in_Carriageway,Vehicle_Leaving_Carriageway,Hit_Object_off_Carriageway,1st_Point_of_Impact,Was_Vehicle_Left_Hand_Drive?,Journey_Purpose_of_Driver,Sex_of_Driver,Age_of_Driver,Age_Band_of_Driver,Engine_Capacity_(CC),Propulsion_Code,Age_of_Vehicle,Driver_IMD_Decile,Driver_Home_Area_Type,Vehicle_IMD_Decile
2015440277794,1,9,0,17,0,8,2,0,1,2,1,1,2,1,53,8,1388,1,7,-1,1,-1
2015440277848,1,9,0,5,0,4,0,0,0,0,1,1,2,1,35,6,1896,2,13,-1,1,-1
2015440277848,2,1,0,17,0,8,0,0,0,0,1,1,2,1,24,5,-1,-1,-1,-1,1,-1
2015440277870,1,5,0,16,0,0,1,0,0,0,1,1,2,1,32,6,955,1,11,-1,1,-1
2015440277870,2,9,0,16,0,0,0,0,0,0,2,1,2,1,48,8,-1,-1,-1,-1,1,-1
2015440277879,1,9,0,5,0,6,0,0,0,0,3,1,6,1,16,4,-1,-1,-1,-1,1,-1
2015440277879,2,9,0,18,0,1,0,0,0,0,1,1,6,1,17,4,-1,-1,-1,-1,1,-1
2015440277899,1,1,0,18,0,8,0,0,0,0,3,1,6,1,25,5,-1,-1,-1,-1,1,-1
2015440277899,2,9,0,7,0,8,0,0,0,0,1,1,6,3,-1,-1,-1,-1,-1,-1,-1,-1
2015440277987,1,9,0,9,0,4,0,0,0,0,3,1,6,1,70,10,2198,2,6,-1,1,-1
2015440277987,2,19,0,18,0,8,0,0,0,0,1,1,1,1,21,5,2463,2,9,-1,1,-1
2015440278030,1,9,0,4,0,1,0,0,0,0,1,1,1,1,56,9,2494,2,4,-1,1,-1
2015440278030,2,9,0,4,0,1,0,0,0,0,2,1,6,1,63,9,1598,1,9,-1,1,-1
2015440278059,1,9,0,9,0,8,0,0,0,0,4,1,6,1,-1,-1,-1,-1,-1,-1,-1,-1
2015440278059,2,1,0,18,0,1,0,0,0,0,1,1,6,1,21,5,-1,-1,-1,-1,1,-1
2015440278071,1,1,0,18,0,8,0,0,0,0,1,1,6,1,50,8,-1,-1,-1,-1,1,-1
2015440278071,2,9,0,18,0,8,0,0,0,0,3,1,6,2,58,9,1360,1,11,-1,1,-1
2015440278245,1,3,0,18,0,8,0,0,0,0,1,1,6,1,22,5,125,1,8,-1,1,-1
2015440278245,2,9,0,9,0,8,0,0,0,0,1,1,6,1,75,10,1242,1,1,-1,1,-1
2015440278567,1,9,0,9,0,8,0,0,0,0,4,1,6,2,30,6,2319,1,15,-1,1,-1
2015440278567,2,1,0,15,0,8,0,0,0,0,1,1,2,1,47,8,-1,-1,-1,-1,1,-1
2015440278782,1,9,0,4,0,1,0,0,0,0,2,1,6,2,25,5,1995,2,5,-1,1,-1
2015440278782,2,9,0,4,0,1,0,0,0,0,1,1,2,1,31,6,-1,-1,-1,-1,1,-1
2015440278858,1,9,0,18,0,8,5,0,3,11,1,1,6,1,71,10,4398,1,14,-1,2,-1
2015440278896,1,19,0,18,0,0,1,0,1,0,1,1,6,1,29,6,2402,2,12,-1,1,-1
2015440278896,2,1,0,18,0,0,0,0,1,0,2,1,6,1,48,8,-1,-1,-1,-1,1,-1
2015440279127,1,5,0,14,0,8,0,0,0,0,4,1,1,1,57,9,498,1,16,-1,1,-1
2015440279127,2,20,0,5,0,8,0,0,0,0,3,1,1,1,-1,-1,-1,-1,-1,-1,1,-1
2015440279143,1,5,0,17,0,0,1,0,0,0,0,1,2,2,29,6,599,1,13,-1,1,-1
2015440279158,1,9,0,18,0,0,0,0,0,0,1,1,1,1,65,9,2261,1,7,-1,-1,-1
2015440279158,2,9,0,18,0,0,0,0,0,0,1,1,6,2,36,7,-1,-1,-1,-1,1,-1
2015440279254,1,1,0,18,0,2,0,0,0,0,3,1,6,1,17,4,-1,-1,-1,-1,1,-1
2015440279254,2,9,0,18,0,2,0,0,0,0,1,1,1,1,23,5,1910,2,8,-1,1,-1
2015440279310,1,9,0,18,0,0,0,0,0,0,1,1,6,2,18,4,999,1,-1,-1,3,-1
2015440279310,2,19,0,4,0,0,0,0,0,0,2,1,6,1,52,8,2198,2,7,-1,1,-1
2015440279446,1,9,0,5,0,0,0,0,0,0,3,1,6,1,24,5,1388,1,13,-1,1,-1
2015440279446,2,5,0,18,0,0,0,0,0,0,3,1,6,1,24,5,-1,-1,-1,-1,1,-1
2015440279580,1,9,0,18,0,0,0,0,0,0,1,1,6,1,34,6,2179,2,2,-1,1,-1
2015440279580,2,9,0,18,0,0,0,0,0,0,2,1,6,1,52,8,1497,1,12,-1,1,-1
2015440279580,3,9,0,18,0,0,0,0,0,0,2,1,6,1,20,4,2497,2,9,-1,-1,-1
2015440279589,1,9,0,16,0,0,0,0,4,6,1,1,6,2,41,7,1948,1,14,-1,3,-1
2015440279604,1,9,0,18,0,0,1,0,0,0,1,1,6,2,33,6,1299,1,17,-1,3,-1
2015440279604,2,9,0,18,0,0,0,0,0,0,1,1,6,1,81,11,1781,1,12,-1,1,-1
2015440279634,1,9,0,12,0,2,0,0,0,0,3,1,1,1,39,7,1995,2,1,-1,1,-1
2015440279634,2,9,0,18,0,2,0,0,0,0,4,1,6,1,27,6,2143,2,3,-1,1,-1
2015440279668,1,9,0,17,0,2,0,0,1,4,1,1,2,1,45,7,1999,1,11,-1,1,-1
2015440279801,1,9,0,18,0,0,0,0,0,0,1,1,6,2,61,9,1596,1,14,-1,1,-1
2015440279801,2,9,0,3,0,0,0,0,0,0,2,1,6,2,49,8,998,1,13,-1,1,-1
2015440279904,1,90,0,7,0,4,2,9,3,10,3,1,2,2,56,9,-1,-1,-1,-1,1,-1
2015440279928,1,20,0,5,0,4,0,0,0,0,3,1,1,1,51,8,6700,2,-1,-1,-1,-1
2015440279928,2,1,0,18,0,8,0,0,0,0,1,1,2,1,37,7,-1,-1,-1,-1,1,-1
2015440279952,1,97,0,4,0,0,0,0,0,0,0,1,6,3,-1,-1,-1,-1,-1,-1,-1,-1
2015440279952,2,9,0,11,0,0,0,0,0,0,0,1,6,1,84,11,1493,2,7,-1,1,-1
2015440279952,3,3,0,4,0,0,0,0,0,0,0,1,6,1,20,4,124,1,5,-1,1,-1
2015440279952,4,2,0,18,0,0,0,0,0,7,1,1,6,2,16,4,49,1,13,-1,1,-1
2015440280110,1,9,0,16,0,0,0,0,0,0,1,1,6,1,20,4,998,1,5,-1,2,-1
2015440280110,2,9,0,17,0,0,0,0,0,0,1,1,2,1,37,7,-1,-1,-1,-1,1,-1
2015440280138,1,9,0,18,0,1,0,0,0,0,1,1,1,1,28,6,1399,1,10,-1,1,-1
2015440280138,2,9,0,4,0,1,0,0,0,0,2,1,1,1,47,8,1995,2,11,-1,1,-1
2015440280397,1,9,0,16,0,8,0,0,7,8,1,1,6,1,44,7,4266,1,14,-1,1,-1
2015440280413,1,9,0,17,0,8,0,0,1,2,3,1,6,1,22,5,1388,1,10,-1,1,-1
2015440280488,1,9,0,18,0,0,1,0,0,0,1,1,2,1,28,6,-1,-1,-1,-1,2,-1
2015440280523,1,21,0,9,0,8,0,0,0,0,0,1,1,1,58,9,-1,-1,-1,-1,3,-1
2015440280523,2,1,0,18,0,8,1,0,0,0,0,1,6,1,34,6,-1,-1,-1,-1,1,-1
2015440280563,1,9,0,16,0,0,0,0,7,7,1,1,2,2,50,8,1840,1,13,-1,2,-1
2015440280563,2,5,0,16,0,0,0,0,0,0,1,1,2,1,50,8,821,1,2,-1,1,-1
2015440280568,1,9,0,17,0,0,0,0,7,0,1,1,6,1,23,5,1360,1,12,-1,3,-1
2015440280598,1,11,0,18,0,8,0,2,1,1,1,1,1,1,48,8,9360,2,3,-1,1,-1
2015440281101,1,9,0,4,0,0,0,0,0,0,2,1,6,1,28,6,1497,8,10,-1,1,-1
2015440281101,2,9,0,18,0,0,1,0,0,0,1,1,6,1,23,5,1399,2,4,-1,2,-1
2015440281120,1,9,0,9,0,8,0,0,0,0,1,1,6,2,70,10,1596,1,7,-1,1,-1
2015440281120,2,9,0,18,0,8,0,0,7,9,1,1,6,2,77,11,1598,1,13,-1,1,-1
2015440281134,1,9,0,9,0,8,0,0,0,0,1,1,6,1,38,7,1997,2,3,-1,1,-1
2015440281134,2,9,0,18,0,8,0,0,0,0,1,1,6,2,38,7,1800,1,16,-1,1,-1
2015440281187,1,21,0,18,0,0,0,0,0,0,1,1,1,1,68,10,10837,2,4,-1,1,-1
2015440281187,2,9,0,18,0,0,0,0,0,0,2,1,6,1,64,9,1461,2,-1,-1,3,-1
2015440281187,3,9,0,18,0,0,0,0,0,0,2,1,6,1,36,7,1598,1,10,-1,1,-1
2015440281218,1,19,0,18,0,1,1,0,0,0,1,1,1,1,48,8,1753,2,11,-1,3,-1
2015440281218,2,9,0,3,0,1,0,0,0,0,2,1,6,1,44,7,2495,2,11,-1,3,-1
2015440281223,1,19,0,18,0,8,0,0,0,0,4,1,6,1,66,10,1360,1,7,-1,1,-1
2015440281223,2,9,0,18,0,8,0,0,0,0,3,1,6,1,-1,-1,2179,2,4,-1,-1,-1
2015440281229,1,9,0,18,0,1,0,0,0,0,2,1,6,1,55,8,1461,2,2,-1,1,-1
2015440281229,2,9,0,18,0,1,0,0,0,0,1,1,6,1,55,8,1995,2,1,-1,3,-1
2015440281408,1,5,0,17,0,0,1,0,1,9,1,1,2,1,28,6,1255,1,7,-1,1,-1
2015440281469,1,9,0,15,0,1,0,4,0,0,4,1,2,1,28,6,2231,2,9,-1,1,-1
2015440281469,2,9,0,2,0,2,0,0,0,0,3,1,6,2,-1,-1,1493,1,16,-1,-1,-1
2015440281529,1,3,0,5,0,1,0,0,0,0,2,1,6,1,33,6,125,1,-1,-1,-1,-1
2015440281529,2,9,0,5,0,1,0,0,0,0,1,1,6,1,29,6,1596,1,5,-1,3,-1
2015440281639,1,9,0,18,0,2,0,0,4,10,1,1,6,1,74,10,1781,1,18,-1,1,-1
2015440281929,1,19,0,14,0,2,5,4,0,0,4,1,6,1,25,5,1248,2,3,-1,1,-1
2015440281929,2,9,0,2,0,2,0,0,0,0,3,1,6,3,-1,-1,1339,1,7,-1,-1,-1
2015440282255,1,20,0,18,0,0,0,0,0,0,2,1,1,3,-1,-1,4500,2,-1,-1,-1,-1
2015440282255,2,1,0,18,0,0,0,0,0,0,1,1,6,1,43,7,-1,-1,-1,-1,2,-1
2015440282359,1,9,0,1,0,0,0,0,0,0,2,1,6,3,-1,-1,1598,1,11,-1,-1,-1
2015440282677,1,9,0,18,0,1,0,7,0,0,1,1,6,2,79,11,1968,2,7,-1,1,-1
2015440284198,1,9,0,18,0,8,0,0,0,0,1,1,6,2,83,11,1242,1,6,-1,1,-1
2015440284198,2,9,0,3,0,8,0,0,0,0,2,1,6,2,51,8,-1,-1,-1,-1,1,-1
2015440284198,3,9,0,3,0,8,0,0,0,0,2,1,6,1,53,8,1198,1,1,-1,1,-1
2015440284355,1,9,0,10,0,1,0,0,0,0,2,1,1,1,46,8,1242,1,15,-1,1,-1
2015440284355,2,2,0,18,0,1,0,0,0,0,1,1,6,1,16,4,49,1,12,-1,1,-1
2015440284435,1,9,0,4,0,1,0,0,0,0,2,1,6,1,50,8,1968,2,1,-1,1,-1
2015440284435,2,19,0,18,0,1,1,0,0,0,1,1,6,1,57,9,2179,2,9,-1,1,-1
2015440284590,1,11,0,17,0,0,0,0,0,0,1,1,1,1,56,9,9360,2,4,-1,1,-1
2015440284590,2,9,0,16,0,0,0,0,7,9,1,1,6,1,70,10,1997,2,4,-1,2,-1
2015440284720,1,1,0,9,0,8,0,0,0,0,1,1,1,1,48,8,-1,-1,-1,-1,1,-1
2015440284720,2,9,0,13,0,8,0,0,0,0,2,1,6,1,25,5,1198,1,11,-1,1,-1
2015440284866,1,9,0,9,0,8,0,0,0,0,4,1,2,1,29,6,1199,1,12,-1,1,-1
2015440284866,2,9,0,18,0,8,0,0,0,0,1,1,1,1,39,7,1999,1,14,-1,1,-1
2015440284885,1,9,0,4,0,1,0,0,0,0,2,1,6,1,46,8,-1,-1,-1,-1,2,-1
2015440284885,2,9,0,18,0,1,0,0,0,0,1,1,6,1,19,4,1242,1,14,-1,1,-1
2015440284919,1,5,0,17,0,0,0,0,0,0,3,1,6,1,46,8,1050,1,8,-1,1,-1
2015440285162,1,9,0,18,0,8,0,0,0,0,1,1,6,1,25,5,-1,-1,-1,-1,1,-1
2015440285162,2,9,0,18,0,8,0,0,0,0,4,1,6,2,37,7,1598,1,11,-1,1,-1
2015440285192,1,9,0,18,0,1,0,0,0,0,1,1,6,2,51,8,1341,1,17,-1,1,-1
2015440285192,2,9,0,18,0,1,0,0,0,0,2,1,1,2,58,9,1390,1,8,-1,1,-1
2015440285397,1,9,0,18,0,1,0,0,0,0,1,1,1,2,38,7,1600,1,11,-1,3,-1
2015440285397,2,9,0,7,0,6,0,0,0,0,3,1,2,2,55,8,1390,1,5,-1,1,-1
2015440285565,1,9,0,18,0,0,0,0,0,0,1,1,6,1,30,6,1149,1,16,-1,1,-1
2015440285565,2,1,0,18,0,0,0,0,0,0,2,1,6,1,30,6,-1,-1,-1,-1,1,-1
2015440285579,1,9,0,18,0,4,0,0,0,0,1,1,1,3,24,5,1124,1,10,-1,3,-1
2015440285579,2,1,0,9,0,8,0,0,0,0,4,1,6,1,24,5,-1,-1,-1,-1,1,-1
2015440285614,1,2,0,14,0,1,0,0,0,0,4,1,6,1,24,5,49,1,15,-1,1,-1
2015440285614,2,9,0,1,0,6,0,0,0,0,2,1,6,1,24,5,1248,2,8,-1,1,-1
2015440285689,1,3,0,17,0,8,0,0,1,11,1,1,2,1,19,4,124,1,4,-1,2,-1
2015440285689,2,9,0,2,0,2,0,0,0,0,2,1,6,3,-1,-1,996,1,-1,-1,-1,-1
2015440285689,3,9,0,2,0,2,0,0,0,0,2,1,6,3,-1,-1,1997,2,3,-1,-1,-1
2015440285693,1,9,0,7,0,2,1,0,0,0,1,1,6,1,20,4,1242,1,12,-1,1,-1
2015440285693,2,9,0,3,0,1,0,0,1,0,1,1,1,2,32,6,2143,2,-1,-1,1,-1
2015440285869,1,5,0,17,0,0,1,0,1,0,1,1,6,1,34,6,649,1,3,-1,1,-1
2015440285919,1,9,0,17,0,0,2,0,1,11,4,1,6,1,46,8,1389,1,17,-1,-1,-1
2015440286236,1,9,0,9,0,6,0,0,0,0,0,1,6,1,61,9,1198,1,5,-1,2,-1
2015440286236,2,3,0,14,0,1,0,0,0,0,0,1,2,1,21,5,125,1,-1,-1,1,-1
2015440286701,1,19,0,4,0,0,0,0,0,0,2,1,2,1,50,8,1998,2,13,-1,1,-1
2015440286701,2,11,0,18,0,0,0,0,0,0,1,1,1,2,29,6,-1,2,16,-1,1,-1
2015440286749,1,9,0,3,0,1,0,0,0,0,2,1,2,1,24,5,1388,1,4,-1,1,-1
2015440286749,2,9,0,18,0,1,1,0,0,0,1,1,2,1,36,7,1997,1,11,-1,1,-1
2015440286856,1,9,0,4,0,1,0,0,0,0,2,1,6,2,40,7,1598,1,1,-1,1,-1
2015440286856,2,9,0,18,0,1,0,0,0,0,1,1,1,1,45,7,1360,1,13,-1,1,-1
2015440286878,1,1,0,17,0,8,0,0,0,0,2,1,6,1,46,8,-1,-1,-1,-1,1,-1
2015440286878,2,9,0,7,0,8,0,0,0,0,1,1,6,2,80,11,1086,1,8,-1,1,-1
2015440287186,1,1,0,18,0,0,0,0,0,0,0,1,6,1,25,5,-1,-1,-1,-1,1,-1
2015440287188,1,9,0,18,0,1,0,0,0,0,4,1,6,1,43,7,1968,2,10,-1,2,-1
2015440287188,2,9,0,9,0,6,0,0,0,0,1,1,6,1,79,11,-1,-1,-1,-1,1,-1
2015440287502,1,9,0,18,0,8,0,0,7,10,3,1,1,2,62,9,998,1,-1,-1,1,-1
2015440287502,2,9,0,18,0,1,0,0,0,0,1,1,6,1,68,10,1560,2,4,-1,1,-1
2015440287529,1,9,0,18,0,0,0,0,5,6,3,1,6,1,42,7,1998,2,4,-1,1,-1
2015440287529,2,9,0,12,0,0,0,0,0,0,0,1,6,1,41,7,1596,1,14,-1,1,-1
2015440287687,1,9,0,18,0,8,1,10,0,0,3,1,6,1,25,5,5439,1,13,-1,1,-1
2015440287687,2,9,0,9,0,8,0,0,0,0,4,1,6,1,21,5,1781,1,12,-1,1,-1
2015440287789,1,9,0,13,0,1,0,0,0,0,4,1,6,1,87,11,1397,1,8,-1,1,-1
2015440287789,2,1,0,18,0,1,0,0,0,0,3,1,6,1,27,6,-1,-1,-1,-1,1,-1
2015440287870,1,9,0,18,0,0,0,0,0,0,2,1,6,1,55,8,4196,1,13,-1,1,-1
2015440287870,2,20,0,2,0,0,0,0,0,0,2,1,6,3,-1,-1,-1,-1,-1,-1,-1,-1
2015440287899,1,19,0,9,0,8,0,0,0,0,3,1,1,1,27,6,2198,2,1,-1,1,-1
2015440287899,2,5,0,18,0,8,0,0,0,0,1,1,6,1,63,9,805,1,18,-1,1,-1
2015440287921,1,3,0,18,0,0,0,0,0,0,1,1,6,1,27,6,124,1,2,-1,1,-1
2015440287921,2,9,0,5,0,0,0,0,0,0,4,1,6,1,33,6,1997,2,5,-1,1,-1
2015440288330,1,9,0,18,0,4,5,0,0,0,3,1,6,1,17,4,998,1,12,-1,1,-1
2015440288330,2,9,0,3,0,1,0,0,0,0,4,1,2,1,59,9,-1,-1,-1,-1,1,-1
2015440288330,3,9,0,18,0,1,0,0,0,0,1,1,6,1,46,8,1968,2,6,-1,1,-1
2015440288342,1,19,0,18,9,2,0,0,0,0,1,1,6,3,-1,-1,-1,-1,-1,-1,-1,-1
2015440288499,1,9,0,16,0,2,2,0,1,4,1,1,6,1,39,7,-1,-1,-1,-1,1,-1
2015440288599,1,8,0,18,0,8,0,0,0,0,1,1,1,1,59,9,1753,2,8,-1,1,-1
2015440288599,2,9,0,18,0,8,0,0,1,1,3,1,6,3,-1,-1,1229,1,7,-1,-1,-1
2015440288663,1,9,0,9,0,4,0,0,0,0,4,1,2,1,39,7,-1,-1,-1,-1,3,-1
2015440288672,1,1,0,17,0,8,0,0,0,0,4,1,2,1,25,5,-1,-1,-1,-1,1,-1
2015440288672,2,9,0,5,0,4,0,0,0,0,1,1,6,3,-1,-1,-1,-1,-1,-1,-1,-1
2015440288885,1,9,0,1,0,8,0,0,0,0,2,1,6,1,70,10,1998,1,10,-1,1,-1
2015440288946,1,1,0,18,0,8,0,0,0,0,3,1,6,2,22,5,-1,-1,-1,-1,1,-1
2015440288946,2,9,0,5,0,8,0,0,0,0,1,1,6,3,-1,-1,-1,-1,-1,-1,-1,-1
2015440289121,1,9,0,5,0,4,0,0,0,0,1,1,6,2,36,7,1956,2,4,-1,1,-1
2015440289121,2,2,0,18,0,8,0,0,0,0,4,1,6,1,16,4,49,1,-1,-1,1,-1
2015440289261,1,1,0,18,0,8,0,0,0,0,3,1,6,2,21,5,-1,-1,-1,-1,1,-1
2015440289261,2,21,0,18,0,8,0,0,0,0,1,1,6,3,-1,-1,-1,-1,-1,-1,-1,-1
2015440289413,1,9,0,4,0,0,0,0,0,0,4,1,6,2,33,6,2143,2,4,-1,1,-1
2015440289732,1,9,0,17,0,0,1,0,1,0,1,1,6,1,29,6,1998,1,21,-1,1,-1
2015440289732,2,9,0,2,0,0,0,0,0,0,1,1,6,3,-1,-1,2521,1,11,-1,-1,-1
2015440289732,3,9,0,2,0,0,0,0,1,0,2,1,6,3,-1,-1,1587,1,23,-1,-1,-1
2015440289798,1,19,0,18,0,1,0,0,0,0,1,1,6,3,-1,-1,2402,2,7,-1,-1,-1
2015440289798,2,3,0,2,0,1,0,0,0,0,2,1,6,1,18,4,125,1,13,-1,1,-1
2015440289798,3,3,0,2,0,1,0,0,0,0,2,1,6,1,18,4,124,1,1,-1,2,-1
2015440289964,1,9,0,13,0,0,0,0,0,0,4,1,6,2,-1,-1,1422,2,7,-1,-1,-1
2015440289964,2,1,0,16,0,0,0,0,1,0,0,1,6,1,59,9,-1,-1,-1,-1,1,-1
2015440289979,1,3,0,12,0,0,1,0,4,6,1,1,6,1,22,5,125,1,1,-1,1,-1
2015440290017,1,9,0,18,0,0,0,0,1,11,1,1,6,2,82,11,1799,1,7,-1,1,-1
2015440290159,1,1,0,17,0,8,1,0,0,0,1,1,6,1,34,6,-1,-1,-1,-1,1,-1
2015440290159,2,19,0,9,0,8,0,0,0,0,4,1,1,3,-1,-1,2143,2,1,-1,-1,-1
2015440290219,1,21,0,18,0,0,0,0,0,0,4,1,1,1,71,10,5800,2,15,-1,3,-1
2015440290219,2,1,0,18,0,0,0,0,0,0,3,1,6,1,65,9,-1,-1,-1,-1,1,-1
2015440290525,1,9,0,5,0,8,0,0,0,0,1,1,1,1,-1,-1,1685,2,2,-1,1,-1
2015440290525,2,1,0,18,0,8,0,0,0,0,1,1,6,1,29,6,-1,-1,-1,-1,1,-1
2015440290664,1,5,0,18,0,8,0,0,0,0,1,1,6,1,26,6,599,1,16,-1,1,-1
2015440290664,2,19,0,9,0,8,0,0,0,0,4,1,1,3,-1,-1,2198,2,1,-1,-1,-1
2015440290705,1,9,0,5,0,0,0,0,0,0,1,1,1,2,-1,-1,1598,1,14,-1,1,-1
2015440290705,2,9,0,5,0,0,0,0,0,0,2,1,1,2,29,6,1995,2,4,-1,2,-1
2015440290711,1,9,0,9,0,8,0,0,0,0,1,1,1,1,62,9,2967,1,7,-1,2,-1
2015440290711,2,2,0,18,0,8,0,0,0,0,3,1,6,1,72,10,49,1,12,-1,1,-1
2015440290799,1,9,0,18,0,8,0,0,0,0,1,1,6,1,41,7,1900,2,9,-1,1,-1
2015440290799,2,9,0,18,0,8,0,0,0,0,3,1,1,1,22,5,1299,1,13,-1,2,-1
2015440290831,1,9,0,9,0,8,0,0,1,11,1,1,6,1,29,6,1596,1,15,-1,1,-1
2015440290838,1,9,0,17,0,0,0,0,1,4,1,1,6,2,56,9,1399,2,5,-1,2,-1
2015440290892,1,5,0,9,0,8,0,0,0,0,3,1,6,1,21,5,645,1,9,-1,1,-1
2015440291232,1,9,0,18,0,8,0,0,0,0,3,1,6,1,61,9,2198,2,9,-1,3,-1
2015440291232,2,9,0,1,0,8,0,0,0,0,2,1,6,1,-1,-1,1149,1,14,-1,1,-1
2015440291523,1,9,0,9,0,8,0,0,0,0,2,1,6,2,18,4,1397,1,7,-1,1,-1
2015440291523,2,1,0,18,0,8,0,0,0,0,1,1,6,1,31,6,-1,-1,-1,-1,1,-1
2015440291547,1,9,0,18,0,8,0,0,0,0,1,1,6,2,63,9,1197,1,1,-1,1,-1
2015440291547,2,9,0,18,0,8,0,0,0,0,3,1,6,1,43,7,2204,2,7,-1,1,-1
2015440291668,1,9,0,3,0,8,0,0,0,0,2,1,6,2,17,4,1496,2,-1,-1,1,-1
2015440291668,2,9,0,18,0,8,0,0,0,0,1,1,6,1,19,4,1242,1,11,-1,1,-1
2015440291690,1,9,0,5,0,8,0,0,0,0,3,1,6,2,68,10,1796,1,13,-1,1,-1
2015440291690,2,9,0,17,0,8,0,0,0,0,4,1,6,2,20,4,1124,1,13,-1,2,-1
2015440291726,1,9,0,16,0,0,0,0,0,0,1,1,2,1,28,6,899,1,1,-1,2,-1
2015440291730,1,5,0,16,0,0,0,0,0,0,4,1,6,1,51,8,599,1,1,-1,2,-1
2015440291775,1,20,0,16,0,0,0,0,0,0,3,1,1,1,51,8,-1,-1,-1,-1,1,-1
2015440291775,2,19,0,17,0,0,0,0,0,0,3,1,1,1,32,6,1753,2,11,-1,1,-1
2015440291801,1,9,0,17,0,0,0,0,0,0,1,1,6,2,45,7,1242,1,1,-1,1,-1
2015440291801,2,19,0,16,0,0,0,0,0,0,1,1,1,2,29,6,-1,-1,-1,-1,1,-1
2015440292365,1,9,0,18,0,0,0,0,7,4,1,1,6,1,25,5,1679,1,14,-1,1,-1
2015440292365,2,90,0,18,0,0,0,0,1,4,1,1,1,1,35,6,7146,2,4,-1,1,-1
2015440292365,3,9,0,18,0,0,0,0,0,0,1,1,6,2,24,5,1248,1,4,-1,1,-1
2015440292365,4,19,0,18,0,0,0,0,0,0,1,1,1,1,42,7,-1,-1,-1,-1,3,-1
2015440292855,1,1,0,18,0,0,0,0,0,0,2,1,2,1,46,8,-1,-1,-1,-1,3,-1
2015440292855,2,19,0,18,0,0,0,0,0,0,1,1,6,3,-1,-1,-1,-1,-1,-1,-1,-1
2015440292871,1,9,0,4,0,8,0,0,0,0,2,1,1,1,49,8,1896,2,6,-1,1,-1
2015440292871,2,9,0,18,0,8,0,0,0,0,1,1,6,1,-1,-1,1686,2,4,-1,3,-1
2015440292983,1,9,0,18,0,8,0,0,0,0,1,1,6,1,30,6,1596,1,7,-1,1,-1
2015440292983,2,9,0,18,0,8,0,0,0,0,1,1,6,1,38,7,1560,2,9,-1,1,-1
2015440293021,1,1,0,18,0,8,0,0,0,0,3,1,6,1,14,3,-1,-1,-1,-1,1,-1
2015440293021,2,9,0,18,0,8,0,0,0,0,1,1,6,2,53,8,-1,-1,-1,-1,1,-1
2015440293451,1,9,0,18,0,0,0,0,1,0,4,1,2,2,32,6,1598,1,8,-1,1,-1
2015440293464,1,9,0,18,0,0,1,0,1,0,1,1,6,2,84,11,1299,1,12,-1,3,-1
2015440293464,2,9,0,18,0,0,0,0,7,0,1,1,6,2,30,6,1299,1,12,-1,3,-1
2015440293543,1,19,0,18,0,0,1,0,2,4,2,1,6,1,53,8,1686,2,11,-1,1,-1
2015440293576,1,9,0,18,0,8,0,0,0,0,1,1,6,2,35,6,2401,2,8,-1,1,-1
2015440293576,2,9,0,18,0,8,0,0,0,0,4,1,1,2,49,8,-1,-1,-1,-1,1,-1
2015440293576,3,9,0,18,0,1,0,0,0,0,3,1,2,2,27,6,1587,1,15,-1,1,-1
2015440293605,1,9,0,7,0,8,0,0,0,0,0,1,6,2,33,6,1389,1,14,-1,1,-1
2015440293605,2,2,0,18,0,8,0,0,0,0,0,1,2,2,20,4,49,1,2,-1,1,-1
2015440293665,1,97,0,18,0,0,1,0,0,0,3,1,2,2,47,8,-1,-1,-1,-1,1,-1
2015440293827,1,9,0,5,0,8,0,0,0,0,4,1,6,2,61,9,1198,1,1,-1,1,-1
2015440293827,2,9,0,18,0,8,0,0,1,0,1,1,6,2,37,7,1360,1,10,-1,1,-1
2015440293978,1,9,0,4,0,8,1,0,0,0,2,1,6,2,52,8,1388,1,4,-1,3,-1
2015440293978,2,21,0,18,0,8,1,0,0,0,1,1,1,1,43,7,-1,2,14,-1,1,-1
2015440294002,1,3,0,17,0,2,1,0,1,0,1,1,2,1,22,5,125,1,4,-1,1,-1
2015440294124,1,9,0,17,0,8,1,0,7,9,1,1,6,2,54,8,1951,2,10,-1,1,-1
2015440294124,2,9,0,16,0,8,0,0,0,0,2,1,6,2,76,11,1248,1,6,-1,1,-1
2015440294212,1,1,0,18,0,8,0,0,0,0,1,1,6,1,44,7,-1,-1,-1,-1,1,-1
2015440294212,2,9,0,9,0,8,0,0,0,0,4,1,6,3,-1,-1,1896,2,19,-1,-1,-1
2015440294232,1,9,0,18,0,0,1,0,0,0,4,1,6,2,45,7,1560,2,7,-1,2,-1
2015440294248,1,9,0,18,0,8,0,0,0,0,3,1,6,2,19,4,1198,1,2,-1,1,-1
2015440294248,2,9,0,17,0,8,0,0,0,0,1,1,6,2,49,8,2993,2,-1,-1,1,-1