Accident_Index,Vehicle_Reference,Vehicle_Type,Towing_and_Articulation,Vehicle_Manoeuvre,Vehicle_Location-Restricted_Lane,Junction_Location,Skidding_and_Overturning,Hit_Object_in_Carriageway,Vehicle_Leaving_Carriageway,Hit_Object_off_Carriageway,1st_Point_of_Impact,Was_Vehicle_Left_Hand_Drive?,Journey_Purpose_of_Driver,Sex_of_Driver,Age_of_Driver,Age_Band_of_Driver,Engine_Capacity_(CC),Propulsion_Code,Age_of_Vehicle,Driver_IMD_Decile,Driver_Home_Area_Type,Vehicle_IMD_Decile
2015440347614,1,9,0,16,0,2,1,0,0,0,1,1,2,1,20,4,1996,1,17,-1,1,-1
2015440347614,2,19,0,18,0,1,0,0,0,0,1,1,2,1,28,6,1560,2,-1,-1,1,-1
2015440347752,1,5,0,18,0,2,1,0,0,0,3,1,2,1,35,6,1002,1,24,-1,1,-1
2015440347800,1,9,0,4,0,2,0,0,0,0,1,1,6,3,-1,-1,-1,-1,-1,-1,-1,-1
2015440347858,1,9,0,5,0,1,0,0,0,0,1,1,6,2,51,8,1242,1,13,-1,1,-1
2015440347858,2,1,0,3,0,1,0,0,0,0,2,1,6,1,47,8,-1,-1,-1,-1,1,-1
2015440347899,1,1,0,18,0,2,0,0,0,0,2,1,2,2,46,8,-1,-1,-1,-1,3,-1
2015440347899,2,9,0,7,0,6,0,0,0,0,1,1,6,1,60,9,1600,1,17,-1,1,-1
2015440347926,1,9,0,18,0,0,0,0,0,0,1,1,6,2,71,10,998,1,7,-1,2,-1
2015440348001,1,1,0,11,0,8,0,0,0,0,1,1,6,1,26,6,-1,-1,-1,-1,1,-1
2015440348001,2,9,0,5,0,8,0,0,0,0,1,1,6,1,46,8,1968,2,12,-1,3,-1
2015440348143,1,9,0,18,0,0,0,0,0,0,1,1,6,1,72,10,1339,1,4,-1,1,-1
2015440348206,1,9,0,18,0,0,1,0,0,0,1,1,6,1,50,8,1360,1,15,-1,1,-1
2015440348206,2,9,0,18,0,0,1,0,0,0,1,1,6,1,26,6,1753,2,13,-1,1,-1
2015440348480,1,9,0,18,0,6,0,0,0,0,2,1,6,1,18,4,1390,1,7,-1,1,-1
2015440348501,1,9,0,18,0,0,0,4,0,0,1,1,1,1,-1,-1,-1,-1,-1,-1,3,-1
2015440348501,2,9,0,2,0,0,0,0,0,0,1,1,6,1,31,6,1968,2,8,-1,1,-1
2015440348517,1,9,0,18,0,1,0,0,0,0,1,1,6,1,79,11,1598,1,5,-1,1,-1
2015440348572,1,9,0,10,0,1,0,0,0,0,2,1,2,2,42,7,1995,2,4,-1,3,-1
2015440348572,2,9,0,18,0,1,1,0,0,0,1,1,2,1,47,8,2401,2,13,-1,2,-1
2015440348582,1,5,0,18,0,1,0,0,0,0,3,1,6,1,52,8,-1,-1,-1,-1,1,-1
2015440348582,2,9,0,9,0,6,0,0,0,0,1,1,6,2,26,6,1242,1,3,-1,1,-1
2015440348652,1,5,0,18,0,1,0,0,0,0,1,1,2,1,31,6,998,1,11,-1,1,-1
2015440348652,2,9,0,7,0,6,0,0,0,0,3,1,6,1,21,5,1388,1,11,-1,1,-1
2015440348693,1,9,0,4,0,2,0,0,0,0,2,1,6,1,47,8,1995,2,3,-1,1,-1
2015440348693,2,9,0,18,0,2,0,0,0,0,1,1,6,1,44,7,1598,1,9,-1,1,-1
2015440348731,1,9,0,9,0,8,0,0,0,0,3,1,6,3,-1,-1,2993,2,7,-1,-1,-1
2015440348731,2,5,0,13,0,8,0,0,0,0,1,1,6,1,34,6,1050,1,8,-1,1,-1
2015440348999,1,1,0,18,0,2,1,10,1,0,4,1,2,1,43,7,-1,-1,-1,-1,1,-1
2015440348999,2,9,0,13,0,2,0,0,0,0,0,1,6,3,-1,-1,-1,-1,-1,-1,-1,-1
2015440349079,1,9,0,7,0,8,0,0,0,0,3,1,1,2,21,5,1242,1,14,-1,1,-1
2015440349079,2,1,0,18,0,8,0,0,0,0,1,1,6,1,45,7,-1,-1,-1,-1,1,-1
2015440349107,1,9,0,2,0,1,0,0,0,0,2,1,3,2,27,6,1796,1,14,-1,1,-1
2015440349107,2,9,0,17,0,1,0,0,0,0,1,1,1,2,21,5,998,1,1,-1,1,-1
2015440349323,1,21,0,18,0,0,0,0,0,0,4,1,6,3,-1,-1,-1,-1,-1,-1,-1,-1
2015440349497,1,9,0,18,0,8,0,0,0,0,1,1,1,2,32,6,1560,2,4,-1,1,-1
2015440349497,2,1,0,18,0,8,0,0,0,0,4,1,6,1,60,9,-1,-1,-1,-1,1,-1
2015440349624,1,9,0,18,0,0,0,0,1,4,1,1,1,1,67,10,2435,1,14,-1,1,-1
2015440349775,1,9,0,18,0,8,0,0,0,0,4,1,2,2,19,4,1229,1,3,-1,1,-1
2015440349775,2,9,0,18,0,8,0,0,0,0,1,1,6,1,37,7,1339,1,11,-1,1,-1
2015440349829,1,9,0,9,0,8,0,0,0,0,3,1,3,2,26,6,1796,1,4,-1,1,-1
2015440349860,1,1,0,9,0,8,0,0,0,0,3,1,2,2,26,6,-1,-1,-1,-1,1,-1
2015440349860,2,5,0,13,0,8,0,0,0,0,1,1,2,1,-1,-1,689,1,-1,-1,1,-1
2015440349862,1,19,0,18,0,0,0,0,0,0,1,1,6,1,28,6,1868,2,11,-1,1,-1
2015440349862,2,9,0,4,0,0,0,0,0,0,2,1,6,2,64,9,1339,1,11,-1,1,-1
2015440349925,1,9,0,9,0,8,0,0,0,0,3,1,6,1,38,7,2394,1,7,-1,1,-1
2015440349925,2,3,0,18,0,8,1,0,0,0,1,1,2,1,17,4,125,1,4,-1,-1,-1
2015440349961,1,9,0,5,0,8,0,0,0,0,1,1,2,1,22,5,1956,2,3,-1,1,-1
2015440349961,2,3,0,18,0,8,0,0,0,0,1,1,1,1,22,5,125,1,2,-1,-1,-1
2015440349967,1,9,0,5,0,8,0,0,0,0,1,1,6,1,26,6,1598,1,12,-1,1,-1
2015440350223,1,9,0,18,0,0,0,0,0,0,4,1,6,1,71,10,2993,2,10,-1,3,-1
2015440350418,1,1,0,18,0,8,0,0,0,0,1,1,2,1,57,9,-1,-1,-1,-1,1,-1
2015440350418,2,9,0,18,0,8,0,0,0,0,0,1,2,1,-1,-1,1598,2,2,-1,-1,-1
2015440350452,1,9,0,18,0,0,0,12,0,0,1,1,1,1,26,6,2179,2,8,-1,1,-1
2015440350452,2,9,0,18,0,0,0,12,0,0,1,1,1,1,34,6,-1,-1,-1,-1,1,-1
2015440350548,1,9,0,18,0,0,0,4,0,0,1,1,1,2,38,7,998,1,19,-1,1,-1
2015440350548,2,19,0,18,0,0,0,0,0,0,2,1,6,3,-1,-1,1968,2,8,-1,-1,-1
2015440350548,3,9,0,18,0,0,0,0,0,0,2,1,6,3,-1,-1,1400,2,6,-1,-1,-1
2015440350590,1,9,0,9,0,6,0,0,0,0,1,1,6,2,26,6,899,1,2,-1,1,-1
2015440350590,2,9,0,18,0,8,0,0,7,4,3,1,6,2,43,7,1242,1,6,-1,1,-1
2015440350657,1,9,0,18,0,0,0,0,0,0,2,1,6,1,35,6,998,1,10,-1,1,-1
2015440350657,2,19,0,11,0,0,0,0,0,0,0,1,6,3,-1,-1,-1,-1,-1,-1,-1,-1
2015440350657,3,9,0,4,0,0,0,0,0,0,1,1,6,3,-1,-1,1598,1,13,-1,-1,-1
2015440350747,1,9,0,5,0,1,0,0,0,0,1,1,2,2,25,5,1248,1,5,-1,1,-1
2015440350747,2,1,0,18,0,1,0,0,0,0,3,1,4,1,12,3,-1,-1,-1,-1,1,-1
2015440350750,1,9,0,9,0,8,0,0,0,0,1,1,6,1,73,10,1560,2,7,-1,1,-1
2015440350875,1,5,0,14,0,0,0,0,0,0,4,1,2,1,26,6,649,1,4,-1,1,-1
2015440350875,2,9,0,6,0,0,0,0,0,0,3,1,6,3,-1,-1,-1,-1,-1,-1,-1,-1
2015440351043,1,1,0,18,0,8,0,0,0,0,1,1,6,2,15,3,-1,-1,-1,-1,1,-1
2015440351043,2,9,0,9,0,8,0,0,0,0,1,1,6,3,-1,-1,1398,1,15,-1,-1,-1
2015440351051,1,9,0,7,0,6,0,0,0,0,3,1,6,3,-1,-1,3199,1,15,-1,-1,-1
2015440351051,2,1,0,18,0,1,0,0,0,0,1,1,6,1,42,7,-1,-1,-1,-1,1,-1
2015440351219,1,2,0,18,0,1,0,0,0,0,4,1,6,2,16,4,49,1,9,-1,2,-1
2015440351219,2,2,0,18,0,1,0,0,0,0,3,1,6,1,16,4,50,1,-1,-1,1,-1
2015440351296,1,11,0,4,0,0,0,0,0,0,1,1,1,1,31,6,6696,2,2,-1,1,-1
2015440351529,1,9,0,18,0,0,0,0,5,6,3,1,6,2,70,10,1360,1,4,-1,1,-1
2015440351659,1,9,0,7,0,8,0,0,0,0,3,1,6,1,22,5,1598,1,8,-1,1,-1
2015440351659,2,5,0,9,0,8,0,0,0,0,1,1,6,1,42,7,738,1,24,-1,1,-1
2015440351710,1,9,0,18,0,1,0,0,0,0,3,1,1,2,43,7,2993,2,4,-1,3,-1
2015440351710,2,9,0,18,0,2,0,0,0,0,3,1,6,1,30,6,2982,2,3,-1,1,-1
2015440351865,1,1,0,18,0,8,0,0,0,0,1,1,6,1,22,5,-1,-1,-1,-1,1,-1
2015440351865,2,9,0,9,0,8,0,0,0,0,3,1,6,3,-1,-1,-1,-1,-1,-1,-1,-1
2015440352156,1,9,0,9,0,5,0,0,0,0,4,1,6,1,45,7,2435,1,14,-1,1,-1
2015440352156,2,1,0,18,0,1,0,0,0,0,1,1,6,1,22,5,-1,-1,-1,-1,1,-1
2015440352157,1,9,0,9,0,6,0,0,0,0,3,1,6,2,37,7,1149,1,12,-1,3,-1
2015440352157,2,9,0,18,0,1,0,0,0,0,1,1,1,1,21,5,1461,2,-1,-1,1,-1
2015440352174,1,11,0,5,0,8,0,0,0,0,1,1,1,2,56,9,7300,2,3,-1,1,-1
2015440352174,2,9,0,18,0,8,0,0,0,0,4,1,6,1,32,6,998,1,-1,-1,1,-1
2015440352675,1,9,0,17,0,0,0,0,1,9,1,1,6,1,17,4,1149,1,8,-1,1,-1
2015440352984,1,19,0,18,0,0,0,0,0,0,1,1,6,1,26,6,2402,2,5,-1,2,-1
2015440352984,2,1,0,18,0,0,0,0,0,0,2,1,6,1,29,6,-1,-1,-1,-1,1,-1
2015440353035,1,9,0,18,0,0,1,0,4,6,1,1,6,1,68,10,1948,1,14,-1,1,-1
2015440353035,2,9,0,18,0,0,1,0,4,6,2,1,6,1,51,8,2495,2,14,-1,1,-1
2015440353282,1,9,0,18,0,0,2,0,1,1,0,1,6,2,64,9,1991,1,19,-1,2,-1
2015440353349,1,19,0,15,0,0,2,0,2,7,3,1,6,1,52,8,1560,2,7,-1,1,-1
2015440353349,2,9,0,18,0,0,2,0,0,0,4,1,6,1,55,8,1796,1,7,-1,1,-1
2015440353455,1,5,0,18,0,8,1,0,0,0,4,1,6,1,43,7,1634,1,6,-1,2,-1
2015440353521,1,3,0,18,0,0,0,0,0,0,4,1,6,1,20,4,249,1,5,-1,1,-1
2015440353523,1,1,0,18,0,1,1,0,0,0,0,1,6,1,13,3,-1,-1,-1,-1,1,-1
2015440353524,1,9,0,5,0,8,0,0,0,0,2,1,6,1,25,5,1396,1,16,-1,1,-1
2015440353524,2,9,0,18,0,8,0,0,0,0,0,1,6,3,-1,-1,1968,2,1,-1,-1,-1
2015440353524,3,9,0,4,0,8,0,0,0,0,1,1,6,3,-1,-1,1598,2,1,-1,-1,-1
2015440353735,1,9,0,18,0,0,0,4,0,0,1,1,6,2,53,8,-1,-1,-1,-1,1,-1
2015440353735,2,9,0,18,0,0,0,0,0,3,2,1,6,3,-1,-1,1398,1,2,-1,-1,-1
2015440353855,1,9,0,18,0,0,0,0,1,10,1,1,6,1,25,5,1242,1,2,-1,1,-1
2015440353954,1,8,0,18,0,2,0,0,0,0,4,1,1,1,64,9,1560,2,-1,-1,1,-1
2015440354669,1,9,0,18,0,0,0,0,2,10,4,1,6,2,19,4,-1,-1,-1,-1,1,-1
2015440354669,2,9,0,2,0,0,0,0,0,0,2,1,6,1,51,8,2979,1,14,-1,1,-1
2015440354679,1,9,0,18,0,1,0,0,0,0,0,1,6,1,-1,-1,-1,-1,-1,-1,-1,-1
2015440354679,2,1,0,18,0,1,0,0,0,0,4,1,6,1,23,5,-1,-1,-1,-1,1,-1
2015440354738,1,9,0,2,0,0,0,0,0,0,3,1,6,1,76,11,1395,1,-1,-1,2,-1
2015440354738,2,2,0,18,0,0,0,0,0,0,1,1,6,2,28,6,49,1,11,-1,2,-1
2015440354739,1,19,0,18,0,0,0,0,0,0,1,1,2,1,76,11,1997,2,9,-1,1,-1
2015440354779,1,5,0,7,0,8,0,0,0,0,4,1,2,2,26,6,599,1,14,-1,1,-1
2015440354779,2,9,0,18,0,8,0,0,0,0,3,1,2,1,42,7,1229,1,-1,-1,1,-1
2015440354805,1,9,0,18,0,1,0,0,0,0,1,1,1,1,61,9,-1,-1,-1,-1,3,-1
2015440354805,2,19,0,18,0,1,0,0,0,0,1,1,6,1,34,6,2496,2,17,-1,3,-1
2015440354805,3,9,0,4,0,1,0,0,0,0,2,1,6,1,23,5,998,1,4,-1,1,-1
2015440354834,1,19,0,18,0,1,0,0,1,4,1,1,1,1,35,6,1560,2,-1,-1,1,-1
2015440354910,1,9,0,18,0,0,0,0,0,0,1,1,6,3,-1,-1,-1,-1,-1,-1,-1,-1
2015440354931,1,9,0,9,0,8,0,0,0,0,4,1,6,1,76,11,1584,1,9,-1,3,-1
2015440354931,2,9,0,18,0,1,0,0,0,0,1,1,6,1,30,6,1595,1,-1,-1,1,-1
2015440355232,1,97,0,13,0,0,0,0,0,0,4,1,6,3,-1,-1,-1,-1,-1,-1,-1,-1
2015440355232,2,1,0,18,0,0,0,0,0,0,3,1,6,1,50,8,-1,-1,-1,-1,1,-1
2015440355246,1,1,0,18,0,0,0,0,0,0,1,1,6,1,-1,-1,-1,-1,-1,-1,-1,-1
2015440355267,1,9,0,3,0,1,0,0,0,0,2,1,2,2,45,7,1596,1,6,-1,1,-1
2015440355267,2,9,0,18,0,1,0,0,0,0,1,1,2,3,-1,-1,1685,2,3,-1,-1,-1
2015440355307,1,9,0,18,0,1,0,0,0,0,1,1,2,1,44,7,2435,1,15,-1,1,-1
2015440355318,1,1,0,18,0,0,0,0,0,0,3,1,1,2,25,5,-1,-1,-1,-1,1,-1
2015440355318,2,9,0,18,0,0,0,0,0,0,4,1,1,1,38,7,1781,1,20,-1,1,-1
2015440355390,1,1,0,18,0,8,0,0,0,0,3,1,4,2,16,4,-1,-1,-1,-1,1,-1
2015440355390,2,9,0,9,0,8,0,0,0,0,1,1,6,3,-1,-1,1560,2,7,-1,-1,-1
2015440355409,1,9,0,9,0,8,0,0,0,0,3,1,2,1,26,6,899,1,1,-1,1,-1
2015440355409,2,9,0,18,0,8,1,0,0,0,1,1,6,2,26,6,1598,1,15,-1,3,-1
2015440355409,3,19,0,2,0,1,0,0,0,0,0,1,6,3,-1,-1,2198,2,-1,-1,-1,-1
2015440355628,1,9,0,9,0,8,0,0,0,0,1,1,6,1,22,5,1199,1,11,-1,1,-1
2015440355628,2,1,0,18,0,8,0,0,0,0,3,1,4,1,40,7,-1,-1,-1,-1,1,-1
2015440355654,1,19,0,18,0,8,0,0,0,0,1,1,6,1,-1,-1,-1,-1,-1,-1,-1,-1
2015440355654,2,1,0,18,0,8,0,0,0,0,1,1,6,1,23,5,-1,-1,-1,-1,1,-1
2015440355750,1,9,0,4,0,1,0,0,0,0,2,1,6,3,-1,-1,1399,2,5,-1,-1,-1
2015440355750,2,1,0,18,0,1,0,0,0,0,1,1,6,1,43,7,-1,-1,-1,-1,1,-1
2015440356009,1,9,0,3,0,2,0,0,0,0,2,1,6,2,37,7,1390,1,3,-1,1,-1
2015440356009,2,9,0,18,0,2,0,0,0,0,1,1,6,2,35,6,1998,1,11,-1,1,-1
2015440356045,1,1,0,18,9,8,0,0,0,0,1,1,6,2,18,4,-1,-1,-1,-1,1,-1
2015440356045,2,9,0,18,9,8,0,0,0,0,4,1,6,2,57,9,1198,1,2,-1,1,-1
2015440356194,1,9,0,4,0,0,0,0,0,0,2,1,6,3,-1,-1,-1,-1,-1,-1,-1,-1
2015440356194,2,1,0,18,0,0,0,0,0,0,1,1,6,1,52,8,-1,-1,-1,-1,1,-1
2015440356357,1,9,0,17,0,2,0,0,1,9,1,1,6,2,18,4,1198,1,12,-1,1,-1
2015440356457,1,5,0,17,0,8,1,2,0,0,1,1,6,1,34,6,899,1,16,-1,1,-1
2015440356629,1,9,0,18,0,1,0,0,0,0,1,1,2,2,25,5,1149,1,12,-1,1,-1
2015440356633,1,9,0,9,0,8,0,0,0,0,1,1,6,2,38,7,1598,1,7,-1,1,-1
2015440356688,1,9,0,18,0,8,0,0,0,0,0,1,6,2,81,11,1124,1,15,-1,1,-1
2015440356688,2,9,0,18,0,8,0,0,0,0,3,1,3,2,39,7,1598,1,15,-1,1,-1
2015440356688,3,9,0,2,0,8,0,0,0,0,1,1,6,3,-1,-1,-1,-1,-1,-1,-1,-1
2015440356709,1,9,0,18,0,0,0,0,0,0,1,1,6,2,80,11,1364,1,7,-1,2,-1
2015440356709,2,9,0,18,0,0,0,0,0,0,1,1,3,2,31,6,1968,2,6,-1,2,-1
2015440356806,1,9,0,18,0,1,0,0,0,0,1,1,6,3,-1,-1,1598,2,1,-1,-1,-1
2015440356827,1,9,0,6,0,1,0,0,0,0,2,1,6,2,67,10,1248,1,1,-1,1,-1
2015440356827,2,1,0,18,0,8,0,0,0,0,1,1,6,1,25,5,-1,-1,-1,-1,1,-1
2015440356999,1,9,0,18,0,0,2,0,5,6,3,1,6,1,22,5,1905,2,18,-1,3,-1
2015440356999,2,21,0,11,0,0,0,0,0,0,4,1,1,1,63,9,12419,2,-1,-1,3,-1
2015440356999,3,19,0,18,0,0,0,0,0,0,1,1,1,1,25,5,2402,2,4,-1,1,-1
2015440357037,1,9,0,10,0,1,0,0,0,0,2,1,2,2,52,8,1360,1,8,-1,1,-1
2015440357037,2,9,0,18,0,1,0,0,0,0,1,1,2,1,38,7,1956,2,1,-1,1,-1
2015440357113,1,9,0,10,0,1,0,0,0,0,2,1,6,1,58,9,1598,2,-1,-1,1,-1
2015440357113,2,21,0,18,0,1,0,0,0,0,1,1,1,1,44,7,12740,2,-1,-1,1,-1
2015440357164,1,9,0,13,0,0,0,0,0,0,1,1,6,2,69,10,1298,1,12,-1,3,-1
2015440357164,2,9,0,18,0,0,2,0,1,0,1,1,6,1,42,7,1896,2,13,-1,3,-1
2015440357282,1,9,0,9,0,8,0,0,0,0,3,1,6,2,53,8,1598,1,10,-1,1,-1
2015440357282,2,3,0,13,0,8,0,0,0,0,4,1,6,1,21,5,124,1,-1,-1,1,-1
2015440357302,1,9,0,18,0,8,0,0,0,0,2,1,2,2,24,5,1124,1,6,-1,1,-1
2015440357302,2,9,0,18,0,8,0,0,0,0,1,1,2,1,-1,-1,1896,2,15,-1,-1,-1
2015440357364,1,5,0,18,0,0,1,0,7,0,3,1,1,1,57,9,647,1,14,-1,1,-1
2015440357364,2,19,0,18,0,0,0,0,0,0,3,1,1,1,32,6,2198,2,-1,-1,1,-1
2015440357370,1,9,0,9,0,8,0,0,0,0,1,1,6,2,-1,-1,1242,1,6,-1,-1,-1
2015440357370,2,1,0,7,0,8,0,0,0,0,3,1,6,2,35,6,-1,-1,-1,-1,1,-1
2015440357391,1,2,0,18,0,8,0,0,0,0,1,1,6,1,21,5,49,1,6,-1,1,-1
2015440357391,2,9,0,9,0,8,0,0,0,0,3,1,6,2,25,5,1149,1,1,-1,1,-1
2015440357448,1,9,0,18,0,8,0,0,0,0,3,1,2,2,33,6,1497,1,11,-1,1,-1
2015440357448,2,11,0,18,0,8,0,0,0,0,1,1,1,1,54,8,9000,2,11,-1,1,-1
2015440357527,1,9,0,18,0,8,0,0,1,0,3,1,6,2,34,6,1968,2,8,-1,2,-1
2015440357527,2,9,0,18,0,8,0,0,0,0,4,1,2,1,34,6,1968,2,8,-1,2,-1
2015440357700,1,9,0,9,0,8,0,0,0,0,4,1,6,1,26,6,1242,1,2,-1,1,-1
2015440357700,2,5,0,18,0,1,0,0,0,0,1,1,6,1,22,5,645,1,10,-1,1,-1
2015440357752,1,5,0,13,0,0,0,0,0,0,0,1,6,1,22,5,645,1,10,-1,1,-1
2015440357752,2,9,0,18,0,0,1,0,1,4,1,1,6,1,22,5,1968,2,7,-1,1,-1
2015440357752,3,19,0,18,0,0,1,0,0,0,1,1,6,1,42,7,1994,1,23,-1,1,-1
2015440357882,1,9,0,9,0,8,0,0,0,0,4,1,6,1,31,6,1968,2,6,-1,1,-1
2015440357882,2,9,0,18,0,8,0,0,0,0,1,1,1,2,53,8,1248,1,5,-1,1,-1
2015440357893,1,9,0,5,0,8,0,0,0,0,3,1,2,1,32,6,1781,1,12,-1,1,-1
2015440357893,2,5,0,17,0,8,0,0,0,0,1,1,2,1,28,6,599,1,21,-1,1,-1
2015440358216,1,9,0,18,0,1,0,0,0,0,2,1,6,2,43,7,1198,1,6,-1,1,-1
2015440358216,2,9,0,18,0,1,0,0,0,0,1,1,1,1,61,9,1997,2,9,-1,3,-1
2015440358227,1,9,0,1,0,2,0,0,0,0,4,1,6,3,-1,-1,-1,-1,-1,-1,-1,-1
2015440358227,2,1,0,18,0,2,0,0,0,0,4,1,6,1,20,4,-1,-1,-1,-1,3,-1
2015440358762,1,5,0,5,0,8,0,0,0,0,4,1,2,1,48,8,899,1,15,-1,3,-1
2015440358967,1,9,0,14,0,8,0,0,0,0,1,1,6,2,44,7,2143,2,5,-1,2,-1
2015440358967,2,9,0,14,0,8,0,0,0,0,3,1,6,1,58,9,1910,2,5,-1,1,-1
2015440358967,3,21,0,2,0,8,0,0,0,0,2,2,1,1,54,8,-1,-1,-1,-1,-1,-1
2015440359001,1,9,0,7,0,8,0,0,0,0,2,1,6,1,79,11,1896,2,9,-1,1,-1
2015440359001,2,9,0,18,0,8,0,0,0,0,1,1,6,1,35,6,1495,1,19,-1,1,-1
2015440359028,1,9,0,7,0,8,5,0,8,11,1,1,6,1,18,4,1199,1,13,-1,1,-1
2015440359057,1,9,0,16,0,0,0,0,5,6,3,1,6,1,50,8,1995,2,1,-1,1,-1
2015440359107,1,9,0,18,0,0,1,0,1,11,1,1,6,1,42,7,1124,1,10,-1,1,-1
2015440359405,1,9,0,9,0,0,0,0,0,0,3,1,6,1,37,7,1781,1,17,-1,1,-1
2015440359405,2,9,0,18,0,0,0,0,0,0,1,1,6,1,28,6,2521,1,5,-1,1,-1
2015440359466,1,9,0,18,0,0,0,0,7,11,1,1,6,2,31,6,1753,2,13,-1,1,-1
2015440359617,1,9,0,9,0,8,0,0,0,0,4,1,6,1,83,11,1386,1,7,-1,1,-1
2015440359617,2,5,0,18,0,8,0,0,0,0,1,1,6,1,30,6,646,1,10,-1,1,-1
2015440359798,1,9,0,5,0,6,0,0,3,2,3,1,6,2,73,10,1796,1,7,-1,1,-1
2015440359798,2,9,0,18,0,1,0,0,0,0,1,1,6,1,66,10,3996,1,15,-1,1,-1
2015440359868,1,9,0,1,0,6,0,0,0,0,1,1,1,1,43,7,2993,2,5,-1,1,-1
2015440359868,2,9,0,18,0,1,0,0,0,0,1,1,1,2,23,5,1229,1,2,-1,1,-1
2015440359868,3,9,0,2,0,1,0,0,0,0,2,1,6,2,43,7,2720,2,8,-1,-1,-1
2015440359949,1,1,0,18,0,1,0,0,1,10,1,1,6,1,26,6,-1,-1,-1,-1,1,-1
2015440360022,1,5,0,16,0,0,1,0,0,0,1,1,6,1,18,4,599,1,17,-1,3,-1
2015440360022,2,9,0,4,0,0,0,0,0,0,2,1,6,1,55,8,1388,1,8,-1,1,-1
2015440360041,1,1,0,18,0,0,1,0,0,0,1,1,6,1,53,8,-1,-1,-1,-1,1,-1
2015440360053,1,9,0,18,0,1,0,0,0,0,3,1,6,2,32,6,1149,1,3,-1,1,-1
2015440360053,2,9,0,9,0,8,0,0,0,0,1,1,6,2,49,8,1796,1,13,-1,1,-1
2015440360188,1,9,0,9,0,8,0,0,0,0,4,1,6,1,31,6,1396,1,11,-1,1,-1
2015440360188,2,9,0,18,0,8,0,0,0,0,1,1,6,1,60,9,1968,2,10,-1,1,-1
2015440360215,1,9,0,17,0,2,5,10,0,0,4,1,2,1,29,6,1598,1,11,-1,1,-1
2015440360303,1,9,0,18,0,0,0,0,0,0,2,1,6,2,44,7,1389,1,12,-1,1,-1
2015440360303,2,3,0,18,0,0,0,0,0,0,1,1,6,1,33,6,124,1,1,-1,1,-1
2015440360548,1,9,0,18,0,1,0,0,7,2,1,1,6,1,82,11,1796,1,7,-1,1,-1
2015440360772,1,9,0,3,0,1,0,0,0,0,2,1,6,2,18,4,1242,1,9,-1,1,-1
2015440360772,2,9,0,18,0,1,1,0,0,0,1,1,6,1,25,5,1985,1,12,-1,-1,-1
2015440360795,1,9,0,18,0,1,0,0,0,0,1,1,6,2,43,7,1896,2,13,-1,1,-1
2015440360795,2,9,0,7,0,6,0,0,0,0,1,1,6,1,52,8,1422,2,-1,-1,-1,-1
2015440360823,1,9,0,18,0,0,0,0,0,0,1,1,6,1,72,10,2231,2,7,-1,1,-1
2015440360823,2,9,0,18,0,0,0,0,0,0,2,1,6,1,40,7,1988,1,14,-1,1,-1
2015440360836,1,9,0,2,0,0,0,0,0,0,1,1,6,2,46,8,1968,2,8,-1,1,-1
2015440360836,2,9,0,1,0,0,0,0,0,0,2,1,6,3,-1,-1,1461,2,2,-1,-1,-1
2015440360863,1,4,0,18,0,0,1,0,0,0,4,1,6,1,67,10,-1,-1,-1,-1,1,-1
2015440360863,2,4,0,18,0,0,0,0,0,0,0,1,6,1,31,6,398,1,12,-1,1,-1
2015440360913,1,19,0,9,0,8,0,0,0,0,3,1,1,1,27,6,2198,2,-1,-1,1,-1
2015440360913,2,9,0,13,0,1,0,0,7,0,1,1,6,1,18,4,1390,1,17,-1,1,-1
2015440360939,1,9,0,18,0,0,0,0,0,0,1,1,6,2,25,5,1390,1,14,-1,1,-1
2015440360939,2,19,0,4,0,0,0,0,0,0,4,1,6,1,56,9,1248,2,5,-1,1,-1
2015440360939,3,9,0,4,0,0,0,0,0,0,3,1,6,3,-1,-1,3199,1,12,-1,-1,-1
2015440360939,4,9,0,4,0,0,0,0,0,0,4,1,6,1,44,7,1995,2,4,-1,3,-1
2015440360939,5,9,0,4,0,0,0,0,0,0,3,1,6,3,-1,-1,1997,1,3,-1,-1,-1
2015440360939,6,9,0,4,0,0,0,0,0,0,2,1,6,3,-1,-1,1560,2,2,-1,-1,-1
2015440360939,7,19,0,4,0,0,0,0,0,0,2,1,6,3,-1,-1,2402,2,9,-1,-1,-1
2015440361149,1,17,0,18,0,2,0,0,1,0,3,1,1,1,28,6,-1,2,1,-1,1,-1
2015440361149,2,9,0,18,0,1,0,0,1,0,3,1,6,1,23,5,1461,2,-1,-1,1,-1
2015440361299,1,9,0,18,0,1,1,0,0,0,3,1,6,1,32,6,-1,-1,-1,-1,1,-1
2015440361299,2,9,0,9,0,6,0,0,0,0,1,1,6,1,32,6,1769,1,13,-1,1,-1
2015440361300,1,9,0,9,0,8,0,0,0,0,3,1,6,1,59,9,1590,1,12,-1,1,-1
2015440361300,2,1,0,18,0,1,0,0,0,0,1,1,6,1,55,8,-1,-1,-1,-1,1,-1
2015440361654,1,9,0,17,0,0,1,0,7,11,4,1,6,1,20,4,1598,1,9,-1,-1,-1
2015440361998,1,19,0,6,0,2,0,0,0,0,4,1,1,1,46,8,2500,2,15,-1,1,-1