Accident_Index,Vehicle_Reference,Vehicle_Type,Towing_and_Articulation,Vehicle_Manoeuvre,Vehicle_Location-Restricted_Lane,Junction_Location,Skidding_and_Overturning,Hit_Object_in_Carriageway,Vehicle_Leaving_Carriageway,Hit_Object_off_Carriageway,1st_Point_of_Impact,Was_Vehicle_Left_Hand_Drive?,Journey_Purpose_of_Driver,Sex_of_Driver,Age_of_Driver,Age_Band_of_Driver,Engine_Capacity_(CC),Propulsion_Code,Age_of_Vehicle,Driver_IMD_Decile,Driver_Home_Area_Type,Vehicle_IMD_Decile
2015440361998,2,9,0,18,0,1,0,0,0,0,1,1,6,1,49,8,1984,1,21,-1,1,-1
2015440362032,1,9,0,15,0,1,0,0,7,11,1,1,6,1,25,5,1149,1,14,-1,-1,-1
2015440362032,2,9,0,18,0,1,1,0,0,0,1,1,6,2,60,9,1996,1,14,-1,1,-1
2015440362032,3,19,0,18,0,8,0,0,0,0,0,1,6,3,-1,-1,-1,-1,-1,-1,-1,-1
2015440362070,1,97,0,18,0,0,0,0,0,0,1,1,6,1,17,4,125,1,-1,-1,2,-1
2015440362070,2,9,0,4,0,0,0,0,0,0,2,1,6,1,68,10,1685,2,1,-1,1,-1
2015440362082,1,9,0,18,0,0,0,0,0,0,3,1,6,2,29,6,1399,1,8,-1,1,-1
2015440362082,2,19,0,5,0,0,0,0,0,0,1,1,6,1,45,7,2151,2,14,-1,-1,-1
2015440362085,1,3,0,13,0,8,0,0,0,0,4,1,6,1,53,8,-1,-1,-1,-1,1,-1
2015440362085,2,21,1,6,0,8,0,0,0,0,1,1,1,1,42,7,-1,-1,-1,-1,-1,-1
2015440362286,1,9,0,2,2,0,0,0,0,0,2,1,6,2,40,7,1199,1,13,-1,1,-1
2015440362286,2,1,0,18,2,0,0,0,0,0,1,1,6,1,56,9,-1,-1,-1,-1,1,-1
2015440362588,1,9,0,18,0,0,0,0,0,0,1,1,6,2,23,5,1390,1,6,-1,1,-1
2015440362588,2,9,0,2,0,0,0,0,0,0,2,1,6,3,-1,-1,2148,2,10,-1,-1,-1
2015440362748,1,9,0,9,0,8,0,0,0,0,1,1,1,2,51,8,1598,1,7,-1,1,-1
2015440362748,2,9,0,18,0,8,0,0,0,0,1,1,6,2,71,10,-1,-1,-1,-1,1,-1
2015440362838,1,1,0,18,0,0,0,0,0,0,4,1,2,1,52,8,-1,-1,-1,-1,1,-1
2015440362838,2,9,0,18,0,0,0,0,0,0,1,1,2,1,52,8,-1,-1,-1,-1,2,-1
2015440362980,1,19,0,1,0,0,0,0,1,9,4,1,2,1,34,6,2299,2,1,-1,1,-1
2015440362980,2,97,0,18,0,0,0,0,0,0,0,1,6,3,-1,-1,-1,-1,-1,-1,-1,-1
2015440363106,1,9,0,18,0,8,0,0,0,0,1,1,6,1,76,11,1199,1,13,-1,1,-1
2015440363106,2,9,0,18,0,8,0,0,0,0,2,1,6,2,63,9,1390,1,11,-1,3,-1
2015440363227,1,9,0,18,0,8,0,10,7,10,1,1,6,1,85,11,1248,1,3,-1,1,-1
2015440363285,1,9,0,18,0,2,5,0,7,11,1,1,6,1,29,6,1796,1,13,-1,1,-1
2015440363558,1,9,0,18,0,0,0,0,0,0,1,1,6,2,39,7,1598,1,9,-1,1,-1
2015440363558,2,9,0,18,0,0,0,0,0,0,2,1,6,1,66,10,1498,1,4,-1,1,-1
2015440363573,1,1,0,18,0,0,0,0,1,0,3,1,6,1,35,6,-1,-1,-1,-1,1,-1
2015440363573,2,19,0,18,0,0,0,0,0,0,4,1,6,3,-1,-1,-1,-1,-1,-1,-1,-1
2015440363613,1,19,0,9,0,8,0,0,0,0,4,1,1,1,24,5,2143,2,2,-1,3,-1
2015440363613,2,9,0,18,0,8,0,0,0,0,1,1,6,2,49,8,1596,1,13,-1,1,-1
2015440363688,1,9,0,18,0,0,2,0,5,6,2,1,6,1,77,11,1896,2,12,-1,1,-1
2015440363688,2,9,0,18,0,0,1,0,0,0,1,1,6,3,-1,-1,1598,1,3,-1,-1,-1
2015440363726,1,9,0,9,0,8,0,0,0,0,1,1,6,1,31,6,1560,2,9,-1,1,-1
2015440363726,2,2,0,17,0,8,0,0,0,0,1,1,6,1,16,4,49,1,-1,-1,1,-1
2015440363940,1,1,0,9,0,8,0,0,0,0,3,1,6,1,69,10,-1,-1,-1,-1,2,-1
2015440363940,2,9,0,16,0,8,0,0,0,0,1,1,2,1,25,5,2204,2,7,-1,3,-1
2015440363981,1,9,0,16,0,8,1,0,0,0,3,1,6,2,45,7,1199,1,14,-1,-1,-1
2015440363981,2,9,0,9,0,8,0,0,0,0,1,1,6,2,21,5,1242,1,4,-1,1,-1
2015440363986,1,1,0,9,0,1,0,0,0,0,2,1,6,1,22,5,-1,-1,-1,-1,1,-1
2015440363986,2,9,0,18,0,1,0,0,0,0,1,1,6,1,-1,-1,1527,2,15,-1,-1,-1
2015440364325,1,9,0,18,0,8,0,0,0,0,4,1,6,3,-1,-1,1999,1,3,-1,-1,-1
2015440364325,2,1,0,18,0,8,0,0,0,0,2,1,6,1,11,3,-1,-1,-1,-1,1,-1
2015440364357,1,9,0,18,0,0,1,0,0,0,1,1,6,1,28,6,1910,2,7,-1,2,-1
2015440364357,2,9,0,18,0,0,1,0,0,0,1,1,6,1,21,5,1840,1,16,-1,3,-1
2015440364357,3,9,0,18,0,0,0,0,0,0,1,1,6,1,20,4,1595,1,28,-1,3,-1
2015440364426,1,9,0,1,0,0,0,0,0,0,2,1,6,1,17,4,1229,1,9,-1,1,-1
2015440364426,2,9,0,18,0,0,0,0,0,0,1,1,3,1,21,5,-1,-1,-1,-1,1,-1
2015440364433,1,19,0,7,0,5,0,0,0,0,3,1,1,1,27,6,2198,2,6,-1,1,-1
2015440364433,2,1,0,18,0,8,1,0,0,0,1,1,2,1,22,5,-1,-1,-1,-1,1,-1
2015440364591,1,9,0,9,0,8,0,0,0,0,1,1,6,1,52,8,2987,2,9,-1,1,-1
2015440364591,2,9,0,16,0,8,0,0,0,0,1,1,6,1,62,9,4164,2,21,-1,1,-1
2015440364591,3,9,0,17,0,8,0,0,0,0,1,1,6,2,53,8,1599,1,9,-1,-1,-1
2015440364608,1,9,0,1,0,0,0,0,0,0,2,1,6,1,30,6,-1,-1,-1,-1,1,-1
2015440364708,1,21,0,18,0,0,0,0,1,0,3,1,1,1,40,7,4500,2,-1,-1,1,-1
2015440364708,2,20,0,18,0,0,0,0,0,0,4,1,6,3,-1,-1,-1,-1,-1,-1,-1,-1
2015440364955,1,1,0,14,0,0,0,0,0,0,1,1,2,1,25,5,-1,-1,-1,-1,1,-1
2015440364955,2,9,0,2,0,0,0,0,0,0,3,1,6,2,21,5,-1,-1,-1,-1,1,-1
2015440365044,1,9,0,4,0,1,0,0,0,0,1,1,2,2,18,4,1349,1,7,-1,1,-1
2015440365066,1,9,0,4,0,1,0,0,0,0,2,1,6,2,20,4,-1,-1,-1,-1,-1,-1
2015440365066,2,9,0,18,0,1,0,0,0,0,1,1,6,3,-1,-1,1951,2,14,-1,-1,-1
2015440365083,1,5,0,18,0,1,0,0,0,0,1,1,2,1,51,8,955,1,15,-1,1,-1
2015440365083,2,9,0,4,0,1,0,0,0,0,2,1,2,1,31,6,1686,2,5,-1,1,-1
2015440365117,1,9,0,18,0,1,0,0,0,0,1,1,6,1,-1,-1,-1,-1,-1,-1,-1,-1
2015440365117,2,1,0,18,0,1,0,0,0,0,4,1,6,1,14,3,-1,-1,-1,-1,1,-1
2015440365127,1,9,0,18,0,0,0,7,0,0,1,1,6,1,86,11,2000,2,11,-1,1,-1
2015440365176,1,9,0,18,0,0,0,0,0,0,1,1,6,3,-1,-1,-1,-1,-1,-1,-1,-1
2015440365242,1,9,0,18,0,0,0,7,0,0,1,1,6,2,18,4,1360,1,13,-1,1,-1
2015440365301,1,9,0,5,0,8,0,0,0,0,3,1,6,1,65,9,1497,1,15,-1,3,-1
2015440365301,2,9,0,18,0,8,0,0,0,0,1,1,2,1,36,7,1997,2,12,-1,1,-1
2015440365435,1,9,0,18,0,0,0,0,0,0,1,1,6,1,45,7,1781,1,13,-1,1,-1
2015440365435,2,9,0,3,0,0,0,0,0,0,2,1,6,1,41,7,1560,2,3,-1,1,-1
2015440365479,1,3,0,18,0,8,0,0,0,0,4,1,6,1,20,4,125,1,7,-1,3,-1
2015440365479,2,9,0,18,0,8,0,0,2,4,2,1,6,1,56,9,1368,1,6,-1,2,-1
2015440365543,1,9,0,18,0,8,0,0,0,0,1,1,6,1,35,6,1397,1,14,-1,1,-1
2015440365543,2,9,0,9,0,8,0,0,0,0,3,1,6,1,55,8,-1,-1,-1,-1,1,-1
2015440365559,1,20,0,11,0,1,0,0,0,0,0,1,1,1,34,6,6700,2,1,-1,1,-1
2015440365559,2,5,0,18,0,1,0,0,0,0,0,1,2,1,57,9,1084,1,20,-1,1,-1
2015440365644,1,9,0,9,0,2,0,0,0,0,1,1,3,1,32,6,2993,2,4,-1,1,-1
2015440365712,1,9,0,16,0,0,1,0,6,0,1,1,2,1,19,4,-1,-1,-1,-1,1,-1
2015440365712,2,9,0,18,0,0,1,0,6,0,4,1,2,2,31,6,1396,1,5,-1,1,-1
2015440365712,3,9,0,18,0,0,0,0,1,1,1,1,1,1,39,7,1968,2,8,-1,1,-1
2015440365820,1,1,0,18,0,1,0,0,0,0,1,1,2,1,32,6,-1,-1,-1,-1,1,-1
2015440365820,2,9,0,7,0,8,0,0,0,0,4,1,6,1,-1,-1,1910,2,10,-1,-1,-1
2015440365864,1,9,0,1,0,1,0,0,0,0,2,1,6,1,-1,-1,-1,-1,-1,-1,-1,-1
2015440366103,1,9,0,16,0,0,0,0,7,4,1,1,6,1,17,4,1240,1,5,-1,1,-1
2015440366164,1,9,0,12,0,8,0,0,1,1,1,1,6,2,66,10,998,1,1,-1,1,-1
2015440366164,2,19,0,18,0,8,0,0,0,0,3,1,1,1,28,6,2402,2,7,-1,2,-1
2015440366558,1,9,0,18,0,1,0,0,0,0,4,1,6,1,33,6,1499,2,-1,-1,-1,-1
2015440366595,1,9,0,18,0,0,1,0,0,0,1,1,6,1,34,6,1761,1,17,-1,1,-1
2015440366595,2,9,0,5,0,0,0,0,0,0,4,1,6,2,43,7,2496,2,11,-1,1,-1
2015440366595,3,9,0,2,0,0,0,0,0,0,3,1,6,3,-1,-1,1749,1,14,-1,-1,-1
2015440366595,4,9,0,2,0,0,0,0,0,0,3,1,6,1,22,5,1229,1,1,-1,1,-1
2015440366595,5,9,0,2,0,0,0,0,0,0,3,1,6,3,-1,-1,-1,-1,-1,-1,-1,-1
2015440366595,6,9,0,2,0,0,0,0,0,0,3,1,6,3,-1,-1,2488,2,8,-1,-1,-1
2015440366616,1,9,0,4,0,0,0,0,0,0,2,1,6,1,25,5,1598,2,-1,-1,2,-1
2015440366616,2,9,0,4,0,0,0,0,0,0,2,1,6,1,39,7,1896,2,7,-1,1,-1
2015440366616,3,19,0,4,0,0,0,0,0,0,2,1,6,1,52,8,1560,2,-1,-1,1,-1
2015440366616,4,9,0,4,0,0,0,0,0,0,1,1,6,1,44,7,1598,1,4,-1,1,-1
2015440366623,1,9,0,9,0,8,0,0,0,0,3,1,6,1,57,9,2495,1,13,-1,1,-1
2015440366623,2,19,0,18,0,8,0,0,0,0,3,1,6,1,32,6,1753,2,14,-1,1,-1
2015440366627,1,9,0,4,0,0,0,0,0,0,2,1,3,2,41,7,1596,1,4,-1,3,-1
2015440366627,2,9,0,18,0,0,0,0,0,0,1,1,2,2,-1,-1,1598,1,2,-1,1,-1
2015440366648,1,9,0,12,0,2,0,0,0,0,3,1,6,2,22,5,1360,1,14,-1,1,-1
2015440366648,2,9,0,18,0,2,0,0,7,7,4,1,6,2,29,6,1198,1,2,-1,1,-1
2015440366837,1,3,0,18,0,0,1,0,0,0,1,1,6,1,36,7,124,1,2,-1,1,-1
2015440366837,2,9,0,1,0,0,0,0,0,0,2,1,6,3,-1,-1,1781,1,13,-1,-1,-1
2015440366883,1,9,0,6,0,0,0,0,0,0,3,1,2,2,42,7,1242,1,4,-1,1,-1
2015440366883,2,1,0,13,0,0,0,0,0,0,1,1,2,1,46,8,-1,-1,-1,-1,1,-1
2015440366903,1,9,0,18,0,8,0,0,0,0,1,1,2,1,49,8,2184,2,1,-1,3,-1
2015440366903,2,9,0,9,0,8,0,0,0,0,4,1,2,2,48,8,1596,1,16,-1,1,-1
2015440366949,1,9,0,9,0,8,0,0,0,0,1,1,3,1,74,10,2967,2,9,-1,1,-1
2015440366949,2,97,0,18,0,8,0,0,0,0,4,1,2,1,37,7,599,1,13,-1,2,-1
2015440367018,1,2,0,9,0,8,0,0,0,0,1,1,2,2,27,6,50,1,2,-1,1,-1
2015440367018,2,9,0,18,0,8,0,0,0,0,3,1,6,2,72,10,1490,1,10,-1,3,-1
2015440367079,1,9,0,16,0,0,1,0,7,9,3,1,2,1,25,5,1596,1,11,-1,1,-1
2015440367190,1,9,0,18,0,8,0,0,7,0,1,1,6,2,31,6,1242,1,15,-1,2,-1
2015440367190,2,9,0,18,0,8,0,0,7,0,1,1,2,1,38,7,1968,2,6,-1,1,-1
2015440367566,1,9,0,4,0,0,0,0,0,0,3,1,6,1,77,11,1461,2,8,-1,1,-1
2015440367566,2,9,0,18,0,0,0,0,0,0,3,1,3,2,44,7,1596,1,9,-1,1,-1
2015440367725,1,9,0,18,0,0,1,0,0,0,1,1,2,1,37,7,2597,1,13,-1,1,-1
2015440367725,2,9,0,4,0,0,1,0,0,0,2,1,2,2,44,7,1910,2,9,-1,1,-1
2015440367725,3,9,0,4,0,0,0,0,0,0,2,1,2,2,51,8,1598,1,1,-1,1,-1
2015440367769,1,9,0,18,0,0,0,0,0,0,4,1,2,2,22,5,998,1,-1,-1,-1,-1
2015440367801,1,1,0,17,0,8,0,0,0,0,1,1,6,1,17,4,-1,-1,-1,-1,1,-1
2015440367801,2,97,0,5,0,8,0,0,0,0,3,1,6,3,-1,-1,-1,-1,-1,-1,-1,-1
2015440367873,1,19,0,1,0,8,0,0,0,0,3,1,1,1,55,8,-1,-1,-1,-1,1,-1
2015440367873,2,9,0,18,0,8,1,0,0,0,1,1,6,2,70,10,1339,1,8,-1,3,-1
2015440367993,1,9,0,18,0,1,0,0,0,0,1,1,6,2,51,8,1390,1,1,-1,3,-1
2015440367993,2,9,0,18,0,1,0,0,0,0,2,1,1,1,34,6,2149,2,8,-1,1,-1
2015440368023,1,19,0,16,0,0,0,0,1,10,1,1,6,1,20,4,1868,2,14,-1,1,-1
2015440368074,1,9,0,18,0,0,0,0,0,0,4,1,6,1,59,9,1797,8,4,-1,1,-1
2015440368288,1,11,0,4,0,0,0,0,0,0,4,1,1,1,33,6,8268,2,9,-1,1,-1
2015440368290,1,9,0,16,0,2,5,0,4,4,3,1,3,2,34,6,796,1,12,-1,1,-1
2015440368309,1,9,0,9,0,8,0,0,0,0,1,1,2,1,66,10,998,1,1,-1,1,-1
2015440368309,2,5,0,13,0,8,0,0,0,0,4,1,1,1,47,8,647,1,22,-1,2,-1
2015440368493,1,1,0,9,0,1,0,0,0,0,4,1,6,2,61,9,-1,-1,-1,-1,1,-1
2015440368493,2,9,0,9,0,1,0,0,0,0,3,1,6,3,-1,-1,-1,-1,-1,-1,-1,-1
2015440368565,1,1,0,18,0,0,0,4,0,0,1,1,6,1,21,5,-1,-1,-1,-1,1,-1
2015440368565,2,9,0,2,0,0,0,0,0,0,1,1,6,3,-1,-1,-1,-1,-1,-1,-1,-1
2015440368578,1,9,0,18,0,0,0,0,0,0,1,1,6,2,52,8,996,1,6,-1,1,-1
2015440368716,1,1,0,9,0,8,0,0,0,0,1,1,2,1,18,4,-1,-1,-1,-1,1,-1
2015440368716,2,9,0,7,0,4,0,0,0,0,3,1,6,3,-1,-1,-1,-1,-1,-1,-1,-1
2015440368924,1,9,0,7,0,8,0,0,0,0,4,1,6,1,-1,-1,998,1,1,-1,-1,-1
2015440368924,2,1,0,18,0,1,0,0,0,0,1,1,6,1,25,5,-1,-1,-1,-1,1,-1
2015440368944,1,1,0,18,0,8,0,0,0,0,3,1,6,1,32,6,-1,-1,-1,-1,1,-1
2015440368944,2,20,0,18,0,8,0,0,0,0,1,1,6,3,-1,-1,-1,-1,-1,-1,-1,-1
2015440369010,1,9,0,9,0,8,0,0,1,0,0,1,6,1,23,5,-1,-1,-1,-1,1,-1
2015440369010,2,9,0,11,0,8,0,0,0,0,0,1,6,3,-1,-1,2188,2,9,-1,-1,-1
2015440369036,1,9,0,9,0,8,0,0,0,0,4,1,6,2,64,9,1968,2,9,-1,3,-1
2015440369036,2,2,0,18,0,1,0,0,0,0,1,1,6,1,16,4,49,1,4,-1,1,-1
2015440369121,1,1,0,14,0,0,0,0,0,0,4,1,6,1,22,5,-1,-1,-1,-1,1,-1
2015440369121,2,9,0,2,0,0,0,0,0,0,1,1,1,3,-1,-1,-1,-1,-1,-1,-1,-1
2015440369157,1,9,0,5,0,8,0,0,0,0,1,1,6,1,69,10,1331,1,20,-1,1,-1
2015440369157,2,9,0,9,0,8,0,0,0,0,3,1,6,1,29,6,1796,1,16,-1,1,-1
2015440369350,1,9,0,18,0,0,0,0,0,0,4,1,6,3,-1,-1,-1,-1,-1,-1,-1,-1
2015440369408,1,9,0,4,0,1,0,0,0,0,2,1,6,2,25,5,2477,2,11,-1,1,-1
2015440369408,2,9,0,18,0,1,0,0,0,0,1,1,6,3,-1,-1,-1,-1,-1,-1,-1,-1
2015440369587,1,9,0,18,0,0,0,0,0,0,4,1,6,1,31,6,1800,1,16,-1,1,-1
2015440369871,1,9,0,18,0,0,0,0,0,0,1,1,6,1,25,5,1242,1,4,-1,1,-1
2015440369883,1,9,0,9,0,8,0,0,0,0,1,1,6,1,32,6,4367,2,-1,-1,1,-1
2015440369883,2,1,0,18,0,8,0,0,0,0,3,1,6,1,60,9,-1,-1,-1,-1,1,-1
2015440369920,1,9,0,18,0,0,1,0,0,0,1,1,6,2,41,7,1997,2,10,-1,1,-1
2015440370244,1,9,0,7,0,8,0,0,0,0,4,1,2,2,44,7,1798,1,5,-1,2,-1
2015440370289,1,9,0,9,0,8,0,0,0,0,4,1,6,1,19,4,1368,1,2,-1,1,-1
2015440370289,2,9,0,18,0,8,0,0,0,0,1,1,6,1,18,4,1229,1,3,-1,1,-1
2015440370364,1,9,0,9,0,8,0,0,0,0,0,1,6,3,-1,-1,-1,-1,-1,-1,-1,-1
2015440370364,2,3,0,18,0,8,0,0,0,0,0,1,1,1,26,6,125,1,-1,-1,1,-1
2015440370426,1,9,0,17,0,0,0,0,1,2,1,1,6,2,21,5,998,1,12,-1,1,-1
2015440370519,1,9,0,18,0,1,1,10,2,2,1,1,2,1,54,8,1398,1,14,-1,1,-1
2015440370550,1,9,0,18,0,2,1,0,0,0,1,1,6,1,34,6,2969,1,24,-1,1,-1
2015440370550,2,9,0,18,0,1,0,0,0,0,1,1,6,2,47,8,1086,1,10,-1,1,-1
2015440370636,1,9,0,18,0,0,5,0,1,11,4,1,6,1,31,6,1999,1,14,-1,1,-1
2015440370771,1,9,0,13,0,0,1,0,5,6,1,1,2,2,24,5,1229,1,4,-1,1,-1
2015440370830,1,9,0,16,0,2,1,0,1,0,0,1,6,2,47,8,3400,6,14,-1,1,-1
2015440370991,1,9,0,17,0,0,2,0,7,4,1,1,6,1,78,11,998,1,-1,-1,1,-1
2015440371078,1,9,0,5,0,8,0,0,0,0,2,1,6,1,24,5,1242,1,11,-1,1,-1
2015440371078,2,2,0,18,0,8,0,0,0,0,1,1,6,2,20,4,49,1,2,-1,1,-1
2015440371509,1,9,0,16,0,0,0,0,0,0,1,1,6,3,-1,-1,-1,-1,-1,-1,-1,-1
2015440371641,1,9,0,9,0,8,0,0,0,0,0,1,6,1,29,6,1360,1,5,-1,1,-1
2015440371648,1,9,0,18,0,8,0,0,0,0,1,1,6,1,20,4,1796,1,8,-1,1,-1
2015440371648,2,9,0,7,0,8,0,0,0,0,1,1,6,1,19,4,1390,1,13,-1,1,-1
2015440372016,1,1,0,18,0,8,0,0,0,0,2,1,2,2,31,6,-1,-1,-1,-1,1,-1
2015440372016,2,21,1,18,0,8,0,0,0,0,1,1,1,3,-1,-1,11967,2,2,-1,-1,-1
2015440372055,1,9,0,18,0,0,0,0,0,0,3,1,6,1,-1,-1,-1,-1,-1,-1,-1,-1
2015440372457,1,9,0,18,0,1,0,0,0,0,2,1,6,2,19,4,1388,1,13,-1,1,-1
2015440372457,2,9,0,18,0,1,0,0,0,0,1,1,6,3,-1,-1,1461,2,-1,-1,-1,-1
2015440372657,1,9,0,18,0,0,0,0,0,0,4,1,6,2,28,6,1229,1,4,-1,1,-1
2015440372657,2,21,0,18,0,0,0,0,0,0,3,1,1,1,30,6,-1,-1,-1,-1,-1,-1
2015440372667,1,9,0,9,0,8,0,0,0,0,4,1,6,1,22,5,998,1,12,-1,1,-1
2015440372667,2,1,0,15,0,8,0,0,0,0,1,1,6,1,24,5,-1,-1,-1,-1,1,-1
2015440372671,1,9,0,4,0,0,0,0,0,0,2,1,2,2,48,8,1598,1,3,-1,-1,-1
2015440372671,2,9,0,4,0,0,0,0,0,0,1,1,2,1,54,8,1596,1,10,-1,1,-1
2015440372671,3,9,0,4,0,0,0,0,0,0,1,1,2,1,27,6,1198,1,-1,-1,1,-1
2015440372671,4,9,0,4,0,0,0,0,0,0,1,1,2,1,33,6,1896,2,9,-1,1,-1
2015440372675,1,1,0,18,0,8,0,0,0,0,1,1,2,1,47,8,-1,-1,-1,-1,1,-1
2015440372675,2,9,0,7,0,8,0,0,0,0,3,1,6,3,-1,-1,-1,-1,-1,-1,-1,-1
2015440372680,1,9,0,9,0,8,0,0,0,0,3,1,6,2,22,5,1599,1,12,-1,1,-1
2015440372680,2,9,0,18,0,8,0,0,0,0,1,1,6,1,63,9,1995,1,13,-1,1,-1
2015440372698,1,9,0,12,0,8,0,0,0,0,3,1,6,1,57,9,1390,1,3,-1,2,-1
2015440372698,2,21,1,18,0,8,0,0,0,0,1,1,1,1,57,9,12777,2,1,-1,1,-1
2015440372851,1,9,0,18,0,0,0,0,0,0,2,1,6,1,31,6,1396,1,16,-1,3,-1
2015440372851,2,19,0,18,0,0,0,4,0,0,1,1,1,1,35,6,1968,2,1,-1,1,-1
2015440373127,1,1,0,17,0,8,0,0,0,0,4,1,2,1,42,7,-1,-1,-1,-1,1,-1
2015440373127,2,9,0,18,0,8,0,0,0,0,3,1,2,2,49,8,1242,1,13,-1,1,-1
2015440373313,1,5,0,18,0,1,1,0,0,0,0,1,2,1,53,8,883,1,15,-1,1,-1
2015440373359,1,9,0,7,0,8,0,0,0,0,1,1,6,3,-1,-1,-1,-1,-1,-1,-1,-1
2015440373359,2,22,0,18,0,2,0,0,0,0,3,1,6,1,59,9,-1,-1,-1,-1,1,-1
2015440373480,1,9,0,18,0,1,0,0,0,0,4,1,6,2,-1,-1,-1,-1,-1,-1,-1,-1
2015440373507,1,9,0,4,0,1,0,0,0,0,2,1,3,2,30,6,1364,1,-1,-1,1,-1
2015440373507,2,9,0,4,0,1,0,0,0,0,1,1,6,3,-1,-1,1598,2,1,-1,-1,-1
2015440373507,3,9,0,17,0,8,0,0,0,0,1,1,6,3,-1,-1,1796,1,9,-1,-1,-1
2015440373533,1,9,0,18,0,0,0,0,0,0,3,1,6,2,46,8,1388,1,6,-1,1,-1
2015440373533,2,20,0,12,0,0,0,0,0,0,0,1,6,3,-1,-1,-1,-1,-1,-1,-1,-1
2015440373533,3,9,0,18,0,0,0,0,4,6,4,1,6,3,-1,-1,1398,1,12,-1,-1,-1
2015440373680,1,97,0,18,0,8,0,0,0,0,1,1,2,1,26,6,124,1,-1,-1,1,-1
2015440373680,2,9,0,4,0,8,0,0,0,0,2,1,2,2,36,7,1496,2,-1,-1,3,-1
2015440373894,1,9,0,7,0,8,0,0,0,0,1,1,6,1,67,10,1598,2,2,-1,1,-1
2015440373894,2,9,0,18,0,8,0,0,0,0,4,1,6,2,37,7,4134,2,3,-1,1,-1
2015440373950,1,9,0,3,0,0,0,0,0,0,2,1,6,2,33,6,1398,1,1,-1,3,-1
2015440373950,2,9,0,3,0,0,0,0,0,0,2,1,2,1,53,8,1796,1,12,-1,1,-1
2015440373950,3,9,0,18,0,0,2,0,0,0,1,1,2,2,22,5,1242,1,14,-1,2,-1
2015440374008,1,90,0,18,0,8,0,0,0,0,4,1,1,1,49,8,10837,2,-1,-1,1,-1
2015440374008,2,1,0,15,0,8,0,0,0,0,3,1,6,1,33,6,-1,-1,-1,-1,2,-1
2015440374037,1,9,0,9,0,8,0,0,0,0,4,1,6,2,38,7,1995,2,8,-1,1,-1
2015440374037,2,2,0,18,0,8,0,0,0,0,1,1,6,1,16,4,49,1,1,-1,1,-1
2015440374070,1,9,0,18,0,8,0,11,0,0,1,1,6,2,45,7,1242,1,10,-1,1,-1
2015440374085,1,9,0,18,0,2,0,0,0,0,3,1,6,2,63,9,1796,1,9,-1,1,-1
2015440374131,1,9,0,18,0,0,0,4,0,0,1,1,6,1,23,5,1910,2,9,-1,1,-1
2015440374131,2,9,0,2,0,0,0,0,0,0,4,1,6,3,-1,-1,1598,1,5,-1,-1,-1
2015440374143,1,9,0,18,0,2,0,0,0,0,1,1,6,1,25,5,1799,1,9,-1,1,-1
2015440374161,1,9,0,17,0,0,5,0,1,10,4,1,6,2,21,5,899,1,15,-1,2,-1
2015440374186,1,9,0,18,0,0,0,0,1,0,1,1,1,2,40,7,1995,2,7,-1,1,-1
2015440374186,2,9,0,18,0,0,0,0,0,0,1,1,2,1,39,7,1796,1,13,-1,1,-1
2015440374218,1,9,0,18,0,0,5,7,1,0,1,1,6,2,17,4,1242,1,14,-1,1,-1
2015440374235,1,3,0,18,0,0,0,12,0,0,0,1,6,2,20,4,125,1,4,-1,-1,-1
2015440374322,1,9,0,17,0,8,1,10,1,2,1,1,6,1,24,5,1781,1,10,-1,1,-1
2015440374385,1,19,0,18,0,0,1,0,0,0,1,1,2,1,23,5,1910,2,13,-1,2,-1
2015440374385,2,9,0,18,0,0,0,0,0,0,1,1,2,1,43,7,1396,1,12,-1,3,-1
2015440374551,1,1,0,4,0,8,1,0,0,0,3,1,6,2,17,4,-1,-1,-1,-1,3,-1
2015440374551,2,9,0,18,0,8,0,0,0,0,3,1,2,2,68,10,2993,2,2,-1,3,-1
2015440374562,1,9,0,18,0,8,1,0,0,0,1,1,6,2,52,8,1398,1,11,-1,1,-1
2015440374562,2,9,0,9,0,8,0,0,0,0,3,1,6,1,27,6,1598,1,12,-1,1,-1
2015440374632,1,11,0,9,0,8,0,0,0,0,0,1,1,1,27,6,6370,2,8,-1,1,-1
2015440374741,1,1,0,18,0,1,0,0,0,0,1,1,2,1,20,4,-1,-1,-1,-1,1,-1
2015440374741,2,9,0,18,0,2,0,0,0,0,1,1,6,3,-1,-1,-1,-1,-1,-1,-1,-1
2015440374981,1,9,0,18,0,0,0,4,0,0,1,1,6,1,87,11,1229,1,8,-1,3,-1
2015440374981,2,9,0,2,0,0,0,0,0,0,2,1,6,3,-1,-1,1999,1,10,-1,-1,-1
2015440375003,1,9,0,5,0,8,0,0,0,0,1,1,6,1,50,8,1598,1,10,-1,3,-1
2015440375003,2,1,0,18,0,8,0,0,0,0,1,1,6,2,65,9,-1,-1,-1,-1,1,-1
2015440375072,1,9,0,7,0,8,0,0,0,0,3,1,6,1,28,6,1968,2,1,-1,1,-1
2015440375072,2,9,0,18,0,8,0,0,0,0,1,1,6,2,58,9,-1,-1,-1,-1,1,-1