Accident_Index,Vehicle_Reference,Vehicle_Type,Towing_and_Articulation,Vehicle_Manoeuvre,Vehicle_Location-Restricted_Lane,Junction_Location,Skidding_and_Overturning,Hit_Object_in_Carriageway,Vehicle_Leaving_Carriageway,Hit_Object_off_Carriageway,1st_Point_of_Impact,Was_Vehicle_Left_Hand_Drive?,Journey_Purpose_of_Driver,Sex_of_Driver,Age_of_Driver,Age_Band_of_Driver,Engine_Capacity_(CC),Propulsion_Code,Age_of_Vehicle,Driver_IMD_Decile,Driver_Home_Area_Type,Vehicle_IMD_Decile
2015440375072,3,19,0,4,0,1,0,0,0,0,1,1,6,1,45,7,1753,2,3,-1,1,-1
2015440375072,4,9,0,4,0,1,0,0,0,0,2,1,6,1,39,7,1995,2,6,-1,1,-1
2015440375155,1,2,0,4,0,8,0,0,0,0,2,1,6,1,16,4,49,1,11,-1,1,-1
2015440375155,2,2,0,18,0,8,0,0,0,0,1,1,6,1,16,4,50,1,1,-1,1,-1
2015440375175,1,9,0,4,0,0,0,0,0,0,2,1,6,1,40,7,1997,2,11,-1,1,-1
2015440375175,2,9,0,18,0,0,0,0,0,0,0,1,6,1,35,6,1995,1,9,-1,1,-1
2015440375175,3,9,0,18,0,0,0,0,0,0,1,1,6,2,52,8,1997,1,2,-1,1,-1
2015440375219,1,9,0,7,0,8,0,0,0,0,1,1,6,2,47,8,1598,1,13,-1,1,-1
2015440375219,2,9,0,18,0,8,0,0,0,0,1,1,6,1,19,4,1299,1,16,-1,1,-1
2015440375286,1,9,0,18,0,0,0,0,0,0,4,1,6,1,86,11,1341,1,10,-1,1,-1
2015440375335,1,9,0,7,0,8,0,0,0,0,1,1,6,1,33,6,1598,1,8,-1,1,-1
2015440375335,2,9,0,10,0,8,0,0,0,0,3,1,6,2,34,6,1560,2,5,-1,1,-1
2015440375466,1,9,0,16,0,0,1,0,2,1,1,1,6,1,27,6,2000,1,15,-1,1,-1
2015440375613,1,9,0,5,0,0,0,0,0,0,1,1,1,2,40,7,1398,1,15,-1,1,-1
2015440375613,2,3,0,18,0,0,1,0,0,0,1,1,1,1,20,4,124,1,8,-1,1,-1
2015440375656,1,9,0,18,0,0,0,0,0,0,1,1,1,2,19,4,1242,1,4,-1,1,-1
2015440375656,2,9,0,18,0,0,0,0,0,0,1,1,6,1,66,10,1468,1,13,-1,3,-1
2015440375669,1,9,0,18,0,0,0,0,0,0,1,1,6,1,55,8,1388,1,12,-1,2,-1
2015440375669,2,9,0,18,0,0,0,0,0,0,1,1,2,2,60,9,1242,1,9,-1,2,-1
2015440375669,3,9,0,18,0,0,0,0,0,0,1,1,2,1,25,5,1229,1,8,-1,1,-1
2015440375669,4,9,0,3,0,0,0,0,0,0,2,1,2,2,31,6,1360,1,4,-1,1,-1
2015440375722,1,9,0,5,0,4,0,0,0,0,1,1,2,2,25,5,1995,2,8,-1,1,-1
2015440375722,2,9,0,18,0,8,1,0,0,0,4,1,6,2,40,7,1329,1,6,-1,2,-1
2015440375853,1,9,0,18,0,8,0,0,0,0,4,1,6,1,43,7,2268,2,-1,-1,1,-1
2015440375853,2,1,0,18,0,1,0,0,0,0,1,1,2,1,32,6,-1,-1,-1,-1,1,-1
2015440375931,1,9,0,7,0,8,0,0,0,0,1,1,6,2,30,6,1339,1,11,-1,3,-1
2015440375957,1,9,0,18,0,2,1,4,0,0,1,1,1,1,26,6,2000,1,22,-1,1,-1
2015440375957,2,9,0,2,0,2,0,4,0,0,2,1,6,2,37,7,1242,1,3,-1,-1,-1
2015440375957,3,9,0,2,0,2,0,4,0,0,2,1,6,2,63,9,1390,1,3,-1,-1,-1
2015440375958,1,9,0,18,0,1,0,0,0,0,1,1,6,2,55,8,1398,2,8,-1,1,-1
2015440375958,2,9,0,3,0,1,0,0,0,0,2,1,6,2,43,7,-1,-1,-1,-1,2,-1
2015440376140,1,9,0,16,0,3,1,0,1,2,3,1,6,1,39,7,1596,1,11,-1,1,-1
2015440376224,1,1,0,18,0,0,0,0,0,0,2,1,6,1,79,11,-1,-1,-1,-1,1,-1
2015440376224,2,9,0,18,0,0,0,0,0,0,1,1,6,3,-1,-1,1248,1,5,-1,-1,-1
2015440376248,1,19,0,6,0,0,0,0,0,0,2,1,6,1,52,8,1996,2,3,-1,1,-1
2015440376248,2,1,0,18,0,0,0,0,0,0,1,1,6,1,23,5,-1,-1,-1,-1,1,-1
2015440376266,1,9,0,18,0,0,5,0,7,2,3,1,6,1,79,11,1560,2,3,-1,1,-1
2015440376369,1,9,0,4,0,0,0,0,0,0,2,1,6,1,78,11,1396,1,6,-1,1,-1
2015440376369,2,9,0,4,0,0,0,0,0,0,2,1,6,1,71,10,1560,2,1,-1,1,-1
2015440376369,3,9,0,18,0,0,1,0,0,0,1,1,6,1,21,5,1339,1,12,-1,3,-1
2015440376369,4,19,0,18,0,0,0,0,0,0,1,1,6,1,27,6,2198,2,2,-1,1,-1
2015440376373,1,9,0,18,0,0,2,0,0,0,1,1,1,1,28,6,2477,2,11,-1,3,-1
2015440376438,1,9,0,9,0,8,0,0,0,0,4,1,6,1,20,4,1390,1,5,-1,1,-1
2015440376438,2,1,0,15,0,8,1,0,0,0,1,1,6,1,34,6,-1,-1,-1,-1,1,-1
2015440376503,1,9,0,9,0,8,0,0,0,0,2,1,1,1,52,8,998,1,14,-1,1,-1
2015440376503,2,9,0,18,0,8,0,0,0,0,1,1,6,1,23,5,1998,1,15,-1,3,-1
2015440376651,1,9,0,16,0,0,5,0,1,0,1,1,2,1,28,6,1149,1,12,-1,2,-1
2015440376779,1,3,0,4,0,1,1,0,0,0,3,1,2,1,18,4,124,1,4,-1,1,-1
2015440376882,1,5,0,13,0,8,0,0,0,0,1,1,2,1,62,9,-1,-1,-1,-1,3,-1
2015440376882,2,9,0,9,0,8,0,0,0,0,3,1,2,2,22,5,998,1,1,-1,1,-1
2015440377031,1,9,0,16,0,0,1,0,1,2,1,1,6,2,34,6,1360,1,11,-1,1,-1
2015440377227,1,9,0,9,0,8,0,0,0,0,1,1,6,2,41,7,1461,2,1,-1,1,-1
2015440377227,2,5,0,18,0,8,1,0,0,0,3,1,6,1,28,6,998,1,10,-1,1,-1
2015440377272,1,9,0,9,0,8,1,0,1,7,1,1,2,2,19,4,1598,1,9,-1,2,-1
2015440377272,2,19,0,9,0,8,0,0,0,0,4,1,1,2,43,7,1995,2,2,-1,1,-1
2015440377640,1,9,0,18,0,0,0,0,0,0,2,1,6,1,51,8,1796,1,15,-1,1,-1
2015440377640,2,9,0,18,0,0,0,0,0,0,1,1,6,3,-1,-1,1984,1,12,-1,-1,-1
2015440377694,1,9,0,12,0,0,2,0,1,0,1,1,6,1,32,6,1598,1,8,-1,1,-1
2015440377742,1,9,0,18,0,0,0,0,0,0,1,1,6,1,76,11,2967,1,15,-1,1,-1
2015440377742,2,9,0,4,0,0,0,0,0,0,2,1,6,1,27,6,1796,1,8,-1,1,-1
2015440377742,3,9,0,4,0,0,0,0,0,0,2,1,6,1,28,6,1388,1,15,-1,1,-1
2015440378136,1,19,0,9,0,8,0,0,0,0,1,1,1,1,60,9,2198,2,-1,-1,-1,-1
2015440378239,1,9,0,18,0,0,1,0,1,4,3,1,2,2,22,5,-1,-1,-1,-1,3,-1
2015440378437,1,1,0,9,0,8,0,0,0,0,1,1,6,1,30,6,-1,-1,-1,-1,1,-1
2015440378437,2,19,0,18,0,8,0,0,0,0,3,1,2,1,-1,-1,1995,2,2,-1,1,-1
2015440378455,1,9,0,4,0,0,0,0,0,0,2,1,6,1,53,8,1997,2,2,-1,1,-1
2015440378455,2,9,0,4,0,0,0,0,0,0,1,1,6,1,21,5,1398,1,11,-1,1,-1
2015440378596,1,1,0,18,0,8,1,0,0,0,0,1,2,2,64,9,-1,-1,-1,-1,1,-1
2015440378596,2,9,0,7,0,8,0,0,0,0,0,1,6,3,-1,-1,-1,-1,-1,-1,-1,-1
2015440378846,1,9,0,7,0,8,0,0,0,0,2,1,6,1,18,4,1299,1,9,-1,1,-1
2015440378846,2,9,0,7,0,8,0,0,0,0,1,1,6,1,-1,-1,2000,2,6,-1,-1,-1
2015440378936,1,9,0,18,0,0,0,0,0,0,3,1,6,1,22,5,1686,2,10,-1,1,-1
2015440378936,2,9,0,18,0,0,0,0,0,0,3,1,6,2,35,6,796,1,14,-1,3,-1
2015440378975,1,11,0,17,0,1,0,0,0,0,4,1,1,1,71,10,6370,2,13,-1,2,-1
2015440379510,1,1,0,18,0,8,0,0,0,0,4,1,6,1,30,6,-1,-1,-1,-1,1,-1
2015440379510,2,8,0,9,0,8,0,0,0,0,1,1,1,1,-1,-1,-1,-1,-1,-1,-1,-1
2015440379546,1,9,0,18,0,0,0,0,1,3,1,1,6,1,60,9,2184,2,12,-1,2,-1
2015440379984,1,3,0,18,0,8,0,0,0,0,1,1,6,1,25,5,124,1,3,-1,1,-1
2015440379984,2,9,0,18,0,8,0,0,0,0,4,1,6,1,63,9,1386,1,3,-1,1,-1
2015440379998,1,9,0,18,0,8,0,0,0,0,1,1,6,1,47,8,1685,2,4,-1,1,-1
2015440379998,2,9,0,9,0,8,0,0,0,0,3,1,6,1,22,5,2335,2,18,-1,1,-1
2015440380036,1,5,0,18,0,0,0,0,1,0,4,1,6,1,37,7,749,1,5,-1,1,-1
2015440380075,1,9,0,3,0,1,0,0,0,0,2,1,6,2,-1,-1,1840,1,15,-1,-1,-1
2015440380075,2,9,0,4,0,1,0,0,0,0,1,1,6,1,-1,-1,1598,2,-1,-1,1,-1
2015440380227,1,9,0,15,0,0,0,10,0,0,1,1,6,1,18,4,1199,1,12,-1,1,-1
2015440380227,2,9,0,18,0,0,0,0,0,0,3,1,6,1,31,6,2996,1,8,-1,1,-1
2015440380273,1,9,0,9,0,8,0,0,0,0,4,1,2,2,23,5,1242,1,4,-1,1,-1
2015440380273,2,1,0,16,0,8,0,0,0,0,1,1,2,1,41,7,-1,-1,-1,-1,1,-1
2015440380446,1,9,0,17,0,8,0,0,0,0,1,1,1,1,54,8,2967,2,1,-1,1,-1
2015440380446,2,1,0,9,0,8,0,0,0,0,4,1,1,1,22,5,-1,-1,-1,-1,3,-1
2015440380484,1,2,0,18,0,8,0,0,0,0,1,1,2,1,17,4,49,1,1,-1,1,-1
2015440380484,2,9,0,10,0,8,0,0,0,0,2,1,2,2,30,6,1248,1,6,-1,1,-1
2015440380778,1,9,0,18,0,8,1,0,7,0,1,1,6,1,70,10,1685,2,1,-1,2,-1
2015440380778,2,9,0,18,0,8,1,0,0,0,1,1,2,1,45,7,1951,2,10,-1,3,-1
2015440380778,3,9,0,18,0,8,1,0,0,0,3,1,6,1,79,11,1910,2,9,-1,2,-1
2015440381030,1,9,0,4,0,8,0,0,0,0,2,1,6,1,42,7,1229,1,5,-1,1,-1
2015440381030,2,9,0,18,0,8,0,0,0,0,1,1,6,2,22,5,1242,1,1,-1,1,-1
2015440381165,1,9,0,14,0,0,0,0,0,0,3,1,6,1,31,6,2926,2,12,-1,1,-1
2015440381165,2,1,0,14,0,0,0,0,0,0,3,1,6,1,90,11,-1,-1,-1,-1,1,-1
2015440381215,1,9,0,18,0,0,0,0,0,0,1,1,1,1,-1,-1,1560,2,2,-1,1,-1
2015440381230,1,19,0,9,0,8,0,0,0,0,1,1,2,1,48,8,2496,2,17,-1,1,-1
2015440381230,2,9,0,18,0,8,0,0,0,0,3,1,2,2,30,6,1560,2,6,-1,1,-1
2015440381487,1,9,0,2,0,0,0,0,0,0,4,1,6,2,58,9,1896,2,8,-1,1,-1
2015440381487,2,9,0,15,0,0,0,0,0,0,4,1,6,2,-1,-1,1699,1,5,-1,3,-1
2015440381533,1,9,0,18,0,8,0,0,0,0,3,1,6,1,30,6,1991,1,17,-1,1,-1
2015440381533,2,3,0,18,0,8,0,0,0,0,1,1,6,1,28,6,125,1,10,-1,1,-1
2015440381543,1,9,0,4,0,0,0,0,0,0,1,1,6,1,68,10,-1,-1,-1,-1,-1,-1
2015440381543,2,1,0,18,0,0,0,0,0,0,1,1,6,2,19,4,-1,-1,-1,-1,1,-1
2015440381609,1,9,0,9,0,8,0,0,0,0,3,1,6,2,41,7,1598,1,11,-1,1,-1
2015440381609,2,9,0,18,0,8,0,0,0,0,4,1,6,2,48,8,1149,1,6,-1,1,-1
2015440381609,3,9,0,18,0,8,0,0,0,0,1,1,6,2,27,6,1995,2,13,-1,1,-1
2015440381704,1,9,0,16,0,8,0,0,1,0,1,1,6,1,24,5,-1,-1,-1,-1,1,-1
2015440381716,1,9,0,16,0,1,5,4,7,0,3,1,6,1,34,6,1598,1,7,-1,1,-1
2015440381716,2,19,0,2,0,1,0,0,0,0,4,1,6,3,-1,-1,-1,-1,-1,-1,-1,-1
2015440381716,3,9,0,2,0,1,0,0,0,0,3,1,6,3,-1,-1,1388,1,14,-1,-1,-1
2015440381784,1,9,0,12,0,0,0,0,0,0,3,1,6,3,-1,-1,-1,-1,-1,-1,-1,-1
2015440381784,2,9,0,18,0,0,0,0,5,6,4,1,2,2,45,7,1499,2,1,-1,-1,-1
2015440381784,3,9,0,18,0,0,0,0,0,0,1,1,2,1,61,9,1995,2,1,-1,1,-1
2015440381784,4,9,0,18,0,0,0,0,0,0,1,1,2,1,64,9,1951,2,13,-1,1,-1
2015440381810,1,9,0,18,0,0,0,0,0,0,2,1,6,2,45,7,1796,1,13,-1,1,-1
2015440381810,2,3,0,18,0,0,1,0,0,0,1,1,6,1,44,7,124,1,10,-1,2,-1
2015440382149,1,9,0,18,0,0,0,0,0,0,1,1,1,1,60,9,-1,-1,-1,-1,1,-1
2015440382228,1,9,0,18,0,1,1,0,0,0,4,1,2,2,19,4,-1,-1,-1,-1,1,-1
2015440382366,1,1,0,18,0,0,0,0,0,0,2,1,6,1,17,4,-1,-1,-1,-1,1,-1
2015440382366,2,9,0,18,0,0,0,0,0,0,1,1,6,3,-1,-1,-1,-1,-1,-1,-1,-1
2015440382676,1,3,0,18,0,8,0,0,0,0,1,1,6,1,18,4,124,1,4,-1,1,-1
2015440382676,2,9,0,18,0,8,0,0,0,0,3,1,6,1,45,7,1598,1,14,-1,1,-1
2015440382705,1,1,0,18,0,8,0,0,0,0,3,1,1,1,62,9,-1,-1,-1,-1,1,-1
2015440382705,2,19,0,18,0,8,0,0,0,0,4,1,6,1,58,9,-1,-1,-1,-1,3,-1
2015440382736,1,9,0,5,0,6,0,0,0,0,1,1,1,1,45,7,1995,2,3,-1,1,-1
2015440382736,2,5,0,18,0,1,0,0,0,0,4,1,2,1,31,6,1157,1,8,-1,1,-1
2015440382737,1,9,0,18,0,0,0,0,0,0,4,1,2,1,23,5,1587,1,12,-1,1,-1
2015440382761,1,2,0,9,0,8,1,0,0,0,3,1,6,1,22,5,125,1,2,-1,1,-1
2015440382777,1,9,0,3,0,0,0,0,0,0,2,1,2,1,50,8,1968,2,2,-1,1,-1
2015440382777,2,9,0,3,0,0,0,0,0,0,2,1,6,2,51,8,1360,1,9,-1,1,-1
2015440382777,3,9,0,4,0,0,0,0,0,0,1,1,6,1,62,9,1900,2,10,-1,1,-1
2015440382782,1,9,0,4,0,7,0,0,0,0,2,1,2,1,53,8,1997,1,11,-1,1,-1
2015440382782,2,9,0,4,0,7,0,0,0,0,2,1,2,1,25,5,1395,1,-1,-1,1,-1
2015440382782,3,9,0,18,0,7,0,0,0,0,1,1,2,1,53,8,1388,1,9,-1,1,-1
2015440382784,1,9,0,9,0,8,0,0,0,0,0,1,1,1,26,6,1896,2,8,-1,1,-1
2015440382784,2,2,0,18,0,8,0,0,0,0,1,1,1,1,17,4,49,1,-1,-1,2,-1
2015440382795,1,2,0,17,0,8,1,0,0,0,4,1,4,1,16,4,49,1,5,-1,1,-1
2015440382807,1,19,0,9,0,6,0,0,0,0,1,1,1,1,64,9,2287,2,-1,-1,1,-1
2015440382807,2,3,0,18,0,1,0,0,0,0,4,1,2,2,18,4,124,1,13,-1,2,-1
2015440382808,1,9,0,16,0,2,0,0,0,0,3,1,6,2,80,11,1299,1,13,-1,1,-1
2015440382808,2,9,0,17,0,1,0,0,0,0,3,1,2,1,54,8,1461,2,5,-1,3,-1
2015440382808,3,9,0,17,0,1,0,0,0,0,1,1,2,1,25,5,1124,1,15,-1,1,-1
2015440382816,1,9,0,18,0,0,0,0,0,0,1,1,1,2,42,7,1240,1,6,-1,1,-1
2015440382816,2,9,0,18,0,0,0,0,0,0,2,1,1,2,27,6,1199,1,16,-1,1,-1
2015440382836,1,5,0,18,0,0,1,0,4,0,4,1,6,1,32,6,599,1,5,-1,1,-1
2015440382850,1,9,0,4,0,2,0,0,0,0,2,1,2,1,26,6,1196,1,20,-1,1,-1
2015440382850,2,3,0,18,0,2,1,0,0,0,1,1,1,1,37,7,125,1,6,-1,1,-1
2015440382858,1,1,0,3,0,1,0,0,0,0,2,1,6,1,18,4,-1,-1,-1,-1,1,-1
2015440382858,2,9,0,5,0,1,0,0,0,0,1,1,6,3,-1,-1,-1,-1,-1,-1,-1,-1
2015440383058,1,9,0,17,0,8,1,0,1,7,1,1,6,1,22,5,1242,1,7,-1,1,-1
2015440383119,1,9,0,7,0,8,0,0,7,11,1,1,6,2,45,7,2143,2,6,-1,1,-1
2015440383167,1,9,0,18,0,2,0,0,0,0,1,1,1,2,32,6,1587,1,8,-1,2,-1
2015440383167,2,1,0,18,0,2,0,0,0,0,1,1,6,1,24,5,-1,-1,-1,-1,1,-1
2015440383229,1,9,0,18,0,8,0,0,0,0,1,1,1,2,27,6,1598,1,4,-1,2,-1
2015440383229,2,9,0,10,0,8,0,0,0,0,2,1,3,2,39,7,2231,2,9,-1,1,-1
2015440383284,1,9,0,9,0,8,0,0,0,0,4,1,2,2,25,5,1596,1,10,-1,1,-1
2015440383284,2,9,0,18,0,8,0,0,0,0,3,1,2,2,29,6,1586,1,6,-1,1,-1
2015440383437,1,9,0,17,0,0,1,0,0,0,1,1,1,2,44,7,2495,2,11,-1,3,-1
2015440383437,2,9,0,16,0,0,0,0,0,0,1,1,6,2,39,7,2400,2,4,-1,3,-1
2015440383440,1,4,0,4,0,1,0,0,0,0,3,1,6,1,24,5,599,1,17,-1,1,-1
2015440383440,2,9,0,11,0,1,0,0,0,0,4,1,6,1,18,4,1400,1,8,-1,1,-1
2015440383442,1,9,0,9,0,8,0,0,0,0,3,2,6,3,-1,-1,-1,-1,-1,-1,-1,-1
2015440383442,2,1,0,18,0,8,0,0,0,0,1,1,6,1,51,8,-1,-1,-1,-1,1,-1
2015440383444,1,1,0,16,0,0,1,0,0,0,1,1,6,2,42,7,-1,-1,-1,-1,3,-1
2015440383444,2,20,0,17,0,0,0,0,0,0,3,1,1,1,34,6,2198,2,-1,-1,3,-1
2015440383454,1,1,0,18,0,0,0,0,0,0,3,1,6,1,56,9,-1,-1,-1,-1,1,-1
2015440383454,2,9,0,14,0,0,0,0,0,0,0,1,6,3,-1,-1,-1,-1,-1,-1,-1,-1
2015440383885,1,9,0,18,0,0,5,0,2,11,1,1,2,1,28,6,1598,1,14,-1,3,-1
2015440384266,1,9,0,17,0,0,5,4,0,0,1,1,6,1,26,6,-1,-1,-1,-1,1,-1
2015440384266,2,9,0,2,0,0,0,0,0,0,1,1,6,1,45,7,1968,2,6,-1,1,-1
2015440384364,1,9,0,5,0,4,0,0,0,0,1,1,6,3,-1,-1,-1,-1,-1,-1,-1,-1
2015440384364,2,1,0,17,0,8,0,0,0,0,4,1,6,1,51,8,-1,-1,-1,-1,1,-1
2015440384732,1,9,0,18,0,8,0,0,0,0,1,1,6,1,28,6,1461,2,9,-1,1,-1
2015440384732,2,19,0,18,0,5,0,0,0,0,1,1,1,1,27,6,2198,2,3,-1,2,-1
2015440384808,1,9,0,3,0,1,0,0,0,0,2,1,6,1,54,8,1248,1,-1,-1,3,-1
2015440384808,2,9,0,4,0,1,0,0,0,0,1,1,6,3,-1,-1,-1,-1,-1,-1,-1,-1
2015440384835,1,19,0,9,0,8,0,0,0,0,1,1,1,1,44,7,1248,2,5,-1,1,-1
2015440384835,2,9,0,18,0,8,0,0,0,0,1,1,6,1,26,6,1124,1,14,-1,1,-1
2015440385284,1,9,0,18,0,0,0,0,0,0,1,1,6,2,75,10,1348,1,15,-1,1,-1
2015440385298,1,9,0,4,0,8,0,0,0,0,2,1,6,1,42,7,1896,2,8,-1,1,-1
2015440385298,2,9,0,18,0,8,0,0,0,0,1,1,2,1,25,5,-1,-1,-1,-1,1,-1
2015440385339,1,1,0,18,0,0,0,0,0,0,1,1,2,1,38,7,-1,-1,-1,-1,1,-1
2015440385339,2,19,0,2,0,0,0,0,0,0,2,1,6,3,-1,-1,2143,2,3,-1,-1,-1
2015440385369,1,9,0,9,0,8,0,0,0,0,1,1,6,1,37,7,1587,1,8,-1,1,-1
2015440385369,2,9,0,18,0,8,0,0,0,0,4,1,2,1,57,9,1341,1,13,-1,1,-1
2015440385424,1,9,0,18,0,0,1,0,0,0,4,1,6,1,18,4,1086,1,12,-1,1,-1
2015440385424,2,9,0,18,0,0,0,0,0,0,1,1,6,2,65,9,1349,1,3,-1,-1,-1
2015440385428,1,9,0,12,0,0,0,0,0,0,1,1,2,2,27,6,1991,2,8,-1,1,-1
2015440385428,2,9,0,4,0,0,0,0,0,0,2,1,2,2,20,4,998,1,4,-1,3,-1
2015440385428,3,9,0,4,0,0,0,0,0,0,2,1,2,1,73,10,2290,1,15,-1,1,-1
2015440385457,1,9,0,4,0,0,0,0,0,0,2,1,6,2,19,4,1124,1,10,-1,1,-1
2015440385457,2,9,0,18,0,0,0,0,0,0,1,1,6,3,-1,-1,-1,-1,-1,-1,-1,-1
2015440385471,1,9,0,18,0,0,1,0,7,4,4,1,6,2,18,4,1149,1,17,-1,1,-1
2015440385616,1,9,0,9,0,8,0,0,0,0,1,1,6,1,47,8,2402,2,7,-1,3,-1
2015440385616,2,9,0,18,0,1,0,0,1,0,3,1,2,2,42,7,1388,1,3,-1,2,-1
2015440386099,1,9,0,18,0,8,0,0,1,4,4,2,1,1,29,6,-1,-1,-1,-1,1,-1
2015440386101,1,9,0,17,0,0,1,12,7,4,1,1,6,2,51,8,1598,1,16,-1,3,-1
2015440386232,1,19,0,18,0,0,0,0,0,0,1,1,1,1,37,7,2198,2,2,-1,1,-1
2015440386232,2,9,0,3,0,0,0,0,0,0,2,1,6,2,44,7,1796,1,9,-1,1,-1
2015440386232,3,9,0,18,0,0,0,0,0,0,2,1,6,2,26,6,1598,1,8,-1,1,-1
2015440386232,4,9,0,18,0,0,0,0,0,0,3,1,6,2,56,9,2143,2,-1,-1,2,-1
2015440386232,5,9,0,18,0,0,0,0,0,0,3,1,6,2,36,7,1396,2,3,-1,3,-1
2015440386480,1,9,0,9,0,8,0,0,0,0,3,1,6,2,32,6,1499,1,1,-1,1,-1
2015440386480,2,9,0,18,0,8,0,0,0,0,1,1,6,2,23,5,1242,1,16,-1,1,-1
2015440386546,1,1,0,18,0,8,0,0,0,0,4,1,2,2,33,6,-1,-1,-1,-1,1,-1
2015440386546,2,9,0,9,0,8,0,0,0,0,1,1,6,1,32,6,1198,1,12,-1,1,-1
2015440386613,1,9,0,18,0,8,0,0,0,0,3,1,6,1,35,6,2720,2,8,-1,1,-1
2015440386613,2,9,0,9,0,8,0,0,0,0,1,1,6,3,-1,-1,1769,1,11,-1,-1,-1
2015440386632,1,1,0,7,0,8,1,0,0,0,0,1,6,1,18,4,-1,-1,-1,-1,3,-1
2015440386687,1,9,0,17,0,0,1,7,0,0,3,1,2,2,21,5,1598,1,12,-1,1,-1
2015440386687,2,21,0,11,0,0,0,0,0,0,4,1,1,1,47,8,12740,2,4,-1,1,-1
2015440386687,3,9,0,17,0,0,0,0,0,0,1,1,2,1,31,6,2993,2,12,-1,1,-1
2015440386698,1,19,0,9,0,8,0,0,0,0,1,1,6,1,33,6,1998,2,11,-1,1,-1
2015440386698,2,9,0,18,0,8,0,0,0,0,3,1,6,2,21,5,-1,-1,-1,-1,1,-1
2015440386739,1,9,0,5,0,1,0,0,0,0,2,1,6,1,19,4,1000,1,15,-1,1,-1
2015440386739,2,9,0,5,0,1,0,0,0,0,1,1,6,3,-1,-1,-1,-1,-1,-1,-1,-1
2015440386751,1,9,0,6,0,8,0,0,0,0,1,1,2,1,35,6,2198,1,12,-1,1,-1
2015440386751,2,9,0,18,0,1,0,0,0,0,4,1,6,1,73,10,1590,1,13,-1,1,-1
2015440386767,1,2,0,18,0,1,0,0,0,0,1,1,2,2,29,6,124,1,13,-1,1,-1
2015440386767,2,9,0,9,0,8,0,0,0,0,3,1,6,1,33,6,1368,1,9,-1,1,-1
2015440386889,1,9,0,17,0,0,2,0,8,4,1,1,6,1,36,7,-1,-1,-1,-1,1,-1
2015440387023,1,9,0,17,0,0,2,0,5,6,1,1,6,1,50,8,1461,2,8,-1,1,-1
2015440387244,1,9,0,4,0,2,0,0,0,0,1,1,2,2,54,8,1997,2,14,-1,1,-1
2015440387244,2,9,0,18,0,2,0,0,0,0,2,1,6,3,-1,-1,1896,2,12,-1,-1,-1
2015440387317,1,9,0,5,0,1,0,0,0,0,1,1,6,3,-1,-1,1598,1,3,-1,-1,-1
2015440387317,2,9,0,3,0,1,0,0,0,0,2,1,6,2,53,8,999,1,6,-1,1,-1
2015440387321,1,90,0,4,0,0,1,0,0,0,1,1,6,1,63,9,-1,-1,-1,-1,1,-1
2015440387321,2,9,0,4,0,0,0,0,0,0,2,1,6,1,34,6,2985,2,10,-1,1,-1
2015440387321,3,9,0,4,0,0,0,0,0,0,2,1,6,1,62,9,1598,2,4,-1,3,-1
2015440387379,1,9,0,4,0,1,0,0,0,0,2,1,6,2,23,5,1497,8,2,-1,1,-1
2015440387379,2,9,0,18,0,1,0,0,0,0,1,1,6,1,-1,-1,1995,2,1,-1,-1,-1
2015440387381,1,8,0,1,0,0,0,0,0,0,2,1,1,1,33,6,1896,2,6,-1,1,-1
2015440387409,1,9,0,18,0,0,2,0,4,4,1,1,6,2,25,5,2494,1,19,-1,1,-1
2015440387527,1,9,0,18,0,8,1,0,1,4,1,1,6,1,20,4,-1,-1,-1,-1,1,-1
2015440387527,2,9,0,2,0,8,0,0,0,0,1,1,6,3,-1,-1,1995,2,2,-1,-1,-1
2015440387555,1,9,0,18,0,0,0,0,0,0,2,1,6,2,28,6,1968,2,6,-1,1,-1
2015440387555,2,9,0,18,0,0,0,0,0,0,1,1,6,3,-1,-1,1299,1,12,-1,-1,-1
2015440387556,1,9,0,18,0,0,0,0,1,11,1,1,6,1,63,9,1596,1,2,-1,1,-1
2015440387710,1,9,0,17,0,8,1,0,7,4,1,1,2,2,44,7,1332,1,16,-1,1,-1
2015440387785,1,9,0,18,0,0,0,0,1,0,1,1,6,1,84,11,1339,1,11,-1,1,-1
2015440387893,1,9,0,2,0,0,0,0,0,0,0,1,6,1,27,6,4163,1,7,-1,1,-1
2015440388071,1,9,0,17,0,0,2,0,7,10,1,1,6,1,21,5,1299,1,10,-1,1,-1
2015440388366,1,9,0,18,0,0,1,12,4,6,1,1,1,2,36,7,2231,2,1,-1,1,-1
2015440388430,1,9,0,18,0,0,2,0,1,4,1,1,2,1,21,5,1149,1,11,-1,2,-1
2015440388541,1,20,0,7,0,8,0,0,0,0,0,1,1,1,30,6,4462,2,1,-1,1,-1
2015440388541,2,4,0,18,0,1,0,0,0,0,0,1,6,2,43,7,249,1,3,-1,1,-1
2015440388625,1,9,0,11,0,8,0,0,7,4,1,1,6,1,24,5,1975,1,7,-1,1,-1
2015440388628,1,9,0,18,0,0,0,0,1,11,1,1,6,1,26,6,1998,2,14,-1,-1,-1