Accident_Index,Vehicle_Reference,Vehicle_Type,Towing_and_Articulation,Vehicle_Manoeuvre,Vehicle_Location-Restricted_Lane,Junction_Location,Skidding_and_Overturning,Hit_Object_in_Carriageway,Vehicle_Leaving_Carriageway,Hit_Object_off_Carriageway,1st_Point_of_Impact,Was_Vehicle_Left_Hand_Drive?,Journey_Purpose_of_Driver,Sex_of_Driver,Age_of_Driver,Age_Band_of_Driver,Engine_Capacity_(CC),Propulsion_Code,Age_of_Vehicle,Driver_IMD_Decile,Driver_Home_Area_Type,Vehicle_IMD_Decile
2015440388631,1,9,0,9,0,5,1,0,0,0,1,1,6,2,53,8,1299,1,13,-1,1,-1
2015440388631,2,9,0,18,0,1,0,0,0,0,3,1,6,2,53,8,1598,1,7,-1,1,-1
2015440388734,1,9,0,9,0,5,0,0,0,0,4,1,6,1,49,8,1998,1,17,-1,1,-1
2015440388734,2,9,0,18,0,1,0,0,0,0,1,1,6,2,75,10,1388,1,3,-1,1,-1
2015440388778,1,9,0,1,0,2,0,0,0,0,2,1,6,1,-1,-1,1839,1,12,-1,-1,-1
2015440388806,1,9,0,18,0,2,0,0,0,0,1,1,6,1,39,7,1951,2,9,-1,1,-1
2015440388806,2,9,0,18,0,2,0,0,0,0,2,1,6,1,53,8,1995,2,6,-1,1,-1
2015440388806,3,9,0,18,0,2,0,0,0,0,2,1,6,1,32,6,1587,1,9,-1,1,-1
2015440388946,1,9,0,6,0,0,0,0,0,0,1,1,6,1,37,7,-1,-1,-1,-1,-1,-1
2015440388946,2,2,0,14,0,0,1,0,0,0,4,1,1,2,22,5,49,1,2,-1,1,-1
2015440388955,1,9,0,18,0,8,0,0,0,0,1,1,6,1,22,5,1997,2,10,-1,1,-1
2015440388955,2,9,0,9,0,8,0,0,0,0,3,1,2,1,52,8,1598,1,1,-1,1,-1
2015440389382,1,9,0,9,0,8,0,0,0,0,1,1,6,2,59,9,1299,1,11,-1,1,-1
2015440389382,2,9,0,18,0,8,0,0,0,0,1,1,2,1,42,7,1399,2,12,-1,3,-1
2015440389446,1,3,0,18,0,0,0,0,0,0,1,1,4,1,16,4,-1,-1,-1,-1,1,-1
2015440389562,1,9,0,9,0,8,0,0,0,0,1,1,1,2,55,8,1590,1,11,-1,1,-1
2015440389562,2,9,0,18,0,8,0,0,0,0,1,1,6,1,77,11,1461,2,-1,-1,1,-1
2015440389782,1,9,0,10,0,1,0,0,0,0,2,1,1,2,53,8,1598,2,4,-1,1,-1
2015440389782,2,19,0,18,0,1,0,0,0,0,1,1,1,1,45,7,2402,2,7,-1,1,-1
2015440389872,1,21,0,18,0,1,0,0,0,0,1,1,1,1,-1,-1,12600,2,9,-1,-1,-1
2015440389872,2,9,0,5,0,4,0,0,0,0,2,1,6,1,73,10,1197,1,2,-1,3,-1
2015440390081,1,9,0,18,0,0,0,0,7,4,1,1,6,2,73,10,1598,2,3,-1,3,-1
2015440390208,1,9,0,18,0,0,1,0,0,0,1,1,2,2,34,6,1242,1,2,-1,2,-1
2015440390208,2,9,0,3,0,0,0,0,0,0,2,1,6,2,44,7,1968,2,5,-1,3,-1
2015440390208,3,9,0,3,0,0,0,0,0,0,2,1,2,2,44,7,1461,2,5,-1,3,-1
2015440390237,1,9,0,18,0,0,0,0,0,0,1,1,3,2,42,7,2143,2,1,-1,1,-1
2015440390274,1,9,0,7,0,8,0,0,0,0,2,1,6,2,55,8,1197,1,4,-1,1,-1
2015440390274,2,19,0,5,0,8,0,0,0,0,1,1,1,1,-1,-1,2143,2,2,-1,3,-1
2015440390391,1,9,0,7,0,8,0,0,0,0,1,1,6,1,49,8,1796,1,13,-1,1,-1
2015440390391,2,1,0,18,0,8,0,0,0,0,2,1,6,2,19,4,-1,-1,-1,-1,1,-1
2015440390437,1,9,0,18,0,8,0,0,3,0,3,1,6,1,27,6,1299,1,11,-1,1,-1
2015440390437,2,9,0,18,0,8,0,0,0,0,3,1,6,1,48,8,1329,1,-1,-1,1,-1
2015440390617,1,1,0,18,0,1,0,0,0,0,1,1,1,1,32,6,-1,-1,-1,-1,1,-1
2015440390617,2,11,0,9,0,6,0,0,0,0,3,1,1,3,-1,-1,6696,2,-1,-1,-1,-1
2015440390649,1,9,0,18,0,0,0,0,0,0,1,1,1,1,20,4,1560,2,1,-1,1,-1
2015440390649,2,9,0,3,0,0,0,0,0,0,2,1,1,2,23,5,1599,1,7,-1,1,-1
2015440390649,3,19,0,3,0,0,0,0,0,0,2,1,1,1,25,5,1995,2,7,-1,1,-1
2015440391096,1,19,0,18,0,1,0,0,0,0,1,1,1,1,27,6,2198,2,3,-1,1,-1
2015440391096,2,9,0,3,0,1,0,0,0,0,2,1,6,2,35,6,1596,1,7,-1,1,-1
2015440391096,3,19,0,3,0,1,0,0,0,0,2,1,1,1,50,8,1560,2,2,-1,1,-1
2015440391139,1,9,0,9,0,5,0,0,0,0,3,1,6,2,54,8,2987,2,4,-1,1,-1
2015440391139,2,3,0,13,0,1,0,0,0,0,1,1,6,1,20,4,124,1,1,-1,1,-1
2015440391347,1,5,0,14,0,8,1,0,0,0,1,1,6,1,72,10,919,1,13,-1,1,-1
2015440391347,2,9,0,9,0,8,0,0,0,0,3,1,6,2,41,7,1598,1,11,-1,1,-1
2015440391460,1,9,0,18,0,0,0,0,0,0,1,1,2,1,53,8,1910,2,10,-1,1,-1
2015440391460,2,1,0,18,0,0,0,0,0,0,3,1,6,1,45,7,-1,-1,-1,-1,1,-1
2015440391716,1,9,0,18,0,1,1,0,0,0,1,1,6,1,30,6,1598,1,14,-1,1,-1
2015440391772,1,9,0,18,0,8,0,10,0,0,4,1,6,1,27,6,-1,-1,-1,-1,1,-1
2015440391772,2,9,0,10,0,8,0,0,0,0,4,1,6,2,48,8,1197,1,-1,-1,1,-1
2015440391920,1,3,0,16,0,0,1,0,7,11,1,1,6,1,23,5,124,1,12,-1,1,-1
2015440392091,1,9,0,5,0,0,0,0,0,0,4,1,6,2,51,8,1598,1,6,-1,1,-1
2015440392143,1,9,0,16,0,0,0,0,0,0,1,1,1,1,27,6,3947,1,18,-1,3,-1
2015440392143,2,9,0,17,0,0,0,0,0,0,1,1,1,1,39,7,2995,1,8,-1,1,-1
2015440392364,1,19,0,1,0,8,0,0,0,0,2,1,1,1,-1,-1,2143,2,4,-1,-1,-1
2015440392364,2,3,0,18,0,8,0,0,0,0,1,1,6,1,28,6,124,1,-1,-1,1,-1
2015440392372,1,19,0,18,0,0,0,0,0,0,3,1,6,1,26,6,1753,2,10,-1,1,-1
2015440392372,2,20,0,11,0,0,0,0,0,0,4,1,6,1,44,7,-1,-1,-1,-1,1,-1
2015440392428,1,9,0,18,0,0,0,0,0,0,1,1,6,2,43,7,1598,1,9,-1,1,-1
2015440392465,1,9,0,8,0,1,0,0,0,0,2,1,6,2,48,8,1242,1,14,-1,1,-1
2015440392465,2,9,0,4,0,1,0,0,0,0,1,1,6,3,-1,-1,1797,8,5,-1,-1,-1
2015440392472,1,11,0,7,0,2,0,0,0,0,4,1,1,1,61,9,3900,2,9,-1,3,-1
2015440392737,1,9,0,9,0,8,0,0,0,0,4,1,6,2,43,7,1968,2,4,-1,3,-1
2015440392737,2,9,0,18,0,8,0,0,0,0,1,1,6,1,27,6,1975,2,17,-1,3,-1
2015440392782,1,9,0,18,0,0,0,0,0,0,1,1,6,1,81,11,1246,1,9,-1,1,-1
2015440392782,2,1,0,18,0,0,0,0,1,4,4,1,6,2,20,4,-1,-1,-1,-1,1,-1
2015440392785,1,2,0,5,0,8,1,0,0,0,1,1,6,1,19,4,49,1,-1,-1,1,-1
2015440392785,2,9,0,17,0,8,0,0,0,0,1,1,1,1,27,6,1395,1,-1,-1,1,-1
2015440392786,1,9,0,18,0,8,0,0,0,0,1,1,6,2,20,4,999,1,2,-1,1,-1
2015440392786,2,9,0,18,0,8,1,0,3,11,3,1,6,1,70,10,2204,2,9,-1,1,-1
2015440392793,1,9,0,5,0,8,0,0,0,0,3,1,6,1,60,9,1582,2,1,-1,1,-1
2015440392793,2,97,0,18,0,1,0,0,0,0,1,1,2,2,53,8,49,1,19,-1,3,-1
2015440392817,1,9,0,18,0,1,0,0,0,0,3,1,6,2,43,7,1995,2,16,-1,1,-1
2015440392817,2,9,0,7,0,8,0,0,0,0,1,1,6,2,39,7,1198,1,1,-1,1,-1
2015440392880,1,9,0,18,0,8,2,0,3,11,1,1,6,1,28,6,1598,1,6,-1,2,-1
2015440393032,1,9,0,18,0,8,0,0,0,0,1,1,2,2,27,6,1598,1,7,-1,1,-1
2015440393032,2,9,0,9,0,8,0,0,0,0,3,1,6,2,24,5,1995,2,5,-1,1,-1
2015440393228,1,9,0,7,0,8,0,0,0,0,3,1,2,2,23,5,875,1,2,-1,1,-1
2015440393228,2,9,0,18,0,8,0,0,0,0,3,1,2,3,-1,-1,1596,1,10,-1,-1,-1
2015440393320,1,9,0,18,0,8,0,0,0,0,1,1,1,2,46,8,1399,2,12,-1,1,-1
2015440393320,2,9,0,16,0,8,0,0,0,0,1,1,1,2,44,7,1587,1,8,-1,1,-1
2015440393343,1,9,0,18,0,2,0,0,0,0,1,1,6,3,-1,-1,-1,-1,-1,-1,-1,-1
2015440393394,1,9,0,7,5,8,0,0,0,0,4,1,6,1,36,7,1997,2,13,-1,1,-1
2015440393394,2,1,0,3,5,8,0,0,0,0,1,1,4,2,11,3,-1,-1,-1,-1,1,-1
2015440393834,1,9,0,7,0,8,0,0,0,0,1,1,6,2,-1,-1,1796,1,10,-1,-1,-1
2015440393834,2,1,0,18,0,8,0,0,0,0,1,1,6,2,44,7,-1,-1,-1,-1,1,-1
2015440393866,1,9,0,9,0,8,0,0,0,0,1,1,6,1,28,6,1781,1,13,-1,1,-1
2015440393866,2,1,0,18,0,8,0,0,0,0,1,1,6,2,17,4,-1,-1,-1,-1,1,-1
2015440394022,1,1,0,18,0,0,0,0,0,0,0,1,6,1,53,8,-1,-1,-1,-1,1,-1
2015440394077,1,9,0,4,0,0,0,0,0,0,1,1,2,1,43,7,998,1,1,-1,1,-1
2015440394077,2,9,0,4,0,0,0,0,0,0,2,1,2,2,45,7,1598,1,6,-1,1,-1
2015440394077,3,9,0,4,0,0,0,0,0,0,2,1,2,1,52,8,1598,2,1,-1,1,-1
2015440394085,1,1,0,18,0,0,0,0,0,0,3,1,4,1,11,3,-1,-1,-1,-1,1,-1
2015440394085,2,9,0,13,0,0,0,0,0,0,4,1,6,3,-1,-1,-1,-1,-1,-1,-1,-1
2015440394088,1,9,0,18,0,8,0,0,0,0,1,1,6,3,-1,-1,1997,1,13,-1,-1,-1
2015440394088,2,9,0,1,0,8,0,0,0,0,4,1,6,1,42,7,1798,8,3,-1,1,-1
2015440394137,1,9,0,9,0,8,0,0,0,0,1,1,1,1,22,5,1364,1,-1,-1,1,-1
2015440394137,2,1,0,10,0,8,0,0,0,0,3,1,6,1,52,8,-1,-1,-1,-1,1,-1
2015440394197,1,9,0,16,0,0,0,0,0,0,1,1,2,1,32,6,1124,1,13,-1,1,-1
2015440394197,2,9,0,18,0,0,0,0,0,0,1,1,6,1,69,10,1968,2,8,-1,1,-1
2015440394245,1,9,0,7,0,8,0,0,0,0,1,1,6,1,-1,-1,2987,2,9,-1,-1,-1
2015440394245,2,1,0,18,0,8,0,0,0,0,4,1,6,1,29,6,-1,-1,-1,-1,1,-1
2015440394363,1,9,0,16,0,8,0,0,0,0,1,1,6,1,39,7,1398,2,11,-1,1,-1
2015440394363,2,9,0,17,0,8,0,0,0,0,1,1,6,1,30,6,1900,2,16,-1,1,-1
2015440394425,1,9,0,16,0,8,2,0,0,7,1,1,6,1,50,8,4196,1,6,-1,2,-1
2015440394447,1,9,0,18,0,1,0,0,0,0,1,1,6,1,30,6,2656,1,13,-1,3,-1
2015440394447,2,9,0,2,0,1,0,0,0,0,3,1,6,1,55,8,1461,2,5,-1,1,-1
2015440394478,1,2,0,5,0,4,1,0,0,0,1,1,6,2,30,6,49,1,1,-1,1,-1
2015440394587,1,9,0,14,0,0,0,0,0,0,1,1,6,1,70,10,1948,1,13,-1,1,-1
2015440394601,1,9,0,4,0,8,0,0,0,0,2,1,2,1,52,8,1910,2,10,-1,1,-1
2015440394601,2,3,0,18,0,8,0,0,0,0,1,1,2,1,21,5,124,1,3,-1,1,-1
2015440394620,1,9,0,18,0,0,0,0,0,0,1,1,6,1,68,10,1997,2,14,-1,2,-1
2015440394628,1,9,0,9,0,8,0,0,0,0,4,1,2,1,35,6,1396,1,17,-1,1,-1
2015440394628,2,1,0,18,0,1,0,0,0,0,1,1,2,2,41,7,-1,-1,-1,-1,1,-1
2015440394676,1,9,0,9,0,8,0,0,0,0,4,1,6,2,17,4,1242,1,-1,-1,1,-1
2015440394676,2,9,0,18,0,8,0,0,0,0,1,1,6,1,23,5,1242,1,5,-1,1,-1
2015440394676,3,9,0,3,0,1,0,0,0,0,3,1,6,1,17,4,1198,1,6,-1,3,-1
2015440394804,1,17,0,18,0,0,2,0,0,0,4,1,1,1,22,5,904,2,4,-1,3,-1
2015440394867,1,9,0,18,0,0,0,0,1,0,3,1,6,2,33,6,1896,2,13,-1,3,-1
2015440394867,2,9,0,16,0,0,0,0,0,0,1,1,6,3,-1,-1,-1,-1,-1,-1,-1,-1
2015440394894,1,9,0,18,0,1,0,0,0,0,4,1,6,2,57,9,1598,1,8,-1,1,-1
2015440394998,1,3,0,18,0,8,0,0,0,0,1,1,6,1,22,5,125,1,1,-1,1,-1
2015440394998,2,9,0,9,0,8,0,0,0,0,3,1,6,2,62,9,1396,1,12,-1,1,-1
2015440395349,1,9,0,18,0,0,0,0,0,0,1,1,6,1,19,4,1242,1,16,-1,1,-1
2015440395349,2,9,0,4,0,0,0,0,0,0,2,1,6,1,23,5,998,1,-1,-1,1,-1
2015440395390,1,9,0,3,0,0,0,0,0,0,2,1,6,2,28,6,1984,1,2,-1,1,-1
2015440395390,2,9,0,3,0,0,0,0,0,0,2,1,6,1,34,6,1124,1,11,-1,1,-1
2015440395390,3,9,0,4,0,0,0,0,0,0,2,1,6,2,31,6,1124,1,12,-1,1,-1
2015440395390,4,9,0,18,0,0,0,0,0,0,1,1,6,2,35,6,1198,1,9,-1,1,-1
2015440395403,1,11,0,4,0,0,0,0,0,0,4,1,1,1,40,7,8268,2,14,-1,1,-1
2015440395421,1,1,0,18,0,2,0,0,0,0,3,1,6,1,19,4,-1,-1,-1,-1,1,-1
2015440395421,2,5,0,18,0,2,0,0,0,0,1,1,6,1,24,5,-1,-1,-1,-1,1,-1
2015440395434,1,11,0,9,0,8,0,0,0,0,1,1,1,2,19,4,6700,2,7,-1,-1,-1
2015440395468,1,9,0,12,0,8,0,0,0,0,3,1,6,1,19,4,1598,7,13,-1,1,-1
2015440395468,2,9,0,11,0,8,0,0,0,0,4,1,6,1,41,7,1999,1,7,-1,1,-1
2015440395606,1,9,0,18,0,0,0,0,1,0,4,1,6,1,20,4,1398,1,2,-1,3,-1
2015440395616,1,9,0,18,0,8,0,0,0,0,1,1,6,2,30,6,1998,1,13,-1,1,-1
2015440395616,2,9,0,9,0,8,0,0,0,0,3,1,6,1,40,7,1995,2,12,-1,1,-1
2015440395623,1,9,0,18,0,0,0,0,0,0,1,1,6,2,62,9,1590,1,10,-1,2,-1
2015440395789,1,9,0,9,0,8,0,0,0,0,1,1,6,1,37,7,1896,2,16,-1,1,-1
2015440396112,1,19,0,12,0,0,0,0,0,0,3,1,1,1,-1,-1,-1,-1,-1,-1,-1,-1
2015440396112,2,9,0,18,0,0,0,0,0,0,4,1,6,2,23,5,998,1,13,-1,1,-1
2015440396135,1,9,0,7,0,8,1,0,0,0,1,1,6,2,50,8,1796,1,11,-1,1,-1
2015440396135,2,19,0,4,0,8,0,0,0,0,1,1,6,2,24,5,-1,-1,-1,-1,1,-1
2015440396177,1,9,0,14,0,1,0,0,0,0,4,1,6,2,32,6,1796,1,19,-1,1,-1
2015440396177,2,1,0,12,0,1,0,0,0,0,1,1,6,1,40,7,-1,-1,-1,-1,1,-1
2015440396205,1,9,0,5,0,8,0,0,0,0,1,1,6,2,40,7,1798,1,-1,-1,1,-1
2015440396205,2,9,0,18,0,8,0,0,0,0,3,1,1,1,48,8,998,1,1,-1,1,-1
2015440396356,1,1,0,18,0,8,0,0,0,0,1,1,6,1,18,4,-1,-1,-1,-1,1,-1
2015440396356,2,9,0,7,0,8,0,0,0,0,4,1,6,3,-1,-1,-1,-1,-1,-1,-1,-1
2015440396412,1,1,0,7,0,8,0,0,0,0,3,1,6,1,60,9,-1,-1,-1,-1,1,-1
2015440396412,2,9,0,14,0,8,0,0,0,0,4,1,6,1,77,11,1198,1,3,-1,1,-1
2015440396459,1,9,0,18,0,8,0,0,0,0,1,1,6,1,51,8,1199,1,12,-1,1,-1
2015440396553,1,9,0,9,0,8,0,0,0,0,4,1,6,1,26,6,1560,2,3,-1,2,-1
2015440396553,2,19,0,18,0,8,0,0,0,0,1,1,6,1,23,5,1598,2,-1,-1,1,-1
2015440396641,1,9,0,18,0,8,0,0,0,0,4,1,6,2,40,7,2000,2,4,-1,1,-1
2015440396641,2,9,0,18,0,8,0,0,0,0,1,1,6,3,-1,-1,1299,1,10,-1,-1,-1
2015440396785,1,9,0,18,0,8,0,0,0,0,1,1,6,1,19,4,1299,1,13,-1,1,-1
2015440396785,2,9,0,18,0,8,0,0,0,0,4,1,6,2,40,7,1598,1,10,-1,1,-1
2015440396864,1,9,0,9,0,8,0,0,0,0,1,1,6,2,57,9,998,1,4,-1,1,-1
2015440397220,1,9,0,13,0,0,0,0,0,0,3,1,1,1,47,8,1248,1,6,-1,1,-1
2015440397220,2,9,0,18,0,0,0,0,0,0,3,1,6,2,22,5,1124,1,14,-1,1,-1
2015440397220,3,9,0,18,0,0,0,0,0,0,3,1,6,2,24,5,1299,1,7,-1,3,-1
2015440397220,4,1,0,18,0,0,0,0,0,0,3,1,6,2,37,7,-1,-1,-1,-1,1,-1
2015440397476,1,9,0,18,0,0,1,0,0,0,1,1,6,2,19,4,1388,1,13,-1,1,-1
2015440397476,2,9,0,18,0,0,0,0,0,0,2,1,6,3,-1,-1,-1,-1,-1,-1,-1,-1
2015440397492,1,9,0,4,0,8,0,0,0,0,1,1,6,1,34,6,1598,1,9,-1,3,-1
2015440397492,2,9,0,4,0,8,0,0,0,0,2,1,6,2,42,7,1598,1,7,-1,3,-1
2015440397492,3,9,0,4,0,8,0,0,0,0,2,1,6,1,53,8,1956,2,2,-1,1,-1
2015440397530,1,9,0,18,0,8,0,0,0,0,4,1,2,2,17,4,998,1,11,-1,1,-1
2015440397530,2,9,0,18,0,8,0,0,0,0,1,1,6,1,-1,-1,-1,-1,-1,-1,-1,-1
2015440397534,1,9,0,18,0,2,0,0,1,10,1,1,6,2,52,8,1198,1,-1,-1,1,-1
2015440397881,1,9,0,5,0,8,0,0,8,11,1,1,3,1,53,8,2184,2,6,-1,1,-1
2015440397881,2,11,0,18,2,8,0,0,0,0,4,1,1,1,42,7,4461,2,2,-1,1,-1
2015440397986,1,21,0,9,0,8,0,0,0,0,1,1,1,1,29,6,9290,2,1,-1,1,-1
2015440397986,2,9,0,18,0,8,0,0,0,0,1,1,2,1,39,7,1798,1,10,-1,2,-1
2015440398279,1,3,0,18,0,1,1,0,0,0,1,1,2,1,26,6,102,1,-1,-1,1,-1
2015440398645,1,1,0,18,0,0,0,0,0,0,2,1,6,1,9,2,-1,-1,-1,-1,1,-1
2015440398645,2,3,0,18,0,0,0,0,0,0,1,1,6,1,-1,-1,-1,-1,-1,-1,-1,-1
2015440398689,1,9,0,9,9,8,0,0,0,0,4,1,6,1,54,8,1997,2,15,-1,1,-1
2015440398794,1,9,0,18,0,1,0,0,0,0,1,1,6,2,54,8,1596,1,11,-1,1,-1
2015440398794,2,1,0,18,0,2,0,0,0,0,4,1,4,2,10,2,-1,-1,-1,-1,1,-1
2015440398822,1,9,0,9,0,8,0,0,0,0,1,1,1,1,32,6,1896,2,7,-1,1,-1
2015440398822,2,3,0,13,0,8,0,0,0,0,1,1,2,1,19,4,125,1,11,-1,1,-1
2015440398831,1,9,0,9,0,8,0,0,0,0,4,1,6,1,61,9,998,1,12,-1,2,-1
2015440398831,2,9,0,18,0,8,0,0,0,0,1,1,2,1,25,5,1598,1,6,-1,1,-1
2015440398836,1,9,0,9,0,8,0,0,0,0,3,1,6,1,17,4,1388,1,12,-1,1,-1
2015440398836,2,3,0,13,0,8,0,0,0,0,1,1,6,1,26,6,124,1,5,-1,1,-1
2015440398856,1,5,0,18,0,0,0,0,0,0,1,1,6,1,-1,-1,996,1,15,-1,-1,-1
2015440398870,1,9,0,9,0,8,0,0,0,0,1,1,6,1,-1,-1,1796,1,13,-1,-1,-1
2015440398870,2,9,0,18,0,8,0,0,0,0,1,1,6,1,45,7,1998,1,11,-1,1,-1
2015440398896,1,9,0,9,0,8,0,0,0,0,3,1,6,2,23,5,1242,1,9,-1,1,-1
2015440398896,2,19,0,18,0,8,0,0,0,0,1,1,6,1,58,9,2198,2,2,-1,1,-1
2015440398896,3,9,0,10,0,8,0,0,0,0,1,1,6,1,60,9,1749,1,11,-1,1,-1
2015440398917,1,9,0,4,0,8,0,0,0,0,2,1,6,1,28,6,2967,1,16,-1,2,-1
2015440398917,2,9,0,18,0,8,0,0,0,0,1,1,6,2,48,8,1896,2,8,-1,3,-1
2015440398918,1,5,0,18,0,8,0,0,0,0,1,1,6,1,47,8,745,1,-1,-1,1,-1
2015440398918,2,9,0,9,0,8,0,0,0,0,3,1,2,2,57,9,-1,-1,-1,-1,1,-1
2015440398949,1,9,0,9,0,8,1,0,1,4,1,1,2,2,20,4,1242,1,11,-1,1,-1
2015440398949,2,9,0,5,0,4,0,0,0,0,0,1,6,3,-1,-1,-1,-1,-1,-1,-1,-1
2015440399018,1,9,0,16,0,0,5,0,0,0,1,1,6,1,22,5,1997,2,13,-1,2,-1
2015440399155,1,9,0,16,0,0,0,0,7,4,1,1,6,1,20,4,1995,2,1,-1,3,-1
2015440399242,1,9,0,5,0,8,0,0,0,0,1,1,1,2,30,6,1598,1,3,-1,3,-1
2015440399242,2,2,0,18,0,8,0,0,0,0,4,1,6,2,65,9,49,1,-1,-1,3,-1
2015440399302,1,19,0,9,0,5,0,0,0,0,3,1,2,1,43,7,2198,2,-1,-1,1,-1
2015440399302,2,1,0,18,0,1,0,0,0,0,1,1,6,1,40,7,-1,-1,-1,-1,1,-1
2015440399317,1,9,0,13,0,1,0,0,0,0,1,1,6,2,-1,-1,-1,-1,-1,-1,-1,-1
2015440399317,2,1,0,9,0,1,0,0,0,0,3,1,4,1,11,3,-1,-1,-1,-1,1,-1
2015440399612,1,9,0,9,0,8,0,0,0,0,3,1,6,1,46,8,-1,-1,-1,-1,1,-1
2015440399612,2,9,0,18,0,8,0,7,0,0,1,1,6,1,78,11,2198,1,11,-1,1,-1
2015440400011,1,9,0,9,0,8,0,0,0,0,3,1,6,1,61,9,1390,1,1,-1,1,-1
2015440400011,2,1,0,18,0,1,0,0,0,0,1,1,6,1,32,6,-1,-1,-1,-1,1,-1
2015440400042,1,9,0,18,0,0,1,0,5,6,1,1,6,1,48,8,995,1,11,-1,1,-1
2015440400042,2,9,0,11,0,0,0,0,0,0,0,1,6,3,-1,-1,-1,-1,-1,-1,-1,-1
2015440400042,3,9,0,18,0,0,0,0,0,0,1,1,6,1,-1,-1,-1,-1,-1,-1,-1,-1
2015440400190,1,9,0,18,0,0,0,0,0,0,2,1,2,2,43,7,1229,1,9,-1,1,-1
2015440400190,2,9,0,18,0,0,0,0,0,0,1,1,2,3,-1,-1,1229,1,9,-1,-1,-1
2015440400220,1,9,0,9,0,8,0,0,0,0,1,1,6,1,83,11,1591,1,-1,-1,1,-1
2015440400220,2,97,0,18,0,8,0,0,0,0,1,1,6,1,22,5,-1,-1,-1,-1,1,-1
2015440400302,1,9,0,7,0,8,0,0,1,0,3,1,6,2,27,6,1968,2,3,-1,1,-1
2015440400302,2,9,0,12,0,8,0,0,0,0,1,1,6,1,58,9,1956,2,1,-1,2,-1
2015440400302,3,9,0,18,0,8,0,11,0,0,1,1,6,2,46,8,-1,-1,-1,-1,1,-1
2015440400303,1,9,0,9,0,8,0,0,0,0,1,1,6,2,52,8,2401,2,11,-1,1,-1
2015440400303,2,9,0,18,0,8,0,0,0,0,1,1,6,2,23,5,1299,1,15,-1,1,-1
2015440400647,1,9,0,9,0,8,0,0,0,0,1,1,1,2,36,7,1596,1,1,-1,1,-1
2015440400647,2,1,0,18,0,8,0,0,0,0,4,1,2,2,65,9,-1,-1,-1,-1,1,-1
2015440400655,1,9,0,18,0,0,0,0,0,0,1,1,1,1,58,9,1560,2,1,-1,1,-1
2015440400810,1,19,0,9,0,8,0,0,0,0,1,1,6,1,22,5,1995,2,3,-1,1,-1
2015440400810,2,9,0,18,0,8,0,0,0,0,1,1,6,2,80,11,1596,1,7,-1,1,-1
2015440400819,1,5,0,18,0,8,1,0,0,0,1,1,6,1,44,7,1299,1,8,-1,1,-1
2015440400819,2,19,0,9,0,8,0,0,0,0,3,1,1,1,33,6,1598,2,-1,-1,1,-1
2015440400943,1,9,0,4,0,1,0,0,0,0,2,1,2,2,33,6,1364,1,5,-1,1,-1
2015440400943,2,9,0,18,0,1,0,0,0,0,0,1,6,3,-1,-1,-1,-1,-1,-1,-1,-1
2015440401022,1,19,4,1,0,0,0,0,0,0,2,1,6,1,34,6,-1,-1,-1,-1,1,-1
2015440401396,1,19,0,3,0,8,0,0,0,0,2,1,6,1,36,7,-1,-1,-1,-1,1,-1
2015440401396,2,9,0,4,0,8,0,0,0,0,1,1,6,3,-1,-1,1198,1,7,-1,-1,-1
2015440401404,1,9,0,17,0,8,0,0,0,0,1,1,6,2,34,6,1299,1,11,-1,1,-1
2015440401404,2,9,0,5,0,8,0,10,0,0,2,1,6,2,20,4,999,1,-1,-1,1,-1
2015440401408,1,9,0,7,0,8,0,0,0,0,3,1,6,2,41,7,1870,2,12,-1,1,-1
2015440401408,2,9,0,18,0,8,0,0,0,0,1,1,6,1,23,5,1995,2,3,-1,1,-1
2015440401408,3,9,0,18,0,8,0,0,0,0,1,1,6,2,47,8,1390,1,14,-1,1,-1
2015440401415,1,9,0,17,0,2,0,0,0,0,0,1,6,1,24,5,1597,1,16,-1,1,-1
2015440401476,1,9,0,18,0,1,0,0,0,0,1,1,6,3,-1,-1,-1,-1,-1,-1,-1,-1
2015440401529,1,9,0,9,0,8,0,0,0,0,4,1,6,1,31,6,1896,2,11,-1,-1,-1
2015440401529,2,3,0,18,0,8,0,0,0,0,1,1,6,1,20,4,125,1,13,-1,1,-1
2015440401626,1,19,0,18,0,0,2,0,2,4,1,1,1,1,48,8,2148,2,9,-1,1,-1
2015440401626,2,9,0,18,0,0,0,0,0,0,1,1,6,1,30,6,-1,-1,-1,-1,1,-1
2015440401626,3,9,0,18,0,0,0,0,0,0,1,1,6,1,30,6,1389,1,13,-1,1,-1
2015440401626,4,9,0,18,0,0,0,0,0,0,1,1,6,1,27,6,1956,2,6,-1,1,-1
2015440401626,5,9,0,18,0,0,0,0,0,0,1,1,6,1,19,4,-1,-1,-1,-1,-1,-1
2015440401839,1,9,0,7,0,8,0,0,0,0,4,1,2,1,29,6,-1,-1,-1,-1,1,-1
2015440401839,2,1,0,18,0,8,0,0,0,0,1,1,2,1,44,7,-1,-1,-1,-1,1,-1
2015440401875,1,9,0,5,0,1,0,0,0,0,1,1,1,3,-1,-1,1396,1,10,-1,-1,-1
2015440401875,2,9,0,4,0,1,0,0,0,0,2,1,1,1,49,8,-1,-1,-1,-1,1,-1