Accident_Index,Vehicle_Reference,Vehicle_Type,Towing_and_Articulation,Vehicle_Manoeuvre,Vehicle_Location-Restricted_Lane,Junction_Location,Skidding_and_Overturning,Hit_Object_in_Carriageway,Vehicle_Leaving_Carriageway,Hit_Object_off_Carriageway,1st_Point_of_Impact,Was_Vehicle_Left_Hand_Drive?,Journey_Purpose_of_Driver,Sex_of_Driver,Age_of_Driver,Age_Band_of_Driver,Engine_Capacity_(CC),Propulsion_Code,Age_of_Vehicle,Driver_IMD_Decile,Driver_Home_Area_Type,Vehicle_IMD_Decile
2015440401911,1,9,0,18,0,8,0,0,0,0,3,1,1,1,71,10,1910,2,9,-1,1,-1
2015440401911,2,1,0,18,0,8,0,0,0,0,1,1,1,1,27,6,-1,-1,-1,-1,1,-1
2015440401997,1,9,0,9,0,8,0,0,0,0,3,1,6,2,27,6,1149,1,12,-1,-1,-1
2015440401997,2,3,0,18,0,8,1,0,0,0,1,1,6,2,18,4,125,1,3,-1,1,-1
2015440402132,1,9,0,9,0,8,0,0,0,0,3,1,2,2,17,4,973,1,13,-1,1,-1
2015440402132,2,9,0,18,0,8,0,0,0,0,1,1,6,2,43,7,1229,1,2,-1,1,-1
2015440402339,1,9,0,2,0,2,0,0,0,0,4,1,6,2,29,6,1229,1,8,-1,1,-1
2015440402339,2,8,0,18,0,1,0,4,0,0,3,1,1,3,-1,-1,-1,-1,-1,-1,-1,-1
2015440402342,1,1,0,18,0,8,1,0,0,0,4,1,6,1,68,10,-1,-1,-1,-1,1,-1
2015440402422,1,9,0,16,0,0,1,0,0,0,1,1,1,1,28,6,2967,2,1,-1,2,-1
2015440402422,2,19,0,17,0,0,1,0,0,0,1,1,1,1,53,8,-1,-1,-1,-1,2,-1
2015440402464,1,9,0,3,0,1,0,0,0,0,2,1,6,2,39,7,1242,1,6,-1,1,-1
2015440402464,2,9,0,5,0,1,0,0,0,0,1,1,6,2,34,6,1998,1,16,-1,1,-1
2015440402508,1,9,0,9,0,2,0,0,0,0,2,1,6,1,27,6,1995,2,11,-1,1,-1
2015440402698,1,9,0,18,0,0,0,0,0,0,1,1,1,2,37,7,1984,1,12,-1,1,-1
2015440402703,1,9,0,4,0,0,0,0,0,0,1,1,6,1,30,6,1598,2,3,-1,1,-1
2015440402703,2,9,0,4,0,0,0,0,0,0,2,1,6,2,47,8,1997,2,8,-1,1,-1
2015440402703,3,19,0,18,0,0,1,0,0,0,2,1,6,1,43,7,1248,2,-1,-1,1,-1
2015440402755,1,9,0,18,0,0,0,0,0,0,1,1,6,1,-1,-1,1388,1,6,-1,-1,-1
2015440402782,1,9,0,9,0,8,0,0,0,0,3,1,2,2,23,5,1341,1,11,-1,1,-1
2015440402782,2,9,0,17,0,8,0,0,0,0,1,1,2,2,37,7,1997,2,4,-1,2,-1
2015440403060,1,9,0,17,0,0,1,0,1,4,1,1,6,1,27,6,-1,-1,-1,-1,2,-1
2015440403121,1,9,0,18,0,0,0,4,0,0,4,1,6,2,22,5,1400,1,10,-1,1,-1
2015440403121,2,9,0,2,0,0,0,0,0,0,3,1,6,1,-1,-1,1968,2,1,-1,-1,-1
2015440403276,1,9,0,9,0,6,0,0,0,0,3,1,2,1,37,7,2521,1,11,-1,1,-1
2015440403276,2,9,0,18,0,1,0,0,0,0,1,1,2,1,40,7,1596,1,14,-1,1,-1
2015440403536,1,9,0,18,0,0,5,4,0,0,1,1,6,1,75,10,973,1,13,-1,1,-1
2015440403536,2,9,0,2,0,0,0,0,0,0,1,1,6,1,65,9,1839,1,22,-1,-1,-1
2015440403752,1,9,0,18,0,1,0,0,0,0,1,1,6,2,19,4,1299,1,12,-1,1,-1
2015440403752,2,9,0,10,0,1,0,0,0,0,2,1,6,2,41,7,1968,2,-1,-1,1,-1
2015440403837,1,9,0,18,0,0,0,0,0,0,4,1,6,1,70,10,1896,2,9,-1,-1,-1
2015440403909,1,9,0,5,0,6,0,0,0,0,1,1,6,2,81,11,1998,1,9,-1,3,-1
2015440403909,2,9,0,18,0,1,0,0,0,0,4,1,6,2,21,5,998,1,3,-1,3,-1
2015440403948,1,9,0,18,0,0,0,0,0,0,4,1,6,1,84,11,-1,-1,-1,-1,1,-1
2015440404079,1,1,0,7,0,2,0,0,0,0,2,1,6,1,43,7,-1,-1,-1,-1,1,-1
2015440404079,2,9,0,9,0,2,0,0,0,0,1,1,6,3,-1,-1,-1,-1,-1,-1,-1,-1
2015440404209,1,3,0,13,0,8,0,0,0,0,1,1,6,1,18,4,124,1,10,-1,2,-1
2015440404209,2,9,0,9,0,8,0,0,0,0,3,1,6,1,49,8,1560,2,9,-1,1,-1
2015440404221,1,9,0,18,0,0,0,0,0,0,1,1,6,2,25,5,998,1,3,-1,1,-1
2015440404423,1,3,0,18,0,0,1,0,0,0,4,1,6,1,18,4,124,1,-1,-1,1,-1
2015440404757,1,9,0,4,0,0,0,0,0,0,2,1,6,2,82,11,1762,1,16,-1,2,-1
2015440404757,2,9,0,18,0,0,0,0,0,0,1,1,6,3,-1,-1,-1,-1,-1,-1,-1,-1
2015440404821,1,9,0,9,0,6,0,0,0,0,3,1,6,2,56,9,1839,1,10,-1,1,-1
2015440404821,2,9,0,18,0,1,0,0,0,0,1,1,6,1,68,10,3301,1,12,-1,1,-1
2015440404847,1,9,0,3,0,1,0,0,0,0,2,1,6,1,61,9,1910,2,10,-1,1,-1
2015440404847,2,9,0,18,0,1,0,0,0,0,1,1,6,2,45,7,1599,1,10,-1,1,-1
2015440404847,3,19,0,18,0,1,0,0,0,0,1,1,6,1,58,9,2461,2,16,-1,2,-1
2015440404876,1,9,0,5,0,0,0,0,0,0,0,1,6,3,-1,-1,-1,-1,-1,-1,-1,-1
2015440404876,2,97,0,18,0,0,0,0,0,0,1,1,6,1,29,6,125,1,-1,-1,1,-1
2015440404913,1,21,1,18,0,0,0,0,0,0,3,1,1,1,24,5,16000,2,8,-1,3,-1
2015440404913,2,9,0,18,0,0,0,0,4,7,4,1,1,1,19,4,-1,-1,-1,-1,3,-1
2015440404961,1,9,0,12,0,0,2,0,1,0,3,1,6,1,46,8,1598,2,4,-1,3,-1
2015440404961,2,9,0,11,0,0,2,0,0,0,4,1,6,1,25,5,1360,1,15,-1,1,-1
2015440405030,1,9,0,13,0,1,0,0,0,0,1,1,6,2,65,9,1598,1,1,-1,1,-1
2015440405030,2,19,0,9,0,6,0,0,0,0,3,1,6,1,57,9,2446,2,14,-1,1,-1
2015440405033,1,19,0,9,0,8,0,0,0,0,1,1,6,1,58,9,1996,2,1,-1,3,-1
2015440405033,2,9,0,10,0,1,0,0,0,0,1,1,6,2,48,8,1595,1,10,-1,3,-1
2015440405772,1,9,0,18,0,1,1,0,7,4,1,1,6,1,36,7,1968,2,-1,-1,3,-1
2015440405847,1,97,0,9,0,8,1,0,0,0,0,1,6,1,45,7,-1,-1,-1,-1,1,-1
2015440405961,1,9,0,4,0,0,0,0,0,0,1,1,6,2,44,7,1798,2,5,-1,1,-1
2015440405961,2,9,0,3,0,0,0,0,0,0,2,1,6,1,23,5,2171,1,13,-1,1,-1
2015440405961,3,9,0,3,0,0,0,0,0,0,2,1,6,2,40,7,1598,1,5,-1,1,-1
2015440406008,1,9,0,18,0,1,0,4,0,0,1,1,6,1,86,11,-1,-1,-1,-1,3,-1
2015440406008,2,19,0,2,0,1,0,0,0,0,2,1,6,3,-1,-1,2500,2,14,-1,-1,-1
2015440406071,1,9,0,18,0,0,0,0,1,11,1,1,6,1,31,6,1587,1,15,-1,1,-1
2015440406245,1,9,0,11,0,0,0,0,0,0,1,1,6,2,64,9,2400,2,4,-1,3,-1
2015440406245,2,9,0,18,0,0,0,0,0,0,2,1,6,1,80,11,1560,2,2,-1,2,-1
2015440406245,3,9,0,18,0,0,0,0,0,0,2,1,6,1,34,6,-1,-1,-1,-1,-1,-1
2015440406309,1,9,0,9,0,8,0,0,0,0,4,1,6,1,40,7,1360,1,9,-1,1,-1
2015440406309,2,3,0,18,0,8,0,0,0,0,1,1,6,1,19,4,124,1,13,-1,1,-1
2015440406328,1,9,0,18,0,0,1,0,6,4,1,1,6,2,24,5,3246,1,14,-1,1,-1
2015440406522,1,9,0,4,0,0,0,0,0,0,1,1,2,1,57,9,2987,2,4,-1,1,-1
2015440406522,2,9,0,4,0,0,0,0,0,0,2,1,2,2,37,7,1198,1,2,-1,1,-1
2015440406522,3,9,0,4,0,0,0,0,0,0,2,1,2,1,45,7,2685,2,10,-1,1,-1
2015440406612,1,9,0,3,0,8,0,0,0,0,2,1,2,2,54,8,1998,2,1,-1,3,-1
2015440406612,2,9,0,18,0,8,0,0,0,0,1,1,2,2,32,6,1900,2,7,-1,1,-1
2015440406640,1,9,0,3,0,1,0,0,0,0,2,1,2,1,18,4,1390,1,9,-1,1,-1
2015440406640,2,9,0,5,0,1,0,0,0,0,1,1,6,3,-1,-1,1995,2,1,-1,-1,-1
2015440406680,1,19,0,18,0,8,0,0,0,0,3,1,1,1,23,5,1248,2,10,-1,1,-1
2015440406680,2,9,0,9,0,8,0,0,0,0,1,1,6,2,54,8,-1,-1,-1,-1,1,-1
2015440406814,1,3,0,14,0,1,1,0,0,0,1,1,6,1,22,5,125,1,-1,-1,1,-1
2015440406814,2,9,0,9,0,6,0,0,0,0,3,1,3,2,55,8,1399,1,6,-1,1,-1
2015440406843,1,9,0,14,0,1,0,0,0,0,1,1,6,2,68,10,1397,1,12,-1,3,-1
2015440406843,2,1,0,18,0,2,0,0,0,0,1,1,6,2,80,11,-1,-1,-1,-1,2,-1
2015440407132,1,9,0,14,0,0,0,0,0,0,1,1,6,2,30,6,1686,2,4,-1,1,-1
2015440407132,2,9,0,18,0,0,0,0,0,0,1,1,6,1,29,6,1956,2,-1,-1,1,-1
2015440407322,1,9,0,18,0,1,0,0,0,0,1,1,6,2,57,9,1598,2,3,-1,1,-1
2015440407322,2,9,0,18,0,8,5,0,0,0,4,1,6,2,30,6,1995,2,10,-1,2,-1
2015440407347,1,9,0,16,0,0,0,0,7,4,4,1,6,1,22,5,1124,1,9,-1,1,-1
2015440407356,1,9,0,18,0,0,0,0,0,0,1,1,6,2,20,4,1229,1,9,-1,1,-1
2015440407356,2,9,0,18,0,0,1,0,0,0,2,1,1,1,49,8,-1,-1,-1,-1,1,-1
2015440407356,3,21,0,18,0,0,0,0,0,0,3,1,1,1,-1,-1,11946,2,2,-1,1,-1
2015440407357,1,9,0,9,0,8,0,0,0,0,3,1,6,2,36,7,1997,2,4,-1,1,-1
2015440407357,2,5,0,18,0,1,0,0,0,0,1,1,2,1,23,5,599,1,14,-1,1,-1
2015440407366,1,9,0,9,0,5,0,0,0,0,4,1,2,1,42,7,1998,2,11,-1,1,-1
2015440407366,2,1,0,18,0,1,0,0,0,0,1,1,6,1,19,4,-1,-1,-1,-1,1,-1
2015440407367,1,20,0,11,0,0,0,0,0,0,4,1,2,1,49,8,10308,2,8,-1,-1,-1
2015440407367,2,9,0,18,0,0,0,0,0,0,3,1,6,2,20,4,1360,1,5,-1,1,-1
2015440407461,1,9,0,9,0,8,0,0,0,0,4,1,2,1,51,8,1598,1,5,-1,1,-1
2015440407461,2,1,0,9,0,8,0,0,0,0,1,1,2,1,23,5,-1,-1,-1,-1,1,-1
2015440407893,1,9,0,4,0,0,0,0,0,0,1,1,2,1,44,7,1796,1,8,-1,1,-1
2015440407893,2,9,0,4,0,0,0,0,0,0,2,1,2,1,44,7,1598,2,2,-1,1,-1
2015440407905,1,1,0,18,0,0,0,0,1,0,2,1,2,1,29,6,-1,-1,-1,-1,3,-1
2015440407905,2,10,0,18,0,0,0,0,0,0,1,1,1,1,77,11,-1,-1,-1,-1,3,-1
2015440407932,1,9,0,9,0,8,0,0,0,0,1,1,1,1,48,8,1968,2,4,-1,2,-1
2015440407932,2,5,0,18,0,8,0,0,0,0,1,1,6,1,39,7,-1,-1,-1,-1,3,-1
2015440407976,1,9,0,10,0,8,0,0,0,0,2,1,3,2,29,6,1461,2,8,-1,1,-1
2015440407976,2,19,0,16,0,8,0,0,0,0,1,1,1,1,57,9,2402,2,9,-1,1,-1
2015440407989,1,9,0,9,0,8,0,0,0,0,1,1,6,3,-1,-1,-1,-1,-1,-1,-1,-1
2015440407989,2,1,0,18,0,1,0,0,0,0,1,1,6,1,53,8,-1,-1,-1,-1,1,-1
2015440408036,1,3,0,8,0,1,0,0,0,0,1,1,6,1,20,4,125,1,-1,-1,1,-1
2015440408036,2,9,0,18,0,8,0,0,0,0,4,1,6,3,-1,-1,-1,-1,-1,-1,-1,-1
2015440408052,1,9,0,18,0,0,1,0,0,0,1,1,2,2,47,8,1360,1,13,-1,1,-1
2015440408052,2,9,0,3,0,0,0,0,0,0,2,1,2,2,26,6,1360,1,13,-1,1,-1
2015440408052,3,9,0,18,0,0,1,0,0,0,1,1,2,2,37,7,1388,1,7,-1,1,-1
2015440408117,1,9,0,18,0,8,1,0,0,0,1,1,6,2,25,5,998,1,12,-1,1,-1
2015440408117,2,9,0,10,0,8,0,0,0,0,2,1,6,1,58,9,3456,8,5,-1,2,-1
2015440408151,1,9,0,4,0,1,0,0,0,0,2,1,1,2,25,5,1242,1,13,-1,1,-1
2015440408151,2,9,0,18,0,1,0,0,0,0,1,1,6,3,-1,-1,-1,-1,-1,-1,-1,-1
2015440408604,1,9,0,18,0,0,0,0,7,4,1,1,6,1,81,11,1896,2,10,-1,1,-1
2015440408604,2,21,0,2,6,0,0,0,0,0,1,1,1,3,-1,-1,-1,-1,-1,-1,-1,-1
2015440408637,1,19,0,18,0,8,0,0,0,0,2,1,1,1,42,7,2402,2,4,-1,-1,-1
2015440408637,2,9,0,18,0,8,0,0,0,0,1,1,6,1,35,6,2198,2,-1,-1,2,-1
2015440408733,1,9,0,3,0,1,0,0,0,0,2,1,6,2,17,4,1198,1,13,-1,2,-1
2015440408733,2,20,0,18,0,1,0,0,0,0,1,1,6,3,-1,-1,-1,2,13,-1,-1,-1
2015440408774,1,9,0,18,0,1,0,0,0,0,1,1,2,2,33,6,1590,1,15,-1,2,-1
2015440408774,2,19,0,5,0,8,0,0,0,0,4,1,2,1,59,9,1995,2,3,-1,1,-1
2015440408821,1,9,0,18,0,8,0,0,0,0,1,1,2,1,25,5,1299,1,13,-1,1,-1
2015440408821,2,9,0,9,0,8,0,0,0,0,3,1,6,2,50,8,1242,1,5,-1,3,-1
2015440408866,1,9,0,12,0,0,0,0,0,0,3,1,2,1,35,6,-1,-1,-1,-1,1,-1
2015440408866,2,3,0,13,0,0,0,0,0,0,1,1,2,1,41,7,124,1,7,-1,1,-1
2015440408975,1,9,0,6,0,0,0,0,0,0,3,1,6,1,40,7,1560,2,3,-1,1,-1
2015440408975,2,1,0,13,0,0,0,0,0,0,1,1,6,1,47,8,-1,-1,-1,-1,1,-1
2015440409333,1,9,0,4,0,1,0,0,0,0,2,1,2,2,22,5,1124,1,15,-1,2,-1
2015440409333,2,19,0,18,0,1,0,0,0,0,1,1,1,1,35,6,2143,2,4,-1,1,-1
2015440409442,1,21,0,9,0,6,0,0,0,0,1,1,1,1,48,8,9290,2,2,-1,1,-1
2015440409442,2,9,0,18,0,1,0,0,0,0,4,1,2,2,50,8,1149,1,12,-1,1,-1
2015440409922,1,97,0,18,0,0,0,0,0,0,1,1,1,2,44,7,599,1,13,-1,1,-1
2015440410061,1,9,0,18,0,8,0,0,0,0,1,1,6,3,-1,-1,1587,1,16,-1,-1,-1
2015440410061,2,1,0,18,0,8,0,0,0,0,3,1,6,1,25,5,-1,-1,-1,-1,1,-1
2015440410128,1,1,0,18,0,8,0,0,0,0,4,1,6,1,51,8,-1,-1,-1,-1,1,-1
2015440410128,2,9,0,7,0,4,0,0,0,0,1,1,6,3,-1,-1,1461,2,1,-1,-1,-1
2015440410153,1,9,0,9,0,5,0,0,0,0,4,1,2,2,-1,-1,1686,2,4,-1,-1,-1
2015440410153,2,1,0,18,0,1,0,0,0,0,1,1,2,1,30,6,-1,-1,-1,-1,1,-1
2015440410231,1,3,0,18,0,0,0,0,0,0,4,1,6,1,35,6,125,1,2,-1,2,-1
2015440410360,1,3,0,4,0,1,1,0,0,0,1,1,6,1,17,4,124,1,9,-1,1,-1
2015440410360,2,3,0,3,0,1,0,0,0,0,2,1,6,1,18,4,124,1,-1,-1,3,-1
2015440410590,1,5,0,18,0,0,1,10,1,0,1,1,2,1,29,6,998,1,10,-1,1,-1
2015440410590,2,9,0,3,0,0,0,0,0,0,2,1,2,2,25,5,1796,1,12,-1,1,-1
2015440410641,1,9,0,18,0,0,2,0,2,4,3,1,6,1,22,5,1248,2,11,-1,1,-1
2015440410682,1,9,0,1,0,0,0,0,0,0,2,1,6,2,29,6,1798,1,6,-1,1,-1
2015440410685,1,1,0,18,0,0,0,0,0,0,4,1,1,1,35,6,-1,-1,-1,-1,1,-1
2015440410685,2,9,0,13,0,0,0,0,0,0,0,1,6,3,-1,-1,-1,-1,-1,-1,-1,-1
2015440410706,1,9,0,18,0,0,0,0,0,0,1,1,2,1,26,6,1560,2,1,-1,1,-1
2015440410706,2,9,0,4,0,0,0,0,0,0,2,1,2,2,60,9,1360,1,3,-1,1,-1
2015440410706,3,9,0,4,0,0,0,0,0,0,2,1,2,2,32,6,1299,1,7,-1,1,-1
2015440411101,1,9,0,18,0,8,0,0,0,0,1,1,6,2,47,8,1598,1,13,-1,1,-1
2015440411101,2,9,0,9,0,8,0,0,0,0,4,1,6,1,-1,-1,1598,1,13,-1,-1,-1
2015440411280,1,9,0,18,0,0,0,4,0,0,1,1,6,2,71,10,1560,2,6,-1,1,-1
2015440411280,2,9,0,18,0,0,0,0,0,0,1,1,6,3,-1,-1,875,1,1,-1,-1,-1
2015440411335,1,1,0,4,0,2,0,0,0,0,3,1,6,1,58,9,-1,-1,-1,-1,1,-1
2015440411335,2,9,0,18,0,1,0,0,0,0,1,1,6,1,22,5,1596,1,3,-1,1,-1
2015440411423,1,19,0,1,0,1,0,0,0,0,2,1,1,1,37,7,2143,2,1,-1,1,-1
2015440411423,2,1,0,13,0,2,0,0,0,0,1,1,4,1,13,3,-1,-1,-1,-1,1,-1
2015440411424,1,2,0,7,0,8,1,0,0,10,3,1,4,1,16,4,49,1,8,-1,-1,-1
2015440411468,1,1,0,18,0,8,0,0,0,0,1,1,6,1,16,4,-1,-1,-1,-1,1,-1
2015440411468,2,9,0,10,0,8,0,0,0,0,3,1,1,2,42,7,1242,1,3,-1,1,-1
2015440411768,1,9,0,17,0,0,5,0,1,0,2,1,6,2,22,5,998,1,10,-1,3,-1
2015440411884,1,9,0,16,0,0,1,0,7,4,1,1,6,1,23,5,1149,1,11,-1,3,-1
2015440411910,1,19,0,18,0,8,0,0,0,0,1,1,1,1,26,6,2143,2,-1,-1,-1,-1
2015440411910,2,9,0,9,0,8,0,0,0,0,2,1,2,1,29,6,1753,2,6,-1,1,-1
2015440412044,1,9,0,5,0,0,0,0,0,0,0,1,1,3,-1,-1,-1,-1,-1,-1,-1,-1
2015440412044,2,16,0,18,0,0,0,0,0,0,0,1,6,2,30,6,-1,-1,-1,-1,3,-1
2015440412128,1,1,0,18,0,8,0,0,0,0,1,1,6,1,74,10,-1,-1,-1,-1,1,-1
2015440412128,2,19,0,18,0,1,0,0,0,0,4,1,1,1,40,7,2198,2,4,-1,1,-1
2015440412420,1,9,0,18,0,1,0,0,0,0,1,1,6,2,38,7,1896,2,14,-1,1,-1
2015440412420,2,9,0,3,0,1,0,0,0,0,2,1,6,2,37,7,1598,1,13,-1,1,-1
2015440412910,1,9,0,18,0,8,0,0,0,0,4,1,2,1,24,5,1995,2,1,-1,1,-1
2015440412910,2,9,0,8,0,8,0,0,0,0,3,1,2,1,57,9,1198,1,-1,-1,-1,-1
2015440412954,1,1,0,18,0,8,0,0,0,0,1,1,2,1,40,7,-1,-1,-1,-1,1,-1
2015440412954,2,9,0,5,0,8,0,0,0,0,1,1,6,2,17,4,1390,1,4,-1,1,-1
2015440413015,1,9,0,9,0,2,0,0,0,0,1,1,6,1,36,7,1598,1,10,-1,1,-1
2015440413274,1,9,0,18,0,8,0,0,0,0,1,1,6,2,58,9,998,1,3,-1,1,-1
2015440413342,1,9,0,7,0,8,0,0,0,0,1,1,6,3,-1,-1,1149,1,11,-1,-1,-1
2015440413558,1,1,0,18,0,8,0,0,0,0,1,1,6,1,71,10,-1,-1,-1,-1,1,-1
2015440413558,2,9,0,18,0,8,0,0,0,0,1,1,6,1,-1,-1,2171,2,13,-1,1,-1
2015440413628,1,9,0,2,0,8,0,0,0,11,3,1,6,3,-1,-1,1299,1,11,-1,-1,-1
2015440413628,2,9,0,2,0,8,0,0,0,0,2,1,6,3,-1,-1,1997,2,4,-1,-1,-1
2015440413628,3,19,0,2,0,8,0,4,0,0,2,1,6,1,37,7,-1,-1,-1,-1,1,-1
2015440413777,1,9,0,3,0,1,0,0,0,0,2,1,6,2,46,8,1584,1,10,-1,1,-1
2015440413777,2,9,0,18,0,1,0,0,0,0,1,1,6,1,19,4,1560,2,9,-1,1,-1
2015440413794,1,9,0,9,0,8,0,0,0,0,3,1,6,2,-1,-1,-1,-1,-1,-1,-1,-1
2015440413794,2,1,0,18,0,8,0,0,0,0,1,1,6,2,53,8,-1,-1,-1,-1,1,-1
2015440413973,1,9,0,9,0,8,0,0,0,0,1,1,6,1,24,5,2494,1,15,-1,-1,-1
2015440413973,2,9,0,16,0,8,0,0,1,11,3,1,6,1,18,4,1328,1,9,-1,1,-1
2015440414085,1,9,0,7,0,8,0,0,0,0,1,1,6,3,-1,-1,-1,-1,-1,-1,-1,-1
2015440414085,2,1,0,18,0,8,0,0,0,0,3,1,6,2,35,6,-1,-1,-1,-1,1,-1
2015440414100,1,9,0,17,0,0,1,10,0,0,1,1,6,1,21,5,1999,1,9,-1,1,-1
2015440414100,2,9,0,16,0,0,0,0,0,0,3,1,6,1,38,7,2494,1,16,-1,1,-1
2015440414147,1,9,0,9,0,8,0,0,0,0,1,1,6,1,58,9,-1,-1,-1,-1,1,-1
2015440414151,1,1,0,18,9,8,0,0,0,0,1,1,6,1,19,4,-1,-1,-1,-1,-1,-1
2015440414151,2,19,0,7,9,8,0,0,0,0,4,1,6,3,-1,-1,-1,-1,-1,-1,-1,-1
2015440414155,1,5,0,16,0,0,0,0,0,0,1,1,6,1,21,5,645,1,12,-1,1,-1
2015440414174,1,9,4,18,0,0,4,0,6,6,3,1,1,1,49,8,3200,2,15,-1,3,-1
2015440414174,2,9,0,18,0,0,0,0,0,0,1,1,6,1,41,7,2967,1,13,-1,3,-1
2015440414225,1,9,0,9,0,0,0,0,0,0,3,1,6,1,63,9,2143,2,1,-1,1,-1
2015440414225,2,97,0,13,0,0,0,0,0,0,1,1,6,1,16,4,49,1,1,-1,2,-1
2015440414232,1,9,0,18,0,8,0,0,0,0,1,1,6,2,50,8,1598,1,6,-1,1,-1
2015440414232,2,1,0,18,0,8,0,0,0,0,4,1,6,1,61,9,-1,-1,-1,-1,1,-1
2015440414303,1,9,0,9,0,8,0,0,0,0,3,1,6,2,43,7,-1,-1,-1,-1,3,-1
2015440414303,2,9,0,18,0,1,0,0,0,0,1,1,6,1,17,4,998,1,1,-1,1,-1
2015440414557,1,9,0,5,0,4,0,0,0,0,3,1,2,2,31,6,1242,1,8,-1,1,-1
2015440414557,2,1,0,5,0,8,0,0,0,0,1,1,6,1,44,7,-1,-1,-1,-1,1,-1
2015440414698,1,9,0,18,0,0,1,0,0,0,1,1,6,1,34,6,1990,1,12,-1,1,-1
2015440414698,2,9,0,4,0,0,0,0,0,0,2,1,6,1,31,6,1598,1,10,-1,1,-1
2015440414698,3,9,0,4,0,0,0,0,0,0,2,1,6,1,22,5,1149,1,15,-1,3,-1
2015440414698,4,9,0,4,0,0,0,0,0,0,2,1,6,2,20,4,1590,1,12,-1,3,-1
2015440414698,5,9,0,4,0,0,0,0,0,0,2,1,6,1,25,5,1993,1,29,-1,1,-1
2015440414698,6,9,0,18,0,0,0,0,0,0,1,1,6,2,20,4,1590,1,11,-1,3,-1
2015440415041,1,9,0,18,0,8,0,0,0,0,1,1,6,1,27,6,1896,2,14,-1,2,-1
2015440415041,2,9,0,9,0,8,0,0,0,0,4,1,6,1,17,4,1461,2,6,-1,1,-1
2015440415044,1,9,0,5,0,0,0,0,0,0,0,1,6,3,-1,-1,1198,1,10,-1,-1,-1
2015440415044,2,3,0,18,0,0,0,4,0,0,1,1,2,1,17,4,124,1,9,-1,-1,-1
2015440415044,3,9,0,2,0,0,0,0,0,0,3,1,6,3,-1,-1,1242,1,8,-1,-1,-1
2015440415119,1,9,0,2,0,2,0,0,0,0,4,1,6,3,-1,-1,1397,1,14,-1,-1,-1
2015440415119,2,9,0,18,0,1,0,0,0,0,1,1,6,1,67,10,2495,2,19,-1,1,-1
2015440415708,1,9,0,3,0,1,0,0,0,0,3,1,6,1,36,7,1198,1,1,-1,1,-1
2015440415708,2,19,0,18,0,1,0,0,0,0,1,1,6,2,57,9,1461,2,1,-1,1,-1
2015440415764,1,19,0,18,0,8,0,0,0,0,4,1,6,1,61,9,-1,-1,-1,-1,1,-1
2015440416088,1,4,0,18,0,0,0,0,1,4,1,1,6,1,76,11,400,1,7,-1,1,-1
2015440416176,1,8,0,18,0,1,0,0,0,0,4,1,6,1,-1,-1,1997,2,1,-1,-1,-1
2015440416275,1,9,0,14,0,0,0,0,0,0,1,1,2,1,27,6,1360,1,10,-1,1,-1
2015440416282,1,9,0,17,0,0,0,0,0,0,1,1,6,2,33,6,1995,2,2,-1,2,-1
2015440416282,2,2,0,16,0,0,0,0,0,0,1,1,6,2,49,8,49,1,13,-1,2,-1
2015440416286,1,9,0,9,0,8,0,0,0,0,1,1,2,1,62,9,2979,1,12,-1,3,-1
2015440416286,2,3,0,18,0,8,1,0,0,0,4,1,2,1,19,4,99,1,7,-1,1,-1
2015440416292,1,2,0,14,0,0,1,0,0,0,1,1,6,1,63,9,49,1,10,-1,1,-1
2015440416292,2,9,0,2,0,0,0,0,0,0,2,1,6,3,-1,-1,1149,1,7,-1,-1,-1
2015440416302,1,20,0,7,0,8,0,0,0,0,4,1,6,3,-1,-1,-1,-1,-1,-1,-1,-1
2015440416307,1,3,0,4,0,8,1,0,0,0,1,1,6,1,22,5,125,1,3,-1,1,-1
2015440416307,2,9,0,4,0,8,0,0,0,0,2,1,2,2,29,6,999,1,-1,-1,1,-1
2015440416314,1,9,0,4,0,1,0,0,0,0,2,1,6,1,32,6,1783,1,14,-1,1,-1
2015440416314,2,9,0,4,0,1,0,0,0,0,1,1,6,1,24,5,1242,1,15,-1,1,-1
2015440416341,1,9,0,10,0,1,0,0,0,0,3,1,3,2,33,6,1199,1,11,-1,1,-1
2015440416341,2,9,0,9,0,8,0,0,0,0,1,1,6,2,30,6,1796,1,8,-1,1,-1
2015440416418,1,9,0,7,0,8,0,0,7,1,1,1,2,2,41,7,1997,2,4,-1,3,-1
2015440416418,2,9,0,18,0,8,0,0,7,0,1,1,2,1,39,7,1997,2,11,-1,1,-1
2015440416425,1,9,0,5,0,8,0,0,0,0,1,1,2,1,54,8,1995,2,-1,-1,1,-1
2015440416425,2,9,0,5,0,8,0,0,0,0,3,1,2,2,24,5,1397,1,8,-1,1,-1
2015440416464,1,9,0,16,0,0,0,0,0,0,1,1,2,1,30,6,1124,1,18,-1,1,-1
2015440416464,2,9,0,17,0,0,0,0,1,1,1,1,2,1,40,7,3600,1,14,-1,3,-1
2015440416490,1,9,0,18,0,8,0,0,0,0,0,1,6,1,33,6,1991,2,8,-1,2,-1