Accident_Index,Vehicle_Reference,Vehicle_Type,Towing_and_Articulation,Vehicle_Manoeuvre,Vehicle_Location-Restricted_Lane,Junction_Location,Skidding_and_Overturning,Hit_Object_in_Carriageway,Vehicle_Leaving_Carriageway,Hit_Object_off_Carriageway,1st_Point_of_Impact,Was_Vehicle_Left_Hand_Drive?,Journey_Purpose_of_Driver,Sex_of_Driver,Age_of_Driver,Age_Band_of_Driver,Engine_Capacity_(CC),Propulsion_Code,Age_of_Vehicle,Driver_IMD_Decile,Driver_Home_Area_Type,Vehicle_IMD_Decile
2015440416490,2,9,0,18,0,8,0,0,7,10,1,1,6,1,77,11,1995,2,8,-1,1,-1
2015440416524,1,9,0,3,0,1,0,0,0,0,2,1,6,2,19,4,1598,1,9,-1,1,-1
2015440416524,2,9,0,5,0,1,0,0,0,0,1,1,6,1,19,4,1390,1,9,-1,1,-1
2015440416730,1,9,0,4,0,1,0,0,0,0,2,1,6,2,59,9,1798,1,9,-1,1,-1
2015440416730,2,3,0,18,0,1,0,0,0,0,1,1,6,1,18,4,125,1,4,-1,1,-1
2015440416756,1,9,0,12,0,7,0,0,0,0,0,1,6,3,-1,-1,-1,-1,-1,-1,-1,-1
2015440416756,2,3,0,18,0,2,0,0,0,0,0,1,6,2,17,4,124,1,1,-1,1,-1
2015440416780,1,3,0,18,0,8,0,0,0,0,1,1,6,1,19,4,125,1,2,-1,1,-1
2015440416780,2,9,0,9,0,8,0,0,0,0,3,1,6,2,48,8,998,1,10,-1,1,-1
2015440416784,1,9,0,18,0,0,0,0,0,0,3,1,2,1,26,6,1995,2,6,-1,1,-1
2015440416784,2,9,0,18,0,0,0,0,0,0,3,1,6,1,53,8,1995,2,6,-1,1,-1
2015440416784,3,9,0,18,0,0,0,0,1,11,3,1,6,1,51,8,1997,1,12,-1,1,-1
2015440416784,4,19,0,18,0,0,0,0,0,0,3,1,6,1,46,8,1753,2,3,-1,1,-1
2015440416875,1,11,0,9,0,8,0,0,0,0,1,1,1,1,47,8,6370,2,8,-1,1,-1
2015440416875,2,1,0,18,0,1,0,0,0,0,1,1,6,1,57,9,-1,-1,-1,-1,1,-1
2015440416897,1,19,0,18,0,0,0,11,0,8,1,1,1,1,35,6,1686,2,3,-1,1,-1
2015440416927,1,9,0,9,0,8,0,0,0,0,3,1,1,2,32,6,1598,1,-1,-1,1,-1
2015440416927,2,9,0,17,0,8,0,0,0,0,1,1,1,2,33,6,998,1,-1,-1,1,-1
2015440416927,3,19,0,10,0,8,0,0,0,0,1,1,1,1,30,6,1248,2,2,-1,1,-1
2015440417344,1,9,0,18,0,8,0,0,1,0,4,1,2,2,40,7,1598,1,8,-1,1,-1
2015440417344,2,9,0,5,0,8,0,0,0,0,1,1,2,2,26,6,1198,1,8,-1,1,-1
2015440417414,1,9,0,18,0,8,0,0,0,0,1,1,1,2,28,6,998,1,9,-1,2,-1
2015440417473,1,9,0,16,0,0,0,0,0,0,1,1,6,1,-1,-1,1968,2,-1,-1,-1,-1
2015440417478,1,9,0,18,0,2,0,0,0,0,4,1,6,1,81,11,1596,1,12,-1,1,-1
2015440417488,1,1,0,18,0,0,0,0,0,0,2,1,6,1,30,6,-1,-1,-1,-1,1,-1
2015440417488,2,19,0,18,0,0,0,0,0,0,1,1,6,3,-1,-1,-1,-1,-1,-1,-1,-1
2015440417507,1,9,0,9,0,8,0,0,0,0,3,1,2,1,-1,-1,1598,2,3,-1,3,-1
2015440417507,2,5,0,14,0,1,0,0,0,0,1,1,2,1,53,8,883,1,10,-1,1,-1
2015440417531,1,9,0,18,0,1,0,0,0,0,4,1,6,1,-1,-1,-1,-1,-1,-1,-1,-1
2015440417567,1,9,0,7,0,4,0,0,0,0,1,1,6,1,24,5,1242,1,4,-1,1,-1
2015440417567,2,1,0,9,0,8,0,0,0,0,4,1,6,1,59,9,-1,-1,-1,-1,3,-1
2015440417589,1,1,0,18,0,1,0,0,0,0,3,1,2,1,42,7,-1,-1,-1,-1,1,-1
2015440417589,2,9,0,13,0,1,0,0,0,0,4,1,6,1,55,8,1396,1,12,-1,1,-1
2015440417699,1,9,0,9,0,8,0,0,0,0,1,1,2,2,26,6,1493,2,8,-1,1,-1
2015440417699,2,9,0,18,0,1,0,0,0,0,1,1,2,1,44,7,1948,1,14,-1,1,-1
2015440417711,1,19,0,18,0,4,0,0,0,0,1,1,1,1,32,6,1560,2,1,-1,3,-1
2015440417711,2,1,0,17,0,8,0,0,0,0,4,1,6,1,48,8,-1,-1,-1,-1,1,-1
2015440417941,1,21,0,4,0,8,0,0,0,0,2,1,1,1,32,6,11946,2,2,-1,-1,-1
2015440417941,2,21,1,4,0,8,0,0,1,0,2,1,1,1,32,6,12809,2,3,-1,1,-1
2015440417941,3,9,0,4,0,8,0,0,0,0,2,1,2,1,34,6,1753,2,6,-1,1,-1
2015440417941,4,21,1,18,0,8,0,0,0,0,1,1,1,1,48,8,11705,2,6,-1,1,-1
2015440418041,1,3,0,18,0,8,0,0,0,0,0,1,2,1,58,9,125,1,3,-1,1,-1
2015440418041,2,9,0,5,0,1,0,0,0,0,0,1,2,1,-1,-1,998,1,18,-1,-1,-1
2015440418128,1,9,0,9,0,1,0,0,0,0,1,1,6,2,57,9,1360,1,6,-1,1,-1
2015440418128,2,9,0,18,0,2,0,0,0,0,1,1,1,2,42,7,-1,-1,-1,-1,1,-1
2015440418173,1,9,0,9,0,8,0,0,0,0,1,1,6,1,36,7,2191,2,1,-1,1,-1
2015440418173,2,9,0,18,0,8,0,0,0,0,1,1,6,3,-1,-1,2191,2,1,-1,-1,-1
2015440418355,1,9,0,4,0,1,0,0,0,0,2,1,2,2,31,6,1360,1,12,-1,1,-1
2015440418355,2,9,0,18,0,1,0,0,0,0,1,1,2,3,-1,-1,1995,2,6,-1,-1,-1
2015440418505,1,11,0,18,0,0,0,0,0,0,1,1,1,1,54,8,4461,2,1,-1,1,-1
2015440418577,1,9,0,9,0,8,0,0,0,0,1,1,6,2,64,9,2688,2,13,-1,3,-1
2015440418577,2,1,0,18,0,8,0,0,0,0,1,1,6,1,62,9,-1,-1,-1,-1,2,-1
2015440418813,1,9,0,9,0,6,0,0,0,0,3,1,2,1,25,5,1596,1,2,-1,3,-1
2015440418813,2,5,0,18,0,1,1,0,0,0,1,1,2,1,20,4,996,1,9,-1,3,-1
2015440418879,1,9,0,18,0,1,0,0,0,0,4,1,6,1,39,7,1240,1,9,-1,3,-1
2015440418888,1,9,0,18,0,2,0,0,0,0,3,1,6,1,47,8,1794,1,10,-1,1,-1
2015440418888,2,9,0,18,0,1,0,0,0,0,3,1,6,2,54,8,1390,1,14,-1,1,-1
2015440418888,3,9,0,18,0,1,0,0,0,0,3,1,6,2,56,9,1124,1,10,-1,1,-1
2015440419037,1,9,0,18,0,8,0,0,0,0,1,1,6,2,25,5,-1,-1,-1,-1,1,-1
2015440419037,2,9,0,4,0,8,0,0,0,0,2,1,6,2,35,6,1299,1,14,-1,1,-1
2015440419056,1,9,0,5,0,8,0,0,0,1,4,1,6,1,25,5,998,1,13,-1,1,-1
2015440419056,2,9,0,18,0,8,0,0,0,0,1,1,6,2,21,5,1197,1,3,-1,1,-1
2015440419056,3,9,0,8,0,8,0,0,0,0,3,1,6,1,44,7,1870,2,13,-1,1,-1
2015440419095,1,9,0,9,0,8,0,0,0,0,4,1,6,2,73,10,1197,1,1,-1,3,-1
2015440419095,2,9,0,18,0,8,0,0,0,0,1,1,6,1,59,9,1998,2,9,-1,1,-1
2015440419095,3,9,0,18,0,8,0,0,0,0,1,1,6,2,51,8,2993,2,1,-1,1,-1
2015440419129,1,9,0,18,0,0,0,0,0,0,1,1,6,2,47,8,1591,1,7,-1,1,-1
2015440419129,2,1,0,18,0,0,0,0,0,0,1,1,6,1,21,5,-1,-1,-1,-1,-1,-1
2015440419196,1,9,0,9,0,8,0,0,0,0,1,1,6,3,-1,-1,1995,1,8,-1,-1,-1
2015440419196,2,9,0,18,0,8,0,0,0,0,4,1,6,2,20,4,1596,1,10,-1,1,-1
2015440419478,1,9,0,10,0,8,0,0,0,2,2,1,6,2,24,5,1597,1,4,-1,1,-1
2015440419478,2,9,0,18,0,8,0,0,0,0,1,1,1,1,30,6,1399,2,5,-1,1,-1
2015440419652,1,9,0,5,0,8,0,0,0,0,3,1,6,1,67,10,1797,1,15,-1,1,-1
2015440419652,2,5,0,17,0,8,0,0,0,0,1,1,6,1,29,6,998,1,6,-1,1,-1
2015440419828,1,1,0,18,0,8,0,0,0,0,3,1,2,1,23,5,-1,-1,-1,-1,1,-1
2015440419828,2,8,0,18,0,8,0,0,0,0,1,1,1,1,-1,-1,-1,-1,-1,-1,-1,-1
2015440419849,1,9,0,9,0,6,0,0,0,0,3,1,6,1,87,11,1598,1,11,-1,1,-1
2015440419849,2,9,0,18,0,1,0,0,0,0,1,1,6,1,52,8,1956,2,1,-1,2,-1
2015440419940,1,9,0,5,0,8,0,0,0,0,3,1,6,1,78,11,1399,2,12,-1,1,-1
2015440419940,2,9,0,18,0,8,0,0,0,3,1,1,6,1,42,7,1368,1,-1,-1,1,-1
2015440419940,3,9,0,3,0,8,0,0,0,0,1,1,6,2,32,6,1598,1,4,-1,2,-1
2015440420306,1,9,0,18,0,0,0,0,0,0,3,1,2,2,55,8,1590,1,11,-1,1,-1
2015440420306,2,9,0,18,0,0,0,0,0,0,3,1,6,3,-1,-1,-1,-1,-1,-1,-1,-1
2015440420346,1,9,0,4,0,8,0,0,0,0,2,1,6,2,24,5,1388,1,10,-1,1,-1
2015440420346,2,9,0,4,0,8,0,0,0,0,1,1,6,1,-1,-1,1248,2,11,-1,-1,-1
2015440420431,1,3,0,18,0,8,0,0,0,0,1,1,6,1,26,6,124,1,3,-1,1,-1
2015440420431,2,19,0,9,0,8,0,0,0,0,4,1,6,1,52,8,1461,2,5,-1,1,-1
2015440420431,3,9,0,18,0,8,0,0,0,0,1,1,6,2,68,10,1339,1,6,-1,1,-1
2015440420479,1,1,0,18,0,8,0,0,0,0,3,1,2,1,49,8,-1,-1,-1,-1,1,-1
2015440420479,2,9,0,13,0,8,0,0,0,0,4,1,6,3,-1,-1,-1,-1,-1,-1,-1,-1
2015440420497,1,9,0,18,0,8,0,0,0,0,1,1,6,1,33,6,1796,1,13,-1,1,-1
2015440420497,2,9,0,4,0,8,0,0,0,0,2,1,6,2,19,4,1399,2,11,-1,1,-1
2015440420497,3,9,0,4,0,8,0,0,0,0,2,1,6,2,21,5,1124,1,13,-1,1,-1
2015440420499,1,9,0,18,0,0,0,0,0,0,1,1,6,2,22,5,1390,1,9,-1,3,-1
2015440420499,2,9,0,4,0,0,0,0,0,0,2,1,6,1,44,7,1686,2,3,-1,3,-1
2015440420596,1,9,0,7,0,8,0,0,0,0,0,1,6,1,65,9,2143,2,2,-1,1,-1
2015440420596,2,3,0,18,0,8,0,0,0,0,3,1,6,1,28,6,124,1,5,-1,1,-1
2015440420813,1,9,0,18,0,1,0,0,0,0,2,1,6,1,37,7,2148,2,12,-1,1,-1
2015440420813,2,9,0,18,0,1,0,0,0,0,1,1,6,3,-1,-1,1390,1,16,-1,-1,-1
2015440421121,1,9,0,5,0,4,0,0,0,0,1,1,1,1,44,7,1598,1,12,-1,1,-1
2015440421121,2,1,0,18,0,8,0,0,0,0,4,1,2,1,55,8,-1,-1,-1,-1,1,-1
2015440421159,1,9,0,14,0,0,5,0,0,0,1,1,1,2,19,4,1360,1,12,-1,1,-1
2015440421159,2,9,0,3,0,0,0,0,0,0,3,1,6,1,55,8,1995,2,10,-1,1,-1
2015440421159,3,9,0,18,0,0,0,0,0,0,1,1,6,1,30,6,1796,1,14,-1,1,-1
2015440421443,1,9,0,16,0,0,2,0,7,10,2,1,2,2,18,4,998,1,10,-1,2,-1
2015440421684,1,9,0,10,0,8,0,0,0,0,1,1,6,2,50,8,1149,1,14,-1,1,-1
2015440421684,2,9,0,7,0,8,0,0,0,0,1,1,6,1,27,6,1390,1,12,-1,1,-1
2015440421816,1,5,0,18,0,8,0,0,7,0,1,1,6,1,25,5,675,1,3,-1,1,-1
2015440421816,2,9,0,9,0,8,0,0,0,0,4,1,6,2,51,8,1360,1,11,-1,1,-1
2015440421866,1,3,0,17,0,0,1,0,0,0,0,1,2,1,19,4,124,1,8,-1,3,-1
2015440422150,1,9,0,13,0,0,0,0,0,0,4,1,6,2,85,11,1390,1,16,-1,1,-1
2015440422150,2,1,0,18,0,0,0,0,0,0,3,1,1,2,31,6,-1,-1,-1,-1,1,-1
2015440422202,1,3,0,18,0,1,0,0,0,0,0,1,6,2,17,4,124,1,5,-1,1,-1
2015440422202,2,9,0,9,0,8,0,0,0,0,0,1,6,1,51,8,1399,2,7,-1,1,-1
2015440422242,1,20,0,18,0,0,0,0,0,0,4,1,1,3,-1,-1,-1,-1,-1,-1,-1,-1
2015440422351,1,9,0,3,0,1,0,0,0,0,2,1,2,1,39,7,1400,1,8,-1,1,-1
2015440422351,2,9,0,4,0,1,0,0,0,0,1,1,6,3,-1,-1,-1,-1,-1,-1,-1,-1
2015440422381,1,1,0,18,0,0,0,0,0,0,1,1,6,3,-1,-1,-1,-1,-1,-1,-1,-1
2015440422384,1,8,0,18,0,8,0,0,0,0,4,1,1,1,46,8,-1,-1,-1,-1,1,-1
2015440422400,1,9,0,18,0,0,0,0,0,0,1,1,6,1,65,9,1998,1,1,-1,1,-1
2015440422571,1,5,0,18,0,0,0,0,1,7,1,1,2,1,54,8,1137,1,7,-1,3,-1
2015440422980,1,9,0,4,0,1,0,0,0,0,2,1,2,2,55,8,1398,2,12,-1,3,-1
2015440422980,2,9,0,18,0,1,0,0,0,0,1,1,2,3,-1,-1,1596,1,8,-1,-1,-1
2015440423174,1,9,0,18,0,8,0,0,0,0,1,1,6,1,30,6,1461,2,4,-1,1,-1
2015440423174,2,9,0,18,0,8,0,0,0,0,4,1,6,1,31,6,2198,1,14,-1,1,-1
2015440423462,1,9,0,5,0,0,0,0,0,0,1,1,6,2,82,11,1242,1,4,-1,1,-1
2015440423518,1,19,0,18,0,0,0,0,0,0,4,1,6,1,59,9,-1,-1,-1,-1,1,-1
2015440423561,1,9,0,18,0,8,0,0,0,0,1,1,6,2,39,7,1397,1,14,-1,1,-1
2015440423561,2,9,0,5,0,8,0,0,0,0,3,1,1,1,53,8,1242,1,-1,-1,1,-1
2015440423655,1,9,0,9,0,5,0,0,0,0,4,1,6,1,70,10,1968,2,1,-1,1,-1
2015440423655,2,1,0,18,0,1,0,0,0,0,1,1,6,1,14,3,-1,-1,-1,-1,1,-1
2015440423773,1,9,0,9,0,2,0,0,0,0,1,1,6,1,67,10,1968,2,3,-1,1,-1
2015440423831,1,3,0,8,0,1,0,0,0,0,2,1,2,1,62,9,124,1,8,-1,1,-1
2015440423831,2,9,0,5,0,1,0,0,0,0,1,1,2,2,20,4,1296,1,7,-1,1,-1
2015440424261,1,1,0,18,0,0,0,0,1,0,0,1,6,1,57,9,-1,-1,-1,-1,2,-1
2015440424324,1,9,0,18,0,0,2,0,1,2,4,1,6,1,18,4,1595,1,10,-1,1,-1
2015440424335,1,19,0,6,0,0,0,0,0,0,3,1,2,1,27,6,1995,2,7,-1,1,-1
2015440424335,2,97,0,13,0,0,0,0,0,0,1,1,2,1,43,7,999,1,5,-1,1,-1
2015440424371,1,11,0,18,0,1,0,0,0,0,0,1,1,3,-1,-1,-1,-1,-1,-1,-1,-1
2015440424371,2,9,0,9,0,6,0,0,0,0,0,1,6,3,-1,-1,1560,2,-1,-1,-1,-1
2015440424390,1,9,0,7,0,1,0,0,0,0,2,1,2,2,23,5,1229,1,1,-1,1,-1
2015440424390,2,9,0,18,0,1,0,0,0,0,1,1,6,3,-1,-1,-1,-1,-1,-1,-1,-1
2015440424466,1,9,0,17,0,0,0,0,0,0,3,1,6,2,72,10,1997,1,18,-1,3,-1
2015440424486,1,9,0,16,0,8,2,0,1,4,4,1,6,1,24,5,2793,1,16,-1,1,-1
2015440424606,1,1,0,18,0,1,0,0,0,0,1,1,6,1,38,7,-1,-1,-1,-1,1,-1
2015440424606,2,9,0,7,0,8,0,0,0,0,4,1,6,1,41,7,1497,8,9,-1,1,-1
2015440424649,1,5,0,13,0,0,0,0,0,0,1,1,6,2,22,5,645,1,13,-1,1,-1
2015440425038,1,9,0,18,0,0,0,0,0,0,1,1,6,2,43,7,1390,1,13,-1,1,-1
2015440425038,2,9,0,4,0,0,0,0,0,0,2,1,6,1,35,6,1999,1,2,-1,1,-1
2015440425062,1,9,0,4,0,7,1,0,0,0,2,1,6,3,-1,-1,-1,-1,-1,-1,-1,-1
2015440425062,2,9,0,18,0,7,1,0,0,0,1,1,6,3,-1,-1,-1,-1,-1,-1,-1,-1
2015440425062,3,9,0,18,0,7,1,0,0,0,1,1,6,2,28,6,1984,1,12,-1,1,-1
2015440425062,4,19,0,18,0,7,1,0,0,0,1,1,6,1,39,7,2143,2,3,-1,1,-1
2015440425760,1,2,0,18,0,0,0,0,0,0,1,1,6,1,16,4,49,1,6,-1,1,-1
2015440425791,1,9,0,18,0,0,0,0,0,0,4,1,6,2,28,6,-1,-1,-1,-1,1,-1
2015440425836,1,9,0,4,0,1,0,0,0,0,2,1,6,1,70,10,1596,1,4,-1,1,-1
2015440425836,2,9,0,5,0,1,0,0,0,0,1,1,6,1,43,7,2967,2,3,-1,1,-1
2015440425846,1,9,0,18,0,0,0,0,1,0,1,1,6,2,28,6,1389,1,14,-1,1,-1
2015440425846,2,9,0,2,0,0,0,0,0,0,4,1,6,1,36,7,-1,-1,-1,-1,-1,-1
2015440425943,1,9,0,18,0,4,0,0,0,0,1,1,1,2,49,8,1995,2,1,-1,1,-1
2015440425943,2,9,0,18,0,8,0,0,0,0,4,1,6,2,63,9,1332,1,16,-1,1,-1
2015440426190,1,9,0,10,0,1,0,0,1,0,2,1,6,2,65,9,1242,1,1,-1,3,-1
2015440426190,2,19,0,18,0,1,0,0,0,0,1,1,1,1,21,5,1995,2,8,-1,1,-1
2015440426269,1,1,0,18,0,8,0,0,0,0,1,1,6,1,66,10,-1,-1,-1,-1,1,-1
2015440426269,2,9,0,9,0,4,0,0,0,0,3,1,6,1,69,10,1991,2,10,-1,1,-1
2015440426281,1,9,0,18,0,2,5,0,0,0,1,1,6,1,69,10,1348,1,15,-1,1,-1
2015440426281,2,9,0,2,0,2,0,0,0,0,1,1,6,2,-1,-1,1388,1,6,-1,-1,-1
2015440426281,3,9,0,2,0,2,0,0,0,0,1,1,6,1,30,6,1995,2,4,-1,-1,-1
2015440426463,1,9,0,18,0,1,0,0,0,0,1,1,1,1,25,5,-1,-1,-1,-1,1,-1
2015440426463,2,9,0,9,0,6,0,0,0,0,3,1,6,1,84,11,1299,1,14,-1,1,-1
2015440426658,1,9,0,9,0,1,0,0,0,0,3,1,6,2,48,8,1422,2,5,-1,1,-1
2015440426658,2,9,0,7,0,6,0,0,0,0,1,1,6,3,-1,-1,-1,-1,-1,-1,-1,-1
2015440426759,1,9,0,18,0,0,0,0,0,0,1,1,6,2,18,4,1198,1,6,-1,3,-1
2015440426759,2,9,0,17,0,0,0,0,1,0,1,1,6,2,44,7,3200,1,8,-1,1,-1
2015440426760,1,9,0,18,0,0,0,7,0,0,1,1,6,2,74,10,-1,-1,-1,-1,2,-1
2015440426799,1,9,0,17,0,1,5,0,1,1,1,1,6,1,57,9,1598,1,9,-1,2,-1
2015440426858,1,9,0,18,0,0,0,0,0,0,4,1,6,3,-1,-1,-1,-1,-1,-1,-1,-1
2015440426865,1,9,0,18,0,0,0,0,0,0,3,1,6,3,-1,-1,-1,-1,-1,-1,-1,-1
2015440426913,1,9,0,9,0,8,0,0,0,0,1,1,6,1,44,7,1998,2,9,-1,1,-1
2015440426913,2,9,0,18,0,8,0,0,0,0,1,1,6,1,21,5,1998,1,12,-1,1,-1
2015440426913,3,9,0,8,0,1,0,0,0,0,3,1,6,2,62,9,998,1,1,-1,1,-1
2015440426917,1,9,0,18,0,5,0,0,1,9,1,1,6,1,21,5,1229,1,7,-1,3,-1
2015440426917,2,19,0,11,0,1,0,0,0,0,0,1,6,3,-1,-1,-1,-1,-1,-1,-1,-1
2015440427017,1,2,0,18,0,8,0,0,0,0,0,1,6,1,20,4,49,1,-1,-1,1,-1
2015440427017,2,9,0,4,0,8,0,0,0,0,0,1,6,3,-1,-1,-1,-1,-1,-1,-1,-1
2015440427119,1,3,0,9,0,8,0,0,0,0,4,1,2,1,18,4,-1,-1,-1,-1,2,-1
2015440427119,2,9,0,18,0,4,0,0,0,0,1,1,2,1,43,7,1560,2,6,-1,2,-1
2015440427143,1,9,0,10,0,1,0,0,0,0,2,1,2,1,25,5,-1,-1,-1,-1,1,-1
2015440427143,2,9,0,18,0,1,0,0,0,0,1,1,6,3,-1,-1,1998,1,8,-1,-1,-1
2015440427221,1,9,0,9,0,8,0,0,0,0,3,1,2,1,57,9,1968,2,-1,-1,1,-1
2015440427221,2,1,0,18,0,1,0,0,0,0,1,1,2,1,36,7,-1,-1,-1,-1,1,-1
2015440427275,1,9,0,18,0,1,0,0,0,0,1,1,3,2,44,7,2199,2,1,-1,1,-1
2015440427287,1,9,0,9,0,8,0,0,0,0,4,1,6,1,62,9,1686,2,12,-1,1,-1
2015440427287,2,1,0,18,0,1,0,0,0,0,1,1,6,2,22,5,-1,-1,-1,-1,1,-1
2015440427456,1,19,0,18,0,8,0,0,0,0,3,1,6,1,38,7,1560,2,-1,-1,1,-1
2015440427456,2,5,0,18,0,8,0,0,0,0,4,1,6,1,57,9,599,1,15,-1,1,-1
2015440427582,1,9,0,2,9,8,0,0,0,0,2,1,6,3,-1,-1,1598,2,4,-1,-1,-1
2015440427650,1,19,0,18,0,8,0,0,7,11,1,1,1,1,38,7,2143,2,1,-1,1,-1
2015440427650,2,9,0,18,0,8,0,0,0,0,3,1,6,2,43,7,1798,1,14,-1,1,-1
2015440427650,3,9,0,2,0,2,0,0,0,0,4,1,6,1,53,8,1229,1,8,-1,-1,-1
2015440427705,1,9,0,3,0,1,0,0,0,0,2,1,6,2,49,8,1596,1,13,-1,1,-1
2015440427705,2,9,0,18,0,1,0,0,0,0,1,1,6,3,-1,-1,1422,2,7,-1,-1,-1
2015440428075,1,9,0,18,0,1,0,0,0,0,1,1,6,2,22,5,1242,1,17,-1,1,-1
2015440428075,2,9,0,3,0,1,0,0,0,0,2,1,1,1,48,8,-1,-1,-1,-1,1,-1
2015440428075,3,9,0,3,0,1,0,0,0,0,2,1,1,1,39,7,-1,-1,-1,-1,1,-1
2015440428193,1,9,0,9,0,8,0,0,0,0,1,1,6,2,44,7,1761,1,15,-1,1,-1
2015440428461,1,9,0,18,0,4,0,0,0,0,1,1,2,1,35,6,1368,1,8,-1,1,-1
2015440428461,2,1,0,18,0,8,0,0,0,0,4,1,2,1,47,8,-1,-1,-1,-1,3,-1
2015440428477,1,5,0,18,0,1,0,0,0,0,1,1,6,1,23,5,599,1,11,-1,1,-1
2015440428477,2,9,0,9,0,6,0,0,0,0,3,1,6,1,47,8,1998,1,9,-1,1,-1
2015440428493,1,9,0,18,0,0,0,0,1,10,1,1,6,2,26,6,1248,2,5,-1,3,-1
2015440428507,1,9,0,1,0,2,0,0,0,0,2,1,6,2,33,6,1995,2,2,-1,1,-1
2015440428665,1,9,0,7,0,8,0,0,0,0,3,1,6,1,63,9,1998,1,18,-1,1,-1
2015440428665,2,9,0,18,0,8,0,0,0,0,1,1,6,1,43,7,1299,1,13,-1,1,-1
2015440428730,1,2,0,16,0,0,0,0,0,0,0,1,6,1,17,4,49,1,3,-1,1,-1
2015440428748,1,9,0,18,0,0,1,0,1,0,1,1,1,1,63,9,1896,2,10,-1,3,-1
2015440428748,2,9,0,18,0,0,1,0,1,0,1,1,6,2,66,10,1391,1,21,-1,1,-1
2015440428921,1,19,0,9,0,6,0,0,0,0,1,1,1,1,53,8,2148,2,8,-1,1,-1
2015440428921,2,1,0,18,0,1,0,0,0,0,4,1,2,1,49,8,-1,-1,-1,-1,1,-1
2015440429081,1,9,0,5,0,1,0,0,0,0,1,1,6,3,-1,-1,-1,-1,-1,-1,-1,-1
2015440429081,2,1,0,18,0,8,0,0,0,0,4,1,6,1,14,3,-1,-1,-1,-1,1,-1
2015440429081,3,1,0,18,0,8,0,0,0,0,4,1,6,1,15,3,-1,-1,-1,-1,1,-1
2015440429125,1,9,0,9,0,6,0,0,0,0,1,1,1,2,21,5,1398,2,2,-1,1,-1
2015440429125,2,9,0,18,0,1,0,0,0,0,3,1,2,2,32,6,1388,1,5,-1,2,-1
2015440429134,1,9,0,9,0,8,0,0,0,0,1,1,1,2,27,6,998,1,3,-1,1,-1
2015440429134,2,9,0,17,0,8,0,0,0,0,1,1,3,2,40,7,1595,1,12,-1,1,-1
2015440429226,1,9,0,18,0,8,0,0,0,0,1,1,2,2,48,8,2438,1,17,-1,1,-1
2015440429254,1,9,0,4,0,1,0,0,0,0,1,1,1,2,19,4,999,1,7,-1,1,-1
2015440429254,2,9,0,3,0,1,0,0,0,0,2,1,1,1,36,7,999,1,7,-1,1,-1
2015440429394,1,9,0,3,0,1,0,0,0,0,2,1,6,2,40,7,1124,1,11,-1,2,-1
2015440429394,2,9,0,4,0,1,0,0,0,0,1,1,6,3,-1,-1,2495,2,22,-1,-1,-1
2015440429486,1,9,0,18,0,8,0,0,7,10,1,1,6,2,73,10,1328,1,10,-1,1,-1
2015440429486,2,9,0,18,0,8,0,0,0,0,4,1,6,2,24,5,1595,1,16,-1,3,-1
2015440429682,1,9,0,13,0,2,0,0,0,0,4,1,6,1,87,11,1339,1,1,-1,1,-1
2015440429682,2,1,0,18,0,2,0,0,0,0,3,1,6,1,84,11,-1,-1,-1,-1,3,-1
2015440429826,1,19,0,18,0,0,0,0,0,0,1,1,6,1,-1,-1,-1,-1,-1,-1,-1,-1
2015440430104,1,9,0,3,0,1,0,0,0,0,2,1,6,1,31,6,1796,1,11,-1,1,-1
2015440430104,2,9,0,4,0,1,0,0,0,0,1,1,6,2,-1,-1,1598,1,8,-1,-1,-1
2015440430257,1,1,0,18,0,0,0,0,0,0,1,1,2,1,25,5,-1,-1,-1,-1,1,-1
2015440430257,2,9,0,2,0,0,0,0,0,0,2,1,6,3,-1,-1,1753,2,11,-1,-1,-1
2015440430375,1,9,0,5,0,0,0,0,0,0,2,1,6,2,22,5,1560,2,-1,-1,1,-1
2015440430375,2,3,0,18,0,0,0,0,0,0,1,1,6,1,33,6,124,1,1,-1,1,-1
2015440430383,1,9,0,7,0,8,0,0,0,0,1,1,6,2,69,10,1398,2,4,-1,1,-1
2015440430383,2,9,0,18,0,8,0,0,1,11,4,1,6,2,27,6,1229,1,2,-1,1,-1
2015440430634,1,9,0,18,0,0,2,0,0,10,1,1,6,1,20,4,1390,1,15,-1,1,-1
2015440430677,1,9,0,18,0,8,0,0,3,2,1,1,6,1,46,8,998,1,7,-1,1,-1
2015440430677,2,9,0,18,0,1,0,0,0,0,1,1,6,1,47,8,2199,2,3,-1,1,-1
2015440430725,1,9,0,5,0,8,0,0,0,0,1,1,2,1,41,7,996,1,2,-1,1,-1
2015440430725,2,1,0,18,0,8,0,0,0,0,2,1,6,1,12,3,-1,-1,-1,-1,1,-1
2015440430983,1,19,0,9,0,8,0,0,0,0,4,1,6,1,35,6,1560,2,5,-1,1,-1
2015440430983,2,9,0,18,0,8,0,0,0,0,3,1,6,2,32,6,-1,-1,-1,-1,1,-1
2015440431078,1,3,0,18,0,1,0,0,0,0,1,1,6,1,67,10,114,1,1,-1,1,-1
2015440431544,1,9,0,9,0,8,0,0,0,0,1,1,6,1,18,4,1199,1,12,-1,2,-1