Accident_Index,Vehicle_Reference,Vehicle_Type,Towing_and_Articulation,Vehicle_Manoeuvre,Vehicle_Location-Restricted_Lane,Junction_Location,Skidding_and_Overturning,Hit_Object_in_Carriageway,Vehicle_Leaving_Carriageway,Hit_Object_off_Carriageway,1st_Point_of_Impact,Was_Vehicle_Left_Hand_Drive?,Journey_Purpose_of_Driver,Sex_of_Driver,Age_of_Driver,Age_Band_of_Driver,Engine_Capacity_(CC),Propulsion_Code,Age_of_Vehicle,Driver_IMD_Decile,Driver_Home_Area_Type,Vehicle_IMD_Decile
2015440444992,1,5,0,17,0,0,1,0,1,0,1,1,6,1,38,7,599,1,5,-1,1,-1
2015440445010,1,9,0,18,0,0,0,11,0,0,1,1,2,2,30,6,1968,2,8,-1,1,-1
2015440445111,1,9,0,3,0,1,0,0,0,0,2,1,6,2,50,8,1995,2,9,-1,1,-1
2015440445111,2,9,0,18,0,1,0,0,0,0,1,1,6,2,-1,-1,1339,1,3,-1,3,-1
2015440445116,1,3,0,18,0,8,0,0,0,0,4,1,6,1,21,5,124,1,6,-1,1,-1
2015440445116,2,9,0,7,0,8,0,0,0,0,1,1,6,2,64,9,1598,1,17,-1,1,-1
2015440445196,1,9,0,18,0,0,0,0,0,0,2,1,6,1,16,4,-1,-1,-1,-1,2,-1
2015440445196,2,9,0,7,0,0,0,0,0,0,1,1,6,3,-1,-1,-1,-1,-1,-1,-1,-1
2015440445319,1,9,0,5,0,8,0,0,0,0,3,1,6,1,58,9,2967,1,15,-1,2,-1
2015440445336,1,5,0,17,0,0,0,0,1,0,1,1,6,1,31,6,750,1,-1,-1,3,-1
2015440445411,1,9,0,18,0,8,0,0,0,0,1,1,6,3,-1,-1,-1,-1,-1,-1,-1,-1
2015440445475,1,9,0,18,0,1,5,0,1,9,1,1,6,1,41,7,1598,1,5,-1,3,-1
2015440445605,1,9,0,18,0,0,0,0,0,0,1,1,6,1,86,11,1995,2,3,-1,1,-1
2015440445605,2,1,0,18,0,0,0,0,0,0,1,1,6,1,34,6,-1,-1,-1,-1,1,-1
2015440445616,1,9,0,17,0,0,0,6,1,7,1,1,6,1,57,9,1596,1,16,-1,1,-1
2015440445695,1,9,0,16,0,1,1,10,2,2,1,1,6,1,23,5,1598,1,11,-1,1,-1
2015440446242,1,9,0,18,0,1,0,0,0,0,1,1,6,1,78,11,1591,1,-1,-1,1,-1
2015440446377,1,9,0,4,0,1,0,0,0,0,2,1,6,2,53,8,1596,1,1,-1,1,-1
2015440446377,2,9,0,18,0,1,0,0,0,0,1,1,6,3,-1,-1,-1,-1,-1,-1,-1,-1
2015440446377,3,9,0,18,0,1,0,0,0,0,1,1,6,3,-1,-1,-1,-1,-1,-1,-1,-1
2015440446377,4,9,0,18,0,1,0,0,0,0,1,1,6,3,-1,-1,-1,-1,-1,-1,-1,-1
2015440446440,1,9,0,9,0,8,0,0,0,0,4,1,2,2,47,8,1399,1,6,-1,1,-1
2015440446603,1,9,0,18,0,0,5,0,1,4,1,1,2,1,56,9,1968,2,2,-1,1,-1
2015440446608,1,9,0,18,0,0,0,0,0,0,1,1,6,1,57,9,1586,1,6,-1,1,-1
2015440446617,1,9,0,18,0,0,5,11,1,0,1,1,6,1,57,9,1339,8,8,-1,2,-1
2015440446736,1,9,0,2,0,1,0,0,0,0,1,1,6,3,-1,-1,1618,1,-1,-1,-1,-1
2015440446736,2,8,0,18,0,2,0,0,0,0,1,1,1,3,-1,-1,1686,2,4,-1,-1,-1
2015440446748,1,9,0,18,0,0,1,0,7,4,3,1,6,1,20,4,1596,1,8,-1,1,-1
2015440446897,1,9,0,3,0,1,0,0,0,0,2,1,6,1,41,7,999,1,-1,-1,3,-1
2015440446897,2,9,0,4,0,1,0,0,0,0,1,1,6,3,-1,-1,1598,1,12,-1,-1,-1
2015440447045,1,19,0,9,0,1,0,0,0,0,0,1,1,1,40,7,2287,2,3,-1,1,-1
2015440447045,2,2,0,18,0,1,1,0,0,0,0,1,1,1,17,4,49,1,5,-1,1,-1
2015440447431,1,9,0,4,0,1,0,0,0,0,2,1,6,2,24,5,1796,1,5,-1,1,-1
2015440447431,2,9,0,18,0,1,0,0,0,0,1,1,2,1,27,6,2993,2,4,-1,1,-1
2015440447517,1,9,0,5,0,0,0,0,0,0,0,1,6,1,45,7,1997,2,7,-1,1,-1
2015440447681,1,9,0,18,0,0,0,0,2,7,4,1,6,1,44,7,998,1,18,-1,1,-1
2015440447760,1,9,0,18,0,0,0,0,0,0,3,1,6,2,42,7,2495,1,12,-1,1,-1
2015440447760,2,9,0,18,0,0,0,0,0,0,3,1,6,3,-1,-1,-1,-1,-1,-1,-1,-1
2015440447865,1,9,0,18,0,0,0,0,1,0,1,1,6,2,52,8,1229,1,6,-1,1,-1
2015440447944,1,3,0,13,0,1,0,0,0,0,1,1,6,1,18,4,124,1,1,-1,1,-1
2015440447944,2,9,0,9,0,6,0,0,0,0,3,1,2,1,30,6,2171,1,14,-1,1,-1
2015440447953,1,9,0,18,0,0,0,0,0,0,4,1,6,1,21,5,1560,2,9,-1,1,-1
2015440448033,1,9,0,18,0,1,0,0,0,0,1,1,6,2,21,5,1360,1,5,-1,-1,-1
2015440448033,2,9,0,3,0,1,0,0,0,0,2,1,6,2,56,9,1242,1,5,-1,1,-1
2015440448256,1,9,0,3,0,1,0,0,0,0,1,1,6,1,65,9,1598,1,5,-1,1,-1
2015440448256,2,9,0,1,0,1,0,0,0,0,2,1,6,1,17,4,1896,2,8,-1,1,-1
2015440448372,1,9,0,18,0,0,1,10,0,0,4,1,6,1,25,5,1686,2,14,-1,2,-1
2015440448372,2,9,0,2,0,0,0,0,0,0,1,1,6,2,40,7,1461,2,-1,-1,-1,-1
2015440448490,1,3,0,4,0,0,1,0,0,0,1,1,2,2,18,4,124,1,1,-1,1,-1
2015440448490,2,9,0,4,0,0,0,0,0,0,2,1,2,1,27,6,1296,1,7,-1,-1,-1
2015440448845,1,1,0,7,0,8,0,0,0,0,3,1,1,2,46,8,-1,-1,-1,-1,1,-1
2015440448845,2,9,0,18,0,8,0,0,0,0,4,1,6,2,66,10,998,1,6,-1,1,-1
2015440448941,1,9,0,18,0,8,0,0,0,0,1,1,6,2,21,5,1242,1,8,-1,1,-1
2015440448941,2,9,0,18,0,8,0,0,0,0,3,1,2,2,41,7,1242,1,8,-1,1,-1
2015440448984,1,9,0,17,0,0,0,0,0,0,1,1,6,1,59,9,1598,1,9,-1,1,-1
2015440448984,2,9,0,16,0,0,0,0,1,0,1,1,1,1,67,10,1149,1,13,-1,1,-1
2015440449131,1,8,0,2,0,0,0,0,0,0,3,1,1,1,52,8,-1,-1,-1,-1,1,-1
2015440449131,2,11,0,14,0,0,0,0,0,0,3,1,1,1,43,7,6370,2,9,-1,1,-1
2015440449153,1,9,0,18,0,2,0,0,0,0,4,1,6,1,25,5,1398,1,4,-1,1,-1
2015440449283,1,9,0,9,0,8,0,0,0,0,1,1,6,1,71,10,2143,2,-1,-1,1,-1
2015440449283,2,1,0,17,0,8,0,0,0,0,4,1,6,2,40,7,-1,-1,-1,-1,1,-1
2015440449409,1,9,0,7,0,8,0,0,0,0,1,1,6,2,52,8,1398,1,3,-1,1,-1
2015440449409,2,1,0,18,0,8,0,0,0,0,2,1,6,2,69,10,-1,-1,-1,-1,1,-1
2015440449488,1,9,0,5,0,8,0,0,0,0,1,1,6,2,52,8,1597,1,15,-1,1,-1
2015440449488,2,1,0,18,0,8,0,0,0,0,4,1,6,1,44,7,-1,-1,-1,-1,1,-1
2015440449574,1,9,0,18,0,8,0,0,0,0,3,1,6,1,37,7,1896,2,12,-1,1,-1
2015440449574,2,9,0,18,0,8,0,0,0,0,1,1,6,1,68,10,1582,2,4,-1,1,-1
2015440449578,1,9,0,1,9,8,0,0,0,0,2,1,6,2,40,7,1364,1,-1,-1,1,-1
2015440449630,1,9,0,5,0,8,0,0,0,0,1,1,2,1,31,6,1598,1,11,-1,1,-1
2015440449630,2,3,0,18,0,8,0,0,0,0,4,1,2,1,20,4,-1,-1,-1,-1,1,-1
2015440449733,1,9,0,18,0,1,0,0,0,0,1,1,6,2,67,10,1349,1,4,-1,1,-1
2015440449733,2,9,0,3,0,1,0,0,0,0,2,1,6,2,40,7,1995,2,6,-1,1,-1
2015440449788,1,9,0,18,0,0,2,0,0,0,4,1,6,2,26,6,1798,1,7,-1,2,-1
2015440449818,1,9,0,4,0,1,0,0,0,0,2,1,6,2,45,7,1596,1,13,-1,1,-1
2015440449818,2,9,0,18,0,1,0,0,0,0,1,1,6,3,-1,-1,1591,1,5,-1,-1,-1
2015440449888,1,9,0,10,0,1,0,0,0,0,2,1,6,1,24,5,1399,2,10,-1,1,-1
2015440449888,2,9,0,18,0,1,1,0,0,0,1,1,6,1,18,4,1400,1,9,-1,1,-1
2015440449915,1,9,0,18,0,0,0,10,1,11,1,1,6,2,18,4,1598,1,12,-1,1,-1
2015440450345,1,9,0,5,0,1,0,0,0,0,1,1,2,1,49,8,2000,1,8,-1,1,-1
2015440450345,2,9,0,17,0,8,0,0,0,0,4,1,2,2,59,9,1390,1,19,-1,3,-1
2015440450459,1,3,0,11,0,8,0,0,0,0,4,1,6,2,31,6,125,1,-1,-1,1,-1
2015440450459,2,9,0,18,0,8,0,0,0,0,1,1,6,2,76,11,5204,1,8,-1,1,-1
2015440450473,1,3,0,13,0,1,0,0,0,0,1,1,6,1,18,4,125,1,3,-1,1,-1
2015440450473,2,9,0,9,0,6,0,0,0,0,3,1,6,1,36,7,1560,2,7,-1,1,-1
2015440450482,1,9,0,9,0,5,0,0,0,0,4,1,6,2,46,8,1896,2,15,-1,2,-1
2015440450482,2,5,0,18,0,1,1,0,0,0,1,1,6,1,72,10,650,1,46,-1,1,-1
2015440450510,1,9,0,18,0,1,0,0,0,0,3,1,6,2,62,9,1399,1,9,-1,1,-1
2015440450510,2,20,0,11,0,1,0,0,0,0,4,1,1,3,-1,-1,-1,-1,-1,-1,-1,-1
2015440450575,1,9,0,9,0,5,0,0,0,0,3,1,1,1,55,8,-1,-1,-1,-1,1,-1
2015440450816,1,9,0,7,0,8,0,0,0,0,3,1,6,3,-1,-1,-1,-1,-1,-1,-1,-1
2015440450816,2,1,0,18,0,1,0,0,0,0,1,1,2,2,43,7,-1,-1,-1,-1,1,-1
2015440450894,1,9,0,13,0,1,0,0,0,0,1,1,6,1,71,10,898,1,1,-1,2,-1
2015440450894,2,9,0,18,0,6,0,0,0,0,3,1,6,2,36,7,1360,1,15,-1,2,-1
2015440450896,1,5,0,18,0,8,1,0,0,0,1,1,6,1,48,8,781,1,16,-1,1,-1
2015440450896,2,9,0,7,0,8,0,0,0,0,3,1,6,1,46,8,2143,2,2,-1,1,-1
2015440450918,1,9,0,6,0,8,0,0,0,0,2,1,6,2,62,9,2979,1,14,-1,1,-1
2015440450918,2,1,0,7,0,8,0,0,0,0,1,1,6,1,71,10,-1,-1,-1,-1,1,-1
2015440451017,1,5,0,18,0,8,0,0,0,0,3,1,6,1,34,6,749,1,8,-1,1,-1
2015440451017,2,21,0,7,0,8,0,0,0,0,0,1,6,3,-1,-1,-1,-1,-1,-1,-1,-1
2015440451151,1,9,0,18,0,8,0,0,0,0,4,1,6,1,46,8,1360,1,6,-1,1,-1
2015440451300,1,9,0,11,0,0,1,7,0,0,1,1,6,1,79,11,1998,1,2,-1,1,-1
2015440451300,2,9,0,5,0,0,0,0,0,0,2,1,6,1,59,9,1299,1,10,-1,1,-1
2015440451300,3,9,0,5,0,0,0,0,0,0,2,1,6,2,65,9,1299,1,10,-1,1,-1
2015440451388,1,9,0,17,0,0,1,0,0,0,1,1,6,1,44,7,2494,1,16,-1,1,-1
2015440451388,2,9,0,16,0,0,0,0,1,0,1,1,6,2,59,9,1086,1,6,-1,2,-1
2015440451728,1,9,0,18,0,8,0,0,3,4,1,1,6,1,19,4,1364,1,6,-1,1,-1
2015440451999,1,9,0,18,0,1,0,0,2,4,1,1,6,1,39,7,1896,2,13,-1,1,-1
2015440451999,2,9,0,10,0,1,0,0,0,0,4,1,6,1,41,7,-1,-1,-1,-1,1,-1
2015440452101,1,1,0,16,4,8,0,0,0,0,2,1,2,1,30,6,-1,-1,-1,-1,1,-1
2015440452101,2,19,0,7,0,8,0,0,0,0,1,1,1,1,-1,-1,-1,-1,-1,-1,-1,-1
2015440452121,1,9,0,18,0,0,0,0,0,0,1,1,6,2,50,8,996,1,5,-1,1,-1
2015440452137,1,9,0,5,0,1,0,0,1,10,1,1,6,1,73,10,1991,2,9,-1,1,-1
2015440452179,1,9,0,5,0,1,0,0,0,0,2,1,6,2,31,6,1991,2,7,-1,1,-1
2015440452179,2,9,0,5,0,1,0,0,0,0,1,1,6,3,-1,-1,1598,1,14,-1,-1,-1
2015440452190,1,3,0,18,0,0,0,0,0,0,0,1,6,1,18,4,124,1,5,-1,1,-1
2015440452204,1,9,0,17,0,0,2,0,1,0,0,1,6,1,21,5,998,1,11,-1,1,-1
2015440452295,1,9,0,7,0,2,0,0,0,0,1,1,6,3,-1,-1,-1,-1,-1,-1,-1,-1
2015440452458,1,9,0,18,0,0,0,0,0,0,3,1,6,1,51,8,2494,1,15,-1,1,-1
2015440452458,2,9,0,18,0,0,1,0,1,0,3,1,2,2,74,10,1896,2,9,-1,3,-1
2015440452485,1,9,0,3,0,1,0,0,0,0,2,1,6,2,33,6,1339,1,10,-1,1,-1
2015440452485,2,9,0,3,0,1,0,0,0,0,2,1,6,2,39,7,1339,1,10,-1,1,-1
2015440452485,3,9,0,4,0,1,0,0,0,0,1,1,6,3,-1,-1,1968,2,2,-1,-1,-1
2015440452585,1,9,0,18,0,0,2,0,1,1,1,1,6,1,43,7,1850,1,15,-1,3,-1
2015440452684,1,8,0,17,0,0,0,0,0,0,4,1,1,1,35,6,1753,2,7,-1,1,-1
2015440452684,2,1,0,18,0,0,0,0,0,0,3,1,6,1,32,6,-1,-1,-1,-1,3,-1
2015440452834,1,9,0,18,0,0,0,0,0,0,3,1,6,1,75,10,1587,1,11,-1,1,-1
2015440452900,1,9,0,17,0,8,2,0,1,10,1,1,6,2,25,5,1598,1,13,-1,1,-1
2015440452903,1,19,0,18,0,2,0,0,0,0,1,1,1,1,24,5,2198,2,-1,-1,1,-1
2015440452941,1,9,0,4,0,8,1,0,1,1,1,1,2,1,51,8,2776,2,9,-1,3,-1
2015440452976,1,9,0,18,0,8,0,0,0,0,1,1,6,1,45,7,1910,2,8,-1,1,-1
2015440452976,2,9,0,3,0,8,0,0,0,0,2,1,6,1,27,6,1956,2,3,-1,1,-1
2015440453000,1,9,0,18,0,8,0,0,3,1,1,1,6,2,64,9,2500,2,23,-1,1,-1
2015440453000,2,9,0,18,0,8,0,0,0,0,3,1,6,1,28,6,2500,2,23,-1,1,-1
2015440453319,1,9,0,18,0,0,0,0,0,0,1,1,6,2,40,7,1595,1,9,-1,1,-1
2015440453319,2,9,0,2,0,0,0,0,0,0,1,1,6,3,-1,-1,1360,1,13,-1,-1,-1
2015440453354,1,3,0,17,0,0,0,0,0,0,1,1,6,1,34,6,124,1,16,-1,1,-1
2015440453354,2,9,0,2,0,0,0,0,0,0,1,1,6,3,-1,-1,1360,1,4,-1,-1,-1
2015440453811,1,9,0,18,0,8,0,0,0,0,1,1,6,3,-1,-1,-1,-1,-1,-1,-1,-1
2015440453811,2,3,0,17,0,8,0,0,0,0,2,1,2,1,20,4,124,1,2,-1,2,-1
2015440453903,1,9,0,18,0,0,0,0,0,0,4,1,6,1,59,9,999,1,1,-1,2,-1
2015440453930,1,9,0,10,0,1,0,0,0,0,2,1,6,2,29,6,1595,1,9,-1,1,-1
2015440453930,2,9,0,4,0,1,0,0,0,0,1,1,6,3,-1,-1,2720,2,9,-1,-1,-1
2015440454207,1,9,0,18,0,0,0,0,0,0,1,1,6,1,57,9,-1,-1,-1,-1,1,-1
2015440454207,2,9,0,4,0,0,0,0,0,0,2,1,6,1,57,9,999,1,1,-1,1,-1
2015440454274,1,9,0,18,0,8,2,10,1,10,1,1,6,1,28,6,-1,-1,-1,-1,1,-1
2015440454358,1,19,0,4,0,0,0,0,0,0,1,1,6,1,24,5,2143,2,2,-1,1,-1
2015440454358,2,9,0,18,0,0,0,0,1,0,1,1,6,1,38,7,1587,1,8,-1,1,-1
2015440454448,1,9,0,15,0,1,2,0,6,6,4,1,6,1,32,6,2494,1,16,-1,1,-1
2015440454448,2,9,0,18,0,1,0,0,0,0,3,1,6,1,32,6,1598,1,9,-1,1,-1
2015440454448,3,9,0,18,0,1,0,0,0,0,3,1,6,1,40,7,1997,2,6,-1,1,-1
2015440454465,1,9,0,18,0,0,0,0,0,0,4,1,6,3,-1,-1,-1,-1,-1,-1,-1,-1
2015440454473,1,9,0,18,0,1,1,10,1,0,1,1,6,2,24,5,1242,1,14,-1,1,-1
2015440454481,1,9,0,9,0,8,0,0,0,0,3,1,6,1,32,6,1560,2,8,-1,1,-1
2015440454481,2,3,0,18,0,8,0,0,0,0,1,1,6,1,23,5,124,1,1,-1,1,-1
2015440455060,1,9,0,5,0,1,0,0,0,0,1,1,6,2,20,4,1995,2,5,-1,1,-1
2015440455085,1,19,0,5,0,4,0,0,0,0,1,1,1,1,68,10,-1,-1,-1,-1,1,-1
2015440455085,2,1,0,17,0,8,0,0,0,0,4,1,6,2,23,5,-1,-1,-1,-1,1,-1
2015440455318,1,9,0,3,0,2,0,0,0,0,2,1,1,1,46,8,1968,2,1,-1,1,-1
2015440455318,2,19,0,18,0,2,0,0,0,0,1,1,6,1,81,11,-1,-1,-1,-1,2,-1
2015440456254,1,19,0,18,0,8,1,0,7,4,1,1,6,1,26,6,1248,2,7,-1,2,-1
2015440456254,2,9,0,9,0,8,0,0,3,4,3,1,6,2,55,8,1339,1,8,-1,3,-1
2015440456330,1,9,0,9,0,8,0,0,0,0,4,1,6,2,59,9,1498,1,-1,-1,-1,-1
2015440456330,2,1,0,18,0,1,0,0,0,0,1,1,6,1,23,5,-1,-1,-1,-1,1,-1
2015440456330,3,1,0,18,0,1,0,0,0,0,1,1,6,1,25,5,-1,-1,-1,-1,1,-1
2015440456452,1,9,0,17,0,0,1,0,0,0,1,1,6,1,24,5,1587,1,17,-1,1,-1
2015440456452,2,9,0,18,0,0,0,0,0,0,1,1,6,2,52,8,998,1,2,-1,1,-1
2015440456468,1,9,0,9,0,8,0,0,0,0,1,1,6,3,-1,-1,-1,-1,-1,-1,-1,-1
2015440456468,2,2,0,18,0,1,0,0,0,0,4,1,6,1,16,4,49,1,38,-1,1,-1
2015440456544,1,3,0,16,0,1,1,0,0,0,4,1,6,2,43,7,125,1,-1,-1,1,-1
2015440456602,1,1,0,4,0,8,0,0,0,0,1,1,6,1,27,6,-1,-1,-1,-1,1,-1
2015440456602,2,11,0,18,0,8,0,0,0,0,4,1,1,1,-1,-1,-1,-1,-1,-1,-1,-1
2015440456612,1,9,0,18,0,0,0,0,0,0,1,1,2,2,34,6,1388,1,6,-1,1,-1
2015440456696,1,9,0,4,0,8,0,0,0,0,1,1,6,1,46,8,1995,2,9,-1,2,-1
2015440456696,2,9,0,18,0,8,0,0,0,0,4,1,2,2,25,5,1229,1,1,-1,1,-1
2015440456769,1,9,0,18,0,0,0,0,0,0,4,1,6,1,-1,-1,-1,-1,-1,-1,-1,-1
2015440456778,1,9,0,12,0,8,0,0,0,0,2,2,6,2,30,6,-1,-1,-1,-1,1,-1
2015440456778,2,9,0,12,0,8,0,0,0,0,1,1,6,3,-1,-1,2494,1,19,-1,-1,-1
2015440457081,1,9,0,18,0,4,0,0,0,0,1,1,6,1,73,10,1597,1,21,-1,3,-1
2015440457081,2,9,0,9,0,8,0,0,0,0,4,1,6,2,25,5,1598,1,5,-1,1,-1
2015440457081,3,9,0,3,0,1,0,0,0,0,3,1,6,2,25,5,1598,1,12,-1,1,-1
2015440457134,1,9,0,1,0,0,0,0,0,0,2,1,6,1,23,5,1988,1,14,-1,1,-1
2015440457448,1,9,0,16,0,0,1,0,7,11,4,1,6,1,18,4,-1,-1,-1,-1,1,-1
2015440457641,1,1,0,18,0,0,0,0,0,0,1,1,6,1,35,6,-1,-1,-1,-1,1,-1
2015440457641,2,9,0,2,0,0,0,0,0,0,4,1,6,3,-1,-1,1400,1,17,-1,-1,-1
2015440458124,1,2,0,3,0,0,0,0,0,0,1,1,6,2,82,11,49,1,2,-1,1,-1
2015440458124,2,19,0,1,0,0,0,0,0,0,2,1,6,1,-1,-1,2198,2,-1,-1,1,-1
2015440458182,1,9,0,1,0,0,0,0,0,0,2,1,6,1,53,8,1997,2,5,-1,1,-1
2015440458216,1,9,0,18,0,0,5,0,0,0,4,1,6,1,22,5,2521,1,5,-1,1,-1
2015440458216,2,19,0,18,0,0,5,0,0,0,4,1,1,1,34,6,2198,2,5,-1,1,-1
2015440458216,3,9,0,18,0,0,0,0,0,0,3,1,6,2,57,9,1796,1,6,-1,1,-1
2015440458233,1,19,0,18,0,0,0,0,0,0,4,1,6,1,40,7,2477,2,12,-1,1,-1
2015440458247,1,9,0,5,0,8,0,0,0,0,2,1,6,2,48,8,1999,1,15,-1,1,-1
2015440458247,2,9,0,18,0,8,0,0,0,0,1,1,6,3,-1,-1,-1,-1,-1,-1,-1,-1
2015440458342,1,8,0,5,0,8,0,0,0,0,1,1,1,1,32,6,1598,2,3,-1,-1,-1
2015440458342,2,1,0,18,0,8,0,0,0,0,2,1,6,1,59,9,-1,-1,-1,-1,1,-1
2015440458873,1,19,0,18,0,8,0,0,0,0,1,1,6,1,73,10,2299,2,18,-1,1,-1
2015440458873,2,90,0,12,0,8,0,0,0,0,2,1,6,1,15,3,-1,-1,-1,-1,1,-1
2015440458878,1,9,0,18,0,8,5,0,5,7,1,1,6,1,38,7,1997,2,10,-1,1,-1
2015440458981,1,9,0,17,0,8,0,0,0,0,2,1,6,3,-1,-1,-1,-1,-1,-1,-1,-1
2015440458981,2,1,0,18,0,8,0,0,0,0,1,1,6,1,19,4,-1,-1,-1,-1,1,-1
2015440459518,1,9,0,18,0,0,5,0,1,0,1,1,6,2,36,7,1588,1,15,-1,1,-1
2015440459729,1,9,0,14,0,0,0,7,0,0,1,1,6,1,62,9,-1,-1,-1,-1,1,-1
2015440459907,1,9,0,5,0,8,0,0,0,0,1,1,6,2,44,7,1587,1,10,-1,1,-1
2015440459907,2,1,0,17,0,8,0,0,0,0,2,1,6,1,29,6,-1,-1,-1,-1,1,-1
2015440459941,1,3,0,14,0,2,1,0,0,0,0,1,6,2,37,7,-1,-1,-1,-1,1,-1
2015440459960,1,9,0,9,0,8,0,0,0,0,1,1,6,1,75,10,1198,1,10,-1,2,-1
2015440459960,2,9,0,18,0,8,1,0,0,0,1,1,6,1,72,10,2143,2,4,-1,3,-1
2015440460050,1,9,0,5,0,8,0,0,0,0,3,1,6,1,82,11,1339,1,5,-1,1,-1
2015440460050,2,9,0,18,0,8,0,0,0,0,4,1,6,1,32,6,2800,2,21,-1,1,-1
2015440460050,3,11,0,4,0,8,0,0,0,0,3,1,1,1,38,7,9000,2,12,-1,1,-1
2015440460082,1,9,3,18,0,1,0,0,0,0,1,1,6,1,54,8,3200,2,13,-1,1,-1
2015440460083,1,9,0,17,0,0,1,0,0,0,1,1,6,1,49,8,2967,2,2,-1,3,-1
2015440460083,2,9,0,16,0,0,1,0,1,0,3,1,6,1,39,7,1360,1,15,-1,1,-1
2015440460317,1,9,0,18,0,0,0,0,0,0,1,1,6,1,46,8,1600,1,16,-1,1,-1
2015440460347,1,9,0,18,0,0,2,0,1,10,3,1,6,1,34,6,3200,2,5,-1,1,-1
2015440460412,1,9,0,18,0,2,0,0,0,0,1,1,2,1,60,9,-1,-1,-1,-1,-1,-1
2015440460412,2,9,0,18,0,1,0,0,0,0,1,1,6,1,24,5,1172,1,57,-1,3,-1
2015440460535,1,8,0,9,0,8,0,0,0,0,1,1,1,1,51,8,1753,2,9,-1,1,-1
2015450020805,1,1,0,18,0,4,0,0,0,0,3,1,6,1,22,5,-1,-1,-1,-1,1,-1
2015450020805,2,9,0,18,0,3,0,0,0,0,4,1,6,3,-1,-1,-1,-1,-1,-1,-1,-1
2015450020816,1,9,0,7,0,6,0,0,0,0,3,1,6,1,38,7,-1,-1,-1,-1,1,-1
2015450020816,2,9,0,18,0,1,0,0,0,0,1,1,6,1,30,6,-1,-1,-1,-1,2,-1
2015450020818,1,9,0,3,0,1,0,0,0,0,1,1,6,2,57,9,1461,2,3,-1,1,-1
2015450020818,2,9,0,18,0,8,0,0,0,0,1,1,6,1,17,4,1398,2,13,-1,1,-1
2015450020842,1,9,0,9,0,6,0,0,0,0,1,1,2,1,33,6,1596,1,12,-1,1,-1
2015450020842,2,9,0,17,0,1,0,0,0,0,4,1,6,2,87,11,-1,-1,-1,-1,1,-1
2015450020853,1,9,0,5,0,6,0,0,0,0,1,1,6,2,29,6,3628,2,7,-1,3,-1
2015450020853,2,1,0,18,0,8,0,0,0,0,1,1,6,2,54,8,-1,-1,-1,-1,3,-1
2015450020855,1,1,0,18,0,0,0,0,0,0,1,1,6,1,47,8,-1,-1,-1,-1,1,-1
2015450020855,2,1,0,18,0,0,0,0,0,0,2,1,6,1,47,8,-1,-1,-1,-1,1,-1
2015450020857,1,9,0,9,0,5,0,0,0,0,1,1,6,2,19,4,-1,-1,-1,-1,1,-1
2015450020857,2,9,0,18,0,8,0,0,0,0,1,1,1,1,48,8,-1,-1,-1,-1,1,-1
2015450020858,1,9,0,9,0,5,0,0,0,0,1,1,6,2,17,4,1360,1,11,-1,1,-1
2015450020858,2,9,0,5,0,4,0,0,0,0,3,1,6,2,17,4,998,1,5,-1,1,-1
2015450020861,1,9,0,18,0,0,0,0,0,0,1,1,2,2,26,6,-1,-1,-1,-1,1,-1
2015450020861,2,9,0,18,0,0,0,0,1,0,1,1,1,1,59,9,-1,-1,-1,-1,1,-1
2015450020865,1,1,0,18,0,8,0,0,0,0,3,1,2,1,31,6,-1,-1,-1,-1,1,-1
2015450020865,2,9,0,11,0,3,0,0,0,0,4,1,2,1,55,8,1390,1,13,-1,1,-1
2015450020868,1,9,0,4,0,0,0,0,0,0,1,1,2,2,46,8,1248,1,6,-1,1,-1
2015450020868,2,9,0,4,0,0,0,0,0,0,2,1,2,1,46,8,1968,2,3,-1,2,-1
2015450020869,1,9,0,17,0,0,2,10,4,0,4,1,1,2,46,8,-1,-1,-1,-1,3,-1
2015450020884,1,9,0,18,0,0,0,0,0,0,1,1,6,1,63,9,2987,2,3,-1,1,-1
2015450020887,1,9,0,18,0,0,0,0,0,0,1,1,6,1,68,10,999,1,14,-1,3,-1
2015450020889,1,9,0,4,0,1,0,0,0,0,1,1,6,2,49,8,1598,1,11,-1,1,-1
2015450020889,2,9,0,10,0,5,0,0,0,0,2,1,6,2,17,4,-1,-1,-1,-1,1,-1
2015450020892,1,9,0,5,0,6,0,0,0,0,3,1,6,2,37,7,1896,2,8,-1,1,-1
2015450020892,2,5,0,18,0,1,5,0,1,10,1,1,6,1,32,6,998,1,16,-1,1,-1
2015450020896,1,9,0,4,0,4,0,0,0,0,1,1,6,1,53,8,1389,1,19,-1,1,-1
2015450020896,2,9,0,4,0,4,0,0,0,0,2,1,6,1,32,6,1275,1,17,-1,1,-1
2015450020908,1,9,0,4,0,0,0,0,0,0,0,1,6,1,53,8,1598,1,7,-1,1,-1
2015450020908,2,11,0,4,0,0,0,0,0,0,0,1,1,1,-1,-1,3900,2,9,-1,1,-1
2015450020914,1,9,0,5,0,6,0,0,1,0,3,1,6,2,40,7,2993,2,3,-1,1,-1
2015450020914,2,19,0,4,0,1,0,0,0,0,1,1,6,1,-1,-1,1896,2,14,-1,1,-1