Accident_Index,Vehicle_Reference,Vehicle_Type,Towing_and_Articulation,Vehicle_Manoeuvre,Vehicle_Location-Restricted_Lane,Junction_Location,Skidding_and_Overturning,Hit_Object_in_Carriageway,Vehicle_Leaving_Carriageway,Hit_Object_off_Carriageway,1st_Point_of_Impact,Was_Vehicle_Left_Hand_Drive?,Journey_Purpose_of_Driver,Sex_of_Driver,Age_of_Driver,Age_Band_of_Driver,Engine_Capacity_(CC),Propulsion_Code,Age_of_Vehicle,Driver_IMD_Decile,Driver_Home_Area_Type,Vehicle_IMD_Decile
2015450020915,1,1,0,18,0,0,5,0,0,0,2,1,4,1,12,3,-1,-1,-1,-1,1,-1
2015450020915,2,9,0,5,0,0,0,0,0,0,1,1,6,1,-1,-1,-1,-1,-1,-1,-1,-1
2015450020916,1,9,0,18,0,1,0,0,0,0,1,1,6,1,54,8,-1,-1,-1,-1,1,-1
2015450020916,2,9,0,9,0,6,0,0,0,0,1,1,2,1,38,7,1388,1,13,-1,1,-1
2015450020922,1,3,0,17,0,2,1,0,0,0,4,1,2,1,32,6,108,1,2,-1,1,-1
2015450020925,1,8,0,17,0,0,0,0,0,0,0,1,6,3,-1,-1,-1,-1,-1,-1,-1,-1
2015450020925,2,5,0,18,0,0,2,0,0,0,1,1,6,1,25,5,649,1,14,-1,1,-1
2015450020925,3,4,0,18,0,0,2,0,0,0,2,1,6,1,23,5,125,1,12,-1,1,-1
2015450020930,1,9,0,5,0,4,0,0,0,0,1,1,2,2,27,6,1388,1,13,-1,1,-1
2015450020930,2,5,0,9,0,8,0,0,0,0,4,1,2,1,42,7,645,1,11,-1,1,-1
2015450020934,1,9,0,5,0,0,0,0,0,0,0,1,1,1,36,7,2993,2,3,-1,1,-1
2015450020934,2,9,0,3,0,0,1,0,0,0,2,1,6,1,47,8,2720,2,10,-1,1,-1
2015450020934,3,9,0,4,0,0,0,0,0,0,4,1,6,1,61,9,2199,2,5,-1,2,-1
2015450020934,4,9,0,4,0,0,0,0,0,0,4,1,6,1,49,8,-1,-1,-1,-1,3,-1
2015450020934,5,19,0,18,0,0,1,0,0,0,1,1,1,1,38,7,-1,-1,-1,-1,-1,-1
2015450020944,1,9,0,18,0,6,0,0,0,0,1,1,6,1,37,7,1598,2,1,-1,1,-1
2015450020953,1,11,0,7,0,2,0,0,0,0,4,1,1,1,31,6,3900,2,12,-1,1,-1
2015450020958,1,3,0,18,0,1,2,0,0,0,0,1,2,1,58,9,124,1,11,-1,1,-1
2015450020958,2,9,0,9,0,6,0,0,0,0,0,1,6,3,-1,-1,-1,-1,-1,-1,-1,-1
2015450020959,1,1,0,18,0,8,0,0,0,0,1,1,6,1,15,3,-1,-1,-1,-1,1,-1
2015450020959,2,9,0,18,0,1,0,0,0,0,3,1,2,2,59,9,1598,1,4,-1,1,-1
2015450020962,1,9,0,16,0,2,0,0,0,0,1,1,6,1,32,6,1461,2,1,-1,3,-1
2015450020963,1,9,0,18,0,0,0,0,0,0,1,1,6,1,93,11,2979,1,-1,-1,1,-1
2015450020963,2,9,0,18,0,0,0,0,0,0,2,1,2,2,50,8,-1,-1,-1,-1,1,-1
2015450020963,3,9,0,18,0,0,0,0,0,0,2,1,2,1,31,6,1598,1,11,-1,1,-1
2015450020963,4,9,0,18,0,0,0,0,0,0,2,1,6,1,19,4,1198,1,10,-1,1,-1
2015450020963,5,9,0,18,0,0,0,0,0,0,2,1,2,1,47,8,1398,1,1,-1,1,-1
2015450020966,1,9,0,1,0,0,0,0,1,10,1,1,6,1,89,11,1587,1,12,-1,1,-1
2015450020966,2,9,0,2,0,0,0,0,0,0,2,1,6,2,-1,-1,1598,1,13,-1,1,-1
2015450020966,3,9,0,2,0,0,0,0,0,0,1,1,6,1,-1,-1,1560,2,2,-1,1,-1
2015450020972,1,9,0,18,0,0,0,4,0,0,1,1,1,1,29,6,1968,2,7,-1,1,-1
2015450020972,2,9,0,2,0,0,0,0,0,0,2,1,6,2,-1,-1,3189,1,9,-1,1,-1
2015450020973,1,9,0,16,0,1,0,7,7,1,1,1,6,1,25,5,-1,-1,-1,-1,3,-1
2015450020976,1,9,0,9,0,8,0,0,0,0,1,1,6,2,51,8,998,1,5,-1,1,-1
2015450020976,2,9,0,18,0,8,0,0,0,0,1,1,6,2,39,7,-1,-1,-1,-1,1,-1
2015450020977,1,9,0,3,0,1,0,0,0,0,1,1,2,2,55,8,1597,1,10,-1,1,-1
2015450020977,2,9,0,4,0,1,0,0,0,0,2,1,2,1,43,7,1997,2,1,-1,1,-1
2015450020982,1,3,0,13,0,0,1,0,0,0,1,1,6,1,17,4,124,1,1,-1,1,-1
2015450020982,2,19,0,6,0,0,0,0,0,0,3,1,6,1,32,6,1868,2,12,-1,1,-1
2015450021074,1,9,0,15,0,0,0,4,0,0,1,1,6,1,23,5,-1,-1,-1,-1,3,-1
2015450021074,2,9,0,2,0,0,0,0,0,0,1,1,6,3,-1,-1,-1,-1,-1,-1,-1,-1
2015450021075,1,1,0,18,0,0,2,0,0,0,4,1,6,2,29,6,-1,-1,-1,-1,1,-1
2015450021075,2,9,0,18,0,0,0,0,0,0,3,1,6,3,-1,-1,-1,-1,-1,-1,-1,-1
2015450021079,1,3,0,18,0,0,1,0,0,0,1,1,6,1,23,5,124,1,15,-1,1,-1
2015450021087,1,5,0,18,0,0,1,0,0,0,4,1,6,1,21,5,600,1,15,-1,2,-1
2015450021087,2,9,0,18,0,0,0,0,0,0,4,1,6,2,28,6,1560,2,10,-1,3,-1
2015450021101,1,9,0,9,0,4,0,0,0,0,1,1,2,1,54,8,1996,1,14,-1,1,-1
2015450021101,2,9,0,18,0,4,0,0,1,0,4,1,2,2,48,8,1598,1,9,-1,1,-1
2015450021117,1,3,0,4,0,3,2,0,0,0,1,1,6,1,17,4,-1,-1,-1,-1,1,-1
2015450021118,1,9,0,10,0,8,0,0,0,0,1,1,1,2,39,7,-1,-1,-1,-1,1,-1
2015450021118,2,9,0,9,0,6,0,0,0,0,1,1,1,1,67,10,-1,-1,-1,-1,1,-1
2015450021157,1,9,0,18,0,1,0,0,0,0,0,1,6,1,50,8,-1,-1,-1,-1,1,-1
2015450021157,2,9,0,18,0,1,0,0,0,0,3,1,1,1,62,9,2987,2,3,-1,1,-1
2015450021157,3,5,0,18,0,1,0,0,0,0,3,1,6,1,57,9,980,1,25,-1,1,-1
2015450021158,1,9,0,18,0,4,0,0,0,0,1,1,6,1,35,6,1798,1,8,-1,1,-1
2015450021158,2,9,0,18,0,8,0,0,0,0,1,1,6,1,70,10,-1,-1,-1,-1,2,-1
2015450021159,1,9,0,7,0,1,0,0,3,0,1,1,6,2,20,4,-1,-1,-1,-1,2,-1
2015450021161,1,9,0,3,0,0,0,0,0,0,2,1,6,2,58,9,1398,1,2,-1,1,-1
2015450021161,2,9,0,3,0,0,0,0,0,0,2,1,6,2,-1,-1,998,1,2,-1,1,-1
2015450021161,3,9,0,3,0,0,0,0,0,0,2,1,6,1,-1,-1,1781,1,12,-1,1,-1
2015450021161,4,9,0,4,0,0,1,0,0,0,1,1,6,2,57,9,1240,1,12,-1,1,-1
2015450021162,1,9,0,9,0,1,0,0,0,0,3,1,6,1,31,6,1781,1,12,-1,1,-1
2015450021162,2,1,0,18,0,1,5,0,0,0,1,1,6,2,19,4,-1,-1,-1,-1,1,-1
2015450021168,1,5,0,13,0,0,0,0,0,0,1,1,6,2,21,5,-1,-1,-1,-1,1,-1
2015450021168,2,9,0,10,0,0,0,0,0,0,1,1,2,2,25,5,1599,1,11,-1,3,-1
2015450021169,1,9,0,18,0,1,0,0,0,0,1,1,1,1,61,9,2987,2,-1,-1,3,-1
2015450021186,1,9,0,9,0,2,0,0,0,0,1,1,6,1,78,11,1389,1,11,-1,1,-1
2015450021186,2,5,0,4,0,1,0,0,0,0,1,1,6,1,55,8,1170,1,1,-1,1,-1
2015450021188,1,19,0,18,0,0,0,0,0,0,0,1,6,3,-1,-1,-1,-1,-1,-1,-1,-1
2015450021188,2,16,0,18,0,0,0,0,0,0,0,1,6,2,18,4,-1,-1,-1,-1,1,-1
2015450021192,1,9,0,7,0,1,0,0,0,0,1,1,6,2,73,10,1149,1,10,-1,1,-1
2015450021192,2,3,0,17,0,8,0,0,0,0,1,1,2,1,19,4,125,1,3,-1,1,-1
2015450021196,1,9,0,18,0,1,1,0,0,0,1,1,6,1,21,5,1368,1,5,-1,1,-1
2015450021196,2,9,0,18,0,6,0,0,0,0,2,1,6,1,-1,-1,3200,2,4,-1,3,-1
2015450021197,1,9,0,5,0,1,0,0,0,0,1,1,6,1,66,10,2498,1,14,-1,1,-1
2015450021199,1,9,0,3,0,1,0,0,0,0,2,1,6,2,45,7,2967,2,2,-1,1,-1
2015450021199,2,9,0,3,0,1,0,0,0,0,2,1,6,2,23,5,1198,1,3,-1,1,-1
2015450021199,3,9,0,18,0,1,0,0,0,0,1,1,6,2,24,5,1995,2,8,-1,1,-1
2015450021200,1,9,0,5,0,5,0,0,0,0,3,1,6,2,49,8,998,1,7,-1,3,-1
2015450021205,1,9,0,17,0,0,0,0,1,0,1,1,6,1,23,5,1229,1,1,-1,1,-1
2015450021211,1,9,0,18,0,0,0,0,0,0,1,1,6,1,46,8,1560,2,6,-1,1,-1
2015450021211,2,9,0,3,0,0,0,0,0,0,2,1,2,1,40,7,1896,2,11,-1,1,-1
2015450021213,1,5,0,13,0,0,0,0,0,0,1,1,2,1,20,4,124,1,2,-1,1,-1
2015450021240,1,2,0,18,0,0,0,0,0,0,1,1,6,3,-1,-1,-1,-1,-1,-1,-1,-1
2015450021243,1,19,0,1,0,1,0,0,0,0,2,1,1,1,48,8,2300,2,11,-1,1,-1
2015450021243,2,9,0,18,0,1,0,0,0,0,1,1,6,1,75,10,1999,1,8,-1,1,-1
2015450021244,1,21,1,18,0,0,0,0,0,0,1,1,1,1,47,8,-1,-1,-1,-1,-1,-1
2015450021244,2,9,0,18,0,0,1,0,4,6,2,1,6,1,52,8,-1,-1,-1,-1,1,-1
2015450021244,3,9,0,18,0,0,0,0,4,6,1,1,6,1,31,6,1995,1,9,-1,1,-1
2015450021244,4,9,0,18,0,0,0,0,0,0,1,1,6,1,40,7,2204,2,9,-1,1,-1
2015450021244,5,9,0,18,0,0,0,0,0,0,0,1,6,1,29,6,-1,-1,-1,-1,1,-1
2015450021246,1,9,0,18,0,1,0,0,0,0,2,1,6,1,23,5,1388,1,9,-1,1,-1
2015450021246,2,9,0,18,0,1,0,0,0,0,1,1,6,1,-1,-1,996,1,2,-1,1,-1
2015450021249,1,9,0,9,0,6,0,0,0,0,1,1,6,1,92,11,1497,8,2,-1,1,-1
2015450021254,1,1,0,18,0,0,0,0,0,0,1,1,6,2,45,7,-1,-1,-1,-1,1,-1
2015450021254,2,9,0,18,0,0,0,0,0,0,1,1,6,2,-1,-1,1124,1,11,-1,1,-1
2015450021258,1,9,0,11,0,0,0,0,0,0,3,1,6,3,-1,-1,-1,-1,-1,-1,-1,-1
2015450021258,2,9,0,18,0,0,0,0,5,0,1,1,2,1,23,5,1596,1,7,-1,1,-1
2015450021263,1,9,0,5,0,1,0,0,0,0,1,1,2,1,41,7,1994,2,12,-1,1,-1
2015450021272,1,9,4,18,0,0,0,0,0,0,1,1,6,1,-1,-1,2286,2,48,-1,3,-1
2015450021272,2,9,0,18,0,0,0,0,0,0,1,1,6,2,48,8,1399,1,6,-1,3,-1
2015450021273,1,9,0,7,0,6,0,0,0,0,3,1,6,2,52,8,998,1,6,-1,1,-1
2015450021273,2,1,0,4,0,2,0,0,0,0,4,1,2,2,53,8,-1,-1,-1,-1,1,-1
2015450021274,1,9,0,9,0,1,0,0,0,0,1,1,6,1,43,7,1968,2,1,-1,1,-1
2015450021274,2,1,0,18,0,1,5,0,0,0,1,1,6,1,56,9,-1,-1,-1,-1,1,-1
2015450021280,1,9,0,18,0,8,0,0,0,0,1,1,6,1,53,8,2987,2,9,-1,1,-1
2015450021280,2,9,0,9,0,1,0,0,0,0,1,1,6,1,19,4,-1,-1,-1,-1,1,-1
2015450021281,1,9,0,18,0,0,0,0,0,0,4,1,6,2,32,6,1461,2,11,-1,1,-1
2015450021281,2,9,0,18,0,0,0,0,0,0,3,1,1,1,53,8,-1,-1,-1,-1,1,-1
2015450021284,1,9,0,5,0,1,0,0,0,0,3,1,6,2,64,9,1560,2,1,-1,1,-1
2015450021284,2,1,0,18,0,1,0,0,0,0,4,1,6,1,26,6,-1,-1,-1,-1,1,-1
2015450021288,1,9,0,18,0,0,0,0,0,0,2,1,6,1,23,5,1364,1,4,-1,1,-1
2015450021288,2,9,0,18,0,0,0,0,0,0,1,1,6,1,-1,-1,1968,2,4,-1,2,-1
2015450021298,1,9,0,18,0,8,1,0,1,0,1,1,6,1,69,10,1781,1,12,-1,3,-1
2015450021311,1,9,0,18,0,0,0,0,4,10,1,1,6,1,66,10,2143,2,1,-1,1,-1
2015450021311,2,9,0,18,0,0,1,0,1,0,2,1,6,2,57,9,1590,1,15,-1,3,-1
2015450021313,1,11,0,18,0,1,0,0,0,0,0,1,6,1,-1,-1,3900,2,8,-1,1,-1
2015450021315,1,9,0,18,0,4,0,0,0,0,1,1,6,2,31,6,1229,1,10,-1,1,-1
2015450021315,2,9,0,9,0,4,0,0,0,0,1,1,6,2,32,6,1242,1,4,-1,3,-1
2015450021316,1,4,0,18,0,1,0,0,1,0,0,1,6,1,23,5,125,1,12,-1,1,-1
2015450021316,2,9,0,9,0,6,0,0,0,0,0,1,6,3,-1,-1,-1,-1,-1,-1,-1,-1
2015450021318,1,9,0,18,0,0,0,0,0,0,3,1,6,2,22,5,875,1,4,-1,1,-1
2015450021349,1,9,0,9,0,5,0,0,0,0,4,1,6,2,31,6,1968,2,2,-1,1,-1
2015450021349,2,9,0,18,0,8,0,0,0,0,1,1,6,1,32,6,1598,2,2,-1,3,-1
2015450021351,1,9,0,9,0,1,0,0,0,0,1,1,6,1,41,7,1999,1,10,-1,1,-1
2015450021353,1,9,0,18,0,4,0,0,0,0,1,1,6,3,-1,-1,-1,-1,-1,-1,-1,-1
2015450021353,2,9,0,4,0,8,0,0,0,0,2,1,6,1,58,9,-1,-1,-1,-1,1,-1
2015450021358,1,9,0,2,6,0,0,0,0,0,0,1,1,1,35,6,2993,2,1,-1,1,-1
2015450021358,2,9,0,3,0,0,0,0,0,0,2,1,6,1,39,7,1229,1,2,-1,1,-1
2015450021358,3,9,0,18,0,0,0,0,0,0,1,1,2,1,57,9,1598,2,4,-1,1,-1
2015450021358,4,9,0,18,0,0,1,0,0,0,1,1,2,1,33,6,1995,2,3,-1,1,-1
2015450021371,1,1,0,18,0,0,5,0,0,0,1,1,6,1,25,5,-1,-1,-1,-1,3,-1
2015450021376,1,9,0,14,0,2,0,4,0,0,4,1,6,1,36,7,1600,1,11,-1,3,-1
2015450021376,2,9,0,2,0,2,0,0,0,0,3,1,6,1,-1,-1,2995,1,11,-1,2,-1
2015450021377,1,1,0,18,0,0,0,0,0,0,0,1,6,1,43,7,-1,-1,-1,-1,1,-1
2015450021377,2,19,0,13,0,0,0,0,0,0,4,1,1,1,60,9,2497,2,3,-1,2,-1
2015450021385,1,5,0,4,0,1,1,0,0,0,0,1,6,1,56,9,865,1,3,-1,1,-1
2015450021385,2,1,0,5,0,1,0,0,0,0,0,1,6,1,17,4,-1,-1,-1,-1,1,-1
2015450021388,1,9,0,18,0,0,0,0,0,0,2,1,6,1,24,5,-1,-1,-1,-1,1,-1
2015450021388,2,9,0,18,0,0,0,0,0,0,1,1,6,1,30,6,-1,-1,-1,-1,1,-1
2015450021389,1,9,0,5,0,4,0,0,0,0,3,1,2,2,28,6,1598,1,11,-1,1,-1
2015450021389,2,1,0,18,0,8,5,0,0,0,3,1,6,1,32,6,-1,-1,-1,-1,1,-1
2015450021390,1,9,0,9,0,8,0,0,0,0,1,1,1,2,32,6,-1,-1,-1,-1,1,-1
2015450021390,2,9,0,18,0,8,0,0,0,0,1,1,6,2,77,11,-1,-1,-1,-1,1,-1
2015450021392,1,9,0,18,0,0,0,0,0,0,1,1,6,1,37,7,1796,1,9,-1,1,-1
2015450021392,2,9,0,6,2,0,0,0,0,0,1,1,6,2,54,8,1598,1,14,-1,1,-1
2015450021393,1,5,0,18,0,3,0,0,0,0,0,1,6,1,33,6,998,1,6,-1,1,-1
2015450021395,1,9,0,18,0,1,0,0,0,0,1,1,6,1,27,6,2497,2,16,-1,1,-1
2015450021395,2,9,0,4,0,2,0,0,0,0,2,1,2,1,45,7,-1,-1,-1,-1,1,-1
2015450021395,3,9,0,4,0,2,0,0,0,0,2,1,6,2,17,4,998,1,11,-1,1,-1
2015450021395,4,9,0,4,0,2,0,0,0,0,2,1,6,3,-1,-1,-1,-1,-1,-1,-1,-1
2015450021396,1,9,0,18,0,1,0,0,0,0,1,1,1,1,22,5,-1,-1,-1,-1,1,-1
2015450021396,2,9,0,18,0,1,0,0,0,0,1,1,6,2,63,9,1339,1,9,-1,1,-1
2015450021397,1,9,0,18,0,0,0,0,0,0,1,1,6,3,-1,-1,-1,-1,-1,-1,-1,-1
2015450021398,1,9,0,18,0,0,0,0,0,0,1,1,6,1,70,10,1870,2,6,-1,1,-1
2015450021399,1,9,0,18,0,2,0,0,0,0,4,1,6,2,69,10,-1,-1,-1,-1,1,-1
2015450021399,2,9,0,5,0,1,0,0,0,0,1,1,6,1,57,9,2800,2,20,-1,2,-1
2015450021401,1,9,0,4,0,0,0,0,0,0,0,1,6,3,-1,-1,-1,-1,-1,-1,-1,-1
2015450021401,2,9,0,4,0,0,0,0,0,0,2,1,6,2,37,7,2143,2,1,-1,1,-1
2015450021401,3,9,0,4,0,0,0,0,0,0,1,1,6,1,27,6,1149,1,1,-1,3,-1
2015450021401,4,9,0,4,0,0,0,0,0,0,1,1,2,2,51,8,1598,2,2,-1,3,-1
2015450021401,5,9,0,4,0,0,0,0,0,0,2,1,6,1,47,8,1596,1,9,-1,1,-1
2015450021401,6,9,0,4,0,0,0,0,0,0,0,1,6,1,51,8,2996,1,9,-1,3,-1
2015450021402,1,9,0,18,0,0,0,0,0,0,4,1,6,2,65,9,1398,1,3,-1,1,-1
2015450021404,1,9,0,7,0,0,5,0,0,0,1,1,6,2,17,4,-1,-1,-1,-1,1,-1
2015450021405,1,9,0,18,0,0,0,0,0,0,1,1,6,2,83,11,998,1,13,-1,1,-1
2015450021407,1,9,0,18,0,0,0,0,0,0,1,1,1,1,38,7,-1,-1,-1,-1,1,-1
2015450021407,2,9,0,4,0,0,0,0,0,0,2,1,6,1,31,6,1461,2,11,-1,3,-1
2015450021417,1,9,0,4,0,4,0,0,0,0,2,1,6,2,23,5,1124,1,10,-1,1,-1
2015450021417,2,9,0,18,0,4,0,0,0,0,1,1,6,1,71,10,2967,1,12,-1,1,-1
2015450021424,1,9,0,18,0,8,0,0,0,0,1,1,6,1,47,8,-1,-1,-1,-1,1,-1
2015450021424,2,9,0,12,0,7,1,0,0,0,2,1,6,1,26,6,1968,2,6,-1,1,-1
2015450021432,1,9,0,1,0,0,0,0,0,0,2,1,6,1,26,6,1968,2,7,-1,1,-1
2015450021432,2,9,0,2,0,0,0,0,0,0,1,1,6,1,50,8,1995,2,2,-1,1,-1
2015450021433,1,9,0,18,0,0,0,0,0,0,1,1,6,2,27,6,1596,1,10,-1,1,-1
2015450021433,2,9,0,1,0,0,0,0,0,0,2,1,6,1,54,8,-1,-1,-1,-1,1,-1
2015450021434,1,1,0,18,0,1,1,0,0,0,2,1,6,1,34,6,-1,-1,-1,-1,1,-1
2015450021434,2,9,0,18,0,1,0,0,0,0,1,1,6,1,87,11,1590,1,10,-1,1,-1
2015450021435,1,9,0,17,0,0,1,0,0,0,1,1,6,1,-1,-1,1598,1,11,-1,1,-1
2015450021435,2,9,0,2,0,0,0,0,0,0,2,1,6,2,-1,-1,-1,-1,-1,-1,1,-1
2015450021451,1,9,0,5,0,8,0,0,7,0,1,1,6,1,19,4,1794,1,13,-1,3,-1
2015450021451,2,9,0,18,0,8,1,0,0,0,3,1,1,1,27,6,1968,2,5,-1,1,-1
2015450021454,1,9,0,18,0,0,0,0,0,0,1,1,6,1,21,5,-1,-1,-1,-1,3,-1
2015450021454,2,9,0,18,0,0,0,0,0,0,2,1,6,1,48,8,-1,-1,-1,-1,1,-1
2015450021454,3,9,0,18,0,0,0,0,0,0,2,1,6,1,23,5,-1,-1,-1,-1,1,-1
2015450021455,1,9,0,18,0,1,0,0,0,0,1,1,6,1,26,6,2143,2,2,-1,1,-1
2015450021455,2,9,0,7,0,6,0,0,0,0,1,1,6,2,26,6,-1,-1,-1,-1,2,-1
2015450021457,1,9,0,18,0,0,1,0,0,0,1,1,6,1,65,9,1997,2,4,-1,1,-1
2015450021457,2,9,0,4,0,0,0,0,0,0,1,1,2,2,25,5,1329,1,1,-1,1,-1
2015450021457,3,9,0,18,0,0,0,0,0,0,2,1,6,3,-1,-1,-1,-1,-1,-1,-1,-1
2015450021459,1,9,0,5,0,1,0,0,0,0,2,1,6,3,-1,-1,-1,-1,-1,-1,-1,-1
2015450021459,2,1,0,9,0,1,0,0,0,0,1,1,6,1,52,8,-1,-1,-1,-1,1,-1
2015450021479,1,9,4,5,0,0,0,0,0,0,1,1,1,1,38,7,-1,-1,-1,-1,1,-1
2015450021479,2,9,0,18,0,0,0,0,0,0,4,1,6,1,37,7,1299,1,13,-1,1,-1
2015450021481,1,9,0,18,0,0,0,0,0,0,1,1,2,1,53,8,1587,1,6,-1,1,-1
2015450021482,1,9,0,5,0,4,0,0,0,0,1,1,6,1,46,8,1198,1,1,-1,1,-1
2015450021482,4,1,0,18,0,8,0,0,0,0,4,1,5,2,24,5,-1,-1,-1,-1,1,-1
2015450021486,1,9,0,18,0,0,0,0,0,0,1,1,3,1,35,6,-1,-1,-1,-1,1,-1
2015450021486,2,9,0,18,0,0,0,0,0,0,2,1,3,2,29,6,2793,1,19,-1,1,-1
2015450021486,3,9,0,18,0,0,0,0,0,0,2,1,1,1,22,5,998,1,1,-1,1,-1
2015450021496,1,9,0,9,0,5,0,0,0,0,1,1,2,1,61,9,1986,2,7,-1,1,-1
2015450021496,2,2,0,18,0,1,5,0,0,0,1,1,2,1,27,6,49,1,7,-1,1,-1
2015450021501,1,9,0,5,0,0,0,0,0,0,1,1,6,2,45,7,2521,1,8,-1,1,-1
2015450021502,1,9,0,5,0,1,0,0,0,0,1,1,6,2,40,7,1796,1,6,-1,1,-1
2015450021502,2,1,0,7,0,3,0,0,0,0,4,1,6,1,18,4,-1,-1,-1,-1,1,-1
2015450021503,1,5,0,3,0,0,0,0,0,0,1,1,6,2,23,5,744,1,16,-1,1,-1
2015450021503,2,19,0,1,0,0,0,0,0,0,2,1,6,1,38,7,2198,2,8,-1,1,-1
2015450021510,1,9,0,4,0,1,0,0,0,0,1,1,6,2,86,11,1299,1,9,-1,2,-1
2015450021510,2,9,0,10,0,1,0,0,0,0,2,1,1,1,18,4,1995,2,7,-1,1,-1
2015450021514,1,9,0,18,0,1,0,0,0,0,1,1,6,2,67,10,-1,-1,-1,-1,1,-1
2015450021515,1,9,0,18,0,8,0,0,0,0,2,1,6,1,26,6,1598,1,15,-1,1,-1
2015450021515,2,9,0,18,0,8,0,0,0,0,1,1,6,1,67,10,1299,1,15,-1,1,-1
2015450021516,1,9,0,3,0,0,0,0,0,0,1,1,6,2,19,4,998,1,2,-1,1,-1
2015450021516,2,9,0,1,0,0,0,0,0,0,2,1,6,3,-1,-1,-1,-1,-1,-1,-1,-1
2015450021517,1,9,0,18,0,1,0,0,0,0,1,1,6,2,51,8,1988,1,12,-1,1,-1
2015450021517,2,9,0,9,0,1,0,0,0,0,1,1,6,1,29,6,1984,1,9,-1,1,-1
2015450021521,1,9,0,5,0,1,0,0,0,0,1,1,6,1,29,6,1600,1,15,-1,1,-1
2015450021522,1,9,0,1,0,0,0,0,0,0,2,1,6,1,79,11,1560,2,2,-1,1,-1
2015450021525,1,19,0,18,0,0,0,0,0,0,2,1,6,3,-1,-1,-1,-1,-1,-1,-1,-1
2015450021525,2,19,0,18,0,0,1,0,0,0,4,1,1,1,23,5,2198,2,6,-1,1,-1
2015450021533,1,9,0,18,0,0,1,0,0,0,1,1,6,1,53,8,2143,2,5,-1,1,-1
2015450021533,2,9,0,4,0,0,0,0,0,0,2,1,6,2,20,4,1598,1,4,-1,1,-1
2015450021535,1,9,0,18,0,2,0,0,0,0,1,1,2,1,54,8,1560,2,1,-1,1,-1
2015450021535,2,9,0,18,0,1,0,0,0,0,1,1,6,2,31,6,1997,2,7,-1,1,-1
2015450021536,1,9,0,9,0,5,1,0,0,0,1,1,6,1,41,7,-1,-1,-1,-1,1,-1
2015450021536,2,1,0,18,0,8,0,0,0,0,3,1,2,1,30,6,-1,-1,-1,-1,1,-1
2015450021538,1,19,0,3,0,1,0,0,0,0,2,1,1,1,57,9,2198,2,2,-1,1,-1
2015450021538,2,8,0,3,0,1,0,0,0,0,2,1,6,1,41,7,-1,-1,-1,-1,1,-1
2015450021538,3,9,0,4,0,1,0,0,0,0,2,1,2,1,50,8,1870,2,8,-1,1,-1
2015450021538,4,9,0,4,0,1,0,0,0,0,1,1,2,1,40,7,1461,2,2,-1,2,-1
2015450021541,1,9,0,11,0,0,0,0,0,0,4,1,6,2,37,7,3226,2,14,-1,1,-1
2015450021541,2,3,0,18,0,0,5,0,0,0,3,1,4,2,18,4,125,1,1,-1,1,-1
2015450021549,1,3,0,13,0,0,1,0,1,0,4,1,6,1,18,4,124,1,1,-1,1,-1
2015450021549,2,9,0,18,0,0,0,0,0,0,1,1,6,2,18,4,998,1,22,-1,1,-1
2015450021549,3,3,0,18,0,0,0,0,0,0,0,1,6,1,18,4,125,1,1,-1,1,-1
2015450021549,4,9,0,18,0,0,0,0,0,0,1,1,1,1,30,6,1596,1,13,-1,1,-1
2015450021550,1,9,0,10,0,6,0,0,0,0,2,1,6,1,46,8,2151,2,15,-1,1,-1
2015450021550,2,9,0,18,0,8,0,0,0,0,1,1,6,3,-1,-1,-1,-1,-1,-1,-1,-1
2015450021551,1,9,0,4,0,1,1,0,0,0,1,1,6,1,41,7,1910,2,8,-1,2,-1
2015450021551,2,9,0,11,0,1,0,0,0,0,2,1,2,1,50,8,1461,2,8,-1,1,-1
2015450021559,1,9,0,18,0,0,1,0,7,0,1,1,1,1,24,5,-1,-1,-1,-1,1,-1
2015450021560,1,90,5,18,0,0,0,7,0,0,4,1,1,1,29,6,20500,2,14,-1,1,-1
2015450021560,2,9,0,18,0,0,0,0,0,0,3,1,6,1,32,6,-1,-1,-1,-1,1,-1
2015450021560,3,9,0,18,0,0,0,0,0,0,3,1,6,1,40,7,-1,-1,-1,-1,1,-1
2015450021560,4,9,0,18,0,0,0,0,0,0,1,1,6,1,22,5,1242,1,10,-1,1,-1
2015450021560,5,9,0,18,0,0,0,0,0,0,1,1,6,1,64,9,-1,-1,-1,-1,1,-1
2015450021561,1,9,0,4,0,0,0,0,0,0,1,1,2,2,27,6,2198,2,9,-1,2,-1
2015450021561,2,9,0,4,0,0,0,0,0,0,2,1,2,1,33,6,-1,-1,-1,-1,1,-1
2015450021562,1,2,0,17,0,0,1,0,0,0,3,1,6,1,16,4,50,1,1,-1,3,-1
2015450021568,1,9,0,4,0,0,0,0,0,0,1,1,2,2,34,6,-1,-1,-1,-1,3,-1
2015450021568,2,9,0,3,0,0,0,0,0,0,2,1,6,1,-1,-1,1968,2,1,-1,1,-1
2015450021571,1,9,0,18,0,0,0,0,0,0,1,1,6,3,-1,-1,-1,-1,-1,-1,-1,-1
2015450021574,1,9,0,9,0,6,0,0,0,0,3,1,2,1,22,5,2979,1,6,-1,1,-1
2015450021574,2,9,0,18,0,1,0,0,0,0,1,1,2,2,52,8,2231,2,5,-1,1,-1