Accident_Index,Vehicle_Reference,Vehicle_Type,Towing_and_Articulation,Vehicle_Manoeuvre,Vehicle_Location-Restricted_Lane,Junction_Location,Skidding_and_Overturning,Hit_Object_in_Carriageway,Vehicle_Leaving_Carriageway,Hit_Object_off_Carriageway,1st_Point_of_Impact,Was_Vehicle_Left_Hand_Drive?,Journey_Purpose_of_Driver,Sex_of_Driver,Age_of_Driver,Age_Band_of_Driver,Engine_Capacity_(CC),Propulsion_Code,Age_of_Vehicle,Driver_IMD_Decile,Driver_Home_Area_Type,Vehicle_IMD_Decile
2015450021577,1,1,0,18,0,1,0,0,0,0,1,1,6,1,41,7,-1,-1,-1,-1,1,-1
2015450021577,2,9,0,9,0,1,0,0,0,0,1,1,6,1,53,8,-1,-1,-1,-1,1,-1
2015450021580,1,9,0,18,0,0,1,0,4,0,3,1,6,2,36,7,-1,-1,-1,-1,1,-1
2015450021580,2,21,1,11,0,0,0,0,0,0,0,1,1,1,60,9,11705,2,7,-1,1,-1
2015450021581,1,9,0,9,0,8,0,0,0,0,1,1,2,2,31,6,1598,1,9,-1,1,-1
2015450021581,2,3,0,18,0,8,0,0,0,0,1,1,2,1,48,8,125,1,1,-1,1,-1
2015450021583,1,1,0,18,5,0,0,0,0,0,0,1,6,2,83,11,-1,-1,-1,-1,1,-1
2015450021585,1,9,0,16,0,0,5,0,8,1,1,1,6,2,23,5,-1,-1,-1,-1,2,-1
2015450021589,1,9,0,18,0,0,1,0,0,0,1,1,6,2,36,7,1910,2,9,-1,1,-1
2015450021589,2,9,0,4,0,0,0,0,0,0,2,1,1,1,55,8,-1,-1,-1,-1,1,-1
2015450021589,3,9,0,4,0,0,0,0,0,0,2,1,6,2,26,6,1461,2,5,-1,1,-1
2015450021591,1,9,0,18,0,0,0,0,0,0,1,1,6,2,22,5,-1,-1,-1,-1,3,-1
2015450021591,2,9,0,2,0,0,0,0,0,0,2,1,6,2,-1,-1,2494,1,11,-1,1,-1
2015450021595,1,9,0,2,0,0,0,0,0,0,3,1,1,1,56,9,-1,-1,-1,-1,1,-1
2015450021595,2,1,0,18,0,0,5,0,0,0,1,1,6,2,51,8,-1,-1,-1,-1,1,-1
2015450021599,1,9,0,4,0,4,0,0,0,0,2,1,6,2,23,5,1299,1,10,-1,2,-1
2015450021599,2,9,0,4,0,4,0,0,0,0,1,1,1,1,21,5,1997,2,3,-1,3,-1
2015450021603,1,9,0,18,0,0,0,0,0,0,4,1,6,2,43,7,1242,1,2,-1,1,-1
2015450021603,2,21,1,18,0,0,0,0,0,0,1,1,1,3,-1,-1,-1,-1,-1,-1,-1,-1
2015450021606,1,5,0,3,0,0,0,0,0,0,2,1,6,1,65,9,1200,1,19,-1,1,-1
2015450021606,2,9,0,4,0,0,0,0,0,0,1,1,6,1,-1,-1,998,1,14,-1,1,-1
2015450021606,3,9,0,3,0,0,0,0,0,0,2,1,6,1,-1,-1,1299,1,13,-1,1,-1
2015450021608,1,9,0,9,0,6,0,0,0,0,1,1,6,2,80,11,1390,1,11,-1,1,-1
2015450021608,2,9,0,18,0,1,0,0,0,0,3,1,6,1,44,7,2494,1,12,-1,1,-1
2015450021611,1,9,0,18,0,1,0,0,0,0,1,1,2,1,42,7,1598,1,8,-1,1,-1
2015450021611,2,1,0,18,0,1,0,0,0,0,3,1,2,1,37,7,-1,-1,-1,-1,1,-1
2015450021614,1,8,0,18,0,0,0,0,0,0,1,1,1,1,36,7,2664,2,15,-1,1,-1
2015450021616,1,9,0,18,0,0,0,0,0,0,2,1,6,1,29,6,-1,-1,-1,-1,1,-1
2015450021616,2,9,0,18,0,0,0,0,0,0,1,1,6,1,36,7,-1,-1,-1,-1,1,-1
2015450021616,3,9,0,18,0,0,0,0,0,0,0,1,1,1,35,6,2993,2,3,-1,1,-1
2015450021619,1,9,0,18,6,0,0,0,0,0,3,1,2,1,51,8,698,1,8,-1,1,-1
2015450021619,2,9,0,13,0,0,0,0,0,0,4,1,2,1,40,7,1796,2,1,-1,3,-1
2015450021620,1,9,0,18,0,1,0,0,0,0,1,1,6,3,-1,-1,-1,-1,-1,-1,-1,-1
2015450021620,2,1,0,18,0,1,0,0,0,0,1,1,6,2,21,5,-1,-1,-1,-1,1,-1
2015450021621,1,9,0,9,0,8,0,0,0,0,0,1,1,1,55,8,1968,2,1,-1,1,-1
2015450021621,2,9,0,5,0,8,0,0,0,0,1,1,6,1,75,10,1598,1,8,-1,1,-1
2015450021623,1,9,0,18,0,3,0,0,0,0,2,1,6,2,42,7,1598,2,4,-1,1,-1
2015450021623,2,9,0,18,0,3,0,0,0,0,1,1,6,2,39,7,-1,-1,-1,-1,1,-1
2015450021625,1,9,0,18,0,0,0,7,0,0,1,1,6,1,30,6,1910,2,10,-1,1,-1
2015450021631,1,21,1,18,0,0,0,0,0,0,1,1,1,1,57,9,9200,2,6,-1,1,-1
2015450021631,2,9,0,3,0,0,0,0,0,0,2,1,6,1,59,9,3199,1,12,-1,3,-1
2015450021633,1,1,0,18,0,0,0,0,0,0,0,1,2,2,54,8,-1,-1,-1,-1,1,-1
2015450021635,1,1,0,7,0,6,0,0,0,0,1,1,6,1,44,7,-1,-1,-1,-1,1,-1
2015450021635,2,9,0,18,0,1,0,0,0,0,4,1,6,3,-1,-1,-1,-1,-1,-1,-1,-1
2015450021648,1,9,0,18,0,1,1,0,0,0,1,1,6,1,30,6,-1,-1,-1,-1,1,-1
2015450021648,2,9,0,18,0,1,0,0,7,0,1,1,6,2,46,8,-1,-1,-1,-1,3,-1
2015450021651,1,9,0,4,0,1,0,0,0,0,1,1,6,3,-1,-1,-1,-1,-1,-1,-1,-1
2015450021651,2,9,0,18,0,1,0,0,0,0,2,1,6,2,21,5,1299,1,9,-1,3,-1
2015450021656,1,9,0,18,0,0,1,0,8,0,1,1,2,1,32,6,-1,-1,-1,-1,1,-1
2015450021657,1,9,0,18,0,1,0,0,0,0,0,1,2,1,46,8,-1,-1,-1,-1,1,-1
2015450021660,1,9,0,18,0,1,0,0,7,0,0,1,6,2,17,4,-1,-1,-1,-1,1,-1
2015450021665,1,5,0,17,0,1,1,0,0,0,0,1,6,1,20,4,125,1,1,-1,1,-1
2015450021668,1,19,0,4,0,0,0,0,0,0,2,1,1,1,56,9,-1,-1,-1,-1,1,-1
2015450021668,2,3,0,18,0,0,1,0,0,0,1,1,1,1,22,5,124,1,2,-1,1,-1
2015450021672,1,9,0,18,0,0,0,0,0,0,0,1,6,1,64,9,-1,-1,-1,-1,1,-1
2015450021673,1,9,0,18,0,1,0,7,1,0,1,1,6,1,57,9,1229,1,10,-1,1,-1
2015450021690,1,9,0,18,0,0,0,0,0,0,1,1,6,1,85,11,-1,-1,-1,-1,1,-1
2015450021690,2,9,0,2,0,0,0,0,0,0,1,1,6,3,45,7,1995,1,9,-1,1,-1
2015450021690,3,9,0,2,0,0,0,0,0,0,1,1,6,3,45,7,1984,1,8,-1,1,-1
2015450021692,1,1,0,18,0,0,0,0,0,0,4,1,4,1,10,2,-1,-1,-1,-1,1,-1
2015450021692,2,9,0,18,0,0,0,0,0,0,3,1,6,3,-1,-1,-1,-1,-1,-1,-1,-1
2015450021693,1,9,0,18,0,0,0,0,0,0,3,1,2,2,41,7,2172,2,12,-1,1,-1
2015450021693,2,11,0,12,0,0,0,0,0,0,4,1,1,3,-1,-1,4250,2,8,-1,-1,-1
2015450021694,1,9,0,8,0,1,0,0,0,0,2,1,6,2,31,6,-1,-1,-1,-1,1,-1
2015450021694,2,9,0,4,0,1,0,0,0,0,1,1,6,2,28,6,1397,1,8,-1,1,-1
2015450021695,1,9,0,9,0,2,0,0,0,0,1,1,1,1,54,8,1497,1,11,-1,1,-1
2015450021695,2,1,0,18,0,6,0,0,0,0,1,1,6,1,31,6,-1,-1,-1,-1,1,-1
2015450021700,1,9,0,2,0,0,0,0,0,0,2,1,6,1,-1,-1,-1,-1,-1,-1,2,-1
2015450021700,2,1,0,18,0,0,0,0,0,0,1,1,6,1,42,7,-1,-1,-1,-1,1,-1
2015450021705,1,9,0,9,0,2,0,0,0,0,1,1,6,1,70,10,1229,1,2,-1,1,-1
2015450021707,1,9,0,18,0,1,0,0,0,0,1,1,6,1,27,6,1900,2,15,-1,1,-1
2015450021707,2,9,0,18,0,1,0,0,0,0,1,1,1,1,26,6,1461,2,1,-1,3,-1
2015450021709,1,9,0,18,0,2,0,0,0,0,0,1,6,2,41,7,1800,1,16,-1,1,-1
2015450021709,2,9,0,18,0,2,0,0,0,0,0,1,6,1,-1,-1,2993,2,1,-1,2,-1
2015450021711,1,9,0,18,0,2,1,0,0,0,1,1,1,1,38,7,-1,-1,-1,-1,1,-1
2015450021716,1,9,0,1,0,0,0,4,7,0,1,1,6,2,93,11,-1,-1,-1,-1,1,-1
2015450021716,2,9,0,2,0,0,0,0,0,0,3,1,6,2,72,10,-1,-1,-1,-1,1,-1
2015450021716,3,9,0,2,0,0,0,0,0,0,3,1,6,2,-1,-1,1998,1,8,-1,1,-1
2015450021716,4,9,0,2,0,0,0,0,0,0,1,1,6,2,-1,-1,1598,1,2,-1,3,-1
2015450021717,1,9,0,9,0,5,0,0,0,0,3,1,6,2,53,8,-1,-1,-1,-1,1,-1
2015450021717,2,3,0,13,0,1,0,0,0,0,1,1,2,1,18,4,124,1,1,-1,1,-1
2015450021718,1,20,0,18,0,1,1,0,0,0,1,1,1,1,28,6,5900,2,8,-1,1,-1
2015450021718,2,9,0,9,0,6,1,0,0,0,1,1,6,1,63,9,1598,2,5,-1,1,-1
2015450021723,1,9,0,9,0,4,0,0,0,0,1,1,6,1,61,9,1997,2,11,-1,1,-1
2015450021723,2,19,0,9,0,8,0,0,0,0,1,1,1,1,51,8,1995,2,8,-1,1,-1
2015450021723,3,9,0,18,0,8,0,0,0,0,1,1,6,2,24,5,1796,1,8,-1,1,-1
2015450021724,1,19,0,9,0,6,0,0,0,0,1,1,1,1,32,6,2402,2,4,-1,1,-1
2015450021724,2,1,0,18,0,1,0,0,0,0,1,1,6,1,34,6,-1,-1,-1,-1,1,-1
2015450021725,1,9,0,18,0,7,0,0,0,0,0,1,1,1,50,8,-1,-1,-1,-1,1,-1
2015450021725,2,9,0,18,0,1,1,0,1,0,1,1,6,1,36,7,-1,-1,-1,-1,1,-1
2015450021726,1,9,0,18,0,0,0,0,0,0,1,1,6,2,19,4,-1,-1,-1,-1,1,-1
2015450021726,2,9,0,18,0,0,0,0,0,0,2,1,6,1,-1,-1,1590,1,11,-1,1,-1
2015450021726,3,9,0,18,0,0,0,0,0,0,2,1,6,1,-1,-1,1587,1,10,-1,1,-1
2015450021727,1,9,0,18,0,0,0,0,0,0,0,1,1,1,57,9,1896,2,12,-1,2,-1
2015450021729,1,9,0,16,0,0,0,10,7,0,1,1,6,2,76,11,1242,1,7,-1,1,-1
2015450021729,2,9,0,2,0,0,0,0,0,0,3,1,6,2,34,6,2987,2,4,-1,1,-1
2015450021731,1,9,0,5,0,0,0,4,0,0,1,1,6,1,85,11,-1,-1,-1,-1,1,-1
2015450021731,2,9,0,2,0,0,0,0,0,0,4,1,6,2,-1,-1,1598,1,4,-1,1,-1
2015450021732,1,19,0,9,0,2,0,0,7,0,1,1,6,1,43,7,2402,2,10,-1,1,-1
2015450021734,1,21,0,18,0,0,0,0,0,0,0,1,1,1,36,7,-1,-1,-1,-1,1,-1
2015450021734,2,9,0,18,0,0,0,0,4,6,1,1,2,1,45,7,-1,-1,-1,-1,1,-1
2015450021735,1,9,0,18,0,2,1,0,0,0,1,1,6,1,28,6,3246,1,11,-1,1,-1
2015450021735,2,9,0,18,0,1,1,0,0,0,1,1,6,1,52,8,-1,-1,-1,-1,1,-1
2015450021737,1,9,0,18,0,1,0,0,0,0,1,1,1,1,39,7,1896,2,12,-1,1,-1
2015450021737,2,9,0,9,0,5,0,0,0,0,3,1,1,2,21,5,1124,1,6,-1,1,-1
2015450021740,1,20,4,9,0,6,0,0,0,0,3,1,1,1,36,7,7790,2,5,-1,1,-1
2015450021746,1,9,0,9,0,1,0,0,0,0,1,1,6,2,29,6,1242,1,13,-1,1,-1
2015450021746,2,9,0,18,0,1,0,0,0,0,1,1,6,1,48,8,1392,1,17,-1,1,-1
2015450021751,1,9,0,17,0,0,1,0,7,4,1,1,1,1,16,4,2231,2,4,-1,1,-1
2015450021753,1,9,0,10,0,1,0,0,0,0,3,1,6,1,50,8,1968,2,4,-1,1,-1
2015450021753,2,5,0,14,0,1,0,0,0,0,1,1,6,1,54,8,636,1,12,-1,1,-1
2015450021754,1,9,0,3,0,1,0,0,0,0,2,1,6,2,21,5,1199,1,14,-1,1,-1
2015450021754,2,21,1,18,0,1,0,0,0,0,1,1,1,1,28,6,12902,2,2,-1,1,-1
2015450021755,1,11,0,18,0,0,0,0,0,0,1,1,3,1,-1,-1,10450,2,30,-1,1,-1
2015450021756,1,9,0,18,0,4,1,0,0,0,1,1,2,1,24,5,2793,1,15,-1,1,-1
2015450021756,2,9,0,18,0,4,0,0,0,0,2,1,2,1,51,8,2295,1,15,-1,1,-1
2015450021757,1,1,0,18,0,3,5,0,0,0,1,1,6,1,29,6,-1,-1,-1,-1,1,-1
2015450021757,2,9,0,18,0,4,0,0,0,0,3,1,6,2,21,5,1242,1,1,-1,1,-1
2015450021758,1,9,0,18,0,1,1,0,1,2,1,1,6,1,24,5,1595,1,11,-1,1,-1
2015450021759,1,19,0,16,0,0,0,0,7,4,1,1,1,1,54,8,2402,2,15,-1,1,-1
2015450021760,1,9,0,4,0,0,0,0,0,0,1,1,2,1,27,6,1995,2,12,-1,1,-1
2015450021760,2,9,0,18,0,0,1,0,0,0,2,1,2,2,41,7,1398,2,4,-1,1,-1
2015450021761,1,9,0,17,0,1,0,0,0,0,1,1,6,1,21,5,1596,1,12,-1,1,-1
2015450021765,1,9,0,18,0,0,1,0,7,11,1,1,1,2,48,8,-1,-1,-1,-1,1,-1
2015450021766,1,9,0,4,0,0,0,0,1,0,1,1,2,1,20,4,-1,-1,-1,-1,2,-1
2015450021768,1,9,0,13,0,0,0,0,0,0,0,1,6,3,-1,-1,-1,-1,-1,-1,-1,-1
2015450021768,2,1,0,18,0,0,0,0,0,0,1,1,6,1,49,8,-1,-1,-1,-1,1,-1
2015450021770,1,9,0,18,0,1,0,0,0,0,1,1,6,1,29,6,-1,-1,-1,-1,1,-1
2015450021770,2,9,0,18,0,1,0,0,0,0,2,1,2,1,28,6,1796,1,4,-1,3,-1
2015450021771,1,19,0,9,0,6,0,0,0,0,1,1,1,1,57,9,1995,2,3,-1,1,-1
2015450021771,2,9,0,18,0,1,0,0,7,0,1,1,2,1,42,7,4999,1,4,-1,3,-1
2015450021774,1,19,0,17,0,0,1,0,1,4,1,1,1,1,23,5,-1,-1,-1,-1,1,-1
2015450021776,1,5,0,7,0,2,5,0,0,0,4,1,6,1,26,6,1690,1,2,-1,1,-1
2015450021776,2,9,0,18,0,1,0,0,0,0,1,1,6,1,41,7,2993,2,2,-1,1,-1
2015450021777,1,9,0,18,0,1,0,0,0,0,1,1,3,2,21,5,1399,2,10,-1,1,-1
2015450021777,2,9,0,9,0,1,0,0,0,0,4,1,6,1,57,9,1598,2,2,-1,2,-1
2015450021779,1,9,0,18,9,0,0,0,0,0,1,1,6,1,49,8,2967,2,8,-1,2,-1
2015450021784,1,9,0,5,0,8,0,0,0,0,1,1,2,2,43,7,1198,1,9,-1,1,-1
2015450021787,1,9,0,5,0,2,0,0,0,0,1,1,2,1,55,8,1396,1,12,-1,1,-1
2015450021787,2,1,0,18,0,8,5,0,0,0,3,1,6,1,36,7,-1,-1,-1,-1,1,-1
2015450021796,1,9,0,18,0,0,0,0,0,0,1,1,1,1,25,5,-1,-1,-1,-1,1,-1
2015450021796,2,9,0,3,0,0,0,0,0,0,2,1,3,1,39,7,3301,1,12,-1,1,-1
2015450021796,3,9,0,3,0,0,0,0,0,0,2,1,2,1,42,7,1560,2,9,-1,1,-1
2015450021796,4,19,0,3,0,0,0,0,0,0,2,1,1,1,67,10,2998,2,2,-1,1,-1
2015450021800,1,9,0,18,0,0,0,0,0,0,3,1,6,2,28,6,-1,-1,-1,-1,3,-1
2015450021800,2,5,0,13,0,0,5,0,0,0,4,1,6,1,44,7,599,1,6,-1,2,-1
2015450021803,1,9,0,16,0,1,0,0,0,0,4,1,6,2,32,6,1364,1,1,-1,1,-1
2015450021803,2,1,0,18,0,2,0,0,0,0,3,1,6,1,65,9,-1,-1,-1,-1,1,-1
2015450021805,1,9,0,14,0,0,0,4,7,10,1,1,6,2,71,10,1595,1,14,-1,1,-1
2015450021805,2,9,0,2,0,0,0,0,0,0,1,1,6,1,-1,-1,1595,1,5,-1,1,-1
2015450021805,3,9,0,2,0,0,0,0,0,0,2,1,6,1,-1,-1,-1,-1,-1,-1,3,-1
2015450021806,1,9,0,10,0,1,0,0,0,0,2,1,2,2,39,7,-1,-1,-1,-1,3,-1
2015450021806,2,21,0,18,0,1,1,0,0,0,1,1,1,1,47,8,12900,2,8,-1,1,-1
2015450021807,1,9,0,3,0,1,0,0,0,0,2,1,6,2,48,8,1596,1,9,-1,2,-1
2015450021807,2,9,0,18,0,1,0,0,0,0,1,1,6,2,39,7,1598,1,8,-1,1,-1
2015450021811,1,1,0,17,0,1,2,0,0,0,0,1,2,1,38,7,-1,-1,-1,-1,1,-1
2015450021811,2,9,0,18,0,6,0,0,0,0,0,1,6,3,-1,-1,-1,-1,-1,-1,-1,-1
2015450021820,1,9,0,3,0,0,0,0,0,0,2,1,1,1,26,6,1798,1,1,-1,1,-1
2015450021820,2,9,0,18,0,0,0,0,1,0,1,1,6,2,28,6,599,1,12,-1,1,-1
2015450021821,1,9,0,18,0,1,1,0,0,0,1,1,6,1,27,6,-1,-1,-1,-1,1,-1
2015450021821,2,9,0,18,0,8,0,0,0,0,1,1,6,1,72,10,1498,1,14,-1,3,-1
2015450021823,1,9,0,7,0,8,0,0,0,0,1,1,1,1,29,6,1560,2,2,-1,1,-1
2015450021823,2,9,0,18,0,8,0,0,0,0,1,1,6,2,57,9,1968,2,1,-1,1,-1
2015450021824,1,9,0,18,0,0,0,11,0,0,1,1,6,2,53,8,-1,-1,-1,-1,2,-1
2015450021824,2,9,0,2,0,0,0,0,0,0,0,1,2,1,36,7,1598,2,3,-1,1,-1
2015450021825,1,9,0,18,0,1,0,0,0,0,1,1,6,2,17,4,1388,1,11,-1,1,-1
2015450021825,2,9,0,4,0,1,0,0,0,0,2,1,6,2,36,7,-1,-1,-1,-1,1,-1
2015450021825,3,9,0,4,0,1,0,0,0,0,2,1,3,2,38,7,4134,2,1,-1,1,-1
2015450021828,1,9,0,5,0,4,0,0,0,0,4,1,6,1,47,8,2401,2,10,-1,3,-1
2015450021828,2,1,0,4,0,8,0,0,0,0,1,1,2,1,35,6,-1,-1,-1,-1,1,-1
2015450021829,1,9,0,17,0,0,2,0,1,0,1,1,6,2,18,4,1296,1,8,-1,1,-1
2015450021835,1,9,0,18,0,2,0,0,0,0,1,1,1,2,54,8,1149,1,8,-1,1,-1
2015450021836,1,9,0,18,0,0,1,0,0,0,1,1,1,2,21,5,-1,-1,-1,-1,1,-1
2015450021836,2,9,0,18,0,0,0,0,0,0,1,1,1,1,59,9,1598,2,5,-1,3,-1
2015450021838,1,5,0,18,0,8,2,0,0,0,4,1,6,1,21,5,598,1,18,-1,1,-1
2015450021839,1,9,0,18,0,0,0,0,0,0,1,1,6,1,40,7,2982,2,-1,-1,1,-1
2015450021839,2,9,0,18,0,0,0,0,0,0,1,1,1,1,37,7,-1,-1,-1,-1,2,-1
2015450021842,1,5,0,18,0,0,1,0,0,0,0,1,6,1,18,4,124,1,5,-1,1,-1
2015450021844,1,9,0,18,0,0,1,0,1,0,1,1,2,1,39,7,-1,-1,-1,-1,1,-1
2015450021850,1,9,0,18,0,1,0,0,0,0,3,1,6,2,63,9,1398,2,2,-1,2,-1
2015450021850,2,9,0,9,0,6,0,0,0,0,1,1,6,1,67,10,2179,2,2,-1,3,-1
2015450021855,1,9,0,9,0,2,0,0,0,0,1,1,6,1,51,8,-1,-1,-1,-1,1,-1
2015450021855,2,1,0,18,0,1,0,0,0,0,4,1,2,1,16,4,-1,-1,-1,-1,1,-1
2015450021857,1,9,0,9,0,0,0,0,0,0,3,1,2,2,19,4,1198,1,12,-1,1,-1
2015450021857,2,3,0,18,0,0,0,0,0,0,1,1,2,1,20,4,124,1,13,-1,1,-1
2015450021860,1,9,0,9,0,6,0,0,0,0,1,1,3,2,19,4,2777,2,5,-1,1,-1
2015450021860,2,9,0,18,0,1,0,0,0,0,1,1,3,2,46,8,1598,2,3,-1,1,-1
2015450021863,1,9,0,4,0,0,0,0,0,0,2,1,6,1,31,6,1618,1,5,-1,1,-1
2015450021863,2,9,0,4,0,0,0,0,0,0,2,1,6,1,37,7,2996,1,8,-1,3,-1
2015450021863,3,9,0,4,0,0,0,0,0,0,1,1,1,1,32,6,-1,-1,-1,-1,1,-1
2015450021864,1,9,0,18,0,0,0,0,0,0,0,1,6,1,74,10,1991,2,6,-1,3,-1
2015450021865,1,9,0,9,0,8,0,0,0,0,1,1,6,2,37,7,1296,1,7,-1,2,-1
2015450021865,2,3,0,18,0,8,5,0,0,0,3,1,6,1,40,7,125,1,7,-1,1,-1
2015450021866,1,9,0,4,0,1,0,0,0,0,1,1,6,1,34,6,2993,2,8,-1,1,-1
2015450021866,2,9,0,5,0,1,0,0,0,0,3,1,6,1,79,11,998,1,4,-1,1,-1
2015450021867,1,9,0,18,0,0,1,0,2,0,4,1,6,2,28,6,-1,-1,-1,-1,1,-1
2015450021870,1,9,0,5,0,4,0,0,0,0,1,1,6,2,45,7,2184,2,5,-1,3,-1
2015450021870,2,9,0,3,0,4,0,0,0,0,2,1,6,1,51,8,1997,2,5,-1,1,-1
2015450021873,1,9,0,18,0,0,0,0,0,0,2,1,6,2,55,8,1560,2,9,-1,3,-1
2015450021873,2,9,0,18,0,0,0,0,0,0,1,1,6,2,-1,-1,1399,1,7,-1,3,-1
2015450021874,1,9,0,9,0,6,0,0,0,0,0,1,1,1,46,8,1560,2,3,-1,1,-1
2015450021874,2,9,0,18,0,1,0,0,0,0,0,1,3,2,37,7,1998,1,10,-1,1,-1
2015450021876,1,9,0,4,0,0,0,0,0,0,1,1,6,1,54,8,1951,2,14,-1,1,-1
2015450021876,2,9,0,18,0,0,0,0,0,0,1,1,2,1,23,5,1895,1,14,-1,1,-1
2015450021877,1,1,0,7,0,6,0,0,0,0,3,1,6,1,43,7,-1,-1,-1,-1,1,-1
2015450021877,2,9,0,18,0,2,0,0,0,0,4,1,6,1,-1,-1,1997,1,2,-1,3,-1
2015450021879,1,9,0,18,0,4,0,0,0,0,3,1,6,3,-1,-1,-1,-1,-1,-1,-1,-1
2015450021879,2,1,0,18,0,8,0,0,0,0,1,1,6,1,48,8,-1,-1,-1,-1,1,-1
2015450021880,1,9,0,18,0,0,0,0,0,0,2,1,6,1,27,6,1124,1,15,-1,1,-1
2015450021880,2,21,1,18,0,0,0,0,0,0,1,1,1,1,37,7,12777,2,2,-1,1,-1
2015450021882,1,9,0,4,0,2,1,7,8,4,1,1,6,1,27,6,1896,1,16,-1,1,-1
2015450021887,1,9,0,18,0,0,0,0,0,0,4,1,6,2,58,9,1198,1,11,-1,1,-1
2015450021889,1,9,0,18,0,1,0,0,0,0,1,1,6,2,29,6,-1,-1,-1,-1,1,-1
2015450021889,2,9,0,18,0,1,0,0,0,0,2,1,1,2,42,7,1997,2,17,-1,1,-1
2015450021889,3,9,0,18,0,1,0,0,0,0,2,1,6,2,42,7,1796,1,11,-1,1,-1
2015450021899,1,9,0,18,0,0,0,0,0,0,1,1,6,2,37,7,1364,1,8,-1,1,-1
2015450021903,1,19,0,3,0,0,0,0,0,0,2,1,1,1,57,9,-1,-1,-1,-1,1,-1
2015450021903,2,9,0,18,0,0,1,0,0,0,1,1,1,1,-1,-1,2400,2,1,-1,1,-1
2015450021903,3,19,0,3,0,0,0,0,0,0,0,1,6,3,-1,-1,2143,2,5,-1,-1,-1
2015450021906,1,5,0,18,0,0,1,0,0,0,0,1,6,1,48,8,1000,1,1,-1,1,-1
2015450021907,1,19,0,18,0,0,0,0,0,0,1,1,2,1,18,4,2198,2,7,-1,1,-1
2015450021908,1,2,0,9,0,0,1,0,0,0,3,1,4,2,16,4,49,1,3,-1,1,-1
2015450021909,1,9,0,18,0,0,0,0,0,0,1,1,6,2,22,5,-1,-1,-1,-1,1,-1
2015450021909,2,19,0,18,0,0,0,0,0,0,2,1,6,1,43,7,2198,2,1,-1,1,-1
2015450021910,1,21,1,18,0,1,0,0,0,0,1,1,1,1,-1,-1,-1,-1,-1,-1,-1,-1
2015450021910,2,9,0,18,0,1,0,0,0,0,2,1,2,2,29,6,1968,2,2,-1,1,-1
2015450021910,3,9,0,18,0,1,0,0,0,0,2,1,2,1,59,9,-1,-1,-1,-1,1,-1
2015450021911,1,9,0,18,0,1,0,0,0,0,4,1,2,1,32,6,998,1,15,-1,1,-1
2015450021912,1,20,0,12,0,0,0,0,0,0,3,1,1,1,50,8,-1,-1,-1,-1,-1,-1
2015450021912,2,9,0,18,0,0,0,0,0,0,4,1,1,1,35,6,1995,2,1,-1,1,-1
2015450021915,1,21,1,12,0,0,0,0,0,0,1,1,1,1,42,7,-1,-1,-1,-1,-1,-1
2015450021915,2,9,0,18,0,0,1,0,5,0,1,1,1,2,32,6,1598,1,12,-1,1,-1
2015450021916,1,19,0,4,0,1,0,0,0,0,1,1,2,1,42,7,2198,2,1,-1,1,-1
2015450021916,2,1,0,18,0,1,0,0,0,0,1,1,4,1,16,4,-1,-1,-1,-1,1,-1
2015450021921,1,9,0,9,0,6,0,0,0,0,1,1,1,1,60,9,1598,1,1,-1,1,-1
2015450021921,2,3,0,18,0,1,5,0,0,0,3,1,2,1,42,7,125,1,2,-1,1,-1
2015450021924,1,9,0,11,0,0,1,0,0,0,1,1,6,1,25,5,1360,1,15,-1,1,-1
2015450021924,2,9,0,4,0,0,0,0,0,0,2,1,2,1,20,4,1061,1,10,-1,1,-1
2015450021926,1,8,0,2,0,0,0,0,0,0,2,1,1,1,36,7,2664,2,15,-1,1,-1
2015450021926,2,9,0,18,0,0,0,0,0,0,1,1,2,1,51,8,2204,2,7,-1,1,-1
2015450021928,1,9,0,18,0,1,0,0,0,0,1,1,6,1,71,10,1796,2,3,-1,1,-1
2015450021935,1,9,0,18,0,1,0,0,0,0,1,1,6,1,48,8,1999,1,14,-1,1,-1
2015450021935,2,9,0,18,0,1,0,0,0,0,2,1,6,1,31,6,1329,1,5,-1,1,-1
2015450021938,1,3,0,9,0,6,0,0,0,0,0,1,4,1,16,4,49,1,12,-1,1,-1
2015450021938,2,9,0,18,0,1,0,0,0,0,0,1,6,2,35,6,1796,1,13,-1,1,-1
2015450021939,1,9,0,3,0,0,0,0,0,0,2,1,6,1,43,7,4663,1,4,-1,2,-1
2015450021939,2,9,0,18,0,0,0,0,0,0,1,1,6,2,58,9,1242,1,9,-1,1,-1
2015450021940,1,19,0,18,0,0,0,0,0,0,4,1,1,1,28,6,2148,2,6,-1,1,-1
2015450021943,1,19,0,18,0,0,0,0,0,0,3,1,1,1,30,6,2198,2,8,-1,3,-1
2015450021943,2,19,0,18,0,0,0,0,0,0,3,1,1,1,46,8,2402,2,8,-1,3,-1
2015450021944,1,9,0,4,0,0,1,0,0,0,1,1,6,1,34,6,1596,1,13,-1,1,-1
2015450021944,2,9,0,3,0,0,0,0,0,0,2,1,6,1,21,5,-1,-1,-1,-1,1,-1
2015450021945,1,19,0,18,9,0,0,4,0,0,1,1,6,1,45,7,2446,2,16,-1,1,-1