Accident_Index,Vehicle_Reference,Vehicle_Type,Towing_and_Articulation,Vehicle_Manoeuvre,Vehicle_Location-Restricted_Lane,Junction_Location,Skidding_and_Overturning,Hit_Object_in_Carriageway,Vehicle_Leaving_Carriageway,Hit_Object_off_Carriageway,1st_Point_of_Impact,Was_Vehicle_Left_Hand_Drive?,Journey_Purpose_of_Driver,Sex_of_Driver,Age_of_Driver,Age_Band_of_Driver,Engine_Capacity_(CC),Propulsion_Code,Age_of_Vehicle,Driver_IMD_Decile,Driver_Home_Area_Type,Vehicle_IMD_Decile
2015450021945,2,9,0,2,0,0,0,0,0,0,1,1,6,1,25,5,1910,2,7,-1,1,-1
2015450021945,3,9,0,2,0,0,0,0,0,0,4,1,6,1,53,8,1896,2,5,-1,1,-1
2015450021945,4,9,0,2,0,0,0,0,0,0,2,1,6,1,65,9,1332,1,17,-1,1,-1
2015450021945,5,9,0,2,0,0,0,4,0,0,2,1,6,2,20,4,1242,1,1,-1,1,-1
2015450021945,6,9,0,2,0,0,0,0,0,0,3,1,6,1,32,6,1990,1,19,-1,1,-1
2015450021946,1,9,0,18,0,0,1,0,1,0,1,1,2,1,48,8,2400,2,4,-1,3,-1
2015450021947,1,9,0,18,0,0,0,0,0,0,3,1,6,2,84,11,1386,1,10,-1,1,-1
2015450021947,2,3,0,18,0,0,2,0,0,0,1,1,6,3,-1,-1,-1,-1,-1,-1,-1,-1
2015450021948,1,3,0,18,0,0,0,0,0,0,1,1,6,1,16,4,124,1,3,-1,1,-1
2015450021948,2,9,0,18,0,0,0,0,0,0,2,1,6,1,48,8,1796,1,14,-1,1,-1
2015450021948,3,9,0,18,0,0,0,0,0,0,0,1,6,1,46,8,1560,2,3,-1,1,-1
2015450021949,1,9,0,17,0,0,1,0,1,0,1,1,6,1,24,5,1998,1,14,-1,1,-1
2015450021952,1,9,0,17,0,0,1,0,5,0,2,1,6,2,39,7,-1,-1,-1,-1,2,-1
2015450021956,1,9,0,9,0,5,0,0,0,0,1,1,6,2,53,8,4398,1,14,-1,1,-1
2015450021956,2,1,0,18,0,1,0,0,0,0,3,1,6,1,19,4,-1,-1,-1,-1,1,-1
2015450021959,1,9,0,13,0,1,0,0,0,0,1,1,6,1,40,7,1986,2,7,-1,3,-1
2015450021960,1,9,0,18,0,1,0,0,0,0,1,1,6,2,-1,-1,-1,-1,-1,-1,-1,-1
2015450021962,1,9,0,18,0,0,1,0,0,0,3,1,6,2,28,6,1905,2,19,-1,1,-1
2015450021962,2,19,0,18,0,0,0,7,0,0,4,1,1,1,38,7,2143,2,4,-1,1,-1
2015450021962,3,19,0,18,0,0,0,0,0,0,2,1,1,1,49,8,2198,2,6,-1,1,-1
2015450021962,4,9,0,18,0,0,1,0,0,0,1,1,1,1,64,9,-1,-1,-1,-1,1,-1
2015450021962,5,9,0,18,0,0,1,0,0,0,1,1,6,1,18,4,-1,-1,-1,-1,1,-1
2015450021966,1,9,0,18,0,2,1,0,0,0,1,1,2,1,35,6,3226,2,13,-1,1,-1
2015450021966,2,9,0,4,0,5,0,0,0,0,2,1,2,1,36,7,1995,2,4,-1,1,-1
2015450021966,3,9,0,4,0,2,0,0,0,0,2,1,2,1,31,6,2993,2,9,-1,1,-1
2015450021966,4,9,0,3,0,5,0,0,0,0,2,1,2,1,46,8,-1,-1,-1,-1,1,-1
2015450021966,5,9,0,4,0,2,0,0,0,0,0,1,6,3,-1,-1,-1,-1,-1,-1,-1,-1
2015450021971,1,9,0,18,0,0,0,0,0,0,4,1,6,3,-1,-1,2967,2,4,-1,-1,-1
2015450021975,1,1,0,18,0,8,0,0,0,0,3,1,6,1,25,5,-1,-1,-1,-1,1,-1
2015450021975,2,9,0,9,0,5,0,0,0,0,1,1,6,3,-1,-1,-1,-1,-1,-1,-1,-1
2015450021982,1,9,0,1,0,0,0,0,0,0,2,1,6,3,-1,-1,-1,-1,-1,-1,-1,-1
2015450021984,1,9,0,9,0,1,0,0,0,0,1,1,6,1,62,9,2997,1,8,-1,1,-1
2015450021984,2,9,0,18,0,1,0,0,0,0,1,1,6,2,30,6,1388,1,12,-1,1,-1
2015450021984,3,9,0,10,0,1,0,0,0,0,1,1,2,2,25,5,1796,1,14,-1,1,-1
2015450021985,1,9,0,18,0,1,0,0,0,0,1,1,2,2,20,4,1198,1,5,-1,1,-1
2015450021985,2,9,0,9,0,1,0,0,0,0,4,1,3,2,35,6,999,1,1,-1,1,-1
2015450021988,1,9,0,18,0,0,0,0,0,0,1,1,6,2,36,7,998,1,8,-1,1,-1
2015450021988,2,9,0,18,0,0,0,0,0,0,2,1,6,1,49,8,1794,1,7,-1,2,-1
2015450021989,1,1,0,18,9,0,5,10,0,0,0,1,6,2,36,7,-1,-1,-1,-1,1,-1
2015450021991,1,9,0,18,0,0,0,0,0,0,2,1,6,1,30,6,1390,1,14,-1,1,-1
2015450021991,2,9,0,18,0,0,0,0,0,0,1,1,6,2,19,4,1599,1,10,-1,2,-1
2015450021992,1,9,0,18,0,6,0,0,0,0,3,1,6,2,81,11,1587,1,8,-1,1,-1
2015450021992,2,9,0,18,0,1,0,0,0,0,1,1,6,1,33,6,2792,1,10,-1,1,-1
2015450021997,1,9,0,9,0,8,0,0,0,0,1,1,1,1,46,8,1797,8,5,-1,1,-1
2015450021999,1,9,0,7,0,6,0,0,0,0,1,1,2,2,45,7,1685,2,1,-1,1,-1
2015450022000,1,9,0,9,0,6,0,0,0,0,1,1,1,1,21,5,1390,1,4,-1,1,-1
2015450022000,2,1,0,18,0,8,0,0,0,0,2,1,1,2,37,7,-1,-1,-1,-1,1,-1
2015450022003,1,9,0,9,0,5,0,0,0,0,1,1,6,1,21,5,1388,1,13,-1,1,-1
2015450022006,1,21,1,4,0,0,1,0,0,0,1,1,1,1,46,8,12740,2,4,-1,3,-1
2015450022006,2,9,0,2,0,0,0,0,0,0,2,1,6,1,70,10,3000,2,9,-1,1,-1
2015450022007,1,19,0,18,0,8,0,0,7,1,1,1,1,1,26,6,2198,2,9,-1,1,-1
2015450022007,2,9,0,9,0,6,0,0,0,0,1,1,2,2,54,8,-1,-1,-1,-1,1,-1
2015450022011,1,9,0,18,0,0,2,0,2,0,0,1,6,1,19,4,-1,-1,-1,-1,3,-1
2015450022015,1,9,0,18,0,7,0,0,0,0,1,1,2,1,41,7,1896,2,9,-1,1,-1
2015450022015,2,9,0,4,0,7,0,0,0,0,2,1,2,2,25,5,1198,1,2,-1,1,-1
2015450022015,3,9,0,3,0,2,0,0,0,0,2,1,2,1,51,8,1997,2,3,-1,1,-1
2015450022019,1,9,0,18,0,2,0,0,0,0,3,1,2,2,38,7,1798,1,11,-1,1,-1
2015450022020,1,19,0,18,0,0,0,0,0,0,0,1,6,3,34,6,4250,2,7,-1,1,-1
2015450022020,2,9,0,18,0,0,0,0,0,0,2,1,6,1,33,6,1598,2,1,-1,1,-1
2015450022020,3,9,0,18,0,0,0,0,0,0,1,1,6,1,53,8,1997,2,8,-1,2,-1
2015450022022,1,9,0,7,0,1,0,0,0,0,1,1,2,1,43,7,-1,-1,-1,-1,1,-1
2015450022024,1,9,0,18,0,0,0,12,0,0,1,1,1,2,59,9,1994,1,11,-1,3,-1
2015450022025,1,9,0,18,0,1,0,0,0,0,1,1,2,2,18,4,1598,1,11,-1,3,-1
2015450022025,2,9,0,18,0,1,0,0,0,0,1,1,2,1,51,8,-1,3,4,-1,3,-1
2015450022025,3,9,0,9,0,6,0,0,0,0,1,1,6,2,77,11,999,1,8,-1,1,-1
2015450022030,1,9,0,4,0,1,1,0,0,0,1,1,1,2,43,7,1596,1,14,-1,1,-1
2015450022030,2,9,0,7,0,5,0,0,0,0,1,1,6,2,27,6,1339,1,2,-1,3,-1
2015450022031,1,9,0,18,0,0,0,0,0,0,1,1,3,1,42,7,1339,8,2,-1,1,-1
2015450022032,1,1,0,18,0,0,5,0,0,0,0,1,4,1,12,3,-1,-1,-1,-1,1,-1
2015450022033,1,9,0,16,0,0,5,0,0,0,0,1,6,1,35,6,-1,1,-1,-1,1,-1
2015450022033,2,9,0,17,0,0,1,0,1,0,0,1,2,1,53,8,1984,1,4,-1,1,-1
2015450022034,1,3,0,18,0,0,2,0,0,0,0,1,6,3,26,6,-1,-1,-1,-1,3,-1
2015450022036,1,19,0,18,0,2,0,0,0,0,4,1,1,1,49,8,2143,2,2,-1,1,-1
2015450022038,1,9,0,18,0,0,0,0,0,0,2,1,6,1,54,8,2946,1,12,-1,1,-1
2015450022038,2,9,0,18,0,0,0,0,0,0,1,1,6,3,24,5,1390,1,12,-1,1,-1
2015450022038,3,9,0,2,0,0,0,0,0,0,0,1,6,2,22,5,1796,1,9,-1,1,-1
2015450022041,1,9,0,14,0,0,0,0,7,0,1,1,6,1,74,10,1600,1,11,-1,1,-1
2015450022045,1,9,4,13,0,0,0,0,0,0,4,1,2,1,36,7,2494,2,5,-1,1,-1
2015450022045,2,1,0,17,0,0,5,0,0,0,3,1,6,1,46,8,-1,-1,-1,-1,1,-1
2015450022047,1,9,0,16,0,0,1,0,2,11,1,1,6,2,35,6,2380,1,19,-1,1,-1
2015450022048,1,9,0,5,0,6,0,0,0,0,1,1,6,1,64,9,1595,1,-1,-1,1,-1
2015450022048,2,1,0,17,0,1,0,0,0,0,4,1,6,1,53,8,-1,-1,-1,-1,1,-1
2015450022051,1,1,0,4,0,1,1,0,0,0,1,1,4,1,17,4,-1,-1,-1,-1,1,-1
2015450022056,1,9,0,18,0,1,0,0,0,0,1,1,6,1,27,6,1597,2,2,-1,1,-1
2015450022056,2,9,0,18,0,2,0,0,1,0,1,1,6,2,46,8,-1,-1,-1,-1,1,-1
2015450022062,1,21,1,18,0,6,0,0,0,0,1,1,1,1,36,7,-1,-1,-1,-1,-1,-1
2015450022062,2,19,0,4,0,6,0,0,0,0,2,1,1,1,51,8,2198,2,4,-1,1,-1
2015450022062,3,9,0,4,0,6,0,0,0,0,0,1,6,1,-1,-1,-1,-1,-1,-1,-1,-1
2015450022063,1,9,0,18,0,8,0,0,0,0,2,1,6,1,45,7,1780,1,-1,-1,3,-1
2015450022063,2,9,0,18,0,8,0,0,0,0,2,1,6,1,67,10,2400,2,7,-1,3,-1
2015450022063,3,9,0,18,0,8,0,0,0,0,2,1,6,1,28,6,-1,-1,-1,-1,3,-1
2015450022063,4,9,0,18,0,8,0,0,0,0,1,1,6,3,42,7,1995,2,2,-1,1,-1
2015450022067,1,9,0,9,0,1,0,0,0,0,1,1,6,2,72,10,1796,1,7,-1,1,-1
2015450022067,2,9,0,18,0,1,0,0,0,0,4,1,6,2,64,9,-1,-1,-1,-1,1,-1
2015450022068,1,3,0,17,0,0,2,0,0,0,3,1,6,1,24,5,125,1,1,-1,1,-1
2015450022068,2,9,0,18,0,0,0,0,0,0,4,1,6,1,-1,-1,-1,-1,-1,-1,-1,-1
2015450022069,1,5,0,5,0,2,0,0,0,0,4,1,6,1,46,8,675,1,1,-1,1,-1
2015450022071,1,9,0,18,0,0,0,0,0,0,2,1,6,2,17,4,1149,1,3,-1,1,-1
2015450022071,2,9,0,18,0,0,0,0,0,0,2,1,6,2,40,7,1360,1,8,-1,1,-1
2015450022071,3,9,0,18,0,0,0,0,0,0,1,1,1,2,35,6,-1,-1,-1,-1,1,-1
2015450022071,4,9,0,18,0,0,0,0,0,0,1,1,1,1,29,6,-1,-1,-1,-1,1,-1
2015450022073,1,9,0,18,0,0,0,0,0,0,1,1,6,1,73,10,1390,1,17,-1,2,-1
2015450022076,1,9,0,18,0,6,0,0,0,0,1,1,6,1,17,4,999,1,3,-1,2,-1
2015450022076,2,4,0,18,0,1,5,0,0,0,4,1,6,1,44,7,279,1,7,-1,1,-1
2015450022077,1,9,0,17,0,0,5,4,0,0,1,1,6,2,81,11,-1,-1,-1,-1,1,-1
2015450022077,2,9,0,2,0,0,0,0,0,0,2,1,6,2,20,4,1397,1,8,-1,1,-1
2015450022080,1,19,0,18,0,1,0,0,0,0,1,1,1,1,24,5,1998,2,13,-1,1,-1
2015450022080,2,21,1,5,0,6,0,0,0,0,3,1,1,1,47,8,-1,-1,-1,-1,-1,-1
2015450022083,1,9,0,4,0,0,0,0,0,0,1,1,6,1,32,6,1995,2,5,-1,1,-1
2015450022083,2,9,0,4,0,0,0,0,0,0,1,1,6,1,76,11,1248,2,7,-1,1,-1
2015450022083,3,9,0,3,0,0,0,0,0,0,2,1,6,1,26,6,1995,2,4,-1,1,-1
2015450022091,1,9,0,17,0,0,1,0,1,0,1,1,1,2,29,6,-1,-1,-1,-1,1,-1
2015450022092,1,19,0,5,0,6,0,0,0,0,1,1,1,1,37,7,1560,2,1,-1,1,-1
2015450022092,2,1,0,18,0,1,0,0,0,0,1,1,6,1,-1,-1,-1,-1,-1,-1,-1,-1
2015450022093,1,9,0,9,0,6,0,0,0,0,1,1,6,2,65,9,1198,1,10,-1,1,-1
2015450022093,2,9,0,18,0,1,0,0,0,0,1,1,6,2,45,7,1240,1,9,-1,1,-1
2015450022094,1,9,0,13,0,0,0,0,0,0,1,1,2,1,33,6,998,1,15,-1,1,-1
2015450022094,2,21,1,12,0,0,0,0,0,0,2,1,1,1,38,7,-1,-1,-1,-1,-1,-1
2015450022095,1,9,0,4,7,0,0,0,0,0,1,1,6,1,28,6,1686,2,1,-1,1,-1
2015450022103,1,9,0,4,0,1,0,0,0,0,0,1,6,3,-1,-1,-1,-1,-1,-1,-1,-1
2015450022103,2,9,0,5,0,1,0,0,0,0,2,1,2,2,45,7,1242,1,5,-1,1,-1
2015450022103,3,9,0,4,0,1,0,0,0,0,1,1,2,2,62,9,1388,1,5,-1,1,-1
2015450022112,1,9,0,18,0,0,0,4,0,0,1,1,1,1,61,9,2663,2,17,-1,1,-1
2015450022112,2,9,0,2,0,0,0,0,0,0,0,1,6,2,23,5,998,1,7,-1,1,-1
2015450022112,3,9,0,18,0,0,0,0,0,0,1,1,6,3,-1,-1,-1,-1,-1,-1,-1,-1
2015450022113,1,9,0,18,0,1,0,0,0,0,1,1,6,1,39,7,1896,2,10,-1,1,-1
2015450022117,1,9,0,16,0,0,2,0,7,0,1,1,6,1,47,8,-1,-1,-1,-1,3,-1
2015450022120,1,2,0,9,0,8,1,0,0,0,0,1,1,1,16,4,49,1,3,-1,1,-1
2015450022123,1,3,0,18,0,1,0,0,0,0,0,1,2,1,21,5,124,1,2,-1,1,-1
2015450022123,2,9,0,18,0,1,0,0,0,0,0,1,2,2,28,6,1598,1,13,-1,1,-1
2015450022126,1,19,0,3,0,1,0,0,0,0,2,1,1,2,57,9,1248,2,2,-1,1,-1
2015450022126,2,9,0,8,0,1,0,0,0,0,1,1,6,1,25,5,1984,1,1,-1,1,-1
2015450022127,1,9,0,2,0,0,0,0,0,0,2,1,1,1,41,7,-1,-1,-1,-1,1,-1
2015450022127,2,9,0,4,0,0,0,0,0,0,1,1,6,1,21,5,-1,-1,-1,-1,1,-1
2015450022132,1,9,0,18,0,2,0,0,0,0,1,1,2,1,40,7,1587,1,10,-1,1,-1
2015450022135,1,9,0,10,0,4,0,0,0,0,1,1,2,2,49,8,1598,1,5,-1,1,-1
2015450022135,2,20,0,17,0,8,0,0,0,0,1,1,1,1,60,9,4250,2,6,-1,1,-1
2015450022136,1,9,0,4,0,0,0,0,0,0,2,1,6,2,27,6,1995,2,9,-1,1,-1
2015450022136,2,9,0,18,0,0,0,0,0,0,1,1,6,1,43,7,998,1,3,-1,1,-1
2015450022136,3,9,0,4,0,0,0,0,0,0,2,1,6,2,27,6,1124,1,9,-1,1,-1
2015450022137,1,9,0,9,0,5,0,0,0,0,1,1,6,1,35,6,1598,1,12,-1,1,-1
2015450022137,2,3,0,18,0,8,0,0,0,0,1,1,2,1,64,9,124,1,5,-1,1,-1
2015450022140,1,9,0,18,0,0,0,0,0,0,1,1,6,1,72,10,5000,1,5,-1,3,-1
2015450022140,2,9,0,18,0,0,0,0,0,0,1,1,2,2,24,5,-1,-1,-1,-1,1,-1
2015450022141,1,9,0,18,0,0,0,0,0,0,1,1,2,1,56,9,1794,1,12,-1,1,-1
2015450022143,1,9,0,5,0,6,0,0,0,0,3,1,6,2,54,8,1390,1,11,-1,1,-1
2015450022143,2,9,0,17,0,1,0,0,0,0,1,1,6,2,41,7,2319,1,15,-1,1,-1
2015450022145,1,9,0,5,0,6,0,0,0,0,3,1,6,1,29,6,1798,1,1,-1,1,-1
2015450022145,2,9,0,18,0,1,0,0,0,0,4,1,1,2,64,9,1197,1,2,-1,1,-1
2015450022149,1,9,0,18,0,0,0,0,0,0,3,1,6,1,40,7,1600,1,23,-1,1,-1
2015450022149,2,11,0,2,0,0,0,0,0,0,0,1,1,3,-1,-1,-1,-1,-1,-1,-1,-1
2015450022150,1,3,0,18,0,3,0,0,0,0,4,1,2,1,28,6,125,1,4,-1,1,-1
2015450022150,2,9,0,9,0,4,0,0,0,0,1,1,6,1,-1,-1,1339,1,5,-1,1,-1
2015450022151,1,9,0,17,0,1,0,0,0,0,1,1,6,1,79,11,1997,1,1,-1,1,-1
2015450022151,2,1,0,16,0,1,0,0,0,0,1,1,6,1,48,8,-1,-1,-1,-1,1,-1
2015450022160,1,1,0,18,0,8,0,0,0,0,4,1,2,1,39,7,-1,-1,-1,-1,1,-1
2015450022160,2,9,0,18,0,4,0,0,0,0,1,1,6,1,81,11,1598,2,2,-1,1,-1
2015450022164,1,9,0,5,0,0,0,0,1,10,1,1,6,1,85,11,-1,-1,-1,-1,3,-1
2015450022165,1,9,0,7,0,4,0,9,7,4,1,1,6,1,44,7,-1,-1,-1,-1,1,-1
2015450022167,1,9,0,18,0,2,0,0,0,0,1,1,1,2,23,5,998,1,9,-1,3,-1
2015450022167,2,9,0,18,0,2,0,0,0,0,2,1,1,2,63,9,1560,2,5,-1,1,-1
2015450022172,1,9,0,11,0,0,0,0,1,7,1,1,2,2,48,8,2720,2,9,-1,2,-1
2015450022172,2,9,0,18,0,0,1,0,1,7,2,1,2,1,31,6,1968,2,3,-1,1,-1
2015450022172,3,9,0,4,0,0,0,0,0,0,2,1,2,1,45,7,1986,2,8,-1,1,-1
2015450022174,1,20,0,17,0,0,0,0,0,0,1,1,1,1,36,7,10837,2,2,-1,1,-1
2015450022175,1,21,1,18,0,0,1,0,0,0,1,1,1,1,34,6,12902,2,2,-1,1,-1
2015450022175,2,9,0,4,0,0,1,0,0,0,2,1,2,3,42,7,2494,2,1,-1,1,-1
2015450022175,3,9,0,4,0,0,0,0,0,0,2,1,2,1,48,8,1968,2,1,-1,1,-1
2015450022175,4,9,0,18,0,0,0,0,0,0,1,1,2,1,51,8,-1,-1,-1,-1,1,-1
2015450022179,1,1,0,16,0,0,0,0,0,0,2,1,1,1,42,7,-1,-1,-1,-1,1,-1
2015450022179,2,9,0,16,0,0,0,0,0,0,4,1,1,1,36,7,-1,-1,-1,-1,1,-1
2015450022180,1,1,0,18,0,0,5,0,0,0,0,1,6,1,15,3,-1,-1,-1,-1,3,-1
2015450022181,1,9,0,18,0,8,0,0,0,0,1,1,6,2,42,7,3222,2,10,-1,1,-1
2015450022181,2,9,0,18,0,8,0,0,0,0,4,1,6,1,44,7,1598,1,1,-1,1,-1
2015450022181,3,9,0,18,0,8,0,0,0,0,4,1,6,1,39,7,2188,2,13,-1,1,-1
2015450022182,1,9,0,9,0,6,0,0,0,0,3,1,6,1,51,8,1560,2,3,-1,3,-1
2015450022182,2,9,0,18,0,1,0,0,1,0,1,1,1,1,33,6,1560,2,3,-1,-1,-1
2015450022184,1,9,0,18,0,1,0,0,0,0,3,1,6,2,36,7,1968,2,4,-1,1,-1
2015450022184,2,9,0,9,0,1,0,0,0,0,1,1,6,2,-1,-1,1242,1,3,-1,1,-1
2015450022186,1,9,0,7,0,1,1,0,0,0,1,1,2,2,34,6,1997,2,4,-1,1,-1
2015450022186,2,19,0,9,0,1,0,0,0,0,3,1,1,2,61,9,1499,2,1,-1,3,-1
2015450022187,1,9,0,18,0,0,1,0,1,3,1,1,6,1,22,5,1600,1,24,-1,3,-1
2015450022189,1,9,0,18,0,0,0,0,0,0,1,1,6,1,69,10,-1,-1,-1,-1,2,-1
2015450022189,2,9,0,18,0,0,0,0,0,0,2,1,6,2,48,8,1999,1,1,-1,2,-1
2015450022189,3,9,0,18,0,0,0,0,0,0,2,1,6,1,31,6,1560,2,7,-1,1,-1
2015450022193,1,9,0,9,0,8,0,0,0,0,3,1,2,1,56,9,1242,1,1,-1,1,-1
2015450022193,2,9,0,18,0,8,0,0,0,0,1,1,6,1,33,6,-1,-1,-1,-1,1,-1
2015450022194,1,1,0,3,0,1,0,0,0,0,0,1,1,2,47,8,-1,-1,-1,-1,1,-1
2015450022194,2,11,0,5,0,1,0,0,0,0,3,1,6,1,36,7,5883,2,13,-1,1,-1
2015450022204,1,1,0,18,0,8,0,0,0,0,3,1,6,1,49,8,-1,-1,-1,-1,1,-1
2015450022204,2,9,0,13,0,1,0,0,0,0,4,1,2,2,60,9,1360,1,14,-1,1,-1
2015450022206,1,9,0,18,0,0,0,0,0,0,1,1,6,2,30,6,1398,1,13,-1,1,-1
2015450022208,1,9,0,3,0,0,0,0,0,0,2,1,2,1,35,6,1796,1,5,-1,1,-1
2015450022208,2,9,0,18,0,0,0,0,0,0,1,1,2,2,36,7,1198,1,-1,-1,2,-1
2015450022209,1,9,0,8,0,0,0,0,0,0,4,1,2,2,58,9,999,1,1,-1,3,-1
2015450022209,2,9,0,18,0,0,0,0,0,0,1,1,2,1,61,9,2204,2,5,-1,1,-1
2015450022209,3,19,0,2,0,0,0,0,0,0,3,1,6,3,-1,-1,-1,-1,-1,-1,-1,-1
2015450022210,1,9,0,3,0,1,0,0,0,0,2,1,6,1,36,7,1781,1,17,-1,1,-1
2015450022210,2,9,0,18,0,1,1,0,0,0,1,1,6,1,45,7,-1,-1,-1,-1,1,-1
2015450022211,1,9,0,9,0,1,0,0,0,0,1,1,6,2,51,8,1783,1,12,-1,1,-1
2015450022213,1,9,0,4,0,4,0,0,0,0,1,1,3,2,17,4,875,1,3,-1,3,-1
2015450022213,2,9,0,5,0,4,0,0,0,0,3,1,2,2,32,6,2231,2,5,-1,3,-1
2015450022214,1,9,0,18,0,0,0,0,0,0,2,1,6,2,36,7,1198,1,2,-1,1,-1
2015450022214,2,9,0,18,0,0,0,0,0,0,1,1,6,2,24,5,1951,2,10,-1,1,-1
2015450022216,1,9,0,4,0,0,0,0,0,0,2,1,6,1,75,10,1598,2,4,-1,1,-1
2015450022216,2,9,0,4,0,0,0,0,0,0,2,1,1,2,18,4,998,1,17,-1,1,-1
2015450022216,3,9,0,18,0,0,0,0,0,0,1,1,6,2,33,6,1995,2,11,-1,1,-1
2015450022218,1,9,0,18,0,0,0,4,0,0,1,1,6,1,60,9,1461,2,-1,-1,1,-1
2015450022218,2,9,0,2,0,0,0,0,0,0,1,1,6,1,-1,-1,1229,1,8,-1,1,-1
2015450022219,1,9,0,18,0,0,0,0,0,0,1,1,6,1,33,6,1991,1,12,-1,1,-1
2015450022219,2,9,0,4,0,0,0,0,0,0,2,1,6,1,23,5,2976,1,12,-1,1,-1
2015450022221,1,9,0,5,0,6,0,0,0,0,1,1,6,2,80,11,-1,-1,-1,-1,1,-1
2015450022221,2,9,0,18,0,1,0,0,0,0,1,1,6,2,42,7,-1,-1,-1,-1,1,-1
2015450022223,1,9,0,6,0,0,0,0,0,0,3,1,6,1,38,7,1968,2,9,-1,1,-1
2015450022223,2,9,0,18,0,0,0,0,0,0,4,1,6,1,56,9,-1,-1,-1,-1,1,-1
2015450022227,1,9,0,18,0,0,1,0,5,0,1,1,6,2,25,5,-1,-1,-1,-1,1,-1
2015450022227,2,9,0,18,0,0,0,0,0,0,1,1,6,2,45,7,2967,2,1,-1,3,-1
2015450022228,1,5,0,18,0,0,2,0,0,0,1,1,2,1,22,5,865,1,1,-1,1,-1
2015450022228,2,9,0,2,0,0,0,0,0,0,1,1,6,3,-1,-1,-1,-1,-1,-1,-1,-1
2015450022230,1,9,0,18,0,0,0,0,0,0,1,1,2,1,19,4,-1,-1,-1,-1,1,-1
2015450022230,2,9,0,18,0,0,0,0,0,0,1,1,2,2,30,6,1242,1,3,-1,1,-1
2015450022230,3,9,0,4,0,0,0,0,0,0,2,1,1,1,43,7,-1,-1,-1,-1,2,-1
2015450022233,1,9,0,9,0,4,0,0,0,0,1,1,6,1,34,6,1956,2,1,-1,2,-1
2015450022233,2,1,0,5,0,4,0,0,0,0,3,1,6,1,49,8,-1,-1,-1,-1,1,-1
2015450022236,1,9,0,17,0,0,1,0,0,0,3,1,6,2,32,6,1796,1,11,-1,1,-1
2015450022236,2,9,0,9,0,0,1,0,0,0,1,1,6,2,-1,-1,-1,-1,-1,-1,-1,-1
2015450022237,1,5,0,17,0,8,5,0,0,0,3,1,6,1,36,7,599,1,3,-1,1,-1
2015450022237,2,9,0,16,0,4,0,0,0,0,1,1,6,2,50,8,1995,2,2,-1,1,-1
2015450022238,1,23,0,18,9,0,5,0,0,0,0,1,6,1,81,11,-1,-1,-1,-1,1,-1
2015450022240,1,9,0,18,0,0,0,0,0,0,1,1,2,2,38,7,1600,1,16,-1,1,-1
2015450022240,2,3,0,18,0,0,0,0,0,0,3,1,6,1,-1,-1,-1,-1,-1,-1,-1,-1
2015450022241,1,9,0,17,0,0,1,0,0,0,1,1,6,1,19,4,-1,-1,-1,-1,1,-1
2015450022241,2,21,0,16,0,0,0,0,0,0,1,1,1,1,60,9,5900,2,8,-1,1,-1
2015450022244,1,9,0,18,0,0,1,0,0,0,1,1,2,1,25,5,-1,-1,-1,-1,1,-1
2015450022245,1,11,0,18,0,0,0,0,0,0,0,1,1,1,45,7,9600,2,15,-1,1,-1
2015450022245,2,9,0,13,0,0,0,0,0,0,0,1,6,3,-1,-1,-1,-1,-1,-1,-1,-1
2015450022247,1,3,0,18,0,8,0,0,0,0,1,1,6,1,43,7,125,1,8,-1,3,-1
2015450022248,1,9,0,18,0,0,0,0,0,0,1,1,6,2,23,5,1896,2,7,-1,3,-1
2015450022248,2,9,0,4,0,0,0,0,0,0,2,1,6,2,48,8,2993,2,1,-1,3,-1
2015450022251,1,9,0,4,0,1,0,0,0,0,2,1,2,1,37,7,1995,2,1,-1,1,-1
2015450022251,2,5,0,5,0,1,0,0,0,0,1,1,2,1,41,7,942,1,7,-1,1,-1
2015450022252,1,1,0,16,0,1,5,0,0,0,1,1,6,2,28,6,-1,-1,-1,-1,1,-1
2015450022253,1,9,0,4,0,0,2,0,2,0,1,1,6,1,35,6,-1,-1,-1,-1,1,-1
2015450022255,1,9,0,18,0,0,0,0,0,0,1,1,6,3,-1,-1,-1,-1,-1,-1,-1,-1
2015450022258,1,3,0,18,0,1,0,0,0,0,1,1,6,3,18,4,124,1,22,-1,2,-1
2015450022258,2,9,0,18,0,1,0,0,0,0,1,1,2,2,45,7,1598,1,7,-1,1,-1
2015450022259,1,9,0,9,0,8,0,0,0,0,1,1,6,3,-1,-1,-1,-1,-1,-1,-1,-1
2015450022259,2,2,0,18,0,8,2,0,0,0,2,1,6,1,26,6,49,1,6,-1,1,-1
2015450022260,1,9,0,18,0,8,0,0,0,0,1,1,6,1,22,5,998,1,14,-1,1,-1
2015450022260,2,9,0,9,0,6,0,0,0,0,1,1,6,1,42,7,1686,2,4,-1,1,-1
2015450022261,1,9,0,18,0,0,0,0,0,0,1,1,6,2,61,9,1360,1,5,-1,1,-1
2015450022268,1,3,0,17,0,0,0,0,1,0,1,1,1,1,27,6,125,1,8,-1,1,-1
2015450022269,1,9,0,2,0,1,0,0,0,0,4,1,6,2,26,6,1598,1,12,-1,1,-1