Accident_Index,Vehicle_Reference,Vehicle_Type,Towing_and_Articulation,Vehicle_Manoeuvre,Vehicle_Location-Restricted_Lane,Junction_Location,Skidding_and_Overturning,Hit_Object_in_Carriageway,Vehicle_Leaving_Carriageway,Hit_Object_off_Carriageway,1st_Point_of_Impact,Was_Vehicle_Left_Hand_Drive?,Journey_Purpose_of_Driver,Sex_of_Driver,Age_of_Driver,Age_Band_of_Driver,Engine_Capacity_(CC),Propulsion_Code,Age_of_Vehicle,Driver_IMD_Decile,Driver_Home_Area_Type,Vehicle_IMD_Decile
2015450022269,2,9,0,18,0,1,0,0,0,0,3,1,6,2,80,11,1560,2,4,-1,1,-1
2015450022271,1,9,0,9,0,5,0,7,0,0,1,1,6,2,68,10,1995,2,2,-1,1,-1
2015450022274,1,9,0,9,0,5,0,0,0,0,2,1,2,2,46,8,1389,1,15,-1,1,-1
2015450022274,2,9,0,3,0,1,0,0,0,0,0,1,6,2,40,7,1197,1,4,-1,1,-1
2015450022274,3,5,0,13,0,1,0,0,0,0,1,1,6,2,53,8,781,1,12,-1,1,-1
2015450022275,1,1,0,18,0,4,0,0,0,0,2,1,2,1,52,8,-1,-1,-1,-1,1,-1
2015450022275,2,9,0,18,0,4,0,0,0,0,1,1,1,1,-1,-1,1339,1,6,-1,1,-1
2015450022277,1,9,0,17,0,0,0,0,1,0,1,1,2,1,24,5,-1,-1,-1,-1,1,-1
2015450022277,2,9,0,16,0,0,0,0,1,0,1,1,1,1,28,6,1560,2,2,-1,1,-1
2015450022278,1,9,0,18,0,0,1,0,0,0,1,1,6,1,24,5,1596,1,13,-1,1,-1
2015450022278,2,9,0,18,0,0,0,0,0,0,1,1,6,3,61,9,1242,1,5,-1,1,-1
2015450022279,1,9,0,18,0,0,0,0,0,0,1,1,2,1,52,8,-1,-1,-1,-1,2,-1
2015450022279,2,9,0,18,0,0,0,0,0,0,1,1,2,1,68,10,-1,-1,-1,-1,1,-1
2015450022280,1,9,0,18,0,8,0,0,0,0,1,1,2,1,32,6,1986,2,7,-1,1,-1
2015450022280,2,9,0,9,0,5,0,0,0,0,1,1,2,1,32,6,1968,2,9,-1,1,-1
2015450022281,1,9,0,17,0,0,2,0,0,0,3,1,1,1,41,7,-1,-1,-1,-1,1,-1
2015450022282,1,9,0,3,0,1,0,0,0,0,2,1,6,2,51,8,1299,1,11,-1,1,-1
2015450022282,2,9,0,18,0,4,1,10,0,0,1,1,6,1,53,8,2495,2,19,-1,1,-1
2015450022285,1,9,0,1,0,0,0,0,0,0,3,1,1,1,24,5,1461,2,4,-1,1,-1
2015450022288,1,9,0,9,0,8,0,0,0,0,0,1,6,1,42,7,-1,-1,-1,-1,1,-1
2015450022288,2,9,0,9,0,8,0,0,0,0,2,1,6,2,49,8,1588,1,13,-1,1,-1
2015450022291,1,9,0,2,0,0,0,0,0,0,2,1,6,2,42,7,-1,-1,-1,-1,1,-1
2015450022291,2,9,0,18,0,0,0,4,0,0,1,1,6,2,61,9,2400,2,3,-1,3,-1
2015450022292,1,9,0,17,0,0,2,0,1,0,1,1,2,1,40,7,-1,-1,-1,-1,1,-1
2015450022298,1,19,0,9,0,5,0,0,0,0,4,1,6,1,-1,-1,-1,-1,-1,-1,-1,-1
2015450022298,2,1,0,18,0,1,0,0,0,0,1,1,2,1,52,8,-1,-1,-1,-1,3,-1
2015450022304,1,9,0,18,0,0,0,0,0,0,2,1,6,1,66,10,1796,1,21,-1,1,-1
2015450022304,2,9,0,12,0,0,1,0,0,0,3,1,2,1,50,8,1999,1,9,-1,1,-1
2015450022304,3,9,0,2,0,0,0,0,0,0,1,1,6,1,25,5,2231,2,1,-1,1,-1
2015450022304,4,9,0,18,0,0,0,0,0,0,0,1,6,1,46,8,2179,2,1,-1,1,-1
2015450022306,1,9,0,9,0,5,0,0,0,0,4,1,2,2,45,7,1198,1,1,-1,1,-1
2015450022306,2,1,0,4,0,1,0,0,0,0,4,1,2,1,22,5,-1,-1,-1,-1,1,-1
2015450022307,1,9,0,5,0,4,0,0,0,0,1,1,6,1,54,8,998,1,15,-1,1,-1
2015450022307,2,1,0,18,0,4,0,0,0,0,2,1,2,1,65,9,-1,-1,-1,-1,2,-1
2015450022308,1,9,0,18,0,0,0,0,0,0,1,1,2,1,31,6,1598,2,3,-1,1,-1
2015450022308,2,9,0,18,0,0,0,0,0,0,1,1,2,1,50,8,2987,2,2,-1,2,-1
2015450022310,1,9,0,16,0,0,1,0,0,0,1,1,6,1,30,6,-1,-1,-1,-1,1,-1
2015450022310,2,9,0,12,0,0,0,0,0,0,0,1,6,3,-1,-1,-1,-1,-1,-1,-1,-1
2015450022313,1,9,0,5,0,1,1,0,0,0,2,1,2,2,22,5,1598,2,4,-1,1,-1
2015450022313,2,9,0,16,0,1,1,0,0,0,1,1,3,2,18,4,1364,2,12,-1,1,-1
2015450022315,1,9,0,3,0,0,0,0,0,0,2,1,2,2,30,6,1900,2,16,-1,1,-1
2015450022315,2,19,0,4,0,0,0,0,0,0,1,1,6,1,-1,-1,2987,2,7,-1,1,-1
2015450022316,1,9,0,18,0,0,1,0,0,0,1,1,6,2,51,8,1397,1,5,-1,1,-1
2015450022316,2,9,0,18,0,0,2,0,0,0,1,1,6,2,30,6,1796,1,9,-1,1,-1
2015450022321,1,9,0,3,0,1,0,0,0,0,2,1,3,2,44,7,-1,-1,-1,-1,2,-1
2015450022321,2,9,0,3,0,1,0,0,0,0,1,1,1,1,50,8,1799,1,6,-1,1,-1
2015450022321,3,9,0,3,0,1,0,0,0,0,1,1,3,2,40,7,2926,2,12,-1,1,-1
2015450022322,1,9,0,18,0,1,0,0,0,0,1,1,6,1,31,6,1368,1,4,-1,3,-1
2015450022335,1,9,0,9,0,6,0,0,0,0,1,1,6,1,27,6,-1,-1,-1,-1,1,-1
2015450022340,1,3,0,13,0,1,0,0,0,0,0,1,1,1,22,5,125,1,2,-1,1,-1
2015450022340,2,1,0,18,0,1,0,0,0,0,3,1,1,1,48,8,-1,-1,-1,-1,1,-1
2015450022344,1,1,0,18,0,4,0,0,0,0,1,1,6,1,47,8,-1,-1,-1,-1,1,-1
2015450022344,2,9,0,18,0,3,0,0,0,0,4,1,6,1,-1,-1,1956,2,3,-1,-1,-1
2015450022345,1,9,0,1,0,0,0,0,0,0,2,1,3,2,40,7,1086,1,9,-1,1,-1
2015450022347,1,9,0,16,0,0,0,0,7,0,1,1,6,2,25,5,-1,-1,-1,-1,1,-1
2015450022351,1,1,0,11,0,8,0,0,0,0,4,1,2,1,49,8,-1,-1,-1,-1,1,-1
2015450022351,2,9,0,18,0,4,0,0,0,0,1,1,6,1,42,7,2499,2,9,-1,1,-1
2015450022352,2,9,0,18,0,0,0,0,4,0,1,1,5,1,20,4,1339,1,9,-1,1,-1
2015450022354,1,19,0,18,0,0,0,7,0,0,3,1,6,1,36,7,2148,2,6,-1,1,-1
2015450022359,1,9,0,18,0,0,0,0,0,0,4,1,6,2,39,7,2179,2,6,-1,1,-1
2015450022362,1,9,0,18,0,0,0,0,0,0,0,1,6,3,-1,-1,-1,-1,-1,-1,-1,-1
2015450022364,1,19,0,18,0,1,0,0,0,0,1,1,6,1,-1,-1,1995,2,3,-1,3,-1
2015450022365,1,9,0,4,0,1,0,0,0,0,1,1,2,2,24,5,1560,2,7,-1,1,-1
2015450022365,2,9,0,3,0,1,0,0,0,0,2,1,6,1,-1,-1,1595,1,4,-1,3,-1
2015450022369,1,9,0,18,0,1,0,0,0,0,3,1,1,1,25,5,1598,1,8,-1,1,-1
2015450022369,2,19,0,11,0,5,0,0,0,0,4,1,1,1,53,8,1968,2,2,-1,1,-1
2015450022371,1,9,0,18,0,2,0,0,0,0,1,1,6,2,46,8,1400,2,9,-1,1,-1
2015450022374,1,9,0,4,0,0,0,0,0,0,2,1,6,2,70,10,1598,1,5,-1,3,-1
2015450022374,2,9,0,16,0,0,0,0,0,0,1,1,6,2,84,11,-1,-1,-1,-1,1,-1
2015450022375,1,9,0,18,0,0,2,0,2,0,4,1,6,1,45,7,-1,-1,-1,-1,1,-1
2015450022380,1,21,1,18,0,0,0,0,0,0,1,1,1,1,47,8,-1,-1,-1,-1,-1,-1
2015450022380,2,9,0,18,0,0,0,0,1,0,3,1,2,1,60,9,1995,2,12,-1,1,-1
2015450022384,1,9,0,18,0,1,0,0,0,0,2,1,6,1,23,5,2521,1,5,-1,1,-1
2015450022384,2,19,0,18,0,1,0,0,0,0,1,1,6,1,-1,-1,1995,2,3,-1,2,-1
2015450022389,1,9,0,8,0,6,0,0,0,0,2,1,2,2,52,8,998,1,-1,-1,3,-1
2015450022389,2,9,0,3,0,1,0,0,0,0,1,1,1,1,35,6,1896,2,16,-1,1,-1
2015450022393,1,9,0,17,0,1,1,0,0,0,1,1,6,1,46,8,1086,1,11,-1,1,-1
2015450022393,2,9,0,18,0,1,0,0,0,0,1,1,6,1,35,6,2967,2,4,-1,1,-1
2015450022394,1,9,0,18,0,0,0,0,0,0,1,1,6,2,32,6,1560,2,9,-1,1,-1
2015450022394,2,9,0,4,0,0,0,0,0,0,2,1,6,1,27,6,1600,1,8,-1,2,-1
2015450022394,3,9,0,4,0,0,0,0,0,0,2,1,6,2,51,8,998,1,1,-1,1,-1
2015450022398,1,9,0,18,0,3,0,0,0,0,2,1,6,1,20,4,1800,1,26,-1,2,-1
2015450022398,2,9,0,5,0,4,0,0,0,0,1,1,6,2,52,8,1988,2,12,-1,1,-1
2015450022399,1,9,0,18,0,8,0,0,0,0,1,1,4,1,18,4,-1,-1,-1,-1,1,-1
2015450022399,2,9,0,18,0,8,0,0,7,10,3,1,2,2,45,7,1198,1,13,-1,1,-1
2015450022400,1,9,0,18,0,0,0,0,0,0,4,1,6,1,75,10,1968,2,5,-1,1,-1
2015450022400,2,1,0,18,0,0,0,0,0,0,3,1,6,1,65,9,-1,-1,-1,-1,1,-1
2015450022400,3,9,0,2,0,0,0,0,0,0,0,1,6,3,-1,-1,1560,2,5,-1,-1,-1
2015450022401,1,3,0,4,0,0,2,0,1,0,3,1,2,2,23,5,102,1,1,-1,1,-1
2015450022401,2,19,0,5,0,0,0,0,0,0,0,1,6,2,47,8,1995,2,1,-1,1,-1
2015450022402,1,9,0,18,0,4,0,0,0,0,4,1,6,1,60,9,1390,1,16,-1,1,-1
2015450022402,2,9,0,9,0,4,0,0,0,0,4,1,6,1,19,4,1598,1,8,-1,1,-1
2015450022403,1,9,0,5,0,6,0,0,0,0,3,1,6,1,24,5,1984,1,8,-1,3,-1
2015450022403,2,3,0,18,0,8,0,0,0,0,1,1,2,1,34,6,124,1,4,-1,1,-1
2015450022404,1,9,0,9,0,6,0,0,0,0,3,1,2,3,18,4,1199,1,11,-1,1,-1
2015450022404,2,5,0,18,0,1,0,0,0,0,1,1,6,1,47,8,988,1,11,-1,1,-1
2015450022404,3,5,0,18,0,1,0,0,0,0,1,1,6,1,43,7,999,1,6,-1,1,-1
2015450022405,1,9,0,18,0,0,0,0,0,0,0,1,6,1,38,7,1390,1,15,-1,1,-1
2015450022405,2,5,0,18,0,0,1,0,0,0,0,1,6,1,62,9,1170,1,-1,-1,1,-1
2015450022406,1,9,0,18,0,0,1,0,0,0,1,1,6,2,30,6,1598,2,1,-1,1,-1
2015450022406,2,9,0,18,0,0,1,0,1,0,1,1,6,1,54,8,-1,-1,-1,-1,1,-1
2015450022409,1,1,0,18,0,1,5,0,0,0,1,1,2,1,52,8,-1,-1,-1,-1,1,-1
2015450022409,2,9,0,18,0,4,0,0,0,0,1,1,6,1,40,7,1686,2,1,-1,1,-1
2015450022409,3,9,0,18,0,1,0,0,0,0,1,1,6,2,38,7,1598,1,10,-1,1,-1
2015450022409,4,9,0,18,0,1,0,0,0,0,1,1,6,2,27,6,1198,1,-1,-1,1,-1
2015450022410,1,5,0,11,0,8,5,0,0,0,1,1,6,2,27,6,599,1,5,-1,3,-1
2015450022410,2,9,0,12,0,4,0,0,0,0,1,1,6,2,41,7,1242,1,4,-1,1,-1
2015450022411,1,9,0,4,0,0,0,0,0,0,2,1,6,2,23,5,1600,2,4,-1,1,-1
2015450022411,2,9,0,4,0,0,0,0,0,0,1,1,2,1,37,7,1794,1,9,-1,1,-1
2015450022413,1,19,0,4,0,0,1,0,0,0,1,1,6,1,41,7,-1,-1,-1,-1,1,-1
2015450022413,2,9,0,4,0,0,0,0,0,0,2,1,6,1,22,5,2231,2,9,-1,1,-1
2015450022413,3,9,0,3,0,0,0,0,0,0,2,1,6,1,51,8,-1,-1,-1,-1,1,-1
2015450022413,4,9,0,3,0,0,0,0,0,0,2,1,1,1,49,8,1997,2,6,-1,1,-1
2015450022414,1,9,0,17,0,0,5,0,1,10,1,1,6,1,56,9,1598,1,6,-1,1,-1
2015450022415,1,9,0,7,0,2,1,0,0,0,3,1,1,1,29,6,-1,-1,-1,-1,1,-1
2015450022415,2,9,0,3,0,1,0,0,0,0,3,1,1,1,32,6,1461,2,3,-1,3,-1
2015450022416,1,9,0,13,0,0,0,0,0,0,0,1,6,3,-1,-1,-1,-1,-1,-1,-1,-1
2015450022416,2,9,0,13,0,0,1,0,7,0,3,1,6,1,51,8,-1,-1,-1,-1,1,-1
2015450022416,3,9,0,18,0,0,0,0,0,0,4,1,6,3,-1,-1,-1,-1,-1,-1,-1,-1
2015450022418,1,4,0,18,0,1,0,0,0,0,1,1,1,1,28,6,126,1,16,-1,1,-1
2015450022418,2,9,0,9,0,1,0,0,0,0,1,1,1,1,72,10,1596,1,7,-1,1,-1
2015450022419,1,9,0,17,0,0,1,0,7,0,3,1,6,2,25,5,796,1,17,-1,3,-1
2015450022420,1,9,0,7,0,4,0,0,0,0,0,1,6,2,22,5,1299,1,15,-1,1,-1
2015450022420,2,1,0,18,0,8,0,0,0,0,0,1,6,2,52,8,-1,-1,-1,-1,1,-1
2015450022421,1,9,0,18,0,0,1,0,0,0,1,1,6,1,40,7,1396,1,12,-1,1,-1
2015450022421,2,9,0,4,0,0,0,0,0,0,2,1,2,1,39,7,2967,2,8,-1,3,-1
2015450022436,1,9,0,1,9,0,0,0,0,0,2,1,3,2,34,6,1599,1,10,-1,1,-1
2015450022436,2,1,0,18,9,0,0,0,0,0,1,1,6,1,27,6,-1,-1,-1,-1,1,-1
2015450022437,1,1,0,18,0,8,0,0,0,0,3,1,4,1,17,4,-1,-1,-1,-1,1,-1
2015450022437,2,9,0,18,0,1,0,0,0,0,3,1,6,3,-1,-1,-1,-1,-1,-1,-1,-1
2015450022438,1,9,0,18,0,0,2,4,7,0,1,1,6,1,25,5,1997,1,12,-1,1,-1
2015450022438,2,9,0,2,0,0,0,0,0,0,2,1,6,2,-1,-1,-1,-1,-1,-1,1,-1
2015450022438,3,19,0,2,0,0,0,0,0,0,2,1,6,3,-1,-1,1461,2,2,-1,1,-1
2015450022441,1,9,0,3,0,0,0,0,0,0,1,1,6,1,19,4,1896,2,15,-1,1,-1
2015450022441,2,9,0,3,0,0,0,0,0,0,2,1,6,2,27,6,1999,1,9,-1,1,-1
2015450022442,1,9,0,18,0,1,1,0,7,0,1,1,1,1,30,6,-1,-1,-1,-1,1,-1
2015450022442,2,20,0,4,0,1,0,0,0,0,1,1,1,1,48,8,5880,2,10,-1,1,-1
2015450022443,1,9,0,18,0,1,0,4,2,0,1,1,1,2,33,6,1995,2,8,-1,1,-1
2015450022443,2,9,0,2,0,1,0,0,0,0,1,1,6,1,31,6,1388,1,10,-1,1,-1
2015450022444,1,9,0,16,0,7,1,0,1,0,1,1,6,2,17,4,1391,1,20,-1,1,-1
2015450022446,1,9,0,9,0,5,0,0,0,0,1,1,6,1,25,5,1364,2,2,-1,1,-1
2015450022447,1,5,0,18,0,4,0,0,0,0,1,1,2,2,25,5,647,1,14,-1,2,-1
2015450022450,1,9,0,9,0,2,0,0,0,0,1,1,6,1,18,4,1229,1,6,-1,1,-1
2015450022453,1,9,0,18,0,1,0,0,0,0,1,1,6,2,17,4,-1,-1,-1,-1,1,-1
2015450022453,2,9,0,18,0,1,0,0,0,0,2,1,6,2,43,7,1598,1,6,-1,1,-1
2015450022456,1,1,0,18,0,1,0,0,0,0,0,1,2,2,34,6,-1,-1,-1,-1,1,-1
2015450022459,1,9,0,3,0,1,0,0,0,0,2,1,6,2,37,7,-1,3,2,-1,1,-1
2015450022459,2,20,1,4,0,1,1,0,0,0,1,1,1,1,35,6,3920,2,8,-1,1,-1
2015450022462,1,9,0,18,0,0,0,0,0,0,1,1,6,1,63,9,2400,2,2,-1,1,-1
2015450022466,1,19,0,7,0,1,2,0,0,0,3,1,1,1,44,7,1998,2,12,-1,2,-1
2015450022466,2,9,0,5,0,1,0,0,0,0,0,1,6,1,65,9,1560,2,5,-1,3,-1
2015450022466,3,19,0,2,0,1,0,0,0,0,0,1,1,3,-1,-1,-1,-1,-1,-1,-1,-1
2015450022467,1,9,0,2,0,0,0,0,0,0,2,1,1,1,69,10,-1,-1,-1,-1,1,-1
2015450022467,2,9,0,16,0,0,1,0,0,0,1,1,6,2,23,5,1149,1,16,-1,1,-1
2015450022467,3,9,0,2,0,0,0,0,0,0,2,1,6,1,48,8,3222,2,12,-1,1,-1
2015450022467,4,9,0,4,0,0,1,0,0,0,1,1,6,2,38,7,1198,1,13,-1,1,-1
2015450022467,5,9,0,18,0,0,0,0,0,0,2,1,6,1,44,7,-1,-1,-1,-1,1,-1
2015450022467,6,9,0,18,0,0,0,0,0,0,1,1,4,1,58,9,1968,2,5,-1,2,-1
2015450022470,1,9,0,16,0,0,5,0,7,9,1,1,6,1,32,6,-1,-1,-1,-1,1,-1
2015450022471,1,9,0,9,0,6,0,0,0,0,1,1,2,1,21,5,1242,1,5,-1,1,-1
2015450022471,2,9,0,18,0,6,0,0,0,0,1,1,1,2,22,5,-1,-1,-1,-1,1,-1
2015450022473,1,9,0,5,0,1,0,0,0,0,1,1,2,1,23,5,-1,-1,-1,-1,1,-1
2015450022473,2,9,0,18,0,1,0,0,1,0,4,1,2,1,28,6,1900,2,16,-1,1,-1
2015450022475,1,9,0,9,0,5,0,0,0,0,1,1,1,1,30,6,1497,8,8,-1,1,-1
2015450022475,2,3,0,18,0,1,0,0,0,0,3,1,6,1,27,6,124,1,15,-1,1,-1
2015450022475,3,9,0,8,0,1,0,0,0,0,1,1,2,1,53,8,-1,-1,-1,-1,1,-1
2015450022477,1,9,0,15,0,1,0,0,7,0,1,1,6,1,42,7,3824,1,9,-1,3,-1
2015450022477,2,9,0,9,0,5,0,0,1,0,4,1,6,1,21,5,1360,2,21,-1,1,-1
2015450022478,1,1,0,18,0,0,5,0,0,0,4,1,6,1,60,9,-1,-1,-1,-1,1,-1
2015450022480,1,9,0,5,0,1,0,0,0,0,1,1,3,1,43,7,2969,2,10,-1,1,-1
2015450022480,2,5,0,18,0,8,0,0,0,0,1,1,6,1,34,6,1584,1,6,-1,1,-1
2015450022480,3,9,0,9,0,8,0,0,0,0,1,1,6,3,-1,-1,-1,-1,-1,-1,-1,-1
2015450022481,1,9,0,18,0,1,0,0,0,0,3,1,1,1,71,10,2987,2,5,-1,1,-1
2015450022481,2,5,0,18,0,8,0,0,0,0,4,1,6,1,60,9,650,1,60,-1,3,-1
2015450022482,1,3,0,17,0,2,1,0,0,0,3,1,6,2,18,4,124,1,7,-1,1,-1
2015450022484,1,5,0,7,0,1,0,0,0,0,1,1,6,1,55,8,1255,1,7,-1,1,-1
2015450022484,2,9,0,9,0,5,0,0,0,0,1,1,6,2,-1,-1,1994,1,19,-1,1,-1
2015450022485,1,9,0,11,0,8,0,0,0,0,2,1,6,2,47,8,1461,2,4,-1,1,-1
2015450022485,2,9,0,18,0,1,0,0,0,0,1,1,1,1,44,7,-1,-1,-1,-1,1,-1
2015450022490,1,9,0,17,0,1,0,0,0,0,1,1,1,1,42,7,2400,2,2,-1,3,-1
2015450022490,2,9,0,16,0,1,0,0,0,0,1,1,6,1,25,5,1871,2,11,-1,1,-1
2015450022493,1,1,0,18,0,0,0,0,0,0,0,1,2,1,20,4,-1,-1,-1,-1,3,-1
2015450022494,1,9,0,18,0,0,0,0,0,0,1,1,6,3,19,4,-1,-1,-1,-1,3,-1
2015450022499,1,20,0,12,0,0,0,0,0,0,3,1,1,1,52,8,-1,-1,-1,-1,-1,-1
2015450022499,2,9,0,18,0,0,0,0,0,0,4,1,6,2,58,9,-1,-1,-1,-1,1,-1
2015450022500,1,9,0,14,0,0,0,4,0,0,1,1,6,2,78,11,1598,1,2,-1,1,-1
2015450022500,2,9,0,2,0,0,0,0,0,0,2,1,6,3,-1,-1,1984,1,8,-1,-1,-1
2015450022504,1,9,0,18,0,0,0,0,0,0,1,1,6,2,44,7,1595,1,13,-1,1,-1
2015450022504,2,9,0,3,0,0,0,0,0,0,1,1,1,1,41,7,-1,-1,-1,-1,1,-1
2015450022504,3,9,0,2,0,0,0,0,0,0,2,1,6,2,-1,-1,1796,1,9,-1,1,-1
2015450022504,4,9,0,2,0,0,0,0,0,0,2,1,6,1,-1,-1,1998,1,11,-1,1,-1
2015450022504,5,9,0,2,0,0,0,0,0,0,2,1,6,2,-1,-1,1997,1,2,-1,1,-1
2015450022504,6,9,0,18,0,0,0,0,0,0,3,1,1,1,36,7,2993,2,1,-1,1,-1
2015450022504,7,9,0,18,0,0,0,0,0,0,1,1,1,1,34,6,2993,2,2,-1,1,-1
2015450022504,8,9,0,18,0,0,0,0,0,0,1,1,1,1,38,7,2993,2,2,-1,1,-1
2015450022504,9,9,0,2,9,0,0,0,0,0,3,1,6,1,-1,-1,2204,2,7,-1,1,-1
2015450022506,1,9,0,3,0,1,0,0,0,0,1,1,1,1,22,5,-1,-1,-1,-1,3,-1
2015450022506,2,9,0,4,0,1,0,0,0,0,2,1,6,1,46,8,-1,-1,-1,-1,1,-1
2015450022508,1,9,0,18,0,1,0,0,0,0,2,1,6,1,34,6,1799,1,8,-1,1,-1
2015450022508,2,4,0,18,0,1,0,0,0,0,1,1,2,1,21,5,449,1,1,-1,1,-1
2015450022509,1,3,0,18,0,0,5,0,0,0,4,1,6,1,44,7,125,1,3,-1,1,-1
2015450022509,2,9,0,18,0,0,0,0,0,0,3,1,6,1,58,9,3498,1,7,-1,1,-1
2015450022512,1,9,0,17,0,0,1,0,1,0,1,1,6,2,23,5,-1,-1,-1,-1,3,-1
2015450022514,1,9,0,5,0,6,0,0,0,0,1,1,1,1,47,8,1995,2,3,-1,1,-1
2015450022514,2,9,0,18,0,1,0,0,1,0,3,1,2,2,31,6,1198,1,2,-1,1,-1
2015450022515,1,5,0,17,0,4,2,0,1,0,1,1,6,1,42,7,749,1,6,-1,1,-1
2015450022517,1,19,0,18,0,0,0,0,0,0,1,1,1,2,26,6,-1,-1,-1,-1,1,-1
2015450022517,2,20,0,18,0,0,0,0,0,0,2,1,6,1,40,7,2488,2,6,-1,1,-1
2015450022520,1,19,0,18,0,1,0,0,0,0,2,1,1,1,49,8,1968,2,5,-1,1,-1
2015450022520,2,19,0,18,0,1,0,0,0,0,1,1,1,1,-1,-1,1968,2,5,-1,1,-1
2015450022521,1,1,0,18,0,0,0,0,0,0,4,1,6,1,41,7,-1,-1,-1,-1,2,-1
2015450022526,1,9,0,18,0,0,2,0,1,0,1,1,6,2,50,8,1998,1,12,-1,3,-1
2015450022527,1,9,0,17,0,0,1,0,7,0,1,1,2,1,54,8,-1,-1,-1,-1,1,-1
2015450022528,1,9,0,18,0,0,0,0,0,0,1,1,6,2,25,5,-1,-1,-1,-1,1,-1
2015450022529,1,9,0,17,0,0,1,0,1,0,1,1,2,2,24,5,-1,-1,-1,-1,2,-1
2015450022533,1,9,0,18,0,1,0,0,0,0,2,1,6,2,69,10,1598,1,7,-1,1,-1
2015450022533,2,20,0,18,0,1,0,0,0,0,1,1,6,1,33,6,9200,2,4,-1,1,-1
2015450022534,1,20,0,18,0,0,0,0,0,0,1,1,1,1,41,7,5132,2,-1,-1,1,-1
2015450022534,2,9,0,18,0,0,0,0,0,0,2,1,6,2,35,6,2979,1,13,-1,3,-1
2015450022538,1,1,0,17,0,0,2,0,0,0,1,1,6,1,38,7,-1,-1,-1,-1,3,-1
2015450022541,1,9,0,4,0,1,0,0,0,0,1,1,6,1,23,5,1124,1,13,-1,1,-1
2015450022541,2,9,0,3,0,1,0,0,0,0,2,1,6,1,42,7,2362,1,13,-1,1,-1
2015450022542,1,9,0,18,0,0,0,0,0,0,4,1,6,2,73,10,1341,1,15,-1,1,-1
2015450022542,2,9,0,2,0,0,0,0,0,0,1,1,6,2,-1,-1,1910,2,8,-1,2,-1
2015450022542,3,9,0,2,0,0,0,0,0,0,1,1,6,2,-1,-1,1299,1,13,-1,1,-1
2015450022543,1,9,0,18,0,0,1,0,8,0,1,1,6,1,19,4,-1,-1,-1,-1,1,-1
2015450022543,2,3,0,3,0,0,0,0,0,0,0,1,6,1,21,5,124,1,5,-1,1,-1
2015450022544,1,9,0,9,0,1,0,0,0,0,1,1,1,1,58,9,2995,1,15,-1,1,-1
2015450022544,2,9,0,18,0,1,0,0,0,0,1,1,6,3,-1,-1,1995,2,6,-1,-1,-1
2015450022545,1,9,0,9,0,6,0,0,0,0,1,1,2,1,31,6,2544,1,16,-1,1,-1
2015450022545,2,9,0,17,0,8,0,0,0,0,1,1,2,1,36,7,-1,-1,-1,-1,1,-1
2015450022546,1,5,0,18,0,1,0,0,0,0,2,1,2,1,36,7,599,1,6,-1,1,-1
2015450022546,2,9,0,5,0,1,0,0,0,0,1,1,1,1,63,9,1798,8,3,-1,1,-1
2015450022548,1,5,0,18,0,0,0,0,0,0,1,1,6,2,50,8,499,1,15,-1,1,-1
2015450022548,2,9,0,3,0,0,0,0,0,0,2,1,2,2,23,5,998,1,6,-1,2,-1
2015450022550,1,9,0,18,0,1,0,0,0,0,1,1,2,1,33,6,1794,1,11,-1,2,-1
2015450022550,2,9,0,18,0,1,0,0,0,0,1,1,6,1,50,8,1299,1,10,-1,1,-1
2015450022551,1,9,0,17,0,1,0,0,0,0,1,1,6,1,20,4,1149,1,12,-1,1,-1
2015450022551,2,9,0,9,0,6,0,0,0,0,3,1,1,1,46,8,1560,2,1,-1,1,-1
2015450022552,1,9,0,4,0,0,0,0,0,0,0,1,6,2,59,9,2184,2,10,-1,1,-1
2015450022552,2,1,0,18,0,0,0,0,0,0,1,1,6,1,71,10,-1,-1,-1,-1,1,-1
2015450022553,1,19,0,18,0,3,0,10,7,0,1,1,6,1,29,6,-1,-1,-1,-1,1,-1
2015450022554,1,9,0,3,0,1,0,0,0,0,2,1,6,1,18,4,1149,1,16,-1,2,-1
2015450022554,2,9,0,4,0,1,0,0,0,0,1,1,6,3,-1,-1,-1,-1,-1,-1,-1,-1
2015450022556,1,2,0,18,0,1,5,0,0,0,1,1,6,1,28,6,49,1,11,-1,1,-1
2015450022556,2,9,0,9,0,8,0,0,0,0,4,1,6,1,79,11,1199,1,14,-1,1,-1
2015450022558,1,9,0,16,0,1,0,0,7,0,1,1,6,1,18,4,998,1,2,-1,1,-1
2015450022563,1,9,0,16,0,0,1,0,1,4,1,1,1,2,41,7,1796,1,9,-1,1,-1
2015450022563,2,9,0,17,0,0,0,0,0,0,0,1,6,3,-1,-1,-1,-1,-1,-1,-1,-1
2015450022567,1,9,0,18,0,0,0,0,0,0,1,1,6,1,43,7,-1,-1,-1,-1,1,-1
2015450022568,1,5,0,13,0,0,2,7,7,1,1,1,6,1,52,8,1130,1,12,-1,3,-1
2015450022568,2,21,1,4,0,0,0,0,0,0,0,1,1,1,28,6,16120,2,5,-1,1,-1
2015450022570,1,3,0,7,0,5,5,0,0,0,1,1,6,1,22,5,125,1,2,-1,2,-1
2015450022578,1,9,0,11,0,0,1,0,4,0,3,1,1,2,30,6,1560,2,2,-1,1,-1