Accident_Index,Vehicle_Reference,Vehicle_Type,Towing_and_Articulation,Vehicle_Manoeuvre,Vehicle_Location-Restricted_Lane,Junction_Location,Skidding_and_Overturning,Hit_Object_in_Carriageway,Vehicle_Leaving_Carriageway,Hit_Object_off_Carriageway,1st_Point_of_Impact,Was_Vehicle_Left_Hand_Drive?,Journey_Purpose_of_Driver,Sex_of_Driver,Age_of_Driver,Age_Band_of_Driver,Engine_Capacity_(CC),Propulsion_Code,Age_of_Vehicle,Driver_IMD_Decile,Driver_Home_Area_Type,Vehicle_IMD_Decile
2015450022578,2,1,2,-1,0,0,0,0,0,3,-1,1,6,3,-1,-1,-1,-1,-1,-1,-1,-1
2015450022585,1,9,0,18,0,0,1,0,1,0,1,1,1,1,18,4,1198,1,5,-1,1,-1
2015450022588,1,5,0,18,0,0,0,0,0,0,1,1,1,1,32,6,744,1,4,-1,1,-1
2015450022588,2,19,0,18,0,0,0,0,0,0,4,1,1,1,56,9,-1,-1,-1,-1,1,-1
2015450022591,1,1,0,18,0,1,0,0,0,0,1,1,6,1,-1,-1,-1,-1,-1,-1,1,-1
2015450022591,2,9,0,7,0,5,0,0,0,0,4,1,6,1,43,7,2179,2,3,-1,3,-1
2015450022593,1,9,0,9,0,1,0,0,0,0,3,1,2,2,21,5,1390,1,10,-1,1,-1
2015450022593,2,3,0,13,0,1,0,0,0,0,4,1,6,1,22,5,124,1,1,-1,1,-1
2015450022594,1,9,0,18,0,8,0,0,0,0,1,1,6,2,21,5,-1,-1,-1,-1,1,-1
2015450022594,2,9,0,18,0,1,0,0,0,0,3,1,6,1,49,8,1968,2,2,-1,3,-1
2015450022596,1,9,0,7,0,6,0,0,0,0,3,1,6,2,62,9,1600,1,11,-1,1,-1
2015450022596,2,9,0,18,0,1,0,0,0,0,1,1,6,2,68,10,1598,2,3,-1,1,-1
2015450022603,1,9,0,18,0,0,0,0,0,0,4,1,6,2,36,7,1997,2,5,-1,3,-1
2015450022604,1,19,4,13,0,0,0,0,0,0,2,1,6,3,-1,-1,-1,-1,-1,-1,-1,-1
2015450022604,2,1,0,18,0,0,0,0,0,0,3,1,6,1,53,8,-1,-1,-1,-1,1,-1
2015450022609,1,9,0,18,0,0,0,0,0,0,3,1,6,1,37,7,1998,2,5,-1,3,-1
2015450022609,2,1,0,18,9,0,5,0,0,0,4,1,6,2,28,6,-1,-1,-1,-1,1,-1
2015450022610,1,9,0,18,0,1,0,0,0,0,1,1,6,1,70,10,1242,1,1,-1,1,-1
2015450022610,2,9,0,3,0,1,0,0,0,0,2,1,6,1,60,9,-1,-1,-1,-1,1,-1
2015450022614,1,9,0,9,0,8,0,0,0,0,1,1,1,1,22,5,1997,2,3,-1,1,-1
2015450022614,2,9,0,18,0,8,0,0,0,0,1,1,6,2,31,6,1795,1,12,-1,1,-1
2015450022614,3,9,0,9,0,8,0,0,0,0,1,1,6,1,47,8,1332,1,17,-1,1,-1
2015450022616,1,9,0,18,0,0,0,0,0,0,1,1,6,1,22,5,2000,1,16,-1,1,-1
2015450022618,1,9,0,9,0,6,0,0,0,0,1,1,6,1,67,10,1598,1,-1,-1,1,-1
2015450022618,2,9,0,10,0,1,0,0,0,0,1,1,6,1,44,7,2099,1,12,-1,1,-1
2015450022620,1,9,0,11,0,0,0,0,0,0,0,1,6,3,-1,-1,-1,-1,-1,-1,-1,-1
2015450022620,2,9,0,18,0,0,1,0,1,0,1,1,6,2,26,6,-1,-1,-1,-1,1,-1
2015450022622,1,9,0,18,0,0,2,10,0,0,4,1,6,1,44,7,1598,1,6,-1,1,-1
2015450022622,2,9,0,18,0,0,0,0,0,0,0,1,6,3,35,6,1997,2,4,-1,1,-1
2015450022623,1,9,0,18,0,0,1,0,0,0,1,1,6,2,54,8,1995,2,7,-1,2,-1
2015450022623,2,9,0,2,0,0,0,0,0,0,2,1,6,1,-1,-1,1999,1,8,-1,1,-1
2015450022625,1,9,0,18,0,0,1,0,0,0,1,1,6,2,35,6,1598,1,8,-1,1,-1
2015450022629,1,9,0,5,0,0,0,0,0,0,1,1,6,2,84,11,1794,1,7,-1,1,-1
2015450022629,2,9,0,4,0,0,0,0,0,0,2,1,6,2,33,6,1995,2,4,-1,1,-1
2015450022634,1,9,0,18,0,0,0,0,0,0,1,1,1,2,24,5,-1,-1,-1,-1,1,-1
2015450022634,2,9,0,18,0,0,0,0,0,0,2,1,1,1,53,8,-1,-1,-1,-1,1,-1
2015450022636,1,9,0,18,0,0,0,0,0,0,4,1,6,2,37,7,998,1,3,-1,1,-1
2015450022636,2,9,0,18,0,0,0,0,0,0,3,1,6,3,-1,-1,-1,-1,-1,-1,-1,-1
2015450022638,1,5,0,4,0,0,0,0,0,0,1,1,6,1,61,9,-1,-1,-1,-1,1,-1
2015450022638,2,9,0,3,0,0,0,0,0,0,2,1,6,2,34,6,1794,1,11,-1,1,-1
2015450022638,3,9,0,18,0,0,0,0,0,0,1,1,6,1,64,9,1388,1,10,-1,1,-1
2015450022639,1,9,0,9,0,6,0,0,0,0,1,1,2,2,22,5,1598,2,5,-1,1,-1
2015450022639,2,9,0,8,0,5,0,0,0,0,1,1,2,1,36,7,-1,-1,-1,-1,1,-1
2015450022640,1,9,0,18,0,0,0,0,0,0,0,1,6,3,-1,-1,-1,-1,-1,-1,-1,-1
2015450022643,1,1,0,18,0,0,5,0,0,0,3,1,6,1,23,5,-1,-1,-1,-1,1,-1
2015450022647,1,9,0,4,0,0,0,8,0,0,4,1,1,1,43,7,1968,2,5,-1,1,-1
2015450022647,2,9,0,2,0,0,0,0,0,0,3,1,6,2,-1,-1,-1,-1,-1,-1,-1,-1
2015450022651,1,9,0,3,0,0,0,0,0,0,0,1,6,3,43,7,1248,2,5,-1,1,-1
2015450022651,2,9,0,4,0,0,0,0,0,0,1,1,6,2,37,7,1995,2,2,-1,1,-1
2015450022652,1,9,0,18,0,8,0,0,0,0,1,1,6,2,19,4,998,1,15,-1,1,-1
2015450022652,2,9,0,9,0,6,0,0,0,0,1,1,6,1,62,9,-1,-1,-1,-1,3,-1
2015450022653,1,9,0,18,0,0,1,0,1,2,1,1,6,1,33,6,-1,-1,-1,-1,1,-1
2015450022655,1,19,0,18,0,0,0,0,0,0,1,1,2,1,55,8,2198,2,2,-1,1,-1
2015450022655,2,9,0,18,0,0,0,0,0,0,2,1,6,1,48,8,2143,2,4,-1,3,-1
2015450022655,3,9,0,18,0,0,0,0,0,0,0,1,6,3,-1,-1,-1,-1,-1,-1,-1,-1
2015450022656,1,9,0,12,0,0,0,0,0,0,0,1,6,3,-1,-1,-1,-1,-1,-1,-1,-1
2015450022656,2,9,0,13,0,0,0,0,0,0,3,1,6,2,36,7,1364,1,10,-1,1,-1
2015450022656,3,9,0,13,0,0,0,0,8,6,4,1,6,2,39,7,1398,1,3,-1,1,-1
2015450022657,1,9,0,18,0,0,0,0,0,0,0,1,1,1,33,6,1598,1,10,-1,1,-1
2015450022657,2,90,0,2,0,0,0,0,0,0,0,1,6,3,-1,-1,2998,2,3,-1,-1,-1
2015450022658,1,9,0,3,0,0,0,0,0,0,2,1,6,2,36,7,1560,2,6,-1,1,-1
2015450022658,2,9,0,18,0,0,0,0,0,0,1,1,6,2,-1,-1,-1,-1,-1,-1,1,-1
2015450022659,1,9,0,18,0,0,1,0,1,0,1,1,6,1,63,9,1339,1,13,-1,1,-1
2015450022659,2,9,0,18,0,0,0,0,0,0,1,1,6,1,48,8,3597,1,8,-1,1,-1
2015450022663,1,9,0,18,0,0,1,0,1,0,1,1,6,1,56,9,2401,2,9,-1,1,-1
2015450022664,1,2,0,14,0,1,0,0,0,0,1,1,2,1,16,4,49,1,-1,-1,1,-1
2015450022664,2,9,0,9,0,1,0,0,0,0,3,1,2,1,50,8,1984,1,14,-1,1,-1
2015450022665,1,9,0,18,0,4,0,0,0,0,1,1,6,1,56,9,2143,2,1,-1,1,-1
2015450022665,2,1,0,7,0,3,5,0,0,0,2,1,6,1,54,8,-1,-1,-1,-1,1,-1
2015450022666,1,5,0,13,0,0,5,10,0,0,1,1,6,1,70,10,-1,-1,-1,-1,1,-1
2015450022669,1,9,0,7,0,1,0,0,0,0,3,1,1,3,52,8,1598,1,2,-1,1,-1
2015450022669,2,9,0,18,0,1,0,0,0,0,3,1,1,2,27,6,-1,-1,-1,-1,1,-1
2015450022675,1,3,0,18,0,0,5,11,4,0,1,1,6,1,52,8,124,1,5,-1,1,-1
2015450022676,1,9,0,18,0,8,0,10,7,1,1,1,6,1,89,11,1596,1,5,-1,1,-1
2015450022679,1,1,0,17,0,0,2,0,0,0,0,1,6,1,-1,-1,-1,-1,-1,-1,1,-1
2015450022683,1,1,0,18,0,0,1,0,0,0,1,1,6,2,48,8,-1,-1,-1,-1,1,-1
2015450022683,2,9,0,2,0,0,0,0,0,0,0,1,6,3,-1,-1,1149,1,7,-1,-1,-1
2015450022686,1,9,0,4,0,1,0,0,0,0,1,1,6,1,27,6,1995,1,11,-1,1,-1
2015450022686,2,9,0,3,0,1,0,0,0,0,2,1,2,1,31,6,4163,1,7,-1,1,-1
2015450022695,1,19,0,18,0,0,0,0,0,0,3,1,1,1,51,8,2143,2,2,-1,3,-1
2015450022696,1,9,0,6,0,0,0,0,0,0,4,1,6,1,66,10,-1,-1,-1,-1,1,-1
2015450022696,2,1,0,18,0,0,0,0,0,0,1,1,6,2,39,7,-1,-1,-1,-1,1,-1
2015450022699,1,9,0,18,0,4,0,7,3,0,1,1,2,1,46,8,1398,1,12,-1,1,-1
2015450022699,2,9,0,3,0,4,0,0,0,0,0,1,2,2,42,7,1598,1,8,-1,1,-1
2015450022700,1,9,0,4,0,0,0,0,0,0,2,1,6,1,46,8,1798,8,1,-1,1,-1
2015450022700,2,9,0,3,0,0,0,0,0,0,2,1,2,2,22,5,998,1,11,-1,2,-1
2015450022700,3,9,0,3,0,0,0,0,0,0,1,1,6,1,76,11,2488,1,9,-1,1,-1
2015450022701,1,9,0,18,0,1,0,0,0,0,1,1,1,1,35,6,2261,1,7,-1,1,-1
2015450022701,2,9,0,9,0,1,0,0,0,0,1,1,1,1,59,9,1968,2,6,-1,1,-1
2015450022703,1,3,0,18,0,0,5,0,0,0,0,1,6,2,36,7,114,1,-1,-1,1,-1
2015450022703,2,9,0,18,0,0,0,0,0,0,0,1,6,3,-1,-1,-1,-1,-1,-1,-1,-1
2015450022704,1,9,0,7,0,6,0,0,0,0,1,1,6,2,66,10,2597,1,14,-1,3,-1
2015450022707,1,9,0,18,0,1,0,0,0,0,1,1,6,1,-1,-1,-1,-1,-1,-1,-1,-1
2015450022708,1,9,0,18,0,0,0,0,0,0,4,1,6,2,67,10,996,1,4,-1,1,-1
2015450022708,2,9,0,2,0,0,0,0,0,0,3,1,6,1,41,7,1598,2,1,-1,1,-1
2015450022721,1,9,0,3,0,0,0,0,0,0,2,1,6,3,-1,-1,2698,2,9,-1,-1,-1
2015450022721,2,19,0,3,0,0,0,0,0,0,2,1,1,1,22,5,1686,2,10,-1,1,-1
2015450022721,3,9,0,11,0,0,0,0,0,0,1,1,2,1,43,7,1995,2,4,-1,1,-1
2015450022722,1,9,0,18,0,0,0,0,0,0,2,1,6,1,30,6,-1,-1,-1,-1,3,-1
2015450022722,2,9,0,18,0,0,0,0,0,0,1,1,6,2,25,5,1197,1,1,-1,1,-1
2015450022723,1,9,0,9,0,5,0,0,0,0,1,1,1,2,27,6,1339,1,13,-1,1,-1
2015450022723,2,9,0,18,0,1,0,0,0,0,4,1,6,1,35,6,2000,1,11,-1,1,-1
2015450022724,1,9,0,9,0,8,0,0,0,0,3,1,6,1,23,5,899,1,15,-1,1,-1
2015450022724,2,9,0,18,0,8,0,0,0,0,1,1,6,2,29,6,2993,2,11,-1,1,-1
2015450022725,1,1,0,18,0,8,0,0,0,0,1,1,6,1,61,9,-1,-1,-1,-1,3,-1
2015450022725,2,9,0,9,0,4,0,0,0,0,3,1,6,2,51,8,1973,1,14,-1,2,-1
2015450022730,1,19,0,18,0,2,0,0,0,0,1,1,1,1,45,7,2148,2,7,-1,1,-1
2015450022730,2,9,0,9,0,8,0,0,0,0,3,1,6,2,70,10,1968,2,4,-1,1,-1
2015450022733,1,9,0,18,0,0,0,0,0,0,1,1,3,3,48,8,1560,2,1,-1,3,-1
2015450022733,2,9,0,18,0,0,0,0,0,0,1,1,6,2,36,7,-1,-1,-1,-1,3,-1
2015450022734,1,8,0,5,0,0,0,0,0,0,0,1,1,1,-1,-1,-1,-1,-1,-1,-1,-1
2015450022737,1,9,0,17,0,0,2,0,1,2,1,1,6,1,29,6,1332,1,9,-1,1,-1
2015450022738,1,9,0,4,0,0,0,0,0,0,1,1,6,2,47,8,-1,-1,-1,-1,2,-1
2015450022738,2,9,0,3,0,0,0,0,0,0,2,1,6,2,24,5,1197,1,1,-1,1,-1
2015450022738,3,9,0,3,0,0,0,0,0,0,2,1,6,1,20,4,1328,1,8,-1,2,-1
2015450022743,1,9,0,3,0,5,0,0,0,0,2,1,6,2,55,8,-1,-1,-1,-1,1,-1
2015450022743,2,9,0,18,0,1,0,0,0,0,1,1,2,1,20,4,1299,1,21,-1,3,-1
2015450022744,1,9,0,3,0,0,0,0,0,0,2,1,2,1,51,8,2902,2,7,-1,1,-1
2015450022744,2,9,0,4,0,0,0,0,0,0,1,1,1,1,40,7,1598,2,3,-1,2,-1
2015450022747,1,9,0,17,0,0,2,10,0,0,4,1,1,2,39,7,1598,1,7,-1,1,-1
2015450022750,1,9,0,7,0,1,0,0,0,0,1,1,6,1,63,9,1796,1,13,-1,1,-1
2015450022750,2,9,0,18,0,1,0,0,0,0,1,1,6,1,75,10,1397,1,7,-1,1,-1
2015450022754,1,9,0,7,0,4,0,0,0,0,4,1,1,1,41,7,1388,1,15,-1,3,-1
2015450022754,2,9,0,9,0,3,0,0,0,0,4,1,6,2,21,5,1242,1,8,-1,1,-1
2015450022755,1,9,0,18,0,4,0,0,2,0,1,1,6,1,31,6,-1,-1,-1,-1,1,-1
2015450022757,1,9,0,18,0,0,0,0,0,0,4,1,6,2,54,8,1997,2,2,-1,1,-1
2015450022758,1,9,0,9,0,5,0,0,0,0,0,1,6,1,27,6,1769,1,11,-1,1,-1
2015450022758,2,3,0,14,0,8,5,0,0,0,1,1,6,1,26,6,124,1,3,-1,1,-1
2015450022761,1,9,0,18,0,8,0,0,0,0,0,1,6,1,27,6,1596,1,10,-1,1,-1
2015450022761,2,9,0,17,0,8,0,0,0,0,3,1,6,1,18,4,1339,1,7,-1,1,-1
2015450022761,3,9,0,18,0,8,0,0,0,0,4,1,1,1,46,8,1753,2,7,-1,1,-1
2015450022762,1,9,0,18,0,1,0,0,0,0,1,1,6,3,22,5,1499,1,1,-1,1,-1
2015450022762,2,9,0,18,0,1,0,0,0,0,2,1,6,1,-1,-1,998,1,5,-1,1,-1
2015450022762,3,9,0,18,0,1,0,0,0,0,0,1,6,1,39,7,2979,1,1,-1,1,-1
2015450022767,1,9,0,4,0,0,1,0,0,0,1,1,6,3,-1,-1,-1,-1,-1,-1,-1,-1
2015450022767,2,9,0,3,0,0,0,0,0,0,2,1,6,1,23,5,2000,1,15,-1,1,-1
2015450022768,1,9,0,16,0,0,0,0,7,0,1,1,2,1,18,4,-1,-1,-1,-1,1,-1
2015450022769,1,9,0,3,0,0,0,0,0,0,0,1,6,2,24,5,1596,1,13,-1,1,-1
2015450022769,2,9,0,18,0,0,1,4,0,0,2,1,6,1,43,7,-1,-1,-1,-1,1,-1
2015450022769,3,9,0,18,0,0,1,4,0,0,1,1,6,2,43,7,1396,2,4,-1,1,-1
2015450022772,1,9,0,18,0,0,1,0,1,4,1,1,6,1,37,7,998,1,8,-1,1,-1
2015450022777,1,9,0,18,0,4,0,0,0,0,1,1,1,1,51,8,-1,-1,-1,-1,1,-1
2015450022777,2,9,0,18,0,3,0,0,0,0,1,1,6,1,28,6,1796,1,1,-1,1,-1
2015450022778,1,9,0,15,0,0,0,0,0,0,4,1,6,1,-1,-1,1796,1,12,-1,3,-1
2015450022779,1,9,0,18,0,4,0,0,0,0,1,1,6,2,51,8,1388,1,9,-1,3,-1
2015450022779,2,1,0,9,0,8,0,0,0,0,1,1,6,1,42,7,-1,-1,-1,-1,1,-1
2015450022780,1,3,0,9,0,8,0,0,0,0,1,1,2,1,18,4,124,1,1,-1,1,-1
2015450022780,2,9,0,18,0,4,0,0,0,0,1,1,6,3,-1,-1,-1,-1,-1,-1,-1,-1
2015450022781,1,9,0,18,0,0,0,0,0,0,1,1,6,1,53,8,1995,1,13,-1,3,-1
2015450022781,2,9,0,4,0,0,0,0,0,0,0,1,6,1,57,9,2993,2,7,-1,1,-1
2015450022783,1,9,0,18,0,0,0,0,0,0,1,1,6,2,20,4,998,1,1,-1,1,-1
2015450022784,1,9,0,18,0,0,0,0,0,0,1,1,6,2,25,5,-1,-1,-1,-1,1,-1
2015450022784,2,21,1,18,0,0,0,0,0,0,2,1,6,1,34,6,12740,2,2,-1,2,-1
2015450022787,1,9,0,18,0,2,1,0,1,0,1,1,6,3,-1,-1,1596,1,5,-1,-1,-1
2015450022787,2,9,0,18,0,1,0,0,0,0,0,1,1,1,24,5,1560,2,2,-1,1,-1
2015450022789,1,9,0,14,0,1,0,0,0,0,4,1,6,1,62,9,1399,1,7,-1,3,-1
2015450022789,2,5,0,10,0,1,0,0,0,0,1,1,6,1,28,6,599,1,7,-1,1,-1
2015450022794,1,9,0,18,0,3,0,0,7,2,2,1,1,1,52,8,-1,-1,-1,-1,3,-1
2015450022794,2,9,0,18,0,3,0,0,0,0,1,1,6,2,61,9,2198,1,8,-1,1,-1
2015450022797,1,9,0,4,0,1,0,0,0,0,2,1,2,1,31,6,-1,-1,-1,-1,1,-1
2015450022797,2,1,0,18,0,1,0,0,0,0,1,1,6,1,56,9,-1,-1,-1,-1,1,-1
2015450022798,1,5,0,18,0,0,2,0,0,0,0,1,1,1,61,9,1298,1,9,-1,1,-1
2015450022799,1,9,0,18,0,4,0,0,0,0,3,1,6,1,42,7,1995,1,9,-1,1,-1
2015450022799,2,1,0,18,0,8,0,0,0,0,4,1,6,1,43,7,-1,-1,-1,-1,1,-1
2015450022800,1,9,0,7,0,4,0,0,0,0,3,1,6,2,77,11,1769,1,12,-1,1,-1
2015450022800,2,9,0,18,0,8,0,0,7,0,4,1,6,2,75,10,-1,-1,-1,-1,1,-1
2015450022801,1,1,0,18,0,0,0,10,1,0,0,1,6,1,19,4,-1,-1,-1,-1,2,-1
2015450022801,2,21,1,13,0,0,0,0,0,0,0,1,6,1,40,7,9200,2,4,-1,1,-1
2015450022802,1,9,0,5,0,4,0,0,1,0,1,1,3,2,20,4,1200,1,2,-1,3,-1
2015450022802,2,9,0,18,0,8,0,0,0,0,1,1,1,1,47,8,2495,2,13,-1,3,-1
2015450022805,1,9,0,18,0,0,0,0,0,0,0,1,6,2,43,7,4395,1,1,-1,1,-1
2015450022807,1,9,0,18,0,0,0,0,0,0,1,1,6,2,60,9,1995,2,11,-1,2,-1
2015450022807,2,9,0,18,0,0,0,0,0,0,1,1,1,2,25,5,2497,2,10,-1,1,-1
2015450022808,1,9,0,9,0,6,0,0,0,0,4,1,6,2,34,6,1390,1,16,-1,1,-1
2015450022808,2,5,0,18,0,1,0,0,0,0,1,1,6,1,67,10,599,1,19,-1,1,-1
2015450022809,1,9,0,18,0,0,1,0,4,0,1,1,6,1,18,4,-1,-1,-1,-1,1,-1
2015450022811,1,9,0,18,0,0,1,0,1,10,1,1,6,2,19,4,1398,2,13,-1,2,-1
2015450022812,1,9,0,7,0,6,0,0,0,0,1,1,6,1,18,4,1360,1,14,-1,1,-1
2015450022813,1,1,0,13,0,0,0,0,0,0,4,1,6,1,54,8,-1,-1,-1,-1,1,-1
2015450022813,2,9,0,18,0,0,0,0,0,0,3,1,6,1,72,10,1560,2,1,-1,1,-1
2015450022814,1,9,0,4,0,2,0,0,0,0,1,1,6,2,46,8,2143,2,3,-1,1,-1
2015450022814,2,9,0,3,0,2,0,0,0,0,2,1,6,2,42,7,1686,2,1,-1,1,-1
2015450022814,3,9,0,3,0,2,0,0,0,0,2,1,1,2,34,6,1390,1,4,-1,1,-1
2015450022815,1,9,0,17,0,0,2,0,7,0,1,1,6,2,20,4,-1,-1,-1,-1,1,-1
2015450022817,1,9,0,18,0,0,0,0,0,0,1,1,6,2,23,5,1198,1,1,-1,1,-1
2015450022821,1,20,0,18,0,0,0,0,0,0,0,1,6,3,-1,-1,-1,-1,-1,-1,-1,-1
2015450022822,1,9,0,18,0,0,0,0,0,0,3,1,6,1,27,6,1598,2,3,-1,1,-1
2015450022822,2,9,0,11,0,0,0,0,0,0,4,1,6,2,-1,-1,-1,-1,-1,-1,-1,-1
2015450022823,1,9,0,18,0,0,0,0,0,0,1,1,6,1,55,8,-1,-1,-1,-1,1,-1
2015450022823,2,9,0,18,0,0,0,0,0,0,1,1,6,2,58,9,-1,-1,-1,-1,1,-1
2015450022824,1,1,0,18,0,5,0,10,1,0,1,1,6,1,29,6,-1,-1,-1,-1,1,-1
2015450022830,1,19,0,4,0,2,0,0,0,0,1,1,1,1,44,7,2402,2,4,-1,1,-1
2015450022831,1,20,0,18,0,0,0,0,0,0,1,1,1,1,40,7,-1,-1,-1,-1,-1,-1
2015450022831,2,9,0,18,0,0,0,0,0,0,4,1,6,2,28,6,1968,2,1,-1,1,-1
2015450022835,1,9,0,17,0,1,2,0,7,0,1,1,6,2,31,6,2494,1,10,-1,1,-1
2015450022836,1,9,0,18,0,0,0,0,0,0,1,1,6,3,-1,-1,-1,-1,-1,-1,-1,-1
2015450022838,1,9,0,18,0,0,0,0,4,0,1,1,1,1,47,8,-1,-1,-1,-1,1,-1
2015450022839,1,19,0,7,0,2,0,0,0,0,0,1,6,2,44,7,-1,-1,-1,-1,1,-1
2015450022839,2,1,0,18,0,1,0,0,0,0,0,1,6,1,55,8,-1,-1,-1,-1,1,-1
2015450022840,1,19,0,16,0,6,1,0,7,6,3,1,1,1,40,7,2402,2,4,-1,1,-1
2015450022843,1,5,0,16,0,0,2,0,0,0,0,1,6,1,52,8,1157,1,9,-1,1,-1
2015450022844,1,9,0,18,0,4,0,0,0,0,1,1,6,1,61,9,1995,1,12,-1,3,-1
2015450022846,1,9,0,18,0,6,0,0,1,0,1,1,1,1,24,5,-1,-1,-1,-1,1,-1
2015450022847,1,19,0,4,0,1,0,0,0,0,1,1,1,1,42,7,1870,2,9,-1,3,-1
2015450022849,1,9,0,18,0,0,0,0,0,0,1,1,6,2,37,7,2295,1,14,-1,1,-1
2015450022849,2,9,0,4,0,0,0,0,0,0,2,1,1,1,62,9,1968,2,7,-1,1,-1
2015450022849,3,9,0,10,0,0,0,0,0,0,2,1,6,2,52,8,1360,1,9,-1,1,-1
2015450022850,1,9,0,16,0,0,0,0,0,0,3,1,6,3,41,7,1999,1,12,-1,2,-1
2015450022850,2,9,0,16,0,0,0,0,4,6,4,1,6,2,37,7,1461,2,2,-1,1,-1
2015450022851,1,9,0,18,0,0,0,4,0,0,1,1,6,2,39,7,998,1,2,-1,1,-1
2015450022851,2,9,0,2,0,0,0,0,0,0,2,1,6,1,42,7,1968,2,9,-1,1,-1
2015450022851,3,9,0,2,0,0,0,0,0,0,3,1,6,3,-1,-1,-1,-1,-1,-1,-1,-1
2015450022854,1,9,0,18,0,0,0,0,0,0,4,1,6,1,65,9,1997,1,11,-1,1,-1
2015450022859,1,9,0,4,0,0,0,0,0,0,2,1,6,2,56,9,1229,1,2,-1,1,-1
2015450022859,2,9,0,4,0,0,0,0,0,0,1,1,6,1,87,11,1781,1,21,-1,1,-1
2015450022867,1,9,0,18,0,0,0,0,0,0,1,1,6,1,34,6,2776,2,9,-1,1,-1
2015450022867,2,9,0,18,0,0,0,0,0,0,2,1,6,2,18,4,-1,-1,-1,-1,1,-1
2015450022867,3,9,0,4,0,0,0,0,0,0,0,1,2,1,36,7,1784,1,8,-1,2,-1
2015450022870,1,9,0,3,0,0,0,0,1,1,1,1,6,2,33,6,1390,1,14,-1,1,-1
2015450022870,2,9,0,18,0,0,0,0,0,0,0,1,6,2,41,7,1598,1,12,-1,3,-1
2015450022873,1,9,0,18,0,1,0,0,0,0,1,1,6,2,37,7,1598,1,6,-1,1,-1
2015450022873,2,20,0,1,0,1,0,0,0,0,2,1,1,1,22,5,2198,2,3,-1,1,-1
2015450022875,1,11,0,17,0,0,0,0,0,0,1,1,1,1,66,10,3900,2,8,-1,3,-1
2015450022875,2,5,0,16,0,0,2,0,8,0,2,1,6,1,31,6,599,1,11,-1,2,-1
2015450022875,3,9,0,18,0,0,0,0,0,0,1,1,6,2,52,8,1242,1,11,-1,1,-1
2015450022879,1,9,0,3,0,5,0,0,0,0,4,1,1,2,19,4,998,1,9,-1,3,-1
2015450022879,2,1,0,17,0,1,0,0,0,0,1,1,2,1,27,6,-1,-1,-1,-1,1,-1
2015450022880,1,19,0,4,0,1,1,0,0,0,1,1,1,1,45,7,4580,2,5,-1,1,-1
2015450022880,2,9,0,7,0,6,0,0,0,0,3,1,6,2,29,6,1998,1,12,-1,1,-1
2015450022883,1,9,0,17,0,3,0,0,0,0,1,1,6,1,35,6,2597,1,13,-1,1,-1
2015450022883,2,9,0,18,0,4,0,0,0,0,1,1,6,1,19,4,-1,-1,-1,-1,1,-1
2015450022884,1,9,0,18,0,1,0,0,0,0,1,1,6,2,18,4,1995,2,5,-1,1,-1
2015450022884,2,5,0,3,0,1,0,0,0,0,2,1,6,1,-1,-1,865,1,6,-1,1,-1
2015450022892,1,11,0,18,0,0,0,5,0,0,1,1,1,1,31,6,7300,2,14,-1,1,-1
2015450022894,1,9,0,18,0,0,0,0,0,0,2,1,6,1,69,10,1685,2,1,-1,2,-1
2015450022901,1,5,0,4,0,1,1,0,0,0,1,1,2,1,45,7,656,1,10,-1,1,-1
2015450022901,2,9,0,5,0,6,0,0,0,0,1,1,2,1,25,5,1598,1,18,-1,1,-1
2015450022902,1,9,0,5,0,3,0,0,0,0,1,1,6,2,62,9,1149,1,9,-1,1,-1
2015450022902,2,9,0,3,0,1,0,0,0,0,3,1,6,1,83,11,1600,1,11,-1,1,-1
2015450022902,3,1,0,18,0,3,0,0,0,0,2,1,4,1,17,4,-1,-1,-1,-1,1,-1
2015450022904,1,9,0,18,0,0,0,0,0,0,1,1,1,2,36,7,1796,1,7,-1,1,-1
2015450022907,1,9,0,3,0,4,0,0,0,0,2,1,6,1,77,11,2597,1,13,-1,1,-1
2015450022907,2,9,0,18,0,4,0,0,0,0,1,1,6,1,-1,-1,-1,-1,-1,-1,-1,-1
2015450022908,1,9,0,18,0,0,0,0,0,0,2,1,2,2,33,6,1968,2,4,-1,1,-1
2015450022908,2,9,0,4,0,0,0,0,0,0,1,1,6,1,39,7,-1,-1,-1,-1,-1,-1
2015450022909,1,9,0,4,0,0,0,0,0,0,1,1,6,2,17,4,-1,-1,-1,-1,3,-1
2015450022909,2,19,0,3,0,0,0,0,0,0,2,1,6,1,24,5,2198,2,8,-1,3,-1
2015450022909,3,90,0,18,0,0,0,0,0,0,0,1,1,1,40,7,2987,2,2,-1,1,-1
2015450022910,1,9,0,16,0,4,0,0,3,0,1,1,6,1,49,8,1984,1,14,-1,2,-1
2015450022911,1,9,0,18,0,0,2,0,0,0,1,1,6,1,33,6,1598,1,1,-1,2,-1
2015450022912,1,9,0,12,0,0,1,0,5,6,1,1,6,1,20,4,1388,1,9,-1,1,-1
2015450022912,2,9,0,18,0,0,0,7,0,0,0,1,6,1,19,4,-1,-1,-1,-1,1,-1
2015450022912,3,9,0,18,0,0,0,0,0,0,0,1,6,2,50,8,1248,1,6,-1,1,-1