Accident_Index,Vehicle_Reference,Vehicle_Type,Towing_and_Articulation,Vehicle_Manoeuvre,Vehicle_Location-Restricted_Lane,Junction_Location,Skidding_and_Overturning,Hit_Object_in_Carriageway,Vehicle_Leaving_Carriageway,Hit_Object_off_Carriageway,1st_Point_of_Impact,Was_Vehicle_Left_Hand_Drive?,Journey_Purpose_of_Driver,Sex_of_Driver,Age_of_Driver,Age_Band_of_Driver,Engine_Capacity_(CC),Propulsion_Code,Age_of_Vehicle,Driver_IMD_Decile,Driver_Home_Area_Type,Vehicle_IMD_Decile
2015450023270,1,11,0,4,0,0,0,0,0,0,0,1,6,1,58,9,6871,2,7,-1,1,-1
2015450023275,1,1,0,10,0,4,5,0,0,0,4,1,6,1,33,6,-1,-1,-1,-1,1,-1
2015450023275,2,9,0,9,0,4,0,0,0,0,3,1,6,2,54,8,2143,2,4,-1,3,-1
2015450023277,1,9,0,4,0,0,0,0,0,0,1,1,6,2,52,8,1951,2,10,-1,1,-1
2015450023277,2,9,0,18,0,0,0,0,0,0,2,1,2,1,64,9,1984,1,2,-1,1,-1
2015450023277,3,9,0,6,0,0,0,0,0,0,2,1,6,2,46,8,998,1,-1,-1,1,-1
2015450023279,1,9,0,18,0,1,0,0,0,0,4,1,2,1,22,5,1199,1,11,-1,1,-1
2015450023279,2,9,0,18,0,2,1,0,0,0,1,1,2,1,35,6,1560,2,1,-1,1,-1
2015450023280,1,19,0,18,0,0,1,0,0,0,1,1,1,1,28,6,1986,2,5,-1,1,-1
2015450023280,2,9,0,4,0,0,0,0,0,0,2,1,2,1,34,6,1995,2,8,-1,1,-1
2015450023281,1,3,0,9,0,2,1,0,0,0,3,1,6,2,42,7,124,1,2,-1,1,-1
2015450023285,1,3,0,17,0,0,5,0,0,0,1,1,6,1,21,5,125,1,11,-1,1,-1
2015450023285,2,9,0,16,0,0,0,0,0,0,1,1,6,3,-1,-1,-1,-1,-1,-1,-1,-1
2015450023286,1,9,0,16,0,0,0,0,0,0,1,1,1,2,46,8,1997,2,-1,-1,1,-1
2015450023286,2,9,0,17,0,0,0,0,0,0,1,1,6,3,-1,-1,-1,-1,-1,-1,-1,-1
2015450023290,1,20,0,18,0,0,0,0,0,0,4,1,6,3,-1,-1,-1,-1,-1,-1,-1,-1
2015450023290,2,9,0,18,0,0,0,0,0,0,3,1,6,2,-1,-1,1388,1,11,-1,1,-1
2015450023291,1,9,0,18,0,0,1,0,0,0,3,1,6,1,47,8,1341,1,10,-1,3,-1
2015450023291,2,9,0,18,0,0,1,10,1,0,3,1,6,1,18,4,1995,2,7,-1,1,-1
2015450023292,1,21,1,18,0,0,0,0,0,0,1,1,1,1,31,6,-1,-1,-1,-1,-1,-1
2015450023292,2,9,0,18,0,0,1,7,0,0,0,1,6,1,53,8,1199,1,14,-1,1,-1
2015450023293,1,9,0,9,0,6,0,0,0,0,3,1,2,1,35,6,1995,2,4,-1,1,-1
2015450023293,2,1,0,18,0,8,1,0,0,0,1,1,2,1,47,8,-1,-1,-1,-1,2,-1
2015450023294,1,1,0,18,0,0,0,0,0,0,1,1,6,1,52,8,-1,-1,-1,-1,1,-1
2015450023296,1,21,1,18,0,0,0,0,0,0,3,1,1,1,53,8,-1,-1,-1,-1,-1,-1
2015450023296,2,9,0,18,0,0,0,0,0,0,4,1,6,1,63,9,2499,1,6,-1,1,-1
2015450023296,3,19,0,13,0,0,0,0,0,0,4,1,1,1,22,5,2402,2,7,-1,1,-1
2015450023297,1,9,0,18,0,6,1,0,0,0,3,1,2,1,53,8,-1,-1,-1,-1,1,-1
2015450023297,2,9,0,18,0,8,0,0,0,0,1,1,2,1,32,6,1781,1,14,-1,1,-1
2015450023298,1,21,1,18,0,0,0,0,0,0,1,1,1,1,42,7,-1,-1,-1,-1,-1,-1
2015450023298,2,9,0,18,0,0,0,0,0,0,4,1,2,1,52,8,2000,2,8,-1,3,-1
2015450023300,1,11,0,18,0,1,0,0,0,0,1,1,1,3,-1,-1,4250,2,5,-1,-1,-1
2015450023300,2,19,0,18,0,1,0,0,0,0,2,1,1,3,-1,-1,2148,2,7,-1,-1,-1
2015450023302,1,9,0,7,0,5,0,0,0,0,4,1,6,1,19,4,1596,1,8,-1,1,-1
2015450023302,2,1,0,15,9,1,0,0,0,0,4,1,6,2,27,6,-1,-1,-1,-1,1,-1
2015450023311,1,1,0,18,0,0,0,0,0,0,1,1,6,2,44,7,-1,-1,-1,-1,1,-1
2015450023311,2,9,0,1,0,0,0,0,0,0,2,1,1,3,-1,-1,-1,-1,-1,-1,-1,-1
2015450023313,1,9,0,9,0,6,0,0,0,0,3,1,6,3,-1,-1,1299,1,10,-1,-1,-1
2015450023313,2,9,0,18,0,1,0,0,0,0,0,1,6,1,51,8,2199,1,55,-1,1,-1
2015450023314,1,9,0,3,0,1,0,0,0,0,2,1,6,1,33,6,1461,2,4,-1,2,-1
2015450023314,2,1,0,18,0,1,0,0,0,0,1,1,6,1,40,7,-1,-1,-1,-1,3,-1
2015450023317,1,9,0,9,0,6,0,0,0,0,3,1,6,2,71,10,1997,2,2,-1,2,-1
2015450023317,2,4,0,18,0,1,0,0,0,0,1,1,6,2,63,9,248,1,27,-1,3,-1
2015450023319,1,5,0,16,0,1,1,0,0,0,1,1,6,1,29,6,748,1,15,-1,1,-1
2015450023319,2,9,0,17,0,1,0,0,0,0,1,1,6,1,39,7,2184,2,10,-1,1,-1
2015450023320,1,9,0,18,0,0,0,0,2,0,0,1,6,2,27,6,1598,1,9,-1,1,-1
2015450023321,1,9,0,18,0,0,1,0,0,0,3,1,6,1,44,7,-1,-1,-1,-1,1,-1
2015450023321,2,9,0,18,0,0,0,0,0,0,4,1,6,2,48,8,-1,-1,-1,-1,1,-1
2015450023324,1,9,0,18,0,0,0,0,0,0,4,1,6,1,54,8,1591,1,3,-1,1,-1
2015450023324,2,9,0,18,0,0,0,0,0,0,3,1,6,3,-1,-1,-1,-1,-1,-1,-1,-1
2015450023325,1,1,0,18,0,0,5,0,0,0,0,1,2,1,35,6,-1,-1,-1,-1,1,-1
2015450023327,1,9,0,18,0,0,0,0,0,0,4,1,1,1,51,8,1968,2,5,-1,1,-1
2015450023327,2,9,0,18,0,0,0,0,0,0,3,1,6,1,-1,-1,1995,2,1,-1,-1,-1
2015450023329,1,9,0,4,0,7,0,0,0,0,1,1,6,1,18,4,1198,1,5,-1,3,-1
2015450023329,2,9,0,3,0,1,0,0,0,0,2,1,6,2,46,8,1229,1,6,-1,1,-1
2015450023331,1,21,1,18,0,0,0,0,0,0,1,1,1,1,-1,-1,-1,-1,-1,-1,-1,-1
2015450023331,2,9,0,18,0,0,0,0,1,0,1,1,6,1,36,7,1995,2,1,-1,1,-1
2015450023332,1,9,0,16,0,1,1,0,1,4,1,1,6,2,19,4,-1,-1,-1,-1,3,-1
2015450023333,1,9,0,17,0,1,0,0,1,0,1,1,6,1,24,5,1149,1,16,-1,1,-1
2015450023334,1,9,0,18,0,0,0,0,0,0,1,1,6,2,89,11,1339,1,10,-1,3,-1
2015450023334,2,9,0,1,0,0,0,0,0,0,2,1,6,2,68,10,1595,1,14,-1,2,-1
2015450023335,1,9,0,17,0,0,5,0,7,0,1,1,2,1,49,8,-1,-1,-1,-1,1,-1
2015450023336,1,9,0,18,0,8,0,0,0,0,1,1,6,1,20,4,1896,2,7,-1,1,-1
2015450023336,2,9,0,3,0,3,0,0,0,0,2,1,6,1,52,8,1598,1,8,-1,1,-1
2015450023343,1,21,1,12,0,0,0,0,0,0,3,1,1,1,46,8,-1,-1,-1,-1,-1,-1
2015450023343,2,9,0,18,0,0,0,0,0,0,4,1,6,2,51,8,1240,1,8,-1,1,-1
2015450023345,1,9,0,18,0,4,0,0,0,0,1,1,6,2,85,11,-1,-1,-1,-1,1,-1
2015450023345,2,1,0,9,0,8,5,0,0,0,2,1,6,1,50,8,-1,-1,-1,-1,1,-1
2015450023346,1,9,0,5,0,4,0,0,0,0,0,1,6,1,19,4,1149,1,11,-1,1,-1
2015450023346,2,5,0,18,0,4,0,0,0,0,3,1,6,1,39,7,942,1,10,-1,1,-1
2015450023348,1,19,0,7,0,1,0,0,0,0,3,1,1,1,53,8,5880,2,9,-1,1,-1
2015450023348,2,9,0,7,0,1,0,0,1,0,4,1,6,2,60,9,-1,-1,-1,-1,1,-1
2015450023351,1,9,0,17,0,0,0,0,0,4,1,1,6,1,-1,-1,1984,1,1,-1,1,-1
2015450023353,1,21,1,12,0,0,0,0,0,0,3,1,1,1,37,7,-1,-1,-1,-1,-1,-1
2015450023353,2,9,0,18,0,0,0,0,0,0,1,1,6,2,34,6,-1,-1,-1,-1,1,-1
2015450023354,1,9,0,18,0,0,0,4,7,0,1,1,1,1,68,10,1598,1,3,-1,1,-1
2015450023354,2,9,0,2,0,0,0,0,0,0,2,1,6,3,-1,-1,2495,2,13,-1,1,-1
2015450023354,3,19,0,2,0,0,0,0,0,0,2,1,6,1,-1,-1,2464,2,7,-1,1,-1
2015450023355,1,11,0,18,0,0,0,0,0,0,0,1,1,1,36,7,3900,2,10,-1,1,-1
2015450023358,1,1,0,18,0,8,0,0,0,0,3,1,6,1,46,8,-1,-1,-1,-1,1,-1
2015450023358,2,9,0,5,0,4,0,0,0,0,1,1,6,1,32,6,1596,1,10,-1,1,-1
2015450023359,1,1,0,18,0,0,0,0,0,0,3,1,6,1,16,4,-1,-1,-1,-1,1,-1
2015450023359,2,9,0,18,0,0,0,0,0,0,4,1,6,3,-1,-1,-1,-1,-1,-1,-1,-1
2015450023367,1,22,0,18,9,0,0,0,0,0,0,1,6,1,94,11,-1,-1,-1,-1,3,-1
2015450023368,1,9,0,18,0,0,0,0,0,0,4,1,6,2,47,8,2261,1,7,-1,1,-1
2015450023372,1,3,0,18,0,0,0,0,0,0,3,1,2,1,48,8,99,1,33,-1,1,-1
2015450023372,2,9,0,18,0,0,0,0,0,0,4,1,2,2,65,9,1598,1,3,-1,1,-1
2015450023377,1,9,0,12,0,3,0,0,0,0,3,1,2,1,35,6,1797,8,4,-1,1,-1
2015450023377,2,5,0,18,0,3,0,0,0,0,4,1,1,1,61,9,782,1,12,-1,1,-1
2015450023380,1,19,0,18,0,0,0,0,0,0,4,1,1,1,29,6,2488,2,1,-1,1,-1
2015450023380,2,1,0,18,0,0,0,0,0,0,2,1,6,1,54,8,-1,-1,-1,-1,1,-1
2015450023382,1,9,0,18,0,1,2,0,1,2,1,1,2,1,18,4,-1,-1,-1,-1,1,-1
2015450023382,2,9,0,18,0,1,0,0,0,0,4,1,6,1,92,11,2792,1,19,-1,1,-1
2015450023383,1,9,0,9,0,8,0,0,0,0,1,1,6,1,28,6,1762,1,17,-1,2,-1
2015450023383,2,5,0,18,0,1,2,0,0,0,1,1,6,1,27,6,839,1,7,-1,3,-1
2015450023384,1,9,0,9,0,4,0,0,0,0,1,1,2,2,49,8,1968,2,6,-1,1,-1
2015450023384,2,1,0,18,0,3,0,0,0,0,1,1,2,1,57,9,-1,-1,-1,-1,1,-1
2015450023386,1,9,0,18,0,1,0,0,0,0,1,1,6,2,67,10,1905,2,18,-1,1,-1
2015450023387,1,9,0,4,0,1,0,0,0,0,2,1,6,1,68,10,1997,2,2,-1,1,-1
2015450023387,2,9,0,18,0,1,0,0,0,0,1,1,6,1,82,11,1198,1,4,-1,1,-1
2015450023390,1,9,0,18,0,8,0,0,0,0,1,1,2,2,22,5,1596,1,10,-1,1,-1
2015450023392,1,9,0,18,0,0,0,0,0,0,4,1,6,1,18,4,1199,1,13,-1,-1,-1
2015450023396,1,9,0,18,0,0,0,0,0,0,0,1,6,3,-1,-1,-1,-1,-1,-1,-1,-1
2015450023397,1,9,0,18,0,1,0,0,0,0,1,1,2,1,41,7,1596,1,4,-1,2,-1
2015450023397,2,9,0,3,0,1,0,0,0,0,2,1,1,2,47,8,1998,2,9,-1,1,-1
2015450023397,3,9,0,3,0,1,0,0,0,0,2,1,1,1,39,7,1968,2,3,-1,1,-1
2015450023399,1,19,0,5,0,2,0,0,0,0,3,1,6,1,25,5,2198,2,7,-1,1,-1
2015450023400,1,4,0,18,0,0,0,0,0,0,1,1,2,1,62,9,748,1,21,-1,1,-1
2015450023400,2,9,0,18,0,0,0,0,0,0,2,1,2,1,22,5,-1,-1,-1,-1,1,-1
2015450023400,3,9,0,18,0,0,0,0,0,0,1,1,6,1,43,7,1498,1,13,-1,1,-1
2015450023400,4,9,0,18,0,0,0,0,0,0,2,1,1,1,50,8,1560,2,1,-1,1,-1
2015450023400,5,19,0,18,0,0,1,0,0,0,2,1,1,1,21,5,2198,2,4,-1,1,-1
2015450023400,6,9,0,4,0,0,1,0,0,0,1,1,2,1,30,6,-1,-1,-1,-1,1,-1
2015450023402,1,19,0,7,0,1,0,0,0,0,4,1,1,1,34,6,1998,2,11,-1,1,-1
2015450023402,2,1,0,18,0,8,0,0,0,0,1,1,6,1,47,8,-1,-1,-1,-1,1,-1
2015450023404,1,9,0,3,0,1,0,0,0,0,2,1,1,2,39,7,1339,1,10,-1,1,-1
2015450023404,2,9,0,18,0,1,0,0,0,0,1,1,2,2,19,4,1149,1,16,-1,1,-1
2015450023405,1,3,0,13,0,1,1,0,0,0,1,1,2,1,33,6,124,1,4,-1,1,-1
2015450023405,2,8,0,9,0,1,0,0,0,0,3,1,1,1,46,8,2402,2,10,-1,1,-1
2015450023407,1,9,0,9,0,5,0,0,0,0,1,1,6,2,38,7,1397,1,6,-1,1,-1
2015450023407,2,3,0,18,0,8,0,0,0,0,1,1,6,1,26,6,124,1,14,-1,1,-1
2015450023408,1,9,0,9,0,6,0,0,0,0,1,1,6,1,17,4,1198,1,5,-1,1,-1
2015450023408,2,19,0,16,0,1,0,0,0,0,1,1,1,1,58,9,1560,2,1,-1,2,-1
2015450023410,1,9,0,12,0,0,0,0,0,0,2,1,2,2,24,5,998,1,1,-1,1,-1
2015450023410,2,21,1,3,0,0,0,0,0,0,1,1,1,1,-1,-1,12902,2,1,-1,-1,-1
2015450023410,3,21,1,3,0,0,0,0,0,0,2,1,6,3,-1,-1,-1,-1,-1,-1,-1,-1
2015450023411,1,1,0,16,0,0,0,0,0,0,1,1,6,1,49,8,-1,-1,-1,-1,1,-1
2015450023411,2,9,0,16,0,0,0,0,0,0,2,1,6,1,52,8,3246,1,11,-1,1,-1
2015450023412,1,9,0,9,0,5,0,0,0,0,4,1,2,2,33,6,1248,1,2,-1,1,-1
2015450023412,2,1,0,18,0,8,0,0,0,0,3,1,6,1,42,7,-1,-1,-1,-1,1,-1
2015450023413,1,9,3,16,0,0,4,0,0,0,1,1,6,1,72,10,-1,-1,-1,-1,1,-1
2015450023414,1,9,0,18,0,0,0,0,0,0,1,1,6,1,41,7,2179,2,3,-1,3,-1
2015450023414,2,9,0,18,0,0,0,0,0,0,2,1,6,1,26,6,-1,-1,-1,-1,1,-1
2015450023414,3,9,0,18,0,0,0,0,0,0,1,1,6,1,27,6,1242,1,4,-1,1,-1
2015450023418,1,1,0,18,0,0,0,0,0,0,0,1,6,2,44,7,-1,-1,-1,-1,1,-1
2015450023419,1,9,0,4,0,0,0,0,0,0,1,1,6,2,52,8,1596,1,9,-1,1,-1
2015450023419,2,9,0,3,0,0,0,0,0,0,2,1,6,2,36,7,1598,1,6,-1,1,-1
2015450023421,1,9,0,18,0,8,0,0,0,0,3,1,6,1,27,6,1796,1,11,-1,3,-1
2015450023421,2,9,0,5,0,5,0,0,0,0,1,1,6,1,89,11,1299,1,11,-1,1,-1
2015450023423,1,9,0,9,0,5,1,0,0,0,3,1,6,2,36,7,1397,1,5,-1,1,-1
2015450023423,2,5,0,13,0,1,5,0,0,0,1,1,6,1,66,10,1170,1,2,-1,1,-1
2015450023425,1,9,0,9,0,6,0,0,0,0,3,1,4,2,17,4,1198,1,11,-1,1,-1
2015450023425,2,1,0,18,0,1,0,0,0,0,1,1,6,1,25,5,-1,-1,-1,-1,1,-1
2015450023428,1,19,0,3,0,1,0,0,0,0,2,1,6,1,39,7,2198,2,1,-1,2,-1
2015450023428,2,9,0,18,0,1,0,0,0,0,1,1,6,2,65,9,1149,1,9,-1,3,-1
2015450023432,1,9,0,18,0,0,0,0,0,0,2,1,1,1,28,6,998,1,2,-1,1,-1
2015450023432,2,21,4,11,0,0,0,0,0,0,1,1,6,1,56,9,12777,2,8,-1,1,-1
2015450023433,1,9,0,3,0,0,0,0,0,0,2,1,1,1,56,9,3000,2,16,-1,1,-1
2015450023433,2,9,0,3,0,0,0,0,0,0,2,1,2,1,28,6,1399,2,4,-1,1,-1
2015450023433,3,9,0,18,0,0,0,0,0,0,1,1,2,2,73,10,1197,1,-1,-1,1,-1
2015450023434,1,9,0,14,0,0,0,8,0,0,4,1,6,2,48,8,998,1,3,-1,1,-1
2015450023434,2,9,0,2,0,0,0,0,0,0,3,1,6,2,-1,-1,1596,1,8,-1,1,-1
2015450023436,1,1,0,18,0,1,0,0,0,0,3,1,6,1,54,8,-1,-1,-1,-1,1,-1
2015450023436,2,9,0,13,0,1,0,0,0,0,4,1,6,2,52,8,1598,1,-1,-1,1,-1
2015450023438,1,9,0,18,0,0,0,0,0,0,1,1,6,2,54,8,1799,1,8,-1,2,-1
2015450023438,2,9,0,4,0,0,0,0,0,0,2,1,6,2,40,7,1461,2,1,-1,1,-1
2015450023438,3,9,0,4,0,0,0,0,0,0,2,1,6,3,38,7,1587,1,12,-1,1,-1
2015450023439,1,10,0,9,0,4,0,0,0,0,3,1,1,1,38,7,2402,2,10,-1,1,-1
2015450023439,2,9,0,18,0,8,0,0,0,0,1,1,6,2,31,6,1240,1,11,-1,1,-1
2015450023441,1,9,0,18,0,0,0,0,0,0,3,1,1,2,23,5,1968,2,1,-1,1,-1
2015450023441,2,9,0,11,0,0,0,0,0,0,4,1,6,3,-1,-1,-1,-1,-1,-1,-1,-1
2015450023442,1,1,0,14,4,0,5,4,0,0,0,1,6,1,76,11,-1,-1,-1,-1,1,-1
2015450023442,2,9,0,1,9,0,0,0,0,0,0,1,6,2,52,8,1560,2,4,-1,1,-1
2015450023446,1,3,0,18,0,0,5,0,0,0,1,1,1,1,24,5,125,1,-1,-1,1,-1
2015450023451,1,1,0,18,0,1,0,0,0,0,0,1,6,1,86,11,-1,-1,-1,-1,1,-1
2015450023452,1,21,1,18,0,6,0,0,0,0,1,1,1,1,53,8,-1,-1,-1,-1,1,-1
2015450023452,2,9,0,17,0,1,0,0,0,0,1,1,2,2,53,8,1368,1,7,-1,1,-1
2015450023453,1,9,0,18,0,0,0,4,0,0,1,1,6,1,45,7,1956,2,6,-1,1,-1
2015450023453,2,9,0,2,0,0,0,0,0,0,2,1,6,2,-1,-1,1149,1,11,-1,2,-1
2015450023453,3,9,0,2,0,0,0,0,0,0,2,1,6,2,-1,-1,1995,1,5,-1,2,-1
2015450023454,1,9,0,18,0,0,0,0,0,0,1,1,6,1,51,8,-1,-1,-1,-1,1,-1
2015450023454,2,21,1,18,0,0,0,0,0,0,2,1,1,1,46,8,-1,-1,-1,-1,-1,-1
2015450023454,3,9,0,18,0,0,0,0,0,0,2,1,6,1,63,9,2500,6,16,-1,2,-1
2015450023454,4,9,0,18,0,0,0,0,0,0,2,1,1,1,31,6,1686,2,4,-1,1,-1
2015450023455,1,9,0,6,0,1,0,0,0,0,3,1,6,1,-1,-1,1968,2,7,-1,3,-1
2015450023455,2,9,0,18,0,1,0,0,0,0,1,1,6,1,36,7,-1,-1,-1,-1,1,-1
2015450023456,1,19,0,3,0,0,0,0,0,0,2,1,1,1,-1,-1,-1,-1,-1,-1,1,-1
2015450023456,2,9,0,3,0,0,0,0,0,0,1,1,6,1,37,7,2198,2,9,-1,1,-1
2015450023457,1,9,0,17,0,0,1,0,1,0,4,1,6,1,24,5,1390,1,8,-1,1,-1
2015450023466,1,19,0,18,0,0,0,0,0,0,2,1,6,3,-1,-1,-1,-1,-1,-1,-1,-1
2015450023466,2,9,0,18,0,0,0,0,0,0,2,1,6,1,48,8,2400,2,4,-1,3,-1
2015450023468,1,19,0,7,0,6,0,0,0,0,4,1,6,1,33,6,-1,-1,-1,-1,2,-1
2015450023468,2,1,0,18,0,8,0,0,0,0,3,1,6,2,53,8,-1,-1,-1,-1,1,-1
2015450023477,1,9,4,18,0,4,0,0,0,0,0,1,6,1,64,9,2179,2,4,-1,1,-1
2015450023477,2,9,0,4,0,1,0,0,0,0,3,1,6,1,50,8,1560,2,1,-1,1,-1
2015450023478,1,9,0,18,0,0,0,0,1,2,2,1,1,1,43,7,4308,1,9,-1,1,-1
2015450023479,1,9,0,9,0,6,0,0,0,0,1,1,6,1,71,10,1998,1,8,-1,1,-1
2015450023479,2,9,0,18,0,1,0,0,0,0,3,1,6,3,35,6,1998,1,8,-1,1,-1
2015450023480,1,9,0,5,0,8,1,0,0,0,1,1,2,2,32,6,1998,1,8,-1,1,-1
2015450023480,2,19,0,18,0,1,0,0,0,0,1,1,1,1,33,6,2198,2,8,-1,1,-1
2015450023482,1,9,0,4,0,0,0,0,0,0,1,1,6,1,68,10,2996,1,7,-1,1,-1
2015450023482,2,9,0,4,0,0,0,0,0,0,2,1,6,1,64,9,-1,-1,-1,-1,3,-1
2015450023482,3,19,0,3,0,0,0,0,0,0,2,1,6,1,62,9,1598,2,-1,-1,1,-1
2015450023484,1,9,0,10,0,1,0,0,0,0,4,1,6,1,33,6,1598,2,1,-1,1,-1
2015450023484,2,9,0,18,0,1,0,0,0,0,1,1,6,1,70,10,1339,1,1,-1,1,-1
2015450023485,1,5,0,15,0,1,0,0,1,9,1,1,6,1,63,9,600,1,16,-1,3,-1
2015450023485,2,9,0,10,0,1,0,0,0,0,2,1,6,1,25,5,1781,1,16,-1,3,-1
2015450023486,1,9,0,18,0,1,0,0,0,0,1,1,2,2,48,8,1298,1,13,-1,3,-1
2015450023486,2,9,0,3,0,1,0,0,0,0,2,1,6,1,23,5,1968,2,3,-1,1,-1
2015450023491,1,9,0,9,0,8,0,0,0,0,4,1,6,1,63,9,1997,2,10,-1,1,-1
2015450023491,2,9,0,18,0,4,0,0,0,0,1,1,6,1,53,8,2967,2,7,-1,3,-1
2015450023493,1,3,0,18,0,0,0,0,0,0,0,1,6,1,35,6,-1,-1,-1,-1,1,-1
2015450023493,2,9,0,5,0,0,0,0,0,0,0,1,6,3,-1,-1,-1,-1,-1,-1,-1,-1
2015450023496,1,9,0,18,0,0,0,0,0,0,3,1,1,1,69,10,-1,-1,-1,-1,1,-1
2015450023496,2,5,0,13,0,0,1,7,8,0,1,1,2,1,47,8,649,1,-1,-1,1,-1
2015450023498,1,9,0,18,0,0,0,0,0,0,2,1,1,2,44,7,1753,2,12,-1,1,-1
2015450023498,2,1,0,18,0,0,0,0,0,0,1,1,2,2,41,7,-1,-1,-1,-1,1,-1
2015450023499,1,9,0,18,0,1,0,0,0,0,1,1,6,2,38,7,3628,2,7,-1,3,-1
2015450023499,2,5,0,7,0,5,2,0,0,0,2,1,6,1,31,6,800,1,1,-1,1,-1
2015450023501,1,9,0,17,0,0,0,0,7,4,1,1,2,2,38,7,-1,-1,-1,-1,1,-1
2015450023502,1,9,0,18,0,0,2,0,1,0,0,1,2,1,25,5,-1,-1,-1,-1,1,-1
2015450023504,1,9,0,18,0,0,0,0,0,0,1,1,2,1,40,7,2979,1,14,-1,1,-1
2015450023504,2,19,0,3,0,0,0,0,0,0,2,1,1,1,34,6,2198,2,1,-1,3,-1
2015450023505,1,9,0,16,0,0,0,0,0,0,1,1,6,1,23,5,1988,1,13,-1,1,-1
2015450023505,2,3,0,14,0,0,0,0,0,0,1,1,6,1,19,4,125,1,1,-1,1,-1
2015450023506,1,9,0,9,0,6,0,0,0,0,1,1,2,1,46,8,1398,8,3,-1,1,-1
2015450023506,2,9,0,18,0,1,0,0,0,0,3,1,3,2,42,7,1595,1,1,-1,1,-1
2015450023507,1,3,0,18,0,0,1,0,0,0,0,1,2,1,23,5,-1,-1,-1,-1,1,-1
2015450023513,1,9,0,18,0,0,0,0,0,0,3,1,2,2,52,8,1389,1,12,-1,1,-1
2015450023513,2,19,0,18,0,0,0,0,0,0,3,1,1,1,27,6,2143,2,2,-1,1,-1
2015450023516,1,9,0,11,0,0,0,0,0,0,4,1,1,1,36,7,2401,2,8,-1,1,-1
2015450023516,2,9,0,18,0,0,0,0,0,0,1,1,2,2,24,5,1798,1,7,-1,1,-1
2015450023518,1,3,0,8,0,1,5,0,0,0,2,1,1,1,35,6,125,1,3,-1,1,-1
2015450023518,2,9,0,4,0,1,0,0,0,0,1,1,6,1,30,6,1086,1,8,-1,1,-1
2015450023519,1,9,0,3,0,1,0,0,0,0,2,1,6,2,50,8,1461,2,1,-1,1,-1
2015450023519,2,9,0,18,0,1,0,0,0,0,1,1,6,1,74,10,847,1,17,-1,3,-1
2015450023520,1,9,0,4,0,1,1,0,0,0,1,1,6,1,26,6,1396,2,1,-1,3,-1
2015450023520,2,9,0,10,0,5,0,0,0,0,2,1,1,1,60,9,-1,-1,-1,-1,1,-1
2015450023521,1,9,0,18,0,0,0,0,7,0,1,1,6,2,71,10,1198,1,3,-1,1,-1
2015450023525,1,9,0,18,0,0,0,0,0,0,4,1,6,1,70,10,2902,2,11,-1,2,-1
2015450023525,2,1,0,18,0,0,0,0,0,0,3,1,6,1,31,6,-1,-1,-1,-1,1,-1
2015450023526,1,9,0,11,0,0,0,0,0,0,1,1,1,1,26,6,1598,2,-1,-1,1,-1
2015450023526,2,19,0,18,0,0,0,0,0,0,2,1,1,1,53,8,1997,2,8,-1,1,-1
2015450023527,1,9,0,18,0,0,0,0,0,0,2,1,6,1,52,8,-1,-1,-1,-1,1,-1
2015450023527,2,21,1,12,0,0,0,0,0,0,1,1,1,1,52,8,10308,2,2,-1,3,-1
2015450023531,1,9,0,7,0,3,0,0,1,0,4,1,1,1,59,9,-1,-1,-1,-1,1,-1
2015450023532,1,9,0,1,0,0,0,0,0,0,2,1,6,2,29,6,1991,2,7,-1,2,-1
2015450023540,1,9,0,16,0,0,0,0,0,0,1,1,6,1,26,6,1596,1,8,-1,1,-1
2015450023540,2,9,0,5,0,0,0,0,0,0,2,1,1,1,30,6,1797,8,5,-1,1,-1
2015450023541,1,3,0,18,0,0,2,0,0,0,2,1,2,1,17,4,124,1,15,-1,1,-1
2015450023541,2,9,0,2,0,0,0,0,0,0,2,1,6,1,-1,-1,1598,1,9,-1,1,-1
2015450023542,1,9,0,18,0,0,0,0,0,0,4,1,6,3,-1,-1,-1,-1,-1,-1,-1,-1
2015450023546,1,9,0,18,0,0,0,0,0,0,3,1,6,1,43,7,2446,1,12,-1,1,-1
2015450023546,2,9,0,18,0,0,0,0,0,0,3,1,6,2,77,11,1968,2,5,-1,2,-1
2015450023551,1,9,0,3,0,1,0,0,0,0,2,1,1,1,43,7,1598,2,4,-1,1,-1
2015450023551,2,19,0,3,0,1,0,0,0,0,2,1,1,1,42,7,-1,-1,-1,-1,1,-1
2015450023551,3,9,0,3,0,1,1,0,0,0,1,1,2,1,37,7,1397,1,7,-1,1,-1
2015450023551,4,9,0,18,0,1,0,0,0,0,0,1,6,3,-1,-1,-1,-1,-1,-1,-1,-1
2015450023551,5,9,0,18,0,1,0,0,0,0,0,1,6,3,-1,-1,-1,-1,-1,-1,-1,-1
2015450023553,1,9,0,18,0,1,0,0,0,0,1,1,6,2,57,9,1783,1,13,-1,1,-1
2015450023553,2,9,0,18,0,1,0,0,0,0,2,1,6,1,53,8,2143,2,3,-1,1,-1
2015450023558,1,19,0,4,0,1,1,0,0,0,1,1,2,1,62,9,-1,-1,-1,-1,1,-1
2015450023558,2,21,0,3,0,1,0,0,0,0,4,1,1,1,53,8,12740,2,2,-1,1,-1