Accident_Index,Vehicle_Reference,Vehicle_Type,Towing_and_Articulation,Vehicle_Manoeuvre,Vehicle_Location-Restricted_Lane,Junction_Location,Skidding_and_Overturning,Hit_Object_in_Carriageway,Vehicle_Leaving_Carriageway,Hit_Object_off_Carriageway,1st_Point_of_Impact,Was_Vehicle_Left_Hand_Drive?,Journey_Purpose_of_Driver,Sex_of_Driver,Age_of_Driver,Age_Band_of_Driver,Engine_Capacity_(CC),Propulsion_Code,Age_of_Vehicle,Driver_IMD_Decile,Driver_Home_Area_Type,Vehicle_IMD_Decile
2015450023558,3,9,0,12,0,1,0,0,0,0,2,1,6,1,34,6,998,1,10,-1,1,-1
2015450023560,1,9,0,18,0,4,0,0,0,0,1,1,6,1,68,10,-1,-1,-1,-1,3,-1
2015450023560,2,9,0,9,0,4,0,0,0,0,1,1,6,1,40,7,1596,1,1,-1,1,-1
2015450023567,1,9,0,13,0,1,0,0,0,0,1,1,6,3,-1,-1,-1,-1,-1,-1,-1,-1
2015450023567,2,1,0,13,0,1,0,0,0,0,3,1,6,1,75,10,-1,-1,-1,-1,3,-1
2015450023568,1,9,0,17,0,0,0,0,1,0,1,1,6,1,58,9,-1,-1,-1,-1,3,-1
2015450023568,2,9,0,16,0,0,0,0,0,0,1,1,6,2,30,6,-1,-1,-1,-1,2,-1
2015450023569,1,9,0,10,0,5,0,0,0,0,2,1,6,2,71,10,1390,1,5,-1,1,-1
2015450023569,2,9,0,4,0,1,1,0,0,0,2,1,2,2,49,8,1364,1,7,-1,1,-1
2015450023579,1,9,0,4,0,1,0,0,0,0,1,1,6,2,85,11,1086,1,7,-1,1,-1
2015450023579,2,9,0,3,0,1,0,0,0,0,2,1,6,2,50,8,1995,1,7,-1,1,-1
2015450023580,1,1,0,4,9,1,0,0,0,0,4,1,6,1,56,9,-1,-1,-1,-1,1,-1
2015450023581,1,9,0,4,0,0,0,0,0,0,2,1,1,1,35,6,2993,2,2,-1,1,-1
2015450023581,2,19,3,18,0,0,1,0,0,0,1,1,6,2,-1,-1,-1,-1,-1,-1,3,-1
2015450023582,1,1,0,18,0,1,0,0,0,0,0,1,6,2,33,6,-1,-1,-1,-1,1,-1
2015450023585,1,9,0,18,0,0,0,0,0,0,1,1,6,3,-1,-1,-1,-1,-1,-1,-1,-1
2015450023585,2,4,0,18,0,0,0,0,0,0,2,1,2,1,41,7,244,1,9,-1,1,-1
2015450023586,1,1,0,18,0,0,0,0,0,0,0,1,6,1,88,11,-1,-1,-1,-1,1,-1
2015450023589,1,9,0,18,0,0,0,0,0,0,2,1,6,1,39,7,-1,-1,-1,-1,1,-1
2015450023589,2,9,0,18,0,0,0,0,0,0,1,1,6,3,-1,-1,-1,-1,-1,-1,-1,-1
2015450023592,1,9,0,18,0,0,0,0,0,0,1,1,6,2,44,7,1984,1,2,-1,2,-1
2015450023592,2,9,0,18,0,0,0,0,0,0,2,1,6,2,69,10,1197,1,2,-1,2,-1
2015450023592,3,9,0,4,0,0,0,0,0,0,0,1,6,2,29,6,1248,1,6,-1,1,-1
2015450023593,1,9,0,18,0,1,0,0,0,0,1,1,1,2,22,5,1242,1,3,-1,1,-1
2015450023593,2,9,0,10,0,1,0,0,0,0,2,1,4,1,18,4,1242,1,6,-1,1,-1
2015450023594,1,5,0,18,0,0,5,0,0,0,1,1,6,1,33,6,998,1,6,-1,1,-1
2015450023601,1,5,0,3,0,1,2,0,7,0,1,1,6,1,31,6,599,1,5,-1,2,-1
2015450023601,2,9,0,9,0,1,0,0,0,0,3,1,6,1,19,4,1896,2,15,-1,1,-1
2015450023602,1,5,0,18,0,0,0,0,0,0,4,1,6,3,-1,-1,-1,-1,-1,-1,-1,-1
2015450023603,1,19,0,4,0,1,0,0,0,0,1,1,6,1,31,6,1560,2,2,-1,1,-1
2015450023603,2,19,0,4,0,1,0,0,0,0,2,1,1,1,44,7,2402,2,7,-1,1,-1
2015450023603,3,9,0,4,0,1,0,0,0,0,2,1,6,2,19,4,1149,1,13,-1,1,-1
2015450023609,1,9,0,5,0,1,0,0,0,0,1,1,6,3,-1,-1,-1,-1,-1,-1,-1,-1
2015450023610,1,1,0,4,0,0,0,0,0,0,3,1,6,1,18,4,-1,-1,-1,-1,1,-1
2015450023610,2,9,0,18,0,0,0,0,0,0,4,1,1,3,-1,-1,-1,-1,-1,-1,-1,-1
2015450023616,1,9,0,9,0,1,0,0,0,0,1,1,2,2,38,7,1998,2,8,-1,1,-1
2015450023616,2,9,0,18,0,1,0,0,0,0,1,1,3,2,35,6,1595,1,2,-1,1,-1
2015450023616,3,19,0,3,0,1,0,0,0,0,1,1,6,1,50,8,1995,2,5,-1,1,-1
2015450023619,1,9,0,7,0,2,0,0,0,0,1,1,6,1,17,4,1242,1,14,-1,1,-1
2015450023619,2,9,0,2,0,1,0,0,0,0,2,1,6,1,-1,-1,1461,2,5,-1,1,-1
2015450023623,1,21,1,2,0,0,0,0,0,0,2,1,1,1,40,7,-1,-1,-1,-1,-1,-1
2015450023623,2,9,0,18,0,0,1,11,0,0,1,1,1,1,29,6,-1,-1,-1,-1,2,-1
2015450023628,1,9,0,9,0,1,0,0,0,0,4,1,2,2,58,9,1596,1,16,-1,3,-1
2015450023628,2,1,0,18,0,8,0,0,0,0,1,1,6,1,33,6,-1,-1,-1,-1,1,-1
2015450023629,1,9,0,17,0,1,0,0,0,0,1,1,2,2,21,5,1989,1,16,-1,2,-1
2015450023629,2,9,0,18,0,1,0,0,0,0,1,1,2,1,61,9,1988,1,12,-1,1,-1
2015450023632,1,9,0,18,0,1,0,4,0,0,1,1,2,1,45,7,1781,1,14,-1,1,-1
2015450023632,2,9,0,2,0,2,0,0,0,0,2,1,6,1,-1,-1,1796,1,11,-1,1,-1
2015450023632,3,9,0,2,0,1,0,0,0,0,2,1,6,2,-1,-1,1388,1,13,-1,1,-1
2015450023633,1,9,0,18,0,1,0,0,0,0,1,1,6,3,-1,-1,-1,-1,-1,-1,-1,-1
2015450023635,1,19,0,17,0,1,1,0,0,0,1,1,1,1,55,8,2198,2,9,-1,1,-1
2015450023635,2,9,0,16,0,1,0,0,0,0,1,1,1,2,57,9,1798,1,2,-1,1,-1
2015450023636,1,5,0,14,0,1,1,0,0,0,1,1,2,1,49,8,1203,1,10,-1,1,-1
2015450023636,2,9,0,10,0,5,0,0,0,0,2,1,2,1,23,5,1973,1,14,-1,1,-1
2015450023637,1,11,0,16,0,0,0,0,0,0,0,1,6,1,37,7,3900,2,12,-1,1,-1
2015450023638,1,5,0,16,0,0,1,4,7,0,1,1,6,1,-1,-1,955,1,16,-1,1,-1
2015450023638,2,9,0,2,0,0,0,0,0,0,1,1,1,1,46,8,2198,2,1,-1,1,-1
2015450023638,3,9,0,2,0,0,0,0,0,0,0,1,1,1,50,8,1686,2,5,-1,1,-1
2015450023640,1,9,0,4,0,0,0,0,0,0,2,1,6,2,52,8,3498,1,8,-1,1,-1
2015450023640,2,9,0,18,0,0,0,0,0,0,1,1,6,2,19,4,1242,1,11,-1,1,-1
2015450023642,1,9,0,18,0,4,0,0,0,0,1,1,6,1,63,9,1995,2,4,-1,1,-1
2015450023642,2,9,0,3,0,1,0,0,0,0,2,1,2,2,52,8,1796,1,12,-1,1,-1
2015450023643,1,9,0,18,0,0,5,0,0,0,3,1,2,1,17,4,1149,1,11,-1,1,-1
2015450023643,2,9,0,18,0,0,0,0,0,0,2,1,3,2,43,7,1968,2,-1,-1,3,-1
2015450023644,1,9,0,18,0,0,0,0,0,0,1,1,2,2,23,5,1242,1,14,-1,1,-1
2015450023644,2,3,0,18,0,0,0,0,0,0,4,1,4,1,18,4,125,1,5,-1,1,-1
2015450023645,1,9,0,4,0,0,0,0,0,0,1,1,6,2,24,5,1197,1,3,-1,1,-1
2015450023647,1,9,0,18,0,8,0,0,0,0,1,1,6,1,62,9,2987,2,8,-1,2,-1
2015450023647,2,9,0,18,0,8,0,0,1,0,3,1,6,2,51,8,1995,2,7,-1,1,-1
2015450023648,1,9,0,9,0,6,0,0,3,0,3,1,6,1,87,11,1498,1,3,-1,1,-1
2015450023648,2,9,0,18,0,8,0,0,0,0,1,1,6,2,27,6,1397,1,14,-1,1,-1
2015450023649,1,9,0,3,0,4,0,0,0,0,2,1,6,1,63,9,1796,1,7,-1,1,-1
2015450023649,2,9,0,3,0,4,0,0,0,0,1,1,2,2,52,8,999,1,3,-1,1,-1
2015450023651,1,9,0,18,0,0,0,0,0,0,1,1,6,1,52,8,1368,1,8,-1,1,-1
2015450023655,1,1,0,7,0,3,0,0,0,0,2,1,6,2,55,8,-1,-1,-1,-1,1,-1
2015450023655,2,9,0,7,0,3,0,0,0,0,1,1,6,1,47,8,1360,1,10,-1,1,-1
2015450023656,1,9,0,16,0,0,1,10,7,0,1,1,6,1,55,8,-1,-1,-1,-1,1,-1
2015450023657,1,9,0,18,0,1,0,0,7,7,1,1,6,1,44,7,2268,2,-1,-1,1,-1
2015450023660,1,1,0,18,0,0,0,0,0,0,1,1,6,2,17,4,-1,-1,-1,-1,1,-1
2015450023661,1,2,0,9,0,1,0,10,0,0,3,1,6,1,16,4,49,1,2,-1,1,-1
2015450023661,2,9,0,9,0,1,0,0,0,0,0,1,6,3,-1,-1,-1,-1,-1,-1,-1,-1
2015450023679,1,9,0,3,0,0,0,0,0,0,1,1,2,2,36,7,1995,2,4,-1,1,-1
2015450023679,2,5,0,18,0,0,0,0,0,0,2,1,1,1,39,7,1170,1,1,-1,1,-1
2015450023685,1,9,0,5,0,2,0,0,0,0,1,1,6,1,77,11,2198,2,7,-1,1,-1
2015450023686,1,19,0,7,0,5,0,0,0,0,4,1,1,1,28,6,2402,2,9,-1,1,-1
2015450023686,2,1,0,18,0,1,5,0,0,0,1,1,2,1,44,7,-1,-1,-1,-1,1,-1
2015450023690,1,9,0,18,0,2,0,0,0,0,1,1,2,2,34,6,1198,1,12,-1,1,-1
2015450023690,2,1,0,18,0,2,5,0,0,0,4,1,2,1,46,8,-1,-1,-1,-1,1,-1
2015450023691,1,9,0,9,0,6,0,0,0,0,1,1,2,1,55,8,1596,1,12,-1,1,-1
2015450023691,2,1,0,18,0,1,0,0,0,0,4,1,2,1,52,8,-1,-1,-1,-1,3,-1
2015450023692,1,9,0,18,0,0,0,0,0,0,1,1,2,3,-1,-1,-1,-1,-1,-1,-1,-1
2015450023692,2,9,0,18,0,0,0,0,0,0,1,1,6,1,53,8,998,1,-1,-1,1,-1
2015450023692,3,9,0,18,0,0,0,0,0,0,1,1,6,1,-1,-1,1596,1,4,-1,1,-1
2015450023692,4,19,0,18,0,0,0,0,0,0,1,1,6,1,-1,-1,2402,2,8,-1,1,-1
2015450023694,1,9,0,18,0,3,0,0,0,0,0,1,6,3,-1,-1,-1,-1,-1,-1,-1,-1
2015450023697,1,9,0,18,0,1,0,0,0,0,1,1,6,2,46,8,1499,1,1,-1,1,-1
2015450023697,2,1,0,18,0,1,0,0,0,0,1,1,6,1,38,7,-1,-1,-1,-1,1,-1
2015450023699,1,9,0,18,0,0,1,0,0,0,1,1,2,1,25,5,1360,1,9,-1,1,-1
2015450023704,1,9,0,18,0,0,0,0,0,0,1,1,6,2,21,5,1149,1,7,-1,3,-1
2015450023704,2,9,0,4,0,0,0,0,0,0,2,1,6,1,77,11,1598,2,1,-1,3,-1
2015450023707,1,9,0,18,0,1,0,0,0,0,1,1,6,2,71,10,1995,2,7,-1,1,-1
2015450023707,2,19,0,2,0,1,0,0,0,0,1,1,6,1,72,10,-1,-1,-1,-1,1,-1
2015450023708,1,5,0,18,0,0,5,0,0,0,1,1,2,1,46,8,1050,1,-1,-1,1,-1
2015450023708,2,9,0,9,0,0,0,0,7,0,4,1,6,2,34,6,1461,2,1,-1,1,-1
2015450023708,3,19,0,2,6,0,0,0,0,0,2,1,6,1,27,6,2402,2,8,-1,1,-1
2015450023708,4,5,0,18,0,0,0,0,0,0,0,1,6,1,-1,-1,599,1,16,-1,-1,-1
2015450023712,1,9,0,5,0,0,0,0,0,0,3,1,2,1,31,6,1390,1,5,-1,1,-1
2015450023712,2,9,0,17,0,0,0,0,0,0,4,1,6,1,25,5,995,1,5,-1,1,-1
2015450023716,1,9,0,7,0,6,0,0,0,0,3,1,2,1,48,8,1598,1,13,-1,1,-1
2015450023716,2,1,0,18,9,1,0,0,0,0,1,1,6,1,13,3,-1,-1,-1,-1,1,-1
2015450023718,1,9,0,18,0,0,1,0,7,0,4,1,6,1,18,4,1390,1,7,-1,1,-1
2015450023718,2,9,0,18,0,0,0,0,0,0,1,1,6,2,27,6,1242,1,8,-1,1,-1
2015450023721,1,9,0,5,0,0,0,0,0,0,1,1,6,1,31,6,1396,1,12,-1,1,-1
2015450023721,2,9,0,18,0,0,0,0,0,0,1,1,6,1,26,6,1998,2,13,-1,1,-1
2015450023723,1,2,0,18,0,1,0,0,1,0,1,1,6,1,16,4,49,1,33,-1,1,-1
2015450023723,2,9,0,18,0,1,0,0,0,0,2,1,6,1,43,7,1560,2,4,-1,1,-1
2015450023724,1,1,0,18,0,0,5,0,0,0,3,1,6,1,23,5,-1,-1,-1,-1,3,-1
2015450023724,2,9,0,18,0,0,0,0,0,0,4,1,6,1,28,6,1896,2,12,-1,1,-1
2015450023727,1,9,0,4,0,0,0,0,0,0,2,1,6,2,32,6,1968,2,2,-1,1,-1
2015450023727,2,9,0,4,0,0,0,0,0,0,1,1,6,3,-1,-1,-1,-1,-1,-1,-1,-1
2015450023728,1,9,0,9,0,3,0,0,0,0,1,1,6,1,54,8,1968,2,3,-1,3,-1
2015450023728,2,9,0,7,0,4,0,0,0,0,4,1,6,2,48,8,1798,1,4,-1,1,-1
2015450023729,1,9,0,18,0,6,0,0,0,0,2,1,6,1,32,6,1595,1,14,-1,1,-1
2015450023729,2,5,0,18,0,1,5,0,0,0,1,1,6,1,50,8,749,1,4,-1,1,-1
2015450023730,1,9,0,10,0,5,0,0,0,0,2,1,1,1,32,6,998,1,2,-1,1,-1
2015450023730,2,9,0,18,0,1,0,0,0,0,1,1,6,1,18,4,1149,1,12,-1,1,-1
2015450023731,1,9,0,9,0,8,0,0,0,0,1,1,1,2,27,6,999,1,1,-1,1,-1
2015450023731,2,9,0,18,0,8,0,0,0,0,1,1,1,1,37,7,-1,-1,-1,-1,1,-1
2015450023735,1,3,0,7,0,5,2,0,0,0,4,1,6,1,22,5,125,1,3,-1,1,-1
2015450023737,1,9,0,18,0,0,0,0,0,0,1,1,6,2,19,4,1299,1,17,-1,1,-1
2015450023737,2,19,0,18,0,0,0,0,0,0,1,1,1,1,52,8,2151,2,10,-1,1,-1
2015450023742,1,1,0,18,0,0,0,0,0,0,1,1,6,1,24,5,-1,-1,-1,-1,1,-1
2015450023742,2,1,0,18,0,0,0,0,0,0,2,1,6,1,51,8,-1,-1,-1,-1,1,-1
2015450023757,1,19,0,9,0,5,0,0,0,0,4,1,6,1,64,9,-1,-1,-1,-1,1,-1
2015450023757,2,9,0,18,0,1,0,0,0,0,1,1,6,2,44,7,1397,1,7,-1,1,-1
2015450023757,3,9,0,18,0,1,0,0,0,0,1,1,6,1,59,9,1388,1,12,-1,1,-1
2015450023759,1,9,0,3,0,8,0,0,0,0,2,1,6,2,-1,-1,-1,-1,-1,-1,-1,-1
2015450023759,2,9,0,3,0,8,0,0,0,0,2,1,6,2,28,6,1229,1,10,-1,1,-1
2015450023759,3,9,0,18,0,8,0,0,0,0,1,1,6,1,43,7,2979,1,14,-1,1,-1
2015450023766,1,1,0,18,0,0,5,0,0,0,1,1,6,1,25,5,-1,-1,-1,-1,3,-1
2015450023766,2,9,0,9,0,0,0,0,0,0,1,1,6,2,81,11,1598,1,13,-1,3,-1
2015450023769,1,9,0,18,0,1,0,0,0,0,1,1,6,2,20,4,-1,-1,-1,-1,3,-1
2015450023769,2,9,0,3,0,1,0,0,0,0,2,1,6,2,56,9,1896,2,12,-1,2,-1
2015450023769,3,9,0,4,0,1,0,0,0,0,2,1,6,2,41,7,1461,2,4,-1,1,-1
2015450023770,1,9,0,5,0,0,0,0,0,0,0,1,6,2,27,6,1149,1,12,-1,1,-1
2015450023770,2,5,0,18,0,0,2,0,0,0,1,1,2,1,24,5,599,1,12,-1,1,-1
2015450023774,1,1,0,18,0,8,5,0,0,0,4,1,2,1,26,6,-1,-1,-1,-1,1,-1
2015450023774,2,9,0,9,0,8,0,0,0,0,1,1,6,1,-1,-1,-1,-1,-1,-1,-1,-1
2015450023775,1,9,0,18,0,0,0,0,0,0,3,1,6,2,41,7,1242,1,1,-1,3,-1
2015450023777,1,9,0,18,0,0,1,0,1,7,1,1,6,2,39,7,1587,1,7,-1,1,-1
2015450023779,1,1,0,4,0,1,5,0,0,0,1,1,6,2,26,6,-1,-1,-1,-1,1,-1
2015450023780,1,9,0,3,0,8,0,0,0,0,1,1,6,2,21,5,-1,-1,-1,-1,1,-1
2015450023783,1,1,0,18,0,0,5,0,0,0,1,1,6,1,45,7,-1,-1,-1,-1,3,-1
2015450023784,1,9,0,18,0,0,0,7,0,0,1,1,6,2,73,10,2993,2,10,-1,1,-1
2015450023790,1,9,0,18,0,0,0,0,0,0,1,1,6,3,-1,-1,-1,-1,-1,-1,-1,-1
2015450023790,2,19,0,18,0,0,0,0,0,0,1,1,1,1,52,8,4462,2,1,-1,1,-1
2015450023794,1,9,0,18,0,1,1,0,0,0,1,1,2,1,35,6,899,1,16,-1,1,-1
2015450023794,2,19,0,9,0,5,0,0,0,0,4,1,2,1,59,9,2463,2,11,-1,1,-1
2015450023801,1,3,0,7,0,8,0,10,7,11,1,1,6,2,22,5,123,1,1,-1,1,-1
2015450023802,1,9,0,18,0,0,0,0,0,0,4,1,6,2,25,5,1781,1,11,-1,3,-1
2015450023802,2,9,0,9,0,0,0,0,0,0,1,1,6,1,24,5,1197,1,3,-1,3,-1
2015450023803,1,3,0,10,0,5,0,0,0,0,2,1,2,1,22,5,124,1,17,-1,1,-1
2015450023803,2,9,0,18,0,1,0,0,0,0,1,1,6,1,56,9,3628,2,6,-1,1,-1
2015450023804,1,9,0,18,0,5,0,0,0,0,1,1,1,1,55,8,1560,2,1,-1,1,-1
2015450023804,2,9,0,18,0,5,0,0,0,0,3,1,6,2,21,5,1598,1,9,-1,3,-1
2015450023805,1,10,0,18,0,8,0,0,0,0,4,1,3,2,51,8,2198,2,-1,-1,3,-1
2015450023805,2,9,0,9,0,6,0,0,0,0,1,1,1,1,23,5,2495,2,11,-1,1,-1
2015450023807,1,9,0,9,0,0,0,0,0,0,4,1,1,1,25,5,-1,-1,-1,-1,1,-1
2015450023807,2,9,0,18,0,0,1,0,0,0,1,1,6,2,-1,-1,1769,1,12,-1,1,-1
2015450023809,1,1,0,6,0,0,1,0,0,0,2,1,6,1,55,8,-1,-1,-1,-1,1,-1
2015450023809,2,9,0,13,0,0,1,0,0,0,1,1,6,1,20,4,1998,1,19,-1,1,-1
2015450023810,1,9,0,18,0,1,0,0,0,0,1,1,6,2,45,7,2488,2,5,-1,2,-1
2015450023810,2,19,0,18,0,6,0,0,0,0,3,1,6,1,18,4,2198,2,9,-1,1,-1
2015450023813,1,9,0,3,0,0,0,0,0,0,2,1,6,1,28,6,1149,1,13,-1,1,-1
2015450023813,2,19,0,4,0,0,0,0,0,0,1,1,2,1,28,6,1598,2,4,-1,1,-1
2015450023815,1,9,0,9,0,1,0,0,0,0,0,1,1,2,56,9,1900,2,10,-1,1,-1
2015450023815,2,3,0,18,0,1,0,0,0,0,0,1,6,1,17,4,125,1,8,-1,3,-1
2015450023816,1,9,0,9,0,6,0,0,0,0,1,1,6,1,47,8,1299,1,10,-1,1,-1
2015450023816,2,9,0,18,0,8,0,0,0,0,3,1,6,2,69,10,1991,2,3,-1,2,-1
2015450023819,1,5,0,13,0,1,0,0,0,0,1,1,2,1,25,5,675,1,2,-1,1,-1
2015450023819,2,9,0,9,0,5,0,0,0,0,3,1,6,1,43,7,1595,1,14,-1,1,-1
2015450023821,1,9,0,5,0,1,0,0,0,0,1,1,2,1,50,8,1560,2,1,-1,1,-1
2015450023821,2,9,0,18,0,1,0,0,0,0,1,1,6,2,73,10,988,1,26,-1,1,-1
2015450023822,1,9,0,18,0,0,0,0,0,0,2,1,1,1,44,7,1598,2,3,-1,1,-1
2015450023822,2,9,0,4,0,0,0,0,0,0,1,1,1,1,-1,-1,1997,2,5,-1,1,-1
2015450023824,1,9,0,18,0,0,0,0,0,0,1,1,6,2,48,8,3498,1,6,-1,3,-1
2015450023824,2,8,0,18,0,0,0,0,0,0,2,1,6,2,61,9,2179,2,1,-1,3,-1
2015450023824,3,9,0,18,0,0,0,0,0,0,2,1,6,1,80,11,2457,1,17,-1,1,-1
2015450023825,1,21,1,18,0,1,0,0,0,0,1,1,6,1,56,9,12900,2,4,-1,1,-1
2015450023825,2,9,0,18,0,1,0,0,0,0,3,1,6,2,30,6,1349,1,6,-1,1,-1
2015450023826,1,9,0,9,0,1,0,0,0,0,1,1,6,1,42,7,1598,2,2,-1,1,-1
2015450023826,2,9,0,18,0,1,0,0,0,0,1,1,6,2,48,8,1360,1,21,-1,1,-1
2015450023827,1,9,0,18,0,8,0,0,0,0,4,1,6,1,26,6,1997,1,16,-1,1,-1
2015450023827,2,9,0,18,0,1,0,0,0,0,1,1,6,1,48,8,1796,1,13,-1,1,-1
2015450023828,1,9,0,18,0,1,0,0,0,0,1,1,2,2,27,6,1598,2,-1,-1,1,-1
2015450023828,2,9,0,3,0,2,0,0,0,0,2,1,2,2,56,9,1299,1,13,-1,1,-1
2015450023828,3,9,0,3,0,2,0,0,0,0,2,1,6,2,47,8,1397,1,6,-1,3,-1
2015450023828,4,9,0,3,0,2,0,0,0,0,2,1,2,2,29,6,1968,2,-1,-1,1,-1
2015450023828,5,9,0,18,0,2,0,0,0,0,3,1,6,2,43,7,1390,1,10,-1,1,-1
2015450023830,1,5,0,18,0,1,2,0,0,0,2,1,6,1,53,8,998,1,11,-1,1,-1
2015450023830,2,9,0,10,0,1,0,0,0,0,2,1,6,2,72,10,1587,1,6,-1,2,-1
2015450023831,1,9,0,18,0,1,0,0,0,0,2,1,6,2,51,8,899,1,17,-1,3,-1
2015450023831,2,9,0,18,0,1,0,0,0,0,1,1,6,1,63,9,1968,2,2,-1,1,-1
2015450023832,1,1,0,16,0,3,0,0,0,0,1,1,6,1,47,8,-1,-1,-1,-1,1,-1
2015450023832,2,1,0,18,0,8,0,0,0,0,1,1,6,2,70,10,-1,-1,-1,-1,1,-1
2015450023834,1,9,0,7,0,5,0,0,0,0,4,1,2,1,41,7,1994,1,14,-1,1,-1
2015450023834,2,1,0,18,0,1,0,0,0,0,4,1,1,1,40,7,-1,-1,-1,-1,-1,-1
2015450023835,1,9,0,18,0,8,0,0,0,0,3,1,6,1,57,9,2995,1,2,-1,1,-1
2015450023835,2,9,0,18,0,8,0,0,0,0,1,1,3,2,68,10,1398,1,16,-1,-1,-1
2015450023844,1,1,0,18,0,0,0,0,0,0,3,1,6,1,51,8,-1,-1,-1,-1,1,-1
2015450023844,2,9,0,13,0,0,0,0,0,0,4,1,6,1,32,6,1997,2,-1,-1,1,-1
2015450023848,1,5,0,17,0,1,1,10,0,0,3,1,6,1,43,7,599,1,9,-1,3,-1
2015450023860,1,19,0,18,0,0,0,0,0,0,3,1,6,3,-1,-1,2402,2,13,-1,-1,-1
2015450023860,2,9,0,18,0,0,0,0,0,0,3,1,6,2,19,4,1200,1,13,-1,3,-1
2015450023864,1,9,0,4,0,3,0,0,0,0,2,1,6,2,35,6,1398,2,13,-1,1,-1
2015450023864,2,9,0,18,0,3,0,0,0,0,1,1,1,1,58,9,-1,-1,-1,-1,1,-1
2015450023865,1,1,0,18,0,0,0,0,0,0,2,1,6,1,9,2,-1,-1,-1,-1,1,-1
2015450023865,2,9,0,18,0,0,0,0,1,0,1,1,6,3,-1,-1,-1,-1,-1,-1,-1,-1
2015450023868,1,9,0,5,0,6,0,0,0,0,1,1,1,1,48,8,1560,2,-1,-1,-1,-1
2015450023868,2,9,0,16,0,1,0,0,0,0,1,1,6,1,65,9,1586,1,3,-1,1,-1
2015450023870,1,9,0,18,0,0,0,0,0,0,1,1,6,2,20,4,998,1,13,-1,3,-1
2015450023871,1,9,0,17,0,1,0,0,1,2,1,1,2,2,32,6,1587,1,10,-1,1,-1
2015450023871,2,19,0,2,0,1,0,0,0,0,1,1,1,1,46,8,1560,2,2,-1,3,-1
2015450023876,1,9,0,9,0,6,0,0,0,0,1,1,6,1,34,6,1461,2,2,-1,1,-1
2015450023876,2,5,0,18,0,8,0,0,0,0,4,1,6,1,46,8,798,1,4,-1,1,-1
2015450023877,1,9,0,9,0,5,0,0,0,0,1,1,2,1,48,8,1798,1,11,-1,1,-1
2015450023877,2,9,0,17,0,8,0,0,0,0,1,1,3,2,41,7,-1,3,-1,-1,3,-1
2015450023878,1,9,0,18,0,0,0,0,0,0,2,1,6,1,34,6,1560,2,8,-1,1,-1
2015450023878,2,9,0,18,0,0,0,0,0,0,1,1,6,3,56,9,1598,1,15,-1,1,-1
2015450023887,1,9,0,18,0,0,0,0,0,0,1,1,6,1,54,8,2429,1,11,-1,1,-1
2015450023888,1,9,0,1,0,0,0,0,0,0,2,1,6,1,62,9,1998,2,11,-1,1,-1
2015450023891,1,9,0,7,0,6,0,0,0,0,1,1,6,1,42,7,1870,2,5,-1,3,-1
2015450023891,2,9,0,18,0,8,0,0,0,0,1,1,6,2,24,5,1995,2,7,-1,1,-1
2015450023895,1,9,0,4,0,2,0,0,0,0,3,1,6,1,82,11,1596,1,12,-1,1,-1
2015450023897,1,9,0,18,0,0,0,0,0,0,1,1,2,1,35,6,1197,1,3,-1,1,-1
2015450023897,2,9,0,18,0,0,0,0,0,0,3,1,2,1,50,8,1896,2,8,-1,1,-1
2015450023899,1,11,0,18,0,2,0,0,7,0,1,1,1,1,39,7,6700,2,4,-1,1,-1
2015450023899,2,19,0,18,0,1,5,0,0,0,1,1,1,1,32,6,1968,2,1,-1,1,-1
2015450023903,1,9,0,9,0,6,0,0,0,0,1,1,6,2,53,8,-1,-1,-1,-1,1,-1
2015450023903,2,9,0,18,0,1,0,0,0,0,2,1,1,3,40,7,1242,1,6,-1,1,-1
2015450023906,1,9,0,10,0,0,1,0,0,0,2,1,1,1,25,5,2143,2,1,-1,1,-1
2015450023906,2,9,0,18,0,0,0,0,0,0,1,1,6,2,39,7,2656,1,11,-1,2,-1
2015450023909,1,9,0,7,0,4,0,0,0,0,3,1,6,1,51,8,1871,2,10,-1,3,-1
2015450023909,2,9,0,13,0,4,0,0,0,0,4,1,6,1,24,5,2495,2,12,-1,3,-1
2015450023914,1,9,0,4,0,1,0,0,0,0,0,1,6,1,57,9,2143,2,-1,-1,1,-1
2015450023914,2,3,0,4,0,1,5,0,0,0,3,1,6,1,31,6,124,1,9,-1,1,-1
2015450023915,1,9,0,17,0,0,0,0,1,2,1,1,6,2,69,10,1299,1,16,-1,1,-1
2015450023916,1,21,1,12,0,0,0,0,0,0,3,1,1,1,50,8,-1,-1,-1,-1,-1,-1
2015450023916,2,9,0,18,0,0,1,0,0,0,2,1,6,1,51,8,875,1,4,-1,1,-1
2015450023919,1,9,0,9,0,6,0,0,0,0,1,1,6,1,25,5,1390,1,13,-1,2,-1
2015450023919,2,5,0,14,0,8,0,0,0,0,1,1,6,1,54,8,598,1,18,-1,3,-1
2015450023921,1,1,0,18,9,1,1,0,0,0,1,1,6,1,15,3,-1,-1,-1,-1,1,-1
2015450023922,1,19,0,18,0,1,0,4,0,0,1,1,6,1,20,4,2198,2,1,-1,1,-1