Accident_Index,Vehicle_Reference,Vehicle_Type,Towing_and_Articulation,Vehicle_Manoeuvre,Vehicle_Location-Restricted_Lane,Junction_Location,Skidding_and_Overturning,Hit_Object_in_Carriageway,Vehicle_Leaving_Carriageway,Hit_Object_off_Carriageway,1st_Point_of_Impact,Was_Vehicle_Left_Hand_Drive?,Journey_Purpose_of_Driver,Sex_of_Driver,Age_of_Driver,Age_Band_of_Driver,Engine_Capacity_(CC),Propulsion_Code,Age_of_Vehicle,Driver_IMD_Decile,Driver_Home_Area_Type,Vehicle_IMD_Decile
2015450023922,2,9,0,3,0,1,0,0,0,0,2,1,1,1,26,6,1560,2,2,-1,1,-1
2015450023922,3,19,0,3,0,1,0,0,0,0,2,1,2,1,24,5,2148,2,9,-1,1,-1
2015450023923,1,9,0,18,0,1,0,0,0,0,1,1,6,2,33,6,1796,1,7,-1,1,-1
2015450023923,2,9,0,18,0,1,0,0,0,0,2,1,2,2,48,8,998,1,5,-1,1,-1
2015450023925,1,9,0,1,0,0,0,0,0,0,2,1,1,1,29,6,-1,-1,-1,-1,1,-1
2015450023925,2,5,0,3,0,0,0,0,0,0,1,1,6,1,53,8,1170,1,10,-1,3,-1
2015450023928,1,9,0,18,0,0,0,0,0,0,1,1,1,1,40,7,1956,2,1,-1,1,-1
2015450023928,2,9,0,18,0,0,0,0,0,0,2,1,6,1,37,7,1997,2,7,-1,1,-1
2015450023928,3,9,0,18,0,0,0,0,0,0,0,1,6,3,-1,-1,-1,-1,-1,-1,-1,-1
2015450023936,1,9,0,4,0,0,0,0,0,0,1,1,2,1,44,7,1124,1,15,-1,1,-1
2015450023936,2,19,0,3,0,0,0,0,0,0,2,1,2,1,26,6,1995,2,6,-1,1,-1
2015450023940,1,9,0,18,0,0,0,10,0,0,3,1,2,1,43,7,-1,-1,-1,-1,1,-1
2015450023942,1,1,0,18,0,1,5,0,3,0,0,1,6,1,12,3,-1,-1,-1,-1,1,-1
2015450023942,2,9,0,5,0,1,0,0,0,0,0,1,6,2,44,7,2488,1,10,-1,1,-1
2015450023950,1,9,0,5,0,2,0,0,0,0,1,1,6,2,50,8,1248,2,7,-1,1,-1
2015450023950,2,1,0,18,0,2,0,0,0,0,2,1,6,2,57,9,-1,-1,-1,-1,3,-1
2015450023953,1,9,0,10,0,5,0,0,0,0,2,1,6,2,42,7,1197,1,4,-1,1,-1
2015450023953,2,9,0,18,0,1,0,0,0,0,1,1,2,2,24,5,1968,2,3,-1,1,-1
2015450023959,1,9,0,4,0,1,0,0,0,0,1,1,6,2,46,8,1199,1,12,-1,3,-1
2015450023959,2,9,0,3,0,4,0,0,0,0,2,1,6,2,52,8,1339,1,6,-1,1,-1
2015450023961,1,1,0,18,0,0,0,0,0,0,3,1,6,1,67,10,-1,-1,-1,-1,1,-1
2015450023961,2,9,0,18,0,0,0,0,0,0,2,1,6,2,-1,-1,1596,1,13,-1,-1,-1
2015450023968,1,3,0,18,0,0,2,0,0,0,1,1,6,1,21,5,124,1,11,-1,1,-1
2015450023969,1,9,0,18,0,0,0,0,0,0,1,1,6,1,21,5,1598,1,13,-1,1,-1
2015450023969,2,9,0,3,0,0,0,0,0,0,2,1,1,1,34,6,2143,2,1,-1,2,-1
2015450023970,1,1,0,18,0,0,0,0,0,0,3,1,1,1,-1,-1,-1,-1,-1,-1,1,-1
2015450023970,2,11,0,18,0,0,0,0,0,0,4,1,6,1,56,9,9360,2,4,-1,1,-1
2015450023971,1,3,0,17,0,1,1,11,1,10,4,1,6,1,22,5,124,1,1,-1,1,-1
2015450023974,1,19,0,18,0,0,0,0,0,0,4,1,6,3,-1,-1,-1,-1,-1,-1,-1,-1
2015450023978,1,1,0,18,0,0,0,0,0,0,0,1,6,1,19,4,-1,-1,-1,-1,1,-1
2015450023979,1,9,0,18,0,0,0,0,0,0,3,1,6,2,42,7,-1,-1,-1,-1,1,-1
2015450023979,2,90,0,18,0,0,0,0,0,0,2,1,6,1,25,5,2287,2,4,-1,1,-1
2015450023979,3,9,0,18,0,0,0,0,0,0,2,1,1,2,58,9,1197,1,1,-1,2,-1
2015450023980,1,9,0,18,0,0,0,0,0,0,4,1,6,1,-1,-1,-1,-1,-1,-1,1,-1
2015450023982,1,9,0,18,0,0,0,0,0,0,3,1,6,1,77,11,2198,2,7,-1,1,-1
2015450023984,1,9,0,18,0,1,0,0,0,0,3,1,6,2,64,9,1299,1,11,-1,1,-1
2015450023984,2,9,0,2,0,1,0,0,0,0,3,1,6,2,-1,-1,-1,-1,-1,-1,1,-1
2015450023987,1,9,0,18,0,0,0,0,0,0,0,1,6,2,69,10,1339,1,6,-1,1,-1
2015450023988,1,9,0,18,0,0,0,0,7,4,1,1,1,2,52,8,1242,1,3,-1,1,-1
2015450023990,1,9,0,18,0,0,0,0,0,0,0,1,6,2,51,8,1329,1,2,-1,1,-1
2015450023990,2,9,0,18,0,0,0,0,0,0,0,1,6,2,46,8,1896,2,13,-1,1,-1
2015450023991,1,9,0,18,0,1,0,0,0,0,1,1,6,2,40,7,1461,2,5,-1,1,-1
2015450023994,1,9,0,16,0,0,0,0,0,0,1,1,6,2,81,11,1598,1,12,-1,2,-1
2015450023994,2,9,0,17,0,0,0,0,0,0,1,1,6,1,49,8,1997,1,15,-1,3,-1
2015450023995,1,19,0,18,0,0,1,0,8,4,1,1,6,1,19,4,1560,2,4,-1,3,-1
2015450023996,1,5,0,18,0,0,1,0,0,0,3,1,6,2,25,5,998,1,12,-1,3,-1
2015450023997,1,9,0,18,0,1,0,0,0,0,1,1,2,1,31,6,-1,-1,-1,-1,1,-1
2015450023997,2,19,0,4,0,1,0,0,0,0,2,1,2,1,56,9,1560,2,5,-1,1,-1
2015450023998,1,9,0,18,0,0,0,6,0,0,1,1,6,1,32,6,1998,1,15,-1,1,-1
2015450024000,1,9,0,3,0,0,0,0,0,0,2,1,6,1,50,8,1341,1,10,-1,1,-1
2015450024000,2,9,0,3,0,0,0,0,0,0,2,1,6,2,63,9,1560,2,6,-1,1,-1
2015450024000,3,9,0,4,0,0,0,0,0,0,1,1,6,1,-1,-1,1796,1,12,-1,1,-1
2015450024001,1,1,0,18,0,0,0,0,0,0,4,1,6,2,-1,-1,-1,-1,-1,-1,1,-1
2015450024002,1,1,0,18,0,2,5,0,0,0,1,1,2,1,37,7,-1,-1,-1,-1,1,-1
2015450024002,2,9,0,7,0,5,0,0,0,0,4,1,6,1,-1,-1,-1,-1,-1,-1,-1,-1
2015450024003,1,3,0,18,0,1,0,0,0,0,1,1,6,1,26,6,124,1,9,-1,1,-1
2015450024005,1,9,0,5,0,1,0,0,0,0,4,1,6,1,60,9,1968,2,7,-1,1,-1
2015450024005,2,3,0,5,0,1,0,0,0,0,3,1,6,1,17,4,124,1,3,-1,3,-1
2015450024010,1,9,0,18,0,1,0,0,0,0,0,1,6,2,44,7,1968,2,7,-1,1,-1
2015450024011,1,9,0,18,0,0,0,0,0,0,1,1,6,3,-1,-1,-1,-1,-1,-1,-1,-1
2015450024017,1,9,0,18,9,6,0,0,0,0,1,1,6,2,29,6,2143,2,1,-1,1,-1
2015450024017,2,1,0,18,9,1,0,0,0,0,1,1,6,2,11,3,-1,-1,-1,-1,1,-1
2015450024024,1,5,0,18,0,0,2,0,0,0,3,1,6,1,37,7,998,1,7,-1,1,-1
2015450024027,1,9,0,7,0,3,0,0,0,0,1,1,2,1,25,5,1796,1,14,-1,1,-1
2015450024027,2,9,0,9,0,8,0,0,0,0,3,1,6,1,-1,-1,2179,2,-1,-1,3,-1
2015450024029,1,9,0,18,0,0,0,0,0,0,1,1,2,1,18,4,1242,1,3,-1,1,-1
2015450024029,2,9,0,18,0,0,0,0,0,0,2,1,6,1,27,6,1422,2,7,-1,1,-1
2015450024029,3,9,0,10,0,0,0,0,0,0,2,1,1,1,34,6,1582,2,4,-1,3,-1
2015450024035,1,9,0,18,0,0,0,0,0,0,4,1,6,1,58,9,998,1,7,-1,1,-1
2015450024035,2,21,1,18,0,0,0,0,0,0,4,1,1,1,-1,-1,-1,-1,-1,-1,-1,-1
2015450024037,1,9,0,18,0,1,0,0,0,0,1,1,6,2,37,7,2496,2,13,-1,1,-1
2015450024037,2,9,0,7,0,6,0,0,0,0,2,1,6,2,-1,-1,1497,8,8,-1,1,-1
2015450024038,1,1,0,9,0,1,5,0,0,0,0,1,6,2,51,8,-1,-1,-1,-1,1,-1
2015450024041,1,9,0,18,0,0,1,0,0,0,1,1,6,2,19,4,-1,-1,-1,-1,1,-1
2015450024042,1,9,0,16,0,0,0,0,1,0,1,1,6,1,20,4,1149,1,18,-1,1,-1
2015450024042,2,9,0,16,0,0,0,0,0,0,0,1,6,3,-1,-1,-1,-1,-1,-1,-1,-1
2015450024044,1,1,0,18,0,0,0,0,0,0,0,1,6,2,51,8,-1,-1,-1,-1,3,-1
2015450024045,1,1,0,18,0,0,0,0,0,0,3,1,6,1,47,8,-1,-1,-1,-1,1,-1
2015450024045,2,19,0,18,0,0,0,0,0,0,4,1,1,1,-1,-1,1686,2,11,-1,3,-1
2015450024048,1,9,0,4,0,0,0,0,0,0,1,1,6,2,87,11,1339,1,9,-1,-1,-1
2015450024048,2,9,0,18,0,0,0,0,0,0,2,1,6,1,34,6,1395,1,-1,-1,1,-1
2015450024049,1,9,0,9,0,5,0,0,0,0,3,1,6,1,18,4,1229,1,10,-1,1,-1
2015450024049,2,5,0,14,0,1,5,0,0,0,1,1,1,1,54,8,600,1,3,-1,1,-1
2015450024051,1,9,0,18,0,0,0,0,0,0,2,1,6,2,58,9,1339,8,5,-1,1,-1
2015450024051,2,9,0,18,0,0,0,0,0,0,2,1,6,1,52,8,-1,3,1,-1,1,-1
2015450024051,3,9,0,18,0,0,0,0,0,0,1,1,6,1,36,7,1798,1,5,-1,1,-1
2015450024051,4,9,0,18,0,0,0,0,0,0,1,1,6,1,32,6,998,1,1,-1,1,-1
2015450024053,1,9,0,3,0,0,0,0,0,0,2,1,6,1,61,9,1798,1,-1,-1,3,-1
2015450024053,2,9,0,3,0,0,0,0,0,0,2,1,6,1,24,5,1397,1,4,-1,1,-1
2015450024053,3,9,0,12,0,0,0,0,0,0,1,1,1,1,52,8,-1,-1,-1,-1,3,-1
2015450024053,4,9,0,2,0,0,0,0,0,0,0,1,6,3,-1,-1,1968,2,-1,-1,-1,-1
2015450024055,1,9,0,1,0,1,0,0,0,0,2,1,6,1,92,11,1339,1,2,-1,1,-1
2015450024055,2,19,0,3,0,1,0,0,0,0,1,1,1,1,26,6,-1,-1,-1,-1,1,-1
2015450024057,1,9,0,18,0,1,0,0,0,0,1,1,6,2,68,10,-1,-1,-1,-1,1,-1
2015450024057,2,9,0,8,0,1,0,0,0,0,2,1,6,1,62,9,1395,1,1,-1,1,-1
2015450024057,3,9,0,4,0,1,0,0,0,0,1,1,6,2,63,9,1596,1,9,-1,1,-1
2015450024059,1,9,0,18,0,1,0,0,0,0,3,1,6,1,27,6,1951,2,13,-1,1,-1
2015450024059,2,9,0,4,0,1,0,0,0,0,1,1,2,1,46,8,1799,1,7,-1,1,-1
2015450024061,1,9,0,9,0,2,0,0,0,0,4,1,6,1,-1,-1,1598,1,14,-1,1,-1
2015450024066,1,9,0,17,0,4,0,0,0,0,1,1,6,1,34,6,3456,8,7,-1,1,-1
2015450024066,2,9,0,17,0,8,0,0,0,0,1,1,6,2,24,5,1560,2,4,-1,2,-1
2015450024072,1,9,0,18,0,1,0,0,0,0,1,1,6,2,34,6,1968,2,5,-1,1,-1
2015450024072,2,1,0,18,0,1,0,0,0,0,1,1,6,1,5,1,-1,-1,-1,-1,1,-1
2015450024073,1,9,0,7,0,8,0,0,0,0,1,1,6,2,26,6,1242,1,3,-1,1,-1
2015450024073,2,11,0,18,2,8,0,0,0,0,3,1,1,1,31,6,4500,2,7,-1,1,-1
2015450024075,1,1,0,18,0,1,0,0,0,0,3,1,6,1,31,6,-1,-1,-1,-1,1,-1
2015450024075,2,9,0,18,0,1,0,0,0,0,4,1,6,2,-1,-1,1242,1,7,-1,1,-1
2015450024076,1,9,0,4,0,2,0,0,0,0,1,1,6,1,27,6,1598,1,10,-1,1,-1
2015450024076,2,9,0,3,0,1,0,0,0,0,2,1,6,1,46,8,1598,1,6,-1,1,-1
2015450024077,1,9,0,18,0,0,0,0,1,0,1,1,6,1,19,4,1149,1,10,-1,1,-1
2015450024078,1,9,0,18,0,1,5,0,1,0,1,1,6,2,60,9,1995,2,10,-1,1,-1
2015450024079,1,20,0,18,0,1,0,0,0,0,1,1,6,1,47,8,9364,2,9,-1,1,-1
2015450024079,2,9,0,18,0,1,0,0,0,0,1,1,6,1,56,9,1910,2,9,-1,1,-1
2015450024083,1,9,0,5,0,2,0,0,0,0,1,1,6,2,-1,-1,1794,1,13,-1,1,-1
2015450024083,2,1,0,18,0,1,0,0,0,0,4,1,6,1,54,8,-1,-1,-1,-1,1,-1
2015450024092,1,9,0,9,0,6,0,0,0,0,1,1,6,1,19,4,1390,1,9,-1,3,-1
2015450024092,2,9,0,18,0,1,0,0,0,0,1,1,6,2,26,6,1896,2,13,-1,1,-1
2015450024092,3,9,0,3,0,1,0,0,0,0,1,1,6,2,45,7,1995,2,10,-1,1,-1
2015450024092,4,9,0,3,0,1,0,0,0,0,3,1,2,1,51,8,1968,2,6,-1,1,-1
2015450024095,1,9,0,17,0,8,1,0,1,0,1,1,2,2,27,6,1275,1,22,-1,1,-1
2015450024098,1,9,0,17,0,1,0,0,1,0,1,1,6,1,21,5,1199,1,12,-1,3,-1
2015450024103,1,20,0,18,0,1,0,0,0,0,3,1,6,3,-1,-1,-1,-1,-1,-1,-1,-1
2015450024103,2,1,0,18,0,1,0,0,0,0,4,1,6,1,33,6,-1,-1,-1,-1,1,-1
2015450024104,1,9,0,18,0,0,0,0,0,0,1,1,6,1,41,7,1149,1,19,-1,1,-1
2015450024106,1,9,0,18,0,0,0,0,0,0,1,1,2,1,37,7,1796,1,14,-1,1,-1
2015450024111,1,9,0,4,0,4,0,0,0,0,1,1,6,1,51,8,1596,1,15,-1,1,-1
2015450024112,1,19,0,9,0,5,0,0,0,0,4,1,1,1,25,5,1968,2,1,-1,1,-1
2015450024112,2,9,0,18,0,1,0,0,0,0,1,1,6,2,27,6,1761,1,14,-1,1,-1
2015450024113,1,9,0,18,0,0,1,0,0,0,1,1,6,1,70,10,1896,2,10,-1,1,-1
2015450024113,2,9,0,4,0,0,0,0,0,0,2,1,6,1,33,6,1995,2,7,-1,1,-1
2015450024115,1,9,0,17,0,0,2,0,8,3,4,1,2,1,24,5,1796,1,15,-1,2,-1
2015450024117,1,9,0,18,0,0,0,0,0,0,1,1,6,3,-1,-1,-1,-1,-1,-1,-1,-1
2015450024118,1,9,0,18,0,0,0,0,0,0,0,1,6,3,-1,-1,-1,-1,-1,-1,-1,-1
2015450024118,2,9,0,4,0,0,0,0,0,0,2,1,2,1,42,7,-1,-1,-1,-1,1,-1
2015450024118,3,9,0,3,0,0,0,0,0,0,2,1,6,2,49,8,3000,1,13,-1,2,-1
2015450024120,1,8,0,18,0,0,2,0,0,0,1,1,1,1,46,8,2664,2,16,-1,1,-1
2015450024121,1,9,0,18,0,0,0,0,0,0,1,1,6,2,81,11,1390,1,12,-1,1,-1
2015450024121,2,3,0,2,0,0,0,0,0,0,1,1,6,1,24,5,124,1,8,-1,2,-1
2015450024121,3,9,0,2,0,0,0,0,0,0,2,1,6,2,-1,-1,998,1,12,-1,1,-1
2015450024124,1,9,0,9,0,6,0,0,0,0,1,1,3,1,43,7,2995,1,10,-1,2,-1
2015450024137,1,9,0,17,0,8,0,0,0,0,0,1,6,3,-1,-1,2496,1,11,-1,-1,-1
2015450024137,2,9,0,18,0,8,0,0,0,0,1,1,2,2,29,6,2435,1,15,-1,1,-1
2015450024137,3,9,0,18,0,8,0,0,0,0,2,1,2,1,41,7,2967,2,8,-1,1,-1
2015450024153,1,9,0,2,0,0,0,0,0,0,3,1,6,2,46,8,3311,8,7,-1,1,-1
2015450024153,2,1,0,14,0,0,5,8,0,0,1,1,6,2,42,7,-1,-1,-1,-1,1,-1
2015450024155,1,1,0,18,0,0,0,0,0,0,1,1,6,1,56,9,-1,-1,-1,-1,1,-1
2015450024168,1,9,0,5,9,4,0,0,0,0,4,1,6,1,58,9,-1,-1,-1,-1,1,-1
2015450024172,1,9,0,17,0,0,1,0,7,0,3,1,6,2,18,4,1242,1,3,-1,3,-1
2015450024172,2,9,0,16,0,0,1,0,0,0,4,1,3,1,27,6,2497,2,6,-1,1,-1
2015450024172,3,9,0,17,0,0,0,0,1,0,3,1,2,1,50,8,-1,-1,-1,-1,1,-1
2015450024173,1,9,0,9,0,5,0,0,0,0,1,1,6,1,40,7,1896,2,10,-1,1,-1
2015450024173,2,4,0,3,0,1,0,0,0,0,1,1,6,1,43,7,1127,1,24,-1,1,-1
2015450024173,3,9,0,3,0,1,0,0,0,0,0,1,6,2,27,6,1124,1,11,-1,1,-1
2015450024181,1,9,0,9,0,4,0,0,0,0,0,1,6,3,-1,-1,1600,1,11,-1,1,-1
2015450024181,2,9,0,3,0,8,0,0,0,0,2,1,6,2,21,5,1299,1,13,-1,1,-1
2015450024198,1,1,0,18,0,0,0,0,0,0,1,1,2,1,46,8,-1,-1,-1,-1,1,-1
2015450024202,1,19,0,5,0,1,0,0,0,0,1,1,1,1,40,7,2198,2,3,-1,1,-1
2015450024202,2,9,0,5,0,8,0,0,0,0,2,1,1,1,23,5,-1,-1,-1,-1,1,-1
2015450024202,3,9,0,3,0,8,0,0,0,0,2,1,2,1,48,8,1998,1,1,-1,1,-1
2015450024205,1,9,0,7,0,3,0,0,1,0,1,1,6,2,53,8,995,1,7,-1,1,-1
2015450024205,2,9,0,10,0,4,0,0,0,0,3,1,6,1,18,4,1396,1,15,-1,1,-1
2015450024210,1,21,1,18,0,0,1,0,0,0,1,1,1,1,55,8,12777,2,1,-1,1,-1
2015450024210,2,8,0,18,0,0,0,0,0,0,2,1,1,1,56,9,-1,-1,-1,-1,1,-1
2015450024210,3,9,0,18,0,0,0,0,0,0,2,1,1,1,67,10,2143,2,2,-1,1,-1
2015450024215,1,1,0,18,0,8,5,0,0,0,1,1,6,1,41,7,-1,-1,-1,-1,1,-1
2015450024215,2,9,0,18,0,8,0,0,0,0,3,1,6,2,-1,-1,1242,1,7,-1,3,-1
2015450024222,1,9,0,5,0,1,0,0,0,0,1,1,6,2,37,7,1997,1,13,-1,1,-1
2015450024222,2,3,0,18,0,1,0,0,0,0,2,1,6,1,50,8,124,1,6,-1,1,-1
2015450024228,1,19,0,3,0,1,0,0,0,0,1,1,1,1,35,6,4462,2,1,-1,1,-1
2015450024228,2,19,0,4,0,1,0,0,0,0,2,1,1,1,30,6,2143,2,3,-1,1,-1
2015450024235,1,9,0,1,0,1,0,0,0,0,2,1,6,1,50,8,5204,1,5,-1,1,-1
2015450024236,1,9,0,3,0,0,0,0,0,0,2,1,6,1,44,7,1598,1,5,-1,1,-1
2015450024236,2,9,0,18,0,0,0,0,0,0,1,1,6,2,28,6,1796,1,14,-1,1,-1
2015450024252,1,9,0,13,0,0,0,0,0,0,1,1,1,1,31,6,1984,1,-1,-1,3,-1
2015450024252,2,5,0,16,0,0,5,0,0,0,1,1,1,1,23,5,599,1,1,-1,1,-1
2015450024262,1,9,0,4,0,0,0,0,0,0,1,1,2,1,49,8,1398,1,10,-1,1,-1
2015450024262,2,9,0,4,0,0,0,0,0,0,2,1,6,2,50,8,1229,1,1,-1,1,-1
2015450024262,3,9,0,4,0,0,0,0,0,0,2,1,6,2,32,6,1360,1,8,-1,1,-1
2015450024262,4,3,0,18,0,0,0,0,0,0,2,1,6,1,50,8,124,1,6,-1,1,-1
2015450024263,1,3,0,16,0,0,2,0,0,0,1,1,6,1,25,5,124,1,2,-1,1,-1
2015450024263,2,19,0,17,0,0,0,0,0,0,1,1,1,1,45,7,2402,2,5,-1,1,-1
2015450024265,1,3,0,16,0,1,0,0,0,0,1,1,6,1,17,4,124,1,5,-1,1,-1
2015450024265,2,9,0,17,0,1,0,0,0,0,1,1,6,2,49,8,2435,1,11,-1,1,-1
2015450024268,1,2,0,4,0,0,0,0,0,0,1,1,6,1,51,8,50,1,1,-1,1,-1
2015450024268,2,19,0,1,0,0,0,0,0,0,2,1,6,1,-1,-1,2198,2,3,-1,1,-1
2015450024273,1,9,0,18,0,0,0,0,0,0,1,1,6,2,28,6,-1,-1,-1,-1,1,-1
2015450024274,1,9,0,17,0,0,0,0,0,0,1,1,6,3,-1,-1,-1,-1,-1,-1,-1,-1
2015450024274,2,9,0,16,0,0,0,0,0,0,3,1,6,2,18,4,1391,1,13,-1,1,-1
2015450024275,1,9,0,7,0,1,0,0,0,0,1,1,6,2,24,5,1229,1,2,-1,1,-1
2015450024280,1,20,0,3,0,1,0,0,0,0,2,1,1,1,42,7,12777,2,8,-1,1,-1
2015450024280,2,9,0,3,0,1,0,0,0,0,1,1,1,1,59,9,1896,2,7,-1,1,-1
2015450024280,3,9,0,18,0,1,0,0,0,0,1,1,2,2,63,9,1995,2,2,-1,3,-1
2015450024281,1,1,0,18,0,1,0,0,0,0,1,1,6,1,13,3,-1,-1,-1,-1,1,-1
2015450024281,2,9,0,18,0,1,0,0,0,0,1,1,6,1,-1,-1,1560,2,3,-1,1,-1
2015450024284,1,9,0,18,0,0,0,0,0,0,1,1,2,1,35,6,1796,1,9,-1,2,-1
2015450024285,1,3,0,18,0,0,1,0,0,0,1,1,6,1,19,4,124,1,1,-1,1,-1
2015450024285,2,9,0,18,0,0,0,0,0,0,0,1,6,2,55,8,1390,1,4,-1,3,-1
2015450024286,1,1,0,18,0,0,0,0,0,0,1,1,6,1,13,3,-1,-1,-1,-1,1,-1
2015450024286,2,9,0,13,0,0,0,0,0,0,4,1,6,3,-1,-1,-1,-1,-1,-1,-1,-1
2015450024288,1,9,0,18,0,1,0,0,0,0,1,1,6,1,23,5,-1,-1,-1,-1,1,-1
2015450024288,2,9,0,9,0,5,0,0,0,0,3,1,3,1,73,10,1497,8,10,-1,1,-1
2015450024288,3,9,0,10,0,6,0,0,0,0,3,1,6,2,68,10,1198,1,1,-1,1,-1
2015450024291,1,9,0,5,0,1,0,0,0,0,2,1,2,1,47,8,1968,2,1,-1,1,-1
2015450024291,2,3,0,4,0,1,0,0,0,0,2,1,6,1,51,8,-1,-1,-1,-1,1,-1
2015450024291,3,9,0,4,0,1,0,0,0,0,1,1,2,1,21,5,1598,1,13,-1,1,-1
2015450024308,1,19,0,18,0,0,0,0,0,0,1,1,1,1,49,8,2143,2,5,-1,1,-1
2015450024308,2,19,0,3,0,0,0,0,0,0,2,1,1,1,53,8,2143,2,3,-1,1,-1
2015450024310,1,9,0,18,0,0,0,0,0,0,1,1,6,2,22,5,1242,1,2,-1,1,-1
2015450024310,2,9,0,18,0,0,0,0,0,0,2,1,6,1,47,8,1997,2,4,-1,1,-1
2015450024313,1,9,0,15,0,3,0,0,0,0,3,1,1,1,34,6,1364,2,2,-1,1,-1
2015450024313,2,9,0,12,0,3,0,0,0,0,1,1,2,1,34,6,1596,1,7,-1,1,-1
2015450024317,1,9,0,18,0,0,2,0,0,0,1,1,6,1,17,4,1296,1,8,-1,1,-1
2015450024317,2,19,0,4,0,0,0,0,0,0,1,1,1,1,72,10,1968,2,1,-1,2,-1
2015450024319,1,9,0,17,0,0,1,0,2,0,1,1,6,1,26,6,1389,1,15,-1,1,-1
2015450024320,1,9,0,11,0,0,1,0,1,0,3,1,6,2,40,7,1248,2,8,-1,1,-1
2015450024322,1,9,0,18,0,0,0,7,0,0,1,1,2,2,38,7,1390,1,3,-1,1,-1
2015450024322,2,9,0,18,0,0,0,0,0,0,1,1,6,1,48,8,2987,2,7,-1,1,-1
2015450024322,3,9,0,18,0,0,0,0,0,0,1,1,6,1,58,9,1598,1,4,-1,1,-1
2015450024341,1,19,0,5,0,8,0,0,0,0,1,1,3,2,56,9,2198,2,6,-1,1,-1
2015450024341,2,9,0,5,0,8,0,0,0,0,1,1,3,1,51,8,1796,1,10,-1,1,-1
2015450024349,1,9,0,18,0,0,0,0,0,0,2,1,6,2,32,6,1461,2,-1,-1,1,-1
2015450024349,2,9,0,18,0,0,0,0,0,0,1,1,6,3,-1,-1,-1,-1,-1,-1,-1,-1
2015450024352,1,11,0,18,0,0,0,0,0,0,0,1,1,2,41,7,5883,2,13,-1,1,-1
2015450024352,2,9,0,11,0,0,0,0,0,0,0,1,6,3,-1,-1,-1,-1,-1,-1,-1,-1
2015450024354,1,9,0,18,0,0,0,0,0,0,2,1,6,2,65,9,-1,-1,-1,-1,1,-1
2015450024354,2,9,0,18,0,0,0,0,0,0,1,1,6,2,-1,-1,998,1,2,-1,1,-1
2015450024356,1,9,0,5,0,6,0,0,0,0,2,1,6,2,22,5,1360,1,12,-1,1,-1
2015450024356,2,1,0,18,0,1,0,0,0,0,1,1,6,1,41,7,-1,-1,-1,-1,1,-1
2015450024357,1,9,0,12,0,0,0,0,0,0,0,1,6,3,-1,-1,-1,-1,-1,-1,-1,-1
2015450024357,2,9,0,18,0,0,0,0,0,0,2,1,2,1,31,6,1896,2,14,-1,1,-1
2015450024357,3,19,0,18,0,0,0,0,0,0,1,1,1,1,30,6,1968,2,3,-1,1,-1
2015450024359,1,1,0,18,0,1,0,0,0,0,3,1,4,2,6,2,-1,-1,-1,-1,3,-1
2015450024359,2,9,0,2,0,1,0,0,0,0,4,1,6,1,-1,-1,1995,2,3,-1,2,-1
2015450024361,1,9,0,13,0,0,2,10,1,0,1,1,6,1,21,5,2997,1,21,-1,1,-1
2015450024361,2,9,0,16,0,0,0,0,0,0,0,1,6,1,32,6,1198,1,8,-1,1,-1
2015450024361,3,19,0,18,0,0,0,0,0,0,0,1,6,1,31,6,2987,2,6,-1,3,-1
2015450024362,1,9,0,5,0,4,0,0,0,0,1,1,6,2,69,10,1339,1,7,-1,1,-1
2015450024362,2,1,0,17,0,8,0,0,0,0,2,1,6,2,51,8,-1,-1,-1,-1,1,-1
2015450024365,1,1,0,17,0,0,0,0,0,0,1,1,6,2,40,7,-1,-1,-1,-1,1,-1
2015450024368,1,1,0,18,0,0,0,11,0,0,1,1,6,1,52,8,-1,-1,-1,-1,1,-1
2015450024369,1,5,0,4,0,0,0,0,0,0,0,1,6,1,45,7,1450,1,17,-1,3,-1
2015450024382,1,9,0,18,0,1,0,0,0,0,3,1,6,2,73,10,1598,1,7,-1,1,-1
2015450024382,2,9,0,18,0,1,0,0,0,0,4,1,6,3,-1,-1,-1,-1,-1,-1,-1,-1
2015450024383,1,21,1,12,0,0,0,0,0,0,1,1,6,1,42,7,-1,-1,-1,-1,-1,-1
2015450024383,2,9,0,18,0,0,0,0,0,0,2,1,6,2,46,8,1497,1,9,-1,1,-1
2015450024387,1,9,0,16,0,0,0,0,0,0,3,1,6,1,87,11,1242,1,7,-1,3,-1
2015450024387,2,9,0,17,0,0,0,0,0,0,1,1,6,2,46,8,1968,2,2,-1,2,-1
2015450024392,1,9,0,9,0,5,0,0,0,0,4,1,6,2,22,5,989,1,11,-1,1,-1
2015450024392,2,9,0,18,2,1,0,0,0,0,3,1,6,3,-1,-1,1798,1,11,-1,-1,-1
2015450024395,1,9,0,5,0,0,0,0,0,0,1,1,6,2,23,5,1299,1,9,-1,1,-1
2015450024395,2,9,0,18,0,0,0,0,0,0,4,1,6,1,25,5,1598,2,2,-1,1,-1
2015450024397,1,9,0,3,0,0,0,0,0,0,2,1,6,1,41,7,1900,2,9,-1,1,-1
2015450024397,2,9,0,18,0,0,0,0,0,0,1,1,6,2,83,11,1389,1,11,-1,1,-1