Accident_Index,Vehicle_Reference,Vehicle_Type,Towing_and_Articulation,Vehicle_Manoeuvre,Vehicle_Location-Restricted_Lane,Junction_Location,Skidding_and_Overturning,Hit_Object_in_Carriageway,Vehicle_Leaving_Carriageway,Hit_Object_off_Carriageway,1st_Point_of_Impact,Was_Vehicle_Left_Hand_Drive?,Journey_Purpose_of_Driver,Sex_of_Driver,Age_of_Driver,Age_Band_of_Driver,Engine_Capacity_(CC),Propulsion_Code,Age_of_Vehicle,Driver_IMD_Decile,Driver_Home_Area_Type,Vehicle_IMD_Decile
2015450024398,1,9,0,9,0,5,0,0,0,0,1,1,1,1,29,6,998,1,12,-1,1,-1
2015450024398,2,1,0,18,0,1,5,0,0,0,1,1,1,2,61,9,-1,-1,-1,-1,1,-1
2015450024400,1,9,0,18,0,0,2,0,0,0,1,1,6,2,24,5,1560,2,8,-1,1,-1
2015450024400,2,11,0,18,0,0,0,0,0,0,3,1,1,1,54,8,-1,-1,-1,-1,-1,-1
2015450024408,1,1,0,18,0,8,0,0,0,0,3,1,6,2,49,8,-1,-1,-1,-1,1,-1
2015450024408,2,8,0,7,0,3,0,0,0,0,4,1,1,1,58,9,2148,2,5,-1,1,-1
2015450024409,1,9,0,18,0,0,0,0,0,0,1,1,6,1,88,11,1339,1,10,-1,1,-1
2015450024421,1,1,0,7,0,1,0,0,0,0,1,1,6,1,41,7,-1,-1,-1,-1,1,-1
2015450024430,1,9,0,9,0,1,0,0,0,0,1,1,6,1,49,8,1968,2,2,-1,1,-1
2015450024430,2,9,0,18,0,1,0,0,0,0,1,1,6,1,64,9,1896,2,12,-1,1,-1
2015450024431,1,5,0,4,0,0,0,0,0,0,2,1,1,1,43,7,599,1,2,-1,-1,-1
2015450024431,2,19,0,1,0,0,0,0,0,0,1,1,1,1,41,7,-1,-1,-1,-1,1,-1
2015450024448,1,9,0,18,0,0,0,0,0,0,1,1,6,2,75,10,1339,1,8,-1,1,-1
2015450024448,2,9,0,4,0,0,0,0,0,0,2,1,6,1,69,10,2231,2,1,-1,1,-1
2015450024465,1,3,0,18,0,0,0,0,0,0,1,1,6,1,17,4,125,1,6,-1,1,-1
2015450024465,2,9,0,4,0,0,0,0,0,0,2,1,6,1,43,7,1995,2,3,-1,2,-1
2015450024468,1,9,0,16,0,0,1,0,1,7,1,1,6,1,25,5,1341,1,10,-1,1,-1
2015450024470,1,9,0,9,0,5,0,0,0,0,1,1,6,2,40,7,1984,1,4,-1,1,-1
2015450024470,2,9,0,18,0,1,0,0,0,0,1,1,6,2,24,5,1086,1,10,-1,2,-1
2015450024473,1,9,0,1,0,1,0,0,0,0,2,1,6,1,47,8,1242,1,10,-1,1,-1
2015450024480,1,9,0,18,0,0,0,0,0,0,3,1,6,1,30,6,1988,1,16,-1,1,-1
2015450024480,2,9,0,18,0,0,0,0,1,0,1,1,1,1,38,7,1560,2,2,-1,1,-1
2015450024499,1,19,0,3,0,1,0,0,0,0,2,1,1,1,31,6,-1,-1,-1,-1,2,-1
2015450024499,2,9,0,18,0,7,0,0,0,0,1,1,6,2,41,7,1596,1,15,-1,-1,-1
2015450024505,1,9,0,13,0,1,0,0,0,0,1,1,2,1,34,6,1597,1,6,-1,1,-1
2015450024505,2,19,0,18,0,2,0,0,0,0,1,1,1,1,28,6,2143,2,-1,-1,2,-1
2015450024505,3,9,0,10,0,1,0,0,0,0,2,1,1,1,47,8,-1,-1,-1,-1,1,-1
2015450024506,1,9,0,18,0,0,0,0,0,0,1,1,6,2,54,8,2204,2,10,-1,1,-1
2015450024506,2,9,0,18,0,0,0,0,1,11,1,1,6,2,23,5,1248,2,6,-1,3,-1
2015450024514,1,1,0,7,0,1,0,0,0,0,0,1,6,2,68,10,-1,-1,-1,-1,1,-1
2015450024516,1,9,0,18,0,0,0,0,0,0,4,1,6,1,83,11,1995,2,10,-1,1,-1
2015450024517,1,9,0,16,0,0,0,0,7,0,1,1,2,1,18,4,1242,1,13,-1,3,-1
2015450024523,1,9,0,18,0,0,0,0,0,0,0,1,6,3,-1,-1,-1,-1,-1,-1,-1,-1
2015450024523,2,1,0,18,0,0,5,0,0,0,0,1,6,1,21,5,-1,-1,-1,-1,1,-1
2015450024524,1,5,0,17,0,0,2,0,1,9,1,1,6,1,42,7,400,1,26,-1,1,-1
2015450024525,1,9,0,5,0,1,0,0,0,0,4,1,6,1,18,4,1124,1,15,-1,1,-1
2015450024525,2,9,0,5,0,1,0,0,0,0,1,1,6,1,41,7,1560,2,6,-1,1,-1
2015450024526,1,9,0,18,0,0,1,0,2,7,1,1,6,1,28,6,1248,2,3,-1,1,-1
2015450024527,1,9,0,16,0,0,2,10,1,4,4,1,6,1,18,4,1229,1,3,-1,1,-1
2015450024528,1,9,0,4,0,0,0,0,0,0,1,1,6,2,85,11,1124,1,5,-1,1,-1
2015450024528,2,9,0,3,0,0,0,0,0,0,2,1,6,1,42,7,1999,1,8,-1,3,-1
2015450024528,3,9,0,3,0,0,0,0,0,0,2,1,6,1,54,8,1229,1,5,-1,2,-1
2015450024531,1,9,0,18,0,0,0,0,0,0,1,1,6,2,28,6,1900,2,8,-1,1,-1
2015450024531,2,9,0,4,0,0,0,0,0,0,2,1,6,2,29,6,1248,1,2,-1,1,-1
2015450024531,3,9,0,18,0,0,0,0,0,0,4,1,6,1,74,10,2143,2,4,-1,1,-1
2015450024545,1,19,0,9,0,8,0,0,0,0,3,1,1,1,23,5,2287,2,1,-1,1,-1
2015450024545,2,9,0,18,0,8,0,0,0,0,1,1,6,1,31,6,2993,2,4,-1,1,-1
2015450024551,1,9,0,13,0,1,0,0,0,0,1,1,6,3,-1,-1,-1,-1,-1,-1,-1,-1
2015450024551,2,19,0,9,0,5,0,0,0,0,3,1,2,1,26,6,1398,2,7,-1,3,-1
2015450024556,1,9,0,5,0,0,0,0,0,0,1,1,2,2,41,7,1991,2,4,-1,1,-1
2015450024556,2,9,0,18,0,0,2,10,0,0,1,1,2,1,40,7,1686,2,3,-1,1,-1
2015450024574,1,9,0,9,0,6,0,0,0,0,3,1,3,1,51,8,1560,2,6,-1,1,-1
2015450024574,2,17,4,17,0,8,0,0,0,0,1,1,2,1,50,8,-1,2,3,-1,3,-1
2015450024575,1,9,0,3,0,4,0,0,0,0,1,1,1,2,35,6,1598,1,5,-1,1,-1
2015450024575,2,9,0,3,0,4,0,0,0,0,2,1,1,2,38,7,1582,2,7,-1,1,-1
2015450024577,1,9,0,18,0,0,1,0,5,6,1,1,6,2,27,6,-1,-1,-1,-1,1,-1
2015450024578,1,1,0,18,0,0,0,10,0,0,3,1,6,1,40,7,-1,-1,-1,-1,1,-1
2015450024578,2,9,0,18,0,0,0,0,0,0,4,1,6,3,-1,-1,-1,-1,-1,-1,-1,-1
2015450024579,1,9,0,9,0,2,0,0,0,0,4,1,6,1,40,7,1149,1,9,-1,1,-1
2015450024579,2,4,0,18,0,8,0,0,1,10,1,1,6,1,20,4,249,1,23,-1,1,-1
2015450024580,1,5,0,17,0,0,5,0,1,9,3,1,6,2,41,7,675,1,3,-1,1,-1
2015450024581,1,5,0,18,0,0,5,0,0,0,1,1,6,1,44,7,954,1,11,-1,1,-1
2015450024582,1,19,0,18,0,1,1,0,0,0,1,1,1,1,26,6,2143,2,5,-1,1,-1
2015450024582,2,19,4,4,0,1,0,0,0,0,2,1,1,1,46,8,2143,2,5,-1,1,-1
2015450024583,1,1,0,18,0,0,5,0,0,0,1,1,6,1,38,7,-1,-1,-1,-1,1,-1
2015450024584,1,9,0,18,0,0,0,0,0,0,1,1,6,2,19,4,1299,1,13,-1,1,-1
2015450024606,1,19,0,18,0,0,1,0,0,0,1,1,1,1,47,8,2148,2,7,-1,1,-1
2015450024606,2,9,0,4,0,0,0,0,0,0,2,1,1,1,45,7,1798,1,3,-1,1,-1
2015450024606,3,9,0,18,0,0,0,0,0,0,2,1,6,1,35,6,1995,2,4,-1,1,-1
2015450024606,4,9,0,18,0,0,0,0,0,0,2,1,6,3,-1,-1,-1,-1,-1,-1,-1,-1
2015450024624,1,9,0,18,0,0,0,0,0,0,2,1,6,1,52,8,1390,1,5,-1,3,-1
2015450024624,2,9,0,18,0,0,0,0,0,0,1,1,6,2,35,6,1769,1,11,-1,1,-1
2015450024627,1,1,0,18,5,8,0,0,0,0,4,1,4,1,10,2,-1,-1,-1,-1,1,-1
2015450024627,2,9,0,18,5,6,0,0,0,0,1,1,6,3,-1,-1,-1,-1,-1,-1,-1,-1
2015450024628,1,9,0,13,0,0,0,0,0,0,1,1,6,2,18,4,1296,1,9,-1,1,-1
2015450024628,2,9,0,18,0,0,0,0,0,0,2,1,6,1,40,7,1998,2,9,-1,1,-1
2015450024631,1,20,0,18,0,0,0,0,0,0,1,1,1,1,49,8,5480,2,9,-1,1,-1
2015450024632,1,9,0,18,0,0,0,0,0,0,2,1,6,1,55,8,1686,2,2,-1,1,-1
2015450024632,2,9,0,18,0,0,1,11,0,0,1,1,6,2,85,11,1364,1,6,-1,1,-1
2015450024632,3,9,0,4,0,0,0,0,0,0,1,1,6,1,-1,-1,1596,1,13,-1,1,-1
2015450024634,1,3,0,17,0,0,1,0,0,0,4,1,6,1,26,6,124,1,14,-1,2,-1
2015450024635,1,9,0,5,0,0,0,4,0,0,1,1,6,1,18,4,1388,1,12,-1,1,-1
2015450024635,2,9,0,17,0,0,0,0,0,0,1,1,2,1,34,6,1968,2,3,-1,3,-1
2015450024635,3,9,0,2,0,0,0,0,0,0,2,1,6,1,23,5,1124,1,11,-1,1,-1
2015450024635,4,9,0,2,0,0,0,0,0,0,2,1,6,2,25,5,1598,1,8,-1,3,-1
2015450024639,1,9,0,3,0,1,0,0,0,0,2,1,6,2,41,7,1986,2,9,-1,1,-1
2015450024639,2,9,0,4,0,1,0,0,0,0,2,1,6,1,22,5,1596,1,13,-1,1,-1
2015450024639,3,9,0,3,0,1,0,0,0,0,2,1,3,2,47,8,1598,2,5,-1,2,-1
2015450024639,4,9,0,4,0,1,0,0,0,0,1,1,6,2,34,6,1399,1,4,-1,3,-1
2015450024644,1,9,0,4,0,1,0,0,0,0,1,1,6,2,18,4,1124,1,12,-1,1,-1
2015450024644,2,9,0,4,0,1,0,0,0,0,2,1,2,2,48,8,998,1,12,-1,1,-1
2015450024644,3,9,0,4,0,1,0,0,0,0,0,1,2,2,30,6,1390,1,12,-1,1,-1
2015450024649,1,9,0,17,0,0,2,0,7,0,1,1,2,2,33,6,1229,1,1,-1,1,-1
2015450024655,1,9,0,13,0,0,0,0,0,0,0,1,6,1,24,5,1797,8,-1,-1,1,-1
2015450024655,2,9,0,18,0,0,0,0,0,0,0,1,1,1,36,7,1360,1,12,-1,3,-1
2015450024655,3,9,0,18,0,0,0,0,0,0,2,1,2,1,61,9,1798,1,2,-1,1,-1
2015450024655,4,9,0,18,0,0,0,0,1,0,1,1,2,2,23,5,1598,1,13,-1,1,-1
2015450024660,1,9,0,5,0,0,0,0,0,0,1,1,6,1,36,7,1686,2,1,-1,1,-1
2015450024662,1,9,0,5,0,6,0,0,0,0,3,1,2,2,21,5,1299,1,16,-1,1,-1
2015450024662,2,9,0,18,0,8,0,0,0,0,1,1,6,2,48,8,1386,1,10,-1,1,-1
2015450024665,1,9,0,18,0,0,0,0,0,0,1,1,6,1,80,11,1598,2,3,-1,3,-1
2015450024668,1,9,0,9,0,8,0,0,0,0,4,1,6,2,18,4,1242,1,7,-1,1,-1
2015450024668,2,1,0,18,0,8,0,0,0,0,1,1,6,1,43,7,-1,-1,-1,-1,1,-1
2015450024669,1,9,0,16,0,0,0,0,0,0,3,1,6,2,53,8,1390,1,3,-1,1,-1
2015450024669,2,9,0,17,0,0,0,0,0,0,3,1,6,2,48,8,1242,1,10,-1,2,-1
2015450024670,1,9,0,18,0,0,0,0,0,0,4,1,6,1,69,10,2290,1,12,-1,1,-1
2015450024708,1,9,0,6,0,8,0,0,0,0,1,1,6,1,36,7,1999,1,9,-1,2,-1
2015450024709,1,9,0,4,0,1,0,0,0,0,1,1,1,1,31,6,-1,-1,-1,-1,1,-1
2015450024709,2,9,0,3,0,1,0,0,0,0,2,1,2,2,40,7,1997,2,7,-1,1,-1
2015450024709,3,19,0,3,0,1,0,0,0,0,2,1,1,1,28,6,2461,2,7,-1,1,-1
2015450024709,4,9,0,3,0,1,0,0,0,0,2,1,2,2,56,9,1596,1,13,-1,1,-1
2015450024710,1,9,0,18,0,0,0,0,0,0,1,1,6,1,53,8,2398,1,18,-1,3,-1
2015450024712,1,9,0,18,0,0,0,0,0,0,1,1,6,2,78,11,1390,1,6,-1,1,-1
2015450024715,1,19,0,3,0,0,0,0,0,0,2,1,1,1,39,7,1560,2,4,-1,1,-1
2015450024715,2,9,0,4,0,0,0,0,0,0,2,1,2,2,31,6,1389,1,17,-1,1,-1
2015450024715,3,9,0,18,0,0,0,0,0,0,1,1,6,2,58,9,1596,1,12,-1,1,-1
2015450024716,1,21,1,12,0,0,0,0,0,0,3,1,1,1,43,7,-1,-1,-1,-1,-1,-1
2015450024716,2,9,0,18,0,0,0,0,0,0,4,1,6,1,37,7,1968,2,4,-1,1,-1
2015450024721,1,9,0,5,0,0,0,0,0,11,3,1,6,1,68,10,1598,1,6,-1,1,-1
2015450024724,1,9,0,18,0,1,0,0,0,0,1,1,6,1,51,8,1998,1,15,-1,1,-1
2015450024724,2,19,0,9,0,5,0,0,0,0,1,1,1,1,39,7,1248,2,5,-1,1,-1
2015450024725,1,9,0,2,9,0,0,10,7,0,1,1,2,1,47,8,2979,1,11,-1,1,-1
2015450024726,1,9,0,18,0,0,1,0,1,0,1,1,2,1,54,8,2996,2,17,-1,1,-1
2015450024726,2,9,0,18,0,0,0,0,1,0,3,1,1,1,50,8,-1,-1,-1,-1,1,-1
2015450024732,1,5,0,7,0,8,5,0,0,0,4,1,6,1,21,5,675,1,1,-1,2,-1
2015450024732,2,9,0,18,0,8,0,0,0,0,1,1,6,1,81,11,1398,1,1,-1,1,-1
2015450024744,1,9,0,5,0,0,0,0,0,0,2,1,6,1,34,6,1397,1,4,-1,2,-1
2015450024744,2,9,0,5,0,0,0,0,0,0,1,1,6,1,18,4,1242,1,9,-1,1,-1
2015450024745,1,9,0,15,0,1,0,4,0,0,4,1,6,1,75,10,1796,1,11,-1,1,-1
2015450024745,2,9,0,2,0,1,0,0,0,0,3,1,6,1,-1,-1,2996,1,6,-1,3,-1
2015450024745,3,9,0,2,0,1,0,0,0,0,3,1,6,2,23,5,1397,1,7,-1,3,-1
2015450024745,4,9,0,2,0,1,0,0,0,0,3,1,6,2,-1,-1,2179,2,6,-1,2,-1
2015450024745,5,9,0,2,0,1,0,0,0,0,3,1,6,1,-1,-1,1248,2,7,-1,3,-1
2015450024747,1,9,0,18,0,3,0,0,0,0,1,1,3,2,45,7,1598,1,9,-1,3,-1
2015450024762,1,9,0,18,0,1,0,0,0,10,3,1,6,1,51,8,-1,-1,-1,-1,-1,-1
2015450024765,1,19,0,18,0,8,0,0,0,0,3,1,1,1,29,6,2143,2,2,-1,1,-1
2015450024765,2,19,0,18,0,8,0,0,0,0,1,1,6,1,27,6,2800,2,12,-1,1,-1
2015450024773,1,9,0,4,0,0,0,0,0,0,1,1,2,2,24,5,1124,1,15,-1,1,-1
2015450024773,2,9,0,4,0,0,0,0,0,0,2,1,6,2,43,7,1598,2,5,-1,1,-1
2015450024780,1,9,0,18,0,3,0,0,0,0,1,1,6,2,84,11,1769,1,12,-1,1,-1
2015450024780,2,5,0,18,0,4,0,0,0,0,3,1,6,1,38,7,1084,1,13,-1,3,-1
2015450024787,1,9,0,18,0,4,1,0,1,0,2,1,6,1,-1,-1,1995,2,-1,-1,3,-1
2015450024788,1,9,0,7,0,6,0,0,0,0,4,1,6,2,70,10,1973,1,14,-1,3,-1
2015450024788,2,9,0,18,0,2,0,0,0,0,4,1,6,1,57,9,2295,1,13,-1,3,-1
2015450024789,1,9,0,18,0,0,0,0,0,0,1,1,6,1,26,6,2393,1,13,-1,1,-1
2015450024793,1,9,0,4,0,1,0,0,0,0,1,1,6,2,25,5,1242,1,7,-1,1,-1
2015450024796,1,9,0,18,0,1,1,0,0,0,1,1,6,1,20,4,1324,1,29,-1,1,-1
2015450024796,2,9,0,9,0,5,0,0,0,0,3,1,6,1,53,8,2979,1,1,-1,1,-1
2015450024798,1,9,0,18,0,0,0,0,0,0,4,1,6,3,-1,-1,-1,-1,-1,-1,-1,-1
2015450024798,2,1,0,18,0,0,0,0,7,9,3,1,6,3,61,9,-1,-1,-1,-1,1,-1
2015450024800,1,9,0,18,0,8,0,0,0,0,1,1,6,1,22,5,1242,1,14,-1,1,-1
2015450024800,2,1,0,18,0,8,0,0,0,0,1,1,6,1,54,8,-1,-1,-1,-1,1,-1
2015450024802,1,9,0,5,0,1,0,0,0,0,1,1,2,1,54,8,1598,1,5,-1,1,-1
2015450024802,2,9,0,18,0,1,0,0,5,0,1,1,6,1,44,7,1497,1,18,-1,1,-1
2015450024803,1,9,0,18,0,0,1,4,1,11,1,1,6,2,56,9,1598,1,-1,-1,1,-1
2015450024803,2,9,0,2,0,0,0,0,0,0,2,1,6,2,24,5,1364,1,6,-1,1,-1
2015450024803,3,9,0,2,0,0,0,0,0,0,2,1,6,2,30,6,998,1,5,-1,1,-1
2015450024803,4,9,0,2,0,0,0,0,0,0,2,1,6,1,42,7,1999,1,13,-1,1,-1
2015450024806,1,9,0,9,0,5,0,0,0,0,3,1,1,1,28,6,-1,-1,-1,-1,1,-1
2015450024806,2,2,0,18,0,8,0,0,0,0,1,1,2,1,30,6,49,1,2,-1,1,-1
2015450024809,1,9,0,4,0,0,0,0,0,0,2,1,6,2,31,6,-1,-1,-1,-1,1,-1
2015450024809,2,9,0,4,0,0,0,0,0,0,1,1,6,1,-1,-1,4556,1,15,-1,1,-1
2015450024809,3,9,0,4,0,0,0,0,0,0,1,1,6,1,34,6,-1,-1,-1,-1,1,-1
2015450024810,1,9,0,18,0,0,2,0,7,4,1,1,6,1,27,6,2494,1,21,-1,1,-1
2015450024814,1,9,0,18,0,0,0,10,3,0,1,1,6,1,27,6,1396,1,13,-1,1,-1
2015450024817,1,9,0,5,0,6,0,0,0,0,1,1,6,2,53,8,1598,1,1,-1,1,-1
2015450024817,2,9,0,18,0,8,0,0,0,0,4,1,2,1,34,6,1560,2,4,-1,1,-1
2015450024838,1,1,0,7,0,5,0,0,0,0,2,1,2,1,48,8,-1,-1,-1,-1,1,-1
2015450024838,2,9,0,7,0,5,0,0,0,0,2,1,6,2,-1,-1,-1,-1,-1,-1,-1,-1
2015450024845,1,19,0,2,0,2,0,0,0,0,0,1,6,1,38,7,2198,2,-1,-1,1,-1
2015450024845,2,19,0,14,0,1,0,0,0,0,3,1,6,1,-1,-1,2402,2,5,-1,-1,-1
2015450024849,1,19,0,18,0,0,0,0,0,0,1,1,6,1,34,6,1686,2,11,-1,1,-1
2015450024849,2,9,0,18,0,0,0,0,0,0,2,1,2,1,50,8,1686,2,5,-1,1,-1
2015450024849,3,21,0,18,0,0,0,0,0,0,1,1,1,1,49,8,6692,2,7,-1,1,-1
2015450024849,4,1,0,18,0,0,0,0,1,0,2,1,2,2,55,8,-1,-1,-1,-1,1,-1
2015450024850,1,9,0,5,0,8,0,0,0,0,1,1,6,2,40,7,1995,1,8,-1,3,-1
2015450024850,2,9,0,18,0,1,1,0,1,0,2,1,6,1,21,5,998,1,15,-1,1,-1
2015450024858,1,1,0,5,0,8,0,0,0,0,3,1,6,1,81,11,-1,-1,-1,-1,1,-1
2015450024858,2,9,0,4,0,2,1,0,0,0,1,1,6,2,23,5,973,1,17,-1,1,-1
2015450024858,3,9,0,18,0,1,0,0,0,0,0,1,3,2,49,8,999,1,7,-1,1,-1
2015450024859,1,9,0,18,0,0,0,0,0,0,1,1,6,3,-1,-1,-1,-1,-1,-1,-1,-1
2015450024862,1,9,0,18,0,0,0,0,0,0,1,1,6,2,69,10,1390,1,6,-1,3,-1
2015450024870,1,9,0,18,0,4,0,0,0,0,1,1,6,2,18,4,1360,1,11,-1,1,-1
2015450024870,2,9,0,9,0,4,0,0,0,0,3,1,6,2,23,5,1598,1,13,-1,1,-1
2015450024873,1,9,0,5,0,6,0,0,0,0,1,1,6,1,20,4,1299,1,14,-1,1,-1
2015450024873,2,5,0,18,0,1,5,0,0,0,1,1,6,1,24,5,749,1,11,-1,3,-1
2015450024879,1,9,0,3,0,0,0,0,0,0,3,1,6,2,41,7,1397,1,7,-1,1,-1
2015450024879,2,17,0,13,0,0,0,0,0,0,4,1,6,1,-1,-1,-1,-1,-1,-1,3,-1
2015450024879,3,16,0,18,0,0,5,0,0,0,2,1,6,2,-1,-1,-1,-1,-1,-1,1,-1
2015450024880,1,9,0,18,0,0,0,4,0,0,1,1,6,1,28,6,1796,1,13,-1,1,-1
2015450024880,2,9,0,2,0,0,0,0,0,0,3,1,6,2,59,9,1951,2,10,-1,1,-1
2015450024886,1,9,0,18,0,2,0,0,1,10,1,1,6,2,19,4,998,1,6,-1,1,-1
2015450024893,1,9,0,3,0,1,0,0,0,0,2,1,6,2,64,9,1769,1,12,-1,2,-1
2015450024893,2,9,0,4,0,1,0,0,0,0,1,1,6,2,18,4,1598,1,8,-1,3,-1
2015450024896,1,9,0,18,0,8,0,0,0,0,4,1,6,1,49,8,1560,2,2,-1,2,-1
2015450024896,2,1,0,18,0,8,0,0,0,0,1,1,6,1,49,8,-1,-1,-1,-1,1,-1
2015450024900,1,9,0,9,0,6,0,0,0,0,1,1,6,2,18,4,1000,1,15,-1,1,-1
2015450024900,2,3,0,18,0,8,0,0,0,0,1,1,6,1,23,5,125,1,7,-1,1,-1
2015450024903,1,20,0,6,0,0,0,0,0,0,3,1,1,1,37,7,2298,2,1,-1,2,-1
2015450024903,2,1,0,18,0,0,5,0,0,0,4,1,6,1,27,6,-1,-1,-1,-1,1,-1
2015450024904,1,9,0,3,0,1,0,0,0,0,4,1,2,1,31,6,1390,1,9,-1,1,-1
2015450024904,2,9,0,5,0,6,0,0,0,0,1,1,6,2,76,11,999,1,1,-1,1,-1
2015450024905,1,20,0,4,0,0,0,0,0,0,1,1,1,1,50,8,6692,2,6,-1,1,-1
2015450024905,2,9,0,3,0,0,0,0,0,0,2,1,2,1,28,6,1388,1,10,-1,2,-1
2015450024905,3,9,0,3,0,0,0,0,0,0,2,1,1,2,35,6,1995,2,6,-1,1,-1
2015450024905,4,9,0,3,0,0,0,0,0,0,2,1,2,1,57,9,-1,-1,-1,-1,1,-1
2015450024906,1,19,0,5,0,0,0,0,0,0,3,1,6,3,24,5,2461,2,11,-1,1,-1
2015450024906,2,9,0,4,0,0,0,0,0,0,1,1,6,1,28,6,3200,2,6,-1,3,-1
2015450024908,1,9,0,18,0,8,0,0,0,0,1,1,1,1,27,6,1598,1,8,-1,1,-1
2015450024908,2,9,0,18,0,8,0,0,0,0,1,1,1,1,26,6,1396,1,12,-1,1,-1
2015450024914,1,9,0,15,0,1,0,0,0,0,1,1,6,1,74,10,2453,1,14,-1,2,-1
2015450024914,2,9,0,10,0,5,0,0,0,0,4,1,6,2,49,8,1598,1,5,-1,1,-1
2015450024915,1,9,0,18,0,1,0,0,0,0,2,1,2,1,37,7,1995,2,8,-1,1,-1
2015450024915,2,9,0,18,0,1,0,0,0,0,1,1,6,1,28,6,1995,1,9,-1,1,-1
2015450024917,1,9,0,17,0,0,1,0,1,0,4,1,6,1,32,6,2171,1,15,-1,1,-1
2015450024917,2,9,0,2,0,0,0,0,0,0,2,1,6,2,-1,-1,1590,1,13,-1,1,-1
2015450024917,3,9,0,2,0,0,0,0,0,0,2,1,6,1,-1,-1,1716,2,16,-1,1,-1
2015450024917,4,9,0,18,0,0,0,0,0,0,0,1,1,1,31,6,2993,2,1,-1,1,-1
2015450024919,1,9,0,18,0,0,0,0,0,0,1,1,6,2,63,9,1339,1,12,-1,1,-1
2015450024919,2,9,0,18,0,0,1,0,0,0,1,1,6,1,75,10,1396,1,14,-1,1,-1
2015450024933,1,1,0,18,4,0,0,0,0,0,2,1,2,1,48,8,-1,-1,-1,-1,3,-1
2015450024933,2,9,0,18,0,0,0,0,0,0,1,1,1,1,-1,-1,1461,2,8,-1,1,-1
2015450024934,1,9,0,4,0,1,0,0,0,0,2,1,6,1,30,6,2967,2,4,-1,1,-1
2015450024934,2,9,0,4,0,1,0,0,0,0,1,1,6,2,58,9,1995,2,7,-1,1,-1
2015450024939,1,1,0,18,0,1,0,0,0,0,1,1,6,1,34,6,-1,-1,-1,-1,1,-1
2015450024939,2,22,0,18,0,1,0,0,0,0,4,1,6,2,83,11,-1,-1,-1,-1,1,-1
2015450024940,1,1,0,18,0,0,0,0,0,0,4,1,6,1,25,5,-1,-1,-1,-1,1,-1
2015450024940,2,1,0,18,0,0,0,0,0,0,0,1,6,1,40,7,-1,-1,-1,-1,1,-1
2015450024940,3,1,0,18,0,0,0,0,0,0,0,1,6,1,23,5,-1,-1,-1,-1,1,-1
2015450024940,4,1,0,18,0,0,0,0,0,0,0,1,6,1,23,5,-1,-1,-1,-1,1,-1
2015450024940,5,1,0,18,0,0,0,0,0,0,0,1,6,1,47,8,-1,-1,-1,-1,1,-1
2015450024940,6,1,0,18,0,0,0,0,0,0,0,1,6,1,29,6,-1,-1,-1,-1,1,-1
2015450024940,7,9,0,13,0,0,0,0,0,0,0,1,6,1,-1,-1,1968,2,9,-1,1,-1
2015450024943,1,9,0,13,0,0,0,0,0,0,4,1,2,2,25,5,1198,1,-1,-1,1,-1
2015450024943,2,1,0,18,0,0,0,0,0,0,3,1,2,1,43,7,-1,-1,-1,-1,1,-1
2015450024945,1,9,0,18,0,0,0,0,0,0,1,1,6,2,71,10,998,1,6,-1,1,-1
2015450024945,2,9,0,2,0,0,0,0,0,0,1,1,6,1,-1,-1,1998,2,5,-1,1,-1
2015450024945,3,9,0,2,0,0,0,0,0,0,1,1,6,2,-1,-1,1783,1,16,-1,1,-1
2015450024946,1,19,0,5,0,4,0,0,0,0,0,1,2,1,54,8,1560,2,3,-1,1,-1
2015450024946,2,1,0,5,0,3,0,0,0,0,0,1,2,1,54,8,-1,-1,-1,-1,1,-1
2015450024951,1,3,0,17,0,0,0,0,0,0,4,1,6,1,20,4,124,1,1,-1,1,-1
2015450024958,1,9,0,18,0,0,0,0,0,0,4,1,6,1,69,10,1596,1,6,-1,1,-1
2015450024958,2,1,0,18,0,0,0,0,0,0,3,1,6,1,23,5,-1,-1,-1,-1,1,-1
2015450024959,1,9,0,7,0,6,0,7,1,10,1,1,3,1,17,4,1998,2,10,-1,1,-1
2015450024960,1,9,0,18,0,0,0,0,0,0,1,1,6,2,18,4,998,1,9,-1,1,-1
2015450024960,2,9,0,3,0,0,0,0,0,0,2,1,6,3,-1,-1,-1,-1,-1,-1,-1,-1
2015450024961,1,9,0,18,0,0,0,0,0,0,1,1,6,1,23,5,1497,8,9,-1,1,-1
2015450024965,1,9,0,18,0,0,0,0,0,0,1,1,6,1,18,4,1598,2,-1,-1,1,-1
2015450024965,2,9,0,18,0,0,0,0,0,0,2,1,6,1,54,8,2496,2,13,-1,3,-1
2015450024966,1,9,0,18,0,1,0,0,0,0,1,1,6,3,-1,-1,-1,-1,-1,-1,-1,-1
2015450024966,2,3,0,18,0,1,0,0,0,0,1,1,6,1,18,4,125,1,1,-1,1,-1
2015450024970,1,1,0,4,0,1,0,0,0,0,1,1,6,1,35,6,-1,-1,-1,-1,1,-1
2015450024970,2,9,0,4,0,1,0,0,0,0,2,1,6,3,-1,-1,-1,-1,-1,-1,-1,-1