Accident_Index,Vehicle_Reference,Vehicle_Type,Towing_and_Articulation,Vehicle_Manoeuvre,Vehicle_Location-Restricted_Lane,Junction_Location,Skidding_and_Overturning,Hit_Object_in_Carriageway,Vehicle_Leaving_Carriageway,Hit_Object_off_Carriageway,1st_Point_of_Impact,Was_Vehicle_Left_Hand_Drive?,Journey_Purpose_of_Driver,Sex_of_Driver,Age_of_Driver,Age_Band_of_Driver,Engine_Capacity_(CC),Propulsion_Code,Age_of_Vehicle,Driver_IMD_Decile,Driver_Home_Area_Type,Vehicle_IMD_Decile
2015450024971,1,9,0,13,0,0,0,0,2,0,1,1,2,2,36,7,1590,1,12,-1,1,-1
2015450024973,1,9,0,18,0,0,0,0,0,0,1,1,6,2,29,6,1229,1,6,-1,1,-1
2015450024973,2,9,0,2,0,0,0,0,0,0,2,1,6,1,-1,-1,1390,1,19,-1,1,-1
2015450024977,1,1,0,5,0,0,0,0,0,0,3,1,6,1,36,7,-1,-1,-1,-1,1,-1
2015450024979,1,9,0,4,0,0,0,0,0,0,2,1,2,2,40,7,1493,1,19,-1,1,-1
2015450024979,2,9,0,18,0,0,0,0,0,0,1,1,6,1,56,9,1339,1,13,-1,1,-1
2015450024982,1,9,0,18,0,1,0,0,0,0,1,1,6,3,-1,-1,-1,-1,-1,-1,-1,-1
2015450024988,1,9,0,3,0,4,0,0,0,0,2,1,6,1,66,10,1598,1,2,-1,3,-1
2015450024988,2,8,0,18,0,1,0,0,0,0,1,1,1,1,46,8,2402,2,10,-1,1,-1
2015450024996,1,4,0,18,0,0,5,0,0,0,4,1,6,1,64,9,600,1,-1,-1,1,-1
2015450024996,2,9,0,15,0,0,0,0,0,0,3,1,6,1,33,6,1560,2,10,-1,1,-1
2015450025000,1,9,0,18,0,0,0,0,0,0,1,1,6,1,82,11,1339,1,11,-1,1,-1
2015450025000,2,3,0,18,0,0,0,0,0,0,1,1,2,1,20,4,124,1,13,-1,1,-1
2015450025005,1,1,0,16,0,0,0,0,1,11,1,1,6,1,57,9,-1,-1,-1,-1,1,-1
2015450025007,1,1,0,18,0,0,0,0,0,0,0,1,6,1,59,9,-1,-1,-1,-1,3,-1
2015450025007,2,19,4,13,0,0,0,0,0,0,0,1,6,3,-1,-1,-1,-1,-1,-1,-1,-1
2015450025008,1,19,0,9,0,6,0,0,0,0,4,1,6,1,66,10,2283,2,13,-1,1,-1
2015450025008,2,1,0,18,0,8,0,0,0,0,1,1,6,3,-1,-1,-1,-1,-1,-1,-1,-1
2015450025010,1,1,0,9,0,0,1,0,0,0,1,1,1,1,14,3,-1,-1,-1,-1,1,-1
2015450025010,2,9,0,18,0,0,0,0,0,0,1,1,6,2,25,5,1598,1,13,-1,1,-1
2015450025011,1,9,0,3,0,0,0,0,0,0,2,1,6,3,-1,-1,-1,-1,-1,-1,-1,-1
2015450025011,2,1,0,18,0,0,0,0,0,0,1,1,6,1,40,7,-1,-1,-1,-1,1,-1
2015450025013,1,9,0,3,0,8,0,0,0,0,2,1,6,3,-1,-1,1364,1,7,-1,-1,-1
2015450025013,2,9,0,3,0,8,0,0,0,0,2,1,6,2,-1,-1,1240,1,5,-1,1,-1
2015450025013,3,19,0,4,0,4,0,0,0,0,1,1,2,1,-1,-1,1910,2,4,-1,-1,-1
2015450025014,1,5,0,17,0,1,0,0,0,0,1,1,2,1,36,7,1441,1,1,-1,1,-1
2015450025014,2,9,0,7,0,6,0,0,0,0,3,1,2,2,-1,-1,1598,1,11,-1,1,-1
2015450025025,1,9,0,9,0,6,0,0,0,0,3,1,6,2,19,4,1149,1,10,-1,2,-1
2015450025025,2,19,0,18,0,1,0,0,0,0,4,1,1,1,47,8,1248,2,3,-1,3,-1
2015450025028,1,9,0,5,0,2,0,0,0,0,2,1,1,1,65,9,1998,1,12,-1,1,-1
2015450025028,2,19,0,4,0,2,0,0,0,0,1,1,1,1,-1,-1,2198,2,-1,-1,1,-1
2015450025029,1,9,0,18,0,1,0,0,0,0,2,1,1,1,41,7,1995,2,2,-1,1,-1
2015450025029,2,9,0,13,0,1,0,0,0,0,1,1,6,1,-1,-1,2792,1,12,-1,-1,-1
2015450025030,1,19,0,2,0,0,0,0,0,0,0,1,6,2,54,8,2143,2,-1,-1,1,-1
2015450025030,2,9,0,14,0,0,0,0,0,0,0,1,6,2,42,7,1461,2,11,-1,1,-1
2015450025031,1,9,0,18,0,1,0,0,0,0,0,1,1,3,-1,-1,2000,2,5,-1,-1,-1
2015450025039,1,9,0,9,0,5,0,0,0,0,1,1,2,1,41,7,1968,2,2,-1,1,-1
2015450025039,2,1,0,15,0,1,0,0,0,0,1,1,2,1,32,6,-1,-1,-1,-1,1,-1
2015450025048,1,9,0,5,0,6,0,0,0,0,1,1,3,1,36,7,1560,2,3,-1,1,-1
2015450025048,2,9,0,18,0,8,0,0,0,0,4,1,6,1,68,10,1242,1,10,-1,1,-1
2015450025049,1,9,0,12,0,8,0,0,0,0,3,1,6,2,34,6,1984,1,4,-1,3,-1
2015450025049,2,3,0,18,0,8,0,0,0,0,3,1,6,1,39,7,124,1,1,-1,1,-1
2015450025054,1,1,0,17,9,0,0,0,0,0,3,1,6,1,4,1,-1,-1,-1,-1,1,-1
2015450025054,2,11,0,17,0,0,0,0,0,0,4,1,1,1,37,7,4580,2,7,-1,1,-1
2015450025056,1,4,0,18,0,8,1,0,0,0,2,1,2,1,26,6,750,1,18,-1,1,-1
2015450025056,2,9,0,9,0,1,0,0,0,0,1,1,6,1,62,9,1339,1,11,-1,1,-1
2015450025061,1,9,0,4,0,1,0,0,0,0,1,1,6,2,51,8,2664,2,14,-1,1,-1
2015450025061,2,9,0,5,0,4,0,0,0,0,2,1,6,2,50,8,1598,1,14,-1,1,-1
2015450025061,3,9,0,3,0,1,0,0,0,0,2,1,6,1,73,10,1242,1,7,-1,1,-1
2015450025062,1,9,0,18,0,0,0,0,8,7,4,1,2,1,37,7,1560,2,1,-1,2,-1
2015450025062,2,9,0,13,0,0,1,7,7,10,3,1,2,2,34,6,1598,1,4,-1,1,-1
2015450025062,3,9,0,18,0,0,0,0,8,7,2,1,2,1,58,9,1896,2,6,-1,3,-1
2015450025063,1,9,0,18,0,0,0,0,0,0,0,1,6,3,-1,-1,-1,-1,-1,-1,-1,-1
2015450025063,2,19,0,18,0,0,1,0,0,0,3,1,1,1,32,6,1998,2,13,-1,1,-1
2015450025063,3,9,0,18,0,0,1,0,0,0,1,1,6,1,34,6,1598,1,6,-1,1,-1
2015450025065,1,9,0,16,0,0,1,0,1,4,1,1,2,2,45,7,1242,1,6,-1,2,-1
2015450025066,1,9,0,18,0,1,0,0,0,0,1,1,6,1,25,5,1390,1,17,-1,1,-1
2015450025066,2,9,0,9,0,1,0,0,0,0,1,1,6,1,73,10,1389,1,19,-1,2,-1
2015450025067,1,9,0,16,0,0,1,10,0,0,1,1,6,1,91,11,1390,1,16,-1,1,-1
2015450025068,1,4,0,18,0,0,0,0,0,0,1,1,2,1,33,6,599,1,14,-1,1,-1
2015450025068,2,9,0,2,0,0,0,0,0,0,2,1,6,3,-1,-1,1598,1,3,-1,-1,-1
2015450025070,1,9,0,4,0,1,0,0,0,0,2,1,2,1,52,8,1560,2,10,-1,1,-1
2015450025070,2,9,0,18,0,1,0,0,0,0,1,1,6,2,31,6,1400,2,10,-1,1,-1
2015450025074,1,19,0,13,0,8,0,0,0,0,4,1,6,3,-1,-1,2143,2,3,-1,1,-1
2015450025074,2,1,0,18,0,8,0,0,0,0,3,1,6,1,53,8,-1,-1,-1,-1,1,-1
2015450025086,1,19,0,18,0,0,0,0,0,0,1,1,2,1,23,5,2143,2,4,-1,1,-1
2015450025086,2,9,0,18,0,0,0,0,0,0,1,1,6,2,79,11,2597,1,14,-1,1,-1
2015450025087,1,21,1,18,0,1,5,5,0,0,1,1,1,1,57,9,12777,2,8,-1,1,-1
2015450025093,1,19,0,18,0,1,0,0,0,0,1,1,1,1,37,7,2198,2,-1,-1,1,-1
2015450025093,2,9,0,10,0,5,0,0,0,0,2,1,6,2,53,8,1360,1,10,-1,1,-1
2015450025093,3,9,0,18,0,1,0,0,0,0,3,1,6,1,62,9,1461,2,5,-1,1,-1
2015450025094,1,9,0,18,0,0,0,0,0,0,1,1,1,1,20,4,1560,2,10,-1,3,-1
2015450025094,2,9,0,18,0,0,0,0,0,0,1,1,6,1,61,9,2494,1,16,-1,1,-1
2015450025095,1,9,0,18,0,1,0,0,0,0,1,1,6,1,26,6,-1,-1,-1,-1,1,-1
2015450025095,2,1,0,10,0,1,0,0,0,0,2,1,6,1,50,8,-1,-1,-1,-1,1,-1
2015450025096,1,9,0,18,0,0,0,0,0,0,1,1,6,3,-1,-1,-1,-1,-1,-1,-1,-1
2015450025100,1,9,0,9,0,6,0,0,0,0,1,1,2,1,46,8,3999,1,5,-1,2,-1
2015450025100,2,9,0,18,0,8,0,0,0,0,1,1,2,2,45,7,1596,1,13,-1,1,-1
2015450025101,1,9,0,18,0,0,1,0,0,0,1,1,2,1,39,7,1596,1,7,-1,1,-1
2015450025101,2,9,0,18,0,0,0,0,0,0,2,1,6,2,27,6,2143,2,4,-1,3,-1
2015450025105,1,19,0,5,0,6,1,0,0,0,1,1,1,1,29,6,1995,2,1,-1,1,-1
2015450025105,2,9,0,18,0,1,0,0,0,0,3,1,6,2,35,6,1995,2,7,-1,1,-1
2015450025110,1,9,0,18,0,2,0,0,0,0,1,1,6,1,33,6,2993,2,10,-1,1,-1
2015450025110,2,9,0,18,0,2,0,0,0,0,1,1,6,1,68,10,1396,1,16,-1,3,-1
2015450025112,1,9,0,10,0,5,0,0,0,0,2,1,6,1,35,6,2995,1,1,-1,1,-1
2015450025112,2,9,0,18,0,1,0,0,0,0,1,1,6,1,21,5,1598,1,9,-1,1,-1
2015450025114,1,9,0,11,0,2,0,0,0,0,4,1,6,2,39,7,1560,2,4,-1,1,-1
2015450025114,2,21,1,18,0,2,0,0,0,0,3,1,1,1,51,8,12809,2,1,-1,1,-1
2015450025115,1,5,0,18,0,1,5,0,0,0,1,1,2,1,26,6,599,1,8,-1,1,-1
2015450025115,2,9,0,5,0,6,0,0,0,0,0,1,3,1,26,6,-1,-1,-1,-1,1,-1
2015450025116,1,9,0,18,0,0,0,0,0,0,1,1,2,2,30,6,998,1,14,-1,1,-1
2015450025116,2,9,0,4,0,0,0,0,0,0,2,1,2,1,31,6,3246,1,12,-1,1,-1
2015450025116,3,9,0,4,0,0,0,0,0,0,0,1,6,2,21,5,1248,2,3,-1,1,-1
2015450025118,1,9,0,18,0,0,0,0,0,0,1,1,6,1,86,11,1198,1,-1,-1,1,-1
2015450025122,1,9,0,10,0,5,0,0,0,0,2,1,6,1,33,6,1360,1,13,-1,1,-1
2015450025122,2,9,0,18,0,1,0,0,0,0,1,1,3,2,27,6,-1,-1,-1,-1,1,-1
2015450025124,1,9,0,9,0,5,0,0,0,0,3,1,6,2,24,5,1587,1,13,-1,2,-1
2015450025124,2,3,0,13,0,1,2,0,0,0,4,1,2,1,24,5,124,1,14,-1,1,-1
2015450025125,1,9,0,18,0,8,0,0,0,0,1,1,6,1,28,6,1360,1,13,-1,1,-1
2015450025125,2,19,0,9,0,6,0,0,0,0,4,1,1,1,24,5,2148,2,6,-1,1,-1
2015450025128,1,9,0,17,0,8,1,0,1,11,1,1,6,1,35,6,1956,2,5,-1,1,-1
2015450025129,1,9,0,18,0,1,0,0,0,0,1,1,2,1,17,4,1149,1,9,-1,1,-1
2015450025129,2,9,0,8,0,2,0,0,0,0,2,1,6,2,72,10,1086,1,9,-1,1,-1
2015450025131,1,9,0,18,0,0,0,0,0,0,1,1,2,1,38,7,1242,1,8,-1,1,-1
2015450025131,2,19,0,3,0,0,0,0,0,0,2,1,1,1,20,4,1997,2,8,-1,1,-1
2015450025132,1,9,0,4,0,0,0,0,0,0,2,1,6,1,54,8,2402,2,4,-1,1,-1
2015450025132,2,3,0,4,0,0,1,0,0,0,1,1,2,1,19,4,125,1,3,-1,1,-1
2015450025134,1,9,0,18,0,0,0,0,1,7,1,1,6,1,25,5,1968,2,5,-1,3,-1
2015450025135,1,3,0,17,0,0,5,0,1,4,1,1,6,1,17,4,124,1,4,-1,1,-1
2015450025136,1,9,0,5,0,1,0,0,0,0,2,1,6,2,50,8,998,1,2,-1,1,-1
2015450025136,2,5,0,5,0,1,0,0,0,0,1,1,6,1,40,7,749,1,34,-1,1,-1
2015450025154,1,9,0,18,0,1,0,0,0,0,1,1,2,1,34,6,1995,2,2,-1,1,-1
2015450025154,2,9,0,3,0,1,0,0,0,0,2,1,6,1,45,7,2967,2,4,-1,1,-1
2015450025158,1,9,0,10,0,5,0,0,0,0,2,1,6,2,58,9,1896,2,8,-1,3,-1
2015450025158,2,19,0,3,0,1,0,0,0,0,2,1,2,1,38,7,2198,2,4,-1,3,-1
2015450025158,3,9,0,18,0,1,0,0,0,0,1,1,2,1,32,6,1596,1,14,-1,1,-1
2015450025159,1,9,0,18,0,0,0,0,0,0,1,1,6,1,23,5,998,1,6,-1,1,-1
2015450025159,2,9,0,18,0,0,0,0,0,0,1,1,6,2,34,6,1896,2,11,-1,1,-1
2015450025160,1,9,0,1,0,0,0,0,1,10,2,1,6,2,69,10,1242,1,11,-1,1,-1
2015450025160,2,9,0,2,9,0,0,0,0,0,2,1,6,1,-1,-1,1199,1,12,-1,1,-1
2015450025160,3,9,0,2,0,0,0,0,0,0,1,1,6,1,48,8,-1,-1,-1,-1,1,-1
2015450025162,1,9,0,9,0,6,0,0,0,0,1,1,6,1,-1,-1,2776,2,8,-1,1,-1
2015450025162,2,1,0,18,0,1,0,0,0,0,1,1,6,1,45,7,-1,-1,-1,-1,1,-1
2015450025165,1,19,0,18,0,0,0,6,0,0,1,1,6,1,23,5,1868,2,16,-1,2,-1
2015450025169,1,3,0,2,0,0,0,0,0,0,4,1,6,1,66,10,125,1,13,-1,1,-1
2015450025169,2,9,0,1,0,0,0,0,0,0,2,1,6,1,-1,-1,2499,1,9,-1,1,-1
2015450025170,1,9,0,5,0,6,0,0,0,0,3,1,6,1,67,10,1910,2,9,-1,1,-1
2015450025170,2,1,0,18,0,1,0,0,0,0,1,1,6,1,54,8,-1,-1,-1,-1,2,-1
2015450025172,1,19,0,18,0,0,0,0,0,0,1,1,1,1,72,10,2464,2,7,-1,1,-1
2015450025172,2,9,0,18,0,0,0,0,0,0,1,1,6,1,83,11,1199,1,12,-1,1,-1
2015450025174,1,9,0,12,0,0,0,0,0,0,3,1,1,1,68,10,1968,2,2,-1,1,-1
2015450025174,2,5,0,13,0,0,0,0,0,0,4,1,1,1,29,6,599,1,12,-1,3,-1
2015450025174,3,9,0,18,0,0,0,0,0,0,2,1,1,1,40,7,1753,2,8,-1,3,-1
2015450025176,1,1,0,14,0,0,5,0,0,0,0,1,6,2,32,6,-1,-1,-1,-1,1,-1
2015450025180,1,9,0,18,0,0,0,0,0,0,2,1,6,2,43,7,899,1,18,-1,1,-1
2015450025180,2,1,0,18,0,0,0,0,0,0,1,1,6,1,44,7,-1,-1,-1,-1,1,-1
2015450025181,1,9,0,18,0,4,0,0,0,0,1,1,2,2,27,6,1598,1,13,-1,1,-1
2015450025181,2,5,0,18,0,3,0,0,0,0,2,1,2,1,24,5,125,1,6,-1,1,-1
2015450025183,1,9,0,4,0,0,0,0,0,0,2,1,2,2,18,4,1242,1,2,-1,1,-1
2015450025183,2,9,0,18,0,0,0,0,0,0,1,1,2,2,45,7,1995,1,7,-1,1,-1
2015450025184,1,9,0,3,0,0,0,0,0,0,2,1,1,1,47,8,2000,1,15,-1,1,-1
2015450025184,2,9,0,3,0,0,0,0,0,0,2,1,1,1,26,6,1591,1,2,-1,1,-1
2015450025184,3,9,0,18,0,0,0,0,0,0,1,1,6,3,-1,-1,-1,-1,-1,-1,-1,-1
2015450025184,4,9,0,4,0,0,0,0,0,0,1,1,2,2,35,6,1956,2,1,-1,1,-1
2015450025185,1,9,0,18,0,0,0,0,0,0,1,1,6,1,53,8,1600,1,17,-1,1,-1
2015450025185,2,9,0,10,0,0,0,0,0,0,0,1,1,1,53,8,1956,2,2,-1,1,-1
2015450025185,3,9,0,3,0,0,0,0,0,0,2,1,6,2,41,7,1389,1,10,-1,1,-1
2015450025188,1,9,0,4,0,6,0,0,0,0,1,1,6,1,31,6,1248,2,11,-1,1,-1
2015450025188,2,3,0,18,0,1,0,0,0,0,4,1,1,1,30,6,125,1,4,-1,1,-1
2015450025196,1,1,0,18,0,1,0,0,1,0,4,1,6,2,38,7,-1,-1,-1,-1,1,-1
2015450025196,2,9,0,9,0,1,0,0,0,0,3,1,6,1,-1,-1,1149,1,14,-1,1,-1
2015450025197,1,9,0,9,0,5,0,0,0,0,3,1,2,2,51,8,1275,1,16,-1,1,-1
2015450025197,2,5,0,3,0,1,0,0,0,0,1,1,2,1,48,8,998,1,7,-1,1,-1
2015450025200,1,9,0,5,0,3,0,0,0,0,2,1,6,2,41,7,1910,2,6,-1,1,-1
2015450025200,2,1,0,18,0,4,2,0,0,0,4,1,6,2,52,8,-1,-1,-1,-1,1,-1
2015450025206,1,9,0,7,0,8,0,0,0,0,1,1,1,1,31,6,1797,8,5,-1,1,-1
2015450025206,2,9,0,18,0,2,0,0,0,0,4,1,1,1,40,7,1910,2,6,-1,1,-1
2015450025217,1,19,0,4,0,0,0,0,0,0,2,1,1,1,34,6,2198,2,2,-1,1,-1
2015450025217,2,9,0,18,0,0,0,0,0,0,1,1,2,1,31,6,1798,1,-1,-1,2,-1
2015450025235,1,9,0,18,0,0,0,0,0,0,0,1,6,2,25,5,1242,1,-1,-1,2,-1
2015450025239,1,9,0,18,0,0,0,0,0,0,1,1,6,2,67,10,1598,1,1,-1,1,-1
2015450025240,1,9,0,9,0,8,0,0,0,0,1,1,2,2,62,9,1388,1,11,-1,1,-1
2015450025241,1,3,0,4,0,0,2,0,0,0,4,1,4,1,17,4,-1,-1,-1,-1,1,-1
2015450025244,1,1,0,18,0,0,0,0,0,0,1,1,6,2,57,9,-1,-1,-1,-1,1,-1
2015450025246,1,19,0,18,0,0,1,0,0,0,2,1,1,1,21,5,2496,2,16,-1,1,-1
2015450025246,2,9,0,18,0,0,0,0,0,0,3,1,6,1,68,10,1997,2,11,-1,1,-1
2015450025248,1,9,0,18,0,2,0,0,0,0,1,1,6,2,81,11,1395,1,2,-1,1,-1
2015450025266,1,9,0,9,0,0,0,0,0,0,1,1,6,1,17,4,1399,2,12,-1,1,-1
2015450025271,1,9,0,3,0,0,0,0,0,0,1,1,6,3,55,8,2970,1,13,-1,1,-1
2015450025271,2,9,0,4,0,0,0,0,0,0,2,1,6,1,81,11,1339,1,8,-1,1,-1
2015450025271,3,9,0,18,0,0,0,0,0,0,2,1,6,1,35,6,1998,1,13,-1,1,-1
2015450025275,1,9,0,4,0,0,0,0,0,0,1,1,1,3,38,7,1998,2,8,-1,1,-1
2015450025275,2,9,0,7,0,0,5,0,0,0,2,1,6,2,65,9,698,1,12,-1,1,-1
2015450025278,1,9,0,1,0,0,0,0,0,0,1,1,6,1,60,9,1997,2,2,-1,1,-1
2015450025281,1,9,0,18,0,8,0,0,0,0,4,1,6,3,-1,-1,-1,-1,-1,-1,-1,-1
2015450025281,2,1,0,18,0,8,0,0,0,0,3,1,6,1,39,7,-1,-1,-1,-1,1,-1
2015450025283,1,9,0,14,0,1,0,0,0,0,1,1,6,1,42,7,2198,1,14,-1,1,-1
2015450025283,2,9,0,7,0,1,0,0,0,0,2,1,6,1,17,4,1600,2,5,-1,1,-1
2015450025285,1,9,0,18,0,0,0,0,0,0,1,1,6,2,29,6,1753,2,9,-1,1,-1
2015450025286,1,9,0,5,0,6,0,0,0,0,1,1,6,3,-1,-1,-1,-1,-1,-1,-1,-1
2015450025289,1,21,1,7,0,6,0,10,0,0,1,1,6,3,-1,-1,-1,-1,-1,-1,-1,-1
2015450025291,1,9,0,18,0,8,0,0,0,0,0,1,3,2,27,6,1360,1,8,-1,1,-1
2015450025291,2,9,0,9,0,8,0,0,0,0,1,1,6,1,-1,-1,2521,1,12,-1,1,-1
2015450025292,1,9,0,18,7,0,0,0,1,7,1,1,6,1,68,10,1951,2,12,-1,1,-1
2015450025293,1,9,0,11,0,0,2,0,7,1,0,1,1,2,21,5,1229,1,6,-1,1,-1
2015450025298,1,9,0,3,0,0,0,0,0,0,2,1,6,2,40,7,1598,2,-1,-1,1,-1
2015450025298,2,9,0,4,0,0,0,0,0,0,1,1,6,1,54,8,-1,-1,-1,-1,1,-1
2015450025299,1,1,0,18,0,1,0,0,0,0,3,1,6,1,34,6,-1,-1,-1,-1,1,-1
2015450025299,2,9,0,2,0,1,0,0,0,0,2,1,6,2,60,9,1229,1,1,-1,1,-1
2015450025300,1,9,0,5,0,6,0,0,0,0,1,1,6,2,25,5,-1,-1,-1,-1,1,-1
2015450025300,2,9,0,18,0,1,0,0,0,0,4,1,6,2,52,8,1995,2,13,-1,1,-1
2015450025301,1,9,0,1,0,0,0,0,0,0,0,1,6,2,37,7,1198,1,4,-1,1,-1
2015450025302,1,9,0,18,0,1,0,0,0,0,1,1,6,1,56,9,1560,2,-1,-1,1,-1
2015450025303,1,9,0,16,0,0,0,0,0,0,1,1,6,3,-1,-1,-1,-1,-1,-1,-1,-1
2015450025305,1,9,0,16,0,0,0,0,0,0,1,1,6,2,30,6,1995,2,8,-1,3,-1
2015450025305,2,1,0,17,0,0,0,0,0,0,1,1,6,1,33,6,-1,-1,-1,-1,1,-1
2015450025306,1,9,0,18,0,0,0,0,0,0,0,1,6,1,58,9,1999,1,8,-1,1,-1
2015450025306,2,9,0,18,0,0,0,0,0,0,0,1,6,1,35,6,1329,1,4,-1,1,-1
2015450025312,1,9,0,18,0,0,0,0,0,0,1,1,6,1,31,6,5499,1,15,-1,1,-1
2015450025313,1,1,0,18,0,0,0,0,0,0,1,1,6,2,25,5,-1,-1,-1,-1,1,-1
2015450025313,2,1,0,18,0,0,0,0,0,0,2,1,6,1,24,5,-1,-1,-1,-1,1,-1
2015450025314,1,9,0,18,0,0,0,0,0,0,1,1,6,1,36,7,1800,1,15,-1,1,-1
2015450025314,2,9,0,2,0,0,0,0,0,0,3,1,6,2,-1,-1,1598,1,4,-1,1,-1
2015450025315,1,5,0,17,0,0,0,0,0,0,1,1,6,1,30,6,300,1,7,-1,1,-1
2015450025315,2,9,0,18,0,0,0,0,0,0,1,1,6,1,80,11,1560,2,8,-1,3,-1
2015450025318,1,9,0,4,0,0,0,0,0,0,1,1,6,2,39,7,1968,2,1,-1,1,-1
2015450025318,2,9,0,3,0,0,0,0,0,0,2,1,6,2,38,7,-1,-1,-1,-1,1,-1
2015450025319,1,1,0,18,0,0,0,11,0,0,1,1,6,1,27,6,-1,-1,-1,-1,1,-1
2015450025323,1,9,0,18,0,0,0,0,0,0,3,1,6,2,73,10,1598,1,11,-1,3,-1
2015450025325,1,19,0,18,0,8,0,0,0,0,1,1,6,1,31,6,2402,2,6,-1,1,-1
2015450025325,2,9,0,18,0,8,0,0,0,0,2,1,6,2,30,6,1896,2,9,-1,1,-1
2015450025325,3,-1,-1,-1,-1,0,-1,-1,-1,0,-1,1,6,3,-1,-1,-1,-1,-1,-1,-1,-1
2015450025328,1,9,0,11,0,0,1,0,0,0,1,1,6,1,42,7,1560,2,8,-1,1,-1
2015450025328,2,9,0,18,0,0,0,0,0,0,3,1,6,1,54,8,5461,1,2,-1,3,-1
2015450025334,1,9,0,18,0,0,1,0,0,0,1,1,6,2,78,11,1108,1,13,-1,1,-1
2015450025334,2,9,0,18,0,0,0,0,0,0,3,1,6,1,87,11,2199,2,6,-1,1,-1
2015450025334,3,9,0,18,0,0,0,0,0,0,1,1,6,2,56,9,1598,1,9,-1,1,-1
2015450025340,1,9,0,9,0,5,0,0,0,0,1,1,6,2,78,11,1229,1,8,-1,1,-1
2015450025340,2,9,0,18,0,8,0,0,0,0,3,1,6,2,43,7,2179,2,1,-1,1,-1
2015450025343,1,1,0,18,0,0,0,8,0,0,1,1,6,2,28,6,-1,-1,-1,-1,1,-1
2015450025343,2,9,0,18,0,0,0,0,0,0,1,1,6,3,-1,-1,-1,-1,-1,-1,-1,-1
2015450025346,1,1,0,18,0,0,5,0,1,0,4,1,6,1,56,9,-1,-1,-1,-1,1,-1
2015450025346,2,9,0,13,0,0,0,0,0,0,0,1,6,3,-1,-1,-1,-1,-1,-1,-1,-1
2015450025352,1,9,0,12,0,6,0,0,0,0,1,1,6,1,66,10,2993,2,5,-1,1,-1
2015450025357,1,9,0,18,0,0,0,7,0,0,4,1,6,1,35,6,1995,1,10,-1,1,-1
2015450025359,1,5,0,18,0,0,5,0,0,0,0,1,6,1,36,7,1099,1,5,-1,1,-1
2015450025362,1,9,0,12,0,0,0,0,0,0,0,1,6,3,-1,-1,-1,-1,-1,-1,-1,-1
2015450025362,2,9,0,18,0,0,0,0,0,0,3,1,6,2,30,6,1242,1,1,-1,1,-1
2015450025362,3,9,0,18,0,0,0,0,0,0,4,1,6,1,30,6,1149,1,8,-1,1,-1
2015450025365,1,1,0,18,0,0,5,0,0,0,0,1,6,1,18,4,-1,-1,-1,-1,1,-1
2015450025366,1,5,0,18,0,1,2,0,1,7,1,1,6,1,29,6,600,1,15,-1,1,-1
2015450025368,1,1,0,18,0,0,0,0,0,0,3,1,6,1,39,7,-1,-1,-1,-1,1,-1
2015450025368,2,9,0,13,0,0,0,0,0,0,1,1,6,3,-1,-1,-1,-1,-1,-1,-1,-1
2015450025369,1,9,0,18,0,0,0,0,0,0,1,1,2,1,37,7,1590,1,22,-1,1,-1
2015450025369,2,9,0,4,0,0,1,0,0,0,2,1,6,2,21,5,1149,1,11,-1,1,-1
2015450025369,3,21,1,18,0,0,0,0,0,0,4,1,1,1,-1,-1,12419,2,4,-1,1,-1
2015450025369,4,9,0,4,0,0,0,0,0,0,3,1,6,2,46,8,1597,2,1,-1,1,-1
2015450025376,1,9,0,5,0,1,0,0,0,0,3,1,3,2,83,11,998,1,6,-1,1,-1
2015450025376,2,9,0,18,0,8,0,0,0,0,1,1,6,2,40,7,1796,2,2,-1,1,-1
2015450025378,1,9,0,18,0,0,0,0,0,0,1,1,6,1,39,7,1781,1,13,-1,1,-1
2015450025378,2,9,0,18,0,0,0,0,0,0,2,1,6,1,55,8,1399,1,9,-1,1,-1
2015450025378,3,9,0,18,0,0,0,0,0,0,2,1,6,2,22,5,1242,1,-1,-1,1,-1
2015450025378,4,9,0,18,0,0,0,0,0,0,2,1,6,1,68,10,1796,1,8,-1,3,-1
2015450025378,5,9,0,4,0,0,0,0,0,0,2,1,6,1,45,7,1598,1,3,-1,1,-1
2015450025379,1,9,0,9,0,6,0,0,0,0,3,1,6,1,62,9,1598,1,5,-1,3,-1
2015450025379,2,1,0,18,0,1,0,0,0,0,1,1,6,1,47,8,-1,-1,-1,-1,3,-1
2015450025386,1,9,0,9,0,6,0,0,0,0,1,1,6,1,59,9,1997,1,4,-1,1,-1
2015450025386,2,9,0,18,0,8,0,0,0,0,4,1,6,2,39,7,1998,1,11,-1,1,-1
2015450025388,1,9,0,5,0,1,0,0,0,0,4,1,6,1,33,6,1686,2,10,-1,1,-1
2015450025388,2,9,0,18,0,2,0,0,0,0,4,1,6,1,42,7,1973,1,15,-1,1,-1
2015450025391,1,9,0,18,0,0,0,0,0,0,1,1,6,2,51,8,2350,1,17,-1,1,-1
2015450025391,2,9,0,4,0,0,0,0,0,0,2,1,6,1,54,8,1968,2,6,-1,3,-1