Accident_Index,Vehicle_Reference,Vehicle_Type,Towing_and_Articulation,Vehicle_Manoeuvre,Vehicle_Location-Restricted_Lane,Junction_Location,Skidding_and_Overturning,Hit_Object_in_Carriageway,Vehicle_Leaving_Carriageway,Hit_Object_off_Carriageway,1st_Point_of_Impact,Was_Vehicle_Left_Hand_Drive?,Journey_Purpose_of_Driver,Sex_of_Driver,Age_of_Driver,Age_Band_of_Driver,Engine_Capacity_(CC),Propulsion_Code,Age_of_Vehicle,Driver_IMD_Decile,Driver_Home_Area_Type,Vehicle_IMD_Decile
2015450025391,3,9,0,4,0,0,0,0,0,0,2,1,6,1,52,8,1560,2,1,-1,1,-1
2015450025391,4,9,0,4,0,0,0,0,0,0,2,1,6,1,30,6,1956,2,4,-1,1,-1
2015450025395,1,9,0,18,0,0,0,0,0,0,1,1,6,1,-1,-1,2151,2,15,-1,-1,-1
2015450025395,2,9,0,18,0,0,0,0,0,0,2,1,2,2,44,7,1796,1,14,-1,1,-1
2015450025395,3,9,0,4,0,0,0,0,0,0,2,1,1,2,31,6,2967,2,2,-1,1,-1
2015450025404,1,9,0,9,0,8,0,0,0,0,3,1,6,1,51,8,2993,2,2,-1,1,-1
2015450025404,2,4,0,18,0,1,1,0,0,0,1,1,6,1,51,8,550,1,40,-1,1,-1
2015450025405,1,9,0,18,0,0,0,0,0,0,1,1,6,1,19,4,1242,1,14,-1,1,-1
2015450025406,1,9,0,18,0,1,0,0,0,0,1,1,2,2,58,9,1998,2,8,-1,1,-1
2015450025406,2,9,0,9,0,5,0,0,0,0,1,1,6,1,59,9,1968,2,-1,-1,2,-1
2015450025407,1,9,0,18,0,2,0,0,0,0,1,1,1,1,60,9,1986,2,6,-1,1,-1
2015450025411,1,9,0,13,0,0,1,0,0,0,1,1,6,1,43,7,2496,2,14,-1,3,-1
2015450025411,2,9,0,17,0,0,0,0,0,0,1,1,6,2,63,9,1275,1,16,-1,3,-1
2015450025411,3,9,0,3,0,0,0,0,0,0,1,1,6,1,34,6,1149,1,14,-1,1,-1
2015450025413,1,1,0,18,0,1,0,0,0,0,1,1,6,1,65,9,-1,-1,-1,-1,1,-1
2015450025413,2,9,0,7,0,1,0,0,0,0,1,1,2,1,40,7,1596,1,2,-1,1,-1
2015450025414,1,9,0,18,0,0,0,0,0,0,4,1,6,3,-1,-1,-1,-1,-1,-1,-1,-1
2015450025414,2,2,0,18,0,0,0,0,0,0,3,1,6,3,23,5,49,1,1,-1,3,-1
2015450025418,1,9,0,9,0,5,0,0,0,0,1,1,6,1,20,4,1124,1,11,-1,1,-1
2015450025418,2,9,0,18,0,1,0,0,0,0,1,1,6,1,54,8,1984,2,7,-1,1,-1
2015450025420,1,9,0,12,0,0,0,0,0,0,1,1,6,2,68,10,1399,1,9,-1,1,-1
2015450025420,2,9,0,18,0,0,0,0,0,0,1,1,2,2,31,6,1598,2,5,-1,1,-1
2015450025421,1,9,0,18,0,0,0,0,0,0,3,1,5,2,62,9,1390,1,16,-1,2,-1
2015450025421,2,9,0,18,0,0,0,0,0,0,3,1,3,2,35,6,1968,2,5,-1,3,-1
2015450025422,1,9,0,4,0,0,0,0,0,0,1,1,6,2,24,5,1560,2,3,-1,1,-1
2015450025422,2,9,0,18,0,0,0,0,0,0,2,1,1,2,23,5,1390,1,2,-1,1,-1
2015450025424,1,5,0,14,0,1,0,0,0,0,4,1,2,2,51,8,535,1,18,-1,1,-1
2015450025424,2,9,0,9,0,6,0,0,0,0,1,1,2,2,53,8,1796,1,12,-1,1,-1
2015450025427,1,5,0,14,0,0,0,0,0,0,4,1,2,1,52,8,680,1,6,-1,2,-1
2015450025435,1,9,0,4,0,1,0,0,0,0,2,1,6,1,36,7,1995,2,5,-1,1,-1
2015450025435,2,9,0,5,0,1,0,0,0,0,1,1,6,1,24,5,1390,1,8,-1,1,-1
2015450025436,1,9,0,18,0,0,0,0,0,0,3,1,6,2,60,9,2183,2,4,-1,1,-1
2015450025436,2,9,0,18,0,0,0,0,0,0,1,1,6,2,31,6,1587,1,9,-1,3,-1
2015450025437,1,9,0,18,0,0,0,0,0,0,1,1,2,1,45,7,1229,1,8,-1,1,-1
2015450025437,2,9,0,18,0,0,0,0,0,0,2,1,6,2,33,6,1560,2,10,-1,1,-1
2015450025437,3,9,0,18,0,0,0,0,0,0,2,1,6,2,18,4,1242,1,3,-1,1,-1
2015450025438,1,19,0,18,0,0,0,0,0,0,4,1,2,1,47,8,1968,2,4,-1,3,-1
2015450025438,2,1,0,18,0,0,0,0,0,0,3,1,6,1,-1,-1,-1,-1,-1,-1,1,-1
2015450025441,1,5,0,10,0,5,0,0,0,0,3,1,6,1,54,8,1170,1,-1,-1,1,-1
2015450025441,2,9,0,14,0,1,0,0,0,0,4,1,6,1,33,6,1798,1,11,-1,3,-1
2015450025451,1,9,0,16,0,8,0,0,0,0,4,1,1,1,54,8,1997,2,6,-1,1,-1
2015450025451,2,9,0,17,0,8,0,0,0,0,3,1,6,2,-1,-1,989,1,16,-1,3,-1
2015450025474,1,9,0,18,0,0,2,0,7,0,1,1,2,2,41,7,796,1,6,-1,1,-1
2015450025475,1,9,0,9,0,6,0,0,0,0,1,1,2,2,58,9,1796,1,9,-1,1,-1
2015450025475,2,8,0,18,0,8,0,0,0,0,4,1,1,1,62,9,1798,8,2,-1,1,-1
2015450025487,1,9,0,7,0,2,0,4,0,0,1,1,6,1,41,7,1397,1,16,-1,1,-1
2015450025487,2,9,0,2,0,2,0,0,0,0,2,1,6,2,50,8,1998,1,18,-1,1,-1
2015450025494,1,5,0,17,0,0,0,0,1,0,1,1,6,1,41,7,1299,1,13,-1,3,-1
2015450025500,1,9,0,18,0,0,0,0,0,0,1,1,6,2,20,4,1242,1,6,-1,1,-1
2015450025501,1,9,0,5,0,6,0,0,0,0,3,1,6,1,90,11,1560,2,11,-1,1,-1
2015450025501,2,9,0,7,0,5,0,0,0,0,3,1,6,2,81,11,1598,1,10,-1,1,-1
2015450025502,1,9,0,7,0,0,1,0,1,2,3,1,2,1,19,4,973,1,14,-1,2,-1
2015450025503,1,3,0,9,0,8,2,0,0,0,4,1,2,2,17,4,124,1,14,-1,1,-1
2015450025504,1,9,0,18,0,0,0,0,0,0,0,1,6,2,-1,-1,2979,1,12,-1,1,-1
2015450025504,2,9,0,18,0,0,1,0,0,0,1,1,2,2,47,8,1596,1,11,-1,1,-1
2015450025504,3,9,0,18,0,0,0,0,0,0,1,1,6,1,43,7,2993,2,9,-1,1,-1
2015450025506,1,4,0,18,0,8,5,0,0,0,0,1,6,1,46,8,198,1,33,-1,1,-1
2015450025506,2,9,0,9,0,6,0,0,0,0,0,1,6,1,34,6,1797,8,5,-1,1,-1
2015450025510,1,9,0,5,9,0,0,0,0,0,1,1,6,2,39,7,1798,1,4,-1,1,-1
2015450025510,2,3,0,18,0,0,0,0,0,0,0,1,6,1,20,4,124,1,2,-1,2,-1
2015450025514,1,9,0,18,0,1,0,0,0,0,2,1,6,2,31,6,1598,1,10,-1,1,-1
2015450025514,2,9,0,18,0,1,0,0,0,0,1,1,6,1,-1,-1,2993,2,2,-1,3,-1
2015450025515,1,9,0,1,0,1,0,0,0,0,2,1,6,2,56,9,2199,2,-1,-1,1,-1
2015450025516,1,1,0,17,0,1,2,0,1,0,1,1,6,1,24,5,-1,-1,-1,-1,3,-1
2015450025516,2,19,0,16,0,1,0,0,0,0,0,1,6,3,-1,-1,-1,-1,-1,-1,-1,-1
2015450025521,1,21,1,11,0,2,0,0,0,0,1,1,1,1,41,7,-1,-1,-1,-1,-1,-1
2015450025521,2,9,0,18,0,8,0,0,0,0,4,1,6,1,48,8,1398,1,2,-1,1,-1
2015450025521,3,9,0,18,0,7,0,0,0,0,3,1,2,2,54,8,1910,2,5,-1,3,-1
2015450025522,1,5,0,17,0,1,0,0,1,0,4,1,1,1,18,4,124,1,22,-1,1,-1
2015450025525,1,1,0,18,0,0,2,0,0,0,1,1,6,1,47,8,-1,-1,-1,-1,1,-1
2015450025525,2,1,0,18,0,0,5,0,0,0,2,1,6,2,50,8,-1,-1,-1,-1,1,-1
2015450025527,1,1,0,18,0,0,0,4,0,0,3,1,6,1,11,3,-1,-1,-1,-1,1,-1
2015450025527,2,9,0,2,0,0,0,0,0,0,3,1,6,1,38,7,1799,1,8,-1,1,-1
2015450025531,1,9,0,3,0,1,0,0,0,0,2,1,6,1,36,7,1598,1,5,-1,1,-1
2015450025531,2,19,0,3,0,1,0,0,0,0,2,1,2,1,38,7,1753,2,8,-1,1,-1
2015450025531,3,9,0,18,0,1,0,0,0,0,1,1,6,2,40,7,1968,2,2,-1,1,-1
2015450025537,1,9,0,4,0,1,1,10,0,0,1,1,6,1,32,6,1596,1,15,-1,2,-1
2015450025543,1,9,0,5,0,8,0,0,0,0,1,1,6,2,49,8,1598,1,12,-1,1,-1
2015450025543,2,9,0,9,0,8,0,0,0,0,4,1,6,2,20,4,1199,1,12,-1,1,-1
2015450025544,1,9,0,18,0,0,1,0,1,0,1,1,6,1,29,6,1399,1,10,-1,1,-1
2015450025545,1,9,0,18,0,0,0,0,0,0,1,1,6,1,32,6,1995,2,8,-1,1,-1
2015450025547,1,9,0,17,0,0,1,6,8,0,1,1,6,1,34,6,1596,1,11,-1,1,-1
2015450025548,1,1,0,4,0,8,5,0,0,0,0,1,6,2,31,6,-1,-1,-1,-1,1,-1
2015450025549,1,9,0,18,0,8,0,0,0,0,3,1,3,2,30,6,1388,1,13,-1,1,-1
2015450025549,2,9,0,9,0,6,0,0,0,0,1,1,6,1,-1,-1,1598,1,17,-1,1,-1
2015450025550,1,1,0,18,0,0,0,10,0,0,4,1,6,1,44,7,-1,-1,-1,-1,1,-1
2015450025551,1,9,0,17,0,0,0,0,1,4,1,1,6,2,30,6,1242,1,9,-1,1,-1
2015450025553,1,9,0,18,0,8,0,0,0,0,2,1,6,3,-1,-1,-1,-1,-1,-1,-1,-1
2015450025553,2,1,0,18,0,8,0,0,0,0,1,1,6,2,32,6,-1,-1,-1,-1,1,-1
2015450025553,3,9,0,18,0,8,0,0,0,0,2,1,6,3,-1,-1,-1,-1,-1,-1,-1,-1
2015450025554,1,3,0,18,0,1,0,9,0,0,1,1,2,1,24,5,124,1,8,-1,1,-1
2015450025556,1,9,0,18,0,8,0,0,0,0,2,1,1,1,62,9,1388,1,6,-1,1,-1
2015450025556,2,9,0,18,0,8,0,0,0,0,1,1,6,2,80,11,1998,2,12,-1,1,-1
2015450025557,1,9,0,18,0,0,2,0,1,1,4,1,6,1,18,4,1149,1,7,-1,1,-1
2015450025558,1,9,0,12,0,1,1,0,1,7,2,1,6,2,20,4,1124,1,14,-1,1,-1
2015450025558,2,9,0,18,0,1,0,0,0,0,0,1,6,3,-1,-1,-1,-1,-1,-1,-1,-1
2015450025560,1,9,0,5,0,6,0,0,0,0,4,1,6,1,51,8,-1,-1,-1,-1,1,-1
2015450025560,2,1,0,18,9,1,0,0,0,0,1,1,2,1,21,5,-1,-1,-1,-1,1,-1
2015450025561,1,9,0,18,0,8,0,0,0,0,3,1,6,2,60,9,1598,1,12,-1,1,-1
2015450025561,2,1,0,9,0,1,0,0,0,0,4,1,6,1,16,4,-1,-1,-1,-1,1,-1
2015450025563,1,9,0,18,0,3,0,0,0,0,4,1,6,3,-1,-1,-1,-1,-1,-1,-1,-1
2015450025563,2,1,0,3,0,3,0,0,0,0,3,1,6,1,42,7,-1,-1,-1,-1,1,-1
2015450025564,1,9,0,18,0,0,1,0,1,0,1,1,6,1,18,4,1400,1,15,-1,3,-1
2015450025589,2,9,0,18,0,1,0,0,0,0,1,1,6,3,-1,-1,1995,2,2,-1,-1,-1
2015450025598,1,9,0,8,0,0,0,0,0,0,2,1,6,2,58,9,1598,1,10,-1,1,-1
2015450025598,2,9,0,18,0,0,0,0,0,0,1,1,6,3,-1,-1,-1,-1,-1,-1,-1,-1
2015450025604,1,9,0,5,0,1,0,0,0,0,1,1,6,2,68,10,1360,1,13,-1,1,-1
2015450025606,1,19,0,18,0,6,0,0,0,0,1,1,2,1,34,6,1461,2,2,-1,1,-1
2015450025606,2,1,0,18,0,1,0,0,0,0,1,1,6,1,44,7,-1,-1,-1,-1,1,-1
2015450025608,1,5,0,18,0,0,1,0,0,0,1,1,2,1,22,5,689,1,1,-1,1,-1
2015450025608,2,19,0,4,0,0,1,0,0,0,2,1,6,1,23,5,1870,2,10,-1,1,-1
2015450025608,3,9,0,5,0,0,0,0,0,0,0,1,6,3,-1,-1,-1,-1,-1,-1,-1,-1
2015450025609,1,9,0,18,0,1,0,0,0,0,1,1,2,1,67,10,1560,2,9,-1,1,-1
2015450025610,1,19,0,1,0,0,0,0,0,0,2,1,1,1,37,7,2402,2,8,-1,3,-1
2015450025611,1,9,0,18,0,0,5,0,0,0,1,1,6,1,17,4,1229,1,10,-1,1,-1
2015450025613,1,9,0,16,0,0,1,0,0,0,1,1,6,2,24,5,1598,1,8,-1,1,-1
2015450025616,1,4,0,4,0,1,1,0,0,0,3,1,2,2,36,7,124,1,14,-1,1,-1
2015450025621,1,9,0,18,0,0,2,0,0,0,1,1,2,1,57,9,1124,1,14,-1,1,-1
2015450025622,2,9,0,7,0,5,0,0,0,0,2,1,1,1,32,6,-1,-1,-1,-1,1,-1
2015450025622,3,9,0,7,0,1,0,0,0,0,2,1,1,1,50,8,1497,8,9,-1,1,-1
2015450025626,1,21,0,18,0,0,0,0,0,0,2,1,1,1,33,6,6692,2,5,-1,1,-1
2015450025626,2,21,0,18,0,0,0,0,0,0,1,1,1,1,36,7,-1,-1,-1,-1,-1,-1
2015450025627,1,19,0,5,0,4,0,0,0,0,3,1,1,1,49,8,2198,2,6,-1,1,-1
2015450025627,2,1,0,9,0,4,0,0,0,0,1,1,1,1,52,8,-1,-1,-1,-1,1,-1
2015450025628,1,9,0,18,0,1,0,0,0,0,4,1,6,1,-1,-1,-1,-1,-1,-1,-1,-1
2015450025631,1,9,0,4,0,0,0,0,0,0,2,1,6,1,36,7,1198,1,1,-1,1,-1
2015450025631,2,9,0,4,0,0,0,0,0,0,1,1,6,1,21,5,1149,1,12,-1,1,-1
2015450025632,1,19,0,18,0,0,0,0,1,0,4,1,1,1,26,6,-1,-1,-1,-1,-1,-1
2015450025632,2,9,0,18,0,0,0,0,0,0,3,1,6,3,-1,-1,-1,-1,-1,-1,-1,-1
2015450025634,1,9,0,18,0,1,0,0,1,2,1,1,2,1,22,5,1399,2,6,-1,3,-1
2015450025635,1,1,0,18,0,6,0,0,0,0,1,1,6,1,19,4,-1,-1,-1,-1,1,-1
2015450025635,2,9,0,17,0,1,0,0,0,0,1,1,1,2,26,6,-1,-1,-1,-1,1,-1
2015450025638,1,1,0,18,0,0,0,0,0,0,1,1,4,1,15,3,-1,-1,-1,-1,1,-1
2015450025638,2,9,0,18,0,0,0,0,0,0,2,1,1,3,-1,-1,-1,-1,-1,-1,-1,-1
2015450025639,1,9,0,18,0,0,0,0,0,0,1,1,6,2,37,7,2997,1,17,-1,1,-1
2015450025646,1,1,0,18,0,0,0,0,0,0,1,1,6,1,36,7,-1,-1,-1,-1,1,-1
2015450025649,1,9,0,18,0,0,0,0,0,0,1,1,2,2,24,5,1587,1,11,-1,1,-1
2015450025649,2,19,0,18,0,0,0,0,0,0,2,1,1,1,40,7,1461,2,2,-1,1,-1
2015450025649,3,9,0,18,0,0,0,0,0,0,2,1,2,2,26,6,1360,1,11,-1,1,-1
2015450025652,1,1,0,18,0,1,5,0,0,0,1,1,6,1,-1,-1,-1,-1,-1,-1,1,-1
2015450025652,2,1,0,18,0,1,5,0,0,0,1,1,6,1,40,7,-1,-1,-1,-1,3,-1
2015450025653,1,9,0,18,0,1,0,0,0,0,1,1,6,1,48,8,1560,2,4,-1,1,-1
2015450025653,2,1,0,18,0,1,0,0,0,0,1,1,6,1,18,4,-1,-1,-1,-1,1,-1
2015450025656,1,9,0,9,0,4,0,0,0,0,1,1,6,1,32,6,1587,1,11,-1,1,-1
2015450025656,2,9,0,18,0,8,0,0,0,0,1,1,6,1,41,7,1968,2,4,-1,1,-1
2015450025671,1,9,0,18,0,0,0,0,0,0,4,1,6,3,-1,-1,-1,-1,-1,-1,-1,-1
2015450025674,1,11,0,3,0,0,0,0,0,0,0,1,1,1,56,9,-1,-1,-1,-1,1,-1
2015450025675,1,9,0,18,0,1,0,0,0,0,3,1,6,2,34,6,1997,2,4,-1,1,-1
2015450025675,2,9,0,18,0,1,0,0,0,0,4,1,6,2,54,8,-1,-1,-1,-1,1,-1
2015450025689,1,9,0,12,0,8,0,0,0,0,1,1,2,1,27,6,1598,1,7,-1,1,-1
2015450025689,2,9,0,3,0,8,0,0,0,0,2,1,6,1,71,10,2171,1,9,-1,1,-1
2015450025689,3,9,0,3,0,1,0,0,0,0,2,1,1,1,23,5,1582,2,4,-1,1,-1
2015450025690,1,9,0,9,0,5,0,0,0,0,3,1,1,1,41,7,1560,2,5,-1,1,-1
2015450025690,2,9,0,18,0,1,0,0,0,0,4,1,1,1,30,6,999,1,2,-1,1,-1
2015450025696,1,9,0,3,0,1,0,0,0,0,2,1,6,2,43,7,1896,2,8,-1,1,-1
2015450025696,2,9,0,18,0,1,0,0,0,0,1,1,6,2,29,6,2996,1,9,-1,1,-1
2015450025710,1,9,0,18,0,0,0,0,0,0,4,1,1,1,49,8,1896,2,6,-1,1,-1
2015450025715,1,3,0,18,0,8,1,0,0,0,0,1,6,1,20,4,124,1,5,-1,1,-1
2015450025717,1,10,0,18,0,0,0,0,0,0,1,1,1,2,58,9,2998,2,5,-1,1,-1
2015450025717,2,9,0,4,0,0,0,0,0,0,2,1,6,1,35,6,-1,-1,-1,-1,1,-1
2015450025718,1,9,0,2,0,0,0,0,0,0,2,1,6,1,21,5,1299,1,13,-1,1,-1
2015450025718,2,9,0,18,0,0,0,4,0,0,1,1,1,1,31,6,-1,-1,-1,-1,2,-1
2015450025724,1,19,0,12,0,0,0,0,0,0,0,1,6,1,49,8,1968,2,1,-1,1,-1
2015450025724,2,9,0,18,0,0,0,0,0,0,3,1,6,3,-1,-1,-1,-1,-1,-1,-1,-1
2015450025724,3,9,0,18,0,0,0,0,0,0,4,1,2,1,49,8,1560,2,9,-1,1,-1
2015450025730,1,9,0,9,0,5,0,0,0,0,1,1,6,1,76,11,998,1,9,-1,1,-1
2015450025730,2,9,0,18,0,1,0,0,0,0,1,1,6,2,33,6,1560,2,1,-1,1,-1
2015450025738,1,9,0,17,0,0,0,0,0,0,2,1,6,2,-1,-1,-1,-1,-1,-1,1,-1
2015450025738,2,9,0,16,0,0,0,0,0,0,2,1,1,1,-1,-1,-1,-1,-1,-1,1,-1
2015450025740,1,9,0,3,0,1,0,0,0,0,3,1,2,1,35,6,1229,1,7,-1,1,-1
2015450025740,2,1,0,14,0,1,0,0,0,0,1,1,2,1,32,6,-1,-1,-1,-1,1,-1
2015450025741,1,9,0,9,0,5,0,0,0,0,4,1,6,2,30,6,1199,1,11,-1,1,-1
2015450025741,2,9,0,18,0,1,0,0,0,0,1,1,6,1,66,10,1968,2,1,-1,1,-1
2015450025752,1,9,0,18,0,0,0,0,0,0,1,1,6,3,-1,-1,-1,-1,-1,-1,-1,-1
2015450025765,1,9,0,18,0,4,0,0,0,0,1,1,6,1,26,6,2979,1,14,-1,1,-1
2015450025765,2,9,0,4,0,4,0,0,0,0,2,1,6,2,43,7,1360,1,5,-1,1,-1
2015450025769,1,9,0,5,0,6,0,0,0,0,3,1,2,2,30,6,1598,1,3,-1,1,-1
2015450025769,2,19,0,18,0,1,0,0,0,0,1,1,6,1,20,4,1499,2,-1,-1,1,-1
2015450025775,1,5,0,4,0,0,2,0,0,0,4,1,2,1,27,6,645,1,15,-1,1,-1
2015450025779,1,5,0,4,0,1,0,11,0,0,0,1,6,1,22,5,656,1,5,-1,1,-1
2015450025781,1,1,0,18,0,0,0,0,0,0,0,1,6,1,83,11,-1,-1,-1,-1,1,-1
2015450025787,1,5,0,5,0,1,0,0,0,0,0,1,6,1,63,9,650,1,21,-1,1,-1
2015450025802,1,9,0,9,0,1,0,0,0,0,1,1,6,2,17,4,1242,1,11,-1,1,-1
2015450025802,2,1,0,17,0,1,5,0,0,0,1,1,6,1,53,8,-1,-1,-1,-1,1,-1
2015450025805,1,9,0,18,0,0,0,0,0,0,1,1,6,1,78,11,1598,1,16,-1,1,-1
2015450025806,1,1,0,16,0,0,0,0,0,0,0,1,6,1,51,8,-1,-1,-1,-1,1,-1
2015450025808,1,9,0,7,0,5,0,0,0,0,4,1,6,1,22,5,-1,-1,-1,-1,1,-1
2015450025808,2,1,0,5,0,1,0,0,0,0,3,1,6,1,-1,-1,-1,-1,-1,-1,1,-1
2015450025809,1,9,0,18,0,8,0,0,0,0,1,1,6,1,28,6,1598,1,13,-1,1,-1
2015450025810,1,9,0,18,8,0,0,0,0,0,3,1,1,2,41,7,2179,2,2,-1,1,-1
2015450025810,2,9,0,13,0,0,0,0,0,0,4,1,6,2,60,9,1796,1,10,-1,1,-1
2015450025810,3,9,0,13,0,0,0,0,0,0,0,1,6,1,37,7,2148,2,10,-1,1,-1
2015450025813,1,1,0,17,0,1,5,0,0,0,1,1,6,1,26,6,-1,-1,-1,-1,1,-1
2015450025816,1,1,0,18,0,0,0,0,0,0,4,1,6,1,45,7,-1,-1,-1,-1,1,-1
2015450025817,1,9,4,18,0,0,0,0,0,0,3,1,1,1,41,7,1968,2,2,-1,1,-1
2015450025817,2,9,0,18,0,0,0,0,0,0,1,1,6,2,69,10,998,1,12,-1,1,-1
2015450025819,1,22,0,18,0,0,0,0,0,0,1,1,6,3,-1,-1,-1,-1,-1,-1,-1,-1
2015450025829,1,9,0,4,0,0,0,0,0,0,2,1,6,2,-1,-1,1360,1,8,-1,1,-1
2015450025829,2,9,0,18,0,0,0,0,0,0,2,1,6,2,41,7,2993,2,7,-1,1,-1
2015450025829,3,19,0,4,0,0,0,0,0,0,1,1,6,1,-1,-1,1598,2,2,-1,1,-1
2015450025838,1,9,0,5,0,6,0,0,0,0,1,1,6,2,33,6,2993,2,6,-1,1,-1
2015450025838,2,1,0,18,0,1,0,0,0,0,1,1,6,1,52,8,-1,-1,-1,-1,1,-1
2015450025842,1,9,0,9,0,6,0,0,0,0,1,1,1,2,47,8,1796,1,9,-1,3,-1
2015450025842,2,3,0,18,0,1,0,0,7,0,4,1,1,1,48,8,124,1,6,-1,1,-1
2015450025843,1,9,0,18,0,0,0,0,0,0,2,1,6,2,24,5,1198,1,4,-1,1,-1
2015450025843,2,9,0,18,0,0,0,0,0,0,1,1,6,2,20,4,1242,1,11,-1,1,-1
2015450025843,3,19,0,18,0,0,0,0,0,6,4,1,6,1,32,6,-1,-1,-1,-1,1,-1
2015450025848,1,9,0,18,0,0,1,0,0,0,1,1,1,2,-1,-1,1596,1,2,-1,1,-1
2015450025848,2,9,0,18,0,0,0,0,0,0,3,1,1,1,47,8,1560,2,4,-1,1,-1
2015450025850,1,9,0,18,0,0,1,4,0,0,4,1,6,2,89,11,1149,1,2,-1,2,-1
2015450025850,2,9,0,2,0,0,0,0,0,0,3,1,6,1,64,9,-1,-1,-1,-1,3,-1
2015450025854,1,9,0,9,0,6,0,0,0,0,1,1,6,2,46,8,2967,2,2,-1,1,-1
2015450025854,2,5,0,16,0,1,1,0,0,0,1,1,6,1,51,8,999,1,6,-1,1,-1
2015450025856,1,9,0,18,0,1,0,0,0,0,1,1,6,1,55,8,1395,1,1,-1,1,-1
2015450025856,2,9,0,18,0,1,0,0,0,0,2,1,6,2,55,8,1968,2,2,-1,1,-1
2015450025858,1,19,0,18,0,0,0,0,0,0,2,1,2,1,53,8,2143,2,2,-1,1,-1
2015450025858,2,9,0,18,0,0,0,0,0,0,1,1,1,1,79,11,-1,-1,-1,-1,1,-1
2015450025860,1,5,0,17,0,8,1,0,1,0,3,1,6,1,30,6,999,1,5,-1,1,-1
2015450025863,1,9,0,18,0,0,5,0,7,4,1,1,6,1,19,4,1149,1,18,-1,1,-1
2015450025868,1,11,0,11,0,0,0,6,0,0,1,1,1,1,49,8,11967,2,8,-1,1,-1
2015450025872,1,9,0,18,9,0,0,0,1,0,4,1,6,1,42,7,1497,1,13,-1,1,-1
2015450025875,1,9,0,10,0,1,0,0,0,0,2,1,6,1,36,7,1968,2,1,-1,2,-1
2015450025875,2,9,0,18,0,1,0,0,0,0,1,1,6,1,57,9,1299,1,12,-1,3,-1
2015450025880,1,19,0,3,0,0,0,0,0,0,2,1,1,1,40,7,-1,-1,-1,-1,-1,-1
2015450025880,2,9,0,3,0,0,0,0,0,0,2,1,6,2,56,9,1398,1,3,-1,1,-1
2015450025880,3,9,0,18,0,0,0,0,0,0,1,1,6,3,-1,-1,-1,-1,-1,-1,-1,-1
2015450025883,1,3,0,16,0,0,1,0,0,0,1,1,6,1,18,4,124,1,6,-1,1,-1
2015450025887,1,1,0,18,9,1,5,0,0,0,1,1,4,1,14,3,-1,-1,-1,-1,1,-1
2015450025888,1,9,0,18,0,1,0,0,0,0,1,1,6,1,18,4,996,1,1,-1,1,-1
2015450025888,2,9,0,18,0,1,0,0,0,0,1,1,6,3,51,8,1242,1,14,-1,1,-1
2015450025889,1,21,4,18,0,0,0,0,0,0,3,1,1,2,27,6,-1,-1,-1,-1,-1,-1
2015450025889,2,9,0,18,0,0,0,0,0,0,4,1,2,2,27,6,998,1,12,-1,1,-1
2015450025889,3,19,0,18,0,0,0,0,0,0,1,1,6,3,-1,-1,-1,-1,-1,-1,-1,-1
2015450025893,1,9,0,18,0,0,0,0,0,0,1,1,3,2,38,7,1598,1,10,-1,1,-1
2015450025895,1,9,0,18,0,1,0,0,0,0,1,1,6,1,32,6,1360,1,12,-1,1,-1
2015450025895,2,9,0,18,0,1,0,0,0,0,2,1,1,2,54,8,1398,1,-1,-1,1,-1
2015450025895,3,9,0,18,0,1,0,0,0,0,2,1,6,1,39,7,2143,2,3,-1,1,-1
2015450025902,1,9,0,18,0,8,0,0,0,0,3,1,1,2,20,4,1242,1,6,-1,1,-1
2015450025902,2,5,0,8,0,8,1,0,0,0,4,1,6,1,40,7,749,1,12,-1,1,-1
2015450025906,1,9,0,7,0,8,0,0,0,0,4,1,6,3,-1,-1,-1,-1,-1,-1,-1,-1
2015450025908,1,1,0,9,0,1,0,0,0,0,4,1,6,1,36,7,-1,-1,-1,-1,1,-1
2015450025908,2,9,0,17,0,8,0,0,0,0,1,1,6,2,62,9,1582,2,5,-1,1,-1
2015450025910,1,9,0,3,0,1,0,0,0,0,2,1,6,2,61,9,1399,2,5,-1,1,-1
2015450025910,2,19,0,18,0,1,0,0,0,0,1,1,2,1,28,6,1896,2,5,-1,1,-1
2015450025912,1,9,0,4,0,2,0,0,0,0,1,1,6,1,19,4,1124,1,12,-1,1,-1
2015450025912,2,9,0,4,0,2,0,0,0,0,2,1,1,1,39,7,2143,2,6,-1,1,-1
2015450025913,1,9,0,18,0,0,0,0,0,0,1,1,1,1,78,11,-1,3,-1,-1,1,-1
2015450025913,2,1,0,18,0,0,0,0,0,0,2,1,6,1,35,6,-1,-1,-1,-1,3,-1
2015450025914,1,9,0,9,0,6,0,0,0,0,3,1,6,2,18,4,1198,1,3,-1,1,-1
2015450025914,2,9,0,17,0,1,0,0,0,0,1,1,6,2,65,9,1596,1,13,-1,3,-1
2015450025916,1,9,0,7,0,5,0,0,0,0,2,1,6,1,70,10,2987,2,8,-1,3,-1
2015450025916,2,9,0,18,0,1,0,0,0,0,1,1,6,3,-1,-1,-1,-1,-1,-1,-1,-1
2015450025917,1,9,0,13,0,0,0,0,0,0,4,1,1,1,63,9,1686,2,4,-1,2,-1