Accident_Index,Vehicle_Reference,Vehicle_Type,Towing_and_Articulation,Vehicle_Manoeuvre,Vehicle_Location-Restricted_Lane,Junction_Location,Skidding_and_Overturning,Hit_Object_in_Carriageway,Vehicle_Leaving_Carriageway,Hit_Object_off_Carriageway,1st_Point_of_Impact,Was_Vehicle_Left_Hand_Drive?,Journey_Purpose_of_Driver,Sex_of_Driver,Age_of_Driver,Age_Band_of_Driver,Engine_Capacity_(CC),Propulsion_Code,Age_of_Vehicle,Driver_IMD_Decile,Driver_Home_Area_Type,Vehicle_IMD_Decile
2015450025917,2,1,0,18,0,0,0,0,0,0,3,1,6,1,76,11,-1,-1,-1,-1,1,-1
2015450025919,1,9,0,18,0,0,0,0,0,0,3,1,6,2,36,7,1461,2,10,-1,2,-1
2015450025922,1,1,0,11,0,0,0,0,0,0,1,1,6,1,15,3,-1,-1,-1,-1,1,-1
2015450025922,2,1,0,18,0,0,0,0,0,0,2,1,6,1,18,4,-1,-1,-1,-1,1,-1
2015450025925,1,9,0,18,0,1,0,0,0,0,1,1,6,2,44,7,1968,2,9,-1,1,-1
2015450025925,2,9,0,18,0,1,0,0,0,0,1,1,6,3,-1,-1,-1,-1,-1,-1,-1,-1
2015450025932,1,9,0,18,0,0,0,0,0,0,2,1,1,1,25,5,1997,2,2,-1,1,-1
2015450025932,2,9,0,18,0,0,0,0,0,0,1,1,1,1,27,6,999,1,1,-1,1,-1
2015450025938,1,5,0,18,0,1,0,0,0,0,1,1,6,1,39,7,749,1,12,-1,1,-1
2015450025938,2,9,0,9,0,6,0,0,0,0,3,1,6,1,31,6,1560,2,6,-1,1,-1
2015450025943,1,9,0,4,0,0,0,0,0,0,2,1,6,1,39,7,1596,1,9,-1,1,-1
2015450025943,2,9,0,4,0,0,0,0,0,0,1,1,6,1,38,7,1200,1,-1,-1,1,-1
2015450025945,1,1,0,3,0,1,0,0,0,0,2,1,6,1,18,4,-1,-1,-1,-1,1,-1
2015450025945,2,9,0,4,0,1,0,0,0,0,1,1,6,3,-1,-1,-1,-1,-1,-1,-1,-1
2015450025946,1,9,0,18,0,1,0,0,0,0,1,1,6,2,53,8,2148,2,10,-1,1,-1
2015450025946,2,9,0,18,0,5,0,0,0,0,1,1,6,1,40,7,-1,-1,-1,-1,-1,-1
2015450025952,1,9,0,1,0,0,0,0,0,0,1,1,6,1,28,6,1396,1,12,-1,1,-1
2015450025956,1,9,0,16,0,0,0,0,1,0,1,1,2,2,37,7,1388,1,8,-1,1,-1
2015450025956,2,9,0,17,0,0,0,0,0,0,1,1,6,2,55,8,1598,1,2,-1,1,-1
2015450025964,1,9,0,9,0,8,0,0,0,0,1,1,6,1,63,9,1364,1,11,-1,1,-1
2015450025964,2,19,0,18,0,8,0,0,0,0,1,1,1,1,35,6,-1,-1,-1,-1,1,-1
2015450025972,1,9,0,18,0,1,0,0,0,0,1,1,6,1,32,6,1968,2,2,-1,3,-1
2015450025972,2,9,0,9,0,1,0,0,0,0,1,1,3,2,39,7,1343,1,12,-1,1,-1
2015450025972,3,9,0,4,0,1,0,0,0,0,1,1,6,2,45,7,2967,2,1,-1,3,-1
2015450025974,1,9,0,3,0,0,0,0,0,0,2,1,6,1,36,7,1996,1,14,-1,1,-1
2015450025974,2,9,0,4,0,0,0,0,0,0,1,1,6,2,64,9,998,1,6,-1,1,-1
2015450025999,1,9,0,18,0,0,0,0,0,0,0,1,6,1,-1,-1,1242,1,1,-1,1,-1
2015450025999,2,9,0,18,0,0,0,0,0,0,0,1,1,1,26,6,-1,-1,-1,-1,1,-1
2015450026001,1,3,0,16,0,0,0,0,0,0,3,1,6,1,18,4,125,1,1,-1,1,-1
2015450026001,2,19,0,18,0,0,0,0,0,0,4,1,6,1,26,6,1753,2,13,-1,1,-1
2015450026008,1,9,0,16,0,0,0,0,0,0,1,1,6,1,28,6,1994,1,17,-1,-1,-1
2015450026008,2,19,0,17,0,0,0,0,0,0,1,1,1,1,47,8,1968,2,5,-1,1,-1
2015450026012,1,9,0,5,0,1,0,0,0,0,1,1,3,2,48,8,1984,1,8,-1,1,-1
2015450026017,1,1,0,18,0,1,0,0,0,0,4,1,6,1,25,5,-1,-1,-1,-1,1,-1
2015450026020,1,1,0,15,0,0,0,0,0,0,3,1,2,2,34,6,-1,-1,-1,-1,1,-1
2015450026020,2,9,0,3,0,0,0,0,0,0,4,1,6,3,-1,-1,-1,-1,-1,-1,-1,-1
2015450026023,1,5,0,4,0,4,5,0,4,0,3,1,1,1,39,7,1170,1,1,-1,1,-1
2015450026038,1,1,0,9,0,1,0,0,0,0,0,1,6,1,63,9,-1,-1,-1,-1,1,-1
2015450026046,1,3,0,13,0,1,0,0,0,0,3,1,2,1,35,6,125,1,7,-1,1,-1
2015450026046,2,9,0,7,0,5,0,0,0,0,1,1,2,2,44,7,1497,1,11,-1,1,-1
2015450026075,1,21,0,18,0,8,0,0,0,0,0,1,1,1,50,8,6871,2,-1,-1,1,-1
2015450026083,1,9,0,3,0,4,0,0,0,0,1,1,2,1,56,9,1997,2,10,-1,1,-1
2015450026083,2,1,0,18,0,4,5,0,0,0,2,1,2,1,43,7,-1,-1,-1,-1,1,-1
2015450026086,1,9,0,4,0,1,0,0,0,0,1,1,6,2,25,5,1242,1,4,-1,1,-1
2015450026091,1,9,0,7,0,3,0,0,0,0,1,1,6,1,-1,-1,1390,1,13,-1,1,-1
2015450026091,2,9,0,3,0,3,0,0,0,0,0,1,1,1,63,9,1390,1,3,-1,1,-1
2015450026093,1,5,0,18,0,3,2,0,0,0,4,1,6,1,33,6,1202,1,-1,-1,3,-1
2015450026093,2,9,0,7,0,4,0,0,0,0,1,1,6,1,86,11,1242,1,3,-1,1,-1
2015450026096,1,21,0,2,0,1,0,0,0,0,0,1,1,1,58,9,10518,2,3,-1,1,-1
2015450026096,2,1,0,18,0,1,0,0,0,0,0,1,2,1,36,7,-1,-1,-1,-1,1,-1
2015450026097,1,9,0,18,0,0,5,0,7,0,1,1,6,1,17,4,1086,1,10,-1,1,-1
2015450026099,1,19,0,18,0,0,0,0,0,0,2,1,1,1,73,10,-1,-1,-1,-1,1,-1
2015450026099,2,9,0,18,0,0,0,0,0,0,1,1,6,2,32,6,998,1,13,-1,1,-1
2015450026099,3,9,0,18,0,0,0,0,0,0,1,1,6,2,35,6,1598,1,5,-1,1,-1
2015450026099,4,9,0,18,0,0,0,0,0,0,1,1,6,1,80,11,1598,1,2,-1,1,-1
2015450026099,5,9,0,18,0,0,0,0,0,0,1,1,1,1,71,10,1968,2,5,-1,2,-1
2015450026101,1,9,0,18,0,0,0,10,1,0,1,1,6,1,32,6,3600,1,13,-1,3,-1
2015450026101,2,9,0,18,0,0,5,0,1,0,2,1,6,1,25,5,1598,1,13,-1,1,-1
2015450026101,3,1,0,18,0,0,0,0,0,0,0,1,6,3,-1,-1,-1,-1,-1,-1,-1,-1
2015450026102,1,9,0,16,0,0,0,0,8,0,4,1,2,1,18,4,1248,2,6,-1,1,-1
2015450026111,1,9,0,7,0,6,0,0,0,0,1,1,6,2,51,8,1590,1,24,-1,1,-1
2015450026113,1,9,0,18,0,1,0,0,0,0,1,1,6,1,63,9,1596,1,1,-1,1,-1
2015450026115,1,9,0,3,0,0,0,0,0,0,2,1,3,2,50,8,1995,1,5,-1,3,-1
2015450026115,2,19,0,4,0,0,0,0,0,0,1,1,3,1,45,7,1868,2,10,-1,3,-1
2015450026115,3,9,0,18,0,0,0,0,0,0,1,1,6,2,50,8,1299,1,12,-1,3,-1
2015450026117,1,9,0,9,0,3,0,0,1,0,1,1,6,2,66,10,1968,2,10,-1,2,-1
2015450026118,1,9,0,16,0,0,2,0,1,0,1,1,6,2,20,4,1199,1,16,-1,3,-1
2015450026120,1,9,0,8,0,1,0,0,0,0,2,1,6,2,-1,-1,2000,1,9,-1,1,-1
2015450026120,2,9,0,4,0,1,0,0,0,0,1,1,6,2,50,8,1398,1,-1,-1,1,-1
2015450026121,1,9,0,9,0,1,0,0,0,0,1,1,6,1,49,8,1242,1,3,-1,1,-1
2015450026121,2,9,0,8,0,1,0,0,0,0,1,1,2,1,59,9,1329,1,3,-1,2,-1
2015450026121,3,9,0,18,0,1,0,0,0,0,1,1,2,1,56,9,1598,1,4,-1,1,-1
2015450026122,1,9,0,18,0,0,1,0,1,0,1,1,6,1,23,5,1998,1,6,-1,1,-1
2015450026123,1,9,0,3,0,5,0,0,0,0,1,1,2,2,41,7,1995,2,7,-1,1,-1
2015450026123,2,9,0,3,0,5,0,0,0,0,2,1,2,1,25,5,1329,1,6,-1,1,-1
2015450026123,3,19,0,3,0,5,0,0,0,0,2,1,1,1,29,6,-1,-1,-1,-1,3,-1
2015450026125,1,19,0,1,0,2,0,0,0,0,2,1,1,1,40,7,2299,2,-1,-1,1,-1
2015450026125,2,9,0,3,0,1,0,0,0,0,1,1,6,2,62,9,698,1,9,-1,1,-1
2015450026128,1,9,0,16,0,0,0,0,5,0,1,1,6,1,64,9,1968,2,1,-1,1,-1
2015450026129,1,9,0,18,0,0,2,0,1,0,1,1,6,2,20,4,1124,1,12,-1,1,-1
2015450026132,1,5,0,7,0,1,0,0,4,0,1,1,6,2,50,8,599,1,9,-1,1,-1
2015450026133,1,1,0,18,0,8,0,0,0,0,0,1,6,1,24,5,-1,-1,-1,-1,1,-1
2015450026133,2,9,0,18,0,8,0,0,0,0,0,1,6,2,-1,-1,-1,-1,-1,-1,-1,-1
2015450026134,1,19,0,5,0,0,0,0,0,0,3,1,1,1,46,8,1248,2,7,-1,1,-1
2015450026136,1,9,0,10,0,8,0,0,0,0,2,1,3,2,37,7,1329,1,5,-1,1,-1
2015450026136,2,9,0,4,0,1,0,0,0,0,1,1,1,1,28,6,2496,2,8,-1,3,-1
2015450026138,1,9,0,18,0,0,0,0,0,0,1,1,2,2,37,7,1596,1,6,-1,1,-1
2015450026138,2,9,0,18,0,0,0,0,0,0,2,1,2,2,31,6,1587,1,12,-1,1,-1
2015450026146,1,9,0,18,0,0,0,0,0,0,2,1,2,2,36,7,1598,1,6,-1,1,-1
2015450026146,2,19,0,18,0,0,0,0,0,0,1,1,1,1,32,6,2464,2,7,-1,1,-1
2015450026148,1,9,0,18,0,0,0,0,0,0,1,1,3,2,39,7,998,1,6,-1,1,-1
2015450026148,2,1,0,18,0,0,0,0,0,0,3,1,6,1,33,6,-1,-1,-1,-1,1,-1
2015450026150,1,9,0,17,0,0,0,0,0,0,1,1,6,2,19,4,3199,1,15,-1,1,-1
2015450026152,1,9,0,4,0,1,0,0,0,0,4,1,1,1,49,8,2995,1,-1,-1,1,-1
2015450026153,1,9,0,18,0,2,0,0,0,0,3,1,2,1,58,9,2499,2,13,-1,1,-1
2015450026153,2,9,0,18,0,2,0,0,0,0,4,1,2,2,48,8,1587,1,8,-1,1,-1
2015450026156,1,21,1,18,0,0,0,0,0,0,1,1,1,1,35,6,11946,2,2,-1,1,-1
2015450026156,2,9,0,18,0,0,0,0,0,0,2,1,1,1,21,5,998,1,4,-1,2,-1
2015450026157,1,9,0,16,0,0,5,0,0,0,4,1,6,2,42,7,1598,1,10,-1,1,-1
2015450026158,1,9,0,18,0,0,0,4,0,0,1,1,6,1,37,7,1796,1,11,-1,1,-1
2015450026158,2,9,0,2,0,0,0,0,0,0,1,1,6,1,63,9,1560,2,5,-1,1,-1
2015450026163,1,9,0,3,0,0,0,0,0,0,2,1,6,2,50,8,1598,2,3,-1,3,-1
2015450026163,2,9,0,4,0,0,0,0,0,0,2,1,6,2,56,9,1995,1,12,-1,3,-1
2015450026163,3,9,0,18,0,0,0,0,0,0,1,1,6,1,39,7,1999,1,12,-1,1,-1
2015450026168,1,1,0,18,0,1,2,0,0,0,1,1,6,1,-1,-1,-1,-1,-1,-1,1,-1
2015450026170,1,9,0,18,0,1,0,0,0,0,1,1,2,2,25,5,1850,1,15,-1,1,-1
2015450026170,2,9,0,3,0,1,0,0,0,0,2,1,3,2,27,6,2993,2,7,-1,1,-1
2015450026170,3,9,0,4,0,1,0,0,0,0,2,1,1,1,56,9,2987,2,-1,-1,1,-1
2015450026172,1,9,0,7,0,1,1,0,0,0,2,1,6,2,20,4,1396,1,15,-1,1,-1
2015450026172,2,9,0,16,0,1,1,4,0,0,1,1,6,2,26,6,1360,1,15,-1,1,-1
2015450026175,1,19,0,17,0,0,0,0,1,0,1,1,6,1,35,6,1753,2,16,-1,1,-1
2015450026177,1,9,0,3,0,0,0,0,0,0,1,1,6,1,73,10,1388,1,10,-1,2,-1
2015450026177,2,9,0,4,0,0,0,0,0,0,2,1,6,1,39,7,1997,2,4,-1,-1,-1
2015450026183,1,9,0,18,0,0,0,0,0,0,0,1,1,2,38,7,1149,1,5,-1,1,-1
2015450026183,2,9,0,3,0,0,0,0,0,0,2,1,6,2,33,6,1796,1,7,-1,1,-1
2015450026183,3,9,0,4,0,0,0,0,0,0,1,1,6,1,39,7,2777,2,7,-1,1,-1
2015450026188,1,9,0,9,0,1,0,0,0,0,3,1,2,2,26,6,1248,1,1,-1,3,-1
2015450026188,2,1,0,18,0,8,0,0,0,0,1,1,2,1,46,8,-1,-1,-1,-1,2,-1
2015450026195,1,3,0,18,0,1,5,0,0,0,1,1,6,1,24,5,125,1,1,-1,1,-1
2015450026195,2,9,0,18,0,1,0,0,0,0,1,1,6,1,-1,-1,-1,-1,-1,-1,-1,-1
2015450026213,1,9,0,7,0,3,0,0,3,0,1,1,6,2,25,5,1229,1,6,-1,1,-1
2015450026213,2,1,0,9,0,3,0,0,0,0,3,1,6,1,27,6,-1,-1,-1,-1,1,-1
2015450026226,1,9,0,4,0,0,0,0,0,0,2,1,6,2,29,6,1242,1,-1,-1,1,-1
2015450026226,2,9,0,18,0,0,0,0,0,0,1,1,6,1,39,7,2976,1,11,-1,1,-1
2015450026228,1,9,0,3,0,1,0,0,0,0,2,1,6,2,28,6,2143,2,-1,-1,1,-1
2015450026228,2,9,0,4,0,1,0,0,0,0,1,1,6,3,-1,-1,1995,2,9,-1,-1,-1
2015450026232,1,19,0,1,0,1,0,0,0,0,2,1,1,1,27,6,1995,2,2,-1,3,-1
2015450026232,2,5,0,3,0,1,0,0,0,0,1,1,6,2,41,7,839,1,7,-1,1,-1
2015450026234,1,3,0,18,0,1,0,0,0,0,1,1,6,1,17,4,124,1,1,-1,1,-1
2015450026234,2,9,0,7,0,6,0,0,0,0,2,1,6,1,22,5,1149,1,4,-1,1,-1
2015450026235,1,9,0,9,0,6,0,0,0,0,1,1,6,1,51,8,1796,1,13,-1,1,-1
2015450026235,2,9,0,18,0,1,0,0,0,0,1,1,2,2,36,7,998,1,9,-1,1,-1
2015450026241,1,9,0,18,0,0,0,0,0,0,1,1,6,1,-1,-1,1596,1,5,-1,1,-1
2015450026241,2,1,0,18,0,0,0,0,0,0,1,1,6,1,13,3,-1,-1,-1,-1,1,-1
2015450026244,1,3,0,18,0,0,0,0,0,0,1,1,6,1,22,5,124,1,1,-1,1,-1
2015450026244,2,9,0,16,0,0,0,0,0,0,3,1,6,1,39,7,2996,1,9,-1,3,-1
2015450026252,1,1,0,4,0,0,0,0,0,0,1,1,6,1,22,5,-1,-1,-1,-1,1,-1
2015450026254,1,3,0,18,0,2,2,12,0,0,1,1,2,1,53,8,124,1,5,-1,1,-1
2015450026262,1,9,0,4,0,0,0,0,0,0,1,1,2,2,30,6,1896,2,8,-1,2,-1
2015450026262,2,9,0,4,0,0,0,0,0,0,2,1,2,1,33,6,1360,1,12,-1,1,-1
2015450026262,3,9,0,3,0,0,0,0,0,0,2,1,2,2,54,8,2148,2,9,-1,1,-1
2015450026262,4,9,0,3,0,0,0,0,0,0,0,1,2,2,56,9,1598,1,13,-1,1,-1
2015450026274,1,9,0,18,0,8,0,0,0,0,0,1,6,1,18,4,1199,1,14,-1,2,-1
2015450026274,2,9,0,9,0,8,0,0,0,0,1,1,6,2,17,4,1390,1,3,-1,1,-1
2015450026277,1,2,0,3,0,0,0,0,0,0,1,1,6,1,16,4,49,1,13,-1,1,-1
2015450026277,2,19,0,1,0,0,0,0,0,0,2,1,6,1,49,8,1868,2,12,-1,1,-1
2015450026280,1,9,0,8,0,0,0,0,0,0,2,1,2,2,38,7,1598,1,12,-1,1,-1
2015450026280,2,9,0,4,0,0,0,0,0,0,2,1,6,1,53,8,1999,1,10,-1,1,-1
2015450026280,3,9,0,18,0,0,0,0,0,0,1,1,2,1,51,8,1596,1,14,-1,1,-1
2015450026283,1,1,0,15,0,0,0,0,0,0,1,1,6,1,40,7,-1,-1,-1,-1,3,-1
2015450026283,2,9,0,3,0,0,0,0,0,0,4,1,6,2,57,9,2967,2,1,-1,1,-1
2015450026292,1,19,0,4,0,1,0,0,0,0,2,1,6,1,51,8,-1,-1,-1,-1,1,-1
2015450026292,2,11,0,3,0,1,0,0,0,0,1,1,1,1,48,8,12000,2,12,-1,2,-1
2015450026294,1,19,0,3,0,0,0,0,0,0,2,1,2,1,61,9,2148,2,7,-1,1,-1
2015450026294,2,9,0,18,0,0,0,0,0,0,2,1,2,2,54,8,1798,1,12,-1,1,-1
2015450026294,3,9,0,18,0,0,0,0,0,0,2,1,6,1,38,7,3000,1,17,-1,1,-1
2015450026294,4,9,0,18,0,0,0,0,0,0,1,1,6,1,31,6,2143,2,5,-1,1,-1
2015450026296,1,9,0,5,0,1,0,0,0,0,1,1,6,1,18,4,1598,1,10,-1,1,-1
2015450026296,2,9,0,18,0,2,0,0,0,0,3,1,6,1,61,9,1968,2,-1,-1,1,-1
2015450026297,1,19,0,18,0,0,0,0,0,0,1,1,1,1,47,8,2148,2,6,-1,3,-1
2015450026297,2,8,0,4,0,0,0,0,0,0,2,1,1,1,51,8,-1,-1,-1,-1,1,-1
2015450026298,1,9,0,3,0,0,0,0,0,0,2,1,3,1,38,7,1968,2,3,-1,1,-1
2015450026298,2,9,0,18,0,0,0,0,0,0,1,1,2,2,26,6,1149,1,12,-1,3,-1
2015450026299,1,9,0,18,0,0,0,0,0,0,1,1,2,1,18,4,1397,1,13,-1,1,-1
2015450026299,2,9,0,16,0,0,0,0,0,0,1,1,6,1,48,8,2993,2,2,-1,1,-1
2015450026306,1,9,0,18,0,0,0,0,0,0,4,1,1,1,52,8,1995,2,1,-1,1,-1
2015450026306,2,19,0,5,0,0,0,0,0,0,3,1,1,1,31,6,-1,-1,-1,-1,3,-1
2015450026307,1,9,0,18,0,0,0,0,0,0,1,1,6,1,57,9,1968,2,6,-1,2,-1
2015450026308,1,9,0,18,9,0,0,0,0,0,0,1,6,3,-1,-1,1461,2,6,-1,-1,-1
2015450026309,1,9,0,3,0,0,0,0,0,0,3,1,6,1,44,7,5439,6,16,-1,1,-1
2015450026309,2,9,0,18,0,0,0,0,0,0,4,1,6,2,89,11,1796,1,17,-1,1,-1
2015450026309,3,9,0,2,0,0,0,0,0,0,2,1,6,2,-1,-1,1596,1,9,-1,-1,-1
2015450026312,1,9,0,18,0,4,0,0,7,0,1,1,6,1,26,6,1968,2,6,-1,1,-1
2015450026313,1,9,0,5,0,8,0,0,0,0,3,1,6,2,38,7,1242,1,8,-1,2,-1
2015450026313,2,1,0,18,0,8,0,0,0,0,1,1,6,1,53,8,-1,-1,-1,-1,3,-1
2015450026320,1,9,0,18,0,5,0,0,0,0,4,1,6,1,85,11,2200,1,15,-1,1,-1
2015450026320,2,1,0,9,0,1,0,0,0,0,3,1,6,1,54,8,-1,-1,-1,-1,1,-1
2015450026323,1,9,0,16,0,0,0,0,0,0,1,1,6,2,43,7,1388,1,7,-1,1,-1
2015450026324,1,9,0,18,0,1,0,0,0,0,1,1,6,2,58,9,1995,2,1,-1,1,-1
2015450026324,2,1,0,18,0,1,0,0,0,0,4,1,6,2,50,8,-1,-1,-1,-1,1,-1
2015450026330,1,9,0,10,0,5,0,0,0,0,2,1,1,2,51,8,1198,1,5,-1,1,-1
2015450026330,2,19,0,18,0,1,0,0,0,0,1,1,1,1,63,9,2148,2,8,-1,1,-1
2015450026337,1,9,0,4,0,8,0,0,0,0,1,1,2,1,52,8,1994,1,13,-1,1,-1
2015450026337,2,1,0,12,0,8,0,0,0,0,2,1,6,1,54,8,-1,-1,-1,-1,1,-1
2015450026350,1,1,0,17,0,8,0,0,0,0,2,1,2,1,41,7,-1,-1,-1,-1,1,-1
2015450026350,2,9,0,5,0,4,0,0,0,0,1,1,2,2,38,7,1796,1,7,-1,1,-1
2015450026356,1,3,0,18,0,1,5,0,0,0,1,1,2,2,31,6,125,1,1,-1,1,-1
2015450026357,1,9,0,9,0,6,0,0,0,0,1,1,2,2,25,5,1360,1,9,-1,1,-1
2015450026357,2,3,0,18,0,1,0,0,0,0,1,1,6,1,22,5,125,1,11,-1,1,-1
2015450026358,1,9,0,3,0,1,0,0,0,0,1,1,2,2,57,9,1390,1,13,-1,1,-1
2015450026358,2,9,0,3,0,1,0,0,0,0,2,1,6,2,48,8,1299,1,11,-1,1,-1
2015450026364,1,9,0,17,0,0,0,4,0,0,1,1,6,2,68,10,1396,1,15,-1,3,-1
2015450026364,2,9,0,2,0,0,0,0,0,0,2,1,6,1,-1,-1,1968,2,4,-1,3,-1
2015450026369,1,5,0,18,0,1,0,0,0,0,4,1,6,1,53,8,652,1,12,-1,1,-1
2015450026369,2,9,0,9,0,6,0,0,0,0,1,1,6,1,63,9,2993,2,6,-1,1,-1
2015450026370,1,9,0,18,0,8,0,0,0,0,1,1,6,1,33,6,1956,2,1,-1,1,-1
2015450026370,2,19,0,18,0,1,0,0,0,0,1,1,6,1,74,10,-1,-1,-1,-1,2,-1
2015450026372,1,9,0,18,0,4,0,0,0,0,3,1,6,1,85,11,1997,1,14,-1,1,-1
2015450026372,2,9,0,18,0,8,0,0,0,0,1,1,3,2,67,10,1360,1,14,-1,1,-1
2015450026376,1,9,0,18,0,8,0,0,0,0,3,1,6,3,-1,-1,1796,1,1,-1,-1,-1
2015450026381,1,9,0,18,0,0,1,0,5,6,1,1,6,1,66,10,2993,2,5,-1,1,-1
2015450026382,1,9,0,9,0,8,0,0,0,0,3,1,6,1,91,11,1490,1,10,-1,2,-1
2015450026382,2,9,0,18,0,1,1,0,0,0,1,1,2,1,22,5,1299,1,13,-1,2,-1
2015450026383,1,9,0,18,0,0,0,0,0,0,1,1,6,2,75,10,1248,2,9,-1,3,-1
2015450026383,2,9,0,18,0,0,0,0,0,0,2,1,6,2,36,7,-1,-1,-1,-1,1,-1
2015450026383,3,9,0,18,0,0,0,0,0,0,1,1,6,1,24,5,998,1,1,-1,1,-1
2015450026386,1,3,0,14,0,0,0,0,0,0,1,1,2,1,29,6,124,1,3,-1,1,-1
2015450026388,1,9,0,18,0,8,0,0,0,0,1,1,6,1,21,5,1995,1,7,-1,1,-1
2015450026388,2,9,0,18,0,1,0,0,0,0,3,1,6,1,22,5,1582,2,6,-1,1,-1
2015450026391,1,2,0,18,0,4,0,0,0,0,3,1,6,2,16,4,50,1,8,-1,1,-1
2015450026391,2,9,0,18,0,8,0,0,0,0,4,1,6,2,-1,-1,-1,-1,-1,-1,-1,-1
2015450026396,1,5,0,16,0,0,1,0,0,0,1,1,6,1,57,9,1584,1,7,-1,1,-1
2015450026397,1,1,0,18,0,0,5,0,0,0,1,1,2,2,31,6,-1,-1,-1,-1,1,-1
2015450026403,1,9,0,14,0,0,1,0,1,4,1,1,6,1,26,6,-1,-1,-1,-1,1,-1
2015450026403,2,9,0,3,0,0,0,0,0,0,2,1,6,1,26,6,1390,1,18,-1,1,-1
2015450026403,3,19,0,3,0,0,0,0,0,0,2,1,6,1,24,5,1870,2,10,-1,3,-1
2015450026403,4,9,0,3,0,0,0,0,0,0,2,1,6,2,35,6,1995,2,2,-1,2,-1
2015450026407,1,9,0,18,0,0,0,0,0,0,1,1,2,1,23,5,999,1,1,-1,1,-1
2015450026407,2,9,0,18,0,0,0,0,0,0,2,1,1,1,49,8,1968,2,2,-1,1,-1
2015450026420,1,9,0,9,0,5,0,0,0,0,3,1,6,2,56,9,1498,1,6,-1,3,-1
2015450026420,2,3,0,14,0,8,0,0,0,0,1,1,6,1,-1,-1,124,1,2,-1,3,-1
2015450026424,1,9,0,4,0,0,0,0,0,0,1,1,6,2,-1,-1,1968,2,8,-1,1,-1
2015450026424,2,9,0,3,0,0,0,0,0,0,2,1,6,1,65,9,2191,2,1,-1,1,-1
2015450026427,1,9,0,9,0,6,0,0,0,0,1,1,6,2,88,11,1124,1,24,-1,2,-1
2015450026427,2,9,0,17,0,1,0,0,1,0,1,1,6,2,50,8,1598,1,5,-1,1,-1
2015450026428,1,9,0,9,0,5,0,0,0,0,1,1,6,2,47,8,1596,1,17,-1,2,-1
2015450026428,2,5,0,18,0,1,0,0,0,0,1,1,6,1,50,8,1284,1,8,-1,1,-1
2015450026436,1,9,0,18,0,1,0,0,0,0,4,1,2,2,40,7,996,1,3,-1,1,-1
2015450026436,2,9,0,9,0,1,1,0,0,0,1,1,6,2,26,6,1796,1,8,-1,1,-1
2015450026437,1,3,0,18,0,0,0,0,0,0,1,1,4,1,18,4,125,1,1,-1,1,-1
2015450026437,2,9,0,9,0,0,0,0,0,0,2,1,6,1,-1,-1,1149,1,12,-1,1,-1
2015450026437,3,9,0,18,0,0,0,0,0,0,1,1,6,2,28,6,1229,1,10,-1,1,-1
2015450026442,1,2,0,18,0,1,0,0,0,0,4,1,6,1,22,5,49,1,-1,-1,1,-1
2015450026442,2,9,0,10,0,1,0,0,0,0,3,1,6,2,37,7,1242,1,14,-1,1,-1
2015450026445,1,9,0,9,0,1,0,0,0,0,3,1,2,2,53,8,1388,1,5,-1,1,-1
2015450026445,2,9,0,18,0,1,0,0,0,0,3,1,1,2,49,8,998,1,1,-1,1,-1
2015450026447,1,9,0,18,0,1,0,0,0,0,1,1,6,1,18,4,1086,1,11,-1,1,-1
2015450026447,2,9,0,9,0,6,0,0,0,0,3,1,6,2,22,5,1388,1,8,-1,3,-1
2015450026459,1,9,0,18,0,1,0,0,1,10,1,1,6,1,23,5,2000,2,11,-1,1,-1
2015450026459,2,9,0,9,0,5,0,0,0,0,1,1,6,2,35,6,1984,1,5,-1,1,-1
2015450026491,1,9,0,18,0,0,0,0,0,0,4,1,1,1,37,7,1968,2,1,-1,1,-1
2015450026491,2,5,0,18,0,0,0,0,0,0,3,1,1,1,54,8,1085,1,18,-1,3,-1
2015450026496,1,9,0,16,0,0,0,0,0,0,1,1,6,1,37,7,1390,1,13,-1,1,-1
2015450026496,2,9,0,17,0,0,0,0,0,0,1,1,6,1,47,8,1896,2,9,-1,1,-1
2015450026502,1,9,0,7,0,6,0,0,0,0,2,1,6,1,51,8,1582,2,6,-1,1,-1
2015450026502,2,1,0,18,0,1,0,0,0,0,2,1,6,1,55,8,-1,-1,-1,-1,3,-1
2015450026503,1,9,0,9,0,1,0,0,0,0,3,1,6,1,33,6,1596,1,10,-1,1,-1
2015450026503,2,3,0,18,0,1,0,0,0,0,1,1,6,1,22,5,125,1,6,-1,1,-1
2015450026511,1,1,0,18,0,1,0,0,1,0,1,1,6,2,24,5,-1,-1,-1,-1,1,-1
2015450026514,1,11,0,18,0,0,0,0,0,0,0,1,1,1,-1,-1,6871,2,7,-1,1,-1
2015450026514,2,19,0,18,0,0,0,0,0,0,0,1,6,3,-1,-1,-1,-1,-1,-1,-1,-1
2015450026516,1,9,0,16,0,0,1,0,1,0,2,1,2,2,21,5,1199,1,11,-1,1,-1
2015450026517,1,19,0,3,0,4,0,0,1,0,1,1,2,1,50,8,2488,2,8,-1,1,-1