Accident_Index,Vehicle_Reference,Vehicle_Type,Towing_and_Articulation,Vehicle_Manoeuvre,Vehicle_Location-Restricted_Lane,Junction_Location,Skidding_and_Overturning,Hit_Object_in_Carriageway,Vehicle_Leaving_Carriageway,Hit_Object_off_Carriageway,1st_Point_of_Impact,Was_Vehicle_Left_Hand_Drive?,Journey_Purpose_of_Driver,Sex_of_Driver,Age_of_Driver,Age_Band_of_Driver,Engine_Capacity_(CC),Propulsion_Code,Age_of_Vehicle,Driver_IMD_Decile,Driver_Home_Area_Type,Vehicle_IMD_Decile
2015450026518,1,1,0,18,0,0,0,0,0,0,0,1,6,2,26,6,-1,-1,-1,-1,1,-1
2015450026519,1,19,0,18,0,0,1,0,0,0,1,1,1,1,27,6,2999,2,6,-1,1,-1
2015450026519,2,19,0,4,0,0,0,0,0,0,2,1,1,1,32,6,2143,2,1,-1,1,-1
2015450026520,1,9,0,2,0,1,0,0,0,0,3,1,6,1,35,6,1598,1,13,-1,1,-1
2015450026520,2,19,0,18,0,1,0,0,0,0,4,1,1,1,61,9,2402,2,5,-1,1,-1
2015450026522,1,9,0,18,0,1,0,0,0,0,0,1,6,3,-1,-1,-1,-1,-1,-1,-1,-1
2015450026522,2,1,0,18,0,1,0,0,0,0,0,1,6,2,19,4,-1,-1,-1,-1,1,-1
2015450026523,1,9,0,3,0,2,0,0,0,0,2,1,6,2,17,4,1598,1,10,-1,3,-1
2015450026523,2,19,0,18,0,2,0,0,0,0,1,1,1,1,32,6,1248,2,5,-1,1,-1
2015450026524,1,9,0,7,0,4,0,0,0,0,2,1,6,2,49,8,1997,2,5,-1,3,-1
2015450026524,2,1,0,18,0,3,0,0,0,0,1,1,6,2,64,9,-1,-1,-1,-1,1,-1
2015450026526,1,5,0,18,0,1,0,0,0,0,1,1,6,1,39,7,1170,1,7,-1,3,-1
2015450026526,2,9,0,1,0,6,0,0,0,0,3,1,6,2,62,9,1997,2,12,-1,3,-1
2015450026527,1,9,0,16,0,0,1,0,5,0,3,1,6,1,79,11,1998,1,6,-1,1,-1
2015450026528,1,1,0,3,0,1,0,0,0,0,1,1,6,1,16,4,-1,-1,-1,-1,1,-1
2015450026528,2,9,0,3,0,1,0,0,0,0,2,1,6,1,-1,-1,-1,-1,-1,-1,-1,-1
2015450026546,1,9,0,9,0,5,0,0,1,0,1,1,6,2,71,10,1197,1,2,-1,2,-1
2015450026546,2,9,0,18,0,1,1,0,0,0,1,1,2,2,34,6,1781,1,15,-1,1,-1
2015450026553,1,1,0,18,0,8,5,0,0,0,1,1,6,1,47,8,-1,-1,-1,-1,1,-1
2015450026553,2,9,0,9,0,6,0,0,0,0,3,1,6,2,27,6,1781,1,12,-1,1,-1
2015450026554,1,9,0,18,0,0,1,4,0,0,1,1,6,2,48,8,1598,1,10,-1,1,-1
2015450026554,2,19,0,2,0,0,0,0,0,0,2,1,6,1,-1,-1,2402,2,8,-1,1,-1
2015450026556,1,9,0,18,0,0,0,0,0,0,4,1,6,3,-1,-1,-1,-1,-1,-1,-1,-1
2015450026559,1,9,0,4,0,0,0,0,0,0,2,1,3,1,28,6,1896,2,8,-1,1,-1
2015450026559,2,11,0,4,0,0,0,0,0,0,1,1,1,1,-1,-1,-1,2,19,-1,-1,-1
2015450026561,1,9,0,18,0,1,1,7,0,0,1,1,6,1,22,5,1598,1,18,-1,1,-1
2015450026571,1,9,0,18,0,0,1,0,7,1,1,1,6,1,60,9,2792,1,5,-1,1,-1
2015450026572,1,9,0,18,0,0,5,0,1,0,1,1,6,1,20,4,1124,1,13,-1,1,-1
2015450026574,1,5,0,13,0,1,1,0,0,0,1,1,6,1,59,9,1200,1,23,-1,1,-1
2015450026574,2,9,0,10,0,5,0,0,0,0,2,1,6,1,39,7,1598,1,12,-1,1,-1
2015450026603,1,9,0,7,0,6,0,0,0,0,3,1,2,1,29,6,1332,1,17,-1,1,-1
2015450026603,2,1,0,18,0,8,0,0,0,0,1,1,2,1,52,8,-1,-1,-1,-1,1,-1
2015450026604,1,9,0,2,0,0,0,0,0,0,3,1,6,2,71,10,1598,1,5,-1,1,-1
2015450026604,2,1,0,18,0,0,0,0,0,0,4,1,6,2,23,5,-1,-1,-1,-1,1,-1
2015450026608,1,9,0,18,0,1,0,0,0,0,1,1,6,1,85,11,1798,1,6,-1,1,-1
2015450026608,2,9,0,3,0,1,0,0,0,0,2,1,6,1,52,8,1395,1,-1,-1,1,-1
2015450026613,1,9,0,7,0,6,0,0,0,0,3,1,6,2,38,7,1995,2,1,-1,1,-1
2015450026613,2,9,0,18,0,1,5,0,4,6,1,1,6,2,41,7,1587,1,14,-1,1,-1
2015450026615,1,9,0,5,8,0,0,0,0,0,1,1,6,1,53,8,2495,2,13,-1,1,-1
2015450026615,2,5,0,18,0,0,2,0,7,0,4,1,6,1,56,9,654,1,4,-1,1,-1
2015450026616,1,9,0,18,0,1,0,0,0,0,1,1,6,1,51,8,2495,2,13,-1,1,-1
2015450026616,2,9,0,18,0,1,0,0,0,0,1,1,6,1,76,11,1397,1,14,-1,1,-1
2015450026619,1,9,0,9,0,5,0,0,0,0,3,1,2,2,23,5,1598,1,5,-1,2,-1
2015450026619,2,3,0,13,0,8,0,0,0,0,1,1,6,1,22,5,124,1,8,-1,1,-1
2015450026624,1,9,0,18,0,1,0,0,0,0,1,1,6,1,21,5,1242,1,4,-1,1,-1
2015450026624,2,19,0,18,0,1,0,0,0,0,1,1,1,1,28,6,2400,2,12,-1,1,-1
2015450026625,1,9,0,16,0,0,1,0,0,0,3,1,6,2,19,4,-1,-1,-1,-1,1,-1
2015450026627,1,9,0,18,0,0,0,0,0,0,3,1,6,1,31,6,1956,2,4,-1,1,-1
2015450026627,2,9,0,18,0,0,0,0,0,0,3,1,6,3,-1,-1,-1,-1,-1,-1,-1,-1
2015450026628,1,19,0,18,0,0,0,0,0,0,1,1,6,1,27,6,1753,2,10,-1,1,-1
2015450026629,1,1,0,18,0,2,0,4,0,0,1,1,6,1,39,7,-1,-1,-1,-1,1,-1
2015450026629,2,9,0,2,0,2,0,0,0,0,3,1,6,2,-1,-1,1598,1,1,-1,1,-1
2015450026648,1,21,0,18,0,0,0,0,0,0,1,1,1,1,48,8,12900,2,3,-1,2,-1
2015450026648,2,9,0,12,0,0,0,0,0,0,1,1,2,2,31,6,1995,2,3,-1,1,-1
2015450026651,1,9,0,11,0,0,1,0,1,7,2,1,6,2,73,10,1242,1,2,-1,1,-1
2015450026651,2,21,1,18,0,0,0,0,0,0,3,1,1,1,43,7,-1,-1,-1,-1,-1,-1
2015450026652,1,9,0,13,0,0,0,0,0,0,1,1,6,1,55,8,2494,1,17,-1,1,-1
2015450026652,2,1,0,18,0,0,0,0,0,0,2,1,6,1,44,7,-1,-1,-1,-1,1,-1
2015450026658,1,1,0,18,9,0,0,0,0,0,1,1,6,1,24,5,-1,-1,-1,-1,-1,-1
2015450026660,1,9,0,15,0,0,0,0,0,0,4,1,6,1,60,9,1797,8,4,-1,1,-1
2015450026660,2,1,0,18,0,0,0,0,0,0,2,1,6,2,43,7,-1,-1,-1,-1,1,-1
2015450026662,1,9,0,17,0,5,0,0,1,4,1,1,6,1,19,4,998,1,1,-1,1,-1
2015450026665,1,9,0,9,0,1,0,0,0,0,1,1,6,2,63,9,1998,1,12,-1,1,-1
2015450026665,2,9,0,18,0,1,0,0,0,0,4,1,6,2,40,7,2495,2,18,-1,1,-1
2015450026667,1,21,1,12,0,0,0,0,0,0,1,1,1,1,46,8,-1,-1,-1,-1,-1,-1
2015450026667,2,9,0,18,0,0,1,0,0,0,4,1,6,2,44,7,1997,2,12,-1,1,-1
2015450026667,3,19,0,18,0,0,0,0,0,0,0,1,6,2,27,6,2198,2,2,-1,1,-1
2015450026675,1,9,0,16,0,0,1,0,8,0,0,1,6,2,65,9,1390,1,13,-1,2,-1
2015450026677,1,1,0,18,0,0,0,0,0,0,4,1,6,1,70,10,-1,-1,-1,-1,1,-1
2015450026677,2,9,0,18,0,0,0,0,0,0,1,1,6,1,80,11,1395,1,2,-1,3,-1
2015450026679,1,9,0,4,0,8,0,0,0,0,2,1,1,1,44,7,-1,-1,-1,-1,1,-1
2015450026679,2,19,0,4,0,8,0,0,0,0,1,1,1,1,39,7,2148,2,8,-1,1,-1
2015450026680,1,9,0,18,0,0,1,0,7,6,1,1,6,1,34,6,1994,2,5,-1,1,-1
2015450026680,2,9,0,18,0,0,0,0,0,0,1,1,6,1,32,6,-1,-1,-1,-1,1,-1
2015450026682,1,11,0,18,0,0,0,0,0,0,1,1,1,1,71,10,9360,2,4,-1,1,-1
2015450026682,2,9,0,18,0,0,0,0,0,0,2,1,6,1,50,8,-1,-1,-1,-1,1,-1
2015450026682,3,5,0,14,0,0,0,0,0,0,2,1,6,2,50,8,996,1,10,-1,1,-1
2015450026685,1,9,0,18,0,0,0,0,1,0,3,1,1,1,36,7,1360,1,15,-1,1,-1
2015450026685,2,9,0,17,0,0,5,0,1,0,3,1,2,1,22,5,-1,-1,-1,-1,3,-1
2015450026692,1,9,0,18,0,0,0,0,0,0,1,1,6,2,68,10,1390,1,6,-1,2,-1
2015450026692,2,9,0,18,0,0,0,0,0,0,1,1,6,2,27,6,1560,2,8,-1,2,-1
2015450026692,3,9,0,2,0,0,0,0,0,0,2,1,6,1,-1,-1,2496,2,12,-1,2,-1
2015450026699,1,9,0,9,0,6,0,0,0,0,3,1,1,1,38,7,2198,1,9,-1,1,-1
2015450026699,2,3,0,13,0,1,5,0,0,0,1,1,1,1,21,5,125,1,1,-1,1,-1
2015450026708,1,9,0,18,0,0,0,0,0,0,1,1,2,1,38,7,1398,1,-1,-1,1,-1
2015450026716,1,9,0,18,0,8,0,0,0,0,4,1,6,2,30,6,1398,1,4,-1,1,-1
2015450026716,2,9,0,9,0,6,0,0,0,0,1,1,6,1,86,11,1242,1,2,-1,1,-1
2015450026718,1,11,0,18,0,0,0,0,0,0,0,1,6,1,29,6,4760,2,1,-1,1,-1
2015450026718,2,9,0,18,0,0,0,0,0,0,0,1,6,3,-1,-1,-1,-1,-1,-1,-1,-1
2015450026721,1,9,0,4,0,1,1,0,0,0,1,1,6,1,39,7,2231,2,7,-1,1,-1
2015450026721,2,5,0,18,0,1,0,0,0,0,2,1,2,1,35,6,599,1,5,-1,1,-1
2015450026722,1,9,0,18,0,0,0,0,0,0,0,1,6,3,-1,-1,-1,-1,-1,-1,-1,-1
2015450026724,1,1,0,18,0,1,5,0,0,0,1,1,6,1,44,7,-1,-1,-1,-1,1,-1
2015450026724,2,9,0,18,0,1,5,0,0,0,1,1,6,2,25,5,1229,1,5,-1,1,-1
2015450026725,1,9,0,18,0,1,0,0,0,0,1,1,6,1,70,10,1360,1,8,-1,1,-1
2015450026725,2,8,0,9,0,5,0,0,0,0,2,1,1,1,27,6,1968,2,10,-1,1,-1
2015450026733,1,19,0,18,0,0,0,0,0,0,1,1,2,2,21,5,1248,2,3,-1,1,-1
2015450026733,2,9,0,18,0,0,0,0,0,0,1,1,2,2,34,6,1995,2,11,-1,1,-1
2015450026747,1,11,0,18,0,0,0,0,0,0,1,1,1,3,-1,-1,-1,-1,-1,-1,-1,-1
2015450026747,2,11,0,18,0,0,0,0,0,0,1,1,1,3,-1,-1,-1,-1,-1,-1,-1,-1
2015450026751,1,19,0,9,0,1,0,0,0,0,1,1,1,1,54,8,2287,2,3,-1,1,-1
2015450026751,2,9,0,18,0,1,0,0,0,0,1,1,2,1,28,6,1598,1,12,-1,1,-1
2015450026755,1,9,0,18,0,0,0,0,0,0,1,1,3,2,40,7,1968,2,2,-1,1,-1
2015450026755,2,9,0,18,0,0,0,0,0,0,2,1,6,1,67,10,1242,1,1,-1,1,-1
2015450026755,3,9,0,3,0,0,0,0,0,0,2,1,6,2,45,7,1968,2,2,-1,3,-1
2015450026755,4,9,0,18,0,0,0,0,0,0,2,1,3,2,32,6,2979,1,13,-1,1,-1
2015450026755,5,9,0,18,0,0,0,0,0,0,2,1,2,1,57,9,1997,1,8,-1,3,-1
2015450026757,1,19,0,18,0,0,1,0,0,0,1,1,1,1,57,9,2464,2,4,-1,1,-1
2015450026757,2,9,0,4,0,0,0,0,0,0,2,1,6,2,30,6,1896,2,6,-1,1,-1
2015450026759,1,2,0,18,0,1,0,0,0,0,1,1,6,1,18,4,-1,-1,-1,-1,1,-1
2015450026759,2,9,0,10,0,5,0,0,0,0,2,1,6,1,20,4,2498,2,15,-1,1,-1
2015450026760,1,9,0,18,0,0,0,0,0,0,2,1,1,1,30,6,1968,2,2,-1,2,-1
2015450026760,2,9,0,18,0,0,0,0,0,0,2,1,6,1,30,6,1242,1,10,-1,1,-1
2015450026760,3,20,0,18,0,0,0,0,0,0,1,1,2,1,36,7,2998,2,4,-1,1,-1
2015450026772,1,9,0,9,0,5,0,0,0,0,2,1,6,2,46,8,1242,1,10,-1,1,-1
2015450026772,2,5,0,14,0,1,0,0,0,0,1,1,6,1,41,7,984,1,10,-1,2,-1
2015450026774,1,9,0,18,0,1,0,0,0,0,1,1,6,1,65,9,1299,1,8,-1,1,-1
2015450026775,1,9,0,3,0,1,0,0,0,0,0,1,6,2,40,7,1248,2,5,-1,3,-1
2015450026775,2,9,0,3,0,1,0,0,0,0,2,1,6,2,59,9,999,1,-1,-1,1,-1
2015450026775,3,9,0,4,0,1,0,0,0,0,1,1,6,1,31,6,1596,1,12,-1,3,-1
2015450026778,1,2,0,18,0,0,0,0,0,0,0,1,6,1,23,5,-1,-1,-1,-1,1,-1
2015450026778,2,9,0,4,0,0,0,0,0,0,1,1,3,2,37,7,999,1,3,-1,1,-1
2015450026778,3,9,0,18,0,0,0,0,0,0,1,1,3,2,33,6,2993,2,7,-1,1,-1
2015450026779,1,9,0,17,0,0,0,0,7,0,1,1,2,2,27,6,1124,1,14,-1,1,-1
2015450026781,1,9,0,1,0,0,0,0,0,0,2,1,3,2,44,7,2987,2,5,-1,1,-1
2015450026781,2,9,0,3,0,0,0,0,0,0,1,1,1,1,47,8,999,1,14,-1,1,-1
2015450026782,1,20,0,18,0,0,0,11,0,0,1,1,1,2,42,7,7146,2,2,-1,3,-1
2015450026782,2,9,0,18,0,0,0,0,0,0,1,1,2,1,45,7,2993,2,1,-1,3,-1
2015450026785,1,9,0,18,0,0,2,0,1,0,1,1,2,1,52,8,1560,2,4,-1,2,-1
2015450026785,2,21,1,12,0,0,0,0,0,0,1,2,1,1,48,8,-1,-1,-1,-1,-1,-1
2015450026786,1,9,0,18,0,0,0,0,1,4,1,1,6,2,73,10,1299,1,10,-1,3,-1
2015450026787,1,9,0,5,0,4,0,0,0,0,1,1,6,1,38,7,1598,1,12,-1,1,-1
2015450026787,2,9,0,3,0,1,0,0,0,0,2,1,6,2,60,9,-1,-1,-1,-1,1,-1
2015450026788,1,9,0,18,0,0,1,0,1,0,2,1,1,1,58,9,1896,2,7,-1,1,-1
2015450026788,2,21,1,12,0,0,0,0,0,0,2,1,1,1,50,8,-1,-1,-1,-1,-1,-1
2015450026789,1,21,1,12,0,0,1,0,0,0,3,2,1,1,47,8,-1,-1,-1,-1,-1,-1
2015450026789,2,9,0,18,0,0,0,0,0,0,4,1,6,2,30,6,1799,1,9,-1,1,-1
2015450026789,3,9,0,18,0,0,0,0,0,0,1,1,6,2,58,9,1753,2,9,-1,2,-1
2015450026790,1,9,0,18,0,0,0,0,0,0,1,1,6,2,66,10,1248,1,1,-1,1,-1
2015450026790,2,9,0,18,0,0,0,0,0,0,2,1,6,1,37,7,1896,2,7,-1,3,-1
2015450026791,1,9,0,18,0,1,0,0,0,0,3,1,6,3,-1,-1,-1,-1,-1,-1,-1,-1
2015450026791,2,1,0,18,0,1,0,0,0,0,4,1,2,1,29,6,-1,-1,-1,-1,1,-1
2015450026792,1,19,0,7,0,5,0,0,0,0,4,1,1,1,27,6,1248,2,6,-1,1,-1
2015450026792,2,5,0,15,0,1,2,0,0,0,1,1,6,1,51,8,650,1,-1,-1,1,-1
2015450026793,1,9,0,3,0,1,0,0,0,0,1,1,6,2,57,9,1364,1,7,-1,1,-1
2015450026793,2,19,0,3,0,1,0,0,0,0,2,1,6,1,56,9,2477,2,4,-1,1,-1
2015450026795,1,1,0,18,0,0,0,0,1,0,1,1,6,2,17,4,-1,-1,-1,-1,1,-1
2015450026809,1,8,0,18,0,0,0,0,0,0,1,1,1,1,43,7,1686,2,4,-1,1,-1
2015450026809,2,19,0,3,0,0,0,0,0,0,2,1,1,3,-1,-1,-1,-1,-1,-1,-1,-1
2015450026817,1,9,0,4,0,0,1,0,0,0,1,1,6,1,33,6,1968,2,4,-1,1,-1
2015450026817,2,9,0,3,0,0,0,0,0,0,2,1,2,2,22,5,998,1,16,-1,2,-1
2015450026817,3,9,0,3,0,0,0,0,0,0,2,1,6,1,49,8,1998,1,9,-1,1,-1
2015450026823,1,1,0,18,0,0,5,0,0,0,2,1,1,2,36,7,-1,-1,-1,-1,1,-1
2015450026823,2,19,0,18,0,0,0,0,0,0,1,1,6,1,-1,-1,2497,2,4,-1,-1,-1
2015450026838,1,3,0,18,0,0,0,0,0,0,3,1,6,1,33,6,125,1,1,-1,1,-1
2015450026838,2,9,0,13,0,0,0,0,0,0,4,1,6,1,51,8,1968,2,1,-1,1,-1
2015450026843,1,9,0,9,0,5,0,0,0,0,1,1,6,1,68,10,1999,1,9,-1,1,-1
2015450026843,2,9,0,18,0,1,0,0,0,0,1,1,6,1,28,6,1360,1,6,-1,1,-1
2015450026847,1,9,0,18,0,4,0,0,0,0,1,1,2,2,61,9,1995,2,3,-1,3,-1
2015450026847,2,1,0,18,0,8,5,0,0,0,2,1,6,1,71,10,-1,-1,-1,-1,1,-1
2015450026848,1,9,0,9,0,5,0,0,0,0,4,1,1,1,51,8,-1,-1,-1,-1,1,-1
2015450026848,2,5,0,18,0,1,0,0,0,0,1,1,6,1,25,5,749,1,7,-1,1,-1
2015450026851,1,9,0,1,0,0,0,0,0,0,2,1,6,2,28,6,1596,1,7,-1,1,-1
2015450026851,2,9,0,1,0,0,0,0,0,0,2,1,6,1,-1,-1,1596,1,12,-1,1,-1
2015450026853,1,9,0,18,0,8,0,0,0,0,1,1,2,2,18,4,1349,1,5,-1,1,-1
2015450026853,2,9,0,5,0,6,0,0,0,0,3,1,6,1,65,9,1590,1,10,-1,1,-1
2015450026856,1,9,0,4,0,0,0,0,0,0,1,1,1,2,42,7,1896,2,5,-1,3,-1
2015450026856,2,9,0,3,0,0,0,0,0,0,2,1,1,1,56,9,2204,2,9,-1,1,-1
2015450026856,3,9,0,3,0,0,0,0,0,0,2,1,6,1,80,11,2496,1,13,-1,1,-1
2015450026860,1,9,0,18,0,0,0,0,5,6,1,1,6,1,68,10,1598,1,12,-1,-1,-1
2015450026860,2,21,1,18,0,0,0,0,0,0,2,1,1,1,27,6,-1,-1,-1,-1,-1,-1
2015450026860,3,9,0,18,0,0,0,0,0,0,1,1,6,1,65,9,1598,1,2,-1,1,-1
2015450026875,1,9,0,18,0,1,0,0,7,0,1,1,6,1,24,5,1596,1,8,-1,1,-1
2015450026875,2,9,0,9,0,1,0,0,0,0,1,1,6,1,57,9,1998,1,8,-1,1,-1
2015450026879,1,9,0,4,0,0,0,0,0,0,1,1,1,1,28,6,2688,2,11,-1,1,-1
2015450026879,2,9,0,4,0,0,0,0,0,0,2,1,1,1,60,9,-1,-1,-1,-1,1,-1
2015450026883,1,19,0,18,0,1,0,0,0,0,3,1,1,1,30,6,2488,2,7,-1,1,-1
2015450026883,2,19,0,16,0,1,1,10,0,0,2,1,1,1,44,7,1995,2,2,-1,1,-1
2015450026885,1,3,0,18,0,0,2,0,0,0,4,1,1,1,37,7,125,1,2,-1,1,-1
2015450026886,1,9,0,5,0,0,0,0,0,0,1,1,6,1,56,9,2979,1,13,-1,1,-1
2015450026886,2,9,0,5,0,0,0,0,0,0,2,1,6,2,27,6,1591,1,8,-1,1,-1
2015450026888,1,9,0,18,0,3,0,0,0,0,4,1,1,1,58,9,1997,2,5,-1,1,-1
2015450026888,2,9,0,18,0,3,0,0,0,0,3,1,6,3,-1,-1,-1,-1,-1,-1,-1,-1
2015450026892,1,90,0,18,9,0,0,0,0,0,1,1,6,1,-1,-1,-1,-1,-1,-1,1,-1
2015450026894,1,9,0,18,0,0,5,4,0,0,1,1,6,2,41,7,1685,2,2,-1,3,-1
2015450026894,2,20,0,2,0,0,0,0,0,0,3,1,1,1,35,6,9290,2,4,-1,1,-1
2015450026895,1,8,0,3,0,0,0,0,0,0,2,1,1,1,53,8,2499,2,5,-1,3,-1
2015450026895,2,9,0,3,0,0,0,0,0,0,2,1,6,1,41,7,1590,1,11,-1,1,-1
2015450026895,3,9,0,18,0,0,0,0,0,0,1,1,6,1,27,6,1995,2,12,-1,1,-1
2015450026901,1,9,0,16,0,0,1,0,1,0,1,1,2,1,50,8,1796,1,18,-1,1,-1
2015450026906,1,9,0,18,0,0,1,0,0,0,1,1,6,1,23,5,1199,1,12,-1,1,-1
2015450026906,2,9,0,4,0,0,0,0,0,0,2,1,6,1,25,5,1390,1,7,-1,1,-1
2015450026906,3,9,0,4,0,0,0,0,0,0,2,1,6,1,51,8,1870,2,10,-1,1,-1
2015450026913,1,9,0,18,0,0,0,0,0,0,1,1,6,1,76,11,1560,2,3,-1,1,-1
2015450026914,1,9,0,17,0,0,0,0,0,0,1,1,6,1,22,5,1388,1,13,-1,1,-1
2015450026914,2,9,0,16,0,0,0,0,0,0,1,1,6,1,41,7,6208,1,6,-1,1,-1
2015450026915,1,9,0,18,0,0,0,0,0,0,3,1,6,2,43,7,2143,2,2,-1,1,-1
2015450026925,1,9,0,18,0,3,0,0,0,0,1,1,6,1,37,7,1560,2,5,-1,1,-1
2015450026925,2,9,0,18,0,3,0,0,0,0,2,1,2,2,39,7,1242,1,6,-1,1,-1
2015450026928,1,19,0,5,0,6,0,0,0,0,3,1,1,1,49,8,2143,2,2,-1,1,-1
2015450026928,2,9,0,18,0,1,0,0,0,0,1,1,2,2,20,4,1198,1,11,-1,2,-1
2015450026937,1,9,0,18,0,0,5,0,0,0,1,1,6,2,54,8,1995,1,15,-1,1,-1
2015450026937,2,9,0,2,0,0,0,0,0,0,4,1,6,1,-1,-1,1198,1,10,-1,1,-1
2015450026937,3,19,0,2,0,0,0,0,0,0,1,1,6,1,40,7,2402,2,13,-1,1,-1
2015450026938,1,9,0,18,0,0,0,0,0,0,1,1,6,1,25,5,1242,1,6,-1,1,-1
2015450026938,2,9,0,2,6,0,0,0,0,0,3,1,6,3,-1,-1,1973,1,14,-1,-1,-1
2015450026938,3,9,0,2,6,0,0,0,0,0,2,1,6,3,-1,-1,1461,2,6,-1,-1,-1
2015450026948,1,9,0,3,0,0,0,0,0,0,2,1,3,2,31,6,1998,1,12,-1,1,-1
2015450026948,2,9,0,3,0,0,0,0,0,0,2,1,3,2,41,7,1596,1,3,-1,1,-1
2015450026948,3,19,0,18,0,0,0,0,0,0,1,1,1,1,38,7,2198,2,2,-1,1,-1
2015450026950,1,19,0,16,0,0,0,0,0,0,1,1,6,1,23,5,2198,2,1,-1,1,-1
2015450026950,2,9,0,16,0,0,0,0,0,0,2,1,6,1,21,5,1984,1,7,-1,1,-1
2015450026955,1,5,0,18,0,1,0,0,0,0,3,1,2,1,30,6,942,1,9,-1,1,-1
2015450026955,2,9,0,18,0,1,0,0,0,0,4,1,2,2,54,8,1991,2,9,-1,1,-1
2015450026956,1,9,0,18,0,0,0,0,0,0,1,1,6,1,65,9,1598,1,2,-1,1,-1
2015450026958,1,9,0,5,0,4,0,0,0,0,1,1,2,2,44,7,899,1,-1,-1,1,-1
2015450026958,2,4,0,3,0,4,0,0,0,0,2,1,2,1,49,8,395,1,10,-1,1,-1
2015450026960,1,3,0,13,0,0,1,7,0,0,1,1,6,1,24,5,124,1,2,-1,1,-1
2015450026963,1,9,0,17,0,1,0,0,1,0,1,1,1,1,46,8,-1,-1,-1,-1,1,-1
2015450026971,1,1,0,18,0,0,5,11,0,0,1,1,6,1,43,7,-1,-1,-1,-1,1,-1
2015450026990,1,19,0,12,0,0,2,0,0,0,2,1,2,1,30,6,1560,2,1,-1,1,-1
2015450026990,2,19,0,18,0,0,0,0,0,0,1,1,1,1,41,7,12740,2,4,-1,1,-1
2015450026996,1,9,0,9,0,5,0,0,0,0,4,1,6,2,41,7,1341,1,12,-1,1,-1
2015450026996,2,9,0,18,0,1,0,0,0,0,1,1,6,2,71,10,1461,2,5,-1,1,-1
2015450027000,1,9,0,5,0,6,0,0,0,0,1,1,6,1,66,10,1590,1,11,-1,1,-1
2015450027006,1,9,0,18,0,0,0,0,0,0,1,1,6,1,19,4,1595,1,10,-1,1,-1
2015450027006,2,9,0,2,0,0,0,0,0,0,2,1,6,1,-1,-1,1596,1,9,-1,1,-1
2015450027006,3,9,0,2,0,0,0,0,0,0,2,1,6,1,-1,-1,1124,1,14,-1,1,-1
2015450027007,1,9,0,18,0,0,0,0,0,0,1,1,6,2,58,9,1968,2,5,-1,1,-1
2015450027007,2,9,0,2,0,0,0,0,1,0,2,1,6,1,-1,-1,4691,1,-1,-1,1,-1
2015450027007,3,20,0,18,0,0,0,0,0,0,3,1,1,1,57,9,3920,2,2,-1,1,-1
2015450027009,1,9,0,12,0,0,0,0,0,0,3,1,6,1,27,6,2143,2,3,-1,1,-1
2015450027009,2,9,0,18,0,0,0,0,0,0,4,1,6,2,61,9,1390,1,14,-1,1,-1
2015450027012,1,9,0,18,0,0,0,0,0,0,1,1,6,1,30,6,1560,2,4,-1,1,-1
2015450027012,2,9,0,4,0,0,0,0,0,0,2,1,6,2,35,6,1997,2,8,-1,2,-1
2015450027012,3,9,0,4,0,0,0,0,0,0,2,1,6,1,66,10,1997,2,5,-1,3,-1
2015450027016,1,9,0,3,0,0,0,0,0,0,2,1,6,1,27,6,1600,1,9,-1,1,-1
2015450027016,2,9,0,18,0,0,0,0,0,0,1,1,6,1,61,9,1968,2,7,-1,1,-1
2015450027022,1,1,0,18,0,0,1,0,1,0,1,1,6,2,37,7,-1,-1,-1,-1,1,-1
2015450027024,1,90,0,18,9,0,0,0,7,0,1,1,6,1,30,6,-1,-1,-1,-1,1,-1
2015450027025,1,9,0,18,0,0,0,10,7,0,1,1,6,1,-1,-1,1299,1,16,-1,3,-1
2015450027040,1,9,0,4,0,1,0,0,7,0,2,1,6,2,20,4,1390,1,5,-1,3,-1
2015450027040,2,9,0,18,0,8,1,0,0,0,1,1,1,2,37,7,2143,2,-1,-1,1,-1
2015450027042,1,9,0,18,0,1,0,0,0,0,1,1,6,1,49,8,2035,1,9,-1,1,-1
2015450027042,2,9,0,4,0,1,0,0,0,0,2,1,6,2,22,5,999,1,3,-1,1,-1
2015450027045,1,9,0,16,0,0,1,0,0,0,1,1,6,1,39,7,1360,1,11,-1,1,-1
2015450027045,2,9,0,4,0,0,0,0,0,0,1,1,6,1,81,11,1390,1,5,-1,1,-1
2015450027046,1,9,0,4,0,1,0,0,0,0,2,1,2,1,56,9,1896,2,8,-1,1,-1
2015450027046,2,9,0,4,0,1,0,0,0,0,2,1,6,1,42,7,1988,1,12,-1,1,-1
2015450027046,3,9,0,18,0,1,1,0,0,0,1,1,6,2,18,4,1149,1,14,-1,1,-1
2015450027055,1,9,0,9,0,6,0,0,0,0,1,1,6,2,78,11,1240,1,10,-1,1,-1
2015450027055,2,3,0,18,0,1,0,0,0,0,1,1,2,1,17,4,124,1,2,-1,2,-1
2015450027061,1,9,0,16,0,1,0,0,0,0,1,1,6,2,27,6,1598,1,10,-1,2,-1