Accident_Index,Vehicle_Reference,Vehicle_Type,Towing_and_Articulation,Vehicle_Manoeuvre,Vehicle_Location-Restricted_Lane,Junction_Location,Skidding_and_Overturning,Hit_Object_in_Carriageway,Vehicle_Leaving_Carriageway,Hit_Object_off_Carriageway,1st_Point_of_Impact,Was_Vehicle_Left_Hand_Drive?,Journey_Purpose_of_Driver,Sex_of_Driver,Age_of_Driver,Age_Band_of_Driver,Engine_Capacity_(CC),Propulsion_Code,Age_of_Vehicle,Driver_IMD_Decile,Driver_Home_Area_Type,Vehicle_IMD_Decile
2015450027061,2,9,0,18,0,1,0,0,0,0,1,1,6,2,52,8,1998,1,-1,-1,1,-1
2015450027070,1,9,0,18,0,1,0,0,0,0,1,1,2,2,24,5,1598,1,2,-1,1,-1
2015450027070,2,9,0,9,0,5,0,0,0,0,3,1,6,2,48,8,998,1,1,-1,1,-1
2015450027080,1,9,0,18,0,1,0,0,0,0,1,1,6,2,57,9,1598,1,7,-1,1,-1
2015450027080,2,9,0,4,0,1,0,0,0,0,2,1,6,1,61,9,2300,1,18,-1,1,-1
2015450027080,3,9,0,18,0,1,0,0,0,0,1,1,6,2,79,11,1386,1,12,-1,1,-1
2015450027080,4,9,0,2,0,2,0,0,0,0,4,1,6,2,-1,-1,4799,1,11,-1,1,-1
2015450027082,1,9,0,9,0,8,0,0,0,0,1,1,6,2,62,9,1364,2,7,-1,1,-1
2015450027082,2,1,0,18,0,8,2,0,0,0,1,1,2,2,45,7,-1,-1,-1,-1,1,-1
2015450027087,1,19,0,18,0,2,5,0,1,0,1,1,2,1,62,9,1968,2,5,-1,1,-1
2015450027090,1,2,0,18,0,0,0,0,0,0,0,1,6,1,16,4,49,1,2,-1,1,-1
2015450027090,2,9,0,4,0,0,0,0,0,0,2,1,6,2,47,8,2982,2,16,-1,3,-1
2015450027092,1,5,0,18,0,1,0,0,0,0,1,1,2,1,57,9,645,1,4,-1,1,-1
2015450027092,2,9,0,9,0,6,0,0,0,0,3,1,1,1,41,7,1997,2,7,-1,1,-1
2015450027126,1,9,0,18,0,0,0,0,0,0,0,1,6,1,17,4,1149,1,11,-1,3,-1
2015450027129,1,9,0,4,0,0,0,0,0,0,2,1,6,1,47,8,2967,2,1,-1,3,-1
2015450027129,2,9,0,4,0,0,0,0,0,0,2,1,6,2,56,9,1995,2,13,-1,3,-1
2015450027129,3,19,0,18,0,0,0,0,0,0,3,1,6,1,28,6,2198,2,-1,-1,1,-1
2015450027131,1,9,0,18,0,1,0,0,0,0,3,1,6,2,57,9,1368,1,1,-1,1,-1
2015450027131,2,9,0,18,0,1,0,0,0,0,1,1,6,2,27,6,1596,1,8,-1,1,-1
2015450027138,1,9,0,10,0,5,0,0,0,0,2,1,2,1,59,9,1560,2,3,-1,1,-1
2015450027138,2,19,0,4,0,1,0,0,0,0,1,1,2,1,18,4,2198,2,-1,-1,1,-1
2015450027142,1,9,0,9,0,6,0,0,0,0,3,1,6,1,25,5,1199,1,13,-1,1,-1
2015450027142,2,9,0,18,0,1,0,0,0,0,3,1,6,1,74,10,1339,1,12,-1,1,-1
2015450027154,1,9,0,3,0,1,0,0,0,0,2,1,6,1,43,7,1725,1,45,-1,1,-1
2015450027154,2,9,0,18,0,1,0,0,0,0,1,1,1,2,22,5,1124,1,13,-1,1,-1
2015450027156,1,5,0,16,0,0,1,0,1,0,3,1,6,1,45,7,1157,1,8,-1,1,-1
2015450027156,2,9,0,17,0,0,0,0,1,0,1,1,6,1,59,9,3600,1,13,-1,1,-1
2015450027159,1,9,0,1,0,6,0,0,0,0,2,1,2,1,30,6,1997,2,5,-1,1,-1
2015450027163,1,9,0,18,0,0,0,0,0,0,1,1,6,1,28,6,1149,1,8,-1,1,-1
2015450027163,2,9,0,18,0,0,1,0,0,0,0,1,6,3,-1,-1,-1,-1,-1,-1,-1,-1
2015450027165,1,11,4,18,0,0,3,0,1,7,1,1,6,1,41,7,-1,-1,-1,-1,-1,-1
2015450027167,1,9,0,18,0,0,0,0,0,0,1,1,6,1,79,11,1596,1,11,-1,1,-1
2015450027167,2,9,0,18,0,0,0,0,0,0,2,1,6,2,19,4,973,1,12,-1,1,-1
2015450027168,1,9,0,18,0,1,0,0,0,0,1,1,1,2,77,11,1796,1,15,-1,1,-1
2015450027168,2,9,0,9,0,1,0,0,0,0,3,1,1,1,64,9,1198,1,7,-1,1,-1
2015450027170,1,9,0,18,0,8,0,0,7,0,1,1,6,1,51,8,2776,2,8,-1,1,-1
2015450027170,2,9,0,5,0,6,0,0,0,0,1,1,1,1,61,9,-1,-1,-1,-1,3,-1
2015450027171,1,9,0,3,0,8,0,0,0,0,1,1,6,2,40,7,1998,2,9,-1,1,-1
2015450027171,2,9,0,7,0,8,0,0,1,0,1,1,6,1,47,8,-1,-1,-1,-1,3,-1
2015450027172,1,9,0,9,0,6,0,0,0,0,3,1,6,1,25,5,1995,2,3,-1,1,-1
2015450027172,2,5,0,18,0,1,2,0,0,0,1,1,6,1,20,4,600,1,13,-1,1,-1
2015450027173,1,19,0,18,0,0,0,0,0,0,3,1,1,1,32,6,2987,2,6,-1,3,-1
2015450027173,2,9,0,18,0,0,0,0,0,0,3,1,6,2,24,5,1198,1,8,-1,1,-1
2015450027178,1,9,0,18,0,0,0,0,0,0,1,1,6,1,47,8,1995,2,8,-1,1,-1
2015450027178,2,9,0,18,0,0,0,0,0,0,2,1,6,1,31,6,1753,2,8,-1,1,-1
2015450027178,3,9,0,18,0,0,0,0,0,0,2,1,6,2,29,6,1997,2,3,-1,1,-1
2015450027178,4,9,0,18,0,0,0,0,0,0,1,1,6,2,56,9,2148,2,12,-1,1,-1
2015450027178,5,9,0,18,0,0,0,0,0,0,2,1,6,1,50,8,2099,1,11,-1,1,-1
2015450027195,1,9,0,3,0,0,0,0,0,0,2,1,6,1,65,9,1998,2,10,-1,1,-1
2015450027195,2,9,0,18,0,0,0,0,0,0,1,1,6,1,45,7,1397,1,6,-1,1,-1
2015450027205,1,9,0,18,0,0,0,0,0,0,1,1,6,2,43,7,2996,1,8,-1,1,-1
2015450027205,2,3,0,18,0,0,0,0,0,0,1,1,6,1,27,6,100,1,16,-1,1,-1
2015450027205,3,9,0,18,0,0,0,0,0,0,1,1,6,1,18,4,1229,1,7,-1,1,-1
2015450027209,1,9,0,9,0,5,0,0,0,0,0,1,6,2,27,6,1360,1,5,-1,1,-1
2015450027209,2,4,0,18,0,1,0,0,0,0,1,1,2,1,27,6,249,1,14,-1,1,-1
2015450027216,1,1,0,17,0,0,0,0,0,0,0,1,6,2,45,7,-1,-1,-1,-1,1,-1
2015450027216,2,19,0,16,0,0,0,0,0,0,0,1,6,2,55,8,1298,1,14,-1,1,-1
2015450027227,1,9,0,3,0,0,0,0,0,0,2,1,6,2,26,6,1995,2,6,-1,1,-1
2015450027227,2,9,0,18,0,0,0,0,0,0,2,1,6,3,-1,-1,1598,1,8,-1,-1,-1
2015450027227,3,9,0,18,0,0,0,0,0,0,2,1,6,2,-1,-1,-1,-1,-1,-1,-1,-1
2015450027227,4,9,0,18,0,0,0,0,0,0,2,1,6,2,24,5,1598,2,1,-1,1,-1
2015450027227,5,9,0,18,0,0,0,0,0,0,2,1,6,1,-1,-1,2401,2,9,-1,1,-1
2015450027229,1,10,0,18,0,0,0,0,0,0,1,1,1,1,68,10,-1,-1,-1,-1,1,-1
2015450027229,2,19,0,3,0,0,0,0,0,0,2,1,2,1,35,6,2402,2,11,-1,1,-1
2015450027236,1,21,1,4,0,0,0,0,0,0,2,1,1,1,49,8,12740,2,2,-1,1,-1
2015450027236,2,9,0,18,0,0,0,0,0,0,2,1,6,1,43,7,-1,-1,-1,-1,1,-1
2015450027236,3,9,0,2,0,0,0,0,0,0,2,1,2,1,26,6,998,1,10,-1,1,-1
2015450027236,4,9,0,18,0,0,1,0,0,0,1,1,2,1,59,9,1398,2,4,-1,1,-1
2015450027237,1,9,0,18,0,1,0,0,1,0,1,1,6,2,42,7,1999,1,12,-1,1,-1
2015450027238,1,9,0,18,0,1,0,0,3,0,1,1,6,2,76,11,1398,1,2,-1,1,-1
2015450027241,1,1,0,18,0,8,0,0,0,0,1,1,6,1,35,6,-1,-1,-1,-1,3,-1
2015450027241,2,9,0,5,0,4,0,0,0,0,1,1,6,2,69,10,1495,1,7,-1,1,-1
2015450027243,1,3,0,4,9,0,0,0,0,0,2,1,1,1,43,7,108,1,1,-1,1,-1
2015450027243,2,9,0,4,0,0,1,0,0,0,1,1,2,1,25,5,1597,1,8,-1,1,-1
2015450027248,1,9,0,18,0,0,1,4,0,0,1,1,2,1,27,6,1781,1,13,-1,1,-1
2015450027248,2,9,0,2,0,0,0,4,0,0,2,1,6,3,-1,-1,2171,1,12,-1,1,-1
2015450027248,3,9,0,2,0,0,0,0,0,0,2,1,6,3,-1,-1,-1,-1,-1,-1,1,-1
2015450027251,1,9,0,18,0,0,0,0,0,0,1,1,2,1,19,4,1198,1,4,-1,3,-1
2015450027251,2,9,0,18,0,0,0,0,0,0,2,1,2,1,43,7,2979,1,11,-1,1,-1
2015450027259,1,11,0,18,0,0,0,0,0,0,0,1,1,1,65,9,4250,2,9,-1,1,-1
2015450027259,2,9,0,18,0,0,0,0,0,0,0,1,6,1,39,7,1900,2,9,-1,3,-1
2015450027264,1,9,0,3,0,1,0,0,0,0,2,1,6,1,27,6,1997,2,14,-1,1,-1
2015450027264,2,9,0,3,0,1,0,0,0,0,2,1,2,2,34,6,1995,2,10,-1,1,-1
2015450027264,3,9,0,4,0,1,1,0,0,0,1,1,6,1,17,4,1388,1,10,-1,1,-1
2015450027264,4,9,0,16,0,1,0,0,0,0,4,1,2,1,46,8,1970,1,13,-1,1,-1
2015450027273,1,9,0,5,0,1,0,0,0,0,4,1,6,2,76,11,1198,1,1,-1,1,-1
2015450027273,2,9,0,18,0,1,0,0,1,0,3,1,2,1,32,6,1596,1,14,-1,1,-1
2015450027274,1,1,0,4,0,1,0,0,0,0,1,1,2,1,34,6,-1,-1,-1,-1,1,-1
2015450027274,2,9,0,8,0,1,0,0,0,0,2,1,2,1,39,7,1870,2,9,-1,1,-1
2015450027279,1,19,0,5,0,0,0,0,0,0,3,1,1,1,64,9,1998,2,11,-1,1,-1
2015450027279,2,1,0,18,0,0,5,0,0,0,1,1,6,1,60,9,-1,-1,-1,-1,1,-1
2015450027283,1,9,0,18,0,0,0,0,0,0,1,1,2,2,20,4,1198,1,5,-1,1,-1
2015450027283,2,3,0,11,0,0,0,0,0,0,1,1,1,1,22,5,125,1,9,-1,1,-1
2015450027284,1,9,0,18,0,1,0,0,3,10,1,1,6,1,30,6,1998,1,8,-1,1,-1
2015450027284,2,9,0,18,0,2,0,0,7,10,1,1,6,2,80,11,973,1,17,-1,1,-1
2015450027285,1,9,0,18,0,1,0,0,1,11,1,1,6,2,70,10,1248,1,5,-1,1,-1
2015450027286,1,19,0,9,0,6,0,0,0,0,3,1,1,1,18,4,1598,2,1,-1,1,-1
2015450027286,2,11,0,18,0,8,1,0,0,0,1,1,1,1,46,8,3900,2,12,-1,1,-1
2015450027287,1,9,0,18,0,0,0,0,0,0,1,1,1,2,52,8,1386,1,12,-1,1,-1
2015450027287,2,19,0,4,0,0,0,0,0,0,2,1,2,1,35,6,2143,2,4,-1,1,-1
2015450027288,1,9,0,18,0,1,0,0,0,0,1,1,2,1,60,9,1968,2,9,-1,1,-1
2015450027288,2,1,0,18,0,1,0,0,0,0,3,1,6,1,65,9,-1,-1,-1,-1,1,-1
2015450027289,1,1,0,18,5,0,0,0,0,0,0,1,6,1,66,10,-1,-1,-1,-1,1,-1
2015450027290,1,20,0,2,0,0,0,0,0,0,0,1,1,1,63,9,4250,2,10,-1,1,-1
2015450027290,2,1,0,18,0,0,0,0,0,0,1,1,4,1,15,3,-1,-1,-1,-1,1,-1
2015450027291,1,19,0,9,0,1,0,0,0,0,1,1,6,1,44,7,1686,2,9,-1,1,-1
2015450027291,2,1,0,18,0,1,0,0,0,0,1,1,6,1,37,7,-1,-1,-1,-1,1,-1
2015450027303,1,9,0,18,0,0,1,0,7,2,1,1,6,1,82,11,1598,1,12,-1,1,-1
2015450027315,1,9,0,17,0,0,1,0,1,2,1,1,6,1,22,5,1242,1,8,-1,1,-1
2015450027318,1,9,0,18,0,0,0,0,0,0,1,1,6,1,48,8,1988,1,12,-1,1,-1
2015450027318,2,9,0,18,0,0,0,0,0,0,1,1,6,2,-1,-1,1240,1,5,-1,1,-1
2015450027318,3,9,0,18,0,0,0,0,0,0,1,1,6,1,-1,-1,1995,2,10,-1,1,-1
2015450027319,1,9,0,18,0,0,0,0,0,0,1,1,6,2,39,7,1968,2,8,-1,1,-1
2015450027319,2,9,0,18,0,0,0,0,0,0,1,1,6,1,19,4,1149,1,12,-1,1,-1
2015450027325,1,4,0,17,9,0,0,0,7,10,1,1,6,1,27,6,244,1,8,-1,1,-1
2015450027330,1,9,0,18,0,8,0,0,0,0,1,1,6,1,71,10,1598,1,5,-1,1,-1
2015450027330,2,9,0,17,0,1,0,0,0,0,4,1,2,1,36,7,1598,1,1,-1,1,-1
2015450027333,1,9,0,18,0,0,0,0,0,0,1,1,6,2,50,8,1364,1,7,-1,1,-1
2015450027333,2,9,0,18,0,0,0,0,0,0,2,1,6,1,39,7,1995,1,4,-1,1,-1
2015450027334,1,1,0,16,0,0,2,0,1,0,0,1,6,1,38,7,-1,-1,-1,-1,1,-1
2015450027336,1,9,0,9,0,1,0,0,0,0,1,1,6,2,25,5,998,1,1,-1,1,-1
2015450027336,2,9,0,18,0,1,0,0,0,0,1,1,1,2,32,6,999,1,2,-1,1,-1
2015450027337,1,9,0,18,0,0,0,0,0,0,1,1,6,1,64,9,2995,1,2,-1,1,-1
2015450027337,2,9,0,18,0,0,0,0,0,0,3,1,6,1,45,7,-1,-1,-1,-1,1,-1
2015450027337,3,9,0,18,0,0,0,0,0,0,1,1,6,2,52,8,1753,2,12,-1,2,-1
2015450027338,1,19,0,17,0,0,0,0,1,3,4,1,1,1,36,7,2461,2,6,-1,1,-1
2015450027343,1,1,0,18,0,0,0,0,0,0,0,1,6,3,-1,-1,-1,-1,-1,-1,-1,-1
2015450027343,2,21,0,13,0,0,0,0,0,0,3,1,1,1,48,8,3920,2,6,-1,1,-1
2015450027343,3,5,0,13,0,0,0,0,0,0,4,1,1,1,35,6,1237,1,3,-1,1,-1
2015450027344,1,1,0,18,0,1,0,0,0,0,3,1,2,1,29,6,-1,-1,-1,-1,1,-1
2015450027344,2,9,0,9,0,5,0,0,0,0,4,1,3,2,35,6,1968,2,8,-1,1,-1
2015450027348,1,9,0,18,0,8,1,0,0,0,1,1,6,1,24,5,-1,-1,-1,-1,2,-1
2015450027348,2,9,0,5,0,8,0,0,0,0,1,1,6,1,52,8,1968,2,-1,-1,1,-1
2015450027350,1,9,0,18,0,0,0,0,0,0,1,1,6,1,26,6,-1,-1,-1,-1,1,-1
2015450027350,2,9,0,8,0,0,0,0,0,0,2,1,6,1,72,10,1598,2,2,-1,2,-1
2015450027354,1,9,0,18,0,0,0,0,0,0,1,1,6,1,75,10,1998,1,12,-1,1,-1
2015450027354,2,9,0,18,0,0,0,0,1,0,1,1,6,1,58,9,1299,1,21,-1,3,-1
2015450027355,1,1,0,18,0,0,5,0,0,0,0,1,6,1,56,9,-1,-1,-1,-1,1,-1
2015450027355,2,19,0,18,0,0,0,0,0,0,0,1,1,1,45,7,10837,2,-1,-1,1,-1
2015450027359,1,9,0,3,9,1,0,0,0,0,2,1,6,1,49,8,1598,1,1,-1,1,-1
2015450027359,2,9,0,11,6,1,5,0,7,0,1,1,1,1,21,5,1598,2,1,-1,1,-1
2015450027359,3,9,0,3,0,1,0,0,0,0,2,1,1,1,40,7,-1,-1,-1,-1,2,-1
2015450027374,1,19,0,4,0,0,0,0,0,0,2,1,2,1,46,8,1995,2,8,-1,2,-1
2015450027374,2,9,0,3,0,0,0,0,0,0,1,1,1,2,53,8,1390,1,4,-1,2,-1
2015450027376,1,9,0,18,0,0,0,0,0,0,1,1,6,1,39,7,1596,1,13,-1,1,-1
2015450027376,2,9,0,18,0,0,0,0,0,0,2,1,6,1,30,6,998,1,2,-1,2,-1
2015450027376,3,10,0,18,0,0,0,0,0,0,4,1,6,1,56,9,-1,-1,-1,-1,1,-1
2015450027378,1,1,0,18,0,0,0,0,0,0,0,1,6,1,61,9,-1,-1,-1,-1,1,-1
2015450027382,1,9,0,3,0,1,0,0,0,0,2,1,2,2,30,6,1398,1,1,-1,2,-1
2015450027382,2,1,0,18,0,1,0,0,0,0,1,1,6,1,-1,-1,-1,-1,-1,-1,1,-1
2015450027384,1,9,0,18,0,3,5,10,0,0,1,1,2,1,56,9,1796,1,12,-1,1,-1
2015450027390,1,19,0,18,0,0,0,0,0,0,1,1,6,3,-1,-1,1598,7,12,-1,-1,-1
2015450027390,2,9,0,3,0,0,0,0,0,0,2,1,2,1,82,11,1398,1,12,-1,1,-1
2015450027390,3,9,0,3,0,0,0,0,0,0,2,1,6,2,28,6,1242,1,6,-1,1,-1
2015450027393,1,90,0,5,0,0,0,0,0,0,1,1,1,1,46,8,7146,2,4,-1,1,-1
2015450027394,1,1,0,18,0,0,0,0,0,0,1,1,6,1,34,6,-1,-1,-1,-1,1,-1
2015450027394,2,9,0,18,0,0,0,0,0,0,1,1,6,2,26,6,1598,1,8,-1,1,-1
2015450027398,1,9,0,18,0,0,0,0,0,0,2,1,6,2,20,4,1461,2,5,-1,3,-1
2015450027398,2,9,0,3,0,0,0,0,0,0,2,1,6,1,51,8,1910,2,7,-1,3,-1
2015450027398,3,9,0,3,0,0,0,0,0,0,1,1,6,1,47,8,1995,2,7,-1,1,-1
2015450027398,4,9,0,3,0,0,0,0,0,0,1,1,6,1,32,6,1995,2,4,-1,3,-1
2015450027398,5,9,0,18,0,0,0,0,0,0,2,1,6,1,42,7,2143,2,2,-1,1,-1
2015450027404,1,9,0,9,0,2,0,0,0,0,1,1,6,2,74,10,1299,1,10,-1,1,-1
2015450027405,1,9,0,9,0,5,0,0,0,0,1,1,6,1,62,9,1299,1,13,-1,1,-1
2015450027405,2,9,0,18,0,1,0,0,0,0,1,1,6,1,21,5,1124,1,14,-1,1,-1
2015450027405,3,9,0,8,0,1,0,0,0,0,1,1,6,2,34,6,2143,2,4,-1,1,-1
2015450027411,1,9,0,18,0,1,0,0,0,0,1,1,2,1,49,8,2143,2,2,-1,2,-1
2015450027411,2,9,0,9,0,1,0,0,0,0,2,1,6,1,20,4,1124,1,14,-1,1,-1
2015450027411,3,9,0,18,0,1,0,0,0,0,1,1,2,2,55,8,999,1,-1,-1,1,-1
2015450027412,1,9,0,5,0,4,1,0,1,0,3,1,6,2,84,11,1598,1,5,-1,1,-1
2015450027412,2,9,0,9,0,1,1,0,0,0,2,1,1,1,35,6,1598,2,2,-1,1,-1
2015450027413,1,9,0,18,0,0,0,0,0,0,1,1,1,1,35,6,1997,2,6,-1,1,-1
2015450027413,2,19,5,18,0,0,0,0,0,0,3,1,1,1,30,6,2198,2,2,-1,1,-1
2015450027415,1,9,0,5,0,6,0,0,0,0,2,1,6,2,86,11,1198,1,11,-1,1,-1
2015450027415,2,9,0,18,0,1,0,0,0,0,1,1,6,2,25,5,1229,1,3,-1,1,-1
2015450027416,1,9,0,18,0,4,1,0,0,0,3,1,6,2,21,5,1149,1,8,-1,1,-1
2015450027416,2,9,0,18,0,8,0,0,0,0,1,1,6,1,19,4,2179,2,6,-1,1,-1
2015450027417,1,9,0,5,0,4,0,0,0,0,1,1,1,1,28,6,1910,2,9,-1,1,-1
2015450027417,2,1,0,18,0,8,2,0,0,0,4,1,2,1,54,8,-1,-1,-1,-1,1,-1
2015450027419,1,9,0,9,0,6,0,0,0,0,1,1,6,2,62,9,1560,2,3,-1,2,-1
2015450027424,1,9,0,16,0,0,0,0,0,0,4,1,1,1,31,6,1870,2,12,-1,1,-1
2015450027424,2,9,0,16,0,0,0,0,0,0,0,1,6,1,60,9,2000,2,4,-1,1,-1
2015450027424,3,9,0,16,0,0,0,0,0,0,1,1,1,1,37,7,1198,1,9,-1,1,-1
2015450027424,4,9,0,16,0,0,0,0,0,0,0,1,6,1,31,6,1590,1,12,-1,1,-1
2015450027437,1,19,0,3,0,0,0,0,0,0,2,1,1,1,40,7,2198,2,-1,-1,1,-1
2015450027437,2,9,0,4,0,0,0,0,0,0,1,1,6,1,53,8,2993,2,5,-1,1,-1
2015450027441,1,9,0,4,0,5,0,0,0,0,1,1,6,1,39,7,2979,1,-1,-1,3,-1
2015450027441,2,9,0,3,0,5,0,0,0,0,2,1,6,2,69,10,1396,1,1,-1,-1,-1
2015450027441,3,19,0,3,0,5,0,0,0,0,2,1,2,1,42,7,2198,2,3,-1,1,-1
2015450027452,1,9,0,18,0,0,0,0,0,0,1,1,2,1,32,6,1956,2,1,-1,1,-1
2015450027452,2,9,0,3,0,0,0,0,4,0,2,1,6,1,28,6,1984,1,8,-1,1,-1
2015450027452,3,9,0,3,0,0,0,0,0,0,2,1,2,1,34,6,1995,2,1,-1,1,-1
2015450027452,4,9,0,3,0,0,0,0,0,0,2,1,1,1,61,9,1968,2,2,-1,1,-1
2015450027453,1,9,0,9,0,6,0,0,0,0,3,1,2,2,51,8,1795,1,17,-1,1,-1
2015450027453,2,1,0,18,0,8,5,0,0,0,1,1,6,1,30,6,-1,-1,-1,-1,3,-1
2015450027454,1,9,0,3,0,1,0,0,0,0,2,1,6,1,33,6,1900,2,16,-1,1,-1
2015450027454,2,9,0,18,0,1,0,0,0,0,1,1,6,1,40,7,1796,1,10,-1,1,-1
2015450027454,3,9,0,3,0,1,0,0,0,0,2,1,6,1,55,8,1242,1,16,-1,1,-1
2015450027456,1,19,0,18,0,0,2,0,0,0,2,1,1,1,52,8,2151,2,12,-1,1,-1
2015450027456,2,9,0,18,0,0,1,0,0,6,1,1,2,1,22,5,1984,1,11,-1,1,-1
2015450027461,1,5,0,17,0,1,0,0,0,0,4,1,6,1,38,7,1299,1,11,-1,1,-1
2015450027466,1,1,0,18,0,0,0,0,0,0,1,1,6,1,48,8,-1,-1,-1,-1,1,-1
2015450027466,2,9,0,18,0,0,0,0,0,0,2,1,6,1,35,6,1598,2,3,-1,1,-1
2015450027467,1,9,0,18,0,0,0,0,0,0,4,1,6,2,-1,-1,-1,-1,-1,-1,-1,-1
2015450027473,1,9,0,16,0,0,5,0,7,0,1,1,6,2,77,11,1896,2,14,-1,3,-1
2015450027475,1,9,0,18,0,0,0,0,0,0,1,1,2,2,58,9,1796,1,13,-1,1,-1
2015450027475,2,9,0,18,0,0,0,0,0,0,1,1,2,1,49,8,1984,1,8,-1,3,-1
2015450027475,3,19,0,2,0,0,0,0,0,0,1,1,2,1,38,7,1896,2,12,-1,1,-1
2015450027475,4,9,0,18,0,0,0,0,0,0,1,1,6,2,40,7,1390,1,10,-1,1,-1
2015450027479,1,9,0,18,0,0,2,0,1,0,1,1,6,2,20,4,1149,1,12,-1,2,-1
2015450027483,1,9,0,18,0,0,1,0,1,4,1,1,6,1,18,4,1242,1,1,-1,2,-1
2015450027484,1,9,0,18,0,0,0,4,0,0,1,1,6,1,49,8,1968,2,1,-1,1,-1
2015450027484,2,9,0,2,0,0,0,12,0,0,1,1,6,1,-1,-1,1686,2,5,-1,1,-1
2015450027485,1,9,0,16,0,0,0,0,0,0,1,1,6,1,55,8,1796,1,10,-1,3,-1
2015450027485,2,9,0,17,0,0,5,0,2,0,3,1,6,1,58,9,1598,2,-1,-1,3,-1
2015450027485,3,9,0,17,0,0,0,0,0,0,1,1,6,2,51,8,2143,2,-1,-1,3,-1
2015450027487,1,19,0,4,0,0,0,0,0,0,1,1,6,3,-1,-1,2402,2,7,-1,-1,-1
2015450027487,2,19,0,4,0,0,0,0,0,0,2,1,2,1,-1,-1,1686,2,12,-1,1,-1
2015450027491,1,9,0,18,0,0,0,4,7,0,1,1,6,1,86,11,1198,1,4,-1,1,-1
2015450027491,2,9,0,2,0,0,0,0,0,0,2,1,6,2,63,9,1198,1,11,-1,3,-1
2015450027492,1,9,0,3,0,1,0,0,0,0,2,1,2,2,60,9,998,1,11,-1,1,-1
2015450027492,2,19,0,18,0,1,0,0,0,0,1,1,6,3,-1,-1,-1,-1,-1,-1,-1,-1
2015450027498,1,9,0,18,0,0,0,0,0,0,2,1,2,2,27,6,1984,1,12,-1,1,-1
2015450027498,2,9,0,18,0,0,0,0,0,0,1,1,2,2,22,5,1198,1,11,-1,1,-1
2015450027499,1,9,0,9,0,5,0,0,0,0,1,1,1,1,44,7,2143,2,3,-1,1,-1
2015450027502,1,9,0,2,0,0,0,0,0,0,0,1,6,1,-1,-1,2993,2,11,-1,1,-1
2015450027502,2,1,0,18,0,0,0,4,0,0,1,1,6,1,13,3,-1,-1,-1,-1,3,-1
2015450027505,1,1,0,18,9,0,0,0,0,0,0,1,6,2,43,7,-1,-1,-1,-1,1,-1
2015450027506,1,9,0,3,0,8,0,0,0,0,2,1,6,1,45,7,1587,1,9,-1,1,-1
2015450027506,2,21,1,4,0,4,0,0,0,0,1,1,1,1,58,9,12900,2,5,-1,2,-1
2015450027507,1,21,1,5,0,0,0,0,0,0,1,1,1,1,27,6,12809,2,-1,-1,1,-1
2015450027507,2,9,0,18,0,0,0,0,0,0,2,1,6,1,40,7,1299,1,10,-1,1,-1
2015450027512,1,1,0,18,0,0,1,0,0,0,3,1,6,2,55,8,-1,-1,-1,-1,1,-1
2015450027514,1,9,0,9,0,5,0,0,0,0,2,1,1,2,55,8,1360,1,13,-1,1,-1
2015450027514,2,9,0,4,0,1,0,0,0,0,2,1,6,1,35,6,2496,2,10,-1,1,-1
2015450027514,3,9,0,18,0,1,0,0,0,0,1,1,6,2,22,5,1339,1,8,-1,1,-1
2015450027517,1,9,0,3,0,1,0,0,0,0,1,1,6,2,68,10,1197,1,5,-1,1,-1
2015450027517,2,9,0,5,0,1,0,0,0,0,2,1,6,2,52,8,999,1,5,-1,1,-1
2015450027519,1,9,0,18,0,1,0,0,0,0,1,1,6,1,21,5,1598,1,19,-1,1,-1
2015450027519,2,9,0,2,0,1,0,0,0,0,1,1,1,2,27,6,1560,2,1,-1,1,-1
2015450027521,1,9,0,9,0,6,0,0,0,0,3,1,6,2,71,10,1248,1,3,-1,1,-1
2015450027521,2,9,0,18,0,1,0,0,0,0,1,1,2,1,46,8,1398,1,12,-1,1,-1
2015450027522,1,20,0,18,0,1,0,0,0,0,1,1,1,1,29,6,2500,2,14,-1,3,-1
2015450027524,1,9,0,3,0,0,0,0,0,0,2,1,6,1,52,8,1593,1,29,-1,1,-1
2015450027524,2,5,0,7,0,0,1,0,0,0,1,1,6,1,59,9,748,1,18,-1,1,-1
2015450027525,1,9,0,7,0,1,0,0,0,0,1,1,6,1,29,6,1461,2,2,-1,1,-1
2015450027525,2,9,0,17,0,1,0,0,0,0,1,1,6,2,21,5,1399,2,8,-1,1,-1
2015450027528,1,9,0,18,0,0,0,0,0,0,4,1,2,2,23,5,1242,1,3,-1,1,-1
2015450027529,1,9,0,3,0,1,0,0,0,0,0,1,6,2,40,7,1560,2,7,-1,1,-1
2015450027529,2,9,0,9,0,6,0,0,0,0,3,1,6,2,34,6,1360,1,11,-1,1,-1
2015450027529,3,3,0,14,0,1,0,0,0,0,1,1,6,1,20,4,124,1,13,-1,1,-1
2015450027531,1,1,0,18,0,2,2,0,0,0,0,1,6,1,42,7,-1,-1,-1,-1,1,-1