Accident_Index,Vehicle_Reference,Vehicle_Type,Towing_and_Articulation,Vehicle_Manoeuvre,Vehicle_Location-Restricted_Lane,Junction_Location,Skidding_and_Overturning,Hit_Object_in_Carriageway,Vehicle_Leaving_Carriageway,Hit_Object_off_Carriageway,1st_Point_of_Impact,Was_Vehicle_Left_Hand_Drive?,Journey_Purpose_of_Driver,Sex_of_Driver,Age_of_Driver,Age_Band_of_Driver,Engine_Capacity_(CC),Propulsion_Code,Age_of_Vehicle,Driver_IMD_Decile,Driver_Home_Area_Type,Vehicle_IMD_Decile
2015450027533,1,11,0,4,0,0,0,0,0,0,1,1,1,1,54,8,3900,2,11,-1,1,-1
2015450027533,2,9,0,3,0,0,0,0,0,0,2,1,6,2,-1,-1,-1,-1,-1,-1,1,-1
2015450027546,1,9,0,18,0,0,0,0,7,0,1,1,2,2,61,9,1596,1,6,-1,1,-1
2015450027549,1,9,0,18,0,0,0,0,0,0,1,1,6,2,46,8,1896,2,11,-1,1,-1
2015450027550,1,9,0,18,9,0,0,0,0,0,1,1,6,1,39,7,1999,1,7,-1,1,-1
2015450027552,1,19,0,4,0,1,0,0,0,0,2,1,6,1,25,5,-1,-1,-1,-1,3,-1
2015450027552,2,2,0,10,0,1,0,0,0,0,2,1,6,1,16,4,49,1,12,-1,1,-1
2015450027554,1,3,0,18,0,0,5,10,0,0,4,1,1,1,32,6,124,1,-1,-1,1,-1
2015450027556,1,9,0,9,0,5,0,0,0,0,1,1,1,1,38,7,1997,2,6,-1,1,-1
2015450027556,2,9,0,18,0,1,0,0,0,0,1,1,6,2,23,5,1500,1,46,-1,1,-1
2015450027557,1,9,0,18,0,0,0,0,2,0,1,1,6,1,28,6,1994,1,11,-1,3,-1
2015450027557,2,9,0,18,0,0,0,0,0,0,3,1,6,2,49,8,2198,2,6,-1,3,-1
2015450027558,1,1,0,18,0,0,2,0,0,0,1,1,6,2,46,8,-1,-1,-1,-1,1,-1
2015450027561,1,9,0,4,0,1,0,0,0,0,2,1,1,1,30,6,1968,2,10,-1,1,-1
2015450027561,2,9,0,12,0,7,0,0,0,0,1,1,6,1,41,7,1124,1,16,-1,1,-1
2015450027561,3,9,0,18,0,1,0,0,0,0,0,1,6,2,39,7,1296,1,7,-1,1,-1
2015450027565,1,9,0,3,0,8,0,0,0,0,2,1,6,1,46,8,1596,1,4,-1,1,-1
2015450027565,2,9,0,18,0,8,0,0,0,0,1,1,6,3,-1,-1,-1,-1,-1,-1,-1,-1
2015450027568,1,9,0,3,0,0,0,0,0,0,2,1,6,1,30,6,1595,1,1,-1,3,-1
2015450027568,2,9,0,4,0,0,0,0,0,0,1,1,6,3,-1,-1,1796,1,9,-1,-1,-1
2015450027569,1,9,0,18,0,0,0,0,0,0,4,1,2,1,79,11,2143,2,3,-1,1,-1
2015450027575,1,9,0,18,0,0,0,0,0,0,4,1,1,1,29,6,1995,2,6,-1,1,-1
2015450027579,1,9,0,9,0,6,0,0,0,0,1,1,6,1,18,4,-1,-1,-1,-1,-1,-1
2015450027579,2,9,0,18,0,8,0,0,8,10,3,1,6,2,26,6,1686,2,10,-1,1,-1
2015450027582,1,5,0,18,0,0,1,10,1,0,1,1,6,1,26,6,745,1,-1,-1,1,-1
2015450027587,1,4,0,18,0,1,0,0,0,0,1,1,6,1,26,6,689,1,-1,-1,1,-1
2015450027587,2,9,0,9,0,6,0,0,0,0,3,1,6,1,74,10,2499,1,6,-1,1,-1
2015450027591,1,5,0,17,0,2,5,10,1,11,1,1,6,1,33,6,675,1,-1,-1,1,-1
2015450027602,1,1,0,18,0,0,0,0,0,0,4,1,6,1,26,6,-1,-1,-1,-1,1,-1
2015450027602,2,1,0,18,0,0,0,0,0,0,1,1,6,2,28,6,-1,-1,-1,-1,-1,-1
2015450027602,3,1,0,18,0,0,0,0,0,0,1,1,6,1,26,6,-1,-1,-1,-1,1,-1
2015450027602,4,1,0,18,0,0,0,0,0,0,3,1,6,1,29,6,-1,-1,-1,-1,1,-1
2015450027603,1,9,0,9,0,6,0,0,0,0,0,1,1,1,69,10,1242,1,1,-1,1,-1
2015450027603,2,3,0,18,0,8,2,0,0,0,3,1,2,1,-1,-1,-1,-1,-1,-1,1,-1
2015450027606,1,9,0,4,0,0,0,0,0,0,2,1,6,2,43,7,1991,2,9,-1,1,-1
2015450027606,2,19,0,3,0,0,0,0,0,0,1,1,1,1,49,8,1248,2,8,-1,1,-1
2015450027608,1,9,0,5,0,1,0,0,0,0,3,1,2,1,33,6,1461,2,2,-1,1,-1
2015450027608,2,1,0,17,0,2,0,0,0,0,4,1,2,1,59,9,-1,-1,-1,-1,1,-1
2015450027619,1,9,0,18,0,0,0,0,0,0,1,1,6,1,44,7,2299,1,34,-1,3,-1
2015450027619,2,9,0,18,0,0,0,0,0,0,2,1,6,2,41,7,1995,2,3,-1,1,-1
2015450027627,1,1,0,18,0,0,0,0,0,0,2,1,6,1,62,9,-1,-1,-1,-1,1,-1
2015450027627,2,9,0,18,0,0,0,0,0,0,1,1,6,1,26,6,4966,1,9,-1,1,-1
2015450027631,1,19,0,8,0,3,0,2,0,0,1,1,6,1,-1,-1,1968,2,1,-1,3,-1
2015450027635,1,19,0,3,0,0,0,0,0,0,1,1,1,1,61,9,2402,2,11,-1,1,-1
2015450027638,1,9,0,18,0,0,0,4,0,0,1,1,6,2,72,10,1598,1,11,-1,1,-1
2015450027638,2,9,0,18,0,0,0,0,0,0,3,1,1,1,46,8,1968,2,5,-1,1,-1
2015450027638,3,9,0,2,0,0,0,4,0,0,4,1,6,1,-1,-1,1398,1,12,-1,1,-1
2015450027638,4,9,0,2,0,0,0,0,0,0,2,1,6,2,-1,-1,1598,1,7,-1,1,-1
2015450027640,1,9,0,3,0,0,0,0,0,0,2,1,1,1,28,6,1968,2,5,-1,1,-1
2015450027640,2,9,0,3,0,0,0,0,0,0,2,1,2,1,58,9,1998,1,23,-1,1,-1
2015450027640,3,9,0,4,0,0,1,0,0,0,2,1,1,2,18,4,1242,1,1,-1,1,-1
2015450027644,1,9,0,18,0,2,2,7,7,0,1,1,6,1,26,6,1598,1,13,-1,3,-1
2015450027647,1,9,0,18,0,0,0,0,1,0,3,1,2,2,49,8,1796,1,10,-1,1,-1
2015450027647,2,9,0,15,0,0,0,0,1,0,3,1,6,2,18,4,1198,1,10,-1,1,-1
2015450027650,1,19,0,18,0,1,0,0,0,0,1,1,1,1,50,8,2402,2,8,-1,1,-1
2015450027651,1,1,0,18,0,0,0,0,1,0,2,1,1,1,31,6,-1,-1,-1,-1,1,-1
2015450027651,2,9,0,7,0,0,0,0,0,0,2,1,6,3,-1,-1,-1,-1,-1,-1,-1,-1
2015450027653,1,5,0,16,0,0,1,10,7,7,3,1,6,1,23,5,998,1,3,-1,1,-1
2015450027654,1,1,0,16,5,2,0,0,0,0,0,1,6,1,80,11,-1,-1,-1,-1,1,-1
2015450027655,1,9,0,16,0,0,1,0,1,4,1,1,6,2,62,9,1390,1,3,-1,1,-1
2015450027655,2,19,0,18,0,0,5,0,1,4,1,1,1,2,45,7,1248,2,7,-1,1,-1
2015450027661,1,9,0,14,0,1,5,0,0,0,1,1,2,1,37,7,-1,-1,-1,-1,1,-1
2015450027661,2,9,0,9,0,5,0,0,0,0,3,1,6,2,40,7,1390,1,4,-1,-1,-1
2015450027667,1,9,0,3,0,1,0,0,1,0,2,1,6,1,49,8,1598,1,14,-1,1,-1
2015450027667,2,9,0,18,0,1,0,0,0,0,1,1,6,2,44,7,1968,2,8,-1,1,-1
2015450027672,1,9,0,18,0,0,0,0,0,0,1,1,6,1,44,7,2179,2,5,-1,1,-1
2015450027672,2,9,0,6,0,0,0,0,0,0,3,1,6,1,21,5,1390,1,12,-1,1,-1
2015450027673,1,9,0,18,0,1,1,0,1,0,1,1,6,2,45,7,1997,2,6,-1,1,-1
2015450027673,2,9,0,18,0,8,0,0,1,0,4,1,6,1,23,5,1587,1,14,-1,1,-1
2015450027677,1,9,0,18,0,0,0,0,0,0,1,1,6,1,18,4,1248,2,3,-1,3,-1
2015450027677,2,9,0,18,0,0,0,0,0,0,2,1,6,1,30,6,2495,2,20,-1,1,-1
2015450027679,1,9,0,9,0,5,0,0,0,0,1,1,6,2,27,6,1390,1,6,-1,1,-1
2015450027679,2,9,0,18,0,1,0,0,0,0,1,1,6,1,34,6,1997,2,3,-1,1,-1
2015450027680,1,9,0,3,0,0,0,0,0,0,2,1,6,1,50,8,2179,2,5,-1,3,-1
2015450027680,2,9,0,3,0,0,0,0,0,0,2,1,6,2,25,5,998,1,12,-1,1,-1
2015450027680,3,9,0,18,0,0,1,0,0,0,1,1,6,1,34,6,1149,1,4,-1,1,-1
2015450027684,1,9,0,18,0,1,0,0,0,0,3,1,2,1,30,6,1596,1,5,-1,2,-1
2015450027684,2,9,0,18,0,1,0,0,0,0,1,1,6,2,19,4,1360,1,14,-1,3,-1
2015450027684,3,9,0,2,0,1,0,0,0,0,4,1,6,1,53,8,1390,1,8,-1,3,-1
2015450027685,1,9,0,10,0,5,0,0,0,0,2,1,6,1,53,8,1968,2,1,-1,1,-1
2015450027685,2,9,0,18,0,1,0,0,0,0,1,1,6,2,67,10,1360,1,6,-1,1,-1
2015450027689,1,9,0,4,0,1,0,0,0,0,2,1,1,1,55,8,2400,2,3,-1,1,-1
2015450027689,2,9,0,18,0,1,0,0,0,0,1,1,6,1,40,7,1600,1,10,-1,1,-1
2015450027697,1,9,0,3,0,0,0,0,0,0,2,1,6,2,47,8,1399,2,3,-1,1,-1
2015450027697,2,9,0,4,0,0,0,0,0,0,1,1,6,1,58,9,2493,8,2,-1,3,-1
2015450027698,1,5,0,3,0,0,0,0,0,0,2,1,6,1,-1,-1,-1,-1,-1,-1,-1,-1
2015450027698,2,5,0,18,0,0,0,0,0,0,1,1,6,2,23,5,-1,-1,-1,-1,1,-1
2015450027699,1,1,0,18,0,0,5,0,0,0,1,1,6,1,-1,-1,-1,-1,-1,-1,1,-1
2015450027702,1,9,0,9,0,8,1,0,0,0,4,1,6,2,20,4,1124,1,14,-1,1,-1
2015450027702,2,9,0,18,0,8,0,0,0,0,1,1,6,1,40,7,2295,1,12,-1,1,-1
2015450027706,1,9,0,3,0,1,0,0,0,0,2,1,6,2,36,7,1242,1,16,-1,1,-1
2015450027706,2,21,1,18,0,1,0,0,0,0,1,1,6,1,-1,-1,12902,2,2,-1,3,-1
2015450027707,1,9,0,9,0,8,0,0,0,0,4,1,6,1,20,4,1299,1,12,-1,1,-1
2015450027707,2,9,0,18,0,1,1,0,0,0,1,1,6,2,36,7,1995,2,8,-1,1,-1
2015450027719,1,20,0,5,0,2,0,0,0,0,2,1,6,1,57,9,9290,2,2,-1,1,-1
2015450027719,2,9,0,18,0,2,0,0,0,0,0,1,1,2,63,9,1200,1,-1,-1,2,-1
2015450027719,3,9,0,3,0,3,0,0,0,0,0,1,2,1,24,5,899,1,1,-1,3,-1
2015450027728,1,1,0,18,0,0,5,0,0,0,1,1,6,1,52,8,-1,-1,-1,-1,1,-1
2015450027728,2,9,0,2,0,0,0,0,0,0,1,1,6,1,-1,-1,2401,2,10,-1,3,-1
2015450027730,1,3,0,18,6,0,0,0,0,0,3,1,1,1,19,4,179,1,17,-1,1,-1
2015450027730,2,19,0,18,6,0,0,0,0,0,4,1,6,1,59,9,-1,-1,-1,-1,1,-1
2015450027730,3,9,0,2,6,0,0,0,0,0,3,1,6,1,58,9,1996,1,15,-1,1,-1
2015450027730,4,9,0,18,6,0,0,0,0,0,0,1,6,1,35,6,1999,1,2,-1,1,-1
2015450027731,1,9,0,18,0,6,0,0,0,0,1,1,6,1,29,6,1242,1,9,-1,1,-1
2015450027731,2,1,0,18,0,1,0,0,0,0,4,1,6,1,-1,-1,-1,-1,-1,-1,1,-1
2015450027742,1,9,0,5,0,5,0,0,0,0,4,1,6,1,18,4,1598,1,11,-1,2,-1
2015450027742,2,5,0,18,0,1,0,0,0,0,4,1,6,1,41,7,883,1,6,-1,1,-1
2015450027751,1,9,0,18,0,2,1,0,0,0,1,1,6,1,18,4,1198,1,2,-1,1,-1
2015450027751,2,9,0,4,0,1,0,0,0,0,2,1,6,1,72,10,1596,1,6,-1,3,-1
2015450027753,1,9,0,18,0,0,0,0,0,0,1,1,6,1,24,5,1149,1,14,-1,1,-1
2015450027753,2,9,0,3,0,0,0,0,0,0,2,1,6,2,24,5,1198,1,3,-1,1,-1
2015450027753,3,9,0,18,0,0,0,0,0,0,2,1,6,1,-1,-1,1364,1,6,-1,1,-1
2015450027754,1,9,0,7,0,1,0,0,1,0,1,1,6,2,28,6,1968,2,7,-1,1,-1
2015450027755,1,1,0,18,0,0,5,0,0,0,0,1,6,2,73,10,-1,-1,-1,-1,3,-1
2015450027755,2,9,0,18,0,0,0,0,0,0,0,1,6,2,26,6,1596,1,5,-1,1,-1
2015450027758,1,9,0,9,0,0,1,0,0,0,3,1,6,1,38,7,-1,-1,-1,-1,1,-1
2015450027759,1,9,0,3,0,0,0,0,0,0,1,1,6,2,33,6,1299,1,7,-1,1,-1
2015450027759,2,9,0,1,0,0,0,0,0,0,2,1,6,1,80,11,1995,2,13,-1,3,-1
2015450027760,1,5,0,16,0,0,0,0,0,0,1,1,1,1,31,6,781,1,13,-1,1,-1
2015450027760,2,9,0,17,0,0,0,0,0,0,1,1,1,2,48,8,1242,1,6,-1,1,-1
2015450027761,1,2,0,16,0,0,1,0,0,0,0,1,1,1,24,5,125,1,1,-1,1,-1
2015450027765,1,9,0,5,0,8,0,0,0,0,4,1,2,1,36,7,-1,-1,-1,-1,-1,-1
2015450027765,2,5,0,18,0,1,1,0,0,0,3,1,1,1,44,7,599,1,21,-1,1,-1
2015450027770,1,9,0,3,0,0,0,0,0,0,2,1,6,2,50,8,1499,1,-1,-1,2,-1
2015450027770,2,9,0,5,0,0,0,0,0,0,1,1,6,1,42,7,1973,1,17,-1,1,-1
2015450027777,1,21,1,18,0,0,0,0,0,0,3,1,1,1,49,8,10308,2,2,-1,1,-1
2015450027777,2,9,0,4,0,0,0,0,0,0,0,1,2,1,45,7,1956,2,5,-1,1,-1
2015450027777,3,9,0,18,0,0,0,0,0,0,1,1,6,1,42,7,1968,2,8,-1,1,-1
2015450027777,4,21,1,18,0,0,0,0,0,0,2,1,6,1,39,7,10837,2,4,-1,3,-1
2015450027785,1,9,0,18,0,0,0,0,0,0,4,1,6,1,84,11,1598,1,7,-1,1,-1
2015450027786,1,5,0,4,0,1,1,0,3,0,1,1,6,1,29,6,600,1,15,-1,1,-1
2015450027787,1,1,0,18,0,1,0,0,1,0,4,1,6,1,51,8,-1,-1,-1,-1,1,-1
2015450027789,1,9,0,18,0,0,0,0,7,0,1,1,6,2,59,9,1598,1,2,-1,1,-1
2015450027792,1,19,0,18,0,4,0,0,1,0,1,1,6,1,70,10,1248,2,10,-1,1,-1
2015450027792,2,20,0,18,0,8,0,0,0,0,1,1,6,1,62,9,4461,2,2,-1,2,-1
2015450027793,1,1,0,4,0,2,5,0,0,0,0,1,6,1,55,8,-1,-1,-1,-1,-1,-1
2015450027793,2,16,0,5,0,1,0,0,0,0,0,1,6,2,41,7,-1,-1,-1,-1,3,-1
2015450027793,3,16,0,5,0,1,0,0,0,0,0,1,6,2,22,5,-1,-1,-1,-1,3,-1
2015450027793,4,16,0,5,0,1,0,0,0,0,0,1,6,2,18,4,-1,-1,-1,-1,3,-1
2015450027794,1,9,0,18,0,0,5,0,1,1,1,1,6,1,26,6,1995,2,10,-1,3,-1
2015450027796,1,1,0,18,0,2,1,0,0,0,1,1,6,1,33,6,-1,-1,-1,-1,1,-1
2015450027797,1,2,0,18,0,0,0,10,0,0,3,1,6,2,17,4,124,1,8,-1,1,-1
2015450027798,1,9,0,18,0,8,0,0,7,0,4,1,1,1,41,7,1598,1,15,-1,1,-1
2015450027798,2,19,0,18,0,8,0,0,1,0,1,1,2,1,28,6,2198,2,6,-1,1,-1
2015450027799,1,9,0,2,6,0,0,0,0,0,3,1,6,2,61,9,998,1,5,-1,1,-1
2015450027799,2,1,0,18,0,0,5,0,0,0,1,1,6,1,-1,-1,-1,-1,-1,-1,-1,-1
2015450027802,1,9,0,18,0,0,0,0,0,0,1,1,6,2,51,8,1598,1,1,-1,1,-1
2015450027802,2,9,0,4,0,0,0,0,0,0,2,1,6,1,-1,-1,1341,1,10,-1,3,-1
2015450027806,1,9,0,18,0,0,0,0,0,0,1,1,1,1,33,6,1497,8,7,-1,1,-1
2015450027812,1,9,0,7,0,6,0,0,0,6,3,1,6,1,26,6,2184,2,11,-1,1,-1
2015450027813,1,9,0,4,0,0,0,0,0,0,2,1,6,1,55,8,4999,1,3,-1,3,-1
2015450027813,2,9,0,18,0,0,1,0,0,0,1,1,6,2,51,8,-1,-1,-1,-1,3,-1
2015450027818,1,9,0,18,0,4,0,0,0,0,1,1,2,2,44,7,1599,1,9,-1,1,-1
2015450027818,2,9,0,9,0,4,0,0,0,0,4,1,6,1,23,5,1242,1,9,-1,1,-1
2015450027823,1,9,0,9,0,1,0,0,0,0,3,1,2,2,67,10,1598,1,1,-1,1,-1
2015450027823,2,5,0,18,0,1,5,0,0,0,1,1,6,1,35,6,998,1,13,-1,1,-1
2015450027825,1,1,0,16,0,0,0,0,0,0,1,1,6,1,32,6,-1,-1,-1,-1,1,-1
2015450027825,2,9,0,2,0,0,0,0,0,0,2,1,6,2,-1,-1,1298,1,16,-1,1,-1
2015450027826,1,9,0,16,0,1,0,0,0,0,1,1,6,1,67,10,1968,2,8,-1,3,-1
2015450027826,2,9,0,17,0,1,0,0,0,0,1,1,6,1,58,9,2435,1,12,-1,3,-1
2015450027826,3,9,0,16,0,2,0,0,0,0,0,1,6,3,-1,-1,1590,1,10,-1,-1,-1
2015450027831,1,3,0,7,0,1,0,0,0,0,2,1,6,1,17,4,124,1,3,-1,1,-1
2015450027831,2,9,0,18,0,1,0,0,0,0,1,1,6,3,-1,-1,-1,-1,-1,-1,-1,-1
2015450027836,1,9,0,10,0,1,0,0,0,0,2,1,6,2,44,7,1995,2,3,-1,1,-1
2015450027836,2,9,0,18,0,1,0,0,0,0,1,1,6,3,-1,-1,1149,1,14,-1,-1,-1
2015450027839,1,9,0,5,0,2,0,0,0,0,1,1,6,2,26,6,1997,2,9,-1,1,-1
2015450027839,2,9,0,15,0,1,0,0,0,0,1,1,1,1,44,7,1396,1,16,-1,1,-1
2015450027840,1,9,0,18,0,1,0,0,0,0,0,1,6,1,47,8,1560,2,-1,-1,1,-1
2015450027842,1,3,0,16,0,0,1,0,0,0,1,1,6,1,20,4,124,1,11,-1,3,-1
2015450027842,2,21,0,17,0,0,0,0,0,0,1,1,1,1,30,6,9200,2,9,-1,2,-1
2015450027850,1,1,0,4,0,1,1,0,0,0,1,1,6,1,35,6,-1,-1,-1,-1,1,-1
2015450027854,1,9,0,9,0,6,0,0,0,0,1,1,6,2,25,5,1598,1,1,-1,1,-1
2015450027854,2,1,0,18,0,8,0,0,0,0,4,1,6,1,35,6,-1,-1,-1,-1,1,-1
2015450027879,1,19,0,9,0,5,0,0,0,0,0,1,1,1,55,8,1753,2,12,-1,3,-1
2015450027879,2,9,0,18,0,1,0,0,0,0,2,1,2,1,20,4,998,1,9,-1,2,-1
2015450027879,3,9,0,18,0,1,0,0,0,0,2,1,6,1,43,7,1248,1,3,-1,1,-1
2015450027879,4,19,0,18,0,1,0,0,0,0,1,1,6,1,34,6,1968,2,3,-1,1,-1
2015450027879,5,9,0,18,0,1,0,0,0,0,1,1,6,2,34,6,1686,2,3,-1,1,-1
2015450027879,6,9,0,18,0,1,0,0,0,0,1,1,6,1,35,6,1999,1,9,-1,3,-1
2015450027881,1,5,0,14,0,1,5,0,0,0,1,1,1,1,41,7,599,1,15,-1,1,-1
2015450027881,2,9,0,9,0,6,0,0,0,0,3,1,6,2,56,9,1998,1,19,-1,1,-1
2015450027890,1,9,0,18,0,0,1,0,2,0,1,1,6,2,33,6,1329,1,6,-1,1,-1
2015450027890,2,21,1,18,0,0,0,0,0,0,1,1,1,1,23,5,12777,2,2,-1,3,-1
2015450027892,1,9,0,3,0,1,0,0,0,0,2,1,6,2,64,9,1197,1,-1,-1,-1,-1
2015450027892,2,9,0,18,0,1,0,0,0,0,1,1,6,2,61,9,1796,1,2,-1,1,-1
2015450027896,1,9,0,18,0,1,1,0,0,0,1,1,6,2,35,6,1798,8,-1,-1,1,-1
2015450027896,2,9,0,18,0,1,0,0,4,0,2,1,6,1,49,8,2000,2,5,-1,1,-1
2015450027901,1,9,0,18,0,8,0,0,0,0,4,1,6,1,47,8,-1,-1,-1,-1,1,-1
2015450027903,1,9,0,3,0,1,0,0,0,0,2,1,6,2,34,6,1461,2,4,-1,1,-1
2015450027903,2,9,0,4,0,1,0,0,0,0,1,1,6,2,-1,-1,1560,2,7,-1,1,-1
2015450027903,3,19,0,3,0,1,0,0,0,0,2,1,6,1,-1,-1,-1,-1,-1,-1,-1,-1
2015450027908,1,9,0,7,0,0,0,0,0,0,4,1,6,1,69,10,1390,1,5,-1,1,-1
2015450027908,2,1,0,18,0,0,0,0,0,0,1,1,6,1,38,7,-1,-1,-1,-1,1,-1
2015450027913,1,9,0,18,0,8,0,0,0,0,4,1,6,2,33,6,1587,1,9,-1,1,-1
2015450027913,2,9,0,18,0,8,0,0,0,0,1,1,6,1,-1,-1,2720,2,7,-1,1,-1
2015450027914,1,9,0,16,0,0,2,0,1,0,3,1,6,2,39,7,1390,1,7,-1,1,-1
2015450027916,1,9,0,17,0,0,0,11,1,4,1,1,6,2,19,4,1299,1,11,-1,2,-1
2015450027916,2,9,0,17,0,0,0,0,0,0,1,1,6,2,32,6,1199,1,14,-1,3,-1
2015450027921,1,9,0,18,0,1,0,0,0,0,1,1,6,1,45,7,-1,-1,-1,-1,1,-1
2015450027921,2,9,0,7,0,1,0,0,0,0,2,1,6,1,51,8,1995,1,8,-1,1,-1
2015450027933,1,3,0,18,0,0,0,0,0,0,1,1,6,1,39,7,125,1,1,-1,1,-1
2015450027933,2,19,0,3,0,0,0,0,0,0,2,1,1,1,51,8,1560,2,-1,-1,1,-1
2015450027935,1,9,0,9,0,6,0,0,0,0,1,1,1,1,32,6,1595,1,3,-1,1,-1
2015450027935,2,3,0,18,0,1,1,0,0,0,1,1,1,1,53,8,124,1,13,-1,3,-1
2015450027943,1,3,0,16,0,0,0,0,0,0,1,1,6,1,47,8,125,1,1,-1,1,-1
2015450027943,2,9,0,17,0,0,0,0,0,0,3,1,6,1,54,8,1995,2,2,-1,1,-1
2015450027945,1,9,0,5,0,6,0,0,0,0,4,1,6,1,80,11,1997,2,16,-1,1,-1
2015450027945,2,9,0,18,0,2,0,0,0,0,3,1,2,2,29,6,1242,1,5,-1,1,-1
2015450027947,1,9,0,9,0,5,0,0,0,0,3,1,3,2,46,8,-1,-1,-1,-1,1,-1
2015450027947,2,3,0,14,0,1,1,0,0,0,4,1,6,1,22,5,124,1,2,-1,1,-1
2015450027950,1,9,0,4,0,1,0,0,0,0,1,1,6,2,30,6,-1,-1,-1,-1,-1,-1
2015450027950,2,4,0,4,0,1,0,0,0,0,2,1,6,1,29,6,249,1,18,-1,3,-1
2015450027950,3,9,0,10,0,5,0,0,0,0,2,1,6,2,25,5,1800,1,15,-1,2,-1
2015450027955,1,1,0,18,0,1,0,0,0,0,3,1,6,1,27,6,-1,-1,-1,-1,2,-1
2015450027955,2,9,0,7,0,5,0,0,0,0,4,1,6,2,78,11,1781,1,19,-1,1,-1
2015450027956,1,9,0,16,0,1,0,10,1,0,0,1,6,2,59,9,1248,2,3,-1,1,-1
2015450027956,2,9,0,17,0,1,1,0,7,0,0,1,6,3,-1,-1,-1,-1,-1,-1,-1,-1
2015450027957,1,9,0,18,0,4,0,0,0,0,2,1,6,2,65,9,1968,2,3,-1,1,-1
2015450027957,2,9,0,18,0,4,0,0,0,0,1,1,6,1,31,6,1596,1,13,-1,2,-1
2015450027958,1,3,0,18,0,0,0,0,0,0,0,1,6,1,20,4,124,1,1,-1,1,-1
2015450027960,1,9,0,9,0,4,0,0,0,0,1,1,6,2,40,7,1395,1,-1,-1,3,-1
2015450027960,2,19,0,18,0,8,0,0,0,0,1,1,1,2,21,5,1560,2,-1,-1,1,-1
2015450027961,1,9,0,3,0,6,0,0,0,0,1,1,2,1,20,4,1199,1,14,-1,1,-1
2015450027961,2,9,0,3,0,6,0,0,0,0,2,1,2,1,45,7,1149,1,16,-1,1,-1
2015450027963,1,1,0,18,0,0,0,0,0,0,1,1,6,1,41,7,-1,-1,-1,-1,1,-1
2015450027965,1,9,0,16,0,0,1,0,1,0,1,1,2,2,31,6,1586,1,8,-1,2,-1
2015450027967,1,9,0,12,0,0,0,0,0,0,0,1,6,3,-1,-1,-1,-1,-1,-1,-1,-1
2015450027967,2,19,0,18,0,0,5,0,1,2,1,1,2,1,40,7,2402,2,11,-1,1,-1
2015450027974,1,3,0,18,0,0,0,0,0,0,1,1,6,1,34,6,998,1,9,-1,1,-1
2015450027975,1,9,0,18,0,0,0,0,0,0,0,1,1,2,50,8,1596,1,9,-1,2,-1
2015450027975,2,5,0,13,0,0,0,10,0,0,4,1,2,1,26,6,-1,-1,-1,-1,1,-1
2015450027976,1,9,0,18,0,1,2,0,8,10,1,1,6,2,28,6,998,1,14,-1,1,-1
2015450027978,1,5,0,18,0,1,2,0,0,0,0,1,6,1,-1,-1,-1,-1,-1,-1,-1,-1
2015450027985,1,9,0,5,0,1,0,0,0,0,3,1,2,2,57,9,-1,-1,-1,-1,1,-1
2015450027985,2,19,0,5,0,1,0,0,0,0,1,1,2,1,46,8,2198,2,9,-1,1,-1
2015450027988,1,9,0,18,0,1,0,0,0,0,3,1,2,1,40,7,1984,1,9,-1,1,-1
2015450027988,2,21,1,18,0,1,0,0,0,0,1,1,1,1,51,8,12900,2,3,-1,3,-1
2015450027988,3,9,0,18,0,1,0,0,0,0,4,1,6,2,24,5,1799,1,9,-1,1,-1
2015450027989,1,1,0,18,0,0,0,0,0,0,0,1,6,1,69,10,-1,-1,-1,-1,3,-1
2015450027990,1,9,0,3,0,0,0,0,0,0,2,1,6,2,32,6,1560,2,3,-1,1,-1
2015450027990,2,9,0,18,0,0,0,0,0,0,1,1,6,2,40,7,1248,1,2,-1,1,-1
2015450027993,1,9,0,18,0,0,0,0,0,0,1,1,6,1,17,4,1198,1,13,-1,1,-1
2015450027993,2,9,0,18,0,0,0,0,0,0,2,1,1,2,44,7,999,1,2,-1,1,-1
2015450027995,1,9,0,16,0,0,0,0,0,0,3,1,6,1,65,9,1968,2,7,-1,1,-1
2015450027998,1,9,0,18,0,0,0,0,0,0,4,1,6,1,70,10,2698,2,7,-1,1,-1
2015450028000,1,3,0,6,0,0,5,0,0,0,3,1,6,1,22,5,125,1,14,-1,1,-1
2015450028000,2,5,0,18,0,0,0,0,0,0,1,1,6,1,50,8,1584,1,7,-1,1,-1
2015450028003,1,9,0,17,0,1,0,0,0,0,1,1,1,1,40,7,2497,2,9,-1,1,-1
2015450028004,1,9,0,4,0,4,0,0,0,0,2,1,6,1,57,9,1984,2,3,-1,1,-1
2015450028004,2,9,0,4,0,4,0,0,0,0,1,1,6,2,66,10,1998,1,13,-1,1,-1
2015450028005,1,5,0,16,0,3,0,0,0,0,4,1,6,1,54,8,1170,1,7,-1,1,-1
2015450028005,2,9,3,3,0,3,0,0,0,0,2,1,6,1,34,6,1910,2,7,-1,1,-1
2015450028015,1,19,0,18,0,1,0,0,0,0,1,1,1,1,49,8,1753,2,10,-1,1,-1