Accident_Index,Vehicle_Reference,Vehicle_Type,Towing_and_Articulation,Vehicle_Manoeuvre,Vehicle_Location-Restricted_Lane,Junction_Location,Skidding_and_Overturning,Hit_Object_in_Carriageway,Vehicle_Leaving_Carriageway,Hit_Object_off_Carriageway,1st_Point_of_Impact,Was_Vehicle_Left_Hand_Drive?,Journey_Purpose_of_Driver,Sex_of_Driver,Age_of_Driver,Age_Band_of_Driver,Engine_Capacity_(CC),Propulsion_Code,Age_of_Vehicle,Driver_IMD_Decile,Driver_Home_Area_Type,Vehicle_IMD_Decile
2015450028015,2,9,0,9,0,2,0,0,0,0,4,1,6,1,70,10,1246,1,8,-1,1,-1
2015450028021,1,9,0,4,0,0,0,0,0,0,2,1,6,2,29,6,1598,1,1,-1,1,-1
2015450028021,2,9,0,18,0,0,0,0,0,0,1,1,6,1,54,8,1560,2,10,-1,1,-1
2015450028021,3,9,0,18,0,0,1,0,0,0,1,1,2,2,21,5,1086,1,7,-1,1,-1
2015450028027,1,19,0,9,0,6,0,0,0,0,4,1,6,1,44,7,2460,2,8,-1,3,-1
2015450028027,2,5,0,18,0,1,0,0,0,0,1,1,2,1,38,7,599,1,9,-1,2,-1
2015450028029,1,9,0,18,0,2,0,0,0,0,1,1,6,2,51,8,998,1,1,-1,1,-1
2015450028029,2,9,0,18,0,1,0,0,7,0,1,1,1,2,52,8,1968,2,-1,-1,1,-1
2015450028029,3,9,0,9,0,6,0,0,0,0,1,1,6,2,43,7,1975,1,9,-1,1,-1
2015450028029,4,11,0,4,0,1,0,0,0,0,2,1,1,1,53,8,9600,2,15,-1,1,-1
2015450028030,1,19,0,18,0,1,0,0,0,0,1,1,1,1,35,6,5193,2,2,-1,1,-1
2015450028030,2,9,0,4,0,1,0,0,0,0,2,1,6,2,83,11,1598,1,7,-1,3,-1
2015450028030,3,19,0,18,0,1,0,0,0,0,0,1,2,1,52,8,-1,-1,-1,-1,1,-1
2015450028032,1,9,0,3,0,0,0,0,0,0,1,1,6,1,25,5,1400,1,13,-1,1,-1
2015450028032,2,9,0,3,0,0,0,0,0,0,2,1,6,2,65,9,1197,1,2,-1,1,-1
2015450028032,3,9,0,4,0,0,0,0,0,0,2,1,2,2,27,6,1398,2,11,-1,1,-1
2015450028039,1,9,0,18,0,1,0,0,0,0,0,1,1,1,27,6,1796,1,6,-1,1,-1
2015450028042,1,9,0,17,0,0,0,0,1,0,1,1,6,1,53,8,2496,1,14,-1,1,-1
2015450028046,1,9,0,18,0,0,0,0,0,0,1,1,1,1,65,9,-1,-1,-1,-1,1,-1
2015450028046,2,90,0,18,0,0,0,0,0,0,2,1,1,1,57,9,240,2,13,-1,1,-1
2015450028049,1,4,0,15,0,0,5,0,0,0,1,1,1,1,71,10,249,1,3,-1,1,-1
2015450028052,1,21,4,1,0,8,0,0,0,0,2,1,1,1,42,7,-1,-1,-1,-1,-1,-1
2015450028052,2,9,0,3,0,1,0,0,0,0,1,1,2,2,24,5,998,1,2,-1,1,-1
2015450028052,3,9,0,2,0,1,0,0,0,0,1,1,2,2,23,5,1968,2,2,-1,1,-1
2015450028053,1,19,0,18,0,0,0,0,0,0,0,1,6,3,-1,-1,-1,-1,-1,-1,-1,-1
2015450028054,1,9,0,9,0,5,0,0,0,0,3,1,6,2,47,8,1910,2,8,-1,1,-1
2015450028054,2,9,0,14,0,1,0,0,0,0,4,1,2,2,46,8,1461,2,6,-1,1,-1
2015450028056,1,9,0,11,0,5,0,0,0,0,1,1,6,1,24,5,1390,1,1,-1,1,-1
2015450028056,2,9,0,18,0,2,1,0,1,0,2,1,6,2,38,7,1298,1,7,-1,3,-1
2015450028057,1,9,0,18,0,0,0,0,0,6,3,1,2,2,38,7,2354,1,11,-1,1,-1
2015450028060,1,9,0,18,0,0,0,0,0,0,2,1,6,2,52,8,1299,1,13,-1,1,-1
2015450028060,2,9,0,18,0,0,0,0,0,0,1,1,6,3,-1,-1,-1,-1,-1,-1,-1,-1
2015450028064,1,9,0,9,0,1,0,0,0,0,4,1,6,1,67,10,1999,1,13,-1,1,-1
2015450028064,2,20,0,9,0,1,0,0,0,0,3,1,6,1,67,10,12600,2,13,-1,1,-1
2015450028065,1,3,0,9,0,6,5,0,0,0,1,1,6,1,24,5,108,1,-1,-1,1,-1
2015450028065,2,19,0,18,0,8,0,0,0,0,4,1,6,1,24,5,-1,-1,-1,-1,1,-1
2015450028067,1,19,0,9,0,6,0,0,0,0,2,1,1,1,28,6,2143,2,1,-1,1,-1
2015450028067,2,4,0,18,0,1,1,0,0,0,1,1,6,1,63,9,891,1,24,-1,1,-1
2015450028071,1,9,0,18,0,0,0,0,0,0,1,1,6,2,75,10,1991,2,4,-1,2,-1
2015450028071,2,9,0,3,0,0,0,0,0,0,2,1,6,2,74,10,2996,2,5,-1,1,-1
2015450028071,3,9,0,3,0,0,0,0,0,0,2,1,2,1,28,6,1753,2,8,-1,1,-1
2015450028090,1,9,0,5,0,0,0,0,0,0,0,1,6,2,34,6,1560,2,5,-1,1,-1
2015450028094,1,9,0,18,0,0,0,0,4,0,3,1,6,1,27,6,1497,1,12,-1,3,-1
2015450028094,2,21,1,11,0,0,0,0,0,0,4,1,1,1,48,8,12740,2,2,-1,1,-1
2015450028096,1,9,0,4,0,0,0,0,0,0,1,1,6,2,22,5,1390,1,4,-1,2,-1
2015450028096,2,9,0,4,0,0,0,0,0,0,2,1,6,1,35,6,1798,1,8,-1,1,-1
2015450028096,3,9,0,3,0,0,0,0,0,0,2,1,3,2,30,6,1598,1,13,-1,2,-1
2015450028097,1,9,0,4,9,0,1,0,1,0,1,1,6,1,29,6,1984,1,12,-1,2,-1
2015450028097,2,9,0,18,0,0,0,0,0,0,0,1,1,1,29,6,2993,2,3,-1,1,-1
2015450028100,1,9,0,18,0,0,1,0,6,0,1,1,6,2,24,5,1400,1,8,-1,1,-1
2015450028100,2,9,0,18,0,0,0,0,4,0,1,1,1,1,42,7,998,1,1,-1,1,-1
2015450028100,3,5,0,18,0,0,0,0,0,0,1,1,6,1,41,7,1293,1,6,-1,1,-1
2015450028100,4,19,0,18,0,0,0,0,0,0,3,1,6,1,28,6,2500,2,9,-1,1,-1
2015450028100,5,9,0,18,0,0,0,0,0,0,1,1,6,1,39,7,1560,2,2,-1,1,-1
2015450028100,6,9,0,18,0,0,0,0,0,0,0,1,6,2,66,10,1896,2,12,-1,1,-1
2015450028101,1,9,0,3,0,0,0,0,0,0,2,1,6,2,33,6,1299,1,11,-1,1,-1
2015450028101,2,9,0,4,0,0,0,0,0,0,1,1,6,1,-1,-1,-1,-1,-1,-1,-1,-1
2015450028114,1,1,0,18,0,0,0,0,1,0,0,1,6,1,48,8,-1,-1,-1,-1,1,-1
2015450028115,1,19,0,18,0,0,0,0,6,4,1,1,6,1,62,9,1753,2,8,-1,1,-1
2015450028116,1,9,0,16,0,1,1,0,3,4,1,1,2,1,34,6,1587,1,13,-1,1,-1
2015450028117,1,9,0,16,0,0,0,4,0,0,1,1,2,2,48,8,-1,-1,-1,-1,1,-1
2015450028117,2,9,0,2,9,0,0,0,0,0,2,1,6,2,-1,-1,2435,1,19,-1,1,-1
2015450028118,1,9,0,11,0,0,0,0,0,0,4,1,2,1,41,7,1896,2,6,-1,1,-1
2015450028118,2,5,0,18,0,0,5,0,1,0,0,1,1,1,50,8,955,1,9,-1,1,-1
2015450028119,1,9,0,18,0,0,0,0,0,0,4,1,6,2,51,8,1242,1,3,-1,1,-1
2015450028119,2,9,0,18,0,0,0,0,0,0,3,1,6,3,-1,-1,-1,-1,-1,-1,-1,-1
2015450028120,1,1,0,18,0,1,0,0,0,0,1,1,2,1,22,5,-1,-1,-1,-1,1,-1
2015450028120,2,9,0,5,0,1,0,0,0,0,3,1,6,1,28,6,1596,1,4,-1,1,-1
2015450028121,1,9,0,18,0,0,1,0,1,4,1,1,2,2,40,7,1242,1,5,-1,3,-1
2015450028122,1,1,0,18,0,8,0,0,0,0,0,1,1,1,15,3,-1,-1,-1,-1,2,-1
2015450028122,2,9,0,5,0,8,0,0,0,0,1,1,2,1,60,9,1796,2,2,-1,1,-1
2015450028123,1,9,0,18,0,1,0,0,1,4,1,1,2,1,57,9,1956,2,6,-1,3,-1
2015450028124,1,9,0,18,0,1,0,0,0,0,4,1,6,1,66,10,1598,1,13,-1,1,-1
2015450028129,1,1,0,18,9,0,0,0,0,0,4,1,6,2,41,7,-1,-1,-1,-1,1,-1
2015450028129,2,9,0,2,0,0,0,0,0,0,3,1,6,1,-1,-1,2993,2,6,-1,1,-1
2015450028135,1,9,0,5,0,3,0,0,0,0,2,1,6,1,58,9,1596,1,12,-1,1,-1
2015450028135,2,9,0,18,0,3,0,0,0,0,1,1,6,1,49,8,1596,1,7,-1,1,-1
2015450028140,1,9,0,18,0,0,0,4,0,0,3,1,6,2,80,11,1992,2,8,-1,1,-1
2015450028140,2,9,0,2,0,0,0,0,0,0,2,1,6,2,-1,-1,1396,1,5,-1,1,-1
2015450028140,3,9,0,2,0,0,0,0,0,0,1,1,6,1,-1,-1,1968,2,6,-1,1,-1
2015450028143,1,9,0,9,0,6,0,0,0,0,1,1,6,2,46,8,1991,2,5,-1,3,-1
2015450028143,2,3,0,18,0,1,0,0,0,0,1,1,6,1,24,5,-1,-1,-1,-1,1,-1
2015450028144,1,5,0,18,0,0,0,0,0,0,0,1,2,1,29,6,599,1,13,-1,1,-1
2015450028144,3,9,0,13,0,0,0,0,0,0,0,1,6,2,-1,-1,998,1,18,-1,1,-1
2015450028145,1,1,0,16,0,2,5,0,0,0,0,1,6,1,54,8,-1,-1,-1,-1,3,-1
2015450028147,1,9,0,18,0,0,0,0,0,0,1,1,6,1,31,6,1598,1,9,-1,1,-1
2015450028147,2,9,0,18,0,0,0,0,0,0,3,1,6,2,64,9,2179,2,3,-1,2,-1
2015450028152,1,9,0,16,0,0,1,0,0,0,1,1,6,2,25,5,1364,1,6,-1,1,-1
2015450028156,1,5,0,16,0,1,1,0,0,0,3,1,6,1,25,5,1079,1,6,-1,1,-1
2015450028161,1,1,0,18,0,0,0,0,0,0,0,1,6,1,67,10,-1,-1,-1,-1,3,-1
2015450028161,2,9,0,18,0,0,0,0,0,0,0,1,6,1,-1,-1,1995,1,9,-1,1,-1
2015450028164,1,2,0,18,0,4,0,0,0,0,0,1,6,1,68,10,49,1,14,-1,2,-1
2015450028167,1,9,0,9,0,4,0,0,0,0,3,1,6,2,66,10,1392,1,15,-1,1,-1
2015450028167,2,1,0,9,0,3,0,0,0,0,2,1,6,1,31,6,-1,-1,-1,-1,1,-1
2015450028171,1,4,0,18,0,0,0,0,0,0,3,1,6,1,48,8,997,1,19,-1,2,-1
2015450028172,1,1,0,3,0,4,0,0,0,0,3,1,6,1,54,8,-1,-1,-1,-1,3,-1
2015450028172,2,1,0,5,0,4,0,0,0,0,4,1,6,1,-1,-1,-1,-1,-1,-1,-1,-1
2015450028173,1,9,0,5,0,3,0,0,0,0,4,1,6,2,51,8,1999,1,6,-1,3,-1
2015450028173,2,9,4,5,0,3,0,0,0,0,2,1,6,2,34,6,1796,1,7,-1,1,-1
2015450028176,1,9,0,18,0,0,0,0,0,0,4,1,6,1,63,9,1956,2,1,-1,2,-1
2015450028177,1,9,0,18,0,0,0,0,1,0,1,1,6,1,51,8,-1,-1,-1,-1,-1,-1
2015450028179,1,9,0,5,0,4,0,0,0,0,3,1,6,2,64,9,4196,1,7,-1,3,-1
2015450028179,2,1,0,18,0,8,0,0,0,0,1,1,6,1,-1,-1,-1,-1,-1,-1,2,-1
2015450028182,1,1,0,18,0,0,0,0,0,0,1,1,6,1,50,8,-1,-1,-1,-1,1,-1
2015450028182,2,9,0,4,0,0,0,0,0,0,2,1,6,3,-1,-1,-1,-1,-1,-1,-1,-1
2015450028183,1,9,0,18,0,6,0,0,0,0,1,1,6,1,23,5,1995,2,9,-1,1,-1
2015450028183,2,9,0,18,0,1,0,0,0,0,4,1,6,2,23,5,1149,1,5,-1,3,-1
2015450028184,1,1,0,18,0,1,0,0,0,0,0,1,6,1,23,5,-1,-1,-1,-1,1,-1
2015450028185,1,1,0,18,0,0,5,0,0,0,1,1,6,1,28,6,-1,-1,-1,-1,1,-1
2015450028187,1,21,1,18,0,0,0,0,0,0,1,1,1,1,37,7,-1,-1,-1,-1,-1,-1
2015450028187,2,9,0,18,0,0,0,0,0,0,2,1,2,1,39,7,1796,1,15,-1,1,-1
2015450028190,1,5,0,17,0,8,0,0,0,0,1,1,6,1,44,7,-1,-1,-1,-1,-1,-1
2015450028190,2,9,0,10,0,5,0,0,0,0,2,1,1,1,30,6,1896,2,7,-1,1,-1
2015450028191,1,9,0,17,0,0,0,0,0,0,4,1,6,1,74,10,1197,1,2,-1,3,-1
2015450028193,1,9,0,18,0,0,0,0,0,0,0,1,6,3,-1,-1,-1,-1,-1,-1,-1,-1
2015450028193,2,9,0,18,0,0,1,0,0,7,1,1,6,2,46,8,1560,2,9,-1,1,-1
2015450028194,1,9,0,17,0,0,2,10,2,4,1,1,2,1,18,4,1198,1,11,-1,3,-1
2015450028195,1,9,0,18,0,0,0,0,1,0,0,1,2,2,46,8,1198,1,4,-1,1,-1
2015450028195,2,9,0,18,0,0,1,0,0,0,4,1,2,1,52,8,1398,2,13,-1,1,-1
2015450028196,1,9,0,4,0,1,1,0,0,0,1,1,2,1,31,6,2402,2,5,-1,1,-1
2015450028196,2,9,0,9,0,1,0,0,0,0,2,1,6,1,35,6,1598,1,15,-1,1,-1
2015450028197,1,9,0,18,0,0,2,0,5,6,1,1,6,2,51,8,1870,2,8,-1,1,-1
2015450028198,1,9,0,17,9,0,1,0,1,5,1,1,6,2,18,4,1199,1,16,-1,1,-1
2015450028199,1,9,0,17,0,0,2,0,7,4,1,1,6,2,22,5,1397,1,8,-1,3,-1
2015450028206,1,1,0,18,0,8,0,0,0,0,2,1,2,1,36,7,-1,-1,-1,-1,1,-1
2015450028206,2,9,0,18,0,8,0,0,0,0,1,1,6,1,56,9,3199,1,9,-1,3,-1
2015450028210,1,9,0,16,0,0,1,0,8,4,2,1,6,1,23,5,1388,1,12,-1,1,-1
2015450028212,1,5,0,18,0,1,0,0,0,0,1,1,6,1,30,6,-1,-1,-1,-1,2,-1
2015450028212,2,9,0,9,0,6,0,0,0,0,3,1,6,2,63,9,2497,2,3,-1,1,-1
2015450028215,1,9,0,9,0,8,0,0,0,0,1,1,6,2,44,7,1586,1,6,-1,1,-1
2015450028215,2,9,0,18,0,8,0,0,0,0,1,1,6,2,56,9,2663,2,19,-1,1,-1
2015450028221,1,11,0,7,0,8,0,0,0,0,0,1,1,1,51,8,4500,2,6,-1,1,-1
2015450028225,1,20,0,18,0,8,1,0,0,0,1,1,1,1,49,8,10837,2,2,-1,1,-1
2015450028225,2,9,0,9,0,6,1,0,1,10,3,1,6,2,23,5,1398,1,3,-1,1,-1
2015450028230,1,9,0,18,0,1,0,0,0,0,1,1,1,1,52,8,1995,2,8,-1,1,-1
2015450028230,2,9,0,3,0,1,0,0,0,0,2,1,1,1,-1,-1,1896,2,8,-1,1,-1
2015450028230,3,19,0,10,0,5,0,0,0,0,2,1,1,1,27,6,1753,2,11,-1,1,-1
2015450028232,1,9,0,4,0,0,0,0,0,0,2,1,6,1,32,6,-1,-1,-1,-1,-1,-1
2015450028232,2,9,0,4,0,0,0,0,0,0,1,1,1,1,74,10,1364,1,8,-1,1,-1
2015450028232,3,9,0,4,0,0,0,0,0,0,1,1,6,1,30,6,2987,2,4,-1,1,-1
2015450028234,1,9,0,9,0,5,0,0,0,0,4,1,6,2,19,4,998,1,12,-1,1,-1
2015450028234,2,1,0,18,0,1,0,0,0,0,1,1,6,1,33,6,-1,-1,-1,-1,1,-1
2015450028236,1,9,0,18,0,1,0,0,0,0,4,1,6,2,56,9,1685,2,2,-1,1,-1
2015450028236,2,9,0,5,0,2,0,0,0,0,1,1,6,1,22,5,1910,2,7,-1,1,-1
2015450028241,1,9,0,18,0,1,0,0,0,0,1,1,6,2,19,4,998,1,2,-1,1,-1
2015450028241,2,9,0,7,0,4,0,0,0,0,3,1,6,2,60,9,1598,1,6,-1,1,-1
2015450028246,1,20,0,11,0,0,0,0,0,0,1,1,1,1,48,8,12777,2,-1,-1,1,-1
2015450028246,2,9,0,18,0,0,1,0,0,0,3,1,1,1,58,9,1149,1,8,-1,1,-1
2015450028246,3,21,1,18,0,0,0,0,0,0,1,1,1,1,46,8,12419,2,7,-1,1,-1
2015450028251,1,9,0,4,0,0,0,0,0,0,2,1,1,1,53,8,1368,1,4,-1,3,-1
2015450028251,2,9,0,18,0,0,0,0,0,0,1,1,2,1,18,4,1242,1,9,-1,1,-1
2015450028252,1,9,0,18,0,0,1,0,0,0,1,1,6,2,29,6,2494,1,18,-1,1,-1
2015450028252,2,9,0,18,0,0,0,0,0,0,1,1,1,1,39,7,1995,2,1,-1,1,-1
2015450028253,1,9,0,16,0,0,1,0,1,4,1,1,6,1,18,4,1229,1,9,-1,2,-1
2015450028253,2,9,0,16,0,0,0,0,0,0,0,1,6,3,-1,-1,-1,-1,-1,-1,-1,-1
2015450028254,1,9,0,17,0,8,0,0,0,0,2,1,6,2,66,10,1149,1,4,-1,1,-1
2015450028254,2,9,0,17,0,8,0,0,0,0,1,1,2,1,25,5,2993,2,10,-1,3,-1
2015450028255,1,9,0,17,0,1,0,0,5,0,1,1,2,1,48,8,1396,1,15,-1,1,-1
2015450028256,1,19,0,16,0,0,0,0,1,0,1,1,6,1,41,7,-1,-1,-1,-1,1,-1
2015450028256,2,9,0,17,0,0,1,0,0,0,1,1,6,1,46,8,1390,1,9,-1,2,-1
2015450028257,1,9,0,17,0,0,5,0,1,0,1,1,6,1,25,5,1390,1,11,-1,2,-1
2015450028258,1,9,0,3,0,1,0,0,0,0,1,1,6,2,20,4,1390,1,18,-1,2,-1
2015450028258,2,9,0,18,0,1,1,0,0,0,2,1,6,1,36,7,1399,2,5,-1,1,-1
2015450028259,1,4,0,18,0,4,5,0,0,0,0,1,6,1,21,5,249,1,5,-1,1,-1
2015450028260,1,2,0,16,0,0,5,0,0,0,0,1,6,1,17,4,124,1,4,-1,3,-1
2015450028262,1,9,0,4,0,1,0,0,0,0,2,1,6,1,47,8,1968,2,7,-1,1,-1
2015450028262,2,9,0,4,0,1,0,0,0,0,1,1,6,1,32,6,1997,2,14,-1,1,-1
2015450028263,1,9,0,18,0,0,0,0,0,0,0,1,6,1,-1,-1,2793,1,17,-1,3,-1
2015450028264,1,3,0,3,0,0,0,0,0,0,1,1,6,1,19,4,124,1,5,-1,3,-1
2015450028264,2,9,0,18,0,0,0,0,0,0,1,1,6,2,31,6,1242,1,11,-1,2,-1
2015450028265,1,3,0,18,0,0,5,0,0,0,1,1,6,1,33,6,124,1,1,-1,1,-1
2015450028265,2,9,0,18,0,0,0,0,0,0,0,1,6,1,27,6,1461,2,-1,-1,1,-1
2015450028274,1,9,0,18,0,0,0,0,0,0,1,1,1,1,53,8,-1,-1,-1,-1,3,-1
2015450028274,2,9,0,18,0,0,0,0,0,0,1,1,6,2,21,5,1229,1,3,-1,1,-1
2015450028274,3,9,0,4,0,0,0,4,0,0,2,1,6,2,25,5,1329,1,6,-1,1,-1
2015450028274,4,9,0,3,0,0,0,0,0,0,2,1,1,1,24,5,1598,2,-1,-1,1,-1
2015450028274,5,9,0,10,0,0,0,0,0,0,2,1,6,1,31,6,1968,2,4,-1,1,-1
2015450028288,1,9,0,17,0,0,2,0,0,0,1,1,1,2,23,5,1598,1,7,-1,1,-1
2015450028288,2,9,0,16,0,0,0,0,1,0,1,1,2,1,60,9,1956,2,3,-1,3,-1
2015450028295,1,9,0,16,0,0,0,0,0,0,1,1,6,2,79,11,1390,1,2,-1,1,-1
2015450028295,2,9,0,17,0,0,0,0,0,0,3,1,6,2,36,7,1800,1,16,-1,1,-1
2015450028295,3,9,0,17,0,0,0,0,0,0,1,1,6,2,28,6,998,1,14,-1,1,-1
2015450028297,1,9,0,18,0,4,0,0,0,0,3,1,6,1,60,9,3000,1,4,-1,1,-1
2015450028297,2,1,0,18,0,8,0,0,0,0,4,1,6,1,33,6,-1,-1,-1,-1,1,-1
2015450028299,1,9,0,3,0,0,0,0,0,0,1,1,6,1,19,4,1149,1,10,-1,1,-1
2015450028299,2,1,0,3,9,0,0,0,0,0,1,1,6,2,23,5,-1,-1,-1,-1,1,-1
2015450028300,1,9,0,18,0,0,0,0,0,0,1,1,6,2,29,6,1781,1,15,-1,1,-1
2015450028300,2,9,0,18,0,0,0,0,0,0,1,1,6,2,22,5,1968,2,6,-1,1,-1
2015450028300,3,9,0,2,0,0,0,0,0,0,2,1,6,1,-1,-1,2495,2,13,-1,1,-1
2015450028301,1,9,0,4,0,0,0,0,0,0,2,1,6,2,43,7,3000,1,4,-1,1,-1
2015450028301,2,9,0,18,0,0,0,0,0,0,1,1,6,2,25,5,899,1,-1,-1,1,-1
2015450028302,1,9,0,4,0,0,0,0,0,0,2,1,6,1,44,7,2148,2,6,-1,1,-1
2015450028302,2,9,0,4,0,0,0,0,0,0,2,1,1,1,41,7,1998,2,3,-1,1,-1
2015450028302,3,9,0,18,0,0,0,0,0,0,1,1,6,1,40,7,1985,1,12,-1,1,-1
2015450028303,1,9,0,3,0,0,0,0,0,0,2,1,6,1,53,8,1956,2,6,-1,1,-1
2015450028303,2,19,0,3,0,0,0,0,0,0,2,1,1,1,58,9,1997,2,3,-1,1,-1
2015450028303,3,9,0,18,0,0,0,0,0,0,1,1,6,1,68,10,1248,1,3,-1,1,-1
2015450028304,1,5,0,18,0,1,5,0,0,0,2,1,6,1,42,7,955,1,11,-1,1,-1
2015450028304,2,9,0,18,0,1,0,0,0,0,1,1,6,1,-1,-1,1229,1,9,-1,1,-1
2015450028305,1,9,0,4,0,0,0,0,0,0,2,1,6,1,48,8,1984,2,2,-1,3,-1
2015450028305,2,5,0,18,0,0,0,0,0,0,1,1,6,1,33,6,798,1,4,-1,1,-1
2015450028306,1,1,0,5,0,0,0,4,0,0,1,1,6,1,50,8,-1,-1,-1,-1,1,-1
2015450028306,2,9,0,2,0,0,0,0,0,0,0,1,6,2,-1,-1,998,1,2,-1,1,-1
2015450028307,1,9,0,4,0,1,0,0,0,0,1,1,6,2,59,9,2996,1,8,-1,1,-1
2015450028307,2,9,0,4,0,1,0,0,0,0,2,1,6,1,71,10,2400,2,1,-1,1,-1
2015450028308,1,9,0,16,0,0,2,0,7,0,1,1,6,2,24,5,1299,1,9,-1,3,-1
2015450028309,1,9,0,18,0,0,0,0,1,4,1,1,6,2,29,6,1242,1,13,-1,3,-1
2015450028310,1,1,0,18,0,1,0,11,0,0,1,1,6,1,31,6,-1,-1,-1,-1,1,-1
2015450028310,2,1,0,18,0,1,0,0,0,0,1,1,6,1,40,7,-1,-1,-1,-1,1,-1
2015450028311,1,5,0,9,0,5,0,0,0,0,1,1,6,1,47,8,2294,1,8,-1,2,-1
2015450028311,2,5,0,13,0,1,5,0,0,0,4,1,6,1,58,9,675,1,6,-1,1,-1
2015450028312,1,1,0,18,0,0,0,0,0,0,0,1,6,1,34,6,-1,-1,-1,-1,1,-1
2015450028313,1,9,0,18,0,1,0,0,0,0,1,1,6,2,19,4,1399,2,3,-1,1,-1
2015450028313,2,9,0,3,0,1,0,0,0,0,2,1,6,1,25,5,1461,2,8,-1,1,-1
2015450028313,3,9,0,3,0,1,0,0,0,0,2,1,6,1,41,7,1997,1,8,-1,1,-1
2015450028314,1,9,0,18,0,4,5,10,0,0,1,1,6,1,51,8,1998,1,12,-1,1,-1
2015450028315,1,9,0,9,0,6,0,0,0,0,1,1,6,2,49,8,998,1,9,-1,2,-1
2015450028315,2,1,0,18,0,1,0,0,0,0,1,1,6,1,29,6,-1,-1,-1,-1,1,-1
2015450028316,1,5,0,12,0,1,1,0,0,0,1,1,1,1,34,6,649,1,9,-1,3,-1
2015450028317,1,9,0,11,0,0,0,0,0,0,1,1,6,2,40,7,1984,1,12,-1,1,-1
2015450028317,2,9,0,18,0,0,0,0,0,0,2,1,6,1,54,8,1360,1,13,-1,1,-1
2015450028331,1,1,0,18,0,1,0,0,0,0,1,1,6,1,35,6,-1,-1,-1,-1,1,-1
2015450028331,2,9,0,7,0,5,0,0,0,0,4,1,6,1,37,7,1997,2,15,-1,1,-1
2015450028337,1,9,0,18,0,1,1,0,0,0,1,1,2,1,57,9,1598,1,14,-1,1,-1
2015450028337,2,19,0,5,0,6,0,0,0,0,1,1,6,1,21,5,2148,2,7,-1,1,-1
2015450028346,1,9,0,4,0,1,1,0,0,0,1,1,6,2,23,5,1388,1,13,-1,1,-1
2015450028346,2,9,0,4,0,1,0,0,0,0,2,1,1,2,38,7,1496,2,-1,-1,3,-1
2015450028346,3,9,0,3,0,1,0,0,0,0,2,1,6,1,77,11,998,1,2,-1,1,-1
2015450028347,1,5,0,18,0,0,0,0,0,0,1,1,2,1,22,5,599,1,15,-1,1,-1
2015450028347,2,3,0,18,0,0,0,0,0,0,1,1,6,1,18,4,124,1,2,-1,1,-1
2015450028349,1,9,0,18,0,1,0,0,0,0,1,1,6,1,33,6,2204,2,8,-1,1,-1
2015450028349,2,9,0,18,0,1,0,0,0,0,1,1,6,1,59,9,1364,1,7,-1,1,-1
2015450028349,3,9,0,18,0,1,0,0,0,0,3,1,6,1,76,11,1991,2,6,-1,3,-1
2015450028349,4,9,0,18,0,1,0,0,0,0,3,1,6,1,17,4,1368,1,9,-1,3,-1
2015450028349,5,9,0,18,0,1,0,0,0,0,3,1,6,1,17,4,1360,1,26,-1,1,-1
2015450028349,6,9,0,18,0,1,0,0,0,0,3,1,6,1,17,4,1390,1,12,-1,1,-1
2015450028350,1,9,0,16,0,5,0,0,0,0,1,1,6,1,19,4,1397,1,7,-1,2,-1
2015450028353,1,9,0,18,0,0,0,0,0,0,1,1,5,2,68,10,1995,2,13,-1,1,-1
2015450028353,2,9,0,2,0,0,0,0,0,0,2,1,5,3,-1,-1,995,1,10,-1,-1,-1
2015450028362,1,9,0,18,0,1,0,0,0,0,1,1,6,2,67,10,1796,1,12,-1,1,-1
2015450028362,2,9,0,9,0,6,0,0,0,0,1,1,6,1,42,7,1998,1,23,-1,1,-1
2015450028365,1,9,0,3,0,0,0,0,0,0,2,1,2,1,45,7,1968,2,6,-1,1,-1
2015450028365,2,9,0,3,0,0,0,0,0,0,2,1,2,2,53,8,1422,2,-1,-1,1,-1
2015450028365,3,19,0,3,0,0,0,0,0,0,2,1,2,2,27,6,1461,2,12,-1,1,-1
2015450028365,4,19,0,4,0,0,0,0,0,0,1,1,1,1,61,9,2299,2,4,-1,1,-1
2015450028369,1,9,0,17,0,0,0,0,0,0,1,1,6,1,44,7,1398,2,1,-1,2,-1
2015450028371,1,9,0,18,0,0,0,0,0,0,0,1,6,3,-1,-1,-1,-1,-1,-1,-1,-1
2015450028372,1,3,0,18,0,0,0,10,0,0,1,1,2,1,40,7,124,1,5,-1,1,-1
2015450028373,1,3,0,18,0,0,0,0,0,0,1,1,2,1,21,5,124,1,1,-1,1,-1
2015450028373,2,9,0,4,0,0,0,0,0,0,2,1,2,1,24,5,1598,2,2,-1,1,-1
2015450028374,1,19,0,18,0,1,0,0,0,0,1,1,1,1,38,7,2402,2,7,-1,1,-1
2015450028374,2,9,0,3,0,1,0,0,0,0,2,1,1,2,31,6,1798,1,11,-1,1,-1
2015450028375,1,1,0,18,0,2,1,0,0,0,0,1,6,1,64,9,-1,-1,-1,-1,1,-1