Accident_Index,Vehicle_Reference,Vehicle_Type,Towing_and_Articulation,Vehicle_Manoeuvre,Vehicle_Location-Restricted_Lane,Junction_Location,Skidding_and_Overturning,Hit_Object_in_Carriageway,Vehicle_Leaving_Carriageway,Hit_Object_off_Carriageway,1st_Point_of_Impact,Was_Vehicle_Left_Hand_Drive?,Journey_Purpose_of_Driver,Sex_of_Driver,Age_of_Driver,Age_Band_of_Driver,Engine_Capacity_(CC),Propulsion_Code,Age_of_Vehicle,Driver_IMD_Decile,Driver_Home_Area_Type,Vehicle_IMD_Decile
2015450028379,1,3,0,3,0,1,5,0,0,0,2,1,1,1,52,8,125,1,2,-1,1,-1
2015450028379,2,9,0,5,0,1,0,0,0,0,1,1,6,1,23,5,1781,1,13,-1,1,-1
2015450028390,1,9,0,4,0,1,0,0,0,0,1,1,6,2,26,6,1995,2,1,-1,1,-1
2015450028390,2,3,0,3,0,1,0,0,0,0,2,1,6,1,52,8,125,1,1,-1,1,-1
2015450028394,1,9,0,18,0,1,0,0,0,0,1,1,6,1,36,7,1560,2,9,-1,1,-1
2015450028398,1,9,0,4,0,0,0,0,0,0,2,1,1,1,37,7,2993,2,-1,-1,3,-1
2015450028398,2,9,0,18,0,0,0,0,0,0,1,1,1,2,23,5,1390,1,5,-1,1,-1
2015450028401,1,9,0,18,0,2,0,0,0,0,2,1,6,2,50,8,1998,1,16,-1,1,-1
2015450028401,2,9,0,5,0,8,0,0,0,0,1,1,6,2,45,7,1198,1,-1,-1,1,-1
2015450028401,3,9,0,12,0,2,0,0,0,0,0,1,6,3,-1,-1,-1,-1,-1,-1,-1,-1
2015450028402,1,5,0,4,0,1,0,0,0,0,2,1,2,1,37,7,749,1,7,-1,1,-1
2015450028402,2,9,0,4,0,1,0,0,0,0,1,1,6,2,34,6,1598,1,12,-1,1,-1
2015450028402,3,9,0,4,0,1,0,0,0,0,1,1,6,1,48,8,1998,1,5,-1,3,-1
2015450028403,1,9,0,9,0,5,0,0,0,0,3,1,6,2,70,10,1998,1,7,-1,3,-1
2015450028403,2,5,0,18,0,8,0,0,0,0,1,1,1,2,36,7,645,1,13,-1,1,-1
2015450028408,1,9,0,4,0,1,1,0,0,0,1,1,6,1,25,5,1368,1,8,-1,1,-1
2015450028408,2,9,0,3,0,1,0,0,0,0,2,1,2,2,42,7,1595,1,6,-1,2,-1
2015450028408,3,9,0,3,0,1,0,0,0,0,2,1,2,2,47,8,1461,2,-1,-1,1,-1
2015450028412,1,9,0,17,0,8,0,10,1,0,4,1,6,1,80,11,1783,1,13,-1,1,-1
2015450028413,1,9,0,18,0,0,0,0,0,0,3,1,2,1,44,7,2967,2,-1,-1,2,-1
2015450028413,2,1,0,18,0,0,0,0,0,0,1,1,6,1,-1,-1,-1,-1,-1,-1,1,-1
2015450028425,1,9,0,3,0,1,0,0,0,0,2,1,6,2,51,8,1995,2,-1,-1,1,-1
2015450028425,2,9,0,5,0,1,0,0,0,0,1,1,6,1,23,5,-1,-1,-1,-1,3,-1
2015450028427,1,9,0,18,0,0,0,0,0,0,2,1,6,3,-1,-1,-1,-1,-1,-1,-1,-1
2015450028427,2,9,0,18,0,0,0,0,0,0,2,1,6,2,-1,-1,1360,1,7,-1,-1,-1
2015450028427,3,9,0,18,0,0,0,0,0,0,1,1,6,2,68,10,2231,2,5,-1,1,-1
2015450028434,1,19,0,17,0,0,1,0,7,10,1,1,6,1,56,9,1753,2,11,-1,2,-1
2015450028437,1,19,0,18,0,0,0,0,5,7,1,1,6,1,42,7,1868,2,10,-1,1,-1
2015450028437,2,9,0,18,0,0,0,0,0,0,1,1,6,1,52,8,1591,1,-1,-1,-1,-1
2015450028452,1,9,0,4,0,0,0,0,0,0,2,1,1,1,28,6,1984,1,14,-1,1,-1
2015450028452,2,9,0,18,0,0,0,0,0,0,1,1,1,1,40,7,1896,2,16,-1,1,-1
2015450028456,1,9,0,18,0,0,1,0,1,0,1,1,6,2,30,6,2706,1,3,-1,1,-1
2015450028457,1,9,0,18,0,0,0,0,0,0,1,1,6,2,57,9,1328,1,7,-1,1,-1
2015450028457,2,1,0,18,0,0,0,0,0,0,4,1,6,3,-1,-1,-1,-1,-1,-1,-1,-1
2015450028459,1,9,0,4,0,1,0,0,0,0,1,1,2,2,30,6,1587,1,13,-1,1,-1
2015450028459,2,9,0,4,0,1,0,0,0,0,2,1,6,2,67,10,1560,2,5,-1,1,-1
2015450028465,1,9,0,18,0,8,0,0,0,0,1,1,6,3,-1,-1,-1,-1,-1,-1,-1,-1
2015450028465,2,9,0,10,0,8,0,0,0,0,2,1,2,2,48,8,1360,1,14,-1,1,-1
2015450028468,1,9,0,18,0,0,0,0,1,0,1,1,1,1,23,5,1598,1,5,-1,2,-1
2015450028471,1,5,0,18,0,0,0,12,0,0,4,1,6,1,60,9,865,1,7,-1,1,-1
2015450028473,1,9,0,4,0,0,0,0,0,0,2,1,6,1,78,11,1339,1,1,-1,1,-1
2015450028473,2,9,0,4,0,0,0,0,0,0,1,1,2,2,39,7,998,1,7,-1,1,-1
2015450028477,1,9,0,4,0,1,0,0,0,0,0,1,6,1,21,5,1199,1,12,-1,1,-1
2015450028478,1,9,0,18,0,0,0,0,0,0,4,1,6,2,25,5,1248,2,11,-1,1,-1
2015450028487,1,9,0,11,0,0,0,0,0,0,0,1,1,1,44,7,1598,2,1,-1,3,-1
2015450028487,2,9,0,18,0,0,0,4,0,0,4,1,2,2,26,6,1598,2,1,-1,2,-1
2015450028487,3,9,0,2,0,0,0,0,0,0,3,1,6,1,29,6,-1,-1,-1,-1,1,-1
2015450028489,1,1,0,18,0,8,0,0,0,0,1,1,2,1,20,4,-1,-1,-1,-1,1,-1
2015450028489,2,9,0,18,0,8,0,0,0,0,2,1,6,2,40,7,1995,2,13,-1,1,-1
2015450028490,1,9,0,4,0,1,0,0,4,1,1,1,6,1,34,6,1896,2,13,-1,3,-1
2015450028491,1,9,0,18,0,0,0,0,0,0,3,1,6,2,24,5,1229,1,2,-1,1,-1
2015450028492,1,3,0,16,0,0,0,0,0,0,1,1,6,1,30,6,125,1,1,-1,1,-1
2015450028493,1,1,0,17,0,0,2,0,1,0,3,1,6,1,66,10,-1,-1,-1,-1,3,-1
2015450028494,1,9,0,18,0,1,0,0,0,0,1,1,6,1,42,7,1598,1,11,-1,1,-1
2015450028495,1,9,0,18,0,0,0,0,0,0,1,1,6,2,60,9,1968,2,12,-1,1,-1
2015450028495,2,8,0,4,0,0,0,0,0,0,2,1,1,1,69,10,1968,2,-1,-1,1,-1
2015450028496,1,9,0,18,0,0,1,0,1,10,1,1,6,1,26,6,1388,1,12,-1,1,-1
2015450028497,1,1,0,18,0,1,0,4,0,0,2,1,6,1,44,7,-1,-1,-1,-1,1,-1
2015450028497,2,9,0,2,0,1,0,0,0,0,1,1,6,3,-1,-1,-1,-1,-1,-1,-1,-1
2015450028501,1,9,0,5,0,0,0,0,0,0,4,1,6,2,27,6,998,1,9,-1,1,-1
2015450028501,2,5,0,18,0,0,0,0,0,0,1,1,6,1,30,6,-1,-1,-1,-1,1,-1
2015450028507,1,9,0,3,0,0,0,0,0,0,2,1,6,2,45,7,1595,1,2,-1,1,-1
2015450028507,2,9,0,3,0,0,0,0,0,0,2,1,2,2,47,8,-1,-1,-1,-1,1,-1
2015450028507,3,9,0,3,0,0,0,0,0,0,2,1,2,2,20,4,1199,1,14,-1,1,-1
2015450028507,4,9,0,18,0,0,0,0,0,0,1,1,6,1,49,8,1984,1,17,-1,1,-1
2015450028525,1,9,0,18,0,0,0,0,0,0,1,1,6,1,22,5,1995,1,9,-1,1,-1
2015450028525,2,9,0,3,0,0,0,0,0,0,2,1,6,2,40,7,-1,-1,-1,-1,2,-1
2015450028525,3,9,0,3,0,0,0,0,0,0,2,1,1,1,39,7,-1,-1,-1,-1,2,-1
2015450028527,1,9,0,18,0,0,2,0,1,0,1,1,6,1,72,10,4398,1,-1,-1,3,-1
2015450028528,1,9,0,5,0,3,1,0,0,0,1,1,2,1,22,5,1398,2,11,-1,1,-1
2015450028528,2,9,0,3,0,1,0,0,0,0,3,1,6,1,69,10,1360,1,7,-1,1,-1
2015450028530,1,19,0,4,0,0,0,0,0,0,0,1,6,1,29,6,1968,2,4,-1,1,-1
2015450028530,2,19,0,4,0,0,0,0,0,0,2,1,6,1,59,9,2198,2,3,-1,1,-1
2015450028530,3,9,0,4,0,0,0,0,0,0,1,1,6,3,32,6,1400,1,8,-1,1,-1
2015450028538,1,9,0,5,0,0,0,7,0,0,1,1,6,2,77,11,1598,1,9,-1,1,-1
2015450028539,1,1,0,18,9,0,0,0,0,0,1,1,6,3,-1,-1,-1,-1,-1,-1,-1,-1
2015450028541,1,9,0,3,0,1,0,0,0,0,2,1,1,2,64,9,1598,1,7,-1,1,-1
2015450028541,2,20,0,3,0,1,0,0,0,0,1,1,1,1,55,8,6370,2,13,-1,1,-1
2015450028542,1,9,0,16,0,0,1,0,1,4,1,1,1,1,20,4,1800,1,20,-1,1,-1
2015450028543,1,3,0,18,0,0,5,0,0,0,3,1,2,1,29,6,125,1,-1,-1,1,-1
2015450028544,1,9,0,18,0,0,0,0,0,0,1,1,6,1,34,6,3199,1,13,-1,1,-1
2015450028544,2,9,0,2,0,0,0,0,0,0,2,1,6,1,-1,-1,2967,1,16,-1,3,-1
2015450028544,3,9,0,2,0,0,0,0,0,0,2,1,6,1,-1,-1,1598,1,13,-1,1,-1
2015450028544,4,19,0,2,0,0,0,0,0,0,0,1,6,1,-1,-1,2148,2,8,-1,1,-1
2015450028545,1,1,0,9,0,0,0,0,0,0,1,1,6,1,14,3,-1,-1,-1,-1,1,-1
2015450028545,2,9,0,18,0,0,1,0,0,0,1,1,2,2,29,6,1598,1,14,-1,1,-1
2015450028546,1,3,0,18,0,0,1,10,1,0,4,1,6,1,18,4,124,1,1,-1,1,-1
2015450028547,1,3,0,18,0,2,0,0,0,0,1,1,6,1,18,4,124,1,4,-1,2,-1
2015450028548,1,9,0,18,0,0,0,0,0,0,1,1,1,2,43,7,2084,1,13,-1,1,-1
2015450028548,2,9,0,18,0,0,0,0,0,0,2,1,1,1,32,6,-1,-1,-1,-1,1,-1
2015450028549,1,90,0,18,0,0,0,0,0,0,0,1,1,1,53,8,12130,2,9,-1,1,-1
2015450028549,2,1,0,18,5,0,0,0,0,0,2,1,2,1,51,8,-1,-1,-1,-1,3,-1
2015450028557,1,9,0,18,0,0,0,0,1,0,0,1,6,1,25,5,1199,1,14,-1,1,-1
2015450028562,1,9,0,18,0,0,0,0,0,0,2,1,6,1,64,9,1968,2,7,-1,1,-1
2015450028562,2,9,0,18,0,0,0,0,0,0,1,1,6,1,63,9,2926,2,14,-1,2,-1
2015450028562,3,9,0,18,0,0,0,0,0,0,1,1,6,2,46,8,1998,1,7,-1,1,-1
2015450028562,4,9,0,18,0,0,0,0,0,0,1,1,2,1,24,5,-1,-1,-1,-1,1,-1
2015450028563,1,19,0,18,0,3,0,0,0,0,0,1,6,1,34,6,1298,1,10,-1,1,-1
2015450028570,1,9,0,18,0,8,0,0,0,0,1,1,1,1,-1,-1,1560,2,4,-1,-1,-1
2015450028570,2,1,0,18,0,8,0,0,0,0,2,1,6,1,26,6,-1,-1,-1,-1,-1,-1
2015450028571,1,20,0,12,0,0,0,0,0,0,1,1,1,1,43,7,-1,-1,-1,-1,-1,-1
2015450028571,2,9,0,18,0,0,0,0,0,0,2,1,1,2,28,6,-1,-1,-1,-1,1,-1
2015450028573,1,9,0,18,0,0,1,0,0,0,1,1,6,1,29,6,1396,1,11,-1,1,-1
2015450028573,2,9,0,18,0,0,0,0,0,0,1,1,1,1,29,6,2400,2,2,-1,1,-1
2015450028575,1,9,0,18,0,0,1,0,7,0,1,1,1,1,36,7,1560,2,1,-1,1,-1
2015450028575,2,9,0,4,0,0,0,0,1,0,2,1,1,1,34,6,2993,2,3,-1,1,-1
2015450028576,1,9,0,14,0,0,0,0,0,0,1,1,1,1,-1,-1,1560,2,2,-1,1,-1
2015450028576,2,9,0,18,0,0,0,0,0,0,1,1,5,1,17,4,1000,1,15,-1,1,-1
2015450028577,1,1,0,18,0,1,0,0,0,0,0,1,6,1,30,6,-1,-1,-1,-1,3,-1
2015450028578,1,1,0,18,0,1,0,0,0,0,3,1,6,1,29,6,-1,-1,-1,-1,1,-1
2015450028579,1,5,0,7,0,1,0,0,0,0,3,1,6,1,71,10,-1,-1,-1,-1,1,-1
2015450028579,2,19,0,9,0,2,0,0,0,0,3,1,1,1,53,8,2287,2,3,-1,1,-1
2015450028580,1,9,0,18,0,0,0,0,0,0,1,1,6,2,29,6,1598,1,8,-1,1,-1
2015450028580,2,9,0,4,0,0,0,0,0,0,2,1,6,1,44,7,2151,2,15,-1,-1,-1
2015450028599,1,5,0,18,0,1,0,0,0,0,4,1,6,1,20,4,650,1,13,-1,2,-1
2015450028599,2,9,0,9,0,5,0,0,0,0,1,1,6,1,81,11,2496,2,10,-1,2,-1
2015450028608,1,9,0,18,0,0,0,0,0,0,1,1,6,2,20,4,1124,1,12,-1,1,-1
2015450028608,2,21,1,18,0,0,0,0,0,0,2,1,6,1,40,7,12809,2,1,-1,1,-1
2015450028614,1,9,0,18,0,0,0,0,0,0,2,1,2,1,48,8,1968,2,5,-1,1,-1
2015450028614,2,9,0,18,0,0,0,0,0,0,1,1,6,2,45,7,1587,1,20,-1,1,-1
2015450028615,1,9,0,1,0,0,0,0,0,0,0,1,6,1,58,9,1999,1,10,-1,1,-1
2015450028616,1,9,0,4,0,1,0,0,0,0,2,1,6,2,63,9,1086,1,6,-1,1,-1
2015450028616,2,9,0,3,0,1,0,0,0,0,2,1,6,1,59,9,4600,1,5,-1,1,-1
2015450028616,3,9,0,4,0,1,0,0,0,0,1,1,2,2,23,5,1598,1,13,-1,1,-1
2015450028617,1,1,0,18,0,0,0,0,0,0,1,1,6,1,56,9,-1,-1,-1,-1,2,-1
2015450028617,2,11,0,4,0,0,0,0,0,0,0,1,6,3,-1,-1,-1,-1,-1,-1,-1,-1
2015450028618,1,9,0,3,0,0,0,0,0,0,2,1,6,1,56,9,1997,2,7,-1,2,-1
2015450028618,2,5,0,18,0,0,0,0,0,0,1,1,6,1,73,10,1050,1,9,-1,3,-1
2015450028619,1,9,0,1,0,0,0,0,1,10,2,1,6,1,86,11,1781,1,12,-1,1,-1
2015450028620,1,2,0,18,0,0,0,0,1,2,1,1,6,1,16,4,49,1,3,-1,1,-1
2015450028621,1,9,0,18,0,0,5,0,0,0,1,1,6,2,17,4,1242,1,11,-1,2,-1
2015450028622,1,9,0,16,0,0,2,0,7,0,2,1,6,1,18,4,1149,1,9,-1,1,-1
2015450028623,1,9,0,1,0,0,0,0,0,0,1,1,6,2,21,5,1400,2,9,-1,1,-1
2015450028623,2,9,0,18,0,0,0,0,0,0,4,1,6,2,73,10,1000,1,14,-1,1,-1
2015450028624,1,1,0,13,0,0,2,0,1,10,0,1,6,2,47,8,-1,-1,-1,-1,1,-1
2015450028624,2,9,0,18,0,0,0,0,0,0,0,1,6,3,-1,-1,-1,-1,-1,-1,-1,-1
2015450028625,1,5,0,18,0,0,0,0,0,0,1,1,6,1,61,9,675,1,7,-1,1,-1
2015450028625,2,5,0,18,0,0,0,0,0,0,2,1,6,1,53,8,675,1,-1,-1,1,-1
2015450028627,1,9,0,18,0,8,0,0,0,0,4,1,6,1,19,4,998,1,8,-1,3,-1
2015450028627,2,9,0,5,0,6,0,0,0,0,1,1,6,2,87,11,1198,1,4,-1,1,-1
2015450028633,1,9,0,18,0,0,0,0,1,0,4,1,6,2,33,6,1997,1,20,-1,1,-1
2015450028638,1,9,0,18,0,0,0,0,0,0,3,1,2,2,27,6,1598,1,9,-1,1,-1
2015450028638,2,9,0,18,0,0,0,0,0,0,4,1,6,1,37,7,1896,2,11,-1,1,-1
2015450028640,1,9,0,5,7,0,0,0,0,0,1,1,2,2,69,10,1598,1,1,-1,1,-1
2015450028642,1,5,0,18,0,8,0,0,0,0,4,1,6,1,26,6,750,1,20,-1,1,-1
2015450028642,2,9,0,5,0,4,0,0,0,0,4,1,6,2,-1,-1,1598,1,6,-1,1,-1
2015450028648,1,9,0,18,0,0,0,0,0,0,4,1,2,2,31,6,1390,1,3,-1,3,-1
2015450028648,2,19,0,12,0,0,0,0,0,0,3,1,1,3,-1,-1,-1,-1,-1,-1,-1,-1
2015450028649,1,5,0,4,0,1,2,0,0,0,1,1,6,1,43,7,600,1,17,-1,1,-1
2015450028649,2,9,0,3,0,1,0,0,0,0,2,1,6,2,24,5,1956,2,4,-1,1,-1
2015450028659,1,9,0,4,0,1,0,0,0,0,0,1,6,2,19,4,1229,1,8,-1,1,-1
2015450028659,2,9,0,18,0,1,0,0,0,0,1,1,6,2,32,6,1598,2,2,-1,1,-1
2015450028659,3,9,0,18,0,1,0,0,0,0,1,1,6,2,22,5,1388,1,8,-1,3,-1
2015450028662,1,9,0,18,0,1,1,0,0,0,1,1,1,1,39,7,1339,1,12,-1,1,-1
2015450028662,2,9,0,9,0,6,0,0,0,0,1,1,1,1,53,8,1598,1,10,-1,1,-1
2015450028669,1,19,0,18,0,0,0,0,0,0,1,1,1,1,32,6,2198,2,5,-1,1,-1
2015450028669,2,9,0,4,0,0,0,0,0,0,2,1,6,2,66,10,1598,1,7,-1,1,-1
2015450028671,1,9,0,18,0,0,0,0,0,0,1,1,6,2,-1,-1,1587,1,8,-1,1,-1
2015450028672,1,9,0,1,0,6,0,0,0,0,2,1,6,1,17,4,1390,1,9,-1,1,-1
2015450028678,1,19,0,18,0,3,0,0,0,0,3,1,6,1,23,5,2402,2,10,-1,1,-1
2015450028678,2,9,0,18,0,4,0,0,0,0,4,1,6,2,51,8,1598,1,-1,-1,1,-1
2015450028680,1,2,0,14,0,0,0,0,0,0,1,1,6,2,16,4,49,1,6,-1,1,-1
2015450028680,2,9,0,18,0,0,0,0,0,0,1,1,6,2,45,7,2496,2,11,-1,1,-1
2015450028681,1,5,0,11,0,5,2,0,0,0,3,1,6,1,65,9,1690,1,2,-1,2,-1
2015450028682,1,9,0,14,0,0,0,0,0,0,3,1,6,2,63,9,1395,1,1,-1,1,-1
2015450028682,2,9,0,15,0,0,0,0,0,0,1,1,6,1,57,9,1598,1,4,-1,1,-1
2015450028682,3,9,0,2,0,0,0,0,0,0,1,1,6,2,57,9,1461,2,5,-1,1,-1
2015450028682,4,9,0,2,0,0,0,0,0,0,1,1,6,1,56,9,2993,2,8,-1,1,-1
2015450028683,1,9,0,17,0,0,1,0,7,0,2,1,6,1,20,4,1149,1,11,-1,3,-1
2015450028684,1,1,0,18,0,0,0,0,1,0,1,1,6,1,89,11,-1,-1,-1,-1,1,-1
2015450028687,1,9,0,18,0,0,0,0,0,0,2,1,6,1,24,5,1598,1,8,-1,1,-1
2015450028687,2,9,0,18,0,0,0,0,0,0,1,1,6,1,49,8,1584,1,10,-1,1,-1
2015450028688,1,9,0,17,0,0,0,0,0,0,1,1,2,1,44,7,1242,1,8,-1,3,-1
2015450028688,2,9,0,17,0,0,0,0,0,0,1,1,2,1,31,6,998,1,5,-1,1,-1
2015450028688,3,9,0,4,0,0,0,0,0,0,2,1,6,2,19,4,1368,1,5,-1,1,-1
2015450028689,1,1,0,18,9,1,0,0,0,0,1,1,6,1,8,2,-1,-1,-1,-1,1,-1
2015450028689,2,9,0,1,0,6,0,0,0,0,2,1,6,2,65,9,1242,1,11,-1,1,-1
2015450028690,1,9,0,18,0,0,0,0,0,0,1,1,6,1,29,6,1999,1,9,-1,3,-1
2015450028690,2,9,0,4,0,0,0,0,0,0,2,1,6,2,24,5,1598,1,17,-1,1,-1
2015450028691,1,19,0,4,0,1,0,0,7,1,1,1,1,1,51,8,2198,2,-1,-1,1,-1
2015450028692,1,9,0,18,0,0,0,0,0,0,1,1,6,1,34,6,1998,1,11,-1,3,-1
2015450028692,2,9,0,3,0,0,0,0,0,0,2,1,6,2,31,6,1108,1,6,-1,1,-1
2015450028692,3,9,0,18,0,0,0,0,0,0,2,1,6,2,50,8,1995,2,12,-1,1,-1
2015450028693,1,1,0,18,0,1,0,0,0,0,0,1,6,1,36,7,-1,-1,-1,-1,1,-1
2015450028694,1,3,0,5,0,4,0,0,0,0,2,1,6,1,39,7,125,1,-1,-1,1,-1
2015450028694,2,5,0,5,0,3,0,0,0,0,1,1,6,1,28,6,865,1,1,-1,1,-1
2015450028697,1,9,0,18,0,5,0,7,1,2,1,1,6,2,51,8,1498,1,2,-1,1,-1
2015450028701,1,5,0,17,0,0,0,0,1,0,1,1,6,1,20,4,650,1,13,-1,2,-1
2015450028705,1,1,0,18,0,0,5,0,0,0,2,1,2,1,51,8,-1,-1,-1,-1,1,-1
2015450028705,2,9,0,13,0,0,0,0,0,0,1,1,6,3,-1,-1,-1,-1,-1,-1,-1,-1
2015450028706,1,9,0,17,0,0,2,0,7,0,4,1,1,1,20,4,1124,1,12,-1,1,-1
2015450028708,1,9,0,16,0,2,1,0,1,9,1,1,1,1,49,8,1242,1,6,-1,2,-1
2015450028709,1,9,4,4,0,0,0,0,0,0,0,1,6,1,73,10,2495,2,13,-1,3,-1
2015450028709,2,16,0,18,0,0,0,0,0,0,0,1,6,2,37,7,-1,-1,-1,-1,3,-1
2015450028710,1,21,1,4,0,0,0,0,0,0,1,2,1,1,57,9,-1,-1,-1,-1,-1,-1
2015450028710,2,9,0,4,0,0,0,0,0,0,2,1,2,2,40,7,1798,1,7,-1,3,-1
2015450028717,1,9,0,3,0,0,0,0,0,0,2,1,6,1,56,9,1398,1,-1,-1,1,-1
2015450028717,2,20,0,4,0,0,0,0,0,0,1,1,1,1,59,9,12130,2,10,-1,1,-1
2015450028723,1,9,0,17,0,1,0,7,0,0,1,1,6,1,28,6,1781,1,15,-1,1,-1
2015450028728,1,9,0,18,0,0,0,0,0,0,2,1,6,2,66,10,1390,1,2,-1,1,-1
2015450028728,2,9,0,18,0,0,0,0,0,0,2,1,6,2,31,6,1399,2,12,-1,1,-1
2015450028728,3,9,0,18,0,0,0,0,0,0,2,1,6,1,17,4,1598,1,13,-1,2,-1
2015450028728,4,9,0,18,0,0,0,0,0,0,1,1,6,2,37,7,1388,1,5,-1,1,-1
2015450028730,1,9,0,17,0,0,2,0,2,0,1,1,2,1,43,7,1364,2,7,-1,1,-1
2015450028731,1,19,0,1,0,0,0,0,0,0,2,1,6,3,-1,-1,2402,2,8,-1,-1,-1
2015450028731,2,9,0,4,0,0,0,0,0,0,1,1,1,2,39,7,1560,2,-1,-1,1,-1
2015450028732,1,9,0,16,0,0,1,0,7,4,3,1,6,2,19,4,1229,1,1,-1,1,-1
2015450028736,1,19,0,1,9,0,0,0,0,0,0,1,1,1,76,11,2402,2,14,-1,1,-1
2015450028737,1,9,0,4,0,0,0,0,0,0,2,1,6,1,42,7,1598,1,11,-1,2,-1
2015450028737,2,9,0,18,0,0,0,0,0,0,1,1,6,1,52,8,3222,2,11,-1,1,-1
2015450028738,1,9,0,18,0,1,0,0,0,0,1,1,6,1,63,9,1799,1,8,-1,1,-1
2015450028738,2,9,0,9,0,6,0,0,0,0,1,1,6,1,40,7,1686,2,4,-1,1,-1
2015450028739,1,19,0,18,0,0,0,0,0,0,1,1,1,1,41,7,2402,2,6,-1,1,-1
2015450028739,2,9,0,18,0,0,0,0,0,0,2,1,6,1,32,6,1364,1,10,-1,1,-1
2015450028740,1,9,0,18,0,1,0,0,0,0,1,1,6,2,34,6,1390,1,11,-1,1,-1
2015450028740,2,9,0,9,0,6,0,0,7,0,0,1,6,1,21,5,1296,1,9,-1,1,-1
2015450028742,1,3,0,18,0,1,0,0,0,0,1,1,6,2,20,4,125,1,-1,-1,3,-1
2015450028748,1,9,0,18,0,0,0,0,0,0,2,1,6,2,31,6,1598,1,10,-1,1,-1
2015450028748,2,19,0,18,0,0,0,0,0,0,1,1,6,1,-1,-1,1686,2,12,-1,1,-1
2015450028749,1,21,1,5,0,0,0,0,0,0,3,1,1,1,58,9,-1,-1,-1,-1,-1,-1
2015450028749,2,9,0,18,0,0,0,0,0,0,4,1,6,2,34,6,1799,1,8,-1,1,-1
2015450028749,3,9,0,18,0,0,0,0,0,0,1,1,1,1,38,7,1598,1,7,-1,1,-1
2015450028750,1,3,0,4,0,0,1,0,0,0,1,1,6,2,18,4,124,1,6,-1,2,-1
2015450028750,2,9,0,4,0,0,0,0,0,0,1,1,6,2,42,7,1968,2,7,-1,1,-1
2015450028751,1,1,0,18,0,0,5,0,0,0,4,1,6,1,25,5,-1,-1,-1,-1,1,-1
2015450028753,1,1,0,18,0,0,0,0,0,0,3,1,2,1,43,7,-1,-1,-1,-1,1,-1
2015450028753,2,9,0,13,0,0,0,0,0,0,4,1,6,3,-1,-1,-1,-1,-1,-1,-1,-1
2015450028754,1,9,0,18,0,0,1,0,5,6,3,1,6,1,38,7,1124,1,7,-1,1,-1
2015450028755,1,9,0,2,0,0,0,0,0,0,0,1,6,2,24,5,999,1,1,-1,1,-1
2015450028755,2,1,0,18,0,0,0,4,0,0,1,1,2,1,43,7,-1,-1,-1,-1,1,-1
2015450028756,1,9,0,18,0,1,0,0,0,0,4,1,1,1,53,8,1598,2,-1,-1,1,-1
2015450028756,2,9,0,1,0,2,0,0,0,0,3,1,6,3,-1,-1,-1,-1,-1,-1,-1,-1
2015450028757,1,9,0,16,0,0,2,0,0,0,0,1,6,1,18,4,1242,1,8,-1,1,-1
2015450028758,1,9,0,18,0,0,1,0,0,0,1,1,6,1,21,5,1368,1,5,-1,2,-1
2015450028758,2,9,0,18,0,0,0,0,0,0,4,1,2,1,52,8,1598,2,1,-1,1,-1
2015450028761,1,9,0,3,0,0,0,0,0,0,2,1,2,1,39,7,1560,2,3,-1,1,-1
2015450028761,2,9,0,4,0,0,0,0,0,0,2,1,1,1,22,5,2494,2,-1,-1,1,-1
2015450028761,3,9,0,18,0,0,0,0,0,0,1,1,1,1,62,9,2143,2,2,-1,2,-1
2015450028761,4,9,0,18,0,0,0,0,0,0,1,1,2,2,44,7,1968,2,4,-1,1,-1
2015450028765,1,9,0,1,0,0,0,0,0,0,4,1,6,1,-1,-1,-1,-1,-1,-1,-1,-1
2015450028771,1,9,0,18,0,0,0,0,0,0,1,1,6,2,22,5,1997,2,6,-1,1,-1
2015450028776,1,21,1,12,0,0,0,0,0,0,1,1,1,1,36,7,-1,-1,-1,-1,-1,-1
2015450028776,2,9,0,18,0,0,1,0,1,0,2,1,6,2,38,7,1124,1,10,-1,1,-1
2015450028776,3,9,0,18,0,0,0,0,2,0,2,1,6,2,76,11,1999,1,8,-1,1,-1
2015450028783,1,19,0,18,0,0,0,0,0,0,4,1,2,1,40,7,-1,-1,-1,-1,1,-1
2015450028787,1,9,0,3,0,0,0,0,0,0,1,1,2,2,19,4,1390,1,14,-1,1,-1
2015450028787,2,19,0,1,0,0,0,0,0,0,2,1,6,3,-1,-1,2299,2,4,-1,-1,-1
2015450028794,1,9,0,9,0,8,0,0,0,0,4,1,6,1,26,6,-1,-1,-1,-1,1,-1
2015450028794,2,9,0,18,0,1,0,0,0,0,1,1,6,2,21,5,1199,1,15,-1,1,-1
2015450028797,1,9,0,16,0,0,1,0,7,0,4,1,6,1,21,5,1840,1,17,-1,3,-1
2015450028797,2,9,0,18,0,0,0,0,0,0,1,1,6,1,29,6,1998,1,6,-1,1,-1
2015450028806,1,9,0,2,0,0,0,0,0,0,3,1,6,2,40,7,1560,2,1,-1,1,-1
2015450028806,2,9,0,18,0,0,0,0,0,0,4,1,6,1,81,11,2499,1,3,-1,1,-1