Accident_Index,Vehicle_Reference,Vehicle_Type,Towing_and_Articulation,Vehicle_Manoeuvre,Vehicle_Location-Restricted_Lane,Junction_Location,Skidding_and_Overturning,Hit_Object_in_Carriageway,Vehicle_Leaving_Carriageway,Hit_Object_off_Carriageway,1st_Point_of_Impact,Was_Vehicle_Left_Hand_Drive?,Journey_Purpose_of_Driver,Sex_of_Driver,Age_of_Driver,Age_Band_of_Driver,Engine_Capacity_(CC),Propulsion_Code,Age_of_Vehicle,Driver_IMD_Decile,Driver_Home_Area_Type,Vehicle_IMD_Decile
2015450028808,1,9,0,13,0,0,0,0,0,0,4,1,1,1,43,7,2969,2,8,-1,1,-1
2015450028808,2,19,0,4,0,0,0,0,0,0,3,1,1,1,41,7,1995,2,4,-1,1,-1
2015450028812,1,4,0,7,0,1,0,0,0,0,1,1,1,1,43,7,782,1,14,-1,1,-1
2015450028812,2,1,0,7,0,1,0,0,0,0,3,1,2,1,29,6,-1,-1,-1,-1,1,-1
2015450028820,1,9,0,9,0,5,0,0,0,0,3,1,6,1,58,9,1783,1,11,-1,1,-1
2015450028820,2,5,0,18,0,1,0,0,0,0,1,1,6,1,35,6,1000,1,-1,-1,1,-1
2015450028824,1,9,0,18,0,0,0,0,0,0,1,1,6,1,35,6,-1,-1,-1,-1,1,-1
2015450028824,2,9,0,18,0,0,0,0,0,0,2,1,1,1,36,7,-1,-1,-1,-1,1,-1
2015450028827,1,19,0,18,0,0,0,0,0,0,1,1,2,1,30,6,2198,2,1,-1,1,-1
2015450028827,2,9,0,18,0,0,0,0,0,0,2,1,6,1,62,9,1598,2,1,-1,1,-1
2015450028858,1,9,0,3,0,0,0,0,0,0,2,1,6,1,70,10,3456,8,-1,-1,1,-1
2015450028858,2,9,0,3,0,0,0,0,0,0,2,1,6,1,-1,-1,1360,1,9,-1,1,-1
2015450028858,3,9,0,3,0,0,0,0,0,0,1,1,6,1,48,8,1968,2,3,-1,1,-1
2015450028861,1,9,0,9,0,5,0,0,0,0,1,1,2,2,25,5,1396,1,2,-1,1,-1
2015450028861,2,9,0,17,0,1,0,0,0,0,1,1,2,2,48,8,1686,2,1,-1,1,-1
2015450028864,1,1,0,9,0,5,0,0,0,0,4,1,6,1,-1,-1,-1,-1,-1,-1,1,-1
2015450028864,2,9,0,18,0,1,0,0,0,0,3,1,6,1,46,8,1796,1,10,-1,2,-1
2015450028871,1,19,0,5,0,8,0,0,0,0,3,1,6,2,42,7,2477,2,6,-1,2,-1
2015450028871,2,2,0,18,0,1,0,0,0,0,1,1,2,1,19,4,49,1,3,-1,1,-1
2015450028874,1,9,0,7,0,3,0,0,0,0,3,1,6,2,30,6,996,1,6,-1,1,-1
2015450028874,2,11,0,18,0,3,0,0,0,0,4,1,6,1,53,8,6871,2,4,-1,1,-1
2015450028876,1,9,0,18,0,0,0,0,0,0,3,1,6,2,23,5,998,1,16,-1,3,-1
2015450028876,2,9,0,18,0,0,0,0,0,0,3,1,6,2,53,8,2457,7,8,-1,3,-1
2015450028878,1,9,0,4,0,4,0,0,0,0,2,1,6,2,84,11,1390,1,3,-1,1,-1
2015450028878,2,9,0,4,0,4,0,0,0,0,1,1,6,1,63,9,-1,-1,-1,-1,3,-1
2015450028880,1,3,0,3,0,0,0,0,0,0,1,1,2,1,30,6,124,1,1,-1,1,-1
2015450028880,2,19,0,1,0,0,0,0,0,0,2,1,3,1,28,6,1998,2,12,-1,3,-1
2015450028882,1,9,0,17,0,0,2,0,2,0,1,1,6,1,21,5,1149,1,9,-1,1,-1
2015450028884,1,4,0,18,0,0,0,0,0,0,1,1,6,1,55,8,-1,-1,-1,-1,1,-1
2015450028885,1,1,0,16,0,0,5,0,0,0,0,1,6,1,63,9,-1,-1,-1,-1,2,-1
2015450028887,1,9,0,18,0,0,0,0,0,0,3,1,6,1,36,7,1364,1,7,-1,1,-1
2015450028887,2,9,0,18,0,0,0,0,0,0,3,1,6,2,29,6,1149,1,5,-1,1,-1
2015450028888,1,9,0,18,0,1,0,0,0,0,2,1,6,1,43,7,1598,1,2,-1,1,-1
2015450028888,2,9,0,18,0,1,0,0,0,0,1,1,6,2,77,11,1560,2,6,-1,1,-1
2015450028888,3,9,0,18,0,1,0,0,0,0,1,1,6,2,42,7,1796,1,3,-1,1,-1
2015450028888,4,9,0,18,0,1,0,0,0,0,2,1,6,3,-1,-1,-1,-1,-1,-1,-1,-1
2015450028895,1,9,0,16,0,0,1,0,8,0,1,1,6,2,39,7,1597,1,17,-1,1,-1
2015450028896,1,9,0,18,0,1,0,0,2,0,1,1,6,1,34,6,1149,1,16,-1,1,-1
2015450028896,2,19,0,4,0,1,0,0,0,0,1,1,1,1,35,6,2198,2,1,-1,1,-1
2015450028897,1,3,0,17,0,0,0,0,1,0,1,1,6,2,24,5,124,1,7,-1,1,-1
2015450028898,1,9,0,4,0,0,1,0,1,0,1,1,1,1,44,7,1422,2,6,-1,1,-1
2015450028899,1,9,0,5,0,4,0,0,0,0,3,1,1,2,24,5,1329,1,5,-1,1,-1
2015450028899,2,1,0,18,0,8,0,0,0,0,1,1,6,2,38,7,-1,-1,-1,-1,1,-1
2015450028900,1,19,0,1,0,0,0,0,0,0,2,1,6,3,-1,-1,2477,2,15,-1,-1,-1
2015450028900,2,9,0,3,0,0,0,0,0,0,1,1,6,2,36,7,1753,2,11,-1,1,-1
2015450028901,1,9,0,4,0,0,0,0,0,0,0,1,6,3,-1,-1,-1,-1,-1,-1,-1,-1
2015450028901,2,19,0,4,0,0,0,0,0,0,0,1,6,3,-1,-1,-1,-1,-1,-1,-1,-1
2015450028901,3,19,0,4,0,0,0,0,0,0,2,1,6,1,50,8,2198,2,7,-1,1,-1
2015450028901,4,3,0,18,0,0,1,0,0,0,1,1,6,2,24,5,124,1,2,-1,1,-1
2015450028902,1,9,0,18,0,0,0,0,0,0,1,1,2,2,51,8,1240,1,5,-1,2,-1
2015450028902,2,19,0,4,0,0,0,0,0,0,1,1,1,1,27,6,2402,2,7,-1,2,-1
2015450028903,1,9,0,9,0,6,0,0,0,0,1,1,6,1,17,4,1198,1,10,-1,1,-1
2015450028903,2,9,0,18,0,1,1,0,0,0,4,1,2,2,42,7,1984,1,2,-1,1,-1
2015450028903,3,19,0,3,0,1,0,0,0,0,1,1,1,1,23,5,2461,2,5,-1,1,-1
2015450028904,1,9,0,18,0,8,0,0,0,0,1,1,6,1,35,6,-1,-1,-1,-1,3,-1
2015450028904,2,1,0,18,0,1,5,0,0,0,1,1,6,1,53,8,-1,-1,-1,-1,1,-1
2015450028905,1,9,0,11,0,0,1,10,1,4,3,1,6,2,24,5,1149,1,13,-1,1,-1
2015450028905,2,9,0,18,0,0,1,0,0,0,3,1,2,2,62,9,1995,2,2,-1,1,-1
2015450028906,1,9,0,18,0,0,0,0,0,0,1,1,6,2,53,8,2979,1,12,-1,1,-1
2015450028906,2,9,0,2,0,0,0,0,0,0,2,1,6,1,-1,-1,998,1,2,-1,3,-1
2015450028906,3,9,0,2,0,0,0,0,0,0,1,1,6,1,-1,-1,4164,2,12,-1,3,-1
2015450028907,1,9,0,17,0,0,1,10,8,0,3,1,6,1,18,4,999,1,17,-1,1,-1
2015450028908,1,9,0,18,0,1,0,0,0,0,2,1,2,1,35,6,1587,1,7,-1,3,-1
2015450028908,2,9,0,18,0,1,0,0,0,0,1,1,2,2,31,6,1596,1,8,-1,1,-1
2015450028908,3,9,0,4,0,1,0,0,0,0,1,1,2,1,38,7,1560,2,4,-1,1,-1
2015450028909,1,9,0,13,0,0,1,0,2,0,1,1,6,1,27,6,1995,2,12,-1,1,-1
2015450028910,1,9,0,12,0,1,0,0,0,0,0,1,6,2,34,6,1587,1,8,-1,1,-1
2015450028910,2,3,0,4,0,1,2,0,0,0,0,1,6,1,42,7,125,1,1,-1,1,-1
2015450028911,1,9,0,18,0,0,1,0,0,0,1,1,6,2,48,8,1598,1,13,-1,1,-1
2015450028911,2,9,0,2,0,0,0,0,0,0,2,1,6,3,-1,-1,-1,-1,-1,-1,-1,-1
2015450028912,1,19,0,3,0,0,1,0,0,0,1,1,1,1,50,8,2461,2,13,-1,1,-1
2015450028912,2,9,0,4,0,0,0,0,0,0,2,1,1,1,33,6,2143,2,1,-1,1,-1
2015450028913,1,90,0,1,0,0,0,0,0,0,2,1,1,1,52,8,7146,2,2,-1,3,-1
2015450028914,1,9,0,11,0,0,2,0,1,0,1,1,6,2,29,6,2793,1,15,-1,1,-1
2015450028915,1,9,0,3,0,1,0,0,0,0,2,1,6,2,25,5,1896,2,13,-1,1,-1
2015450028915,2,9,0,18,0,1,0,0,0,0,1,1,6,1,-1,-1,1600,1,24,-1,3,-1
2015450028916,1,9,0,5,0,6,0,0,0,0,4,1,2,1,21,5,1086,1,9,-1,1,-1
2015450028916,2,9,0,18,0,1,0,0,0,0,4,1,2,2,35,6,1390,1,2,-1,1,-1
2015450028917,1,9,0,1,0,0,0,0,0,0,1,1,6,2,65,9,1299,1,9,-1,1,-1
2015450028917,2,9,0,18,0,0,0,0,0,0,2,1,1,1,47,8,2993,2,6,-1,1,-1
2015450028918,1,9,0,16,0,0,1,0,7,4,1,1,2,1,58,9,1360,1,14,-1,1,-1
2015450028919,1,9,0,4,0,0,0,0,0,0,1,1,6,1,52,8,3993,1,3,-1,1,-1
2015450028919,2,9,0,18,0,0,0,0,0,0,2,1,6,2,37,7,1598,1,3,-1,1,-1
2015450028920,1,1,0,18,0,0,0,0,0,0,1,1,6,1,30,6,-1,-1,-1,-1,1,-1
2015450028921,1,9,0,15,0,0,0,0,7,0,1,1,5,2,56,9,-1,-1,-1,-1,1,-1
2015450028921,2,9,0,3,0,0,0,0,0,0,3,1,5,1,21,5,1391,1,19,-1,1,-1
2015450028922,1,9,0,9,0,5,0,0,0,0,2,1,1,2,44,7,-1,-1,-1,-1,1,-1
2015450028922,2,9,0,18,0,1,0,0,0,0,1,1,6,2,84,11,1339,1,7,-1,1,-1
2015450028922,3,9,0,18,0,1,0,0,0,0,1,1,6,2,79,11,1339,1,4,-1,1,-1
2015450028923,1,1,0,17,0,0,5,0,0,0,0,1,6,1,45,7,-1,-1,-1,-1,1,-1
2015450028924,1,1,0,17,0,0,1,0,0,0,0,1,6,2,31,6,-1,-1,-1,-1,1,-1
2015450028924,2,1,0,17,0,0,1,0,0,0,0,1,6,1,37,7,-1,-1,-1,-1,1,-1
2015450028924,3,1,0,17,0,0,1,0,0,0,0,1,6,2,35,6,-1,-1,-1,-1,1,-1
2015450028925,1,9,0,18,0,1,0,0,0,0,1,1,6,1,35,6,2993,2,7,-1,3,-1
2015450028925,2,9,0,3,0,1,0,0,0,0,2,1,6,1,24,5,1905,2,17,-1,3,-1
2015450028925,3,9,0,3,0,1,0,0,0,0,2,1,6,2,44,7,1997,1,7,-1,1,-1
2015450028925,4,9,0,3,0,1,0,0,0,0,2,1,6,2,48,8,2967,2,3,-1,1,-1
2015450028926,1,9,0,3,0,0,0,0,0,0,2,1,6,2,65,9,1560,2,2,-1,1,-1
2015450028926,2,9,0,18,0,0,0,0,0,0,1,1,2,1,21,5,1390,1,2,-1,1,-1
2015450028927,1,9,0,18,0,2,0,0,0,0,0,1,6,2,67,10,1998,1,9,-1,2,-1
2015450028928,1,9,0,16,0,0,0,0,0,0,1,1,6,1,19,4,998,1,7,-1,1,-1
2015450028928,2,9,0,17,0,0,0,0,0,0,1,1,6,2,25,5,1248,2,3,-1,1,-1
2015450028929,1,3,0,18,0,1,1,0,0,0,0,1,6,1,36,7,125,1,6,-1,3,-1
2015450028929,2,5,0,18,0,1,1,0,0,0,0,1,6,2,23,5,645,1,12,-1,1,-1
2015450028930,1,9,0,17,0,0,0,10,1,0,1,1,6,2,83,11,1388,1,5,-1,1,-1
2015450028931,1,9,0,16,0,3,1,0,1,4,1,1,6,1,66,10,3960,1,15,-1,1,-1
2015450028932,1,9,0,3,0,0,0,0,0,0,2,1,6,1,80,11,1796,1,12,-1,1,-1
2015450028932,2,9,0,18,0,0,0,0,0,0,2,1,6,1,20,4,1149,1,17,-1,1,-1
2015450028932,3,9,0,3,0,0,0,0,0,0,2,1,6,3,-1,-1,-1,-1,-1,-1,-1,-1
2015450028933,1,9,0,18,0,0,1,0,4,0,1,1,6,1,19,4,1390,1,17,-1,1,-1
2015450028934,1,1,0,16,0,0,0,10,1,0,1,1,6,1,38,7,-1,-1,-1,-1,1,-1
2015450028935,1,9,0,18,8,0,0,0,1,0,4,1,6,1,21,5,1598,1,10,-1,1,-1
2015450028936,1,9,0,18,0,0,0,10,7,0,1,1,6,2,22,5,1364,1,8,-1,1,-1
2015450028937,1,19,0,18,0,1,0,0,0,0,1,1,2,1,29,6,1560,2,3,-1,1,-1
2015450028937,2,9,0,17,0,1,0,0,0,0,2,1,1,2,62,9,1364,1,-1,-1,1,-1
2015450028937,3,9,0,18,0,1,0,0,0,0,2,1,2,1,51,8,1560,2,7,-1,1,-1
2015450028938,1,9,0,17,0,7,1,0,8,0,1,1,2,2,34,6,1396,1,10,-1,1,-1
2015450028939,1,9,0,3,0,1,0,0,0,0,4,1,6,2,36,7,1794,1,7,-1,1,-1
2015450028939,2,9,0,15,0,1,0,0,0,0,2,1,2,2,24,5,998,1,2,-1,1,-1
2015450028939,3,9,0,9,0,6,0,0,0,0,4,1,2,2,18,4,1199,1,12,-1,1,-1
2015450028939,4,9,0,3,0,1,0,0,0,0,0,1,6,2,30,6,1598,2,5,-1,1,-1
2015450028940,1,19,0,18,0,0,0,0,0,0,1,1,1,1,24,5,1560,2,8,-1,1,-1
2015450028940,2,9,0,18,0,0,0,0,0,0,2,1,6,2,26,6,1198,1,3,-1,1,-1
2015450028941,1,9,0,18,0,0,1,0,0,0,1,1,6,1,50,8,1596,1,6,-1,1,-1
2015450028941,2,9,0,18,0,0,0,0,0,0,2,1,6,2,45,7,2400,1,17,-1,2,-1
2015450028942,1,9,0,18,0,0,0,0,0,0,2,1,6,2,24,5,2143,2,6,-1,1,-1
2015450028942,2,9,0,3,0,0,0,0,0,0,1,1,6,2,46,8,2993,2,4,-1,1,-1
2015450028943,1,9,0,18,0,0,0,0,0,0,2,1,6,2,50,8,1389,1,17,-1,1,-1
2015450028943,2,9,0,3,0,0,0,0,0,0,1,1,6,1,25,5,1388,1,11,-1,1,-1
2015450028943,3,9,0,18,0,0,0,0,0,0,1,1,6,1,19,4,1242,1,2,-1,1,-1
2015450028957,1,9,0,18,0,0,0,0,0,0,1,1,6,1,83,11,1300,1,16,-1,1,-1
2015450028957,2,9,0,3,0,0,0,0,0,0,2,1,3,1,61,9,1596,1,9,-1,1,-1
2015450028957,3,4,0,3,0,0,0,0,0,0,2,1,2,1,22,5,250,1,7,-1,1,-1
2015450028960,1,19,0,14,0,0,0,0,0,0,4,1,6,3,-1,-1,-1,-1,-1,-1,1,-1
2015450028960,2,1,0,18,0,0,0,0,0,0,3,1,2,1,43,7,-1,-1,-1,-1,1,-1
2015450028964,1,9,0,8,0,1,0,0,0,0,2,1,6,1,28,6,1560,2,8,-1,1,-1
2015450028964,2,9,0,4,0,1,0,0,1,0,1,1,6,2,52,8,1995,2,3,-1,1,-1
2015450028965,1,2,0,18,0,0,0,0,0,0,2,1,6,1,18,4,49,1,12,-1,3,-1
2015450028965,2,20,1,18,0,0,0,0,0,0,1,1,1,1,44,7,-1,-1,-1,-1,3,-1
2015450028972,1,5,0,18,0,0,1,0,0,0,3,1,6,1,50,8,670,1,2,-1,3,-1
2015450028972,2,9,0,7,0,0,0,0,0,0,4,1,6,2,83,11,1968,2,9,-1,1,-1
2015450028976,1,1,0,18,0,1,0,0,0,0,3,1,6,1,18,4,-1,-1,-1,-1,1,-1
2015450028976,2,9,0,7,0,5,0,0,0,0,1,1,6,2,48,8,1296,1,7,-1,1,-1
2015450028977,1,9,0,18,0,8,5,0,0,0,1,1,1,2,28,6,999,1,2,-1,1,-1
2015450028977,2,9,0,2,0,1,0,0,0,0,2,1,6,2,-1,-1,1422,2,15,-1,1,-1
2015450028980,1,21,1,18,0,0,0,0,0,0,1,1,1,1,56,9,-1,-1,-1,-1,-1,-1
2015450028980,2,9,0,18,0,0,0,0,0,0,2,1,6,1,59,9,2435,1,19,-1,1,-1
2015450028985,1,9,0,18,0,0,1,4,1,0,1,1,6,1,69,10,3960,1,17,-1,1,-1
2015450028985,2,9,0,2,0,0,0,0,0,0,3,1,6,1,-1,-1,1598,1,8,-1,3,-1
2015450028985,3,9,0,18,0,0,0,0,0,0,2,1,6,1,-1,-1,1995,1,6,-1,1,-1
2015450028985,4,9,0,2,0,0,0,0,0,0,2,1,6,2,-1,-1,1598,2,1,-1,1,-1
2015450028986,1,1,0,18,0,0,0,0,0,0,3,1,6,3,-1,-1,-1,-1,-1,-1,-1,-1
2015450028989,1,9,0,5,0,4,1,0,3,0,1,1,6,1,23,5,998,1,13,-1,1,-1
2015450028990,1,1,0,18,9,2,0,0,0,0,0,1,6,1,32,6,-1,-1,-1,-1,1,-1
2015450028991,1,9,0,18,0,1,1,0,0,0,1,1,6,1,18,4,1242,1,6,-1,1,-1
2015450028991,2,9,0,18,0,1,0,0,0,0,2,1,6,1,29,6,973,1,14,-1,1,-1
2015450028993,1,9,0,18,0,2,0,0,0,0,1,1,6,2,51,8,1598,1,11,-1,3,-1
2015450029000,1,1,0,18,0,2,5,0,0,0,4,1,6,1,52,8,-1,-1,-1,-1,1,-1
2015450029000,2,9,0,18,0,2,0,0,0,0,3,1,6,1,69,10,2830,2,20,-1,1,-1
2015450029002,1,9,0,4,0,1,0,0,0,0,1,1,6,2,18,4,998,1,12,-1,2,-1
2015450029002,2,19,0,18,0,1,1,0,7,0,1,1,6,2,46,8,2500,2,9,-1,3,-1
2015450029004,1,19,0,18,0,2,0,0,0,0,1,1,1,1,57,9,1364,7,9,-1,1,-1
2015450029004,2,19,0,9,0,6,0,0,0,0,1,1,1,1,26,6,2198,2,1,-1,1,-1
2015450029009,1,9,0,6,0,8,0,0,0,0,3,1,6,1,33,6,1598,1,3,-1,3,-1
2015450029009,2,5,0,18,0,2,0,0,0,0,4,1,1,1,40,7,-1,-1,-1,-1,1,-1
2015450029010,1,1,0,3,0,0,0,0,0,0,1,1,6,1,43,7,-1,-1,-1,-1,1,-1
2015450029010,2,9,0,1,0,0,0,0,0,0,2,1,6,1,54,8,1299,1,9,-1,1,-1
2015450029035,1,9,0,5,0,1,0,0,0,0,1,1,1,1,30,6,1560,2,3,-1,1,-1
2015450029035,2,9,0,8,0,4,0,0,0,0,2,1,6,1,32,6,1242,1,6,-1,1,-1
2015450029047,1,9,0,18,0,4,0,0,0,0,2,1,6,1,74,10,2967,1,8,-1,1,-1
2015450029047,2,9,0,18,0,4,0,0,0,0,1,1,6,2,25,5,1896,2,12,-1,1,-1
2015450029052,1,9,0,17,0,0,2,0,0,0,3,1,2,1,73,10,1598,1,2,-1,3,-1
2015450029053,1,9,0,17,0,0,0,0,0,0,1,1,1,2,21,5,1598,2,2,-1,1,-1
2015450029053,2,9,0,16,0,0,0,0,1,9,1,1,6,2,54,8,999,1,1,-1,3,-1
2015450029055,1,9,0,9,0,6,0,0,0,0,1,1,2,1,23,5,1587,1,13,-1,2,-1
2015450029055,2,9,0,18,0,1,0,0,0,0,1,1,2,1,58,9,2993,2,1,-1,1,-1
2015450029063,1,9,0,18,0,0,0,0,0,0,1,1,6,2,65,9,1998,1,9,-1,1,-1
2015450029063,2,1,0,12,0,0,0,0,0,0,2,1,4,1,12,3,-1,-1,-1,-1,1,-1
2015450029069,1,9,0,9,0,1,0,0,0,0,4,1,6,2,48,8,1799,1,6,-1,1,-1
2015450029069,2,1,0,18,0,1,0,0,0,0,4,1,6,1,46,8,-1,-1,-1,-1,1,-1
2015450029070,1,9,0,18,0,3,0,0,0,0,2,1,6,2,38,7,2902,2,9,-1,1,-1
2015450029070,2,9,0,18,0,3,0,0,0,0,1,1,6,2,-1,-1,2400,2,4,-1,1,-1
2015450029071,1,9,0,5,0,8,0,0,0,0,1,1,6,1,34,6,1498,1,14,-1,1,-1
2015450029071,2,9,0,5,0,8,0,0,0,0,4,1,2,2,61,9,1496,1,-1,-1,1,-1
2015450029073,1,9,0,18,0,0,0,0,0,0,0,1,6,3,-1,-1,-1,-1,-1,-1,-1,-1
2015450029074,1,9,0,18,0,1,0,0,0,0,1,1,2,1,51,8,1248,2,9,-1,1,-1
2015450029074,2,9,0,9,0,5,0,0,0,0,1,1,2,2,45,7,1895,1,16,-1,1,-1
2015450029076,1,9,0,17,0,0,0,10,0,0,1,1,6,1,90,11,1997,2,12,-1,1,-1
2015450029076,2,9,0,16,0,0,0,0,0,0,1,1,6,1,48,8,1598,1,12,-1,1,-1
2015450029079,1,9,0,18,0,8,0,0,1,0,1,1,6,1,39,7,1995,2,8,-1,1,-1
2015450029079,2,9,0,9,0,8,0,0,0,0,1,1,6,1,69,10,1910,2,8,-1,1,-1
2015450029085,1,9,0,16,0,2,0,0,0,0,1,1,1,1,70,10,2995,1,10,-1,1,-1
2015450029085,2,9,0,17,0,1,0,0,0,0,1,1,6,1,50,8,2495,2,18,-1,3,-1
2015450029088,1,3,0,18,0,1,0,0,0,0,1,1,6,3,-1,-1,102,1,1,-1,-1,-1
2015450029088,2,9,0,18,0,1,0,0,0,0,4,1,6,1,26,6,1956,2,6,-1,3,-1
2015450029091,1,9,0,18,0,6,0,0,0,0,4,1,6,2,21,5,1596,1,11,-1,1,-1
2015450029091,2,9,0,18,0,1,0,0,0,0,4,1,6,1,44,7,1896,2,8,-1,1,-1
2015450029094,1,1,0,16,0,0,0,0,0,0,1,1,6,1,42,7,-1,-1,-1,-1,3,-1
2015450029098,1,9,0,4,0,0,0,0,0,0,2,1,6,2,84,11,1360,1,12,-1,1,-1
2015450029098,2,19,0,18,0,0,0,0,0,0,1,1,6,1,28,6,2500,2,11,-1,1,-1
2015450029100,1,9,0,9,0,6,0,0,0,0,3,1,1,2,30,6,1896,2,8,-1,1,-1
2015450029100,2,19,0,18,0,1,0,0,0,0,1,1,2,1,50,8,1560,2,1,-1,1,-1
2015450029101,1,9,0,18,0,0,0,0,0,0,2,1,6,1,20,4,998,1,-1,-1,1,-1
2015450029101,2,9,0,14,0,0,0,0,0,0,1,1,6,1,27,6,1390,1,10,-1,1,-1
2015450029104,1,90,0,10,0,1,0,0,0,0,0,1,1,1,29,6,7146,2,4,-1,1,-1
2015450029104,2,9,0,7,0,1,1,0,1,9,2,1,2,2,30,6,1560,2,3,-1,2,-1
2015450029110,1,19,0,18,0,0,0,0,2,0,1,1,2,1,22,5,1870,2,10,-1,1,-1
2015450029110,2,20,0,18,0,0,0,0,0,0,1,1,6,2,44,7,8500,2,25,-1,3,-1
2015450029113,1,9,0,18,0,8,0,0,0,0,1,1,6,2,43,7,1995,2,3,-1,1,-1
2015450029113,2,9,0,18,0,8,0,0,0,0,2,1,6,1,29,6,1395,1,1,-1,1,-1
2015450029113,3,20,0,18,0,8,0,0,0,0,1,1,6,1,66,10,1780,2,18,-1,1,-1
2015450029116,1,9,0,18,0,0,0,0,1,0,1,1,6,3,-1,-1,1368,1,8,-1,-1,-1
2015450029121,1,9,0,18,0,0,0,0,0,0,1,1,6,1,63,9,-1,-1,-1,-1,2,-1
2015450029131,1,9,0,18,0,1,0,0,0,0,1,1,1,2,23,5,1998,1,10,-1,1,-1
2015450029131,2,5,0,18,0,1,5,0,0,0,2,1,6,2,26,6,599,1,2,-1,1,-1
2015450029131,3,9,0,18,0,1,0,0,0,0,0,1,1,1,40,7,2698,2,6,-1,1,-1
2015450029132,1,9,0,5,0,1,0,0,0,0,3,1,6,1,38,7,2993,2,5,-1,1,-1
2015450029132,2,1,0,18,0,1,2,0,0,0,1,1,6,1,47,8,-1,-1,-1,-1,1,-1
2015450029132,3,1,0,18,0,1,2,0,0,0,1,1,6,1,39,7,-1,-1,-1,-1,1,-1
2015450029138,1,9,0,6,0,8,0,0,0,0,1,1,6,2,28,6,1390,1,11,-1,1,-1
2015450029138,2,19,0,18,0,3,0,0,0,0,3,1,6,1,46,8,2198,2,1,-1,1,-1
2015450029141,1,1,0,18,0,0,1,4,0,0,1,1,6,1,30,6,-1,-1,-1,-1,1,-1
2015450029141,2,9,0,2,0,0,0,0,0,0,0,1,6,2,-1,-1,-1,-1,-1,-1,1,-1
2015450029142,1,9,0,10,0,6,0,0,0,0,1,1,6,1,82,11,1587,1,5,-1,1,-1
2015450029142,2,4,0,18,0,1,0,0,0,0,4,1,6,1,-1,-1,249,1,4,-1,1,-1
2015450029149,1,9,0,5,0,1,0,0,0,0,1,1,6,1,63,9,2687,1,10,-1,1,-1
2015450029149,2,3,0,18,0,8,2,0,1,0,1,1,6,1,41,7,125,1,2,-1,2,-1
2015450029170,1,9,0,18,0,1,0,0,0,0,1,1,1,3,-1,-1,-1,-1,-1,-1,-1,-1
2015450029170,2,9,0,4,0,1,0,0,0,0,2,1,1,1,40,7,2987,2,10,-1,1,-1
2015450029170,3,9,0,3,0,1,0,0,0,0,2,1,1,1,62,9,1968,2,7,-1,1,-1
2015450029170,4,9,0,3,0,1,0,0,0,0,2,1,6,1,37,7,1560,2,8,-1,1,-1
2015450029171,1,9,0,18,0,1,0,0,0,0,1,1,6,2,23,5,1598,1,10,-1,1,-1
2015450029171,2,9,0,9,0,1,0,0,0,0,1,1,6,2,18,4,973,1,12,-1,1,-1
2015450029191,1,9,0,18,0,0,0,0,0,0,1,1,6,1,27,6,2143,2,1,-1,1,-1
2015450029191,2,9,0,18,0,0,0,0,0,0,2,1,6,2,-1,-1,998,1,1,-1,1,-1
2015450029200,1,1,0,18,0,4,5,0,0,0,3,1,6,1,44,7,-1,-1,-1,-1,1,-1
2015450029200,2,9,0,18,0,4,0,0,0,0,4,1,6,3,-1,-1,-1,-1,-1,-1,-1,-1
2015450029231,1,9,0,18,0,0,0,0,0,0,3,1,6,1,44,7,1149,1,12,-1,1,-1
2015450029237,1,9,0,9,0,8,0,0,0,0,1,1,6,1,56,9,2000,1,10,-1,3,-1
2015450029247,1,9,0,5,0,8,0,0,0,0,1,1,6,1,42,7,1910,2,6,-1,1,-1
2015450029247,2,19,0,5,0,1,0,0,0,0,2,1,6,1,34,6,1868,2,9,-1,1,-1
2015450029250,1,21,1,18,0,3,0,0,0,0,1,1,1,1,49,8,12777,2,8,-1,1,-1
2015450029250,2,9,0,18,0,8,0,0,0,0,2,1,2,2,57,9,1590,1,13,-1,2,-1
2015450029251,1,19,0,17,0,0,2,0,2,4,1,1,6,1,21,5,2148,2,5,-1,1,-1
2015450029271,1,9,0,18,0,0,0,0,0,0,4,1,6,2,23,5,1600,2,5,-1,1,-1
2015450029272,1,9,0,8,0,1,0,0,0,0,2,1,6,2,37,7,1968,2,1,-1,1,-1
2015450029272,2,9,0,4,0,1,0,0,0,0,1,1,6,1,-1,-1,1997,2,1,-1,-1,-1
2015450029277,1,9,0,3,0,1,0,0,0,0,1,1,6,2,24,5,1198,1,12,-1,1,-1
2015450029277,2,1,0,9,0,8,2,0,0,0,3,1,6,1,-1,-1,-1,-1,-1,-1,-1,-1
2015450029289,1,19,0,9,0,8,0,0,0,0,1,1,1,1,23,5,1870,2,13,-1,1,-1
2015450029289,2,1,0,18,0,1,0,0,0,0,1,1,1,1,68,10,-1,-1,-1,-1,1,-1
2015450029295,1,9,0,16,0,0,0,0,0,0,1,1,2,2,52,8,1989,1,15,-1,1,-1
2015450029295,2,9,0,17,0,0,0,0,0,0,1,1,6,1,73,10,1796,1,7,-1,2,-1