Accident_Index,Vehicle_Reference,Vehicle_Type,Towing_and_Articulation,Vehicle_Manoeuvre,Vehicle_Location-Restricted_Lane,Junction_Location,Skidding_and_Overturning,Hit_Object_in_Carriageway,Vehicle_Leaving_Carriageway,Hit_Object_off_Carriageway,1st_Point_of_Impact,Was_Vehicle_Left_Hand_Drive?,Journey_Purpose_of_Driver,Sex_of_Driver,Age_of_Driver,Age_Band_of_Driver,Engine_Capacity_(CC),Propulsion_Code,Age_of_Vehicle,Driver_IMD_Decile,Driver_Home_Area_Type,Vehicle_IMD_Decile
2015450029872,2,9,0,18,0,0,0,0,0,0,1,1,6,1,51,8,2316,1,19,-1,1,-1
2015450029880,1,1,0,18,0,0,0,0,0,0,0,1,2,2,56,9,-1,-1,-1,-1,1,-1
2015450029881,1,9,0,18,0,0,0,0,0,0,1,1,1,1,33,6,-1,-1,-1,-1,1,-1
2015450029881,2,9,0,18,0,0,0,0,0,0,2,1,6,2,52,8,1984,1,8,-1,1,-1
2015450029883,1,1,0,4,0,0,0,0,1,0,0,1,6,1,76,11,-1,-1,-1,-1,1,-1
2015450029884,1,9,0,18,0,8,0,0,0,0,1,1,6,1,37,7,2143,2,2,-1,1,-1
2015450029887,1,9,0,18,0,0,1,0,0,0,1,1,6,1,19,4,1198,1,12,-1,-1,-1
2015450029888,1,5,0,16,0,1,2,0,0,0,4,1,6,1,36,7,599,1,8,-1,1,-1
2015450029889,1,1,0,4,0,0,0,0,0,0,0,1,6,2,40,7,-1,-1,-1,-1,1,-1
2015450029890,1,1,0,18,0,0,5,0,0,0,1,1,6,1,52,8,-1,-1,-1,-1,1,-1
2015450029890,2,1,0,18,0,0,5,0,0,0,1,1,6,1,52,8,-1,-1,-1,-1,1,-1
2015450029891,1,9,0,7,0,1,1,0,7,11,1,1,1,1,44,7,1997,2,6,-1,2,-1
2015450029892,1,9,0,1,0,0,0,0,0,0,2,1,6,1,-1,-1,1497,1,10,-1,1,-1
2015450029893,1,9,0,16,0,0,1,0,5,6,1,1,2,1,25,5,1599,1,11,-1,1,-1
2015450029894,1,9,0,18,0,1,0,0,0,0,1,1,6,3,-1,-1,-1,-1,-1,-1,-1,-1
2015450029902,1,9,0,18,0,0,0,0,0,0,0,1,6,3,-1,-1,-1,-1,-1,-1,-1,-1
2015450029902,2,20,0,4,0,0,2,0,1,0,3,1,1,1,25,5,3900,2,13,-1,1,-1
2015450029903,1,9,0,18,0,1,0,0,0,0,1,1,1,1,58,9,1968,2,6,-1,1,-1
2015450029903,2,9,0,18,0,1,0,0,7,0,1,1,6,1,34,6,1596,1,6,-1,1,-1
2015450029903,3,9,0,9,0,5,0,0,0,0,0,1,6,2,81,11,1339,1,7,-1,1,-1
2015450029915,1,9,0,9,0,2,0,0,0,0,3,1,2,1,19,4,1360,1,14,-1,1,-1
2015450029915,2,9,0,18,0,1,0,0,0,0,1,1,6,2,56,9,2143,2,2,-1,1,-1
2015450029920,1,1,0,18,9,8,0,0,0,0,1,1,6,1,23,5,-1,-1,-1,-1,1,-1
2015450029920,2,9,0,7,0,5,0,0,0,0,1,1,6,1,38,7,2198,1,12,-1,1,-1
2015450029922,1,21,1,12,0,0,0,0,0,0,1,1,1,1,-1,-1,-1,-1,-1,-1,-1,-1
2015450029922,2,9,0,18,0,0,0,0,1,7,2,1,6,1,38,7,1896,2,6,-1,1,-1
2015450029927,1,3,0,11,0,3,2,0,0,0,4,1,6,1,20,4,125,1,1,-1,-1,-1
2015450029928,1,9,0,18,0,1,0,0,0,0,4,1,6,1,75,10,1968,2,2,-1,2,-1
2015450029929,1,1,0,18,9,0,5,0,0,0,1,1,2,2,30,6,-1,-1,-1,-1,1,-1
2015450029936,1,21,1,18,0,0,0,0,0,0,1,1,1,1,33,6,12900,2,4,-1,2,-1
2015450029936,2,9,0,2,0,0,0,0,0,0,2,1,1,2,43,7,1124,1,13,-1,1,-1
2015450029937,1,9,0,15,0,8,0,0,0,0,3,1,2,1,29,6,998,1,2,-1,1,-1
2015450029937,2,1,0,14,0,8,5,0,0,0,1,1,2,1,50,8,-1,-1,-1,-1,1,-1
2015450029940,1,1,0,18,0,0,0,0,0,0,4,1,6,3,-1,-1,-1,-1,-1,-1,-1,-1
2015450029945,1,9,0,5,0,1,0,0,0,0,1,1,6,2,44,7,1995,2,3,-1,1,-1
2015450029950,1,9,0,5,0,4,0,0,0,0,2,1,1,1,46,8,1349,1,7,-1,3,-1
2015450029950,2,9,0,18,0,4,0,0,0,0,1,1,6,2,18,4,998,1,12,-1,1,-1
2015450029951,1,9,0,4,0,4,0,0,1,0,1,1,1,1,20,4,1560,2,8,-1,1,-1
2015450029952,1,9,0,18,0,0,5,4,0,0,1,1,6,1,23,5,1199,1,14,-1,1,-1
2015450029952,2,9,0,2,0,0,0,0,0,0,1,1,6,2,26,6,1242,1,1,-1,1,-1
2015450029958,1,9,0,18,0,1,0,0,0,0,1,1,6,1,33,6,1341,1,13,-1,1,-1
2015450029958,2,9,0,18,0,1,0,0,0,0,2,1,6,1,21,5,1994,1,12,-1,-1,-1
2015450029958,3,9,0,2,0,1,0,0,0,0,0,1,1,2,34,6,1984,1,-1,-1,1,-1
2015450029958,4,9,0,2,0,1,0,0,0,0,0,1,1,1,29,6,1560,2,3,-1,1,-1
2015450029958,5,9,0,2,0,1,0,0,0,0,0,1,1,1,40,7,2993,2,2,-1,1,-1
2015450029965,1,9,0,18,0,8,0,0,8,0,1,1,6,1,30,6,2143,2,-1,-1,1,-1
2015450029965,2,9,0,2,9,1,0,0,7,0,2,1,6,3,-1,-1,-1,-1,-1,-1,-1,-1
2015450029965,3,9,0,2,9,1,0,0,0,0,2,1,6,3,-1,-1,1397,1,7,-1,-1,-1
2015450029982,1,9,0,3,0,1,0,0,0,0,1,1,6,2,54,8,1124,1,8,-1,1,-1
2015450029982,2,9,0,7,0,5,0,0,0,0,2,1,6,1,26,6,-1,-1,-1,-1,1,-1
2015450029993,1,9,0,9,0,5,0,0,0,0,0,1,6,1,80,11,1995,2,12,-1,1,-1
2015450029993,2,3,0,18,0,1,2,0,0,0,4,1,6,1,27,6,-1,-1,-1,-1,3,-1
2015450029995,1,9,0,4,0,0,0,0,0,0,1,1,6,2,47,8,1598,1,10,-1,1,-1
2015450029995,2,19,0,3,0,0,0,0,0,0,2,1,1,1,28,6,2198,2,1,-1,2,-1
2015450029998,1,1,0,18,0,1,0,0,0,0,1,1,6,1,17,4,-1,-1,-1,-1,1,-1
2015450029998,2,9,0,9,0,6,0,0,0,0,3,1,6,1,42,7,998,1,-1,-1,1,-1
2015450030005,1,9,0,4,0,0,0,0,0,0,1,1,6,2,30,6,1995,2,4,-1,1,-1
2015450030005,2,9,0,4,0,0,0,0,0,0,2,1,6,1,69,10,1390,1,3,-1,3,-1
2015450030006,1,9,0,16,0,0,0,0,0,0,1,1,6,1,47,8,1798,1,14,-1,1,-1
2015450030006,2,11,0,18,0,0,0,0,0,0,1,1,1,1,45,7,4580,2,8,-1,-1,-1
2015450030010,1,3,0,18,0,0,0,0,0,0,1,1,5,1,19,4,125,1,-1,-1,1,-1
2015450030010,2,9,0,10,0,0,0,0,0,0,1,1,5,2,57,9,1198,1,5,-1,-1,-1
2015450030010,3,9,0,4,0,0,0,0,0,0,0,1,2,2,52,8,1229,1,2,-1,1,-1
2015450030013,1,9,0,17,0,0,1,0,8,4,1,1,6,2,29,6,1299,1,11,-1,1,-1
2015450030015,1,9,0,18,0,0,0,0,1,4,1,1,6,1,41,7,1995,1,11,-1,1,-1
2015450030017,1,9,0,18,0,0,5,10,0,0,3,1,6,1,19,4,1120,1,22,-1,1,-1
2015450030028,1,9,0,17,0,0,1,0,0,0,1,1,1,2,19,4,1149,1,12,-1,1,-1
2015450030029,1,1,0,7,0,1,0,0,0,0,4,1,6,1,50,8,-1,-1,-1,-1,1,-1
2015450030031,1,9,0,18,0,0,0,0,0,0,1,1,3,1,24,5,1995,2,5,-1,1,-1
2015450030031,2,9,0,4,0,0,0,0,0,0,2,1,6,1,28,6,1984,1,1,-1,1,-1
2015450030032,1,9,0,18,0,0,0,0,0,0,1,1,2,1,31,6,3000,2,18,-1,1,-1
2015450030032,2,9,0,4,0,0,0,0,0,0,2,1,6,1,23,5,2231,2,9,-1,1,-1
2015450030032,3,9,0,12,0,0,0,0,0,0,0,1,6,3,-1,-1,-1,-1,-1,-1,-1,-1
2015450030034,1,9,0,3,0,6,0,0,0,0,1,1,6,1,74,10,1794,1,13,-1,1,-1
2015450030048,1,9,0,18,0,0,2,0,2,0,1,1,6,1,44,7,1595,1,16,-1,1,-1
2015450030048,2,9,0,18,0,0,2,0,2,0,1,1,2,1,58,9,1998,2,8,-1,1,-1
2015450030056,1,9,0,11,0,2,0,0,0,0,3,1,2,1,25,5,2979,1,14,-1,3,-1
2015450030056,2,5,0,18,0,2,5,0,0,0,4,1,2,1,42,7,1050,1,6,-1,1,-1
2015450030056,3,9,0,18,0,2,0,0,0,0,2,1,2,1,35,6,1968,2,2,-1,1,-1
2015450030058,1,1,0,4,0,0,5,0,0,0,0,1,2,1,19,4,-1,-1,-1,-1,1,-1
2015450030060,1,9,0,18,0,1,0,0,0,0,1,1,6,2,49,8,998,1,2,-1,1,-1
2015450030060,2,1,0,18,0,1,0,0,0,0,3,1,6,1,16,4,-1,-1,-1,-1,1,-1
2015450030063,1,19,0,18,0,1,0,0,0,2,1,1,2,1,23,5,1753,2,7,-1,1,-1
2015450030063,2,9,0,10,0,5,0,0,0,0,2,1,6,1,55,8,1998,2,16,-1,1,-1
2015450030066,1,19,0,4,0,1,0,0,0,0,2,1,1,1,51,8,1968,2,2,-1,1,-1
2015450030066,2,9,0,18,0,1,1,0,0,0,1,1,6,1,19,4,-1,-1,-1,-1,1,-1
2015450030068,1,19,0,9,0,5,0,0,0,0,3,1,6,1,17,4,-1,-1,-1,-1,1,-1
2015450030068,2,5,0,13,0,1,0,0,0,0,1,1,2,1,36,7,998,1,6,-1,1,-1
2015450030069,1,21,1,18,0,0,0,0,0,0,4,1,1,1,42,7,11705,2,7,-1,1,-1
2015450030072,1,9,0,2,0,0,0,0,0,0,1,1,6,1,51,8,1995,2,2,-1,1,-1
2015450030072,2,9,0,4,0,0,0,0,0,0,2,1,6,1,32,6,1769,1,14,-1,1,-1
2015450030077,1,1,0,18,0,1,0,0,0,0,1,1,6,1,14,3,-1,-1,-1,-1,3,-1
2015450030077,2,9,0,3,0,6,0,0,0,0,3,1,1,2,43,7,1586,1,-1,-1,1,-1
2015450030079,1,9,0,4,0,0,0,0,0,0,1,1,2,1,46,8,2143,2,4,-1,1,-1
2015450030079,2,19,0,4,0,0,0,0,0,0,2,1,1,1,42,7,1560,2,2,-1,3,-1
2015450030079,3,9,0,4,0,0,0,0,0,0,1,1,1,1,52,8,1997,2,1,-1,1,-1
2015450030086,1,9,0,18,0,0,0,0,0,0,1,1,1,1,42,7,1998,2,3,-1,-1,-1
2015450030088,1,3,0,16,0,8,2,0,0,0,3,1,6,1,26,6,124,1,6,-1,1,-1
2015450030090,1,9,0,7,0,5,0,0,0,0,2,1,6,2,45,7,1761,1,18,-1,1,-1
2015450030090,2,19,0,18,0,2,0,0,0,0,1,1,1,1,18,4,1753,2,3,-1,1,-1
2015450030092,1,9,0,18,0,0,0,0,0,0,1,1,2,2,48,8,2198,1,14,-1,1,-1
2015450030092,2,9,0,4,0,0,0,0,0,0,2,1,2,1,61,9,1984,1,7,-1,3,-1
2015450030098,1,90,0,18,0,0,0,0,0,0,0,1,1,2,21,5,2987,2,6,-1,3,-1
2015450030115,1,1,-1,15,0,0,0,0,0,-1,-1,1,6,3,-1,-1,-1,-1,-1,-1,-1,-1
2015450030118,1,9,0,18,0,0,0,0,0,0,1,1,6,2,42,7,1596,1,5,-1,1,-1
2015450030118,2,9,0,18,0,0,0,0,0,0,2,1,6,2,51,8,1242,1,6,-1,2,-1
2015450030119,1,9,0,18,0,1,0,0,0,0,1,1,6,1,51,8,1997,1,1,-1,1,-1
2015450030120,1,9,0,4,0,0,0,0,0,0,1,1,3,1,17,4,1275,1,16,-1,1,-1
2015450030120,2,9,0,17,0,0,0,0,0,0,1,1,6,2,50,8,998,1,3,-1,1,-1
2015450030121,1,9,0,13,0,1,0,0,0,0,1,1,6,2,38,7,1197,1,4,-1,1,-1
2015450030121,2,9,0,4,0,1,0,0,0,0,2,1,1,1,28,6,1968,2,1,-1,1,-1
2015450030122,1,9,0,3,0,4,0,0,0,0,2,1,6,2,63,9,1298,1,17,-1,2,-1
2015450030122,2,9,0,18,0,1,0,0,0,0,1,1,6,1,65,9,1997,2,10,-1,2,-1
2015450030123,1,9,0,4,0,0,0,0,0,0,2,1,6,3,-1,-1,-1,-1,-1,-1,-1,-1
2015450030123,2,9,0,4,0,0,0,0,0,0,2,1,6,1,37,7,1597,1,12,-1,1,-1
2015450030123,3,9,0,4,0,0,0,0,0,0,2,1,6,1,18,4,998,1,5,-1,1,-1
2015450030124,1,1,0,18,0,8,5,0,0,0,4,1,2,1,26,6,-1,-1,-1,-1,1,-1
2015450030124,2,9,0,7,0,8,0,0,0,0,1,1,6,1,50,8,1390,1,14,-1,1,-1
2015450030131,1,1,0,9,0,1,0,0,0,0,0,1,6,1,29,6,-1,-1,-1,-1,1,-1
2015450030137,1,9,0,9,0,6,0,0,0,0,3,1,6,2,45,7,2993,2,2,-1,3,-1
2015450030137,2,19,0,18,0,1,0,0,0,0,1,1,2,1,31,6,2198,2,8,-1,1,-1
2015450030140,1,9,0,17,0,0,5,0,0,0,1,1,6,1,21,5,1388,1,6,-1,1,-1
2015450030141,1,5,0,16,0,0,2,0,0,0,1,1,6,1,33,6,1050,1,6,-1,2,-1
2015450030141,2,9,0,17,0,0,0,0,0,0,1,1,6,1,51,8,1364,1,5,-1,2,-1
2015450030142,1,9,0,13,0,1,0,10,7,10,1,1,2,1,17,4,998,1,1,-1,1,-1
2015450030142,2,3,0,9,0,5,0,0,0,0,3,1,6,1,25,5,125,1,1,-1,1,-1
2015450030143,1,9,0,18,0,0,0,0,0,0,0,1,6,1,68,10,2435,1,12,-1,1,-1
2015450030149,1,9,0,4,0,0,0,0,0,0,1,1,6,1,24,5,1781,1,13,-1,1,-1
2015450030149,2,19,0,3,0,0,0,0,0,0,2,1,1,1,23,5,2198,2,5,-1,1,-1
2015450030151,1,3,0,4,0,1,0,0,0,0,1,1,2,1,38,7,124,1,7,-1,1,-1
2015450030151,2,9,0,9,0,1,0,0,0,0,0,1,6,2,38,7,4197,1,8,-1,1,-1
2015450030154,1,9,0,18,0,0,0,0,0,0,1,1,3,2,45,7,1390,1,3,-1,1,-1
2015450030157,1,1,0,18,0,0,0,0,0,0,0,1,6,2,47,8,-1,-1,-1,-1,1,-1
2015450030158,1,9,0,17,0,0,2,0,1,9,1,1,6,1,19,4,1390,1,6,-1,1,-1
2015450030159,1,9,0,18,0,0,0,0,0,0,1,1,6,2,88,11,1198,1,6,-1,3,-1
2015450030164,1,9,0,3,0,1,0,0,0,0,1,1,6,1,31,6,1396,1,14,-1,1,-1
2015450030164,2,9,0,4,0,1,0,0,0,0,2,1,2,1,43,7,1796,1,5,-1,1,-1
2015450030167,1,9,0,18,0,1,0,0,0,0,2,1,6,3,-1,-1,-1,-1,-1,-1,-1,-1
2015450030167,2,9,0,18,0,1,1,0,0,0,2,1,6,2,32,6,2967,2,1,-1,1,-1
2015450030167,3,9,0,18,0,1,0,0,0,0,1,1,6,2,52,8,1329,1,5,-1,2,-1
2015450030168,1,9,0,18,0,0,0,0,0,0,1,1,6,3,-1,-1,-1,-1,-1,-1,-1,-1
2015450030168,2,9,0,18,0,0,0,0,0,0,1,1,6,1,28,6,1124,1,12,-1,3,-1
2015450030172,1,1,0,15,0,1,0,0,0,0,3,1,6,1,48,8,-1,-1,-1,-1,1,-1
2015450030172,2,9,0,7,0,5,0,0,0,0,4,1,6,2,49,8,1598,2,1,-1,1,-1
2015450030176,1,9,0,4,0,0,0,0,0,0,2,1,6,2,61,9,1339,1,5,-1,1,-1
2015450030176,2,9,0,4,0,0,0,0,0,0,1,1,6,2,31,6,1197,1,2,-1,1,-1
2015450030190,1,9,0,18,0,3,1,0,0,0,2,1,1,2,26,6,1299,1,11,-1,1,-1
2015450030190,2,9,0,18,0,3,0,0,0,0,1,1,6,2,-1,-1,1398,2,8,-1,1,-1
2015450030192,1,19,0,11,0,8,0,0,0,0,3,1,1,3,-1,-1,-1,-1,-1,-1,-1,-1
2015450030192,2,9,0,18,0,8,0,0,0,0,4,1,1,2,38,7,1896,2,7,-1,1,-1
2015450030193,1,1,0,18,9,1,0,0,1,0,1,1,6,1,28,6,-1,-1,-1,-1,1,-1
2015450030193,2,9,0,5,0,1,0,0,1,0,1,1,1,1,53,8,1997,2,6,-1,1,-1
2015450030194,1,1,0,4,0,8,0,0,0,0,2,1,6,2,35,6,-1,-1,-1,-1,1,-1
2015450030194,2,9,0,18,0,1,0,0,0,0,0,1,6,3,-1,-1,-1,-1,-1,-1,-1,-1
2015450030195,1,5,0,11,0,0,1,0,7,0,1,1,2,1,32,6,750,1,6,-1,3,-1
2015450030196,1,9,0,2,0,0,0,0,0,0,3,1,3,2,34,6,1368,1,-1,-1,1,-1
2015450030196,2,9,0,18,0,0,0,4,0,0,4,1,6,3,-1,-1,-1,-1,-1,-1,-1,-1
2015450030201,1,9,0,18,0,0,1,0,0,0,4,1,1,1,46,8,2143,2,5,-1,1,-1
2015450030203,1,9,0,18,0,0,1,0,5,0,1,1,6,1,31,6,1560,2,11,-1,3,-1
2015450030210,1,9,0,3,0,4,0,0,0,0,2,1,6,1,44,7,2401,2,12,-1,1,-1
2015450030210,2,9,0,4,0,1,0,0,0,0,1,1,6,1,-1,-1,-1,-1,-1,-1,-1,-1
2015450030220,1,9,0,3,0,4,1,0,0,0,2,1,6,1,43,7,1248,1,1,-1,1,-1
2015450030220,2,9,0,4,0,4,0,0,0,0,1,1,1,1,73,10,-1,-1,-1,-1,3,-1
2015450030225,1,9,0,3,0,1,0,0,0,0,2,1,6,2,33,6,1791,8,4,-1,1,-1
2015450030225,2,9,0,3,0,1,0,0,0,0,1,1,6,2,29,6,2198,1,11,-1,1,-1
2015450030228,1,9,0,18,0,1,0,0,0,0,4,1,1,1,30,6,1798,2,-1,-1,2,-1
2015450030228,2,5,0,18,0,1,0,0,0,0,4,1,2,2,45,7,953,1,7,-1,3,-1
2015450030234,1,9,0,9,0,4,0,0,0,0,1,1,6,2,35,6,1390,1,4,-1,2,-1
2015450030234,2,1,0,18,0,4,0,0,0,0,4,1,1,1,31,6,-1,-1,-1,-1,3,-1
2015450030238,1,11,0,7,0,2,0,0,0,0,1,1,1,1,60,9,5900,2,7,-1,1,-1
2015450030239,1,9,0,3,0,0,0,0,0,0,2,1,6,1,46,8,-1,-1,-1,-1,1,-1
2015450030239,2,9,0,18,0,0,0,4,2,7,1,1,6,2,73,10,1242,1,15,-1,-1,-1
2015450030243,1,1,0,18,0,0,5,0,0,0,1,1,6,1,-1,-1,-1,-1,-1,-1,2,-1
2015450030243,2,9,0,18,0,0,0,0,0,0,1,1,6,2,24,5,1299,1,15,-1,1,-1
2015450030247,1,9,0,11,0,1,0,0,0,0,2,1,6,1,53,8,1997,2,6,-1,1,-1
2015450030247,2,20,1,18,0,1,0,0,0,0,1,1,1,1,31,6,-1,-1,-1,-1,-1,-1
2015450030247,3,9,0,18,0,1,0,0,0,0,2,1,2,2,47,8,2143,2,-1,-1,1,-1
2015450030247,4,9,0,18,0,1,0,0,0,0,2,1,1,2,33,6,1598,1,5,-1,-1,-1
2015450030247,5,9,0,18,0,1,0,0,0,0,2,1,2,1,43,7,1598,1,13,-1,1,-1
2015450030249,1,9,0,5,0,0,0,0,0,0,1,1,6,1,80,11,1490,1,8,-1,1,-1
2015450030249,2,19,0,2,9,0,0,0,0,0,3,1,1,1,48,8,1870,2,9,-1,1,-1
2015450030250,1,5,0,13,0,1,0,0,0,0,1,1,6,1,23,5,471,1,2,-1,1,-1
2015450030250,2,9,0,9,0,5,0,0,0,0,1,1,6,1,73,10,1998,2,7,-1,1,-1
2015450030256,1,1,0,16,0,0,0,0,0,0,1,1,6,1,43,7,-1,-1,-1,-1,1,-1
2015450030258,1,9,0,18,0,0,0,0,0,0,3,1,2,2,26,6,1124,1,11,-1,1,-1
2015450030258,2,21,1,18,0,0,0,0,0,0,3,1,6,1,40,7,11967,2,5,-1,1,-1
2015450030260,1,9,0,7,0,1,1,0,0,0,1,1,6,2,45,7,2199,2,-1,-1,-1,-1
2015450030260,2,9,0,18,0,1,0,0,0,0,1,1,6,2,48,8,1398,1,11,-1,1,-1
2015450030262,1,8,0,4,0,0,0,0,0,0,0,1,1,1,35,6,1560,2,-1,-1,1,-1
2015450030268,1,9,0,18,0,0,1,0,0,0,1,1,6,1,18,4,1368,1,8,-1,3,-1
2015450030268,2,19,0,18,0,0,0,0,0,0,4,1,6,1,54,8,4250,2,6,-1,2,-1
2015450030272,1,9,0,11,0,0,0,0,0,0,0,1,6,3,-1,-1,-1,-1,-1,-1,-1,-1
2015450030272,2,4,0,18,0,0,5,0,0,0,0,1,6,1,84,11,249,1,2,-1,1,-1
2015450030273,1,9,0,10,0,1,0,0,0,0,2,1,6,2,51,8,1968,2,7,-1,2,-1
2015450030273,2,9,0,3,0,1,0,0,0,0,2,1,6,1,38,7,1242,1,-1,-1,1,-1
2015450030273,3,9,0,18,0,1,0,0,0,0,1,1,6,1,19,4,1390,1,6,-1,1,-1
2015450030277,1,16,0,18,0,1,0,0,0,0,1,1,6,2,20,4,-1,-1,-1,-1,1,-1
2015450030277,2,9,0,5,0,8,0,0,0,0,4,1,6,2,46,8,1968,2,6,-1,1,-1
2015450030284,1,9,0,18,0,4,1,0,1,4,1,1,2,2,26,6,1388,1,9,-1,3,-1
2015450030293,1,9,0,4,0,0,0,0,0,0,1,1,6,1,48,8,1498,1,15,-1,1,-1
2015450030293,2,9,0,4,0,0,0,0,0,0,2,1,6,1,60,9,1905,2,17,-1,-1,-1
2015450030294,1,19,0,18,0,0,0,0,0,0,4,1,6,3,-1,-1,-1,-1,-1,-1,-1,-1
2015450030295,1,9,0,9,0,1,0,0,0,0,1,1,2,1,56,9,1595,1,6,-1,1,-1
2015450030295,2,1,0,18,0,6,0,0,0,0,1,1,6,1,60,9,-1,-1,-1,-1,1,-1
2015450030298,1,9,0,4,0,0,0,0,0,0,0,1,6,2,17,4,1197,1,1,-1,-1,-1
2015450030301,1,1,0,18,0,0,0,0,0,0,0,1,6,1,45,7,-1,-1,-1,-1,1,-1
2015450030301,2,9,0,5,0,0,0,0,0,0,1,1,2,1,-1,-1,-1,-1,-1,-1,1,-1
2015450030302,1,9,0,17,0,0,0,0,1,4,1,1,6,1,18,4,1390,1,14,-1,3,-1
2015450030309,1,5,0,18,0,1,0,0,0,0,2,1,6,2,43,7,-1,-1,-1,-1,1,-1
2015450030309,2,9,0,18,0,1,0,0,0,0,1,1,6,1,79,11,1797,8,3,-1,1,-1
2015450030309,3,20,0,18,0,1,0,0,0,0,0,1,6,3,-1,-1,-1,-1,-1,-1,-1,-1
2015450030313,1,9,0,9,0,6,0,0,0,0,0,1,6,1,64,9,995,1,9,-1,1,-1
2015450030313,2,3,0,18,0,1,2,0,0,0,0,1,6,2,18,4,124,1,2,-1,1,-1
2015450030314,1,9,0,18,0,0,0,0,0,0,1,1,6,1,26,6,1389,1,16,-1,-1,-1
2015450030314,2,9,0,4,0,0,0,0,0,0,2,1,6,1,80,11,1796,1,11,-1,-1,-1
2015450030314,3,9,0,18,0,0,0,0,0,0,0,1,6,2,44,7,-1,-1,-1,-1,-1,-1
2015450030315,1,11,0,18,0,1,0,0,0,0,3,1,1,1,40,7,3900,2,11,-1,1,-1
2015450030315,2,22,0,18,9,1,0,0,0,0,1,1,6,2,53,8,-1,-1,-1,-1,1,-1
2015450030316,1,9,0,4,0,1,0,0,0,0,1,1,2,2,61,9,1560,2,10,-1,1,-1
2015450030316,2,9,0,3,0,1,0,0,0,0,2,1,2,2,42,7,1461,2,5,-1,1,-1
2015450030323,1,9,0,17,0,0,0,0,0,0,0,1,6,3,-1,-1,1997,2,7,-1,-1,-1
2015450030326,1,1,0,7,0,1,0,0,0,0,0,1,6,2,51,8,-1,-1,-1,-1,1,-1
2015450030328,1,9,0,18,0,0,1,0,7,11,1,1,6,2,21,5,1360,1,10,-1,1,-1
2015450030330,1,19,0,18,0,0,0,0,0,0,0,1,6,1,-1,-1,2198,2,7,-1,-1,-1
2015450030331,1,9,0,9,0,5,0,0,0,0,1,1,2,2,24,5,1390,1,6,-1,1,-1
2015450030331,2,9,0,18,0,8,0,0,0,0,1,1,2,2,53,8,1596,1,14,-1,1,-1
2015450030331,3,90,0,18,0,1,0,0,0,0,0,1,1,3,-1,-1,-1,-1,-1,-1,-1,-1
2015450030332,1,9,0,16,0,1,0,0,0,0,1,1,6,2,-1,-1,1339,1,-1,-1,-1,-1
2015450030332,2,1,0,17,0,6,0,0,0,0,1,1,6,2,31,6,-1,-1,-1,-1,1,-1
2015450030341,1,9,0,7,0,5,0,0,1,0,4,1,6,2,21,5,1149,1,4,-1,1,-1
2015450030341,2,3,0,18,0,1,1,0,0,0,1,1,6,1,18,4,125,1,-1,-1,1,-1
2015450030342,1,1,0,18,0,0,0,0,1,11,1,1,6,2,43,7,-1,-1,-1,-1,1,-1
2015450030345,1,3,0,17,0,0,1,6,0,0,1,1,6,1,19,4,124,1,1,-1,1,-1
2015450030349,1,9,0,9,0,8,0,0,0,0,1,1,6,3,-1,-1,-1,-1,-1,-1,-1,-1
2015450030349,2,9,0,9,0,8,0,0,0,0,2,1,6,2,49,8,1490,1,6,-1,1,-1
2015450030353,1,9,0,18,0,0,1,0,0,0,4,1,6,1,45,7,1598,1,8,-1,1,-1
2015450030353,2,19,0,12,0,0,0,0,0,0,0,1,2,1,33,6,2402,2,10,-1,1,-1
2015450030357,1,9,0,18,0,0,0,0,0,0,1,1,6,1,42,7,1461,2,5,-1,1,-1
2015450030357,2,9,0,18,0,0,0,0,0,0,2,1,6,2,27,6,1497,8,-1,-1,1,-1
2015450030357,3,9,0,18,0,0,0,0,0,0,1,1,6,2,23,5,998,1,2,-1,1,-1
2015450030357,4,9,0,4,0,0,0,0,0,0,2,1,6,2,21,5,1598,1,2,-1,1,-1
2015450030359,1,3,0,18,0,0,0,4,0,0,1,1,2,1,39,7,125,1,10,-1,1,-1
2015450030359,2,11,0,2,0,0,0,0,0,0,2,1,1,1,58,9,-1,-1,-1,-1,1,-1
2015450030361,1,9,0,2,0,0,0,0,0,0,2,1,2,2,44,7,1596,1,9,-1,-1,-1
2015450030361,2,1,0,18,0,0,0,4,0,0,1,1,6,1,46,8,-1,-1,-1,-1,1,-1
2015450030366,1,9,0,17,0,0,1,0,1,10,1,1,6,1,18,4,1296,1,-1,-1,1,-1
2015450030384,1,9,0,18,0,0,0,0,0,0,1,1,2,2,43,7,1994,2,7,-1,2,-1
2015450030384,2,9,0,3,0,0,0,0,0,0,2,1,2,1,37,7,3311,8,8,-1,1,-1
2015450030386,1,9,0,4,0,0,0,0,0,0,4,1,6,1,44,7,1797,8,-1,-1,1,-1
2015450030388,1,9,0,18,0,0,0,0,0,0,1,1,6,2,32,6,1388,1,5,-1,1,-1
2015450030388,2,9,0,18,0,0,0,0,0,0,1,1,6,2,30,6,1598,1,7,-1,1,-1
2015450030388,3,9,0,4,0,0,0,0,0,0,2,1,6,2,34,6,1798,1,7,-1,-1,-1
2015450030388,4,9,0,18,0,0,0,0,0,0,1,1,6,1,66,10,1598,1,4,-1,1,-1