Accident_Index,Vehicle_Reference,Vehicle_Type,Towing_and_Articulation,Vehicle_Manoeuvre,Vehicle_Location-Restricted_Lane,Junction_Location,Skidding_and_Overturning,Hit_Object_in_Carriageway,Vehicle_Leaving_Carriageway,Hit_Object_off_Carriageway,1st_Point_of_Impact,Was_Vehicle_Left_Hand_Drive?,Journey_Purpose_of_Driver,Sex_of_Driver,Age_of_Driver,Age_Band_of_Driver,Engine_Capacity_(CC),Propulsion_Code,Age_of_Vehicle,Driver_IMD_Decile,Driver_Home_Area_Type,Vehicle_IMD_Decile
2015450034834,3,9,0,3,0,0,0,0,0,0,2,1,1,1,49,8,2143,2,4,-1,1,-1
2015450034834,4,9,0,3,0,0,0,0,0,0,2,1,6,3,-1,-1,-1,-1,-1,-1,-1,-1
2015450034846,1,9,0,9,0,6,0,0,0,0,1,1,2,1,31,6,998,1,-1,-1,1,-1
2015450034846,2,5,0,18,0,1,0,0,0,0,1,1,6,1,32,6,599,1,13,-1,1,-1
2015450034847,1,9,0,1,0,0,0,0,0,0,2,1,6,2,82,11,1495,1,14,-1,1,-1
2015450034847,2,9,0,2,0,0,0,0,0,0,1,1,6,1,46,8,1560,2,1,-1,1,-1
2015450034847,3,9,0,2,0,0,0,0,0,0,1,1,6,2,50,8,1685,2,2,-1,1,-1
2015450034851,1,9,0,3,0,0,0,0,0,0,2,1,6,1,29,6,2993,2,1,-1,3,-1
2015450034851,2,9,0,3,0,0,0,0,0,0,1,1,6,1,21,5,998,1,-1,-1,1,-1
2015450034853,1,9,0,9,0,2,0,0,0,0,1,1,6,1,62,9,2398,1,17,-1,1,-1
2015450034859,1,9,0,9,0,6,0,0,0,0,1,1,6,1,84,11,1995,2,10,-1,3,-1
2015450034859,2,9,0,3,0,6,0,0,0,0,4,1,6,1,32,6,1995,2,3,-1,1,-1
2015450034859,3,9,0,12,0,1,0,0,0,0,2,1,6,2,46,8,1560,2,7,-1,1,-1
2015450034859,4,9,0,3,0,1,0,0,0,0,2,1,6,2,56,9,2488,2,3,-1,1,-1
2015450034859,5,19,0,3,0,2,0,0,0,0,2,1,6,1,25,5,1995,2,7,-1,1,-1
2015450034860,1,9,0,5,0,4,0,0,0,0,1,1,1,2,47,8,999,1,2,-1,1,-1
2015450034860,2,9,0,18,0,3,0,0,3,1,1,1,2,2,32,6,1086,1,4,-1,-1,-1
2015450034871,1,9,0,18,0,0,0,0,0,0,1,1,2,1,50,8,1560,2,2,-1,-1,-1
2015450034871,2,19,0,3,0,0,0,0,0,0,2,1,1,1,35,6,-1,-1,-1,-1,1,-1
2015450034871,3,9,0,3,0,0,0,0,0,0,2,1,2,1,45,7,-1,-1,-1,-1,1,-1
2015450034873,1,9,0,3,0,0,0,0,0,0,2,1,6,2,50,8,1600,2,6,-1,3,-1
2015450034873,2,9,0,4,0,0,0,0,0,0,1,1,6,1,20,4,1364,1,8,-1,1,-1
2015450034874,1,2,0,18,0,1,0,0,0,0,4,1,1,1,41,7,49,1,1,-1,1,-1
2015450034879,1,9,0,18,0,0,0,0,1,3,1,1,6,1,69,10,1896,2,11,-1,3,-1
2015450034881,1,9,0,4,0,0,0,0,0,0,2,1,2,1,33,6,1396,2,6,-1,1,-1
2015450034881,2,9,0,18,0,0,0,0,0,0,2,1,2,1,39,7,1753,2,7,-1,1,-1
2015450034881,3,9,0,18,0,0,0,0,0,0,1,1,2,1,33,6,1995,2,5,-1,2,-1
2015450034884,1,1,0,18,0,1,0,0,0,0,1,1,1,1,45,7,-1,-1,-1,-1,1,-1
2015450034884,2,9,0,7,0,6,0,0,0,0,1,1,1,3,-1,-1,-1,-1,-1,-1,-1,-1
2015450034888,1,8,0,18,0,1,0,0,0,0,1,1,1,1,35,6,2148,2,7,-1,1,-1
2015450034889,1,9,0,9,0,8,0,0,0,0,4,1,6,1,50,8,-1,-1,-1,-1,1,-1
2015450034889,2,1,0,5,0,1,1,0,0,0,4,1,6,2,41,7,-1,-1,-1,-1,1,-1
2015450034895,1,9,0,18,0,0,0,0,1,0,1,1,6,1,20,4,1781,1,13,-1,1,-1
2015450034896,2,9,0,16,0,0,5,0,2,0,1,1,2,1,20,4,1388,1,10,-1,-1,-1
2015450034902,1,21,1,18,0,0,0,0,0,0,1,1,1,1,45,7,-1,-1,-1,-1,-1,-1
2015450034902,2,9,0,18,0,0,2,0,1,7,4,1,6,2,21,5,1364,1,6,-1,1,-1
2015450034904,1,19,0,1,0,1,0,0,0,0,2,1,6,1,36,7,2143,2,-1,-1,1,-1
2015450034904,2,9,0,18,0,1,0,0,0,0,1,1,6,2,49,8,1968,2,3,-1,1,-1
2015450034911,1,9,0,18,0,1,0,0,0,0,1,1,1,1,32,6,1968,2,5,-1,1,-1
2015450034911,2,5,0,9,0,5,0,0,1,0,1,1,2,1,38,7,1043,1,1,-1,1,-1
2015450034913,1,9,0,9,0,5,0,0,0,0,1,1,6,1,43,7,2902,2,11,-1,1,-1
2015450034913,2,9,0,18,0,1,0,0,0,0,1,1,1,2,51,8,1968,2,6,-1,1,-1
2015450034913,3,9,0,3,0,1,0,0,0,0,1,1,6,2,37,7,2993,2,1,-1,1,-1
2015450034919,1,9,0,5,0,0,0,0,0,0,1,1,6,2,44,7,1598,1,6,-1,1,-1
2015450034919,2,1,0,18,0,0,0,0,0,0,1,1,6,1,16,4,-1,-1,-1,-1,1,-1
2015450034922,1,9,0,1,0,0,0,0,0,0,0,1,6,3,-1,-1,-1,-1,-1,-1,-1,-1
2015450034924,1,9,0,18,0,0,2,0,2,4,1,1,6,1,33,6,1390,1,12,-1,1,-1
2015450034940,1,9,0,18,0,0,0,0,0,0,3,1,6,3,31,6,1328,1,6,-1,1,-1
2015450034940,2,9,0,18,0,0,0,0,0,0,3,1,6,2,39,7,2922,1,12,-1,3,-1
2015450034944,1,1,0,18,0,8,0,0,0,0,0,1,6,1,38,7,-1,-1,-1,-1,1,-1
2015450034949,1,9,0,16,0,0,0,0,7,0,1,1,2,2,24,5,1796,1,13,-1,3,-1
2015450034962,1,1,0,9,0,8,2,0,0,0,1,1,6,1,22,5,-1,-1,-1,-1,1,-1
2015450034962,2,9,0,18,0,4,0,0,0,0,1,1,6,1,-1,-1,1000,1,15,-1,1,-1
2015450035035,1,3,0,18,0,0,0,0,0,0,0,1,6,3,-1,-1,-1,-1,-1,-1,-1,-1
2015450035038,1,9,0,18,0,0,0,0,1,1,0,1,6,2,21,5,1364,1,1,-1,1,-1
2015450035050,1,9,0,9,0,6,0,0,7,0,4,1,6,1,-1,-1,1598,2,2,-1,1,-1
2015450035050,2,9,0,18,0,1,1,0,0,0,1,1,6,2,58,9,1597,1,21,-1,1,-1
2015450035053,1,5,0,18,0,0,2,0,1,10,3,1,2,1,27,6,675,1,5,-1,1,-1
2015450035053,2,19,0,13,0,0,0,0,0,0,4,1,6,3,-1,-1,-1,-1,-1,-1,-1,-1
2015450035057,1,9,0,18,0,0,1,0,0,0,4,1,2,2,34,6,1242,1,2,-1,1,-1
2015450035057,2,21,1,18,0,0,0,0,0,0,3,1,1,1,28,6,-1,-1,-1,-1,-1,-1
2015450035072,1,9,0,17,0,1,0,0,1,3,1,1,2,2,19,4,1149,1,7,-1,3,-1
2015450035091,1,9,0,11,0,0,0,0,0,0,4,1,1,1,26,6,1997,2,-1,-1,1,-1
2015450035091,2,9,0,18,0,0,0,0,0,0,1,1,6,1,64,9,1598,1,3,-1,1,-1
2015450035101,1,9,0,4,0,1,0,0,0,0,2,1,1,2,59,9,1390,1,8,-1,1,-1
2015450035101,2,9,0,18,0,1,0,0,0,0,1,1,2,1,38,7,1968,2,5,-1,1,-1
2015450035102,1,9,0,9,0,6,0,0,0,0,3,1,6,2,46,8,2148,2,9,-1,1,-1
2015450035102,2,9,0,18,0,1,0,0,0,0,3,1,2,1,31,6,1582,2,1,-1,1,-1
2015450035103,1,5,0,9,0,8,0,0,0,0,4,1,6,1,23,5,599,1,15,-1,3,-1
2015450035103,2,9,0,5,0,8,0,0,0,0,1,1,2,1,48,8,1997,2,8,-1,1,-1
2015450035108,1,19,0,18,0,0,5,0,0,0,2,1,1,1,67,10,2198,2,6,-1,1,-1
2015450035108,2,21,1,18,0,0,0,0,0,0,1,1,1,1,47,8,12809,2,1,-1,1,-1
2015450035120,1,9,0,18,0,0,0,0,0,0,0,1,6,3,-1,-1,-1,-1,-1,-1,-1,-1
2015450035120,2,9,0,18,0,0,0,0,0,0,3,1,1,2,34,6,1229,1,10,-1,1,-1
2015450035120,3,9,0,3,0,0,0,0,0,0,2,1,2,2,26,6,1968,2,1,-1,1,-1
2015450035120,4,9,0,4,0,0,0,0,0,0,1,1,1,1,60,9,1997,2,4,-1,1,-1
2015450035120,5,9,0,4,0,0,1,0,0,0,2,1,2,1,21,5,-1,-1,-1,-1,1,-1
2015450035120,6,5,0,3,0,0,0,0,0,0,1,1,2,1,56,9,848,1,7,-1,1,-1
2015450035144,1,8,0,18,0,0,0,0,0,0,2,1,1,3,-1,-1,1997,2,2,-1,-1,-1
2015450035144,2,9,0,18,0,0,0,0,0,0,1,1,6,3,-1,-1,1956,2,4,-1,-1,-1
2015450035144,3,9,0,18,0,0,0,0,0,0,1,1,6,3,-1,-1,1560,2,4,-1,-1,-1
2015450035144,4,9,0,18,0,0,0,0,0,0,1,1,6,3,-1,-1,1197,1,1,-1,-1,-1
2015450035159,1,9,0,18,0,0,0,0,1,6,1,1,6,1,55,8,2494,1,16,-1,1,-1
2015450035176,1,16,0,18,0,0,0,0,0,0,0,1,6,2,48,8,-1,-1,-1,-1,2,-1
2015450035176,2,19,0,18,0,0,0,0,0,0,0,1,6,3,-1,-1,2402,2,8,-1,-1,-1
2015450035190,1,9,0,18,0,1,0,0,0,0,4,1,6,2,21,5,998,1,-1,-1,1,-1
2015450035190,2,9,0,5,0,6,0,0,0,0,1,1,6,2,30,6,1598,1,14,-1,1,-1
2015450035197,1,9,0,3,0,0,0,0,0,0,2,1,6,2,52,8,1386,1,10,-1,1,-1
2015450035197,2,9,0,18,0,0,0,0,0,0,1,1,6,1,17,4,1242,1,9,-1,1,-1
2015450035219,1,3,0,18,0,0,0,0,0,0,0,1,6,1,40,7,124,1,14,-1,1,-1
2015450035219,2,19,0,2,0,0,0,0,0,0,0,1,1,1,-1,-1,1248,2,1,-1,1,-1
2015450035225,1,9,0,4,0,0,0,0,0,0,2,1,2,1,18,4,998,1,-1,-1,1,-1
2015450035225,2,9,0,18,0,0,0,0,0,0,1,1,6,1,20,4,998,1,3,-1,-1,-1
2015450035225,3,9,0,18,0,0,0,0,0,0,1,1,1,2,26,6,1997,2,4,-1,1,-1
2015450035244,1,9,0,9,0,6,0,0,0,0,1,1,6,1,55,8,2993,2,4,-1,1,-1
2015450035244,2,9,0,18,0,1,0,0,0,0,1,1,6,2,65,9,1910,2,6,-1,1,-1
2015450035250,1,9,0,5,0,6,0,0,0,0,3,1,1,1,33,6,1998,2,7,-1,1,-1
2015450035250,2,9,0,18,0,1,0,0,0,0,1,1,6,2,34,6,1339,1,9,-1,3,-1
2015450035252,1,9,0,3,0,0,0,0,0,0,2,1,2,1,28,6,-1,-1,-1,-1,1,-1
2015450035252,2,9,0,3,0,0,0,0,0,0,2,1,2,1,51,8,1984,1,5,-1,1,-1
2015450035252,3,9,0,3,0,0,0,0,0,0,2,1,2,1,56,9,3311,8,9,-1,-1,-1
2015450035252,4,9,0,3,0,0,0,0,0,0,2,1,6,1,48,8,2993,2,2,-1,1,-1
2015450035252,5,9,0,3,0,0,0,0,0,0,2,1,6,1,52,8,2143,2,-1,-1,1,-1
2015450035252,6,9,0,18,0,0,0,0,0,0,1,1,6,3,-1,-1,1398,2,13,-1,-1,-1
2015450035260,1,9,0,12,0,0,0,0,0,0,1,1,1,1,57,9,2987,2,8,-1,1,-1
2015450035260,2,19,0,18,0,0,0,0,0,0,2,1,1,1,45,7,2143,2,1,-1,1,-1
2015450035265,1,9,0,9,0,6,0,0,0,0,1,1,1,2,40,7,1397,1,5,-1,2,-1
2015450035265,2,19,0,18,0,1,0,0,0,0,1,1,1,1,30,6,2198,2,4,-1,1,-1
2015450035293,1,5,0,18,0,0,5,0,0,0,1,1,2,1,48,8,1050,1,10,-1,2,-1
2015450035293,2,9,0,18,0,0,0,0,0,0,0,1,6,3,-1,-1,-1,-1,-1,-1,-1,-1
2015450035293,3,9,0,18,0,0,0,0,0,0,0,1,6,1,38,7,1197,1,-1,-1,1,-1
2015450035374,1,19,0,18,0,0,0,0,0,0,4,1,6,3,-1,-1,-1,-1,-1,-1,-1,-1
2015450035380,1,9,0,18,0,1,0,0,0,0,1,1,6,2,29,6,1397,1,8,-1,1,-1
2015450035380,2,9,0,18,0,1,0,0,0,0,2,1,6,1,64,9,2488,1,10,-1,1,-1
2015450035380,3,9,0,18,0,1,0,0,0,0,2,1,6,2,25,5,1390,1,8,-1,3,-1
2015450035383,1,9,0,18,0,0,0,0,0,0,4,1,6,1,26,6,1685,2,-1,-1,1,-1
2015450035383,2,9,0,18,0,0,0,0,0,0,2,1,6,1,34,6,2993,2,5,-1,1,-1
2015450035385,1,9,0,18,0,0,0,0,0,0,1,1,6,2,46,8,1598,1,2,-1,1,-1
2015450035385,2,9,0,18,0,0,0,0,0,0,2,1,1,1,29,6,1795,8,4,-1,1,-1
2015450035385,3,9,0,18,0,0,0,0,0,0,2,1,6,2,44,7,2231,2,8,-1,1,-1
2015450035396,1,9,0,18,0,2,0,0,0,0,3,1,6,2,32,6,1596,1,7,-1,1,-1
2015450035396,2,9,0,5,0,1,0,0,0,0,4,1,6,2,51,8,1595,1,-1,-1,1,-1
2015450035409,1,9,0,18,0,0,0,0,0,0,1,1,3,2,38,7,2401,2,10,-1,1,-1
2015450035409,2,9,0,18,0,0,0,0,0,0,3,1,6,1,82,11,2979,1,-1,-1,1,-1
2015450035413,1,9,0,18,0,0,0,0,0,0,1,1,6,1,20,4,1997,1,1,-1,1,-1
2015450035413,2,9,0,3,0,0,0,0,0,0,2,1,1,2,18,4,1149,1,12,-1,1,-1
2015450035415,1,21,1,12,0,0,0,0,0,0,3,1,1,1,43,7,-1,-1,-1,-1,-1,-1
2015450035415,2,9,0,18,0,0,0,0,0,0,4,1,6,1,46,8,1999,1,7,-1,1,-1
2015450035419,1,9,0,18,0,0,0,0,0,0,1,1,1,2,23,5,2143,2,1,-1,2,-1
2015450035419,2,9,0,18,0,0,0,0,0,0,2,1,6,1,60,9,1390,1,-1,-1,1,-1
2015450035419,3,9,0,18,0,0,0,0,0,0,2,1,6,1,47,8,-1,-1,-1,-1,1,-1
2015450035422,1,19,0,18,0,4,0,0,0,0,1,1,1,1,49,8,1686,2,11,-1,1,-1
2015450035422,2,3,0,18,0,1,0,0,0,0,3,1,3,1,17,4,125,1,-1,-1,1,-1
2015450035424,1,9,0,18,0,0,0,0,0,0,2,1,6,3,-1,-1,998,1,-1,-1,-1,-1
2015450035424,2,9,0,18,0,0,0,0,0,0,1,1,1,1,38,7,2967,2,1,-1,-1,-1
2015450035424,3,9,0,18,0,0,0,0,0,0,2,1,6,1,46,8,1229,1,6,-1,1,-1
2015450035430,1,5,0,4,0,0,1,0,0,0,3,1,6,1,49,8,1584,1,4,-1,3,-1
2015450035488,1,9,0,4,0,8,0,0,0,0,2,1,2,1,41,7,2790,1,8,-1,1,-1
2015450035488,2,9,0,18,0,8,0,0,0,0,1,1,2,1,38,7,1896,2,12,-1,1,-1
2015450035491,1,9,0,13,0,0,0,0,0,0,1,1,3,1,39,7,1797,8,6,-1,1,-1
2015450035493,1,9,0,18,0,0,0,0,0,0,1,1,6,1,84,11,2457,1,8,-1,3,-1
2015450035493,2,9,0,18,0,0,0,0,0,0,2,1,2,2,52,8,1796,1,16,-1,1,-1
2015450035493,3,9,0,18,0,0,0,0,0,0,2,1,6,1,41,7,1984,1,14,-1,1,-1
2015450035493,4,9,0,18,0,0,0,0,0,0,2,1,6,2,32,6,1364,1,10,-1,1,-1
2015450035495,1,9,0,3,0,0,0,0,0,0,2,1,2,2,45,7,1242,1,2,-1,1,-1
2015450035495,2,9,0,18,0,0,0,0,0,0,1,1,6,3,-1,-1,-1,-1,-1,-1,-1,-1
2015450035497,1,9,0,5,0,6,0,0,0,0,1,1,1,1,24,5,1998,1,19,-1,1,-1
2015450035497,2,5,0,4,0,1,1,0,0,0,4,1,2,1,31,6,1170,1,10,-1,1,-1
2015450035510,1,21,0,4,0,0,0,0,0,0,1,1,1,1,34,6,9290,2,4,-1,3,-1
2015450035510,2,9,0,4,0,0,0,0,0,0,2,1,6,1,66,10,1995,2,3,-1,3,-1
2015450035515,1,5,0,18,0,0,5,0,0,0,3,1,6,1,47,8,1170,1,1,-1,1,-1
2015450035520,1,9,0,4,0,0,0,0,0,0,1,1,3,2,50,8,1995,2,10,-1,1,-1
2015450035520,2,9,0,3,0,0,0,0,0,0,2,1,1,1,34,6,1797,8,6,-1,1,-1
2015450035520,3,9,0,3,0,0,0,0,0,0,2,1,6,2,50,8,1598,1,1,-1,1,-1
2015450035523,1,9,0,18,0,1,0,0,0,0,1,1,2,2,47,8,1398,1,-1,-1,-1,-1
2015450035524,1,9,0,11,0,0,0,0,0,0,4,1,2,1,49,8,998,1,1,-1,3,-1
2015450035524,2,5,0,18,0,0,0,0,0,0,3,1,2,1,24,5,689,1,-1,-1,1,-1
2015450035528,1,9,0,3,0,0,0,0,0,0,1,1,1,1,66,10,1896,2,7,-1,1,-1
2015450035528,2,9,0,4,0,0,0,0,0,0,2,1,6,2,53,8,1363,2,10,-1,1,-1
2015450035528,3,9,0,18,0,0,0,0,0,0,2,1,6,1,67,10,1796,1,8,-1,1,-1
2015450035532,1,20,0,4,0,0,0,0,0,0,1,1,1,1,61,9,6870,2,7,-1,2,-1
2015450035532,2,9,0,18,0,0,2,0,7,0,2,1,2,1,49,8,1560,2,4,-1,3,-1
2015450035534,1,9,0,18,0,0,0,0,0,0,4,1,6,1,88,11,1598,1,4,-1,1,-1
2015450035534,2,9,0,3,0,0,0,0,0,0,3,1,2,1,29,6,1390,1,9,-1,1,-1
2015450035534,3,9,0,18,0,0,0,0,0,0,0,1,1,1,47,8,1997,2,2,-1,1,-1
2015450035535,1,9,0,14,0,0,1,0,7,9,1,1,2,2,33,6,1368,1,8,-1,2,-1
2015450035535,2,9,0,18,0,0,1,0,0,0,3,1,6,1,58,9,2149,2,8,-1,1,-1
2015450035547,1,9,0,18,0,0,0,0,0,0,3,1,6,3,71,10,1968,2,6,-1,2,-1
2015450035548,1,9,0,9,0,5,0,0,0,0,4,1,6,2,52,8,1560,2,5,-1,1,-1
2015450035548,2,9,0,5,0,1,0,0,0,0,1,1,2,2,51,8,1149,1,5,-1,1,-1
2015450035550,1,9,0,18,0,0,0,0,0,0,4,1,1,1,24,5,-1,-1,-1,-1,1,-1
2015450035550,2,9,0,4,0,0,0,0,0,0,2,1,6,2,27,6,1242,1,11,-1,1,-1
2015450035550,3,19,0,3,0,0,0,0,0,0,2,1,2,1,49,8,1998,2,14,-1,1,-1
2015450035559,1,9,0,7,0,8,0,0,0,0,4,1,6,2,31,6,1368,1,5,-1,3,-1
2015450035559,2,19,0,18,0,8,0,0,0,0,1,1,1,1,44,7,1968,2,3,-1,1,-1
2015450035561,1,9,0,18,0,2,0,0,1,7,1,1,6,1,43,7,1591,1,5,-1,1,-1
2015450035562,1,4,0,18,0,1,0,0,0,0,4,1,1,1,26,6,599,1,5,-1,3,-1
2015450035562,2,9,0,18,0,1,0,0,0,0,3,1,6,1,-1,-1,1968,2,1,-1,1,-1
2015450035562,3,9,0,18,0,1,0,0,0,0,0,1,6,1,-1,-1,-1,-1,-1,-1,1,-1
2015450035575,1,1,0,18,0,0,0,0,0,0,1,1,6,1,11,3,-1,-1,-1,-1,1,-1
2015450035612,1,9,0,18,0,1,0,0,0,0,4,1,6,2,55,8,1997,2,2,-1,1,-1
2015450035631,1,9,0,3,0,0,0,0,0,0,2,1,1,2,34,6,1968,2,2,-1,2,-1
2015450035631,2,9,0,3,0,0,0,0,0,0,1,1,6,1,42,7,1984,1,14,-1,1,-1
2015450035647,1,9,0,2,0,0,0,0,0,0,3,1,6,2,59,9,1999,1,7,-1,1,-1
2015450035647,2,1,0,18,0,0,0,0,0,0,1,1,2,1,37,7,-1,-1,-1,-1,1,-1
2015450035662,1,1,0,18,0,0,0,0,0,0,3,1,2,1,53,8,-1,-1,-1,-1,1,-1
2015450035662,2,9,0,18,0,0,0,0,0,0,4,1,6,3,-1,-1,-1,-1,-1,-1,-1,-1
2015450035782,1,9,0,16,0,0,1,0,8,0,1,1,6,1,30,6,1398,2,11,-1,1,-1
2015450035792,1,1,0,16,0,0,0,0,0,0,1,1,6,1,61,9,-1,-1,-1,-1,3,-1
2015450035792,2,19,0,18,0,0,0,0,0,0,3,1,2,1,51,8,1753,2,12,-1,3,-1
2015450035797,1,9,0,3,0,0,0,0,0,0,1,1,6,2,25,5,1360,1,9,-1,1,-1
2015450035797,2,9,0,4,0,0,0,0,0,0,2,1,6,1,41,7,1499,1,-1,-1,1,-1
2015450035811,1,9,0,5,0,3,0,0,1,7,1,1,6,1,76,11,-1,-1,-1,-1,3,-1
2015450035816,1,3,0,18,0,1,2,0,1,0,1,1,6,1,18,4,125,1,2,-1,1,-1
2015450035817,1,9,0,16,0,8,0,0,0,0,0,1,6,3,-1,-1,-1,-1,-1,-1,-1,-1
2015450035817,2,9,0,16,0,8,0,0,0,0,2,1,6,1,45,7,1997,2,6,-1,1,-1
2015450035817,3,19,0,16,0,8,0,0,0,0,1,1,2,1,32,6,1248,2,9,-1,1,-1
2015450035817,4,8,0,17,0,3,0,0,0,0,1,1,1,1,62,9,2143,2,-1,-1,1,-1
2015450035818,1,9,0,5,0,6,0,0,0,0,1,1,6,2,52,8,1598,1,1,-1,1,-1
2015450035821,1,9,0,5,9,2,0,0,3,10,1,1,6,2,86,11,1389,1,9,-1,1,-1
2015450035825,1,9,0,16,0,1,0,0,0,0,1,1,6,2,27,6,1043,1,19,-1,-1,-1
2015450035825,2,19,0,10,0,1,0,0,0,0,1,1,1,1,44,7,2198,2,3,-1,1,-1
2015450035826,1,20,0,18,0,0,0,0,0,0,2,1,1,1,49,8,6692,2,4,-1,1,-1
2015450035826,2,19,0,18,0,0,0,0,0,0,1,1,1,1,32,6,4461,2,4,-1,1,-1
2015450035827,1,9,0,18,0,0,0,0,0,0,2,1,6,2,75,10,2494,7,13,-1,3,-1
2015450035830,1,9,0,18,0,1,0,0,0,0,1,1,6,2,49,8,-1,-1,-1,-1,1,-1
2015450035832,1,9,0,16,0,1,0,0,0,0,1,1,6,2,46,8,1598,1,6,-1,1,-1
2015450035832,2,9,0,1,0,6,0,0,0,0,2,1,6,1,50,8,1985,1,15,-1,1,-1
2015450035833,1,9,0,18,0,0,0,0,0,0,4,1,6,2,32,6,2902,2,12,-1,1,-1
2015450035835,1,9,0,18,0,0,0,0,0,0,1,1,6,2,34,6,1995,1,6,-1,-1,-1
2015450035835,2,9,0,18,0,0,0,0,0,0,1,1,6,3,-1,-1,-1,-1,-1,-1,-1,-1
2015450035840,1,9,0,5,0,0,0,0,0,0,1,1,6,1,51,8,2143,2,1,-1,1,-1
2015450035840,2,1,0,18,9,0,0,0,0,0,1,1,6,1,10,2,-1,-1,-1,-1,1,-1
2015450035848,1,9,0,17,0,0,2,0,2,0,4,1,6,2,34,6,1587,1,13,-1,1,-1
2015450035852,1,9,0,18,0,1,0,0,0,0,1,1,6,1,21,5,1753,2,14,-1,1,-1
2015450035864,1,9,0,16,0,0,1,0,1,4,4,1,2,1,23,5,1229,1,7,-1,1,-1
2015450035872,1,9,0,16,0,0,1,0,0,0,3,1,6,1,-1,-1,1686,2,10,-1,-1,-1
2015450035872,2,9,0,16,0,0,1,0,0,0,3,1,6,1,22,5,1299,1,11,-1,1,-1
2015450035934,1,9,0,18,0,0,0,0,0,0,1,1,2,2,18,4,1242,1,7,-1,1,-1
2015450035934,2,9,0,4,0,0,0,0,0,0,2,1,1,1,43,7,1797,8,6,-1,1,-1
2015450035939,1,9,0,6,0,0,0,0,0,0,4,1,6,2,52,8,1360,1,15,-1,1,-1
2015450035939,2,9,0,18,0,0,0,0,0,0,1,1,6,2,23,5,1390,1,2,-1,1,-1
2015450035974,1,9,0,18,0,1,0,0,0,0,1,1,6,2,35,6,898,1,-1,-1,1,-1
2015450035974,2,9,0,3,0,1,0,0,0,0,2,1,6,2,36,7,-1,-1,-1,-1,2,-1
2015450035974,3,9,0,3,0,1,0,0,0,0,2,1,6,2,32,6,1299,1,14,-1,2,-1
2015450035989,1,21,1,12,0,1,0,0,0,0,3,1,1,1,25,5,-1,-1,-1,-1,-1,-1
2015450035989,2,9,0,13,0,1,1,0,2,6,4,1,6,1,59,9,1422,2,6,-1,3,-1
2015450035993,1,19,0,18,0,1,0,0,3,0,3,1,2,1,48,8,1968,2,5,-1,1,-1
2015450035993,2,9,0,18,0,1,0,0,0,0,1,1,6,2,48,8,1598,1,2,-1,1,-1
2015450035998,1,9,0,4,0,0,0,0,0,0,3,1,6,2,52,8,-1,-1,-1,-1,3,-1
2015450035998,2,3,0,18,0,0,5,0,0,0,1,1,6,1,-1,-1,-1,-1,-1,-1,1,-1
2015450036005,1,19,0,18,0,0,0,0,0,0,1,1,1,1,53,8,1560,2,4,-1,1,-1
2015450036005,2,9,0,3,0,0,0,0,0,0,2,1,2,2,34,6,-1,-1,-1,-1,1,-1
2015450036008,1,19,0,18,0,0,0,0,0,0,1,1,2,1,63,9,2461,2,12,-1,1,-1
2015450036008,2,9,0,18,0,0,1,0,1,0,1,1,6,1,26,6,1598,2,5,-1,1,-1
2015450036011,1,9,0,18,0,4,0,0,0,0,1,1,6,1,66,10,1598,1,7,-1,1,-1
2015450036011,2,9,0,9,0,8,0,0,0,0,4,1,6,1,29,6,1200,1,12,-1,1,-1
2015450036012,1,9,0,4,0,0,0,0,0,0,1,1,6,3,-1,-1,-1,-1,-1,-1,-1,-1
2015450036012,2,9,0,3,0,0,0,0,0,0,2,1,6,1,47,8,1598,1,5,-1,1,-1
2015450036015,1,9,0,18,0,0,0,0,1,10,1,1,6,2,26,6,-1,-1,-1,-1,1,-1
2015450036020,1,9,0,5,0,0,0,0,0,0,3,1,6,2,17,4,1242,1,6,-1,1,-1
2015450036020,2,9,0,18,0,0,0,0,0,0,1,1,6,3,-1,-1,-1,-1,-1,-1,-1,-1
2015450036021,1,9,0,18,0,1,0,0,0,0,1,1,6,3,-1,-1,-1,-1,-1,-1,-1,-1
2015450036021,2,1,0,18,0,1,1,0,0,0,2,1,6,2,24,5,-1,-1,-1,-1,3,-1
2015450036025,1,9,0,12,0,0,0,0,0,0,4,1,6,1,55,8,1968,2,5,-1,1,-1
2015450036027,1,9,0,18,0,0,0,0,7,7,1,1,6,2,25,5,1124,1,13,-1,1,-1
2015450036030,1,19,0,18,0,0,1,0,0,0,1,1,1,1,32,6,2198,2,-1,-1,1,-1
2015450036030,2,9,0,18,0,0,0,0,0,0,2,1,2,1,27,6,1360,1,4,-1,1,-1
2015450036041,1,9,0,18,0,1,0,0,0,0,1,1,3,1,43,7,-1,-1,-1,-1,1,-1
2015450036045,1,9,0,9,0,6,0,0,0,0,1,1,6,3,-1,-1,-1,-1,-1,-1,-1,-1
2015450036045,2,9,0,18,0,1,0,0,1,10,1,1,6,2,24,5,1149,1,13,-1,1,-1
2015450036050,1,9,0,18,0,0,0,0,0,0,1,1,2,1,47,8,1968,2,-1,-1,1,-1
2015450036050,2,9,0,18,0,0,0,0,0,0,2,1,6,1,49,8,2967,2,7,-1,1,-1