Accident_Index,Vehicle_Reference,Vehicle_Type,Towing_and_Articulation,Vehicle_Manoeuvre,Vehicle_Location-Restricted_Lane,Junction_Location,Skidding_and_Overturning,Hit_Object_in_Carriageway,Vehicle_Leaving_Carriageway,Hit_Object_off_Carriageway,1st_Point_of_Impact,Was_Vehicle_Left_Hand_Drive?,Journey_Purpose_of_Driver,Sex_of_Driver,Age_of_Driver,Age_Band_of_Driver,Engine_Capacity_(CC),Propulsion_Code,Age_of_Vehicle,Driver_IMD_Decile,Driver_Home_Area_Type,Vehicle_IMD_Decile
2015450036069,1,19,0,7,0,5,0,0,0,0,2,1,1,1,26,6,2148,2,6,-1,3,-1
2015450036069,2,9,0,18,0,1,0,0,0,0,1,1,2,2,24,5,1229,1,1,-1,1,-1
2015450036096,1,4,0,17,0,0,1,10,1,0,1,1,6,1,19,4,286,1,-1,-1,1,-1
2015450036101,1,9,0,10,9,6,0,0,0,0,4,1,6,2,24,5,1560,2,8,-1,1,-1
2015450036101,2,1,0,18,9,1,0,0,0,0,1,1,4,1,16,4,-1,-1,-1,-1,-1,-1
2015450036159,1,9,0,3,0,1,0,0,0,0,1,1,6,1,-1,-1,1988,1,10,-1,1,-1
2015450036159,2,9,0,3,0,1,0,0,0,0,2,1,6,2,31,6,1124,1,11,-1,1,-1
2015450036176,1,19,0,18,0,1,1,0,0,0,1,1,1,1,39,7,2402,2,7,-1,1,-1
2015450036176,2,9,0,7,0,1,0,0,0,0,2,1,3,2,41,7,1600,1,4,-1,1,-1
2015450036176,3,9,0,8,0,1,0,0,0,0,3,1,6,3,-1,-1,-1,-1,-1,-1,-1,-1
2015450036182,1,5,0,14,0,1,0,0,0,0,1,1,6,1,40,7,1170,1,2,-1,1,-1
2015450036182,2,9,0,9,0,5,0,0,0,0,3,1,6,2,74,10,-1,-1,-1,-1,1,-1
2015450036186,1,5,0,18,0,0,2,12,0,0,1,1,1,1,52,8,1170,1,2,-1,1,-1
2015450036186,2,9,0,18,0,0,0,12,1,0,1,1,1,1,26,6,2996,1,10,-1,1,-1
2015450036186,3,9,0,18,0,0,1,12,0,0,1,1,1,1,38,7,1598,1,2,-1,1,-1
2015450036186,4,19,0,18,0,0,0,12,0,0,1,1,2,1,24,5,2198,2,2,-1,1,-1
2015450036189,1,9,0,18,0,0,0,0,0,0,1,1,6,2,-1,-1,2720,2,6,-1,1,-1
2015450036202,1,9,0,18,0,0,0,0,0,0,2,1,6,1,34,6,1900,2,9,-1,1,-1
2015450036202,2,9,0,18,0,0,0,0,0,0,1,1,6,1,81,11,-1,-1,-1,-1,1,-1
2015450036207,1,9,0,9,0,1,0,0,0,0,1,1,6,1,58,9,1986,2,7,-1,1,-1
2015450036211,1,3,0,18,0,1,0,0,0,0,1,1,6,1,17,4,124,1,8,-1,3,-1
2015450036211,2,9,0,9,0,6,0,0,0,0,3,1,6,2,50,8,2143,2,4,-1,1,-1
2015450036214,1,9,0,18,0,8,0,0,0,0,1,1,6,2,46,8,1590,1,17,-1,1,-1
2015450036214,2,9,0,18,0,8,0,0,0,0,2,1,6,1,28,6,1598,1,8,-1,1,-1
2015450036215,1,9,0,16,0,0,0,0,0,0,3,1,6,1,17,4,998,1,1,-1,1,-1
2015450036215,2,9,0,17,0,0,0,0,0,0,3,1,6,3,-1,-1,-1,-1,-1,-1,-1,-1
2015450036222,1,9,0,16,0,1,0,0,3,0,1,1,6,1,57,9,1999,1,10,-1,1,-1
2015450036224,1,9,0,18,0,0,5,0,1,4,1,1,2,2,33,6,1149,1,10,-1,1,-1
2015450036230,1,3,0,18,0,1,0,0,0,0,1,1,2,1,20,4,124,1,9,-1,1,-1
2015450036230,2,9,0,9,0,5,0,0,0,0,1,1,4,2,52,8,1598,1,13,-1,1,-1
2015450036231,1,9,0,3,0,0,0,0,0,0,4,1,1,2,26,6,1461,2,2,-1,1,-1
2015450036231,2,9,0,12,0,0,0,0,0,0,3,1,6,1,-1,-1,-1,-1,-1,-1,-1,-1
2015450036238,1,9,0,18,0,0,0,0,0,0,1,1,6,1,69,10,998,1,-1,-1,1,-1
2015450036239,1,9,0,18,0,6,0,0,0,0,1,1,2,1,53,8,1596,1,16,-1,1,-1
2015450036239,2,9,0,4,0,1,0,0,0,0,2,1,2,2,44,7,1596,1,5,-1,1,-1
2015450036254,1,9,0,18,0,0,0,0,0,0,1,1,6,1,42,7,998,1,6,-1,1,-1
2015450036254,2,9,0,18,0,0,0,0,0,0,1,1,6,1,19,4,1598,1,12,-1,1,-1
2015450036254,3,9,0,18,0,0,0,0,0,0,1,1,6,1,65,9,2987,2,2,-1,1,-1
2015450036258,1,9,0,16,0,0,0,0,1,4,1,1,2,1,45,7,1598,1,9,-1,2,-1
2015450036260,1,9,0,18,0,8,0,0,0,0,1,1,6,2,36,7,2204,2,9,-1,1,-1
2015450036260,2,9,0,9,0,5,0,0,0,0,1,1,6,2,47,8,1242,1,3,-1,1,-1
2015450036262,1,9,0,9,0,5,0,0,0,0,1,1,6,2,60,9,1997,1,6,-1,1,-1
2015450036262,2,3,0,5,0,1,0,0,0,0,1,1,6,1,27,6,124,1,11,-1,1,-1
2015450036270,1,9,0,18,0,1,0,0,0,0,1,1,6,1,31,6,1229,1,9,-1,1,-1
2015450036270,2,9,0,3,0,1,0,0,0,0,2,1,4,1,21,5,998,1,-1,-1,1,-1
2015450036270,3,9,0,9,0,5,0,0,0,0,2,1,6,2,63,9,1229,1,5,-1,1,-1
2015450036275,1,9,0,18,0,0,0,0,0,0,1,1,6,2,58,9,998,1,12,-1,1,-1
2015450036275,2,9,0,2,0,0,0,0,0,0,3,1,3,2,23,5,1798,1,12,-1,1,-1
2015450036277,1,9,0,4,0,0,0,0,0,0,4,1,2,2,27,6,1398,2,4,-1,-1,-1
2015450036277,2,8,0,4,0,0,0,0,0,0,2,1,1,1,33,6,1968,2,6,-1,1,-1
2015450036277,3,19,0,18,0,0,0,0,0,0,3,1,1,1,55,8,2287,2,-1,-1,1,-1
2015450036291,1,9,0,16,0,0,1,0,0,0,1,1,6,1,55,8,1527,2,15,-1,1,-1
2015450036291,2,9,0,17,0,0,0,0,0,0,1,1,6,2,32,6,998,1,6,-1,1,-1
2015450036296,1,9,0,17,0,1,0,0,1,2,1,1,6,2,20,4,1299,1,11,-1,1,-1
2015450036299,1,9,0,4,0,0,1,0,0,0,1,1,1,1,27,6,1968,2,3,-1,1,-1
2015450036299,2,9,0,3,0,0,0,0,0,0,2,1,6,2,49,8,1896,2,11,-1,1,-1
2015450036336,1,9,0,13,0,0,1,0,6,0,3,1,6,1,52,8,1596,1,12,-1,1,-1
2015450036336,2,9,0,18,0,0,0,0,1,0,3,1,2,1,20,4,1999,1,9,-1,1,-1
2015450036339,1,9,0,17,0,0,0,0,0,0,4,1,1,1,52,8,1995,2,8,-1,1,-1
2015450036340,1,9,0,4,7,0,0,0,0,0,2,1,6,1,49,8,1997,2,3,-1,1,-1
2015450036340,2,9,0,18,0,0,0,0,0,0,1,1,2,2,27,6,1399,2,5,-1,1,-1
2015450036341,1,19,0,4,0,0,0,0,0,0,1,1,2,1,45,7,1753,2,10,-1,-1,-1
2015450036341,2,9,0,4,0,0,0,0,0,0,2,1,6,1,46,8,2401,2,10,-1,-1,-1
2015450036348,1,5,0,7,0,6,1,0,0,0,3,1,6,1,40,7,599,1,9,-1,1,-1
2015450036352,1,9,0,18,0,2,1,0,0,0,1,1,6,1,19,4,1360,1,16,-1,1,-1
2015450036352,2,9,0,9,0,5,0,0,0,0,4,1,6,2,18,4,1124,1,11,-1,2,-1
2015450036359,1,3,0,18,0,8,2,0,0,0,1,1,6,1,20,4,124,1,3,-1,1,-1
2015450036359,2,9,0,9,0,8,0,0,0,0,0,1,6,2,42,7,4511,1,11,-1,1,-1
2015450036364,1,19,0,9,0,5,0,0,0,0,1,1,6,1,41,7,1995,2,5,-1,1,-1
2015450036364,2,5,0,18,0,1,0,0,0,0,1,1,6,1,26,6,645,1,7,-1,1,-1
2015450036367,1,19,0,18,0,0,0,0,7,9,3,1,1,2,28,6,1995,2,2,-1,1,-1
2015450036371,1,9,0,17,0,0,0,0,0,0,0,1,6,3,-1,-1,-1,-1,-1,-1,-1,-1
2015450036371,2,19,0,16,0,0,2,0,1,10,4,1,2,1,23,5,1686,2,13,-1,1,-1
2015450036374,1,9,0,1,0,0,0,0,0,0,2,1,6,2,47,8,2400,2,6,-1,1,-1
2015450036381,1,5,0,4,0,0,1,0,0,0,1,1,2,1,43,7,1151,1,3,-1,1,-1
2015450036381,2,9,0,18,0,0,0,0,0,0,1,1,2,1,29,6,1796,1,7,-1,1,-1
2015450036382,1,9,0,9,0,8,0,0,0,0,1,1,6,1,20,4,1149,1,12,-1,1,-1
2015450036382,2,9,0,18,0,1,0,0,7,2,4,1,6,2,40,7,1560,2,11,-1,1,-1
2015450036384,1,19,0,18,0,1,0,0,0,0,1,1,2,1,55,8,1248,2,8,-1,1,-1
2015450036384,2,9,0,9,0,5,0,0,0,0,4,1,6,1,-1,-1,1598,2,4,-1,3,-1
2015450036387,1,9,0,18,0,0,0,0,0,0,1,1,1,1,65,9,-1,-1,-1,-1,1,-1
2015450036387,2,9,0,3,0,0,0,0,0,0,2,1,6,1,27,6,1598,1,10,-1,1,-1
2015450036387,3,9,0,3,0,0,0,0,0,0,2,1,2,1,21,5,1242,1,13,-1,1,-1
2015450036388,1,9,0,18,0,0,0,0,0,0,2,1,6,1,21,5,1362,1,3,-1,1,-1
2015450036388,2,9,0,18,0,0,0,0,0,0,1,1,6,2,66,10,1461,2,9,-1,2,-1
2015450036388,3,9,0,4,0,0,1,0,0,0,1,1,6,2,60,9,1997,2,13,-1,1,-1
2015450036397,1,9,0,18,0,0,1,0,1,0,4,1,6,2,23,5,1242,1,15,-1,1,-1
2015450036399,1,9,0,16,0,0,0,0,0,0,1,1,3,2,43,7,2179,2,2,-1,1,-1
2015450036399,2,9,0,17,0,0,0,0,0,0,2,1,2,1,39,7,1299,1,10,-1,3,-1
2015450036419,1,9,0,18,0,1,0,0,0,0,1,1,6,1,20,4,1199,1,12,-1,3,-1
2015450036419,2,9,0,9,0,6,0,0,0,0,3,1,2,1,22,5,1598,2,4,-1,2,-1
2015450036425,1,19,0,5,0,1,0,0,0,0,3,1,2,1,36,7,1598,2,4,-1,1,-1
2015450036425,2,3,0,13,0,1,0,0,0,0,4,1,2,1,18,4,125,1,-1,-1,1,-1
2015450036460,1,9,0,9,0,8,0,0,0,0,4,1,6,2,19,4,998,1,1,-1,1,-1
2015450036460,2,19,0,18,0,8,0,0,0,0,1,1,2,1,27,6,2198,2,-1,-1,1,-1
2015450036465,1,9,0,3,0,1,0,0,0,0,2,1,6,1,46,8,1299,1,12,-1,1,-1
2015450036465,2,9,0,4,0,1,0,0,0,0,1,1,6,2,-1,-1,2231,2,4,-1,1,-1
2015450036500,1,9,0,7,0,2,0,0,0,0,0,1,2,1,64,9,2290,1,14,-1,1,-1
2015450036500,2,3,0,18,0,1,1,0,0,0,0,1,6,1,48,8,125,1,9,-1,1,-1
2015450036504,1,9,0,9,0,6,0,0,0,0,4,1,1,2,35,6,2149,2,8,-1,1,-1
2015450036504,2,3,0,18,0,5,0,0,0,0,3,1,2,1,33,6,125,1,3,-1,1,-1
2015450036508,1,19,0,18,0,0,0,0,0,0,1,1,1,1,31,6,1560,2,2,-1,1,-1
2015450036508,2,9,0,18,0,0,0,0,0,0,1,1,6,2,61,9,1360,1,8,-1,1,-1
2015450036509,1,9,0,9,0,8,0,0,0,0,4,1,1,1,30,6,1560,2,7,-1,1,-1
2015450036509,2,11,0,18,0,1,0,0,0,0,0,1,1,1,40,7,6370,2,4,-1,1,-1
2015450036513,1,9,0,18,0,0,0,0,0,0,1,1,6,3,-1,-1,-1,-1,-1,-1,-1,-1
2015450036516,1,9,0,5,0,0,0,0,0,0,0,1,6,2,28,6,1984,1,14,-1,1,-1
2015450036517,1,9,0,9,0,5,0,0,0,0,1,1,6,2,48,8,2143,2,2,-1,1,-1
2015450036517,2,9,0,18,0,8,0,0,0,0,1,1,6,2,55,8,1329,1,-1,-1,1,-1
2015450036521,1,9,0,16,0,0,1,0,5,6,1,1,6,1,26,6,1364,1,6,-1,1,-1
2015450036532,1,9,0,18,0,1,1,0,3,2,1,1,6,1,20,4,1299,1,17,-1,1,-1
2015450036535,1,9,0,10,0,5,0,0,0,0,2,1,6,1,59,9,2993,2,9,-1,1,-1
2015450036535,2,9,0,18,0,1,1,0,0,0,1,1,6,2,34,6,1598,1,12,-1,1,-1
2015450036537,1,9,0,18,0,4,0,0,0,0,1,1,6,1,46,8,1618,1,-1,-1,1,-1
2015450036537,2,1,0,9,0,8,0,0,0,0,2,1,6,1,54,8,-1,-1,-1,-1,1,-1
2015450036538,1,9,0,16,0,0,0,0,1,3,1,1,6,1,18,4,1199,2,4,-1,1,-1
2015450036544,1,9,0,5,0,4,0,0,0,0,1,1,2,1,31,6,1995,2,5,-1,1,-1
2015450036544,2,9,0,18,0,4,0,0,0,0,2,1,6,2,59,9,1686,2,-1,-1,3,-1
2015450036548,1,9,0,18,0,0,0,0,0,0,1,1,6,1,28,6,1596,1,4,-1,1,-1
2015450036548,2,9,0,18,0,0,0,0,0,0,1,1,6,2,48,8,1200,1,2,-1,1,-1
2015450036551,1,9,0,5,0,0,0,0,0,0,4,1,6,1,35,6,1995,2,8,-1,1,-1
2015450036551,2,9,0,18,0,0,0,0,1,0,1,1,1,1,29,6,1995,2,5,-1,1,-1
2015450036554,1,9,0,5,6,0,0,0,0,0,1,1,6,2,54,8,1587,1,20,-1,1,-1
2015450036565,1,19,0,4,0,8,0,0,0,0,1,1,1,1,42,7,1248,2,1,-1,1,-1
2015450036565,2,9,0,18,0,8,0,0,0,0,2,1,6,1,75,10,1989,1,16,-1,1,-1
2015450036584,1,9,0,18,0,0,0,0,0,0,1,1,6,3,-1,-1,-1,-1,-1,-1,-1,-1
2015450036619,1,5,0,16,0,0,0,7,0,0,1,1,2,1,57,9,1250,1,13,-1,3,-1
2015450036661,1,9,0,11,0,2,0,0,6,0,4,1,5,2,49,8,1461,2,3,-1,1,-1
2015450036661,2,9,0,18,0,2,0,0,1,0,3,1,5,1,33,6,4511,1,12,-1,1,-1
2015450036667,1,9,0,18,0,8,5,0,4,0,1,1,6,1,73,10,1598,1,1,-1,1,-1
2015450036667,2,20,0,18,0,8,0,0,0,0,1,1,1,1,26,6,2287,2,1,-1,1,-1
2015450036671,1,19,0,9,0,6,0,0,0,0,3,1,2,1,30,6,2287,2,5,-1,1,-1
2015450036671,2,1,0,18,0,1,0,0,0,0,4,1,6,1,28,6,-1,-1,-1,-1,1,-1
2015450036676,1,9,0,18,0,8,0,0,1,0,3,1,6,2,19,4,999,1,2,-1,1,-1
2015450036676,2,9,0,18,0,8,0,0,0,0,1,1,6,2,54,8,1995,1,9,-1,2,-1
2015450036682,1,9,0,5,0,6,0,0,0,0,1,1,6,1,86,11,1596,1,5,-1,1,-1
2015450036682,2,9,0,18,0,8,0,0,0,0,4,1,1,2,23,5,1799,1,9,-1,1,-1
2015450036692,1,9,0,18,0,0,0,4,0,0,4,1,6,1,29,6,1598,1,8,-1,1,-1
2015450036692,2,9,0,2,0,0,0,0,1,0,3,1,6,1,54,8,1242,1,12,-1,1,-1
2015450036693,1,9,0,18,0,1,0,0,0,0,3,1,6,1,19,4,1198,1,9,-1,1,-1
2015450036693,2,9,0,4,0,1,0,0,0,0,4,1,6,1,58,9,998,1,1,-1,1,-1
2015450036693,3,9,0,18,0,8,0,0,0,0,0,1,1,2,-1,-1,1560,2,3,-1,1,-1
2015450036716,1,9,0,18,0,3,0,0,0,0,1,1,6,2,28,6,-1,-1,-1,-1,1,-1
2015450036716,2,5,0,13,0,3,0,0,0,0,4,1,6,1,-1,-1,-1,-1,-1,-1,-1,-1
2015450036804,1,9,0,4,0,0,0,0,0,0,2,1,6,2,19,4,1389,1,9,-1,1,-1
2015450036804,2,9,0,3,0,0,0,0,0,0,1,1,2,1,63,9,1560,2,1,-1,1,-1
2015450036805,1,9,0,18,0,1,0,0,0,0,3,1,6,1,50,8,1997,1,4,-1,1,-1
2015450036805,2,9,0,18,0,1,0,0,0,0,4,1,6,1,-1,-1,1560,2,6,-1,2,-1
2015450036810,1,19,0,9,0,6,0,0,1,0,3,1,6,1,82,11,-1,-1,-1,-1,2,-1
2015450036810,2,9,0,18,0,1,0,0,0,0,1,1,6,1,35,6,1995,1,13,-1,3,-1
2015450036815,1,9,0,18,0,1,0,0,0,0,1,1,6,2,57,9,1390,1,4,-1,1,-1
2015450036815,2,9,0,18,0,8,0,0,0,0,4,1,6,2,34,6,1968,2,6,-1,1,-1
2015450036821,1,8,0,18,0,0,0,0,0,0,1,1,1,1,62,9,1997,2,3,-1,1,-1
2015450036821,2,19,0,1,0,0,0,0,0,0,1,1,6,1,55,8,2477,2,9,-1,2,-1
2015450036822,1,5,0,14,0,1,0,0,0,0,3,1,2,1,37,7,675,1,6,-1,1,-1
2015450036822,2,9,0,9,0,6,0,0,0,0,4,1,2,2,55,8,1968,2,9,-1,1,-1
2015450036823,1,9,0,18,0,0,0,4,0,0,1,1,1,1,57,9,1560,2,4,-1,1,-1
2015450036823,2,19,0,2,0,0,0,0,1,0,2,1,6,1,48,8,-1,-1,-1,-1,1,-1
2015450036825,1,9,0,17,0,0,1,0,1,3,1,1,1,2,21,5,1242,1,7,-1,1,-1
2015450036833,1,9,0,15,0,0,5,0,0,0,1,1,6,1,59,9,2000,1,6,-1,3,-1
2015450036833,2,9,0,2,9,0,0,0,0,0,2,1,6,1,-1,-1,2993,2,11,-1,1,-1
2015450036834,1,9,0,18,0,8,0,0,0,0,1,1,2,1,68,10,1986,2,8,-1,1,-1
2015450036834,2,9,0,9,0,5,0,0,0,0,4,1,6,2,24,5,1229,1,3,-1,1,-1
2015450036838,1,9,0,18,0,1,0,0,0,0,1,1,6,1,41,7,973,1,12,-1,1,-1
2015450036838,2,9,0,4,0,1,0,0,0,0,2,1,1,1,56,9,1896,2,8,-1,1,-1
2015450036842,1,19,0,10,0,5,0,0,0,0,3,1,2,1,37,7,1598,2,1,-1,1,-1
2015450036842,2,5,0,14,0,1,0,0,0,0,4,1,2,1,50,8,1198,1,-1,-1,1,-1
2015450036884,1,1,0,18,0,0,0,0,0,0,1,1,6,1,44,7,-1,-1,-1,-1,1,-1
2015450036885,1,9,0,18,0,1,0,0,0,0,1,1,6,3,-1,-1,1910,2,7,-1,-1,-1
2015450036885,2,9,0,18,0,2,0,0,0,0,1,1,6,2,71,10,1386,1,11,-1,1,-1
2015450036885,3,9,0,18,0,1,0,0,0,0,0,1,2,2,-1,-1,2993,2,3,-1,1,-1
2015450036888,1,9,0,5,9,0,0,0,0,0,3,1,6,1,44,7,1596,1,11,-1,1,-1
2015450036888,2,1,0,18,9,0,0,0,0,0,4,1,6,1,58,9,-1,-1,-1,-1,1,-1
2015450036890,1,2,0,18,0,1,2,0,1,1,1,1,6,1,17,4,49,1,2,-1,1,-1
2015450036890,2,9,0,18,0,1,0,0,0,0,0,1,6,3,-1,-1,-1,-1,-1,-1,-1,-1
2015450036896,1,9,0,9,0,6,0,0,0,0,1,1,6,1,57,9,2967,2,3,-1,1,-1
2015450036896,2,1,0,18,0,1,0,0,0,0,1,1,6,1,16,4,-1,-1,-1,-1,1,-1
2015450036902,1,9,0,4,0,0,0,0,0,0,1,1,6,2,32,6,1989,1,15,-1,1,-1
2015450036904,1,9,0,18,0,0,0,0,0,0,1,1,3,1,55,8,647,8,1,-1,1,-1
2015450036907,1,9,0,18,0,1,0,0,0,0,2,1,6,1,29,6,1360,1,12,-1,1,-1
2015450036907,2,2,0,3,0,1,0,0,0,0,1,1,1,1,20,4,49,1,5,-1,3,-1
2015450036908,1,9,0,18,0,8,0,0,0,0,3,1,6,2,30,6,2295,1,13,-1,1,-1
2015450036908,2,9,0,7,0,1,0,0,0,0,1,1,6,2,80,11,1124,1,16,-1,1,-1
2015450036916,1,9,0,16,0,1,0,0,0,0,0,1,6,3,-1,-1,-1,-1,-1,-1,-1,-1
2015450036916,2,9,0,17,0,1,2,0,2,4,4,1,6,1,25,5,1364,1,6,-1,1,-1
2015450036922,1,21,1,18,0,1,0,0,0,0,1,1,1,1,52,8,10518,2,8,-1,-1,-1
2015450036922,2,9,0,11,0,1,0,0,0,0,2,1,2,2,21,5,1242,1,2,-1,1,-1
2015450036928,1,9,0,16,0,0,1,0,7,4,3,1,6,2,18,4,1400,2,9,-1,1,-1
2015450036928,2,9,0,17,0,0,0,0,0,0,1,1,6,2,55,8,1388,1,12,-1,1,-1
2015450036936,1,19,0,18,0,0,0,0,4,0,1,1,2,1,33,6,1753,2,12,-1,1,-1
2015450036936,2,9,0,18,0,0,0,0,0,0,1,1,6,1,44,7,1968,2,5,-1,1,-1
2015450036936,3,9,0,18,0,0,0,0,0,0,1,1,6,1,30,6,1198,1,5,-1,1,-1
2015450036943,1,19,0,12,0,0,0,0,0,0,3,1,1,1,51,8,-1,-1,-1,-1,-1,-1
2015450036943,2,9,0,18,0,0,1,0,0,0,0,1,6,2,28,6,1124,1,12,-1,1,-1
2015450036957,1,9,0,16,0,0,1,0,0,0,1,1,6,1,18,4,1398,1,1,-1,1,-1
2015450036957,2,9,0,18,0,0,0,0,0,0,1,1,6,2,49,8,1995,2,12,-1,3,-1
2015450037024,1,1,0,18,0,8,0,0,0,0,1,1,6,1,36,7,-1,-1,-1,-1,1,-1
2015450037024,2,9,0,7,0,6,0,0,0,0,1,1,6,2,58,9,1968,2,11,-1,-1,-1
2015450037032,1,9,0,18,0,1,0,0,0,0,1,1,6,1,50,8,1198,1,13,-1,1,-1
2015450037032,2,9,0,18,0,1,0,0,0,0,1,1,6,2,34,6,1598,1,13,-1,1,-1
2015450037036,1,9,0,9,0,5,0,0,0,0,0,1,6,3,-1,-1,-1,-1,-1,-1,-1,-1
2015450037036,2,9,0,18,0,1,0,0,0,0,2,1,6,1,18,4,1197,1,1,-1,1,-1
2015450037036,3,9,0,18,0,1,0,0,0,0,1,1,6,3,-1,-1,1299,1,17,-1,-1,-1
2015450037041,1,9,0,4,0,0,0,0,0,0,0,1,6,1,24,5,1242,1,11,-1,1,-1
2015450037041,2,9,0,4,0,0,0,0,0,0,1,1,6,1,51,8,1560,2,6,-1,2,-1
2015450037041,3,9,0,4,0,0,1,0,0,0,1,1,6,1,27,6,1686,2,3,-1,1,-1
2015450037041,4,9,0,4,0,0,0,0,0,0,1,1,2,2,24,5,1390,1,1,-1,1,-1
2015450037042,1,9,0,1,0,0,0,0,0,0,2,1,6,1,58,9,1910,2,4,-1,3,-1
2015450037065,1,9,0,7,0,2,0,0,0,0,0,1,6,1,28,6,2143,2,2,-1,1,-1
2015450037065,2,3,0,13,0,8,0,0,0,0,4,1,1,2,28,6,125,1,5,-1,1,-1
2015450037065,3,9,0,18,0,8,0,0,0,0,0,1,1,1,48,8,1910,2,7,-1,1,-1
2015450037074,1,9,0,18,0,0,0,0,0,0,1,1,6,2,36,7,1560,2,5,-1,1,-1
2015450037076,1,9,0,18,0,6,0,0,7,1,1,1,6,2,29,6,-1,-1,-1,-1,1,-1
2015450037076,2,9,0,18,0,1,0,0,1,1,1,1,6,2,51,8,48,1,4,-1,3,-1
2015450037076,3,9,0,3,0,1,0,0,0,0,3,1,2,2,32,6,1461,2,12,-1,2,-1
2015450037181,1,9,0,18,0,0,0,0,0,0,4,1,6,2,85,11,1339,1,11,-1,3,-1
2015450037181,2,1,0,18,0,0,0,0,1,0,3,1,6,2,46,8,-1,-1,-1,-1,1,-1
2015450037187,1,3,0,5,0,1,2,0,0,0,0,1,6,1,56,9,124,1,-1,-1,1,-1
2015450037187,2,9,0,5,0,1,0,0,0,0,0,1,6,2,34,6,2967,2,3,-1,1,-1
2015450037197,1,9,5,18,9,0,0,0,0,0,0,1,6,2,-1,-1,1299,1,7,-1,2,-1
2015450037198,1,9,0,4,0,1,0,0,0,0,2,1,6,1,48,8,1240,1,11,-1,1,-1
2015450037198,2,19,0,4,0,1,0,0,0,0,1,1,1,1,34,6,2402,2,8,-1,1,-1
2015450037202,1,9,0,18,0,4,0,0,3,4,1,1,6,2,67,10,1339,1,3,-1,1,-1
2015450037203,1,9,0,18,0,0,0,0,0,0,1,1,6,3,-1,-1,2298,1,19,-1,-1,-1
2015450037203,2,1,0,18,0,0,0,0,0,0,1,1,6,1,28,6,-1,-1,-1,-1,1,-1
2015450037214,1,9,0,18,0,1,0,0,0,0,4,1,6,2,42,7,1968,2,5,-1,1,-1
2015450037214,2,9,0,7,0,2,1,0,0,0,1,1,6,1,53,8,2495,2,16,-1,3,-1
2015450037218,1,9,0,18,0,4,0,0,1,2,3,1,6,1,29,6,1598,1,9,-1,1,-1
2015450037218,2,9,0,18,0,8,0,0,0,0,4,1,6,1,48,8,1299,1,8,-1,1,-1
2015450037223,1,9,0,5,0,0,5,4,0,0,1,1,6,1,81,11,1800,1,25,-1,1,-1
2015450037223,2,9,0,2,0,0,0,0,0,0,4,1,6,2,-1,-1,1983,1,7,-1,1,-1
2015450037225,1,9,0,18,0,0,0,0,0,0,2,1,6,1,51,8,2967,2,7,-1,1,-1
2015450037225,2,9,0,4,0,0,0,0,0,0,2,1,6,1,30,6,1461,2,-1,-1,1,-1
2015450037225,3,9,0,4,0,0,1,0,0,0,1,1,6,2,26,6,1400,1,15,-1,-1,-1
2015450037225,4,9,0,18,0,0,0,0,0,0,1,1,6,1,36,7,1560,2,10,-1,1,-1
2015450037227,1,9,0,18,0,0,0,0,0,0,1,1,6,1,27,6,1299,1,21,-1,1,-1
2015450037227,2,9,0,18,0,0,0,0,0,0,3,1,1,1,35,6,2993,2,-1,-1,-1,-1
2015450037227,3,9,0,18,0,0,0,0,0,0,2,1,1,1,44,7,2993,2,3,-1,-1,-1
2015450037227,4,9,0,18,0,0,0,0,0,0,1,1,1,1,34,6,2993,2,2,-1,-1,-1
2015450037230,1,19,0,18,0,1,0,0,0,0,4,1,6,1,44,7,2143,2,1,-1,1,-1
2015450037236,1,9,0,18,9,0,0,0,7,4,1,1,6,1,25,5,2720,2,10,-1,3,-1
2015450037244,1,9,0,18,0,0,1,4,8,0,3,1,6,1,40,7,1124,1,13,-1,1,-1
2015450037244,2,19,0,2,0,0,0,0,0,0,0,1,6,3,-1,-1,1560,2,7,-1,-1,-1
2015450037247,1,9,0,18,0,4,0,0,0,0,1,1,6,3,-1,-1,-1,-1,-1,-1,-1,-1
2015450037247,2,9,0,5,0,8,0,0,0,0,1,1,6,1,66,10,2979,1,8,-1,1,-1
2015450037257,1,19,0,18,0,1,0,0,0,0,1,1,2,1,23,5,1796,7,11,-1,3,-1
2015450037257,2,9,0,18,0,1,0,0,0,0,4,1,6,1,35,6,1396,1,10,-1,1,-1
2015450037260,1,9,0,18,0,0,0,0,0,0,1,1,6,1,68,10,1360,1,14,-1,1,-1
2015450037277,1,9,0,18,0,6,0,0,0,0,3,1,6,1,17,4,1198,1,10,-1,1,-1
2015450037277,2,9,0,18,0,8,0,0,0,0,1,1,6,1,19,4,998,1,19,-1,1,-1
2015450037328,1,9,0,18,0,1,0,0,0,0,1,1,6,1,26,6,2143,2,1,-1,1,-1
2015450037328,2,9,0,12,0,1,5,0,0,0,1,1,6,1,25,5,998,1,2,-1,2,-1
2015450037332,1,9,0,18,0,0,0,0,0,0,1,1,2,1,59,9,1598,2,5,-1,1,-1