Accident_Index,Vehicle_Reference,Vehicle_Type,Towing_and_Articulation,Vehicle_Manoeuvre,Vehicle_Location-Restricted_Lane,Junction_Location,Skidding_and_Overturning,Hit_Object_in_Carriageway,Vehicle_Leaving_Carriageway,Hit_Object_off_Carriageway,1st_Point_of_Impact,Was_Vehicle_Left_Hand_Drive?,Journey_Purpose_of_Driver,Sex_of_Driver,Age_of_Driver,Age_Band_of_Driver,Engine_Capacity_(CC),Propulsion_Code,Age_of_Vehicle,Driver_IMD_Decile,Driver_Home_Area_Type,Vehicle_IMD_Decile
2015450037332,2,9,0,18,0,0,0,0,0,0,1,1,6,1,55,8,-1,-1,-1,-1,1,-1
2015450037337,1,19,0,18,0,1,0,0,0,0,1,1,6,1,-1,-1,2151,2,13,-1,3,-1
2015450037337,2,9,0,3,0,1,0,0,0,0,2,1,6,2,49,8,1896,2,14,-1,1,-1
2015450037350,1,9,0,7,0,5,0,0,0,0,1,1,6,1,26,6,1968,1,8,-1,1,-1
2015450037355,1,9,0,7,0,5,0,0,0,0,4,1,6,1,67,10,1399,2,13,-1,1,-1
2015450037355,2,1,0,17,0,1,0,0,0,0,4,1,2,1,41,7,-1,-1,-1,-1,-1,-1
2015450037369,1,9,0,18,0,8,0,0,0,0,1,1,6,1,51,8,1390,2,13,-1,1,-1
2015450037369,2,2,0,9,0,1,5,0,0,0,1,1,6,1,16,4,50,1,3,-1,1,-1
2015450037422,1,5,0,18,0,4,2,0,0,0,1,1,6,1,22,5,599,1,17,-1,1,-1
2015450037433,1,9,0,5,0,0,0,0,0,0,1,1,6,1,83,11,1749,1,12,-1,2,-1
2015450037439,1,9,0,18,0,4,0,0,0,0,1,1,6,1,64,9,2996,1,9,-1,1,-1
2015450037439,2,9,0,18,0,4,1,0,1,2,1,1,6,2,28,6,1368,1,8,-1,1,-1
2015450037452,1,9,0,18,0,0,1,10,2,6,4,1,2,1,50,8,1850,1,14,-1,1,-1
2015450037472,1,9,0,9,0,5,0,0,0,0,1,1,6,1,58,9,2143,2,1,-1,1,-1
2015450037472,2,5,0,18,0,1,0,0,0,0,1,1,6,1,61,9,997,1,27,-1,1,-1
2015450037482,1,9,0,11,0,0,0,0,0,0,0,1,2,2,38,7,1968,2,3,-1,1,-1
2015450037482,2,9,0,18,0,0,1,0,5,0,3,1,2,1,47,8,1386,1,7,-1,1,-1
2015450037488,1,9,0,9,0,4,0,0,0,0,3,1,6,1,-1,-1,2438,1,19,-1,1,-1
2015450037488,2,3,0,18,0,4,0,0,0,0,1,1,2,1,32,6,124,1,-1,-1,1,-1
2015450037491,1,9,0,9,0,6,0,0,0,0,3,1,1,1,24,5,1956,2,1,-1,1,-1
2015450037491,2,9,0,18,0,1,0,0,0,0,1,1,2,2,24,5,2996,1,8,-1,1,-1
2015450037495,1,9,0,9,0,6,0,0,0,0,1,1,6,2,69,10,1198,1,9,-1,1,-1
2015450037495,2,9,0,18,0,1,0,0,0,0,1,1,2,2,50,8,1328,1,15,-1,1,-1
2015450037500,1,90,0,18,0,1,1,0,0,0,1,1,1,1,52,8,2299,2,1,-1,1,-1
2015450037500,2,9,0,3,0,1,1,0,1,0,1,1,6,1,52,8,1998,1,15,-1,-1,-1
2015450037530,1,3,0,4,0,0,0,0,0,0,0,1,2,1,20,4,100,1,10,-1,1,-1
2015450037533,1,3,0,15,0,8,5,0,0,0,4,1,6,1,31,6,124,1,4,-1,1,-1
2015450037533,2,8,0,18,0,8,0,0,0,0,4,1,6,1,-1,-1,1997,2,7,-1,1,-1
2015450037545,1,9,0,9,0,0,0,0,6,6,1,1,6,2,39,7,1149,1,13,-1,1,-1
2015450037553,1,9,0,18,0,1,0,0,0,0,1,1,6,3,-1,-1,-1,-1,-1,-1,-1,-1
2015450037553,2,1,0,9,0,5,0,0,0,0,2,1,6,1,57,9,-1,-1,-1,-1,1,-1
2015450037554,1,9,0,10,0,0,0,0,0,0,1,1,6,2,25,5,1685,2,1,-1,1,-1
2015450037554,2,5,0,13,0,0,1,0,0,0,1,1,2,1,42,7,996,1,10,-1,1,-1
2015450037557,1,9,0,18,0,0,1,0,1,4,1,1,6,1,24,5,1895,1,15,-1,1,-1
2015450037575,1,9,0,18,0,0,1,0,0,0,1,1,6,1,61,9,1968,2,2,-1,1,-1
2015450037575,2,9,0,18,0,0,0,0,0,0,2,1,6,2,26,6,1198,1,6,-1,-1,-1
2015450037575,3,9,0,18,0,0,0,0,0,0,0,1,6,1,49,8,1461,2,-1,-1,1,-1
2015450037575,4,9,0,18,0,0,0,0,0,0,1,1,6,2,21,5,1149,1,12,-1,1,-1
2015450037575,5,9,0,18,0,0,0,0,0,0,0,1,6,1,33,6,1997,1,14,-1,1,-1
2015450037606,1,9,0,11,0,0,1,0,5,0,1,1,6,2,28,6,1596,1,8,-1,1,-1
2015450037651,1,9,0,18,0,0,1,0,0,0,1,1,6,2,44,7,2000,2,5,-1,1,-1
2015450037656,1,9,0,18,0,0,0,4,0,0,1,1,6,1,87,11,1388,1,10,-1,1,-1
2015450037656,2,9,0,2,0,0,0,0,0,0,4,1,6,2,-1,-1,1968,2,-1,-1,1,-1
2015450037663,1,9,0,18,0,0,1,0,0,0,0,1,6,1,33,6,1995,2,11,-1,1,-1
2015450037670,1,9,0,17,0,0,1,0,0,0,1,1,2,1,22,5,1360,1,8,-1,1,-1
2015450037679,1,9,0,18,0,1,0,0,0,0,1,1,1,2,31,6,1998,1,11,-1,-1,-1
2015450037679,2,9,0,3,0,1,0,0,0,0,2,1,1,1,23,5,1229,1,8,-1,1,-1
2015450037679,3,9,0,3,0,1,0,0,0,0,2,1,1,1,-1,-1,1598,1,8,-1,1,-1
2015450037703,1,9,0,18,0,0,1,0,1,6,1,1,6,1,21,5,1598,1,12,-1,1,-1
2015450037704,1,9,0,10,0,4,0,0,0,0,0,1,1,1,28,6,1388,1,12,-1,1,-1
2015450037704,2,9,0,10,0,4,0,0,0,0,1,1,1,2,34,6,1992,2,7,-1,1,-1
2015450037714,1,9,0,18,0,0,0,0,0,0,1,1,6,1,60,9,2967,2,5,-1,1,-1
2015450037714,2,9,0,4,0,0,0,0,0,0,2,1,6,1,55,8,2143,2,-1,-1,1,-1
2015450037730,1,9,0,18,0,0,0,0,0,0,2,1,6,2,48,8,2985,2,10,-1,1,-1
2015450037730,2,9,0,3,0,0,0,0,0,0,1,1,1,1,29,6,1896,2,7,-1,-1,-1
2015450037731,1,19,0,5,0,6,0,0,0,0,1,1,1,1,21,5,2402,2,7,-1,1,-1
2015450037731,2,9,0,17,0,8,0,0,0,0,4,1,2,1,52,8,973,1,17,-1,1,-1
2015450037732,1,1,0,3,0,4,0,0,0,0,0,1,6,1,66,10,-1,-1,-1,-1,3,-1
2015450037732,2,9,0,3,0,4,0,0,0,0,0,1,6,3,-1,-1,-1,-1,-1,-1,-1,-1
2015450037734,1,9,0,18,0,0,0,0,0,0,1,1,6,1,35,6,-1,-1,-1,-1,-1,-1
2015450037734,2,9,0,18,0,0,0,0,0,0,1,1,6,1,-1,-1,973,1,13,-1,1,-1
2015450037739,1,9,0,4,0,0,0,0,0,0,2,1,1,2,32,6,1984,1,6,-1,1,-1
2015450037739,2,9,0,18,0,0,0,0,0,0,1,1,1,2,72,10,1896,2,11,-1,1,-1
2015450037747,1,19,0,3,0,1,0,0,0,0,1,1,2,1,37,7,1968,2,1,-1,1,-1
2015450037747,2,9,0,3,0,8,0,0,0,0,2,1,6,2,52,8,1796,2,2,-1,1,-1
2015450037749,1,9,0,4,0,0,0,0,0,0,2,1,6,1,43,7,1598,1,11,-1,1,-1
2015450037749,2,9,0,18,0,0,0,0,0,0,1,1,6,2,58,9,999,1,3,-1,-1,-1
2015450037764,1,19,0,17,0,2,1,0,4,0,1,1,6,1,41,7,1686,2,12,-1,1,-1
2015450037832,1,9,0,5,0,6,0,0,0,0,1,1,3,2,38,7,2400,2,5,-1,-1,-1
2015450037832,2,9,0,5,0,6,0,0,0,0,1,1,2,2,44,7,1390,1,11,-1,3,-1
2015450037834,1,9,0,18,0,0,0,0,0,0,2,1,1,1,21,5,1339,1,9,-1,-1,-1
2015450037834,2,9,0,4,0,0,0,0,0,0,2,1,1,1,43,7,1108,1,20,-1,1,-1
2015450037906,1,9,0,18,0,0,1,0,4,0,1,1,6,2,25,5,1360,1,12,-1,1,-1
2015450037908,1,9,0,18,0,0,2,0,1,0,1,1,6,2,21,5,1242,1,6,-1,1,-1
2015450037921,1,9,0,18,0,0,0,0,0,0,1,1,6,1,18,4,1388,1,12,-1,1,-1
2015450037935,1,9,0,18,0,0,0,4,7,0,1,1,6,1,65,9,1968,2,-1,-1,2,-1
2015450037935,2,9,0,2,0,0,0,0,0,0,3,1,6,1,-1,-1,1988,1,15,-1,-1,-1
2015450037945,1,5,0,18,8,7,5,0,4,10,1,1,6,1,67,10,1170,1,-1,-1,1,-1
2015450037973,1,9,0,18,0,0,0,0,1,6,1,1,2,1,25,5,1248,2,8,-1,1,-1
2015450038036,1,9,0,7,0,5,0,0,0,0,1,1,6,1,76,11,1761,1,17,-1,-1,-1
2015450038036,2,1,0,18,0,1,0,0,0,0,2,1,6,1,21,5,-1,-1,-1,-1,1,-1
2015450038040,1,9,0,11,0,1,0,0,0,0,1,1,6,1,20,4,1199,1,13,-1,1,-1
2015450038040,2,19,0,18,0,1,0,0,0,0,2,1,6,1,58,9,1896,2,12,-1,1,-1
2015450038057,1,1,0,18,9,0,2,0,0,0,1,1,6,2,61,9,-1,-1,-1,-1,1,-1
2015450038057,2,20,0,18,0,0,0,0,0,0,2,1,2,1,63,9,4461,2,4,-1,-1,-1
2015450038066,1,9,0,18,0,1,0,0,0,0,2,1,6,2,33,6,1596,1,4,-1,1,-1
2015450038066,2,9,0,18,0,1,0,0,0,0,1,1,6,1,23,5,1368,1,5,-1,1,-1
2015450038084,1,9,0,7,0,2,0,0,1,10,1,1,6,1,19,4,1124,1,6,-1,1,-1
2015450038085,1,9,0,5,0,1,0,0,0,0,1,1,6,1,40,7,2967,2,5,-1,3,-1
2015450038085,2,9,0,4,0,1,0,0,0,0,2,1,6,1,58,9,1995,2,8,-1,3,-1
2015450038087,1,5,0,4,0,5,1,0,1,0,4,1,6,1,29,6,749,1,-1,-1,1,-1
2015450038105,1,5,0,18,0,0,5,0,0,0,4,1,6,1,32,6,1200,1,23,-1,2,-1
2015450038110,1,3,0,13,0,0,0,10,0,0,1,1,6,1,19,4,125,1,-1,-1,1,-1
2015450038158,1,1,0,9,0,2,0,0,0,0,3,1,6,1,13,3,-1,-1,-1,-1,1,-1
2015450038158,2,9,0,18,0,1,0,0,0,0,1,1,1,2,27,6,1149,1,5,-1,2,-1
2015450038162,1,9,0,18,0,3,1,0,1,0,1,1,6,2,18,4,1598,1,10,-1,3,-1
2015450038166,1,9,0,18,0,4,0,0,0,0,4,1,6,2,36,7,1598,1,7,-1,1,-1
2015450038166,2,9,0,18,0,6,0,0,0,0,3,1,6,3,-1,-1,-1,-1,-1,-1,-1,-1
2015450038197,1,19,0,7,0,6,0,0,0,0,4,1,6,1,-1,-1,1560,2,3,-1,1,-1
2015450038197,2,9,0,18,0,1,0,0,0,0,1,1,6,1,72,10,1240,1,10,-1,1,-1
2015450038199,1,9,0,9,0,6,0,0,0,0,3,1,6,1,30,6,1900,2,16,-1,1,-1
2015450038199,2,9,0,18,0,1,0,0,0,0,1,1,6,1,26,6,1124,1,13,-1,1,-1
2015450038211,1,9,0,10,0,1,0,0,0,0,1,1,6,1,19,4,1299,1,10,-1,1,-1
2015450038211,2,2,0,18,0,1,0,0,0,0,1,1,6,1,16,4,49,1,6,-1,2,-1
2015450038217,1,9,0,1,0,0,0,0,0,0,2,1,6,1,27,6,1968,2,6,-1,1,-1
2015450038217,2,9,0,18,0,0,0,0,0,0,1,1,6,1,55,8,1229,1,1,-1,1,-1
2015450038217,3,9,0,2,0,0,0,0,0,0,3,1,6,2,-1,-1,1396,1,3,-1,1,-1
2015450038217,4,9,0,2,0,0,0,0,0,0,2,1,6,2,-1,-1,1799,1,6,-1,1,-1
2015450038283,1,1,0,18,0,0,0,0,0,0,1,1,6,1,24,5,-1,-1,-1,-1,1,-1
2015450038396,1,5,0,16,0,0,0,0,0,0,0,1,6,1,29,6,689,1,-1,-1,1,-1
2015450038396,2,9,0,13,0,0,0,0,0,0,3,1,6,1,43,7,1796,1,9,-1,1,-1
2015450038400,1,9,0,16,0,3,1,0,1,1,1,1,6,1,19,4,1840,1,14,-1,1,-1
2015450038430,1,9,0,18,0,8,0,0,0,0,3,1,6,2,29,6,1248,2,8,-1,1,-1
2015450038430,2,9,0,7,0,8,0,0,0,0,1,1,1,1,53,8,1995,2,9,-1,1,-1
2015450038563,1,5,0,18,0,0,0,0,0,0,1,1,6,1,55,8,865,1,6,-1,1,-1
2015450038563,2,9,0,18,0,0,0,0,0,0,4,1,6,1,40,7,1364,1,7,-1,1,-1
2015450039785,1,9,0,18,0,8,0,0,4,0,3,1,6,1,40,7,1598,1,2,-1,1,-1
2015450039785,2,9,0,7,0,6,0,0,0,0,1,1,6,1,34,6,1995,2,2,-1,1,-1
2015450040438,1,9,0,18,0,0,0,0,0,0,2,1,6,1,31,6,1397,1,28,-1,1,-1
2015450040438,2,9,0,18,0,0,0,0,0,0,1,1,6,2,17,4,1198,1,3,-1,1,-1
2015450040451,1,1,0,18,0,8,0,0,0,0,3,1,6,2,74,10,-1,-1,-1,-1,1,-1
2015450040451,2,9,0,18,0,8,0,0,0,0,4,1,6,1,-1,-1,1596,1,10,-1,1,-1
2015460251403,1,5,0,18,0,1,1,0,0,0,0,1,6,1,21,5,599,1,8,-1,1,-1
2015460251418,1,1,0,18,0,0,0,0,1,0,4,1,6,1,55,8,-1,-1,-1,-1,-1,-1
2015460251429,1,9,0,16,0,4,0,0,3,0,1,1,6,1,29,6,1797,8,6,-1,1,-1
2015460251435,1,9,0,16,0,0,0,0,0,0,1,1,6,1,23,5,1242,1,13,-1,3,-1
2015460251435,2,9,0,18,0,0,0,0,0,0,4,1,6,2,60,9,2496,2,12,-1,1,-1
2015460251435,3,9,0,17,0,0,0,0,0,0,4,1,1,1,62,9,2143,2,5,-1,1,-1
2015460251435,4,9,0,18,0,0,0,0,1,0,1,1,6,1,28,6,1968,2,7,-1,1,-1
2015460251438,1,9,0,18,0,4,0,0,0,0,1,1,6,1,45,7,-1,-1,-1,-1,-1,-1
2015460251438,2,9,0,18,0,4,0,0,0,0,2,1,6,2,45,7,2231,2,2,-1,1,-1
2015460251450,1,1,0,9,0,5,0,0,7,0,3,1,6,1,22,5,-1,-1,-1,-1,1,-1
2015460251450,2,9,0,18,0,1,0,0,0,0,4,1,6,2,71,10,1198,1,4,-1,2,-1
2015460251451,1,9,0,4,0,0,0,0,0,0,1,1,6,1,77,11,1956,2,3,-1,1,-1
2015460251451,2,9,0,3,0,0,0,0,0,0,2,1,6,2,38,7,1596,1,3,-1,1,-1
2015460251468,1,9,0,1,9,8,0,0,0,0,2,1,1,1,38,7,-1,-1,-1,-1,1,-1
2015460251468,2,9,0,18,0,8,0,0,0,0,4,1,6,2,35,6,1560,2,2,-1,-1,-1
2015460251477,1,9,0,9,0,8,0,0,0,0,1,1,6,1,-1,-1,-1,-1,-1,-1,-1,-1
2015460251477,2,9,0,18,0,8,0,0,0,0,4,1,6,2,20,4,1242,1,3,-1,3,-1
2015460251480,1,9,0,18,0,1,0,0,0,0,4,1,2,1,58,9,1596,1,12,-1,1,-1
2015460251480,2,1,0,9,0,1,0,0,0,0,2,1,2,2,36,7,-1,-1,-1,-1,1,-1
2015460251483,1,9,0,4,0,0,1,0,0,0,1,1,6,2,31,6,1398,1,2,-1,1,-1
2015460251483,2,9,0,18,0,0,0,0,0,0,2,1,6,2,33,6,-1,-1,-1,-1,1,-1
2015460251498,1,19,0,18,0,4,0,0,0,0,3,1,6,1,-1,-1,2496,2,15,-1,-1,-1
2015460251498,2,1,0,7,0,3,0,0,0,0,1,1,6,1,39,7,-1,-1,-1,-1,2,-1
2015460251502,1,9,0,4,0,0,0,0,0,0,1,1,6,1,21,5,-1,-1,-1,-1,1,-1
2015460251502,2,9,0,18,0,0,0,0,0,0,3,1,6,1,45,7,-1,-1,-1,-1,1,-1
2015460251510,1,9,0,18,0,0,0,0,0,0,1,1,1,1,38,7,1968,2,3,-1,1,-1
2015460251522,1,19,0,18,0,0,5,0,1,7,1,1,1,1,37,7,-1,-1,-1,-1,1,-1
2015460251543,1,5,0,6,0,2,0,0,0,0,0,1,6,1,57,9,998,1,1,-1,3,-1
2015460251544,1,20,0,16,0,0,0,0,0,0,1,1,6,1,56,9,-1,-1,-1,-1,3,-1
2015460251544,2,9,0,17,0,0,0,0,0,0,1,1,1,2,60,9,1968,2,2,-1,-1,-1
2015460251548,1,9,0,18,0,0,0,0,0,0,1,1,6,2,49,8,1997,2,1,-1,3,-1
2015460251548,2,9,0,18,0,0,0,0,0,0,2,1,6,2,23,5,1798,1,2,-1,3,-1
2015460251555,1,9,0,18,0,1,0,0,0,0,1,1,6,3,-1,-1,-1,-1,-1,-1,-1,-1
2015460251555,2,9,0,18,0,1,0,0,0,0,2,1,6,2,61,9,1388,1,12,-1,1,-1
2015460251558,1,9,0,16,0,0,0,0,7,2,1,1,6,1,75,10,1360,1,14,-1,3,-1
2015460251563,1,9,0,18,0,1,0,0,0,0,0,1,6,1,73,10,1229,1,3,-1,-1,-1
2015460251568,1,9,0,16,0,1,0,0,0,0,1,1,1,1,39,7,1951,2,14,-1,1,-1
2015460251568,2,9,0,8,0,1,0,0,0,0,2,1,6,1,18,4,1197,1,1,-1,1,-1
2015460251571,1,19,0,18,0,8,0,0,0,0,3,1,6,1,27,6,2143,2,2,-1,1,-1
2015460251571,2,9,0,9,0,8,0,0,0,0,4,1,6,1,32,6,1781,1,13,-1,1,-1
2015460251574,1,9,0,9,0,6,0,0,0,0,1,1,3,1,37,7,1598,1,15,-1,1,-1
2015460251574,2,9,0,18,0,1,0,0,0,0,4,1,1,2,34,6,1798,1,14,-1,1,-1
2015460251579,1,9,0,9,0,6,0,0,0,0,1,1,6,3,-1,-1,-1,-1,-1,-1,-1,-1
2015460251580,1,9,0,18,0,1,0,0,0,0,1,1,1,2,67,10,-1,-1,-1,-1,1,-1
2015460251580,2,9,0,18,0,1,0,0,0,0,1,1,1,2,23,5,998,1,2,-1,-1,-1
2015460251583,1,9,0,4,0,0,0,10,2,2,4,1,6,2,90,11,-1,-1,-1,-1,1,-1
2015460251589,1,11,0,18,0,0,0,0,0,0,0,1,1,1,51,8,4500,2,6,-1,1,-1
2015460251601,1,9,0,17,0,0,2,0,1,10,4,1,6,1,24,5,1149,1,11,-1,2,-1
2015460251606,1,9,0,18,0,0,0,0,7,4,0,1,1,2,41,7,2494,1,16,-1,-1,-1
2015460251615,1,9,0,18,0,6,0,0,0,0,4,1,1,1,29,6,-1,-1,-1,-1,1,-1
2015460251615,2,9,0,18,0,1,0,0,0,0,1,1,1,1,59,9,2148,2,10,-1,1,-1
2015460251622,1,9,0,18,0,1,0,0,0,0,1,1,6,1,44,7,1769,1,12,-1,1,-1
2015460251623,1,9,0,16,0,0,1,0,2,7,1,1,6,1,30,6,1995,2,7,-1,1,-1
2015460251623,2,9,0,16,0,0,1,1,2,7,1,1,6,2,19,4,1364,2,8,-1,3,-1
2015460251626,1,2,0,17,0,7,0,0,0,0,1,1,6,1,25,5,696,1,2,-1,1,-1
2015460251626,2,9,0,9,0,5,0,0,0,0,2,1,6,1,24,5,1995,2,7,-1,1,-1
2015460251630,1,9,0,5,0,2,0,0,0,0,1,1,2,2,54,8,1796,1,15,-1,1,-1
2015460251632,1,21,0,4,0,0,0,0,0,0,3,1,1,1,36,7,11705,2,10,-1,3,-1
2015460251632,2,9,0,18,0,0,1,0,0,0,3,1,1,1,45,7,-1,-1,-1,-1,1,-1
2015460251636,1,9,0,18,0,0,2,0,2,10,3,1,2,1,20,4,1388,1,10,-1,1,-1
2015460251636,2,9,0,18,0,0,0,0,0,0,3,1,2,2,61,9,1248,2,6,-1,1,-1
2015460251638,1,9,0,7,0,6,0,0,0,0,1,1,6,1,44,7,-1,-1,-1,-1,1,-1
2015460251638,2,9,0,18,0,1,0,0,0,0,1,1,6,1,58,9,1597,1,14,-1,3,-1
2015460251649,1,9,0,18,0,6,0,0,0,0,1,1,6,1,18,4,998,1,5,-1,-1,-1
2015460251649,2,9,0,4,0,1,0,0,0,0,4,1,2,1,49,8,1798,1,7,-1,-1,-1
2015460251654,1,9,0,18,0,0,1,4,0,0,1,1,6,1,24,5,1560,2,8,-1,1,-1
2015460251654,2,20,0,2,0,0,0,0,0,0,2,1,6,1,49,8,-1,-1,-1,-1,3,-1
2015460251655,1,19,0,18,0,0,0,0,1,2,1,1,1,1,55,8,-1,-1,-1,-1,2,-1
2015460251661,1,5,0,13,0,1,1,0,0,0,4,1,2,1,23,5,-1,-1,-1,-1,1,-1
2015460251661,2,9,0,10,0,1,0,0,0,0,2,1,2,1,25,5,1587,1,16,-1,1,-1
2015460251662,1,5,0,18,0,1,1,0,0,0,0,1,1,1,25,5,649,1,10,-1,1,-1
2015460251664,1,9,0,18,0,0,1,0,5,6,1,1,2,2,27,6,1995,2,6,-1,2,-1
2015460251666,1,9,0,9,0,1,0,0,0,0,1,1,3,2,50,8,1599,1,10,-1,-1,-1
2015460251666,2,9,0,18,0,1,0,0,0,0,2,1,1,2,26,6,1390,1,1,-1,-1,-1
2015460251668,1,9,0,3,0,1,0,0,0,0,1,1,6,1,21,5,1598,1,12,-1,1,-1
2015460251668,2,9,0,8,0,5,0,0,0,0,2,1,2,1,50,8,1968,2,4,-1,2,-1
2015460251671,1,9,0,18,0,0,0,0,7,2,3,1,2,2,27,6,1368,1,6,-1,1,-1
2015460251677,1,9,0,18,0,1,1,0,1,4,4,1,3,1,38,7,2967,1,13,-1,3,-1
2015460251680,1,9,0,18,0,1,0,0,0,0,1,1,6,1,45,7,-1,-1,-1,-1,-1,-1
2015460251680,2,1,0,18,0,1,0,0,0,0,2,1,6,2,15,3,-1,-1,-1,-1,1,-1
2015460251682,1,9,0,13,0,0,0,0,0,0,1,1,1,2,46,8,-1,-1,-1,-1,1,-1
2015460251682,2,8,0,9,0,0,0,0,0,0,3,1,6,1,48,8,-1,-1,-1,-1,2,-1
2015460251682,3,9,0,2,0,0,0,0,0,0,4,1,6,1,40,7,1560,2,5,-1,3,-1
2015460251682,4,9,0,2,0,0,0,4,0,0,2,1,6,2,40,7,1199,1,2,-1,3,-1
2015460251684,1,9,0,18,0,0,0,0,0,0,1,1,6,2,34,6,1598,1,7,-1,2,-1
2015460251684,2,9,0,18,0,0,0,0,0,0,2,1,6,2,53,8,2179,2,6,-1,1,-1
2015460251684,3,9,0,18,0,0,0,0,0,0,2,1,6,1,-1,-1,1596,1,7,-1,1,-1
2015460251686,1,19,0,7,0,6,0,0,0,0,3,1,6,3,-1,-1,2198,2,1,-1,-1,-1
2015460251686,2,9,0,18,0,8,0,0,0,0,1,1,6,1,19,4,-1,-1,-1,-1,1,-1
2015460251693,1,9,0,3,0,1,0,0,0,0,1,1,6,1,27,6,1560,2,10,-1,3,-1
2015460251693,2,1,0,9,0,1,0,0,0,0,2,1,2,2,25,5,-1,-1,-1,-1,1,-1
2015460251697,1,9,0,18,0,0,0,0,0,0,1,1,6,1,40,7,1229,1,10,-1,1,-1
2015460251697,2,9,0,3,0,0,0,0,0,0,2,1,2,2,21,5,1242,1,8,-1,1,-1
2015460251702,1,2,0,5,0,0,1,0,0,0,0,1,1,1,36,7,49,1,4,-1,1,-1
2015460251714,1,19,0,1,0,1,0,0,0,0,2,1,6,1,64,9,2460,2,9,-1,1,-1
2015460251714,2,9,0,2,0,1,0,0,0,0,2,1,6,1,45,7,1598,1,2,-1,1,-1
2015460251716,1,21,1,18,0,0,0,0,0,0,1,1,1,1,39,7,-1,-1,-1,-1,-1,-1
2015460251716,2,9,0,18,0,0,0,0,0,0,1,1,2,1,51,8,1968,2,2,-1,-1,-1
2015460251719,1,9,0,9,0,1,0,0,0,0,1,1,2,2,30,6,-1,-1,-1,-1,1,-1
2015460251719,2,9,0,9,0,1,0,0,0,0,1,1,2,1,30,6,-1,-1,-1,-1,1,-1
2015460251720,1,9,0,1,0,0,0,0,0,0,2,1,6,1,59,9,1397,1,15,-1,3,-1
2015460251722,1,9,0,18,0,0,0,0,0,0,4,1,6,1,58,9,-1,-1,-1,-1,-1,-1
2015460251725,1,9,0,18,0,0,0,0,0,0,1,1,2,2,37,7,-1,-1,-1,-1,1,-1
2015460251725,2,9,0,18,0,0,0,0,0,0,1,1,2,2,46,8,1798,1,11,-1,3,-1
2015460251726,1,9,0,7,0,6,0,0,0,0,1,1,6,1,64,9,3227,2,13,-1,1,-1
2015460251726,2,1,0,18,0,1,0,0,0,0,2,1,6,1,17,4,-1,-1,-1,-1,3,-1
2015460251733,1,9,0,4,0,0,0,0,0,0,1,1,1,1,45,7,1388,1,18,-1,-1,-1
2015460251733,2,9,0,4,0,0,0,0,0,0,2,1,1,2,27,6,1796,1,8,-1,1,-1
2015460251733,3,9,0,4,0,0,0,0,0,0,2,1,1,1,22,5,998,1,1,-1,1,-1
2015460251733,4,9,0,4,0,0,0,0,0,0,2,1,1,2,58,9,2494,2,1,-1,-1,-1
2015460251733,5,9,0,4,0,0,0,0,0,0,1,1,1,1,44,7,1994,2,11,-1,-1,-1
2015460251741,1,9,0,18,9,2,0,10,1,0,4,1,6,2,77,11,1590,1,10,-1,2,-1
2015460251742,1,9,0,9,0,6,0,0,0,0,3,1,6,2,21,5,-1,-1,-1,-1,2,-1
2015460251742,2,9,0,17,0,8,0,0,0,0,1,1,6,2,47,8,-1,-1,-1,-1,2,-1
2015460251748,1,9,0,16,0,4,0,0,0,0,1,1,6,1,39,7,1596,1,9,-1,1,-1
2015460251748,2,9,0,16,0,4,0,0,0,0,2,1,6,2,48,8,1798,1,7,-1,1,-1
2015460251749,1,9,0,18,0,6,0,0,0,0,1,1,2,2,33,6,-1,-1,-1,-1,1,-1
2015460251749,2,9,0,9,0,8,0,0,0,0,0,1,6,2,54,8,1997,2,10,-1,1,-1
2015460251749,3,21,0,18,0,8,0,0,0,0,2,1,1,1,67,10,2998,2,7,-1,1,-1
2015460251752,1,9,0,18,0,1,0,0,0,0,1,1,6,2,47,8,-1,-1,-1,-1,2,-1
2015460251752,2,19,0,10,0,1,1,0,0,0,2,1,1,1,26,6,2402,2,9,-1,-1,-1
2015460251756,1,9,0,18,0,0,0,0,0,0,1,1,6,3,-1,-1,-1,-1,-1,-1,-1,-1
2015460251756,2,9,0,18,0,0,0,0,4,6,2,1,6,2,56,9,-1,-1,-1,-1,1,-1
2015460251757,1,9,0,9,0,5,0,0,0,0,1,1,6,2,82,11,1339,1,8,-1,1,-1
2015460251757,2,9,0,18,0,8,0,0,0,0,1,1,6,1,64,9,-1,-1,-1,-1,2,-1
2015460251763,1,9,0,7,0,1,0,0,0,0,1,1,6,2,19,4,1199,1,11,-1,-1,-1
2015460251763,2,9,0,18,0,1,1,0,0,0,4,1,2,1,58,9,278,1,1,-1,-1,-1
2015460251768,1,9,0,18,0,0,0,0,2,7,1,1,6,1,26,6,-1,-1,-1,-1,1,-1
2015460251778,1,9,0,18,0,2,0,0,0,0,1,1,6,3,-1,-1,-1,-1,-1,-1,-1,-1
2015460251778,2,9,0,2,0,2,0,10,7,0,1,1,6,3,-1,-1,-1,-1,-1,-1,-1,-1