Accident_Index,Vehicle_Reference,Vehicle_Type,Towing_and_Articulation,Vehicle_Manoeuvre,Vehicle_Location-Restricted_Lane,Junction_Location,Skidding_and_Overturning,Hit_Object_in_Carriageway,Vehicle_Leaving_Carriageway,Hit_Object_off_Carriageway,1st_Point_of_Impact,Was_Vehicle_Left_Hand_Drive?,Journey_Purpose_of_Driver,Sex_of_Driver,Age_of_Driver,Age_Band_of_Driver,Engine_Capacity_(CC),Propulsion_Code,Age_of_Vehicle,Driver_IMD_Decile,Driver_Home_Area_Type,Vehicle_IMD_Decile
2015460253070,1,19,0,4,0,6,0,0,0,0,1,1,6,1,37,7,2198,2,8,-1,-1,-1
2015460253070,2,9,0,18,0,1,0,0,0,0,1,1,6,1,41,7,1461,2,5,-1,2,-1
2015460253072,1,9,0,17,0,0,0,0,0,0,0,1,1,1,37,7,1968,2,2,-1,-1,-1
2015460253072,2,1,0,17,0,0,0,0,1,9,0,1,2,1,49,8,-1,-1,-1,-1,1,-1
2015460253074,1,1,0,18,5,1,0,0,0,0,0,1,6,1,34,6,-1,-1,-1,-1,1,-1
2015460253077,1,9,0,3,0,0,0,0,1,4,1,1,6,1,52,8,1598,1,11,-1,-1,-1
2015460253080,1,9,0,9,0,8,0,0,0,0,1,1,6,1,18,4,-1,-1,-1,-1,1,-1
2015460253080,2,9,0,18,0,8,0,0,0,0,1,1,6,1,58,9,-1,-1,-1,-1,1,-1
2015460253083,1,1,0,18,0,1,0,0,0,0,1,1,6,3,-1,-1,-1,-1,-1,-1,-1,-1
2015460253084,1,9,0,1,0,1,0,0,0,0,2,1,6,3,-1,-1,-1,-1,-1,-1,-1,-1
2015460253086,1,9,0,18,0,2,0,0,0,0,1,1,1,1,59,9,1598,1,8,-1,-1,-1
2015460253086,2,9,0,18,0,1,0,0,0,0,1,1,1,2,55,8,-1,-1,-1,-1,-1,-1
2015460253089,1,9,0,16,0,1,0,0,0,0,1,1,6,2,43,7,-1,-1,-1,-1,3,-1
2015460253094,1,9,0,18,0,0,0,0,0,0,1,1,6,2,38,7,1870,2,10,-1,3,-1
2015460253094,2,1,0,18,5,0,0,0,0,0,1,1,6,3,-1,-1,-1,-1,-1,-1,-1,-1
2015460253097,1,9,0,13,0,0,0,0,0,0,1,1,6,3,-1,-1,-1,-1,-1,-1,-1,-1
2015460253097,2,5,0,18,0,0,0,0,0,0,3,1,6,1,37,7,400,1,29,-1,1,-1
2015460253099,1,-1,0,18,0,1,0,0,0,0,1,1,6,3,-1,-1,-1,-1,-1,-1,-1,-1
2015460253099,2,9,0,9,0,8,0,0,0,10,3,1,6,2,43,7,1991,1,16,-1,-1,-1
2015460253101,1,9,0,18,0,8,0,0,0,0,1,1,6,1,38,7,2184,2,10,-1,1,-1
2015460253101,2,9,0,18,0,8,0,10,7,10,1,1,6,2,42,7,1198,1,2,-1,1,-1
2015460253104,1,9,0,18,0,0,0,4,0,0,1,1,2,2,20,4,1390,1,4,-1,1,-1
2015460253104,2,9,0,2,0,0,0,0,1,0,3,1,6,1,64,9,-1,-1,-1,-1,3,-1
2015460253107,1,9,0,9,0,6,1,0,0,0,3,1,6,2,50,8,1398,1,1,-1,1,-1
2015460253107,2,9,0,18,0,1,1,0,0,0,1,1,6,1,88,11,1360,1,6,-1,1,-1
2015460253110,1,9,0,9,0,8,0,0,0,0,1,1,6,2,60,9,1300,1,15,-1,1,-1
2015460253110,2,9,0,18,0,1,0,0,0,0,1,1,6,2,27,6,-1,-1,-1,-1,1,-1
2015460253111,1,9,0,5,0,6,0,0,0,0,3,1,6,1,18,4,1149,1,13,-1,1,-1
2015460253111,2,9,0,18,0,1,0,0,0,0,1,1,6,1,28,6,1989,1,16,-1,1,-1
2015460253121,1,1,0,17,0,0,0,0,0,0,3,1,6,1,69,10,-1,-1,-1,-1,1,-1
2015460253124,1,9,0,9,0,6,0,0,0,0,3,1,6,1,30,6,1149,1,13,-1,1,-1
2015460253124,2,9,0,18,0,1,0,0,0,0,1,1,6,2,21,5,1242,1,9,-1,1,-1
2015460253131,1,9,0,18,0,0,0,0,0,0,1,1,6,3,-1,-1,-1,-1,-1,-1,-1,-1
2015460253131,2,9,0,3,0,0,0,0,0,0,2,1,6,1,28,6,1591,1,3,-1,1,-1
2015460253133,1,9,0,9,9,6,0,0,3,10,1,1,6,1,51,8,2987,2,9,-1,1,-1
2015460253133,2,9,0,18,0,1,0,0,0,0,1,1,1,1,26,6,1796,1,12,-1,1,-1
2015460253135,1,9,0,17,0,0,1,0,0,0,1,1,6,1,27,6,-1,-1,-1,-1,1,-1
2015460253138,1,9,0,18,0,0,1,0,1,0,1,1,6,1,31,6,-1,-1,-1,-1,1,-1
2015460253138,2,9,0,18,0,0,0,0,1,10,1,1,6,1,58,9,-1,-1,-1,-1,3,-1
2015460253141,1,9,0,18,0,2,0,0,0,0,1,1,2,2,21,5,1390,1,9,-1,1,-1
2015460253148,1,9,0,18,0,6,0,0,0,0,3,1,6,2,59,9,1388,1,3,-1,2,-1
2015460253148,2,3,0,18,0,8,0,0,0,0,1,1,2,1,21,5,-1,-1,-1,-1,1,-1
2015460253151,1,9,0,13,0,2,2,0,0,0,1,1,6,1,36,7,1998,1,25,-1,3,-1
2015460253151,2,9,0,4,0,2,1,0,1,4,2,1,2,2,21,5,-1,-1,-1,-1,1,-1
2015460253152,1,9,0,12,0,0,0,0,4,6,1,1,6,2,24,5,-1,-1,-1,-1,-1,-1
2015460253152,2,11,0,18,0,0,0,0,0,0,2,1,6,1,27,6,10838,2,1,-1,-1,-1
2015460253155,1,17,0,18,0,0,1,0,0,0,1,1,1,1,34,6,-1,-1,-1,-1,-1,-1
2015460253155,2,21,1,18,0,0,0,0,0,0,2,1,1,1,43,7,-1,-1,-1,-1,-1,-1
2015460253161,1,9,0,3,0,1,0,0,0,0,2,1,6,2,24,5,1275,1,17,-1,1,-1
2015460253161,2,9,0,3,0,1,0,0,0,0,2,1,6,1,39,7,1390,1,7,-1,2,-1
2015460253161,3,9,0,4,0,1,1,0,0,0,1,1,6,1,68,10,-1,-1,-1,-1,2,-1
2015460253163,1,9,0,18,0,3,0,0,8,6,2,1,6,1,59,9,3996,1,13,-1,2,-1
2015460253165,1,19,0,18,0,4,5,10,3,1,1,1,1,1,49,8,-1,-1,-1,-1,3,-1
2015460253167,1,9,0,18,0,0,1,0,4,7,1,1,6,1,53,8,2401,2,12,-1,1,-1
2015460253167,2,9,0,18,0,0,1,0,0,0,2,1,6,1,65,9,1360,1,10,-1,1,-1
2015460253167,3,9,0,18,0,0,1,0,0,0,1,1,6,1,19,4,1242,1,12,-1,-1,-1
2015460253167,4,9,0,18,0,0,2,0,1,4,4,1,6,1,35,6,2143,2,2,-1,2,-1
2015460253171,1,9,0,18,0,0,0,0,8,6,3,1,6,1,19,4,998,1,3,-1,3,-1
2015460253174,1,9,0,4,0,0,0,0,0,0,1,1,6,2,20,4,1242,1,6,-1,-1,-1
2015460253174,2,9,0,4,0,0,0,0,0,0,2,1,1,2,44,7,2987,2,6,-1,-1,-1
2015460253174,3,9,0,4,0,0,0,0,0,0,2,1,1,1,20,4,1686,2,1,-1,-1,-1
2015460253174,4,9,0,4,0,0,0,0,0,0,0,1,6,2,34,6,3189,1,11,-1,-1,-1
2015460253176,1,9,0,18,0,0,0,0,0,0,3,1,6,1,81,11,1498,1,4,-1,1,-1
2015460253177,1,5,0,18,0,3,0,10,0,0,0,1,6,1,48,8,1199,1,1,-1,1,-1
2015460253178,1,21,1,12,0,0,0,0,0,0,3,1,1,1,27,6,-1,-1,-1,-1,-1,-1
2015460253178,2,9,0,18,0,0,0,0,1,7,4,1,2,1,32,6,-1,-1,-1,-1,1,-1
2015460253180,1,9,0,18,0,8,0,0,0,0,3,1,6,2,65,9,-1,-1,-1,-1,1,-1
2015460253180,2,9,0,18,0,8,0,0,0,0,1,1,2,1,45,7,2179,2,7,-1,1,-1
2015460253182,1,20,0,18,0,0,0,0,0,0,2,1,6,3,-1,-1,2287,2,7,-1,-1,-1
2015460253183,1,9,0,18,0,4,0,0,0,0,3,1,6,3,-1,-1,1997,2,7,-1,-1,-1
2015460253183,2,9,0,18,0,8,0,0,0,0,4,1,6,2,23,5,1998,1,10,-1,1,-1
2015460253190,1,9,0,18,0,0,1,0,5,6,1,1,1,1,34,6,1461,2,8,-1,1,-1
2015460253190,2,9,0,18,0,0,0,1,0,0,1,1,1,1,40,7,-1,-1,-1,-1,1,-1
2015460253194,1,9,0,18,0,0,0,0,0,0,4,1,6,1,36,7,-1,-1,-1,-1,-1,-1
2015460253194,2,9,0,18,0,0,0,0,0,0,1,1,6,1,24,5,1598,1,14,-1,1,-1
2015460253202,1,9,0,4,0,0,1,0,0,0,1,1,4,2,17,4,1299,1,10,-1,1,-1
2015460253202,2,9,0,4,0,0,0,0,0,0,2,1,6,2,22,5,1397,1,7,-1,1,-1
2015460253203,1,9,0,16,0,0,0,0,0,0,1,1,6,2,55,8,1796,7,12,-1,1,-1
2015460253203,2,9,0,17,0,0,0,0,0,0,1,1,6,2,63,9,1461,2,5,-1,1,-1
2015460253205,1,9,0,3,0,1,0,0,0,0,1,1,1,1,27,6,1364,1,9,-1,1,-1
2015460253205,2,2,0,8,0,1,0,0,0,0,2,1,1,1,41,7,124,1,10,-1,1,-1
2015460253209,1,9,0,18,0,5,1,0,4,6,1,1,2,1,56,9,-1,-1,-1,-1,1,-1
2015460253211,1,9,0,18,0,6,0,0,0,0,0,1,6,2,-1,-1,-1,-1,-1,-1,-1,-1
2015460253211,2,2,0,18,0,1,1,0,0,0,0,1,6,1,53,8,49,1,4,-1,3,-1
2015460253215,1,21,0,7,0,2,0,0,0,0,3,1,1,1,35,6,-1,-1,-1,-1,1,-1
2015460253215,2,9,0,18,0,2,0,0,0,0,4,1,6,1,35,6,1596,1,12,-1,1,-1
2015460253216,1,9,0,1,0,0,0,0,0,0,2,1,6,1,21,5,1598,1,9,-1,1,-1
2015460253216,2,9,0,3,0,0,0,0,0,0,1,1,1,1,30,6,1598,1,3,-1,1,-1
2015460253218,1,9,0,11,0,0,0,0,4,6,1,1,6,1,55,8,1596,1,12,-1,-1,-1
2015460253221,1,19,0,7,0,1,0,0,0,0,1,1,1,1,33,6,2143,2,1,-1,1,-1
2015460253221,2,9,0,18,0,1,0,0,0,0,1,1,1,1,40,7,1598,1,7,-1,3,-1
2015460253222,1,9,0,11,0,0,0,0,0,0,1,1,6,1,73,10,1560,2,3,-1,-1,-1
2015460253222,2,20,0,18,0,0,0,0,0,0,2,1,1,1,36,7,5880,2,6,-1,-1,-1
2015460253224,1,1,0,18,9,0,0,0,0,0,0,1,1,2,46,8,-1,-1,-1,-1,1,-1
2015460253225,1,9,0,13,0,0,0,0,0,0,1,1,6,1,21,5,-1,-1,-1,-1,2,-1
2015460253225,2,9,0,6,0,0,0,0,0,0,3,1,6,2,43,7,1686,2,1,-1,1,-1
2015460253226,1,3,0,18,0,0,0,0,1,10,2,1,1,1,46,8,124,1,13,-1,1,-1
2015460253227,1,9,0,18,0,2,1,0,0,0,4,1,6,1,31,6,2995,1,4,-1,1,-1
2015460253227,2,9,0,2,0,2,0,10,1,0,2,1,6,1,36,7,3824,1,10,-1,1,-1
2015460253228,1,9,0,18,0,2,1,0,0,10,1,1,6,1,34,6,1598,1,11,-1,2,-1
2015460253228,2,9,0,2,0,1,0,0,0,0,2,1,6,2,44,7,1968,2,-1,-1,1,-1
2015460253228,3,9,0,2,0,1,0,0,0,0,3,1,6,1,49,8,2777,2,4,-1,1,-1
2015460253230,1,21,0,12,0,0,0,0,0,0,4,1,1,1,26,6,-1,-1,-1,-1,-1,-1
2015460253230,2,9,0,18,0,0,0,0,0,6,3,1,1,1,58,9,-1,-1,-1,-1,3,-1
2015460253236,1,9,0,9,0,8,0,0,0,0,1,1,6,1,18,4,1198,1,8,-1,3,-1
2015460253236,2,9,0,18,0,8,0,0,0,0,4,1,6,2,19,4,-1,-1,-1,-1,1,-1
2015460253240,1,9,0,16,0,8,0,0,0,0,3,1,6,1,21,5,1839,1,10,-1,1,-1
2015460253240,2,9,0,3,0,2,0,0,0,0,3,1,6,2,49,8,1587,1,12,-1,1,-1
2015460253242,1,1,0,18,0,1,0,0,0,0,1,1,6,1,10,2,-1,-1,-1,-1,1,-1
2015460253242,2,9,0,18,0,1,0,0,0,0,4,1,6,1,59,9,1396,1,18,-1,1,-1
2015460253248,1,9,0,5,0,0,2,0,2,10,1,1,1,1,35,6,1998,1,11,-1,3,-1
2015460253249,1,9,0,18,0,0,0,0,0,0,0,1,6,3,-1,-1,-1,-1,-1,-1,-1,-1
2015460253249,2,9,0,18,0,0,2,0,1,1,4,1,6,1,18,4,1199,1,15,-1,1,-1
2015460253250,1,9,0,17,0,0,0,0,0,0,1,1,6,1,61,9,1364,2,1,-1,-1,-1
2015460253250,2,9,0,16,0,0,0,0,0,0,1,1,6,2,47,8,1390,2,11,-1,2,-1
2015460253257,1,9,0,6,0,0,0,0,0,0,3,1,6,1,-1,-1,-1,-1,-1,-1,-1,-1
2015460253257,2,9,0,18,0,0,0,0,0,0,1,1,2,2,56,9,1998,1,10,-1,1,-1
2015460253258,1,9,0,18,0,0,0,0,0,0,3,1,2,1,31,6,-1,-1,-1,-1,2,-1
2015460253258,2,9,0,4,0,0,0,0,0,0,3,1,2,1,38,7,1591,1,8,-1,1,-1
2015460253261,1,9,0,9,0,5,0,0,0,0,4,1,2,1,52,8,2254,1,15,-1,-1,-1
2015460253261,2,9,0,18,0,1,0,0,0,0,1,1,6,2,50,8,1242,1,5,-1,-1,-1
2015460253262,1,9,0,18,0,1,0,0,0,0,1,1,6,2,19,4,998,1,7,-1,3,-1
2015460253262,2,9,0,3,0,1,0,0,0,0,2,1,6,2,57,9,1299,1,10,-1,1,-1
2015460253263,1,2,0,18,0,1,1,0,0,0,1,1,6,1,48,8,-1,-1,-1,-1,1,-1
2015460253263,2,9,0,10,0,1,0,0,0,0,3,1,6,1,42,7,1998,1,11,-1,1,-1
2015460253264,1,9,0,18,0,0,0,0,0,0,1,1,6,2,49,8,-1,-1,-1,-1,1,-1
2015460253264,2,9,0,4,0,0,0,0,0,0,2,1,6,2,41,7,1396,1,5,-1,1,-1
2015460253269,1,21,0,12,0,0,0,0,0,0,0,2,6,3,-1,-1,-1,-1,-1,-1,-1,-1
2015460253269,2,5,0,18,0,0,1,0,4,6,1,1,6,1,48,8,599,1,17,-1,1,-1
2015460253271,1,9,0,4,0,1,0,0,0,0,0,1,6,3,-1,-1,-1,-1,-1,-1,-1,-1
2015460253271,2,9,0,18,0,1,0,0,0,0,1,1,6,1,46,8,1896,2,13,-1,1,-1
2015460253271,3,9,0,4,0,1,0,0,0,0,2,1,6,1,30,6,3628,2,8,-1,1,-1
2015460253274,1,3,0,13,0,1,0,0,0,0,1,1,2,1,19,4,124,1,11,-1,-1,-1
2015460253274,2,9,0,9,0,5,0,0,0,0,3,1,2,1,37,7,1600,1,16,-1,-1,-1
2015460253275,1,9,0,18,0,0,0,0,0,0,3,1,2,1,62,9,-1,-1,-1,-1,1,-1
2015460253275,2,9,0,18,0,0,0,0,2,10,3,1,6,1,46,8,1796,1,1,-1,2,-1
2015460253275,3,9,0,18,0,0,0,0,0,0,1,1,6,2,21,5,2179,2,3,-1,2,-1
2015460253279,1,9,0,18,0,0,0,0,0,0,1,1,3,2,59,9,1968,2,-1,-1,1,-1
2015460253283,1,9,0,17,0,0,0,0,1,4,3,1,6,1,18,4,1396,1,12,-1,2,-1
2015460253283,2,9,0,18,0,0,0,0,0,0,1,1,6,1,67,10,1968,2,4,-1,3,-1
2015460253287,1,9,5,18,0,1,0,0,0,0,0,1,6,1,70,10,1796,1,15,-1,1,-1
2015460253289,1,9,0,9,0,6,0,0,0,0,3,1,6,2,53,8,3199,1,14,-1,1,-1
2015460253289,2,9,0,18,0,1,0,0,0,0,1,1,2,1,33,6,-1,-1,-1,-1,1,-1
2015460253291,1,9,0,9,0,8,0,0,0,0,3,1,6,2,50,8,998,1,2,-1,1,-1
2015460253291,2,9,0,18,0,1,0,0,1,3,3,1,6,1,32,6,-1,-1,-1,-1,1,-1
2015460253293,1,9,0,18,0,0,2,0,5,6,3,1,6,2,41,7,-1,-1,-1,-1,-1,-1
2015460253294,1,9,0,18,0,4,0,0,0,0,1,1,6,2,22,5,1242,1,3,-1,3,-1
2015460253294,2,9,0,18,0,4,0,0,0,0,2,1,6,2,17,4,1560,2,3,-1,1,-1
2015460253295,1,9,0,9,0,8,0,0,0,0,1,1,6,1,41,7,-1,-1,-1,-1,1,-1
2015460253296,1,9,0,18,0,0,0,0,0,0,3,1,6,3,-1,-1,1798,1,12,-1,-1,-1
2015460253296,2,9,0,4,0,0,0,0,0,0,3,1,1,2,44,7,1998,1,14,-1,1,-1
2015460253312,1,9,0,18,0,0,0,0,0,0,3,1,6,2,26,6,1299,1,12,-1,1,-1
2015460253313,1,9,0,5,0,1,0,0,0,0,4,1,6,2,52,8,-1,-1,-1,-1,1,-1
2015460253315,1,9,0,18,0,0,1,0,1,0,1,1,2,1,38,7,1956,2,2,-1,-1,-1
2015460253315,2,20,0,2,0,0,0,0,0,0,3,1,1,1,24,5,-1,-1,-1,-1,-1,-1
2015460253327,1,21,0,12,0,0,0,0,0,0,3,2,1,1,-1,-1,-1,-1,-1,-1,-1,-1
2015460253327,2,9,0,18,0,0,0,0,0,0,4,1,6,1,52,8,1753,2,10,-1,1,-1
2015460253327,3,9,0,18,0,0,0,0,4,6,1,1,6,2,23,5,998,1,3,-1,1,-1
2015460253335,1,9,0,18,0,8,0,0,1,4,1,1,6,2,22,5,1390,1,2,-1,1,-1
2015460253335,2,9,0,2,0,2,0,0,0,0,4,1,6,3,-1,-1,-1,-1,-1,-1,1,-1
2015460253337,1,9,0,7,0,4,0,0,0,0,1,1,6,1,69,10,4966,1,13,-1,3,-1
2015460253337,2,1,0,11,0,3,0,0,0,0,4,1,2,1,63,9,-1,-1,-1,-1,1,-1
2015460253340,1,9,0,18,0,0,0,0,0,0,1,1,6,2,21,5,998,1,11,-1,1,-1
2015460253340,2,1,0,18,0,0,0,0,0,0,1,1,6,1,41,7,-1,-1,-1,-1,1,-1
2015460253342,1,9,0,18,0,8,0,0,0,0,3,1,6,1,43,7,1956,2,1,-1,1,-1
2015460253342,2,9,0,18,0,8,0,0,0,0,1,1,6,1,37,7,1896,2,10,-1,1,-1
2015460253343,1,9,0,18,0,8,0,0,0,0,1,1,2,1,29,6,1598,2,3,-1,1,-1
2015460253343,2,9,0,18,0,8,0,0,1,1,3,1,2,1,31,6,-1,-1,-1,-1,-1,-1
2015460253344,1,9,0,9,0,5,0,0,0,0,4,1,6,1,42,7,2656,1,13,-1,3,-1
2015460253344,2,3,0,18,0,1,1,0,0,0,1,1,6,1,17,4,-1,-1,-1,-1,3,-1
2015460253345,1,8,0,18,0,1,0,0,0,0,1,1,1,1,53,8,1995,2,5,-1,3,-1
2015460253346,1,9,0,9,0,8,1,0,0,0,4,1,6,1,30,6,-1,-1,-1,-1,1,-1
2015460253346,2,9,0,3,0,1,0,0,0,0,3,1,6,2,24,5,-1,-1,-1,-1,1,-1
2015460253347,1,9,0,18,0,0,0,4,0,0,4,1,6,3,-1,-1,-1,-1,-1,-1,-1,-1
2015460253347,2,9,0,2,0,0,0,0,0,0,3,1,6,2,29,6,1870,2,12,-1,1,-1
2015460253348,1,9,0,18,0,2,0,0,7,3,1,1,6,1,43,7,-1,-1,-1,-1,1,-1
2015460253351,1,9,0,17,0,8,1,0,0,0,1,1,1,2,32,6,1242,1,5,-1,1,-1
2015460253351,2,9,0,16,0,8,0,0,0,0,1,1,1,1,28,6,1395,1,1,-1,1,-1
2015460253354,1,9,0,18,0,2,1,4,0,0,4,1,6,1,41,7,2700,1,11,-1,-1,-1
2015460253354,2,9,0,2,0,2,0,0,0,0,3,1,6,2,51,8,2477,2,11,-1,-1,-1
2015460253354,3,9,0,2,0,2,0,4,0,0,2,1,6,2,40,7,-1,-1,-1,-1,-1,-1
2015460253354,4,9,0,2,0,2,0,0,0,0,2,1,6,1,58,9,1596,1,9,-1,-1,-1
2015460253356,1,5,0,5,0,0,0,0,0,0,0,1,2,1,50,8,1340,1,7,-1,1,-1
2015460253359,1,9,0,18,0,4,0,0,0,0,1,1,6,1,65,9,998,1,1,-1,1,-1
2015460253359,2,9,0,9,0,8,0,0,0,0,4,1,6,2,49,8,1596,1,2,-1,1,-1
2015460253361,1,9,0,13,0,0,0,0,0,0,3,1,6,1,39,7,-1,-1,-1,-1,1,-1
2015460253362,1,9,0,14,0,8,0,0,0,0,1,1,6,1,37,7,1988,1,15,-1,1,-1
2015460253362,2,9,0,9,0,8,0,0,0,0,4,1,2,2,28,6,1598,1,7,-1,1,-1
2015460253363,1,9,0,18,0,0,0,0,0,0,4,1,6,1,-1,-1,-1,-1,-1,-1,-1,-1
2015460253363,2,1,0,18,0,0,0,0,0,0,3,1,6,1,34,6,-1,-1,-1,-1,2,-1
2015460253366,1,9,0,18,0,1,0,0,0,0,4,1,6,1,54,8,1781,1,11,-1,1,-1
2015460253367,1,21,0,18,0,0,0,0,0,0,1,2,1,1,51,8,-1,-1,-1,-1,-1,-1
2015460253367,2,9,0,18,0,0,0,0,0,0,2,1,1,2,40,7,1999,2,16,-1,1,-1
2015460253368,1,9,0,18,0,8,0,0,0,0,0,1,6,3,-1,-1,-1,-1,-1,-1,-1,-1
2015460253368,2,9,0,18,0,8,0,0,4,2,1,1,6,1,30,6,-1,-1,-1,-1,1,-1
2015460253370,1,9,0,18,0,1,0,0,0,0,2,1,6,3,-1,-1,-1,-1,-1,-1,-1,-1
2015460253374,1,9,0,7,0,1,0,0,0,0,1,1,6,2,48,8,-1,-1,-1,-1,1,-1
2015460253374,2,9,0,9,0,1,0,0,0,0,1,1,6,1,30,6,1596,1,10,-1,1,-1
2015460253376,1,9,0,4,0,0,0,0,0,0,1,1,6,1,68,10,2495,2,15,-1,1,-1
2015460253376,2,9,0,3,0,0,0,0,0,0,2,1,2,1,19,4,-1,-1,-1,-1,3,-1
2015460253376,3,9,0,3,0,0,0,0,0,0,2,1,6,3,-1,-1,-1,-1,-1,-1,-1,-1
2015460253377,1,9,0,18,0,0,0,0,0,0,1,2,6,1,35,6,-1,-1,-1,-1,1,-1
2015460253377,2,9,0,3,0,0,0,0,0,0,2,1,6,2,56,9,1598,1,9,-1,1,-1
2015460253381,1,9,0,9,0,8,0,0,0,0,4,1,6,2,32,6,1348,1,13,-1,1,-1
2015460253381,2,9,0,5,0,8,0,0,0,0,1,1,6,2,45,7,1390,1,12,-1,2,-1
2015460253382,1,9,0,18,0,0,0,0,0,0,0,1,6,3,-1,-1,-1,-1,-1,-1,-1,-1
2015460253382,2,9,0,18,0,0,0,0,1,7,2,1,6,1,26,6,1248,1,3,-1,-1,-1
2015460253385,1,9,0,18,0,0,0,0,0,0,1,1,6,3,-1,-1,3227,2,13,-1,-1,-1
2015460253385,2,9,0,2,0,0,0,0,0,0,4,1,6,1,41,7,1397,1,15,-1,1,-1
2015460253386,1,2,0,18,0,1,1,0,0,0,1,1,6,1,23,5,125,1,1,-1,-1,-1
2015460253386,2,9,0,10,0,1,0,0,0,0,3,1,6,1,45,7,2000,2,9,-1,-1,-1
2015460253387,1,9,0,13,0,1,0,0,0,0,1,1,6,1,-1,-1,1796,1,17,-1,1,-1
2015460253387,2,9,0,9,0,8,0,0,0,0,3,1,6,1,72,10,1390,1,8,-1,1,-1
2015460253392,1,9,0,18,0,0,0,0,0,0,4,1,6,3,-1,-1,1600,1,13,-1,-1,-1
2015460253395,1,9,0,12,0,7,1,0,0,0,3,1,6,2,74,10,-1,-1,-1,-1,1,-1
2015460253395,2,9,0,18,0,1,0,0,0,0,4,1,6,2,37,7,1598,1,3,-1,1,-1
2015460253399,1,9,0,3,0,1,0,0,0,0,1,1,6,1,26,6,-1,-1,-1,-1,1,-1
2015460253399,2,9,0,10,0,1,0,0,0,0,2,1,6,2,60,9,1598,1,5,-1,3,-1
2015460253399,3,9,0,9,0,5,0,0,0,0,2,1,6,2,46,8,698,1,11,-1,2,-1
2015460253404,1,9,0,18,0,1,0,0,0,0,1,1,2,1,40,7,-1,-1,-1,-1,1,-1
2015460253404,2,9,0,3,0,1,0,0,0,0,2,1,6,2,35,6,1598,1,11,-1,3,-1
2015460253408,1,9,0,18,0,4,0,0,0,0,1,1,6,1,76,11,1498,1,5,-1,1,-1
2015460253408,2,9,0,18,0,4,0,0,0,0,2,1,6,2,24,5,1299,1,13,-1,1,-1
2015460253409,1,9,0,18,0,1,0,0,0,0,1,1,6,2,19,4,1149,1,11,-1,1,-1
2015460253409,2,9,0,3,0,1,0,0,0,0,2,1,6,2,17,4,1299,1,7,-1,1,-1
2015460253410,1,9,0,9,0,5,0,0,0,0,1,1,2,2,20,4,1242,1,4,-1,2,-1
2015460253410,2,9,0,18,0,1,0,0,0,0,1,1,6,2,67,10,1598,1,2,-1,3,-1
2015460253412,1,9,0,7,0,6,0,0,0,0,4,1,6,3,-1,-1,-1,-1,-1,-1,-1,-1
2015460253412,2,1,0,18,0,2,0,0,0,0,3,1,1,1,18,4,-1,-1,-1,-1,1,-1
2015460253414,1,9,0,18,0,0,1,4,0,0,1,1,1,1,56,9,-1,-1,-1,-1,1,-1
2015460253414,2,9,0,2,0,0,0,0,0,0,1,1,6,2,-1,-1,2143,2,1,-1,1,-1
2015460253415,1,9,0,7,0,1,0,0,0,0,1,1,6,1,23,5,1896,2,13,-1,1,-1
2015460253415,2,9,0,18,0,8,0,0,0,0,3,1,6,2,47,8,1242,1,5,-1,1,-1
2015460253416,1,9,0,18,0,8,1,0,0,0,1,1,2,1,34,6,1870,2,10,-1,1,-1
2015460253416,2,9,0,9,0,8,0,0,0,0,4,1,6,2,46,8,1968,2,1,-1,3,-1
2015460253420,1,9,0,18,0,8,0,0,0,0,1,1,6,1,46,8,2198,2,7,-1,1,-1
2015460253420,2,9,0,9,0,8,0,0,0,0,4,1,6,1,19,4,-1,-1,-1,-1,1,-1
2015460253421,1,1,0,18,0,0,0,0,0,0,1,1,2,1,43,7,-1,-1,-1,-1,1,-1
2015460253422,1,9,0,17,0,0,0,0,7,0,1,1,6,1,22,5,-1,-1,-1,-1,2,-1
2015460253422,2,9,0,2,0,0,0,0,0,0,2,1,6,1,-1,-1,1995,2,5,-1,1,-1
2015460253422,3,9,0,2,0,0,0,0,0,0,1,1,6,1,-1,-1,-1,-1,-1,-1,1,-1
2015460253422,4,9,0,2,0,0,0,0,0,0,1,1,6,3,-1,-1,1997,2,6,-1,-1,-1
2015460253424,1,21,0,12,0,2,0,0,0,0,3,1,1,1,49,8,-1,-1,-1,-1,-1,-1
2015460253424,2,9,0,18,0,2,2,0,1,0,4,1,6,1,19,4,2958,2,12,-1,-1,-1
2015460253425,1,9,0,18,0,1,0,0,0,0,1,1,2,1,29,6,1986,2,8,-1,1,-1
2015460253425,2,9,0,18,0,1,0,0,0,0,2,1,2,2,21,5,998,1,4,-1,1,-1
2015460253428,1,9,0,9,0,6,0,0,0,0,4,1,6,1,31,6,-1,-1,-1,-1,2,-1
2015460253428,2,9,0,18,0,1,0,0,0,0,3,1,6,2,18,4,1199,1,11,-1,1,-1
2015460253431,1,21,0,18,0,0,0,0,0,0,1,1,6,3,-1,-1,-1,-1,-1,-1,-1,-1
2015460253431,2,3,0,4,0,0,1,0,1,9,1,1,6,1,22,5,124,1,6,-1,1,-1
2015460253432,1,5,0,18,0,0,0,0,0,0,0,1,6,1,38,7,1000,1,7,-1,1,-1
2015460253444,1,9,0,4,0,1,0,0,0,0,1,1,6,1,73,10,1598,1,5,-1,1,-1