Accident_Index,Vehicle_Reference,Vehicle_Type,Towing_and_Articulation,Vehicle_Manoeuvre,Vehicle_Location-Restricted_Lane,Junction_Location,Skidding_and_Overturning,Hit_Object_in_Carriageway,Vehicle_Leaving_Carriageway,Hit_Object_off_Carriageway,1st_Point_of_Impact,Was_Vehicle_Left_Hand_Drive?,Journey_Purpose_of_Driver,Sex_of_Driver,Age_of_Driver,Age_Band_of_Driver,Engine_Capacity_(CC),Propulsion_Code,Age_of_Vehicle,Driver_IMD_Decile,Driver_Home_Area_Type,Vehicle_IMD_Decile
2015460253444,2,9,0,3,0,1,0,0,0,0,2,1,6,1,21,5,1560,2,4,-1,1,-1
2015460253445,1,9,0,18,0,2,0,0,0,0,3,1,6,3,-1,-1,-1,-1,-1,-1,-1,-1
2015460253445,2,9,0,14,0,1,0,0,0,0,3,1,1,1,50,8,1598,2,1,-1,3,-1
2015460253448,1,5,0,16,0,4,1,0,2,2,1,1,6,1,51,8,499,1,8,-1,1,-1
2015460253448,2,9,0,18,0,3,0,7,1,1,3,1,6,1,55,8,1199,1,16,-1,1,-1
2015460253461,1,9,0,18,0,5,0,0,0,0,1,1,6,1,26,6,973,1,13,-1,1,-1
2015460253462,1,9,0,18,0,0,1,0,5,6,3,1,6,2,38,7,2993,2,6,-1,1,-1
2015460253464,1,9,0,18,0,4,0,0,0,0,1,1,6,1,25,5,1995,2,8,-1,2,-1
2015460253464,2,9,0,4,0,4,0,0,0,0,2,1,6,2,27,6,1753,2,8,-1,3,-1
2015460253465,1,9,0,7,0,6,0,0,0,0,3,1,6,1,25,5,1896,2,9,-1,1,-1
2015460253465,2,9,0,18,0,1,0,0,0,0,1,1,2,2,29,6,1499,1,1,-1,1,-1
2015460253466,1,9,0,16,0,2,0,0,7,9,3,1,6,3,-1,-1,-1,-1,-1,-1,-1,-1
2015460253466,2,9,0,17,0,1,0,0,0,0,3,1,2,2,26,6,-1,-1,-1,-1,1,-1
2015460253470,1,9,0,18,0,0,0,0,0,0,1,1,2,1,21,5,-1,-1,-1,-1,1,-1
2015460253470,2,9,0,18,0,0,0,0,8,6,2,1,6,1,69,10,-1,-1,-1,-1,1,-1
2015460253470,3,9,0,18,0,0,0,0,0,0,2,1,2,1,33,6,2497,2,8,-1,1,-1
2015460253473,1,9,0,16,0,0,1,0,1,4,4,1,6,2,21,5,1198,1,7,-1,3,-1
2015460253474,1,21,0,18,0,4,0,0,0,0,4,1,6,1,48,8,-1,-1,-1,-1,-1,-1
2015460253474,2,9,0,5,0,4,0,0,0,0,3,1,1,2,22,5,1299,1,13,-1,-1,-1
2015460253480,1,9,0,13,0,0,0,0,0,0,4,1,2,1,44,7,1995,2,10,-1,1,-1
2015460253480,2,9,0,13,0,0,1,0,7,0,3,1,2,1,23,5,1332,1,19,-1,1,-1
2015460253482,1,9,0,18,0,0,0,0,0,0,4,1,6,3,-1,-1,-1,-1,-1,-1,-1,-1
2015460253483,1,9,0,9,0,5,0,0,0,0,1,1,2,2,46,8,1896,2,13,-1,1,-1
2015460253484,1,19,0,4,0,1,0,0,0,0,1,1,1,1,38,7,2402,2,9,-1,1,-1
2015460253484,2,9,0,8,0,1,0,0,0,0,2,1,6,2,39,7,-1,-1,-1,-1,1,-1
2015460253486,1,9,0,12,0,0,2,0,7,1,3,1,2,2,55,8,-1,-1,-1,-1,-1,-1
2015460253486,2,9,0,18,0,0,0,0,0,0,1,1,2,1,33,6,2198,1,11,-1,-1,-1
2015460253490,1,9,0,5,0,6,0,0,3,0,1,1,6,1,40,7,1124,1,8,-1,1,-1
2015460253490,2,9,0,18,0,1,0,0,0,0,3,1,6,2,76,11,1995,1,8,-1,-1,-1
2015460253492,1,9,0,18,0,8,0,6,1,10,1,1,1,1,22,5,-1,-1,-1,-1,1,-1
2015460253492,2,9,0,18,0,8,0,0,0,0,0,1,1,1,19,4,1197,1,1,-1,1,-1
2015460253496,1,9,0,18,0,8,0,0,0,0,1,1,6,1,40,7,1598,2,2,-1,1,-1
2015460253496,2,9,0,18,0,8,0,0,0,0,2,1,6,2,31,6,1364,1,6,-1,3,-1
2015460253496,3,19,0,18,0,8,0,0,0,0,0,1,6,1,43,7,-1,-1,-1,-1,1,-1
2015460253499,1,9,0,18,0,0,0,0,0,0,1,1,1,2,51,8,1998,1,12,-1,1,-1
2015460253499,2,9,0,18,0,0,1,0,0,0,1,1,1,2,62,9,1598,1,3,-1,1,-1
2015460253500,1,9,0,7,0,6,0,0,0,0,1,1,6,2,20,4,1364,1,11,-1,2,-1
2015460253500,2,9,0,18,0,1,0,0,0,0,4,1,6,2,49,8,-1,-1,-1,-1,1,-1
2015460253500,3,10,0,18,0,1,0,0,0,0,3,1,1,2,67,10,-1,-1,-1,-1,1,-1
2015460253504,1,9,0,18,0,8,0,0,0,0,1,1,6,3,-1,-1,-1,-1,-1,-1,-1,-1
2015460253504,2,9,0,18,0,8,1,0,0,0,4,1,6,2,23,5,1229,1,1,-1,1,-1
2015460253506,1,9,0,18,0,1,0,0,0,0,1,1,6,3,-1,-1,1399,2,10,-1,-1,-1
2015460253507,1,9,0,18,0,1,0,0,0,0,4,1,6,1,65,9,1998,2,9,-1,1,-1
2015460253512,1,9,0,18,0,0,1,1,1,7,1,1,6,1,68,10,1991,1,-1,-1,3,-1
2015460253512,2,9,0,2,0,0,0,0,0,0,2,1,6,1,53,8,-1,-1,-1,-1,1,-1
2015460253512,3,20,0,2,0,0,0,0,0,0,2,1,1,1,42,7,4250,2,14,-1,-1,-1
2015460253519,1,1,0,18,0,0,0,0,0,0,1,1,4,1,12,3,-1,-1,-1,-1,1,-1
2015460253523,1,9,0,18,0,0,0,0,0,0,4,1,6,1,43,7,-1,-1,-1,-1,1,-1
2015460253523,2,9,0,18,0,0,0,0,0,0,1,1,6,1,50,8,-1,-1,-1,-1,-1,-1
2015460253528,1,19,0,18,0,0,1,0,0,0,1,1,1,1,57,9,1248,2,2,-1,1,-1
2015460253528,2,9,0,3,0,0,0,0,0,0,2,1,6,2,28,6,1149,1,4,-1,1,-1
2015460253538,1,9,0,18,0,0,0,0,0,0,1,1,6,1,79,11,-1,-1,-1,-1,1,-1
2015460253538,2,90,0,2,0,0,0,0,0,0,2,1,1,2,43,7,2987,2,4,-1,1,-1
2015460253542,1,9,0,13,0,0,1,0,1,0,1,1,1,1,35,6,1199,1,14,-1,1,-1
2015460253542,2,11,0,18,0,0,1,0,0,0,1,1,1,1,35,6,3900,2,9,-1,1,-1
2015460253542,3,9,0,18,0,0,1,0,0,0,1,1,1,1,61,9,-1,-1,-1,-1,1,-1
2015460253542,4,9,0,18,0,0,0,0,0,0,2,1,1,1,49,8,1461,2,3,-1,3,-1
2015460253543,1,9,0,7,0,8,0,0,0,0,1,1,6,1,22,5,-1,-1,-1,-1,1,-1
2015460253543,2,9,0,10,0,1,0,0,0,0,1,1,6,1,30,6,1968,2,4,-1,1,-1
2015460253543,3,9,0,18,0,1,0,0,0,0,3,1,6,1,40,7,-1,-1,-1,-1,1,-1
2015460253547,1,9,0,18,0,0,1,10,5,6,3,1,6,1,28,6,1386,1,7,-1,1,-1
2015460253550,1,9,0,17,0,0,1,0,2,1,4,1,1,2,21,5,1124,1,14,-1,2,-1
2015460253551,1,9,0,18,0,1,0,0,0,0,3,1,3,1,49,8,1198,1,7,-1,3,-1
2015460253553,1,9,0,18,0,0,2,0,8,10,1,1,3,2,41,7,-1,-1,-1,-1,3,-1
2015460253556,1,9,0,18,0,0,0,0,0,0,1,1,6,2,24,5,1229,1,4,-1,1,-1
2015460253556,2,2,0,3,0,0,0,0,0,0,2,1,6,1,50,8,865,1,6,-1,1,-1
2015460253556,3,9,0,3,0,0,0,0,0,0,2,1,6,1,48,8,1997,2,4,-1,1,-1
2015460253558,1,9,0,18,0,1,0,0,0,0,1,1,6,3,-1,-1,-1,-1,-1,-1,-1,-1
2015460253558,2,20,0,3,0,1,0,0,0,0,2,1,6,3,-1,-1,-1,-1,-1,-1,-1,-1
2015460253558,3,9,0,3,0,1,0,0,0,0,2,1,4,2,17,4,1360,1,12,-1,3,-1
2015460253565,1,9,0,18,0,1,0,0,0,0,1,1,6,1,22,5,-1,-1,-1,-1,2,-1
2015460253565,2,9,0,4,0,1,0,0,0,0,2,1,6,1,65,9,-1,-1,-1,-1,2,-1
2015460253577,1,9,0,18,0,8,0,0,0,0,1,1,6,2,28,6,1360,1,8,-1,1,-1
2015460253577,2,9,0,6,0,8,0,0,0,0,3,1,6,1,42,7,2204,2,9,-1,1,-1
2015460253587,1,9,0,17,0,1,0,0,0,0,3,1,6,2,21,5,1493,2,8,-1,1,-1
2015460253587,2,9,0,18,0,1,0,0,0,0,1,1,6,1,20,4,1598,1,11,-1,1,-1
2015460253590,1,9,0,18,0,0,0,0,0,0,1,1,6,3,-1,-1,-1,-1,-1,-1,-1,-1
2015460253598,1,9,0,18,0,3,0,0,0,0,1,1,6,1,55,8,-1,-1,-1,-1,1,-1
2015460253598,2,9,0,3,0,3,0,0,0,0,2,1,3,2,30,6,1794,1,10,-1,1,-1
2015460253603,1,9,0,17,0,1,1,0,1,1,1,1,6,1,35,6,-1,-1,-1,-1,-1,-1
2015460253603,2,9,0,10,0,1,0,0,0,0,1,1,6,1,66,10,4172,1,16,-1,3,-1
2015460253604,1,9,0,18,0,0,1,0,8,3,1,1,1,2,37,7,1364,1,7,-1,-1,-1
2015460253606,1,9,0,18,0,0,0,0,0,0,1,1,1,1,34,6,-1,-1,-1,-1,1,-1
2015460253606,2,9,0,4,0,0,0,0,0,0,2,1,6,1,61,9,1560,2,3,-1,1,-1
2015460253606,3,9,0,4,0,0,0,0,0,0,2,1,6,2,35,6,1598,1,7,-1,1,-1
2015460253606,4,9,0,4,0,0,0,0,0,0,2,1,6,2,29,6,1149,1,10,-1,1,-1
2015460253609,1,9,0,18,0,0,0,0,0,0,1,1,6,1,27,6,-1,-1,-1,-1,1,-1
2015460253609,2,9,0,4,0,0,0,0,0,0,2,1,6,2,48,8,1248,2,7,-1,2,-1
2015460253609,3,9,0,4,0,0,0,0,0,0,2,1,6,1,49,8,-1,-1,-1,-1,2,-1
2015460253615,1,11,0,18,0,0,0,0,0,0,4,1,1,1,50,8,4461,2,2,-1,1,-1
2015460253616,1,9,0,18,0,0,0,0,0,0,1,1,6,1,40,7,1598,2,2,-1,1,-1
2015460253620,1,9,0,9,0,8,0,0,0,0,0,1,6,1,55,8,1753,2,7,-1,1,-1
2015460253620,2,5,0,18,0,8,1,10,0,0,1,1,6,1,20,4,675,1,1,-1,1,-1
2015460253622,1,9,0,3,0,1,0,0,0,0,1,1,6,3,-1,-1,998,1,4,-1,-1,-1
2015460253622,2,9,0,3,0,1,0,0,0,0,2,1,6,1,36,7,-1,-1,-1,-1,1,-1
2015460253623,1,21,0,18,0,1,1,0,0,0,1,1,1,1,42,7,12740,2,1,-1,2,-1
2015460253623,2,9,0,4,0,1,0,0,0,0,2,1,6,2,50,8,-1,-1,-1,-1,1,-1
2015460253625,1,9,0,5,0,6,0,0,0,0,3,1,2,1,58,9,3969,1,16,-1,2,-1
2015460253625,2,5,0,13,0,1,0,0,0,0,1,1,2,1,55,8,599,1,13,-1,2,-1
2015460253632,1,9,0,10,0,1,0,0,0,0,1,1,1,1,55,8,1997,2,4,-1,3,-1
2015460253632,2,9,0,18,0,8,0,0,0,0,4,1,6,2,41,7,1299,1,14,-1,1,-1
2015460253633,1,9,0,17,0,0,0,0,1,4,0,1,6,1,51,8,1999,1,14,-1,1,-1
2015460253638,1,9,0,9,0,5,0,0,0,0,1,1,6,1,-1,-1,-1,-1,-1,-1,-1,-1
2015460253645,1,19,0,13,0,0,0,0,0,0,4,1,6,1,-1,-1,-1,-1,-1,-1,-1,-1
2015460253645,2,9,0,3,0,0,0,0,0,0,3,1,6,1,44,7,1390,1,17,-1,-1,-1
2015460253645,3,11,0,3,0,0,0,0,0,0,3,1,6,1,-1,-1,-1,-1,-1,-1,-1,-1
2015460253645,4,9,0,3,0,0,0,0,0,0,3,1,6,1,53,8,1968,2,3,-1,-1,-1
2015460253647,1,9,0,3,0,1,0,0,0,0,1,1,6,1,39,7,1699,1,9,-1,1,-1
2015460253647,2,9,0,7,0,6,0,0,0,0,2,1,3,2,27,6,1598,1,13,-1,1,-1
2015460253648,1,9,0,18,0,0,0,0,0,0,4,1,6,3,-1,-1,-1,-1,-1,-1,-1,-1
2015460253650,1,9,0,18,0,8,0,0,0,0,4,1,6,2,53,8,2400,2,6,-1,1,-1
2015460253650,2,9,0,18,0,4,0,0,0,0,1,1,1,1,62,9,1560,2,1,-1,1,-1
2015460253656,1,9,0,7,0,1,0,0,0,0,2,1,6,1,44,7,-1,-1,-1,-1,1,-1
2015460253656,2,9,0,2,0,2,0,0,0,0,3,1,6,1,45,7,1560,2,9,-1,1,-1
2015460253656,3,9,0,2,0,2,0,0,0,0,3,1,6,1,45,7,996,1,3,-1,1,-1
2015460253656,4,9,0,2,0,2,0,0,0,0,3,1,6,1,45,7,2143,2,2,-1,-1,-1
2015460253656,5,9,0,2,0,2,0,0,0,0,3,1,6,1,68,10,-1,-1,-1,-1,1,-1
2015460253656,6,9,0,3,0,2,0,0,0,0,3,1,6,1,24,5,1149,1,12,-1,1,-1
2015460253656,7,9,0,3,0,2,0,0,0,0,3,1,6,1,61,9,659,1,7,-1,1,-1
2015460253656,8,9,0,3,0,2,0,0,0,0,3,1,6,2,46,8,2000,2,11,-1,1,-1
2015460253656,9,19,0,3,0,2,0,0,0,0,3,1,6,1,45,7,2402,2,7,-1,1,-1
2015460253656,10,9,0,3,0,2,0,0,0,0,3,1,6,1,45,7,1968,2,2,-1,1,-1
2015460253656,11,9,0,3,0,2,0,0,0,0,3,1,6,2,45,7,2179,2,1,-1,1,-1
2015460253658,1,21,0,18,0,0,0,0,0,0,1,2,1,1,49,8,-1,-1,-1,-1,-1,-1
2015460253658,2,9,0,18,0,0,0,0,1,0,2,1,6,2,53,8,1998,2,10,-1,2,-1
2015460253660,1,9,0,18,0,6,0,0,8,9,3,1,2,2,30,6,-1,-1,-1,-1,1,-1
2015460253660,2,9,0,18,0,8,0,0,8,9,1,1,6,1,53,8,1248,1,6,-1,3,-1
2015460253666,1,9,0,2,0,2,0,0,1,0,1,1,1,2,53,8,-1,-1,-1,-1,1,-1
2015460253666,2,9,0,18,0,2,1,0,0,0,1,1,2,2,26,6,-1,-1,-1,-1,1,-1
2015460253669,1,9,0,17,0,8,2,0,0,0,4,1,1,2,31,6,-1,-1,-1,-1,1,-1
2015460253672,1,3,0,18,0,2,0,0,0,0,2,1,6,1,17,4,124,1,1,-1,1,-1
2015460253675,1,9,0,11,0,0,5,0,1,9,4,1,6,1,55,8,1769,1,10,-1,1,-1
2015460253689,1,21,1,11,0,3,0,0,0,0,2,1,1,1,49,8,12777,2,2,-1,1,-1
2015460253689,2,9,0,16,0,3,0,0,0,0,3,1,6,2,44,7,-1,-1,-1,-1,1,-1
2015460253691,1,9,0,17,0,0,0,0,8,6,3,1,6,2,35,6,-1,-1,-1,-1,1,-1
2015460253695,1,9,0,1,0,0,0,0,0,0,2,1,6,2,73,10,1242,1,6,-1,1,-1
2015460253698,1,9,0,9,0,8,0,0,0,0,1,1,1,2,21,5,1242,1,12,-1,3,-1
2015460253698,2,9,0,18,0,8,0,0,0,0,1,1,6,1,50,8,2495,2,25,-1,3,-1
2015460253704,1,9,0,17,0,8,0,0,0,0,4,1,1,2,59,9,1242,1,7,-1,1,-1
2015460253704,2,9,0,18,0,4,0,0,0,0,3,1,3,1,40,7,1968,2,10,-1,1,-1
2015460253731,1,9,0,18,0,1,0,0,3,4,3,1,6,1,53,8,1389,1,19,-1,1,-1
2015460253731,2,9,0,18,0,1,0,0,0,0,1,1,6,1,42,7,1796,1,11,-1,1,-1
2015460253733,1,9,0,7,0,5,0,0,0,0,4,1,6,3,-1,-1,-1,-1,-1,-1,-1,-1
2015460253739,1,9,0,5,0,4,0,0,0,0,1,2,6,1,21,5,-1,-1,-1,-1,1,-1
2015460253739,2,9,0,9,0,8,1,0,1,1,4,1,3,2,40,7,-1,-1,-1,-1,1,-1
2015460253743,1,9,0,18,0,1,0,0,0,0,1,1,6,1,68,10,-1,-1,-1,-1,1,-1
2015460253743,2,9,0,4,0,1,0,0,0,0,2,1,6,2,31,6,1995,2,14,-1,1,-1
2015460253744,1,9,0,18,0,0,0,0,8,6,3,1,6,1,24,5,1998,1,13,-1,1,-1
2015460253746,1,9,0,16,0,0,0,0,1,4,1,1,2,1,20,4,-1,-1,-1,-1,3,-1
2015460253749,1,9,0,12,0,0,0,0,0,0,1,1,6,2,39,7,-1,-1,-1,-1,1,-1
2015460253749,2,9,0,18,0,0,0,0,0,0,2,1,6,2,52,8,1598,1,1,-1,1,-1
2015460253749,3,9,0,18,0,0,0,0,0,0,2,1,6,2,22,5,1229,1,1,-1,1,-1
2015460253749,4,9,0,18,0,0,0,0,0,0,2,1,6,1,23,5,1596,1,2,-1,1,-1
2015460253749,5,19,0,18,0,0,0,0,0,0,2,1,6,1,47,8,1461,2,10,-1,1,-1
2015460253752,1,9,0,6,0,0,0,0,0,0,1,1,6,1,47,8,998,1,17,-1,3,-1
2015460253752,2,1,0,5,0,0,0,0,0,0,1,1,1,1,30,6,-1,-1,-1,-1,-1,-1
2015460253753,1,9,0,18,0,0,0,0,0,0,1,1,6,1,20,4,-1,-1,-1,-1,3,-1
2015460253753,2,9,0,4,0,0,0,0,0,0,2,1,6,2,55,8,1390,1,3,-1,1,-1
2015460253753,3,9,0,4,0,0,0,0,0,0,2,1,6,2,30,6,-1,-1,-1,-1,3,-1
2015460253753,4,9,0,5,0,0,0,0,0,0,2,1,6,1,49,8,1910,2,9,-1,1,-1
2015460253753,5,9,0,4,0,0,0,0,0,0,2,1,6,2,67,10,1781,1,19,-1,3,-1
2015460253756,1,9,0,9,0,6,0,0,0,0,1,1,6,1,38,7,1560,2,4,-1,2,-1
2015460253756,2,9,0,9,0,5,0,0,0,0,3,1,6,2,57,9,-1,-1,-1,-1,1,-1
2015460253758,1,9,0,18,9,1,0,10,1,0,1,1,6,3,-1,-1,-1,-1,-1,-1,-1,-1
2015460253759,1,9,0,18,0,1,1,0,0,0,1,1,6,1,20,4,-1,-1,-1,-1,3,-1
2015460253759,2,9,0,4,0,1,0,0,0,0,2,1,6,1,-1,-1,1956,2,1,-1,-1,-1
2015460253761,1,9,0,18,0,8,1,0,0,0,1,1,2,1,19,4,-1,-1,-1,-1,1,-1
2015460253761,2,9,0,18,0,8,0,0,0,0,1,1,1,1,29,6,-1,-1,-1,-1,1,-1
2015460253765,1,5,0,18,0,3,1,10,0,0,1,1,6,1,23,5,636,1,11,-1,-1,-1
2015460253766,1,9,0,17,0,8,1,0,1,4,1,1,6,1,32,6,-1,-1,-1,-1,1,-1
2015460253768,1,9,0,6,0,2,0,0,7,10,0,1,6,2,60,9,-1,-1,-1,-1,2,-1
2015460253771,1,9,0,3,0,1,0,0,0,0,1,1,6,1,-1,-1,-1,-1,-1,-1,1,-1
2015460253771,2,9,0,3,0,1,0,0,0,0,2,1,6,2,38,7,1895,1,16,-1,1,-1
2015460253773,1,9,0,5,0,0,0,0,0,0,1,1,6,1,21,5,1900,2,17,-1,1,-1
2015460253773,2,9,0,18,0,0,0,0,0,0,1,1,6,2,55,8,1598,2,1,-1,1,-1
2015460253776,1,1,0,17,0,1,0,0,0,0,0,1,6,1,47,8,-1,-1,-1,-1,1,-1
2015460253778,1,9,0,9,0,8,0,0,0,0,1,1,6,1,-1,-1,-1,-1,-1,-1,-1,-1
2015460253778,2,9,0,18,0,8,0,0,0,0,1,1,6,2,33,6,-1,-1,-1,-1,3,-1
2015460253782,1,1,0,18,5,0,0,11,0,0,1,1,1,1,47,8,-1,-1,-1,-1,1,-1
2015460253782,2,1,0,15,5,0,0,11,0,0,1,1,1,1,-1,-1,-1,-1,-1,-1,3,-1
2015460253784,1,9,0,18,0,0,0,0,0,0,1,1,2,1,48,8,-1,-1,-1,-1,-1,-1
2015460253784,2,9,0,4,0,0,1,0,0,0,2,1,2,2,49,8,-1,-1,-1,-1,1,-1
2015460253784,3,9,0,4,0,0,1,0,0,0,2,1,2,1,59,9,-1,-1,-1,-1,1,-1
2015460253784,4,9,0,4,0,0,0,0,0,0,2,1,6,1,73,10,1200,1,2,-1,1,-1
2015460253785,1,9,0,18,0,1,1,0,0,0,4,1,6,1,25,5,-1,-1,-1,-1,1,-1
2015460253785,2,9,0,18,0,1,0,1,0,0,1,1,6,1,49,8,-1,-1,-1,-1,3,-1
2015460253788,1,11,0,18,0,0,0,0,0,0,0,1,1,1,64,9,9600,2,19,-1,1,-1
2015460253789,1,11,0,5,0,1,0,0,0,0,1,1,1,1,33,6,9600,2,26,-1,1,-1
2015460253789,2,9,0,4,0,1,0,0,0,0,2,1,3,2,41,7,1968,2,2,-1,2,-1
2015460253789,3,9,0,4,0,1,0,0,0,0,2,1,6,2,41,7,1460,2,8,-1,-1,-1
2015460253790,1,9,0,9,0,6,0,0,0,0,1,1,6,2,51,8,1229,1,3,-1,-1,-1
2015460253790,2,9,0,18,0,2,0,0,0,0,3,1,2,2,31,6,1796,1,7,-1,-1,-1
2015460253791,1,9,0,18,0,0,0,0,0,0,1,1,6,1,24,5,-1,-1,-1,-1,-1,-1
2015460253796,1,9,0,9,0,1,0,0,0,0,3,1,6,1,25,5,1596,1,14,-1,1,-1
2015460253796,2,3,0,18,0,1,0,0,0,0,1,1,6,1,22,5,124,1,-1,-1,1,-1
2015460253798,1,9,0,4,0,1,0,0,0,0,1,1,1,1,57,9,1686,2,3,-1,1,-1
2015460253798,2,9,0,4,0,1,0,0,0,0,2,1,2,2,55,8,1560,2,7,-1,1,-1
2015460253799,1,9,0,18,0,1,0,0,0,0,1,1,6,1,75,10,1560,2,2,-1,3,-1
2015460253805,1,11,0,18,0,0,0,0,0,0,1,1,1,1,43,7,7300,2,9,-1,1,-1
2015460253808,1,9,0,18,0,0,0,0,0,0,4,1,6,1,-1,-1,1796,1,3,-1,1,-1
2015460253810,1,9,0,18,0,1,0,0,0,0,1,1,6,2,-1,-1,1753,2,14,-1,-1,-1
2015460253810,2,9,0,4,0,1,0,0,0,0,2,1,6,2,50,8,2231,2,8,-1,1,-1
2015460253813,1,9,0,18,0,0,0,0,0,0,1,1,6,2,70,10,1596,1,6,-1,1,-1
2015460253813,2,10,0,18,0,0,0,0,0,0,1,1,3,1,65,9,2402,2,11,-1,3,-1
2015460253825,1,9,0,18,0,1,0,0,0,0,1,1,6,1,26,6,-1,-1,-1,-1,1,-1
2015460253825,2,9,0,18,0,2,0,0,0,0,1,1,6,1,44,7,1995,2,6,-1,1,-1
2015460253833,1,11,0,18,0,1,0,0,0,0,0,1,1,1,39,7,4461,2,1,-1,1,-1
2015460253835,1,9,0,18,0,1,0,0,1,1,1,1,6,1,60,9,-1,-1,-1,-1,1,-1
2015460253837,1,1,0,18,0,0,0,0,0,0,1,1,4,1,14,3,-1,-1,-1,-1,1,-1
2015460253837,2,9,0,4,0,0,0,0,0,0,2,1,3,1,34,6,2204,2,10,-1,1,-1
2015460253839,1,9,0,9,0,1,0,0,0,0,3,1,2,2,56,9,1560,2,7,-1,1,-1
2015460253840,1,19,0,1,0,8,0,0,0,0,2,1,6,1,44,7,2198,2,2,-1,1,-1
2015460253842,1,9,0,18,0,0,0,0,0,0,1,1,6,1,18,4,1124,1,14,-1,2,-1
2015460253842,2,9,0,18,0,0,0,0,0,0,1,1,6,2,24,5,1599,1,10,-1,1,-1
2015460253843,1,9,0,18,0,1,0,0,0,0,1,1,1,1,49,8,1910,2,7,-1,2,-1
2015460253850,1,9,0,18,0,0,0,0,0,0,1,1,2,2,19,4,1200,1,1,-1,1,-1
2015460253850,2,9,0,18,0,0,0,0,0,0,1,1,2,2,48,8,-1,-1,-1,-1,1,-1
2015460253850,3,9,0,18,0,0,0,0,0,0,1,1,2,2,31,6,1299,1,11,-1,1,-1
2015460253850,4,9,0,18,0,0,0,0,0,0,1,1,6,1,24,5,-1,-1,-1,-1,1,-1
2015460253850,5,9,0,18,0,0,0,0,0,0,2,1,2,2,40,7,1896,2,11,-1,3,-1
2015460253853,1,9,0,18,0,8,2,0,0,0,1,1,1,1,24,5,2993,2,2,-1,1,-1
2015460253853,2,9,0,18,0,8,0,0,0,0,1,1,6,1,40,7,2765,2,21,-1,1,-1
2015460253856,1,9,0,14,0,0,0,0,0,0,4,1,6,1,71,10,1973,1,14,-1,2,-1
2015460253856,2,9,0,2,0,0,0,0,0,0,3,1,6,2,40,7,-1,-1,-1,-1,2,-1
2015460253860,1,9,0,4,0,1,0,0,0,0,1,1,6,2,46,8,-1,-1,-1,-1,1,-1
2015460253860,2,9,0,4,0,1,0,0,0,0,2,1,6,1,28,6,-1,-1,-1,-1,1,-1
2015460253860,3,9,0,9,0,8,0,0,0,0,2,1,6,2,22,5,998,1,6,-1,1,-1
2015460253864,1,9,0,18,0,6,0,0,0,0,4,1,2,1,65,9,-1,-1,-1,-1,1,-1
2015460253864,2,9,0,18,0,1,0,0,0,0,3,1,2,1,57,9,1956,2,5,-1,3,-1
2015460253872,1,9,0,18,0,3,0,0,0,0,2,1,6,3,-1,-1,-1,-1,-1,-1,-1,-1
2015460253872,2,1,0,18,0,8,0,0,0,0,3,1,6,1,32,6,-1,-1,-1,-1,-1,-1
2015460253874,1,9,0,18,0,0,0,0,0,0,0,1,6,3,-1,-1,-1,-1,-1,-1,-1,-1
2015460253874,2,5,0,18,0,0,0,0,0,0,3,1,6,1,56,9,1043,1,1,-1,2,-1
2015460253875,1,9,0,14,0,0,0,0,0,0,1,1,6,2,78,11,1598,1,7,-1,1,-1
2015460253875,2,9,0,2,0,0,0,0,1,10,1,1,6,1,50,8,-1,-1,-1,-1,1,-1
2015460253875,3,9,0,2,0,0,0,0,0,0,2,1,6,1,30,6,1896,2,14,-1,1,-1
2015460253876,1,9,0,18,0,1,0,0,0,0,1,1,6,2,28,6,1598,1,14,-1,-1,-1
2015460253876,2,9,0,4,0,1,0,0,0,0,2,1,6,1,36,7,1968,2,5,-1,-1,-1
2015460253877,1,9,0,18,0,1,0,0,0,0,1,1,1,1,44,7,-1,-1,-1,-1,1,-1
2015460253877,2,9,0,3,0,1,0,0,0,0,2,1,6,1,36,7,1968,2,6,-1,1,-1
2015460253877,3,9,0,3,0,1,0,0,0,0,2,1,3,2,41,7,1248,2,8,-1,3,-1
2015460253877,4,9,0,3,0,1,0,0,0,0,2,1,6,1,40,7,1988,1,14,-1,1,-1
2015460253879,1,9,0,17,0,2,1,0,7,4,1,1,6,1,26,6,-1,-1,-1,-1,-1,-1
2015460253879,2,9,0,16,0,1,0,0,0,0,1,1,2,1,66,10,2400,2,4,-1,2,-1
2015460253880,1,9,0,10,0,1,0,0,0,0,4,1,2,2,-1,-1,1796,1,16,-1,1,-1
2015460253880,2,1,0,18,0,1,0,0,0,0,3,1,2,2,63,9,-1,-1,-1,-1,1,-1
2015460253881,1,9,0,4,0,0,0,0,0,0,1,1,6,1,59,9,1242,1,1,-1,1,-1
2015460253882,1,19,0,18,0,0,0,0,0,0,4,1,6,1,31,6,2198,2,7,-1,1,-1
2015460253883,1,9,0,5,0,6,0,0,0,0,3,1,1,2,28,6,-1,-1,-1,-1,2,-1
2015460253883,2,9,0,18,0,1,0,0,7,0,1,1,6,2,44,7,-1,-1,-1,-1,1,-1
2015460253885,1,9,0,18,0,4,0,0,0,0,3,1,6,2,58,9,1390,1,6,-1,1,-1
2015460253885,2,1,0,9,0,3,1,0,0,0,3,1,6,1,32,6,-1,-1,-1,-1,1,-1
2015460253887,1,9,0,18,0,0,2,0,5,6,1,1,6,2,20,4,998,1,11,-1,1,-1