Accident_Index,Vehicle_Reference,Vehicle_Type,Towing_and_Articulation,Vehicle_Manoeuvre,Vehicle_Location-Restricted_Lane,Junction_Location,Skidding_and_Overturning,Hit_Object_in_Carriageway,Vehicle_Leaving_Carriageway,Hit_Object_off_Carriageway,1st_Point_of_Impact,Was_Vehicle_Left_Hand_Drive?,Journey_Purpose_of_Driver,Sex_of_Driver,Age_of_Driver,Age_Band_of_Driver,Engine_Capacity_(CC),Propulsion_Code,Age_of_Vehicle,Driver_IMD_Decile,Driver_Home_Area_Type,Vehicle_IMD_Decile
2015460254238,3,9,0,2,0,0,0,0,0,0,3,1,6,1,-1,-1,-1,-1,-1,-1,1,-1
2015460254239,1,9,0,4,0,4,0,0,0,0,1,1,6,1,22,5,-1,-1,-1,-1,1,-1
2015460254239,2,9,0,4,0,4,0,0,0,0,2,1,6,2,27,6,1242,1,4,-1,3,-1
2015460254241,1,9,0,18,0,4,0,0,0,0,1,1,6,1,39,7,-1,-1,-1,-1,1,-1
2015460254241,2,9,0,18,0,8,0,0,0,0,4,1,6,1,28,6,-1,-1,-1,-1,1,-1
2015460254243,1,9,0,18,0,0,0,0,0,0,1,1,6,2,44,7,1997,1,8,-1,2,-1
2015460254243,2,90,0,18,0,0,0,0,0,0,3,1,6,1,8,2,-1,-1,-1,-1,2,-1
2015460254244,1,9,0,18,0,1,1,0,1,4,0,1,6,1,-1,-1,1995,1,12,-1,2,-1
2015460254245,1,9,0,18,0,1,0,0,0,0,4,1,3,2,32,6,1595,1,16,-1,1,-1
2015460254246,1,9,0,18,0,1,0,0,0,0,1,1,6,1,28,6,1364,1,9,-1,2,-1
2015460254246,2,17,0,10,0,1,0,0,0,0,2,1,1,1,34,6,854,2,3,-1,3,-1
2015460254248,1,9,0,18,0,0,0,0,0,0,1,1,6,1,26,6,2996,1,8,-1,1,-1
2015460254248,2,9,0,10,0,0,0,0,0,0,2,1,6,1,38,7,2993,2,10,-1,3,-1
2015460254249,1,19,0,15,0,1,0,0,0,0,3,1,6,1,60,9,-1,-1,-1,-1,2,-1
2015460254249,2,9,0,10,0,1,0,0,0,0,4,1,6,2,21,5,1242,1,5,-1,1,-1
2015460254250,1,3,0,18,0,0,0,0,0,0,1,1,6,1,18,4,124,1,3,-1,1,-1
2015460254250,2,9,0,4,0,0,0,0,0,0,2,1,6,1,24,5,1364,1,10,-1,1,-1
2015460254250,3,9,0,18,0,0,0,0,0,0,3,1,6,3,-1,-1,1997,2,5,-1,1,-1
2015460254258,1,11,0,14,0,0,0,0,0,0,3,1,1,1,42,7,9360,2,2,-1,1,-1
2015460254258,2,9,0,18,0,0,0,0,0,0,3,1,6,1,77,11,-1,-1,-1,-1,1,-1
2015460254259,1,9,0,18,0,1,0,0,0,0,1,1,6,1,21,5,1910,2,8,-1,3,-1
2015460254262,1,9,0,4,0,0,0,0,0,0,1,1,2,1,51,8,-1,-1,-1,-1,-1,-1
2015460254262,2,9,0,3,0,0,0,0,0,0,2,1,6,2,65,9,1248,1,3,-1,1,-1
2015460254265,1,5,0,10,0,1,0,0,0,0,2,1,6,1,32,6,599,1,19,-1,1,-1
2015460254265,2,4,0,4,0,1,0,0,0,0,1,1,6,2,26,6,499,1,10,-1,1,-1
2015460254265,3,9,0,4,0,1,1,0,1,0,2,1,6,2,33,6,1796,1,11,-1,1,-1
2015460254265,4,9,0,4,0,1,1,0,1,0,1,1,6,2,37,7,1896,2,12,-1,3,-1
2015460254269,1,9,0,13,0,0,0,0,0,0,4,1,6,1,31,6,-1,-1,-1,-1,-1,-1
2015460254269,2,1,0,18,0,0,0,0,0,0,3,1,6,1,32,6,-1,-1,-1,-1,3,-1
2015460254271,1,21,1,9,0,8,0,0,0,0,3,1,1,1,36,7,10837,2,2,-1,-1,-1
2015460254271,2,9,0,9,0,1,0,0,0,0,3,1,6,2,27,6,1896,2,10,-1,1,-1
2015460254272,1,9,0,5,0,6,0,0,0,0,1,1,6,1,69,10,1598,1,2,-1,2,-1
2015460254272,2,9,0,18,0,1,0,0,0,0,1,1,6,2,27,6,998,1,7,-1,1,-1
2015460254273,1,9,0,4,0,2,0,0,0,0,1,1,6,1,21,5,1896,2,10,-1,1,-1
2015460254273,2,9,0,4,0,2,0,0,0,0,2,1,6,2,29,6,1769,1,11,-1,1,-1
2015460254273,3,9,0,3,0,2,0,0,0,0,2,1,6,2,56,9,1390,1,7,-1,1,-1
2015460254275,1,9,0,18,0,0,0,0,0,0,1,1,2,2,42,7,-1,-1,-1,-1,1,-1
2015460254275,2,9,0,3,0,0,0,0,0,0,2,1,2,1,60,9,1796,1,1,-1,1,-1
2015460254275,3,9,0,3,0,0,0,0,0,0,2,1,2,2,29,6,1598,2,2,-1,-1,-1
2015460254275,4,9,0,3,0,0,0,0,0,0,2,1,2,1,46,8,1896,2,8,-1,1,-1
2015460254276,1,1,0,18,0,0,0,0,0,0,1,1,6,1,50,8,-1,-1,-1,-1,2,-1
2015460254278,1,9,0,5,0,0,0,0,0,0,1,1,6,1,26,6,2497,1,6,-1,1,-1
2015460254280,1,1,0,18,0,1,0,0,0,0,1,1,6,1,12,3,-1,-1,-1,-1,1,-1
2015460254280,2,9,0,18,0,1,0,0,0,0,1,1,2,2,40,7,2204,2,9,-1,1,-1
2015460254281,1,9,0,9,0,5,0,0,0,0,4,1,3,1,19,4,1598,1,9,-1,3,-1
2015460254281,2,9,0,18,0,1,0,0,0,0,3,1,1,1,45,7,-1,-1,-1,-1,2,-1
2015460254282,1,9,0,17,0,0,2,0,0,0,0,1,6,2,21,5,998,1,10,-1,1,-1
2015460254283,1,9,0,18,0,0,0,0,0,0,1,1,2,1,41,7,1685,2,1,-1,-1,-1
2015460254283,2,9,0,10,0,0,0,0,0,0,2,1,6,1,31,6,1984,1,8,-1,-1,-1
2015460254290,1,9,0,18,0,1,0,0,0,0,1,1,1,1,31,6,-1,-1,-1,-1,3,-1
2015460254290,2,9,0,18,0,1,0,0,0,0,2,1,6,1,18,4,-1,-1,-1,-1,1,-1
2015460254292,1,20,0,18,0,3,0,0,0,0,2,1,1,1,47,8,10518,2,6,-1,1,-1
2015460254292,2,9,0,18,0,3,0,0,0,0,2,1,6,1,43,7,1560,2,11,-1,1,-1
2015460254295,1,9,0,4,0,0,0,0,0,0,3,1,2,1,36,7,1686,2,8,-1,1,-1
2015460254301,1,9,0,18,0,0,0,0,0,0,1,1,6,1,23,5,1968,2,3,-1,1,-1
2015460254301,2,9,0,18,0,0,0,0,0,0,2,1,6,1,29,6,1560,2,9,-1,1,-1
2015460254303,1,9,0,18,0,8,0,0,0,0,1,1,6,1,56,9,-1,-1,-1,-1,1,-1
2015460254303,2,9,0,4,0,8,0,0,0,0,2,1,3,2,43,7,2400,2,8,-1,-1,-1
2015460254303,3,9,0,4,0,8,0,0,0,0,2,1,3,1,-1,-1,1597,1,16,-1,1,-1
2015460254304,1,9,0,16,0,0,2,0,8,10,1,1,6,2,45,7,1360,1,11,-1,1,-1
2015460254307,1,9,0,14,0,2,0,0,0,0,1,1,6,3,-1,-1,-1,-1,-1,-1,-1,-1
2015460254307,2,9,0,2,0,2,0,0,0,0,3,1,6,2,51,8,2143,2,3,-1,1,-1
2015460254308,1,9,0,1,0,1,0,0,0,0,2,1,1,3,-1,-1,1968,2,2,-1,-1,-1
2015460254328,1,9,0,18,0,0,1,10,2,10,1,1,6,1,23,5,-1,-1,-1,-1,1,-1
2015460254328,2,9,0,18,0,0,0,0,0,0,1,1,6,1,31,6,1686,2,1,-1,1,-1
2015460254330,1,9,0,18,0,1,0,0,0,0,3,1,6,3,-1,-1,3199,1,15,-1,-1,-1
2015460254330,2,9,0,10,0,1,0,0,0,0,1,1,6,2,25,5,1399,2,6,-1,1,-1
2015460254331,1,9,0,18,0,0,5,0,0,0,1,1,6,2,18,4,1999,1,5,-1,1,-1
2015460254331,2,9,0,3,0,0,0,0,0,0,3,1,6,1,35,6,1598,2,3,-1,1,-1
2015460254336,1,9,0,5,0,0,0,0,0,0,1,1,6,2,23,5,1242,1,6,-1,3,-1
2015460254336,2,9,0,18,0,0,0,0,0,0,4,1,6,1,31,6,1956,2,6,-1,1,-1
2015460254339,1,9,0,18,0,0,0,2,0,0,4,1,6,2,62,9,1560,2,6,-1,1,-1
2015460254340,1,9,0,18,0,0,0,0,0,0,1,1,6,3,-1,-1,-1,-1,-1,-1,-1,-1
2015460254340,2,5,0,4,0,0,0,0,0,0,2,1,6,1,54,8,955,1,13,-1,1,-1
2015460254341,1,9,0,16,0,0,0,0,0,0,3,1,1,2,36,7,1596,1,1,-1,1,-1
2015460254341,2,9,0,17,0,0,0,0,0,0,3,1,1,1,58,9,1560,2,3,-1,1,-1
2015460254350,1,9,0,9,0,1,0,0,0,0,3,1,6,1,73,10,2316,1,26,-1,1,-1
2015460254350,2,1,0,10,0,1,0,0,0,0,1,1,1,1,62,9,-1,-1,-1,-1,1,-1
2015460254355,1,9,0,18,0,0,0,0,0,0,2,1,6,3,-1,-1,1461,2,1,-1,-1,-1
2015460254357,1,9,0,18,0,1,0,0,0,0,0,1,6,1,18,4,998,1,13,-1,2,-1
2015460254358,1,20,0,18,0,0,0,0,0,0,1,1,1,1,21,5,2402,2,13,-1,1,-1
2015460254358,2,9,0,3,0,0,0,0,0,0,2,1,2,2,33,6,2179,2,7,-1,1,-1
2015460254362,1,9,0,18,0,0,2,0,1,4,4,1,6,2,22,5,-1,-1,-1,-1,1,-1
2015460254370,1,9,0,14,0,0,0,0,0,0,4,1,6,1,57,9,1198,1,3,-1,3,-1
2015460254372,1,9,0,6,0,0,0,0,0,0,3,1,6,1,21,5,1598,1,6,-1,1,-1
2015460254372,2,9,0,18,0,0,0,0,0,0,1,1,6,1,17,4,1388,1,10,-1,2,-1
2015460254373,1,9,0,18,0,1,0,0,0,0,1,1,6,1,-1,-1,1596,1,14,-1,1,-1
2015460254373,2,9,0,3,0,1,0,0,0,0,2,1,1,1,40,7,1968,2,1,-1,1,-1
2015460254381,1,9,0,18,0,0,0,0,0,0,1,1,6,1,-1,-1,3222,2,12,-1,1,-1
2015460254381,2,9,0,3,0,0,0,0,0,0,2,1,1,2,48,8,1240,1,9,-1,1,-1
2015460254383,1,5,0,15,0,8,0,0,0,0,1,1,6,1,25,5,649,1,8,-1,2,-1
2015460254383,2,9,0,9,0,8,0,0,0,0,1,1,6,1,26,6,-1,-1,-1,-1,3,-1
2015460254383,3,9,0,9,0,8,0,0,0,0,1,1,6,1,71,10,2495,2,21,-1,2,-1
2015460254385,1,9,0,9,0,6,0,0,0,0,1,1,1,1,42,7,1910,2,7,-1,1,-1
2015460254385,2,9,0,18,0,8,0,0,0,0,4,1,6,2,75,10,1332,1,16,-1,1,-1
2015460254391,1,20,0,18,0,1,0,0,0,0,1,1,1,1,32,6,-1,-1,-1,-1,1,-1
2015460254391,2,1,0,18,0,1,0,0,0,0,2,1,6,1,40,7,-1,-1,-1,-1,-1,-1
2015460254392,1,9,0,18,0,2,0,0,0,0,1,1,6,2,55,8,1229,1,10,-1,1,-1
2015460254392,2,9,0,18,0,1,0,0,0,0,4,1,6,1,64,9,1598,1,-1,-1,1,-1
2015460254396,1,9,0,18,0,0,1,0,7,4,1,1,6,2,19,4,1242,1,13,-1,3,-1
2015460254398,1,9,0,18,0,1,0,0,0,0,4,1,1,2,58,9,1995,2,1,-1,1,-1
2015460254399,1,9,0,6,0,1,0,0,0,0,3,1,6,1,36,7,1360,1,13,-1,1,-1
2015460254399,2,1,0,18,0,1,0,0,0,0,1,1,6,1,58,9,-1,-1,-1,-1,1,-1
2015460254400,1,5,0,16,0,8,0,0,2,10,3,1,1,1,45,7,1255,1,7,-1,2,-1
2015460254402,1,9,0,1,9,0,0,4,7,10,2,1,6,1,76,11,1560,2,3,-1,3,-1
2015460254402,2,9,0,2,0,0,0,0,0,0,1,1,6,2,40,7,1596,1,7,-1,1,-1
2015460254403,1,9,0,4,0,0,1,0,0,0,1,1,1,2,24,5,1599,1,10,-1,3,-1
2015460254403,2,9,0,4,0,0,0,0,0,0,2,1,1,2,44,7,1896,2,10,-1,3,-1
2015460254406,1,19,0,1,0,6,0,0,0,0,2,1,6,1,36,7,2998,2,2,-1,-1,-1
2015460254409,1,-1,0,18,0,4,0,0,0,0,3,2,6,3,-1,-1,-1,-1,-1,-1,-1,-1
2015460254409,2,9,0,18,0,4,0,0,0,0,4,1,2,2,18,4,1596,1,12,-1,1,-1
2015460254412,1,9,0,9,0,6,0,0,0,0,3,1,6,2,56,9,2435,1,13,-1,3,-1
2015460254412,2,5,0,13,0,1,1,0,0,0,1,1,6,1,39,7,636,1,-1,-1,3,-1
2015460254416,1,9,0,7,0,1,0,0,0,0,0,1,6,2,36,7,-1,-1,-1,-1,-1,-1
2015460254418,1,9,0,5,0,1,0,0,0,0,1,1,6,3,-1,-1,-1,-1,-1,-1,-1,-1
2015460254418,2,1,0,18,9,1,0,0,0,0,3,1,6,2,29,6,-1,-1,-1,-1,1,-1
2015460254420,1,9,0,5,0,1,0,0,0,0,1,1,6,1,48,8,1796,1,13,-1,2,-1
2015460254420,2,9,0,7,0,1,0,0,1,0,4,1,6,2,47,8,1598,1,1,-1,1,-1
2015460254421,1,9,0,18,0,1,0,0,0,0,1,1,6,1,34,6,1986,2,9,-1,1,-1
2015460254421,2,9,0,3,0,1,0,0,0,0,2,1,6,2,60,9,1364,1,7,-1,-1,-1
2015460254423,1,2,0,4,0,1,1,0,0,0,0,1,1,1,16,4,49,1,1,-1,1,-1
2015460254427,1,19,0,18,0,1,0,0,0,0,1,1,6,3,-1,-1,-1,-1,-1,-1,-1,-1
2015460254427,2,9,0,10,0,1,0,0,0,0,3,1,6,1,19,4,-1,-1,-1,-1,1,-1
2015460254431,1,9,0,9,0,1,0,0,0,0,1,1,6,1,29,6,1999,1,13,-1,1,-1
2015460254431,2,3,0,18,0,1,0,0,0,0,1,1,6,1,20,4,124,1,1,-1,1,-1
2015460254432,1,9,0,18,0,4,0,0,0,0,1,1,1,2,50,8,1364,1,8,-1,1,-1
2015460254432,2,1,0,18,0,8,0,0,0,0,2,1,1,1,33,6,-1,-1,-1,-1,1,-1
2015460254436,1,9,0,15,0,1,0,0,0,0,1,1,2,1,36,7,1794,1,13,-1,1,-1
2015460254436,2,1,0,10,0,1,0,0,0,0,2,1,2,1,49,8,-1,-1,-1,-1,3,-1
2015460254437,1,9,0,14,0,0,5,4,0,0,4,1,6,1,65,9,1399,2,3,-1,1,-1
2015460254437,2,9,0,2,9,0,0,0,0,0,3,1,6,1,47,8,1198,1,3,-1,1,-1
2015460254439,1,9,0,9,0,1,0,0,0,0,0,1,6,3,-1,-1,-1,-1,-1,-1,-1,-1
2015460254439,2,1,0,18,0,1,0,0,0,0,0,1,6,1,54,8,-1,-1,-1,-1,-1,-1
2015460254441,1,9,0,13,0,0,0,0,0,0,1,1,6,1,80,11,-1,-1,-1,-1,1,-1
2015460254441,2,19,0,18,0,0,1,0,1,0,1,1,1,1,25,5,1686,2,11,-1,1,-1
2015460254441,3,9,0,18,0,0,0,0,0,0,2,1,1,1,28,6,-1,-1,-1,-1,2,-1
2015460254462,1,9,0,18,0,0,1,0,0,0,1,1,6,3,-1,-1,-1,-1,-1,-1,-1,-1
2015460254462,2,9,0,2,0,0,0,0,0,0,2,1,6,2,29,6,1389,1,10,-1,1,-1
2015460254476,1,19,0,9,0,1,0,0,0,0,1,1,1,1,52,8,1399,2,5,-1,2,-1
2015460254476,2,19,0,18,0,1,0,0,1,0,4,1,1,1,28,6,2402,2,10,-1,3,-1
2015460254481,1,9,0,7,0,1,0,0,0,0,1,1,6,2,43,7,1998,2,-1,-1,1,-1
2015460254481,2,1,0,18,0,1,0,0,0,0,4,1,6,1,18,4,-1,-1,-1,-1,1,-1
2015460254485,1,9,0,6,0,0,0,0,0,0,1,1,6,1,39,7,1560,2,9,-1,1,-1
2015460254485,2,2,0,18,0,0,0,0,0,0,1,1,2,1,48,8,124,1,5,-1,1,-1
2015460254487,1,9,0,18,0,1,0,0,0,0,1,1,6,2,61,9,1796,1,15,-1,1,-1
2015460254487,2,9,0,3,0,1,0,0,0,0,1,1,6,2,17,4,1461,2,1,-1,1,-1
2015460254491,1,9,0,6,0,0,0,0,0,0,4,1,6,2,67,10,-1,-1,-1,-1,-1,-1
2015460254491,2,5,0,18,0,0,0,0,0,0,2,1,6,1,54,8,-1,-1,-1,-1,1,-1
2015460254495,1,9,0,18,0,1,1,0,0,0,1,1,1,1,56,9,-1,-1,-1,-1,1,-1
2015460254495,2,9,0,10,0,2,0,0,0,0,2,1,1,2,58,9,-1,-1,-1,-1,2,-1
2015460254496,1,9,0,16,0,0,0,0,0,0,1,1,6,1,54,8,1796,1,10,-1,1,-1
2015460254497,1,9,0,18,0,0,0,0,0,0,1,1,6,1,-1,-1,2993,2,9,-1,-1,-1
2015460254498,1,9,0,18,0,1,0,0,0,0,4,1,6,3,-1,-1,1299,1,19,-1,-1,-1
2015460254498,2,9,0,7,0,1,0,0,0,0,3,1,6,2,47,8,998,1,8,-1,-1,-1
2015460254502,1,1,0,18,9,0,0,0,0,0,0,1,4,1,14,3,-1,-1,-1,-1,1,-1
2015460254504,1,9,0,4,0,0,0,0,0,0,1,1,2,1,56,9,1896,2,7,-1,1,-1
2015460254504,2,9,0,4,0,0,0,0,0,0,2,1,2,2,34,6,1798,1,8,-1,1,-1
2015460254508,1,9,0,18,0,1,0,0,0,0,2,1,6,1,69,10,1796,1,7,-1,1,-1
2015460254508,2,9,0,9,0,5,0,0,0,0,3,1,6,1,50,8,-1,-1,-1,-1,1,-1
2015460254510,1,9,0,9,0,6,0,0,0,0,0,1,6,3,-1,-1,-1,-1,-1,-1,-1,-1
2015460254510,2,9,0,18,0,1,1,0,1,4,1,1,6,1,42,7,1149,1,17,-1,3,-1
2015460254511,1,9,0,18,0,0,1,0,0,0,1,1,6,1,67,10,1582,2,2,-1,1,-1
2015460254515,1,9,0,4,0,1,0,0,0,0,1,1,1,1,35,6,1995,2,-1,-1,2,-1
2015460254515,2,9,0,3,0,1,0,0,0,0,2,1,6,2,48,8,1390,1,10,-1,2,-1
2015460254515,3,9,0,3,0,1,0,0,0,0,2,1,1,1,36,7,1896,2,11,-1,1,-1
2015460254516,1,5,0,18,0,0,0,0,0,0,1,1,1,1,54,8,1250,1,15,-1,1,-1
2015460254516,2,9,0,12,0,0,0,0,0,0,2,1,1,1,28,6,1390,1,15,-1,1,-1
2015460254519,1,19,0,10,0,1,0,0,0,0,0,1,1,1,22,5,1998,2,11,-1,1,-1
2015460254519,2,9,0,9,0,8,0,0,0,0,4,1,2,1,26,6,-1,-1,-1,-1,1,-1
2015460254519,3,9,0,18,0,1,0,0,0,0,1,1,2,2,35,6,1896,2,5,-1,2,-1
2015460254520,1,3,0,18,0,3,0,0,0,0,0,1,1,2,24,5,-1,-1,-1,-1,1,-1
2015460254521,1,21,0,11,0,0,1,0,0,0,1,1,1,1,25,5,12580,2,9,-1,-1,-1
2015460254521,2,9,0,4,0,0,0,0,7,0,2,1,6,2,77,11,1399,1,8,-1,1,-1
2015460254521,3,9,0,18,0,0,0,0,0,0,1,1,6,1,76,11,1968,2,2,-1,1,-1
2015460254525,1,9,0,5,0,8,0,0,0,0,1,1,6,1,21,5,1998,1,11,-1,1,-1
2015460254525,2,9,0,5,0,8,0,0,0,0,1,1,6,1,53,8,1997,2,1,-1,1,-1
2015460254526,1,9,0,18,0,1,0,0,0,0,1,1,6,2,20,4,1199,1,11,-1,1,-1
2015460254526,2,9,0,9,0,8,0,0,0,0,4,1,6,2,62,9,1461,2,1,-1,1,-1
2015460254527,1,9,0,9,0,8,0,0,0,0,1,1,6,1,54,8,-1,-1,-1,-1,1,-1
2015460254527,2,9,0,18,0,8,0,0,0,0,3,1,6,2,27,6,1242,1,5,-1,2,-1
2015460254530,1,9,0,9,0,6,0,0,0,0,3,1,1,1,40,7,-1,-1,-1,-1,1,-1
2015460254530,2,5,0,18,0,1,0,0,0,0,1,1,6,1,46,8,749,1,17,-1,1,-1
2015460254537,1,21,0,18,0,7,0,0,0,0,3,1,6,3,-1,-1,-1,-1,-1,-1,-1,-1
2015460254537,2,9,0,18,0,8,5,0,1,7,4,1,2,2,51,8,1388,1,12,-1,1,-1
2015460254540,1,9,0,5,0,2,0,0,0,0,4,1,6,3,-1,-1,-1,-1,-1,-1,-1,-1
2015460254545,1,9,0,18,0,0,0,0,4,6,1,1,6,1,22,5,2987,2,6,-1,1,-1
2015460254547,1,9,0,17,0,0,0,0,7,2,1,1,6,1,28,6,1598,1,11,-1,1,-1
2015460254548,1,9,0,18,0,0,0,0,1,4,1,1,6,1,32,6,-1,-1,-1,-1,3,-1
2015460254548,2,9,0,18,0,0,0,0,0,0,2,1,6,2,54,8,1560,2,1,-1,1,-1
2015460254549,1,9,0,18,0,1,0,0,0,0,1,1,6,3,-1,-1,1339,1,11,-1,1,-1
2015460254549,2,9,0,18,0,1,0,0,0,0,2,1,6,2,22,5,1198,1,4,-1,2,-1
2015460254551,1,9,0,9,0,6,0,0,0,0,0,1,6,2,76,11,1396,1,10,-1,1,-1
2015460254551,2,11,0,18,0,1,0,0,0,0,0,1,1,1,59,9,9000,2,6,-1,1,-1
2015460254555,1,9,0,18,0,2,0,0,0,0,1,1,6,1,77,11,1388,1,12,-1,1,-1
2015460254555,2,9,0,18,0,2,0,0,0,0,2,1,6,2,49,8,1598,2,-1,-1,-1,-1
2015460254556,1,9,0,7,0,2,0,0,0,0,1,1,6,1,19,4,1596,1,15,-1,1,-1
2015460254556,2,9,0,18,0,2,0,0,0,0,1,1,1,1,31,6,1900,2,15,-1,1,-1
2015460254559,1,19,0,5,6,0,0,0,0,0,1,1,1,1,44,7,-1,-1,-1,-1,1,-1
2015460254563,1,9,0,18,0,1,0,0,0,0,1,1,6,1,24,5,1398,1,4,-1,1,-1
2015460254563,2,9,0,8,0,1,0,0,0,0,2,1,6,1,30,6,1398,2,2,-1,-1,-1
2015460254564,1,9,0,18,0,8,0,0,0,0,4,1,6,1,43,7,1796,1,4,-1,-1,-1
2015460254564,2,9,0,18,0,8,0,0,0,0,3,1,6,2,63,9,796,1,13,-1,1,-1
2015460254566,1,9,0,18,0,1,0,0,0,0,1,1,6,2,20,4,1242,1,1,-1,3,-1
2015460254566,2,9,0,3,0,1,0,0,0,0,2,1,6,1,39,7,1997,2,11,-1,1,-1
2015460254567,1,9,0,18,0,0,1,7,1,10,1,1,1,2,17,4,1769,1,14,-1,1,-1
2015460254567,2,9,0,2,6,0,0,0,0,0,2,1,6,1,47,8,2171,1,14,-1,3,-1
2015460254592,1,9,0,9,0,6,0,0,0,0,1,1,6,1,62,9,796,1,13,-1,1,-1
2015460254592,2,9,0,18,0,1,0,0,0,0,3,1,6,1,29,6,998,1,4,-1,1,-1
2015460254596,1,11,0,18,0,0,0,0,0,0,1,1,1,1,52,8,11967,2,8,-1,1,-1
2015460254596,2,9,0,3,0,0,0,0,0,0,2,1,6,1,22,5,-1,-1,-1,-1,2,-1
2015460254596,3,9,0,3,0,0,0,0,0,0,2,1,6,2,47,8,1685,2,1,-1,1,-1
2015460254596,4,9,0,3,0,0,0,0,0,0,2,1,6,2,34,6,1499,2,1,-1,1,-1
2015460254596,5,9,0,3,0,0,0,0,0,0,2,1,6,2,20,4,1242,1,12,-1,1,-1
2015460254602,1,19,0,18,0,0,0,0,0,0,4,1,6,3,-1,-1,-1,-1,-1,-1,-1,-1
2015460254603,1,9,0,4,0,0,0,0,0,0,1,1,6,1,23,5,1388,1,6,-1,3,-1
2015460254603,2,9,0,4,0,0,0,0,0,0,2,1,6,1,27,6,1910,2,11,-1,1,-1
2015460254606,1,19,0,1,0,2,0,0,0,0,2,1,6,3,-1,-1,-1,-1,-1,-1,-1,-1
2015460254608,1,9,0,9,0,6,0,0,0,0,2,1,6,1,50,8,1364,1,-1,-1,1,-1
2015460254608,2,9,0,18,0,1,0,0,1,0,1,1,6,2,47,8,1769,1,13,-1,1,-1
2015460254609,1,2,0,18,0,1,1,0,0,0,3,1,6,1,26,6,49,1,3,-1,1,-1
2015460254609,2,9,0,9,0,6,0,0,0,0,3,1,6,1,55,8,1398,2,11,-1,1,-1
2015460254612,1,9,0,1,0,5,0,0,0,0,2,1,6,1,80,11,1229,1,8,-1,-1,-1
2015460254612,2,9,0,2,0,1,0,0,0,0,2,1,6,2,17,4,1229,1,1,-1,-1,-1
2015460254613,1,90,0,14,0,2,1,0,0,0,3,1,1,1,21,5,2987,2,5,-1,1,-1
2015460254613,2,11,0,14,0,2,0,0,0,0,3,1,1,1,59,9,9000,2,6,-1,1,-1
2015460254615,1,9,0,4,0,1,0,0,0,0,1,1,6,1,20,4,1149,1,13,-1,1,-1
2015460254616,1,9,0,17,0,0,0,0,1,9,1,1,6,1,18,4,-1,-1,-1,-1,1,-1
2015460254617,1,9,0,18,0,1,5,0,7,0,1,1,1,1,46,8,-1,-1,-1,-1,1,-1
2015460254625,1,9,0,15,0,0,5,10,1,10,4,1,2,1,23,5,1796,1,11,-1,1,-1
2015460254625,2,9,0,13,0,0,0,0,0,0,0,1,2,1,56,9,-1,-1,-1,-1,1,-1
2015460254630,1,9,0,18,0,0,0,0,0,0,1,1,6,2,21,5,1598,2,2,-1,3,-1
2015460254632,1,9,0,18,0,1,1,0,0,0,1,1,6,1,37,7,1124,1,13,-1,1,-1
2015460254632,2,9,0,7,0,1,0,0,0,0,2,1,2,1,26,6,1900,2,15,-1,1,-1
2015460254637,1,9,0,18,0,1,0,0,0,0,1,1,6,1,20,4,1124,1,14,-1,2,-1
2015460254637,2,9,0,3,0,1,0,0,0,0,2,1,6,1,48,8,1360,1,12,-1,1,-1
2015460254644,1,9,0,7,0,8,0,0,0,0,1,1,6,3,-1,-1,-1,-1,-1,-1,-1,-1
2015460254644,2,1,0,18,0,1,0,0,0,0,2,1,6,2,45,7,-1,-1,-1,-1,1,-1
2015460254656,1,9,0,3,0,5,1,0,0,0,1,1,6,1,55,8,1124,1,23,-1,1,-1
2015460254656,2,9,0,4,0,1,0,0,0,0,2,1,2,1,21,5,1124,1,14,-1,1,-1
2015460254657,1,9,0,5,0,0,0,0,0,0,1,1,6,3,-1,-1,-1,-1,-1,-1,-1,-1
2015460254660,1,9,0,4,0,1,0,0,1,0,1,1,6,1,63,9,1870,2,9,-1,1,-1
2015460254660,2,9,0,4,0,4,0,0,0,0,2,1,6,2,25,5,1339,1,6,-1,3,-1
2015460254661,1,9,0,16,0,2,1,0,8,7,3,1,6,1,18,4,1198,1,11,-1,1,-1
2015460254664,1,9,0,18,0,6,0,0,0,0,4,1,6,2,24,5,1242,1,13,-1,1,-1
2015460254664,2,9,0,7,0,8,0,0,0,0,1,1,6,1,53,8,1596,1,1,-1,2,-1
2015460254666,1,9,0,6,0,6,0,0,0,0,3,1,1,1,29,6,1995,2,1,-1,1,-1
2015460254666,2,4,0,18,0,1,0,0,0,0,1,1,2,1,24,5,124,1,1,-1,1,-1
2015460254667,1,20,0,18,0,0,2,0,7,10,3,1,1,1,48,8,-1,-1,-1,-1,1,-1
2015460254668,1,9,0,18,0,0,0,0,0,0,1,1,6,1,-1,-1,1242,1,17,-1,1,-1
2015460254668,2,9,0,4,0,0,0,0,0,0,2,1,6,1,41,7,1686,2,4,-1,1,-1
2015460254672,1,9,0,7,0,6,1,0,1,0,4,1,6,1,93,11,1149,1,3,-1,-1,-1
2015460254672,2,9,0,2,0,2,0,0,0,0,3,1,6,2,32,6,1998,1,8,-1,1,-1
2015460254672,3,9,0,2,0,2,0,0,0,0,3,1,6,1,36,7,2231,2,7,-1,-1,-1