Accident_Index,Vehicle_Reference,Vehicle_Type,Towing_and_Articulation,Vehicle_Manoeuvre,Vehicle_Location-Restricted_Lane,Junction_Location,Skidding_and_Overturning,Hit_Object_in_Carriageway,Vehicle_Leaving_Carriageway,Hit_Object_off_Carriageway,1st_Point_of_Impact,Was_Vehicle_Left_Hand_Drive?,Journey_Purpose_of_Driver,Sex_of_Driver,Age_of_Driver,Age_Band_of_Driver,Engine_Capacity_(CC),Propulsion_Code,Age_of_Vehicle,Driver_IMD_Decile,Driver_Home_Area_Type,Vehicle_IMD_Decile
2015460255047,1,9,0,18,0,0,0,0,0,0,3,1,6,3,-1,-1,-1,-1,-1,-1,-1,-1
2015460255047,2,1,0,18,0,0,0,0,0,0,3,1,6,1,60,9,-1,-1,-1,-1,-1,-1
2015460255052,1,9,0,18,0,1,0,0,0,0,1,1,1,1,24,5,1461,2,2,-1,1,-1
2015460255056,1,9,0,18,0,0,0,0,0,0,1,1,6,1,33,6,2171,1,9,-1,-1,-1
2015460255056,2,9,0,18,0,0,0,0,0,0,2,1,6,2,59,9,1198,1,-1,-1,1,-1
2015460255056,3,9,0,18,0,0,1,0,1,0,1,1,6,1,47,8,1968,2,1,-1,1,-1
2015460255059,1,9,0,18,0,0,0,0,7,3,1,1,6,1,36,7,1700,2,16,-1,3,-1
2015460255062,1,9,0,18,0,8,0,0,0,0,1,1,6,1,19,4,1390,1,15,-1,1,-1
2015460255062,2,9,0,7,0,8,0,0,0,0,3,1,6,1,19,4,1299,1,13,-1,1,-1
2015460255073,1,21,1,18,0,0,0,0,0,0,0,1,1,1,49,8,-1,-1,-1,-1,-1,-1
2015460255073,2,9,0,18,0,0,0,0,0,0,0,1,6,1,75,10,1598,1,9,-1,-1,-1
2015460255074,1,9,0,4,0,0,0,0,0,0,0,1,6,3,-1,-1,-1,-1,-1,-1,-1,-1
2015460255074,2,9,0,4,0,0,0,0,0,0,2,1,2,2,26,6,1390,1,12,-1,1,-1
2015460255074,3,9,0,18,0,0,0,0,0,0,2,1,2,2,33,6,1248,2,1,-1,1,-1
2015460255076,1,9,0,18,0,8,0,0,0,0,1,1,1,1,37,7,1968,2,6,-1,1,-1
2015460255076,2,9,0,18,0,8,0,0,0,0,1,1,6,2,65,9,-1,-1,-1,-1,2,-1
2015460255076,3,9,0,18,0,8,0,0,0,0,1,1,6,1,42,7,1994,1,12,-1,3,-1
2015460255079,1,9,0,9,0,8,0,0,0,0,1,1,3,2,60,9,1598,1,7,-1,3,-1
2015460255079,2,5,0,18,0,1,0,0,0,0,1,1,1,1,39,7,997,1,11,-1,3,-1
2015460255080,1,9,0,18,0,2,0,0,0,0,1,1,6,1,21,5,1242,1,13,-1,1,-1
2015460255080,2,20,0,2,0,2,0,0,0,0,2,1,6,3,-1,-1,-1,-1,-1,-1,-1,-1
2015460255084,1,9,0,12,0,3,0,0,0,0,3,1,6,1,51,8,1997,2,5,-1,1,-1
2015460255084,2,5,0,18,0,3,0,0,0,0,4,1,6,1,42,7,899,1,17,-1,-1,-1
2015460255086,1,9,0,5,0,0,0,0,0,0,3,1,6,1,29,6,-1,-1,-1,-1,3,-1
2015460255086,2,1,0,18,0,0,0,0,0,0,1,1,6,1,20,4,-1,-1,-1,-1,1,-1
2015460255088,1,9,0,18,0,1,0,0,0,0,1,1,6,1,29,6,2148,2,7,-1,1,-1
2015460255088,2,9,0,4,0,1,0,0,0,0,2,1,6,1,36,7,2295,1,13,-1,1,-1
2015460255089,1,1,0,16,0,0,0,0,0,0,1,1,6,1,41,7,-1,-1,-1,-1,3,-1
2015460255089,2,9,0,17,0,0,0,0,0,0,1,1,6,2,27,6,1360,1,14,-1,3,-1
2015460255094,1,9,0,12,0,0,0,0,0,0,0,1,6,1,65,9,1997,2,6,-1,1,-1
2015460255094,2,9,0,4,0,0,5,0,1,4,1,1,6,1,39,7,1596,1,15,-1,1,-1
2015460255095,1,20,0,4,0,8,0,0,0,0,4,1,2,1,38,7,-1,-1,-1,-1,-1,-1
2015460255095,2,9,0,5,0,4,0,0,0,0,3,1,6,1,32,6,1199,1,13,-1,1,-1
2015460255098,1,9,0,1,0,1,0,0,0,0,2,1,2,1,21,5,1590,1,10,-1,1,-1
2015460255098,2,9,0,18,0,1,0,0,0,0,1,1,6,1,23,5,1997,2,7,-1,1,-1
2015460255100,1,3,0,18,0,8,0,0,0,0,1,1,6,1,65,9,102,1,1,-1,1,-1
2015460255100,2,9,0,9,0,8,0,0,0,0,2,1,6,2,50,8,2488,2,6,-1,3,-1
2015460255103,1,9,0,18,0,4,0,0,0,0,1,1,6,2,75,10,-1,-1,-1,-1,2,-1
2015460255103,2,1,0,18,0,8,0,0,0,0,4,1,6,1,-1,-1,-1,-1,-1,-1,-1,-1
2015460255104,1,9,0,4,0,1,0,0,3,4,1,1,6,2,46,8,1560,2,3,-1,2,-1
2015460255105,1,9,0,1,0,6,0,0,0,0,2,1,6,1,49,8,-1,-1,-1,-1,1,-1
2015460255105,2,9,0,2,0,1,0,0,0,0,4,1,6,2,37,7,2902,2,12,-1,1,-1
2015460255105,3,9,0,18,0,1,0,0,0,0,2,1,6,1,22,5,1686,2,5,-1,1,-1
2015460255107,1,9,0,12,0,7,0,0,0,0,2,1,6,2,54,8,1598,1,2,-1,1,-1
2015460255107,2,9,0,18,0,8,0,0,1,0,1,1,6,1,53,8,2495,2,22,-1,-1,-1
2015460255107,3,9,0,18,0,8,0,0,0,0,3,1,6,1,32,6,1968,2,1,-1,1,-1
2015460255108,1,9,0,18,0,0,0,0,0,0,1,1,6,1,91,11,1595,1,12,-1,1,-1
2015460255108,2,9,0,2,0,0,0,0,0,0,1,1,6,3,-1,-1,-1,-1,-1,-1,-1,-1
2015460255109,1,19,0,18,0,0,0,0,0,0,1,1,6,1,20,4,-1,-1,-1,-1,1,-1
2015460255109,2,9,0,5,8,0,0,0,0,0,1,1,1,1,47,8,-1,-1,-1,-1,1,-1
2015460255110,1,9,0,18,0,0,0,0,0,0,1,1,6,2,19,4,1242,1,3,-1,1,-1
2015460255117,1,9,0,17,0,0,5,0,1,10,1,1,6,1,20,4,-1,-1,-1,-1,2,-1
2015460255117,2,9,0,2,6,0,0,0,0,0,2,1,6,2,71,10,-1,-1,-1,-1,1,-1
2015460255118,1,9,0,18,0,1,0,0,0,0,1,1,6,2,75,10,1998,1,16,-1,1,-1
2015460255118,2,9,0,3,0,1,0,0,0,0,2,1,6,1,24,5,1796,1,14,-1,2,-1
2015460255120,1,1,0,18,9,0,0,0,0,0,0,1,6,1,70,10,-1,-1,-1,-1,1,-1
2015460255127,1,9,0,5,0,6,0,0,0,0,1,1,1,2,64,9,-1,-1,-1,-1,3,-1
2015460255127,2,9,0,18,0,8,0,0,1,4,4,1,6,1,19,4,1956,2,4,-1,3,-1
2015460255132,1,9,0,18,0,1,0,0,0,0,1,1,6,1,21,5,1242,1,18,-1,1,-1
2015460255132,2,9,0,2,0,1,0,0,0,0,2,1,6,1,-1,-1,1997,2,8,-1,1,-1
2015460255132,3,9,0,18,0,1,0,0,0,0,1,1,6,2,18,4,1229,1,1,-1,1,-1
2015460255133,1,9,0,3,0,1,0,0,0,0,1,1,6,1,33,6,2295,1,16,-1,1,-1
2015460255133,2,9,0,3,0,1,0,0,0,0,2,1,6,1,61,9,1461,2,9,-1,3,-1
2015460255133,3,9,0,3,0,1,0,0,0,0,2,1,6,1,61,9,1296,1,7,-1,1,-1
2015460255133,4,9,0,3,0,1,0,0,0,0,2,1,6,1,45,7,1994,1,13,-1,1,-1
2015460255133,5,9,0,3,0,1,0,0,0,0,2,1,6,1,47,8,1598,1,15,-1,1,-1
2015460255134,1,9,0,18,0,0,0,0,0,0,3,1,6,1,27,6,-1,-1,-1,-1,3,-1
2015460255134,2,9,0,18,0,0,0,0,0,0,3,1,1,1,60,9,-1,-1,-1,-1,1,-1
2015460255134,3,9,0,18,0,0,0,0,0,0,3,1,2,1,40,7,1686,2,3,-1,1,-1
2015460255136,1,21,0,16,0,8,0,0,0,0,0,1,1,1,24,5,9200,2,8,-1,1,-1
2015460255136,2,9,0,17,0,8,0,11,0,0,1,1,1,1,53,8,1984,1,11,-1,3,-1
2015460255137,1,19,0,6,0,0,0,0,0,0,3,1,1,1,37,7,2298,2,2,-1,1,-1
2015460255137,2,5,0,18,0,0,0,0,0,0,1,1,6,1,51,8,599,1,12,-1,1,-1
2015460255141,1,9,0,18,0,8,0,0,0,0,4,1,6,1,41,7,2497,2,10,-1,1,-1
2015460255141,2,9,0,7,0,3,0,10,0,0,3,1,1,1,67,10,1198,1,2,-1,1,-1
2015460255142,1,-1,0,9,0,8,1,0,0,0,0,1,6,3,-1,-1,-1,-1,-1,-1,-1,-1
2015460255142,2,9,0,18,0,1,0,10,1,0,0,1,6,1,20,4,1242,1,1,-1,3,-1
2015460255145,1,9,0,18,0,0,0,0,0,0,4,1,6,3,-1,-1,-1,-1,-1,-1,-1,-1
2015460255145,2,9,0,18,0,0,0,0,0,0,3,1,6,1,26,6,-1,-1,-1,-1,1,-1
2015460255148,1,21,0,18,0,0,0,0,0,0,0,1,1,1,31,6,11705,2,11,-1,3,-1
2015460255148,2,9,0,18,0,0,0,0,0,0,1,1,6,1,65,9,999,1,-1,-1,1,-1
2015460255149,1,2,0,18,0,8,0,0,0,0,1,1,6,1,20,4,125,1,12,-1,1,-1
2015460255149,2,9,0,9,0,8,0,0,0,0,4,1,1,1,24,5,2494,1,12,-1,1,-1
2015460255156,1,9,0,18,8,6,0,0,0,0,3,1,6,1,77,11,1461,2,5,-1,1,-1
2015460255156,2,5,0,18,0,8,0,0,0,0,3,1,6,1,50,8,1500,1,12,-1,1,-1
2015460255157,1,9,0,3,0,1,0,0,0,0,1,1,6,1,48,8,-1,-1,-1,-1,2,-1
2015460255157,2,9,0,4,0,4,0,0,0,0,2,1,6,2,43,7,1229,1,2,-1,1,-1
2015460255158,1,9,0,18,0,6,0,0,0,0,1,1,6,1,65,9,1461,2,2,-1,1,-1
2015460255158,2,9,0,4,0,1,0,0,0,0,2,1,6,2,59,9,1299,1,15,-1,1,-1
2015460255159,1,9,0,18,0,8,0,0,0,0,1,1,6,3,-1,-1,1396,1,16,-1,-1,-1
2015460255159,2,9,0,18,0,8,0,0,0,0,4,1,6,1,27,6,1984,1,14,-1,1,-1
2015460255161,1,9,0,18,0,0,0,0,0,0,1,1,6,1,75,10,1599,1,9,-1,1,-1
2015460255161,2,90,0,18,0,0,0,0,0,0,3,1,6,1,94,11,-1,-1,-1,-1,1,-1
2015460255161,3,9,0,3,0,0,0,0,0,0,0,1,6,2,57,9,1149,1,7,-1,1,-1
2015460255164,1,9,0,17,0,0,0,0,0,0,3,1,6,1,28,6,1951,2,12,-1,1,-1
2015460255164,2,9,0,16,0,0,0,0,0,0,3,1,6,1,40,7,1995,2,4,-1,3,-1
2015460255178,1,9,0,18,0,0,2,10,0,0,1,1,6,1,71,10,1686,2,1,-1,3,-1
2015460255179,1,9,0,18,0,2,0,0,0,0,1,1,6,2,56,9,-1,-1,-1,-1,1,-1
2015460255179,2,9,0,18,0,2,0,0,0,0,2,1,6,1,29,6,1995,2,3,-1,1,-1
2015460255179,3,9,0,18,0,2,0,0,1,10,1,1,6,2,47,8,1461,2,8,-1,3,-1
2015460255187,1,5,0,18,0,1,0,0,0,0,3,1,6,1,67,10,598,1,18,-1,1,-1
2015460255188,1,9,0,18,0,4,0,0,0,0,3,1,6,2,24,5,1461,2,1,-1,1,-1
2015460255188,2,1,0,18,0,8,0,0,0,0,1,1,6,1,40,7,-1,-1,-1,-1,2,-1
2015460255191,1,9,0,18,0,0,1,0,0,0,1,1,6,1,34,6,2143,2,5,-1,1,-1
2015460255191,2,9,0,18,0,0,0,0,0,0,2,1,6,1,55,8,-1,-1,-1,-1,3,-1
2015460255191,3,9,0,18,0,0,0,0,0,0,2,1,6,1,41,7,1596,1,-1,-1,2,-1
2015460255201,1,9,0,18,0,0,0,0,0,0,1,1,1,2,40,7,1796,1,11,-1,2,-1
2015460255201,2,9,0,18,0,0,0,0,0,0,1,1,1,1,25,5,999,1,7,-1,3,-1
2015460255203,1,9,0,18,0,0,0,0,0,0,1,1,6,3,-1,-1,-1,-1,-1,-1,-1,-1
2015460255204,1,9,0,16,0,3,0,0,0,0,1,1,6,1,24,5,4398,1,11,-1,1,-1
2015460255207,1,9,0,9,0,5,0,0,0,0,1,1,6,1,25,5,1598,1,3,-1,1,-1
2015460255207,2,9,0,18,0,1,0,0,0,0,1,1,6,1,46,8,1997,2,4,-1,1,-1
2015460255210,1,9,0,18,0,0,5,4,0,0,1,1,6,1,41,7,1596,1,13,-1,1,-1
2015460255210,2,9,0,2,0,0,0,0,0,0,2,1,6,3,-1,-1,1198,1,11,-1,-1,-1
2015460255216,1,11,0,18,0,0,0,0,0,0,0,1,1,1,62,9,9000,2,6,-1,1,-1
2015460255218,1,9,0,4,0,0,0,0,0,0,1,1,1,1,49,8,-1,-1,-1,-1,1,-1
2015460255218,2,9,0,4,0,0,0,0,0,0,2,1,6,2,36,7,3199,1,16,-1,1,-1
2015460255222,1,9,0,11,0,0,0,0,0,0,2,1,2,1,52,8,-1,-1,-1,-1,1,-1
2015460255222,2,9,0,18,0,0,0,0,0,0,3,1,2,1,38,7,2494,2,3,-1,1,-1
2015460255223,1,20,0,4,0,2,0,0,0,0,1,1,6,1,42,7,5861,2,15,-1,3,-1
2015460255225,1,2,0,7,0,6,0,0,0,0,0,1,6,1,57,9,107,1,2,-1,1,-1
2015460255226,1,9,0,18,0,0,0,0,0,0,3,1,6,3,-1,-1,-1,-1,-1,-1,-1,-1
2015460255226,2,9,0,18,0,0,0,0,0,0,3,1,6,2,81,11,989,1,8,-1,1,-1
2015460255227,1,9,0,7,0,5,0,0,0,0,4,2,6,1,57,9,-1,-1,-1,-1,-1,-1
2015460255227,2,1,0,18,0,1,0,0,0,0,3,1,6,1,38,7,-1,-1,-1,-1,2,-1
2015460255230,1,9,0,18,0,0,0,0,0,0,3,1,6,2,19,4,973,1,13,-1,1,-1
2015460255230,2,9,0,18,0,0,0,0,0,0,3,1,6,1,53,8,1240,1,12,-1,1,-1
2015460255232,1,9,0,18,0,1,0,0,0,0,1,1,1,1,41,7,-1,-1,-1,-1,3,-1
2015460255232,2,9,0,18,0,1,0,0,0,0,2,1,6,1,71,10,1461,2,8,-1,1,-1
2015460255235,1,9,0,18,0,8,5,0,0,0,1,1,2,3,-1,-1,-1,-1,-1,-1,-1,-1
2015460255235,2,1,0,18,0,8,0,0,0,0,2,1,2,2,49,8,-1,-1,-1,-1,1,-1
2015460255237,1,9,0,4,0,0,1,10,1,10,1,1,6,1,32,6,1968,2,3,-1,-1,-1
2015460255237,2,9,0,7,0,0,0,0,0,0,1,1,6,2,35,6,1560,2,1,-1,-1,-1
2015460255241,1,9,0,1,8,0,0,0,0,0,2,1,1,1,53,8,-1,-1,-1,-1,1,-1
2015460255241,2,9,0,16,0,0,0,0,7,10,1,1,2,1,31,6,1598,1,11,-1,1,-1
2015460255245,1,4,0,18,0,0,0,0,0,0,0,1,6,3,-1,-1,-1,-1,-1,-1,-1,-1
2015460255246,1,9,0,18,0,0,0,10,7,0,3,1,6,2,46,8,-1,-1,-1,-1,3,-1
2015460255248,1,2,0,14,0,1,0,0,0,0,4,1,6,2,41,7,124,1,5,-1,1,-1
2015460255248,2,9,0,9,0,1,0,0,0,0,3,1,6,2,25,5,1598,1,13,-1,1,-1
2015460255250,1,9,0,18,0,1,0,0,0,0,3,1,1,1,52,8,1587,1,13,-1,1,-1
2015460255250,2,2,0,18,0,1,0,0,7,0,1,1,6,1,52,8,999,1,1,-1,1,-1
2015460255251,1,5,0,13,0,1,0,0,0,0,4,1,6,1,26,6,803,1,6,-1,3,-1
2015460255251,2,9,0,9,0,1,0,0,0,0,3,1,6,1,28,6,1395,1,2,-1,2,-1
2015460255252,1,5,0,17,0,0,0,11,1,2,3,1,1,1,22,5,-1,-1,-1,-1,1,-1
2015460255253,1,9,0,18,0,0,0,0,0,0,1,1,6,1,55,8,-1,-1,-1,-1,3,-1
2015460255253,2,9,0,4,0,0,0,0,0,0,2,1,6,1,31,6,1796,1,14,-1,1,-1
2015460255253,3,9,0,4,0,0,0,0,0,0,2,1,6,1,42,7,1198,1,5,-1,1,-1
2015460255255,1,11,0,5,0,0,0,0,0,0,1,1,1,1,51,8,4500,2,6,-1,1,-1
2015460255257,1,1,0,7,0,5,0,0,0,0,4,1,6,1,76,11,-1,-1,-1,-1,1,-1
2015460255257,2,9,0,7,0,5,5,0,0,0,1,1,6,2,48,8,2776,2,9,-1,1,-1
2015460255264,1,21,0,18,0,0,0,0,0,0,2,1,1,3,-1,-1,2287,2,4,-1,-1,-1
2015460255267,1,19,0,18,0,1,0,0,0,0,1,1,2,1,37,7,2148,2,7,-1,1,-1
2015460255267,2,9,0,18,0,1,0,0,0,0,2,1,6,2,33,6,2494,1,9,-1,1,-1
2015460255267,3,9,0,18,0,1,0,0,0,0,2,1,6,2,53,8,1242,1,6,-1,1,-1
2015460255267,4,9,0,18,0,1,0,0,0,0,2,1,6,1,26,6,2521,1,5,-1,1,-1
2015460255267,5,9,0,18,0,1,0,0,0,0,2,1,6,1,39,7,2698,2,9,-1,1,-1
2015460255269,1,19,0,18,0,0,0,0,1,4,1,1,1,1,22,5,1995,2,1,-1,1,-1
2015460255270,1,9,0,9,0,6,0,0,0,0,1,1,6,1,18,4,2993,2,9,-1,1,-1
2015460255270,2,9,0,9,0,5,0,0,0,0,3,1,6,1,41,7,1995,2,3,-1,3,-1
2015460255286,1,9,0,7,0,6,0,0,0,0,1,1,6,1,24,5,998,1,3,-1,1,-1
2015460255286,2,1,0,18,0,1,0,0,0,0,1,1,6,1,42,7,-1,-1,-1,-1,1,-1
2015460255287,1,20,0,18,0,0,5,0,1,9,3,1,1,1,40,7,4580,2,2,-1,2,-1
2015460255288,1,9,0,18,0,0,0,0,0,0,1,1,6,1,27,6,1596,1,7,-1,1,-1
2015460255288,2,9,0,4,0,0,0,0,0,0,2,1,6,2,26,6,1396,1,14,-1,3,-1
2015460255290,1,9,0,18,0,0,1,0,0,0,1,1,2,2,51,8,1242,1,1,-1,-1,-1
2015460255290,2,9,0,18,0,0,0,0,0,0,2,1,2,2,44,7,1242,1,8,-1,1,-1
2015460255291,1,9,0,18,0,0,0,0,0,0,1,1,6,1,53,8,1596,1,1,-1,2,-1
2015460255292,1,9,0,18,0,1,0,0,7,1,1,1,6,2,66,10,1798,1,13,-1,1,-1
2015460255292,2,9,0,18,0,1,0,0,0,0,3,1,6,1,55,8,1598,1,17,-1,1,-1
2015460255293,1,9,0,18,0,1,0,0,0,0,1,1,6,3,-1,-1,-1,-1,-1,-1,-1,-1
2015460255293,2,9,0,3,0,1,0,0,0,0,2,1,6,2,65,9,1242,1,2,-1,1,-1
2015460255295,1,5,0,4,0,0,0,0,0,0,3,1,1,1,55,8,1002,1,19,-1,3,-1
2015460255295,2,9,0,18,0,0,0,0,0,0,1,1,1,2,46,8,1461,2,3,-1,1,-1
2015460255301,1,9,0,18,0,0,0,0,4,6,3,1,6,2,34,6,1390,1,9,-1,1,-1
2015460255302,1,9,0,18,0,0,1,0,7,6,1,1,6,1,25,5,-1,-1,-1,-1,1,-1
2015460255303,1,9,0,18,0,6,0,0,0,0,3,1,1,2,58,9,1242,1,5,-1,1,-1
2015460255303,2,9,0,18,0,1,0,0,0,0,1,1,1,2,25,5,1390,1,12,-1,1,-1
2015460255305,1,9,0,4,0,0,0,0,0,0,2,1,6,3,-1,-1,-1,-1,-1,-1,-1,-1
2015460255305,2,5,0,12,0,0,0,0,0,0,1,1,2,1,60,9,1085,1,19,-1,1,-1
2015460255305,3,9,0,4,0,0,1,0,0,0,2,1,2,1,27,6,-1,-1,-1,-1,3,-1
2015460255310,1,9,0,14,0,0,0,4,0,0,1,1,6,2,83,11,1490,1,8,-1,1,-1
2015460255310,2,9,0,2,0,0,0,0,0,0,2,1,6,1,33,6,1968,2,6,-1,2,-1
2015460255330,1,19,0,18,0,1,0,0,0,0,1,1,6,1,-1,-1,-1,-1,-1,-1,-1,-1
2015460255330,2,9,0,3,0,1,0,0,0,0,2,1,6,2,26,6,1396,1,13,-1,1,-1
2015460255343,1,9,0,9,0,5,0,0,0,0,1,1,1,1,29,6,1968,2,6,-1,1,-1
2015460255343,2,3,0,18,0,8,0,0,0,0,1,1,6,1,20,4,124,1,9,-1,1,-1
2015460255346,1,21,0,9,0,4,0,0,0,0,3,2,1,1,53,8,-1,-1,-1,-1,-1,-1
2015460255346,2,9,0,9,0,4,1,0,8,10,4,1,6,1,45,7,1896,2,6,-1,1,-1
2015460255347,1,9,0,18,0,0,1,0,1,7,2,1,6,2,43,7,1598,1,9,-1,1,-1
2015460255348,1,2,0,3,0,1,0,0,0,0,1,1,6,1,24,5,124,1,11,-1,1,-1
2015460255348,2,9,0,4,0,2,0,0,0,0,1,1,6,1,24,5,1598,1,2,-1,3,-1
2015460255354,1,9,0,4,0,7,0,0,0,0,1,1,2,1,37,7,1598,1,7,-1,1,-1
2015460255354,2,9,0,3,0,1,0,0,0,0,2,1,2,1,41,7,1339,1,1,-1,1,-1
2015460255356,1,9,0,18,0,0,5,0,1,9,4,1,6,1,18,4,-1,-1,-1,-1,1,-1
2015460255360,1,19,0,7,0,1,0,0,0,0,2,1,6,1,25,5,-1,-1,-1,-1,-1,-1
2015460255360,2,1,0,18,0,6,1,0,7,10,2,1,1,1,22,5,-1,-1,-1,-1,-1,-1
2015460255362,1,9,0,17,0,2,0,0,1,10,4,1,6,1,21,5,2954,1,23,-1,-1,-1
2015460255372,1,8,0,17,0,2,0,0,0,0,1,1,1,1,34,6,1598,2,1,-1,1,-1
2015460255374,1,9,0,7,0,6,0,0,0,0,3,1,6,1,23,5,1197,1,1,-1,1,-1
2015460255374,2,4,0,18,0,1,0,0,0,0,1,1,6,1,18,4,-1,-1,-1,-1,1,-1
2015460255384,1,9,0,18,0,2,0,0,0,0,1,1,6,1,65,9,1390,1,9,-1,3,-1
2015460255384,2,5,0,18,0,1,0,0,0,0,1,1,6,1,39,7,929,1,13,-1,3,-1
2015460255390,1,9,0,16,0,0,1,0,0,0,3,1,6,1,42,7,2987,2,9,-1,1,-1
2015460255390,2,11,0,17,0,0,1,0,0,0,3,1,1,1,59,9,9000,2,3,-1,-1,-1
2015460255391,1,11,0,14,0,1,0,0,0,0,4,1,1,1,-1,-1,4461,2,2,-1,1,-1
2015460255391,2,19,0,2,0,1,0,0,0,0,3,1,1,1,18,4,2461,2,14,-1,1,-1
2015460255391,3,9,0,2,0,1,0,0,0,0,0,1,1,1,47,8,1753,2,13,-1,1,-1
2015460255394,1,9,0,18,0,0,0,0,0,0,1,1,6,2,20,4,1368,1,9,-1,-1,-1
2015460255394,2,9,0,18,0,0,0,0,0,0,2,1,6,3,-1,-1,-1,-1,-1,-1,-1,-1
2015460255394,3,9,0,18,0,0,0,0,0,0,1,1,6,3,-1,-1,-1,-1,-1,-1,-1,-1
2015460255396,1,9,0,18,0,5,0,0,1,4,0,1,1,1,62,9,1686,2,2,-1,3,-1
2015460255399,1,9,0,18,0,3,0,0,0,0,1,1,6,3,-1,-1,-1,-1,-1,-1,-1,-1
2015460255399,2,9,0,9,0,8,0,0,0,0,1,1,6,2,34,6,1596,1,9,-1,3,-1
2015460255400,1,9,0,6,6,8,0,0,0,0,1,1,6,1,-1,-1,1956,2,1,-1,1,-1
2015460255400,2,9,0,18,0,8,0,0,1,3,4,1,6,1,25,5,1686,2,8,-1,1,-1
2015460255404,1,1,0,18,0,0,0,10,0,0,1,1,6,1,47,8,-1,-1,-1,-1,2,-1
2015460255405,1,5,0,4,0,1,0,0,0,0,1,1,6,2,47,8,675,1,2,-1,1,-1
2015460255405,2,5,0,8,0,1,0,0,0,0,2,1,6,1,55,8,1340,1,8,-1,1,-1
2015460255406,1,9,0,18,0,4,0,0,0,0,1,1,6,1,80,11,1796,1,15,-1,1,-1
2015460255406,2,1,0,17,0,8,0,0,1,0,4,1,6,1,63,9,-1,-1,-1,-1,1,-1
2015460255409,1,9,0,7,0,6,0,0,0,0,1,1,6,2,25,5,1242,1,11,-1,1,-1
2015460255409,2,1,0,18,0,8,0,0,0,0,4,1,2,1,56,9,-1,-1,-1,-1,1,-1
2015460255410,1,21,0,9,0,8,0,0,0,0,1,1,2,1,58,9,6370,2,12,-1,1,-1
2015460255410,2,9,0,18,0,8,0,0,0,0,1,1,6,2,28,6,1984,1,8,-1,1,-1
2015460255425,1,9,0,16,0,0,0,0,0,0,0,1,6,3,-1,-1,-1,-1,-1,-1,-1,-1
2015460255425,2,4,0,17,0,0,1,0,1,4,1,1,6,1,17,4,125,1,-1,-1,1,-1
2015460255427,1,9,0,13,0,0,0,0,0,0,1,1,2,1,18,4,1796,1,13,-1,2,-1
2015460255427,2,9,0,18,0,0,0,0,7,0,3,1,2,1,23,5,1598,1,5,-1,-1,-1
2015460255427,3,9,0,18,0,0,0,0,0,0,1,1,6,1,18,4,1753,2,8,-1,1,-1
2015460255428,1,9,0,9,0,6,0,0,0,0,1,1,6,1,24,5,1493,1,15,-1,1,-1
2015460255428,2,9,0,18,0,8,0,0,0,0,1,1,6,1,22,5,1360,1,14,-1,2,-1
2015460255435,1,21,1,9,0,6,0,0,0,0,3,2,1,1,45,7,-1,-1,-1,-1,-1,-1
2015460255435,2,5,0,18,0,1,0,0,0,0,1,1,6,1,46,8,-1,-1,-1,-1,1,-1
2015460255436,1,9,0,18,0,8,0,0,0,0,1,1,1,2,30,6,999,1,2,-1,2,-1
2015460255436,2,1,0,18,0,8,0,0,0,0,4,1,6,1,28,6,-1,-1,-1,-1,1,-1
2015460255443,1,20,0,18,0,0,0,0,0,0,1,1,1,1,27,6,-1,-1,-1,-1,1,-1
2015460255443,2,9,0,2,0,0,0,0,0,0,2,1,6,1,50,8,2402,2,8,-1,1,-1
2015460255446,1,19,0,14,0,0,0,4,0,0,1,1,6,1,26,6,1996,2,5,-1,1,-1
2015460255446,2,9,0,2,0,0,0,0,0,0,2,1,6,1,35,6,1896,2,11,-1,1,-1
2015460255446,3,9,0,2,0,0,0,0,0,0,2,1,6,1,40,7,1596,1,4,-1,1,-1
2015460255449,1,21,0,12,0,0,0,0,0,0,3,2,1,1,61,9,-1,-1,-1,-1,-1,-1
2015460255449,2,9,0,18,0,0,0,0,1,0,4,1,6,1,30,6,1360,1,11,-1,1,-1
2015460255451,1,9,0,18,0,4,0,0,0,0,1,1,6,2,51,8,2000,2,6,-1,3,-1
2015460255451,2,1,0,18,0,8,0,0,0,0,2,1,6,1,39,7,-1,-1,-1,-1,3,-1
2015460255452,1,9,0,18,0,0,0,0,8,6,1,1,6,1,27,6,1598,1,8,-1,1,-1
2015460255457,1,5,0,17,0,8,1,0,0,0,3,1,6,2,44,7,1690,1,2,-1,3,-1
2015460255458,1,19,0,17,0,0,0,0,7,10,1,1,6,1,22,5,1149,1,8,-1,1,-1
2015460255463,1,9,0,18,0,1,0,0,7,10,1,1,6,3,-1,-1,1998,1,10,-1,-1,-1
2015460255464,1,19,0,18,0,0,0,0,0,0,0,1,6,3,-1,-1,-1,-1,-1,-1,-1,-1
2015460255464,2,9,0,4,0,0,0,0,0,0,2,1,6,1,72,10,5998,1,1,-1,1,-1
2015460255464,3,9,0,4,0,0,0,0,0,0,1,1,6,2,28,6,1598,1,14,-1,1,-1
2015460255464,4,9,0,4,0,0,0,0,0,0,2,1,6,1,26,6,1389,1,18,-1,3,-1