Accident_Index,Vehicle_Reference,Vehicle_Type,Towing_and_Articulation,Vehicle_Manoeuvre,Vehicle_Location-Restricted_Lane,Junction_Location,Skidding_and_Overturning,Hit_Object_in_Carriageway,Vehicle_Leaving_Carriageway,Hit_Object_off_Carriageway,1st_Point_of_Impact,Was_Vehicle_Left_Hand_Drive?,Journey_Purpose_of_Driver,Sex_of_Driver,Age_of_Driver,Age_Band_of_Driver,Engine_Capacity_(CC),Propulsion_Code,Age_of_Vehicle,Driver_IMD_Decile,Driver_Home_Area_Type,Vehicle_IMD_Decile
2015460256283,1,9,0,18,0,1,0,0,0,0,1,1,6,1,31,6,1598,1,12,-1,2,-1
2015460256283,2,9,0,8,0,1,0,0,0,0,2,1,6,1,31,6,1997,2,4,-1,2,-1
2015460256288,1,9,0,9,0,5,0,0,0,0,3,1,6,1,40,7,2993,2,10,-1,1,-1
2015460256288,2,9,0,8,0,1,0,0,0,0,1,1,6,2,17,4,1242,1,-1,-1,1,-1
2015460256292,1,9,0,18,0,0,0,4,0,0,1,1,6,1,19,4,1206,1,5,-1,3,-1
2015460256292,2,9,0,2,0,0,0,4,0,0,1,1,6,1,39,7,1461,2,1,-1,2,-1
2015460256292,3,9,0,18,0,0,0,0,0,0,1,1,6,2,29,6,1984,1,11,-1,2,-1
2015460256294,1,9,0,16,0,5,1,0,7,0,1,1,6,2,18,4,1149,1,10,-1,1,-1
2015460256298,1,9,0,18,0,8,0,0,0,0,4,1,6,1,57,9,-1,-1,-1,-1,-1,-1
2015460256298,2,1,0,18,0,6,0,0,0,0,1,1,6,1,16,4,-1,-1,-1,-1,-1,-1
2015460256311,1,9,0,18,6,1,0,0,0,0,1,1,3,1,18,4,1422,2,6,-1,3,-1
2015460256313,1,9,0,5,0,1,0,0,0,0,3,1,6,1,27,6,1598,1,9,-1,1,-1
2015460256320,1,11,0,18,0,0,0,0,0,0,1,1,6,3,-1,-1,-1,-1,-1,-1,-1,-1
2015460256327,1,9,0,18,0,6,0,0,0,0,1,1,6,1,77,11,2148,2,7,-1,-1,-1
2015460256327,2,2,0,18,0,8,0,0,0,0,1,1,2,1,26,6,50,1,1,-1,2,-1
2015460256329,1,2,0,18,0,1,0,0,0,0,2,1,6,1,25,5,-1,-1,-1,-1,2,-1
2015460256329,2,9,0,2,0,1,0,0,0,0,2,1,6,1,35,6,1798,1,10,-1,1,-1
2015460256330,1,9,0,13,0,5,0,0,0,0,1,1,6,1,17,4,1390,1,13,-1,1,-1
2015460256330,2,1,0,18,0,1,0,0,0,0,1,1,6,1,46,8,-1,-1,-1,-1,1,-1
2015460256331,1,9,0,18,0,0,0,0,0,0,1,1,6,2,-1,-1,1598,2,5,-1,1,-1
2015460256331,2,9,0,3,0,0,0,0,0,0,1,1,6,1,56,9,799,2,5,-1,3,-1
2015460256333,1,1,0,4,0,0,0,0,0,0,1,1,6,1,54,8,-1,-1,-1,-1,1,-1
2015460256333,2,1,0,18,0,0,0,0,0,0,2,1,6,1,55,8,-1,-1,-1,-1,1,-1
2015460256335,1,5,0,18,0,1,1,0,0,0,1,1,6,1,57,9,1100,1,14,-1,1,-1
2015460256335,2,9,0,4,0,1,0,0,0,0,2,1,6,1,33,6,1390,1,12,-1,2,-1
2015460256335,3,9,0,18,0,1,0,0,0,0,3,1,6,2,36,7,1398,2,10,-1,1,-1
2015460256335,4,5,0,18,0,1,0,0,0,0,1,1,6,1,61,9,1600,1,6,-1,3,-1
2015460256342,1,9,0,18,0,0,5,0,1,4,1,1,2,1,40,7,1396,1,12,-1,1,-1
2015460256342,2,9,0,18,0,0,5,0,0,0,3,1,2,2,49,8,998,1,6,-1,1,-1
2015460256343,1,9,0,10,0,1,0,0,0,0,1,1,6,1,22,5,1598,1,2,-1,1,-1
2015460256343,2,9,0,10,0,1,1,0,0,0,2,1,6,2,52,8,998,1,3,-1,1,-1
2015460256344,1,9,0,12,0,0,0,0,0,0,2,1,6,1,23,5,2143,2,-1,-1,1,-1
2015460256344,2,5,0,17,0,0,1,0,0,0,1,1,6,1,33,6,599,1,12,-1,1,-1
2015460256347,1,9,0,9,0,8,0,0,0,0,2,1,6,1,46,8,1997,2,-1,-1,1,-1
2015460256352,1,9,0,18,0,8,0,0,0,0,1,1,6,1,61,9,-1,-1,-1,-1,-1,-1
2015460256352,2,9,0,9,0,8,0,0,0,0,3,1,6,1,71,10,1388,1,6,-1,-1,-1
2015460256376,1,21,1,18,0,0,0,0,0,0,1,2,6,1,-1,-1,-1,-1,-1,-1,-1,-1
2015460256376,2,9,0,18,0,0,0,0,0,0,2,1,6,2,40,7,1895,1,14,-1,2,-1
2015460256378,1,9,0,12,0,0,2,0,1,7,1,1,2,2,33,6,1397,1,6,-1,1,-1
2015460256378,2,9,0,18,0,0,0,0,0,0,0,1,6,3,-1,-1,-1,-1,-1,-1,-1,-1
2015460256379,1,1,0,18,0,2,0,0,0,0,1,1,6,1,-1,-1,-1,-1,-1,-1,-1,-1
2015460256379,2,20,0,2,0,2,0,0,0,0,2,1,1,1,44,7,2998,2,2,-1,1,-1
2015460256383,1,9,0,18,0,1,0,0,0,0,4,1,6,2,-1,-1,1598,1,6,-1,1,-1
2015460256393,1,9,0,9,0,6,0,0,0,0,1,1,2,2,30,6,1229,1,8,-1,-1,-1
2015460256393,2,9,0,18,0,8,0,0,0,0,1,1,1,2,35,6,2400,2,7,-1,-1,-1
2015460256400,1,9,0,16,0,0,0,0,0,0,1,1,6,2,58,9,1995,2,11,-1,1,-1
2015460256400,2,9,0,17,0,0,0,0,0,0,1,1,6,1,24,5,1798,1,-1,-1,3,-1
2015460256403,1,9,0,4,0,0,0,0,0,0,1,1,6,2,32,6,1968,2,4,-1,1,-1
2015460256403,2,9,0,3,0,0,0,0,0,0,2,1,6,1,50,8,1248,2,2,-1,1,-1
2015460256403,3,9,0,3,0,0,0,0,0,0,2,1,6,1,72,10,2191,2,1,-1,1,-1
2015460256404,1,1,0,16,0,8,0,0,0,0,1,1,6,1,68,10,-1,-1,-1,-1,-1,-1
2015460256404,2,20,0,17,0,8,0,0,0,0,3,1,1,1,43,7,3920,2,7,-1,-1,-1
2015460256405,1,9,0,17,0,1,0,10,0,0,1,1,6,2,18,4,-1,-1,-1,-1,1,-1
2015460256409,1,9,0,18,0,0,0,0,1,4,4,1,6,2,19,4,1242,1,2,-1,3,-1
2015460256414,1,9,0,18,0,1,0,0,0,0,1,1,6,1,18,4,1388,1,12,-1,1,-1
2015460256414,2,9,0,18,0,6,0,7,0,0,3,1,2,1,48,8,1596,1,20,-1,1,-1
2015460256415,1,1,0,18,0,0,0,0,0,0,1,1,6,1,36,7,-1,-1,-1,-1,1,-1
2015460256415,2,9,0,18,0,0,0,0,0,0,4,1,6,1,41,7,1781,1,14,-1,1,-1
2015460256421,1,9,0,4,0,2,0,0,0,0,1,1,6,1,44,7,1995,2,10,-1,1,-1
2015460256421,2,9,0,4,0,1,0,0,0,0,2,1,3,2,46,8,1598,1,3,-1,1,-1
2015460256422,1,9,0,18,0,0,0,0,0,0,1,1,6,1,24,5,1896,2,13,-1,3,-1
2015460256422,2,9,0,2,0,0,0,0,0,0,2,1,6,1,22,5,1997,2,8,-1,1,-1
2015460256424,1,21,0,5,0,1,0,0,0,0,2,1,6,3,-1,-1,-1,-1,-1,-1,-1,-1
2015460256427,1,5,0,18,0,2,1,12,0,0,1,1,2,1,47,8,1063,1,15,-1,1,-1
2015460256428,1,9,0,3,0,1,0,0,0,0,1,1,2,1,29,6,1560,2,10,-1,1,-1
2015460256428,2,9,0,10,0,1,0,0,0,0,2,1,6,2,45,7,3200,2,14,-1,1,-1
2015460256432,1,9,0,18,0,0,0,0,0,0,1,1,6,1,23,5,1242,1,5,-1,1,-1
2015460256432,2,9,0,18,0,0,0,0,0,0,2,1,6,1,61,9,-1,-1,-1,-1,2,-1
2015460256432,3,9,0,18,0,0,0,0,0,0,2,1,6,1,68,10,2179,2,2,-1,-1,-1
2015460256433,1,9,0,9,0,8,0,0,0,0,1,1,6,1,27,6,1998,2,9,-1,3,-1
2015460256433,2,5,0,18,0,1,0,0,0,0,1,1,2,1,60,9,599,1,12,-1,2,-1
2015460256434,1,9,0,13,0,1,0,0,0,0,3,1,6,3,-1,-1,-1,-1,-1,-1,-1,-1
2015460256434,2,1,0,18,0,1,0,10,0,0,4,1,6,1,60,9,-1,-1,-1,-1,3,-1
2015460256440,1,11,0,18,0,1,0,0,0,0,1,1,1,1,35,6,11967,2,6,-1,-1,-1
2015460256441,1,3,0,3,0,0,0,0,0,0,1,1,6,1,20,4,124,1,-1,-1,1,-1
2015460256441,2,9,0,4,0,0,0,0,0,0,2,1,6,1,21,5,998,1,3,-1,1,-1
2015460256441,3,9,0,2,0,0,0,0,0,0,2,1,6,2,29,6,2401,2,10,-1,1,-1
2015460256445,1,9,0,7,0,5,0,0,0,0,0,1,1,2,37,7,1240,1,9,-1,1,-1
2015460256447,1,9,0,18,0,1,0,0,0,0,1,1,6,1,27,6,-1,-1,-1,-1,1,-1
2015460256447,2,9,0,10,0,1,0,0,0,0,2,1,3,2,29,6,1299,1,15,-1,3,-1
2015460256452,1,9,0,18,0,0,0,0,1,4,1,1,6,1,74,10,1360,1,10,-1,3,-1
2015460256452,2,9,0,3,0,0,0,0,0,0,1,1,6,2,47,8,1997,2,1,-1,1,-1
2015460256456,1,9,0,5,0,2,0,0,0,0,1,1,6,2,46,8,1956,2,1,-1,-1,-1
2015460256456,2,9,0,3,0,2,0,0,0,0,2,1,6,1,72,10,1596,1,23,-1,-1,-1
2015460256457,1,19,0,18,0,0,1,0,2,2,1,1,2,1,19,4,-1,-1,-1,-1,1,-1
2015460256458,1,9,0,9,0,6,0,0,0,0,3,1,6,1,56,9,1968,2,3,-1,1,-1
2015460256458,2,9,0,18,0,1,0,0,0,0,1,1,6,1,57,9,1910,2,15,-1,1,-1
2015460256459,1,9,0,17,0,0,0,0,0,0,1,1,6,1,45,7,1596,1,13,-1,-1,-1
2015460256459,2,9,0,16,0,0,0,0,0,0,1,1,6,1,45,7,-1,-1,-1,-1,3,-1
2015460256460,1,9,0,18,0,0,0,0,0,0,1,1,6,1,43,7,1587,1,17,-1,1,-1
2015460256460,2,9,0,3,0,0,0,0,0,0,2,1,6,1,23,5,1461,2,9,-1,1,-1
2015460256461,1,1,0,5,0,6,0,0,0,0,1,1,6,1,12,3,-1,-1,-1,-1,-1,-1
2015460256461,2,9,0,18,0,8,0,0,0,0,1,1,6,3,-1,-1,1229,1,4,-1,-1,-1
2015460256463,1,9,0,16,0,8,0,0,1,3,3,1,6,1,18,4,1596,1,12,-1,2,-1
2015460256463,2,9,0,3,0,8,0,0,0,0,4,1,1,2,-1,-1,1997,2,6,-1,1,-1
2015460256464,1,21,0,17,0,8,0,0,0,0,1,1,1,1,45,7,11967,2,2,-1,1,-1
2015460256464,2,9,0,17,0,8,0,0,1,1,3,1,3,2,33,6,1686,2,2,-1,1,-1
2015460256465,1,9,0,18,0,8,0,0,0,0,1,1,6,1,17,4,1598,1,8,-1,1,-1
2015460256465,2,9,0,18,0,8,1,0,0,0,3,1,6,1,28,6,1686,2,3,-1,1,-1
2015460256467,1,9,0,9,0,8,0,0,0,0,1,1,6,3,-1,-1,-1,-1,-1,-1,-1,-1
2015460256467,2,9,0,9,0,1,0,0,0,0,3,1,6,2,30,6,2231,2,9,-1,1,-1
2015460256468,1,9,0,18,0,0,0,0,1,4,4,1,6,2,25,5,1388,1,11,-1,1,-1
2015460256469,1,21,1,18,0,0,0,0,0,0,3,1,1,3,-1,-1,11967,2,2,-1,-1,-1
2015460256469,2,11,0,18,0,0,0,0,0,0,3,2,6,1,46,8,-1,-1,-1,-1,-1,-1
2015460256476,1,9,0,18,0,0,0,0,0,0,1,1,3,2,30,6,1587,1,8,-1,3,-1
2015460256479,1,5,0,18,0,0,1,0,0,0,0,1,6,1,65,9,800,1,2,-1,3,-1
2015460256482,1,1,0,16,0,0,0,0,0,0,1,1,6,2,20,4,-1,-1,-1,-1,3,-1
2015460256482,2,9,0,17,0,0,0,0,0,0,3,1,1,1,30,6,998,1,15,-1,2,-1
2015460256487,1,9,0,18,0,2,0,0,0,0,1,1,6,2,71,10,1124,1,10,-1,1,-1
2015460256487,2,9,0,4,0,2,0,0,0,0,2,1,3,2,47,8,1997,1,7,-1,1,-1
2015460256487,3,9,0,3,0,2,0,0,0,0,2,1,1,1,18,4,1149,1,10,-1,1,-1
2015460256488,1,9,0,7,0,3,1,0,1,2,1,1,2,1,27,6,2926,2,13,-1,1,-1
2015460256490,1,9,0,18,0,1,0,0,0,0,1,1,6,1,27,6,1968,2,5,-1,1,-1
2015460256490,2,9,0,18,0,1,0,0,0,0,4,1,1,2,35,6,1997,1,12,-1,3,-1
2015460256491,1,9,0,5,0,1,0,0,0,0,1,1,6,1,23,5,1242,1,11,-1,1,-1
2015460256491,2,1,0,5,0,1,0,0,0,0,3,1,6,1,40,7,-1,-1,-1,-1,3,-1
2015460256493,1,9,0,18,0,0,0,0,0,0,1,1,6,1,47,8,1796,1,13,-1,1,-1
2015460256495,1,9,0,7,0,5,1,0,3,1,1,1,3,2,32,6,1360,1,15,-1,3,-1
2015460256496,1,5,0,3,0,1,0,0,0,0,4,1,6,1,62,9,1255,1,7,-1,1,-1
2015460256496,2,9,0,10,0,5,0,0,0,0,3,1,6,2,34,6,1781,1,19,-1,1,-1
2015460256498,1,9,0,18,0,0,0,0,0,0,4,1,1,1,50,8,1956,2,3,-1,2,-1
2015460256499,1,9,0,18,0,0,0,0,0,0,1,1,1,1,33,6,1997,2,10,-1,1,-1
2015460256499,2,19,0,2,0,0,0,0,0,0,2,1,1,1,59,9,2496,2,18,-1,2,-1
2015460256499,3,19,0,2,0,0,0,0,0,0,2,1,1,1,36,7,2496,2,18,-1,3,-1
2015460256499,4,9,0,18,0,0,0,0,0,0,0,1,1,1,38,7,1984,1,7,-1,1,-1
2015460256500,1,9,0,9,0,8,0,0,0,0,4,1,6,1,62,9,898,1,-1,-1,1,-1
2015460256500,2,9,0,4,0,1,0,0,0,0,1,1,6,2,45,7,1498,1,8,-1,3,-1
2015460256502,1,9,0,4,0,0,0,0,0,0,1,1,2,2,44,7,1198,1,9,-1,1,-1
2015460256503,1,9,0,18,0,0,0,0,0,0,1,1,2,1,34,6,999,1,1,-1,1,-1
2015460256504,1,3,0,18,0,0,0,0,1,10,1,1,6,1,24,5,125,1,10,-1,1,-1
2015460256508,1,9,0,18,0,8,0,0,0,0,1,1,1,1,48,8,1968,2,2,-1,1,-1
2015460256508,2,9,0,10,0,8,0,0,0,0,2,1,6,2,18,4,1242,1,6,-1,2,-1
2015460256508,3,9,0,18,0,8,0,0,1,10,1,1,6,1,70,10,1582,2,4,-1,3,-1
2015460256508,4,9,0,2,0,2,0,0,0,0,1,1,1,1,44,7,-1,-1,-1,-1,3,-1
2015460256509,1,9,0,18,0,0,0,0,0,0,0,1,6,3,-1,-1,-1,-1,-1,-1,-1,-1
2015460256509,2,1,0,18,0,0,0,0,0,0,4,1,6,1,18,4,-1,-1,-1,-1,1,-1
2015460256515,1,9,0,4,0,4,0,0,0,0,1,1,6,2,19,4,1581,1,13,-1,1,-1
2015460256515,2,9,0,4,0,3,0,0,0,0,2,1,6,1,44,7,1762,1,17,-1,1,-1
2015460256516,1,4,0,18,0,8,0,10,1,0,4,1,6,1,28,6,-1,-1,-1,-1,3,-1
2015460256517,1,9,0,18,0,1,0,0,0,0,1,1,6,2,23,5,1329,1,3,-1,1,-1
2015460256517,2,9,0,18,0,1,5,0,1,0,2,1,6,1,68,10,-1,-1,-1,-1,1,-1
2015460256526,1,9,0,16,0,0,1,0,4,6,1,1,6,2,55,8,1396,1,18,-1,1,-1
2015460256540,1,9,0,18,0,1,5,0,1,0,1,1,2,1,20,4,-1,-1,-1,-1,3,-1
2015460256560,1,9,0,18,0,0,0,0,0,0,1,1,6,1,35,6,-1,-1,-1,-1,1,-1
2015460256560,2,9,0,18,0,0,0,0,0,0,2,1,6,1,22,5,1598,2,3,-1,1,-1
2015460256560,3,9,0,18,0,0,0,0,0,0,2,1,6,1,47,8,2771,1,13,-1,1,-1
2015460256563,1,9,0,9,0,8,0,7,0,0,4,1,6,1,18,4,1199,1,14,-1,1,-1
2015460256563,2,20,0,18,0,8,0,0,0,0,1,1,1,1,46,8,-1,-1,-1,-1,1,-1
2015460256564,1,9,0,9,0,1,0,0,0,0,4,1,6,3,-1,-1,-1,-1,-1,-1,-1,-1
2015460256564,2,3,0,18,0,1,0,0,0,0,1,1,6,1,32,6,125,1,1,-1,2,-1
2015460256565,1,9,0,4,0,1,0,0,0,0,1,1,2,3,-1,-1,1910,2,14,-1,-1,-1
2015460256565,2,9,0,3,0,1,0,0,0,0,2,1,2,2,36,7,1199,1,12,-1,1,-1
2015460256572,1,9,0,18,0,0,0,0,0,0,4,1,3,1,51,8,1149,1,7,-1,-1,-1
2015460256575,1,21,1,12,0,0,0,0,0,0,3,2,1,1,35,6,-1,-1,-1,-1,-1,-1
2015460256575,2,9,0,18,0,0,0,0,0,0,4,1,6,1,69,10,998,1,1,-1,1,-1
2015460256578,1,9,0,18,0,1,0,0,0,0,4,1,6,1,51,8,1248,1,3,-1,1,-1
2015460256584,1,9,0,18,0,1,0,0,0,0,1,1,6,2,67,10,1248,1,1,-1,1,-1
2015460256584,2,9,0,3,0,1,0,0,0,0,2,1,6,1,65,9,-1,-1,-1,-1,1,-1
2015460256584,3,9,0,3,0,8,0,0,0,0,2,1,1,1,46,8,1598,2,4,-1,2,-1
2015460256584,4,9,0,3,0,8,0,0,0,0,2,1,6,2,41,7,1896,2,12,-1,1,-1
2015460256587,1,9,0,18,0,6,0,0,3,10,4,1,6,2,24,5,1598,1,10,-1,1,-1
2015460256587,2,9,0,18,0,8,0,0,0,0,1,1,6,2,34,6,1386,1,12,-1,1,-1
2015460256590,1,9,0,4,0,1,0,0,0,0,1,1,6,3,-1,-1,-1,-1,-1,-1,-1,-1
2015460256590,2,9,0,10,0,1,0,0,0,0,2,1,6,2,28,6,1242,1,7,-1,1,-1
2015460256596,1,3,0,4,0,1,1,0,1,7,4,1,6,1,17,4,124,1,-1,-1,2,-1
2015460256600,1,9,0,1,0,0,0,0,0,0,2,1,6,1,45,7,2400,2,1,-1,-1,-1
2015460256600,2,9,0,18,0,0,0,0,0,0,1,1,6,1,60,9,1991,2,5,-1,-1,-1
2015460256603,1,1,0,18,0,8,0,0,0,0,1,1,6,1,31,6,-1,-1,-1,-1,1,-1
2015460256603,2,9,0,7,0,8,0,0,0,0,4,1,6,1,32,6,1461,2,4,-1,1,-1
2015460256614,1,9,0,16,0,8,0,0,0,0,2,1,6,1,17,4,1149,1,11,-1,1,-1
2015460256614,2,9,0,18,0,8,0,0,0,0,2,1,6,2,44,7,1242,1,6,-1,1,-1
2015460256614,3,9,0,16,0,8,0,0,0,0,1,1,6,1,46,8,1769,1,11,-1,1,-1
2015460256615,1,90,0,18,9,0,0,0,0,0,1,1,6,1,54,8,-1,-1,-1,-1,1,-1
2015460256616,1,9,0,9,0,6,1,0,0,0,1,1,3,2,53,8,1798,1,7,-1,3,-1
2015460256616,2,9,0,18,0,1,1,0,0,0,4,1,3,2,44,7,-1,-1,-1,-1,3,-1
2015460256618,1,1,0,17,0,0,1,0,0,0,1,1,6,1,29,6,-1,-1,-1,-1,1,-1
2015460256621,1,9,0,18,0,0,0,0,4,6,1,1,6,1,38,7,1798,1,11,-1,1,-1
2015460256624,1,9,0,18,0,2,1,4,0,0,1,1,6,1,34,6,1242,1,10,-1,1,-1
2015460256624,2,9,0,2,0,2,0,0,0,0,2,1,6,3,-1,-1,1968,2,10,-1,-1,-1
2015460256624,3,9,0,2,0,2,0,4,0,0,2,1,6,1,-1,-1,1685,2,1,-1,2,-1
2015460256624,4,9,0,2,0,2,0,4,0,0,2,1,6,1,54,8,1896,2,12,-1,3,-1
2015460256624,5,9,0,2,0,2,0,4,0,0,2,1,6,1,-1,-1,1968,2,8,-1,1,-1
2015460256625,1,9,0,9,0,5,0,0,0,0,1,1,6,1,34,6,1781,1,15,-1,1,-1
2015460256625,2,9,0,18,0,1,0,0,0,0,1,1,6,2,25,5,1598,1,10,-1,1,-1
2015460256627,1,9,0,18,0,1,1,0,0,0,1,1,1,2,35,6,2495,2,11,-1,1,-1
2015460256627,2,19,0,4,0,5,0,7,1,10,2,1,1,1,35,6,1598,2,2,-1,1,-1
2015460256627,3,9,0,2,0,1,0,0,0,0,1,1,6,3,-1,-1,1560,2,-1,-1,-1,-1
2015460256629,1,9,0,14,0,8,5,0,0,0,1,1,6,1,78,11,1124,1,15,-1,1,-1
2015460256629,2,5,0,9,0,6,0,0,0,0,3,1,6,1,31,6,599,1,6,-1,1,-1
2015460256633,1,21,4,4,0,1,1,0,0,0,1,1,1,1,60,9,10837,2,5,-1,1,-1
2015460256633,2,19,0,4,0,1,0,0,0,0,2,1,1,1,30,6,1598,2,1,-1,-1,-1
2015460256636,1,9,0,18,0,6,0,0,0,0,0,1,6,3,-1,-1,-1,-1,-1,-1,-1,-1
2015460256636,2,9,0,18,0,8,0,0,7,4,1,1,6,1,34,6,1364,1,11,-1,-1,-1
2015460256640,1,9,0,2,0,2,0,0,0,0,2,1,6,3,-1,-1,1586,1,-1,-1,-1,-1
2015460256642,1,9,0,18,0,0,0,0,0,0,1,1,1,1,22,5,-1,-1,-1,-1,3,-1
2015460256642,2,9,0,18,0,0,0,0,0,0,2,1,1,2,40,7,1689,2,12,-1,1,-1
2015460256644,1,19,0,18,0,0,0,0,0,0,1,1,6,1,38,7,2198,2,8,-1,1,-1
2015460256648,1,9,0,18,0,6,0,0,0,0,3,1,6,1,30,6,1796,1,1,-1,3,-1
2015460256648,2,9,0,18,0,8,0,0,0,0,1,1,2,1,64,9,-1,-1,-1,-1,1,-1
2015460256653,1,9,0,9,0,8,0,0,0,0,4,1,6,1,46,8,1968,2,4,-1,1,-1
2015460256653,2,9,0,18,0,8,0,0,1,7,4,1,6,1,26,6,1596,1,6,-1,1,-1
2015460256654,1,3,0,4,0,8,0,0,0,0,1,1,2,1,18,4,125,1,2,-1,3,-1
2015460256654,2,9,0,4,0,8,0,0,0,0,2,1,1,1,17,4,-1,-1,-1,-1,3,-1
2015460256661,1,9,0,11,0,8,0,0,0,0,4,1,6,1,64,9,1896,2,7,-1,1,-1
2015460256661,2,5,0,18,0,7,0,0,0,0,3,1,6,1,47,8,675,1,7,-1,1,-1
2015460256662,1,9,0,18,0,1,1,0,0,0,1,1,6,3,-1,-1,-1,-1,-1,-1,-1,-1
2015460256664,1,9,0,18,0,0,0,0,0,0,1,1,6,2,33,6,998,1,7,-1,1,-1
2015460256669,1,9,0,12,0,8,0,0,0,0,1,1,1,1,40,7,2494,2,10,-1,-1,-1
2015460256669,2,9,0,18,0,8,0,0,0,0,4,1,6,1,48,8,1598,1,13,-1,1,-1
2015460256670,1,9,0,12,0,0,1,0,0,0,4,1,6,3,-1,-1,-1,-1,-1,-1,-1,-1
2015460256670,2,5,0,18,0,0,1,0,0,0,3,1,6,1,58,9,865,1,5,-1,3,-1
2015460256671,1,9,0,18,0,8,0,0,0,0,3,2,6,1,49,8,-1,-1,-1,-1,-1,-1
2015460256671,2,9,0,18,0,8,0,0,0,0,4,1,6,1,44,7,1995,2,8,-1,-1,-1
2015460256674,1,9,0,16,0,1,0,0,0,0,1,1,6,1,26,6,1242,1,12,-1,1,-1
2015460256674,2,9,0,3,0,1,0,0,0,0,2,1,6,2,58,9,5000,1,1,-1,3,-1
2015460256675,1,5,0,17,0,0,1,10,0,0,1,1,6,1,53,8,1050,1,9,-1,1,-1
2015460256678,1,9,0,16,0,0,0,0,0,0,1,1,2,2,57,9,1686,2,7,-1,3,-1
2015460256678,2,9,0,5,0,0,0,0,0,0,1,1,6,1,27,6,1598,1,14,-1,1,-1
2015460256680,1,9,0,7,0,8,0,0,0,0,3,1,6,1,43,7,1560,2,3,-1,1,-1
2015460256680,2,9,0,18,0,8,0,0,0,0,1,1,2,2,51,8,1997,1,13,-1,2,-1
2015460256686,1,5,0,13,0,0,1,7,0,0,0,1,6,1,54,8,1199,1,14,-1,1,-1
2015460256686,2,9,0,12,0,0,0,0,0,0,0,1,6,2,30,6,898,1,-1,-1,-1,-1
2015460256689,1,9,0,9,0,8,0,0,0,0,4,1,6,1,46,8,1598,2,5,-1,1,-1
2015460256689,2,4,0,18,0,8,0,0,0,0,1,1,6,1,37,7,450,1,13,-1,1,-1
2015460256690,1,9,0,9,0,6,0,0,0,0,3,1,6,2,75,10,1386,1,7,-1,-1,-1
2015460256690,2,3,0,18,0,1,0,0,0,0,1,1,6,1,18,4,123,1,40,-1,-1,-1
2015460256695,1,9,0,18,0,0,0,0,0,0,2,1,6,3,-1,-1,1398,2,11,-1,-1,-1
2015460256695,2,9,0,18,0,0,0,0,0,0,1,1,6,1,22,5,1360,1,14,-1,1,-1
2015460256699,1,9,0,18,0,0,0,0,1,7,1,1,6,1,-1,-1,-1,-1,-1,-1,-1,-1
2015460256699,2,9,0,18,0,0,0,0,0,0,2,1,6,1,27,6,1896,2,11,-1,1,-1
2015460256706,1,9,0,18,0,3,0,0,0,0,0,1,6,3,-1,-1,-1,-1,-1,-1,-1,-1
2015460256707,1,2,0,9,0,4,1,0,0,0,1,1,1,1,23,5,49,1,2,-1,-1,-1
2015460256710,1,9,0,16,0,0,1,0,0,0,1,1,2,1,25,5,1390,1,9,-1,1,-1
2015460256710,2,9,0,4,0,0,1,0,0,0,2,1,3,1,38,7,2143,2,3,-1,1,-1
2015460256711,1,9,0,9,0,6,0,0,0,0,1,1,6,1,53,8,2199,2,1,-1,2,-1
2015460256711,2,3,0,18,0,1,0,0,0,0,3,1,6,1,24,5,124,1,-1,-1,1,-1
2015460256712,1,9,0,18,0,1,0,0,0,0,4,1,6,1,31,6,-1,-1,-1,-1,-1,-1
2015460256712,2,5,0,18,0,1,0,0,1,0,3,1,6,1,56,9,1052,1,18,-1,1,-1
2015460256712,3,9,0,8,0,5,0,0,0,0,0,1,6,1,28,6,2148,2,13,-1,1,-1
2015460256713,1,9,0,5,0,1,0,0,0,0,4,1,2,1,58,9,1397,1,3,-1,1,-1
2015460256713,2,9,0,18,0,1,0,0,0,0,1,1,2,2,-1,-1,1598,2,1,-1,3,-1
2015460256714,1,21,0,2,0,0,0,0,0,0,3,1,6,1,58,9,-1,-1,-1,-1,1,-1
2015460256714,2,1,0,18,0,0,0,0,0,0,1,1,6,2,38,7,-1,-1,-1,-1,1,-1
2015460256717,1,9,0,9,0,6,0,0,0,0,3,1,6,1,56,9,1598,1,5,-1,1,-1
2015460256717,2,1,0,18,0,1,0,0,0,0,1,1,6,1,34,6,-1,-1,-1,-1,-1,-1
2015460256719,1,9,0,18,0,8,0,0,1,4,3,1,6,2,69,10,2360,1,6,-1,-1,-1
2015460256719,2,9,0,18,0,8,0,0,7,1,3,1,6,1,66,10,1596,1,11,-1,1,-1
2015460256728,1,9,0,18,0,0,0,0,0,0,1,1,1,1,24,5,-1,-1,-1,-1,-1,-1
2015460256728,2,9,0,18,0,0,0,0,0,0,2,1,6,2,28,6,1560,2,1,-1,1,-1
2015460256731,1,9,0,18,0,0,0,0,0,0,1,1,6,2,62,9,1339,1,10,-1,3,-1
2015460256731,2,9,0,2,0,0,0,0,0,0,2,1,6,2,83,11,1339,1,9,-1,2,-1
2015460256732,1,9,0,18,0,6,0,0,0,0,1,1,6,1,48,8,2987,2,8,-1,-1,-1
2015460256732,2,9,0,18,0,1,0,0,7,0,4,1,2,1,48,8,1560,2,4,-1,-1,-1