Accident_Index,Vehicle_Reference,Vehicle_Type,Towing_and_Articulation,Vehicle_Manoeuvre,Vehicle_Location-Restricted_Lane,Junction_Location,Skidding_and_Overturning,Hit_Object_in_Carriageway,Vehicle_Leaving_Carriageway,Hit_Object_off_Carriageway,1st_Point_of_Impact,Was_Vehicle_Left_Hand_Drive?,Journey_Purpose_of_Driver,Sex_of_Driver,Age_of_Driver,Age_Band_of_Driver,Engine_Capacity_(CC),Propulsion_Code,Age_of_Vehicle,Driver_IMD_Decile,Driver_Home_Area_Type,Vehicle_IMD_Decile
2015460256736,1,9,0,5,0,6,1,0,1,9,3,1,6,2,81,11,1360,1,10,-1,3,-1
2015460256736,2,9,0,18,0,1,1,0,0,0,1,1,1,1,25,5,-1,-1,-1,-1,3,-1
2015460256736,3,9,0,18,0,1,1,0,0,0,1,1,1,1,42,7,2494,2,4,-1,1,-1
2015460256736,4,9,0,18,0,1,1,0,0,0,1,1,1,1,29,6,-1,-1,-1,-1,1,-1
2015460256738,1,9,0,18,0,0,0,0,0,0,1,1,6,3,-1,-1,1388,1,13,-1,-1,-1
2015460256738,2,9,0,18,0,0,0,0,0,0,1,1,6,2,28,6,1999,1,10,-1,3,-1
2015460256744,1,20,0,18,0,0,5,4,0,0,1,1,1,1,46,8,-1,-1,-1,-1,1,-1
2015460256744,2,9,0,2,0,0,0,0,0,0,2,1,6,1,29,6,1796,1,10,-1,1,-1
2015460256745,1,11,0,14,0,1,0,0,0,0,3,1,1,1,49,8,9000,2,1,-1,1,-1
2015460256745,2,9,0,8,0,1,0,0,0,0,3,1,2,1,83,11,1198,1,8,-1,1,-1
2015460256746,1,9,0,4,0,4,0,0,0,0,4,1,6,3,-1,-1,-1,-1,-1,-1,-1,-1
2015460256746,2,1,0,18,0,6,0,0,0,0,1,1,6,1,15,3,-1,-1,-1,-1,2,-1
2015460256748,1,1,0,18,0,8,0,0,0,0,0,1,6,1,68,10,-1,-1,-1,-1,2,-1
2015460256749,1,9,0,16,0,0,0,0,0,0,1,1,2,1,17,4,1398,1,1,-1,-1,-1
2015460256749,2,9,0,17,0,0,0,0,0,0,1,1,3,2,45,7,1798,1,46,-1,-1,-1
2015460256752,1,9,0,9,0,6,0,0,0,0,1,1,6,1,64,9,996,1,3,-1,1,-1
2015460256752,2,9,0,18,0,1,0,0,0,0,1,1,6,2,26,6,-1,-1,-1,-1,1,-1
2015460256756,1,9,0,18,0,0,1,0,0,0,2,1,2,2,28,6,1591,1,6,-1,1,-1
2015460256756,2,21,0,18,0,0,0,0,0,0,1,1,1,1,52,8,9186,2,2,-1,2,-1
2015460256759,1,9,0,9,0,8,0,0,0,0,1,1,1,1,59,9,1995,2,5,-1,1,-1
2015460256759,2,9,0,18,0,8,0,0,0,0,1,1,6,2,51,8,1390,1,5,-1,1,-1
2015460256762,1,9,0,7,0,5,0,0,0,0,4,1,6,3,-1,-1,1798,8,1,-1,-1,-1
2015460256762,2,1,0,4,0,1,1,0,0,0,3,1,6,1,27,6,-1,-1,-1,-1,1,-1
2015460256763,1,9,0,9,0,6,0,0,0,0,3,1,6,1,26,6,1229,1,9,-1,1,-1
2015460256763,2,9,0,18,0,8,0,0,0,0,4,1,6,1,18,4,1360,1,8,-1,1,-1
2015460256765,1,9,0,18,0,1,0,0,1,0,1,1,6,2,30,6,-1,-1,-1,-1,3,-1
2015460256765,2,9,0,3,0,1,0,0,0,0,2,1,6,1,22,5,-1,-1,-1,-1,1,-1
2015460256765,3,9,0,10,0,1,0,0,0,0,2,1,6,1,36,7,-1,-1,-1,-1,1,-1
2015460256765,4,9,0,18,0,1,0,0,1,0,1,1,6,2,25,5,1598,2,4,-1,1,-1
2015460256766,1,9,0,9,0,6,0,0,0,0,4,1,6,1,77,11,2179,2,2,-1,3,-1
2015460256766,2,5,0,18,0,8,0,0,0,0,3,1,6,1,-1,-1,-1,-1,-1,-1,3,-1
2015460256768,1,1,0,18,9,8,0,0,0,0,0,1,6,2,46,8,-1,-1,-1,-1,1,-1
2015460256769,1,9,0,18,0,1,0,10,1,7,4,1,6,1,38,7,1585,1,18,-1,3,-1
2015460256770,1,21,0,18,0,8,0,0,0,0,1,1,1,1,-1,-1,-1,-1,-1,-1,1,-1
2015460256770,2,9,0,7,0,5,0,0,0,0,2,1,1,1,60,9,-1,-1,-1,-1,3,-1
2015460256771,1,2,0,18,0,0,1,0,0,0,0,1,6,1,17,4,49,1,4,-1,-1,-1
2015460256772,1,5,0,18,0,0,1,0,1,0,0,1,6,1,51,8,599,1,12,-1,2,-1
2015460256772,2,5,0,18,0,0,1,0,1,10,1,1,6,1,37,7,675,1,2,-1,3,-1
2015460256773,1,9,0,9,0,5,0,0,0,0,1,1,6,1,59,9,1560,2,1,-1,-1,-1
2015460256773,2,9,0,18,0,1,0,0,0,0,1,1,6,1,34,6,1390,1,11,-1,3,-1
2015460256777,1,1,0,18,0,1,0,0,0,0,1,1,6,1,25,5,-1,-1,-1,-1,-1,-1
2015460256777,2,9,0,7,0,5,0,0,0,0,4,1,6,1,21,5,1994,1,12,-1,3,-1
2015460256780,1,9,0,16,0,0,0,0,8,4,1,1,6,1,38,7,-1,-1,-1,-1,1,-1
2015460256781,1,9,0,18,0,0,0,0,0,0,1,1,6,1,81,11,1896,2,10,-1,1,-1
2015460256781,2,9,0,3,0,0,0,0,0,0,1,1,6,2,36,7,998,1,-1,-1,1,-1
2015460256781,3,9,0,3,0,0,0,0,0,0,2,1,6,1,18,4,1560,2,2,-1,3,-1
2015460256782,1,21,0,4,0,8,0,0,0,0,1,1,6,1,25,5,2143,2,4,-1,2,-1
2015460256782,2,9,0,4,0,8,0,0,0,0,2,1,3,2,41,7,1560,2,8,-1,1,-1
2015460256785,1,9,0,14,0,1,0,0,0,0,1,1,6,1,64,9,2180,2,23,-1,3,-1
2015460256785,2,11,0,2,0,1,0,0,0,0,0,1,1,1,52,8,7300,2,11,-1,1,-1
2015460256786,1,21,0,9,0,6,0,0,0,0,2,1,6,1,33,6,9186,2,1,-1,1,-1
2015460256787,1,9,0,7,0,6,0,0,0,0,1,1,6,1,78,11,1360,1,8,-1,1,-1
2015460256787,2,1,0,18,0,1,0,0,0,0,1,1,6,1,53,8,-1,-1,-1,-1,2,-1
2015460256808,1,9,0,14,0,1,0,0,0,0,1,1,6,1,18,4,-1,-1,-1,-1,1,-1
2015460256808,2,9,0,5,0,6,0,0,0,0,1,1,6,1,44,7,2967,2,4,-1,2,-1
2015460256811,1,-1,0,18,0,4,0,0,0,0,1,1,6,3,-1,-1,-1,-1,-1,-1,-1,-1
2015460256811,2,3,0,18,0,3,0,0,0,0,4,1,6,1,60,9,798,1,30,-1,1,-1
2015460256812,1,9,0,18,0,0,5,4,0,0,3,1,6,2,29,6,1198,1,1,-1,3,-1
2015460256812,2,9,0,2,0,0,0,0,0,0,4,1,6,1,30,6,1995,2,9,-1,-1,-1
2015460256812,3,9,0,2,0,0,0,0,0,0,4,1,6,1,-1,-1,1149,1,7,-1,1,-1
2015460256816,1,19,0,4,0,1,0,0,0,0,0,1,1,1,55,8,2402,2,9,-1,1,-1
2015460256816,2,9,0,18,0,1,0,0,0,0,2,1,6,1,62,9,1493,2,7,-1,1,-1
2015460256816,3,9,0,18,0,1,0,0,0,0,2,1,1,1,41,7,1248,2,4,-1,1,-1
2015460256816,4,9,0,18,0,1,0,0,0,0,1,1,6,2,52,8,1560,2,5,-1,2,-1
2015460256818,1,9,0,4,0,1,1,0,0,0,1,1,6,1,81,11,1360,1,13,-1,1,-1
2015460256818,2,9,0,10,0,1,0,0,0,0,2,1,1,1,24,5,-1,-1,-1,-1,1,-1
2015460256821,1,9,0,18,0,1,0,0,0,0,1,1,6,1,33,6,6162,1,6,-1,1,-1
2015460256821,2,9,0,3,0,1,0,0,0,0,2,1,6,1,62,9,1600,2,6,-1,3,-1
2015460256823,1,9,0,18,0,0,0,0,0,0,1,1,6,1,17,4,1390,1,13,-1,2,-1
2015460256823,2,9,0,4,0,0,0,0,0,0,2,1,2,1,53,8,2987,2,8,-1,1,-1
2015460256825,1,20,0,18,0,4,0,0,0,0,1,1,1,1,61,9,-1,-1,-1,-1,1,-1
2015460256825,2,9,0,3,0,4,0,0,0,0,2,1,1,1,46,8,1248,2,3,-1,1,-1
2015460256826,1,9,0,13,0,0,2,10,1,4,1,1,6,1,23,5,1598,1,8,-1,1,-1
2015460256828,1,9,0,18,0,1,0,0,0,0,3,1,6,2,20,4,1242,1,1,-1,1,-1
2015460256828,2,19,0,9,0,6,0,0,0,0,3,1,1,1,32,6,-1,-1,-1,-1,1,-1
2015460256831,1,9,0,4,0,0,0,0,0,0,1,1,6,2,18,4,1124,1,12,-1,1,-1
2015460256831,2,9,0,4,0,0,0,0,0,0,2,1,6,2,24,5,1596,1,2,-1,1,-1
2015460256836,1,9,0,4,0,1,1,0,0,0,1,1,6,1,44,7,2987,2,4,-1,1,-1
2015460256836,2,9,0,3,0,1,0,0,0,0,2,1,6,2,28,6,1242,1,3,-1,2,-1
2015460256839,1,9,0,18,9,1,0,0,7,0,1,1,6,2,29,6,1995,2,8,-1,1,-1
2015460256843,1,9,0,12,0,0,0,0,0,0,3,2,6,3,-1,-1,-1,-1,-1,-1,-1,-1
2015460256843,2,9,0,18,0,0,0,0,0,0,4,1,6,2,36,7,1998,2,12,-1,-1,-1
2015460256845,1,5,0,17,0,8,0,0,0,0,1,1,6,1,41,7,998,1,15,-1,3,-1
2015460256845,2,9,0,16,0,8,0,0,0,0,3,1,6,1,65,9,1970,1,15,-1,1,-1
2015460256850,1,3,0,16,0,8,1,0,4,0,1,1,6,1,37,7,996,1,8,-1,1,-1
2015460256852,1,9,0,9,0,6,0,0,0,0,1,1,6,1,76,11,1560,2,8,-1,2,-1
2015460256852,2,9,0,9,0,5,0,0,0,0,3,1,6,2,84,11,1390,1,5,-1,2,-1
2015460256863,1,9,0,9,0,6,0,0,0,0,3,1,6,2,25,5,1796,1,17,-1,1,-1
2015460256863,2,9,0,18,0,8,0,0,0,0,1,1,6,2,19,4,998,1,5,-1,1,-1
2015460256875,1,21,0,11,0,0,0,0,0,0,4,1,1,1,48,8,12900,2,7,-1,1,-1
2015460256875,2,9,0,18,0,0,1,0,4,0,3,1,6,2,54,8,-1,-1,-1,-1,2,-1
2015460256878,1,9,0,5,0,4,0,0,0,0,1,1,2,1,62,9,1796,1,4,-1,3,-1
2015460256878,2,9,0,4,0,4,0,0,0,0,0,1,6,2,30,6,2179,2,3,-1,1,-1
2015460256878,3,1,0,9,0,3,0,0,0,0,4,1,6,1,18,4,-1,-1,-1,-1,1,-1
2015460256881,1,9,0,12,0,0,0,0,0,0,1,1,6,2,73,10,1997,2,13,-1,2,-1
2015460256881,2,5,0,18,0,0,0,0,0,0,1,1,6,1,24,5,1170,1,1,-1,2,-1
2015460256885,1,9,0,7,0,5,0,0,0,0,4,1,1,1,50,8,1998,2,9,-1,-1,-1
2015460256887,1,9,0,18,9,0,0,0,1,10,0,1,6,1,24,5,1598,1,14,-1,1,-1
2015460256888,1,9,0,1,0,1,0,0,0,0,2,1,6,3,-1,-1,-1,-1,-1,-1,-1,-1
2015460256888,2,9,0,18,0,1,0,0,7,0,4,1,6,1,21,5,49,1,11,-1,3,-1
2015460256889,1,9,0,18,0,0,0,0,0,0,1,1,1,2,41,7,1870,2,8,-1,1,-1
2015460256896,1,19,0,18,0,0,0,0,0,0,1,1,6,1,57,9,1560,2,6,-1,1,-1
2015460256896,2,9,0,4,0,0,0,0,1,7,2,1,6,1,46,8,4282,1,8,-1,2,-1
2015460256896,3,9,0,4,0,0,0,0,0,0,2,1,6,1,48,8,2179,2,3,-1,-1,-1
2015460256896,4,9,0,4,0,0,0,0,0,0,2,1,6,2,34,6,1596,1,3,-1,1,-1
2015460256897,1,9,0,18,0,2,0,0,0,0,0,1,6,3,-1,-1,1968,2,1,-1,-1,-1
2015460256897,2,16,0,18,0,2,0,0,0,0,0,1,6,2,22,5,-1,-1,-1,-1,-1,-1
2015460256899,1,20,0,11,0,0,0,0,0,0,1,1,2,1,37,7,-1,-1,-1,-1,1,-1
2015460256899,2,9,0,11,0,0,0,0,0,0,2,1,6,1,76,11,1242,1,5,-1,1,-1
2015460256899,3,9,0,18,0,0,0,0,0,0,2,1,6,1,56,9,2204,2,10,-1,1,-1
2015460256899,4,9,0,18,0,0,0,0,0,0,1,1,6,1,30,6,1968,2,5,-1,2,-1
2015460256901,1,9,0,18,0,1,0,0,0,0,1,1,6,1,66,10,1388,1,11,-1,1,-1
2015460256901,2,9,0,1,0,1,0,0,7,0,1,1,6,2,57,9,1797,8,2,-1,1,-1
2015460256906,1,9,0,16,0,0,2,0,7,4,3,1,6,1,68,10,3200,6,15,-1,2,-1
2015460256907,1,9,0,18,0,0,0,0,0,0,4,1,6,2,51,8,1596,1,4,-1,1,-1
2015460256908,1,9,0,9,0,6,0,0,0,0,1,1,2,2,37,7,1995,2,-1,-1,3,-1
2015460256908,2,9,0,18,0,1,0,0,7,0,4,1,6,1,32,6,999,1,-1,-1,1,-1
2015460256911,1,9,0,9,0,6,0,0,0,0,1,1,6,2,45,7,1956,2,5,-1,1,-1
2015460256911,2,9,0,18,0,1,0,0,0,0,4,1,2,2,57,9,1240,1,5,-1,1,-1
2015460256913,1,9,0,18,0,0,2,0,7,4,0,1,6,1,32,6,-1,-1,-1,-1,3,-1
2015460256914,1,9,0,18,0,1,0,0,0,0,1,1,6,1,35,6,1199,1,16,-1,1,-1
2015460256914,2,19,0,9,0,6,0,0,0,0,1,1,1,1,62,9,2198,2,4,-1,1,-1
2015460256915,1,9,0,9,0,1,0,0,0,0,0,1,6,1,40,7,2993,2,2,-1,1,-1
2015460256915,2,1,0,18,0,1,0,0,0,0,0,1,6,1,46,8,-1,-1,-1,-1,1,-1
2015460256918,1,9,0,18,0,0,0,0,0,0,4,1,6,2,25,5,2495,2,12,-1,2,-1
2015460256919,1,9,0,18,0,0,0,0,1,0,1,1,1,1,36,7,-1,-1,-1,-1,-1,-1
2015460256919,2,9,0,2,0,0,0,0,0,0,2,1,6,1,40,7,1598,2,2,-1,-1,-1
2015460256919,3,19,0,2,0,0,0,0,0,0,3,1,6,1,34,6,1896,2,10,-1,-1,-1
2015460256921,1,9,0,2,0,0,0,0,0,0,3,1,6,2,77,11,1598,2,1,-1,1,-1
2015460256921,2,1,0,14,0,0,0,8,0,0,1,1,6,1,67,10,-1,-1,-1,-1,1,-1
2015460256923,1,5,0,4,0,0,0,0,0,0,1,1,6,1,40,7,1002,1,21,-1,1,-1
2015460256923,2,9,0,4,0,0,0,0,0,0,2,1,6,1,57,9,2720,2,7,-1,3,-1
2015460256924,1,9,0,4,0,0,0,0,0,0,1,1,6,1,24,5,1560,2,2,-1,1,-1
2015460256924,2,9,0,4,0,0,0,0,0,0,2,1,6,1,48,8,1995,2,2,-1,1,-1
2015460256924,3,9,0,4,0,0,0,0,0,0,2,1,6,1,48,8,1968,2,4,-1,1,-1
2015460256924,4,9,0,4,0,0,0,0,0,0,2,1,6,1,28,6,1598,1,12,-1,-1,-1
2015460256926,1,9,0,4,0,0,0,0,0,0,1,1,6,1,40,7,2000,1,11,-1,1,-1
2015460256926,2,19,0,4,0,0,0,0,0,0,2,1,6,1,27,6,1870,2,13,-1,1,-1
2015460256926,3,9,0,4,0,0,0,0,0,0,2,1,6,1,65,9,1198,1,1,-1,3,-1
2015460256926,4,9,0,4,0,0,0,0,0,0,2,1,6,2,25,5,1248,1,1,-1,1,-1
2015460256931,1,9,0,11,0,8,1,0,8,7,2,1,6,2,18,4,1390,1,12,-1,1,-1
2015460256937,1,9,0,18,0,0,1,0,8,6,1,1,6,1,39,7,1596,1,7,-1,1,-1
2015460256939,1,9,0,18,0,8,0,6,0,0,1,1,6,1,39,7,1598,1,13,-1,1,-1
2015460256943,1,1,0,18,0,6,0,0,0,0,1,1,6,2,65,9,-1,-1,-1,-1,1,-1
2015460256943,2,9,0,5,0,6,0,0,0,0,3,1,6,2,41,7,1686,2,17,-1,1,-1
2015460256947,1,9,0,18,0,0,0,0,0,0,1,1,6,3,-1,-1,-1,-1,-1,-1,-1,-1
2015460256947,2,1,0,18,0,0,0,0,0,0,1,1,6,1,10,2,-1,-1,-1,-1,1,-1
2015460256975,1,9,0,9,0,6,0,0,0,0,1,1,3,2,-1,-1,1124,1,8,-1,1,-1
2015460256975,2,1,0,18,0,8,0,0,0,0,1,1,4,1,12,3,-1,-1,-1,-1,3,-1
2015460256976,1,1,0,18,0,0,0,0,0,0,2,1,6,1,61,9,-1,-1,-1,-1,1,-1
2015460256976,2,1,0,18,0,0,0,0,0,0,1,1,6,1,46,8,-1,-1,-1,-1,3,-1
2015460256987,1,9,0,12,0,0,1,0,1,4,4,1,6,1,48,8,-1,-1,-1,-1,1,-1
2015460256987,2,9,0,18,0,0,1,0,1,4,3,1,6,1,38,7,1995,2,3,-1,1,-1
2015460256987,3,9,0,18,0,0,0,0,0,0,0,1,6,1,20,4,-1,-1,-1,-1,3,-1
2015460256987,4,9,0,18,0,0,0,0,0,0,0,1,6,1,20,4,-1,-1,-1,-1,3,-1
2015460256988,1,9,0,18,0,1,0,0,0,0,1,1,6,2,87,11,1390,1,11,-1,1,-1
2015460256988,2,9,0,3,0,1,0,0,0,0,2,1,6,1,69,10,1598,2,1,-1,1,-1
2015460256988,3,9,0,3,0,1,0,0,0,0,2,1,6,1,26,6,1206,1,4,-1,1,-1
2015460256988,4,9,0,3,0,1,0,0,0,0,2,1,6,2,42,7,1598,1,13,-1,3,-1
2015460256993,1,21,0,12,0,0,0,0,0,0,3,1,1,1,42,7,-1,-1,-1,-1,-1,-1
2015460256993,2,9,0,18,0,0,0,0,1,4,4,1,1,1,52,8,1560,2,9,-1,-1,-1
2015460256996,1,9,0,4,0,8,0,0,0,0,1,1,3,2,31,6,1686,2,2,-1,1,-1
2015460256996,2,9,0,4,0,8,0,0,0,0,2,1,2,2,45,7,1998,1,10,-1,1,-1
2015460256997,1,9,0,18,0,0,0,0,0,0,0,1,6,3,-1,-1,-1,-1,-1,-1,-1,-1
2015460256997,2,8,0,18,0,0,0,0,4,6,1,1,6,2,26,6,998,1,14,-1,1,-1
2015460257002,1,9,0,18,0,0,5,0,0,0,4,1,6,1,22,5,1124,1,10,-1,3,-1
2015460257002,2,9,0,12,0,0,0,0,0,0,3,1,6,2,64,9,1388,1,3,-1,1,-1
2015460257008,1,9,0,4,0,0,0,0,0,0,1,1,6,1,50,8,1197,1,-1,-1,1,-1
2015460257008,2,9,0,4,0,0,0,0,0,0,2,1,6,1,29,6,1799,1,8,-1,1,-1
2015460257008,3,9,0,4,0,0,0,0,0,0,1,1,6,1,62,9,1796,1,10,-1,1,-1
2015460257008,4,9,0,4,0,0,0,0,0,0,2,1,6,1,58,9,2204,2,7,-1,2,-1
2015460257008,5,9,0,4,0,0,0,0,0,0,1,1,6,2,57,9,998,1,2,-1,-1,-1
2015460257010,1,9,0,18,0,0,0,0,0,0,1,1,6,1,55,8,2987,2,5,-1,1,-1
2015460257010,2,9,0,4,0,0,0,0,0,0,2,1,6,1,33,6,1560,2,5,-1,1,-1
2015460257010,3,9,0,4,0,0,0,0,0,0,2,1,6,2,22,5,1198,1,12,-1,1,-1
2015460257010,4,9,0,2,0,0,0,0,0,0,2,1,6,2,21,5,1328,1,5,-1,1,-1
2015460257011,1,9,0,18,0,0,0,0,0,0,1,1,6,3,-1,-1,1995,2,8,-1,-1,-1
2015460257011,2,9,0,18,0,0,0,0,0,0,2,1,6,1,39,7,-1,-1,-1,-1,2,-1
2015460257023,1,9,0,18,0,1,0,0,0,0,1,1,6,1,42,7,1461,2,3,-1,-1,-1
2015460257023,2,21,0,4,0,1,0,0,0,0,2,1,1,1,27,6,-1,-1,-1,-1,-1,-1
2015460257026,1,9,0,18,0,5,0,0,0,0,1,1,6,2,52,8,1995,1,12,-1,-1,-1
2015460257026,2,9,0,18,0,8,0,0,0,0,1,1,6,2,57,9,1781,1,13,-1,3,-1
2015460257027,1,9,0,2,0,0,0,0,0,0,4,1,6,1,37,7,1798,8,2,-1,2,-1
2015460257027,2,1,0,18,0,0,0,0,0,0,1,1,6,1,75,10,-1,-1,-1,-1,2,-1
2015460257034,1,9,0,2,0,1,0,0,0,0,4,1,1,1,-1,-1,1596,1,11,-1,-1,-1
2015460257035,1,5,0,16,0,1,0,0,7,0,0,1,6,1,33,6,1043,1,-1,-1,2,-1
2015460257039,1,9,0,17,0,1,2,0,0,0,4,1,6,1,28,6,1998,2,7,-1,2,-1
2015460257042,1,9,0,16,0,0,0,0,8,3,1,1,6,2,18,4,-1,-1,-1,-1,1,-1
2015460257046,1,9,0,18,0,1,0,0,1,7,1,1,6,1,30,6,1299,1,14,-1,1,-1
2015460257046,2,9,0,18,0,1,0,0,0,0,1,1,6,1,45,7,1995,2,10,-1,1,-1
2015460257047,1,19,0,18,0,0,0,0,0,0,1,1,1,1,18,4,2402,2,7,-1,1,-1
2015460257047,2,9,0,3,0,0,0,0,0,0,2,1,2,2,29,6,1598,1,13,-1,-1,-1
2015460257047,3,9,0,3,0,0,0,0,0,0,2,1,6,2,41,7,1198,1,2,-1,3,-1
2015460257048,1,9,0,9,0,6,0,0,0,0,1,1,1,1,59,9,1560,2,7,-1,1,-1
2015460257048,2,9,0,18,0,8,0,0,0,0,4,1,6,1,25,5,1994,2,11,-1,1,-1
2015460257049,1,9,0,18,0,0,0,0,1,1,3,1,6,2,44,7,1560,2,8,-1,1,-1
2015460257050,1,9,0,1,0,2,0,0,0,0,2,1,1,1,28,6,2495,2,13,-1,-1,-1
2015460257050,2,3,0,3,0,2,0,0,0,0,1,1,1,1,45,7,1690,1,7,-1,1,-1
2015460257052,1,90,0,13,0,0,0,0,0,0,0,1,1,3,-1,-1,-1,-1,-1,-1,-1,-1
2015460257052,2,9,0,3,0,0,1,0,0,0,1,1,6,2,23,5,1229,1,6,-1,1,-1
2015460257052,3,9,0,3,0,0,1,0,0,0,1,1,6,1,20,4,1896,2,8,-1,2,-1
2015460257052,4,9,0,3,0,0,1,0,0,0,1,1,6,1,39,7,1956,2,3,-1,1,-1
2015460257052,5,9,0,3,0,0,1,0,0,0,2,1,6,1,25,5,1995,2,13,-1,1,-1
2015460257053,1,9,0,17,0,1,1,0,2,10,1,1,1,1,21,5,1986,2,8,-1,3,-1
2015460257058,1,9,0,9,0,6,0,0,0,0,0,1,1,1,49,8,1968,2,9,-1,1,-1
2015460257060,1,9,0,18,0,0,0,0,0,0,1,1,6,1,48,8,2544,1,15,-1,1,-1
2015460257065,1,9,0,16,0,8,0,0,7,10,1,1,6,1,23,5,1995,1,8,-1,1,-1
2015460257069,1,9,0,18,0,0,0,7,1,0,1,1,6,1,89,11,1240,1,10,-1,3,-1
2015460257072,1,9,0,18,0,1,0,0,0,0,1,1,6,3,-1,-1,1988,1,14,-1,-1,-1
2015460257072,2,9,0,4,0,8,0,0,0,0,2,1,6,2,44,7,2000,1,14,-1,1,-1
2015460257072,3,9,0,10,0,1,0,0,0,0,2,1,6,2,25,5,1368,1,6,-1,1,-1
2015460257074,1,9,0,18,0,0,0,0,0,0,4,1,6,3,85,11,1598,1,7,-1,-1,-1
2015460257074,2,9,0,2,0,0,0,0,0,0,3,1,6,1,-1,-1,1796,1,6,-1,1,-1
2015460257075,1,9,0,18,0,1,0,0,0,0,0,1,6,3,-1,-1,-1,-1,-1,-1,-1,-1
2015460257079,1,9,0,9,0,5,0,0,0,0,1,1,6,1,68,10,1868,2,13,-1,1,-1
2015460257079,2,3,0,18,0,1,0,0,0,0,2,1,6,1,22,5,124,1,4,-1,1,-1
2015460257080,1,9,0,13,0,0,0,0,0,0,0,1,2,2,37,7,1490,1,9,-1,-1,-1
2015460257080,2,9,0,13,0,0,1,0,1,9,0,1,6,2,27,6,1896,2,13,-1,2,-1
2015460257082,1,20,0,4,0,0,1,0,0,0,2,1,1,1,28,6,2151,2,10,-1,3,-1
2015460257082,2,19,0,4,0,0,1,0,0,0,1,1,1,1,24,5,1995,2,2,-1,1,-1
2015460257082,3,9,0,4,0,0,0,0,0,0,2,1,1,1,62,9,1797,8,4,-1,1,-1
2015460257086,1,9,0,12,0,7,0,0,0,0,3,1,6,2,43,7,1461,2,-1,-1,1,-1
2015460257086,2,2,0,18,0,8,0,0,0,0,1,1,6,1,16,4,50,1,11,-1,1,-1
2015460257088,1,19,0,18,0,0,0,0,0,0,1,1,1,1,24,5,2198,2,3,-1,-1,-1
2015460257088,2,9,0,18,0,0,0,0,0,0,2,1,1,1,29,6,-1,-1,-1,-1,1,-1
2015460257089,1,9,0,18,0,0,0,0,5,6,0,1,6,1,59,9,1598,1,12,-1,1,-1
2015460257092,1,9,0,18,9,6,0,0,0,0,1,1,6,2,36,7,1896,2,7,-1,3,-1
2015460257094,1,9,0,18,0,0,1,0,1,10,4,1,6,1,36,7,1587,1,14,-1,-1,-1
2015460257097,1,9,0,17,0,2,0,0,1,10,1,1,1,2,22,5,1360,1,13,-1,1,-1
2015460257098,1,1,0,18,0,6,0,0,0,0,1,1,6,1,10,2,-1,-1,-1,-1,1,-1
2015460257098,2,9,0,18,0,1,0,0,0,0,4,1,6,1,67,10,1984,1,13,-1,1,-1
2015460257099,1,9,0,18,0,8,0,0,0,0,1,1,6,1,51,8,1968,2,3,-1,1,-1
2015460257099,2,9,0,18,0,8,0,0,0,0,1,1,6,1,29,6,2401,2,13,-1,1,-1
2015460257099,3,9,0,18,0,8,0,0,0,0,1,1,6,1,20,4,-1,-1,-1,-1,1,-1
2015460257099,4,9,0,18,0,8,0,0,0,0,1,1,6,2,41,7,-1,-1,-1,-1,1,-1
2015460257099,5,9,0,18,0,8,0,0,0,0,3,1,6,2,49,8,1124,1,14,-1,1,-1
2015460257106,1,9,0,9,0,6,0,0,0,0,1,1,6,2,38,7,1598,1,13,-1,3,-1
2015460257106,2,1,0,18,0,1,0,0,0,0,1,1,6,1,43,7,-1,-1,-1,-1,2,-1
2015460257107,1,3,0,9,0,8,0,4,0,0,1,1,6,1,21,5,124,1,1,-1,2,-1
2015460257107,2,9,0,2,0,1,0,0,0,0,4,1,6,1,30,6,1461,2,1,-1,2,-1
2015460257108,1,9,0,18,0,0,0,0,0,0,4,1,6,2,33,6,2902,2,11,-1,2,-1
2015460257109,1,9,0,18,9,1,0,0,1,0,1,1,6,3,-1,-1,-1,-1,-1,-1,-1,-1
2015460257111,1,21,1,12,0,0,0,0,0,0,3,1,1,1,35,6,-1,-1,-1,-1,-1,-1
2015460257111,2,9,0,18,0,0,2,0,2,10,4,1,6,2,27,6,1149,1,13,-1,2,-1
2015460257112,1,9,0,17,0,0,0,0,0,10,4,1,6,2,26,6,1242,1,3,-1,1,-1
2015460257113,1,9,0,18,0,0,1,0,1,2,1,1,6,1,25,5,1910,2,9,-1,2,-1
2015460257115,1,9,0,18,0,0,0,0,0,0,1,1,6,2,24,5,1242,1,2,-1,1,-1
2015460257115,2,9,0,18,0,0,0,0,0,0,2,1,6,1,36,7,1390,1,14,-1,1,-1
2015460257115,3,9,0,18,0,0,0,0,0,0,2,1,1,1,51,8,1995,2,1,-1,2,-1
2015460257116,1,9,0,9,0,5,0,0,0,0,1,1,6,3,-1,-1,-1,-1,-1,-1,-1,-1
2015460257116,2,5,0,13,0,1,0,0,0,0,4,1,2,1,57,9,-1,-1,-1,-1,3,-1
2015460257124,1,9,0,3,0,1,0,0,0,0,1,1,6,2,26,6,2696,2,8,-1,1,-1