Accident_Index,Vehicle_Reference,Vehicle_Type,Towing_and_Articulation,Vehicle_Manoeuvre,Vehicle_Location-Restricted_Lane,Junction_Location,Skidding_and_Overturning,Hit_Object_in_Carriageway,Vehicle_Leaving_Carriageway,Hit_Object_off_Carriageway,1st_Point_of_Impact,Was_Vehicle_Left_Hand_Drive?,Journey_Purpose_of_Driver,Sex_of_Driver,Age_of_Driver,Age_Band_of_Driver,Engine_Capacity_(CC),Propulsion_Code,Age_of_Vehicle,Driver_IMD_Decile,Driver_Home_Area_Type,Vehicle_IMD_Decile
2015460257124,2,9,0,3,0,1,0,0,0,0,2,1,6,2,38,7,1589,1,19,-1,1,-1
2015460257124,3,9,0,3,0,1,0,0,0,0,2,1,6,2,-1,-1,-1,-1,-1,-1,-1,-1
2015460257126,1,9,0,9,0,6,0,0,0,0,3,1,6,3,-1,-1,1396,1,11,-1,-1,-1
2015460257126,2,9,0,18,0,8,0,0,7,0,4,1,6,2,23,5,1596,1,10,-1,-1,-1
2015460257127,1,9,0,18,0,8,0,0,0,0,1,1,6,3,-1,-1,1598,1,15,-1,-1,-1
2015460257127,2,9,0,18,0,8,0,0,0,0,2,1,1,1,54,8,1997,2,12,-1,1,-1
2015460257127,3,20,0,18,0,8,0,0,0,0,0,1,1,1,39,7,-1,-1,-1,-1,-1,-1
2015460257127,4,20,0,2,0,8,0,4,0,0,1,1,6,3,-1,-1,-1,-1,-1,-1,-1,-1
2015460257127,5,9,0,2,0,8,0,4,0,0,1,1,6,3,-1,-1,1995,2,7,-1,-1,-1
2015460257127,6,9,0,2,0,8,0,0,0,0,2,1,6,3,-1,-1,2720,2,9,-1,-1,-1
2015460257128,1,20,0,9,0,6,0,0,0,0,4,1,6,1,52,8,-1,-1,-1,-1,3,-1
2015460257128,2,9,0,18,0,2,0,0,0,0,3,1,6,1,58,9,-1,-1,-1,-1,1,-1
2015460257131,1,9,0,9,0,2,0,0,0,0,1,1,1,1,48,8,-1,-1,-1,-1,1,-1
2015460257132,1,9,0,18,0,1,0,0,0,0,1,1,6,1,18,4,1299,1,12,-1,-1,-1
2015460257132,2,9,0,3,0,1,0,0,0,0,2,1,6,2,26,6,1248,2,5,-1,-1,-1
2015460257132,3,9,0,3,0,1,0,0,0,0,2,1,6,1,51,8,2143,2,3,-1,-1,-1
2015460257135,1,9,0,9,0,6,0,0,0,0,3,1,6,2,32,6,-1,-1,-1,-1,-1,-1
2015460257135,2,9,0,18,0,1,0,0,0,0,1,1,1,1,22,5,1895,1,14,-1,-1,-1
2015460257140,1,9,0,2,0,1,0,0,0,0,3,1,1,1,-1,-1,1422,2,11,-1,-1,-1
2015460257140,2,9,0,18,0,1,0,0,0,0,4,1,6,2,20,4,998,1,6,-1,2,-1
2015460257144,1,9,0,18,0,1,0,0,0,0,1,1,6,1,66,10,1398,1,5,-1,1,-1
2015460257144,2,9,0,18,0,1,0,0,0,0,2,1,6,1,32,6,1896,2,9,-1,1,-1
2015460257146,1,9,0,9,0,5,0,0,0,0,3,1,6,1,49,8,1560,2,5,-1,1,-1
2015460257146,2,9,0,18,0,1,0,0,0,0,4,1,2,2,27,6,1388,1,11,-1,1,-1
2015460257147,1,9,0,1,0,0,0,4,0,0,2,1,6,2,35,6,1997,2,6,-1,1,-1
2015460257147,2,9,0,2,0,0,1,0,0,0,2,1,6,1,44,7,3199,1,15,-1,1,-1
2015460257148,1,9,0,7,0,6,0,0,0,0,1,1,6,2,18,4,1149,1,10,-1,-1,-1
2015460257148,2,9,0,18,0,8,0,0,0,0,1,1,6,1,33,6,1598,1,16,-1,-1,-1
2015460257149,1,3,0,18,0,0,0,12,1,0,1,1,1,1,20,4,50,1,9,-1,1,-1
2015460257150,1,9,0,6,0,0,0,0,0,0,0,1,6,2,22,5,1198,1,-1,-1,1,-1
2015460257150,2,9,0,18,0,0,5,0,1,10,1,1,6,1,42,7,1329,1,4,-1,1,-1
2015460257153,1,9,0,11,0,1,1,0,1,9,4,1,6,2,20,4,998,1,5,-1,1,-1
2015460257154,1,9,0,12,0,0,0,0,1,7,1,1,2,2,28,6,1248,1,1,-1,1,-1
2015460257154,2,19,0,18,0,0,0,0,0,0,0,1,1,1,54,8,2198,2,6,-1,1,-1
2015460257155,1,9,0,4,0,1,0,0,0,0,1,1,2,2,31,6,-1,-1,-1,-1,3,-1
2015460257155,2,9,0,7,0,5,0,0,0,0,2,1,2,2,43,7,1461,2,8,-1,-1,-1
2015460257158,1,9,0,18,0,1,0,0,0,0,1,1,6,3,-1,-1,2496,1,12,-1,-1,-1
2015460257158,2,9,0,18,0,1,0,0,0,0,2,1,6,2,17,4,1200,1,13,-1,1,-1
2015460257160,1,3,0,18,0,0,0,0,0,0,1,1,6,2,36,7,49,1,-1,-1,1,-1
2015460257160,2,9,0,2,0,0,0,4,0,0,2,1,6,2,24,5,1968,2,9,-1,1,-1
2015460257161,1,9,0,18,0,4,0,0,0,0,1,1,6,3,-1,-1,1598,1,15,-1,-1,-1
2015460257161,2,9,0,18,0,3,0,0,0,0,1,1,1,1,26,6,1560,2,2,-1,1,-1
2015460257161,3,9,0,2,0,2,0,0,0,0,1,1,6,1,-1,-1,2993,2,9,-1,-1,-1
2015460257164,1,19,0,6,8,0,0,0,0,0,1,1,6,3,-1,-1,1868,2,15,-1,-1,-1
2015460257164,2,9,0,18,0,0,0,0,0,0,3,1,6,2,28,6,1968,2,7,-1,1,-1
2015460257165,1,9,0,18,0,0,0,0,0,0,1,1,6,1,65,9,1850,1,14,-1,1,-1
2015460257165,2,3,0,4,0,0,0,0,0,0,1,1,6,1,52,8,1255,1,8,-1,1,-1
2015460257166,1,9,0,18,0,0,1,0,0,0,4,1,6,1,27,6,1149,1,12,-1,1,-1
2015460257166,2,9,0,2,0,0,0,0,0,0,4,1,6,1,60,9,1598,1,3,-1,-1,-1
2015460257168,1,9,0,18,0,1,0,0,0,0,3,1,6,2,57,9,1968,2,3,-1,1,-1
2015460257170,1,21,1,18,0,0,0,0,0,0,4,1,1,1,47,8,12740,2,2,-1,1,-1
2015460257174,1,9,0,16,0,0,0,0,0,0,1,1,6,2,80,11,-1,-1,-1,-1,2,-1
2015460257174,2,20,0,17,0,0,0,0,0,0,1,1,1,1,31,6,-1,-1,-1,-1,1,-1
2015460257177,1,3,0,4,0,0,0,0,0,0,0,1,6,1,29,6,-1,-1,-1,-1,1,-1
2015460257186,1,9,0,18,0,0,1,0,0,0,1,1,6,2,19,4,1390,1,10,-1,2,-1
2015460257187,1,4,0,16,0,2,1,0,0,0,3,1,6,1,38,7,350,1,24,-1,3,-1
2015460257192,1,9,0,16,0,0,0,0,0,0,3,1,6,2,22,5,1796,1,12,-1,1,-1
2015460257192,2,9,0,17,0,0,2,0,0,0,3,1,1,1,48,8,1796,1,11,-1,1,-1
2015460257192,3,9,0,16,0,0,0,0,0,0,1,1,6,2,36,7,1598,1,9,-1,1,-1
2015460257192,4,9,0,17,0,0,0,0,0,0,3,1,2,2,41,7,1995,2,3,-1,1,-1
2015460257193,1,5,0,18,0,0,1,0,0,0,1,1,6,1,69,10,748,1,18,-1,1,-1
2015460257193,2,9,0,9,0,0,0,0,0,0,2,1,1,2,22,5,1896,2,9,-1,3,-1
2015460257195,1,9,0,9,0,6,0,0,0,0,1,1,2,2,44,7,1198,1,11,-1,1,-1
2015460257195,2,9,0,18,0,8,0,0,0,0,4,1,6,1,52,8,1770,1,32,-1,1,-1
2015460257197,1,10,0,18,0,1,0,0,0,0,1,1,2,1,24,5,-1,-1,-1,-1,-1,-1
2015460257197,2,19,0,18,0,1,0,0,0,0,3,1,2,1,26,6,1753,2,12,-1,3,-1
2015460257198,1,9,0,9,0,2,0,0,0,0,1,1,2,1,56,9,1896,2,9,-1,1,-1
2015460257198,2,9,0,18,0,8,0,0,0,0,1,1,6,2,66,10,1242,1,2,-1,1,-1
2015460257200,1,9,0,10,0,1,0,0,0,0,1,1,6,2,28,6,1200,1,-1,-1,1,-1
2015460257200,2,9,0,18,0,1,1,0,1,10,3,1,6,2,64,9,1968,2,1,-1,1,-1
2015460257200,3,9,0,18,0,2,1,0,1,10,1,1,6,2,54,8,998,1,-1,-1,2,-1
2015460257211,1,9,0,18,0,0,1,0,8,6,1,1,6,1,48,8,1598,1,7,-1,-1,-1
2015460257214,1,1,0,7,0,5,0,0,0,0,1,1,1,1,33,6,-1,-1,-1,-1,-1,-1
2015460257216,1,9,0,9,0,8,0,0,0,0,1,1,6,2,24,5,1390,1,14,-1,1,-1
2015460257216,2,9,0,18,0,8,0,0,0,0,3,1,2,1,48,8,1388,1,12,-1,1,-1
2015460257220,1,9,0,18,0,0,0,0,0,0,4,1,6,3,-1,-1,-1,-1,-1,-1,-1,-1
2015460257223,1,9,0,4,0,0,1,0,0,0,4,1,6,2,21,5,1400,1,9,-1,1,-1
2015460257223,2,9,0,18,0,0,0,0,0,0,1,1,6,1,-1,-1,-1,-1,-1,-1,-1,-1
2015460257223,3,9,0,3,0,0,0,0,0,0,3,1,2,1,41,7,1560,2,8,-1,-1,-1
2015460257224,1,9,0,18,0,1,0,0,0,0,1,1,6,1,47,8,1596,1,10,-1,2,-1
2015460257224,2,9,0,4,0,1,0,0,0,0,2,1,2,1,62,9,3700,1,12,-1,-1,-1
2015460257224,3,9,0,3,0,1,0,0,0,0,2,1,6,1,62,9,1598,1,12,-1,1,-1
2015460257225,1,9,0,18,0,0,0,0,0,0,1,1,6,2,42,7,2231,2,2,-1,1,-1
2015460257225,2,9,0,10,0,0,0,0,0,0,2,1,2,1,47,8,1339,1,-1,-1,1,-1
2015460257225,3,9,0,18,0,0,0,0,0,0,1,1,6,2,28,6,-1,-1,-1,-1,1,-1
2015460257232,1,9,0,9,0,1,0,0,0,0,4,1,6,2,18,4,998,1,5,-1,3,-1
2015460257232,2,9,0,18,0,1,2,0,0,0,3,1,6,1,63,9,-1,-1,-1,-1,1,-1
2015460257237,1,19,0,13,0,2,0,0,0,0,4,1,6,1,64,9,2499,2,12,-1,3,-1
2015460257237,2,1,0,18,0,2,0,0,0,0,3,1,6,1,47,8,-1,-1,-1,-1,1,-1
2015460257252,1,9,0,18,0,0,0,0,0,0,1,1,6,2,26,6,1798,1,11,-1,-1,-1
2015460257252,2,9,0,4,4,0,0,0,0,0,2,1,1,1,46,8,-1,-1,-1,-1,-1,-1
2015460257252,3,9,0,4,0,0,0,0,0,0,2,1,2,1,70,10,1968,2,7,-1,3,-1
2015460257260,1,9,0,6,0,0,0,0,0,0,3,1,2,1,54,8,998,1,10,-1,1,-1
2015460257260,2,1,0,18,0,0,0,0,0,0,1,1,2,1,29,6,-1,-1,-1,-1,1,-1
2015460257264,1,2,0,16,0,0,1,0,0,0,0,1,6,1,16,4,49,1,1,-1,-1,-1
2015460257267,1,9,0,18,0,1,0,0,0,0,1,1,6,1,-1,-1,-1,-1,-1,-1,1,-1
2015460257267,2,1,0,18,0,1,0,0,0,0,2,1,6,1,13,3,-1,-1,-1,-1,1,-1
2015460257269,1,9,0,13,0,0,0,0,1,10,1,1,6,3,-1,-1,-1,-1,-1,-1,-1,-1
2015460257269,2,1,0,15,0,0,0,0,0,0,0,1,6,1,33,6,-1,-1,-1,-1,1,-1
2015460257273,1,19,0,18,0,0,0,0,0,0,4,1,1,1,55,8,2148,2,9,-1,1,-1
2015460257273,2,1,0,18,0,0,0,0,0,0,3,1,2,1,19,4,-1,-1,-1,-1,1,-1
2015460257274,1,9,0,18,0,0,0,0,0,0,1,1,6,1,22,5,1496,1,-1,-1,1,-1
2015460257276,1,9,0,18,0,1,0,0,0,0,1,1,6,3,-1,-1,1199,1,16,-1,-1,-1
2015460257276,2,9,0,3,0,1,0,0,0,0,2,1,2,2,29,6,998,1,2,-1,1,-1
2015460257277,1,9,0,9,0,8,0,0,7,0,4,1,6,1,62,9,-1,-1,-1,-1,-1,-1
2015460257277,2,9,0,18,0,1,0,0,1,0,1,1,1,1,45,7,1968,2,2,-1,1,-1
2015460257280,1,9,0,18,0,1,0,0,0,0,1,1,6,2,-1,-1,-1,-1,-1,-1,-1,-1
2015460257280,2,1,0,9,0,2,0,0,0,0,1,1,6,1,7,2,-1,-1,-1,-1,1,-1
2015460257283,1,9,0,18,0,0,1,0,0,0,1,1,6,2,21,5,973,1,15,-1,3,-1
2015460257283,2,9,0,18,0,0,0,0,0,0,4,1,6,1,75,10,1497,1,11,-1,2,-1
2015460257284,1,9,0,9,0,8,0,0,0,0,2,1,6,1,25,5,1781,1,11,-1,1,-1
2015460257284,2,2,0,18,0,8,0,0,0,0,1,1,6,1,16,4,49,1,6,-1,1,-1
2015460257285,1,9,0,18,0,1,0,0,8,7,4,1,6,1,21,5,1398,2,9,-1,2,-1
2015460257285,2,19,0,18,0,1,0,0,0,0,2,1,6,1,46,8,2198,2,5,-1,1,-1
2015460257286,1,9,0,17,9,0,0,0,1,4,1,1,2,2,34,6,698,1,11,-1,3,-1
2015460257290,1,21,0,11,0,0,0,0,0,0,1,1,1,1,30,6,9186,2,2,-1,1,-1
2015460257290,2,9,0,18,0,0,1,0,4,6,2,1,6,1,43,7,-1,-1,-1,-1,3,-1
2015460257290,3,19,0,18,0,0,0,0,0,0,1,1,2,1,55,8,2402,2,7,-1,2,-1
2015460257293,1,9,0,18,0,0,1,0,5,6,1,1,6,1,30,6,1598,1,12,-1,1,-1
2015460257293,2,9,0,18,0,0,0,0,0,0,2,1,6,1,44,7,1685,2,1,-1,1,-1
2015460257294,1,9,0,18,0,4,0,0,0,0,1,1,6,1,88,11,1595,1,3,-1,2,-1
2015460257294,2,9,0,18,0,8,0,0,0,0,4,1,6,1,21,5,1363,2,12,-1,3,-1
2015460257295,1,9,0,18,0,1,0,0,0,0,3,1,2,2,42,7,1398,2,2,-1,1,-1
2015460257296,1,9,0,18,0,1,0,0,0,0,0,1,6,1,26,6,2996,2,6,-1,1,-1
2015460257300,1,9,0,5,0,0,0,0,0,0,1,1,6,2,33,6,1796,1,10,-1,1,-1
2015460257300,2,4,0,18,0,0,0,0,0,0,1,1,6,1,42,7,124,1,1,-1,1,-1
2015460257302,1,1,0,18,0,0,0,0,0,0,0,1,6,1,30,6,-1,-1,-1,-1,2,-1
2015460257304,1,3,0,18,0,0,0,0,0,0,0,1,6,1,68,10,125,1,51,-1,1,-1
2015460257306,1,20,1,18,0,4,0,0,0,0,1,2,1,1,43,7,-1,-1,-1,-1,-1,-1
2015460257306,2,9,0,3,0,4,0,0,0,0,2,1,6,2,56,9,1242,1,3,-1,1,-1
2015460257307,1,3,0,18,0,8,1,0,1,0,4,1,1,2,48,8,125,1,-1,-1,1,-1
2015460257307,2,9,0,10,0,1,0,0,0,0,0,1,1,1,28,6,1248,2,8,-1,1,-1
2015460257309,1,3,0,18,0,0,0,0,0,0,4,1,6,2,21,5,125,1,1,-1,1,-1
2015460257313,1,9,0,11,0,5,0,0,4,6,3,1,1,1,22,5,1560,2,2,-1,1,-1
2015460257314,1,1,0,18,0,1,0,0,0,0,1,1,6,1,52,8,-1,-1,-1,-1,1,-1
2015460257314,2,9,0,7,9,5,0,0,1,0,1,1,6,2,18,4,1242,1,10,-1,1,-1
2015460257315,1,9,0,1,0,6,0,0,0,0,3,1,6,2,38,7,3301,1,17,-1,1,-1
2015460257316,1,9,0,3,0,1,0,0,0,0,1,1,6,1,63,9,1686,2,-1,-1,1,-1
2015460257316,2,9,0,4,0,1,0,0,0,0,1,1,6,1,-1,-1,1995,2,10,-1,1,-1
2015460257316,3,9,0,3,0,1,0,0,0,0,1,1,6,2,31,6,1587,1,11,-1,-1,-1
2015460257316,4,9,0,2,0,1,0,0,0,0,4,1,6,1,66,10,4969,8,8,-1,1,-1
2015460257317,1,19,0,5,0,8,0,0,0,0,1,1,2,1,31,6,2402,2,9,-1,1,-1
2015460257317,2,10,0,4,0,8,0,0,0,0,2,1,2,2,51,8,2198,2,-1,-1,1,-1
2015460257318,1,9,0,17,0,2,1,0,1,4,1,1,6,1,18,4,1149,1,8,-1,1,-1
2015460257320,1,9,0,9,0,8,0,0,0,0,1,1,1,1,21,5,1560,2,10,-1,-1,-1
2015460257320,2,1,0,18,0,1,0,0,0,0,1,1,2,2,69,10,-1,-1,-1,-1,-1,-1
2015460257321,1,4,0,5,0,0,0,0,0,0,1,1,6,1,25,5,124,1,21,-1,1,-1
2015460257321,2,9,0,2,0,0,0,0,0,0,3,1,6,1,-1,-1,2204,2,9,-1,1,-1
2015460257324,1,9,0,4,0,1,0,0,0,0,1,1,6,2,26,6,1124,1,8,-1,3,-1
2015460257329,1,4,0,4,0,0,1,0,0,0,1,1,6,1,57,9,885,1,14,-1,3,-1
2015460257329,2,9,0,3,0,0,0,0,0,0,2,1,6,1,91,11,1108,1,6,-1,3,-1
2015460257336,1,9,0,5,0,4,0,0,7,1,1,1,6,2,75,10,1242,1,9,-1,1,-1
2015460257338,1,9,0,11,0,5,5,0,2,1,3,1,6,1,44,7,3199,1,16,-1,1,-1
2015460257344,1,9,0,16,0,0,1,0,1,0,4,1,6,1,23,5,1896,2,16,-1,1,-1
2015460257344,2,9,0,17,0,0,0,0,0,0,3,1,1,1,49,8,2143,2,4,-1,1,-1
2015460257345,1,9,0,5,0,4,0,0,0,0,1,1,2,1,46,8,1799,1,8,-1,1,-1
2015460257345,2,1,0,18,0,8,0,0,0,0,2,1,6,1,33,6,-1,-1,-1,-1,1,-1
2015460257346,1,19,0,18,0,6,0,0,0,0,1,1,1,1,66,10,-1,-1,-1,-1,3,-1
2015460257346,2,9,0,18,0,8,0,0,0,0,3,1,6,2,59,9,1360,1,12,-1,1,-1
2015460257347,1,9,0,18,0,4,0,0,3,1,1,1,2,2,26,6,1598,2,1,-1,1,-1
2015460257347,2,9,0,18,0,8,0,0,0,0,0,1,6,3,-1,-1,-1,-1,-1,-1,-1,-1
2015460257353,1,9,0,17,0,0,1,0,1,0,1,1,2,2,32,6,1229,1,6,-1,1,-1
2015460257353,2,9,0,16,0,0,0,0,0,0,1,1,2,2,48,8,1390,1,15,-1,3,-1
2015460257360,1,8,0,18,0,0,0,0,0,0,3,1,1,3,-1,-1,-1,-1,-1,-1,-1,-1
2015460257364,1,9,0,9,0,5,0,0,0,0,3,1,6,1,33,6,1598,1,8,-1,1,-1
2015460257364,2,1,0,16,0,8,0,0,0,0,1,1,6,1,37,7,-1,-1,-1,-1,1,-1
2015460257370,1,9,0,9,0,6,0,0,0,0,0,1,6,1,59,9,2995,1,14,-1,1,-1
2015460257370,2,5,0,4,0,1,0,0,0,0,3,1,6,1,42,7,1731,1,1,-1,1,-1
2015460257374,1,9,0,4,0,1,1,0,0,0,1,1,6,2,22,5,1299,1,15,-1,1,-1
2015460257374,2,9,0,4,0,1,0,0,0,0,2,1,6,1,66,10,1461,2,10,-1,1,-1
2015460257374,3,9,0,3,0,1,0,0,0,0,2,1,6,1,62,9,1386,1,8,-1,1,-1
2015460257376,1,9,0,17,0,0,0,0,1,0,1,1,6,1,40,7,1388,1,8,-1,-1,-1
2015460257376,2,9,0,16,0,0,0,0,0,0,1,1,6,1,40,7,2402,2,8,-1,-1,-1
2015460257380,1,5,0,4,0,1,0,0,0,0,1,1,2,1,38,7,599,1,15,-1,-1,-1
2015460257380,2,9,0,10,0,1,0,0,0,0,2,1,6,1,45,7,1910,2,7,-1,-1,-1
2015460257384,1,9,0,18,0,8,0,0,1,0,3,1,6,3,-1,-1,-1,-1,-1,-1,-1,-1
2015460257388,1,9,0,18,0,0,5,0,1,2,3,1,1,1,35,6,1596,1,8,-1,1,-1
2015460257388,2,9,0,18,0,0,0,0,0,0,0,1,6,3,-1,-1,-1,-1,-1,-1,-1,-1
2015460257391,1,9,0,18,0,8,0,0,0,0,1,1,6,3,-1,-1,-1,-1,-1,-1,-1,-1
2015460257391,2,9,0,18,0,3,0,0,0,0,2,1,6,2,54,8,2967,2,9,-1,2,-1
2015460257398,1,9,0,18,0,0,1,0,0,0,1,1,1,1,20,4,1587,1,12,-1,1,-1
2015460257398,2,9,0,3,0,0,0,0,0,0,2,1,1,1,24,5,1390,1,11,-1,1,-1
2015460257398,3,9,0,3,0,0,0,0,0,0,2,1,1,2,25,5,1299,1,14,-1,1,-1
2015460257399,1,9,0,5,0,0,0,0,0,0,3,1,1,2,18,4,1229,1,4,-1,1,-1
2015460257399,2,9,0,18,0,0,0,0,0,0,4,1,6,1,17,4,1149,1,12,-1,1,-1
2015460257402,1,9,0,18,0,0,5,0,7,10,1,1,6,2,39,7,1242,1,2,-1,3,-1
2015460257403,1,9,0,18,0,1,0,0,0,0,1,1,1,2,49,8,1388,1,10,-1,1,-1
2015460257404,1,9,0,4,0,0,0,0,0,0,2,1,2,1,69,10,1197,1,-1,-1,1,-1
2015460257404,2,9,0,18,0,0,0,0,0,0,1,1,6,1,41,7,2171,1,12,-1,1,-1
2015460257406,1,3,0,18,0,1,0,0,1,7,4,1,6,1,23,5,125,1,1,-1,-1,-1
2015460257407,1,9,0,18,0,1,0,0,0,0,1,1,6,1,-1,-1,1397,1,4,-1,-1,-1
2015460257407,2,9,0,18,0,6,0,0,0,0,1,1,6,2,44,7,1995,2,12,-1,-1,-1
2015460257408,1,9,0,17,0,0,0,0,0,0,1,1,1,1,46,8,2792,1,15,-1,1,-1
2015460257408,2,9,0,16,0,0,0,0,0,0,1,1,2,1,19,4,-1,-1,-1,-1,1,-1
2015460257413,1,9,0,4,0,0,1,0,0,0,1,1,6,1,27,6,1598,1,15,-1,1,-1
2015460257413,2,9,0,3,0,0,0,0,0,0,1,1,2,2,30,6,1596,1,9,-1,1,-1
2015460257414,1,9,0,18,0,0,0,0,0,0,1,1,6,1,30,6,-1,-1,-1,-1,2,-1
2015460257417,1,1,0,17,0,1,1,0,2,10,1,1,6,1,20,4,-1,-1,-1,-1,1,-1
2015460257428,1,9,0,5,0,4,0,0,0,0,1,1,6,1,34,6,1461,2,2,-1,1,-1
2015460257428,2,3,0,5,0,1,0,0,0,0,2,1,6,2,36,7,599,1,3,-1,1,-1
2015460257430,1,9,0,18,0,1,0,0,0,0,1,1,6,2,23,5,1329,1,2,-1,2,-1
2015460257430,2,9,0,18,0,1,0,0,0,0,2,1,6,3,-1,-1,-1,-1,-1,-1,-1,-1
2015460257431,1,9,0,9,0,6,0,0,0,0,3,1,2,2,54,8,1339,1,8,-1,-1,-1
2015460257431,2,3,0,4,0,1,0,0,0,0,1,1,2,1,28,6,124,1,3,-1,1,-1
2015460257433,1,9,0,4,0,0,0,0,0,0,1,1,3,2,30,6,1199,2,4,-1,1,-1
2015460257433,2,9,0,3,0,0,0,0,0,0,2,1,6,1,54,8,-1,-1,-1,-1,-1,-1
2015460257440,1,9,0,17,0,0,5,0,1,3,1,1,6,1,18,4,1149,1,13,-1,2,-1
2015460257442,1,9,0,18,0,6,0,0,0,0,4,1,6,2,21,5,998,1,4,-1,1,-1
2015460257442,2,4,0,18,0,1,0,0,0,0,1,1,6,1,55,8,955,1,12,-1,1,-1
2015460257445,1,9,0,9,0,8,0,0,0,0,4,1,2,2,30,6,1398,1,7,-1,1,-1
2015460257445,2,9,0,18,0,1,0,0,0,0,1,1,2,1,26,6,1995,2,3,-1,1,-1
2015460257445,3,9,0,10,0,2,0,0,0,0,3,1,6,2,24,5,1596,1,5,-1,3,-1
2015460257449,1,5,0,18,0,1,0,0,0,0,1,1,6,1,23,5,636,1,11,-1,1,-1
2015460257449,2,9,0,4,0,1,0,0,0,0,2,1,6,2,62,9,1229,1,1,-1,1,-1
2015460257453,1,9,0,18,0,8,0,0,0,0,1,1,6,1,22,5,1229,1,1,-1,2,-1
2015460257453,2,9,0,18,0,8,0,0,1,0,1,1,6,1,56,9,1997,2,9,-1,1,-1
2015460257456,1,9,0,16,0,0,0,0,8,10,3,1,1,1,42,7,-1,-1,-1,-1,-1,-1
2015460257457,1,9,0,17,0,0,0,0,0,0,4,1,6,3,-1,-1,-1,-1,-1,-1,-1,-1
2015460257457,2,1,0,17,0,0,0,10,1,0,3,1,6,1,22,5,-1,-1,-1,-1,2,-1
2015460257459,1,9,0,18,0,0,0,0,1,10,4,1,6,1,21,5,1229,1,10,-1,3,-1
2015460257460,1,9,0,18,0,0,0,0,0,0,4,1,2,2,64,9,3192,1,6,-1,1,-1
2015460257466,1,9,0,4,0,0,0,0,0,0,1,1,6,1,23,5,1598,1,13,-1,1,-1
2015460257466,2,9,0,4,0,0,0,0,0,0,2,1,6,2,21,5,1124,1,14,-1,1,-1
2015460257466,3,9,0,4,0,0,0,0,0,0,2,1,1,1,33,6,1598,2,2,-1,1,-1
2015460257468,1,9,0,18,0,0,0,0,0,0,1,1,6,2,22,5,998,1,7,-1,1,-1
2015460257468,2,9,0,18,0,0,0,0,2,7,2,1,6,2,25,5,998,1,9,-1,1,-1
2015460257474,1,9,0,9,0,6,0,0,0,0,1,1,6,2,78,11,1242,1,11,-1,1,-1
2015460257474,2,9,0,18,0,1,0,0,0,0,4,1,2,1,43,7,1600,2,5,-1,2,-1
2015460257474,3,9,0,18,0,1,0,0,0,0,1,1,6,2,54,8,-1,-1,-1,-1,2,-1
2015460257478,1,9,0,18,0,1,0,0,0,0,1,1,6,1,50,8,1968,2,2,-1,2,-1
2015460257478,2,9,0,3,0,1,0,0,0,0,2,1,6,1,65,9,2496,2,10,-1,1,-1
2015460257479,1,9,0,5,0,0,0,0,0,0,4,1,1,1,69,10,-1,-1,-1,-1,1,-1
2015460257481,1,5,0,18,0,0,0,0,0,0,1,1,6,1,20,4,675,1,1,-1,1,-1
2015460257481,2,9,0,18,0,0,0,0,0,0,2,1,6,1,50,8,2400,2,3,-1,1,-1
2015460257482,1,9,0,18,0,0,0,0,0,0,3,1,6,1,36,7,1998,2,13,-1,2,-1
2015460257482,2,2,0,18,0,0,0,0,0,0,4,1,6,1,16,4,50,1,2,-1,1,-1
2015460257486,1,9,0,18,0,0,5,4,0,0,4,1,6,2,28,6,1299,1,16,-1,1,-1
2015460257486,2,9,0,2,0,0,0,0,0,0,4,1,6,2,-1,-1,1686,2,11,-1,1,-1
2015460257488,1,2,0,4,0,0,1,0,0,0,1,1,2,1,22,5,553,1,19,-1,-1,-1
2015460257488,2,9,0,3,0,0,0,0,0,0,2,1,2,1,42,7,1461,2,1,-1,-1,-1
2015460257490,1,9,0,9,0,8,0,0,0,0,4,1,6,2,66,10,1596,1,13,-1,1,-1
2015460257490,2,9,0,4,0,1,0,0,0,0,3,1,6,2,24,5,1798,2,2,-1,1,-1
2015460257494,1,9,0,18,0,0,0,0,0,0,1,1,6,2,-1,-1,-1,-1,-1,-1,-1,-1
2015460257494,2,9,0,18,0,0,0,0,0,0,2,1,6,1,19,4,1248,2,9,-1,-1,-1
2015460257499,1,9,0,18,0,1,0,0,0,0,1,1,2,1,49,8,1956,2,-1,-1,1,-1
2015460257499,2,9,0,9,0,1,0,0,0,0,4,1,6,2,69,10,1596,1,10,-1,1,-1
2015460257499,3,9,0,8,0,2,0,0,0,0,3,1,6,2,42,7,2967,2,1,-1,1,-1
2015460257504,1,9,0,9,0,0,0,0,0,0,0,1,6,3,-1,-1,-1,-1,-1,-1,-1,-1
2015460257504,2,2,0,18,0,0,0,0,0,0,0,1,2,1,16,4,49,1,1,-1,1,-1
2015460257506,1,90,0,18,0,0,5,0,1,9,1,1,1,1,27,6,4462,2,2,-1,1,-1
2015460257507,1,19,0,18,0,0,0,0,0,0,4,1,1,1,50,8,-1,-1,-1,-1,1,-1
2015460257507,2,9,0,2,0,0,0,0,0,0,3,1,6,1,39,7,2496,1,9,-1,2,-1
2015460257512,1,9,0,17,0,0,2,0,1,4,3,1,6,2,40,7,1299,1,15,-1,1,-1