Accident_Index,Vehicle_Reference,Vehicle_Type,Towing_and_Articulation,Vehicle_Manoeuvre,Vehicle_Location-Restricted_Lane,Junction_Location,Skidding_and_Overturning,Hit_Object_in_Carriageway,Vehicle_Leaving_Carriageway,Hit_Object_off_Carriageway,1st_Point_of_Impact,Was_Vehicle_Left_Hand_Drive?,Journey_Purpose_of_Driver,Sex_of_Driver,Age_of_Driver,Age_Band_of_Driver,Engine_Capacity_(CC),Propulsion_Code,Age_of_Vehicle,Driver_IMD_Decile,Driver_Home_Area_Type,Vehicle_IMD_Decile
2015460257888,1,9,0,9,0,8,0,0,0,0,1,1,6,1,68,10,-1,-1,-1,-1,3,-1
2015460257888,2,3,0,18,0,1,0,0,0,0,1,1,6,1,18,4,124,1,8,-1,-1,-1
2015460257895,1,9,0,18,0,1,5,0,7,0,1,1,6,1,23,5,998,1,13,-1,3,-1
2015460257895,2,9,0,9,0,1,1,0,0,0,3,1,6,2,29,6,-1,-1,-1,-1,1,-1
2015460257896,1,9,0,7,0,3,0,0,0,0,1,1,6,1,31,6,1870,2,11,-1,1,-1
2015460257897,1,1,0,18,0,0,0,0,0,0,4,1,1,1,39,7,-1,-1,-1,-1,-1,-1
2015460257898,1,9,0,4,0,0,0,0,0,0,4,1,6,2,48,8,1388,1,8,-1,3,-1
2015460257900,1,9,0,4,0,1,0,0,0,0,1,1,6,2,18,4,1124,1,8,-1,2,-1
2015460257900,2,9,0,3,0,1,0,0,0,0,2,1,6,2,19,4,1229,1,11,-1,1,-1
2015460257901,1,9,0,9,0,5,0,0,0,0,1,1,1,1,52,8,1149,1,4,-1,1,-1
2015460257901,2,5,0,18,0,1,0,0,0,0,1,1,6,1,45,7,487,1,11,-1,1,-1
2015460257916,1,2,0,13,0,1,0,0,0,0,4,1,6,1,35,6,124,1,6,-1,-1,-1
2015460257916,2,9,0,10,0,1,0,0,0,0,3,1,6,2,22,5,1242,1,3,-1,3,-1
2015460257918,1,9,0,17,0,0,0,10,0,0,4,1,6,1,18,4,1299,1,16,-1,1,-1
2015460257919,1,3,0,18,0,8,1,0,0,0,1,1,6,1,17,4,124,1,3,-1,1,-1
2015460257919,2,9,0,18,0,8,0,0,0,0,2,1,1,1,21,5,1199,2,5,-1,1,-1
2015460257922,1,20,0,9,0,5,0,0,0,0,1,1,1,1,29,6,-1,-1,-1,-1,3,-1
2015460257922,2,9,0,18,0,1,0,0,0,0,4,1,6,2,69,10,1360,1,9,-1,1,-1
2015460257926,1,9,0,18,0,1,0,0,0,0,3,1,6,1,57,9,2993,2,6,-1,1,-1
2015460257926,2,9,0,3,0,1,0,0,0,0,3,1,6,2,22,5,1582,2,-1,-1,1,-1
2015460257930,1,9,0,18,0,1,0,0,0,0,1,1,1,2,58,9,1240,1,10,-1,-1,-1
2015460257930,2,9,0,3,0,1,0,0,0,0,2,1,1,2,20,4,998,1,8,-1,1,-1
2015460257930,3,9,0,3,0,1,0,0,0,0,2,1,1,1,52,8,1798,1,11,-1,-1,-1
2015460257932,1,9,0,18,0,8,0,0,0,0,1,1,6,3,-1,-1,1360,1,10,-1,-1,-1
2015460257932,2,9,0,4,0,8,0,0,0,0,2,1,1,2,59,9,1389,1,10,-1,1,-1
2015460257934,1,9,0,9,0,0,0,0,0,0,4,1,6,3,-1,-1,-1,-1,-1,-1,-1,-1
2015460257937,1,9,0,18,0,0,0,0,0,0,3,1,6,2,81,11,1108,1,6,-1,2,-1
2015460257937,2,9,0,2,0,0,0,0,0,0,3,1,6,1,53,8,2495,2,17,-1,3,-1
2015460257947,1,9,0,6,0,1,0,0,0,0,0,1,2,1,47,8,2926,2,13,-1,2,-1
2015460257947,2,9,0,18,0,1,0,0,0,0,0,1,2,1,56,9,-1,-1,-1,-1,2,-1
2015460257948,1,90,0,16,0,0,0,0,0,0,1,1,1,1,-1,-1,2686,2,9,-1,1,-1
2015460257948,2,9,0,17,0,0,0,0,0,0,1,1,1,1,69,10,1124,1,12,-1,3,-1
2015460257957,1,1,0,18,0,0,0,0,0,0,0,1,6,1,65,9,-1,-1,-1,-1,-1,-1
2015460257960,1,9,0,18,0,0,5,0,1,0,3,1,1,1,25,5,-1,-1,-1,-1,-1,-1
2015460257960,2,9,0,18,0,0,1,0,0,0,4,1,2,3,34,6,1999,1,14,-1,-1,-1
2015460257960,3,9,0,18,0,0,0,0,0,0,2,1,1,1,53,8,-1,-1,-1,-1,-1,-1
2015460257961,1,1,0,4,0,0,1,0,0,0,1,1,6,2,33,6,-1,-1,-1,-1,1,-1
2015460257963,1,5,0,18,0,1,0,0,0,0,1,1,2,1,37,7,600,1,17,-1,3,-1
2015460257963,2,9,0,3,0,1,0,0,0,0,2,1,2,1,57,9,1998,1,12,-1,2,-1
2015460257965,1,9,0,4,0,1,0,0,0,0,1,1,1,1,31,6,1598,2,1,-1,1,-1
2015460257965,2,9,0,3,0,1,0,0,0,0,2,1,2,2,52,8,1596,1,10,-1,1,-1
2015460257965,3,10,0,3,0,1,0,0,0,0,2,1,1,2,28,6,-1,-1,-1,-1,1,-1
2015460257967,1,9,0,7,0,8,0,0,0,0,3,1,6,2,45,7,1391,1,21,-1,1,-1
2015460257967,2,9,0,7,0,8,0,0,0,0,4,1,6,2,26,6,1339,1,13,-1,1,-1
2015460257971,1,9,0,4,0,1,0,0,0,0,1,1,6,2,57,9,-1,-1,-1,-1,1,-1
2015460257971,2,9,0,4,0,1,0,0,0,0,1,1,6,1,85,11,1343,1,10,-1,1,-1
2015460257971,3,9,0,4,0,1,0,0,0,0,2,1,6,1,67,10,1797,8,5,-1,1,-1
2015460257973,1,9,0,11,0,8,0,0,0,0,4,1,1,1,41,7,-1,-1,-1,-1,1,-1
2015460257973,2,9,0,15,0,8,0,0,0,0,3,1,1,1,22,5,1400,1,10,-1,1,-1
2015460257976,1,9,0,4,0,8,0,0,0,0,1,1,6,1,82,11,2922,1,18,-1,1,-1
2015460257976,2,9,0,3,0,8,0,0,0,0,2,1,3,2,41,7,1598,1,9,-1,1,-1
2015460257977,1,9,0,18,0,0,1,0,2,7,1,1,2,2,39,7,1997,2,13,-1,1,-1
2015460257980,1,9,0,18,0,0,1,0,1,1,1,1,6,2,26,6,2149,2,8,-1,1,-1
2015460257983,1,19,0,4,0,7,1,0,0,0,1,1,1,1,33,6,1870,2,12,-1,1,-1
2015460257983,2,9,0,3,0,7,0,0,0,0,2,1,6,2,41,7,1242,1,1,-1,1,-1
2015460257983,3,19,0,3,0,7,0,0,0,0,2,1,1,1,52,8,1461,2,-1,-1,-1,-1
2015460257989,1,9,0,18,0,1,0,0,0,0,1,1,2,1,58,9,1598,1,13,-1,1,-1
2015460257989,2,9,0,10,0,1,0,0,0,0,2,1,6,1,36,7,1499,1,1,-1,3,-1
2015460257992,1,9,0,18,0,0,0,0,0,0,1,1,6,1,32,6,-1,-1,-1,-1,1,-1
2015460257992,2,9,0,18,0,0,1,0,0,0,2,1,6,1,60,9,1595,1,9,-1,1,-1
2015460257992,3,9,0,18,0,0,0,0,0,0,2,1,6,2,72,10,1995,2,2,-1,1,-1
2015460257994,1,9,0,18,0,8,0,0,0,0,1,1,6,1,20,4,-1,-1,-1,-1,2,-1
2015460257994,2,1,0,18,0,2,0,0,0,0,1,1,6,1,9,2,-1,-1,-1,-1,2,-1
2015460257996,1,9,0,4,0,0,0,0,0,0,3,1,2,1,50,8,2400,2,1,-1,1,-1
2015460257997,1,19,0,4,0,1,0,0,0,0,1,1,6,3,-1,-1,1753,2,7,-1,-1,-1
2015460257997,2,9,0,3,0,1,0,0,0,0,2,1,6,1,44,7,1199,1,14,-1,1,-1
2015460257999,1,20,0,18,0,0,0,0,0,0,0,1,1,3,-1,-1,-1,-1,-1,-1,-1,-1
2015460257999,2,9,4,18,0,0,2,0,1,0,3,1,1,1,57,9,1390,1,5,-1,-1,-1
2015460258003,1,9,0,18,0,0,0,0,0,0,1,1,6,1,34,6,2179,2,3,-1,-1,-1
2015460258003,2,9,0,18,0,0,0,0,0,0,2,1,6,1,32,6,1360,1,11,-1,1,-1
2015460258004,1,9,0,9,0,5,0,0,0,0,1,1,2,2,43,7,1753,2,8,-1,1,-1
2015460258006,1,1,0,18,0,4,0,0,0,0,2,1,2,1,17,4,-1,-1,-1,-1,-1,-1
2015460258006,2,19,0,4,0,4,0,0,0,0,2,1,1,1,43,7,2198,2,2,-1,1,-1
2015460258009,1,9,0,9,0,8,0,0,0,0,3,1,6,1,46,8,998,1,19,-1,1,-1
2015460258009,2,9,0,18,0,1,0,0,0,0,1,1,1,1,60,9,-1,-1,-1,-1,1,-1
2015460258011,1,9,0,18,0,0,0,0,0,0,2,1,6,1,28,6,1598,1,2,-1,2,-1
2015460258011,2,19,0,12,0,0,0,0,0,0,1,1,1,1,36,7,1753,2,12,-1,1,-1
2015460258012,1,9,0,18,0,0,0,0,0,0,1,1,6,3,-1,-1,-1,-1,-1,-1,-1,-1
2015460258012,2,9,0,4,0,0,0,0,0,0,2,1,6,1,54,8,2198,2,8,-1,-1,-1
2015460258013,1,9,0,4,0,0,0,0,0,0,1,1,2,1,62,9,5000,1,4,-1,1,-1
2015460258013,2,9,0,4,0,0,0,0,0,0,2,1,2,2,59,9,1200,1,-1,-1,1,-1
2015460258013,3,9,0,4,0,0,0,0,0,0,2,1,2,1,47,8,1595,1,8,-1,1,-1
2015460258014,1,9,0,4,0,1,0,0,0,0,1,1,6,2,19,4,1360,1,10,-1,1,-1
2015460258014,2,9,0,3,0,1,0,0,0,0,2,1,6,2,35,6,1747,1,13,-1,1,-1
2015460258014,3,19,0,9,0,5,0,0,0,0,2,1,1,1,43,7,1998,2,12,-1,3,-1
2015460258015,1,9,0,18,0,8,0,0,0,0,1,1,1,1,26,6,1668,1,12,-1,1,-1
2015460258020,1,9,0,1,0,0,0,0,0,0,2,1,6,1,-1,-1,1598,1,7,-1,2,-1
2015460258020,2,1,0,18,0,0,0,0,0,0,1,1,6,1,55,8,-1,-1,-1,-1,1,-1
2015460258023,1,9,0,18,0,5,0,0,0,0,1,1,6,1,24,5,1597,1,8,-1,2,-1
2015460258023,2,9,0,18,0,1,0,7,0,0,3,1,6,2,54,8,-1,-1,-1,-1,1,-1
2015460258024,1,1,0,18,0,0,0,0,0,0,3,1,6,2,41,7,-1,-1,-1,-1,1,-1
2015460258024,2,21,0,18,0,0,0,0,0,0,3,1,6,3,-1,-1,-1,-1,-1,-1,-1,-1
2015460258028,1,9,0,18,0,0,0,0,1,6,3,1,6,1,46,8,1598,2,2,-1,-1,-1
2015460258028,2,20,0,18,0,0,0,0,0,0,4,1,1,1,42,7,-1,-1,-1,-1,3,-1
2015460258029,1,9,0,18,0,0,0,0,0,0,1,1,6,1,22,5,1398,2,12,-1,1,-1
2015460258032,1,9,0,18,0,0,2,10,5,6,3,1,6,2,57,9,1595,1,3,-1,1,-1
2015460258034,1,9,0,18,0,0,0,10,7,2,3,1,2,2,48,8,1242,1,13,-1,1,-1
2015460258034,2,1,0,18,0,0,0,0,0,0,1,1,6,1,13,3,-1,-1,-1,-1,1,-1
2015460258044,1,9,0,16,0,0,0,0,0,0,1,1,6,1,35,6,1910,2,10,-1,-1,-1
2015460258044,2,9,0,17,0,0,0,0,1,9,1,1,6,1,24,5,-1,-1,-1,-1,-1,-1
2015460258045,1,9,0,18,0,1,0,0,0,0,1,1,6,3,-1,-1,-1,-1,-1,-1,-1,-1
2015460258045,2,1,0,9,0,5,0,0,0,0,2,1,4,1,15,3,-1,-1,-1,-1,1,-1
2015460258051,1,21,0,12,0,0,0,0,0,0,3,2,1,1,35,6,-1,-1,-1,-1,-1,-1
2015460258051,2,9,0,18,0,0,0,0,0,0,4,1,6,1,25,5,1339,1,-1,-1,1,-1
2015460258052,1,11,0,18,0,7,0,0,4,7,3,1,2,1,64,9,12600,2,12,-1,1,-1
2015460258055,1,9,0,4,0,0,0,0,0,0,3,1,1,1,24,5,2993,2,7,-1,1,-1
2015460258056,1,9,0,4,0,3,0,0,0,0,1,1,6,1,31,6,1598,1,9,-1,2,-1
2015460258056,2,1,0,18,0,8,0,0,0,0,1,1,6,1,56,9,-1,-1,-1,-1,-1,-1
2015460258062,1,21,0,18,0,0,0,0,0,0,2,1,1,1,39,7,-1,-1,-1,-1,-1,-1
2015460258062,2,9,0,12,0,0,0,0,0,0,1,1,6,2,45,7,1229,1,1,-1,1,-1
2015460258075,1,19,0,18,0,0,0,0,0,0,0,1,6,3,-1,-1,2198,2,2,-1,-1,-1
2015460258075,2,9,0,12,0,0,0,0,0,0,3,1,6,2,41,7,-1,-1,-1,-1,1,-1
2015460258075,3,5,0,18,0,0,0,0,0,0,1,1,2,1,42,7,1170,1,4,-1,1,-1
2015460258077,1,9,0,18,0,1,0,0,0,0,1,1,6,2,67,10,1598,2,1,-1,3,-1
2015460258077,2,9,0,9,0,6,0,0,0,0,1,1,6,2,66,10,1296,1,8,-1,1,-1
2015460258078,1,9,0,4,0,0,0,0,0,0,1,1,6,2,31,6,1998,1,-1,-1,2,-1
2015460258078,2,9,0,4,0,0,0,0,0,0,2,1,6,1,38,7,1995,2,3,-1,1,-1
2015460258078,3,9,0,4,0,0,0,0,0,0,0,1,6,3,-1,-1,-1,-1,-1,-1,-1,-1
2015460258082,1,9,0,7,0,6,0,0,0,0,1,1,6,2,72,10,1998,1,13,-1,3,-1
2015460258082,2,19,0,18,0,8,0,0,0,0,1,1,6,1,55,8,2287,2,7,-1,1,-1
2015460258084,1,9,0,1,0,6,0,0,0,0,2,1,6,1,-1,-1,-1,-1,-1,-1,1,-1
2015460258084,2,11,0,18,0,1,0,0,0,0,4,1,1,1,21,5,5883,2,14,-1,3,-1
2015460258088,1,1,0,9,0,6,0,0,0,0,4,1,6,2,76,11,-1,-1,-1,-1,1,-1
2015460258088,2,9,0,18,0,8,0,0,0,0,1,1,6,1,30,6,1598,2,1,-1,1,-1
2015460258092,1,9,0,18,0,0,0,0,0,0,4,1,6,3,-1,-1,-1,-1,-1,-1,-1,-1
2015460258094,1,5,0,16,0,0,0,0,7,0,0,1,1,1,44,7,1157,1,13,-1,3,-1
2015460258097,1,20,0,18,0,8,0,0,8,10,1,1,6,3,-1,-1,9200,2,8,-1,-1,-1
2015460258097,2,9,0,18,0,1,0,0,0,0,4,1,6,1,31,6,1198,1,8,-1,1,-1
2015460258100,1,9,0,4,0,1,0,0,0,0,1,1,6,2,45,7,1598,2,1,-1,3,-1
2015460258100,2,9,0,3,0,1,0,0,0,0,2,1,6,2,58,9,1248,1,-1,-1,1,-1
2015460258103,1,9,0,13,0,1,0,0,0,0,4,1,6,2,37,7,1364,1,7,-1,1,-1
2015460258103,2,9,0,9,0,5,0,0,0,0,3,1,6,1,76,11,1242,1,2,-1,1,-1
2015460258110,1,9,0,18,0,2,0,0,0,0,1,1,6,1,34,6,2496,2,15,-1,1,-1
2015460258115,1,19,0,5,9,0,0,0,0,0,4,1,1,1,28,6,2143,2,3,-1,1,-1
2015460258119,1,9,0,18,0,1,0,0,0,0,3,1,6,2,26,6,1598,1,12,-1,1,-1
2015460258119,2,4,0,18,0,1,0,0,0,0,4,1,6,1,27,6,645,1,11,-1,1,-1
2015460258126,1,9,0,4,0,0,1,0,0,0,1,1,2,1,48,8,-1,-1,-1,-1,1,-1
2015460258131,1,9,0,6,0,1,0,0,0,0,3,1,6,3,-1,-1,1968,2,1,-1,-1,-1
2015460258131,2,4,0,4,0,1,0,0,0,0,1,1,6,1,21,5,125,1,1,-1,1,-1
2015460258133,1,9,0,18,0,0,0,0,0,0,4,1,6,2,47,8,2179,2,6,-1,1,-1
2015460258135,1,9,0,18,0,3,0,0,0,0,1,1,6,1,25,5,1390,1,3,-1,2,-1
2015460258135,2,9,0,5,0,4,0,0,0,0,2,1,6,1,55,8,1248,1,1,-1,1,-1
2015460258138,1,9,0,18,0,0,0,4,0,0,1,1,6,1,60,9,1390,1,11,-1,-1,-1
2015460258138,2,9,0,2,0,0,0,0,0,0,4,1,6,3,-1,-1,-1,-1,-1,-1,1,-1
2015460258138,3,9,0,2,0,0,0,0,0,0,2,1,6,3,-1,-1,2000,1,10,-1,1,-1
2015460258138,4,9,0,2,0,0,0,0,0,0,2,1,6,1,-1,-1,1992,2,7,-1,1,-1
2015460258138,5,9,0,2,0,0,0,0,0,0,2,1,6,1,59,9,-1,-1,-1,-1,1,-1
2015460258146,1,5,0,18,0,1,0,0,0,0,4,1,6,1,27,6,599,1,7,-1,1,-1
2015460258147,1,9,0,1,8,0,0,0,0,0,2,1,6,2,25,5,2179,2,-1,-1,3,-1
2015460258147,2,1,0,18,0,0,0,0,0,0,1,1,6,1,18,4,-1,-1,-1,-1,3,-1
2015460258149,1,9,0,16,0,1,0,0,1,0,1,1,6,2,74,10,1598,1,10,-1,3,-1
2015460258149,2,21,0,17,0,2,0,0,1,4,1,1,1,1,65,9,-1,-1,-1,-1,-1,-1
2015460258149,3,9,0,16,0,1,0,0,0,0,1,1,6,1,56,9,1910,2,8,-1,1,-1
2015460258149,4,19,0,16,0,1,1,0,0,0,1,1,6,1,23,5,1560,2,4,-1,1,-1
2015460258150,1,9,0,18,0,0,1,0,0,0,1,1,6,2,60,9,1796,1,11,-1,2,-1
2015460258150,2,9,0,18,0,0,0,0,0,0,1,1,6,1,64,9,1996,1,18,-1,1,-1
2015460258151,1,8,0,18,0,4,0,0,0,0,3,1,1,1,32,6,1968,2,1,-1,1,-1
2015460258151,2,1,0,18,0,3,0,0,0,0,1,1,6,1,65,9,-1,-1,-1,-1,1,-1
2015460258159,1,19,0,9,0,8,0,0,7,4,1,1,2,1,36,7,1870,2,10,-1,1,-1
2015460258159,2,9,0,18,0,8,2,10,1,10,1,1,3,2,49,8,1199,1,15,-1,3,-1
2015460258160,1,9,0,9,0,5,0,0,0,0,1,1,6,2,42,7,1360,1,12,-1,2,-1
2015460258160,2,1,0,18,0,1,0,0,0,0,1,1,6,1,58,9,-1,-1,-1,-1,3,-1
2015460258161,1,9,0,18,0,5,0,0,0,0,1,1,6,1,32,6,1598,1,11,-1,1,-1
2015460258161,2,9,0,18,0,1,0,0,0,0,2,1,6,1,24,5,1598,1,7,-1,1,-1
2015460258161,3,9,0,4,0,1,0,0,0,0,2,1,6,2,34,6,1229,1,2,-1,1,-1
2015460258167,1,9,0,9,0,6,0,0,0,0,3,1,6,1,-1,-1,1686,2,11,-1,1,-1
2015460258167,2,9,0,18,0,8,1,0,0,0,1,1,6,2,50,8,1995,2,8,-1,1,-1
2015460258170,1,9,0,6,0,0,0,0,0,0,3,1,2,2,29,6,1299,1,9,-1,1,-1
2015460258170,2,4,0,14,0,0,0,0,0,0,1,1,6,1,74,10,650,1,57,-1,2,-1
2015460258172,1,9,0,5,0,6,0,0,0,0,1,2,6,1,73,10,-1,-1,-1,-1,-1,-1
2015460258172,2,9,0,18,0,8,1,0,1,4,4,1,6,2,36,7,2926,2,13,-1,1,-1
2015460258175,1,9,0,11,0,0,0,0,0,0,4,1,6,2,50,8,1598,1,4,-1,3,-1
2015460258175,2,9,0,18,0,0,0,0,0,0,3,1,6,1,42,7,1997,2,15,-1,1,-1
2015460258180,1,19,0,18,0,8,0,0,0,0,1,1,6,3,-1,-1,1870,2,10,-1,-1,-1
2015460258180,2,9,0,18,0,8,0,0,0,0,1,1,6,2,20,4,1598,1,4,-1,3,-1
2015460258191,1,9,0,6,0,8,0,0,0,0,3,1,6,1,43,7,4011,1,14,-1,1,-1
2015460258191,2,5,0,13,0,8,0,0,0,0,1,1,6,1,51,8,1731,1,3,-1,1,-1
2015460258191,3,9,0,4,0,8,0,0,0,0,0,1,6,1,45,7,1242,1,12,-1,1,-1
2015460258192,1,9,0,1,6,1,0,0,0,0,2,1,6,2,80,11,1229,1,8,-1,1,-1
2015460258199,1,9,0,17,0,1,0,0,0,0,1,1,6,1,23,5,1124,1,15,-1,1,-1
2015460258199,2,9,0,18,0,2,0,0,0,0,1,1,6,1,26,6,1461,2,14,-1,2,-1
2015460258202,1,9,0,5,0,0,0,0,0,0,0,1,6,1,79,11,1329,1,4,-1,1,-1
2015460258203,1,11,0,9,0,8,0,0,0,0,1,1,1,1,40,7,2143,2,2,-1,1,-1
2015460258203,2,2,0,18,0,1,0,0,0,0,1,1,6,1,18,4,124,1,2,-1,1,-1
2015460258204,1,9,0,6,0,6,0,0,0,0,1,1,6,1,20,4,-1,-1,-1,-1,1,-1
2015460258204,2,9,0,18,0,8,0,0,0,0,4,1,6,2,75,10,1598,1,6,-1,1,-1
2015460258209,1,1,0,18,9,8,0,0,0,0,4,1,6,1,29,6,-1,-1,-1,-1,3,-1
2015460258209,2,9,0,18,0,8,0,0,0,0,1,1,1,1,38,7,1587,1,12,-1,1,-1
2015460258214,1,9,0,18,0,8,0,0,0,0,3,1,6,1,52,8,1870,2,13,-1,-1,-1
2015460258214,2,1,0,5,0,8,0,0,0,0,4,1,6,1,48,8,-1,-1,-1,-1,1,-1
2015460258219,1,9,0,18,0,0,1,0,0,0,1,1,6,1,50,8,1761,1,15,-1,1,-1
2015460258219,2,9,0,18,0,0,0,0,0,0,2,1,6,1,44,7,1870,2,11,-1,3,-1
2015460258221,1,9,0,9,0,5,0,0,0,0,1,1,6,1,26,6,998,1,8,-1,1,-1
2015460258221,2,9,0,18,0,2,0,0,0,0,1,1,6,2,82,11,999,1,-1,-1,1,-1
2015460258223,1,9,0,17,0,0,0,0,0,0,1,1,1,2,30,6,1398,2,-1,-1,1,-1
2015460258223,2,19,0,16,0,0,0,0,0,0,1,1,1,1,32,6,2402,2,11,-1,1,-1
2015460258227,1,9,0,5,0,0,0,0,0,0,4,1,6,1,20,4,1584,1,10,-1,1,-1
2015460258227,2,9,0,18,0,0,0,0,0,0,3,1,6,2,53,8,1296,1,9,-1,1,-1
2015460258228,1,4,0,18,0,1,1,0,0,0,1,1,6,1,74,10,1450,1,13,-1,2,-1
2015460258228,2,9,0,4,0,1,0,0,0,0,2,1,6,1,64,9,-1,-1,-1,-1,1,-1
2015460258229,1,1,0,5,0,0,1,0,0,0,3,1,6,1,69,10,-1,-1,-1,-1,1,-1
2015460258230,1,9,0,13,0,0,0,4,1,0,1,1,6,1,20,4,1390,1,1,-1,1,-1
2015460258230,2,9,0,2,0,0,0,0,0,0,1,1,6,3,-1,-1,-1,-1,-1,-1,1,-1
2015460258230,3,9,0,18,0,0,0,0,0,0,3,1,6,1,26,6,-1,-1,-1,-1,1,-1
2015460258230,4,9,0,2,0,0,0,0,0,0,1,1,6,3,-1,-1,1598,1,17,-1,1,-1
2015460258230,5,9,0,2,0,0,0,0,0,0,1,1,6,3,-1,-1,1598,2,1,-1,1,-1
2015460258230,6,9,0,2,0,0,0,0,0,0,1,1,6,3,-1,-1,1299,1,11,-1,1,-1
2015460258230,7,19,0,2,0,0,0,0,0,10,1,1,6,3,-1,-1,2198,2,7,-1,1,-1
2015460258234,1,4,0,16,0,0,0,0,0,0,0,1,6,1,22,5,796,1,5,-1,3,-1
2015460258237,1,9,0,18,0,0,0,0,7,0,3,1,6,1,20,4,1997,2,-1,-1,1,-1
2015460258237,2,9,0,18,0,0,0,0,0,0,3,1,6,1,34,6,1896,2,12,-1,3,-1
2015460258239,1,1,0,16,0,0,1,0,0,0,3,1,6,1,41,7,-1,-1,-1,-1,1,-1
2015460258239,2,9,0,17,0,0,0,0,0,0,3,1,6,1,55,8,1598,1,2,-1,1,-1
2015460258240,1,9,0,18,0,1,1,0,1,10,3,1,6,1,18,4,1149,1,11,-1,1,-1
2015460258240,2,9,0,18,0,1,1,0,2,7,3,1,6,1,21,5,1229,1,4,-1,1,-1
2015460258242,1,9,0,14,9,0,0,4,1,4,1,1,6,1,58,9,1388,1,10,-1,1,-1
2015460258242,2,9,0,2,0,0,0,0,0,0,3,1,6,3,-1,-1,1951,2,8,-1,-1,-1
2015460258246,1,9,0,18,0,1,0,0,0,0,1,1,6,2,41,7,1896,2,11,-1,1,-1
2015460258246,2,9,0,3,0,1,0,0,0,0,2,1,6,1,67,10,1797,8,6,-1,1,-1
2015460258246,3,9,0,3,0,1,0,0,0,0,2,1,6,2,48,8,1781,1,14,-1,1,-1
2015460258246,4,9,0,3,0,1,0,0,0,0,2,1,6,1,43,7,1560,2,8,-1,1,-1
2015460258247,1,90,0,18,9,0,0,0,0,0,1,1,6,3,-1,-1,-1,-1,-1,-1,-1,-1
2015460258251,1,9,0,18,0,0,0,0,0,0,4,1,6,2,56,9,1968,2,4,-1,1,-1
2015460258252,1,9,0,18,0,0,0,0,0,0,3,1,6,1,70,10,1998,2,3,-1,3,-1
2015460258252,2,9,0,18,0,0,0,0,0,0,3,1,6,2,49,8,1399,1,8,-1,1,-1
2015460258252,3,9,0,18,0,0,0,0,0,0,1,1,6,1,42,7,2993,2,6,-1,3,-1
2015460258252,4,9,0,18,0,0,0,0,0,0,1,1,1,1,43,7,-1,-1,-1,-1,2,-1
2015460258254,1,9,0,18,0,3,0,0,0,0,1,1,1,1,33,6,-1,-1,-1,-1,1,-1
2015460258254,2,19,0,4,0,1,0,0,1,0,3,1,1,1,48,8,1598,2,-1,-1,1,-1
2015460258255,1,19,0,1,0,0,0,0,0,0,2,1,6,1,40,7,2402,2,12,-1,1,-1
2015460258255,2,9,0,2,0,0,0,0,0,0,1,1,1,3,-1,-1,-1,-1,-1,-1,-1,-1
2015460258259,1,11,0,5,0,1,0,0,0,0,1,1,1,2,53,8,8300,2,9,-1,-1,-1
2015460258261,1,9,0,18,0,8,0,0,7,10,1,1,6,1,30,6,1910,2,13,-1,-1,-1
2015460258263,1,9,0,18,0,1,0,0,0,0,1,1,6,2,31,6,1896,2,7,-1,1,-1
2015460258263,2,9,0,5,0,1,0,0,0,0,2,1,6,1,37,7,-1,-1,-1,-1,2,-1
2015460258264,1,9,0,1,0,8,0,0,0,0,2,1,6,1,61,9,1149,1,13,-1,1,-1
2015460258266,1,9,0,9,0,5,0,0,0,0,1,1,1,1,26,6,-1,-1,-1,-1,-1,-1
2015460258266,2,1,0,18,0,8,0,0,0,0,1,1,6,1,20,4,-1,-1,-1,-1,1,-1
2015460258267,1,9,0,14,0,0,0,0,0,0,1,1,6,1,17,4,1149,1,9,-1,3,-1
2015460258269,1,9,0,14,0,0,0,0,0,0,1,1,6,2,81,11,1242,1,5,-1,1,-1
2015460258270,1,20,0,13,0,1,0,0,0,0,0,1,1,3,-1,-1,-1,-1,-1,-1,-1,-1
2015460258270,2,1,0,18,0,1,0,0,1,9,4,1,6,2,65,9,-1,-1,-1,-1,1,-1
2015460258271,1,9,0,13,0,0,2,0,5,6,3,1,6,1,25,5,2800,2,22,-1,1,-1
2015460258271,2,9,0,18,0,0,0,0,1,7,3,1,6,1,19,4,1995,2,4,-1,1,-1
2015460258272,1,9,0,18,9,1,0,0,0,0,1,1,6,1,-1,-1,-1,-1,-1,-1,-1,-1
2015460258274,1,2,0,16,0,0,0,4,0,0,1,1,6,1,17,4,124,1,5,-1,2,-1
2015460258274,2,19,0,2,0,0,0,0,0,0,2,1,1,1,48,8,-1,-1,-1,-1,1,-1
2015460258275,1,9,0,18,0,0,2,4,0,0,1,1,6,2,47,8,1896,2,13,-1,3,-1
2015460258275,2,9,0,2,0,0,0,0,1,0,1,1,6,2,49,8,1598,1,11,-1,1,-1
2015460258275,3,9,0,2,0,0,0,0,0,0,1,1,6,1,23,5,1360,1,12,-1,1,-1
2015460258282,1,1,0,17,0,0,1,0,0,10,1,1,2,1,19,4,-1,-1,-1,-1,1,-1
2015460258285,1,21,1,12,0,0,0,0,0,0,3,2,1,1,39,7,-1,-1,-1,-1,-1,-1