Accident_Index,Vehicle_Reference,Vehicle_Type,Towing_and_Articulation,Vehicle_Manoeuvre,Vehicle_Location-Restricted_Lane,Junction_Location,Skidding_and_Overturning,Hit_Object_in_Carriageway,Vehicle_Leaving_Carriageway,Hit_Object_off_Carriageway,1st_Point_of_Impact,Was_Vehicle_Left_Hand_Drive?,Journey_Purpose_of_Driver,Sex_of_Driver,Age_of_Driver,Age_Band_of_Driver,Engine_Capacity_(CC),Propulsion_Code,Age_of_Vehicle,Driver_IMD_Decile,Driver_Home_Area_Type,Vehicle_IMD_Decile
2015460258285,2,9,0,18,0,0,1,0,1,9,4,1,6,2,52,8,1360,1,12,-1,1,-1
2015460258291,1,90,0,18,0,8,0,0,0,0,4,1,6,2,85,11,-1,-1,-1,-1,1,-1
2015460258291,2,9,0,7,0,1,0,0,0,0,1,1,6,2,31,6,1242,1,13,-1,1,-1
2015460258293,1,21,1,18,0,0,5,0,1,1,1,2,1,1,46,8,-1,-1,-1,-1,-1,-1
2015460258294,1,1,0,7,0,5,0,0,0,0,1,1,6,1,26,6,-1,-1,-1,-1,1,-1
2015460258297,1,9,0,1,0,0,0,0,0,0,2,1,6,2,32,6,999,1,8,-1,1,-1
2015460258297,2,4,0,18,0,0,0,0,0,0,1,1,6,1,41,7,125,1,-1,-1,1,-1
2015460258302,1,9,0,9,0,5,0,0,0,0,4,1,6,1,60,9,2231,2,7,-1,3,-1
2015460258302,2,5,0,17,0,1,0,0,0,0,4,1,6,2,59,9,675,1,3,-1,3,-1
2015460258306,1,9,0,18,0,0,0,0,1,9,1,1,6,1,44,7,-1,-1,-1,-1,-1,-1
2015460258306,2,21,1,18,0,0,0,0,0,0,2,1,1,1,32,6,12809,2,1,-1,3,-1
2015460258312,1,9,0,18,0,0,0,0,0,0,4,1,2,2,41,7,1997,2,15,-1,1,-1
2015460258315,1,9,0,17,0,1,0,0,0,0,4,1,6,1,28,6,1397,1,7,-1,-1,-1
2015460258315,2,9,0,5,0,6,0,0,0,0,3,1,6,2,44,7,-1,-1,-1,-1,1,-1
2015460258319,1,5,0,18,0,0,0,0,0,0,1,1,6,1,41,7,1170,1,10,-1,1,-1
2015460258319,2,9,0,18,0,0,0,0,0,0,2,1,6,2,48,8,1398,1,2,-1,1,-1
2015460258327,1,9,0,18,0,0,0,0,0,0,1,1,6,3,-1,-1,-1,-1,-1,-1,-1,-1
2015460258327,2,19,0,18,0,0,0,0,0,0,2,1,6,1,21,5,2402,2,9,-1,1,-1
2015460258329,1,9,0,9,0,3,0,10,0,0,1,1,1,1,21,5,1229,1,11,-1,2,-1
2015460258329,2,21,0,9,0,3,0,0,0,0,4,2,1,1,34,6,-1,-1,-1,-1,-1,-1
2015460258330,1,9,0,11,0,8,1,0,0,0,1,1,2,1,27,6,1360,1,15,-1,1,-1
2015460258330,2,9,0,4,0,8,0,0,0,0,2,1,2,2,60,9,1086,1,5,-1,1,-1
2015460258330,3,19,0,3,0,8,0,0,0,0,2,1,1,1,44,7,2460,2,7,-1,2,-1
2015460258334,1,11,0,18,0,0,0,0,0,0,4,1,1,1,37,7,12900,2,1,-1,1,-1
2015460258336,1,1,0,18,0,6,0,0,0,0,3,1,6,1,14,3,-1,-1,-1,-1,1,-1
2015460258336,2,9,0,18,0,8,0,0,0,0,3,1,6,2,39,7,1461,2,11,-1,1,-1
2015460258337,1,9,0,9,0,6,0,0,0,0,1,1,2,1,39,7,1560,2,4,-1,1,-1
2015460258337,2,3,0,18,0,1,0,0,0,0,4,1,2,1,25,5,124,1,7,-1,1,-1
2015460258338,1,9,0,18,0,0,0,0,1,4,1,1,6,1,72,10,2143,2,4,-1,3,-1
2015460258341,1,19,0,3,0,0,0,0,0,0,1,1,1,2,44,7,1248,2,2,-1,1,-1
2015460258341,2,9,0,3,0,0,0,0,0,0,2,1,6,1,73,10,1956,2,1,-1,3,-1
2015460258342,1,3,0,18,0,8,0,0,0,0,0,1,6,1,24,5,125,1,1,-1,1,-1
2015460258347,1,9,0,7,0,3,0,0,0,0,3,1,1,2,36,7,1398,2,13,-1,1,-1
2015460258347,2,1,0,18,0,8,0,0,0,0,1,1,6,2,28,6,-1,-1,-1,-1,1,-1
2015460258349,1,9,0,18,0,8,0,0,0,0,0,1,6,2,45,7,1796,1,12,-1,-1,-1
2015460258349,2,2,0,18,0,1,0,0,0,0,0,1,6,2,17,4,50,1,1,-1,-1,-1
2015460258350,1,9,0,1,0,1,0,0,0,0,2,1,6,3,-1,-1,1598,1,13,-1,-1,-1
2015460258353,1,9,0,18,0,1,0,0,0,0,1,1,6,1,20,4,1299,1,9,-1,1,-1
2015460258353,2,9,0,10,0,1,0,0,0,0,2,1,6,2,49,8,1910,2,9,-1,1,-1
2015460258357,1,9,0,5,0,8,0,0,0,0,3,1,6,1,72,10,1910,2,7,-1,3,-1
2015460258357,2,9,0,7,0,3,0,0,0,0,4,1,1,2,29,6,1997,2,13,-1,-1,-1
2015460258358,1,9,0,18,0,0,0,0,0,0,1,1,6,3,-1,-1,-1,-1,-1,-1,-1,-1
2015460258368,1,9,0,18,0,2,0,0,0,0,0,1,6,2,-1,-1,1995,2,15,-1,3,-1
2015460258368,2,5,0,18,0,1,1,0,0,0,4,1,6,1,-1,-1,-1,-1,-1,-1,1,-1
2015460258369,1,9,0,18,0,0,0,0,0,0,4,1,6,1,19,4,1242,1,5,-1,2,-1
2015460258369,2,9,0,18,0,0,0,0,0,0,1,1,1,1,32,6,-1,-1,-1,-1,1,-1
2015460258369,3,9,0,18,0,0,0,0,0,0,3,1,1,1,46,8,-1,-1,-1,-1,1,-1
2015460258369,4,9,0,18,0,0,0,0,0,0,3,1,1,1,48,8,-1,-1,-1,-1,1,-1
2015460258369,5,5,0,18,0,0,0,0,0,0,0,1,1,1,26,6,953,1,12,-1,3,-1
2015460258369,6,9,0,18,0,0,0,0,0,0,0,1,1,1,-1,-1,1968,2,2,-1,1,-1
2015460258371,1,9,0,18,0,0,0,0,0,0,1,1,6,1,33,6,1769,1,11,-1,1,-1
2015460258371,2,9,0,3,0,0,0,4,0,0,2,1,6,2,48,8,1596,1,12,-1,-1,-1
2015460258371,3,9,0,3,0,0,0,0,0,0,2,1,6,1,26,6,1998,1,5,-1,2,-1
2015460258372,1,9,0,9,0,6,0,0,0,0,1,1,6,1,55,8,1984,1,6,-1,1,-1
2015460258372,2,9,0,17,0,1,0,0,0,0,1,1,6,1,42,7,2967,2,-1,-1,3,-1
2015460258375,1,9,0,17,0,0,0,0,0,0,1,1,6,1,32,6,1329,1,6,-1,3,-1
2015460258375,2,21,0,16,0,0,0,0,7,9,1,1,1,1,60,9,11946,2,2,-1,1,-1
2015460258376,1,5,0,5,0,2,0,0,0,0,1,1,6,1,60,9,676,1,14,-1,2,-1
2015460258376,2,9,0,4,0,2,0,0,0,0,2,1,6,2,46,8,1596,1,14,-1,1,-1
2015460258380,1,19,0,6,0,1,0,0,0,0,2,1,6,3,-1,-1,1560,2,1,-1,-1,-1
2015460258380,2,5,0,18,0,1,0,0,0,0,1,1,6,1,28,6,649,1,-1,-1,1,-1
2015460258381,1,10,0,5,0,6,0,0,0,0,1,1,1,1,61,9,-1,-1,-1,-1,-1,-1
2015460258381,2,9,0,18,0,1,0,0,0,0,4,1,6,2,44,7,998,1,-1,-1,1,-1
2015460258383,1,9,0,7,0,4,1,10,3,1,1,1,6,1,18,4,1242,1,3,-1,1,-1
2015460258385,1,9,0,18,0,1,1,0,0,0,4,1,6,1,45,7,1598,1,12,-1,1,-1
2015460258385,2,9,0,18,0,1,1,0,0,0,1,1,6,2,39,7,1299,1,11,-1,1,-1
2015460258388,1,9,0,18,0,0,2,0,2,7,1,1,6,2,56,9,1398,1,1,-1,1,-1
2015460258389,1,9,0,3,0,1,0,0,0,0,1,1,6,2,-1,-1,1998,1,7,-1,1,-1
2015460258389,2,1,0,3,0,1,0,0,0,0,2,1,6,1,-1,-1,-1,-1,-1,-1,1,-1
2015460258390,1,9,0,9,0,1,0,0,0,0,4,1,6,1,-1,-1,1461,2,11,-1,1,-1
2015460258390,2,3,0,18,0,1,0,0,0,0,1,1,6,1,22,5,124,1,1,-1,1,-1
2015460258391,1,9,0,4,0,1,0,0,0,0,1,1,6,1,76,11,1461,2,10,-1,1,-1
2015460258391,2,9,0,4,0,1,0,0,0,0,2,1,6,1,56,9,505,1,2,-1,1,-1
2015460258391,3,11,0,4,0,1,0,0,0,0,2,1,1,1,42,7,4500,2,6,-1,1,-1
2015460258394,1,9,0,18,0,1,5,0,2,4,4,1,6,1,29,6,3200,2,11,-1,3,-1
2015460258397,1,19,0,4,0,0,0,0,0,0,1,1,1,1,42,7,2143,2,3,-1,1,-1
2015460258397,2,9,0,4,0,0,0,0,0,0,2,1,2,1,62,9,-1,-1,-1,-1,1,-1
2015460258397,3,9,0,3,0,0,0,0,0,0,2,1,2,2,38,7,1991,2,6,-1,3,-1
2015460258398,1,9,0,18,0,6,0,0,0,0,1,1,6,1,24,5,1596,1,16,-1,1,-1
2015460258398,2,9,0,18,0,8,0,0,0,0,1,1,6,2,23,5,1598,1,11,-1,1,-1
2015460258400,1,9,0,2,0,0,0,4,0,0,2,1,6,2,59,9,1248,1,1,-1,1,-1
2015460258400,2,9,0,2,0,0,0,0,0,0,3,1,6,1,69,10,-1,-1,-1,-1,1,-1
2015460258403,1,9,0,16,0,1,0,0,0,0,1,1,6,1,25,5,-1,-1,-1,-1,3,-1
2015460258403,2,9,0,17,0,1,0,0,0,0,1,1,2,2,34,6,1997,2,9,-1,3,-1
2015460258404,1,9,0,4,0,0,0,0,0,0,1,1,2,1,32,6,1461,2,1,-1,1,-1
2015460258404,2,9,0,18,0,0,0,0,0,0,1,1,6,2,35,6,1242,1,9,-1,1,-1
2015460258408,1,9,0,16,0,0,1,0,0,0,1,1,2,1,33,6,2143,2,1,-1,-1,-1
2015460258408,2,19,0,4,0,0,0,0,0,0,2,1,1,1,21,5,1598,2,4,-1,1,-1
2015460258408,3,9,0,4,0,0,0,0,0,0,2,1,2,2,45,7,1560,2,9,-1,2,-1
2015460258409,1,9,0,18,0,8,0,0,8,10,4,1,6,1,24,5,3696,1,5,-1,1,-1
2015460258412,1,21,1,18,0,3,5,10,0,0,3,1,1,1,40,7,10518,2,8,-1,3,-1
2015460258415,1,9,0,16,0,0,0,0,0,0,0,1,6,3,-1,-1,-1,-1,-1,-1,-1,-1
2015460258415,2,9,0,17,0,0,5,0,1,9,4,1,1,1,33,6,1590,1,16,-1,-1,-1
2015460258417,1,9,0,4,0,1,0,0,0,0,0,1,6,1,44,7,2993,2,3,-1,2,-1
2015460258424,1,20,0,18,0,0,1,0,0,0,1,1,6,1,37,7,2464,2,7,-1,1,-1
2015460258424,2,9,0,18,0,0,0,0,0,0,2,1,6,1,29,6,1796,1,13,-1,1,-1
2015460258424,3,9,0,18,0,0,0,0,0,0,2,1,1,1,46,8,1995,2,3,-1,1,-1
2015460258428,1,1,0,18,0,6,1,0,0,0,1,1,6,2,32,6,-1,-1,-1,-1,1,-1
2015460258428,2,9,0,18,0,8,0,0,0,0,1,1,6,3,-1,-1,-1,-1,-1,-1,-1,-1
2015460258428,3,9,0,18,0,8,0,0,0,0,0,1,6,3,-1,-1,-1,-1,-1,-1,-1,-1
2015460258429,1,9,0,4,0,0,1,0,0,0,1,1,1,2,33,6,1560,2,8,-1,2,-1
2015460258429,2,9,0,4,0,0,1,0,0,0,2,1,1,1,41,7,-1,-1,-1,-1,1,-1
2015460258430,1,9,0,18,0,0,0,0,0,0,3,1,6,3,-1,-1,1360,1,8,-1,-1,-1
2015460258430,2,9,0,18,0,0,0,0,0,0,3,1,6,1,48,8,1360,1,10,-1,-1,-1
2015460258436,1,9,0,9,0,5,0,0,0,0,1,1,6,1,48,8,1998,1,10,-1,3,-1
2015460258436,2,4,0,18,0,8,0,0,0,0,1,1,6,1,43,7,198,1,11,-1,1,-1
2015460258439,1,9,0,18,0,0,1,0,1,4,4,1,6,1,18,4,1360,1,13,-1,-1,-1
2015460258440,1,9,0,18,0,1,0,0,0,0,4,1,6,1,35,6,1560,2,4,-1,1,-1
2015460258444,1,9,0,18,0,0,0,0,0,0,1,1,6,1,17,4,1197,1,4,-1,3,-1
2015460258444,2,20,0,18,0,0,0,0,0,0,2,1,6,1,22,5,-1,-1,-1,-1,-1,-1
2015460258444,3,21,0,3,0,0,0,0,0,0,2,2,6,1,43,7,-1,-1,-1,-1,-1,-1
2015460258446,1,19,0,9,0,6,0,0,0,0,4,1,6,1,57,9,-1,-1,-1,-1,1,-1
2015460258446,2,1,0,17,0,1,0,0,0,0,1,1,1,1,41,7,-1,-1,-1,-1,1,-1
2015460258452,1,9,0,18,0,1,0,0,0,0,1,1,6,2,70,10,1296,1,7,-1,2,-1
2015460258452,2,9,0,3,0,1,0,0,0,0,2,1,6,1,29,6,2979,1,1,-1,1,-1
2015460258455,1,9,0,6,0,2,0,0,0,0,3,1,6,2,39,7,998,1,14,-1,1,-1
2015460258455,2,5,0,18,0,2,0,0,0,0,1,1,2,1,21,5,645,1,12,-1,1,-1
2015460258461,1,5,0,18,0,1,0,0,0,0,0,1,1,1,50,8,1130,1,13,-1,2,-1
2015460258463,1,9,0,15,0,8,0,0,0,0,0,1,1,3,-1,-1,-1,-1,-1,-1,-1,-1
2015460258463,2,9,0,15,0,8,0,0,8,10,0,1,6,1,61,9,-1,-1,-1,-1,1,-1
2015460258465,1,9,0,1,0,1,0,0,0,0,2,1,6,1,62,9,1988,1,16,-1,1,-1
2015460258466,1,1,0,18,0,1,0,0,0,0,1,1,6,1,39,7,-1,-1,-1,-1,1,-1
2015460258466,2,11,0,7,0,5,0,0,0,0,4,1,6,3,-1,-1,4580,2,6,-1,-1,-1
2015460258468,1,5,0,18,0,0,1,0,1,9,0,1,6,1,35,6,750,1,15,-1,-1,-1
2015460258477,1,9,0,9,0,5,0,0,0,0,1,1,6,2,33,6,1598,1,15,-1,1,-1
2015460258477,2,4,0,18,0,1,0,0,0,0,1,1,6,1,44,7,-1,-1,-1,-1,-1,-1
2015460258480,1,9,0,13,0,1,0,0,0,0,4,1,6,1,18,4,1390,1,11,-1,1,-1
2015460258480,2,9,0,7,0,5,0,0,0,0,2,1,2,1,38,7,1560,2,10,-1,1,-1
2015460258480,3,9,0,18,0,1,0,0,0,0,3,1,2,1,22,5,1598,1,11,-1,1,-1
2015460258482,1,9,0,18,0,0,0,0,0,0,1,1,6,2,23,5,1399,1,9,-1,1,-1
2015460258482,2,9,0,3,0,0,0,0,0,0,2,1,6,1,20,4,973,1,13,-1,1,-1
2015460258482,3,19,0,3,0,0,0,0,0,0,2,1,1,1,50,8,2299,2,3,-1,1,-1
2015460258491,1,20,0,18,0,0,0,0,0,0,0,1,1,3,-1,-1,2999,2,3,-1,-1,-1
2015460258491,2,9,0,18,0,0,0,11,0,0,1,1,6,2,31,6,1198,1,11,-1,-1,-1
2015460258494,1,19,0,18,0,0,0,0,0,0,3,1,6,3,-1,-1,-1,-1,-1,-1,-1,-1
2015460258494,2,19,0,18,0,0,0,0,0,0,3,1,1,2,51,8,1461,2,5,-1,1,-1
2015460258504,1,9,0,11,0,2,0,0,0,0,4,1,6,1,43,7,1753,2,7,-1,1,-1
2015460258504,2,9,0,18,0,3,0,0,0,0,3,1,2,1,25,5,1796,1,12,-1,1,-1
2015460258505,1,9,0,18,0,0,0,0,0,0,1,1,6,1,51,8,2148,2,12,-1,3,-1
2015460258510,1,9,0,18,0,8,0,0,0,0,4,1,1,2,34,6,1248,1,3,-1,1,-1
2015460258515,1,9,0,9,0,6,0,0,0,0,1,1,6,1,37,7,1689,2,15,-1,1,-1
2015460258515,2,9,0,4,0,1,0,0,0,0,4,1,6,1,45,7,1988,1,12,-1,1,-1
2015460258517,1,21,1,18,0,0,0,0,0,0,4,1,6,3,-1,-1,-1,-1,-1,-1,-1,-1
2015460258517,2,1,0,18,0,0,0,0,0,0,3,1,6,1,57,9,-1,-1,-1,-1,3,-1
2015460258519,1,9,0,9,0,6,0,0,0,0,1,1,6,2,18,4,1461,2,1,-1,-1,-1
2015460258519,2,3,0,18,0,1,0,0,0,0,1,1,6,1,17,4,125,1,-1,-1,-1,-1
2015460258520,1,9,0,18,0,8,5,0,0,0,1,1,6,1,24,5,1991,1,12,-1,-1,-1
2015460258520,2,9,0,18,0,8,0,0,0,0,3,1,6,2,68,10,1689,2,13,-1,-1,-1
2015460258527,1,9,0,5,0,6,0,0,0,0,1,1,6,1,30,6,1560,2,4,-1,3,-1
2015460258527,2,9,0,18,0,8,0,0,0,0,4,1,6,2,27,6,1984,1,5,-1,1,-1
2015460258528,1,9,0,18,0,0,0,0,0,0,0,1,6,1,41,7,2993,2,6,-1,-1,-1
2015460258529,1,9,0,1,0,0,0,0,0,0,4,1,6,2,49,8,1798,1,6,-1,1,-1
2015460258529,2,2,0,18,0,0,1,0,0,0,1,1,1,1,21,5,124,1,5,-1,1,-1
2015460258530,1,4,0,7,0,2,0,0,0,0,4,1,6,1,31,6,599,1,6,-1,1,-1
2015460258530,2,9,0,2,0,2,0,0,0,0,0,1,6,1,-1,-1,1989,1,16,-1,1,-1
2015460258531,1,9,0,18,0,0,0,4,0,0,1,1,1,1,33,6,-1,-1,-1,-1,1,-1
2015460258531,2,21,0,2,0,0,0,0,0,0,2,1,1,1,60,9,4764,2,7,-1,-1,-1
2015460258533,1,19,0,9,0,1,0,0,0,0,4,1,6,1,55,8,1753,2,9,-1,3,-1
2015460258534,1,2,0,18,0,0,0,0,0,0,1,1,6,1,17,4,50,1,1,-1,1,-1
2015460258534,2,21,0,18,0,0,0,0,0,0,2,1,1,1,51,8,7790,2,7,-1,-1,-1
2015460258537,1,9,0,18,0,8,1,0,0,0,1,1,6,1,63,9,1999,1,6,-1,1,-1
2015460258537,2,9,0,18,0,8,0,0,0,0,2,1,1,1,63,9,-1,-1,-1,-1,1,-1
2015460258538,1,9,0,18,0,0,1,0,0,0,1,1,6,2,18,4,-1,-1,-1,-1,3,-1
2015460258538,2,9,0,3,0,0,0,0,0,0,2,1,2,1,24,5,1995,2,8,-1,1,-1
2015460258538,3,9,0,3,0,0,0,0,0,0,2,1,6,1,41,7,1596,1,13,-1,1,-1
2015460258541,1,9,0,18,0,1,0,0,0,0,1,1,6,3,-1,-1,-1,-1,-1,-1,-1,-1
2015460258541,2,9,0,10,0,1,0,0,0,0,1,1,6,2,43,7,2000,2,11,-1,-1,-1
2015460258545,1,1,0,7,0,4,0,0,0,0,2,1,6,1,48,8,-1,-1,-1,-1,1,-1
2015460258545,2,9,0,18,0,4,0,0,0,0,1,1,1,1,51,8,-1,-1,-1,-1,1,-1
2015460258547,1,9,0,18,0,6,0,0,0,0,4,1,6,2,25,5,1596,1,10,-1,1,-1
2015460258547,2,9,0,18,0,1,0,0,0,0,1,1,6,1,46,8,1796,1,15,-1,1,-1
2015460258550,1,9,0,17,0,0,0,0,0,0,1,1,6,1,23,5,1596,1,14,-1,1,-1
2015460258550,2,9,0,16,0,0,0,0,0,0,1,1,6,2,25,5,1968,2,3,-1,3,-1
2015460258551,1,5,0,16,0,0,1,0,7,10,1,1,6,1,31,6,599,1,14,-1,1,-1
2015460258551,2,9,0,2,9,0,0,0,0,0,2,1,6,1,27,6,1997,1,12,-1,-1,-1
2015460258552,1,9,0,18,0,0,0,0,0,0,1,1,2,1,28,6,1598,1,3,-1,2,-1
2015460258552,2,9,0,6,0,0,0,0,0,0,3,1,6,1,22,5,1686,2,11,-1,1,-1
2015460258555,1,9,0,4,0,1,0,0,0,0,1,1,6,2,19,4,1398,1,5,-1,1,-1
2015460258555,2,9,0,18,0,5,0,0,0,0,2,1,6,1,27,6,1997,1,11,-1,1,-1
2015460258557,1,3,0,16,0,0,1,0,8,10,4,1,6,1,17,4,125,1,1,-1,1,-1
2015460258559,1,9,0,11,0,7,0,0,0,0,1,1,6,2,63,9,1242,1,13,-1,1,-1
2015460258559,2,9,0,4,0,7,0,0,7,7,2,1,6,2,31,6,1598,2,1,-1,1,-1
2015460258559,3,9,0,4,0,7,0,0,0,0,3,1,6,2,66,10,1997,2,6,-1,1,-1
2015460258560,1,9,0,18,0,0,0,4,0,0,4,1,6,3,-1,-1,-1,-1,-1,-1,-1,-1
2015460258560,2,9,0,2,0,0,0,0,0,0,3,1,6,2,43,7,-1,-1,-1,-1,2,-1
2015460258564,1,9,0,13,0,0,1,0,0,0,1,1,6,3,-1,-1,-1,-1,-1,-1,-1,-1
2015460258564,2,9,0,3,0,0,0,0,0,0,1,1,6,1,55,8,-1,-1,-1,-1,1,-1
2015460258567,1,9,0,18,0,7,0,0,0,0,1,1,6,1,-1,-1,1596,1,10,-1,1,-1
2015460258567,2,9,0,18,0,7,0,0,0,0,2,1,6,2,20,4,1242,1,1,-1,1,-1
2015460258568,1,9,0,18,0,0,1,0,4,6,1,1,6,2,29,6,1339,1,10,-1,1,-1
2015460258570,1,21,1,12,0,0,0,0,0,0,3,1,6,1,37,7,-1,-1,-1,-1,-1,-1
2015460258570,2,9,0,11,0,0,0,0,0,0,4,1,6,2,25,5,1229,1,8,-1,1,-1
2015460258571,1,9,0,4,0,0,0,0,0,0,1,1,6,1,38,7,1896,2,6,-1,-1,-1
2015460258571,2,9,0,4,0,0,0,0,0,0,2,1,6,1,48,8,1997,2,10,-1,1,-1
2015460258575,1,9,0,16,0,1,0,0,0,0,1,2,6,2,37,7,-1,-1,-1,-1,-1,-1
2015460258575,2,9,0,9,0,1,0,0,0,0,2,1,2,1,58,9,1995,2,12,-1,1,-1
2015460258576,1,9,0,11,0,0,0,0,0,0,1,1,6,1,27,6,1560,2,-1,-1,1,-1
2015460258576,2,5,0,15,0,0,0,0,0,0,2,1,6,1,50,8,-1,-1,-1,-1,-1,-1
2015460258577,1,3,0,18,0,0,0,7,0,0,1,1,6,1,54,8,-1,-1,-1,-1,1,-1
2015460258580,1,9,0,18,0,0,5,0,1,4,1,1,6,1,21,5,1995,2,16,-1,1,-1
2015460258583,1,9,0,18,0,2,0,0,0,0,1,1,6,2,54,8,1951,2,11,-1,1,-1
2015460258583,2,9,0,2,0,2,0,0,0,0,2,1,6,3,31,6,1596,1,6,-1,1,-1
2015460258583,3,9,0,2,0,2,0,0,0,0,1,1,6,1,37,7,2184,2,6,-1,1,-1
2015460258583,4,9,0,2,0,2,0,0,0,0,1,1,6,1,-1,-1,1461,2,2,-1,1,-1
2015460258586,1,9,0,18,0,1,1,0,1,6,1,1,1,2,20,4,1248,1,3,-1,1,-1
2015460258589,1,5,0,11,0,7,1,0,4,0,3,1,6,1,43,7,1634,1,6,-1,1,-1
2015460258591,1,9,0,12,0,0,0,0,1,0,2,1,6,1,43,7,1108,1,8,-1,1,-1
2015460258591,2,9,0,18,0,0,0,0,4,6,1,1,6,1,25,5,1794,1,15,-1,1,-1
2015460258591,3,9,0,18,0,0,0,0,0,0,1,1,6,2,40,7,1970,1,13,-1,1,-1
2015460258592,1,1,0,18,0,0,0,0,0,0,0,1,6,1,16,4,-1,-1,-1,-1,1,-1
2015460258594,1,9,0,18,0,0,0,0,0,0,4,1,1,1,50,8,1560,2,7,-1,1,-1
2015460258595,1,9,0,4,0,0,0,0,0,0,1,1,6,1,19,4,1598,1,-1,-1,1,-1
2015460258596,1,9,0,18,0,0,0,0,0,0,1,1,6,1,27,6,2993,2,10,-1,1,-1
2015460258596,2,9,0,18,0,0,0,0,0,0,2,1,6,1,28,6,1799,1,9,-1,1,-1
2015460258596,3,9,0,18,0,0,0,0,0,0,1,1,6,3,-1,-1,-1,-1,-1,-1,-1,-1
2015460258597,1,9,0,5,0,6,0,0,0,0,1,1,2,1,27,6,1799,1,9,-1,1,-1
2015460258597,2,9,0,17,0,8,0,0,0,0,4,1,6,2,29,6,1240,1,11,-1,1,-1
2015460258598,1,3,0,18,0,0,0,0,0,0,1,1,6,2,44,7,-1,-1,-1,-1,-1,-1
2015460258598,2,9,0,2,0,0,0,0,0,0,3,1,6,2,38,7,973,1,13,-1,1,-1
2015460258598,3,9,0,2,0,0,0,0,0,0,2,1,6,1,31,6,1587,1,13,-1,1,-1
2015460258599,1,21,0,18,0,0,2,0,1,9,1,1,1,1,40,7,-1,-1,-1,-1,-1,-1
2015460258600,1,9,0,17,0,0,2,0,7,3,1,1,6,1,36,7,1598,1,13,-1,-1,-1
2015460258601,1,9,0,1,9,8,0,0,0,0,2,1,6,2,43,7,1242,1,7,-1,1,-1
2015460258602,1,9,0,17,0,0,0,0,0,0,1,1,6,3,-1,-1,-1,-1,-1,-1,-1,-1
2015460258602,2,1,0,17,0,0,0,0,0,0,2,1,6,1,58,9,-1,-1,-1,-1,2,-1
2015460258603,1,9,0,18,0,1,0,0,0,0,1,1,6,1,21,5,1390,1,8,-1,1,-1
2015460258604,1,5,0,7,0,4,0,0,0,0,1,1,2,1,55,8,800,1,2,-1,1,-1
2015460258604,2,9,0,2,0,1,0,0,0,0,2,1,2,1,29,6,1598,2,2,-1,3,-1
2015460258606,1,19,0,5,0,0,0,0,0,0,1,1,1,1,58,9,1248,2,3,-1,1,-1
2015460258607,1,9,0,18,0,0,0,0,0,0,1,1,6,2,42,7,1998,1,10,-1,-1,-1
2015460258611,1,9,0,18,0,8,0,0,0,0,4,1,6,2,68,10,1596,1,8,-1,1,-1
2015460258612,1,1,0,18,0,3,0,10,0,0,1,1,2,1,36,7,-1,-1,-1,-1,1,-1
2015460258615,1,9,0,18,0,0,0,0,0,0,1,1,6,1,22,5,1299,1,13,-1,1,-1
2015460258615,2,9,0,2,6,0,0,0,1,0,2,1,6,3,-1,-1,1598,1,11,-1,-1,-1
2015460258616,1,9,0,18,0,0,0,0,0,0,1,1,6,2,22,5,999,1,3,-1,3,-1
2015460258616,2,9,0,3,0,0,0,0,0,0,2,1,6,2,28,6,1299,1,14,-1,1,-1
2015460258618,1,9,0,7,0,2,0,4,0,0,4,1,6,3,-1,-1,1360,1,14,-1,-1,-1
2015460258618,2,9,0,18,0,1,0,0,0,0,3,1,6,2,24,5,1598,1,9,-1,1,-1
2015460258618,3,9,0,2,0,1,0,0,0,0,4,1,6,1,67,10,1086,1,5,-1,1,-1
2015460258619,1,19,0,18,0,0,0,0,0,0,1,1,6,3,-1,-1,1968,2,1,-1,-1,-1
2015460258619,2,9,0,18,0,0,0,0,0,0,2,1,6,2,-1,-1,1598,2,2,-1,1,-1
2015460258620,1,19,0,18,0,1,0,0,1,0,1,1,6,1,24,5,1753,2,13,-1,3,-1
2015460258620,2,8,0,18,0,2,0,0,0,0,1,1,6,1,38,7,1997,2,7,-1,1,-1
2015460258621,1,9,0,18,0,0,0,0,0,0,1,1,6,1,28,6,1360,1,11,-1,1,-1
2015460258622,1,9,0,9,0,6,0,0,0,0,3,1,2,1,18,4,1229,1,7,-1,1,-1
2015460258622,2,9,0,18,0,1,0,0,0,0,4,1,6,1,22,5,1988,1,13,-1,1,-1
2015460258624,1,9,0,18,0,1,0,0,0,0,1,1,6,1,83,11,1289,1,16,-1,1,-1
2015460258624,2,9,0,18,0,1,0,0,0,0,2,1,6,2,23,5,1124,1,18,-1,3,-1
2015460258626,1,2,0,4,0,1,1,0,0,0,3,1,6,1,51,8,1340,1,22,-1,1,-1
2015460258626,2,9,0,4,0,2,0,0,0,0,1,1,6,1,70,10,1797,8,5,-1,1,-1
2015460258630,1,9,0,18,0,0,1,0,0,0,1,1,6,1,42,7,2494,1,16,-1,1,-1
2015460258630,2,9,0,18,0,0,0,0,0,0,2,1,6,1,17,4,1198,1,12,-1,1,-1