Accident_Index,Vehicle_Reference,Vehicle_Type,Towing_and_Articulation,Vehicle_Manoeuvre,Vehicle_Location-Restricted_Lane,Junction_Location,Skidding_and_Overturning,Hit_Object_in_Carriageway,Vehicle_Leaving_Carriageway,Hit_Object_off_Carriageway,1st_Point_of_Impact,Was_Vehicle_Left_Hand_Drive?,Journey_Purpose_of_Driver,Sex_of_Driver,Age_of_Driver,Age_Band_of_Driver,Engine_Capacity_(CC),Propulsion_Code,Age_of_Vehicle,Driver_IMD_Decile,Driver_Home_Area_Type,Vehicle_IMD_Decile
2015460258631,1,9,0,5,0,6,0,0,0,0,3,1,6,3,-1,-1,2495,2,19,-1,-1,-1
2015460258631,2,9,0,18,0,1,0,0,0,0,4,1,6,2,59,9,1396,1,10,-1,1,-1
2015460258631,3,9,0,2,0,1,0,0,0,0,1,1,6,2,27,6,2198,1,11,-1,1,-1
2015460258633,1,9,0,7,0,4,0,0,0,0,1,1,6,1,49,8,1685,2,-1,-1,1,-1
2015460258633,2,9,0,7,0,3,0,0,0,0,2,1,2,2,40,7,1999,1,12,-1,1,-1
2015460258634,1,9,0,9,0,6,0,0,0,0,4,1,6,3,-1,-1,1895,1,15,-1,-1,-1
2015460258634,2,9,0,18,0,1,0,0,0,0,3,1,2,2,52,8,1461,2,2,-1,-1,-1
2015460258635,1,9,0,18,0,8,0,0,0,0,1,1,6,1,21,5,1390,1,15,-1,1,-1
2015460258635,2,9,0,18,0,8,0,0,0,0,3,1,6,2,29,6,1560,2,3,-1,1,-1
2015460258637,1,1,0,17,0,1,0,0,0,0,0,1,6,1,20,4,-1,-1,-1,-1,-1,-1
2015460258641,1,9,0,18,0,0,1,0,1,4,1,1,6,1,26,6,-1,-1,-1,-1,1,-1
2015460258641,2,9,0,3,0,0,1,0,0,0,2,1,6,2,46,8,1598,2,1,-1,3,-1
2015460258641,3,9,0,3,0,0,0,0,0,0,2,1,6,2,22,5,1242,1,7,-1,3,-1
2015460258642,1,9,0,18,0,1,0,0,0,0,1,1,6,2,63,9,1229,1,7,-1,1,-1
2015460258642,2,9,0,5,0,1,0,0,0,0,3,1,6,2,22,5,1198,1,4,-1,1,-1
2015460258644,1,9,0,18,0,0,1,0,0,0,1,1,6,1,24,5,1998,1,15,-1,1,-1
2015460258644,2,9,0,18,0,0,0,0,1,0,3,1,6,1,21,5,2143,2,4,-1,1,-1
2015460258656,1,9,0,7,0,1,0,0,0,0,1,1,6,1,86,11,1198,1,-1,-1,1,-1
2015460258656,2,1,0,18,9,1,0,0,0,0,1,1,6,1,12,3,-1,-1,-1,-1,1,-1
2015460258657,1,9,0,16,0,0,1,0,0,0,3,1,1,1,17,4,1149,1,13,-1,2,-1
2015460258657,2,20,0,17,0,0,1,0,0,0,3,1,1,1,41,7,6374,2,2,-1,1,-1
2015460258662,1,9,0,9,0,5,0,0,0,0,1,1,6,1,75,10,1200,1,-1,-1,1,-1
2015460258666,1,9,0,7,0,8,0,0,0,0,2,1,6,3,-1,-1,1198,1,8,-1,-1,-1
2015460258666,2,9,0,7,0,4,0,0,0,0,1,1,6,1,27,6,1685,2,4,-1,-1,-1
2015460258668,1,9,0,18,0,0,0,0,0,0,3,1,6,1,46,8,1997,1,6,-1,1,-1
2015460258670,1,9,0,17,0,0,1,0,1,10,1,1,6,2,46,8,1995,2,9,-1,1,-1
2015460258671,1,9,0,18,0,0,0,0,0,0,1,1,6,2,19,4,1299,1,8,-1,1,-1
2015460258671,2,9,0,2,0,0,0,0,1,0,2,1,6,3,-1,-1,1997,1,13,-1,-1,-1
2015460258671,3,9,0,2,0,0,0,0,0,0,2,1,6,2,83,11,1360,1,11,-1,1,-1
2015460258673,1,5,0,18,0,0,1,0,0,0,0,1,6,1,30,6,805,1,17,-1,1,-1
2015460258675,1,9,0,5,0,4,0,0,0,0,1,1,6,1,35,6,2148,2,6,-1,1,-1
2015460258675,2,9,0,5,0,4,0,0,0,0,2,1,6,1,24,5,1149,1,17,-1,3,-1
2015460258678,1,9,0,18,0,0,0,0,0,0,3,1,6,1,25,5,1796,1,12,-1,-1,-1
2015460258678,2,5,0,14,0,0,0,0,0,0,4,1,6,1,59,9,1584,1,8,-1,-1,-1
2015460258679,1,9,0,5,0,8,0,0,0,0,1,1,6,2,27,6,1149,1,13,-1,3,-1
2015460258679,2,9,0,18,0,8,0,0,0,0,1,1,6,1,79,11,1399,1,10,-1,2,-1
2015460258679,3,9,0,8,0,1,0,0,0,0,1,1,6,1,62,9,1388,1,12,-1,3,-1
2015460258680,1,9,0,4,0,0,1,0,0,0,1,1,2,1,25,5,1910,2,10,-1,3,-1
2015460258680,2,9,0,4,0,0,0,0,0,0,2,1,2,1,31,6,1598,1,13,-1,1,-1
2015460258681,1,9,0,17,0,1,0,0,7,3,4,1,6,2,19,4,1299,1,13,-1,2,-1
2015460258681,2,9,0,17,0,1,1,7,7,1,1,1,6,2,31,6,-1,-1,-1,-1,3,-1
2015460258685,1,9,0,18,0,1,0,0,0,0,1,1,6,1,25,5,1968,2,10,-1,1,-1
2015460258685,2,5,0,4,0,1,0,0,1,0,2,1,6,1,51,8,998,1,7,-1,1,-1
2015460258686,1,9,0,18,0,0,0,0,0,0,1,1,6,2,39,7,1560,2,2,-1,1,-1
2015460258686,2,9,0,3,0,0,0,0,0,0,2,1,6,1,47,8,1796,1,11,-1,1,-1
2015460258689,1,9,0,3,0,0,0,0,0,0,1,1,6,2,42,7,1600,1,16,-1,-1,-1
2015460258689,2,3,0,18,0,0,0,0,0,0,2,1,6,1,50,8,600,1,4,-1,-1,-1
2015460258690,1,9,0,18,0,1,0,0,0,0,4,1,6,3,-1,-1,-1,-1,-1,-1,-1,-1
2015460258696,1,19,0,18,0,0,0,0,0,0,1,1,1,1,63,9,2446,2,17,-1,1,-1
2015460258696,2,9,0,4,0,0,0,0,0,0,2,1,2,1,40,7,-1,-1,-1,-1,-1,-1
2015460258698,1,1,0,18,0,0,0,0,0,0,1,1,2,1,18,4,-1,-1,-1,-1,1,-1
2015460258698,2,9,0,4,0,0,0,0,0,0,2,1,1,1,36,7,2231,2,8,-1,-1,-1
2015460258699,1,9,0,2,9,0,0,0,0,0,1,1,6,2,52,8,1242,1,10,-1,1,-1
2015460258699,2,1,0,18,4,0,0,0,0,0,1,1,6,1,52,8,-1,-1,-1,-1,-1,-1
2015460258700,1,11,0,2,2,0,0,0,0,0,0,1,1,1,42,7,4500,2,6,-1,1,-1
2015460258704,1,5,0,12,0,0,0,0,4,6,3,1,6,1,25,5,599,1,14,-1,1,-1
2015460258705,1,9,0,5,0,8,0,0,0,0,4,1,2,1,55,8,1686,2,2,-1,2,-1
2015460258705,2,3,0,18,0,8,0,0,0,0,1,1,1,1,29,6,124,1,21,-1,1,-1
2015460258710,1,9,0,9,0,6,0,0,0,0,3,1,6,2,32,6,1598,2,2,-1,-1,-1
2015460258710,2,4,0,18,0,1,1,0,0,0,1,1,6,1,18,4,125,1,-1,-1,-1,-1
2015460258712,1,9,0,18,0,1,0,0,0,0,1,1,6,2,60,9,1596,1,13,-1,3,-1
2015460258712,2,9,0,18,0,1,0,0,0,0,2,1,2,2,57,9,1248,2,10,-1,1,-1
2015460258713,1,9,0,16,0,0,0,0,0,0,4,1,6,1,30,6,1968,2,1,-1,2,-1
2015460258713,2,9,0,18,0,0,0,0,0,0,3,1,6,2,49,8,1968,2,3,-1,2,-1
2015460258713,3,9,0,2,0,0,0,4,0,0,4,1,6,1,69,10,-1,-1,-1,-1,-1,-1
2015460258715,1,9,0,17,0,0,0,10,0,0,4,1,1,1,44,7,1968,2,3,-1,1,-1
2015460258716,1,9,0,7,0,8,0,0,0,0,1,1,6,2,39,7,2199,2,1,-1,1,-1
2015460258717,1,3,0,18,0,1,1,0,0,0,1,1,6,1,17,4,125,1,7,-1,1,-1
2015460258717,2,9,0,9,0,5,0,0,0,0,3,1,6,1,56,9,-1,-1,-1,-1,3,-1
2015460258722,1,19,0,11,0,1,0,0,0,0,1,1,1,1,23,5,2287,2,3,-1,-1,-1
2015460258722,2,9,0,18,0,1,0,0,0,0,2,1,6,2,29,6,1997,2,9,-1,1,-1
2015460258724,1,19,0,18,0,0,0,0,0,0,1,1,1,1,35,6,2198,2,-1,-1,-1,-1
2015460258724,2,9,0,18,0,0,0,4,0,0,1,1,1,1,40,7,1600,2,5,-1,-1,-1
2015460258724,3,9,0,2,0,0,0,0,0,0,3,1,6,3,-1,-1,3189,1,7,-1,-1,-1
2015460258724,4,9,0,2,0,0,0,0,0,0,4,1,6,3,-1,-1,-1,-1,-1,-1,-1,-1
2015460258727,1,9,0,5,0,0,0,0,0,0,1,1,6,2,45,7,1598,1,18,-1,1,-1
2015460258727,2,9,0,5,0,0,0,0,0,0,2,1,6,1,38,7,1995,2,2,-1,1,-1
2015460258727,3,19,0,18,0,0,0,0,0,0,0,1,6,1,33,6,1998,2,14,-1,1,-1
2015460258731,1,3,0,18,0,2,1,0,0,0,0,1,6,1,18,4,125,1,-1,-1,1,-1
2015460258733,1,9,0,18,0,1,0,0,0,0,1,1,6,1,19,4,1360,1,14,-1,1,-1
2015460258738,1,9,0,9,0,1,0,0,0,0,4,1,6,2,55,8,2770,2,9,-1,1,-1
2015460258738,2,1,0,18,0,8,0,0,0,0,1,1,6,1,52,8,-1,-1,-1,-1,-1,-1
2015460258741,1,9,0,5,0,8,0,0,0,0,3,1,6,2,25,5,2480,1,1,-1,1,-1
2015460258741,2,9,0,7,9,3,1,10,0,0,4,1,6,1,66,10,1984,1,-1,-1,3,-1
2015460258743,1,1,0,18,0,1,0,0,0,0,0,1,1,1,21,5,-1,-1,-1,-1,1,-1
2015460258744,1,17,0,18,0,6,0,0,0,0,4,1,1,2,59,9,-1,-1,-1,-1,1,-1
2015460258744,2,9,0,18,0,8,0,0,0,0,1,1,6,2,48,8,998,1,16,-1,3,-1
2015460258746,1,9,0,17,0,1,0,0,0,0,3,1,6,1,41,7,1753,2,6,-1,3,-1
2015460258746,2,9,0,16,0,1,0,0,0,0,3,1,2,2,43,7,1596,1,8,-1,1,-1
2015460258747,1,9,0,9,0,1,0,0,0,0,1,1,2,1,35,6,1968,2,-1,-1,1,-1
2015460258747,2,1,0,18,0,1,0,0,0,0,1,1,6,2,8,2,-1,-1,-1,-1,1,-1
2015460258749,1,9,0,18,0,1,1,0,0,0,1,1,6,2,20,4,999,1,-1,-1,1,-1
2015460258752,1,9,0,17,0,0,0,0,1,4,1,1,6,1,25,5,1596,1,11,-1,2,-1
2015460258754,1,9,0,9,0,6,0,0,0,0,3,1,6,1,66,10,1199,2,4,-1,3,-1
2015460258754,2,9,0,18,0,8,0,0,0,0,1,1,3,2,38,7,-1,-1,-1,-1,3,-1
2015460258757,1,9,0,6,0,0,0,0,0,0,3,1,6,1,59,9,1686,2,2,-1,1,-1
2015460258757,2,4,0,14,0,0,0,0,0,0,1,1,6,1,38,7,599,1,11,-1,3,-1
2015460258758,1,9,0,18,0,1,0,0,0,0,1,1,6,2,17,4,973,1,14,-1,-1,-1
2015460258758,2,9,0,7,0,6,0,0,0,0,2,1,6,1,17,4,1598,2,-1,-1,-1,-1
2015460258760,1,9,0,1,0,0,0,0,0,0,2,1,6,3,-1,-1,-1,-1,-1,-1,-1,-1
2015460258763,1,21,0,12,0,0,0,0,0,0,3,1,1,1,47,8,-1,-1,-1,-1,-1,-1
2015460258763,2,9,0,18,0,0,0,0,1,4,4,1,2,2,25,5,1399,2,7,-1,1,-1
2015460258766,1,9,0,4,0,0,0,0,0,0,1,1,6,1,69,10,2993,2,2,-1,3,-1
2015460258766,2,9,0,3,0,0,0,0,0,0,2,1,2,1,43,7,-1,-1,-1,-1,1,-1
2015460258766,3,9,0,3,0,0,0,0,0,0,2,1,6,2,40,7,1246,1,8,-1,1,-1
2015460258767,1,9,0,18,0,1,0,0,1,10,1,1,6,2,23,5,1995,1,8,-1,1,-1
2015460258767,2,9,0,18,0,1,0,0,0,0,1,1,6,2,23,5,1124,1,11,-1,3,-1
2015460258768,1,9,0,18,0,1,0,0,0,0,1,1,6,1,-1,-1,-1,-1,-1,-1,-1,-1
2015460258768,2,9,0,3,0,1,0,0,0,0,2,1,6,1,43,7,1396,1,13,-1,1,-1
2015460258769,1,19,0,7,0,2,0,0,0,0,1,1,2,2,47,8,-1,-1,-1,-1,-1,-1
2015460258769,2,1,0,18,0,8,0,0,0,0,4,1,6,1,-1,-1,-1,-1,-1,-1,-1,-1
2015460258772,1,5,0,18,0,0,1,0,0,0,1,1,6,1,23,5,-1,-1,-1,-1,1,-1
2015460258772,2,9,0,18,0,0,0,0,0,0,2,1,6,1,21,5,1149,1,16,-1,1,-1
2015460258778,1,9,0,18,0,0,0,0,0,0,1,1,6,1,34,6,1598,1,10,-1,1,-1
2015460258778,2,20,0,18,0,0,0,0,0,0,2,1,6,1,66,10,-1,-1,-1,-1,2,-1
2015460258778,3,9,0,18,0,0,0,0,1,0,2,1,6,2,29,6,1242,1,3,-1,1,-1
2015460258778,4,9,0,18,0,0,0,0,1,0,2,1,6,2,23,5,-1,-1,-1,-1,1,-1
2015460258782,1,9,0,9,9,5,0,0,7,10,1,1,6,2,81,11,1389,1,10,-1,-1,-1
2015460258785,1,9,0,18,9,0,0,0,0,0,1,1,6,2,69,10,1398,2,6,-1,3,-1
2015460258786,1,20,0,18,0,0,0,0,0,0,2,1,2,1,38,7,-1,-1,-1,-1,3,-1
2015460258786,2,20,0,18,0,0,0,0,0,0,1,1,2,1,61,9,-1,-1,-1,-1,1,-1
2015460258787,1,9,0,18,0,8,0,0,0,0,3,1,6,1,66,10,999,1,1,-1,1,-1
2015460258792,1,3,0,18,0,0,0,0,2,10,3,1,6,1,23,5,125,1,-1,-1,1,-1
2015460258794,1,19,0,4,0,0,0,0,0,0,1,1,1,1,22,5,2461,2,5,-1,-1,-1
2015460258794,2,9,0,4,0,0,0,0,0,0,2,1,6,2,38,7,1498,1,9,-1,-1,-1
2015460258794,3,9,0,4,0,0,0,0,0,0,2,1,6,1,34,6,1598,1,13,-1,1,-1
2015460258798,1,9,0,9,0,8,0,0,0,0,2,2,6,1,42,7,-1,-1,-1,-1,-1,-1
2015460258798,2,9,0,18,0,1,0,0,0,0,1,1,6,2,31,6,1242,1,1,-1,3,-1
2015460258800,1,9,0,9,0,8,0,0,0,0,1,1,6,1,-1,-1,-1,-1,-1,-1,1,-1
2015460258800,2,9,0,18,0,8,0,0,0,0,3,1,6,1,69,10,799,2,5,-1,3,-1
2015460258802,1,9,0,15,0,7,0,0,0,0,1,1,6,1,41,7,1124,1,14,-1,1,-1
2015460258802,2,9,0,18,0,1,0,0,0,0,4,1,6,1,46,8,1299,1,15,-1,3,-1
2015460258804,1,9,0,18,0,0,0,0,0,0,4,1,6,3,-1,-1,-1,-1,-1,-1,-1,-1
2015460258804,2,1,0,18,0,0,0,0,0,0,3,1,6,1,11,3,-1,-1,-1,-1,1,-1
2015460258806,1,9,0,5,0,1,0,0,0,0,1,1,6,3,-1,-1,-1,-1,-1,-1,-1,-1
2015460258809,1,9,0,18,0,3,0,0,0,0,1,1,6,1,25,5,-1,-1,-1,-1,1,-1
2015460258809,2,9,0,18,0,3,0,0,0,0,4,1,1,1,24,5,1560,2,2,-1,1,-1
2015460258816,1,11,0,17,0,0,0,0,0,0,1,1,1,2,49,8,9360,2,5,-1,1,-1
2015460258816,2,9,0,16,0,0,0,0,0,0,1,1,6,2,38,7,1995,2,3,-1,-1,-1
2015460258816,3,20,0,17,0,0,0,0,0,0,1,1,6,1,39,7,4250,2,9,-1,2,-1
2015460258827,1,20,4,12,0,0,0,0,0,0,3,2,1,1,23,5,-1,-1,-1,-1,-1,-1
2015460258827,2,9,0,18,0,0,0,0,0,0,4,1,6,1,48,8,1997,2,8,-1,-1,-1
2015460258829,1,9,0,18,0,3,0,0,0,0,1,1,1,1,28,6,-1,-1,-1,-1,1,-1
2015460258829,2,9,0,4,0,3,0,0,0,0,2,1,6,2,-1,-1,2993,2,1,-1,3,-1
2015460258830,1,9,0,18,0,8,0,0,7,7,0,1,6,3,-1,-1,1796,1,13,-1,1,-1
2015460258830,2,9,0,2,0,1,0,0,0,0,0,1,1,1,37,7,1968,2,1,-1,1,-1
2015460258832,1,9,0,18,0,1,0,0,0,0,1,1,2,2,27,6,1956,2,1,-1,3,-1
2015460258832,2,9,0,18,0,1,0,0,0,0,2,1,2,2,34,6,-1,-1,-1,-1,2,-1
2015460258836,1,9,0,18,0,8,1,0,1,4,4,1,6,1,82,11,1686,2,4,-1,1,-1
2015460258836,2,9,0,18,0,8,1,0,1,0,1,1,6,1,79,11,2926,2,11,-1,1,-1
2015460258840,1,9,0,18,0,0,2,0,2,10,1,1,6,1,28,6,1984,1,-1,-1,1,-1
2015460258840,2,9,0,4,0,0,0,0,0,0,1,1,6,1,73,10,1198,1,1,-1,2,-1
2015460258842,1,5,0,18,0,3,1,0,0,0,3,1,2,1,39,7,-1,-1,-1,-1,1,-1
2015460258846,1,9,0,7,0,1,0,0,0,0,1,1,6,2,56,9,2720,2,7,-1,1,-1
2015460258846,2,1,0,18,0,1,0,0,0,0,1,1,6,1,43,7,-1,-1,-1,-1,-1,-1
2015460258848,1,9,0,18,0,0,0,0,0,0,1,1,3,2,33,6,1240,1,9,-1,3,-1
2015460258848,2,9,0,18,0,0,0,0,0,0,1,1,2,2,29,6,1799,1,8,-1,2,-1
2015460258848,3,9,0,2,0,0,0,0,0,0,1,1,6,2,47,8,1793,1,11,-1,3,-1
2015460258848,4,20,0,2,0,0,0,0,0,0,1,1,6,1,51,8,-1,-1,-1,-1,3,-1
2015460258850,1,9,0,18,0,2,0,0,0,0,1,1,6,2,31,6,1560,2,8,-1,1,-1
2015460258852,1,1,0,18,0,0,0,0,1,0,0,1,6,2,72,10,-1,-1,-1,-1,2,-1
2015460258856,1,5,0,4,8,1,0,0,1,0,1,1,6,1,63,9,1170,1,2,-1,1,-1
2015460258856,2,9,0,4,0,1,0,0,0,0,2,1,6,2,33,6,2179,2,2,-1,3,-1
2015460258857,1,9,0,18,0,3,0,0,0,0,3,1,6,1,25,5,1995,2,13,-1,1,-1
2015460258857,2,9,0,5,0,4,0,0,0,0,4,1,6,2,33,6,1991,2,4,-1,1,-1
2015460258860,1,9,0,16,0,0,0,0,0,0,1,1,6,1,28,6,1896,2,14,-1,2,-1
2015460258860,2,9,0,17,0,0,0,0,0,0,1,1,6,1,23,5,-1,-1,-1,-1,2,-1
2015460258862,1,9,0,18,0,0,5,0,6,0,4,1,6,1,19,4,-1,-1,-1,-1,1,-1
2015460258863,1,9,0,18,0,0,0,0,0,0,4,1,6,3,-1,-1,-1,-1,-1,-1,-1,-1
2015460258865,1,9,0,18,0,8,0,0,1,2,1,1,6,1,50,8,-1,-1,-1,-1,-1,-1
2015460258868,1,9,0,9,0,5,0,0,0,0,3,1,1,2,58,9,1560,2,2,-1,1,-1
2015460258868,2,5,0,18,0,1,1,0,0,0,3,1,6,1,-1,-1,599,1,16,-1,1,-1
2015460258869,1,9,0,15,0,0,0,0,0,0,4,1,6,3,-1,-1,1560,2,4,-1,-1,-1
2015460258869,2,1,0,18,0,0,0,0,1,0,3,1,2,2,-1,-1,-1,-1,-1,-1,-1,-1
2015460258870,1,9,0,9,0,1,0,0,0,0,1,1,6,3,-1,-1,-1,-1,-1,-1,-1,-1
2015460258870,2,2,0,18,0,1,0,0,0,0,1,1,6,1,16,4,49,1,2,-1,3,-1
2015460258874,1,9,0,17,0,0,0,0,0,0,1,1,6,1,27,6,1390,1,9,-1,1,-1
2015460258874,2,9,0,16,0,0,0,0,0,0,1,1,6,1,55,8,1596,1,14,-1,2,-1
2015460258875,1,1,0,18,0,0,1,0,0,0,0,1,6,1,50,8,-1,-1,-1,-1,1,-1
2015460258880,1,1,0,18,0,0,0,0,0,0,3,1,6,1,16,4,-1,-1,-1,-1,1,-1
2015460258880,2,9,0,18,0,0,0,0,0,0,4,1,6,2,44,7,1794,1,11,-1,1,-1
2015460258882,1,9,0,9,0,6,0,0,0,0,1,1,6,2,46,8,1560,2,1,-1,1,-1
2015460258883,1,9,0,18,0,0,0,0,0,0,4,1,6,2,70,10,1299,1,12,-1,3,-1
2015460258884,1,2,0,17,0,0,0,0,0,0,1,1,1,1,23,5,125,1,2,-1,1,-1
2015460258885,1,9,0,16,0,0,0,0,1,10,4,1,6,1,66,10,-1,-1,-1,-1,-1,-1
2015460258890,1,9,0,18,0,0,1,0,1,10,1,1,6,2,34,6,1598,1,8,-1,1,-1
2015460258891,1,9,0,18,0,4,0,0,0,0,1,1,6,1,-1,-1,2000,1,9,-1,1,-1
2015460258891,2,9,0,18,0,4,1,0,0,0,3,1,2,2,37,7,1598,1,6,-1,3,-1
2015460258893,1,9,0,17,0,0,0,0,0,0,3,1,1,1,63,9,1560,2,2,-1,2,-1
2015460258893,2,9,0,16,0,0,0,0,1,0,3,1,6,1,28,6,1560,2,1,-1,1,-1
2015460258894,1,9,0,18,0,0,0,0,0,0,4,1,6,1,31,6,1999,1,13,-1,2,-1
2015460258896,1,1,0,18,0,2,1,0,0,0,1,1,6,1,68,10,-1,-1,-1,-1,1,-1
2015460258897,1,9,0,18,0,0,0,0,0,0,1,1,3,1,66,10,1595,1,6,-1,3,-1
2015460258898,1,9,0,7,0,6,0,0,0,0,1,1,2,1,51,8,1968,2,3,-1,1,-1
2015460258898,2,4,0,14,0,1,0,0,0,0,1,1,2,1,23,5,-1,-1,-1,-1,1,-1
2015460258901,1,9,0,2,0,0,0,0,0,0,1,1,2,1,46,8,2000,2,4,-1,1,-1
2015460258901,2,9,0,18,0,0,0,0,0,0,1,1,2,2,30,6,1596,1,4,-1,1,-1
2015460258901,3,20,0,18,9,0,0,0,0,0,3,1,6,1,41,7,2400,2,28,-1,1,-1
2015460258906,1,9,0,1,0,1,0,0,0,0,2,1,6,2,30,6,-1,-1,-1,-1,1,-1
2015460258906,2,5,0,2,0,1,0,4,0,0,4,1,6,1,38,7,599,1,16,-1,1,-1
2015460258909,1,9,0,9,0,4,0,0,0,0,1,1,6,3,-1,-1,-1,-1,-1,-1,-1,-1
2015460258909,2,9,0,3,0,3,0,0,0,0,2,1,6,2,24,5,1242,1,-1,-1,1,-1
2015460258912,1,11,0,18,0,0,0,0,0,0,1,1,1,2,-1,-1,3900,2,12,-1,1,-1
2015460258913,1,9,0,18,0,0,0,0,0,0,4,1,6,3,-1,-1,-1,-1,-1,-1,-1,-1
2015460258914,1,9,0,5,0,8,0,0,0,0,1,1,6,2,-1,-1,1598,2,2,-1,1,-1
2015460258915,1,9,0,18,0,0,0,0,0,0,4,1,6,3,-1,-1,1598,1,9,-1,-1,-1
2015460258918,1,9,0,4,0,1,1,0,1,0,1,1,6,1,36,7,1598,1,16,-1,-1,-1
2015460258918,2,9,0,10,0,1,0,0,0,0,2,1,2,2,38,7,2204,2,9,-1,1,-1
2015460258919,1,9,0,18,0,2,0,7,1,1,1,1,6,2,25,5,1598,2,4,-1,1,-1
2015460258920,1,3,0,5,0,1,0,0,0,0,1,1,1,1,24,5,124,1,11,-1,1,-1
2015460258920,2,9,0,1,0,1,0,0,0,0,2,1,6,1,26,6,1560,2,6,-1,1,-1
2015460258922,1,9,0,18,0,1,0,0,0,0,0,1,6,3,-1,-1,1998,2,11,-1,-1,-1
2015460258922,2,5,0,18,0,1,0,0,0,0,0,1,6,1,36,7,599,1,3,-1,-1,-1
2015460258924,1,9,0,1,0,8,0,0,0,0,2,1,6,2,51,8,1360,1,15,-1,1,-1
2015460258924,2,9,0,3,0,8,0,0,0,0,1,1,6,2,23,5,-1,-1,-1,-1,1,-1
2015460258926,1,9,0,16,1,0,5,0,0,0,1,1,6,1,39,7,1598,1,13,-1,-1,-1
2015460258935,1,9,0,7,0,1,0,0,0,0,1,1,6,1,81,11,2498,1,15,-1,1,-1
2015460258937,1,9,0,18,9,0,0,10,1,2,1,1,6,1,27,6,1598,2,4,-1,1,-1
2015460258945,1,5,0,16,0,0,1,10,7,6,3,1,6,1,44,7,1052,1,16,-1,1,-1
2015460258945,2,9,0,16,0,0,0,0,0,0,0,1,6,1,33,6,1896,2,15,-1,1,-1
2015460258947,1,9,0,18,0,0,0,7,7,10,1,1,6,1,27,6,1242,1,4,-1,2,-1
2015460258951,1,3,0,4,0,0,1,0,0,0,1,1,2,1,30,6,599,1,14,-1,2,-1
2015460258951,2,9,0,18,0,0,0,0,0,0,1,1,2,1,54,8,1998,2,8,-1,1,-1
2015460258956,1,9,0,18,0,4,0,0,0,0,1,1,6,3,-1,-1,-1,-1,-1,-1,-1,-1
2015460258956,2,1,0,9,0,8,0,0,0,0,4,1,6,1,16,4,-1,-1,-1,-1,1,-1
2015460258970,1,9,0,3,0,1,0,0,0,0,0,1,6,1,67,10,1686,2,10,-1,1,-1
2015460258971,1,21,0,16,0,1,0,0,0,0,4,1,6,1,65,9,12777,2,4,-1,1,-1
2015460258971,2,9,0,16,0,1,0,7,0,0,3,1,2,2,28,6,1910,2,9,-1,1,-1
2015460258972,1,4,0,4,0,2,0,0,0,0,1,1,6,1,17,4,124,1,-1,-1,2,-1
2015460258972,2,4,0,4,0,2,0,0,0,0,2,1,6,2,17,4,125,1,7,-1,1,-1
2015460258973,1,9,0,18,0,0,0,0,0,0,1,1,6,1,51,8,1998,2,12,-1,1,-1
2015460258973,2,1,0,18,0,0,0,4,0,0,4,1,2,1,15,3,-1,-1,-1,-1,1,-1
2015460258973,3,9,0,2,0,0,0,0,0,0,2,1,6,1,44,7,2926,2,13,-1,1,-1
2015460258974,1,1,0,18,9,2,0,0,0,0,1,1,2,1,53,8,-1,-1,-1,-1,1,-1
2015460258974,2,1,0,18,9,1,0,0,0,0,1,1,6,1,38,7,-1,-1,-1,-1,1,-1
2015460258982,1,19,0,4,0,1,1,0,0,0,1,1,1,1,33,6,1560,2,2,-1,1,-1
2015460258982,2,9,0,4,0,1,0,0,0,0,2,1,1,2,41,7,-1,-1,-1,-1,1,-1
2015460258985,1,9,0,18,0,0,1,0,0,0,1,1,6,1,23,5,1598,1,4,-1,3,-1
2015460258985,2,9,0,3,0,0,0,0,0,0,2,1,1,2,22,5,2495,2,17,-1,3,-1
2015460258988,1,9,0,9,9,5,0,0,0,0,4,1,6,2,61,9,1995,2,7,-1,1,-1
2015460258988,2,1,0,18,0,8,0,0,0,0,1,1,6,1,17,4,-1,-1,-1,-1,1,-1
2015460258990,1,9,0,18,0,0,0,0,0,0,3,1,6,3,-1,-1,-1,-1,-1,-1,-1,-1
2015460258990,2,9,0,18,0,0,0,0,0,0,3,1,2,1,46,8,1560,2,2,-1,1,-1
2015460259000,1,9,0,18,0,0,0,0,1,10,1,1,6,2,18,4,1149,1,10,-1,1,-1
2015460259002,1,9,0,18,0,1,0,0,0,0,1,1,6,2,38,7,1560,2,5,-1,1,-1
2015460259002,2,1,0,18,0,1,0,0,0,0,2,1,6,2,20,4,-1,-1,-1,-1,-1,-1
2015460259005,1,9,0,5,0,4,0,0,0,0,1,1,1,1,62,9,1998,2,9,-1,1,-1
2015460259005,2,1,0,18,0,8,0,0,0,0,4,1,6,1,69,10,-1,-1,-1,-1,1,-1
2015460259008,1,11,0,3,0,1,0,0,0,0,0,1,1,1,-1,-1,9000,2,6,-1,1,-1
2015460259010,1,3,0,16,0,2,1,0,0,0,0,1,2,1,34,6,124,1,1,-1,1,-1
2015460259013,1,11,0,5,0,1,0,0,0,0,1,1,1,1,41,7,4580,2,7,-1,1,-1
2015460259013,2,9,0,8,0,1,0,0,0,0,2,1,6,2,36,7,1896,2,6,-1,3,-1