Accident_Index,Vehicle_Reference,Vehicle_Type,Towing_and_Articulation,Vehicle_Manoeuvre,Vehicle_Location-Restricted_Lane,Junction_Location,Skidding_and_Overturning,Hit_Object_in_Carriageway,Vehicle_Leaving_Carriageway,Hit_Object_off_Carriageway,1st_Point_of_Impact,Was_Vehicle_Left_Hand_Drive?,Journey_Purpose_of_Driver,Sex_of_Driver,Age_of_Driver,Age_Band_of_Driver,Engine_Capacity_(CC),Propulsion_Code,Age_of_Vehicle,Driver_IMD_Decile,Driver_Home_Area_Type,Vehicle_IMD_Decile
2015460259020,1,2,0,9,0,8,1,0,0,0,1,1,6,1,17,4,49,1,6,-1,2,-1
2015460259022,1,9,0,18,0,0,0,0,1,4,1,1,6,2,87,11,1229,1,7,-1,1,-1
2015460259025,1,9,0,16,0,2,1,0,1,9,1,1,6,2,25,5,1199,1,16,-1,3,-1
2015460259026,1,9,0,18,0,1,0,0,0,0,1,1,6,3,-1,-1,-1,-1,-1,-1,-1,-1
2015460259030,1,9,0,17,0,0,0,4,0,0,1,1,6,3,-1,-1,1984,1,12,-1,-1,-1
2015460259030,2,9,0,2,0,0,0,0,0,0,1,1,6,1,42,7,1596,1,15,-1,1,-1
2015460259031,1,3,0,18,0,1,0,0,1,4,1,1,2,1,36,7,125,1,13,-1,1,-1
2015460259031,2,11,0,17,0,1,0,0,0,0,2,1,1,1,56,9,6700,2,7,-1,1,-1
2015460259032,1,9,0,17,0,0,0,0,1,10,4,1,6,2,52,8,1389,1,11,-1,1,-1
2015460259033,1,9,0,18,0,0,0,0,0,0,4,1,6,3,-1,-1,-1,-1,-1,-1,-1,-1
2015460259034,1,9,0,18,0,0,0,0,0,0,1,1,6,1,56,9,1994,1,9,-1,2,-1
2015460259034,2,19,0,18,0,0,0,0,0,0,2,1,1,1,47,8,2402,2,8,-1,1,-1
2015460259037,1,9,0,18,0,2,0,0,0,0,1,1,1,2,41,7,1299,1,14,-1,2,-1
2015460259039,1,5,0,18,0,1,0,0,0,0,1,1,6,1,29,6,500,1,17,-1,1,-1
2015460259039,2,9,0,10,0,2,0,0,0,0,2,1,6,2,32,6,1870,2,10,-1,1,-1
2015460259040,1,9,0,12,0,8,0,0,0,0,1,1,6,1,73,10,1598,2,2,-1,2,-1
2015460259040,2,9,0,4,0,8,0,0,0,0,2,1,6,1,57,9,-1,-1,-1,-1,1,-1
2015460259042,1,19,0,1,0,1,0,0,0,0,2,1,1,1,29,6,2298,2,-1,-1,-1,-1
2015460259042,2,9,0,4,0,2,0,0,0,0,1,1,6,1,18,4,998,1,12,-1,-1,-1
2015460259048,1,9,0,18,0,0,0,0,0,0,1,1,2,2,23,5,1229,1,10,-1,2,-1
2015460259048,2,9,0,18,0,0,0,0,0,0,3,1,6,1,46,8,1461,2,2,-1,3,-1
2015460259050,1,9,0,4,0,7,0,0,0,0,1,1,6,1,52,8,1686,2,3,-1,1,-1
2015460259050,2,9,0,4,0,7,0,0,0,0,1,1,2,2,41,7,1796,1,11,-1,1,-1
2015460259050,3,9,0,12,0,7,0,0,0,0,2,1,6,1,45,7,1998,1,11,-1,1,-1
2015460259053,1,9,0,9,0,6,0,0,0,0,3,1,3,2,50,8,1994,2,14,-1,2,-1
2015460259053,2,1,0,9,0,8,0,0,0,0,3,1,1,2,48,8,-1,-1,-1,-1,2,-1
2015460259062,1,3,0,16,0,0,0,0,0,0,3,1,2,1,36,7,125,1,2,-1,2,-1
2015460259073,1,9,0,17,0,1,0,0,0,0,3,1,6,2,58,9,1329,1,3,-1,1,-1
2015460259073,2,1,0,18,0,1,0,0,0,0,1,1,6,1,10,2,-1,-1,-1,-1,2,-1
2015460259077,1,9,0,17,0,0,1,0,0,0,1,1,6,1,20,4,1398,2,7,-1,-1,-1
2015460259077,2,9,0,2,0,0,0,0,1,0,2,1,6,1,36,7,1781,1,13,-1,1,-1
2015460259077,3,9,0,2,0,0,0,0,0,0,2,1,6,1,-1,-1,1598,1,15,-1,-1,-1
2015460259080,1,9,0,18,0,1,0,0,0,0,1,1,1,1,40,7,-1,-1,-1,-1,1,-1
2015460259080,2,9,0,10,0,8,0,0,0,0,2,1,6,2,26,6,1124,1,11,-1,1,-1
2015460259081,1,19,0,9,0,6,1,0,7,10,1,1,1,2,58,9,2198,2,4,-1,2,-1
2015460259081,2,19,0,18,0,1,0,0,7,10,4,1,1,1,20,4,1753,2,5,-1,1,-1
2015460259082,1,9,0,18,0,0,0,0,0,0,4,1,6,1,42,7,1951,2,11,-1,1,-1
2015460259085,1,9,0,18,0,0,5,0,1,2,1,1,2,2,23,5,998,1,14,-1,1,-1
2015460259086,1,9,0,18,0,8,0,0,0,0,1,1,6,3,-1,-1,2179,2,1,-1,1,-1
2015460259086,2,1,0,18,0,6,0,0,0,0,3,1,6,1,14,3,-1,-1,-1,-1,1,-1
2015460259096,1,9,0,16,0,0,1,0,7,0,3,1,6,3,-1,-1,1396,1,10,-1,-1,-1
2015460259096,2,19,0,17,0,0,0,0,0,0,3,1,1,1,46,8,1968,2,2,-1,1,-1
2015460259099,1,9,0,18,0,0,0,0,0,0,1,1,6,3,-1,-1,1149,1,14,-1,-1,-1
2015460259099,2,9,0,3,0,0,0,0,0,0,2,1,6,2,19,4,1229,1,8,-1,1,-1
2015460259101,1,9,0,18,0,0,0,0,0,0,0,1,6,3,-1,-1,-1,-1,-1,-1,-1,-1
2015460259103,1,9,0,9,0,4,0,0,0,0,1,1,2,1,58,9,-1,-1,-1,-1,1,-1
2015460259103,2,9,0,7,0,3,0,0,0,0,1,1,2,2,33,6,1968,2,3,-1,1,-1
2015460259106,1,9,0,9,0,5,0,0,0,0,4,1,2,2,23,5,1390,1,1,-1,-1,-1
2015460259106,2,9,0,18,0,8,0,0,0,0,1,1,6,1,33,6,1995,2,11,-1,-1,-1
2015460259114,1,9,0,14,0,0,0,0,0,0,4,1,6,1,28,6,1988,1,21,-1,1,-1
2015460259114,2,9,0,3,0,0,0,0,0,0,3,1,6,2,25,5,1598,1,13,-1,1,-1
2015460259118,1,9,0,18,0,0,0,0,0,0,1,1,6,1,20,4,1124,1,13,-1,2,-1
2015460259118,2,9,0,3,0,0,0,0,0,0,2,1,6,1,32,6,1951,2,13,-1,1,-1
2015460259121,1,9,0,1,0,0,0,0,0,0,2,1,1,1,37,7,-1,-1,-1,-1,1,-1
2015460259121,2,9,0,4,0,0,0,0,0,0,1,1,6,2,38,7,1587,1,12,-1,3,-1
2015460259125,1,9,0,18,0,1,0,0,0,0,1,1,6,3,-1,-1,1995,2,10,-1,-1,-1
2015460259125,2,9,0,9,0,1,0,0,0,0,2,1,6,1,29,6,1998,2,13,-1,1,-1
2015460259138,1,5,0,18,0,0,0,0,1,9,4,1,6,1,43,7,1002,1,16,-1,1,-1
2015460259139,1,9,0,18,0,1,0,0,0,0,1,1,6,3,-1,-1,1498,1,15,-1,-1,-1
2015460259139,2,9,0,3,0,1,0,0,0,0,2,1,6,2,39,7,1596,1,-1,-1,1,-1
2015460259141,1,9,0,4,0,0,0,0,0,0,4,1,6,1,55,8,1341,1,11,-1,1,-1
2015460259142,1,9,0,9,0,6,0,0,0,0,1,1,6,3,-1,-1,2000,2,8,-1,-1,-1
2015460259142,2,9,0,18,0,8,0,0,0,0,4,1,6,1,35,6,1598,1,12,-1,2,-1
2015460259143,1,20,0,18,0,0,0,0,0,0,1,1,1,1,20,4,-1,-1,-1,-1,1,-1
2015460259143,2,20,0,18,0,0,0,0,0,0,2,1,1,1,38,7,-1,-1,-1,-1,1,-1
2015460259144,1,19,0,9,0,6,0,0,0,0,0,1,1,1,48,8,2287,2,2,-1,2,-1
2015460259144,2,11,0,18,0,1,0,0,0,0,0,1,1,2,37,7,4580,2,6,-1,1,-1
2015460259145,1,19,0,18,0,0,2,0,1,4,4,1,2,1,22,5,1995,2,7,-1,1,-1
2015460259145,2,19,0,18,0,0,2,0,2,4,3,1,2,1,25,5,2402,2,6,-1,1,-1
2015460259146,1,9,0,18,0,0,0,0,7,0,1,1,6,2,18,4,1296,1,7,-1,3,-1
2015460259147,1,19,0,18,0,0,0,0,0,0,1,1,2,1,33,6,1968,2,1,-1,1,-1
2015460259147,2,9,0,12,0,0,0,0,0,0,4,1,1,2,40,7,1149,1,4,-1,1,-1
2015460259149,1,9,0,9,0,6,0,0,0,0,3,1,1,2,-1,-1,1242,1,8,-1,1,-1
2015460259149,2,9,0,18,0,8,0,0,0,0,1,1,6,2,57,9,998,1,1,-1,1,-1
2015460259155,1,9,0,18,0,1,0,0,0,0,1,1,6,1,33,6,1798,1,14,-1,3,-1
2015460259155,2,9,0,3,0,1,0,0,0,0,2,1,6,1,62,9,2993,2,1,-1,3,-1
2015460259155,3,9,0,3,0,2,0,0,0,0,2,1,6,2,36,7,1968,2,3,-1,1,-1
2015460259156,1,9,0,16,0,2,0,0,0,0,1,1,6,1,18,4,1299,1,14,-1,1,-1
2015460259156,2,19,0,10,0,1,0,0,0,0,1,1,2,1,25,5,2464,2,8,-1,1,-1
2015460259157,1,9,0,9,0,5,0,0,0,0,1,1,6,1,52,8,1398,1,2,-1,1,-1
2015460259160,1,19,0,18,0,8,1,0,1,0,1,1,1,1,41,7,1998,2,10,-1,1,-1
2015460259160,2,9,0,3,0,1,0,0,0,0,2,1,1,2,30,6,998,1,-1,-1,1,-1
2015460259165,1,5,0,5,0,1,0,0,0,0,4,1,6,1,40,7,498,1,11,-1,1,-1
2015460259165,2,1,0,18,0,1,0,0,0,0,3,1,6,1,19,4,-1,-1,-1,-1,1,-1
2015460259166,1,9,0,9,0,6,0,0,0,0,1,1,6,1,17,4,1364,1,10,-1,2,-1
2015460259166,2,8,0,18,0,8,0,0,0,0,1,1,6,1,34,6,1998,2,11,-1,1,-1
2015460259167,1,9,0,18,0,0,1,0,0,0,1,1,2,1,54,8,2830,2,20,-1,1,-1
2015460259167,2,9,0,3,0,0,0,0,0,0,2,1,1,1,51,8,2143,2,5,-1,1,-1
2015460259172,1,19,0,6,0,0,0,0,0,0,4,1,1,1,52,8,2402,2,5,-1,1,-1
2015460259172,2,4,0,18,0,0,0,0,0,0,3,1,2,1,18,4,124,1,9,-1,1,-1
2015460259173,1,3,0,18,0,2,0,0,0,0,1,1,6,1,21,5,125,1,1,-1,1,-1
2015460259173,2,8,0,3,0,2,0,0,0,0,2,1,6,1,43,7,1997,2,1,-1,2,-1
2015460259175,1,9,0,6,0,6,0,0,0,0,0,1,1,1,24,5,-1,-1,-1,-1,2,-1
2015460259175,2,5,0,4,0,1,1,0,0,0,4,1,1,1,57,9,750,1,13,-1,3,-1
2015460259176,1,9,0,13,0,8,0,0,0,0,1,1,6,1,26,6,1596,1,15,-1,1,-1
2015460259176,2,9,0,18,0,8,0,0,0,0,1,1,6,2,45,7,1749,1,13,-1,1,-1
2015460259176,3,9,0,18,0,8,0,0,0,0,1,1,6,1,71,10,2179,2,1,-1,1,-1
2015460259177,1,9,0,18,0,0,0,4,0,0,1,1,1,1,33,6,1796,1,11,-1,1,-1
2015460259177,2,9,0,2,0,0,0,0,0,0,1,1,6,1,41,7,1968,2,3,-1,1,-1
2015460259177,3,9,0,2,0,0,0,0,0,0,2,1,6,2,49,8,999,1,7,-1,1,-1
2015460259179,1,9,0,18,0,0,0,0,0,0,1,1,6,1,49,8,1395,1,1,-1,2,-1
2015460259179,2,9,0,18,0,0,0,0,0,0,3,1,6,1,62,9,1968,2,-1,-1,1,-1
2015460259179,3,9,0,18,0,0,1,0,1,0,1,1,6,1,28,6,-1,-1,-1,-1,1,-1
2015460259179,4,19,0,18,0,0,1,0,0,0,3,1,6,1,27,6,1910,2,14,-1,1,-1
2015460259179,5,9,0,18,0,0,1,0,0,0,0,1,6,2,23,5,1242,1,12,-1,3,-1
2015460259179,6,21,1,18,0,0,0,0,0,0,0,1,6,1,40,7,-1,-1,-1,-1,-1,-1
2015460259182,1,9,0,1,0,0,0,0,0,0,4,1,6,1,25,5,1560,2,1,-1,1,-1
2015460259182,2,9,0,18,0,0,0,0,0,0,1,1,6,2,57,9,1299,1,7,-1,-1,-1
2015460259183,1,9,0,4,0,8,0,0,0,0,1,1,6,1,17,4,1360,1,9,-1,-1,-1
2015460259183,2,9,0,3,0,8,0,0,0,0,2,1,6,1,32,6,1198,1,3,-1,-1,-1
2015460259183,3,9,0,3,0,8,0,0,0,0,2,1,6,1,48,8,-1,-1,-1,-1,-1,-1
2015460259184,1,9,0,16,0,0,0,0,7,10,1,1,6,1,17,4,1598,1,12,-1,1,-1
2015460259189,1,19,0,18,0,8,0,0,0,0,1,1,6,3,-1,-1,-1,-1,-1,-1,-1,-1
2015460259189,2,9,0,4,0,2,0,0,0,0,2,1,3,2,48,8,1339,1,6,-1,3,-1
2015460259192,1,9,0,9,0,6,0,0,0,0,1,1,2,1,31,6,1560,2,3,-1,1,-1
2015460259192,2,1,0,13,0,1,0,0,0,0,1,1,2,1,38,7,-1,-1,-1,-1,1,-1
2015460259196,1,9,0,9,0,6,0,0,0,0,1,1,6,1,-1,-1,1997,2,11,-1,1,-1
2015460259196,2,9,0,18,0,8,0,0,0,0,4,1,6,1,54,8,1956,2,-1,-1,1,-1
2015460259198,1,9,0,18,0,0,0,0,0,0,1,1,6,1,20,4,2143,2,6,-1,-1,-1
2015460259198,2,9,0,18,0,0,0,0,0,0,2,1,6,1,30,6,1997,2,3,-1,-1,-1
2015460259199,1,9,0,18,0,6,0,0,0,0,3,1,6,1,75,10,1598,1,4,-1,1,-1
2015460259199,2,9,0,18,0,1,0,0,1,0,1,1,6,2,27,6,1910,2,6,-1,3,-1
2015460259203,1,9,0,18,0,1,0,0,0,0,1,1,6,1,40,7,-1,-1,-1,-1,-1,-1
2015460259203,2,9,0,3,0,1,0,0,0,0,2,1,6,1,56,9,1598,1,11,-1,1,-1
2015460259205,1,3,0,18,0,0,0,0,0,0,1,1,6,1,19,4,124,1,-1,-1,1,-1
2015460259205,2,9,0,18,0,0,0,0,0,0,2,1,6,1,34,6,2616,1,9,-1,1,-1
2015460259209,1,1,0,18,0,0,0,0,0,0,1,1,4,1,13,3,-1,-1,-1,-1,1,-1
2015460259209,2,9,0,18,0,0,0,0,0,0,4,1,6,2,21,5,1299,1,14,-1,1,-1
2015460259210,1,9,0,18,0,0,0,4,1,0,1,1,6,1,71,10,-1,-1,-1,-1,3,-1
2015460259210,2,9,0,2,0,0,0,0,1,10,2,1,6,1,68,10,2387,2,8,-1,1,-1
2015460259210,3,9,0,2,9,0,0,0,0,0,2,1,6,1,41,7,5000,1,1,-1,1,-1
2015460259211,1,9,0,18,0,1,0,0,1,10,1,1,2,2,56,9,1248,1,7,-1,3,-1
2015460259213,1,9,0,7,0,5,0,0,0,0,4,1,6,2,58,9,1781,1,10,-1,1,-1
2015460259213,2,1,0,15,0,8,0,0,0,0,1,1,6,1,19,4,-1,-1,-1,-1,1,-1
2015460259214,1,9,0,18,0,0,0,0,0,0,4,1,6,2,43,7,1753,2,13,-1,1,-1
2015460259214,2,9,0,2,0,0,0,0,0,0,3,1,3,1,46,8,1598,1,8,-1,-1,-1
2015460259215,1,9,0,18,0,0,0,0,0,0,4,1,6,3,-1,-1,-1,-1,-1,-1,-1,-1
2015460259216,1,1,0,18,0,1,0,0,0,0,3,1,6,1,21,5,-1,-1,-1,-1,1,-1
2015460259216,2,9,0,18,0,2,0,0,0,0,1,1,6,1,71,10,1968,2,8,-1,1,-1
2015460259218,1,9,0,3,0,1,0,0,0,0,1,1,6,1,30,6,1596,1,7,-1,1,-1
2015460259218,2,9,0,18,0,1,0,0,0,0,2,1,6,2,46,8,1995,2,7,-1,1,-1
2015460259221,1,8,0,5,0,1,0,0,0,0,4,1,1,1,35,6,1995,2,1,-1,1,-1
2015460259221,2,8,0,5,0,8,0,0,0,0,1,1,1,1,35,6,-1,-1,-1,-1,1,-1
2015460259222,1,9,0,12,0,3,0,0,0,0,3,1,2,1,22,5,2000,2,9,-1,1,-1
2015460259222,2,9,0,18,0,3,0,0,0,0,4,1,2,1,42,7,-1,-1,-1,-1,1,-1
2015460259223,1,9,0,18,0,2,1,0,7,4,1,1,6,1,57,9,1840,1,14,-1,-1,-1
2015460259226,1,9,0,5,0,6,0,0,0,0,3,1,6,1,43,7,1796,1,13,-1,1,-1
2015460259226,2,9,0,17,0,8,0,0,0,0,1,1,6,1,71,10,1596,1,7,-1,1,-1
2015460259229,1,9,0,18,0,0,0,0,0,0,1,1,6,2,-1,-1,2143,2,-1,-1,1,-1
2015460259229,2,9,0,18,0,0,0,0,0,0,2,1,6,1,43,7,1685,2,1,-1,3,-1
2015460259230,1,1,0,18,5,0,0,0,0,0,0,1,6,1,40,7,-1,-1,-1,-1,1,-1
2015460259234,1,9,0,9,0,6,0,0,0,0,1,1,6,3,-1,-1,-1,-1,-1,-1,-1,-1
2015460259234,2,9,0,18,0,8,0,0,0,0,3,1,6,1,22,5,1596,1,13,-1,3,-1
2015460259236,1,1,0,16,0,2,0,0,0,0,1,1,6,1,22,5,-1,-1,-1,-1,1,-1
2015460259237,1,9,0,18,0,1,0,0,0,0,1,1,6,1,33,6,1896,2,13,-1,1,-1
2015460259237,2,9,0,3,0,1,0,0,0,0,2,1,6,2,25,5,2688,2,12,-1,1,-1
2015460259240,1,9,0,9,0,6,0,0,0,0,1,1,6,1,80,11,1240,1,7,-1,1,-1
2015460259240,2,5,0,18,0,1,0,0,0,0,1,1,6,1,43,7,1600,1,4,-1,1,-1
2015460259240,3,5,0,18,0,1,1,0,0,0,1,1,6,1,44,7,1731,1,3,-1,1,-1
2015460259241,1,5,0,15,0,0,0,0,0,0,3,1,6,1,56,9,-1,-1,-1,-1,3,-1
2015460259241,2,9,0,9,0,0,0,0,0,0,4,1,6,1,46,8,1364,1,7,-1,1,-1
2015460259243,1,9,0,5,0,0,0,0,0,0,1,1,6,2,43,7,996,1,2,-1,1,-1
2015460259243,2,9,0,18,0,0,0,0,0,0,1,1,1,1,50,8,2191,2,2,-1,2,-1
2015460259244,1,9,0,18,0,0,0,0,0,0,1,1,6,2,33,6,1598,1,12,-1,1,-1
2015460259245,1,9,0,1,0,0,0,0,0,0,2,1,6,3,-1,-1,1596,1,14,-1,-1,-1
2015460259245,2,9,0,18,0,0,0,0,0,0,1,1,6,2,45,7,1596,1,16,-1,1,-1
2015460259246,1,9,0,18,0,0,0,0,0,0,1,2,1,1,41,7,-1,-1,-1,-1,-1,-1
2015460259246,2,9,0,4,0,0,0,0,0,0,2,1,2,1,53,8,1798,1,3,-1,1,-1
2015460259246,3,9,0,3,0,0,0,0,0,0,2,1,2,2,66,10,1995,2,7,-1,1,-1
2015460259246,4,9,0,3,0,0,0,0,0,0,2,1,2,1,35,6,1753,2,6,-1,1,-1
2015460259246,5,9,0,4,0,0,0,0,0,0,1,1,2,1,17,4,998,1,-1,-1,1,-1
2015460259251,1,9,0,16,0,0,0,0,0,0,0,1,1,1,22,5,1360,1,13,-1,3,-1
2015460259256,1,9,0,18,0,0,0,0,0,0,1,1,1,1,21,5,1198,1,10,-1,2,-1
2015460259256,2,9,0,5,8,0,0,0,0,0,3,1,1,1,54,8,-1,-1,-1,-1,3,-1
2015460259256,3,9,0,18,0,0,0,0,0,0,4,1,1,2,69,10,1386,1,3,-1,2,-1
2015460259257,1,1,0,18,0,0,0,0,0,0,0,1,6,2,52,8,-1,-1,-1,-1,1,-1
2015460259260,1,9,0,10,0,6,0,0,0,0,0,1,6,1,27,6,1149,1,4,-1,1,-1
2015460259260,2,3,0,18,0,1,0,0,0,0,0,1,6,1,35,6,124,1,7,-1,2,-1
2015460259261,1,9,0,1,9,1,0,0,0,0,2,1,1,1,31,6,1968,2,2,-1,-1,-1
2015460259265,1,9,0,18,0,8,0,0,0,0,3,1,6,3,-1,-1,-1,-1,-1,-1,-1,-1
2015460259265,2,1,0,7,0,6,0,0,0,0,1,1,6,1,22,5,-1,-1,-1,-1,1,-1
2015460259266,1,9,0,9,0,6,0,0,0,0,1,1,6,2,27,6,999,1,1,-1,1,-1
2015460259266,2,9,0,18,0,8,0,0,0,0,1,1,6,1,40,7,1968,2,7,-1,1,-1
2015460259269,1,9,0,9,0,5,0,0,0,0,4,1,6,3,-1,-1,1895,1,14,-1,-1,-1
2015460259269,2,1,0,18,0,8,0,0,1,0,3,1,6,1,26,6,-1,-1,-1,-1,1,-1
2015460259270,1,9,0,18,0,8,0,0,1,0,1,1,6,2,23,5,1149,1,11,-1,3,-1
2015460259277,1,9,0,7,0,6,0,0,0,0,2,1,6,1,45,7,1299,1,9,-1,1,-1
2015460259277,2,1,0,18,0,8,1,0,0,0,2,1,6,1,19,4,-1,-1,-1,-1,1,-1
2015460259280,1,9,0,18,0,0,5,4,7,10,4,1,6,1,20,4,998,1,10,-1,1,-1
2015460259280,2,9,0,2,0,0,0,0,0,0,2,1,6,2,56,9,1398,1,3,-1,1,-1
2015460259281,1,9,0,18,0,0,0,0,0,0,1,1,6,2,-1,-1,-1,-1,-1,-1,-1,-1
2015460259285,1,19,0,18,0,8,0,0,0,0,4,1,6,1,-1,-1,1248,2,8,-1,1,-1
2015460259285,2,9,0,18,0,8,0,0,0,0,3,1,6,2,47,8,2231,2,2,-1,1,-1
2015460259294,1,21,0,18,0,0,0,0,0,0,1,1,1,1,34,6,12900,2,8,-1,3,-1
2015460259294,2,9,0,18,0,0,0,0,0,0,2,1,6,2,66,10,1389,1,12,-1,1,-1
2015460259295,1,9,0,18,0,2,0,0,0,0,1,1,6,2,30,6,1998,1,9,-1,1,-1
2015460259299,1,9,0,4,0,0,0,0,0,0,1,1,2,1,22,5,2967,1,16,-1,3,-1
2015460259299,2,9,0,4,0,0,0,0,0,0,2,1,6,2,65,9,998,1,4,-1,1,-1
2015460259299,3,9,0,4,0,0,0,0,0,0,2,1,6,2,45,7,1422,2,5,-1,1,-1
2015460259299,4,9,0,4,0,0,0,0,0,0,2,1,6,2,39,7,2231,2,6,-1,1,-1
2015460259300,1,9,0,18,0,0,0,0,1,9,1,1,6,2,66,10,1497,1,9,-1,3,-1
2015460259301,1,9,0,18,0,3,5,10,4,6,3,1,1,2,29,6,1149,1,9,-1,1,-1
2015460259303,1,9,0,18,0,1,0,0,0,0,1,1,6,2,35,6,1229,1,2,-1,1,-1
2015460259303,2,9,0,14,0,2,0,0,0,0,1,1,6,1,49,8,998,1,6,-1,1,-1
2015460259310,1,9,0,5,0,6,0,0,0,0,3,1,6,1,81,11,1999,1,9,-1,1,-1
2015460259310,2,2,0,18,0,1,0,0,0,0,1,1,6,1,16,4,49,1,6,-1,1,-1
2015460259315,1,9,0,9,0,8,0,0,0,0,3,1,6,2,25,5,1397,1,7,-1,1,-1
2015460259315,2,9,0,18,0,8,0,0,0,0,1,1,6,2,31,6,1598,1,10,-1,1,-1
2015460259316,1,9,0,4,0,0,0,0,0,0,2,1,6,2,30,6,1910,2,8,-1,1,-1
2015460259316,2,9,0,4,0,0,0,0,0,0,2,1,6,2,51,8,1598,1,2,-1,1,-1
2015460259316,3,9,0,18,0,0,1,0,0,0,1,1,6,2,25,5,1598,1,10,-1,1,-1
2015460259317,1,9,0,18,0,1,0,0,0,0,1,1,6,2,57,9,1229,1,7,-1,3,-1
2015460259317,2,9,0,3,0,1,0,0,0,0,2,1,6,2,39,7,1595,1,9,-1,1,-1
2015460259325,1,9,0,5,0,1,0,0,0,0,1,1,1,1,64,9,1797,8,5,-1,1,-1
2015460259325,2,1,0,4,0,1,0,0,0,0,4,1,1,2,40,7,-1,-1,-1,-1,1,-1
2015460259326,1,19,0,18,0,4,0,0,0,0,1,1,1,1,61,9,1868,2,9,-1,1,-1
2015460259326,2,1,0,18,0,4,0,0,0,0,2,1,1,1,53,8,-1,-1,-1,-1,1,-1
2015460259328,1,1,0,18,0,0,0,0,0,0,1,1,2,1,21,5,-1,-1,-1,-1,1,-1
2015460259328,2,9,0,4,0,0,1,0,0,0,1,1,2,1,20,4,1896,2,10,-1,1,-1
2015460259332,1,9,0,18,0,1,0,0,0,0,3,1,1,3,-1,-1,-1,-1,-1,-1,-1,-1
2015460259332,2,1,0,18,9,6,0,0,0,0,3,1,1,1,20,4,-1,-1,-1,-1,1,-1
2015460259337,1,1,0,18,0,0,0,0,0,0,1,1,6,2,24,5,-1,-1,-1,-1,1,-1
2015460259341,1,9,0,17,0,0,0,0,1,9,1,1,6,2,17,4,1299,1,10,-1,3,-1
2015460259342,1,9,0,3,0,1,0,0,0,0,2,1,2,2,51,8,1781,1,13,-1,1,-1
2015460259342,2,9,0,5,0,1,0,0,0,0,1,1,1,1,59,9,-1,-1,-1,-1,1,-1
2015460259342,3,9,0,18,0,1,0,0,0,0,1,1,2,2,64,9,1781,1,11,-1,1,-1
2015460259345,1,1,0,18,0,0,0,0,0,0,1,1,6,1,49,8,-1,-1,-1,-1,1,-1
2015460259347,1,9,0,18,0,7,1,0,0,0,1,1,2,2,25,5,998,1,2,-1,1,-1
2015460259347,2,9,0,3,0,1,0,0,0,0,2,1,2,2,23,5,1368,1,2,-1,1,-1
2015460259347,3,9,0,3,0,1,0,0,0,0,2,1,2,2,26,6,998,1,1,-1,-1,-1
2015460259349,1,9,0,18,0,3,0,0,0,0,1,1,2,1,31,6,-1,-1,-1,-1,1,-1
2015460259349,2,19,0,18,0,3,0,0,0,0,2,1,2,1,39,7,1248,2,10,-1,1,-1
2015460259349,3,9,0,18,0,1,0,0,0,0,0,1,1,1,39,7,1560,2,2,-1,1,-1
2015460259351,1,9,0,2,0,0,0,0,0,0,3,1,6,1,-1,-1,2401,2,13,-1,-1,-1
2015460259351,2,11,0,4,0,0,0,0,0,0,4,1,1,1,27,6,4461,2,2,-1,-1,-1
2015460259352,1,9,0,18,0,0,1,0,0,0,1,1,6,1,24,5,1796,1,16,-1,1,-1
2015460259352,2,9,0,3,0,0,0,0,0,0,2,1,6,2,24,5,1398,2,12,-1,1,-1
2015460259352,3,9,0,3,0,0,0,0,0,0,2,1,6,2,52,8,1108,1,12,-1,1,-1
2015460259352,4,9,0,3,0,0,0,0,0,0,2,1,6,1,27,6,2198,2,9,-1,2,-1
2015460259353,1,9,0,16,0,0,1,0,0,0,1,1,6,1,17,4,1242,1,7,-1,2,-1
2015460259353,2,9,0,17,0,0,0,0,0,0,1,1,6,1,70,10,1198,1,1,-1,2,-1
2015460259353,3,9,0,17,0,0,0,0,0,0,1,1,6,2,38,7,1124,1,13,-1,3,-1
2015460259354,1,19,0,2,0,0,0,0,0,0,0,1,1,1,-1,-1,2464,2,7,-1,1,-1
2015460259354,2,9,0,18,0,0,0,0,0,0,1,1,1,1,54,8,-1,-1,-1,-1,1,-1
2015460259356,1,9,0,16,0,0,0,0,7,7,1,1,6,2,18,4,1229,1,10,-1,1,-1
2015460259358,1,90,0,6,0,8,0,0,0,0,1,1,6,3,-1,-1,-1,-1,-1,-1,-1,-1
2015460259358,2,9,0,3,0,1,0,0,0,0,2,1,6,2,39,7,1360,1,12,-1,1,-1
2015460259361,1,19,0,18,0,0,0,0,0,0,3,1,1,1,63,9,2287,2,7,-1,1,-1
2015460259361,2,9,0,18,0,0,0,0,0,0,3,1,6,2,38,7,1560,2,3,-1,1,-1
2015460259363,1,9,0,17,0,0,0,0,1,4,1,1,6,2,28,6,1242,1,12,-1,-1,-1
2015460259364,1,9,0,18,0,0,0,0,0,0,1,1,6,1,73,10,2987,2,2,-1,-1,-1
2015460259364,2,20,0,18,0,0,0,0,0,0,2,1,6,1,-1,-1,-1,-1,-1,-1,-1,-1
2015460259364,3,9,0,18,0,0,0,0,0,0,2,1,6,1,36,7,6208,1,7,-1,2,-1