Accident_Index,Vehicle_Reference,Vehicle_Type,Towing_and_Articulation,Vehicle_Manoeuvre,Vehicle_Location-Restricted_Lane,Junction_Location,Skidding_and_Overturning,Hit_Object_in_Carriageway,Vehicle_Leaving_Carriageway,Hit_Object_off_Carriageway,1st_Point_of_Impact,Was_Vehicle_Left_Hand_Drive?,Journey_Purpose_of_Driver,Sex_of_Driver,Age_of_Driver,Age_Band_of_Driver,Engine_Capacity_(CC),Propulsion_Code,Age_of_Vehicle,Driver_IMD_Decile,Driver_Home_Area_Type,Vehicle_IMD_Decile
2015460259365,1,9,0,4,0,0,0,0,0,0,1,1,6,1,45,7,-1,-1,-1,-1,3,-1
2015460259365,2,9,0,4,0,0,0,0,0,0,2,1,6,2,20,4,1598,1,13,-1,1,-1
2015460259365,3,9,0,4,0,0,0,0,0,0,2,1,6,2,44,7,1596,1,8,-1,1,-1
2015460259365,4,9,0,4,0,0,0,0,0,0,2,1,3,2,46,8,1596,1,9,-1,1,-1
2015460259365,5,9,0,4,0,0,0,0,0,0,2,1,1,1,25,5,-1,-1,-1,-1,2,-1
2015460259365,6,9,0,4,0,0,0,0,0,0,2,1,1,1,32,6,2143,2,2,-1,3,-1
2015460259366,1,9,0,13,0,8,0,0,0,0,1,1,6,2,55,8,-1,-1,-1,-1,-1,-1
2015460259366,2,9,0,9,0,8,0,0,0,0,3,1,3,2,25,5,1598,1,10,-1,-1,-1
2015460259368,1,9,0,9,0,6,0,0,0,0,1,1,2,1,26,6,1149,1,14,-1,1,-1
2015460259368,2,9,0,18,0,1,0,0,0,0,1,1,6,2,20,4,1388,1,13,-1,1,-1
2015460259375,1,20,0,6,0,0,0,0,0,0,0,1,1,3,-1,-1,-1,-1,-1,-1,-1,-1
2015460259375,2,5,0,4,0,0,1,0,0,0,4,1,2,1,64,9,-1,-1,-1,-1,3,-1
2015460259378,1,9,0,16,0,0,0,0,0,0,1,1,6,2,34,6,1582,2,3,-1,2,-1
2015460259378,2,1,0,16,0,0,0,0,0,0,2,1,6,1,51,8,-1,-1,-1,-1,1,-1
2015460259379,1,9,0,5,0,6,0,0,0,0,1,1,6,1,75,10,1560,2,4,-1,1,-1
2015460259379,2,1,0,18,0,1,0,0,0,0,4,1,6,1,30,6,-1,-1,-1,-1,1,-1
2015460259382,1,2,0,18,0,0,1,0,0,0,4,1,6,1,19,4,125,1,-1,-1,-1,-1
2015460259384,1,9,0,18,0,0,0,0,0,0,1,1,2,1,20,4,1596,1,2,-1,3,-1
2015460259384,2,9,0,18,0,0,0,0,0,0,2,1,2,2,66,10,2268,2,2,-1,3,-1
2015460259384,3,9,0,18,0,0,0,0,0,0,2,1,2,1,22,5,1390,1,2,-1,1,-1
2015460259384,4,19,0,4,0,0,0,0,0,0,2,1,2,1,46,8,2198,2,1,-1,1,-1
2015460259388,1,21,0,18,0,1,0,0,0,0,1,1,1,1,46,8,-1,-1,-1,-1,1,-1
2015460259388,2,9,0,3,0,1,1,0,0,0,2,1,1,1,28,6,-1,-1,-1,-1,1,-1
2015460259388,3,9,0,3,0,1,1,0,0,0,2,1,6,1,54,8,1799,1,8,-1,1,-1
2015460259388,4,9,0,4,0,1,1,0,0,0,2,2,6,2,48,8,-1,-1,-1,-1,-1,-1
2015460259391,1,9,0,18,0,0,0,0,0,0,1,1,1,1,22,5,1598,1,10,-1,1,-1
2015460259391,2,9,0,18,0,0,0,0,0,0,2,1,1,2,33,6,1598,1,10,-1,1,-1
2015460259391,3,9,0,18,0,0,0,0,0,0,2,1,1,2,37,7,1198,1,2,-1,1,-1
2015460259393,1,9,0,16,0,1,2,10,0,0,4,1,6,1,25,5,1242,1,7,-1,2,-1
2015460259395,1,9,0,18,0,0,0,0,0,0,1,1,6,1,29,6,1995,2,8,-1,2,-1
2015460259395,2,9,0,2,0,0,0,0,1,0,2,1,6,1,60,9,2499,2,11,-1,2,-1
2015460259395,3,9,0,2,0,0,0,0,0,0,3,1,6,2,31,6,-1,-1,-1,-1,2,-1
2015460259397,1,9,0,5,0,6,0,0,0,0,1,1,6,1,48,8,1995,2,12,-1,1,-1
2015460259397,2,4,0,14,0,1,2,0,0,0,1,1,6,1,19,4,102,1,11,-1,1,-1
2015460259398,1,19,0,4,0,0,0,0,0,0,1,1,2,1,56,9,2198,2,6,-1,1,-1
2015460259398,2,9,0,4,0,0,0,0,0,0,2,1,2,1,49,8,1956,2,4,-1,3,-1
2015460259398,3,9,0,4,0,0,0,0,0,0,2,1,2,1,30,6,1388,1,13,-1,1,-1
2015460259401,1,1,0,7,0,1,0,0,0,0,1,1,6,1,13,3,-1,-1,-1,-1,1,-1
2015460259401,2,19,0,7,0,5,0,0,0,0,4,1,6,1,40,7,-1,-1,-1,-1,1,-1
2015460259402,1,9,0,16,0,0,0,0,0,0,1,1,6,1,19,4,998,1,14,-1,2,-1
2015460259402,2,9,0,17,0,0,0,0,0,0,1,1,6,1,43,7,-1,-1,-1,-1,1,-1
2015460259407,1,21,0,18,0,0,0,0,0,0,0,1,6,3,-1,-1,-1,-1,-1,-1,-1,-1
2015460259407,2,9,0,18,0,0,0,0,0,0,0,1,6,1,63,9,1149,1,11,-1,1,-1
2015460259408,1,9,0,18,0,2,0,0,0,0,1,1,6,1,50,8,-1,-1,-1,-1,1,-1
2015460259408,2,19,0,1,0,2,0,0,0,0,1,1,6,1,22,5,1753,2,8,-1,1,-1
2015460259409,1,9,0,18,0,8,1,0,0,0,1,1,3,2,43,7,1995,2,1,-1,3,-1
2015460259409,2,9,0,18,0,8,0,0,0,0,1,1,3,1,44,7,1679,1,15,-1,2,-1
2015460259415,1,9,0,18,0,0,0,0,0,0,4,1,6,3,-1,-1,-1,-1,-1,-1,-1,-1
2015460259415,2,1,0,18,0,0,0,0,0,0,3,1,6,1,34,6,-1,-1,-1,-1,-1,-1
2015460259416,1,21,0,12,0,0,0,0,0,0,1,2,1,3,-1,-1,-1,-1,-1,-1,-1,-1
2015460259416,2,9,0,18,0,0,0,0,0,0,4,1,2,1,35,6,1560,2,5,-1,1,-1
2015460259421,1,9,0,9,0,5,0,0,0,0,2,1,6,1,36,7,1956,2,6,-1,1,-1
2015460259421,2,3,0,13,0,1,0,0,0,0,1,1,1,1,24,5,124,1,11,-1,1,-1
2015460259422,1,9,0,18,0,0,0,0,0,0,1,1,6,2,77,11,1389,1,18,-1,1,-1
2015460259422,2,9,0,4,0,0,0,0,0,0,2,1,6,1,17,4,1598,1,8,-1,1,-1
2015460259428,1,9,0,18,0,0,0,4,0,0,1,1,6,1,74,10,1242,1,7,-1,1,-1
2015460259428,2,9,0,2,0,0,0,0,0,0,3,1,6,1,-1,-1,-1,-1,-1,-1,1,-1
2015460259428,3,9,0,2,0,0,0,0,0,0,2,1,6,1,-1,-1,1796,1,10,-1,1,-1
2015460259431,1,9,0,11,0,5,0,7,1,7,1,1,6,1,56,9,-1,-1,-1,-1,3,-1
2015460259431,2,9,0,18,0,5,0,0,0,0,0,1,6,2,21,5,1598,1,14,-1,2,-1
2015460259435,1,9,0,16,0,1,0,0,0,0,1,1,2,1,17,4,1242,1,14,-1,1,-1
2015460259435,2,9,0,10,0,1,0,0,0,0,1,1,6,2,70,10,1461,2,13,-1,1,-1
2015460259435,3,9,0,4,0,2,0,0,0,0,1,1,1,2,57,9,1299,1,16,-1,1,-1
2015460259435,4,9,0,9,0,2,0,0,0,0,0,1,6,3,-1,-1,-1,-1,-1,-1,-1,-1
2015460259436,1,9,0,18,0,1,0,0,0,0,1,1,6,1,65,9,2987,2,2,-1,1,-1
2015460259441,1,9,0,4,0,0,1,0,0,0,1,1,6,1,33,6,1986,2,10,-1,1,-1
2015460259441,2,9,0,4,0,0,0,0,0,0,2,1,6,1,34,6,1248,2,11,-1,1,-1
2015460259441,3,9,0,4,0,0,0,0,0,0,2,1,6,1,45,7,1995,2,13,-1,1,-1
2015460259443,1,2,0,9,0,3,0,0,0,0,3,1,2,1,22,5,49,1,2,-1,-1,-1
2015460259444,1,9,0,18,0,8,0,4,0,0,1,1,6,1,35,6,2184,2,6,-1,-1,-1
2015460259444,2,9,0,2,0,8,0,0,1,2,1,1,6,2,-1,-1,1956,2,2,-1,-1,-1
2015460259445,1,9,0,4,0,0,0,0,0,0,1,1,1,1,35,6,-1,-1,-1,-1,1,-1
2015460259445,2,9,0,4,0,0,0,0,0,0,2,1,1,1,27,6,5204,1,9,-1,3,-1
2015460259445,3,9,0,4,0,0,0,0,0,0,2,1,1,1,19,4,-1,-1,-1,-1,2,-1
2015460259455,1,9,0,5,0,4,0,0,0,0,1,1,6,1,60,9,1997,2,7,-1,3,-1
2015460259455,2,9,0,18,0,3,0,0,0,0,4,1,6,2,66,10,2902,2,8,-1,1,-1
2015460259460,1,21,0,18,0,0,0,0,0,0,0,2,1,1,37,7,-1,-1,-1,-1,-1,-1
2015460259465,1,21,1,4,0,8,1,0,0,0,4,1,1,1,34,6,-1,-1,-1,-1,-1,-1
2015460259465,2,9,0,4,0,8,5,10,0,0,2,1,1,1,54,8,-1,-1,-1,-1,1,-1
2015460259468,1,9,0,18,0,0,2,0,0,0,3,1,6,1,19,4,1229,1,8,-1,-1,-1
2015460259470,1,9,0,18,0,0,0,0,0,0,0,1,6,3,-1,-1,-1,-1,-1,-1,-1,-1
2015460259470,2,9,0,18,0,0,1,0,0,0,1,1,6,1,32,6,1896,2,11,-1,1,-1
2015460259470,3,9,0,18,0,0,0,0,0,0,2,1,1,2,24,5,1388,1,3,-1,1,-1
2015460259470,4,9,0,18,0,0,0,0,0,0,2,1,6,1,62,9,1598,2,3,-1,1,-1
2015460259471,1,9,0,18,0,0,0,0,5,6,1,1,6,2,21,5,1364,1,11,-1,1,-1
2015460259471,2,9,0,3,0,0,0,0,0,0,2,1,6,1,28,6,2616,1,7,-1,1,-1
2015460259471,3,9,0,3,0,0,0,0,0,0,2,1,6,1,28,6,1598,2,3,-1,1,-1
2015460259471,4,9,0,18,0,0,0,0,0,0,1,1,6,1,53,8,1598,2,2,-1,1,-1
2015460259471,5,9,0,3,0,0,0,0,0,0,2,1,6,1,41,7,3604,1,-1,-1,1,-1
2015460259471,6,9,0,18,0,0,0,0,0,0,1,1,6,1,23,5,1598,1,12,-1,1,-1
2015460259472,1,9,0,18,0,0,0,0,0,0,0,1,6,3,-1,-1,-1,-1,-1,-1,-1,-1
2015460259472,2,9,0,18,0,0,0,0,4,6,3,1,6,2,27,6,1149,1,7,-1,-1,-1
2015460259474,1,9,0,5,0,4,0,0,0,0,1,1,6,1,76,11,1108,1,5,-1,1,-1
2015460259474,2,9,0,18,0,8,0,0,0,0,1,1,6,1,33,6,1988,1,13,-1,3,-1
2015460259485,1,9,0,9,0,6,0,0,0,0,3,1,6,1,51,8,2544,1,16,-1,-1,-1
2015460259485,2,9,0,18,0,1,0,0,7,0,4,1,6,1,67,10,2496,1,13,-1,-1,-1
2015460259486,1,9,0,18,0,0,0,0,0,0,1,1,6,2,43,7,3246,1,12,-1,1,-1
2015460259486,2,9,0,4,0,0,0,0,0,0,2,1,6,1,45,7,1796,1,2,-1,1,-1
2015460259488,1,9,0,4,0,1,0,10,2,10,1,1,1,1,29,6,599,1,12,-1,1,-1
2015460259489,1,9,0,18,0,6,0,0,0,0,4,1,6,1,-1,-1,1799,1,8,-1,-1,-1
2015460259489,2,1,0,18,0,1,1,0,0,0,1,1,6,1,49,8,-1,-1,-1,-1,1,-1
2015460259490,1,9,0,4,0,0,0,0,0,0,1,1,6,1,20,4,1229,1,6,-1,1,-1
2015460259490,2,9,0,4,0,0,0,0,0,0,2,1,6,1,29,6,1796,1,8,-1,1,-1
2015460259494,1,9,0,4,0,0,1,0,2,7,4,1,6,1,39,7,1781,1,14,-1,-1,-1
2015460259495,1,9,0,18,0,2,0,0,0,0,4,1,6,3,-1,-1,-1,-1,-1,-1,-1,-1
2015460259497,1,9,0,16,0,0,0,0,0,0,1,1,6,2,54,8,1248,1,2,-1,2,-1
2015460259502,1,9,0,18,0,0,0,0,0,0,1,1,6,3,-1,-1,-1,-1,-1,-1,-1,-1
2015460259502,2,9,0,18,0,0,0,0,1,0,1,1,6,1,18,4,1364,2,9,-1,3,-1
2015460259506,1,9,0,18,0,1,0,0,0,0,1,1,6,2,39,7,1299,1,15,-1,3,-1
2015460259506,2,90,0,9,0,6,0,0,0,0,2,1,1,1,45,7,2987,2,5,-1,1,-1
2015460259508,1,9,0,5,0,1,0,0,0,0,1,1,1,1,43,7,1796,1,8,-1,-1,-1
2015460259511,1,9,0,18,0,0,1,0,1,0,0,1,6,2,46,8,796,1,8,-1,1,-1
2015460259512,1,9,0,18,0,0,0,0,0,0,1,1,6,2,22,5,1598,1,7,-1,1,-1
2015460259512,2,9,0,18,0,0,0,0,0,0,2,1,6,1,40,7,1995,2,4,-1,1,-1
2015460259512,3,9,0,18,0,0,0,0,0,0,2,1,6,1,31,6,1397,1,6,-1,1,-1
2015460259513,1,19,0,5,0,8,0,0,0,0,2,1,1,1,38,7,2299,2,3,-1,1,-1
2015460259513,2,1,0,18,0,1,1,0,0,0,1,1,1,1,35,6,-1,-1,-1,-1,1,-1
2015460259516,1,9,0,4,0,0,0,0,0,0,0,1,6,3,-1,-1,-1,-1,-1,-1,-1,-1
2015460259516,2,2,0,4,0,0,1,0,0,0,0,1,6,1,18,4,125,1,-1,-1,1,-1
2015460259518,1,9,0,18,0,0,1,0,0,0,1,1,6,2,69,10,1329,1,6,-1,2,-1
2015460259518,2,9,0,3,0,0,0,0,0,0,2,1,6,1,51,8,1951,2,9,-1,3,-1
2015460259518,3,9,0,10,0,0,0,0,0,0,2,1,6,2,63,9,1753,2,9,-1,3,-1
2015460259519,1,1,0,18,0,8,0,0,0,0,4,1,6,1,6,2,-1,-1,-1,-1,1,-1
2015460259519,2,9,0,7,0,1,0,0,0,0,1,1,6,1,52,8,996,1,6,-1,-1,-1
2015460259524,1,9,0,16,0,0,5,0,1,0,4,1,6,1,26,6,1995,2,10,-1,1,-1
2015460259525,1,2,0,14,0,1,1,4,0,0,2,1,2,1,16,4,49,1,2,-1,1,-1
2015460259525,2,9,0,2,0,2,0,0,0,0,3,1,6,1,32,6,1368,1,5,-1,1,-1
2015460259527,1,19,0,18,0,6,0,0,0,0,1,1,1,1,38,7,2143,2,-1,-1,1,-1
2015460259527,2,19,0,18,0,1,0,0,0,0,1,1,1,1,34,6,2402,2,9,-1,1,-1
2015460259528,1,9,0,17,0,0,0,0,1,10,1,1,6,1,19,4,1422,2,11,-1,1,-1
2015460259529,1,21,0,18,0,0,0,0,0,0,1,1,2,1,41,7,-1,-1,-1,-1,-1,-1
2015460259529,2,21,0,3,0,0,0,0,0,0,2,1,2,1,41,7,-1,-1,-1,-1,-1,-1
2015460259530,1,9,0,13,0,0,2,0,7,10,1,1,6,1,24,5,-1,-1,-1,-1,3,-1
2015460259530,2,9,0,18,0,0,2,0,0,0,1,1,6,2,45,7,1796,1,14,-1,1,-1
2015460259531,1,9,0,6,0,1,0,0,0,0,3,1,1,1,39,7,1596,1,14,-1,-1,-1
2015460259531,2,5,0,14,0,1,0,0,7,3,4,1,6,1,31,6,1050,1,7,-1,-1,-1
2015460259533,1,9,0,18,0,0,1,0,0,0,1,1,6,1,19,4,-1,-1,-1,-1,3,-1
2015460259533,2,9,0,18,0,0,0,0,1,0,1,1,6,1,52,8,1798,1,4,-1,1,-1
2015460259534,1,9,0,4,0,8,0,0,0,0,1,1,6,3,-1,-1,1896,2,8,-1,-1,-1
2015460259534,2,9,0,4,0,8,0,0,0,0,2,1,6,2,51,8,1596,1,11,-1,1,-1
2015460259536,1,9,0,12,0,0,0,0,0,0,0,1,6,3,-1,-1,-1,-1,-1,-1,-1,-1
2015460259536,2,9,0,13,0,0,0,0,4,6,3,1,6,1,28,6,1990,1,24,-1,1,-1
2015460259537,1,9,0,18,0,8,0,0,0,0,3,1,6,1,20,4,1986,2,10,-1,1,-1
2015460259537,2,9,0,7,0,3,0,0,0,0,1,1,6,1,66,10,1951,2,12,-1,2,-1
2015460259539,1,19,0,9,0,6,0,0,0,0,0,1,1,1,-1,-1,2143,2,3,-1,1,-1
2015460259539,2,11,0,18,0,8,0,0,0,0,0,1,6,1,57,9,4580,2,7,-1,1,-1
2015460259544,1,9,0,18,0,0,0,0,1,4,1,1,6,1,23,5,1587,1,11,-1,1,-1
2015460259544,2,9,0,18,0,0,0,0,0,0,0,1,6,2,22,5,1248,2,2,-1,1,-1
2015460259546,1,9,0,11,0,8,0,0,0,0,1,1,6,1,72,10,998,1,1,-1,1,-1
2015460259546,2,9,0,18,0,8,0,0,0,0,2,1,6,1,26,6,1149,1,17,-1,1,-1
2015460259547,1,9,0,18,0,0,0,0,0,0,4,1,6,1,75,10,1329,1,-1,-1,1,-1
2015460259548,1,1,0,18,9,0,0,0,0,0,0,1,6,1,19,4,-1,-1,-1,-1,1,-1
2015460259548,2,9,0,9,9,0,2,0,0,0,0,1,6,2,59,9,1769,1,12,-1,1,-1
2015460259553,1,9,0,16,0,1,0,0,0,0,1,1,6,1,76,11,1242,1,16,-1,1,-1
2015460259553,2,9,0,10,0,1,0,0,0,0,2,1,6,1,36,7,1596,1,13,-1,1,-1
2015460259555,1,9,0,5,0,6,0,0,0,0,2,1,2,2,45,7,1598,1,9,-1,1,-1
2015460259555,2,5,0,18,0,1,0,0,0,0,1,1,2,1,51,8,1298,1,16,-1,1,-1
2015460259556,1,9,0,17,0,0,5,0,0,0,4,1,2,1,20,4,1390,1,3,-1,-1,-1
2015460259556,2,9,0,2,9,0,0,0,0,0,1,1,6,1,66,10,2495,2,12,-1,-1,-1
2015460259557,1,9,0,18,0,8,0,0,0,0,1,1,6,1,18,4,1364,1,8,-1,1,-1
2015460259557,2,1,0,18,0,8,0,0,0,0,4,1,6,1,53,8,-1,-1,-1,-1,-1,-1
2015460259557,3,1,0,18,0,8,0,0,0,0,4,1,6,2,19,4,-1,-1,-1,-1,-1,-1
2015460259561,1,9,0,18,0,0,0,0,0,0,1,1,6,2,26,6,2143,2,3,-1,1,-1
2015460259561,2,9,0,18,0,0,0,0,0,0,2,1,6,2,-1,-1,1296,1,9,-1,1,-1
2015460259562,1,9,0,18,9,2,0,0,1,10,1,1,6,1,45,7,1753,2,8,-1,1,-1
2015460259562,2,9,0,18,0,8,0,0,0,0,1,1,6,2,29,6,659,1,7,-1,1,-1
2015460259562,3,9,0,18,0,2,0,0,0,0,3,1,1,1,32,6,1560,2,3,-1,1,-1
2015460259567,1,9,0,18,0,1,0,0,0,0,1,1,2,1,28,6,998,1,9,-1,1,-1
2015460259567,2,9,0,3,0,8,0,0,0,0,2,1,2,1,44,7,1995,2,11,-1,3,-1
2015460259567,3,9,0,10,0,8,0,0,0,0,2,1,6,2,66,10,1422,2,7,-1,3,-1
2015460259569,1,4,0,18,0,1,0,0,0,0,1,1,2,1,37,7,124,1,-1,-1,3,-1
2015460259569,2,17,0,7,0,5,0,0,0,0,4,1,1,1,29,6,6788,2,1,-1,3,-1
2015460259573,1,9,0,16,0,0,1,0,0,0,1,1,2,1,19,4,1299,1,15,-1,3,-1
2015460259573,2,9,0,3,0,0,0,0,0,0,2,1,2,2,23,5,1061,1,11,-1,1,-1
2015460259573,3,9,0,3,0,0,0,0,0,0,2,1,2,1,18,4,1299,1,15,-1,2,-1
2015460259574,1,9,0,17,0,1,0,0,0,0,1,1,6,1,26,6,-1,-1,-1,-1,3,-1
2015460259574,2,9,0,16,0,1,0,0,0,0,1,1,6,2,26,6,1968,2,1,-1,1,-1
2015460259577,1,1,0,18,0,1,0,0,0,0,1,1,6,2,-1,-1,-1,-1,-1,-1,1,-1
2015460259577,2,9,0,17,0,2,0,0,0,0,1,1,6,1,23,5,1994,1,11,-1,1,-1
2015460259578,1,19,0,4,6,0,0,0,0,0,4,1,6,1,66,10,2402,2,10,-1,3,-1
2015460259580,1,19,0,18,0,0,0,0,0,0,3,1,6,1,39,7,2198,2,3,-1,1,-1
2015460259580,2,1,0,18,0,0,0,0,0,0,3,1,6,1,56,9,-1,-1,-1,-1,1,-1
2015460259583,1,9,0,4,0,1,0,0,0,0,1,1,2,1,34,6,1984,1,8,-1,1,-1
2015460259583,2,9,0,4,0,1,0,0,0,0,2,1,2,1,52,8,1360,1,13,-1,1,-1
2015460259583,3,19,0,4,0,1,0,0,0,0,2,1,1,1,42,7,2198,2,2,-1,1,-1
2015460259586,1,1,0,9,0,5,0,0,0,0,3,1,6,1,66,10,-1,-1,-1,-1,3,-1
2015460259586,2,9,0,8,0,6,0,0,0,0,3,1,6,2,33,6,1386,1,12,-1,2,-1
2015460259591,1,9,0,13,0,1,0,0,0,0,1,1,2,1,31,6,3199,1,11,-1,3,-1
2015460259591,2,9,0,9,0,5,0,0,1,7,2,1,6,1,41,7,1560,2,1,-1,1,-1
2015460259592,1,9,0,18,0,8,0,0,0,0,1,1,6,2,62,9,1968,2,7,-1,1,-1
2015460259592,2,9,0,18,0,8,0,0,0,0,2,1,6,2,35,6,1199,1,12,-1,1,-1
2015460259593,1,9,0,17,0,0,5,0,0,0,1,1,6,2,20,4,998,1,9,-1,2,-1
2015460259594,1,9,0,18,0,0,0,0,0,0,1,1,6,1,57,9,1968,2,9,-1,1,-1
2015460259594,2,21,0,2,0,0,0,0,0,0,2,1,1,1,39,7,9365,2,6,-1,1,-1
2015460259595,1,21,1,13,0,3,0,0,0,0,4,1,1,1,37,7,11705,2,7,-1,3,-1
2015460259595,2,1,0,17,0,1,0,0,0,0,3,1,6,1,44,7,-1,-1,-1,-1,3,-1
2015460259598,1,19,0,1,0,0,0,0,0,0,2,1,6,3,-1,-1,1996,2,5,-1,-1,-1
2015460259598,2,9,0,3,0,0,0,0,0,0,1,1,6,1,45,7,1390,1,11,-1,1,-1
2015460259602,1,9,0,9,0,1,0,0,0,0,1,1,6,2,23,5,999,1,-1,-1,1,-1
2015460259602,2,9,0,18,0,1,0,0,0,0,3,1,6,3,-1,-1,1781,1,13,-1,-1,-1
2015460259607,1,9,0,16,0,0,5,0,2,10,4,1,6,2,44,7,2143,2,5,-1,2,-1
2015460259607,2,9,0,17,0,0,0,0,0,0,0,1,6,3,-1,-1,-1,-1,-1,-1,-1,-1
2015460259609,1,9,0,7,0,3,5,0,0,0,1,1,2,1,22,5,1390,1,11,-1,1,-1
2015460259609,2,9,0,6,0,8,0,0,0,0,1,1,6,1,45,7,-1,-1,-1,-1,-1,-1
2015460259610,1,9,0,6,0,3,0,0,0,0,4,1,6,1,69,10,1198,1,9,-1,1,-1
2015460259610,2,4,0,18,0,4,0,0,0,0,1,1,6,1,44,7,1170,1,10,-1,1,-1
2015460259611,1,4,0,18,0,0,0,0,0,0,0,1,6,1,51,8,225,1,45,-1,1,-1
2015460259612,1,9,0,5,0,1,0,0,0,0,4,1,6,3,-1,-1,-1,-1,-1,-1,-1,-1
2015460259612,2,3,0,15,0,1,0,0,0,0,3,1,6,2,23,5,124,1,-1,-1,1,-1
2015460259614,1,9,0,3,0,1,0,0,0,0,2,1,6,2,37,7,1598,1,4,-1,3,-1
2015460259614,2,9,0,3,0,1,0,0,0,0,2,1,6,1,82,11,-1,-1,-1,-1,3,-1
2015460259614,3,19,0,3,0,1,0,0,0,0,2,1,1,1,57,9,2143,2,2,-1,1,-1
2015460259614,4,9,0,10,0,1,0,0,0,0,2,1,6,2,31,6,3960,1,16,-1,2,-1
2015460259615,1,9,0,17,0,0,0,0,0,0,1,1,6,2,26,6,1248,1,3,-1,-1,-1
2015460259615,2,9,0,16,0,0,0,0,0,0,1,1,6,1,69,10,1560,2,5,-1,3,-1
2015460259616,1,19,0,18,0,1,0,0,0,0,1,1,6,1,73,10,1753,2,8,-1,2,-1
2015460259616,2,9,0,10,0,1,0,0,0,0,2,1,6,2,26,6,-1,-1,-1,-1,3,-1
2015460259618,1,9,0,18,0,1,0,0,0,0,1,1,6,1,-1,-1,-1,-1,-1,-1,-1,-1
2015460259618,2,9,0,3,0,1,0,0,0,0,2,1,6,2,45,7,1956,2,-1,-1,1,-1
2015460259619,1,9,0,18,0,0,0,4,0,0,1,1,6,3,-1,-1,-1,-1,-1,-1,-1,-1
2015460259619,2,9,0,2,0,0,0,0,0,0,4,1,6,2,24,5,2497,1,10,-1,1,-1
2015460259623,1,1,0,18,0,0,0,0,0,0,0,1,6,2,39,7,-1,-1,-1,-1,1,-1
2015460259624,1,9,0,17,0,1,1,0,1,10,1,1,2,2,27,6,1242,1,12,-1,1,-1
2015460259625,1,9,0,18,0,2,0,0,0,0,1,1,6,2,28,6,1360,1,16,-1,3,-1
2015460259627,1,9,0,18,0,1,1,0,1,0,1,1,6,1,18,4,1527,2,16,-1,2,-1
2015460259627,2,9,0,7,0,1,0,0,1,0,2,1,6,1,39,7,1598,1,9,-1,3,-1
2015460259630,1,9,0,12,0,8,0,0,0,0,1,1,6,2,42,7,1124,1,16,-1,-1,-1
2015460259630,2,9,0,18,0,3,0,0,0,0,4,1,6,1,17,4,1560,2,6,-1,3,-1
2015460259632,1,9,0,18,0,0,0,0,0,0,1,1,6,1,26,6,1686,2,3,-1,1,-1
2015460259632,2,9,0,18,0,0,0,0,0,0,2,1,6,1,35,6,1900,2,10,-1,1,-1
2015460259632,3,9,0,18,0,0,0,0,0,0,4,1,6,2,53,8,2926,2,13,-1,1,-1
2015460259632,4,9,0,18,0,0,0,0,0,0,1,1,1,1,25,5,-1,-1,-1,-1,1,-1
2015460259634,1,21,1,11,0,1,0,0,0,0,4,1,1,1,25,5,12900,2,3,-1,-1,-1
2015460259634,2,9,0,18,0,1,0,0,0,0,3,1,6,1,45,7,1248,1,-1,-1,1,-1
2015460259635,1,9,0,18,0,1,0,0,0,0,1,1,6,2,44,7,4367,2,1,-1,1,-1
2015460259635,2,9,0,10,0,1,0,0,0,0,2,1,6,2,52,8,1299,1,13,-1,1,-1
2015460259637,1,9,0,9,0,6,0,0,0,0,3,1,2,1,70,10,-1,-1,-1,-1,3,-1
2015460259637,2,2,0,18,0,1,0,0,0,0,4,1,2,1,21,5,124,1,7,-1,1,-1
2015460259638,1,9,0,4,0,1,0,0,0,0,1,1,6,1,18,4,1149,1,13,-1,1,-1
2015460259638,2,9,0,3,0,1,0,0,0,0,2,1,6,1,32,6,2143,2,5,-1,1,-1
2015460259639,1,9,0,12,0,0,0,0,0,0,1,1,6,2,21,5,1390,1,11,-1,2,-1
2015460259639,2,19,0,3,0,0,0,0,0,0,2,1,6,1,21,5,2198,2,8,-1,1,-1
2015460259639,3,19,0,3,0,0,0,0,0,0,2,1,1,1,53,8,1996,2,4,-1,1,-1
2015460259641,1,9,0,9,0,1,0,0,0,0,3,1,6,2,34,6,1198,1,7,-1,1,-1
2015460259641,2,5,0,13,0,1,0,0,0,0,4,1,2,1,43,7,1215,1,3,-1,3,-1
2015460259642,1,9,0,18,0,4,0,0,0,0,1,1,6,1,43,7,1998,1,8,-1,-1,-1
2015460259642,2,9,0,18,0,8,0,0,0,0,4,1,6,1,23,5,1781,1,14,-1,2,-1
2015460259644,1,9,0,18,0,2,0,0,1,4,1,1,6,1,37,7,1910,2,7,-1,1,-1
2015460259648,1,9,0,18,0,0,0,0,0,0,4,1,6,2,84,11,1390,1,4,-1,-1,-1
2015460259648,2,1,0,18,0,0,0,0,0,0,3,1,6,1,70,10,-1,-1,-1,-1,-1,-1
2015460259650,1,9,0,9,0,5,0,0,0,0,0,1,6,3,-1,-1,-1,-1,-1,-1,-1,-1
2015460259650,2,9,0,18,0,8,0,0,0,0,0,1,6,1,49,8,1560,2,7,-1,1,-1