Accident_Index,Vehicle_Reference,Vehicle_Type,Towing_and_Articulation,Vehicle_Manoeuvre,Vehicle_Location-Restricted_Lane,Junction_Location,Skidding_and_Overturning,Hit_Object_in_Carriageway,Vehicle_Leaving_Carriageway,Hit_Object_off_Carriageway,1st_Point_of_Impact,Was_Vehicle_Left_Hand_Drive?,Journey_Purpose_of_Driver,Sex_of_Driver,Age_of_Driver,Age_Band_of_Driver,Engine_Capacity_(CC),Propulsion_Code,Age_of_Vehicle,Driver_IMD_Decile,Driver_Home_Area_Type,Vehicle_IMD_Decile
2015460259652,1,9,0,18,0,8,0,0,0,0,3,1,6,1,59,9,1597,1,-1,-1,-1,-1
2015460259652,2,9,0,5,0,8,0,0,0,0,1,1,6,2,60,9,1598,1,10,-1,-1,-1
2015460259653,1,3,0,14,0,8,0,0,0,0,1,1,2,1,22,5,124,1,1,-1,3,-1
2015460259653,2,9,0,9,0,6,0,0,0,0,3,1,6,1,73,10,1124,1,12,-1,-1,-1
2015460259655,1,5,0,18,0,0,0,0,0,0,1,1,2,1,29,6,599,1,6,-1,1,-1
2015460259655,2,21,0,3,0,0,0,0,0,0,2,1,1,1,44,7,-1,-1,-1,-1,-1,-1
2015460259656,1,9,0,6,0,0,0,0,0,0,3,1,6,1,82,11,1975,1,-1,-1,1,-1
2015460259656,2,9,0,18,0,0,1,0,0,0,1,1,6,1,31,6,1597,1,10,-1,1,-1
2015460259660,1,9,0,18,0,0,0,0,0,0,1,1,6,1,30,6,1242,1,19,-1,1,-1
2015460259660,2,4,0,18,0,0,0,0,0,0,1,1,6,1,30,6,399,1,23,-1,1,-1
2015460259665,1,5,0,18,0,0,0,0,0,0,0,1,6,1,61,9,-1,-1,-1,-1,1,-1
2015460259669,1,9,0,4,0,0,0,0,0,0,1,1,3,2,52,8,1598,1,12,-1,1,-1
2015460259669,2,1,0,18,0,0,0,0,0,0,1,1,4,1,11,3,-1,-1,-1,-1,1,-1
2015460259672,1,9,4,18,0,4,0,0,3,4,1,1,6,1,54,8,2663,2,18,-1,1,-1
2015460259673,1,5,0,13,0,1,5,4,7,10,1,1,6,1,21,5,644,1,15,-1,1,-1
2015460259673,2,9,0,9,0,5,0,0,0,0,3,1,6,1,82,11,1399,1,12,-1,1,-1
2015460259673,3,9,0,2,0,1,0,0,0,0,1,1,6,1,49,8,1493,2,8,-1,1,-1
2015460259680,1,19,0,18,0,0,0,0,0,0,3,1,6,3,-1,-1,-1,-1,-1,-1,-1,-1
2015460259680,2,1,0,18,0,0,0,0,0,0,4,1,6,1,61,9,-1,-1,-1,-1,1,-1
2015460259688,1,9,0,16,0,2,1,0,7,0,1,1,6,3,-1,-1,-1,-1,-1,-1,-1,-1
2015460259688,2,9,0,17,0,1,0,0,0,0,3,1,6,2,50,8,2143,2,2,-1,1,-1
2015460259695,1,9,0,9,0,6,0,0,0,0,1,1,6,1,-1,-1,1995,2,7,-1,-1,-1
2015460259695,2,5,0,18,0,8,1,0,0,0,3,1,1,1,45,7,-1,-1,-1,-1,2,-1
2015460259698,1,9,0,18,0,1,0,0,0,0,4,1,6,1,84,11,998,1,3,-1,3,-1
2015460259698,2,1,0,13,0,1,0,0,1,9,1,1,6,2,53,8,-1,-1,-1,-1,2,-1
2015460259700,1,9,0,18,0,8,0,0,0,0,1,1,6,3,-1,-1,1905,2,16,-1,-1,-1
2015460259700,2,9,0,10,0,8,0,0,0,0,2,1,3,2,55,8,1598,1,15,-1,-1,-1
2015460259706,1,9,0,18,0,1,0,4,0,0,4,1,6,3,-1,-1,-1,-1,-1,-1,-1,-1
2015460259706,2,9,0,2,0,1,0,0,0,0,3,1,6,1,38,7,1390,1,11,-1,1,-1
2015460259709,1,9,0,7,0,7,0,0,0,0,4,1,6,3,-1,-1,-1,-1,-1,-1,-1,-1
2015460259709,2,9,0,9,0,2,0,0,0,0,1,1,6,2,60,9,1997,1,8,-1,3,-1
2015460259712,1,9,0,9,0,5,0,0,0,0,3,1,6,1,76,11,1997,1,13,-1,2,-1
2015460259712,2,5,0,18,0,1,1,0,0,0,1,1,6,1,27,6,636,1,13,-1,3,-1
2015460259714,1,9,0,1,9,1,0,0,0,0,2,1,6,1,59,9,-1,-1,-1,-1,1,-1
2015460259714,2,90,0,18,9,1,0,0,0,0,4,1,6,2,72,10,-1,-1,-1,-1,1,-1
2015460259720,1,9,0,18,0,1,0,0,0,0,1,1,6,1,45,7,2902,2,9,-1,3,-1
2015460259720,2,9,0,2,9,1,0,0,0,0,3,1,6,1,31,6,1399,2,8,-1,1,-1
2015460259721,1,9,0,4,0,0,0,0,0,0,1,1,6,2,20,4,2979,1,11,-1,1,-1
2015460259721,2,9,0,4,0,0,0,0,0,0,2,1,6,2,24,5,1600,1,16,-1,3,-1
2015460259730,1,9,0,10,0,1,0,0,0,0,1,1,1,1,32,6,1968,2,2,-1,-1,-1
2015460259730,2,3,0,16,0,1,1,0,0,0,1,1,2,1,20,4,125,1,13,-1,1,-1
2015460259731,1,2,0,7,0,5,0,0,0,0,4,1,6,1,16,4,-1,-1,-1,-1,1,-1
2015460259732,1,9,0,9,0,5,0,0,0,0,4,1,6,2,80,11,-1,-1,-1,-1,3,-1
2015460259732,2,1,0,18,0,1,0,0,0,0,1,1,6,1,32,6,-1,-1,-1,-1,-1,-1
2015460259733,1,9,0,9,0,6,0,0,0,0,4,1,6,3,-1,-1,-1,-1,-1,-1,-1,-1
2015460259736,1,11,0,4,0,1,0,0,0,0,4,1,1,3,-1,-1,-1,-1,-1,-1,-1,-1
2015460259736,2,1,0,4,0,1,0,0,0,0,3,1,6,1,36,7,-1,-1,-1,-1,3,-1
2015460259737,1,9,0,18,0,0,0,0,0,0,3,1,1,3,-1,-1,-1,-1,-1,-1,-1,-1
2015460259737,2,1,0,18,0,0,1,0,0,0,3,1,6,1,39,7,-1,-1,-1,-1,3,-1
2015460259742,1,9,0,18,0,1,2,10,4,1,3,1,2,1,29,6,2499,1,8,-1,1,-1
2015460259744,1,5,0,18,0,0,1,0,0,0,1,1,6,1,42,7,999,1,4,-1,2,-1
2015460259744,2,9,0,18,0,0,0,0,0,0,1,1,6,2,30,6,1398,2,11,-1,1,-1
2015460259745,1,9,0,12,0,0,0,0,4,0,1,1,6,2,69,10,1124,1,11,-1,-1,-1
2015460259748,1,19,0,18,0,0,0,0,0,0,0,1,6,3,-1,-1,-1,-1,-1,-1,-1,-1
2015460259749,1,9,0,4,0,8,0,0,0,0,1,1,6,1,58,9,1248,2,7,-1,1,-1
2015460259749,2,9,0,3,9,8,0,0,0,0,2,1,2,1,40,7,1596,1,8,-1,1,-1
2015460259750,1,9,0,18,0,4,0,0,0,0,2,1,6,2,29,6,1794,1,11,-1,1,-1
2015460259750,2,9,0,5,0,4,0,0,0,0,1,1,1,1,60,9,999,1,-1,-1,1,-1
2015460259751,1,9,0,18,0,7,0,0,0,0,1,1,6,1,27,6,1956,2,5,-1,1,-1
2015460259751,2,9,0,18,0,3,0,0,0,0,1,1,6,1,27,6,1248,2,5,-1,1,-1
2015460259752,1,9,0,9,0,6,0,0,0,0,1,1,6,1,45,7,1998,1,12,-1,1,-1
2015460259754,1,9,0,18,0,0,0,0,4,0,1,1,6,1,21,5,1596,1,4,-1,1,-1
2015460259754,2,21,0,18,0,0,0,0,0,0,2,1,1,1,38,7,11705,2,9,-1,-1,-1
2015460259756,1,9,0,16,0,0,2,0,1,4,1,1,6,1,-1,-1,1596,1,16,-1,1,-1
2015460259757,1,1,0,4,9,1,0,0,3,10,1,1,6,2,9,2,-1,-1,-1,-1,1,-1
2015460259759,1,9,0,3,0,0,0,0,0,0,1,1,1,3,-1,-1,1896,2,6,-1,-1,-1
2015460259760,1,1,0,4,0,0,0,0,0,0,0,1,6,1,25,5,-1,-1,-1,-1,3,-1
2015460259761,1,9,0,7,0,5,5,4,0,0,3,1,6,2,44,7,1086,1,6,-1,1,-1
2015460259761,2,9,0,2,0,2,0,0,0,0,3,1,6,2,-1,-1,1991,2,6,-1,1,-1
2015460259774,1,9,0,18,0,0,0,0,0,0,1,1,2,2,18,4,999,1,1,-1,1,-1
2015460259774,2,9,0,5,0,0,0,0,0,0,4,1,6,2,24,5,1242,1,8,-1,1,-1
2015460259774,3,9,0,2,0,0,0,0,0,0,2,1,6,2,47,8,1587,1,12,-1,1,-1
2015460259774,4,19,0,2,0,0,0,0,0,0,2,1,6,3,-1,-1,1598,2,3,-1,-1,-1
2015460259777,1,9,0,17,0,0,0,0,7,4,1,1,6,1,18,4,1229,1,5,-1,3,-1
2015460259780,1,9,0,18,0,4,0,0,0,0,3,1,1,1,34,6,1997,2,12,-1,1,-1
2015460259780,2,1,0,18,0,8,0,0,0,0,1,1,6,1,58,9,-1,-1,-1,-1,-1,-1
2015460259783,1,9,0,18,0,0,0,0,7,0,1,1,6,1,36,7,-1,-1,-1,-1,-1,-1
2015460259783,2,9,0,18,0,0,0,0,0,0,1,1,2,1,22,5,1360,1,15,-1,3,-1
2015460259786,1,9,0,18,0,8,0,0,0,0,1,1,2,2,53,8,1240,1,6,-1,2,-1
2015460259787,1,9,0,18,0,0,0,0,0,0,4,1,6,3,-1,-1,-1,-1,-1,-1,-1,-1
2015460259788,1,4,0,14,0,0,0,11,0,0,1,1,6,2,-1,-1,296,1,-1,-1,1,-1
2015460259791,1,9,0,11,0,0,0,0,0,0,4,1,6,1,27,6,1560,2,10,-1,1,-1
2015460259791,2,9,0,18,0,0,0,0,0,0,2,1,6,1,54,8,1461,2,8,-1,1,-1
2015460259791,3,9,0,18,0,0,0,0,0,0,2,1,6,1,28,6,1995,2,11,-1,1,-1
2015460259795,1,9,0,16,0,3,0,0,0,0,3,1,6,2,20,4,1199,1,13,-1,1,-1
2015460259795,2,9,0,16,0,3,1,10,7,0,4,1,6,2,46,8,1968,2,-1,-1,1,-1
2015460259801,1,9,0,9,0,6,0,0,0,0,0,1,6,1,68,10,2179,2,7,-1,1,-1
2015460259801,2,3,0,18,0,8,0,0,7,10,1,1,6,1,15,3,-1,-1,-1,-1,2,-1
2015460259804,1,9,0,9,0,2,1,0,0,0,3,1,6,3,-1,-1,1493,1,21,-1,-1,-1
2015460259804,2,9,0,8,0,1,0,0,0,0,4,1,6,1,20,4,1590,1,10,-1,-1,-1
2015460259809,1,9,0,18,0,1,0,0,0,0,1,1,6,1,19,4,1149,1,12,-1,1,-1
2015460259809,2,9,0,10,0,5,0,0,0,0,2,1,6,2,39,7,1461,2,1,-1,1,-1
2015460259812,1,9,0,9,2,5,0,0,0,0,4,1,6,1,41,7,1368,1,6,-1,1,-1
2015460259812,2,11,0,18,2,8,1,0,0,0,1,1,6,1,40,7,13000,2,12,-1,1,-1
2015460259827,1,3,0,14,0,0,0,4,0,0,4,1,6,1,18,4,124,1,1,-1,1,-1
2015460259827,2,9,0,2,0,0,0,0,0,0,3,1,6,1,32,6,1995,2,12,-1,3,-1
2015460259827,3,9,0,14,0,0,0,0,0,0,4,1,6,1,73,10,1956,2,5,-1,2,-1
2015460259828,1,9,0,1,0,0,0,0,0,0,0,1,6,1,46,8,1997,1,7,-1,1,-1
2015460259828,2,9,0,18,0,0,0,0,0,0,1,1,6,2,23,5,1299,1,8,-1,2,-1
2015460259830,1,21,0,9,0,8,0,0,0,0,3,1,1,3,-1,-1,-1,-1,-1,-1,-1,-1
2015460259830,2,9,0,10,0,1,0,0,0,0,1,1,1,2,51,8,-1,-1,-1,-1,3,-1
2015460259833,1,9,0,18,0,7,2,0,2,7,4,1,6,1,17,4,1975,1,13,-1,-1,-1
2015460259836,1,19,0,18,0,0,2,0,1,7,1,1,1,1,28,6,2402,2,8,-1,1,-1
2015460259836,2,9,0,18,0,0,1,11,0,0,1,1,2,2,30,6,1400,1,11,-1,1,-1
2015460259840,1,21,0,12,0,0,0,0,0,0,0,2,1,1,32,6,-1,-1,-1,-1,-1,-1
2015460259840,2,11,0,18,0,0,0,0,0,0,3,1,1,1,41,7,11967,2,9,-1,1,-1
2015460259840,3,9,0,18,0,0,0,0,5,6,4,1,6,2,40,7,2495,2,18,-1,1,-1
2015460259840,4,9,0,18,0,0,0,0,0,0,1,1,6,1,43,7,1997,2,7,-1,1,-1
2015460259842,1,9,0,11,0,0,0,0,5,6,1,1,6,1,37,7,-1,-1,-1,-1,1,-1
2015460259842,2,20,0,18,0,0,0,0,0,0,1,1,2,1,46,8,-1,-1,-1,-1,1,-1
2015460259842,3,20,0,18,0,0,0,0,0,0,1,1,2,1,38,7,-1,-1,-1,-1,1,-1
2015460259845,1,9,0,15,0,0,0,0,0,0,3,1,6,3,-1,-1,-1,-1,-1,-1,-1,-1
2015460259845,2,9,0,18,0,0,0,0,0,0,3,1,6,1,30,6,1797,8,4,-1,1,-1
2015460259847,1,9,0,10,0,1,0,0,0,0,3,1,6,2,36,7,1598,2,-1,-1,1,-1
2015460259847,2,1,0,18,0,8,0,0,0,0,1,1,6,1,24,5,-1,-1,-1,-1,1,-1
2015460259849,1,1,0,4,9,1,0,0,0,0,1,1,6,1,-1,-1,-1,-1,-1,-1,-1,-1
2015460259849,2,9,0,8,0,1,0,0,0,0,4,1,2,2,28,6,1242,1,3,-1,1,-1
2015460259851,1,1,0,4,0,8,1,0,0,0,0,1,6,1,19,4,-1,-1,-1,-1,-1,-1
2015460259852,1,9,0,9,0,8,0,0,0,0,1,1,6,1,83,11,1796,1,9,-1,2,-1
2015460259852,2,21,0,18,0,8,0,0,0,0,3,1,1,1,42,7,-1,-1,-1,-1,1,-1
2015460259853,1,9,0,9,0,6,0,0,0,0,3,1,6,1,35,6,2143,2,2,-1,1,-1
2015460259853,2,9,0,18,0,8,0,0,0,0,1,1,1,1,36,7,-1,-1,-1,-1,1,-1
2015460259856,1,9,0,16,0,0,0,0,7,0,2,1,6,1,-1,-1,1380,1,33,-1,3,-1
2015460259856,2,19,0,17,0,0,0,0,0,0,1,1,1,1,28,6,2198,2,2,-1,1,-1
2015460259862,1,9,0,5,0,0,0,0,0,0,3,1,6,1,-1,-1,-1,-1,-1,-1,1,-1
2015460259862,2,9,0,3,0,0,0,0,0,0,4,1,6,1,59,9,1242,1,16,-1,1,-1
2015460259863,1,19,0,9,0,8,0,0,0,0,1,1,1,1,58,9,2198,2,4,-1,2,-1
2015460259863,2,1,0,18,0,8,0,0,0,0,1,1,6,1,32,6,-1,-1,-1,-1,1,-1
2015460259863,3,9,0,7,0,6,0,0,0,0,3,1,6,1,30,6,1968,2,1,-1,3,-1
2015460259867,1,9,0,18,0,0,1,0,8,10,2,1,6,2,18,4,1299,1,9,-1,3,-1
2015460259869,1,9,0,4,0,0,0,0,0,0,1,1,6,1,27,6,-1,-1,-1,-1,-1,-1
2015460259869,2,9,0,4,0,0,0,0,0,0,2,1,1,1,21,5,1968,2,7,-1,1,-1
2015460259870,1,9,0,18,0,0,0,0,0,0,1,1,6,1,25,5,2987,2,5,-1,1,-1
2015460259870,2,19,0,4,0,0,0,0,0,0,2,1,1,1,31,6,-1,-1,-1,-1,1,-1
2015460259870,3,9,0,4,0,0,0,0,0,0,2,1,1,1,50,8,1686,2,2,-1,1,-1
2015460259876,1,19,0,18,0,1,0,0,0,0,1,1,1,1,21,5,2143,2,1,-1,1,-1
2015460259876,2,9,0,4,0,1,0,0,0,0,2,1,6,1,29,6,2231,2,9,-1,-1,-1
2015460259876,3,19,0,12,0,1,0,0,0,0,0,1,6,3,-1,-1,-1,-1,-1,-1,-1,-1
2015460259877,1,5,0,16,0,4,1,0,0,0,4,1,1,1,41,7,800,1,1,-1,1,-1
2015460259880,1,3,0,14,0,0,1,0,7,0,1,1,6,1,21,5,125,1,15,-1,2,-1
2015460259880,2,9,0,18,0,0,0,0,0,0,1,1,6,1,85,11,1997,2,12,-1,1,-1
2015460259880,3,9,0,14,0,0,0,0,0,0,2,1,6,1,28,6,1598,1,17,-1,1,-1
2015460259886,1,5,0,18,0,0,1,0,0,0,1,1,6,1,67,10,1127,1,21,-1,1,-1
2015460259886,2,9,0,18,0,0,0,0,0,0,2,1,6,1,70,10,1997,1,14,-1,3,-1
2015460259887,1,9,0,9,0,6,0,0,0,0,3,1,6,2,18,4,2143,2,1,-1,1,-1
2015460259887,2,19,0,18,0,1,0,0,0,0,1,1,2,1,18,4,2198,2,1,-1,3,-1
2015460259888,1,2,0,18,0,3,1,0,0,0,0,1,2,1,35,6,125,1,3,-1,1,-1
2015460259890,1,9,0,7,0,6,0,0,0,0,1,1,6,1,20,4,993,1,14,-1,1,-1
2015460259890,2,1,0,2,0,2,0,0,0,0,2,1,6,1,9,2,-1,-1,-1,-1,1,-1
2015460259893,1,9,0,9,0,8,0,0,0,0,3,1,2,1,37,7,1242,1,12,-1,1,-1
2015460259893,2,3,0,18,0,8,0,0,0,0,4,1,2,1,32,6,125,1,1,-1,3,-1
2015460259896,1,3,0,6,0,1,0,0,0,0,2,1,2,1,29,6,125,1,2,-1,1,-1
2015460259896,2,9,0,18,0,1,0,0,0,0,1,1,2,1,31,6,1598,1,1,-1,1,-1
2015460259899,1,9,0,10,0,5,0,0,0,0,1,1,6,1,55,8,1995,2,11,-1,1,-1
2015460259904,1,-1,0,7,0,7,0,0,0,0,1,1,6,3,-1,-1,-1,-1,-1,-1,-1,-1
2015460259906,1,9,0,1,0,0,0,0,0,0,2,1,6,1,33,6,1798,1,12,-1,1,-1
2015460259906,2,9,0,18,0,0,0,0,0,0,4,1,6,1,59,9,1783,1,11,-1,1,-1
2015460259907,1,20,1,18,0,8,0,0,0,0,1,1,6,1,51,8,-1,-1,-1,-1,-1,-1
2015460259907,2,9,0,18,0,8,0,0,0,0,1,1,6,1,66,10,1968,2,1,-1,1,-1
2015460259907,3,21,1,18,0,8,0,0,0,0,2,1,6,1,41,7,12740,2,1,-1,1,-1
2015460259911,1,19,0,18,0,6,0,0,0,0,0,1,6,1,31,6,1753,2,7,-1,1,-1
2015460259911,2,1,0,18,0,8,0,0,0,0,0,1,6,1,22,5,-1,-1,-1,-1,1,-1
2015460259914,1,19,0,14,0,0,0,0,0,0,4,1,1,1,52,8,2198,2,1,-1,1,-1
2015460259916,1,9,0,18,0,0,0,12,0,0,1,1,6,1,20,4,1368,1,6,-1,3,-1
2015460259916,2,9,0,18,0,0,0,12,0,0,1,1,6,2,35,6,1598,1,3,-1,2,-1
2015460259917,1,19,0,18,0,0,0,0,0,0,3,1,6,1,47,8,1995,2,7,-1,1,-1
2015460259919,1,9,0,18,0,0,0,0,0,0,1,1,6,1,30,6,-1,-1,-1,-1,1,-1
2015460259919,2,9,0,4,0,0,0,0,0,0,2,1,6,1,66,10,1343,1,12,-1,-1,-1
2015460259919,3,9,0,4,0,0,0,0,0,0,2,1,6,2,30,6,999,1,13,-1,1,-1
2015460259920,1,9,0,18,0,0,1,0,5,6,1,1,6,1,34,6,2000,2,10,-1,1,-1
2015460259920,2,9,0,18,0,0,0,0,0,0,2,1,6,3,-1,-1,1396,1,12,-1,-1,-1
2015460259920,3,9,0,18,0,0,0,0,0,0,1,1,6,1,51,8,2198,1,14,-1,1,-1
2015460259921,1,9,0,18,0,8,0,7,0,0,1,1,6,2,19,4,1360,1,10,-1,1,-1
2015460259921,2,9,0,18,0,8,0,0,0,0,1,1,6,1,22,5,1798,1,7,-1,1,-1
2015460259924,1,1,0,18,0,0,0,0,1,0,0,1,6,1,37,7,-1,-1,-1,-1,2,-1
2015460259927,1,1,0,18,0,0,0,0,0,0,1,1,6,2,57,9,-1,-1,-1,-1,1,-1
2015460259929,1,9,0,18,0,8,0,0,0,0,1,1,6,1,49,8,1598,1,11,-1,1,-1
2015460259929,2,9,0,18,0,8,0,0,0,0,2,1,6,2,58,9,998,1,16,-1,1,-1
2015460259932,1,9,0,16,0,2,0,0,7,4,1,1,6,1,79,11,1197,1,1,-1,1,-1
2015460259936,1,2,0,9,0,6,0,0,0,0,1,1,6,1,16,4,-1,-1,-1,-1,1,-1
2015460259936,2,9,0,18,0,1,0,0,0,0,3,1,6,1,26,6,2000,1,10,-1,1,-1
2015460259939,1,9,0,16,0,0,0,0,0,0,3,1,6,1,32,6,1388,1,17,-1,3,-1
2015460259939,2,19,0,17,0,0,0,0,0,0,3,1,1,2,37,7,3920,2,3,-1,-1,-1
2015460259941,1,9,0,17,0,4,0,0,0,0,1,1,6,1,55,8,2231,2,1,-1,1,-1
2015460259941,2,1,0,17,0,3,0,0,0,0,4,1,6,1,62,9,-1,-1,-1,-1,1,-1
2015460259942,1,1,0,18,0,0,0,0,0,0,0,1,6,1,48,8,-1,-1,-1,-1,3,-1
2015460259943,1,9,0,9,0,5,1,0,0,0,1,1,6,1,45,7,1968,2,11,-1,-1,-1
2015460259943,2,5,0,18,0,1,0,0,0,0,1,1,6,1,22,5,645,1,11,-1,-1,-1
2015460259949,1,9,5,5,0,6,0,0,0,0,0,1,6,1,60,9,2498,2,16,-1,1,-1
2015460259949,2,9,5,10,0,1,0,0,0,0,0,1,6,1,32,6,2990,1,21,-1,-1,-1
2015460259949,3,1,0,18,4,1,0,11,0,0,1,1,2,1,41,7,-1,-1,-1,-1,-1,-1
2015460259951,1,4,0,18,9,0,0,0,1,10,3,1,6,2,53,8,689,1,1,-1,2,-1
2015460259953,1,1,0,16,0,0,0,0,0,0,3,1,6,1,48,8,-1,-1,-1,-1,3,-1
2015460259953,2,9,0,18,0,0,0,0,0,0,1,1,6,2,49,8,1586,1,7,-1,3,-1
2015460259954,1,5,0,18,0,8,0,0,0,0,1,1,6,1,24,5,599,1,17,-1,3,-1
2015460259954,2,9,0,18,0,8,0,0,0,0,4,1,6,2,49,8,1598,1,13,-1,1,-1
2015460259958,1,9,0,9,0,0,0,0,0,0,3,1,6,2,47,8,1560,2,7,-1,1,-1
2015460259958,2,5,0,14,0,0,0,0,0,0,1,1,6,1,53,8,1215,1,1,-1,2,-1
2015460259960,1,9,0,16,0,0,0,0,1,3,3,1,6,1,25,5,1598,1,5,-1,3,-1
2015460259960,2,9,0,18,0,0,0,0,0,0,3,1,6,2,43,7,1796,1,9,-1,2,-1
2015460259967,1,9,0,18,6,0,0,0,1,2,1,1,6,1,34,6,1560,2,7,-1,1,-1
2015460259968,1,9,0,18,0,0,0,0,0,0,4,1,6,2,59,9,2149,2,8,-1,1,-1
2015460259980,1,9,0,5,0,0,0,0,0,0,4,1,1,1,31,6,1968,2,7,-1,1,-1
2015460259988,1,9,0,17,0,2,0,0,0,0,1,1,6,1,29,6,1598,1,6,-1,2,-1
2015460259991,1,9,0,1,0,0,0,0,0,0,2,1,6,1,35,6,1560,2,2,-1,1,-1
2015460259991,2,1,0,18,0,0,0,0,0,0,4,1,6,1,19,4,-1,-1,-1,-1,1,-1
2015460259993,1,9,0,9,0,1,0,0,0,0,1,1,6,1,68,10,1845,1,18,-1,1,-1
2015460259993,2,9,0,18,0,1,0,0,0,0,3,1,6,2,24,5,1198,1,6,-1,2,-1
2015460259997,1,9,0,13,0,4,0,0,0,0,4,1,6,3,-1,-1,-1,-1,-1,-1,-1,-1
2015460259997,2,9,0,18,0,4,0,0,0,0,3,1,2,2,31,6,1598,1,10,-1,1,-1
2015460259998,1,9,0,18,0,0,0,0,0,0,3,1,6,2,52,8,1086,1,6,-1,1,-1
2015460260000,1,9,0,11,0,0,1,0,0,0,1,1,1,3,-1,-1,-1,-1,-1,-1,-1,-1
2015460260000,2,9,0,18,0,0,1,0,0,0,2,1,6,2,27,6,1061,1,11,-1,1,-1
2015460260000,3,21,1,18,0,0,0,0,0,0,1,2,6,1,31,6,-1,-1,-1,-1,-1,-1
2015460260004,1,5,0,17,0,0,1,0,1,4,3,1,6,2,27,6,125,1,7,-1,1,-1
2015460260004,2,5,0,17,0,0,0,0,0,0,1,1,6,1,28,6,636,1,2,-1,1,-1
2015460260005,1,9,0,10,0,1,0,0,0,0,1,1,1,1,57,9,1999,2,-1,-1,1,-1
2015460260005,2,3,0,18,0,1,0,0,0,0,1,1,6,1,27,6,-1,-1,-1,-1,1,-1
2015460260006,1,21,0,12,0,0,0,0,0,0,3,2,6,1,40,7,-1,-1,-1,-1,-1,-1
2015460260006,2,9,0,18,0,0,0,0,0,0,4,1,6,1,64,9,1596,1,13,-1,1,-1
2015460260013,1,9,0,18,0,2,1,0,0,0,2,1,6,1,18,4,1124,1,12,-1,2,-1
2015460260013,2,17,0,2,0,2,0,0,0,0,1,1,1,1,54,8,-1,2,2,-1,3,-1
2015460260016,1,9,0,4,0,0,1,0,0,0,1,1,6,1,24,5,1686,2,8,-1,3,-1
2015460260016,2,19,0,4,0,0,0,0,0,0,2,1,1,1,28,6,2198,2,4,-1,1,-1
2015460260016,3,9,0,4,0,0,0,0,0,0,2,1,6,1,49,8,1598,1,1,-1,1,-1
2015460260021,1,9,0,18,0,0,0,0,0,0,1,1,6,1,76,11,1753,2,7,-1,1,-1
2015460260021,2,9,0,18,0,0,0,0,0,0,2,1,6,1,55,8,1598,1,7,-1,1,-1
2015460260022,1,9,0,18,0,0,0,0,1,1,1,1,6,2,49,8,1995,2,-1,-1,3,-1
2015460260023,1,9,0,9,0,2,0,0,0,0,1,1,6,2,53,8,1398,1,1,-1,1,-1
2015460260024,1,9,0,18,0,5,0,0,0,0,1,1,6,2,74,10,1461,2,7,-1,1,-1
2015460260024,2,1,0,18,0,1,0,0,0,0,1,1,6,1,54,8,-1,-1,-1,-1,1,-1
2015460260032,1,5,0,11,0,8,0,0,0,0,4,1,6,1,53,8,1043,1,4,-1,1,-1
2015460260032,2,9,0,9,0,8,0,0,0,0,3,1,6,1,55,8,3456,8,2,-1,1,-1
2015460260035,1,9,0,18,0,1,0,0,0,0,1,1,2,1,19,4,1242,1,12,-1,1,-1
2015460260035,2,9,0,3,0,1,0,0,0,0,2,1,6,1,39,7,3490,1,16,-1,1,-1
2015460260036,1,9,0,5,0,6,0,0,0,0,1,1,6,2,-1,-1,1339,1,11,-1,1,-1
2015460260036,2,1,0,18,0,8,0,0,0,0,2,1,6,1,53,8,-1,-1,-1,-1,2,-1
2015460260037,1,9,0,9,0,5,0,7,0,0,1,1,6,1,31,6,-1,-1,-1,-1,1,-1
2015460260037,2,1,0,9,0,5,1,0,0,0,0,1,6,1,60,9,-1,-1,-1,-1,1,-1
2015460260039,1,9,0,16,0,0,0,0,0,0,3,1,6,1,-1,-1,-1,-1,-1,-1,-1,-1
2015460260039,2,9,0,17,0,0,0,0,1,9,3,1,6,2,44,7,1397,1,7,-1,3,-1
2015460260040,1,9,0,16,0,0,0,0,0,0,1,1,6,2,32,6,1108,1,6,-1,1,-1
2015460260040,2,1,0,17,0,0,0,0,0,0,1,1,1,1,27,6,-1,-1,-1,-1,1,-1
2015460260048,1,9,0,18,0,0,0,0,0,0,3,1,6,1,45,7,-1,-1,-1,-1,-1,-1
2015460260048,2,9,0,18,0,0,0,0,0,0,3,1,6,2,53,8,1587,1,11,-1,1,-1
2015460260050,1,9,0,18,0,4,2,9,1,0,1,1,6,1,27,6,2198,1,15,-1,1,-1
2015460260052,1,9,0,12,0,1,0,0,0,0,3,1,6,1,65,9,1995,2,15,-1,1,-1
2015460260052,2,4,0,18,0,1,0,0,0,0,4,1,6,1,22,5,1137,1,12,-1,1,-1
2015460260054,1,9,0,18,0,0,0,0,0,0,1,1,6,1,33,6,1796,1,14,-1,1,-1
2015460260054,2,19,0,18,0,0,5,0,0,0,2,1,6,1,58,9,2198,2,3,-1,-1,-1
2015460260056,1,9,0,18,0,6,0,0,1,10,3,1,6,2,19,4,1496,2,1,-1,2,-1
2015460260056,2,9,0,18,0,8,0,0,0,0,1,1,6,1,29,6,-1,-1,-1,-1,-1,-1