Accident_Index,Vehicle_Reference,Vehicle_Type,Towing_and_Articulation,Vehicle_Manoeuvre,Vehicle_Location-Restricted_Lane,Junction_Location,Skidding_and_Overturning,Hit_Object_in_Carriageway,Vehicle_Leaving_Carriageway,Hit_Object_off_Carriageway,1st_Point_of_Impact,Was_Vehicle_Left_Hand_Drive?,Journey_Purpose_of_Driver,Sex_of_Driver,Age_of_Driver,Age_Band_of_Driver,Engine_Capacity_(CC),Propulsion_Code,Age_of_Vehicle,Driver_IMD_Decile,Driver_Home_Area_Type,Vehicle_IMD_Decile
2015460260060,1,19,0,18,0,0,0,0,0,0,1,1,6,1,31,6,1753,2,9,-1,1,-1
2015460260060,2,9,0,18,0,0,0,0,0,0,1,1,6,1,60,9,2497,2,11,-1,1,-1
2015460260063,1,19,0,17,0,0,5,0,0,0,1,1,6,1,32,6,1248,2,9,-1,1,-1
2015460260064,1,9,0,17,0,8,0,0,0,0,3,1,6,1,43,7,2231,2,6,-1,-1,-1
2015460260064,2,9,0,18,0,3,5,0,1,0,4,1,6,1,59,9,2143,2,-1,-1,1,-1
2015460260065,1,9,0,7,0,2,0,0,0,0,0,1,6,2,42,7,1587,1,6,-1,1,-1
2015460260065,2,1,0,18,0,1,0,0,0,0,0,1,6,1,52,8,-1,-1,-1,-1,2,-1
2015460260067,1,5,0,13,0,3,0,0,0,0,1,1,6,1,53,8,999,1,5,-1,1,-1
2015460260067,2,9,0,18,0,1,0,0,0,0,1,1,6,1,41,7,1598,1,12,-1,1,-1
2015460260072,1,9,0,18,0,1,0,10,7,1,3,1,6,1,41,7,1988,1,12,-1,2,-1
2015460260078,1,9,0,2,0,0,0,0,0,0,2,1,6,2,41,7,1598,1,10,-1,1,-1
2015460260078,2,9,0,3,0,0,0,0,0,0,1,1,1,1,33,6,-1,-1,-1,-1,-1,-1
2015460260080,1,9,0,12,0,7,5,0,0,0,2,1,6,1,51,8,1596,1,14,-1,1,-1
2015460260080,2,9,0,18,0,1,0,0,0,0,1,1,6,1,34,6,1598,1,9,-1,1,-1
2015460260089,1,9,0,18,0,0,0,0,0,0,4,1,6,1,-1,-1,-1,-1,-1,-1,-1,-1
2015460260091,1,5,0,4,0,1,0,0,0,0,0,1,6,1,68,10,645,1,3,-1,2,-1
2015460260092,1,9,0,14,0,0,0,0,0,0,1,1,6,2,79,11,2544,1,20,-1,1,-1
2015460260092,2,9,0,2,0,0,0,0,0,0,3,1,6,2,46,8,1149,1,15,-1,1,-1
2015460260094,1,21,0,18,0,0,0,0,0,0,2,1,6,1,30,6,-1,-1,-1,-1,-1,-1
2015460260094,2,9,0,18,0,0,0,0,0,0,1,1,6,1,67,10,1988,1,17,-1,3,-1
2015460260097,1,9,0,18,0,3,0,0,0,0,4,1,6,1,-1,-1,-1,-1,-1,-1,-1,-1
2015460260107,1,9,0,9,0,5,0,0,7,10,3,1,6,1,35,6,2143,2,2,-1,1,-1
2015460260107,2,20,0,18,0,1,1,0,7,10,1,1,1,1,26,6,-1,-1,-1,-1,1,-1
2015460260108,1,9,0,16,0,0,1,0,0,0,0,1,6,1,69,10,1596,1,-1,-1,3,-1
2015460260108,2,9,0,17,0,0,0,0,1,3,1,1,1,1,28,6,-1,-1,-1,-1,1,-1
2015460260111,1,1,0,18,0,0,0,0,0,0,1,1,6,1,52,8,-1,-1,-1,-1,3,-1
2015460260111,2,1,0,18,0,0,0,0,0,0,2,1,6,1,-1,-1,-1,-1,-1,-1,1,-1
2015460260112,1,1,0,18,0,0,0,0,0,0,1,1,6,1,55,8,-1,-1,-1,-1,1,-1
2015460260117,1,19,0,18,0,1,0,0,0,0,1,1,6,1,29,6,-1,-1,-1,-1,-1,-1
2015460260117,2,9,0,18,0,1,0,0,0,0,2,1,6,1,31,6,1398,1,3,-1,1,-1
2015460260119,1,3,0,16,0,2,1,0,1,10,3,1,2,1,18,4,102,1,-1,-1,1,-1
2015460260119,2,20,0,17,0,1,0,0,0,0,3,1,2,1,26,6,2488,2,2,-1,1,-1
2015460260120,1,9,0,18,0,0,0,0,0,0,4,1,6,1,53,8,1275,1,19,-1,1,-1
2015460260122,1,9,0,18,0,0,0,0,0,0,0,1,6,3,-1,-1,-1,-1,-1,-1,-1,-1
2015460260122,2,9,0,18,0,0,0,0,1,4,0,1,6,2,41,7,1596,1,13,-1,2,-1
2015460260128,1,9,0,18,0,1,0,0,0,0,3,1,2,2,45,7,1560,2,4,-1,2,-1
2015460260128,2,9,0,9,0,6,0,0,0,0,4,1,2,1,35,6,-1,-1,-1,-1,1,-1
2015460260130,1,9,0,18,0,0,0,0,7,4,1,1,2,2,51,8,1242,1,3,-1,3,-1
2015460260134,1,9,0,18,0,0,0,4,0,0,1,1,6,3,-1,-1,-1,-1,-1,-1,-1,-1
2015460260134,2,9,0,2,6,0,0,0,0,0,3,1,6,2,44,7,1229,1,9,-1,-1,-1
2015460260139,1,9,0,18,0,0,2,0,5,6,3,1,6,1,30,6,1769,2,20,-1,2,-1
2015460260140,1,9,0,18,0,2,0,0,0,0,1,1,6,1,39,7,1596,1,7,-1,1,-1
2015460260141,1,9,0,18,0,0,0,0,2,7,1,1,6,2,21,5,1598,1,11,-1,1,-1
2015460260143,1,9,0,18,0,0,0,0,4,6,3,1,6,2,28,6,1299,1,14,-1,1,-1
2015460260144,1,21,1,18,0,0,0,0,0,0,1,2,1,1,51,8,-1,-1,-1,-1,-1,-1
2015460260144,2,9,0,18,0,0,0,0,0,0,2,1,2,2,56,9,1299,1,7,-1,-1,-1
2015460260147,1,11,0,2,0,0,0,0,0,0,0,1,1,1,46,8,5883,2,14,-1,1,-1
2015460260150,1,9,0,17,0,1,1,0,7,0,4,1,6,1,-1,-1,1796,1,13,-1,-1,-1
2015460260151,1,11,0,2,2,0,0,0,0,0,0,1,1,1,57,9,4500,2,6,-1,-1,-1
2015460260152,1,9,0,9,0,6,0,0,0,0,1,1,6,2,34,6,1995,2,4,-1,1,-1
2015460260152,2,9,0,18,6,1,0,0,0,0,1,1,6,2,25,5,1560,2,8,-1,3,-1
2015460260155,1,9,0,18,0,0,0,0,0,0,1,1,6,1,28,6,1994,1,11,-1,1,-1
2015460260155,2,9,0,3,0,0,0,0,0,0,2,1,6,1,52,8,1598,1,5,-1,3,-1
2015460260156,1,9,0,9,0,1,0,0,0,0,0,1,6,1,53,8,-1,-1,-1,-1,1,-1
2015460260156,2,9,0,18,0,1,0,0,1,0,4,1,6,1,22,5,1995,2,5,-1,1,-1
2015460260156,3,1,0,3,0,1,0,0,1,0,2,1,6,1,68,10,-1,-1,-1,-1,1,-1
2015460260158,1,9,0,17,0,0,5,0,7,10,1,1,2,2,19,4,1360,1,12,-1,1,-1
2015460260160,1,9,0,18,0,0,0,0,0,0,1,1,1,1,36,7,1896,2,5,-1,1,-1
2015460260160,2,9,0,3,0,0,0,0,0,0,2,1,1,2,49,8,2000,1,10,-1,1,-1
2015460260160,3,9,0,3,0,0,0,0,0,0,2,1,6,1,44,7,2254,1,13,-1,1,-1
2015460260160,4,9,0,3,0,0,0,0,0,0,2,1,6,1,29,6,1390,1,5,-1,1,-1
2015460260160,5,9,0,3,0,0,0,0,0,0,2,1,6,1,25,5,1560,2,5,-1,-1,-1
2015460260161,1,17,0,18,0,0,0,0,0,0,0,1,6,3,-1,-1,-1,-1,-1,-1,-1,-1
2015460260164,1,9,0,4,0,0,0,0,0,0,0,1,1,3,-1,-1,-1,-1,-1,-1,-1,-1
2015460260167,1,9,0,18,0,0,5,0,1,10,4,1,1,1,28,6,1360,1,12,-1,1,-1
2015460260168,1,9,0,17,0,0,0,0,0,0,1,1,6,2,38,7,1598,1,11,-1,1,-1
2015460260168,2,1,0,18,0,0,0,0,0,0,1,1,6,1,8,2,-1,-1,-1,-1,1,-1
2015460260170,1,9,0,7,0,6,0,0,0,0,1,1,2,1,26,6,1968,2,2,-1,1,-1
2015460260170,2,9,0,8,0,6,0,0,0,0,2,1,6,2,39,7,1341,1,17,-1,1,-1
2015460260172,1,9,0,9,0,8,0,0,0,0,1,1,6,1,-1,-1,1396,1,18,-1,-1,-1
2015460260172,2,9,0,18,0,1,0,0,0,0,1,1,6,2,36,7,1560,2,-1,-1,1,-1
2015460260176,1,9,0,18,0,0,5,4,0,0,1,1,2,1,19,4,1199,1,12,-1,1,-1
2015460260176,2,9,0,2,0,0,0,0,0,0,1,1,6,3,-1,-1,1360,1,8,-1,1,-1
2015460260176,3,9,0,2,0,0,0,0,0,0,2,1,6,3,-1,-1,1998,2,7,-1,1,-1
2015460260176,4,9,0,2,0,0,0,0,0,0,3,1,6,3,-1,-1,1984,1,14,-1,1,-1
2015460260178,1,9,0,18,0,8,0,0,0,0,3,2,6,1,53,8,-1,-1,-1,-1,-1,-1
2015460260178,2,9,0,7,0,3,0,0,0,0,4,1,6,1,30,6,1997,2,12,-1,1,-1
2015460260179,1,9,0,18,0,0,0,0,0,0,2,1,6,2,36,7,1364,2,5,-1,1,-1
2015460260179,2,9,0,18,0,0,0,0,0,0,1,1,6,1,53,8,2494,1,15,-1,1,-1
2015460260186,1,19,0,18,0,1,0,0,0,0,1,1,6,3,-1,-1,-1,-1,-1,-1,-1,-1
2015460260186,2,9,0,4,0,1,0,0,0,0,2,1,6,1,65,9,1870,2,11,-1,1,-1
2015460260190,1,4,0,17,0,8,1,0,1,0,0,1,6,1,26,6,599,1,7,-1,1,-1
2015460260190,2,17,0,16,0,8,0,0,0,0,0,1,6,3,-1,-1,-1,-1,-1,-1,-1,-1
2015460260192,1,9,0,18,0,0,0,0,0,0,3,1,6,3,-1,-1,1598,1,6,-1,-1,-1
2015460260192,2,9,0,2,0,0,0,0,0,0,4,1,6,2,36,7,1999,1,8,-1,1,-1
2015460260195,1,19,0,18,0,1,0,0,0,0,1,1,1,3,-1,-1,-1,-1,-1,-1,-1,-1
2015460260195,2,1,0,18,0,1,0,0,0,0,3,1,6,1,19,4,-1,-1,-1,-1,-1,-1
2015460260198,1,20,0,10,0,6,0,0,0,0,1,1,6,1,25,5,-1,-1,-1,-1,1,-1
2015460260198,2,9,0,18,0,8,0,0,0,0,3,1,6,1,27,6,1896,2,8,-1,1,-1
2015460260200,1,9,3,13,0,0,4,0,5,6,3,1,6,1,50,8,1896,2,16,-1,1,-1
2015460260201,1,9,0,9,0,6,0,0,0,0,3,1,6,1,60,9,1598,1,6,-1,1,-1
2015460260201,2,3,0,18,0,1,0,0,0,0,1,1,2,1,23,5,-1,-1,-1,-1,1,-1
2015460260205,1,9,0,18,0,0,0,0,0,0,3,1,1,1,25,5,-1,-1,-1,-1,3,-1
2015460260205,2,9,0,18,0,0,0,0,0,0,3,1,6,1,61,9,1995,2,3,-1,1,-1
2015460260212,1,9,0,4,0,8,0,0,0,0,1,1,6,1,34,6,1984,1,13,-1,1,-1
2015460260212,2,9,0,4,0,8,0,0,0,0,2,1,6,1,68,10,1797,8,3,-1,1,-1
2015460260212,3,9,0,4,0,8,0,0,0,0,2,1,6,2,34,6,1986,2,9,-1,3,-1
2015460260212,4,9,0,4,0,8,0,0,0,0,2,1,6,2,21,5,1598,2,4,-1,1,-1
2015460260212,5,9,0,4,0,8,0,0,0,0,2,1,6,2,42,7,1598,1,10,-1,1,-1
2015460260212,6,9,0,4,0,8,0,0,0,0,2,1,6,2,29,6,1598,1,13,-1,1,-1
2015460260214,1,21,0,18,0,3,0,0,0,0,1,1,1,1,50,8,-1,-1,-1,-1,-1,-1
2015460260214,2,9,0,18,0,3,1,0,0,0,2,1,1,1,32,6,1997,2,14,-1,-1,-1
2015460260215,1,9,0,18,0,1,0,0,0,0,1,1,2,1,20,4,1149,1,13,-1,1,-1
2015460260215,2,9,0,18,0,1,0,0,0,0,2,1,6,2,32,6,1591,1,1,-1,1,-1
2015460260216,1,9,0,5,0,3,1,10,1,0,3,1,2,2,32,6,1587,1,16,-1,1,-1
2015460260218,1,9,0,18,0,0,0,0,0,0,1,1,6,1,24,5,1796,1,10,-1,-1,-1
2015460260218,2,9,0,2,0,0,0,0,0,0,3,1,6,3,-1,-1,-1,-1,-1,-1,-1,-1
2015460260218,3,9,0,2,0,0,0,0,0,0,3,1,6,2,-1,-1,1198,1,11,-1,-1,-1
2015460260218,4,9,0,2,0,0,0,0,0,0,3,1,6,1,-1,-1,1600,1,16,-1,-1,-1
2015460260219,1,9,0,4,0,1,0,0,0,0,1,1,6,2,24,5,1596,1,14,-1,1,-1
2015460260219,2,9,0,4,0,1,0,0,0,0,2,1,6,1,23,5,1242,1,1,-1,1,-1
2015460260220,1,9,0,18,0,2,0,0,0,0,1,1,6,2,38,7,1896,2,11,-1,2,-1
2015460260221,1,3,0,18,0,0,1,10,1,0,4,1,1,1,18,4,124,1,6,-1,1,-1
2015460260223,1,9,0,18,0,1,0,0,0,0,1,1,6,1,31,6,-1,-1,-1,-1,1,-1
2015460260223,2,9,0,10,0,1,0,0,0,0,1,1,6,2,22,5,1242,1,1,-1,1,-1
2015460260224,1,9,0,18,0,1,0,0,0,0,1,1,6,2,35,6,1997,2,5,-1,1,-1
2015460260224,2,9,0,4,0,1,0,0,0,0,2,1,6,2,46,8,2295,1,16,-1,-1,-1
2015460260224,3,9,0,4,0,2,0,0,0,0,2,1,6,2,55,8,999,1,2,-1,1,-1
2015460260225,1,9,0,4,0,6,0,0,0,0,3,1,6,1,62,9,-1,-1,-1,-1,-1,-1
2015460260225,2,9,0,18,0,8,0,0,0,0,1,1,6,1,30,6,-1,-1,-1,-1,1,-1
2015460260226,1,19,0,18,0,0,0,0,0,0,4,1,2,1,34,6,1968,2,2,-1,1,-1
2015460260227,1,9,0,18,0,1,0,0,0,0,1,1,6,2,20,4,1587,1,9,-1,2,-1
2015460260227,2,9,0,4,0,1,0,0,0,0,2,1,6,1,29,6,-1,-1,-1,-1,1,-1
2015460260228,1,9,0,8,0,1,0,0,0,0,4,1,6,3,-1,-1,-1,-1,-1,-1,-1,-1
2015460260230,1,9,0,18,0,0,5,7,3,10,1,1,6,2,34,6,1796,1,18,-1,1,-1
2015460260231,1,9,0,18,0,0,0,0,0,0,1,1,2,1,24,5,1798,1,9,-1,-1,-1
2015460260231,2,5,0,7,0,0,0,0,0,0,2,1,6,1,44,7,899,1,15,-1,-1,-1
2015460260236,1,9,0,18,0,1,0,0,0,0,1,1,6,1,-1,-1,-1,-1,-1,-1,-1,-1
2015460260236,2,9,0,3,0,1,0,0,0,0,2,1,6,2,26,6,1398,2,5,-1,1,-1
2015460260238,1,9,0,4,0,0,0,0,0,0,0,1,6,1,-1,-1,-1,-1,-1,-1,1,-1
2015460260238,2,9,0,4,0,0,0,0,0,0,0,1,6,1,48,8,-1,-1,-1,-1,-1,-1
2015460260243,1,9,0,4,0,4,0,0,0,0,1,1,6,2,41,7,1769,1,12,-1,1,-1
2015460260243,2,4,0,4,0,4,0,0,0,0,2,1,6,1,51,8,198,1,12,-1,1,-1
2015460260244,1,3,0,7,0,5,1,0,0,0,0,1,1,1,21,5,49,1,12,-1,2,-1
2015460260245,1,9,0,18,0,0,2,10,0,0,1,1,6,2,18,4,995,1,7,-1,2,-1
2015460260247,1,9,0,5,0,0,0,0,0,0,0,1,1,2,18,4,1198,1,1,-1,-1,-1
2015460260247,2,2,0,3,0,0,0,0,0,0,0,1,1,1,18,4,49,1,7,-1,-1,-1
2015460260258,1,2,0,18,0,8,1,0,0,0,1,1,6,1,17,4,125,1,15,-1,2,-1
2015460260258,2,9,0,9,0,8,0,0,0,0,2,1,6,1,57,9,2496,1,9,-1,1,-1
2015460260265,1,9,0,9,0,6,0,0,0,0,3,1,6,2,42,7,1598,1,9,-1,3,-1
2015460260265,2,4,0,18,0,1,0,0,0,0,1,1,6,1,43,7,124,1,1,-1,3,-1
2015460260269,1,9,0,18,0,1,0,0,0,0,4,1,1,1,35,6,-1,-1,-1,-1,1,-1
2015460260269,2,19,0,3,0,1,0,0,0,0,3,1,1,1,44,7,1998,2,10,-1,1,-1
2015460260269,3,9,0,10,0,2,0,0,0,0,2,1,1,1,36,7,1598,1,8,-1,1,-1
2015460260270,1,9,0,18,0,0,0,0,0,0,3,1,2,1,48,8,1998,1,18,-1,2,-1
2015460260270,2,9,0,18,0,0,0,0,0,0,3,1,1,1,38,7,-1,-1,-1,-1,3,-1
2015460260274,1,9,0,18,0,0,0,0,0,0,1,1,6,1,27,6,1560,2,10,-1,1,-1
2015460260274,2,9,0,4,0,0,0,0,0,0,2,1,6,1,31,6,1400,1,15,-1,1,-1
2015460260274,3,9,0,3,0,0,0,0,0,0,2,1,6,1,40,7,1896,2,11,-1,1,-1
2015460260274,4,9,0,4,0,0,0,0,0,0,2,1,6,2,47,8,1242,1,8,-1,1,-1
2015460260280,1,2,0,13,0,1,0,0,0,0,3,1,6,1,16,4,49,1,4,-1,2,-1
2015460260280,2,9,0,9,0,1,0,0,0,0,4,1,6,2,31,6,2967,2,1,-1,1,-1
2015460260280,3,9,0,2,0,1,0,0,0,0,1,1,6,3,-1,-1,-1,-1,-1,-1,-1,-1
2015460260282,1,5,0,15,0,4,1,0,0,0,4,1,6,1,32,6,645,1,12,-1,1,-1
2015460260282,2,21,0,18,0,4,0,0,0,0,2,1,1,1,26,6,-1,2,8,-1,1,-1
2015460260284,1,3,0,15,0,0,0,0,0,0,1,1,6,1,18,4,124,1,16,-1,1,-1
2015460260288,1,9,0,11,0,0,0,0,0,0,4,1,6,1,21,5,1596,1,9,-1,1,-1
2015460260288,2,9,0,18,0,0,0,0,5,6,3,1,6,1,17,4,1149,1,11,-1,1,-1
2015460260290,1,9,0,18,0,1,1,0,0,0,1,1,2,2,21,5,1299,1,13,-1,1,-1
2015460260290,2,9,0,4,0,1,0,0,0,0,2,1,6,1,22,5,999,1,-1,-1,1,-1
2015460260297,1,9,0,18,0,0,0,0,1,0,1,1,6,1,61,9,2099,1,13,-1,1,-1
2015460260306,1,3,0,18,0,4,0,0,0,0,1,1,1,1,23,5,124,1,1,-1,1,-1
2015460260306,2,9,0,18,0,4,0,0,0,0,2,1,6,1,43,7,2000,1,6,-1,1,-1
2015460260309,1,9,0,16,9,0,1,4,1,0,1,1,1,1,38,7,1299,1,22,-1,1,-1
2015460260309,2,9,0,2,9,0,5,0,0,0,2,1,6,2,52,8,799,2,3,-1,3,-1
2015460260311,1,9,0,5,0,8,0,0,0,0,4,1,6,1,78,11,1560,2,5,-1,1,-1
2015460260311,2,9,0,18,0,8,0,0,0,0,3,1,1,1,60,9,1229,1,1,-1,1,-1
2015460260312,1,9,0,10,0,2,0,0,0,0,3,1,6,2,33,6,1995,2,2,-1,1,-1
2015460260312,2,1,0,18,0,1,0,0,0,0,1,1,6,1,54,8,-1,-1,-1,-1,1,-1
2015460260317,1,9,0,18,0,0,0,0,2,7,1,1,6,1,19,4,1229,1,2,-1,1,-1
2015460260317,2,21,0,18,0,0,0,0,0,0,2,2,1,1,44,7,-1,-1,-1,-1,-1,-1
2015460260317,3,9,0,18,0,0,0,0,0,0,1,1,6,3,-1,-1,-1,-1,-1,-1,-1,-1
2015460260320,1,5,0,4,0,0,0,0,0,0,4,1,1,1,27,6,680,1,7,-1,-1,-1
2015460260321,1,9,0,18,0,0,0,0,0,0,1,1,6,1,24,5,1396,1,5,-1,3,-1
2015460260322,1,9,0,18,0,0,0,2,0,0,1,1,1,1,24,5,1900,2,11,-1,1,-1
2015460260322,2,20,0,18,0,0,0,0,0,0,1,1,6,1,56,9,10837,2,-1,-1,1,-1
2015460260323,1,9,0,18,0,0,0,0,1,7,4,1,2,2,19,4,1242,1,7,-1,1,-1
2015460260327,1,9,0,18,0,0,5,4,1,10,3,1,1,1,56,9,1968,2,6,-1,-1,-1
2015460260327,2,9,0,2,0,0,0,0,0,0,3,1,6,2,-1,-1,1198,1,9,-1,1,-1
2015460260327,3,9,0,2,0,0,0,0,0,0,3,1,6,1,-1,-1,1560,2,3,-1,-1,-1
2015460260327,4,9,0,2,0,0,0,0,0,0,3,1,6,1,-1,-1,1984,1,11,-1,1,-1
2015460260327,5,9,0,2,0,0,0,0,0,0,3,1,6,2,-1,-1,-1,-1,-1,-1,1,-1
2015460260328,1,9,0,7,0,6,0,0,0,0,1,1,6,3,-1,-1,1242,1,13,-1,-1,-1
2015460260328,2,9,0,17,0,8,0,0,0,0,4,1,6,2,33,6,1332,1,17,-1,1,-1
2015460260329,1,9,0,9,0,8,0,0,0,0,3,1,6,3,-1,-1,-1,-1,-1,-1,-1,-1
2015460260331,1,5,0,18,0,0,1,4,0,0,1,1,6,1,25,5,600,1,15,-1,1,-1
2015460260331,2,9,0,9,0,0,0,0,0,0,1,1,2,2,47,8,1998,2,9,-1,1,-1
2015460260331,3,9,0,2,0,0,0,0,0,0,1,1,6,1,52,8,2445,2,20,-1,1,-1
2015460260333,1,21,0,18,0,2,0,0,0,0,4,1,1,1,47,8,3920,2,7,-1,-1,-1
2015460260334,1,9,0,17,0,0,1,0,0,0,4,1,1,2,18,4,1390,1,11,-1,1,-1
2015460260334,2,9,0,16,0,0,0,0,0,0,3,1,6,2,28,6,2521,1,9,-1,1,-1
2015460260338,1,9,0,16,0,0,0,0,1,0,0,1,2,2,25,5,1360,1,11,-1,1,-1
2015460260341,1,9,0,18,0,0,1,0,0,0,1,1,6,1,28,6,1299,1,17,-1,1,-1
2015460260341,2,9,0,18,0,0,0,0,0,0,2,1,6,1,50,8,1794,1,13,-1,1,-1
2015460260342,1,1,0,18,0,0,0,0,0,0,1,1,6,1,49,8,-1,-1,-1,-1,1,-1
2015460260342,2,9,0,18,0,0,0,0,0,0,2,1,6,1,-1,-1,-1,-1,-1,-1,-1,-1
2015460260347,1,21,1,18,0,0,3,0,1,1,1,1,1,1,51,8,12419,2,4,-1,2,-1
2015460260348,1,9,0,18,0,0,0,0,0,0,3,1,6,1,37,7,1199,1,13,-1,1,-1
2015460260350,1,9,0,18,0,1,0,0,0,0,1,1,6,1,72,10,1798,1,4,-1,3,-1
2015460260350,2,9,0,10,0,5,0,0,0,0,2,1,6,2,52,8,1490,1,7,-1,1,-1
2015460260351,1,9,0,18,0,0,1,0,8,3,3,1,2,1,21,5,1198,1,8,-1,1,-1
2015460260352,1,9,0,18,0,0,0,0,4,6,1,1,2,1,20,4,1595,1,8,-1,1,-1
2015460260359,1,9,0,17,0,3,5,0,1,7,4,1,6,1,41,7,2179,2,3,-1,1,-1
2015460260360,1,9,0,13,0,4,0,10,1,7,4,1,1,1,39,7,1968,2,1,-1,1,-1
2015460260360,2,9,0,18,0,4,0,0,0,0,3,1,6,2,61,9,1560,2,2,-1,1,-1
2015460260363,1,4,0,16,0,0,0,0,0,0,1,1,2,1,25,5,599,1,5,-1,1,-1
2015460260363,2,9,0,17,0,0,0,0,1,0,1,1,6,2,51,8,-1,-1,-1,-1,2,-1
2015460260364,1,9,0,4,0,2,0,0,0,0,2,1,6,1,43,7,-1,-1,-1,-1,1,-1
2015460260364,2,3,0,18,0,2,0,0,0,0,1,1,6,2,50,8,125,1,-1,-1,1,-1
2015460260364,3,9,0,18,0,2,0,0,0,0,0,1,6,1,-1,-1,-1,-1,-1,-1,1,-1
2015460260365,1,9,0,7,0,6,0,0,0,0,4,1,6,3,-1,-1,-1,-1,-1,-1,-1,-1
2015460260367,1,9,0,9,0,4,0,0,0,0,1,1,6,2,46,8,1781,1,13,-1,-1,-1
2015460260367,2,9,0,5,0,4,0,0,0,0,1,1,6,1,24,5,1560,2,8,-1,-1,-1
2015460260368,1,9,0,18,0,0,0,0,0,0,0,1,6,3,-1,-1,-1,-1,-1,-1,-1,-1
2015460260368,2,9,0,18,0,0,0,0,0,0,0,1,6,2,36,7,1796,1,2,-1,3,-1
2015460260369,1,3,0,17,0,0,0,0,0,0,4,1,6,3,-1,-1,124,1,-1,-1,-1,-1
2015460260370,1,9,0,9,0,6,0,0,0,0,0,1,1,1,56,9,-1,-1,-1,-1,2,-1
2015460260370,2,4,0,9,0,6,1,0,0,0,0,1,1,2,54,8,998,1,9,-1,-1,-1
2015460260375,1,9,0,18,0,0,0,0,0,0,2,1,6,3,-1,-1,-1,-1,-1,-1,-1,-1
2015460260375,2,1,0,18,0,0,0,0,0,0,2,1,6,1,17,4,-1,-1,-1,-1,1,-1
2015460260376,1,2,0,18,9,1,0,0,0,0,4,1,6,3,-1,-1,-1,-1,-1,-1,-1,-1
2015460260379,1,9,0,18,0,0,0,12,0,0,1,1,6,1,43,7,1796,1,17,-1,1,-1
2015460260381,1,19,0,18,0,0,0,0,0,0,1,1,6,1,45,7,2198,2,8,-1,1,-1
2015460260384,1,9,0,18,0,1,0,0,0,0,1,1,6,1,22,5,1598,1,14,-1,2,-1
2015460260384,2,9,0,4,0,1,0,0,1,0,2,1,6,1,49,8,1587,1,11,-1,1,-1
2015460260384,3,9,0,10,0,1,0,0,0,0,4,1,6,2,27,6,1796,1,17,-1,1,-1
2015460260385,1,9,0,7,0,1,0,0,0,0,1,1,6,1,27,6,1968,2,8,-1,-1,-1
2015460260385,2,9,0,18,0,1,0,0,0,0,4,1,6,1,81,11,1998,1,21,-1,1,-1
2015460260386,1,9,0,9,0,5,0,0,0,0,1,1,6,2,59,9,2393,1,17,-1,2,-1
2015460260386,2,9,0,18,0,1,0,0,0,0,1,1,6,2,46,8,1422,2,11,-1,1,-1
2015460260387,1,19,0,4,0,1,1,0,0,0,1,1,1,1,39,7,1598,2,-1,-1,-1,-1
2015460260387,2,19,0,3,0,1,0,0,0,0,2,1,1,1,56,9,1997,2,9,-1,-1,-1
2015460260387,3,9,0,10,0,1,0,0,0,0,0,1,6,1,60,9,1560,2,6,-1,-1,-1
2015460260387,4,9,0,3,0,1,0,0,0,0,2,1,1,1,69,10,1992,2,8,-1,-1,-1
2015460260387,5,9,0,18,0,1,0,0,0,0,1,1,1,1,30,6,1600,1,11,-1,-1,-1
2015460260387,6,19,0,2,0,8,0,0,0,0,1,1,6,1,48,8,2287,2,7,-1,-1,-1
2015460260394,1,19,0,9,0,2,0,0,0,0,1,1,6,1,33,6,2198,2,4,-1,1,-1
2015460260400,1,9,0,9,0,5,0,0,0,0,1,1,6,1,18,4,-1,-1,-1,-1,1,-1
2015460260400,2,3,0,15,0,1,0,0,0,0,1,1,6,1,29,6,-1,-1,-1,-1,1,-1
2015460260401,1,9,0,16,0,0,0,0,0,0,1,1,6,1,25,5,1600,1,23,-1,1,-1
2015460260401,2,21,0,17,0,0,0,0,0,0,1,1,6,1,47,8,-1,-1,-1,-1,1,-1
2015460260405,1,9,0,18,0,2,0,6,2,7,1,1,6,2,21,5,1364,1,8,-1,1,-1
2015460260408,1,19,0,18,0,4,1,0,0,0,1,1,6,1,24,5,1998,2,9,-1,1,-1
2015460260408,2,1,0,18,0,8,0,0,0,0,1,1,2,1,51,8,-1,-1,-1,-1,1,-1
2015460260409,1,9,0,17,0,0,0,0,0,0,1,1,6,1,19,4,998,1,6,-1,1,-1
2015460260409,2,3,0,16,0,0,0,0,0,0,1,1,6,1,-1,-1,125,1,22,-1,1,-1
2015460260410,1,9,0,9,0,6,0,0,3,4,3,1,2,2,18,4,998,1,12,-1,1,-1
2015460260410,2,11,0,17,0,1,0,0,0,0,1,1,1,1,43,7,4250,2,4,-1,1,-1
2015460260413,1,9,0,18,0,1,0,0,0,0,1,1,6,1,19,4,973,1,13,-1,1,-1
2015460260413,2,9,0,4,0,1,0,0,0,0,2,1,6,1,48,8,1997,2,2,-1,1,-1
2015460260413,3,9,0,10,0,1,0,0,0,0,2,1,6,1,28,6,1339,1,5,-1,-1,-1
2015460260416,1,5,0,18,0,0,1,0,1,7,1,1,6,1,22,5,599,1,7,-1,3,-1