Accident_Index,Vehicle_Reference,Vehicle_Type,Towing_and_Articulation,Vehicle_Manoeuvre,Vehicle_Location-Restricted_Lane,Junction_Location,Skidding_and_Overturning,Hit_Object_in_Carriageway,Vehicle_Leaving_Carriageway,Hit_Object_off_Carriageway,1st_Point_of_Impact,Was_Vehicle_Left_Hand_Drive?,Journey_Purpose_of_Driver,Sex_of_Driver,Age_of_Driver,Age_Band_of_Driver,Engine_Capacity_(CC),Propulsion_Code,Age_of_Vehicle,Driver_IMD_Decile,Driver_Home_Area_Type,Vehicle_IMD_Decile
2015460260814,1,19,0,1,0,1,0,0,0,0,2,1,1,3,-1,-1,-1,-1,-1,-1,-1,-1
2015460260814,2,1,0,18,0,8,0,0,0,0,3,1,6,1,14,3,-1,-1,-1,-1,1,-1
2015460260816,1,9,0,18,0,0,0,0,0,0,1,1,6,2,40,7,1598,2,3,-1,1,-1
2015460260816,2,1,0,18,0,0,0,0,0,0,1,1,6,2,56,9,-1,-1,-1,-1,2,-1
2015460260817,1,9,0,18,0,0,0,0,0,0,2,1,2,2,22,5,1598,1,8,-1,1,-1
2015460260817,2,9,0,18,0,0,0,0,0,0,2,1,2,2,55,8,1995,2,1,-1,1,-1
2015460260819,1,90,0,18,0,0,0,0,0,0,1,2,6,1,35,6,-1,-1,-1,-1,1,-1
2015460260819,2,9,0,18,0,0,0,0,0,0,2,1,6,2,21,5,875,1,3,-1,3,-1
2015460260823,1,9,0,18,0,0,0,0,0,0,1,1,6,1,50,8,4367,2,2,-1,1,-1
2015460260823,2,9,0,18,0,0,0,0,0,0,1,1,6,1,48,8,1999,1,9,-1,3,-1
2015460260823,3,9,0,18,0,0,0,0,0,0,2,1,6,2,45,7,3311,8,8,-1,1,-1
2015460260826,1,3,0,4,0,0,1,0,0,0,3,1,2,1,21,5,124,1,12,-1,1,-1
2015460260827,1,9,0,18,0,0,0,0,0,0,1,1,6,1,69,10,1598,2,3,-1,-1,-1
2015460260828,1,10,0,5,3,0,0,0,0,0,0,1,1,1,50,8,-1,-1,-1,-1,3,-1
2015460260830,1,5,0,4,0,0,0,0,0,0,1,1,2,1,50,8,675,1,2,-1,3,-1
2015460260830,2,9,0,4,0,0,0,0,0,0,2,1,2,2,53,8,1390,1,3,-1,2,-1
2015460260832,1,9,0,9,0,2,0,0,0,0,4,1,6,1,27,6,1242,1,12,-1,1,-1
2015460260832,2,4,0,16,0,1,1,0,1,0,1,1,6,1,17,4,125,1,1,-1,1,-1
2015460260836,1,5,0,17,0,1,1,0,1,0,4,1,6,1,45,7,1043,1,3,-1,1,-1
2015460260838,1,9,0,18,0,0,1,0,0,0,1,1,6,1,70,10,1895,1,14,-1,1,-1
2015460260838,2,21,0,18,0,0,0,0,0,0,4,1,6,1,41,7,-1,-1,-1,-1,-1,-1
2015460260839,1,21,1,12,0,0,0,0,0,0,3,2,1,1,34,6,-1,-1,-1,-1,-1,-1
2015460260839,2,9,0,18,0,0,5,0,0,0,4,1,6,1,44,7,1596,1,7,-1,1,-1
2015460260840,1,9,0,18,0,0,0,0,0,0,1,1,6,3,-1,-1,1998,2,12,-1,-1,-1
2015460260840,2,9,0,1,0,0,0,0,0,0,2,1,6,1,24,5,1587,1,13,-1,1,-1
2015460260840,3,9,0,2,0,0,0,0,0,0,2,1,6,1,28,6,1598,1,7,-1,1,-1
2015460260842,1,9,0,18,0,0,1,0,0,0,1,1,6,2,20,4,1299,1,7,-1,3,-1
2015460260842,2,9,0,18,0,0,0,0,0,0,1,1,6,1,61,9,1299,1,16,-1,1,-1
2015460260843,1,9,0,9,0,5,0,0,0,0,3,1,6,2,23,5,1753,2,10,-1,1,-1
2015460260843,2,9,0,18,0,8,0,0,0,0,3,1,6,2,32,6,1598,1,15,-1,1,-1
2015460260845,1,9,0,18,0,0,0,0,0,0,3,1,6,3,-1,-1,-1,-1,-1,-1,-1,-1
2015460260845,2,9,0,18,0,0,0,0,0,0,3,1,2,1,47,8,1796,1,15,-1,1,-1
2015460260848,1,21,0,12,0,0,0,0,0,0,3,2,1,1,46,8,-1,-1,-1,-1,-1,-1
2015460260848,2,9,0,18,0,0,0,0,1,7,4,1,6,1,53,8,2495,1,14,-1,1,-1
2015460260849,1,9,0,18,0,0,1,0,1,0,1,1,6,2,38,7,1686,2,7,-1,1,-1
2015460260849,2,9,0,18,0,0,0,0,0,0,2,1,1,1,61,9,999,1,-1,-1,1,-1
2015460260851,1,9,0,18,0,0,0,0,0,0,1,1,6,1,39,7,1995,2,-1,-1,3,-1
2015460260851,2,9,0,4,0,0,0,0,0,0,2,1,6,1,38,7,1753,2,13,-1,1,-1
2015460260851,3,19,0,4,0,0,0,0,0,0,2,1,6,1,25,5,1896,2,10,-1,1,-1
2015460260851,4,9,0,4,0,0,0,0,0,0,2,1,6,1,54,8,-1,-1,-1,-1,1,-1
2015460260857,1,9,0,17,0,1,1,0,3,4,1,1,6,1,19,4,1198,1,13,-1,1,-1
2015460260859,1,1,0,9,0,1,0,0,0,0,1,1,3,1,32,6,-1,-1,-1,-1,1,-1
2015460260859,2,9,0,9,0,5,0,0,1,0,1,1,2,2,37,7,-1,-1,-1,-1,-1,-1
2015460260863,1,9,0,18,0,0,1,0,2,7,1,1,6,1,21,5,-1,-1,-1,-1,-1,-1
2015460260865,1,9,0,18,0,0,0,0,0,0,1,1,6,1,75,10,1299,1,7,-1,2,-1
2015460260865,2,9,0,18,0,0,0,0,0,0,1,1,6,2,41,7,1587,1,13,-1,1,-1
2015460260866,1,9,0,1,0,0,0,0,0,0,2,1,6,1,23,5,2497,1,11,-1,2,-1
2015460260866,2,9,0,2,0,0,0,0,0,0,1,1,6,1,54,8,1896,2,20,-1,3,-1
2015460260867,1,11,0,4,0,0,0,0,0,0,0,1,1,2,30,6,4461,2,-1,-1,1,-1
2015460260868,1,9,0,18,0,0,0,0,0,0,1,1,6,2,25,5,1390,1,3,-1,1,-1
2015460260868,2,9,0,18,0,0,0,0,0,0,2,1,6,2,29,6,799,2,6,-1,2,-1
2015460260870,1,9,0,16,0,3,0,0,0,0,1,1,6,2,39,7,998,1,7,-1,3,-1
2015460260872,1,9,0,9,0,1,0,0,0,0,1,1,2,1,30,6,1762,1,18,-1,1,-1
2015460260872,2,9,0,18,0,1,0,0,0,0,4,1,2,2,17,4,1229,1,4,-1,1,-1
2015460260874,1,9,0,16,0,4,0,0,0,0,1,1,2,1,52,8,1398,2,13,-1,1,-1
2015460260874,2,9,0,16,0,4,0,0,0,0,2,1,2,2,66,10,1242,1,9,-1,3,-1
2015460260878,1,1,0,18,0,0,1,0,0,0,0,1,6,1,37,7,-1,-1,-1,-1,1,-1
2015460260881,1,5,0,18,0,1,0,0,0,0,2,1,6,1,50,8,998,1,8,-1,3,-1
2015460260881,2,9,0,4,0,1,0,0,0,0,1,1,6,1,70,10,1997,2,7,-1,2,-1
2015460260883,1,9,0,18,0,8,0,0,0,0,1,1,6,2,55,8,1596,1,9,-1,1,-1
2015460260883,2,1,0,9,0,8,0,0,0,0,2,1,6,2,60,9,-1,-1,-1,-1,1,-1
2015460260884,1,9,0,18,0,8,0,0,0,0,1,1,6,1,19,4,1395,1,1,-1,2,-1
2015460260884,2,9,0,3,0,1,0,0,0,0,2,1,6,1,66,10,1246,1,9,-1,2,-1
2015460260885,1,9,0,18,0,8,0,0,0,0,1,1,6,1,23,5,-1,-1,-1,-1,1,-1
2015460260885,2,9,0,2,0,2,0,0,0,0,2,1,6,1,18,4,1199,1,14,-1,1,-1
2015460260887,1,19,0,18,0,1,0,0,0,0,1,1,1,1,29,6,2198,2,2,-1,1,-1
2015460260887,2,9,0,4,0,1,0,0,0,0,2,1,6,2,19,4,1587,1,9,-1,1,-1
2015460260888,1,2,0,4,0,1,1,0,0,0,1,1,6,1,23,5,124,1,5,-1,1,-1
2015460260888,2,9,0,4,0,1,0,0,0,0,2,1,1,2,27,6,1199,1,13,-1,1,-1
2015460260889,1,9,0,4,0,1,1,0,0,0,1,1,6,1,21,5,1124,1,13,-1,1,-1
2015460260889,2,9,0,3,0,1,0,0,0,0,2,1,2,2,28,6,1461,2,2,-1,1,-1
2015460260891,1,9,0,18,0,0,2,0,1,0,1,1,6,1,25,5,1199,1,12,-1,1,-1
2015460260891,2,9,0,18,0,0,1,0,4,6,2,1,6,1,-1,-1,-1,-1,-1,-1,1,-1
2015460260894,1,9,0,12,0,0,0,0,0,0,1,1,6,1,20,4,1598,1,9,-1,1,-1
2015460260894,2,9,0,18,0,0,0,0,0,0,2,1,6,1,38,7,1242,1,2,-1,1,-1
2015460260894,3,9,0,18,0,0,0,0,0,0,2,1,6,1,42,7,1956,2,4,-1,1,-1
2015460260897,1,5,0,13,0,0,0,0,1,0,1,1,1,1,44,7,790,1,11,-1,1,-1
2015460260897,2,9,0,18,0,0,0,0,0,0,1,1,6,2,62,9,1796,1,3,-1,1,-1
2015460260898,1,9,0,18,0,5,0,0,0,0,1,1,6,3,-1,-1,-1,-1,-1,-1,-1,-1
2015460260898,2,9,0,18,0,5,0,0,0,0,2,1,6,2,39,7,1598,1,9,-1,1,-1
2015460260899,1,9,0,5,0,4,0,0,0,0,1,1,6,1,67,10,-1,-1,-1,-1,1,-1
2015460260899,2,9,0,18,0,4,0,0,0,0,2,1,1,1,50,8,1968,2,2,-1,1,-1
2015460260902,1,9,0,18,0,1,0,0,0,0,1,1,6,2,51,8,1896,2,14,-1,3,-1
2015460260902,2,9,0,3,0,8,0,0,0,0,2,1,6,2,45,7,1951,2,13,-1,3,-1
2015460260902,3,9,0,3,0,8,0,0,0,0,2,1,6,1,39,7,1598,1,13,-1,1,-1
2015460260903,1,11,0,2,0,0,0,0,0,0,0,1,1,1,57,9,-1,2,15,-1,1,-1
2015460260909,1,9,0,18,0,0,0,0,0,0,4,1,6,3,-1,-1,-1,-1,-1,-1,-1,-1
2015460260913,1,9,0,18,0,6,0,0,0,0,4,1,6,1,56,9,1461,2,5,-1,1,-1
2015460260913,2,9,0,18,0,1,0,0,0,0,1,1,6,1,71,10,-1,-1,-1,-1,3,-1
2015460260914,1,9,0,4,0,0,0,0,0,0,4,1,1,1,37,7,1124,1,11,-1,-1,-1
2015460260914,2,9,0,18,0,0,0,0,0,0,1,1,6,1,62,9,2987,2,2,-1,1,-1
2015460260915,1,9,0,12,0,0,1,0,5,6,1,1,6,1,34,6,1108,1,5,-1,1,-1
2015460260917,1,1,0,18,0,1,0,0,0,0,1,1,2,1,33,6,-1,-1,-1,-1,1,-1
2015460260917,2,9,0,3,0,2,0,0,0,0,3,1,6,2,19,4,1242,1,2,-1,2,-1
2015460260921,1,9,0,18,0,8,0,0,0,0,1,1,6,3,-1,-1,-1,-1,-1,-1,-1,-1
2015460260921,2,9,0,18,0,1,0,0,0,0,4,1,6,1,19,4,-1,-1,-1,-1,3,-1
2015460260922,1,9,0,18,0,0,2,0,2,4,1,1,1,1,29,6,1242,1,14,-1,3,-1
2015460260922,2,1,0,18,0,0,0,0,0,0,1,1,6,1,56,9,-1,-1,-1,-1,2,-1
2015460260924,1,9,0,18,0,0,0,0,1,10,1,1,6,1,40,7,1900,2,17,-1,1,-1
2015460260948,1,9,0,18,0,2,1,0,0,0,1,1,6,3,-1,-1,1493,1,17,-1,-1,-1
2015460260948,2,9,0,4,0,2,0,0,0,0,2,1,6,1,41,7,2148,2,12,-1,1,-1
2015460260948,3,9,0,2,0,2,0,0,0,0,4,1,6,3,-1,-1,1956,2,3,-1,-1,-1
2015460260953,1,9,0,18,0,4,0,0,0,0,0,1,2,1,49,8,1560,2,10,-1,1,-1
2015460260953,2,5,0,18,0,3,0,0,0,0,0,1,1,1,57,9,-1,-1,-1,-1,1,-1
2015460260959,1,9,0,18,0,0,1,7,0,0,1,1,6,2,57,9,1229,1,6,-1,1,-1
2015460260959,2,9,0,18,0,0,0,0,0,0,2,1,6,1,62,9,2497,2,9,-1,1,-1
2015460260959,3,9,0,18,0,0,1,0,0,0,1,1,6,1,22,5,1800,1,16,-1,1,-1
2015460260963,1,9,0,5,0,4,1,0,0,0,1,1,6,3,-1,-1,1598,1,10,-1,-1,-1
2015460260963,2,9,0,5,0,4,0,0,0,0,3,1,6,1,44,7,1968,2,8,-1,1,-1
2015460260967,1,9,0,18,0,0,5,0,2,7,4,1,6,1,31,6,2972,1,21,-1,1,-1
2015460260969,1,9,0,18,0,4,0,0,0,0,1,1,6,1,72,10,-1,-1,-1,-1,1,-1
2015460260969,2,9,0,9,0,8,0,0,0,0,4,1,6,1,53,8,1229,1,4,-1,1,-1
2015460260970,1,9,0,18,0,1,0,0,0,0,1,1,6,1,-1,-1,-1,-1,-1,-1,1,-1
2015460260970,2,9,0,3,0,1,0,0,0,0,2,1,6,1,20,4,-1,-1,-1,-1,1,-1
2015460260983,1,9,0,18,0,2,0,0,0,0,4,1,6,1,69,10,-1,-1,-1,-1,1,-1
2015460260985,1,9,0,17,0,0,2,0,0,0,1,1,6,1,21,5,1390,1,5,-1,2,-1
2015460260989,1,9,0,18,0,0,0,0,0,0,1,1,6,3,-1,-1,-1,-1,-1,-1,-1,-1
2015460260989,2,9,0,3,0,0,0,0,0,0,2,1,6,2,46,8,1461,2,2,-1,1,-1
2015460260993,1,9,0,9,0,6,0,0,0,0,1,1,6,1,33,6,1360,1,10,-1,1,-1
2015460260993,2,9,0,18,0,1,0,0,0,0,4,1,6,1,40,7,1461,2,-1,-1,1,-1
2015460260996,1,9,0,18,0,0,0,0,0,0,1,1,6,2,26,6,1299,1,14,-1,1,-1
2015460260996,2,9,0,18,0,0,0,0,0,0,2,1,6,1,26,6,1343,1,12,-1,1,-1
2015460261000,1,9,0,14,0,0,0,0,0,0,1,1,2,1,23,5,998,1,1,-1,-1,-1
2015460261000,2,9,0,14,0,0,0,0,0,0,2,1,1,1,29,6,1360,1,11,-1,1,-1
2015460261000,3,9,0,4,0,0,0,0,0,0,0,1,6,2,48,8,1598,1,1,-1,3,-1
2015460261002,1,9,0,18,0,0,0,0,0,0,1,1,6,1,22,5,1995,2,4,-1,1,-1
2015460261002,2,9,0,18,0,0,0,0,0,0,2,1,1,1,59,9,2099,1,12,-1,1,-1
2015460261007,1,2,0,18,0,0,1,11,0,0,1,1,6,1,16,4,49,1,-1,-1,1,-1
2015460261012,1,9,0,9,0,5,0,0,0,0,4,1,6,1,18,4,-1,-1,-1,-1,3,-1
2015460261012,2,9,0,18,0,8,0,0,0,0,4,1,1,2,74,10,1242,1,5,-1,2,-1
2015460261013,1,9,0,9,0,5,0,0,0,0,1,1,6,1,58,9,1995,2,16,-1,-1,-1
2015460261013,2,9,0,18,0,1,0,0,1,0,1,1,2,2,48,8,1968,2,9,-1,-1,-1
2015460261016,1,9,0,7,0,6,0,0,0,0,1,1,6,1,-1,-1,1391,1,15,-1,1,-1
2015460261016,2,9,0,18,0,1,0,0,0,0,1,1,6,2,31,6,2499,2,13,-1,2,-1
2015460261019,1,9,0,18,0,0,0,0,1,10,1,1,6,1,19,4,1995,2,11,-1,1,-1
2015460261020,1,9,0,18,0,8,0,0,1,4,1,1,6,1,60,9,1461,2,2,-1,1,-1
2015460261023,1,11,0,4,7,0,0,0,0,0,4,1,1,1,33,6,3900,2,11,-1,1,-1
2015460261024,1,4,0,7,0,3,0,0,0,0,3,1,6,1,41,7,-1,-1,-1,-1,-1,-1
2015460261024,2,9,0,7,0,3,0,0,0,0,4,1,6,1,51,8,1896,2,8,-1,3,-1
2015460261026,1,21,1,7,0,4,0,0,0,0,3,1,1,1,58,9,-1,-1,-1,-1,1,-1
2015460261026,2,9,0,10,0,4,0,0,0,0,4,1,6,2,37,7,1796,1,5,-1,1,-1
2015460261028,1,9,0,9,0,1,0,0,0,0,4,1,6,1,52,8,1796,1,10,-1,-1,-1
2015460261028,2,9,0,18,0,1,0,0,0,0,4,1,6,2,27,6,1598,1,7,-1,1,-1
2015460261028,3,9,0,8,0,1,0,0,0,0,3,1,6,1,46,8,1968,2,7,-1,1,-1
2015460261033,1,90,0,18,0,1,0,0,0,0,1,1,6,1,11,3,-1,-1,-1,-1,-1,-1
2015460261033,2,9,0,18,0,1,0,0,0,0,4,1,6,2,29,6,1388,1,12,-1,1,-1
2015460261039,1,9,0,16,0,1,1,0,7,10,1,1,6,1,19,4,1120,1,20,-1,3,-1
2015460261040,1,9,0,16,0,0,1,0,7,4,1,1,2,1,30,6,1997,1,16,-1,1,-1
2015460261041,1,9,0,18,0,0,1,0,0,0,1,1,6,1,18,4,999,1,-1,-1,3,-1
2015460261041,2,9,0,7,0,0,0,7,1,10,1,1,6,1,50,8,2180,2,19,-1,1,-1
2015460261050,1,9,0,9,0,5,0,0,0,0,3,1,6,1,20,4,1968,2,4,-1,2,-1
2015460261050,2,5,0,18,0,8,0,0,0,0,1,1,6,1,51,8,656,1,5,-1,-1,-1
2015460261054,1,1,0,14,0,0,0,0,0,0,1,1,6,1,35,6,-1,-1,-1,-1,3,-1
2015460261054,2,9,0,5,8,0,0,0,0,0,3,1,6,1,59,9,1998,1,12,-1,2,-1
2015460261061,1,9,0,18,0,1,0,0,0,0,1,1,6,1,64,9,1998,1,13,-1,3,-1
2015460261061,2,9,0,3,0,1,0,0,0,0,2,1,6,2,30,6,1968,2,8,-1,3,-1
2015460261061,3,9,0,3,0,1,0,0,0,0,2,1,6,1,61,9,1998,2,5,-1,1,-1
2015460261065,1,9,0,5,0,6,0,0,0,0,1,1,1,3,-1,-1,4511,1,12,-1,-1,-1
2015460261065,2,9,0,18,0,8,0,0,0,0,4,1,1,2,53,8,1988,2,10,-1,-1,-1
2015460261068,1,9,0,9,0,8,0,0,0,0,3,1,6,3,-1,-1,-1,-1,-1,-1,-1,-1
2015460261068,2,5,0,18,0,1,0,0,0,0,1,1,6,1,30,6,749,1,17,-1,-1,-1
2015460261070,1,21,0,18,0,8,1,0,0,0,4,1,1,1,58,9,-1,-1,-1,-1,-1,-1
2015460261071,1,9,0,18,0,0,1,0,0,0,3,1,6,3,-1,-1,-1,-1,-1,-1,-1,-1
2015460261071,2,9,0,4,0,0,1,0,0,0,3,1,6,1,20,4,1242,1,15,-1,1,-1
2015460261072,1,9,0,18,0,0,0,0,0,0,1,1,6,1,45,7,1598,1,10,-1,1,-1
2015460261072,2,9,0,4,0,0,0,0,0,0,2,1,6,1,40,7,2143,2,2,-1,3,-1
2015460261072,3,9,0,4,0,0,0,0,0,0,2,1,6,1,30,6,-1,-1,-1,-1,3,-1
2015460261073,1,9,0,18,0,0,0,0,0,0,3,1,6,1,28,6,1995,1,13,-1,1,-1
2015460261083,1,9,0,18,0,1,0,0,0,0,1,1,6,1,68,10,1598,1,10,-1,3,-1
2015460261092,1,9,0,18,0,0,5,0,1,0,1,1,6,2,24,5,1149,1,8,-1,1,-1
2015460261093,1,9,0,13,0,8,0,0,0,0,2,1,6,1,68,10,2148,2,11,-1,3,-1
2015460261093,2,1,0,18,0,8,0,0,0,0,3,1,6,1,42,7,-1,-1,-1,-1,1,-1
2015460261094,1,1,0,18,9,0,0,0,0,0,1,1,6,1,12,3,-1,-1,-1,-1,3,-1
2015460261099,1,9,0,18,9,8,0,0,7,10,1,1,6,1,41,7,1989,1,15,-1,1,-1
2015460261099,2,9,0,9,0,8,0,0,0,0,3,1,6,1,26,6,1149,1,6,-1,1,-1
2015460261099,3,9,0,18,0,8,0,0,0,0,1,1,6,1,59,9,-1,-1,-1,-1,1,-1
2015460261107,1,9,0,18,0,4,0,0,0,0,1,1,6,1,17,4,1364,1,8,-1,1,-1
2015460261107,2,2,0,18,0,4,0,0,0,0,2,1,6,1,17,4,49,1,2,-1,3,-1
2015460261110,1,9,0,18,0,0,0,0,0,0,1,1,6,3,-1,-1,-1,-1,-1,-1,-1,-1
2015460261110,2,9,0,2,0,0,0,0,0,0,2,1,1,1,45,7,2993,2,-1,-1,1,-1
2015460261113,1,11,0,1,0,1,0,0,0,0,2,1,1,1,65,9,4250,2,9,-1,1,-1
2015460261116,1,9,0,12,0,0,1,0,1,4,1,1,6,1,25,5,1396,1,11,-1,1,-1
2015460261116,2,19,0,18,0,0,5,0,1,0,1,1,2,1,37,7,2198,2,-1,-1,1,-1
2015460261116,3,21,1,18,0,0,0,0,0,0,1,1,1,1,34,6,10837,2,2,-1,1,-1
2015460261121,1,9,0,18,0,0,0,0,0,0,1,1,1,1,24,5,-1,-1,-1,-1,-1,-1
2015460261121,2,21,0,18,0,0,0,0,0,0,2,1,1,1,29,6,10518,2,6,-1,-1,-1
2015460261122,1,19,0,18,0,0,1,0,0,0,1,1,1,1,38,7,1997,2,10,-1,1,-1
2015460261126,1,9,0,18,0,0,5,0,0,0,1,1,2,1,60,9,1229,1,9,-1,1,-1
2015460261126,2,9,0,2,0,0,0,0,0,0,3,1,6,1,50,8,1598,1,12,-1,2,-1
2015460261127,1,9,0,18,0,0,0,0,1,0,1,1,6,2,39,7,1339,1,9,-1,1,-1
2015460261127,2,9,0,2,0,0,0,0,0,0,2,1,6,1,31,6,2494,1,13,-1,1,-1
2015460261130,1,9,0,11,0,0,0,0,0,0,1,1,6,2,-1,-1,1796,1,13,-1,1,-1
2015460261130,2,9,0,18,0,0,0,0,0,0,1,1,6,2,29,6,1956,2,6,-1,1,-1
2015460261131,1,9,0,18,0,0,0,0,0,0,1,1,6,1,27,6,1598,1,13,-1,3,-1
2015460261136,1,9,0,18,0,1,0,0,7,0,1,2,6,1,21,5,-1,-1,-1,-1,1,-1
2015460261136,2,9,0,8,0,1,0,0,0,0,2,1,1,1,30,6,2993,2,3,-1,1,-1
2015460261136,3,9,0,2,0,1,0,0,0,0,1,1,6,1,25,5,1870,2,12,-1,1,-1
2015460261136,4,8,0,18,0,2,0,0,0,0,1,1,1,1,39,7,1796,1,8,-1,1,-1
2015460261138,1,9,0,18,0,1,0,0,0,0,1,1,6,1,39,7,-1,-1,-1,-1,-1,-1
2015460261138,2,1,0,18,0,1,0,0,0,0,2,1,2,1,21,5,-1,-1,-1,-1,1,-1
2015460261139,1,9,0,18,0,1,0,0,0,0,1,1,6,1,38,7,2494,1,17,-1,3,-1
2015460261139,2,9,0,10,0,1,0,0,0,0,2,1,6,2,39,7,1242,1,4,-1,1,-1
2015460261144,1,1,0,18,0,3,0,0,0,0,4,1,6,1,29,6,-1,-1,-1,-1,1,-1
2015460261144,2,9,0,5,0,4,0,0,0,0,3,1,6,2,57,9,1332,1,6,-1,1,-1
2015460261146,1,1,0,18,0,0,0,0,0,0,0,1,6,1,65,9,-1,-1,-1,-1,3,-1
2015460261149,1,90,0,18,0,1,0,0,0,0,1,1,6,2,92,11,-1,-1,-1,-1,1,-1
2015460261153,1,9,0,18,0,0,0,0,0,0,4,1,2,2,51,8,998,1,16,-1,3,-1
2015460261161,1,11,0,18,0,1,0,0,0,0,0,1,6,1,29,6,8300,2,9,-1,1,-1
2015460261163,1,9,0,18,0,0,0,4,0,0,1,1,6,2,24,5,1390,1,3,-1,-1,-1
2015460261163,2,9,0,2,0,0,0,0,0,0,1,1,6,3,-1,-1,1587,1,19,-1,-1,-1
2015460261168,1,19,0,18,0,0,0,0,7,10,3,1,6,1,29,6,2982,2,5,-1,2,-1
2015460261169,1,9,0,18,0,8,0,0,0,0,1,1,6,3,-1,-1,-1,-1,-1,-1,-1,-1
2015460261169,2,9,0,18,0,8,0,0,0,0,2,1,6,1,29,6,1364,1,7,-1,1,-1
2015460261169,3,9,0,9,0,8,0,0,0,0,2,1,6,3,-1,-1,1461,2,-1,-1,1,-1
2015460261170,1,21,0,12,0,0,0,0,0,0,3,2,1,1,42,7,-1,-1,-1,-1,-1,-1
2015460261170,2,9,0,18,0,0,0,0,0,0,4,1,6,2,20,4,998,1,16,-1,1,-1
2015460261171,1,21,0,18,0,0,0,0,0,0,3,1,1,1,40,7,-1,-1,-1,-1,-1,-1
2015460261171,2,9,0,18,0,0,1,0,2,7,4,1,1,2,43,7,1896,2,9,-1,1,-1
2015460261172,1,9,0,18,0,2,0,0,0,0,1,1,1,1,44,7,1910,2,7,-1,1,-1
2015460261174,1,9,0,7,0,3,0,0,0,0,1,1,6,1,61,9,1686,2,2,-1,1,-1
2015460261174,2,1,0,11,0,8,0,0,0,0,3,1,6,1,41,7,-1,-1,-1,-1,1,-1
2015460261178,1,9,0,18,0,0,0,0,0,0,1,1,6,1,83,11,1984,2,-1,-1,1,-1
2015460261178,2,9,0,18,0,0,0,0,0,0,1,1,6,1,63,9,1997,2,1,-1,1,-1
2015460261181,1,19,0,18,0,0,1,0,0,0,1,1,6,3,-1,-1,1753,2,9,-1,-1,-1
2015460261181,2,9,0,3,0,0,0,0,0,0,2,1,6,1,39,7,2148,2,14,-1,1,-1
2015460261186,1,9,0,18,0,0,1,0,0,0,1,1,6,2,-1,-1,998,1,2,-1,1,-1
2015460261186,2,9,0,4,0,0,0,0,0,0,2,1,1,2,38,7,1461,2,1,-1,2,-1
2015460261189,1,19,0,1,0,0,0,0,0,0,2,1,1,1,38,7,2143,2,2,-1,3,-1
2015460261192,1,9,0,18,0,0,0,0,1,2,1,1,6,1,-1,-1,1388,1,15,-1,1,-1
2015460261193,1,9,0,9,0,8,0,0,1,0,1,1,6,1,73,10,1796,1,12,-1,3,-1
2015460261193,2,9,0,18,0,8,1,0,0,0,1,1,6,1,20,4,1275,1,22,-1,1,-1
2015460261195,1,9,0,7,0,2,0,0,0,0,3,1,1,2,42,7,1587,1,11,-1,1,-1
2015460261197,1,9,0,18,0,0,2,0,0,0,1,1,1,1,48,8,2496,2,11,-1,-1,-1
2015460261197,2,9,0,3,0,0,0,0,0,0,2,1,6,2,17,4,1997,2,2,-1,3,-1
2015460261198,1,9,0,18,0,2,0,0,0,0,1,1,6,1,21,5,1968,2,10,-1,-1,-1
2015460261198,2,1,0,5,0,6,0,0,0,0,1,1,6,1,16,4,-1,-1,-1,-1,-1,-1
2015460261204,1,9,0,18,0,0,5,4,1,0,3,1,6,1,19,4,1360,1,15,-1,1,-1
2015460261204,2,9,0,2,0,0,0,0,0,0,4,1,6,1,-1,-1,1560,2,8,-1,1,-1
2015460261206,1,1,0,18,0,1,0,0,0,0,3,1,6,1,12,3,-1,-1,-1,-1,1,-1
2015460261206,2,9,0,18,0,1,0,0,0,0,1,1,6,1,30,6,1149,1,8,-1,1,-1
2015460261207,1,9,0,4,0,0,0,0,0,0,0,1,1,1,31,6,1968,2,2,-1,-1,-1
2015460261213,1,9,0,5,0,0,1,0,0,0,1,1,6,1,42,7,1598,1,11,-1,1,-1
2015460261215,1,9,0,5,0,0,0,0,0,0,1,1,6,1,83,11,1086,1,10,-1,1,-1
2015460261215,2,9,0,2,0,0,0,0,0,0,1,1,6,3,-1,-1,1999,1,14,-1,-1,-1
2015460261215,3,9,0,2,0,0,0,0,0,0,1,1,6,3,-1,-1,1493,1,14,-1,-1,-1
2015460261218,1,9,0,18,9,8,0,0,3,10,1,1,6,1,76,11,1560,2,3,-1,1,-1
2015460261220,1,9,0,9,0,2,0,0,0,0,4,1,6,1,65,9,1399,2,4,-1,1,-1
2015460261220,2,9,0,18,0,1,0,0,0,0,1,1,1,1,33,6,2143,2,1,-1,1,-1
2015460261221,1,9,0,4,0,8,0,0,0,0,1,1,6,2,46,8,1598,1,4,-1,2,-1
2015460261223,1,9,0,18,0,0,0,0,0,0,1,1,1,2,62,9,1596,1,10,-1,-1,-1
2015460261224,1,9,0,9,0,6,0,0,0,0,0,1,6,3,-1,-1,1498,1,8,-1,-1,-1
2015460261224,2,9,0,18,0,8,0,0,1,0,0,1,2,2,53,8,2457,1,12,-1,3,-1