Accident_Index,Vehicle_Reference,Vehicle_Type,Towing_and_Articulation,Vehicle_Manoeuvre,Vehicle_Location-Restricted_Lane,Junction_Location,Skidding_and_Overturning,Hit_Object_in_Carriageway,Vehicle_Leaving_Carriageway,Hit_Object_off_Carriageway,1st_Point_of_Impact,Was_Vehicle_Left_Hand_Drive?,Journey_Purpose_of_Driver,Sex_of_Driver,Age_of_Driver,Age_Band_of_Driver,Engine_Capacity_(CC),Propulsion_Code,Age_of_Vehicle,Driver_IMD_Decile,Driver_Home_Area_Type,Vehicle_IMD_Decile
2015460261228,1,11,0,4,0,2,0,0,0,0,0,1,1,2,57,9,3900,2,11,-1,-1,-1
2015460261233,1,21,0,13,0,0,0,0,0,0,4,1,1,3,-1,-1,4461,2,7,-1,1,-1
2015460261233,2,1,0,18,0,0,0,0,0,0,3,1,6,1,61,9,-1,-1,-1,-1,2,-1
2015460261234,1,9,0,12,0,0,0,0,0,0,2,1,1,1,38,7,1997,2,6,-1,1,-1
2015460261234,2,19,0,18,0,0,0,0,1,0,1,1,6,1,46,8,2143,2,3,-1,1,-1
2015460261236,1,9,0,18,0,0,0,0,0,0,1,1,3,2,28,6,1248,1,-1,-1,1,-1
2015460261237,1,2,0,16,0,0,1,0,0,0,0,1,6,1,21,5,49,1,1,-1,2,-1
2015460261240,1,9,0,16,0,3,0,0,0,0,3,1,6,1,19,4,3199,1,17,-1,2,-1
2015460261241,1,9,0,7,0,6,0,0,0,0,1,1,6,3,-1,-1,-1,-1,-1,-1,-1,-1
2015460261244,1,9,0,9,0,6,0,0,0,0,1,1,6,1,28,6,1299,1,14,-1,1,-1
2015460261244,2,3,0,18,0,8,0,0,0,0,4,1,6,1,20,4,125,1,7,-1,1,-1
2015460261246,1,19,0,13,0,0,0,0,0,0,4,1,1,1,49,8,2402,2,11,-1,1,-1
2015460261246,2,1,0,18,0,0,0,0,1,0,3,1,6,1,58,9,-1,-1,-1,-1,-1,-1
2015460261247,1,21,0,12,0,0,0,0,0,0,1,2,1,1,59,9,-1,-1,-1,-1,-1,-1
2015460261247,2,9,0,18,0,0,0,0,1,0,4,1,2,1,48,8,1896,2,13,-1,1,-1
2015460261249,1,4,0,17,0,0,0,0,0,0,1,1,6,1,18,4,-1,-1,-1,-1,3,-1
2015460261255,1,9,0,18,0,1,0,0,0,0,4,1,6,2,-1,-1,-1,-1,-1,-1,-1,-1
2015460261258,1,9,0,4,0,0,0,0,0,0,1,1,6,1,28,6,1596,1,14,-1,1,-1
2015460261258,2,9,0,4,0,0,0,0,0,0,2,1,6,2,47,8,1870,2,5,-1,1,-1
2015460261259,1,21,1,12,0,0,0,0,0,0,3,2,1,1,39,7,-1,-1,-1,-1,-1,-1
2015460261259,2,9,0,18,0,0,5,0,1,0,4,1,6,2,52,8,1298,1,12,-1,3,-1
2015460261265,1,9,0,9,0,6,0,0,0,0,3,1,6,1,-1,-1,-1,-1,-1,-1,-1,-1
2015460261265,2,3,0,18,0,1,0,0,0,0,1,1,6,1,32,6,125,1,-1,-1,1,-1
2015460261267,1,5,0,18,0,3,1,0,0,0,4,1,6,1,30,6,599,1,17,-1,1,-1
2015460261271,1,11,0,9,0,1,0,0,0,0,1,1,1,1,45,7,6700,2,7,-1,1,-1
2015460261271,2,9,0,18,0,1,0,0,0,0,3,1,1,1,21,5,1339,1,10,-1,3,-1
2015460261276,1,9,0,12,0,0,0,0,1,10,4,1,2,2,26,6,1149,1,10,-1,1,-1
2015460261276,2,9,0,18,0,0,0,0,0,0,3,1,2,1,37,7,2183,2,5,-1,1,-1
2015460261277,1,9,0,9,0,0,2,0,1,2,1,1,6,2,25,5,1149,1,10,-1,1,-1
2015460261280,1,9,0,18,0,0,0,0,0,0,1,1,6,1,54,8,2179,2,1,-1,-1,-1
2015460261280,2,9,0,18,0,0,0,0,0,0,2,1,6,1,51,8,1956,2,1,-1,1,-1
2015460261283,1,9,0,4,0,1,0,0,0,0,1,1,1,2,52,8,1242,1,4,-1,1,-1
2015460261285,1,9,0,14,0,0,0,4,0,0,1,1,6,2,77,11,1364,1,-1,-1,1,-1
2015460261285,2,9,0,2,0,0,0,0,0,0,2,1,6,2,49,8,1596,1,7,-1,3,-1
2015460261287,1,9,0,9,0,6,0,0,0,0,3,1,6,1,81,11,2401,2,7,-1,1,-1
2015460261287,2,9,0,18,0,1,0,0,0,0,1,1,6,1,32,6,1388,1,9,-1,1,-1
2015460261288,1,5,0,13,0,1,0,0,0,0,4,1,6,1,29,6,599,1,9,-1,1,-1
2015460261288,2,9,0,9,0,1,0,0,0,0,3,1,6,1,39,7,1956,2,2,-1,2,-1
2015460261292,1,9,0,18,0,0,0,0,0,0,1,1,6,1,80,11,2967,2,4,-1,2,-1
2015460261292,2,9,0,18,0,0,0,0,0,0,1,1,6,2,69,10,1997,1,2,-1,3,-1
2015460261292,3,9,0,2,0,0,0,0,0,0,1,1,6,1,54,8,1870,2,12,-1,3,-1
2015460261292,4,9,0,2,0,0,0,0,0,0,1,1,6,2,60,9,1390,1,3,-1,3,-1
2015460261292,5,9,0,2,0,0,0,0,0,0,1,1,6,2,68,10,999,1,1,-1,2,-1
2015460261295,1,9,0,18,0,0,0,0,0,0,3,1,6,1,45,7,1368,1,5,-1,1,-1
2015460261295,2,9,0,18,0,0,0,0,0,0,1,1,6,1,19,4,1399,2,10,-1,1,-1
2015460261312,1,9,0,4,0,0,0,0,0,0,1,1,2,1,28,6,1968,2,6,-1,1,-1
2015460261312,2,9,0,3,0,0,0,0,0,0,2,1,6,1,29,6,1796,1,9,-1,1,-1
2015460261312,3,9,0,3,0,0,0,0,0,0,2,1,6,1,25,5,1229,1,7,-1,1,-1
2015460261312,4,9,0,3,0,0,0,0,0,0,2,1,6,1,56,9,1399,1,8,-1,1,-1
2015460261317,1,9,0,18,0,0,0,0,0,0,1,1,6,1,-1,-1,-1,-1,-1,-1,-1,-1
2015460261317,2,9,0,18,0,0,0,0,0,0,2,1,6,1,22,5,1229,1,2,-1,1,-1
2015460261321,1,9,0,18,0,3,1,10,0,0,4,1,2,2,42,7,1242,1,10,-1,-1,-1
2015460261325,1,19,0,9,0,4,0,0,0,0,4,1,6,1,-1,-1,2402,2,10,-1,-1,-1
2015460261325,2,9,0,8,0,1,0,0,0,0,3,1,6,2,67,10,2987,2,2,-1,1,-1
2015460261328,1,9,0,18,0,8,0,0,0,0,0,1,6,1,73,10,2999,2,15,-1,1,-1
2015460261329,1,9,0,18,0,0,0,4,0,0,1,1,6,2,84,11,1422,2,7,-1,1,-1
2015460261329,2,9,0,2,0,0,0,0,0,0,4,1,6,2,-1,-1,2993,2,10,-1,3,-1
2015460261336,1,9,0,4,0,4,0,0,0,0,1,1,6,2,37,7,1339,8,7,-1,1,-1
2015460261336,2,9,0,3,0,4,0,0,0,0,2,1,6,1,64,9,1997,2,3,-1,1,-1
2015460261344,1,9,0,4,0,0,0,0,0,0,4,1,2,2,49,8,1984,1,14,-1,1,-1
2015460261345,1,9,0,17,0,0,1,0,1,10,1,1,6,1,18,4,-1,-1,-1,-1,1,-1
2015460261350,1,9,0,18,0,8,1,0,1,2,1,1,3,2,18,4,998,1,6,-1,1,-1
2015460261351,1,9,0,13,0,0,0,0,7,2,1,1,6,1,-1,-1,1598,1,11,-1,1,-1
2015460261351,2,9,0,6,0,0,0,0,0,0,1,1,6,2,54,8,1360,1,11,-1,1,-1
2015460261356,1,9,0,9,0,6,0,0,0,0,4,1,6,1,23,5,1332,1,17,-1,1,-1
2015460261356,2,9,0,18,0,1,0,0,0,0,4,1,6,2,38,7,1998,2,7,-1,1,-1
2015460261358,1,9,0,17,0,0,2,0,0,0,1,1,6,1,18,4,1149,1,16,-1,3,-1
2015460261371,1,9,0,18,0,0,0,0,1,4,1,1,2,1,26,6,-1,-1,-1,-1,1,-1
2015460261372,1,9,0,17,0,8,0,0,0,0,1,1,6,3,-1,-1,-1,-1,-1,-1,-1,-1
2015460261372,2,3,0,17,0,3,5,0,0,0,3,1,1,1,17,4,124,1,14,-1,1,-1
2015460261373,1,21,1,18,0,0,0,0,0,0,1,1,1,1,58,9,-1,-1,-1,-1,-1,-1
2015460261373,2,9,0,18,0,0,0,0,0,0,2,1,6,1,25,5,1242,1,8,-1,1,-1
2015460261373,3,9,0,18,0,0,0,0,0,0,2,1,6,1,22,5,1242,1,8,-1,1,-1
2015460261378,1,5,0,16,0,3,1,0,4,6,4,1,6,1,60,9,1000,1,1,-1,1,-1
2015460261378,2,9,0,18,0,3,0,0,0,0,2,1,6,1,63,9,2987,2,1,-1,3,-1
2015460261381,1,9,0,18,0,0,0,0,7,0,1,1,6,2,35,6,1896,2,7,-1,1,-1
2015460261381,2,9,0,18,0,0,5,0,7,0,3,1,6,1,29,6,1968,2,7,-1,3,-1
2015460261381,3,9,0,18,0,0,0,0,0,0,3,1,6,1,51,8,1984,2,6,-1,3,-1
2015460261381,4,9,0,18,0,0,0,0,7,10,1,1,6,2,51,8,1229,1,3,-1,3,-1
2015460261382,1,9,0,18,0,1,0,0,0,0,1,1,6,3,-1,-1,1895,1,15,-1,-1,-1
2015460261382,2,9,0,10,0,1,0,0,1,0,2,1,6,2,22,5,1598,1,11,-1,3,-1
2015460261382,3,9,0,18,0,1,0,0,0,0,0,1,1,1,43,7,1968,2,1,-1,-1,-1
2015460261382,4,9,0,2,0,1,0,0,0,0,3,1,6,2,47,8,1598,1,1,-1,1,-1
2015460261383,1,19,0,17,0,0,0,0,7,0,0,1,1,1,33,6,-1,-1,-1,-1,-1,-1
2015460261386,1,4,0,13,0,1,0,0,8,10,1,1,6,1,24,5,398,1,8,-1,1,-1
2015460261386,2,9,0,9,0,5,1,0,0,0,3,1,6,2,47,8,1299,1,12,-1,1,-1
2015460261387,1,9,0,18,0,0,0,0,0,0,1,1,6,1,27,6,1598,1,6,-1,-1,-1
2015460261389,1,9,0,17,0,8,1,0,1,4,4,1,6,1,19,4,998,1,-1,-1,1,-1
2015460261393,1,9,0,13,0,0,2,10,0,0,3,1,6,1,21,5,1598,1,10,-1,1,-1
2015460261394,1,4,0,18,0,2,0,0,0,0,4,1,6,1,62,9,175,1,50,-1,1,-1
2015460261395,1,9,0,4,0,0,0,0,0,0,1,1,6,2,25,5,-1,-1,-1,-1,3,-1
2015460261395,2,9,0,4,0,0,0,0,0,0,2,1,6,2,59,9,1997,2,14,-1,1,-1
2015460261397,1,5,0,9,0,3,5,0,7,0,3,1,6,1,38,7,850,1,20,-1,1,-1
2015460261397,2,9,0,18,0,3,0,0,0,0,1,1,6,1,34,6,1596,1,6,-1,1,-1
2015460261400,1,9,0,18,0,0,0,0,0,0,1,1,1,2,68,10,1598,1,10,-1,2,-1
2015460261400,2,9,0,18,0,0,0,0,0,0,0,1,1,1,42,7,1560,2,-1,-1,3,-1
2015460261400,3,9,0,18,0,0,0,0,0,0,2,1,1,1,37,7,1120,2,-1,-1,1,-1
2015460261400,4,9,0,18,0,0,0,0,0,0,2,1,1,1,53,8,2499,2,14,-1,1,-1
2015460261402,1,9,0,9,0,1,0,0,0,0,2,1,6,3,-1,-1,1198,1,-1,-1,1,-1
2015460261402,2,3,0,18,0,1,0,0,0,0,1,1,6,1,31,6,125,1,1,-1,1,-1
2015460261403,1,9,0,18,0,0,0,0,0,0,1,1,6,1,28,6,998,1,1,-1,1,-1
2015460261403,2,9,0,18,0,0,0,0,0,0,2,1,1,1,20,4,1198,1,5,-1,1,-1
2015460261403,3,9,0,18,0,0,0,0,0,0,2,1,1,1,49,8,-1,-1,-1,-1,3,-1
2015460261405,1,9,0,13,0,0,0,0,0,0,0,1,6,3,-1,-1,2198,2,9,-1,-1,-1
2015460261405,2,1,0,18,0,0,0,0,0,0,0,1,6,1,55,8,-1,-1,-1,-1,1,-1
2015460261406,1,9,0,9,0,5,0,0,0,0,1,1,6,1,19,4,998,1,7,-1,1,-1
2015460261406,2,1,0,18,0,8,0,0,0,0,4,1,6,1,34,6,-1,-1,-1,-1,1,-1
2015460261413,1,19,0,18,0,0,1,0,0,0,4,1,6,3,-1,-1,-1,-1,-1,-1,-1,-1
2015460261421,1,21,0,12,0,7,0,0,0,0,3,2,6,1,63,9,-1,-1,-1,-1,-1,-1
2015460261421,2,9,0,18,0,2,0,0,1,10,4,1,6,2,66,10,1386,1,6,-1,1,-1
2015460261423,1,9,0,18,0,0,0,0,0,0,1,1,6,3,-1,-1,-1,-1,-1,-1,-1,-1
2015460261423,2,5,0,18,0,0,0,0,0,0,2,1,6,1,19,4,883,1,1,-1,1,-1
2015460261427,1,9,0,4,0,0,0,0,0,0,1,1,6,1,-1,-1,1596,1,16,-1,-1,-1
2015460261427,2,9,0,3,0,0,0,0,0,0,2,1,6,2,35,6,2495,1,13,-1,2,-1
2015460261429,1,19,0,9,0,5,0,0,0,0,1,1,6,1,-1,-1,2198,2,4,-1,-1,-1
2015460261429,2,9,0,3,0,1,0,0,0,0,1,1,6,1,28,6,-1,-1,-1,-1,3,-1
2015460261435,1,9,0,13,0,8,0,0,0,0,4,1,6,1,59,9,1997,1,13,-1,3,-1
2015460261435,2,21,0,16,0,8,0,0,0,0,3,1,1,1,43,7,4461,2,3,-1,1,-1
2015460261436,1,9,0,16,0,0,0,0,0,0,4,1,3,1,38,7,1968,2,8,-1,3,-1
2015460261439,1,9,0,18,0,0,0,0,0,0,1,1,6,1,35,6,2776,2,11,-1,3,-1
2015460261439,2,9,0,18,0,0,0,0,0,0,1,1,6,1,55,8,1560,2,-1,-1,3,-1
2015460261441,1,9,0,9,0,0,1,0,0,0,2,1,1,3,-1,-1,1956,2,4,-1,-1,-1
2015460261441,2,9,0,18,0,0,0,0,0,0,1,1,6,2,19,4,1389,1,14,-1,1,-1
2015460261442,1,9,0,4,0,0,0,0,0,0,1,1,6,1,58,9,-1,-1,-1,-1,2,-1
2015460261442,2,9,0,4,0,0,0,0,0,0,2,1,1,1,59,9,-1,-1,-1,-1,-1,-1
2015460261442,3,9,0,4,0,0,0,0,0,0,2,1,6,1,26,6,1900,2,17,-1,1,-1
2015460261453,1,17,0,18,0,1,0,0,0,0,4,1,1,3,-1,-1,-1,-1,-1,-1,-1,-1
2015460261453,2,19,0,10,0,1,0,0,0,0,3,1,1,1,47,8,1399,2,6,-1,3,-1
2015460261460,1,9,0,10,0,1,0,0,0,0,3,1,3,2,33,6,998,1,14,-1,1,-1
2015460261460,2,1,0,18,0,1,0,0,0,0,1,1,2,1,32,6,-1,-1,-1,-1,2,-1
2015460261466,1,19,0,18,0,1,0,0,0,0,4,1,6,3,-1,-1,-1,-1,-1,-1,-1,-1
2015460261466,2,1,0,18,0,1,0,0,0,0,4,1,6,1,50,8,-1,-1,-1,-1,1,-1
2015460261470,1,9,0,18,0,4,0,0,0,0,1,1,6,2,-1,-1,1968,2,2,-1,1,-1
2015460261470,2,1,0,9,0,8,0,0,0,0,4,1,6,2,25,5,-1,-1,-1,-1,1,-1
2015460261472,1,9,0,18,0,8,0,0,0,0,1,1,6,1,45,7,1596,1,13,-1,-1,-1
2015460261472,2,9,0,5,0,8,0,0,0,0,3,1,6,1,68,10,1242,1,5,-1,-1,-1
2015460261474,1,9,0,18,0,0,0,0,0,0,1,1,6,2,29,6,1596,1,13,-1,1,-1
2015460261477,1,9,0,18,0,0,0,0,0,0,2,1,6,1,39,7,1598,1,23,-1,1,-1
2015460261477,2,9,0,18,0,0,0,0,0,0,1,1,6,1,40,7,1796,1,11,-1,1,-1
2015460261478,1,9,0,2,0,8,0,0,0,0,0,1,6,1,63,9,1686,2,10,-1,2,-1
2015460261478,2,2,0,15,0,8,0,11,0,0,4,1,6,1,17,4,49,1,1,-1,-1,-1
2015460261479,1,9,0,18,0,0,0,0,0,0,1,1,6,3,-1,-1,-1,-1,-1,-1,-1,-1
2015460261479,2,1,0,18,0,0,0,0,0,0,0,1,1,2,18,4,-1,-1,-1,-1,-1,-1
2015460261484,1,9,0,18,0,6,0,0,0,0,1,1,6,2,49,8,4196,1,27,-1,1,-1
2015460261485,1,9,0,11,0,0,0,0,0,0,1,1,6,1,59,9,2179,2,8,-1,1,-1
2015460261485,2,9,0,18,0,0,0,0,2,6,2,1,1,1,54,8,1968,2,-1,-1,1,-1
2015460261488,1,9,0,18,0,8,0,0,0,0,4,1,6,1,43,7,1364,1,5,-1,3,-1
2015460261488,2,1,0,18,0,8,0,0,0,0,3,1,6,1,43,7,-1,-1,-1,-1,1,-1
2015460261490,1,9,0,9,0,5,0,0,0,0,1,1,6,2,49,8,1590,1,11,-1,3,-1
2015460261490,2,9,0,18,0,5,0,0,1,10,1,1,6,1,25,5,-1,-1,-1,-1,3,-1
2015460261491,1,2,0,18,0,0,0,0,0,0,3,1,6,1,18,4,125,1,2,-1,2,-1
2015460261491,2,9,0,18,0,0,0,0,0,0,3,1,6,2,25,5,1242,1,6,-1,2,-1
2015460261497,1,9,0,18,0,0,1,0,0,0,3,1,1,2,70,10,1360,1,12,-1,3,-1
2015460261497,2,9,0,18,0,0,1,0,0,0,1,1,1,2,45,7,1388,1,9,-1,2,-1
2015460261505,1,9,0,18,0,0,0,0,0,0,4,1,6,3,-1,-1,1598,1,16,-1,-1,-1
2015460261509,1,9,0,16,0,0,1,0,7,10,1,1,6,1,23,5,1124,1,14,-1,1,-1
2015460261510,1,9,0,16,0,0,1,0,7,10,1,1,6,1,20,4,1999,1,8,-1,1,-1
2015460261511,1,9,0,18,0,0,0,10,0,0,3,1,6,1,40,7,1753,2,9,-1,3,-1
2015460261511,2,9,0,18,0,0,0,0,0,0,3,1,6,1,18,4,1149,1,9,-1,1,-1
2015460261514,1,9,0,4,0,1,0,0,0,0,1,1,6,1,50,8,1597,1,16,-1,1,-1
2015460261515,1,9,0,4,0,0,0,0,0,0,1,1,2,2,41,7,1560,2,7,-1,1,-1
2015460261515,2,9,0,4,0,0,0,0,0,0,2,1,2,1,36,7,1198,1,9,-1,1,-1
2015460261515,3,9,0,4,0,0,0,0,0,0,2,1,2,2,37,7,-1,3,1,-1,3,-1
2015460261515,4,19,0,4,0,0,0,0,0,0,2,1,2,1,64,9,1968,2,6,-1,1,-1
2015460261519,1,9,0,14,0,0,0,0,0,0,1,1,6,3,-1,-1,-1,-1,-1,-1,-1,-1
2015460261520,1,9,0,9,0,6,0,0,0,0,1,1,2,1,47,8,2204,2,7,-1,1,-1
2015460261520,2,9,0,18,0,1,0,0,0,0,4,1,6,1,40,7,1997,2,10,-1,1,-1
2015460261521,1,2,0,4,0,1,1,0,0,0,4,1,6,1,18,4,49,1,9,-1,2,-1
2015460261521,2,9,0,9,0,5,0,0,0,0,0,1,6,1,56,9,1870,2,14,-1,1,-1
2015460261523,1,9,0,9,0,6,0,0,0,0,4,1,6,2,49,8,1242,1,6,-1,1,-1
2015460261523,2,9,0,18,0,8,0,0,0,0,1,1,6,1,36,7,1598,1,15,-1,1,-1
2015460261524,1,5,0,18,0,8,0,0,0,0,1,1,6,1,41,7,1203,1,6,-1,1,-1
2015460261524,2,19,0,5,0,6,0,0,0,0,3,1,2,1,25,5,1598,2,1,-1,1,-1
2015460261526,1,11,0,7,0,4,0,0,0,0,1,1,1,3,-1,-1,-1,-1,-1,-1,-1,-1
2015460261526,2,9,0,7,0,4,0,0,0,0,1,1,2,2,31,6,2179,2,2,-1,1,-1
2015460261530,1,9,0,18,0,1,0,0,0,0,1,1,6,3,-1,-1,-1,-1,-1,-1,-1,-1
2015460261530,2,9,0,9,0,1,0,0,0,0,2,1,2,1,18,4,1242,1,3,-1,1,-1
2015460261531,1,1,0,18,0,0,0,10,1,7,0,1,6,2,51,8,-1,-1,-1,-1,1,-1
2015460261534,1,9,0,13,0,0,0,0,0,0,3,1,1,2,46,8,1999,1,14,-1,3,-1
2015460261534,2,9,0,4,0,0,0,0,0,0,3,1,3,2,22,5,1596,1,1,-1,2,-1
2015460261535,1,9,0,18,0,4,0,0,0,0,1,1,3,3,-1,-1,1390,1,10,-1,-1,-1
2015460261535,2,9,0,4,0,3,0,0,0,0,2,1,3,2,28,6,1560,2,1,-1,1,-1
2015460261537,1,19,0,18,0,0,0,0,0,0,1,1,1,1,27,6,2496,2,19,-1,1,-1
2015460261537,2,9,0,3,0,0,0,0,0,0,2,1,1,1,44,7,2143,2,-1,-1,1,-1
2015460261544,1,21,0,12,0,1,0,0,0,0,0,1,1,1,-1,-1,12900,2,3,-1,1,-1
2015460261544,2,4,0,18,0,8,1,0,0,0,3,1,6,1,18,4,125,1,-1,-1,2,-1
2015460261546,1,9,0,9,0,1,0,0,0,0,4,1,6,3,-1,-1,-1,-1,-1,-1,-1,-1
2015460261551,1,5,0,16,0,0,1,0,0,0,0,1,6,1,53,8,798,1,7,-1,1,-1
2015460261552,1,9,0,18,0,8,0,0,0,0,4,1,6,2,33,6,-1,-1,-1,-1,-1,-1
2015460261552,2,9,0,18,0,8,0,0,0,0,1,1,1,1,37,7,-1,-1,-1,-1,-1,-1
2015460261552,3,9,0,9,0,6,0,0,0,0,3,1,6,1,46,8,2993,2,-1,-1,-1,-1
2015460261555,1,9,0,7,0,8,0,0,0,0,4,1,1,1,26,6,-1,-1,-1,-1,3,-1
2015460261556,1,1,0,7,0,5,0,0,0,0,1,1,6,1,23,5,-1,-1,-1,-1,1,-1
2015460261556,2,9,0,4,0,5,0,0,0,0,2,1,6,2,51,8,1497,1,12,-1,1,-1
2015460261558,1,9,0,16,0,1,1,0,1,4,3,1,6,2,35,6,2497,1,14,-1,2,-1
2015460261559,1,20,1,18,0,4,0,0,0,0,3,2,1,1,38,7,-1,-1,-1,-1,-1,-1
2015460261559,2,9,0,18,0,4,0,0,0,0,4,1,3,2,33,6,1598,1,10,-1,1,-1
2015460261561,1,8,0,18,0,0,0,0,0,0,0,1,6,1,-1,-1,1997,2,11,-1,-1,-1
2015460261563,1,9,0,18,0,2,0,0,0,0,4,1,6,2,46,8,1242,1,7,-1,1,-1
2015460261568,1,9,0,18,0,0,0,0,0,0,4,1,1,1,49,8,2495,2,-1,-1,3,-1
2015460261568,2,1,0,18,0,0,0,0,0,0,3,1,6,1,26,6,-1,-1,-1,-1,1,-1
2015460261570,1,9,0,7,0,8,0,0,0,0,1,1,6,1,28,6,1896,2,16,-1,1,-1
2015460261570,2,9,0,9,0,8,0,0,0,0,1,1,6,1,24,5,993,1,13,-1,3,-1
2015460261571,1,21,0,11,0,3,0,0,0,0,4,1,1,1,35,6,-1,-1,-1,-1,-1,-1
2015460261571,2,9,0,18,0,8,0,0,0,0,3,1,6,1,49,8,1461,2,-1,-1,1,-1
2015460261572,1,9,0,18,0,0,2,10,1,0,1,1,6,1,27,6,2687,1,8,-1,1,-1
2015460261574,1,9,0,9,0,8,0,0,0,0,1,1,6,2,19,4,998,1,9,-1,1,-1
2015460261574,2,9,0,5,0,8,0,0,0,0,4,1,6,2,22,5,1360,1,6,-1,1,-1
2015460261575,1,19,0,17,0,0,5,0,2,4,3,1,2,1,35,6,1968,2,5,-1,1,-1
2015460261575,2,19,0,16,0,0,0,0,0,0,4,1,6,1,53,8,1996,2,5,-1,1,-1
2015460261581,1,9,0,4,0,0,1,0,0,0,1,1,6,2,55,8,2495,2,13,-1,2,-1
2015460261581,2,9,0,2,0,0,0,0,0,0,2,1,6,2,19,4,1360,1,13,-1,1,-1
2015460261586,1,9,0,18,0,4,5,0,3,1,1,1,6,2,37,7,1461,2,3,-1,1,-1
2015460261587,1,21,0,4,0,0,0,0,0,0,1,1,6,1,54,8,-1,-1,-1,-1,-1,-1
2015460261587,2,9,0,3,0,0,0,0,0,0,2,1,6,1,43,7,1910,2,5,-1,1,-1
2015460261589,1,9,0,9,0,8,0,0,0,0,1,1,6,2,64,9,1400,1,9,-1,1,-1
2015460261589,2,9,0,18,0,8,0,0,0,0,3,1,6,2,28,6,1388,1,8,-1,1,-1
2015460261590,1,9,0,18,0,1,0,0,0,0,1,1,6,2,18,4,1360,1,10,-1,3,-1
2015460261590,2,9,0,9,0,6,0,0,0,0,3,1,6,2,60,9,1399,2,5,-1,1,-1
2015460261593,1,9,0,18,0,0,0,0,0,0,1,1,6,1,22,5,1995,2,12,-1,1,-1
2015460261593,2,1,0,18,0,0,0,0,0,0,3,1,6,1,28,6,-1,-1,-1,-1,1,-1
2015460261594,1,9,0,18,0,0,1,0,0,0,1,1,6,1,52,8,1598,1,17,-1,-1,-1
2015460261594,2,9,0,18,0,0,1,0,0,0,2,1,6,2,26,6,1598,1,17,-1,1,-1
2015460261598,1,9,0,17,0,0,1,0,0,0,3,1,2,1,47,8,-1,-1,-1,-1,1,-1
2015460261598,2,9,0,16,0,0,0,0,0,0,3,1,2,1,37,7,2184,2,6,-1,2,-1
2015460261599,1,9,0,18,0,0,1,0,0,6,1,1,6,1,21,5,1598,1,11,-1,1,-1
2015460261601,1,9,0,18,0,0,2,0,1,0,1,1,6,2,28,6,998,1,9,-1,-1,-1
2015460261602,1,9,0,18,0,4,0,0,0,0,1,1,6,1,28,6,1596,1,10,-1,1,-1
2015460261602,2,9,0,4,0,4,0,0,0,0,0,1,1,1,37,7,1968,2,3,-1,1,-1
2015460261602,3,9,0,4,0,4,0,0,0,0,3,1,6,2,57,9,1794,1,12,-1,1,-1
2015460261602,4,9,0,4,0,4,0,0,0,0,4,1,6,1,66,10,1198,1,8,-1,1,-1
2015460261602,5,9,0,4,0,4,0,0,0,0,2,1,6,1,28,6,1560,2,1,-1,1,-1
2015460261606,1,9,0,18,0,1,0,0,0,0,1,1,6,1,77,11,1796,1,12,-1,1,-1
2015460261606,2,9,0,7,0,5,0,0,0,0,4,1,6,2,57,9,1995,2,6,-1,3,-1
2015460261607,1,9,0,11,0,0,1,0,2,7,4,1,6,1,36,7,1497,1,12,-1,1,-1
2015460261607,2,21,0,18,0,0,0,0,0,0,3,1,1,1,35,6,-1,-1,-1,-1,-1,-1
2015460261610,1,9,0,6,0,0,0,0,0,0,1,1,6,2,46,8,1798,1,3,-1,1,-1
2015460261610,2,1,0,18,9,0,0,0,0,0,1,1,6,2,27,6,-1,-1,-1,-1,1,-1
2015460261612,1,9,0,7,0,1,0,0,0,0,1,1,6,1,26,6,1124,1,22,-1,1,-1
2015460261612,2,9,0,18,0,1,0,0,0,0,1,1,6,1,85,11,1461,2,6,-1,1,-1
2015460261612,3,9,0,18,0,1,0,0,0,0,0,1,1,1,44,7,1968,2,5,-1,1,-1
2015460261615,1,9,0,14,0,1,0,0,0,0,4,1,6,2,79,11,1598,1,4,-1,1,-1
2015460261618,1,5,0,13,0,1,0,10,1,10,1,1,6,1,21,5,599,1,17,-1,1,-1
2015460261624,1,9,0,9,0,1,0,0,0,0,3,1,1,2,46,8,1149,1,10,-1,1,-1
2015460261624,2,9,0,18,0,1,0,0,0,0,1,1,6,1,39,7,1598,1,4,-1,1,-1
2015460261628,1,2,0,18,0,1,0,0,0,0,1,1,6,1,21,5,-1,-1,-1,-1,-1,-1
2015460261628,2,9,0,2,0,1,0,0,0,0,2,1,6,1,23,5,1422,2,10,-1,-1,-1
2015460261628,3,9,0,2,0,1,0,0,0,0,2,1,1,3,-1,-1,2996,2,5,-1,-1,-1
2015460261629,1,5,0,16,0,8,0,0,0,0,3,1,6,1,25,5,649,1,-1,-1,1,-1
2015460261633,1,9,0,4,0,0,2,0,0,0,3,1,6,2,18,4,1299,1,13,-1,1,-1
2015460261634,1,9,0,18,0,0,0,0,0,0,1,1,6,1,43,7,-1,-1,-1,-1,1,-1
2015460261634,2,9,0,2,0,0,0,0,0,0,2,1,6,1,65,9,2902,2,12,-1,1,-1