Accident_Index,Vehicle_Reference,Vehicle_Type,Towing_and_Articulation,Vehicle_Manoeuvre,Vehicle_Location-Restricted_Lane,Junction_Location,Skidding_and_Overturning,Hit_Object_in_Carriageway,Vehicle_Leaving_Carriageway,Hit_Object_off_Carriageway,1st_Point_of_Impact,Was_Vehicle_Left_Hand_Drive?,Journey_Purpose_of_Driver,Sex_of_Driver,Age_of_Driver,Age_Band_of_Driver,Engine_Capacity_(CC),Propulsion_Code,Age_of_Vehicle,Driver_IMD_Decile,Driver_Home_Area_Type,Vehicle_IMD_Decile
2015460261961,2,11,0,16,0,0,0,0,0,0,0,1,1,1,33,6,7300,2,13,-1,2,-1
2015460261962,1,9,0,9,0,6,0,0,0,0,3,1,6,1,46,8,1598,2,2,-1,1,-1
2015460261962,2,5,0,18,0,1,0,0,0,0,1,1,6,1,23,5,748,1,8,-1,1,-1
2015460261963,1,9,0,18,0,0,0,0,0,0,1,1,2,1,26,6,1995,2,2,-1,-1,-1
2015460261963,2,9,0,2,0,0,0,0,0,0,2,1,6,1,-1,-1,1390,1,9,-1,-1,-1
2015460261963,3,9,0,2,0,0,0,0,0,0,2,1,6,3,-1,-1,-1,-1,-1,-1,-1,-1
2015460261968,1,19,0,18,0,1,0,0,0,0,1,1,1,1,52,8,2148,2,6,-1,2,-1
2015460261968,2,9,0,18,0,6,0,0,0,0,2,1,6,2,52,8,1597,1,10,-1,1,-1
2015460261969,1,19,0,4,0,0,0,0,0,0,2,1,1,1,30,6,2402,2,14,-1,-1,-1
2015460261969,2,19,0,18,0,0,0,0,0,0,1,1,1,1,25,5,2198,2,1,-1,-1,-1
2015460261972,1,9,0,1,0,1,0,0,0,0,2,1,3,1,-1,-1,1870,2,13,-1,2,-1
2015460261974,1,20,0,18,0,1,0,0,0,0,1,1,2,1,25,5,-1,-1,-1,-1,3,-1
2015460261974,2,9,0,3,0,1,0,0,0,0,2,1,2,2,31,6,1248,2,7,-1,1,-1
2015460261978,1,9,0,18,0,6,0,0,0,0,1,1,2,1,44,7,1910,2,15,-1,-1,-1
2015460261978,2,9,0,18,0,8,0,0,0,0,3,1,2,2,29,6,796,1,14,-1,1,-1
2015460261978,3,9,0,18,0,8,0,0,0,0,4,1,6,2,45,7,1329,1,1,-1,1,-1
2015460261981,1,9,0,18,0,0,0,0,0,0,1,1,6,1,59,9,1598,1,6,-1,1,-1
2015460261981,2,9,0,18,0,0,0,0,0,0,2,1,6,1,29,6,998,1,14,-1,1,-1
2015460261981,3,9,0,18,0,0,0,0,0,0,2,1,6,1,40,7,1997,2,5,-1,1,-1
2015460261985,1,5,0,13,0,0,1,0,1,0,1,1,6,1,52,8,1450,1,15,-1,-1,-1
2015460261985,2,19,0,4,0,0,0,0,0,0,2,1,1,1,21,5,2198,2,2,-1,3,-1
2015460261986,1,9,0,9,0,5,0,0,0,0,4,1,6,1,33,6,-1,-1,-1,-1,-1,-1
2015460261986,2,9,0,18,0,1,0,0,0,0,1,1,6,2,56,9,1498,1,9,-1,3,-1
2015460261992,1,9,0,9,0,6,0,0,0,0,1,1,6,3,-1,-1,-1,-1,-1,-1,-1,-1
2015460261992,2,9,0,18,0,8,0,0,0,0,1,1,6,2,31,6,998,1,16,-1,1,-1
2015460262002,1,9,0,18,0,2,1,0,0,0,1,1,2,1,21,5,1242,1,3,-1,1,-1
2015460262002,2,9,0,3,0,2,0,0,0,0,2,1,6,1,61,9,1388,1,9,-1,1,-1
2015460262004,1,9,0,7,0,6,0,0,0,0,3,1,6,2,37,7,1998,1,1,-1,1,-1
2015460262004,2,9,0,18,0,8,0,0,0,0,1,1,6,2,48,8,3311,8,7,-1,3,-1
2015460262006,1,9,0,7,0,5,1,0,7,10,1,1,6,1,24,5,2793,1,18,-1,3,-1
2015460262008,1,9,0,5,0,1,0,0,0,0,4,1,1,1,49,8,1910,2,7,-1,1,-1
2015460262008,2,9,0,18,0,1,0,0,0,0,0,1,6,3,-1,-1,-1,-1,-1,-1,-1,-1
2015460262014,1,2,0,4,0,1,0,4,0,0,3,1,6,1,20,4,49,1,4,-1,1,-1
2015460262014,2,9,0,2,0,1,0,0,0,0,4,1,6,1,41,7,1995,2,1,-1,1,-1
2015460262018,1,9,0,18,0,8,0,0,0,0,1,1,6,3,-1,-1,-1,-1,-1,-1,-1,-1
2015460262018,2,9,0,18,0,8,0,0,0,0,2,1,6,2,26,6,1995,1,12,-1,1,-1
2015460262027,1,9,0,7,0,6,0,0,0,0,3,1,6,1,39,7,1198,1,10,-1,1,-1
2015460262027,2,4,0,18,0,1,0,0,0,0,4,1,6,1,17,4,-1,-1,-1,-1,3,-1
2015460262027,3,9,0,18,0,8,0,0,0,0,1,1,6,2,49,8,1995,2,4,-1,3,-1
2015460262033,1,9,0,9,0,8,0,0,0,0,3,2,1,1,21,5,-1,-1,-1,-1,-1,-1
2015460262033,2,9,0,7,0,3,0,0,0,0,4,1,6,1,47,8,1685,2,-1,-1,1,-1
2015460262035,1,9,0,18,0,0,0,0,0,0,1,1,6,1,-1,-1,1560,2,1,-1,1,-1
2015460262035,2,9,0,3,0,0,0,0,0,0,2,1,2,1,25,5,1398,1,4,-1,2,-1
2015460262037,1,9,0,17,0,1,0,0,7,0,1,1,2,1,-1,-1,1968,2,8,-1,1,-1
2015460262038,1,9,0,9,0,5,0,0,0,0,1,1,6,2,82,11,1242,1,11,-1,1,-1
2015460262038,2,9,0,18,0,1,5,0,1,10,1,1,6,2,56,9,1149,1,6,-1,-1,-1
2015460262039,1,9,0,18,0,0,0,0,1,2,0,1,6,1,78,11,1598,1,21,-1,-1,-1
2015460262039,2,9,0,12,0,0,0,0,0,0,1,1,2,1,83,11,1968,2,2,-1,3,-1
2015460262039,3,10,0,4,0,0,0,0,0,0,2,1,6,1,50,8,2198,2,5,-1,1,-1
2015460262042,1,19,0,18,0,0,0,0,0,0,0,1,1,2,36,7,-1,-1,-1,-1,1,-1
2015460262042,2,9,0,18,0,0,1,0,0,0,1,1,6,1,28,6,1600,1,11,-1,-1,-1
2015460262042,3,10,0,18,0,0,1,0,0,0,3,1,6,1,64,9,-1,-1,-1,-1,1,-1
2015460262044,1,9,0,18,0,7,0,0,0,0,1,1,6,2,51,8,1589,1,18,-1,3,-1
2015460262044,2,9,0,18,0,7,0,0,1,0,2,1,6,1,68,10,1339,1,11,-1,-1,-1
2015460262044,3,9,0,18,0,8,0,0,0,0,1,1,6,1,71,10,1997,1,3,-1,2,-1
2015460262045,1,9,0,18,0,0,0,0,0,0,4,1,6,3,-1,-1,-1,-1,-1,-1,-1,-1
2015460262045,2,1,0,18,0,0,0,0,0,0,1,1,6,1,16,4,-1,-1,-1,-1,1,-1
2015460262049,1,9,0,9,0,6,0,0,0,0,1,1,1,2,34,6,1598,1,13,-1,-1,-1
2015460262049,2,3,0,14,0,1,0,0,0,0,4,1,1,1,18,4,125,1,-1,-1,-1,-1
2015460262050,1,9,0,18,0,0,0,0,0,0,4,1,6,1,25,5,1388,1,13,-1,1,-1
2015460262051,1,21,0,18,0,0,0,0,0,0,0,1,6,3,-1,-1,-1,-1,-1,-1,-1,-1
2015460262051,2,9,0,18,0,0,0,11,0,0,4,1,6,1,36,7,1598,1,-1,-1,1,-1
2015460262051,3,21,1,18,0,0,0,11,0,0,3,2,1,1,43,7,-1,-1,-1,-1,-1,-1
2015460262054,1,9,0,9,0,4,0,0,0,0,4,1,1,1,27,6,2148,2,11,-1,-1,-1
2015460262054,2,9,0,18,0,3,0,0,0,0,1,1,1,2,51,8,-1,-1,-1,-1,-1,-1
2015460262055,1,11,0,5,0,4,0,0,0,0,3,1,1,1,54,8,9000,2,6,-1,-1,-1
2015460262055,2,9,0,5,0,4,0,0,0,0,4,1,1,2,51,8,1968,2,2,-1,-1,-1
2015460262058,1,9,0,18,0,0,1,0,2,7,1,1,6,1,29,6,1994,1,13,-1,1,-1
2015460262064,1,9,0,2,0,0,0,0,0,0,3,1,1,1,-1,-1,1390,1,3,-1,-1,-1
2015460262064,2,1,0,14,0,0,0,0,0,0,4,1,2,1,41,7,-1,-1,-1,-1,2,-1
2015460262065,1,2,0,17,0,0,0,0,1,0,4,1,6,1,23,5,124,1,-1,-1,1,-1
2015460262067,1,9,0,14,0,0,0,4,0,0,1,1,6,2,20,4,1198,1,1,-1,1,-1
2015460262067,2,9,0,18,0,0,0,0,0,0,1,1,6,2,18,4,1390,1,11,-1,1,-1
2015460262067,3,9,0,2,0,0,0,0,0,0,3,1,6,1,37,7,-1,-1,-1,-1,1,-1
2015460262069,1,2,0,18,0,1,1,0,0,0,1,1,1,1,20,4,49,1,13,-1,1,-1
2015460262069,2,9,0,10,0,1,0,0,0,0,2,1,6,2,36,7,1596,1,3,-1,1,-1
2015460262073,1,9,0,18,0,1,0,0,0,0,1,1,6,1,22,5,1242,1,17,-1,1,-1
2015460262073,2,9,0,3,0,1,0,0,0,0,2,1,6,1,73,10,1242,1,8,-1,1,-1
2015460262076,1,9,0,16,0,2,0,0,1,0,3,1,2,1,29,6,-1,-1,-1,-1,1,-1
2015460262078,1,9,0,18,0,1,0,0,0,0,4,1,1,2,25,5,998,1,2,-1,1,-1
2015460262079,1,9,0,9,0,5,0,0,0,0,3,1,6,1,76,11,1242,1,1,-1,3,-1
2015460262079,2,3,0,13,0,1,0,0,0,0,1,1,2,1,21,5,124,1,1,-1,1,-1
2015460262082,1,9,0,4,0,1,0,0,0,0,1,1,6,1,25,5,1598,1,12,-1,1,-1
2015460262087,1,19,0,9,0,6,0,0,0,0,1,1,6,1,62,9,-1,-1,-1,-1,1,-1
2015460262087,2,3,0,18,0,1,0,0,0,0,4,1,6,1,17,4,124,1,2,-1,1,-1
2015460262088,1,9,0,18,0,1,0,0,0,0,1,1,6,2,29,6,1598,1,9,-1,1,-1
2015460262088,2,1,0,3,0,1,0,0,0,0,2,1,6,2,29,6,-1,-1,-1,-1,-1,-1
2015460262090,1,9,0,5,0,0,5,4,0,0,4,1,1,1,53,8,1598,1,10,-1,1,-1
2015460262090,2,9,0,2,0,0,0,0,0,0,4,1,6,1,41,7,1997,2,6,-1,1,-1
2015460262090,3,9,0,2,0,0,0,0,0,0,3,1,6,2,29,6,-1,-1,-1,-1,1,-1
2015460262091,1,9,0,9,0,6,0,0,0,0,1,1,6,1,26,6,2148,2,9,-1,-1,-1
2015460262092,1,9,0,13,0,1,0,0,0,0,1,1,6,3,-1,-1,-1,-1,-1,-1,-1,-1
2015460262092,2,9,0,9,0,5,0,0,0,0,3,1,6,2,26,6,2198,2,9,-1,-1,-1
2015460262093,1,9,0,14,0,0,0,0,0,0,4,1,1,1,55,8,1910,2,10,-1,2,-1
2015460262094,1,4,0,18,0,0,0,0,0,0,0,1,6,3,-1,-1,-1,-1,-1,-1,-1,-1
2015460262100,1,9,0,18,0,0,0,0,0,0,1,1,1,1,42,7,-1,-1,-1,-1,-1,-1
2015460262100,2,9,0,18,0,0,0,0,0,0,2,1,1,1,46,8,-1,-1,-1,-1,-1,-1
2015460262100,3,19,0,18,0,0,0,0,0,0,4,1,1,1,56,9,2198,2,8,-1,1,-1
2015460262101,1,9,0,18,0,0,0,4,0,0,1,1,6,1,25,5,1598,1,9,-1,-1,-1
2015460262101,2,9,0,2,0,0,0,0,0,0,4,1,6,1,-1,-1,1984,1,15,-1,-1,-1
2015460262101,3,9,0,2,0,0,0,0,0,0,4,1,6,3,-1,-1,1240,1,12,-1,-1,-1
2015460262101,4,9,0,2,0,0,0,0,0,0,4,1,6,1,-1,-1,1595,1,6,-1,-1,-1
2015460262105,1,9,0,9,0,2,0,0,0,0,3,1,6,2,64,9,998,1,3,-1,3,-1
2015460262105,2,5,0,4,0,6,0,0,0,0,1,1,6,1,58,9,1250,1,12,-1,3,-1
2015460262107,1,19,0,16,0,1,0,0,0,0,1,1,2,1,50,8,2198,2,4,-1,3,-1
2015460262107,2,9,0,10,0,1,0,0,0,0,2,1,1,2,28,6,1248,1,5,-1,2,-1
2015460262110,1,9,0,18,0,0,0,0,0,0,1,1,6,1,27,6,1363,2,12,-1,1,-1
2015460262111,1,9,0,5,0,0,0,0,0,0,1,1,1,2,23,5,1598,1,2,-1,2,-1
2015460262111,2,9,0,3,0,0,0,0,0,0,2,1,1,1,28,6,993,1,15,-1,2,-1
2015460262115,1,9,0,18,0,0,1,0,0,0,1,1,6,1,26,6,1988,1,16,-1,1,-1
2015460262115,2,9,0,3,0,0,0,0,0,0,3,1,6,2,53,8,1596,1,9,-1,1,-1
2015460262117,1,9,0,18,0,1,0,0,0,0,1,1,6,1,88,11,973,1,13,-1,1,-1
2015460262117,2,9,0,18,0,1,0,0,0,0,2,1,6,2,18,4,1390,1,13,-1,1,-1
2015460262126,1,9,0,18,0,0,0,0,0,0,3,1,6,1,83,11,1600,1,16,-1,1,-1
2015460262126,2,1,0,18,0,0,0,0,0,0,1,1,6,1,12,3,-1,-1,-1,-1,1,-1
2015460262129,1,9,0,18,0,4,0,0,0,0,1,1,6,1,65,9,1598,1,4,-1,1,-1
2015460262129,2,1,0,18,0,4,0,0,0,0,1,1,6,1,16,4,-1,-1,-1,-1,1,-1
2015460262130,1,9,0,18,0,0,1,0,0,0,1,1,6,1,33,6,1910,2,9,-1,1,-1
2015460262130,2,9,0,4,0,0,0,0,0,0,2,1,6,1,23,5,1248,2,8,-1,-1,-1
2015460262130,3,9,0,4,0,0,0,0,0,0,2,1,6,2,50,8,999,1,3,-1,-1,-1
2015460262130,4,9,0,4,0,0,0,0,0,0,2,1,6,2,79,11,1299,1,11,-1,-1,-1
2015460262132,1,9,0,16,0,2,1,0,1,0,1,1,2,1,19,4,1200,1,-1,-1,2,-1
2015460262132,2,9,0,18,0,1,1,0,1,0,3,1,6,2,40,7,1968,2,2,-1,1,-1
2015460262133,1,9,0,18,0,1,0,0,1,4,1,1,6,1,31,6,2993,2,1,-1,1,-1
2015460262134,1,1,0,9,0,0,0,0,0,0,3,1,2,2,22,5,-1,-1,-1,-1,2,-1
2015460262134,2,9,0,13,0,0,0,0,0,0,4,1,6,1,75,10,1596,1,3,-1,2,-1
2015460262135,1,9,0,18,0,2,1,4,0,0,1,1,6,1,39,7,1796,1,12,-1,1,-1
2015460262135,2,9,0,18,0,8,0,0,0,0,1,1,6,2,32,6,1598,1,13,-1,1,-1
2015460262135,3,9,0,2,0,1,0,0,0,0,2,1,6,1,-1,-1,1968,2,9,-1,1,-1
2015460262135,4,9,0,2,0,1,0,0,0,0,1,1,6,3,-1,-1,1596,1,11,-1,1,-1
2015460262137,1,9,0,17,6,1,0,0,1,7,1,1,6,3,-1,-1,1998,2,12,-1,-1,-1
2015460262138,1,9,0,5,0,8,0,0,0,0,4,1,6,3,-1,-1,1497,8,7,-1,-1,-1
2015460262140,1,19,0,12,0,0,0,0,0,0,3,1,1,1,27,6,1870,2,12,-1,-1,-1
2015460262140,2,5,0,18,0,0,0,0,0,0,1,1,1,2,42,7,599,1,13,-1,-1,-1
2015460262142,1,9,0,18,0,0,0,0,0,0,1,1,6,3,-1,-1,-1,-1,-1,-1,-1,-1
2015460262142,2,3,0,18,0,0,0,0,0,0,2,1,6,1,34,6,114,1,1,-1,1,-1
2015460262143,1,9,0,18,0,0,0,0,0,0,1,1,6,1,29,6,2979,1,14,-1,1,-1
2015460262143,2,9,0,18,0,0,0,0,4,6,2,1,6,1,26,6,1596,1,12,-1,1,-1
2015460262146,1,9,0,18,0,0,1,0,0,0,0,1,6,1,21,5,1124,1,13,-1,2,-1
2015460262146,2,9,0,18,0,0,0,0,0,0,0,1,6,3,-1,-1,-1,-1,-1,-1,-1,-1
2015460262150,1,19,0,4,0,2,1,0,0,0,1,1,1,1,52,8,2402,2,13,-1,3,-1
2015460262150,2,9,0,4,0,2,0,0,0,0,2,1,6,1,37,7,1598,1,14,-1,1,-1
2015460262152,1,9,0,4,0,0,0,0,0,0,1,1,6,1,35,6,1560,2,3,-1,1,-1
2015460262152,2,9,0,4,0,0,0,0,0,0,2,1,6,2,41,7,2143,2,3,-1,1,-1
2015460262154,1,9,0,18,0,8,0,0,0,0,3,1,6,1,-1,-1,2497,2,8,-1,1,-1
2015460262154,2,9,0,18,0,8,0,0,0,0,1,1,6,1,-1,-1,1560,2,7,-1,3,-1
2015460262155,1,5,0,13,0,0,0,0,7,0,4,1,6,1,19,4,-1,-1,-1,-1,1,-1
2015460262155,2,9,0,9,0,0,0,0,0,0,3,1,1,1,51,8,1398,1,-1,-1,3,-1
2015460262164,1,19,0,18,0,1,0,0,0,0,1,1,6,3,-1,-1,1968,2,2,-1,2,-1
2015460262164,2,9,0,4,0,1,0,0,0,0,2,1,6,2,40,7,2987,2,8,-1,1,-1
2015460262177,1,8,0,18,0,0,0,0,0,0,0,1,1,1,71,10,-1,-1,-1,-1,1,-1
2015460262185,1,9,0,4,0,0,0,0,0,0,0,1,6,3,52,8,1590,1,11,-1,-1,-1
2015460262185,2,9,0,4,0,0,0,0,0,0,2,1,6,1,25,5,1598,1,1,-1,1,-1
2015460262185,3,9,0,4,0,0,0,0,0,0,1,1,6,2,35,6,1198,1,12,-1,1,-1
2015460262187,1,3,0,18,0,1,1,10,1,10,4,1,6,1,26,6,124,1,-1,-1,1,-1
2015460262188,1,9,0,13,0,1,0,0,0,0,4,1,6,2,29,6,1997,2,6,-1,-1,-1
2015460262188,2,1,0,18,0,1,0,0,0,0,1,1,6,1,17,4,-1,-1,-1,-1,1,-1
2015460262189,1,9,0,11,0,8,0,0,0,0,2,1,6,1,39,7,2967,2,9,-1,1,-1
2015460262189,2,9,0,18,0,8,0,0,0,0,1,1,6,1,42,7,1328,1,13,-1,1,-1
2015460262190,1,9,0,12,0,0,0,0,0,0,1,1,6,1,39,7,2183,2,5,-1,1,-1
2015460262190,2,9,0,18,0,0,0,0,0,0,2,1,1,2,32,6,1388,1,6,-1,1,-1
2015460262193,1,9,0,18,0,1,0,0,0,0,1,1,2,1,25,5,847,1,14,-1,2,-1
2015460262198,1,9,0,18,0,0,0,0,0,0,1,1,6,2,26,6,1596,1,14,-1,-1,-1
2015460262198,2,9,0,18,0,0,0,0,0,0,2,1,6,2,32,6,1753,2,7,-1,-1,-1
2015460262199,1,21,0,18,0,0,0,4,0,0,1,1,1,1,58,9,10308,2,2,-1,1,-1
2015460262199,2,19,0,2,0,0,0,0,1,0,2,1,1,1,52,8,2402,2,6,-1,3,-1
2015460262200,1,21,0,18,0,0,1,7,2,6,1,1,1,1,58,9,-1,-1,-1,-1,-1,-1
2015460262200,2,21,1,13,0,0,0,0,0,0,2,1,1,2,43,7,-1,-1,-1,-1,-1,-1
2015460262203,1,9,0,18,0,0,1,0,7,0,4,1,6,1,43,7,1993,1,26,-1,1,-1
2015460262203,2,9,0,18,0,0,0,0,0,0,1,1,6,1,62,9,1995,2,6,-1,3,-1
2015460262211,1,9,0,18,0,0,0,0,0,0,3,1,6,2,49,8,-1,-1,-1,-1,2,-1
2015460262212,1,9,0,7,0,6,0,0,0,0,1,1,6,1,85,11,1124,1,5,-1,3,-1
2015460262212,2,9,0,18,0,2,0,0,0,0,4,1,3,2,32,6,1995,2,5,-1,1,-1
2015460262213,1,9,0,9,0,8,0,0,0,0,1,1,6,1,73,10,1598,1,-1,-1,1,-1
2015460262213,2,3,0,18,0,1,0,0,0,0,1,1,6,1,25,5,125,1,10,-1,1,-1
2015460262218,1,9,0,18,0,8,0,0,0,0,1,1,6,1,21,5,1390,1,6,-1,-1,-1
2015460262219,1,9,0,17,0,0,0,0,1,1,1,1,6,1,45,7,1995,2,7,-1,3,-1
2015460262226,1,8,0,18,0,1,0,0,1,1,1,1,1,1,35,6,1896,2,5,-1,1,-1
2015460262226,2,9,0,9,0,6,0,0,0,0,0,1,6,2,32,6,1498,1,2,-1,1,-1
2015460262229,1,9,0,12,0,0,0,0,0,0,0,1,6,1,16,4,1896,2,7,-1,1,-1
2015460262229,2,9,0,18,0,0,0,0,1,4,0,1,6,1,56,9,1597,1,16,-1,1,-1
2015460262232,1,9,0,18,0,0,0,0,0,0,1,1,6,2,40,7,1498,1,7,-1,1,-1
2015460262239,1,21,0,4,0,0,1,0,0,0,1,1,1,1,37,7,-1,-1,-1,-1,1,-1
2015460262239,2,9,0,4,0,0,0,0,0,0,2,1,2,1,41,7,1999,1,10,-1,-1,-1
2015460262239,3,21,1,4,0,0,0,0,0,0,2,1,1,1,61,9,-1,-1,-1,-1,-1,-1
2015460262241,1,9,0,18,0,0,0,0,0,0,1,1,6,2,35,6,1299,1,7,-1,1,-1
2015460262242,1,9,0,15,0,0,0,0,0,0,1,1,2,1,28,6,-1,-1,-1,-1,1,-1
2015460262243,1,9,0,9,0,5,0,0,0,0,1,1,6,3,-1,-1,-1,-1,-1,-1,-1,-1
2015460262243,2,5,0,18,0,8,0,0,0,0,3,1,6,1,50,8,748,1,23,-1,1,-1
2015460262246,1,1,0,7,0,4,0,0,0,0,1,1,6,1,65,9,-1,-1,-1,-1,1,-1
2015460262246,2,9,0,18,0,8,0,0,0,0,4,1,6,1,73,10,2191,2,1,-1,1,-1
2015460262249,1,9,0,18,0,1,0,0,0,0,1,1,6,2,36,7,1796,1,6,-1,1,-1
2015460262249,2,9,0,3,0,1,0,0,0,0,2,1,6,1,53,8,1197,1,-1,-1,3,-1
2015460262254,1,9,0,18,0,8,0,0,0,0,1,1,1,2,45,7,-1,-1,-1,-1,-1,-1
2015460262256,1,11,0,4,0,0,0,10,1,0,4,1,1,1,-1,-1,9600,2,17,-1,-1,-1
2015460262257,1,4,0,18,0,0,1,0,0,0,0,1,6,1,59,9,124,1,-1,-1,2,-1
2015460262257,2,20,0,18,0,0,0,0,0,0,0,1,1,1,28,6,-1,-1,-1,-1,3,-1
2015460262258,1,9,0,18,0,2,0,0,0,0,1,1,1,2,46,8,1242,1,5,-1,1,-1
2015460262259,1,9,0,4,0,0,0,0,0,0,2,1,6,1,35,6,-1,-1,-1,-1,3,-1
2015460262259,2,11,0,18,0,0,0,0,0,0,1,1,1,1,21,5,9000,2,6,-1,1,-1
2015460262260,1,9,0,4,0,0,0,0,0,0,3,1,3,2,26,6,1596,1,13,-1,1,-1
2015460262262,1,9,0,18,0,3,0,0,0,0,4,1,6,1,57,9,1596,1,5,-1,-1,-1
2015460262262,2,3,0,17,0,8,0,0,0,0,3,1,6,1,33,6,125,1,-1,-1,1,-1
2015460262264,1,9,0,18,0,2,1,0,0,0,1,1,2,1,19,4,998,1,13,-1,1,-1
2015460262264,2,9,0,4,0,2,0,0,0,0,2,1,6,2,32,6,1360,1,13,-1,1,-1
2015460262264,3,9,0,3,0,2,0,0,0,0,2,1,6,2,62,9,1390,1,3,-1,3,-1
2015460262266,1,9,0,18,0,0,0,0,0,0,4,1,6,3,-1,-1,-1,-1,-1,-1,-1,-1
2015460262267,1,9,0,18,0,1,0,7,0,0,1,1,6,1,84,11,1248,1,4,-1,1,-1
2015460262269,1,9,0,18,0,0,0,4,0,0,4,1,1,2,21,5,995,1,3,-1,1,-1
2015460262269,2,9,0,2,0,0,0,0,0,0,3,1,6,1,-1,-1,2199,2,3,-1,1,-1
2015460262270,1,9,0,18,0,1,0,0,0,0,1,1,6,3,-1,-1,-1,-1,-1,-1,-1,-1
2015460262270,2,9,0,18,0,1,0,0,0,0,2,1,6,2,37,7,1364,1,6,-1,2,-1
2015460262273,1,9,0,1,9,8,0,0,1,0,2,1,6,3,-1,-1,-1,-1,-1,-1,-1,-1
2015460262276,1,9,0,9,0,6,0,0,0,0,3,1,6,1,41,7,1598,1,16,-1,1,-1
2015460262276,2,4,0,18,0,8,0,0,0,0,1,1,6,1,17,4,124,1,5,-1,3,-1
2015460262278,1,9,0,18,0,4,0,0,0,0,1,1,6,3,-1,-1,-1,-1,-1,-1,-1,-1
2015460262278,2,9,0,3,0,1,0,0,0,0,2,1,1,2,23,5,1399,2,3,-1,1,-1
2015460262279,1,2,0,18,0,1,0,0,0,0,1,1,6,1,-1,-1,-1,-1,-1,-1,-1,-1
2015460262279,2,9,0,10,0,1,0,0,0,0,2,1,6,2,29,6,1339,1,-1,-1,-1,-1
2015460262280,1,9,0,1,0,0,0,0,0,0,2,1,6,3,-1,-1,-1,-1,-1,-1,-1,-1
2015460262281,1,9,0,18,0,0,1,0,1,0,4,1,6,2,43,7,1596,1,10,-1,3,-1
2015460262291,1,9,0,2,0,0,0,0,0,0,3,1,6,2,83,11,1799,1,7,-1,1,-1
2015460262291,2,9,0,18,0,0,0,0,0,0,4,1,6,1,26,6,1997,2,9,-1,1,-1
2015460262292,1,9,0,16,0,0,5,0,7,10,0,1,6,1,19,4,-1,-1,-1,-1,-1,-1
2015460262296,1,8,0,5,9,6,0,0,0,0,1,1,1,1,-1,-1,-1,-1,-1,-1,-1,-1
2015460262297,1,9,0,18,0,0,1,0,2,3,4,1,6,2,61,9,1422,2,13,-1,-1,-1
2015460262302,1,9,0,18,0,1,0,0,0,0,1,1,6,1,30,6,-1,-1,-1,-1,1,-1
2015460262302,2,5,0,10,0,1,0,0,0,0,2,1,2,1,44,7,600,1,11,-1,1,-1
2015460262306,1,1,0,18,4,1,1,0,1,10,1,1,6,2,51,8,-1,-1,-1,-1,2,-1
2015460262310,1,9,0,17,0,0,0,4,0,0,1,1,2,1,45,7,1389,1,13,-1,1,-1
2015460262310,2,9,0,2,0,0,0,0,0,0,2,1,2,3,-1,-1,-1,-1,-1,-1,-1,-1
2015460262311,1,9,0,5,0,3,0,10,1,10,1,1,1,1,41,7,-1,-1,-1,-1,3,-1
2015460262315,1,9,0,6,0,2,0,0,0,0,1,1,6,2,42,7,1587,1,13,-1,1,-1
2015460262315,2,9,0,2,0,1,0,0,0,0,3,1,6,1,34,6,1299,1,13,-1,1,-1
2015460262315,3,9,0,18,0,2,0,0,0,0,3,1,2,2,46,8,1998,1,12,-1,1,-1
2015460262321,1,9,0,18,0,0,0,0,2,4,1,1,6,1,70,10,998,1,-1,-1,1,-1
2015460262326,1,9,0,1,0,1,0,0,0,0,2,1,6,1,29,6,1896,2,11,-1,-1,-1
2015460262337,1,4,0,18,0,3,0,0,0,0,4,1,6,1,21,5,471,1,2,-1,3,-1
2015460262339,1,9,0,7,0,6,0,0,0,0,1,1,6,3,-1,-1,-1,-1,-1,-1,-1,-1
2015460262339,2,9,0,18,0,1,0,0,0,0,2,1,6,1,37,7,1998,1,9,-1,2,-1
2015460262341,1,9,0,5,0,1,0,0,0,0,1,1,6,1,77,11,1991,1,12,-1,1,-1
2015460262343,1,9,0,3,0,0,0,0,0,0,1,1,6,1,35,6,998,1,2,-1,1,-1
2015460262343,2,4,0,4,0,0,0,0,0,0,4,1,6,1,20,4,124,1,10,-1,1,-1
2015460262344,1,9,0,7,9,1,0,0,0,0,1,1,1,2,46,8,1360,1,11,-1,1,-1
2015460262347,1,9,0,18,0,0,0,0,0,0,4,1,6,2,54,8,1997,2,12,-1,2,-1
2015460262348,1,9,0,18,0,0,0,0,0,0,1,1,6,1,77,11,1797,8,6,-1,1,-1
2015460262348,2,9,0,18,0,0,0,0,0,0,2,1,6,1,65,9,1598,2,3,-1,1,-1
2015460262348,3,9,0,18,0,0,0,0,0,0,2,1,6,2,26,6,-1,-1,-1,-1,1,-1
2015460262349,1,9,0,18,0,0,1,0,0,0,1,1,6,1,29,6,1242,1,13,-1,3,-1
2015460262350,1,19,0,18,0,1,0,0,0,0,1,1,1,1,40,7,2143,2,-1,-1,1,-1
2015460262350,2,9,0,3,0,1,0,0,0,0,2,1,2,2,55,8,1910,2,8,-1,1,-1
2015460262351,1,1,0,16,0,1,1,0,0,0,1,1,6,1,56,9,-1,-1,-1,-1,1,-1