Accident_Index,Vehicle_Reference,Vehicle_Type,Towing_and_Articulation,Vehicle_Manoeuvre,Vehicle_Location-Restricted_Lane,Junction_Location,Skidding_and_Overturning,Hit_Object_in_Carriageway,Vehicle_Leaving_Carriageway,Hit_Object_off_Carriageway,1st_Point_of_Impact,Was_Vehicle_Left_Hand_Drive?,Journey_Purpose_of_Driver,Sex_of_Driver,Age_of_Driver,Age_Band_of_Driver,Engine_Capacity_(CC),Propulsion_Code,Age_of_Vehicle,Driver_IMD_Decile,Driver_Home_Area_Type,Vehicle_IMD_Decile
2015460262352,1,9,0,18,0,4,0,0,0,0,1,1,6,2,39,7,-1,-1,-1,-1,1,-1
2015460262352,2,20,0,18,0,3,0,0,0,0,1,1,6,1,44,7,-1,-1,-1,-1,1,-1
2015460262353,1,17,0,18,0,0,0,0,0,0,3,1,6,3,-1,-1,-1,-1,-1,-1,-1,-1
2015460262353,2,9,0,18,0,0,0,0,0,0,3,1,6,2,33,6,1596,1,10,-1,-1,-1
2015460262355,1,9,0,18,0,2,0,0,0,0,4,1,6,3,-1,-1,1900,2,9,-1,-1,-1
2015460262355,2,9,0,18,0,2,0,0,0,0,3,1,6,1,65,9,-1,-1,-1,-1,1,-1
2015460262363,1,9,0,7,0,6,0,0,0,0,1,1,6,2,26,6,1360,1,11,-1,1,-1
2015460262369,1,9,0,18,0,1,0,0,0,0,1,1,6,1,23,5,1390,1,13,-1,1,-1
2015460262369,2,9,0,3,0,1,0,0,0,0,2,1,2,2,54,8,1149,1,11,-1,1,-1
2015460262372,1,9,0,5,0,6,0,0,0,0,1,1,6,1,40,7,1997,2,10,-1,1,-1
2015460262372,2,9,0,18,0,8,0,0,0,0,1,1,6,1,35,6,1149,1,14,-1,1,-1
2015460262373,1,9,0,14,0,1,0,4,0,0,1,1,2,1,17,4,1198,1,6,-1,1,-1
2015460262373,2,21,1,2,6,1,0,0,0,0,2,1,1,1,53,8,-1,-1,-1,-1,-1,-1
2015460262375,1,19,0,18,0,0,0,4,0,0,1,1,1,1,53,8,2148,2,10,-1,1,-1
2015460262375,2,19,0,2,0,0,0,0,0,0,2,1,1,1,33,6,2402,2,9,-1,1,-1
2015460262376,1,9,0,5,0,4,0,0,0,0,1,1,6,1,67,10,998,1,5,-1,1,-1
2015460262376,2,5,0,18,0,8,1,0,0,0,4,1,6,1,56,9,998,1,24,-1,3,-1
2015460262377,1,11,0,9,0,5,0,0,0,0,1,1,6,1,40,7,5883,2,14,-1,1,-1
2015460262377,2,9,0,18,0,1,0,0,0,0,1,1,1,1,37,7,-1,-1,-1,-1,1,-1
2015460262379,1,9,0,4,0,5,0,0,0,0,1,1,6,1,21,5,-1,-1,-1,-1,3,-1
2015460262379,2,9,0,4,0,5,0,0,0,0,2,1,6,2,47,8,1781,1,10,-1,1,-1
2015460262379,3,9,0,3,0,2,0,0,0,0,2,1,6,2,35,6,1329,1,5,-1,1,-1
2015460262380,1,5,0,16,0,0,0,0,7,0,4,1,6,1,53,8,904,1,20,-1,-1,-1
2015460262381,1,9,0,7,0,6,0,0,0,0,1,1,6,2,49,8,1598,1,5,-1,3,-1
2015460262381,2,9,0,18,0,8,0,0,0,0,2,1,6,1,29,6,1362,1,3,-1,1,-1
2015460262381,3,9,0,2,0,2,0,0,0,0,4,1,6,3,-1,-1,2143,2,-1,-1,1,-1
2015460262383,1,9,0,18,0,0,0,0,0,0,1,1,2,2,35,6,2664,2,14,-1,3,-1
2015460262383,2,9,0,18,0,0,0,0,1,9,1,1,6,1,44,7,2495,2,15,-1,-1,-1
2015460262385,1,5,0,13,0,1,0,0,7,10,1,1,6,1,50,8,1199,1,15,-1,1,-1
2015460262385,2,9,0,9,0,5,0,0,0,0,3,1,6,2,39,7,-1,-1,-1,-1,3,-1
2015460262386,1,9,0,18,0,0,0,0,1,3,3,1,6,2,20,4,998,1,6,-1,3,-1
2015460262388,1,9,0,7,0,6,0,0,0,0,4,1,2,1,65,9,998,1,5,-1,1,-1
2015460262388,2,9,0,2,0,1,0,0,0,0,4,1,1,1,39,7,1781,1,17,-1,1,-1
2015460262390,1,9,0,18,0,0,1,0,1,10,4,1,2,1,26,6,1596,1,2,-1,1,-1
2015460262398,1,2,0,4,0,0,0,0,0,0,4,1,6,1,18,4,124,1,16,-1,1,-1
2015460262399,1,9,0,9,0,5,0,0,0,0,1,1,6,2,67,10,998,1,1,-1,2,-1
2015460262399,2,9,0,9,0,1,0,0,3,0,1,1,6,2,41,7,1598,2,1,-1,2,-1
2015460262400,1,9,0,18,0,2,0,0,0,0,4,1,6,2,39,7,1598,1,11,-1,1,-1
2015460262404,1,9,0,9,0,6,0,0,0,0,1,1,6,2,27,6,2198,1,14,-1,-1,-1
2015460262404,2,21,0,18,0,1,0,0,0,0,1,1,1,1,46,8,4461,2,3,-1,-1,-1
2015460262405,1,9,0,4,0,0,0,0,0,0,1,1,6,1,22,5,999,1,15,-1,3,-1
2015460262405,2,9,0,4,0,0,0,0,0,0,2,1,2,2,44,7,1796,1,6,-1,1,-1
2015460262405,3,9,0,18,0,0,1,0,0,0,2,1,6,2,36,7,2290,1,14,-1,3,-1
2015460262409,1,9,0,18,0,8,0,0,0,0,3,1,6,1,37,7,1968,2,8,-1,1,-1
2015460262409,2,1,0,18,0,8,0,0,0,0,1,1,6,2,26,6,-1,-1,-1,-1,1,-1
2015460262412,1,9,0,9,0,1,0,0,0,0,3,1,6,1,62,9,1997,2,5,-1,3,-1
2015460262412,2,9,0,18,0,1,0,0,0,0,1,1,6,1,20,4,1968,2,-1,-1,3,-1
2015460262418,1,4,0,13,0,1,0,0,7,0,1,1,6,1,30,6,125,1,6,-1,-1,-1
2015460262418,2,9,0,9,0,1,0,0,0,0,3,1,6,1,32,6,-1,-1,-1,-1,-1,-1
2015460262421,1,20,0,18,0,0,0,0,0,0,4,1,1,1,50,8,3920,2,10,-1,1,-1
2015460262423,1,9,0,18,0,1,0,0,0,0,1,1,6,1,51,8,1870,2,9,-1,1,-1
2015460262423,2,9,0,18,0,1,0,0,0,0,2,1,6,1,49,8,1199,1,16,-1,1,-1
2015460262424,1,4,0,16,0,1,0,0,0,0,1,1,6,1,20,4,-1,-1,-1,-1,1,-1
2015460262424,2,9,0,17,0,1,0,0,0,0,1,1,6,1,44,7,1796,1,11,-1,1,-1
2015460262428,1,9,0,18,0,0,2,0,1,10,3,1,6,1,54,8,2995,8,2,-1,-1,-1
2015460262428,2,9,0,18,0,0,0,0,0,0,0,1,6,3,-1,-1,-1,-1,-1,-1,-1,-1
2015460262429,1,9,0,18,0,0,0,0,0,0,4,1,6,1,24,5,1198,1,13,-1,1,-1
2015460262429,2,21,1,2,0,0,0,0,0,0,3,1,1,1,24,5,-1,-1,-1,-1,-1,-1
2015460262432,1,9,0,18,0,0,1,0,1,0,1,1,6,1,18,4,-1,-1,-1,-1,2,-1
2015460262437,1,9,0,18,0,3,0,0,7,10,3,1,4,1,18,4,1596,1,11,-1,2,-1
2015460262439,1,19,0,4,0,0,0,0,0,0,1,1,6,1,66,10,-1,-1,-1,-1,1,-1
2015460262439,2,9,0,4,0,0,0,0,0,0,2,1,6,2,60,9,1229,1,9,-1,1,-1
2015460262439,3,9,0,4,0,0,0,0,0,0,2,1,6,2,-1,-1,-1,-1,-1,-1,3,-1
2015460262441,1,9,0,18,0,2,0,0,0,0,1,1,6,1,18,4,1124,1,13,-1,1,-1
2015460262441,2,9,0,18,0,2,0,0,0,0,2,1,6,2,41,7,1248,2,8,-1,1,-1
2015460262441,3,9,0,18,0,2,0,0,0,0,2,1,6,1,28,6,1360,1,10,-1,1,-1
2015460262442,1,9,0,16,0,0,1,0,7,3,2,1,6,2,30,6,1364,1,10,-1,1,-1
2015460262444,1,9,0,16,0,0,1,0,0,0,3,1,1,1,36,7,1997,1,11,-1,2,-1
2015460262444,2,9,0,17,0,0,0,0,0,0,3,1,3,1,37,7,1000,1,15,-1,1,-1
2015460262445,1,9,0,18,0,0,0,0,0,0,1,1,1,1,42,7,1797,8,6,-1,1,-1
2015460262445,2,9,0,3,0,0,0,0,0,0,2,1,6,2,33,6,1596,1,10,-1,1,-1
2015460262445,3,9,0,3,0,0,0,0,0,0,2,1,6,1,40,7,1598,1,12,-1,1,-1
2015460262445,4,9,0,3,0,0,0,0,0,0,2,1,6,1,46,8,2720,2,10,-1,1,-1
2015460262447,1,9,0,18,0,1,0,0,0,0,1,1,2,1,68,10,1240,1,6,-1,3,-1
2015460262447,2,9,0,18,0,1,0,4,0,0,1,1,6,1,65,9,2496,1,12,-1,3,-1
2015460262447,3,9,0,2,0,1,0,0,0,0,2,1,6,3,-1,-1,-1,-1,-1,-1,1,-1
2015460262448,1,9,0,18,0,6,0,0,0,0,1,1,6,3,-1,-1,-1,-1,-1,-1,-1,-1
2015460262448,2,9,0,18,0,8,1,0,0,0,1,1,6,1,25,5,-1,-1,-1,-1,1,-1
2015460262450,1,9,0,9,0,8,0,0,0,0,4,1,1,1,49,8,1999,1,11,-1,1,-1
2015460262450,2,3,0,18,0,8,0,0,0,0,1,1,1,1,28,6,125,1,2,-1,1,-1
2015460262455,1,9,0,18,0,0,0,0,0,0,1,1,2,1,34,6,-1,-1,-1,-1,2,-1
2015460262455,2,9,0,18,0,0,0,0,0,0,1,1,6,1,59,9,1598,2,3,-1,1,-1
2015460262459,1,9,0,18,0,0,0,0,0,0,1,1,6,3,-1,-1,-1,-1,-1,-1,-1,-1
2015460262459,2,1,0,18,0,0,0,0,1,0,2,1,6,1,46,8,-1,-1,-1,-1,-1,-1
2015460262462,1,9,0,18,0,4,0,0,0,0,1,2,6,2,81,11,-1,-1,-1,-1,-1,-1
2015460262462,2,5,0,18,0,8,0,0,0,0,4,1,6,1,20,4,535,1,26,-1,-1,-1
2015460262463,1,9,0,4,0,5,0,0,0,0,1,1,6,2,62,9,1299,1,11,-1,1,-1
2015460262463,2,9,0,18,0,5,0,0,0,0,2,1,6,1,52,8,1496,2,1,-1,1,-1
2015460262465,1,9,0,18,0,8,0,0,0,0,4,1,6,2,-1,-1,1242,1,7,-1,3,-1
2015460262465,2,1,0,18,0,8,0,0,0,0,1,1,6,1,62,9,-1,-1,-1,-1,1,-1
2015460262466,1,9,0,12,0,0,0,0,0,0,2,1,1,1,29,6,1896,2,6,-1,1,-1
2015460262466,2,20,0,18,0,0,0,0,0,0,4,1,2,1,40,7,-1,-1,-1,-1,-1,-1
2015460262467,1,21,1,12,0,0,0,0,0,0,3,1,1,1,50,8,-1,-1,-1,-1,-1,-1
2015460262467,2,9,0,18,0,0,0,0,0,0,4,1,6,2,44,7,1339,1,7,-1,1,-1
2015460262467,3,9,0,18,0,0,0,0,0,0,2,1,6,1,51,8,-1,-1,-1,-1,3,-1
2015460262468,1,21,0,12,0,0,0,0,0,0,1,2,1,1,58,9,-1,-1,-1,-1,-1,-1
2015460262468,2,9,0,18,0,0,0,0,0,0,2,1,6,2,30,6,1388,1,4,-1,1,-1
2015460262472,1,9,0,18,0,0,0,0,0,0,1,1,6,2,37,7,-1,-1,-1,-1,1,-1
2015460262472,2,9,0,2,0,0,0,0,0,0,2,1,6,2,-1,-1,1400,2,10,-1,1,-1
2015460262474,1,11,0,18,0,8,0,0,0,0,0,1,3,1,-1,-1,9600,2,20,-1,1,-1
2015460262480,1,5,0,18,0,1,0,0,0,0,1,1,6,3,-1,-1,649,1,-1,-1,-1,-1
2015460262480,2,9,0,10,0,1,0,0,0,0,1,1,6,2,59,9,1995,2,10,-1,1,-1
2015460262482,1,9,0,17,0,1,0,7,1,2,1,1,6,2,47,8,1598,1,1,-1,1,-1
2015460262484,1,9,0,17,0,0,0,0,0,0,1,1,2,2,18,4,998,1,11,-1,1,-1
2015460262484,2,9,0,16,0,0,0,0,0,0,0,1,6,3,-1,-1,-1,-1,-1,-1,-1,-1
2015460262484,3,9,0,2,0,0,0,0,0,0,1,1,6,1,49,8,5998,1,11,-1,1,-1
2015460262485,1,9,0,18,0,8,0,0,0,0,4,1,2,2,42,7,1997,1,7,-1,1,-1
2015460262485,2,9,0,18,0,8,0,0,0,0,1,1,2,2,49,8,1995,2,3,-1,1,-1
2015460262485,3,9,0,4,0,1,0,0,0,0,3,1,2,2,34,6,1896,2,12,-1,1,-1
2015460262486,1,9,0,13,0,0,2,0,0,0,0,1,2,2,46,8,-1,-1,-1,-1,1,-1
2015460262487,1,9,0,18,0,0,1,10,1,1,1,1,6,1,20,4,2597,1,13,-1,-1,-1
2015460262487,2,9,0,18,0,0,0,0,0,0,2,1,1,1,60,9,-1,-1,-1,-1,-1,-1
2015460262494,1,9,0,5,0,1,0,0,0,0,3,1,6,2,59,9,1086,1,9,-1,1,-1
2015460262494,2,9,0,18,0,1,0,0,0,0,1,1,6,2,26,6,1598,1,14,-1,-1,-1
2015460262495,1,9,0,18,0,0,0,0,0,0,1,1,6,3,-1,-1,-1,-1,-1,-1,-1,-1
2015460262495,2,9,0,13,0,0,0,0,4,6,2,1,2,2,41,7,998,1,5,-1,1,-1
2015460262495,3,9,0,18,0,0,1,0,0,0,3,1,2,2,24,5,1400,1,9,-1,1,-1
2015460262495,4,9,0,18,0,0,0,0,0,0,3,1,6,3,-1,-1,-1,-1,-1,-1,-1,-1
2015460262499,1,9,0,18,9,0,0,0,0,0,1,1,6,1,-1,-1,2198,1,10,-1,-1,-1
2015460262499,2,9,0,2,9,0,0,0,0,0,2,1,6,1,19,4,1598,1,8,-1,1,-1
2015460262499,3,9,0,2,0,0,0,0,0,0,0,1,6,1,66,10,1598,1,7,-1,1,-1
2015460262505,1,21,1,12,0,0,0,0,0,0,1,1,1,1,32,6,-1,-1,-1,-1,-1,-1
2015460262505,2,9,0,18,0,0,0,0,0,0,2,1,2,2,57,9,1299,1,7,-1,1,-1
2015460262508,1,9,0,18,0,4,0,0,0,0,1,1,6,1,22,5,1781,1,12,-1,3,-1
2015460262508,2,9,0,9,0,4,0,0,0,0,3,1,6,1,29,6,1242,1,9,-1,3,-1
2015460262511,1,9,0,11,0,5,0,0,0,0,2,1,6,1,36,7,2143,2,2,-1,1,-1
2015460262511,2,9,0,18,0,2,0,0,7,0,1,1,6,2,30,6,1796,1,13,-1,1,-1
2015460262511,3,9,0,18,0,2,0,0,0,0,1,1,6,2,49,8,1587,1,9,-1,1,-1
2015460262512,1,5,0,18,0,0,0,0,1,10,4,1,6,1,43,7,675,1,8,-1,3,-1
2015460262514,1,9,0,4,0,0,0,0,0,0,2,1,6,2,28,6,1200,1,-1,-1,1,-1
2015460262514,2,9,0,4,0,0,0,0,0,0,2,1,6,2,43,7,1753,2,12,-1,1,-1
2015460262514,3,9,0,4,0,0,0,0,0,0,2,1,1,2,68,10,1596,1,12,-1,1,-1
2015460262516,1,19,0,17,0,0,0,0,0,0,3,1,6,1,32,6,2198,2,1,-1,3,-1
2015460262516,2,5,0,16,0,0,0,0,1,10,3,1,6,1,68,10,350,1,54,-1,3,-1
2015460262518,1,4,0,18,0,1,0,0,0,0,1,1,6,1,21,5,124,1,24,-1,1,-1
2015460262518,2,9,0,9,0,8,0,0,0,0,4,1,6,1,61,9,1596,1,10,-1,1,-1
2015460262519,1,9,0,18,0,6,0,0,0,0,3,1,6,1,64,9,1975,2,15,-1,1,-1
2015460262519,2,1,0,18,0,1,1,0,0,0,2,1,2,1,47,8,-1,-1,-1,-1,1,-1
2015460262523,1,9,0,6,0,6,0,0,0,0,4,1,6,2,23,5,1242,1,5,-1,-1,-1
2015460262523,2,9,0,18,0,2,0,0,0,0,1,1,6,1,39,7,2800,2,21,-1,1,-1
2015460262526,1,9,0,18,0,0,5,10,7,4,1,1,6,1,19,4,1598,1,9,-1,1,-1
2015460262529,1,5,0,13,0,0,0,0,0,0,1,1,2,1,28,6,883,1,4,-1,1,-1
2015460262529,2,9,0,6,0,0,0,0,0,0,4,1,6,2,63,9,998,1,-1,-1,3,-1
2015460262531,1,9,0,7,0,6,0,0,0,0,0,1,4,2,30,6,1397,1,15,-1,2,-1
2015460262531,2,2,0,18,0,8,1,0,0,0,0,1,4,1,16,4,49,1,-1,-1,1,-1
2015460262539,1,9,0,18,0,0,0,0,0,0,1,1,6,1,27,6,-1,-1,-1,-1,1,-1
2015460262539,2,1,0,18,0,0,0,0,0,0,4,1,6,2,48,8,-1,-1,-1,-1,1,-1
2015460262540,1,9,0,17,0,0,5,0,2,2,1,1,6,1,21,5,1229,1,4,-1,1,-1
2015460262542,1,9,0,18,0,1,0,0,0,0,1,1,3,1,43,7,2494,1,12,-1,1,-1
2015460262543,1,9,0,17,0,0,0,0,0,0,1,1,6,2,18,4,1368,1,9,-1,1,-1
2015460262543,2,9,0,4,0,0,0,0,0,0,2,1,6,1,34,6,1560,2,2,-1,1,-1
2015460262544,1,5,0,18,0,1,0,0,0,0,0,1,6,1,26,6,599,1,15,-1,1,-1
2015460262546,1,9,0,17,0,0,0,0,0,0,1,1,1,1,40,7,1560,2,5,-1,2,-1
2015460262546,2,9,0,4,0,0,0,0,0,0,2,1,2,1,36,7,1995,2,4,-1,1,-1
2015460262549,1,9,0,18,0,8,2,0,0,0,1,1,6,1,64,9,2204,2,6,-1,1,-1
2015460262549,2,9,0,18,0,8,1,0,0,0,4,1,2,2,21,5,998,1,6,-1,1,-1
2015460262551,1,9,0,13,0,1,2,0,1,10,1,1,6,1,22,5,1368,1,6,-1,3,-1
2015460262551,2,9,0,9,0,5,0,0,0,0,3,1,6,1,57,9,1995,2,10,-1,1,-1
2015460262553,1,9,0,18,0,1,0,0,0,0,1,1,6,3,-1,-1,-1,-1,-1,-1,-1,-1
2015460262553,2,9,0,4,0,1,0,0,0,0,2,1,6,1,45,7,2000,1,15,-1,-1,-1
2015460262554,1,9,0,4,0,0,0,4,0,0,1,1,6,1,34,6,1587,1,13,-1,1,-1
2015460262554,2,17,0,2,0,0,0,0,0,0,2,1,1,3,-1,-1,-1,-1,-1,-1,-1,-1
2015460262555,1,9,0,17,0,0,0,10,7,10,1,1,6,3,-1,-1,1124,1,16,-1,-1,-1
2015460262560,1,9,0,5,0,6,0,0,0,0,3,1,6,2,32,6,1598,1,13,-1,-1,-1
2015460262560,2,11,0,18,0,1,0,0,7,10,1,1,1,1,39,7,9600,2,20,-1,1,-1
2015460262564,1,9,0,18,0,1,0,0,0,0,1,1,6,1,28,6,2987,2,7,-1,1,-1
2015460262564,2,5,0,4,0,1,0,0,0,0,2,1,6,1,41,7,748,1,22,-1,-1,-1
2015460262565,1,9,0,10,0,1,0,0,0,0,4,1,6,2,43,7,1968,2,6,-1,1,-1
2015460262565,2,9,0,18,0,1,0,0,0,0,1,1,6,2,52,8,1200,1,2,-1,1,-1
2015460262567,1,9,0,18,0,1,0,0,0,0,1,1,6,1,59,9,2495,2,21,-1,1,-1
2015460262567,2,9,0,3,0,4,0,0,0,0,2,1,6,1,76,11,1797,8,-1,-1,1,-1
2015460262571,1,9,0,18,0,1,0,0,0,0,1,1,6,1,35,6,1360,1,9,-1,1,-1
2015460262571,2,9,0,4,0,1,0,0,0,0,2,1,6,1,70,10,-1,-1,-1,-1,2,-1
2015460262573,1,9,0,18,0,0,0,0,0,0,1,1,6,1,30,6,-1,-1,-1,-1,-1,-1
2015460262573,2,9,0,18,0,0,0,0,0,0,3,1,6,2,29,6,1461,2,2,-1,1,-1
2015460262574,1,9,0,18,0,1,0,0,0,0,1,1,6,3,-1,-1,-1,-1,-1,-1,-1,-1
2015460262574,2,9,0,3,0,1,0,0,0,0,2,1,6,1,69,10,1242,1,10,-1,1,-1
2015460262575,1,9,0,7,0,6,0,0,0,0,3,1,2,1,35,6,1390,1,11,-1,-1,-1
2015460262575,2,11,0,18,0,1,0,0,0,0,1,1,1,1,29,6,6696,2,1,-1,1,-1
2015460262579,1,1,0,18,0,2,0,0,0,0,1,1,6,1,16,4,-1,-1,-1,-1,1,-1
2015460262581,1,4,0,13,0,0,0,0,0,0,4,1,2,1,55,8,124,1,6,-1,1,-1
2015460262581,2,9,0,12,0,0,0,0,0,0,0,1,6,3,-1,-1,-1,-1,-1,-1,1,-1
2015460262582,1,9,0,18,0,1,0,0,0,0,1,1,1,2,24,5,1390,1,10,-1,2,-1
2015460262582,2,9,0,4,0,1,0,0,0,0,2,1,1,2,65,9,1229,1,4,-1,2,-1
2015460262583,1,9,0,3,0,0,0,0,0,0,3,1,6,1,31,6,-1,-1,-1,-1,-1,-1
2015460262583,2,9,0,18,0,0,1,0,0,0,4,1,6,1,55,8,1488,2,18,-1,-1,-1
2015460262584,1,19,0,18,0,0,0,0,0,0,1,1,1,1,54,8,1598,2,2,-1,1,-1
2015460262584,2,9,0,18,0,0,0,0,0,0,1,1,6,2,44,7,1560,2,11,-1,1,-1
2015460262584,3,9,0,18,0,0,0,0,0,0,1,1,6,1,49,8,1397,1,6,-1,1,-1
2015460262585,1,9,0,16,0,1,0,0,7,3,1,1,6,1,18,4,1299,1,18,-1,1,-1
2015460262589,1,9,0,18,0,1,0,0,0,0,0,1,6,3,-1,-1,-1,-1,-1,-1,-1,-1
2015460262589,2,3,0,18,0,2,0,0,0,0,0,1,6,1,17,4,124,1,-1,-1,1,-1
2015460262590,1,9,0,13,0,0,0,0,0,0,4,1,1,1,31,6,-1,-1,-1,-1,2,-1
2015460262590,2,1,0,18,0,0,0,0,0,0,3,1,2,1,22,5,-1,-1,-1,-1,1,-1
2015460262591,1,17,0,18,0,6,0,0,0,0,1,1,1,1,53,8,2216,2,11,-1,-1,-1
2015460262591,2,9,0,18,0,1,0,0,0,0,1,1,6,2,37,7,1998,2,13,-1,-1,-1
2015460262592,1,11,0,5,0,1,0,0,0,0,1,1,1,2,49,8,3900,2,12,-1,1,-1
2015460262592,2,9,0,3,0,1,0,0,0,0,2,1,6,2,26,6,1995,2,8,-1,1,-1
2015460262594,1,9,0,17,0,0,0,0,0,0,1,1,2,1,44,7,-1,-1,-1,-1,1,-1
2015460262594,2,9,0,16,0,0,0,0,0,0,1,1,2,1,51,8,998,1,12,-1,3,-1
2015460262596,1,9,0,7,0,7,0,0,0,0,3,1,6,2,59,9,1798,1,6,-1,-1,-1
2015460262596,2,9,0,7,0,7,0,0,0,0,4,1,1,1,58,9,-1,-1,-1,-1,1,-1
2015460262597,1,21,0,14,0,0,0,0,0,0,1,1,6,1,74,10,7698,2,2,-1,1,-1
2015460262597,2,9,0,3,0,0,0,0,0,0,3,1,6,2,23,5,999,1,14,-1,3,-1
2015460262600,1,9,0,9,0,8,0,0,0,0,1,1,3,1,74,10,1686,2,2,-1,2,-1
2015460262600,2,1,0,4,0,1,0,0,0,0,1,1,6,2,54,8,-1,-1,-1,-1,1,-1
2015460262605,1,19,0,16,0,0,0,0,0,0,1,1,6,1,44,7,1995,2,6,-1,1,-1
2015460262605,2,9,0,17,0,0,0,0,0,0,1,1,6,2,83,11,1598,1,14,-1,2,-1
2015460262611,1,9,0,18,0,0,0,0,0,0,1,1,1,1,29,6,1197,1,-1,-1,1,-1
2015460262611,2,19,0,18,0,0,0,0,0,0,1,1,1,1,47,8,1995,2,2,-1,2,-1
2015460262611,3,19,0,18,0,0,0,0,0,0,2,1,1,1,46,8,2198,2,-1,-1,1,-1
2015460262614,1,9,0,18,0,1,0,0,0,0,1,1,1,2,38,7,1596,1,5,-1,2,-1
2015460262614,2,9,0,3,0,1,0,0,0,0,2,1,1,2,46,8,1997,2,9,-1,1,-1
2015460262616,1,9,0,7,0,8,0,0,3,0,1,1,6,2,53,8,1560,2,10,-1,3,-1
2015460262616,2,3,0,18,0,1,0,0,0,0,3,1,1,2,46,8,124,1,6,-1,3,-1
2015460262625,1,9,0,17,0,2,0,0,0,0,0,1,6,1,32,6,1360,1,10,-1,1,-1
2015460262629,1,5,0,18,0,0,1,0,1,0,0,1,6,1,38,7,600,1,21,-1,3,-1
2015460262634,1,9,0,18,0,0,0,0,0,0,1,1,6,2,63,9,1388,1,12,-1,-1,-1
2015460262634,2,9,0,3,0,0,0,0,0,0,2,1,6,1,22,5,1242,1,14,-1,1,-1
2015460262637,1,9,0,18,0,8,0,0,0,0,4,1,2,2,54,8,1339,1,7,-1,1,-1
2015460262646,1,21,0,18,0,0,0,0,0,0,1,1,1,1,66,10,12809,2,1,-1,1,-1
2015460262646,2,21,0,18,0,0,0,0,0,0,2,1,1,1,77,11,7146,2,6,-1,2,-1
2015460262646,3,9,0,18,0,0,0,0,0,0,2,1,6,1,26,6,1242,1,14,-1,3,-1
2015460262650,1,19,0,4,0,1,0,0,0,0,1,1,1,1,26,6,2198,2,5,-1,1,-1
2015460262650,2,9,0,3,0,1,0,0,0,0,2,1,6,1,36,7,1598,1,11,-1,1,-1
2015460262650,3,9,0,3,0,1,0,0,0,0,2,1,6,2,35,6,2993,2,1,-1,1,-1
2015460262651,1,9,0,4,0,3,0,0,0,0,3,1,6,2,19,4,973,1,12,-1,3,-1
2015460262651,2,9,0,5,0,3,0,0,0,0,4,1,6,3,-1,-1,1997,2,6,-1,-1,-1
2015460262654,1,9,0,9,0,6,0,0,0,0,0,1,6,3,-1,-1,-1,-1,-1,-1,-1,-1
2015460262654,2,11,0,18,0,1,0,0,0,0,0,1,1,2,24,5,3900,2,10,-1,1,-1
2015460262661,1,9,0,17,0,0,2,0,0,0,3,1,6,1,77,11,-1,-1,-1,-1,-1,-1
2015460262662,1,9,0,4,0,3,0,0,0,0,4,1,1,3,-1,-1,-1,-1,-1,-1,-1,-1
2015460262662,2,9,0,18,0,3,0,0,0,0,3,1,2,2,33,6,1360,1,4,-1,-1,-1
2015460262667,1,9,0,18,0,0,0,0,0,0,3,1,6,1,40,7,2143,2,3,-1,-1,-1
2015460262667,2,9,0,18,0,0,1,0,1,10,3,1,6,1,79,11,2488,1,10,-1,-1,-1
2015460262671,1,4,0,14,0,1,0,0,0,0,1,1,2,1,23,5,124,1,7,-1,1,-1
2015460262671,2,9,0,9,0,2,0,0,0,0,4,1,6,2,36,7,1397,1,14,-1,1,-1
2015460262671,3,9,0,4,0,8,0,0,0,0,0,1,6,2,37,7,998,1,5,-1,1,-1
2015460262672,1,9,0,5,0,5,0,0,0,0,1,1,3,1,33,6,1560,2,6,-1,1,-1
2015460262673,1,9,0,17,0,0,2,0,1,0,1,1,6,1,19,4,1600,1,24,-1,-1,-1
2015460262674,1,9,0,9,0,6,0,0,0,0,1,1,6,2,33,6,1598,2,-1,-1,-1,-1
2015460262675,1,9,0,18,0,2,1,0,0,0,1,1,6,3,-1,-1,2494,1,15,-1,-1,-1
2015460262675,2,9,0,18,0,1,0,0,0,0,1,1,6,1,55,8,1242,1,5,-1,1,-1
2015460262675,3,9,0,18,0,8,0,0,0,0,3,1,6,1,69,10,1685,2,-1,-1,1,-1
2015460262677,1,9,0,18,0,0,0,0,4,0,1,1,6,1,-1,-1,2495,2,12,-1,-1,-1
2015460262677,2,9,0,4,0,0,1,0,0,0,2,1,6,2,50,8,1997,1,17,-1,1,-1
2015460262682,1,9,0,17,0,0,0,0,0,0,3,1,6,1,54,8,2290,1,8,-1,3,-1
2015460262682,2,9,0,16,0,0,0,0,0,0,3,1,6,2,70,10,-1,-1,-1,-1,1,-1
2015460262683,1,9,0,2,0,0,1,0,1,9,2,1,6,2,50,8,1998,2,11,-1,-1,-1
2015460262683,2,9,0,18,0,0,1,4,7,0,1,1,6,1,53,8,1560,2,4,-1,3,-1
2015460262686,1,2,0,18,0,6,0,0,0,0,1,1,6,1,17,4,125,1,2,-1,1,-1