Accident_Index,Vehicle_Reference,Vehicle_Type,Towing_and_Articulation,Vehicle_Manoeuvre,Vehicle_Location-Restricted_Lane,Junction_Location,Skidding_and_Overturning,Hit_Object_in_Carriageway,Vehicle_Leaving_Carriageway,Hit_Object_off_Carriageway,1st_Point_of_Impact,Was_Vehicle_Left_Hand_Drive?,Journey_Purpose_of_Driver,Sex_of_Driver,Age_of_Driver,Age_Band_of_Driver,Engine_Capacity_(CC),Propulsion_Code,Age_of_Vehicle,Driver_IMD_Decile,Driver_Home_Area_Type,Vehicle_IMD_Decile
2015460262686,2,9,0,18,0,8,0,0,0,0,0,1,6,1,29,6,1999,1,12,-1,1,-1
2015460262686,3,21,0,18,0,8,0,0,0,0,3,1,1,1,50,8,11705,2,6,-1,3,-1
2015460262688,1,1,0,18,0,0,1,0,0,0,0,1,6,2,71,10,-1,-1,-1,-1,3,-1
2015460262689,1,9,0,7,0,2,0,0,0,0,1,1,6,1,78,11,1560,2,8,-1,3,-1
2015460262689,2,9,0,18,0,1,0,0,0,0,1,1,6,1,40,7,2498,1,16,-1,3,-1
2015460262689,3,9,0,18,0,1,0,0,0,0,1,1,6,1,81,11,1149,1,6,-1,3,-1
2015460262692,1,9,0,17,0,1,0,0,0,0,4,1,6,2,26,6,998,1,4,-1,1,-1
2015460262692,2,1,0,17,0,1,0,0,0,0,3,1,6,1,55,8,-1,-1,-1,-1,1,-1
2015460262693,1,9,0,7,0,6,0,0,0,0,0,1,6,1,79,11,1086,1,8,-1,3,-1
2015460262693,2,3,0,18,0,1,0,0,0,0,0,1,1,1,25,5,125,1,6,-1,1,-1
2015460262696,1,9,0,18,0,8,0,0,0,0,1,1,6,3,-1,-1,-1,-1,-1,-1,-1,-1
2015460262696,2,9,0,18,0,8,0,0,0,0,2,1,6,1,64,9,1995,1,8,-1,1,-1
2015460262700,1,9,0,18,0,4,0,0,0,0,1,1,6,2,55,8,1360,1,12,-1,2,-1
2015460262700,2,5,0,18,0,8,0,0,0,0,4,1,6,1,52,8,750,1,36,-1,1,-1
2015460262701,1,1,0,18,9,0,0,0,0,0,0,1,6,1,24,5,-1,-1,-1,-1,1,-1
2015460262703,1,9,0,18,0,2,1,0,0,0,2,1,2,2,54,8,-1,-1,-1,-1,3,-1
2015460262703,2,9,0,18,0,2,1,0,0,0,1,1,6,1,27,6,1796,1,16,-1,1,-1
2015460262705,1,19,0,18,0,1,0,0,0,0,1,1,1,1,28,6,2287,2,1,-1,3,-1
2015460262705,2,10,0,4,0,1,0,0,0,0,2,1,2,1,29,6,2198,2,6,-1,1,-1
2015460262705,3,9,0,18,0,1,0,0,0,0,1,1,2,1,21,5,1796,1,5,-1,3,-1
2015460262706,1,19,0,9,0,5,0,0,0,0,0,1,6,3,-1,-1,1560,2,2,-1,1,-1
2015460262706,2,9,0,4,0,1,0,0,0,0,2,1,6,1,61,9,2198,2,9,-1,1,-1
2015460262706,3,9,0,4,0,1,0,0,0,0,1,1,6,1,33,6,1598,1,3,-1,2,-1
2015460262706,4,9,0,4,0,1,0,0,0,0,1,1,6,2,24,5,1198,1,10,-1,2,-1
2015460262711,1,19,0,18,0,0,0,0,0,0,1,1,1,1,26,6,-1,-1,-1,-1,1,-1
2015460262711,2,9,0,18,0,0,0,0,0,0,1,1,2,1,22,5,2993,2,6,-1,1,-1
2015460262712,1,20,0,18,0,0,0,0,0,0,1,1,1,1,26,6,2998,2,2,-1,-1,-1
2015460262712,2,20,0,4,0,0,0,0,1,0,2,1,1,1,61,9,2402,2,7,-1,1,-1
2015460262717,1,9,0,18,0,0,1,0,0,0,1,1,1,2,23,5,1389,1,14,-1,1,-1
2015460262717,2,9,0,18,0,0,0,0,0,0,2,1,1,1,56,9,1598,2,9,-1,1,-1
2015460262719,1,9,0,6,0,0,0,0,0,0,3,1,2,1,36,7,2967,2,2,-1,2,-1
2015460262719,2,5,0,14,0,0,0,0,0,0,1,1,2,1,51,8,847,1,1,-1,-1,-1
2015460262721,1,9,0,9,0,6,0,0,0,0,3,1,6,2,34,6,2664,2,17,-1,1,-1
2015460262721,2,9,0,18,0,8,0,0,0,0,4,1,6,2,56,9,-1,-1,-1,-1,1,-1
2015460262727,1,19,0,18,0,1,0,0,0,0,1,1,6,1,58,9,2402,2,5,-1,1,-1
2015460262727,2,9,0,7,0,5,0,0,0,0,2,1,6,1,66,10,1598,1,-1,-1,-1,-1
2015460262729,1,9,0,18,9,0,0,0,0,0,1,1,6,3,-1,-1,-1,-1,-1,-1,-1,-1
2015460262730,1,20,0,18,0,0,0,0,0,0,1,1,1,1,56,9,2287,2,2,-1,1,-1
2015460262730,2,9,0,18,0,0,0,0,0,0,2,1,6,1,46,8,2148,2,7,-1,1,-1
2015460262731,1,9,0,17,0,1,1,0,7,0,2,1,6,1,23,5,1596,1,14,-1,1,-1
2015460262731,2,3,0,18,0,1,0,0,0,0,4,1,6,1,64,9,124,1,9,-1,-1,-1
2015460262739,1,9,0,18,0,6,0,0,0,0,1,1,6,1,31,6,1596,1,8,-1,1,-1
2015460262739,2,9,0,18,0,1,0,0,0,0,2,1,6,2,28,6,1796,1,9,-1,1,-1
2015460262741,1,9,0,18,0,1,0,0,0,0,1,1,6,1,36,7,1796,1,10,-1,1,-1
2015460262741,2,9,0,3,0,1,0,0,0,0,2,1,6,2,35,6,1598,1,9,-1,1,-1
2015460262747,1,9,0,1,0,1,0,0,0,0,2,1,1,1,29,6,1995,2,2,-1,-1,-1
2015460262748,1,5,0,17,0,0,1,0,1,0,0,1,6,1,49,8,-1,-1,-1,-1,3,-1
2015460262753,1,19,0,18,0,0,0,0,0,0,1,1,2,1,37,7,2461,2,5,-1,1,-1
2015460262753,2,9,0,4,0,0,0,0,0,0,2,1,2,1,29,6,998,1,8,-1,2,-1
2015460262753,3,9,0,4,0,0,0,0,0,0,2,1,2,2,39,7,1149,1,12,-1,2,-1
2015460262755,1,9,0,12,0,0,0,0,0,0,1,1,6,1,19,4,1596,1,12,-1,1,-1
2015460262755,2,9,0,18,0,0,0,0,0,0,4,1,6,1,33,6,1968,2,5,-1,1,-1
2015460262755,3,9,0,18,0,0,0,0,0,0,1,1,6,1,49,8,-1,-1,-1,-1,1,-1
2015460262759,1,9,0,17,0,0,1,0,7,4,1,1,6,1,28,6,1328,1,8,-1,-1,-1
2015460262760,1,9,0,18,0,0,0,0,5,7,1,1,2,2,21,5,1242,1,9,-1,3,-1
2015460262761,1,9,0,3,0,0,0,0,0,0,4,1,2,1,57,9,1798,1,10,-1,-1,-1
2015460262765,1,9,0,5,0,1,0,0,0,0,3,1,6,1,60,9,1998,1,19,-1,-1,-1
2015460262765,2,9,0,18,0,1,0,0,0,0,4,1,2,1,19,4,1388,1,13,-1,1,-1
2015460262769,1,9,0,18,0,0,0,0,0,0,0,1,6,3,-1,-1,-1,-1,-1,-1,-1,-1
2015460262769,2,9,0,1,0,0,0,0,0,0,4,1,6,2,74,10,1197,1,1,-1,1,-1
2015460262769,3,9,0,2,0,0,0,0,0,0,3,1,6,1,29,6,1956,2,1,-1,1,-1
2015460262773,1,9,0,18,9,3,0,0,3,10,1,1,6,1,58,9,2143,2,2,-1,1,-1
2015460262774,1,5,0,7,0,1,0,0,0,0,4,1,6,1,26,6,599,1,19,-1,1,-1
2015460262775,1,9,0,18,0,0,0,0,0,0,1,1,6,3,-1,-1,1560,2,5,-1,-1,-1
2015460262775,2,9,0,4,0,0,0,0,0,0,2,1,6,2,24,5,1229,1,1,-1,1,-1
2015460262780,1,19,0,18,0,0,0,0,0,0,1,1,1,1,43,7,2999,2,1,-1,1,-1
2015460262780,2,21,0,18,0,0,0,0,0,0,2,1,1,1,38,7,-1,-1,-1,-1,-1,-1
2015460262780,3,9,0,18,0,0,0,0,0,0,2,1,1,1,33,6,3189,1,8,-1,1,-1
2015460262780,4,21,1,18,0,0,0,0,0,0,1,1,2,1,52,8,-1,-1,-1,-1,-1,-1
2015460262780,5,19,0,18,0,0,0,4,1,4,1,1,2,1,44,7,1598,2,-1,-1,1,-1
2015460262785,1,9,0,5,0,2,0,0,0,0,1,1,6,3,-1,-1,-1,-1,-1,-1,-1,-1
2015460262786,1,9,0,9,0,6,0,0,0,0,1,1,6,1,40,7,-1,-1,-1,-1,-1,-1
2015460262786,2,9,0,18,0,1,0,0,0,0,3,1,2,1,24,5,1360,1,13,-1,1,-1
2015460262787,1,9,0,9,0,8,0,0,0,0,3,1,6,1,46,8,1997,2,13,-1,1,-1
2015460262787,2,9,0,18,0,8,0,0,0,0,4,1,6,1,42,7,1596,1,14,-1,1,-1
2015460262789,1,9,0,-1,0,8,-1,-1,-1,0,-1,1,6,1,-1,-1,1753,2,13,-1,1,-1
2015460262789,2,9,0,-1,-1,8,-1,-1,-1,0,-1,1,6,1,38,7,1598,1,9,-1,1,-1
2015460262790,1,9,0,18,0,8,0,0,0,0,0,1,6,3,-1,-1,-1,-1,-1,-1,-1,-1
2015460262790,2,9,0,18,0,8,0,0,0,6,3,1,6,2,61,9,1399,1,8,-1,1,-1
2015460262791,1,9,0,18,0,3,0,0,7,10,1,1,6,2,20,4,1600,1,25,-1,1,-1
2015460262793,1,9,0,9,0,5,0,0,0,0,1,1,6,1,46,8,1598,1,2,-1,-1,-1
2015460262793,2,9,0,18,0,8,0,0,0,0,1,1,6,2,59,9,1388,1,8,-1,1,-1
2015460262793,3,9,0,3,0,1,0,0,0,0,1,1,6,2,49,8,1229,1,5,-1,1,-1
2015460262806,1,9,0,7,9,6,1,0,0,0,4,1,6,3,-1,-1,-1,-1,-1,-1,-1,-1
2015460262810,1,9,0,18,0,6,0,0,0,0,3,1,1,2,38,7,1560,2,9,-1,1,-1
2015460262812,1,9,0,16,0,2,1,0,2,4,4,1,2,1,27,6,1497,1,14,-1,1,-1
2015460262821,1,9,0,5,0,1,0,0,0,0,1,1,2,1,24,5,3246,1,11,-1,1,-1
2015460262821,2,9,0,3,0,1,0,0,0,0,0,1,2,1,37,7,-1,-1,-1,-1,1,-1
2015460262823,1,1,0,5,0,8,0,0,0,0,2,1,6,1,13,3,-1,-1,-1,-1,1,-1
2015460262823,2,9,0,5,0,8,0,0,0,0,1,1,6,1,46,8,2143,2,-1,-1,1,-1
2015460262825,1,9,0,1,0,0,0,0,0,0,2,1,6,2,81,11,1086,1,9,-1,1,-1
2015460262826,1,9,0,9,0,6,0,0,0,0,3,1,1,2,54,8,1997,2,3,-1,3,-1
2015460262826,2,5,0,18,0,1,0,0,0,0,1,1,1,1,49,8,797,1,36,-1,1,-1
2015460262829,1,9,0,9,0,6,0,0,0,0,1,1,6,1,53,8,1753,2,12,-1,2,-1
2015460262829,2,4,0,18,0,1,0,0,0,0,1,1,6,1,56,9,600,1,14,-1,1,-1
2015460262830,1,9,0,6,0,0,0,0,8,10,1,1,6,2,78,11,1769,1,10,-1,1,-1
2015460262836,1,9,0,10,0,1,0,0,0,0,3,1,2,2,54,8,1598,1,5,-1,1,-1
2015460262836,2,3,0,4,0,1,0,0,0,0,1,1,2,1,35,6,125,1,1,-1,1,-1
2015460262839,1,9,0,18,0,1,0,0,0,0,1,1,6,1,30,6,1360,1,5,-1,1,-1
2015460262842,1,9,0,14,0,0,0,0,0,0,2,1,6,1,20,4,-1,-1,-1,-1,-1,-1
2015460262842,2,9,0,14,0,0,0,0,0,0,1,1,6,1,-1,-1,-1,-1,-1,-1,-1,-1
2015460262842,3,11,0,2,0,0,0,0,0,0,0,1,6,3,-1,-1,-1,-1,-1,-1,-1,-1
2015460262843,1,19,0,18,0,8,0,0,0,0,1,1,6,1,27,6,1560,2,6,-1,1,-1
2015460262843,2,9,0,7,0,3,0,0,0,0,2,1,6,1,67,10,1363,2,13,-1,1,-1
2015460262844,1,9,0,18,0,0,0,0,0,0,1,1,3,2,28,6,1339,1,9,-1,1,-1
2015460262844,2,21,0,2,0,0,0,0,0,0,2,1,1,1,45,7,-1,-1,-1,-1,-1,-1
2015460262845,1,9,0,9,0,2,0,0,0,0,1,1,2,2,19,4,1363,2,11,-1,1,-1
2015460262846,1,9,0,18,0,1,0,0,0,0,1,1,6,2,33,6,1389,1,13,-1,1,-1
2015460262846,2,9,0,3,0,1,0,0,0,0,2,1,6,2,20,4,1242,1,7,-1,1,-1
2015460262850,1,9,0,18,0,8,0,0,0,0,3,1,1,2,47,8,1896,2,13,-1,1,-1
2015460262851,1,9,0,18,0,0,0,0,0,0,1,1,6,2,20,4,1149,1,14,-1,1,-1
2015460262851,2,9,0,2,0,0,0,0,0,0,2,1,6,1,-1,-1,-1,-1,-1,-1,1,-1
2015460262852,1,9,0,5,0,6,0,0,0,0,3,1,6,1,63,9,1199,1,12,-1,1,-1
2015460262852,2,9,0,18,0,1,0,0,0,0,1,1,6,1,30,6,1870,2,12,-1,1,-1
2015460262858,1,9,0,4,0,0,0,0,0,0,1,1,6,1,20,4,1299,1,11,-1,1,-1
2015460262858,2,9,0,3,0,0,0,0,0,0,2,1,2,1,45,7,1995,2,-1,-1,1,-1
2015460262858,3,9,0,3,0,0,0,0,0,0,2,1,2,1,50,8,1995,2,9,-1,1,-1
2015460262861,1,5,0,13,0,0,0,0,0,0,3,1,6,1,25,5,1340,1,-1,-1,3,-1
2015460262867,1,19,0,3,0,0,0,0,0,0,3,1,1,2,43,7,2143,2,4,-1,1,-1
2015460262869,1,9,0,9,0,1,0,0,0,0,1,1,2,1,42,7,1461,2,1,-1,-1,-1
2015460262870,1,9,0,18,0,0,1,0,0,0,1,1,6,2,18,4,1124,1,12,-1,1,-1
2015460262870,2,9,0,1,0,0,0,0,0,0,2,1,6,1,61,9,-1,-1,-1,-1,1,-1
2015460262875,1,9,0,7,0,4,1,0,0,0,3,1,6,2,54,8,1797,8,5,-1,3,-1
2015460262875,2,9,0,18,0,8,1,0,0,0,4,1,6,2,70,10,1398,1,3,-1,2,-1
2015460262876,1,8,0,18,0,0,0,10,0,0,4,1,1,3,-1,-1,-1,-1,-1,-1,-1,-1
2015460262877,1,19,0,9,0,5,0,0,0,0,1,1,2,1,46,8,1560,2,6,-1,1,-1
2015460262880,1,9,0,18,0,0,0,0,0,0,1,1,6,1,21,5,1895,1,14,-1,1,-1
2015460262894,1,19,0,18,0,0,0,0,0,0,1,1,1,1,27,6,1910,2,9,-1,1,-1
2015460262894,2,9,0,3,0,0,0,0,0,0,2,1,1,2,27,6,998,1,-1,-1,2,-1
2015460262894,3,19,0,3,0,0,0,0,0,0,2,1,1,1,25,5,1560,2,1,-1,1,-1
2015460262897,1,19,3,18,0,0,0,0,0,0,3,1,6,1,52,8,2402,2,15,-1,1,-1
2015460262897,2,9,0,18,0,0,0,0,0,0,4,1,6,1,21,5,1596,1,10,-1,2,-1
2015460262898,1,9,0,9,0,5,0,0,0,0,4,1,6,2,70,10,998,1,-1,-1,-1,-1
2015460262898,2,1,0,18,0,1,0,0,0,0,1,1,2,1,38,7,-1,-1,-1,-1,-1,-1
2015460262905,1,19,0,10,0,8,0,0,0,0,1,1,6,1,55,8,-1,-1,-1,-1,1,-1
2015460262905,2,9,0,18,0,8,0,0,0,0,3,1,6,2,57,9,1490,1,10,-1,3,-1
2015460262908,1,9,0,16,0,8,1,0,0,0,1,1,6,2,23,5,998,1,15,-1,1,-1
2015460262908,2,11,0,17,0,8,0,0,0,0,1,1,6,1,61,9,-1,-1,-1,-1,2,-1
2015460262909,1,9,0,9,0,1,0,0,0,0,3,1,6,2,67,10,1596,1,8,-1,1,-1
2015460262909,2,5,0,18,0,1,0,0,0,0,4,1,2,1,33,6,645,1,13,-1,1,-1
2015460262910,1,9,0,17,0,0,1,4,0,0,1,1,6,1,32,6,1997,1,11,-1,1,-1
2015460262910,2,9,0,2,0,0,0,0,0,0,2,1,6,1,38,7,1598,2,-1,-1,1,-1
2015460262913,1,9,0,18,0,0,0,0,0,0,4,1,6,3,72,10,1598,1,1,-1,-1,-1
2015460262913,2,1,0,18,0,0,0,0,0,0,3,1,6,2,26,6,-1,-1,-1,-1,1,-1
2015460262916,1,9,0,7,0,3,0,0,0,0,1,1,6,1,52,8,1560,2,1,-1,-1,-1
2015460262916,2,5,0,18,0,8,0,0,0,0,2,1,6,1,49,8,1198,1,-1,-1,1,-1
2015460262918,1,2,0,18,0,1,1,0,0,0,1,1,6,1,17,4,124,1,9,-1,-1,-1
2015460262918,2,9,0,18,0,1,0,0,0,0,2,1,6,2,45,7,1968,2,1,-1,-1,-1
2015460262918,3,9,0,18,0,1,0,0,0,0,0,1,6,1,71,10,1796,1,15,-1,3,-1
2015460262924,1,9,0,9,0,6,0,0,0,0,1,1,6,1,50,8,2499,2,17,-1,-1,-1
2015460262924,2,1,0,3,0,1,0,0,0,0,3,1,6,1,31,6,-1,-1,-1,-1,-1,-1
2015460262925,1,9,0,18,0,1,0,0,0,0,1,1,6,1,38,7,1796,1,11,-1,1,-1
2015460262925,2,9,0,4,0,1,0,0,0,0,1,1,6,2,18,4,875,1,4,-1,3,-1
2015460262925,3,9,0,3,0,1,0,0,0,0,1,1,6,1,66,10,-1,-1,-1,-1,1,-1
2015460262927,1,9,0,16,0,0,1,0,7,4,1,1,6,1,32,6,-1,-1,-1,-1,1,-1
2015460262929,1,9,0,9,0,8,0,0,0,0,1,1,6,2,24,5,1598,1,3,-1,1,-1
2015460262929,2,9,0,18,0,8,0,0,0,0,1,1,6,1,84,11,998,1,3,-1,1,-1
2015460262940,1,9,0,18,0,0,1,0,0,0,1,1,6,1,18,4,1388,1,12,-1,1,-1
2015460262944,1,9,0,18,0,0,0,0,0,0,1,1,1,3,-1,-1,-1,-1,-1,-1,-1,-1
2015460262946,1,9,0,9,0,0,0,0,0,0,0,1,6,3,-1,-1,2993,2,3,-1,-1,-1
2015460262946,2,2,0,18,0,0,1,0,0,0,0,1,6,1,17,4,49,1,14,-1,-1,-1
2015460262948,1,9,0,9,0,2,1,0,0,0,0,1,1,1,21,5,1242,1,7,-1,1,-1
2015460262949,1,9,0,18,0,1,0,0,0,0,2,1,2,1,25,5,-1,-1,-1,-1,-1,-1
2015460262949,2,9,0,18,0,1,0,0,1,0,1,1,2,1,43,7,1995,2,1,-1,-1,-1
2015460262960,1,9,0,18,0,4,0,0,0,0,0,1,6,3,-1,-1,-1,-1,-1,-1,-1,-1
2015460262960,2,11,0,17,0,8,0,0,0,0,0,1,1,1,61,9,3900,2,11,-1,1,-1
2015460262961,1,19,0,9,0,2,0,0,0,0,4,1,6,1,28,6,-1,-1,-1,-1,-1,-1
2015460262961,2,9,0,18,0,1,0,0,0,0,3,1,6,2,76,11,1198,1,6,-1,-1,-1
2015460262964,1,9,0,4,0,1,0,0,0,0,1,1,1,2,33,6,1246,1,9,-1,1,-1
2015460262966,1,9,0,7,0,6,0,0,0,0,3,1,6,2,34,6,1242,1,6,-1,-1,-1
2015460262966,2,9,0,18,0,8,0,0,0,0,1,1,6,2,30,6,1685,2,-1,-1,-1,-1
2015460262967,1,9,0,18,0,8,0,0,0,0,1,1,2,1,23,5,1799,1,9,-1,1,-1
2015460262967,2,9,0,8,0,1,0,0,0,0,2,1,6,1,56,9,999,1,-1,-1,2,-1
2015460262969,1,1,0,18,9,8,0,0,0,0,3,1,6,1,42,7,-1,-1,-1,-1,1,-1
2015460262974,1,9,0,5,9,0,0,0,0,0,4,1,6,3,-1,-1,1086,1,12,-1,-1,-1
2015460262979,1,9,0,18,0,0,0,0,0,0,3,1,6,2,-1,-1,1998,1,12,-1,-1,-1
2015460262979,2,4,0,18,0,0,0,0,0,0,3,1,6,1,57,9,847,1,1,-1,-1,-1
2015460262981,1,5,0,5,0,4,0,0,0,0,4,1,6,1,52,8,675,1,2,-1,1,-1
2015460262982,1,9,0,18,0,0,0,0,0,0,0,1,6,3,-1,-1,-1,-1,-1,-1,-1,-1
2015460262982,2,1,0,18,0,0,0,0,0,0,0,1,6,1,53,8,-1,-1,-1,-1,3,-1
2015460262985,1,19,0,18,0,0,0,0,0,0,1,1,1,1,44,7,2143,2,4,-1,1,-1
2015460262985,2,9,0,4,0,0,0,0,0,0,2,1,6,1,78,11,1242,1,1,-1,1,-1
2015460262985,3,9,0,4,0,0,0,0,0,0,2,1,6,1,42,7,1994,1,11,-1,1,-1
2015460262987,1,19,0,5,8,0,0,0,0,0,0,1,1,1,49,8,-1,-1,-1,-1,1,-1
2015460262987,2,9,0,18,0,0,0,0,1,9,1,1,6,1,46,8,1389,1,18,-1,-1,-1
2015460262988,1,9,0,18,0,1,0,0,0,0,4,1,6,2,32,6,1398,2,9,-1,1,-1
2015460262988,2,3,0,9,0,1,0,0,0,0,1,1,6,1,18,4,125,1,6,-1,1,-1
2015460262989,1,9,0,7,0,1,0,0,0,0,2,1,1,2,54,8,1598,1,6,-1,3,-1
2015460262989,2,5,0,18,0,1,0,0,0,0,1,1,1,2,32,6,600,1,2,-1,2,-1
2015460262990,1,9,0,18,0,0,0,0,0,0,4,1,6,2,17,4,998,1,7,-1,-1,-1
2015460262990,2,21,0,18,0,0,0,0,0,0,3,1,1,1,33,6,-1,-1,-1,-1,-1,-1
2015460262991,1,9,0,17,0,0,2,0,0,0,4,1,6,2,60,9,1498,1,4,-1,3,-1
2015460262994,1,9,0,5,0,6,0,0,0,0,0,1,6,2,62,9,998,1,7,-1,1,-1
2015460262994,2,1,0,18,0,1,1,0,0,0,0,1,6,1,24,5,-1,-1,-1,-1,-1,-1
2015460262995,1,9,0,10,0,2,0,0,0,0,4,1,1,1,44,7,1596,1,20,-1,1,-1
2015460262995,2,9,0,18,0,1,0,0,0,0,1,1,1,1,25,5,-1,-1,-1,-1,1,-1
2015460263000,1,9,0,18,0,1,0,0,0,0,1,1,1,2,-1,-1,1248,1,5,-1,1,-1
2015460263000,2,9,0,3,0,1,0,0,0,0,2,1,3,2,35,6,1560,2,3,-1,1,-1
2015460263003,1,9,0,18,0,0,5,0,1,10,1,1,6,2,20,4,1198,1,10,-1,1,-1
2015460263004,1,9,0,17,0,0,1,0,0,0,1,1,6,1,23,5,1360,1,10,-1,3,-1
2015460263004,2,19,0,16,0,0,1,0,0,0,1,1,1,1,27,6,2143,2,3,-1,1,-1
2015460263005,1,9,0,18,0,0,0,0,0,0,1,1,6,1,77,11,1339,1,2,-1,2,-1
2015460263006,1,9,0,4,8,0,1,10,1,7,1,1,6,1,34,6,2495,2,20,-1,1,-1
2015460263006,2,9,0,4,8,0,1,0,0,0,2,1,6,1,37,7,1591,1,1,-1,1,-1
2015460263006,3,9,0,4,8,0,1,0,0,0,1,1,6,1,67,10,3199,1,15,-1,1,-1
2015460263006,4,9,0,4,8,0,1,0,0,0,1,1,6,2,46,8,1598,2,2,-1,1,-1
2015460263011,1,9,0,18,0,8,0,0,1,7,1,1,6,1,24,5,1248,2,5,-1,1,-1
2015460263012,1,9,0,18,0,0,0,0,0,0,1,1,2,2,53,8,1997,2,7,-1,1,-1
2015460263012,2,9,0,4,0,0,0,0,5,6,2,1,2,2,62,9,1598,1,6,-1,3,-1
2015460263012,3,20,0,4,0,0,0,0,0,0,0,1,1,1,26,6,15000,2,10,-1,1,-1
2015460263014,1,9,0,18,0,0,0,0,0,0,1,1,6,1,44,7,1598,2,1,-1,1,-1
2015460263014,2,9,0,18,0,0,0,0,0,0,2,1,6,1,63,9,-1,-1,-1,-1,1,-1
2015460263016,1,21,0,12,0,0,0,0,0,0,3,2,1,1,27,6,-1,-1,-1,-1,-1,-1
2015460263016,2,9,0,18,0,0,0,0,1,0,4,1,2,2,53,8,796,1,8,-1,1,-1
2015460263018,1,9,0,9,0,1,0,0,0,0,3,1,6,1,83,11,1364,1,7,-1,3,-1
2015460263018,2,9,0,18,0,8,0,0,0,0,1,1,6,2,75,10,1199,1,15,-1,2,-1
2015460263020,1,9,0,18,0,1,0,0,0,0,1,1,6,3,26,6,1598,1,16,-1,-1,-1
2015460263022,1,9,0,4,0,0,1,0,0,0,1,1,6,1,28,6,1349,1,13,-1,-1,-1
2015460263022,2,9,0,4,0,0,0,0,0,0,2,1,1,2,45,7,1968,2,4,-1,1,-1
2015460263022,3,9,0,4,0,0,0,0,0,0,2,1,1,1,65,9,1598,1,7,-1,1,-1
2015460263023,1,9,0,4,0,0,0,0,0,0,1,1,6,1,54,8,1995,2,5,-1,1,-1
2015460263023,2,9,0,4,0,0,0,0,0,0,2,1,6,1,37,7,1996,1,18,-1,1,-1
2015460263025,1,9,0,7,0,3,1,0,1,7,1,1,6,2,21,5,1124,1,13,-1,-1,-1
2015460263026,1,9,0,18,0,0,1,0,1,4,1,1,6,1,40,7,1995,2,3,-1,1,-1
2015460263027,1,9,0,11,0,1,0,0,0,0,4,1,6,2,35,6,1490,1,9,-1,1,-1
2015460263027,2,9,0,4,0,2,0,0,0,0,3,1,1,1,27,6,-1,-1,-1,-1,-1,-1
2015460263028,1,9,0,18,0,0,0,0,0,0,3,1,6,1,18,4,1229,1,1,-1,3,-1
2015460263028,2,5,0,18,0,0,0,0,0,0,4,1,6,1,21,5,599,1,9,-1,1,-1
2015460263029,1,9,0,12,0,0,0,0,0,0,0,1,6,3,-1,-1,-1,-1,-1,-1,-1,-1
2015460263029,2,9,0,18,0,0,1,0,5,6,1,1,6,2,20,4,1910,2,7,-1,2,-1
2015460263031,1,9,0,18,0,8,0,0,0,0,1,1,6,2,83,11,998,1,16,-1,2,-1
2015460263031,2,21,0,18,0,8,0,0,0,0,1,1,1,1,34,6,-1,2,1,-1,2,-1
2015460263031,3,20,0,18,0,8,0,0,0,0,1,1,1,1,37,7,-1,-1,-1,-1,-1,-1
2015460263031,4,9,0,18,0,8,0,0,1,0,3,1,2,2,47,8,1598,1,12,-1,1,-1
2015460263032,1,9,0,9,0,8,0,0,0,0,3,1,6,1,46,8,1149,1,10,-1,1,-1
2015460263032,2,3,0,18,0,3,0,0,0,0,4,1,6,1,21,5,124,1,11,-1,1,-1
2015460263033,1,9,0,18,0,8,0,0,0,0,1,1,6,1,27,6,1596,1,-1,-1,1,-1
2015460263033,2,19,0,18,0,8,0,0,0,0,2,1,6,1,40,7,2198,2,1,-1,1,-1
2015460263033,3,9,0,18,0,8,0,0,0,0,2,1,6,1,27,6,1995,2,7,-1,1,-1
2015460263035,1,9,0,18,0,0,1,0,0,0,1,1,6,1,71,10,1598,2,1,-1,1,-1
2015460263035,2,9,0,18,0,0,0,0,0,0,2,1,6,1,58,9,1794,1,14,-1,1,-1
2015460263035,3,9,0,18,0,0,0,0,0,0,2,1,6,1,47,8,1753,2,5,-1,3,-1
2015460263035,4,19,0,18,0,0,0,0,0,0,2,1,6,1,43,7,2461,2,7,-1,1,-1
2015460263036,1,9,0,18,0,0,1,0,0,0,1,1,6,2,63,9,1197,1,1,-1,-1,-1
2015460263036,2,19,0,18,0,0,0,0,0,0,2,1,1,1,47,8,2287,2,1,-1,-1,-1
2015460263038,1,9,0,18,0,0,1,0,1,3,1,1,1,1,34,6,1242,1,10,-1,2,-1
2015460263038,2,9,0,18,0,0,0,0,1,0,1,1,2,1,33,6,-1,-1,-1,-1,1,-1
2015460263041,1,9,0,18,0,1,0,0,0,0,1,1,6,2,53,8,1598,1,13,-1,1,-1
2015460263041,2,9,0,18,0,2,0,0,0,0,2,1,6,1,43,7,-1,-1,-1,-1,1,-1
2015460263045,1,4,0,18,0,1,1,0,0,0,1,1,2,1,21,5,124,1,-1,-1,1,-1
2015460263045,2,19,0,10,0,6,0,0,0,0,1,1,1,1,39,7,2402,2,11,-1,1,-1
2015460263046,1,9,0,17,0,8,0,0,0,0,3,1,1,3,-1,-1,-1,-1,-1,-1,-1,-1