Accident_Index,Vehicle_Reference,Vehicle_Type,Towing_and_Articulation,Vehicle_Manoeuvre,Vehicle_Location-Restricted_Lane,Junction_Location,Skidding_and_Overturning,Hit_Object_in_Carriageway,Vehicle_Leaving_Carriageway,Hit_Object_off_Carriageway,1st_Point_of_Impact,Was_Vehicle_Left_Hand_Drive?,Journey_Purpose_of_Driver,Sex_of_Driver,Age_of_Driver,Age_Band_of_Driver,Engine_Capacity_(CC),Propulsion_Code,Age_of_Vehicle,Driver_IMD_Decile,Driver_Home_Area_Type,Vehicle_IMD_Decile
2015460263046,2,19,0,16,0,8,0,0,0,0,3,1,6,1,50,8,2460,2,9,-1,1,-1
2015460263047,1,9,0,1,0,0,0,0,0,0,2,1,6,2,34,6,1896,2,11,-1,1,-1
2015460263048,1,9,0,12,0,0,0,0,0,0,3,1,6,3,-1,-1,-1,-1,-1,-1,-1,-1
2015460263048,2,9,0,18,0,0,0,0,0,0,4,1,6,1,57,9,1197,1,-1,-1,1,-1
2015460263050,1,9,0,18,0,0,0,0,2,6,0,1,2,1,29,6,1598,1,8,-1,1,-1
2015460263052,1,11,0,5,0,0,0,0,0,0,1,1,6,1,69,10,-1,1,15,-1,1,-1
2015460263052,2,9,0,3,0,0,0,0,0,0,2,1,6,2,51,8,1388,1,10,-1,1,-1
2015460263054,1,11,0,2,2,0,0,0,0,0,0,1,1,1,45,7,3900,2,9,-1,1,-1
2015460263057,1,9,0,18,0,8,0,0,0,0,1,1,6,1,68,10,1461,2,-1,-1,2,-1
2015460263058,1,9,0,15,0,0,0,0,0,0,1,1,6,1,23,5,1896,2,11,-1,-1,-1
2015460263058,2,9,0,2,0,0,0,0,0,0,4,1,6,1,47,8,-1,-1,-1,-1,1,-1
2015460263060,1,9,0,18,0,0,1,0,0,0,1,1,1,2,32,6,1240,1,9,-1,1,-1
2015460263060,2,9,0,18,0,0,0,0,0,0,2,1,1,2,34,6,1598,1,10,-1,1,-1
2015460263063,1,9,0,18,0,0,0,0,0,0,4,1,1,1,31,6,1596,1,7,-1,1,-1
2015460263063,2,21,0,18,0,0,0,0,0,0,3,1,6,1,50,8,-1,-1,-1,-1,-1,-1
2015460263064,1,9,0,4,0,0,0,0,0,0,1,1,6,1,75,10,1388,1,8,-1,1,-1
2015460263064,2,9,0,4,0,0,0,0,0,0,2,1,6,2,26,6,-1,-1,-1,-1,1,-1
2015460263064,3,9,0,4,0,0,0,0,0,0,2,1,6,1,17,4,1199,1,13,-1,2,-1
2015460263066,1,8,0,18,0,2,0,0,0,0,1,1,1,2,46,8,1497,8,9,-1,1,-1
2015460263067,1,1,0,18,9,0,0,0,0,0,1,1,6,1,40,7,-1,-1,-1,-1,1,-1
2015460263068,1,3,0,18,0,1,1,0,0,0,0,1,6,1,18,4,-1,-1,-1,-1,-1,-1
2015460263070,1,9,0,9,0,6,0,0,0,0,1,1,6,2,31,6,1339,1,4,-1,3,-1
2015460263070,2,9,0,18,0,1,0,0,0,0,3,1,6,1,25,5,1248,1,1,-1,1,-1
2015460263072,1,1,0,4,9,1,1,0,0,0,0,1,6,1,14,3,-1,-1,-1,-1,1,-1
2015460263078,1,9,0,18,0,0,1,0,5,0,1,1,6,2,28,6,996,1,5,-1,1,-1
2015460263078,2,9,0,18,0,0,0,0,0,0,1,1,6,2,32,6,1587,1,17,-1,1,-1
2015460263078,3,20,0,18,0,0,1,0,0,0,1,1,6,1,26,6,-1,-1,-1,-1,1,-1
2015460263078,4,9,0,4,0,0,0,0,0,0,2,1,6,1,30,6,-1,-1,-1,-1,1,-1
2015460263084,1,9,0,18,0,1,0,0,0,0,1,1,6,1,58,9,1900,2,9,-1,1,-1
2015460263085,1,9,0,18,0,0,0,0,0,0,0,1,6,3,-1,-1,-1,-1,-1,-1,-1,-1
2015460263085,2,3,0,18,0,0,0,0,0,0,0,1,6,1,44,7,124,1,1,-1,1,-1
2015460263087,1,9,0,18,0,0,2,10,1,4,0,1,6,1,25,5,1798,1,10,-1,1,-1
2015460263087,2,20,0,18,0,0,0,0,0,0,0,1,6,3,-1,-1,-1,-1,-1,-1,-1,-1
2015460263093,1,9,0,5,0,0,0,0,0,0,3,1,6,1,25,5,1390,1,3,-1,2,-1
2015460263093,2,3,0,18,0,0,0,0,0,0,4,1,6,1,17,4,110,1,6,-1,1,-1
2015460263093,3,9,0,2,0,0,0,0,0,0,2,1,6,1,26,6,2148,2,7,-1,1,-1
2015460263096,1,9,0,14,0,1,0,0,0,0,4,1,6,1,29,6,1149,1,7,-1,1,-1
2015460263096,2,9,0,9,0,5,0,0,7,0,3,1,6,2,24,5,-1,-1,-1,-1,1,-1
2015460263097,1,9,0,18,0,1,1,0,0,0,1,1,6,1,41,7,2926,2,11,-1,-1,-1
2015460263097,2,9,0,3,0,1,0,0,0,0,2,1,1,1,41,7,-1,-1,-1,-1,2,-1
2015460263103,1,9,0,18,0,0,0,0,0,0,3,1,6,3,-1,-1,-1,-1,-1,-1,-1,-1
2015460263103,2,9,0,18,0,0,0,0,1,0,3,1,6,2,33,6,1595,1,12,-1,-1,-1
2015460263106,1,9,0,18,0,0,0,0,1,0,3,1,1,2,24,5,1229,1,8,-1,2,-1
2015460263106,2,9,0,18,0,0,0,0,0,0,3,1,6,1,72,10,1598,2,4,-1,1,-1
2015460263107,1,9,0,18,0,8,1,0,0,0,1,1,6,2,32,6,1368,1,7,-1,1,-1
2015460263107,2,9,0,18,0,8,0,0,0,0,2,1,6,2,29,6,1149,1,5,-1,1,-1
2015460263108,1,9,0,11,0,0,0,0,0,0,1,1,6,2,63,9,1995,2,6,-1,1,-1
2015460263108,2,4,0,18,0,0,0,0,0,0,2,1,6,1,52,8,249,1,2,-1,-1,-1
2015460263115,1,4,0,18,0,0,1,0,0,0,1,1,6,1,-1,-1,125,1,11,-1,1,-1
2015460263115,2,9,0,1,0,0,0,0,0,0,2,1,6,1,48,8,-1,-1,-1,-1,1,-1
2015460263120,1,9,0,16,0,1,0,0,0,0,1,1,6,1,81,11,1587,1,14,-1,3,-1
2015460263120,2,1,0,18,0,6,0,0,0,0,2,1,6,2,84,11,-1,-1,-1,-1,1,-1
2015460263124,1,9,0,18,0,3,1,0,0,0,1,1,6,1,25,5,1995,2,3,-1,1,-1
2015460263124,2,9,0,18,0,3,0,0,0,0,2,1,6,2,23,5,1997,1,16,-1,1,-1
2015460263125,1,9,0,16,0,0,1,0,1,3,1,1,6,2,46,8,1390,1,11,-1,2,-1
2015460263125,2,9,0,2,0,0,0,0,0,0,1,1,6,3,-1,-1,1753,2,12,-1,-1,-1
2015460263126,1,19,0,18,0,0,0,0,0,0,1,2,1,1,36,7,-1,-1,-1,-1,-1,-1
2015460263126,2,21,1,3,0,0,0,0,0,0,2,2,1,1,46,8,-1,-1,-1,-1,-1,-1
2015460263133,1,9,0,18,0,0,0,0,0,0,1,1,6,1,52,8,1956,2,2,-1,1,-1
2015460263133,2,9,0,18,0,0,0,0,7,9,2,1,6,1,22,5,1598,1,14,-1,1,-1
2015460263136,1,17,0,18,0,0,0,0,1,9,0,1,1,1,26,6,6728,2,-1,-1,3,-1
2015460263139,1,2,0,18,0,0,0,11,0,0,0,1,2,1,55,8,49,1,4,-1,1,-1
2015460263142,1,2,0,17,0,8,0,0,0,0,1,1,6,1,16,4,49,1,3,-1,1,-1
2015460263142,2,9,0,18,0,3,0,0,0,0,4,1,6,2,45,7,998,1,5,-1,1,-1
2015460263143,1,9,0,9,0,8,0,0,0,0,1,1,6,1,52,8,1998,2,9,-1,1,-1
2015460263143,2,9,0,18,0,1,0,0,1,0,1,1,6,2,37,7,999,1,2,-1,-1,-1
2015460263147,1,9,0,1,0,6,0,0,0,0,2,1,6,3,54,8,1796,1,16,-1,1,-1
2015460263149,1,9,0,18,0,6,1,0,0,0,1,1,6,1,34,6,1242,1,17,-1,-1,-1
2015460263149,2,9,0,9,0,5,0,0,0,0,4,1,1,1,37,7,-1,-1,-1,-1,-1,-1
2015460263150,1,9,0,9,0,5,0,0,0,0,4,1,6,2,-1,-1,1299,1,7,-1,2,-1
2015460263150,2,4,0,18,0,8,0,0,0,0,1,1,6,1,23,5,125,1,1,-1,1,-1
2015460263153,1,9,0,4,9,6,0,0,7,0,1,1,6,1,80,11,1339,1,10,-1,1,-1
2015460263157,1,2,0,18,0,0,0,0,0,10,1,1,6,1,16,4,49,1,7,-1,1,-1
2015460263157,2,2,0,15,0,0,0,0,0,10,4,1,6,1,16,4,49,1,-1,-1,1,-1
2015460263159,1,5,0,18,0,0,0,0,0,0,1,1,6,2,47,8,1000,1,-1,-1,2,-1
2015460263159,2,19,0,11,0,0,0,0,0,0,2,1,6,1,23,5,1995,2,2,-1,1,-1
2015460263160,1,9,0,14,0,0,0,4,0,0,4,1,6,2,-1,-1,-1,-1,-1,-1,-1,-1
2015460263160,2,9,0,2,0,0,0,0,0,0,3,1,6,3,-1,-1,-1,-1,-1,-1,-1,-1
2015460263160,3,9,0,2,0,0,0,0,0,0,2,1,6,3,-1,-1,-1,-1,-1,-1,-1,-1
2015460263162,1,9,0,9,0,1,0,0,0,0,1,1,6,3,-1,-1,-1,-1,-1,-1,-1,-1
2015460263163,1,9,0,5,0,6,0,0,0,0,3,1,6,2,60,9,2000,1,16,-1,3,-1
2015460263163,2,9,0,18,0,8,1,0,0,0,3,1,2,1,42,7,1798,1,11,-1,2,-1
2015460263164,1,9,0,1,0,0,0,0,0,0,2,1,6,3,-1,-1,1956,2,-1,-1,1,-1
2015460263164,2,9,0,18,0,0,0,0,0,0,1,1,6,2,42,7,1600,2,6,-1,1,-1
2015460263165,1,5,0,17,0,8,0,0,0,0,3,1,6,1,47,8,745,1,-1,-1,1,-1
2015460263166,1,9,0,18,0,0,0,0,0,0,1,1,6,3,-1,-1,-1,-1,-1,-1,-1,-1
2015460263166,2,1,0,3,0,0,0,0,0,0,1,1,6,2,10,2,-1,-1,-1,-1,1,-1
2015460263167,1,9,0,18,0,4,0,0,0,0,1,1,6,3,-1,-1,2685,2,12,-1,-1,-1
2015460263167,2,9,0,18,0,4,0,0,0,0,2,1,1,1,51,8,-1,-1,-1,-1,3,-1
2015460263168,1,9,0,9,0,6,0,0,0,0,2,1,2,2,45,7,1199,2,1,-1,1,-1
2015460263168,2,9,0,18,0,1,0,0,0,0,1,1,6,2,31,6,1229,1,7,-1,1,-1
2015460263169,1,9,0,18,0,1,0,0,0,0,1,1,6,2,27,6,1984,1,8,-1,-1,-1
2015460263169,2,9,0,9,0,1,0,0,0,0,3,1,1,2,25,5,1560,2,4,-1,1,-1
2015460263173,1,9,0,18,0,1,0,0,0,0,1,1,6,3,-1,-1,1108,1,12,-1,-1,-1
2015460263173,2,9,0,4,0,1,0,0,0,0,2,1,6,2,41,7,998,1,5,-1,1,-1
2015460263175,1,9,0,18,0,0,0,0,0,0,1,1,6,1,18,4,1398,2,7,-1,1,-1
2015460263175,2,9,0,4,0,0,0,0,0,0,2,1,6,2,22,5,1362,1,3,-1,3,-1
2015460263179,1,9,0,4,0,0,0,0,0,0,2,1,2,1,27,6,1596,1,11,-1,1,-1
2015460263179,2,9,0,18,0,0,0,0,0,0,1,1,2,1,22,5,1686,2,2,-1,2,-1
2015460263179,3,9,0,18,0,0,0,0,0,0,1,1,6,2,48,8,1998,2,9,-1,1,-1
2015460263184,1,9,0,18,0,3,0,0,0,0,3,1,6,3,-1,-1,-1,-1,-1,-1,-1,-1
2015460263184,2,9,0,18,0,4,0,0,0,0,3,1,6,2,53,8,-1,-1,-1,-1,-1,-1
2015460263185,1,9,0,18,0,1,0,0,0,0,1,1,6,2,28,6,-1,-1,-1,-1,-1,-1
2015460263185,2,9,0,18,0,1,0,0,0,0,2,1,1,1,61,9,-1,-1,-1,-1,-1,-1
2015460263186,1,9,0,18,0,4,0,9,3,0,1,1,6,2,71,10,1248,1,-1,-1,-1,-1
2015460263187,1,9,0,18,0,0,0,4,0,0,1,1,6,1,62,9,1149,1,3,-1,-1,-1
2015460263187,2,9,0,5,0,0,0,0,0,0,2,1,6,1,66,10,2184,2,9,-1,-1,-1
2015460263189,1,9,0,17,0,2,0,0,1,7,1,1,1,1,39,7,1497,8,7,-1,1,-1
2015460263190,1,9,0,18,0,0,2,0,8,4,1,1,6,3,-1,-1,1587,1,11,-1,-1,-1
2015460263190,2,9,0,18,0,0,0,0,0,0,0,1,1,1,36,7,1499,2,-1,-1,-1,-1
2015460263190,3,9,0,18,0,0,0,0,0,0,0,1,1,1,41,7,1499,2,-1,-1,-1,-1
2015460263195,1,9,0,18,0,8,0,0,0,0,1,1,6,1,-1,-1,1598,1,16,-1,-1,-1
2015460263195,2,9,0,18,0,8,0,0,0,0,1,1,1,2,52,8,-1,-1,-1,-1,-1,-1
2015460263199,1,9,0,9,0,8,0,0,0,0,4,1,6,1,46,8,1598,1,2,-1,1,-1
2015460263199,2,1,0,4,0,1,0,0,0,0,1,1,2,1,23,5,-1,-1,-1,-1,1,-1
2015460263201,1,9,0,18,0,1,0,0,0,0,1,1,6,1,25,5,1798,1,6,-1,1,-1
2015460263201,2,9,0,4,0,1,0,0,0,0,1,1,6,2,27,6,1796,1,6,-1,1,-1
2015460263201,3,9,0,4,0,1,0,0,0,0,2,1,6,1,26,6,1388,1,10,-1,1,-1
2015460263201,4,9,0,18,0,1,0,0,0,0,2,1,6,1,25,5,-1,-1,-1,-1,1,-1
2015460263207,1,9,0,18,0,0,5,10,0,0,1,1,6,1,45,7,1595,1,7,-1,3,-1
2015460263208,1,9,0,18,0,1,0,0,0,0,1,1,6,1,67,10,1596,1,1,-1,1,-1
2015460263208,2,9,0,4,0,1,0,0,0,0,2,1,6,1,27,6,1390,1,11,-1,1,-1
2015460263208,3,9,0,18,0,2,0,0,0,0,1,1,6,1,66,10,1995,2,2,-1,1,-1
2015460263208,4,9,0,4,0,1,0,0,0,0,1,1,6,1,66,10,1560,2,6,-1,1,-1
2015460263210,1,9,0,18,0,0,1,0,0,0,1,1,1,1,22,5,1242,1,14,-1,1,-1
2015460263210,2,9,0,9,0,0,0,0,0,0,1,1,6,1,61,9,1598,1,14,-1,1,-1
2015460263215,1,3,0,16,0,0,0,0,0,0,1,1,6,1,18,4,124,1,1,-1,1,-1
2015460263215,2,9,0,17,0,0,0,0,0,0,3,1,6,2,54,8,1598,1,3,-1,1,-1
2015460263217,1,2,0,4,0,1,0,0,0,0,4,1,6,2,16,4,49,1,13,-1,2,-1
2015460263217,2,2,0,10,0,1,0,0,0,0,3,1,6,1,16,4,49,1,1,-1,2,-1
2015460263218,1,9,0,18,0,0,0,0,0,0,1,1,6,1,24,5,1388,1,6,-1,-1,-1
2015460263218,2,9,0,3,0,0,0,0,0,0,2,1,6,1,18,4,1560,2,2,-1,1,-1
2015460263220,1,9,0,18,0,1,0,0,0,0,1,1,6,2,46,8,1598,2,1,-1,1,-1
2015460263222,1,9,0,17,0,0,1,0,0,0,0,1,6,1,66,10,-1,-1,-1,-1,1,-1
2015460263225,1,9,0,18,0,0,1,0,0,0,1,1,6,2,68,10,1197,1,3,-1,1,-1
2015460263228,1,9,0,18,0,0,0,4,0,0,1,1,6,2,51,8,2997,1,18,-1,1,-1
2015460263228,2,21,0,2,0,0,0,0,0,0,3,1,6,2,25,5,5880,2,9,-1,1,-1
2015460263236,1,9,0,18,0,1,0,0,0,0,1,1,2,2,26,6,999,1,3,-1,1,-1
2015460263236,2,9,0,10,0,8,0,0,0,0,2,1,6,2,44,7,1364,1,7,-1,3,-1
2015460263244,1,9,0,18,0,0,0,4,0,0,1,1,6,1,52,8,-1,-1,-1,-1,-1,-1
2015460263244,2,9,0,2,0,0,0,0,0,0,3,1,6,3,-1,-1,-1,-1,-1,-1,-1,-1
2015460263244,3,9,0,2,0,0,0,0,0,0,3,1,6,3,-1,-1,-1,-1,-1,-1,-1,-1
2015460263244,4,9,0,2,0,0,0,0,0,0,3,1,6,3,-1,-1,-1,-1,-1,-1,-1,-1
2015460263244,5,9,0,2,0,0,0,0,0,0,3,1,6,3,-1,-1,-1,-1,-1,-1,-1,-1
2015460263244,6,9,0,2,0,0,0,0,0,0,3,1,6,3,-1,-1,-1,-1,-1,-1,-1,-1
2015460263244,7,9,0,2,0,0,0,0,0,0,3,1,6,3,-1,-1,-1,-1,-1,-1,-1,-1
2015460263244,8,9,0,2,0,0,0,0,0,0,3,1,6,3,-1,-1,-1,-1,-1,-1,-1,-1
2015460263248,1,9,0,9,0,2,0,0,0,0,1,1,6,2,28,6,1587,1,14,-1,1,-1
2015460263252,1,9,0,18,0,1,1,4,3,10,1,1,6,3,-1,-1,1796,1,16,-1,-1,-1
2015460263252,2,9,0,2,0,1,0,10,3,10,2,1,6,1,27,6,1997,1,11,-1,-1,-1
2015460263253,1,9,0,18,0,0,0,0,0,0,1,1,1,1,40,7,-1,-1,-1,-1,1,-1
2015460263253,2,9,0,3,0,0,0,0,0,0,2,1,6,1,58,9,-1,-1,-1,-1,1,-1
2015460263253,3,9,0,3,0,0,0,0,0,0,2,1,1,2,26,6,-1,-1,-1,-1,-1,-1
2015460263257,1,9,0,14,0,0,1,0,0,0,1,1,6,1,30,6,1396,2,-1,-1,-1,-1
2015460263257,2,9,0,2,0,0,0,0,0,0,2,1,6,3,-1,-1,1493,2,5,-1,-1,-1
2015460263257,3,9,0,2,0,0,0,0,0,0,2,1,6,3,-1,-1,1386,1,9,-1,-1,-1
2015460263257,4,9,0,2,0,0,0,0,0,0,3,1,6,3,-1,-1,1360,1,12,-1,-1,-1
2015460263258,1,9,0,18,0,1,1,0,8,6,1,1,6,2,18,4,1598,1,10,-1,1,-1
2015460263258,2,9,0,18,0,2,0,0,0,0,3,1,6,1,41,7,1968,2,1,-1,1,-1
2015460263259,1,9,0,18,0,8,0,0,7,10,1,1,6,2,41,7,1896,2,15,-1,3,-1
2015460263259,2,9,0,18,0,8,0,0,0,0,4,1,2,1,23,5,1560,2,2,-1,1,-1
2015460263262,1,3,0,18,0,8,1,0,0,0,1,1,2,1,24,5,124,1,13,-1,1,-1
2015460263264,1,9,0,1,6,2,0,0,0,0,2,1,6,3,-1,-1,-1,-1,-1,-1,-1,-1
2015460263265,1,9,0,18,0,8,1,0,0,0,0,1,6,3,-1,-1,-1,-1,-1,-1,-1,-1
2015460263265,2,9,0,18,0,4,0,0,0,0,2,1,3,1,28,6,2199,2,4,-1,1,-1
2015460263265,3,9,0,18,0,4,0,0,0,0,1,1,6,2,42,7,1299,1,9,-1,1,-1
2015460263268,1,90,5,18,0,0,0,0,0,0,0,1,6,1,66,10,-1,-1,-1,-1,-1,-1
2015460263268,2,17,0,18,0,0,0,0,0,0,0,1,6,3,-1,-1,-1,-1,-1,-1,-1,-1
2015460263273,1,9,0,9,0,4,2,6,1,10,2,1,6,2,35,6,1388,1,11,-1,2,-1
2015460263274,1,9,0,17,0,0,0,0,7,2,1,1,6,1,27,6,1229,1,10,-1,1,-1
2015460263275,1,9,0,7,0,4,0,0,0,0,1,1,6,1,24,5,-1,-1,-1,-1,-1,-1
2015460263275,2,9,0,18,0,3,0,0,0,0,2,1,6,1,29,6,1896,2,16,-1,1,-1
2015460263277,1,9,0,5,0,0,0,0,0,0,3,1,6,2,49,8,1598,1,6,-1,1,-1
2015460263277,2,9,0,18,0,0,0,0,0,0,1,1,1,1,24,5,1599,1,10,-1,1,-1
2015460263279,1,3,0,18,0,0,0,0,0,0,2,1,6,1,18,4,125,1,6,-1,1,-1
2015460263279,2,9,0,4,0,0,0,0,0,0,2,1,6,2,71,10,1229,1,1,-1,1,-1
2015460263280,1,11,0,18,0,1,0,0,0,0,1,1,1,1,57,9,9000,2,6,-1,1,-1
2015460263282,1,1,0,7,0,4,0,0,0,0,1,1,6,1,26,6,-1,-1,-1,-1,1,-1
2015460263282,2,9,0,9,0,8,0,0,0,0,4,1,6,2,49,8,1242,1,8,-1,1,-1
2015460263284,1,9,0,13,0,0,0,0,0,0,4,1,6,3,-1,-1,1399,1,12,-1,-1,-1
2015460263291,1,9,0,1,0,0,0,0,0,0,2,1,1,1,38,7,-1,-1,-1,-1,1,-1
2015460263293,1,9,0,18,0,0,0,0,1,9,1,1,6,3,-1,-1,1998,2,13,-1,-1,-1
2015460263293,2,9,0,18,0,0,0,0,1,2,2,1,6,2,47,8,998,1,14,-1,1,-1
2015460263296,1,9,0,18,0,4,0,0,0,0,0,1,6,3,-1,-1,-1,-1,-1,-1,-1,-1
2015460263296,2,11,0,5,0,4,0,0,0,0,1,1,6,1,23,5,-1,-1,-1,-1,1,-1
2015460263296,3,9,0,18,0,4,0,0,0,0,2,1,6,1,-1,-1,1598,1,10,-1,1,-1
2015460263297,1,9,0,18,0,1,0,0,0,0,1,1,1,1,47,8,1997,2,5,-1,2,-1
2015460263300,1,9,0,18,0,0,1,0,2,7,1,1,2,2,37,7,2143,2,3,-1,1,-1
2015460263301,1,9,0,5,0,3,0,0,0,0,0,1,6,2,48,8,1998,1,12,-1,1,-1
2015460263301,2,9,0,18,0,3,0,0,0,0,2,1,6,2,50,8,1396,2,6,-1,2,-1
2015460263306,1,9,0,4,0,1,0,0,0,0,1,1,6,1,25,5,-1,-1,-1,-1,2,-1
2015460263306,2,9,0,18,0,1,0,0,0,0,2,1,6,1,23,5,1248,2,8,-1,1,-1
2015460263308,1,9,0,18,0,8,1,0,0,0,1,1,2,1,17,4,1390,1,10,-1,1,-1
2015460263308,2,19,0,4,0,8,0,0,0,0,2,1,1,1,49,8,2298,2,4,-1,-1,-1
2015460263308,3,9,0,4,0,8,0,0,0,0,2,1,2,3,-1,-1,1398,1,4,-1,1,-1
2015460263308,4,9,0,4,0,8,0,0,0,0,2,1,2,1,29,6,1951,2,12,-1,1,-1
2015460263313,1,21,0,18,0,0,0,0,0,0,3,1,1,1,55,8,-1,-1,-1,-1,-1,-1
2015460263313,2,9,0,18,0,0,0,0,1,0,4,1,6,1,23,5,796,1,15,-1,1,-1
2015460263315,1,20,0,18,0,0,0,0,0,0,2,1,6,1,55,8,-1,-1,-1,-1,-1,-1
2015460263315,2,20,0,18,0,0,0,0,5,6,1,1,1,1,57,9,-1,-1,-1,-1,-1,-1
2015460263315,3,20,0,13,0,0,0,0,0,0,1,1,1,1,32,6,-1,-1,-1,-1,-1,-1
2015460263316,1,1,0,18,0,0,1,12,0,0,1,1,6,2,44,7,-1,-1,-1,-1,1,-1
2015460263319,1,9,0,14,0,0,0,0,0,0,1,1,3,2,35,6,1781,1,18,-1,1,-1
2015460263320,1,9,0,18,0,1,1,10,0,0,1,1,6,1,20,4,1248,2,7,-1,1,-1
2015460263320,2,9,0,9,0,2,0,0,0,0,4,1,6,1,24,5,1988,1,12,-1,-1,-1
2015460263324,1,90,0,9,5,5,0,0,0,0,0,1,6,1,83,11,-1,-1,-1,-1,2,-1
2015460263331,1,3,0,18,0,3,1,0,0,0,4,1,2,1,42,7,125,1,-1,-1,1,-1
2015460263334,1,1,0,18,0,1,0,0,0,0,1,1,6,1,38,7,-1,-1,-1,-1,3,-1
2015460263344,1,9,0,17,0,0,1,0,2,4,1,1,6,1,28,6,1390,1,12,-1,2,-1
2015460263354,1,9,0,18,0,0,0,0,0,0,3,1,6,3,-1,-1,-1,-1,-1,-1,-1,-1
2015460263354,2,9,0,18,0,0,0,0,0,0,3,1,3,2,30,6,1598,1,1,-1,3,-1
2015460263355,1,9,0,18,0,1,0,0,3,10,1,1,6,1,53,8,2470,2,20,-1,1,-1
2015460263355,2,9,0,8,0,1,0,0,0,0,2,1,6,1,48,8,1498,1,9,-1,1,-1
2015460263356,1,9,0,4,0,0,0,0,0,0,2,1,6,1,30,6,1596,1,15,-1,1,-1
2015460263356,2,9,0,4,0,0,0,0,0,0,1,1,6,2,21,5,1149,1,10,-1,2,-1
2015460263358,1,9,0,9,0,6,0,0,0,0,1,1,6,1,31,6,1596,1,9,-1,1,-1
2015460263358,2,9,0,18,0,1,0,0,7,10,4,1,1,1,61,9,1968,2,4,-1,1,-1
2015460263361,1,9,0,18,0,0,0,0,0,0,4,1,6,1,57,9,2497,2,17,-1,1,-1
2015460263362,1,9,0,18,0,8,0,0,0,0,4,1,6,3,-1,-1,-1,-1,-1,-1,-1,-1
2015460263362,2,19,0,18,0,8,0,10,0,0,3,1,6,1,36,7,1248,2,8,-1,-1,-1
2015460263366,1,9,0,18,0,0,0,0,0,0,3,1,2,1,19,4,1596,1,5,-1,2,-1
2015460263366,2,9,0,18,0,0,0,0,0,0,3,1,2,1,55,8,1329,1,6,-1,1,-1
2015460263369,1,9,0,5,0,2,0,0,0,0,1,1,6,2,31,6,1560,2,3,-1,1,-1
2015460263369,2,9,0,4,0,2,0,0,0,0,2,1,6,2,64,9,1198,1,2,-1,1,-1
2015460263373,1,9,0,16,0,0,0,0,1,0,0,1,6,3,-1,-1,-1,-1,-1,-1,-1,-1
2015460263373,2,1,0,17,0,0,0,0,1,0,0,1,2,1,20,4,-1,-1,-1,-1,-1,-1
2015460263377,1,9,0,4,0,0,0,0,0,0,1,1,1,1,26,6,-1,-1,-1,-1,1,-1
2015460263377,2,9,0,4,0,0,0,0,0,0,2,1,6,2,30,6,1596,1,7,-1,-1,-1
2015460263377,3,9,0,4,0,0,0,0,0,0,2,1,6,2,48,8,1248,1,5,-1,1,-1
2015460263379,1,9,0,5,0,6,0,0,0,0,3,1,6,2,23,5,1390,1,10,-1,1,-1
2015460263379,2,9,0,18,0,8,1,0,0,0,1,1,6,1,20,4,1390,1,19,-1,3,-1
2015460263381,1,9,0,9,0,8,0,0,0,0,3,1,6,1,59,9,1388,1,14,-1,-1,-1
2015460263381,2,9,0,18,0,8,0,0,0,0,1,1,6,2,51,8,1242,1,13,-1,1,-1
2015460263384,1,9,0,18,0,1,0,0,0,0,1,1,1,1,21,5,1595,1,9,-1,1,-1
2015460263384,2,9,0,18,0,1,0,0,0,0,2,1,6,2,50,8,1596,1,8,-1,1,-1
2015460263384,3,9,0,4,0,1,0,0,0,0,2,1,1,1,34,6,1986,2,9,-1,1,-1
2015460263387,1,9,0,4,0,2,1,0,0,0,1,1,6,1,65,9,1598,1,10,-1,1,-1
2015460263389,1,9,0,11,0,1,0,0,0,0,2,1,6,1,33,6,1995,1,7,-1,-1,-1
2015460263389,2,9,0,18,0,1,0,0,0,0,2,1,6,1,51,8,1461,2,-1,-1,1,-1
2015460263389,3,9,0,18,0,1,1,0,0,0,1,1,6,2,19,4,1299,1,9,-1,-1,-1
2015460263390,1,9,0,6,0,1,0,0,0,0,0,1,1,3,-1,-1,-1,-1,-1,-1,-1,-1
2015460263390,2,1,0,18,0,2,0,0,2,10,0,1,1,1,32,6,-1,-1,-1,-1,1,-1
2015460263392,1,9,0,18,0,1,0,0,0,0,1,1,6,1,18,4,998,1,5,-1,1,-1
2015460263392,2,9,0,9,0,8,0,0,0,0,2,1,6,1,56,9,-1,-1,-1,-1,1,-1
2015460263395,1,9,0,18,0,0,0,0,0,0,1,1,6,1,38,7,-1,-1,-1,-1,1,-1
2015460263395,2,9,0,18,0,0,0,0,0,0,2,1,6,1,30,6,1598,2,2,-1,1,-1
2015460263395,3,9,0,18,0,0,0,0,0,0,2,1,6,1,49,8,1998,1,11,-1,1,-1
2015460263398,1,9,0,18,0,4,0,0,0,0,1,1,6,2,62,9,999,1,-1,-1,1,-1
2015460263398,2,9,0,4,0,8,0,0,0,0,2,1,6,2,75,10,1596,1,5,-1,3,-1
2015460263398,3,9,0,4,0,3,0,0,0,0,2,1,6,1,25,5,1350,1,5,-1,1,-1
2015460263411,1,9,0,18,0,1,0,10,0,0,1,1,6,2,61,9,1598,1,8,-1,1,-1
2015460263411,2,9,0,18,0,1,0,0,0,0,2,1,6,1,59,9,1969,2,-1,-1,1,-1