Accident_Index,Vehicle_Reference,Vehicle_Type,Towing_and_Articulation,Vehicle_Manoeuvre,Vehicle_Location-Restricted_Lane,Junction_Location,Skidding_and_Overturning,Hit_Object_in_Carriageway,Vehicle_Leaving_Carriageway,Hit_Object_off_Carriageway,1st_Point_of_Impact,Was_Vehicle_Left_Hand_Drive?,Journey_Purpose_of_Driver,Sex_of_Driver,Age_of_Driver,Age_Band_of_Driver,Engine_Capacity_(CC),Propulsion_Code,Age_of_Vehicle,Driver_IMD_Decile,Driver_Home_Area_Type,Vehicle_IMD_Decile
2015460264161,2,9,0,18,0,0,1,0,0,0,1,1,6,1,54,8,2492,1,15,-1,1,-1
2015460264165,1,9,0,18,0,4,0,0,0,0,1,1,6,3,-1,-1,-1,-1,-1,-1,-1,-1
2015460264165,2,5,0,9,0,8,0,0,0,0,4,1,6,1,41,7,998,1,10,-1,1,-1
2015460264166,1,9,0,18,0,8,0,0,0,0,1,1,6,3,-1,-1,-1,-1,-1,-1,-1,-1
2015460264166,2,9,0,18,0,8,0,0,0,0,1,1,6,2,27,6,1388,1,10,-1,1,-1
2015460264168,1,9,0,18,0,0,0,0,0,0,1,1,6,2,43,7,1248,2,7,-1,3,-1
2015460264168,2,5,0,18,0,0,0,0,0,0,2,1,6,1,44,7,645,1,-1,-1,3,-1
2015460264168,3,9,0,18,0,0,0,0,0,0,2,1,6,1,28,6,1796,1,11,-1,1,-1
2015460264172,1,21,1,2,0,1,0,0,0,0,2,1,1,1,37,7,-1,-1,-1,-1,-1,-1
2015460264172,2,9,0,18,0,7,0,4,0,0,1,1,1,1,53,8,1199,1,13,-1,-1,-1
2015460264175,1,9,0,18,0,1,0,0,0,0,1,1,6,3,-1,-1,-1,-1,-1,-1,-1,-1
2015460264178,1,9,0,13,0,0,0,0,5,6,1,1,6,1,21,5,1598,1,13,-1,1,-1
2015460264178,2,9,0,13,0,0,0,0,4,6,2,1,6,1,50,8,1242,1,-1,-1,2,-1
2015460264178,3,9,0,13,0,0,0,0,0,0,3,1,6,2,36,7,2204,2,6,-1,2,-1
2015460264178,4,9,0,18,0,0,0,0,0,0,1,1,6,1,45,7,1582,2,3,-1,3,-1
2015460264179,1,21,1,12,0,0,0,0,0,0,3,2,1,1,34,6,-1,-1,-1,-1,-1,-1
2015460264179,2,9,0,18,0,0,0,0,0,0,4,1,1,1,27,6,1598,1,14,-1,1,-1
2015460264183,1,1,0,18,0,0,0,0,0,0,0,1,2,1,19,4,-1,-1,-1,-1,-1,-1
2015460264185,1,9,0,2,0,0,0,0,0,0,3,1,6,1,19,4,1299,1,15,-1,1,-1
2015460264185,2,2,0,18,0,0,0,0,0,0,1,1,6,1,24,5,-1,-1,-1,-1,1,-1
2015460264188,1,9,0,5,0,6,0,0,0,0,3,1,6,2,67,10,1240,1,5,-1,1,-1
2015460264188,2,3,0,18,0,8,0,0,0,0,1,1,1,1,26,6,124,1,-1,-1,1,-1
2015460264191,1,9,0,18,0,1,0,0,0,0,1,1,6,1,47,8,1998,1,20,-1,2,-1
2015460264191,2,9,0,3,0,1,0,0,0,0,2,1,6,1,60,9,1399,1,9,-1,1,-1
2015460264193,1,9,0,18,0,0,1,0,0,0,4,1,6,1,57,9,1598,1,5,-1,1,-1
2015460264193,2,21,1,18,0,0,0,0,0,0,3,1,1,1,46,8,-1,-1,-1,-1,-1,-1
2015460264194,1,9,0,9,0,1,0,0,0,0,1,1,6,1,48,8,2902,2,12,-1,1,-1
2015460264194,2,9,0,18,0,1,0,0,0,0,1,1,6,2,52,8,1796,1,8,-1,1,-1
2015460264195,1,9,0,13,0,1,0,0,0,0,1,1,6,1,22,5,-1,-1,-1,-1,1,-1
2015460264195,2,9,0,9,0,1,0,0,0,0,3,1,6,3,-1,-1,-1,-1,-1,-1,-1,-1
2015460264197,1,5,0,18,0,0,0,10,0,0,1,1,6,1,27,6,745,1,1,-1,1,-1
2015460264198,1,9,0,9,0,6,0,0,0,0,1,1,6,1,22,5,1896,2,12,-1,1,-1
2015460264198,2,4,0,18,0,1,0,0,0,0,1,1,6,1,30,6,250,1,1,-1,1,-1
2015460264199,1,9,0,18,0,0,0,0,0,0,1,1,6,1,47,8,2993,2,-1,-1,1,-1
2015460264199,2,9,0,18,0,0,0,0,0,0,1,1,1,1,23,5,1596,1,11,-1,3,-1
2015460264199,3,9,0,18,0,0,0,0,0,0,2,1,1,1,51,8,-1,-1,-1,-1,1,-1
2015460264201,1,3,0,18,0,0,0,0,0,0,1,1,6,1,33,6,124,1,1,-1,1,-1
2015460264201,2,9,0,4,0,0,0,0,0,0,2,1,6,2,61,9,1794,1,7,-1,1,-1
2015460264206,1,9,0,18,0,1,0,0,0,0,1,1,6,2,42,7,2000,2,10,-1,1,-1
2015460264206,2,1,0,18,0,1,0,0,0,0,4,1,6,2,18,4,-1,-1,-1,-1,1,-1
2015460264209,1,9,0,18,0,0,1,0,1,1,1,1,6,1,19,4,1989,1,15,-1,1,-1
2015460264216,1,9,0,18,0,1,0,4,1,0,1,1,6,1,52,8,1896,2,13,-1,-1,-1
2015460264216,2,9,0,1,0,6,0,0,1,10,4,1,6,1,21,5,1229,1,-1,-1,-1,-1
2015460264216,3,9,0,2,0,1,0,0,1,0,3,1,6,2,-1,-1,1598,2,4,-1,-1,-1
2015460264218,1,9,0,18,0,0,0,0,0,0,1,1,6,3,-1,-1,-1,-1,-1,-1,-1,-1
2015460264218,2,9,0,18,0,0,0,0,0,0,3,1,6,2,26,6,1587,1,13,-1,1,-1
2015460264220,1,9,0,18,0,0,1,0,1,4,3,1,6,1,24,5,1149,1,11,-1,1,-1
2015460264229,1,9,0,18,0,0,0,0,0,0,3,1,2,2,27,6,998,1,6,-1,1,-1
2015460264229,2,1,0,14,0,0,0,0,0,0,1,1,2,1,48,8,-1,-1,-1,-1,1,-1
2015460264230,1,9,0,9,0,5,0,0,0,0,1,1,6,1,49,8,2000,1,8,-1,1,-1
2015460264230,2,3,0,18,0,8,0,0,0,0,1,1,6,1,30,6,-1,-1,-1,-1,1,-1
2015460264232,1,9,0,18,0,0,0,0,1,10,4,1,6,2,34,6,2995,1,11,-1,1,-1
2015460264233,1,2,0,18,0,8,0,0,0,0,3,1,6,1,22,5,49,1,-1,-1,1,-1
2015460264233,2,9,0,5,0,8,0,0,0,0,4,1,6,2,43,7,1956,2,4,-1,1,-1
2015460264235,1,9,0,18,0,0,0,0,0,0,1,1,6,3,24,5,4511,1,10,-1,-1,-1
2015460264235,2,5,0,18,0,0,0,0,0,0,1,1,6,1,24,5,599,1,17,-1,1,-1
2015460264238,1,19,0,5,0,0,0,0,0,0,0,1,1,1,42,7,2287,2,3,-1,1,-1
2015460264238,2,5,0,18,0,0,1,0,0,0,0,1,6,1,32,6,-1,-1,-1,-1,1,-1
2015460264240,1,9,0,7,0,4,0,0,0,0,0,1,6,1,68,10,3189,1,9,-1,1,-1
2015460264240,2,2,0,7,0,3,1,0,0,0,0,1,2,2,17,4,49,1,-1,-1,1,-1
2015460264244,1,11,0,3,0,0,0,7,0,0,0,1,1,1,35,6,4580,2,7,-1,1,-1
2015460264254,1,9,0,18,0,0,0,0,0,0,1,1,6,1,38,7,1590,1,10,-1,1,-1
2015460264254,2,9,0,4,0,0,0,0,0,0,2,1,6,1,48,8,2698,2,9,-1,1,-1
2015460264255,1,9,0,7,0,8,0,0,0,0,1,1,6,1,43,7,1242,1,17,-1,-1,-1
2015460264260,1,9,0,7,0,6,0,10,0,0,3,1,2,2,43,7,1390,1,4,-1,1,-1
2015460264260,2,9,0,18,0,8,0,0,0,0,1,1,6,2,42,7,1206,1,6,-1,1,-1
2015460264261,1,9,0,4,0,0,1,0,0,0,1,1,2,2,23,5,1995,2,5,-1,-1,-1
2015460264261,2,9,0,4,0,0,0,0,0,0,2,1,2,1,63,9,1968,2,1,-1,-1,-1
2015460264265,1,9,0,18,0,4,0,0,0,0,0,1,1,1,23,5,-1,-1,-1,-1,1,-1
2015460264265,2,4,0,18,0,4,1,0,0,0,0,1,6,1,72,10,296,1,2,-1,1,-1
2015460264266,1,9,0,18,0,0,2,0,0,0,1,1,6,2,20,4,1242,1,16,-1,-1,-1
2015460264266,2,9,0,18,0,0,0,0,0,0,0,1,1,1,40,7,1560,2,3,-1,-1,-1
2015460264268,1,9,0,18,0,0,0,0,0,0,1,1,6,3,32,6,1364,1,5,-1,1,-1
2015460264270,1,9,0,18,0,0,0,0,0,0,1,1,1,1,43,7,1598,1,10,-1,2,-1
2015460264270,2,9,0,4,0,0,0,0,0,0,2,1,1,1,50,8,1796,1,7,-1,3,-1
2015460264271,1,9,0,18,0,0,0,0,0,0,3,1,6,1,58,9,1997,2,1,-1,3,-1
2015460264272,1,9,0,17,0,1,0,0,0,0,1,1,1,1,25,5,1598,1,1,-1,-1,-1
2015460264272,2,9,0,9,0,1,0,0,0,0,2,1,6,2,49,8,998,1,5,-1,-1,-1
2015460264278,1,9,0,17,0,1,0,0,0,0,1,1,2,1,21,5,1149,1,13,-1,3,-1
2015460264283,1,19,0,18,0,1,0,0,0,0,1,1,6,1,41,7,2198,2,2,-1,1,-1
2015460264283,2,9,0,7,0,6,0,0,0,0,1,1,6,2,27,6,1399,1,6,-1,1,-1
2015460264284,1,9,0,18,0,0,0,0,0,0,1,1,6,3,-1,-1,-1,-1,-1,-1,-1,-1
2015460264284,2,9,0,18,0,0,0,0,0,0,2,1,6,2,63,9,1595,1,11,-1,1,-1
2015460264285,1,4,0,18,0,0,1,0,0,0,0,1,6,1,21,5,200,1,6,-1,1,-1
2015460264285,2,4,0,18,0,0,0,0,0,0,0,1,6,1,42,7,249,1,15,-1,1,-1
2015460264287,1,9,0,9,0,5,0,7,7,1,4,1,6,2,67,10,999,1,2,-1,1,-1
2015460264287,2,9,0,18,0,8,0,0,0,0,1,1,3,2,38,7,1796,1,14,-1,1,-1
2015460264295,1,9,0,18,0,2,0,0,5,7,1,1,6,1,26,6,1968,2,2,-1,1,-1
2015460264295,2,9,0,18,0,2,0,0,2,7,1,1,6,2,36,7,1598,2,-1,-1,-1,-1
2015460264298,1,9,0,17,0,1,1,10,2,6,1,1,2,1,37,7,1598,1,8,-1,1,-1
2015460264299,1,9,0,14,0,0,0,4,0,0,4,1,6,2,87,11,1242,1,18,-1,-1,-1
2015460264299,2,90,0,2,0,0,0,0,0,0,2,1,1,1,45,7,6693,2,2,-1,-1,-1
2015460264305,1,9,0,5,0,6,0,0,0,0,1,1,6,2,20,4,1124,1,10,-1,3,-1
2015460264305,2,9,0,18,0,1,1,0,0,0,4,1,1,2,23,5,1390,1,11,-1,3,-1
2015460264314,1,9,0,18,0,8,0,0,0,0,1,1,6,3,-1,-1,1390,1,12,-1,-1,-1
2015460264314,2,9,0,18,0,8,0,0,0,0,2,1,6,2,62,9,1388,1,9,-1,-1,-1
2015460264317,1,9,0,18,0,0,0,0,0,0,1,1,6,3,-1,-1,-1,-1,-1,-1,-1,-1
2015460264317,2,9,0,18,0,0,0,0,0,0,2,1,6,1,22,5,1560,2,9,-1,1,-1
2015460264318,1,9,0,18,0,0,0,0,0,0,1,1,6,1,58,9,1229,1,9,-1,1,-1
2015460264318,2,9,0,18,0,0,0,0,0,0,1,1,2,1,44,7,1587,1,11,-1,3,-1
2015460264319,1,9,0,18,0,1,1,0,0,0,1,1,6,2,31,6,1397,1,13,-1,1,-1
2015460264319,2,9,0,9,0,1,0,0,0,0,1,1,6,2,54,8,998,1,7,-1,1,-1
2015460264326,1,9,0,18,0,1,0,0,0,0,1,1,6,1,57,9,2967,2,7,-1,3,-1
2015460264329,1,9,0,9,0,5,0,0,0,0,1,1,6,1,60,9,2231,2,7,-1,-1,-1
2015460264329,2,3,0,18,0,2,0,0,0,0,1,1,6,1,30,6,-1,-1,-1,-1,1,-1
2015460264337,1,9,0,18,0,6,0,0,0,0,1,1,2,2,28,6,1229,1,8,-1,1,-1
2015460264337,2,1,0,18,0,1,0,0,0,0,3,1,2,2,23,5,-1,-1,-1,-1,1,-1
2015460264347,1,9,0,9,0,1,0,0,0,0,1,1,6,1,27,6,998,1,10,-1,1,-1
2015460264347,2,5,0,18,0,1,1,0,0,0,1,1,6,1,27,6,599,1,17,-1,2,-1
2015460264347,3,9,0,3,0,1,0,0,0,0,2,1,6,1,24,5,2171,1,10,-1,1,-1
2015460264347,4,9,0,3,0,1,0,0,0,0,1,1,6,1,21,5,1242,1,-1,-1,1,-1
2015460264348,1,9,0,3,0,1,0,0,0,0,1,1,6,3,-1,-1,1995,2,11,-1,-1,-1
2015460264348,2,9,0,2,0,1,0,0,0,0,2,1,1,2,50,8,1341,1,10,-1,1,-1
2015460264350,1,9,0,18,0,2,0,0,0,0,1,1,6,2,74,10,1275,1,16,-1,1,-1
2015460264354,1,9,0,18,0,8,0,0,0,0,1,1,6,1,51,8,1598,2,-1,-1,1,-1
2015460264354,2,9,0,18,0,8,0,0,0,0,2,1,6,2,47,8,1598,1,8,-1,1,-1
2015460264356,1,9,0,15,0,2,0,4,0,0,4,1,6,1,74,10,1796,1,10,-1,1,-1
2015460264356,2,9,0,2,0,2,0,0,0,0,3,1,6,1,27,6,1560,2,8,-1,1,-1
2015460264356,3,9,0,2,0,2,0,0,0,0,2,1,6,1,-1,-1,2188,2,12,-1,1,-1
2015460264366,1,9,0,18,0,0,0,0,0,0,1,1,6,1,-1,-1,1299,1,12,-1,-1,-1
2015460264366,2,9,0,3,0,0,0,0,0,0,2,1,2,2,24,5,1242,1,13,-1,1,-1
2015460264368,1,9,0,18,0,1,0,0,0,0,1,1,6,1,25,5,-1,-1,-1,-1,1,-1
2015460264368,2,9,0,18,0,1,0,0,0,0,2,1,6,2,26,6,1598,1,6,-1,1,-1
2015460264369,1,8,0,18,0,1,0,0,0,0,1,1,6,3,-1,-1,1798,8,3,-1,-1,-1
2015460264369,2,9,0,3,0,1,0,0,0,0,2,1,6,2,32,6,1150,1,12,-1,1,-1
2015460264369,3,9,0,3,0,1,0,0,0,0,2,1,6,3,-1,-1,-1,-1,-1,-1,1,-1
2015460264371,1,9,0,17,0,1,2,0,2,10,3,1,6,2,60,9,998,1,7,-1,3,-1
2015460264371,2,19,0,16,0,1,0,0,0,0,3,1,1,1,50,8,2287,2,2,-1,1,-1
2015460264373,1,9,0,9,0,5,0,0,0,0,3,1,2,1,55,8,-1,-1,-1,-1,3,-1
2015460264375,1,9,0,18,0,0,0,0,0,0,4,1,6,3,-1,-1,1242,1,3,-1,1,-1
2015460264375,2,9,0,4,0,0,0,0,0,0,4,1,6,2,43,7,1242,1,4,-1,3,-1
2015460264377,1,9,0,7,0,3,0,0,0,0,1,1,6,1,52,8,2495,2,15,-1,2,-1
2015460264377,2,1,0,18,0,3,0,0,0,0,2,1,2,1,57,9,-1,-1,-1,-1,3,-1
2015460264380,1,9,0,18,0,1,0,0,0,0,1,1,6,3,-1,-1,-1,-1,-1,-1,-1,-1
2015460264380,2,9,0,8,0,1,0,0,0,0,2,1,1,1,30,6,1396,1,11,-1,1,-1
2015460264386,1,9,0,18,0,8,0,0,0,0,1,1,6,1,26,6,4008,1,17,-1,-1,-1
2015460264386,2,9,0,18,0,8,5,0,7,10,4,1,6,1,56,9,1299,1,10,-1,1,-1
2015460264390,1,9,0,18,0,0,0,0,0,0,1,1,6,1,33,6,1598,1,14,-1,1,-1
2015460264390,2,9,0,18,0,0,0,0,0,0,1,1,6,1,52,8,1985,1,14,-1,1,-1
2015460264391,1,9,0,18,0,0,0,0,0,0,3,1,6,3,-1,-1,-1,-1,-1,-1,-1,-1
2015460264391,2,9,0,18,0,0,0,0,0,0,1,1,6,2,32,6,2179,2,-1,-1,2,-1
2015460264391,3,9,0,18,0,0,0,0,0,0,0,1,6,1,20,4,2720,2,10,-1,2,-1
2015460264393,1,9,0,4,0,1,0,0,0,0,1,1,2,1,30,6,1388,1,11,-1,-1,-1
2015460264393,2,9,0,4,0,1,0,0,0,0,2,1,1,2,42,7,1390,1,4,-1,3,-1
2015460264394,1,19,0,6,0,1,0,0,0,0,3,1,6,1,-1,-1,-1,-1,-1,-1,1,-1
2015460264394,2,3,0,18,0,1,0,0,0,0,1,1,6,1,24,5,124,1,13,-1,1,-1
2015460264397,1,9,0,9,0,6,0,0,7,0,3,1,2,2,41,7,1399,2,6,-1,1,-1
2015460264397,2,9,0,18,0,8,0,10,2,10,4,1,2,2,49,8,2143,2,-1,-1,3,-1
2015460264400,1,9,0,7,0,1,0,0,0,0,1,1,6,2,81,11,1598,2,2,-1,2,-1
2015460264401,1,9,0,1,0,2,0,0,0,0,2,1,6,1,31,6,2497,2,10,-1,1,-1
2015460264405,1,9,0,18,0,0,0,0,0,0,1,1,2,1,49,8,1396,1,15,-1,1,-1
2015460264405,2,20,0,18,0,0,0,0,0,0,2,1,1,1,36,7,-1,-1,-1,-1,1,-1
2015460264411,1,9,0,18,0,1,0,0,0,0,1,1,2,1,46,8,1999,1,14,-1,-1,-1
2015460264412,1,21,0,9,0,6,0,0,0,0,4,1,1,1,41,7,-1,-1,-1,-1,-1,-1
2015460264412,2,19,0,18,0,1,0,0,0,0,0,1,6,3,-1,-1,-1,-1,-1,-1,-1,-1
2015460264412,3,9,0,18,0,1,0,0,0,0,1,1,6,1,26,6,1598,1,14,-1,3,-1
2015460264415,1,9,0,9,0,5,0,0,0,0,4,1,1,1,47,8,-1,-1,-1,-1,1,-1
2015460264415,2,5,0,18,0,8,0,0,0,0,1,1,6,1,46,8,1050,1,6,-1,3,-1
2015460264421,1,9,0,18,0,8,0,0,8,2,1,1,6,1,61,9,1995,2,1,-1,3,-1
2015460264422,1,9,0,5,0,1,0,0,0,0,1,1,6,2,38,7,1149,1,11,-1,-1,-1
2015460264422,2,3,0,10,0,1,0,0,0,0,2,1,6,1,19,4,125,1,1,-1,-1,-1
2015460264427,1,9,0,18,0,0,0,0,0,0,1,1,1,1,35,6,1995,2,4,-1,1,-1
2015460264427,2,9,0,18,0,0,0,0,0,0,2,1,3,2,30,6,1396,1,7,-1,1,-1
2015460264429,1,9,0,18,0,0,0,0,0,0,1,1,6,1,20,4,1199,1,13,-1,1,-1
2015460264429,2,9,0,18,0,0,0,0,0,0,2,1,2,2,47,8,1398,1,4,-1,1,-1
2015460264431,1,3,0,5,0,0,0,4,0,0,2,1,6,1,20,4,125,1,5,-1,-1,-1
2015460264431,2,9,0,2,0,0,0,0,0,0,1,1,6,1,26,6,-1,-1,-1,-1,-1,-1
2015460264433,1,9,0,18,0,0,0,0,0,0,1,1,6,1,50,8,1360,1,14,-1,-1,-1
2015460264433,2,9,0,3,0,0,0,0,0,0,2,1,6,2,50,8,1242,1,1,-1,-1,-1
2015460264435,1,3,0,17,0,0,0,0,1,0,1,1,6,1,33,6,125,1,-1,-1,1,-1
2015460264436,1,9,0,18,0,0,0,0,0,0,1,1,6,1,27,6,1598,1,9,-1,1,-1
2015460264436,2,9,0,18,0,0,0,0,0,0,2,1,6,1,38,7,-1,-1,-1,-1,3,-1
2015460264438,1,19,0,4,0,0,0,0,0,0,1,1,1,1,-1,-1,2143,2,2,-1,1,-1
2015460264438,2,9,0,3,0,0,0,0,0,0,2,1,6,2,57,9,1386,1,10,-1,1,-1
2015460264438,3,9,0,3,0,0,0,0,0,0,2,1,6,3,-1,-1,1390,1,1,-1,2,-1
2015460264442,1,9,0,18,0,1,0,7,0,0,1,1,6,1,29,6,1994,1,14,-1,3,-1
2015460264452,1,9,0,18,0,0,0,0,0,0,2,1,6,1,28,6,1149,1,10,-1,3,-1
2015460264452,2,9,0,18,0,0,0,0,0,0,1,1,6,1,19,4,1598,1,12,-1,1,-1
2015460264454,1,9,0,18,0,0,0,0,0,0,4,1,6,2,37,7,2000,2,10,-1,1,-1
2015460264456,1,9,0,18,0,2,0,0,0,0,1,1,6,1,26,6,2287,2,4,-1,1,-1
2015460264456,2,9,0,18,0,2,1,0,0,0,2,1,6,1,30,6,-1,-1,-1,-1,-1,-1
2015460264456,3,9,0,18,0,2,1,0,0,0,2,1,6,2,57,9,1600,2,4,-1,1,-1
2015460264456,4,9,0,18,0,2,1,0,0,0,2,1,6,1,27,6,-1,-1,-1,-1,1,-1
2015460264456,5,9,0,18,0,2,0,0,0,0,2,1,6,2,53,8,1242,1,4,-1,1,-1
2015460264457,1,9,0,18,0,0,0,0,0,0,1,1,6,1,29,6,2720,2,9,-1,1,-1
2015460264457,2,9,0,18,0,0,0,0,0,0,2,1,6,2,41,7,2198,1,12,-1,1,-1
2015460264458,1,9,0,4,0,1,0,0,0,0,1,1,2,2,50,8,1242,1,5,-1,1,-1
2015460264458,2,9,0,3,0,1,0,0,0,0,2,1,6,1,51,8,1598,1,15,-1,1,-1
2015460264466,1,9,0,9,0,1,0,0,0,0,1,1,6,1,57,9,-1,-1,-1,-1,3,-1
2015460264466,2,5,0,18,0,1,0,0,1,1,1,1,6,1,50,8,1157,1,18,-1,1,-1
2015460264467,1,9,0,9,0,8,0,0,0,0,1,1,6,2,34,6,1582,2,8,-1,1,-1
2015460264469,1,19,0,4,0,8,5,0,0,0,4,1,6,1,37,7,1900,2,14,-1,1,-1
2015460264472,1,9,0,9,0,5,0,0,0,0,1,1,6,1,31,6,1360,1,6,-1,3,-1
2015460264472,2,9,0,18,0,8,0,0,0,0,1,1,6,1,39,7,1956,2,3,-1,2,-1
2015460264473,1,9,0,16,0,1,1,0,1,10,1,1,2,2,25,5,1390,1,9,-1,3,-1
2015460264476,1,9,0,18,0,0,0,0,0,0,1,1,6,1,-1,-1,-1,-1,-1,-1,1,-1
2015460264476,2,9,0,18,0,0,0,0,0,0,1,1,1,1,35,6,1598,1,13,-1,1,-1
2015460264481,1,9,0,9,0,5,0,0,1,1,1,1,6,1,19,4,1390,1,10,-1,1,-1
2015460264485,1,19,0,4,0,1,0,0,0,0,3,1,1,1,30,6,2198,2,1,-1,1,-1
2015460264487,1,9,0,3,0,1,0,0,0,0,1,1,6,1,21,5,1199,1,11,-1,1,-1
2015460264487,2,9,0,3,0,2,0,0,0,0,2,1,6,1,18,4,1199,1,12,-1,3,-1
2015460264487,3,9,0,3,0,2,0,0,0,0,1,1,6,1,21,5,1388,1,10,-1,-1,-1
2015460264487,4,9,0,3,0,2,0,0,0,0,2,1,6,2,57,9,1329,1,1,-1,1,-1
2015460264487,5,9,0,3,0,2,0,0,0,0,2,1,6,1,40,7,1596,1,9,-1,1,-1
2015460264492,1,9,0,12,0,0,1,0,5,6,2,1,6,1,27,6,1296,1,8,-1,-1,-1
2015460264492,2,9,0,18,0,0,0,0,0,0,0,1,6,2,60,9,-1,-1,-1,-1,-1,-1
2015460264494,1,9,0,5,0,6,0,0,0,0,1,1,6,1,19,4,1390,1,10,-1,1,-1
2015460264494,2,9,0,18,0,1,0,0,1,0,4,1,6,2,45,7,1242,1,3,-1,1,-1
2015460264495,1,9,0,18,0,1,0,0,0,0,1,1,6,1,70,10,2902,2,10,-1,1,-1
2015460264501,1,9,0,18,0,0,0,0,0,0,1,1,6,3,-1,-1,-1,-1,-1,-1,-1,-1
2015460264501,2,19,0,18,0,0,0,0,0,0,1,1,1,2,21,5,1598,2,-1,-1,1,-1
2015460264502,1,9,0,18,0,6,0,0,0,0,1,1,6,3,-1,-1,-1,-1,-1,-1,-1,-1
2015460264502,2,9,0,9,0,5,0,0,0,0,2,1,6,2,49,8,1956,2,1,-1,1,-1
2015460264504,1,9,0,18,0,1,0,0,0,0,1,1,1,1,47,8,-1,-1,-1,-1,-1,-1
2015460264504,2,9,0,4,0,1,0,0,0,0,2,1,2,1,24,5,1242,1,1,-1,-1,-1
2015460264509,1,9,0,18,0,0,0,0,0,0,1,1,6,2,29,6,1390,1,12,-1,1,-1
2015460264509,2,9,0,3,0,0,0,0,0,0,2,1,6,2,56,9,1598,1,3,-1,1,-1
2015460264513,1,90,0,18,0,0,0,0,0,0,1,1,6,2,85,11,-1,-1,-1,-1,1,-1
2015460264513,2,9,0,18,0,0,0,0,0,0,1,1,6,2,59,9,1399,1,5,-1,-1,-1
2015460264514,1,9,0,4,0,0,0,0,0,0,1,1,6,2,94,11,1242,1,16,-1,1,-1
2015460264514,2,19,0,3,0,0,0,0,0,0,2,1,6,1,43,7,1753,2,7,-1,2,-1
2015460264517,1,9,0,4,0,1,1,0,1,0,1,1,6,1,19,4,998,1,1,-1,1,-1
2015460264517,2,9,0,10,0,1,0,0,0,0,2,1,2,1,39,7,2993,2,1,-1,1,-1
2015460264518,1,9,0,9,0,8,0,0,0,0,0,1,6,3,-1,-1,-1,-1,-1,-1,-1,-1
2015460264518,2,5,0,7,0,8,0,10,1,10,4,1,2,1,54,8,1043,1,-1,-1,1,-1
2015460264519,1,20,0,18,0,0,0,0,4,0,3,1,6,1,55,8,4250,2,17,-1,-1,-1
2015460264519,2,9,0,18,0,0,0,0,0,0,4,1,6,1,18,4,1364,1,6,-1,1,-1
2015460264520,1,21,0,17,0,1,0,0,0,0,1,1,1,1,54,8,4461,2,6,-1,1,-1
2015460264520,2,9,0,7,0,8,0,0,0,0,2,1,6,1,33,6,2179,2,2,-1,1,-1
2015460264527,1,9,0,18,0,0,0,0,0,0,1,1,6,1,80,11,1390,1,11,-1,1,-1
2015460264527,2,9,0,18,0,0,0,0,0,0,1,1,6,2,53,8,1973,1,14,-1,3,-1
2015460264528,1,9,0,14,0,0,0,4,0,0,1,1,6,1,83,11,1997,1,23,-1,1,-1
2015460264528,2,9,0,2,0,0,0,4,0,0,2,1,6,2,50,8,1968,2,5,-1,3,-1
2015460264528,3,9,0,2,0,0,0,4,0,0,2,1,6,2,39,7,1360,1,8,-1,3,-1
2015460264528,4,9,0,2,0,0,0,4,0,0,2,1,6,2,31,6,-1,-1,-1,-1,3,-1
2015460264529,1,9,0,18,0,0,0,0,2,7,1,1,6,1,26,6,1388,1,5,-1,1,-1
2015460264531,1,19,0,17,0,0,0,0,0,0,2,1,6,3,-1,-1,-1,-1,-1,-1,-1,-1
2015460264531,2,4,0,13,0,0,0,0,0,0,1,1,2,1,25,5,599,1,16,-1,3,-1
2015460264534,1,9,0,5,0,6,0,0,0,0,3,1,1,2,63,9,1596,1,4,-1,1,-1
2015460264534,2,3,0,18,0,6,0,0,0,0,1,1,2,2,24,5,125,1,7,-1,1,-1
2015460264535,1,9,0,9,0,6,0,0,0,0,1,1,6,1,48,8,1124,1,14,-1,1,-1
2015460264535,2,3,0,18,0,1,0,0,0,0,1,1,6,1,28,6,125,1,1,-1,1,-1
2015460264539,1,9,0,18,0,0,0,0,1,10,1,1,2,1,35,6,1560,2,6,-1,1,-1
2015460264544,1,9,0,9,0,6,0,0,0,0,3,1,6,1,28,6,1988,1,14,-1,1,-1
2015460264544,2,1,0,18,0,8,0,0,0,0,1,1,6,1,29,6,-1,-1,-1,-1,1,-1
2015460264549,1,9,0,7,0,6,0,0,0,0,1,1,6,2,38,7,-1,-1,-1,-1,2,-1
2015460264549,2,3,0,18,0,8,0,0,0,0,1,1,6,1,23,5,-1,-1,-1,-1,1,-1
2015460264550,1,9,0,18,0,1,0,0,0,0,1,1,6,3,-1,-1,1797,8,5,-1,-1,-1
2015460264550,2,1,0,10,0,1,0,0,0,0,2,1,1,1,19,4,-1,-1,-1,-1,-1,-1
2015460264551,1,9,0,5,0,1,0,0,0,0,1,1,6,2,53,8,1360,1,8,-1,1,-1
2015460264551,2,9,0,8,0,1,0,0,0,0,2,1,6,2,23,5,1248,2,9,-1,-1,-1
2015460264552,1,11,0,18,2,8,0,0,0,0,1,1,1,1,36,7,6370,2,3,-1,1,-1