Accident_Index,Vehicle_Reference,Vehicle_Type,Towing_and_Articulation,Vehicle_Manoeuvre,Vehicle_Location-Restricted_Lane,Junction_Location,Skidding_and_Overturning,Hit_Object_in_Carriageway,Vehicle_Leaving_Carriageway,Hit_Object_off_Carriageway,1st_Point_of_Impact,Was_Vehicle_Left_Hand_Drive?,Journey_Purpose_of_Driver,Sex_of_Driver,Age_of_Driver,Age_Band_of_Driver,Engine_Capacity_(CC),Propulsion_Code,Age_of_Vehicle,Driver_IMD_Decile,Driver_Home_Area_Type,Vehicle_IMD_Decile
2015460264867,1,9,0,18,0,0,0,0,0,0,1,1,6,1,44,7,2148,2,7,-1,1,-1
2015460264867,2,9,0,18,0,0,0,0,0,0,2,1,6,1,26,6,1995,2,9,-1,1,-1
2015460264869,1,3,0,18,0,1,0,4,0,0,1,1,6,1,16,4,-1,-1,-1,-1,1,-1
2015460264869,2,9,0,2,0,1,0,0,0,0,2,1,6,2,56,9,1496,2,-1,-1,1,-1
2015460264870,1,9,0,9,0,8,0,0,8,1,4,1,1,2,32,6,1560,2,1,-1,1,-1
2015460264870,2,9,0,18,0,8,0,0,0,0,1,1,6,1,44,7,2993,2,6,-1,3,-1
2015460264871,1,9,0,7,0,2,0,0,0,0,1,1,1,2,58,9,2319,1,14,-1,1,-1
2015460264871,2,1,0,18,0,8,0,0,0,0,4,1,1,1,46,8,-1,-1,-1,-1,1,-1
2015460264873,1,11,0,18,0,0,0,0,0,0,0,1,3,1,56,9,-1,2,16,-1,1,-1
2015460264876,1,9,0,18,0,0,0,0,0,0,1,1,6,1,49,8,2199,2,5,-1,1,-1
2015460264876,2,9,0,4,0,0,0,0,0,0,2,1,6,1,35,6,1299,1,10,-1,1,-1
2015460264876,3,9,0,4,0,0,0,0,0,0,2,1,6,2,51,8,1560,2,5,-1,1,-1
2015460264876,4,9,0,4,0,0,0,0,0,0,2,1,6,2,32,6,1598,1,-1,-1,1,-1
2015460264877,1,9,0,18,0,0,0,0,0,0,1,1,6,2,72,10,1761,1,18,-1,1,-1
2015460264877,2,9,0,2,0,0,0,0,0,0,4,1,6,2,-1,-1,1587,1,11,-1,-1,-1
2015460264877,3,9,0,2,0,0,0,0,0,0,2,1,6,3,-1,-1,-1,-1,-1,-1,-1,-1
2015460264878,1,9,0,18,0,0,0,0,7,4,4,1,6,1,29,6,1781,1,15,-1,2,-1
2015460264879,1,9,0,9,0,4,2,0,8,1,1,1,6,1,42,7,1149,1,12,-1,1,-1
2015460264880,1,9,0,17,0,0,0,0,0,0,3,1,6,2,49,8,1598,1,6,-1,1,-1
2015460264880,2,9,0,4,0,0,0,0,0,0,3,1,6,1,41,7,1398,1,5,-1,1,-1
2015460264883,1,9,0,18,0,1,0,0,0,0,1,1,6,3,-1,-1,-1,-1,-1,-1,-1,-1
2015460264883,2,9,0,10,0,1,0,0,0,0,2,1,2,1,32,6,1968,2,3,-1,1,-1
2015460264884,1,9,0,5,0,6,0,0,0,0,1,1,6,3,-1,-1,-1,-1,-1,-1,-1,-1
2015460264884,2,9,0,18,0,8,1,0,0,0,2,1,2,2,42,7,1339,1,11,-1,-1,-1
2015460264886,1,9,0,18,0,2,0,0,0,0,4,1,6,1,62,9,1956,2,4,-1,1,-1
2015460264888,1,9,0,5,0,2,0,0,0,0,1,1,6,2,22,5,1242,1,7,-1,1,-1
2015460264889,1,9,0,9,0,4,0,0,0,0,4,1,1,2,56,9,1299,1,11,-1,1,-1
2015460264889,2,1,0,18,0,1,0,0,0,0,4,1,1,1,50,8,-1,-1,-1,-1,1,-1
2015460264896,1,9,0,18,0,4,0,0,0,0,3,1,6,1,22,5,1596,1,10,-1,-1,-1
2015460264896,2,9,0,7,0,4,0,0,0,0,1,1,6,2,22,5,1360,1,10,-1,-1,-1
2015460264900,1,19,0,12,0,1,0,0,0,0,3,1,6,3,-1,-1,2198,2,2,-1,-1,-1
2015460264900,2,4,0,18,0,1,0,0,0,0,4,1,6,1,24,5,125,1,5,-1,1,-1
2015460264902,1,4,0,18,0,1,1,0,0,0,1,1,1,1,18,4,-1,-1,-1,-1,1,-1
2015460264902,2,9,0,1,0,2,0,0,0,0,4,1,3,2,29,6,-1,-1,-1,-1,1,-1
2015460264906,1,9,0,18,0,8,0,0,0,0,1,1,6,1,18,4,1242,1,12,-1,2,-1
2015460264906,2,9,0,18,0,8,0,0,0,0,1,1,6,1,54,8,1796,1,9,-1,1,-1
2015460264907,1,9,0,4,0,0,0,0,0,0,1,1,6,1,28,6,1969,2,1,-1,1,-1
2015460264907,2,9,0,4,0,0,0,0,0,0,2,1,6,2,63,9,-1,-1,-1,-1,1,-1
2015460264907,3,19,0,4,0,0,0,0,0,0,2,1,1,1,53,8,-1,-1,-1,-1,1,-1
2015460264909,1,9,0,18,0,1,0,0,0,0,0,1,6,3,-1,-1,-1,-1,-1,-1,-1,-1
2015460264909,2,9,0,18,0,2,0,0,0,0,4,1,6,1,64,9,1896,2,11,-1,1,-1
2015460264909,3,9,0,2,0,2,0,0,0,0,3,1,6,1,40,7,1895,1,15,-1,3,-1
2015460264913,1,9,0,18,0,0,0,0,0,0,3,1,2,2,44,7,999,1,-1,-1,-1,-1
2015460264913,2,11,0,18,0,0,0,0,0,0,3,1,3,2,48,8,7300,2,15,-1,1,-1
2015460264915,1,19,0,18,0,2,0,0,7,1,1,1,1,1,28,6,2198,2,-1,-1,1,-1
2015460264918,1,9,0,18,0,0,0,0,0,0,1,1,6,2,42,7,1296,1,8,-1,1,-1
2015460264918,2,9,0,18,0,0,0,0,0,0,2,1,6,1,23,5,2143,2,-1,-1,2,-1
2015460264925,1,9,0,18,0,1,0,0,0,0,4,1,6,1,30,6,1968,2,1,-1,1,-1
2015460264926,1,9,0,9,0,2,0,0,0,0,1,1,6,1,91,11,1598,1,10,-1,-1,-1
2015460264926,2,9,0,18,0,1,0,0,0,0,3,1,6,1,63,9,1998,1,11,-1,-1,-1
2015460264927,1,9,0,17,0,0,0,0,7,4,4,1,6,1,29,6,1796,1,14,-1,-1,-1
2015460264928,1,9,0,18,0,8,0,0,0,0,1,1,6,2,41,7,1956,2,6,-1,2,-1
2015460264928,2,9,0,13,0,3,0,0,0,0,0,1,1,1,34,6,1560,2,1,-1,1,-1
2015460264932,1,9,0,18,0,1,0,0,0,0,1,1,2,1,20,4,998,1,9,-1,1,-1
2015460264932,2,9,0,4,0,1,0,0,0,0,2,1,6,1,45,7,1997,2,7,-1,1,-1
2015460264932,3,9,0,10,0,1,0,0,0,0,2,1,6,1,48,8,-1,-1,-1,-1,1,-1
2015460264934,1,9,0,9,0,8,0,0,3,10,1,1,6,1,70,10,2544,1,19,-1,1,-1
2015460264937,1,9,0,18,0,0,5,4,8,10,1,1,6,1,50,8,2000,1,9,-1,1,-1
2015460264937,2,9,0,2,0,0,0,0,0,0,4,1,6,1,-1,-1,1985,1,14,-1,-1,-1
2015460264938,1,9,0,18,0,0,0,0,0,0,1,1,6,3,-1,-1,1781,1,19,-1,3,-1
2015460264938,2,9,0,2,0,0,0,0,0,0,3,1,6,2,47,8,1997,2,1,-1,-1,-1
2015460264939,1,21,1,12,0,0,0,0,0,0,3,1,1,1,-1,-1,-1,-1,-1,-1,-1,-1
2015460264939,2,9,0,18,0,0,1,0,2,7,4,1,6,2,43,7,1400,1,10,-1,1,-1
2015460264943,1,3,0,18,0,1,2,0,0,0,4,1,2,1,31,6,124,1,4,-1,3,-1
2015460264948,1,9,0,18,0,0,0,0,0,0,3,1,6,3,-1,-1,-1,-1,-1,-1,-1,-1
2015460264950,1,9,0,18,0,8,0,0,0,0,1,1,3,2,43,7,1560,2,8,-1,1,-1
2015460264950,2,9,0,9,0,5,0,0,0,0,1,1,6,1,28,6,-1,-1,-1,-1,1,-1
2015460264951,1,3,0,14,0,1,0,0,0,0,1,1,2,2,28,6,124,1,8,-1,1,-1
2015460264951,2,9,0,7,0,6,0,0,0,0,4,1,6,1,58,9,2987,2,8,-1,3,-1
2015460264952,1,9,0,9,0,5,0,0,0,0,3,1,6,1,70,10,1896,2,7,-1,1,-1
2015460264952,2,9,0,18,0,8,0,0,0,0,1,1,6,2,25,5,1799,1,9,-1,1,-1
2015460264957,1,9,0,9,0,6,0,0,0,0,1,1,1,1,36,7,-1,-1,-1,-1,1,-1
2015460264957,2,3,0,18,0,8,0,0,0,0,1,1,1,1,20,4,124,1,13,-1,1,-1
2015460264958,1,9,0,4,0,1,0,0,0,0,1,1,1,1,36,7,1896,2,8,-1,1,-1
2015460264958,2,9,0,3,0,1,0,0,0,0,2,1,1,2,40,7,1798,1,8,-1,1,-1
2015460264961,1,9,0,13,0,8,0,0,7,0,4,1,6,1,-1,-1,1905,2,18,-1,-1,-1
2015460264961,2,9,0,9,0,8,0,0,7,0,3,1,1,1,47,8,-1,-1,-1,-1,1,-1
2015460264963,1,9,0,18,0,2,0,0,0,0,1,1,6,1,80,11,1598,1,6,-1,-1,-1
2015460264963,2,9,0,3,0,2,0,0,0,0,2,1,6,1,28,6,1242,1,14,-1,1,-1
2015460264967,1,9,0,18,0,0,0,0,0,0,1,1,6,1,48,8,2393,1,16,-1,3,-1
2015460264969,1,9,0,18,0,1,0,0,0,0,1,1,6,1,50,8,-1,-1,-1,-1,3,-1
2015460264969,2,9,0,18,0,1,0,0,0,0,2,1,6,2,44,7,1360,1,9,-1,-1,-1
2015460264969,3,9,0,4,0,1,0,0,0,0,2,1,6,2,42,7,2993,2,4,-1,3,-1
2015460264971,1,9,0,16,0,1,0,0,0,0,1,1,2,2,44,7,1596,1,13,-1,2,-1
2015460264971,2,9,0,17,0,8,0,0,0,0,1,1,2,2,25,5,1461,2,6,-1,2,-1
2015460264975,1,9,0,1,0,6,0,0,0,0,2,1,6,2,54,8,1596,1,5,-1,1,-1
2015460264975,2,9,0,18,0,1,0,0,0,0,4,1,6,2,42,7,2198,1,11,-1,-1,-1
2015460264977,1,9,0,18,0,4,0,0,0,0,1,1,6,3,-1,-1,-1,-1,-1,-1,-1,-1
2015460264978,1,2,0,18,0,2,1,0,0,0,1,1,6,1,19,4,108,1,-1,-1,-1,-1
2015460264978,2,9,0,18,0,2,0,0,0,0,2,1,6,1,39,7,1797,8,5,-1,-1,-1
2015460264982,1,9,0,18,0,1,0,0,0,0,1,1,6,3,-1,-1,-1,-1,-1,-1,-1,-1
2015460264984,1,9,0,18,0,0,0,0,0,0,4,1,6,3,-1,-1,-1,-1,-1,-1,-1,-1
2015460264986,1,9,0,9,0,5,0,0,0,0,4,1,6,1,45,7,1995,2,1,-1,1,-1
2015460264986,2,19,0,10,0,2,0,0,0,0,4,1,6,1,68,10,-1,-1,-1,-1,3,-1
2015460264986,3,9,0,18,0,1,0,0,0,0,3,1,6,1,28,6,1984,1,10,-1,2,-1
2015460264989,1,9,0,11,0,0,0,0,0,0,1,1,2,1,29,6,1390,1,3,-1,1,-1
2015460264989,2,9,0,4,0,0,0,0,1,0,2,1,2,1,36,7,1496,2,-1,-1,1,-1
2015460264990,1,9,0,9,0,6,0,0,0,0,1,1,1,1,42,7,1798,8,1,-1,1,-1
2015460264990,2,9,0,18,0,8,0,0,0,0,3,1,6,1,36,7,1999,1,8,-1,2,-1
2015460264992,1,9,0,18,0,0,0,0,0,0,1,1,6,3,-1,-1,-1,-1,-1,-1,-1,-1
2015460264993,1,9,0,18,0,0,0,0,0,0,3,1,6,1,63,9,1998,1,10,-1,-1,-1
2015460264994,1,9,0,18,0,0,1,0,0,0,1,1,6,1,54,8,1686,2,13,-1,3,-1
2015460264994,2,9,0,18,0,0,1,0,0,0,4,1,6,1,37,7,-1,-1,-1,-1,1,-1
2015460264999,1,9,0,18,0,3,0,0,0,0,1,1,2,1,54,8,-1,-1,-1,-1,1,-1
2015460264999,2,9,0,9,0,4,0,0,0,0,3,1,6,1,70,10,1796,1,10,-1,3,-1
2015460265000,1,9,0,9,0,5,0,0,0,0,3,1,1,1,54,8,-1,-1,-1,-1,1,-1
2015460265000,2,5,0,5,0,1,0,0,0,0,1,1,6,1,36,7,599,1,19,-1,1,-1
2015460265005,1,9,0,17,0,1,0,10,0,0,4,1,6,1,20,4,1398,1,2,-1,1,-1
2015460265006,1,9,0,18,0,0,0,4,0,0,1,1,6,2,49,8,3950,1,20,-1,-1,-1
2015460265006,2,9,0,2,0,0,0,0,0,0,4,1,6,1,-1,-1,1390,1,14,-1,3,-1
2015460265006,3,9,0,2,0,0,0,0,0,0,2,1,6,3,-1,-1,973,1,15,-1,2,-1
2015460265006,4,19,0,2,0,0,0,0,0,0,1,1,6,3,-1,-1,-1,-1,-1,-1,1,-1
2015460265010,1,9,0,18,0,0,1,0,0,0,1,1,2,2,52,8,1497,1,11,-1,1,-1
2015460265010,2,9,0,2,0,0,0,0,0,0,2,1,6,1,63,9,1910,2,9,-1,1,-1
2015460265011,1,9,0,18,0,0,0,0,0,0,1,1,1,2,46,8,1422,2,7,-1,1,-1
2015460265024,1,9,0,5,0,0,0,0,0,0,1,1,6,3,-1,-1,1386,1,9,-1,-1,-1
2015460265024,2,9,0,18,0,0,0,0,0,0,2,1,6,2,38,7,1124,1,14,-1,1,-1
2015460265025,1,9,0,16,0,0,5,0,8,0,3,1,6,1,27,6,1798,1,12,-1,1,-1
2015460265046,1,9,0,18,0,1,0,0,0,0,1,1,6,1,60,9,-1,-1,-1,-1,1,-1
2015460265046,2,9,0,4,0,4,0,0,0,0,2,1,6,1,36,7,1396,1,3,-1,1,-1
2015460265049,1,10,0,16,0,8,0,0,1,10,1,1,1,1,25,5,2198,2,4,-1,3,-1
2015460265051,1,9,0,18,0,1,0,0,0,0,1,1,6,1,64,9,1596,1,16,-1,1,-1
2015460265052,1,9,0,16,0,0,0,0,7,4,1,1,2,1,36,7,1998,2,10,-1,1,-1
2015460265055,1,9,0,9,0,6,0,0,0,0,1,1,6,1,20,4,1997,2,5,-1,1,-1
2015460265055,2,9,0,18,0,8,0,0,0,0,3,1,6,2,50,8,1242,1,4,-1,1,-1
2015460265055,3,9,0,18,0,8,0,0,0,0,1,1,6,1,21,5,1598,2,3,-1,3,-1
2015460265056,1,9,0,13,0,1,0,0,7,4,4,1,6,1,74,10,2000,2,10,-1,1,-1
2015460265056,2,9,0,9,0,5,0,0,0,0,3,1,6,1,73,10,1998,1,8,-1,2,-1
2015460265058,1,9,0,16,0,0,2,10,1,0,1,1,6,1,20,4,1997,1,14,-1,1,-1
2015460265058,2,9,0,16,0,0,2,0,1,0,2,1,6,1,29,6,1988,1,16,-1,1,-1
2015460265061,1,9,0,18,0,1,0,0,0,0,1,1,6,1,30,6,-1,-1,-1,-1,-1,-1
2015460265061,2,2,0,3,0,1,0,0,0,0,2,1,6,1,17,4,49,1,2,-1,-1,-1
2015460265062,1,9,0,3,0,0,0,0,0,0,0,1,1,1,48,8,1896,2,7,-1,1,-1
2015460265065,1,9,0,17,0,0,2,0,0,0,1,1,6,1,18,4,1149,1,8,-1,1,-1
2015460265065,2,9,0,16,0,0,0,0,0,0,1,1,6,2,56,9,1598,1,2,-1,1,-1
2015460265066,1,9,0,18,0,1,0,0,0,0,1,1,2,1,36,7,1497,1,14,-1,1,-1
2015460265066,2,9,0,4,0,1,0,0,0,0,2,1,6,2,43,7,2179,2,3,-1,1,-1
2015460265067,1,9,0,18,0,0,0,4,0,0,1,1,6,2,47,8,1896,2,15,-1,-1,-1
2015460265067,2,9,0,2,0,0,0,4,0,0,2,1,6,3,-1,-1,2776,2,10,-1,1,-1
2015460265067,3,9,0,2,0,0,0,0,0,0,2,1,6,3,-1,-1,-1,-1,-1,-1,1,-1
2015460265067,4,19,0,2,0,0,0,0,0,0,0,1,6,3,-1,-1,-1,-1,-1,-1,-1,-1
2015460265068,1,9,0,9,0,6,0,0,0,0,1,1,6,1,58,9,1986,2,9,-1,1,-1
2015460265068,2,3,0,18,0,8,1,0,0,0,3,1,6,1,60,9,1171,1,13,-1,1,-1
2015460265069,1,9,0,18,0,0,0,0,0,0,1,1,6,3,-1,-1,-1,-1,-1,-1,-1,-1
2015460265070,1,9,0,17,0,0,2,0,0,0,0,1,2,2,18,4,-1,-1,-1,-1,1,-1
2015460265074,1,9,0,18,0,1,1,0,0,0,1,1,6,1,37,7,1360,1,14,-1,1,-1
2015460265074,2,9,0,3,0,1,0,0,0,0,2,1,6,2,50,8,1796,1,16,-1,2,-1
2015460265076,1,9,0,18,0,8,0,0,0,0,1,1,6,2,23,5,1086,1,4,-1,1,-1
2015460265076,2,9,0,18,0,6,0,0,0,0,4,1,6,2,58,9,1086,1,10,-1,1,-1
2015460265077,1,9,0,17,0,0,0,0,0,0,1,1,6,3,-1,-1,1289,1,16,-1,-1,-1
2015460265085,1,9,0,18,0,0,0,0,0,0,1,1,6,1,45,7,998,1,1,-1,1,-1
2015460265090,1,9,0,9,0,1,0,0,0,0,4,1,6,2,45,7,1364,1,8,-1,1,-1
2015460265090,2,3,0,18,0,1,0,0,0,0,1,1,6,1,22,5,124,1,7,-1,3,-1
2015460265091,1,9,0,17,0,1,0,0,0,0,1,1,3,2,17,4,1299,1,13,-1,1,-1
2015460265091,2,9,0,4,0,1,0,0,0,0,2,1,2,1,60,9,1997,2,1,-1,2,-1
2015460265091,3,9,0,8,0,1,0,0,0,0,0,1,2,2,32,6,1398,2,11,-1,1,-1
2015460265093,1,19,0,7,0,2,0,0,0,0,1,1,1,1,-1,-1,1598,2,3,-1,1,-1
2015460265093,2,9,0,18,0,1,0,0,0,0,4,1,6,2,67,10,1248,1,-1,-1,1,-1
2015460265095,1,9,0,9,0,1,0,0,0,0,1,1,2,2,24,5,-1,-1,-1,-1,1,-1
2015460265095,2,5,0,18,0,1,0,0,0,0,1,1,2,1,27,6,1157,1,19,-1,1,-1
2015460265097,1,9,0,17,0,8,0,0,7,4,2,1,6,2,28,6,1998,1,11,-1,1,-1
2015460265098,1,9,0,9,0,6,0,0,0,0,1,1,6,1,40,7,1991,2,6,-1,1,-1
2015460265098,2,9,0,18,0,1,0,0,0,0,1,1,6,2,37,7,2000,2,10,-1,1,-1
2015460265102,1,9,0,16,0,0,0,0,0,0,1,1,6,1,30,6,1990,1,12,-1,1,-1
2015460265102,2,9,0,17,0,0,0,0,1,0,1,1,6,2,20,4,1968,2,-1,-1,2,-1
2015460265109,1,9,0,18,0,2,0,0,1,10,1,1,6,1,21,5,1598,1,14,-1,1,-1
2015460265110,1,21,1,18,0,1,5,0,0,0,1,1,1,1,22,5,-1,-1,-1,-1,-1,-1
2015460265110,2,9,0,4,0,1,0,0,0,0,2,1,6,2,79,11,1388,1,11,-1,1,-1
2015460265110,3,9,0,4,0,1,0,0,0,0,2,1,6,1,40,7,1968,2,10,-1,1,-1
2015460265110,4,9,0,4,0,1,0,0,0,0,2,1,6,2,32,6,1798,8,1,-1,1,-1
2015460265110,5,9,0,4,0,1,5,0,0,0,2,1,6,1,27,6,1388,1,10,-1,1,-1
2015460265110,6,9,0,18,0,1,5,0,0,0,2,1,6,2,47,8,1560,2,3,-1,1,-1
2015460265111,1,21,0,12,0,0,0,0,0,0,3,2,1,1,42,7,-1,-1,-1,-1,-1,-1
2015460265111,2,9,0,18,0,0,0,0,0,0,4,1,2,2,29,6,1599,1,11,-1,1,-1
2015460265112,1,19,0,18,0,1,0,0,0,0,1,1,1,1,60,9,1968,2,-1,-1,1,-1
2015460265112,2,9,0,3,0,1,0,0,0,0,2,1,1,1,33,6,1596,1,6,-1,1,-1
2015460265113,1,9,0,9,0,5,0,0,0,0,3,1,3,1,48,8,1997,2,13,-1,3,-1
2015460265113,2,1,0,18,0,8,0,0,0,0,1,1,1,1,26,6,-1,-1,-1,-1,3,-1
2015460265119,1,9,0,18,0,0,0,0,0,0,1,1,2,2,45,7,1242,1,7,-1,2,-1
2015460265119,2,9,0,18,0,0,0,0,0,0,2,1,2,1,38,7,1995,2,2,-1,-1,-1
2015460265119,3,9,0,18,0,0,0,0,0,0,1,1,2,1,38,7,1598,1,1,-1,1,-1
2015460265119,4,9,0,18,0,0,0,0,0,0,2,1,2,1,23,5,1984,1,3,-1,-1,-1
2015460265120,1,9,0,9,0,5,0,0,0,0,1,1,6,1,17,4,1242,1,6,-1,1,-1
2015460265120,2,9,0,5,0,8,0,0,0,0,1,1,6,2,40,7,1995,2,1,-1,1,-1
2015460265123,1,9,0,4,0,0,0,0,0,0,1,1,6,2,40,7,1596,1,3,-1,3,-1
2015460265123,2,9,0,4,0,0,0,0,0,0,2,1,6,2,35,6,1399,2,9,-1,-1,-1
2015460265128,1,21,0,12,0,0,0,0,0,0,3,1,1,1,51,8,-1,-1,-1,-1,-1,-1
2015460265128,2,9,0,18,0,0,1,0,7,6,3,1,6,1,29,6,1598,1,15,-1,1,-1
2015460265130,1,9,0,18,0,2,0,0,0,0,1,1,6,2,42,7,2993,2,2,-1,1,-1
2015460265130,2,9,0,18,0,2,0,0,0,0,2,1,6,2,41,7,1968,2,2,-1,1,-1
2015460265130,3,9,0,18,0,2,0,0,0,0,1,1,6,1,35,6,1988,1,17,-1,1,-1
2015460265130,4,9,0,18,0,2,0,0,0,0,1,1,6,1,26,6,2000,2,10,-1,1,-1
2015460265130,5,9,0,4,0,2,0,0,0,0,2,1,6,2,23,5,1229,1,6,-1,1,-1
2015460265133,1,9,0,18,0,0,2,0,0,0,1,1,6,1,49,8,1364,1,-1,-1,1,-1
2015460265135,1,9,0,9,0,6,0,0,0,0,1,1,6,2,66,10,-1,-1,-1,-1,-1,-1
2015460265135,2,97,0,18,0,8,0,0,0,0,1,1,6,1,18,4,-1,-1,-1,-1,-1,-1
2015460265136,1,9,0,18,0,0,0,0,0,0,1,1,6,1,26,6,1896,2,13,-1,1,-1
2015460265136,2,19,0,18,0,0,0,0,0,0,2,1,1,1,30,6,1995,2,2,-1,1,-1
2015460265136,3,9,0,18,0,0,0,0,0,0,2,1,6,2,21,5,1398,1,3,-1,1,-1
2015460265139,1,9,0,18,0,1,0,0,0,0,4,1,6,2,-1,-1,1997,1,16,-1,-1,-1
2015460265139,2,9,0,18,0,8,0,0,0,0,1,1,6,1,37,7,1910,2,8,-1,1,-1
2015460265139,3,9,0,2,0,1,0,0,0,0,1,1,6,1,-1,-1,2401,2,13,-1,1,-1
2015460265143,1,3,0,14,0,8,0,0,0,0,4,1,2,2,28,6,124,1,4,-1,3,-1
2015460265143,2,9,0,9,0,8,0,0,0,0,3,1,6,1,53,8,2401,2,7,-1,1,-1
2015460265146,1,9,0,18,0,0,0,0,0,0,1,1,6,1,73,10,1999,1,11,-1,1,-1
2015460265146,2,9,0,18,0,0,0,0,0,0,2,1,6,1,35,6,1598,2,2,-1,1,-1
2015460265151,1,9,0,9,0,1,0,0,0,0,4,1,6,1,70,10,2179,2,2,-1,2,-1
2015460265151,2,2,0,14,0,1,0,0,0,0,1,1,6,1,22,5,125,1,8,-1,1,-1
2015460265154,1,9,0,11,0,0,0,0,0,0,0,1,6,3,-1,-1,-1,-1,-1,-1,-1,-1
2015460265154,2,9,0,12,0,0,0,0,0,0,0,1,6,3,-1,-1,-1,-1,-1,-1,-1,-1
2015460265154,3,9,0,18,0,0,0,0,1,7,1,1,6,1,33,6,1229,1,5,-1,1,-1
2015460265154,4,9,0,18,0,0,0,0,4,6,2,1,6,1,25,5,-1,-1,-1,-1,1,-1
2015460265155,1,19,0,7,0,6,0,0,0,0,1,1,6,1,26,6,2402,2,4,-1,1,-1
2015460265155,2,3,0,18,0,8,0,0,0,0,2,1,6,1,32,6,125,1,3,-1,1,-1
2015460265155,3,9,0,18,0,1,0,0,0,0,1,1,6,3,-1,-1,-1,-1,-1,-1,-1,-1
2015460265159,1,9,0,7,0,0,0,0,0,0,4,1,6,3,-1,-1,1242,1,9,-1,-1,-1
2015460265159,2,1,0,18,0,0,0,0,0,0,1,1,6,1,46,8,-1,-1,-1,-1,1,-1
2015460265167,1,21,0,17,0,0,0,0,0,0,1,2,1,1,35,6,-1,-1,-1,-1,-1,-1
2015460265167,2,9,0,16,0,0,0,0,0,0,1,1,2,1,49,8,2495,2,19,-1,1,-1
2015460265169,1,19,0,18,0,0,0,0,4,0,1,1,1,1,54,8,1598,2,2,-1,2,-1
2015460265169,2,9,0,18,0,0,0,0,1,0,2,1,2,1,52,8,1598,1,12,-1,1,-1
2015460265171,1,21,0,18,0,0,0,0,0,0,0,1,6,3,-1,-1,-1,-1,-1,-1,-1,-1
2015460265171,2,9,0,18,0,0,0,0,4,6,1,1,6,2,38,7,1398,1,-1,-1,1,-1
2015460265171,3,9,0,18,0,0,0,0,0,0,1,1,6,2,26,6,1299,1,9,-1,1,-1
2015460265171,4,9,0,18,0,0,0,0,0,0,1,1,6,1,31,6,2696,2,9,-1,1,-1
2015460265173,1,9,0,18,0,1,0,0,0,0,1,1,6,2,-1,-1,1598,1,9,-1,1,-1
2015460265173,2,2,0,5,0,6,0,0,0,0,3,1,1,1,17,4,49,1,8,-1,1,-1
2015460265177,1,9,0,16,0,8,0,0,0,0,3,1,6,1,80,11,1797,8,2,-1,1,-1
2015460265177,2,21,0,17,0,8,0,0,0,0,3,1,1,1,46,8,12130,2,12,-1,-1,-1
2015460265188,1,9,0,3,0,0,0,0,0,0,1,1,6,1,31,6,1968,2,9,-1,3,-1
2015460265188,2,9,0,3,0,0,0,0,0,0,2,1,6,2,67,10,2171,1,13,-1,3,-1
2015460265189,1,9,0,16,0,0,0,0,7,0,1,1,6,1,43,7,1969,2,-1,-1,1,-1
2015460265189,2,9,0,17,0,0,0,0,1,0,1,1,6,1,54,8,1995,2,-1,-1,2,-1
2015460265192,1,9,0,9,0,1,0,0,0,0,4,1,1,1,-1,-1,1560,2,1,-1,-1,-1
2015460265195,1,9,0,7,0,1,2,0,1,0,1,1,6,1,25,5,2380,1,19,-1,-1,-1
2015460265195,2,9,0,7,0,1,0,0,0,0,0,1,1,1,40,7,1560,2,1,-1,2,-1
2015460265196,1,9,0,18,0,0,0,0,7,0,3,1,6,1,24,5,1896,2,12,-1,-1,-1
2015460265196,2,9,0,18,0,0,0,0,0,0,3,1,6,1,60,9,2926,2,9,-1,1,-1
2015460265198,1,9,0,4,0,0,1,0,0,0,1,1,6,2,22,5,998,1,10,-1,3,-1
2015460265198,2,9,0,4,0,0,0,0,0,0,2,1,6,1,58,9,-1,-1,-1,-1,1,-1
2015460265200,1,9,0,17,0,8,2,10,1,4,1,1,6,1,23,5,1560,2,10,-1,3,-1
2015460265205,1,9,0,9,0,6,0,0,0,0,1,1,6,3,-1,-1,-1,-1,-1,-1,-1,-1
2015460265205,2,1,0,9,0,6,0,0,0,0,2,1,6,2,26,6,-1,-1,-1,-1,1,-1
2015460265209,1,9,0,5,0,4,0,0,0,0,1,1,6,2,-1,-1,1968,2,2,-1,2,-1
2015460265209,2,2,0,18,0,8,0,0,0,0,4,1,6,1,16,4,48,1,22,-1,1,-1
2015460265210,1,9,0,9,0,6,0,0,0,0,1,1,1,1,61,9,1995,2,4,-1,1,-1
2015460265210,2,9,0,18,0,8,0,0,7,2,4,1,6,2,25,5,1199,1,11,-1,1,-1
2015460265211,1,9,0,3,0,1,0,0,0,0,1,1,6,1,83,11,1596,1,10,-1,1,-1
2015460265212,1,21,0,13,0,0,0,0,0,0,4,1,6,1,68,10,2664,2,12,-1,-1,-1
2015460265212,2,9,0,18,0,0,0,0,0,0,3,1,6,2,35,6,2184,2,8,-1,1,-1
2015460265214,1,9,0,18,0,8,0,0,0,0,3,1,6,3,-1,-1,2494,1,16,-1,-1,-1
2015460265214,2,9,0,9,0,8,0,0,0,0,3,1,6,1,55,8,1242,1,2,-1,1,-1