Accident_Index,Vehicle_Reference,Vehicle_Type,Towing_and_Articulation,Vehicle_Manoeuvre,Vehicle_Location-Restricted_Lane,Junction_Location,Skidding_and_Overturning,Hit_Object_in_Carriageway,Vehicle_Leaving_Carriageway,Hit_Object_off_Carriageway,1st_Point_of_Impact,Was_Vehicle_Left_Hand_Drive?,Journey_Purpose_of_Driver,Sex_of_Driver,Age_of_Driver,Age_Band_of_Driver,Engine_Capacity_(CC),Propulsion_Code,Age_of_Vehicle,Driver_IMD_Decile,Driver_Home_Area_Type,Vehicle_IMD_Decile
2015460266191,1,1,0,14,0,0,0,0,0,0,1,1,6,1,21,5,-1,-1,-1,-1,1,-1
2015460266192,1,9,0,18,0,0,0,0,0,0,1,1,6,1,82,11,1988,1,16,-1,1,-1
2015460266192,2,5,0,18,0,0,0,0,0,0,1,1,6,1,26,6,998,1,12,-1,1,-1
2015460266193,1,9,0,18,0,0,0,0,0,0,1,1,6,1,20,4,1229,1,10,-1,1,-1
2015460266194,1,9,0,18,0,1,0,0,4,0,1,1,6,1,74,10,2495,2,14,-1,3,-1
2015460266194,2,9,0,3,0,1,0,0,0,0,2,1,6,2,45,7,1388,1,6,-1,1,-1
2015460266194,3,9,0,3,0,1,0,0,0,0,2,1,6,2,37,7,2204,2,10,-1,-1,-1
2015460266195,1,9,0,18,0,1,0,0,0,0,4,1,6,1,42,7,-1,-1,-1,-1,-1,-1
2015460266196,1,1,0,4,0,0,0,0,0,0,0,1,6,1,61,9,-1,-1,-1,-1,1,-1
2015460266197,1,9,0,17,0,1,0,0,7,10,1,1,6,1,21,5,1229,1,3,-1,1,-1
2015460266198,1,9,0,18,0,0,0,0,1,1,1,1,6,2,70,10,1124,1,17,-1,1,-1
2015460266199,1,9,0,1,0,0,0,0,0,0,2,1,6,1,42,7,-1,-1,-1,-1,2,-1
2015460266200,1,9,0,18,0,0,0,4,0,0,1,1,2,1,48,8,-1,-1,-1,-1,1,-1
2015460266200,2,9,0,3,0,0,0,11,0,0,2,1,2,1,69,10,-1,-1,-1,-1,3,-1
2015460266200,3,9,0,3,0,0,0,0,0,0,2,1,2,1,31,6,1997,2,1,-1,1,-1
2015460266201,1,19,0,18,0,0,0,0,0,0,0,1,1,2,30,6,-1,-1,-1,-1,2,-1
2015471500005,1,9,0,16,0,0,1,7,0,11,1,1,6,1,22,5,-1,-1,-1,-1,1,-1
2015471500005,2,9,0,2,9,0,0,0,0,0,0,1,6,3,-1,-1,1242,1,5,-1,-1,-1
2015471500005,3,9,0,2,9,0,0,0,0,0,0,1,6,3,-1,-1,1587,1,9,-1,-1,-1
2015471500005,4,9,0,2,9,0,0,0,0,0,0,1,6,3,-1,-1,1364,1,6,-1,-1,-1
2015471500005,5,9,0,2,9,0,0,0,0,0,0,1,6,3,-1,-1,1560,2,8,-1,-1,-1
2015471500007,1,9,0,18,0,0,0,0,0,0,1,1,6,1,24,5,-1,-1,-1,-1,1,-1
2015471500007,2,9,0,2,0,0,0,0,0,0,4,1,6,3,-1,-1,-1,-1,-1,-1,-1,-1
2015471500007,3,9,0,2,0,0,0,0,0,0,2,1,6,3,-1,-1,1596,1,14,-1,-1,-1
2015471500007,4,9,0,2,0,0,0,0,0,0,2,1,6,3,-1,-1,-1,-1,-1,-1,-1,-1
2015471500007,5,9,0,2,0,0,0,0,0,0,1,1,6,3,-1,-1,-1,-1,-1,-1,-1,-1
2015471500007,6,9,0,2,0,0,0,0,0,0,1,1,6,3,-1,-1,2987,2,5,-1,-1,-1
2015471500007,7,9,0,2,0,0,0,0,0,0,3,1,6,3,-1,-1,1896,2,8,-1,-1,-1
2015471500007,8,9,0,2,0,0,0,0,0,0,1,1,6,3,-1,-1,1422,2,8,-1,-1,-1
2015471500008,1,8,0,5,0,0,0,0,0,0,4,1,1,1,47,8,1999,2,8,-1,1,-1
2015471500009,1,9,0,18,0,8,0,0,0,0,1,1,6,1,23,5,2521,1,8,-1,1,-1
2015471500009,2,1,0,18,0,8,0,7,0,1,4,1,6,1,23,5,-1,-1,-1,-1,-1,-1
2015471500010,1,9,0,18,0,0,2,0,1,4,1,1,6,1,19,4,-1,-1,-1,-1,1,-1
2015471500010,2,9,0,18,0,0,0,0,0,0,2,1,6,2,20,4,1298,1,13,-1,1,-1
2015471500010,3,9,0,18,0,0,0,0,0,0,1,1,6,1,67,10,2429,1,12,-1,3,-1
2015471500019,1,9,0,18,0,0,0,0,7,0,4,1,6,1,54,8,1560,2,7,-1,1,-1
2015471500019,2,9,0,18,0,0,0,0,0,0,3,1,2,1,43,7,1390,2,12,-1,1,-1
2015471500022,1,9,0,1,0,2,0,0,0,0,0,1,6,1,26,6,1360,1,11,-1,1,-1
2015471500026,1,9,0,9,0,8,0,0,0,0,1,1,6,1,39,7,-1,-1,-1,-1,1,-1
2015471500026,2,9,0,17,0,1,0,0,0,0,1,1,6,2,59,9,1948,1,17,-1,2,-1
2015471500027,1,9,0,13,0,0,0,0,7,10,4,1,6,1,44,7,2993,2,3,-1,1,-1
2015471500027,2,90,0,18,0,0,0,0,0,0,3,1,1,2,43,7,2987,2,5,-1,1,-1
2015471500027,3,9,0,18,0,0,0,0,0,0,3,1,6,2,21,5,1242,1,17,-1,1,-1
2015471500028,1,9,0,1,0,1,0,0,0,0,2,1,6,1,35,6,1560,2,2,-1,-1,-1
2015471500028,2,9,0,18,0,1,0,0,0,0,0,1,6,1,30,6,-1,-1,-1,-1,-1,-1
2015471500029,1,9,0,18,0,0,0,0,0,0,1,1,1,2,23,5,1598,2,3,-1,1,-1
2015471500029,2,9,0,4,0,0,0,0,0,0,2,1,6,2,22,5,1896,2,6,-1,1,-1
2015471500031,1,9,0,18,0,8,0,0,0,0,1,1,6,1,17,4,-1,-1,-1,-1,1,-1
2015471500031,2,9,0,4,0,8,0,0,0,0,2,1,6,1,39,7,1998,1,11,-1,1,-1
2015471500036,1,9,0,16,0,7,1,0,0,7,1,1,2,2,32,6,-1,-1,-1,-1,1,-1
2015471500039,1,9,0,18,0,8,2,0,2,7,1,1,6,2,46,8,2204,2,4,-1,1,-1
2015471500046,1,9,0,5,0,2,0,0,0,0,1,1,6,1,68,10,1896,2,15,-1,1,-1
2015471500046,2,8,0,18,0,1,0,0,0,0,4,1,1,1,45,7,1497,8,6,-1,1,-1
2015471500048,1,9,0,18,0,1,0,0,0,0,1,1,6,1,39,7,1598,1,11,-1,2,-1
2015471500048,2,9,0,10,0,1,0,0,0,0,2,1,6,2,47,8,1596,1,10,-1,3,-1
2015471500051,1,9,0,3,0,8,0,0,3,7,4,1,6,2,20,4,1329,1,3,-1,1,-1
2015471500051,2,9,0,18,0,8,0,0,0,0,1,1,6,2,42,7,1587,1,10,-1,1,-1
2015471500051,3,9,0,18,0,8,0,0,0,0,1,1,6,2,65,9,-1,-1,-1,-1,1,-1
2015471500051,4,9,0,10,0,1,0,0,0,0,1,1,6,1,39,7,1910,2,9,-1,1,-1
2015471500053,1,9,0,18,0,0,0,0,1,11,4,1,6,1,58,9,-1,-1,-1,-1,2,-1
2015471500054,1,9,0,4,0,1,0,10,1,1,1,1,1,1,32,6,-1,-1,-1,-1,1,-1
2015471500054,2,9,0,18,0,1,0,0,0,0,0,1,6,3,30,6,-1,-1,-1,-1,-1,-1
2015471500055,1,9,0,9,0,8,0,0,0,0,4,1,2,1,35,6,1968,2,9,-1,1,-1
2015471500056,1,9,0,18,0,0,0,0,1,10,4,1,6,1,53,8,1997,2,13,-1,3,-1
2015471500057,1,9,0,18,0,0,0,0,0,0,1,1,6,2,41,7,-1,-1,-1,-1,3,-1
2015471500057,2,9,0,2,0,0,0,0,0,0,1,1,6,3,-1,-1,1984,1,15,-1,-1,-1
2015471500058,1,9,0,18,0,3,1,10,0,0,1,1,6,1,75,10,3200,1,12,-1,1,-1
2015471500058,2,9,0,7,0,8,0,0,0,0,3,1,6,2,38,7,2000,1,7,-1,1,-1
2015471500060,1,9,0,17,0,2,5,0,1,1,1,1,6,1,24,5,-1,-1,-1,-1,1,-1
2015471500061,1,19,0,16,6,0,0,0,0,0,0,1,2,1,57,9,2184,2,15,-1,1,-1
2015471500062,1,9,0,18,0,0,0,0,0,0,1,1,6,2,54,8,1995,2,2,-1,1,-1
2015471500062,2,9,0,4,0,0,-1,0,0,0,2,1,6,1,42,7,4172,1,18,-1,1,-1
2015471500062,3,9,0,4,0,0,0,0,0,0,2,1,6,1,55,8,2495,2,21,-1,3,-1
2015471500064,1,21,0,9,0,1,0,0,0,0,1,1,1,1,56,9,-1,-1,-1,-1,3,-1
2015471500064,2,9,0,18,0,1,0,0,0,0,1,1,2,1,30,6,-1,-1,-1,-1,1,-1
2015471500066,1,9,0,4,0,0,0,0,0,0,1,1,3,2,39,7,2143,2,2,-1,1,-1
2015471500066,2,9,0,4,0,0,0,0,0,0,2,1,3,2,43,7,1995,2,10,-1,1,-1
2015471500066,3,9,0,4,0,0,0,0,0,0,2,1,2,1,39,7,1560,2,5,-1,1,-1
2015471500068,1,19,0,5,0,6,0,0,0,0,1,1,1,1,34,6,2143,2,5,-1,1,-1
2015471500068,2,9,0,18,0,8,0,0,0,0,3,1,6,2,28,6,1973,1,14,-1,1,-1
2015471500071,1,1,0,9,5,8,0,0,0,0,1,1,6,1,42,7,-1,-1,-1,-1,1,-1
2015471500071,2,1,0,18,5,8,0,0,0,0,0,1,6,2,64,9,-1,-1,-1,-1,1,-1
2015471500072,1,9,0,7,0,8,0,0,0,0,1,1,6,2,53,8,1198,1,6,-1,1,-1
2015471500072,2,9,0,18,0,2,0,0,0,0,2,1,6,2,24,5,1242,1,4,-1,1,-1
2015471500073,1,11,0,18,0,8,0,0,0,0,1,1,1,2,48,8,4500,2,6,-1,1,-1
2015471500075,1,9,0,5,0,0,0,4,7,10,0,1,6,2,72,10,-1,-1,-1,-1,1,-1
2015471500075,2,9,0,2,0,0,0,0,0,0,2,1,6,3,-1,-1,-1,-1,-1,-1,-1,-1
2015471500075,3,9,0,2,0,0,0,0,0,0,3,1,6,3,-1,-1,1598,2,3,-1,-1,-1
2015471500076,1,9,0,9,0,1,0,0,0,0,3,1,6,1,55,8,1368,1,8,-1,1,-1
2015471500076,2,5,0,18,0,6,1,0,0,0,1,1,2,1,31,6,1255,1,7,-1,1,-1
2015471500077,1,19,0,16,0,1,1,0,0,0,1,1,1,1,21,5,2198,2,3,-1,1,-1
2015471500077,2,9,0,4,0,1,0,0,0,0,2,1,1,2,40,7,-1,-1,-1,-1,1,-1
2015471500077,3,9,0,18,0,1,0,0,0,0,2,1,1,2,46,8,1596,1,4,-1,2,-1
2015471500077,4,9,0,4,6,1,0,0,0,0,0,1,1,1,45,7,1910,2,10,-1,3,-1
2015471500077,5,9,0,4,0,5,0,0,0,0,0,1,6,3,-1,-1,-1,-1,-1,-1,-1,-1
2015471500078,1,19,0,5,0,8,0,0,0,0,1,1,6,1,53,8,2402,2,8,-1,1,-1
2015471500078,2,5,0,18,0,8,0,0,0,0,1,1,6,1,52,8,998,1,12,-1,1,-1
2015471500079,1,9,0,18,0,0,0,0,0,2,1,1,6,1,84,11,-1,-1,-1,-1,1,-1
2015471500083,1,9,0,9,0,8,0,0,0,0,1,1,6,2,23,5,-1,-1,-1,-1,3,-1
2015471500083,2,19,0,18,0,1,0,0,0,0,1,1,1,1,38,7,2464,2,7,-1,3,-1
2015471500084,1,9,0,18,0,2,0,0,0,0,1,1,6,1,50,8,1997,1,2,-1,1,-1
2015471500084,2,9,0,9,0,2,0,0,0,0,3,1,6,1,57,9,1997,2,14,-1,1,-1
2015471500086,1,9,0,18,0,0,0,0,0,0,1,1,6,1,24,5,2171,2,16,-1,3,-1
2015471500086,2,9,0,18,0,0,0,0,0,0,1,1,6,2,47,8,1999,1,13,-1,3,-1
2015471500088,1,19,0,5,0,0,0,0,0,0,3,1,6,1,49,8,2148,2,7,-1,1,-1
2015471500089,1,9,0,18,0,0,0,0,0,0,1,1,1,2,23,5,1560,2,2,-1,1,-1
2015471500090,1,9,0,18,0,0,0,0,0,0,1,1,6,1,44,7,-1,-1,-1,-1,1,-1
2015471500090,2,9,0,18,0,0,0,0,4,0,2,1,6,2,32,6,1198,1,7,-1,1,-1
2015471500091,1,9,0,1,0,0,0,0,0,0,2,1,6,2,75,10,1598,1,3,-1,1,-1
2015471500091,2,9,0,2,0,0,0,0,0,0,1,1,6,3,-1,-1,-1,-1,-1,-1,-1,-1
2015471500091,3,19,0,2,0,0,0,0,0,0,2,1,6,3,-1,-1,2402,2,9,-1,-1,-1
2015471500092,1,9,0,9,0,6,0,0,0,0,3,1,6,1,37,7,-1,-1,-1,-1,1,-1
2015471500092,2,3,0,18,0,1,0,0,0,0,1,1,6,1,25,5,125,1,3,-1,1,-1
2015471500093,1,9,0,18,0,1,1,0,0,0,1,1,1,2,25,5,-1,-1,-1,-1,1,-1
2015471500093,2,19,0,10,0,5,0,0,0,0,2,1,1,1,51,8,1686,2,6,-1,1,-1
2015471500095,1,9,0,18,0,0,0,0,1,3,1,1,2,1,23,5,-1,-1,-1,-1,3,-1
2015471500098,1,9,0,16,0,0,5,0,1,11,3,1,2,1,32,6,998,1,6,-1,3,-1
2015471500100,1,9,0,18,0,0,1,0,1,4,1,1,1,2,54,8,-1,-1,-1,-1,3,-1
2015471500101,1,9,0,18,0,1,0,0,0,0,1,1,6,1,43,7,-1,-1,-1,-1,2,-1
2015471500101,2,9,0,10,0,1,0,0,0,0,2,1,6,1,27,6,1149,1,2,-1,1,-1
2015471500103,1,9,0,5,9,2,0,0,0,0,0,1,6,3,-1,-1,-1,-1,-1,-1,-1,-1
2015471500103,2,9,0,18,0,1,1,10,0,11,2,1,1,1,41,7,1988,1,11,-1,1,-1
2015471500106,1,19,0,18,0,1,0,0,0,0,2,1,1,1,49,8,2198,2,2,-1,1,-1
2015471500106,2,9,0,2,0,1,0,0,1,0,2,1,6,3,-1,-1,2000,2,14,-1,-1,-1
2015471500107,1,9,0,9,0,5,0,0,0,0,4,1,2,2,49,8,2148,2,5,-1,1,-1
2015471500107,2,1,0,18,0,1,0,0,0,0,1,1,2,1,51,8,-1,-1,-1,-1,1,-1
2015471500110,1,3,0,18,0,0,0,0,0,0,1,1,6,1,24,5,123,1,1,-1,1,-1
2015471500113,1,9,0,9,0,5,0,0,0,0,4,1,6,1,45,7,1560,2,2,-1,1,-1
2015471500113,2,3,0,18,0,1,1,0,0,0,1,1,6,1,17,4,124,1,6,-1,1,-1
2015471500120,1,9,0,4,0,0,0,0,0,0,1,1,4,2,33,6,-1,-1,-1,-1,2,-1
2015471500120,2,9,0,4,0,0,0,0,0,0,2,1,4,1,35,6,1598,1,16,-1,-1,-1
2015471500121,1,9,0,18,0,0,0,0,0,0,1,1,6,2,89,11,-1,-1,-1,-1,2,-1
2015471500121,2,9,0,3,0,0,0,0,0,0,2,1,6,2,66,10,1388,1,3,-1,1,-1
2015471500121,3,19,0,3,0,0,0,0,0,0,2,1,1,1,47,8,2198,2,3,-1,1,-1
2015471500122,1,9,0,9,0,8,0,0,0,0,1,1,1,1,27,6,1968,2,1,-1,1,-1
2015471500122,2,19,0,18,0,6,0,0,0,0,1,1,1,1,26,6,1995,2,3,-1,1,-1
2015471500122,3,9,0,8,0,6,0,0,0,0,1,1,1,2,46,8,1587,1,9,-1,1,-1
2015471500124,1,9,0,18,0,0,1,0,4,6,1,1,6,1,38,7,2497,1,13,-1,1,-1
2015471500125,1,9,0,4,0,1,1,0,0,0,1,1,6,2,31,6,-1,-1,-1,-1,1,-1
2015471500125,2,9,0,4,0,1,0,0,0,0,2,1,6,1,28,6,1968,2,10,-1,1,-1
2015471500126,1,9,0,9,0,1,0,0,0,0,1,1,6,1,19,4,-1,-1,-1,-1,1,-1
2015471500126,2,9,0,18,0,8,0,0,0,0,1,1,6,2,45,7,1799,1,9,-1,1,-1
2015471500127,1,9,0,18,0,0,1,0,0,0,1,1,6,1,21,5,-1,-1,-1,-1,1,-1
2015471500127,2,9,0,3,0,0,0,0,0,0,2,1,6,2,59,9,1390,1,4,-1,3,-1
2015471500127,3,9,0,3,0,0,0,0,0,0,2,1,6,1,25,5,1910,2,14,-1,1,-1
2015471500128,1,9,0,9,0,5,0,0,0,0,1,1,6,2,29,6,1560,2,7,-1,1,-1
2015471500128,2,1,0,18,0,8,0,0,0,0,3,1,6,1,32,6,-1,-1,-1,-1,1,-1
2015471500131,1,9,0,18,0,0,0,0,0,0,4,1,6,3,-1,-1,-1,-1,-1,-1,-1,-1
2015471500131,2,9,0,2,0,0,0,0,0,0,0,1,3,2,44,7,-1,-1,-1,-1,1,-1
2015471500132,1,5,0,18,0,3,0,0,0,0,4,1,6,1,78,11,1157,1,15,-1,1,-1
2015471500135,1,9,0,9,0,8,0,0,0,0,1,1,6,1,21,5,1149,1,9,-1,1,-1
2015471500135,2,1,0,18,4,8,0,0,0,0,1,1,6,1,55,8,-1,-1,-1,-1,1,-1
2015471500135,3,11,0,3,2,1,0,0,0,0,0,1,1,1,50,8,-1,-1,-1,-1,-1,-1
2015471500137,1,9,0,18,0,0,0,12,0,0,1,1,6,2,59,9,1390,1,12,-1,3,-1
2015471500138,1,9,0,18,0,6,0,0,0,0,1,1,6,1,54,8,-1,-1,-1,-1,1,-1
2015471500138,2,1,0,18,0,1,0,0,0,0,1,1,6,2,49,8,-1,-1,-1,-1,1,-1
2015471500139,1,19,0,18,0,1,0,0,0,0,1,1,2,1,40,7,2198,2,1,-1,1,-1
2015471500139,2,9,0,3,0,1,0,0,0,0,2,1,6,2,40,7,-1,-1,-1,-1,3,-1
2015471500139,3,9,0,3,0,1,0,0,0,0,2,1,6,1,35,6,1587,1,13,-1,1,-1
2015471500139,4,9,0,10,0,1,0,0,0,0,0,1,6,1,32,6,1598,1,9,-1,1,-1
2015471500140,1,9,0,5,0,1,0,0,0,0,0,1,6,1,40,7,-1,-1,-1,-1,-1,-1
2015471500140,2,11,0,5,0,1,0,0,0,0,0,1,6,1,50,8,9000,2,8,-1,1,-1
2015471500141,1,1,0,18,0,0,0,0,0,0,0,1,1,1,36,7,-1,-1,-1,-1,1,-1
2015471500142,1,9,0,18,0,1,0,0,0,0,1,1,6,2,-1,-1,-1,-1,-1,-1,-1,-1
2015471500142,2,11,0,2,0,2,0,0,0,0,0,1,4,3,-1,-1,-1,-1,-1,-1,-1,-1
2015471500143,1,19,0,18,0,0,5,10,4,10,1,1,1,2,23,5,-1,-1,-1,-1,1,-1
2015471500144,1,9,0,18,0,0,0,0,0,0,1,1,6,1,74,10,1598,1,10,-1,1,-1
2015471500145,1,9,0,5,0,8,0,0,0,0,3,1,6,2,41,7,-1,-1,-1,-1,1,-1
2015471500145,2,9,0,18,0,8,0,0,1,10,4,1,6,2,20,4,-1,-1,-1,-1,1,-1
2015471500147,1,9,0,9,0,5,1,0,0,0,1,1,6,1,77,11,-1,-1,-1,-1,1,-1
2015471500147,2,9,0,18,0,1,0,0,0,0,1,1,6,2,34,6,1596,1,4,-1,1,-1
2015471500147,3,9,0,18,0,1,0,0,0,0,1,1,2,1,50,8,1388,1,13,-1,3,-1
2015471500148,1,9,0,7,0,0,0,0,0,0,1,1,6,1,40,7,1560,2,1,-1,1,-1
2015471500148,2,1,0,18,0,0,0,0,0,0,1,1,2,1,50,8,-1,-1,-1,-1,1,-1
2015471500149,1,9,0,9,0,6,0,0,0,0,3,1,6,2,41,7,1388,1,9,-1,1,-1
2015471500149,2,9,0,18,0,1,0,0,0,0,1,1,6,1,47,8,-1,-1,-1,-1,1,-1
2015471500150,1,9,0,18,0,0,5,4,0,0,1,1,6,2,86,11,998,1,5,-1,1,-1
2015471500150,2,9,0,2,0,0,0,0,0,0,2,1,6,3,-1,-1,1242,1,1,-1,-1,-1
2015471500152,1,9,0,18,0,0,2,0,1,10,1,1,2,2,43,7,-1,-1,-1,-1,2,-1
2015471500154,1,9,0,18,0,8,0,0,0,0,1,1,6,1,73,10,2521,1,11,-1,3,-1
2015471500154,2,9,0,9,0,8,0,0,0,0,4,1,6,2,34,6,-1,-1,-1,-1,3,-1
2015471500155,1,9,0,9,0,6,0,0,0,0,1,1,1,1,56,9,1686,2,2,-1,1,-1
2015471500155,2,9,0,18,0,8,0,0,0,0,1,1,6,2,53,8,1498,1,5,-1,1,-1
2015471500156,1,9,0,15,0,0,0,0,0,0,1,1,6,3,-1,-1,1364,1,7,-1,-1,-1
2015471500156,2,1,0,18,0,0,0,0,0,0,2,1,6,1,30,6,-1,-1,-1,-1,1,-1
2015471500157,1,9,0,18,0,0,0,0,0,0,1,1,6,2,84,11,1299,1,10,-1,3,-1
2015471500157,2,9,0,4,0,0,0,0,0,0,2,1,6,1,87,11,2960,1,25,-1,3,-1
2015471500158,1,19,0,5,0,8,0,0,0,0,4,1,1,1,29,6,1399,2,5,-1,1,-1
2015471500160,1,9,0,18,0,4,0,0,0,0,1,1,6,1,72,10,1796,1,10,-1,1,-1
2015471500160,2,1,0,18,0,8,0,0,0,0,4,1,6,2,34,6,-1,-1,-1,-1,1,-1
2015471500161,1,20,0,18,0,0,0,0,0,0,1,1,6,1,34,6,10837,2,3,-1,1,-1
2015471500161,2,9,0,18,0,0,0,0,0,0,2,1,2,2,28,6,1388,1,11,-1,1,-1
2015471500163,1,9,0,18,0,2,0,0,0,0,1,1,6,2,22,5,1242,1,12,-1,1,-1
2015471500166,1,20,0,18,0,0,0,0,0,0,1,1,1,1,41,7,-1,-1,-1,-1,1,-1
2015471500166,2,20,0,9,0,0,0,0,0,0,2,1,1,1,29,6,-1,-1,-1,-1,1,-1
2015471500167,1,9,0,9,0,6,0,0,0,0,3,1,6,1,29,6,-1,-1,-1,-1,-1,-1
2015471500167,2,3,0,18,0,8,0,0,0,0,1,1,6,1,19,4,124,1,3,-1,1,-1
2015471500170,1,9,0,9,0,8,0,0,0,0,3,1,1,1,60,9,1591,1,3,-1,1,-1
2015471500170,2,3,0,13,0,8,0,0,7,4,1,1,2,1,32,6,124,1,11,-1,1,-1
2015471500171,1,9,0,18,0,7,0,0,0,0,1,1,1,1,38,7,1968,2,5,-1,3,-1
2015471500171,2,9,0,3,0,7,0,0,0,0,2,1,6,2,76,11,-1,-1,-1,-1,1,-1
2015471500172,1,9,0,18,0,0,1,0,1,4,1,1,1,1,71,10,4966,1,10,-1,3,-1
2015471500174,1,3,0,18,0,0,0,0,0,0,4,1,6,2,50,8,125,1,1,-1,1,-1
2015471500177,1,8,0,18,0,0,0,0,0,0,2,1,6,3,-1,-1,-1,-1,-1,-1,-1,-1
2015471500179,1,9,0,18,0,1,1,0,0,0,1,2,6,1,22,5,-1,-1,-1,-1,1,-1
2015471500179,2,19,0,10,0,1,0,0,0,0,2,1,1,1,56,9,2198,2,8,-1,1,-1
2015471500180,1,9,0,9,0,8,0,0,0,1,4,1,6,2,17,4,998,1,5,-1,1,-1
2015471500180,2,9,0,18,0,8,0,0,0,0,1,1,6,2,79,11,-1,-1,-1,-1,1,-1
2015471500181,1,5,0,17,0,1,1,0,1,0,1,1,6,1,35,6,645,1,13,-1,3,-1
2015471500181,2,9,0,18,0,1,0,0,0,0,4,1,6,1,59,9,1984,1,5,-1,3,-1
2015471500182,1,9,0,18,0,1,0,0,0,0,1,1,6,2,40,7,1596,1,16,-1,1,-1
2015471500182,2,9,0,17,0,8,0,0,0,0,4,1,6,1,18,4,-1,-1,-1,-1,1,-1
2015471500183,1,1,0,18,5,1,0,0,0,0,4,1,2,1,54,8,-1,-1,-1,-1,1,-1
2015471500183,2,9,0,18,0,2,0,0,0,0,4,1,6,1,24,5,1896,2,17,-1,1,-1
2015471500184,1,9,0,18,0,3,0,0,0,0,3,1,1,2,58,9,1198,1,11,-1,2,-1
2015471500185,1,9,0,18,0,0,0,0,7,2,1,1,6,1,40,7,-1,-1,-1,-1,1,-1
2015471500185,2,19,0,18,0,0,0,0,0,0,3,1,2,1,41,7,2402,2,12,-1,2,-1
2015471500189,1,9,0,9,0,6,0,0,0,0,1,1,6,1,57,9,1398,1,4,-1,1,-1
2015471500189,2,5,0,18,0,8,0,0,0,0,1,1,6,1,30,6,599,1,22,-1,1,-1
2015471500190,1,9,0,9,0,6,0,0,0,0,1,1,6,2,42,7,-1,-1,-1,-1,1,-1
2015471500190,2,5,0,18,0,1,1,0,0,0,1,1,6,1,22,5,599,1,18,-1,1,-1
2015471500191,1,8,0,18,0,2,0,0,0,0,1,1,1,1,44,7,1598,2,4,-1,1,-1
2015471500193,1,9,0,4,0,6,0,10,3,11,1,1,6,1,20,4,-1,-1,-1,-1,1,-1
2015471500194,1,9,0,9,0,6,0,0,0,0,3,1,6,2,46,8,1461,2,6,-1,1,-1
2015471500194,2,9,0,18,0,1,0,0,0,0,1,1,6,2,49,8,-1,-1,-1,-1,1,-1
2015471500195,1,9,0,18,0,0,0,0,0,0,3,1,6,1,46,8,1994,2,7,-1,1,-1
2015471500196,1,8,0,18,0,0,0,4,0,0,1,1,1,1,52,8,1598,2,4,-1,1,-1
2015471500196,2,9,0,2,0,0,0,0,0,0,2,1,6,1,44,7,-1,-1,-1,-1,3,-1
2015471500197,1,11,0,18,0,1,0,0,0,0,1,1,1,1,52,8,9360,2,3,-1,1,-1
2015471500198,1,9,0,18,0,0,1,0,0,0,1,1,2,2,58,9,1497,1,15,-1,1,-1
2015471500199,1,1,0,9,0,6,0,0,0,0,1,1,6,2,22,5,-1,-1,-1,-1,1,-1
2015471500199,2,9,0,18,0,1,0,0,0,0,3,1,6,2,23,5,998,1,9,-1,1,-1
2015471500201,1,9,0,18,0,8,0,0,0,0,1,1,6,1,45,7,-1,-1,-1,-1,-1,-1
2015471500202,1,9,0,16,0,0,1,0,8,4,1,1,6,1,30,6,-1,-1,-1,-1,1,-1
2015471500208,1,9,0,9,0,6,0,0,0,0,1,1,6,3,-1,-1,-1,-1,-1,-1,-1,-1
2015471500208,2,9,0,18,0,8,0,0,0,0,3,1,6,1,51,8,1970,1,19,-1,1,-1
2015471500211,1,2,0,18,0,1,0,0,0,0,0,1,2,2,39,7,49,1,3,-1,1,-1
2015471500216,1,9,0,9,0,8,0,0,0,0,1,1,6,2,71,10,-1,-1,-1,-1,1,-1
2015471500216,2,9,0,18,0,1,0,0,1,10,1,1,6,2,36,7,1242,1,5,-1,1,-1
2015471500217,1,9,0,9,0,6,0,0,0,0,3,1,6,1,22,5,1596,1,8,-1,1,-1
2015471500217,2,3,0,18,0,1,1,0,0,0,1,1,6,1,19,4,125,1,15,-1,1,-1
2015471500218,1,19,0,18,0,8,0,0,0,0,1,1,1,1,21,5,2287,2,3,-1,1,-1
2015471500218,2,9,0,9,0,8,1,0,0,0,4,1,6,2,31,6,-1,-1,-1,-1,1,-1
2015471500218,3,11,0,7,0,8,0,0,0,0,1,1,1,1,40,7,-1,-1,-1,-1,1,-1
2015471500219,1,9,0,2,0,1,0,0,0,0,1,1,1,1,42,7,1299,1,15,-1,1,-1
2015471500219,2,1,0,18,0,1,0,0,0,0,1,1,2,1,42,7,-1,-1,-1,-1,1,-1
2015471500220,1,9,0,18,0,1,0,7,0,0,1,1,6,1,83,11,1388,1,9,-1,1,-1
2015471500221,1,19,0,18,0,1,1,0,0,0,1,1,6,3,30,6,-1,-1,-1,-1,-1,-1
2015471500221,2,9,0,3,0,8,0,0,0,0,2,1,1,2,49,8,2000,1,8,-1,2,-1
2015471500222,1,9,0,17,0,0,0,0,2,4,1,1,6,2,22,5,1242,1,6,-1,1,-1
2015471500223,1,9,0,18,0,4,0,0,0,0,0,1,1,1,80,11,1840,1,16,-1,2,-1
2015471500225,1,9,0,6,0,0,0,0,0,0,3,1,1,1,53,8,-1,-1,-1,-1,1,-1