Accident_Index,Vehicle_Reference,Vehicle_Type,Towing_and_Articulation,Vehicle_Manoeuvre,Vehicle_Location-Restricted_Lane,Junction_Location,Skidding_and_Overturning,Hit_Object_in_Carriageway,Vehicle_Leaving_Carriageway,Hit_Object_off_Carriageway,1st_Point_of_Impact,Was_Vehicle_Left_Hand_Drive?,Journey_Purpose_of_Driver,Sex_of_Driver,Age_of_Driver,Age_Band_of_Driver,Engine_Capacity_(CC),Propulsion_Code,Age_of_Vehicle,Driver_IMD_Decile,Driver_Home_Area_Type,Vehicle_IMD_Decile
2015471500225,2,9,0,18,0,0,0,0,0,4,1,1,1,1,33,6,1896,2,13,-1,1,-1
2015471500227,1,9,0,18,0,5,0,0,0,0,0,1,6,1,20,4,1299,1,16,-1,1,-1
2015471500227,2,2,0,18,0,1,0,0,0,0,3,1,4,2,16,4,50,1,1,-1,1,-1
2015471500230,1,9,0,18,0,1,1,0,0,0,1,1,6,2,21,5,-1,-1,-1,-1,1,-1
2015471500230,2,9,0,18,0,8,0,0,7,0,4,1,6,1,65,9,1560,2,2,-1,1,-1
2015471500233,1,9,0,18,0,0,0,0,0,0,1,1,6,2,20,4,1598,1,1,-1,1,-1
2015471500233,2,9,0,18,0,0,0,0,0,0,2,1,6,1,55,8,1360,1,9,-1,1,-1
2015471500233,3,9,0,18,0,0,0,0,0,0,2,1,6,1,57,9,1598,2,4,-1,1,-1
2015471500234,1,5,0,17,0,0,0,0,0,0,1,1,2,1,31,6,599,1,15,-1,3,-1
2015471500234,2,9,0,17,0,0,0,0,0,0,2,1,1,1,41,7,1995,2,1,-1,3,-1
2015471500235,1,9,0,9,0,5,0,0,0,0,1,1,6,2,67,10,1396,1,11,-1,1,-1
2015471500236,1,19,0,18,0,0,0,0,0,0,1,1,1,1,29,6,1560,2,2,-1,1,-1
2015471500236,2,9,0,3,0,0,0,0,0,0,2,1,6,2,42,7,2993,2,3,-1,1,-1
2015471500237,1,9,0,18,0,0,5,10,0,2,1,1,6,1,58,9,-1,-1,-1,-1,1,-1
2015471500245,1,19,0,9,0,6,0,0,0,0,1,1,1,1,35,6,2402,2,5,-1,1,-1
2015471500245,2,5,0,18,0,8,0,0,0,0,1,1,6,1,21,5,599,1,18,-1,1,-1
2015471500246,1,9,0,18,0,0,0,0,0,0,1,1,6,1,61,9,1796,1,2,-1,1,-1
2015471500246,2,9,0,2,0,0,0,0,0,0,3,1,6,2,43,7,1560,2,9,-1,1,-1
2015471500250,1,9,0,9,0,1,0,0,0,0,3,1,6,1,36,7,-1,-1,-1,-1,2,-1
2015471500250,2,9,0,18,0,1,0,0,0,0,4,1,6,1,54,8,1968,1,6,-1,2,-1
2015471500251,1,9,0,9,0,6,1,0,0,0,1,1,6,1,39,7,1896,2,8,-1,1,-1
2015471500252,1,9,0,18,0,8,0,0,7,0,4,1,6,2,18,4,1242,1,6,-1,1,-1
2015471500252,2,9,0,18,0,8,0,0,0,0,1,1,2,1,48,8,-1,-1,-1,-1,1,-1
2015471500252,3,9,0,2,9,2,0,0,0,0,2,1,6,3,-1,-1,1753,2,13,-1,-1,-1
2015471500255,1,9,0,9,0,2,0,0,0,0,1,1,2,2,41,7,998,1,9,-1,1,-1
2015471500256,1,9,0,18,0,0,0,0,0,0,1,1,2,1,26,6,1360,1,11,-1,1,-1
2015471500258,1,9,0,18,0,0,2,0,8,10,3,1,6,2,23,5,1598,1,9,-1,1,-1
2015471500259,1,9,0,5,0,1,0,0,0,0,1,1,6,3,50,8,-1,-1,-1,-1,-1,-1
2015471500259,2,3,0,18,0,1,0,0,0,0,1,1,6,1,30,6,-1,-1,-1,-1,1,-1
2015471500260,1,19,0,9,0,5,0,0,0,0,1,1,6,1,35,6,2402,2,8,-1,-1,-1
2015471500260,2,9,0,18,0,8,0,0,0,0,3,1,6,2,29,6,1796,1,13,-1,1,-1
2015471500261,1,9,0,18,0,0,1,0,1,4,1,1,2,1,42,7,1870,2,10,-1,1,-1
2015471500262,1,9,0,18,0,0,0,0,0,0,1,1,6,2,86,11,-1,-1,-1,-1,1,-1
2015471500262,2,19,0,2,0,0,0,0,0,0,2,1,1,1,56,9,-1,-1,-1,-1,1,-1
2015471500263,1,9,0,9,0,8,0,0,0,0,3,1,6,3,-1,-1,1242,1,11,-1,-1,-1
2015471500263,2,5,0,18,0,1,0,0,0,0,3,1,2,2,46,8,599,1,7,-1,1,-1
2015471500264,1,21,1,18,0,1,0,0,0,0,1,1,1,1,45,7,10677,2,1,-1,1,-1
2015471500264,2,9,0,3,0,1,0,0,0,0,2,1,6,1,24,5,1390,1,2,-1,1,-1
2015471500264,3,9,0,15,0,1,0,0,0,0,0,1,2,2,56,9,1364,1,6,-1,1,-1
2015471500264,4,19,0,2,0,1,0,0,0,0,0,1,6,1,37,7,2287,2,8,-1,2,-1
2015471500265,1,19,0,18,0,0,0,0,0,0,1,1,6,1,30,6,1998,2,12,-1,1,-1
2015471500265,2,9,0,4,0,0,0,0,0,0,2,1,6,1,26,6,1997,2,15,-1,1,-1
2015471500266,1,19,0,5,0,0,0,0,0,0,4,1,1,1,40,7,2287,2,3,-1,1,-1
2015471500266,2,21,0,2,0,0,0,0,0,0,0,1,1,3,-1,-1,-1,2,12,-1,-1,-1
2015471500268,1,9,0,10,0,1,0,0,0,0,3,1,6,1,49,8,1995,2,4,-1,1,-1
2015471500268,2,2,0,18,0,1,0,0,0,0,3,1,6,1,18,4,125,1,1,-1,1,-1
2015471500269,1,9,0,18,0,0,1,0,0,0,1,1,2,1,37,7,2993,2,7,-1,1,-1
2015471500269,2,3,0,18,0,0,1,0,0,0,2,1,6,2,19,4,-1,-1,-1,-1,3,-1
2015471500269,3,9,0,18,0,0,0,0,0,0,2,1,2,1,58,9,1995,2,10,-1,2,-1
2015471500270,1,9,0,4,0,0,1,0,0,0,1,1,2,2,23,5,1399,2,8,-1,1,-1
2015471500270,2,9,0,3,0,0,0,0,0,0,2,1,6,1,48,8,1968,2,1,-1,2,-1
2015471500271,1,9,0,18,0,6,0,0,0,0,1,1,2,2,39,7,2996,1,8,-1,2,-1
2015471500271,2,11,0,18,0,8,0,0,0,0,1,1,1,1,59,9,6700,2,5,-1,1,-1
2015471500272,1,9,0,9,0,8,0,0,0,0,1,1,6,3,-1,-1,-1,-1,-1,-1,-1,-1
2015471500277,1,9,0,9,2,1,0,0,0,0,1,1,6,1,52,8,-1,-1,-1,-1,1,-1
2015471500277,2,19,0,15,2,1,0,0,0,0,1,1,1,1,28,6,2198,2,3,-1,1,-1
2015471500277,3,9,0,4,0,1,0,0,0,0,0,1,6,1,26,6,1999,1,9,-1,1,-1
2015471500278,1,9,0,18,0,2,0,0,0,0,1,1,6,2,61,9,1798,1,7,-1,1,-1
2015471500278,2,9,0,18,0,1,0,0,0,0,0,1,6,1,23,5,2387,2,11,-1,3,-1
2015471500280,1,9,0,7,0,6,0,0,0,0,1,1,6,1,65,9,1999,1,14,-1,1,-1
2015471500280,2,1,0,18,0,8,0,0,0,0,4,1,6,2,36,7,-1,-1,-1,-1,1,-1
2015471500281,1,9,0,6,0,0,0,0,0,0,3,1,6,1,25,5,2000,2,8,-1,1,-1
2015471500281,2,5,0,13,0,0,0,0,0,0,4,1,6,2,27,6,599,1,9,-1,1,-1
2015471500292,1,21,0,18,0,4,0,0,8,1,1,1,1,1,60,9,5880,2,10,-1,1,-1
2015471500292,2,9,0,18,0,4,0,0,0,0,4,1,2,2,47,8,1396,2,-1,-1,1,-1
2015471500292,3,19,0,18,0,8,0,0,0,0,4,1,6,1,66,10,2461,2,13,-1,3,-1
2015471500293,1,9,0,18,0,8,0,0,0,0,4,1,2,2,39,7,2143,2,3,-1,1,-1
2015471500293,2,1,0,18,4,8,0,0,0,0,1,1,2,2,29,6,-1,-1,-1,-1,1,-1
2015471500294,1,8,0,18,0,0,0,0,0,0,1,1,6,1,35,6,1995,2,3,-1,1,-1
2015471500294,2,9,0,3,0,0,0,0,0,0,2,1,6,1,50,8,-1,-1,-1,-1,1,-1
2015471500295,1,9,0,15,0,1,0,0,0,0,4,1,6,1,38,7,1248,1,2,-1,1,-1
2015471500295,2,11,0,3,0,8,0,0,0,0,0,1,1,1,50,8,-1,-1,-1,-1,1,-1
2015471500296,1,9,0,18,0,0,0,0,0,0,3,1,6,1,67,10,2495,2,9,-1,3,-1
2015471500296,2,9,0,18,0,0,0,0,0,0,3,1,1,2,28,6,1560,2,8,-1,1,-1
2015471500297,1,9,0,4,0,0,0,0,0,0,1,1,6,1,30,6,-1,-1,-1,-1,1,-1
2015471500297,2,9,0,4,0,0,0,0,0,0,2,1,6,1,30,6,1199,1,11,-1,1,-1
2015471500298,1,9,0,7,0,8,0,0,0,0,1,1,6,3,-1,-1,-1,-1,-1,-1,-1,-1
2015471500298,2,22,0,18,0,8,0,0,0,0,3,1,6,2,49,8,-1,-1,-1,-1,1,-1
2015471500299,1,9,0,5,0,4,0,0,0,0,3,1,6,1,57,9,998,1,4,-1,1,-1
2015471500299,2,9,0,18,0,8,0,0,0,0,1,1,6,2,38,7,-1,-1,-1,-1,2,-1
2015471500300,1,9,0,9,0,6,0,0,0,0,3,1,6,2,38,7,1968,2,4,-1,2,-1
2015471500300,2,9,0,18,0,1,0,0,0,0,4,1,6,1,34,6,-1,-1,-1,-1,1,-1
2015471500301,1,9,0,18,0,0,1,0,0,0,1,1,6,2,49,8,1798,1,3,-1,3,-1
2015471500301,2,9,0,4,0,0,0,0,0,0,2,1,6,2,51,8,4197,1,7,-1,2,-1
2015471500302,1,9,0,4,0,0,0,0,0,0,1,1,2,2,43,7,1896,2,12,-1,1,-1
2015471500302,2,9,0,4,0,0,0,0,0,0,2,1,1,2,40,7,1956,2,2,-1,-1,-1
2015471500303,1,9,0,18,0,3,0,0,0,0,3,1,2,1,35,6,1997,2,14,-1,1,-1
2015471500303,2,1,0,9,0,3,0,0,0,0,4,1,2,1,44,7,-1,-1,-1,-1,1,-1
2015471500304,1,8,0,1,0,2,0,0,0,0,2,1,6,1,34,6,1997,2,7,-1,1,-1
2015471500304,2,9,0,18,0,2,0,0,0,0,1,1,2,1,21,5,1596,1,3,-1,1,-1
2015471500307,1,9,0,8,0,4,0,0,0,0,1,1,6,2,25,5,1368,1,7,-1,1,-1
2015471500307,2,9,0,8,0,4,0,0,0,0,2,1,1,2,30,6,995,1,7,-1,1,-1
2015471500309,1,9,0,9,0,6,0,0,0,0,1,1,6,2,17,4,1390,1,14,-1,1,-1
2015471500309,2,9,0,18,0,8,0,0,0,0,4,1,6,1,17,4,-1,-1,-1,-1,1,-1
2015471500310,1,9,0,18,0,0,0,0,1,4,1,1,6,2,34,6,-1,-1,-1,-1,-1,-1
2015471500311,1,9,0,2,0,0,0,0,0,0,0,1,6,2,47,8,1997,1,13,-1,1,-1
2015471500311,2,1,0,18,0,0,0,0,0,0,1,1,2,2,25,5,-1,-1,-1,-1,1,-1
2015471500313,1,9,0,18,0,1,0,0,0,0,1,1,6,3,-1,-1,-1,-1,-1,-1,-1,-1
2015471500313,2,1,0,18,0,1,0,0,0,0,2,1,6,1,57,9,-1,-1,-1,-1,3,-1
2015471500315,1,9,0,18,0,0,0,4,7,0,3,1,6,1,55,8,998,1,8,-1,2,-1
2015471500315,2,9,0,2,0,0,0,0,0,0,2,1,6,2,27,6,-1,-1,-1,-1,3,-1
2015471500315,3,9,0,18,0,0,0,0,0,0,1,1,6,1,66,10,4196,1,7,-1,2,-1
2015471500315,4,9,0,2,0,0,0,0,0,0,2,1,1,1,54,8,1596,1,13,-1,1,-1
2015471500316,1,9,0,18,0,0,0,0,0,0,1,1,6,2,47,8,1997,2,7,-1,1,-1
2015471500316,2,9,0,4,0,0,0,0,0,0,2,1,6,1,63,9,1364,1,1,-1,2,-1
2015471500316,3,9,0,4,0,0,0,0,0,0,2,1,6,1,68,10,-1,-1,-1,-1,1,-1
2015471500316,4,9,0,7,0,0,0,0,0,0,0,1,6,1,30,6,-1,-1,-1,-1,-1,-1
2015471500321,1,9,0,10,0,8,0,0,0,0,4,1,6,1,31,6,-1,-1,-1,-1,1,-1
2015471500321,2,9,0,18,0,1,0,0,0,0,1,1,6,2,61,9,-1,-1,-1,-1,1,-1
2015471500323,1,9,0,18,0,0,0,0,0,0,3,1,6,2,49,8,-1,-1,-1,-1,1,-1
2015471500323,2,9,0,18,0,0,0,0,0,0,3,1,6,2,45,7,1997,2,7,-1,1,-1
2015471500324,1,9,0,9,0,6,0,0,0,0,1,1,2,1,49,8,-1,-1,-1,-1,1,-1
2015471500325,1,9,0,16,0,4,0,0,0,0,3,1,6,2,19,4,1600,1,14,-1,1,-1
2015471500325,2,9,0,18,0,3,0,0,7,0,4,1,6,1,47,8,-1,-1,-1,-1,1,-1
2015471500327,1,9,0,9,0,8,0,0,0,0,3,1,6,2,69,10,1390,1,7,-1,1,-1
2015471500327,2,9,0,9,0,8,0,0,0,0,1,1,1,1,52,8,-1,-1,-1,-1,1,-1
2015471500328,1,19,0,18,0,0,1,0,7,9,3,1,1,1,24,5,-1,-1,-1,-1,1,-1
2015471500330,1,9,0,18,0,7,0,0,1,11,3,1,2,1,46,8,-1,-1,-1,-1,1,-1
2015471500331,1,9,0,5,0,2,1,0,0,11,1,1,6,2,82,11,-1,-1,-1,-1,1,-1
2015471500333,1,9,0,18,0,4,0,0,0,0,1,1,6,1,73,10,1390,1,4,-1,1,-1
2015471500333,2,9,0,7,0,4,0,0,0,0,2,1,6,2,50,8,1968,2,10,-1,1,-1
2015471500334,1,9,0,18,0,0,1,0,1,4,1,1,2,2,25,5,-1,-1,-1,-1,1,-1
2015471500338,1,9,0,11,0,1,0,0,0,0,1,1,2,1,22,5,1586,1,2,-1,1,-1
2015471500338,2,9,0,18,0,1,0,0,0,0,2,1,2,1,33,6,2035,1,9,-1,1,-1
2015471500339,1,9,0,9,0,6,0,0,0,0,1,1,6,1,22,5,1587,1,13,-1,3,-1
2015471500339,2,1,0,18,0,8,0,0,0,0,4,1,6,1,24,5,-1,-1,-1,-1,3,-1
2015471500340,1,9,0,16,0,1,0,0,0,0,3,1,6,1,55,8,-1,-1,-1,-1,1,-1
2015471500340,2,8,0,17,0,1,0,0,0,0,3,1,1,1,58,9,2698,2,5,-1,3,-1
2015471500344,1,9,0,16,0,8,2,0,7,4,1,1,2,2,30,6,1592,1,4,-1,1,-1
2015471500344,2,9,0,17,0,8,1,0,0,0,0,1,2,1,35,6,1796,1,6,-1,1,-1
2015471500345,1,9,0,3,0,2,0,0,0,0,0,1,6,3,-1,-1,3628,2,8,-1,-1,-1
2015471500346,1,1,0,18,0,0,1,0,0,0,0,1,6,1,41,7,-1,-1,-1,-1,3,-1
2015471500348,1,20,0,18,0,8,1,0,7,1,1,1,1,1,53,8,4250,2,3,-1,1,-1
2015471500348,2,9,0,3,0,2,0,0,0,0,2,1,2,1,75,10,1242,1,3,-1,1,-1
2015471500348,3,9,0,18,0,1,0,0,1,1,1,1,1,2,53,8,-1,-1,-1,-1,2,-1
2015471500348,4,9,0,10,0,5,0,0,0,0,0,1,1,2,40,7,1968,2,1,-1,1,-1
2015471500349,1,9,0,1,0,1,0,0,0,0,2,1,6,1,18,4,1198,1,12,-1,1,-1
2015471500349,2,9,0,3,0,1,0,0,0,0,2,1,6,1,30,6,1870,2,12,-1,1,-1
2015471500350,1,21,0,18,0,1,1,0,7,0,1,1,1,1,60,9,-1,-1,-1,-1,1,-1
2015471500350,2,9,0,10,0,8,0,0,1,0,2,1,6,1,66,10,1596,1,8,-1,3,-1
2015471500354,1,9,0,18,0,2,0,0,0,0,1,1,6,2,29,6,-1,-1,-1,-1,1,-1
2015471500354,2,9,0,18,0,6,0,0,1,0,3,1,6,1,69,10,-1,-1,-1,-1,1,-1
2015471500354,3,9,0,2,0,2,0,0,0,0,2,1,6,3,-1,-1,2143,2,3,-1,-1,-1
2015471500356,1,11,0,18,2,2,0,0,0,0,1,1,1,1,59,9,4760,2,3,-1,1,-1
2015471500358,1,9,0,18,0,0,0,0,0,0,1,1,6,1,79,11,1590,1,14,-1,1,-1
2015471500359,1,9,0,7,0,6,0,0,0,0,1,1,6,1,52,8,1753,2,5,-1,1,-1
2015471500359,2,9,0,10,0,1,0,0,0,0,1,1,6,2,30,6,-1,-1,-1,-1,1,-1
2015471500360,1,8,0,5,0,1,0,0,0,0,1,1,6,1,75,10,-1,-1,-1,-1,1,-1
2015471500362,1,9,0,18,0,0,0,0,0,0,1,1,2,1,43,7,1998,1,1,-1,3,-1
2015471500363,1,9,0,17,0,0,1,0,1,10,1,1,2,2,41,7,-1,-1,-1,-1,3,-1
2015471500364,1,9,0,17,0,0,1,0,7,9,2,1,2,1,55,8,-1,-1,-1,-1,3,-1
2015471500365,1,9,0,18,0,0,2,0,0,4,4,1,1,2,24,5,1328,1,9,-1,3,-1
2015471500367,1,9,0,5,0,4,0,0,0,0,1,1,2,2,19,4,1229,1,8,-1,3,-1
2015471500367,2,1,0,18,0,8,0,0,0,0,4,1,2,1,26,6,-1,-1,-1,-1,1,-1
2015471500368,1,9,0,5,0,0,0,0,0,0,3,2,6,1,80,11,-1,-1,-1,-1,1,-1
2015471500368,2,9,0,16,0,0,0,0,0,0,4,1,3,2,25,5,-1,-1,-1,-1,1,-1
2015471500368,3,9,0,2,0,0,0,0,0,0,3,1,6,3,-1,-1,1149,1,10,-1,-1,-1
2015471500370,1,9,0,18,0,1,1,0,0,0,1,1,6,2,73,10,-1,-1,-1,-1,2,-1
2015471500370,2,9,0,10,0,1,0,0,0,0,2,1,6,1,62,9,2967,2,8,-1,3,-1
2015471500370,3,9,0,10,0,1,0,0,0,0,2,1,6,1,68,10,1984,1,11,-1,2,-1
2015471500374,1,9,0,18,0,1,0,0,0,0,1,1,6,1,20,4,1299,1,11,-1,1,-1
2015471500374,2,9,0,18,0,1,0,0,0,0,3,1,6,1,37,7,1560,2,4,-1,1,-1
2015471500375,1,9,0,18,0,0,0,4,0,0,1,1,6,3,-1,-1,1998,1,14,-1,-1,-1
2015471500375,2,9,0,2,0,0,0,0,0,0,3,1,6,3,-1,-1,1997,2,15,-1,-1,-1
2015471500377,1,19,0,18,0,2,0,0,0,0,4,1,6,1,28,6,1998,2,11,-1,1,-1
2015471500378,1,9,0,18,0,1,0,0,0,0,1,1,6,1,36,7,2494,1,15,-1,1,-1
2015471500378,2,9,0,10,0,2,0,0,0,0,2,1,6,2,24,5,1399,1,8,-1,3,-1
2015471500378,3,9,0,18,0,1,0,0,0,0,3,1,6,2,43,7,1198,1,5,-1,1,-1
2015471500379,1,9,0,17,0,0,1,4,0,0,1,1,6,2,18,4,-1,-1,-1,-1,1,-1
2015471500379,2,9,0,2,0,0,0,0,0,0,4,1,6,3,-1,-1,1388,1,11,-1,-1,-1
2015471500379,3,9,0,2,0,0,0,0,0,0,2,1,6,3,-1,-1,1598,1,9,-1,-1,-1
2015471500380,1,9,0,18,0,8,0,0,0,0,1,1,6,2,36,7,1360,1,14,-1,1,-1
2015471500380,2,9,0,9,0,8,0,0,0,0,4,1,6,2,47,8,1596,1,3,-1,1,-1
2015471500380,3,9,0,18,0,1,0,0,0,0,3,1,6,1,58,9,-1,-1,-1,-1,1,-1
2015471500381,1,1,0,18,0,1,0,0,0,0,1,1,6,1,21,5,-1,-1,-1,-1,1,-1
2015471500381,2,9,0,9,0,8,0,0,0,0,1,1,6,1,28,6,1396,1,10,-1,-1,-1
2015471500382,1,9,0,18,0,0,1,0,1,4,1,1,6,1,19,4,-1,-1,-1,-1,1,-1
2015471500384,1,3,0,4,0,1,1,0,3,0,3,1,6,1,17,4,125,1,1,-1,1,-1
2015471500385,1,9,0,18,0,0,5,0,1,4,1,1,6,1,43,7,1461,2,10,-1,1,-1
2015471500389,1,19,0,18,0,0,5,0,1,4,2,1,2,1,29,6,-1,-1,-1,-1,1,-1
2015471500390,1,9,0,9,0,6,0,0,0,0,1,1,3,2,44,7,2720,2,7,-1,3,-1
2015471500390,2,1,0,18,0,8,0,0,0,0,2,1,2,1,55,8,-1,-1,-1,-1,1,-1
2015471500391,1,9,0,18,0,0,1,1,0,0,1,1,1,2,19,4,1229,1,4,-1,1,-1
2015471500391,2,9,0,2,0,0,0,0,0,0,3,1,2,3,-1,-1,-1,-1,-1,-1,-1,-1
2015471500392,1,9,0,18,0,2,0,0,0,0,1,1,6,2,37,7,1896,2,11,-1,1,-1
2015471500398,1,9,0,18,0,8,0,0,0,0,3,1,1,1,20,4,2198,1,9,-1,1,-1
2015471500399,1,9,0,9,0,6,0,0,0,0,3,1,6,1,31,6,2987,2,9,-1,1,-1
2015471500399,2,9,0,18,0,1,0,0,0,0,1,1,6,1,32,6,-1,-1,-1,-1,1,-1
2015471500401,1,9,0,9,0,6,0,0,0,0,1,1,6,2,68,10,1242,1,10,-1,1,-1
2015471500402,1,8,0,9,0,2,0,0,0,0,3,1,1,1,59,9,1896,2,5,-1,1,-1
2015471500402,2,2,0,18,0,1,1,0,0,0,1,1,2,1,41,7,49,1,8,-1,1,-1
2015471500403,1,9,0,9,4,8,0,0,0,0,1,2,6,1,21,5,-1,-1,-1,-1,1,-1
2015471500403,2,1,0,18,4,8,0,0,0,0,1,1,6,1,33,6,-1,-1,-1,-1,1,-1
2015471500405,1,9,0,18,0,1,0,0,0,0,1,1,6,3,-1,-1,1124,1,16,-1,-1,-1
2015471500405,2,9,0,10,0,1,0,0,0,0,2,1,6,1,46,8,1598,1,12,-1,3,-1
2015471500409,1,9,0,18,0,1,0,0,0,0,4,1,6,1,69,10,2967,2,7,-1,1,-1
2015471500410,1,19,0,9,0,8,0,0,0,0,3,1,6,1,34,6,2198,2,8,-1,1,-1
2015471500410,2,19,0,18,0,8,0,0,0,0,1,1,1,1,55,8,1560,2,2,-1,2,-1
2015471500415,1,9,0,18,0,1,0,0,0,0,1,1,6,3,-1,-1,-1,-1,-1,-1,-1,-1
2015471500415,2,9,0,10,0,1,0,0,0,0,2,1,6,2,47,8,-1,-1,-1,-1,1,-1
2015471500416,1,9,0,16,0,0,2,0,7,9,1,1,6,1,29,6,1596,1,15,-1,1,-1
2015471500417,1,9,0,18,0,0,1,0,0,0,1,1,2,1,44,7,1390,1,9,-1,1,-1
2015471500417,2,21,0,18,0,0,0,0,0,0,2,1,1,1,30,6,-1,-1,-1,-1,1,-1
2015471500417,3,9,0,18,0,0,1,0,4,0,0,1,6,3,25,5,-1,-1,-1,-1,-1,-1
2015471500420,1,9,0,7,0,6,0,0,0,0,1,1,2,1,61,9,-1,-1,-1,-1,1,-1
2015471500420,2,9,0,18,0,1,0,0,0,0,1,1,6,1,20,4,-1,-1,-1,-1,1,-1
2015471500421,1,9,0,2,0,8,0,0,0,0,0,1,6,3,-1,-1,1995,2,11,-1,-1,-1
2015471500422,1,9,0,18,0,1,0,0,0,0,1,1,6,2,31,6,1685,2,3,-1,1,-1
2015471500422,2,9,0,3,0,8,0,0,0,0,2,1,2,1,41,7,1596,1,7,-1,1,-1
2015471500422,3,9,0,10,0,1,0,0,0,0,2,1,2,2,31,6,1498,1,7,-1,1,-1
2015471500425,1,8,0,17,0,0,2,0,1,0,1,1,1,1,46,8,1997,2,8,-1,3,-1
2015471500428,1,9,0,18,0,0,1,0,1,7,1,1,6,2,36,7,-1,-1,-1,-1,1,-1
2015471500431,1,2,0,18,0,0,0,0,0,0,1,1,6,1,18,4,49,1,2,-1,1,-1
2015471500431,2,9,0,2,0,0,0,0,0,0,3,1,6,3,-1,-1,1997,2,6,-1,-1,-1
2015471500433,1,9,0,18,0,0,0,0,0,0,1,1,6,2,27,6,1349,1,1,-1,1,-1
2015471500433,2,9,0,4,0,0,0,0,0,0,2,1,6,2,48,8,-1,-1,-1,-1,1,-1
2015471500433,3,9,0,4,0,0,0,0,0,0,2,1,6,2,50,8,1299,1,11,-1,1,-1
2015471500434,1,8,0,11,0,0,0,0,0,2,1,1,2,1,50,8,-1,-1,-1,-1,1,-1
2015471500435,1,9,0,5,0,8,0,0,0,0,1,1,6,2,17,4,1498,1,10,-1,1,-1
2015471500435,2,9,0,4,0,8,0,0,0,0,2,1,6,1,23,5,1598,1,9,-1,-1,-1
2015471500435,3,9,0,4,0,1,0,0,0,0,0,1,1,1,32,6,1997,2,3,-1,-1,-1
2015471500436,1,9,0,18,0,4,0,0,0,0,1,1,6,1,25,5,1968,2,5,-1,2,-1
2015471500436,2,9,0,7,0,4,0,0,0,0,3,1,6,2,39,7,998,1,5,-1,2,-1
2015471500438,1,9,0,10,0,8,0,0,0,0,1,1,6,1,21,5,-1,-1,-1,-1,1,-1
2015471500438,2,8,0,18,2,8,0,0,0,0,1,1,6,1,73,10,1798,1,9,-1,1,-1
2015471500439,1,9,0,18,0,0,1,0,4,9,1,1,6,1,29,6,2295,1,14,-1,1,-1
2015471500440,1,9,0,7,0,1,0,0,0,0,4,1,6,2,32,6,2155,2,20,-1,2,-1
2015471500440,2,9,0,18,0,2,0,0,0,0,2,1,6,1,61,9,1560,2,2,-1,1,-1
2015471500444,1,9,0,18,0,0,0,0,0,3,1,1,6,2,46,8,-1,-1,-1,-1,2,-1
2015471500445,1,9,0,18,0,0,1,0,8,4,1,1,6,1,59,9,-1,-1,-1,-1,3,-1
2015471500447,1,9,0,18,0,0,1,0,0,0,1,1,2,1,21,5,1199,1,14,-1,3,-1
2015471500447,2,9,0,18,0,0,0,0,0,0,2,1,2,1,52,8,1461,2,1,-1,1,-1
2015471500448,1,9,0,2,0,0,0,0,0,0,2,1,6,2,68,10,1328,1,11,-1,1,-1
2015471500448,2,1,0,18,0,0,0,0,0,0,1,1,6,1,30,6,-1,-1,-1,-1,-1,-1
2015471500449,1,9,0,7,0,8,0,0,0,0,1,1,6,3,-1,-1,-1,-1,-1,-1,-1,-1
2015471500449,2,9,0,9,0,8,0,0,0,0,1,1,6,2,33,6,1796,2,1,-1,2,-1
2015471500449,3,9,0,18,0,1,0,0,0,0,0,1,1,1,27,6,-1,-1,-1,-1,-1,-1
2015471500450,1,19,0,18,0,8,0,0,0,0,3,1,1,1,58,9,1870,2,10,-1,1,-1
2015471500450,2,1,0,18,0,8,0,0,0,0,1,1,2,1,45,7,-1,-1,-1,-1,-1,-1
2015471500451,1,9,0,9,0,8,0,0,0,0,3,1,6,2,33,6,1560,2,2,-1,1,-1
2015471500453,1,9,0,18,9,0,0,0,1,0,4,1,6,3,-1,-1,-1,-1,-1,-1,-1,-1
2015471500453,2,1,0,18,9,0,0,0,0,0,4,1,6,1,12,3,-1,-1,-1,-1,1,-1
2015471500456,1,9,0,5,0,3,0,0,0,0,1,1,6,1,48,8,1296,1,7,-1,-1,-1
2015471500463,1,9,0,18,0,0,0,0,0,0,1,1,6,1,20,4,1242,1,8,-1,3,-1
2015471500463,2,9,0,18,0,0,0,0,1,11,3,1,1,1,34,6,1598,2,1,-1,1,-1
2015471500465,1,9,0,18,0,1,0,0,0,0,1,1,6,1,23,5,998,1,4,-1,3,-1
2015471500465,2,9,0,4,0,3,0,0,0,0,2,1,6,2,22,5,-1,-1,-1,-1,1,-1
2015471500466,1,1,0,18,0,0,0,0,0,0,1,1,6,1,41,7,-1,-1,-1,-1,1,-1
2015471500469,1,9,0,9,0,4,0,0,0,0,1,1,6,1,37,7,-1,-1,-1,-1,2,-1
2015471500469,2,1,0,18,0,8,0,0,0,0,4,1,6,1,40,7,-1,-1,-1,-1,2,-1
2015471500470,1,9,0,18,0,8,0,0,0,0,1,1,6,1,80,11,-1,-1,-1,-1,1,-1
2015471500470,2,9,0,18,0,8,0,0,0,0,1,1,6,2,74,10,1339,1,9,-1,1,-1
2015471500471,1,9,0,9,0,2,0,0,0,0,4,1,2,2,47,8,1364,1,8,-1,1,-1
2015471500471,2,11,0,2,0,1,0,0,0,0,0,1,1,1,30,6,-1,-1,-1,-1,-1,-1