Accident_Index,Vehicle_Reference,Vehicle_Type,Towing_and_Articulation,Vehicle_Manoeuvre,Vehicle_Location-Restricted_Lane,Junction_Location,Skidding_and_Overturning,Hit_Object_in_Carriageway,Vehicle_Leaving_Carriageway,Hit_Object_off_Carriageway,1st_Point_of_Impact,Was_Vehicle_Left_Hand_Drive?,Journey_Purpose_of_Driver,Sex_of_Driver,Age_of_Driver,Age_Band_of_Driver,Engine_Capacity_(CC),Propulsion_Code,Age_of_Vehicle,Driver_IMD_Decile,Driver_Home_Area_Type,Vehicle_IMD_Decile
2015471500474,1,1,0,14,4,1,0,10,0,0,3,1,6,1,25,5,-1,-1,-1,-1,1,-1
2015471500474,2,1,0,18,0,1,0,0,0,0,3,1,1,2,23,5,-1,-1,-1,-1,1,-1
2015471500474,3,11,0,18,4,1,0,0,0,0,0,1,6,1,37,7,11967,2,7,-1,1,-1
2015471500475,1,9,0,18,0,0,1,0,7,4,1,1,6,1,21,5,1753,2,12,-1,1,-1
2015471500476,1,9,0,3,0,1,0,0,0,0,2,1,6,1,47,8,2184,2,12,-1,3,-1
2015471500476,2,9,0,3,0,1,0,0,0,0,0,1,1,1,25,5,1390,1,15,-1,2,-1
2015471500477,1,9,0,9,0,6,0,0,0,0,1,1,3,2,34,6,2521,1,9,-1,3,-1
2015471500477,2,9,0,18,0,1,0,0,7,11,3,1,2,2,26,6,1396,1,1,-1,1,-1
2015471500478,1,9,0,4,0,2,0,0,0,0,1,1,6,2,20,4,998,1,13,-1,1,-1
2015471500478,2,9,0,4,0,2,0,0,0,0,2,1,6,1,39,7,2494,2,13,-1,3,-1
2015471500479,1,9,0,9,0,3,0,0,0,0,1,1,6,1,74,10,1598,1,5,-1,1,-1
2015471500480,1,9,0,9,0,1,0,0,0,0,1,1,1,1,45,7,2143,2,-1,-1,1,-1
2015471500481,1,9,0,9,0,8,0,0,0,0,3,1,6,2,88,11,1339,1,1,-1,1,-1
2015471500481,2,1,0,18,0,8,0,0,0,0,1,1,6,1,23,5,-1,-1,-1,-1,1,-1
2015471500486,1,9,0,18,0,0,0,0,0,0,1,1,6,1,79,11,1206,1,7,-1,1,-1
2015471500486,2,90,0,2,0,0,0,0,0,0,2,1,6,3,-1,-1,-1,-1,-1,-1,-1,-1
2015471500487,1,9,0,4,0,1,0,0,0,0,1,1,6,1,29,6,1995,2,9,-1,1,-1
2015471500487,2,9,0,10,0,5,0,0,0,0,2,1,6,2,33,6,1364,1,6,-1,3,-1
2015471500488,1,9,0,7,0,1,0,0,0,0,1,2,6,1,47,8,1242,1,9,-1,1,-1
2015471500489,1,9,0,17,0,0,5,0,1,0,0,1,6,2,29,6,1364,1,8,-1,2,-1
2015471500490,1,5,0,18,0,2,0,0,0,0,1,1,6,1,26,6,124,1,14,-1,1,-1
2015471500490,2,9,0,18,0,6,0,0,0,0,2,1,6,2,38,7,1596,1,12,-1,1,-1
2015471500491,1,9,0,18,0,4,0,0,0,0,1,1,6,1,40,7,-1,-1,-1,-1,1,-1
2015471500491,2,9,0,3,0,4,0,0,0,0,2,1,6,2,62,9,1995,2,1,-1,1,-1
2015471500491,3,9,0,7,0,3,0,0,0,0,0,1,6,1,30,6,-1,-1,-1,-1,-1,-1
2015471500492,1,9,0,5,0,0,0,0,0,0,3,1,6,1,26,6,1868,2,14,-1,3,-1
2015471500492,2,9,0,4,0,0,0,0,0,0,1,1,6,1,22,5,-1,-1,-1,-1,1,-1
2015471500492,3,9,0,2,9,0,0,0,0,0,2,1,6,1,45,7,1870,2,11,-1,1,-1
2015471500493,1,9,0,17,0,0,1,0,7,3,1,1,2,1,56,9,-1,-1,-1,-1,2,-1
2015471500494,1,3,0,18,0,0,1,0,0,0,0,1,6,1,17,4,124,1,2,-1,2,-1
2015471500494,2,9,0,3,0,0,0,0,0,0,0,1,6,2,52,8,1329,1,2,-1,1,-1
2015471500499,1,9,0,18,0,3,0,0,0,0,4,1,6,3,-1,-1,1896,2,7,-1,-1,-1
2015471500499,2,9,0,18,0,5,0,0,0,0,3,1,1,2,20,4,-1,-1,-1,-1,1,-1
2015471500499,3,9,0,18,0,3,0,0,0,0,0,1,1,1,33,6,1997,2,3,-1,1,-1
2015471500500,1,9,0,18,0,0,0,0,0,0,1,1,6,2,17,4,1198,1,1,-1,1,-1
2015471500504,1,1,0,18,0,4,0,0,0,0,1,1,6,1,27,6,-1,-1,-1,-1,1,-1
2015471500504,2,9,0,18,0,4,0,0,0,0,1,1,6,2,68,10,1598,1,4,-1,1,-1
2015471500506,1,9,0,18,0,0,1,0,5,6,1,1,6,2,29,6,-1,-1,-1,-1,1,-1
2015471500507,1,9,0,18,0,8,0,0,0,0,1,1,6,1,75,10,989,1,16,-1,1,-1
2015471500507,2,1,0,9,0,8,0,0,0,0,4,1,2,1,23,5,-1,-1,-1,-1,1,-1
2015471500508,1,9,0,9,0,8,0,0,0,0,1,1,6,2,86,11,-1,-1,-1,-1,1,-1
2015471500508,2,9,0,18,0,8,0,0,0,0,1,1,6,1,20,4,-1,-1,-1,-1,1,-1
2015471500511,1,9,0,11,0,3,0,0,0,0,4,1,6,1,59,9,1598,1,13,-1,1,-1
2015471500511,2,1,0,18,0,8,0,0,0,0,3,1,6,1,31,6,-1,-1,-1,-1,1,-1
2015471500512,1,9,0,5,0,3,0,0,0,0,4,1,6,3,-1,-1,-1,-1,-1,-1,-1,-1
2015471500513,1,9,0,17,0,8,0,0,4,0,0,1,6,3,-1,-1,-1,-1,-1,-1,-1,-1
2015471500513,2,9,0,17,0,8,1,0,7,6,1,1,6,1,23,5,-1,-1,-1,-1,1,-1
2015471500514,1,9,0,18,0,0,0,0,0,0,1,1,6,2,50,8,1968,2,5,-1,3,-1
2015471500514,2,9,0,17,0,0,0,0,0,0,4,1,6,1,50,8,1590,1,25,-1,3,-1
2015471500515,1,9,0,1,0,6,0,0,0,0,2,1,1,1,42,7,1299,1,12,-1,1,-1
2015471500515,2,9,0,3,0,6,0,0,0,0,1,1,2,2,41,7,999,1,2,-1,1,-1
2015471500515,3,90,0,18,0,1,0,0,0,0,0,1,1,3,40,7,-1,-1,-1,-1,-1,-1
2015471500518,1,8,0,9,0,2,0,0,0,0,1,1,6,2,42,7,1997,2,6,-1,1,-1
2015471500518,2,9,0,9,0,5,0,0,0,0,3,1,6,1,25,5,1598,1,1,-1,1,-1
2015471500519,1,9,0,18,0,0,0,0,0,0,0,1,2,1,47,8,-1,-1,-1,-1,1,-1
2015471500521,1,8,0,9,0,4,0,0,0,0,4,1,1,1,54,8,1968,2,8,-1,1,-1
2015471500521,2,9,0,18,0,4,0,0,0,0,1,1,6,1,23,5,1587,1,12,-1,3,-1
2015471500523,1,1,0,16,0,0,1,0,0,0,0,1,6,1,42,7,-1,-1,-1,-1,2,-1
2015471500523,2,9,0,17,0,0,0,0,0,0,0,1,6,1,77,11,6750,1,24,-1,3,-1
2015471500524,1,9,0,15,0,0,0,0,0,0,4,1,6,1,92,11,1998,1,1,-1,1,-1
2015471500524,2,1,0,18,0,0,0,0,0,0,3,1,6,1,46,8,-1,-1,-1,-1,1,-1
2015471500527,1,1,0,18,0,0,0,0,0,0,3,1,6,1,13,3,-1,-1,-1,-1,1,-1
2015471500527,2,9,0,18,0,0,0,0,0,0,1,1,6,1,29,6,1598,1,16,-1,1,-1
2015471500528,1,9,0,18,0,1,0,0,0,0,4,1,6,1,25,5,-1,-1,-1,-1,-1,-1
2015471500529,1,9,0,18,0,0,0,0,0,0,1,1,6,1,41,7,-1,-1,-1,-1,1,-1
2015471500529,2,21,0,2,0,0,0,0,0,0,2,1,1,3,-1,-1,4250,2,14,-1,-1,-1
2015471500530,1,9,0,18,0,3,0,0,0,0,1,1,6,2,39,7,1598,1,2,-1,1,-1
2015471500530,2,9,0,18,0,3,0,0,0,0,1,1,6,1,60,9,1984,2,3,-1,1,-1
2015471500531,1,19,0,8,9,1,0,0,0,0,3,1,1,2,45,7,1870,2,11,-1,1,-1
2015471500531,2,9,0,18,0,1,0,0,0,0,1,1,6,1,33,6,2295,1,13,-1,1,-1
2015471500534,1,9,0,9,0,8,0,0,0,0,1,1,6,1,17,4,-1,-1,-1,-1,2,-1
2015471500534,2,9,0,18,0,8,0,0,0,0,1,1,1,2,69,10,-1,-1,-1,-1,1,-1
2015471500535,1,9,0,18,0,0,1,0,0,0,1,1,6,1,18,4,1388,1,12,-1,1,-1
2015471500535,2,9,0,18,0,0,0,0,0,0,1,1,2,2,56,9,1956,2,3,-1,2,-1
2015471500536,1,9,0,9,0,8,0,0,0,0,4,1,6,1,23,5,1229,1,10,-1,1,-1
2015471500536,2,9,0,18,0,8,0,0,0,0,1,1,6,1,23,5,1124,1,13,-1,1,-1
2015471500537,1,9,0,18,0,1,2,0,2,10,3,1,6,1,33,6,1598,1,7,-1,2,-1
2015471500540,1,9,0,3,0,1,0,0,0,0,1,1,3,2,31,6,1590,1,13,-1,1,-1
2015471500540,2,8,0,3,0,1,0,0,0,0,2,1,1,1,54,8,1968,2,7,-1,1,-1
2015471500543,1,9,0,9,0,6,0,0,0,0,4,1,6,2,79,11,-1,-1,-1,-1,1,-1
2015471500543,2,9,0,18,0,1,0,0,0,0,1,1,6,2,23,5,1598,2,4,-1,1,-1
2015471500544,1,9,0,17,0,0,0,0,0,0,3,1,1,2,47,8,-1,-1,-1,-1,1,-1
2015471500544,2,9,0,16,0,0,1,0,0,0,3,1,6,1,44,7,1910,2,11,-1,2,-1
2015471500549,1,9,0,18,0,0,0,0,0,0,1,1,6,1,30,6,1995,2,3,-1,1,-1
2015471500549,2,9,0,18,0,0,0,0,0,0,2,1,6,1,23,5,1242,1,9,-1,3,-1
2015471500554,1,9,0,14,0,4,0,0,0,0,4,1,6,1,40,7,1969,2,-1,-1,1,-1
2015471500554,2,9,0,7,0,4,0,0,0,0,0,1,6,2,40,7,-1,-1,-1,-1,-1,-1
2015471500556,1,9,0,18,0,1,0,0,0,0,1,1,6,1,44,7,1490,1,8,-1,3,-1
2015471500556,2,5,0,18,0,1,0,0,0,0,2,1,6,1,27,6,670,1,2,-1,1,-1
2015471500556,3,9,0,18,0,1,0,0,0,0,2,1,6,1,35,6,1242,1,14,-1,1,-1
2015471500558,1,9,0,18,0,0,2,0,8,7,3,1,6,2,20,4,-1,-1,-1,-1,1,-1
2015471500560,1,19,0,18,0,0,0,0,0,0,1,1,2,1,52,8,2404,2,7,-1,1,-1
2015471500560,2,9,0,18,0,0,2,0,0,0,3,1,6,1,48,8,-1,-1,-1,-1,1,-1
2015471500561,1,19,0,18,0,0,0,0,0,0,4,1,6,3,-1,-1,-1,-1,-1,-1,-1,-1
2015471500561,2,1,0,18,0,0,0,0,0,0,3,1,1,1,56,9,-1,-1,-1,-1,1,-1
2015471500562,1,9,0,18,0,0,0,0,1,0,3,1,2,1,22,5,-1,-1,-1,-1,1,-1
2015471500562,2,19,0,18,0,0,0,0,0,0,3,1,1,1,61,9,-1,-1,-1,-1,3,-1
2015471500564,1,9,0,18,0,1,0,0,0,0,1,1,6,3,-1,-1,1840,1,17,-1,-1,-1
2015471500564,2,9,0,18,0,1,0,0,0,0,2,1,6,2,51,8,1396,1,12,-1,1,-1
2015471500565,1,9,0,18,0,4,0,0,0,0,1,1,6,2,35,6,1910,2,7,-1,1,-1
2015471500565,2,1,0,18,0,8,0,0,0,0,4,1,6,1,58,9,-1,-1,-1,-1,1,-1
2015471500567,1,9,0,18,0,0,1,0,0,0,3,1,6,1,23,5,-1,-1,-1,-1,3,-1
2015471500567,2,9,0,18,0,0,1,0,0,0,3,1,6,2,45,7,-1,-1,-1,-1,3,-1
2015471500568,1,9,0,9,0,5,0,0,0,0,1,1,6,3,-1,-1,-1,-1,-1,-1,-1,-1
2015471500568,2,2,0,18,0,8,1,0,0,0,3,1,6,2,17,4,49,1,1,-1,1,-1
2015471500569,1,21,1,4,0,4,0,0,0,0,1,1,6,1,35,6,12777,2,2,-1,1,-1
2015471500569,2,9,0,3,0,4,0,0,0,0,2,1,6,2,31,6,1999,1,8,-1,1,-1
2015471500572,1,9,0,5,0,6,0,0,0,0,1,1,6,1,35,6,1796,1,7,-1,1,-1
2015471500572,2,1,0,18,0,8,0,0,0,0,2,1,6,2,47,8,-1,-1,-1,-1,1,-1
2015471500575,1,9,0,18,0,0,0,0,0,0,1,1,6,2,33,6,1796,1,13,-1,1,-1
2015471500575,2,9,0,2,0,0,0,0,1,0,1,1,6,3,-1,-1,1329,1,5,-1,-1,-1
2015471500575,3,9,0,2,0,0,0,0,0,0,2,1,6,3,-1,-1,2000,1,10,-1,-1,-1
2015471500576,1,9,0,18,0,0,0,0,0,0,1,1,6,2,74,10,1598,1,7,-1,1,-1
2015471500576,2,9,0,2,0,0,0,0,0,0,3,1,6,3,-1,-1,998,1,2,-1,-1,-1
2015471500576,3,9,0,2,0,0,0,0,0,0,3,2,6,3,-1,-1,-1,-1,-1,-1,-1,-1
2015471500576,4,9,0,2,0,0,0,0,0,0,2,1,6,3,-1,-1,1998,1,17,-1,-1,-1
2015471500578,1,9,0,1,9,1,0,0,0,0,0,1,6,2,43,7,2958,2,7,-1,1,-1
2015471500579,1,9,0,18,0,0,0,0,0,0,1,1,6,1,23,5,1124,1,12,-1,1,-1
2015471500579,2,9,0,3,0,0,0,0,0,0,2,1,2,2,47,8,1242,1,12,-1,1,-1
2015471500580,1,9,0,9,0,8,0,0,0,0,1,1,6,1,19,4,1299,1,9,-1,1,-1
2015471500580,2,2,0,18,0,1,0,0,7,0,4,1,6,1,36,7,49,1,11,-1,1,-1
2015471500580,3,19,0,2,9,2,0,0,0,0,0,1,1,1,23,5,1995,2,7,-1,1,-1
2015471500582,1,11,0,9,0,8,0,0,0,0,3,1,1,1,40,7,4760,2,3,-1,1,-1
2015471500583,1,9,0,18,0,1,0,0,0,0,3,1,1,2,51,8,1388,1,4,-1,1,-1
2015471500583,2,9,0,18,0,1,0,0,0,0,3,1,1,1,37,7,1968,2,7,-1,1,-1
2015471500586,1,9,0,9,0,6,0,0,0,0,4,1,6,1,19,4,1229,1,10,-1,1,-1
2015471500587,1,9,0,18,0,0,0,0,0,0,3,1,2,1,26,6,-1,-1,-1,-1,3,-1
2015471500587,2,9,0,17,0,0,0,0,0,0,3,1,2,1,50,8,2979,1,-1,-1,2,-1
2015471500588,1,9,0,7,0,5,0,0,0,0,0,1,6,3,-1,-1,-1,-1,-1,-1,-1,-1
2015471500588,2,1,0,18,0,1,0,0,0,0,1,1,6,1,32,6,-1,-1,-1,-1,1,-1
2015471500590,1,9,0,6,0,0,0,0,7,4,3,1,6,1,63,9,1998,1,12,-1,3,-1
2015471500590,2,9,0,18,0,0,0,0,0,0,1,1,6,2,29,6,1910,2,9,-1,2,-1
2015471500591,1,19,0,18,0,8,0,0,0,0,1,1,6,3,-1,-1,-1,-1,-1,-1,-1,-1
2015471500591,2,9,0,18,0,8,0,0,0,0,3,1,1,1,46,8,1956,2,1,-1,3,-1
2015471500596,1,9,0,16,0,0,5,0,8,10,1,1,6,1,26,6,-1,-1,-1,-1,3,-1
2015471500598,1,5,0,18,0,0,0,0,0,0,3,1,2,2,56,9,645,1,6,-1,1,-1
2015471500600,1,3,0,18,0,0,0,0,0,0,1,1,6,1,22,5,125,1,5,-1,3,-1
2015471500600,2,9,0,3,0,0,0,0,0,0,2,1,6,1,36,7,-1,-1,-1,-1,1,-1
2015471500600,3,9,0,3,0,0,0,0,0,0,0,1,6,1,43,7,-1,-1,-1,-1,1,-1
2015471500603,1,9,0,18,0,1,0,0,0,0,4,1,2,1,48,8,2685,2,11,-1,1,-1
2015471500605,1,9,0,1,0,0,0,0,0,0,1,1,6,1,67,10,1895,1,15,-1,1,-1
2015471500605,2,9,0,2,0,0,0,0,0,0,2,1,6,3,-1,-1,1400,1,16,-1,-1,-1
2015471500605,3,9,0,2,0,0,0,0,0,0,1,1,6,3,-1,-1,-1,-1,-1,-1,-1,-1
2015471500606,1,9,0,18,0,2,0,0,0,0,1,1,6,2,24,5,1299,1,13,-1,1,-1
2015471500606,2,11,0,2,0,1,0,0,0,0,0,1,1,1,-1,-1,-1,-1,-1,-1,-1,-1
2015471500607,1,1,0,18,9,1,0,0,0,0,1,1,6,2,57,9,-1,-1,-1,-1,1,-1
2015471500607,2,9,0,18,0,1,0,0,0,0,4,1,2,1,61,9,2996,1,10,-1,1,-1
2015471500608,1,19,0,16,0,0,0,0,0,0,1,1,6,3,-1,-1,-1,-1,-1,-1,-1,-1
2015471500610,1,90,0,18,0,8,0,0,0,0,0,1,1,3,-1,-1,-1,-1,-1,-1,-1,-1
2015471500610,2,3,0,7,0,8,1,0,1,10,4,1,6,1,17,4,-1,-1,-1,-1,1,-1
2015471500611,1,9,0,1,0,0,0,0,0,0,2,1,1,1,63,9,3200,1,11,-1,1,-1
2015471500612,1,9,0,18,0,0,0,4,1,0,1,1,6,2,49,8,-1,-1,-1,-1,1,-1
2015471500612,2,9,0,2,6,0,0,0,0,0,2,1,6,3,-1,-1,1248,1,2,-1,-1,-1
2015471500613,1,9,0,18,0,8,0,0,0,0,1,1,6,1,17,4,973,1,12,-1,-1,-1
2015471500613,2,9,0,3,0,8,0,0,0,0,2,1,6,2,65,9,998,1,1,-1,1,-1
2015471500614,1,19,0,18,0,1,0,0,0,0,0,1,1,3,-1,-1,2300,2,12,-1,-1,-1
2015471500614,2,9,0,18,0,1,0,0,0,0,0,1,6,1,52,8,1598,1,1,-1,1,-1
2015471500616,1,19,0,9,0,8,0,0,0,0,3,1,1,1,28,6,1870,2,9,-1,1,-1
2015471500616,2,3,0,18,0,1,0,0,0,0,1,1,1,2,19,4,123,1,1,-1,1,-1
2015471500618,1,9,0,9,0,4,0,0,0,0,1,1,6,1,69,10,2179,2,8,-1,1,-1
2015471500618,2,20,0,18,0,3,0,0,0,0,4,1,1,1,51,8,6692,2,6,-1,1,-1
2015471500619,1,11,0,5,0,3,0,0,0,0,4,1,1,1,47,8,9360,2,2,-1,1,-1
2015471500619,2,8,0,4,0,3,0,0,0,0,3,1,1,1,47,8,1753,2,7,-1,1,-1
2015471500623,1,8,0,18,0,4,0,0,0,0,1,1,6,1,-1,-1,1753,2,7,-1,-1,-1
2015471500623,2,1,0,18,0,8,0,0,0,0,4,1,6,1,33,6,-1,-1,-1,-1,1,-1
2015471500624,1,9,0,8,0,1,0,0,0,0,1,1,6,2,50,8,4367,2,4,-1,3,-1
2015471500624,2,3,0,7,0,1,0,0,0,0,2,1,2,1,38,7,123,1,9,-1,1,-1
2015471500625,1,9,0,16,0,1,1,0,0,0,1,1,6,2,45,7,698,1,9,-1,1,-1
2015471500625,2,9,0,2,0,2,0,0,0,0,2,1,6,1,43,7,1497,1,14,-1,1,-1
2015471500627,1,9,0,18,0,0,0,0,0,0,1,1,6,2,25,5,1598,1,9,-1,1,-1
2015471500627,2,19,0,3,0,0,0,0,0,0,2,1,6,1,56,9,1995,2,6,-1,1,-1
2015471500628,1,9,0,9,0,6,0,0,0,0,1,1,6,2,27,6,1390,1,11,-1,1,-1
2015471500628,2,9,0,18,0,1,0,0,0,0,4,1,6,2,29,6,-1,-1,-1,-1,1,-1
2015471500629,1,19,0,7,0,4,0,0,0,0,1,1,2,1,28,6,1248,2,2,-1,1,-1
2015471500629,2,2,0,8,0,4,0,0,0,0,2,1,6,2,16,4,49,1,1,-1,1,-1
2015471500630,1,9,0,7,0,8,0,0,0,0,0,1,6,1,42,7,1242,1,5,-1,1,-1
2015471500630,2,11,0,18,0,1,0,0,0,0,0,1,1,1,61,9,-1,-1,-1,-1,1,-1
2015471500631,1,1,0,18,0,8,0,0,0,0,1,1,6,1,35,6,-1,-1,-1,-1,1,-1
2015471500631,2,9,0,18,0,8,0,0,0,0,4,1,6,1,32,6,1596,1,16,-1,1,-1
2015471500632,1,9,0,9,0,6,0,0,0,0,3,1,6,2,41,7,2993,2,5,-1,1,-1
2015471500632,2,9,0,18,0,1,0,0,0,0,1,1,6,2,24,5,-1,-1,-1,-1,1,-1
2015471500633,1,9,0,18,0,0,0,0,1,4,1,1,6,1,40,7,-1,-1,-1,-1,1,-1
2015471500634,1,9,0,18,0,8,0,0,0,0,1,1,6,1,35,6,2393,1,13,-1,1,-1
2015471500634,2,9,0,3,0,8,0,0,0,0,2,1,6,2,72,10,1198,1,6,-1,1,-1
2015471500634,3,9,0,3,0,8,0,0,0,0,2,1,6,1,50,8,1995,1,13,-1,1,-1
2015471500634,4,9,0,10,0,2,0,0,0,0,0,1,6,3,30,6,-1,-1,-1,-1,-1,-1
2015471500635,1,9,0,17,0,8,0,0,0,0,1,1,6,2,39,7,1390,1,1,-1,1,-1
2015471500635,2,9,0,18,0,8,0,0,0,0,1,1,6,2,23,5,1149,1,12,-1,1,-1
2015471500638,1,9,0,18,0,4,0,0,0,0,1,1,2,2,25,5,1995,2,12,-1,1,-1
2015471500638,2,1,0,18,0,8,0,0,0,0,1,1,2,1,50,8,-1,-1,-1,-1,1,-1
2015471500644,1,9,0,16,0,0,1,0,1,0,2,1,6,2,22,5,-1,-1,-1,-1,1,-1
2015471500647,1,9,0,16,0,0,2,0,7,4,4,1,6,1,31,6,1196,1,21,-1,-1,-1
2015471500647,2,9,0,2,0,0,0,0,0,0,0,1,1,1,35,6,2993,2,6,-1,1,-1
2015471500648,1,9,0,4,0,1,0,0,0,0,1,1,6,3,-1,-1,2720,2,9,-1,-1,-1
2015471500648,2,9,0,8,0,1,0,0,0,0,2,1,2,1,34,6,1461,2,7,-1,1,-1
2015471500649,1,11,0,14,0,1,0,0,0,0,4,1,1,2,54,8,9360,2,2,-1,1,-1
2015471500649,2,9,0,9,0,1,0,0,0,0,3,1,1,1,18,4,1499,2,1,-1,1,-1
2015471500649,3,9,0,4,0,1,0,0,0,0,0,1,6,1,30,6,-1,-1,-1,-1,-1,-1
2015471500653,1,9,0,3,0,4,0,0,0,0,1,1,6,1,22,5,1124,1,14,-1,1,-1
2015471500653,2,9,0,5,0,4,0,0,0,0,2,1,6,2,53,8,1991,2,8,-1,1,-1
2015471500654,1,9,0,9,0,8,0,0,0,0,1,1,6,1,58,9,1956,2,5,-1,2,-1
2015471500654,2,9,0,18,0,1,1,0,0,0,1,1,6,2,59,9,-1,-1,-1,-1,2,-1
2015471500657,1,9,0,18,0,2,0,0,0,0,1,1,1,2,56,9,1560,2,1,-1,1,-1
2015471500658,1,9,0,18,0,0,0,4,0,0,1,1,6,2,43,7,1975,1,9,-1,1,-1
2015471500658,2,9,0,18,0,0,0,0,7,0,1,1,6,2,52,8,-1,-1,-1,-1,1,-1
2015471500658,3,9,0,2,0,0,0,0,0,0,1,1,6,3,-1,-1,1796,1,13,-1,-1,-1
2015471500659,1,9,0,16,0,0,0,0,2,4,1,1,6,1,59,9,1769,1,12,-1,3,-1
2015471500659,2,9,0,17,0,0,0,0,7,0,3,1,6,2,42,7,1599,1,11,-1,3,-1
2015471500663,1,19,0,18,0,4,0,0,0,0,1,1,1,1,46,8,2198,2,8,-1,1,-1
2015471500663,2,9,0,5,0,4,0,0,0,0,2,1,6,2,64,9,1198,1,9,-1,1,-1
2015471500664,1,9,0,1,0,1,0,0,0,0,2,1,6,1,58,9,1973,1,14,-1,1,-1
2015471500667,1,9,0,17,0,0,2,0,8,4,1,1,6,2,45,7,-1,-1,-1,-1,2,-1
2015471500669,1,9,0,13,0,0,0,0,0,0,4,1,6,1,55,8,4511,1,12,-1,1,-1
2015471500669,2,9,0,18,0,0,0,0,1,3,3,1,6,1,45,7,-1,-1,-1,-1,1,-1
2015471500670,1,11,0,18,0,0,0,0,0,0,1,1,6,1,35,6,-1,2,17,-1,1,-1
2015471500670,2,9,0,7,0,0,0,0,0,0,1,1,6,1,48,8,1598,1,2,-1,1,-1
2015471500672,1,9,0,18,0,0,2,0,4,4,1,1,6,2,25,5,-1,-1,-1,-1,3,-1
2015471500673,1,9,0,16,0,0,2,0,1,11,1,1,6,1,31,6,-1,-1,-1,-1,1,-1
2015471500676,1,9,0,18,0,4,0,0,0,0,1,1,6,1,40,7,-1,-1,-1,-1,1,-1
2015471500677,1,9,0,18,0,1,0,0,1,5,1,1,6,2,31,6,-1,-1,-1,-1,1,-1
2015471500680,1,9,0,16,0,0,0,0,0,0,1,1,6,2,31,6,-1,-1,-1,-1,-1,-1
2015471500680,2,9,0,17,0,0,0,0,0,0,3,1,6,1,49,8,1242,1,6,-1,1,-1
2015471500683,1,8,0,18,0,0,0,4,0,0,3,1,1,1,38,7,1968,2,6,-1,1,-1
2015471500683,2,9,0,2,0,0,0,0,0,0,4,1,6,3,-1,-1,1396,1,15,-1,-1,-1
2015471500684,1,21,1,17,0,0,0,0,0,0,0,1,1,1,43,7,12777,2,8,-1,1,-1
2015471500684,2,19,0,17,0,0,2,11,1,10,4,1,1,1,27,6,-1,-1,-1,-1,3,-1
2015471500685,1,9,0,17,0,0,5,0,2,10,4,1,6,1,57,9,-1,-1,-1,-1,2,-1
2015471500689,1,9,0,9,0,8,0,0,0,0,3,1,2,1,71,10,1339,1,1,-1,1,-1
2015471500689,2,19,0,18,0,8,0,0,0,0,1,1,1,1,26,6,2800,2,9,-1,1,-1
2015471500691,1,19,0,18,0,1,0,0,0,0,1,1,1,1,25,5,2143,2,1,-1,3,-1
2015471500691,2,9,0,9,0,1,0,0,0,0,2,1,6,2,34,6,2435,1,8,-1,1,-1
2015471500692,1,22,0,18,9,0,0,0,0,0,1,1,6,3,-1,-1,-1,-1,-1,-1,-1,-1
2015471500695,1,9,0,16,0,0,1,0,7,4,1,1,6,2,38,7,2487,2,15,-1,3,-1
2015471500697,1,9,0,18,0,4,0,0,0,0,3,1,6,2,30,6,1910,2,7,-1,1,-1
2015471500697,2,1,0,18,0,8,0,0,0,0,1,1,6,1,73,10,-1,-1,-1,-1,1,-1
2015471500700,1,9,0,9,0,8,0,0,0,0,1,1,6,1,54,8,1587,1,12,-1,1,-1
2015471500700,2,9,0,18,0,8,0,0,0,0,1,1,6,1,50,8,1360,2,22,-1,1,-1
2015471500702,1,9,0,17,0,4,0,0,0,0,3,1,6,2,21,5,1388,1,7,-1,1,-1
2015471500702,2,19,0,17,0,4,0,0,0,0,4,1,1,2,48,8,1753,2,7,-1,1,-1
2015471500703,1,19,0,9,0,1,0,0,0,0,1,1,6,3,40,7,2198,2,1,-1,-1,-1
2015471500707,1,9,0,18,0,1,0,0,0,0,1,1,6,1,29,6,1368,1,8,-1,3,-1
2015471500707,2,9,0,3,0,1,0,0,0,0,2,1,6,1,48,8,2495,2,21,-1,1,-1
2015471500708,1,9,0,1,0,2,0,0,0,0,2,1,6,1,30,6,-1,-1,-1,-1,-1,-1
2015471500708,2,9,0,3,0,2,0,0,0,0,1,1,6,1,32,6,-1,-1,-1,-1,1,-1
2015471500710,1,20,0,18,0,0,0,0,0,0,1,1,1,1,30,6,4580,2,3,-1,1,-1
2015471500710,2,19,0,18,0,0,0,0,0,0,1,1,1,1,47,8,1870,2,9,-1,1,-1
2015471500712,1,9,0,12,0,2,0,0,0,0,3,1,6,3,-1,-1,1149,1,2,-1,-1,-1
2015471500712,2,9,0,18,0,2,0,0,0,0,4,1,6,1,56,9,2143,2,3,-1,2,-1
2015471500714,1,3,0,17,0,2,1,0,1,0,3,1,6,1,20,4,124,1,1,-1,2,-1
2015471500715,1,9,0,18,0,8,0,0,3,1,3,1,6,1,27,6,1560,2,1,-1,1,-1
2015471500715,2,19,0,18,0,8,0,0,0,0,1,1,1,1,63,9,2402,2,7,-1,1,-1
2015471500718,1,4,0,18,0,0,0,0,0,0,1,1,6,1,56,9,344,1,30,-1,1,-1