Accident_Index,Vehicle_Reference,Vehicle_Type,Towing_and_Articulation,Vehicle_Manoeuvre,Vehicle_Location-Restricted_Lane,Junction_Location,Skidding_and_Overturning,Hit_Object_in_Carriageway,Vehicle_Leaving_Carriageway,Hit_Object_off_Carriageway,1st_Point_of_Impact,Was_Vehicle_Left_Hand_Drive?,Journey_Purpose_of_Driver,Sex_of_Driver,Age_of_Driver,Age_Band_of_Driver,Engine_Capacity_(CC),Propulsion_Code,Age_of_Vehicle,Driver_IMD_Decile,Driver_Home_Area_Type,Vehicle_IMD_Decile
2015471500718,2,19,0,5,0,0,0,0,0,0,1,1,6,1,74,10,1997,2,12,-1,1,-1
2015471500719,1,9,0,5,4,1,0,0,0,0,1,1,6,3,-1,-1,1598,1,9,-1,-1,-1
2015471500719,2,1,0,5,4,1,0,0,0,0,2,1,6,1,25,5,-1,-1,-1,-1,1,-1
2015471500720,1,9,0,13,0,0,0,0,0,0,1,1,6,2,41,7,1686,2,8,-1,1,-1
2015471500720,2,9,0,18,0,0,0,0,0,0,2,1,6,1,85,11,1248,1,5,-1,1,-1
2015471500722,1,8,0,13,0,0,0,0,0,0,4,1,1,1,33,6,1991,2,7,-1,1,-1
2015471500722,2,2,0,18,0,0,0,0,0,0,3,1,6,2,22,5,125,1,5,-1,3,-1
2015471500725,1,19,0,18,0,0,0,0,0,0,1,1,1,1,46,8,-1,-1,-1,-1,1,-1
2015471500725,2,9,0,18,0,0,0,0,0,0,2,1,2,1,54,8,1997,2,3,-1,2,-1
2015471500725,3,9,0,18,0,0,0,0,0,0,2,1,6,2,51,8,1248,2,7,-1,1,-1
2015471500725,4,9,0,18,0,0,0,0,0,0,2,1,6,1,34,6,1591,1,8,-1,2,-1
2015471500729,1,9,0,18,0,0,0,0,0,0,0,1,6,1,44,7,-1,-1,-1,-1,-1,-1
2015471500729,2,3,0,18,0,0,1,0,0,0,0,1,6,1,21,5,125,1,2,-1,1,-1
2015471500732,1,19,0,18,0,0,0,0,0,0,0,1,6,1,71,10,-1,-1,-1,-1,3,-1
2015471500732,2,9,0,2,0,0,0,0,0,0,0,1,6,3,-1,-1,998,1,1,-1,-1,-1
2015471500735,1,9,0,16,0,0,0,0,0,0,1,1,2,2,42,7,-1,-1,-1,-1,1,-1
2015471500735,2,9,0,18,0,0,0,0,0,0,1,1,6,2,21,5,1560,2,1,-1,2,-1
2015471500738,1,9,0,18,0,0,0,0,1,0,1,1,6,1,76,11,-1,-1,-1,-1,1,-1
2015471500739,1,9,0,18,0,0,1,0,0,0,1,1,6,1,28,6,-1,-1,-1,-1,1,-1
2015471500739,2,9,0,4,0,0,0,0,0,0,2,1,2,1,50,8,4134,2,10,-1,3,-1
2015471500745,1,9,0,18,0,4,0,0,0,0,1,1,6,1,31,6,1198,1,1,-1,1,-1
2015471500745,2,3,0,18,0,4,0,0,0,0,2,1,6,1,38,7,124,1,2,-1,1,-1
2015471500749,1,9,0,5,0,6,0,0,0,0,3,1,1,1,58,9,1795,1,15,-1,2,-1
2015471500749,2,9,0,18,0,8,1,0,0,0,1,1,6,1,49,8,-1,-1,-1,-1,1,-1
2015471500752,1,10,0,5,0,4,0,0,0,0,1,1,6,1,20,4,2198,2,1,-1,1,-1
2015471500752,2,2,0,9,0,8,0,0,0,0,3,1,6,1,16,4,49,1,4,-1,1,-1
2015471500754,1,9,0,4,0,4,0,0,0,0,1,1,1,1,20,4,1598,2,2,-1,1,-1
2015471500754,2,9,0,3,0,3,0,0,0,0,2,1,6,2,38,7,1275,1,18,-1,1,-1
2015471500754,3,9,0,3,0,3,0,0,0,0,2,1,6,2,63,9,2179,2,3,-1,1,-1
2015471500755,1,9,0,18,0,0,5,0,8,10,1,1,6,2,65,9,-1,-1,-1,-1,3,-1
2015471500762,1,9,0,18,0,0,0,0,0,0,1,1,6,2,52,8,2143,2,2,-1,1,-1
2015471500762,2,9,0,4,0,0,0,0,0,0,2,1,6,2,53,8,-1,-1,-1,-1,1,-1
2015471500762,3,9,0,4,0,0,0,0,0,0,2,1,6,1,27,6,-1,-1,-1,-1,1,-1
2015471500762,4,9,0,4,0,0,0,0,0,0,2,1,6,1,54,8,1496,2,1,-1,1,-1
2015471500763,1,19,0,18,0,0,0,0,1,0,1,1,6,1,50,8,-1,-1,-1,-1,1,-1
2015471500763,2,20,0,18,0,0,0,0,0,0,1,1,1,1,31,6,2148,2,6,-1,1,-1
2015471500764,1,9,0,7,0,8,0,0,0,0,1,1,6,1,92,11,1108,1,11,-1,1,-1
2015471500765,1,9,0,18,0,6,0,0,0,0,1,1,2,1,37,7,1598,2,1,-1,1,-1
2015471500765,2,4,0,18,0,8,0,0,1,0,3,1,6,1,21,5,125,1,3,-1,1,-1
2015471500767,1,9,0,18,0,8,0,0,1,0,3,1,2,2,31,6,1896,2,8,-1,1,-1
2015471500767,2,9,0,18,0,8,0,0,0,0,1,1,2,2,22,5,-1,-1,-1,-1,1,-1
2015471500774,1,9,0,4,0,0,0,0,0,0,1,1,4,1,37,7,1364,2,2,-1,1,-1
2015471500774,2,9,0,4,0,0,0,0,0,0,2,1,2,2,41,7,1560,2,6,-1,1,-1
2015471500774,3,9,0,4,0,0,0,0,0,0,2,1,6,2,47,8,1497,1,10,-1,1,-1
2015471500775,1,9,0,9,0,2,0,0,0,0,1,1,2,2,49,8,1587,1,12,-1,1,-1
2015471500775,2,1,0,18,0,8,0,0,0,0,4,1,2,1,38,7,-1,-1,-1,-1,1,-1
2015471500776,1,9,0,18,0,0,0,0,1,4,1,1,2,1,55,8,-1,-1,-1,-1,-1,-1
2015471500777,1,9,0,18,0,1,0,0,0,0,1,1,2,2,54,8,1386,1,8,-1,1,-1
2015471500778,1,9,0,9,0,1,0,0,0,0,3,1,6,2,42,7,2953,2,12,-1,1,-1
2015471500778,2,3,0,13,0,1,0,0,0,0,4,1,6,1,32,6,660,1,6,-1,1,-1
2015471500779,1,9,0,6,0,2,0,0,8,10,3,1,6,2,47,8,1360,1,3,-1,1,-1
2015471500779,2,9,0,18,0,2,0,0,0,0,1,1,6,1,53,8,-1,-1,-1,-1,1,-1
2015471500779,3,9,0,2,0,1,0,0,0,0,1,1,6,3,-1,-1,1598,2,4,-1,-1,-1
2015471500780,1,9,0,7,0,1,0,0,0,0,1,1,6,2,42,7,1798,1,7,-1,1,-1
2015471500783,1,9,0,9,0,8,0,0,0,0,3,1,6,1,62,9,1973,1,14,-1,1,-1
2015471500784,1,9,0,9,0,8,0,0,0,0,3,1,2,1,42,7,1328,1,14,-1,3,-1
2015471500784,2,9,0,18,0,8,0,0,0,0,1,1,6,2,64,9,2148,2,13,-1,1,-1
2015471500784,3,19,0,7,0,8,0,0,0,0,0,1,1,1,40,7,-1,-1,-1,-1,-1,-1
2015471500786,1,9,0,18,0,1,0,7,7,1,1,1,6,1,38,7,-1,-1,-1,-1,1,-1
2015471500788,1,9,0,4,0,4,0,0,0,0,1,1,6,1,40,7,1560,2,1,-1,1,-1
2015471500788,2,9,0,4,0,1,0,0,0,0,2,1,6,1,44,7,2996,1,9,-1,1,-1
2015471500791,1,9,0,9,0,8,5,4,0,0,1,1,6,1,26,6,-1,-1,-1,-1,1,-1
2015471500791,2,9,0,10,0,1,0,0,0,0,0,1,1,1,31,6,1997,2,7,-1,1,-1
2015471500791,3,9,0,2,0,2,0,0,0,0,2,1,6,2,18,4,1199,1,14,-1,-1,-1
2015471500792,1,9,0,10,0,5,0,0,0,0,3,1,6,2,24,5,2493,1,15,-1,3,-1
2015471500792,2,9,0,18,0,8,0,0,0,0,3,1,6,1,58,9,-1,-1,-1,-1,1,-1
2015471500794,1,9,0,18,0,2,0,10,8,11,1,1,6,1,22,5,-1,-1,-1,-1,1,-1
2015471500794,2,9,0,2,0,1,0,0,0,0,1,1,6,3,-1,-1,2393,1,16,-1,-1,-1
2015471500794,3,9,0,2,0,1,0,0,0,0,1,1,6,3,-1,-1,-1,-1,-1,-1,-1,-1
2015471500795,1,20,0,18,0,8,0,0,0,0,1,1,1,1,25,5,9290,2,2,-1,3,-1
2015471500795,2,9,0,9,0,8,0,0,0,0,3,1,3,2,25,5,1796,1,14,-1,1,-1
2015471500796,1,9,0,18,0,8,0,0,7,0,4,1,6,1,22,5,-1,-1,-1,-1,1,-1
2015471500796,2,9,0,18,0,8,0,0,0,0,1,1,6,1,17,4,999,1,16,-1,3,-1
2015471500797,1,9,0,5,0,1,0,0,0,0,1,1,6,1,34,6,1242,1,13,-1,1,-1
2015471500797,2,9,0,9,0,1,0,0,0,0,2,1,6,1,49,8,1390,1,10,-1,1,-1
2015471500797,3,9,0,18,0,1,0,0,0,0,0,1,6,1,-1,-1,-1,-1,-1,-1,-1,-1
2015471500801,1,9,0,18,0,1,0,0,0,0,1,1,6,1,25,5,1587,1,10,-1,3,-1
2015471500802,1,19,0,7,0,6,0,0,0,0,4,1,1,2,36,7,-1,-1,-1,-1,1,-1
2015471500802,2,19,0,2,0,2,0,0,0,0,2,1,1,1,34,6,1870,2,12,-1,1,-1
2015471500805,1,9,0,18,0,4,0,0,0,0,1,1,6,2,45,7,-1,-1,-1,-1,-1,-1
2015471500805,2,1,0,18,0,4,0,0,0,0,4,1,6,1,15,3,-1,-1,-1,-1,1,-1
2015471500808,1,9,0,18,0,0,0,0,0,0,1,1,6,1,21,5,-1,-1,-1,-1,1,-1
2015471500808,2,9,0,18,0,0,0,0,0,0,1,1,6,2,69,10,-1,-1,-1,-1,3,-1
2015471500810,1,9,0,9,0,0,0,0,0,0,3,1,6,2,25,5,-1,-1,-1,-1,2,-1
2015471500810,2,9,0,18,0,0,0,0,0,0,1,1,6,1,72,10,2495,2,9,-1,3,-1
2015471500811,1,3,0,13,0,8,0,0,0,0,0,1,2,1,31,6,124,1,2,-1,1,-1
2015471500811,2,9,0,8,0,4,0,0,0,0,0,1,6,2,82,11,1596,1,12,-1,3,-1
2015471500812,1,9,0,14,0,2,0,0,0,0,3,2,6,1,25,5,-1,-1,-1,-1,1,-1
2015471500812,2,9,0,18,0,1,0,0,0,0,3,1,6,2,69,10,1984,1,5,-1,1,-1
2015471500813,1,9,0,9,0,6,0,0,0,0,1,1,6,1,29,6,1149,1,10,-1,1,-1
2015471500813,2,3,0,18,0,8,1,0,0,0,1,1,6,1,39,7,124,1,4,-1,1,-1
2015471500815,1,3,0,15,0,0,0,0,0,0,1,1,2,1,19,4,125,1,11,-1,1,-1
2015471500817,1,9,0,18,0,0,0,0,0,0,1,1,6,3,-1,-1,-1,-1,-1,-1,-1,-1
2015471500817,2,8,0,3,0,0,0,0,0,0,2,1,1,1,41,7,1797,8,1,-1,1,-1
2015471500818,1,9,0,9,0,6,0,0,0,0,1,1,6,1,45,7,-1,-1,-1,-1,1,-1
2015471500818,2,8,0,18,0,1,0,0,0,0,4,1,1,1,35,6,1995,2,4,-1,1,-1
2015471500820,1,9,0,18,0,0,0,0,0,0,1,1,6,1,30,6,1198,1,4,-1,1,-1
2015471500820,2,9,0,3,0,0,0,0,0,0,2,1,6,1,20,4,3199,1,14,-1,1,-1
2015471500821,1,9,0,1,0,1,0,0,0,0,2,1,6,3,32,6,1598,2,2,-1,1,-1
2015471500822,1,9,0,5,0,6,0,0,0,0,2,1,6,1,26,6,1995,2,1,-1,1,-1
2015471500822,2,9,0,18,0,1,0,0,0,0,1,1,6,1,23,5,1968,2,5,-1,1,-1
2015471500824,1,9,0,18,0,0,1,0,1,9,1,1,6,1,86,11,2496,1,8,-1,2,-1
2015471500824,2,17,0,10,0,0,0,0,0,0,0,1,1,1,28,6,6728,2,1,-1,2,-1
2015471500825,1,9,0,9,0,1,0,0,0,0,4,1,6,2,20,4,-1,-1,-1,-1,2,-1
2015471500825,2,9,0,18,0,5,0,0,0,0,1,1,6,2,43,7,1910,2,12,-1,-1,-1
2015471500825,3,9,0,18,0,1,0,0,0,0,1,1,3,2,38,7,2499,2,10,-1,3,-1
2015471500827,1,9,0,18,0,8,0,0,0,0,1,1,6,2,61,9,2996,1,7,-1,3,-1
2015471500828,1,3,0,15,0,8,0,0,0,0,1,1,6,1,55,8,125,1,4,-1,1,-1
2015471500828,2,9,0,7,0,8,0,0,0,0,4,1,6,2,27,6,1360,1,13,-1,1,-1
2015471500829,1,9,0,16,0,0,0,0,5,6,1,1,6,2,60,9,1493,2,7,-1,2,-1
2015471500831,1,9,0,16,0,8,0,0,2,1,1,1,6,1,85,11,1397,1,4,-1,1,-1
2015471500832,1,9,0,16,0,0,2,0,1,9,4,1,2,2,22,5,-1,-1,-1,-1,1,-1
2015471500833,1,3,0,18,0,1,1,0,0,0,1,1,6,1,21,5,125,1,1,-1,1,-1
2015471500836,1,9,0,16,0,0,0,0,0,0,1,1,6,2,-1,-1,2429,1,9,-1,1,-1
2015471500837,1,9,0,18,0,8,0,0,0,0,1,1,6,1,60,9,-1,-1,-1,-1,1,-1
2015471500837,2,1,0,18,0,8,0,0,0,0,3,1,6,1,30,6,-1,-1,-1,-1,1,-1
2015471500838,1,4,0,14,0,0,0,0,0,0,1,1,6,1,49,8,398,1,14,-1,1,-1
2015471500838,2,9,0,5,0,0,0,0,0,0,3,1,6,2,44,7,998,1,11,-1,1,-1
2015471500838,3,9,0,18,0,0,0,0,0,0,1,1,6,1,38,7,1995,2,6,-1,1,-1
2015471500841,1,9,0,18,0,1,0,0,0,0,3,1,6,1,27,6,-1,-1,-1,-1,1,-1
2015471500842,1,9,0,9,0,1,0,0,0,0,1,1,6,1,30,6,-1,-1,-1,-1,1,-1
2015471500842,2,9,0,18,0,1,0,0,0,0,2,1,6,2,45,7,1248,2,4,-1,1,-1
2015471500842,3,9,0,18,0,1,0,0,0,0,0,1,1,1,-1,-1,-1,-1,-1,-1,-1,-1
2015471500842,4,9,0,18,0,1,0,0,0,0,0,1,6,1,-1,-1,-1,-1,-1,-1,-1,-1
2015471500843,1,9,0,18,0,8,0,0,0,0,1,1,6,1,40,7,1328,1,14,-1,3,-1
2015471500843,2,9,0,9,0,8,0,0,0,0,2,1,6,2,46,8,1560,2,4,-1,1,-1
2015471500845,1,9,4,17,0,8,0,0,0,0,4,1,6,1,47,8,2495,2,12,-1,2,-1
2015471500845,2,1,0,18,0,8,0,0,0,0,3,1,6,1,44,7,-1,-1,-1,-1,1,-1
2015471500846,1,9,0,4,0,2,0,0,0,0,1,1,6,1,62,9,-1,-1,-1,-1,1,-1
2015471500846,2,9,0,18,0,2,0,0,0,0,2,1,1,1,33,6,1596,1,6,-1,1,-1
2015471500847,1,3,0,18,0,1,0,0,0,0,1,1,2,1,28,6,125,1,8,-1,1,-1
2015471500847,2,8,0,9,0,1,0,0,0,0,2,1,1,1,34,6,1997,2,4,-1,1,-1
2015471500848,1,9,0,18,0,2,0,0,0,0,1,1,6,1,25,5,1600,1,15,-1,3,-1
2015471500848,2,9,0,7,0,5,0,0,0,0,3,1,6,1,70,10,1796,1,11,-1,1,-1
2015471500849,1,9,0,17,0,0,1,0,1,4,3,1,6,1,18,4,-1,-1,-1,-1,1,-1
2015471500850,1,9,0,16,0,0,0,0,7,10,3,1,6,2,54,8,-1,-1,-1,-1,1,-1
2015471500855,1,9,0,13,0,0,0,0,0,0,3,1,6,1,17,4,1390,1,15,-1,1,-1
2015471500855,2,90,0,13,0,0,0,0,0,0,4,1,1,1,25,5,2299,2,3,-1,-1,-1
2015471500857,1,9,0,2,0,1,0,0,0,0,3,1,6,2,48,8,1997,2,13,-1,1,-1
2015471500857,2,9,0,18,0,1,0,0,0,0,4,1,6,2,63,9,1242,1,3,-1,1,-1
2015471500860,1,9,0,2,0,0,0,0,0,0,3,1,6,2,44,7,-1,-1,-1,-1,2,-1
2015471500860,2,1,0,18,0,0,0,8,0,0,1,1,6,2,60,9,-1,-1,-1,-1,1,-1
2015471500862,1,9,0,16,0,0,5,0,0,0,3,1,6,1,72,10,1991,2,9,-1,3,-1
2015471500862,2,9,0,17,0,0,1,0,0,0,3,1,6,2,44,7,-1,-1,-1,-1,3,-1
2015471500862,3,90,0,18,0,0,0,0,0,0,0,2,6,3,40,7,-1,-1,-1,-1,-1,-1
2015471500863,1,9,0,5,0,2,0,0,0,0,1,1,6,1,38,7,5500,1,16,-1,1,-1
2015471500863,2,4,0,9,0,1,0,0,0,0,2,1,6,1,29,6,487,1,9,-1,3,-1
2015471500866,1,9,0,9,0,6,1,0,0,0,3,1,6,2,35,6,1800,1,16,-1,1,-1
2015471500866,2,3,0,18,0,1,1,0,0,0,1,1,6,1,48,8,124,1,4,-1,1,-1
2015471500868,1,2,0,9,0,6,0,0,0,0,3,1,6,1,16,4,50,1,12,-1,1,-1
2015471500868,2,9,0,18,0,1,0,0,0,0,1,1,6,2,22,5,1598,1,7,-1,1,-1
2015471500869,1,9,0,9,0,8,0,0,0,0,4,1,6,1,19,4,-1,-1,-1,-1,1,-1
2015471500869,2,9,0,18,0,8,0,0,0,0,1,1,6,1,78,11,1086,1,6,-1,1,-1
2015471500874,1,9,0,18,0,4,0,0,0,0,1,1,6,2,70,10,998,1,4,-1,1,-1
2015471500874,2,9,0,18,0,3,0,0,0,0,4,1,2,1,21,5,1149,1,13,-1,2,-1
2015471500875,1,9,0,9,0,5,0,0,0,0,4,1,6,3,-1,-1,-1,-1,-1,-1,-1,-1
2015471500875,2,9,0,18,0,8,0,0,0,0,4,1,6,2,35,6,1590,1,13,-1,1,-1
2015471500879,1,19,0,18,0,1,0,0,0,0,1,1,1,1,59,9,-1,-1,-1,-1,1,-1
2015471500879,2,9,0,4,0,1,0,0,0,0,2,1,2,2,43,7,1468,1,9,-1,1,-1
2015471500879,3,19,0,4,0,1,0,0,0,0,2,1,1,1,25,5,1998,2,9,-1,3,-1
2015471500879,4,9,0,10,0,8,0,0,0,0,0,1,6,1,40,7,-1,-1,-1,-1,-1,-1
2015471500880,1,9,0,5,0,2,0,0,0,0,3,1,2,1,41,7,-1,-1,-1,-1,1,-1
2015471500880,2,4,0,18,0,2,0,0,0,0,4,1,2,1,51,8,278,1,4,-1,1,-1
2015471500881,1,9,0,18,0,1,0,0,0,0,1,1,6,1,30,6,1995,2,5,-1,1,-1
2015471500881,2,9,0,3,0,1,0,0,0,0,2,1,6,2,28,6,1360,1,13,-1,1,-1
2015471500884,1,9,0,18,0,8,0,0,0,0,1,1,6,1,18,4,-1,-1,-1,-1,3,-1
2015471500884,2,20,0,18,0,8,0,0,0,0,2,1,1,1,45,7,4580,2,7,-1,1,-1
2015471500884,3,9,0,18,0,8,0,1,0,0,1,1,1,1,28,6,2993,2,2,-1,1,-1
2015471500884,4,9,0,2,0,8,0,0,0,0,1,1,1,3,-1,-1,2967,2,1,-1,-1,-1
2015471500885,1,9,0,9,0,8,0,0,3,10,1,1,6,2,48,8,1799,1,7,-1,1,-1
2015471500885,2,9,0,18,0,8,0,0,0,0,4,1,6,2,78,11,1587,1,12,-1,1,-1
2015471500890,1,9,0,9,0,8,0,0,0,0,4,1,6,1,29,6,1984,1,10,-1,1,-1
2015471500890,2,9,0,18,0,8,0,0,0,0,1,1,6,1,57,9,1560,2,1,-1,3,-1
2015471500890,3,21,0,8,0,8,0,0,0,0,1,1,6,1,45,7,4461,2,3,-1,1,-1
2015471500891,1,19,0,13,0,0,0,0,0,0,3,1,6,1,56,9,2461,2,13,-1,1,-1
2015471500891,2,9,0,18,0,0,0,0,1,0,1,1,6,1,23,5,1461,2,1,-1,1,-1
2015471500891,3,20,0,18,0,0,0,0,0,0,0,1,1,1,42,7,2198,2,1,-1,2,-1
2015471500892,1,9,0,18,0,0,1,0,5,6,1,1,2,1,24,5,-1,-1,-1,-1,1,-1
2015471500892,2,9,0,18,0,0,0,0,0,0,0,1,6,3,35,6,-1,-1,-1,-1,-1,-1
2015471500892,3,9,0,12,0,0,0,0,0,0,0,1,6,2,20,4,-1,-1,-1,-1,1,-1
2015471500893,1,5,0,9,0,1,0,0,0,0,4,1,1,1,47,8,1000,1,12,-1,1,-1
2015471500897,1,1,0,18,0,8,0,0,0,0,1,1,6,2,37,7,-1,-1,-1,-1,1,-1
2015471500897,2,9,0,18,0,8,0,0,0,0,3,1,6,1,43,7,-1,3,1,-1,1,-1
2015471500899,1,19,0,9,0,8,0,0,3,0,3,1,1,1,56,9,2148,2,8,-1,1,-1
2015471500899,2,9,0,18,0,8,0,0,7,1,1,1,6,1,40,7,2496,2,12,-1,2,-1
2015471500900,1,9,0,15,0,0,0,0,0,0,0,1,1,2,45,7,1582,2,1,-1,1,-1
2015471500900,2,21,1,2,0,0,0,0,0,0,0,1,1,1,43,7,11946,2,2,-1,1,-1
2015471500902,1,9,0,1,0,1,0,0,0,0,2,1,6,2,45,7,1796,1,4,-1,-1,-1
2015471500903,1,9,0,5,0,1,0,0,0,0,0,1,6,1,92,11,1598,1,9,-1,1,-1
2015471500903,2,9,0,17,0,8,0,0,0,0,0,1,1,1,24,5,-1,-1,-1,-1,2,-1
2015471500905,1,9,0,18,0,0,2,0,2,7,4,1,6,2,23,5,1598,1,6,-1,1,-1
2015471500906,1,9,0,18,0,0,0,0,0,0,1,1,6,1,66,10,1988,1,18,-1,1,-1
2015471500906,2,9,0,2,0,0,0,0,0,0,3,1,6,2,36,7,1997,2,13,-1,1,-1
2015471500907,1,19,0,9,0,8,0,0,0,0,3,1,2,1,29,6,-1,-1,-1,-1,3,-1
2015471500907,2,9,0,18,0,8,0,0,0,0,1,1,6,1,59,9,3456,8,3,-1,2,-1
2015471500909,1,9,0,9,0,1,0,0,0,0,1,1,1,2,57,9,1395,1,1,-1,1,-1
2015471500909,2,9,0,18,0,1,0,0,0,0,4,1,6,1,20,4,998,1,1,-1,1,-1
2015471500910,1,9,0,4,0,0,0,0,0,0,1,1,2,1,20,4,-1,-1,-1,-1,1,-1
2015471500910,2,9,0,3,0,0,0,0,0,0,2,1,2,2,44,7,-1,-1,-1,-1,1,-1
2015471500910,3,9,0,3,0,0,0,0,0,0,2,1,6,1,21,5,-1,-1,-1,-1,3,-1
2015471500910,4,21,0,2,0,0,0,0,0,0,0,1,1,3,40,7,-1,-1,-1,-1,-1,-1
2015471500912,1,9,0,5,0,4,0,0,0,0,3,1,6,1,46,8,2979,1,12,-1,3,-1
2015471500912,2,3,0,17,0,8,1,0,0,0,1,1,6,1,17,4,124,1,9,-1,1,-1
2015471500913,1,19,0,18,0,0,0,0,0,0,1,1,2,1,21,5,1248,2,4,-1,1,-1
2015471500913,2,9,0,2,0,0,0,0,0,0,1,1,6,3,-1,-1,1896,2,12,-1,-1,-1
2015471500913,3,9,0,2,0,0,0,0,0,0,1,1,6,3,-1,-1,1984,1,13,-1,-1,-1
2015471500915,1,9,0,10,0,1,0,0,0,0,0,1,6,1,30,6,-1,-1,-1,-1,-1,-1
2015471500915,2,11,0,18,0,1,0,0,0,0,0,1,1,1,64,9,9000,2,6,-1,1,-1
2015471500917,1,9,0,18,0,0,0,0,0,0,1,1,6,2,41,7,1248,2,6,-1,1,-1
2015471500917,2,9,0,4,0,0,0,0,0,0,2,1,6,2,52,8,1248,1,3,-1,1,-1
2015471500917,3,9,0,4,0,0,0,0,0,0,2,1,6,1,43,7,2171,1,13,-1,2,-1
2015471500918,1,9,0,12,0,1,0,0,0,0,3,1,6,1,64,9,1999,1,8,-1,3,-1
2015471500918,2,3,0,18,0,1,0,0,0,0,4,1,6,2,50,8,644,1,17,-1,1,-1
2015471500919,1,9,0,9,0,8,0,0,0,0,4,1,6,1,52,8,2400,2,-1,-1,1,-1
2015471500919,2,9,0,18,0,8,0,0,0,0,1,1,6,1,17,4,-1,-1,-1,-1,1,-1
2015471500920,1,9,0,18,0,0,0,0,0,0,1,1,6,1,29,6,-1,-1,-1,-1,1,-1
2015471500920,2,9,0,18,0,0,0,0,0,0,2,1,6,1,50,8,2500,2,9,-1,2,-1
2015471500921,1,9,0,18,0,4,1,0,0,0,1,1,6,2,33,6,2494,1,11,-1,1,-1
2015471500921,2,5,0,3,0,4,0,0,0,0,2,1,6,2,50,8,599,1,14,-1,1,-1
2015471500923,1,9,0,9,0,8,0,0,0,0,1,1,6,3,-1,-1,-1,-1,-1,-1,-1,-1
2015471500923,2,9,0,18,0,8,0,0,0,0,1,1,6,2,35,6,-1,-1,-1,-1,1,-1
2015471500925,1,9,0,9,0,8,0,0,0,0,4,1,6,1,19,4,1596,1,13,-1,1,-1
2015471500925,2,2,0,18,0,8,1,0,0,0,1,1,6,1,17,4,50,1,2,-1,2,-1
2015471500926,1,11,0,9,0,2,0,0,0,0,3,1,1,1,64,9,3900,2,10,-1,1,-1
2015471500926,2,9,0,18,0,1,0,0,0,0,1,1,6,1,48,8,2656,1,12,-1,1,-1
2015471500927,1,9,0,7,0,2,0,0,0,0,1,1,2,1,58,9,1086,1,10,-1,1,-1
2015471500929,1,9,0,5,0,8,0,0,0,0,0,1,6,1,23,5,1999,1,9,-1,1,-1
2015471500929,2,9,0,4,0,8,0,0,0,0,2,1,6,2,49,8,-1,-1,-1,-1,1,-1
2015471500930,1,9,0,18,0,8,0,0,0,0,1,1,6,2,35,6,1995,1,6,-1,1,-1
2015471500930,2,9,0,18,6,8,0,0,0,0,2,1,1,1,51,8,-1,-1,-1,-1,1,-1
2015471500930,3,19,0,6,0,8,0,0,0,0,0,1,1,1,56,9,2402,2,7,-1,1,-1
2015471500933,1,9,0,18,0,3,0,0,0,0,1,1,6,2,31,6,2987,2,6,-1,1,-1
2015471500933,2,9,0,18,0,4,0,0,0,0,1,1,6,2,56,9,1999,1,4,-1,1,-1
2015471500936,1,9,0,16,0,2,0,0,2,10,1,1,6,2,29,6,1596,1,13,-1,2,-1
2015471500937,1,9,0,18,0,6,0,0,0,0,3,1,6,1,26,6,-1,-1,-1,-1,1,-1
2015471500937,2,9,0,18,0,8,0,0,0,0,1,1,6,2,21,5,1198,1,3,-1,2,-1
2015471500939,1,9,0,16,0,1,0,0,7,0,1,2,6,1,27,6,-1,-1,-1,-1,1,-1
2015471500939,2,9,0,18,0,1,0,0,0,0,1,1,6,2,40,7,1598,1,7,-1,1,-1
2015471500940,1,9,0,17,0,0,1,0,1,2,4,1,2,2,22,5,1598,1,10,-1,-1,-1
2015471500941,1,9,0,9,0,6,0,0,3,0,3,1,6,2,31,6,1896,2,8,-1,1,-1
2015471500941,2,9,0,17,0,8,0,0,0,0,1,1,6,2,35,6,-1,-1,-1,-1,1,-1
2015471500947,1,9,0,18,0,1,1,0,0,0,1,2,6,1,40,7,1242,1,12,-1,1,-1
2015471500947,2,9,0,3,0,1,0,0,0,0,2,1,6,2,24,5,1560,2,2,-1,1,-1
2015471500949,1,9,0,3,0,0,0,0,0,0,2,1,6,1,47,8,1461,2,5,-1,1,-1
2015471500949,2,9,0,18,0,0,0,0,0,0,1,1,1,1,49,8,-1,-1,-1,-1,2,-1
2015471500950,1,9,0,18,0,0,0,0,0,0,0,1,6,1,78,11,1197,1,1,-1,1,-1
2015471500950,2,9,0,4,0,0,0,0,0,0,2,1,6,1,60,9,1685,2,1,-1,1,-1
2015471500951,1,9,0,9,0,6,0,0,0,0,4,1,6,1,71,10,1598,1,5,-1,1,-1
2015471500951,2,9,0,18,0,8,0,0,0,0,1,1,6,2,20,4,-1,-1,-1,-1,1,-1
2015471500951,3,9,0,9,0,2,0,0,0,0,0,1,6,3,30,6,1398,1,1,-1,3,-1
2015471500953,1,9,0,18,0,0,0,0,0,0,1,1,6,2,34,6,1598,1,13,-1,1,-1
2015471500954,1,9,0,9,0,8,0,0,0,0,1,1,6,2,32,6,2698,2,9,-1,1,-1
2015471500954,2,1,0,10,0,8,0,0,0,0,2,1,6,1,41,7,-1,-1,-1,-1,1,-1
2015471500957,1,9,0,9,0,6,0,0,0,0,3,1,6,2,54,8,1560,2,3,-1,1,-1