Accident_Index,Vehicle_Reference,Vehicle_Type,Towing_and_Articulation,Vehicle_Manoeuvre,Vehicle_Location-Restricted_Lane,Junction_Location,Skidding_and_Overturning,Hit_Object_in_Carriageway,Vehicle_Leaving_Carriageway,Hit_Object_off_Carriageway,1st_Point_of_Impact,Was_Vehicle_Left_Hand_Drive?,Journey_Purpose_of_Driver,Sex_of_Driver,Age_of_Driver,Age_Band_of_Driver,Engine_Capacity_(CC),Propulsion_Code,Age_of_Vehicle,Driver_IMD_Decile,Driver_Home_Area_Type,Vehicle_IMD_Decile
2015471500957,2,3,0,18,0,8,0,0,0,0,1,1,2,2,23,5,124,1,14,-1,1,-1
2015471500958,1,9,0,9,0,5,0,0,0,0,1,1,6,1,29,6,1800,1,16,-1,1,-1
2015471500958,2,1,0,18,0,8,0,0,1,0,3,1,6,1,19,4,-1,-1,-1,-1,1,-1
2015471500963,1,19,0,18,0,0,0,0,8,7,3,1,2,1,21,5,1560,2,2,-1,1,-1
2015471500964,1,9,0,17,0,0,2,0,2,10,2,1,2,1,18,4,-1,-1,-1,-1,1,-1
2015471500965,1,9,0,16,0,0,0,0,1,4,1,1,6,1,21,5,-1,-1,-1,-1,2,-1
2015471500968,1,9,0,9,0,5,0,0,0,0,1,1,6,2,71,10,-1,-1,-1,-1,1,-1
2015471500968,2,9,0,18,0,1,0,0,0,0,1,1,1,1,39,7,2987,2,8,-1,1,-1
2015471500972,1,9,0,4,0,0,0,0,0,0,1,1,6,3,-1,-1,2521,1,9,-1,-1,-1
2015471500973,1,9,0,18,0,0,0,0,1,10,1,1,6,1,21,5,1360,1,13,-1,3,-1
2015471500974,1,9,0,18,0,0,0,0,1,0,4,1,6,1,31,6,-1,-1,-1,-1,1,-1
2015471500974,2,9,0,18,0,0,0,0,0,0,1,1,1,1,69,10,2143,2,6,-1,-1,-1
2015471500977,1,4,0,13,0,2,0,0,7,0,4,1,6,1,60,9,680,1,8,-1,3,-1
2015471500977,2,19,0,7,0,1,0,0,0,0,3,1,1,1,60,9,4751,2,15,-1,3,-1
2015471500979,1,4,0,14,0,1,1,0,0,0,0,1,6,1,63,9,675,1,-1,-1,1,-1
2015471500979,2,9,0,5,8,6,0,0,0,0,0,1,6,2,38,7,-1,-1,-1,-1,1,-1
2015471500979,3,9,0,4,0,2,0,0,0,0,0,1,6,1,22,5,1149,1,13,-1,1,-1
2015471500980,1,1,0,9,0,6,0,0,0,0,0,1,6,2,40,7,-1,-1,-1,-1,-1,-1
2015471500980,2,11,0,4,0,1,0,0,0,0,0,1,1,1,36,7,4760,2,3,-1,1,-1
2015471500981,1,9,0,18,0,2,0,0,0,0,1,1,6,1,28,6,1783,1,15,-1,1,-1
2015471500981,2,9,0,3,0,2,0,0,0,0,2,1,6,2,32,6,1598,1,7,-1,1,-1
2015471500982,1,9,0,18,0,3,0,0,0,0,1,1,6,1,22,5,-1,-1,-1,-1,1,-1
2015471500984,1,9,0,18,0,2,0,0,0,0,4,1,1,1,55,8,1086,1,9,-1,1,-1
2015471500985,1,5,0,7,0,3,1,10,7,10,3,1,6,1,34,6,649,1,2,-1,1,-1
2015471500985,2,9,0,4,0,1,0,0,0,0,1,1,6,2,62,9,1398,2,3,-1,1,-1
2015471500986,1,9,0,18,0,0,0,0,0,0,4,1,6,1,71,10,1498,1,13,-1,3,-1
2015471500987,1,9,0,18,0,8,0,0,0,0,1,1,1,1,19,4,2979,1,1,-1,1,-1
2015471500987,2,9,0,18,0,8,5,0,0,0,3,1,6,1,53,8,1200,1,1,-1,1,-1
2015471500988,1,1,0,4,0,1,0,0,0,0,0,1,6,2,28,6,-1,-1,-1,-1,1,-1
2015471500989,1,19,0,18,0,0,0,0,1,2,1,1,1,1,43,7,1998,2,12,-1,1,-1
2015471500989,2,9,0,18,0,0,0,0,0,0,0,1,6,1,68,10,1299,1,11,-1,1,-1
2015471500990,1,9,0,18,0,4,0,0,0,0,4,1,1,2,38,7,1753,2,5,-1,1,-1
2015471500990,2,1,0,18,0,8,0,0,0,0,1,1,2,1,25,5,-1,-1,-1,-1,1,-1
2015471500992,1,9,0,18,0,2,0,0,0,0,1,1,6,1,46,8,2000,1,20,-1,1,-1
2015471500992,2,3,0,18,0,2,0,0,0,0,2,1,6,1,23,5,124,1,6,-1,1,-1
2015471500993,1,9,0,5,0,2,0,0,0,0,1,1,6,1,50,8,1686,2,1,-1,1,-1
2015471500993,2,1,0,18,0,2,0,0,0,0,4,1,6,1,50,8,-1,-1,-1,-1,1,-1
2015471500996,1,9,0,18,0,0,2,0,2,4,4,1,2,1,39,7,1242,1,5,-1,1,-1
2015471500997,1,9,0,18,0,0,0,0,0,0,1,1,6,1,69,10,4554,6,19,-1,2,-1
2015471500997,2,9,0,3,0,0,0,0,0,0,2,1,6,2,77,11,-1,-1,-1,-1,2,-1
2015471500997,3,9,0,3,0,0,0,0,0,0,2,1,6,2,40,7,1560,2,3,-1,1,-1
2015471500998,1,9,0,9,0,8,0,0,0,0,4,1,6,2,27,6,1328,1,11,-1,1,-1
2015471500998,2,1,0,18,0,1,0,0,0,0,1,1,6,1,78,11,-1,-1,-1,-1,1,-1
2015471501000,1,9,0,18,0,8,0,0,0,0,1,2,1,1,36,7,-1,-1,-1,-1,1,-1
2015471501000,2,9,0,9,0,8,0,0,0,0,3,1,2,2,22,5,1388,1,9,-1,1,-1
2015471501001,1,9,0,18,0,1,0,0,0,0,3,1,6,1,83,11,1242,1,6,-1,1,-1
2015471501002,1,1,0,18,0,0,1,0,0,0,1,1,6,2,40,7,-1,-1,-1,-1,1,-1
2015471501002,2,19,0,18,0,0,0,0,0,0,1,1,6,1,-1,-1,-1,-1,-1,-1,-1,-1
2015471501003,1,19,0,9,0,6,0,0,0,0,3,1,6,1,23,5,-1,-1,-1,-1,1,-1
2015471501003,2,9,0,18,0,1,0,0,0,0,4,1,1,1,43,7,2967,2,1,-1,1,-1
2015471501003,3,9,0,18,0,1,0,0,0,0,4,1,1,1,41,7,2993,2,4,-1,1,-1
2015471501003,4,9,0,9,0,1,0,0,0,0,1,1,1,1,35,6,2967,2,1,-1,1,-1
2015471501003,5,19,0,2,9,2,0,0,0,0,4,1,6,3,-1,-1,1870,2,13,-1,-1,-1
2015471501003,6,21,0,18,0,1,0,0,0,0,1,1,1,1,47,8,-1,-1,-1,-1,1,-1
2015471501005,1,19,0,18,0,1,1,0,0,0,1,1,1,1,35,6,2400,2,10,-1,3,-1
2015471501005,2,9,0,10,0,8,0,0,0,0,2,1,6,2,48,8,-1,-1,-1,-1,1,-1
2015471501006,1,9,0,18,0,0,5,0,0,0,1,1,6,1,75,10,-1,-1,-1,-1,1,-1
2015471501006,2,10,0,18,0,0,0,0,0,0,3,1,1,1,51,8,-1,-1,-1,-1,1,-1
2015471501006,3,19,0,18,0,0,0,0,0,0,1,1,1,1,63,9,2198,2,2,-1,1,-1
2015471501008,1,20,4,18,0,1,1,0,0,0,1,1,2,1,24,5,2198,2,2,-1,1,-1
2015471501008,2,9,0,3,0,1,0,0,0,0,2,1,6,2,39,7,1229,1,4,-1,3,-1
2015471501008,3,9,0,10,0,1,0,0,0,0,2,1,6,1,79,11,-1,-1,-1,-1,3,-1
2015471501009,1,9,0,18,0,0,0,0,0,0,3,1,6,1,23,5,1998,1,13,-1,1,-1
2015471501010,1,19,0,18,0,0,0,12,0,0,1,1,6,1,63,9,1997,2,2,-1,3,-1
2015471501010,2,9,0,18,0,0,0,0,0,0,1,1,6,2,22,5,1198,1,4,-1,3,-1
2015471501012,1,9,0,18,0,0,1,0,0,0,1,1,6,1,72,10,-1,-1,-1,-1,1,-1
2015471501012,2,9,0,4,0,0,0,0,0,0,2,1,6,1,64,9,-1,-1,-1,-1,1,-1
2015471501012,3,9,0,18,0,0,1,0,0,0,3,1,6,2,19,4,1299,1,15,-1,1,-1
2015471501020,1,9,0,18,0,0,1,0,1,10,1,1,6,1,85,11,1686,2,12,-1,3,-1
2015471501020,2,19,0,18,0,0,0,0,0,0,3,1,6,1,44,7,2198,2,3,-1,1,-1
2015471501020,3,9,0,18,0,0,0,0,0,0,1,1,1,1,40,7,-1,-1,-1,-1,3,-1
2015471501022,1,9,0,9,0,5,0,0,0,0,4,1,6,3,50,8,-1,-1,-1,-1,-1,-1
2015471501022,2,1,0,18,0,8,0,0,0,0,1,1,6,1,21,5,-1,-1,-1,-1,1,-1
2015471501023,1,9,0,9,0,5,0,0,7,0,4,1,6,1,34,6,1598,1,17,-1,1,-1
2015471501023,2,9,0,18,0,1,0,0,0,0,1,1,6,2,55,8,1398,1,3,-1,1,-1
2015471501026,1,9,0,4,0,0,0,0,0,0,1,1,1,1,50,8,2967,1,11,-1,2,-1
2015471501026,2,9,0,3,0,0,0,0,0,0,2,1,1,1,43,7,2184,2,1,-1,1,-1
2015471501027,1,3,0,18,0,0,1,0,0,0,1,1,2,1,31,6,124,1,1,-1,1,-1
2015471501027,2,9,0,18,0,0,0,0,0,0,0,1,6,3,30,6,-1,-1,-1,-1,-1,-1
2015471501029,1,9,0,9,0,2,0,0,1,0,3,1,6,2,59,9,1229,1,11,-1,1,-1
2015471501029,2,5,0,18,0,1,0,0,0,0,1,1,6,1,23,5,749,1,10,-1,1,-1
2015471501031,1,9,0,18,0,4,-1,0,0,0,1,1,2,2,28,6,1242,1,10,-1,-1,-1
2015471501031,2,9,0,18,0,8,0,0,0,0,4,1,2,2,31,6,1198,1,9,-1,1,-1
2015471501033,1,9,0,5,0,4,0,0,0,0,4,1,6,1,34,6,4511,1,11,-1,1,-1
2015471501033,2,9,0,3,0,4,0,0,0,0,0,1,6,2,-1,-1,-1,-1,-1,-1,-1,-1
2015471501034,1,9,0,18,0,8,0,0,0,0,1,1,6,2,20,4,1329,1,3,-1,1,-1
2015471501034,2,19,0,18,0,8,0,0,0,0,3,1,2,1,56,9,1997,2,12,-1,1,-1
2015471501035,1,9,0,18,0,8,0,0,0,0,1,1,6,3,-1,-1,1560,2,3,-1,-1,-1
2015471501035,2,9,0,18,0,8,0,0,1,0,3,1,6,2,34,6,1329,1,3,-1,1,-1
2015471501036,1,9,0,18,0,0,1,0,7,4,1,1,2,1,31,6,-1,-1,-1,-1,1,-1
2015471501038,1,9,0,12,0,0,0,0,0,0,3,1,1,2,56,9,1198,1,-1,-1,1,-1
2015471501038,2,9,0,15,0,0,5,0,5,6,4,1,1,2,27,6,1598,1,11,-1,1,-1
2015471501041,1,9,0,18,0,0,0,0,0,0,4,1,6,1,78,11,1590,1,10,-1,1,-1
2015471501041,2,9,0,2,0,0,0,0,0,0,3,1,6,3,-1,-1,1598,1,15,-1,-1,-1
2015471501044,1,3,0,10,0,1,0,0,0,0,4,1,6,1,53,8,124,1,2,-1,1,-1
2015471501045,1,9,0,17,0,0,0,0,0,0,1,1,2,1,40,7,-1,-1,-1,-1,1,-1
2015471501045,2,19,0,18,0,0,0,0,0,0,1,1,1,1,48,8,-1,-1,-1,-1,1,-1
2015471501048,1,9,0,6,0,1,0,0,0,0,3,1,1,1,52,8,-1,-1,-1,-1,1,-1
2015471501048,2,9,0,18,0,1,0,0,0,0,1,1,6,1,27,6,1968,2,1,-1,1,-1
2015471501053,1,9,0,18,0,1,1,0,0,0,1,1,6,1,24,5,-1,-1,-1,-1,2,-1
2015471501053,2,9,0,18,0,1,0,0,0,0,1,1,6,1,65,9,-1,-1,-1,-1,1,-1
2015471501053,3,9,0,10,0,1,0,0,0,0,2,1,6,2,31,6,998,1,3,-1,1,-1
2015471501054,1,9,0,1,0,8,0,0,0,0,2,1,1,1,25,5,1795,1,16,-1,1,-1
2015471501056,1,9,0,18,0,1,0,10,0,0,1,1,6,1,32,6,1124,1,12,-1,1,-1
2015471501056,2,9,0,18,0,1,0,0,0,0,1,1,6,1,26,6,1388,1,2,-1,1,-1
2015471501060,1,9,0,18,0,0,1,0,1,4,3,1,2,1,48,8,-1,-1,-1,-1,3,-1
2015471501064,1,9,0,12,0,1,0,0,0,0,3,1,6,1,28,6,-1,-1,-1,-1,1,-1
2015471501064,2,9,0,18,0,1,0,0,0,0,0,1,6,1,-1,-1,-1,-1,-1,-1,-1,-1
2015471501065,1,9,0,18,0,0,5,0,7,9,3,1,6,1,26,6,1896,2,12,-1,1,-1
2015471501066,1,4,0,18,0,8,1,0,0,0,3,1,6,1,20,4,400,1,10,-1,1,-1
2015471501071,1,9,0,18,9,2,0,0,1,2,1,1,6,1,32,6,-1,-1,-1,-1,1,-1
2015471501072,1,9,0,9,0,8,0,0,0,0,1,1,6,1,19,4,-1,-1,-1,-1,1,-1
2015471501072,2,9,0,18,0,8,0,0,0,0,1,1,6,1,32,6,998,1,7,-1,1,-1
2015471501072,3,9,0,18,0,8,0,0,0,0,1,1,1,1,50,8,998,1,8,-1,1,-1
2015471501076,1,9,0,18,0,0,2,0,1,11,1,1,2,2,40,7,-1,-1,-1,-1,2,-1
2015471501078,1,9,0,18,0,0,1,0,4,0,1,1,6,2,51,8,1341,1,10,-1,1,-1
2015471501078,2,9,0,18,0,0,0,0,0,0,1,1,6,1,25,5,1956,2,1,-1,1,-1
2015471501080,1,19,0,18,0,0,0,0,0,0,1,1,6,1,57,9,1896,2,7,-1,1,-1
2015471501081,1,5,0,18,0,0,0,0,0,0,4,1,6,1,29,6,645,1,11,-1,1,-1
2015471501083,1,9,0,18,0,0,2,0,1,4,1,1,6,1,21,5,-1,-1,-1,-1,1,-1
2015471501086,1,9,0,17,0,0,1,0,0,0,1,1,6,2,60,9,-1,-1,-1,-1,2,-1
2015471501086,2,20,1,16,0,0,0,0,0,0,3,1,1,1,39,7,-1,-1,-1,-1,1,-1
2015471501087,1,9,0,18,0,1,0,0,0,0,1,1,1,1,28,6,1590,1,10,-1,1,-1
2015471501089,1,9,0,7,4,6,0,0,0,0,1,1,6,1,30,6,2597,1,12,-1,1,-1
2015471501089,2,1,0,18,4,8,0,0,0,0,4,1,6,2,21,5,-1,-1,-1,-1,1,-1
2015471501090,1,11,0,4,0,1,0,0,0,0,0,1,1,1,28,6,9360,2,3,-1,1,-1
2015471501092,1,9,0,18,0,1,0,0,0,0,4,1,6,1,63,9,3300,6,17,-1,1,-1
2015471501092,2,21,1,2,0,1,0,0,0,0,0,1,6,3,-1,-1,12580,2,9,-1,-1,-1
2015471501093,1,9,0,18,0,8,0,0,0,0,1,1,1,1,49,8,2461,2,16,-1,1,-1
2015471501093,2,9,0,9,0,8,0,0,0,0,1,1,6,1,85,11,1590,1,12,-1,1,-1
2015471501094,1,9,0,5,0,6,0,0,1,1,1,1,6,2,33,6,-1,-1,-1,-1,2,-1
2015471501094,2,11,0,18,2,1,0,0,0,0,4,1,1,1,56,9,-1,-1,-1,-1,1,-1
2015471501096,1,10,0,1,0,0,0,0,0,0,2,1,3,1,56,9,2500,2,14,-1,1,-1
2015471501096,2,3,0,2,0,0,0,0,0,0,1,1,3,1,40,7,124,1,3,-1,1,-1
2015471501098,1,11,0,5,0,1,0,0,0,0,0,1,1,2,40,7,9000,2,11,-1,1,-1
2015471501099,1,9,0,5,0,6,0,0,0,0,1,1,6,1,64,9,1598,1,7,-1,2,-1
2015471501099,2,9,0,18,0,1,1,0,7,4,4,1,6,1,36,7,-1,-1,-1,-1,1,-1
2015471501099,3,9,0,18,0,2,0,0,0,0,1,1,6,1,50,8,2000,1,5,-1,1,-1
2015471501100,1,9,0,9,0,6,0,0,0,0,0,1,6,2,30,6,998,1,6,-1,1,-1
2015471501100,2,90,0,18,0,8,1,0,0,0,0,1,6,1,-1,-1,-1,-1,-1,-1,1,-1
2015471501101,1,9,0,17,0,0,1,0,1,4,3,1,6,2,23,5,1390,1,12,-1,2,-1
2015471501106,1,9,0,18,0,0,5,0,1,11,1,1,6,1,22,5,-1,-1,-1,-1,1,-1
2015471501108,1,9,0,18,0,0,0,0,0,0,1,1,6,1,22,5,-1,-1,-1,-1,3,-1
2015471501108,2,9,0,4,0,0,5,0,0,0,2,1,6,2,21,5,-1,-1,-1,-1,1,-1
2015471501108,3,9,0,4,0,0,0,0,0,0,2,1,1,1,36,7,999,1,1,-1,3,-1
2015471501108,4,19,0,18,0,0,0,0,0,0,3,1,1,1,40,7,2464,2,5,-1,1,-1
2015471501110,1,9,0,16,0,0,0,0,7,4,1,1,6,1,87,11,2995,1,11,-1,1,-1
2015471501110,2,9,0,17,0,0,0,0,0,0,3,1,6,1,77,11,3311,8,8,-1,1,-1
2015471501110,3,9,0,18,0,0,0,0,0,0,1,1,1,1,37,7,-1,-1,-1,-1,1,-1
2015471501111,1,19,0,17,0,0,1,0,1,10,1,1,1,1,29,6,-1,-1,-1,-1,1,-1
2015471501111,2,90,0,18,0,0,0,0,0,0,1,1,6,2,40,7,1968,1,18,-1,3,-1
2015471501112,1,19,0,18,0,8,0,0,0,0,1,1,6,1,62,9,2799,2,15,-1,1,-1
2015471501112,2,9,0,4,0,8,0,0,0,0,2,1,6,2,41,7,1360,1,11,-1,1,-1
2015471501112,3,9,0,18,0,4,0,0,0,0,0,1,1,1,36,7,2993,2,3,-1,1,-1
2015471501114,1,9,0,18,0,1,0,0,0,0,1,1,6,1,46,8,2793,1,17,-1,1,-1
2015471501114,2,9,0,10,0,1,0,0,0,0,2,1,6,2,60,9,998,1,17,-1,1,-1
2015471501115,1,19,0,12,0,1,0,0,0,0,3,1,1,1,57,9,2143,2,3,-1,3,-1
2015471501115,2,9,0,18,0,1,0,0,0,0,1,1,6,1,34,6,-1,-1,-1,-1,3,-1
2015471501117,1,9,0,18,0,8,0,0,0,0,1,1,6,1,30,6,1275,1,-1,-1,1,-1
2015471501117,2,4,0,18,0,8,0,0,0,0,1,1,6,2,55,8,498,1,9,-1,1,-1
2015471501118,1,19,0,18,0,2,0,0,0,0,4,1,6,1,27,6,1560,2,7,-1,1,-1
2015471501119,1,9,0,16,0,0,1,0,1,0,3,1,6,1,18,4,-1,-1,-1,-1,1,-1
2015471501119,2,19,0,17,0,0,0,0,0,0,3,1,1,1,35,6,2198,2,8,-1,3,-1
2015471501120,1,9,0,18,0,0,0,0,0,0,1,1,6,1,46,8,-1,-1,-1,-1,3,-1
2015471501120,2,9,0,18,0,0,0,0,0,0,1,1,6,2,54,8,1396,1,10,-1,3,-1
2015471501122,1,9,0,18,0,0,0,0,0,0,1,1,2,1,29,6,1598,1,12,-1,1,-1
2015471501122,2,9,0,3,0,0,0,0,0,0,2,1,2,1,40,7,-1,3,2,-1,1,-1
2015471501123,1,3,0,18,0,1,1,0,0,0,1,1,1,2,26,6,125,1,1,-1,1,-1
2015471501125,1,9,0,18,0,3,0,10,0,0,1,1,6,2,23,5,1242,1,7,-1,1,-1
2015471501125,2,8,0,18,0,3,0,0,0,0,3,1,6,1,52,8,-1,-1,-1,-1,1,-1
2015471501130,1,9,0,18,0,1,0,0,0,0,1,1,6,2,20,4,899,1,1,-1,1,-1
2015471501130,2,9,0,3,0,1,0,0,0,0,2,1,1,2,46,8,1296,1,8,-1,1,-1
2015471501131,1,9,0,18,0,1,1,0,0,0,4,1,1,1,20,4,1998,1,21,-1,-1,-1
2015471501131,2,9,0,3,0,8,0,0,0,0,2,1,6,1,36,7,1995,2,3,-1,1,-1
2015471501131,3,9,0,10,0,8,0,0,0,0,2,1,6,2,34,6,1498,1,14,-1,1,-1
2015471501131,4,9,0,18,0,8,0,0,0,0,1,1,6,1,49,8,1968,2,1,-1,1,-1
2015471501132,1,9,0,16,0,0,0,0,0,0,1,1,6,1,24,5,1299,1,13,-1,1,-1
2015471501132,2,19,0,18,0,0,0,0,0,0,1,1,6,1,24,5,2198,2,6,-1,1,-1
2015471501135,1,9,0,18,0,1,0,0,0,0,1,1,6,3,-1,-1,4398,1,12,-1,-1,-1
2015471501135,2,9,0,3,0,1,0,0,0,0,2,1,2,1,34,6,1597,1,16,-1,1,-1
2015471501136,1,9,0,16,0,8,0,0,3,1,1,1,6,2,33,6,-1,-1,-1,-1,1,-1
2015471501141,1,9,0,3,0,6,1,0,0,0,1,1,6,1,18,4,1975,1,8,-1,1,-1
2015471501141,2,9,0,4,0,1,0,0,0,0,2,1,2,2,20,4,1248,2,2,-1,1,-1
2015471501142,1,9,0,18,0,1,0,4,0,0,1,1,2,1,26,6,1995,2,4,-1,1,-1
2015471501142,2,9,0,2,0,1,0,4,0,0,2,1,6,3,-1,-1,-1,-1,-1,-1,-1,-1
2015471501142,3,9,0,2,0,1,0,0,0,0,1,1,6,3,-1,-1,1229,1,10,-1,-1,-1
2015471501146,1,9,0,17,0,1,0,0,0,0,1,1,6,1,41,7,-1,-1,-1,-1,2,-1
2015471501146,2,9,0,16,0,1,0,0,0,0,1,1,6,1,18,4,1597,1,18,-1,2,-1
2015471501147,1,9,0,9,0,6,0,0,0,0,1,1,6,3,25,5,1598,1,8,-1,-1,-1
2015471501147,2,9,0,18,0,1,0,0,0,0,1,1,6,2,31,6,1198,1,2,-1,1,-1
2015471501149,1,3,0,16,0,0,1,0,0,0,4,1,6,1,30,6,124,1,12,-1,1,-1
2015471501152,1,19,0,18,0,2,0,10,1,11,1,1,6,1,28,6,1461,2,3,-1,1,-1
2015471501153,1,21,0,10,0,6,0,0,0,0,1,1,1,1,36,7,6870,2,7,-1,1,-1
2015471501153,2,9,0,18,0,1,0,0,0,0,4,1,4,1,17,4,998,1,2,-1,1,-1
2015471501156,1,9,0,4,0,1,0,0,0,0,1,1,6,2,25,5,1596,1,12,-1,1,-1
2015471501156,2,9,0,8,0,1,0,0,0,0,2,1,6,2,28,6,1229,1,1,-1,1,-1
2015471501158,1,9,0,18,0,3,0,0,0,0,1,2,3,2,49,8,2987,2,2,-1,3,-1
2015471501159,1,8,0,7,0,1,0,0,0,0,3,1,6,1,38,7,1794,1,7,-1,1,-1
2015471501159,2,1,0,18,0,1,0,0,0,0,3,1,1,1,55,8,-1,-1,-1,-1,1,-1
2015471501160,1,9,0,18,0,0,0,0,0,0,1,1,6,3,54,8,-1,-1,-1,-1,-1,-1
2015471501161,1,9,0,18,0,1,0,0,0,0,1,1,6,1,20,4,1242,1,11,-1,1,-1
2015471501161,2,9,0,18,0,1,0,0,0,0,2,1,1,2,19,4,1299,1,12,-1,1,-1
2015471501161,3,9,0,9,0,1,0,0,0,0,0,1,1,2,30,6,-1,-1,-1,-1,1,-1
2015471501162,1,21,0,18,0,0,0,0,0,0,4,1,1,1,36,7,12000,2,10,-1,3,-1
2015471501162,2,9,0,2,6,0,0,0,0,11,2,1,6,3,-1,-1,-1,-1,-1,-1,-1,-1
2015471501162,3,9,0,2,0,0,0,0,0,0,2,1,6,3,-1,-1,-1,-1,-1,-1,-1,-1
2015471501162,4,9,0,2,0,0,0,0,0,0,2,1,6,3,-1,-1,1997,1,8,-1,-1,-1
2015471501163,1,9,0,9,0,5,0,0,0,0,4,1,6,1,40,7,1588,1,15,-1,-1,-1
2015471501163,2,9,0,18,0,2,0,0,0,0,1,1,6,2,61,9,998,1,8,-1,1,-1
2015471501164,1,9,0,10,0,1,0,0,0,0,1,1,6,1,24,5,1984,1,8,-1,1,-1
2015471501164,2,9,0,10,0,1,0,0,0,0,0,1,3,1,63,9,2400,2,5,-1,1,-1
2015471501166,1,90,0,18,0,0,0,0,0,0,4,1,6,3,-1,-1,2800,2,12,-1,-1,-1
2015471501167,1,9,0,18,0,2,0,0,0,0,1,1,6,1,75,10,1339,1,6,-1,1,-1
2015471501167,2,1,0,18,0,2,0,0,0,0,4,1,6,1,20,4,-1,-1,-1,-1,-1,-1
2015471501168,1,9,0,5,0,4,0,0,0,0,1,1,6,3,-1,-1,-1,-1,-1,-1,-1,-1
2015471501168,2,9,0,3,0,1,0,0,0,0,2,1,2,1,19,4,998,1,1,-1,2,-1
2015471501169,1,9,0,5,0,2,0,0,0,0,1,1,6,2,18,4,998,1,4,-1,3,-1
2015471501170,1,9,0,4,0,1,0,0,0,0,1,1,2,1,28,6,-1,-1,-1,-1,1,-1
2015471501170,2,9,0,4,0,1,0,0,0,0,2,1,2,1,39,7,1596,1,10,-1,1,-1
2015471501170,3,9,0,4,0,1,0,0,0,0,2,1,2,1,33,6,-1,-1,-1,-1,1,-1
2015471501171,1,9,0,18,0,0,0,0,0,0,4,1,6,1,56,9,1997,1,8,-1,1,-1
2015471501172,1,9,0,18,0,1,0,0,0,0,1,1,6,1,53,8,1784,1,11,-1,1,-1
2015471501172,2,9,0,10,0,1,0,0,0,0,2,1,6,2,44,7,1242,1,1,-1,1,-1
2015471501175,1,3,0,4,0,0,0,0,0,0,1,1,2,1,21,5,125,1,1,-1,3,-1
2015471501175,2,9,0,4,0,0,0,0,0,0,2,1,6,1,74,10,1560,2,1,-1,2,-1
2015471501175,3,21,0,14,0,0,0,0,0,0,0,1,1,1,-1,-1,10837,2,1,-1,1,-1
2015471501176,1,9,0,16,0,0,1,10,0,0,1,1,6,1,27,6,3498,1,11,-1,1,-1
2015471501176,2,19,0,18,0,0,0,0,7,4,1,1,6,1,47,8,2198,2,3,-1,1,-1
2015471501178,1,9,0,18,0,1,0,0,0,0,1,1,6,1,35,6,2171,2,12,-1,1,-1
2015471501178,2,19,0,3,0,1,0,0,0,0,2,1,1,1,40,7,2402,2,13,-1,1,-1
2015471501180,1,9,0,15,0,2,0,0,0,0,1,1,6,3,-1,-1,-1,-1,-1,-1,-1,-1
2015471501182,1,9,0,16,0,0,2,0,5,6,3,1,6,2,38,7,-1,-1,-1,-1,3,-1
2015471501182,2,9,0,16,0,0,1,0,4,6,4,1,6,1,68,10,1598,1,7,-1,1,-1
2015471501186,1,8,0,18,0,0,0,0,0,0,4,1,2,1,36,7,1896,2,5,-1,1,-1
2015471501187,1,9,0,18,0,0,0,0,1,1,1,1,6,1,21,5,-1,-1,-1,-1,1,-1
2015471501188,1,11,0,18,0,0,0,0,0,0,4,1,1,3,30,6,-1,-1,-1,-1,-1,-1
2015471501189,1,9,0,18,0,0,1,0,1,10,1,1,2,2,19,4,1242,1,5,-1,1,-1
2015471501192,1,9,0,18,0,0,0,0,0,0,1,1,6,1,20,4,1596,1,13,-1,1,-1
2015471501194,1,11,0,18,0,1,0,0,0,0,1,1,1,1,25,5,8970,2,12,-1,1,-1
2015471501196,1,9,0,18,0,0,0,0,0,0,4,1,6,1,78,11,-1,-1,-1,-1,1,-1
2015471501196,2,9,0,2,0,0,0,0,0,0,0,1,6,3,-1,-1,998,1,7,-1,-1,-1
2015471501197,1,9,0,18,0,0,0,0,1,4,4,1,6,1,65,9,-1,-1,-1,-1,1,-1
2015471501198,1,19,0,18,0,3,0,0,0,0,2,1,6,1,27,6,1995,2,7,-1,1,-1
2015471501198,2,8,0,18,0,3,0,0,0,0,2,1,6,1,30,6,1997,2,10,-1,1,-1
2015471501200,1,9,0,18,0,1,0,0,0,0,1,1,6,1,23,5,1997,1,14,-1,1,-1
2015471501202,1,9,0,18,0,4,0,0,0,0,1,1,6,3,-1,-1,-1,-1,-1,-1,-1,-1
2015471501202,2,1,0,9,0,3,0,0,0,0,4,1,2,1,19,4,-1,-1,-1,-1,1,-1
2015471501203,1,9,0,16,0,1,0,0,0,0,1,1,6,1,19,4,1398,1,1,-1,1,-1
2015471501203,2,9,0,10,0,1,0,0,0,0,2,1,6,1,38,7,1998,2,10,-1,1,-1
2015471501204,1,9,0,18,0,8,1,0,0,0,1,1,1,1,54,8,-1,-1,-1,-1,1,-1
2015471501204,2,9,0,10,0,1,0,0,0,0,2,1,6,1,37,7,1796,1,11,-1,1,-1
2015471501206,1,9,0,3,0,1,0,0,0,0,4,1,6,1,61,9,1998,1,12,-1,3,-1