Accident_Index,Vehicle_Reference,Vehicle_Type,Towing_and_Articulation,Vehicle_Manoeuvre,Vehicle_Location-Restricted_Lane,Junction_Location,Skidding_and_Overturning,Hit_Object_in_Carriageway,Vehicle_Leaving_Carriageway,Hit_Object_off_Carriageway,1st_Point_of_Impact,Was_Vehicle_Left_Hand_Drive?,Journey_Purpose_of_Driver,Sex_of_Driver,Age_of_Driver,Age_Band_of_Driver,Engine_Capacity_(CC),Propulsion_Code,Age_of_Vehicle,Driver_IMD_Decile,Driver_Home_Area_Type,Vehicle_IMD_Decile
2015471501206,2,5,0,18,0,1,0,0,0,0,1,1,6,1,29,6,600,1,8,-1,1,-1
2015471501207,1,19,0,14,0,0,0,0,0,0,0,1,1,1,34,6,2287,2,4,-1,1,-1
2015471501208,1,9,0,7,0,6,0,0,0,0,3,1,6,1,69,10,2830,2,22,-1,1,-1
2015471501208,2,9,0,18,0,1,1,0,0,0,1,1,6,1,60,9,4554,7,14,-1,1,-1
2015471501209,1,9,0,4,0,1,1,0,0,0,1,1,6,1,50,8,2521,1,12,-1,1,-1
2015471501209,2,9,0,3,0,4,0,0,0,0,2,1,6,1,24,5,1364,1,6,-1,1,-1
2015471501213,1,19,0,2,0,0,0,0,0,0,0,1,1,3,-1,-1,2402,2,4,-1,-1,-1
2015471501213,2,9,0,18,0,0,0,0,1,10,1,1,6,1,23,5,1598,1,10,-1,1,-1
2015471501213,3,9,0,2,0,0,0,0,0,0,2,1,6,3,-1,-1,-1,-1,-1,-1,-1,-1
2015471501213,4,9,0,2,0,0,0,0,0,0,1,1,6,3,-1,-1,1400,1,8,-1,-1,-1
2015471501213,5,1,0,18,0,0,0,0,0,0,1,1,6,1,29,6,-1,-1,-1,-1,1,-1
2015471501216,1,1,0,15,0,0,0,0,0,0,3,1,6,1,52,8,-1,-1,-1,-1,3,-1
2015471501216,2,1,0,18,0,0,0,0,0,0,4,1,6,1,43,7,-1,-1,-1,-1,3,-1
2015471501219,1,9,0,5,0,1,0,0,0,0,1,1,6,1,23,5,1968,2,7,-1,1,-1
2015471501219,2,1,0,18,0,2,0,0,0,0,1,1,6,1,25,5,-1,-1,-1,-1,1,-1
2015471501219,3,9,0,3,0,1,0,0,0,0,0,1,6,1,33,6,1988,1,14,-1,1,-1
2015471501227,1,9,0,17,0,1,0,0,0,0,1,1,2,1,57,9,2143,2,3,-1,1,-1
2015471501227,2,20,0,2,0,1,0,0,0,0,1,1,6,1,27,6,-1,-1,-1,-1,1,-1
2015471501228,1,9,0,18,0,1,0,0,0,0,1,1,6,1,50,8,1686,2,4,-1,1,-1
2015471501228,2,9,0,3,0,1,0,0,0,0,2,1,6,2,20,4,-1,-1,-1,-1,1,-1
2015471501229,1,9,0,18,0,1,0,0,0,0,1,1,6,3,-1,-1,-1,-1,-1,-1,-1,-1
2015471501229,2,9,0,3,0,1,0,0,0,0,2,1,6,1,45,7,1800,1,15,-1,1,-1
2015471501232,1,3,0,18,0,1,0,0,0,10,3,1,6,2,22,5,-1,-1,-1,-1,1,-1
2015471501233,1,9,0,18,0,1,0,0,0,0,1,1,6,2,21,5,-1,-1,-1,-1,1,-1
2015471501233,2,9,0,4,0,1,0,0,4,0,2,1,1,1,46,8,998,1,3,-1,1,-1
2015471501234,1,9,0,9,0,2,0,0,0,0,1,1,2,1,65,9,1560,2,5,-1,3,-1
2015471501235,1,9,0,18,0,4,0,0,0,0,3,1,2,2,33,6,1598,1,11,-1,1,-1
2015471501235,2,2,0,18,0,8,0,0,0,0,4,1,6,2,44,7,49,1,4,-1,1,-1
2015471501237,1,19,0,18,0,1,0,0,0,0,1,1,1,1,36,7,2148,2,7,-1,1,-1
2015471501237,2,9,0,3,0,1,0,0,0,0,2,1,1,1,53,8,1598,2,1,-1,1,-1
2015471501237,3,9,0,10,0,5,0,0,0,0,2,1,6,2,28,6,1900,2,9,-1,3,-1
2015471501238,1,9,0,5,0,8,0,0,0,0,1,1,6,1,42,7,1390,1,7,-1,1,-1
2015471501238,2,3,0,5,0,8,0,0,0,0,2,1,6,1,18,4,125,1,9,-1,1,-1
2015471501239,1,9,0,18,0,0,0,0,0,0,1,1,6,1,44,7,1595,1,9,-1,2,-1
2015471501239,2,9,0,4,0,0,0,0,0,0,2,1,6,2,36,7,-1,-1,-1,-1,3,-1
2015471501241,1,9,0,18,0,8,0,0,0,0,1,2,6,3,-1,-1,2143,2,-1,-1,-1,-1
2015471501241,2,9,0,8,0,8,0,0,0,0,3,2,6,2,22,5,1349,1,6,-1,1,-1
2015471501243,1,22,0,18,9,1,0,0,0,0,1,1,6,2,74,10,-1,-1,-1,-1,1,-1
2015471501245,1,9,0,18,0,1,0,0,0,0,1,1,6,3,-1,-1,-1,-1,-1,-1,-1,-1
2015471501245,2,1,0,18,0,8,0,0,0,0,4,1,6,1,12,3,-1,-1,-1,-1,1,-1
2015471501246,1,9,0,7,0,4,0,0,0,0,1,1,6,3,-1,-1,-1,-1,-1,-1,-1,-1
2015471501246,2,1,0,18,0,8,0,0,0,0,4,1,6,1,36,7,-1,-1,-1,-1,1,-1
2015471501247,1,2,0,18,0,0,1,0,0,0,4,1,6,1,26,6,49,1,5,-1,1,-1
2015471501248,1,9,0,4,0,3,0,0,0,0,1,1,6,1,40,7,4799,1,10,-1,1,-1
2015471501248,2,9,0,3,0,3,0,0,0,0,2,1,6,2,24,5,1199,1,13,-1,1,-1
2015471501250,1,9,0,14,0,1,0,0,0,0,4,1,6,2,80,11,1108,1,8,-1,1,-1
2015471501250,2,9,0,10,0,1,0,0,0,0,3,1,6,2,42,7,1598,1,6,-1,1,-1
2015471501252,1,9,0,9,0,8,0,0,0,0,3,1,2,2,37,7,1796,1,11,-1,1,-1
2015471501252,2,2,0,13,0,1,0,0,0,0,1,1,6,1,19,4,125,1,2,-1,1,-1
2015471501253,1,9,0,18,0,6,0,0,0,0,3,1,6,1,71,10,1397,1,6,-1,1,-1
2015471501253,2,3,0,9,0,8,1,0,0,0,1,1,6,1,19,4,124,1,2,-1,1,-1
2015471501256,1,19,0,9,0,8,0,0,0,0,1,1,2,1,22,5,1248,2,1,-1,1,-1
2015471501256,2,9,0,18,0,8,0,0,0,0,1,1,1,1,30,6,1242,1,2,-1,1,-1
2015471501257,1,9,0,18,0,1,0,0,7,11,4,1,1,1,23,5,-1,-1,-1,-1,1,-1
2015471501257,2,11,0,18,0,1,0,0,0,0,1,1,1,1,59,9,4500,2,3,-1,1,-1
2015471501258,1,9,0,6,0,2,0,0,0,0,0,1,6,2,21,5,1198,1,5,-1,3,-1
2015471501258,2,9,0,18,0,2,1,7,0,10,1,1,6,1,18,4,1229,1,-1,-1,1,-1
2015471501258,3,9,0,18,0,2,0,0,0,0,2,1,6,1,44,7,2400,2,1,-1,-1,-1
2015471501259,1,9,0,18,0,4,0,0,0,0,1,1,6,1,45,7,2979,1,-1,-1,1,-1
2015471501259,2,1,0,18,0,8,0,0,0,0,2,1,6,1,49,8,-1,-1,-1,-1,1,-1
2015471501260,1,9,0,13,0,0,0,0,7,1,1,1,6,2,38,7,1124,1,9,-1,1,-1
2015471501260,2,17,0,9,0,0,0,0,0,0,3,1,1,1,68,10,3387,2,1,-1,3,-1
2015471501261,1,9,0,18,0,2,0,0,0,0,1,1,1,2,50,8,999,1,1,-1,1,-1
2015471501261,2,22,0,18,0,1,0,0,0,0,3,1,6,2,81,11,-1,-1,-1,-1,1,-1
2015471501265,1,9,0,18,0,1,0,0,0,0,1,1,6,1,30,6,-1,-1,-1,-1,1,-1
2015471501265,2,9,0,3,0,1,0,0,0,0,2,1,6,2,27,6,1124,1,13,-1,1,-1
2015471501266,1,21,1,4,0,0,0,0,0,0,1,1,1,1,40,7,4250,2,13,-1,1,-1
2015471501266,2,9,0,3,0,0,0,0,0,0,2,1,1,1,44,7,1560,2,5,-1,1,-1
2015471501271,1,19,0,5,0,1,0,0,0,0,3,1,6,1,48,8,2295,7,13,-1,1,-1
2015471501271,2,9,0,18,0,1,0,0,0,0,4,1,6,1,52,8,1988,1,14,-1,1,-1
2015471501271,3,20,0,2,0,1,0,0,0,0,3,1,6,3,-1,-1,-1,-1,-1,-1,-1,-1
2015471501272,1,1,0,9,0,8,0,0,0,0,3,1,6,1,64,9,-1,-1,-1,-1,1,-1
2015471501272,2,8,0,9,0,8,0,0,0,0,1,1,1,1,55,8,2499,2,8,-1,3,-1
2015471501273,1,9,0,18,0,0,0,0,7,10,1,1,6,1,83,11,1596,1,5,-1,2,-1
2015471501277,1,9,0,18,0,3,0,0,0,0,3,1,2,2,35,6,1124,1,8,-1,1,-1
2015471501277,2,1,0,9,0,8,0,0,0,0,3,1,6,1,41,7,-1,-1,-1,-1,1,-1
2015471501279,1,9,0,18,0,8,0,0,0,0,1,1,6,2,20,4,-1,-1,-1,-1,1,-1
2015471501279,2,9,0,18,0,8,2,0,0,0,3,1,6,1,56,9,-1,-1,-1,-1,1,-1
2015471501280,1,19,0,4,0,0,0,0,0,0,1,1,1,1,56,9,2987,2,5,-1,3,-1
2015471501280,2,9,0,4,0,0,0,0,0,0,2,1,3,2,46,8,1461,2,9,-1,3,-1
2015471501281,1,9,0,6,0,2,0,0,0,0,3,1,6,2,45,7,1598,1,9,-1,1,-1
2015471501281,2,1,0,18,0,2,0,0,0,0,1,1,6,1,43,7,-1,-1,-1,-1,1,-1
2015471501282,1,5,0,5,0,4,0,0,0,0,3,1,6,1,55,8,650,1,19,-1,3,-1
2015471501282,2,9,0,18,0,3,0,0,0,0,1,1,6,2,40,7,1995,2,4,-1,1,-1
2015471501283,1,9,0,9,0,6,0,0,0,0,0,1,6,2,30,6,-1,-1,-1,-1,-1,-1
2015471501283,2,11,0,18,0,1,0,0,0,0,0,1,1,1,50,8,9360,2,3,-1,1,-1
2015471501283,3,11,0,9,0,1,0,0,0,0,0,1,1,1,40,7,-1,-1,-1,-1,-1,-1
2015471501284,1,8,0,17,0,2,0,0,0,0,1,1,6,1,20,4,1596,1,12,-1,1,-1
2015471501285,1,5,0,18,0,0,0,0,1,0,1,1,6,1,42,7,599,1,8,-1,2,-1
2015471501285,2,9,0,4,0,0,0,0,0,0,2,1,6,1,45,7,1968,2,3,-1,3,-1
2015471501286,1,9,0,5,0,2,0,0,0,0,1,1,6,1,52,8,1360,1,9,-1,1,-1
2015471501286,2,9,0,3,0,2,0,0,0,0,2,1,6,2,51,8,1992,2,7,-1,1,-1
2015471501288,1,5,0,5,0,3,0,0,0,0,4,1,2,1,29,6,1000,1,12,-1,1,-1
2015471501289,1,9,0,18,0,0,0,0,1,4,1,1,1,1,34,6,-1,-1,-1,-1,1,-1
2015471501290,1,9,0,1,9,0,0,0,0,0,2,1,1,1,44,7,-1,-1,-1,-1,1,-1
2015471501293,1,9,0,18,0,2,0,0,0,0,1,1,6,1,88,11,-1,-1,-1,-1,1,-1
2015471501293,2,9,0,18,0,1,0,0,0,0,3,1,6,2,55,8,1397,1,7,-1,1,-1
2015471501294,1,9,0,18,0,8,0,0,0,0,1,1,6,1,19,4,998,1,11,-1,1,-1
2015471501294,2,9,0,10,0,1,0,0,0,0,2,1,6,2,35,6,1896,2,10,-1,1,-1
2015471501296,1,9,0,18,0,2,0,0,0,0,4,1,6,1,51,8,2985,2,9,-1,1,-1
2015471501297,1,3,0,18,0,1,0,0,0,0,1,1,1,1,24,5,123,1,1,-1,1,-1
2015471501299,1,9,0,5,0,4,0,0,0,0,1,1,2,1,39,7,1995,2,7,-1,1,-1
2015471501299,2,1,0,7,0,8,0,0,0,0,4,1,2,2,54,8,-1,-1,-1,-1,1,-1
2015471501300,1,9,0,18,0,3,0,0,0,0,1,1,6,1,17,4,1396,1,15,-1,-1,-1
2015471501300,2,9,0,18,0,2,0,0,0,0,3,1,6,1,62,9,1198,1,2,-1,1,-1
2015471501303,1,21,1,18,0,0,5,0,2,10,1,1,1,1,53,8,10837,2,5,-1,3,-1
2015471501303,2,20,0,18,0,0,0,0,0,0,3,1,1,1,45,7,3920,2,11,-1,1,-1
2015471501303,3,10,0,18,0,0,0,0,0,0,1,1,6,2,46,8,-1,-1,-1,-1,3,-1
2015471501303,4,9,0,18,0,0,0,0,0,0,1,1,1,1,49,8,1969,2,-1,-1,1,-1
2015471501304,1,9,0,4,9,1,0,0,0,0,1,1,3,2,26,6,1781,1,17,-1,3,-1
2015471501306,1,21,1,18,0,8,0,0,3,1,1,1,1,1,55,8,11705,2,7,-1,1,-1
2015471501306,2,9,0,18,0,8,0,0,7,0,4,1,1,2,32,6,1461,2,2,-1,1,-1
2015471501308,1,9,0,16,0,1,0,0,1,0,1,1,6,1,36,7,-1,-1,-1,-1,1,-1
2015471501308,2,9,0,9,0,2,0,0,1,0,4,1,6,1,87,11,1248,1,4,-1,1,-1
2015471501310,1,9,0,9,0,1,0,0,0,0,1,1,3,2,40,7,1598,1,8,-1,1,-1
2015471501310,2,9,0,18,0,1,0,0,0,0,1,1,6,1,55,8,2231,2,8,-1,1,-1
2015471501312,1,9,0,4,0,1,0,0,0,0,1,1,6,2,52,8,-1,-1,-1,-1,1,-1
2015471501312,2,9,0,10,0,1,0,0,0,0,2,1,6,2,19,4,1275,1,18,-1,1,-1
2015471501312,3,9,0,10,0,1,0,0,0,0,2,1,6,1,60,9,2170,2,10,-1,1,-1
2015471501314,1,20,0,18,0,1,0,0,0,0,1,1,1,1,44,7,2299,2,2,-1,1,-1
2015471501314,2,9,0,4,0,1,0,0,0,0,1,1,6,2,70,10,1598,1,2,-1,1,-1
2015471501314,3,9,0,10,0,1,0,0,0,0,2,1,6,1,23,5,-1,-1,-1,-1,1,-1
2015471501315,1,9,0,18,0,0,1,0,7,11,2,1,1,2,52,8,-1,-1,-1,-1,2,-1
2015471501315,2,9,0,2,9,0,0,0,0,0,4,1,6,3,-1,-1,1998,1,8,-1,-1,-1
2015471501316,1,2,0,5,0,2,0,0,0,0,0,1,6,1,20,4,-1,-1,-1,-1,-1,-1
2015471501316,2,16,0,18,9,2,0,0,0,0,0,1,6,2,40,7,-1,-1,-1,-1,1,-1
2015471501318,1,9,0,18,0,8,0,0,0,0,1,1,6,1,41,7,1871,2,12,-1,1,-1
2015471501318,2,5,0,18,0,8,0,0,0,0,3,1,2,1,45,7,659,1,8,-1,1,-1
2015471501319,1,9,0,18,0,1,0,0,0,0,1,1,1,2,29,6,1242,1,-1,-1,1,-1
2015471501319,2,9,0,18,0,8,0,0,0,0,2,1,6,2,54,8,-1,-1,-1,-1,3,-1
2015471501320,1,11,0,5,0,2,0,0,0,0,0,1,1,1,49,8,9000,2,6,-1,1,-1
2015471501321,1,9,0,9,0,5,0,0,0,0,1,1,2,1,26,6,-1,-1,-1,-1,1,-1
2015471501321,2,9,0,18,0,1,0,0,0,0,1,1,2,1,44,7,2171,1,13,-1,1,-1
2015471501327,1,19,0,5,0,1,0,0,0,0,1,1,2,1,30,6,2500,2,12,-1,1,-1
2015471501328,1,17,0,9,0,1,0,0,0,0,3,1,1,1,29,6,1642,2,1,-1,1,-1
2015471501328,2,9,0,18,0,1,0,0,0,0,1,1,6,2,64,9,1229,1,6,-1,2,-1
2015471501330,1,19,0,9,0,8,0,0,0,0,1,1,1,1,56,9,1560,2,1,-1,1,-1
2015471501330,2,9,0,18,0,8,0,0,0,0,4,1,2,1,32,6,1799,1,7,-1,-1,-1
2015471501331,1,9,0,15,0,0,0,0,0,0,4,1,6,1,65,9,1998,1,17,-1,1,-1
2015471501331,2,1,0,9,0,0,0,0,0,0,3,1,6,2,20,4,-1,-1,-1,-1,1,-1
2015471501332,1,9,0,18,0,0,5,0,8,0,1,1,2,1,29,6,-1,-1,-1,-1,1,-1
2015471501333,1,9,0,18,0,8,1,10,1,11,1,1,6,1,22,5,1796,1,10,-1,1,-1
2015471501334,1,9,0,17,0,8,0,0,0,2,1,1,2,2,22,5,1598,1,14,-1,1,-1
2015471501337,1,9,0,4,0,1,0,0,0,0,1,1,6,3,-1,-1,-1,-1,-1,-1,-1,-1
2015471501337,2,9,0,3,0,2,0,0,0,0,2,1,2,1,27,6,1753,2,11,-1,1,-1
2015471501340,1,19,0,18,0,0,1,0,0,0,1,1,6,1,61,9,-1,-1,-1,-1,1,-1
2015471501340,2,8,0,4,0,0,0,0,0,0,2,1,1,1,58,9,-1,-1,-1,-1,1,-1
2015471501340,3,19,0,4,0,0,0,0,0,0,2,1,6,1,52,8,1560,2,4,-1,1,-1
2015471501342,1,9,0,18,0,0,0,0,0,0,1,1,6,2,70,10,1598,1,16,-1,1,-1
2015471501343,1,9,0,7,0,1,0,0,0,0,4,1,6,1,24,5,2204,2,7,-1,1,-1
2015471501343,2,1,0,18,4,1,0,0,0,0,2,1,6,1,27,6,-1,-1,-1,-1,1,-1
2015471501345,1,9,0,18,0,1,0,0,0,0,1,1,6,1,49,8,2148,2,6,-1,3,-1
2015471501345,2,9,0,3,0,8,0,0,0,0,2,1,6,1,24,5,1596,1,9,-1,1,-1
2015471501346,1,5,0,16,0,0,1,0,7,9,4,1,6,2,35,6,599,1,11,-1,1,-1
2015471501347,1,9,0,18,0,0,0,0,6,10,1,1,6,2,83,11,-1,-1,-1,-1,1,-1
2015471501349,1,9,0,17,0,8,0,10,1,1,1,1,6,2,50,8,-1,-1,-1,-1,1,-1
2015471501350,1,11,0,5,8,0,0,0,0,0,3,1,1,1,30,6,-1,-1,-1,-1,1,-1
2015471501350,2,19,0,18,0,0,0,0,0,0,4,1,1,1,55,8,1560,2,4,-1,1,-1
2015471501351,1,1,0,18,0,0,0,0,0,0,1,1,6,1,17,4,-1,-1,-1,-1,1,-1
2015471501351,2,9,0,10,0,0,0,0,0,0,2,1,6,1,57,9,3200,2,7,-1,-1,-1
2015471501354,1,9,0,9,0,8,0,0,0,0,1,1,6,2,33,6,1598,1,10,-1,1,-1
2015471501354,2,1,0,18,0,8,1,0,1,0,1,1,6,2,36,7,-1,-1,-1,-1,1,-1
2015471501357,1,9,0,18,0,4,0,0,3,0,1,1,6,1,30,6,1398,2,8,-1,1,-1
2015471501357,2,1,0,7,0,3,0,0,0,0,1,1,6,1,76,11,-1,-1,-1,-1,1,-1
2015471501360,1,9,0,18,0,8,0,0,0,0,3,1,6,1,80,11,1968,2,9,-1,3,-1
2015471501360,2,9,0,18,0,1,0,0,0,0,3,1,6,2,43,7,1242,1,16,-1,1,-1
2015471501362,1,4,0,18,0,0,0,0,1,0,3,1,6,1,71,10,299,1,1,-1,1,-1
2015471501363,1,2,0,18,0,0,0,0,0,0,3,1,6,2,49,8,50,1,5,-1,1,-1
2015471501365,1,9,0,15,0,0,0,0,0,0,1,1,6,1,55,8,2191,2,2,-1,1,-1
2015471501365,2,9,0,18,0,0,0,0,0,0,4,1,6,2,19,4,1242,1,2,-1,1,-1
2015471501366,1,9,0,9,0,0,0,0,0,0,1,1,6,1,32,6,1388,1,4,-1,2,-1
2015471501366,2,5,0,18,0,0,0,0,0,0,1,1,6,1,32,6,892,1,17,-1,3,-1
2015471501370,1,9,0,18,0,8,0,4,0,0,1,1,6,1,43,7,1560,2,7,-1,1,-1
2015471501370,2,9,0,2,0,8,0,0,1,0,2,1,6,3,-1,-1,1328,1,9,-1,-1,-1
2015471501380,1,9,0,16,0,0,5,0,2,4,4,1,2,2,20,4,998,1,13,-1,1,-1
2015471501380,2,19,0,17,0,0,0,0,0,0,3,1,1,1,47,8,1248,2,1,-1,1,-1
2015471501381,1,9,0,9,0,6,0,0,0,0,1,1,6,1,38,7,2300,1,16,-1,1,-1
2015471501381,2,1,0,18,0,8,0,0,0,0,3,1,6,2,42,7,-1,-1,-1,-1,1,-1
2015471501382,1,9,0,18,0,0,0,0,1,11,4,1,6,1,69,10,-1,-1,-1,-1,1,-1
2015471501383,1,9,0,9,0,8,0,0,0,0,1,1,6,2,20,4,1995,2,5,-1,1,-1
2015471501383,2,1,0,18,0,8,0,0,0,0,1,1,6,1,52,8,-1,-1,-1,-1,1,-1
2015471501384,1,9,0,18,0,0,0,0,1,0,2,1,1,1,74,10,-1,-1,-1,-1,1,-1
2015471501384,2,19,0,18,0,0,0,0,0,0,1,1,1,1,49,8,2402,2,5,-1,1,-1
2015471501384,3,19,0,18,0,0,0,0,0,0,1,1,1,1,24,5,2402,2,10,-1,1,-1
2015471501385,1,9,0,18,0,0,0,0,1,4,1,1,6,2,26,6,-1,-1,-1,-1,3,-1
2015471501386,1,9,0,18,0,0,0,0,1,7,1,1,2,1,52,8,1984,2,2,-1,1,-1
2015471501387,1,9,0,18,0,0,0,0,0,0,1,1,1,1,27,6,-1,-1,-1,-1,1,-1
2015471501387,2,9,0,18,0,0,0,0,1,11,1,1,6,1,39,7,-1,-1,-1,-1,3,-1
2015471501387,3,21,1,18,0,0,1,0,0,0,1,1,1,1,50,8,6871,2,1,-1,1,-1
2015471501388,1,9,0,18,0,0,0,0,0,0,1,1,6,1,33,6,1596,1,7,-1,2,-1
2015471501388,2,9,0,18,0,0,0,0,0,0,1,1,6,1,53,8,-1,-1,-1,-1,1,-1
2015471501388,3,9,0,18,0,0,0,0,0,0,1,1,6,1,26,6,-1,-1,-1,-1,1,-1
2015471501389,1,19,0,17,0,0,0,0,0,0,0,1,6,3,35,6,-1,-1,-1,-1,-1,-1
2015471501389,2,9,0,16,0,0,0,0,7,4,1,1,6,1,79,11,1390,1,1,-1,3,-1
2015471501391,1,19,4,18,0,1,0,0,0,0,1,1,6,1,32,6,1753,2,12,-1,1,-1
2015471501391,2,9,0,3,0,1,0,0,0,0,2,1,6,2,36,7,1390,1,5,-1,1,-1
2015471501393,1,9,0,2,0,0,0,0,0,0,3,1,6,2,35,6,1560,2,9,-1,1,-1
2015471501393,2,1,0,18,0,0,0,0,0,0,4,1,6,2,40,7,-1,-1,-1,-1,1,-1
2015471501397,1,9,0,9,0,8,0,0,0,0,1,1,6,2,17,4,998,1,15,-1,1,-1
2015471501397,2,9,0,18,0,1,0,0,0,0,3,1,2,1,20,4,1360,1,10,-1,1,-1
2015471501398,1,9,0,5,0,8,0,0,0,0,1,1,6,2,32,6,1896,2,13,-1,3,-1
2015471501398,2,9,0,18,0,8,0,0,7,10,1,1,6,2,58,9,1582,2,5,-1,1,-1
2015471501399,1,9,0,18,0,0,0,0,0,0,1,1,6,3,-1,-1,-1,-1,-1,-1,-1,-1
2015471501399,2,9,0,18,0,0,0,0,0,0,3,1,6,2,50,8,1396,1,6,-1,1,-1
2015471501399,3,19,0,18,0,0,1,0,0,0,1,1,6,1,27,6,1753,2,13,-1,1,-1
2015471501400,1,19,0,18,0,0,0,0,0,0,1,1,6,1,30,6,1896,2,14,-1,1,-1
2015471501400,2,9,0,3,0,0,0,0,0,0,2,1,2,1,45,7,2179,2,4,-1,3,-1
2015471501401,1,9,0,4,0,0,0,0,0,0,1,1,6,1,82,11,2256,1,17,-1,1,-1
2015471501401,2,1,0,18,0,0,0,0,0,0,3,1,6,2,81,11,-1,-1,-1,-1,1,-1
2015471501403,1,9,0,18,0,1,1,0,1,0,1,1,6,1,20,4,1596,1,11,-1,1,-1
2015471501403,2,9,0,2,0,1,0,0,0,0,3,1,6,3,-1,-1,-1,-1,-1,-1,-1,-1
2015471501403,3,9,0,2,0,1,0,0,0,0,3,1,6,3,-1,-1,1560,2,4,-1,-1,-1
2015471501403,4,9,0,2,0,1,0,0,0,0,3,1,6,3,-1,-1,1560,2,9,-1,-1,-1
2015471501404,1,9,0,10,0,1,0,0,0,0,1,1,6,1,56,9,-1,-1,-1,-1,1,-1
2015471501404,2,9,0,3,0,1,0,0,0,0,2,1,6,2,21,5,998,1,6,-1,1,-1
2015471501404,3,9,0,10,0,1,0,0,0,0,2,1,6,2,60,9,998,1,10,-1,1,-1
2015471501405,1,5,0,18,0,1,0,0,0,0,1,1,6,1,45,7,781,1,15,-1,1,-1
2015471501405,2,9,0,18,0,1,0,0,0,0,2,1,3,2,32,6,1796,1,2,-1,1,-1
2015471501406,1,3,0,18,0,0,0,0,0,0,0,1,6,1,18,4,124,1,2,-1,1,-1
2015471501407,1,9,0,18,0,3,0,0,1,10,1,1,6,1,73,10,-1,-1,-1,-1,1,-1
2015471501408,1,9,0,17,0,0,2,0,2,1,1,1,6,2,28,6,1796,1,14,-1,1,-1
2015471501409,1,19,0,1,0,8,0,0,0,0,0,1,6,1,35,6,1968,2,-1,-1,1,-1
2015471501409,2,9,0,18,0,8,0,0,0,0,1,1,6,2,36,7,1997,2,14,-1,1,-1
2015471501409,3,9,0,3,0,8,0,0,0,0,2,1,6,1,71,10,1598,1,10,-1,1,-1
2015471501410,1,9,0,18,0,0,0,0,0,0,4,1,6,1,83,11,-1,-1,-1,-1,1,-1
2015471501412,1,9,0,15,0,0,0,0,0,0,4,1,2,2,26,6,1229,1,10,-1,1,-1
2015471501412,2,1,0,18,0,0,0,0,0,0,3,1,2,1,48,8,-1,-1,-1,-1,1,-1
2015471501413,1,9,0,18,0,0,0,0,0,0,0,1,6,3,-1,-1,-1,-1,-1,-1,-1,-1
2015471501413,2,11,0,18,0,0,0,0,0,0,0,2,6,1,40,7,-1,-1,-1,-1,-1,-1
2015471501416,1,9,0,2,6,2,0,0,0,0,1,1,2,2,20,4,1587,1,11,-1,3,-1
2015471501416,2,9,0,2,6,1,0,0,0,0,0,1,1,3,-1,-1,1968,2,6,-1,-1,-1
2015471501419,1,19,0,1,0,1,0,0,0,0,2,1,1,1,35,6,1995,2,5,-1,1,-1
2015471501424,1,9,0,18,0,8,0,0,0,0,1,1,6,2,36,7,1596,1,7,-1,1,-1
2015471501424,2,1,0,18,0,8,0,0,0,0,4,1,6,1,48,8,-1,-1,-1,-1,1,-1
2015471501425,1,9,0,18,0,8,0,0,0,0,1,1,6,2,73,10,-1,-1,-1,-1,1,-1
2015471501425,2,9,0,2,0,8,0,0,0,0,3,1,6,3,-1,-1,1598,1,2,-1,-1,-1
2015471501429,1,9,0,18,9,8,0,0,0,0,0,1,6,3,-1,-1,-1,-1,-1,-1,-1,-1
2015471501430,1,11,0,9,0,5,0,0,0,0,1,1,6,1,49,8,11000,2,10,-1,1,-1
2015471501431,1,1,0,18,0,8,0,0,0,0,2,1,6,2,35,6,-1,-1,-1,-1,1,-1
2015471501431,2,9,0,7,0,5,0,0,0,0,4,1,6,2,62,9,1242,1,3,-1,1,-1
2015471501436,1,9,0,18,0,4,0,0,0,0,1,1,1,1,51,8,1560,2,5,-1,1,-1
2015471501436,2,1,0,18,0,4,0,0,0,0,2,1,2,1,29,6,-1,-1,-1,-1,1,-1
2015471501437,1,9,0,18,0,1,0,0,0,0,1,1,6,1,50,8,-1,-1,-1,-1,-1,-1
2015471501437,2,9,0,3,0,1,0,0,0,0,2,1,6,1,35,6,1896,2,15,-1,1,-1
2015471501438,1,9,0,16,0,0,0,0,7,4,1,1,6,2,78,11,1198,1,6,-1,1,-1
2015471501441,1,9,0,9,0,6,0,0,0,0,1,1,6,2,26,6,1390,1,1,-1,1,-1
2015471501441,2,1,0,18,0,8,0,0,0,0,4,1,6,1,48,8,-1,-1,-1,-1,1,-1
2015471501443,1,9,0,4,0,0,1,0,0,0,1,1,1,1,19,4,1242,1,13,-1,1,-1
2015471501443,2,9,0,4,0,0,0,0,0,0,2,1,6,1,29,6,1598,1,10,-1,1,-1
2015471501447,1,9,0,1,0,0,0,0,0,0,0,1,6,2,53,8,-1,-1,-1,-1,3,-1
2015471501447,2,9,0,18,0,0,1,0,0,0,2,1,6,2,46,8,1461,2,5,-1,1,-1
2015471501447,3,9,0,18,0,0,0,0,0,0,1,1,6,1,55,8,1753,2,5,-1,3,-1
2015471501448,1,9,0,7,0,6,0,0,0,0,1,1,6,2,60,9,1597,1,7,-1,1,-1