Accident_Index,Vehicle_Reference,Vehicle_Type,Towing_and_Articulation,Vehicle_Manoeuvre,Vehicle_Location-Restricted_Lane,Junction_Location,Skidding_and_Overturning,Hit_Object_in_Carriageway,Vehicle_Leaving_Carriageway,Hit_Object_off_Carriageway,1st_Point_of_Impact,Was_Vehicle_Left_Hand_Drive?,Journey_Purpose_of_Driver,Sex_of_Driver,Age_of_Driver,Age_Band_of_Driver,Engine_Capacity_(CC),Propulsion_Code,Age_of_Vehicle,Driver_IMD_Decile,Driver_Home_Area_Type,Vehicle_IMD_Decile
2015471501935,1,11,0,14,0,0,0,0,0,0,2,1,1,1,57,9,9360,2,3,-1,1,-1
2015471501935,2,11,0,15,0,0,0,0,0,0,4,1,1,1,40,7,-1,-1,-1,-1,1,-1
2015471501938,1,9,0,10,0,6,0,0,0,0,1,1,1,2,18,4,1149,1,15,-1,1,-1
2015471501938,2,5,0,18,0,8,1,0,7,10,1,1,1,1,25,5,782,1,11,-1,1,-1
2015471501942,1,9,0,7,0,8,0,0,0,0,1,1,6,1,29,6,1461,2,-1,-1,1,-1
2015471501945,1,9,0,18,0,8,0,0,0,0,1,1,6,1,68,10,1388,1,8,-1,1,-1
2015471501946,1,9,0,18,0,0,1,0,0,0,1,1,2,1,51,8,1461,2,10,-1,1,-1
2015471501946,2,9,0,4,0,0,0,0,0,0,2,1,6,1,60,9,2429,1,8,-1,1,-1
2015471501947,1,9,0,4,0,0,0,0,0,0,1,1,6,1,23,5,1388,1,12,-1,1,-1
2015471501947,2,9,0,3,0,0,0,0,0,0,2,1,6,1,59,9,1360,1,11,-1,1,-1
2015471501947,3,9,0,18,0,0,0,0,0,0,0,1,6,3,-1,-1,-1,-1,-1,-1,-1,-1
2015471501951,1,9,0,18,0,2,0,10,0,0,1,1,6,1,34,6,2143,2,6,-1,1,-1
2015471501951,2,9,0,2,0,1,0,0,0,0,1,1,6,3,-1,-1,1586,1,9,-1,-1,-1
2015471501951,3,9,0,2,0,1,0,0,0,0,1,1,6,3,-1,-1,1968,2,3,-1,-1,-1
2015471501954,1,9,0,18,0,0,0,0,0,0,1,1,6,1,23,5,1390,1,9,-1,1,-1
2015471501954,2,9,0,18,0,0,0,0,0,0,2,1,6,1,51,8,1360,1,8,-1,2,-1
2015471501954,3,9,0,18,0,0,0,0,0,0,2,1,6,1,60,9,1973,1,16,-1,1,-1
2015471501956,1,1,0,4,0,2,0,0,0,0,1,1,6,1,50,8,-1,-1,-1,-1,-1,-1
2015471501956,2,9,0,3,0,2,0,0,0,0,2,1,6,1,34,6,1998,1,10,-1,1,-1
2015471501958,1,5,0,18,0,8,0,0,0,0,4,1,6,1,49,8,892,1,14,-1,1,-1
2015471501958,2,9,4,9,0,8,0,0,0,0,3,1,6,1,42,7,2495,2,22,-1,3,-1
2015471501960,1,9,0,18,0,3,0,0,0,0,1,1,6,1,23,5,2000,2,9,-1,1,-1
2015471501960,2,9,0,18,0,3,0,0,0,0,3,1,6,1,49,8,2143,2,-1,-1,1,-1
2015471501960,3,9,0,18,0,4,0,0,0,0,0,1,6,2,50,8,1689,2,15,-1,1,-1
2015471501962,1,2,0,18,0,0,0,0,0,0,0,1,6,1,16,4,49,1,3,-1,3,-1
2015471501962,2,9,0,2,0,0,0,0,0,0,0,1,6,1,69,10,4367,2,5,-1,1,-1
2015471501965,1,9,0,18,0,1,0,0,0,0,1,1,6,2,33,6,1298,1,8,-1,1,-1
2015471501965,2,9,0,5,0,6,0,0,0,0,3,1,6,2,33,6,1397,1,12,-1,1,-1
2015471501967,1,9,0,18,0,1,0,0,0,0,1,1,6,2,48,8,998,1,16,-1,1,-1
2015471501967,2,9,0,3,0,1,0,0,0,0,2,1,1,2,27,6,1242,1,1,-1,3,-1
2015471501968,1,9,0,6,0,1,0,0,0,0,3,1,6,2,42,7,1149,1,12,-1,1,-1
2015471501968,2,9,0,18,0,1,0,0,0,0,1,1,6,1,50,8,-1,-1,-1,-1,-1,-1
2015471501970,1,5,0,16,0,0,1,0,0,0,4,1,6,1,41,7,1250,1,15,-1,1,-1
2015471501970,2,5,0,3,0,0,0,0,0,0,3,1,6,1,52,8,1340,1,7,-1,1,-1
2015471501970,3,9,0,3,0,0,0,0,0,0,2,1,6,1,21,5,1598,1,12,-1,1,-1
2015471501971,1,9,0,18,0,0,0,0,0,0,1,1,6,2,38,7,1229,1,7,-1,1,-1
2015471501971,2,9,0,9,0,0,0,0,0,0,2,1,6,1,43,7,1968,2,1,-1,-1,-1
2015471501972,1,9,0,18,0,0,0,0,0,0,1,1,6,2,44,7,1796,1,14,-1,1,-1
2015471501972,2,9,0,3,0,0,0,0,0,0,2,1,6,2,55,8,1242,1,8,-1,1,-1
2015471501973,1,9,0,18,0,3,0,0,0,0,3,1,1,2,35,6,1242,1,11,-1,1,-1
2015471501973,2,5,0,18,0,3,1,0,0,0,1,1,6,1,29,6,599,1,8,-1,1,-1
2015471501974,1,19,0,9,0,6,0,0,0,0,1,1,1,1,47,8,-1,-1,-1,-1,1,-1
2015471501974,2,5,0,18,0,1,0,0,0,0,4,1,6,1,27,6,599,1,19,-1,1,-1
2015471501975,1,9,0,16,0,0,1,0,8,1,3,1,6,1,27,6,1198,1,12,-1,1,-1
2015471501976,1,5,0,18,0,0,1,0,1,0,1,1,6,1,70,10,750,1,4,-1,1,-1
2015471501976,2,9,0,18,0,0,0,0,0,0,2,1,6,1,42,7,1956,2,6,-1,2,-1
2015471501979,1,9,0,13,0,8,0,0,0,0,4,1,6,3,-1,-1,-1,-1,-1,-1,-1,-1
2015471501979,2,9,0,18,0,8,0,0,0,0,3,1,6,1,43,7,1685,2,1,-1,1,-1
2015471501981,1,9,0,9,0,8,0,0,0,0,0,1,6,1,68,10,2793,1,16,-1,1,-1
2015471501983,1,9,0,18,0,4,0,0,0,0,3,1,6,3,-1,-1,1991,1,-1,-1,-1,-1
2015471501983,2,9,0,18,0,3,0,0,0,0,1,1,6,2,53,8,1995,2,9,-1,1,-1
2015471501986,1,1,0,18,5,0,0,0,0,0,0,1,6,1,40,7,-1,-1,-1,-1,1,-1
2015471501989,1,9,0,18,0,0,0,0,0,0,1,1,6,1,51,8,1995,2,9,-1,1,-1
2015471501989,2,9,0,2,0,0,0,0,0,0,1,1,6,1,21,5,1998,1,14,-1,3,-1
2015471501991,1,9,0,16,0,8,2,0,1,11,3,1,6,1,20,4,1149,1,13,-1,1,-1
2015471501992,1,9,0,9,0,8,0,9,0,1,1,1,6,2,63,9,1299,1,15,-1,1,-1
2015471501994,1,9,0,18,0,0,0,0,5,10,1,1,6,1,44,7,1781,1,15,-1,1,-1
2015471501994,2,90,0,18,0,0,0,0,0,0,3,1,1,2,40,7,2987,2,5,-1,1,-1
2015471501994,3,9,0,18,0,0,0,0,0,0,2,1,6,1,21,5,1686,2,10,-1,1,-1
2015471501994,4,9,0,2,0,0,0,0,0,0,2,1,6,3,-1,-1,1995,1,5,-1,-1,-1
2015471501994,5,9,0,2,0,0,0,0,0,0,2,1,6,3,-1,-1,1796,2,2,-1,-1,-1
2015471501994,6,9,0,2,0,0,0,0,0,0,2,1,6,3,-1,-1,998,1,13,-1,-1,-1
2015471501996,1,9,0,15,0,8,1,0,4,4,3,1,6,1,22,5,1124,1,16,-1,1,-1
2015471501996,2,9,0,18,0,8,0,0,0,0,4,1,2,2,46,8,1248,1,1,-1,1,-1
2015471501997,1,3,0,13,0,1,0,0,7,11,3,1,6,1,36,7,125,1,9,-1,1,-1
2015471501997,2,9,0,9,0,1,0,0,0,0,3,1,6,2,45,7,1149,1,-1,-1,1,-1
2015471501999,1,9,0,18,0,0,5,0,0,0,4,1,6,1,35,6,1896,2,12,-1,1,-1
2015471501999,2,9,0,2,0,0,0,0,0,0,3,1,6,3,-1,-1,1299,1,18,-1,-1,-1
2015471502000,1,1,0,16,0,0,1,0,0,0,1,1,6,1,67,10,-1,-1,-1,-1,3,-1
2015471502001,1,9,0,18,0,2,0,0,1,2,1,1,6,1,53,8,1997,2,9,-1,1,-1
2015471502002,1,9,0,18,0,2,0,0,0,0,1,1,6,3,-1,-1,-1,-1,-1,-1,-1,-1
2015471502007,1,8,0,18,0,0,0,0,0,0,1,1,1,2,36,7,1997,2,4,-1,1,-1
2015471502009,1,9,0,1,0,6,0,0,0,0,2,1,6,2,38,7,2926,2,10,-1,1,-1
2015471502009,2,5,0,3,0,1,0,0,0,0,4,1,6,1,63,9,-1,-1,-1,-1,2,-1
2015471502012,1,11,0,4,0,1,0,0,0,0,0,1,1,1,61,9,9000,2,11,-1,1,-1
2015471502013,1,9,0,5,0,0,0,0,0,0,1,1,6,1,78,11,1582,2,7,-1,1,-1
2015471502015,1,9,0,9,0,1,0,0,0,0,1,1,4,1,18,4,1149,1,13,-1,3,-1
2015471502015,2,9,0,18,0,2,0,0,0,0,1,1,2,1,34,6,1461,2,7,-1,1,-1
2015471502016,1,9,0,4,0,1,0,0,0,0,3,2,6,1,54,8,1597,1,21,-1,1,-1
2015471502019,1,9,0,18,0,1,0,4,0,0,1,1,6,1,38,7,1968,2,2,-1,1,-1
2015471502019,2,19,0,2,0,1,0,0,0,0,1,1,6,3,-1,-1,2402,2,4,-1,-1,-1
2015471502020,1,11,0,18,0,0,0,0,0,0,0,1,1,1,45,7,3900,2,9,-1,1,-1
2015471502023,1,9,0,5,0,2,0,0,0,0,1,1,6,2,40,7,1600,1,16,-1,1,-1
2015471502023,2,9,0,4,0,2,0,0,0,0,2,1,6,1,33,6,1299,1,12,-1,1,-1
2015471502024,1,9,0,18,0,0,0,0,0,0,1,1,6,1,77,11,1910,2,14,-1,1,-1
2015471502024,2,9,0,4,0,0,0,0,0,0,2,1,6,1,38,7,1995,2,3,-1,1,-1
2015471502024,3,11,0,2,0,0,0,0,0,0,0,1,1,3,55,8,-1,-1,-1,-1,-1,-1
2015471502025,1,9,0,18,0,1,0,0,0,0,4,1,6,2,33,6,1968,2,-1,-1,1,-1
2015471502026,1,9,0,7,0,5,0,0,0,0,3,1,6,2,73,10,1360,1,8,-1,1,-1
2015471502026,2,1,0,18,0,1,0,0,0,0,1,1,3,2,26,6,-1,-1,-1,-1,1,-1
2015471502027,1,9,0,5,0,8,0,0,0,0,4,1,6,1,49,8,1497,1,11,-1,1,-1
2015471502027,2,1,0,18,0,1,0,0,0,0,1,1,6,1,17,4,-1,-1,-1,-1,3,-1
2015471502028,1,9,0,18,0,0,0,0,0,0,3,1,6,3,-1,-1,-1,-1,-1,-1,-1,-1
2015471502028,2,9,0,18,0,0,0,0,0,0,3,1,6,1,55,8,1390,1,14,-1,3,-1
2015471502028,3,9,0,18,0,0,0,0,1,0,4,1,6,2,44,7,2720,2,6,-1,3,-1
2015471502030,1,11,0,9,0,4,0,0,0,0,1,1,1,1,51,8,9000,2,11,-1,1,-1
2015471502030,2,9,0,18,0,4,0,0,0,0,4,1,6,1,19,4,1398,1,12,-1,1,-1
2015471502031,1,9,0,18,0,0,0,7,0,0,1,1,6,2,57,9,-1,-1,-1,-1,1,-1
2015471502032,1,1,0,18,0,8,0,0,0,0,0,1,6,1,28,6,-1,-1,-1,-1,1,-1
2015471502032,2,9,0,4,0,8,0,0,0,0,0,1,6,1,33,6,1997,1,10,-1,1,-1
2015471502033,1,3,0,17,0,0,0,0,1,0,0,1,2,1,26,6,124,1,14,-1,1,-1
2015471502035,1,9,0,5,0,6,0,0,0,0,1,1,6,1,79,11,1389,1,20,-1,1,-1
2015471502035,2,1,0,18,4,8,0,0,0,0,1,1,6,1,25,5,-1,-1,-1,-1,1,-1
2015471502039,1,9,0,18,0,1,0,0,0,0,1,1,6,3,-1,-1,-1,-1,-1,-1,-1,-1
2015471502040,1,9,0,18,0,2,1,0,0,0,0,1,6,3,-1,-1,-1,-1,-1,-1,-1,-1
2015471502040,2,9,0,18,0,2,0,0,0,0,0,1,6,2,23,5,1124,1,14,-1,1,-1
2015471502043,1,19,0,18,0,0,0,0,0,0,4,1,6,1,75,10,1560,2,5,-1,3,-1
2015471502044,1,9,0,18,0,0,0,0,0,0,4,1,6,2,18,4,1422,2,-1,-1,1,-1
2015471502045,1,9,0,18,0,1,0,0,0,0,1,1,2,1,43,7,2495,2,13,-1,3,-1
2015471502045,2,9,0,7,0,1,0,0,1,0,2,1,6,1,55,8,1686,2,10,-1,3,-1
2015471502045,3,9,0,2,0,1,0,0,1,0,4,1,6,3,-1,-1,1975,1,8,-1,-1,-1
2015471502046,1,9,0,15,0,2,0,0,0,0,0,1,6,1,59,9,1988,1,12,-1,-1,-1
2015471502046,2,11,0,3,0,1,0,0,0,0,0,1,6,1,-1,-1,-1,-1,-1,-1,-1,-1
2015471502047,1,1,0,9,0,2,0,0,0,0,3,1,6,1,14,3,-1,-1,-1,-1,1,-1
2015471502047,2,11,0,18,0,1,0,0,0,0,1,1,1,1,64,9,4500,2,6,-1,1,-1
2015471502048,1,8,0,18,0,1,0,0,0,0,4,1,1,1,31,6,-1,-1,-1,-1,1,-1
2015471502049,1,9,0,1,0,0,0,0,0,0,2,1,6,2,71,10,1995,1,6,-1,1,-1
2015471502049,2,9,0,2,0,0,0,0,0,0,4,1,6,3,-1,-1,2982,2,10,-1,-1,-1
2015471502051,1,9,0,13,0,2,0,0,1,0,4,1,6,1,30,6,1391,1,14,-1,-1,-1
2015471502051,2,1,0,18,0,3,0,0,2,10,3,1,6,1,63,9,-1,-1,-1,-1,3,-1
2015471502052,1,19,0,18,0,0,0,0,0,0,4,1,6,3,-1,-1,-1,-1,-1,-1,-1,-1
2015471502053,1,9,0,11,0,1,0,0,0,0,1,1,6,2,24,5,998,1,4,-1,1,-1
2015471502053,2,9,0,18,0,1,0,0,0,0,3,1,1,1,47,8,1968,2,2,-1,1,-1
2015471502054,1,19,0,18,0,8,0,0,0,0,1,1,1,1,42,7,2198,2,1,-1,1,-1
2015471502054,2,9,0,7,0,5,0,0,0,4,2,1,6,2,28,6,1560,2,2,-1,3,-1
2015471502055,1,8,0,18,0,0,1,0,0,0,1,1,1,1,64,9,-1,-1,-1,-1,1,-1
2015471502055,2,9,0,4,0,0,0,0,0,0,2,1,6,1,73,10,1598,1,-1,-1,1,-1
2015471502059,1,9,0,5,0,0,0,0,0,0,3,2,6,2,46,8,1596,1,2,-1,1,-1
2015471502059,2,2,0,18,0,0,0,0,0,0,1,1,1,2,51,8,49,1,15,-1,1,-1
2015471502060,1,9,0,12,0,0,0,0,1,0,3,1,6,1,27,6,1598,1,1,-1,1,-1
2015471502060,2,9,0,18,0,0,0,0,1,0,4,1,6,1,73,10,1781,1,12,-1,1,-1
2015471502060,3,9,0,18,0,0,0,0,0,0,3,1,6,2,42,7,1995,2,10,-1,1,-1
2015471502062,1,19,0,18,0,0,1,0,0,0,1,1,1,1,36,7,1995,2,1,-1,1,-1
2015471502062,2,19,0,4,0,0,0,0,0,0,2,1,1,1,49,8,2198,2,1,-1,1,-1
2015471502062,3,9,0,3,0,0,0,0,0,0,2,1,6,1,38,7,2000,1,11,-1,1,-1
2015471502062,4,9,0,18,0,0,0,0,0,0,1,1,6,2,36,7,1582,2,3,-1,3,-1
2015471502063,1,9,0,9,0,4,0,0,0,0,1,1,2,2,52,8,1588,1,11,-1,1,-1
2015471502063,2,2,0,18,0,8,0,0,0,0,4,1,4,1,16,4,49,1,49,-1,1,-1
2015471502065,1,9,0,9,9,2,0,0,0,0,3,1,6,1,72,10,1242,1,2,-1,1,-1
2015471502065,2,1,0,4,9,1,0,0,0,0,1,1,1,1,40,7,-1,-1,-1,-1,1,-1
2015471502067,1,9,0,17,0,0,0,0,1,4,1,1,6,1,31,6,1796,1,2,-1,1,-1
2015471502068,1,9,0,4,0,1,0,0,0,0,1,1,1,2,24,5,1299,1,13,-1,1,-1
2015471502068,2,5,0,18,0,1,0,0,0,0,2,1,1,1,44,7,645,1,7,-1,1,-1
2015471502068,3,19,0,10,0,1,0,0,0,0,2,1,1,1,36,7,2198,2,3,-1,1,-1
2015471502069,1,9,0,9,0,1,0,0,0,0,4,1,6,1,90,11,1388,1,11,-1,1,-1
2015471502069,2,5,0,18,0,1,0,0,0,0,1,1,6,1,63,9,998,1,11,-1,2,-1
2015471502071,1,9,0,18,0,1,0,0,0,0,1,1,6,2,53,8,1388,1,4,-1,1,-1
2015471502071,2,9,0,18,0,1,0,0,0,0,2,1,6,2,52,8,1998,2,-1,-1,1,-1
2015471502071,3,9,0,10,0,1,0,0,0,0,2,1,6,2,46,8,1896,2,12,-1,1,-1
2015471502075,1,9,0,4,0,0,0,0,0,0,1,1,6,1,55,8,2143,2,3,-1,1,-1
2015471502075,2,9,0,3,0,0,0,0,0,0,2,1,6,1,48,8,1984,2,6,-1,1,-1
2015471502076,1,9,0,1,0,8,0,0,0,0,2,1,1,1,56,9,-1,-1,-1,-1,1,-1
2015471502076,2,9,0,4,0,5,0,0,0,0,1,1,6,2,68,10,998,1,7,-1,1,-1
2015471502077,1,19,0,9,0,6,0,0,0,0,0,1,1,1,31,6,2148,2,8,-1,1,-1
2015471502077,2,1,0,18,0,8,1,0,1,0,1,1,6,1,61,9,-1,-1,-1,-1,1,-1
2015471502080,1,9,0,18,0,2,0,0,0,0,1,1,6,2,21,5,1390,1,14,-1,1,-1
2015471502080,2,19,0,18,0,2,0,0,0,0,2,1,1,1,58,9,2402,2,13,-1,1,-1
2015471502081,1,9,0,18,0,0,0,0,0,0,1,1,6,1,71,10,1995,2,3,-1,2,-1
2015471502082,1,9,0,7,0,1,0,0,0,0,1,1,1,1,49,8,1796,1,14,-1,1,-1
2015471502082,2,1,0,18,0,1,0,0,0,0,2,1,2,1,37,7,-1,-1,-1,-1,1,-1
2015471502083,1,9,0,9,0,6,0,0,0,0,3,1,1,1,56,9,4164,2,12,-1,3,-1
2015471502083,2,5,0,18,0,1,1,0,0,0,1,1,6,1,58,9,865,1,8,-1,1,-1
2015471502084,1,21,1,18,0,0,0,0,0,0,4,1,1,3,-1,-1,12580,2,10,-1,1,-1
2015471502084,2,9,0,18,0,0,0,0,0,4,1,1,6,1,56,9,1360,1,8,-1,2,-1
2015471502085,1,19,0,12,0,0,0,0,0,0,3,1,1,1,22,5,2198,2,3,-1,1,-1
2015471502085,2,9,0,18,0,0,0,0,0,0,4,1,6,1,42,7,1360,1,9,-1,1,-1
2015471502086,1,9,0,18,0,0,0,0,0,0,1,1,6,2,27,6,2000,2,4,-1,3,-1
2015471502086,2,9,0,18,0,0,0,0,0,0,1,1,6,2,31,6,1596,1,10,-1,1,-1
2015471502087,1,9,0,18,0,8,0,10,0,0,1,1,6,2,42,7,1598,2,3,-1,1,-1
2015471502087,2,9,0,18,0,8,0,0,0,0,1,1,2,2,22,5,1299,1,11,-1,-1,-1
2015471502090,1,9,0,5,0,0,0,0,0,0,1,1,1,2,41,7,1984,1,14,-1,1,-1
2015471502090,2,9,0,18,0,0,0,0,0,0,1,1,1,1,34,6,1956,2,5,-1,1,-1
2015471502093,1,9,0,5,0,3,0,0,0,0,3,1,6,2,27,6,1598,2,2,-1,1,-1
2015471502093,2,5,0,5,0,3,0,0,0,0,1,1,6,2,36,7,600,1,10,-1,1,-1
2015471502097,1,8,0,18,0,8,0,0,0,0,2,1,1,1,55,8,1968,2,8,-1,1,-1
2015471502097,2,4,0,18,0,8,0,0,0,0,1,1,2,1,23,5,124,1,4,-1,1,-1
2015471502098,1,11,0,18,0,1,0,0,0,0,1,1,1,1,55,8,8970,2,12,-1,1,-1
2015471502099,1,9,0,9,0,8,0,0,0,0,1,1,6,2,49,8,1461,2,11,-1,3,-1
2015471502099,2,1,0,18,0,8,0,0,0,0,1,1,1,1,31,6,-1,-1,-1,-1,1,-1
2015471502101,1,19,0,18,0,8,0,0,0,0,1,1,1,1,43,7,2459,2,13,-1,1,-1
2015471502101,2,9,0,3,0,8,0,0,0,0,2,1,1,1,29,6,-1,-1,-1,-1,1,-1
2015471502101,3,9,0,18,0,8,0,0,0,0,1,1,6,1,75,10,1339,1,7,-1,1,-1
2015471502103,1,8,0,18,9,2,0,0,1,0,1,1,1,1,72,10,1997,2,10,-1,1,-1
2015471502104,1,9,0,5,0,6,0,0,0,0,0,1,6,3,-1,-1,-1,-1,-1,-1,-1,-1
2015471502104,2,11,0,18,0,1,0,0,0,0,0,1,1,1,50,8,-1,2,16,-1,1,-1
2015471502105,1,9,0,7,0,6,0,0,0,0,1,1,2,2,65,9,1124,1,16,-1,1,-1
2015471502105,2,1,0,18,0,8,0,0,0,0,4,1,2,2,47,8,-1,-1,-1,-1,1,-1
2015471502110,1,1,0,18,0,0,0,4,0,0,1,1,6,1,49,8,-1,-1,-1,-1,1,-1
2015471502110,2,21,0,2,0,0,0,0,0,0,1,1,6,3,-1,-1,12777,2,9,-1,-1,-1
2015471502111,1,9,0,18,0,4,0,0,0,0,1,1,6,2,30,6,2230,1,10,-1,1,-1
2015471502111,2,1,0,18,0,3,0,0,0,0,2,1,6,1,50,8,-1,-1,-1,-1,1,-1
2015471502112,1,9,0,5,0,1,0,0,0,0,0,1,6,3,-1,-1,-1,-1,-1,-1,-1,-1
2015471502113,1,21,1,18,0,0,0,0,0,0,1,2,1,1,36,7,-1,-1,-1,-1,-1,-1
2015471502113,2,9,0,4,0,0,0,0,0,0,2,1,1,2,28,6,1598,2,1,-1,-1,-1
2015471502114,1,1,0,18,4,1,0,0,0,0,1,1,6,1,22,5,-1,-1,-1,-1,1,-1
2015471502114,2,9,0,7,0,5,0,0,0,0,4,1,1,2,54,8,1339,1,5,-1,1,-1
2015471502115,1,9,0,12,0,7,0,0,0,0,4,1,6,1,50,8,1242,1,8,-1,1,-1
2015471502115,2,11,0,18,0,8,0,0,0,0,1,1,1,1,61,9,5132,2,-1,-1,1,-1
2015471502115,3,9,0,3,0,8,0,0,0,0,2,1,6,1,30,6,1798,1,4,-1,1,-1
2015471502118,1,1,0,7,4,6,0,0,0,0,1,1,6,3,-1,-1,-1,-1,-1,-1,-1,-1
2015471502118,2,1,0,18,4,8,0,0,0,0,2,1,6,1,18,4,-1,-1,-1,-1,1,-1
2015471502121,1,4,0,13,0,1,0,0,0,0,3,1,6,1,24,5,124,1,1,-1,1,-1
2015471502121,2,9,0,9,0,1,0,0,0,0,1,1,6,2,32,6,-1,-1,-1,-1,1,-1
2015471502123,1,9,0,4,0,1,0,0,0,0,1,1,6,2,27,6,1598,1,7,-1,1,-1
2015471502123,2,9,0,4,0,1,0,0,0,0,1,1,6,1,72,10,3222,2,10,-1,1,-1
2015471502123,3,9,0,4,0,1,0,0,0,0,2,1,6,1,34,6,1560,2,3,-1,1,-1
2015471502125,1,9,0,9,0,0,0,0,0,0,4,1,6,1,30,6,2198,1,13,-1,1,-1
2015471502125,2,5,0,18,0,0,0,0,0,0,1,1,1,1,32,6,599,1,11,-1,1,-1
2015471502128,1,4,0,4,0,1,0,0,0,0,1,1,6,1,26,6,125,1,4,-1,1,-1
2015471502128,2,9,0,4,0,1,0,0,0,0,2,1,6,1,22,5,1368,1,5,-1,1,-1
2015471502129,1,9,0,18,0,0,0,0,0,0,1,1,6,1,18,4,1299,1,17,-1,3,-1
2015471502129,2,9,0,18,0,0,0,0,0,0,2,1,6,1,56,9,1299,1,14,-1,1,-1
2015471502130,1,1,0,18,0,8,0,0,0,0,2,1,6,1,13,3,-1,-1,-1,-1,1,-1
2015471502130,2,9,0,18,0,8,0,0,0,0,2,1,6,1,45,7,-1,-1,-1,-1,2,-1
2015471502131,1,9,0,18,0,0,5,0,7,9,1,1,6,2,24,5,1124,1,14,-1,3,-1
2015471502132,1,9,0,2,0,0,0,0,0,0,3,1,6,2,23,5,1998,2,10,-1,1,-1
2015471502132,2,1,0,18,0,0,0,8,0,0,1,1,6,1,31,6,-1,-1,-1,-1,1,-1
2015471502133,1,9,0,7,0,5,0,0,0,0,0,1,6,1,76,11,1598,1,8,-1,1,-1
2015471502133,2,19,0,3,0,1,0,0,0,0,0,1,6,1,51,8,1995,2,7,-1,1,-1
2015471502134,1,9,0,18,0,1,1,0,0,0,1,1,6,1,45,7,1968,2,5,-1,1,-1
2015471502134,2,9,0,10,0,8,0,0,0,0,2,1,6,2,39,7,1910,2,9,-1,2,-1
2015471502134,3,9,0,18,0,8,0,0,1,4,1,1,1,1,29,6,1600,2,6,-1,1,-1
2015471502135,1,9,0,18,0,0,0,0,0,0,1,1,6,1,69,10,1997,1,5,-1,1,-1
2015471502135,2,9,0,10,0,0,0,0,0,0,0,1,2,2,53,8,1242,1,2,-1,2,-1
2015471502140,1,9,0,6,0,0,0,0,7,0,3,1,6,2,57,9,1348,1,14,-1,2,-1
2015471502140,2,5,0,14,0,0,0,0,7,0,1,1,6,1,34,6,-1,-1,-1,-1,-1,-1
2015471502141,1,11,0,4,2,1,0,0,0,0,0,1,6,1,51,8,9360,2,2,-1,1,-1
2015471502142,1,9,0,18,0,0,0,0,0,0,1,1,6,1,40,7,-1,-1,-1,-1,-1,-1
2015471502142,2,1,0,5,0,0,0,0,0,0,3,1,6,1,31,6,-1,-1,-1,-1,1,-1
2015471502145,1,9,0,18,0,0,0,0,0,0,4,1,6,1,49,8,-1,-1,-1,-1,1,-1
2015471502146,1,9,0,16,0,0,5,0,7,10,1,1,6,1,18,4,1390,1,12,-1,2,-1
2015471502148,1,9,0,18,0,1,0,0,0,0,1,1,6,1,25,5,-1,-1,-1,-1,-1,-1
2015471502150,1,9,0,18,0,0,2,0,0,0,4,1,6,1,72,10,-1,-1,-1,-1,3,-1
2015471502151,1,11,0,18,0,1,0,0,0,0,2,1,1,1,26,6,9360,2,2,-1,1,-1
2015471502152,1,20,0,3,0,1,0,0,0,0,4,1,6,1,61,9,4580,2,6,-1,2,-1
2015471502155,1,9,0,18,0,0,1,0,7,11,1,1,6,1,30,6,1781,1,15,-1,2,-1
2015471502155,2,9,0,2,0,0,0,0,0,0,2,1,6,3,-1,-1,1461,2,5,-1,-1,-1
2015471502156,1,9,0,7,0,5,0,0,0,0,4,1,6,2,24,5,1796,1,9,-1,1,-1
2015471502156,2,1,0,18,0,8,0,0,0,0,1,1,6,1,60,9,-1,-1,-1,-1,1,-1
2015471502157,1,9,0,9,0,6,0,0,0,0,3,1,6,1,55,8,1896,2,13,-1,1,-1
2015471502157,2,9,0,18,0,1,0,0,0,0,1,1,6,1,37,7,1242,1,8,-1,1,-1
2015471502158,1,9,0,13,0,1,0,0,4,6,3,1,6,2,25,5,-1,-1,-1,-1,3,-1
2015471502158,2,8,0,18,0,1,0,0,0,0,0,1,6,3,30,6,-1,-1,-1,-1,-1,-1
2015471502161,1,9,0,4,0,1,0,0,0,0,3,1,6,3,-1,-1,-1,-1,-1,-1,-1,-1
2015471502162,1,19,0,18,0,0,0,0,0,0,1,1,1,1,57,9,2143,2,1,-1,1,-1
2015471502162,2,9,0,10,0,0,0,0,0,0,2,1,6,2,41,7,1598,2,3,-1,3,-1
2015471502165,1,20,0,5,6,1,0,0,0,0,4,1,6,1,22,5,-1,-1,-1,-1,1,-1
2015471502169,1,5,0,18,0,1,1,0,0,0,1,1,6,2,49,8,998,1,11,-1,3,-1
2015471502169,2,9,0,10,0,8,0,0,0,0,2,1,6,2,47,8,1582,2,4,-1,2,-1
2015471502171,1,9,0,18,0,0,0,0,0,0,1,1,6,1,40,7,2499,2,13,-1,1,-1
2015471502171,2,9,0,3,0,0,0,0,0,0,2,1,6,2,67,10,1995,2,-1,-1,3,-1
2015471502171,3,9,0,3,0,0,0,0,0,0,2,1,6,2,32,6,1598,1,2,-1,2,-1
2015471502172,1,9,0,7,0,6,0,0,0,0,3,1,6,1,40,7,-1,-1,-1,-1,-1,-1