Accident_Index,Vehicle_Reference,Vehicle_Type,Towing_and_Articulation,Vehicle_Manoeuvre,Vehicle_Location-Restricted_Lane,Junction_Location,Skidding_and_Overturning,Hit_Object_in_Carriageway,Vehicle_Leaving_Carriageway,Hit_Object_off_Carriageway,1st_Point_of_Impact,Was_Vehicle_Left_Hand_Drive?,Journey_Purpose_of_Driver,Sex_of_Driver,Age_of_Driver,Age_Band_of_Driver,Engine_Capacity_(CC),Propulsion_Code,Age_of_Vehicle,Driver_IMD_Decile,Driver_Home_Area_Type,Vehicle_IMD_Decile
2015471502395,2,1,0,18,4,8,0,0,0,0,1,1,6,1,20,4,-1,-1,-1,-1,1,-1
2015471502396,1,19,0,9,0,6,0,0,0,0,4,1,6,1,50,8,2143,2,4,-1,1,-1
2015471502396,2,5,0,3,0,6,0,0,0,0,2,1,6,2,30,6,656,1,6,-1,1,-1
2015471502397,1,19,0,18,0,2,0,0,0,0,1,1,6,1,67,10,1896,2,16,-1,1,-1
2015471502397,2,9,0,4,0,2,0,0,0,0,2,1,6,1,24,5,1296,1,7,-1,1,-1
2015471502398,1,20,0,18,0,8,0,0,0,0,3,1,1,1,67,10,-1,2,15,-1,3,-1
2015471502405,1,9,0,1,0,0,0,0,0,0,2,1,6,3,-1,-1,-1,-1,-1,-1,-1,-1
2015471502407,1,9,0,5,0,0,0,0,0,0,1,1,6,1,-1,-1,2295,1,17,-1,-1,-1
2015471502407,2,9,0,3,0,0,0,0,0,0,2,1,6,1,50,8,1686,2,4,-1,1,-1
2015471502408,1,1,0,18,9,0,0,0,0,0,1,1,6,1,12,3,-1,-1,-1,-1,1,-1
2015471502408,2,9,0,5,9,0,0,0,0,0,4,1,6,1,41,7,1968,2,6,-1,1,-1
2015471502409,1,9,0,6,0,6,0,0,0,0,1,1,6,1,24,5,1248,1,1,-1,1,-1
2015471502409,2,5,0,18,0,1,0,0,0,0,4,1,6,1,49,8,649,1,7,-1,1,-1
2015471502409,3,9,0,3,0,1,0,0,0,0,0,1,6,2,21,5,1461,2,12,-1,1,-1
2015471502410,1,1,0,18,0,1,1,0,0,0,0,1,6,1,17,4,-1,-1,-1,-1,1,-1
2015471502410,2,9,0,18,0,1,0,0,0,0,0,1,6,1,41,7,1497,8,7,-1,2,-1
2015471502411,1,11,0,18,0,1,0,0,0,0,1,1,1,1,53,8,4500,2,2,-1,1,-1
2015471502415,1,9,0,17,0,8,1,0,7,4,1,1,6,1,18,4,2495,2,25,-1,2,-1
2015471502416,1,21,0,1,0,1,0,0,0,0,2,2,1,1,43,7,-1,-1,-1,-1,1,-1
2015471502416,2,9,0,3,0,1,0,0,0,0,1,1,2,1,29,6,1587,1,16,-1,3,-1
2015471502417,1,21,0,17,0,8,5,0,1,7,4,1,1,1,41,7,10837,2,3,-1,1,-1
2015471502418,1,8,0,11,0,4,0,0,0,0,4,1,6,1,40,7,1896,2,9,-1,1,-1
2015471502418,2,1,0,11,0,4,0,0,0,0,4,1,6,1,19,4,-1,-1,-1,-1,1,-1
2015471502420,1,9,0,18,0,1,1,0,7,1,1,1,6,1,20,4,1753,2,13,-1,1,-1
2015471502420,2,9,0,18,0,1,0,0,0,0,0,1,1,1,36,7,1997,2,1,-1,-1,-1
2015471502420,3,9,0,18,0,1,0,0,0,0,3,1,6,1,56,9,1998,1,12,-1,1,-1
2015471502420,4,9,0,2,0,1,0,0,0,0,0,1,6,3,-1,-1,-1,-1,-1,-1,-1,-1
2015471502421,1,5,0,18,0,0,0,0,1,4,4,1,6,1,61,9,599,1,17,-1,1,-1
2015471502422,1,20,0,18,0,0,0,0,0,0,0,1,1,1,53,8,4250,2,13,-1,2,-1
2015471502422,2,9,0,18,0,0,1,0,5,6,3,1,2,2,43,7,998,1,2,-1,1,-1
2015471502422,3,9,0,18,0,0,1,0,0,0,1,1,2,1,54,8,2902,2,9,-1,2,-1
2015471502422,4,9,0,18,0,0,1,0,0,0,3,1,2,1,67,10,1395,1,1,-1,1,-1
2015471502422,5,9,0,18,0,0,1,0,1,0,0,1,6,2,19,4,1461,2,11,-1,1,-1
2015471502424,1,9,0,18,0,2,0,0,0,0,1,1,6,2,58,9,2295,1,16,-1,1,-1
2015471502425,1,9,0,18,0,0,0,0,0,0,1,1,6,1,70,10,1339,1,7,-1,1,-1
2015471502425,2,9,0,2,0,0,0,0,0,0,1,1,6,3,-1,-1,2685,2,13,-1,-1,-1
2015471502425,3,9,0,2,0,0,0,0,0,0,1,1,6,3,-1,-1,1998,1,21,-1,-1,-1
2015471502425,4,9,0,2,0,0,0,0,0,0,1,1,6,3,-1,-1,1796,1,10,-1,-1,-1
2015471502426,1,9,0,18,0,1,0,0,0,0,1,1,2,2,20,4,1299,1,7,-1,1,-1
2015471502427,1,9,0,18,0,0,0,0,0,0,1,1,6,2,75,10,1598,1,6,-1,1,-1
2015471502427,2,19,0,18,0,0,0,0,0,0,1,1,6,1,54,8,2461,2,10,-1,2,-1
2015471502428,1,9,0,18,0,0,1,0,5,4,3,1,6,1,24,5,1839,1,17,-1,3,-1
2015471502428,2,9,0,18,0,0,0,0,0,0,0,1,6,1,47,8,-1,-1,-1,-1,3,-1
2015471502429,1,9,0,18,0,0,0,4,1,11,2,1,6,2,66,10,2497,2,10,-1,1,-1
2015471502429,2,9,0,2,0,0,0,4,0,0,1,1,6,3,-1,-1,1796,1,14,-1,-1,-1
2015471502429,3,9,0,2,0,0,0,4,0,0,1,1,6,3,-1,-1,1600,1,15,-1,-1,-1
2015471502429,4,9,0,2,0,0,0,4,0,0,1,1,6,3,-1,-1,1798,1,11,-1,-1,-1
2015471502429,5,5,0,2,0,0,0,0,0,0,3,1,6,3,-1,-1,599,1,12,-1,-1,-1
2015471502429,6,9,0,2,0,0,0,4,0,0,2,1,6,3,-1,-1,1598,1,14,-1,-1,-1
2015471502429,7,9,0,2,0,0,0,0,0,0,3,1,6,3,-1,-1,1749,1,14,-1,-1,-1
2015471502429,8,9,0,2,0,0,0,0,0,0,2,1,6,3,-1,-1,1242,1,10,-1,-1,-1
2015471502429,9,9,0,2,0,0,0,0,0,0,1,1,6,3,-1,-1,1998,1,10,-1,-1,-1
2015471502437,1,9,0,18,0,0,2,0,1,9,1,1,6,1,21,5,1598,1,5,-1,1,-1
2015471502439,1,5,0,18,0,0,1,0,0,0,1,1,6,1,49,8,749,1,15,-1,1,-1
2015471502439,2,5,0,4,0,0,0,0,0,0,2,1,6,1,55,8,675,1,2,-1,1,-1
2015471502442,1,9,0,18,0,1,0,0,0,0,1,1,6,1,38,7,1796,1,15,-1,1,-1
2015471502442,2,9,0,18,0,1,0,0,0,0,2,1,6,2,56,9,1598,1,11,-1,1,-1
2015471502442,3,9,0,18,0,1,0,0,0,0,2,1,6,2,55,8,1997,2,14,-1,1,-1
2015471502444,1,9,0,18,0,0,0,0,0,0,1,1,6,1,47,8,1896,2,14,-1,1,-1
2015471502444,2,1,0,18,0,0,0,0,1,0,1,1,6,1,47,8,-1,-1,-1,-1,3,-1
2015471502445,1,1,0,12,0,1,0,0,0,0,2,1,6,1,26,6,-1,-1,-1,-1,1,-1
2015471502445,2,9,0,18,0,1,0,0,0,0,1,1,6,1,54,8,-1,-1,-1,-1,1,-1
2015471502446,1,9,0,17,0,0,1,0,2,11,1,1,6,1,23,5,1124,1,12,-1,3,-1
2015471502447,1,19,0,18,0,1,0,0,0,0,4,1,6,1,56,9,1968,2,4,-1,1,-1
2015471502449,1,9,0,17,0,0,2,0,1,3,3,1,6,2,26,6,875,1,5,-1,1,-1
2015471502452,1,1,0,9,0,6,0,0,0,0,1,1,6,1,47,8,-1,-1,-1,-1,3,-1
2015471502453,1,5,0,18,0,0,0,0,0,0,0,1,6,1,53,8,998,1,4,-1,2,-1
2015471502455,1,9,0,18,0,5,0,0,0,0,1,1,6,2,-1,-1,2996,1,6,-1,1,-1
2015471502457,1,9,0,16,0,1,1,4,0,0,1,1,6,1,24,5,973,1,13,-1,1,-1
2015471502457,2,19,0,2,0,2,0,4,0,0,1,1,6,3,-1,-1,-1,-1,-1,-1,-1,-1
2015471502459,1,9,0,18,0,0,0,4,0,0,1,1,6,1,50,8,1560,2,7,-1,1,-1
2015471502459,2,9,0,2,0,0,0,0,1,11,2,1,6,1,75,10,1590,1,10,-1,1,-1
2015471502460,1,9,0,9,0,6,0,0,0,0,3,1,6,1,80,11,1289,1,15,-1,1,-1
2015471502460,2,9,0,18,0,1,0,0,0,0,3,1,6,1,20,4,1995,1,4,-1,1,-1
2015471502462,1,9,0,12,0,8,0,0,0,0,1,1,6,2,50,8,1997,1,1,-1,1,-1
2015471502462,2,9,5,7,0,8,0,0,0,0,1,1,6,1,25,5,2495,2,13,-1,1,-1
2015471502462,3,9,5,7,0,3,0,0,0,0,0,1,6,1,40,7,4554,1,14,-1,1,-1
2015471502464,1,5,0,18,0,0,1,0,0,0,3,1,6,1,20,4,645,1,13,-1,3,-1
2015471502464,2,10,0,18,0,0,0,0,0,0,1,1,1,2,42,7,1996,2,6,-1,1,-1
2015471502466,1,9,0,18,0,0,0,0,0,0,1,1,6,1,22,5,1364,1,10,-1,3,-1
2015471502466,2,9,0,7,0,0,0,0,0,0,2,1,6,1,47,8,1997,2,12,-1,1,-1
2015471502468,1,9,0,18,0,1,0,0,0,0,1,1,6,1,67,10,2793,1,17,-1,1,-1
2015471502468,2,19,0,2,0,1,0,0,0,0,0,1,6,3,-1,-1,2464,2,7,-1,-1,-1
2015471502469,1,9,0,12,0,4,0,0,0,0,1,1,2,1,31,6,-1,-1,-1,-1,1,-1
2015471502469,2,5,0,18,0,8,0,0,0,0,4,1,6,1,47,8,-1,-1,-1,-1,1,-1
2015471502471,1,21,0,18,0,0,0,0,0,0,1,1,1,1,58,9,5900,2,8,-1,1,-1
2015471502471,2,9,0,18,0,0,0,0,0,0,2,1,2,1,49,8,1598,2,1,-1,1,-1
2015471502471,3,19,0,18,0,0,0,0,0,0,2,1,1,1,25,5,2287,2,3,-1,1,-1
2015471502472,1,9,0,9,0,8,0,0,0,0,1,1,6,1,57,9,1587,1,15,-1,1,-1
2015471502472,2,9,0,17,0,8,0,0,0,0,1,1,6,1,56,9,1995,2,3,-1,1,-1
2015471502474,1,9,0,18,0,7,0,0,0,0,1,1,6,1,25,5,998,1,1,-1,1,-1
2015471502474,2,9,0,18,0,7,0,0,0,0,2,1,6,2,44,7,875,1,3,-1,1,-1
2015471502477,1,9,0,18,0,1,0,0,0,0,1,1,6,2,22,5,1686,2,12,-1,1,-1
2015471502477,2,9,0,7,0,1,0,0,0,0,2,1,6,1,66,10,-1,-1,-1,-1,1,-1
2015471502478,1,8,0,18,0,5,0,0,0,0,1,1,3,1,32,6,1896,2,5,-1,1,-1
2015471502479,1,9,0,7,0,8,0,0,0,0,1,1,6,3,-1,-1,-1,-1,-1,-1,-1,-1
2015471502479,2,1,0,18,0,8,0,0,0,0,3,1,1,1,20,4,-1,-1,-1,-1,1,-1
2015471502482,1,9,0,9,0,6,0,0,0,0,1,1,6,1,-1,-1,1840,1,15,-1,-1,-1
2015471502482,2,9,0,18,0,1,0,0,0,0,3,1,6,1,30,6,1686,2,10,-1,1,-1
2015471502484,1,9,0,9,0,8,0,0,0,0,3,1,6,1,50,8,1995,2,3,-1,1,-1
2015471502484,2,5,0,18,0,1,0,0,0,0,1,1,6,1,54,8,-1,-1,-1,-1,1,-1
2015471502485,1,9,0,5,0,2,0,0,0,0,1,1,6,1,57,9,1997,2,6,-1,1,-1
2015471502485,2,9,0,18,0,8,0,0,1,11,4,1,2,2,24,5,998,1,6,-1,1,-1
2015471502490,1,9,0,10,0,1,0,0,0,0,4,1,6,1,17,4,1997,1,12,-1,1,-1
2015471502490,2,9,0,18,0,1,0,0,0,0,1,1,6,2,36,7,-1,-1,-1,-1,1,-1
2015471502492,1,9,0,9,0,8,1,10,7,0,4,1,2,1,21,5,1895,1,14,-1,3,-1
2015471502494,1,9,0,1,0,0,0,0,0,0,2,1,6,2,48,8,1996,1,13,-1,1,-1
2015471502495,1,9,0,18,0,0,0,0,0,0,1,1,1,1,18,4,999,1,14,-1,1,-1
2015471502495,2,9,4,18,0,0,0,0,0,0,2,1,1,1,45,7,2999,2,14,-1,-1,-1
2015471502497,1,9,0,18,0,0,0,0,0,0,1,1,6,1,70,10,1339,1,6,-1,1,-1
2015471502497,2,9,0,2,0,0,0,0,0,0,2,1,6,1,73,10,1968,2,5,-1,3,-1
2015471502500,1,9,0,9,0,6,0,0,0,0,1,1,6,1,22,5,1598,1,1,-1,1,-1
2015471502500,2,11,0,2,0,2,0,0,0,0,2,1,6,1,30,6,9000,2,10,-1,1,-1
2015471502503,1,9,0,18,0,1,0,0,4,1,3,1,6,2,43,7,-1,-1,-1,-1,3,-1
2015471502503,2,9,0,18,0,1,2,0,4,1,3,1,6,2,25,5,-1,-1,-1,-1,3,-1
2015471502504,1,9,0,5,0,6,0,0,0,0,1,1,6,2,86,11,1598,1,10,-1,2,-1
2015471502504,2,9,0,18,0,1,0,0,0,0,1,1,6,1,33,6,1753,2,7,-1,1,-1
2015471502505,1,3,0,4,0,0,0,0,0,0,1,1,2,1,17,4,125,1,1,-1,3,-1
2015471502505,2,9,0,4,0,0,0,0,0,0,1,1,6,2,31,6,1299,1,13,-1,3,-1
2015471502506,1,9,0,18,0,0,0,0,0,0,1,1,6,2,65,9,1968,2,5,-1,1,-1
2015471502506,2,19,0,18,0,0,1,0,1,0,3,1,1,1,39,7,2198,2,3,-1,1,-1
2015471502507,1,9,0,18,0,8,0,0,0,0,4,2,6,3,-1,-1,1968,2,6,-1,-1,-1
2015471502508,1,9,0,9,0,6,0,0,0,0,1,1,6,2,45,7,1910,2,9,-1,1,-1
2015471502508,2,3,0,18,0,1,1,0,0,0,1,1,6,1,37,7,124,1,1,-1,1,-1
2015471502509,1,5,0,18,0,0,0,0,0,0,1,1,1,1,22,5,675,1,-1,-1,1,-1
2015471502511,1,11,0,3,0,0,0,0,0,0,0,1,1,1,42,7,9000,2,5,-1,1,-1
2015471502513,1,1,0,18,0,0,1,11,7,0,1,1,2,1,47,8,-1,-1,-1,-1,1,-1
2015471502516,1,9,0,9,0,8,0,0,0,0,4,1,6,1,52,8,1997,2,2,-1,1,-1
2015471502516,2,1,0,18,0,8,0,0,0,0,1,1,6,1,34,6,-1,-1,-1,-1,1,-1
2015471502516,3,9,0,3,0,1,0,0,0,0,0,1,6,1,30,6,-1,-1,-1,-1,-1,-1
2015471502516,4,9,0,3,0,1,0,0,0,0,0,1,6,1,30,6,-1,-1,-1,-1,-1,-1
2015471502517,1,1,0,18,0,0,0,4,0,0,1,1,6,1,50,8,-1,-1,-1,-1,2,-1
2015471502517,2,9,0,2,0,0,0,0,0,0,2,1,6,1,50,8,1997,2,3,-1,3,-1
2015471502519,1,9,0,18,0,3,0,10,2,4,1,1,6,1,50,8,1997,2,1,-1,1,-1
2015471502519,2,1,0,18,0,1,0,0,0,0,2,1,6,1,49,8,-1,-1,-1,-1,1,-1
2015471502521,1,9,0,18,0,1,0,0,0,0,1,1,6,2,21,5,1299,1,13,-1,1,-1
2015471502525,1,90,0,17,0,0,0,0,0,0,1,1,6,3,-1,-1,-1,-1,-1,-1,-1,-1
2015471502525,2,1,0,17,0,0,0,10,0,0,2,1,6,1,39,7,-1,-1,-1,-1,1,-1
2015471502526,1,1,0,18,9,1,0,0,0,0,0,1,6,1,30,6,-1,-1,-1,-1,-1,-1
2015471502526,2,9,0,5,9,6,0,0,0,0,0,2,6,2,40,7,1229,1,5,-1,1,-1
2015471502528,1,9,0,18,4,8,0,0,0,0,4,1,6,1,48,8,1360,1,11,-1,1,-1
2015471502528,2,1,0,18,4,8,0,0,0,0,1,1,6,1,36,7,-1,-1,-1,-1,1,-1
2015471502529,1,9,0,9,0,8,0,0,0,0,4,1,6,2,68,10,1329,1,4,-1,1,-1
2015471502529,2,5,0,18,0,8,0,0,0,0,1,1,6,1,40,7,999,1,3,-1,1,-1
2015471502531,1,9,0,6,0,0,0,0,0,0,1,1,1,1,65,9,1994,1,18,-1,3,-1
2015471502531,2,5,0,18,0,0,0,0,0,0,1,1,6,1,56,9,650,1,46,-1,3,-1
2015471502533,1,2,0,6,0,1,0,0,0,0,1,1,6,1,16,4,49,1,3,-1,1,-1
2015471502534,1,9,0,9,0,6,0,0,0,0,1,1,2,1,49,8,1598,1,3,-1,1,-1
2015471502534,2,9,0,18,0,1,0,0,1,10,1,1,6,1,62,9,1910,2,7,-1,1,-1
2015471502536,1,1,0,5,0,6,0,0,0,0,3,1,6,1,45,7,-1,-1,-1,-1,1,-1
2015471502536,2,9,0,5,0,6,0,0,0,0,4,1,6,1,19,4,1398,1,12,-1,1,-1
2015471502537,1,9,0,18,0,0,2,0,2,4,1,1,6,2,18,4,1339,1,13,-1,2,-1
2015471502538,1,9,0,18,0,0,0,0,0,4,1,1,6,1,32,6,-1,-1,-1,-1,1,-1
2015471502539,1,19,0,18,0,0,0,2,0,1,1,1,6,1,48,8,-1,-1,-1,-1,1,-1
2015471502542,1,9,0,18,0,0,1,0,7,4,1,1,2,1,23,5,1242,1,-1,-1,3,-1
2015471502544,1,9,0,18,0,1,0,0,0,0,1,1,6,2,22,5,998,1,1,-1,1,-1
2015471502544,2,9,0,3,0,1,0,0,0,0,2,1,6,1,41,7,1753,2,10,-1,1,-1
2015471502545,1,19,0,18,0,1,0,0,0,0,0,1,6,1,50,8,1298,1,12,-1,-1,-1
2015471502545,2,11,0,18,2,1,0,0,0,0,0,1,6,1,50,8,4760,2,3,-1,1,-1
2015471502549,1,9,0,18,0,8,5,0,8,10,1,1,6,1,26,6,1997,1,14,-1,1,-1
2015471502549,2,9,0,18,0,1,0,0,0,0,4,1,6,1,57,9,1497,1,14,-1,1,-1
2015471502549,3,9,0,18,0,1,0,0,0,0,2,1,6,1,32,6,1461,2,4,-1,1,-1
2015471502549,4,3,0,18,0,1,0,0,0,0,1,1,6,1,25,5,124,1,2,-1,1,-1
2015471502551,1,9,0,11,0,1,0,0,0,0,1,1,6,2,50,8,1896,2,13,-1,3,-1
2015471502551,2,9,0,8,0,1,0,0,0,0,2,1,6,2,58,9,1998,1,-1,-1,1,-1
2015471502552,1,3,0,7,0,1,1,0,0,11,3,1,1,2,20,4,125,1,1,-1,1,-1
2015471502556,1,1,0,11,0,1,0,0,0,0,0,1,2,2,52,8,-1,-1,-1,-1,1,-1
2015471502556,2,9,0,7,0,8,0,0,0,0,0,1,6,1,72,10,999,1,7,-1,1,-1
2015471502557,1,19,0,18,0,1,0,0,0,0,1,1,2,2,42,7,2148,2,11,-1,1,-1
2015471502557,2,9,0,4,0,1,0,0,0,0,2,1,6,2,50,8,6208,1,2,-1,1,-1
2015471502557,3,8,0,4,0,1,0,0,0,0,2,1,1,1,57,9,1798,1,4,-1,1,-1
2015471502559,1,5,0,18,0,1,1,0,0,0,0,1,6,1,45,7,998,1,6,-1,2,-1
2015471502560,1,9,0,18,0,0,0,0,0,0,4,1,6,3,-1,-1,-1,-1,-1,-1,-1,-1
2015471502560,2,1,0,18,9,0,0,0,0,0,3,1,6,1,17,4,-1,-1,-1,-1,1,-1
2015471502561,1,1,0,18,9,0,0,0,0,0,1,1,6,1,41,7,-1,-1,-1,-1,1,-1
2015471502564,1,9,0,9,0,2,0,0,0,0,1,1,2,2,51,8,1582,2,3,-1,1,-1
2015471502564,2,1,0,18,0,2,0,0,0,0,1,1,1,1,34,6,-1,-1,-1,-1,1,-1
2015471502565,1,9,0,18,0,8,0,0,0,0,1,1,6,2,21,5,1296,1,8,-1,1,-1
2015471502565,2,9,0,4,0,8,0,0,0,0,2,1,6,2,34,6,1597,1,14,-1,1,-1
2015471502565,3,9,0,18,0,8,0,0,0,0,1,1,1,1,30,6,-1,-1,-1,-1,1,-1
2015471502565,4,9,0,18,0,8,0,0,0,0,1,1,6,2,42,7,1197,1,1,-1,1,-1
2015471502566,1,21,1,11,0,0,0,0,0,0,4,1,1,1,32,6,11705,2,10,-1,1,-1
2015471502566,2,9,0,18,0,0,0,0,1,0,3,1,6,2,50,8,1061,1,12,-1,1,-1
2015471502567,1,1,0,18,0,8,1,0,0,0,0,1,6,2,31,6,-1,-1,-1,-1,1,-1
2015471502568,1,9,0,5,0,4,0,0,0,0,1,1,6,1,49,8,1896,1,18,-1,2,-1
2015471502568,2,9,0,3,0,1,0,0,0,0,2,1,6,2,40,7,1796,1,14,-1,1,-1
2015471502569,1,1,0,18,0,0,0,0,0,0,3,1,6,1,67,10,-1,-1,-1,-1,3,-1
2015471502569,2,1,0,18,0,0,0,0,0,0,4,1,6,1,59,9,-1,-1,-1,-1,3,-1
2015471502573,1,8,0,18,0,0,0,0,0,0,3,1,6,1,46,8,1995,2,11,-1,1,-1
2015471502574,1,9,0,16,0,0,0,0,0,0,0,1,6,3,-1,-1,-1,-1,-1,-1,-1,-1
2015471502574,2,9,0,17,0,0,5,0,1,9,1,1,6,1,29,6,1870,2,11,-1,1,-1
2015471502577,1,9,0,9,0,1,0,0,0,0,4,1,6,2,68,10,998,1,7,-1,1,-1
2015471502577,2,9,0,2,0,1,0,0,0,0,3,1,6,2,22,5,1796,1,6,-1,2,-1
2015471502578,1,21,1,5,0,1,0,0,0,0,1,1,1,1,52,8,12777,2,2,-1,1,-1
2015471502578,2,9,0,3,0,4,0,0,0,0,2,1,6,1,30,6,1761,1,14,-1,-1,-1
2015471502579,1,9,0,18,0,0,0,0,0,0,1,1,6,2,17,4,-1,-1,-1,-1,1,-1
2015471502579,2,19,0,4,0,0,0,0,0,0,2,1,1,1,34,6,2198,2,4,-1,1,-1
2015471502579,3,9,0,4,0,0,0,0,0,0,2,1,6,2,51,8,1248,1,6,-1,1,-1
2015471502582,1,4,0,18,0,0,1,0,1,4,1,1,6,1,57,9,-1,-1,-1,-1,1,-1
2015471502582,2,4,0,18,0,0,0,0,0,0,2,1,6,1,46,8,748,1,28,-1,1,-1
2015471502585,1,2,0,18,0,0,0,0,1,10,1,1,2,1,26,6,49,1,11,-1,1,-1
2015471502586,1,1,0,18,0,4,0,0,0,0,4,1,6,2,51,8,-1,-1,-1,-1,1,-1
2015471502586,2,9,0,18,0,4,0,0,0,0,3,1,6,2,66,10,1248,1,1,-1,1,-1
2015471502587,1,19,0,18,0,1,1,0,0,0,1,1,1,1,27,6,2198,2,8,-1,1,-1
2015471502587,2,9,0,18,0,1,0,0,0,0,2,1,6,1,22,5,1560,2,6,-1,1,-1
2015471502587,3,9,0,10,0,1,0,0,0,0,2,1,6,1,34,6,1588,1,12,-1,1,-1
2015471502589,1,20,0,18,0,0,0,0,0,0,1,1,6,1,42,7,-1,-1,-1,-1,1,-1
2015471502589,2,9,0,3,0,0,0,0,0,0,2,1,6,1,56,9,1686,2,3,-1,1,-1
2015471502589,3,9,0,3,0,0,0,0,0,0,2,1,6,2,52,8,2143,2,1,-1,1,-1
2015471502591,1,1,0,9,0,8,0,0,0,0,4,1,6,1,33,6,-1,-1,-1,-1,1,-1
2015471502591,2,9,0,18,0,8,1,0,0,0,1,1,1,1,48,8,1753,2,5,-1,1,-1
2015471502592,1,9,0,18,0,0,0,0,0,0,1,1,2,1,30,6,1998,2,13,-1,3,-1
2015471502592,2,9,0,3,0,0,0,0,0,0,2,1,6,2,62,9,1197,1,1,-1,1,-1
2015471502592,3,9,0,18,0,0,0,0,0,0,3,1,6,1,27,6,1560,2,2,-1,2,-1
2015471502593,1,9,0,18,0,0,1,0,0,0,1,1,6,1,48,8,2500,1,20,-1,1,-1
2015471502594,1,9,5,4,0,8,0,0,0,0,4,1,6,3,-1,-1,1896,2,11,-1,-1,-1
2015471502594,2,1,0,18,0,1,0,0,0,0,1,1,2,1,19,4,-1,-1,-1,-1,1,-1
2015471502596,1,3,0,18,0,0,1,0,7,11,1,1,6,1,17,4,124,1,6,-1,2,-1
2015471502599,1,2,0,15,0,4,0,0,0,0,1,1,6,1,16,4,49,1,6,-1,1,-1
2015471502599,2,9,0,9,0,4,0,0,0,0,4,1,6,2,54,8,1968,2,1,-1,1,-1
2015471502600,1,19,0,7,0,1,0,0,0,0,4,1,6,1,35,6,2800,2,9,-1,1,-1
2015471502600,2,1,0,18,0,1,0,0,0,0,1,1,6,1,47,8,-1,-1,-1,-1,1,-1
2015471502602,1,9,0,18,0,0,0,0,0,0,1,1,1,1,34,6,2231,2,9,-1,1,-1
2015471502602,2,9,0,4,0,0,0,0,0,0,2,1,2,2,32,6,1998,1,11,-1,1,-1
2015471502602,3,9,0,4,0,0,0,0,0,0,2,1,1,1,63,9,1968,2,4,-1,1,-1
2015471502602,4,9,0,2,0,0,0,0,0,0,0,1,6,2,64,9,2179,2,7,-1,1,-1
2015471502609,1,9,0,2,0,0,0,0,0,0,0,1,6,1,53,8,-1,-1,-1,-1,1,-1
2015471502609,2,1,0,18,0,0,0,8,0,0,1,1,6,1,74,10,-1,-1,-1,-1,1,-1
2015471502610,1,9,0,12,0,0,0,0,0,0,2,1,6,1,53,8,1595,1,4,-1,1,-1
2015471502610,2,21,1,5,8,0,0,0,0,0,0,1,1,1,58,9,12809,2,2,-1,1,-1
2015471502610,3,5,0,13,0,0,1,0,0,0,1,1,6,1,64,9,918,1,15,-1,1,-1
2015471502610,4,21,1,13,0,0,1,0,0,0,0,1,1,1,30,6,12130,2,10,-1,1,-1
2015471502611,1,11,0,9,0,4,0,0,0,0,0,1,1,3,-1,-1,-1,-1,-1,-1,-1,-1
2015471502611,2,20,0,18,0,8,0,0,0,0,0,1,6,1,35,6,2463,2,9,-1,2,-1
2015471502611,3,5,0,18,0,8,0,0,0,0,0,1,6,1,61,9,903,1,-1,-1,1,-1
2015471502612,1,5,0,16,0,0,1,0,7,0,3,1,6,2,40,7,599,1,3,-1,-1,-1
2015471502613,1,19,0,7,0,4,0,0,0,0,1,1,1,1,37,7,4250,2,3,-1,1,-1
2015471502613,2,9,0,3,0,3,0,0,0,0,2,1,6,1,60,9,1598,1,2,-1,1,-1
2015471502614,1,3,0,18,0,8,0,0,0,0,1,1,6,1,22,5,125,1,5,-1,1,-1
2015471502614,2,9,0,3,0,8,0,0,0,0,2,1,6,1,49,8,1242,1,1,-1,1,-1
2015471502616,1,9,0,9,0,1,0,0,0,0,3,1,6,2,51,8,1596,1,5,-1,1,-1
2015471502616,2,5,0,4,0,1,1,0,0,0,1,1,6,1,63,9,1137,1,12,-1,3,-1
2015471502616,3,19,0,18,0,1,0,0,0,0,1,1,1,1,35,6,2143,2,3,-1,1,-1
2015471502618,1,9,0,9,0,8,0,0,0,0,3,1,6,2,75,10,1598,2,3,-1,2,-1
2015471502618,2,9,0,18,0,8,0,0,0,0,1,1,6,1,50,8,-1,-1,-1,-1,1,-1
2015471502620,1,20,0,9,0,0,0,0,7,0,3,1,2,1,60,9,2198,2,-1,-1,1,-1
2015471502620,2,9,0,13,0,0,0,0,7,0,4,1,2,1,28,6,1199,2,2,-1,1,-1
2015471502622,1,9,0,18,0,1,5,4,0,0,1,1,6,1,21,5,1199,1,14,-1,1,-1
2015471502622,2,9,0,2,0,1,0,0,0,0,2,1,6,3,-1,-1,1396,1,12,-1,-1,-1
2015471502622,3,9,0,2,0,1,0,0,0,0,2,1,6,3,-1,-1,1948,1,17,-1,-1,-1
2015471502622,4,9,0,2,0,1,0,0,0,0,2,1,6,3,-1,-1,1598,2,-1,-1,-1,-1
2015471502622,5,21,0,2,0,1,0,0,0,0,0,1,1,3,-1,-1,6693,2,2,-1,-1,-1
2015471502623,1,2,0,9,0,8,1,0,0,0,1,1,6,2,33,6,108,1,3,-1,1,-1