Accident_Index,Vehicle_Reference,Vehicle_Type,Towing_and_Articulation,Vehicle_Manoeuvre,Vehicle_Location-Restricted_Lane,Junction_Location,Skidding_and_Overturning,Hit_Object_in_Carriageway,Vehicle_Leaving_Carriageway,Hit_Object_off_Carriageway,1st_Point_of_Impact,Was_Vehicle_Left_Hand_Drive?,Journey_Purpose_of_Driver,Sex_of_Driver,Age_of_Driver,Age_Band_of_Driver,Engine_Capacity_(CC),Propulsion_Code,Age_of_Vehicle,Driver_IMD_Decile,Driver_Home_Area_Type,Vehicle_IMD_Decile
2015471502626,1,1,0,18,0,0,0,0,0,0,4,1,6,1,34,6,-1,-1,-1,-1,1,-1
2015471502629,1,9,0,13,0,1,0,0,0,0,1,1,6,1,33,6,-1,-1,-1,-1,1,-1
2015471502629,2,9,0,7,0,5,0,0,0,0,0,1,6,3,-1,-1,-1,-1,-1,-1,-1,-1
2015471502629,3,9,0,10,0,1,0,0,0,0,2,1,6,1,61,9,1328,1,13,-1,3,-1
2015471502631,1,4,0,18,0,0,0,0,0,0,1,1,6,1,35,6,-1,-1,-1,-1,-1,-1
2015471502634,1,9,0,5,0,4,0,0,0,0,1,2,6,1,49,8,-1,-1,-1,-1,-1,-1
2015471502634,2,9,0,9,0,8,0,0,2,2,4,1,6,1,64,9,1560,2,8,-1,1,-1
2015471502635,1,9,0,7,0,4,0,0,0,0,1,1,6,1,33,6,1598,1,9,-1,1,-1
2015471502635,2,9,0,7,0,4,0,0,0,0,2,1,6,1,42,7,1796,1,16,-1,1,-1
2015471502637,1,1,0,18,0,0,0,0,0,0,1,1,6,1,22,5,-1,-1,-1,-1,1,-1
2015471502637,2,9,0,18,0,0,0,0,0,0,4,1,6,2,18,4,1598,1,11,-1,1,-1
2015471502638,1,9,0,18,0,0,0,0,0,0,4,1,6,1,45,7,1895,1,17,-1,1,-1
2015471502638,2,8,0,18,0,0,0,0,0,0,3,1,1,1,44,7,1364,1,7,-1,1,-1
2015471502639,1,9,0,16,0,1,1,10,8,5,4,1,6,1,18,4,1149,1,12,-1,1,-1
2015471502640,1,9,0,7,0,6,0,0,0,0,3,1,6,2,66,10,3199,1,13,-1,3,-1
2015471502640,2,5,0,18,0,1,1,0,1,0,1,1,6,1,25,5,900,1,20,-1,3,-1
2015471502641,1,9,0,17,0,0,1,0,2,3,1,1,6,1,39,7,1598,1,13,-1,1,-1
2015471502643,1,9,0,4,0,1,0,0,3,1,1,1,6,1,89,11,2996,1,3,-1,1,-1
2015471502644,1,9,0,17,0,0,0,10,7,4,4,1,6,2,19,4,998,1,8,-1,3,-1
2015471502648,1,9,0,16,0,0,0,0,0,0,3,1,6,2,40,7,1796,1,13,-1,-1,-1
2015471502648,2,1,0,18,0,0,0,0,0,0,1,1,6,1,23,5,-1,-1,-1,-1,3,-1
2015471502652,1,11,0,4,0,1,0,0,0,0,4,1,3,1,65,9,9600,2,17,-1,3,-1
2015471502654,1,19,0,13,0,0,0,0,0,0,0,1,6,3,30,6,-1,-1,-1,-1,-1,-1
2015471502654,2,9,0,18,0,0,1,0,1,0,3,1,2,1,31,6,1199,1,15,-1,1,-1
2015471502654,3,19,0,18,0,0,0,0,0,0,0,1,1,1,72,10,-1,3,35,-1,3,-1
2015471502656,1,8,0,9,0,6,0,0,0,0,3,1,1,1,61,9,1598,1,10,-1,1,-1
2015471502656,2,9,0,18,0,1,0,0,0,0,1,1,6,2,27,6,1198,1,1,-1,3,-1
2015471502657,1,9,0,18,0,1,0,0,0,0,1,1,6,1,40,7,-1,-1,-1,-1,-1,-1
2015471502658,1,9,0,18,0,2,0,0,0,0,1,1,6,2,71,10,1686,2,10,-1,3,-1
2015471502659,1,4,0,13,0,1,0,0,0,0,3,1,6,3,40,7,-1,-1,-1,-1,-1,-1
2015471502659,2,3,0,18,0,2,0,0,0,0,3,1,2,1,26,6,125,1,-1,-1,3,-1
2015471502659,3,9,0,18,0,1,0,0,0,0,0,1,6,3,40,7,-1,-1,-1,-1,-1,-1
2015471502660,1,9,0,6,0,6,0,0,0,0,4,1,1,1,42,7,2979,1,1,-1,1,-1
2015471502660,2,9,0,18,0,8,0,0,0,0,1,1,6,1,54,8,2997,1,8,-1,1,-1
2015471502661,1,9,0,18,0,4,0,0,0,0,3,1,6,2,30,6,1839,1,20,-1,1,-1
2015471502661,2,9,0,18,0,8,0,0,0,0,1,1,6,1,67,10,1998,1,16,-1,1,-1
2015471502663,1,9,0,18,0,1,0,0,0,0,4,1,6,3,-1,-1,-1,-1,-1,-1,-1,-1
2015471502664,1,9,0,7,0,8,0,0,0,0,0,1,6,3,-1,-1,-1,-1,-1,-1,-1,-1
2015471502664,2,9,0,18,0,8,0,0,0,0,4,1,6,2,38,7,-1,-1,-1,-1,3,-1
2015471502664,3,5,0,7,0,4,0,0,1,0,3,1,2,1,23,5,649,1,2,-1,2,-1
2015471502668,1,19,0,18,0,8,0,0,0,0,1,1,6,3,-1,-1,-1,-1,-1,-1,-1,-1
2015471502668,2,9,0,18,0,8,0,0,0,0,0,1,6,2,49,8,-1,-1,-1,-1,1,-1
2015471502671,1,9,0,17,0,3,0,0,1,1,3,1,6,2,53,8,1596,1,13,-1,1,-1
2015471502671,2,9,0,17,0,3,0,0,0,0,4,1,6,2,25,5,1368,1,6,-1,1,-1
2015471502672,1,19,0,18,0,0,0,0,0,0,1,1,1,1,33,6,1870,2,9,-1,2,-1
2015471502672,2,9,0,3,0,0,0,0,0,0,2,1,6,2,30,6,1798,1,1,-1,1,-1
2015471502672,3,9,0,3,0,0,0,0,0,0,2,1,6,1,68,10,1597,1,14,-1,1,-1
2015471502672,4,9,0,3,0,0,0,0,0,0,2,1,6,1,68,10,1388,1,4,-1,1,-1
2015471502673,1,9,0,18,0,8,0,0,0,0,1,2,6,1,23,5,-1,-1,-1,-1,3,-1
2015471502673,2,9,0,9,0,8,0,0,0,0,1,2,6,1,34,6,-1,-1,-1,-1,-1,-1
2015471502674,1,9,0,5,0,6,0,0,0,0,3,1,2,2,29,6,1598,1,11,-1,1,-1
2015471502674,2,9,0,18,0,8,0,0,0,0,1,1,2,1,56,9,1360,1,4,-1,3,-1
2015471502675,1,9,0,18,0,0,0,0,0,0,4,1,6,1,25,5,1596,1,6,-1,1,-1
2015471502675,2,9,0,5,0,0,0,0,0,0,0,1,6,1,40,7,1390,1,2,-1,1,-1
2015471502676,1,9,0,18,0,0,0,0,0,0,1,1,6,2,25,5,1197,1,3,-1,1,-1
2015471502676,2,9,0,4,0,0,0,0,0,0,2,1,6,2,55,8,1299,1,12,-1,3,-1
2015471502676,3,9,0,4,0,0,0,0,0,0,2,1,6,1,29,6,1248,2,2,-1,1,-1
2015471502677,1,9,0,18,0,1,0,6,7,10,1,1,6,1,23,5,998,1,8,-1,2,-1
2015471502678,1,9,0,17,0,0,5,10,2,10,1,1,6,1,41,7,2457,1,6,-1,1,-1
2015471502680,1,9,0,18,0,8,5,0,2,10,1,1,6,1,31,6,999,1,15,-1,1,-1
2015471502682,1,9,0,9,0,8,0,0,0,0,1,1,2,2,57,9,1242,1,6,-1,1,-1
2015471502682,2,1,0,9,0,8,0,0,0,0,4,1,6,1,45,7,-1,-1,-1,-1,1,-1
2015471502683,1,9,0,18,0,0,0,0,0,0,1,1,6,1,76,11,1560,2,4,-1,1,-1
2015471502683,2,9,0,18,0,0,0,0,0,0,2,1,6,1,42,7,1598,1,9,-1,1,-1
2015471502683,3,21,0,2,0,0,0,0,0,0,4,1,1,1,34,6,-1,-1,-1,-1,3,-1
2015471502684,1,19,0,18,0,1,0,0,0,0,0,1,6,3,-1,-1,-1,-1,-1,-1,-1,-1
2015471502684,2,20,0,9,0,8,0,0,0,0,1,1,1,1,30,6,-1,-1,-1,-1,1,-1
2015471502684,3,1,0,18,0,8,0,0,0,0,1,1,6,1,33,6,-1,-1,-1,-1,1,-1
2015471502686,1,9,0,4,0,1,0,0,0,0,3,1,6,1,59,9,1598,1,6,-1,2,-1
2015471502686,2,1,0,10,0,1,0,0,0,0,2,1,6,1,22,5,-1,-1,-1,-1,3,-1
2015471502687,1,9,0,4,0,4,0,0,0,0,3,1,6,1,42,7,1332,1,16,-1,1,-1
2015471502689,1,9,0,12,0,0,0,0,0,0,0,1,6,3,40,7,-1,-1,-1,-1,-1,-1
2015471502689,2,11,0,18,0,0,0,0,0,0,0,1,6,2,45,7,9360,2,2,-1,1,-1
2015471502690,1,9,0,7,0,1,0,0,0,0,1,1,6,2,24,5,1951,2,11,-1,1,-1
2015471502690,2,1,0,18,9,2,0,0,0,0,2,1,6,2,30,6,-1,-1,-1,-1,1,-1
2015471502694,1,9,0,18,0,2,0,0,4,6,1,1,6,1,26,6,1798,1,4,-1,2,-1
2015471502694,2,9,0,5,0,6,0,0,4,6,2,1,6,1,61,9,1461,2,3,-1,1,-1
2015471502695,1,8,0,5,0,1,0,0,0,0,1,1,6,1,26,6,-1,-1,-1,-1,-1,-1
2015471502696,1,9,0,18,0,1,0,0,0,0,1,1,6,1,30,6,-1,-1,-1,-1,-1,-1
2015471502696,2,9,0,1,0,1,0,0,0,0,1,1,6,2,43,7,1995,1,14,-1,1,-1
2015471502698,1,19,0,5,0,1,0,0,0,0,1,1,1,1,33,6,2402,2,5,-1,1,-1
2015471502698,2,9,0,5,0,1,0,0,0,0,2,1,6,1,39,7,1796,1,13,-1,1,-1
2015471502699,1,9,0,13,0,8,0,0,0,0,1,1,6,1,24,5,-1,-1,-1,-1,1,-1
2015471502699,2,9,0,5,0,6,0,0,0,0,3,1,6,2,25,5,1360,1,14,-1,2,-1
2015471502700,1,9,0,18,0,2,0,0,0,0,4,1,6,1,30,6,-1,-1,-1,-1,-1,-1
2015471502700,2,9,0,18,0,2,0,0,0,0,0,1,1,1,30,6,1997,2,3,-1,2,-1
2015471502701,1,1,0,18,4,0,0,0,0,0,3,1,6,1,47,8,-1,-1,-1,-1,1,-1
2015471502701,2,1,0,18,4,0,0,0,0,0,4,1,6,2,42,7,-1,-1,-1,-1,1,-1
2015471502702,1,9,0,7,0,2,5,10,0,0,1,1,2,2,39,7,1198,1,2,-1,1,-1
2015471502703,1,5,0,18,0,0,1,0,1,0,4,1,6,1,22,5,689,1,-1,-1,1,-1
2015471502704,1,9,0,18,0,8,0,0,0,0,4,1,6,3,30,6,-1,-1,-1,-1,-1,-1
2015471502705,1,9,0,9,0,6,0,0,0,0,3,2,6,2,56,9,-1,-1,-1,-1,-1,-1
2015471502705,2,4,0,17,0,1,0,0,0,0,1,1,2,1,23,5,249,1,3,-1,1,-1
2015471502706,1,9,0,17,0,1,0,0,0,0,3,1,6,2,38,7,1796,1,12,-1,1,-1
2015471502706,2,5,0,16,0,1,0,0,0,0,3,1,6,1,56,9,1043,1,2,-1,2,-1
2015471502707,1,9,0,16,0,0,0,0,2,4,1,1,6,1,18,4,1349,1,6,-1,3,-1
2015471502708,1,9,0,18,0,8,0,0,0,0,1,1,6,1,69,10,1560,2,4,-1,1,-1
2015471502708,2,9,0,3,0,1,0,0,0,0,2,1,6,1,31,6,-1,-1,-1,-1,1,-1
2015471502708,3,9,0,3,0,1,0,0,0,0,2,1,6,1,52,8,2500,2,20,-1,1,-1
2015471502708,4,9,0,3,0,2,0,0,0,0,2,1,6,1,65,9,1332,1,17,-1,3,-1
2015471502709,1,19,0,18,0,3,0,0,0,0,2,1,1,2,48,8,2148,2,7,-1,1,-1
2015471502709,2,5,0,18,0,3,0,0,0,0,4,1,6,1,33,6,798,1,7,-1,3,-1
2015471502710,1,9,0,18,0,0,1,0,1,7,2,1,6,1,32,6,1598,1,14,-1,3,-1
2015471502711,1,9,0,18,0,1,0,0,0,0,1,1,6,1,46,8,1596,1,9,-1,1,-1
2015471502711,2,9,0,18,0,1,0,0,0,0,2,1,6,2,19,4,1299,1,14,-1,1,-1
2015471502712,1,1,0,15,0,1,0,0,0,0,1,1,2,1,25,5,-1,-1,-1,-1,1,-1
2015471502712,2,9,0,7,0,5,0,0,0,0,4,1,2,2,28,6,1199,1,15,-1,1,-1
2015471502713,1,9,0,1,0,1,0,0,0,0,2,1,6,3,30,6,-1,-1,-1,-1,-1,-1
2015471502713,2,1,0,3,0,1,0,0,0,0,1,1,6,2,33,6,-1,-1,-1,-1,1,-1
2015471502716,1,1,0,18,0,0,0,0,0,0,1,1,6,1,55,8,-1,-1,-1,-1,2,-1
2015471502716,2,11,0,2,0,0,0,0,0,0,0,1,6,1,-1,-1,-1,-1,-1,-1,-1,-1
2015471502717,1,19,0,18,0,0,0,0,0,0,4,1,6,1,40,7,2000,2,15,-1,1,-1
2015471502717,2,9,0,2,0,0,0,0,0,0,3,1,6,1,68,10,-1,-1,-1,-1,2,-1
2015471502720,1,9,0,18,0,2,0,0,0,0,1,1,6,1,24,5,1398,1,15,-1,1,-1
2015471502720,2,9,0,18,0,2,0,0,0,0,2,1,2,1,39,7,995,1,3,-1,3,-1
2015471502722,1,9,0,18,0,8,0,0,0,0,4,1,2,1,32,6,1796,1,14,-1,1,-1
2015471502722,2,9,0,18,0,8,0,0,0,0,1,1,2,2,23,5,1229,1,6,-1,1,-1
2015471502722,3,9,0,8,0,1,0,0,0,0,3,1,2,1,36,7,-1,-1,-1,-1,1,-1
2015471502723,1,9,0,18,0,1,0,0,1,4,4,1,1,2,48,8,1388,1,3,-1,3,-1
2015471502724,1,9,0,18,0,1,0,0,0,0,1,1,6,1,40,7,1596,1,13,-1,-1,-1
2015471502724,2,9,0,9,0,1,0,0,0,0,2,1,2,1,24,5,1783,1,12,-1,1,-1
2015471502725,1,9,0,5,0,6,0,0,0,0,1,1,2,2,43,7,1686,2,2,-1,1,-1
2015471502725,2,4,0,18,0,8,0,0,0,0,1,1,6,1,22,5,487,1,13,-1,1,-1
2015471502727,1,9,0,4,0,1,0,0,0,0,1,1,2,1,42,7,1390,1,5,-1,1,-1
2015471502727,2,9,0,3,0,1,0,0,0,0,2,1,6,2,43,7,1998,2,8,-1,1,-1
2015471502729,1,9,0,4,0,1,0,0,0,0,1,1,6,2,27,6,1398,1,4,-1,1,-1
2015471502729,2,9,0,3,0,1,0,0,0,0,2,1,6,1,68,10,1991,2,7,-1,1,-1
2015471502730,1,11,0,7,0,6,0,0,0,0,4,1,1,1,34,6,9360,2,2,-1,1,-1
2015471502731,1,9,0,16,0,0,0,0,0,0,1,1,6,1,24,5,1598,1,13,-1,3,-1
2015471502731,2,9,0,17,0,0,0,0,0,0,1,1,6,1,22,5,1000,1,1,-1,1,-1
2015471502732,1,9,0,16,0,1,0,0,0,0,3,1,6,2,83,11,1329,1,3,-1,2,-1
2015471502732,2,9,0,17,0,2,5,0,1,0,3,1,6,1,59,9,2993,2,1,-1,3,-1
2015471502736,1,9,0,9,0,6,0,0,0,0,1,1,6,1,70,10,1493,1,18,-1,1,-1
2015471502736,2,9,0,18,0,8,0,0,0,0,1,1,2,1,27,6,1596,1,10,-1,1,-1
2015471502737,1,9,0,18,0,5,0,0,7,1,1,1,6,1,23,5,4999,1,-1,-1,1,-1
2015471502737,2,8,0,3,0,5,0,0,0,0,2,1,1,1,66,10,1997,2,3,-1,1,-1
2015471502737,3,9,0,18,0,8,0,0,0,0,4,1,6,1,57,9,1339,8,9,-1,1,-1
2015471502737,4,9,0,18,0,5,0,0,0,0,0,1,1,1,36,7,2993,2,1,-1,1,-1
2015471502740,1,9,0,9,0,6,0,0,0,0,0,1,1,2,67,10,2393,1,12,-1,1,-1
2015471502740,2,9,0,18,0,1,0,0,8,10,4,1,1,1,38,7,2000,1,11,-1,1,-1
2015471502742,1,19,0,18,9,0,0,0,0,0,1,1,1,1,40,7,2402,2,14,-1,3,-1
2015471502742,2,22,0,18,9,0,0,0,0,0,4,1,6,2,78,11,-1,-1,-1,-1,1,-1
2015471502744,1,9,0,18,0,2,0,0,0,0,4,1,6,2,76,11,1596,1,13,-1,2,-1
2015471502745,1,9,0,5,0,6,0,0,0,0,3,1,6,2,51,8,1896,1,18,-1,1,-1
2015471502745,2,9,0,18,0,8,0,0,0,0,4,1,6,2,39,7,1242,1,8,-1,3,-1
2015471502746,1,3,0,9,0,6,0,0,0,0,1,1,6,2,44,7,125,1,7,-1,1,-1
2015471502746,2,9,0,18,0,8,0,0,0,0,4,1,6,2,66,10,1998,1,17,-1,1,-1
2015471502748,1,19,0,18,0,0,0,0,0,0,1,1,1,1,50,8,2402,2,8,-1,1,-1
2015471502748,2,90,0,18,0,0,0,0,0,0,2,2,1,1,43,7,11946,2,8,-1,1,-1
2015471502750,1,9,0,18,0,1,1,0,0,0,1,1,6,1,31,6,1360,1,13,-1,1,-1
2015471502751,1,9,0,13,0,0,0,0,1,4,1,1,6,1,23,5,1595,1,18,-1,1,-1
2015471502751,2,19,0,4,0,0,0,0,0,0,0,1,1,1,34,6,2402,2,14,-1,1,-1
2015471502753,1,19,0,18,0,1,0,0,0,0,1,1,1,1,74,10,1560,2,5,-1,1,-1
2015471502753,2,19,0,18,0,1,0,0,0,0,4,1,6,1,60,9,2500,2,14,-1,1,-1
2015471502754,1,9,0,17,0,0,1,0,2,11,1,1,6,1,23,5,1895,1,14,-1,1,-1
2015471502757,1,9,0,17,0,0,1,2,1,3,4,1,6,1,56,9,1999,1,14,-1,2,-1
2015471502758,1,9,0,4,0,2,1,0,0,0,1,1,6,1,21,5,1328,1,7,-1,1,-1
2015471502758,2,9,0,18,0,1,0,0,0,0,1,1,6,1,55,8,1896,2,8,-1,2,-1
2015471502758,3,9,0,4,0,2,0,0,0,0,2,1,6,1,37,7,2401,2,9,-1,3,-1
2015471502760,1,9,0,17,0,0,1,0,7,4,3,1,6,1,28,6,1560,2,9,-1,1,-1
2015471502764,1,4,0,18,0,1,1,0,0,0,3,1,6,1,18,4,123,1,1,-1,1,-1
2015471502765,1,9,0,13,0,0,0,0,0,0,0,1,6,3,-1,-1,-1,-1,-1,-1,-1,-1
2015471502765,2,1,0,17,0,0,1,0,1,10,0,1,6,1,21,5,-1,-1,-1,-1,1,-1
2015471502766,1,11,0,4,0,0,0,0,0,0,1,1,6,1,50,8,9000,2,4,-1,1,-1
2015471502768,1,19,0,7,0,5,0,0,0,0,4,1,6,1,20,4,-1,-1,-1,-1,-1,-1
2015471502768,2,1,0,18,4,8,0,0,0,0,1,1,6,1,43,7,-1,-1,-1,-1,1,-1
2015471502770,1,9,0,18,0,4,0,0,0,0,1,1,6,1,30,6,1560,2,11,-1,2,-1
2015471502770,2,1,0,18,0,8,0,0,0,0,1,1,6,1,40,7,-1,-1,-1,-1,1,-1
2015471502771,1,9,0,1,0,1,0,0,0,0,4,1,6,1,59,9,-1,-1,-1,-1,1,-1
2015471502771,2,9,0,3,0,1,0,0,0,0,4,1,6,1,75,10,1796,1,22,-1,1,-1
2015471502771,3,20,0,18,0,1,0,0,0,0,0,1,1,1,-1,-1,-1,-1,-1,-1,-1,-1
2015471502773,1,9,4,5,0,8,0,0,0,0,1,1,6,1,56,9,2967,2,8,-1,3,-1
2015471502773,2,1,0,18,0,8,0,0,0,0,4,1,2,1,37,7,-1,-1,-1,-1,1,-1
2015471502774,1,9,0,6,0,1,0,0,0,0,3,1,6,1,70,10,1596,1,8,-1,2,-1
2015471502774,2,9,0,18,0,1,0,0,0,0,1,1,6,2,43,7,1248,2,3,-1,1,-1
2015471502777,1,19,0,5,0,4,0,0,0,0,3,1,1,1,27,6,-1,-1,-1,-1,1,-1
2015471502778,1,1,0,18,0,2,0,0,0,0,1,1,6,1,20,4,-1,-1,-1,-1,1,-1
2015471502778,2,11,0,4,0,1,0,0,0,0,3,1,1,2,30,6,9000,2,16,-1,1,-1
2015471502779,1,9,0,18,0,6,0,0,0,0,1,1,6,3,-1,-1,1753,2,8,-1,-1,-1
2015471502779,2,9,0,18,0,1,0,0,0,0,1,1,6,2,24,5,1390,1,10,-1,1,-1
2015471502780,1,9,0,18,0,1,0,0,0,0,1,1,2,2,55,8,1198,1,-1,-1,2,-1
2015471502780,2,9,0,18,0,2,0,0,0,0,1,1,2,1,65,9,2457,1,10,-1,3,-1
2015471502781,1,19,0,9,0,3,0,0,0,0,4,1,1,1,29,6,2198,2,3,-1,1,-1
2015471502781,2,1,0,9,0,8,0,0,0,0,3,1,2,2,45,7,-1,-1,-1,-1,1,-1
2015471502783,1,9,0,18,0,1,0,0,0,0,4,1,6,1,21,5,1461,2,10,-1,1,-1
2015471502783,2,9,0,18,0,1,0,0,0,0,3,1,6,2,37,7,3500,1,3,-1,1,-1
2015471502784,1,19,0,18,0,1,0,0,0,0,1,1,1,1,68,10,1995,2,7,-1,1,-1
2015471502784,2,9,0,18,0,1,0,0,0,0,2,1,6,2,34,6,1229,1,8,-1,2,-1
2015471502785,1,9,0,9,0,8,0,0,0,0,1,1,6,1,36,7,2148,2,14,-1,1,-1
2015471502785,2,1,0,18,0,8,0,0,0,0,3,1,6,1,42,7,-1,-1,-1,-1,1,-1
2015471502786,1,9,0,13,0,0,0,0,0,0,1,1,6,1,70,10,1461,2,6,-1,3,-1
2015471502786,2,1,0,18,0,0,0,0,1,0,3,1,6,1,16,4,-1,-1,-1,-1,1,-1
2015471502788,1,9,0,18,0,8,0,0,0,0,1,1,6,3,-1,-1,1910,2,11,-1,-1,-1
2015471502788,2,9,0,18,0,8,1,0,0,0,4,1,2,1,41,7,1396,1,5,-1,1,-1
2015471502789,1,3,0,18,0,8,1,0,0,0,4,1,6,1,17,4,125,1,5,-1,1,-1
2015471502791,1,9,0,18,0,8,0,0,0,0,1,1,6,2,43,7,1796,1,15,-1,1,-1
2015471502791,2,9,0,18,0,8,0,0,0,0,4,1,6,2,29,6,1598,2,2,-1,1,-1
2015471502792,1,1,0,18,0,8,0,0,0,0,3,1,6,1,51,8,-1,-1,-1,-1,1,-1
2015471502792,2,11,0,18,0,8,0,0,0,0,4,1,1,1,28,6,9000,2,1,-1,1,-1
2015471502795,1,1,0,18,0,0,0,0,0,0,4,1,6,1,42,7,-1,-1,-1,-1,1,-1
2015471502795,2,9,0,18,0,0,0,0,0,0,1,1,1,1,45,7,995,1,11,-1,1,-1
2015471502796,1,9,0,18,0,0,0,0,0,0,1,1,6,1,19,4,998,1,12,-1,1,-1
2015471502798,1,9,0,18,0,1,0,0,0,0,1,1,6,2,40,7,1598,1,-1,-1,1,-1
2015471502798,2,9,0,18,0,1,0,0,0,0,2,1,2,2,20,4,1368,1,7,-1,1,-1
2015471502801,1,9,0,18,0,0,0,0,0,0,1,1,6,2,39,7,1997,2,11,-1,1,-1
2015471502801,2,9,0,18,0,0,0,0,0,0,2,1,6,1,47,8,1951,2,12,-1,2,-1
2015471502801,3,9,0,18,0,0,0,0,0,0,2,1,2,1,24,5,1995,1,7,-1,3,-1
2015471502802,1,1,0,16,0,0,1,0,0,0,1,1,6,1,17,4,-1,-1,-1,-1,2,-1
2015471502802,2,9,0,4,0,0,0,0,0,0,1,1,1,1,28,6,1997,2,2,-1,1,-1
2015471502805,1,19,0,9,0,6,0,0,0,0,3,1,1,1,62,9,1560,2,2,-1,1,-1
2015471502805,2,9,0,18,0,8,1,0,1,4,1,1,6,1,36,7,1598,1,4,-1,1,-1
2015471502807,1,9,0,18,0,8,0,0,0,0,2,1,6,1,27,6,1679,1,15,-1,1,-1
2015471502807,2,9,0,18,0,8,0,0,0,0,1,1,3,2,36,7,1339,8,4,-1,2,-1
2015471502807,3,9,0,18,0,3,0,0,0,0,4,1,1,1,64,9,1598,1,5,-1,1,-1
2015471502809,1,9,0,18,0,8,0,0,0,0,1,1,6,1,17,4,1390,1,12,-1,1,-1
2015471502809,2,9,0,18,0,8,0,0,0,0,3,1,6,2,35,6,1761,1,14,-1,1,-1
2015471502810,1,9,0,5,0,4,0,0,0,0,3,1,6,2,68,10,1995,2,2,-1,1,-1
2015471502810,2,1,0,18,0,8,0,0,0,0,3,1,6,1,57,9,-1,-1,-1,-1,1,-1
2015471502811,1,9,0,18,0,1,0,0,0,0,1,1,6,1,72,10,1339,8,6,-1,-1,-1
2015471502811,2,9,0,4,0,1,0,0,0,0,2,1,6,1,50,8,1910,2,7,-1,1,-1
2015471502812,1,9,0,18,0,4,0,0,0,0,1,1,1,1,51,8,2993,2,3,-1,2,-1
2015471502812,2,1,0,18,0,3,0,0,0,0,1,1,6,1,47,8,-1,-1,-1,-1,1,-1
2015471502814,1,19,0,18,0,1,0,0,0,0,1,1,6,1,25,5,1870,2,13,-1,-1,-1
2015471502814,2,9,0,10,0,8,0,0,0,0,2,1,6,2,71,10,1399,2,6,-1,1,-1
2015471502815,1,9,0,3,0,8,0,0,0,0,4,1,6,2,47,8,1398,2,3,-1,1,-1
2015471502815,2,1,0,18,0,8,0,0,0,0,1,1,6,1,42,7,-1,-1,-1,-1,1,-1
2015471502815,3,9,0,3,0,1,0,0,0,0,0,1,6,1,42,7,1339,1,8,-1,1,-1
2015471502816,1,9,0,18,0,1,0,0,0,0,1,1,6,2,34,6,2295,1,13,-1,1,-1
2015471502816,2,9,0,4,0,1,0,0,0,0,2,1,6,3,-1,-1,-1,-1,-1,-1,-1,-1
2015471502816,3,9,0,18,0,1,0,0,0,0,1,1,6,3,-1,-1,-1,-1,-1,-1,-1,-1
2015471502817,1,2,0,4,0,0,1,0,0,0,3,1,2,1,43,7,645,1,10,-1,1,-1
2015471502817,2,8,0,17,0,0,0,0,0,0,3,1,6,2,35,6,1248,2,8,-1,1,-1
2015471502818,1,9,0,18,0,1,0,0,0,0,1,1,1,2,55,8,1422,2,15,-1,1,-1
2015471502819,1,2,0,18,0,0,0,0,0,0,1,1,6,2,49,8,50,1,-1,-1,1,-1
2015471502819,2,9,0,18,0,0,0,0,0,0,3,1,6,1,70,10,1598,2,4,-1,1,-1
2015471502820,1,9,0,18,0,1,1,0,0,0,1,1,6,1,62,9,2495,2,-1,-1,3,-1
2015471502820,2,9,0,10,0,5,0,0,0,0,2,1,6,1,43,7,1753,2,8,-1,3,-1
2015471502820,3,9,0,18,0,1,0,0,1,0,1,1,6,2,54,8,1598,2,3,-1,3,-1
2015471502821,1,9,0,17,0,2,0,4,0,0,1,1,6,1,38,7,2199,2,4,-1,1,-1
2015471502821,2,19,0,2,0,2,0,0,0,0,2,1,6,1,56,9,2496,2,15,-1,1,-1
2015471502822,1,9,0,18,0,0,1,0,4,0,4,1,6,1,47,8,1995,1,9,-1,1,-1
2015471502822,2,90,0,12,0,0,0,0,0,0,3,1,6,1,48,8,1993,1,27,-1,1,-1
2015471502826,1,9,0,18,0,0,0,0,0,0,1,1,6,3,-1,-1,-1,-1,-1,-1,-1,-1
2015471502826,2,8,0,4,0,0,0,0,0,0,2,1,1,1,49,8,-1,-1,-1,-1,1,-1
2015471502826,3,9,0,4,0,0,0,0,0,0,1,1,6,2,18,4,998,1,8,-1,1,-1
2015471502826,4,9,0,3,0,0,0,0,0,0,0,1,6,1,80,11,1997,2,5,-1,1,-1
2015471502829,1,5,0,18,0,3,0,10,2,0,3,1,6,1,53,8,1180,1,21,-1,2,-1
2015471502834,1,1,0,9,0,8,0,0,0,0,3,1,6,1,24,5,-1,-1,-1,-1,1,-1
2015471502834,2,9,0,18,0,8,0,0,0,0,4,1,6,1,66,10,1242,1,15,-1,1,-1
2015471502835,1,9,0,5,0,2,0,0,0,0,3,1,6,1,61,9,5439,1,12,-1,2,-1
2015471502835,2,9,0,18,0,1,0,0,0,0,1,1,6,1,18,4,1360,1,5,-1,1,-1
2015471502838,1,9,0,1,0,0,0,4,0,0,3,1,6,2,84,11,1390,1,7,-1,1,-1