Accident_Index,Vehicle_Reference,Vehicle_Type,Towing_and_Articulation,Vehicle_Manoeuvre,Vehicle_Location-Restricted_Lane,Junction_Location,Skidding_and_Overturning,Hit_Object_in_Carriageway,Vehicle_Leaving_Carriageway,Hit_Object_off_Carriageway,1st_Point_of_Impact,Was_Vehicle_Left_Hand_Drive?,Journey_Purpose_of_Driver,Sex_of_Driver,Age_of_Driver,Age_Band_of_Driver,Engine_Capacity_(CC),Propulsion_Code,Age_of_Vehicle,Driver_IMD_Decile,Driver_Home_Area_Type,Vehicle_IMD_Decile
2015471502838,2,9,0,2,0,0,0,0,0,0,4,1,6,3,-1,-1,1796,1,14,-1,-1,-1
2015471502839,1,9,0,5,0,7,0,0,0,0,3,1,6,1,18,4,1598,1,11,-1,1,-1
2015471502839,2,9,0,18,0,1,0,0,0,0,1,1,6,1,46,8,2979,1,14,-1,1,-1
2015471502840,1,9,0,9,0,6,0,0,1,0,3,1,6,1,58,9,1560,2,2,-1,2,-1
2015471502840,2,9,0,18,0,8,0,0,0,0,1,1,6,1,58,9,1242,1,3,-1,1,-1
2015471502842,1,8,0,7,0,4,0,0,0,0,1,1,1,1,47,8,1497,8,7,-1,1,-1
2015471502843,1,3,0,18,0,0,1,0,0,0,0,1,6,2,21,5,125,1,-1,-1,2,-1
2015471502847,1,19,0,5,0,6,0,0,0,0,2,1,1,1,52,8,2198,2,1,-1,2,-1
2015471502847,2,5,0,18,0,1,0,0,0,0,1,1,6,1,52,8,900,1,12,-1,2,-1
2015471502847,3,9,0,18,0,1,0,0,0,0,0,1,6,3,30,6,-1,-1,-1,-1,-1,-1
2015471502848,1,1,0,5,0,0,0,0,0,0,3,1,6,2,7,2,-1,-1,-1,-1,1,-1
2015471502848,2,19,0,2,0,0,0,0,0,0,3,1,6,3,-1,-1,1753,2,9,-1,-1,-1
2015471502848,3,9,0,18,0,0,0,0,0,0,4,1,6,2,48,8,1360,1,13,-1,1,-1
2015471502850,1,9,0,18,0,4,0,0,0,0,1,1,6,1,17,4,1390,1,14,-1,-1,-1
2015471502850,2,3,0,3,0,4,0,0,0,0,2,1,6,1,17,4,124,1,6,-1,1,-1
2015471502851,1,9,0,13,0,0,1,0,0,0,1,1,2,1,28,6,1598,1,7,-1,2,-1
2015471502853,1,9,0,18,0,1,0,0,0,0,1,1,2,1,27,6,2494,1,14,-1,3,-1
2015471502853,2,9,0,7,0,6,0,0,1,0,3,1,1,1,28,6,-1,-1,-1,-1,3,-1
2015471502855,1,9,0,18,0,1,0,0,0,0,1,1,6,1,47,8,1598,1,4,-1,3,-1
2015471502857,1,1,0,18,0,8,0,0,0,0,0,1,6,2,36,7,-1,-1,-1,-1,1,-1
2015471502860,1,9,0,6,0,0,0,0,0,0,4,1,1,1,31,6,1896,2,7,-1,1,-1
2015471502860,2,9,0,18,0,0,0,0,0,0,1,1,6,1,43,7,1242,1,13,-1,2,-1
2015471502862,1,9,0,7,0,6,0,0,0,0,1,1,6,2,62,9,1390,1,12,-1,1,-1
2015471502862,2,9,0,18,0,8,0,0,0,0,4,1,6,2,49,8,1363,2,13,-1,1,-1
2015471502867,1,1,0,18,9,0,0,0,0,0,3,1,6,1,4,1,-1,-1,-1,-1,1,-1
2015471502867,2,9,0,18,0,0,0,0,0,0,4,1,6,2,79,11,1399,1,7,-1,1,-1
2015471502868,1,9,0,18,0,0,5,0,7,4,1,1,6,2,18,4,995,1,11,-1,1,-1
2015471502868,2,9,0,18,0,0,5,0,0,0,1,1,6,1,45,7,999,1,2,-1,1,-1
2015471502868,3,9,0,18,0,0,0,10,0,0,0,1,6,1,32,6,2993,2,2,-1,1,-1
2015471502869,1,9,0,12,0,0,0,10,0,0,1,1,4,1,36,7,1781,1,13,-1,1,-1
2015471502870,1,3,0,18,0,0,0,0,1,10,4,1,6,1,32,6,125,1,-1,-1,1,-1
2015471502872,1,9,0,18,0,0,0,0,0,0,1,1,6,1,23,5,973,1,15,-1,1,-1
2015471502872,2,8,0,18,0,0,0,0,0,0,1,1,1,1,35,6,1896,2,5,-1,1,-1
2015471502873,1,9,0,18,0,0,0,0,0,0,4,1,6,1,40,7,-1,-1,-1,-1,-1,-1
2015471502873,2,1,0,18,0,0,0,0,1,0,3,1,2,2,17,4,-1,-1,-1,-1,1,-1
2015471502874,1,9,0,16,0,0,2,0,7,9,1,1,6,2,22,5,1461,2,11,-1,2,-1
2015471502874,2,9,0,17,0,0,0,0,0,0,0,1,6,3,-1,-1,-1,-1,-1,-1,-1,-1
2015471502875,1,9,0,18,0,0,0,0,0,0,1,1,6,2,38,7,1598,1,13,-1,1,-1
2015471502876,1,1,0,18,0,2,0,0,0,0,3,1,6,1,54,8,-1,-1,-1,-1,1,-1
2015471502876,2,9,0,13,0,2,0,0,0,0,3,1,6,1,81,11,1399,1,11,-1,1,-1
2015471502877,1,5,0,17,0,1,1,0,1,11,3,1,6,1,26,6,998,1,7,-1,1,-1
2015471502878,1,9,0,9,0,7,0,0,0,0,1,1,6,2,32,6,1390,1,13,-1,3,-1
2015471502878,2,9,0,18,0,1,1,0,0,0,1,1,2,2,19,4,1199,1,13,-1,1,-1
2015471502880,1,9,0,9,0,8,0,0,0,0,3,1,6,2,34,6,1000,1,2,-1,1,-1
2015471502880,2,5,0,18,0,8,0,0,0,0,4,1,6,1,22,5,599,1,7,-1,2,-1
2015471502881,1,9,0,9,0,8,0,0,0,0,3,1,6,1,26,6,1685,2,2,-1,1,-1
2015471502881,2,5,0,18,0,8,0,0,0,0,3,1,6,1,36,7,1157,1,9,-1,1,-1
2015471502882,1,8,0,17,0,0,1,0,2,4,1,1,1,1,55,8,1598,1,6,-1,1,-1
2015471502883,1,19,0,18,0,1,0,0,0,0,4,1,6,1,23,5,2400,2,6,-1,3,-1
2015471502883,2,1,0,18,0,1,0,0,0,0,3,1,6,1,26,6,-1,-1,-1,-1,1,-1
2015471502884,1,9,0,18,0,8,0,0,0,0,3,1,6,2,40,7,1298,1,12,-1,1,-1
2015471502884,2,5,0,18,0,8,0,0,0,0,4,1,6,1,49,8,1300,1,-1,-1,1,-1
2015471502887,1,19,0,18,0,1,0,0,0,0,0,1,1,1,20,4,-1,-1,-1,-1,1,-1
2015471502888,1,9,0,7,0,7,0,0,0,0,1,1,6,1,31,6,1595,1,6,-1,1,-1
2015471502888,2,9,0,8,0,7,0,0,0,0,2,1,6,2,58,9,1360,1,8,-1,1,-1
2015471502889,1,9,0,18,0,1,0,0,0,0,4,1,6,1,26,6,1275,1,20,-1,1,-1
2015471502889,2,3,0,18,0,1,0,0,0,0,2,1,6,1,18,4,125,1,1,-1,1,-1
2015471502893,1,9,0,18,0,0,0,0,0,0,1,1,6,1,46,8,1390,1,12,-1,1,-1
2015471502893,2,9,0,3,0,0,0,0,0,0,2,1,6,2,21,5,1598,1,11,-1,1,-1
2015471502898,1,9,0,4,0,1,0,0,0,0,1,1,6,1,48,8,1596,1,9,-1,1,-1
2015471502898,2,1,0,18,0,2,0,0,1,0,1,1,6,1,38,7,-1,-1,-1,-1,1,-1
2015471502899,1,5,0,18,0,0,1,0,6,0,1,1,6,1,22,5,675,1,1,-1,1,-1
2015471502900,1,9,0,18,0,0,0,0,0,0,1,1,6,2,43,7,1984,1,13,-1,1,-1
2015471502900,2,9,0,18,0,0,0,0,0,0,4,1,6,2,50,8,1598,1,8,-1,1,-1
2015471502900,3,9,0,18,0,0,0,0,0,0,2,1,6,2,49,8,1242,1,2,-1,1,-1
2015471502901,1,9,0,18,0,6,0,0,0,0,1,1,1,1,45,7,-1,-1,-1,-1,1,-1
2015471502901,2,9,0,18,0,8,0,0,0,0,4,1,6,1,21,5,1242,1,12,-1,1,-1
2015471502901,3,9,0,2,0,8,0,0,0,0,1,1,6,1,30,6,-1,-1,-1,-1,-1,-1
2015471502902,1,3,0,5,0,8,0,10,0,11,4,1,2,1,48,8,125,1,1,-1,3,-1
2015471502903,1,9,0,5,0,6,0,0,0,0,1,1,6,1,31,6,1348,1,14,-1,1,-1
2015471502903,2,8,0,18,0,1,0,0,0,0,4,1,1,1,43,7,1997,2,2,-1,1,-1
2015471502904,1,9,0,8,0,1,0,0,0,0,1,1,6,1,46,8,-1,-1,-1,-1,1,-1
2015471502904,2,1,0,9,0,8,0,0,0,0,2,1,6,1,38,7,-1,-1,-1,-1,1,-1
2015471502905,1,19,0,16,0,0,0,0,7,4,1,1,1,1,25,5,1598,2,2,-1,3,-1
2015471502907,1,9,0,18,0,4,0,0,0,0,1,1,6,2,70,10,1242,1,2,-1,1,-1
2015471502907,2,3,0,4,0,4,0,0,0,0,2,1,1,2,23,5,125,1,3,-1,1,-1
2015471502909,1,9,0,6,0,8,0,0,0,0,3,1,2,2,19,4,1199,1,13,-1,1,-1
2015471502909,2,5,0,18,0,8,1,0,0,0,1,1,2,1,30,6,599,1,12,-1,1,-1
2015471502912,1,19,0,17,0,0,2,0,2,4,4,1,1,1,29,6,2464,2,7,-1,1,-1
2015471502913,1,9,0,1,0,5,0,0,0,0,0,1,6,3,-1,-1,1994,2,13,-1,-1,-1
2015471502913,2,1,0,3,0,5,0,0,0,0,0,1,2,1,28,6,-1,-1,-1,-1,1,-1
2015471502914,1,9,0,18,0,0,0,0,0,0,0,1,6,3,40,7,-1,-1,-1,-1,-1,-1
2015471502914,2,11,0,18,0,0,0,0,0,0,0,1,1,1,41,7,5132,2,-1,-1,1,-1
2015471502916,1,9,0,18,0,1,0,0,0,0,1,1,1,2,21,5,1242,1,1,-1,3,-1
2015471502916,2,9,0,18,0,1,0,0,0,0,2,1,1,1,47,8,1968,2,8,-1,1,-1
2015471502916,3,9,0,18,0,1,0,0,0,0,2,1,6,2,28,6,1329,1,4,-1,1,-1
2015471502916,4,9,0,7,0,6,0,0,0,0,0,1,6,3,40,7,-1,-1,-1,-1,-1,-1
2015471502917,1,9,0,18,0,1,0,0,0,0,1,1,6,1,41,7,1242,1,16,-1,1,-1
2015471502917,2,9,0,18,0,2,0,0,0,0,1,1,6,1,76,11,1998,1,12,-1,1,-1
2015471502921,1,9,0,18,0,0,0,0,0,0,1,1,6,1,23,5,-1,-1,-1,-1,1,-1
2015471502921,2,9,0,3,0,0,0,0,0,0,2,1,6,1,21,5,1390,1,16,-1,1,-1
2015471502921,3,9,0,3,0,0,0,0,0,0,2,1,6,1,40,7,1984,1,14,-1,1,-1
2015471502921,4,9,0,12,0,0,0,0,0,0,0,1,6,3,-1,-1,-1,-1,-1,-1,-1,-1
2015471502922,1,9,0,16,0,0,0,0,7,9,1,1,6,2,69,10,1395,1,1,-1,3,-1
2015471502922,2,9,0,17,0,0,0,0,0,0,1,1,6,1,59,9,1997,2,6,-1,1,-1
2015471502924,1,9,0,9,0,5,0,0,0,0,4,1,1,2,42,7,1596,1,11,-1,1,-1
2015471502924,2,3,0,18,0,1,0,0,0,0,1,1,6,1,52,8,125,1,1,-1,1,-1
2015471502925,1,9,0,18,0,0,1,0,1,4,1,1,6,1,55,8,1490,1,8,-1,3,-1
2015471502930,1,1,0,18,0,0,0,0,0,0,1,1,2,1,25,5,-1,-1,-1,-1,1,-1
2015471502930,2,9,0,18,0,0,0,0,0,0,2,1,6,2,56,9,1968,2,5,-1,1,-1
2015471502931,1,11,0,3,0,8,0,0,0,0,4,1,6,1,54,8,4500,2,3,-1,1,-1
2015471502931,2,8,0,2,0,8,0,0,0,0,3,1,6,1,35,6,1560,2,5,-1,1,-1
2015471502932,1,9,0,18,0,8,0,0,1,0,4,1,6,1,68,10,2231,2,8,-1,1,-1
2015471502932,2,9,0,18,0,8,0,0,1,9,1,1,6,2,46,8,2993,2,6,-1,3,-1
2015471502933,1,9,0,5,0,1,0,0,0,0,0,1,6,2,51,8,2460,2,9,-1,-1,-1
2015471502934,1,9,0,18,0,0,0,0,0,0,1,1,6,1,75,10,1968,2,-1,-1,1,-1
2015471502934,2,9,4,18,0,0,0,0,0,0,1,1,6,1,41,7,-1,-1,-1,-1,1,-1
2015471502935,1,9,0,4,0,1,0,0,0,0,0,1,6,1,56,9,1997,2,-1,-1,1,-1
2015471502938,1,9,0,18,0,1,0,0,0,0,3,1,6,1,26,6,-1,-1,-1,-1,1,-1
2015471502938,2,9,0,18,0,1,0,0,0,0,4,1,6,1,53,8,1995,2,8,-1,1,-1
2015471502939,1,9,0,7,0,6,0,0,0,0,1,1,6,2,54,8,1248,1,6,-1,1,-1
2015471502939,2,9,0,18,0,8,0,0,0,0,1,1,6,2,64,9,1398,1,1,-1,1,-1
2015471502941,1,9,0,18,0,0,0,0,2,1,4,1,2,2,17,4,1299,1,16,-1,1,-1
2015471502943,1,9,0,18,0,2,0,0,0,0,1,1,6,1,23,5,1598,1,12,-1,1,-1
2015471502943,2,9,0,18,0,2,0,0,0,0,2,1,6,1,47,8,-1,-1,-1,-1,1,-1
2015471502943,3,9,0,18,0,2,0,0,0,0,2,1,6,2,53,8,1596,1,4,-1,1,-1
2015471502944,1,11,0,18,0,2,0,0,0,0,0,1,1,1,51,8,4760,2,3,-1,1,-1
2015471502951,1,1,0,18,0,0,0,10,1,10,1,1,6,1,60,9,-1,-1,-1,-1,1,-1
2015471502952,1,9,0,9,0,8,0,0,0,0,3,1,6,1,54,8,1390,1,4,-1,3,-1
2015471502952,2,3,0,13,0,8,0,0,0,0,4,1,6,1,26,6,124,1,2,-1,1,-1
2015471502953,1,3,0,17,0,0,0,0,0,0,3,1,2,1,45,7,125,1,3,-1,1,-1
2015471502955,1,9,0,18,0,0,0,0,0,0,1,1,1,2,65,9,989,1,12,-1,1,-1
2015471502957,1,9,0,18,0,0,0,0,0,0,1,1,6,1,61,9,1753,2,14,-1,1,-1
2015471502957,2,9,0,18,0,0,0,0,0,0,2,1,1,1,37,7,2198,2,4,-1,1,-1
2015471502957,3,9,0,18,0,0,0,0,0,0,0,1,6,3,-1,-1,-1,-1,-1,-1,-1,-1
2015471502959,1,9,0,18,0,1,0,0,0,0,1,1,6,3,-1,-1,1299,1,13,-1,-1,-1
2015471502959,2,9,0,3,0,1,0,0,0,0,2,1,6,2,40,7,1560,2,9,-1,1,-1
2015471502961,1,9,0,4,2,6,0,0,0,0,2,1,2,2,41,7,1299,1,14,-1,1,-1
2015471502961,2,3,0,4,0,8,0,0,0,0,1,1,2,2,32,6,125,1,9,-1,1,-1
2015471502962,1,9,0,18,0,3,0,0,0,0,3,1,6,2,66,10,1360,1,14,-1,1,-1
2015471502962,2,19,0,9,0,3,0,0,0,0,1,1,1,1,48,8,1968,2,-1,-1,1,-1
2015471502966,1,9,0,6,0,0,0,0,0,0,3,1,6,1,28,6,1997,1,9,-1,1,-1
2015471502966,2,3,0,18,0,0,0,0,0,0,1,1,6,1,21,5,124,1,12,-1,1,-1
2015471502967,1,9,0,18,0,1,0,0,0,0,1,1,6,2,60,9,1796,1,14,-1,1,-1
2015471502967,2,9,0,10,0,1,0,0,0,0,2,1,6,1,26,6,1896,2,10,-1,3,-1
2015471502968,1,9,0,18,0,6,0,0,0,0,1,1,6,1,19,4,1984,1,9,-1,1,-1
2015471502968,2,9,0,18,0,8,0,0,1,11,3,1,6,1,40,7,1840,1,16,-1,1,-1
2015471502969,1,9,0,7,0,6,0,0,0,0,1,1,6,1,60,9,3436,1,6,-1,1,-1
2015471502969,2,9,0,4,0,2,0,0,0,0,2,1,6,1,42,7,1390,1,8,-1,1,-1
2015471502973,1,9,0,16,0,0,0,0,1,0,1,1,6,1,30,6,1598,1,14,-1,3,-1
2015471502973,2,9,0,17,0,0,0,0,7,1,1,1,6,1,45,7,1968,2,1,-1,1,-1
2015471502975,1,9,0,3,0,0,0,0,0,0,1,1,6,1,47,8,1560,2,4,-1,1,-1
2015471502980,1,9,0,1,0,6,0,0,0,0,2,1,6,2,37,7,-1,-1,-1,-1,1,-1
2015471502980,2,1,0,18,0,1,0,0,0,0,1,1,6,1,16,4,-1,-1,-1,-1,-1,-1
2015471502982,1,9,0,18,0,1,0,0,0,0,1,1,6,2,25,5,1598,2,2,-1,1,-1
2015471502982,2,9,0,10,0,1,0,0,0,0,2,1,6,2,65,9,1598,1,7,-1,3,-1
2015471502982,3,9,0,4,0,1,0,0,0,0,0,1,6,2,37,7,1596,1,16,-1,1,-1
2015471502987,1,5,0,18,0,1,0,0,0,0,1,1,6,1,21,5,-1,-1,-1,-1,1,-1
2015471502987,2,9,0,18,0,1,0,0,0,0,1,1,6,2,50,8,2497,1,8,-1,3,-1
2015471502989,1,19,0,18,0,1,0,4,0,0,1,1,6,1,40,7,-1,-1,-1,-1,-1,-1
2015471502989,2,3,0,3,0,1,0,0,0,0,1,1,2,2,18,4,-1,-1,-1,-1,2,-1
2015471502990,1,9,0,18,0,0,0,0,0,0,1,1,6,2,45,7,1598,1,8,-1,1,-1
2015471502990,2,9,0,2,0,0,0,0,1,0,2,1,6,3,-1,-1,1598,1,5,-1,-1,-1
2015471502990,3,8,0,2,0,0,0,0,0,0,2,1,6,3,-1,-1,1560,2,5,-1,-1,-1
2015471502993,1,3,0,18,0,2,1,0,0,0,1,1,2,1,24,5,125,1,11,-1,3,-1
2015471502993,2,9,0,3,0,2,0,0,0,0,2,1,2,1,46,8,-1,-1,-1,-1,3,-1
2015471502995,1,9,0,18,0,0,1,10,4,11,2,1,6,1,28,6,-1,-1,-1,-1,-1,-1
2015471502997,1,9,0,11,0,1,0,0,0,0,1,1,6,1,29,6,2987,2,9,-1,1,-1
2015471502997,2,9,0,18,0,1,0,0,0,0,3,1,1,1,24,5,1360,1,10,-1,1,-1
2015471502999,1,9,0,17,0,0,2,0,2,10,1,1,2,2,18,4,999,1,14,-1,1,-1
2015471503000,1,9,0,13,0,0,0,0,0,0,0,1,6,3,-1,-1,-1,-1,-1,-1,-1,-1
2015471503000,2,9,0,18,0,0,0,0,0,0,2,1,6,2,65,9,1390,1,7,-1,3,-1
2015471503000,3,9,0,18,0,0,0,0,0,0,1,1,6,1,48,8,1368,1,11,-1,3,-1
2015471503002,1,2,0,18,0,0,0,0,0,0,1,1,6,2,17,4,49,1,2,-1,1,-1
2015471503002,2,9,0,18,0,0,0,0,0,0,2,1,6,2,30,6,1598,1,11,-1,1,-1
2015471503004,1,9,0,17,0,2,1,0,1,4,1,1,6,1,60,9,1339,1,12,-1,1,-1
2015471503005,1,1,0,18,0,1,0,0,0,0,1,1,6,1,16,4,-1,-1,-1,-1,1,-1
2015471503005,2,9,0,4,0,1,0,0,0,0,4,1,6,1,36,7,1598,1,10,-1,1,-1
2015471503006,1,9,0,18,0,0,0,0,0,0,1,1,6,1,60,9,1839,1,20,-1,1,-1
2015471503008,1,9,0,12,0,8,5,0,4,6,1,1,6,2,21,5,1149,1,12,-1,1,-1
2015471503009,1,1,0,18,0,0,0,11,0,0,1,1,6,1,52,8,-1,-1,-1,-1,1,-1
2015471503010,1,9,0,9,0,5,0,0,0,0,4,1,6,1,47,8,1997,2,12,-1,1,-1
2015471503010,2,3,0,18,0,8,1,0,0,0,1,1,2,2,35,6,124,1,6,-1,1,-1
2015471503012,1,5,0,17,0,0,0,0,1,9,1,1,6,1,28,6,599,1,12,-1,3,-1
2015471503013,1,90,0,18,0,8,0,0,0,0,0,1,6,1,25,5,700,1,-1,-1,1,-1
2015471503014,1,9,0,3,0,4,0,0,0,0,1,1,6,1,31,6,4511,1,12,-1,1,-1
2015471503014,2,9,0,3,0,4,0,0,0,0,2,1,6,1,23,5,899,1,1,-1,1,-1
2015471503016,1,9,0,5,0,6,0,0,0,0,3,1,6,2,40,7,998,1,12,-1,1,-1
2015471503016,2,9,0,18,0,1,0,0,0,0,4,1,6,2,38,7,998,1,15,-1,1,-1
2015471503018,1,9,0,18,0,0,0,0,7,3,1,1,6,2,25,5,1686,2,9,-1,3,-1
2015471503023,1,9,0,18,0,0,0,0,0,0,1,1,6,1,31,6,1995,1,10,-1,1,-1
2015471503023,2,9,0,4,0,0,0,0,0,0,2,1,6,1,34,6,1997,2,8,-1,1,-1
2015471503023,3,9,0,4,0,0,0,0,0,0,2,1,6,1,38,7,1796,1,11,-1,1,-1
2015471503028,1,9,0,5,0,6,0,0,0,0,3,1,6,1,73,10,1597,1,11,-1,1,-1
2015471503028,2,9,0,18,0,8,0,0,0,0,1,1,2,1,29,6,1598,1,12,-1,1,-1
2015471503029,1,9,0,17,0,2,0,0,1,2,1,1,6,1,26,6,1364,1,5,-1,1,-1
2015471503029,2,9,0,4,0,1,0,0,0,0,1,1,6,1,75,10,1985,1,15,-1,1,-1
2015471503030,1,9,0,18,0,1,0,0,0,0,1,1,6,1,27,6,1598,1,10,-1,1,-1
2015471503030,2,9,0,3,0,1,0,0,0,0,2,1,6,2,65,9,1275,1,16,-1,1,-1
2015471503036,1,9,0,18,0,1,0,0,0,0,1,1,6,1,35,6,-1,-1,-1,-1,1,-1
2015471503036,2,4,0,18,0,1,0,0,0,0,1,1,6,1,32,6,124,1,9,-1,1,-1
2015471503038,1,9,0,17,0,8,0,0,1,3,1,1,6,1,28,6,1997,1,11,-1,1,-1
2015471503039,1,10,0,6,0,1,0,0,0,0,3,1,1,1,61,9,2143,2,1,-1,2,-1
2015471503039,2,3,0,13,0,1,0,0,0,0,1,1,6,1,19,4,125,1,9,-1,2,-1
2015471503041,1,9,0,18,0,0,0,0,0,0,1,1,6,1,23,5,1360,1,10,-1,3,-1
2015471503041,2,9,0,2,0,0,0,0,0,0,0,1,6,3,-1,-1,1598,1,2,-1,-1,-1
2015471503041,3,9,0,2,0,0,0,0,0,0,1,1,6,3,-1,-1,1598,1,12,-1,-1,-1
2015471503041,4,9,0,2,0,0,0,0,0,0,1,1,6,3,-1,-1,1796,1,11,-1,-1,-1
2015471503042,1,9,0,18,0,2,1,11,1,2,1,1,6,2,28,6,1998,2,9,-1,1,-1
2015471503042,2,9,0,2,6,2,0,0,0,0,3,1,6,3,-1,-1,3311,8,8,-1,-1,-1
2015471503043,1,9,0,18,0,6,0,0,7,1,1,1,6,1,35,6,1598,1,12,-1,1,-1
2015471503045,1,9,0,1,0,0,0,0,0,0,2,1,6,1,49,8,1995,2,14,-1,1,-1
2015471503046,1,9,0,9,0,2,0,0,0,0,0,2,2,2,64,9,1388,1,4,-1,1,-1
2015471503046,2,5,0,18,0,1,1,0,0,10,4,1,6,1,50,8,748,1,12,-1,1,-1
2015471503047,1,19,0,9,0,1,0,0,0,0,0,1,1,1,44,7,1910,2,6,-1,2,-1
2015471503047,2,3,0,15,2,1,1,0,0,0,1,1,6,1,19,4,125,1,4,-1,1,-1
2015471503049,1,9,0,9,0,1,0,0,0,0,3,1,6,1,37,7,1598,1,9,-1,1,-1
2015471503049,2,9,0,18,0,1,0,0,0,0,1,1,6,2,72,10,998,1,8,-1,1,-1
2015471503052,1,9,0,17,0,2,1,0,2,10,1,1,6,2,48,8,2172,2,12,-1,2,-1
2015471503059,1,9,0,18,0,1,0,0,0,0,1,1,6,2,68,10,1998,1,10,-1,1,-1
2015471503059,2,19,0,3,0,1,0,0,0,0,2,1,1,2,46,8,-1,3,2,-1,1,-1
2015471503061,1,9,0,9,0,8,0,0,0,0,3,1,6,1,50,8,1753,2,10,-1,2,-1
2015471503061,2,9,0,18,0,1,0,0,0,0,3,1,6,1,22,5,-1,-1,-1,-1,1,-1
2015471503067,1,9,0,4,0,8,0,0,0,0,1,1,6,1,28,6,1242,1,7,-1,2,-1
2015471503067,2,9,0,3,0,8,0,0,0,0,2,1,6,2,38,7,1149,1,13,-1,1,-1
2015471503069,1,9,0,18,0,0,0,0,0,0,1,1,2,2,49,8,1400,2,9,-1,1,-1
2015471503069,2,9,0,2,0,0,0,0,0,0,2,1,6,1,69,10,2231,2,7,-1,1,-1
2015471503070,1,5,0,18,0,0,0,0,0,0,1,1,6,2,23,5,600,1,8,-1,1,-1
2015471503070,2,5,0,9,0,0,1,0,0,0,3,1,6,1,24,5,1441,1,1,-1,1,-1
2015471503072,1,5,0,18,0,8,0,0,0,0,3,1,6,1,62,9,1237,1,2,-1,1,-1
2015471503072,2,9,0,18,0,8,0,0,0,0,4,1,6,1,48,8,1596,1,13,-1,2,-1
2015471503073,1,9,0,6,0,1,0,0,0,0,1,1,6,1,50,8,1783,1,11,-1,1,-1
2015471503073,2,4,0,15,0,1,0,0,0,0,1,1,6,1,60,9,645,1,16,-1,1,-1
2015471503074,1,9,0,9,0,5,0,0,0,0,4,1,1,1,18,4,1124,1,11,-1,1,-1
2015471503074,2,3,0,18,0,1,1,0,0,0,1,1,6,1,17,4,125,1,8,-1,1,-1
2015471503075,1,9,0,13,0,1,2,0,1,5,1,1,6,1,35,6,1997,1,13,-1,1,-1
2015471503075,2,1,0,18,0,1,0,0,0,0,0,1,6,1,20,4,-1,-1,-1,-1,1,-1
2015471503075,3,20,0,13,0,1,0,0,0,0,0,1,1,1,28,6,6692,2,4,-1,1,-1
2015471503075,4,19,0,18,0,1,0,0,0,0,0,1,6,1,60,9,-1,-1,-1,-1,1,-1
2015471503076,1,9,0,1,9,6,0,0,0,0,4,1,6,2,54,8,998,1,7,-1,1,-1
2015471503076,2,22,0,18,9,8,0,0,0,0,3,1,6,2,40,7,-1,-1,-1,-1,1,-1
2015471503078,1,9,0,18,0,1,0,0,0,0,1,1,6,1,45,7,1870,2,12,-1,1,-1
2015471503078,2,9,0,3,0,1,0,0,0,0,2,1,6,1,42,7,1868,2,16,-1,1,-1
2015471503079,1,8,0,9,0,2,0,7,0,0,4,1,1,1,57,9,1896,2,5,-1,1,-1
2015471503081,1,9,0,18,0,0,0,0,7,2,1,1,6,1,60,9,2597,1,11,-1,1,-1
2015471503082,1,9,0,9,0,1,0,0,0,0,3,1,6,2,48,8,1240,1,10,-1,1,-1
2015471503082,2,3,0,18,0,1,0,0,0,0,3,1,6,1,37,7,125,1,1,-1,1,-1
2015471503082,3,9,0,18,0,1,0,0,0,0,0,1,6,1,30,6,-1,-1,-1,-1,-1,-1
2015471503083,1,5,0,17,0,0,0,0,0,0,1,1,6,1,83,11,498,1,-1,-1,1,-1
2015471503083,2,9,0,3,0,0,0,0,0,0,2,1,6,2,43,7,1995,2,2,-1,1,-1
2015471503084,1,9,0,4,0,1,1,0,0,0,1,1,6,2,30,6,1796,1,9,-1,1,-1
2015471503084,2,9,0,9,0,1,0,0,0,0,2,1,2,2,35,6,1560,2,8,-1,1,-1
2015471503085,1,9,0,6,0,8,0,0,0,0,3,1,6,1,61,9,1149,1,6,-1,1,-1
2015471503085,2,9,0,18,0,8,0,0,0,0,1,1,6,2,25,5,1422,2,15,-1,1,-1
2015471503091,1,21,1,4,0,8,0,0,0,0,1,2,1,1,30,6,-1,-1,-1,-1,-1,-1
2015471503091,2,9,0,3,0,5,0,0,0,0,2,1,1,1,37,7,2000,2,5,-1,1,-1
2015471503091,3,9,0,3,0,5,0,0,0,0,2,1,2,2,21,5,1149,1,13,-1,1,-1
2015471503091,4,9,0,3,0,5,0,0,0,0,2,1,2,1,32,6,1910,2,8,-1,1,-1
2015471503091,5,9,4,3,0,5,0,0,0,0,2,1,1,1,62,9,-1,-1,-1,-1,1,-1
2015471503098,1,9,0,9,0,2,0,0,0,0,1,1,1,2,38,7,1798,1,7,-1,1,-1
2015471503098,2,9,0,18,0,2,0,0,0,0,2,1,6,2,30,6,1598,2,4,-1,1,-1
2015471503098,3,11,0,18,0,8,0,0,0,0,1,1,1,1,51,8,9000,2,6,-1,1,-1
2015471503099,1,9,0,18,0,0,0,0,0,0,1,1,2,2,20,4,1240,1,10,-1,1,-1