Accident_Index,Vehicle_Reference,Vehicle_Type,Towing_and_Articulation,Vehicle_Manoeuvre,Vehicle_Location-Restricted_Lane,Junction_Location,Skidding_and_Overturning,Hit_Object_in_Carriageway,Vehicle_Leaving_Carriageway,Hit_Object_off_Carriageway,1st_Point_of_Impact,Was_Vehicle_Left_Hand_Drive?,Journey_Purpose_of_Driver,Sex_of_Driver,Age_of_Driver,Age_Band_of_Driver,Engine_Capacity_(CC),Propulsion_Code,Age_of_Vehicle,Driver_IMD_Decile,Driver_Home_Area_Type,Vehicle_IMD_Decile
2015471503099,2,9,0,4,0,0,0,0,0,0,2,1,2,2,44,7,1242,1,6,-1,1,-1
2015471503099,3,9,0,4,0,0,0,0,0,0,2,1,1,1,61,9,-1,-1,-1,-1,1,-1
2015471503103,1,9,0,9,0,6,0,0,0,0,3,1,1,1,32,6,1360,1,8,-1,-1,-1
2015471503103,2,1,0,18,0,1,0,0,0,11,1,1,6,1,29,6,-1,-1,-1,-1,1,-1
2015471503104,1,9,0,18,9,2,0,10,1,2,1,1,6,1,81,11,1783,1,15,-1,1,-1
2015471503106,1,9,0,18,0,0,0,0,0,0,1,1,6,1,-1,-1,1995,1,12,-1,-1,-1
2015471503106,2,9,0,18,0,0,0,0,0,0,2,1,6,2,29,6,1398,1,-1,-1,1,-1
2015471503108,1,9,0,18,0,4,0,0,0,0,1,1,1,1,23,5,1988,1,11,-1,1,-1
2015471503108,2,1,0,18,0,8,0,0,0,2,4,1,6,1,49,8,-1,-1,-1,-1,1,-1
2015471503109,1,9,0,18,0,8,0,0,0,0,1,1,6,1,26,6,1061,1,11,-1,1,-1
2015471503109,2,9,0,18,0,8,0,0,0,0,2,1,6,2,27,6,1299,1,14,-1,1,-1
2015471503110,1,8,0,9,0,8,0,0,0,0,1,1,1,1,28,6,1968,2,4,-1,1,-1
2015471503110,2,3,0,18,0,8,1,0,0,0,1,1,6,1,18,4,124,1,-1,-1,3,-1
2015471503113,1,1,0,18,9,0,0,0,0,0,0,1,6,1,19,4,-1,-1,-1,-1,1,-1
2015471503115,1,9,0,17,0,0,1,10,7,4,1,1,6,2,45,7,1086,1,7,-1,3,-1
2015471503119,1,9,0,18,0,1,0,0,0,0,1,1,1,1,55,8,2143,2,2,-1,1,-1
2015471503119,2,9,0,9,0,1,0,0,0,0,3,1,1,2,27,6,-1,-1,-1,-1,1,-1
2015471503120,1,9,0,18,0,2,0,0,3,11,1,1,6,1,44,7,-1,-1,-1,-1,1,-1
2015471503122,1,9,0,16,0,0,1,0,7,4,1,1,2,2,23,5,998,1,11,-1,1,-1
2015471503124,1,9,0,18,0,0,0,0,0,0,1,1,6,1,25,5,1328,1,12,-1,1,-1
2015471503124,2,9,0,18,0,0,0,0,0,0,2,1,6,2,84,11,1329,1,-1,-1,1,-1
2015471503125,1,9,0,18,0,1,0,0,0,0,1,1,6,2,44,7,1560,2,6,-1,3,-1
2015471503125,2,9,0,3,0,1,0,0,0,0,2,1,6,2,24,5,1596,1,8,-1,3,-1
2015471503126,1,9,0,9,0,5,0,0,0,0,3,1,6,1,85,11,1360,1,8,-1,2,-1
2015471503126,2,5,0,13,0,8,0,0,7,0,1,1,6,1,46,8,999,1,10,-1,1,-1
2015471503129,1,9,0,18,0,1,0,0,0,0,3,1,6,1,57,9,1870,2,7,-1,1,-1
2015471503133,1,9,0,18,0,1,0,0,0,0,4,1,6,3,-1,-1,1796,1,13,-1,-1,-1
2015471503133,2,1,0,4,0,1,0,0,0,0,3,1,6,1,22,5,-1,-1,-1,-1,1,-1
2015471503134,1,19,0,17,0,0,2,0,0,0,1,1,1,1,22,5,2402,2,14,-1,2,-1
2015471503136,1,9,0,18,0,0,2,0,2,7,1,1,6,1,70,10,1124,1,10,-1,1,-1
2015471503137,1,9,0,17,0,0,0,0,1,9,1,1,6,1,53,8,1598,1,11,-1,3,-1
2015471503138,1,9,0,7,0,6,0,0,0,0,3,1,2,1,22,5,1598,1,10,-1,1,-1
2015471503138,2,9,0,18,0,8,0,0,0,0,4,1,2,1,44,7,2184,2,11,-1,1,-1
2015471503143,1,4,0,18,0,4,0,0,0,0,1,1,6,1,24,5,124,1,5,-1,1,-1
2015471503143,2,8,0,18,0,3,0,0,0,0,4,1,1,1,64,9,2143,2,5,-1,1,-1
2015471503144,1,11,0,9,0,5,0,0,0,0,0,1,1,2,48,8,9360,2,2,-1,1,-1
2015471503145,1,9,0,18,0,8,0,0,0,0,1,1,6,1,24,5,1396,1,13,-1,1,-1
2015471503147,1,5,0,16,0,0,0,0,8,10,1,1,6,1,36,7,599,1,12,-1,1,-1
2015471503147,2,9,0,17,0,0,0,0,0,0,1,2,6,1,55,8,-1,-1,-1,-1,-1,-1
2015471503149,1,9,0,9,0,8,0,0,0,0,1,1,6,1,61,9,1973,1,17,-1,-1,-1
2015471503149,2,1,0,18,0,2,0,0,0,0,1,1,6,2,31,6,-1,-1,-1,-1,1,-1
2015471503150,1,5,0,4,0,1,1,0,0,0,1,1,6,1,70,10,1585,1,4,-1,1,-1
2015471503150,2,9,0,4,0,1,0,0,0,0,2,1,6,1,49,8,1997,2,2,-1,1,-1
2015471503151,1,5,0,18,0,1,0,0,0,0,4,1,6,1,61,9,900,1,17,-1,1,-1
2015471503152,1,9,0,18,0,0,0,0,0,0,1,1,6,2,17,4,1124,1,11,-1,2,-1
2015471503152,2,5,0,18,0,0,0,0,0,0,2,1,6,1,54,8,1202,1,1,-1,1,-1
2015471503153,1,9,0,18,0,0,1,0,1,4,1,2,6,1,29,6,1598,1,16,-1,1,-1
2015471503154,1,9,0,7,0,6,0,0,0,0,1,1,6,2,74,10,1995,2,7,-1,3,-1
2015471503154,2,22,0,18,0,8,0,0,0,0,1,1,6,2,71,10,-1,-1,-1,-1,1,-1
2015471503155,1,9,0,13,0,8,0,0,0,0,0,1,1,3,40,7,-1,-1,-1,-1,-1,-1
2015471503155,2,9,0,13,0,8,2,0,1,0,1,1,6,1,24,5,1598,1,12,-1,1,-1
2015471503155,3,9,0,18,0,8,0,0,0,0,0,1,6,1,40,7,-1,-1,-1,-1,-1,-1
2015471503156,1,9,0,18,0,0,0,0,0,0,3,1,6,1,29,6,2171,1,11,-1,1,-1
2015471503156,2,9,0,2,0,0,0,0,0,0,3,1,6,3,-1,-1,1997,2,12,-1,-1,-1
2015471503156,3,19,0,2,9,0,0,0,0,0,2,1,6,3,-1,-1,1870,2,12,-1,-1,-1
2015471503157,1,11,0,18,0,0,0,0,0,0,0,1,1,1,55,8,9000,2,6,-1,1,-1
2015471503158,1,1,0,18,0,0,0,4,0,0,4,1,6,1,47,8,-1,-1,-1,-1,1,-1
2015471503158,2,9,0,2,0,0,0,0,0,0,2,1,6,1,49,8,2188,2,10,-1,2,-1
2015471503159,1,3,0,5,0,3,0,0,0,0,4,1,6,1,71,10,125,1,9,-1,1,-1
2015471503160,1,5,0,12,0,3,0,0,0,0,2,1,6,1,54,8,1340,1,18,-1,1,-1
2015471503160,2,9,0,18,0,3,0,0,0,0,1,1,6,2,23,5,1998,2,9,-1,1,-1
2015471503161,1,9,0,9,0,8,0,0,0,0,3,1,6,1,56,9,1498,1,13,-1,1,-1
2015471503161,2,5,0,18,0,8,0,0,0,0,4,1,6,1,41,7,1584,1,8,-1,1,-1
2015471503163,1,9,0,4,0,1,0,0,0,0,1,1,6,3,-1,-1,-1,-1,-1,-1,-1,-1
2015471503163,2,9,0,10,0,1,0,0,0,0,2,1,6,2,30,6,1997,2,9,-1,1,-1
2015471503164,1,5,0,4,0,0,0,0,0,0,1,1,6,1,43,7,654,1,7,-1,1,-1
2015471503164,2,9,0,3,0,0,0,0,0,0,2,1,6,1,31,6,-1,-1,-1,-1,1,-1
2015471503166,1,9,0,16,0,0,1,0,7,0,1,1,6,1,38,7,3996,1,15,-1,1,-1
2015471503166,2,9,0,18,0,0,2,0,7,0,3,1,6,2,21,5,1149,1,1,-1,1,-1
2015471503166,3,9,0,18,0,0,0,0,0,0,1,1,6,1,36,7,1598,2,1,-1,1,-1
2015471503168,1,9,0,18,0,0,0,0,0,0,1,1,6,1,86,11,1595,1,2,-1,3,-1
2015471503168,2,9,0,2,0,0,0,0,0,0,2,1,6,3,-1,-1,1598,1,13,-1,-1,-1
2015471503168,3,9,0,2,0,0,0,0,0,0,2,1,6,3,-1,-1,1198,1,5,-1,-1,-1
2015471503169,1,19,0,18,0,0,0,0,0,0,1,1,1,1,33,6,1753,2,10,-1,2,-1
2015471503169,2,9,0,3,0,0,0,0,0,0,2,1,6,2,43,7,2198,1,11,-1,1,-1
2015471503169,3,9,0,3,0,0,0,0,0,0,2,1,6,2,41,7,1796,1,7,-1,1,-1
2015471503171,1,11,0,18,0,1,0,0,0,0,3,1,1,1,55,8,8268,2,13,-1,1,-1
2015471503171,2,5,0,11,0,1,0,0,0,0,4,1,6,1,37,7,1043,1,1,-1,3,-1
2015471503171,3,9,0,3,0,1,0,0,0,0,4,1,6,1,23,5,899,1,2,-1,1,-1
2015471503172,1,21,0,18,0,1,0,0,0,0,1,1,1,1,36,7,11021,2,9,-1,1,-1
2015471503172,2,9,0,10,0,1,0,0,0,0,2,1,2,2,39,7,1198,1,4,-1,1,-1
2015471503174,1,5,0,5,0,1,1,0,0,0,4,1,6,1,53,8,1293,1,-1,-1,1,-1
2015471503175,1,21,0,18,0,0,0,11,0,0,1,1,1,1,49,8,10837,2,-1,-1,1,-1
2015471503179,1,9,0,9,0,6,0,0,0,0,1,1,6,3,-1,-1,1598,1,-1,-1,-1,-1
2015471503179,2,2,0,18,0,8,0,0,0,0,2,1,6,1,16,4,-1,-1,-1,-1,1,-1
2015471503183,1,9,0,4,0,4,0,0,0,0,1,1,6,1,50,8,1391,1,14,-1,1,-1
2015471503183,2,9,0,4,0,4,0,0,0,0,2,1,6,1,35,6,1896,2,13,-1,3,-1
2015471503185,1,19,0,16,0,0,0,0,0,0,1,1,1,1,30,6,2500,2,7,-1,1,-1
2015471503185,2,21,1,16,0,0,0,0,0,0,2,1,1,1,33,6,12777,2,2,-1,1,-1
2015471503187,1,3,0,15,0,0,0,0,0,0,3,1,6,1,17,4,125,1,4,-1,1,-1
2015471503187,2,9,0,9,0,0,0,0,0,0,1,1,6,1,60,9,1998,1,21,-1,1,-1
2015471503187,3,19,0,3,0,0,0,0,0,0,0,1,6,1,33,6,2198,2,7,-1,1,-1
2015471503189,1,9,0,15,0,1,0,0,0,0,0,1,6,3,-1,-1,-1,-1,-1,-1,-1,-1
2015471503189,2,11,0,18,0,1,0,0,0,0,0,1,1,1,33,6,4580,2,8,-1,1,-1
2015471503192,1,9,0,9,0,4,0,0,0,0,3,1,6,1,48,8,1199,1,12,-1,1,-1
2015471503192,2,9,0,18,0,8,0,0,0,0,1,1,6,1,48,8,-1,-1,-1,-1,1,-1
2015471503195,1,9,0,13,0,8,0,0,0,0,4,1,2,2,49,8,2494,1,15,-1,1,-1
2015471503195,2,2,0,18,0,8,0,0,0,0,3,1,6,2,21,5,49,1,9,-1,3,-1
2015471503196,1,1,0,18,0,6,0,0,0,0,1,1,6,1,16,4,-1,-1,-1,-1,1,-1
2015471503196,2,9,0,18,0,1,0,0,0,0,1,1,2,2,29,6,1560,2,2,-1,1,-1
2015471503197,1,9,0,4,0,6,0,0,0,0,1,1,6,1,50,8,1598,1,17,-1,1,-1
2015471503197,2,9,0,9,0,6,0,0,0,0,2,1,6,2,50,8,1390,1,17,-1,1,-1
2015471503199,1,9,0,18,0,0,0,4,0,0,1,1,2,1,34,6,-1,-1,-1,-1,3,-1
2015471503199,2,19,0,2,0,0,0,0,1,0,2,1,6,3,-1,-1,2402,2,11,-1,-1,-1
2015471503199,3,9,0,2,0,0,0,0,0,0,2,1,6,3,-1,-1,1590,1,13,-1,-1,-1
2015471503200,1,9,0,18,0,1,0,0,0,0,1,1,6,1,59,9,1798,1,7,-1,2,-1
2015471503200,2,9,0,4,0,1,0,0,0,0,2,1,2,2,51,8,2179,2,1,-1,3,-1
2015471503201,1,2,0,13,0,1,0,0,0,0,4,1,6,1,16,4,49,1,1,-1,1,-1
2015471503201,2,9,0,9,0,1,0,0,0,0,3,1,6,1,33,6,1560,2,7,-1,1,-1
2015471503205,1,9,0,18,0,0,0,0,0,0,1,1,6,2,50,8,1461,2,5,-1,1,-1
2015471503208,1,3,0,9,0,6,0,0,0,0,3,1,6,1,18,4,125,1,18,-1,3,-1
2015471503208,2,9,0,18,0,1,0,0,0,0,1,1,2,1,48,8,1956,2,2,-1,1,-1
2015471503209,1,9,0,16,0,1,0,0,7,0,1,1,6,1,34,6,1951,2,13,-1,2,-1
2015471503210,1,9,0,18,0,0,0,0,0,0,3,1,1,1,37,7,-1,-1,-1,-1,1,-1
2015471503211,1,9,0,5,0,0,0,0,0,0,1,1,6,1,84,11,1339,1,2,-1,2,-1
2015471503213,1,9,0,3,0,2,0,0,0,0,1,1,6,1,18,4,1390,1,13,-1,3,-1
2015471503213,2,9,0,3,0,2,0,0,0,0,2,1,6,2,18,4,1199,1,15,-1,3,-1
2015471503217,1,19,0,4,0,1,0,0,0,0,1,1,1,1,53,8,2198,2,6,-1,1,-1
2015471503217,2,9,0,9,0,1,0,0,7,0,1,1,1,1,53,8,1229,1,3,-1,2,-1
2015471503219,1,9,0,5,0,8,0,0,0,0,1,1,6,2,62,9,996,1,1,-1,1,-1
2015471503219,2,1,0,4,0,8,0,0,0,0,1,1,2,2,44,7,-1,-1,-1,-1,1,-1
2015471503222,1,9,0,18,0,1,0,0,0,0,1,1,6,1,45,7,1968,2,2,-1,-1,-1
2015471503222,2,9,0,3,0,2,0,0,0,0,0,1,6,2,38,7,1997,2,11,-1,1,-1
2015471503222,3,9,0,3,0,2,0,0,0,0,1,1,6,2,61,9,1240,1,10,-1,1,-1
2015471503223,1,5,0,18,0,0,0,0,0,0,1,1,6,1,70,10,500,1,55,-1,1,-1
2015471503224,1,4,0,13,0,1,0,0,0,0,1,1,6,1,41,7,124,1,5,-1,1,-1
2015471503224,2,9,0,9,0,1,0,0,0,0,3,1,6,2,20,4,1388,1,11,-1,2,-1
2015471503225,1,19,0,18,0,6,0,0,0,0,1,1,1,1,32,6,2198,2,2,-1,2,-1
2015471503225,2,8,0,10,0,1,0,0,0,0,2,1,1,1,47,8,1560,2,6,-1,1,-1
2015471503226,1,1,0,18,0,8,1,0,1,0,1,1,6,1,14,3,-1,-1,-1,-1,1,-1
2015471503226,2,19,0,18,0,8,0,0,0,0,3,1,6,1,27,6,1896,2,8,-1,1,-1
2015471503227,1,9,0,4,0,1,0,0,0,0,1,1,6,2,31,6,1988,1,12,-1,1,-1
2015471503227,2,9,0,3,0,1,0,0,0,0,2,1,6,2,30,6,1596,1,10,-1,1,-1
2015471503227,3,9,0,9,0,1,0,0,0,0,0,1,6,1,-1,-1,-1,-1,-1,-1,-1,-1
2015471503228,1,9,0,5,0,4,0,0,0,0,1,1,2,2,26,6,1598,1,14,-1,1,-1
2015471503228,2,1,0,5,0,4,0,0,0,0,2,1,2,1,34,6,-1,-1,-1,-1,1,-1
2015471503229,1,9,0,18,0,4,0,0,0,0,1,1,6,1,21,5,1242,1,15,-1,1,-1
2015471503229,2,9,0,4,0,4,0,0,0,0,2,1,6,2,21,5,1242,1,6,-1,2,-1
2015471503231,1,9,0,9,0,6,0,0,0,0,3,1,6,2,20,4,998,1,7,-1,1,-1
2015471503231,2,9,0,18,0,1,0,0,0,0,1,1,6,2,62,9,1199,1,13,-1,1,-1
2015471503233,1,1,0,11,0,2,0,0,0,0,2,1,6,1,12,3,-1,-1,-1,-1,1,-1
2015471503233,2,5,0,18,0,2,0,0,0,0,1,1,2,1,41,7,645,1,8,-1,1,-1
2015471503234,1,9,0,18,0,1,0,0,0,0,1,1,6,1,60,9,1968,2,7,-1,1,-1
2015471503234,2,5,0,4,0,1,0,0,0,0,2,1,6,1,47,8,998,1,8,-1,1,-1
2015471503235,1,19,0,4,0,0,0,0,0,0,0,1,2,1,28,6,2488,2,1,-1,3,-1
2015471503235,2,9,0,4,0,0,0,0,0,0,2,1,6,2,45,7,2179,2,-1,-1,2,-1
2015471503237,1,19,0,18,0,0,0,0,7,11,3,1,1,1,35,6,1868,2,11,-1,1,-1
2015471503240,1,9,5,18,0,1,0,0,0,0,1,1,6,1,20,4,1762,1,18,-1,1,-1
2015471503240,2,9,0,18,0,1,0,0,0,0,2,1,6,2,37,7,2698,2,8,-1,1,-1
2015471503241,1,8,0,18,0,0,0,0,0,0,1,1,6,1,35,6,-1,-1,-1,-1,-1,-1
2015471503246,1,9,0,9,0,4,0,0,0,0,3,1,6,2,46,8,1598,1,7,-1,1,-1
2015471503246,2,9,0,18,0,8,0,0,0,0,2,1,2,1,31,6,1598,2,3,-1,1,-1
2015471503247,1,9,0,18,0,0,0,0,0,0,1,1,1,2,20,4,1598,1,7,-1,1,-1
2015471503247,2,9,0,18,0,0,0,0,0,0,2,1,1,1,25,5,1600,1,15,-1,1,-1
2015471503247,3,9,0,4,0,0,0,0,0,0,2,1,1,2,49,8,998,1,6,-1,1,-1
2015471503247,4,5,0,4,0,0,0,0,0,0,2,1,6,1,53,8,1731,1,5,-1,1,-1
2015471503248,1,9,0,18,0,0,0,0,0,0,1,1,6,1,30,6,1396,1,12,-1,1,-1
2015471503248,2,19,0,3,0,0,0,0,0,0,2,1,1,1,55,8,2494,2,8,-1,1,-1
2015471503249,1,5,0,18,0,1,0,0,0,0,1,1,6,1,51,8,1215,1,1,-1,2,-1
2015471503249,2,9,0,5,0,8,0,0,0,0,2,1,1,1,56,9,2495,2,14,-1,3,-1
2015471503249,3,9,0,18,0,2,0,0,0,0,0,1,6,1,50,8,-1,-1,-1,-1,3,-1
2015471503251,1,9,0,7,0,6,0,0,0,0,1,1,6,1,77,11,1598,1,14,-1,1,-1
2015471503251,2,9,0,7,0,6,0,0,0,0,2,1,6,2,52,8,1242,1,6,-1,1,-1
2015471503252,1,9,0,1,0,0,0,0,0,0,2,1,6,2,66,10,1248,1,2,-1,1,-1
2015471503252,2,5,0,18,0,0,0,0,0,0,1,1,6,1,69,10,1255,1,6,-1,3,-1
2015471503253,1,9,0,18,0,4,0,0,0,0,1,1,6,2,30,6,-1,-1,-1,-1,-1,-1
2015471503253,2,9,0,18,0,4,0,0,0,0,2,1,6,2,50,8,1400,1,15,-1,1,-1
2015471503254,1,3,0,18,0,1,0,0,0,0,1,1,6,1,18,4,124,1,7,-1,2,-1
2015471503254,2,9,0,9,0,1,0,0,0,0,3,1,3,1,51,8,1995,2,9,-1,1,-1
2015471503255,1,9,0,5,8,0,0,0,1,0,3,1,6,2,83,11,1984,1,14,-1,3,-1
2015471503255,2,9,0,18,0,0,1,0,0,0,1,1,6,2,67,10,998,1,9,-1,3,-1
2015471503256,1,9,0,13,0,0,0,0,0,0,4,1,6,2,35,6,2400,2,6,-1,1,-1
2015471503256,2,1,0,18,0,0,0,0,0,0,4,1,6,1,44,7,-1,-1,-1,-1,1,-1
2015471503257,1,9,0,16,0,3,0,0,0,0,0,1,6,3,-1,-1,-1,-1,-1,-1,-1,-1
2015471503257,2,5,0,16,0,3,1,0,0,0,4,1,2,1,31,6,680,1,9,-1,2,-1
2015471503259,1,3,0,15,0,2,0,0,0,0,1,1,6,1,18,4,124,1,1,-1,1,-1
2015471503259,2,9,0,10,0,5,0,0,0,0,1,1,6,1,51,8,1995,2,13,-1,1,-1
2015471503259,3,9,0,2,0,8,0,0,0,0,2,1,6,3,-1,-1,1598,1,-1,-1,-1,-1
2015471503260,1,9,0,18,0,1,0,0,0,0,0,1,6,3,-1,-1,-1,-1,-1,-1,-1,-1
2015471503260,2,8,0,18,0,2,0,0,1,1,1,1,6,1,60,9,2664,2,16,-1,1,-1
2015471503262,1,1,0,7,0,6,0,0,0,0,1,1,6,1,12,3,-1,-1,-1,-1,1,-1
2015471503262,2,9,0,18,0,1,0,0,0,0,4,1,6,2,51,8,1086,1,8,-1,1,-1
2015471503264,1,9,0,17,9,0,2,0,7,4,1,1,6,2,27,6,1895,1,14,-1,1,-1
2015471503266,1,9,0,18,0,8,0,0,0,0,1,1,2,1,47,8,1968,2,7,-1,1,-1
2015471503266,2,9,0,7,0,5,0,0,1,1,2,1,1,2,47,8,998,1,5,-1,3,-1
2015471503269,1,9,0,11,0,3,0,0,0,0,4,1,6,1,45,7,1968,2,9,-1,1,-1
2015471503269,2,9,0,18,0,3,0,0,0,0,3,1,6,1,23,5,1896,2,14,-1,1,-1
2015471503270,1,9,0,9,0,6,0,0,0,0,1,1,6,2,44,7,1390,1,18,-1,1,-1
2015471503271,1,1,0,18,0,0,0,0,0,0,1,1,6,1,50,8,-1,-1,-1,-1,1,-1
2015471503271,2,9,0,18,0,0,0,0,0,0,3,1,6,1,64,9,2982,2,16,-1,1,-1
2015471503271,3,11,0,18,0,0,0,0,0,0,3,2,6,3,50,8,-1,-1,-1,-1,-1,-1
2015471503272,1,9,0,16,0,0,1,0,0,0,4,1,1,1,34,6,1248,1,6,-1,2,-1
2015471503272,2,9,0,17,0,0,0,0,0,0,3,1,1,1,69,10,-1,-1,-1,-1,3,-1
2015471503273,1,19,0,9,0,4,0,0,0,0,3,1,6,1,28,6,2198,2,4,-1,3,-1
2015471503273,2,1,0,18,0,4,0,0,0,0,1,1,2,1,58,9,-1,-1,-1,-1,2,-1
2015471503278,1,9,0,5,0,0,0,0,0,0,1,1,6,2,45,7,1198,1,-1,-1,1,-1
2015471503278,2,5,0,18,0,0,1,0,0,0,1,1,2,1,23,5,997,1,10,-1,1,-1
2015471503280,1,5,0,18,0,0,1,0,0,0,1,1,6,1,57,9,1170,1,8,-1,1,-1
2015471503280,2,9,0,4,0,0,0,0,0,0,2,1,6,2,27,6,1240,1,11,-1,1,-1
2015471503281,1,9,0,17,0,0,1,0,1,0,2,1,2,1,25,5,-1,-1,-1,-1,-1,-1
2015471503281,2,20,0,16,0,0,0,0,0,0,1,1,1,1,43,7,3920,2,14,-1,1,-1
2015471503282,1,9,0,18,0,0,0,0,7,10,1,1,6,1,74,10,1794,1,13,-1,1,-1
2015471503282,2,9,0,18,0,0,0,0,0,0,1,1,6,2,44,7,1560,2,2,-1,1,-1
2015471503284,1,20,0,7,0,8,0,0,0,0,4,1,6,1,38,7,3920,2,10,-1,1,-1
2015471503285,1,9,0,18,0,0,1,0,0,0,1,1,6,2,27,6,1596,1,12,-1,1,-1
2015471503285,2,9,0,18,0,0,0,0,1,2,3,1,6,1,51,8,2000,2,11,-1,1,-1
2015471503285,3,9,0,2,0,0,0,0,0,0,1,1,6,3,-1,-1,1896,2,11,-1,-1,-1
2015471503285,4,9,0,2,0,0,0,0,0,0,2,1,6,3,-1,-1,1986,2,10,-1,-1,-1
2015471503287,1,22,0,13,9,0,0,0,0,0,0,1,6,1,80,11,-1,-1,-1,-1,-1,-1
2015471503288,1,9,0,18,0,2,1,0,1,0,3,1,1,2,24,5,-1,-1,-1,-1,1,-1
2015471503288,2,9,0,18,0,1,0,0,0,0,4,1,1,2,45,7,1108,1,7,-1,3,-1
2015471503290,1,19,0,7,0,1,0,0,0,0,1,1,2,1,38,7,2198,2,1,-1,2,-1
2015471503290,2,9,0,10,0,1,0,0,0,0,1,1,6,2,29,6,1598,1,10,-1,1,-1
2015471503291,1,19,0,18,0,1,0,0,0,0,1,1,1,1,49,8,2464,2,6,-1,1,-1
2015471503291,2,8,0,18,0,1,0,0,0,0,2,1,1,1,55,8,1560,2,1,-1,1,-1
2015471503291,3,19,0,18,0,1,0,0,0,0,2,1,1,1,30,6,1968,2,2,-1,1,-1
2015471503292,1,9,0,9,0,6,0,0,0,0,1,1,6,1,49,8,1997,2,14,-1,1,-1
2015471503296,1,9,0,16,0,0,1,0,7,2,4,1,2,2,23,5,1124,1,12,-1,1,-1
2015471503297,1,19,0,9,0,6,0,0,0,0,1,1,6,1,19,4,1753,2,12,-1,1,-1
2015471503297,2,1,0,18,0,1,0,0,0,0,1,1,6,1,19,4,-1,-1,-1,-1,2,-1
2015471503300,1,9,0,6,0,3,0,0,0,0,3,1,6,2,54,8,1598,1,15,-1,2,-1
2015471503300,2,1,0,4,0,4,0,0,0,0,1,1,6,1,33,6,-1,-1,-1,-1,1,-1
2015471503301,1,9,0,18,0,0,0,4,0,0,1,1,6,2,75,10,1329,1,6,-1,1,-1
2015471503301,2,19,4,2,0,0,0,0,0,0,2,1,6,1,41,7,2198,2,1,-1,1,-1
2015471503302,1,9,0,4,0,1,0,0,0,0,1,1,6,1,21,5,1388,1,13,-1,3,-1
2015471503302,2,9,0,4,0,1,0,0,0,0,2,1,6,1,62,9,1598,1,-1,-1,1,-1
2015471503303,1,19,0,7,0,8,0,0,0,0,1,1,1,1,45,7,2148,2,6,-1,1,-1
2015471503303,2,1,0,18,0,8,0,0,0,0,1,1,2,1,46,8,-1,-1,-1,-1,1,-1
2015471503304,1,9,0,9,0,2,0,0,0,0,1,1,2,2,33,6,1968,2,11,-1,1,-1
2015471503306,1,9,0,18,0,0,0,0,0,0,1,1,6,1,45,7,1560,2,-1,-1,-1,-1
2015471503306,2,9,0,3,0,0,0,0,0,0,2,1,6,2,24,5,1339,1,9,-1,1,-1
2015471503307,1,8,0,1,0,1,0,0,0,4,2,1,1,1,64,9,1998,2,8,-1,1,-1
2015471503308,1,5,0,18,0,8,0,0,0,0,3,1,6,1,29,6,1200,1,13,-1,3,-1
2015471503308,2,9,0,18,0,8,0,0,0,0,2,1,6,2,50,8,1796,1,9,-1,1,-1
2015471503309,1,19,0,9,0,0,0,0,0,0,1,1,1,1,22,5,2400,2,10,-1,3,-1
2015471503309,2,9,0,18,0,0,0,0,0,0,1,1,6,1,54,8,2993,2,2,-1,-1,-1
2015471503310,1,19,0,17,0,0,1,0,1,4,1,1,6,1,31,6,2463,2,10,-1,1,-1
2015471503314,1,9,0,9,0,6,0,0,0,0,3,1,6,1,59,9,2993,2,5,-1,1,-1
2015471503314,2,1,0,18,0,8,0,0,0,0,1,1,2,1,24,5,-1,-1,-1,-1,1,-1
2015471503315,1,8,0,18,0,1,0,0,0,0,3,1,1,1,62,9,2143,2,1,-1,1,-1
2015471503317,1,9,0,18,0,3,1,0,1,2,3,1,1,1,28,6,1149,1,12,-1,1,-1
2015471503318,1,5,0,17,0,0,0,0,1,9,1,1,6,1,39,7,1301,1,-1,-1,1,-1
2015471503321,1,1,0,4,0,2,0,10,1,0,1,1,6,2,38,7,-1,-1,-1,-1,1,-1
2015471503322,1,9,0,18,0,0,0,0,0,0,4,1,6,2,41,7,-1,-1,-1,-1,1,-1
2015471503325,1,9,0,9,9,1,0,0,0,0,1,1,6,1,30,6,1839,1,20,-1,3,-1
2015471503325,2,9,0,18,0,1,0,0,0,0,1,1,6,1,51,8,1900,2,9,-1,1,-1
2015471503326,1,1,0,18,0,8,0,0,0,0,3,1,6,1,17,4,-1,-1,-1,-1,3,-1
2015471503326,2,9,0,18,0,8,0,0,0,0,1,1,6,3,30,6,-1,-1,-1,-1,-1,-1
2015471503327,1,19,0,5,0,6,0,0,0,0,1,1,6,1,40,7,1896,2,9,-1,1,-1
2015471503327,2,9,0,18,0,1,0,0,0,0,1,1,6,1,55,8,1324,1,30,-1,2,-1
2015471503329,1,19,0,18,0,1,0,0,0,0,1,1,1,2,27,6,2287,2,8,-1,1,-1
2015471503329,2,9,0,18,0,1,0,0,0,0,3,1,6,1,64,9,2198,2,7,-1,1,-1
2015471503331,1,9,0,18,0,8,1,0,7,2,1,1,2,1,26,6,1242,1,16,-1,1,-1