Accident_Index,Vehicle_Reference,Vehicle_Type,Towing_and_Articulation,Vehicle_Manoeuvre,Vehicle_Location-Restricted_Lane,Junction_Location,Skidding_and_Overturning,Hit_Object_in_Carriageway,Vehicle_Leaving_Carriageway,Hit_Object_off_Carriageway,1st_Point_of_Impact,Was_Vehicle_Left_Hand_Drive?,Journey_Purpose_of_Driver,Sex_of_Driver,Age_of_Driver,Age_Band_of_Driver,Engine_Capacity_(CC),Propulsion_Code,Age_of_Vehicle,Driver_IMD_Decile,Driver_Home_Area_Type,Vehicle_IMD_Decile
2015471503331,2,9,0,18,0,8,0,0,1,0,3,1,6,1,50,8,1390,1,13,-1,1,-1
2015471503333,1,9,0,18,0,0,0,0,0,0,1,1,6,2,50,8,-1,-1,-1,-1,-1,-1
2015471503344,1,9,0,18,0,0,0,0,0,0,1,1,6,1,54,8,1560,2,2,-1,1,-1
2015471503344,2,9,0,18,0,0,0,0,0,0,2,1,6,2,26,6,1299,1,13,-1,1,-1
2015471503344,3,9,0,18,0,0,0,0,0,0,2,1,6,1,17,4,1242,1,8,-1,1,-1
2015471503346,1,9,0,18,0,0,1,0,0,0,1,1,6,1,29,6,1910,2,7,-1,1,-1
2015471503346,2,9,0,3,0,0,0,0,0,0,3,1,6,1,65,9,1390,1,8,-1,2,-1
2015471503346,3,9,0,3,0,0,0,0,0,0,2,1,6,2,58,9,1086,1,11,-1,1,-1
2015471503346,4,9,0,3,0,0,0,0,0,0,2,1,6,1,52,8,1339,1,2,-1,1,-1
2015471503346,5,9,0,3,0,0,0,0,0,0,2,1,6,1,43,7,1686,2,5,-1,3,-1
2015471503347,1,9,0,16,0,0,1,0,7,9,1,1,1,2,22,5,1242,1,16,-1,1,-1
2015471503348,1,8,0,18,0,1,0,0,0,0,0,1,1,1,47,8,1896,2,6,-1,1,-1
2015471503350,1,9,0,18,0,1,0,0,0,0,1,1,6,2,32,6,1995,2,4,-1,1,-1
2015471503350,2,9,0,11,0,1,0,0,0,0,2,1,6,2,18,4,1124,1,13,-1,1,-1
2015471503350,3,9,0,10,0,1,0,0,0,0,0,1,6,1,-1,-1,-1,-1,-1,-1,-1,-1
2015471503351,1,9,0,18,0,0,5,0,8,2,1,1,6,1,72,10,1198,1,-1,-1,1,-1
2015471503352,1,20,0,18,0,0,0,0,1,4,1,1,6,1,24,5,2496,2,19,-1,1,-1
2015471503352,2,9,0,18,0,0,0,0,0,0,2,1,1,1,37,7,2993,2,1,-1,1,-1
2015471503352,3,9,0,18,0,0,0,0,0,0,4,1,1,1,45,7,2993,2,3,-1,1,-1
2015471503352,4,9,0,18,0,0,0,0,0,0,1,1,1,1,32,6,1984,1,1,-1,1,-1
2015471503353,1,19,0,18,0,4,0,0,0,0,1,1,6,3,-1,-1,-1,-1,-1,-1,-1,-1
2015471503353,2,9,0,3,0,4,0,0,0,0,2,1,6,2,60,9,996,1,2,-1,1,-1
2015471503354,1,9,0,4,0,1,0,0,0,0,1,1,6,1,71,10,1598,1,8,-1,2,-1
2015471503354,2,9,0,4,0,1,0,0,0,0,2,1,6,2,20,4,1390,1,13,-1,1,-1
2015471503355,1,9,0,6,0,8,0,0,0,0,3,1,1,2,25,5,2435,1,14,-1,1,-1
2015471503355,2,9,3,18,0,8,0,0,0,0,1,1,6,1,72,10,2204,2,7,-1,1,-1
2015471503356,1,9,0,13,0,0,0,0,0,0,0,1,6,3,-1,-1,-1,-1,-1,-1,-1,-1
2015471503356,2,1,0,18,0,0,0,0,1,11,1,1,6,1,58,9,-1,-1,-1,-1,2,-1
2015471503357,1,9,0,7,0,1,0,0,0,0,1,1,6,1,27,6,1400,1,16,-1,1,-1
2015471503357,2,9,0,18,0,1,0,0,0,0,2,1,6,2,33,6,1461,2,1,-1,1,-1
2015471503358,1,9,0,18,0,0,0,0,0,0,1,1,2,1,20,4,1598,1,12,-1,2,-1
2015471503358,2,9,0,4,0,0,0,0,0,0,2,1,2,1,24,5,1753,2,7,-1,3,-1
2015471503358,3,19,0,5,0,0,0,0,0,0,0,1,6,1,30,6,-1,-1,-1,-1,-1,-1
2015471503358,4,21,0,2,0,0,0,0,0,0,0,1,6,3,-1,-1,8970,2,18,-1,-1,-1
2015471503359,1,9,0,5,0,1,0,0,0,0,1,1,1,1,44,7,-1,-1,-1,-1,1,-1
2015471503361,1,9,0,1,0,0,0,0,0,0,2,1,1,1,41,7,1968,2,3,-1,1,-1
2015471503361,2,9,0,18,0,0,0,0,0,0,0,1,6,1,-1,-1,-1,-1,-1,-1,-1,-1
2015471503362,1,19,0,18,0,1,0,0,0,0,4,1,1,1,50,8,1753,2,9,-1,1,-1
2015471503362,2,1,0,18,4,1,1,0,0,0,1,1,6,1,30,6,-1,-1,-1,-1,3,-1
2015471503364,1,9,0,3,0,1,0,0,0,0,1,1,6,2,50,8,1598,1,13,-1,1,-1
2015471503364,2,9,0,3,0,1,0,0,0,0,2,1,6,2,63,9,1197,1,4,-1,-1,-1
2015471503365,1,9,0,7,0,6,0,0,0,0,1,1,6,2,61,9,1242,1,16,-1,3,-1
2015471503365,2,9,0,18,0,1,1,0,0,0,1,1,6,2,52,8,1149,1,16,-1,3,-1
2015471503367,1,9,0,9,0,1,1,0,0,0,1,1,6,1,35,6,1840,1,17,-1,1,-1
2015471503369,1,9,0,18,0,1,0,0,0,0,3,1,6,2,70,10,1598,1,13,-1,1,-1
2015471503369,2,1,0,9,0,1,0,0,0,0,1,1,6,1,17,4,-1,-1,-1,-1,1,-1
2015471503370,1,1,0,18,9,8,0,0,0,0,2,1,6,1,12,3,-1,-1,-1,-1,1,-1
2015471503370,2,19,0,4,0,4,1,0,0,0,2,1,1,1,32,6,1968,2,3,-1,1,-1
2015471503373,1,9,0,18,0,0,0,0,0,0,3,1,6,1,85,11,1798,1,9,-1,1,-1
2015471503373,2,1,0,18,0,0,0,0,0,0,2,1,6,1,24,5,-1,-1,-1,-1,1,-1
2015471503373,3,1,0,18,0,0,0,0,0,0,2,1,6,2,28,6,-1,-1,-1,-1,1,-1
2015471503374,1,9,0,5,9,6,0,0,0,0,4,1,6,2,67,10,1248,1,6,-1,1,-1
2015471503375,1,19,0,18,0,0,0,0,0,0,1,1,6,1,25,5,1598,2,1,-1,1,-1
2015471503375,2,19,0,18,0,0,0,0,0,0,1,1,6,1,59,9,2287,2,8,-1,1,-1
2015471503376,1,9,0,9,0,5,0,0,0,0,1,1,6,1,25,5,998,1,14,-1,1,-1
2015471503376,2,9,0,18,0,8,0,0,1,0,1,1,6,1,42,7,-1,-1,-1,-1,1,-1
2015471503377,1,9,0,6,0,0,0,0,0,0,1,1,6,1,51,8,973,1,14,-1,1,-1
2015471503377,2,5,0,14,0,0,0,0,0,0,4,1,2,1,34,6,1250,1,14,-1,1,-1
2015471503379,1,9,0,18,0,0,0,0,0,0,1,1,6,2,35,6,2204,2,7,-1,1,-1
2015471503379,2,9,0,4,0,0,0,0,0,0,2,1,6,1,42,7,1753,2,8,-1,1,-1
2015471503381,1,9,0,13,0,0,0,0,0,0,4,1,2,1,27,6,1368,1,6,-1,1,-1
2015471503382,1,9,0,18,0,0,0,0,7,11,1,1,6,2,62,9,1560,2,-1,-1,2,-1
2015471503383,1,9,4,5,0,0,0,0,0,0,3,1,6,1,58,9,2830,2,19,-1,1,-1
2015471503383,2,9,0,3,0,0,0,0,0,0,3,1,6,2,34,6,1968,2,8,-1,1,-1
2015471503384,1,21,0,5,0,2,0,0,0,0,0,1,1,1,39,7,4580,2,9,-1,-1,-1
2015471503384,2,9,0,18,0,2,1,0,0,0,0,1,2,1,53,8,1199,1,13,-1,3,-1
2015471503384,3,9,0,18,0,2,1,0,1,0,1,1,2,2,24,5,-1,-1,-1,-1,1,-1
2015471503384,4,21,0,18,0,2,1,0,0,0,1,1,1,1,51,8,11021,2,9,-1,1,-1
2015471503385,1,90,0,17,0,0,0,0,1,10,1,1,6,1,69,10,2499,2,16,-1,1,-1
2015471503386,1,9,0,6,0,0,0,0,0,0,3,1,6,2,40,7,2993,2,11,-1,1,-1
2015471503386,2,9,0,18,0,0,0,0,0,0,1,1,6,2,71,10,1800,1,8,-1,1,-1
2015471503388,1,9,0,18,0,3,0,0,0,0,1,1,6,2,50,8,3311,8,7,-1,1,-1
2015471503388,2,9,0,18,0,3,0,0,0,0,1,1,6,2,31,6,1560,2,5,-1,3,-1
2015471503389,1,9,0,18,0,4,0,0,0,0,1,1,6,2,48,8,2295,1,14,-1,1,-1
2015471503389,2,1,0,9,0,8,0,0,0,0,1,1,6,1,30,6,-1,-1,-1,-1,1,-1
2015471503390,1,8,0,18,2,8,0,0,0,0,1,1,1,1,31,6,1910,2,6,-1,1,-1
2015471503395,1,9,0,4,0,0,0,0,0,0,1,1,2,2,19,4,1299,1,15,-1,1,-1
2015471503395,2,9,0,4,0,0,0,0,0,0,0,1,2,1,54,8,1242,1,18,-1,1,-1
2015471503395,3,9,0,3,0,0,0,0,0,0,0,1,1,1,28,6,1997,2,2,-1,1,-1
2015471503395,4,9,0,3,0,0,0,0,0,0,0,1,1,1,35,6,1997,2,1,-1,1,-1
2015471503401,1,9,0,13,0,8,0,0,7,11,1,1,6,1,54,8,1796,1,9,-1,1,-1
2015471503401,2,9,0,18,0,8,0,0,0,0,0,1,6,3,-1,-1,-1,-1,-1,-1,-1,-1
2015471503402,1,9,0,18,0,8,0,0,0,0,1,1,6,1,31,6,1398,8,2,-1,1,-1
2015471503402,2,1,0,18,0,8,0,0,0,0,4,1,6,2,41,7,-1,-1,-1,-1,1,-1
2015471503403,1,5,0,18,0,0,1,0,0,0,1,1,6,1,20,4,689,1,-1,-1,1,-1
2015471503403,2,5,0,18,0,0,1,0,0,0,2,1,6,1,23,5,749,1,18,-1,1,-1
2015471503403,3,5,0,4,0,0,1,0,0,0,1,1,6,1,25,5,749,1,4,-1,2,-1
2015471503403,4,5,0,4,0,0,0,0,0,0,2,1,6,1,21,5,599,1,19,-1,1,-1
2015471503404,1,1,0,18,0,8,0,0,0,0,1,1,6,1,15,3,-1,-1,-1,-1,-1,-1
2015471503404,2,9,0,18,0,8,0,0,0,0,4,1,6,1,28,6,1598,1,8,-1,1,-1
2015471503405,1,9,0,17,0,0,0,0,1,4,1,1,6,1,18,4,998,1,14,-1,3,-1
2015471503406,1,9,0,5,0,6,0,0,0,0,1,1,6,1,19,4,1242,1,10,-1,1,-1
2015471503406,2,9,0,18,0,8,0,0,7,0,4,1,6,1,39,7,1984,1,11,-1,1,-1
2015471503407,1,9,0,18,0,0,0,0,0,0,1,1,6,2,33,6,1360,1,13,-1,1,-1
2015471503407,2,9,0,4,0,0,0,0,0,0,2,1,2,2,27,6,698,1,12,-1,1,-1
2015471503410,1,1,0,18,0,0,1,10,1,0,4,1,6,1,40,7,-1,-1,-1,-1,-1,-1
2015471503411,1,9,0,7,0,8,0,0,0,0,1,1,6,2,52,8,-1,-1,-1,-1,1,-1
2015471503411,2,9,0,3,0,8,0,0,0,0,2,1,6,2,23,5,1299,1,10,-1,1,-1
2015471503412,1,9,0,5,0,1,0,0,0,0,1,1,6,2,30,6,1968,2,1,-1,1,-1
2015471503412,2,4,0,10,0,1,0,0,0,0,3,1,6,1,53,8,244,1,6,-1,1,-1
2015471503415,1,2,0,18,0,0,0,0,0,0,1,1,6,1,16,4,49,1,11,-1,1,-1
2015471503415,2,9,0,2,0,0,0,0,0,0,4,1,6,2,42,7,1587,1,13,-1,1,-1
2015471503418,1,9,0,2,0,0,0,0,0,0,0,1,6,1,-1,-1,-1,-1,-1,-1,-1,-1
2015471503418,2,11,0,18,0,0,0,0,0,0,0,1,1,1,52,8,9000,2,6,-1,1,-1
2015471503420,1,9,0,9,0,2,0,0,0,0,1,1,3,1,17,4,1242,1,13,-1,1,-1
2015471503420,2,1,0,4,0,1,0,0,0,0,1,1,6,2,48,8,-1,-1,-1,-1,1,-1
2015471503423,1,9,0,18,0,8,0,0,0,0,4,1,6,1,90,11,1389,1,18,-1,2,-1
2015471503423,2,3,0,18,0,8,0,0,0,0,1,1,6,1,25,5,124,1,8,-1,2,-1
2015471503424,1,1,0,18,4,1,0,0,0,0,1,1,6,1,36,7,-1,-1,-1,-1,1,-1
2015471503425,1,1,0,18,0,0,0,0,4,0,1,1,6,1,11,3,-1,-1,-1,-1,1,-1
2015471503425,2,9,0,18,0,0,0,0,0,0,1,1,6,1,19,4,1229,1,10,-1,1,-1
2015471503427,1,9,0,18,0,0,0,0,0,0,1,1,6,1,61,9,1197,1,-1,-1,1,-1
2015471503427,2,9,0,18,0,0,0,0,1,2,1,1,6,1,30,6,-1,-1,-1,-1,1,-1
2015471503428,1,19,0,18,0,0,1,4,0,0,1,1,2,1,52,8,1968,2,2,-1,1,-1
2015471503428,2,9,0,2,0,0,0,0,0,0,2,1,6,3,-1,-1,1998,1,12,-1,-1,-1
2015471503428,3,19,0,18,0,0,1,0,0,0,1,1,2,1,41,7,1968,2,2,-1,1,-1
2015471503430,1,9,0,7,0,5,0,0,0,0,4,1,2,1,53,8,1997,2,7,-1,1,-1
2015471503430,2,1,0,18,4,1,0,0,0,0,1,1,2,2,25,5,-1,-1,-1,-1,1,-1
2015471503431,1,9,0,2,0,0,0,0,0,0,3,1,6,1,57,9,1589,1,19,-1,1,-1
2015471503431,2,1,0,18,0,0,0,0,0,0,1,1,2,1,16,4,-1,-1,-1,-1,-1,-1
2015471503432,1,9,0,9,0,8,0,0,0,0,1,1,2,2,46,8,1749,1,14,-1,1,-1
2015471503436,1,9,0,9,0,1,0,0,0,0,4,1,6,2,18,4,1199,2,4,-1,1,-1
2015471503436,2,9,0,18,0,1,0,0,0,0,1,1,6,1,49,8,3456,1,3,-1,3,-1
2015471503436,3,9,0,3,0,1,0,0,0,0,1,1,3,2,50,8,1797,8,1,-1,3,-1
2015471503437,1,9,0,18,0,6,0,0,0,0,1,1,6,1,72,10,1968,2,-1,-1,1,-1
2015471503437,2,9,0,18,0,8,0,0,0,0,1,1,6,1,33,6,1968,2,5,-1,1,-1
2015471503437,3,9,0,4,0,1,0,0,0,0,1,1,1,1,79,11,2143,2,4,-1,1,-1
2015471503438,1,9,0,9,0,1,0,0,0,0,1,1,1,1,52,8,1595,1,-1,-1,-1,-1
2015471503438,2,9,0,18,0,1,0,0,0,0,1,1,6,2,66,10,1468,1,11,-1,3,-1
2015471503439,1,9,0,4,0,2,0,0,0,0,1,1,2,1,67,10,1596,1,3,-1,-1,-1
2015471503439,2,9,0,3,0,2,0,0,0,0,2,1,6,2,35,6,1999,1,9,-1,-1,-1
2015471503444,1,17,4,9,0,1,0,0,0,0,3,1,1,1,23,5,4400,2,2,-1,3,-1
2015471503444,2,9,0,18,0,1,0,0,1,0,1,1,6,1,55,8,2993,2,2,-1,1,-1
2015471503445,1,19,0,9,0,6,0,0,0,0,1,1,1,1,24,5,2198,2,3,-1,1,-1
2015471503445,2,9,0,18,0,8,0,0,0,0,4,1,6,2,42,7,1995,2,1,-1,3,-1
2015471503447,1,9,0,18,0,0,0,0,0,0,4,1,6,2,45,7,1560,2,-1,-1,1,-1
2015471503448,1,9,0,18,0,1,0,0,0,0,1,1,2,1,57,9,2143,2,-1,-1,1,-1
2015471503451,1,9,0,5,8,2,0,0,0,0,1,1,6,1,30,6,1994,1,17,-1,-1,-1
2015471503451,2,9,0,18,0,2,0,0,0,0,4,1,6,2,46,8,1997,1,10,-1,1,-1
2015471503453,1,9,0,5,0,6,0,0,0,0,2,1,6,1,70,10,1984,1,21,-1,3,-1
2015471503453,2,5,0,18,0,1,1,0,1,10,1,1,6,1,24,5,1000,1,18,-1,2,-1
2015471503455,1,9,0,18,0,8,0,0,0,0,1,1,6,2,45,7,1596,1,12,-1,1,-1
2015471503455,2,9,0,10,0,8,0,0,0,0,1,1,6,1,21,5,2000,1,7,-1,1,-1
2015471503456,1,9,0,17,0,8,0,0,1,1,1,1,6,2,65,9,1596,1,1,-1,2,-1
2015471503457,1,3,0,18,0,0,0,0,5,4,1,1,6,1,30,6,124,1,10,-1,1,-1
2015471503461,1,9,0,9,0,1,0,0,0,0,3,1,6,2,44,7,2401,2,7,-1,1,-1
2015471503461,2,1,0,14,0,1,0,0,0,0,4,1,2,1,31,6,-1,-1,-1,-1,1,-1
2015471503462,1,9,0,5,8,2,0,0,0,0,2,1,1,1,23,5,1198,1,1,-1,1,-1
2015471503462,2,3,0,18,0,2,0,0,0,0,1,1,6,1,20,4,125,1,-1,-1,1,-1
2015471503463,1,9,0,1,0,6,0,0,0,0,2,1,6,1,68,10,1461,2,10,-1,1,-1
2015471503463,2,9,0,2,0,1,0,0,0,0,3,1,6,2,24,5,998,1,2,-1,1,-1
2015471503467,1,9,0,9,0,6,0,0,0,0,3,1,6,2,80,11,1242,1,3,-1,1,-1
2015471503467,2,9,0,9,0,5,0,0,0,0,3,1,6,2,61,9,1198,1,5,-1,2,-1
2015471503468,1,9,0,16,0,0,2,0,7,0,4,1,6,2,50,8,1597,1,11,-1,1,-1
2015471503468,2,9,0,17,0,0,1,0,0,0,1,1,6,1,27,6,1590,1,15,-1,1,-1
2015471503469,1,9,0,18,0,1,0,0,0,0,1,1,6,1,41,7,1598,1,9,-1,1,-1
2015471503469,2,9,0,18,0,1,0,0,0,0,2,1,6,1,45,7,998,1,-1,-1,1,-1
2015471503469,3,9,0,18,0,1,0,0,0,0,2,1,6,1,34,6,1299,1,17,-1,1,-1
2015471503469,4,9,0,18,0,1,0,0,0,0,2,1,6,2,58,9,1995,2,3,-1,-1,-1
2015471503469,5,9,0,18,0,1,0,0,0,0,2,1,6,1,67,10,1598,2,2,-1,1,-1
2015471503470,1,4,0,18,0,6,0,10,0,0,4,1,6,2,78,11,125,1,13,-1,3,-1
2015471503472,1,9,0,9,0,8,0,0,0,0,3,1,6,1,18,4,1229,1,9,-1,1,-1
2015471503472,2,4,0,18,0,8,0,0,0,0,1,1,6,1,53,8,1198,1,16,-1,1,-1
2015471503473,1,11,0,4,0,0,0,0,0,0,0,1,1,2,43,7,5132,2,-1,-1,1,-1
2015471503473,2,9,0,4,0,0,0,0,0,0,0,1,6,3,-1,-1,-1,-1,-1,-1,-1,-1
2015471503473,3,9,0,4,0,0,0,0,0,0,0,1,6,3,-1,-1,-1,-1,-1,-1,-1,-1
2015471503473,4,9,0,4,0,0,0,0,0,0,0,1,6,3,-1,-1,-1,-1,-1,-1,-1,-1
2015471503474,1,16,0,1,0,0,5,0,0,0,0,1,6,1,21,5,-1,-1,-1,-1,1,-1
2015471503474,2,9,0,17,0,0,1,0,0,0,0,1,6,1,37,7,1994,1,14,-1,3,-1
2015471503475,1,9,0,18,0,0,2,0,0,10,4,1,6,1,46,8,1798,1,-1,-1,3,-1
2015471503475,2,9,0,18,0,0,0,0,0,0,0,1,6,2,44,7,1598,2,3,-1,3,-1
2015471503477,1,1,0,18,0,1,0,0,0,0,1,1,6,1,47,8,-1,-1,-1,-1,1,-1
2015471503479,1,9,0,17,0,0,5,0,0,0,1,1,6,1,20,4,2495,2,31,-1,1,-1
2015471503479,2,9,0,16,0,0,0,0,0,0,1,1,6,2,68,10,998,1,1,-1,2,-1
2015471503479,3,9,0,17,0,0,0,0,0,0,4,1,6,1,61,9,1598,2,2,-1,3,-1
2015471503480,1,9,0,18,0,1,0,0,7,4,1,1,6,2,38,7,1240,1,8,-1,1,-1
2015471503482,1,5,0,17,0,0,1,0,1,9,1,1,6,1,27,6,599,1,8,-1,1,-1
2015471503485,1,19,0,9,0,4,0,0,0,0,3,1,1,1,28,6,2198,2,1,-1,-1,-1
2015471503485,2,1,0,9,0,3,0,0,0,0,4,1,1,1,34,6,-1,-1,-1,-1,1,-1
2015471503486,1,5,0,18,0,0,0,0,1,0,0,1,6,1,23,5,749,1,18,-1,1,-1
2015471503488,1,9,0,4,0,0,0,0,1,0,3,1,2,2,24,5,988,1,23,-1,1,-1
2015471503488,2,9,0,3,0,0,0,0,0,0,2,1,2,1,40,7,1905,2,18,-1,1,-1
2015471503490,1,9,0,7,0,8,0,0,0,0,1,1,6,1,23,5,-1,-1,-1,-1,-1,-1
2015471503490,2,1,0,9,0,8,0,0,0,0,2,1,6,1,39,7,-1,-1,-1,-1,1,-1
2015471503492,1,9,0,18,0,0,0,0,0,0,1,1,6,2,51,8,998,1,1,-1,3,-1
2015471503492,2,9,0,18,0,0,0,0,0,0,2,1,6,1,43,7,1896,2,12,-1,1,-1
2015471503493,1,9,0,2,0,0,0,0,0,0,2,1,6,3,-1,-1,1595,1,9,-1,-1,-1
2015471503493,2,9,0,2,0,0,0,0,0,0,3,1,6,3,-1,-1,1299,1,14,-1,-1,-1
2015471503494,1,9,0,18,0,0,0,0,0,0,1,1,6,1,68,10,1769,1,12,-1,1,-1
2015471503494,2,19,0,2,0,0,0,0,0,0,1,1,6,3,-1,-1,2461,2,5,-1,-1,-1
2015471503494,3,9,0,2,0,0,0,0,0,0,2,1,6,3,-1,-1,998,1,7,-1,-1,-1
2015471503499,1,1,0,18,9,1,0,0,0,0,2,1,1,1,23,5,-1,-1,-1,-1,1,-1
2015471503499,2,1,0,7,0,5,1,0,1,0,1,1,1,1,32,6,-1,-1,-1,-1,1,-1
2015471503500,1,9,0,9,0,8,0,0,0,0,4,1,6,1,28,6,1596,1,12,-1,1,-1
2015471503500,2,9,0,18,0,8,0,0,0,0,1,1,6,1,25,5,1998,1,17,-1,1,-1
2015471503500,3,9,0,3,0,1,0,0,0,0,4,1,6,2,44,7,1995,2,8,-1,1,-1
2015471503501,1,9,0,18,0,0,0,0,0,0,1,1,2,2,19,4,1124,1,12,-1,1,-1
2015471503501,2,9,0,18,0,0,0,0,0,0,2,1,6,2,47,8,1229,1,4,-1,1,-1
2015471503501,3,9,0,18,0,0,0,0,0,0,2,1,6,1,72,10,1796,1,12,-1,1,-1
2015471503501,4,9,0,18,0,0,0,0,0,0,2,1,6,2,32,6,1999,1,12,-1,1,-1
2015471503504,1,9,0,18,0,0,1,0,0,0,1,1,6,2,49,8,1240,1,11,-1,3,-1
2015471503504,2,9,0,18,0,0,0,0,0,0,1,1,6,2,56,9,2179,2,5,-1,-1,-1
2015471503506,1,9,0,18,0,0,0,0,0,0,1,1,6,2,77,11,1599,1,9,-1,-1,-1
2015471503507,1,9,0,18,0,0,0,0,0,0,1,1,6,1,59,9,1997,1,10,-1,2,-1
2015471503507,2,19,0,18,0,0,0,0,0,0,2,1,1,1,40,7,1753,2,9,-1,1,-1
2015471503507,3,9,0,18,0,0,0,0,0,0,2,1,2,1,55,8,1988,1,14,-1,1,-1
2015471503510,1,3,0,16,0,1,0,0,0,0,1,1,6,1,17,4,124,1,3,-1,3,-1
2015471503510,2,9,0,7,0,6,0,0,0,0,3,1,1,2,64,9,1956,2,1,-1,1,-1
2015471503510,3,19,0,18,0,1,0,0,0,0,1,1,1,1,48,8,2143,2,4,-1,1,-1
2015471503513,1,9,0,9,0,8,0,0,0,0,1,1,6,2,28,6,1870,2,11,-1,2,-1
2015471503513,2,9,0,18,0,1,0,0,0,0,1,1,6,1,77,11,1596,1,11,-1,1,-1
2015471503517,1,9,0,9,0,8,0,0,0,0,4,1,6,1,19,4,1242,1,9,-1,1,-1
2015471503517,2,20,0,5,0,8,0,0,0,0,1,1,1,1,30,6,2287,2,-1,-1,1,-1
2015471503518,1,4,0,16,0,1,0,0,0,0,4,1,6,1,19,4,124,1,16,-1,1,-1
2015471503521,1,9,0,18,0,8,0,0,3,0,4,1,1,1,24,5,1242,1,9,-1,1,-1
2015471503521,2,9,0,18,0,8,0,0,0,0,1,1,6,2,23,5,1390,1,8,-1,1,-1
2015471503522,1,9,0,18,0,8,0,0,0,0,1,1,6,1,30,6,1749,1,13,-1,1,-1
2015471503522,2,1,0,18,0,2,0,0,0,0,1,1,6,1,39,7,-1,-1,-1,-1,1,-1
2015471503523,1,9,0,18,0,1,0,0,0,0,1,1,3,2,64,9,1596,1,6,-1,1,-1
2015471503524,1,5,0,18,0,1,1,0,1,0,4,1,6,1,32,6,749,1,4,-1,1,-1
2015471503526,1,9,0,9,0,2,0,0,0,0,3,1,1,1,53,8,998,1,8,-1,1,-1
2015471503526,2,3,0,13,0,2,0,0,0,0,1,1,2,1,38,7,125,1,1,-1,1,-1
2015471503526,3,19,0,4,0,1,0,0,0,0,0,1,6,3,-1,-1,-1,-1,-1,-1,-1,-1
2015471503528,1,2,0,4,0,0,0,0,0,0,1,1,6,1,23,5,-1,-1,-1,-1,-1,-1
2015471503528,2,19,0,4,0,0,0,0,0,0,2,1,1,1,35,6,-1,-1,-1,-1,1,-1
2015471503533,1,9,0,18,0,8,0,0,0,0,1,1,6,3,-1,-1,1956,2,3,-1,-1,-1
2015471503533,2,9,0,18,0,8,0,7,0,0,2,1,6,1,29,6,1995,2,7,-1,1,-1
2015471503534,1,9,0,9,0,6,0,0,0,0,1,1,6,1,87,11,1796,1,11,-1,2,-1
2015471503534,2,9,0,18,0,1,0,0,0,0,3,1,6,2,41,7,1595,2,5,-1,3,-1
2015471503539,1,1,0,18,5,2,0,0,0,0,1,1,6,1,51,8,-1,-1,-1,-1,1,-1
2015471503539,2,9,0,2,9,2,0,0,0,0,0,1,6,1,62,9,1598,1,14,-1,1,-1
2015471503540,1,9,0,18,0,1,0,0,0,0,1,1,6,2,67,10,998,1,3,-1,1,-1
2015471503540,2,9,0,9,0,1,0,0,0,0,2,1,6,1,31,6,1749,1,11,-1,2,-1
2015471503540,3,9,0,18,0,1,0,0,0,0,1,1,6,1,72,10,1598,1,10,-1,1,-1
2015471503541,1,3,0,18,0,0,1,0,0,0,1,1,6,1,19,4,125,1,1,-1,2,-1
2015471503541,2,9,0,18,0,0,0,0,0,0,2,1,6,1,80,11,1753,2,7,-1,1,-1
2015471503543,1,9,0,17,0,0,0,0,1,2,1,1,6,1,19,4,1900,2,9,-1,1,-1
2015471503545,1,9,0,7,0,5,0,0,0,0,1,1,6,1,40,7,1984,1,9,-1,1,-1
2015471503545,2,1,0,18,4,1,0,0,0,0,1,1,6,1,40,7,-1,-1,-1,-1,1,-1
2015471503549,1,8,0,9,0,6,0,0,0,0,3,1,6,1,41,7,1560,2,3,-1,1,-1
2015471503549,2,1,0,13,0,8,0,0,0,0,1,1,2,2,29,6,-1,-1,-1,-1,1,-1
2015471503550,1,9,0,9,0,8,0,0,0,0,4,1,6,2,22,5,1598,1,7,-1,3,-1
2015471503550,2,1,0,18,0,1,0,0,0,0,1,1,6,1,68,10,-1,-1,-1,-1,3,-1
2015471503551,1,9,0,16,0,0,0,0,0,0,1,1,6,1,69,10,1910,2,10,-1,3,-1
2015471503551,2,11,0,17,0,0,1,0,0,0,1,1,1,1,35,6,5132,2,-1,-1,1,-1
2015471503552,1,9,0,5,0,6,0,0,0,0,4,1,6,2,27,6,1598,1,5,-1,1,-1
2015471503552,2,9,0,18,0,1,1,0,0,0,1,1,6,1,29,6,1149,1,18,-1,3,-1
2015471503553,1,11,0,4,0,0,0,0,0,0,0,1,1,1,46,8,9000,2,6,-1,1,-1
2015471503554,1,5,0,17,0,0,1,0,1,0,1,1,6,1,46,8,988,1,14,-1,1,-1
2015471503556,1,9,0,18,0,0,0,0,0,0,1,1,1,2,22,5,1596,1,8,-1,1,-1
2015471503556,2,9,0,3,0,0,0,0,0,0,2,1,6,2,39,7,1360,1,9,-1,1,-1
2015471503558,1,9,0,9,0,8,0,0,0,0,0,1,6,3,-1,-1,-1,-1,-1,-1,-1,-1